Node,Operation,src0,src1,Layer,Vector ID,Segment ID,Group ID,Vector Len,Type,Children,Wait_to_load,mask,GPR Addr,Mem Addr,importance
0,root,,,0,,,-1,0,None,"1, 3, 5, 7, 9, 11, 13, 15, 72, 74, 76, 78, 80, 82, 84, 86, 143, 145, 147, 149, 151, 153, 155, 157, 214, 216, 218, 220, 222, 224, 226, 228, 285, 287, 289, 291, 293, 295, 297, 299, 356, 358, 360, 362, 364, 366, 368, 370, 427, 429, 431, 433, 435, 437, 439, 441, 498, 500, 502, 504, 506, 508, 510, 512, 569, 571, 573, 575, 577, 579, 581, 583, 640, 642, 644, 646, 648, 650, 652, 654, 711, 713, 715, 717, 719, 721, 723, 725, 782, 784, 786, 788, 790, 792, 794, 796, 853, 855, 857, 859, 861, 863, 865, 867, 924, 926, 928, 930, 932, 934, 936, 938, 995, 997, 999, 1001, 1003, 1005, 1007, 1009, 1066, 1068, 1070, 1072, 1074, 1076, 1078, 1080, 1137, 1139, 1141, 1143, 1145, 1147, 1149, 1151, 1208, 1210, 1212, 1214, 1216, 1218, 1220, 1222, 1279, 1281, 1283, 1285, 1287, 1289, 1291, 1293, 1350, 1352, 1354, 1356, 1358, 1360, 1362, 1364, 1421, 1423, 1425, 1427, 1429, 1431, 1433, 1435, 1492, 1494, 1496, 1498, 1500, 1502, 1504, 1506, 1563, 1565, 1567, 1569, 1571, 1573, 1575, 1577, 1634, 1636, 1638, 1640, 1642, 1644, 1646, 1648, 1705, 1707, 1709, 1711, 1713, 1715, 1717, 1719, 1776, 1778, 1780, 1782, 1784, 1786, 1788, 1790, 1847, 1849, 1851, 1853, 1855, 1857, 1859, 1861, 1918, 1920, 1922, 1924, 1926, 1928, 1930, 1932, 1989, 1991, 1993, 1995, 1997, 1999, 2001, 2003, 2060, 2062, 2064, 2066, 2068, 2070, 2072, 2074, 2131, 2133, 2135, 2137, 2139, 2141, 2143, 2145, 2202, 2204, 2206, 2208, 2210, 2212, 2214, 2216, 2273, 2275, 2277, 2279, 2281, 2283, 2285, 2287, 2344, 2346, 2348, 2350, 2352, 2354, 2356, 2358, 2415, 2417, 2419, 2421, 2423, 2425, 2427, 2429, 2486, 2488, 2490, 2492, 2494, 2496, 2498, 2500, 2557, 2559, 2561, 2563, 2565, 2567, 2569, 2571, 2628, 2630, 2632, 2634, 2636, 2638, 2640, 2642, 2699, 2701, 2703, 2705, 2707, 2709, 2711, 2713, 2770, 2772, 2774, 2776, 2778, 2780, 2782, 2784, 2841, 2843, 2845, 2847, 2849, 2851, 2853, 2855, 2912, 2914, 2916, 2918, 2920, 2922, 2924, 2926, 2983, 2985, 2987, 2989, 2991, 2993, 2995, 2997, 3054, 3056, 3058, 3060, 3062, 3064, 3066, 3068, 3125, 3127, 3129, 3131, 3133, 3135, 3137, 3139, 3196, 3198, 3200, 3202, 3204, 3206, 3208, 3210, 3267, 3269, 3271, 3273, 3275, 3277, 3279, 3281, 3338, 3340, 3342, 3344, 3346, 3348, 3350, 3352, 3409, 3411, 3413, 3415, 3417, 3419, 3421, 3423, 3480, 3482, 3484, 3486, 3488, 3490, 3492, 3494, 3551, 3553, 3555, 3557, 3559, 3561, 3563, 3565, 3622, 3624, 3626, 3628, 3630, 3632, 3634, 3636, 3693, 3695, 3697, 3699, 3701, 3703, 3705, 3707, 3764, 3766, 3768, 3770, 3772, 3774, 3776, 3778, 3835, 3837, 3839, 3841, 3843, 3845, 3847, 3849, 3906, 3908, 3910, 3912, 3914, 3916, 3918, 3920, 3977, 3979, 3981, 3983, 3985, 3987, 3989, 3991, 4048, 4050, 4052, 4054, 4056, 4058, 4060, 4062, 4119, 4121, 4123, 4125, 4127, 4129, 4131, 4133, 4190, 4192, 4194, 4196, 4198, 4200, 4202, 4204, 4261, 4263, 4265, 4267, 4269, 4271, 4273, 4275, 4332, 4334, 4336, 4338, 4340, 4342, 4344, 4346, 4403, 4405, 4407, 4409, 4411, 4413, 4415, 4417, 4474, 4476, 4478, 4480, 4482, 4484, 4486, 4488",False,0,,,0
1,load,0,,1,0.0,0,0,256,Vector,"2, 24",True,0,0,0,-1
2,reduce_max,1,,2,0.0,0,0,1,Scalar,17,False,0,0,,-2
3,load,1,,1,0.0,1,0,256,Vector,"4, 27",True,0,1,1,-3
4,reduce_max,3,,2,0.0,1,0,1,Scalar,17,False,0,1,,-4
5,load,2,,1,0.0,2,0,256,Vector,"6, 30",True,0,2,2,-5
6,reduce_max,5,,2,0.0,2,0,1,Scalar,18,False,0,2,,-6
7,load,3,,1,0.0,3,0,256,Vector,"8, 33",True,0,3,3,-7
8,reduce_max,7,,2,0.0,3,0,1,Scalar,18,False,0,3,,-8
9,load,4,,1,0.0,4,0,256,Vector,"10, 36",True,0,4,4,-9
10,reduce_max,9,,2,0.0,4,0,1,Scalar,19,False,0,4,,-10
11,load,5,,1,0.0,5,0,256,Vector,"12, 39",True,0,5,5,-11
12,reduce_max,11,,2,0.0,5,0,1,Scalar,19,False,0,5,,-12
13,load,6,,1,0.0,6,0,256,Vector,"14, 42",True,0,6,6,-13
14,reduce_max,13,,2,0.0,6,0,1,Scalar,20,False,0,6,,-14
15,load,7,,1,0.0,7,0,256,Vector,"16, 45",True,0,7,7,-15
16,reduce_max,15,,2,0.0,7,0,1,Scalar,20,False,0,7,,-16
17,max,2,4,3,0.0,,0,1,Scalar,21,False,0,8,,-17
18,max,6,8,3,0.0,,0,1,Scalar,21,False,0,9,,-18
19,max,10,12,3,0.0,,0,1,Scalar,22,False,0,10,,-19
20,max,14,16,3,0.0,,0,1,Scalar,22,False,0,11,,-20
21,max,17,18,4,0.0,,0,1,Scalar,23,False,0,12,,-21
22,max,19,20,4,0.0,,0,1,Scalar,23,False,0,13,,-22
23,max,21,22,5,0.0,,0,1,Scalar,"24, 27, 30, 33, 36, 39, 42, 45",False,0,14,,-23
24,sub,1,23,6,0.0,0,0,256,Vector,"25, 56",False,0,8,,-24
25,exp,24,,7,0.0,0,0,256,Vector,26,False,0,9,,-25
26,reduce_sum,25,,8,0.0,0,0,1,Scalar,48,False,0,15,,-26
27,sub,3,23,6,0.0,1,0,256,Vector,"28, 58",False,0,10,,-27
28,exp,27,,7,0.0,1,0,256,Vector,29,False,0,11,,-28
29,reduce_sum,28,,8,0.0,1,0,1,Scalar,48,False,0,16,,-29
30,sub,5,23,6,0.0,2,0,256,Vector,"31, 60",False,0,12,,-30
31,exp,30,,7,0.0,2,0,256,Vector,32,False,0,13,,-31
32,reduce_sum,31,,8,0.0,2,0,1,Scalar,49,False,0,17,,-32
33,sub,7,23,6,0.0,3,0,256,Vector,"34, 62",False,0,14,,-33
34,exp,33,,7,0.0,3,0,256,Vector,35,False,0,15,,-34
35,reduce_sum,34,,8,0.0,3,0,1,Scalar,49,False,0,18,,-35
36,sub,9,23,6,0.0,4,0,256,Vector,"37, 64",False,0,16,,-36
37,exp,36,,7,0.0,4,0,256,Vector,38,False,0,17,,-37
38,reduce_sum,37,,8,0.0,4,0,1,Scalar,50,False,0,19,,-38
39,sub,11,23,6,0.0,5,0,256,Vector,"40, 66",False,0,18,,-39
40,exp,39,,7,0.0,5,0,256,Vector,41,False,0,19,,-40
41,reduce_sum,40,,8,0.0,5,0,1,Scalar,50,False,0,20,,-41
42,sub,13,23,6,0.0,6,0,256,Vector,"43, 68",False,0,20,,-42
43,exp,42,,7,0.0,6,0,256,Vector,44,False,0,21,,-43
44,reduce_sum,43,,8,0.0,6,0,1,Scalar,51,False,0,21,,-44
45,sub,15,23,6,0.0,7,0,256,Vector,"46, 70",False,0,22,,-45
46,exp,45,,7,0.0,7,0,256,Vector,47,False,0,23,,-46
47,reduce_sum,46,,8,0.0,7,0,1,Scalar,51,False,0,22,,-47
48,add,26,29,9,0.0,,0,1,Scalar,52,False,0,23,,-48
49,add,32,35,9,0.0,,0,1,Scalar,52,False,0,24,,-49
50,add,38,41,9,0.0,,0,1,Scalar,53,False,0,25,,-50
51,add,44,47,9,0.0,,0,1,Scalar,53,False,0,26,,-51
52,add,48,49,10,0.0,,0,1,Scalar,54,False,0,27,,-52
53,add,50,51,10,0.0,,0,1,Scalar,54,False,0,28,,-53
54,add,52,53,11,0.0,,0,1,Scalar,55,False,0,29,,-54
55,ln,54,,12,0.0,,0,1,Scalar,"56, 58, 60, 62, 64, 66, 68, 70",False,0,30,,-55
56,sub,24,55,13,0.0,0,0,256,Vector,57,False,0,24,,-56
57,store,56,0,14,0.0,0,0,256,Vector,,False,0,,0,-57
58,sub,27,55,13,0.0,1,0,256,Vector,59,False,0,25,,-58
59,store,58,1,14,0.0,1,0,256,Vector,,False,0,,1,-59
60,sub,30,55,13,0.0,2,0,256,Vector,61,False,0,26,,-60
61,store,60,2,14,0.0,2,0,256,Vector,,False,0,,2,-61
62,sub,33,55,13,0.0,3,0,256,Vector,63,False,0,27,,-62
63,store,62,3,14,0.0,3,0,256,Vector,,False,0,,3,-63
64,sub,36,55,13,0.0,4,0,256,Vector,65,False,0,28,,-64
65,store,64,4,14,0.0,4,0,256,Vector,,False,0,,4,-65
66,sub,39,55,13,0.0,5,0,256,Vector,67,False,0,29,,-66
67,store,66,5,14,0.0,5,0,256,Vector,,False,0,,5,-67
68,sub,42,55,13,0.0,6,0,256,Vector,69,False,0,30,,-68
69,store,68,6,14,0.0,6,0,256,Vector,,False,0,,6,-69
70,sub,45,55,13,0.0,7,0,256,Vector,71,False,0,31,,-70
71,store,70,7,14,0.0,7,0,256,Vector,,False,0,,7,-71
72,load,8,,1,1.0,0,1,256,Vector,"73, 95",True,0,32,8,-72
73,reduce_max,72,,2,1.0,0,1,1,Scalar,88,False,0,31,,-73
74,load,9,,1,1.0,1,1,256,Vector,"75, 98",True,0,33,9,-74
75,reduce_max,74,,2,1.0,1,1,1,Scalar,88,False,0,32,,-75
76,load,10,,1,1.0,2,1,256,Vector,"77, 101",True,0,34,10,-76
77,reduce_max,76,,2,1.0,2,1,1,Scalar,89,False,0,33,,-77
78,load,11,,1,1.0,3,1,256,Vector,"79, 104",True,0,35,11,-78
79,reduce_max,78,,2,1.0,3,1,1,Scalar,89,False,0,34,,-79
80,load,12,,1,1.0,4,1,256,Vector,"81, 107",True,0,36,12,-80
81,reduce_max,80,,2,1.0,4,1,1,Scalar,90,False,0,35,,-81
82,load,13,,1,1.0,5,1,256,Vector,"83, 110",True,0,37,13,-82
83,reduce_max,82,,2,1.0,5,1,1,Scalar,90,False,0,36,,-83
84,load,14,,1,1.0,6,1,256,Vector,"85, 113",True,0,38,14,-84
85,reduce_max,84,,2,1.0,6,1,1,Scalar,91,False,0,37,,-85
86,load,15,,1,1.0,7,1,256,Vector,"87, 116",True,0,39,15,-86
87,reduce_max,86,,2,1.0,7,1,1,Scalar,91,False,0,38,,-87
88,max,73,75,3,1.0,,1,1,Scalar,92,False,0,39,,-88
89,max,77,79,3,1.0,,1,1,Scalar,92,False,0,40,,-89
90,max,81,83,3,1.0,,1,1,Scalar,93,False,0,41,,-90
91,max,85,87,3,1.0,,1,1,Scalar,93,False,0,42,,-91
92,max,88,89,4,1.0,,1,1,Scalar,94,False,0,43,,-92
93,max,90,91,4,1.0,,1,1,Scalar,94,False,0,44,,-93
94,max,92,93,5,1.0,,1,1,Scalar,"95, 98, 101, 104, 107, 110, 113, 116",False,0,45,,-94
95,sub,72,94,6,1.0,0,1,256,Vector,"96, 127",False,0,40,,-95
96,exp,95,,7,1.0,0,1,256,Vector,97,False,0,41,,-96
97,reduce_sum,96,,8,1.0,0,1,1,Scalar,119,False,0,46,,-97
98,sub,74,94,6,1.0,1,1,256,Vector,"99, 129",False,0,42,,-98
99,exp,98,,7,1.0,1,1,256,Vector,100,False,0,43,,-99
100,reduce_sum,99,,8,1.0,1,1,1,Scalar,119,False,0,47,,-100
101,sub,76,94,6,1.0,2,1,256,Vector,"102, 131",False,0,44,,-101
102,exp,101,,7,1.0,2,1,256,Vector,103,False,0,45,,-102
103,reduce_sum,102,,8,1.0,2,1,1,Scalar,120,False,0,48,,-103
104,sub,78,94,6,1.0,3,1,256,Vector,"105, 133",False,0,46,,-104
105,exp,104,,7,1.0,3,1,256,Vector,106,False,0,47,,-105
106,reduce_sum,105,,8,1.0,3,1,1,Scalar,120,False,0,49,,-106
107,sub,80,94,6,1.0,4,1,256,Vector,"108, 135",False,0,48,,-107
108,exp,107,,7,1.0,4,1,256,Vector,109,False,0,49,,-108
109,reduce_sum,108,,8,1.0,4,1,1,Scalar,121,False,0,50,,-109
110,sub,82,94,6,1.0,5,1,256,Vector,"111, 137",False,0,50,,-110
111,exp,110,,7,1.0,5,1,256,Vector,112,False,0,51,,-111
112,reduce_sum,111,,8,1.0,5,1,1,Scalar,121,False,0,51,,-112
113,sub,84,94,6,1.0,6,1,256,Vector,"114, 139",False,0,52,,-113
114,exp,113,,7,1.0,6,1,256,Vector,115,False,0,53,,-114
115,reduce_sum,114,,8,1.0,6,1,1,Scalar,122,False,0,52,,-115
116,sub,86,94,6,1.0,7,1,256,Vector,"117, 141",False,0,54,,-116
117,exp,116,,7,1.0,7,1,256,Vector,118,False,0,55,,-117
118,reduce_sum,117,,8,1.0,7,1,1,Scalar,122,False,0,53,,-118
119,add,97,100,9,1.0,,1,1,Scalar,123,False,0,54,,-119
120,add,103,106,9,1.0,,1,1,Scalar,123,False,0,55,,-120
121,add,109,112,9,1.0,,1,1,Scalar,124,False,0,56,,-121
122,add,115,118,9,1.0,,1,1,Scalar,124,False,0,57,,-122
123,add,119,120,10,1.0,,1,1,Scalar,125,False,0,58,,-123
124,add,121,122,10,1.0,,1,1,Scalar,125,False,0,59,,-124
125,add,123,124,11,1.0,,1,1,Scalar,126,False,0,60,,-125
126,ln,125,,12,1.0,,1,1,Scalar,"127, 129, 131, 133, 135, 137, 139, 141",False,0,61,,-126
127,sub,95,126,13,1.0,0,1,256,Vector,128,False,0,56,,-127
128,store,127,8,14,1.0,0,1,256,Vector,,False,0,,8,-128
129,sub,98,126,13,1.0,1,1,256,Vector,130,False,0,57,,-129
130,store,129,9,14,1.0,1,1,256,Vector,,False,0,,9,-130
131,sub,101,126,13,1.0,2,1,256,Vector,132,False,0,58,,-131
132,store,131,10,14,1.0,2,1,256,Vector,,False,0,,10,-132
133,sub,104,126,13,1.0,3,1,256,Vector,134,False,0,59,,-133
134,store,133,11,14,1.0,3,1,256,Vector,,False,0,,11,-134
135,sub,107,126,13,1.0,4,1,256,Vector,136,False,0,60,,-135
136,store,135,12,14,1.0,4,1,256,Vector,,False,0,,12,-136
137,sub,110,126,13,1.0,5,1,256,Vector,138,False,0,61,,-137
138,store,137,13,14,1.0,5,1,256,Vector,,False,0,,13,-138
139,sub,113,126,13,1.0,6,1,256,Vector,140,False,0,62,,-139
140,store,139,14,14,1.0,6,1,256,Vector,,False,0,,14,-140
141,sub,116,126,13,1.0,7,1,256,Vector,142,False,0,63,,-141
142,store,141,15,14,1.0,7,1,256,Vector,,False,0,,15,-142
143,load,16,,1,2.0,0,2,256,Vector,"144, 166",True,0,64,16,-143
144,reduce_max,143,,2,2.0,0,2,1,Scalar,159,False,0,62,,-144
145,load,17,,1,2.0,1,2,256,Vector,"146, 169",True,0,65,17,-145
146,reduce_max,145,,2,2.0,1,2,1,Scalar,159,False,0,63,,-146
147,load,18,,1,2.0,2,2,256,Vector,"148, 172",True,0,66,18,-147
148,reduce_max,147,,2,2.0,2,2,1,Scalar,160,False,0,64,,-148
149,load,19,,1,2.0,3,2,256,Vector,"150, 175",True,0,67,19,-149
150,reduce_max,149,,2,2.0,3,2,1,Scalar,160,False,0,65,,-150
151,load,20,,1,2.0,4,2,256,Vector,"152, 178",True,0,68,20,-151
152,reduce_max,151,,2,2.0,4,2,1,Scalar,161,False,0,66,,-152
153,load,21,,1,2.0,5,2,256,Vector,"154, 181",True,0,69,21,-153
154,reduce_max,153,,2,2.0,5,2,1,Scalar,161,False,0,67,,-154
155,load,22,,1,2.0,6,2,256,Vector,"156, 184",True,0,70,22,-155
156,reduce_max,155,,2,2.0,6,2,1,Scalar,162,False,0,68,,-156
157,load,23,,1,2.0,7,2,256,Vector,"158, 187",True,0,71,23,-157
158,reduce_max,157,,2,2.0,7,2,1,Scalar,162,False,0,69,,-158
159,max,144,146,3,2.0,,2,1,Scalar,163,False,0,70,,-159
160,max,148,150,3,2.0,,2,1,Scalar,163,False,0,71,,-160
161,max,152,154,3,2.0,,2,1,Scalar,164,False,0,72,,-161
162,max,156,158,3,2.0,,2,1,Scalar,164,False,0,73,,-162
163,max,159,160,4,2.0,,2,1,Scalar,165,False,0,74,,-163
164,max,161,162,4,2.0,,2,1,Scalar,165,False,0,75,,-164
165,max,163,164,5,2.0,,2,1,Scalar,"166, 169, 172, 175, 178, 181, 184, 187",False,0,76,,-165
166,sub,143,165,6,2.0,0,2,256,Vector,"167, 198",False,0,72,,-166
167,exp,166,,7,2.0,0,2,256,Vector,168,False,0,73,,-167
168,reduce_sum,167,,8,2.0,0,2,1,Scalar,190,False,0,77,,-168
169,sub,145,165,6,2.0,1,2,256,Vector,"170, 200",False,0,74,,-169
170,exp,169,,7,2.0,1,2,256,Vector,171,False,0,75,,-170
171,reduce_sum,170,,8,2.0,1,2,1,Scalar,190,False,0,78,,-171
172,sub,147,165,6,2.0,2,2,256,Vector,"173, 202",False,0,76,,-172
173,exp,172,,7,2.0,2,2,256,Vector,174,False,0,77,,-173
174,reduce_sum,173,,8,2.0,2,2,1,Scalar,191,False,0,79,,-174
175,sub,149,165,6,2.0,3,2,256,Vector,"176, 204",False,0,78,,-175
176,exp,175,,7,2.0,3,2,256,Vector,177,False,0,79,,-176
177,reduce_sum,176,,8,2.0,3,2,1,Scalar,191,False,0,80,,-177
178,sub,151,165,6,2.0,4,2,256,Vector,"179, 206",False,0,80,,-178
179,exp,178,,7,2.0,4,2,256,Vector,180,False,0,81,,-179
180,reduce_sum,179,,8,2.0,4,2,1,Scalar,192,False,0,81,,-180
181,sub,153,165,6,2.0,5,2,256,Vector,"182, 208",False,0,82,,-181
182,exp,181,,7,2.0,5,2,256,Vector,183,False,0,83,,-182
183,reduce_sum,182,,8,2.0,5,2,1,Scalar,192,False,0,82,,-183
184,sub,155,165,6,2.0,6,2,256,Vector,"185, 210",False,0,84,,-184
185,exp,184,,7,2.0,6,2,256,Vector,186,False,0,85,,-185
186,reduce_sum,185,,8,2.0,6,2,1,Scalar,193,False,0,83,,-186
187,sub,157,165,6,2.0,7,2,256,Vector,"188, 212",False,0,86,,-187
188,exp,187,,7,2.0,7,2,256,Vector,189,False,0,87,,-188
189,reduce_sum,188,,8,2.0,7,2,1,Scalar,193,False,0,84,,-189
190,add,168,171,9,2.0,,2,1,Scalar,194,False,0,85,,-190
191,add,174,177,9,2.0,,2,1,Scalar,194,False,0,86,,-191
192,add,180,183,9,2.0,,2,1,Scalar,195,False,0,87,,-192
193,add,186,189,9,2.0,,2,1,Scalar,195,False,0,88,,-193
194,add,190,191,10,2.0,,2,1,Scalar,196,False,0,89,,-194
195,add,192,193,10,2.0,,2,1,Scalar,196,False,0,90,,-195
196,add,194,195,11,2.0,,2,1,Scalar,197,False,0,91,,-196
197,ln,196,,12,2.0,,2,1,Scalar,"198, 200, 202, 204, 206, 208, 210, 212",False,0,92,,-197
198,sub,166,197,13,2.0,0,2,256,Vector,199,False,0,88,,-198
199,store,198,16,14,2.0,0,2,256,Vector,,False,0,,16,-199
200,sub,169,197,13,2.0,1,2,256,Vector,201,False,0,89,,-200
201,store,200,17,14,2.0,1,2,256,Vector,,False,0,,17,-201
202,sub,172,197,13,2.0,2,2,256,Vector,203,False,0,90,,-202
203,store,202,18,14,2.0,2,2,256,Vector,,False,0,,18,-203
204,sub,175,197,13,2.0,3,2,256,Vector,205,False,0,91,,-204
205,store,204,19,14,2.0,3,2,256,Vector,,False,0,,19,-205
206,sub,178,197,13,2.0,4,2,256,Vector,207,False,0,92,,-206
207,store,206,20,14,2.0,4,2,256,Vector,,False,0,,20,-207
208,sub,181,197,13,2.0,5,2,256,Vector,209,False,0,93,,-208
209,store,208,21,14,2.0,5,2,256,Vector,,False,0,,21,-209
210,sub,184,197,13,2.0,6,2,256,Vector,211,False,0,94,,-210
211,store,210,22,14,2.0,6,2,256,Vector,,False,0,,22,-211
212,sub,187,197,13,2.0,7,2,256,Vector,213,False,0,95,,-212
213,store,212,23,14,2.0,7,2,256,Vector,,False,0,,23,-213
214,load,24,,1,3.0,0,3,256,Vector,"215, 237",True,0,96,24,-214
215,reduce_max,214,,2,3.0,0,3,1,Scalar,230,False,0,93,,-215
216,load,25,,1,3.0,1,3,256,Vector,"217, 240",True,0,97,25,-216
217,reduce_max,216,,2,3.0,1,3,1,Scalar,230,False,0,94,,-217
218,load,26,,1,3.0,2,3,256,Vector,"219, 243",True,0,98,26,-218
219,reduce_max,218,,2,3.0,2,3,1,Scalar,231,False,0,95,,-219
220,load,27,,1,3.0,3,3,256,Vector,"221, 246",True,0,99,27,-220
221,reduce_max,220,,2,3.0,3,3,1,Scalar,231,False,0,96,,-221
222,load,28,,1,3.0,4,3,256,Vector,"223, 249",True,0,100,28,-222
223,reduce_max,222,,2,3.0,4,3,1,Scalar,232,False,0,97,,-223
224,load,29,,1,3.0,5,3,256,Vector,"225, 252",True,0,101,29,-224
225,reduce_max,224,,2,3.0,5,3,1,Scalar,232,False,0,98,,-225
226,load,30,,1,3.0,6,3,256,Vector,"227, 255",True,0,102,30,-226
227,reduce_max,226,,2,3.0,6,3,1,Scalar,233,False,0,99,,-227
228,load,31,,1,3.0,7,3,256,Vector,"229, 258",True,0,103,31,-228
229,reduce_max,228,,2,3.0,7,3,1,Scalar,233,False,0,100,,-229
230,max,215,217,3,3.0,,3,1,Scalar,234,False,0,101,,-230
231,max,219,221,3,3.0,,3,1,Scalar,234,False,0,102,,-231
232,max,223,225,3,3.0,,3,1,Scalar,235,False,0,103,,-232
233,max,227,229,3,3.0,,3,1,Scalar,235,False,0,104,,-233
234,max,230,231,4,3.0,,3,1,Scalar,236,False,0,105,,-234
235,max,232,233,4,3.0,,3,1,Scalar,236,False,0,106,,-235
236,max,234,235,5,3.0,,3,1,Scalar,"237, 240, 243, 246, 249, 252, 255, 258",False,0,107,,-236
237,sub,214,236,6,3.0,0,3,256,Vector,"238, 269",False,0,104,,-237
238,exp,237,,7,3.0,0,3,256,Vector,239,False,0,105,,-238
239,reduce_sum,238,,8,3.0,0,3,1,Scalar,261,False,0,108,,-239
240,sub,216,236,6,3.0,1,3,256,Vector,"241, 271",False,0,106,,-240
241,exp,240,,7,3.0,1,3,256,Vector,242,False,0,107,,-241
242,reduce_sum,241,,8,3.0,1,3,1,Scalar,261,False,0,109,,-242
243,sub,218,236,6,3.0,2,3,256,Vector,"244, 273",False,0,108,,-243
244,exp,243,,7,3.0,2,3,256,Vector,245,False,0,109,,-244
245,reduce_sum,244,,8,3.0,2,3,1,Scalar,262,False,0,110,,-245
246,sub,220,236,6,3.0,3,3,256,Vector,"247, 275",False,0,110,,-246
247,exp,246,,7,3.0,3,3,256,Vector,248,False,0,111,,-247
248,reduce_sum,247,,8,3.0,3,3,1,Scalar,262,False,0,111,,-248
249,sub,222,236,6,3.0,4,3,256,Vector,"250, 277",False,0,112,,-249
250,exp,249,,7,3.0,4,3,256,Vector,251,False,0,113,,-250
251,reduce_sum,250,,8,3.0,4,3,1,Scalar,263,False,0,112,,-251
252,sub,224,236,6,3.0,5,3,256,Vector,"253, 279",False,0,114,,-252
253,exp,252,,7,3.0,5,3,256,Vector,254,False,0,115,,-253
254,reduce_sum,253,,8,3.0,5,3,1,Scalar,263,False,0,113,,-254
255,sub,226,236,6,3.0,6,3,256,Vector,"256, 281",False,0,116,,-255
256,exp,255,,7,3.0,6,3,256,Vector,257,False,0,117,,-256
257,reduce_sum,256,,8,3.0,6,3,1,Scalar,264,False,0,114,,-257
258,sub,228,236,6,3.0,7,3,256,Vector,"259, 283",False,0,118,,-258
259,exp,258,,7,3.0,7,3,256,Vector,260,False,0,119,,-259
260,reduce_sum,259,,8,3.0,7,3,1,Scalar,264,False,0,115,,-260
261,add,239,242,9,3.0,,3,1,Scalar,265,False,0,116,,-261
262,add,245,248,9,3.0,,3,1,Scalar,265,False,0,117,,-262
263,add,251,254,9,3.0,,3,1,Scalar,266,False,0,118,,-263
264,add,257,260,9,3.0,,3,1,Scalar,266,False,0,119,,-264
265,add,261,262,10,3.0,,3,1,Scalar,267,False,0,120,,-265
266,add,263,264,10,3.0,,3,1,Scalar,267,False,0,121,,-266
267,add,265,266,11,3.0,,3,1,Scalar,268,False,0,122,,-267
268,ln,267,,12,3.0,,3,1,Scalar,"269, 271, 273, 275, 277, 279, 281, 283",False,0,123,,-268
269,sub,237,268,13,3.0,0,3,256,Vector,270,False,0,120,,-269
270,store,269,24,14,3.0,0,3,256,Vector,,False,0,,24,-270
271,sub,240,268,13,3.0,1,3,256,Vector,272,False,0,121,,-271
272,store,271,25,14,3.0,1,3,256,Vector,,False,0,,25,-272
273,sub,243,268,13,3.0,2,3,256,Vector,274,False,0,122,,-273
274,store,273,26,14,3.0,2,3,256,Vector,,False,0,,26,-274
275,sub,246,268,13,3.0,3,3,256,Vector,276,False,0,123,,-275
276,store,275,27,14,3.0,3,3,256,Vector,,False,0,,27,-276
277,sub,249,268,13,3.0,4,3,256,Vector,278,False,0,124,,-277
278,store,277,28,14,3.0,4,3,256,Vector,,False,0,,28,-278
279,sub,252,268,13,3.0,5,3,256,Vector,280,False,0,125,,-279
280,store,279,29,14,3.0,5,3,256,Vector,,False,0,,29,-280
281,sub,255,268,13,3.0,6,3,256,Vector,282,False,0,126,,-281
282,store,281,30,14,3.0,6,3,256,Vector,,False,0,,30,-282
283,sub,258,268,13,3.0,7,3,256,Vector,284,False,0,127,,-283
284,store,283,31,14,3.0,7,3,256,Vector,,False,0,,31,-284
285,load,32,,1,4.0,0,4,256,Vector,"286, 308",True,0,128,32,-285
286,reduce_max,285,,2,4.0,0,4,1,Scalar,301,False,0,124,,-286
287,load,33,,1,4.0,1,4,256,Vector,"288, 311",True,0,129,33,-287
288,reduce_max,287,,2,4.0,1,4,1,Scalar,301,False,0,125,,-288
289,load,34,,1,4.0,2,4,256,Vector,"290, 314",True,0,130,34,-289
290,reduce_max,289,,2,4.0,2,4,1,Scalar,302,False,0,126,,-290
291,load,35,,1,4.0,3,4,256,Vector,"292, 317",True,0,131,35,-291
292,reduce_max,291,,2,4.0,3,4,1,Scalar,302,False,0,127,,-292
293,load,36,,1,4.0,4,4,256,Vector,"294, 320",True,0,132,36,-293
294,reduce_max,293,,2,4.0,4,4,1,Scalar,303,False,0,128,,-294
295,load,37,,1,4.0,5,4,256,Vector,"296, 323",True,0,133,37,-295
296,reduce_max,295,,2,4.0,5,4,1,Scalar,303,False,0,129,,-296
297,load,38,,1,4.0,6,4,256,Vector,"298, 326",True,0,134,38,-297
298,reduce_max,297,,2,4.0,6,4,1,Scalar,304,False,0,130,,-298
299,load,39,,1,4.0,7,4,256,Vector,"300, 329",True,0,135,39,-299
300,reduce_max,299,,2,4.0,7,4,1,Scalar,304,False,0,131,,-300
301,max,286,288,3,4.0,,4,1,Scalar,305,False,0,132,,-301
302,max,290,292,3,4.0,,4,1,Scalar,305,False,0,133,,-302
303,max,294,296,3,4.0,,4,1,Scalar,306,False,0,134,,-303
304,max,298,300,3,4.0,,4,1,Scalar,306,False,0,135,,-304
305,max,301,302,4,4.0,,4,1,Scalar,307,False,0,136,,-305
306,max,303,304,4,4.0,,4,1,Scalar,307,False,0,137,,-306
307,max,305,306,5,4.0,,4,1,Scalar,"308, 311, 314, 317, 320, 323, 326, 329",False,0,138,,-307
308,sub,285,307,6,4.0,0,4,256,Vector,"309, 340",False,0,136,,-308
309,exp,308,,7,4.0,0,4,256,Vector,310,False,0,137,,-309
310,reduce_sum,309,,8,4.0,0,4,1,Scalar,332,False,0,139,,-310
311,sub,287,307,6,4.0,1,4,256,Vector,"312, 342",False,0,138,,-311
312,exp,311,,7,4.0,1,4,256,Vector,313,False,0,139,,-312
313,reduce_sum,312,,8,4.0,1,4,1,Scalar,332,False,0,140,,-313
314,sub,289,307,6,4.0,2,4,256,Vector,"315, 344",False,0,140,,-314
315,exp,314,,7,4.0,2,4,256,Vector,316,False,0,141,,-315
316,reduce_sum,315,,8,4.0,2,4,1,Scalar,333,False,0,141,,-316
317,sub,291,307,6,4.0,3,4,256,Vector,"318, 346",False,0,142,,-317
318,exp,317,,7,4.0,3,4,256,Vector,319,False,0,143,,-318
319,reduce_sum,318,,8,4.0,3,4,1,Scalar,333,False,0,142,,-319
320,sub,293,307,6,4.0,4,4,256,Vector,"321, 348",False,0,144,,-320
321,exp,320,,7,4.0,4,4,256,Vector,322,False,0,145,,-321
322,reduce_sum,321,,8,4.0,4,4,1,Scalar,334,False,0,143,,-322
323,sub,295,307,6,4.0,5,4,256,Vector,"324, 350",False,0,146,,-323
324,exp,323,,7,4.0,5,4,256,Vector,325,False,0,147,,-324
325,reduce_sum,324,,8,4.0,5,4,1,Scalar,334,False,0,144,,-325
326,sub,297,307,6,4.0,6,4,256,Vector,"327, 352",False,0,148,,-326
327,exp,326,,7,4.0,6,4,256,Vector,328,False,0,149,,-327
328,reduce_sum,327,,8,4.0,6,4,1,Scalar,335,False,0,145,,-328
329,sub,299,307,6,4.0,7,4,256,Vector,"330, 354",False,0,150,,-329
330,exp,329,,7,4.0,7,4,256,Vector,331,False,0,151,,-330
331,reduce_sum,330,,8,4.0,7,4,1,Scalar,335,False,0,146,,-331
332,add,310,313,9,4.0,,4,1,Scalar,336,False,0,147,,-332
333,add,316,319,9,4.0,,4,1,Scalar,336,False,0,148,,-333
334,add,322,325,9,4.0,,4,1,Scalar,337,False,0,149,,-334
335,add,328,331,9,4.0,,4,1,Scalar,337,False,0,150,,-335
336,add,332,333,10,4.0,,4,1,Scalar,338,False,0,151,,-336
337,add,334,335,10,4.0,,4,1,Scalar,338,False,0,152,,-337
338,add,336,337,11,4.0,,4,1,Scalar,339,False,0,153,,-338
339,ln,338,,12,4.0,,4,1,Scalar,"340, 342, 344, 346, 348, 350, 352, 354",False,0,154,,-339
340,sub,308,339,13,4.0,0,4,256,Vector,341,False,0,152,,-340
341,store,340,32,14,4.0,0,4,256,Vector,,False,0,,32,-341
342,sub,311,339,13,4.0,1,4,256,Vector,343,False,0,153,,-342
343,store,342,33,14,4.0,1,4,256,Vector,,False,0,,33,-343
344,sub,314,339,13,4.0,2,4,256,Vector,345,False,0,154,,-344
345,store,344,34,14,4.0,2,4,256,Vector,,False,0,,34,-345
346,sub,317,339,13,4.0,3,4,256,Vector,347,False,0,155,,-346
347,store,346,35,14,4.0,3,4,256,Vector,,False,0,,35,-347
348,sub,320,339,13,4.0,4,4,256,Vector,349,False,0,156,,-348
349,store,348,36,14,4.0,4,4,256,Vector,,False,0,,36,-349
350,sub,323,339,13,4.0,5,4,256,Vector,351,False,0,157,,-350
351,store,350,37,14,4.0,5,4,256,Vector,,False,0,,37,-351
352,sub,326,339,13,4.0,6,4,256,Vector,353,False,0,158,,-352
353,store,352,38,14,4.0,6,4,256,Vector,,False,0,,38,-353
354,sub,329,339,13,4.0,7,4,256,Vector,355,False,0,159,,-354
355,store,354,39,14,4.0,7,4,256,Vector,,False,0,,39,-355
356,load,40,,1,5.0,0,5,256,Vector,"357, 379",True,0,160,40,-356
357,reduce_max,356,,2,5.0,0,5,1,Scalar,372,False,0,155,,-357
358,load,41,,1,5.0,1,5,256,Vector,"359, 382",True,0,161,41,-358
359,reduce_max,358,,2,5.0,1,5,1,Scalar,372,False,0,156,,-359
360,load,42,,1,5.0,2,5,256,Vector,"361, 385",True,0,162,42,-360
361,reduce_max,360,,2,5.0,2,5,1,Scalar,373,False,0,157,,-361
362,load,43,,1,5.0,3,5,256,Vector,"363, 388",True,0,163,43,-362
363,reduce_max,362,,2,5.0,3,5,1,Scalar,373,False,0,158,,-363
364,load,44,,1,5.0,4,5,256,Vector,"365, 391",True,0,164,44,-364
365,reduce_max,364,,2,5.0,4,5,1,Scalar,374,False,0,159,,-365
366,load,45,,1,5.0,5,5,256,Vector,"367, 394",True,0,165,45,-366
367,reduce_max,366,,2,5.0,5,5,1,Scalar,374,False,0,160,,-367
368,load,46,,1,5.0,6,5,256,Vector,"369, 397",True,0,166,46,-368
369,reduce_max,368,,2,5.0,6,5,1,Scalar,375,False,0,161,,-369
370,load,47,,1,5.0,7,5,256,Vector,"371, 400",True,0,167,47,-370
371,reduce_max,370,,2,5.0,7,5,1,Scalar,375,False,0,162,,-371
372,max,357,359,3,5.0,,5,1,Scalar,376,False,0,163,,-372
373,max,361,363,3,5.0,,5,1,Scalar,376,False,0,164,,-373
374,max,365,367,3,5.0,,5,1,Scalar,377,False,0,165,,-374
375,max,369,371,3,5.0,,5,1,Scalar,377,False,0,166,,-375
376,max,372,373,4,5.0,,5,1,Scalar,378,False,0,167,,-376
377,max,374,375,4,5.0,,5,1,Scalar,378,False,0,168,,-377
378,max,376,377,5,5.0,,5,1,Scalar,"379, 382, 385, 388, 391, 394, 397, 400",False,0,169,,-378
379,sub,356,378,6,5.0,0,5,256,Vector,"380, 411",False,0,168,,-379
380,exp,379,,7,5.0,0,5,256,Vector,381,False,0,169,,-380
381,reduce_sum,380,,8,5.0,0,5,1,Scalar,403,False,0,170,,-381
382,sub,358,378,6,5.0,1,5,256,Vector,"383, 413",False,0,170,,-382
383,exp,382,,7,5.0,1,5,256,Vector,384,False,0,171,,-383
384,reduce_sum,383,,8,5.0,1,5,1,Scalar,403,False,0,171,,-384
385,sub,360,378,6,5.0,2,5,256,Vector,"386, 415",False,0,172,,-385
386,exp,385,,7,5.0,2,5,256,Vector,387,False,0,173,,-386
387,reduce_sum,386,,8,5.0,2,5,1,Scalar,404,False,0,172,,-387
388,sub,362,378,6,5.0,3,5,256,Vector,"389, 417",False,0,174,,-388
389,exp,388,,7,5.0,3,5,256,Vector,390,False,0,175,,-389
390,reduce_sum,389,,8,5.0,3,5,1,Scalar,404,False,0,173,,-390
391,sub,364,378,6,5.0,4,5,256,Vector,"392, 419",False,0,176,,-391
392,exp,391,,7,5.0,4,5,256,Vector,393,False,0,177,,-392
393,reduce_sum,392,,8,5.0,4,5,1,Scalar,405,False,0,174,,-393
394,sub,366,378,6,5.0,5,5,256,Vector,"395, 421",False,0,178,,-394
395,exp,394,,7,5.0,5,5,256,Vector,396,False,0,179,,-395
396,reduce_sum,395,,8,5.0,5,5,1,Scalar,405,False,0,175,,-396
397,sub,368,378,6,5.0,6,5,256,Vector,"398, 423",False,0,180,,-397
398,exp,397,,7,5.0,6,5,256,Vector,399,False,0,181,,-398
399,reduce_sum,398,,8,5.0,6,5,1,Scalar,406,False,0,176,,-399
400,sub,370,378,6,5.0,7,5,256,Vector,"401, 425",False,0,182,,-400
401,exp,400,,7,5.0,7,5,256,Vector,402,False,0,183,,-401
402,reduce_sum,401,,8,5.0,7,5,1,Scalar,406,False,0,177,,-402
403,add,381,384,9,5.0,,5,1,Scalar,407,False,0,178,,-403
404,add,387,390,9,5.0,,5,1,Scalar,407,False,0,179,,-404
405,add,393,396,9,5.0,,5,1,Scalar,408,False,0,180,,-405
406,add,399,402,9,5.0,,5,1,Scalar,408,False,0,181,,-406
407,add,403,404,10,5.0,,5,1,Scalar,409,False,0,182,,-407
408,add,405,406,10,5.0,,5,1,Scalar,409,False,0,183,,-408
409,add,407,408,11,5.0,,5,1,Scalar,410,False,0,184,,-409
410,ln,409,,12,5.0,,5,1,Scalar,"411, 413, 415, 417, 419, 421, 423, 425",False,0,185,,-410
411,sub,379,410,13,5.0,0,5,256,Vector,412,False,0,184,,-411
412,store,411,40,14,5.0,0,5,256,Vector,,False,0,,40,-412
413,sub,382,410,13,5.0,1,5,256,Vector,414,False,0,185,,-413
414,store,413,41,14,5.0,1,5,256,Vector,,False,0,,41,-414
415,sub,385,410,13,5.0,2,5,256,Vector,416,False,0,186,,-415
416,store,415,42,14,5.0,2,5,256,Vector,,False,0,,42,-416
417,sub,388,410,13,5.0,3,5,256,Vector,418,False,0,187,,-417
418,store,417,43,14,5.0,3,5,256,Vector,,False,0,,43,-418
419,sub,391,410,13,5.0,4,5,256,Vector,420,False,0,188,,-419
420,store,419,44,14,5.0,4,5,256,Vector,,False,0,,44,-420
421,sub,394,410,13,5.0,5,5,256,Vector,422,False,0,189,,-421
422,store,421,45,14,5.0,5,5,256,Vector,,False,0,,45,-422
423,sub,397,410,13,5.0,6,5,256,Vector,424,False,0,190,,-423
424,store,423,46,14,5.0,6,5,256,Vector,,False,0,,46,-424
425,sub,400,410,13,5.0,7,5,256,Vector,426,False,0,191,,-425
426,store,425,47,14,5.0,7,5,256,Vector,,False,0,,47,-426
427,load,48,,1,6.0,0,6,256,Vector,"428, 450",True,0,192,48,-427
428,reduce_max,427,,2,6.0,0,6,1,Scalar,443,False,0,186,,-428
429,load,49,,1,6.0,1,6,256,Vector,"430, 453",True,0,193,49,-429
430,reduce_max,429,,2,6.0,1,6,1,Scalar,443,False,0,187,,-430
431,load,50,,1,6.0,2,6,256,Vector,"432, 456",True,0,194,50,-431
432,reduce_max,431,,2,6.0,2,6,1,Scalar,444,False,0,188,,-432
433,load,51,,1,6.0,3,6,256,Vector,"434, 459",True,0,195,51,-433
434,reduce_max,433,,2,6.0,3,6,1,Scalar,444,False,0,189,,-434
435,load,52,,1,6.0,4,6,256,Vector,"436, 462",True,0,196,52,-435
436,reduce_max,435,,2,6.0,4,6,1,Scalar,445,False,0,190,,-436
437,load,53,,1,6.0,5,6,256,Vector,"438, 465",True,0,197,53,-437
438,reduce_max,437,,2,6.0,5,6,1,Scalar,445,False,0,191,,-438
439,load,54,,1,6.0,6,6,256,Vector,"440, 468",True,0,198,54,-439
440,reduce_max,439,,2,6.0,6,6,1,Scalar,446,False,0,192,,-440
441,load,55,,1,6.0,7,6,256,Vector,"442, 471",True,0,199,55,-441
442,reduce_max,441,,2,6.0,7,6,1,Scalar,446,False,0,193,,-442
443,max,428,430,3,6.0,,6,1,Scalar,447,False,0,194,,-443
444,max,432,434,3,6.0,,6,1,Scalar,447,False,0,195,,-444
445,max,436,438,3,6.0,,6,1,Scalar,448,False,0,196,,-445
446,max,440,442,3,6.0,,6,1,Scalar,448,False,0,197,,-446
447,max,443,444,4,6.0,,6,1,Scalar,449,False,0,198,,-447
448,max,445,446,4,6.0,,6,1,Scalar,449,False,0,199,,-448
449,max,447,448,5,6.0,,6,1,Scalar,"450, 453, 456, 459, 462, 465, 468, 471",False,0,200,,-449
450,sub,427,449,6,6.0,0,6,256,Vector,"451, 482",False,0,200,,-450
451,exp,450,,7,6.0,0,6,256,Vector,452,False,0,201,,-451
452,reduce_sum,451,,8,6.0,0,6,1,Scalar,474,False,0,201,,-452
453,sub,429,449,6,6.0,1,6,256,Vector,"454, 484",False,0,202,,-453
454,exp,453,,7,6.0,1,6,256,Vector,455,False,0,203,,-454
455,reduce_sum,454,,8,6.0,1,6,1,Scalar,474,False,0,202,,-455
456,sub,431,449,6,6.0,2,6,256,Vector,"457, 486",False,0,204,,-456
457,exp,456,,7,6.0,2,6,256,Vector,458,False,0,205,,-457
458,reduce_sum,457,,8,6.0,2,6,1,Scalar,475,False,0,203,,-458
459,sub,433,449,6,6.0,3,6,256,Vector,"460, 488",False,0,206,,-459
460,exp,459,,7,6.0,3,6,256,Vector,461,False,0,207,,-460
461,reduce_sum,460,,8,6.0,3,6,1,Scalar,475,False,0,204,,-461
462,sub,435,449,6,6.0,4,6,256,Vector,"463, 490",False,0,208,,-462
463,exp,462,,7,6.0,4,6,256,Vector,464,False,0,209,,-463
464,reduce_sum,463,,8,6.0,4,6,1,Scalar,476,False,0,205,,-464
465,sub,437,449,6,6.0,5,6,256,Vector,"466, 492",False,0,210,,-465
466,exp,465,,7,6.0,5,6,256,Vector,467,False,0,211,,-466
467,reduce_sum,466,,8,6.0,5,6,1,Scalar,476,False,0,206,,-467
468,sub,439,449,6,6.0,6,6,256,Vector,"469, 494",False,0,212,,-468
469,exp,468,,7,6.0,6,6,256,Vector,470,False,0,213,,-469
470,reduce_sum,469,,8,6.0,6,6,1,Scalar,477,False,0,207,,-470
471,sub,441,449,6,6.0,7,6,256,Vector,"472, 496",False,0,214,,-471
472,exp,471,,7,6.0,7,6,256,Vector,473,False,0,215,,-472
473,reduce_sum,472,,8,6.0,7,6,1,Scalar,477,False,0,208,,-473
474,add,452,455,9,6.0,,6,1,Scalar,478,False,0,209,,-474
475,add,458,461,9,6.0,,6,1,Scalar,478,False,0,210,,-475
476,add,464,467,9,6.0,,6,1,Scalar,479,False,0,211,,-476
477,add,470,473,9,6.0,,6,1,Scalar,479,False,0,212,,-477
478,add,474,475,10,6.0,,6,1,Scalar,480,False,0,213,,-478
479,add,476,477,10,6.0,,6,1,Scalar,480,False,0,214,,-479
480,add,478,479,11,6.0,,6,1,Scalar,481,False,0,215,,-480
481,ln,480,,12,6.0,,6,1,Scalar,"482, 484, 486, 488, 490, 492, 494, 496",False,0,216,,-481
482,sub,450,481,13,6.0,0,6,256,Vector,483,False,0,216,,-482
483,store,482,48,14,6.0,0,6,256,Vector,,False,0,,48,-483
484,sub,453,481,13,6.0,1,6,256,Vector,485,False,0,217,,-484
485,store,484,49,14,6.0,1,6,256,Vector,,False,0,,49,-485
486,sub,456,481,13,6.0,2,6,256,Vector,487,False,0,218,,-486
487,store,486,50,14,6.0,2,6,256,Vector,,False,0,,50,-487
488,sub,459,481,13,6.0,3,6,256,Vector,489,False,0,219,,-488
489,store,488,51,14,6.0,3,6,256,Vector,,False,0,,51,-489
490,sub,462,481,13,6.0,4,6,256,Vector,491,False,0,220,,-490
491,store,490,52,14,6.0,4,6,256,Vector,,False,0,,52,-491
492,sub,465,481,13,6.0,5,6,256,Vector,493,False,0,221,,-492
493,store,492,53,14,6.0,5,6,256,Vector,,False,0,,53,-493
494,sub,468,481,13,6.0,6,6,256,Vector,495,False,0,222,,-494
495,store,494,54,14,6.0,6,6,256,Vector,,False,0,,54,-495
496,sub,471,481,13,6.0,7,6,256,Vector,497,False,0,223,,-496
497,store,496,55,14,6.0,7,6,256,Vector,,False,0,,55,-497
498,load,56,,1,7.0,0,7,256,Vector,"499, 521",True,0,224,56,-498
499,reduce_max,498,,2,7.0,0,7,1,Scalar,514,False,0,217,,-499
500,load,57,,1,7.0,1,7,256,Vector,"501, 524",True,0,225,57,-500
501,reduce_max,500,,2,7.0,1,7,1,Scalar,514,False,0,218,,-501
502,load,58,,1,7.0,2,7,256,Vector,"503, 527",True,0,226,58,-502
503,reduce_max,502,,2,7.0,2,7,1,Scalar,515,False,0,219,,-503
504,load,59,,1,7.0,3,7,256,Vector,"505, 530",True,0,227,59,-504
505,reduce_max,504,,2,7.0,3,7,1,Scalar,515,False,0,220,,-505
506,load,60,,1,7.0,4,7,256,Vector,"507, 533",True,0,228,60,-506
507,reduce_max,506,,2,7.0,4,7,1,Scalar,516,False,0,221,,-507
508,load,61,,1,7.0,5,7,256,Vector,"509, 536",True,0,229,61,-508
509,reduce_max,508,,2,7.0,5,7,1,Scalar,516,False,0,222,,-509
510,load,62,,1,7.0,6,7,256,Vector,"511, 539",True,0,230,62,-510
511,reduce_max,510,,2,7.0,6,7,1,Scalar,517,False,0,223,,-511
512,load,63,,1,7.0,7,7,256,Vector,"513, 542",True,0,231,63,-512
513,reduce_max,512,,2,7.0,7,7,1,Scalar,517,False,0,224,,-513
514,max,499,501,3,7.0,,7,1,Scalar,518,False,0,225,,-514
515,max,503,505,3,7.0,,7,1,Scalar,518,False,0,226,,-515
516,max,507,509,3,7.0,,7,1,Scalar,519,False,0,227,,-516
517,max,511,513,3,7.0,,7,1,Scalar,519,False,0,228,,-517
518,max,514,515,4,7.0,,7,1,Scalar,520,False,0,229,,-518
519,max,516,517,4,7.0,,7,1,Scalar,520,False,0,230,,-519
520,max,518,519,5,7.0,,7,1,Scalar,"521, 524, 527, 530, 533, 536, 539, 542",False,0,231,,-520
521,sub,498,520,6,7.0,0,7,256,Vector,"522, 553",False,0,232,,-521
522,exp,521,,7,7.0,0,7,256,Vector,523,False,0,233,,-522
523,reduce_sum,522,,8,7.0,0,7,1,Scalar,545,False,0,232,,-523
524,sub,500,520,6,7.0,1,7,256,Vector,"525, 555",False,0,234,,-524
525,exp,524,,7,7.0,1,7,256,Vector,526,False,0,235,,-525
526,reduce_sum,525,,8,7.0,1,7,1,Scalar,545,False,0,233,,-526
527,sub,502,520,6,7.0,2,7,256,Vector,"528, 557",False,0,236,,-527
528,exp,527,,7,7.0,2,7,256,Vector,529,False,0,237,,-528
529,reduce_sum,528,,8,7.0,2,7,1,Scalar,546,False,0,234,,-529
530,sub,504,520,6,7.0,3,7,256,Vector,"531, 559",False,0,238,,-530
531,exp,530,,7,7.0,3,7,256,Vector,532,False,0,239,,-531
532,reduce_sum,531,,8,7.0,3,7,1,Scalar,546,False,0,235,,-532
533,sub,506,520,6,7.0,4,7,256,Vector,"534, 561",False,0,240,,-533
534,exp,533,,7,7.0,4,7,256,Vector,535,False,0,241,,-534
535,reduce_sum,534,,8,7.0,4,7,1,Scalar,547,False,0,236,,-535
536,sub,508,520,6,7.0,5,7,256,Vector,"537, 563",False,0,242,,-536
537,exp,536,,7,7.0,5,7,256,Vector,538,False,0,243,,-537
538,reduce_sum,537,,8,7.0,5,7,1,Scalar,547,False,0,237,,-538
539,sub,510,520,6,7.0,6,7,256,Vector,"540, 565",False,0,244,,-539
540,exp,539,,7,7.0,6,7,256,Vector,541,False,0,245,,-540
541,reduce_sum,540,,8,7.0,6,7,1,Scalar,548,False,0,238,,-541
542,sub,512,520,6,7.0,7,7,256,Vector,"543, 567",False,0,246,,-542
543,exp,542,,7,7.0,7,7,256,Vector,544,False,0,247,,-543
544,reduce_sum,543,,8,7.0,7,7,1,Scalar,548,False,0,239,,-544
545,add,523,526,9,7.0,,7,1,Scalar,549,False,0,240,,-545
546,add,529,532,9,7.0,,7,1,Scalar,549,False,0,241,,-546
547,add,535,538,9,7.0,,7,1,Scalar,550,False,0,242,,-547
548,add,541,544,9,7.0,,7,1,Scalar,550,False,0,243,,-548
549,add,545,546,10,7.0,,7,1,Scalar,551,False,0,244,,-549
550,add,547,548,10,7.0,,7,1,Scalar,551,False,0,245,,-550
551,add,549,550,11,7.0,,7,1,Scalar,552,False,0,246,,-551
552,ln,551,,12,7.0,,7,1,Scalar,"553, 555, 557, 559, 561, 563, 565, 567",False,0,247,,-552
553,sub,521,552,13,7.0,0,7,256,Vector,554,False,0,248,,-553
554,store,553,56,14,7.0,0,7,256,Vector,,False,0,,56,-554
555,sub,524,552,13,7.0,1,7,256,Vector,556,False,0,249,,-555
556,store,555,57,14,7.0,1,7,256,Vector,,False,0,,57,-556
557,sub,527,552,13,7.0,2,7,256,Vector,558,False,0,250,,-557
558,store,557,58,14,7.0,2,7,256,Vector,,False,0,,58,-558
559,sub,530,552,13,7.0,3,7,256,Vector,560,False,0,251,,-559
560,store,559,59,14,7.0,3,7,256,Vector,,False,0,,59,-560
561,sub,533,552,13,7.0,4,7,256,Vector,562,False,0,252,,-561
562,store,561,60,14,7.0,4,7,256,Vector,,False,0,,60,-562
563,sub,536,552,13,7.0,5,7,256,Vector,564,False,0,253,,-563
564,store,563,61,14,7.0,5,7,256,Vector,,False,0,,61,-564
565,sub,539,552,13,7.0,6,7,256,Vector,566,False,0,254,,-565
566,store,565,62,14,7.0,6,7,256,Vector,,False,0,,62,-566
567,sub,542,552,13,7.0,7,7,256,Vector,568,False,0,255,,-567
568,store,567,63,14,7.0,7,7,256,Vector,,False,0,,63,-568
569,load,64,,1,8.0,0,8,256,Vector,"570, 592",True,0,0,64,-569
570,reduce_max,569,,2,8.0,0,8,1,Scalar,585,False,0,248,,-570
571,load,65,,1,8.0,1,8,256,Vector,"572, 595",True,0,1,65,-571
572,reduce_max,571,,2,8.0,1,8,1,Scalar,585,False,0,249,,-572
573,load,66,,1,8.0,2,8,256,Vector,"574, 598",True,0,2,66,-573
574,reduce_max,573,,2,8.0,2,8,1,Scalar,586,False,0,250,,-574
575,load,67,,1,8.0,3,8,256,Vector,"576, 601",True,0,3,67,-575
576,reduce_max,575,,2,8.0,3,8,1,Scalar,586,False,0,251,,-576
577,load,68,,1,8.0,4,8,256,Vector,"578, 604",True,0,4,68,-577
578,reduce_max,577,,2,8.0,4,8,1,Scalar,587,False,0,252,,-578
579,load,69,,1,8.0,5,8,256,Vector,"580, 607",True,0,5,69,-579
580,reduce_max,579,,2,8.0,5,8,1,Scalar,587,False,0,253,,-580
581,load,70,,1,8.0,6,8,256,Vector,"582, 610",True,0,6,70,-581
582,reduce_max,581,,2,8.0,6,8,1,Scalar,588,False,0,254,,-582
583,load,71,,1,8.0,7,8,256,Vector,"584, 613",True,0,7,71,-583
584,reduce_max,583,,2,8.0,7,8,1,Scalar,588,False,0,255,,-584
585,max,570,572,3,8.0,,8,1,Scalar,589,False,0,0,,-585
586,max,574,576,3,8.0,,8,1,Scalar,589,False,0,1,,-586
587,max,578,580,3,8.0,,8,1,Scalar,590,False,0,2,,-587
588,max,582,584,3,8.0,,8,1,Scalar,590,False,0,3,,-588
589,max,585,586,4,8.0,,8,1,Scalar,591,False,0,4,,-589
590,max,587,588,4,8.0,,8,1,Scalar,591,False,0,5,,-590
591,max,589,590,5,8.0,,8,1,Scalar,"592, 595, 598, 601, 604, 607, 610, 613",False,0,6,,-591
592,sub,569,591,6,8.0,0,8,256,Vector,"593, 624",False,0,8,,-592
593,exp,592,,7,8.0,0,8,256,Vector,594,False,0,9,,-593
594,reduce_sum,593,,8,8.0,0,8,1,Scalar,616,False,0,7,,-594
595,sub,571,591,6,8.0,1,8,256,Vector,"596, 626",False,0,10,,-595
596,exp,595,,7,8.0,1,8,256,Vector,597,False,0,11,,-596
597,reduce_sum,596,,8,8.0,1,8,1,Scalar,616,False,0,8,,-597
598,sub,573,591,6,8.0,2,8,256,Vector,"599, 628",False,0,12,,-598
599,exp,598,,7,8.0,2,8,256,Vector,600,False,0,13,,-599
600,reduce_sum,599,,8,8.0,2,8,1,Scalar,617,False,0,9,,-600
601,sub,575,591,6,8.0,3,8,256,Vector,"602, 630",False,0,14,,-601
602,exp,601,,7,8.0,3,8,256,Vector,603,False,0,15,,-602
603,reduce_sum,602,,8,8.0,3,8,1,Scalar,617,False,0,10,,-603
604,sub,577,591,6,8.0,4,8,256,Vector,"605, 632",False,0,16,,-604
605,exp,604,,7,8.0,4,8,256,Vector,606,False,0,17,,-605
606,reduce_sum,605,,8,8.0,4,8,1,Scalar,618,False,0,11,,-606
607,sub,579,591,6,8.0,5,8,256,Vector,"608, 634",False,0,18,,-607
608,exp,607,,7,8.0,5,8,256,Vector,609,False,0,19,,-608
609,reduce_sum,608,,8,8.0,5,8,1,Scalar,618,False,0,12,,-609
610,sub,581,591,6,8.0,6,8,256,Vector,"611, 636",False,0,20,,-610
611,exp,610,,7,8.0,6,8,256,Vector,612,False,0,21,,-611
612,reduce_sum,611,,8,8.0,6,8,1,Scalar,619,False,0,13,,-612
613,sub,583,591,6,8.0,7,8,256,Vector,"614, 638",False,0,22,,-613
614,exp,613,,7,8.0,7,8,256,Vector,615,False,0,23,,-614
615,reduce_sum,614,,8,8.0,7,8,1,Scalar,619,False,0,14,,-615
616,add,594,597,9,8.0,,8,1,Scalar,620,False,0,15,,-616
617,add,600,603,9,8.0,,8,1,Scalar,620,False,0,16,,-617
618,add,606,609,9,8.0,,8,1,Scalar,621,False,0,17,,-618
619,add,612,615,9,8.0,,8,1,Scalar,621,False,0,18,,-619
620,add,616,617,10,8.0,,8,1,Scalar,622,False,0,19,,-620
621,add,618,619,10,8.0,,8,1,Scalar,622,False,0,20,,-621
622,add,620,621,11,8.0,,8,1,Scalar,623,False,0,21,,-622
623,ln,622,,12,8.0,,8,1,Scalar,"624, 626, 628, 630, 632, 634, 636, 638",False,0,22,,-623
624,sub,592,623,13,8.0,0,8,256,Vector,625,False,0,24,,-624
625,store,624,64,14,8.0,0,8,256,Vector,,False,0,,64,-625
626,sub,595,623,13,8.0,1,8,256,Vector,627,False,0,25,,-626
627,store,626,65,14,8.0,1,8,256,Vector,,False,0,,65,-627
628,sub,598,623,13,8.0,2,8,256,Vector,629,False,0,26,,-628
629,store,628,66,14,8.0,2,8,256,Vector,,False,0,,66,-629
630,sub,601,623,13,8.0,3,8,256,Vector,631,False,0,27,,-630
631,store,630,67,14,8.0,3,8,256,Vector,,False,0,,67,-631
632,sub,604,623,13,8.0,4,8,256,Vector,633,False,0,28,,-632
633,store,632,68,14,8.0,4,8,256,Vector,,False,0,,68,-633
634,sub,607,623,13,8.0,5,8,256,Vector,635,False,0,29,,-634
635,store,634,69,14,8.0,5,8,256,Vector,,False,0,,69,-635
636,sub,610,623,13,8.0,6,8,256,Vector,637,False,0,30,,-636
637,store,636,70,14,8.0,6,8,256,Vector,,False,0,,70,-637
638,sub,613,623,13,8.0,7,8,256,Vector,639,False,0,31,,-638
639,store,638,71,14,8.0,7,8,256,Vector,,False,0,,71,-639
640,load,72,,1,9.0,0,9,256,Vector,"641, 663",True,0,32,72,-640
641,reduce_max,640,,2,9.0,0,9,1,Scalar,656,False,0,23,,-641
642,load,73,,1,9.0,1,9,256,Vector,"643, 666",True,0,33,73,-642
643,reduce_max,642,,2,9.0,1,9,1,Scalar,656,False,0,24,,-643
644,load,74,,1,9.0,2,9,256,Vector,"645, 669",True,0,34,74,-644
645,reduce_max,644,,2,9.0,2,9,1,Scalar,657,False,0,25,,-645
646,load,75,,1,9.0,3,9,256,Vector,"647, 672",True,0,35,75,-646
647,reduce_max,646,,2,9.0,3,9,1,Scalar,657,False,0,26,,-647
648,load,76,,1,9.0,4,9,256,Vector,"649, 675",True,0,36,76,-648
649,reduce_max,648,,2,9.0,4,9,1,Scalar,658,False,0,27,,-649
650,load,77,,1,9.0,5,9,256,Vector,"651, 678",True,0,37,77,-650
651,reduce_max,650,,2,9.0,5,9,1,Scalar,658,False,0,28,,-651
652,load,78,,1,9.0,6,9,256,Vector,"653, 681",True,0,38,78,-652
653,reduce_max,652,,2,9.0,6,9,1,Scalar,659,False,0,29,,-653
654,load,79,,1,9.0,7,9,256,Vector,"655, 684",True,0,39,79,-654
655,reduce_max,654,,2,9.0,7,9,1,Scalar,659,False,0,30,,-655
656,max,641,643,3,9.0,,9,1,Scalar,660,False,0,31,,-656
657,max,645,647,3,9.0,,9,1,Scalar,660,False,0,32,,-657
658,max,649,651,3,9.0,,9,1,Scalar,661,False,0,33,,-658
659,max,653,655,3,9.0,,9,1,Scalar,661,False,0,34,,-659
660,max,656,657,4,9.0,,9,1,Scalar,662,False,0,35,,-660
661,max,658,659,4,9.0,,9,1,Scalar,662,False,0,36,,-661
662,max,660,661,5,9.0,,9,1,Scalar,"663, 666, 669, 672, 675, 678, 681, 684",False,0,37,,-662
663,sub,640,662,6,9.0,0,9,256,Vector,"664, 695",False,0,40,,-663
664,exp,663,,7,9.0,0,9,256,Vector,665,False,0,41,,-664
665,reduce_sum,664,,8,9.0,0,9,1,Scalar,687,False,0,38,,-665
666,sub,642,662,6,9.0,1,9,256,Vector,"667, 697",False,0,42,,-666
667,exp,666,,7,9.0,1,9,256,Vector,668,False,0,43,,-667
668,reduce_sum,667,,8,9.0,1,9,1,Scalar,687,False,0,39,,-668
669,sub,644,662,6,9.0,2,9,256,Vector,"670, 699",False,0,44,,-669
670,exp,669,,7,9.0,2,9,256,Vector,671,False,0,45,,-670
671,reduce_sum,670,,8,9.0,2,9,1,Scalar,688,False,0,40,,-671
672,sub,646,662,6,9.0,3,9,256,Vector,"673, 701",False,0,46,,-672
673,exp,672,,7,9.0,3,9,256,Vector,674,False,0,47,,-673
674,reduce_sum,673,,8,9.0,3,9,1,Scalar,688,False,0,41,,-674
675,sub,648,662,6,9.0,4,9,256,Vector,"676, 703",False,0,48,,-675
676,exp,675,,7,9.0,4,9,256,Vector,677,False,0,49,,-676
677,reduce_sum,676,,8,9.0,4,9,1,Scalar,689,False,0,42,,-677
678,sub,650,662,6,9.0,5,9,256,Vector,"679, 705",False,0,50,,-678
679,exp,678,,7,9.0,5,9,256,Vector,680,False,0,51,,-679
680,reduce_sum,679,,8,9.0,5,9,1,Scalar,689,False,0,43,,-680
681,sub,652,662,6,9.0,6,9,256,Vector,"682, 707",False,0,52,,-681
682,exp,681,,7,9.0,6,9,256,Vector,683,False,0,53,,-682
683,reduce_sum,682,,8,9.0,6,9,1,Scalar,690,False,0,44,,-683
684,sub,654,662,6,9.0,7,9,256,Vector,"685, 709",False,0,54,,-684
685,exp,684,,7,9.0,7,9,256,Vector,686,False,0,55,,-685
686,reduce_sum,685,,8,9.0,7,9,1,Scalar,690,False,0,45,,-686
687,add,665,668,9,9.0,,9,1,Scalar,691,False,0,46,,-687
688,add,671,674,9,9.0,,9,1,Scalar,691,False,0,47,,-688
689,add,677,680,9,9.0,,9,1,Scalar,692,False,0,48,,-689
690,add,683,686,9,9.0,,9,1,Scalar,692,False,0,49,,-690
691,add,687,688,10,9.0,,9,1,Scalar,693,False,0,50,,-691
692,add,689,690,10,9.0,,9,1,Scalar,693,False,0,51,,-692
693,add,691,692,11,9.0,,9,1,Scalar,694,False,0,52,,-693
694,ln,693,,12,9.0,,9,1,Scalar,"695, 697, 699, 701, 703, 705, 707, 709",False,0,53,,-694
695,sub,663,694,13,9.0,0,9,256,Vector,696,False,0,56,,-695
696,store,695,72,14,9.0,0,9,256,Vector,,False,0,,72,-696
697,sub,666,694,13,9.0,1,9,256,Vector,698,False,0,57,,-697
698,store,697,73,14,9.0,1,9,256,Vector,,False,0,,73,-698
699,sub,669,694,13,9.0,2,9,256,Vector,700,False,0,58,,-699
700,store,699,74,14,9.0,2,9,256,Vector,,False,0,,74,-700
701,sub,672,694,13,9.0,3,9,256,Vector,702,False,0,59,,-701
702,store,701,75,14,9.0,3,9,256,Vector,,False,0,,75,-702
703,sub,675,694,13,9.0,4,9,256,Vector,704,False,0,60,,-703
704,store,703,76,14,9.0,4,9,256,Vector,,False,0,,76,-704
705,sub,678,694,13,9.0,5,9,256,Vector,706,False,0,61,,-705
706,store,705,77,14,9.0,5,9,256,Vector,,False,0,,77,-706
707,sub,681,694,13,9.0,6,9,256,Vector,708,False,0,62,,-707
708,store,707,78,14,9.0,6,9,256,Vector,,False,0,,78,-708
709,sub,684,694,13,9.0,7,9,256,Vector,710,False,0,63,,-709
710,store,709,79,14,9.0,7,9,256,Vector,,False,0,,79,-710
711,load,80,,1,10.0,0,10,256,Vector,"712, 734",True,0,64,80,-711
712,reduce_max,711,,2,10.0,0,10,1,Scalar,727,False,0,54,,-712
713,load,81,,1,10.0,1,10,256,Vector,"714, 737",True,0,65,81,-713
714,reduce_max,713,,2,10.0,1,10,1,Scalar,727,False,0,55,,-714
715,load,82,,1,10.0,2,10,256,Vector,"716, 740",True,0,66,82,-715
716,reduce_max,715,,2,10.0,2,10,1,Scalar,728,False,0,56,,-716
717,load,83,,1,10.0,3,10,256,Vector,"718, 743",True,0,67,83,-717
718,reduce_max,717,,2,10.0,3,10,1,Scalar,728,False,0,57,,-718
719,load,84,,1,10.0,4,10,256,Vector,"720, 746",True,0,68,84,-719
720,reduce_max,719,,2,10.0,4,10,1,Scalar,729,False,0,58,,-720
721,load,85,,1,10.0,5,10,256,Vector,"722, 749",True,0,69,85,-721
722,reduce_max,721,,2,10.0,5,10,1,Scalar,729,False,0,59,,-722
723,load,86,,1,10.0,6,10,256,Vector,"724, 752",True,0,70,86,-723
724,reduce_max,723,,2,10.0,6,10,1,Scalar,730,False,0,60,,-724
725,load,87,,1,10.0,7,10,256,Vector,"726, 755",True,0,71,87,-725
726,reduce_max,725,,2,10.0,7,10,1,Scalar,730,False,0,61,,-726
727,max,712,714,3,10.0,,10,1,Scalar,731,False,0,62,,-727
728,max,716,718,3,10.0,,10,1,Scalar,731,False,0,63,,-728
729,max,720,722,3,10.0,,10,1,Scalar,732,False,0,64,,-729
730,max,724,726,3,10.0,,10,1,Scalar,732,False,0,65,,-730
731,max,727,728,4,10.0,,10,1,Scalar,733,False,0,66,,-731
732,max,729,730,4,10.0,,10,1,Scalar,733,False,0,67,,-732
733,max,731,732,5,10.0,,10,1,Scalar,"734, 737, 740, 743, 746, 749, 752, 755",False,0,68,,-733
734,sub,711,733,6,10.0,0,10,256,Vector,"735, 766",False,0,72,,-734
735,exp,734,,7,10.0,0,10,256,Vector,736,False,0,73,,-735
736,reduce_sum,735,,8,10.0,0,10,1,Scalar,758,False,0,69,,-736
737,sub,713,733,6,10.0,1,10,256,Vector,"738, 768",False,0,74,,-737
738,exp,737,,7,10.0,1,10,256,Vector,739,False,0,75,,-738
739,reduce_sum,738,,8,10.0,1,10,1,Scalar,758,False,0,70,,-739
740,sub,715,733,6,10.0,2,10,256,Vector,"741, 770",False,0,76,,-740
741,exp,740,,7,10.0,2,10,256,Vector,742,False,0,77,,-741
742,reduce_sum,741,,8,10.0,2,10,1,Scalar,759,False,0,71,,-742
743,sub,717,733,6,10.0,3,10,256,Vector,"744, 772",False,0,78,,-743
744,exp,743,,7,10.0,3,10,256,Vector,745,False,0,79,,-744
745,reduce_sum,744,,8,10.0,3,10,1,Scalar,759,False,0,72,,-745
746,sub,719,733,6,10.0,4,10,256,Vector,"747, 774",False,0,80,,-746
747,exp,746,,7,10.0,4,10,256,Vector,748,False,0,81,,-747
748,reduce_sum,747,,8,10.0,4,10,1,Scalar,760,False,0,73,,-748
749,sub,721,733,6,10.0,5,10,256,Vector,"750, 776",False,0,82,,-749
750,exp,749,,7,10.0,5,10,256,Vector,751,False,0,83,,-750
751,reduce_sum,750,,8,10.0,5,10,1,Scalar,760,False,0,74,,-751
752,sub,723,733,6,10.0,6,10,256,Vector,"753, 778",False,0,84,,-752
753,exp,752,,7,10.0,6,10,256,Vector,754,False,0,85,,-753
754,reduce_sum,753,,8,10.0,6,10,1,Scalar,761,False,0,75,,-754
755,sub,725,733,6,10.0,7,10,256,Vector,"756, 780",False,0,86,,-755
756,exp,755,,7,10.0,7,10,256,Vector,757,False,0,87,,-756
757,reduce_sum,756,,8,10.0,7,10,1,Scalar,761,False,0,76,,-757
758,add,736,739,9,10.0,,10,1,Scalar,762,False,0,77,,-758
759,add,742,745,9,10.0,,10,1,Scalar,762,False,0,78,,-759
760,add,748,751,9,10.0,,10,1,Scalar,763,False,0,79,,-760
761,add,754,757,9,10.0,,10,1,Scalar,763,False,0,80,,-761
762,add,758,759,10,10.0,,10,1,Scalar,764,False,0,81,,-762
763,add,760,761,10,10.0,,10,1,Scalar,764,False,0,82,,-763
764,add,762,763,11,10.0,,10,1,Scalar,765,False,0,83,,-764
765,ln,764,,12,10.0,,10,1,Scalar,"766, 768, 770, 772, 774, 776, 778, 780",False,0,84,,-765
766,sub,734,765,13,10.0,0,10,256,Vector,767,False,0,88,,-766
767,store,766,80,14,10.0,0,10,256,Vector,,False,0,,80,-767
768,sub,737,765,13,10.0,1,10,256,Vector,769,False,0,89,,-768
769,store,768,81,14,10.0,1,10,256,Vector,,False,0,,81,-769
770,sub,740,765,13,10.0,2,10,256,Vector,771,False,0,90,,-770
771,store,770,82,14,10.0,2,10,256,Vector,,False,0,,82,-771
772,sub,743,765,13,10.0,3,10,256,Vector,773,False,0,91,,-772
773,store,772,83,14,10.0,3,10,256,Vector,,False,0,,83,-773
774,sub,746,765,13,10.0,4,10,256,Vector,775,False,0,92,,-774
775,store,774,84,14,10.0,4,10,256,Vector,,False,0,,84,-775
776,sub,749,765,13,10.0,5,10,256,Vector,777,False,0,93,,-776
777,store,776,85,14,10.0,5,10,256,Vector,,False,0,,85,-777
778,sub,752,765,13,10.0,6,10,256,Vector,779,False,0,94,,-778
779,store,778,86,14,10.0,6,10,256,Vector,,False,0,,86,-779
780,sub,755,765,13,10.0,7,10,256,Vector,781,False,0,95,,-780
781,store,780,87,14,10.0,7,10,256,Vector,,False,0,,87,-781
782,load,88,,1,11.0,0,11,256,Vector,"783, 805",True,0,96,88,-782
783,reduce_max,782,,2,11.0,0,11,1,Scalar,798,False,0,85,,-783
784,load,89,,1,11.0,1,11,256,Vector,"785, 808",True,0,97,89,-784
785,reduce_max,784,,2,11.0,1,11,1,Scalar,798,False,0,86,,-785
786,load,90,,1,11.0,2,11,256,Vector,"787, 811",True,0,98,90,-786
787,reduce_max,786,,2,11.0,2,11,1,Scalar,799,False,0,87,,-787
788,load,91,,1,11.0,3,11,256,Vector,"789, 814",True,0,99,91,-788
789,reduce_max,788,,2,11.0,3,11,1,Scalar,799,False,0,88,,-789
790,load,92,,1,11.0,4,11,256,Vector,"791, 817",True,0,100,92,-790
791,reduce_max,790,,2,11.0,4,11,1,Scalar,800,False,0,89,,-791
792,load,93,,1,11.0,5,11,256,Vector,"793, 820",True,0,101,93,-792
793,reduce_max,792,,2,11.0,5,11,1,Scalar,800,False,0,90,,-793
794,load,94,,1,11.0,6,11,256,Vector,"795, 823",True,0,102,94,-794
795,reduce_max,794,,2,11.0,6,11,1,Scalar,801,False,0,91,,-795
796,load,95,,1,11.0,7,11,256,Vector,"797, 826",True,0,103,95,-796
797,reduce_max,796,,2,11.0,7,11,1,Scalar,801,False,0,92,,-797
798,max,783,785,3,11.0,,11,1,Scalar,802,False,0,93,,-798
799,max,787,789,3,11.0,,11,1,Scalar,802,False,0,94,,-799
800,max,791,793,3,11.0,,11,1,Scalar,803,False,0,95,,-800
801,max,795,797,3,11.0,,11,1,Scalar,803,False,0,96,,-801
802,max,798,799,4,11.0,,11,1,Scalar,804,False,0,97,,-802
803,max,800,801,4,11.0,,11,1,Scalar,804,False,0,98,,-803
804,max,802,803,5,11.0,,11,1,Scalar,"805, 808, 811, 814, 817, 820, 823, 826",False,0,99,,-804
805,sub,782,804,6,11.0,0,11,256,Vector,"806, 837",False,0,104,,-805
806,exp,805,,7,11.0,0,11,256,Vector,807,False,0,105,,-806
807,reduce_sum,806,,8,11.0,0,11,1,Scalar,829,False,0,100,,-807
808,sub,784,804,6,11.0,1,11,256,Vector,"809, 839",False,0,106,,-808
809,exp,808,,7,11.0,1,11,256,Vector,810,False,0,107,,-809
810,reduce_sum,809,,8,11.0,1,11,1,Scalar,829,False,0,101,,-810
811,sub,786,804,6,11.0,2,11,256,Vector,"812, 841",False,0,108,,-811
812,exp,811,,7,11.0,2,11,256,Vector,813,False,0,109,,-812
813,reduce_sum,812,,8,11.0,2,11,1,Scalar,830,False,0,102,,-813
814,sub,788,804,6,11.0,3,11,256,Vector,"815, 843",False,0,110,,-814
815,exp,814,,7,11.0,3,11,256,Vector,816,False,0,111,,-815
816,reduce_sum,815,,8,11.0,3,11,1,Scalar,830,False,0,103,,-816
817,sub,790,804,6,11.0,4,11,256,Vector,"818, 845",False,0,112,,-817
818,exp,817,,7,11.0,4,11,256,Vector,819,False,0,113,,-818
819,reduce_sum,818,,8,11.0,4,11,1,Scalar,831,False,0,104,,-819
820,sub,792,804,6,11.0,5,11,256,Vector,"821, 847",False,0,114,,-820
821,exp,820,,7,11.0,5,11,256,Vector,822,False,0,115,,-821
822,reduce_sum,821,,8,11.0,5,11,1,Scalar,831,False,0,105,,-822
823,sub,794,804,6,11.0,6,11,256,Vector,"824, 849",False,0,116,,-823
824,exp,823,,7,11.0,6,11,256,Vector,825,False,0,117,,-824
825,reduce_sum,824,,8,11.0,6,11,1,Scalar,832,False,0,106,,-825
826,sub,796,804,6,11.0,7,11,256,Vector,"827, 851",False,0,118,,-826
827,exp,826,,7,11.0,7,11,256,Vector,828,False,0,119,,-827
828,reduce_sum,827,,8,11.0,7,11,1,Scalar,832,False,0,107,,-828
829,add,807,810,9,11.0,,11,1,Scalar,833,False,0,108,,-829
830,add,813,816,9,11.0,,11,1,Scalar,833,False,0,109,,-830
831,add,819,822,9,11.0,,11,1,Scalar,834,False,0,110,,-831
832,add,825,828,9,11.0,,11,1,Scalar,834,False,0,111,,-832
833,add,829,830,10,11.0,,11,1,Scalar,835,False,0,112,,-833
834,add,831,832,10,11.0,,11,1,Scalar,835,False,0,113,,-834
835,add,833,834,11,11.0,,11,1,Scalar,836,False,0,114,,-835
836,ln,835,,12,11.0,,11,1,Scalar,"837, 839, 841, 843, 845, 847, 849, 851",False,0,115,,-836
837,sub,805,836,13,11.0,0,11,256,Vector,838,False,0,120,,-837
838,store,837,88,14,11.0,0,11,256,Vector,,False,0,,88,-838
839,sub,808,836,13,11.0,1,11,256,Vector,840,False,0,121,,-839
840,store,839,89,14,11.0,1,11,256,Vector,,False,0,,89,-840
841,sub,811,836,13,11.0,2,11,256,Vector,842,False,0,122,,-841
842,store,841,90,14,11.0,2,11,256,Vector,,False,0,,90,-842
843,sub,814,836,13,11.0,3,11,256,Vector,844,False,0,123,,-843
844,store,843,91,14,11.0,3,11,256,Vector,,False,0,,91,-844
845,sub,817,836,13,11.0,4,11,256,Vector,846,False,0,124,,-845
846,store,845,92,14,11.0,4,11,256,Vector,,False,0,,92,-846
847,sub,820,836,13,11.0,5,11,256,Vector,848,False,0,125,,-847
848,store,847,93,14,11.0,5,11,256,Vector,,False,0,,93,-848
849,sub,823,836,13,11.0,6,11,256,Vector,850,False,0,126,,-849
850,store,849,94,14,11.0,6,11,256,Vector,,False,0,,94,-850
851,sub,826,836,13,11.0,7,11,256,Vector,852,False,0,127,,-851
852,store,851,95,14,11.0,7,11,256,Vector,,False,0,,95,-852
853,load,96,,1,12.0,0,12,256,Vector,"854, 876",True,0,128,96,-853
854,reduce_max,853,,2,12.0,0,12,1,Scalar,869,False,0,116,,-854
855,load,97,,1,12.0,1,12,256,Vector,"856, 879",True,0,129,97,-855
856,reduce_max,855,,2,12.0,1,12,1,Scalar,869,False,0,117,,-856
857,load,98,,1,12.0,2,12,256,Vector,"858, 882",True,0,130,98,-857
858,reduce_max,857,,2,12.0,2,12,1,Scalar,870,False,0,118,,-858
859,load,99,,1,12.0,3,12,256,Vector,"860, 885",True,0,131,99,-859
860,reduce_max,859,,2,12.0,3,12,1,Scalar,870,False,0,119,,-860
861,load,100,,1,12.0,4,12,256,Vector,"862, 888",True,0,132,100,-861
862,reduce_max,861,,2,12.0,4,12,1,Scalar,871,False,0,120,,-862
863,load,101,,1,12.0,5,12,256,Vector,"864, 891",True,0,133,101,-863
864,reduce_max,863,,2,12.0,5,12,1,Scalar,871,False,0,121,,-864
865,load,102,,1,12.0,6,12,256,Vector,"866, 894",True,0,134,102,-865
866,reduce_max,865,,2,12.0,6,12,1,Scalar,872,False,0,122,,-866
867,load,103,,1,12.0,7,12,256,Vector,"868, 897",True,0,135,103,-867
868,reduce_max,867,,2,12.0,7,12,1,Scalar,872,False,0,123,,-868
869,max,854,856,3,12.0,,12,1,Scalar,873,False,0,124,,-869
870,max,858,860,3,12.0,,12,1,Scalar,873,False,0,125,,-870
871,max,862,864,3,12.0,,12,1,Scalar,874,False,0,126,,-871
872,max,866,868,3,12.0,,12,1,Scalar,874,False,0,127,,-872
873,max,869,870,4,12.0,,12,1,Scalar,875,False,0,128,,-873
874,max,871,872,4,12.0,,12,1,Scalar,875,False,0,129,,-874
875,max,873,874,5,12.0,,12,1,Scalar,"876, 879, 882, 885, 888, 891, 894, 897",False,0,130,,-875
876,sub,853,875,6,12.0,0,12,256,Vector,"877, 908",False,0,136,,-876
877,exp,876,,7,12.0,0,12,256,Vector,878,False,0,137,,-877
878,reduce_sum,877,,8,12.0,0,12,1,Scalar,900,False,0,131,,-878
879,sub,855,875,6,12.0,1,12,256,Vector,"880, 910",False,0,138,,-879
880,exp,879,,7,12.0,1,12,256,Vector,881,False,0,139,,-880
881,reduce_sum,880,,8,12.0,1,12,1,Scalar,900,False,0,132,,-881
882,sub,857,875,6,12.0,2,12,256,Vector,"883, 912",False,0,140,,-882
883,exp,882,,7,12.0,2,12,256,Vector,884,False,0,141,,-883
884,reduce_sum,883,,8,12.0,2,12,1,Scalar,901,False,0,133,,-884
885,sub,859,875,6,12.0,3,12,256,Vector,"886, 914",False,0,142,,-885
886,exp,885,,7,12.0,3,12,256,Vector,887,False,0,143,,-886
887,reduce_sum,886,,8,12.0,3,12,1,Scalar,901,False,0,134,,-887
888,sub,861,875,6,12.0,4,12,256,Vector,"889, 916",False,0,144,,-888
889,exp,888,,7,12.0,4,12,256,Vector,890,False,0,145,,-889
890,reduce_sum,889,,8,12.0,4,12,1,Scalar,902,False,0,135,,-890
891,sub,863,875,6,12.0,5,12,256,Vector,"892, 918",False,0,146,,-891
892,exp,891,,7,12.0,5,12,256,Vector,893,False,0,147,,-892
893,reduce_sum,892,,8,12.0,5,12,1,Scalar,902,False,0,136,,-893
894,sub,865,875,6,12.0,6,12,256,Vector,"895, 920",False,0,148,,-894
895,exp,894,,7,12.0,6,12,256,Vector,896,False,0,149,,-895
896,reduce_sum,895,,8,12.0,6,12,1,Scalar,903,False,0,137,,-896
897,sub,867,875,6,12.0,7,12,256,Vector,"898, 922",False,0,150,,-897
898,exp,897,,7,12.0,7,12,256,Vector,899,False,0,151,,-898
899,reduce_sum,898,,8,12.0,7,12,1,Scalar,903,False,0,138,,-899
900,add,878,881,9,12.0,,12,1,Scalar,904,False,0,139,,-900
901,add,884,887,9,12.0,,12,1,Scalar,904,False,0,140,,-901
902,add,890,893,9,12.0,,12,1,Scalar,905,False,0,141,,-902
903,add,896,899,9,12.0,,12,1,Scalar,905,False,0,142,,-903
904,add,900,901,10,12.0,,12,1,Scalar,906,False,0,143,,-904
905,add,902,903,10,12.0,,12,1,Scalar,906,False,0,144,,-905
906,add,904,905,11,12.0,,12,1,Scalar,907,False,0,145,,-906
907,ln,906,,12,12.0,,12,1,Scalar,"908, 910, 912, 914, 916, 918, 920, 922",False,0,146,,-907
908,sub,876,907,13,12.0,0,12,256,Vector,909,False,0,152,,-908
909,store,908,96,14,12.0,0,12,256,Vector,,False,0,,96,-909
910,sub,879,907,13,12.0,1,12,256,Vector,911,False,0,153,,-910
911,store,910,97,14,12.0,1,12,256,Vector,,False,0,,97,-911
912,sub,882,907,13,12.0,2,12,256,Vector,913,False,0,154,,-912
913,store,912,98,14,12.0,2,12,256,Vector,,False,0,,98,-913
914,sub,885,907,13,12.0,3,12,256,Vector,915,False,0,155,,-914
915,store,914,99,14,12.0,3,12,256,Vector,,False,0,,99,-915
916,sub,888,907,13,12.0,4,12,256,Vector,917,False,0,156,,-916
917,store,916,100,14,12.0,4,12,256,Vector,,False,0,,100,-917
918,sub,891,907,13,12.0,5,12,256,Vector,919,False,0,157,,-918
919,store,918,101,14,12.0,5,12,256,Vector,,False,0,,101,-919
920,sub,894,907,13,12.0,6,12,256,Vector,921,False,0,158,,-920
921,store,920,102,14,12.0,6,12,256,Vector,,False,0,,102,-921
922,sub,897,907,13,12.0,7,12,256,Vector,923,False,0,159,,-922
923,store,922,103,14,12.0,7,12,256,Vector,,False,0,,103,-923
924,load,104,,1,13.0,0,13,256,Vector,"925, 947",True,0,160,104,-924
925,reduce_max,924,,2,13.0,0,13,1,Scalar,940,False,0,147,,-925
926,load,105,,1,13.0,1,13,256,Vector,"927, 950",True,0,161,105,-926
927,reduce_max,926,,2,13.0,1,13,1,Scalar,940,False,0,148,,-927
928,load,106,,1,13.0,2,13,256,Vector,"929, 953",True,0,162,106,-928
929,reduce_max,928,,2,13.0,2,13,1,Scalar,941,False,0,149,,-929
930,load,107,,1,13.0,3,13,256,Vector,"931, 956",True,0,163,107,-930
931,reduce_max,930,,2,13.0,3,13,1,Scalar,941,False,0,150,,-931
932,load,108,,1,13.0,4,13,256,Vector,"933, 959",True,0,164,108,-932
933,reduce_max,932,,2,13.0,4,13,1,Scalar,942,False,0,151,,-933
934,load,109,,1,13.0,5,13,256,Vector,"935, 962",True,0,165,109,-934
935,reduce_max,934,,2,13.0,5,13,1,Scalar,942,False,0,152,,-935
936,load,110,,1,13.0,6,13,256,Vector,"937, 965",True,0,166,110,-936
937,reduce_max,936,,2,13.0,6,13,1,Scalar,943,False,0,153,,-937
938,load,111,,1,13.0,7,13,256,Vector,"939, 968",True,0,167,111,-938
939,reduce_max,938,,2,13.0,7,13,1,Scalar,943,False,0,154,,-939
940,max,925,927,3,13.0,,13,1,Scalar,944,False,0,155,,-940
941,max,929,931,3,13.0,,13,1,Scalar,944,False,0,156,,-941
942,max,933,935,3,13.0,,13,1,Scalar,945,False,0,157,,-942
943,max,937,939,3,13.0,,13,1,Scalar,945,False,0,158,,-943
944,max,940,941,4,13.0,,13,1,Scalar,946,False,0,159,,-944
945,max,942,943,4,13.0,,13,1,Scalar,946,False,0,160,,-945
946,max,944,945,5,13.0,,13,1,Scalar,"947, 950, 953, 956, 959, 962, 965, 968",False,0,161,,-946
947,sub,924,946,6,13.0,0,13,256,Vector,"948, 979",False,0,168,,-947
948,exp,947,,7,13.0,0,13,256,Vector,949,False,0,169,,-948
949,reduce_sum,948,,8,13.0,0,13,1,Scalar,971,False,0,162,,-949
950,sub,926,946,6,13.0,1,13,256,Vector,"951, 981",False,0,170,,-950
951,exp,950,,7,13.0,1,13,256,Vector,952,False,0,171,,-951
952,reduce_sum,951,,8,13.0,1,13,1,Scalar,971,False,0,163,,-952
953,sub,928,946,6,13.0,2,13,256,Vector,"954, 983",False,0,172,,-953
954,exp,953,,7,13.0,2,13,256,Vector,955,False,0,173,,-954
955,reduce_sum,954,,8,13.0,2,13,1,Scalar,972,False,0,164,,-955
956,sub,930,946,6,13.0,3,13,256,Vector,"957, 985",False,0,174,,-956
957,exp,956,,7,13.0,3,13,256,Vector,958,False,0,175,,-957
958,reduce_sum,957,,8,13.0,3,13,1,Scalar,972,False,0,165,,-958
959,sub,932,946,6,13.0,4,13,256,Vector,"960, 987",False,0,176,,-959
960,exp,959,,7,13.0,4,13,256,Vector,961,False,0,177,,-960
961,reduce_sum,960,,8,13.0,4,13,1,Scalar,973,False,0,166,,-961
962,sub,934,946,6,13.0,5,13,256,Vector,"963, 989",False,0,178,,-962
963,exp,962,,7,13.0,5,13,256,Vector,964,False,0,179,,-963
964,reduce_sum,963,,8,13.0,5,13,1,Scalar,973,False,0,167,,-964
965,sub,936,946,6,13.0,6,13,256,Vector,"966, 991",False,0,180,,-965
966,exp,965,,7,13.0,6,13,256,Vector,967,False,0,181,,-966
967,reduce_sum,966,,8,13.0,6,13,1,Scalar,974,False,0,168,,-967
968,sub,938,946,6,13.0,7,13,256,Vector,"969, 993",False,0,182,,-968
969,exp,968,,7,13.0,7,13,256,Vector,970,False,0,183,,-969
970,reduce_sum,969,,8,13.0,7,13,1,Scalar,974,False,0,169,,-970
971,add,949,952,9,13.0,,13,1,Scalar,975,False,0,170,,-971
972,add,955,958,9,13.0,,13,1,Scalar,975,False,0,171,,-972
973,add,961,964,9,13.0,,13,1,Scalar,976,False,0,172,,-973
974,add,967,970,9,13.0,,13,1,Scalar,976,False,0,173,,-974
975,add,971,972,10,13.0,,13,1,Scalar,977,False,0,174,,-975
976,add,973,974,10,13.0,,13,1,Scalar,977,False,0,175,,-976
977,add,975,976,11,13.0,,13,1,Scalar,978,False,0,176,,-977
978,ln,977,,12,13.0,,13,1,Scalar,"979, 981, 983, 985, 987, 989, 991, 993",False,0,177,,-978
979,sub,947,978,13,13.0,0,13,256,Vector,980,False,0,184,,-979
980,store,979,104,14,13.0,0,13,256,Vector,,False,0,,104,-980
981,sub,950,978,13,13.0,1,13,256,Vector,982,False,0,185,,-981
982,store,981,105,14,13.0,1,13,256,Vector,,False,0,,105,-982
983,sub,953,978,13,13.0,2,13,256,Vector,984,False,0,186,,-983
984,store,983,106,14,13.0,2,13,256,Vector,,False,0,,106,-984
985,sub,956,978,13,13.0,3,13,256,Vector,986,False,0,187,,-985
986,store,985,107,14,13.0,3,13,256,Vector,,False,0,,107,-986
987,sub,959,978,13,13.0,4,13,256,Vector,988,False,0,188,,-987
988,store,987,108,14,13.0,4,13,256,Vector,,False,0,,108,-988
989,sub,962,978,13,13.0,5,13,256,Vector,990,False,0,189,,-989
990,store,989,109,14,13.0,5,13,256,Vector,,False,0,,109,-990
991,sub,965,978,13,13.0,6,13,256,Vector,992,False,0,190,,-991
992,store,991,110,14,13.0,6,13,256,Vector,,False,0,,110,-992
993,sub,968,978,13,13.0,7,13,256,Vector,994,False,0,191,,-993
994,store,993,111,14,13.0,7,13,256,Vector,,False,0,,111,-994
995,load,112,,1,14.0,0,14,256,Vector,"996, 1018",True,0,192,112,-995
996,reduce_max,995,,2,14.0,0,14,1,Scalar,1011,False,0,178,,-996
997,load,113,,1,14.0,1,14,256,Vector,"998, 1021",True,0,193,113,-997
998,reduce_max,997,,2,14.0,1,14,1,Scalar,1011,False,0,179,,-998
999,load,114,,1,14.0,2,14,256,Vector,"1000, 1024",True,0,194,114,-999
1000,reduce_max,999,,2,14.0,2,14,1,Scalar,1012,False,0,180,,-1000
1001,load,115,,1,14.0,3,14,256,Vector,"1002, 1027",True,0,195,115,-1001
1002,reduce_max,1001,,2,14.0,3,14,1,Scalar,1012,False,0,181,,-1002
1003,load,116,,1,14.0,4,14,256,Vector,"1004, 1030",True,0,196,116,-1003
1004,reduce_max,1003,,2,14.0,4,14,1,Scalar,1013,False,0,182,,-1004
1005,load,117,,1,14.0,5,14,256,Vector,"1006, 1033",True,0,197,117,-1005
1006,reduce_max,1005,,2,14.0,5,14,1,Scalar,1013,False,0,183,,-1006
1007,load,118,,1,14.0,6,14,256,Vector,"1008, 1036",True,0,198,118,-1007
1008,reduce_max,1007,,2,14.0,6,14,1,Scalar,1014,False,0,184,,-1008
1009,load,119,,1,14.0,7,14,256,Vector,"1010, 1039",True,0,199,119,-1009
1010,reduce_max,1009,,2,14.0,7,14,1,Scalar,1014,False,0,185,,-1010
1011,max,996,998,3,14.0,,14,1,Scalar,1015,False,0,186,,-1011
1012,max,1000,1002,3,14.0,,14,1,Scalar,1015,False,0,187,,-1012
1013,max,1004,1006,3,14.0,,14,1,Scalar,1016,False,0,188,,-1013
1014,max,1008,1010,3,14.0,,14,1,Scalar,1016,False,0,189,,-1014
1015,max,1011,1012,4,14.0,,14,1,Scalar,1017,False,0,190,,-1015
1016,max,1013,1014,4,14.0,,14,1,Scalar,1017,False,0,191,,-1016
1017,max,1015,1016,5,14.0,,14,1,Scalar,"1018, 1021, 1024, 1027, 1030, 1033, 1036, 1039",False,0,192,,-1017
1018,sub,995,1017,6,14.0,0,14,256,Vector,"1019, 1050",False,0,200,,-1018
1019,exp,1018,,7,14.0,0,14,256,Vector,1020,False,0,201,,-1019
1020,reduce_sum,1019,,8,14.0,0,14,1,Scalar,1042,False,0,193,,-1020
1021,sub,997,1017,6,14.0,1,14,256,Vector,"1022, 1052",False,0,202,,-1021
1022,exp,1021,,7,14.0,1,14,256,Vector,1023,False,0,203,,-1022
1023,reduce_sum,1022,,8,14.0,1,14,1,Scalar,1042,False,0,194,,-1023
1024,sub,999,1017,6,14.0,2,14,256,Vector,"1025, 1054",False,0,204,,-1024
1025,exp,1024,,7,14.0,2,14,256,Vector,1026,False,0,205,,-1025
1026,reduce_sum,1025,,8,14.0,2,14,1,Scalar,1043,False,0,195,,-1026
1027,sub,1001,1017,6,14.0,3,14,256,Vector,"1028, 1056",False,0,206,,-1027
1028,exp,1027,,7,14.0,3,14,256,Vector,1029,False,0,207,,-1028
1029,reduce_sum,1028,,8,14.0,3,14,1,Scalar,1043,False,0,196,,-1029
1030,sub,1003,1017,6,14.0,4,14,256,Vector,"1031, 1058",False,0,208,,-1030
1031,exp,1030,,7,14.0,4,14,256,Vector,1032,False,0,209,,-1031
1032,reduce_sum,1031,,8,14.0,4,14,1,Scalar,1044,False,0,197,,-1032
1033,sub,1005,1017,6,14.0,5,14,256,Vector,"1034, 1060",False,0,210,,-1033
1034,exp,1033,,7,14.0,5,14,256,Vector,1035,False,0,211,,-1034
1035,reduce_sum,1034,,8,14.0,5,14,1,Scalar,1044,False,0,198,,-1035
1036,sub,1007,1017,6,14.0,6,14,256,Vector,"1037, 1062",False,0,212,,-1036
1037,exp,1036,,7,14.0,6,14,256,Vector,1038,False,0,213,,-1037
1038,reduce_sum,1037,,8,14.0,6,14,1,Scalar,1045,False,0,199,,-1038
1039,sub,1009,1017,6,14.0,7,14,256,Vector,"1040, 1064",False,0,214,,-1039
1040,exp,1039,,7,14.0,7,14,256,Vector,1041,False,0,215,,-1040
1041,reduce_sum,1040,,8,14.0,7,14,1,Scalar,1045,False,0,200,,-1041
1042,add,1020,1023,9,14.0,,14,1,Scalar,1046,False,0,201,,-1042
1043,add,1026,1029,9,14.0,,14,1,Scalar,1046,False,0,202,,-1043
1044,add,1032,1035,9,14.0,,14,1,Scalar,1047,False,0,203,,-1044
1045,add,1038,1041,9,14.0,,14,1,Scalar,1047,False,0,204,,-1045
1046,add,1042,1043,10,14.0,,14,1,Scalar,1048,False,0,205,,-1046
1047,add,1044,1045,10,14.0,,14,1,Scalar,1048,False,0,206,,-1047
1048,add,1046,1047,11,14.0,,14,1,Scalar,1049,False,0,207,,-1048
1049,ln,1048,,12,14.0,,14,1,Scalar,"1050, 1052, 1054, 1056, 1058, 1060, 1062, 1064",False,0,208,,-1049
1050,sub,1018,1049,13,14.0,0,14,256,Vector,1051,False,0,216,,-1050
1051,store,1050,112,14,14.0,0,14,256,Vector,,False,0,,112,-1051
1052,sub,1021,1049,13,14.0,1,14,256,Vector,1053,False,0,217,,-1052
1053,store,1052,113,14,14.0,1,14,256,Vector,,False,0,,113,-1053
1054,sub,1024,1049,13,14.0,2,14,256,Vector,1055,False,0,218,,-1054
1055,store,1054,114,14,14.0,2,14,256,Vector,,False,0,,114,-1055
1056,sub,1027,1049,13,14.0,3,14,256,Vector,1057,False,0,219,,-1056
1057,store,1056,115,14,14.0,3,14,256,Vector,,False,0,,115,-1057
1058,sub,1030,1049,13,14.0,4,14,256,Vector,1059,False,0,220,,-1058
1059,store,1058,116,14,14.0,4,14,256,Vector,,False,0,,116,-1059
1060,sub,1033,1049,13,14.0,5,14,256,Vector,1061,False,0,221,,-1060
1061,store,1060,117,14,14.0,5,14,256,Vector,,False,0,,117,-1061
1062,sub,1036,1049,13,14.0,6,14,256,Vector,1063,False,0,222,,-1062
1063,store,1062,118,14,14.0,6,14,256,Vector,,False,0,,118,-1063
1064,sub,1039,1049,13,14.0,7,14,256,Vector,1065,False,0,223,,-1064
1065,store,1064,119,14,14.0,7,14,256,Vector,,False,0,,119,-1065
1066,load,120,,1,15.0,0,15,256,Vector,"1067, 1089",True,0,224,120,-1066
1067,reduce_max,1066,,2,15.0,0,15,1,Scalar,1082,False,0,209,,-1067
1068,load,121,,1,15.0,1,15,256,Vector,"1069, 1092",True,0,225,121,-1068
1069,reduce_max,1068,,2,15.0,1,15,1,Scalar,1082,False,0,210,,-1069
1070,load,122,,1,15.0,2,15,256,Vector,"1071, 1095",True,0,226,122,-1070
1071,reduce_max,1070,,2,15.0,2,15,1,Scalar,1083,False,0,211,,-1071
1072,load,123,,1,15.0,3,15,256,Vector,"1073, 1098",True,0,227,123,-1072
1073,reduce_max,1072,,2,15.0,3,15,1,Scalar,1083,False,0,212,,-1073
1074,load,124,,1,15.0,4,15,256,Vector,"1075, 1101",True,0,228,124,-1074
1075,reduce_max,1074,,2,15.0,4,15,1,Scalar,1084,False,0,213,,-1075
1076,load,125,,1,15.0,5,15,256,Vector,"1077, 1104",True,0,229,125,-1076
1077,reduce_max,1076,,2,15.0,5,15,1,Scalar,1084,False,0,214,,-1077
1078,load,126,,1,15.0,6,15,256,Vector,"1079, 1107",True,0,230,126,-1078
1079,reduce_max,1078,,2,15.0,6,15,1,Scalar,1085,False,0,215,,-1079
1080,load,127,,1,15.0,7,15,256,Vector,"1081, 1110",True,0,231,127,-1080
1081,reduce_max,1080,,2,15.0,7,15,1,Scalar,1085,False,0,216,,-1081
1082,max,1067,1069,3,15.0,,15,1,Scalar,1086,False,0,217,,-1082
1083,max,1071,1073,3,15.0,,15,1,Scalar,1086,False,0,218,,-1083
1084,max,1075,1077,3,15.0,,15,1,Scalar,1087,False,0,219,,-1084
1085,max,1079,1081,3,15.0,,15,1,Scalar,1087,False,0,220,,-1085
1086,max,1082,1083,4,15.0,,15,1,Scalar,1088,False,0,221,,-1086
1087,max,1084,1085,4,15.0,,15,1,Scalar,1088,False,0,222,,-1087
1088,max,1086,1087,5,15.0,,15,1,Scalar,"1089, 1092, 1095, 1098, 1101, 1104, 1107, 1110",False,0,223,,-1088
1089,sub,1066,1088,6,15.0,0,15,256,Vector,"1090, 1121",False,0,232,,-1089
1090,exp,1089,,7,15.0,0,15,256,Vector,1091,False,0,233,,-1090
1091,reduce_sum,1090,,8,15.0,0,15,1,Scalar,1113,False,0,224,,-1091
1092,sub,1068,1088,6,15.0,1,15,256,Vector,"1093, 1123",False,0,234,,-1092
1093,exp,1092,,7,15.0,1,15,256,Vector,1094,False,0,235,,-1093
1094,reduce_sum,1093,,8,15.0,1,15,1,Scalar,1113,False,0,225,,-1094
1095,sub,1070,1088,6,15.0,2,15,256,Vector,"1096, 1125",False,0,236,,-1095
1096,exp,1095,,7,15.0,2,15,256,Vector,1097,False,0,237,,-1096
1097,reduce_sum,1096,,8,15.0,2,15,1,Scalar,1114,False,0,226,,-1097
1098,sub,1072,1088,6,15.0,3,15,256,Vector,"1099, 1127",False,0,238,,-1098
1099,exp,1098,,7,15.0,3,15,256,Vector,1100,False,0,239,,-1099
1100,reduce_sum,1099,,8,15.0,3,15,1,Scalar,1114,False,0,227,,-1100
1101,sub,1074,1088,6,15.0,4,15,256,Vector,"1102, 1129",False,0,240,,-1101
1102,exp,1101,,7,15.0,4,15,256,Vector,1103,False,0,241,,-1102
1103,reduce_sum,1102,,8,15.0,4,15,1,Scalar,1115,False,0,228,,-1103
1104,sub,1076,1088,6,15.0,5,15,256,Vector,"1105, 1131",False,0,242,,-1104
1105,exp,1104,,7,15.0,5,15,256,Vector,1106,False,0,243,,-1105
1106,reduce_sum,1105,,8,15.0,5,15,1,Scalar,1115,False,0,229,,-1106
1107,sub,1078,1088,6,15.0,6,15,256,Vector,"1108, 1133",False,0,244,,-1107
1108,exp,1107,,7,15.0,6,15,256,Vector,1109,False,0,245,,-1108
1109,reduce_sum,1108,,8,15.0,6,15,1,Scalar,1116,False,0,230,,-1109
1110,sub,1080,1088,6,15.0,7,15,256,Vector,"1111, 1135",False,0,246,,-1110
1111,exp,1110,,7,15.0,7,15,256,Vector,1112,False,0,247,,-1111
1112,reduce_sum,1111,,8,15.0,7,15,1,Scalar,1116,False,0,231,,-1112
1113,add,1091,1094,9,15.0,,15,1,Scalar,1117,False,0,232,,-1113
1114,add,1097,1100,9,15.0,,15,1,Scalar,1117,False,0,233,,-1114
1115,add,1103,1106,9,15.0,,15,1,Scalar,1118,False,0,234,,-1115
1116,add,1109,1112,9,15.0,,15,1,Scalar,1118,False,0,235,,-1116
1117,add,1113,1114,10,15.0,,15,1,Scalar,1119,False,0,236,,-1117
1118,add,1115,1116,10,15.0,,15,1,Scalar,1119,False,0,237,,-1118
1119,add,1117,1118,11,15.0,,15,1,Scalar,1120,False,0,238,,-1119
1120,ln,1119,,12,15.0,,15,1,Scalar,"1121, 1123, 1125, 1127, 1129, 1131, 1133, 1135",False,0,239,,-1120
1121,sub,1089,1120,13,15.0,0,15,256,Vector,1122,False,0,248,,-1121
1122,store,1121,120,14,15.0,0,15,256,Vector,,False,0,,120,-1122
1123,sub,1092,1120,13,15.0,1,15,256,Vector,1124,False,0,249,,-1123
1124,store,1123,121,14,15.0,1,15,256,Vector,,False,0,,121,-1124
1125,sub,1095,1120,13,15.0,2,15,256,Vector,1126,False,0,250,,-1125
1126,store,1125,122,14,15.0,2,15,256,Vector,,False,0,,122,-1126
1127,sub,1098,1120,13,15.0,3,15,256,Vector,1128,False,0,251,,-1127
1128,store,1127,123,14,15.0,3,15,256,Vector,,False,0,,123,-1128
1129,sub,1101,1120,13,15.0,4,15,256,Vector,1130,False,0,252,,-1129
1130,store,1129,124,14,15.0,4,15,256,Vector,,False,0,,124,-1130
1131,sub,1104,1120,13,15.0,5,15,256,Vector,1132,False,0,253,,-1131
1132,store,1131,125,14,15.0,5,15,256,Vector,,False,0,,125,-1132
1133,sub,1107,1120,13,15.0,6,15,256,Vector,1134,False,0,254,,-1133
1134,store,1133,126,14,15.0,6,15,256,Vector,,False,0,,126,-1134
1135,sub,1110,1120,13,15.0,7,15,256,Vector,1136,False,0,255,,-1135
1136,store,1135,127,14,15.0,7,15,256,Vector,,False,0,,127,-1136
1137,load,128,,1,16.0,0,16,256,Vector,"1138, 1160",True,0,0,128,-1137
1138,reduce_max,1137,,2,16.0,0,16,1,Scalar,1153,False,0,240,,-1138
1139,load,129,,1,16.0,1,16,256,Vector,"1140, 1163",True,0,1,129,-1139
1140,reduce_max,1139,,2,16.0,1,16,1,Scalar,1153,False,0,241,,-1140
1141,load,130,,1,16.0,2,16,256,Vector,"1142, 1166",True,0,2,130,-1141
1142,reduce_max,1141,,2,16.0,2,16,1,Scalar,1154,False,0,242,,-1142
1143,load,131,,1,16.0,3,16,256,Vector,"1144, 1169",True,0,3,131,-1143
1144,reduce_max,1143,,2,16.0,3,16,1,Scalar,1154,False,0,243,,-1144
1145,load,132,,1,16.0,4,16,256,Vector,"1146, 1172",True,0,4,132,-1145
1146,reduce_max,1145,,2,16.0,4,16,1,Scalar,1155,False,0,244,,-1146
1147,load,133,,1,16.0,5,16,256,Vector,"1148, 1175",True,0,5,133,-1147
1148,reduce_max,1147,,2,16.0,5,16,1,Scalar,1155,False,0,245,,-1148
1149,load,134,,1,16.0,6,16,256,Vector,"1150, 1178",True,0,6,134,-1149
1150,reduce_max,1149,,2,16.0,6,16,1,Scalar,1156,False,0,246,,-1150
1151,load,135,,1,16.0,7,16,256,Vector,"1152, 1181",True,0,7,135,-1151
1152,reduce_max,1151,,2,16.0,7,16,1,Scalar,1156,False,0,247,,-1152
1153,max,1138,1140,3,16.0,,16,1,Scalar,1157,False,0,248,,-1153
1154,max,1142,1144,3,16.0,,16,1,Scalar,1157,False,0,249,,-1154
1155,max,1146,1148,3,16.0,,16,1,Scalar,1158,False,0,250,,-1155
1156,max,1150,1152,3,16.0,,16,1,Scalar,1158,False,0,251,,-1156
1157,max,1153,1154,4,16.0,,16,1,Scalar,1159,False,0,252,,-1157
1158,max,1155,1156,4,16.0,,16,1,Scalar,1159,False,0,253,,-1158
1159,max,1157,1158,5,16.0,,16,1,Scalar,"1160, 1163, 1166, 1169, 1172, 1175, 1178, 1181",False,0,254,,-1159
1160,sub,1137,1159,6,16.0,0,16,256,Vector,"1161, 1192",False,0,8,,-1160
1161,exp,1160,,7,16.0,0,16,256,Vector,1162,False,0,9,,-1161
1162,reduce_sum,1161,,8,16.0,0,16,1,Scalar,1184,False,0,255,,-1162
1163,sub,1139,1159,6,16.0,1,16,256,Vector,"1164, 1194",False,0,10,,-1163
1164,exp,1163,,7,16.0,1,16,256,Vector,1165,False,0,11,,-1164
1165,reduce_sum,1164,,8,16.0,1,16,1,Scalar,1184,False,0,0,,-1165
1166,sub,1141,1159,6,16.0,2,16,256,Vector,"1167, 1196",False,0,12,,-1166
1167,exp,1166,,7,16.0,2,16,256,Vector,1168,False,0,13,,-1167
1168,reduce_sum,1167,,8,16.0,2,16,1,Scalar,1185,False,0,1,,-1168
1169,sub,1143,1159,6,16.0,3,16,256,Vector,"1170, 1198",False,0,14,,-1169
1170,exp,1169,,7,16.0,3,16,256,Vector,1171,False,0,15,,-1170
1171,reduce_sum,1170,,8,16.0,3,16,1,Scalar,1185,False,0,2,,-1171
1172,sub,1145,1159,6,16.0,4,16,256,Vector,"1173, 1200",False,0,16,,-1172
1173,exp,1172,,7,16.0,4,16,256,Vector,1174,False,0,17,,-1173
1174,reduce_sum,1173,,8,16.0,4,16,1,Scalar,1186,False,0,3,,-1174
1175,sub,1147,1159,6,16.0,5,16,256,Vector,"1176, 1202",False,0,18,,-1175
1176,exp,1175,,7,16.0,5,16,256,Vector,1177,False,0,19,,-1176
1177,reduce_sum,1176,,8,16.0,5,16,1,Scalar,1186,False,0,4,,-1177
1178,sub,1149,1159,6,16.0,6,16,256,Vector,"1179, 1204",False,0,20,,-1178
1179,exp,1178,,7,16.0,6,16,256,Vector,1180,False,0,21,,-1179
1180,reduce_sum,1179,,8,16.0,6,16,1,Scalar,1187,False,0,5,,-1180
1181,sub,1151,1159,6,16.0,7,16,256,Vector,"1182, 1206",False,0,22,,-1181
1182,exp,1181,,7,16.0,7,16,256,Vector,1183,False,0,23,,-1182
1183,reduce_sum,1182,,8,16.0,7,16,1,Scalar,1187,False,0,6,,-1183
1184,add,1162,1165,9,16.0,,16,1,Scalar,1188,False,0,7,,-1184
1185,add,1168,1171,9,16.0,,16,1,Scalar,1188,False,0,8,,-1185
1186,add,1174,1177,9,16.0,,16,1,Scalar,1189,False,0,9,,-1186
1187,add,1180,1183,9,16.0,,16,1,Scalar,1189,False,0,10,,-1187
1188,add,1184,1185,10,16.0,,16,1,Scalar,1190,False,0,11,,-1188
1189,add,1186,1187,10,16.0,,16,1,Scalar,1190,False,0,12,,-1189
1190,add,1188,1189,11,16.0,,16,1,Scalar,1191,False,0,13,,-1190
1191,ln,1190,,12,16.0,,16,1,Scalar,"1192, 1194, 1196, 1198, 1200, 1202, 1204, 1206",False,0,14,,-1191
1192,sub,1160,1191,13,16.0,0,16,256,Vector,1193,False,0,24,,-1192
1193,store,1192,128,14,16.0,0,16,256,Vector,,False,0,,128,-1193
1194,sub,1163,1191,13,16.0,1,16,256,Vector,1195,False,0,25,,-1194
1195,store,1194,129,14,16.0,1,16,256,Vector,,False,0,,129,-1195
1196,sub,1166,1191,13,16.0,2,16,256,Vector,1197,False,0,26,,-1196
1197,store,1196,130,14,16.0,2,16,256,Vector,,False,0,,130,-1197
1198,sub,1169,1191,13,16.0,3,16,256,Vector,1199,False,0,27,,-1198
1199,store,1198,131,14,16.0,3,16,256,Vector,,False,0,,131,-1199
1200,sub,1172,1191,13,16.0,4,16,256,Vector,1201,False,0,28,,-1200
1201,store,1200,132,14,16.0,4,16,256,Vector,,False,0,,132,-1201
1202,sub,1175,1191,13,16.0,5,16,256,Vector,1203,False,0,29,,-1202
1203,store,1202,133,14,16.0,5,16,256,Vector,,False,0,,133,-1203
1204,sub,1178,1191,13,16.0,6,16,256,Vector,1205,False,0,30,,-1204
1205,store,1204,134,14,16.0,6,16,256,Vector,,False,0,,134,-1205
1206,sub,1181,1191,13,16.0,7,16,256,Vector,1207,False,0,31,,-1206
1207,store,1206,135,14,16.0,7,16,256,Vector,,False,0,,135,-1207
1208,load,136,,1,17.0,0,17,256,Vector,"1209, 1231",True,0,32,136,-1208
1209,reduce_max,1208,,2,17.0,0,17,1,Scalar,1224,False,0,15,,-1209
1210,load,137,,1,17.0,1,17,256,Vector,"1211, 1234",True,0,33,137,-1210
1211,reduce_max,1210,,2,17.0,1,17,1,Scalar,1224,False,0,16,,-1211
1212,load,138,,1,17.0,2,17,256,Vector,"1213, 1237",True,0,34,138,-1212
1213,reduce_max,1212,,2,17.0,2,17,1,Scalar,1225,False,0,17,,-1213
1214,load,139,,1,17.0,3,17,256,Vector,"1215, 1240",True,0,35,139,-1214
1215,reduce_max,1214,,2,17.0,3,17,1,Scalar,1225,False,0,18,,-1215
1216,load,140,,1,17.0,4,17,256,Vector,"1217, 1243",True,0,36,140,-1216
1217,reduce_max,1216,,2,17.0,4,17,1,Scalar,1226,False,0,19,,-1217
1218,load,141,,1,17.0,5,17,256,Vector,"1219, 1246",True,0,37,141,-1218
1219,reduce_max,1218,,2,17.0,5,17,1,Scalar,1226,False,0,20,,-1219
1220,load,142,,1,17.0,6,17,256,Vector,"1221, 1249",True,0,38,142,-1220
1221,reduce_max,1220,,2,17.0,6,17,1,Scalar,1227,False,0,21,,-1221
1222,load,143,,1,17.0,7,17,256,Vector,"1223, 1252",True,0,39,143,-1222
1223,reduce_max,1222,,2,17.0,7,17,1,Scalar,1227,False,0,22,,-1223
1224,max,1209,1211,3,17.0,,17,1,Scalar,1228,False,0,23,,-1224
1225,max,1213,1215,3,17.0,,17,1,Scalar,1228,False,0,24,,-1225
1226,max,1217,1219,3,17.0,,17,1,Scalar,1229,False,0,25,,-1226
1227,max,1221,1223,3,17.0,,17,1,Scalar,1229,False,0,26,,-1227
1228,max,1224,1225,4,17.0,,17,1,Scalar,1230,False,0,27,,-1228
1229,max,1226,1227,4,17.0,,17,1,Scalar,1230,False,0,28,,-1229
1230,max,1228,1229,5,17.0,,17,1,Scalar,"1231, 1234, 1237, 1240, 1243, 1246, 1249, 1252",False,0,29,,-1230
1231,sub,1208,1230,6,17.0,0,17,256,Vector,"1232, 1263",False,0,40,,-1231
1232,exp,1231,,7,17.0,0,17,256,Vector,1233,False,0,41,,-1232
1233,reduce_sum,1232,,8,17.0,0,17,1,Scalar,1255,False,0,30,,-1233
1234,sub,1210,1230,6,17.0,1,17,256,Vector,"1235, 1265",False,0,42,,-1234
1235,exp,1234,,7,17.0,1,17,256,Vector,1236,False,0,43,,-1235
1236,reduce_sum,1235,,8,17.0,1,17,1,Scalar,1255,False,0,31,,-1236
1237,sub,1212,1230,6,17.0,2,17,256,Vector,"1238, 1267",False,0,44,,-1237
1238,exp,1237,,7,17.0,2,17,256,Vector,1239,False,0,45,,-1238
1239,reduce_sum,1238,,8,17.0,2,17,1,Scalar,1256,False,0,32,,-1239
1240,sub,1214,1230,6,17.0,3,17,256,Vector,"1241, 1269",False,0,46,,-1240
1241,exp,1240,,7,17.0,3,17,256,Vector,1242,False,0,47,,-1241
1242,reduce_sum,1241,,8,17.0,3,17,1,Scalar,1256,False,0,33,,-1242
1243,sub,1216,1230,6,17.0,4,17,256,Vector,"1244, 1271",False,0,48,,-1243
1244,exp,1243,,7,17.0,4,17,256,Vector,1245,False,0,49,,-1244
1245,reduce_sum,1244,,8,17.0,4,17,1,Scalar,1257,False,0,34,,-1245
1246,sub,1218,1230,6,17.0,5,17,256,Vector,"1247, 1273",False,0,50,,-1246
1247,exp,1246,,7,17.0,5,17,256,Vector,1248,False,0,51,,-1247
1248,reduce_sum,1247,,8,17.0,5,17,1,Scalar,1257,False,0,35,,-1248
1249,sub,1220,1230,6,17.0,6,17,256,Vector,"1250, 1275",False,0,52,,-1249
1250,exp,1249,,7,17.0,6,17,256,Vector,1251,False,0,53,,-1250
1251,reduce_sum,1250,,8,17.0,6,17,1,Scalar,1258,False,0,36,,-1251
1252,sub,1222,1230,6,17.0,7,17,256,Vector,"1253, 1277",False,0,54,,-1252
1253,exp,1252,,7,17.0,7,17,256,Vector,1254,False,0,55,,-1253
1254,reduce_sum,1253,,8,17.0,7,17,1,Scalar,1258,False,0,37,,-1254
1255,add,1233,1236,9,17.0,,17,1,Scalar,1259,False,0,38,,-1255
1256,add,1239,1242,9,17.0,,17,1,Scalar,1259,False,0,39,,-1256
1257,add,1245,1248,9,17.0,,17,1,Scalar,1260,False,0,40,,-1257
1258,add,1251,1254,9,17.0,,17,1,Scalar,1260,False,0,41,,-1258
1259,add,1255,1256,10,17.0,,17,1,Scalar,1261,False,0,42,,-1259
1260,add,1257,1258,10,17.0,,17,1,Scalar,1261,False,0,43,,-1260
1261,add,1259,1260,11,17.0,,17,1,Scalar,1262,False,0,44,,-1261
1262,ln,1261,,12,17.0,,17,1,Scalar,"1263, 1265, 1267, 1269, 1271, 1273, 1275, 1277",False,0,45,,-1262
1263,sub,1231,1262,13,17.0,0,17,256,Vector,1264,False,0,56,,-1263
1264,store,1263,136,14,17.0,0,17,256,Vector,,False,0,,136,-1264
1265,sub,1234,1262,13,17.0,1,17,256,Vector,1266,False,0,57,,-1265
1266,store,1265,137,14,17.0,1,17,256,Vector,,False,0,,137,-1266
1267,sub,1237,1262,13,17.0,2,17,256,Vector,1268,False,0,58,,-1267
1268,store,1267,138,14,17.0,2,17,256,Vector,,False,0,,138,-1268
1269,sub,1240,1262,13,17.0,3,17,256,Vector,1270,False,0,59,,-1269
1270,store,1269,139,14,17.0,3,17,256,Vector,,False,0,,139,-1270
1271,sub,1243,1262,13,17.0,4,17,256,Vector,1272,False,0,60,,-1271
1272,store,1271,140,14,17.0,4,17,256,Vector,,False,0,,140,-1272
1273,sub,1246,1262,13,17.0,5,17,256,Vector,1274,False,0,61,,-1273
1274,store,1273,141,14,17.0,5,17,256,Vector,,False,0,,141,-1274
1275,sub,1249,1262,13,17.0,6,17,256,Vector,1276,False,0,62,,-1275
1276,store,1275,142,14,17.0,6,17,256,Vector,,False,0,,142,-1276
1277,sub,1252,1262,13,17.0,7,17,256,Vector,1278,False,0,63,,-1277
1278,store,1277,143,14,17.0,7,17,256,Vector,,False,0,,143,-1278
1279,load,144,,1,18.0,0,18,256,Vector,"1280, 1302",True,0,64,144,-1279
1280,reduce_max,1279,,2,18.0,0,18,1,Scalar,1295,False,0,46,,-1280
1281,load,145,,1,18.0,1,18,256,Vector,"1282, 1305",True,0,65,145,-1281
1282,reduce_max,1281,,2,18.0,1,18,1,Scalar,1295,False,0,47,,-1282
1283,load,146,,1,18.0,2,18,256,Vector,"1284, 1308",True,0,66,146,-1283
1284,reduce_max,1283,,2,18.0,2,18,1,Scalar,1296,False,0,48,,-1284
1285,load,147,,1,18.0,3,18,256,Vector,"1286, 1311",True,0,67,147,-1285
1286,reduce_max,1285,,2,18.0,3,18,1,Scalar,1296,False,0,49,,-1286
1287,load,148,,1,18.0,4,18,256,Vector,"1288, 1314",True,0,68,148,-1287
1288,reduce_max,1287,,2,18.0,4,18,1,Scalar,1297,False,0,50,,-1288
1289,load,149,,1,18.0,5,18,256,Vector,"1290, 1317",True,0,69,149,-1289
1290,reduce_max,1289,,2,18.0,5,18,1,Scalar,1297,False,0,51,,-1290
1291,load,150,,1,18.0,6,18,256,Vector,"1292, 1320",True,0,70,150,-1291
1292,reduce_max,1291,,2,18.0,6,18,1,Scalar,1298,False,0,52,,-1292
1293,load,151,,1,18.0,7,18,256,Vector,"1294, 1323",True,0,71,151,-1293
1294,reduce_max,1293,,2,18.0,7,18,1,Scalar,1298,False,0,53,,-1294
1295,max,1280,1282,3,18.0,,18,1,Scalar,1299,False,0,54,,-1295
1296,max,1284,1286,3,18.0,,18,1,Scalar,1299,False,0,55,,-1296
1297,max,1288,1290,3,18.0,,18,1,Scalar,1300,False,0,56,,-1297
1298,max,1292,1294,3,18.0,,18,1,Scalar,1300,False,0,57,,-1298
1299,max,1295,1296,4,18.0,,18,1,Scalar,1301,False,0,58,,-1299
1300,max,1297,1298,4,18.0,,18,1,Scalar,1301,False,0,59,,-1300
1301,max,1299,1300,5,18.0,,18,1,Scalar,"1302, 1305, 1308, 1311, 1314, 1317, 1320, 1323",False,0,60,,-1301
1302,sub,1279,1301,6,18.0,0,18,256,Vector,"1303, 1334",False,0,72,,-1302
1303,exp,1302,,7,18.0,0,18,256,Vector,1304,False,0,73,,-1303
1304,reduce_sum,1303,,8,18.0,0,18,1,Scalar,1326,False,0,61,,-1304
1305,sub,1281,1301,6,18.0,1,18,256,Vector,"1306, 1336",False,0,74,,-1305
1306,exp,1305,,7,18.0,1,18,256,Vector,1307,False,0,75,,-1306
1307,reduce_sum,1306,,8,18.0,1,18,1,Scalar,1326,False,0,62,,-1307
1308,sub,1283,1301,6,18.0,2,18,256,Vector,"1309, 1338",False,0,76,,-1308
1309,exp,1308,,7,18.0,2,18,256,Vector,1310,False,0,77,,-1309
1310,reduce_sum,1309,,8,18.0,2,18,1,Scalar,1327,False,0,63,,-1310
1311,sub,1285,1301,6,18.0,3,18,256,Vector,"1312, 1340",False,0,78,,-1311
1312,exp,1311,,7,18.0,3,18,256,Vector,1313,False,0,79,,-1312
1313,reduce_sum,1312,,8,18.0,3,18,1,Scalar,1327,False,0,64,,-1313
1314,sub,1287,1301,6,18.0,4,18,256,Vector,"1315, 1342",False,0,80,,-1314
1315,exp,1314,,7,18.0,4,18,256,Vector,1316,False,0,81,,-1315
1316,reduce_sum,1315,,8,18.0,4,18,1,Scalar,1328,False,0,65,,-1316
1317,sub,1289,1301,6,18.0,5,18,256,Vector,"1318, 1344",False,0,82,,-1317
1318,exp,1317,,7,18.0,5,18,256,Vector,1319,False,0,83,,-1318
1319,reduce_sum,1318,,8,18.0,5,18,1,Scalar,1328,False,0,66,,-1319
1320,sub,1291,1301,6,18.0,6,18,256,Vector,"1321, 1346",False,0,84,,-1320
1321,exp,1320,,7,18.0,6,18,256,Vector,1322,False,0,85,,-1321
1322,reduce_sum,1321,,8,18.0,6,18,1,Scalar,1329,False,0,67,,-1322
1323,sub,1293,1301,6,18.0,7,18,256,Vector,"1324, 1348",False,0,86,,-1323
1324,exp,1323,,7,18.0,7,18,256,Vector,1325,False,0,87,,-1324
1325,reduce_sum,1324,,8,18.0,7,18,1,Scalar,1329,False,0,68,,-1325
1326,add,1304,1307,9,18.0,,18,1,Scalar,1330,False,0,69,,-1326
1327,add,1310,1313,9,18.0,,18,1,Scalar,1330,False,0,70,,-1327
1328,add,1316,1319,9,18.0,,18,1,Scalar,1331,False,0,71,,-1328
1329,add,1322,1325,9,18.0,,18,1,Scalar,1331,False,0,72,,-1329
1330,add,1326,1327,10,18.0,,18,1,Scalar,1332,False,0,73,,-1330
1331,add,1328,1329,10,18.0,,18,1,Scalar,1332,False,0,74,,-1331
1332,add,1330,1331,11,18.0,,18,1,Scalar,1333,False,0,75,,-1332
1333,ln,1332,,12,18.0,,18,1,Scalar,"1334, 1336, 1338, 1340, 1342, 1344, 1346, 1348",False,0,76,,-1333
1334,sub,1302,1333,13,18.0,0,18,256,Vector,1335,False,0,88,,-1334
1335,store,1334,144,14,18.0,0,18,256,Vector,,False,0,,144,-1335
1336,sub,1305,1333,13,18.0,1,18,256,Vector,1337,False,0,89,,-1336
1337,store,1336,145,14,18.0,1,18,256,Vector,,False,0,,145,-1337
1338,sub,1308,1333,13,18.0,2,18,256,Vector,1339,False,0,90,,-1338
1339,store,1338,146,14,18.0,2,18,256,Vector,,False,0,,146,-1339
1340,sub,1311,1333,13,18.0,3,18,256,Vector,1341,False,0,91,,-1340
1341,store,1340,147,14,18.0,3,18,256,Vector,,False,0,,147,-1341
1342,sub,1314,1333,13,18.0,4,18,256,Vector,1343,False,0,92,,-1342
1343,store,1342,148,14,18.0,4,18,256,Vector,,False,0,,148,-1343
1344,sub,1317,1333,13,18.0,5,18,256,Vector,1345,False,0,93,,-1344
1345,store,1344,149,14,18.0,5,18,256,Vector,,False,0,,149,-1345
1346,sub,1320,1333,13,18.0,6,18,256,Vector,1347,False,0,94,,-1346
1347,store,1346,150,14,18.0,6,18,256,Vector,,False,0,,150,-1347
1348,sub,1323,1333,13,18.0,7,18,256,Vector,1349,False,0,95,,-1348
1349,store,1348,151,14,18.0,7,18,256,Vector,,False,0,,151,-1349
1350,load,152,,1,19.0,0,19,256,Vector,"1351, 1373",True,0,96,152,-1350
1351,reduce_max,1350,,2,19.0,0,19,1,Scalar,1366,False,0,77,,-1351
1352,load,153,,1,19.0,1,19,256,Vector,"1353, 1376",True,0,97,153,-1352
1353,reduce_max,1352,,2,19.0,1,19,1,Scalar,1366,False,0,78,,-1353
1354,load,154,,1,19.0,2,19,256,Vector,"1355, 1379",True,0,98,154,-1354
1355,reduce_max,1354,,2,19.0,2,19,1,Scalar,1367,False,0,79,,-1355
1356,load,155,,1,19.0,3,19,256,Vector,"1357, 1382",True,0,99,155,-1356
1357,reduce_max,1356,,2,19.0,3,19,1,Scalar,1367,False,0,80,,-1357
1358,load,156,,1,19.0,4,19,256,Vector,"1359, 1385",True,0,100,156,-1358
1359,reduce_max,1358,,2,19.0,4,19,1,Scalar,1368,False,0,81,,-1359
1360,load,157,,1,19.0,5,19,256,Vector,"1361, 1388",True,0,101,157,-1360
1361,reduce_max,1360,,2,19.0,5,19,1,Scalar,1368,False,0,82,,-1361
1362,load,158,,1,19.0,6,19,256,Vector,"1363, 1391",True,0,102,158,-1362
1363,reduce_max,1362,,2,19.0,6,19,1,Scalar,1369,False,0,83,,-1363
1364,load,159,,1,19.0,7,19,256,Vector,"1365, 1394",True,0,103,159,-1364
1365,reduce_max,1364,,2,19.0,7,19,1,Scalar,1369,False,0,84,,-1365
1366,max,1351,1353,3,19.0,,19,1,Scalar,1370,False,0,85,,-1366
1367,max,1355,1357,3,19.0,,19,1,Scalar,1370,False,0,86,,-1367
1368,max,1359,1361,3,19.0,,19,1,Scalar,1371,False,0,87,,-1368
1369,max,1363,1365,3,19.0,,19,1,Scalar,1371,False,0,88,,-1369
1370,max,1366,1367,4,19.0,,19,1,Scalar,1372,False,0,89,,-1370
1371,max,1368,1369,4,19.0,,19,1,Scalar,1372,False,0,90,,-1371
1372,max,1370,1371,5,19.0,,19,1,Scalar,"1373, 1376, 1379, 1382, 1385, 1388, 1391, 1394",False,0,91,,-1372
1373,sub,1350,1372,6,19.0,0,19,256,Vector,"1374, 1405",False,0,104,,-1373
1374,exp,1373,,7,19.0,0,19,256,Vector,1375,False,0,105,,-1374
1375,reduce_sum,1374,,8,19.0,0,19,1,Scalar,1397,False,0,92,,-1375
1376,sub,1352,1372,6,19.0,1,19,256,Vector,"1377, 1407",False,0,106,,-1376
1377,exp,1376,,7,19.0,1,19,256,Vector,1378,False,0,107,,-1377
1378,reduce_sum,1377,,8,19.0,1,19,1,Scalar,1397,False,0,93,,-1378
1379,sub,1354,1372,6,19.0,2,19,256,Vector,"1380, 1409",False,0,108,,-1379
1380,exp,1379,,7,19.0,2,19,256,Vector,1381,False,0,109,,-1380
1381,reduce_sum,1380,,8,19.0,2,19,1,Scalar,1398,False,0,94,,-1381
1382,sub,1356,1372,6,19.0,3,19,256,Vector,"1383, 1411",False,0,110,,-1382
1383,exp,1382,,7,19.0,3,19,256,Vector,1384,False,0,111,,-1383
1384,reduce_sum,1383,,8,19.0,3,19,1,Scalar,1398,False,0,95,,-1384
1385,sub,1358,1372,6,19.0,4,19,256,Vector,"1386, 1413",False,0,112,,-1385
1386,exp,1385,,7,19.0,4,19,256,Vector,1387,False,0,113,,-1386
1387,reduce_sum,1386,,8,19.0,4,19,1,Scalar,1399,False,0,96,,-1387
1388,sub,1360,1372,6,19.0,5,19,256,Vector,"1389, 1415",False,0,114,,-1388
1389,exp,1388,,7,19.0,5,19,256,Vector,1390,False,0,115,,-1389
1390,reduce_sum,1389,,8,19.0,5,19,1,Scalar,1399,False,0,97,,-1390
1391,sub,1362,1372,6,19.0,6,19,256,Vector,"1392, 1417",False,0,116,,-1391
1392,exp,1391,,7,19.0,6,19,256,Vector,1393,False,0,117,,-1392
1393,reduce_sum,1392,,8,19.0,6,19,1,Scalar,1400,False,0,98,,-1393
1394,sub,1364,1372,6,19.0,7,19,256,Vector,"1395, 1419",False,0,118,,-1394
1395,exp,1394,,7,19.0,7,19,256,Vector,1396,False,0,119,,-1395
1396,reduce_sum,1395,,8,19.0,7,19,1,Scalar,1400,False,0,99,,-1396
1397,add,1375,1378,9,19.0,,19,1,Scalar,1401,False,0,100,,-1397
1398,add,1381,1384,9,19.0,,19,1,Scalar,1401,False,0,101,,-1398
1399,add,1387,1390,9,19.0,,19,1,Scalar,1402,False,0,102,,-1399
1400,add,1393,1396,9,19.0,,19,1,Scalar,1402,False,0,103,,-1400
1401,add,1397,1398,10,19.0,,19,1,Scalar,1403,False,0,104,,-1401
1402,add,1399,1400,10,19.0,,19,1,Scalar,1403,False,0,105,,-1402
1403,add,1401,1402,11,19.0,,19,1,Scalar,1404,False,0,106,,-1403
1404,ln,1403,,12,19.0,,19,1,Scalar,"1405, 1407, 1409, 1411, 1413, 1415, 1417, 1419",False,0,107,,-1404
1405,sub,1373,1404,13,19.0,0,19,256,Vector,1406,False,0,120,,-1405
1406,store,1405,152,14,19.0,0,19,256,Vector,,False,0,,152,-1406
1407,sub,1376,1404,13,19.0,1,19,256,Vector,1408,False,0,121,,-1407
1408,store,1407,153,14,19.0,1,19,256,Vector,,False,0,,153,-1408
1409,sub,1379,1404,13,19.0,2,19,256,Vector,1410,False,0,122,,-1409
1410,store,1409,154,14,19.0,2,19,256,Vector,,False,0,,154,-1410
1411,sub,1382,1404,13,19.0,3,19,256,Vector,1412,False,0,123,,-1411
1412,store,1411,155,14,19.0,3,19,256,Vector,,False,0,,155,-1412
1413,sub,1385,1404,13,19.0,4,19,256,Vector,1414,False,0,124,,-1413
1414,store,1413,156,14,19.0,4,19,256,Vector,,False,0,,156,-1414
1415,sub,1388,1404,13,19.0,5,19,256,Vector,1416,False,0,125,,-1415
1416,store,1415,157,14,19.0,5,19,256,Vector,,False,0,,157,-1416
1417,sub,1391,1404,13,19.0,6,19,256,Vector,1418,False,0,126,,-1417
1418,store,1417,158,14,19.0,6,19,256,Vector,,False,0,,158,-1418
1419,sub,1394,1404,13,19.0,7,19,256,Vector,1420,False,0,127,,-1419
1420,store,1419,159,14,19.0,7,19,256,Vector,,False,0,,159,-1420
1421,load,160,,1,20.0,0,20,256,Vector,"1422, 1444",True,0,128,160,-1421
1422,reduce_max,1421,,2,20.0,0,20,1,Scalar,1437,False,0,108,,-1422
1423,load,161,,1,20.0,1,20,256,Vector,"1424, 1447",True,0,129,161,-1423
1424,reduce_max,1423,,2,20.0,1,20,1,Scalar,1437,False,0,109,,-1424
1425,load,162,,1,20.0,2,20,256,Vector,"1426, 1450",True,0,130,162,-1425
1426,reduce_max,1425,,2,20.0,2,20,1,Scalar,1438,False,0,110,,-1426
1427,load,163,,1,20.0,3,20,256,Vector,"1428, 1453",True,0,131,163,-1427
1428,reduce_max,1427,,2,20.0,3,20,1,Scalar,1438,False,0,111,,-1428
1429,load,164,,1,20.0,4,20,256,Vector,"1430, 1456",True,0,132,164,-1429
1430,reduce_max,1429,,2,20.0,4,20,1,Scalar,1439,False,0,112,,-1430
1431,load,165,,1,20.0,5,20,256,Vector,"1432, 1459",True,0,133,165,-1431
1432,reduce_max,1431,,2,20.0,5,20,1,Scalar,1439,False,0,113,,-1432
1433,load,166,,1,20.0,6,20,256,Vector,"1434, 1462",True,0,134,166,-1433
1434,reduce_max,1433,,2,20.0,6,20,1,Scalar,1440,False,0,114,,-1434
1435,load,167,,1,20.0,7,20,256,Vector,"1436, 1465",True,0,135,167,-1435
1436,reduce_max,1435,,2,20.0,7,20,1,Scalar,1440,False,0,115,,-1436
1437,max,1422,1424,3,20.0,,20,1,Scalar,1441,False,0,116,,-1437
1438,max,1426,1428,3,20.0,,20,1,Scalar,1441,False,0,117,,-1438
1439,max,1430,1432,3,20.0,,20,1,Scalar,1442,False,0,118,,-1439
1440,max,1434,1436,3,20.0,,20,1,Scalar,1442,False,0,119,,-1440
1441,max,1437,1438,4,20.0,,20,1,Scalar,1443,False,0,120,,-1441
1442,max,1439,1440,4,20.0,,20,1,Scalar,1443,False,0,121,,-1442
1443,max,1441,1442,5,20.0,,20,1,Scalar,"1444, 1447, 1450, 1453, 1456, 1459, 1462, 1465",False,0,122,,-1443
1444,sub,1421,1443,6,20.0,0,20,256,Vector,"1445, 1476",False,0,136,,-1444
1445,exp,1444,,7,20.0,0,20,256,Vector,1446,False,0,137,,-1445
1446,reduce_sum,1445,,8,20.0,0,20,1,Scalar,1468,False,0,123,,-1446
1447,sub,1423,1443,6,20.0,1,20,256,Vector,"1448, 1478",False,0,138,,-1447
1448,exp,1447,,7,20.0,1,20,256,Vector,1449,False,0,139,,-1448
1449,reduce_sum,1448,,8,20.0,1,20,1,Scalar,1468,False,0,124,,-1449
1450,sub,1425,1443,6,20.0,2,20,256,Vector,"1451, 1480",False,0,140,,-1450
1451,exp,1450,,7,20.0,2,20,256,Vector,1452,False,0,141,,-1451
1452,reduce_sum,1451,,8,20.0,2,20,1,Scalar,1469,False,0,125,,-1452
1453,sub,1427,1443,6,20.0,3,20,256,Vector,"1454, 1482",False,0,142,,-1453
1454,exp,1453,,7,20.0,3,20,256,Vector,1455,False,0,143,,-1454
1455,reduce_sum,1454,,8,20.0,3,20,1,Scalar,1469,False,0,126,,-1455
1456,sub,1429,1443,6,20.0,4,20,256,Vector,"1457, 1484",False,0,144,,-1456
1457,exp,1456,,7,20.0,4,20,256,Vector,1458,False,0,145,,-1457
1458,reduce_sum,1457,,8,20.0,4,20,1,Scalar,1470,False,0,127,,-1458
1459,sub,1431,1443,6,20.0,5,20,256,Vector,"1460, 1486",False,0,146,,-1459
1460,exp,1459,,7,20.0,5,20,256,Vector,1461,False,0,147,,-1460
1461,reduce_sum,1460,,8,20.0,5,20,1,Scalar,1470,False,0,128,,-1461
1462,sub,1433,1443,6,20.0,6,20,256,Vector,"1463, 1488",False,0,148,,-1462
1463,exp,1462,,7,20.0,6,20,256,Vector,1464,False,0,149,,-1463
1464,reduce_sum,1463,,8,20.0,6,20,1,Scalar,1471,False,0,129,,-1464
1465,sub,1435,1443,6,20.0,7,20,256,Vector,"1466, 1490",False,0,150,,-1465
1466,exp,1465,,7,20.0,7,20,256,Vector,1467,False,0,151,,-1466
1467,reduce_sum,1466,,8,20.0,7,20,1,Scalar,1471,False,0,130,,-1467
1468,add,1446,1449,9,20.0,,20,1,Scalar,1472,False,0,131,,-1468
1469,add,1452,1455,9,20.0,,20,1,Scalar,1472,False,0,132,,-1469
1470,add,1458,1461,9,20.0,,20,1,Scalar,1473,False,0,133,,-1470
1471,add,1464,1467,9,20.0,,20,1,Scalar,1473,False,0,134,,-1471
1472,add,1468,1469,10,20.0,,20,1,Scalar,1474,False,0,135,,-1472
1473,add,1470,1471,10,20.0,,20,1,Scalar,1474,False,0,136,,-1473
1474,add,1472,1473,11,20.0,,20,1,Scalar,1475,False,0,137,,-1474
1475,ln,1474,,12,20.0,,20,1,Scalar,"1476, 1478, 1480, 1482, 1484, 1486, 1488, 1490",False,0,138,,-1475
1476,sub,1444,1475,13,20.0,0,20,256,Vector,1477,False,0,152,,-1476
1477,store,1476,160,14,20.0,0,20,256,Vector,,False,0,,160,-1477
1478,sub,1447,1475,13,20.0,1,20,256,Vector,1479,False,0,153,,-1478
1479,store,1478,161,14,20.0,1,20,256,Vector,,False,0,,161,-1479
1480,sub,1450,1475,13,20.0,2,20,256,Vector,1481,False,0,154,,-1480
1481,store,1480,162,14,20.0,2,20,256,Vector,,False,0,,162,-1481
1482,sub,1453,1475,13,20.0,3,20,256,Vector,1483,False,0,155,,-1482
1483,store,1482,163,14,20.0,3,20,256,Vector,,False,0,,163,-1483
1484,sub,1456,1475,13,20.0,4,20,256,Vector,1485,False,0,156,,-1484
1485,store,1484,164,14,20.0,4,20,256,Vector,,False,0,,164,-1485
1486,sub,1459,1475,13,20.0,5,20,256,Vector,1487,False,0,157,,-1486
1487,store,1486,165,14,20.0,5,20,256,Vector,,False,0,,165,-1487
1488,sub,1462,1475,13,20.0,6,20,256,Vector,1489,False,0,158,,-1488
1489,store,1488,166,14,20.0,6,20,256,Vector,,False,0,,166,-1489
1490,sub,1465,1475,13,20.0,7,20,256,Vector,1491,False,0,159,,-1490
1491,store,1490,167,14,20.0,7,20,256,Vector,,False,0,,167,-1491
1492,load,168,,1,21.0,0,21,256,Vector,"1493, 1515",True,0,160,168,-1492
1493,reduce_max,1492,,2,21.0,0,21,1,Scalar,1508,False,0,139,,-1493
1494,load,169,,1,21.0,1,21,256,Vector,"1495, 1518",True,0,161,169,-1494
1495,reduce_max,1494,,2,21.0,1,21,1,Scalar,1508,False,0,140,,-1495
1496,load,170,,1,21.0,2,21,256,Vector,"1497, 1521",True,0,162,170,-1496
1497,reduce_max,1496,,2,21.0,2,21,1,Scalar,1509,False,0,141,,-1497
1498,load,171,,1,21.0,3,21,256,Vector,"1499, 1524",True,0,163,171,-1498
1499,reduce_max,1498,,2,21.0,3,21,1,Scalar,1509,False,0,142,,-1499
1500,load,172,,1,21.0,4,21,256,Vector,"1501, 1527",True,0,164,172,-1500
1501,reduce_max,1500,,2,21.0,4,21,1,Scalar,1510,False,0,143,,-1501
1502,load,173,,1,21.0,5,21,256,Vector,"1503, 1530",True,0,165,173,-1502
1503,reduce_max,1502,,2,21.0,5,21,1,Scalar,1510,False,0,144,,-1503
1504,load,174,,1,21.0,6,21,256,Vector,"1505, 1533",True,0,166,174,-1504
1505,reduce_max,1504,,2,21.0,6,21,1,Scalar,1511,False,0,145,,-1505
1506,load,175,,1,21.0,7,21,256,Vector,"1507, 1536",True,0,167,175,-1506
1507,reduce_max,1506,,2,21.0,7,21,1,Scalar,1511,False,0,146,,-1507
1508,max,1493,1495,3,21.0,,21,1,Scalar,1512,False,0,147,,-1508
1509,max,1497,1499,3,21.0,,21,1,Scalar,1512,False,0,148,,-1509
1510,max,1501,1503,3,21.0,,21,1,Scalar,1513,False,0,149,,-1510
1511,max,1505,1507,3,21.0,,21,1,Scalar,1513,False,0,150,,-1511
1512,max,1508,1509,4,21.0,,21,1,Scalar,1514,False,0,151,,-1512
1513,max,1510,1511,4,21.0,,21,1,Scalar,1514,False,0,152,,-1513
1514,max,1512,1513,5,21.0,,21,1,Scalar,"1515, 1518, 1521, 1524, 1527, 1530, 1533, 1536",False,0,153,,-1514
1515,sub,1492,1514,6,21.0,0,21,256,Vector,"1516, 1547",False,0,168,,-1515
1516,exp,1515,,7,21.0,0,21,256,Vector,1517,False,0,169,,-1516
1517,reduce_sum,1516,,8,21.0,0,21,1,Scalar,1539,False,0,154,,-1517
1518,sub,1494,1514,6,21.0,1,21,256,Vector,"1519, 1549",False,0,170,,-1518
1519,exp,1518,,7,21.0,1,21,256,Vector,1520,False,0,171,,-1519
1520,reduce_sum,1519,,8,21.0,1,21,1,Scalar,1539,False,0,155,,-1520
1521,sub,1496,1514,6,21.0,2,21,256,Vector,"1522, 1551",False,0,172,,-1521
1522,exp,1521,,7,21.0,2,21,256,Vector,1523,False,0,173,,-1522
1523,reduce_sum,1522,,8,21.0,2,21,1,Scalar,1540,False,0,156,,-1523
1524,sub,1498,1514,6,21.0,3,21,256,Vector,"1525, 1553",False,0,174,,-1524
1525,exp,1524,,7,21.0,3,21,256,Vector,1526,False,0,175,,-1525
1526,reduce_sum,1525,,8,21.0,3,21,1,Scalar,1540,False,0,157,,-1526
1527,sub,1500,1514,6,21.0,4,21,256,Vector,"1528, 1555",False,0,176,,-1527
1528,exp,1527,,7,21.0,4,21,256,Vector,1529,False,0,177,,-1528
1529,reduce_sum,1528,,8,21.0,4,21,1,Scalar,1541,False,0,158,,-1529
1530,sub,1502,1514,6,21.0,5,21,256,Vector,"1531, 1557",False,0,178,,-1530
1531,exp,1530,,7,21.0,5,21,256,Vector,1532,False,0,179,,-1531
1532,reduce_sum,1531,,8,21.0,5,21,1,Scalar,1541,False,0,159,,-1532
1533,sub,1504,1514,6,21.0,6,21,256,Vector,"1534, 1559",False,0,180,,-1533
1534,exp,1533,,7,21.0,6,21,256,Vector,1535,False,0,181,,-1534
1535,reduce_sum,1534,,8,21.0,6,21,1,Scalar,1542,False,0,160,,-1535
1536,sub,1506,1514,6,21.0,7,21,256,Vector,"1537, 1561",False,0,182,,-1536
1537,exp,1536,,7,21.0,7,21,256,Vector,1538,False,0,183,,-1537
1538,reduce_sum,1537,,8,21.0,7,21,1,Scalar,1542,False,0,161,,-1538
1539,add,1517,1520,9,21.0,,21,1,Scalar,1543,False,0,162,,-1539
1540,add,1523,1526,9,21.0,,21,1,Scalar,1543,False,0,163,,-1540
1541,add,1529,1532,9,21.0,,21,1,Scalar,1544,False,0,164,,-1541
1542,add,1535,1538,9,21.0,,21,1,Scalar,1544,False,0,165,,-1542
1543,add,1539,1540,10,21.0,,21,1,Scalar,1545,False,0,166,,-1543
1544,add,1541,1542,10,21.0,,21,1,Scalar,1545,False,0,167,,-1544
1545,add,1543,1544,11,21.0,,21,1,Scalar,1546,False,0,168,,-1545
1546,ln,1545,,12,21.0,,21,1,Scalar,"1547, 1549, 1551, 1553, 1555, 1557, 1559, 1561",False,0,169,,-1546
1547,sub,1515,1546,13,21.0,0,21,256,Vector,1548,False,0,184,,-1547
1548,store,1547,168,14,21.0,0,21,256,Vector,,False,0,,168,-1548
1549,sub,1518,1546,13,21.0,1,21,256,Vector,1550,False,0,185,,-1549
1550,store,1549,169,14,21.0,1,21,256,Vector,,False,0,,169,-1550
1551,sub,1521,1546,13,21.0,2,21,256,Vector,1552,False,0,186,,-1551
1552,store,1551,170,14,21.0,2,21,256,Vector,,False,0,,170,-1552
1553,sub,1524,1546,13,21.0,3,21,256,Vector,1554,False,0,187,,-1553
1554,store,1553,171,14,21.0,3,21,256,Vector,,False,0,,171,-1554
1555,sub,1527,1546,13,21.0,4,21,256,Vector,1556,False,0,188,,-1555
1556,store,1555,172,14,21.0,4,21,256,Vector,,False,0,,172,-1556
1557,sub,1530,1546,13,21.0,5,21,256,Vector,1558,False,0,189,,-1557
1558,store,1557,173,14,21.0,5,21,256,Vector,,False,0,,173,-1558
1559,sub,1533,1546,13,21.0,6,21,256,Vector,1560,False,0,190,,-1559
1560,store,1559,174,14,21.0,6,21,256,Vector,,False,0,,174,-1560
1561,sub,1536,1546,13,21.0,7,21,256,Vector,1562,False,0,191,,-1561
1562,store,1561,175,14,21.0,7,21,256,Vector,,False,0,,175,-1562
1563,load,176,,1,22.0,0,22,256,Vector,"1564, 1586",True,0,192,176,-1563
1564,reduce_max,1563,,2,22.0,0,22,1,Scalar,1579,False,0,170,,-1564
1565,load,177,,1,22.0,1,22,256,Vector,"1566, 1589",True,0,193,177,-1565
1566,reduce_max,1565,,2,22.0,1,22,1,Scalar,1579,False,0,171,,-1566
1567,load,178,,1,22.0,2,22,256,Vector,"1568, 1592",True,0,194,178,-1567
1568,reduce_max,1567,,2,22.0,2,22,1,Scalar,1580,False,0,172,,-1568
1569,load,179,,1,22.0,3,22,256,Vector,"1570, 1595",True,0,195,179,-1569
1570,reduce_max,1569,,2,22.0,3,22,1,Scalar,1580,False,0,173,,-1570
1571,load,180,,1,22.0,4,22,256,Vector,"1572, 1598",True,0,196,180,-1571
1572,reduce_max,1571,,2,22.0,4,22,1,Scalar,1581,False,0,174,,-1572
1573,load,181,,1,22.0,5,22,256,Vector,"1574, 1601",True,0,197,181,-1573
1574,reduce_max,1573,,2,22.0,5,22,1,Scalar,1581,False,0,175,,-1574
1575,load,182,,1,22.0,6,22,256,Vector,"1576, 1604",True,0,198,182,-1575
1576,reduce_max,1575,,2,22.0,6,22,1,Scalar,1582,False,0,176,,-1576
1577,load,183,,1,22.0,7,22,256,Vector,"1578, 1607",True,0,199,183,-1577
1578,reduce_max,1577,,2,22.0,7,22,1,Scalar,1582,False,0,177,,-1578
1579,max,1564,1566,3,22.0,,22,1,Scalar,1583,False,0,178,,-1579
1580,max,1568,1570,3,22.0,,22,1,Scalar,1583,False,0,179,,-1580
1581,max,1572,1574,3,22.0,,22,1,Scalar,1584,False,0,180,,-1581
1582,max,1576,1578,3,22.0,,22,1,Scalar,1584,False,0,181,,-1582
1583,max,1579,1580,4,22.0,,22,1,Scalar,1585,False,0,182,,-1583
1584,max,1581,1582,4,22.0,,22,1,Scalar,1585,False,0,183,,-1584
1585,max,1583,1584,5,22.0,,22,1,Scalar,"1586, 1589, 1592, 1595, 1598, 1601, 1604, 1607",False,0,184,,-1585
1586,sub,1563,1585,6,22.0,0,22,256,Vector,"1587, 1618",False,0,200,,-1586
1587,exp,1586,,7,22.0,0,22,256,Vector,1588,False,0,201,,-1587
1588,reduce_sum,1587,,8,22.0,0,22,1,Scalar,1610,False,0,185,,-1588
1589,sub,1565,1585,6,22.0,1,22,256,Vector,"1590, 1620",False,0,202,,-1589
1590,exp,1589,,7,22.0,1,22,256,Vector,1591,False,0,203,,-1590
1591,reduce_sum,1590,,8,22.0,1,22,1,Scalar,1610,False,0,186,,-1591
1592,sub,1567,1585,6,22.0,2,22,256,Vector,"1593, 1622",False,0,204,,-1592
1593,exp,1592,,7,22.0,2,22,256,Vector,1594,False,0,205,,-1593
1594,reduce_sum,1593,,8,22.0,2,22,1,Scalar,1611,False,0,187,,-1594
1595,sub,1569,1585,6,22.0,3,22,256,Vector,"1596, 1624",False,0,206,,-1595
1596,exp,1595,,7,22.0,3,22,256,Vector,1597,False,0,207,,-1596
1597,reduce_sum,1596,,8,22.0,3,22,1,Scalar,1611,False,0,188,,-1597
1598,sub,1571,1585,6,22.0,4,22,256,Vector,"1599, 1626",False,0,208,,-1598
1599,exp,1598,,7,22.0,4,22,256,Vector,1600,False,0,209,,-1599
1600,reduce_sum,1599,,8,22.0,4,22,1,Scalar,1612,False,0,189,,-1600
1601,sub,1573,1585,6,22.0,5,22,256,Vector,"1602, 1628",False,0,210,,-1601
1602,exp,1601,,7,22.0,5,22,256,Vector,1603,False,0,211,,-1602
1603,reduce_sum,1602,,8,22.0,5,22,1,Scalar,1612,False,0,190,,-1603
1604,sub,1575,1585,6,22.0,6,22,256,Vector,"1605, 1630",False,0,212,,-1604
1605,exp,1604,,7,22.0,6,22,256,Vector,1606,False,0,213,,-1605
1606,reduce_sum,1605,,8,22.0,6,22,1,Scalar,1613,False,0,191,,-1606
1607,sub,1577,1585,6,22.0,7,22,256,Vector,"1608, 1632",False,0,214,,-1607
1608,exp,1607,,7,22.0,7,22,256,Vector,1609,False,0,215,,-1608
1609,reduce_sum,1608,,8,22.0,7,22,1,Scalar,1613,False,0,192,,-1609
1610,add,1588,1591,9,22.0,,22,1,Scalar,1614,False,0,193,,-1610
1611,add,1594,1597,9,22.0,,22,1,Scalar,1614,False,0,194,,-1611
1612,add,1600,1603,9,22.0,,22,1,Scalar,1615,False,0,195,,-1612
1613,add,1606,1609,9,22.0,,22,1,Scalar,1615,False,0,196,,-1613
1614,add,1610,1611,10,22.0,,22,1,Scalar,1616,False,0,197,,-1614
1615,add,1612,1613,10,22.0,,22,1,Scalar,1616,False,0,198,,-1615
1616,add,1614,1615,11,22.0,,22,1,Scalar,1617,False,0,199,,-1616
1617,ln,1616,,12,22.0,,22,1,Scalar,"1618, 1620, 1622, 1624, 1626, 1628, 1630, 1632",False,0,200,,-1617
1618,sub,1586,1617,13,22.0,0,22,256,Vector,1619,False,0,216,,-1618
1619,store,1618,176,14,22.0,0,22,256,Vector,,False,0,,176,-1619
1620,sub,1589,1617,13,22.0,1,22,256,Vector,1621,False,0,217,,-1620
1621,store,1620,177,14,22.0,1,22,256,Vector,,False,0,,177,-1621
1622,sub,1592,1617,13,22.0,2,22,256,Vector,1623,False,0,218,,-1622
1623,store,1622,178,14,22.0,2,22,256,Vector,,False,0,,178,-1623
1624,sub,1595,1617,13,22.0,3,22,256,Vector,1625,False,0,219,,-1624
1625,store,1624,179,14,22.0,3,22,256,Vector,,False,0,,179,-1625
1626,sub,1598,1617,13,22.0,4,22,256,Vector,1627,False,0,220,,-1626
1627,store,1626,180,14,22.0,4,22,256,Vector,,False,0,,180,-1627
1628,sub,1601,1617,13,22.0,5,22,256,Vector,1629,False,0,221,,-1628
1629,store,1628,181,14,22.0,5,22,256,Vector,,False,0,,181,-1629
1630,sub,1604,1617,13,22.0,6,22,256,Vector,1631,False,0,222,,-1630
1631,store,1630,182,14,22.0,6,22,256,Vector,,False,0,,182,-1631
1632,sub,1607,1617,13,22.0,7,22,256,Vector,1633,False,0,223,,-1632
1633,store,1632,183,14,22.0,7,22,256,Vector,,False,0,,183,-1633
1634,load,184,,1,23.0,0,23,256,Vector,"1635, 1657",True,0,224,184,-1634
1635,reduce_max,1634,,2,23.0,0,23,1,Scalar,1650,False,0,201,,-1635
1636,load,185,,1,23.0,1,23,256,Vector,"1637, 1660",True,0,225,185,-1636
1637,reduce_max,1636,,2,23.0,1,23,1,Scalar,1650,False,0,202,,-1637
1638,load,186,,1,23.0,2,23,256,Vector,"1639, 1663",True,0,226,186,-1638
1639,reduce_max,1638,,2,23.0,2,23,1,Scalar,1651,False,0,203,,-1639
1640,load,187,,1,23.0,3,23,256,Vector,"1641, 1666",True,0,227,187,-1640
1641,reduce_max,1640,,2,23.0,3,23,1,Scalar,1651,False,0,204,,-1641
1642,load,188,,1,23.0,4,23,256,Vector,"1643, 1669",True,0,228,188,-1642
1643,reduce_max,1642,,2,23.0,4,23,1,Scalar,1652,False,0,205,,-1643
1644,load,189,,1,23.0,5,23,256,Vector,"1645, 1672",True,0,229,189,-1644
1645,reduce_max,1644,,2,23.0,5,23,1,Scalar,1652,False,0,206,,-1645
1646,load,190,,1,23.0,6,23,256,Vector,"1647, 1675",True,0,230,190,-1646
1647,reduce_max,1646,,2,23.0,6,23,1,Scalar,1653,False,0,207,,-1647
1648,load,191,,1,23.0,7,23,256,Vector,"1649, 1678",True,0,231,191,-1648
1649,reduce_max,1648,,2,23.0,7,23,1,Scalar,1653,False,0,208,,-1649
1650,max,1635,1637,3,23.0,,23,1,Scalar,1654,False,0,209,,-1650
1651,max,1639,1641,3,23.0,,23,1,Scalar,1654,False,0,210,,-1651
1652,max,1643,1645,3,23.0,,23,1,Scalar,1655,False,0,211,,-1652
1653,max,1647,1649,3,23.0,,23,1,Scalar,1655,False,0,212,,-1653
1654,max,1650,1651,4,23.0,,23,1,Scalar,1656,False,0,213,,-1654
1655,max,1652,1653,4,23.0,,23,1,Scalar,1656,False,0,214,,-1655
1656,max,1654,1655,5,23.0,,23,1,Scalar,"1657, 1660, 1663, 1666, 1669, 1672, 1675, 1678",False,0,215,,-1656
1657,sub,1634,1656,6,23.0,0,23,256,Vector,"1658, 1689",False,0,232,,-1657
1658,exp,1657,,7,23.0,0,23,256,Vector,1659,False,0,233,,-1658
1659,reduce_sum,1658,,8,23.0,0,23,1,Scalar,1681,False,0,216,,-1659
1660,sub,1636,1656,6,23.0,1,23,256,Vector,"1661, 1691",False,0,234,,-1660
1661,exp,1660,,7,23.0,1,23,256,Vector,1662,False,0,235,,-1661
1662,reduce_sum,1661,,8,23.0,1,23,1,Scalar,1681,False,0,217,,-1662
1663,sub,1638,1656,6,23.0,2,23,256,Vector,"1664, 1693",False,0,236,,-1663
1664,exp,1663,,7,23.0,2,23,256,Vector,1665,False,0,237,,-1664
1665,reduce_sum,1664,,8,23.0,2,23,1,Scalar,1682,False,0,218,,-1665
1666,sub,1640,1656,6,23.0,3,23,256,Vector,"1667, 1695",False,0,238,,-1666
1667,exp,1666,,7,23.0,3,23,256,Vector,1668,False,0,239,,-1667
1668,reduce_sum,1667,,8,23.0,3,23,1,Scalar,1682,False,0,219,,-1668
1669,sub,1642,1656,6,23.0,4,23,256,Vector,"1670, 1697",False,0,240,,-1669
1670,exp,1669,,7,23.0,4,23,256,Vector,1671,False,0,241,,-1670
1671,reduce_sum,1670,,8,23.0,4,23,1,Scalar,1683,False,0,220,,-1671
1672,sub,1644,1656,6,23.0,5,23,256,Vector,"1673, 1699",False,0,242,,-1672
1673,exp,1672,,7,23.0,5,23,256,Vector,1674,False,0,243,,-1673
1674,reduce_sum,1673,,8,23.0,5,23,1,Scalar,1683,False,0,221,,-1674
1675,sub,1646,1656,6,23.0,6,23,256,Vector,"1676, 1701",False,0,244,,-1675
1676,exp,1675,,7,23.0,6,23,256,Vector,1677,False,0,245,,-1676
1677,reduce_sum,1676,,8,23.0,6,23,1,Scalar,1684,False,0,222,,-1677
1678,sub,1648,1656,6,23.0,7,23,256,Vector,"1679, 1703",False,0,246,,-1678
1679,exp,1678,,7,23.0,7,23,256,Vector,1680,False,0,247,,-1679
1680,reduce_sum,1679,,8,23.0,7,23,1,Scalar,1684,False,0,223,,-1680
1681,add,1659,1662,9,23.0,,23,1,Scalar,1685,False,0,224,,-1681
1682,add,1665,1668,9,23.0,,23,1,Scalar,1685,False,0,225,,-1682
1683,add,1671,1674,9,23.0,,23,1,Scalar,1686,False,0,226,,-1683
1684,add,1677,1680,9,23.0,,23,1,Scalar,1686,False,0,227,,-1684
1685,add,1681,1682,10,23.0,,23,1,Scalar,1687,False,0,228,,-1685
1686,add,1683,1684,10,23.0,,23,1,Scalar,1687,False,0,229,,-1686
1687,add,1685,1686,11,23.0,,23,1,Scalar,1688,False,0,230,,-1687
1688,ln,1687,,12,23.0,,23,1,Scalar,"1689, 1691, 1693, 1695, 1697, 1699, 1701, 1703",False,0,231,,-1688
1689,sub,1657,1688,13,23.0,0,23,256,Vector,1690,False,0,248,,-1689
1690,store,1689,184,14,23.0,0,23,256,Vector,,False,0,,184,-1690
1691,sub,1660,1688,13,23.0,1,23,256,Vector,1692,False,0,249,,-1691
1692,store,1691,185,14,23.0,1,23,256,Vector,,False,0,,185,-1692
1693,sub,1663,1688,13,23.0,2,23,256,Vector,1694,False,0,250,,-1693
1694,store,1693,186,14,23.0,2,23,256,Vector,,False,0,,186,-1694
1695,sub,1666,1688,13,23.0,3,23,256,Vector,1696,False,0,251,,-1695
1696,store,1695,187,14,23.0,3,23,256,Vector,,False,0,,187,-1696
1697,sub,1669,1688,13,23.0,4,23,256,Vector,1698,False,0,252,,-1697
1698,store,1697,188,14,23.0,4,23,256,Vector,,False,0,,188,-1698
1699,sub,1672,1688,13,23.0,5,23,256,Vector,1700,False,0,253,,-1699
1700,store,1699,189,14,23.0,5,23,256,Vector,,False,0,,189,-1700
1701,sub,1675,1688,13,23.0,6,23,256,Vector,1702,False,0,254,,-1701
1702,store,1701,190,14,23.0,6,23,256,Vector,,False,0,,190,-1702
1703,sub,1678,1688,13,23.0,7,23,256,Vector,1704,False,0,255,,-1703
1704,store,1703,191,14,23.0,7,23,256,Vector,,False,0,,191,-1704
1705,load,192,,1,24.0,0,24,256,Vector,"1706, 1728",True,0,0,192,-1705
1706,reduce_max,1705,,2,24.0,0,24,1,Scalar,1721,False,0,232,,-1706
1707,load,193,,1,24.0,1,24,256,Vector,"1708, 1731",True,0,1,193,-1707
1708,reduce_max,1707,,2,24.0,1,24,1,Scalar,1721,False,0,233,,-1708
1709,load,194,,1,24.0,2,24,256,Vector,"1710, 1734",True,0,2,194,-1709
1710,reduce_max,1709,,2,24.0,2,24,1,Scalar,1722,False,0,234,,-1710
1711,load,195,,1,24.0,3,24,256,Vector,"1712, 1737",True,0,3,195,-1711
1712,reduce_max,1711,,2,24.0,3,24,1,Scalar,1722,False,0,235,,-1712
1713,load,196,,1,24.0,4,24,256,Vector,"1714, 1740",True,0,4,196,-1713
1714,reduce_max,1713,,2,24.0,4,24,1,Scalar,1723,False,0,236,,-1714
1715,load,197,,1,24.0,5,24,256,Vector,"1716, 1743",True,0,5,197,-1715
1716,reduce_max,1715,,2,24.0,5,24,1,Scalar,1723,False,0,237,,-1716
1717,load,198,,1,24.0,6,24,256,Vector,"1718, 1746",True,0,6,198,-1717
1718,reduce_max,1717,,2,24.0,6,24,1,Scalar,1724,False,0,238,,-1718
1719,load,199,,1,24.0,7,24,256,Vector,"1720, 1749",True,0,7,199,-1719
1720,reduce_max,1719,,2,24.0,7,24,1,Scalar,1724,False,0,239,,-1720
1721,max,1706,1708,3,24.0,,24,1,Scalar,1725,False,0,240,,-1721
1722,max,1710,1712,3,24.0,,24,1,Scalar,1725,False,0,241,,-1722
1723,max,1714,1716,3,24.0,,24,1,Scalar,1726,False,0,242,,-1723
1724,max,1718,1720,3,24.0,,24,1,Scalar,1726,False,0,243,,-1724
1725,max,1721,1722,4,24.0,,24,1,Scalar,1727,False,0,244,,-1725
1726,max,1723,1724,4,24.0,,24,1,Scalar,1727,False,0,245,,-1726
1727,max,1725,1726,5,24.0,,24,1,Scalar,"1728, 1731, 1734, 1737, 1740, 1743, 1746, 1749",False,0,246,,-1727
1728,sub,1705,1727,6,24.0,0,24,256,Vector,"1729, 1760",False,0,8,,-1728
1729,exp,1728,,7,24.0,0,24,256,Vector,1730,False,0,9,,-1729
1730,reduce_sum,1729,,8,24.0,0,24,1,Scalar,1752,False,0,247,,-1730
1731,sub,1707,1727,6,24.0,1,24,256,Vector,"1732, 1762",False,0,10,,-1731
1732,exp,1731,,7,24.0,1,24,256,Vector,1733,False,0,11,,-1732
1733,reduce_sum,1732,,8,24.0,1,24,1,Scalar,1752,False,0,248,,-1733
1734,sub,1709,1727,6,24.0,2,24,256,Vector,"1735, 1764",False,0,12,,-1734
1735,exp,1734,,7,24.0,2,24,256,Vector,1736,False,0,13,,-1735
1736,reduce_sum,1735,,8,24.0,2,24,1,Scalar,1753,False,0,249,,-1736
1737,sub,1711,1727,6,24.0,3,24,256,Vector,"1738, 1766",False,0,14,,-1737
1738,exp,1737,,7,24.0,3,24,256,Vector,1739,False,0,15,,-1738
1739,reduce_sum,1738,,8,24.0,3,24,1,Scalar,1753,False,0,250,,-1739
1740,sub,1713,1727,6,24.0,4,24,256,Vector,"1741, 1768",False,0,16,,-1740
1741,exp,1740,,7,24.0,4,24,256,Vector,1742,False,0,17,,-1741
1742,reduce_sum,1741,,8,24.0,4,24,1,Scalar,1754,False,0,251,,-1742
1743,sub,1715,1727,6,24.0,5,24,256,Vector,"1744, 1770",False,0,18,,-1743
1744,exp,1743,,7,24.0,5,24,256,Vector,1745,False,0,19,,-1744
1745,reduce_sum,1744,,8,24.0,5,24,1,Scalar,1754,False,0,252,,-1745
1746,sub,1717,1727,6,24.0,6,24,256,Vector,"1747, 1772",False,0,20,,-1746
1747,exp,1746,,7,24.0,6,24,256,Vector,1748,False,0,21,,-1747
1748,reduce_sum,1747,,8,24.0,6,24,1,Scalar,1755,False,0,253,,-1748
1749,sub,1719,1727,6,24.0,7,24,256,Vector,"1750, 1774",False,0,22,,-1749
1750,exp,1749,,7,24.0,7,24,256,Vector,1751,False,0,23,,-1750
1751,reduce_sum,1750,,8,24.0,7,24,1,Scalar,1755,False,0,254,,-1751
1752,add,1730,1733,9,24.0,,24,1,Scalar,1756,False,0,255,,-1752
1753,add,1736,1739,9,24.0,,24,1,Scalar,1756,False,0,0,,-1753
1754,add,1742,1745,9,24.0,,24,1,Scalar,1757,False,0,1,,-1754
1755,add,1748,1751,9,24.0,,24,1,Scalar,1757,False,0,2,,-1755
1756,add,1752,1753,10,24.0,,24,1,Scalar,1758,False,0,3,,-1756
1757,add,1754,1755,10,24.0,,24,1,Scalar,1758,False,0,4,,-1757
1758,add,1756,1757,11,24.0,,24,1,Scalar,1759,False,0,5,,-1758
1759,ln,1758,,12,24.0,,24,1,Scalar,"1760, 1762, 1764, 1766, 1768, 1770, 1772, 1774",False,0,6,,-1759
1760,sub,1728,1759,13,24.0,0,24,256,Vector,1761,False,0,24,,-1760
1761,store,1760,192,14,24.0,0,24,256,Vector,,False,0,,192,-1761
1762,sub,1731,1759,13,24.0,1,24,256,Vector,1763,False,0,25,,-1762
1763,store,1762,193,14,24.0,1,24,256,Vector,,False,0,,193,-1763
1764,sub,1734,1759,13,24.0,2,24,256,Vector,1765,False,0,26,,-1764
1765,store,1764,194,14,24.0,2,24,256,Vector,,False,0,,194,-1765
1766,sub,1737,1759,13,24.0,3,24,256,Vector,1767,False,0,27,,-1766
1767,store,1766,195,14,24.0,3,24,256,Vector,,False,0,,195,-1767
1768,sub,1740,1759,13,24.0,4,24,256,Vector,1769,False,0,28,,-1768
1769,store,1768,196,14,24.0,4,24,256,Vector,,False,0,,196,-1769
1770,sub,1743,1759,13,24.0,5,24,256,Vector,1771,False,0,29,,-1770
1771,store,1770,197,14,24.0,5,24,256,Vector,,False,0,,197,-1771
1772,sub,1746,1759,13,24.0,6,24,256,Vector,1773,False,0,30,,-1772
1773,store,1772,198,14,24.0,6,24,256,Vector,,False,0,,198,-1773
1774,sub,1749,1759,13,24.0,7,24,256,Vector,1775,False,0,31,,-1774
1775,store,1774,199,14,24.0,7,24,256,Vector,,False,0,,199,-1775
1776,load,200,,1,25.0,0,25,256,Vector,"1777, 1799",True,0,32,200,-1776
1777,reduce_max,1776,,2,25.0,0,25,1,Scalar,1792,False,0,7,,-1777
1778,load,201,,1,25.0,1,25,256,Vector,"1779, 1802",True,0,33,201,-1778
1779,reduce_max,1778,,2,25.0,1,25,1,Scalar,1792,False,0,8,,-1779
1780,load,202,,1,25.0,2,25,256,Vector,"1781, 1805",True,0,34,202,-1780
1781,reduce_max,1780,,2,25.0,2,25,1,Scalar,1793,False,0,9,,-1781
1782,load,203,,1,25.0,3,25,256,Vector,"1783, 1808",True,0,35,203,-1782
1783,reduce_max,1782,,2,25.0,3,25,1,Scalar,1793,False,0,10,,-1783
1784,load,204,,1,25.0,4,25,256,Vector,"1785, 1811",True,0,36,204,-1784
1785,reduce_max,1784,,2,25.0,4,25,1,Scalar,1794,False,0,11,,-1785
1786,load,205,,1,25.0,5,25,256,Vector,"1787, 1814",True,0,37,205,-1786
1787,reduce_max,1786,,2,25.0,5,25,1,Scalar,1794,False,0,12,,-1787
1788,load,206,,1,25.0,6,25,256,Vector,"1789, 1817",True,0,38,206,-1788
1789,reduce_max,1788,,2,25.0,6,25,1,Scalar,1795,False,0,13,,-1789
1790,load,207,,1,25.0,7,25,256,Vector,"1791, 1820",True,0,39,207,-1790
1791,reduce_max,1790,,2,25.0,7,25,1,Scalar,1795,False,0,14,,-1791
1792,max,1777,1779,3,25.0,,25,1,Scalar,1796,False,0,15,,-1792
1793,max,1781,1783,3,25.0,,25,1,Scalar,1796,False,0,16,,-1793
1794,max,1785,1787,3,25.0,,25,1,Scalar,1797,False,0,17,,-1794
1795,max,1789,1791,3,25.0,,25,1,Scalar,1797,False,0,18,,-1795
1796,max,1792,1793,4,25.0,,25,1,Scalar,1798,False,0,19,,-1796
1797,max,1794,1795,4,25.0,,25,1,Scalar,1798,False,0,20,,-1797
1798,max,1796,1797,5,25.0,,25,1,Scalar,"1799, 1802, 1805, 1808, 1811, 1814, 1817, 1820",False,0,21,,-1798
1799,sub,1776,1798,6,25.0,0,25,256,Vector,"1800, 1831",False,0,40,,-1799
1800,exp,1799,,7,25.0,0,25,256,Vector,1801,False,0,41,,-1800
1801,reduce_sum,1800,,8,25.0,0,25,1,Scalar,1823,False,0,22,,-1801
1802,sub,1778,1798,6,25.0,1,25,256,Vector,"1803, 1833",False,0,42,,-1802
1803,exp,1802,,7,25.0,1,25,256,Vector,1804,False,0,43,,-1803
1804,reduce_sum,1803,,8,25.0,1,25,1,Scalar,1823,False,0,23,,-1804
1805,sub,1780,1798,6,25.0,2,25,256,Vector,"1806, 1835",False,0,44,,-1805
1806,exp,1805,,7,25.0,2,25,256,Vector,1807,False,0,45,,-1806
1807,reduce_sum,1806,,8,25.0,2,25,1,Scalar,1824,False,0,24,,-1807
1808,sub,1782,1798,6,25.0,3,25,256,Vector,"1809, 1837",False,0,46,,-1808
1809,exp,1808,,7,25.0,3,25,256,Vector,1810,False,0,47,,-1809
1810,reduce_sum,1809,,8,25.0,3,25,1,Scalar,1824,False,0,25,,-1810
1811,sub,1784,1798,6,25.0,4,25,256,Vector,"1812, 1839",False,0,48,,-1811
1812,exp,1811,,7,25.0,4,25,256,Vector,1813,False,0,49,,-1812
1813,reduce_sum,1812,,8,25.0,4,25,1,Scalar,1825,False,0,26,,-1813
1814,sub,1786,1798,6,25.0,5,25,256,Vector,"1815, 1841",False,0,50,,-1814
1815,exp,1814,,7,25.0,5,25,256,Vector,1816,False,0,51,,-1815
1816,reduce_sum,1815,,8,25.0,5,25,1,Scalar,1825,False,0,27,,-1816
1817,sub,1788,1798,6,25.0,6,25,256,Vector,"1818, 1843",False,0,52,,-1817
1818,exp,1817,,7,25.0,6,25,256,Vector,1819,False,0,53,,-1818
1819,reduce_sum,1818,,8,25.0,6,25,1,Scalar,1826,False,0,28,,-1819
1820,sub,1790,1798,6,25.0,7,25,256,Vector,"1821, 1845",False,0,54,,-1820
1821,exp,1820,,7,25.0,7,25,256,Vector,1822,False,0,55,,-1821
1822,reduce_sum,1821,,8,25.0,7,25,1,Scalar,1826,False,0,29,,-1822
1823,add,1801,1804,9,25.0,,25,1,Scalar,1827,False,0,30,,-1823
1824,add,1807,1810,9,25.0,,25,1,Scalar,1827,False,0,31,,-1824
1825,add,1813,1816,9,25.0,,25,1,Scalar,1828,False,0,32,,-1825
1826,add,1819,1822,9,25.0,,25,1,Scalar,1828,False,0,33,,-1826
1827,add,1823,1824,10,25.0,,25,1,Scalar,1829,False,0,34,,-1827
1828,add,1825,1826,10,25.0,,25,1,Scalar,1829,False,0,35,,-1828
1829,add,1827,1828,11,25.0,,25,1,Scalar,1830,False,0,36,,-1829
1830,ln,1829,,12,25.0,,25,1,Scalar,"1831, 1833, 1835, 1837, 1839, 1841, 1843, 1845",False,0,37,,-1830
1831,sub,1799,1830,13,25.0,0,25,256,Vector,1832,False,0,56,,-1831
1832,store,1831,200,14,25.0,0,25,256,Vector,,False,0,,200,-1832
1833,sub,1802,1830,13,25.0,1,25,256,Vector,1834,False,0,57,,-1833
1834,store,1833,201,14,25.0,1,25,256,Vector,,False,0,,201,-1834
1835,sub,1805,1830,13,25.0,2,25,256,Vector,1836,False,0,58,,-1835
1836,store,1835,202,14,25.0,2,25,256,Vector,,False,0,,202,-1836
1837,sub,1808,1830,13,25.0,3,25,256,Vector,1838,False,0,59,,-1837
1838,store,1837,203,14,25.0,3,25,256,Vector,,False,0,,203,-1838
1839,sub,1811,1830,13,25.0,4,25,256,Vector,1840,False,0,60,,-1839
1840,store,1839,204,14,25.0,4,25,256,Vector,,False,0,,204,-1840
1841,sub,1814,1830,13,25.0,5,25,256,Vector,1842,False,0,61,,-1841
1842,store,1841,205,14,25.0,5,25,256,Vector,,False,0,,205,-1842
1843,sub,1817,1830,13,25.0,6,25,256,Vector,1844,False,0,62,,-1843
1844,store,1843,206,14,25.0,6,25,256,Vector,,False,0,,206,-1844
1845,sub,1820,1830,13,25.0,7,25,256,Vector,1846,False,0,63,,-1845
1846,store,1845,207,14,25.0,7,25,256,Vector,,False,0,,207,-1846
1847,load,208,,1,26.0,0,26,256,Vector,"1848, 1870",True,0,64,208,-1847
1848,reduce_max,1847,,2,26.0,0,26,1,Scalar,1863,False,0,38,,-1848
1849,load,209,,1,26.0,1,26,256,Vector,"1850, 1873",True,0,65,209,-1849
1850,reduce_max,1849,,2,26.0,1,26,1,Scalar,1863,False,0,39,,-1850
1851,load,210,,1,26.0,2,26,256,Vector,"1852, 1876",True,0,66,210,-1851
1852,reduce_max,1851,,2,26.0,2,26,1,Scalar,1864,False,0,40,,-1852
1853,load,211,,1,26.0,3,26,256,Vector,"1854, 1879",True,0,67,211,-1853
1854,reduce_max,1853,,2,26.0,3,26,1,Scalar,1864,False,0,41,,-1854
1855,load,212,,1,26.0,4,26,256,Vector,"1856, 1882",True,0,68,212,-1855
1856,reduce_max,1855,,2,26.0,4,26,1,Scalar,1865,False,0,42,,-1856
1857,load,213,,1,26.0,5,26,256,Vector,"1858, 1885",True,0,69,213,-1857
1858,reduce_max,1857,,2,26.0,5,26,1,Scalar,1865,False,0,43,,-1858
1859,load,214,,1,26.0,6,26,256,Vector,"1860, 1888",True,0,70,214,-1859
1860,reduce_max,1859,,2,26.0,6,26,1,Scalar,1866,False,0,44,,-1860
1861,load,215,,1,26.0,7,26,256,Vector,"1862, 1891",True,0,71,215,-1861
1862,reduce_max,1861,,2,26.0,7,26,1,Scalar,1866,False,0,45,,-1862
1863,max,1848,1850,3,26.0,,26,1,Scalar,1867,False,0,46,,-1863
1864,max,1852,1854,3,26.0,,26,1,Scalar,1867,False,0,47,,-1864
1865,max,1856,1858,3,26.0,,26,1,Scalar,1868,False,0,48,,-1865
1866,max,1860,1862,3,26.0,,26,1,Scalar,1868,False,0,49,,-1866
1867,max,1863,1864,4,26.0,,26,1,Scalar,1869,False,0,50,,-1867
1868,max,1865,1866,4,26.0,,26,1,Scalar,1869,False,0,51,,-1868
1869,max,1867,1868,5,26.0,,26,1,Scalar,"1870, 1873, 1876, 1879, 1882, 1885, 1888, 1891",False,0,52,,-1869
1870,sub,1847,1869,6,26.0,0,26,256,Vector,"1871, 1902",False,0,72,,-1870
1871,exp,1870,,7,26.0,0,26,256,Vector,1872,False,0,73,,-1871
1872,reduce_sum,1871,,8,26.0,0,26,1,Scalar,1894,False,0,53,,-1872
1873,sub,1849,1869,6,26.0,1,26,256,Vector,"1874, 1904",False,0,74,,-1873
1874,exp,1873,,7,26.0,1,26,256,Vector,1875,False,0,75,,-1874
1875,reduce_sum,1874,,8,26.0,1,26,1,Scalar,1894,False,0,54,,-1875
1876,sub,1851,1869,6,26.0,2,26,256,Vector,"1877, 1906",False,0,76,,-1876
1877,exp,1876,,7,26.0,2,26,256,Vector,1878,False,0,77,,-1877
1878,reduce_sum,1877,,8,26.0,2,26,1,Scalar,1895,False,0,55,,-1878
1879,sub,1853,1869,6,26.0,3,26,256,Vector,"1880, 1908",False,0,78,,-1879
1880,exp,1879,,7,26.0,3,26,256,Vector,1881,False,0,79,,-1880
1881,reduce_sum,1880,,8,26.0,3,26,1,Scalar,1895,False,0,56,,-1881
1882,sub,1855,1869,6,26.0,4,26,256,Vector,"1883, 1910",False,0,80,,-1882
1883,exp,1882,,7,26.0,4,26,256,Vector,1884,False,0,81,,-1883
1884,reduce_sum,1883,,8,26.0,4,26,1,Scalar,1896,False,0,57,,-1884
1885,sub,1857,1869,6,26.0,5,26,256,Vector,"1886, 1912",False,0,82,,-1885
1886,exp,1885,,7,26.0,5,26,256,Vector,1887,False,0,83,,-1886
1887,reduce_sum,1886,,8,26.0,5,26,1,Scalar,1896,False,0,58,,-1887
1888,sub,1859,1869,6,26.0,6,26,256,Vector,"1889, 1914",False,0,84,,-1888
1889,exp,1888,,7,26.0,6,26,256,Vector,1890,False,0,85,,-1889
1890,reduce_sum,1889,,8,26.0,6,26,1,Scalar,1897,False,0,59,,-1890
1891,sub,1861,1869,6,26.0,7,26,256,Vector,"1892, 1916",False,0,86,,-1891
1892,exp,1891,,7,26.0,7,26,256,Vector,1893,False,0,87,,-1892
1893,reduce_sum,1892,,8,26.0,7,26,1,Scalar,1897,False,0,60,,-1893
1894,add,1872,1875,9,26.0,,26,1,Scalar,1898,False,0,61,,-1894
1895,add,1878,1881,9,26.0,,26,1,Scalar,1898,False,0,62,,-1895
1896,add,1884,1887,9,26.0,,26,1,Scalar,1899,False,0,63,,-1896
1897,add,1890,1893,9,26.0,,26,1,Scalar,1899,False,0,64,,-1897
1898,add,1894,1895,10,26.0,,26,1,Scalar,1900,False,0,65,,-1898
1899,add,1896,1897,10,26.0,,26,1,Scalar,1900,False,0,66,,-1899
1900,add,1898,1899,11,26.0,,26,1,Scalar,1901,False,0,67,,-1900
1901,ln,1900,,12,26.0,,26,1,Scalar,"1902, 1904, 1906, 1908, 1910, 1912, 1914, 1916",False,0,68,,-1901
1902,sub,1870,1901,13,26.0,0,26,256,Vector,1903,False,0,88,,-1902
1903,store,1902,208,14,26.0,0,26,256,Vector,,False,0,,208,-1903
1904,sub,1873,1901,13,26.0,1,26,256,Vector,1905,False,0,89,,-1904
1905,store,1904,209,14,26.0,1,26,256,Vector,,False,0,,209,-1905
1906,sub,1876,1901,13,26.0,2,26,256,Vector,1907,False,0,90,,-1906
1907,store,1906,210,14,26.0,2,26,256,Vector,,False,0,,210,-1907
1908,sub,1879,1901,13,26.0,3,26,256,Vector,1909,False,0,91,,-1908
1909,store,1908,211,14,26.0,3,26,256,Vector,,False,0,,211,-1909
1910,sub,1882,1901,13,26.0,4,26,256,Vector,1911,False,0,92,,-1910
1911,store,1910,212,14,26.0,4,26,256,Vector,,False,0,,212,-1911
1912,sub,1885,1901,13,26.0,5,26,256,Vector,1913,False,0,93,,-1912
1913,store,1912,213,14,26.0,5,26,256,Vector,,False,0,,213,-1913
1914,sub,1888,1901,13,26.0,6,26,256,Vector,1915,False,0,94,,-1914
1915,store,1914,214,14,26.0,6,26,256,Vector,,False,0,,214,-1915
1916,sub,1891,1901,13,26.0,7,26,256,Vector,1917,False,0,95,,-1916
1917,store,1916,215,14,26.0,7,26,256,Vector,,False,0,,215,-1917
1918,load,216,,1,27.0,0,27,256,Vector,"1919, 1941",True,0,96,216,-1918
1919,reduce_max,1918,,2,27.0,0,27,1,Scalar,1934,False,0,69,,-1919
1920,load,217,,1,27.0,1,27,256,Vector,"1921, 1944",True,0,97,217,-1920
1921,reduce_max,1920,,2,27.0,1,27,1,Scalar,1934,False,0,70,,-1921
1922,load,218,,1,27.0,2,27,256,Vector,"1923, 1947",True,0,98,218,-1922
1923,reduce_max,1922,,2,27.0,2,27,1,Scalar,1935,False,0,71,,-1923
1924,load,219,,1,27.0,3,27,256,Vector,"1925, 1950",True,0,99,219,-1924
1925,reduce_max,1924,,2,27.0,3,27,1,Scalar,1935,False,0,72,,-1925
1926,load,220,,1,27.0,4,27,256,Vector,"1927, 1953",True,0,100,220,-1926
1927,reduce_max,1926,,2,27.0,4,27,1,Scalar,1936,False,0,73,,-1927
1928,load,221,,1,27.0,5,27,256,Vector,"1929, 1956",True,0,101,221,-1928
1929,reduce_max,1928,,2,27.0,5,27,1,Scalar,1936,False,0,74,,-1929
1930,load,222,,1,27.0,6,27,256,Vector,"1931, 1959",True,0,102,222,-1930
1931,reduce_max,1930,,2,27.0,6,27,1,Scalar,1937,False,0,75,,-1931
1932,load,223,,1,27.0,7,27,256,Vector,"1933, 1962",True,0,103,223,-1932
1933,reduce_max,1932,,2,27.0,7,27,1,Scalar,1937,False,0,76,,-1933
1934,max,1919,1921,3,27.0,,27,1,Scalar,1938,False,0,77,,-1934
1935,max,1923,1925,3,27.0,,27,1,Scalar,1938,False,0,78,,-1935
1936,max,1927,1929,3,27.0,,27,1,Scalar,1939,False,0,79,,-1936
1937,max,1931,1933,3,27.0,,27,1,Scalar,1939,False,0,80,,-1937
1938,max,1934,1935,4,27.0,,27,1,Scalar,1940,False,0,81,,-1938
1939,max,1936,1937,4,27.0,,27,1,Scalar,1940,False,0,82,,-1939
1940,max,1938,1939,5,27.0,,27,1,Scalar,"1941, 1944, 1947, 1950, 1953, 1956, 1959, 1962",False,0,83,,-1940
1941,sub,1918,1940,6,27.0,0,27,256,Vector,"1942, 1973",False,0,104,,-1941
1942,exp,1941,,7,27.0,0,27,256,Vector,1943,False,0,105,,-1942
1943,reduce_sum,1942,,8,27.0,0,27,1,Scalar,1965,False,0,84,,-1943
1944,sub,1920,1940,6,27.0,1,27,256,Vector,"1945, 1975",False,0,106,,-1944
1945,exp,1944,,7,27.0,1,27,256,Vector,1946,False,0,107,,-1945
1946,reduce_sum,1945,,8,27.0,1,27,1,Scalar,1965,False,0,85,,-1946
1947,sub,1922,1940,6,27.0,2,27,256,Vector,"1948, 1977",False,0,108,,-1947
1948,exp,1947,,7,27.0,2,27,256,Vector,1949,False,0,109,,-1948
1949,reduce_sum,1948,,8,27.0,2,27,1,Scalar,1966,False,0,86,,-1949
1950,sub,1924,1940,6,27.0,3,27,256,Vector,"1951, 1979",False,0,110,,-1950
1951,exp,1950,,7,27.0,3,27,256,Vector,1952,False,0,111,,-1951
1952,reduce_sum,1951,,8,27.0,3,27,1,Scalar,1966,False,0,87,,-1952
1953,sub,1926,1940,6,27.0,4,27,256,Vector,"1954, 1981",False,0,112,,-1953
1954,exp,1953,,7,27.0,4,27,256,Vector,1955,False,0,113,,-1954
1955,reduce_sum,1954,,8,27.0,4,27,1,Scalar,1967,False,0,88,,-1955
1956,sub,1928,1940,6,27.0,5,27,256,Vector,"1957, 1983",False,0,114,,-1956
1957,exp,1956,,7,27.0,5,27,256,Vector,1958,False,0,115,,-1957
1958,reduce_sum,1957,,8,27.0,5,27,1,Scalar,1967,False,0,89,,-1958
1959,sub,1930,1940,6,27.0,6,27,256,Vector,"1960, 1985",False,0,116,,-1959
1960,exp,1959,,7,27.0,6,27,256,Vector,1961,False,0,117,,-1960
1961,reduce_sum,1960,,8,27.0,6,27,1,Scalar,1968,False,0,90,,-1961
1962,sub,1932,1940,6,27.0,7,27,256,Vector,"1963, 1987",False,0,118,,-1962
1963,exp,1962,,7,27.0,7,27,256,Vector,1964,False,0,119,,-1963
1964,reduce_sum,1963,,8,27.0,7,27,1,Scalar,1968,False,0,91,,-1964
1965,add,1943,1946,9,27.0,,27,1,Scalar,1969,False,0,92,,-1965
1966,add,1949,1952,9,27.0,,27,1,Scalar,1969,False,0,93,,-1966
1967,add,1955,1958,9,27.0,,27,1,Scalar,1970,False,0,94,,-1967
1968,add,1961,1964,9,27.0,,27,1,Scalar,1970,False,0,95,,-1968
1969,add,1965,1966,10,27.0,,27,1,Scalar,1971,False,0,96,,-1969
1970,add,1967,1968,10,27.0,,27,1,Scalar,1971,False,0,97,,-1970
1971,add,1969,1970,11,27.0,,27,1,Scalar,1972,False,0,98,,-1971
1972,ln,1971,,12,27.0,,27,1,Scalar,"1973, 1975, 1977, 1979, 1981, 1983, 1985, 1987",False,0,99,,-1972
1973,sub,1941,1972,13,27.0,0,27,256,Vector,1974,False,0,120,,-1973
1974,store,1973,216,14,27.0,0,27,256,Vector,,False,0,,216,-1974
1975,sub,1944,1972,13,27.0,1,27,256,Vector,1976,False,0,121,,-1975
1976,store,1975,217,14,27.0,1,27,256,Vector,,False,0,,217,-1976
1977,sub,1947,1972,13,27.0,2,27,256,Vector,1978,False,0,122,,-1977
1978,store,1977,218,14,27.0,2,27,256,Vector,,False,0,,218,-1978
1979,sub,1950,1972,13,27.0,3,27,256,Vector,1980,False,0,123,,-1979
1980,store,1979,219,14,27.0,3,27,256,Vector,,False,0,,219,-1980
1981,sub,1953,1972,13,27.0,4,27,256,Vector,1982,False,0,124,,-1981
1982,store,1981,220,14,27.0,4,27,256,Vector,,False,0,,220,-1982
1983,sub,1956,1972,13,27.0,5,27,256,Vector,1984,False,0,125,,-1983
1984,store,1983,221,14,27.0,5,27,256,Vector,,False,0,,221,-1984
1985,sub,1959,1972,13,27.0,6,27,256,Vector,1986,False,0,126,,-1985
1986,store,1985,222,14,27.0,6,27,256,Vector,,False,0,,222,-1986
1987,sub,1962,1972,13,27.0,7,27,256,Vector,1988,False,0,127,,-1987
1988,store,1987,223,14,27.0,7,27,256,Vector,,False,0,,223,-1988
1989,load,224,,1,28.0,0,28,256,Vector,"1990, 2012",True,0,128,224,-1989
1990,reduce_max,1989,,2,28.0,0,28,1,Scalar,2005,False,0,100,,-1990
1991,load,225,,1,28.0,1,28,256,Vector,"1992, 2015",True,0,129,225,-1991
1992,reduce_max,1991,,2,28.0,1,28,1,Scalar,2005,False,0,101,,-1992
1993,load,226,,1,28.0,2,28,256,Vector,"1994, 2018",True,0,130,226,-1993
1994,reduce_max,1993,,2,28.0,2,28,1,Scalar,2006,False,0,102,,-1994
1995,load,227,,1,28.0,3,28,256,Vector,"1996, 2021",True,0,131,227,-1995
1996,reduce_max,1995,,2,28.0,3,28,1,Scalar,2006,False,0,103,,-1996
1997,load,228,,1,28.0,4,28,256,Vector,"1998, 2024",True,0,132,228,-1997
1998,reduce_max,1997,,2,28.0,4,28,1,Scalar,2007,False,0,104,,-1998
1999,load,229,,1,28.0,5,28,256,Vector,"2000, 2027",True,0,133,229,-1999
2000,reduce_max,1999,,2,28.0,5,28,1,Scalar,2007,False,0,105,,-2000
2001,load,230,,1,28.0,6,28,256,Vector,"2002, 2030",True,0,134,230,-2001
2002,reduce_max,2001,,2,28.0,6,28,1,Scalar,2008,False,0,106,,-2002
2003,load,231,,1,28.0,7,28,256,Vector,"2004, 2033",True,0,135,231,-2003
2004,reduce_max,2003,,2,28.0,7,28,1,Scalar,2008,False,0,107,,-2004
2005,max,1990,1992,3,28.0,,28,1,Scalar,2009,False,0,108,,-2005
2006,max,1994,1996,3,28.0,,28,1,Scalar,2009,False,0,109,,-2006
2007,max,1998,2000,3,28.0,,28,1,Scalar,2010,False,0,110,,-2007
2008,max,2002,2004,3,28.0,,28,1,Scalar,2010,False,0,111,,-2008
2009,max,2005,2006,4,28.0,,28,1,Scalar,2011,False,0,112,,-2009
2010,max,2007,2008,4,28.0,,28,1,Scalar,2011,False,0,113,,-2010
2011,max,2009,2010,5,28.0,,28,1,Scalar,"2012, 2015, 2018, 2021, 2024, 2027, 2030, 2033",False,0,114,,-2011
2012,sub,1989,2011,6,28.0,0,28,256,Vector,"2013, 2044",False,0,136,,-2012
2013,exp,2012,,7,28.0,0,28,256,Vector,2014,False,0,137,,-2013
2014,reduce_sum,2013,,8,28.0,0,28,1,Scalar,2036,False,0,115,,-2014
2015,sub,1991,2011,6,28.0,1,28,256,Vector,"2016, 2046",False,0,138,,-2015
2016,exp,2015,,7,28.0,1,28,256,Vector,2017,False,0,139,,-2016
2017,reduce_sum,2016,,8,28.0,1,28,1,Scalar,2036,False,0,116,,-2017
2018,sub,1993,2011,6,28.0,2,28,256,Vector,"2019, 2048",False,0,140,,-2018
2019,exp,2018,,7,28.0,2,28,256,Vector,2020,False,0,141,,-2019
2020,reduce_sum,2019,,8,28.0,2,28,1,Scalar,2037,False,0,117,,-2020
2021,sub,1995,2011,6,28.0,3,28,256,Vector,"2022, 2050",False,0,142,,-2021
2022,exp,2021,,7,28.0,3,28,256,Vector,2023,False,0,143,,-2022
2023,reduce_sum,2022,,8,28.0,3,28,1,Scalar,2037,False,0,118,,-2023
2024,sub,1997,2011,6,28.0,4,28,256,Vector,"2025, 2052",False,0,144,,-2024
2025,exp,2024,,7,28.0,4,28,256,Vector,2026,False,0,145,,-2025
2026,reduce_sum,2025,,8,28.0,4,28,1,Scalar,2038,False,0,119,,-2026
2027,sub,1999,2011,6,28.0,5,28,256,Vector,"2028, 2054",False,0,146,,-2027
2028,exp,2027,,7,28.0,5,28,256,Vector,2029,False,0,147,,-2028
2029,reduce_sum,2028,,8,28.0,5,28,1,Scalar,2038,False,0,120,,-2029
2030,sub,2001,2011,6,28.0,6,28,256,Vector,"2031, 2056",False,0,148,,-2030
2031,exp,2030,,7,28.0,6,28,256,Vector,2032,False,0,149,,-2031
2032,reduce_sum,2031,,8,28.0,6,28,1,Scalar,2039,False,0,121,,-2032
2033,sub,2003,2011,6,28.0,7,28,256,Vector,"2034, 2058",False,0,150,,-2033
2034,exp,2033,,7,28.0,7,28,256,Vector,2035,False,0,151,,-2034
2035,reduce_sum,2034,,8,28.0,7,28,1,Scalar,2039,False,0,122,,-2035
2036,add,2014,2017,9,28.0,,28,1,Scalar,2040,False,0,123,,-2036
2037,add,2020,2023,9,28.0,,28,1,Scalar,2040,False,0,124,,-2037
2038,add,2026,2029,9,28.0,,28,1,Scalar,2041,False,0,125,,-2038
2039,add,2032,2035,9,28.0,,28,1,Scalar,2041,False,0,126,,-2039
2040,add,2036,2037,10,28.0,,28,1,Scalar,2042,False,0,127,,-2040
2041,add,2038,2039,10,28.0,,28,1,Scalar,2042,False,0,128,,-2041
2042,add,2040,2041,11,28.0,,28,1,Scalar,2043,False,0,129,,-2042
2043,ln,2042,,12,28.0,,28,1,Scalar,"2044, 2046, 2048, 2050, 2052, 2054, 2056, 2058",False,0,130,,-2043
2044,sub,2012,2043,13,28.0,0,28,256,Vector,2045,False,0,152,,-2044
2045,store,2044,224,14,28.0,0,28,256,Vector,,False,0,,224,-2045
2046,sub,2015,2043,13,28.0,1,28,256,Vector,2047,False,0,153,,-2046
2047,store,2046,225,14,28.0,1,28,256,Vector,,False,0,,225,-2047
2048,sub,2018,2043,13,28.0,2,28,256,Vector,2049,False,0,154,,-2048
2049,store,2048,226,14,28.0,2,28,256,Vector,,False,0,,226,-2049
2050,sub,2021,2043,13,28.0,3,28,256,Vector,2051,False,0,155,,-2050
2051,store,2050,227,14,28.0,3,28,256,Vector,,False,0,,227,-2051
2052,sub,2024,2043,13,28.0,4,28,256,Vector,2053,False,0,156,,-2052
2053,store,2052,228,14,28.0,4,28,256,Vector,,False,0,,228,-2053
2054,sub,2027,2043,13,28.0,5,28,256,Vector,2055,False,0,157,,-2054
2055,store,2054,229,14,28.0,5,28,256,Vector,,False,0,,229,-2055
2056,sub,2030,2043,13,28.0,6,28,256,Vector,2057,False,0,158,,-2056
2057,store,2056,230,14,28.0,6,28,256,Vector,,False,0,,230,-2057
2058,sub,2033,2043,13,28.0,7,28,256,Vector,2059,False,0,159,,-2058
2059,store,2058,231,14,28.0,7,28,256,Vector,,False,0,,231,-2059
2060,load,232,,1,29.0,0,29,256,Vector,"2061, 2083",True,0,160,232,-2060
2061,reduce_max,2060,,2,29.0,0,29,1,Scalar,2076,False,0,131,,-2061
2062,load,233,,1,29.0,1,29,256,Vector,"2063, 2086",True,0,161,233,-2062
2063,reduce_max,2062,,2,29.0,1,29,1,Scalar,2076,False,0,132,,-2063
2064,load,234,,1,29.0,2,29,256,Vector,"2065, 2089",True,0,162,234,-2064
2065,reduce_max,2064,,2,29.0,2,29,1,Scalar,2077,False,0,133,,-2065
2066,load,235,,1,29.0,3,29,256,Vector,"2067, 2092",True,0,163,235,-2066
2067,reduce_max,2066,,2,29.0,3,29,1,Scalar,2077,False,0,134,,-2067
2068,load,236,,1,29.0,4,29,256,Vector,"2069, 2095",True,0,164,236,-2068
2069,reduce_max,2068,,2,29.0,4,29,1,Scalar,2078,False,0,135,,-2069
2070,load,237,,1,29.0,5,29,256,Vector,"2071, 2098",True,0,165,237,-2070
2071,reduce_max,2070,,2,29.0,5,29,1,Scalar,2078,False,0,136,,-2071
2072,load,238,,1,29.0,6,29,256,Vector,"2073, 2101",True,0,166,238,-2072
2073,reduce_max,2072,,2,29.0,6,29,1,Scalar,2079,False,0,137,,-2073
2074,load,239,,1,29.0,7,29,256,Vector,"2075, 2104",True,0,167,239,-2074
2075,reduce_max,2074,,2,29.0,7,29,1,Scalar,2079,False,0,138,,-2075
2076,max,2061,2063,3,29.0,,29,1,Scalar,2080,False,0,139,,-2076
2077,max,2065,2067,3,29.0,,29,1,Scalar,2080,False,0,140,,-2077
2078,max,2069,2071,3,29.0,,29,1,Scalar,2081,False,0,141,,-2078
2079,max,2073,2075,3,29.0,,29,1,Scalar,2081,False,0,142,,-2079
2080,max,2076,2077,4,29.0,,29,1,Scalar,2082,False,0,143,,-2080
2081,max,2078,2079,4,29.0,,29,1,Scalar,2082,False,0,144,,-2081
2082,max,2080,2081,5,29.0,,29,1,Scalar,"2083, 2086, 2089, 2092, 2095, 2098, 2101, 2104",False,0,145,,-2082
2083,sub,2060,2082,6,29.0,0,29,256,Vector,"2084, 2115",False,0,168,,-2083
2084,exp,2083,,7,29.0,0,29,256,Vector,2085,False,0,169,,-2084
2085,reduce_sum,2084,,8,29.0,0,29,1,Scalar,2107,False,0,146,,-2085
2086,sub,2062,2082,6,29.0,1,29,256,Vector,"2087, 2117",False,0,170,,-2086
2087,exp,2086,,7,29.0,1,29,256,Vector,2088,False,0,171,,-2087
2088,reduce_sum,2087,,8,29.0,1,29,1,Scalar,2107,False,0,147,,-2088
2089,sub,2064,2082,6,29.0,2,29,256,Vector,"2090, 2119",False,0,172,,-2089
2090,exp,2089,,7,29.0,2,29,256,Vector,2091,False,0,173,,-2090
2091,reduce_sum,2090,,8,29.0,2,29,1,Scalar,2108,False,0,148,,-2091
2092,sub,2066,2082,6,29.0,3,29,256,Vector,"2093, 2121",False,0,174,,-2092
2093,exp,2092,,7,29.0,3,29,256,Vector,2094,False,0,175,,-2093
2094,reduce_sum,2093,,8,29.0,3,29,1,Scalar,2108,False,0,149,,-2094
2095,sub,2068,2082,6,29.0,4,29,256,Vector,"2096, 2123",False,0,176,,-2095
2096,exp,2095,,7,29.0,4,29,256,Vector,2097,False,0,177,,-2096
2097,reduce_sum,2096,,8,29.0,4,29,1,Scalar,2109,False,0,150,,-2097
2098,sub,2070,2082,6,29.0,5,29,256,Vector,"2099, 2125",False,0,178,,-2098
2099,exp,2098,,7,29.0,5,29,256,Vector,2100,False,0,179,,-2099
2100,reduce_sum,2099,,8,29.0,5,29,1,Scalar,2109,False,0,151,,-2100
2101,sub,2072,2082,6,29.0,6,29,256,Vector,"2102, 2127",False,0,180,,-2101
2102,exp,2101,,7,29.0,6,29,256,Vector,2103,False,0,181,,-2102
2103,reduce_sum,2102,,8,29.0,6,29,1,Scalar,2110,False,0,152,,-2103
2104,sub,2074,2082,6,29.0,7,29,256,Vector,"2105, 2129",False,0,182,,-2104
2105,exp,2104,,7,29.0,7,29,256,Vector,2106,False,0,183,,-2105
2106,reduce_sum,2105,,8,29.0,7,29,1,Scalar,2110,False,0,153,,-2106
2107,add,2085,2088,9,29.0,,29,1,Scalar,2111,False,0,154,,-2107
2108,add,2091,2094,9,29.0,,29,1,Scalar,2111,False,0,155,,-2108
2109,add,2097,2100,9,29.0,,29,1,Scalar,2112,False,0,156,,-2109
2110,add,2103,2106,9,29.0,,29,1,Scalar,2112,False,0,157,,-2110
2111,add,2107,2108,10,29.0,,29,1,Scalar,2113,False,0,158,,-2111
2112,add,2109,2110,10,29.0,,29,1,Scalar,2113,False,0,159,,-2112
2113,add,2111,2112,11,29.0,,29,1,Scalar,2114,False,0,160,,-2113
2114,ln,2113,,12,29.0,,29,1,Scalar,"2115, 2117, 2119, 2121, 2123, 2125, 2127, 2129",False,0,161,,-2114
2115,sub,2083,2114,13,29.0,0,29,256,Vector,2116,False,0,184,,-2115
2116,store,2115,232,14,29.0,0,29,256,Vector,,False,0,,232,-2116
2117,sub,2086,2114,13,29.0,1,29,256,Vector,2118,False,0,185,,-2117
2118,store,2117,233,14,29.0,1,29,256,Vector,,False,0,,233,-2118
2119,sub,2089,2114,13,29.0,2,29,256,Vector,2120,False,0,186,,-2119
2120,store,2119,234,14,29.0,2,29,256,Vector,,False,0,,234,-2120
2121,sub,2092,2114,13,29.0,3,29,256,Vector,2122,False,0,187,,-2121
2122,store,2121,235,14,29.0,3,29,256,Vector,,False,0,,235,-2122
2123,sub,2095,2114,13,29.0,4,29,256,Vector,2124,False,0,188,,-2123
2124,store,2123,236,14,29.0,4,29,256,Vector,,False,0,,236,-2124
2125,sub,2098,2114,13,29.0,5,29,256,Vector,2126,False,0,189,,-2125
2126,store,2125,237,14,29.0,5,29,256,Vector,,False,0,,237,-2126
2127,sub,2101,2114,13,29.0,6,29,256,Vector,2128,False,0,190,,-2127
2128,store,2127,238,14,29.0,6,29,256,Vector,,False,0,,238,-2128
2129,sub,2104,2114,13,29.0,7,29,256,Vector,2130,False,0,191,,-2129
2130,store,2129,239,14,29.0,7,29,256,Vector,,False,0,,239,-2130
2131,load,240,,1,30.0,0,30,256,Vector,"2132, 2154",True,0,192,240,-2131
2132,reduce_max,2131,,2,30.0,0,30,1,Scalar,2147,False,0,162,,-2132
2133,load,241,,1,30.0,1,30,256,Vector,"2134, 2157",True,0,193,241,-2133
2134,reduce_max,2133,,2,30.0,1,30,1,Scalar,2147,False,0,163,,-2134
2135,load,242,,1,30.0,2,30,256,Vector,"2136, 2160",True,0,194,242,-2135
2136,reduce_max,2135,,2,30.0,2,30,1,Scalar,2148,False,0,164,,-2136
2137,load,243,,1,30.0,3,30,256,Vector,"2138, 2163",True,0,195,243,-2137
2138,reduce_max,2137,,2,30.0,3,30,1,Scalar,2148,False,0,165,,-2138
2139,load,244,,1,30.0,4,30,256,Vector,"2140, 2166",True,0,196,244,-2139
2140,reduce_max,2139,,2,30.0,4,30,1,Scalar,2149,False,0,166,,-2140
2141,load,245,,1,30.0,5,30,256,Vector,"2142, 2169",True,0,197,245,-2141
2142,reduce_max,2141,,2,30.0,5,30,1,Scalar,2149,False,0,167,,-2142
2143,load,246,,1,30.0,6,30,256,Vector,"2144, 2172",True,0,198,246,-2143
2144,reduce_max,2143,,2,30.0,6,30,1,Scalar,2150,False,0,168,,-2144
2145,load,247,,1,30.0,7,30,256,Vector,"2146, 2175",True,0,199,247,-2145
2146,reduce_max,2145,,2,30.0,7,30,1,Scalar,2150,False,0,169,,-2146
2147,max,2132,2134,3,30.0,,30,1,Scalar,2151,False,0,170,,-2147
2148,max,2136,2138,3,30.0,,30,1,Scalar,2151,False,0,171,,-2148
2149,max,2140,2142,3,30.0,,30,1,Scalar,2152,False,0,172,,-2149
2150,max,2144,2146,3,30.0,,30,1,Scalar,2152,False,0,173,,-2150
2151,max,2147,2148,4,30.0,,30,1,Scalar,2153,False,0,174,,-2151
2152,max,2149,2150,4,30.0,,30,1,Scalar,2153,False,0,175,,-2152
2153,max,2151,2152,5,30.0,,30,1,Scalar,"2154, 2157, 2160, 2163, 2166, 2169, 2172, 2175",False,0,176,,-2153
2154,sub,2131,2153,6,30.0,0,30,256,Vector,"2155, 2186",False,0,200,,-2154
2155,exp,2154,,7,30.0,0,30,256,Vector,2156,False,0,201,,-2155
2156,reduce_sum,2155,,8,30.0,0,30,1,Scalar,2178,False,0,177,,-2156
2157,sub,2133,2153,6,30.0,1,30,256,Vector,"2158, 2188",False,0,202,,-2157
2158,exp,2157,,7,30.0,1,30,256,Vector,2159,False,0,203,,-2158
2159,reduce_sum,2158,,8,30.0,1,30,1,Scalar,2178,False,0,178,,-2159
2160,sub,2135,2153,6,30.0,2,30,256,Vector,"2161, 2190",False,0,204,,-2160
2161,exp,2160,,7,30.0,2,30,256,Vector,2162,False,0,205,,-2161
2162,reduce_sum,2161,,8,30.0,2,30,1,Scalar,2179,False,0,179,,-2162
2163,sub,2137,2153,6,30.0,3,30,256,Vector,"2164, 2192",False,0,206,,-2163
2164,exp,2163,,7,30.0,3,30,256,Vector,2165,False,0,207,,-2164
2165,reduce_sum,2164,,8,30.0,3,30,1,Scalar,2179,False,0,180,,-2165
2166,sub,2139,2153,6,30.0,4,30,256,Vector,"2167, 2194",False,0,208,,-2166
2167,exp,2166,,7,30.0,4,30,256,Vector,2168,False,0,209,,-2167
2168,reduce_sum,2167,,8,30.0,4,30,1,Scalar,2180,False,0,181,,-2168
2169,sub,2141,2153,6,30.0,5,30,256,Vector,"2170, 2196",False,0,210,,-2169
2170,exp,2169,,7,30.0,5,30,256,Vector,2171,False,0,211,,-2170
2171,reduce_sum,2170,,8,30.0,5,30,1,Scalar,2180,False,0,182,,-2171
2172,sub,2143,2153,6,30.0,6,30,256,Vector,"2173, 2198",False,0,212,,-2172
2173,exp,2172,,7,30.0,6,30,256,Vector,2174,False,0,213,,-2173
2174,reduce_sum,2173,,8,30.0,6,30,1,Scalar,2181,False,0,183,,-2174
2175,sub,2145,2153,6,30.0,7,30,256,Vector,"2176, 2200",False,0,214,,-2175
2176,exp,2175,,7,30.0,7,30,256,Vector,2177,False,0,215,,-2176
2177,reduce_sum,2176,,8,30.0,7,30,1,Scalar,2181,False,0,184,,-2177
2178,add,2156,2159,9,30.0,,30,1,Scalar,2182,False,0,185,,-2178
2179,add,2162,2165,9,30.0,,30,1,Scalar,2182,False,0,186,,-2179
2180,add,2168,2171,9,30.0,,30,1,Scalar,2183,False,0,187,,-2180
2181,add,2174,2177,9,30.0,,30,1,Scalar,2183,False,0,188,,-2181
2182,add,2178,2179,10,30.0,,30,1,Scalar,2184,False,0,189,,-2182
2183,add,2180,2181,10,30.0,,30,1,Scalar,2184,False,0,190,,-2183
2184,add,2182,2183,11,30.0,,30,1,Scalar,2185,False,0,191,,-2184
2185,ln,2184,,12,30.0,,30,1,Scalar,"2186, 2188, 2190, 2192, 2194, 2196, 2198, 2200",False,0,192,,-2185
2186,sub,2154,2185,13,30.0,0,30,256,Vector,2187,False,0,216,,-2186
2187,store,2186,240,14,30.0,0,30,256,Vector,,False,0,,240,-2187
2188,sub,2157,2185,13,30.0,1,30,256,Vector,2189,False,0,217,,-2188
2189,store,2188,241,14,30.0,1,30,256,Vector,,False,0,,241,-2189
2190,sub,2160,2185,13,30.0,2,30,256,Vector,2191,False,0,218,,-2190
2191,store,2190,242,14,30.0,2,30,256,Vector,,False,0,,242,-2191
2192,sub,2163,2185,13,30.0,3,30,256,Vector,2193,False,0,219,,-2192
2193,store,2192,243,14,30.0,3,30,256,Vector,,False,0,,243,-2193
2194,sub,2166,2185,13,30.0,4,30,256,Vector,2195,False,0,220,,-2194
2195,store,2194,244,14,30.0,4,30,256,Vector,,False,0,,244,-2195
2196,sub,2169,2185,13,30.0,5,30,256,Vector,2197,False,0,221,,-2196
2197,store,2196,245,14,30.0,5,30,256,Vector,,False,0,,245,-2197
2198,sub,2172,2185,13,30.0,6,30,256,Vector,2199,False,0,222,,-2198
2199,store,2198,246,14,30.0,6,30,256,Vector,,False,0,,246,-2199
2200,sub,2175,2185,13,30.0,7,30,256,Vector,2201,False,0,223,,-2200
2201,store,2200,247,14,30.0,7,30,256,Vector,,False,0,,247,-2201
2202,load,248,,1,31.0,0,31,256,Vector,"2203, 2225",True,0,224,248,-2202
2203,reduce_max,2202,,2,31.0,0,31,1,Scalar,2218,False,0,193,,-2203
2204,load,249,,1,31.0,1,31,256,Vector,"2205, 2228",True,0,225,249,-2204
2205,reduce_max,2204,,2,31.0,1,31,1,Scalar,2218,False,0,194,,-2205
2206,load,250,,1,31.0,2,31,256,Vector,"2207, 2231",True,0,226,250,-2206
2207,reduce_max,2206,,2,31.0,2,31,1,Scalar,2219,False,0,195,,-2207
2208,load,251,,1,31.0,3,31,256,Vector,"2209, 2234",True,0,227,251,-2208
2209,reduce_max,2208,,2,31.0,3,31,1,Scalar,2219,False,0,196,,-2209
2210,load,252,,1,31.0,4,31,256,Vector,"2211, 2237",True,0,228,252,-2210
2211,reduce_max,2210,,2,31.0,4,31,1,Scalar,2220,False,0,197,,-2211
2212,load,253,,1,31.0,5,31,256,Vector,"2213, 2240",True,0,229,253,-2212
2213,reduce_max,2212,,2,31.0,5,31,1,Scalar,2220,False,0,198,,-2213
2214,load,254,,1,31.0,6,31,256,Vector,"2215, 2243",True,0,230,254,-2214
2215,reduce_max,2214,,2,31.0,6,31,1,Scalar,2221,False,0,199,,-2215
2216,load,255,,1,31.0,7,31,256,Vector,"2217, 2246",True,0,231,255,-2216
2217,reduce_max,2216,,2,31.0,7,31,1,Scalar,2221,False,0,200,,-2217
2218,max,2203,2205,3,31.0,,31,1,Scalar,2222,False,0,201,,-2218
2219,max,2207,2209,3,31.0,,31,1,Scalar,2222,False,0,202,,-2219
2220,max,2211,2213,3,31.0,,31,1,Scalar,2223,False,0,203,,-2220
2221,max,2215,2217,3,31.0,,31,1,Scalar,2223,False,0,204,,-2221
2222,max,2218,2219,4,31.0,,31,1,Scalar,2224,False,0,205,,-2222
2223,max,2220,2221,4,31.0,,31,1,Scalar,2224,False,0,206,,-2223
2224,max,2222,2223,5,31.0,,31,1,Scalar,"2225, 2228, 2231, 2234, 2237, 2240, 2243, 2246",False,0,207,,-2224
2225,sub,2202,2224,6,31.0,0,31,256,Vector,"2226, 2257",False,0,232,,-2225
2226,exp,2225,,7,31.0,0,31,256,Vector,2227,False,0,233,,-2226
2227,reduce_sum,2226,,8,31.0,0,31,1,Scalar,2249,False,0,208,,-2227
2228,sub,2204,2224,6,31.0,1,31,256,Vector,"2229, 2259",False,0,234,,-2228
2229,exp,2228,,7,31.0,1,31,256,Vector,2230,False,0,235,,-2229
2230,reduce_sum,2229,,8,31.0,1,31,1,Scalar,2249,False,0,209,,-2230
2231,sub,2206,2224,6,31.0,2,31,256,Vector,"2232, 2261",False,0,236,,-2231
2232,exp,2231,,7,31.0,2,31,256,Vector,2233,False,0,237,,-2232
2233,reduce_sum,2232,,8,31.0,2,31,1,Scalar,2250,False,0,210,,-2233
2234,sub,2208,2224,6,31.0,3,31,256,Vector,"2235, 2263",False,0,238,,-2234
2235,exp,2234,,7,31.0,3,31,256,Vector,2236,False,0,239,,-2235
2236,reduce_sum,2235,,8,31.0,3,31,1,Scalar,2250,False,0,211,,-2236
2237,sub,2210,2224,6,31.0,4,31,256,Vector,"2238, 2265",False,0,240,,-2237
2238,exp,2237,,7,31.0,4,31,256,Vector,2239,False,0,241,,-2238
2239,reduce_sum,2238,,8,31.0,4,31,1,Scalar,2251,False,0,212,,-2239
2240,sub,2212,2224,6,31.0,5,31,256,Vector,"2241, 2267",False,0,242,,-2240
2241,exp,2240,,7,31.0,5,31,256,Vector,2242,False,0,243,,-2241
2242,reduce_sum,2241,,8,31.0,5,31,1,Scalar,2251,False,0,213,,-2242
2243,sub,2214,2224,6,31.0,6,31,256,Vector,"2244, 2269",False,0,244,,-2243
2244,exp,2243,,7,31.0,6,31,256,Vector,2245,False,0,245,,-2244
2245,reduce_sum,2244,,8,31.0,6,31,1,Scalar,2252,False,0,214,,-2245
2246,sub,2216,2224,6,31.0,7,31,256,Vector,"2247, 2271",False,0,246,,-2246
2247,exp,2246,,7,31.0,7,31,256,Vector,2248,False,0,247,,-2247
2248,reduce_sum,2247,,8,31.0,7,31,1,Scalar,2252,False,0,215,,-2248
2249,add,2227,2230,9,31.0,,31,1,Scalar,2253,False,0,216,,-2249
2250,add,2233,2236,9,31.0,,31,1,Scalar,2253,False,0,217,,-2250
2251,add,2239,2242,9,31.0,,31,1,Scalar,2254,False,0,218,,-2251
2252,add,2245,2248,9,31.0,,31,1,Scalar,2254,False,0,219,,-2252
2253,add,2249,2250,10,31.0,,31,1,Scalar,2255,False,0,220,,-2253
2254,add,2251,2252,10,31.0,,31,1,Scalar,2255,False,0,221,,-2254
2255,add,2253,2254,11,31.0,,31,1,Scalar,2256,False,0,222,,-2255
2256,ln,2255,,12,31.0,,31,1,Scalar,"2257, 2259, 2261, 2263, 2265, 2267, 2269, 2271",False,0,223,,-2256
2257,sub,2225,2256,13,31.0,0,31,256,Vector,2258,False,0,248,,-2257
2258,store,2257,248,14,31.0,0,31,256,Vector,,False,0,,248,-2258
2259,sub,2228,2256,13,31.0,1,31,256,Vector,2260,False,0,249,,-2259
2260,store,2259,249,14,31.0,1,31,256,Vector,,False,0,,249,-2260
2261,sub,2231,2256,13,31.0,2,31,256,Vector,2262,False,0,250,,-2261
2262,store,2261,250,14,31.0,2,31,256,Vector,,False,0,,250,-2262
2263,sub,2234,2256,13,31.0,3,31,256,Vector,2264,False,0,251,,-2263
2264,store,2263,251,14,31.0,3,31,256,Vector,,False,0,,251,-2264
2265,sub,2237,2256,13,31.0,4,31,256,Vector,2266,False,0,252,,-2265
2266,store,2265,252,14,31.0,4,31,256,Vector,,False,0,,252,-2266
2267,sub,2240,2256,13,31.0,5,31,256,Vector,2268,False,0,253,,-2267
2268,store,2267,253,14,31.0,5,31,256,Vector,,False,0,,253,-2268
2269,sub,2243,2256,13,31.0,6,31,256,Vector,2270,False,0,254,,-2269
2270,store,2269,254,14,31.0,6,31,256,Vector,,False,0,,254,-2270
2271,sub,2246,2256,13,31.0,7,31,256,Vector,2272,False,0,255,,-2271
2272,store,2271,255,14,31.0,7,31,256,Vector,,False,0,,255,-2272
2273,load,256,,1,32.0,0,32,256,Vector,"2274, 2296",True,0,0,256,-2273
2274,reduce_max,2273,,2,32.0,0,32,1,Scalar,2289,False,0,224,,-2274
2275,load,257,,1,32.0,1,32,256,Vector,"2276, 2299",True,0,1,257,-2275
2276,reduce_max,2275,,2,32.0,1,32,1,Scalar,2289,False,0,225,,-2276
2277,load,258,,1,32.0,2,32,256,Vector,"2278, 2302",True,0,2,258,-2277
2278,reduce_max,2277,,2,32.0,2,32,1,Scalar,2290,False,0,226,,-2278
2279,load,259,,1,32.0,3,32,256,Vector,"2280, 2305",True,0,3,259,-2279
2280,reduce_max,2279,,2,32.0,3,32,1,Scalar,2290,False,0,227,,-2280
2281,load,260,,1,32.0,4,32,256,Vector,"2282, 2308",True,0,4,260,-2281
2282,reduce_max,2281,,2,32.0,4,32,1,Scalar,2291,False,0,228,,-2282
2283,load,261,,1,32.0,5,32,256,Vector,"2284, 2311",True,0,5,261,-2283
2284,reduce_max,2283,,2,32.0,5,32,1,Scalar,2291,False,0,229,,-2284
2285,load,262,,1,32.0,6,32,256,Vector,"2286, 2314",True,0,6,262,-2285
2286,reduce_max,2285,,2,32.0,6,32,1,Scalar,2292,False,0,230,,-2286
2287,load,263,,1,32.0,7,32,256,Vector,"2288, 2317",True,0,7,263,-2287
2288,reduce_max,2287,,2,32.0,7,32,1,Scalar,2292,False,0,231,,-2288
2289,max,2274,2276,3,32.0,,32,1,Scalar,2293,False,0,232,,-2289
2290,max,2278,2280,3,32.0,,32,1,Scalar,2293,False,0,233,,-2290
2291,max,2282,2284,3,32.0,,32,1,Scalar,2294,False,0,234,,-2291
2292,max,2286,2288,3,32.0,,32,1,Scalar,2294,False,0,235,,-2292
2293,max,2289,2290,4,32.0,,32,1,Scalar,2295,False,0,236,,-2293
2294,max,2291,2292,4,32.0,,32,1,Scalar,2295,False,0,237,,-2294
2295,max,2293,2294,5,32.0,,32,1,Scalar,"2296, 2299, 2302, 2305, 2308, 2311, 2314, 2317",False,0,238,,-2295
2296,sub,2273,2295,6,32.0,0,32,256,Vector,"2297, 2328",False,0,8,,-2296
2297,exp,2296,,7,32.0,0,32,256,Vector,2298,False,0,9,,-2297
2298,reduce_sum,2297,,8,32.0,0,32,1,Scalar,2320,False,0,239,,-2298
2299,sub,2275,2295,6,32.0,1,32,256,Vector,"2300, 2330",False,0,10,,-2299
2300,exp,2299,,7,32.0,1,32,256,Vector,2301,False,0,11,,-2300
2301,reduce_sum,2300,,8,32.0,1,32,1,Scalar,2320,False,0,240,,-2301
2302,sub,2277,2295,6,32.0,2,32,256,Vector,"2303, 2332",False,0,12,,-2302
2303,exp,2302,,7,32.0,2,32,256,Vector,2304,False,0,13,,-2303
2304,reduce_sum,2303,,8,32.0,2,32,1,Scalar,2321,False,0,241,,-2304
2305,sub,2279,2295,6,32.0,3,32,256,Vector,"2306, 2334",False,0,14,,-2305
2306,exp,2305,,7,32.0,3,32,256,Vector,2307,False,0,15,,-2306
2307,reduce_sum,2306,,8,32.0,3,32,1,Scalar,2321,False,0,242,,-2307
2308,sub,2281,2295,6,32.0,4,32,256,Vector,"2309, 2336",False,0,16,,-2308
2309,exp,2308,,7,32.0,4,32,256,Vector,2310,False,0,17,,-2309
2310,reduce_sum,2309,,8,32.0,4,32,1,Scalar,2322,False,0,243,,-2310
2311,sub,2283,2295,6,32.0,5,32,256,Vector,"2312, 2338",False,0,18,,-2311
2312,exp,2311,,7,32.0,5,32,256,Vector,2313,False,0,19,,-2312
2313,reduce_sum,2312,,8,32.0,5,32,1,Scalar,2322,False,0,244,,-2313
2314,sub,2285,2295,6,32.0,6,32,256,Vector,"2315, 2340",False,0,20,,-2314
2315,exp,2314,,7,32.0,6,32,256,Vector,2316,False,0,21,,-2315
2316,reduce_sum,2315,,8,32.0,6,32,1,Scalar,2323,False,0,245,,-2316
2317,sub,2287,2295,6,32.0,7,32,256,Vector,"2318, 2342",False,0,22,,-2317
2318,exp,2317,,7,32.0,7,32,256,Vector,2319,False,0,23,,-2318
2319,reduce_sum,2318,,8,32.0,7,32,1,Scalar,2323,False,0,246,,-2319
2320,add,2298,2301,9,32.0,,32,1,Scalar,2324,False,0,247,,-2320
2321,add,2304,2307,9,32.0,,32,1,Scalar,2324,False,0,248,,-2321
2322,add,2310,2313,9,32.0,,32,1,Scalar,2325,False,0,249,,-2322
2323,add,2316,2319,9,32.0,,32,1,Scalar,2325,False,0,250,,-2323
2324,add,2320,2321,10,32.0,,32,1,Scalar,2326,False,0,251,,-2324
2325,add,2322,2323,10,32.0,,32,1,Scalar,2326,False,0,252,,-2325
2326,add,2324,2325,11,32.0,,32,1,Scalar,2327,False,0,253,,-2326
2327,ln,2326,,12,32.0,,32,1,Scalar,"2328, 2330, 2332, 2334, 2336, 2338, 2340, 2342",False,0,254,,-2327
2328,sub,2296,2327,13,32.0,0,32,256,Vector,2329,False,0,24,,-2328
2329,store,2328,256,14,32.0,0,32,256,Vector,,False,0,,256,-2329
2330,sub,2299,2327,13,32.0,1,32,256,Vector,2331,False,0,25,,-2330
2331,store,2330,257,14,32.0,1,32,256,Vector,,False,0,,257,-2331
2332,sub,2302,2327,13,32.0,2,32,256,Vector,2333,False,0,26,,-2332
2333,store,2332,258,14,32.0,2,32,256,Vector,,False,0,,258,-2333
2334,sub,2305,2327,13,32.0,3,32,256,Vector,2335,False,0,27,,-2334
2335,store,2334,259,14,32.0,3,32,256,Vector,,False,0,,259,-2335
2336,sub,2308,2327,13,32.0,4,32,256,Vector,2337,False,0,28,,-2336
2337,store,2336,260,14,32.0,4,32,256,Vector,,False,0,,260,-2337
2338,sub,2311,2327,13,32.0,5,32,256,Vector,2339,False,0,29,,-2338
2339,store,2338,261,14,32.0,5,32,256,Vector,,False,0,,261,-2339
2340,sub,2314,2327,13,32.0,6,32,256,Vector,2341,False,0,30,,-2340
2341,store,2340,262,14,32.0,6,32,256,Vector,,False,0,,262,-2341
2342,sub,2317,2327,13,32.0,7,32,256,Vector,2343,False,0,31,,-2342
2343,store,2342,263,14,32.0,7,32,256,Vector,,False,0,,263,-2343
2344,load,264,,1,33.0,0,33,256,Vector,"2345, 2367",True,0,32,264,-2344
2345,reduce_max,2344,,2,33.0,0,33,1,Scalar,2360,False,0,255,,-2345
2346,load,265,,1,33.0,1,33,256,Vector,"2347, 2370",True,0,33,265,-2346
2347,reduce_max,2346,,2,33.0,1,33,1,Scalar,2360,False,0,0,,-2347
2348,load,266,,1,33.0,2,33,256,Vector,"2349, 2373",True,0,34,266,-2348
2349,reduce_max,2348,,2,33.0,2,33,1,Scalar,2361,False,0,1,,-2349
2350,load,267,,1,33.0,3,33,256,Vector,"2351, 2376",True,0,35,267,-2350
2351,reduce_max,2350,,2,33.0,3,33,1,Scalar,2361,False,0,2,,-2351
2352,load,268,,1,33.0,4,33,256,Vector,"2353, 2379",True,0,36,268,-2352
2353,reduce_max,2352,,2,33.0,4,33,1,Scalar,2362,False,0,3,,-2353
2354,load,269,,1,33.0,5,33,256,Vector,"2355, 2382",True,0,37,269,-2354
2355,reduce_max,2354,,2,33.0,5,33,1,Scalar,2362,False,0,4,,-2355
2356,load,270,,1,33.0,6,33,256,Vector,"2357, 2385",True,0,38,270,-2356
2357,reduce_max,2356,,2,33.0,6,33,1,Scalar,2363,False,0,5,,-2357
2358,load,271,,1,33.0,7,33,256,Vector,"2359, 2388",True,0,39,271,-2358
2359,reduce_max,2358,,2,33.0,7,33,1,Scalar,2363,False,0,6,,-2359
2360,max,2345,2347,3,33.0,,33,1,Scalar,2364,False,0,7,,-2360
2361,max,2349,2351,3,33.0,,33,1,Scalar,2364,False,0,8,,-2361
2362,max,2353,2355,3,33.0,,33,1,Scalar,2365,False,0,9,,-2362
2363,max,2357,2359,3,33.0,,33,1,Scalar,2365,False,0,10,,-2363
2364,max,2360,2361,4,33.0,,33,1,Scalar,2366,False,0,11,,-2364
2365,max,2362,2363,4,33.0,,33,1,Scalar,2366,False,0,12,,-2365
2366,max,2364,2365,5,33.0,,33,1,Scalar,"2367, 2370, 2373, 2376, 2379, 2382, 2385, 2388",False,0,13,,-2366
2367,sub,2344,2366,6,33.0,0,33,256,Vector,"2368, 2399",False,0,40,,-2367
2368,exp,2367,,7,33.0,0,33,256,Vector,2369,False,0,41,,-2368
2369,reduce_sum,2368,,8,33.0,0,33,1,Scalar,2391,False,0,14,,-2369
2370,sub,2346,2366,6,33.0,1,33,256,Vector,"2371, 2401",False,0,42,,-2370
2371,exp,2370,,7,33.0,1,33,256,Vector,2372,False,0,43,,-2371
2372,reduce_sum,2371,,8,33.0,1,33,1,Scalar,2391,False,0,15,,-2372
2373,sub,2348,2366,6,33.0,2,33,256,Vector,"2374, 2403",False,0,44,,-2373
2374,exp,2373,,7,33.0,2,33,256,Vector,2375,False,0,45,,-2374
2375,reduce_sum,2374,,8,33.0,2,33,1,Scalar,2392,False,0,16,,-2375
2376,sub,2350,2366,6,33.0,3,33,256,Vector,"2377, 2405",False,0,46,,-2376
2377,exp,2376,,7,33.0,3,33,256,Vector,2378,False,0,47,,-2377
2378,reduce_sum,2377,,8,33.0,3,33,1,Scalar,2392,False,0,17,,-2378
2379,sub,2352,2366,6,33.0,4,33,256,Vector,"2380, 2407",False,0,48,,-2379
2380,exp,2379,,7,33.0,4,33,256,Vector,2381,False,0,49,,-2380
2381,reduce_sum,2380,,8,33.0,4,33,1,Scalar,2393,False,0,18,,-2381
2382,sub,2354,2366,6,33.0,5,33,256,Vector,"2383, 2409",False,0,50,,-2382
2383,exp,2382,,7,33.0,5,33,256,Vector,2384,False,0,51,,-2383
2384,reduce_sum,2383,,8,33.0,5,33,1,Scalar,2393,False,0,19,,-2384
2385,sub,2356,2366,6,33.0,6,33,256,Vector,"2386, 2411",False,0,52,,-2385
2386,exp,2385,,7,33.0,6,33,256,Vector,2387,False,0,53,,-2386
2387,reduce_sum,2386,,8,33.0,6,33,1,Scalar,2394,False,0,20,,-2387
2388,sub,2358,2366,6,33.0,7,33,256,Vector,"2389, 2413",False,0,54,,-2388
2389,exp,2388,,7,33.0,7,33,256,Vector,2390,False,0,55,,-2389
2390,reduce_sum,2389,,8,33.0,7,33,1,Scalar,2394,False,0,21,,-2390
2391,add,2369,2372,9,33.0,,33,1,Scalar,2395,False,0,22,,-2391
2392,add,2375,2378,9,33.0,,33,1,Scalar,2395,False,0,23,,-2392
2393,add,2381,2384,9,33.0,,33,1,Scalar,2396,False,0,24,,-2393
2394,add,2387,2390,9,33.0,,33,1,Scalar,2396,False,0,25,,-2394
2395,add,2391,2392,10,33.0,,33,1,Scalar,2397,False,0,26,,-2395
2396,add,2393,2394,10,33.0,,33,1,Scalar,2397,False,0,27,,-2396
2397,add,2395,2396,11,33.0,,33,1,Scalar,2398,False,0,28,,-2397
2398,ln,2397,,12,33.0,,33,1,Scalar,"2399, 2401, 2403, 2405, 2407, 2409, 2411, 2413",False,0,29,,-2398
2399,sub,2367,2398,13,33.0,0,33,256,Vector,2400,False,0,56,,-2399
2400,store,2399,264,14,33.0,0,33,256,Vector,,False,0,,264,-2400
2401,sub,2370,2398,13,33.0,1,33,256,Vector,2402,False,0,57,,-2401
2402,store,2401,265,14,33.0,1,33,256,Vector,,False,0,,265,-2402
2403,sub,2373,2398,13,33.0,2,33,256,Vector,2404,False,0,58,,-2403
2404,store,2403,266,14,33.0,2,33,256,Vector,,False,0,,266,-2404
2405,sub,2376,2398,13,33.0,3,33,256,Vector,2406,False,0,59,,-2405
2406,store,2405,267,14,33.0,3,33,256,Vector,,False,0,,267,-2406
2407,sub,2379,2398,13,33.0,4,33,256,Vector,2408,False,0,60,,-2407
2408,store,2407,268,14,33.0,4,33,256,Vector,,False,0,,268,-2408
2409,sub,2382,2398,13,33.0,5,33,256,Vector,2410,False,0,61,,-2409
2410,store,2409,269,14,33.0,5,33,256,Vector,,False,0,,269,-2410
2411,sub,2385,2398,13,33.0,6,33,256,Vector,2412,False,0,62,,-2411
2412,store,2411,270,14,33.0,6,33,256,Vector,,False,0,,270,-2412
2413,sub,2388,2398,13,33.0,7,33,256,Vector,2414,False,0,63,,-2413
2414,store,2413,271,14,33.0,7,33,256,Vector,,False,0,,271,-2414
2415,load,272,,1,34.0,0,34,256,Vector,"2416, 2438",True,0,64,272,-2415
2416,reduce_max,2415,,2,34.0,0,34,1,Scalar,2431,False,0,30,,-2416
2417,load,273,,1,34.0,1,34,256,Vector,"2418, 2441",True,0,65,273,-2417
2418,reduce_max,2417,,2,34.0,1,34,1,Scalar,2431,False,0,31,,-2418
2419,load,274,,1,34.0,2,34,256,Vector,"2420, 2444",True,0,66,274,-2419
2420,reduce_max,2419,,2,34.0,2,34,1,Scalar,2432,False,0,32,,-2420
2421,load,275,,1,34.0,3,34,256,Vector,"2422, 2447",True,0,67,275,-2421
2422,reduce_max,2421,,2,34.0,3,34,1,Scalar,2432,False,0,33,,-2422
2423,load,276,,1,34.0,4,34,256,Vector,"2424, 2450",True,0,68,276,-2423
2424,reduce_max,2423,,2,34.0,4,34,1,Scalar,2433,False,0,34,,-2424
2425,load,277,,1,34.0,5,34,256,Vector,"2426, 2453",True,0,69,277,-2425
2426,reduce_max,2425,,2,34.0,5,34,1,Scalar,2433,False,0,35,,-2426
2427,load,278,,1,34.0,6,34,256,Vector,"2428, 2456",True,0,70,278,-2427
2428,reduce_max,2427,,2,34.0,6,34,1,Scalar,2434,False,0,36,,-2428
2429,load,279,,1,34.0,7,34,256,Vector,"2430, 2459",True,0,71,279,-2429
2430,reduce_max,2429,,2,34.0,7,34,1,Scalar,2434,False,0,37,,-2430
2431,max,2416,2418,3,34.0,,34,1,Scalar,2435,False,0,38,,-2431
2432,max,2420,2422,3,34.0,,34,1,Scalar,2435,False,0,39,,-2432
2433,max,2424,2426,3,34.0,,34,1,Scalar,2436,False,0,40,,-2433
2434,max,2428,2430,3,34.0,,34,1,Scalar,2436,False,0,41,,-2434
2435,max,2431,2432,4,34.0,,34,1,Scalar,2437,False,0,42,,-2435
2436,max,2433,2434,4,34.0,,34,1,Scalar,2437,False,0,43,,-2436
2437,max,2435,2436,5,34.0,,34,1,Scalar,"2438, 2441, 2444, 2447, 2450, 2453, 2456, 2459",False,0,44,,-2437
2438,sub,2415,2437,6,34.0,0,34,256,Vector,"2439, 2470",False,0,72,,-2438
2439,exp,2438,,7,34.0,0,34,256,Vector,2440,False,0,73,,-2439
2440,reduce_sum,2439,,8,34.0,0,34,1,Scalar,2462,False,0,45,,-2440
2441,sub,2417,2437,6,34.0,1,34,256,Vector,"2442, 2472",False,0,74,,-2441
2442,exp,2441,,7,34.0,1,34,256,Vector,2443,False,0,75,,-2442
2443,reduce_sum,2442,,8,34.0,1,34,1,Scalar,2462,False,0,46,,-2443
2444,sub,2419,2437,6,34.0,2,34,256,Vector,"2445, 2474",False,0,76,,-2444
2445,exp,2444,,7,34.0,2,34,256,Vector,2446,False,0,77,,-2445
2446,reduce_sum,2445,,8,34.0,2,34,1,Scalar,2463,False,0,47,,-2446
2447,sub,2421,2437,6,34.0,3,34,256,Vector,"2448, 2476",False,0,78,,-2447
2448,exp,2447,,7,34.0,3,34,256,Vector,2449,False,0,79,,-2448
2449,reduce_sum,2448,,8,34.0,3,34,1,Scalar,2463,False,0,48,,-2449
2450,sub,2423,2437,6,34.0,4,34,256,Vector,"2451, 2478",False,0,80,,-2450
2451,exp,2450,,7,34.0,4,34,256,Vector,2452,False,0,81,,-2451
2452,reduce_sum,2451,,8,34.0,4,34,1,Scalar,2464,False,0,49,,-2452
2453,sub,2425,2437,6,34.0,5,34,256,Vector,"2454, 2480",False,0,82,,-2453
2454,exp,2453,,7,34.0,5,34,256,Vector,2455,False,0,83,,-2454
2455,reduce_sum,2454,,8,34.0,5,34,1,Scalar,2464,False,0,50,,-2455
2456,sub,2427,2437,6,34.0,6,34,256,Vector,"2457, 2482",False,0,84,,-2456
2457,exp,2456,,7,34.0,6,34,256,Vector,2458,False,0,85,,-2457
2458,reduce_sum,2457,,8,34.0,6,34,1,Scalar,2465,False,0,51,,-2458
2459,sub,2429,2437,6,34.0,7,34,256,Vector,"2460, 2484",False,0,86,,-2459
2460,exp,2459,,7,34.0,7,34,256,Vector,2461,False,0,87,,-2460
2461,reduce_sum,2460,,8,34.0,7,34,1,Scalar,2465,False,0,52,,-2461
2462,add,2440,2443,9,34.0,,34,1,Scalar,2466,False,0,53,,-2462
2463,add,2446,2449,9,34.0,,34,1,Scalar,2466,False,0,54,,-2463
2464,add,2452,2455,9,34.0,,34,1,Scalar,2467,False,0,55,,-2464
2465,add,2458,2461,9,34.0,,34,1,Scalar,2467,False,0,56,,-2465
2466,add,2462,2463,10,34.0,,34,1,Scalar,2468,False,0,57,,-2466
2467,add,2464,2465,10,34.0,,34,1,Scalar,2468,False,0,58,,-2467
2468,add,2466,2467,11,34.0,,34,1,Scalar,2469,False,0,59,,-2468
2469,ln,2468,,12,34.0,,34,1,Scalar,"2470, 2472, 2474, 2476, 2478, 2480, 2482, 2484",False,0,60,,-2469
2470,sub,2438,2469,13,34.0,0,34,256,Vector,2471,False,0,88,,-2470
2471,store,2470,272,14,34.0,0,34,256,Vector,,False,0,,272,-2471
2472,sub,2441,2469,13,34.0,1,34,256,Vector,2473,False,0,89,,-2472
2473,store,2472,273,14,34.0,1,34,256,Vector,,False,0,,273,-2473
2474,sub,2444,2469,13,34.0,2,34,256,Vector,2475,False,0,90,,-2474
2475,store,2474,274,14,34.0,2,34,256,Vector,,False,0,,274,-2475
2476,sub,2447,2469,13,34.0,3,34,256,Vector,2477,False,0,91,,-2476
2477,store,2476,275,14,34.0,3,34,256,Vector,,False,0,,275,-2477
2478,sub,2450,2469,13,34.0,4,34,256,Vector,2479,False,0,92,,-2478
2479,store,2478,276,14,34.0,4,34,256,Vector,,False,0,,276,-2479
2480,sub,2453,2469,13,34.0,5,34,256,Vector,2481,False,0,93,,-2480
2481,store,2480,277,14,34.0,5,34,256,Vector,,False,0,,277,-2481
2482,sub,2456,2469,13,34.0,6,34,256,Vector,2483,False,0,94,,-2482
2483,store,2482,278,14,34.0,6,34,256,Vector,,False,0,,278,-2483
2484,sub,2459,2469,13,34.0,7,34,256,Vector,2485,False,0,95,,-2484
2485,store,2484,279,14,34.0,7,34,256,Vector,,False,0,,279,-2485
2486,load,280,,1,35.0,0,35,256,Vector,"2487, 2509",True,0,96,280,-2486
2487,reduce_max,2486,,2,35.0,0,35,1,Scalar,2502,False,0,61,,-2487
2488,load,281,,1,35.0,1,35,256,Vector,"2489, 2512",True,0,97,281,-2488
2489,reduce_max,2488,,2,35.0,1,35,1,Scalar,2502,False,0,62,,-2489
2490,load,282,,1,35.0,2,35,256,Vector,"2491, 2515",True,0,98,282,-2490
2491,reduce_max,2490,,2,35.0,2,35,1,Scalar,2503,False,0,63,,-2491
2492,load,283,,1,35.0,3,35,256,Vector,"2493, 2518",True,0,99,283,-2492
2493,reduce_max,2492,,2,35.0,3,35,1,Scalar,2503,False,0,64,,-2493
2494,load,284,,1,35.0,4,35,256,Vector,"2495, 2521",True,0,100,284,-2494
2495,reduce_max,2494,,2,35.0,4,35,1,Scalar,2504,False,0,65,,-2495
2496,load,285,,1,35.0,5,35,256,Vector,"2497, 2524",True,0,101,285,-2496
2497,reduce_max,2496,,2,35.0,5,35,1,Scalar,2504,False,0,66,,-2497
2498,load,286,,1,35.0,6,35,256,Vector,"2499, 2527",True,0,102,286,-2498
2499,reduce_max,2498,,2,35.0,6,35,1,Scalar,2505,False,0,67,,-2499
2500,load,287,,1,35.0,7,35,256,Vector,"2501, 2530",True,0,103,287,-2500
2501,reduce_max,2500,,2,35.0,7,35,1,Scalar,2505,False,0,68,,-2501
2502,max,2487,2489,3,35.0,,35,1,Scalar,2506,False,0,69,,-2502
2503,max,2491,2493,3,35.0,,35,1,Scalar,2506,False,0,70,,-2503
2504,max,2495,2497,3,35.0,,35,1,Scalar,2507,False,0,71,,-2504
2505,max,2499,2501,3,35.0,,35,1,Scalar,2507,False,0,72,,-2505
2506,max,2502,2503,4,35.0,,35,1,Scalar,2508,False,0,73,,-2506
2507,max,2504,2505,4,35.0,,35,1,Scalar,2508,False,0,74,,-2507
2508,max,2506,2507,5,35.0,,35,1,Scalar,"2509, 2512, 2515, 2518, 2521, 2524, 2527, 2530",False,0,75,,-2508
2509,sub,2486,2508,6,35.0,0,35,256,Vector,"2510, 2541",False,0,104,,-2509
2510,exp,2509,,7,35.0,0,35,256,Vector,2511,False,0,105,,-2510
2511,reduce_sum,2510,,8,35.0,0,35,1,Scalar,2533,False,0,76,,-2511
2512,sub,2488,2508,6,35.0,1,35,256,Vector,"2513, 2543",False,0,106,,-2512
2513,exp,2512,,7,35.0,1,35,256,Vector,2514,False,0,107,,-2513
2514,reduce_sum,2513,,8,35.0,1,35,1,Scalar,2533,False,0,77,,-2514
2515,sub,2490,2508,6,35.0,2,35,256,Vector,"2516, 2545",False,0,108,,-2515
2516,exp,2515,,7,35.0,2,35,256,Vector,2517,False,0,109,,-2516
2517,reduce_sum,2516,,8,35.0,2,35,1,Scalar,2534,False,0,78,,-2517
2518,sub,2492,2508,6,35.0,3,35,256,Vector,"2519, 2547",False,0,110,,-2518
2519,exp,2518,,7,35.0,3,35,256,Vector,2520,False,0,111,,-2519
2520,reduce_sum,2519,,8,35.0,3,35,1,Scalar,2534,False,0,79,,-2520
2521,sub,2494,2508,6,35.0,4,35,256,Vector,"2522, 2549",False,0,112,,-2521
2522,exp,2521,,7,35.0,4,35,256,Vector,2523,False,0,113,,-2522
2523,reduce_sum,2522,,8,35.0,4,35,1,Scalar,2535,False,0,80,,-2523
2524,sub,2496,2508,6,35.0,5,35,256,Vector,"2525, 2551",False,0,114,,-2524
2525,exp,2524,,7,35.0,5,35,256,Vector,2526,False,0,115,,-2525
2526,reduce_sum,2525,,8,35.0,5,35,1,Scalar,2535,False,0,81,,-2526
2527,sub,2498,2508,6,35.0,6,35,256,Vector,"2528, 2553",False,0,116,,-2527
2528,exp,2527,,7,35.0,6,35,256,Vector,2529,False,0,117,,-2528
2529,reduce_sum,2528,,8,35.0,6,35,1,Scalar,2536,False,0,82,,-2529
2530,sub,2500,2508,6,35.0,7,35,256,Vector,"2531, 2555",False,0,118,,-2530
2531,exp,2530,,7,35.0,7,35,256,Vector,2532,False,0,119,,-2531
2532,reduce_sum,2531,,8,35.0,7,35,1,Scalar,2536,False,0,83,,-2532
2533,add,2511,2514,9,35.0,,35,1,Scalar,2537,False,0,84,,-2533
2534,add,2517,2520,9,35.0,,35,1,Scalar,2537,False,0,85,,-2534
2535,add,2523,2526,9,35.0,,35,1,Scalar,2538,False,0,86,,-2535
2536,add,2529,2532,9,35.0,,35,1,Scalar,2538,False,0,87,,-2536
2537,add,2533,2534,10,35.0,,35,1,Scalar,2539,False,0,88,,-2537
2538,add,2535,2536,10,35.0,,35,1,Scalar,2539,False,0,89,,-2538
2539,add,2537,2538,11,35.0,,35,1,Scalar,2540,False,0,90,,-2539
2540,ln,2539,,12,35.0,,35,1,Scalar,"2541, 2543, 2545, 2547, 2549, 2551, 2553, 2555",False,0,91,,-2540
2541,sub,2509,2540,13,35.0,0,35,256,Vector,2542,False,0,120,,-2541
2542,store,2541,280,14,35.0,0,35,256,Vector,,False,0,,280,-2542
2543,sub,2512,2540,13,35.0,1,35,256,Vector,2544,False,0,121,,-2543
2544,store,2543,281,14,35.0,1,35,256,Vector,,False,0,,281,-2544
2545,sub,2515,2540,13,35.0,2,35,256,Vector,2546,False,0,122,,-2545
2546,store,2545,282,14,35.0,2,35,256,Vector,,False,0,,282,-2546
2547,sub,2518,2540,13,35.0,3,35,256,Vector,2548,False,0,123,,-2547
2548,store,2547,283,14,35.0,3,35,256,Vector,,False,0,,283,-2548
2549,sub,2521,2540,13,35.0,4,35,256,Vector,2550,False,0,124,,-2549
2550,store,2549,284,14,35.0,4,35,256,Vector,,False,0,,284,-2550
2551,sub,2524,2540,13,35.0,5,35,256,Vector,2552,False,0,125,,-2551
2552,store,2551,285,14,35.0,5,35,256,Vector,,False,0,,285,-2552
2553,sub,2527,2540,13,35.0,6,35,256,Vector,2554,False,0,126,,-2553
2554,store,2553,286,14,35.0,6,35,256,Vector,,False,0,,286,-2554
2555,sub,2530,2540,13,35.0,7,35,256,Vector,2556,False,0,127,,-2555
2556,store,2555,287,14,35.0,7,35,256,Vector,,False,0,,287,-2556
2557,load,288,,1,36.0,0,36,256,Vector,"2558, 2580",True,0,128,288,-2557
2558,reduce_max,2557,,2,36.0,0,36,1,Scalar,2573,False,0,92,,-2558
2559,load,289,,1,36.0,1,36,256,Vector,"2560, 2583",True,0,129,289,-2559
2560,reduce_max,2559,,2,36.0,1,36,1,Scalar,2573,False,0,93,,-2560
2561,load,290,,1,36.0,2,36,256,Vector,"2562, 2586",True,0,130,290,-2561
2562,reduce_max,2561,,2,36.0,2,36,1,Scalar,2574,False,0,94,,-2562
2563,load,291,,1,36.0,3,36,256,Vector,"2564, 2589",True,0,131,291,-2563
2564,reduce_max,2563,,2,36.0,3,36,1,Scalar,2574,False,0,95,,-2564
2565,load,292,,1,36.0,4,36,256,Vector,"2566, 2592",True,0,132,292,-2565
2566,reduce_max,2565,,2,36.0,4,36,1,Scalar,2575,False,0,96,,-2566
2567,load,293,,1,36.0,5,36,256,Vector,"2568, 2595",True,0,133,293,-2567
2568,reduce_max,2567,,2,36.0,5,36,1,Scalar,2575,False,0,97,,-2568
2569,load,294,,1,36.0,6,36,256,Vector,"2570, 2598",True,0,134,294,-2569
2570,reduce_max,2569,,2,36.0,6,36,1,Scalar,2576,False,0,98,,-2570
2571,load,295,,1,36.0,7,36,256,Vector,"2572, 2601",True,0,135,295,-2571
2572,reduce_max,2571,,2,36.0,7,36,1,Scalar,2576,False,0,99,,-2572
2573,max,2558,2560,3,36.0,,36,1,Scalar,2577,False,0,100,,-2573
2574,max,2562,2564,3,36.0,,36,1,Scalar,2577,False,0,101,,-2574
2575,max,2566,2568,3,36.0,,36,1,Scalar,2578,False,0,102,,-2575
2576,max,2570,2572,3,36.0,,36,1,Scalar,2578,False,0,103,,-2576
2577,max,2573,2574,4,36.0,,36,1,Scalar,2579,False,0,104,,-2577
2578,max,2575,2576,4,36.0,,36,1,Scalar,2579,False,0,105,,-2578
2579,max,2577,2578,5,36.0,,36,1,Scalar,"2580, 2583, 2586, 2589, 2592, 2595, 2598, 2601",False,0,106,,-2579
2580,sub,2557,2579,6,36.0,0,36,256,Vector,"2581, 2612",False,0,136,,-2580
2581,exp,2580,,7,36.0,0,36,256,Vector,2582,False,0,137,,-2581
2582,reduce_sum,2581,,8,36.0,0,36,1,Scalar,2604,False,0,107,,-2582
2583,sub,2559,2579,6,36.0,1,36,256,Vector,"2584, 2614",False,0,138,,-2583
2584,exp,2583,,7,36.0,1,36,256,Vector,2585,False,0,139,,-2584
2585,reduce_sum,2584,,8,36.0,1,36,1,Scalar,2604,False,0,108,,-2585
2586,sub,2561,2579,6,36.0,2,36,256,Vector,"2587, 2616",False,0,140,,-2586
2587,exp,2586,,7,36.0,2,36,256,Vector,2588,False,0,141,,-2587
2588,reduce_sum,2587,,8,36.0,2,36,1,Scalar,2605,False,0,109,,-2588
2589,sub,2563,2579,6,36.0,3,36,256,Vector,"2590, 2618",False,0,142,,-2589
2590,exp,2589,,7,36.0,3,36,256,Vector,2591,False,0,143,,-2590
2591,reduce_sum,2590,,8,36.0,3,36,1,Scalar,2605,False,0,110,,-2591
2592,sub,2565,2579,6,36.0,4,36,256,Vector,"2593, 2620",False,0,144,,-2592
2593,exp,2592,,7,36.0,4,36,256,Vector,2594,False,0,145,,-2593
2594,reduce_sum,2593,,8,36.0,4,36,1,Scalar,2606,False,0,111,,-2594
2595,sub,2567,2579,6,36.0,5,36,256,Vector,"2596, 2622",False,0,146,,-2595
2596,exp,2595,,7,36.0,5,36,256,Vector,2597,False,0,147,,-2596
2597,reduce_sum,2596,,8,36.0,5,36,1,Scalar,2606,False,0,112,,-2597
2598,sub,2569,2579,6,36.0,6,36,256,Vector,"2599, 2624",False,0,148,,-2598
2599,exp,2598,,7,36.0,6,36,256,Vector,2600,False,0,149,,-2599
2600,reduce_sum,2599,,8,36.0,6,36,1,Scalar,2607,False,0,113,,-2600
2601,sub,2571,2579,6,36.0,7,36,256,Vector,"2602, 2626",False,0,150,,-2601
2602,exp,2601,,7,36.0,7,36,256,Vector,2603,False,0,151,,-2602
2603,reduce_sum,2602,,8,36.0,7,36,1,Scalar,2607,False,0,114,,-2603
2604,add,2582,2585,9,36.0,,36,1,Scalar,2608,False,0,115,,-2604
2605,add,2588,2591,9,36.0,,36,1,Scalar,2608,False,0,116,,-2605
2606,add,2594,2597,9,36.0,,36,1,Scalar,2609,False,0,117,,-2606
2607,add,2600,2603,9,36.0,,36,1,Scalar,2609,False,0,118,,-2607
2608,add,2604,2605,10,36.0,,36,1,Scalar,2610,False,0,119,,-2608
2609,add,2606,2607,10,36.0,,36,1,Scalar,2610,False,0,120,,-2609
2610,add,2608,2609,11,36.0,,36,1,Scalar,2611,False,0,121,,-2610
2611,ln,2610,,12,36.0,,36,1,Scalar,"2612, 2614, 2616, 2618, 2620, 2622, 2624, 2626",False,0,122,,-2611
2612,sub,2580,2611,13,36.0,0,36,256,Vector,2613,False,0,152,,-2612
2613,store,2612,288,14,36.0,0,36,256,Vector,,False,0,,288,-2613
2614,sub,2583,2611,13,36.0,1,36,256,Vector,2615,False,0,153,,-2614
2615,store,2614,289,14,36.0,1,36,256,Vector,,False,0,,289,-2615
2616,sub,2586,2611,13,36.0,2,36,256,Vector,2617,False,0,154,,-2616
2617,store,2616,290,14,36.0,2,36,256,Vector,,False,0,,290,-2617
2618,sub,2589,2611,13,36.0,3,36,256,Vector,2619,False,0,155,,-2618
2619,store,2618,291,14,36.0,3,36,256,Vector,,False,0,,291,-2619
2620,sub,2592,2611,13,36.0,4,36,256,Vector,2621,False,0,156,,-2620
2621,store,2620,292,14,36.0,4,36,256,Vector,,False,0,,292,-2621
2622,sub,2595,2611,13,36.0,5,36,256,Vector,2623,False,0,157,,-2622
2623,store,2622,293,14,36.0,5,36,256,Vector,,False,0,,293,-2623
2624,sub,2598,2611,13,36.0,6,36,256,Vector,2625,False,0,158,,-2624
2625,store,2624,294,14,36.0,6,36,256,Vector,,False,0,,294,-2625
2626,sub,2601,2611,13,36.0,7,36,256,Vector,2627,False,0,159,,-2626
2627,store,2626,295,14,36.0,7,36,256,Vector,,False,0,,295,-2627
2628,load,296,,1,37.0,0,37,256,Vector,"2629, 2651",True,0,160,296,-2628
2629,reduce_max,2628,,2,37.0,0,37,1,Scalar,2644,False,0,123,,-2629
2630,load,297,,1,37.0,1,37,256,Vector,"2631, 2654",True,0,161,297,-2630
2631,reduce_max,2630,,2,37.0,1,37,1,Scalar,2644,False,0,124,,-2631
2632,load,298,,1,37.0,2,37,256,Vector,"2633, 2657",True,0,162,298,-2632
2633,reduce_max,2632,,2,37.0,2,37,1,Scalar,2645,False,0,125,,-2633
2634,load,299,,1,37.0,3,37,256,Vector,"2635, 2660",True,0,163,299,-2634
2635,reduce_max,2634,,2,37.0,3,37,1,Scalar,2645,False,0,126,,-2635
2636,load,300,,1,37.0,4,37,256,Vector,"2637, 2663",True,0,164,300,-2636
2637,reduce_max,2636,,2,37.0,4,37,1,Scalar,2646,False,0,127,,-2637
2638,load,301,,1,37.0,5,37,256,Vector,"2639, 2666",True,0,165,301,-2638
2639,reduce_max,2638,,2,37.0,5,37,1,Scalar,2646,False,0,128,,-2639
2640,load,302,,1,37.0,6,37,256,Vector,"2641, 2669",True,0,166,302,-2640
2641,reduce_max,2640,,2,37.0,6,37,1,Scalar,2647,False,0,129,,-2641
2642,load,303,,1,37.0,7,37,256,Vector,"2643, 2672",True,0,167,303,-2642
2643,reduce_max,2642,,2,37.0,7,37,1,Scalar,2647,False,0,130,,-2643
2644,max,2629,2631,3,37.0,,37,1,Scalar,2648,False,0,131,,-2644
2645,max,2633,2635,3,37.0,,37,1,Scalar,2648,False,0,132,,-2645
2646,max,2637,2639,3,37.0,,37,1,Scalar,2649,False,0,133,,-2646
2647,max,2641,2643,3,37.0,,37,1,Scalar,2649,False,0,134,,-2647
2648,max,2644,2645,4,37.0,,37,1,Scalar,2650,False,0,135,,-2648
2649,max,2646,2647,4,37.0,,37,1,Scalar,2650,False,0,136,,-2649
2650,max,2648,2649,5,37.0,,37,1,Scalar,"2651, 2654, 2657, 2660, 2663, 2666, 2669, 2672",False,0,137,,-2650
2651,sub,2628,2650,6,37.0,0,37,256,Vector,"2652, 2683",False,0,168,,-2651
2652,exp,2651,,7,37.0,0,37,256,Vector,2653,False,0,169,,-2652
2653,reduce_sum,2652,,8,37.0,0,37,1,Scalar,2675,False,0,138,,-2653
2654,sub,2630,2650,6,37.0,1,37,256,Vector,"2655, 2685",False,0,170,,-2654
2655,exp,2654,,7,37.0,1,37,256,Vector,2656,False,0,171,,-2655
2656,reduce_sum,2655,,8,37.0,1,37,1,Scalar,2675,False,0,139,,-2656
2657,sub,2632,2650,6,37.0,2,37,256,Vector,"2658, 2687",False,0,172,,-2657
2658,exp,2657,,7,37.0,2,37,256,Vector,2659,False,0,173,,-2658
2659,reduce_sum,2658,,8,37.0,2,37,1,Scalar,2676,False,0,140,,-2659
2660,sub,2634,2650,6,37.0,3,37,256,Vector,"2661, 2689",False,0,174,,-2660
2661,exp,2660,,7,37.0,3,37,256,Vector,2662,False,0,175,,-2661
2662,reduce_sum,2661,,8,37.0,3,37,1,Scalar,2676,False,0,141,,-2662
2663,sub,2636,2650,6,37.0,4,37,256,Vector,"2664, 2691",False,0,176,,-2663
2664,exp,2663,,7,37.0,4,37,256,Vector,2665,False,0,177,,-2664
2665,reduce_sum,2664,,8,37.0,4,37,1,Scalar,2677,False,0,142,,-2665
2666,sub,2638,2650,6,37.0,5,37,256,Vector,"2667, 2693",False,0,178,,-2666
2667,exp,2666,,7,37.0,5,37,256,Vector,2668,False,0,179,,-2667
2668,reduce_sum,2667,,8,37.0,5,37,1,Scalar,2677,False,0,143,,-2668
2669,sub,2640,2650,6,37.0,6,37,256,Vector,"2670, 2695",False,0,180,,-2669
2670,exp,2669,,7,37.0,6,37,256,Vector,2671,False,0,181,,-2670
2671,reduce_sum,2670,,8,37.0,6,37,1,Scalar,2678,False,0,144,,-2671
2672,sub,2642,2650,6,37.0,7,37,256,Vector,"2673, 2697",False,0,182,,-2672
2673,exp,2672,,7,37.0,7,37,256,Vector,2674,False,0,183,,-2673
2674,reduce_sum,2673,,8,37.0,7,37,1,Scalar,2678,False,0,145,,-2674
2675,add,2653,2656,9,37.0,,37,1,Scalar,2679,False,0,146,,-2675
2676,add,2659,2662,9,37.0,,37,1,Scalar,2679,False,0,147,,-2676
2677,add,2665,2668,9,37.0,,37,1,Scalar,2680,False,0,148,,-2677
2678,add,2671,2674,9,37.0,,37,1,Scalar,2680,False,0,149,,-2678
2679,add,2675,2676,10,37.0,,37,1,Scalar,2681,False,0,150,,-2679
2680,add,2677,2678,10,37.0,,37,1,Scalar,2681,False,0,151,,-2680
2681,add,2679,2680,11,37.0,,37,1,Scalar,2682,False,0,152,,-2681
2682,ln,2681,,12,37.0,,37,1,Scalar,"2683, 2685, 2687, 2689, 2691, 2693, 2695, 2697",False,0,153,,-2682
2683,sub,2651,2682,13,37.0,0,37,256,Vector,2684,False,0,184,,-2683
2684,store,2683,296,14,37.0,0,37,256,Vector,,False,0,,296,-2684
2685,sub,2654,2682,13,37.0,1,37,256,Vector,2686,False,0,185,,-2685
2686,store,2685,297,14,37.0,1,37,256,Vector,,False,0,,297,-2686
2687,sub,2657,2682,13,37.0,2,37,256,Vector,2688,False,0,186,,-2687
2688,store,2687,298,14,37.0,2,37,256,Vector,,False,0,,298,-2688
2689,sub,2660,2682,13,37.0,3,37,256,Vector,2690,False,0,187,,-2689
2690,store,2689,299,14,37.0,3,37,256,Vector,,False,0,,299,-2690
2691,sub,2663,2682,13,37.0,4,37,256,Vector,2692,False,0,188,,-2691
2692,store,2691,300,14,37.0,4,37,256,Vector,,False,0,,300,-2692
2693,sub,2666,2682,13,37.0,5,37,256,Vector,2694,False,0,189,,-2693
2694,store,2693,301,14,37.0,5,37,256,Vector,,False,0,,301,-2694
2695,sub,2669,2682,13,37.0,6,37,256,Vector,2696,False,0,190,,-2695
2696,store,2695,302,14,37.0,6,37,256,Vector,,False,0,,302,-2696
2697,sub,2672,2682,13,37.0,7,37,256,Vector,2698,False,0,191,,-2697
2698,store,2697,303,14,37.0,7,37,256,Vector,,False,0,,303,-2698
2699,load,304,,1,38.0,0,38,256,Vector,"2700, 2722",True,0,192,304,-2699
2700,reduce_max,2699,,2,38.0,0,38,1,Scalar,2715,False,0,154,,-2700
2701,load,305,,1,38.0,1,38,256,Vector,"2702, 2725",True,0,193,305,-2701
2702,reduce_max,2701,,2,38.0,1,38,1,Scalar,2715,False,0,155,,-2702
2703,load,306,,1,38.0,2,38,256,Vector,"2704, 2728",True,0,194,306,-2703
2704,reduce_max,2703,,2,38.0,2,38,1,Scalar,2716,False,0,156,,-2704
2705,load,307,,1,38.0,3,38,256,Vector,"2706, 2731",True,0,195,307,-2705
2706,reduce_max,2705,,2,38.0,3,38,1,Scalar,2716,False,0,157,,-2706
2707,load,308,,1,38.0,4,38,256,Vector,"2708, 2734",True,0,196,308,-2707
2708,reduce_max,2707,,2,38.0,4,38,1,Scalar,2717,False,0,158,,-2708
2709,load,309,,1,38.0,5,38,256,Vector,"2710, 2737",True,0,197,309,-2709
2710,reduce_max,2709,,2,38.0,5,38,1,Scalar,2717,False,0,159,,-2710
2711,load,310,,1,38.0,6,38,256,Vector,"2712, 2740",True,0,198,310,-2711
2712,reduce_max,2711,,2,38.0,6,38,1,Scalar,2718,False,0,160,,-2712
2713,load,311,,1,38.0,7,38,256,Vector,"2714, 2743",True,0,199,311,-2713
2714,reduce_max,2713,,2,38.0,7,38,1,Scalar,2718,False,0,161,,-2714
2715,max,2700,2702,3,38.0,,38,1,Scalar,2719,False,0,162,,-2715
2716,max,2704,2706,3,38.0,,38,1,Scalar,2719,False,0,163,,-2716
2717,max,2708,2710,3,38.0,,38,1,Scalar,2720,False,0,164,,-2717
2718,max,2712,2714,3,38.0,,38,1,Scalar,2720,False,0,165,,-2718
2719,max,2715,2716,4,38.0,,38,1,Scalar,2721,False,0,166,,-2719
2720,max,2717,2718,4,38.0,,38,1,Scalar,2721,False,0,167,,-2720
2721,max,2719,2720,5,38.0,,38,1,Scalar,"2722, 2725, 2728, 2731, 2734, 2737, 2740, 2743",False,0,168,,-2721
2722,sub,2699,2721,6,38.0,0,38,256,Vector,"2723, 2754",False,0,200,,-2722
2723,exp,2722,,7,38.0,0,38,256,Vector,2724,False,0,201,,-2723
2724,reduce_sum,2723,,8,38.0,0,38,1,Scalar,2746,False,0,169,,-2724
2725,sub,2701,2721,6,38.0,1,38,256,Vector,"2726, 2756",False,0,202,,-2725
2726,exp,2725,,7,38.0,1,38,256,Vector,2727,False,0,203,,-2726
2727,reduce_sum,2726,,8,38.0,1,38,1,Scalar,2746,False,0,170,,-2727
2728,sub,2703,2721,6,38.0,2,38,256,Vector,"2729, 2758",False,0,204,,-2728
2729,exp,2728,,7,38.0,2,38,256,Vector,2730,False,0,205,,-2729
2730,reduce_sum,2729,,8,38.0,2,38,1,Scalar,2747,False,0,171,,-2730
2731,sub,2705,2721,6,38.0,3,38,256,Vector,"2732, 2760",False,0,206,,-2731
2732,exp,2731,,7,38.0,3,38,256,Vector,2733,False,0,207,,-2732
2733,reduce_sum,2732,,8,38.0,3,38,1,Scalar,2747,False,0,172,,-2733
2734,sub,2707,2721,6,38.0,4,38,256,Vector,"2735, 2762",False,0,208,,-2734
2735,exp,2734,,7,38.0,4,38,256,Vector,2736,False,0,209,,-2735
2736,reduce_sum,2735,,8,38.0,4,38,1,Scalar,2748,False,0,173,,-2736
2737,sub,2709,2721,6,38.0,5,38,256,Vector,"2738, 2764",False,0,210,,-2737
2738,exp,2737,,7,38.0,5,38,256,Vector,2739,False,0,211,,-2738
2739,reduce_sum,2738,,8,38.0,5,38,1,Scalar,2748,False,0,174,,-2739
2740,sub,2711,2721,6,38.0,6,38,256,Vector,"2741, 2766",False,0,212,,-2740
2741,exp,2740,,7,38.0,6,38,256,Vector,2742,False,0,213,,-2741
2742,reduce_sum,2741,,8,38.0,6,38,1,Scalar,2749,False,0,175,,-2742
2743,sub,2713,2721,6,38.0,7,38,256,Vector,"2744, 2768",False,0,214,,-2743
2744,exp,2743,,7,38.0,7,38,256,Vector,2745,False,0,215,,-2744
2745,reduce_sum,2744,,8,38.0,7,38,1,Scalar,2749,False,0,176,,-2745
2746,add,2724,2727,9,38.0,,38,1,Scalar,2750,False,0,177,,-2746
2747,add,2730,2733,9,38.0,,38,1,Scalar,2750,False,0,178,,-2747
2748,add,2736,2739,9,38.0,,38,1,Scalar,2751,False,0,179,,-2748
2749,add,2742,2745,9,38.0,,38,1,Scalar,2751,False,0,180,,-2749
2750,add,2746,2747,10,38.0,,38,1,Scalar,2752,False,0,181,,-2750
2751,add,2748,2749,10,38.0,,38,1,Scalar,2752,False,0,182,,-2751
2752,add,2750,2751,11,38.0,,38,1,Scalar,2753,False,0,183,,-2752
2753,ln,2752,,12,38.0,,38,1,Scalar,"2754, 2756, 2758, 2760, 2762, 2764, 2766, 2768",False,0,184,,-2753
2754,sub,2722,2753,13,38.0,0,38,256,Vector,2755,False,0,216,,-2754
2755,store,2754,304,14,38.0,0,38,256,Vector,,False,0,,304,-2755
2756,sub,2725,2753,13,38.0,1,38,256,Vector,2757,False,0,217,,-2756
2757,store,2756,305,14,38.0,1,38,256,Vector,,False,0,,305,-2757
2758,sub,2728,2753,13,38.0,2,38,256,Vector,2759,False,0,218,,-2758
2759,store,2758,306,14,38.0,2,38,256,Vector,,False,0,,306,-2759
2760,sub,2731,2753,13,38.0,3,38,256,Vector,2761,False,0,219,,-2760
2761,store,2760,307,14,38.0,3,38,256,Vector,,False,0,,307,-2761
2762,sub,2734,2753,13,38.0,4,38,256,Vector,2763,False,0,220,,-2762
2763,store,2762,308,14,38.0,4,38,256,Vector,,False,0,,308,-2763
2764,sub,2737,2753,13,38.0,5,38,256,Vector,2765,False,0,221,,-2764
2765,store,2764,309,14,38.0,5,38,256,Vector,,False,0,,309,-2765
2766,sub,2740,2753,13,38.0,6,38,256,Vector,2767,False,0,222,,-2766
2767,store,2766,310,14,38.0,6,38,256,Vector,,False,0,,310,-2767
2768,sub,2743,2753,13,38.0,7,38,256,Vector,2769,False,0,223,,-2768
2769,store,2768,311,14,38.0,7,38,256,Vector,,False,0,,311,-2769
2770,load,312,,1,39.0,0,39,256,Vector,"2771, 2793",True,0,224,312,-2770
2771,reduce_max,2770,,2,39.0,0,39,1,Scalar,2786,False,0,185,,-2771
2772,load,313,,1,39.0,1,39,256,Vector,"2773, 2796",True,0,225,313,-2772
2773,reduce_max,2772,,2,39.0,1,39,1,Scalar,2786,False,0,186,,-2773
2774,load,314,,1,39.0,2,39,256,Vector,"2775, 2799",True,0,226,314,-2774
2775,reduce_max,2774,,2,39.0,2,39,1,Scalar,2787,False,0,187,,-2775
2776,load,315,,1,39.0,3,39,256,Vector,"2777, 2802",True,0,227,315,-2776
2777,reduce_max,2776,,2,39.0,3,39,1,Scalar,2787,False,0,188,,-2777
2778,load,316,,1,39.0,4,39,256,Vector,"2779, 2805",True,0,228,316,-2778
2779,reduce_max,2778,,2,39.0,4,39,1,Scalar,2788,False,0,189,,-2779
2780,load,317,,1,39.0,5,39,256,Vector,"2781, 2808",True,0,229,317,-2780
2781,reduce_max,2780,,2,39.0,5,39,1,Scalar,2788,False,0,190,,-2781
2782,load,318,,1,39.0,6,39,256,Vector,"2783, 2811",True,0,230,318,-2782
2783,reduce_max,2782,,2,39.0,6,39,1,Scalar,2789,False,0,191,,-2783
2784,load,319,,1,39.0,7,39,256,Vector,"2785, 2814",True,0,231,319,-2784
2785,reduce_max,2784,,2,39.0,7,39,1,Scalar,2789,False,0,192,,-2785
2786,max,2771,2773,3,39.0,,39,1,Scalar,2790,False,0,193,,-2786
2787,max,2775,2777,3,39.0,,39,1,Scalar,2790,False,0,194,,-2787
2788,max,2779,2781,3,39.0,,39,1,Scalar,2791,False,0,195,,-2788
2789,max,2783,2785,3,39.0,,39,1,Scalar,2791,False,0,196,,-2789
2790,max,2786,2787,4,39.0,,39,1,Scalar,2792,False,0,197,,-2790
2791,max,2788,2789,4,39.0,,39,1,Scalar,2792,False,0,198,,-2791
2792,max,2790,2791,5,39.0,,39,1,Scalar,"2793, 2796, 2799, 2802, 2805, 2808, 2811, 2814",False,0,199,,-2792
2793,sub,2770,2792,6,39.0,0,39,256,Vector,"2794, 2825",False,0,232,,-2793
2794,exp,2793,,7,39.0,0,39,256,Vector,2795,False,0,233,,-2794
2795,reduce_sum,2794,,8,39.0,0,39,1,Scalar,2817,False,0,200,,-2795
2796,sub,2772,2792,6,39.0,1,39,256,Vector,"2797, 2827",False,0,234,,-2796
2797,exp,2796,,7,39.0,1,39,256,Vector,2798,False,0,235,,-2797
2798,reduce_sum,2797,,8,39.0,1,39,1,Scalar,2817,False,0,201,,-2798
2799,sub,2774,2792,6,39.0,2,39,256,Vector,"2800, 2829",False,0,236,,-2799
2800,exp,2799,,7,39.0,2,39,256,Vector,2801,False,0,237,,-2800
2801,reduce_sum,2800,,8,39.0,2,39,1,Scalar,2818,False,0,202,,-2801
2802,sub,2776,2792,6,39.0,3,39,256,Vector,"2803, 2831",False,0,238,,-2802
2803,exp,2802,,7,39.0,3,39,256,Vector,2804,False,0,239,,-2803
2804,reduce_sum,2803,,8,39.0,3,39,1,Scalar,2818,False,0,203,,-2804
2805,sub,2778,2792,6,39.0,4,39,256,Vector,"2806, 2833",False,0,240,,-2805
2806,exp,2805,,7,39.0,4,39,256,Vector,2807,False,0,241,,-2806
2807,reduce_sum,2806,,8,39.0,4,39,1,Scalar,2819,False,0,204,,-2807
2808,sub,2780,2792,6,39.0,5,39,256,Vector,"2809, 2835",False,0,242,,-2808
2809,exp,2808,,7,39.0,5,39,256,Vector,2810,False,0,243,,-2809
2810,reduce_sum,2809,,8,39.0,5,39,1,Scalar,2819,False,0,205,,-2810
2811,sub,2782,2792,6,39.0,6,39,256,Vector,"2812, 2837",False,0,244,,-2811
2812,exp,2811,,7,39.0,6,39,256,Vector,2813,False,0,245,,-2812
2813,reduce_sum,2812,,8,39.0,6,39,1,Scalar,2820,False,0,206,,-2813
2814,sub,2784,2792,6,39.0,7,39,256,Vector,"2815, 2839",False,0,246,,-2814
2815,exp,2814,,7,39.0,7,39,256,Vector,2816,False,0,247,,-2815
2816,reduce_sum,2815,,8,39.0,7,39,1,Scalar,2820,False,0,207,,-2816
2817,add,2795,2798,9,39.0,,39,1,Scalar,2821,False,0,208,,-2817
2818,add,2801,2804,9,39.0,,39,1,Scalar,2821,False,0,209,,-2818
2819,add,2807,2810,9,39.0,,39,1,Scalar,2822,False,0,210,,-2819
2820,add,2813,2816,9,39.0,,39,1,Scalar,2822,False,0,211,,-2820
2821,add,2817,2818,10,39.0,,39,1,Scalar,2823,False,0,212,,-2821
2822,add,2819,2820,10,39.0,,39,1,Scalar,2823,False,0,213,,-2822
2823,add,2821,2822,11,39.0,,39,1,Scalar,2824,False,0,214,,-2823
2824,ln,2823,,12,39.0,,39,1,Scalar,"2825, 2827, 2829, 2831, 2833, 2835, 2837, 2839",False,0,215,,-2824
2825,sub,2793,2824,13,39.0,0,39,256,Vector,2826,False,0,248,,-2825
2826,store,2825,312,14,39.0,0,39,256,Vector,,False,0,,312,-2826
2827,sub,2796,2824,13,39.0,1,39,256,Vector,2828,False,0,249,,-2827
2828,store,2827,313,14,39.0,1,39,256,Vector,,False,0,,313,-2828
2829,sub,2799,2824,13,39.0,2,39,256,Vector,2830,False,0,250,,-2829
2830,store,2829,314,14,39.0,2,39,256,Vector,,False,0,,314,-2830
2831,sub,2802,2824,13,39.0,3,39,256,Vector,2832,False,0,251,,-2831
2832,store,2831,315,14,39.0,3,39,256,Vector,,False,0,,315,-2832
2833,sub,2805,2824,13,39.0,4,39,256,Vector,2834,False,0,252,,-2833
2834,store,2833,316,14,39.0,4,39,256,Vector,,False,0,,316,-2834
2835,sub,2808,2824,13,39.0,5,39,256,Vector,2836,False,0,253,,-2835
2836,store,2835,317,14,39.0,5,39,256,Vector,,False,0,,317,-2836
2837,sub,2811,2824,13,39.0,6,39,256,Vector,2838,False,0,254,,-2837
2838,store,2837,318,14,39.0,6,39,256,Vector,,False,0,,318,-2838
2839,sub,2814,2824,13,39.0,7,39,256,Vector,2840,False,0,255,,-2839
2840,store,2839,319,14,39.0,7,39,256,Vector,,False,0,,319,-2840
2841,load,320,,1,40.0,0,40,256,Vector,"2842, 2864",True,0,0,320,-2841
2842,reduce_max,2841,,2,40.0,0,40,1,Scalar,2857,False,0,216,,-2842
2843,load,321,,1,40.0,1,40,256,Vector,"2844, 2867",True,0,1,321,-2843
2844,reduce_max,2843,,2,40.0,1,40,1,Scalar,2857,False,0,217,,-2844
2845,load,322,,1,40.0,2,40,256,Vector,"2846, 2870",True,0,2,322,-2845
2846,reduce_max,2845,,2,40.0,2,40,1,Scalar,2858,False,0,218,,-2846
2847,load,323,,1,40.0,3,40,256,Vector,"2848, 2873",True,0,3,323,-2847
2848,reduce_max,2847,,2,40.0,3,40,1,Scalar,2858,False,0,219,,-2848
2849,load,324,,1,40.0,4,40,256,Vector,"2850, 2876",True,0,4,324,-2849
2850,reduce_max,2849,,2,40.0,4,40,1,Scalar,2859,False,0,220,,-2850
2851,load,325,,1,40.0,5,40,256,Vector,"2852, 2879",True,0,5,325,-2851
2852,reduce_max,2851,,2,40.0,5,40,1,Scalar,2859,False,0,221,,-2852
2853,load,326,,1,40.0,6,40,256,Vector,"2854, 2882",True,0,6,326,-2853
2854,reduce_max,2853,,2,40.0,6,40,1,Scalar,2860,False,0,222,,-2854
2855,load,327,,1,40.0,7,40,256,Vector,"2856, 2885",True,0,7,327,-2855
2856,reduce_max,2855,,2,40.0,7,40,1,Scalar,2860,False,0,223,,-2856
2857,max,2842,2844,3,40.0,,40,1,Scalar,2861,False,0,224,,-2857
2858,max,2846,2848,3,40.0,,40,1,Scalar,2861,False,0,225,,-2858
2859,max,2850,2852,3,40.0,,40,1,Scalar,2862,False,0,226,,-2859
2860,max,2854,2856,3,40.0,,40,1,Scalar,2862,False,0,227,,-2860
2861,max,2857,2858,4,40.0,,40,1,Scalar,2863,False,0,228,,-2861
2862,max,2859,2860,4,40.0,,40,1,Scalar,2863,False,0,229,,-2862
2863,max,2861,2862,5,40.0,,40,1,Scalar,"2864, 2867, 2870, 2873, 2876, 2879, 2882, 2885",False,0,230,,-2863
2864,sub,2841,2863,6,40.0,0,40,256,Vector,"2865, 2896",False,0,8,,-2864
2865,exp,2864,,7,40.0,0,40,256,Vector,2866,False,0,9,,-2865
2866,reduce_sum,2865,,8,40.0,0,40,1,Scalar,2888,False,0,231,,-2866
2867,sub,2843,2863,6,40.0,1,40,256,Vector,"2868, 2898",False,0,10,,-2867
2868,exp,2867,,7,40.0,1,40,256,Vector,2869,False,0,11,,-2868
2869,reduce_sum,2868,,8,40.0,1,40,1,Scalar,2888,False,0,232,,-2869
2870,sub,2845,2863,6,40.0,2,40,256,Vector,"2871, 2900",False,0,12,,-2870
2871,exp,2870,,7,40.0,2,40,256,Vector,2872,False,0,13,,-2871
2872,reduce_sum,2871,,8,40.0,2,40,1,Scalar,2889,False,0,233,,-2872
2873,sub,2847,2863,6,40.0,3,40,256,Vector,"2874, 2902",False,0,14,,-2873
2874,exp,2873,,7,40.0,3,40,256,Vector,2875,False,0,15,,-2874
2875,reduce_sum,2874,,8,40.0,3,40,1,Scalar,2889,False,0,234,,-2875
2876,sub,2849,2863,6,40.0,4,40,256,Vector,"2877, 2904",False,0,16,,-2876
2877,exp,2876,,7,40.0,4,40,256,Vector,2878,False,0,17,,-2877
2878,reduce_sum,2877,,8,40.0,4,40,1,Scalar,2890,False,0,235,,-2878
2879,sub,2851,2863,6,40.0,5,40,256,Vector,"2880, 2906",False,0,18,,-2879
2880,exp,2879,,7,40.0,5,40,256,Vector,2881,False,0,19,,-2880
2881,reduce_sum,2880,,8,40.0,5,40,1,Scalar,2890,False,0,236,,-2881
2882,sub,2853,2863,6,40.0,6,40,256,Vector,"2883, 2908",False,0,20,,-2882
2883,exp,2882,,7,40.0,6,40,256,Vector,2884,False,0,21,,-2883
2884,reduce_sum,2883,,8,40.0,6,40,1,Scalar,2891,False,0,237,,-2884
2885,sub,2855,2863,6,40.0,7,40,256,Vector,"2886, 2910",False,0,22,,-2885
2886,exp,2885,,7,40.0,7,40,256,Vector,2887,False,0,23,,-2886
2887,reduce_sum,2886,,8,40.0,7,40,1,Scalar,2891,False,0,238,,-2887
2888,add,2866,2869,9,40.0,,40,1,Scalar,2892,False,0,239,,-2888
2889,add,2872,2875,9,40.0,,40,1,Scalar,2892,False,0,240,,-2889
2890,add,2878,2881,9,40.0,,40,1,Scalar,2893,False,0,241,,-2890
2891,add,2884,2887,9,40.0,,40,1,Scalar,2893,False,0,242,,-2891
2892,add,2888,2889,10,40.0,,40,1,Scalar,2894,False,0,243,,-2892
2893,add,2890,2891,10,40.0,,40,1,Scalar,2894,False,0,244,,-2893
2894,add,2892,2893,11,40.0,,40,1,Scalar,2895,False,0,245,,-2894
2895,ln,2894,,12,40.0,,40,1,Scalar,"2896, 2898, 2900, 2902, 2904, 2906, 2908, 2910",False,0,246,,-2895
2896,sub,2864,2895,13,40.0,0,40,256,Vector,2897,False,0,24,,-2896
2897,store,2896,320,14,40.0,0,40,256,Vector,,False,0,,320,-2897
2898,sub,2867,2895,13,40.0,1,40,256,Vector,2899,False,0,25,,-2898
2899,store,2898,321,14,40.0,1,40,256,Vector,,False,0,,321,-2899
2900,sub,2870,2895,13,40.0,2,40,256,Vector,2901,False,0,26,,-2900
2901,store,2900,322,14,40.0,2,40,256,Vector,,False,0,,322,-2901
2902,sub,2873,2895,13,40.0,3,40,256,Vector,2903,False,0,27,,-2902
2903,store,2902,323,14,40.0,3,40,256,Vector,,False,0,,323,-2903
2904,sub,2876,2895,13,40.0,4,40,256,Vector,2905,False,0,28,,-2904
2905,store,2904,324,14,40.0,4,40,256,Vector,,False,0,,324,-2905
2906,sub,2879,2895,13,40.0,5,40,256,Vector,2907,False,0,29,,-2906
2907,store,2906,325,14,40.0,5,40,256,Vector,,False,0,,325,-2907
2908,sub,2882,2895,13,40.0,6,40,256,Vector,2909,False,0,30,,-2908
2909,store,2908,326,14,40.0,6,40,256,Vector,,False,0,,326,-2909
2910,sub,2885,2895,13,40.0,7,40,256,Vector,2911,False,0,31,,-2910
2911,store,2910,327,14,40.0,7,40,256,Vector,,False,0,,327,-2911
2912,load,328,,1,41.0,0,41,256,Vector,"2913, 2935",True,0,32,328,-2912
2913,reduce_max,2912,,2,41.0,0,41,1,Scalar,2928,False,0,247,,-2913
2914,load,329,,1,41.0,1,41,256,Vector,"2915, 2938",True,0,33,329,-2914
2915,reduce_max,2914,,2,41.0,1,41,1,Scalar,2928,False,0,248,,-2915
2916,load,330,,1,41.0,2,41,256,Vector,"2917, 2941",True,0,34,330,-2916
2917,reduce_max,2916,,2,41.0,2,41,1,Scalar,2929,False,0,249,,-2917
2918,load,331,,1,41.0,3,41,256,Vector,"2919, 2944",True,0,35,331,-2918
2919,reduce_max,2918,,2,41.0,3,41,1,Scalar,2929,False,0,250,,-2919
2920,load,332,,1,41.0,4,41,256,Vector,"2921, 2947",True,0,36,332,-2920
2921,reduce_max,2920,,2,41.0,4,41,1,Scalar,2930,False,0,251,,-2921
2922,load,333,,1,41.0,5,41,256,Vector,"2923, 2950",True,0,37,333,-2922
2923,reduce_max,2922,,2,41.0,5,41,1,Scalar,2930,False,0,252,,-2923
2924,load,334,,1,41.0,6,41,256,Vector,"2925, 2953",True,0,38,334,-2924
2925,reduce_max,2924,,2,41.0,6,41,1,Scalar,2931,False,0,253,,-2925
2926,load,335,,1,41.0,7,41,256,Vector,"2927, 2956",True,0,39,335,-2926
2927,reduce_max,2926,,2,41.0,7,41,1,Scalar,2931,False,0,254,,-2927
2928,max,2913,2915,3,41.0,,41,1,Scalar,2932,False,0,255,,-2928
2929,max,2917,2919,3,41.0,,41,1,Scalar,2932,False,0,0,,-2929
2930,max,2921,2923,3,41.0,,41,1,Scalar,2933,False,0,1,,-2930
2931,max,2925,2927,3,41.0,,41,1,Scalar,2933,False,0,2,,-2931
2932,max,2928,2929,4,41.0,,41,1,Scalar,2934,False,0,3,,-2932
2933,max,2930,2931,4,41.0,,41,1,Scalar,2934,False,0,4,,-2933
2934,max,2932,2933,5,41.0,,41,1,Scalar,"2935, 2938, 2941, 2944, 2947, 2950, 2953, 2956",False,0,5,,-2934
2935,sub,2912,2934,6,41.0,0,41,256,Vector,"2936, 2967",False,0,40,,-2935
2936,exp,2935,,7,41.0,0,41,256,Vector,2937,False,0,41,,-2936
2937,reduce_sum,2936,,8,41.0,0,41,1,Scalar,2959,False,0,6,,-2937
2938,sub,2914,2934,6,41.0,1,41,256,Vector,"2939, 2969",False,0,42,,-2938
2939,exp,2938,,7,41.0,1,41,256,Vector,2940,False,0,43,,-2939
2940,reduce_sum,2939,,8,41.0,1,41,1,Scalar,2959,False,0,7,,-2940
2941,sub,2916,2934,6,41.0,2,41,256,Vector,"2942, 2971",False,0,44,,-2941
2942,exp,2941,,7,41.0,2,41,256,Vector,2943,False,0,45,,-2942
2943,reduce_sum,2942,,8,41.0,2,41,1,Scalar,2960,False,0,8,,-2943
2944,sub,2918,2934,6,41.0,3,41,256,Vector,"2945, 2973",False,0,46,,-2944
2945,exp,2944,,7,41.0,3,41,256,Vector,2946,False,0,47,,-2945
2946,reduce_sum,2945,,8,41.0,3,41,1,Scalar,2960,False,0,9,,-2946
2947,sub,2920,2934,6,41.0,4,41,256,Vector,"2948, 2975",False,0,48,,-2947
2948,exp,2947,,7,41.0,4,41,256,Vector,2949,False,0,49,,-2948
2949,reduce_sum,2948,,8,41.0,4,41,1,Scalar,2961,False,0,10,,-2949
2950,sub,2922,2934,6,41.0,5,41,256,Vector,"2951, 2977",False,0,50,,-2950
2951,exp,2950,,7,41.0,5,41,256,Vector,2952,False,0,51,,-2951
2952,reduce_sum,2951,,8,41.0,5,41,1,Scalar,2961,False,0,11,,-2952
2953,sub,2924,2934,6,41.0,6,41,256,Vector,"2954, 2979",False,0,52,,-2953
2954,exp,2953,,7,41.0,6,41,256,Vector,2955,False,0,53,,-2954
2955,reduce_sum,2954,,8,41.0,6,41,1,Scalar,2962,False,0,12,,-2955
2956,sub,2926,2934,6,41.0,7,41,256,Vector,"2957, 2981",False,0,54,,-2956
2957,exp,2956,,7,41.0,7,41,256,Vector,2958,False,0,55,,-2957
2958,reduce_sum,2957,,8,41.0,7,41,1,Scalar,2962,False,0,13,,-2958
2959,add,2937,2940,9,41.0,,41,1,Scalar,2963,False,0,14,,-2959
2960,add,2943,2946,9,41.0,,41,1,Scalar,2963,False,0,15,,-2960
2961,add,2949,2952,9,41.0,,41,1,Scalar,2964,False,0,16,,-2961
2962,add,2955,2958,9,41.0,,41,1,Scalar,2964,False,0,17,,-2962
2963,add,2959,2960,10,41.0,,41,1,Scalar,2965,False,0,18,,-2963
2964,add,2961,2962,10,41.0,,41,1,Scalar,2965,False,0,19,,-2964
2965,add,2963,2964,11,41.0,,41,1,Scalar,2966,False,0,20,,-2965
2966,ln,2965,,12,41.0,,41,1,Scalar,"2967, 2969, 2971, 2973, 2975, 2977, 2979, 2981",False,0,21,,-2966
2967,sub,2935,2966,13,41.0,0,41,256,Vector,2968,False,0,56,,-2967
2968,store,2967,328,14,41.0,0,41,256,Vector,,False,0,,328,-2968
2969,sub,2938,2966,13,41.0,1,41,256,Vector,2970,False,0,57,,-2969
2970,store,2969,329,14,41.0,1,41,256,Vector,,False,0,,329,-2970
2971,sub,2941,2966,13,41.0,2,41,256,Vector,2972,False,0,58,,-2971
2972,store,2971,330,14,41.0,2,41,256,Vector,,False,0,,330,-2972
2973,sub,2944,2966,13,41.0,3,41,256,Vector,2974,False,0,59,,-2973
2974,store,2973,331,14,41.0,3,41,256,Vector,,False,0,,331,-2974
2975,sub,2947,2966,13,41.0,4,41,256,Vector,2976,False,0,60,,-2975
2976,store,2975,332,14,41.0,4,41,256,Vector,,False,0,,332,-2976
2977,sub,2950,2966,13,41.0,5,41,256,Vector,2978,False,0,61,,-2977
2978,store,2977,333,14,41.0,5,41,256,Vector,,False,0,,333,-2978
2979,sub,2953,2966,13,41.0,6,41,256,Vector,2980,False,0,62,,-2979
2980,store,2979,334,14,41.0,6,41,256,Vector,,False,0,,334,-2980
2981,sub,2956,2966,13,41.0,7,41,256,Vector,2982,False,0,63,,-2981
2982,store,2981,335,14,41.0,7,41,256,Vector,,False,0,,335,-2982
2983,load,336,,1,42.0,0,42,256,Vector,"2984, 3006",True,0,64,336,-2983
2984,reduce_max,2983,,2,42.0,0,42,1,Scalar,2999,False,0,22,,-2984
2985,load,337,,1,42.0,1,42,256,Vector,"2986, 3009",True,0,65,337,-2985
2986,reduce_max,2985,,2,42.0,1,42,1,Scalar,2999,False,0,23,,-2986
2987,load,338,,1,42.0,2,42,256,Vector,"2988, 3012",True,0,66,338,-2987
2988,reduce_max,2987,,2,42.0,2,42,1,Scalar,3000,False,0,24,,-2988
2989,load,339,,1,42.0,3,42,256,Vector,"2990, 3015",True,0,67,339,-2989
2990,reduce_max,2989,,2,42.0,3,42,1,Scalar,3000,False,0,25,,-2990
2991,load,340,,1,42.0,4,42,256,Vector,"2992, 3018",True,0,68,340,-2991
2992,reduce_max,2991,,2,42.0,4,42,1,Scalar,3001,False,0,26,,-2992
2993,load,341,,1,42.0,5,42,256,Vector,"2994, 3021",True,0,69,341,-2993
2994,reduce_max,2993,,2,42.0,5,42,1,Scalar,3001,False,0,27,,-2994
2995,load,342,,1,42.0,6,42,256,Vector,"2996, 3024",True,0,70,342,-2995
2996,reduce_max,2995,,2,42.0,6,42,1,Scalar,3002,False,0,28,,-2996
2997,load,343,,1,42.0,7,42,256,Vector,"2998, 3027",True,0,71,343,-2997
2998,reduce_max,2997,,2,42.0,7,42,1,Scalar,3002,False,0,29,,-2998
2999,max,2984,2986,3,42.0,,42,1,Scalar,3003,False,0,30,,-2999
3000,max,2988,2990,3,42.0,,42,1,Scalar,3003,False,0,31,,-3000
3001,max,2992,2994,3,42.0,,42,1,Scalar,3004,False,0,32,,-3001
3002,max,2996,2998,3,42.0,,42,1,Scalar,3004,False,0,33,,-3002
3003,max,2999,3000,4,42.0,,42,1,Scalar,3005,False,0,34,,-3003
3004,max,3001,3002,4,42.0,,42,1,Scalar,3005,False,0,35,,-3004
3005,max,3003,3004,5,42.0,,42,1,Scalar,"3006, 3009, 3012, 3015, 3018, 3021, 3024, 3027",False,0,36,,-3005
3006,sub,2983,3005,6,42.0,0,42,256,Vector,"3007, 3038",False,0,72,,-3006
3007,exp,3006,,7,42.0,0,42,256,Vector,3008,False,0,73,,-3007
3008,reduce_sum,3007,,8,42.0,0,42,1,Scalar,3030,False,0,37,,-3008
3009,sub,2985,3005,6,42.0,1,42,256,Vector,"3010, 3040",False,0,74,,-3009
3010,exp,3009,,7,42.0,1,42,256,Vector,3011,False,0,75,,-3010
3011,reduce_sum,3010,,8,42.0,1,42,1,Scalar,3030,False,0,38,,-3011
3012,sub,2987,3005,6,42.0,2,42,256,Vector,"3013, 3042",False,0,76,,-3012
3013,exp,3012,,7,42.0,2,42,256,Vector,3014,False,0,77,,-3013
3014,reduce_sum,3013,,8,42.0,2,42,1,Scalar,3031,False,0,39,,-3014
3015,sub,2989,3005,6,42.0,3,42,256,Vector,"3016, 3044",False,0,78,,-3015
3016,exp,3015,,7,42.0,3,42,256,Vector,3017,False,0,79,,-3016
3017,reduce_sum,3016,,8,42.0,3,42,1,Scalar,3031,False,0,40,,-3017
3018,sub,2991,3005,6,42.0,4,42,256,Vector,"3019, 3046",False,0,80,,-3018
3019,exp,3018,,7,42.0,4,42,256,Vector,3020,False,0,81,,-3019
3020,reduce_sum,3019,,8,42.0,4,42,1,Scalar,3032,False,0,41,,-3020
3021,sub,2993,3005,6,42.0,5,42,256,Vector,"3022, 3048",False,0,82,,-3021
3022,exp,3021,,7,42.0,5,42,256,Vector,3023,False,0,83,,-3022
3023,reduce_sum,3022,,8,42.0,5,42,1,Scalar,3032,False,0,42,,-3023
3024,sub,2995,3005,6,42.0,6,42,256,Vector,"3025, 3050",False,0,84,,-3024
3025,exp,3024,,7,42.0,6,42,256,Vector,3026,False,0,85,,-3025
3026,reduce_sum,3025,,8,42.0,6,42,1,Scalar,3033,False,0,43,,-3026
3027,sub,2997,3005,6,42.0,7,42,256,Vector,"3028, 3052",False,0,86,,-3027
3028,exp,3027,,7,42.0,7,42,256,Vector,3029,False,0,87,,-3028
3029,reduce_sum,3028,,8,42.0,7,42,1,Scalar,3033,False,0,44,,-3029
3030,add,3008,3011,9,42.0,,42,1,Scalar,3034,False,0,45,,-3030
3031,add,3014,3017,9,42.0,,42,1,Scalar,3034,False,0,46,,-3031
3032,add,3020,3023,9,42.0,,42,1,Scalar,3035,False,0,47,,-3032
3033,add,3026,3029,9,42.0,,42,1,Scalar,3035,False,0,48,,-3033
3034,add,3030,3031,10,42.0,,42,1,Scalar,3036,False,0,49,,-3034
3035,add,3032,3033,10,42.0,,42,1,Scalar,3036,False,0,50,,-3035
3036,add,3034,3035,11,42.0,,42,1,Scalar,3037,False,0,51,,-3036
3037,ln,3036,,12,42.0,,42,1,Scalar,"3038, 3040, 3042, 3044, 3046, 3048, 3050, 3052",False,0,52,,-3037
3038,sub,3006,3037,13,42.0,0,42,256,Vector,3039,False,0,88,,-3038
3039,store,3038,336,14,42.0,0,42,256,Vector,,False,0,,336,-3039
3040,sub,3009,3037,13,42.0,1,42,256,Vector,3041,False,0,89,,-3040
3041,store,3040,337,14,42.0,1,42,256,Vector,,False,0,,337,-3041
3042,sub,3012,3037,13,42.0,2,42,256,Vector,3043,False,0,90,,-3042
3043,store,3042,338,14,42.0,2,42,256,Vector,,False,0,,338,-3043
3044,sub,3015,3037,13,42.0,3,42,256,Vector,3045,False,0,91,,-3044
3045,store,3044,339,14,42.0,3,42,256,Vector,,False,0,,339,-3045
3046,sub,3018,3037,13,42.0,4,42,256,Vector,3047,False,0,92,,-3046
3047,store,3046,340,14,42.0,4,42,256,Vector,,False,0,,340,-3047
3048,sub,3021,3037,13,42.0,5,42,256,Vector,3049,False,0,93,,-3048
3049,store,3048,341,14,42.0,5,42,256,Vector,,False,0,,341,-3049
3050,sub,3024,3037,13,42.0,6,42,256,Vector,3051,False,0,94,,-3050
3051,store,3050,342,14,42.0,6,42,256,Vector,,False,0,,342,-3051
3052,sub,3027,3037,13,42.0,7,42,256,Vector,3053,False,0,95,,-3052
3053,store,3052,343,14,42.0,7,42,256,Vector,,False,0,,343,-3053
3054,load,344,,1,43.0,0,43,256,Vector,"3055, 3077",True,0,96,344,-3054
3055,reduce_max,3054,,2,43.0,0,43,1,Scalar,3070,False,0,53,,-3055
3056,load,345,,1,43.0,1,43,256,Vector,"3057, 3080",True,0,97,345,-3056
3057,reduce_max,3056,,2,43.0,1,43,1,Scalar,3070,False,0,54,,-3057
3058,load,346,,1,43.0,2,43,256,Vector,"3059, 3083",True,0,98,346,-3058
3059,reduce_max,3058,,2,43.0,2,43,1,Scalar,3071,False,0,55,,-3059
3060,load,347,,1,43.0,3,43,256,Vector,"3061, 3086",True,0,99,347,-3060
3061,reduce_max,3060,,2,43.0,3,43,1,Scalar,3071,False,0,56,,-3061
3062,load,348,,1,43.0,4,43,256,Vector,"3063, 3089",True,0,100,348,-3062
3063,reduce_max,3062,,2,43.0,4,43,1,Scalar,3072,False,0,57,,-3063
3064,load,349,,1,43.0,5,43,256,Vector,"3065, 3092",True,0,101,349,-3064
3065,reduce_max,3064,,2,43.0,5,43,1,Scalar,3072,False,0,58,,-3065
3066,load,350,,1,43.0,6,43,256,Vector,"3067, 3095",True,0,102,350,-3066
3067,reduce_max,3066,,2,43.0,6,43,1,Scalar,3073,False,0,59,,-3067
3068,load,351,,1,43.0,7,43,256,Vector,"3069, 3098",True,0,103,351,-3068
3069,reduce_max,3068,,2,43.0,7,43,1,Scalar,3073,False,0,60,,-3069
3070,max,3055,3057,3,43.0,,43,1,Scalar,3074,False,0,61,,-3070
3071,max,3059,3061,3,43.0,,43,1,Scalar,3074,False,0,62,,-3071
3072,max,3063,3065,3,43.0,,43,1,Scalar,3075,False,0,63,,-3072
3073,max,3067,3069,3,43.0,,43,1,Scalar,3075,False,0,64,,-3073
3074,max,3070,3071,4,43.0,,43,1,Scalar,3076,False,0,65,,-3074
3075,max,3072,3073,4,43.0,,43,1,Scalar,3076,False,0,66,,-3075
3076,max,3074,3075,5,43.0,,43,1,Scalar,"3077, 3080, 3083, 3086, 3089, 3092, 3095, 3098",False,0,67,,-3076
3077,sub,3054,3076,6,43.0,0,43,256,Vector,"3078, 3109",False,0,104,,-3077
3078,exp,3077,,7,43.0,0,43,256,Vector,3079,False,0,105,,-3078
3079,reduce_sum,3078,,8,43.0,0,43,1,Scalar,3101,False,0,68,,-3079
3080,sub,3056,3076,6,43.0,1,43,256,Vector,"3081, 3111",False,0,106,,-3080
3081,exp,3080,,7,43.0,1,43,256,Vector,3082,False,0,107,,-3081
3082,reduce_sum,3081,,8,43.0,1,43,1,Scalar,3101,False,0,69,,-3082
3083,sub,3058,3076,6,43.0,2,43,256,Vector,"3084, 3113",False,0,108,,-3083
3084,exp,3083,,7,43.0,2,43,256,Vector,3085,False,0,109,,-3084
3085,reduce_sum,3084,,8,43.0,2,43,1,Scalar,3102,False,0,70,,-3085
3086,sub,3060,3076,6,43.0,3,43,256,Vector,"3087, 3115",False,0,110,,-3086
3087,exp,3086,,7,43.0,3,43,256,Vector,3088,False,0,111,,-3087
3088,reduce_sum,3087,,8,43.0,3,43,1,Scalar,3102,False,0,71,,-3088
3089,sub,3062,3076,6,43.0,4,43,256,Vector,"3090, 3117",False,0,112,,-3089
3090,exp,3089,,7,43.0,4,43,256,Vector,3091,False,0,113,,-3090
3091,reduce_sum,3090,,8,43.0,4,43,1,Scalar,3103,False,0,72,,-3091
3092,sub,3064,3076,6,43.0,5,43,256,Vector,"3093, 3119",False,0,114,,-3092
3093,exp,3092,,7,43.0,5,43,256,Vector,3094,False,0,115,,-3093
3094,reduce_sum,3093,,8,43.0,5,43,1,Scalar,3103,False,0,73,,-3094
3095,sub,3066,3076,6,43.0,6,43,256,Vector,"3096, 3121",False,0,116,,-3095
3096,exp,3095,,7,43.0,6,43,256,Vector,3097,False,0,117,,-3096
3097,reduce_sum,3096,,8,43.0,6,43,1,Scalar,3104,False,0,74,,-3097
3098,sub,3068,3076,6,43.0,7,43,256,Vector,"3099, 3123",False,0,118,,-3098
3099,exp,3098,,7,43.0,7,43,256,Vector,3100,False,0,119,,-3099
3100,reduce_sum,3099,,8,43.0,7,43,1,Scalar,3104,False,0,75,,-3100
3101,add,3079,3082,9,43.0,,43,1,Scalar,3105,False,0,76,,-3101
3102,add,3085,3088,9,43.0,,43,1,Scalar,3105,False,0,77,,-3102
3103,add,3091,3094,9,43.0,,43,1,Scalar,3106,False,0,78,,-3103
3104,add,3097,3100,9,43.0,,43,1,Scalar,3106,False,0,79,,-3104
3105,add,3101,3102,10,43.0,,43,1,Scalar,3107,False,0,80,,-3105
3106,add,3103,3104,10,43.0,,43,1,Scalar,3107,False,0,81,,-3106
3107,add,3105,3106,11,43.0,,43,1,Scalar,3108,False,0,82,,-3107
3108,ln,3107,,12,43.0,,43,1,Scalar,"3109, 3111, 3113, 3115, 3117, 3119, 3121, 3123",False,0,83,,-3108
3109,sub,3077,3108,13,43.0,0,43,256,Vector,3110,False,0,120,,-3109
3110,store,3109,344,14,43.0,0,43,256,Vector,,False,0,,344,-3110
3111,sub,3080,3108,13,43.0,1,43,256,Vector,3112,False,0,121,,-3111
3112,store,3111,345,14,43.0,1,43,256,Vector,,False,0,,345,-3112
3113,sub,3083,3108,13,43.0,2,43,256,Vector,3114,False,0,122,,-3113
3114,store,3113,346,14,43.0,2,43,256,Vector,,False,0,,346,-3114
3115,sub,3086,3108,13,43.0,3,43,256,Vector,3116,False,0,123,,-3115
3116,store,3115,347,14,43.0,3,43,256,Vector,,False,0,,347,-3116
3117,sub,3089,3108,13,43.0,4,43,256,Vector,3118,False,0,124,,-3117
3118,store,3117,348,14,43.0,4,43,256,Vector,,False,0,,348,-3118
3119,sub,3092,3108,13,43.0,5,43,256,Vector,3120,False,0,125,,-3119
3120,store,3119,349,14,43.0,5,43,256,Vector,,False,0,,349,-3120
3121,sub,3095,3108,13,43.0,6,43,256,Vector,3122,False,0,126,,-3121
3122,store,3121,350,14,43.0,6,43,256,Vector,,False,0,,350,-3122
3123,sub,3098,3108,13,43.0,7,43,256,Vector,3124,False,0,127,,-3123
3124,store,3123,351,14,43.0,7,43,256,Vector,,False,0,,351,-3124
3125,load,352,,1,44.0,0,44,256,Vector,"3126, 3148",True,0,128,352,-3125
3126,reduce_max,3125,,2,44.0,0,44,1,Scalar,3141,False,0,84,,-3126
3127,load,353,,1,44.0,1,44,256,Vector,"3128, 3151",True,0,129,353,-3127
3128,reduce_max,3127,,2,44.0,1,44,1,Scalar,3141,False,0,85,,-3128
3129,load,354,,1,44.0,2,44,256,Vector,"3130, 3154",True,0,130,354,-3129
3130,reduce_max,3129,,2,44.0,2,44,1,Scalar,3142,False,0,86,,-3130
3131,load,355,,1,44.0,3,44,256,Vector,"3132, 3157",True,0,131,355,-3131
3132,reduce_max,3131,,2,44.0,3,44,1,Scalar,3142,False,0,87,,-3132
3133,load,356,,1,44.0,4,44,256,Vector,"3134, 3160",True,0,132,356,-3133
3134,reduce_max,3133,,2,44.0,4,44,1,Scalar,3143,False,0,88,,-3134
3135,load,357,,1,44.0,5,44,256,Vector,"3136, 3163",True,0,133,357,-3135
3136,reduce_max,3135,,2,44.0,5,44,1,Scalar,3143,False,0,89,,-3136
3137,load,358,,1,44.0,6,44,256,Vector,"3138, 3166",True,0,134,358,-3137
3138,reduce_max,3137,,2,44.0,6,44,1,Scalar,3144,False,0,90,,-3138
3139,load,359,,1,44.0,7,44,256,Vector,"3140, 3169",True,0,135,359,-3139
3140,reduce_max,3139,,2,44.0,7,44,1,Scalar,3144,False,0,91,,-3140
3141,max,3126,3128,3,44.0,,44,1,Scalar,3145,False,0,92,,-3141
3142,max,3130,3132,3,44.0,,44,1,Scalar,3145,False,0,93,,-3142
3143,max,3134,3136,3,44.0,,44,1,Scalar,3146,False,0,94,,-3143
3144,max,3138,3140,3,44.0,,44,1,Scalar,3146,False,0,95,,-3144
3145,max,3141,3142,4,44.0,,44,1,Scalar,3147,False,0,96,,-3145
3146,max,3143,3144,4,44.0,,44,1,Scalar,3147,False,0,97,,-3146
3147,max,3145,3146,5,44.0,,44,1,Scalar,"3148, 3151, 3154, 3157, 3160, 3163, 3166, 3169",False,0,98,,-3147
3148,sub,3125,3147,6,44.0,0,44,256,Vector,"3149, 3180",False,0,136,,-3148
3149,exp,3148,,7,44.0,0,44,256,Vector,3150,False,0,137,,-3149
3150,reduce_sum,3149,,8,44.0,0,44,1,Scalar,3172,False,0,99,,-3150
3151,sub,3127,3147,6,44.0,1,44,256,Vector,"3152, 3182",False,0,138,,-3151
3152,exp,3151,,7,44.0,1,44,256,Vector,3153,False,0,139,,-3152
3153,reduce_sum,3152,,8,44.0,1,44,1,Scalar,3172,False,0,100,,-3153
3154,sub,3129,3147,6,44.0,2,44,256,Vector,"3155, 3184",False,0,140,,-3154
3155,exp,3154,,7,44.0,2,44,256,Vector,3156,False,0,141,,-3155
3156,reduce_sum,3155,,8,44.0,2,44,1,Scalar,3173,False,0,101,,-3156
3157,sub,3131,3147,6,44.0,3,44,256,Vector,"3158, 3186",False,0,142,,-3157
3158,exp,3157,,7,44.0,3,44,256,Vector,3159,False,0,143,,-3158
3159,reduce_sum,3158,,8,44.0,3,44,1,Scalar,3173,False,0,102,,-3159
3160,sub,3133,3147,6,44.0,4,44,256,Vector,"3161, 3188",False,0,144,,-3160
3161,exp,3160,,7,44.0,4,44,256,Vector,3162,False,0,145,,-3161
3162,reduce_sum,3161,,8,44.0,4,44,1,Scalar,3174,False,0,103,,-3162
3163,sub,3135,3147,6,44.0,5,44,256,Vector,"3164, 3190",False,0,146,,-3163
3164,exp,3163,,7,44.0,5,44,256,Vector,3165,False,0,147,,-3164
3165,reduce_sum,3164,,8,44.0,5,44,1,Scalar,3174,False,0,104,,-3165
3166,sub,3137,3147,6,44.0,6,44,256,Vector,"3167, 3192",False,0,148,,-3166
3167,exp,3166,,7,44.0,6,44,256,Vector,3168,False,0,149,,-3167
3168,reduce_sum,3167,,8,44.0,6,44,1,Scalar,3175,False,0,105,,-3168
3169,sub,3139,3147,6,44.0,7,44,256,Vector,"3170, 3194",False,0,150,,-3169
3170,exp,3169,,7,44.0,7,44,256,Vector,3171,False,0,151,,-3170
3171,reduce_sum,3170,,8,44.0,7,44,1,Scalar,3175,False,0,106,,-3171
3172,add,3150,3153,9,44.0,,44,1,Scalar,3176,False,0,107,,-3172
3173,add,3156,3159,9,44.0,,44,1,Scalar,3176,False,0,108,,-3173
3174,add,3162,3165,9,44.0,,44,1,Scalar,3177,False,0,109,,-3174
3175,add,3168,3171,9,44.0,,44,1,Scalar,3177,False,0,110,,-3175
3176,add,3172,3173,10,44.0,,44,1,Scalar,3178,False,0,111,,-3176
3177,add,3174,3175,10,44.0,,44,1,Scalar,3178,False,0,112,,-3177
3178,add,3176,3177,11,44.0,,44,1,Scalar,3179,False,0,113,,-3178
3179,ln,3178,,12,44.0,,44,1,Scalar,"3180, 3182, 3184, 3186, 3188, 3190, 3192, 3194",False,0,114,,-3179
3180,sub,3148,3179,13,44.0,0,44,256,Vector,3181,False,0,152,,-3180
3181,store,3180,352,14,44.0,0,44,256,Vector,,False,0,,352,-3181
3182,sub,3151,3179,13,44.0,1,44,256,Vector,3183,False,0,153,,-3182
3183,store,3182,353,14,44.0,1,44,256,Vector,,False,0,,353,-3183
3184,sub,3154,3179,13,44.0,2,44,256,Vector,3185,False,0,154,,-3184
3185,store,3184,354,14,44.0,2,44,256,Vector,,False,0,,354,-3185
3186,sub,3157,3179,13,44.0,3,44,256,Vector,3187,False,0,155,,-3186
3187,store,3186,355,14,44.0,3,44,256,Vector,,False,0,,355,-3187
3188,sub,3160,3179,13,44.0,4,44,256,Vector,3189,False,0,156,,-3188
3189,store,3188,356,14,44.0,4,44,256,Vector,,False,0,,356,-3189
3190,sub,3163,3179,13,44.0,5,44,256,Vector,3191,False,0,157,,-3190
3191,store,3190,357,14,44.0,5,44,256,Vector,,False,0,,357,-3191
3192,sub,3166,3179,13,44.0,6,44,256,Vector,3193,False,0,158,,-3192
3193,store,3192,358,14,44.0,6,44,256,Vector,,False,0,,358,-3193
3194,sub,3169,3179,13,44.0,7,44,256,Vector,3195,False,0,159,,-3194
3195,store,3194,359,14,44.0,7,44,256,Vector,,False,0,,359,-3195
3196,load,360,,1,45.0,0,45,256,Vector,"3197, 3219",True,0,160,360,-3196
3197,reduce_max,3196,,2,45.0,0,45,1,Scalar,3212,False,0,115,,-3197
3198,load,361,,1,45.0,1,45,256,Vector,"3199, 3222",True,0,161,361,-3198
3199,reduce_max,3198,,2,45.0,1,45,1,Scalar,3212,False,0,116,,-3199
3200,load,362,,1,45.0,2,45,256,Vector,"3201, 3225",True,0,162,362,-3200
3201,reduce_max,3200,,2,45.0,2,45,1,Scalar,3213,False,0,117,,-3201
3202,load,363,,1,45.0,3,45,256,Vector,"3203, 3228",True,0,163,363,-3202
3203,reduce_max,3202,,2,45.0,3,45,1,Scalar,3213,False,0,118,,-3203
3204,load,364,,1,45.0,4,45,256,Vector,"3205, 3231",True,0,164,364,-3204
3205,reduce_max,3204,,2,45.0,4,45,1,Scalar,3214,False,0,119,,-3205
3206,load,365,,1,45.0,5,45,256,Vector,"3207, 3234",True,0,165,365,-3206
3207,reduce_max,3206,,2,45.0,5,45,1,Scalar,3214,False,0,120,,-3207
3208,load,366,,1,45.0,6,45,256,Vector,"3209, 3237",True,0,166,366,-3208
3209,reduce_max,3208,,2,45.0,6,45,1,Scalar,3215,False,0,121,,-3209
3210,load,367,,1,45.0,7,45,256,Vector,"3211, 3240",True,0,167,367,-3210
3211,reduce_max,3210,,2,45.0,7,45,1,Scalar,3215,False,0,122,,-3211
3212,max,3197,3199,3,45.0,,45,1,Scalar,3216,False,0,123,,-3212
3213,max,3201,3203,3,45.0,,45,1,Scalar,3216,False,0,124,,-3213
3214,max,3205,3207,3,45.0,,45,1,Scalar,3217,False,0,125,,-3214
3215,max,3209,3211,3,45.0,,45,1,Scalar,3217,False,0,126,,-3215
3216,max,3212,3213,4,45.0,,45,1,Scalar,3218,False,0,127,,-3216
3217,max,3214,3215,4,45.0,,45,1,Scalar,3218,False,0,128,,-3217
3218,max,3216,3217,5,45.0,,45,1,Scalar,"3219, 3222, 3225, 3228, 3231, 3234, 3237, 3240",False,0,129,,-3218
3219,sub,3196,3218,6,45.0,0,45,256,Vector,"3220, 3251",False,0,168,,-3219
3220,exp,3219,,7,45.0,0,45,256,Vector,3221,False,0,169,,-3220
3221,reduce_sum,3220,,8,45.0,0,45,1,Scalar,3243,False,0,130,,-3221
3222,sub,3198,3218,6,45.0,1,45,256,Vector,"3223, 3253",False,0,170,,-3222
3223,exp,3222,,7,45.0,1,45,256,Vector,3224,False,0,171,,-3223
3224,reduce_sum,3223,,8,45.0,1,45,1,Scalar,3243,False,0,131,,-3224
3225,sub,3200,3218,6,45.0,2,45,256,Vector,"3226, 3255",False,0,172,,-3225
3226,exp,3225,,7,45.0,2,45,256,Vector,3227,False,0,173,,-3226
3227,reduce_sum,3226,,8,45.0,2,45,1,Scalar,3244,False,0,132,,-3227
3228,sub,3202,3218,6,45.0,3,45,256,Vector,"3229, 3257",False,0,174,,-3228
3229,exp,3228,,7,45.0,3,45,256,Vector,3230,False,0,175,,-3229
3230,reduce_sum,3229,,8,45.0,3,45,1,Scalar,3244,False,0,133,,-3230
3231,sub,3204,3218,6,45.0,4,45,256,Vector,"3232, 3259",False,0,176,,-3231
3232,exp,3231,,7,45.0,4,45,256,Vector,3233,False,0,177,,-3232
3233,reduce_sum,3232,,8,45.0,4,45,1,Scalar,3245,False,0,134,,-3233
3234,sub,3206,3218,6,45.0,5,45,256,Vector,"3235, 3261",False,0,178,,-3234
3235,exp,3234,,7,45.0,5,45,256,Vector,3236,False,0,179,,-3235
3236,reduce_sum,3235,,8,45.0,5,45,1,Scalar,3245,False,0,135,,-3236
3237,sub,3208,3218,6,45.0,6,45,256,Vector,"3238, 3263",False,0,180,,-3237
3238,exp,3237,,7,45.0,6,45,256,Vector,3239,False,0,181,,-3238
3239,reduce_sum,3238,,8,45.0,6,45,1,Scalar,3246,False,0,136,,-3239
3240,sub,3210,3218,6,45.0,7,45,256,Vector,"3241, 3265",False,0,182,,-3240
3241,exp,3240,,7,45.0,7,45,256,Vector,3242,False,0,183,,-3241
3242,reduce_sum,3241,,8,45.0,7,45,1,Scalar,3246,False,0,137,,-3242
3243,add,3221,3224,9,45.0,,45,1,Scalar,3247,False,0,138,,-3243
3244,add,3227,3230,9,45.0,,45,1,Scalar,3247,False,0,139,,-3244
3245,add,3233,3236,9,45.0,,45,1,Scalar,3248,False,0,140,,-3245
3246,add,3239,3242,9,45.0,,45,1,Scalar,3248,False,0,141,,-3246
3247,add,3243,3244,10,45.0,,45,1,Scalar,3249,False,0,142,,-3247
3248,add,3245,3246,10,45.0,,45,1,Scalar,3249,False,0,143,,-3248
3249,add,3247,3248,11,45.0,,45,1,Scalar,3250,False,0,144,,-3249
3250,ln,3249,,12,45.0,,45,1,Scalar,"3251, 3253, 3255, 3257, 3259, 3261, 3263, 3265",False,0,145,,-3250
3251,sub,3219,3250,13,45.0,0,45,256,Vector,3252,False,0,184,,-3251
3252,store,3251,360,14,45.0,0,45,256,Vector,,False,0,,360,-3252
3253,sub,3222,3250,13,45.0,1,45,256,Vector,3254,False,0,185,,-3253
3254,store,3253,361,14,45.0,1,45,256,Vector,,False,0,,361,-3254
3255,sub,3225,3250,13,45.0,2,45,256,Vector,3256,False,0,186,,-3255
3256,store,3255,362,14,45.0,2,45,256,Vector,,False,0,,362,-3256
3257,sub,3228,3250,13,45.0,3,45,256,Vector,3258,False,0,187,,-3257
3258,store,3257,363,14,45.0,3,45,256,Vector,,False,0,,363,-3258
3259,sub,3231,3250,13,45.0,4,45,256,Vector,3260,False,0,188,,-3259
3260,store,3259,364,14,45.0,4,45,256,Vector,,False,0,,364,-3260
3261,sub,3234,3250,13,45.0,5,45,256,Vector,3262,False,0,189,,-3261
3262,store,3261,365,14,45.0,5,45,256,Vector,,False,0,,365,-3262
3263,sub,3237,3250,13,45.0,6,45,256,Vector,3264,False,0,190,,-3263
3264,store,3263,366,14,45.0,6,45,256,Vector,,False,0,,366,-3264
3265,sub,3240,3250,13,45.0,7,45,256,Vector,3266,False,0,191,,-3265
3266,store,3265,367,14,45.0,7,45,256,Vector,,False,0,,367,-3266
3267,load,368,,1,46.0,0,46,256,Vector,"3268, 3290",True,0,192,368,-3267
3268,reduce_max,3267,,2,46.0,0,46,1,Scalar,3283,False,0,146,,-3268
3269,load,369,,1,46.0,1,46,256,Vector,"3270, 3293",True,0,193,369,-3269
3270,reduce_max,3269,,2,46.0,1,46,1,Scalar,3283,False,0,147,,-3270
3271,load,370,,1,46.0,2,46,256,Vector,"3272, 3296",True,0,194,370,-3271
3272,reduce_max,3271,,2,46.0,2,46,1,Scalar,3284,False,0,148,,-3272
3273,load,371,,1,46.0,3,46,256,Vector,"3274, 3299",True,0,195,371,-3273
3274,reduce_max,3273,,2,46.0,3,46,1,Scalar,3284,False,0,149,,-3274
3275,load,372,,1,46.0,4,46,256,Vector,"3276, 3302",True,0,196,372,-3275
3276,reduce_max,3275,,2,46.0,4,46,1,Scalar,3285,False,0,150,,-3276
3277,load,373,,1,46.0,5,46,256,Vector,"3278, 3305",True,0,197,373,-3277
3278,reduce_max,3277,,2,46.0,5,46,1,Scalar,3285,False,0,151,,-3278
3279,load,374,,1,46.0,6,46,256,Vector,"3280, 3308",True,0,198,374,-3279
3280,reduce_max,3279,,2,46.0,6,46,1,Scalar,3286,False,0,152,,-3280
3281,load,375,,1,46.0,7,46,256,Vector,"3282, 3311",True,0,199,375,-3281
3282,reduce_max,3281,,2,46.0,7,46,1,Scalar,3286,False,0,153,,-3282
3283,max,3268,3270,3,46.0,,46,1,Scalar,3287,False,0,154,,-3283
3284,max,3272,3274,3,46.0,,46,1,Scalar,3287,False,0,155,,-3284
3285,max,3276,3278,3,46.0,,46,1,Scalar,3288,False,0,156,,-3285
3286,max,3280,3282,3,46.0,,46,1,Scalar,3288,False,0,157,,-3286
3287,max,3283,3284,4,46.0,,46,1,Scalar,3289,False,0,158,,-3287
3288,max,3285,3286,4,46.0,,46,1,Scalar,3289,False,0,159,,-3288
3289,max,3287,3288,5,46.0,,46,1,Scalar,"3290, 3293, 3296, 3299, 3302, 3305, 3308, 3311",False,0,160,,-3289
3290,sub,3267,3289,6,46.0,0,46,256,Vector,"3291, 3322",False,0,200,,-3290
3291,exp,3290,,7,46.0,0,46,256,Vector,3292,False,0,201,,-3291
3292,reduce_sum,3291,,8,46.0,0,46,1,Scalar,3314,False,0,161,,-3292
3293,sub,3269,3289,6,46.0,1,46,256,Vector,"3294, 3324",False,0,202,,-3293
3294,exp,3293,,7,46.0,1,46,256,Vector,3295,False,0,203,,-3294
3295,reduce_sum,3294,,8,46.0,1,46,1,Scalar,3314,False,0,162,,-3295
3296,sub,3271,3289,6,46.0,2,46,256,Vector,"3297, 3326",False,0,204,,-3296
3297,exp,3296,,7,46.0,2,46,256,Vector,3298,False,0,205,,-3297
3298,reduce_sum,3297,,8,46.0,2,46,1,Scalar,3315,False,0,163,,-3298
3299,sub,3273,3289,6,46.0,3,46,256,Vector,"3300, 3328",False,0,206,,-3299
3300,exp,3299,,7,46.0,3,46,256,Vector,3301,False,0,207,,-3300
3301,reduce_sum,3300,,8,46.0,3,46,1,Scalar,3315,False,0,164,,-3301
3302,sub,3275,3289,6,46.0,4,46,256,Vector,"3303, 3330",False,0,208,,-3302
3303,exp,3302,,7,46.0,4,46,256,Vector,3304,False,0,209,,-3303
3304,reduce_sum,3303,,8,46.0,4,46,1,Scalar,3316,False,0,165,,-3304
3305,sub,3277,3289,6,46.0,5,46,256,Vector,"3306, 3332",False,0,210,,-3305
3306,exp,3305,,7,46.0,5,46,256,Vector,3307,False,0,211,,-3306
3307,reduce_sum,3306,,8,46.0,5,46,1,Scalar,3316,False,0,166,,-3307
3308,sub,3279,3289,6,46.0,6,46,256,Vector,"3309, 3334",False,0,212,,-3308
3309,exp,3308,,7,46.0,6,46,256,Vector,3310,False,0,213,,-3309
3310,reduce_sum,3309,,8,46.0,6,46,1,Scalar,3317,False,0,167,,-3310
3311,sub,3281,3289,6,46.0,7,46,256,Vector,"3312, 3336",False,0,214,,-3311
3312,exp,3311,,7,46.0,7,46,256,Vector,3313,False,0,215,,-3312
3313,reduce_sum,3312,,8,46.0,7,46,1,Scalar,3317,False,0,168,,-3313
3314,add,3292,3295,9,46.0,,46,1,Scalar,3318,False,0,169,,-3314
3315,add,3298,3301,9,46.0,,46,1,Scalar,3318,False,0,170,,-3315
3316,add,3304,3307,9,46.0,,46,1,Scalar,3319,False,0,171,,-3316
3317,add,3310,3313,9,46.0,,46,1,Scalar,3319,False,0,172,,-3317
3318,add,3314,3315,10,46.0,,46,1,Scalar,3320,False,0,173,,-3318
3319,add,3316,3317,10,46.0,,46,1,Scalar,3320,False,0,174,,-3319
3320,add,3318,3319,11,46.0,,46,1,Scalar,3321,False,0,175,,-3320
3321,ln,3320,,12,46.0,,46,1,Scalar,"3322, 3324, 3326, 3328, 3330, 3332, 3334, 3336",False,0,176,,-3321
3322,sub,3290,3321,13,46.0,0,46,256,Vector,3323,False,0,216,,-3322
3323,store,3322,368,14,46.0,0,46,256,Vector,,False,0,,368,-3323
3324,sub,3293,3321,13,46.0,1,46,256,Vector,3325,False,0,217,,-3324
3325,store,3324,369,14,46.0,1,46,256,Vector,,False,0,,369,-3325
3326,sub,3296,3321,13,46.0,2,46,256,Vector,3327,False,0,218,,-3326
3327,store,3326,370,14,46.0,2,46,256,Vector,,False,0,,370,-3327
3328,sub,3299,3321,13,46.0,3,46,256,Vector,3329,False,0,219,,-3328
3329,store,3328,371,14,46.0,3,46,256,Vector,,False,0,,371,-3329
3330,sub,3302,3321,13,46.0,4,46,256,Vector,3331,False,0,220,,-3330
3331,store,3330,372,14,46.0,4,46,256,Vector,,False,0,,372,-3331
3332,sub,3305,3321,13,46.0,5,46,256,Vector,3333,False,0,221,,-3332
3333,store,3332,373,14,46.0,5,46,256,Vector,,False,0,,373,-3333
3334,sub,3308,3321,13,46.0,6,46,256,Vector,3335,False,0,222,,-3334
3335,store,3334,374,14,46.0,6,46,256,Vector,,False,0,,374,-3335
3336,sub,3311,3321,13,46.0,7,46,256,Vector,3337,False,0,223,,-3336
3337,store,3336,375,14,46.0,7,46,256,Vector,,False,0,,375,-3337
3338,load,376,,1,47.0,0,47,256,Vector,"3339, 3361",True,0,224,376,-3338
3339,reduce_max,3338,,2,47.0,0,47,1,Scalar,3354,False,0,177,,-3339
3340,load,377,,1,47.0,1,47,256,Vector,"3341, 3364",True,0,225,377,-3340
3341,reduce_max,3340,,2,47.0,1,47,1,Scalar,3354,False,0,178,,-3341
3342,load,378,,1,47.0,2,47,256,Vector,"3343, 3367",True,0,226,378,-3342
3343,reduce_max,3342,,2,47.0,2,47,1,Scalar,3355,False,0,179,,-3343
3344,load,379,,1,47.0,3,47,256,Vector,"3345, 3370",True,0,227,379,-3344
3345,reduce_max,3344,,2,47.0,3,47,1,Scalar,3355,False,0,180,,-3345
3346,load,380,,1,47.0,4,47,256,Vector,"3347, 3373",True,0,228,380,-3346
3347,reduce_max,3346,,2,47.0,4,47,1,Scalar,3356,False,0,181,,-3347
3348,load,381,,1,47.0,5,47,256,Vector,"3349, 3376",True,0,229,381,-3348
3349,reduce_max,3348,,2,47.0,5,47,1,Scalar,3356,False,0,182,,-3349
3350,load,382,,1,47.0,6,47,256,Vector,"3351, 3379",True,0,230,382,-3350
3351,reduce_max,3350,,2,47.0,6,47,1,Scalar,3357,False,0,183,,-3351
3352,load,383,,1,47.0,7,47,256,Vector,"3353, 3382",True,0,231,383,-3352
3353,reduce_max,3352,,2,47.0,7,47,1,Scalar,3357,False,0,184,,-3353
3354,max,3339,3341,3,47.0,,47,1,Scalar,3358,False,0,185,,-3354
3355,max,3343,3345,3,47.0,,47,1,Scalar,3358,False,0,186,,-3355
3356,max,3347,3349,3,47.0,,47,1,Scalar,3359,False,0,187,,-3356
3357,max,3351,3353,3,47.0,,47,1,Scalar,3359,False,0,188,,-3357
3358,max,3354,3355,4,47.0,,47,1,Scalar,3360,False,0,189,,-3358
3359,max,3356,3357,4,47.0,,47,1,Scalar,3360,False,0,190,,-3359
3360,max,3358,3359,5,47.0,,47,1,Scalar,"3361, 3364, 3367, 3370, 3373, 3376, 3379, 3382",False,0,191,,-3360
3361,sub,3338,3360,6,47.0,0,47,256,Vector,"3362, 3393",False,0,232,,-3361
3362,exp,3361,,7,47.0,0,47,256,Vector,3363,False,0,233,,-3362
3363,reduce_sum,3362,,8,47.0,0,47,1,Scalar,3385,False,0,192,,-3363
3364,sub,3340,3360,6,47.0,1,47,256,Vector,"3365, 3395",False,0,234,,-3364
3365,exp,3364,,7,47.0,1,47,256,Vector,3366,False,0,235,,-3365
3366,reduce_sum,3365,,8,47.0,1,47,1,Scalar,3385,False,0,193,,-3366
3367,sub,3342,3360,6,47.0,2,47,256,Vector,"3368, 3397",False,0,236,,-3367
3368,exp,3367,,7,47.0,2,47,256,Vector,3369,False,0,237,,-3368
3369,reduce_sum,3368,,8,47.0,2,47,1,Scalar,3386,False,0,194,,-3369
3370,sub,3344,3360,6,47.0,3,47,256,Vector,"3371, 3399",False,0,238,,-3370
3371,exp,3370,,7,47.0,3,47,256,Vector,3372,False,0,239,,-3371
3372,reduce_sum,3371,,8,47.0,3,47,1,Scalar,3386,False,0,195,,-3372
3373,sub,3346,3360,6,47.0,4,47,256,Vector,"3374, 3401",False,0,240,,-3373
3374,exp,3373,,7,47.0,4,47,256,Vector,3375,False,0,241,,-3374
3375,reduce_sum,3374,,8,47.0,4,47,1,Scalar,3387,False,0,196,,-3375
3376,sub,3348,3360,6,47.0,5,47,256,Vector,"3377, 3403",False,0,242,,-3376
3377,exp,3376,,7,47.0,5,47,256,Vector,3378,False,0,243,,-3377
3378,reduce_sum,3377,,8,47.0,5,47,1,Scalar,3387,False,0,197,,-3378
3379,sub,3350,3360,6,47.0,6,47,256,Vector,"3380, 3405",False,0,244,,-3379
3380,exp,3379,,7,47.0,6,47,256,Vector,3381,False,0,245,,-3380
3381,reduce_sum,3380,,8,47.0,6,47,1,Scalar,3388,False,0,198,,-3381
3382,sub,3352,3360,6,47.0,7,47,256,Vector,"3383, 3407",False,0,246,,-3382
3383,exp,3382,,7,47.0,7,47,256,Vector,3384,False,0,247,,-3383
3384,reduce_sum,3383,,8,47.0,7,47,1,Scalar,3388,False,0,199,,-3384
3385,add,3363,3366,9,47.0,,47,1,Scalar,3389,False,0,200,,-3385
3386,add,3369,3372,9,47.0,,47,1,Scalar,3389,False,0,201,,-3386
3387,add,3375,3378,9,47.0,,47,1,Scalar,3390,False,0,202,,-3387
3388,add,3381,3384,9,47.0,,47,1,Scalar,3390,False,0,203,,-3388
3389,add,3385,3386,10,47.0,,47,1,Scalar,3391,False,0,204,,-3389
3390,add,3387,3388,10,47.0,,47,1,Scalar,3391,False,0,205,,-3390
3391,add,3389,3390,11,47.0,,47,1,Scalar,3392,False,0,206,,-3391
3392,ln,3391,,12,47.0,,47,1,Scalar,"3393, 3395, 3397, 3399, 3401, 3403, 3405, 3407",False,0,207,,-3392
3393,sub,3361,3392,13,47.0,0,47,256,Vector,3394,False,0,248,,-3393
3394,store,3393,376,14,47.0,0,47,256,Vector,,False,0,,376,-3394
3395,sub,3364,3392,13,47.0,1,47,256,Vector,3396,False,0,249,,-3395
3396,store,3395,377,14,47.0,1,47,256,Vector,,False,0,,377,-3396
3397,sub,3367,3392,13,47.0,2,47,256,Vector,3398,False,0,250,,-3397
3398,store,3397,378,14,47.0,2,47,256,Vector,,False,0,,378,-3398
3399,sub,3370,3392,13,47.0,3,47,256,Vector,3400,False,0,251,,-3399
3400,store,3399,379,14,47.0,3,47,256,Vector,,False,0,,379,-3400
3401,sub,3373,3392,13,47.0,4,47,256,Vector,3402,False,0,252,,-3401
3402,store,3401,380,14,47.0,4,47,256,Vector,,False,0,,380,-3402
3403,sub,3376,3392,13,47.0,5,47,256,Vector,3404,False,0,253,,-3403
3404,store,3403,381,14,47.0,5,47,256,Vector,,False,0,,381,-3404
3405,sub,3379,3392,13,47.0,6,47,256,Vector,3406,False,0,254,,-3405
3406,store,3405,382,14,47.0,6,47,256,Vector,,False,0,,382,-3406
3407,sub,3382,3392,13,47.0,7,47,256,Vector,3408,False,0,255,,-3407
3408,store,3407,383,14,47.0,7,47,256,Vector,,False,0,,383,-3408
3409,load,384,,1,48.0,0,48,256,Vector,"3410, 3432",True,0,0,384,-3409
3410,reduce_max,3409,,2,48.0,0,48,1,Scalar,3425,False,0,208,,-3410
3411,load,385,,1,48.0,1,48,256,Vector,"3412, 3435",True,0,1,385,-3411
3412,reduce_max,3411,,2,48.0,1,48,1,Scalar,3425,False,0,209,,-3412
3413,load,386,,1,48.0,2,48,256,Vector,"3414, 3438",True,0,2,386,-3413
3414,reduce_max,3413,,2,48.0,2,48,1,Scalar,3426,False,0,210,,-3414
3415,load,387,,1,48.0,3,48,256,Vector,"3416, 3441",True,0,3,387,-3415
3416,reduce_max,3415,,2,48.0,3,48,1,Scalar,3426,False,0,211,,-3416
3417,load,388,,1,48.0,4,48,256,Vector,"3418, 3444",True,0,4,388,-3417
3418,reduce_max,3417,,2,48.0,4,48,1,Scalar,3427,False,0,212,,-3418
3419,load,389,,1,48.0,5,48,256,Vector,"3420, 3447",True,0,5,389,-3419
3420,reduce_max,3419,,2,48.0,5,48,1,Scalar,3427,False,0,213,,-3420
3421,load,390,,1,48.0,6,48,256,Vector,"3422, 3450",True,0,6,390,-3421
3422,reduce_max,3421,,2,48.0,6,48,1,Scalar,3428,False,0,214,,-3422
3423,load,391,,1,48.0,7,48,256,Vector,"3424, 3453",True,0,7,391,-3423
3424,reduce_max,3423,,2,48.0,7,48,1,Scalar,3428,False,0,215,,-3424
3425,max,3410,3412,3,48.0,,48,1,Scalar,3429,False,0,216,,-3425
3426,max,3414,3416,3,48.0,,48,1,Scalar,3429,False,0,217,,-3426
3427,max,3418,3420,3,48.0,,48,1,Scalar,3430,False,0,218,,-3427
3428,max,3422,3424,3,48.0,,48,1,Scalar,3430,False,0,219,,-3428
3429,max,3425,3426,4,48.0,,48,1,Scalar,3431,False,0,220,,-3429
3430,max,3427,3428,4,48.0,,48,1,Scalar,3431,False,0,221,,-3430
3431,max,3429,3430,5,48.0,,48,1,Scalar,"3432, 3435, 3438, 3441, 3444, 3447, 3450, 3453",False,0,222,,-3431
3432,sub,3409,3431,6,48.0,0,48,256,Vector,"3433, 3464",False,0,8,,-3432
3433,exp,3432,,7,48.0,0,48,256,Vector,3434,False,0,9,,-3433
3434,reduce_sum,3433,,8,48.0,0,48,1,Scalar,3456,False,0,223,,-3434
3435,sub,3411,3431,6,48.0,1,48,256,Vector,"3436, 3466",False,0,10,,-3435
3436,exp,3435,,7,48.0,1,48,256,Vector,3437,False,0,11,,-3436
3437,reduce_sum,3436,,8,48.0,1,48,1,Scalar,3456,False,0,224,,-3437
3438,sub,3413,3431,6,48.0,2,48,256,Vector,"3439, 3468",False,0,12,,-3438
3439,exp,3438,,7,48.0,2,48,256,Vector,3440,False,0,13,,-3439
3440,reduce_sum,3439,,8,48.0,2,48,1,Scalar,3457,False,0,225,,-3440
3441,sub,3415,3431,6,48.0,3,48,256,Vector,"3442, 3470",False,0,14,,-3441
3442,exp,3441,,7,48.0,3,48,256,Vector,3443,False,0,15,,-3442
3443,reduce_sum,3442,,8,48.0,3,48,1,Scalar,3457,False,0,226,,-3443
3444,sub,3417,3431,6,48.0,4,48,256,Vector,"3445, 3472",False,0,16,,-3444
3445,exp,3444,,7,48.0,4,48,256,Vector,3446,False,0,17,,-3445
3446,reduce_sum,3445,,8,48.0,4,48,1,Scalar,3458,False,0,227,,-3446
3447,sub,3419,3431,6,48.0,5,48,256,Vector,"3448, 3474",False,0,18,,-3447
3448,exp,3447,,7,48.0,5,48,256,Vector,3449,False,0,19,,-3448
3449,reduce_sum,3448,,8,48.0,5,48,1,Scalar,3458,False,0,228,,-3449
3450,sub,3421,3431,6,48.0,6,48,256,Vector,"3451, 3476",False,0,20,,-3450
3451,exp,3450,,7,48.0,6,48,256,Vector,3452,False,0,21,,-3451
3452,reduce_sum,3451,,8,48.0,6,48,1,Scalar,3459,False,0,229,,-3452
3453,sub,3423,3431,6,48.0,7,48,256,Vector,"3454, 3478",False,0,22,,-3453
3454,exp,3453,,7,48.0,7,48,256,Vector,3455,False,0,23,,-3454
3455,reduce_sum,3454,,8,48.0,7,48,1,Scalar,3459,False,0,230,,-3455
3456,add,3434,3437,9,48.0,,48,1,Scalar,3460,False,0,231,,-3456
3457,add,3440,3443,9,48.0,,48,1,Scalar,3460,False,0,232,,-3457
3458,add,3446,3449,9,48.0,,48,1,Scalar,3461,False,0,233,,-3458
3459,add,3452,3455,9,48.0,,48,1,Scalar,3461,False,0,234,,-3459
3460,add,3456,3457,10,48.0,,48,1,Scalar,3462,False,0,235,,-3460
3461,add,3458,3459,10,48.0,,48,1,Scalar,3462,False,0,236,,-3461
3462,add,3460,3461,11,48.0,,48,1,Scalar,3463,False,0,237,,-3462
3463,ln,3462,,12,48.0,,48,1,Scalar,"3464, 3466, 3468, 3470, 3472, 3474, 3476, 3478",False,0,238,,-3463
3464,sub,3432,3463,13,48.0,0,48,256,Vector,3465,False,0,24,,-3464
3465,store,3464,384,14,48.0,0,48,256,Vector,,False,0,,384,-3465
3466,sub,3435,3463,13,48.0,1,48,256,Vector,3467,False,0,25,,-3466
3467,store,3466,385,14,48.0,1,48,256,Vector,,False,0,,385,-3467
3468,sub,3438,3463,13,48.0,2,48,256,Vector,3469,False,0,26,,-3468
3469,store,3468,386,14,48.0,2,48,256,Vector,,False,0,,386,-3469
3470,sub,3441,3463,13,48.0,3,48,256,Vector,3471,False,0,27,,-3470
3471,store,3470,387,14,48.0,3,48,256,Vector,,False,0,,387,-3471
3472,sub,3444,3463,13,48.0,4,48,256,Vector,3473,False,0,28,,-3472
3473,store,3472,388,14,48.0,4,48,256,Vector,,False,0,,388,-3473
3474,sub,3447,3463,13,48.0,5,48,256,Vector,3475,False,0,29,,-3474
3475,store,3474,389,14,48.0,5,48,256,Vector,,False,0,,389,-3475
3476,sub,3450,3463,13,48.0,6,48,256,Vector,3477,False,0,30,,-3476
3477,store,3476,390,14,48.0,6,48,256,Vector,,False,0,,390,-3477
3478,sub,3453,3463,13,48.0,7,48,256,Vector,3479,False,0,31,,-3478
3479,store,3478,391,14,48.0,7,48,256,Vector,,False,0,,391,-3479
3480,load,392,,1,49.0,0,49,256,Vector,"3481, 3503",True,0,32,392,-3480
3481,reduce_max,3480,,2,49.0,0,49,1,Scalar,3496,False,0,239,,-3481
3482,load,393,,1,49.0,1,49,256,Vector,"3483, 3506",True,0,33,393,-3482
3483,reduce_max,3482,,2,49.0,1,49,1,Scalar,3496,False,0,240,,-3483
3484,load,394,,1,49.0,2,49,256,Vector,"3485, 3509",True,0,34,394,-3484
3485,reduce_max,3484,,2,49.0,2,49,1,Scalar,3497,False,0,241,,-3485
3486,load,395,,1,49.0,3,49,256,Vector,"3487, 3512",True,0,35,395,-3486
3487,reduce_max,3486,,2,49.0,3,49,1,Scalar,3497,False,0,242,,-3487
3488,load,396,,1,49.0,4,49,256,Vector,"3489, 3515",True,0,36,396,-3488
3489,reduce_max,3488,,2,49.0,4,49,1,Scalar,3498,False,0,243,,-3489
3490,load,397,,1,49.0,5,49,256,Vector,"3491, 3518",True,0,37,397,-3490
3491,reduce_max,3490,,2,49.0,5,49,1,Scalar,3498,False,0,244,,-3491
3492,load,398,,1,49.0,6,49,256,Vector,"3493, 3521",True,0,38,398,-3492
3493,reduce_max,3492,,2,49.0,6,49,1,Scalar,3499,False,0,245,,-3493
3494,load,399,,1,49.0,7,49,256,Vector,"3495, 3524",True,0,39,399,-3494
3495,reduce_max,3494,,2,49.0,7,49,1,Scalar,3499,False,0,246,,-3495
3496,max,3481,3483,3,49.0,,49,1,Scalar,3500,False,0,247,,-3496
3497,max,3485,3487,3,49.0,,49,1,Scalar,3500,False,0,248,,-3497
3498,max,3489,3491,3,49.0,,49,1,Scalar,3501,False,0,249,,-3498
3499,max,3493,3495,3,49.0,,49,1,Scalar,3501,False,0,250,,-3499
3500,max,3496,3497,4,49.0,,49,1,Scalar,3502,False,0,251,,-3500
3501,max,3498,3499,4,49.0,,49,1,Scalar,3502,False,0,252,,-3501
3502,max,3500,3501,5,49.0,,49,1,Scalar,"3503, 3506, 3509, 3512, 3515, 3518, 3521, 3524",False,0,253,,-3502
3503,sub,3480,3502,6,49.0,0,49,256,Vector,"3504, 3535",False,0,40,,-3503
3504,exp,3503,,7,49.0,0,49,256,Vector,3505,False,0,41,,-3504
3505,reduce_sum,3504,,8,49.0,0,49,1,Scalar,3527,False,0,254,,-3505
3506,sub,3482,3502,6,49.0,1,49,256,Vector,"3507, 3537",False,0,42,,-3506
3507,exp,3506,,7,49.0,1,49,256,Vector,3508,False,0,43,,-3507
3508,reduce_sum,3507,,8,49.0,1,49,1,Scalar,3527,False,0,255,,-3508
3509,sub,3484,3502,6,49.0,2,49,256,Vector,"3510, 3539",False,0,44,,-3509
3510,exp,3509,,7,49.0,2,49,256,Vector,3511,False,0,45,,-3510
3511,reduce_sum,3510,,8,49.0,2,49,1,Scalar,3528,False,0,0,,-3511
3512,sub,3486,3502,6,49.0,3,49,256,Vector,"3513, 3541",False,0,46,,-3512
3513,exp,3512,,7,49.0,3,49,256,Vector,3514,False,0,47,,-3513
3514,reduce_sum,3513,,8,49.0,3,49,1,Scalar,3528,False,0,1,,-3514
3515,sub,3488,3502,6,49.0,4,49,256,Vector,"3516, 3543",False,0,48,,-3515
3516,exp,3515,,7,49.0,4,49,256,Vector,3517,False,0,49,,-3516
3517,reduce_sum,3516,,8,49.0,4,49,1,Scalar,3529,False,0,2,,-3517
3518,sub,3490,3502,6,49.0,5,49,256,Vector,"3519, 3545",False,0,50,,-3518
3519,exp,3518,,7,49.0,5,49,256,Vector,3520,False,0,51,,-3519
3520,reduce_sum,3519,,8,49.0,5,49,1,Scalar,3529,False,0,3,,-3520
3521,sub,3492,3502,6,49.0,6,49,256,Vector,"3522, 3547",False,0,52,,-3521
3522,exp,3521,,7,49.0,6,49,256,Vector,3523,False,0,53,,-3522
3523,reduce_sum,3522,,8,49.0,6,49,1,Scalar,3530,False,0,4,,-3523
3524,sub,3494,3502,6,49.0,7,49,256,Vector,"3525, 3549",False,0,54,,-3524
3525,exp,3524,,7,49.0,7,49,256,Vector,3526,False,0,55,,-3525
3526,reduce_sum,3525,,8,49.0,7,49,1,Scalar,3530,False,0,5,,-3526
3527,add,3505,3508,9,49.0,,49,1,Scalar,3531,False,0,6,,-3527
3528,add,3511,3514,9,49.0,,49,1,Scalar,3531,False,0,7,,-3528
3529,add,3517,3520,9,49.0,,49,1,Scalar,3532,False,0,8,,-3529
3530,add,3523,3526,9,49.0,,49,1,Scalar,3532,False,0,9,,-3530
3531,add,3527,3528,10,49.0,,49,1,Scalar,3533,False,0,10,,-3531
3532,add,3529,3530,10,49.0,,49,1,Scalar,3533,False,0,11,,-3532
3533,add,3531,3532,11,49.0,,49,1,Scalar,3534,False,0,12,,-3533
3534,ln,3533,,12,49.0,,49,1,Scalar,"3535, 3537, 3539, 3541, 3543, 3545, 3547, 3549",False,0,13,,-3534
3535,sub,3503,3534,13,49.0,0,49,256,Vector,3536,False,0,56,,-3535
3536,store,3535,392,14,49.0,0,49,256,Vector,,False,0,,392,-3536
3537,sub,3506,3534,13,49.0,1,49,256,Vector,3538,False,0,57,,-3537
3538,store,3537,393,14,49.0,1,49,256,Vector,,False,0,,393,-3538
3539,sub,3509,3534,13,49.0,2,49,256,Vector,3540,False,0,58,,-3539
3540,store,3539,394,14,49.0,2,49,256,Vector,,False,0,,394,-3540
3541,sub,3512,3534,13,49.0,3,49,256,Vector,3542,False,0,59,,-3541
3542,store,3541,395,14,49.0,3,49,256,Vector,,False,0,,395,-3542
3543,sub,3515,3534,13,49.0,4,49,256,Vector,3544,False,0,60,,-3543
3544,store,3543,396,14,49.0,4,49,256,Vector,,False,0,,396,-3544
3545,sub,3518,3534,13,49.0,5,49,256,Vector,3546,False,0,61,,-3545
3546,store,3545,397,14,49.0,5,49,256,Vector,,False,0,,397,-3546
3547,sub,3521,3534,13,49.0,6,49,256,Vector,3548,False,0,62,,-3547
3548,store,3547,398,14,49.0,6,49,256,Vector,,False,0,,398,-3548
3549,sub,3524,3534,13,49.0,7,49,256,Vector,3550,False,0,63,,-3549
3550,store,3549,399,14,49.0,7,49,256,Vector,,False,0,,399,-3550
3551,load,400,,1,50.0,0,50,256,Vector,"3552, 3574",True,0,64,400,-3551
3552,reduce_max,3551,,2,50.0,0,50,1,Scalar,3567,False,0,14,,-3552
3553,load,401,,1,50.0,1,50,256,Vector,"3554, 3577",True,0,65,401,-3553
3554,reduce_max,3553,,2,50.0,1,50,1,Scalar,3567,False,0,15,,-3554
3555,load,402,,1,50.0,2,50,256,Vector,"3556, 3580",True,0,66,402,-3555
3556,reduce_max,3555,,2,50.0,2,50,1,Scalar,3568,False,0,16,,-3556
3557,load,403,,1,50.0,3,50,256,Vector,"3558, 3583",True,0,67,403,-3557
3558,reduce_max,3557,,2,50.0,3,50,1,Scalar,3568,False,0,17,,-3558
3559,load,404,,1,50.0,4,50,256,Vector,"3560, 3586",True,0,68,404,-3559
3560,reduce_max,3559,,2,50.0,4,50,1,Scalar,3569,False,0,18,,-3560
3561,load,405,,1,50.0,5,50,256,Vector,"3562, 3589",True,0,69,405,-3561
3562,reduce_max,3561,,2,50.0,5,50,1,Scalar,3569,False,0,19,,-3562
3563,load,406,,1,50.0,6,50,256,Vector,"3564, 3592",True,0,70,406,-3563
3564,reduce_max,3563,,2,50.0,6,50,1,Scalar,3570,False,0,20,,-3564
3565,load,407,,1,50.0,7,50,256,Vector,"3566, 3595",True,0,71,407,-3565
3566,reduce_max,3565,,2,50.0,7,50,1,Scalar,3570,False,0,21,,-3566
3567,max,3552,3554,3,50.0,,50,1,Scalar,3571,False,0,22,,-3567
3568,max,3556,3558,3,50.0,,50,1,Scalar,3571,False,0,23,,-3568
3569,max,3560,3562,3,50.0,,50,1,Scalar,3572,False,0,24,,-3569
3570,max,3564,3566,3,50.0,,50,1,Scalar,3572,False,0,25,,-3570
3571,max,3567,3568,4,50.0,,50,1,Scalar,3573,False,0,26,,-3571
3572,max,3569,3570,4,50.0,,50,1,Scalar,3573,False,0,27,,-3572
3573,max,3571,3572,5,50.0,,50,1,Scalar,"3574, 3577, 3580, 3583, 3586, 3589, 3592, 3595",False,0,28,,-3573
3574,sub,3551,3573,6,50.0,0,50,256,Vector,"3575, 3606",False,0,72,,-3574
3575,exp,3574,,7,50.0,0,50,256,Vector,3576,False,0,73,,-3575
3576,reduce_sum,3575,,8,50.0,0,50,1,Scalar,3598,False,0,29,,-3576
3577,sub,3553,3573,6,50.0,1,50,256,Vector,"3578, 3608",False,0,74,,-3577
3578,exp,3577,,7,50.0,1,50,256,Vector,3579,False,0,75,,-3578
3579,reduce_sum,3578,,8,50.0,1,50,1,Scalar,3598,False,0,30,,-3579
3580,sub,3555,3573,6,50.0,2,50,256,Vector,"3581, 3610",False,0,76,,-3580
3581,exp,3580,,7,50.0,2,50,256,Vector,3582,False,0,77,,-3581
3582,reduce_sum,3581,,8,50.0,2,50,1,Scalar,3599,False,0,31,,-3582
3583,sub,3557,3573,6,50.0,3,50,256,Vector,"3584, 3612",False,0,78,,-3583
3584,exp,3583,,7,50.0,3,50,256,Vector,3585,False,0,79,,-3584
3585,reduce_sum,3584,,8,50.0,3,50,1,Scalar,3599,False,0,32,,-3585
3586,sub,3559,3573,6,50.0,4,50,256,Vector,"3587, 3614",False,0,80,,-3586
3587,exp,3586,,7,50.0,4,50,256,Vector,3588,False,0,81,,-3587
3588,reduce_sum,3587,,8,50.0,4,50,1,Scalar,3600,False,0,33,,-3588
3589,sub,3561,3573,6,50.0,5,50,256,Vector,"3590, 3616",False,0,82,,-3589
3590,exp,3589,,7,50.0,5,50,256,Vector,3591,False,0,83,,-3590
3591,reduce_sum,3590,,8,50.0,5,50,1,Scalar,3600,False,0,34,,-3591
3592,sub,3563,3573,6,50.0,6,50,256,Vector,"3593, 3618",False,0,84,,-3592
3593,exp,3592,,7,50.0,6,50,256,Vector,3594,False,0,85,,-3593
3594,reduce_sum,3593,,8,50.0,6,50,1,Scalar,3601,False,0,35,,-3594
3595,sub,3565,3573,6,50.0,7,50,256,Vector,"3596, 3620",False,0,86,,-3595
3596,exp,3595,,7,50.0,7,50,256,Vector,3597,False,0,87,,-3596
3597,reduce_sum,3596,,8,50.0,7,50,1,Scalar,3601,False,0,36,,-3597
3598,add,3576,3579,9,50.0,,50,1,Scalar,3602,False,0,37,,-3598
3599,add,3582,3585,9,50.0,,50,1,Scalar,3602,False,0,38,,-3599
3600,add,3588,3591,9,50.0,,50,1,Scalar,3603,False,0,39,,-3600
3601,add,3594,3597,9,50.0,,50,1,Scalar,3603,False,0,40,,-3601
3602,add,3598,3599,10,50.0,,50,1,Scalar,3604,False,0,41,,-3602
3603,add,3600,3601,10,50.0,,50,1,Scalar,3604,False,0,42,,-3603
3604,add,3602,3603,11,50.0,,50,1,Scalar,3605,False,0,43,,-3604
3605,ln,3604,,12,50.0,,50,1,Scalar,"3606, 3608, 3610, 3612, 3614, 3616, 3618, 3620",False,0,44,,-3605
3606,sub,3574,3605,13,50.0,0,50,256,Vector,3607,False,0,88,,-3606
3607,store,3606,400,14,50.0,0,50,256,Vector,,False,0,,400,-3607
3608,sub,3577,3605,13,50.0,1,50,256,Vector,3609,False,0,89,,-3608
3609,store,3608,401,14,50.0,1,50,256,Vector,,False,0,,401,-3609
3610,sub,3580,3605,13,50.0,2,50,256,Vector,3611,False,0,90,,-3610
3611,store,3610,402,14,50.0,2,50,256,Vector,,False,0,,402,-3611
3612,sub,3583,3605,13,50.0,3,50,256,Vector,3613,False,0,91,,-3612
3613,store,3612,403,14,50.0,3,50,256,Vector,,False,0,,403,-3613
3614,sub,3586,3605,13,50.0,4,50,256,Vector,3615,False,0,92,,-3614
3615,store,3614,404,14,50.0,4,50,256,Vector,,False,0,,404,-3615
3616,sub,3589,3605,13,50.0,5,50,256,Vector,3617,False,0,93,,-3616
3617,store,3616,405,14,50.0,5,50,256,Vector,,False,0,,405,-3617
3618,sub,3592,3605,13,50.0,6,50,256,Vector,3619,False,0,94,,-3618
3619,store,3618,406,14,50.0,6,50,256,Vector,,False,0,,406,-3619
3620,sub,3595,3605,13,50.0,7,50,256,Vector,3621,False,0,95,,-3620
3621,store,3620,407,14,50.0,7,50,256,Vector,,False,0,,407,-3621
3622,load,408,,1,51.0,0,51,256,Vector,"3623, 3645",True,0,96,408,-3622
3623,reduce_max,3622,,2,51.0,0,51,1,Scalar,3638,False,0,45,,-3623
3624,load,409,,1,51.0,1,51,256,Vector,"3625, 3648",True,0,97,409,-3624
3625,reduce_max,3624,,2,51.0,1,51,1,Scalar,3638,False,0,46,,-3625
3626,load,410,,1,51.0,2,51,256,Vector,"3627, 3651",True,0,98,410,-3626
3627,reduce_max,3626,,2,51.0,2,51,1,Scalar,3639,False,0,47,,-3627
3628,load,411,,1,51.0,3,51,256,Vector,"3629, 3654",True,0,99,411,-3628
3629,reduce_max,3628,,2,51.0,3,51,1,Scalar,3639,False,0,48,,-3629
3630,load,412,,1,51.0,4,51,256,Vector,"3631, 3657",True,0,100,412,-3630
3631,reduce_max,3630,,2,51.0,4,51,1,Scalar,3640,False,0,49,,-3631
3632,load,413,,1,51.0,5,51,256,Vector,"3633, 3660",True,0,101,413,-3632
3633,reduce_max,3632,,2,51.0,5,51,1,Scalar,3640,False,0,50,,-3633
3634,load,414,,1,51.0,6,51,256,Vector,"3635, 3663",True,0,102,414,-3634
3635,reduce_max,3634,,2,51.0,6,51,1,Scalar,3641,False,0,51,,-3635
3636,load,415,,1,51.0,7,51,256,Vector,"3637, 3666",True,0,103,415,-3636
3637,reduce_max,3636,,2,51.0,7,51,1,Scalar,3641,False,0,52,,-3637
3638,max,3623,3625,3,51.0,,51,1,Scalar,3642,False,0,53,,-3638
3639,max,3627,3629,3,51.0,,51,1,Scalar,3642,False,0,54,,-3639
3640,max,3631,3633,3,51.0,,51,1,Scalar,3643,False,0,55,,-3640
3641,max,3635,3637,3,51.0,,51,1,Scalar,3643,False,0,56,,-3641
3642,max,3638,3639,4,51.0,,51,1,Scalar,3644,False,0,57,,-3642
3643,max,3640,3641,4,51.0,,51,1,Scalar,3644,False,0,58,,-3643
3644,max,3642,3643,5,51.0,,51,1,Scalar,"3645, 3648, 3651, 3654, 3657, 3660, 3663, 3666",False,0,59,,-3644
3645,sub,3622,3644,6,51.0,0,51,256,Vector,"3646, 3677",False,0,104,,-3645
3646,exp,3645,,7,51.0,0,51,256,Vector,3647,False,0,105,,-3646
3647,reduce_sum,3646,,8,51.0,0,51,1,Scalar,3669,False,0,60,,-3647
3648,sub,3624,3644,6,51.0,1,51,256,Vector,"3649, 3679",False,0,106,,-3648
3649,exp,3648,,7,51.0,1,51,256,Vector,3650,False,0,107,,-3649
3650,reduce_sum,3649,,8,51.0,1,51,1,Scalar,3669,False,0,61,,-3650
3651,sub,3626,3644,6,51.0,2,51,256,Vector,"3652, 3681",False,0,108,,-3651
3652,exp,3651,,7,51.0,2,51,256,Vector,3653,False,0,109,,-3652
3653,reduce_sum,3652,,8,51.0,2,51,1,Scalar,3670,False,0,62,,-3653
3654,sub,3628,3644,6,51.0,3,51,256,Vector,"3655, 3683",False,0,110,,-3654
3655,exp,3654,,7,51.0,3,51,256,Vector,3656,False,0,111,,-3655
3656,reduce_sum,3655,,8,51.0,3,51,1,Scalar,3670,False,0,63,,-3656
3657,sub,3630,3644,6,51.0,4,51,256,Vector,"3658, 3685",False,0,112,,-3657
3658,exp,3657,,7,51.0,4,51,256,Vector,3659,False,0,113,,-3658
3659,reduce_sum,3658,,8,51.0,4,51,1,Scalar,3671,False,0,64,,-3659
3660,sub,3632,3644,6,51.0,5,51,256,Vector,"3661, 3687",False,0,114,,-3660
3661,exp,3660,,7,51.0,5,51,256,Vector,3662,False,0,115,,-3661
3662,reduce_sum,3661,,8,51.0,5,51,1,Scalar,3671,False,0,65,,-3662
3663,sub,3634,3644,6,51.0,6,51,256,Vector,"3664, 3689",False,0,116,,-3663
3664,exp,3663,,7,51.0,6,51,256,Vector,3665,False,0,117,,-3664
3665,reduce_sum,3664,,8,51.0,6,51,1,Scalar,3672,False,0,66,,-3665
3666,sub,3636,3644,6,51.0,7,51,256,Vector,"3667, 3691",False,0,118,,-3666
3667,exp,3666,,7,51.0,7,51,256,Vector,3668,False,0,119,,-3667
3668,reduce_sum,3667,,8,51.0,7,51,1,Scalar,3672,False,0,67,,-3668
3669,add,3647,3650,9,51.0,,51,1,Scalar,3673,False,0,68,,-3669
3670,add,3653,3656,9,51.0,,51,1,Scalar,3673,False,0,69,,-3670
3671,add,3659,3662,9,51.0,,51,1,Scalar,3674,False,0,70,,-3671
3672,add,3665,3668,9,51.0,,51,1,Scalar,3674,False,0,71,,-3672
3673,add,3669,3670,10,51.0,,51,1,Scalar,3675,False,0,72,,-3673
3674,add,3671,3672,10,51.0,,51,1,Scalar,3675,False,0,73,,-3674
3675,add,3673,3674,11,51.0,,51,1,Scalar,3676,False,0,74,,-3675
3676,ln,3675,,12,51.0,,51,1,Scalar,"3677, 3679, 3681, 3683, 3685, 3687, 3689, 3691",False,0,75,,-3676
3677,sub,3645,3676,13,51.0,0,51,256,Vector,3678,False,0,120,,-3677
3678,store,3677,408,14,51.0,0,51,256,Vector,,False,0,,408,-3678
3679,sub,3648,3676,13,51.0,1,51,256,Vector,3680,False,0,121,,-3679
3680,store,3679,409,14,51.0,1,51,256,Vector,,False,0,,409,-3680
3681,sub,3651,3676,13,51.0,2,51,256,Vector,3682,False,0,122,,-3681
3682,store,3681,410,14,51.0,2,51,256,Vector,,False,0,,410,-3682
3683,sub,3654,3676,13,51.0,3,51,256,Vector,3684,False,0,123,,-3683
3684,store,3683,411,14,51.0,3,51,256,Vector,,False,0,,411,-3684
3685,sub,3657,3676,13,51.0,4,51,256,Vector,3686,False,0,124,,-3685
3686,store,3685,412,14,51.0,4,51,256,Vector,,False,0,,412,-3686
3687,sub,3660,3676,13,51.0,5,51,256,Vector,3688,False,0,125,,-3687
3688,store,3687,413,14,51.0,5,51,256,Vector,,False,0,,413,-3688
3689,sub,3663,3676,13,51.0,6,51,256,Vector,3690,False,0,126,,-3689
3690,store,3689,414,14,51.0,6,51,256,Vector,,False,0,,414,-3690
3691,sub,3666,3676,13,51.0,7,51,256,Vector,3692,False,0,127,,-3691
3692,store,3691,415,14,51.0,7,51,256,Vector,,False,0,,415,-3692
3693,load,416,,1,52.0,0,52,256,Vector,"3694, 3716",True,0,128,416,-3693
3694,reduce_max,3693,,2,52.0,0,52,1,Scalar,3709,False,0,76,,-3694
3695,load,417,,1,52.0,1,52,256,Vector,"3696, 3719",True,0,129,417,-3695
3696,reduce_max,3695,,2,52.0,1,52,1,Scalar,3709,False,0,77,,-3696
3697,load,418,,1,52.0,2,52,256,Vector,"3698, 3722",True,0,130,418,-3697
3698,reduce_max,3697,,2,52.0,2,52,1,Scalar,3710,False,0,78,,-3698
3699,load,419,,1,52.0,3,52,256,Vector,"3700, 3725",True,0,131,419,-3699
3700,reduce_max,3699,,2,52.0,3,52,1,Scalar,3710,False,0,79,,-3700
3701,load,420,,1,52.0,4,52,256,Vector,"3702, 3728",True,0,132,420,-3701
3702,reduce_max,3701,,2,52.0,4,52,1,Scalar,3711,False,0,80,,-3702
3703,load,421,,1,52.0,5,52,256,Vector,"3704, 3731",True,0,133,421,-3703
3704,reduce_max,3703,,2,52.0,5,52,1,Scalar,3711,False,0,81,,-3704
3705,load,422,,1,52.0,6,52,256,Vector,"3706, 3734",True,0,134,422,-3705
3706,reduce_max,3705,,2,52.0,6,52,1,Scalar,3712,False,0,82,,-3706
3707,load,423,,1,52.0,7,52,256,Vector,"3708, 3737",True,0,135,423,-3707
3708,reduce_max,3707,,2,52.0,7,52,1,Scalar,3712,False,0,83,,-3708
3709,max,3694,3696,3,52.0,,52,1,Scalar,3713,False,0,84,,-3709
3710,max,3698,3700,3,52.0,,52,1,Scalar,3713,False,0,85,,-3710
3711,max,3702,3704,3,52.0,,52,1,Scalar,3714,False,0,86,,-3711
3712,max,3706,3708,3,52.0,,52,1,Scalar,3714,False,0,87,,-3712
3713,max,3709,3710,4,52.0,,52,1,Scalar,3715,False,0,88,,-3713
3714,max,3711,3712,4,52.0,,52,1,Scalar,3715,False,0,89,,-3714
3715,max,3713,3714,5,52.0,,52,1,Scalar,"3716, 3719, 3722, 3725, 3728, 3731, 3734, 3737",False,0,90,,-3715
3716,sub,3693,3715,6,52.0,0,52,256,Vector,"3717, 3748",False,0,136,,-3716
3717,exp,3716,,7,52.0,0,52,256,Vector,3718,False,0,137,,-3717
3718,reduce_sum,3717,,8,52.0,0,52,1,Scalar,3740,False,0,91,,-3718
3719,sub,3695,3715,6,52.0,1,52,256,Vector,"3720, 3750",False,0,138,,-3719
3720,exp,3719,,7,52.0,1,52,256,Vector,3721,False,0,139,,-3720
3721,reduce_sum,3720,,8,52.0,1,52,1,Scalar,3740,False,0,92,,-3721
3722,sub,3697,3715,6,52.0,2,52,256,Vector,"3723, 3752",False,0,140,,-3722
3723,exp,3722,,7,52.0,2,52,256,Vector,3724,False,0,141,,-3723
3724,reduce_sum,3723,,8,52.0,2,52,1,Scalar,3741,False,0,93,,-3724
3725,sub,3699,3715,6,52.0,3,52,256,Vector,"3726, 3754",False,0,142,,-3725
3726,exp,3725,,7,52.0,3,52,256,Vector,3727,False,0,143,,-3726
3727,reduce_sum,3726,,8,52.0,3,52,1,Scalar,3741,False,0,94,,-3727
3728,sub,3701,3715,6,52.0,4,52,256,Vector,"3729, 3756",False,0,144,,-3728
3729,exp,3728,,7,52.0,4,52,256,Vector,3730,False,0,145,,-3729
3730,reduce_sum,3729,,8,52.0,4,52,1,Scalar,3742,False,0,95,,-3730
3731,sub,3703,3715,6,52.0,5,52,256,Vector,"3732, 3758",False,0,146,,-3731
3732,exp,3731,,7,52.0,5,52,256,Vector,3733,False,0,147,,-3732
3733,reduce_sum,3732,,8,52.0,5,52,1,Scalar,3742,False,0,96,,-3733
3734,sub,3705,3715,6,52.0,6,52,256,Vector,"3735, 3760",False,0,148,,-3734
3735,exp,3734,,7,52.0,6,52,256,Vector,3736,False,0,149,,-3735
3736,reduce_sum,3735,,8,52.0,6,52,1,Scalar,3743,False,0,97,,-3736
3737,sub,3707,3715,6,52.0,7,52,256,Vector,"3738, 3762",False,0,150,,-3737
3738,exp,3737,,7,52.0,7,52,256,Vector,3739,False,0,151,,-3738
3739,reduce_sum,3738,,8,52.0,7,52,1,Scalar,3743,False,0,98,,-3739
3740,add,3718,3721,9,52.0,,52,1,Scalar,3744,False,0,99,,-3740
3741,add,3724,3727,9,52.0,,52,1,Scalar,3744,False,0,100,,-3741
3742,add,3730,3733,9,52.0,,52,1,Scalar,3745,False,0,101,,-3742
3743,add,3736,3739,9,52.0,,52,1,Scalar,3745,False,0,102,,-3743
3744,add,3740,3741,10,52.0,,52,1,Scalar,3746,False,0,103,,-3744
3745,add,3742,3743,10,52.0,,52,1,Scalar,3746,False,0,104,,-3745
3746,add,3744,3745,11,52.0,,52,1,Scalar,3747,False,0,105,,-3746
3747,ln,3746,,12,52.0,,52,1,Scalar,"3748, 3750, 3752, 3754, 3756, 3758, 3760, 3762",False,0,106,,-3747
3748,sub,3716,3747,13,52.0,0,52,256,Vector,3749,False,0,152,,-3748
3749,store,3748,416,14,52.0,0,52,256,Vector,,False,0,,416,-3749
3750,sub,3719,3747,13,52.0,1,52,256,Vector,3751,False,0,153,,-3750
3751,store,3750,417,14,52.0,1,52,256,Vector,,False,0,,417,-3751
3752,sub,3722,3747,13,52.0,2,52,256,Vector,3753,False,0,154,,-3752
3753,store,3752,418,14,52.0,2,52,256,Vector,,False,0,,418,-3753
3754,sub,3725,3747,13,52.0,3,52,256,Vector,3755,False,0,155,,-3754
3755,store,3754,419,14,52.0,3,52,256,Vector,,False,0,,419,-3755
3756,sub,3728,3747,13,52.0,4,52,256,Vector,3757,False,0,156,,-3756
3757,store,3756,420,14,52.0,4,52,256,Vector,,False,0,,420,-3757
3758,sub,3731,3747,13,52.0,5,52,256,Vector,3759,False,0,157,,-3758
3759,store,3758,421,14,52.0,5,52,256,Vector,,False,0,,421,-3759
3760,sub,3734,3747,13,52.0,6,52,256,Vector,3761,False,0,158,,-3760
3761,store,3760,422,14,52.0,6,52,256,Vector,,False,0,,422,-3761
3762,sub,3737,3747,13,52.0,7,52,256,Vector,3763,False,0,159,,-3762
3763,store,3762,423,14,52.0,7,52,256,Vector,,False,0,,423,-3763
3764,load,424,,1,53.0,0,53,256,Vector,"3765, 3787",True,0,160,424,-3764
3765,reduce_max,3764,,2,53.0,0,53,1,Scalar,3780,False,0,107,,-3765
3766,load,425,,1,53.0,1,53,256,Vector,"3767, 3790",True,0,161,425,-3766
3767,reduce_max,3766,,2,53.0,1,53,1,Scalar,3780,False,0,108,,-3767
3768,load,426,,1,53.0,2,53,256,Vector,"3769, 3793",True,0,162,426,-3768
3769,reduce_max,3768,,2,53.0,2,53,1,Scalar,3781,False,0,109,,-3769
3770,load,427,,1,53.0,3,53,256,Vector,"3771, 3796",True,0,163,427,-3770
3771,reduce_max,3770,,2,53.0,3,53,1,Scalar,3781,False,0,110,,-3771
3772,load,428,,1,53.0,4,53,256,Vector,"3773, 3799",True,0,164,428,-3772
3773,reduce_max,3772,,2,53.0,4,53,1,Scalar,3782,False,0,111,,-3773
3774,load,429,,1,53.0,5,53,256,Vector,"3775, 3802",True,0,165,429,-3774
3775,reduce_max,3774,,2,53.0,5,53,1,Scalar,3782,False,0,112,,-3775
3776,load,430,,1,53.0,6,53,256,Vector,"3777, 3805",True,0,166,430,-3776
3777,reduce_max,3776,,2,53.0,6,53,1,Scalar,3783,False,0,113,,-3777
3778,load,431,,1,53.0,7,53,256,Vector,"3779, 3808",True,0,167,431,-3778
3779,reduce_max,3778,,2,53.0,7,53,1,Scalar,3783,False,0,114,,-3779
3780,max,3765,3767,3,53.0,,53,1,Scalar,3784,False,0,115,,-3780
3781,max,3769,3771,3,53.0,,53,1,Scalar,3784,False,0,116,,-3781
3782,max,3773,3775,3,53.0,,53,1,Scalar,3785,False,0,117,,-3782
3783,max,3777,3779,3,53.0,,53,1,Scalar,3785,False,0,118,,-3783
3784,max,3780,3781,4,53.0,,53,1,Scalar,3786,False,0,119,,-3784
3785,max,3782,3783,4,53.0,,53,1,Scalar,3786,False,0,120,,-3785
3786,max,3784,3785,5,53.0,,53,1,Scalar,"3787, 3790, 3793, 3796, 3799, 3802, 3805, 3808",False,0,121,,-3786
3787,sub,3764,3786,6,53.0,0,53,256,Vector,"3788, 3819",False,0,168,,-3787
3788,exp,3787,,7,53.0,0,53,256,Vector,3789,False,0,169,,-3788
3789,reduce_sum,3788,,8,53.0,0,53,1,Scalar,3811,False,0,122,,-3789
3790,sub,3766,3786,6,53.0,1,53,256,Vector,"3791, 3821",False,0,170,,-3790
3791,exp,3790,,7,53.0,1,53,256,Vector,3792,False,0,171,,-3791
3792,reduce_sum,3791,,8,53.0,1,53,1,Scalar,3811,False,0,123,,-3792
3793,sub,3768,3786,6,53.0,2,53,256,Vector,"3794, 3823",False,0,172,,-3793
3794,exp,3793,,7,53.0,2,53,256,Vector,3795,False,0,173,,-3794
3795,reduce_sum,3794,,8,53.0,2,53,1,Scalar,3812,False,0,124,,-3795
3796,sub,3770,3786,6,53.0,3,53,256,Vector,"3797, 3825",False,0,174,,-3796
3797,exp,3796,,7,53.0,3,53,256,Vector,3798,False,0,175,,-3797
3798,reduce_sum,3797,,8,53.0,3,53,1,Scalar,3812,False,0,125,,-3798
3799,sub,3772,3786,6,53.0,4,53,256,Vector,"3800, 3827",False,0,176,,-3799
3800,exp,3799,,7,53.0,4,53,256,Vector,3801,False,0,177,,-3800
3801,reduce_sum,3800,,8,53.0,4,53,1,Scalar,3813,False,0,126,,-3801
3802,sub,3774,3786,6,53.0,5,53,256,Vector,"3803, 3829",False,0,178,,-3802
3803,exp,3802,,7,53.0,5,53,256,Vector,3804,False,0,179,,-3803
3804,reduce_sum,3803,,8,53.0,5,53,1,Scalar,3813,False,0,127,,-3804
3805,sub,3776,3786,6,53.0,6,53,256,Vector,"3806, 3831",False,0,180,,-3805
3806,exp,3805,,7,53.0,6,53,256,Vector,3807,False,0,181,,-3806
3807,reduce_sum,3806,,8,53.0,6,53,1,Scalar,3814,False,0,128,,-3807
3808,sub,3778,3786,6,53.0,7,53,256,Vector,"3809, 3833",False,0,182,,-3808
3809,exp,3808,,7,53.0,7,53,256,Vector,3810,False,0,183,,-3809
3810,reduce_sum,3809,,8,53.0,7,53,1,Scalar,3814,False,0,129,,-3810
3811,add,3789,3792,9,53.0,,53,1,Scalar,3815,False,0,130,,-3811
3812,add,3795,3798,9,53.0,,53,1,Scalar,3815,False,0,131,,-3812
3813,add,3801,3804,9,53.0,,53,1,Scalar,3816,False,0,132,,-3813
3814,add,3807,3810,9,53.0,,53,1,Scalar,3816,False,0,133,,-3814
3815,add,3811,3812,10,53.0,,53,1,Scalar,3817,False,0,134,,-3815
3816,add,3813,3814,10,53.0,,53,1,Scalar,3817,False,0,135,,-3816
3817,add,3815,3816,11,53.0,,53,1,Scalar,3818,False,0,136,,-3817
3818,ln,3817,,12,53.0,,53,1,Scalar,"3819, 3821, 3823, 3825, 3827, 3829, 3831, 3833",False,0,137,,-3818
3819,sub,3787,3818,13,53.0,0,53,256,Vector,3820,False,0,184,,-3819
3820,store,3819,424,14,53.0,0,53,256,Vector,,False,0,,424,-3820
3821,sub,3790,3818,13,53.0,1,53,256,Vector,3822,False,0,185,,-3821
3822,store,3821,425,14,53.0,1,53,256,Vector,,False,0,,425,-3822
3823,sub,3793,3818,13,53.0,2,53,256,Vector,3824,False,0,186,,-3823
3824,store,3823,426,14,53.0,2,53,256,Vector,,False,0,,426,-3824
3825,sub,3796,3818,13,53.0,3,53,256,Vector,3826,False,0,187,,-3825
3826,store,3825,427,14,53.0,3,53,256,Vector,,False,0,,427,-3826
3827,sub,3799,3818,13,53.0,4,53,256,Vector,3828,False,0,188,,-3827
3828,store,3827,428,14,53.0,4,53,256,Vector,,False,0,,428,-3828
3829,sub,3802,3818,13,53.0,5,53,256,Vector,3830,False,0,189,,-3829
3830,store,3829,429,14,53.0,5,53,256,Vector,,False,0,,429,-3830
3831,sub,3805,3818,13,53.0,6,53,256,Vector,3832,False,0,190,,-3831
3832,store,3831,430,14,53.0,6,53,256,Vector,,False,0,,430,-3832
3833,sub,3808,3818,13,53.0,7,53,256,Vector,3834,False,0,191,,-3833
3834,store,3833,431,14,53.0,7,53,256,Vector,,False,0,,431,-3834
3835,load,432,,1,54.0,0,54,256,Vector,"3836, 3858",True,0,192,432,-3835
3836,reduce_max,3835,,2,54.0,0,54,1,Scalar,3851,False,0,138,,-3836
3837,load,433,,1,54.0,1,54,256,Vector,"3838, 3861",True,0,193,433,-3837
3838,reduce_max,3837,,2,54.0,1,54,1,Scalar,3851,False,0,139,,-3838
3839,load,434,,1,54.0,2,54,256,Vector,"3840, 3864",True,0,194,434,-3839
3840,reduce_max,3839,,2,54.0,2,54,1,Scalar,3852,False,0,140,,-3840
3841,load,435,,1,54.0,3,54,256,Vector,"3842, 3867",True,0,195,435,-3841
3842,reduce_max,3841,,2,54.0,3,54,1,Scalar,3852,False,0,141,,-3842
3843,load,436,,1,54.0,4,54,256,Vector,"3844, 3870",True,0,196,436,-3843
3844,reduce_max,3843,,2,54.0,4,54,1,Scalar,3853,False,0,142,,-3844
3845,load,437,,1,54.0,5,54,256,Vector,"3846, 3873",True,0,197,437,-3845
3846,reduce_max,3845,,2,54.0,5,54,1,Scalar,3853,False,0,143,,-3846
3847,load,438,,1,54.0,6,54,256,Vector,"3848, 3876",True,0,198,438,-3847
3848,reduce_max,3847,,2,54.0,6,54,1,Scalar,3854,False,0,144,,-3848
3849,load,439,,1,54.0,7,54,256,Vector,"3850, 3879",True,0,199,439,-3849
3850,reduce_max,3849,,2,54.0,7,54,1,Scalar,3854,False,0,145,,-3850
3851,max,3836,3838,3,54.0,,54,1,Scalar,3855,False,0,146,,-3851
3852,max,3840,3842,3,54.0,,54,1,Scalar,3855,False,0,147,,-3852
3853,max,3844,3846,3,54.0,,54,1,Scalar,3856,False,0,148,,-3853
3854,max,3848,3850,3,54.0,,54,1,Scalar,3856,False,0,149,,-3854
3855,max,3851,3852,4,54.0,,54,1,Scalar,3857,False,0,150,,-3855
3856,max,3853,3854,4,54.0,,54,1,Scalar,3857,False,0,151,,-3856
3857,max,3855,3856,5,54.0,,54,1,Scalar,"3858, 3861, 3864, 3867, 3870, 3873, 3876, 3879",False,0,152,,-3857
3858,sub,3835,3857,6,54.0,0,54,256,Vector,"3859, 3890",False,0,200,,-3858
3859,exp,3858,,7,54.0,0,54,256,Vector,3860,False,0,201,,-3859
3860,reduce_sum,3859,,8,54.0,0,54,1,Scalar,3882,False,0,153,,-3860
3861,sub,3837,3857,6,54.0,1,54,256,Vector,"3862, 3892",False,0,202,,-3861
3862,exp,3861,,7,54.0,1,54,256,Vector,3863,False,0,203,,-3862
3863,reduce_sum,3862,,8,54.0,1,54,1,Scalar,3882,False,0,154,,-3863
3864,sub,3839,3857,6,54.0,2,54,256,Vector,"3865, 3894",False,0,204,,-3864
3865,exp,3864,,7,54.0,2,54,256,Vector,3866,False,0,205,,-3865
3866,reduce_sum,3865,,8,54.0,2,54,1,Scalar,3883,False,0,155,,-3866
3867,sub,3841,3857,6,54.0,3,54,256,Vector,"3868, 3896",False,0,206,,-3867
3868,exp,3867,,7,54.0,3,54,256,Vector,3869,False,0,207,,-3868
3869,reduce_sum,3868,,8,54.0,3,54,1,Scalar,3883,False,0,156,,-3869
3870,sub,3843,3857,6,54.0,4,54,256,Vector,"3871, 3898",False,0,208,,-3870
3871,exp,3870,,7,54.0,4,54,256,Vector,3872,False,0,209,,-3871
3872,reduce_sum,3871,,8,54.0,4,54,1,Scalar,3884,False,0,157,,-3872
3873,sub,3845,3857,6,54.0,5,54,256,Vector,"3874, 3900",False,0,210,,-3873
3874,exp,3873,,7,54.0,5,54,256,Vector,3875,False,0,211,,-3874
3875,reduce_sum,3874,,8,54.0,5,54,1,Scalar,3884,False,0,158,,-3875
3876,sub,3847,3857,6,54.0,6,54,256,Vector,"3877, 3902",False,0,212,,-3876
3877,exp,3876,,7,54.0,6,54,256,Vector,3878,False,0,213,,-3877
3878,reduce_sum,3877,,8,54.0,6,54,1,Scalar,3885,False,0,159,,-3878
3879,sub,3849,3857,6,54.0,7,54,256,Vector,"3880, 3904",False,0,214,,-3879
3880,exp,3879,,7,54.0,7,54,256,Vector,3881,False,0,215,,-3880
3881,reduce_sum,3880,,8,54.0,7,54,1,Scalar,3885,False,0,160,,-3881
3882,add,3860,3863,9,54.0,,54,1,Scalar,3886,False,0,161,,-3882
3883,add,3866,3869,9,54.0,,54,1,Scalar,3886,False,0,162,,-3883
3884,add,3872,3875,9,54.0,,54,1,Scalar,3887,False,0,163,,-3884
3885,add,3878,3881,9,54.0,,54,1,Scalar,3887,False,0,164,,-3885
3886,add,3882,3883,10,54.0,,54,1,Scalar,3888,False,0,165,,-3886
3887,add,3884,3885,10,54.0,,54,1,Scalar,3888,False,0,166,,-3887
3888,add,3886,3887,11,54.0,,54,1,Scalar,3889,False,0,167,,-3888
3889,ln,3888,,12,54.0,,54,1,Scalar,"3890, 3892, 3894, 3896, 3898, 3900, 3902, 3904",False,0,168,,-3889
3890,sub,3858,3889,13,54.0,0,54,256,Vector,3891,False,0,216,,-3890
3891,store,3890,432,14,54.0,0,54,256,Vector,,False,0,,432,-3891
3892,sub,3861,3889,13,54.0,1,54,256,Vector,3893,False,0,217,,-3892
3893,store,3892,433,14,54.0,1,54,256,Vector,,False,0,,433,-3893
3894,sub,3864,3889,13,54.0,2,54,256,Vector,3895,False,0,218,,-3894
3895,store,3894,434,14,54.0,2,54,256,Vector,,False,0,,434,-3895
3896,sub,3867,3889,13,54.0,3,54,256,Vector,3897,False,0,219,,-3896
3897,store,3896,435,14,54.0,3,54,256,Vector,,False,0,,435,-3897
3898,sub,3870,3889,13,54.0,4,54,256,Vector,3899,False,0,220,,-3898
3899,store,3898,436,14,54.0,4,54,256,Vector,,False,0,,436,-3899
3900,sub,3873,3889,13,54.0,5,54,256,Vector,3901,False,0,221,,-3900
3901,store,3900,437,14,54.0,5,54,256,Vector,,False,0,,437,-3901
3902,sub,3876,3889,13,54.0,6,54,256,Vector,3903,False,0,222,,-3902
3903,store,3902,438,14,54.0,6,54,256,Vector,,False,0,,438,-3903
3904,sub,3879,3889,13,54.0,7,54,256,Vector,3905,False,0,223,,-3904
3905,store,3904,439,14,54.0,7,54,256,Vector,,False,0,,439,-3905
3906,load,440,,1,55.0,0,55,256,Vector,"3907, 3929",True,0,224,440,-3906
3907,reduce_max,3906,,2,55.0,0,55,1,Scalar,3922,False,0,169,,-3907
3908,load,441,,1,55.0,1,55,256,Vector,"3909, 3932",True,0,225,441,-3908
3909,reduce_max,3908,,2,55.0,1,55,1,Scalar,3922,False,0,170,,-3909
3910,load,442,,1,55.0,2,55,256,Vector,"3911, 3935",True,0,226,442,-3910
3911,reduce_max,3910,,2,55.0,2,55,1,Scalar,3923,False,0,171,,-3911
3912,load,443,,1,55.0,3,55,256,Vector,"3913, 3938",True,0,227,443,-3912
3913,reduce_max,3912,,2,55.0,3,55,1,Scalar,3923,False,0,172,,-3913
3914,load,444,,1,55.0,4,55,256,Vector,"3915, 3941",True,0,228,444,-3914
3915,reduce_max,3914,,2,55.0,4,55,1,Scalar,3924,False,0,173,,-3915
3916,load,445,,1,55.0,5,55,256,Vector,"3917, 3944",True,0,229,445,-3916
3917,reduce_max,3916,,2,55.0,5,55,1,Scalar,3924,False,0,174,,-3917
3918,load,446,,1,55.0,6,55,256,Vector,"3919, 3947",True,0,230,446,-3918
3919,reduce_max,3918,,2,55.0,6,55,1,Scalar,3925,False,0,175,,-3919
3920,load,447,,1,55.0,7,55,256,Vector,"3921, 3950",True,0,231,447,-3920
3921,reduce_max,3920,,2,55.0,7,55,1,Scalar,3925,False,0,176,,-3921
3922,max,3907,3909,3,55.0,,55,1,Scalar,3926,False,0,177,,-3922
3923,max,3911,3913,3,55.0,,55,1,Scalar,3926,False,0,178,,-3923
3924,max,3915,3917,3,55.0,,55,1,Scalar,3927,False,0,179,,-3924
3925,max,3919,3921,3,55.0,,55,1,Scalar,3927,False,0,180,,-3925
3926,max,3922,3923,4,55.0,,55,1,Scalar,3928,False,0,181,,-3926
3927,max,3924,3925,4,55.0,,55,1,Scalar,3928,False,0,182,,-3927
3928,max,3926,3927,5,55.0,,55,1,Scalar,"3929, 3932, 3935, 3938, 3941, 3944, 3947, 3950",False,0,183,,-3928
3929,sub,3906,3928,6,55.0,0,55,256,Vector,"3930, 3961",False,0,232,,-3929
3930,exp,3929,,7,55.0,0,55,256,Vector,3931,False,0,233,,-3930
3931,reduce_sum,3930,,8,55.0,0,55,1,Scalar,3953,False,0,184,,-3931
3932,sub,3908,3928,6,55.0,1,55,256,Vector,"3933, 3963",False,0,234,,-3932
3933,exp,3932,,7,55.0,1,55,256,Vector,3934,False,0,235,,-3933
3934,reduce_sum,3933,,8,55.0,1,55,1,Scalar,3953,False,0,185,,-3934
3935,sub,3910,3928,6,55.0,2,55,256,Vector,"3936, 3965",False,0,236,,-3935
3936,exp,3935,,7,55.0,2,55,256,Vector,3937,False,0,237,,-3936
3937,reduce_sum,3936,,8,55.0,2,55,1,Scalar,3954,False,0,186,,-3937
3938,sub,3912,3928,6,55.0,3,55,256,Vector,"3939, 3967",False,0,238,,-3938
3939,exp,3938,,7,55.0,3,55,256,Vector,3940,False,0,239,,-3939
3940,reduce_sum,3939,,8,55.0,3,55,1,Scalar,3954,False,0,187,,-3940
3941,sub,3914,3928,6,55.0,4,55,256,Vector,"3942, 3969",False,0,240,,-3941
3942,exp,3941,,7,55.0,4,55,256,Vector,3943,False,0,241,,-3942
3943,reduce_sum,3942,,8,55.0,4,55,1,Scalar,3955,False,0,188,,-3943
3944,sub,3916,3928,6,55.0,5,55,256,Vector,"3945, 3971",False,0,242,,-3944
3945,exp,3944,,7,55.0,5,55,256,Vector,3946,False,0,243,,-3945
3946,reduce_sum,3945,,8,55.0,5,55,1,Scalar,3955,False,0,189,,-3946
3947,sub,3918,3928,6,55.0,6,55,256,Vector,"3948, 3973",False,0,244,,-3947
3948,exp,3947,,7,55.0,6,55,256,Vector,3949,False,0,245,,-3948
3949,reduce_sum,3948,,8,55.0,6,55,1,Scalar,3956,False,0,190,,-3949
3950,sub,3920,3928,6,55.0,7,55,256,Vector,"3951, 3975",False,0,246,,-3950
3951,exp,3950,,7,55.0,7,55,256,Vector,3952,False,0,247,,-3951
3952,reduce_sum,3951,,8,55.0,7,55,1,Scalar,3956,False,0,191,,-3952
3953,add,3931,3934,9,55.0,,55,1,Scalar,3957,False,0,192,,-3953
3954,add,3937,3940,9,55.0,,55,1,Scalar,3957,False,0,193,,-3954
3955,add,3943,3946,9,55.0,,55,1,Scalar,3958,False,0,194,,-3955
3956,add,3949,3952,9,55.0,,55,1,Scalar,3958,False,0,195,,-3956
3957,add,3953,3954,10,55.0,,55,1,Scalar,3959,False,0,196,,-3957
3958,add,3955,3956,10,55.0,,55,1,Scalar,3959,False,0,197,,-3958
3959,add,3957,3958,11,55.0,,55,1,Scalar,3960,False,0,198,,-3959
3960,ln,3959,,12,55.0,,55,1,Scalar,"3961, 3963, 3965, 3967, 3969, 3971, 3973, 3975",False,0,199,,-3960
3961,sub,3929,3960,13,55.0,0,55,256,Vector,3962,False,0,248,,-3961
3962,store,3961,440,14,55.0,0,55,256,Vector,,False,0,,440,-3962
3963,sub,3932,3960,13,55.0,1,55,256,Vector,3964,False,0,249,,-3963
3964,store,3963,441,14,55.0,1,55,256,Vector,,False,0,,441,-3964
3965,sub,3935,3960,13,55.0,2,55,256,Vector,3966,False,0,250,,-3965
3966,store,3965,442,14,55.0,2,55,256,Vector,,False,0,,442,-3966
3967,sub,3938,3960,13,55.0,3,55,256,Vector,3968,False,0,251,,-3967
3968,store,3967,443,14,55.0,3,55,256,Vector,,False,0,,443,-3968
3969,sub,3941,3960,13,55.0,4,55,256,Vector,3970,False,0,252,,-3969
3970,store,3969,444,14,55.0,4,55,256,Vector,,False,0,,444,-3970
3971,sub,3944,3960,13,55.0,5,55,256,Vector,3972,False,0,253,,-3971
3972,store,3971,445,14,55.0,5,55,256,Vector,,False,0,,445,-3972
3973,sub,3947,3960,13,55.0,6,55,256,Vector,3974,False,0,254,,-3973
3974,store,3973,446,14,55.0,6,55,256,Vector,,False,0,,446,-3974
3975,sub,3950,3960,13,55.0,7,55,256,Vector,3976,False,0,255,,-3975
3976,store,3975,447,14,55.0,7,55,256,Vector,,False,0,,447,-3976
3977,load,448,,1,56.0,0,56,256,Vector,"3978, 4000",True,0,0,448,-3977
3978,reduce_max,3977,,2,56.0,0,56,1,Scalar,3993,False,0,200,,-3978
3979,load,449,,1,56.0,1,56,256,Vector,"3980, 4003",True,0,1,449,-3979
3980,reduce_max,3979,,2,56.0,1,56,1,Scalar,3993,False,0,201,,-3980
3981,load,450,,1,56.0,2,56,256,Vector,"3982, 4006",True,0,2,450,-3981
3982,reduce_max,3981,,2,56.0,2,56,1,Scalar,3994,False,0,202,,-3982
3983,load,451,,1,56.0,3,56,256,Vector,"3984, 4009",True,0,3,451,-3983
3984,reduce_max,3983,,2,56.0,3,56,1,Scalar,3994,False,0,203,,-3984
3985,load,452,,1,56.0,4,56,256,Vector,"3986, 4012",True,0,4,452,-3985
3986,reduce_max,3985,,2,56.0,4,56,1,Scalar,3995,False,0,204,,-3986
3987,load,453,,1,56.0,5,56,256,Vector,"3988, 4015",True,0,5,453,-3987
3988,reduce_max,3987,,2,56.0,5,56,1,Scalar,3995,False,0,205,,-3988
3989,load,454,,1,56.0,6,56,256,Vector,"3990, 4018",True,0,6,454,-3989
3990,reduce_max,3989,,2,56.0,6,56,1,Scalar,3996,False,0,206,,-3990
3991,load,455,,1,56.0,7,56,256,Vector,"3992, 4021",True,0,7,455,-3991
3992,reduce_max,3991,,2,56.0,7,56,1,Scalar,3996,False,0,207,,-3992
3993,max,3978,3980,3,56.0,,56,1,Scalar,3997,False,0,208,,-3993
3994,max,3982,3984,3,56.0,,56,1,Scalar,3997,False,0,209,,-3994
3995,max,3986,3988,3,56.0,,56,1,Scalar,3998,False,0,210,,-3995
3996,max,3990,3992,3,56.0,,56,1,Scalar,3998,False,0,211,,-3996
3997,max,3993,3994,4,56.0,,56,1,Scalar,3999,False,0,212,,-3997
3998,max,3995,3996,4,56.0,,56,1,Scalar,3999,False,0,213,,-3998
3999,max,3997,3998,5,56.0,,56,1,Scalar,"4000, 4003, 4006, 4009, 4012, 4015, 4018, 4021",False,0,214,,-3999
4000,sub,3977,3999,6,56.0,0,56,256,Vector,"4001, 4032",False,0,8,,-4000
4001,exp,4000,,7,56.0,0,56,256,Vector,4002,False,0,9,,-4001
4002,reduce_sum,4001,,8,56.0,0,56,1,Scalar,4024,False,0,215,,-4002
4003,sub,3979,3999,6,56.0,1,56,256,Vector,"4004, 4034",False,0,10,,-4003
4004,exp,4003,,7,56.0,1,56,256,Vector,4005,False,0,11,,-4004
4005,reduce_sum,4004,,8,56.0,1,56,1,Scalar,4024,False,0,216,,-4005
4006,sub,3981,3999,6,56.0,2,56,256,Vector,"4007, 4036",False,0,12,,-4006
4007,exp,4006,,7,56.0,2,56,256,Vector,4008,False,0,13,,-4007
4008,reduce_sum,4007,,8,56.0,2,56,1,Scalar,4025,False,0,217,,-4008
4009,sub,3983,3999,6,56.0,3,56,256,Vector,"4010, 4038",False,0,14,,-4009
4010,exp,4009,,7,56.0,3,56,256,Vector,4011,False,0,15,,-4010
4011,reduce_sum,4010,,8,56.0,3,56,1,Scalar,4025,False,0,218,,-4011
4012,sub,3985,3999,6,56.0,4,56,256,Vector,"4013, 4040",False,0,16,,-4012
4013,exp,4012,,7,56.0,4,56,256,Vector,4014,False,0,17,,-4013
4014,reduce_sum,4013,,8,56.0,4,56,1,Scalar,4026,False,0,219,,-4014
4015,sub,3987,3999,6,56.0,5,56,256,Vector,"4016, 4042",False,0,18,,-4015
4016,exp,4015,,7,56.0,5,56,256,Vector,4017,False,0,19,,-4016
4017,reduce_sum,4016,,8,56.0,5,56,1,Scalar,4026,False,0,220,,-4017
4018,sub,3989,3999,6,56.0,6,56,256,Vector,"4019, 4044",False,0,20,,-4018
4019,exp,4018,,7,56.0,6,56,256,Vector,4020,False,0,21,,-4019
4020,reduce_sum,4019,,8,56.0,6,56,1,Scalar,4027,False,0,221,,-4020
4021,sub,3991,3999,6,56.0,7,56,256,Vector,"4022, 4046",False,0,22,,-4021
4022,exp,4021,,7,56.0,7,56,256,Vector,4023,False,0,23,,-4022
4023,reduce_sum,4022,,8,56.0,7,56,1,Scalar,4027,False,0,222,,-4023
4024,add,4002,4005,9,56.0,,56,1,Scalar,4028,False,0,223,,-4024
4025,add,4008,4011,9,56.0,,56,1,Scalar,4028,False,0,224,,-4025
4026,add,4014,4017,9,56.0,,56,1,Scalar,4029,False,0,225,,-4026
4027,add,4020,4023,9,56.0,,56,1,Scalar,4029,False,0,226,,-4027
4028,add,4024,4025,10,56.0,,56,1,Scalar,4030,False,0,227,,-4028
4029,add,4026,4027,10,56.0,,56,1,Scalar,4030,False,0,228,,-4029
4030,add,4028,4029,11,56.0,,56,1,Scalar,4031,False,0,229,,-4030
4031,ln,4030,,12,56.0,,56,1,Scalar,"4032, 4034, 4036, 4038, 4040, 4042, 4044, 4046",False,0,230,,-4031
4032,sub,4000,4031,13,56.0,0,56,256,Vector,4033,False,0,24,,-4032
4033,store,4032,448,14,56.0,0,56,256,Vector,,False,0,,448,-4033
4034,sub,4003,4031,13,56.0,1,56,256,Vector,4035,False,0,25,,-4034
4035,store,4034,449,14,56.0,1,56,256,Vector,,False,0,,449,-4035
4036,sub,4006,4031,13,56.0,2,56,256,Vector,4037,False,0,26,,-4036
4037,store,4036,450,14,56.0,2,56,256,Vector,,False,0,,450,-4037
4038,sub,4009,4031,13,56.0,3,56,256,Vector,4039,False,0,27,,-4038
4039,store,4038,451,14,56.0,3,56,256,Vector,,False,0,,451,-4039
4040,sub,4012,4031,13,56.0,4,56,256,Vector,4041,False,0,28,,-4040
4041,store,4040,452,14,56.0,4,56,256,Vector,,False,0,,452,-4041
4042,sub,4015,4031,13,56.0,5,56,256,Vector,4043,False,0,29,,-4042
4043,store,4042,453,14,56.0,5,56,256,Vector,,False,0,,453,-4043
4044,sub,4018,4031,13,56.0,6,56,256,Vector,4045,False,0,30,,-4044
4045,store,4044,454,14,56.0,6,56,256,Vector,,False,0,,454,-4045
4046,sub,4021,4031,13,56.0,7,56,256,Vector,4047,False,0,31,,-4046
4047,store,4046,455,14,56.0,7,56,256,Vector,,False,0,,455,-4047
4048,load,456,,1,57.0,0,57,256,Vector,"4049, 4071",True,0,32,456,-4048
4049,reduce_max,4048,,2,57.0,0,57,1,Scalar,4064,False,0,231,,-4049
4050,load,457,,1,57.0,1,57,256,Vector,"4051, 4074",True,0,33,457,-4050
4051,reduce_max,4050,,2,57.0,1,57,1,Scalar,4064,False,0,232,,-4051
4052,load,458,,1,57.0,2,57,256,Vector,"4053, 4077",True,0,34,458,-4052
4053,reduce_max,4052,,2,57.0,2,57,1,Scalar,4065,False,0,233,,-4053
4054,load,459,,1,57.0,3,57,256,Vector,"4055, 4080",True,0,35,459,-4054
4055,reduce_max,4054,,2,57.0,3,57,1,Scalar,4065,False,0,234,,-4055
4056,load,460,,1,57.0,4,57,256,Vector,"4057, 4083",True,0,36,460,-4056
4057,reduce_max,4056,,2,57.0,4,57,1,Scalar,4066,False,0,235,,-4057
4058,load,461,,1,57.0,5,57,256,Vector,"4059, 4086",True,0,37,461,-4058
4059,reduce_max,4058,,2,57.0,5,57,1,Scalar,4066,False,0,236,,-4059
4060,load,462,,1,57.0,6,57,256,Vector,"4061, 4089",True,0,38,462,-4060
4061,reduce_max,4060,,2,57.0,6,57,1,Scalar,4067,False,0,237,,-4061
4062,load,463,,1,57.0,7,57,256,Vector,"4063, 4092",True,0,39,463,-4062
4063,reduce_max,4062,,2,57.0,7,57,1,Scalar,4067,False,0,238,,-4063
4064,max,4049,4051,3,57.0,,57,1,Scalar,4068,False,0,239,,-4064
4065,max,4053,4055,3,57.0,,57,1,Scalar,4068,False,0,240,,-4065
4066,max,4057,4059,3,57.0,,57,1,Scalar,4069,False,0,241,,-4066
4067,max,4061,4063,3,57.0,,57,1,Scalar,4069,False,0,242,,-4067
4068,max,4064,4065,4,57.0,,57,1,Scalar,4070,False,0,243,,-4068
4069,max,4066,4067,4,57.0,,57,1,Scalar,4070,False,0,244,,-4069
4070,max,4068,4069,5,57.0,,57,1,Scalar,"4071, 4074, 4077, 4080, 4083, 4086, 4089, 4092",False,0,245,,-4070
4071,sub,4048,4070,6,57.0,0,57,256,Vector,"4072, 4103",False,0,40,,-4071
4072,exp,4071,,7,57.0,0,57,256,Vector,4073,False,0,41,,-4072
4073,reduce_sum,4072,,8,57.0,0,57,1,Scalar,4095,False,0,246,,-4073
4074,sub,4050,4070,6,57.0,1,57,256,Vector,"4075, 4105",False,0,42,,-4074
4075,exp,4074,,7,57.0,1,57,256,Vector,4076,False,0,43,,-4075
4076,reduce_sum,4075,,8,57.0,1,57,1,Scalar,4095,False,0,247,,-4076
4077,sub,4052,4070,6,57.0,2,57,256,Vector,"4078, 4107",False,0,44,,-4077
4078,exp,4077,,7,57.0,2,57,256,Vector,4079,False,0,45,,-4078
4079,reduce_sum,4078,,8,57.0,2,57,1,Scalar,4096,False,0,248,,-4079
4080,sub,4054,4070,6,57.0,3,57,256,Vector,"4081, 4109",False,0,46,,-4080
4081,exp,4080,,7,57.0,3,57,256,Vector,4082,False,0,47,,-4081
4082,reduce_sum,4081,,8,57.0,3,57,1,Scalar,4096,False,0,249,,-4082
4083,sub,4056,4070,6,57.0,4,57,256,Vector,"4084, 4111",False,0,48,,-4083
4084,exp,4083,,7,57.0,4,57,256,Vector,4085,False,0,49,,-4084
4085,reduce_sum,4084,,8,57.0,4,57,1,Scalar,4097,False,0,250,,-4085
4086,sub,4058,4070,6,57.0,5,57,256,Vector,"4087, 4113",False,0,50,,-4086
4087,exp,4086,,7,57.0,5,57,256,Vector,4088,False,0,51,,-4087
4088,reduce_sum,4087,,8,57.0,5,57,1,Scalar,4097,False,0,251,,-4088
4089,sub,4060,4070,6,57.0,6,57,256,Vector,"4090, 4115",False,0,52,,-4089
4090,exp,4089,,7,57.0,6,57,256,Vector,4091,False,0,53,,-4090
4091,reduce_sum,4090,,8,57.0,6,57,1,Scalar,4098,False,0,252,,-4091
4092,sub,4062,4070,6,57.0,7,57,256,Vector,"4093, 4117",False,0,54,,-4092
4093,exp,4092,,7,57.0,7,57,256,Vector,4094,False,0,55,,-4093
4094,reduce_sum,4093,,8,57.0,7,57,1,Scalar,4098,False,0,253,,-4094
4095,add,4073,4076,9,57.0,,57,1,Scalar,4099,False,0,254,,-4095
4096,add,4079,4082,9,57.0,,57,1,Scalar,4099,False,0,255,,-4096
4097,add,4085,4088,9,57.0,,57,1,Scalar,4100,False,0,0,,-4097
4098,add,4091,4094,9,57.0,,57,1,Scalar,4100,False,0,1,,-4098
4099,add,4095,4096,10,57.0,,57,1,Scalar,4101,False,0,2,,-4099
4100,add,4097,4098,10,57.0,,57,1,Scalar,4101,False,0,3,,-4100
4101,add,4099,4100,11,57.0,,57,1,Scalar,4102,False,0,4,,-4101
4102,ln,4101,,12,57.0,,57,1,Scalar,"4103, 4105, 4107, 4109, 4111, 4113, 4115, 4117",False,0,5,,-4102
4103,sub,4071,4102,13,57.0,0,57,256,Vector,4104,False,0,56,,-4103
4104,store,4103,456,14,57.0,0,57,256,Vector,,False,0,,456,-4104
4105,sub,4074,4102,13,57.0,1,57,256,Vector,4106,False,0,57,,-4105
4106,store,4105,457,14,57.0,1,57,256,Vector,,False,0,,457,-4106
4107,sub,4077,4102,13,57.0,2,57,256,Vector,4108,False,0,58,,-4107
4108,store,4107,458,14,57.0,2,57,256,Vector,,False,0,,458,-4108
4109,sub,4080,4102,13,57.0,3,57,256,Vector,4110,False,0,59,,-4109
4110,store,4109,459,14,57.0,3,57,256,Vector,,False,0,,459,-4110
4111,sub,4083,4102,13,57.0,4,57,256,Vector,4112,False,0,60,,-4111
4112,store,4111,460,14,57.0,4,57,256,Vector,,False,0,,460,-4112
4113,sub,4086,4102,13,57.0,5,57,256,Vector,4114,False,0,61,,-4113
4114,store,4113,461,14,57.0,5,57,256,Vector,,False,0,,461,-4114
4115,sub,4089,4102,13,57.0,6,57,256,Vector,4116,False,0,62,,-4115
4116,store,4115,462,14,57.0,6,57,256,Vector,,False,0,,462,-4116
4117,sub,4092,4102,13,57.0,7,57,256,Vector,4118,False,0,63,,-4117
4118,store,4117,463,14,57.0,7,57,256,Vector,,False,0,,463,-4118
4119,load,464,,1,58.0,0,58,256,Vector,"4120, 4142",True,0,64,464,-4119
4120,reduce_max,4119,,2,58.0,0,58,1,Scalar,4135,False,0,6,,-4120
4121,load,465,,1,58.0,1,58,256,Vector,"4122, 4145",True,0,65,465,-4121
4122,reduce_max,4121,,2,58.0,1,58,1,Scalar,4135,False,0,7,,-4122
4123,load,466,,1,58.0,2,58,256,Vector,"4124, 4148",True,0,66,466,-4123
4124,reduce_max,4123,,2,58.0,2,58,1,Scalar,4136,False,0,8,,-4124
4125,load,467,,1,58.0,3,58,256,Vector,"4126, 4151",True,0,67,467,-4125
4126,reduce_max,4125,,2,58.0,3,58,1,Scalar,4136,False,0,9,,-4126
4127,load,468,,1,58.0,4,58,256,Vector,"4128, 4154",True,0,68,468,-4127
4128,reduce_max,4127,,2,58.0,4,58,1,Scalar,4137,False,0,10,,-4128
4129,load,469,,1,58.0,5,58,256,Vector,"4130, 4157",True,0,69,469,-4129
4130,reduce_max,4129,,2,58.0,5,58,1,Scalar,4137,False,0,11,,-4130
4131,load,470,,1,58.0,6,58,256,Vector,"4132, 4160",True,0,70,470,-4131
4132,reduce_max,4131,,2,58.0,6,58,1,Scalar,4138,False,0,12,,-4132
4133,load,471,,1,58.0,7,58,256,Vector,"4134, 4163",True,0,71,471,-4133
4134,reduce_max,4133,,2,58.0,7,58,1,Scalar,4138,False,0,13,,-4134
4135,max,4120,4122,3,58.0,,58,1,Scalar,4139,False,0,14,,-4135
4136,max,4124,4126,3,58.0,,58,1,Scalar,4139,False,0,15,,-4136
4137,max,4128,4130,3,58.0,,58,1,Scalar,4140,False,0,16,,-4137
4138,max,4132,4134,3,58.0,,58,1,Scalar,4140,False,0,17,,-4138
4139,max,4135,4136,4,58.0,,58,1,Scalar,4141,False,0,18,,-4139
4140,max,4137,4138,4,58.0,,58,1,Scalar,4141,False,0,19,,-4140
4141,max,4139,4140,5,58.0,,58,1,Scalar,"4142, 4145, 4148, 4151, 4154, 4157, 4160, 4163",False,0,20,,-4141
4142,sub,4119,4141,6,58.0,0,58,256,Vector,"4143, 4174",False,0,72,,-4142
4143,exp,4142,,7,58.0,0,58,256,Vector,4144,False,0,73,,-4143
4144,reduce_sum,4143,,8,58.0,0,58,1,Scalar,4166,False,0,21,,-4144
4145,sub,4121,4141,6,58.0,1,58,256,Vector,"4146, 4176",False,0,74,,-4145
4146,exp,4145,,7,58.0,1,58,256,Vector,4147,False,0,75,,-4146
4147,reduce_sum,4146,,8,58.0,1,58,1,Scalar,4166,False,0,22,,-4147
4148,sub,4123,4141,6,58.0,2,58,256,Vector,"4149, 4178",False,0,76,,-4148
4149,exp,4148,,7,58.0,2,58,256,Vector,4150,False,0,77,,-4149
4150,reduce_sum,4149,,8,58.0,2,58,1,Scalar,4167,False,0,23,,-4150
4151,sub,4125,4141,6,58.0,3,58,256,Vector,"4152, 4180",False,0,78,,-4151
4152,exp,4151,,7,58.0,3,58,256,Vector,4153,False,0,79,,-4152
4153,reduce_sum,4152,,8,58.0,3,58,1,Scalar,4167,False,0,24,,-4153
4154,sub,4127,4141,6,58.0,4,58,256,Vector,"4155, 4182",False,0,80,,-4154
4155,exp,4154,,7,58.0,4,58,256,Vector,4156,False,0,81,,-4155
4156,reduce_sum,4155,,8,58.0,4,58,1,Scalar,4168,False,0,25,,-4156
4157,sub,4129,4141,6,58.0,5,58,256,Vector,"4158, 4184",False,0,82,,-4157
4158,exp,4157,,7,58.0,5,58,256,Vector,4159,False,0,83,,-4158
4159,reduce_sum,4158,,8,58.0,5,58,1,Scalar,4168,False,0,26,,-4159
4160,sub,4131,4141,6,58.0,6,58,256,Vector,"4161, 4186",False,0,84,,-4160
4161,exp,4160,,7,58.0,6,58,256,Vector,4162,False,0,85,,-4161
4162,reduce_sum,4161,,8,58.0,6,58,1,Scalar,4169,False,0,27,,-4162
4163,sub,4133,4141,6,58.0,7,58,256,Vector,"4164, 4188",False,0,86,,-4163
4164,exp,4163,,7,58.0,7,58,256,Vector,4165,False,0,87,,-4164
4165,reduce_sum,4164,,8,58.0,7,58,1,Scalar,4169,False,0,28,,-4165
4166,add,4144,4147,9,58.0,,58,1,Scalar,4170,False,0,29,,-4166
4167,add,4150,4153,9,58.0,,58,1,Scalar,4170,False,0,30,,-4167
4168,add,4156,4159,9,58.0,,58,1,Scalar,4171,False,0,31,,-4168
4169,add,4162,4165,9,58.0,,58,1,Scalar,4171,False,0,32,,-4169
4170,add,4166,4167,10,58.0,,58,1,Scalar,4172,False,0,33,,-4170
4171,add,4168,4169,10,58.0,,58,1,Scalar,4172,False,0,34,,-4171
4172,add,4170,4171,11,58.0,,58,1,Scalar,4173,False,0,35,,-4172
4173,ln,4172,,12,58.0,,58,1,Scalar,"4174, 4176, 4178, 4180, 4182, 4184, 4186, 4188",False,0,36,,-4173
4174,sub,4142,4173,13,58.0,0,58,256,Vector,4175,False,0,88,,-4174
4175,store,4174,464,14,58.0,0,58,256,Vector,,False,0,,464,-4175
4176,sub,4145,4173,13,58.0,1,58,256,Vector,4177,False,0,89,,-4176
4177,store,4176,465,14,58.0,1,58,256,Vector,,False,0,,465,-4177
4178,sub,4148,4173,13,58.0,2,58,256,Vector,4179,False,0,90,,-4178
4179,store,4178,466,14,58.0,2,58,256,Vector,,False,0,,466,-4179
4180,sub,4151,4173,13,58.0,3,58,256,Vector,4181,False,0,91,,-4180
4181,store,4180,467,14,58.0,3,58,256,Vector,,False,0,,467,-4181
4182,sub,4154,4173,13,58.0,4,58,256,Vector,4183,False,0,92,,-4182
4183,store,4182,468,14,58.0,4,58,256,Vector,,False,0,,468,-4183
4184,sub,4157,4173,13,58.0,5,58,256,Vector,4185,False,0,93,,-4184
4185,store,4184,469,14,58.0,5,58,256,Vector,,False,0,,469,-4185
4186,sub,4160,4173,13,58.0,6,58,256,Vector,4187,False,0,94,,-4186
4187,store,4186,470,14,58.0,6,58,256,Vector,,False,0,,470,-4187
4188,sub,4163,4173,13,58.0,7,58,256,Vector,4189,False,0,95,,-4188
4189,store,4188,471,14,58.0,7,58,256,Vector,,False,0,,471,-4189
4190,load,472,,1,59.0,0,59,256,Vector,"4191, 4213",True,0,96,472,-4190
4191,reduce_max,4190,,2,59.0,0,59,1,Scalar,4206,False,0,37,,-4191
4192,load,473,,1,59.0,1,59,256,Vector,"4193, 4216",True,0,97,473,-4192
4193,reduce_max,4192,,2,59.0,1,59,1,Scalar,4206,False,0,38,,-4193
4194,load,474,,1,59.0,2,59,256,Vector,"4195, 4219",True,0,98,474,-4194
4195,reduce_max,4194,,2,59.0,2,59,1,Scalar,4207,False,0,39,,-4195
4196,load,475,,1,59.0,3,59,256,Vector,"4197, 4222",True,0,99,475,-4196
4197,reduce_max,4196,,2,59.0,3,59,1,Scalar,4207,False,0,40,,-4197
4198,load,476,,1,59.0,4,59,256,Vector,"4199, 4225",True,0,100,476,-4198
4199,reduce_max,4198,,2,59.0,4,59,1,Scalar,4208,False,0,41,,-4199
4200,load,477,,1,59.0,5,59,256,Vector,"4201, 4228",True,0,101,477,-4200
4201,reduce_max,4200,,2,59.0,5,59,1,Scalar,4208,False,0,42,,-4201
4202,load,478,,1,59.0,6,59,256,Vector,"4203, 4231",True,0,102,478,-4202
4203,reduce_max,4202,,2,59.0,6,59,1,Scalar,4209,False,0,43,,-4203
4204,load,479,,1,59.0,7,59,256,Vector,"4205, 4234",True,0,103,479,-4204
4205,reduce_max,4204,,2,59.0,7,59,1,Scalar,4209,False,0,44,,-4205
4206,max,4191,4193,3,59.0,,59,1,Scalar,4210,False,0,45,,-4206
4207,max,4195,4197,3,59.0,,59,1,Scalar,4210,False,0,46,,-4207
4208,max,4199,4201,3,59.0,,59,1,Scalar,4211,False,0,47,,-4208
4209,max,4203,4205,3,59.0,,59,1,Scalar,4211,False,0,48,,-4209
4210,max,4206,4207,4,59.0,,59,1,Scalar,4212,False,0,49,,-4210
4211,max,4208,4209,4,59.0,,59,1,Scalar,4212,False,0,50,,-4211
4212,max,4210,4211,5,59.0,,59,1,Scalar,"4213, 4216, 4219, 4222, 4225, 4228, 4231, 4234",False,0,51,,-4212
4213,sub,4190,4212,6,59.0,0,59,256,Vector,"4214, 4245",False,0,104,,-4213
4214,exp,4213,,7,59.0,0,59,256,Vector,4215,False,0,105,,-4214
4215,reduce_sum,4214,,8,59.0,0,59,1,Scalar,4237,False,0,52,,-4215
4216,sub,4192,4212,6,59.0,1,59,256,Vector,"4217, 4247",False,0,106,,-4216
4217,exp,4216,,7,59.0,1,59,256,Vector,4218,False,0,107,,-4217
4218,reduce_sum,4217,,8,59.0,1,59,1,Scalar,4237,False,0,53,,-4218
4219,sub,4194,4212,6,59.0,2,59,256,Vector,"4220, 4249",False,0,108,,-4219
4220,exp,4219,,7,59.0,2,59,256,Vector,4221,False,0,109,,-4220
4221,reduce_sum,4220,,8,59.0,2,59,1,Scalar,4238,False,0,54,,-4221
4222,sub,4196,4212,6,59.0,3,59,256,Vector,"4223, 4251",False,0,110,,-4222
4223,exp,4222,,7,59.0,3,59,256,Vector,4224,False,0,111,,-4223
4224,reduce_sum,4223,,8,59.0,3,59,1,Scalar,4238,False,0,55,,-4224
4225,sub,4198,4212,6,59.0,4,59,256,Vector,"4226, 4253",False,0,112,,-4225
4226,exp,4225,,7,59.0,4,59,256,Vector,4227,False,0,113,,-4226
4227,reduce_sum,4226,,8,59.0,4,59,1,Scalar,4239,False,0,56,,-4227
4228,sub,4200,4212,6,59.0,5,59,256,Vector,"4229, 4255",False,0,114,,-4228
4229,exp,4228,,7,59.0,5,59,256,Vector,4230,False,0,115,,-4229
4230,reduce_sum,4229,,8,59.0,5,59,1,Scalar,4239,False,0,57,,-4230
4231,sub,4202,4212,6,59.0,6,59,256,Vector,"4232, 4257",False,0,116,,-4231
4232,exp,4231,,7,59.0,6,59,256,Vector,4233,False,0,117,,-4232
4233,reduce_sum,4232,,8,59.0,6,59,1,Scalar,4240,False,0,58,,-4233
4234,sub,4204,4212,6,59.0,7,59,256,Vector,"4235, 4259",False,0,118,,-4234
4235,exp,4234,,7,59.0,7,59,256,Vector,4236,False,0,119,,-4235
4236,reduce_sum,4235,,8,59.0,7,59,1,Scalar,4240,False,0,59,,-4236
4237,add,4215,4218,9,59.0,,59,1,Scalar,4241,False,0,60,,-4237
4238,add,4221,4224,9,59.0,,59,1,Scalar,4241,False,0,61,,-4238
4239,add,4227,4230,9,59.0,,59,1,Scalar,4242,False,0,62,,-4239
4240,add,4233,4236,9,59.0,,59,1,Scalar,4242,False,0,63,,-4240
4241,add,4237,4238,10,59.0,,59,1,Scalar,4243,False,0,64,,-4241
4242,add,4239,4240,10,59.0,,59,1,Scalar,4243,False,0,65,,-4242
4243,add,4241,4242,11,59.0,,59,1,Scalar,4244,False,0,66,,-4243
4244,ln,4243,,12,59.0,,59,1,Scalar,"4245, 4247, 4249, 4251, 4253, 4255, 4257, 4259",False,0,67,,-4244
4245,sub,4213,4244,13,59.0,0,59,256,Vector,4246,False,0,120,,-4245
4246,store,4245,472,14,59.0,0,59,256,Vector,,False,0,,472,-4246
4247,sub,4216,4244,13,59.0,1,59,256,Vector,4248,False,0,121,,-4247
4248,store,4247,473,14,59.0,1,59,256,Vector,,False,0,,473,-4248
4249,sub,4219,4244,13,59.0,2,59,256,Vector,4250,False,0,122,,-4249
4250,store,4249,474,14,59.0,2,59,256,Vector,,False,0,,474,-4250
4251,sub,4222,4244,13,59.0,3,59,256,Vector,4252,False,0,123,,-4251
4252,store,4251,475,14,59.0,3,59,256,Vector,,False,0,,475,-4252
4253,sub,4225,4244,13,59.0,4,59,256,Vector,4254,False,0,124,,-4253
4254,store,4253,476,14,59.0,4,59,256,Vector,,False,0,,476,-4254
4255,sub,4228,4244,13,59.0,5,59,256,Vector,4256,False,0,125,,-4255
4256,store,4255,477,14,59.0,5,59,256,Vector,,False,0,,477,-4256
4257,sub,4231,4244,13,59.0,6,59,256,Vector,4258,False,0,126,,-4257
4258,store,4257,478,14,59.0,6,59,256,Vector,,False,0,,478,-4258
4259,sub,4234,4244,13,59.0,7,59,256,Vector,4260,False,0,127,,-4259
4260,store,4259,479,14,59.0,7,59,256,Vector,,False,0,,479,-4260
4261,load,480,,1,60.0,0,60,256,Vector,"4262, 4284",True,0,128,480,-4261
4262,reduce_max,4261,,2,60.0,0,60,1,Scalar,4277,False,0,68,,-4262
4263,load,481,,1,60.0,1,60,256,Vector,"4264, 4287",True,0,129,481,-4263
4264,reduce_max,4263,,2,60.0,1,60,1,Scalar,4277,False,0,69,,-4264
4265,load,482,,1,60.0,2,60,256,Vector,"4266, 4290",True,0,130,482,-4265
4266,reduce_max,4265,,2,60.0,2,60,1,Scalar,4278,False,0,70,,-4266
4267,load,483,,1,60.0,3,60,256,Vector,"4268, 4293",True,0,131,483,-4267
4268,reduce_max,4267,,2,60.0,3,60,1,Scalar,4278,False,0,71,,-4268
4269,load,484,,1,60.0,4,60,256,Vector,"4270, 4296",True,0,132,484,-4269
4270,reduce_max,4269,,2,60.0,4,60,1,Scalar,4279,False,0,72,,-4270
4271,load,485,,1,60.0,5,60,256,Vector,"4272, 4299",True,0,133,485,-4271
4272,reduce_max,4271,,2,60.0,5,60,1,Scalar,4279,False,0,73,,-4272
4273,load,486,,1,60.0,6,60,256,Vector,"4274, 4302",True,0,134,486,-4273
4274,reduce_max,4273,,2,60.0,6,60,1,Scalar,4280,False,0,74,,-4274
4275,load,487,,1,60.0,7,60,256,Vector,"4276, 4305",True,0,135,487,-4275
4276,reduce_max,4275,,2,60.0,7,60,1,Scalar,4280,False,0,75,,-4276
4277,max,4262,4264,3,60.0,,60,1,Scalar,4281,False,0,76,,-4277
4278,max,4266,4268,3,60.0,,60,1,Scalar,4281,False,0,77,,-4278
4279,max,4270,4272,3,60.0,,60,1,Scalar,4282,False,0,78,,-4279
4280,max,4274,4276,3,60.0,,60,1,Scalar,4282,False,0,79,,-4280
4281,max,4277,4278,4,60.0,,60,1,Scalar,4283,False,0,80,,-4281
4282,max,4279,4280,4,60.0,,60,1,Scalar,4283,False,0,81,,-4282
4283,max,4281,4282,5,60.0,,60,1,Scalar,"4284, 4287, 4290, 4293, 4296, 4299, 4302, 4305",False,0,82,,-4283
4284,sub,4261,4283,6,60.0,0,60,256,Vector,"4285, 4316",False,0,136,,-4284
4285,exp,4284,,7,60.0,0,60,256,Vector,4286,False,0,137,,-4285
4286,reduce_sum,4285,,8,60.0,0,60,1,Scalar,4308,False,0,83,,-4286
4287,sub,4263,4283,6,60.0,1,60,256,Vector,"4288, 4318",False,0,138,,-4287
4288,exp,4287,,7,60.0,1,60,256,Vector,4289,False,0,139,,-4288
4289,reduce_sum,4288,,8,60.0,1,60,1,Scalar,4308,False,0,84,,-4289
4290,sub,4265,4283,6,60.0,2,60,256,Vector,"4291, 4320",False,0,140,,-4290
4291,exp,4290,,7,60.0,2,60,256,Vector,4292,False,0,141,,-4291
4292,reduce_sum,4291,,8,60.0,2,60,1,Scalar,4309,False,0,85,,-4292
4293,sub,4267,4283,6,60.0,3,60,256,Vector,"4294, 4322",False,0,142,,-4293
4294,exp,4293,,7,60.0,3,60,256,Vector,4295,False,0,143,,-4294
4295,reduce_sum,4294,,8,60.0,3,60,1,Scalar,4309,False,0,86,,-4295
4296,sub,4269,4283,6,60.0,4,60,256,Vector,"4297, 4324",False,0,144,,-4296
4297,exp,4296,,7,60.0,4,60,256,Vector,4298,False,0,145,,-4297
4298,reduce_sum,4297,,8,60.0,4,60,1,Scalar,4310,False,0,87,,-4298
4299,sub,4271,4283,6,60.0,5,60,256,Vector,"4300, 4326",False,0,146,,-4299
4300,exp,4299,,7,60.0,5,60,256,Vector,4301,False,0,147,,-4300
4301,reduce_sum,4300,,8,60.0,5,60,1,Scalar,4310,False,0,88,,-4301
4302,sub,4273,4283,6,60.0,6,60,256,Vector,"4303, 4328",False,0,148,,-4302
4303,exp,4302,,7,60.0,6,60,256,Vector,4304,False,0,149,,-4303
4304,reduce_sum,4303,,8,60.0,6,60,1,Scalar,4311,False,0,89,,-4304
4305,sub,4275,4283,6,60.0,7,60,256,Vector,"4306, 4330",False,0,150,,-4305
4306,exp,4305,,7,60.0,7,60,256,Vector,4307,False,0,151,,-4306
4307,reduce_sum,4306,,8,60.0,7,60,1,Scalar,4311,False,0,90,,-4307
4308,add,4286,4289,9,60.0,,60,1,Scalar,4312,False,0,91,,-4308
4309,add,4292,4295,9,60.0,,60,1,Scalar,4312,False,0,92,,-4309
4310,add,4298,4301,9,60.0,,60,1,Scalar,4313,False,0,93,,-4310
4311,add,4304,4307,9,60.0,,60,1,Scalar,4313,False,0,94,,-4311
4312,add,4308,4309,10,60.0,,60,1,Scalar,4314,False,0,95,,-4312
4313,add,4310,4311,10,60.0,,60,1,Scalar,4314,False,0,96,,-4313
4314,add,4312,4313,11,60.0,,60,1,Scalar,4315,False,0,97,,-4314
4315,ln,4314,,12,60.0,,60,1,Scalar,"4316, 4318, 4320, 4322, 4324, 4326, 4328, 4330",False,0,98,,-4315
4316,sub,4284,4315,13,60.0,0,60,256,Vector,4317,False,0,152,,-4316
4317,store,4316,480,14,60.0,0,60,256,Vector,,False,0,,480,-4317
4318,sub,4287,4315,13,60.0,1,60,256,Vector,4319,False,0,153,,-4318
4319,store,4318,481,14,60.0,1,60,256,Vector,,False,0,,481,-4319
4320,sub,4290,4315,13,60.0,2,60,256,Vector,4321,False,0,154,,-4320
4321,store,4320,482,14,60.0,2,60,256,Vector,,False,0,,482,-4321
4322,sub,4293,4315,13,60.0,3,60,256,Vector,4323,False,0,155,,-4322
4323,store,4322,483,14,60.0,3,60,256,Vector,,False,0,,483,-4323
4324,sub,4296,4315,13,60.0,4,60,256,Vector,4325,False,0,156,,-4324
4325,store,4324,484,14,60.0,4,60,256,Vector,,False,0,,484,-4325
4326,sub,4299,4315,13,60.0,5,60,256,Vector,4327,False,0,157,,-4326
4327,store,4326,485,14,60.0,5,60,256,Vector,,False,0,,485,-4327
4328,sub,4302,4315,13,60.0,6,60,256,Vector,4329,False,0,158,,-4328
4329,store,4328,486,14,60.0,6,60,256,Vector,,False,0,,486,-4329
4330,sub,4305,4315,13,60.0,7,60,256,Vector,4331,False,0,159,,-4330
4331,store,4330,487,14,60.0,7,60,256,Vector,,False,0,,487,-4331
4332,load,488,,1,61.0,0,61,256,Vector,"4333, 4355",True,0,160,488,-4332
4333,reduce_max,4332,,2,61.0,0,61,1,Scalar,4348,False,0,99,,-4333
4334,load,489,,1,61.0,1,61,256,Vector,"4335, 4358",True,0,161,489,-4334
4335,reduce_max,4334,,2,61.0,1,61,1,Scalar,4348,False,0,100,,-4335
4336,load,490,,1,61.0,2,61,256,Vector,"4337, 4361",True,0,162,490,-4336
4337,reduce_max,4336,,2,61.0,2,61,1,Scalar,4349,False,0,101,,-4337
4338,load,491,,1,61.0,3,61,256,Vector,"4339, 4364",True,0,163,491,-4338
4339,reduce_max,4338,,2,61.0,3,61,1,Scalar,4349,False,0,102,,-4339
4340,load,492,,1,61.0,4,61,256,Vector,"4341, 4367",True,0,164,492,-4340
4341,reduce_max,4340,,2,61.0,4,61,1,Scalar,4350,False,0,103,,-4341
4342,load,493,,1,61.0,5,61,256,Vector,"4343, 4370",True,0,165,493,-4342
4343,reduce_max,4342,,2,61.0,5,61,1,Scalar,4350,False,0,104,,-4343
4344,load,494,,1,61.0,6,61,256,Vector,"4345, 4373",True,0,166,494,-4344
4345,reduce_max,4344,,2,61.0,6,61,1,Scalar,4351,False,0,105,,-4345
4346,load,495,,1,61.0,7,61,256,Vector,"4347, 4376",True,0,167,495,-4346
4347,reduce_max,4346,,2,61.0,7,61,1,Scalar,4351,False,0,106,,-4347
4348,max,4333,4335,3,61.0,,61,1,Scalar,4352,False,0,107,,-4348
4349,max,4337,4339,3,61.0,,61,1,Scalar,4352,False,0,108,,-4349
4350,max,4341,4343,3,61.0,,61,1,Scalar,4353,False,0,109,,-4350
4351,max,4345,4347,3,61.0,,61,1,Scalar,4353,False,0,110,,-4351
4352,max,4348,4349,4,61.0,,61,1,Scalar,4354,False,0,111,,-4352
4353,max,4350,4351,4,61.0,,61,1,Scalar,4354,False,0,112,,-4353
4354,max,4352,4353,5,61.0,,61,1,Scalar,"4355, 4358, 4361, 4364, 4367, 4370, 4373, 4376",False,0,113,,-4354
4355,sub,4332,4354,6,61.0,0,61,256,Vector,"4356, 4387",False,0,168,,-4355
4356,exp,4355,,7,61.0,0,61,256,Vector,4357,False,0,169,,-4356
4357,reduce_sum,4356,,8,61.0,0,61,1,Scalar,4379,False,0,114,,-4357
4358,sub,4334,4354,6,61.0,1,61,256,Vector,"4359, 4389",False,0,170,,-4358
4359,exp,4358,,7,61.0,1,61,256,Vector,4360,False,0,171,,-4359
4360,reduce_sum,4359,,8,61.0,1,61,1,Scalar,4379,False,0,115,,-4360
4361,sub,4336,4354,6,61.0,2,61,256,Vector,"4362, 4391",False,0,172,,-4361
4362,exp,4361,,7,61.0,2,61,256,Vector,4363,False,0,173,,-4362
4363,reduce_sum,4362,,8,61.0,2,61,1,Scalar,4380,False,0,116,,-4363
4364,sub,4338,4354,6,61.0,3,61,256,Vector,"4365, 4393",False,0,174,,-4364
4365,exp,4364,,7,61.0,3,61,256,Vector,4366,False,0,175,,-4365
4366,reduce_sum,4365,,8,61.0,3,61,1,Scalar,4380,False,0,117,,-4366
4367,sub,4340,4354,6,61.0,4,61,256,Vector,"4368, 4395",False,0,176,,-4367
4368,exp,4367,,7,61.0,4,61,256,Vector,4369,False,0,177,,-4368
4369,reduce_sum,4368,,8,61.0,4,61,1,Scalar,4381,False,0,118,,-4369
4370,sub,4342,4354,6,61.0,5,61,256,Vector,"4371, 4397",False,0,178,,-4370
4371,exp,4370,,7,61.0,5,61,256,Vector,4372,False,0,179,,-4371
4372,reduce_sum,4371,,8,61.0,5,61,1,Scalar,4381,False,0,119,,-4372
4373,sub,4344,4354,6,61.0,6,61,256,Vector,"4374, 4399",False,0,180,,-4373
4374,exp,4373,,7,61.0,6,61,256,Vector,4375,False,0,181,,-4374
4375,reduce_sum,4374,,8,61.0,6,61,1,Scalar,4382,False,0,120,,-4375
4376,sub,4346,4354,6,61.0,7,61,256,Vector,"4377, 4401",False,0,182,,-4376
4377,exp,4376,,7,61.0,7,61,256,Vector,4378,False,0,183,,-4377
4378,reduce_sum,4377,,8,61.0,7,61,1,Scalar,4382,False,0,121,,-4378
4379,add,4357,4360,9,61.0,,61,1,Scalar,4383,False,0,122,,-4379
4380,add,4363,4366,9,61.0,,61,1,Scalar,4383,False,0,123,,-4380
4381,add,4369,4372,9,61.0,,61,1,Scalar,4384,False,0,124,,-4381
4382,add,4375,4378,9,61.0,,61,1,Scalar,4384,False,0,125,,-4382
4383,add,4379,4380,10,61.0,,61,1,Scalar,4385,False,0,126,,-4383
4384,add,4381,4382,10,61.0,,61,1,Scalar,4385,False,0,127,,-4384
4385,add,4383,4384,11,61.0,,61,1,Scalar,4386,False,0,128,,-4385
4386,ln,4385,,12,61.0,,61,1,Scalar,"4387, 4389, 4391, 4393, 4395, 4397, 4399, 4401",False,0,129,,-4386
4387,sub,4355,4386,13,61.0,0,61,256,Vector,4388,False,0,184,,-4387
4388,store,4387,488,14,61.0,0,61,256,Vector,,False,0,,488,-4388
4389,sub,4358,4386,13,61.0,1,61,256,Vector,4390,False,0,185,,-4389
4390,store,4389,489,14,61.0,1,61,256,Vector,,False,0,,489,-4390
4391,sub,4361,4386,13,61.0,2,61,256,Vector,4392,False,0,186,,-4391
4392,store,4391,490,14,61.0,2,61,256,Vector,,False,0,,490,-4392
4393,sub,4364,4386,13,61.0,3,61,256,Vector,4394,False,0,187,,-4393
4394,store,4393,491,14,61.0,3,61,256,Vector,,False,0,,491,-4394
4395,sub,4367,4386,13,61.0,4,61,256,Vector,4396,False,0,188,,-4395
4396,store,4395,492,14,61.0,4,61,256,Vector,,False,0,,492,-4396
4397,sub,4370,4386,13,61.0,5,61,256,Vector,4398,False,0,189,,-4397
4398,store,4397,493,14,61.0,5,61,256,Vector,,False,0,,493,-4398
4399,sub,4373,4386,13,61.0,6,61,256,Vector,4400,False,0,190,,-4399
4400,store,4399,494,14,61.0,6,61,256,Vector,,False,0,,494,-4400
4401,sub,4376,4386,13,61.0,7,61,256,Vector,4402,False,0,191,,-4401
4402,store,4401,495,14,61.0,7,61,256,Vector,,False,0,,495,-4402
4403,load,496,,1,62.0,0,62,256,Vector,"4404, 4426",True,0,192,496,-4403
4404,reduce_max,4403,,2,62.0,0,62,1,Scalar,4419,False,0,130,,-4404
4405,load,497,,1,62.0,1,62,256,Vector,"4406, 4429",True,0,193,497,-4405
4406,reduce_max,4405,,2,62.0,1,62,1,Scalar,4419,False,0,131,,-4406
4407,load,498,,1,62.0,2,62,256,Vector,"4408, 4432",True,0,194,498,-4407
4408,reduce_max,4407,,2,62.0,2,62,1,Scalar,4420,False,0,132,,-4408
4409,load,499,,1,62.0,3,62,256,Vector,"4410, 4435",True,0,195,499,-4409
4410,reduce_max,4409,,2,62.0,3,62,1,Scalar,4420,False,0,133,,-4410
4411,load,500,,1,62.0,4,62,256,Vector,"4412, 4438",True,0,196,500,-4411
4412,reduce_max,4411,,2,62.0,4,62,1,Scalar,4421,False,0,134,,-4412
4413,load,501,,1,62.0,5,62,256,Vector,"4414, 4441",True,0,197,501,-4413
4414,reduce_max,4413,,2,62.0,5,62,1,Scalar,4421,False,0,135,,-4414
4415,load,502,,1,62.0,6,62,256,Vector,"4416, 4444",True,0,198,502,-4415
4416,reduce_max,4415,,2,62.0,6,62,1,Scalar,4422,False,0,136,,-4416
4417,load,503,,1,62.0,7,62,256,Vector,"4418, 4447",True,0,199,503,-4417
4418,reduce_max,4417,,2,62.0,7,62,1,Scalar,4422,False,0,137,,-4418
4419,max,4404,4406,3,62.0,,62,1,Scalar,4423,False,0,138,,-4419
4420,max,4408,4410,3,62.0,,62,1,Scalar,4423,False,0,139,,-4420
4421,max,4412,4414,3,62.0,,62,1,Scalar,4424,False,0,140,,-4421
4422,max,4416,4418,3,62.0,,62,1,Scalar,4424,False,0,141,,-4422
4423,max,4419,4420,4,62.0,,62,1,Scalar,4425,False,0,142,,-4423
4424,max,4421,4422,4,62.0,,62,1,Scalar,4425,False,0,143,,-4424
4425,max,4423,4424,5,62.0,,62,1,Scalar,"4426, 4429, 4432, 4435, 4438, 4441, 4444, 4447",False,0,144,,-4425
4426,sub,4403,4425,6,62.0,0,62,256,Vector,"4427, 4458",False,0,200,,-4426
4427,exp,4426,,7,62.0,0,62,256,Vector,4428,False,0,201,,-4427
4428,reduce_sum,4427,,8,62.0,0,62,1,Scalar,4450,False,0,145,,-4428
4429,sub,4405,4425,6,62.0,1,62,256,Vector,"4430, 4460",False,0,202,,-4429
4430,exp,4429,,7,62.0,1,62,256,Vector,4431,False,0,203,,-4430
4431,reduce_sum,4430,,8,62.0,1,62,1,Scalar,4450,False,0,146,,-4431
4432,sub,4407,4425,6,62.0,2,62,256,Vector,"4433, 4462",False,0,204,,-4432
4433,exp,4432,,7,62.0,2,62,256,Vector,4434,False,0,205,,-4433
4434,reduce_sum,4433,,8,62.0,2,62,1,Scalar,4451,False,0,147,,-4434
4435,sub,4409,4425,6,62.0,3,62,256,Vector,"4436, 4464",False,0,206,,-4435
4436,exp,4435,,7,62.0,3,62,256,Vector,4437,False,0,207,,-4436
4437,reduce_sum,4436,,8,62.0,3,62,1,Scalar,4451,False,0,148,,-4437
4438,sub,4411,4425,6,62.0,4,62,256,Vector,"4439, 4466",False,0,208,,-4438
4439,exp,4438,,7,62.0,4,62,256,Vector,4440,False,0,209,,-4439
4440,reduce_sum,4439,,8,62.0,4,62,1,Scalar,4452,False,0,149,,-4440
4441,sub,4413,4425,6,62.0,5,62,256,Vector,"4442, 4468",False,0,210,,-4441
4442,exp,4441,,7,62.0,5,62,256,Vector,4443,False,0,211,,-4442
4443,reduce_sum,4442,,8,62.0,5,62,1,Scalar,4452,False,0,150,,-4443
4444,sub,4415,4425,6,62.0,6,62,256,Vector,"4445, 4470",False,0,212,,-4444
4445,exp,4444,,7,62.0,6,62,256,Vector,4446,False,0,213,,-4445
4446,reduce_sum,4445,,8,62.0,6,62,1,Scalar,4453,False,0,151,,-4446
4447,sub,4417,4425,6,62.0,7,62,256,Vector,"4448, 4472",False,0,214,,-4447
4448,exp,4447,,7,62.0,7,62,256,Vector,4449,False,0,215,,-4448
4449,reduce_sum,4448,,8,62.0,7,62,1,Scalar,4453,False,0,152,,-4449
4450,add,4428,4431,9,62.0,,62,1,Scalar,4454,False,0,153,,-4450
4451,add,4434,4437,9,62.0,,62,1,Scalar,4454,False,0,154,,-4451
4452,add,4440,4443,9,62.0,,62,1,Scalar,4455,False,0,155,,-4452
4453,add,4446,4449,9,62.0,,62,1,Scalar,4455,False,0,156,,-4453
4454,add,4450,4451,10,62.0,,62,1,Scalar,4456,False,0,157,,-4454
4455,add,4452,4453,10,62.0,,62,1,Scalar,4456,False,0,158,,-4455
4456,add,4454,4455,11,62.0,,62,1,Scalar,4457,False,0,159,,-4456
4457,ln,4456,,12,62.0,,62,1,Scalar,"4458, 4460, 4462, 4464, 4466, 4468, 4470, 4472",False,0,160,,-4457
4458,sub,4426,4457,13,62.0,0,62,256,Vector,4459,False,0,216,,-4458
4459,store,4458,496,14,62.0,0,62,256,Vector,,False,0,,496,-4459
4460,sub,4429,4457,13,62.0,1,62,256,Vector,4461,False,0,217,,-4460
4461,store,4460,497,14,62.0,1,62,256,Vector,,False,0,,497,-4461
4462,sub,4432,4457,13,62.0,2,62,256,Vector,4463,False,0,218,,-4462
4463,store,4462,498,14,62.0,2,62,256,Vector,,False,0,,498,-4463
4464,sub,4435,4457,13,62.0,3,62,256,Vector,4465,False,0,219,,-4464
4465,store,4464,499,14,62.0,3,62,256,Vector,,False,0,,499,-4465
4466,sub,4438,4457,13,62.0,4,62,256,Vector,4467,False,0,220,,-4466
4467,store,4466,500,14,62.0,4,62,256,Vector,,False,0,,500,-4467
4468,sub,4441,4457,13,62.0,5,62,256,Vector,4469,False,0,221,,-4468
4469,store,4468,501,14,62.0,5,62,256,Vector,,False,0,,501,-4469
4470,sub,4444,4457,13,62.0,6,62,256,Vector,4471,False,0,222,,-4470
4471,store,4470,502,14,62.0,6,62,256,Vector,,False,0,,502,-4471
4472,sub,4447,4457,13,62.0,7,62,256,Vector,4473,False,0,223,,-4472
4473,store,4472,503,14,62.0,7,62,256,Vector,,False,0,,503,-4473
4474,load,504,,1,63.0,0,63,256,Vector,"4475, 4497",True,0,224,504,-4474
4475,reduce_max,4474,,2,63.0,0,63,1,Scalar,4490,False,0,161,,-4475
4476,load,505,,1,63.0,1,63,256,Vector,"4477, 4500",True,0,225,505,-4476
4477,reduce_max,4476,,2,63.0,1,63,1,Scalar,4490,False,0,162,,-4477
4478,load,506,,1,63.0,2,63,256,Vector,"4479, 4503",True,0,226,506,-4478
4479,reduce_max,4478,,2,63.0,2,63,1,Scalar,4491,False,0,163,,-4479
4480,load,507,,1,63.0,3,63,256,Vector,"4481, 4506",True,0,227,507,-4480
4481,reduce_max,4480,,2,63.0,3,63,1,Scalar,4491,False,0,164,,-4481
4482,load,508,,1,63.0,4,63,256,Vector,"4483, 4509",True,0,228,508,-4482
4483,reduce_max,4482,,2,63.0,4,63,1,Scalar,4492,False,0,165,,-4483
4484,load,509,,1,63.0,5,63,256,Vector,"4485, 4512",True,0,229,509,-4484
4485,reduce_max,4484,,2,63.0,5,63,1,Scalar,4492,False,0,166,,-4485
4486,load,510,,1,63.0,6,63,256,Vector,"4487, 4515",True,0,230,510,-4486
4487,reduce_max,4486,,2,63.0,6,63,1,Scalar,4493,False,0,167,,-4487
4488,load,511,,1,63.0,7,63,256,Vector,"4489, 4518",True,0,231,511,-4488
4489,reduce_max,4488,,2,63.0,7,63,1,Scalar,4493,False,0,168,,-4489
4490,max,4475,4477,3,63.0,,63,1,Scalar,4494,False,0,169,,-4490
4491,max,4479,4481,3,63.0,,63,1,Scalar,4494,False,0,170,,-4491
4492,max,4483,4485,3,63.0,,63,1,Scalar,4495,False,0,171,,-4492
4493,max,4487,4489,3,63.0,,63,1,Scalar,4495,False,0,172,,-4493
4494,max,4490,4491,4,63.0,,63,1,Scalar,4496,False,0,173,,-4494
4495,max,4492,4493,4,63.0,,63,1,Scalar,4496,False,0,174,,-4495
4496,max,4494,4495,5,63.0,,63,1,Scalar,"4497, 4500, 4503, 4506, 4509, 4512, 4515, 4518",False,0,175,,-4496
4497,sub,4474,4496,6,63.0,0,63,256,Vector,"4498, 4529",False,0,232,,-4497
4498,exp,4497,,7,63.0,0,63,256,Vector,4499,False,0,233,,-4498
4499,reduce_sum,4498,,8,63.0,0,63,1,Scalar,4521,False,0,176,,-4499
4500,sub,4476,4496,6,63.0,1,63,256,Vector,"4501, 4531",False,0,234,,-4500
4501,exp,4500,,7,63.0,1,63,256,Vector,4502,False,0,235,,-4501
4502,reduce_sum,4501,,8,63.0,1,63,1,Scalar,4521,False,0,177,,-4502
4503,sub,4478,4496,6,63.0,2,63,256,Vector,"4504, 4533",False,0,236,,-4503
4504,exp,4503,,7,63.0,2,63,256,Vector,4505,False,0,237,,-4504
4505,reduce_sum,4504,,8,63.0,2,63,1,Scalar,4522,False,0,178,,-4505
4506,sub,4480,4496,6,63.0,3,63,256,Vector,"4507, 4535",False,0,238,,-4506
4507,exp,4506,,7,63.0,3,63,256,Vector,4508,False,0,239,,-4507
4508,reduce_sum,4507,,8,63.0,3,63,1,Scalar,4522,False,0,179,,-4508
4509,sub,4482,4496,6,63.0,4,63,256,Vector,"4510, 4537",False,0,240,,-4509
4510,exp,4509,,7,63.0,4,63,256,Vector,4511,False,0,241,,-4510
4511,reduce_sum,4510,,8,63.0,4,63,1,Scalar,4523,False,0,180,,-4511
4512,sub,4484,4496,6,63.0,5,63,256,Vector,"4513, 4539",False,0,242,,-4512
4513,exp,4512,,7,63.0,5,63,256,Vector,4514,False,0,243,,-4513
4514,reduce_sum,4513,,8,63.0,5,63,1,Scalar,4523,False,0,181,,-4514
4515,sub,4486,4496,6,63.0,6,63,256,Vector,"4516, 4541",False,0,244,,-4515
4516,exp,4515,,7,63.0,6,63,256,Vector,4517,False,0,245,,-4516
4517,reduce_sum,4516,,8,63.0,6,63,1,Scalar,4524,False,0,182,,-4517
4518,sub,4488,4496,6,63.0,7,63,256,Vector,"4519, 4543",False,0,246,,-4518
4519,exp,4518,,7,63.0,7,63,256,Vector,4520,False,0,247,,-4519
4520,reduce_sum,4519,,8,63.0,7,63,1,Scalar,4524,False,0,183,,-4520
4521,add,4499,4502,9,63.0,,63,1,Scalar,4525,False,0,184,,-4521
4522,add,4505,4508,9,63.0,,63,1,Scalar,4525,False,0,185,,-4522
4523,add,4511,4514,9,63.0,,63,1,Scalar,4526,False,0,186,,-4523
4524,add,4517,4520,9,63.0,,63,1,Scalar,4526,False,0,187,,-4524
4525,add,4521,4522,10,63.0,,63,1,Scalar,4527,False,0,188,,-4525
4526,add,4523,4524,10,63.0,,63,1,Scalar,4527,False,0,189,,-4526
4527,add,4525,4526,11,63.0,,63,1,Scalar,4528,False,0,190,,-4527
4528,ln,4527,,12,63.0,,63,1,Scalar,"4529, 4531, 4533, 4535, 4537, 4539, 4541, 4543",False,0,191,,-4528
4529,sub,4497,4528,13,63.0,0,63,256,Vector,4530,False,0,248,,-4529
4530,store,4529,504,14,63.0,0,63,256,Vector,,False,0,,504,-4530
4531,sub,4500,4528,13,63.0,1,63,256,Vector,4532,False,0,249,,-4531
4532,store,4531,505,14,63.0,1,63,256,Vector,,False,0,,505,-4532
4533,sub,4503,4528,13,63.0,2,63,256,Vector,4534,False,0,250,,-4533
4534,store,4533,506,14,63.0,2,63,256,Vector,,False,0,,506,-4534
4535,sub,4506,4528,13,63.0,3,63,256,Vector,4536,False,0,251,,-4535
4536,store,4535,507,14,63.0,3,63,256,Vector,,False,0,,507,-4536
4537,sub,4509,4528,13,63.0,4,63,256,Vector,4538,False,0,252,,-4537
4538,store,4537,508,14,63.0,4,63,256,Vector,,False,0,,508,-4538
4539,sub,4512,4528,13,63.0,5,63,256,Vector,4540,False,0,253,,-4539
4540,store,4539,509,14,63.0,5,63,256,Vector,,False,0,,509,-4540
4541,sub,4515,4528,13,63.0,6,63,256,Vector,4542,False,0,254,,-4541
4542,store,4541,510,14,63.0,6,63,256,Vector,,False,0,,510,-4542
4543,sub,4518,4528,13,63.0,7,63,256,Vector,4544,False,0,255,,-4543
4544,store,4543,511,14,63.0,7,63,256,Vector,,False,0,,511,-4544
