t,half,imm,connect,dst,src1,src0,mask,optype
0,00,0,00,00000000,00000000,00000000,0,0000
1,00,0,00,00000000,00000000,00000000,0,0000
2,00,0,00,00000000,00000000,00000000,0,0000
3,00,0,01,00000000,00000000,00000000,0,1100
4,00,0,01,00000001,00000000,00000001,0,1100
5,00,0,01,00000010,00000000,00000010,0,1100
6,00,0,01,00000011,00000000,00000011,0,1100
7,00,0,01,00000100,00000000,00000100,0,1100
8,00,0,01,00000101,00000000,00000101,0,1100
9,00,0,01,00000110,00000000,00000110,0,1100
10,00,0,01,00000111,00000000,00000111,0,1100
11,00,0,00,00000000,00000000,00000000,0,0000
12,00,0,01,00011111,00000000,00100000,0,1100
13,00,0,00,00000000,00000000,00000000,0,0000
14,00,0,01,00100000,00000000,00100001,0,1100
15,00,0,00,00000000,00000000,00000000,0,0000
16,00,0,01,00100001,00000000,00100010,0,1100
17,00,0,00,00000000,00000000,00000000,0,0000
18,00,0,01,00100010,00000000,00100011,0,1100
19,00,0,01,00100011,00000000,00100100,0,1100
20,00,0,00,00000000,00000000,00000000,0,0000
21,00,0,01,00100100,00000000,00100101,0,1100
22,00,0,01,00100101,00000000,00100110,0,1100
23,00,0,01,00100110,00000000,00100111,0,1100
24,00,0,01,00111110,00000000,01000000,0,1100
25,00,0,01,01000000,00000000,01000010,0,1100
26,00,0,00,00000000,00000000,00000000,0,0000
27,00,0,01,00111111,00000000,01000001,0,1100
28,00,0,00,00000000,00000000,00000000,0,0000
29,00,0,01,01000001,00000000,01000011,0,1100
30,00,0,00,00000000,00000000,00000000,0,0000
31,00,0,01,01000011,00000000,01000101,0,1100
32,00,0,01,01000010,00000000,01000100,0,1100
33,00,0,01,01000100,00000000,01000110,0,1100
34,00,0,01,01000101,00000000,01000111,0,1100
35,00,0,00,00000000,00000000,00000000,0,0000
36,00,0,00,00000000,00000000,00000000,0,0000
37,00,0,01,01011101,00000000,01100000,0,1100
38,00,0,10,00001000,00001110,00000000,0,0011
39,00,0,10,00001010,00001110,00000001,0,0011
40,00,0,10,00001100,00001110,00000010,0,0011
41,00,0,10,00001110,00001110,00000011,0,0011
42,00,0,10,00010000,00001110,00000100,0,0011
43,00,0,10,00010010,00001110,00000101,0,0011
44,00,0,10,00010100,00001110,00000110,0,0011
45,00,0,10,00010110,00001110,00000111,0,0011
46,00,0,01,01011110,00000000,01100001,0,1100
47,00,0,01,01011111,00000000,01100010,0,1100
48,00,0,01,01100000,00000000,01100011,0,1100
49,00,0,01,01100001,00000000,01100100,0,1100
50,00,0,01,01100010,00000000,01100101,0,1100
51,00,0,10,00101000,00101101,00100000,0,0011
52,00,0,10,00101010,00101101,00100001,0,0011
53,10,0,10,00101100,00101101,00100010,0,0011
54,00,0,01,01100100,00000000,01100111,0,1100
55,00,0,01,01100011,00000000,01100110,0,1100
56,00,0,01,01111100,00000000,10000000,0,1100
57,10,0,10,00101110,00101101,00100011,0,0011
58,00,0,01,01111101,00000000,10000001,0,1100
59,00,0,01,01111110,00000000,10000010,0,1100
60,00,0,01,01111111,00000000,10000011,0,1100
61,10,0,10,00110000,00101101,00100100,0,0011
62,00,0,01,10000001,00000000,10000101,0,1100
63,00,0,00,00000000,00000000,00000000,0,0000
64,00,0,01,10000000,00000000,10000100,0,1100
65,10,0,10,00110010,00101101,00100101,0,0011
66,00,0,01,10000010,00000000,10000110,0,1100
67,00,0,01,10000011,00000000,10000111,0,1100
68,00,0,01,10011011,00000000,10100000,0,1100
69,10,0,10,00110100,00101101,00100110,0,0011
70,00,0,01,10011100,00000000,10100001,0,1100
71,00,0,01,10011101,00000000,10100010,0,1100
72,00,0,01,10011110,00000000,10100011,0,1100
73,10,0,10,00110110,00101101,00100111,0,0011
74,00,0,01,10100000,00000000,10100101,0,1100
75,00,0,01,00001111,00000000,00001001,0,1011
76,00,0,01,10011111,00000000,10100100,0,1100
77,10,0,10,01001000,01001100,01000000,0,0011
78,00,0,01,10100001,00000000,10100110,0,1100
79,00,0,01,10100010,00000000,10100111,0,1100
80,00,0,01,10111010,00000000,11000000,0,1100
81,00,0,01,00010000,00000000,00001011,0,1011
82,10,0,10,01001010,01001100,01000001,0,0011
83,00,0,01,10111011,00000000,11000001,0,1100
84,00,0,01,10111101,00000000,11000011,0,1100
85,00,0,00,00000000,00000000,00000000,0,0000
86,10,0,10,01001100,01001100,01000010,0,0011
87,00,0,01,00010001,00000000,00001101,0,1011
88,00,0,01,10111100,00000000,11000010,0,1100
89,00,0,00,00000000,00000000,00000000,0,0000
90,10,0,10,01001110,01001100,01000011,0,0011
91,00,0,01,10111110,00000000,11000100,0,1100
92,00,0,01,10111111,00000000,11000101,0,1100
93,00,0,01,00010010,00000000,00001111,0,1011
94,00,0,01,11000000,00000000,11000110,0,1100
95,10,0,10,01010000,01001100,01000100,0,0011
96,00,0,01,11000001,00000000,11000111,0,1100
97,00,0,00,00000000,00000000,00000000,0,0000
98,00,0,00,00000000,00000000,00000000,0,0000
99,00,0,01,00010011,00000000,00010001,0,1011
100,10,0,10,01010010,01001100,01000101,0,0011
101,00,0,01,11011001,00000000,11100000,0,1100
102,00,0,01,11011010,00000000,11100001,0,1100
103,00,0,00,00000000,00000000,00000000,0,0000
104,10,0,10,01010100,01001100,01000110,0,0011
105,00,0,01,00010100,00000000,00010011,0,1011
106,00,0,01,11011011,00000000,11100010,0,1100
107,00,0,01,11011100,00000000,11100011,0,1100
108,10,0,10,01010110,01001100,01000111,0,0011
109,00,0,00,00000000,00000000,00000000,0,0000
110,00,0,01,11011101,00000000,11100100,0,1100
111,00,0,01,00010101,00000000,00010101,0,1011
112,10,0,10,01101000,01101011,01100000,0,0011
113,00,0,01,11011110,00000000,11100101,0,1100
114,00,0,01,11011111,00000000,11100110,0,1100
115,00,0,01,11100000,00000000,11100111,0,1100
116,10,0,10,01101010,01101011,01100001,0,0011
117,00,0,01,00010110,00000000,00010111,0,1011
118,00,0,00,00000000,00000000,00000000,0,0000
119,00,0,00,00000000,00000000,00000000,0,0000
120,10,0,10,01101100,01101011,01100010,0,0011
121,00,0,00,00000000,00000000,00000000,0,0000
122,00,0,00,00000000,00000000,00000000,0,0000
123,00,0,01,00101110,00000000,00101001,0,1011
124,10,0,10,01101110,01101011,01100011,0,0011
125,00,0,00,00000000,00000000,00000000,0,0000
126,00,0,00,00000000,00000000,00000000,0,0000
127,00,0,00,00000000,00000000,00000000,0,0000
128,10,0,10,01110000,01101011,01100100,0,0011
129,00,0,01,00101111,00000000,00101011,0,1011
130,00,0,00,00000000,00000000,00000000,0,0000
131,00,0,00,00000000,00000000,00000000,0,0000
132,10,0,10,01110010,01101011,01100101,0,0011
133,00,0,00,00000000,00000000,00000000,0,0000
134,00,0,00,00000000,00000000,00000000,0,0000
135,00,0,01,00110000,00000000,00101101,0,1011
136,10,0,10,01110100,01101011,01100110,0,0011
137,00,0,00,00000000,00000000,00000000,0,0000
138,00,0,00,00000000,00000000,00000000,0,0000
139,00,0,00,00000000,00000000,00000000,0,0000
140,10,0,10,01110110,01101011,01100111,0,0011
141,00,0,01,00110001,00000000,00101111,0,1011
142,00,0,00,00000000,00000000,00000000,0,0000
143,00,0,00,00000000,00000000,00000000,0,0000
144,10,0,10,10001000,10001010,10000000,0,0011
145,00,0,00,00000000,00000000,00000000,0,0000
146,00,0,00,00000000,00000000,00000000,0,0000
147,00,0,01,00110010,00000000,00110001,0,1011
148,10,0,10,10001010,10001010,10000001,0,0011
149,00,0,00,00000000,00000000,00000000,0,0000
150,00,0,00,00000000,00000000,00000000,0,0000
151,00,0,00,00000000,00000000,00000000,0,0000
152,10,0,10,10001100,10001010,10000010,0,0011
153,00,0,01,00110011,00000000,00110011,0,1011
154,00,0,00,00000000,00000000,00000000,0,0000
155,00,0,00,00000000,00000000,00000000,0,0000
156,10,0,10,10001110,10001010,10000011,0,0011
157,00,0,00,00000000,00000000,00000000,0,0000
158,00,0,00,00000000,00000000,00000000,0,0000
159,00,0,01,00110100,00000000,00110101,0,1011
160,10,0,10,10010000,10001010,10000100,0,0011
161,00,0,00,00000000,00000000,00000000,0,0000
162,00,0,00,00000000,00000000,00000000,0,0000
163,00,0,00,00000000,00000000,00000000,0,0000
164,10,0,10,10010010,10001010,10000101,0,0011
165,00,0,01,00110101,00000000,00110111,0,1011
166,00,0,00,00000000,00000000,00000000,0,0000
167,00,0,00,00000000,00000000,00000000,0,0000
168,10,0,10,10010100,10001010,10000110,0,0011
169,00,0,00,00000000,00000000,00000000,0,0000
170,00,0,00,00000000,00000000,00000000,0,0000
171,00,0,01,01001101,00000000,01001001,0,1011
172,10,0,10,10010110,10001010,10000111,0,0011
173,00,0,00,00000000,00000000,00000000,0,0000
174,00,0,00,00000000,00000000,00000000,0,0000
175,00,0,00,00000000,00000000,00000000,0,0000
176,10,0,10,00011000,00011110,00001000,0,0011
177,00,0,01,01001110,00000000,01001011,0,1011
178,00,0,00,00000000,00000000,00000000,0,0000
179,00,0,00,00000000,00000000,00000000,0,0000
180,10,0,10,00011001,00011110,00001010,0,0011
181,00,0,00,00000000,00000000,00000000,0,0000
182,00,0,00,00000000,00000000,00000000,0,0000
183,00,0,01,01001111,00000000,01001101,0,1011
184,10,0,10,00011010,00011110,00001100,0,0011
185,00,0,00,00000000,00000000,00000000,0,0000
186,00,0,00,00000000,00000000,00000000,0,0000
187,00,0,00,00000000,00000000,00000000,0,0000
188,10,0,10,00011011,00011110,00001110,0,0011
189,00,0,01,01010000,00000000,01001111,0,1011
190,00,0,00,00000000,00000000,00000000,0,0000
191,00,0,00,00000000,00000000,00000000,0,0000
192,10,0,10,00011100,00011110,00010000,0,0011
193,00,0,00,00000000,00000000,00000000,0,0000
194,00,0,00,00000000,00000000,00000000,0,0000
195,00,0,01,01010001,00000000,01010001,0,1011
196,10,0,10,00011101,00011110,00010010,0,0011
197,00,0,00,00000000,00000000,00000000,0,0000
198,00,0,00,00000000,00000000,00000000,0,0000
199,00,0,00,00000000,00000000,00000000,0,0000
200,10,0,10,00011110,00011110,00010100,0,0011
201,00,0,01,01010010,00000000,01010011,0,1011
202,00,0,00,00000000,00000000,00000000,0,0000
203,00,0,00,00000000,00000000,00000000,0,0000
204,10,0,10,10101000,10101001,10100000,0,0011
205,00,0,00,00000000,00000000,00000000,0,0000
206,00,0,00,00000000,00000000,00000000,0,0000
207,00,0,00,00000000,00000000,00000000,0,0000
208,00,0,01,01010011,00000000,01010101,0,1011
209,10,0,10,00011111,00011110,00010110,0,0011
210,00,0,00,00000000,00000000,00000000,0,0000
211,00,0,00,00000000,00000000,00000000,0,0000
212,00,0,00,00000000,00000000,00000000,0,0000
213,10,0,10,10101010,10101001,10100001,0,0011
214,00,0,01,01010100,00000000,01010111,0,1011
215,00,0,00,00000000,00000000,00000000,0,0000
216,00,0,00,00000000,00000000,00000000,0,0000
217,10,0,10,10101100,10101001,10100010,0,0011
218,00,0,00,00000000,00000000,00000000,0,0000
219,00,0,00,00000000,00000000,00000000,0,0000
220,00,0,01,01101100,00000000,01101001,0,1011
221,10,0,10,10101110,10101001,10100011,0,0011
222,00,0,01,11111000,00000000,00000000,0,1100
223,00,0,00,00000000,00000000,00000000,0,0000
224,00,0,01,11111001,00000000,00000001,0,1100
225,10,0,10,00111000,00111101,00101000,0,0011
226,00,0,01,01101110,00000000,01101101,0,1011
227,00,0,01,11111010,00000000,00000010,0,1100
228,00,0,01,11111011,00000000,00000011,0,1100
229,10,0,10,00111001,00111101,00101010,0,0011
230,00,0,01,11111100,00000000,00000100,0,1100
231,00,0,01,11111101,00000000,00000101,0,1100
232,00,0,01,01101101,00000000,01101011,0,1011
233,10,0,10,00111010,00111101,00101100,0,0011
234,00,0,01,11111111,00000000,00000111,0,1100
235,00,0,01,11111110,00000000,00000110,0,1100
236,00,0,00,00000000,00000000,00000000,0,0000
237,10,0,10,00111011,00111101,00101110,0,0011
238,00,0,01,01101111,00000000,01101111,0,1011
239,00,0,00,00000000,00000000,00000000,0,0000
240,00,0,00,00000000,00000000,00000000,0,0000
241,10,0,10,00111100,00111101,00110000,0,0011
242,00,0,00,00000000,00000000,00000000,0,0000
243,00,0,00,00000000,00000000,00000000,0,0000
244,00,0,01,01110000,00000000,01110001,0,1011
245,10,0,10,00111101,00111101,00110010,0,0011
246,00,0,00,00000000,00000000,00000000,0,0000
247,00,0,00,00000000,00000000,00000000,0,0000
248,00,0,00,00000000,00000000,00000000,0,0000
249,10,0,10,00111110,00111101,00110100,0,0011
250,00,0,01,01110001,00000000,01110011,0,1011
251,00,0,00,00000000,00000000,00000000,0,0000
252,00,0,00,00000000,00000000,00000000,0,0000
253,10,0,10,10110000,10101001,10100100,0,0011
254,00,0,00,00000000,00000000,00000000,0,0000
255,00,0,00,00000000,00000000,00000000,0,0000
256,00,0,00,00000000,00000000,00000000,0,0000
257,00,0,01,01110010,00000000,01110101,0,1011
258,10,0,10,00111111,00111101,00110110,0,0011
259,00,0,00,00000000,00000000,00000000,0,0000
260,00,0,00,00000000,00000000,00000000,0,0000
261,00,0,00,00000000,00000000,00000000,0,0000
262,10,0,10,10110010,10101001,10100101,0,0011
263,00,0,01,01110011,00000000,01110111,0,1011
264,00,0,00,00000000,00000000,00000000,0,0000
265,00,0,00,00000000,00000000,00000000,0,0000
266,10,0,10,10110100,10101001,10100110,0,0011
267,00,0,00,00000000,00000000,00000000,0,0000
268,00,0,00,00000000,00000000,00000000,0,0000
269,00,0,01,10001011,00000000,10001001,0,1011
270,10,0,10,10110110,10101001,10100111,0,0011
271,00,0,01,00010111,00000000,00100000,0,1100
272,00,0,00,00000000,00000000,00000000,0,0000
273,00,0,01,00011000,00000000,00100001,0,1100
274,10,0,10,01011000,01011100,01001000,0,0011
275,00,0,01,10001101,00000000,10001101,0,1011
276,00,0,01,00011001,00000000,00100010,0,1100
277,00,0,01,00011010,00000000,00100011,0,1100
278,10,0,10,01011001,01011100,01001010,0,0011
279,00,0,01,00011011,00000000,00100100,0,1100
280,00,0,01,00011100,00000000,00100101,0,1100
281,00,0,01,10001100,00000000,10001011,0,1011
282,10,0,10,01011010,01011100,01001100,0,0011
283,00,0,01,00011110,00000000,00100111,0,1100
284,00,0,01,00011101,00000000,00100110,0,1100
285,00,0,00,00000000,00000000,00000000,0,0000
286,10,0,10,01011011,01011100,01001110,0,0011
287,00,0,01,10001110,00000000,10001111,0,1011
288,00,0,00,00000000,00000000,00000000,0,0000
289,00,0,00,00000000,00000000,00000000,0,0000
290,10,0,10,01011100,01011100,01010000,0,0011
291,00,0,00,00000000,00000000,00000000,0,0000
292,00,0,00,00000000,00000000,00000000,0,0000
293,00,0,01,10001111,00000000,10010001,0,1011
294,10,0,10,01011101,01011100,01010010,0,0011
295,00,0,00,00000000,00000000,00000000,0,0000
296,00,0,00,00000000,00000000,00000000,0,0000
297,00,0,00,00000000,00000000,00000000,0,0000
298,10,0,10,01011110,01011100,01010100,0,0011
299,00,0,01,10010000,00000000,10010011,0,1011
300,00,0,00,00000000,00000000,00000000,0,0000
301,00,0,00,00000000,00000000,00000000,0,0000
302,10,0,10,11001000,11001000,11000000,0,0011
303,00,0,00,00000000,00000000,00000000,0,0000
304,00,0,00,00000000,00000000,00000000,0,0000
305,00,0,00,00000000,00000000,00000000,0,0000
306,00,0,01,10010001,00000000,10010101,0,1011
307,10,0,10,01011111,01011100,01010110,0,0011
308,00,0,00,00000000,00000000,00000000,0,0000
309,00,0,00,00000000,00000000,00000000,0,0000
310,00,0,00,00000000,00000000,00000000,0,0000
311,10,0,10,11001010,11001000,11000001,0,0011
312,00,0,01,10010010,00000000,10010111,0,1011
313,00,0,00,00000000,00000000,00000000,0,0000
314,00,0,00,00000000,00000000,00000000,0,0000
315,10,0,10,11001100,11001000,11000010,0,0011
316,00,0,00,00000000,00000000,00000000,0,0000
317,00,0,00,00000000,00000000,00000000,0,0000
318,00,0,01,10101010,00000000,10101001,0,1011
319,10,0,10,11001110,11001000,11000011,0,0011
320,00,0,01,00110110,00000000,01000000,0,1100
321,00,0,00,00000000,00000000,00000000,0,0000
322,00,0,01,00110111,00000000,01000001,0,1100
323,10,0,10,01111000,01111011,01101000,0,0011
324,00,0,01,10101100,00000000,10101101,0,1011
325,00,0,01,00111000,00000000,01000010,0,1100
326,00,0,01,00111001,00000000,01000011,0,1100
327,10,0,10,01111001,01111011,01101010,0,0011
328,00,0,01,00111010,00000000,01000100,0,1100
329,00,0,01,00111011,00000000,01000101,0,1100
330,00,0,01,10101011,00000000,10101011,0,1011
331,10,0,10,01111010,01111011,01101100,0,0011
332,00,0,01,00111101,00000000,01000111,0,1100
333,00,0,01,00111100,00000000,01000110,0,1100
334,00,0,00,00000000,00000000,00000000,0,0000
335,10,0,10,01111011,01111011,01101110,0,0011
336,00,0,01,10101101,00000000,10101111,0,1011
337,00,0,00,00000000,00000000,00000000,0,0000
338,00,0,00,00000000,00000000,00000000,0,0000
339,10,0,10,01111100,01111011,01110000,0,0011
340,00,0,00,00000000,00000000,00000000,0,0000
341,00,0,00,00000000,00000000,00000000,0,0000
342,00,0,01,10101110,00000000,10110001,0,1011
343,10,0,10,01111101,01111011,01110010,0,0011
344,00,0,00,00000000,00000000,00000000,0,0000
345,00,0,00,00000000,00000000,00000000,0,0000
346,00,0,00,00000000,00000000,00000000,0,0000
347,10,0,10,01111110,01111011,01110100,0,0011
348,00,0,01,10101111,00000000,10110011,0,1011
349,00,0,00,00000000,00000000,00000000,0,0000
350,00,0,00,00000000,00000000,00000000,0,0000
351,10,0,10,11010000,11001000,11000100,0,0011
352,00,0,00,00000000,00000000,00000000,0,0000
353,00,0,00,00000000,00000000,00000000,0,0000
354,00,0,00,00000000,00000000,00000000,0,0000
355,00,0,01,10110000,00000000,10110101,0,1011
356,10,0,10,01111111,01111011,01110110,0,0011
357,00,0,00,00000000,00000000,00000000,0,0000
358,00,0,00,00000000,00000000,00000000,0,0000
359,00,0,00,00000000,00000000,00000000,0,0000
360,10,0,10,11010010,11001000,11000101,0,0011
361,00,0,01,10110001,00000000,10110111,0,1011
362,00,0,00,00000000,00000000,00000000,0,0000
363,00,0,00,00000000,00000000,00000000,0,0000
364,10,0,10,11010100,11001000,11000110,0,0011
365,00,0,00,00000000,00000000,00000000,0,0000
366,00,0,00,00000000,00000000,00000000,0,0000
367,00,0,01,11001001,00000000,11001001,0,1011
368,10,0,10,11010110,11001000,11000111,0,0011
369,00,0,01,01010101,00000000,01100000,0,1100
370,00,0,01,01010110,00000000,01100001,0,1100
371,00,0,01,01010111,00000000,01100010,0,1100
372,10,0,10,10011000,10011010,10001000,0,0011
373,00,0,01,11001011,00000000,11001101,0,1011
374,00,0,01,01011000,00000000,01100011,0,1100
375,00,0,01,01011001,00000000,01100100,0,1100
376,00,0,01,01011010,00000000,01100101,0,1100
377,00,0,01,01011011,00000000,01100110,0,1100
378,10,0,10,10011001,10011010,10001010,0,0011
379,00,0,01,11001010,00000000,11001011,0,1011
380,00,0,01,01011100,00000000,01100111,0,1100
381,00,0,00,00000000,00000000,00000000,0,0000
382,10,0,10,10011010,10011010,10001100,0,0011
383,00,0,00,00000000,00000000,00000000,0,0000
384,00,0,00,00000000,00000000,00000000,0,0000
385,00,0,01,11001100,00000000,11001111,0,1011
386,10,0,10,10011011,10011010,10001110,0,0011
387,00,0,00,00000000,00000000,00000000,0,0000
388,00,0,00,00000000,00000000,00000000,0,0000
389,00,0,00,00000000,00000000,00000000,0,0000
390,10,0,10,10011100,10011010,10010000,0,0011
391,00,0,01,11001101,00000000,11010001,0,1011
392,00,0,00,00000000,00000000,00000000,0,0000
393,00,0,00,00000000,00000000,00000000,0,0000
394,10,0,10,10011101,10011010,10010010,0,0011
395,00,0,00,00000000,00000000,00000000,0,0000
396,00,0,00,00000000,00000000,00000000,0,0000
397,00,0,00,00000000,00000000,00000000,0,0000
398,00,0,00,00000000,00000000,00000000,0,0000
399,00,0,00,00000000,00000000,00000000,0,0000
400,00,0,01,11001110,00000000,11010011,0,1011
401,00,0,00,00000000,00000000,00000000,0,0000
402,00,0,00,00000000,00000000,00000000,0,0000
403,00,0,00,00000000,00000000,00000000,0,0000
404,00,0,00,00000000,00000000,00000000,0,0000
405,00,0,10,10011110,10011010,10010100,0,0011
406,00,0,10,10011111,10011010,10010110,0,0011
407,00,0,01,11001111,00000000,11010101,0,1011
408,00,0,10,11101000,11100111,11100000,0,0011
409,00,0,10,11101010,11100111,11100001,0,0011
410,00,0,10,11101100,11100111,11100010,0,0011
411,00,0,10,11101110,11100111,11100011,0,0011
412,00,0,01,11010000,00000000,11010111,0,1011
413,00,0,10,11110000,11100111,11100100,0,0011
414,00,0,10,11110010,11100111,11100101,0,0011
415,00,0,10,11110100,11100111,11100110,0,0011
416,00,0,10,10111000,10111001,10101000,0,0011
417,00,0,10,10111001,10111001,10101010,0,0011
418,00,0,10,10111010,10111001,10101100,0,0011
419,00,0,10,10111011,10111001,10101110,0,0011
420,00,0,10,10111100,10111001,10110000,0,0011
421,00,0,10,10111101,10111001,10110010,0,0011
422,00,0,10,10111110,10111001,10110100,0,0011
423,10,0,10,10111111,10111001,10110110,0,0011
424,00,0,00,00000000,00000000,00000000,0,0000
425,00,0,01,01110100,00000000,10000000,0,1100
426,00,0,01,01110101,00000000,10000001,0,1100
427,00,0,00,00000000,00000000,00000000,0,0000
428,10,0,10,11110110,11100111,11100111,0,0011
429,00,0,01,01110111,00000000,10000011,0,1100
430,00,0,01,01110110,00000000,10000010,0,1100
431,00,0,01,01111000,00000000,10000100,0,1100
432,10,0,10,00001000,00000110,00000000,0,0011
433,00,0,00,00000000,00000000,00000000,0,0000
434,00,0,01,01111001,00000000,10000101,0,1100
435,00,0,01,01111010,00000000,10000110,0,1100
436,10,0,10,00001010,00000110,00000001,0,0011
437,00,0,01,01111011,00000000,10000111,0,1100
438,00,0,00,00000000,00000000,00000000,0,0000
439,00,0,01,10010100,00000000,10100001,0,1100
440,10,0,10,00001100,00000110,00000010,0,0011
441,00,0,01,10010011,00000000,10100000,0,1100
442,00,0,01,10010101,00000000,10100010,0,1100
443,00,0,01,10010110,00000000,10100011,0,1100
444,10,0,10,00001110,00000110,00000011,0,0011
445,00,0,01,11101000,00000000,11101001,0,1011
446,00,0,00,00000000,00000000,00000000,0,0000
447,00,0,01,10010111,00000000,10100100,0,1100
448,10,0,10,00010000,00000110,00000100,0,0011
449,00,0,01,10011000,00000000,10100101,0,1100
450,00,0,01,10011001,00000000,10100110,0,1100
451,00,0,01,11101010,00000000,11101101,0,1011
452,10,0,10,00010010,00000110,00000101,0,0011
453,00,0,01,10011010,00000000,10100111,0,1100
454,00,0,00,00000000,00000000,00000000,0,0000
455,00,0,00,00000000,00000000,00000000,0,0000
456,10,0,10,00010100,00000110,00000110,0,0011
457,00,0,01,11101001,00000000,11101011,0,1011
458,00,0,00,00000000,00000000,00000000,0,0000
459,00,0,00,00000000,00000000,00000000,0,0000
460,10,0,10,00010110,00000110,00000111,0,0011
461,00,0,00,00000000,00000000,00000000,0,0000
462,00,0,00,00000000,00000000,00000000,0,0000
463,00,0,01,11101011,00000000,11101111,0,1011
464,10,0,10,00101010,00100101,00100001,0,0011
465,00,0,00,00000000,00000000,00000000,0,0000
466,00,0,00,00000000,00000000,00000000,0,0000
467,00,0,00,00000000,00000000,00000000,0,0000
468,10,0,10,11011000,11011000,11001000,0,0011
469,00,0,01,11101100,00000000,11110001,0,1011
470,00,0,00,00000000,00000000,00000000,0,0000
471,00,0,00,00000000,00000000,00000000,0,0000
472,10,0,10,11011010,11011000,11001100,0,0011
473,00,0,00,00000000,00000000,00000000,0,0000
474,00,0,00,00000000,00000000,00000000,0,0000
475,00,0,00,00000000,00000000,00000000,0,0000
476,10,0,10,11011001,11011000,11001010,0,0011
477,00,0,01,11101101,00000000,11110011,0,1011
478,00,0,00,00000000,00000000,00000000,0,0000
479,00,0,00,00000000,00000000,00000000,0,0000
480,10,0,10,11011011,11011000,11001110,0,0011
481,00,0,00,00000000,00000000,00000000,0,0000
482,00,0,01,11101110,00000000,11110101,0,1011
483,00,0,00,00000000,00000000,00000000,0,0000
484,10,0,10,11011100,11011000,11010000,0,0011
485,00,0,00,00000000,00000000,00000000,0,0000
486,00,0,00,00000000,00000000,00000000,0,0000
487,00,0,00,00000000,00000000,00000000,0,0000
488,10,0,10,11011101,11011000,11010010,0,0011
489,00,0,01,11101111,00000000,11110111,0,1011
490,00,0,00,00000000,00000000,00000000,0,0000
491,00,0,00,00000000,00000000,00000000,0,0000
492,10,0,10,11011110,11011000,11010100,0,0011
493,00,0,00,00000000,00000000,00000000,0,0000
494,00,0,01,00000111,00000000,00001001,0,1011
495,00,0,00,00000000,00000000,00000000,0,0000
496,10,0,10,11011111,11011000,11010110,0,0011
497,00,0,00,00000000,00000000,00000000,0,0000
498,00,0,00,00000000,00000000,00000000,0,0000
499,00,0,00,00000000,00000000,00000000,0,0000
500,00,0,01,00001000,00000000,00001011,0,1011
501,10,0,10,00101000,00100101,00100000,0,0011
502,00,0,00,00000000,00000000,00000000,0,0000
503,00,0,00,00000000,00000000,00000000,0,0000
504,00,0,00,00000000,00000000,00000000,0,0000
505,10,0,10,00101100,00100101,00100010,0,0011
506,00,0,01,00001001,00000000,00001101,0,1011
507,00,0,00,00000000,00000000,00000000,0,0000
508,00,0,00,00000000,00000000,00000000,0,0000
509,10,0,10,00101110,00100101,00100011,0,0011
510,00,0,01,10110010,00000000,11000000,0,1100
511,00,0,01,10110011,00000000,11000001,0,1100
512,00,0,01,00001010,00000000,00001111,0,1011
513,10,0,10,00110000,00100101,00100100,0,0011
514,00,0,01,10110100,00000000,11000010,0,1100
515,00,0,01,10110101,00000000,11000011,0,1100
516,00,0,01,10110110,00000000,11000100,0,1100
517,10,0,10,00110010,00100101,00100101,0,0011
518,00,0,01,00001011,00000000,00010001,0,1011
519,00,0,01,10110111,00000000,11000101,0,1100
520,00,0,01,10111000,00000000,11000110,0,1100
521,10,0,10,00110100,00100101,00100110,0,0011
522,00,0,01,10111001,00000000,11000111,0,1100
523,00,0,00,00000000,00000000,00000000,0,0000
524,00,0,01,00001100,00000000,00010011,0,1011
525,10,0,10,01001000,01000100,01000000,0,0011
526,00,0,00,00000000,00000000,00000000,0,0000
527,00,0,00,00000000,00000000,00000000,0,0000
528,00,0,00,00000000,00000000,00000000,0,0000
529,10,0,10,00110110,00100101,00100111,0,0011
530,00,0,01,00001101,00000000,00010101,0,1011
531,00,0,00,00000000,00000000,00000000,0,0000
532,00,0,00,00000000,00000000,00000000,0,0000
533,10,0,10,01001010,01000100,01000001,0,0011
534,00,0,00,00000000,00000000,00000000,0,0000
535,00,0,00,00000000,00000000,00000000,0,0000
536,00,0,01,00001110,00000000,00010111,0,1011
537,10,0,10,10001000,10000010,10000000,0,0011
538,00,0,00,00000000,00000000,00000000,0,0000
539,00,0,00,00000000,00000000,00000000,0,0000
540,00,0,00,00000000,00000000,00000000,0,0000
541,10,0,10,01001100,01000100,01000010,0,0011
542,00,0,01,00100110,00000000,00101001,0,1011
543,00,0,00,00000000,00000000,00000000,0,0000
544,00,0,00,00000000,00000000,00000000,0,0000
545,10,0,10,11111000,11110111,11101000,0,0011
546,00,0,00,00000000,00000000,00000000,0,0000
547,00,0,00,00000000,00000000,00000000,0,0000
548,00,0,01,00100111,00000000,00101011,0,1011
549,10,0,10,11111001,11110111,11101010,0,0011
550,00,0,00,00000000,00000000,00000000,0,0000
551,00,0,00,00000000,00000000,00000000,0,0000
552,00,0,00,00000000,00000000,00000000,0,0000
553,10,0,10,11111010,11110111,11101100,0,0011
554,00,0,01,00101000,00000000,00101101,0,1011
555,00,0,00,00000000,00000000,00000000,0,0000
556,00,0,00,00000000,00000000,00000000,0,0000
557,10,0,10,11111011,11110111,11101110,0,0011
558,00,0,00,00000000,00000000,00000000,0,0000
559,00,0,00,00000000,00000000,00000000,0,0000
560,00,0,01,00101001,00000000,00101111,0,1011
561,10,0,10,11111100,11110111,11110000,0,0011
562,00,0,00,00000000,00000000,00000000,0,0000
563,00,0,00,00000000,00000000,00000000,0,0000
564,00,0,00,00000000,00000000,00000000,0,0000
565,10,0,10,11111101,11110111,11110010,0,0011
566,00,0,01,00101010,00000000,00110001,0,1011
567,00,0,00,00000000,00000000,00000000,0,0000
568,00,0,00,00000000,00000000,00000000,0,0000
569,10,0,10,11111110,11110111,11110100,0,0011
570,00,0,00,00000000,00000000,00000000,0,0000
571,00,0,00,00000000,00000000,00000000,0,0000
572,00,0,01,00101011,00000000,00110011,0,1011
573,10,0,10,11111111,11110111,11110110,0,0011
574,00,0,00,00000000,00000000,00000000,0,0000
575,00,0,00,00000000,00000000,00000000,0,0000
576,00,0,00,00000000,00000000,00000000,0,0000
577,10,0,10,01001110,01000100,01000011,0,0011
578,00,0,00,00000000,00000000,00000000,0,0000
579,00,0,01,00101100,00000000,00110101,0,1011
580,00,0,00,00000000,00000000,00000000,0,0000
581,10,0,10,01010000,01000100,01000100,0,0011
582,00,0,00,00000000,00000000,00000000,0,0000
583,00,0,00,00000000,00000000,00000000,0,0000
584,00,0,00,00000000,00000000,00000000,0,0000
585,00,0,01,00101101,00000000,00110111,0,1011
586,10,0,10,01010010,01000100,01000101,0,0011
587,00,0,01,11010001,00000000,11100000,0,1100
588,00,0,01,11010010,00000000,11100001,0,1100
589,00,0,01,11010011,00000000,11100010,0,1100
590,10,0,10,01010100,01000100,01000110,0,0011
591,00,0,01,01000110,00000000,01001011,0,1011
592,00,0,01,11010100,00000000,11100011,0,1100
593,00,0,01,11010110,00000000,11100101,0,1100
594,00,0,01,11010101,00000000,11100100,0,1100
595,10,0,10,00011000,00010110,00001000,0,0011
596,00,0,01,11010111,00000000,11100110,0,1100
597,00,0,01,01000101,00000000,01001001,0,1011
598,00,0,01,11011000,00000000,11100111,0,1100
599,10,0,10,00011001,00010110,00001010,0,0011
600,00,0,00,00000000,00000000,00000000,0,0000
601,00,0,00,00000000,00000000,00000000,0,0000
602,00,0,00,00000000,00000000,00000000,0,0000
603,10,0,10,00011010,00010110,00001100,0,0011
604,00,0,01,01000111,00000000,01001101,0,1011
605,00,0,00,00000000,00000000,00000000,0,0000
606,00,0,00,00000000,00000000,00000000,0,0000
607,00,0,00,00000000,00000000,00000000,0,0000
608,10,0,10,00011011,00010110,00001110,0,0011
609,00,0,00,00000000,00000000,00000000,0,0000
610,00,0,01,10000011,00000000,10001001,0,1011
611,00,0,00,00000000,00000000,00000000,0,0000
612,10,0,10,00011100,00010110,00010000,0,0011
613,00,0,00,00000000,00000000,00000000,0,0000
614,00,0,00,00000000,00000000,00000000,0,0000
615,00,0,00,00000000,00000000,00000000,0,0000
616,10,0,10,00011101,00010110,00010010,0,0011
617,00,0,01,01001000,00000000,01001111,0,1011
618,00,0,00,00000000,00000000,00000000,0,0000
619,00,0,00,00000000,00000000,00000000,0,0000
620,00,0,00,00000000,00000000,00000000,0,0000
621,00,0,00,00000000,00000000,00000000,0,0000
622,00,0,00,00000000,00000000,00000000,0,0000
623,00,0,01,01001001,00000000,01010001,0,1011
624,00,0,00,00000000,00000000,00000000,0,0000
625,00,0,00,00000000,00000000,00000000,0,0000
626,00,0,00,00000000,00000000,00000000,0,0000
627,00,0,00,00000000,00000000,00000000,0,0000
628,00,0,00,00000000,00000000,00000000,0,0000
629,00,0,10,00011110,00010110,00010100,0,0011
630,00,0,10,00011111,00010110,00010110,0,0011
631,00,0,01,01001010,00000000,01010011,0,1011
632,00,0,10,01010110,01000100,01000111,0,0011
633,00,0,10,01101000,01100011,01100000,0,0011
634,00,0,10,01101010,01100011,01100001,0,0011
635,00,0,10,01101100,01100011,01100010,0,0011
636,00,0,01,01001011,00000000,01010101,0,1011
637,00,0,10,01101110,01100011,01100011,0,0011
638,00,0,10,01110000,01100011,01100100,0,0011
639,00,0,10,01110010,01100011,01100101,0,0011
640,00,0,10,00111000,00110101,00101000,0,0011
641,00,0,10,00111001,00110101,00101010,0,0011
642,00,0,10,00111010,00110101,00101100,0,0011
643,00,0,10,00111011,00110101,00101110,0,0011
644,00,0,10,00111100,00110101,00110000,0,0011
645,00,0,10,00111101,00110101,00110010,0,0011
646,00,0,10,00111110,00110101,00110100,0,0011
647,10,0,10,00111111,00110101,00110110,0,0011
648,00,0,00,00000000,00000000,00000000,0,0000
649,00,0,01,11110000,00000000,00000000,0,1100
650,00,0,01,11110001,00000000,00000001,0,1100
651,00,0,00,00000000,00000000,00000000,0,0000
652,10,0,10,01110100,01100011,01100110,0,0011
653,00,0,01,11110011,00000000,00000011,0,1100
654,00,0,01,11110010,00000000,00000010,0,1100
655,00,0,01,11110100,00000000,00000100,0,1100
656,10,0,10,01110110,01100011,01100111,0,0011
657,00,0,00,00000000,00000000,00000000,0,0000
658,00,0,01,11110101,00000000,00000101,0,1100
659,00,0,01,11110110,00000000,00000110,0,1100
660,10,0,10,10001010,10000010,10000001,0,0011
661,00,0,01,11110111,00000000,00000111,0,1100
662,00,0,01,00010000,00000000,00100001,0,1100
663,00,0,01,00001111,00000000,00100000,0,1100
664,10,0,10,10001100,10000010,10000010,0,0011
665,00,0,01,00010001,00000000,00100010,0,1100
666,00,0,00,00000000,00000000,00000000,0,0000
667,00,0,01,00010010,00000000,00100011,0,1100
668,10,0,10,10001110,10000010,10000011,0,0011
669,00,0,01,01001100,00000000,01010111,0,1011
670,00,0,01,00010100,00000000,00100101,0,1100
671,00,0,01,00010011,00000000,00100100,0,1100
672,10,0,10,10010000,10000010,10000100,0,0011
673,00,0,00,00000000,00000000,00000000,0,0000
674,00,0,01,00010101,00000000,00100110,0,1100
675,00,0,01,01100100,00000000,01101001,0,1011
676,10,0,10,10010010,10000010,10000101,0,0011
677,00,0,01,00010110,00000000,00100111,0,1100
678,00,0,00,00000000,00000000,00000000,0,0000
679,00,0,00,00000000,00000000,00000000,0,0000
680,10,0,10,10010100,10000010,10000110,0,0011
681,00,0,01,01100101,00000000,01101011,0,1011
682,00,0,00,00000000,00000000,00000000,0,0000
683,00,0,00,00000000,00000000,00000000,0,0000
684,10,0,10,10010110,10000010,10000111,0,0011
685,00,0,00,00000000,00000000,00000000,0,0000
686,00,0,00,00000000,00000000,00000000,0,0000
687,00,0,01,01100110,00000000,01101101,0,1011
688,10,0,10,10101000,10100001,10100000,0,0011
689,00,0,00,00000000,00000000,00000000,0,0000
690,00,0,00,00000000,00000000,00000000,0,0000
691,00,0,00,00000000,00000000,00000000,0,0000
692,10,0,10,10101010,10100001,10100001,0,0011
693,00,0,01,01100111,00000000,01101111,0,1011
694,00,0,00,00000000,00000000,00000000,0,0000
695,00,0,00,00000000,00000000,00000000,0,0000
696,10,0,10,11001000,11000000,11000000,0,0011
697,00,0,00,00000000,00000000,00000000,0,0000
698,00,0,00,00000000,00000000,00000000,0,0000
699,00,0,01,01101000,00000000,01110001,0,1011
700,10,0,10,10101100,10100001,10100010,0,0011
701,00,0,00,00000000,00000000,00000000,0,0000
702,00,0,00,00000000,00000000,00000000,0,0000
703,00,0,00,00000000,00000000,00000000,0,0000
704,10,0,10,10101110,10100001,10100011,0,0011
705,00,0,01,01101001,00000000,01110011,0,1011
706,00,0,00,00000000,00000000,00000000,0,0000
707,00,0,00,00000000,00000000,00000000,0,0000
708,10,0,10,10110000,10100001,10100100,0,0011
709,00,0,00,00000000,00000000,00000000,0,0000
710,00,0,00,00000000,00000000,00000000,0,0000
711,00,0,01,01101010,00000000,01110101,0,1011
712,10,0,10,10110010,10100001,10100101,0,0011
713,00,0,00,00000000,00000000,00000000,0,0000
714,00,0,00,00000000,00000000,00000000,0,0000
715,00,0,00,00000000,00000000,00000000,0,0000
716,10,0,10,10110100,10100001,10100110,0,0011
717,00,0,01,01101011,00000000,01110111,0,1011
718,00,0,00,00000000,00000000,00000000,0,0000
719,00,0,00,00000000,00000000,00000000,0,0000
720,10,0,10,10110110,10100001,10100111,0,0011
721,00,0,00,00000000,00000000,00000000,0,0000
722,00,0,00,00000000,00000000,00000000,0,0000
723,00,0,01,10000100,00000000,10001011,0,1011
724,10,0,10,11001010,11000000,11000001,0,0011
725,00,0,00,00000000,00000000,00000000,0,0000
726,00,0,00,00000000,00000000,00000000,0,0000
727,00,0,00,00000000,00000000,00000000,0,0000
728,10,0,10,01011000,01010100,01001000,0,0011
729,00,0,01,10000101,00000000,10001101,0,1011
730,00,0,00,00000000,00000000,00000000,0,0000
731,00,0,00,00000000,00000000,00000000,0,0000
732,10,0,10,01011001,01010100,01001010,0,0011
733,00,0,00,00000000,00000000,00000000,0,0000
734,00,0,00,00000000,00000000,00000000,0,0000
735,00,0,01,10000110,00000000,10001111,0,1011
736,10,0,10,01011010,01010100,01001100,0,0011
737,00,0,00,00000000,00000000,00000000,0,0000
738,00,0,00,00000000,00000000,00000000,0,0000
739,00,0,00,00000000,00000000,00000000,0,0000
740,10,0,10,01011011,01010100,01001110,0,0011
741,00,0,01,10000111,00000000,10010001,0,1011
742,00,0,00,00000000,00000000,00000000,0,0000
743,00,0,00,00000000,00000000,00000000,0,0000
744,00,0,00,00000000,00000000,00000000,0,0000
745,10,0,10,01011100,01010100,01010000,0,0011
746,00,0,00,00000000,00000000,00000000,0,0000
747,00,0,01,10001000,00000000,10010011,0,1011
748,00,0,00,00000000,00000000,00000000,0,0000
749,10,0,10,01011101,01010100,01010010,0,0011
750,00,0,00,00000000,00000000,00000000,0,0000
751,00,0,00,00000000,00000000,00000000,0,0000
752,00,0,00,00000000,00000000,00000000,0,0000
753,10,0,10,01011110,01010100,01010100,0,0011
754,00,0,01,10001001,00000000,10010101,0,1011
755,00,0,00,00000000,00000000,00000000,0,0000
756,00,0,00,00000000,00000000,00000000,0,0000
757,10,0,10,01011111,01010100,01010110,0,0011
758,00,0,00,00000000,00000000,00000000,0,0000
759,00,0,00,00000000,00000000,00000000,0,0000
760,00,0,01,10001010,00000000,10010111,0,1011
761,10,0,10,11001100,11000000,11000010,0,0011
762,00,0,00,00000000,00000000,00000000,0,0000
763,00,0,00,00000000,00000000,00000000,0,0000
764,00,0,00,00000000,00000000,00000000,0,0000
765,10,0,10,11001110,11000000,11000011,0,0011
766,00,0,00,00000000,00000000,00000000,0,0000
767,00,0,01,10100010,00000000,10101001,0,1011
768,00,0,00,00000000,00000000,00000000,0,0000
769,10,0,10,11010000,11000000,11000100,0,0011
770,00,0,00,00000000,00000000,00000000,0,0000
771,00,0,01,00101111,00000000,01000001,0,1100
772,00,0,00,00000000,00000000,00000000,0,0000
773,10,0,10,01111000,01110011,01101000,0,0011
774,00,0,01,10100011,00000000,10101011,0,1011
775,00,0,01,00101110,00000000,01000000,0,1100
776,00,0,01,00110000,00000000,01000010,0,1100
777,10,0,10,01111001,01110011,01101010,0,0011
778,00,0,01,00110001,00000000,01000011,0,1100
779,00,0,01,10100100,00000000,10101101,0,1011
780,00,0,00,00000000,00000000,00000000,0,0000
781,00,0,01,00110010,00000000,01000100,0,1100
782,10,0,10,01111010,01110011,01101100,0,0011
783,00,0,01,00110011,00000000,01000101,0,1100
784,00,0,01,00110101,00000000,01000111,0,1100
785,00,0,01,10100101,00000000,10101111,0,1011
786,10,0,10,01111011,01110011,01101110,0,0011
787,00,0,00,00000000,00000000,00000000,0,0000
788,00,0,01,00110100,00000000,01000110,0,1100
789,00,0,00,00000000,00000000,00000000,0,0000
790,10,0,10,01111100,01110011,01110000,0,0011
791,00,0,01,10100110,00000000,10110001,0,1011
792,00,0,00,00000000,00000000,00000000,0,0000
793,00,0,00,00000000,00000000,00000000,0,0000
794,10,0,10,01111110,01110011,01110100,0,0011
795,00,0,00,00000000,00000000,00000000,0,0000
796,00,0,00,00000000,00000000,00000000,0,0000
797,00,0,01,10100111,00000000,10110011,0,1011
798,10,0,10,01111101,01110011,01110010,0,0011
799,00,0,00,00000000,00000000,00000000,0,0000
800,00,0,00,00000000,00000000,00000000,0,0000
801,00,0,00,00000000,00000000,00000000,0,0000
802,10,0,10,01111111,01110011,01110110,0,0011
803,00,0,00,00000000,00000000,00000000,0,0000
804,00,0,01,10101000,00000000,10110101,0,1011
805,00,0,00,00000000,00000000,00000000,0,0000
806,10,0,10,11010010,11000000,11000101,0,0011
807,00,0,00,00000000,00000000,00000000,0,0000
808,00,0,00,00000000,00000000,00000000,0,0000
809,00,0,00,00000000,00000000,00000000,0,0000
810,00,0,01,10101001,00000000,10110111,0,1011
811,10,0,10,11010100,11000000,11000110,0,0011
812,00,0,00,00000000,00000000,00000000,0,0000
813,00,0,00,00000000,00000000,00000000,0,0000
814,00,0,00,00000000,00000000,00000000,0,0000
815,10,0,10,11010110,11000000,11000111,0,0011
816,00,0,01,11000001,00000000,11001001,0,1011
817,00,0,01,01001101,00000000,01100000,0,1100
818,00,0,01,01001110,00000000,01100001,0,1100
819,10,0,10,10011000,10010010,10001000,0,0011
820,00,0,01,01001111,00000000,01100010,0,1100
821,00,0,01,01010000,00000000,01100011,0,1100
822,00,0,01,11000010,00000000,11001011,0,1011
823,10,0,10,10011001,10010010,10001010,0,0011
824,00,0,01,01010001,00000000,01100100,0,1100
825,00,0,01,01010010,00000000,01100101,0,1100
826,00,0,01,01010011,00000000,01100110,0,1100
827,10,0,10,10011010,10010010,10001100,0,0011
828,00,0,01,11000011,00000000,11001101,0,1011
829,00,0,00,00000000,00000000,00000000,0,0000
830,00,0,01,01010100,00000000,01100111,0,1100
831,10,0,10,10011011,10010010,10001110,0,0011
832,00,0,00,00000000,00000000,00000000,0,0000
833,00,0,00,00000000,00000000,00000000,0,0000
834,00,0,01,11000100,00000000,11001111,0,1011
835,10,0,10,10011100,10010010,10010000,0,0011
836,00,0,00,00000000,00000000,00000000,0,0000
837,00,0,00,00000000,00000000,00000000,0,0000
838,00,0,00,00000000,00000000,00000000,0,0000
839,10,0,10,10011101,10010010,10010010,0,0011
840,00,0,01,11000101,00000000,11010001,0,1011
841,00,0,00,00000000,00000000,00000000,0,0000
842,00,0,00,00000000,00000000,00000000,0,0000
843,00,0,00,00000000,00000000,00000000,0,0000
844,00,0,00,00000000,00000000,00000000,0,0000
845,00,0,00,00000000,00000000,00000000,0,0000
846,00,0,01,11000110,00000000,11010011,0,1011
847,00,0,00,00000000,00000000,00000000,0,0000
848,00,0,00,00000000,00000000,00000000,0,0000
849,00,0,00,00000000,00000000,00000000,0,0000
850,00,0,00,00000000,00000000,00000000,0,0000
851,00,0,00,00000000,00000000,00000000,0,0000
852,00,0,10,10011110,10010010,10010100,0,0011
853,00,0,10,10011111,10010010,10010110,0,0011
854,00,0,01,11000111,00000000,11010101,0,1011
855,00,0,10,11101000,11011111,11100000,0,0011
856,00,0,10,11101010,11011111,11100001,0,0011
857,00,0,10,11101100,11011111,11100010,0,0011
858,00,0,10,11101110,11011111,11100011,0,0011
859,00,0,01,11001000,00000000,11010111,0,1011
860,00,0,10,11110000,11011111,11100100,0,0011
861,00,0,10,11110010,11011111,11100101,0,0011
862,00,0,10,11110100,11011111,11100110,0,0011
863,00,0,10,11110110,11011111,11100111,0,0011
864,00,0,10,00001000,11111110,00000000,0,0011
865,00,0,10,00001010,11111110,00000001,0,0011
866,00,0,10,10111000,10110001,10101000,0,0011
867,00,0,10,10111001,10110001,10101010,0,0011
868,00,0,10,10111010,10110001,10101100,0,0011
869,00,0,10,10111011,10110001,10101110,0,0011
870,10,0,10,10111100,10110001,10110000,0,0011
871,00,0,01,01101101,00000000,10000001,0,1100
872,00,0,01,01101100,00000000,10000000,0,1100
873,00,0,01,01101110,00000000,10000010,0,1100
874,10,0,10,10111101,10110001,10110010,0,0011
875,00,0,01,01101111,00000000,10000011,0,1100
876,00,0,01,01110000,00000000,10000100,0,1100
877,00,0,01,01110001,00000000,10000101,0,1100
878,10,0,10,10111110,10110001,10110100,0,0011
879,00,0,01,01110010,00000000,10000110,0,1100
880,00,0,00,00000000,00000000,00000000,0,0000
881,00,0,01,01110011,00000000,10000111,0,1100
882,10,0,10,10111111,10110001,10110110,0,0011
883,00,0,00,00000000,00000000,00000000,0,0000
884,00,0,00,00000000,00000000,00000000,0,0000
885,00,0,00,00000000,00000000,00000000,0,0000
886,10,0,10,00001100,11111110,00000010,0,0011
887,00,0,00,00000000,00000000,00000000,0,0000
888,00,0,00,00000000,00000000,00000000,0,0000
889,00,0,00,00000000,00000000,00000000,0,0000
890,10,0,10,00001110,11111110,00000011,0,0011
891,00,0,00,00000000,00000000,00000000,0,0000
892,00,0,01,11100000,00000000,11101001,0,1011
893,00,0,00,00000000,00000000,00000000,0,0000
894,10,0,10,00010000,11111110,00000100,0,0011
895,00,0,00,00000000,00000000,00000000,0,0000
896,00,0,00,00000000,00000000,00000000,0,0000
897,00,0,01,10001011,00000000,10100000,0,1100
898,00,0,01,11100001,00000000,11101011,0,1011
899,10,0,10,00010010,11111110,00000101,0,0011
900,00,0,01,10001100,00000000,10100001,0,1100
901,00,0,01,10001101,00000000,10100010,0,1100
902,00,0,01,10001111,00000000,10100100,0,1100
903,10,0,10,00010100,11111110,00000110,0,0011
904,00,0,01,11100010,00000000,11101101,0,1011
905,00,0,01,10001110,00000000,10100011,0,1100
906,00,0,01,10010000,00000000,10100101,0,1100
907,10,0,10,00010110,11111110,00000111,0,0011
908,00,0,01,10010001,00000000,10100110,0,1100
909,00,0,00,00000000,00000000,00000000,0,0000
910,00,0,01,11100011,00000000,11101111,0,1011
911,10,0,10,00101010,00011101,00100001,0,0011
912,00,0,01,10010010,00000000,10100111,0,1100
913,00,0,00,00000000,00000000,00000000,0,0000
914,00,0,00,00000000,00000000,00000000,0,0000
915,10,0,10,11011000,11010000,11001000,0,0011
916,00,0,01,11100100,00000000,11110001,0,1011
917,00,0,00,00000000,00000000,00000000,0,0000
918,00,0,00,00000000,00000000,00000000,0,0000
919,10,0,10,11011010,11010000,11001100,0,0011
920,00,0,00,00000000,00000000,00000000,0,0000
921,00,0,00,00000000,00000000,00000000,0,0000
922,00,0,00,00000000,00000000,00000000,0,0000
923,10,0,10,11011001,11010000,11001010,0,0011
924,00,0,01,11100101,00000000,11110011,0,1011
925,00,0,00,00000000,00000000,00000000,0,0000
926,00,0,00,00000000,00000000,00000000,0,0000
927,10,0,10,11011011,11010000,11001110,0,0011
928,00,0,00,00000000,00000000,00000000,0,0000
929,00,0,01,11100110,00000000,11110101,0,1011
930,00,0,00,00000000,00000000,00000000,0,0000
931,10,0,10,11011100,11010000,11010000,0,0011
932,00,0,00,00000000,00000000,00000000,0,0000
933,00,0,00,00000000,00000000,00000000,0,0000
934,00,0,00,00000000,00000000,00000000,0,0000
935,10,0,10,11011101,11010000,11010010,0,0011
936,00,0,01,11100111,00000000,11110111,0,1011
937,00,0,00,00000000,00000000,00000000,0,0000
938,00,0,00,00000000,00000000,00000000,0,0000
939,10,0,10,11011110,11010000,11010100,0,0011
940,00,0,00,00000000,00000000,00000000,0,0000
941,00,0,01,11111111,00000000,00001001,0,1011
942,00,0,00,00000000,00000000,00000000,0,0000
943,10,0,10,11011111,11010000,11010110,0,0011
944,00,0,00,00000000,00000000,00000000,0,0000
945,00,0,00,00000000,00000000,00000000,0,0000
946,00,0,00,00000000,00000000,00000000,0,0000
947,00,0,01,00000000,00000000,00001011,0,1011
948,10,0,10,00101000,00011101,00100000,0,0011
949,00,0,00,00000000,00000000,00000000,0,0000
950,00,0,00,00000000,00000000,00000000,0,0000
951,00,0,00,00000000,00000000,00000000,0,0000
952,10,0,10,00101100,00011101,00100010,0,0011
953,00,0,01,00000001,00000000,00001101,0,1011
954,00,0,00,00000000,00000000,00000000,0,0000
955,00,0,00,00000000,00000000,00000000,0,0000
956,10,0,10,00101110,00011101,00100011,0,0011
957,00,0,01,10101010,00000000,11000000,0,1100
958,00,0,01,10101011,00000000,11000001,0,1100
959,00,0,01,00000010,00000000,00001111,0,1011
960,10,0,10,00110000,00011101,00100100,0,0011
961,00,0,01,10101100,00000000,11000010,0,1100
962,00,0,01,10101101,00000000,11000011,0,1100
963,00,0,01,10101110,00000000,11000100,0,1100
964,10,0,10,00110010,00011101,00100101,0,0011
965,00,0,01,00000011,00000000,00010001,0,1011
966,00,0,01,10101111,00000000,11000101,0,1100
967,00,0,01,10110000,00000000,11000110,0,1100
968,10,0,10,00110100,00011101,00100110,0,0011
969,00,0,01,10110001,00000000,11000111,0,1100
970,00,0,00,00000000,00000000,00000000,0,0000
971,00,0,01,00000100,00000000,00010011,0,1011
972,10,0,10,01001000,00111100,01000000,0,0011
973,00,0,00,00000000,00000000,00000000,0,0000
974,00,0,00,00000000,00000000,00000000,0,0000
975,00,0,00,00000000,00000000,00000000,0,0000
976,10,0,10,00110110,00011101,00100111,0,0011
977,00,0,01,00000101,00000000,00010101,0,1011
978,00,0,00,00000000,00000000,00000000,0,0000
979,00,0,00,00000000,00000000,00000000,0,0000
980,10,0,10,01001010,00111100,01000001,0,0011
981,00,0,00,00000000,00000000,00000000,0,0000
982,00,0,00,00000000,00000000,00000000,0,0000
983,00,0,01,00000110,00000000,00010111,0,1011
984,10,0,10,10001000,01111010,10000000,0,0011
985,00,0,00,00000000,00000000,00000000,0,0000
986,00,0,00,00000000,00000000,00000000,0,0000
987,00,0,00,00000000,00000000,00000000,0,0000
988,10,0,10,01001100,00111100,01000010,0,0011
989,00,0,01,00011110,00000000,00101001,0,1011
990,00,0,00,00000000,00000000,00000000,0,0000
991,00,0,00,00000000,00000000,00000000,0,0000
992,10,0,10,11111000,11101111,11101000,0,0011
993,00,0,00,00000000,00000000,00000000,0,0000
994,00,0,00,00000000,00000000,00000000,0,0000
995,00,0,01,00011111,00000000,00101011,0,1011
996,10,0,10,11111001,11101111,11101010,0,0011
997,00,0,00,00000000,00000000,00000000,0,0000
998,00,0,00,00000000,00000000,00000000,0,0000
999,00,0,00,00000000,00000000,00000000,0,0000
1000,10,0,10,11111010,11101111,11101100,0,0011
1001,00,0,01,00100000,00000000,00101101,0,1011
1002,00,0,00,00000000,00000000,00000000,0,0000
1003,00,0,00,00000000,00000000,00000000,0,0000
1004,10,0,10,11111011,11101111,11101110,0,0011
1005,00,0,00,00000000,00000000,00000000,0,0000
1006,00,0,00,00000000,00000000,00000000,0,0000
1007,00,0,01,00100001,00000000,00101111,0,1011
1008,10,0,10,11111100,11101111,11110000,0,0011
1009,00,0,00,00000000,00000000,00000000,0,0000
1010,00,0,00,00000000,00000000,00000000,0,0000
1011,00,0,00,00000000,00000000,00000000,0,0000
1012,10,0,10,11111101,11101111,11110010,0,0011
1013,00,0,01,00100010,00000000,00110001,0,1011
1014,00,0,00,00000000,00000000,00000000,0,0000
1015,00,0,00,00000000,00000000,00000000,0,0000
1016,10,0,10,11111110,11101111,11110100,0,0011
1017,00,0,00,00000000,00000000,00000000,0,0000
1018,00,0,00,00000000,00000000,00000000,0,0000
1019,00,0,01,00100011,00000000,00110011,0,1011
1020,10,0,10,11111111,11101111,11110110,0,0011
1021,00,0,00,00000000,00000000,00000000,0,0000
1022,00,0,00,00000000,00000000,00000000,0,0000
1023,00,0,00,00000000,00000000,00000000,0,0000
1024,10,0,10,01001110,00111100,01000011,0,0011
1025,00,0,00,00000000,00000000,00000000,0,0000
1026,00,0,01,00100100,00000000,00110101,0,1011
1027,00,0,00,00000000,00000000,00000000,0,0000
1028,10,0,10,01010000,00111100,01000100,0,0011
1029,00,0,00,00000000,00000000,00000000,0,0000
1030,00,0,00,00000000,00000000,00000000,0,0000
1031,00,0,00,00000000,00000000,00000000,0,0000
1032,00,0,01,00100101,00000000,00110111,0,1011
1033,10,0,10,01010010,00111100,01000101,0,0011
1034,00,0,01,11001001,00000000,11100000,0,1100
1035,00,0,01,11001010,00000000,11100001,0,1100
1036,00,0,01,11001011,00000000,11100010,0,1100
1037,10,0,10,01010100,00111100,01000110,0,0011
1038,00,0,01,00111110,00000000,01001011,0,1011
1039,00,0,01,11001100,00000000,11100011,0,1100
1040,00,0,01,11001110,00000000,11100101,0,1100
1041,00,0,01,11001101,00000000,11100100,0,1100
1042,10,0,10,00011000,00001110,00001000,0,0011
1043,00,0,01,11001111,00000000,11100110,0,1100
1044,00,0,01,00111101,00000000,01001001,0,1011
1045,00,0,01,11010000,00000000,11100111,0,1100
1046,10,0,10,00011001,00001110,00001010,0,0011
1047,00,0,00,00000000,00000000,00000000,0,0000
1048,00,0,00,00000000,00000000,00000000,0,0000
1049,00,0,00,00000000,00000000,00000000,0,0000
1050,10,0,10,00011010,00001110,00001100,0,0011
1051,00,0,01,00111111,00000000,01001101,0,1011
1052,00,0,00,00000000,00000000,00000000,0,0000
1053,00,0,00,00000000,00000000,00000000,0,0000
1054,00,0,00,00000000,00000000,00000000,0,0000
1055,10,0,10,00011011,00001110,00001110,0,0011
1056,00,0,00,00000000,00000000,00000000,0,0000
1057,00,0,01,01111011,00000000,10001001,0,1011
1058,00,0,00,00000000,00000000,00000000,0,0000
1059,10,0,10,00011100,00001110,00010000,0,0011
1060,00,0,00,00000000,00000000,00000000,0,0000
1061,00,0,00,00000000,00000000,00000000,0,0000
1062,00,0,00,00000000,00000000,00000000,0,0000
1063,10,0,10,00011101,00001110,00010010,0,0011
1064,00,0,01,01000000,00000000,01001111,0,1011
1065,00,0,00,00000000,00000000,00000000,0,0000
1066,00,0,00,00000000,00000000,00000000,0,0000
1067,00,0,00,00000000,00000000,00000000,0,0000
1068,00,0,00,00000000,00000000,00000000,0,0000
1069,00,0,00,00000000,00000000,00000000,0,0000
1070,00,0,01,01000001,00000000,01010001,0,1011
1071,00,0,00,00000000,00000000,00000000,0,0000
1072,00,0,00,00000000,00000000,00000000,0,0000
1073,00,0,00,00000000,00000000,00000000,0,0000
1074,00,0,00,00000000,00000000,00000000,0,0000
1075,00,0,00,00000000,00000000,00000000,0,0000
1076,00,0,10,00011110,00001110,00010100,0,0011
1077,00,0,10,00011111,00001110,00010110,0,0011
1078,00,0,01,01000010,00000000,01010011,0,1011
1079,00,0,10,01010110,00111100,01000111,0,0011
1080,00,0,10,01101000,01011011,01100000,0,0011
1081,00,0,10,01101010,01011011,01100001,0,0011
1082,00,0,10,01101100,01011011,01100010,0,0011
1083,00,0,01,01000011,00000000,01010101,0,1011
1084,00,0,10,01101110,01011011,01100011,0,0011
1085,00,0,10,01110000,01011011,01100100,0,0011
1086,00,0,10,01110010,01011011,01100101,0,0011
1087,00,0,10,00111000,00101101,00101000,0,0011
1088,00,0,10,00111001,00101101,00101010,0,0011
1089,00,0,10,00111010,00101101,00101100,0,0011
1090,00,0,10,00111011,00101101,00101110,0,0011
1091,00,0,10,00111100,00101101,00110000,0,0011
1092,00,0,10,00111101,00101101,00110010,0,0011
1093,00,0,10,00111110,00101101,00110100,0,0011
1094,10,0,10,00111111,00101101,00110110,0,0011
1095,00,0,00,00000000,00000000,00000000,0,0000
1096,00,0,01,11101000,00000000,00000000,0,1100
1097,00,0,01,11101001,00000000,00000001,0,1100
1098,00,0,00,00000000,00000000,00000000,0,0000
1099,10,0,10,01110100,01011011,01100110,0,0011
1100,00,0,01,11101011,00000000,00000011,0,1100
1101,00,0,01,11101010,00000000,00000010,0,1100
1102,00,0,01,11101100,00000000,00000100,0,1100
1103,10,0,10,01110110,01011011,01100111,0,0011
1104,00,0,00,00000000,00000000,00000000,0,0000
1105,00,0,01,11101101,00000000,00000101,0,1100
1106,00,0,01,11101110,00000000,00000110,0,1100
1107,10,0,10,10001010,01111010,10000001,0,0011
1108,00,0,01,11101111,00000000,00000111,0,1100
1109,00,0,01,00001000,00000000,00100001,0,1100
1110,00,0,01,00000111,00000000,00100000,0,1100
1111,10,0,10,10001100,01111010,10000010,0,0011
1112,00,0,01,00001001,00000000,00100010,0,1100
1113,00,0,00,00000000,00000000,00000000,0,0000
1114,00,0,01,00001010,00000000,00100011,0,1100
1115,10,0,10,10001110,01111010,10000011,0,0011
1116,00,0,01,01000100,00000000,01010111,0,1011
1117,00,0,01,00001100,00000000,00100101,0,1100
1118,00,0,01,00001011,00000000,00100100,0,1100
1119,10,0,10,10010000,01111010,10000100,0,0011
1120,00,0,00,00000000,00000000,00000000,0,0000
1121,00,0,01,00001101,00000000,00100110,0,1100
1122,00,0,01,01011100,00000000,01101001,0,1011
1123,10,0,10,10010010,01111010,10000101,0,0011
1124,00,0,01,00001110,00000000,00100111,0,1100
1125,00,0,00,00000000,00000000,00000000,0,0000
1126,00,0,00,00000000,00000000,00000000,0,0000
1127,10,0,10,10010100,01111010,10000110,0,0011
1128,00,0,01,01011101,00000000,01101011,0,1011
1129,00,0,00,00000000,00000000,00000000,0,0000
1130,00,0,00,00000000,00000000,00000000,0,0000
1131,10,0,10,10010110,01111010,10000111,0,0011
1132,00,0,00,00000000,00000000,00000000,0,0000
1133,00,0,00,00000000,00000000,00000000,0,0000
1134,00,0,01,01011110,00000000,01101101,0,1011
1135,10,0,10,10101000,10011001,10100000,0,0011
1136,00,0,00,00000000,00000000,00000000,0,0000
1137,00,0,00,00000000,00000000,00000000,0,0000
1138,00,0,00,00000000,00000000,00000000,0,0000
1139,10,0,10,10101010,10011001,10100001,0,0011
1140,00,0,01,01011111,00000000,01101111,0,1011
1141,00,0,00,00000000,00000000,00000000,0,0000
1142,00,0,00,00000000,00000000,00000000,0,0000
1143,10,0,10,11001000,10111000,11000000,0,0011
1144,00,0,00,00000000,00000000,00000000,0,0000
1145,00,0,00,00000000,00000000,00000000,0,0000
1146,00,0,01,01100000,00000000,01110001,0,1011
1147,10,0,10,10101100,10011001,10100010,0,0011
1148,00,0,00,00000000,00000000,00000000,0,0000
1149,00,0,00,00000000,00000000,00000000,0,0000
1150,00,0,00,00000000,00000000,00000000,0,0000
1151,10,0,10,10101110,10011001,10100011,0,0011
1152,00,0,01,01100001,00000000,01110011,0,1011
1153,00,0,00,00000000,00000000,00000000,0,0000
1154,00,0,00,00000000,00000000,00000000,0,0000
1155,10,0,10,10110000,10011001,10100100,0,0011
1156,00,0,00,00000000,00000000,00000000,0,0000
1157,00,0,00,00000000,00000000,00000000,0,0000
1158,00,0,01,01100010,00000000,01110101,0,1011
1159,10,0,10,10110010,10011001,10100101,0,0011
1160,00,0,00,00000000,00000000,00000000,0,0000
1161,00,0,00,00000000,00000000,00000000,0,0000
1162,00,0,00,00000000,00000000,00000000,0,0000
1163,10,0,10,10110100,10011001,10100110,0,0011
1164,00,0,01,01100011,00000000,01110111,0,1011
1165,00,0,00,00000000,00000000,00000000,0,0000
1166,00,0,00,00000000,00000000,00000000,0,0000
1167,10,0,10,10110110,10011001,10100111,0,0011
1168,00,0,00,00000000,00000000,00000000,0,0000
1169,00,0,00,00000000,00000000,00000000,0,0000
1170,00,0,01,01111100,00000000,10001011,0,1011
1171,10,0,10,11001010,10111000,11000001,0,0011
1172,00,0,00,00000000,00000000,00000000,0,0000
1173,00,0,00,00000000,00000000,00000000,0,0000
1174,00,0,00,00000000,00000000,00000000,0,0000
1175,10,0,10,01011000,01001100,01001000,0,0011
1176,00,0,01,01111101,00000000,10001101,0,1011
1177,00,0,00,00000000,00000000,00000000,0,0000
1178,00,0,00,00000000,00000000,00000000,0,0000
1179,10,0,10,01011001,01001100,01001010,0,0011
1180,00,0,00,00000000,00000000,00000000,0,0000
1181,00,0,00,00000000,00000000,00000000,0,0000
1182,00,0,01,01111110,00000000,10001111,0,1011
1183,10,0,10,01011010,01001100,01001100,0,0011
1184,00,0,00,00000000,00000000,00000000,0,0000
1185,00,0,00,00000000,00000000,00000000,0,0000
1186,00,0,00,00000000,00000000,00000000,0,0000
1187,10,0,10,01011011,01001100,01001110,0,0011
1188,00,0,01,01111111,00000000,10010001,0,1011
1189,00,0,00,00000000,00000000,00000000,0,0000
1190,00,0,00,00000000,00000000,00000000,0,0000
1191,00,0,00,00000000,00000000,00000000,0,0000
1192,10,0,10,01011100,01001100,01010000,0,0011
1193,00,0,00,00000000,00000000,00000000,0,0000
1194,00,0,01,10000000,00000000,10010011,0,1011
1195,00,0,00,00000000,00000000,00000000,0,0000
1196,10,0,10,01011101,01001100,01010010,0,0011
1197,00,0,00,00000000,00000000,00000000,0,0000
1198,00,0,00,00000000,00000000,00000000,0,0000
1199,00,0,00,00000000,00000000,00000000,0,0000
1200,10,0,10,01011110,01001100,01010100,0,0011
1201,00,0,01,10000001,00000000,10010101,0,1011
1202,00,0,00,00000000,00000000,00000000,0,0000
1203,00,0,00,00000000,00000000,00000000,0,0000
1204,10,0,10,01011111,01001100,01010110,0,0011
1205,00,0,00,00000000,00000000,00000000,0,0000
1206,00,0,00,00000000,00000000,00000000,0,0000
1207,00,0,01,10000010,00000000,10010111,0,1011
1208,10,0,10,11001100,10111000,11000010,0,0011
1209,00,0,00,00000000,00000000,00000000,0,0000
1210,00,0,00,00000000,00000000,00000000,0,0000
1211,00,0,00,00000000,00000000,00000000,0,0000
1212,10,0,10,11001110,10111000,11000011,0,0011
1213,00,0,00,00000000,00000000,00000000,0,0000
1214,00,0,01,10011010,00000000,10101001,0,1011
1215,00,0,00,00000000,00000000,00000000,0,0000
1216,10,0,10,11010000,10111000,11000100,0,0011
1217,00,0,00,00000000,00000000,00000000,0,0000
1218,00,0,01,00100111,00000000,01000001,0,1100
1219,00,0,00,00000000,00000000,00000000,0,0000
1220,10,0,10,01111000,01101011,01101000,0,0011
1221,00,0,01,10011011,00000000,10101011,0,1011
1222,00,0,01,00100110,00000000,01000000,0,1100
1223,00,0,01,00101000,00000000,01000010,0,1100
1224,10,0,10,01111001,01101011,01101010,0,0011
1225,00,0,01,00101001,00000000,01000011,0,1100
1226,00,0,01,10011100,00000000,10101101,0,1011
1227,00,0,00,00000000,00000000,00000000,0,0000
1228,00,0,01,00101010,00000000,01000100,0,1100
1229,10,0,10,01111010,01101011,01101100,0,0011
1230,00,0,01,00101011,00000000,01000101,0,1100
1231,00,0,01,00101101,00000000,01000111,0,1100
1232,00,0,01,10011101,00000000,10101111,0,1011
1233,10,0,10,01111011,01101011,01101110,0,0011
1234,00,0,00,00000000,00000000,00000000,0,0000
1235,00,0,01,00101100,00000000,01000110,0,1100
1236,00,0,00,00000000,00000000,00000000,0,0000
1237,10,0,10,01111100,01101011,01110000,0,0011
1238,00,0,01,10011110,00000000,10110001,0,1011
1239,00,0,00,00000000,00000000,00000000,0,0000
1240,00,0,00,00000000,00000000,00000000,0,0000
1241,10,0,10,01111110,01101011,01110100,0,0011
1242,00,0,00,00000000,00000000,00000000,0,0000
1243,00,0,00,00000000,00000000,00000000,0,0000
1244,00,0,01,10011111,00000000,10110011,0,1011
1245,10,0,10,01111101,01101011,01110010,0,0011
1246,00,0,00,00000000,00000000,00000000,0,0000
1247,00,0,00,00000000,00000000,00000000,0,0000
1248,00,0,00,00000000,00000000,00000000,0,0000
1249,10,0,10,01111111,01101011,01110110,0,0011
1250,00,0,00,00000000,00000000,00000000,0,0000
1251,00,0,01,10100000,00000000,10110101,0,1011
1252,00,0,00,00000000,00000000,00000000,0,0000
1253,10,0,10,11010010,10111000,11000101,0,0011
1254,00,0,00,00000000,00000000,00000000,0,0000
1255,00,0,00,00000000,00000000,00000000,0,0000
1256,00,0,00,00000000,00000000,00000000,0,0000
1257,00,0,01,10100001,00000000,10110111,0,1011
1258,10,0,10,11010100,10111000,11000110,0,0011
1259,00,0,00,00000000,00000000,00000000,0,0000
1260,00,0,00,00000000,00000000,00000000,0,0000
1261,00,0,00,00000000,00000000,00000000,0,0000
1262,10,0,10,11010110,10111000,11000111,0,0011
1263,00,0,01,10111001,00000000,11001001,0,1011
1264,00,0,01,01000101,00000000,01100000,0,1100
1265,00,0,01,01000110,00000000,01100001,0,1100
1266,10,0,10,10011000,10001010,10001000,0,0011
1267,00,0,01,01000111,00000000,01100010,0,1100
1268,00,0,01,01001000,00000000,01100011,0,1100
1269,00,0,01,10111010,00000000,11001011,0,1011
1270,10,0,10,10011001,10001010,10001010,0,0011
1271,00,0,01,01001001,00000000,01100100,0,1100
1272,00,0,01,01001010,00000000,01100101,0,1100
1273,00,0,01,01001011,00000000,01100110,0,1100
1274,10,0,10,10011010,10001010,10001100,0,0011
1275,00,0,01,10111011,00000000,11001101,0,1011
1276,00,0,00,00000000,00000000,00000000,0,0000
1277,00,0,01,01001100,00000000,01100111,0,1100
1278,10,0,10,10011011,10001010,10001110,0,0011
1279,00,0,00,00000000,00000000,00000000,0,0000
1280,00,0,00,00000000,00000000,00000000,0,0000
1281,00,0,01,10111100,00000000,11001111,0,1011
1282,10,0,10,10011100,10001010,10010000,0,0011
1283,00,0,00,00000000,00000000,00000000,0,0000
1284,00,0,00,00000000,00000000,00000000,0,0000
1285,00,0,00,00000000,00000000,00000000,0,0000
1286,10,0,10,10011101,10001010,10010010,0,0011
1287,00,0,01,10111101,00000000,11010001,0,1011
1288,00,0,00,00000000,00000000,00000000,0,0000
1289,00,0,00,00000000,00000000,00000000,0,0000
1290,00,0,00,00000000,00000000,00000000,0,0000
1291,00,0,00,00000000,00000000,00000000,0,0000
1292,00,0,00,00000000,00000000,00000000,0,0000
1293,00,0,01,10111110,00000000,11010011,0,1011
1294,00,0,00,00000000,00000000,00000000,0,0000
1295,00,0,00,00000000,00000000,00000000,0,0000
1296,00,0,00,00000000,00000000,00000000,0,0000
1297,00,0,00,00000000,00000000,00000000,0,0000
1298,00,0,00,00000000,00000000,00000000,0,0000
1299,00,0,10,10011110,10001010,10010100,0,0011
1300,00,0,10,10011111,10001010,10010110,0,0011
1301,00,0,01,10111111,00000000,11010101,0,1011
1302,00,0,10,11101000,11010111,11100000,0,0011
1303,00,0,10,11101010,11010111,11100001,0,0011
1304,00,0,10,11101100,11010111,11100010,0,0011
1305,00,0,10,11101110,11010111,11100011,0,0011
1306,00,0,01,11000000,00000000,11010111,0,1011
1307,00,0,10,11110000,11010111,11100100,0,0011
1308,00,0,10,11110010,11010111,11100101,0,0011
1309,00,0,10,11110100,11010111,11100110,0,0011
1310,00,0,10,11110110,11010111,11100111,0,0011
1311,00,0,10,00001000,11110110,00000000,0,0011
1312,00,0,10,00001010,11110110,00000001,0,0011
1313,00,0,10,10111000,10101001,10101000,0,0011
1314,00,0,10,10111001,10101001,10101010,0,0011
1315,00,0,10,10111010,10101001,10101100,0,0011
1316,00,0,10,10111011,10101001,10101110,0,0011
1317,10,0,10,10111100,10101001,10110000,0,0011
1318,00,0,01,01100101,00000000,10000001,0,1100
1319,00,0,01,01100100,00000000,10000000,0,1100
1320,00,0,01,01100110,00000000,10000010,0,1100
1321,10,0,10,10111101,10101001,10110010,0,0011
1322,00,0,01,01100111,00000000,10000011,0,1100
1323,00,0,01,01101000,00000000,10000100,0,1100
1324,00,0,01,01101001,00000000,10000101,0,1100
1325,10,0,10,10111110,10101001,10110100,0,0011
1326,00,0,01,01101010,00000000,10000110,0,1100
1327,00,0,00,00000000,00000000,00000000,0,0000
1328,00,0,01,01101011,00000000,10000111,0,1100
1329,10,0,10,10111111,10101001,10110110,0,0011
1330,00,0,00,00000000,00000000,00000000,0,0000
1331,00,0,00,00000000,00000000,00000000,0,0000
1332,00,0,00,00000000,00000000,00000000,0,0000
1333,10,0,10,00001100,11110110,00000010,0,0011
1334,00,0,00,00000000,00000000,00000000,0,0000
1335,00,0,00,00000000,00000000,00000000,0,0000
1336,00,0,00,00000000,00000000,00000000,0,0000
1337,10,0,10,00001110,11110110,00000011,0,0011
1338,00,0,00,00000000,00000000,00000000,0,0000
1339,00,0,01,11011000,00000000,11101001,0,1011
1340,00,0,00,00000000,00000000,00000000,0,0000
1341,10,0,10,00010000,11110110,00000100,0,0011
1342,00,0,00,00000000,00000000,00000000,0,0000
1343,00,0,00,00000000,00000000,00000000,0,0000
1344,00,0,01,10000011,00000000,10100000,0,1100
1345,00,0,01,11011001,00000000,11101011,0,1011
1346,10,0,10,00010010,11110110,00000101,0,0011
1347,00,0,01,10000100,00000000,10100001,0,1100
1348,00,0,01,10000101,00000000,10100010,0,1100
1349,00,0,01,10000111,00000000,10100100,0,1100
1350,10,0,10,00010100,11110110,00000110,0,0011
1351,00,0,01,11011010,00000000,11101101,0,1011
1352,00,0,01,10000110,00000000,10100011,0,1100
1353,00,0,01,10001000,00000000,10100101,0,1100
1354,10,0,10,00010110,11110110,00000111,0,0011
1355,00,0,01,10001001,00000000,10100110,0,1100
1356,00,0,00,00000000,00000000,00000000,0,0000
1357,00,0,01,11011011,00000000,11101111,0,1011
1358,10,0,10,00101010,00010101,00100001,0,0011
1359,00,0,01,10001010,00000000,10100111,0,1100
1360,00,0,00,00000000,00000000,00000000,0,0000
1361,00,0,00,00000000,00000000,00000000,0,0000
1362,10,0,10,11011000,11001000,11001000,0,0011
1363,00,0,01,11011100,00000000,11110001,0,1011
1364,00,0,00,00000000,00000000,00000000,0,0000
1365,00,0,00,00000000,00000000,00000000,0,0000
1366,10,0,10,11011010,11001000,11001100,0,0011
1367,00,0,00,00000000,00000000,00000000,0,0000
1368,00,0,00,00000000,00000000,00000000,0,0000
1369,00,0,00,00000000,00000000,00000000,0,0000
1370,10,0,10,11011001,11001000,11001010,0,0011
1371,00,0,01,11011101,00000000,11110011,0,1011
1372,00,0,00,00000000,00000000,00000000,0,0000
1373,00,0,00,00000000,00000000,00000000,0,0000
1374,10,0,10,11011011,11001000,11001110,0,0011
1375,00,0,00,00000000,00000000,00000000,0,0000
1376,00,0,01,11011110,00000000,11110101,0,1011
1377,00,0,00,00000000,00000000,00000000,0,0000
1378,10,0,10,11011100,11001000,11010000,0,0011
1379,00,0,00,00000000,00000000,00000000,0,0000
1380,00,0,00,00000000,00000000,00000000,0,0000
1381,00,0,00,00000000,00000000,00000000,0,0000
1382,10,0,10,11011101,11001000,11010010,0,0011
1383,00,0,01,11011111,00000000,11110111,0,1011
1384,00,0,00,00000000,00000000,00000000,0,0000
1385,00,0,00,00000000,00000000,00000000,0,0000
1386,10,0,10,11011110,11001000,11010100,0,0011
1387,00,0,00,00000000,00000000,00000000,0,0000
1388,00,0,01,11110111,00000000,00001001,0,1011
1389,00,0,00,00000000,00000000,00000000,0,0000
1390,10,0,10,11011111,11001000,11010110,0,0011
1391,00,0,00,00000000,00000000,00000000,0,0000
1392,00,0,00,00000000,00000000,00000000,0,0000
1393,00,0,00,00000000,00000000,00000000,0,0000
1394,00,0,01,11111000,00000000,00001011,0,1011
1395,10,0,10,00101000,00010101,00100000,0,0011
1396,00,0,00,00000000,00000000,00000000,0,0000
1397,00,0,00,00000000,00000000,00000000,0,0000
1398,00,0,00,00000000,00000000,00000000,0,0000
1399,10,0,10,00101100,00010101,00100010,0,0011
1400,00,0,01,11111001,00000000,00001101,0,1011
1401,00,0,00,00000000,00000000,00000000,0,0000
1402,00,0,00,00000000,00000000,00000000,0,0000
1403,10,0,10,00101110,00010101,00100011,0,0011
1404,00,0,01,10100010,00000000,11000000,0,1100
1405,00,0,01,10100011,00000000,11000001,0,1100
1406,00,0,01,11111010,00000000,00001111,0,1011
1407,10,0,10,00110000,00010101,00100100,0,0011
1408,00,0,01,10100100,00000000,11000010,0,1100
1409,00,0,01,10100101,00000000,11000011,0,1100
1410,00,0,01,10100110,00000000,11000100,0,1100
1411,10,0,10,00110010,00010101,00100101,0,0011
1412,00,0,01,11111011,00000000,00010001,0,1011
1413,00,0,01,10100111,00000000,11000101,0,1100
1414,00,0,01,10101000,00000000,11000110,0,1100
1415,10,0,10,00110100,00010101,00100110,0,0011
1416,00,0,01,10101001,00000000,11000111,0,1100
1417,00,0,00,00000000,00000000,00000000,0,0000
1418,00,0,01,11111100,00000000,00010011,0,1011
1419,10,0,10,01001000,00110100,01000000,0,0011
1420,00,0,00,00000000,00000000,00000000,0,0000
1421,00,0,00,00000000,00000000,00000000,0,0000
1422,00,0,00,00000000,00000000,00000000,0,0000
1423,10,0,10,00110110,00010101,00100111,0,0011
1424,00,0,01,11111101,00000000,00010101,0,1011
1425,00,0,00,00000000,00000000,00000000,0,0000
1426,00,0,00,00000000,00000000,00000000,0,0000
1427,10,0,10,01001010,00110100,01000001,0,0011
1428,00,0,00,00000000,00000000,00000000,0,0000
1429,00,0,00,00000000,00000000,00000000,0,0000
1430,00,0,01,11111110,00000000,00010111,0,1011
1431,10,0,10,10001000,01110010,10000000,0,0011
1432,00,0,00,00000000,00000000,00000000,0,0000
1433,00,0,00,00000000,00000000,00000000,0,0000
1434,00,0,00,00000000,00000000,00000000,0,0000
1435,10,0,10,01001100,00110100,01000010,0,0011
1436,00,0,01,00010110,00000000,00101001,0,1011
1437,00,0,00,00000000,00000000,00000000,0,0000
1438,00,0,00,00000000,00000000,00000000,0,0000
1439,10,0,10,11111000,11100111,11101000,0,0011
1440,00,0,00,00000000,00000000,00000000,0,0000
1441,00,0,00,00000000,00000000,00000000,0,0000
1442,00,0,01,00010111,00000000,00101011,0,1011
1443,10,0,10,11111001,11100111,11101010,0,0011
1444,00,0,00,00000000,00000000,00000000,0,0000
1445,00,0,00,00000000,00000000,00000000,0,0000
1446,00,0,00,00000000,00000000,00000000,0,0000
1447,10,0,10,11111010,11100111,11101100,0,0011
1448,00,0,01,00011000,00000000,00101101,0,1011
1449,00,0,00,00000000,00000000,00000000,0,0000
1450,00,0,00,00000000,00000000,00000000,0,0000
1451,10,0,10,11111011,11100111,11101110,0,0011
1452,00,0,00,00000000,00000000,00000000,0,0000
1453,00,0,00,00000000,00000000,00000000,0,0000
1454,00,0,01,00011001,00000000,00101111,0,1011
1455,10,0,10,11111100,11100111,11110000,0,0011
1456,00,0,00,00000000,00000000,00000000,0,0000
1457,00,0,00,00000000,00000000,00000000,0,0000
1458,00,0,00,00000000,00000000,00000000,0,0000
1459,10,0,10,11111101,11100111,11110010,0,0011
1460,00,0,01,00011010,00000000,00110001,0,1011
1461,00,0,00,00000000,00000000,00000000,0,0000
1462,00,0,00,00000000,00000000,00000000,0,0000
1463,10,0,10,11111110,11100111,11110100,0,0011
1464,00,0,00,00000000,00000000,00000000,0,0000
1465,00,0,00,00000000,00000000,00000000,0,0000
1466,00,0,01,00011011,00000000,00110011,0,1011
1467,10,0,10,11111111,11100111,11110110,0,0011
1468,00,0,00,00000000,00000000,00000000,0,0000
1469,00,0,00,00000000,00000000,00000000,0,0000
1470,00,0,00,00000000,00000000,00000000,0,0000
1471,10,0,10,01001110,00110100,01000011,0,0011
1472,00,0,00,00000000,00000000,00000000,0,0000
1473,00,0,01,00011100,00000000,00110101,0,1011
1474,00,0,00,00000000,00000000,00000000,0,0000
1475,10,0,10,01010000,00110100,01000100,0,0011
1476,00,0,00,00000000,00000000,00000000,0,0000
1477,00,0,00,00000000,00000000,00000000,0,0000
1478,00,0,00,00000000,00000000,00000000,0,0000
1479,00,0,01,00011101,00000000,00110111,0,1011
1480,10,0,10,01010010,00110100,01000101,0,0011
1481,00,0,01,11000001,00000000,11100000,0,1100
1482,00,0,01,11000010,00000000,11100001,0,1100
1483,00,0,01,11000011,00000000,11100010,0,1100
1484,10,0,10,01010100,00110100,01000110,0,0011
1485,00,0,01,00110110,00000000,01001011,0,1011
1486,00,0,01,11000100,00000000,11100011,0,1100
1487,00,0,01,11000110,00000000,11100101,0,1100
1488,00,0,01,11000101,00000000,11100100,0,1100
1489,10,0,10,00011000,00000110,00001000,0,0011
1490,00,0,01,11000111,00000000,11100110,0,1100
1491,00,0,01,00110101,00000000,01001001,0,1011
1492,00,0,01,11001000,00000000,11100111,0,1100
1493,10,0,10,00011001,00000110,00001010,0,0011
1494,00,0,00,00000000,00000000,00000000,0,0000
1495,00,0,00,00000000,00000000,00000000,0,0000
1496,00,0,00,00000000,00000000,00000000,0,0000
1497,10,0,10,00011010,00000110,00001100,0,0011
1498,00,0,01,00110111,00000000,01001101,0,1011
1499,00,0,00,00000000,00000000,00000000,0,0000
1500,00,0,00,00000000,00000000,00000000,0,0000
1501,00,0,00,00000000,00000000,00000000,0,0000
1502,10,0,10,00011011,00000110,00001110,0,0011
1503,00,0,00,00000000,00000000,00000000,0,0000
1504,00,0,01,01110011,00000000,10001001,0,1011
1505,00,0,00,00000000,00000000,00000000,0,0000
1506,10,0,10,00011100,00000110,00010000,0,0011
1507,00,0,00,00000000,00000000,00000000,0,0000
1508,00,0,00,00000000,00000000,00000000,0,0000
1509,00,0,00,00000000,00000000,00000000,0,0000
1510,10,0,10,00011101,00000110,00010010,0,0011
1511,00,0,01,00111000,00000000,01001111,0,1011
1512,00,0,00,00000000,00000000,00000000,0,0000
1513,00,0,00,00000000,00000000,00000000,0,0000
1514,00,0,00,00000000,00000000,00000000,0,0000
1515,00,0,00,00000000,00000000,00000000,0,0000
1516,00,0,00,00000000,00000000,00000000,0,0000
1517,00,0,01,00111001,00000000,01010001,0,1011
1518,00,0,00,00000000,00000000,00000000,0,0000
1519,00,0,00,00000000,00000000,00000000,0,0000
1520,00,0,00,00000000,00000000,00000000,0,0000
1521,00,0,00,00000000,00000000,00000000,0,0000
1522,00,0,00,00000000,00000000,00000000,0,0000
1523,00,0,10,00011110,00000110,00010100,0,0011
1524,00,0,10,00011111,00000110,00010110,0,0011
1525,00,0,01,00111010,00000000,01010011,0,1011
1526,00,0,10,01010110,00110100,01000111,0,0011
1527,00,0,10,01101000,01010011,01100000,0,0011
1528,00,0,10,01101010,01010011,01100001,0,0011
1529,00,0,10,01101100,01010011,01100010,0,0011
1530,00,0,01,00111011,00000000,01010101,0,1011
1531,00,0,10,01101110,01010011,01100011,0,0011
1532,00,0,10,01110000,01010011,01100100,0,0011
1533,00,0,10,01110010,01010011,01100101,0,0011
1534,00,0,10,00111000,00100101,00101000,0,0011
1535,00,0,10,00111001,00100101,00101010,0,0011
1536,00,0,10,00111010,00100101,00101100,0,0011
1537,00,0,10,00111011,00100101,00101110,0,0011
1538,00,0,10,00111100,00100101,00110000,0,0011
1539,00,0,10,00111101,00100101,00110010,0,0011
1540,00,0,10,00111110,00100101,00110100,0,0011
1541,10,0,10,00111111,00100101,00110110,0,0011
1542,00,0,00,00000000,00000000,00000000,0,0000
1543,00,0,01,11100000,00000000,00000000,0,1100
1544,00,0,01,11100001,00000000,00000001,0,1100
1545,00,0,00,00000000,00000000,00000000,0,0000
1546,10,0,10,01110100,01010011,01100110,0,0011
1547,00,0,01,11100011,00000000,00000011,0,1100
1548,00,0,01,11100010,00000000,00000010,0,1100
1549,00,0,01,11100100,00000000,00000100,0,1100
1550,10,0,10,01110110,01010011,01100111,0,0011
1551,00,0,00,00000000,00000000,00000000,0,0000
1552,00,0,01,11100101,00000000,00000101,0,1100
1553,00,0,01,11100110,00000000,00000110,0,1100
1554,10,0,10,10001010,01110010,10000001,0,0011
1555,00,0,01,11100111,00000000,00000111,0,1100
1556,00,0,01,00000000,00000000,00100001,0,1100
1557,00,0,01,11111111,00000000,00100000,0,1100
1558,10,0,10,10001100,01110010,10000010,0,0011
1559,00,0,01,00000001,00000000,00100010,0,1100
1560,00,0,00,00000000,00000000,00000000,0,0000
1561,00,0,01,00000010,00000000,00100011,0,1100
1562,10,0,10,10001110,01110010,10000011,0,0011
1563,00,0,01,00111100,00000000,01010111,0,1011
1564,00,0,01,00000100,00000000,00100101,0,1100
1565,00,0,01,00000011,00000000,00100100,0,1100
1566,10,0,10,10010000,01110010,10000100,0,0011
1567,00,0,00,00000000,00000000,00000000,0,0000
1568,00,0,01,00000101,00000000,00100110,0,1100
1569,00,0,01,01010100,00000000,01101001,0,1011
1570,10,0,10,10010010,01110010,10000101,0,0011
1571,00,0,01,00000110,00000000,00100111,0,1100
1572,00,0,00,00000000,00000000,00000000,0,0000
1573,00,0,00,00000000,00000000,00000000,0,0000
1574,10,0,10,10010100,01110010,10000110,0,0011
1575,00,0,01,01010101,00000000,01101011,0,1011
1576,00,0,00,00000000,00000000,00000000,0,0000
1577,00,0,00,00000000,00000000,00000000,0,0000
1578,10,0,10,10010110,01110010,10000111,0,0011
1579,00,0,00,00000000,00000000,00000000,0,0000
1580,00,0,00,00000000,00000000,00000000,0,0000
1581,00,0,01,01010110,00000000,01101101,0,1011
1582,10,0,10,10101000,10010001,10100000,0,0011
1583,00,0,00,00000000,00000000,00000000,0,0000
1584,00,0,00,00000000,00000000,00000000,0,0000
1585,00,0,00,00000000,00000000,00000000,0,0000
1586,10,0,10,10101010,10010001,10100001,0,0011
1587,00,0,01,01010111,00000000,01101111,0,1011
1588,00,0,00,00000000,00000000,00000000,0,0000
1589,00,0,00,00000000,00000000,00000000,0,0000
1590,10,0,10,11001000,10110000,11000000,0,0011
1591,00,0,00,00000000,00000000,00000000,0,0000
1592,00,0,00,00000000,00000000,00000000,0,0000
1593,00,0,01,01011000,00000000,01110001,0,1011
1594,10,0,10,10101100,10010001,10100010,0,0011
1595,00,0,00,00000000,00000000,00000000,0,0000
1596,00,0,00,00000000,00000000,00000000,0,0000
1597,00,0,00,00000000,00000000,00000000,0,0000
1598,10,0,10,10101110,10010001,10100011,0,0011
1599,00,0,01,01011001,00000000,01110011,0,1011
1600,00,0,00,00000000,00000000,00000000,0,0000
1601,00,0,00,00000000,00000000,00000000,0,0000
1602,10,0,10,10110000,10010001,10100100,0,0011
1603,00,0,00,00000000,00000000,00000000,0,0000
1604,00,0,00,00000000,00000000,00000000,0,0000
1605,00,0,01,01011010,00000000,01110101,0,1011
1606,10,0,10,10110010,10010001,10100101,0,0011
1607,00,0,00,00000000,00000000,00000000,0,0000
1608,00,0,00,00000000,00000000,00000000,0,0000
1609,00,0,00,00000000,00000000,00000000,0,0000
1610,10,0,10,10110100,10010001,10100110,0,0011
1611,00,0,01,01011011,00000000,01110111,0,1011
1612,00,0,00,00000000,00000000,00000000,0,0000
1613,00,0,00,00000000,00000000,00000000,0,0000
1614,10,0,10,10110110,10010001,10100111,0,0011
1615,00,0,00,00000000,00000000,00000000,0,0000
1616,00,0,00,00000000,00000000,00000000,0,0000
1617,00,0,01,01110100,00000000,10001011,0,1011
1618,10,0,10,11001010,10110000,11000001,0,0011
1619,00,0,00,00000000,00000000,00000000,0,0000
1620,00,0,00,00000000,00000000,00000000,0,0000
1621,00,0,00,00000000,00000000,00000000,0,0000
1622,10,0,10,01011000,01000100,01001000,0,0011
1623,00,0,01,01110101,00000000,10001101,0,1011
1624,00,0,00,00000000,00000000,00000000,0,0000
1625,00,0,00,00000000,00000000,00000000,0,0000
1626,10,0,10,01011001,01000100,01001010,0,0011
1627,00,0,00,00000000,00000000,00000000,0,0000
1628,00,0,00,00000000,00000000,00000000,0,0000
1629,00,0,01,01110110,00000000,10001111,0,1011
1630,10,0,10,01011010,01000100,01001100,0,0011
1631,00,0,00,00000000,00000000,00000000,0,0000
1632,00,0,00,00000000,00000000,00000000,0,0000
1633,00,0,00,00000000,00000000,00000000,0,0000
1634,10,0,10,01011011,01000100,01001110,0,0011
1635,00,0,01,01110111,00000000,10010001,0,1011
1636,00,0,00,00000000,00000000,00000000,0,0000
1637,00,0,00,00000000,00000000,00000000,0,0000
1638,00,0,00,00000000,00000000,00000000,0,0000
1639,10,0,10,01011100,01000100,01010000,0,0011
1640,00,0,00,00000000,00000000,00000000,0,0000
1641,00,0,01,01111000,00000000,10010011,0,1011
1642,00,0,00,00000000,00000000,00000000,0,0000
1643,10,0,10,01011101,01000100,01010010,0,0011
1644,00,0,00,00000000,00000000,00000000,0,0000
1645,00,0,00,00000000,00000000,00000000,0,0000
1646,00,0,00,00000000,00000000,00000000,0,0000
1647,10,0,10,01011110,01000100,01010100,0,0011
1648,00,0,01,01111001,00000000,10010101,0,1011
1649,00,0,00,00000000,00000000,00000000,0,0000
1650,00,0,00,00000000,00000000,00000000,0,0000
1651,10,0,10,01011111,01000100,01010110,0,0011
1652,00,0,00,00000000,00000000,00000000,0,0000
1653,00,0,00,00000000,00000000,00000000,0,0000
1654,00,0,01,01111010,00000000,10010111,0,1011
1655,10,0,10,11001100,10110000,11000010,0,0011
1656,00,0,00,00000000,00000000,00000000,0,0000
1657,00,0,00,00000000,00000000,00000000,0,0000
1658,00,0,00,00000000,00000000,00000000,0,0000
1659,10,0,10,11001110,10110000,11000011,0,0011
1660,00,0,00,00000000,00000000,00000000,0,0000
1661,00,0,01,10010010,00000000,10101001,0,1011
1662,00,0,00,00000000,00000000,00000000,0,0000
1663,10,0,10,11010000,10110000,11000100,0,0011
1664,00,0,00,00000000,00000000,00000000,0,0000
1665,00,0,01,00011111,00000000,01000001,0,1100
1666,00,0,00,00000000,00000000,00000000,0,0000
1667,10,0,10,01111000,01100011,01101000,0,0011
1668,00,0,01,10010011,00000000,10101011,0,1011
1669,00,0,01,00011110,00000000,01000000,0,1100
1670,00,0,01,00100000,00000000,01000010,0,1100
1671,10,0,10,01111001,01100011,01101010,0,0011
1672,00,0,01,00100001,00000000,01000011,0,1100
1673,00,0,01,10010100,00000000,10101101,0,1011
1674,00,0,00,00000000,00000000,00000000,0,0000
1675,00,0,01,00100010,00000000,01000100,0,1100
1676,10,0,10,01111010,01100011,01101100,0,0011
1677,00,0,01,00100011,00000000,01000101,0,1100
1678,00,0,01,00100101,00000000,01000111,0,1100
1679,00,0,01,10010101,00000000,10101111,0,1011
1680,10,0,10,01111011,01100011,01101110,0,0011
1681,00,0,00,00000000,00000000,00000000,0,0000
1682,00,0,01,00100100,00000000,01000110,0,1100
1683,00,0,00,00000000,00000000,00000000,0,0000
1684,10,0,10,01111100,01100011,01110000,0,0011
1685,00,0,01,10010110,00000000,10110001,0,1011
1686,00,0,00,00000000,00000000,00000000,0,0000
1687,00,0,00,00000000,00000000,00000000,0,0000
1688,10,0,10,01111110,01100011,01110100,0,0011
1689,00,0,00,00000000,00000000,00000000,0,0000
1690,00,0,00,00000000,00000000,00000000,0,0000
1691,00,0,01,10010111,00000000,10110011,0,1011
1692,10,0,10,01111101,01100011,01110010,0,0011
1693,00,0,00,00000000,00000000,00000000,0,0000
1694,00,0,00,00000000,00000000,00000000,0,0000
1695,00,0,00,00000000,00000000,00000000,0,0000
1696,10,0,10,01111111,01100011,01110110,0,0011
1697,00,0,00,00000000,00000000,00000000,0,0000
1698,00,0,01,10011000,00000000,10110101,0,1011
1699,00,0,00,00000000,00000000,00000000,0,0000
1700,10,0,10,11010010,10110000,11000101,0,0011
1701,00,0,00,00000000,00000000,00000000,0,0000
1702,00,0,00,00000000,00000000,00000000,0,0000
1703,00,0,00,00000000,00000000,00000000,0,0000
1704,00,0,01,10011001,00000000,10110111,0,1011
1705,10,0,10,11010100,10110000,11000110,0,0011
1706,00,0,00,00000000,00000000,00000000,0,0000
1707,00,0,00,00000000,00000000,00000000,0,0000
1708,00,0,00,00000000,00000000,00000000,0,0000
1709,10,0,10,11010110,10110000,11000111,0,0011
1710,00,0,01,10110001,00000000,11001001,0,1011
1711,00,0,01,00111101,00000000,01100000,0,1100
1712,00,0,01,00111110,00000000,01100001,0,1100
1713,10,0,10,10011000,10000010,10001000,0,0011
1714,00,0,01,00111111,00000000,01100010,0,1100
1715,00,0,01,01000000,00000000,01100011,0,1100
1716,00,0,01,10110010,00000000,11001011,0,1011
1717,10,0,10,10011001,10000010,10001010,0,0011
1718,00,0,01,01000001,00000000,01100100,0,1100
1719,00,0,01,01000010,00000000,01100101,0,1100
1720,00,0,01,01000011,00000000,01100110,0,1100
1721,10,0,10,10011010,10000010,10001100,0,0011
1722,00,0,01,10110011,00000000,11001101,0,1011
1723,00,0,00,00000000,00000000,00000000,0,0000
1724,00,0,01,01000100,00000000,01100111,0,1100
1725,10,0,10,10011011,10000010,10001110,0,0011
1726,00,0,00,00000000,00000000,00000000,0,0000
1727,00,0,00,00000000,00000000,00000000,0,0000
1728,00,0,01,10110100,00000000,11001111,0,1011
1729,10,0,10,10011100,10000010,10010000,0,0011
1730,00,0,00,00000000,00000000,00000000,0,0000
1731,00,0,00,00000000,00000000,00000000,0,0000
1732,00,0,00,00000000,00000000,00000000,0,0000
1733,10,0,10,10011101,10000010,10010010,0,0011
1734,00,0,01,10110101,00000000,11010001,0,1011
1735,00,0,00,00000000,00000000,00000000,0,0000
1736,00,0,00,00000000,00000000,00000000,0,0000
1737,00,0,00,00000000,00000000,00000000,0,0000
1738,00,0,00,00000000,00000000,00000000,0,0000
1739,00,0,00,00000000,00000000,00000000,0,0000
1740,00,0,01,10110110,00000000,11010011,0,1011
1741,00,0,00,00000000,00000000,00000000,0,0000
1742,00,0,00,00000000,00000000,00000000,0,0000
1743,00,0,00,00000000,00000000,00000000,0,0000
1744,00,0,00,00000000,00000000,00000000,0,0000
1745,00,0,00,00000000,00000000,00000000,0,0000
1746,00,0,10,10011110,10000010,10010100,0,0011
1747,00,0,10,10011111,10000010,10010110,0,0011
1748,00,0,01,10110111,00000000,11010101,0,1011
1749,00,0,10,11101000,11001111,11100000,0,0011
1750,00,0,10,11101010,11001111,11100001,0,0011
1751,00,0,10,11101100,11001111,11100010,0,0011
1752,00,0,10,11101110,11001111,11100011,0,0011
1753,00,0,01,10111000,00000000,11010111,0,1011
1754,00,0,10,11110000,11001111,11100100,0,0011
1755,00,0,10,11110010,11001111,11100101,0,0011
1756,00,0,10,11110100,11001111,11100110,0,0011
1757,00,0,10,11110110,11001111,11100111,0,0011
1758,00,0,10,00001000,11101110,00000000,0,0011
1759,00,0,10,00001010,11101110,00000001,0,0011
1760,00,0,10,10111000,10100001,10101000,0,0011
1761,00,0,10,10111001,10100001,10101010,0,0011
1762,00,0,10,10111010,10100001,10101100,0,0011
1763,00,0,10,10111011,10100001,10101110,0,0011
1764,10,0,10,10111100,10100001,10110000,0,0011
1765,00,0,01,01011101,00000000,10000001,0,1100
1766,00,0,01,01011100,00000000,10000000,0,1100
1767,00,0,01,01011110,00000000,10000010,0,1100
1768,10,0,10,10111101,10100001,10110010,0,0011
1769,00,0,01,01011111,00000000,10000011,0,1100
1770,00,0,01,01100000,00000000,10000100,0,1100
1771,00,0,01,01100001,00000000,10000101,0,1100
1772,10,0,10,10111110,10100001,10110100,0,0011
1773,00,0,01,01100010,00000000,10000110,0,1100
1774,00,0,00,00000000,00000000,00000000,0,0000
1775,00,0,01,01100011,00000000,10000111,0,1100
1776,10,0,10,10111111,10100001,10110110,0,0011
1777,00,0,00,00000000,00000000,00000000,0,0000
1778,00,0,00,00000000,00000000,00000000,0,0000
1779,00,0,00,00000000,00000000,00000000,0,0000
1780,10,0,10,00001100,11101110,00000010,0,0011
1781,00,0,00,00000000,00000000,00000000,0,0000
1782,00,0,00,00000000,00000000,00000000,0,0000
1783,00,0,00,00000000,00000000,00000000,0,0000
1784,10,0,10,00001110,11101110,00000011,0,0011
1785,00,0,00,00000000,00000000,00000000,0,0000
1786,00,0,01,11010000,00000000,11101001,0,1011
1787,00,0,00,00000000,00000000,00000000,0,0000
1788,10,0,10,00010000,11101110,00000100,0,0011
1789,00,0,00,00000000,00000000,00000000,0,0000
1790,00,0,00,00000000,00000000,00000000,0,0000
1791,00,0,01,01111011,00000000,10100000,0,1100
1792,00,0,01,11010001,00000000,11101011,0,1011
1793,10,0,10,00010010,11101110,00000101,0,0011
1794,00,0,01,01111100,00000000,10100001,0,1100
1795,00,0,01,01111101,00000000,10100010,0,1100
1796,00,0,01,01111111,00000000,10100100,0,1100
1797,10,0,10,00010100,11101110,00000110,0,0011
1798,00,0,01,11010010,00000000,11101101,0,1011
1799,00,0,01,01111110,00000000,10100011,0,1100
1800,00,0,01,10000000,00000000,10100101,0,1100
1801,10,0,10,00010110,11101110,00000111,0,0011
1802,00,0,01,10000001,00000000,10100110,0,1100
1803,00,0,00,00000000,00000000,00000000,0,0000
1804,00,0,01,11010011,00000000,11101111,0,1011
1805,10,0,10,00101010,00001101,00100001,0,0011
1806,00,0,01,10000010,00000000,10100111,0,1100
1807,00,0,00,00000000,00000000,00000000,0,0000
1808,00,0,00,00000000,00000000,00000000,0,0000
1809,10,0,10,11011000,11000000,11001000,0,0011
1810,00,0,01,11010100,00000000,11110001,0,1011
1811,00,0,00,00000000,00000000,00000000,0,0000
1812,00,0,00,00000000,00000000,00000000,0,0000
1813,10,0,10,11011010,11000000,11001100,0,0011
1814,00,0,00,00000000,00000000,00000000,0,0000
1815,00,0,00,00000000,00000000,00000000,0,0000
1816,00,0,00,00000000,00000000,00000000,0,0000
1817,10,0,10,11011001,11000000,11001010,0,0011
1818,00,0,01,11010101,00000000,11110011,0,1011
1819,00,0,00,00000000,00000000,00000000,0,0000
1820,00,0,00,00000000,00000000,00000000,0,0000
1821,10,0,10,11011011,11000000,11001110,0,0011
1822,00,0,00,00000000,00000000,00000000,0,0000
1823,00,0,01,11010110,00000000,11110101,0,1011
1824,00,0,00,00000000,00000000,00000000,0,0000
1825,10,0,10,11011100,11000000,11010000,0,0011
1826,00,0,00,00000000,00000000,00000000,0,0000
1827,00,0,00,00000000,00000000,00000000,0,0000
1828,00,0,00,00000000,00000000,00000000,0,0000
1829,10,0,10,11011101,11000000,11010010,0,0011
1830,00,0,01,11010111,00000000,11110111,0,1011
1831,00,0,00,00000000,00000000,00000000,0,0000
1832,00,0,00,00000000,00000000,00000000,0,0000
1833,10,0,10,11011110,11000000,11010100,0,0011
1834,00,0,00,00000000,00000000,00000000,0,0000
1835,00,0,01,11101111,00000000,00001001,0,1011
1836,00,0,00,00000000,00000000,00000000,0,0000
1837,10,0,10,11011111,11000000,11010110,0,0011
1838,00,0,00,00000000,00000000,00000000,0,0000
1839,00,0,00,00000000,00000000,00000000,0,0000
1840,00,0,00,00000000,00000000,00000000,0,0000
1841,00,0,01,11110000,00000000,00001011,0,1011
1842,10,0,10,00101000,00001101,00100000,0,0011
1843,00,0,00,00000000,00000000,00000000,0,0000
1844,00,0,00,00000000,00000000,00000000,0,0000
1845,00,0,00,00000000,00000000,00000000,0,0000
1846,10,0,10,00101100,00001101,00100010,0,0011
1847,00,0,01,11110001,00000000,00001101,0,1011
1848,00,0,00,00000000,00000000,00000000,0,0000
1849,00,0,00,00000000,00000000,00000000,0,0000
1850,10,0,10,00101110,00001101,00100011,0,0011
1851,00,0,01,10011010,00000000,11000000,0,1100
1852,00,0,01,10011011,00000000,11000001,0,1100
1853,00,0,01,11110010,00000000,00001111,0,1011
1854,10,0,10,00110000,00001101,00100100,0,0011
1855,00,0,01,10011100,00000000,11000010,0,1100
1856,00,0,01,10011101,00000000,11000011,0,1100
1857,00,0,01,10011110,00000000,11000100,0,1100
1858,10,0,10,00110010,00001101,00100101,0,0011
1859,00,0,01,11110011,00000000,00010001,0,1011
1860,00,0,01,10011111,00000000,11000101,0,1100
1861,00,0,01,10100000,00000000,11000110,0,1100
1862,10,0,10,00110100,00001101,00100110,0,0011
1863,00,0,01,10100001,00000000,11000111,0,1100
1864,00,0,00,00000000,00000000,00000000,0,0000
1865,00,0,01,11110100,00000000,00010011,0,1011
1866,10,0,10,01001000,00101100,01000000,0,0011
1867,00,0,00,00000000,00000000,00000000,0,0000
1868,00,0,00,00000000,00000000,00000000,0,0000
1869,00,0,00,00000000,00000000,00000000,0,0000
1870,10,0,10,00110110,00001101,00100111,0,0011
1871,00,0,01,11110101,00000000,00010101,0,1011
1872,00,0,00,00000000,00000000,00000000,0,0000
1873,00,0,00,00000000,00000000,00000000,0,0000
1874,10,0,10,01001010,00101100,01000001,0,0011
1875,00,0,00,00000000,00000000,00000000,0,0000
1876,00,0,00,00000000,00000000,00000000,0,0000
1877,00,0,01,11110110,00000000,00010111,0,1011
1878,10,0,10,10001000,01101010,10000000,0,0011
1879,00,0,00,00000000,00000000,00000000,0,0000
1880,00,0,00,00000000,00000000,00000000,0,0000
1881,00,0,00,00000000,00000000,00000000,0,0000
1882,10,0,10,01001100,00101100,01000010,0,0011
1883,00,0,01,00001110,00000000,00101001,0,1011
1884,00,0,00,00000000,00000000,00000000,0,0000
1885,00,0,00,00000000,00000000,00000000,0,0000
1886,10,0,10,11111000,11011111,11101000,0,0011
1887,00,0,00,00000000,00000000,00000000,0,0000
1888,00,0,00,00000000,00000000,00000000,0,0000
1889,00,0,01,00001111,00000000,00101011,0,1011
1890,10,0,10,11111001,11011111,11101010,0,0011
1891,00,0,00,00000000,00000000,00000000,0,0000
1892,00,0,00,00000000,00000000,00000000,0,0000
1893,00,0,00,00000000,00000000,00000000,0,0000
1894,10,0,10,11111010,11011111,11101100,0,0011
1895,00,0,01,00010000,00000000,00101101,0,1011
1896,00,0,00,00000000,00000000,00000000,0,0000
1897,00,0,00,00000000,00000000,00000000,0,0000
1898,10,0,10,11111011,11011111,11101110,0,0011
1899,00,0,00,00000000,00000000,00000000,0,0000
1900,00,0,00,00000000,00000000,00000000,0,0000
1901,00,0,01,00010001,00000000,00101111,0,1011
1902,10,0,10,11111100,11011111,11110000,0,0011
1903,00,0,00,00000000,00000000,00000000,0,0000
1904,00,0,00,00000000,00000000,00000000,0,0000
1905,00,0,00,00000000,00000000,00000000,0,0000
1906,10,0,10,11111101,11011111,11110010,0,0011
1907,00,0,01,00010010,00000000,00110001,0,1011
1908,00,0,00,00000000,00000000,00000000,0,0000
1909,00,0,00,00000000,00000000,00000000,0,0000
1910,10,0,10,11111110,11011111,11110100,0,0011
1911,00,0,00,00000000,00000000,00000000,0,0000
1912,00,0,00,00000000,00000000,00000000,0,0000
1913,00,0,01,00010011,00000000,00110011,0,1011
1914,10,0,10,11111111,11011111,11110110,0,0011
1915,00,0,00,00000000,00000000,00000000,0,0000
1916,00,0,00,00000000,00000000,00000000,0,0000
1917,00,0,00,00000000,00000000,00000000,0,0000
1918,10,0,10,01001110,00101100,01000011,0,0011
1919,00,0,00,00000000,00000000,00000000,0,0000
1920,00,0,01,00010100,00000000,00110101,0,1011
1921,00,0,00,00000000,00000000,00000000,0,0000
1922,10,0,10,01010000,00101100,01000100,0,0011
1923,00,0,00,00000000,00000000,00000000,0,0000
1924,00,0,00,00000000,00000000,00000000,0,0000
1925,00,0,00,00000000,00000000,00000000,0,0000
1926,00,0,01,00010101,00000000,00110111,0,1011
1927,10,0,10,01010010,00101100,01000101,0,0011
1928,00,0,01,10111001,00000000,11100000,0,1100
1929,00,0,01,10111010,00000000,11100001,0,1100
1930,00,0,01,10111011,00000000,11100010,0,1100
1931,10,0,10,01010100,00101100,01000110,0,0011
1932,00,0,01,00101110,00000000,01001011,0,1011
1933,00,0,01,10111100,00000000,11100011,0,1100
1934,00,0,01,10111110,00000000,11100101,0,1100
1935,00,0,01,10111101,00000000,11100100,0,1100
1936,10,0,10,00011000,11111110,00001000,0,0011
1937,00,0,01,10111111,00000000,11100110,0,1100
1938,00,0,01,00101101,00000000,01001001,0,1011
1939,00,0,01,11000000,00000000,11100111,0,1100
1940,10,0,10,00011001,11111110,00001010,0,0011
1941,00,0,00,00000000,00000000,00000000,0,0000
1942,00,0,00,00000000,00000000,00000000,0,0000
1943,00,0,00,00000000,00000000,00000000,0,0000
1944,10,0,10,00011010,11111110,00001100,0,0011
1945,00,0,01,00101111,00000000,01001101,0,1011
1946,00,0,00,00000000,00000000,00000000,0,0000
1947,00,0,00,00000000,00000000,00000000,0,0000
1948,00,0,00,00000000,00000000,00000000,0,0000
1949,10,0,10,00011011,11111110,00001110,0,0011
1950,00,0,00,00000000,00000000,00000000,0,0000
1951,00,0,01,01101011,00000000,10001001,0,1011
1952,00,0,00,00000000,00000000,00000000,0,0000
1953,10,0,10,00011100,11111110,00010000,0,0011
1954,00,0,00,00000000,00000000,00000000,0,0000
1955,00,0,00,00000000,00000000,00000000,0,0000
1956,00,0,00,00000000,00000000,00000000,0,0000
1957,10,0,10,00011101,11111110,00010010,0,0011
1958,00,0,01,00110000,00000000,01001111,0,1011
1959,00,0,00,00000000,00000000,00000000,0,0000
1960,00,0,00,00000000,00000000,00000000,0,0000
1961,00,0,00,00000000,00000000,00000000,0,0000
1962,00,0,00,00000000,00000000,00000000,0,0000
1963,00,0,00,00000000,00000000,00000000,0,0000
1964,00,0,01,00110001,00000000,01010001,0,1011
1965,00,0,00,00000000,00000000,00000000,0,0000
1966,00,0,00,00000000,00000000,00000000,0,0000
1967,00,0,00,00000000,00000000,00000000,0,0000
1968,00,0,00,00000000,00000000,00000000,0,0000
1969,00,0,00,00000000,00000000,00000000,0,0000
1970,00,0,10,00011110,11111110,00010100,0,0011
1971,00,0,10,00011111,11111110,00010110,0,0011
1972,00,0,01,00110010,00000000,01010011,0,1011
1973,00,0,10,01010110,00101100,01000111,0,0011
1974,00,0,10,01101000,01001011,01100000,0,0011
1975,00,0,10,01101010,01001011,01100001,0,0011
1976,00,0,10,01101100,01001011,01100010,0,0011
1977,00,0,01,00110011,00000000,01010101,0,1011
1978,00,0,10,01101110,01001011,01100011,0,0011
1979,00,0,10,01110000,01001011,01100100,0,0011
1980,00,0,10,01110010,01001011,01100101,0,0011
1981,00,0,10,00111000,00011101,00101000,0,0011
1982,00,0,10,00111001,00011101,00101010,0,0011
1983,00,0,10,00111010,00011101,00101100,0,0011
1984,00,0,10,00111011,00011101,00101110,0,0011
1985,00,0,10,00111100,00011101,00110000,0,0011
1986,00,0,10,00111101,00011101,00110010,0,0011
1987,00,0,10,00111110,00011101,00110100,0,0011
1988,10,0,10,00111111,00011101,00110110,0,0011
1989,00,0,00,00000000,00000000,00000000,0,0000
1990,00,0,01,11011000,00000000,00000000,0,1100
1991,00,0,01,11011001,00000000,00000001,0,1100
1992,00,0,00,00000000,00000000,00000000,0,0000
1993,10,0,10,01110100,01001011,01100110,0,0011
1994,00,0,01,11011011,00000000,00000011,0,1100
1995,00,0,01,11011010,00000000,00000010,0,1100
1996,00,0,01,11011100,00000000,00000100,0,1100
1997,10,0,10,01110110,01001011,01100111,0,0011
1998,00,0,00,00000000,00000000,00000000,0,0000
1999,00,0,01,11011101,00000000,00000101,0,1100
2000,00,0,01,11011110,00000000,00000110,0,1100
2001,10,0,10,10001010,01101010,10000001,0,0011
2002,00,0,01,11011111,00000000,00000111,0,1100
2003,00,0,01,11111000,00000000,00100001,0,1100
2004,00,0,01,11110111,00000000,00100000,0,1100
2005,10,0,10,10001100,01101010,10000010,0,0011
2006,00,0,01,11111001,00000000,00100010,0,1100
2007,00,0,00,00000000,00000000,00000000,0,0000
2008,00,0,01,11111010,00000000,00100011,0,1100
2009,10,0,10,10001110,01101010,10000011,0,0011
2010,00,0,01,00110100,00000000,01010111,0,1011
2011,00,0,01,11111100,00000000,00100101,0,1100
2012,00,0,01,11111011,00000000,00100100,0,1100
2013,10,0,10,10010000,01101010,10000100,0,0011
2014,00,0,00,00000000,00000000,00000000,0,0000
2015,00,0,01,11111101,00000000,00100110,0,1100
2016,00,0,01,01001100,00000000,01101001,0,1011
2017,10,0,10,10010010,01101010,10000101,0,0011
2018,00,0,01,11111110,00000000,00100111,0,1100
2019,00,0,00,00000000,00000000,00000000,0,0000
2020,00,0,00,00000000,00000000,00000000,0,0000
2021,10,0,10,10010100,01101010,10000110,0,0011
2022,00,0,01,01001101,00000000,01101011,0,1011
2023,00,0,00,00000000,00000000,00000000,0,0000
2024,00,0,00,00000000,00000000,00000000,0,0000
2025,10,0,10,10010110,01101010,10000111,0,0011
2026,00,0,00,00000000,00000000,00000000,0,0000
2027,00,0,00,00000000,00000000,00000000,0,0000
2028,00,0,01,01001110,00000000,01101101,0,1011
2029,10,0,10,10101000,10001001,10100000,0,0011
2030,00,0,00,00000000,00000000,00000000,0,0000
2031,00,0,00,00000000,00000000,00000000,0,0000
2032,00,0,00,00000000,00000000,00000000,0,0000
2033,10,0,10,10101010,10001001,10100001,0,0011
2034,00,0,01,01001111,00000000,01101111,0,1011
2035,00,0,00,00000000,00000000,00000000,0,0000
2036,00,0,00,00000000,00000000,00000000,0,0000
2037,10,0,10,11001000,10101000,11000000,0,0011
2038,00,0,00,00000000,00000000,00000000,0,0000
2039,00,0,00,00000000,00000000,00000000,0,0000
2040,00,0,01,01010000,00000000,01110001,0,1011
2041,10,0,10,10101100,10001001,10100010,0,0011
2042,00,0,00,00000000,00000000,00000000,0,0000
2043,00,0,00,00000000,00000000,00000000,0,0000
2044,00,0,00,00000000,00000000,00000000,0,0000
2045,10,0,10,10101110,10001001,10100011,0,0011
2046,00,0,01,01010001,00000000,01110011,0,1011
2047,00,0,00,00000000,00000000,00000000,0,0000
2048,00,0,00,00000000,00000000,00000000,0,0000
2049,10,0,10,10110000,10001001,10100100,0,0011
2050,00,0,00,00000000,00000000,00000000,0,0000
2051,00,0,00,00000000,00000000,00000000,0,0000
2052,00,0,01,01010010,00000000,01110101,0,1011
2053,10,0,10,10110010,10001001,10100101,0,0011
2054,00,0,00,00000000,00000000,00000000,0,0000
2055,00,0,00,00000000,00000000,00000000,0,0000
2056,00,0,00,00000000,00000000,00000000,0,0000
2057,10,0,10,10110100,10001001,10100110,0,0011
2058,00,0,01,01010011,00000000,01110111,0,1011
2059,00,0,00,00000000,00000000,00000000,0,0000
2060,00,0,00,00000000,00000000,00000000,0,0000
2061,10,0,10,10110110,10001001,10100111,0,0011
2062,00,0,00,00000000,00000000,00000000,0,0000
2063,00,0,00,00000000,00000000,00000000,0,0000
2064,00,0,01,01101100,00000000,10001011,0,1011
2065,10,0,10,11001010,10101000,11000001,0,0011
2066,00,0,00,00000000,00000000,00000000,0,0000
2067,00,0,00,00000000,00000000,00000000,0,0000
2068,00,0,00,00000000,00000000,00000000,0,0000
2069,10,0,10,01011000,00111100,01001000,0,0011
2070,00,0,01,01101101,00000000,10001101,0,1011
2071,00,0,00,00000000,00000000,00000000,0,0000
2072,00,0,00,00000000,00000000,00000000,0,0000
2073,10,0,10,01011001,00111100,01001010,0,0011
2074,00,0,00,00000000,00000000,00000000,0,0000
2075,00,0,00,00000000,00000000,00000000,0,0000
2076,00,0,01,01101110,00000000,10001111,0,1011
2077,10,0,10,01011010,00111100,01001100,0,0011
2078,00,0,00,00000000,00000000,00000000,0,0000
2079,00,0,00,00000000,00000000,00000000,0,0000
2080,00,0,00,00000000,00000000,00000000,0,0000
2081,10,0,10,01011011,00111100,01001110,0,0011
2082,00,0,01,01101111,00000000,10010001,0,1011
2083,00,0,00,00000000,00000000,00000000,0,0000
2084,00,0,00,00000000,00000000,00000000,0,0000
2085,00,0,00,00000000,00000000,00000000,0,0000
2086,10,0,10,01011100,00111100,01010000,0,0011
2087,00,0,00,00000000,00000000,00000000,0,0000
2088,00,0,01,01110000,00000000,10010011,0,1011
2089,00,0,00,00000000,00000000,00000000,0,0000
2090,10,0,10,01011101,00111100,01010010,0,0011
2091,00,0,00,00000000,00000000,00000000,0,0000
2092,00,0,00,00000000,00000000,00000000,0,0000
2093,00,0,00,00000000,00000000,00000000,0,0000
2094,10,0,10,01011110,00111100,01010100,0,0011
2095,00,0,01,01110001,00000000,10010101,0,1011
2096,00,0,00,00000000,00000000,00000000,0,0000
2097,00,0,00,00000000,00000000,00000000,0,0000
2098,10,0,10,01011111,00111100,01010110,0,0011
2099,00,0,00,00000000,00000000,00000000,0,0000
2100,00,0,00,00000000,00000000,00000000,0,0000
2101,00,0,01,01110010,00000000,10010111,0,1011
2102,10,0,10,11001100,10101000,11000010,0,0011
2103,00,0,00,00000000,00000000,00000000,0,0000
2104,00,0,00,00000000,00000000,00000000,0,0000
2105,00,0,00,00000000,00000000,00000000,0,0000
2106,10,0,10,11001110,10101000,11000011,0,0011
2107,00,0,00,00000000,00000000,00000000,0,0000
2108,00,0,01,10001010,00000000,10101001,0,1011
2109,00,0,00,00000000,00000000,00000000,0,0000
2110,10,0,10,11010000,10101000,11000100,0,0011
2111,00,0,00,00000000,00000000,00000000,0,0000
2112,00,0,01,00010111,00000000,01000001,0,1100
2113,00,0,00,00000000,00000000,00000000,0,0000
2114,10,0,10,01111000,01011011,01101000,0,0011
2115,00,0,01,10001011,00000000,10101011,0,1011
2116,00,0,01,00010110,00000000,01000000,0,1100
2117,00,0,01,00011000,00000000,01000010,0,1100
2118,10,0,10,01111001,01011011,01101010,0,0011
2119,00,0,01,00011001,00000000,01000011,0,1100
2120,00,0,01,10001100,00000000,10101101,0,1011
2121,00,0,00,00000000,00000000,00000000,0,0000
2122,00,0,01,00011010,00000000,01000100,0,1100
2123,10,0,10,01111010,01011011,01101100,0,0011
2124,00,0,01,00011011,00000000,01000101,0,1100
2125,00,0,01,00011101,00000000,01000111,0,1100
2126,00,0,01,10001101,00000000,10101111,0,1011
2127,10,0,10,01111011,01011011,01101110,0,0011
2128,00,0,00,00000000,00000000,00000000,0,0000
2129,00,0,01,00011100,00000000,01000110,0,1100
2130,00,0,00,00000000,00000000,00000000,0,0000
2131,10,0,10,01111100,01011011,01110000,0,0011
2132,00,0,01,10001110,00000000,10110001,0,1011
2133,00,0,00,00000000,00000000,00000000,0,0000
2134,00,0,00,00000000,00000000,00000000,0,0000
2135,10,0,10,01111110,01011011,01110100,0,0011
2136,00,0,00,00000000,00000000,00000000,0,0000
2137,00,0,00,00000000,00000000,00000000,0,0000
2138,00,0,01,10001111,00000000,10110011,0,1011
2139,10,0,10,01111101,01011011,01110010,0,0011
2140,00,0,00,00000000,00000000,00000000,0,0000
2141,00,0,00,00000000,00000000,00000000,0,0000
2142,00,0,00,00000000,00000000,00000000,0,0000
2143,10,0,10,01111111,01011011,01110110,0,0011
2144,00,0,00,00000000,00000000,00000000,0,0000
2145,00,0,01,10010000,00000000,10110101,0,1011
2146,00,0,00,00000000,00000000,00000000,0,0000
2147,10,0,10,11010010,10101000,11000101,0,0011
2148,00,0,00,00000000,00000000,00000000,0,0000
2149,00,0,00,00000000,00000000,00000000,0,0000
2150,00,0,00,00000000,00000000,00000000,0,0000
2151,00,0,01,10010001,00000000,10110111,0,1011
2152,10,0,10,11010100,10101000,11000110,0,0011
2153,00,0,00,00000000,00000000,00000000,0,0000
2154,00,0,00,00000000,00000000,00000000,0,0000
2155,00,0,00,00000000,00000000,00000000,0,0000
2156,10,0,10,11010110,10101000,11000111,0,0011
2157,00,0,01,10101001,00000000,11001001,0,1011
2158,00,0,01,00110101,00000000,01100000,0,1100
2159,00,0,01,00110110,00000000,01100001,0,1100
2160,10,0,10,10011000,01111010,10001000,0,0011
2161,00,0,01,00110111,00000000,01100010,0,1100
2162,00,0,01,00111000,00000000,01100011,0,1100
2163,00,0,01,10101010,00000000,11001011,0,1011
2164,10,0,10,10011001,01111010,10001010,0,0011
2165,00,0,01,00111001,00000000,01100100,0,1100
2166,00,0,01,00111010,00000000,01100101,0,1100
2167,00,0,01,00111011,00000000,01100110,0,1100
2168,10,0,10,10011010,01111010,10001100,0,0011
2169,00,0,01,10101011,00000000,11001101,0,1011
2170,00,0,00,00000000,00000000,00000000,0,0000
2171,00,0,01,00111100,00000000,01100111,0,1100
2172,10,0,10,10011011,01111010,10001110,0,0011
2173,00,0,00,00000000,00000000,00000000,0,0000
2174,00,0,00,00000000,00000000,00000000,0,0000
2175,00,0,01,10101100,00000000,11001111,0,1011
2176,10,0,10,10011100,01111010,10010000,0,0011
2177,00,0,00,00000000,00000000,00000000,0,0000
2178,00,0,00,00000000,00000000,00000000,0,0000
2179,00,0,00,00000000,00000000,00000000,0,0000
2180,10,0,10,10011101,01111010,10010010,0,0011
2181,00,0,01,10101101,00000000,11010001,0,1011
2182,00,0,00,00000000,00000000,00000000,0,0000
2183,00,0,00,00000000,00000000,00000000,0,0000
2184,00,0,00,00000000,00000000,00000000,0,0000
2185,00,0,00,00000000,00000000,00000000,0,0000
2186,00,0,00,00000000,00000000,00000000,0,0000
2187,00,0,01,10101110,00000000,11010011,0,1011
2188,00,0,00,00000000,00000000,00000000,0,0000
2189,00,0,00,00000000,00000000,00000000,0,0000
2190,00,0,00,00000000,00000000,00000000,0,0000
2191,00,0,00,00000000,00000000,00000000,0,0000
2192,00,0,00,00000000,00000000,00000000,0,0000
2193,00,0,10,10011110,01111010,10010100,0,0011
2194,00,0,10,10011111,01111010,10010110,0,0011
2195,00,0,01,10101111,00000000,11010101,0,1011
2196,00,0,10,11101000,11000111,11100000,0,0011
2197,00,0,10,11101010,11000111,11100001,0,0011
2198,00,0,10,11101100,11000111,11100010,0,0011
2199,00,0,10,11101110,11000111,11100011,0,0011
2200,00,0,01,10110000,00000000,11010111,0,1011
2201,00,0,10,11110000,11000111,11100100,0,0011
2202,00,0,10,11110010,11000111,11100101,0,0011
2203,00,0,10,11110100,11000111,11100110,0,0011
2204,00,0,10,11110110,11000111,11100111,0,0011
2205,00,0,10,00001000,11100110,00000000,0,0011
2206,00,0,10,00001010,11100110,00000001,0,0011
2207,00,0,10,10111000,10011001,10101000,0,0011
2208,00,0,10,10111001,10011001,10101010,0,0011
2209,00,0,10,10111010,10011001,10101100,0,0011
2210,00,0,10,10111011,10011001,10101110,0,0011
2211,10,0,10,10111100,10011001,10110000,0,0011
2212,00,0,01,01010101,00000000,10000001,0,1100
2213,00,0,01,01010100,00000000,10000000,0,1100
2214,00,0,01,01010110,00000000,10000010,0,1100
2215,10,0,10,10111101,10011001,10110010,0,0011
2216,00,0,01,01010111,00000000,10000011,0,1100
2217,00,0,01,01011000,00000000,10000100,0,1100
2218,00,0,01,01011001,00000000,10000101,0,1100
2219,10,0,10,10111110,10011001,10110100,0,0011
2220,00,0,01,01011010,00000000,10000110,0,1100
2221,00,0,00,00000000,00000000,00000000,0,0000
2222,00,0,01,01011011,00000000,10000111,0,1100
2223,10,0,10,10111111,10011001,10110110,0,0011
2224,00,0,00,00000000,00000000,00000000,0,0000
2225,00,0,00,00000000,00000000,00000000,0,0000
2226,00,0,00,00000000,00000000,00000000,0,0000
2227,10,0,10,00001100,11100110,00000010,0,0011
2228,00,0,00,00000000,00000000,00000000,0,0000
2229,00,0,00,00000000,00000000,00000000,0,0000
2230,00,0,00,00000000,00000000,00000000,0,0000
2231,10,0,10,00001110,11100110,00000011,0,0011
2232,00,0,00,00000000,00000000,00000000,0,0000
2233,00,0,01,11001000,00000000,11101001,0,1011
2234,00,0,00,00000000,00000000,00000000,0,0000
2235,10,0,10,00010000,11100110,00000100,0,0011
2236,00,0,00,00000000,00000000,00000000,0,0000
2237,00,0,00,00000000,00000000,00000000,0,0000
2238,00,0,01,01110011,00000000,10100000,0,1100
2239,00,0,01,11001001,00000000,11101011,0,1011
2240,10,0,10,00010010,11100110,00000101,0,0011
2241,00,0,01,01110100,00000000,10100001,0,1100
2242,00,0,01,01110101,00000000,10100010,0,1100
2243,00,0,01,01110111,00000000,10100100,0,1100
2244,10,0,10,00010100,11100110,00000110,0,0011
2245,00,0,01,11001010,00000000,11101101,0,1011
2246,00,0,01,01110110,00000000,10100011,0,1100
2247,00,0,01,01111000,00000000,10100101,0,1100
2248,10,0,10,00010110,11100110,00000111,0,0011
2249,00,0,01,01111001,00000000,10100110,0,1100
2250,00,0,00,00000000,00000000,00000000,0,0000
2251,00,0,01,11001011,00000000,11101111,0,1011
2252,10,0,10,00101010,00000101,00100001,0,0011
2253,00,0,01,01111010,00000000,10100111,0,1100
2254,00,0,00,00000000,00000000,00000000,0,0000
2255,00,0,00,00000000,00000000,00000000,0,0000
2256,10,0,10,11011000,10111000,11001000,0,0011
2257,00,0,01,11001100,00000000,11110001,0,1011
2258,00,0,00,00000000,00000000,00000000,0,0000
2259,00,0,00,00000000,00000000,00000000,0,0000
2260,10,0,10,11011010,10111000,11001100,0,0011
2261,00,0,00,00000000,00000000,00000000,0,0000
2262,00,0,00,00000000,00000000,00000000,0,0000
2263,00,0,00,00000000,00000000,00000000,0,0000
2264,10,0,10,11011001,10111000,11001010,0,0011
2265,00,0,01,11001101,00000000,11110011,0,1011
2266,00,0,00,00000000,00000000,00000000,0,0000
2267,00,0,00,00000000,00000000,00000000,0,0000
2268,10,0,10,11011011,10111000,11001110,0,0011
2269,00,0,00,00000000,00000000,00000000,0,0000
2270,00,0,01,11001110,00000000,11110101,0,1011
2271,00,0,00,00000000,00000000,00000000,0,0000
2272,10,0,10,11011100,10111000,11010000,0,0011
2273,00,0,00,00000000,00000000,00000000,0,0000
2274,00,0,00,00000000,00000000,00000000,0,0000
2275,00,0,00,00000000,00000000,00000000,0,0000
2276,10,0,10,11011101,10111000,11010010,0,0011
2277,00,0,01,11001111,00000000,11110111,0,1011
2278,00,0,00,00000000,00000000,00000000,0,0000
2279,00,0,00,00000000,00000000,00000000,0,0000
2280,10,0,10,11011110,10111000,11010100,0,0011
2281,00,0,00,00000000,00000000,00000000,0,0000
2282,00,0,01,11100111,00000000,00001001,0,1011
2283,00,0,00,00000000,00000000,00000000,0,0000
2284,10,0,10,11011111,10111000,11010110,0,0011
2285,00,0,00,00000000,00000000,00000000,0,0000
2286,00,0,00,00000000,00000000,00000000,0,0000
2287,00,0,00,00000000,00000000,00000000,0,0000
2288,00,0,01,11101000,00000000,00001011,0,1011
2289,10,0,10,00101000,00000101,00100000,0,0011
2290,00,0,00,00000000,00000000,00000000,0,0000
2291,00,0,00,00000000,00000000,00000000,0,0000
2292,00,0,00,00000000,00000000,00000000,0,0000
2293,10,0,10,00101100,00000101,00100010,0,0011
2294,00,0,01,11101001,00000000,00001101,0,1011
2295,00,0,00,00000000,00000000,00000000,0,0000
2296,00,0,00,00000000,00000000,00000000,0,0000
2297,10,0,10,00101110,00000101,00100011,0,0011
2298,00,0,01,10010010,00000000,11000000,0,1100
2299,00,0,01,10010011,00000000,11000001,0,1100
2300,00,0,01,11101010,00000000,00001111,0,1011
2301,10,0,10,00110000,00000101,00100100,0,0011
2302,00,0,01,10010100,00000000,11000010,0,1100
2303,00,0,01,10010101,00000000,11000011,0,1100
2304,00,0,01,10010110,00000000,11000100,0,1100
2305,10,0,10,00110010,00000101,00100101,0,0011
2306,00,0,01,11101011,00000000,00010001,0,1011
2307,00,0,01,10010111,00000000,11000101,0,1100
2308,00,0,01,10011000,00000000,11000110,0,1100
2309,10,0,10,00110100,00000101,00100110,0,0011
2310,00,0,01,10011001,00000000,11000111,0,1100
2311,00,0,00,00000000,00000000,00000000,0,0000
2312,00,0,01,11101100,00000000,00010011,0,1011
2313,10,0,10,01001000,00100100,01000000,0,0011
2314,00,0,00,00000000,00000000,00000000,0,0000
2315,00,0,00,00000000,00000000,00000000,0,0000
2316,00,0,00,00000000,00000000,00000000,0,0000
2317,10,0,10,00110110,00000101,00100111,0,0011
2318,00,0,01,11101101,00000000,00010101,0,1011
2319,00,0,00,00000000,00000000,00000000,0,0000
2320,00,0,00,00000000,00000000,00000000,0,0000
2321,10,0,10,01001010,00100100,01000001,0,0011
2322,00,0,00,00000000,00000000,00000000,0,0000
2323,00,0,00,00000000,00000000,00000000,0,0000
2324,00,0,01,11101110,00000000,00010111,0,1011
2325,10,0,10,10001000,01100010,10000000,0,0011
2326,00,0,00,00000000,00000000,00000000,0,0000
2327,00,0,00,00000000,00000000,00000000,0,0000
2328,00,0,00,00000000,00000000,00000000,0,0000
2329,10,0,10,01001100,00100100,01000010,0,0011
2330,00,0,01,00000110,00000000,00101001,0,1011
2331,00,0,00,00000000,00000000,00000000,0,0000
2332,00,0,00,00000000,00000000,00000000,0,0000
2333,10,0,10,11111000,11010111,11101000,0,0011
2334,00,0,00,00000000,00000000,00000000,0,0000
2335,00,0,00,00000000,00000000,00000000,0,0000
2336,00,0,01,00000111,00000000,00101011,0,1011
2337,10,0,10,11111001,11010111,11101010,0,0011
2338,00,0,00,00000000,00000000,00000000,0,0000
2339,00,0,00,00000000,00000000,00000000,0,0000
2340,00,0,00,00000000,00000000,00000000,0,0000
2341,10,0,10,11111010,11010111,11101100,0,0011
2342,00,0,01,00001000,00000000,00101101,0,1011
2343,00,0,00,00000000,00000000,00000000,0,0000
2344,00,0,00,00000000,00000000,00000000,0,0000
2345,10,0,10,11111011,11010111,11101110,0,0011
2346,00,0,00,00000000,00000000,00000000,0,0000
2347,00,0,00,00000000,00000000,00000000,0,0000
2348,00,0,01,00001001,00000000,00101111,0,1011
2349,10,0,10,11111100,11010111,11110000,0,0011
2350,00,0,00,00000000,00000000,00000000,0,0000
2351,00,0,00,00000000,00000000,00000000,0,0000
2352,00,0,00,00000000,00000000,00000000,0,0000
2353,10,0,10,11111101,11010111,11110010,0,0011
2354,00,0,01,00001010,00000000,00110001,0,1011
2355,00,0,00,00000000,00000000,00000000,0,0000
2356,00,0,00,00000000,00000000,00000000,0,0000
2357,10,0,10,11111110,11010111,11110100,0,0011
2358,00,0,00,00000000,00000000,00000000,0,0000
2359,00,0,00,00000000,00000000,00000000,0,0000
2360,00,0,01,00001011,00000000,00110011,0,1011
2361,10,0,10,11111111,11010111,11110110,0,0011
2362,00,0,00,00000000,00000000,00000000,0,0000
2363,00,0,00,00000000,00000000,00000000,0,0000
2364,00,0,00,00000000,00000000,00000000,0,0000
2365,10,0,10,01001110,00100100,01000011,0,0011
2366,00,0,00,00000000,00000000,00000000,0,0000
2367,00,0,01,00001100,00000000,00110101,0,1011
2368,00,0,00,00000000,00000000,00000000,0,0000
2369,10,0,10,01010000,00100100,01000100,0,0011
2370,00,0,00,00000000,00000000,00000000,0,0000
2371,00,0,00,00000000,00000000,00000000,0,0000
2372,00,0,00,00000000,00000000,00000000,0,0000
2373,00,0,01,00001101,00000000,00110111,0,1011
2374,10,0,10,01010010,00100100,01000101,0,0011
2375,00,0,01,10110001,00000000,11100000,0,1100
2376,00,0,01,10110010,00000000,11100001,0,1100
2377,00,0,01,10110011,00000000,11100010,0,1100
2378,10,0,10,01010100,00100100,01000110,0,0011
2379,00,0,01,00100110,00000000,01001011,0,1011
2380,00,0,01,10110100,00000000,11100011,0,1100
2381,00,0,01,10110110,00000000,11100101,0,1100
2382,00,0,01,10110101,00000000,11100100,0,1100
2383,10,0,10,00011000,11110110,00001000,0,0011
2384,00,0,01,10110111,00000000,11100110,0,1100
2385,00,0,01,00100101,00000000,01001001,0,1011
2386,00,0,01,10111000,00000000,11100111,0,1100
2387,10,0,10,00011001,11110110,00001010,0,0011
2388,00,0,00,00000000,00000000,00000000,0,0000
2389,00,0,00,00000000,00000000,00000000,0,0000
2390,00,0,00,00000000,00000000,00000000,0,0000
2391,10,0,10,00011010,11110110,00001100,0,0011
2392,00,0,01,00100111,00000000,01001101,0,1011
2393,00,0,00,00000000,00000000,00000000,0,0000
2394,00,0,00,00000000,00000000,00000000,0,0000
2395,00,0,00,00000000,00000000,00000000,0,0000
2396,10,0,10,00011011,11110110,00001110,0,0011
2397,00,0,00,00000000,00000000,00000000,0,0000
2398,00,0,01,01100011,00000000,10001001,0,1011
2399,00,0,00,00000000,00000000,00000000,0,0000
2400,10,0,10,00011100,11110110,00010000,0,0011
2401,00,0,00,00000000,00000000,00000000,0,0000
2402,00,0,00,00000000,00000000,00000000,0,0000
2403,00,0,00,00000000,00000000,00000000,0,0000
2404,10,0,10,00011101,11110110,00010010,0,0011
2405,00,0,01,00101000,00000000,01001111,0,1011
2406,00,0,00,00000000,00000000,00000000,0,0000
2407,00,0,00,00000000,00000000,00000000,0,0000
2408,00,0,00,00000000,00000000,00000000,0,0000
2409,00,0,00,00000000,00000000,00000000,0,0000
2410,00,0,00,00000000,00000000,00000000,0,0000
2411,00,0,01,00101001,00000000,01010001,0,1011
2412,00,0,00,00000000,00000000,00000000,0,0000
2413,00,0,00,00000000,00000000,00000000,0,0000
2414,00,0,00,00000000,00000000,00000000,0,0000
2415,00,0,00,00000000,00000000,00000000,0,0000
2416,00,0,00,00000000,00000000,00000000,0,0000
2417,00,0,10,00011110,11110110,00010100,0,0011
2418,00,0,10,00011111,11110110,00010110,0,0011
2419,00,0,01,00101010,00000000,01010011,0,1011
2420,00,0,10,01010110,00100100,01000111,0,0011
2421,00,0,10,01101000,01000011,01100000,0,0011
2422,00,0,10,01101010,01000011,01100001,0,0011
2423,00,0,10,01101100,01000011,01100010,0,0011
2424,00,0,01,00101011,00000000,01010101,0,1011
2425,00,0,10,01101110,01000011,01100011,0,0011
2426,00,0,10,01110000,01000011,01100100,0,0011
2427,00,0,10,01110010,01000011,01100101,0,0011
2428,00,0,10,00111000,00010101,00101000,0,0011
2429,00,0,10,00111001,00010101,00101010,0,0011
2430,00,0,10,00111010,00010101,00101100,0,0011
2431,00,0,10,00111011,00010101,00101110,0,0011
2432,00,0,10,00111100,00010101,00110000,0,0011
2433,00,0,10,00111101,00010101,00110010,0,0011
2434,00,0,10,00111110,00010101,00110100,0,0011
2435,10,0,10,00111111,00010101,00110110,0,0011
2436,00,0,00,00000000,00000000,00000000,0,0000
2437,00,0,01,11010000,00000000,00000000,0,1100
2438,00,0,01,11010001,00000000,00000001,0,1100
2439,00,0,00,00000000,00000000,00000000,0,0000
2440,10,0,10,01110100,01000011,01100110,0,0011
2441,00,0,01,11010011,00000000,00000011,0,1100
2442,00,0,01,11010010,00000000,00000010,0,1100
2443,00,0,01,11010100,00000000,00000100,0,1100
2444,10,0,10,01110110,01000011,01100111,0,0011
2445,00,0,00,00000000,00000000,00000000,0,0000
2446,00,0,01,11010101,00000000,00000101,0,1100
2447,00,0,01,11010110,00000000,00000110,0,1100
2448,10,0,10,10001010,01100010,10000001,0,0011
2449,00,0,01,11010111,00000000,00000111,0,1100
2450,00,0,01,11110000,00000000,00100001,0,1100
2451,00,0,01,11101111,00000000,00100000,0,1100
2452,10,0,10,10001100,01100010,10000010,0,0011
2453,00,0,01,11110001,00000000,00100010,0,1100
2454,00,0,00,00000000,00000000,00000000,0,0000
2455,00,0,01,11110010,00000000,00100011,0,1100
2456,10,0,10,10001110,01100010,10000011,0,0011
2457,00,0,01,00101100,00000000,01010111,0,1011
2458,00,0,01,11110100,00000000,00100101,0,1100
2459,00,0,01,11110011,00000000,00100100,0,1100
2460,10,0,10,10010000,01100010,10000100,0,0011
2461,00,0,00,00000000,00000000,00000000,0,0000
2462,00,0,01,11110101,00000000,00100110,0,1100
2463,00,0,01,01000100,00000000,01101001,0,1011
2464,10,0,10,10010010,01100010,10000101,0,0011
2465,00,0,01,11110110,00000000,00100111,0,1100
2466,00,0,00,00000000,00000000,00000000,0,0000
2467,00,0,00,00000000,00000000,00000000,0,0000
2468,10,0,10,10010100,01100010,10000110,0,0011
2469,00,0,01,01000101,00000000,01101011,0,1011
2470,00,0,00,00000000,00000000,00000000,0,0000
2471,00,0,00,00000000,00000000,00000000,0,0000
2472,10,0,10,10010110,01100010,10000111,0,0011
2473,00,0,00,00000000,00000000,00000000,0,0000
2474,00,0,00,00000000,00000000,00000000,0,0000
2475,00,0,01,01000110,00000000,01101101,0,1011
2476,10,0,10,10101000,10000001,10100000,0,0011
2477,00,0,00,00000000,00000000,00000000,0,0000
2478,00,0,00,00000000,00000000,00000000,0,0000
2479,00,0,00,00000000,00000000,00000000,0,0000
2480,10,0,10,10101010,10000001,10100001,0,0011
2481,00,0,01,01000111,00000000,01101111,0,1011
2482,00,0,00,00000000,00000000,00000000,0,0000
2483,00,0,00,00000000,00000000,00000000,0,0000
2484,10,0,10,11001000,10100000,11000000,0,0011
2485,00,0,00,00000000,00000000,00000000,0,0000
2486,00,0,00,00000000,00000000,00000000,0,0000
2487,00,0,01,01001000,00000000,01110001,0,1011
2488,10,0,10,10101100,10000001,10100010,0,0011
2489,00,0,00,00000000,00000000,00000000,0,0000
2490,00,0,00,00000000,00000000,00000000,0,0000
2491,00,0,00,00000000,00000000,00000000,0,0000
2492,10,0,10,10101110,10000001,10100011,0,0011
2493,00,0,01,01001001,00000000,01110011,0,1011
2494,00,0,00,00000000,00000000,00000000,0,0000
2495,00,0,00,00000000,00000000,00000000,0,0000
2496,10,0,10,10110000,10000001,10100100,0,0011
2497,00,0,00,00000000,00000000,00000000,0,0000
2498,00,0,00,00000000,00000000,00000000,0,0000
2499,00,0,01,01001010,00000000,01110101,0,1011
2500,10,0,10,10110010,10000001,10100101,0,0011
2501,00,0,00,00000000,00000000,00000000,0,0000
2502,00,0,00,00000000,00000000,00000000,0,0000
2503,00,0,00,00000000,00000000,00000000,0,0000
2504,10,0,10,10110100,10000001,10100110,0,0011
2505,00,0,01,01001011,00000000,01110111,0,1011
2506,00,0,00,00000000,00000000,00000000,0,0000
2507,00,0,00,00000000,00000000,00000000,0,0000
2508,10,0,10,10110110,10000001,10100111,0,0011
2509,00,0,00,00000000,00000000,00000000,0,0000
2510,00,0,00,00000000,00000000,00000000,0,0000
2511,00,0,01,01100100,00000000,10001011,0,1011
2512,10,0,10,11001010,10100000,11000001,0,0011
2513,00,0,00,00000000,00000000,00000000,0,0000
2514,00,0,00,00000000,00000000,00000000,0,0000
2515,00,0,00,00000000,00000000,00000000,0,0000
2516,10,0,10,01011000,00110100,01001000,0,0011
2517,00,0,01,01100101,00000000,10001101,0,1011
2518,00,0,00,00000000,00000000,00000000,0,0000
2519,00,0,00,00000000,00000000,00000000,0,0000
2520,10,0,10,01011001,00110100,01001010,0,0011
2521,00,0,00,00000000,00000000,00000000,0,0000
2522,00,0,00,00000000,00000000,00000000,0,0000
2523,00,0,01,01100110,00000000,10001111,0,1011
2524,10,0,10,01011010,00110100,01001100,0,0011
2525,00,0,00,00000000,00000000,00000000,0,0000
2526,00,0,00,00000000,00000000,00000000,0,0000
2527,00,0,00,00000000,00000000,00000000,0,0000
2528,10,0,10,01011011,00110100,01001110,0,0011
2529,00,0,01,01100111,00000000,10010001,0,1011
2530,00,0,00,00000000,00000000,00000000,0,0000
2531,00,0,00,00000000,00000000,00000000,0,0000
2532,00,0,00,00000000,00000000,00000000,0,0000
2533,10,0,10,01011100,00110100,01010000,0,0011
2534,00,0,00,00000000,00000000,00000000,0,0000
2535,00,0,01,01101000,00000000,10010011,0,1011
2536,00,0,00,00000000,00000000,00000000,0,0000
2537,10,0,10,01011101,00110100,01010010,0,0011
2538,00,0,00,00000000,00000000,00000000,0,0000
2539,00,0,00,00000000,00000000,00000000,0,0000
2540,00,0,00,00000000,00000000,00000000,0,0000
2541,10,0,10,01011110,00110100,01010100,0,0011
2542,00,0,01,01101001,00000000,10010101,0,1011
2543,00,0,00,00000000,00000000,00000000,0,0000
2544,00,0,00,00000000,00000000,00000000,0,0000
2545,10,0,10,01011111,00110100,01010110,0,0011
2546,00,0,00,00000000,00000000,00000000,0,0000
2547,00,0,00,00000000,00000000,00000000,0,0000
2548,00,0,01,01101010,00000000,10010111,0,1011
2549,10,0,10,11001100,10100000,11000010,0,0011
2550,00,0,00,00000000,00000000,00000000,0,0000
2551,00,0,00,00000000,00000000,00000000,0,0000
2552,00,0,00,00000000,00000000,00000000,0,0000
2553,10,0,10,11001110,10100000,11000011,0,0011
2554,00,0,00,00000000,00000000,00000000,0,0000
2555,00,0,01,10000010,00000000,10101001,0,1011
2556,00,0,00,00000000,00000000,00000000,0,0000
2557,10,0,10,11010000,10100000,11000100,0,0011
2558,00,0,00,00000000,00000000,00000000,0,0000
2559,00,0,01,00001111,00000000,01000001,0,1100
2560,00,0,00,00000000,00000000,00000000,0,0000
2561,10,0,10,01111000,01010011,01101000,0,0011
2562,00,0,01,10000011,00000000,10101011,0,1011
2563,00,0,01,00001110,00000000,01000000,0,1100
2564,00,0,01,00010000,00000000,01000010,0,1100
2565,10,0,10,01111001,01010011,01101010,0,0011
2566,00,0,01,00010001,00000000,01000011,0,1100
2567,00,0,01,10000100,00000000,10101101,0,1011
2568,00,0,00,00000000,00000000,00000000,0,0000
2569,00,0,01,00010010,00000000,01000100,0,1100
2570,10,0,10,01111010,01010011,01101100,0,0011
2571,00,0,01,00010011,00000000,01000101,0,1100
2572,00,0,01,00010101,00000000,01000111,0,1100
2573,00,0,01,10000101,00000000,10101111,0,1011
2574,10,0,10,01111011,01010011,01101110,0,0011
2575,00,0,00,00000000,00000000,00000000,0,0000
2576,00,0,01,00010100,00000000,01000110,0,1100
2577,00,0,00,00000000,00000000,00000000,0,0000
2578,10,0,10,01111100,01010011,01110000,0,0011
2579,00,0,01,10000110,00000000,10110001,0,1011
2580,00,0,00,00000000,00000000,00000000,0,0000
2581,00,0,00,00000000,00000000,00000000,0,0000
2582,10,0,10,01111110,01010011,01110100,0,0011
2583,00,0,00,00000000,00000000,00000000,0,0000
2584,00,0,00,00000000,00000000,00000000,0,0000
2585,00,0,01,10000111,00000000,10110011,0,1011
2586,10,0,10,01111101,01010011,01110010,0,0011
2587,00,0,00,00000000,00000000,00000000,0,0000
2588,00,0,00,00000000,00000000,00000000,0,0000
2589,00,0,00,00000000,00000000,00000000,0,0000
2590,10,0,10,01111111,01010011,01110110,0,0011
2591,00,0,00,00000000,00000000,00000000,0,0000
2592,00,0,01,10001000,00000000,10110101,0,1011
2593,00,0,00,00000000,00000000,00000000,0,0000
2594,10,0,10,11010010,10100000,11000101,0,0011
2595,00,0,00,00000000,00000000,00000000,0,0000
2596,00,0,00,00000000,00000000,00000000,0,0000
2597,00,0,00,00000000,00000000,00000000,0,0000
2598,00,0,01,10001001,00000000,10110111,0,1011
2599,10,0,10,11010100,10100000,11000110,0,0011
2600,00,0,00,00000000,00000000,00000000,0,0000
2601,00,0,00,00000000,00000000,00000000,0,0000
2602,00,0,00,00000000,00000000,00000000,0,0000
2603,10,0,10,11010110,10100000,11000111,0,0011
2604,00,0,01,10100001,00000000,11001001,0,1011
2605,00,0,01,00101101,00000000,01100000,0,1100
2606,00,0,01,00101110,00000000,01100001,0,1100
2607,10,0,10,10011000,01110010,10001000,0,0011
2608,00,0,01,00101111,00000000,01100010,0,1100
2609,00,0,01,00110000,00000000,01100011,0,1100
2610,00,0,01,10100010,00000000,11001011,0,1011
2611,10,0,10,10011001,01110010,10001010,0,0011
2612,00,0,01,00110001,00000000,01100100,0,1100
2613,00,0,01,00110010,00000000,01100101,0,1100
2614,00,0,01,00110011,00000000,01100110,0,1100
2615,10,0,10,10011010,01110010,10001100,0,0011
2616,00,0,01,10100011,00000000,11001101,0,1011
2617,00,0,00,00000000,00000000,00000000,0,0000
2618,00,0,01,00110100,00000000,01100111,0,1100
2619,10,0,10,10011011,01110010,10001110,0,0011
2620,00,0,00,00000000,00000000,00000000,0,0000
2621,00,0,00,00000000,00000000,00000000,0,0000
2622,00,0,01,10100100,00000000,11001111,0,1011
2623,10,0,10,10011100,01110010,10010000,0,0011
2624,00,0,00,00000000,00000000,00000000,0,0000
2625,00,0,00,00000000,00000000,00000000,0,0000
2626,00,0,00,00000000,00000000,00000000,0,0000
2627,10,0,10,10011101,01110010,10010010,0,0011
2628,00,0,01,10100101,00000000,11010001,0,1011
2629,00,0,00,00000000,00000000,00000000,0,0000
2630,00,0,00,00000000,00000000,00000000,0,0000
2631,00,0,00,00000000,00000000,00000000,0,0000
2632,00,0,00,00000000,00000000,00000000,0,0000
2633,00,0,00,00000000,00000000,00000000,0,0000
2634,00,0,01,10100110,00000000,11010011,0,1011
2635,00,0,00,00000000,00000000,00000000,0,0000
2636,00,0,00,00000000,00000000,00000000,0,0000
2637,00,0,00,00000000,00000000,00000000,0,0000
2638,00,0,00,00000000,00000000,00000000,0,0000
2639,00,0,00,00000000,00000000,00000000,0,0000
2640,00,0,10,10011110,01110010,10010100,0,0011
2641,00,0,10,10011111,01110010,10010110,0,0011
2642,00,0,01,10100111,00000000,11010101,0,1011
2643,00,0,10,11101000,10111111,11100000,0,0011
2644,00,0,10,11101010,10111111,11100001,0,0011
2645,00,0,10,11101100,10111111,11100010,0,0011
2646,00,0,10,11101110,10111111,11100011,0,0011
2647,00,0,01,10101000,00000000,11010111,0,1011
2648,00,0,10,11110000,10111111,11100100,0,0011
2649,00,0,10,11110010,10111111,11100101,0,0011
2650,00,0,10,11110100,10111111,11100110,0,0011
2651,00,0,10,11110110,10111111,11100111,0,0011
2652,00,0,10,00001000,11011110,00000000,0,0011
2653,00,0,10,00001010,11011110,00000001,0,0011
2654,00,0,10,10111000,10010001,10101000,0,0011
2655,00,0,10,10111001,10010001,10101010,0,0011
2656,00,0,10,10111010,10010001,10101100,0,0011
2657,00,0,10,10111011,10010001,10101110,0,0011
2658,10,0,10,10111100,10010001,10110000,0,0011
2659,00,0,01,01001101,00000000,10000001,0,1100
2660,00,0,01,01001100,00000000,10000000,0,1100
2661,00,0,01,01001110,00000000,10000010,0,1100
2662,10,0,10,10111101,10010001,10110010,0,0011
2663,00,0,01,01001111,00000000,10000011,0,1100
2664,00,0,01,01010000,00000000,10000100,0,1100
2665,00,0,01,01010001,00000000,10000101,0,1100
2666,10,0,10,10111110,10010001,10110100,0,0011
2667,00,0,01,01010010,00000000,10000110,0,1100
2668,00,0,00,00000000,00000000,00000000,0,0000
2669,00,0,01,01010011,00000000,10000111,0,1100
2670,10,0,10,10111111,10010001,10110110,0,0011
2671,00,0,00,00000000,00000000,00000000,0,0000
2672,00,0,00,00000000,00000000,00000000,0,0000
2673,00,0,00,00000000,00000000,00000000,0,0000
2674,10,0,10,00001100,11011110,00000010,0,0011
2675,00,0,00,00000000,00000000,00000000,0,0000
2676,00,0,00,00000000,00000000,00000000,0,0000
2677,00,0,00,00000000,00000000,00000000,0,0000
2678,10,0,10,00001110,11011110,00000011,0,0011
2679,00,0,00,00000000,00000000,00000000,0,0000
2680,00,0,01,11000000,00000000,11101001,0,1011
2681,00,0,00,00000000,00000000,00000000,0,0000
2682,10,0,10,00010000,11011110,00000100,0,0011
2683,00,0,00,00000000,00000000,00000000,0,0000
2684,00,0,00,00000000,00000000,00000000,0,0000
2685,00,0,01,01101011,00000000,10100000,0,1100
2686,00,0,01,11000001,00000000,11101011,0,1011
2687,10,0,10,00010010,11011110,00000101,0,0011
2688,00,0,01,01101100,00000000,10100001,0,1100
2689,00,0,01,01101101,00000000,10100010,0,1100
2690,00,0,01,01101111,00000000,10100100,0,1100
2691,10,0,10,00010100,11011110,00000110,0,0011
2692,00,0,01,11000010,00000000,11101101,0,1011
2693,00,0,01,01101110,00000000,10100011,0,1100
2694,00,0,01,01110000,00000000,10100101,0,1100
2695,10,0,10,00010110,11011110,00000111,0,0011
2696,00,0,01,01110001,00000000,10100110,0,1100
2697,00,0,00,00000000,00000000,00000000,0,0000
2698,00,0,01,11000011,00000000,11101111,0,1011
2699,10,0,10,00101010,11111101,00100001,0,0011
2700,00,0,01,01110010,00000000,10100111,0,1100
2701,00,0,00,00000000,00000000,00000000,0,0000
2702,00,0,00,00000000,00000000,00000000,0,0000
2703,10,0,10,11011000,10110000,11001000,0,0011
2704,00,0,01,11000100,00000000,11110001,0,1011
2705,00,0,00,00000000,00000000,00000000,0,0000
2706,00,0,00,00000000,00000000,00000000,0,0000
2707,10,0,10,11011010,10110000,11001100,0,0011
2708,00,0,00,00000000,00000000,00000000,0,0000
2709,00,0,00,00000000,00000000,00000000,0,0000
2710,00,0,00,00000000,00000000,00000000,0,0000
2711,10,0,10,11011001,10110000,11001010,0,0011
2712,00,0,01,11000101,00000000,11110011,0,1011
2713,00,0,00,00000000,00000000,00000000,0,0000
2714,00,0,00,00000000,00000000,00000000,0,0000
2715,10,0,10,11011011,10110000,11001110,0,0011
2716,00,0,00,00000000,00000000,00000000,0,0000
2717,00,0,01,11000110,00000000,11110101,0,1011
2718,00,0,00,00000000,00000000,00000000,0,0000
2719,10,0,10,11011100,10110000,11010000,0,0011
2720,00,0,00,00000000,00000000,00000000,0,0000
2721,00,0,00,00000000,00000000,00000000,0,0000
2722,00,0,00,00000000,00000000,00000000,0,0000
2723,10,0,10,11011101,10110000,11010010,0,0011
2724,00,0,01,11000111,00000000,11110111,0,1011
2725,00,0,00,00000000,00000000,00000000,0,0000
2726,00,0,00,00000000,00000000,00000000,0,0000
2727,10,0,10,11011110,10110000,11010100,0,0011
2728,00,0,00,00000000,00000000,00000000,0,0000
2729,00,0,01,11011111,00000000,00001001,0,1011
2730,00,0,00,00000000,00000000,00000000,0,0000
2731,10,0,10,11011111,10110000,11010110,0,0011
2732,00,0,00,00000000,00000000,00000000,0,0000
2733,00,0,00,00000000,00000000,00000000,0,0000
2734,00,0,00,00000000,00000000,00000000,0,0000
2735,00,0,01,11100000,00000000,00001011,0,1011
2736,10,0,10,00101000,11111101,00100000,0,0011
2737,00,0,00,00000000,00000000,00000000,0,0000
2738,00,0,00,00000000,00000000,00000000,0,0000
2739,00,0,00,00000000,00000000,00000000,0,0000
2740,10,0,10,00101100,11111101,00100010,0,0011
2741,00,0,01,11100001,00000000,00001101,0,1011
2742,00,0,00,00000000,00000000,00000000,0,0000
2743,00,0,00,00000000,00000000,00000000,0,0000
2744,10,0,10,00101110,11111101,00100011,0,0011
2745,00,0,01,10001010,00000000,11000000,0,1100
2746,00,0,01,10001011,00000000,11000001,0,1100
2747,00,0,01,11100010,00000000,00001111,0,1011
2748,10,0,10,00110000,11111101,00100100,0,0011
2749,00,0,01,10001100,00000000,11000010,0,1100
2750,00,0,01,10001101,00000000,11000011,0,1100
2751,00,0,01,10001110,00000000,11000100,0,1100
2752,10,0,10,00110010,11111101,00100101,0,0011
2753,00,0,01,11100011,00000000,00010001,0,1011
2754,00,0,01,10001111,00000000,11000101,0,1100
2755,00,0,01,10010000,00000000,11000110,0,1100
2756,10,0,10,00110100,11111101,00100110,0,0011
2757,00,0,01,10010001,00000000,11000111,0,1100
2758,00,0,00,00000000,00000000,00000000,0,0000
2759,00,0,01,11100100,00000000,00010011,0,1011
2760,10,0,10,01001000,00011100,01000000,0,0011
2761,00,0,00,00000000,00000000,00000000,0,0000
2762,00,0,00,00000000,00000000,00000000,0,0000
2763,00,0,00,00000000,00000000,00000000,0,0000
2764,10,0,10,00110110,11111101,00100111,0,0011
2765,00,0,01,11100101,00000000,00010101,0,1011
2766,00,0,00,00000000,00000000,00000000,0,0000
2767,00,0,00,00000000,00000000,00000000,0,0000
2768,10,0,10,01001010,00011100,01000001,0,0011
2769,00,0,00,00000000,00000000,00000000,0,0000
2770,00,0,00,00000000,00000000,00000000,0,0000
2771,00,0,01,11100110,00000000,00010111,0,1011
2772,10,0,10,10001000,01011010,10000000,0,0011
2773,00,0,00,00000000,00000000,00000000,0,0000
2774,00,0,00,00000000,00000000,00000000,0,0000
2775,00,0,00,00000000,00000000,00000000,0,0000
2776,10,0,10,01001100,00011100,01000010,0,0011
2777,00,0,01,11111110,00000000,00101001,0,1011
2778,00,0,00,00000000,00000000,00000000,0,0000
2779,00,0,00,00000000,00000000,00000000,0,0000
2780,10,0,10,11111000,11001111,11101000,0,0011
2781,00,0,00,00000000,00000000,00000000,0,0000
2782,00,0,00,00000000,00000000,00000000,0,0000
2783,00,0,01,11111111,00000000,00101011,0,1011
2784,10,0,10,11111001,11001111,11101010,0,0011
2785,00,0,00,00000000,00000000,00000000,0,0000
2786,00,0,00,00000000,00000000,00000000,0,0000
2787,00,0,00,00000000,00000000,00000000,0,0000
2788,10,0,10,11111010,11001111,11101100,0,0011
2789,00,0,01,00000000,00000000,00101101,0,1011
2790,00,0,00,00000000,00000000,00000000,0,0000
2791,00,0,00,00000000,00000000,00000000,0,0000
2792,10,0,10,11111011,11001111,11101110,0,0011
2793,00,0,00,00000000,00000000,00000000,0,0000
2794,00,0,00,00000000,00000000,00000000,0,0000
2795,00,0,01,00000001,00000000,00101111,0,1011
2796,10,0,10,11111100,11001111,11110000,0,0011
2797,00,0,00,00000000,00000000,00000000,0,0000
2798,00,0,00,00000000,00000000,00000000,0,0000
2799,00,0,00,00000000,00000000,00000000,0,0000
2800,10,0,10,11111101,11001111,11110010,0,0011
2801,00,0,01,00000010,00000000,00110001,0,1011
2802,00,0,00,00000000,00000000,00000000,0,0000
2803,00,0,00,00000000,00000000,00000000,0,0000
2804,10,0,10,11111110,11001111,11110100,0,0011
2805,00,0,00,00000000,00000000,00000000,0,0000
2806,00,0,00,00000000,00000000,00000000,0,0000
2807,00,0,01,00000011,00000000,00110011,0,1011
2808,10,0,10,11111111,11001111,11110110,0,0011
2809,00,0,00,00000000,00000000,00000000,0,0000
2810,00,0,00,00000000,00000000,00000000,0,0000
2811,00,0,00,00000000,00000000,00000000,0,0000
2812,10,0,10,01001110,00011100,01000011,0,0011
2813,00,0,00,00000000,00000000,00000000,0,0000
2814,00,0,01,00000100,00000000,00110101,0,1011
2815,00,0,00,00000000,00000000,00000000,0,0000
2816,10,0,10,01010000,00011100,01000100,0,0011
2817,00,0,00,00000000,00000000,00000000,0,0000
2818,00,0,00,00000000,00000000,00000000,0,0000
2819,00,0,00,00000000,00000000,00000000,0,0000
2820,00,0,01,00000101,00000000,00110111,0,1011
2821,10,0,10,01010010,00011100,01000101,0,0011
2822,00,0,01,10101001,00000000,11100000,0,1100
2823,00,0,01,10101010,00000000,11100001,0,1100
2824,00,0,01,10101011,00000000,11100010,0,1100
2825,10,0,10,01010100,00011100,01000110,0,0011
2826,00,0,01,00011110,00000000,01001011,0,1011
2827,00,0,01,10101100,00000000,11100011,0,1100
2828,00,0,01,10101110,00000000,11100101,0,1100
2829,00,0,01,10101101,00000000,11100100,0,1100
2830,10,0,10,00011000,11101110,00001000,0,0011
2831,00,0,01,10101111,00000000,11100110,0,1100
2832,00,0,01,00011101,00000000,01001001,0,1011
2833,00,0,01,10110000,00000000,11100111,0,1100
2834,10,0,10,00011001,11101110,00001010,0,0011
2835,00,0,00,00000000,00000000,00000000,0,0000
2836,00,0,00,00000000,00000000,00000000,0,0000
2837,00,0,00,00000000,00000000,00000000,0,0000
2838,10,0,10,00011010,11101110,00001100,0,0011
2839,00,0,01,00011111,00000000,01001101,0,1011
2840,00,0,00,00000000,00000000,00000000,0,0000
2841,00,0,00,00000000,00000000,00000000,0,0000
2842,00,0,00,00000000,00000000,00000000,0,0000
2843,10,0,10,00011011,11101110,00001110,0,0011
2844,00,0,00,00000000,00000000,00000000,0,0000
2845,00,0,01,01011011,00000000,10001001,0,1011
2846,00,0,00,00000000,00000000,00000000,0,0000
2847,10,0,10,00011100,11101110,00010000,0,0011
2848,00,0,00,00000000,00000000,00000000,0,0000
2849,00,0,00,00000000,00000000,00000000,0,0000
2850,00,0,00,00000000,00000000,00000000,0,0000
2851,10,0,10,00011101,11101110,00010010,0,0011
2852,00,0,01,00100000,00000000,01001111,0,1011
2853,00,0,00,00000000,00000000,00000000,0,0000
2854,00,0,00,00000000,00000000,00000000,0,0000
2855,00,0,00,00000000,00000000,00000000,0,0000
2856,00,0,00,00000000,00000000,00000000,0,0000
2857,00,0,00,00000000,00000000,00000000,0,0000
2858,00,0,01,00100001,00000000,01010001,0,1011
2859,00,0,00,00000000,00000000,00000000,0,0000
2860,00,0,00,00000000,00000000,00000000,0,0000
2861,00,0,00,00000000,00000000,00000000,0,0000
2862,00,0,00,00000000,00000000,00000000,0,0000
2863,00,0,00,00000000,00000000,00000000,0,0000
2864,00,0,10,00011110,11101110,00010100,0,0011
2865,00,0,10,00011111,11101110,00010110,0,0011
2866,00,0,01,00100010,00000000,01010011,0,1011
2867,00,0,10,01010110,00011100,01000111,0,0011
2868,00,0,10,01101000,00111011,01100000,0,0011
2869,00,0,10,01101010,00111011,01100001,0,0011
2870,00,0,10,01101100,00111011,01100010,0,0011
2871,00,0,01,00100011,00000000,01010101,0,1011
2872,00,0,10,01101110,00111011,01100011,0,0011
2873,00,0,10,01110000,00111011,01100100,0,0011
2874,00,0,10,01110010,00111011,01100101,0,0011
2875,00,0,10,00111000,00001101,00101000,0,0011
2876,00,0,10,00111001,00001101,00101010,0,0011
2877,00,0,10,00111010,00001101,00101100,0,0011
2878,00,0,10,00111011,00001101,00101110,0,0011
2879,00,0,10,00111100,00001101,00110000,0,0011
2880,00,0,10,00111101,00001101,00110010,0,0011
2881,00,0,10,00111110,00001101,00110100,0,0011
2882,10,0,10,00111111,00001101,00110110,0,0011
2883,00,0,00,00000000,00000000,00000000,0,0000
2884,00,0,01,11001000,00000000,00000000,0,1100
2885,00,0,01,11001001,00000000,00000001,0,1100
2886,00,0,00,00000000,00000000,00000000,0,0000
2887,10,0,10,01110100,00111011,01100110,0,0011
2888,00,0,01,11001011,00000000,00000011,0,1100
2889,00,0,01,11001010,00000000,00000010,0,1100
2890,00,0,01,11001100,00000000,00000100,0,1100
2891,10,0,10,01110110,00111011,01100111,0,0011
2892,00,0,00,00000000,00000000,00000000,0,0000
2893,00,0,01,11001101,00000000,00000101,0,1100
2894,00,0,01,11001110,00000000,00000110,0,1100
2895,10,0,10,10001010,01011010,10000001,0,0011
2896,00,0,01,11001111,00000000,00000111,0,1100
2897,00,0,01,11101000,00000000,00100001,0,1100
2898,00,0,01,11100111,00000000,00100000,0,1100
2899,10,0,10,10001100,01011010,10000010,0,0011
2900,00,0,01,11101001,00000000,00100010,0,1100
2901,00,0,00,00000000,00000000,00000000,0,0000
2902,00,0,01,11101010,00000000,00100011,0,1100
2903,10,0,10,10001110,01011010,10000011,0,0011
2904,00,0,01,00100100,00000000,01010111,0,1011
2905,00,0,01,11101100,00000000,00100101,0,1100
2906,00,0,01,11101011,00000000,00100100,0,1100
2907,10,0,10,10010000,01011010,10000100,0,0011
2908,00,0,00,00000000,00000000,00000000,0,0000
2909,00,0,01,11101101,00000000,00100110,0,1100
2910,00,0,01,00111100,00000000,01101001,0,1011
2911,10,0,10,10010010,01011010,10000101,0,0011
2912,00,0,01,11101110,00000000,00100111,0,1100
2913,00,0,00,00000000,00000000,00000000,0,0000
2914,00,0,00,00000000,00000000,00000000,0,0000
2915,10,0,10,10010100,01011010,10000110,0,0011
2916,00,0,01,00111101,00000000,01101011,0,1011
2917,00,0,00,00000000,00000000,00000000,0,0000
2918,00,0,00,00000000,00000000,00000000,0,0000
2919,10,0,10,10010110,01011010,10000111,0,0011
2920,00,0,00,00000000,00000000,00000000,0,0000
2921,00,0,00,00000000,00000000,00000000,0,0000
2922,00,0,01,00111110,00000000,01101101,0,1011
2923,10,0,10,10101000,01111001,10100000,0,0011
2924,00,0,00,00000000,00000000,00000000,0,0000
2925,00,0,00,00000000,00000000,00000000,0,0000
2926,00,0,00,00000000,00000000,00000000,0,0000
2927,10,0,10,10101010,01111001,10100001,0,0011
2928,00,0,01,00111111,00000000,01101111,0,1011
2929,00,0,00,00000000,00000000,00000000,0,0000
2930,00,0,00,00000000,00000000,00000000,0,0000
2931,10,0,10,11001000,10011000,11000000,0,0011
2932,00,0,00,00000000,00000000,00000000,0,0000
2933,00,0,00,00000000,00000000,00000000,0,0000
2934,00,0,01,01000000,00000000,01110001,0,1011
2935,10,0,10,10101100,01111001,10100010,0,0011
2936,00,0,00,00000000,00000000,00000000,0,0000
2937,00,0,00,00000000,00000000,00000000,0,0000
2938,00,0,00,00000000,00000000,00000000,0,0000
2939,10,0,10,10101110,01111001,10100011,0,0011
2940,00,0,01,01000001,00000000,01110011,0,1011
2941,00,0,00,00000000,00000000,00000000,0,0000
2942,00,0,00,00000000,00000000,00000000,0,0000
2943,10,0,10,10110000,01111001,10100100,0,0011
2944,00,0,00,00000000,00000000,00000000,0,0000
2945,00,0,00,00000000,00000000,00000000,0,0000
2946,00,0,01,01000010,00000000,01110101,0,1011
2947,10,0,10,10110010,01111001,10100101,0,0011
2948,00,0,00,00000000,00000000,00000000,0,0000
2949,00,0,00,00000000,00000000,00000000,0,0000
2950,00,0,00,00000000,00000000,00000000,0,0000
2951,10,0,10,10110100,01111001,10100110,0,0011
2952,00,0,01,01000011,00000000,01110111,0,1011
2953,00,0,00,00000000,00000000,00000000,0,0000
2954,00,0,00,00000000,00000000,00000000,0,0000
2955,10,0,10,10110110,01111001,10100111,0,0011
2956,00,0,00,00000000,00000000,00000000,0,0000
2957,00,0,00,00000000,00000000,00000000,0,0000
2958,00,0,01,01011100,00000000,10001011,0,1011
2959,10,0,10,11001010,10011000,11000001,0,0011
2960,00,0,00,00000000,00000000,00000000,0,0000
2961,00,0,00,00000000,00000000,00000000,0,0000
2962,00,0,00,00000000,00000000,00000000,0,0000
2963,10,0,10,01011000,00101100,01001000,0,0011
2964,00,0,01,01011101,00000000,10001101,0,1011
2965,00,0,00,00000000,00000000,00000000,0,0000
2966,00,0,00,00000000,00000000,00000000,0,0000
2967,10,0,10,01011001,00101100,01001010,0,0011
2968,00,0,00,00000000,00000000,00000000,0,0000
2969,00,0,00,00000000,00000000,00000000,0,0000
2970,00,0,01,01011110,00000000,10001111,0,1011
2971,10,0,10,01011010,00101100,01001100,0,0011
2972,00,0,00,00000000,00000000,00000000,0,0000
2973,00,0,00,00000000,00000000,00000000,0,0000
2974,00,0,00,00000000,00000000,00000000,0,0000
2975,10,0,10,01011011,00101100,01001110,0,0011
2976,00,0,01,01011111,00000000,10010001,0,1011
2977,00,0,00,00000000,00000000,00000000,0,0000
2978,00,0,00,00000000,00000000,00000000,0,0000
2979,00,0,00,00000000,00000000,00000000,0,0000
2980,10,0,10,01011100,00101100,01010000,0,0011
2981,00,0,00,00000000,00000000,00000000,0,0000
2982,00,0,01,01100000,00000000,10010011,0,1011
2983,00,0,00,00000000,00000000,00000000,0,0000
2984,10,0,10,01011101,00101100,01010010,0,0011
2985,00,0,00,00000000,00000000,00000000,0,0000
2986,00,0,00,00000000,00000000,00000000,0,0000
2987,00,0,00,00000000,00000000,00000000,0,0000
2988,10,0,10,01011110,00101100,01010100,0,0011
2989,00,0,01,01100001,00000000,10010101,0,1011
2990,00,0,00,00000000,00000000,00000000,0,0000
2991,00,0,00,00000000,00000000,00000000,0,0000
2992,10,0,10,01011111,00101100,01010110,0,0011
2993,00,0,00,00000000,00000000,00000000,0,0000
2994,00,0,00,00000000,00000000,00000000,0,0000
2995,00,0,01,01100010,00000000,10010111,0,1011
2996,10,0,10,11001100,10011000,11000010,0,0011
2997,00,0,00,00000000,00000000,00000000,0,0000
2998,00,0,00,00000000,00000000,00000000,0,0000
2999,00,0,00,00000000,00000000,00000000,0,0000
3000,10,0,10,11001110,10011000,11000011,0,0011
3001,00,0,00,00000000,00000000,00000000,0,0000
3002,00,0,01,01111010,00000000,10101001,0,1011
3003,00,0,00,00000000,00000000,00000000,0,0000
3004,10,0,10,11010000,10011000,11000100,0,0011
3005,00,0,00,00000000,00000000,00000000,0,0000
3006,00,0,01,00000111,00000000,01000001,0,1100
3007,00,0,00,00000000,00000000,00000000,0,0000
3008,10,0,10,01111000,01001011,01101000,0,0011
3009,00,0,01,01111011,00000000,10101011,0,1011
3010,00,0,01,00000110,00000000,01000000,0,1100
3011,00,0,01,00001000,00000000,01000010,0,1100
3012,10,0,10,01111001,01001011,01101010,0,0011
3013,00,0,01,00001001,00000000,01000011,0,1100
3014,00,0,01,01111100,00000000,10101101,0,1011
3015,00,0,00,00000000,00000000,00000000,0,0000
3016,00,0,01,00001010,00000000,01000100,0,1100
3017,10,0,10,01111010,01001011,01101100,0,0011
3018,00,0,01,00001011,00000000,01000101,0,1100
3019,00,0,01,00001101,00000000,01000111,0,1100
3020,00,0,01,01111101,00000000,10101111,0,1011
3021,10,0,10,01111011,01001011,01101110,0,0011
3022,00,0,00,00000000,00000000,00000000,0,0000
3023,00,0,01,00001100,00000000,01000110,0,1100
3024,00,0,00,00000000,00000000,00000000,0,0000
3025,10,0,10,01111100,01001011,01110000,0,0011
3026,00,0,01,01111110,00000000,10110001,0,1011
3027,00,0,00,00000000,00000000,00000000,0,0000
3028,00,0,00,00000000,00000000,00000000,0,0000
3029,10,0,10,01111110,01001011,01110100,0,0011
3030,00,0,00,00000000,00000000,00000000,0,0000
3031,00,0,00,00000000,00000000,00000000,0,0000
3032,00,0,01,01111111,00000000,10110011,0,1011
3033,10,0,10,01111101,01001011,01110010,0,0011
3034,00,0,00,00000000,00000000,00000000,0,0000
3035,00,0,00,00000000,00000000,00000000,0,0000
3036,00,0,00,00000000,00000000,00000000,0,0000
3037,10,0,10,01111111,01001011,01110110,0,0011
3038,00,0,00,00000000,00000000,00000000,0,0000
3039,00,0,01,10000000,00000000,10110101,0,1011
3040,00,0,00,00000000,00000000,00000000,0,0000
3041,10,0,10,11010010,10011000,11000101,0,0011
3042,00,0,00,00000000,00000000,00000000,0,0000
3043,00,0,00,00000000,00000000,00000000,0,0000
3044,00,0,00,00000000,00000000,00000000,0,0000
3045,00,0,01,10000001,00000000,10110111,0,1011
3046,10,0,10,11010100,10011000,11000110,0,0011
3047,00,0,00,00000000,00000000,00000000,0,0000
3048,00,0,00,00000000,00000000,00000000,0,0000
3049,00,0,00,00000000,00000000,00000000,0,0000
3050,10,0,10,11010110,10011000,11000111,0,0011
3051,00,0,01,10011001,00000000,11001001,0,1011
3052,00,0,01,00100101,00000000,01100000,0,1100
3053,00,0,01,00100110,00000000,01100001,0,1100
3054,10,0,10,10011000,01101010,10001000,0,0011
3055,00,0,01,00100111,00000000,01100010,0,1100
3056,00,0,01,00101000,00000000,01100011,0,1100
3057,00,0,01,10011010,00000000,11001011,0,1011
3058,10,0,10,10011001,01101010,10001010,0,0011
3059,00,0,01,00101001,00000000,01100100,0,1100
3060,00,0,01,00101010,00000000,01100101,0,1100
3061,00,0,01,00101011,00000000,01100110,0,1100
3062,10,0,10,10011010,01101010,10001100,0,0011
3063,00,0,01,10011011,00000000,11001101,0,1011
3064,00,0,00,00000000,00000000,00000000,0,0000
3065,00,0,01,00101100,00000000,01100111,0,1100
3066,10,0,10,10011011,01101010,10001110,0,0011
3067,00,0,00,00000000,00000000,00000000,0,0000
3068,00,0,00,00000000,00000000,00000000,0,0000
3069,00,0,01,10011100,00000000,11001111,0,1011
3070,10,0,10,10011100,01101010,10010000,0,0011
3071,00,0,00,00000000,00000000,00000000,0,0000
3072,00,0,00,00000000,00000000,00000000,0,0000
3073,00,0,00,00000000,00000000,00000000,0,0000
3074,10,0,10,10011101,01101010,10010010,0,0011
3075,00,0,01,10011101,00000000,11010001,0,1011
3076,00,0,00,00000000,00000000,00000000,0,0000
3077,00,0,00,00000000,00000000,00000000,0,0000
3078,00,0,00,00000000,00000000,00000000,0,0000
3079,00,0,00,00000000,00000000,00000000,0,0000
3080,00,0,00,00000000,00000000,00000000,0,0000
3081,00,0,01,10011110,00000000,11010011,0,1011
3082,00,0,00,00000000,00000000,00000000,0,0000
3083,00,0,00,00000000,00000000,00000000,0,0000
3084,00,0,00,00000000,00000000,00000000,0,0000
3085,00,0,00,00000000,00000000,00000000,0,0000
3086,00,0,00,00000000,00000000,00000000,0,0000
3087,00,0,10,10011110,01101010,10010100,0,0011
3088,00,0,10,10011111,01101010,10010110,0,0011
3089,00,0,01,10011111,00000000,11010101,0,1011
3090,00,0,10,11101000,10110111,11100000,0,0011
3091,00,0,10,11101010,10110111,11100001,0,0011
3092,00,0,10,11101100,10110111,11100010,0,0011
3093,00,0,10,11101110,10110111,11100011,0,0011
3094,00,0,01,10100000,00000000,11010111,0,1011
3095,00,0,10,11110000,10110111,11100100,0,0011
3096,00,0,10,11110010,10110111,11100101,0,0011
3097,00,0,10,11110100,10110111,11100110,0,0011
3098,00,0,10,11110110,10110111,11100111,0,0011
3099,00,0,10,00001000,11010110,00000000,0,0011
3100,00,0,10,00001010,11010110,00000001,0,0011
3101,00,0,10,10111000,10001001,10101000,0,0011
3102,00,0,10,10111001,10001001,10101010,0,0011
3103,00,0,10,10111010,10001001,10101100,0,0011
3104,00,0,10,10111011,10001001,10101110,0,0011
3105,10,0,10,10111100,10001001,10110000,0,0011
3106,00,0,01,01000101,00000000,10000001,0,1100
3107,00,0,01,01000100,00000000,10000000,0,1100
3108,00,0,01,01000110,00000000,10000010,0,1100
3109,10,0,10,10111101,10001001,10110010,0,0011
3110,00,0,01,01000111,00000000,10000011,0,1100
3111,00,0,01,01001000,00000000,10000100,0,1100
3112,00,0,01,01001001,00000000,10000101,0,1100
3113,10,0,10,10111110,10001001,10110100,0,0011
3114,00,0,01,01001010,00000000,10000110,0,1100
3115,00,0,00,00000000,00000000,00000000,0,0000
3116,00,0,01,01001011,00000000,10000111,0,1100
3117,10,0,10,10111111,10001001,10110110,0,0011
3118,00,0,00,00000000,00000000,00000000,0,0000
3119,00,0,00,00000000,00000000,00000000,0,0000
3120,00,0,00,00000000,00000000,00000000,0,0000
3121,10,0,10,00001100,11010110,00000010,0,0011
3122,00,0,00,00000000,00000000,00000000,0,0000
3123,00,0,00,00000000,00000000,00000000,0,0000
3124,00,0,00,00000000,00000000,00000000,0,0000
3125,10,0,10,00001110,11010110,00000011,0,0011
3126,00,0,00,00000000,00000000,00000000,0,0000
3127,00,0,01,10111000,00000000,11101001,0,1011
3128,00,0,00,00000000,00000000,00000000,0,0000
3129,10,0,10,00010000,11010110,00000100,0,0011
3130,00,0,00,00000000,00000000,00000000,0,0000
3131,00,0,00,00000000,00000000,00000000,0,0000
3132,00,0,01,01100011,00000000,10100000,0,1100
3133,00,0,01,10111001,00000000,11101011,0,1011
3134,10,0,10,00010010,11010110,00000101,0,0011
3135,00,0,01,01100100,00000000,10100001,0,1100
3136,00,0,01,01100101,00000000,10100010,0,1100
3137,00,0,01,01100111,00000000,10100100,0,1100
3138,10,0,10,00010100,11010110,00000110,0,0011
3139,00,0,01,10111010,00000000,11101101,0,1011
3140,00,0,01,01100110,00000000,10100011,0,1100
3141,00,0,01,01101000,00000000,10100101,0,1100
3142,10,0,10,00010110,11010110,00000111,0,0011
3143,00,0,01,01101001,00000000,10100110,0,1100
3144,00,0,00,00000000,00000000,00000000,0,0000
3145,00,0,01,10111011,00000000,11101111,0,1011
3146,10,0,10,00101010,11110101,00100001,0,0011
3147,00,0,01,01101010,00000000,10100111,0,1100
3148,00,0,00,00000000,00000000,00000000,0,0000
3149,00,0,00,00000000,00000000,00000000,0,0000
3150,10,0,10,11011000,10101000,11001000,0,0011
3151,00,0,01,10111100,00000000,11110001,0,1011
3152,00,0,00,00000000,00000000,00000000,0,0000
3153,00,0,00,00000000,00000000,00000000,0,0000
3154,10,0,10,11011010,10101000,11001100,0,0011
3155,00,0,00,00000000,00000000,00000000,0,0000
3156,00,0,00,00000000,00000000,00000000,0,0000
3157,00,0,00,00000000,00000000,00000000,0,0000
3158,10,0,10,11011001,10101000,11001010,0,0011
3159,00,0,01,10111101,00000000,11110011,0,1011
3160,00,0,00,00000000,00000000,00000000,0,0000
3161,00,0,00,00000000,00000000,00000000,0,0000
3162,10,0,10,11011011,10101000,11001110,0,0011
3163,00,0,00,00000000,00000000,00000000,0,0000
3164,00,0,01,10111110,00000000,11110101,0,1011
3165,00,0,00,00000000,00000000,00000000,0,0000
3166,10,0,10,11011100,10101000,11010000,0,0011
3167,00,0,00,00000000,00000000,00000000,0,0000
3168,00,0,00,00000000,00000000,00000000,0,0000
3169,00,0,00,00000000,00000000,00000000,0,0000
3170,10,0,10,11011101,10101000,11010010,0,0011
3171,00,0,01,10111111,00000000,11110111,0,1011
3172,00,0,00,00000000,00000000,00000000,0,0000
3173,00,0,00,00000000,00000000,00000000,0,0000
3174,10,0,10,11011110,10101000,11010100,0,0011
3175,00,0,00,00000000,00000000,00000000,0,0000
3176,00,0,01,11010111,00000000,00001001,0,1011
3177,00,0,00,00000000,00000000,00000000,0,0000
3178,10,0,10,11011111,10101000,11010110,0,0011
3179,00,0,00,00000000,00000000,00000000,0,0000
3180,00,0,00,00000000,00000000,00000000,0,0000
3181,00,0,00,00000000,00000000,00000000,0,0000
3182,00,0,01,11011000,00000000,00001011,0,1011
3183,10,0,10,00101000,11110101,00100000,0,0011
3184,00,0,00,00000000,00000000,00000000,0,0000
3185,00,0,00,00000000,00000000,00000000,0,0000
3186,00,0,00,00000000,00000000,00000000,0,0000
3187,10,0,10,00101100,11110101,00100010,0,0011
3188,00,0,01,11011001,00000000,00001101,0,1011
3189,00,0,00,00000000,00000000,00000000,0,0000
3190,00,0,00,00000000,00000000,00000000,0,0000
3191,10,0,10,00101110,11110101,00100011,0,0011
3192,00,0,01,10000010,00000000,11000000,0,1100
3193,00,0,01,10000011,00000000,11000001,0,1100
3194,00,0,01,11011010,00000000,00001111,0,1011
3195,10,0,10,00110000,11110101,00100100,0,0011
3196,00,0,01,10000100,00000000,11000010,0,1100
3197,00,0,01,10000101,00000000,11000011,0,1100
3198,00,0,01,10000110,00000000,11000100,0,1100
3199,10,0,10,00110010,11110101,00100101,0,0011
3200,00,0,01,11011011,00000000,00010001,0,1011
3201,00,0,01,10000111,00000000,11000101,0,1100
3202,00,0,01,10001000,00000000,11000110,0,1100
3203,10,0,10,00110100,11110101,00100110,0,0011
3204,00,0,01,10001001,00000000,11000111,0,1100
3205,00,0,00,00000000,00000000,00000000,0,0000
3206,00,0,01,11011100,00000000,00010011,0,1011
3207,10,0,10,01001000,00010100,01000000,0,0011
3208,00,0,00,00000000,00000000,00000000,0,0000
3209,00,0,00,00000000,00000000,00000000,0,0000
3210,00,0,00,00000000,00000000,00000000,0,0000
3211,10,0,10,00110110,11110101,00100111,0,0011
3212,00,0,01,11011101,00000000,00010101,0,1011
3213,00,0,00,00000000,00000000,00000000,0,0000
3214,00,0,00,00000000,00000000,00000000,0,0000
3215,10,0,10,01001010,00010100,01000001,0,0011
3216,00,0,00,00000000,00000000,00000000,0,0000
3217,00,0,00,00000000,00000000,00000000,0,0000
3218,00,0,01,11011110,00000000,00010111,0,1011
3219,10,0,10,10001000,01010010,10000000,0,0011
3220,00,0,00,00000000,00000000,00000000,0,0000
3221,00,0,00,00000000,00000000,00000000,0,0000
3222,00,0,00,00000000,00000000,00000000,0,0000
3223,10,0,10,01001100,00010100,01000010,0,0011
3224,00,0,01,11110110,00000000,00101001,0,1011
3225,00,0,00,00000000,00000000,00000000,0,0000
3226,00,0,00,00000000,00000000,00000000,0,0000
3227,10,0,10,11111000,11000111,11101000,0,0011
3228,00,0,00,00000000,00000000,00000000,0,0000
3229,00,0,00,00000000,00000000,00000000,0,0000
3230,00,0,01,11110111,00000000,00101011,0,1011
3231,10,0,10,11111001,11000111,11101010,0,0011
3232,00,0,00,00000000,00000000,00000000,0,0000
3233,00,0,00,00000000,00000000,00000000,0,0000
3234,00,0,00,00000000,00000000,00000000,0,0000
3235,10,0,10,11111010,11000111,11101100,0,0011
3236,00,0,01,11111000,00000000,00101101,0,1011
3237,00,0,00,00000000,00000000,00000000,0,0000
3238,00,0,00,00000000,00000000,00000000,0,0000
3239,10,0,10,11111011,11000111,11101110,0,0011
3240,00,0,00,00000000,00000000,00000000,0,0000
3241,00,0,00,00000000,00000000,00000000,0,0000
3242,00,0,01,11111001,00000000,00101111,0,1011
3243,10,0,10,11111100,11000111,11110000,0,0011
3244,00,0,00,00000000,00000000,00000000,0,0000
3245,00,0,00,00000000,00000000,00000000,0,0000
3246,00,0,00,00000000,00000000,00000000,0,0000
3247,10,0,10,11111101,11000111,11110010,0,0011
3248,00,0,01,11111010,00000000,00110001,0,1011
3249,00,0,00,00000000,00000000,00000000,0,0000
3250,00,0,00,00000000,00000000,00000000,0,0000
3251,10,0,10,11111110,11000111,11110100,0,0011
3252,00,0,00,00000000,00000000,00000000,0,0000
3253,00,0,00,00000000,00000000,00000000,0,0000
3254,00,0,01,11111011,00000000,00110011,0,1011
3255,10,0,10,11111111,11000111,11110110,0,0011
3256,00,0,00,00000000,00000000,00000000,0,0000
3257,00,0,00,00000000,00000000,00000000,0,0000
3258,00,0,00,00000000,00000000,00000000,0,0000
3259,10,0,10,01001110,00010100,01000011,0,0011
3260,00,0,00,00000000,00000000,00000000,0,0000
3261,00,0,01,11111100,00000000,00110101,0,1011
3262,00,0,00,00000000,00000000,00000000,0,0000
3263,10,0,10,01010000,00010100,01000100,0,0011
3264,00,0,00,00000000,00000000,00000000,0,0000
3265,00,0,00,00000000,00000000,00000000,0,0000
3266,00,0,00,00000000,00000000,00000000,0,0000
3267,00,0,01,11111101,00000000,00110111,0,1011
3268,10,0,10,01010010,00010100,01000101,0,0011
3269,00,0,01,10100001,00000000,11100000,0,1100
3270,00,0,01,10100010,00000000,11100001,0,1100
3271,00,0,01,10100011,00000000,11100010,0,1100
3272,10,0,10,01010100,00010100,01000110,0,0011
3273,00,0,01,00010110,00000000,01001011,0,1011
3274,00,0,01,10100100,00000000,11100011,0,1100
3275,00,0,01,10100110,00000000,11100101,0,1100
3276,00,0,01,10100101,00000000,11100100,0,1100
3277,10,0,10,00011000,11100110,00001000,0,0011
3278,00,0,01,10100111,00000000,11100110,0,1100
3279,00,0,01,00010101,00000000,01001001,0,1011
3280,00,0,01,10101000,00000000,11100111,0,1100
3281,10,0,10,00011001,11100110,00001010,0,0011
3282,00,0,00,00000000,00000000,00000000,0,0000
3283,00,0,00,00000000,00000000,00000000,0,0000
3284,00,0,00,00000000,00000000,00000000,0,0000
3285,10,0,10,00011010,11100110,00001100,0,0011
3286,00,0,01,00010111,00000000,01001101,0,1011
3287,00,0,00,00000000,00000000,00000000,0,0000
3288,00,0,00,00000000,00000000,00000000,0,0000
3289,00,0,00,00000000,00000000,00000000,0,0000
3290,10,0,10,00011011,11100110,00001110,0,0011
3291,00,0,00,00000000,00000000,00000000,0,0000
3292,00,0,01,01010011,00000000,10001001,0,1011
3293,00,0,00,00000000,00000000,00000000,0,0000
3294,10,0,10,00011100,11100110,00010000,0,0011
3295,00,0,00,00000000,00000000,00000000,0,0000
3296,00,0,00,00000000,00000000,00000000,0,0000
3297,00,0,00,00000000,00000000,00000000,0,0000
3298,10,0,10,00011101,11100110,00010010,0,0011
3299,00,0,01,00011000,00000000,01001111,0,1011
3300,00,0,00,00000000,00000000,00000000,0,0000
3301,00,0,00,00000000,00000000,00000000,0,0000
3302,00,0,00,00000000,00000000,00000000,0,0000
3303,00,0,00,00000000,00000000,00000000,0,0000
3304,00,0,00,00000000,00000000,00000000,0,0000
3305,00,0,01,00011001,00000000,01010001,0,1011
3306,00,0,00,00000000,00000000,00000000,0,0000
3307,00,0,00,00000000,00000000,00000000,0,0000
3308,00,0,00,00000000,00000000,00000000,0,0000
3309,00,0,00,00000000,00000000,00000000,0,0000
3310,00,0,00,00000000,00000000,00000000,0,0000
3311,00,0,10,00011110,11100110,00010100,0,0011
3312,00,0,10,00011111,11100110,00010110,0,0011
3313,00,0,01,00011010,00000000,01010011,0,1011
3314,00,0,10,01010110,00010100,01000111,0,0011
3315,00,0,10,01101000,00110011,01100000,0,0011
3316,00,0,10,01101010,00110011,01100001,0,0011
3317,00,0,10,01101100,00110011,01100010,0,0011
3318,00,0,01,00011011,00000000,01010101,0,1011
3319,00,0,10,01101110,00110011,01100011,0,0011
3320,00,0,10,01110000,00110011,01100100,0,0011
3321,00,0,10,01110010,00110011,01100101,0,0011
3322,00,0,10,00111000,00000101,00101000,0,0011
3323,00,0,10,00111001,00000101,00101010,0,0011
3324,00,0,10,00111010,00000101,00101100,0,0011
3325,00,0,10,00111011,00000101,00101110,0,0011
3326,00,0,10,00111100,00000101,00110000,0,0011
3327,00,0,10,00111101,00000101,00110010,0,0011
3328,00,0,10,00111110,00000101,00110100,0,0011
3329,10,0,10,00111111,00000101,00110110,0,0011
3330,00,0,00,00000000,00000000,00000000,0,0000
3331,00,0,00,00000000,00000000,00000000,0,0000
3332,00,0,00,00000000,00000000,00000000,0,0000
3333,00,0,00,00000000,00000000,00000000,0,0000
3334,10,0,10,01110100,00110011,01100110,0,0011
3335,00,0,00,00000000,00000000,00000000,0,0000
3336,00,0,00,00000000,00000000,00000000,0,0000
3337,00,0,00,00000000,00000000,00000000,0,0000
3338,10,0,10,01110110,00110011,01100111,0,0011
3339,00,0,00,00000000,00000000,00000000,0,0000
3340,00,0,00,00000000,00000000,00000000,0,0000
3341,00,0,00,00000000,00000000,00000000,0,0000
3342,10,0,10,10001010,01010010,10000001,0,0011
3343,00,0,00,00000000,00000000,00000000,0,0000
3344,00,0,00,00000000,00000000,00000000,0,0000
3345,00,0,00,00000000,00000000,00000000,0,0000
3346,10,0,10,10001100,01010010,10000010,0,0011
3347,00,0,00,00000000,00000000,00000000,0,0000
3348,00,0,00,00000000,00000000,00000000,0,0000
3349,00,0,00,00000000,00000000,00000000,0,0000
3350,10,0,10,10001110,01010010,10000011,0,0011
3351,00,0,01,00011100,00000000,01010111,0,1011
3352,00,0,00,00000000,00000000,00000000,0,0000
3353,00,0,00,00000000,00000000,00000000,0,0000
3354,10,0,10,10010000,01010010,10000100,0,0011
3355,00,0,00,00000000,00000000,00000000,0,0000
3356,00,0,00,00000000,00000000,00000000,0,0000
3357,00,0,01,00110100,00000000,01101001,0,1011
3358,10,0,10,10010010,01010010,10000101,0,0011
3359,00,0,00,00000000,00000000,00000000,0,0000
3360,00,0,00,00000000,00000000,00000000,0,0000
3361,00,0,00,00000000,00000000,00000000,0,0000
3362,10,0,10,10010100,01010010,10000110,0,0011
3363,00,0,01,00110101,00000000,01101011,0,1011
3364,00,0,00,00000000,00000000,00000000,0,0000
3365,00,0,00,00000000,00000000,00000000,0,0000
3366,10,0,10,10010110,01010010,10000111,0,0011
3367,00,0,00,00000000,00000000,00000000,0,0000
3368,00,0,00,00000000,00000000,00000000,0,0000
3369,00,0,01,00110110,00000000,01101101,0,1011
3370,10,0,10,10101000,01110001,10100000,0,0011
3371,00,0,00,00000000,00000000,00000000,0,0000
3372,00,0,00,00000000,00000000,00000000,0,0000
3373,00,0,00,00000000,00000000,00000000,0,0000
3374,10,0,10,10101010,01110001,10100001,0,0011
3375,00,0,01,00110111,00000000,01101111,0,1011
3376,00,0,00,00000000,00000000,00000000,0,0000
3377,00,0,00,00000000,00000000,00000000,0,0000
3378,10,0,10,11001000,10010000,11000000,0,0011
3379,00,0,00,00000000,00000000,00000000,0,0000
3380,00,0,00,00000000,00000000,00000000,0,0000
3381,00,0,01,00111000,00000000,01110001,0,1011
3382,10,0,10,10101100,01110001,10100010,0,0011
3383,00,0,00,00000000,00000000,00000000,0,0000
3384,00,0,00,00000000,00000000,00000000,0,0000
3385,00,0,00,00000000,00000000,00000000,0,0000
3386,10,0,10,10101110,01110001,10100011,0,0011
3387,00,0,01,00111001,00000000,01110011,0,1011
3388,00,0,00,00000000,00000000,00000000,0,0000
3389,00,0,00,00000000,00000000,00000000,0,0000
3390,10,0,10,10110000,01110001,10100100,0,0011
3391,00,0,00,00000000,00000000,00000000,0,0000
3392,00,0,00,00000000,00000000,00000000,0,0000
3393,00,0,01,00111010,00000000,01110101,0,1011
3394,10,0,10,10110010,01110001,10100101,0,0011
3395,00,0,00,00000000,00000000,00000000,0,0000
3396,00,0,00,00000000,00000000,00000000,0,0000
3397,00,0,00,00000000,00000000,00000000,0,0000
3398,10,0,10,10110100,01110001,10100110,0,0011
3399,00,0,01,00111011,00000000,01110111,0,1011
3400,00,0,00,00000000,00000000,00000000,0,0000
3401,00,0,00,00000000,00000000,00000000,0,0000
3402,10,0,10,10110110,01110001,10100111,0,0011
3403,00,0,00,00000000,00000000,00000000,0,0000
3404,00,0,00,00000000,00000000,00000000,0,0000
3405,00,0,01,01010100,00000000,10001011,0,1011
3406,10,0,10,11001010,10010000,11000001,0,0011
3407,00,0,00,00000000,00000000,00000000,0,0000
3408,00,0,00,00000000,00000000,00000000,0,0000
3409,00,0,00,00000000,00000000,00000000,0,0000
3410,10,0,10,01011000,00100100,01001000,0,0011
3411,00,0,01,01010101,00000000,10001101,0,1011
3412,00,0,00,00000000,00000000,00000000,0,0000
3413,00,0,00,00000000,00000000,00000000,0,0000
3414,10,0,10,01011001,00100100,01001010,0,0011
3415,00,0,00,00000000,00000000,00000000,0,0000
3416,00,0,00,00000000,00000000,00000000,0,0000
3417,00,0,01,01010110,00000000,10001111,0,1011
3418,10,0,10,01011010,00100100,01001100,0,0011
3419,00,0,00,00000000,00000000,00000000,0,0000
3420,00,0,00,00000000,00000000,00000000,0,0000
3421,00,0,00,00000000,00000000,00000000,0,0000
3422,10,0,10,01011011,00100100,01001110,0,0011
3423,00,0,01,01010111,00000000,10010001,0,1011
3424,00,0,00,00000000,00000000,00000000,0,0000
3425,00,0,00,00000000,00000000,00000000,0,0000
3426,00,0,00,00000000,00000000,00000000,0,0000
3427,10,0,10,01011100,00100100,01010000,0,0011
3428,00,0,00,00000000,00000000,00000000,0,0000
3429,00,0,01,01011000,00000000,10010011,0,1011
3430,00,0,00,00000000,00000000,00000000,0,0000
3431,10,0,10,01011101,00100100,01010010,0,0011
3432,00,0,00,00000000,00000000,00000000,0,0000
3433,00,0,00,00000000,00000000,00000000,0,0000
3434,00,0,00,00000000,00000000,00000000,0,0000
3435,10,0,10,01011110,00100100,01010100,0,0011
3436,00,0,01,01011001,00000000,10010101,0,1011
3437,00,0,00,00000000,00000000,00000000,0,0000
3438,00,0,00,00000000,00000000,00000000,0,0000
3439,10,0,10,01011111,00100100,01010110,0,0011
3440,00,0,00,00000000,00000000,00000000,0,0000
3441,00,0,00,00000000,00000000,00000000,0,0000
3442,00,0,01,01011010,00000000,10010111,0,1011
3443,10,0,10,11001100,10010000,11000010,0,0011
3444,00,0,00,00000000,00000000,00000000,0,0000
3445,00,0,00,00000000,00000000,00000000,0,0000
3446,00,0,00,00000000,00000000,00000000,0,0000
3447,10,0,10,11001110,10010000,11000011,0,0011
3448,00,0,00,00000000,00000000,00000000,0,0000
3449,00,0,01,01110010,00000000,10101001,0,1011
3450,00,0,00,00000000,00000000,00000000,0,0000
3451,10,0,10,11010000,10010000,11000100,0,0011
3452,00,0,00,00000000,00000000,00000000,0,0000
3453,00,0,00,00000000,00000000,00000000,0,0000
3454,00,0,00,00000000,00000000,00000000,0,0000
3455,10,0,10,01111000,01000011,01101000,0,0011
3456,00,0,01,01110011,00000000,10101011,0,1011
3457,00,0,00,00000000,00000000,00000000,0,0000
3458,00,0,00,00000000,00000000,00000000,0,0000
3459,10,0,10,01111001,01000011,01101010,0,0011
3460,00,0,00,00000000,00000000,00000000,0,0000
3461,00,0,01,01110100,00000000,10101101,0,1011
3462,00,0,00,00000000,00000000,00000000,0,0000
3463,00,0,00,00000000,00000000,00000000,0,0000
3464,10,0,10,01111010,01000011,01101100,0,0011
3465,00,0,00,00000000,00000000,00000000,0,0000
3466,00,0,00,00000000,00000000,00000000,0,0000
3467,00,0,01,01110101,00000000,10101111,0,1011
3468,10,0,10,01111011,01000011,01101110,0,0011
3469,00,0,00,00000000,00000000,00000000,0,0000
3470,00,0,00,00000000,00000000,00000000,0,0000
3471,00,0,00,00000000,00000000,00000000,0,0000
3472,10,0,10,01111100,01000011,01110000,0,0011
3473,00,0,01,01110110,00000000,10110001,0,1011
3474,00,0,00,00000000,00000000,00000000,0,0000
3475,00,0,00,00000000,00000000,00000000,0,0000
3476,10,0,10,01111110,01000011,01110100,0,0011
3477,00,0,00,00000000,00000000,00000000,0,0000
3478,00,0,00,00000000,00000000,00000000,0,0000
3479,00,0,01,01110111,00000000,10110011,0,1011
3480,10,0,10,01111101,01000011,01110010,0,0011
3481,00,0,00,00000000,00000000,00000000,0,0000
3482,00,0,00,00000000,00000000,00000000,0,0000
3483,00,0,00,00000000,00000000,00000000,0,0000
3484,10,0,10,01111111,01000011,01110110,0,0011
3485,00,0,00,00000000,00000000,00000000,0,0000
3486,00,0,01,01111000,00000000,10110101,0,1011
3487,00,0,00,00000000,00000000,00000000,0,0000
3488,10,0,10,11010010,10010000,11000101,0,0011
3489,00,0,00,00000000,00000000,00000000,0,0000
3490,00,0,00,00000000,00000000,00000000,0,0000
3491,00,0,00,00000000,00000000,00000000,0,0000
3492,00,0,01,01111001,00000000,10110111,0,1011
3493,10,0,10,11010100,10010000,11000110,0,0011
3494,00,0,00,00000000,00000000,00000000,0,0000
3495,00,0,00,00000000,00000000,00000000,0,0000
3496,00,0,00,00000000,00000000,00000000,0,0000
3497,10,0,10,11010110,10010000,11000111,0,0011
3498,00,0,01,10010001,00000000,11001001,0,1011
3499,00,0,00,00000000,00000000,00000000,0,0000
3500,00,0,00,00000000,00000000,00000000,0,0000
3501,10,0,10,10011000,01100010,10001000,0,0011
3502,00,0,00,00000000,00000000,00000000,0,0000
3503,00,0,00,00000000,00000000,00000000,0,0000
3504,00,0,01,10010010,00000000,11001011,0,1011
3505,10,0,10,10011001,01100010,10001010,0,0011
3506,00,0,00,00000000,00000000,00000000,0,0000
3507,00,0,00,00000000,00000000,00000000,0,0000
3508,00,0,00,00000000,00000000,00000000,0,0000
3509,10,0,10,10011010,01100010,10001100,0,0011
3510,00,0,01,10010011,00000000,11001101,0,1011
3511,00,0,00,00000000,00000000,00000000,0,0000
3512,00,0,00,00000000,00000000,00000000,0,0000
3513,10,0,10,10011011,01100010,10001110,0,0011
3514,00,0,00,00000000,00000000,00000000,0,0000
3515,00,0,00,00000000,00000000,00000000,0,0000
3516,00,0,01,10010100,00000000,11001111,0,1011
3517,10,0,10,10011100,01100010,10010000,0,0011
3518,00,0,00,00000000,00000000,00000000,0,0000
3519,00,0,00,00000000,00000000,00000000,0,0000
3520,00,0,00,00000000,00000000,00000000,0,0000
3521,10,0,10,10011101,01100010,10010010,0,0011
3522,00,0,01,10010101,00000000,11010001,0,1011
3523,00,0,00,00000000,00000000,00000000,0,0000
3524,00,0,00,00000000,00000000,00000000,0,0000
3525,00,0,00,00000000,00000000,00000000,0,0000
3526,00,0,00,00000000,00000000,00000000,0,0000
3527,00,0,00,00000000,00000000,00000000,0,0000
3528,00,0,01,10010110,00000000,11010011,0,1011
3529,00,0,00,00000000,00000000,00000000,0,0000
3530,00,0,00,00000000,00000000,00000000,0,0000
3531,00,0,00,00000000,00000000,00000000,0,0000
3532,00,0,00,00000000,00000000,00000000,0,0000
3533,00,0,00,00000000,00000000,00000000,0,0000
3534,00,0,10,10011110,01100010,10010100,0,0011
3535,00,0,10,10011111,01100010,10010110,0,0011
3536,00,0,01,10010111,00000000,11010101,0,1011
3537,00,0,10,11101000,10101111,11100000,0,0011
3538,00,0,10,11101010,10101111,11100001,0,0011
3539,00,0,10,11101100,10101111,11100010,0,0011
3540,00,0,10,11101110,10101111,11100011,0,0011
3541,00,0,01,10011000,00000000,11010111,0,1011
3542,00,0,10,11110000,10101111,11100100,0,0011
3543,00,0,10,11110010,10101111,11100101,0,0011
3544,00,0,10,11110100,10101111,11100110,0,0011
3545,00,0,10,11110110,10101111,11100111,0,0011
3546,00,0,00,00000000,00000000,00000000,0,0000
3547,00,0,00,00000000,00000000,00000000,0,0000
3548,00,0,10,10111000,10000001,10101000,0,0011
3549,00,0,10,10111001,10000001,10101010,0,0011
3550,00,0,10,10111010,10000001,10101100,0,0011
3551,00,0,10,10111011,10000001,10101110,0,0011
3552,10,0,10,10111100,10000001,10110000,0,0011
3553,00,0,00,00000000,00000000,00000000,0,0000
3554,00,0,00,00000000,00000000,00000000,0,0000
3555,00,0,00,00000000,00000000,00000000,0,0000
3556,10,0,10,10111101,10000001,10110010,0,0011
3557,00,0,00,00000000,00000000,00000000,0,0000
3558,00,0,00,00000000,00000000,00000000,0,0000
3559,00,0,00,00000000,00000000,00000000,0,0000
3560,10,0,10,10111110,10000001,10110100,0,0011
3561,00,0,00,00000000,00000000,00000000,0,0000
3562,00,0,00,00000000,00000000,00000000,0,0000
3563,00,0,00,00000000,00000000,00000000,0,0000
3564,10,0,10,10111111,10000001,10110110,0,0011
3565,00,0,00,00000000,00000000,00000000,0,0000
3566,00,0,00,00000000,00000000,00000000,0,0000
3567,00,0,00,00000000,00000000,00000000,0,0000
3568,00,0,00,00000000,00000000,00000000,0,0000
3569,00,0,00,00000000,00000000,00000000,0,0000
3570,00,0,00,00000000,00000000,00000000,0,0000
3571,00,0,00,00000000,00000000,00000000,0,0000
3572,00,0,00,00000000,00000000,00000000,0,0000
3573,00,0,00,00000000,00000000,00000000,0,0000
3574,00,0,01,10110000,00000000,11101001,0,1011
3575,00,0,00,00000000,00000000,00000000,0,0000
3576,00,0,00,00000000,00000000,00000000,0,0000
3577,00,0,00,00000000,00000000,00000000,0,0000
3578,00,0,00,00000000,00000000,00000000,0,0000
3579,00,0,00,00000000,00000000,00000000,0,0000
3580,00,0,01,10110001,00000000,11101011,0,1011
3581,00,0,00,00000000,00000000,00000000,0,0000
3582,00,0,00,00000000,00000000,00000000,0,0000
3583,00,0,00,00000000,00000000,00000000,0,0000
3584,00,0,00,00000000,00000000,00000000,0,0000
3585,00,0,00,00000000,00000000,00000000,0,0000
3586,00,0,01,10110010,00000000,11101101,0,1011
3587,00,0,00,00000000,00000000,00000000,0,0000
3588,00,0,00,00000000,00000000,00000000,0,0000
3589,00,0,00,00000000,00000000,00000000,0,0000
3590,00,0,00,00000000,00000000,00000000,0,0000
3591,00,0,00,00000000,00000000,00000000,0,0000
3592,00,0,01,10110011,00000000,11101111,0,1011
3593,00,0,00,00000000,00000000,00000000,0,0000
3594,00,0,00,00000000,00000000,00000000,0,0000
3595,00,0,00,00000000,00000000,00000000,0,0000
3596,10,0,10,11011000,10100000,11001000,0,0011
3597,00,0,00,00000000,00000000,00000000,0,0000
3598,00,0,01,10110100,00000000,11110001,0,1011
3599,00,0,00,00000000,00000000,00000000,0,0000
3600,10,0,10,11011001,10100000,11001010,0,0011
3601,00,0,00,00000000,00000000,00000000,0,0000
3602,00,0,00,00000000,00000000,00000000,0,0000
3603,00,0,00,00000000,00000000,00000000,0,0000
3604,00,0,00,00000000,00000000,00000000,0,0000
3605,00,0,01,10110101,00000000,11110011,0,1011
3606,00,0,00,00000000,00000000,00000000,0,0000
3607,00,0,00,00000000,00000000,00000000,0,0000
3608,00,0,00,00000000,00000000,00000000,0,0000
3609,00,0,00,00000000,00000000,00000000,0,0000
3610,00,0,10,11011010,10100000,11001100,0,0011
3611,00,0,10,11011011,10100000,11001110,0,0011
3612,00,0,10,11011100,10100000,11010000,0,0011
3613,00,0,10,11011101,10100000,11010010,0,0011
3614,00,0,10,11011110,10100000,11010100,0,0011
3615,00,0,10,11011111,10100000,11010110,0,0011
3616,00,0,01,10110110,00000000,11110101,0,1011
3617,00,0,01,10110111,00000000,11110111,0,1011
3618,00,0,00,00000000,00000000,00000000,0,0000
3619,00,0,00,00000000,00000000,00000000,0,0000
3620,00,0,00,00000000,00000000,00000000,0,0000
3621,00,0,00,00000000,00000000,00000000,0,0000
3622,00,0,00,00000000,00000000,00000000,0,0000
3623,00,0,00,00000000,00000000,00000000,0,0000
3624,00,0,00,00000000,00000000,00000000,0,0000
3625,00,0,00,00000000,00000000,00000000,0,0000
3626,00,0,00,00000000,00000000,00000000,0,0000
3627,00,0,00,00000000,00000000,00000000,0,0000
3628,00,0,00,00000000,00000000,00000000,0,0000
3629,00,0,00,00000000,00000000,00000000,0,0000
3630,00,0,00,00000000,00000000,00000000,0,0000
3631,00,0,00,00000000,00000000,00000000,0,0000
3632,00,0,00,00000000,00000000,00000000,0,0000
3633,00,0,00,00000000,00000000,00000000,0,0000
3634,00,0,00,00000000,00000000,00000000,0,0000
3635,00,0,00,00000000,00000000,00000000,0,0000
3636,00,0,00,00000000,00000000,00000000,0,0000
3637,00,0,00,00000000,00000000,00000000,0,0000
3638,00,0,00,00000000,00000000,00000000,0,0000
3639,00,0,00,00000000,00000000,00000000,0,0000
3640,00,0,00,00000000,00000000,00000000,0,0000
3641,00,0,00,00000000,00000000,00000000,0,0000
3642,00,0,00,00000000,00000000,00000000,0,0000
3643,00,0,00,00000000,00000000,00000000,0,0000
3644,00,0,00,00000000,00000000,00000000,0,0000
3645,00,0,00,00000000,00000000,00000000,0,0000
3646,00,0,00,00000000,00000000,00000000,0,0000
3647,00,0,00,00000000,00000000,00000000,0,0000
3648,00,0,00,00000000,00000000,00000000,0,0000
3649,00,0,00,00000000,00000000,00000000,0,0000
3650,00,0,00,00000000,00000000,00000000,0,0000
3651,00,0,00,00000000,00000000,00000000,0,0000
3652,00,0,00,00000000,00000000,00000000,0,0000
3653,00,0,00,00000000,00000000,00000000,0,0000
3654,00,0,00,00000000,00000000,00000000,0,0000
3655,00,0,00,00000000,00000000,00000000,0,0000
3656,00,0,00,00000000,00000000,00000000,0,0000
3657,00,0,00,00000000,00000000,00000000,0,0000
3658,00,0,00,00000000,00000000,00000000,0,0000
3659,00,0,00,00000000,00000000,00000000,0,0000
3660,00,0,00,00000000,00000000,00000000,0,0000
3661,00,0,00,00000000,00000000,00000000,0,0000
3662,00,0,00,00000000,00000000,00000000,0,0000
3663,00,0,00,00000000,00000000,00000000,0,0000
3664,00,0,00,00000000,00000000,00000000,0,0000
3665,00,0,00,00000000,00000000,00000000,0,0000
3666,00,0,00,00000000,00000000,00000000,0,0000
3667,00,0,00,00000000,00000000,00000000,0,0000
3668,00,0,00,00000000,00000000,00000000,0,0000
3669,00,0,00,00000000,00000000,00000000,0,0000
3670,00,0,00,00000000,00000000,00000000,0,0000
3671,00,0,00,00000000,00000000,00000000,0,0000
3672,00,0,10,11111000,10111111,11101000,0,0011
3673,00,0,10,11111001,10111111,11101010,0,0011
3674,00,0,10,11111010,10111111,11101100,0,0011
3675,00,0,10,11111011,10111111,11101110,0,0011
3676,00,0,10,11111100,10111111,11110000,0,0011
3677,00,0,10,11111101,10111111,11110010,0,0011
3678,00,0,10,11111110,10111111,11110100,0,0011
3679,00,0,10,11111111,10111111,11110110,0,0011
3680,00,0,00,00000000,00000000,00000000,0,0000
3681,00,0,00,00000000,00000000,00000000,0,0000
3682,00,0,00,00000000,00000000,00000000,0,0000
3683,00,0,00,00000000,00000000,00000000,0,0000
3684,00,0,00,00000000,00000000,00000000,0,0000
3685,00,0,00,00000000,00000000,00000000,0,0000
3686,00,0,00,00000000,00000000,00000000,0,0000
3687,00,0,00,00000000,00000000,00000000,0,0000
