t,half,imm,connect,dst,src1,src0,mask,optype
0,00,0,00,00000000,00000000,00000000,0,0000
1,00,0,00,00000000,00000000,00000000,0,0000
2,00,0,00,00000000,00000000,00000000,0,0000
3,00,0,01,00000000,00000000,00000000,0,1100
4,00,0,01,00000001,00000000,00000001,0,1100
5,00,0,01,00000010,00000000,00000010,0,1100
6,00,0,01,00000011,00000000,00000011,0,1100
7,00,0,01,00010000,00000000,00001100,0,1100
8,00,0,01,00010001,00000000,00001101,0,1100
9,00,0,01,00010010,00000000,00001110,0,1100
10,00,0,01,00010011,00000000,00001111,0,1100
11,00,0,00,00000000,00000000,00000000,0,0000
12,00,0,01,00100000,00000000,00011000,0,1100
13,00,0,01,00100010,00000000,00011010,0,1100
14,00,0,01,00100001,00000000,00011001,0,1100
15,00,0,01,00100011,00000000,00011011,0,1100
16,00,0,01,00110000,00000000,00100100,0,1100
17,00,0,01,00110010,00000000,00100110,0,1100
18,00,0,01,00110001,00000000,00100101,0,1100
19,00,0,01,00110011,00000000,00100111,0,1100
20,00,0,01,01000000,00000000,00110000,0,1100
21,00,0,01,01000001,00000000,00110001,0,1100
22,00,0,01,01000010,00000000,00110010,0,1100
23,00,0,01,01000011,00000000,00110011,0,1100
24,00,0,01,01010000,00000000,00111100,0,1100
25,00,0,01,01010001,00000000,00111101,0,1100
26,00,0,01,01010010,00000000,00111110,0,1100
27,00,0,10,00000100,00000110,00000000,0,0011
28,00,0,10,00000110,00000110,00000001,0,0011
29,00,0,10,00001000,00000110,00000010,0,0011
30,00,0,10,00001010,00000110,00000011,0,0011
31,00,0,10,00010000,00010110,00001100,0,0011
32,00,0,10,00010010,00010110,00001101,0,0011
33,00,0,10,00010100,00010110,00001110,0,0011
34,00,0,10,00010110,00010110,00001111,0,0011
35,00,0,01,01010011,00000000,00111111,0,1100
36,00,0,10,00011100,00100110,00011000,0,0011
37,00,0,10,00011110,00100110,00011001,0,0011
38,00,0,10,00100000,00100110,00011010,0,0011
39,00,0,10,00100010,00100110,00011011,0,0011
40,00,0,10,00101000,00110110,00100100,0,0011
41,00,0,10,00101010,00110110,00100101,0,0011
42,01,0,10,00101110,00110110,00100111,0,0011
43,00,0,01,01100000,00000000,01001000,0,1100
44,01,0,10,00101100,00110110,00100110,0,0011
45,00,0,01,01100001,00000000,01001001,0,1100
46,00,0,01,01100010,00000000,01001010,0,1100
47,00,0,01,01100011,00000000,01001011,0,1100
48,00,0,01,01110000,00000000,01010100,0,1100
49,01,0,10,00110100,01000110,00110000,0,0011
50,00,0,01,01110001,00000000,01010101,0,1100
51,01,0,10,00110110,01000110,00110001,0,0011
52,00,0,01,01110010,00000000,01010110,0,1100
53,01,0,10,00111000,01000110,00110010,0,0011
54,00,0,01,01110011,00000000,01010111,0,1100
55,01,0,10,00111010,01000110,00110011,0,0011
56,00,0,01,10000000,00000000,01100000,0,1100
57,01,0,10,01000000,01010110,00111100,0,0011
58,00,0,01,10000001,00000000,01100001,0,1100
59,01,0,10,01000010,01010110,00111101,0,0011
60,00,0,01,10000010,00000000,01100010,0,1100
61,01,0,10,01000100,01010110,00111110,0,0011
62,00,0,01,10000011,00000000,01100011,0,1100
63,01,0,10,01000110,01010110,00111111,0,0011
64,00,0,01,10010000,00000000,01101100,0,1100
65,00,0,01,10010001,00000000,01101101,0,1100
66,00,0,01,00000111,00000000,00000101,0,1011
67,00,0,01,10010010,00000000,01101110,0,1100
68,01,0,10,01001100,01100110,01001000,0,0011
69,00,0,01,10010011,00000000,01101111,0,1100
70,01,0,10,01001110,01100110,01001001,0,0011
71,00,0,01,10100000,00000000,01111000,0,1100
72,01,0,10,01010000,01100110,01001010,0,0011
73,00,0,01,10100001,00000000,01111001,0,1100
74,00,0,01,00001000,00000000,00000111,0,1011
75,01,0,10,01010010,01100110,01001011,0,0011
76,00,0,01,10100010,00000000,01111010,0,1100
77,01,0,10,01011000,01110110,01010100,0,0011
78,00,0,01,10100011,00000000,01111011,0,1100
79,01,0,10,01011010,01110110,01010101,0,0011
80,00,0,01,10110001,00000000,10000101,0,1100
81,01,0,10,01011100,01110110,01010110,0,0011
82,00,0,01,00001001,00000000,00001001,0,1011
83,01,0,10,01011110,01110110,01010111,0,0011
84,00,0,01,10110000,00000000,10000100,0,1100
85,01,0,10,01100100,10000110,01100000,0,0011
86,00,0,01,10110010,00000000,10000110,0,1100
87,01,0,10,01100110,10000110,01100001,0,0011
88,00,0,01,10110011,00000000,10000111,0,1100
89,01,0,10,01101000,10000110,01100010,0,0011
90,00,0,01,00001010,00000000,00001011,0,1011
91,01,0,10,01101010,10000110,01100011,0,0011
92,00,0,01,11000000,00000000,10010000,0,1100
93,01,0,10,01110000,10010110,01101100,0,0011
94,00,0,01,11000001,00000000,10010001,0,1100
95,01,0,10,01110010,10010110,01101101,0,0011
96,00,0,01,11000011,00000000,10010011,0,1100
97,01,0,10,01110100,10010110,01101110,0,0011
98,00,0,01,00010111,00000000,00010001,0,1011
99,01,0,10,01110110,10010110,01101111,0,0011
100,00,0,01,11000010,00000000,10010010,0,1100
101,00,0,01,11010001,00000000,10011101,0,1100
102,00,0,01,11010010,00000000,10011110,0,1100
103,01,0,10,01111100,10100110,01111000,0,0011
104,00,0,01,11010000,00000000,10011100,0,1100
105,01,0,10,01111110,10100110,01111001,0,0011
106,00,0,01,00011000,00000000,00010011,0,1011
107,01,0,10,10000000,10100110,01111010,0,0011
108,00,0,01,11010011,00000000,10011111,0,1100
109,01,0,10,10000010,10100110,01111011,0,0011
110,00,0,01,11100000,00000000,10101000,0,1100
111,00,0,01,11100001,00000000,10101001,0,1100
112,01,0,10,10001000,10110110,10000100,0,0011
113,00,0,01,11100010,00000000,10101010,0,1100
114,00,0,01,00011001,00000000,00010101,0,1011
115,01,0,10,10001010,10110110,10000101,0,0011
116,00,0,01,11100011,00000000,10101011,0,1100
117,01,0,10,10001100,10110110,10000110,0,0011
118,00,0,01,11110000,00000000,10110100,0,1100
119,01,0,10,10001110,10110110,10000111,0,0011
120,00,0,01,11110001,00000000,10110101,0,1100
121,00,0,01,11110010,00000000,10110110,0,1100
122,00,0,01,00011010,00000000,00010111,0,1011
123,01,0,10,10010100,11000110,10010000,0,0011
124,00,0,01,11110011,00000000,10110111,0,1100
125,01,0,10,10010110,11000110,10010001,0,0011
126,00,0,00,00000000,00000000,00000000,0,0000
127,01,0,10,10011000,11000110,10010010,0,0011
128,00,0,00,00000000,00000000,00000000,0,0000
129,01,0,10,10011010,11000110,10010011,0,0011
130,00,0,01,00100111,00000000,00011101,0,1011
131,01,0,10,10100000,11010110,10011100,0,0011
132,00,0,00,00000000,00000000,00000000,0,0000
133,01,0,10,10100010,11010110,10011101,0,0011
134,00,0,00,00000000,00000000,00000000,0,0000
135,01,0,10,10100100,11010110,10011110,0,0011
136,00,0,00,00000000,00000000,00000000,0,0000
137,01,0,10,10100110,11010110,10011111,0,0011
138,00,0,01,00101000,00000000,00011111,0,1011
139,00,0,00,00000000,00000000,00000000,0,0000
140,01,0,10,10101100,11100110,10101000,0,0011
141,00,0,00,00000000,00000000,00000000,0,0000
142,01,0,10,10101110,11100110,10101001,0,0011
143,00,0,00,00000000,00000000,00000000,0,0000
144,01,0,10,10110000,11100110,10101010,0,0011
145,00,0,00,00000000,00000000,00000000,0,0000
146,00,0,01,00101001,00000000,00100001,0,1011
147,01,0,10,10110010,11100110,10101011,0,0011
148,00,0,00,00000000,00000000,00000000,0,0000
149,00,0,01,00000000,00000000,11000000,0,1100
150,01,0,10,10111000,11110110,10110100,0,0011
151,00,0,01,00000010,00000000,11000010,0,1100
152,01,0,10,10111010,11110110,10110101,0,0011
153,00,0,01,00000001,00000000,11000001,0,1100
154,00,0,01,00101010,00000000,00100011,0,1011
155,01,0,10,10111100,11110110,10110110,0,0011
156,00,0,01,00000011,00000000,11000011,0,1100
157,01,0,10,10111110,11110110,10110111,0,0011
158,00,0,00,00000000,00000000,00000000,0,0000
159,00,0,00,00000000,00000000,00000000,0,0000
160,00,0,00,00000000,00000000,00000000,0,0000
161,00,0,00,00000000,00000000,00000000,0,0000
162,00,0,01,00110111,00000000,00101001,0,1011
163,00,0,00,00000000,00000000,00000000,0,0000
164,00,0,00,00000000,00000000,00000000,0,0000
165,00,0,00,00000000,00000000,00000000,0,0000
166,00,0,00,00000000,00000000,00000000,0,0000
167,00,0,00,00000000,00000000,00000000,0,0000
168,00,0,00,00000000,00000000,00000000,0,0000
169,00,0,00,00000000,00000000,00000000,0,0000
170,00,0,01,00111000,00000000,00101011,0,1011
171,00,0,00,00000000,00000000,00000000,0,0000
172,00,0,00,00000000,00000000,00000000,0,0000
173,00,0,00,00000000,00000000,00000000,0,0000
174,00,0,00,00000000,00000000,00000000,0,0000
175,00,0,00,00000000,00000000,00000000,0,0000
176,00,0,00,00000000,00000000,00000000,0,0000
177,00,0,00,00000000,00000000,00000000,0,0000
178,00,0,01,00111001,00000000,00101101,0,1011
179,01,0,10,11000100,00000110,11000000,0,0011
180,00,0,00,00000000,00000000,00000000,0,0000
181,01,0,10,11000110,00000110,11000001,0,0011
182,00,0,01,00010000,00000000,11001100,0,1100
183,01,0,10,11001000,00000110,11000010,0,0011
184,00,0,01,00010001,00000000,11001101,0,1100
185,01,0,10,11001010,00000110,11000011,0,0011
186,00,0,01,00111010,00000000,00101111,0,1011
187,00,0,01,00010010,00000000,11001110,0,1100
188,00,0,01,00010011,00000000,11001111,0,1100
189,00,0,00,00000000,00000000,00000000,0,0000
190,00,0,00,00000000,00000000,00000000,0,0000
191,00,0,00,00000000,00000000,00000000,0,0000
192,00,0,00,00000000,00000000,00000000,0,0000
193,00,0,00,00000000,00000000,00000000,0,0000
194,00,0,01,01000111,00000000,00110101,0,1011
195,00,0,00,00000000,00000000,00000000,0,0000
196,00,0,00,00000000,00000000,00000000,0,0000
197,00,0,00,00000000,00000000,00000000,0,0000
198,00,0,00,00000000,00000000,00000000,0,0000
199,00,0,00,00000000,00000000,00000000,0,0000
200,00,0,00,00000000,00000000,00000000,0,0000
201,00,0,00,00000000,00000000,00000000,0,0000
202,00,0,01,01001000,00000000,00110111,0,1011
203,00,0,00,00000000,00000000,00000000,0,0000
204,00,0,00,00000000,00000000,00000000,0,0000
205,00,0,00,00000000,00000000,00000000,0,0000
206,00,0,00,00000000,00000000,00000000,0,0000
207,00,0,00,00000000,00000000,00000000,0,0000
208,00,0,00,00000000,00000000,00000000,0,0000
209,00,0,00,00000000,00000000,00000000,0,0000
210,00,0,01,01001001,00000000,00111001,0,1011
211,01,0,10,11010000,00010110,11001100,0,0011
212,00,0,00,00000000,00000000,00000000,0,0000
213,01,0,10,11010010,00010110,11001101,0,0011
214,00,0,01,00100000,00000000,11011000,0,1100
215,01,0,10,11010100,00010110,11001110,0,0011
216,00,0,01,00100001,00000000,11011001,0,1100
217,01,0,10,11010110,00010110,11001111,0,0011
218,00,0,01,01001010,00000000,00111011,0,1011
219,00,0,01,00100010,00000000,11011010,0,1100
220,00,0,01,00100011,00000000,11011011,0,1100
221,00,0,00,00000000,00000000,00000000,0,0000
222,00,0,00,00000000,00000000,00000000,0,0000
223,00,0,00,00000000,00000000,00000000,0,0000
224,00,0,00,00000000,00000000,00000000,0,0000
225,00,0,00,00000000,00000000,00000000,0,0000
226,00,0,01,01010111,00000000,01000001,0,1011
227,00,0,00,00000000,00000000,00000000,0,0000
228,00,0,00,00000000,00000000,00000000,0,0000
229,00,0,00,00000000,00000000,00000000,0,0000
230,00,0,00,00000000,00000000,00000000,0,0000
231,00,0,00,00000000,00000000,00000000,0,0000
232,00,0,00,00000000,00000000,00000000,0,0000
233,00,0,00,00000000,00000000,00000000,0,0000
234,00,0,01,01011000,00000000,01000011,0,1011
235,00,0,00,00000000,00000000,00000000,0,0000
236,00,0,00,00000000,00000000,00000000,0,0000
237,00,0,00,00000000,00000000,00000000,0,0000
238,00,0,00,00000000,00000000,00000000,0,0000
239,00,0,00,00000000,00000000,00000000,0,0000
240,00,0,00,00000000,00000000,00000000,0,0000
241,00,0,00,00000000,00000000,00000000,0,0000
242,00,0,01,01011001,00000000,01000101,0,1011
243,01,0,10,11011100,00100110,11011000,0,0011
244,00,0,00,00000000,00000000,00000000,0,0000
245,01,0,10,11011110,00100110,11011001,0,0011
246,00,0,01,00110000,00000000,11100100,0,1100
247,01,0,10,11100000,00100110,11011010,0,0011
248,00,0,01,00110001,00000000,11100101,0,1100
249,01,0,10,11100010,00100110,11011011,0,0011
250,00,0,01,01011010,00000000,01000111,0,1011
251,00,0,01,00110010,00000000,11100110,0,1100
252,00,0,01,00110011,00000000,11100111,0,1100
253,00,0,00,00000000,00000000,00000000,0,0000
254,00,0,00,00000000,00000000,00000000,0,0000
255,00,0,00,00000000,00000000,00000000,0,0000
256,00,0,00,00000000,00000000,00000000,0,0000
257,00,0,00,00000000,00000000,00000000,0,0000
258,00,0,01,01100111,00000000,01001101,0,1011
259,00,0,00,00000000,00000000,00000000,0,0000
260,00,0,00,00000000,00000000,00000000,0,0000
261,00,0,00,00000000,00000000,00000000,0,0000
262,00,0,00,00000000,00000000,00000000,0,0000
263,00,0,00,00000000,00000000,00000000,0,0000
264,00,0,00,00000000,00000000,00000000,0,0000
265,00,0,00,00000000,00000000,00000000,0,0000
266,00,0,01,01101000,00000000,01001111,0,1011
267,00,0,00,00000000,00000000,00000000,0,0000
268,00,0,00,00000000,00000000,00000000,0,0000
269,00,0,00,00000000,00000000,00000000,0,0000
270,00,0,00,00000000,00000000,00000000,0,0000
271,00,0,00,00000000,00000000,00000000,0,0000
272,00,0,00,00000000,00000000,00000000,0,0000
273,00,0,00,00000000,00000000,00000000,0,0000
274,00,0,01,01101001,00000000,01010001,0,1011
275,01,0,10,11101000,00110110,11100100,0,0011
276,00,0,00,00000000,00000000,00000000,0,0000
277,01,0,10,11101010,00110110,11100101,0,0011
278,00,0,01,01000000,00000000,11110000,0,1100
279,01,0,10,11101100,00110110,11100110,0,0011
280,00,0,01,01000001,00000000,11110001,0,1100
281,01,0,10,11101110,00110110,11100111,0,0011
282,00,0,01,01101010,00000000,01010011,0,1011
283,00,0,01,01000010,00000000,11110010,0,1100
284,00,0,01,01000011,00000000,11110011,0,1100
285,00,0,00,00000000,00000000,00000000,0,0000
286,00,0,00,00000000,00000000,00000000,0,0000
287,00,0,00,00000000,00000000,00000000,0,0000
288,00,0,00,00000000,00000000,00000000,0,0000
289,00,0,00,00000000,00000000,00000000,0,0000
290,00,0,01,01110111,00000000,01011001,0,1011
291,00,0,00,00000000,00000000,00000000,0,0000
292,00,0,00,00000000,00000000,00000000,0,0000
293,00,0,00,00000000,00000000,00000000,0,0000
294,00,0,00,00000000,00000000,00000000,0,0000
295,00,0,00,00000000,00000000,00000000,0,0000
296,00,0,00,00000000,00000000,00000000,0,0000
297,00,0,00,00000000,00000000,00000000,0,0000
298,00,0,01,01111000,00000000,01011011,0,1011
299,00,0,00,00000000,00000000,00000000,0,0000
300,00,0,00,00000000,00000000,00000000,0,0000
301,00,0,00,00000000,00000000,00000000,0,0000
302,00,0,00,00000000,00000000,00000000,0,0000
303,00,0,00,00000000,00000000,00000000,0,0000
304,00,0,00,00000000,00000000,00000000,0,0000
305,00,0,00,00000000,00000000,00000000,0,0000
306,00,0,01,01111001,00000000,01011101,0,1011
307,01,0,10,11110100,01000110,11110000,0,0011
308,00,0,00,00000000,00000000,00000000,0,0000
309,01,0,10,11110110,01000110,11110001,0,0011
310,00,0,01,01010000,00000000,11111100,0,1100
311,01,0,10,11111000,01000110,11110010,0,0011
312,00,0,01,01010001,00000000,11111101,0,1100
313,01,0,10,11111010,01000110,11110011,0,0011
314,00,0,01,01111010,00000000,01011111,0,1011
315,00,0,01,01010010,00000000,11111110,0,1100
316,00,0,01,01010011,00000000,11111111,0,1100
317,00,0,00,00000000,00000000,00000000,0,0000
318,00,0,00,00000000,00000000,00000000,0,0000
319,00,0,00,00000000,00000000,00000000,0,0000
320,00,0,00,00000000,00000000,00000000,0,0000
321,00,0,00,00000000,00000000,00000000,0,0000
322,00,0,01,10000111,00000000,01100101,0,1011
323,00,0,00,00000000,00000000,00000000,0,0000
324,00,0,00,00000000,00000000,00000000,0,0000
325,00,0,00,00000000,00000000,00000000,0,0000
326,00,0,00,00000000,00000000,00000000,0,0000
327,00,0,00,00000000,00000000,00000000,0,0000
328,00,0,00,00000000,00000000,00000000,0,0000
329,00,0,00,00000000,00000000,00000000,0,0000
330,00,0,01,10001000,00000000,01100111,0,1011
331,00,0,00,00000000,00000000,00000000,0,0000
332,00,0,00,00000000,00000000,00000000,0,0000
333,00,0,00,00000000,00000000,00000000,0,0000
334,00,0,00,00000000,00000000,00000000,0,0000
335,00,0,00,00000000,00000000,00000000,0,0000
336,00,0,00,00000000,00000000,00000000,0,0000
337,00,0,00,00000000,00000000,00000000,0,0000
338,00,0,01,10001001,00000000,01101001,0,1011
339,01,0,10,00000000,01010110,11111100,0,0011
340,00,0,00,00000000,00000000,00000000,0,0000
341,01,0,10,00000010,01010110,11111101,0,0011
342,00,0,01,01100000,00000000,00001000,0,1100
343,01,0,10,00000100,01010110,11111110,0,0011
344,00,0,01,01100001,00000000,00001001,0,1100
345,01,0,10,00000110,01010110,11111111,0,0011
346,00,0,01,10001010,00000000,01101011,0,1011
347,00,0,01,01100010,00000000,00001010,0,1100
348,00,0,01,01100011,00000000,00001011,0,1100
349,00,0,00,00000000,00000000,00000000,0,0000
350,00,0,00,00000000,00000000,00000000,0,0000
351,00,0,00,00000000,00000000,00000000,0,0000
352,00,0,00,00000000,00000000,00000000,0,0000
353,00,0,00,00000000,00000000,00000000,0,0000
354,00,0,01,10010111,00000000,01110001,0,1011
355,00,0,00,00000000,00000000,00000000,0,0000
356,00,0,00,00000000,00000000,00000000,0,0000
357,00,0,00,00000000,00000000,00000000,0,0000
358,00,0,00,00000000,00000000,00000000,0,0000
359,00,0,00,00000000,00000000,00000000,0,0000
360,00,0,00,00000000,00000000,00000000,0,0000
361,00,0,00,00000000,00000000,00000000,0,0000
362,00,0,01,10011000,00000000,01110011,0,1011
363,00,0,00,00000000,00000000,00000000,0,0000
364,00,0,00,00000000,00000000,00000000,0,0000
365,00,0,00,00000000,00000000,00000000,0,0000
366,00,0,00,00000000,00000000,00000000,0,0000
367,00,0,00,00000000,00000000,00000000,0,0000
368,00,0,00,00000000,00000000,00000000,0,0000
369,00,0,00,00000000,00000000,00000000,0,0000
370,00,0,01,10011001,00000000,01110101,0,1011
371,01,0,10,00001100,01100110,00001000,0,0011
372,00,0,00,00000000,00000000,00000000,0,0000
373,01,0,10,00001110,01100110,00001001,0,0011
374,00,0,01,01110000,00000000,00010100,0,1100
375,01,0,10,00010000,01100110,00001010,0,0011
376,00,0,01,01110001,00000000,00010101,0,1100
377,01,0,10,00010010,01100110,00001011,0,0011
378,00,0,01,10011010,00000000,01110111,0,1011
379,00,0,01,01110010,00000000,00010110,0,1100
380,00,0,01,01110011,00000000,00010111,0,1100
381,00,0,00,00000000,00000000,00000000,0,0000
382,00,0,00,00000000,00000000,00000000,0,0000
383,00,0,00,00000000,00000000,00000000,0,0000
384,00,0,00,00000000,00000000,00000000,0,0000
385,00,0,00,00000000,00000000,00000000,0,0000
386,00,0,01,10100111,00000000,01111101,0,1011
387,00,0,00,00000000,00000000,00000000,0,0000
388,00,0,00,00000000,00000000,00000000,0,0000
389,00,0,00,00000000,00000000,00000000,0,0000
390,00,0,00,00000000,00000000,00000000,0,0000
391,00,0,00,00000000,00000000,00000000,0,0000
392,00,0,00,00000000,00000000,00000000,0,0000
393,00,0,00,00000000,00000000,00000000,0,0000
394,00,0,01,10101000,00000000,01111111,0,1011
395,00,0,00,00000000,00000000,00000000,0,0000
396,00,0,00,00000000,00000000,00000000,0,0000
397,00,0,00,00000000,00000000,00000000,0,0000
398,00,0,00,00000000,00000000,00000000,0,0000
399,00,0,00,00000000,00000000,00000000,0,0000
400,00,0,00,00000000,00000000,00000000,0,0000
401,00,0,00,00000000,00000000,00000000,0,0000
402,00,0,01,10101001,00000000,10000001,0,1011
403,01,0,10,00011000,01110110,00010100,0,0011
404,00,0,00,00000000,00000000,00000000,0,0000
405,01,0,10,00011010,01110110,00010101,0,0011
406,00,0,01,10000000,00000000,00100000,0,1100
407,01,0,10,00011100,01110110,00010110,0,0011
408,00,0,01,10000001,00000000,00100001,0,1100
409,01,0,10,00011110,01110110,00010111,0,0011
410,00,0,01,10101010,00000000,10000011,0,1011
411,00,0,01,10000010,00000000,00100010,0,1100
412,00,0,01,10000011,00000000,00100011,0,1100
413,00,0,00,00000000,00000000,00000000,0,0000
414,00,0,00,00000000,00000000,00000000,0,0000
415,00,0,00,00000000,00000000,00000000,0,0000
416,00,0,00,00000000,00000000,00000000,0,0000
417,00,0,00,00000000,00000000,00000000,0,0000
418,00,0,01,10110111,00000000,10001001,0,1011
419,00,0,00,00000000,00000000,00000000,0,0000
420,00,0,00,00000000,00000000,00000000,0,0000
421,00,0,00,00000000,00000000,00000000,0,0000
422,00,0,00,00000000,00000000,00000000,0,0000
423,00,0,00,00000000,00000000,00000000,0,0000
424,00,0,00,00000000,00000000,00000000,0,0000
425,00,0,00,00000000,00000000,00000000,0,0000
426,00,0,01,10111000,00000000,10001011,0,1011
427,00,0,00,00000000,00000000,00000000,0,0000
428,00,0,00,00000000,00000000,00000000,0,0000
429,00,0,00,00000000,00000000,00000000,0,0000
430,00,0,00,00000000,00000000,00000000,0,0000
431,00,0,00,00000000,00000000,00000000,0,0000
432,00,0,00,00000000,00000000,00000000,0,0000
433,00,0,00,00000000,00000000,00000000,0,0000
434,00,0,01,10111001,00000000,10001101,0,1011
435,01,0,10,00100100,10000110,00100000,0,0011
436,00,0,00,00000000,00000000,00000000,0,0000
437,01,0,10,00100110,10000110,00100001,0,0011
438,00,0,01,10010000,00000000,00101100,0,1100
439,01,0,10,00101000,10000110,00100010,0,0011
440,00,0,01,10010001,00000000,00101101,0,1100
441,01,0,10,00101010,10000110,00100011,0,0011
442,00,0,01,10111010,00000000,10001111,0,1011
443,00,0,01,10010010,00000000,00101110,0,1100
444,00,0,01,10010011,00000000,00101111,0,1100
445,00,0,00,00000000,00000000,00000000,0,0000
446,00,0,00,00000000,00000000,00000000,0,0000
447,00,0,00,00000000,00000000,00000000,0,0000
448,00,0,00,00000000,00000000,00000000,0,0000
449,00,0,00,00000000,00000000,00000000,0,0000
450,00,0,01,11000111,00000000,10010101,0,1011
451,00,0,00,00000000,00000000,00000000,0,0000
452,00,0,00,00000000,00000000,00000000,0,0000
453,00,0,00,00000000,00000000,00000000,0,0000
454,00,0,00,00000000,00000000,00000000,0,0000
455,00,0,00,00000000,00000000,00000000,0,0000
456,00,0,00,00000000,00000000,00000000,0,0000
457,00,0,00,00000000,00000000,00000000,0,0000
458,00,0,01,11001000,00000000,10010111,0,1011
459,00,0,00,00000000,00000000,00000000,0,0000
460,00,0,00,00000000,00000000,00000000,0,0000
461,00,0,00,00000000,00000000,00000000,0,0000
462,00,0,00,00000000,00000000,00000000,0,0000
463,00,0,00,00000000,00000000,00000000,0,0000
464,00,0,00,00000000,00000000,00000000,0,0000
465,00,0,00,00000000,00000000,00000000,0,0000
466,00,0,01,11001001,00000000,10011001,0,1011
467,01,0,10,00110000,10010110,00101100,0,0011
468,00,0,00,00000000,00000000,00000000,0,0000
469,01,0,10,00110010,10010110,00101101,0,0011
470,00,0,01,10100000,00000000,00111000,0,1100
471,01,0,10,00110100,10010110,00101110,0,0011
472,00,0,01,10100001,00000000,00111001,0,1100
473,01,0,10,00110110,10010110,00101111,0,0011
474,00,0,01,11001010,00000000,10011011,0,1011
475,00,0,01,10100010,00000000,00111010,0,1100
476,00,0,01,10100011,00000000,00111011,0,1100
477,00,0,00,00000000,00000000,00000000,0,0000
478,00,0,00,00000000,00000000,00000000,0,0000
479,00,0,00,00000000,00000000,00000000,0,0000
480,00,0,00,00000000,00000000,00000000,0,0000
481,00,0,00,00000000,00000000,00000000,0,0000
482,00,0,01,11010111,00000000,10100001,0,1011
483,00,0,00,00000000,00000000,00000000,0,0000
484,00,0,00,00000000,00000000,00000000,0,0000
485,00,0,00,00000000,00000000,00000000,0,0000
486,00,0,00,00000000,00000000,00000000,0,0000
487,00,0,00,00000000,00000000,00000000,0,0000
488,00,0,00,00000000,00000000,00000000,0,0000
489,00,0,00,00000000,00000000,00000000,0,0000
490,00,0,01,11011000,00000000,10100011,0,1011
491,00,0,00,00000000,00000000,00000000,0,0000
492,00,0,00,00000000,00000000,00000000,0,0000
493,00,0,00,00000000,00000000,00000000,0,0000
494,00,0,00,00000000,00000000,00000000,0,0000
495,00,0,00,00000000,00000000,00000000,0,0000
496,00,0,00,00000000,00000000,00000000,0,0000
497,00,0,00,00000000,00000000,00000000,0,0000
498,00,0,01,11011001,00000000,10100101,0,1011
499,01,0,10,00111100,10100110,00111000,0,0011
500,00,0,00,00000000,00000000,00000000,0,0000
501,01,0,10,00111110,10100110,00111001,0,0011
502,00,0,01,10110000,00000000,01000100,0,1100
503,01,0,10,01000000,10100110,00111010,0,0011
504,00,0,01,10110001,00000000,01000101,0,1100
505,01,0,10,01000010,10100110,00111011,0,0011
506,00,0,01,11011010,00000000,10100111,0,1011
507,00,0,01,10110010,00000000,01000110,0,1100
508,00,0,01,10110011,00000000,01000111,0,1100
509,00,0,00,00000000,00000000,00000000,0,0000
510,00,0,00,00000000,00000000,00000000,0,0000
511,00,0,00,00000000,00000000,00000000,0,0000
512,00,0,00,00000000,00000000,00000000,0,0000
513,00,0,00,00000000,00000000,00000000,0,0000
514,00,0,01,11100111,00000000,10101101,0,1011
515,00,0,00,00000000,00000000,00000000,0,0000
516,00,0,00,00000000,00000000,00000000,0,0000
517,00,0,00,00000000,00000000,00000000,0,0000
518,00,0,00,00000000,00000000,00000000,0,0000
519,00,0,00,00000000,00000000,00000000,0,0000
520,00,0,00,00000000,00000000,00000000,0,0000
521,00,0,00,00000000,00000000,00000000,0,0000
522,00,0,01,11101000,00000000,10101111,0,1011
523,00,0,00,00000000,00000000,00000000,0,0000
524,00,0,00,00000000,00000000,00000000,0,0000
525,00,0,00,00000000,00000000,00000000,0,0000
526,00,0,00,00000000,00000000,00000000,0,0000
527,00,0,00,00000000,00000000,00000000,0,0000
528,00,0,00,00000000,00000000,00000000,0,0000
529,00,0,00,00000000,00000000,00000000,0,0000
530,00,0,01,11101001,00000000,10110001,0,1011
531,01,0,10,01001000,10110110,01000100,0,0011
532,00,0,00,00000000,00000000,00000000,0,0000
533,01,0,10,01001010,10110110,01000101,0,0011
534,00,0,01,11000000,00000000,01010000,0,1100
535,01,0,10,01001100,10110110,01000110,0,0011
536,00,0,01,11000001,00000000,01010001,0,1100
537,01,0,10,01001110,10110110,01000111,0,0011
538,00,0,01,11101010,00000000,10110011,0,1011
539,00,0,01,11000010,00000000,01010010,0,1100
540,00,0,01,11000011,00000000,01010011,0,1100
541,00,0,00,00000000,00000000,00000000,0,0000
542,00,0,00,00000000,00000000,00000000,0,0000
543,00,0,00,00000000,00000000,00000000,0,0000
544,00,0,00,00000000,00000000,00000000,0,0000
545,00,0,00,00000000,00000000,00000000,0,0000
546,00,0,01,11110111,00000000,10111001,0,1011
547,00,0,00,00000000,00000000,00000000,0,0000
548,00,0,00,00000000,00000000,00000000,0,0000
549,00,0,00,00000000,00000000,00000000,0,0000
550,00,0,00,00000000,00000000,00000000,0,0000
551,00,0,00,00000000,00000000,00000000,0,0000
552,00,0,00,00000000,00000000,00000000,0,0000
553,00,0,00,00000000,00000000,00000000,0,0000
554,00,0,01,11111000,00000000,10111011,0,1011
555,00,0,00,00000000,00000000,00000000,0,0000
556,00,0,00,00000000,00000000,00000000,0,0000
557,00,0,00,00000000,00000000,00000000,0,0000
558,00,0,00,00000000,00000000,00000000,0,0000
559,00,0,00,00000000,00000000,00000000,0,0000
560,00,0,00,00000000,00000000,00000000,0,0000
561,00,0,00,00000000,00000000,00000000,0,0000
562,00,0,01,11111001,00000000,10111101,0,1011
563,01,0,10,01010100,11000110,01010000,0,0011
564,00,0,00,00000000,00000000,00000000,0,0000
565,01,0,10,01010110,11000110,01010001,0,0011
566,00,0,01,11010000,00000000,01011100,0,1100
567,01,0,10,01011000,11000110,01010010,0,0011
568,00,0,01,11010001,00000000,01011101,0,1100
569,01,0,10,01011010,11000110,01010011,0,0011
570,00,0,01,11111010,00000000,10111111,0,1011
571,00,0,01,11010010,00000000,01011110,0,1100
572,00,0,01,11010011,00000000,01011111,0,1100
573,00,0,00,00000000,00000000,00000000,0,0000
574,00,0,00,00000000,00000000,00000000,0,0000
575,00,0,00,00000000,00000000,00000000,0,0000
576,00,0,00,00000000,00000000,00000000,0,0000
577,00,0,00,00000000,00000000,00000000,0,0000
578,00,0,01,00000111,00000000,11000101,0,1011
579,00,0,00,00000000,00000000,00000000,0,0000
580,00,0,00,00000000,00000000,00000000,0,0000
581,00,0,00,00000000,00000000,00000000,0,0000
582,00,0,00,00000000,00000000,00000000,0,0000
583,00,0,00,00000000,00000000,00000000,0,0000
584,00,0,00,00000000,00000000,00000000,0,0000
585,00,0,00,00000000,00000000,00000000,0,0000
586,00,0,01,00001000,00000000,11000111,0,1011
587,00,0,00,00000000,00000000,00000000,0,0000
588,00,0,00,00000000,00000000,00000000,0,0000
589,00,0,00,00000000,00000000,00000000,0,0000
590,00,0,00,00000000,00000000,00000000,0,0000
591,00,0,00,00000000,00000000,00000000,0,0000
592,00,0,00,00000000,00000000,00000000,0,0000
593,00,0,00,00000000,00000000,00000000,0,0000
594,00,0,01,00001001,00000000,11001001,0,1011
595,01,0,10,01100000,11010110,01011100,0,0011
596,00,0,00,00000000,00000000,00000000,0,0000
597,01,0,10,01100010,11010110,01011101,0,0011
598,00,0,01,11100000,00000000,01101000,0,1100
599,01,0,10,01100100,11010110,01011110,0,0011
600,00,0,01,11100001,00000000,01101001,0,1100
601,01,0,10,01100110,11010110,01011111,0,0011
602,00,0,01,00001010,00000000,11001011,0,1011
603,00,0,01,11100010,00000000,01101010,0,1100
604,00,0,01,11100011,00000000,01101011,0,1100
605,00,0,00,00000000,00000000,00000000,0,0000
606,00,0,00,00000000,00000000,00000000,0,0000
607,00,0,00,00000000,00000000,00000000,0,0000
608,00,0,00,00000000,00000000,00000000,0,0000
609,00,0,00,00000000,00000000,00000000,0,0000
610,00,0,01,00010111,00000000,11010001,0,1011
611,00,0,00,00000000,00000000,00000000,0,0000
612,00,0,00,00000000,00000000,00000000,0,0000
613,00,0,00,00000000,00000000,00000000,0,0000
614,00,0,00,00000000,00000000,00000000,0,0000
615,00,0,00,00000000,00000000,00000000,0,0000
616,00,0,00,00000000,00000000,00000000,0,0000
617,00,0,00,00000000,00000000,00000000,0,0000
618,00,0,01,00011000,00000000,11010011,0,1011
619,00,0,00,00000000,00000000,00000000,0,0000
620,00,0,00,00000000,00000000,00000000,0,0000
621,00,0,00,00000000,00000000,00000000,0,0000
622,00,0,00,00000000,00000000,00000000,0,0000
623,00,0,00,00000000,00000000,00000000,0,0000
624,00,0,00,00000000,00000000,00000000,0,0000
625,00,0,00,00000000,00000000,00000000,0,0000
626,00,0,01,00011001,00000000,11010101,0,1011
627,01,0,10,01101100,11100110,01101000,0,0011
628,00,0,00,00000000,00000000,00000000,0,0000
629,01,0,10,01101110,11100110,01101001,0,0011
630,00,0,01,11110000,00000000,01110100,0,1100
631,01,0,10,01110000,11100110,01101010,0,0011
632,00,0,01,11110001,00000000,01110101,0,1100
633,01,0,10,01110010,11100110,01101011,0,0011
634,00,0,01,00011010,00000000,11010111,0,1011
635,00,0,01,11110010,00000000,01110110,0,1100
636,00,0,01,11110011,00000000,01110111,0,1100
637,00,0,00,00000000,00000000,00000000,0,0000
638,00,0,00,00000000,00000000,00000000,0,0000
639,00,0,00,00000000,00000000,00000000,0,0000
640,00,0,00,00000000,00000000,00000000,0,0000
641,00,0,00,00000000,00000000,00000000,0,0000
642,00,0,01,00100111,00000000,11011101,0,1011
643,00,0,00,00000000,00000000,00000000,0,0000
644,00,0,00,00000000,00000000,00000000,0,0000
645,00,0,00,00000000,00000000,00000000,0,0000
646,00,0,00,00000000,00000000,00000000,0,0000
647,00,0,00,00000000,00000000,00000000,0,0000
648,00,0,00,00000000,00000000,00000000,0,0000
649,00,0,00,00000000,00000000,00000000,0,0000
650,00,0,01,00101000,00000000,11011111,0,1011
651,00,0,00,00000000,00000000,00000000,0,0000
652,00,0,00,00000000,00000000,00000000,0,0000
653,00,0,00,00000000,00000000,00000000,0,0000
654,00,0,00,00000000,00000000,00000000,0,0000
655,00,0,00,00000000,00000000,00000000,0,0000
656,00,0,00,00000000,00000000,00000000,0,0000
657,00,0,00,00000000,00000000,00000000,0,0000
658,00,0,01,00101001,00000000,11100001,0,1011
659,01,0,10,01111000,11110110,01110100,0,0011
660,00,0,00,00000000,00000000,00000000,0,0000
661,01,0,10,01111010,11110110,01110101,0,0011
662,00,0,01,00000000,00000000,10000000,0,1100
663,01,0,10,01111100,11110110,01110110,0,0011
664,00,0,01,00000001,00000000,10000001,0,1100
665,01,0,10,01111110,11110110,01110111,0,0011
666,00,0,01,00101010,00000000,11100011,0,1011
667,00,0,01,00000010,00000000,10000010,0,1100
668,00,0,01,00000011,00000000,10000011,0,1100
669,00,0,00,00000000,00000000,00000000,0,0000
670,00,0,00,00000000,00000000,00000000,0,0000
671,00,0,00,00000000,00000000,00000000,0,0000
672,00,0,00,00000000,00000000,00000000,0,0000
673,00,0,00,00000000,00000000,00000000,0,0000
674,00,0,01,00110111,00000000,11101001,0,1011
675,00,0,00,00000000,00000000,00000000,0,0000
676,00,0,00,00000000,00000000,00000000,0,0000
677,00,0,00,00000000,00000000,00000000,0,0000
678,00,0,00,00000000,00000000,00000000,0,0000
679,00,0,00,00000000,00000000,00000000,0,0000
680,00,0,00,00000000,00000000,00000000,0,0000
681,00,0,00,00000000,00000000,00000000,0,0000
682,00,0,01,00111000,00000000,11101011,0,1011
683,00,0,00,00000000,00000000,00000000,0,0000
684,00,0,00,00000000,00000000,00000000,0,0000
685,00,0,00,00000000,00000000,00000000,0,0000
686,00,0,00,00000000,00000000,00000000,0,0000
687,00,0,00,00000000,00000000,00000000,0,0000
688,00,0,00,00000000,00000000,00000000,0,0000
689,00,0,00,00000000,00000000,00000000,0,0000
690,00,0,01,00111001,00000000,11101101,0,1011
691,01,0,10,10000100,00000110,10000000,0,0011
692,00,0,00,00000000,00000000,00000000,0,0000
693,01,0,10,10000110,00000110,10000001,0,0011
694,00,0,01,00010000,00000000,10001100,0,1100
695,01,0,10,10001000,00000110,10000010,0,0011
696,00,0,01,00010001,00000000,10001101,0,1100
697,01,0,10,10001010,00000110,10000011,0,0011
698,00,0,01,00111010,00000000,11101111,0,1011
699,00,0,01,00010010,00000000,10001110,0,1100
700,00,0,01,00010011,00000000,10001111,0,1100
701,00,0,00,00000000,00000000,00000000,0,0000
702,00,0,00,00000000,00000000,00000000,0,0000
703,00,0,00,00000000,00000000,00000000,0,0000
704,00,0,00,00000000,00000000,00000000,0,0000
705,00,0,00,00000000,00000000,00000000,0,0000
706,00,0,01,01000111,00000000,11110101,0,1011
707,00,0,00,00000000,00000000,00000000,0,0000
708,00,0,00,00000000,00000000,00000000,0,0000
709,00,0,00,00000000,00000000,00000000,0,0000
710,00,0,00,00000000,00000000,00000000,0,0000
711,00,0,00,00000000,00000000,00000000,0,0000
712,00,0,00,00000000,00000000,00000000,0,0000
713,00,0,00,00000000,00000000,00000000,0,0000
714,00,0,01,01001000,00000000,11110111,0,1011
715,00,0,00,00000000,00000000,00000000,0,0000
716,00,0,00,00000000,00000000,00000000,0,0000
717,00,0,00,00000000,00000000,00000000,0,0000
718,00,0,00,00000000,00000000,00000000,0,0000
719,00,0,00,00000000,00000000,00000000,0,0000
720,00,0,00,00000000,00000000,00000000,0,0000
721,00,0,00,00000000,00000000,00000000,0,0000
722,00,0,01,01001001,00000000,11111001,0,1011
723,01,0,10,10010000,00010110,10001100,0,0011
724,00,0,00,00000000,00000000,00000000,0,0000
725,01,0,10,10010010,00010110,10001101,0,0011
726,00,0,01,00100000,00000000,10011000,0,1100
727,01,0,10,10010100,00010110,10001110,0,0011
728,00,0,01,00100001,00000000,10011001,0,1100
729,01,0,10,10010110,00010110,10001111,0,0011
730,00,0,01,01001010,00000000,11111011,0,1011
731,00,0,01,00100010,00000000,10011010,0,1100
732,00,0,01,00100011,00000000,10011011,0,1100
733,00,0,00,00000000,00000000,00000000,0,0000
734,00,0,00,00000000,00000000,00000000,0,0000
735,00,0,00,00000000,00000000,00000000,0,0000
736,00,0,00,00000000,00000000,00000000,0,0000
737,00,0,00,00000000,00000000,00000000,0,0000
738,00,0,01,01010111,00000000,00000001,0,1011
739,00,0,00,00000000,00000000,00000000,0,0000
740,00,0,00,00000000,00000000,00000000,0,0000
741,00,0,00,00000000,00000000,00000000,0,0000
742,00,0,00,00000000,00000000,00000000,0,0000
743,00,0,00,00000000,00000000,00000000,0,0000
744,00,0,00,00000000,00000000,00000000,0,0000
745,00,0,00,00000000,00000000,00000000,0,0000
746,00,0,01,01011000,00000000,00000011,0,1011
747,00,0,00,00000000,00000000,00000000,0,0000
748,00,0,00,00000000,00000000,00000000,0,0000
749,00,0,00,00000000,00000000,00000000,0,0000
750,00,0,00,00000000,00000000,00000000,0,0000
751,00,0,00,00000000,00000000,00000000,0,0000
752,00,0,00,00000000,00000000,00000000,0,0000
753,00,0,00,00000000,00000000,00000000,0,0000
754,00,0,01,01011001,00000000,00000101,0,1011
755,01,0,10,10011100,00100110,10011000,0,0011
756,00,0,00,00000000,00000000,00000000,0,0000
757,01,0,10,10011110,00100110,10011001,0,0011
758,00,0,01,00110000,00000000,10100100,0,1100
759,01,0,10,10100000,00100110,10011010,0,0011
760,00,0,01,00110001,00000000,10100101,0,1100
761,01,0,10,10100010,00100110,10011011,0,0011
762,00,0,01,01011010,00000000,00000111,0,1011
763,00,0,01,00110010,00000000,10100110,0,1100
764,00,0,01,00110011,00000000,10100111,0,1100
765,00,0,00,00000000,00000000,00000000,0,0000
766,00,0,00,00000000,00000000,00000000,0,0000
767,00,0,00,00000000,00000000,00000000,0,0000
768,00,0,00,00000000,00000000,00000000,0,0000
769,00,0,00,00000000,00000000,00000000,0,0000
770,00,0,01,01100111,00000000,00001101,0,1011
771,00,0,00,00000000,00000000,00000000,0,0000
772,00,0,00,00000000,00000000,00000000,0,0000
773,00,0,00,00000000,00000000,00000000,0,0000
774,00,0,00,00000000,00000000,00000000,0,0000
775,00,0,00,00000000,00000000,00000000,0,0000
776,00,0,00,00000000,00000000,00000000,0,0000
777,00,0,00,00000000,00000000,00000000,0,0000
778,00,0,01,01101000,00000000,00001111,0,1011
779,00,0,00,00000000,00000000,00000000,0,0000
780,00,0,00,00000000,00000000,00000000,0,0000
781,00,0,00,00000000,00000000,00000000,0,0000
782,00,0,00,00000000,00000000,00000000,0,0000
783,00,0,00,00000000,00000000,00000000,0,0000
784,00,0,00,00000000,00000000,00000000,0,0000
785,00,0,00,00000000,00000000,00000000,0,0000
786,00,0,01,01101001,00000000,00010001,0,1011
787,01,0,10,10101000,00110110,10100100,0,0011
788,00,0,00,00000000,00000000,00000000,0,0000
789,01,0,10,10101010,00110110,10100101,0,0011
790,00,0,01,01000000,00000000,10110000,0,1100
791,01,0,10,10101100,00110110,10100110,0,0011
792,00,0,01,01000001,00000000,10110001,0,1100
793,01,0,10,10101110,00110110,10100111,0,0011
794,00,0,01,01101010,00000000,00010011,0,1011
795,00,0,01,01000010,00000000,10110010,0,1100
796,00,0,01,01000011,00000000,10110011,0,1100
797,00,0,00,00000000,00000000,00000000,0,0000
798,00,0,00,00000000,00000000,00000000,0,0000
799,00,0,00,00000000,00000000,00000000,0,0000
800,00,0,00,00000000,00000000,00000000,0,0000
801,00,0,00,00000000,00000000,00000000,0,0000
802,00,0,01,01110111,00000000,00011001,0,1011
803,00,0,00,00000000,00000000,00000000,0,0000
804,00,0,00,00000000,00000000,00000000,0,0000
805,00,0,00,00000000,00000000,00000000,0,0000
806,00,0,00,00000000,00000000,00000000,0,0000
807,00,0,00,00000000,00000000,00000000,0,0000
808,00,0,00,00000000,00000000,00000000,0,0000
809,00,0,00,00000000,00000000,00000000,0,0000
810,00,0,01,01111000,00000000,00011011,0,1011
811,00,0,00,00000000,00000000,00000000,0,0000
812,00,0,00,00000000,00000000,00000000,0,0000
813,00,0,00,00000000,00000000,00000000,0,0000
814,00,0,00,00000000,00000000,00000000,0,0000
815,00,0,00,00000000,00000000,00000000,0,0000
816,00,0,00,00000000,00000000,00000000,0,0000
817,00,0,00,00000000,00000000,00000000,0,0000
818,00,0,01,01111001,00000000,00011101,0,1011
819,01,0,10,10110100,01000110,10110000,0,0011
820,00,0,00,00000000,00000000,00000000,0,0000
821,01,0,10,10110110,01000110,10110001,0,0011
822,00,0,01,01010000,00000000,10111100,0,1100
823,01,0,10,10111000,01000110,10110010,0,0011
824,00,0,01,01010001,00000000,10111101,0,1100
825,01,0,10,10111010,01000110,10110011,0,0011
826,00,0,01,01111010,00000000,00011111,0,1011
827,00,0,01,01010010,00000000,10111110,0,1100
828,00,0,01,01010011,00000000,10111111,0,1100
829,00,0,00,00000000,00000000,00000000,0,0000
830,00,0,00,00000000,00000000,00000000,0,0000
831,00,0,00,00000000,00000000,00000000,0,0000
832,00,0,00,00000000,00000000,00000000,0,0000
833,00,0,00,00000000,00000000,00000000,0,0000
834,00,0,01,10000111,00000000,00100101,0,1011
835,00,0,00,00000000,00000000,00000000,0,0000
836,00,0,00,00000000,00000000,00000000,0,0000
837,00,0,00,00000000,00000000,00000000,0,0000
838,00,0,00,00000000,00000000,00000000,0,0000
839,00,0,00,00000000,00000000,00000000,0,0000
840,00,0,00,00000000,00000000,00000000,0,0000
841,00,0,00,00000000,00000000,00000000,0,0000
842,00,0,01,10001000,00000000,00100111,0,1011
843,00,0,00,00000000,00000000,00000000,0,0000
844,00,0,00,00000000,00000000,00000000,0,0000
845,00,0,00,00000000,00000000,00000000,0,0000
846,00,0,00,00000000,00000000,00000000,0,0000
847,00,0,00,00000000,00000000,00000000,0,0000
848,00,0,00,00000000,00000000,00000000,0,0000
849,00,0,00,00000000,00000000,00000000,0,0000
850,00,0,01,10001001,00000000,00101001,0,1011
851,01,0,10,11000000,01010110,10111100,0,0011
852,00,0,00,00000000,00000000,00000000,0,0000
853,01,0,10,11000010,01010110,10111101,0,0011
854,00,0,01,01100000,00000000,11001000,0,1100
855,01,0,10,11000100,01010110,10111110,0,0011
856,00,0,01,01100001,00000000,11001001,0,1100
857,01,0,10,11000110,01010110,10111111,0,0011
858,00,0,01,10001010,00000000,00101011,0,1011
859,00,0,01,01100010,00000000,11001010,0,1100
860,00,0,01,01100011,00000000,11001011,0,1100
861,00,0,00,00000000,00000000,00000000,0,0000
862,00,0,00,00000000,00000000,00000000,0,0000
863,00,0,00,00000000,00000000,00000000,0,0000
864,00,0,00,00000000,00000000,00000000,0,0000
865,00,0,00,00000000,00000000,00000000,0,0000
866,00,0,01,10010111,00000000,00110001,0,1011
867,00,0,00,00000000,00000000,00000000,0,0000
868,00,0,00,00000000,00000000,00000000,0,0000
869,00,0,00,00000000,00000000,00000000,0,0000
870,00,0,00,00000000,00000000,00000000,0,0000
871,00,0,00,00000000,00000000,00000000,0,0000
872,00,0,00,00000000,00000000,00000000,0,0000
873,00,0,00,00000000,00000000,00000000,0,0000
874,00,0,01,10011000,00000000,00110011,0,1011
875,00,0,00,00000000,00000000,00000000,0,0000
876,00,0,00,00000000,00000000,00000000,0,0000
877,00,0,00,00000000,00000000,00000000,0,0000
878,00,0,00,00000000,00000000,00000000,0,0000
879,00,0,00,00000000,00000000,00000000,0,0000
880,00,0,00,00000000,00000000,00000000,0,0000
881,00,0,00,00000000,00000000,00000000,0,0000
882,00,0,01,10011001,00000000,00110101,0,1011
883,01,0,10,11001100,01100110,11001000,0,0011
884,00,0,00,00000000,00000000,00000000,0,0000
885,01,0,10,11001110,01100110,11001001,0,0011
886,00,0,01,01110000,00000000,11010100,0,1100
887,01,0,10,11010000,01100110,11001010,0,0011
888,00,0,01,01110001,00000000,11010101,0,1100
889,01,0,10,11010010,01100110,11001011,0,0011
890,00,0,01,10011010,00000000,00110111,0,1011
891,00,0,01,01110010,00000000,11010110,0,1100
892,00,0,01,01110011,00000000,11010111,0,1100
893,00,0,00,00000000,00000000,00000000,0,0000
894,00,0,00,00000000,00000000,00000000,0,0000
895,00,0,00,00000000,00000000,00000000,0,0000
896,00,0,00,00000000,00000000,00000000,0,0000
897,00,0,00,00000000,00000000,00000000,0,0000
898,00,0,01,10100111,00000000,00111101,0,1011
899,00,0,00,00000000,00000000,00000000,0,0000
900,00,0,00,00000000,00000000,00000000,0,0000
901,00,0,00,00000000,00000000,00000000,0,0000
902,00,0,00,00000000,00000000,00000000,0,0000
903,00,0,00,00000000,00000000,00000000,0,0000
904,00,0,00,00000000,00000000,00000000,0,0000
905,00,0,00,00000000,00000000,00000000,0,0000
906,00,0,01,10101000,00000000,00111111,0,1011
907,00,0,00,00000000,00000000,00000000,0,0000
908,00,0,00,00000000,00000000,00000000,0,0000
909,00,0,00,00000000,00000000,00000000,0,0000
910,00,0,00,00000000,00000000,00000000,0,0000
911,00,0,00,00000000,00000000,00000000,0,0000
912,00,0,00,00000000,00000000,00000000,0,0000
913,00,0,00,00000000,00000000,00000000,0,0000
914,00,0,01,10101001,00000000,01000001,0,1011
915,01,0,10,11011000,01110110,11010100,0,0011
916,00,0,00,00000000,00000000,00000000,0,0000
917,01,0,10,11011010,01110110,11010101,0,0011
918,00,0,01,10000000,00000000,11100000,0,1100
919,01,0,10,11011100,01110110,11010110,0,0011
920,00,0,01,10000001,00000000,11100001,0,1100
921,01,0,10,11011110,01110110,11010111,0,0011
922,00,0,01,10101010,00000000,01000011,0,1011
923,00,0,01,10000010,00000000,11100010,0,1100
924,00,0,01,10000011,00000000,11100011,0,1100
925,00,0,00,00000000,00000000,00000000,0,0000
926,00,0,00,00000000,00000000,00000000,0,0000
927,00,0,00,00000000,00000000,00000000,0,0000
928,00,0,00,00000000,00000000,00000000,0,0000
929,00,0,00,00000000,00000000,00000000,0,0000
930,00,0,01,10110111,00000000,01001001,0,1011
931,00,0,00,00000000,00000000,00000000,0,0000
932,00,0,00,00000000,00000000,00000000,0,0000
933,00,0,00,00000000,00000000,00000000,0,0000
934,00,0,00,00000000,00000000,00000000,0,0000
935,00,0,00,00000000,00000000,00000000,0,0000
936,00,0,00,00000000,00000000,00000000,0,0000
937,00,0,00,00000000,00000000,00000000,0,0000
938,00,0,01,10111000,00000000,01001011,0,1011
939,00,0,00,00000000,00000000,00000000,0,0000
940,00,0,00,00000000,00000000,00000000,0,0000
941,00,0,00,00000000,00000000,00000000,0,0000
942,00,0,00,00000000,00000000,00000000,0,0000
943,00,0,00,00000000,00000000,00000000,0,0000
944,00,0,00,00000000,00000000,00000000,0,0000
945,00,0,00,00000000,00000000,00000000,0,0000
946,00,0,01,10111001,00000000,01001101,0,1011
947,01,0,10,11100100,10000110,11100000,0,0011
948,00,0,00,00000000,00000000,00000000,0,0000
949,01,0,10,11100110,10000110,11100001,0,0011
950,00,0,01,10010000,00000000,11101100,0,1100
951,01,0,10,11101000,10000110,11100010,0,0011
952,00,0,01,10010001,00000000,11101101,0,1100
953,01,0,10,11101010,10000110,11100011,0,0011
954,00,0,01,10111010,00000000,01001111,0,1011
955,00,0,01,10010010,00000000,11101110,0,1100
956,00,0,01,10010011,00000000,11101111,0,1100
957,00,0,00,00000000,00000000,00000000,0,0000
958,00,0,00,00000000,00000000,00000000,0,0000
959,00,0,00,00000000,00000000,00000000,0,0000
960,00,0,00,00000000,00000000,00000000,0,0000
961,00,0,00,00000000,00000000,00000000,0,0000
962,00,0,01,11000111,00000000,01010101,0,1011
963,00,0,00,00000000,00000000,00000000,0,0000
964,00,0,00,00000000,00000000,00000000,0,0000
965,00,0,00,00000000,00000000,00000000,0,0000
966,00,0,00,00000000,00000000,00000000,0,0000
967,00,0,00,00000000,00000000,00000000,0,0000
968,00,0,00,00000000,00000000,00000000,0,0000
969,00,0,00,00000000,00000000,00000000,0,0000
970,00,0,01,11001000,00000000,01010111,0,1011
971,00,0,00,00000000,00000000,00000000,0,0000
972,00,0,00,00000000,00000000,00000000,0,0000
973,00,0,00,00000000,00000000,00000000,0,0000
974,00,0,00,00000000,00000000,00000000,0,0000
975,00,0,00,00000000,00000000,00000000,0,0000
976,00,0,00,00000000,00000000,00000000,0,0000
977,00,0,00,00000000,00000000,00000000,0,0000
978,00,0,01,11001001,00000000,01011001,0,1011
979,01,0,10,11110000,10010110,11101100,0,0011
980,00,0,00,00000000,00000000,00000000,0,0000
981,01,0,10,11110010,10010110,11101101,0,0011
982,00,0,01,10100000,00000000,11111000,0,1100
983,01,0,10,11110100,10010110,11101110,0,0011
984,00,0,01,10100001,00000000,11111001,0,1100
985,01,0,10,11110110,10010110,11101111,0,0011
986,00,0,01,11001010,00000000,01011011,0,1011
987,00,0,01,10100010,00000000,11111010,0,1100
988,00,0,01,10100011,00000000,11111011,0,1100
989,00,0,00,00000000,00000000,00000000,0,0000
990,00,0,00,00000000,00000000,00000000,0,0000
991,00,0,00,00000000,00000000,00000000,0,0000
992,00,0,00,00000000,00000000,00000000,0,0000
993,00,0,00,00000000,00000000,00000000,0,0000
994,00,0,01,11010111,00000000,01100001,0,1011
995,00,0,00,00000000,00000000,00000000,0,0000
996,00,0,00,00000000,00000000,00000000,0,0000
997,00,0,00,00000000,00000000,00000000,0,0000
998,00,0,00,00000000,00000000,00000000,0,0000
999,00,0,00,00000000,00000000,00000000,0,0000
1000,00,0,00,00000000,00000000,00000000,0,0000
1001,00,0,00,00000000,00000000,00000000,0,0000
1002,00,0,01,11011000,00000000,01100011,0,1011
1003,00,0,00,00000000,00000000,00000000,0,0000
1004,00,0,00,00000000,00000000,00000000,0,0000
1005,00,0,00,00000000,00000000,00000000,0,0000
1006,00,0,00,00000000,00000000,00000000,0,0000
1007,00,0,00,00000000,00000000,00000000,0,0000
1008,00,0,00,00000000,00000000,00000000,0,0000
1009,00,0,00,00000000,00000000,00000000,0,0000
1010,00,0,01,11011001,00000000,01100101,0,1011
1011,01,0,10,11111100,10100110,11111000,0,0011
1012,00,0,00,00000000,00000000,00000000,0,0000
1013,01,0,10,11111110,10100110,11111001,0,0011
1014,00,0,01,10110000,00000000,00000100,0,1100
1015,01,0,10,00000000,10100110,11111010,0,0011
1016,00,0,01,10110001,00000000,00000101,0,1100
1017,01,0,10,00000010,10100110,11111011,0,0011
1018,00,0,01,11011010,00000000,01100111,0,1011
1019,00,0,01,10110010,00000000,00000110,0,1100
1020,00,0,01,10110011,00000000,00000111,0,1100
1021,00,0,00,00000000,00000000,00000000,0,0000
1022,00,0,00,00000000,00000000,00000000,0,0000
1023,00,0,00,00000000,00000000,00000000,0,0000
1024,00,0,00,00000000,00000000,00000000,0,0000
1025,00,0,00,00000000,00000000,00000000,0,0000
1026,00,0,01,11100111,00000000,01101101,0,1011
1027,00,0,00,00000000,00000000,00000000,0,0000
1028,00,0,00,00000000,00000000,00000000,0,0000
1029,00,0,00,00000000,00000000,00000000,0,0000
1030,00,0,00,00000000,00000000,00000000,0,0000
1031,00,0,00,00000000,00000000,00000000,0,0000
1032,00,0,00,00000000,00000000,00000000,0,0000
1033,00,0,00,00000000,00000000,00000000,0,0000
1034,00,0,01,11101000,00000000,01101111,0,1011
1035,00,0,00,00000000,00000000,00000000,0,0000
1036,00,0,00,00000000,00000000,00000000,0,0000
1037,00,0,00,00000000,00000000,00000000,0,0000
1038,00,0,00,00000000,00000000,00000000,0,0000
1039,00,0,00,00000000,00000000,00000000,0,0000
1040,00,0,00,00000000,00000000,00000000,0,0000
1041,00,0,00,00000000,00000000,00000000,0,0000
1042,00,0,01,11101001,00000000,01110001,0,1011
1043,01,0,10,00001000,10110110,00000100,0,0011
1044,00,0,00,00000000,00000000,00000000,0,0000
1045,01,0,10,00001010,10110110,00000101,0,0011
1046,00,0,01,11000000,00000000,00010000,0,1100
1047,01,0,10,00001100,10110110,00000110,0,0011
1048,00,0,01,11000001,00000000,00010001,0,1100
1049,01,0,10,00001110,10110110,00000111,0,0011
1050,00,0,01,11101010,00000000,01110011,0,1011
1051,00,0,01,11000010,00000000,00010010,0,1100
1052,00,0,01,11000011,00000000,00010011,0,1100
1053,00,0,00,00000000,00000000,00000000,0,0000
1054,00,0,00,00000000,00000000,00000000,0,0000
1055,00,0,00,00000000,00000000,00000000,0,0000
1056,00,0,00,00000000,00000000,00000000,0,0000
1057,00,0,00,00000000,00000000,00000000,0,0000
1058,00,0,01,11110111,00000000,01111001,0,1011
1059,00,0,00,00000000,00000000,00000000,0,0000
1060,00,0,00,00000000,00000000,00000000,0,0000
1061,00,0,00,00000000,00000000,00000000,0,0000
1062,00,0,00,00000000,00000000,00000000,0,0000
1063,00,0,00,00000000,00000000,00000000,0,0000
1064,00,0,00,00000000,00000000,00000000,0,0000
1065,00,0,00,00000000,00000000,00000000,0,0000
1066,00,0,01,11111000,00000000,01111011,0,1011
1067,00,0,00,00000000,00000000,00000000,0,0000
1068,00,0,00,00000000,00000000,00000000,0,0000
1069,00,0,00,00000000,00000000,00000000,0,0000
1070,00,0,00,00000000,00000000,00000000,0,0000
1071,00,0,00,00000000,00000000,00000000,0,0000
1072,00,0,00,00000000,00000000,00000000,0,0000
1073,00,0,00,00000000,00000000,00000000,0,0000
1074,00,0,01,11111001,00000000,01111101,0,1011
1075,01,0,10,00010100,11000110,00010000,0,0011
1076,00,0,00,00000000,00000000,00000000,0,0000
1077,01,0,10,00010110,11000110,00010001,0,0011
1078,00,0,01,11010000,00000000,00011100,0,1100
1079,01,0,10,00011000,11000110,00010010,0,0011
1080,00,0,01,11010001,00000000,00011101,0,1100
1081,01,0,10,00011010,11000110,00010011,0,0011
1082,00,0,01,11111010,00000000,01111111,0,1011
1083,00,0,01,11010010,00000000,00011110,0,1100
1084,00,0,01,11010011,00000000,00011111,0,1100
1085,00,0,00,00000000,00000000,00000000,0,0000
1086,00,0,00,00000000,00000000,00000000,0,0000
1087,00,0,00,00000000,00000000,00000000,0,0000
1088,00,0,00,00000000,00000000,00000000,0,0000
1089,00,0,00,00000000,00000000,00000000,0,0000
1090,00,0,01,00000111,00000000,10000101,0,1011
1091,00,0,00,00000000,00000000,00000000,0,0000
1092,00,0,00,00000000,00000000,00000000,0,0000
1093,00,0,00,00000000,00000000,00000000,0,0000
1094,00,0,00,00000000,00000000,00000000,0,0000
1095,00,0,00,00000000,00000000,00000000,0,0000
1096,00,0,00,00000000,00000000,00000000,0,0000
1097,00,0,00,00000000,00000000,00000000,0,0000
1098,00,0,01,00001000,00000000,10000111,0,1011
1099,00,0,00,00000000,00000000,00000000,0,0000
1100,00,0,00,00000000,00000000,00000000,0,0000
1101,00,0,00,00000000,00000000,00000000,0,0000
1102,00,0,00,00000000,00000000,00000000,0,0000
1103,00,0,00,00000000,00000000,00000000,0,0000
1104,00,0,00,00000000,00000000,00000000,0,0000
1105,00,0,00,00000000,00000000,00000000,0,0000
1106,00,0,01,00001001,00000000,10001001,0,1011
1107,01,0,10,00100000,11010110,00011100,0,0011
1108,00,0,00,00000000,00000000,00000000,0,0000
1109,01,0,10,00100010,11010110,00011101,0,0011
1110,00,0,01,11100000,00000000,00101000,0,1100
1111,01,0,10,00100100,11010110,00011110,0,0011
1112,00,0,01,11100001,00000000,00101001,0,1100
1113,01,0,10,00100110,11010110,00011111,0,0011
1114,00,0,01,00001010,00000000,10001011,0,1011
1115,00,0,01,11100010,00000000,00101010,0,1100
1116,00,0,01,11100011,00000000,00101011,0,1100
1117,00,0,00,00000000,00000000,00000000,0,0000
1118,00,0,00,00000000,00000000,00000000,0,0000
1119,00,0,00,00000000,00000000,00000000,0,0000
1120,00,0,00,00000000,00000000,00000000,0,0000
1121,00,0,00,00000000,00000000,00000000,0,0000
1122,00,0,01,00010111,00000000,10010001,0,1011
1123,00,0,00,00000000,00000000,00000000,0,0000
1124,00,0,00,00000000,00000000,00000000,0,0000
1125,00,0,00,00000000,00000000,00000000,0,0000
1126,00,0,00,00000000,00000000,00000000,0,0000
1127,00,0,00,00000000,00000000,00000000,0,0000
1128,00,0,00,00000000,00000000,00000000,0,0000
1129,00,0,00,00000000,00000000,00000000,0,0000
1130,00,0,01,00011000,00000000,10010011,0,1011
1131,00,0,00,00000000,00000000,00000000,0,0000
1132,00,0,00,00000000,00000000,00000000,0,0000
1133,00,0,00,00000000,00000000,00000000,0,0000
1134,00,0,00,00000000,00000000,00000000,0,0000
1135,00,0,00,00000000,00000000,00000000,0,0000
1136,00,0,00,00000000,00000000,00000000,0,0000
1137,00,0,00,00000000,00000000,00000000,0,0000
1138,00,0,01,00011001,00000000,10010101,0,1011
1139,01,0,10,00101100,11100110,00101000,0,0011
1140,00,0,00,00000000,00000000,00000000,0,0000
1141,01,0,10,00101110,11100110,00101001,0,0011
1142,00,0,01,11110000,00000000,00110100,0,1100
1143,01,0,10,00110000,11100110,00101010,0,0011
1144,00,0,01,11110001,00000000,00110101,0,1100
1145,01,0,10,00110010,11100110,00101011,0,0011
1146,00,0,01,00011010,00000000,10010111,0,1011
1147,00,0,01,11110010,00000000,00110110,0,1100
1148,00,0,01,11110011,00000000,00110111,0,1100
1149,00,0,00,00000000,00000000,00000000,0,0000
1150,00,0,00,00000000,00000000,00000000,0,0000
1151,00,0,00,00000000,00000000,00000000,0,0000
1152,00,0,00,00000000,00000000,00000000,0,0000
1153,00,0,00,00000000,00000000,00000000,0,0000
1154,00,0,01,00100111,00000000,10011101,0,1011
1155,00,0,00,00000000,00000000,00000000,0,0000
1156,00,0,00,00000000,00000000,00000000,0,0000
1157,00,0,00,00000000,00000000,00000000,0,0000
1158,00,0,00,00000000,00000000,00000000,0,0000
1159,00,0,00,00000000,00000000,00000000,0,0000
1160,00,0,00,00000000,00000000,00000000,0,0000
1161,00,0,00,00000000,00000000,00000000,0,0000
1162,00,0,01,00101000,00000000,10011111,0,1011
1163,00,0,00,00000000,00000000,00000000,0,0000
1164,00,0,00,00000000,00000000,00000000,0,0000
1165,00,0,00,00000000,00000000,00000000,0,0000
1166,00,0,00,00000000,00000000,00000000,0,0000
1167,00,0,00,00000000,00000000,00000000,0,0000
1168,00,0,00,00000000,00000000,00000000,0,0000
1169,00,0,00,00000000,00000000,00000000,0,0000
1170,00,0,01,00101001,00000000,10100001,0,1011
1171,01,0,10,00111000,11110110,00110100,0,0011
1172,00,0,00,00000000,00000000,00000000,0,0000
1173,01,0,10,00111010,11110110,00110101,0,0011
1174,00,0,01,00000000,00000000,01000000,0,1100
1175,01,0,10,00111100,11110110,00110110,0,0011
1176,00,0,01,00000001,00000000,01000001,0,1100
1177,01,0,10,00111110,11110110,00110111,0,0011
1178,00,0,01,00101010,00000000,10100011,0,1011
1179,00,0,01,00000010,00000000,01000010,0,1100
1180,00,0,01,00000011,00000000,01000011,0,1100
1181,00,0,00,00000000,00000000,00000000,0,0000
1182,00,0,00,00000000,00000000,00000000,0,0000
1183,00,0,00,00000000,00000000,00000000,0,0000
1184,00,0,00,00000000,00000000,00000000,0,0000
1185,00,0,00,00000000,00000000,00000000,0,0000
1186,00,0,01,00110111,00000000,10101001,0,1011
1187,00,0,00,00000000,00000000,00000000,0,0000
1188,00,0,00,00000000,00000000,00000000,0,0000
1189,00,0,00,00000000,00000000,00000000,0,0000
1190,00,0,00,00000000,00000000,00000000,0,0000
1191,00,0,00,00000000,00000000,00000000,0,0000
1192,00,0,00,00000000,00000000,00000000,0,0000
1193,00,0,00,00000000,00000000,00000000,0,0000
1194,00,0,01,00111000,00000000,10101011,0,1011
1195,00,0,00,00000000,00000000,00000000,0,0000
1196,00,0,00,00000000,00000000,00000000,0,0000
1197,00,0,00,00000000,00000000,00000000,0,0000
1198,00,0,00,00000000,00000000,00000000,0,0000
1199,00,0,00,00000000,00000000,00000000,0,0000
1200,00,0,00,00000000,00000000,00000000,0,0000
1201,00,0,00,00000000,00000000,00000000,0,0000
1202,00,0,01,00111001,00000000,10101101,0,1011
1203,01,0,10,01000100,00000110,01000000,0,0011
1204,00,0,00,00000000,00000000,00000000,0,0000
1205,01,0,10,01000110,00000110,01000001,0,0011
1206,00,0,01,00010000,00000000,01001100,0,1100
1207,01,0,10,01001000,00000110,01000010,0,0011
1208,00,0,01,00010001,00000000,01001101,0,1100
1209,01,0,10,01001010,00000110,01000011,0,0011
1210,00,0,01,00111010,00000000,10101111,0,1011
1211,00,0,01,00010010,00000000,01001110,0,1100
1212,00,0,01,00010011,00000000,01001111,0,1100
1213,00,0,00,00000000,00000000,00000000,0,0000
1214,00,0,00,00000000,00000000,00000000,0,0000
1215,00,0,00,00000000,00000000,00000000,0,0000
1216,00,0,00,00000000,00000000,00000000,0,0000
1217,00,0,00,00000000,00000000,00000000,0,0000
1218,00,0,01,01000111,00000000,10110101,0,1011
1219,00,0,00,00000000,00000000,00000000,0,0000
1220,00,0,00,00000000,00000000,00000000,0,0000
1221,00,0,00,00000000,00000000,00000000,0,0000
1222,00,0,00,00000000,00000000,00000000,0,0000
1223,00,0,00,00000000,00000000,00000000,0,0000
1224,00,0,00,00000000,00000000,00000000,0,0000
1225,00,0,00,00000000,00000000,00000000,0,0000
1226,00,0,01,01001000,00000000,10110111,0,1011
1227,00,0,00,00000000,00000000,00000000,0,0000
1228,00,0,00,00000000,00000000,00000000,0,0000
1229,00,0,00,00000000,00000000,00000000,0,0000
1230,00,0,00,00000000,00000000,00000000,0,0000
1231,00,0,00,00000000,00000000,00000000,0,0000
1232,00,0,00,00000000,00000000,00000000,0,0000
1233,00,0,00,00000000,00000000,00000000,0,0000
1234,00,0,01,01001001,00000000,10111001,0,1011
1235,01,0,10,01010000,00010110,01001100,0,0011
1236,00,0,00,00000000,00000000,00000000,0,0000
1237,01,0,10,01010010,00010110,01001101,0,0011
1238,00,0,01,00100000,00000000,01011000,0,1100
1239,01,0,10,01010100,00010110,01001110,0,0011
1240,00,0,01,00100001,00000000,01011001,0,1100
1241,01,0,10,01010110,00010110,01001111,0,0011
1242,00,0,01,01001010,00000000,10111011,0,1011
1243,00,0,01,00100010,00000000,01011010,0,1100
1244,00,0,01,00100011,00000000,01011011,0,1100
1245,00,0,00,00000000,00000000,00000000,0,0000
1246,00,0,00,00000000,00000000,00000000,0,0000
1247,00,0,00,00000000,00000000,00000000,0,0000
1248,00,0,00,00000000,00000000,00000000,0,0000
1249,00,0,00,00000000,00000000,00000000,0,0000
1250,00,0,01,01010111,00000000,11000001,0,1011
1251,00,0,00,00000000,00000000,00000000,0,0000
1252,00,0,00,00000000,00000000,00000000,0,0000
1253,00,0,00,00000000,00000000,00000000,0,0000
1254,00,0,00,00000000,00000000,00000000,0,0000
1255,00,0,00,00000000,00000000,00000000,0,0000
1256,00,0,00,00000000,00000000,00000000,0,0000
1257,00,0,00,00000000,00000000,00000000,0,0000
1258,00,0,01,01011000,00000000,11000011,0,1011
1259,00,0,00,00000000,00000000,00000000,0,0000
1260,00,0,00,00000000,00000000,00000000,0,0000
1261,00,0,00,00000000,00000000,00000000,0,0000
1262,00,0,00,00000000,00000000,00000000,0,0000
1263,00,0,00,00000000,00000000,00000000,0,0000
1264,00,0,00,00000000,00000000,00000000,0,0000
1265,00,0,00,00000000,00000000,00000000,0,0000
1266,00,0,01,01011001,00000000,11000101,0,1011
1267,01,0,10,01011100,00100110,01011000,0,0011
1268,00,0,00,00000000,00000000,00000000,0,0000
1269,01,0,10,01011110,00100110,01011001,0,0011
1270,00,0,01,00110000,00000000,01100100,0,1100
1271,01,0,10,01100000,00100110,01011010,0,0011
1272,00,0,01,00110001,00000000,01100101,0,1100
1273,01,0,10,01100010,00100110,01011011,0,0011
1274,00,0,01,01011010,00000000,11000111,0,1011
1275,00,0,01,00110010,00000000,01100110,0,1100
1276,00,0,01,00110011,00000000,01100111,0,1100
1277,00,0,00,00000000,00000000,00000000,0,0000
1278,00,0,00,00000000,00000000,00000000,0,0000
1279,00,0,00,00000000,00000000,00000000,0,0000
1280,00,0,00,00000000,00000000,00000000,0,0000
1281,00,0,00,00000000,00000000,00000000,0,0000
1282,00,0,01,01100111,00000000,11001101,0,1011
1283,00,0,00,00000000,00000000,00000000,0,0000
1284,00,0,00,00000000,00000000,00000000,0,0000
1285,00,0,00,00000000,00000000,00000000,0,0000
1286,00,0,00,00000000,00000000,00000000,0,0000
1287,00,0,00,00000000,00000000,00000000,0,0000
1288,00,0,00,00000000,00000000,00000000,0,0000
1289,00,0,00,00000000,00000000,00000000,0,0000
1290,00,0,01,01101000,00000000,11001111,0,1011
1291,00,0,00,00000000,00000000,00000000,0,0000
1292,00,0,00,00000000,00000000,00000000,0,0000
1293,00,0,00,00000000,00000000,00000000,0,0000
1294,00,0,00,00000000,00000000,00000000,0,0000
1295,00,0,00,00000000,00000000,00000000,0,0000
1296,00,0,00,00000000,00000000,00000000,0,0000
1297,00,0,00,00000000,00000000,00000000,0,0000
1298,00,0,01,01101001,00000000,11010001,0,1011
1299,01,0,10,01101000,00110110,01100100,0,0011
1300,00,0,00,00000000,00000000,00000000,0,0000
1301,01,0,10,01101010,00110110,01100101,0,0011
1302,00,0,01,01000000,00000000,01110000,0,1100
1303,01,0,10,01101100,00110110,01100110,0,0011
1304,00,0,01,01000001,00000000,01110001,0,1100
1305,01,0,10,01101110,00110110,01100111,0,0011
1306,00,0,01,01101010,00000000,11010011,0,1011
1307,00,0,01,01000010,00000000,01110010,0,1100
1308,00,0,01,01000011,00000000,01110011,0,1100
1309,00,0,00,00000000,00000000,00000000,0,0000
1310,00,0,00,00000000,00000000,00000000,0,0000
1311,00,0,00,00000000,00000000,00000000,0,0000
1312,00,0,00,00000000,00000000,00000000,0,0000
1313,00,0,00,00000000,00000000,00000000,0,0000
1314,00,0,01,01110111,00000000,11011001,0,1011
1315,00,0,00,00000000,00000000,00000000,0,0000
1316,00,0,00,00000000,00000000,00000000,0,0000
1317,00,0,00,00000000,00000000,00000000,0,0000
1318,00,0,00,00000000,00000000,00000000,0,0000
1319,00,0,00,00000000,00000000,00000000,0,0000
1320,00,0,00,00000000,00000000,00000000,0,0000
1321,00,0,00,00000000,00000000,00000000,0,0000
1322,00,0,01,01111000,00000000,11011011,0,1011
1323,00,0,00,00000000,00000000,00000000,0,0000
1324,00,0,00,00000000,00000000,00000000,0,0000
1325,00,0,00,00000000,00000000,00000000,0,0000
1326,00,0,00,00000000,00000000,00000000,0,0000
1327,00,0,00,00000000,00000000,00000000,0,0000
1328,00,0,00,00000000,00000000,00000000,0,0000
1329,00,0,00,00000000,00000000,00000000,0,0000
1330,00,0,01,01111001,00000000,11011101,0,1011
1331,01,0,10,01110100,01000110,01110000,0,0011
1332,00,0,00,00000000,00000000,00000000,0,0000
1333,01,0,10,01110110,01000110,01110001,0,0011
1334,00,0,01,01010000,00000000,01111100,0,1100
1335,01,0,10,01111000,01000110,01110010,0,0011
1336,00,0,01,01010001,00000000,01111101,0,1100
1337,01,0,10,01111010,01000110,01110011,0,0011
1338,00,0,01,01111010,00000000,11011111,0,1011
1339,00,0,01,01010010,00000000,01111110,0,1100
1340,00,0,01,01010011,00000000,01111111,0,1100
1341,00,0,00,00000000,00000000,00000000,0,0000
1342,00,0,00,00000000,00000000,00000000,0,0000
1343,00,0,00,00000000,00000000,00000000,0,0000
1344,00,0,00,00000000,00000000,00000000,0,0000
1345,00,0,00,00000000,00000000,00000000,0,0000
1346,00,0,01,10000111,00000000,11100101,0,1011
1347,00,0,00,00000000,00000000,00000000,0,0000
1348,00,0,00,00000000,00000000,00000000,0,0000
1349,00,0,00,00000000,00000000,00000000,0,0000
1350,00,0,00,00000000,00000000,00000000,0,0000
1351,00,0,00,00000000,00000000,00000000,0,0000
1352,00,0,00,00000000,00000000,00000000,0,0000
1353,00,0,00,00000000,00000000,00000000,0,0000
1354,00,0,01,10001000,00000000,11100111,0,1011
1355,00,0,00,00000000,00000000,00000000,0,0000
1356,00,0,00,00000000,00000000,00000000,0,0000
1357,00,0,00,00000000,00000000,00000000,0,0000
1358,00,0,00,00000000,00000000,00000000,0,0000
1359,00,0,00,00000000,00000000,00000000,0,0000
1360,00,0,00,00000000,00000000,00000000,0,0000
1361,00,0,00,00000000,00000000,00000000,0,0000
1362,00,0,01,10001001,00000000,11101001,0,1011
1363,01,0,10,10000000,01010110,01111100,0,0011
1364,00,0,00,00000000,00000000,00000000,0,0000
1365,01,0,10,10000010,01010110,01111101,0,0011
1366,00,0,01,01100000,00000000,10001000,0,1100
1367,01,0,10,10000100,01010110,01111110,0,0011
1368,00,0,01,01100001,00000000,10001001,0,1100
1369,01,0,10,10000110,01010110,01111111,0,0011
1370,00,0,01,10001010,00000000,11101011,0,1011
1371,00,0,01,01100010,00000000,10001010,0,1100
1372,00,0,01,01100011,00000000,10001011,0,1100
1373,00,0,00,00000000,00000000,00000000,0,0000
1374,00,0,00,00000000,00000000,00000000,0,0000
1375,00,0,00,00000000,00000000,00000000,0,0000
1376,00,0,00,00000000,00000000,00000000,0,0000
1377,00,0,00,00000000,00000000,00000000,0,0000
1378,00,0,01,10010111,00000000,11110001,0,1011
1379,00,0,00,00000000,00000000,00000000,0,0000
1380,00,0,00,00000000,00000000,00000000,0,0000
1381,00,0,00,00000000,00000000,00000000,0,0000
1382,00,0,00,00000000,00000000,00000000,0,0000
1383,00,0,00,00000000,00000000,00000000,0,0000
1384,00,0,00,00000000,00000000,00000000,0,0000
1385,00,0,00,00000000,00000000,00000000,0,0000
1386,00,0,01,10011000,00000000,11110011,0,1011
1387,00,0,00,00000000,00000000,00000000,0,0000
1388,00,0,00,00000000,00000000,00000000,0,0000
1389,00,0,00,00000000,00000000,00000000,0,0000
1390,00,0,00,00000000,00000000,00000000,0,0000
1391,00,0,00,00000000,00000000,00000000,0,0000
1392,00,0,00,00000000,00000000,00000000,0,0000
1393,00,0,00,00000000,00000000,00000000,0,0000
1394,00,0,01,10011001,00000000,11110101,0,1011
1395,01,0,10,10001100,01100110,10001000,0,0011
1396,00,0,00,00000000,00000000,00000000,0,0000
1397,01,0,10,10001110,01100110,10001001,0,0011
1398,00,0,01,01110000,00000000,10010100,0,1100
1399,01,0,10,10010000,01100110,10001010,0,0011
1400,00,0,01,01110001,00000000,10010101,0,1100
1401,01,0,10,10010010,01100110,10001011,0,0011
1402,00,0,01,10011010,00000000,11110111,0,1011
1403,00,0,01,01110010,00000000,10010110,0,1100
1404,00,0,01,01110011,00000000,10010111,0,1100
1405,00,0,00,00000000,00000000,00000000,0,0000
1406,00,0,00,00000000,00000000,00000000,0,0000
1407,00,0,00,00000000,00000000,00000000,0,0000
1408,00,0,00,00000000,00000000,00000000,0,0000
1409,00,0,00,00000000,00000000,00000000,0,0000
1410,00,0,01,10100111,00000000,11111101,0,1011
1411,00,0,00,00000000,00000000,00000000,0,0000
1412,00,0,00,00000000,00000000,00000000,0,0000
1413,00,0,00,00000000,00000000,00000000,0,0000
1414,00,0,00,00000000,00000000,00000000,0,0000
1415,00,0,00,00000000,00000000,00000000,0,0000
1416,00,0,00,00000000,00000000,00000000,0,0000
1417,00,0,00,00000000,00000000,00000000,0,0000
1418,00,0,01,10101000,00000000,11111111,0,1011
1419,00,0,00,00000000,00000000,00000000,0,0000
1420,00,0,00,00000000,00000000,00000000,0,0000
1421,00,0,00,00000000,00000000,00000000,0,0000
1422,00,0,00,00000000,00000000,00000000,0,0000
1423,00,0,00,00000000,00000000,00000000,0,0000
1424,00,0,00,00000000,00000000,00000000,0,0000
1425,00,0,00,00000000,00000000,00000000,0,0000
1426,00,0,01,10101001,00000000,00000001,0,1011
1427,01,0,10,10011000,01110110,10010100,0,0011
1428,00,0,00,00000000,00000000,00000000,0,0000
1429,01,0,10,10011010,01110110,10010101,0,0011
1430,00,0,01,10000000,00000000,10100000,0,1100
1431,01,0,10,10011100,01110110,10010110,0,0011
1432,00,0,01,10000001,00000000,10100001,0,1100
1433,01,0,10,10011110,01110110,10010111,0,0011
1434,00,0,01,10101010,00000000,00000011,0,1011
1435,00,0,01,10000010,00000000,10100010,0,1100
1436,00,0,01,10000011,00000000,10100011,0,1100
1437,00,0,00,00000000,00000000,00000000,0,0000
1438,00,0,00,00000000,00000000,00000000,0,0000
1439,00,0,00,00000000,00000000,00000000,0,0000
1440,00,0,00,00000000,00000000,00000000,0,0000
1441,00,0,00,00000000,00000000,00000000,0,0000
1442,00,0,01,10110111,00000000,00001001,0,1011
1443,00,0,00,00000000,00000000,00000000,0,0000
1444,00,0,00,00000000,00000000,00000000,0,0000
1445,00,0,00,00000000,00000000,00000000,0,0000
1446,00,0,00,00000000,00000000,00000000,0,0000
1447,00,0,00,00000000,00000000,00000000,0,0000
1448,00,0,00,00000000,00000000,00000000,0,0000
1449,00,0,00,00000000,00000000,00000000,0,0000
1450,00,0,01,10111000,00000000,00001011,0,1011
1451,00,0,00,00000000,00000000,00000000,0,0000
1452,00,0,00,00000000,00000000,00000000,0,0000
1453,00,0,00,00000000,00000000,00000000,0,0000
1454,00,0,00,00000000,00000000,00000000,0,0000
1455,00,0,00,00000000,00000000,00000000,0,0000
1456,00,0,00,00000000,00000000,00000000,0,0000
1457,00,0,00,00000000,00000000,00000000,0,0000
1458,00,0,01,10111001,00000000,00001101,0,1011
1459,01,0,10,10100100,10000110,10100000,0,0011
1460,00,0,00,00000000,00000000,00000000,0,0000
1461,01,0,10,10100110,10000110,10100001,0,0011
1462,00,0,01,10010000,00000000,10101100,0,1100
1463,01,0,10,10101000,10000110,10100010,0,0011
1464,00,0,01,10010001,00000000,10101101,0,1100
1465,01,0,10,10101010,10000110,10100011,0,0011
1466,00,0,01,10111010,00000000,00001111,0,1011
1467,00,0,01,10010010,00000000,10101110,0,1100
1468,00,0,01,10010011,00000000,10101111,0,1100
1469,00,0,00,00000000,00000000,00000000,0,0000
1470,00,0,00,00000000,00000000,00000000,0,0000
1471,00,0,00,00000000,00000000,00000000,0,0000
1472,00,0,00,00000000,00000000,00000000,0,0000
1473,00,0,00,00000000,00000000,00000000,0,0000
1474,00,0,01,11000111,00000000,00010101,0,1011
1475,00,0,00,00000000,00000000,00000000,0,0000
1476,00,0,00,00000000,00000000,00000000,0,0000
1477,00,0,00,00000000,00000000,00000000,0,0000
1478,00,0,00,00000000,00000000,00000000,0,0000
1479,00,0,00,00000000,00000000,00000000,0,0000
1480,00,0,00,00000000,00000000,00000000,0,0000
1481,00,0,00,00000000,00000000,00000000,0,0000
1482,00,0,01,11001000,00000000,00010111,0,1011
1483,00,0,00,00000000,00000000,00000000,0,0000
1484,00,0,00,00000000,00000000,00000000,0,0000
1485,00,0,00,00000000,00000000,00000000,0,0000
1486,00,0,00,00000000,00000000,00000000,0,0000
1487,00,0,00,00000000,00000000,00000000,0,0000
1488,00,0,00,00000000,00000000,00000000,0,0000
1489,00,0,00,00000000,00000000,00000000,0,0000
1490,00,0,01,11001001,00000000,00011001,0,1011
1491,01,0,10,10110000,10010110,10101100,0,0011
1492,00,0,00,00000000,00000000,00000000,0,0000
1493,01,0,10,10110010,10010110,10101101,0,0011
1494,00,0,01,10100000,00000000,10111000,0,1100
1495,01,0,10,10110100,10010110,10101110,0,0011
1496,00,0,01,10100001,00000000,10111001,0,1100
1497,01,0,10,10110110,10010110,10101111,0,0011
1498,00,0,01,11001010,00000000,00011011,0,1011
1499,00,0,01,10100010,00000000,10111010,0,1100
1500,00,0,01,10100011,00000000,10111011,0,1100
1501,00,0,00,00000000,00000000,00000000,0,0000
1502,00,0,00,00000000,00000000,00000000,0,0000
1503,00,0,00,00000000,00000000,00000000,0,0000
1504,00,0,00,00000000,00000000,00000000,0,0000
1505,00,0,00,00000000,00000000,00000000,0,0000
1506,00,0,01,11010111,00000000,00100001,0,1011
1507,00,0,00,00000000,00000000,00000000,0,0000
1508,00,0,00,00000000,00000000,00000000,0,0000
1509,00,0,00,00000000,00000000,00000000,0,0000
1510,00,0,00,00000000,00000000,00000000,0,0000
1511,00,0,00,00000000,00000000,00000000,0,0000
1512,00,0,00,00000000,00000000,00000000,0,0000
1513,00,0,00,00000000,00000000,00000000,0,0000
1514,00,0,01,11011000,00000000,00100011,0,1011
1515,00,0,00,00000000,00000000,00000000,0,0000
1516,00,0,00,00000000,00000000,00000000,0,0000
1517,00,0,00,00000000,00000000,00000000,0,0000
1518,00,0,00,00000000,00000000,00000000,0,0000
1519,00,0,00,00000000,00000000,00000000,0,0000
1520,00,0,00,00000000,00000000,00000000,0,0000
1521,00,0,00,00000000,00000000,00000000,0,0000
1522,00,0,01,11011001,00000000,00100101,0,1011
1523,01,0,10,10111100,10100110,10111000,0,0011
1524,00,0,00,00000000,00000000,00000000,0,0000
1525,01,0,10,10111110,10100110,10111001,0,0011
1526,00,0,01,10110000,00000000,11000100,0,1100
1527,01,0,10,11000000,10100110,10111010,0,0011
1528,00,0,01,10110001,00000000,11000101,0,1100
1529,01,0,10,11000010,10100110,10111011,0,0011
1530,00,0,01,11011010,00000000,00100111,0,1011
1531,00,0,01,10110010,00000000,11000110,0,1100
1532,00,0,01,10110011,00000000,11000111,0,1100
1533,00,0,00,00000000,00000000,00000000,0,0000
1534,00,0,00,00000000,00000000,00000000,0,0000
1535,00,0,00,00000000,00000000,00000000,0,0000
1536,00,0,00,00000000,00000000,00000000,0,0000
1537,00,0,00,00000000,00000000,00000000,0,0000
1538,00,0,01,11100111,00000000,00101101,0,1011
1539,00,0,00,00000000,00000000,00000000,0,0000
1540,00,0,00,00000000,00000000,00000000,0,0000
1541,00,0,00,00000000,00000000,00000000,0,0000
1542,00,0,00,00000000,00000000,00000000,0,0000
1543,00,0,00,00000000,00000000,00000000,0,0000
1544,00,0,00,00000000,00000000,00000000,0,0000
1545,00,0,00,00000000,00000000,00000000,0,0000
1546,00,0,01,11101000,00000000,00101111,0,1011
1547,00,0,00,00000000,00000000,00000000,0,0000
1548,00,0,00,00000000,00000000,00000000,0,0000
1549,00,0,00,00000000,00000000,00000000,0,0000
1550,00,0,00,00000000,00000000,00000000,0,0000
1551,00,0,00,00000000,00000000,00000000,0,0000
1552,00,0,00,00000000,00000000,00000000,0,0000
1553,00,0,00,00000000,00000000,00000000,0,0000
1554,00,0,01,11101001,00000000,00110001,0,1011
1555,01,0,10,11001000,10110110,11000100,0,0011
1556,00,0,00,00000000,00000000,00000000,0,0000
1557,01,0,10,11001010,10110110,11000101,0,0011
1558,00,0,01,11000000,00000000,11010000,0,1100
1559,01,0,10,11001100,10110110,11000110,0,0011
1560,00,0,01,11000001,00000000,11010001,0,1100
1561,01,0,10,11001110,10110110,11000111,0,0011
1562,00,0,01,11101010,00000000,00110011,0,1011
1563,00,0,01,11000010,00000000,11010010,0,1100
1564,00,0,01,11000011,00000000,11010011,0,1100
1565,00,0,00,00000000,00000000,00000000,0,0000
1566,00,0,00,00000000,00000000,00000000,0,0000
1567,00,0,00,00000000,00000000,00000000,0,0000
1568,00,0,00,00000000,00000000,00000000,0,0000
1569,00,0,00,00000000,00000000,00000000,0,0000
1570,00,0,01,11110111,00000000,00111001,0,1011
1571,00,0,00,00000000,00000000,00000000,0,0000
1572,00,0,00,00000000,00000000,00000000,0,0000
1573,00,0,00,00000000,00000000,00000000,0,0000
1574,00,0,00,00000000,00000000,00000000,0,0000
1575,00,0,00,00000000,00000000,00000000,0,0000
1576,00,0,00,00000000,00000000,00000000,0,0000
1577,00,0,00,00000000,00000000,00000000,0,0000
1578,00,0,01,11111000,00000000,00111011,0,1011
1579,00,0,00,00000000,00000000,00000000,0,0000
1580,00,0,00,00000000,00000000,00000000,0,0000
1581,00,0,00,00000000,00000000,00000000,0,0000
1582,00,0,00,00000000,00000000,00000000,0,0000
1583,00,0,00,00000000,00000000,00000000,0,0000
1584,00,0,00,00000000,00000000,00000000,0,0000
1585,00,0,00,00000000,00000000,00000000,0,0000
1586,00,0,01,11111001,00000000,00111101,0,1011
1587,01,0,10,11010100,11000110,11010000,0,0011
1588,00,0,00,00000000,00000000,00000000,0,0000
1589,01,0,10,11010110,11000110,11010001,0,0011
1590,00,0,01,11010000,00000000,11011100,0,1100
1591,01,0,10,11011000,11000110,11010010,0,0011
1592,00,0,01,11010001,00000000,11011101,0,1100
1593,01,0,10,11011010,11000110,11010011,0,0011
1594,00,0,01,11111010,00000000,00111111,0,1011
1595,00,0,01,11010010,00000000,11011110,0,1100
1596,00,0,01,11010011,00000000,11011111,0,1100
1597,00,0,00,00000000,00000000,00000000,0,0000
1598,00,0,00,00000000,00000000,00000000,0,0000
1599,00,0,00,00000000,00000000,00000000,0,0000
1600,00,0,00,00000000,00000000,00000000,0,0000
1601,00,0,00,00000000,00000000,00000000,0,0000
1602,00,0,01,00000111,00000000,01000101,0,1011
1603,00,0,00,00000000,00000000,00000000,0,0000
1604,00,0,00,00000000,00000000,00000000,0,0000
1605,00,0,00,00000000,00000000,00000000,0,0000
1606,00,0,00,00000000,00000000,00000000,0,0000
1607,00,0,00,00000000,00000000,00000000,0,0000
1608,00,0,00,00000000,00000000,00000000,0,0000
1609,00,0,00,00000000,00000000,00000000,0,0000
1610,00,0,01,00001000,00000000,01000111,0,1011
1611,00,0,00,00000000,00000000,00000000,0,0000
1612,00,0,00,00000000,00000000,00000000,0,0000
1613,00,0,00,00000000,00000000,00000000,0,0000
1614,00,0,00,00000000,00000000,00000000,0,0000
1615,00,0,00,00000000,00000000,00000000,0,0000
1616,00,0,00,00000000,00000000,00000000,0,0000
1617,00,0,00,00000000,00000000,00000000,0,0000
1618,00,0,01,00001001,00000000,01001001,0,1011
1619,01,0,10,11100000,11010110,11011100,0,0011
1620,00,0,00,00000000,00000000,00000000,0,0000
1621,01,0,10,11100010,11010110,11011101,0,0011
1622,00,0,01,11100000,00000000,11101000,0,1100
1623,01,0,10,11100100,11010110,11011110,0,0011
1624,00,0,01,11100001,00000000,11101001,0,1100
1625,01,0,10,11100110,11010110,11011111,0,0011
1626,00,0,01,00001010,00000000,01001011,0,1011
1627,00,0,01,11100010,00000000,11101010,0,1100
1628,00,0,01,11100011,00000000,11101011,0,1100
1629,00,0,00,00000000,00000000,00000000,0,0000
1630,00,0,00,00000000,00000000,00000000,0,0000
1631,00,0,00,00000000,00000000,00000000,0,0000
1632,00,0,00,00000000,00000000,00000000,0,0000
1633,00,0,00,00000000,00000000,00000000,0,0000
1634,00,0,01,00010111,00000000,01010001,0,1011
1635,00,0,00,00000000,00000000,00000000,0,0000
1636,00,0,00,00000000,00000000,00000000,0,0000
1637,00,0,00,00000000,00000000,00000000,0,0000
1638,00,0,00,00000000,00000000,00000000,0,0000
1639,00,0,00,00000000,00000000,00000000,0,0000
1640,00,0,00,00000000,00000000,00000000,0,0000
1641,00,0,00,00000000,00000000,00000000,0,0000
1642,00,0,01,00011000,00000000,01010011,0,1011
1643,00,0,00,00000000,00000000,00000000,0,0000
1644,00,0,00,00000000,00000000,00000000,0,0000
1645,00,0,00,00000000,00000000,00000000,0,0000
1646,00,0,00,00000000,00000000,00000000,0,0000
1647,00,0,00,00000000,00000000,00000000,0,0000
1648,00,0,00,00000000,00000000,00000000,0,0000
1649,00,0,00,00000000,00000000,00000000,0,0000
1650,00,0,01,00011001,00000000,01010101,0,1011
1651,01,0,10,11101100,11100110,11101000,0,0011
1652,00,0,00,00000000,00000000,00000000,0,0000
1653,01,0,10,11101110,11100110,11101001,0,0011
1654,00,0,01,11110000,00000000,11110100,0,1100
1655,01,0,10,11110000,11100110,11101010,0,0011
1656,00,0,01,11110001,00000000,11110101,0,1100
1657,01,0,10,11110010,11100110,11101011,0,0011
1658,00,0,01,00011010,00000000,01010111,0,1011
1659,00,0,01,11110010,00000000,11110110,0,1100
1660,00,0,01,11110011,00000000,11110111,0,1100
1661,00,0,00,00000000,00000000,00000000,0,0000
1662,00,0,00,00000000,00000000,00000000,0,0000
1663,00,0,00,00000000,00000000,00000000,0,0000
1664,00,0,00,00000000,00000000,00000000,0,0000
1665,00,0,00,00000000,00000000,00000000,0,0000
1666,00,0,01,00100111,00000000,01011101,0,1011
1667,00,0,00,00000000,00000000,00000000,0,0000
1668,00,0,00,00000000,00000000,00000000,0,0000
1669,00,0,00,00000000,00000000,00000000,0,0000
1670,00,0,00,00000000,00000000,00000000,0,0000
1671,00,0,00,00000000,00000000,00000000,0,0000
1672,00,0,00,00000000,00000000,00000000,0,0000
1673,00,0,00,00000000,00000000,00000000,0,0000
1674,00,0,01,00101000,00000000,01011111,0,1011
1675,00,0,00,00000000,00000000,00000000,0,0000
1676,00,0,00,00000000,00000000,00000000,0,0000
1677,00,0,00,00000000,00000000,00000000,0,0000
1678,00,0,00,00000000,00000000,00000000,0,0000
1679,00,0,00,00000000,00000000,00000000,0,0000
1680,00,0,00,00000000,00000000,00000000,0,0000
1681,00,0,00,00000000,00000000,00000000,0,0000
1682,00,0,01,00101001,00000000,01100001,0,1011
1683,01,0,10,11111000,11110110,11110100,0,0011
1684,00,0,00,00000000,00000000,00000000,0,0000
1685,01,0,10,11111010,11110110,11110101,0,0011
1686,00,0,00,00000000,00000000,00000000,0,0000
1687,01,0,10,11111100,11110110,11110110,0,0011
1688,00,0,00,00000000,00000000,00000000,0,0000
1689,01,0,10,11111110,11110110,11110111,0,0011
1690,00,0,01,00101010,00000000,01100011,0,1011
1691,00,0,00,00000000,00000000,00000000,0,0000
1692,00,0,00,00000000,00000000,00000000,0,0000
1693,00,0,00,00000000,00000000,00000000,0,0000
1694,00,0,00,00000000,00000000,00000000,0,0000
1695,00,0,00,00000000,00000000,00000000,0,0000
1696,00,0,00,00000000,00000000,00000000,0,0000
1697,00,0,00,00000000,00000000,00000000,0,0000
1698,00,0,01,00110111,00000000,01101001,0,1011
1699,00,0,00,00000000,00000000,00000000,0,0000
1700,00,0,00,00000000,00000000,00000000,0,0000
1701,00,0,00,00000000,00000000,00000000,0,0000
1702,00,0,00,00000000,00000000,00000000,0,0000
1703,00,0,00,00000000,00000000,00000000,0,0000
1704,00,0,00,00000000,00000000,00000000,0,0000
1705,00,0,00,00000000,00000000,00000000,0,0000
1706,00,0,01,00111000,00000000,01101011,0,1011
1707,00,0,00,00000000,00000000,00000000,0,0000
1708,00,0,00,00000000,00000000,00000000,0,0000
1709,00,0,00,00000000,00000000,00000000,0,0000
1710,00,0,00,00000000,00000000,00000000,0,0000
1711,00,0,00,00000000,00000000,00000000,0,0000
1712,00,0,00,00000000,00000000,00000000,0,0000
1713,00,0,00,00000000,00000000,00000000,0,0000
1714,00,0,01,00111001,00000000,01101101,0,1011
1715,00,0,00,00000000,00000000,00000000,0,0000
1716,00,0,00,00000000,00000000,00000000,0,0000
1717,00,0,00,00000000,00000000,00000000,0,0000
1718,00,0,00,00000000,00000000,00000000,0,0000
1719,00,0,00,00000000,00000000,00000000,0,0000
1720,00,0,00,00000000,00000000,00000000,0,0000
1721,00,0,00,00000000,00000000,00000000,0,0000
1722,00,0,01,00111010,00000000,01101111,0,1011
1723,00,0,00,00000000,00000000,00000000,0,0000
1724,00,0,00,00000000,00000000,00000000,0,0000
1725,00,0,00,00000000,00000000,00000000,0,0000
1726,00,0,00,00000000,00000000,00000000,0,0000
1727,00,0,00,00000000,00000000,00000000,0,0000
1728,00,0,00,00000000,00000000,00000000,0,0000
1729,00,0,00,00000000,00000000,00000000,0,0000
1730,00,0,01,01000111,00000000,01110101,0,1011
1731,00,0,00,00000000,00000000,00000000,0,0000
1732,00,0,00,00000000,00000000,00000000,0,0000
1733,00,0,00,00000000,00000000,00000000,0,0000
1734,00,0,00,00000000,00000000,00000000,0,0000
1735,00,0,00,00000000,00000000,00000000,0,0000
1736,00,0,00,00000000,00000000,00000000,0,0000
1737,00,0,00,00000000,00000000,00000000,0,0000
1738,00,0,01,01001000,00000000,01110111,0,1011
1739,00,0,00,00000000,00000000,00000000,0,0000
1740,00,0,00,00000000,00000000,00000000,0,0000
1741,00,0,00,00000000,00000000,00000000,0,0000
1742,00,0,00,00000000,00000000,00000000,0,0000
1743,00,0,00,00000000,00000000,00000000,0,0000
1744,00,0,00,00000000,00000000,00000000,0,0000
1745,00,0,00,00000000,00000000,00000000,0,0000
1746,00,0,01,01001001,00000000,01111001,0,1011
1747,00,0,00,00000000,00000000,00000000,0,0000
1748,00,0,00,00000000,00000000,00000000,0,0000
1749,00,0,00,00000000,00000000,00000000,0,0000
1750,00,0,00,00000000,00000000,00000000,0,0000
1751,00,0,00,00000000,00000000,00000000,0,0000
1752,00,0,00,00000000,00000000,00000000,0,0000
1753,00,0,00,00000000,00000000,00000000,0,0000
1754,00,0,01,01001010,00000000,01111011,0,1011
1755,00,0,00,00000000,00000000,00000000,0,0000
1756,00,0,00,00000000,00000000,00000000,0,0000
1757,00,0,00,00000000,00000000,00000000,0,0000
1758,00,0,00,00000000,00000000,00000000,0,0000
1759,00,0,00,00000000,00000000,00000000,0,0000
1760,00,0,00,00000000,00000000,00000000,0,0000
1761,00,0,00,00000000,00000000,00000000,0,0000
1762,00,0,01,01010111,00000000,10000001,0,1011
1763,00,0,00,00000000,00000000,00000000,0,0000
1764,00,0,00,00000000,00000000,00000000,0,0000
1765,00,0,00,00000000,00000000,00000000,0,0000
1766,00,0,00,00000000,00000000,00000000,0,0000
1767,00,0,00,00000000,00000000,00000000,0,0000
1768,00,0,00,00000000,00000000,00000000,0,0000
1769,00,0,00,00000000,00000000,00000000,0,0000
1770,00,0,01,01011000,00000000,10000011,0,1011
1771,00,0,00,00000000,00000000,00000000,0,0000
1772,00,0,00,00000000,00000000,00000000,0,0000
1773,00,0,00,00000000,00000000,00000000,0,0000
1774,00,0,00,00000000,00000000,00000000,0,0000
1775,00,0,00,00000000,00000000,00000000,0,0000
1776,00,0,00,00000000,00000000,00000000,0,0000
1777,00,0,00,00000000,00000000,00000000,0,0000
1778,00,0,01,01011001,00000000,10000101,0,1011
1779,00,0,00,00000000,00000000,00000000,0,0000
1780,00,0,00,00000000,00000000,00000000,0,0000
1781,00,0,00,00000000,00000000,00000000,0,0000
1782,00,0,00,00000000,00000000,00000000,0,0000
1783,00,0,00,00000000,00000000,00000000,0,0000
1784,00,0,00,00000000,00000000,00000000,0,0000
1785,00,0,00,00000000,00000000,00000000,0,0000
1786,00,0,01,01011010,00000000,10000111,0,1011
1787,00,0,00,00000000,00000000,00000000,0,0000
1788,00,0,00,00000000,00000000,00000000,0,0000
1789,00,0,00,00000000,00000000,00000000,0,0000
1790,00,0,00,00000000,00000000,00000000,0,0000
1791,00,0,00,00000000,00000000,00000000,0,0000
1792,00,0,00,00000000,00000000,00000000,0,0000
1793,00,0,00,00000000,00000000,00000000,0,0000
1794,00,0,01,01100111,00000000,10001101,0,1011
1795,00,0,00,00000000,00000000,00000000,0,0000
1796,00,0,00,00000000,00000000,00000000,0,0000
1797,00,0,00,00000000,00000000,00000000,0,0000
1798,00,0,00,00000000,00000000,00000000,0,0000
1799,00,0,00,00000000,00000000,00000000,0,0000
1800,00,0,00,00000000,00000000,00000000,0,0000
1801,00,0,00,00000000,00000000,00000000,0,0000
1802,00,0,01,01101000,00000000,10001111,0,1011
1803,00,0,00,00000000,00000000,00000000,0,0000
1804,00,0,00,00000000,00000000,00000000,0,0000
1805,00,0,00,00000000,00000000,00000000,0,0000
1806,00,0,00,00000000,00000000,00000000,0,0000
1807,00,0,00,00000000,00000000,00000000,0,0000
1808,00,0,00,00000000,00000000,00000000,0,0000
1809,00,0,00,00000000,00000000,00000000,0,0000
1810,00,0,01,01101001,00000000,10010001,0,1011
1811,00,0,00,00000000,00000000,00000000,0,0000
1812,00,0,00,00000000,00000000,00000000,0,0000
1813,00,0,00,00000000,00000000,00000000,0,0000
1814,00,0,00,00000000,00000000,00000000,0,0000
1815,00,0,00,00000000,00000000,00000000,0,0000
1816,00,0,00,00000000,00000000,00000000,0,0000
1817,00,0,00,00000000,00000000,00000000,0,0000
1818,00,0,01,01101010,00000000,10010011,0,1011
1819,00,0,00,00000000,00000000,00000000,0,0000
1820,00,0,00,00000000,00000000,00000000,0,0000
1821,00,0,00,00000000,00000000,00000000,0,0000
1822,00,0,00,00000000,00000000,00000000,0,0000
1823,00,0,00,00000000,00000000,00000000,0,0000
1824,00,0,00,00000000,00000000,00000000,0,0000
1825,00,0,00,00000000,00000000,00000000,0,0000
1826,00,0,01,01110111,00000000,10011001,0,1011
1827,00,0,00,00000000,00000000,00000000,0,0000
1828,00,0,00,00000000,00000000,00000000,0,0000
1829,00,0,00,00000000,00000000,00000000,0,0000
1830,00,0,00,00000000,00000000,00000000,0,0000
1831,00,0,00,00000000,00000000,00000000,0,0000
1832,00,0,00,00000000,00000000,00000000,0,0000
1833,00,0,00,00000000,00000000,00000000,0,0000
1834,00,0,01,01111000,00000000,10011011,0,1011
1835,00,0,00,00000000,00000000,00000000,0,0000
1836,00,0,00,00000000,00000000,00000000,0,0000
1837,00,0,00,00000000,00000000,00000000,0,0000
1838,00,0,00,00000000,00000000,00000000,0,0000
1839,00,0,00,00000000,00000000,00000000,0,0000
1840,00,0,00,00000000,00000000,00000000,0,0000
1841,00,0,00,00000000,00000000,00000000,0,0000
1842,00,0,01,01111001,00000000,10011101,0,1011
1843,00,0,00,00000000,00000000,00000000,0,0000
1844,00,0,00,00000000,00000000,00000000,0,0000
1845,00,0,00,00000000,00000000,00000000,0,0000
1846,00,0,00,00000000,00000000,00000000,0,0000
1847,00,0,00,00000000,00000000,00000000,0,0000
1848,00,0,00,00000000,00000000,00000000,0,0000
1849,00,0,00,00000000,00000000,00000000,0,0000
1850,00,0,01,01111010,00000000,10011111,0,1011
1851,00,0,00,00000000,00000000,00000000,0,0000
1852,00,0,00,00000000,00000000,00000000,0,0000
1853,00,0,00,00000000,00000000,00000000,0,0000
1854,00,0,00,00000000,00000000,00000000,0,0000
1855,00,0,00,00000000,00000000,00000000,0,0000
1856,00,0,00,00000000,00000000,00000000,0,0000
1857,00,0,00,00000000,00000000,00000000,0,0000
1858,00,0,01,10000111,00000000,10100101,0,1011
1859,00,0,00,00000000,00000000,00000000,0,0000
1860,00,0,00,00000000,00000000,00000000,0,0000
1861,00,0,00,00000000,00000000,00000000,0,0000
1862,00,0,00,00000000,00000000,00000000,0,0000
1863,00,0,00,00000000,00000000,00000000,0,0000
1864,00,0,00,00000000,00000000,00000000,0,0000
1865,00,0,00,00000000,00000000,00000000,0,0000
1866,00,0,01,10001000,00000000,10100111,0,1011
1867,00,0,00,00000000,00000000,00000000,0,0000
1868,00,0,00,00000000,00000000,00000000,0,0000
1869,00,0,00,00000000,00000000,00000000,0,0000
1870,00,0,00,00000000,00000000,00000000,0,0000
1871,00,0,00,00000000,00000000,00000000,0,0000
1872,00,0,00,00000000,00000000,00000000,0,0000
1873,00,0,00,00000000,00000000,00000000,0,0000
1874,00,0,01,10001001,00000000,10101001,0,1011
1875,00,0,00,00000000,00000000,00000000,0,0000
1876,00,0,00,00000000,00000000,00000000,0,0000
1877,00,0,00,00000000,00000000,00000000,0,0000
1878,00,0,00,00000000,00000000,00000000,0,0000
1879,00,0,00,00000000,00000000,00000000,0,0000
1880,00,0,00,00000000,00000000,00000000,0,0000
1881,00,0,00,00000000,00000000,00000000,0,0000
1882,00,0,01,10001010,00000000,10101011,0,1011
1883,00,0,00,00000000,00000000,00000000,0,0000
1884,00,0,00,00000000,00000000,00000000,0,0000
1885,00,0,00,00000000,00000000,00000000,0,0000
1886,00,0,00,00000000,00000000,00000000,0,0000
1887,00,0,00,00000000,00000000,00000000,0,0000
1888,00,0,00,00000000,00000000,00000000,0,0000
1889,00,0,00,00000000,00000000,00000000,0,0000
1890,00,0,01,10010111,00000000,10110001,0,1011
1891,00,0,00,00000000,00000000,00000000,0,0000
1892,00,0,00,00000000,00000000,00000000,0,0000
1893,00,0,00,00000000,00000000,00000000,0,0000
1894,00,0,00,00000000,00000000,00000000,0,0000
1895,00,0,00,00000000,00000000,00000000,0,0000
1896,00,0,00,00000000,00000000,00000000,0,0000
1897,00,0,00,00000000,00000000,00000000,0,0000
1898,00,0,01,10011000,00000000,10110011,0,1011
1899,00,0,00,00000000,00000000,00000000,0,0000
1900,00,0,00,00000000,00000000,00000000,0,0000
1901,00,0,00,00000000,00000000,00000000,0,0000
1902,00,0,00,00000000,00000000,00000000,0,0000
1903,00,0,00,00000000,00000000,00000000,0,0000
1904,00,0,00,00000000,00000000,00000000,0,0000
1905,00,0,00,00000000,00000000,00000000,0,0000
1906,00,0,01,10011001,00000000,10110101,0,1011
1907,00,0,00,00000000,00000000,00000000,0,0000
1908,00,0,00,00000000,00000000,00000000,0,0000
1909,00,0,00,00000000,00000000,00000000,0,0000
1910,00,0,00,00000000,00000000,00000000,0,0000
1911,00,0,00,00000000,00000000,00000000,0,0000
1912,00,0,00,00000000,00000000,00000000,0,0000
1913,00,0,00,00000000,00000000,00000000,0,0000
1914,00,0,01,10011010,00000000,10110111,0,1011
1915,00,0,00,00000000,00000000,00000000,0,0000
1916,00,0,00,00000000,00000000,00000000,0,0000
1917,00,0,00,00000000,00000000,00000000,0,0000
1918,00,0,00,00000000,00000000,00000000,0,0000
1919,00,0,00,00000000,00000000,00000000,0,0000
1920,00,0,00,00000000,00000000,00000000,0,0000
1921,00,0,00,00000000,00000000,00000000,0,0000
1922,00,0,01,10100111,00000000,10111101,0,1011
1923,00,0,00,00000000,00000000,00000000,0,0000
1924,00,0,00,00000000,00000000,00000000,0,0000
1925,00,0,00,00000000,00000000,00000000,0,0000
1926,00,0,00,00000000,00000000,00000000,0,0000
1927,00,0,00,00000000,00000000,00000000,0,0000
1928,00,0,00,00000000,00000000,00000000,0,0000
1929,00,0,00,00000000,00000000,00000000,0,0000
1930,00,0,01,10101000,00000000,10111111,0,1011
1931,00,0,00,00000000,00000000,00000000,0,0000
1932,00,0,00,00000000,00000000,00000000,0,0000
1933,00,0,00,00000000,00000000,00000000,0,0000
1934,00,0,00,00000000,00000000,00000000,0,0000
1935,00,0,00,00000000,00000000,00000000,0,0000
1936,00,0,00,00000000,00000000,00000000,0,0000
1937,00,0,00,00000000,00000000,00000000,0,0000
1938,00,0,01,10101001,00000000,11000001,0,1011
1939,00,0,00,00000000,00000000,00000000,0,0000
1940,00,0,00,00000000,00000000,00000000,0,0000
1941,00,0,00,00000000,00000000,00000000,0,0000
1942,00,0,00,00000000,00000000,00000000,0,0000
1943,00,0,00,00000000,00000000,00000000,0,0000
1944,00,0,00,00000000,00000000,00000000,0,0000
1945,00,0,00,00000000,00000000,00000000,0,0000
1946,00,0,01,10101010,00000000,11000011,0,1011
1947,00,0,00,00000000,00000000,00000000,0,0000
1948,00,0,00,00000000,00000000,00000000,0,0000
1949,00,0,00,00000000,00000000,00000000,0,0000
1950,00,0,00,00000000,00000000,00000000,0,0000
1951,00,0,00,00000000,00000000,00000000,0,0000
1952,00,0,00,00000000,00000000,00000000,0,0000
1953,00,0,00,00000000,00000000,00000000,0,0000
1954,00,0,01,10110111,00000000,11001001,0,1011
1955,00,0,00,00000000,00000000,00000000,0,0000
1956,00,0,00,00000000,00000000,00000000,0,0000
1957,00,0,00,00000000,00000000,00000000,0,0000
1958,00,0,00,00000000,00000000,00000000,0,0000
1959,00,0,00,00000000,00000000,00000000,0,0000
1960,00,0,00,00000000,00000000,00000000,0,0000
1961,00,0,00,00000000,00000000,00000000,0,0000
1962,00,0,01,10111000,00000000,11001011,0,1011
1963,00,0,00,00000000,00000000,00000000,0,0000
1964,00,0,00,00000000,00000000,00000000,0,0000
1965,00,0,00,00000000,00000000,00000000,0,0000
1966,00,0,00,00000000,00000000,00000000,0,0000
1967,00,0,00,00000000,00000000,00000000,0,0000
1968,00,0,00,00000000,00000000,00000000,0,0000
1969,00,0,00,00000000,00000000,00000000,0,0000
1970,00,0,01,10111001,00000000,11001101,0,1011
1971,00,0,00,00000000,00000000,00000000,0,0000
1972,00,0,00,00000000,00000000,00000000,0,0000
1973,00,0,00,00000000,00000000,00000000,0,0000
1974,00,0,00,00000000,00000000,00000000,0,0000
1975,00,0,00,00000000,00000000,00000000,0,0000
1976,00,0,00,00000000,00000000,00000000,0,0000
1977,00,0,00,00000000,00000000,00000000,0,0000
1978,00,0,01,10111010,00000000,11001111,0,1011
1979,00,0,00,00000000,00000000,00000000,0,0000
1980,00,0,00,00000000,00000000,00000000,0,0000
1981,00,0,00,00000000,00000000,00000000,0,0000
1982,00,0,00,00000000,00000000,00000000,0,0000
1983,00,0,00,00000000,00000000,00000000,0,0000
1984,00,0,00,00000000,00000000,00000000,0,0000
1985,00,0,00,00000000,00000000,00000000,0,0000
1986,00,0,01,11000111,00000000,11010101,0,1011
1987,00,0,00,00000000,00000000,00000000,0,0000
1988,00,0,00,00000000,00000000,00000000,0,0000
1989,00,0,00,00000000,00000000,00000000,0,0000
1990,00,0,00,00000000,00000000,00000000,0,0000
1991,00,0,00,00000000,00000000,00000000,0,0000
1992,00,0,00,00000000,00000000,00000000,0,0000
1993,00,0,00,00000000,00000000,00000000,0,0000
1994,00,0,01,11001000,00000000,11010111,0,1011
1995,00,0,00,00000000,00000000,00000000,0,0000
1996,00,0,00,00000000,00000000,00000000,0,0000
1997,00,0,00,00000000,00000000,00000000,0,0000
1998,00,0,00,00000000,00000000,00000000,0,0000
1999,00,0,00,00000000,00000000,00000000,0,0000
2000,00,0,00,00000000,00000000,00000000,0,0000
2001,00,0,00,00000000,00000000,00000000,0,0000
2002,00,0,01,11001001,00000000,11011001,0,1011
2003,00,0,00,00000000,00000000,00000000,0,0000
2004,00,0,00,00000000,00000000,00000000,0,0000
2005,00,0,00,00000000,00000000,00000000,0,0000
2006,00,0,00,00000000,00000000,00000000,0,0000
2007,00,0,00,00000000,00000000,00000000,0,0000
2008,00,0,00,00000000,00000000,00000000,0,0000
2009,00,0,00,00000000,00000000,00000000,0,0000
2010,00,0,01,11001010,00000000,11011011,0,1011
2011,00,0,00,00000000,00000000,00000000,0,0000
2012,00,0,00,00000000,00000000,00000000,0,0000
2013,00,0,00,00000000,00000000,00000000,0,0000
2014,00,0,00,00000000,00000000,00000000,0,0000
2015,00,0,00,00000000,00000000,00000000,0,0000
2016,00,0,00,00000000,00000000,00000000,0,0000
2017,00,0,00,00000000,00000000,00000000,0,0000
2018,00,0,01,11010111,00000000,11100001,0,1011
2019,00,0,00,00000000,00000000,00000000,0,0000
2020,00,0,00,00000000,00000000,00000000,0,0000
2021,00,0,00,00000000,00000000,00000000,0,0000
2022,00,0,00,00000000,00000000,00000000,0,0000
2023,00,0,00,00000000,00000000,00000000,0,0000
2024,00,0,00,00000000,00000000,00000000,0,0000
2025,00,0,00,00000000,00000000,00000000,0,0000
2026,00,0,01,11011000,00000000,11100011,0,1011
2027,00,0,00,00000000,00000000,00000000,0,0000
2028,00,0,00,00000000,00000000,00000000,0,0000
2029,00,0,00,00000000,00000000,00000000,0,0000
2030,00,0,00,00000000,00000000,00000000,0,0000
2031,00,0,00,00000000,00000000,00000000,0,0000
2032,00,0,00,00000000,00000000,00000000,0,0000
2033,00,0,00,00000000,00000000,00000000,0,0000
2034,00,0,01,11011001,00000000,11100101,0,1011
2035,00,0,00,00000000,00000000,00000000,0,0000
2036,00,0,00,00000000,00000000,00000000,0,0000
2037,00,0,00,00000000,00000000,00000000,0,0000
2038,00,0,00,00000000,00000000,00000000,0,0000
2039,00,0,00,00000000,00000000,00000000,0,0000
2040,00,0,00,00000000,00000000,00000000,0,0000
2041,00,0,00,00000000,00000000,00000000,0,0000
2042,00,0,01,11011010,00000000,11100111,0,1011
2043,00,0,00,00000000,00000000,00000000,0,0000
2044,00,0,00,00000000,00000000,00000000,0,0000
2045,00,0,00,00000000,00000000,00000000,0,0000
2046,00,0,00,00000000,00000000,00000000,0,0000
2047,00,0,00,00000000,00000000,00000000,0,0000
2048,00,0,00,00000000,00000000,00000000,0,0000
2049,00,0,00,00000000,00000000,00000000,0,0000
2050,00,0,01,11100111,00000000,11101101,0,1011
2051,00,0,00,00000000,00000000,00000000,0,0000
2052,00,0,00,00000000,00000000,00000000,0,0000
2053,00,0,00,00000000,00000000,00000000,0,0000
2054,00,0,00,00000000,00000000,00000000,0,0000
2055,00,0,00,00000000,00000000,00000000,0,0000
2056,00,0,00,00000000,00000000,00000000,0,0000
2057,00,0,00,00000000,00000000,00000000,0,0000
2058,00,0,01,11101000,00000000,11101111,0,1011
2059,00,0,00,00000000,00000000,00000000,0,0000
2060,00,0,00,00000000,00000000,00000000,0,0000
2061,00,0,00,00000000,00000000,00000000,0,0000
2062,00,0,00,00000000,00000000,00000000,0,0000
2063,00,0,00,00000000,00000000,00000000,0,0000
2064,00,0,00,00000000,00000000,00000000,0,0000
2065,00,0,00,00000000,00000000,00000000,0,0000
2066,00,0,01,11101001,00000000,11110001,0,1011
2067,00,0,00,00000000,00000000,00000000,0,0000
2068,00,0,00,00000000,00000000,00000000,0,0000
2069,00,0,00,00000000,00000000,00000000,0,0000
2070,00,0,00,00000000,00000000,00000000,0,0000
2071,00,0,00,00000000,00000000,00000000,0,0000
2072,00,0,00,00000000,00000000,00000000,0,0000
2073,00,0,00,00000000,00000000,00000000,0,0000
2074,00,0,01,11101010,00000000,11110011,0,1011
2075,00,0,00,00000000,00000000,00000000,0,0000
2076,00,0,00,00000000,00000000,00000000,0,0000
2077,00,0,00,00000000,00000000,00000000,0,0000
2078,00,0,00,00000000,00000000,00000000,0,0000
2079,00,0,00,00000000,00000000,00000000,0,0000
2080,00,0,00,00000000,00000000,00000000,0,0000
2081,00,0,00,00000000,00000000,00000000,0,0000
2082,00,0,01,11110111,00000000,11111001,0,1011
2083,00,0,00,00000000,00000000,00000000,0,0000
2084,00,0,00,00000000,00000000,00000000,0,0000
2085,00,0,00,00000000,00000000,00000000,0,0000
2086,00,0,00,00000000,00000000,00000000,0,0000
2087,00,0,00,00000000,00000000,00000000,0,0000
2088,00,0,00,00000000,00000000,00000000,0,0000
2089,00,0,00,00000000,00000000,00000000,0,0000
2090,00,0,01,11111000,00000000,11111011,0,1011
2091,00,0,00,00000000,00000000,00000000,0,0000
2092,00,0,00,00000000,00000000,00000000,0,0000
2093,00,0,00,00000000,00000000,00000000,0,0000
2094,00,0,00,00000000,00000000,00000000,0,0000
2095,00,0,00,00000000,00000000,00000000,0,0000
2096,00,0,00,00000000,00000000,00000000,0,0000
2097,00,0,00,00000000,00000000,00000000,0,0000
2098,00,0,01,11111001,00000000,11111101,0,1011
2099,00,0,00,00000000,00000000,00000000,0,0000
2100,00,0,00,00000000,00000000,00000000,0,0000
2101,00,0,00,00000000,00000000,00000000,0,0000
2102,00,0,00,00000000,00000000,00000000,0,0000
2103,00,0,00,00000000,00000000,00000000,0,0000
2104,00,0,00,00000000,00000000,00000000,0,0000
2105,00,0,00,00000000,00000000,00000000,0,0000
2106,00,0,01,11111010,00000000,11111111,0,1011
2107,00,0,00,00000000,00000000,00000000,0,0000
2108,00,0,00,00000000,00000000,00000000,0,0000
2109,00,0,00,00000000,00000000,00000000,0,0000
2110,00,0,00,00000000,00000000,00000000,0,0000
2111,00,0,00,00000000,00000000,00000000,0,0000
2112,00,0,00,00000000,00000000,00000000,0,0000
2113,00,0,00,00000000,00000000,00000000,0,0000
2114,00,0,00,00000000,00000000,00000000,0,0000
2115,00,0,00,00000000,00000000,00000000,0,0000
2116,00,0,00,00000000,00000000,00000000,0,0000
2117,00,0,00,00000000,00000000,00000000,0,0000
2118,00,0,00,00000000,00000000,00000000,0,0000
2119,00,0,00,00000000,00000000,00000000,0,0000
2120,00,0,00,00000000,00000000,00000000,0,0000
2121,00,0,00,00000000,00000000,00000000,0,0000
2122,00,0,00,00000000,00000000,00000000,0,0000
2123,00,0,00,00000000,00000000,00000000,0,0000
2124,00,0,00,00000000,00000000,00000000,0,0000
2125,00,0,00,00000000,00000000,00000000,0,0000
2126,00,0,00,00000000,00000000,00000000,0,0000
2127,00,0,00,00000000,00000000,00000000,0,0000
2128,00,0,00,00000000,00000000,00000000,0,0000
2129,00,0,00,00000000,00000000,00000000,0,0000
2130,00,0,00,00000000,00000000,00000000,0,0000
2131,00,0,00,00000000,00000000,00000000,0,0000
2132,00,0,00,00000000,00000000,00000000,0,0000
2133,00,0,00,00000000,00000000,00000000,0,0000
2134,00,0,00,00000000,00000000,00000000,0,0000
2135,00,0,00,00000000,00000000,00000000,0,0000
2136,00,0,00,00000000,00000000,00000000,0,0000
2137,00,0,00,00000000,00000000,00000000,0,0000
2138,00,0,00,00000000,00000000,00000000,0,0000
2139,00,0,00,00000000,00000000,00000000,0,0000
2140,00,0,00,00000000,00000000,00000000,0,0000
2141,00,0,00,00000000,00000000,00000000,0,0000
2142,00,0,00,00000000,00000000,00000000,0,0000
2143,00,0,00,00000000,00000000,00000000,0,0000
2144,00,0,00,00000000,00000000,00000000,0,0000
2145,00,0,00,00000000,00000000,00000000,0,0000
2146,00,0,00,00000000,00000000,00000000,0,0000
2147,00,0,00,00000000,00000000,00000000,0,0000
2148,00,0,00,00000000,00000000,00000000,0,0000
2149,00,0,00,00000000,00000000,00000000,0,0000
2150,00,0,00,00000000,00000000,00000000,0,0000
2151,00,0,00,00000000,00000000,00000000,0,0000
2152,00,0,00,00000000,00000000,00000000,0,0000
2153,00,0,00,00000000,00000000,00000000,0,0000
2154,00,0,00,00000000,00000000,00000000,0,0000
2155,00,0,00,00000000,00000000,00000000,0,0000
2156,00,0,00,00000000,00000000,00000000,0,0000
2157,00,0,00,00000000,00000000,00000000,0,0000
2158,00,0,00,00000000,00000000,00000000,0,0000
2159,00,0,00,00000000,00000000,00000000,0,0000
2160,00,0,00,00000000,00000000,00000000,0,0000
2161,00,0,00,00000000,00000000,00000000,0,0000
2162,00,0,00,00000000,00000000,00000000,0,0000
2163,00,0,00,00000000,00000000,00000000,0,0000
