Total DAG nodes: 1282
vgpr_start_addr = 0
Group ID = 0 使用的 SGPR 数量 = 0, VGPR 数量 = 16
sgpr_count = 1	vgpr_count = 16
最大活跃 SGPR 数量 = 256
最大活跃 VGPR 数量 = 16
最大活跃状态数量 = 16
t=0, issue load node 2 gpr=0 mem=0 latency=3
t=1, issue load node 7 gpr=4 mem=1 latency=3
t=2, issue load node 12 gpr=8 mem=2 latency=3
t=3, issue sfu node 3 with op exp src0=0 src1=-1 dst=1 latency=28 rounds=4 penalty=0 borrow=2
t=3, issue load node 17 gpr=12 mem=3 latency=3
t=4, issue load node 22 gpr=16 mem=4 latency=3
t=5, issue load node 27 gpr=20 mem=5 latency=3
t=6, issue load node 32 gpr=24 mem=6 latency=3
t=7, issue sfu node 8 with op exp src0=4 src1=-1 dst=5 latency=28 rounds=4 penalty=0 borrow=2
t=7, issue load node 37 gpr=28 mem=7 latency=3
t=8, issue load node 42 gpr=32 mem=8 latency=3
t=9, issue load node 47 gpr=36 mem=9 latency=3
t=10, issue load node 52 gpr=40 mem=10 latency=3
t=11, issue sfu node 13 with op exp src0=8 src1=-1 dst=9 latency=28 rounds=4 penalty=0 borrow=2
t=11, issue load node 57 gpr=44 mem=11 latency=3
t=12, issue load node 62 gpr=48 mem=12 latency=3
t=13, issue load node 67 gpr=52 mem=13 latency=3
t=14, issue load node 72 gpr=56 mem=14 latency=3
t=15, issue sfu node 18 with op exp src0=12 src1=-1 dst=13 latency=28 rounds=4 penalty=0 borrow=2
t=15, issue load node 77 gpr=60 mem=15 latency=3
t=16, issue load node 82 gpr=64 mem=16 latency=3
t=17, issue load node 87 gpr=68 mem=17 latency=3
t=18, issue load node 92 gpr=72 mem=18 latency=3
t=19, issue sfu node 23 with op exp src0=16 src1=-1 dst=17 latency=28 rounds=4 penalty=0 borrow=2
t=19, issue load node 97 gpr=76 mem=19 latency=3
t=20, issue load node 102 gpr=80 mem=20 latency=3
t=21, issue load node 107 gpr=84 mem=21 latency=3
t=22, issue load node 112 gpr=88 mem=22 latency=3
t=23, issue sfu node 28 with op exp src0=20 src1=-1 dst=21 latency=28 rounds=4 penalty=0 borrow=2
t=23, issue load node 117 gpr=92 mem=23 latency=3
t=24, issue load node 122 gpr=96 mem=24 latency=3
t=25, issue load node 127 gpr=100 mem=25 latency=3
t=26, issue load node 132 gpr=104 mem=26 latency=3
t=27, issue sfu node 33 with op exp src0=24 src1=-1 dst=25 latency=28 rounds=4 penalty=0 borrow=2
t=27, issue load node 137 gpr=108 mem=27 latency=3
t=28, issue load node 142 gpr=112 mem=28 latency=3
t=29, issue load node 147 gpr=116 mem=29 latency=3
t=30, issue load node 152 gpr=120 mem=30 latency=3
t=31, issue sfu node 38 with op exp src0=28 src1=-1 dst=29 latency=28 rounds=4 penalty=0 borrow=2
t=31, issue load node 157 gpr=124 mem=31 latency=3
t=32, issue load node 162 gpr=128 mem=32 latency=3
t=33, issue load node 167 gpr=132 mem=33 latency=3
t=34, issue load node 172 gpr=136 mem=34 latency=3
t=35, issue sfu node 43 with op exp src0=32 src1=-1 dst=33 latency=28 rounds=4 penalty=0 borrow=2
t=35, issue load node 177 gpr=140 mem=35 latency=3
t=36, issue load node 182 gpr=144 mem=36 latency=3
t=37, issue load node 187 gpr=148 mem=37 latency=3
t=38, issue load node 192 gpr=152 mem=38 latency=3
t=39, issue sfu node 48 with op exp src0=36 src1=-1 dst=37 latency=28 rounds=4 penalty=0 borrow=2
t=39, issue load node 197 gpr=156 mem=39 latency=3
t=40, issue load node 202 gpr=160 mem=40 latency=3
t=41, issue load node 207 gpr=164 mem=41 latency=3
t=42, issue load node 212 gpr=168 mem=42 latency=3
t=43, issue sfu node 53 with op exp src0=40 src1=-1 dst=41 latency=28 rounds=4 penalty=0 borrow=2
t=43, issue load node 217 gpr=172 mem=43 latency=3
t=44, issue load node 222 gpr=176 mem=44 latency=3
t=45, issue load node 227 gpr=180 mem=45 latency=3
t=46, issue load node 232 gpr=184 mem=46 latency=3
t=47, issue sfu node 58 with op exp src0=44 src1=-1 dst=45 latency=28 rounds=4 penalty=0 borrow=2
t=47, issue load node 237 gpr=188 mem=47 latency=3
t=48, issue load node 242 gpr=192 mem=48 latency=3
t=49, issue load node 247 gpr=196 mem=49 latency=3
t=50, issue load node 252 gpr=200 mem=50 latency=3
t=51, issue sfu node 63 with op exp src0=48 src1=-1 dst=49 latency=28 rounds=4 penalty=0 borrow=2
t=51, issue load node 257 gpr=204 mem=51 latency=3
t=52, issue load node 262 gpr=208 mem=52 latency=3
t=53, issue load node 267 gpr=212 mem=53 latency=3
t=54, issue load node 272 gpr=216 mem=54 latency=3
t=55, issue sfu node 68 with op exp src0=52 src1=-1 dst=53 latency=28 rounds=4 penalty=0 borrow=2
t=55, issue load node 277 gpr=220 mem=55 latency=3
t=56, issue load node 282 gpr=224 mem=56 latency=3
t=57, issue load node 287 gpr=228 mem=57 latency=3
t=58, issue load node 292 gpr=232 mem=58 latency=3
t=59, issue sfu node 73 with op exp src0=56 src1=-1 dst=57 latency=28 rounds=4 penalty=0 borrow=2
t=59, issue load node 297 gpr=236 mem=59 latency=3
t=60, issue load node 302 gpr=240 mem=60 latency=3
t=61, issue load node 307 gpr=244 mem=61 latency=3
t=62, issue load node 312 gpr=248 mem=62 latency=3
t=63, issue sfu node 78 with op exp src0=60 src1=-1 dst=61 latency=28 rounds=4 penalty=0 borrow=2
t=63, issue load node 317 gpr=252 mem=63 latency=3
t=67, issue sfu node 83 with op exp src0=64 src1=-1 dst=65 latency=28 rounds=4 penalty=0 borrow=2
t=71, issue sfu node 88 with op exp src0=68 src1=-1 dst=69 latency=28 rounds=4 penalty=0 borrow=2
t=75, issue sfu node 93 with op exp src0=72 src1=-1 dst=73 latency=28 rounds=4 penalty=0 borrow=2
t=79, issue sfu node 98 with op exp src0=76 src1=-1 dst=77 latency=28 rounds=4 penalty=0 borrow=2
t=83, issue sfu node 103 with op exp src0=80 src1=-1 dst=81 latency=28 rounds=4 penalty=0 borrow=2
t=87, issue sfu node 108 with op exp src0=84 src1=-1 dst=85 latency=28 rounds=4 penalty=0 borrow=2
t=91, issue sfu node 113 with op exp src0=88 src1=-1 dst=89 latency=28 rounds=4 penalty=0 borrow=2
t=95, issue sfu node 118 with op exp src0=92 src1=-1 dst=93 latency=28 rounds=4 penalty=0 borrow=2
t=99, issue sfu node 123 with op exp src0=96 src1=-1 dst=97 latency=28 rounds=4 penalty=0 borrow=2
t=103, issue sfu node 128 with op exp src0=100 src1=-1 dst=101 latency=28 rounds=4 penalty=0 borrow=2
t=107, issue sfu node 133 with op exp src0=104 src1=-1 dst=105 latency=28 rounds=4 penalty=0 borrow=2
t=111, issue sfu node 138 with op exp src0=108 src1=-1 dst=109 latency=28 rounds=4 penalty=0 borrow=2
t=115, issue sfu node 143 with op exp src0=112 src1=-1 dst=113 latency=28 rounds=4 penalty=0 borrow=2
t=119, issue sfu node 148 with op exp src0=116 src1=-1 dst=117 latency=28 rounds=4 penalty=0 borrow=2
t=123, issue sfu node 153 with op exp src0=120 src1=-1 dst=121 latency=28 rounds=4 penalty=0 borrow=2
t=127, issue sfu node 158 with op exp src0=124 src1=-1 dst=125 latency=28 rounds=4 penalty=0 borrow=2
t=131, issue sfu node 163 with op exp src0=128 src1=-1 dst=129 latency=28 rounds=4 penalty=0 borrow=2
t=135, issue sfu node 168 with op exp src0=132 src1=-1 dst=133 latency=28 rounds=4 penalty=0 borrow=2
t=139, issue sfu node 173 with op exp src0=136 src1=-1 dst=137 latency=28 rounds=4 penalty=0 borrow=2
t=143, issue sfu node 178 with op exp src0=140 src1=-1 dst=141 latency=28 rounds=4 penalty=0 borrow=2
t=147, issue sfu node 183 with op exp src0=144 src1=-1 dst=145 latency=28 rounds=4 penalty=0 borrow=2
t=151, issue sfu node 188 with op exp src0=148 src1=-1 dst=149 latency=28 rounds=4 penalty=0 borrow=2
t=155, issue sfu node 193 with op exp src0=152 src1=-1 dst=153 latency=28 rounds=4 penalty=0 borrow=2
t=159, issue sfu node 198 with op exp src0=156 src1=-1 dst=157 latency=28 rounds=4 penalty=0 borrow=2
t=163, issue sfu node 203 with op exp src0=160 src1=-1 dst=161 latency=28 rounds=4 penalty=0 borrow=2
t=167, issue sfu node 208 with op exp src0=164 src1=-1 dst=165 latency=28 rounds=4 penalty=0 borrow=2
t=171, issue sfu node 213 with op exp src0=168 src1=-1 dst=169 latency=28 rounds=4 penalty=0 borrow=2
t=175, issue sfu node 218 with op exp src0=172 src1=-1 dst=173 latency=28 rounds=4 penalty=0 borrow=2
t=179, issue sfu node 223 with op exp src0=176 src1=-1 dst=177 latency=28 rounds=4 penalty=0 borrow=2
t=183, issue sfu node 228 with op exp src0=180 src1=-1 dst=181 latency=28 rounds=4 penalty=0 borrow=2
t=187, issue sfu node 233 with op exp src0=184 src1=-1 dst=185 latency=28 rounds=4 penalty=0 borrow=2
t=191, issue sfu node 238 with op exp src0=188 src1=-1 dst=189 latency=28 rounds=4 penalty=0 borrow=2
t=195, issue sfu node 243 with op exp src0=192 src1=-1 dst=193 latency=28 rounds=4 penalty=0 borrow=2
t=199, issue sfu node 248 with op exp src0=196 src1=-1 dst=197 latency=28 rounds=4 penalty=0 borrow=2
t=203, issue sfu node 253 with op exp src0=200 src1=-1 dst=201 latency=28 rounds=4 penalty=0 borrow=2
t=207, issue sfu node 258 with op exp src0=204 src1=-1 dst=205 latency=28 rounds=4 penalty=0 borrow=2
t=211, issue sfu node 263 with op exp src0=208 src1=-1 dst=209 latency=28 rounds=4 penalty=0 borrow=2
t=215, issue sfu node 268 with op exp src0=212 src1=-1 dst=213 latency=28 rounds=4 penalty=0 borrow=2
t=219, issue sfu node 273 with op exp src0=216 src1=-1 dst=217 latency=28 rounds=4 penalty=0 borrow=2
t=223, issue sfu node 278 with op exp src0=220 src1=-1 dst=221 latency=28 rounds=4 penalty=0 borrow=2
t=227, issue sfu node 283 with op exp src0=224 src1=-1 dst=225 latency=28 rounds=4 penalty=0 borrow=2
t=231, issue sfu node 288 with op exp src0=228 src1=-1 dst=229 latency=28 rounds=4 penalty=0 borrow=2
t=235, issue sfu node 293 with op exp src0=232 src1=-1 dst=233 latency=28 rounds=4 penalty=0 borrow=2
t=239, issue sfu node 298 with op exp src0=236 src1=-1 dst=237 latency=28 rounds=4 penalty=0 borrow=2
t=243, issue sfu node 303 with op exp src0=240 src1=-1 dst=241 latency=28 rounds=4 penalty=0 borrow=2
t=247, issue sfu node 308 with op exp src0=244 src1=-1 dst=245 latency=28 rounds=4 penalty=0 borrow=2
t=251, issue sfu node 313 with op exp src0=248 src1=-1 dst=249 latency=28 rounds=4 penalty=0 borrow=2
t=255, issue sfu node 318 with op exp src0=252 src1=-1 dst=253 latency=28 rounds=4 penalty=0 borrow=2
t=276, issue ve node 4 with op add src0=1 src1=7 dst=2 latency=7 penalty=0 half=0
t=277, issue ve node 9 with op add src0=5 src1=7 dst=6 latency=7 penalty=0 half=0
t=278, issue ve node 14 with op add src0=9 src1=7 dst=10 latency=7 penalty=0 half=0
t=279, issue ve node 19 with op add src0=13 src1=7 dst=14 latency=7 penalty=0 half=0
t=280, issue ve node 24 with op add src0=17 src1=7 dst=18 latency=7 penalty=0 half=0
t=281, issue ve node 29 with op add src0=21 src1=7 dst=22 latency=7 penalty=0 half=0
t=282, issue ve node 34 with op add src0=25 src1=7 dst=26 latency=7 penalty=0 half=0
t=283, issue sfu node 5 with op ln src0=2 src1=-1 dst=3 latency=26 rounds=4 penalty=0 borrow=2
t=283, issue ve node 39 with op add src0=29 src1=7 dst=30 latency=7 penalty=0 half=0
t=284, issue ve node 44 with op add src0=33 src1=7 dst=34 latency=7 penalty=0 half=0
t=285, issue ve node 49 with op add src0=37 src1=7 dst=38 latency=7 penalty=0 half=0
t=287, issue sfu node 10 with op ln src0=6 src1=-1 dst=7 latency=26 rounds=4 penalty=0 borrow=2
t=291, issue sfu node 15 with op ln src0=10 src1=-1 dst=11 latency=26 rounds=4 penalty=0 borrow=2
t=295, issue sfu node 20 with op ln src0=14 src1=-1 dst=15 latency=26 rounds=4 penalty=0 borrow=2
t=299, issue sfu node 25 with op ln src0=18 src1=-1 dst=19 latency=26 rounds=4 penalty=0 borrow=2
t=303, issue sfu node 30 with op ln src0=22 src1=-1 dst=23 latency=26 rounds=4 penalty=0 borrow=2
t=307, issue sfu node 35 with op ln src0=26 src1=-1 dst=27 latency=26 rounds=4 penalty=0 borrow=2
t=309, issue store node 6 mem=0 latency=0
t=311, issue sfu node 40 with op ln src0=30 src1=-1 dst=31 latency=26 rounds=4 penalty=0 borrow=2
t=313, issue store node 11 mem=1 latency=0
t=315, issue sfu node 45 with op ln src0=34 src1=-1 dst=35 latency=26 rounds=4 penalty=0 borrow=2
t=317, issue store node 16 mem=2 latency=0
t=319, issue sfu node 50 with op ln src0=38 src1=-1 dst=39 latency=26 rounds=4 penalty=0 borrow=2
t=321, issue store node 21 mem=3 latency=0
t=321, issue load node 322 gpr=0 mem=64 latency=3
t=322, issue load node 327 gpr=4 mem=65 latency=3
t=323, issue load node 332 gpr=8 mem=66 latency=3
t=324, issue sfu node 323 with op exp src0=0 src1=-1 dst=1 latency=28 rounds=4 penalty=0 borrow=2
t=324, issue load node 337 gpr=12 mem=67 latency=3
t=325, issue store node 26 mem=4 latency=0
t=328, issue sfu node 328 with op exp src0=4 src1=-1 dst=5 latency=28 rounds=4 penalty=0 borrow=2
t=329, issue store node 31 mem=5 latency=0
t=332, issue sfu node 333 with op exp src0=8 src1=-1 dst=9 latency=28 rounds=4 penalty=0 borrow=2
t=333, issue store node 36 mem=6 latency=0
t=336, issue sfu node 338 with op exp src0=12 src1=-1 dst=13 latency=28 rounds=4 penalty=0 borrow=2
t=337, issue store node 41 mem=7 latency=0
t=337, issue load node 342 gpr=16 mem=68 latency=3
t=338, issue load node 347 gpr=20 mem=69 latency=3
t=339, issue load node 352 gpr=24 mem=70 latency=3
t=340, issue sfu node 343 with op exp src0=16 src1=-1 dst=17 latency=28 rounds=4 penalty=0 borrow=2
t=340, issue load node 357 gpr=28 mem=71 latency=3
t=341, issue store node 46 mem=8 latency=0
t=344, issue sfu node 348 with op exp src0=20 src1=-1 dst=21 latency=28 rounds=4 penalty=0 borrow=2
t=345, issue store node 51 mem=9 latency=0
t=348, issue sfu node 353 with op exp src0=24 src1=-1 dst=25 latency=28 rounds=4 penalty=0 borrow=2
t=352, issue sfu node 358 with op exp src0=28 src1=-1 dst=29 latency=28 rounds=4 penalty=0 borrow=2
t=373, issue ve node 54 with op add src0=41 src1=7 dst=42 latency=7 penalty=0 half=0
t=374, issue ve node 59 with op add src0=45 src1=7 dst=46 latency=7 penalty=0 half=0
t=375, issue ve node 64 with op add src0=49 src1=7 dst=50 latency=7 penalty=0 half=0
t=376, issue ve node 69 with op add src0=53 src1=7 dst=54 latency=7 penalty=0 half=0
t=377, issue ve node 74 with op add src0=57 src1=7 dst=58 latency=7 penalty=0 half=0
t=378, issue ve node 79 with op add src0=61 src1=7 dst=62 latency=7 penalty=0 half=0
t=379, issue ve node 84 with op add src0=65 src1=7 dst=66 latency=7 penalty=0 half=0
t=380, issue sfu node 55 with op ln src0=42 src1=-1 dst=43 latency=26 rounds=4 penalty=0 borrow=2
t=380, issue ve node 89 with op add src0=69 src1=7 dst=70 latency=7 penalty=0 half=0
t=381, issue ve node 94 with op add src0=73 src1=7 dst=74 latency=7 penalty=0 half=0
t=382, issue ve node 99 with op add src0=77 src1=7 dst=78 latency=7 penalty=0 half=0
t=384, issue sfu node 60 with op ln src0=46 src1=-1 dst=47 latency=26 rounds=4 penalty=0 borrow=2
t=388, issue sfu node 65 with op ln src0=50 src1=-1 dst=51 latency=26 rounds=4 penalty=0 borrow=2
t=392, issue sfu node 70 with op ln src0=54 src1=-1 dst=55 latency=26 rounds=4 penalty=0 borrow=2
t=396, issue sfu node 75 with op ln src0=58 src1=-1 dst=59 latency=26 rounds=4 penalty=0 borrow=2
t=400, issue sfu node 80 with op ln src0=62 src1=-1 dst=63 latency=26 rounds=4 penalty=0 borrow=2
t=404, issue sfu node 85 with op ln src0=66 src1=-1 dst=67 latency=26 rounds=4 penalty=0 borrow=2
t=406, issue store node 56 mem=10 latency=0
t=408, issue sfu node 90 with op ln src0=70 src1=-1 dst=71 latency=26 rounds=4 penalty=0 borrow=2
t=410, issue store node 61 mem=11 latency=0
t=410, issue load node 362 gpr=32 mem=72 latency=3
t=411, issue load node 367 gpr=36 mem=73 latency=3
t=412, issue sfu node 95 with op ln src0=74 src1=-1 dst=75 latency=26 rounds=4 penalty=0 borrow=2
t=412, issue load node 372 gpr=40 mem=74 latency=3
t=413, issue load node 377 gpr=44 mem=75 latency=3
t=414, issue store node 66 mem=12 latency=0
t=416, issue sfu node 100 with op ln src0=78 src1=-1 dst=79 latency=26 rounds=4 penalty=0 borrow=2
t=418, issue store node 71 mem=13 latency=0
t=420, issue sfu node 363 with op exp src0=32 src1=-1 dst=33 latency=28 rounds=4 penalty=0 borrow=2
t=422, issue store node 76 mem=14 latency=0
t=424, issue sfu node 368 with op exp src0=36 src1=-1 dst=37 latency=28 rounds=4 penalty=0 borrow=2
t=426, issue store node 81 mem=15 latency=0
t=426, issue load node 382 gpr=48 mem=76 latency=3
t=427, issue load node 387 gpr=52 mem=77 latency=3
t=428, issue sfu node 373 with op exp src0=40 src1=-1 dst=41 latency=28 rounds=4 penalty=0 borrow=2
t=428, issue load node 392 gpr=56 mem=78 latency=3
t=429, issue load node 397 gpr=60 mem=79 latency=3
t=430, issue store node 86 mem=16 latency=0
t=432, issue sfu node 378 with op exp src0=44 src1=-1 dst=45 latency=28 rounds=4 penalty=0 borrow=2
t=434, issue store node 91 mem=17 latency=0
t=436, issue sfu node 383 with op exp src0=48 src1=-1 dst=49 latency=28 rounds=4 penalty=0 borrow=2
t=438, issue store node 96 mem=18 latency=0
t=440, issue sfu node 388 with op exp src0=52 src1=-1 dst=53 latency=28 rounds=4 penalty=0 borrow=2
t=442, issue store node 101 mem=19 latency=0
t=442, issue load node 402 gpr=64 mem=80 latency=3
t=443, issue load node 407 gpr=68 mem=81 latency=3
t=444, issue sfu node 393 with op exp src0=56 src1=-1 dst=57 latency=28 rounds=4 penalty=0 borrow=2
t=444, issue load node 412 gpr=72 mem=82 latency=3
t=445, issue load node 417 gpr=76 mem=83 latency=3
t=448, issue sfu node 398 with op exp src0=60 src1=-1 dst=61 latency=28 rounds=4 penalty=0 borrow=2
t=452, issue sfu node 403 with op exp src0=64 src1=-1 dst=65 latency=28 rounds=4 penalty=0 borrow=2
t=456, issue sfu node 408 with op exp src0=68 src1=-1 dst=69 latency=28 rounds=4 penalty=0 borrow=2
t=460, issue sfu node 413 with op exp src0=72 src1=-1 dst=73 latency=28 rounds=4 penalty=0 borrow=2
t=464, issue sfu node 418 with op exp src0=76 src1=-1 dst=77 latency=28 rounds=4 penalty=0 borrow=2
t=485, issue ve node 104 with op add src0=81 src1=7 dst=82 latency=7 penalty=0 half=0
t=486, issue ve node 109 with op add src0=85 src1=7 dst=86 latency=7 penalty=0 half=0
t=487, issue ve node 114 with op add src0=89 src1=7 dst=90 latency=7 penalty=0 half=0
t=488, issue ve node 119 with op add src0=93 src1=7 dst=94 latency=7 penalty=0 half=0
t=489, issue ve node 124 with op add src0=97 src1=7 dst=98 latency=7 penalty=0 half=0
t=490, issue ve node 129 with op add src0=101 src1=7 dst=102 latency=7 penalty=0 half=0
t=491, issue ve node 134 with op add src0=105 src1=7 dst=106 latency=7 penalty=0 half=0
t=492, issue sfu node 105 with op ln src0=82 src1=-1 dst=83 latency=26 rounds=4 penalty=0 borrow=2
t=492, issue ve node 139 with op add src0=109 src1=7 dst=110 latency=7 penalty=0 half=0
t=493, issue ve node 144 with op add src0=113 src1=7 dst=114 latency=7 penalty=0 half=0
t=494, issue ve node 149 with op add src0=117 src1=7 dst=118 latency=7 penalty=0 half=0
t=496, issue sfu node 110 with op ln src0=86 src1=-1 dst=87 latency=26 rounds=4 penalty=0 borrow=2
t=500, issue sfu node 115 with op ln src0=90 src1=-1 dst=91 latency=26 rounds=4 penalty=0 borrow=2
t=504, issue sfu node 120 with op ln src0=94 src1=-1 dst=95 latency=26 rounds=4 penalty=0 borrow=2
t=508, issue sfu node 125 with op ln src0=98 src1=-1 dst=99 latency=26 rounds=4 penalty=0 borrow=2
t=512, issue sfu node 130 with op ln src0=102 src1=-1 dst=103 latency=26 rounds=4 penalty=0 borrow=2
t=516, issue sfu node 135 with op ln src0=106 src1=-1 dst=107 latency=26 rounds=4 penalty=0 borrow=2
t=518, issue store node 106 mem=20 latency=0
t=520, issue sfu node 140 with op ln src0=110 src1=-1 dst=111 latency=26 rounds=4 penalty=0 borrow=2
t=522, issue store node 111 mem=21 latency=0
t=524, issue sfu node 145 with op ln src0=114 src1=-1 dst=115 latency=26 rounds=4 penalty=0 borrow=2
t=526, issue store node 116 mem=22 latency=0
t=528, issue sfu node 150 with op ln src0=118 src1=-1 dst=119 latency=26 rounds=4 penalty=0 borrow=2
t=530, issue store node 121 mem=23 latency=0
t=530, issue load node 422 gpr=80 mem=84 latency=3
t=531, issue load node 427 gpr=84 mem=85 latency=3
t=532, issue load node 432 gpr=88 mem=86 latency=3
t=533, issue sfu node 423 with op exp src0=80 src1=-1 dst=81 latency=28 rounds=4 penalty=0 borrow=2
t=533, issue load node 437 gpr=92 mem=87 latency=3
t=534, issue store node 126 mem=24 latency=0
t=537, issue sfu node 428 with op exp src0=84 src1=-1 dst=85 latency=28 rounds=4 penalty=0 borrow=2
t=538, issue store node 131 mem=25 latency=0
t=541, issue sfu node 433 with op exp src0=88 src1=-1 dst=89 latency=28 rounds=4 penalty=0 borrow=2
t=542, issue store node 136 mem=26 latency=0
t=545, issue sfu node 438 with op exp src0=92 src1=-1 dst=93 latency=28 rounds=4 penalty=0 borrow=2
t=546, issue store node 141 mem=27 latency=0
t=546, issue load node 442 gpr=96 mem=88 latency=3
t=547, issue load node 447 gpr=100 mem=89 latency=3
t=548, issue load node 452 gpr=104 mem=90 latency=3
t=549, issue sfu node 443 with op exp src0=96 src1=-1 dst=97 latency=28 rounds=4 penalty=0 borrow=2
t=549, issue load node 457 gpr=108 mem=91 latency=3
t=550, issue store node 146 mem=28 latency=0
t=553, issue sfu node 448 with op exp src0=100 src1=-1 dst=101 latency=28 rounds=4 penalty=0 borrow=2
t=554, issue store node 151 mem=29 latency=0
t=557, issue sfu node 453 with op exp src0=104 src1=-1 dst=105 latency=28 rounds=4 penalty=0 borrow=2
t=561, issue sfu node 458 with op exp src0=108 src1=-1 dst=109 latency=28 rounds=4 penalty=0 borrow=2
t=582, issue ve node 154 with op add src0=121 src1=7 dst=122 latency=7 penalty=0 half=0
t=583, issue ve node 159 with op add src0=125 src1=7 dst=126 latency=7 penalty=0 half=0
t=584, issue ve node 164 with op add src0=129 src1=7 dst=130 latency=7 penalty=0 half=0
t=585, issue ve node 169 with op add src0=133 src1=7 dst=134 latency=7 penalty=0 half=0
t=586, issue ve node 174 with op add src0=137 src1=7 dst=138 latency=7 penalty=0 half=0
t=587, issue ve node 179 with op add src0=141 src1=7 dst=142 latency=7 penalty=0 half=0
t=588, issue ve node 184 with op add src0=145 src1=7 dst=146 latency=7 penalty=0 half=0
t=589, issue sfu node 155 with op ln src0=122 src1=-1 dst=123 latency=26 rounds=4 penalty=0 borrow=2
t=589, issue ve node 189 with op add src0=149 src1=7 dst=150 latency=7 penalty=0 half=0
t=590, issue ve node 194 with op add src0=153 src1=7 dst=154 latency=7 penalty=0 half=0
t=591, issue ve node 199 with op add src0=157 src1=7 dst=158 latency=7 penalty=0 half=0
t=593, issue sfu node 160 with op ln src0=126 src1=-1 dst=127 latency=26 rounds=4 penalty=0 borrow=2
t=597, issue sfu node 165 with op ln src0=130 src1=-1 dst=131 latency=26 rounds=4 penalty=0 borrow=2
t=601, issue sfu node 170 with op ln src0=134 src1=-1 dst=135 latency=26 rounds=4 penalty=0 borrow=2
t=605, issue sfu node 175 with op ln src0=138 src1=-1 dst=139 latency=26 rounds=4 penalty=0 borrow=2
t=609, issue sfu node 180 with op ln src0=142 src1=-1 dst=143 latency=26 rounds=4 penalty=0 borrow=2
t=613, issue sfu node 185 with op ln src0=146 src1=-1 dst=147 latency=26 rounds=4 penalty=0 borrow=2
t=615, issue store node 156 mem=30 latency=0
t=617, issue sfu node 190 with op ln src0=150 src1=-1 dst=151 latency=26 rounds=4 penalty=0 borrow=2
t=619, issue store node 161 mem=31 latency=0
t=619, issue load node 462 gpr=112 mem=92 latency=3
t=620, issue load node 467 gpr=116 mem=93 latency=3
t=621, issue sfu node 195 with op ln src0=154 src1=-1 dst=155 latency=26 rounds=4 penalty=0 borrow=2
t=621, issue load node 472 gpr=120 mem=94 latency=3
t=622, issue load node 477 gpr=124 mem=95 latency=3
t=623, issue store node 166 mem=32 latency=0
t=625, issue sfu node 200 with op ln src0=158 src1=-1 dst=159 latency=26 rounds=4 penalty=0 borrow=2
t=627, issue store node 171 mem=33 latency=0
t=629, issue sfu node 463 with op exp src0=112 src1=-1 dst=113 latency=28 rounds=4 penalty=0 borrow=2
t=631, issue store node 176 mem=34 latency=0
t=633, issue sfu node 468 with op exp src0=116 src1=-1 dst=117 latency=28 rounds=4 penalty=0 borrow=2
t=635, issue store node 181 mem=35 latency=0
t=635, issue load node 482 gpr=128 mem=96 latency=3
t=636, issue load node 487 gpr=132 mem=97 latency=3
t=637, issue sfu node 473 with op exp src0=120 src1=-1 dst=121 latency=28 rounds=4 penalty=0 borrow=2
t=637, issue load node 492 gpr=136 mem=98 latency=3
t=638, issue load node 497 gpr=140 mem=99 latency=3
t=639, issue store node 186 mem=36 latency=0
t=641, issue sfu node 478 with op exp src0=124 src1=-1 dst=125 latency=28 rounds=4 penalty=0 borrow=2
t=643, issue store node 191 mem=37 latency=0
t=645, issue sfu node 483 with op exp src0=128 src1=-1 dst=129 latency=28 rounds=4 penalty=0 borrow=2
t=647, issue store node 196 mem=38 latency=0
t=649, issue sfu node 488 with op exp src0=132 src1=-1 dst=133 latency=28 rounds=4 penalty=0 borrow=2
t=651, issue store node 201 mem=39 latency=0
t=651, issue load node 502 gpr=144 mem=100 latency=3
t=652, issue load node 507 gpr=148 mem=101 latency=3
t=653, issue sfu node 493 with op exp src0=136 src1=-1 dst=137 latency=28 rounds=4 penalty=0 borrow=2
t=653, issue load node 512 gpr=152 mem=102 latency=3
t=654, issue load node 517 gpr=156 mem=103 latency=3
t=657, issue sfu node 498 with op exp src0=140 src1=-1 dst=141 latency=28 rounds=4 penalty=0 borrow=2
t=661, issue sfu node 503 with op exp src0=144 src1=-1 dst=145 latency=28 rounds=4 penalty=0 borrow=2
t=665, issue sfu node 508 with op exp src0=148 src1=-1 dst=149 latency=28 rounds=4 penalty=0 borrow=2
t=669, issue sfu node 513 with op exp src0=152 src1=-1 dst=153 latency=28 rounds=4 penalty=0 borrow=2
t=673, issue sfu node 518 with op exp src0=156 src1=-1 dst=157 latency=28 rounds=4 penalty=0 borrow=2
t=694, issue ve node 204 with op add src0=161 src1=7 dst=162 latency=7 penalty=0 half=0
t=695, issue ve node 209 with op add src0=165 src1=7 dst=166 latency=7 penalty=0 half=0
t=696, issue ve node 214 with op add src0=169 src1=7 dst=170 latency=7 penalty=0 half=0
t=697, issue ve node 219 with op add src0=173 src1=7 dst=174 latency=7 penalty=0 half=0
t=698, issue ve node 224 with op add src0=177 src1=7 dst=178 latency=7 penalty=0 half=0
t=699, issue ve node 229 with op add src0=181 src1=7 dst=182 latency=7 penalty=0 half=0
t=700, issue ve node 234 with op add src0=185 src1=7 dst=186 latency=7 penalty=0 half=0
t=701, issue sfu node 205 with op ln src0=162 src1=-1 dst=163 latency=26 rounds=4 penalty=0 borrow=2
t=701, issue ve node 239 with op add src0=189 src1=7 dst=190 latency=7 penalty=0 half=0
t=702, issue ve node 244 with op add src0=193 src1=7 dst=194 latency=7 penalty=0 half=0
t=703, issue ve node 249 with op add src0=197 src1=7 dst=198 latency=7 penalty=0 half=0
t=705, issue sfu node 210 with op ln src0=166 src1=-1 dst=167 latency=26 rounds=4 penalty=0 borrow=2
t=709, issue sfu node 215 with op ln src0=170 src1=-1 dst=171 latency=26 rounds=4 penalty=0 borrow=2
t=713, issue sfu node 220 with op ln src0=174 src1=-1 dst=175 latency=26 rounds=4 penalty=0 borrow=2
t=717, issue sfu node 225 with op ln src0=178 src1=-1 dst=179 latency=26 rounds=4 penalty=0 borrow=2
t=721, issue sfu node 230 with op ln src0=182 src1=-1 dst=183 latency=26 rounds=4 penalty=0 borrow=2
t=725, issue sfu node 235 with op ln src0=186 src1=-1 dst=187 latency=26 rounds=4 penalty=0 borrow=2
t=727, issue store node 206 mem=40 latency=0
t=729, issue sfu node 240 with op ln src0=190 src1=-1 dst=191 latency=26 rounds=4 penalty=0 borrow=2
t=731, issue store node 211 mem=41 latency=0
t=733, issue sfu node 245 with op ln src0=194 src1=-1 dst=195 latency=26 rounds=4 penalty=0 borrow=2
t=735, issue store node 216 mem=42 latency=0
t=737, issue sfu node 250 with op ln src0=198 src1=-1 dst=199 latency=26 rounds=4 penalty=0 borrow=2
t=739, issue store node 221 mem=43 latency=0
t=739, issue load node 522 gpr=160 mem=104 latency=3
t=740, issue load node 527 gpr=164 mem=105 latency=3
t=741, issue load node 532 gpr=168 mem=106 latency=3
t=742, issue sfu node 523 with op exp src0=160 src1=-1 dst=161 latency=28 rounds=4 penalty=0 borrow=2
t=742, issue load node 537 gpr=172 mem=107 latency=3
t=743, issue store node 226 mem=44 latency=0
t=746, issue sfu node 528 with op exp src0=164 src1=-1 dst=165 latency=28 rounds=4 penalty=0 borrow=2
t=747, issue store node 231 mem=45 latency=0
t=750, issue sfu node 533 with op exp src0=168 src1=-1 dst=169 latency=28 rounds=4 penalty=0 borrow=2
t=751, issue store node 236 mem=46 latency=0
t=754, issue sfu node 538 with op exp src0=172 src1=-1 dst=173 latency=28 rounds=4 penalty=0 borrow=2
t=755, issue store node 241 mem=47 latency=0
t=755, issue load node 542 gpr=176 mem=108 latency=3
t=756, issue load node 547 gpr=180 mem=109 latency=3
t=757, issue load node 552 gpr=184 mem=110 latency=3
t=758, issue sfu node 543 with op exp src0=176 src1=-1 dst=177 latency=28 rounds=4 penalty=0 borrow=2
t=758, issue load node 557 gpr=188 mem=111 latency=3
t=759, issue store node 246 mem=48 latency=0
t=762, issue sfu node 548 with op exp src0=180 src1=-1 dst=181 latency=28 rounds=4 penalty=0 borrow=2
t=763, issue store node 251 mem=49 latency=0
t=766, issue sfu node 553 with op exp src0=184 src1=-1 dst=185 latency=28 rounds=4 penalty=0 borrow=2
t=770, issue sfu node 558 with op exp src0=188 src1=-1 dst=189 latency=28 rounds=4 penalty=0 borrow=2
t=791, issue ve node 254 with op add src0=201 src1=7 dst=202 latency=7 penalty=0 half=0
t=792, issue ve node 259 with op add src0=205 src1=7 dst=206 latency=7 penalty=0 half=0
t=793, issue ve node 264 with op add src0=209 src1=7 dst=210 latency=7 penalty=0 half=0
t=794, issue ve node 269 with op add src0=213 src1=7 dst=214 latency=7 penalty=0 half=0
t=795, issue ve node 274 with op add src0=217 src1=7 dst=218 latency=7 penalty=0 half=0
t=796, issue ve node 279 with op add src0=221 src1=7 dst=222 latency=7 penalty=0 half=0
t=797, issue ve node 284 with op add src0=225 src1=7 dst=226 latency=7 penalty=0 half=0
t=798, issue sfu node 255 with op ln src0=202 src1=-1 dst=203 latency=26 rounds=4 penalty=0 borrow=2
t=798, issue ve node 289 with op add src0=229 src1=7 dst=230 latency=7 penalty=0 half=0
t=799, issue ve node 294 with op add src0=233 src1=7 dst=234 latency=7 penalty=0 half=0
t=800, issue ve node 299 with op add src0=237 src1=7 dst=238 latency=7 penalty=0 half=0
t=802, issue sfu node 260 with op ln src0=206 src1=-1 dst=207 latency=26 rounds=4 penalty=0 borrow=2
t=806, issue sfu node 265 with op ln src0=210 src1=-1 dst=211 latency=26 rounds=4 penalty=0 borrow=2
t=810, issue sfu node 270 with op ln src0=214 src1=-1 dst=215 latency=26 rounds=4 penalty=0 borrow=2
t=814, issue sfu node 275 with op ln src0=218 src1=-1 dst=219 latency=26 rounds=4 penalty=0 borrow=2
t=818, issue sfu node 280 with op ln src0=222 src1=-1 dst=223 latency=26 rounds=4 penalty=0 borrow=2
t=822, issue sfu node 285 with op ln src0=226 src1=-1 dst=227 latency=26 rounds=4 penalty=0 borrow=2
t=824, issue store node 256 mem=50 latency=0
t=826, issue sfu node 290 with op ln src0=230 src1=-1 dst=231 latency=26 rounds=4 penalty=0 borrow=2
t=828, issue store node 261 mem=51 latency=0
t=828, issue load node 562 gpr=192 mem=112 latency=3
t=829, issue load node 567 gpr=196 mem=113 latency=3
t=830, issue sfu node 295 with op ln src0=234 src1=-1 dst=235 latency=26 rounds=4 penalty=0 borrow=2
t=830, issue load node 572 gpr=200 mem=114 latency=3
t=831, issue load node 577 gpr=204 mem=115 latency=3
t=832, issue store node 266 mem=52 latency=0
t=834, issue sfu node 300 with op ln src0=238 src1=-1 dst=239 latency=26 rounds=4 penalty=0 borrow=2
t=836, issue store node 271 mem=53 latency=0
t=838, issue sfu node 563 with op exp src0=192 src1=-1 dst=193 latency=28 rounds=4 penalty=0 borrow=2
t=840, issue store node 276 mem=54 latency=0
t=842, issue sfu node 568 with op exp src0=196 src1=-1 dst=197 latency=28 rounds=4 penalty=0 borrow=2
t=844, issue store node 281 mem=55 latency=0
t=844, issue load node 582 gpr=208 mem=116 latency=3
t=845, issue load node 587 gpr=212 mem=117 latency=3
t=846, issue sfu node 573 with op exp src0=200 src1=-1 dst=201 latency=28 rounds=4 penalty=0 borrow=2
t=846, issue load node 592 gpr=216 mem=118 latency=3
t=847, issue load node 597 gpr=220 mem=119 latency=3
t=848, issue store node 286 mem=56 latency=0
t=850, issue sfu node 578 with op exp src0=204 src1=-1 dst=205 latency=28 rounds=4 penalty=0 borrow=2
t=852, issue store node 291 mem=57 latency=0
t=854, issue sfu node 583 with op exp src0=208 src1=-1 dst=209 latency=28 rounds=4 penalty=0 borrow=2
t=856, issue store node 296 mem=58 latency=0
t=858, issue sfu node 588 with op exp src0=212 src1=-1 dst=213 latency=28 rounds=4 penalty=0 borrow=2
t=860, issue store node 301 mem=59 latency=0
t=860, issue load node 602 gpr=224 mem=120 latency=3
t=861, issue load node 607 gpr=228 mem=121 latency=3
t=862, issue sfu node 593 with op exp src0=216 src1=-1 dst=217 latency=28 rounds=4 penalty=0 borrow=2
t=862, issue load node 612 gpr=232 mem=122 latency=3
t=863, issue load node 617 gpr=236 mem=123 latency=3
t=866, issue sfu node 598 with op exp src0=220 src1=-1 dst=221 latency=28 rounds=4 penalty=0 borrow=2
t=870, issue sfu node 603 with op exp src0=224 src1=-1 dst=225 latency=28 rounds=4 penalty=0 borrow=2
t=874, issue sfu node 608 with op exp src0=228 src1=-1 dst=229 latency=28 rounds=4 penalty=0 borrow=2
t=878, issue sfu node 613 with op exp src0=232 src1=-1 dst=233 latency=28 rounds=4 penalty=0 borrow=2
t=882, issue sfu node 618 with op exp src0=236 src1=-1 dst=237 latency=28 rounds=4 penalty=0 borrow=2
t=903, issue ve node 304 with op add src0=241 src1=7 dst=242 latency=7 penalty=0 half=0
t=904, issue ve node 309 with op add src0=245 src1=7 dst=246 latency=7 penalty=0 half=0
t=905, issue ve node 314 with op add src0=249 src1=7 dst=250 latency=7 penalty=0 half=0
t=906, issue ve node 319 with op add src0=253 src1=7 dst=254 latency=7 penalty=0 half=0
t=907, issue ve node 324 with op add src0=1 src1=7 dst=2 latency=7 penalty=0 half=0
t=908, issue ve node 329 with op add src0=5 src1=7 dst=6 latency=7 penalty=0 half=0
t=909, issue ve node 334 with op add src0=9 src1=7 dst=10 latency=7 penalty=0 half=0
t=910, issue sfu node 305 with op ln src0=242 src1=-1 dst=243 latency=26 rounds=4 penalty=0 borrow=2
t=910, issue ve node 339 with op add src0=13 src1=7 dst=14 latency=7 penalty=0 half=0
t=911, issue ve node 344 with op add src0=17 src1=7 dst=18 latency=7 penalty=0 half=0
t=912, issue ve node 349 with op add src0=21 src1=7 dst=22 latency=7 penalty=0 half=0
t=914, issue sfu node 310 with op ln src0=246 src1=-1 dst=247 latency=26 rounds=4 penalty=0 borrow=2
t=918, issue sfu node 315 with op ln src0=250 src1=-1 dst=251 latency=26 rounds=4 penalty=0 borrow=2
t=922, issue sfu node 320 with op ln src0=254 src1=-1 dst=255 latency=26 rounds=4 penalty=0 borrow=2
t=926, issue sfu node 325 with op ln src0=2 src1=-1 dst=3 latency=26 rounds=4 penalty=0 borrow=2
t=930, issue sfu node 330 with op ln src0=6 src1=-1 dst=7 latency=26 rounds=4 penalty=0 borrow=2
t=934, issue sfu node 335 with op ln src0=10 src1=-1 dst=11 latency=26 rounds=4 penalty=0 borrow=2
t=936, issue store node 306 mem=60 latency=0
t=938, issue sfu node 340 with op ln src0=14 src1=-1 dst=15 latency=26 rounds=4 penalty=0 borrow=2
t=940, issue store node 311 mem=61 latency=0
t=942, issue sfu node 345 with op ln src0=18 src1=-1 dst=19 latency=26 rounds=4 penalty=0 borrow=2
t=944, issue store node 316 mem=62 latency=0
t=946, issue sfu node 350 with op ln src0=22 src1=-1 dst=23 latency=26 rounds=4 penalty=0 borrow=2
t=948, issue store node 321 mem=63 latency=0
t=948, issue load node 622 gpr=240 mem=124 latency=3
t=949, issue load node 627 gpr=244 mem=125 latency=3
t=950, issue load node 632 gpr=248 mem=126 latency=3
t=951, issue sfu node 623 with op exp src0=240 src1=-1 dst=241 latency=28 rounds=4 penalty=0 borrow=2
t=951, issue load node 637 gpr=252 mem=127 latency=3
t=952, issue store node 326 mem=64 latency=0
t=955, issue sfu node 628 with op exp src0=244 src1=-1 dst=245 latency=28 rounds=4 penalty=0 borrow=2
t=956, issue store node 331 mem=65 latency=0
t=959, issue sfu node 633 with op exp src0=248 src1=-1 dst=249 latency=28 rounds=4 penalty=0 borrow=2
t=960, issue store node 336 mem=66 latency=0
t=963, issue sfu node 638 with op exp src0=252 src1=-1 dst=253 latency=28 rounds=4 penalty=0 borrow=2
t=964, issue store node 341 mem=67 latency=0
t=964, issue load node 642 gpr=0 mem=128 latency=3
t=965, issue load node 647 gpr=4 mem=129 latency=3
t=966, issue load node 652 gpr=8 mem=130 latency=3
t=967, issue sfu node 643 with op exp src0=0 src1=-1 dst=1 latency=28 rounds=4 penalty=0 borrow=2
t=967, issue load node 657 gpr=12 mem=131 latency=3
t=968, issue store node 346 mem=68 latency=0
t=971, issue sfu node 648 with op exp src0=4 src1=-1 dst=5 latency=28 rounds=4 penalty=0 borrow=2
t=972, issue store node 351 mem=69 latency=0
t=975, issue sfu node 653 with op exp src0=8 src1=-1 dst=9 latency=28 rounds=4 penalty=0 borrow=2
t=979, issue sfu node 658 with op exp src0=12 src1=-1 dst=13 latency=28 rounds=4 penalty=0 borrow=2
t=1000, issue ve node 354 with op add src0=25 src1=7 dst=26 latency=7 penalty=0 half=0
t=1001, issue ve node 359 with op add src0=29 src1=7 dst=30 latency=7 penalty=0 half=0
t=1002, issue ve node 364 with op add src0=33 src1=7 dst=34 latency=7 penalty=0 half=0
t=1003, issue ve node 369 with op add src0=37 src1=7 dst=38 latency=7 penalty=0 half=0
t=1004, issue ve node 374 with op add src0=41 src1=7 dst=42 latency=7 penalty=0 half=0
t=1005, issue ve node 379 with op add src0=45 src1=7 dst=46 latency=7 penalty=0 half=0
t=1006, issue ve node 384 with op add src0=49 src1=7 dst=50 latency=7 penalty=0 half=0
t=1007, issue sfu node 355 with op ln src0=26 src1=-1 dst=27 latency=26 rounds=4 penalty=0 borrow=2
t=1007, issue ve node 389 with op add src0=53 src1=7 dst=54 latency=7 penalty=0 half=0
t=1008, issue ve node 394 with op add src0=57 src1=7 dst=58 latency=7 penalty=0 half=0
t=1009, issue ve node 399 with op add src0=61 src1=7 dst=62 latency=7 penalty=0 half=0
t=1011, issue sfu node 360 with op ln src0=30 src1=-1 dst=31 latency=26 rounds=4 penalty=0 borrow=2
t=1015, issue sfu node 365 with op ln src0=34 src1=-1 dst=35 latency=26 rounds=4 penalty=0 borrow=2
t=1019, issue sfu node 370 with op ln src0=38 src1=-1 dst=39 latency=26 rounds=4 penalty=0 borrow=2
t=1023, issue sfu node 375 with op ln src0=42 src1=-1 dst=43 latency=26 rounds=4 penalty=0 borrow=2
t=1027, issue sfu node 380 with op ln src0=46 src1=-1 dst=47 latency=26 rounds=4 penalty=0 borrow=2
t=1031, issue sfu node 385 with op ln src0=50 src1=-1 dst=51 latency=26 rounds=4 penalty=0 borrow=2
t=1033, issue store node 356 mem=70 latency=0
t=1035, issue sfu node 390 with op ln src0=54 src1=-1 dst=55 latency=26 rounds=4 penalty=0 borrow=2
t=1037, issue store node 361 mem=71 latency=0
t=1037, issue load node 662 gpr=16 mem=132 latency=3
t=1038, issue load node 667 gpr=20 mem=133 latency=3
t=1039, issue sfu node 395 with op ln src0=58 src1=-1 dst=59 latency=26 rounds=4 penalty=0 borrow=2
t=1039, issue load node 672 gpr=24 mem=134 latency=3
t=1040, issue load node 677 gpr=28 mem=135 latency=3
t=1041, issue store node 366 mem=72 latency=0
t=1043, issue sfu node 400 with op ln src0=62 src1=-1 dst=63 latency=26 rounds=4 penalty=0 borrow=2
t=1045, issue store node 371 mem=73 latency=0
t=1047, issue sfu node 663 with op exp src0=16 src1=-1 dst=17 latency=28 rounds=4 penalty=0 borrow=2
t=1049, issue store node 376 mem=74 latency=0
t=1051, issue sfu node 668 with op exp src0=20 src1=-1 dst=21 latency=28 rounds=4 penalty=0 borrow=2
t=1053, issue store node 381 mem=75 latency=0
t=1053, issue load node 682 gpr=32 mem=136 latency=3
t=1054, issue load node 687 gpr=36 mem=137 latency=3
t=1055, issue sfu node 673 with op exp src0=24 src1=-1 dst=25 latency=28 rounds=4 penalty=0 borrow=2
t=1055, issue load node 692 gpr=40 mem=138 latency=3
t=1056, issue load node 697 gpr=44 mem=139 latency=3
t=1057, issue store node 386 mem=76 latency=0
t=1059, issue sfu node 678 with op exp src0=28 src1=-1 dst=29 latency=28 rounds=4 penalty=0 borrow=2
t=1061, issue store node 391 mem=77 latency=0
t=1063, issue sfu node 683 with op exp src0=32 src1=-1 dst=33 latency=28 rounds=4 penalty=0 borrow=2
t=1065, issue store node 396 mem=78 latency=0
t=1067, issue sfu node 688 with op exp src0=36 src1=-1 dst=37 latency=28 rounds=4 penalty=0 borrow=2
t=1069, issue store node 401 mem=79 latency=0
t=1069, issue load node 702 gpr=48 mem=140 latency=3
t=1070, issue load node 707 gpr=52 mem=141 latency=3
t=1071, issue sfu node 693 with op exp src0=40 src1=-1 dst=41 latency=28 rounds=4 penalty=0 borrow=2
t=1071, issue load node 712 gpr=56 mem=142 latency=3
t=1072, issue load node 717 gpr=60 mem=143 latency=3
t=1075, issue sfu node 698 with op exp src0=44 src1=-1 dst=45 latency=28 rounds=4 penalty=0 borrow=2
t=1079, issue sfu node 703 with op exp src0=48 src1=-1 dst=49 latency=28 rounds=4 penalty=0 borrow=2
t=1083, issue sfu node 708 with op exp src0=52 src1=-1 dst=53 latency=28 rounds=4 penalty=0 borrow=2
t=1087, issue sfu node 713 with op exp src0=56 src1=-1 dst=57 latency=28 rounds=4 penalty=0 borrow=2
t=1091, issue sfu node 718 with op exp src0=60 src1=-1 dst=61 latency=28 rounds=4 penalty=0 borrow=2
t=1112, issue ve node 404 with op add src0=65 src1=7 dst=66 latency=7 penalty=0 half=0
t=1113, issue ve node 409 with op add src0=69 src1=7 dst=70 latency=7 penalty=0 half=0
t=1114, issue ve node 414 with op add src0=73 src1=7 dst=74 latency=7 penalty=0 half=0
t=1115, issue ve node 419 with op add src0=77 src1=7 dst=78 latency=7 penalty=0 half=0
t=1116, issue ve node 424 with op add src0=81 src1=7 dst=82 latency=7 penalty=0 half=0
t=1117, issue ve node 429 with op add src0=85 src1=7 dst=86 latency=7 penalty=0 half=0
t=1118, issue ve node 434 with op add src0=89 src1=7 dst=90 latency=7 penalty=0 half=0
t=1119, issue sfu node 405 with op ln src0=66 src1=-1 dst=67 latency=26 rounds=4 penalty=0 borrow=2
t=1119, issue ve node 439 with op add src0=93 src1=7 dst=94 latency=7 penalty=0 half=0
t=1120, issue ve node 444 with op add src0=97 src1=7 dst=98 latency=7 penalty=0 half=0
t=1121, issue ve node 449 with op add src0=101 src1=7 dst=102 latency=7 penalty=0 half=0
t=1123, issue sfu node 410 with op ln src0=70 src1=-1 dst=71 latency=26 rounds=4 penalty=0 borrow=2
t=1127, issue sfu node 415 with op ln src0=74 src1=-1 dst=75 latency=26 rounds=4 penalty=0 borrow=2
t=1131, issue sfu node 420 with op ln src0=78 src1=-1 dst=79 latency=26 rounds=4 penalty=0 borrow=2
t=1135, issue sfu node 425 with op ln src0=82 src1=-1 dst=83 latency=26 rounds=4 penalty=0 borrow=2
t=1139, issue sfu node 430 with op ln src0=86 src1=-1 dst=87 latency=26 rounds=4 penalty=0 borrow=2
t=1143, issue sfu node 435 with op ln src0=90 src1=-1 dst=91 latency=26 rounds=4 penalty=0 borrow=2
t=1145, issue store node 406 mem=80 latency=0
t=1147, issue sfu node 440 with op ln src0=94 src1=-1 dst=95 latency=26 rounds=4 penalty=0 borrow=2
t=1149, issue store node 411 mem=81 latency=0
t=1151, issue sfu node 445 with op ln src0=98 src1=-1 dst=99 latency=26 rounds=4 penalty=0 borrow=2
t=1153, issue store node 416 mem=82 latency=0
t=1155, issue sfu node 450 with op ln src0=102 src1=-1 dst=103 latency=26 rounds=4 penalty=0 borrow=2
t=1157, issue store node 421 mem=83 latency=0
t=1157, issue load node 722 gpr=64 mem=144 latency=3
t=1158, issue load node 727 gpr=68 mem=145 latency=3
t=1159, issue load node 732 gpr=72 mem=146 latency=3
t=1160, issue sfu node 723 with op exp src0=64 src1=-1 dst=65 latency=28 rounds=4 penalty=0 borrow=2
t=1160, issue load node 737 gpr=76 mem=147 latency=3
t=1161, issue store node 426 mem=84 latency=0
t=1164, issue sfu node 728 with op exp src0=68 src1=-1 dst=69 latency=28 rounds=4 penalty=0 borrow=2
t=1165, issue store node 431 mem=85 latency=0
t=1168, issue sfu node 733 with op exp src0=72 src1=-1 dst=73 latency=28 rounds=4 penalty=0 borrow=2
t=1169, issue store node 436 mem=86 latency=0
t=1172, issue sfu node 738 with op exp src0=76 src1=-1 dst=77 latency=28 rounds=4 penalty=0 borrow=2
t=1173, issue store node 441 mem=87 latency=0
t=1173, issue load node 742 gpr=80 mem=148 latency=3
t=1174, issue load node 747 gpr=84 mem=149 latency=3
t=1175, issue load node 752 gpr=88 mem=150 latency=3
t=1176, issue sfu node 743 with op exp src0=80 src1=-1 dst=81 latency=28 rounds=4 penalty=0 borrow=2
t=1176, issue load node 757 gpr=92 mem=151 latency=3
t=1177, issue store node 446 mem=88 latency=0
t=1180, issue sfu node 748 with op exp src0=84 src1=-1 dst=85 latency=28 rounds=4 penalty=0 borrow=2
t=1181, issue store node 451 mem=89 latency=0
t=1184, issue sfu node 753 with op exp src0=88 src1=-1 dst=89 latency=28 rounds=4 penalty=0 borrow=2
t=1188, issue sfu node 758 with op exp src0=92 src1=-1 dst=93 latency=28 rounds=4 penalty=0 borrow=2
t=1209, issue ve node 454 with op add src0=105 src1=7 dst=106 latency=7 penalty=0 half=0
t=1210, issue ve node 459 with op add src0=109 src1=7 dst=110 latency=7 penalty=0 half=0
t=1211, issue ve node 464 with op add src0=113 src1=7 dst=114 latency=7 penalty=0 half=0
t=1212, issue ve node 469 with op add src0=117 src1=7 dst=118 latency=7 penalty=0 half=0
t=1213, issue ve node 474 with op add src0=121 src1=7 dst=122 latency=7 penalty=0 half=0
t=1214, issue ve node 479 with op add src0=125 src1=7 dst=126 latency=7 penalty=0 half=0
t=1215, issue ve node 484 with op add src0=129 src1=7 dst=130 latency=7 penalty=0 half=0
t=1216, issue sfu node 455 with op ln src0=106 src1=-1 dst=107 latency=26 rounds=4 penalty=0 borrow=2
t=1216, issue ve node 489 with op add src0=133 src1=7 dst=134 latency=7 penalty=0 half=0
t=1217, issue ve node 494 with op add src0=137 src1=7 dst=138 latency=7 penalty=0 half=0
t=1218, issue ve node 499 with op add src0=141 src1=7 dst=142 latency=7 penalty=0 half=0
t=1220, issue sfu node 460 with op ln src0=110 src1=-1 dst=111 latency=26 rounds=4 penalty=0 borrow=2
t=1224, issue sfu node 465 with op ln src0=114 src1=-1 dst=115 latency=26 rounds=4 penalty=0 borrow=2
t=1228, issue sfu node 470 with op ln src0=118 src1=-1 dst=119 latency=26 rounds=4 penalty=0 borrow=2
t=1232, issue sfu node 475 with op ln src0=122 src1=-1 dst=123 latency=26 rounds=4 penalty=0 borrow=2
t=1236, issue sfu node 480 with op ln src0=126 src1=-1 dst=127 latency=26 rounds=4 penalty=0 borrow=2
t=1240, issue sfu node 485 with op ln src0=130 src1=-1 dst=131 latency=26 rounds=4 penalty=0 borrow=2
t=1242, issue store node 456 mem=90 latency=0
t=1244, issue sfu node 490 with op ln src0=134 src1=-1 dst=135 latency=26 rounds=4 penalty=0 borrow=2
t=1246, issue store node 461 mem=91 latency=0
t=1246, issue load node 762 gpr=96 mem=152 latency=3
t=1247, issue load node 767 gpr=100 mem=153 latency=3
t=1248, issue sfu node 495 with op ln src0=138 src1=-1 dst=139 latency=26 rounds=4 penalty=0 borrow=2
t=1248, issue load node 772 gpr=104 mem=154 latency=3
t=1249, issue load node 777 gpr=108 mem=155 latency=3
t=1250, issue store node 466 mem=92 latency=0
t=1252, issue sfu node 500 with op ln src0=142 src1=-1 dst=143 latency=26 rounds=4 penalty=0 borrow=2
t=1254, issue store node 471 mem=93 latency=0
t=1256, issue sfu node 763 with op exp src0=96 src1=-1 dst=97 latency=28 rounds=4 penalty=0 borrow=2
t=1258, issue store node 476 mem=94 latency=0
t=1260, issue sfu node 768 with op exp src0=100 src1=-1 dst=101 latency=28 rounds=4 penalty=0 borrow=2
t=1262, issue store node 481 mem=95 latency=0
t=1262, issue load node 782 gpr=112 mem=156 latency=3
t=1263, issue load node 787 gpr=116 mem=157 latency=3
t=1264, issue sfu node 773 with op exp src0=104 src1=-1 dst=105 latency=28 rounds=4 penalty=0 borrow=2
t=1264, issue load node 792 gpr=120 mem=158 latency=3
t=1265, issue load node 797 gpr=124 mem=159 latency=3
t=1266, issue store node 486 mem=96 latency=0
t=1268, issue sfu node 778 with op exp src0=108 src1=-1 dst=109 latency=28 rounds=4 penalty=0 borrow=2
t=1270, issue store node 491 mem=97 latency=0
t=1272, issue sfu node 783 with op exp src0=112 src1=-1 dst=113 latency=28 rounds=4 penalty=0 borrow=2
t=1274, issue store node 496 mem=98 latency=0
t=1276, issue sfu node 788 with op exp src0=116 src1=-1 dst=117 latency=28 rounds=4 penalty=0 borrow=2
t=1278, issue store node 501 mem=99 latency=0
t=1278, issue load node 802 gpr=128 mem=160 latency=3
t=1279, issue load node 807 gpr=132 mem=161 latency=3
t=1280, issue sfu node 793 with op exp src0=120 src1=-1 dst=121 latency=28 rounds=4 penalty=0 borrow=2
t=1280, issue load node 812 gpr=136 mem=162 latency=3
t=1281, issue load node 817 gpr=140 mem=163 latency=3
t=1284, issue sfu node 798 with op exp src0=124 src1=-1 dst=125 latency=28 rounds=4 penalty=0 borrow=2
t=1288, issue sfu node 803 with op exp src0=128 src1=-1 dst=129 latency=28 rounds=4 penalty=0 borrow=2
t=1292, issue sfu node 808 with op exp src0=132 src1=-1 dst=133 latency=28 rounds=4 penalty=0 borrow=2
t=1296, issue sfu node 813 with op exp src0=136 src1=-1 dst=137 latency=28 rounds=4 penalty=0 borrow=2
t=1300, issue sfu node 818 with op exp src0=140 src1=-1 dst=141 latency=28 rounds=4 penalty=0 borrow=2
t=1321, issue ve node 504 with op add src0=145 src1=7 dst=146 latency=7 penalty=0 half=0
t=1322, issue ve node 509 with op add src0=149 src1=7 dst=150 latency=7 penalty=0 half=0
t=1323, issue ve node 514 with op add src0=153 src1=7 dst=154 latency=7 penalty=0 half=0
t=1324, issue ve node 519 with op add src0=157 src1=7 dst=158 latency=7 penalty=0 half=0
t=1325, issue ve node 524 with op add src0=161 src1=7 dst=162 latency=7 penalty=0 half=0
t=1326, issue ve node 529 with op add src0=165 src1=7 dst=166 latency=7 penalty=0 half=0
t=1327, issue ve node 534 with op add src0=169 src1=7 dst=170 latency=7 penalty=0 half=0
t=1328, issue sfu node 505 with op ln src0=146 src1=-1 dst=147 latency=26 rounds=4 penalty=0 borrow=2
t=1328, issue ve node 539 with op add src0=173 src1=7 dst=174 latency=7 penalty=0 half=0
t=1329, issue ve node 544 with op add src0=177 src1=7 dst=178 latency=7 penalty=0 half=0
t=1330, issue ve node 549 with op add src0=181 src1=7 dst=182 latency=7 penalty=0 half=0
t=1332, issue sfu node 510 with op ln src0=150 src1=-1 dst=151 latency=26 rounds=4 penalty=0 borrow=2
t=1336, issue sfu node 515 with op ln src0=154 src1=-1 dst=155 latency=26 rounds=4 penalty=0 borrow=2
t=1340, issue sfu node 520 with op ln src0=158 src1=-1 dst=159 latency=26 rounds=4 penalty=0 borrow=2
t=1344, issue sfu node 525 with op ln src0=162 src1=-1 dst=163 latency=26 rounds=4 penalty=0 borrow=2
t=1348, issue sfu node 530 with op ln src0=166 src1=-1 dst=167 latency=26 rounds=4 penalty=0 borrow=2
t=1352, issue sfu node 535 with op ln src0=170 src1=-1 dst=171 latency=26 rounds=4 penalty=0 borrow=2
t=1354, issue store node 506 mem=100 latency=0
t=1356, issue sfu node 540 with op ln src0=174 src1=-1 dst=175 latency=26 rounds=4 penalty=0 borrow=2
t=1358, issue store node 511 mem=101 latency=0
t=1360, issue sfu node 545 with op ln src0=178 src1=-1 dst=179 latency=26 rounds=4 penalty=0 borrow=2
t=1362, issue store node 516 mem=102 latency=0
t=1364, issue sfu node 550 with op ln src0=182 src1=-1 dst=183 latency=26 rounds=4 penalty=0 borrow=2
t=1366, issue store node 521 mem=103 latency=0
t=1366, issue load node 822 gpr=144 mem=164 latency=3
t=1367, issue load node 827 gpr=148 mem=165 latency=3
t=1368, issue load node 832 gpr=152 mem=166 latency=3
t=1369, issue sfu node 823 with op exp src0=144 src1=-1 dst=145 latency=28 rounds=4 penalty=0 borrow=2
t=1369, issue load node 837 gpr=156 mem=167 latency=3
t=1370, issue store node 526 mem=104 latency=0
t=1373, issue sfu node 828 with op exp src0=148 src1=-1 dst=149 latency=28 rounds=4 penalty=0 borrow=2
t=1374, issue store node 531 mem=105 latency=0
t=1377, issue sfu node 833 with op exp src0=152 src1=-1 dst=153 latency=28 rounds=4 penalty=0 borrow=2
t=1378, issue store node 536 mem=106 latency=0
t=1381, issue sfu node 838 with op exp src0=156 src1=-1 dst=157 latency=28 rounds=4 penalty=0 borrow=2
t=1382, issue store node 541 mem=107 latency=0
t=1382, issue load node 842 gpr=160 mem=168 latency=3
t=1383, issue load node 847 gpr=164 mem=169 latency=3
t=1384, issue load node 852 gpr=168 mem=170 latency=3
t=1385, issue sfu node 843 with op exp src0=160 src1=-1 dst=161 latency=28 rounds=4 penalty=0 borrow=2
t=1385, issue load node 857 gpr=172 mem=171 latency=3
t=1386, issue store node 546 mem=108 latency=0
t=1389, issue sfu node 848 with op exp src0=164 src1=-1 dst=165 latency=28 rounds=4 penalty=0 borrow=2
t=1390, issue store node 551 mem=109 latency=0
t=1393, issue sfu node 853 with op exp src0=168 src1=-1 dst=169 latency=28 rounds=4 penalty=0 borrow=2
t=1397, issue sfu node 858 with op exp src0=172 src1=-1 dst=173 latency=28 rounds=4 penalty=0 borrow=2
t=1418, issue ve node 554 with op add src0=185 src1=7 dst=186 latency=7 penalty=0 half=0
t=1419, issue ve node 559 with op add src0=189 src1=7 dst=190 latency=7 penalty=0 half=0
t=1420, issue ve node 564 with op add src0=193 src1=7 dst=194 latency=7 penalty=0 half=0
t=1421, issue ve node 569 with op add src0=197 src1=7 dst=198 latency=7 penalty=0 half=0
t=1422, issue ve node 574 with op add src0=201 src1=7 dst=202 latency=7 penalty=0 half=0
t=1423, issue ve node 579 with op add src0=205 src1=7 dst=206 latency=7 penalty=0 half=0
t=1424, issue ve node 584 with op add src0=209 src1=7 dst=210 latency=7 penalty=0 half=0
t=1425, issue sfu node 555 with op ln src0=186 src1=-1 dst=187 latency=26 rounds=4 penalty=0 borrow=2
t=1425, issue ve node 589 with op add src0=213 src1=7 dst=214 latency=7 penalty=0 half=0
t=1426, issue ve node 594 with op add src0=217 src1=7 dst=218 latency=7 penalty=0 half=0
t=1427, issue ve node 599 with op add src0=221 src1=7 dst=222 latency=7 penalty=0 half=0
t=1429, issue sfu node 560 with op ln src0=190 src1=-1 dst=191 latency=26 rounds=4 penalty=0 borrow=2
t=1433, issue sfu node 565 with op ln src0=194 src1=-1 dst=195 latency=26 rounds=4 penalty=0 borrow=2
t=1437, issue sfu node 570 with op ln src0=198 src1=-1 dst=199 latency=26 rounds=4 penalty=0 borrow=2
t=1441, issue sfu node 575 with op ln src0=202 src1=-1 dst=203 latency=26 rounds=4 penalty=0 borrow=2
t=1445, issue sfu node 580 with op ln src0=206 src1=-1 dst=207 latency=26 rounds=4 penalty=0 borrow=2
t=1449, issue sfu node 585 with op ln src0=210 src1=-1 dst=211 latency=26 rounds=4 penalty=0 borrow=2
t=1451, issue store node 556 mem=110 latency=0
t=1453, issue sfu node 590 with op ln src0=214 src1=-1 dst=215 latency=26 rounds=4 penalty=0 borrow=2
t=1455, issue store node 561 mem=111 latency=0
t=1455, issue load node 862 gpr=176 mem=172 latency=3
t=1456, issue load node 867 gpr=180 mem=173 latency=3
t=1457, issue sfu node 595 with op ln src0=218 src1=-1 dst=219 latency=26 rounds=4 penalty=0 borrow=2
t=1457, issue load node 872 gpr=184 mem=174 latency=3
t=1458, issue load node 877 gpr=188 mem=175 latency=3
t=1459, issue store node 566 mem=112 latency=0
t=1461, issue sfu node 600 with op ln src0=222 src1=-1 dst=223 latency=26 rounds=4 penalty=0 borrow=2
t=1463, issue store node 571 mem=113 latency=0
t=1465, issue sfu node 863 with op exp src0=176 src1=-1 dst=177 latency=28 rounds=4 penalty=0 borrow=2
t=1467, issue store node 576 mem=114 latency=0
t=1469, issue sfu node 868 with op exp src0=180 src1=-1 dst=181 latency=28 rounds=4 penalty=0 borrow=2
t=1471, issue store node 581 mem=115 latency=0
t=1471, issue load node 882 gpr=192 mem=176 latency=3
t=1472, issue load node 887 gpr=196 mem=177 latency=3
t=1473, issue sfu node 873 with op exp src0=184 src1=-1 dst=185 latency=28 rounds=4 penalty=0 borrow=2
t=1473, issue load node 892 gpr=200 mem=178 latency=3
t=1474, issue load node 897 gpr=204 mem=179 latency=3
t=1475, issue store node 586 mem=116 latency=0
t=1477, issue sfu node 878 with op exp src0=188 src1=-1 dst=189 latency=28 rounds=4 penalty=0 borrow=2
t=1479, issue store node 591 mem=117 latency=0
t=1481, issue sfu node 883 with op exp src0=192 src1=-1 dst=193 latency=28 rounds=4 penalty=0 borrow=2
t=1483, issue store node 596 mem=118 latency=0
t=1485, issue sfu node 888 with op exp src0=196 src1=-1 dst=197 latency=28 rounds=4 penalty=0 borrow=2
t=1487, issue store node 601 mem=119 latency=0
t=1487, issue load node 902 gpr=208 mem=180 latency=3
t=1488, issue load node 907 gpr=212 mem=181 latency=3
t=1489, issue sfu node 893 with op exp src0=200 src1=-1 dst=201 latency=28 rounds=4 penalty=0 borrow=2
t=1489, issue load node 912 gpr=216 mem=182 latency=3
t=1490, issue load node 917 gpr=220 mem=183 latency=3
t=1493, issue sfu node 898 with op exp src0=204 src1=-1 dst=205 latency=28 rounds=4 penalty=0 borrow=2
t=1497, issue sfu node 903 with op exp src0=208 src1=-1 dst=209 latency=28 rounds=4 penalty=0 borrow=2
t=1501, issue sfu node 908 with op exp src0=212 src1=-1 dst=213 latency=28 rounds=4 penalty=0 borrow=2
t=1505, issue sfu node 913 with op exp src0=216 src1=-1 dst=217 latency=28 rounds=4 penalty=0 borrow=2
t=1509, issue sfu node 918 with op exp src0=220 src1=-1 dst=221 latency=28 rounds=4 penalty=0 borrow=2
t=1530, issue ve node 604 with op add src0=225 src1=7 dst=226 latency=7 penalty=0 half=0
t=1531, issue ve node 609 with op add src0=229 src1=7 dst=230 latency=7 penalty=0 half=0
t=1532, issue ve node 614 with op add src0=233 src1=7 dst=234 latency=7 penalty=0 half=0
t=1533, issue ve node 619 with op add src0=237 src1=7 dst=238 latency=7 penalty=0 half=0
t=1534, issue ve node 624 with op add src0=241 src1=7 dst=242 latency=7 penalty=0 half=0
t=1535, issue ve node 629 with op add src0=245 src1=7 dst=246 latency=7 penalty=0 half=0
t=1536, issue ve node 634 with op add src0=249 src1=7 dst=250 latency=7 penalty=0 half=0
t=1537, issue sfu node 605 with op ln src0=226 src1=-1 dst=227 latency=26 rounds=4 penalty=0 borrow=2
t=1537, issue ve node 639 with op add src0=253 src1=7 dst=254 latency=7 penalty=0 half=0
t=1538, issue ve node 644 with op add src0=1 src1=7 dst=2 latency=7 penalty=0 half=0
t=1539, issue ve node 649 with op add src0=5 src1=7 dst=6 latency=7 penalty=0 half=0
t=1541, issue sfu node 610 with op ln src0=230 src1=-1 dst=231 latency=26 rounds=4 penalty=0 borrow=2
t=1545, issue sfu node 615 with op ln src0=234 src1=-1 dst=235 latency=26 rounds=4 penalty=0 borrow=2
t=1549, issue sfu node 620 with op ln src0=238 src1=-1 dst=239 latency=26 rounds=4 penalty=0 borrow=2
t=1553, issue sfu node 625 with op ln src0=242 src1=-1 dst=243 latency=26 rounds=4 penalty=0 borrow=2
t=1557, issue sfu node 630 with op ln src0=246 src1=-1 dst=247 latency=26 rounds=4 penalty=0 borrow=2
t=1561, issue sfu node 635 with op ln src0=250 src1=-1 dst=251 latency=26 rounds=4 penalty=0 borrow=2
t=1563, issue store node 606 mem=120 latency=0
t=1565, issue sfu node 640 with op ln src0=254 src1=-1 dst=255 latency=26 rounds=4 penalty=0 borrow=2
t=1567, issue store node 611 mem=121 latency=0
t=1569, issue sfu node 645 with op ln src0=2 src1=-1 dst=3 latency=26 rounds=4 penalty=0 borrow=2
t=1571, issue store node 616 mem=122 latency=0
t=1573, issue sfu node 650 with op ln src0=6 src1=-1 dst=7 latency=26 rounds=4 penalty=0 borrow=2
t=1575, issue store node 621 mem=123 latency=0
t=1575, issue load node 922 gpr=224 mem=184 latency=3
t=1576, issue load node 927 gpr=228 mem=185 latency=3
t=1577, issue load node 932 gpr=232 mem=186 latency=3
t=1578, issue sfu node 923 with op exp src0=224 src1=-1 dst=225 latency=28 rounds=4 penalty=0 borrow=2
t=1578, issue load node 937 gpr=236 mem=187 latency=3
t=1579, issue store node 626 mem=124 latency=0
t=1582, issue sfu node 928 with op exp src0=228 src1=-1 dst=229 latency=28 rounds=4 penalty=0 borrow=2
t=1583, issue store node 631 mem=125 latency=0
t=1586, issue sfu node 933 with op exp src0=232 src1=-1 dst=233 latency=28 rounds=4 penalty=0 borrow=2
t=1587, issue store node 636 mem=126 latency=0
t=1590, issue sfu node 938 with op exp src0=236 src1=-1 dst=237 latency=28 rounds=4 penalty=0 borrow=2
t=1591, issue store node 641 mem=127 latency=0
t=1591, issue load node 942 gpr=240 mem=188 latency=3
t=1592, issue load node 947 gpr=244 mem=189 latency=3
t=1593, issue load node 952 gpr=248 mem=190 latency=3
t=1594, issue sfu node 943 with op exp src0=240 src1=-1 dst=241 latency=28 rounds=4 penalty=0 borrow=2
t=1594, issue load node 957 gpr=252 mem=191 latency=3
t=1595, issue store node 646 mem=128 latency=0
t=1598, issue sfu node 948 with op exp src0=244 src1=-1 dst=245 latency=28 rounds=4 penalty=0 borrow=2
t=1599, issue store node 651 mem=129 latency=0
t=1602, issue sfu node 953 with op exp src0=248 src1=-1 dst=249 latency=28 rounds=4 penalty=0 borrow=2
t=1606, issue sfu node 958 with op exp src0=252 src1=-1 dst=253 latency=28 rounds=4 penalty=0 borrow=2
t=1627, issue ve node 654 with op add src0=9 src1=7 dst=10 latency=7 penalty=0 half=0
t=1628, issue ve node 659 with op add src0=13 src1=7 dst=14 latency=7 penalty=0 half=0
t=1629, issue ve node 664 with op add src0=17 src1=7 dst=18 latency=7 penalty=0 half=0
t=1630, issue ve node 669 with op add src0=21 src1=7 dst=22 latency=7 penalty=0 half=0
t=1631, issue ve node 674 with op add src0=25 src1=7 dst=26 latency=7 penalty=0 half=0
t=1632, issue ve node 679 with op add src0=29 src1=7 dst=30 latency=7 penalty=0 half=0
t=1633, issue ve node 684 with op add src0=33 src1=7 dst=34 latency=7 penalty=0 half=0
t=1634, issue sfu node 655 with op ln src0=10 src1=-1 dst=11 latency=26 rounds=4 penalty=0 borrow=2
t=1634, issue ve node 689 with op add src0=37 src1=7 dst=38 latency=7 penalty=0 half=0
t=1635, issue ve node 694 with op add src0=41 src1=7 dst=42 latency=7 penalty=0 half=0
t=1636, issue ve node 699 with op add src0=45 src1=7 dst=46 latency=7 penalty=0 half=0
t=1638, issue sfu node 660 with op ln src0=14 src1=-1 dst=15 latency=26 rounds=4 penalty=0 borrow=2
t=1642, issue sfu node 665 with op ln src0=18 src1=-1 dst=19 latency=26 rounds=4 penalty=0 borrow=2
t=1646, issue sfu node 670 with op ln src0=22 src1=-1 dst=23 latency=26 rounds=4 penalty=0 borrow=2
t=1650, issue sfu node 675 with op ln src0=26 src1=-1 dst=27 latency=26 rounds=4 penalty=0 borrow=2
t=1654, issue sfu node 680 with op ln src0=30 src1=-1 dst=31 latency=26 rounds=4 penalty=0 borrow=2
t=1658, issue sfu node 685 with op ln src0=34 src1=-1 dst=35 latency=26 rounds=4 penalty=0 borrow=2
t=1660, issue store node 656 mem=130 latency=0
t=1662, issue sfu node 690 with op ln src0=38 src1=-1 dst=39 latency=26 rounds=4 penalty=0 borrow=2
t=1664, issue store node 661 mem=131 latency=0
t=1664, issue load node 962 gpr=0 mem=192 latency=3
t=1665, issue load node 967 gpr=4 mem=193 latency=3
t=1666, issue sfu node 695 with op ln src0=42 src1=-1 dst=43 latency=26 rounds=4 penalty=0 borrow=2
t=1666, issue load node 972 gpr=8 mem=194 latency=3
t=1667, issue load node 977 gpr=12 mem=195 latency=3
t=1668, issue store node 666 mem=132 latency=0
t=1670, issue sfu node 700 with op ln src0=46 src1=-1 dst=47 latency=26 rounds=4 penalty=0 borrow=2
t=1672, issue store node 671 mem=133 latency=0
t=1674, issue sfu node 963 with op exp src0=0 src1=-1 dst=1 latency=28 rounds=4 penalty=0 borrow=2
t=1676, issue store node 676 mem=134 latency=0
t=1678, issue sfu node 968 with op exp src0=4 src1=-1 dst=5 latency=28 rounds=4 penalty=0 borrow=2
t=1680, issue store node 681 mem=135 latency=0
t=1680, issue load node 982 gpr=16 mem=196 latency=3
t=1681, issue load node 987 gpr=20 mem=197 latency=3
t=1682, issue sfu node 973 with op exp src0=8 src1=-1 dst=9 latency=28 rounds=4 penalty=0 borrow=2
t=1682, issue load node 992 gpr=24 mem=198 latency=3
t=1683, issue load node 997 gpr=28 mem=199 latency=3
t=1684, issue store node 686 mem=136 latency=0
t=1686, issue sfu node 978 with op exp src0=12 src1=-1 dst=13 latency=28 rounds=4 penalty=0 borrow=2
t=1688, issue store node 691 mem=137 latency=0
t=1690, issue sfu node 983 with op exp src0=16 src1=-1 dst=17 latency=28 rounds=4 penalty=0 borrow=2
t=1692, issue store node 696 mem=138 latency=0
t=1694, issue sfu node 988 with op exp src0=20 src1=-1 dst=21 latency=28 rounds=4 penalty=0 borrow=2
t=1696, issue store node 701 mem=139 latency=0
t=1696, issue load node 1002 gpr=32 mem=200 latency=3
t=1697, issue load node 1007 gpr=36 mem=201 latency=3
t=1698, issue sfu node 993 with op exp src0=24 src1=-1 dst=25 latency=28 rounds=4 penalty=0 borrow=2
t=1698, issue load node 1012 gpr=40 mem=202 latency=3
t=1699, issue load node 1017 gpr=44 mem=203 latency=3
t=1702, issue sfu node 998 with op exp src0=28 src1=-1 dst=29 latency=28 rounds=4 penalty=0 borrow=2
t=1706, issue sfu node 1003 with op exp src0=32 src1=-1 dst=33 latency=28 rounds=4 penalty=0 borrow=2
t=1710, issue sfu node 1008 with op exp src0=36 src1=-1 dst=37 latency=28 rounds=4 penalty=0 borrow=2
t=1714, issue sfu node 1013 with op exp src0=40 src1=-1 dst=41 latency=28 rounds=4 penalty=0 borrow=2
t=1718, issue sfu node 1018 with op exp src0=44 src1=-1 dst=45 latency=28 rounds=4 penalty=0 borrow=2
t=1739, issue ve node 704 with op add src0=49 src1=7 dst=50 latency=7 penalty=0 half=0
t=1740, issue ve node 709 with op add src0=53 src1=7 dst=54 latency=7 penalty=0 half=0
t=1741, issue ve node 714 with op add src0=57 src1=7 dst=58 latency=7 penalty=0 half=0
t=1742, issue ve node 719 with op add src0=61 src1=7 dst=62 latency=7 penalty=0 half=0
t=1743, issue ve node 724 with op add src0=65 src1=7 dst=66 latency=7 penalty=0 half=0
t=1744, issue ve node 729 with op add src0=69 src1=7 dst=70 latency=7 penalty=0 half=0
t=1745, issue ve node 734 with op add src0=73 src1=7 dst=74 latency=7 penalty=0 half=0
t=1746, issue sfu node 705 with op ln src0=50 src1=-1 dst=51 latency=26 rounds=4 penalty=0 borrow=2
t=1746, issue ve node 739 with op add src0=77 src1=7 dst=78 latency=7 penalty=0 half=0
t=1747, issue ve node 744 with op add src0=81 src1=7 dst=82 latency=7 penalty=0 half=0
t=1748, issue ve node 749 with op add src0=85 src1=7 dst=86 latency=7 penalty=0 half=0
t=1750, issue sfu node 710 with op ln src0=54 src1=-1 dst=55 latency=26 rounds=4 penalty=0 borrow=2
t=1754, issue sfu node 715 with op ln src0=58 src1=-1 dst=59 latency=26 rounds=4 penalty=0 borrow=2
t=1758, issue sfu node 720 with op ln src0=62 src1=-1 dst=63 latency=26 rounds=4 penalty=0 borrow=2
t=1762, issue sfu node 725 with op ln src0=66 src1=-1 dst=67 latency=26 rounds=4 penalty=0 borrow=2
t=1766, issue sfu node 730 with op ln src0=70 src1=-1 dst=71 latency=26 rounds=4 penalty=0 borrow=2
t=1770, issue sfu node 735 with op ln src0=74 src1=-1 dst=75 latency=26 rounds=4 penalty=0 borrow=2
t=1772, issue store node 706 mem=140 latency=0
t=1774, issue sfu node 740 with op ln src0=78 src1=-1 dst=79 latency=26 rounds=4 penalty=0 borrow=2
t=1776, issue store node 711 mem=141 latency=0
t=1778, issue sfu node 745 with op ln src0=82 src1=-1 dst=83 latency=26 rounds=4 penalty=0 borrow=2
t=1780, issue store node 716 mem=142 latency=0
t=1782, issue sfu node 750 with op ln src0=86 src1=-1 dst=87 latency=26 rounds=4 penalty=0 borrow=2
t=1784, issue store node 721 mem=143 latency=0
t=1784, issue load node 1022 gpr=48 mem=204 latency=3
t=1785, issue load node 1027 gpr=52 mem=205 latency=3
t=1786, issue load node 1032 gpr=56 mem=206 latency=3
t=1787, issue sfu node 1023 with op exp src0=48 src1=-1 dst=49 latency=28 rounds=4 penalty=0 borrow=2
t=1787, issue load node 1037 gpr=60 mem=207 latency=3
t=1788, issue store node 726 mem=144 latency=0
t=1791, issue sfu node 1028 with op exp src0=52 src1=-1 dst=53 latency=28 rounds=4 penalty=0 borrow=2
t=1792, issue store node 731 mem=145 latency=0
t=1795, issue sfu node 1033 with op exp src0=56 src1=-1 dst=57 latency=28 rounds=4 penalty=0 borrow=2
t=1796, issue store node 736 mem=146 latency=0
t=1799, issue sfu node 1038 with op exp src0=60 src1=-1 dst=61 latency=28 rounds=4 penalty=0 borrow=2
t=1800, issue store node 741 mem=147 latency=0
t=1800, issue load node 1042 gpr=64 mem=208 latency=3
t=1801, issue load node 1047 gpr=68 mem=209 latency=3
t=1802, issue load node 1052 gpr=72 mem=210 latency=3
t=1803, issue sfu node 1043 with op exp src0=64 src1=-1 dst=65 latency=28 rounds=4 penalty=0 borrow=2
t=1803, issue load node 1057 gpr=76 mem=211 latency=3
t=1804, issue store node 746 mem=148 latency=0
t=1807, issue sfu node 1048 with op exp src0=68 src1=-1 dst=69 latency=28 rounds=4 penalty=0 borrow=2
t=1808, issue store node 751 mem=149 latency=0
t=1811, issue sfu node 1053 with op exp src0=72 src1=-1 dst=73 latency=28 rounds=4 penalty=0 borrow=2
t=1815, issue sfu node 1058 with op exp src0=76 src1=-1 dst=77 latency=28 rounds=4 penalty=0 borrow=2
t=1836, issue ve node 754 with op add src0=89 src1=7 dst=90 latency=7 penalty=0 half=0
t=1837, issue ve node 759 with op add src0=93 src1=7 dst=94 latency=7 penalty=0 half=0
t=1838, issue ve node 764 with op add src0=97 src1=7 dst=98 latency=7 penalty=0 half=0
t=1839, issue ve node 769 with op add src0=101 src1=7 dst=102 latency=7 penalty=0 half=0
t=1840, issue ve node 774 with op add src0=105 src1=7 dst=106 latency=7 penalty=0 half=0
t=1841, issue ve node 779 with op add src0=109 src1=7 dst=110 latency=7 penalty=0 half=0
t=1842, issue ve node 784 with op add src0=113 src1=7 dst=114 latency=7 penalty=0 half=0
t=1843, issue sfu node 755 with op ln src0=90 src1=-1 dst=91 latency=26 rounds=4 penalty=0 borrow=2
t=1843, issue ve node 789 with op add src0=117 src1=7 dst=118 latency=7 penalty=0 half=0
t=1844, issue ve node 794 with op add src0=121 src1=7 dst=122 latency=7 penalty=0 half=0
t=1845, issue ve node 799 with op add src0=125 src1=7 dst=126 latency=7 penalty=0 half=0
t=1847, issue sfu node 760 with op ln src0=94 src1=-1 dst=95 latency=26 rounds=4 penalty=0 borrow=2
t=1851, issue sfu node 765 with op ln src0=98 src1=-1 dst=99 latency=26 rounds=4 penalty=0 borrow=2
t=1855, issue sfu node 770 with op ln src0=102 src1=-1 dst=103 latency=26 rounds=4 penalty=0 borrow=2
t=1859, issue sfu node 775 with op ln src0=106 src1=-1 dst=107 latency=26 rounds=4 penalty=0 borrow=2
t=1863, issue sfu node 780 with op ln src0=110 src1=-1 dst=111 latency=26 rounds=4 penalty=0 borrow=2
t=1867, issue sfu node 785 with op ln src0=114 src1=-1 dst=115 latency=26 rounds=4 penalty=0 borrow=2
t=1869, issue store node 756 mem=150 latency=0
t=1871, issue sfu node 790 with op ln src0=118 src1=-1 dst=119 latency=26 rounds=4 penalty=0 borrow=2
t=1873, issue store node 761 mem=151 latency=0
t=1873, issue load node 1062 gpr=80 mem=212 latency=3
t=1874, issue load node 1067 gpr=84 mem=213 latency=3
t=1875, issue sfu node 795 with op ln src0=122 src1=-1 dst=123 latency=26 rounds=4 penalty=0 borrow=2
t=1875, issue load node 1072 gpr=88 mem=214 latency=3
t=1876, issue load node 1077 gpr=92 mem=215 latency=3
t=1877, issue store node 766 mem=152 latency=0
t=1879, issue sfu node 800 with op ln src0=126 src1=-1 dst=127 latency=26 rounds=4 penalty=0 borrow=2
t=1881, issue store node 771 mem=153 latency=0
t=1883, issue sfu node 1063 with op exp src0=80 src1=-1 dst=81 latency=28 rounds=4 penalty=0 borrow=2
t=1885, issue store node 776 mem=154 latency=0
t=1887, issue sfu node 1068 with op exp src0=84 src1=-1 dst=85 latency=28 rounds=4 penalty=0 borrow=2
t=1889, issue store node 781 mem=155 latency=0
t=1889, issue load node 1082 gpr=96 mem=216 latency=3
t=1890, issue load node 1087 gpr=100 mem=217 latency=3
t=1891, issue sfu node 1073 with op exp src0=88 src1=-1 dst=89 latency=28 rounds=4 penalty=0 borrow=2
t=1891, issue load node 1092 gpr=104 mem=218 latency=3
t=1892, issue load node 1097 gpr=108 mem=219 latency=3
t=1893, issue store node 786 mem=156 latency=0
t=1895, issue sfu node 1078 with op exp src0=92 src1=-1 dst=93 latency=28 rounds=4 penalty=0 borrow=2
t=1897, issue store node 791 mem=157 latency=0
t=1899, issue sfu node 1083 with op exp src0=96 src1=-1 dst=97 latency=28 rounds=4 penalty=0 borrow=2
t=1901, issue store node 796 mem=158 latency=0
t=1903, issue sfu node 1088 with op exp src0=100 src1=-1 dst=101 latency=28 rounds=4 penalty=0 borrow=2
t=1905, issue store node 801 mem=159 latency=0
t=1905, issue load node 1102 gpr=112 mem=220 latency=3
t=1906, issue load node 1107 gpr=116 mem=221 latency=3
t=1907, issue sfu node 1093 with op exp src0=104 src1=-1 dst=105 latency=28 rounds=4 penalty=0 borrow=2
t=1907, issue load node 1112 gpr=120 mem=222 latency=3
t=1908, issue load node 1117 gpr=124 mem=223 latency=3
t=1911, issue sfu node 1098 with op exp src0=108 src1=-1 dst=109 latency=28 rounds=4 penalty=0 borrow=2
t=1915, issue sfu node 1103 with op exp src0=112 src1=-1 dst=113 latency=28 rounds=4 penalty=0 borrow=2
t=1919, issue sfu node 1108 with op exp src0=116 src1=-1 dst=117 latency=28 rounds=4 penalty=0 borrow=2
t=1923, issue sfu node 1113 with op exp src0=120 src1=-1 dst=121 latency=28 rounds=4 penalty=0 borrow=2
t=1927, issue sfu node 1118 with op exp src0=124 src1=-1 dst=125 latency=28 rounds=4 penalty=0 borrow=2
t=1948, issue ve node 804 with op add src0=129 src1=7 dst=130 latency=7 penalty=0 half=0
t=1949, issue ve node 809 with op add src0=133 src1=7 dst=134 latency=7 penalty=0 half=0
t=1950, issue ve node 814 with op add src0=137 src1=7 dst=138 latency=7 penalty=0 half=0
t=1951, issue ve node 819 with op add src0=141 src1=7 dst=142 latency=7 penalty=0 half=0
t=1952, issue ve node 824 with op add src0=145 src1=7 dst=146 latency=7 penalty=0 half=0
t=1953, issue ve node 829 with op add src0=149 src1=7 dst=150 latency=7 penalty=0 half=0
t=1954, issue ve node 834 with op add src0=153 src1=7 dst=154 latency=7 penalty=0 half=0
t=1955, issue sfu node 805 with op ln src0=130 src1=-1 dst=131 latency=26 rounds=4 penalty=0 borrow=2
t=1955, issue ve node 839 with op add src0=157 src1=7 dst=158 latency=7 penalty=0 half=0
t=1956, issue ve node 844 with op add src0=161 src1=7 dst=162 latency=7 penalty=0 half=0
t=1957, issue ve node 849 with op add src0=165 src1=7 dst=166 latency=7 penalty=0 half=0
t=1959, issue sfu node 810 with op ln src0=134 src1=-1 dst=135 latency=26 rounds=4 penalty=0 borrow=2
t=1963, issue sfu node 815 with op ln src0=138 src1=-1 dst=139 latency=26 rounds=4 penalty=0 borrow=2
t=1967, issue sfu node 820 with op ln src0=142 src1=-1 dst=143 latency=26 rounds=4 penalty=0 borrow=2
t=1971, issue sfu node 825 with op ln src0=146 src1=-1 dst=147 latency=26 rounds=4 penalty=0 borrow=2
t=1975, issue sfu node 830 with op ln src0=150 src1=-1 dst=151 latency=26 rounds=4 penalty=0 borrow=2
t=1979, issue sfu node 835 with op ln src0=154 src1=-1 dst=155 latency=26 rounds=4 penalty=0 borrow=2
t=1981, issue store node 806 mem=160 latency=0
t=1983, issue sfu node 840 with op ln src0=158 src1=-1 dst=159 latency=26 rounds=4 penalty=0 borrow=2
t=1985, issue store node 811 mem=161 latency=0
t=1987, issue sfu node 845 with op ln src0=162 src1=-1 dst=163 latency=26 rounds=4 penalty=0 borrow=2
t=1989, issue store node 816 mem=162 latency=0
t=1991, issue sfu node 850 with op ln src0=166 src1=-1 dst=167 latency=26 rounds=4 penalty=0 borrow=2
t=1993, issue store node 821 mem=163 latency=0
t=1993, issue load node 1122 gpr=128 mem=224 latency=3
t=1994, issue load node 1127 gpr=132 mem=225 latency=3
t=1995, issue load node 1132 gpr=136 mem=226 latency=3
t=1996, issue sfu node 1123 with op exp src0=128 src1=-1 dst=129 latency=28 rounds=4 penalty=0 borrow=2
t=1996, issue load node 1137 gpr=140 mem=227 latency=3
t=1997, issue store node 826 mem=164 latency=0
t=2000, issue sfu node 1128 with op exp src0=132 src1=-1 dst=133 latency=28 rounds=4 penalty=0 borrow=2
t=2001, issue store node 831 mem=165 latency=0
t=2004, issue sfu node 1133 with op exp src0=136 src1=-1 dst=137 latency=28 rounds=4 penalty=0 borrow=2
t=2005, issue store node 836 mem=166 latency=0
t=2008, issue sfu node 1138 with op exp src0=140 src1=-1 dst=141 latency=28 rounds=4 penalty=0 borrow=2
t=2009, issue store node 841 mem=167 latency=0
t=2009, issue load node 1142 gpr=144 mem=228 latency=3
t=2010, issue load node 1147 gpr=148 mem=229 latency=3
t=2011, issue load node 1152 gpr=152 mem=230 latency=3
t=2012, issue sfu node 1143 with op exp src0=144 src1=-1 dst=145 latency=28 rounds=4 penalty=0 borrow=2
t=2012, issue load node 1157 gpr=156 mem=231 latency=3
t=2013, issue store node 846 mem=168 latency=0
t=2016, issue sfu node 1148 with op exp src0=148 src1=-1 dst=149 latency=28 rounds=4 penalty=0 borrow=2
t=2017, issue store node 851 mem=169 latency=0
t=2020, issue sfu node 1153 with op exp src0=152 src1=-1 dst=153 latency=28 rounds=4 penalty=0 borrow=2
t=2024, issue sfu node 1158 with op exp src0=156 src1=-1 dst=157 latency=28 rounds=4 penalty=0 borrow=2
t=2045, issue ve node 854 with op add src0=169 src1=7 dst=170 latency=7 penalty=0 half=0
t=2046, issue ve node 859 with op add src0=173 src1=7 dst=174 latency=7 penalty=0 half=0
t=2047, issue ve node 864 with op add src0=177 src1=7 dst=178 latency=7 penalty=0 half=0
t=2048, issue ve node 869 with op add src0=181 src1=7 dst=182 latency=7 penalty=0 half=0
t=2049, issue ve node 874 with op add src0=185 src1=7 dst=186 latency=7 penalty=0 half=0
t=2050, issue ve node 879 with op add src0=189 src1=7 dst=190 latency=7 penalty=0 half=0
t=2051, issue ve node 884 with op add src0=193 src1=7 dst=194 latency=7 penalty=0 half=0
t=2052, issue sfu node 855 with op ln src0=170 src1=-1 dst=171 latency=26 rounds=4 penalty=0 borrow=2
t=2052, issue ve node 889 with op add src0=197 src1=7 dst=198 latency=7 penalty=0 half=0
t=2053, issue ve node 894 with op add src0=201 src1=7 dst=202 latency=7 penalty=0 half=0
t=2054, issue ve node 899 with op add src0=205 src1=7 dst=206 latency=7 penalty=0 half=0
t=2056, issue sfu node 860 with op ln src0=174 src1=-1 dst=175 latency=26 rounds=4 penalty=0 borrow=2
t=2060, issue sfu node 865 with op ln src0=178 src1=-1 dst=179 latency=26 rounds=4 penalty=0 borrow=2
t=2064, issue sfu node 870 with op ln src0=182 src1=-1 dst=183 latency=26 rounds=4 penalty=0 borrow=2
t=2068, issue sfu node 875 with op ln src0=186 src1=-1 dst=187 latency=26 rounds=4 penalty=0 borrow=2
t=2072, issue sfu node 880 with op ln src0=190 src1=-1 dst=191 latency=26 rounds=4 penalty=0 borrow=2
t=2076, issue sfu node 885 with op ln src0=194 src1=-1 dst=195 latency=26 rounds=4 penalty=0 borrow=2
t=2078, issue store node 856 mem=170 latency=0
t=2080, issue sfu node 890 with op ln src0=198 src1=-1 dst=199 latency=26 rounds=4 penalty=0 borrow=2
t=2082, issue store node 861 mem=171 latency=0
t=2082, issue load node 1162 gpr=160 mem=232 latency=3
t=2083, issue load node 1167 gpr=164 mem=233 latency=3
t=2084, issue sfu node 895 with op ln src0=202 src1=-1 dst=203 latency=26 rounds=4 penalty=0 borrow=2
t=2084, issue load node 1172 gpr=168 mem=234 latency=3
t=2085, issue load node 1177 gpr=172 mem=235 latency=3
t=2086, issue store node 866 mem=172 latency=0
t=2088, issue sfu node 900 with op ln src0=206 src1=-1 dst=207 latency=26 rounds=4 penalty=0 borrow=2
t=2090, issue store node 871 mem=173 latency=0
t=2092, issue sfu node 1163 with op exp src0=160 src1=-1 dst=161 latency=28 rounds=4 penalty=0 borrow=2
t=2094, issue store node 876 mem=174 latency=0
t=2096, issue sfu node 1168 with op exp src0=164 src1=-1 dst=165 latency=28 rounds=4 penalty=0 borrow=2
t=2098, issue store node 881 mem=175 latency=0
t=2098, issue load node 1182 gpr=176 mem=236 latency=3
t=2099, issue load node 1187 gpr=180 mem=237 latency=3
t=2100, issue sfu node 1173 with op exp src0=168 src1=-1 dst=169 latency=28 rounds=4 penalty=0 borrow=2
t=2100, issue load node 1192 gpr=184 mem=238 latency=3
t=2101, issue load node 1197 gpr=188 mem=239 latency=3
t=2102, issue store node 886 mem=176 latency=0
t=2104, issue sfu node 1178 with op exp src0=172 src1=-1 dst=173 latency=28 rounds=4 penalty=0 borrow=2
t=2106, issue store node 891 mem=177 latency=0
t=2108, issue sfu node 1183 with op exp src0=176 src1=-1 dst=177 latency=28 rounds=4 penalty=0 borrow=2
t=2110, issue store node 896 mem=178 latency=0
t=2112, issue sfu node 1188 with op exp src0=180 src1=-1 dst=181 latency=28 rounds=4 penalty=0 borrow=2
t=2114, issue store node 901 mem=179 latency=0
t=2114, issue load node 1202 gpr=192 mem=240 latency=3
t=2115, issue load node 1207 gpr=196 mem=241 latency=3
t=2116, issue sfu node 1193 with op exp src0=184 src1=-1 dst=185 latency=28 rounds=4 penalty=0 borrow=2
t=2116, issue load node 1212 gpr=200 mem=242 latency=3
t=2117, issue load node 1217 gpr=204 mem=243 latency=3
t=2120, issue sfu node 1198 with op exp src0=188 src1=-1 dst=189 latency=28 rounds=4 penalty=0 borrow=2
t=2124, issue sfu node 1203 with op exp src0=192 src1=-1 dst=193 latency=28 rounds=4 penalty=0 borrow=2
t=2128, issue sfu node 1208 with op exp src0=196 src1=-1 dst=197 latency=28 rounds=4 penalty=0 borrow=2
t=2132, issue sfu node 1213 with op exp src0=200 src1=-1 dst=201 latency=28 rounds=4 penalty=0 borrow=2
t=2136, issue sfu node 1218 with op exp src0=204 src1=-1 dst=205 latency=28 rounds=4 penalty=0 borrow=2
t=2157, issue ve node 904 with op add src0=209 src1=7 dst=210 latency=7 penalty=0 half=0
t=2158, issue ve node 909 with op add src0=213 src1=7 dst=214 latency=7 penalty=0 half=0
t=2159, issue ve node 914 with op add src0=217 src1=7 dst=218 latency=7 penalty=0 half=0
t=2160, issue ve node 919 with op add src0=221 src1=7 dst=222 latency=7 penalty=0 half=0
t=2161, issue ve node 924 with op add src0=225 src1=7 dst=226 latency=7 penalty=0 half=0
t=2162, issue ve node 929 with op add src0=229 src1=7 dst=230 latency=7 penalty=0 half=0
t=2163, issue ve node 934 with op add src0=233 src1=7 dst=234 latency=7 penalty=0 half=0
t=2164, issue sfu node 905 with op ln src0=210 src1=-1 dst=211 latency=26 rounds=4 penalty=0 borrow=2
t=2164, issue ve node 939 with op add src0=237 src1=7 dst=238 latency=7 penalty=0 half=0
t=2165, issue ve node 944 with op add src0=241 src1=7 dst=242 latency=7 penalty=0 half=0
t=2166, issue ve node 949 with op add src0=245 src1=7 dst=246 latency=7 penalty=0 half=0
t=2168, issue sfu node 910 with op ln src0=214 src1=-1 dst=215 latency=26 rounds=4 penalty=0 borrow=2
t=2172, issue sfu node 915 with op ln src0=218 src1=-1 dst=219 latency=26 rounds=4 penalty=0 borrow=2
t=2176, issue sfu node 920 with op ln src0=222 src1=-1 dst=223 latency=26 rounds=4 penalty=0 borrow=2
t=2180, issue sfu node 925 with op ln src0=226 src1=-1 dst=227 latency=26 rounds=4 penalty=0 borrow=2
t=2184, issue sfu node 930 with op ln src0=230 src1=-1 dst=231 latency=26 rounds=4 penalty=0 borrow=2
t=2188, issue sfu node 935 with op ln src0=234 src1=-1 dst=235 latency=26 rounds=4 penalty=0 borrow=2
t=2190, issue store node 906 mem=180 latency=0
t=2192, issue sfu node 940 with op ln src0=238 src1=-1 dst=239 latency=26 rounds=4 penalty=0 borrow=2
t=2194, issue store node 911 mem=181 latency=0
t=2196, issue sfu node 945 with op ln src0=242 src1=-1 dst=243 latency=26 rounds=4 penalty=0 borrow=2
t=2198, issue store node 916 mem=182 latency=0
t=2200, issue sfu node 950 with op ln src0=246 src1=-1 dst=247 latency=26 rounds=4 penalty=0 borrow=2
t=2202, issue store node 921 mem=183 latency=0
t=2202, issue load node 1222 gpr=208 mem=244 latency=3
t=2203, issue load node 1227 gpr=212 mem=245 latency=3
t=2204, issue load node 1232 gpr=216 mem=246 latency=3
t=2205, issue sfu node 1223 with op exp src0=208 src1=-1 dst=209 latency=28 rounds=4 penalty=0 borrow=2
t=2205, issue load node 1237 gpr=220 mem=247 latency=3
t=2206, issue store node 926 mem=184 latency=0
t=2209, issue sfu node 1228 with op exp src0=212 src1=-1 dst=213 latency=28 rounds=4 penalty=0 borrow=2
t=2210, issue store node 931 mem=185 latency=0
t=2213, issue sfu node 1233 with op exp src0=216 src1=-1 dst=217 latency=28 rounds=4 penalty=0 borrow=2
t=2214, issue store node 936 mem=186 latency=0
t=2217, issue sfu node 1238 with op exp src0=220 src1=-1 dst=221 latency=28 rounds=4 penalty=0 borrow=2
t=2218, issue store node 941 mem=187 latency=0
t=2218, issue load node 1242 gpr=224 mem=248 latency=3
t=2219, issue load node 1247 gpr=228 mem=249 latency=3
t=2220, issue load node 1252 gpr=232 mem=250 latency=3
t=2221, issue sfu node 1243 with op exp src0=224 src1=-1 dst=225 latency=28 rounds=4 penalty=0 borrow=2
t=2221, issue load node 1257 gpr=236 mem=251 latency=3
t=2222, issue store node 946 mem=188 latency=0
t=2225, issue sfu node 1248 with op exp src0=228 src1=-1 dst=229 latency=28 rounds=4 penalty=0 borrow=2
t=2226, issue store node 951 mem=189 latency=0
t=2229, issue sfu node 1253 with op exp src0=232 src1=-1 dst=233 latency=28 rounds=4 penalty=0 borrow=2
t=2233, issue sfu node 1258 with op exp src0=236 src1=-1 dst=237 latency=28 rounds=4 penalty=0 borrow=2
t=2254, issue ve node 954 with op add src0=249 src1=7 dst=250 latency=7 penalty=0 half=0
t=2255, issue ve node 959 with op add src0=253 src1=7 dst=254 latency=7 penalty=0 half=0
t=2256, issue ve node 964 with op add src0=1 src1=7 dst=2 latency=7 penalty=0 half=0
t=2257, issue ve node 969 with op add src0=5 src1=7 dst=6 latency=7 penalty=0 half=0
t=2258, issue ve node 974 with op add src0=9 src1=7 dst=10 latency=7 penalty=0 half=0
t=2259, issue ve node 979 with op add src0=13 src1=7 dst=14 latency=7 penalty=0 half=0
t=2260, issue ve node 984 with op add src0=17 src1=7 dst=18 latency=7 penalty=0 half=0
t=2261, issue sfu node 955 with op ln src0=250 src1=-1 dst=251 latency=26 rounds=4 penalty=0 borrow=2
t=2261, issue ve node 989 with op add src0=21 src1=7 dst=22 latency=7 penalty=0 half=0
t=2262, issue ve node 994 with op add src0=25 src1=7 dst=26 latency=7 penalty=0 half=0
t=2263, issue ve node 999 with op add src0=29 src1=7 dst=30 latency=7 penalty=0 half=0
t=2265, issue sfu node 960 with op ln src0=254 src1=-1 dst=255 latency=26 rounds=4 penalty=0 borrow=2
t=2269, issue sfu node 965 with op ln src0=2 src1=-1 dst=3 latency=26 rounds=4 penalty=0 borrow=2
t=2273, issue sfu node 970 with op ln src0=6 src1=-1 dst=7 latency=26 rounds=4 penalty=0 borrow=2
t=2277, issue sfu node 975 with op ln src0=10 src1=-1 dst=11 latency=26 rounds=4 penalty=0 borrow=2
t=2281, issue sfu node 980 with op ln src0=14 src1=-1 dst=15 latency=26 rounds=4 penalty=0 borrow=2
t=2285, issue sfu node 985 with op ln src0=18 src1=-1 dst=19 latency=26 rounds=4 penalty=0 borrow=2
t=2287, issue store node 956 mem=190 latency=0
t=2289, issue sfu node 990 with op ln src0=22 src1=-1 dst=23 latency=26 rounds=4 penalty=0 borrow=2
t=2291, issue store node 961 mem=191 latency=0
t=2291, issue load node 1262 gpr=240 mem=252 latency=3
t=2292, issue load node 1267 gpr=244 mem=253 latency=3
t=2293, issue sfu node 995 with op ln src0=26 src1=-1 dst=27 latency=26 rounds=4 penalty=0 borrow=2
t=2293, issue load node 1272 gpr=248 mem=254 latency=3
t=2294, issue load node 1277 gpr=252 mem=255 latency=3
t=2295, issue store node 966 mem=192 latency=0
t=2297, issue sfu node 1000 with op ln src0=30 src1=-1 dst=31 latency=26 rounds=4 penalty=0 borrow=2
t=2299, issue store node 971 mem=193 latency=0
t=2301, issue sfu node 1263 with op exp src0=240 src1=-1 dst=241 latency=28 rounds=4 penalty=0 borrow=2
t=2303, issue store node 976 mem=194 latency=0
t=2305, issue sfu node 1268 with op exp src0=244 src1=-1 dst=245 latency=28 rounds=4 penalty=0 borrow=2
t=2307, issue store node 981 mem=195 latency=0
t=2309, issue sfu node 1273 with op exp src0=248 src1=-1 dst=249 latency=28 rounds=4 penalty=0 borrow=2
t=2311, issue store node 986 mem=196 latency=0
t=2313, issue sfu node 1278 with op exp src0=252 src1=-1 dst=253 latency=28 rounds=4 penalty=0 borrow=2
t=2315, issue store node 991 mem=197 latency=0
t=2319, issue store node 996 mem=198 latency=0
t=2323, issue store node 1001 mem=199 latency=0
t=2334, issue ve node 1004 with op add src0=33 src1=7 dst=34 latency=7 penalty=0 half=0
t=2335, issue ve node 1009 with op add src0=37 src1=7 dst=38 latency=7 penalty=0 half=0
t=2336, issue ve node 1014 with op add src0=41 src1=7 dst=42 latency=7 penalty=0 half=0
t=2337, issue ve node 1019 with op add src0=45 src1=7 dst=46 latency=7 penalty=0 half=0
t=2338, issue ve node 1024 with op add src0=49 src1=7 dst=50 latency=7 penalty=0 half=0
t=2339, issue ve node 1029 with op add src0=53 src1=7 dst=54 latency=7 penalty=0 half=0
t=2340, issue ve node 1034 with op add src0=57 src1=7 dst=58 latency=7 penalty=0 half=0
t=2341, issue sfu node 1005 with op ln src0=34 src1=-1 dst=35 latency=26 rounds=4 penalty=0 borrow=2
t=2341, issue ve node 1039 with op add src0=61 src1=7 dst=62 latency=7 penalty=0 half=0
t=2342, issue ve node 1044 with op add src0=65 src1=7 dst=66 latency=7 penalty=0 half=0
t=2343, issue ve node 1049 with op add src0=69 src1=7 dst=70 latency=7 penalty=0 half=0
t=2345, issue sfu node 1010 with op ln src0=38 src1=-1 dst=39 latency=26 rounds=4 penalty=0 borrow=2
t=2349, issue sfu node 1015 with op ln src0=42 src1=-1 dst=43 latency=26 rounds=4 penalty=0 borrow=2
t=2353, issue sfu node 1020 with op ln src0=46 src1=-1 dst=47 latency=26 rounds=4 penalty=0 borrow=2
t=2357, issue sfu node 1025 with op ln src0=50 src1=-1 dst=51 latency=26 rounds=4 penalty=0 borrow=2
t=2361, issue sfu node 1030 with op ln src0=54 src1=-1 dst=55 latency=26 rounds=4 penalty=0 borrow=2
t=2365, issue sfu node 1035 with op ln src0=58 src1=-1 dst=59 latency=26 rounds=4 penalty=0 borrow=2
t=2367, issue store node 1006 mem=200 latency=0
t=2369, issue sfu node 1040 with op ln src0=62 src1=-1 dst=63 latency=26 rounds=4 penalty=0 borrow=2
t=2371, issue store node 1011 mem=201 latency=0
t=2373, issue sfu node 1045 with op ln src0=66 src1=-1 dst=67 latency=26 rounds=4 penalty=0 borrow=2
t=2375, issue store node 1016 mem=202 latency=0
t=2377, issue sfu node 1050 with op ln src0=70 src1=-1 dst=71 latency=26 rounds=4 penalty=0 borrow=2
t=2379, issue store node 1021 mem=203 latency=0
t=2383, issue store node 1026 mem=204 latency=0
t=2387, issue store node 1031 mem=205 latency=0
t=2391, issue store node 1036 mem=206 latency=0
t=2393, issue ve node 1054 with op add src0=73 src1=7 dst=74 latency=7 penalty=0 half=0
t=2394, issue ve node 1059 with op add src0=77 src1=7 dst=78 latency=7 penalty=0 half=0
t=2395, issue store node 1041 mem=207 latency=0
t=2395, issue ve node 1064 with op add src0=81 src1=7 dst=82 latency=7 penalty=0 half=0
t=2396, issue ve node 1069 with op add src0=85 src1=7 dst=86 latency=7 penalty=0 half=0
t=2397, issue ve node 1074 with op add src0=89 src1=7 dst=90 latency=7 penalty=0 half=0
t=2398, issue ve node 1079 with op add src0=93 src1=7 dst=94 latency=7 penalty=0 half=0
t=2399, issue store node 1046 mem=208 latency=0
t=2399, issue ve node 1084 with op add src0=97 src1=7 dst=98 latency=7 penalty=0 half=0
t=2400, issue sfu node 1055 with op ln src0=74 src1=-1 dst=75 latency=26 rounds=4 penalty=0 borrow=2
t=2400, issue ve node 1089 with op add src0=101 src1=7 dst=102 latency=7 penalty=0 half=0
t=2401, issue ve node 1094 with op add src0=105 src1=7 dst=106 latency=7 penalty=0 half=0
t=2402, issue ve node 1099 with op add src0=109 src1=7 dst=110 latency=7 penalty=0 half=0
t=2403, issue store node 1051 mem=209 latency=0
t=2404, issue sfu node 1060 with op ln src0=78 src1=-1 dst=79 latency=26 rounds=4 penalty=0 borrow=2
t=2408, issue sfu node 1065 with op ln src0=82 src1=-1 dst=83 latency=26 rounds=4 penalty=0 borrow=2
t=2412, issue sfu node 1070 with op ln src0=86 src1=-1 dst=87 latency=26 rounds=4 penalty=0 borrow=2
t=2416, issue sfu node 1075 with op ln src0=90 src1=-1 dst=91 latency=26 rounds=4 penalty=0 borrow=2
t=2420, issue sfu node 1080 with op ln src0=94 src1=-1 dst=95 latency=26 rounds=4 penalty=0 borrow=2
t=2424, issue sfu node 1085 with op ln src0=98 src1=-1 dst=99 latency=26 rounds=4 penalty=0 borrow=2
t=2426, issue store node 1056 mem=210 latency=0
t=2428, issue sfu node 1090 with op ln src0=102 src1=-1 dst=103 latency=26 rounds=4 penalty=0 borrow=2
t=2430, issue store node 1061 mem=211 latency=0
t=2432, issue sfu node 1095 with op ln src0=106 src1=-1 dst=107 latency=26 rounds=4 penalty=0 borrow=2
t=2434, issue store node 1066 mem=212 latency=0
t=2436, issue sfu node 1100 with op ln src0=110 src1=-1 dst=111 latency=26 rounds=4 penalty=0 borrow=2
t=2438, issue store node 1071 mem=213 latency=0
t=2442, issue store node 1076 mem=214 latency=0
t=2446, issue store node 1081 mem=215 latency=0
t=2450, issue store node 1086 mem=216 latency=0
t=2452, issue ve node 1104 with op add src0=113 src1=7 dst=114 latency=7 penalty=0 half=0
t=2453, issue ve node 1109 with op add src0=117 src1=7 dst=118 latency=7 penalty=0 half=0
t=2454, issue store node 1091 mem=217 latency=0
t=2454, issue ve node 1114 with op add src0=121 src1=7 dst=122 latency=7 penalty=0 half=0
t=2455, issue ve node 1119 with op add src0=125 src1=7 dst=126 latency=7 penalty=0 half=0
t=2456, issue ve node 1124 with op add src0=129 src1=7 dst=130 latency=7 penalty=0 half=0
t=2457, issue ve node 1129 with op add src0=133 src1=7 dst=134 latency=7 penalty=0 half=0
t=2458, issue store node 1096 mem=218 latency=0
t=2458, issue ve node 1134 with op add src0=137 src1=7 dst=138 latency=7 penalty=0 half=0
t=2459, issue sfu node 1105 with op ln src0=114 src1=-1 dst=115 latency=26 rounds=4 penalty=0 borrow=2
t=2459, issue ve node 1139 with op add src0=141 src1=7 dst=142 latency=7 penalty=0 half=0
t=2460, issue ve node 1144 with op add src0=145 src1=7 dst=146 latency=7 penalty=0 half=0
t=2461, issue ve node 1149 with op add src0=149 src1=7 dst=150 latency=7 penalty=0 half=0
t=2462, issue store node 1101 mem=219 latency=0
t=2463, issue sfu node 1110 with op ln src0=118 src1=-1 dst=119 latency=26 rounds=4 penalty=0 borrow=2
t=2467, issue sfu node 1115 with op ln src0=122 src1=-1 dst=123 latency=26 rounds=4 penalty=0 borrow=2
t=2471, issue sfu node 1120 with op ln src0=126 src1=-1 dst=127 latency=26 rounds=4 penalty=0 borrow=2
t=2475, issue sfu node 1125 with op ln src0=130 src1=-1 dst=131 latency=26 rounds=4 penalty=0 borrow=2
t=2479, issue sfu node 1130 with op ln src0=134 src1=-1 dst=135 latency=26 rounds=4 penalty=0 borrow=2
t=2483, issue sfu node 1135 with op ln src0=138 src1=-1 dst=139 latency=26 rounds=4 penalty=0 borrow=2
t=2485, issue store node 1106 mem=220 latency=0
t=2487, issue sfu node 1140 with op ln src0=142 src1=-1 dst=143 latency=26 rounds=4 penalty=0 borrow=2
t=2489, issue store node 1111 mem=221 latency=0
t=2491, issue sfu node 1145 with op ln src0=146 src1=-1 dst=147 latency=26 rounds=4 penalty=0 borrow=2
t=2493, issue store node 1116 mem=222 latency=0
t=2495, issue sfu node 1150 with op ln src0=150 src1=-1 dst=151 latency=26 rounds=4 penalty=0 borrow=2
t=2497, issue store node 1121 mem=223 latency=0
t=2501, issue store node 1126 mem=224 latency=0
t=2505, issue store node 1131 mem=225 latency=0
t=2509, issue store node 1136 mem=226 latency=0
t=2511, issue ve node 1154 with op add src0=153 src1=7 dst=154 latency=7 penalty=0 half=0
t=2512, issue ve node 1159 with op add src0=157 src1=7 dst=158 latency=7 penalty=0 half=0
t=2513, issue store node 1141 mem=227 latency=0
t=2513, issue ve node 1164 with op add src0=161 src1=7 dst=162 latency=7 penalty=0 half=0
t=2514, issue ve node 1169 with op add src0=165 src1=7 dst=166 latency=7 penalty=0 half=0
t=2515, issue ve node 1174 with op add src0=169 src1=7 dst=170 latency=7 penalty=0 half=0
t=2516, issue ve node 1179 with op add src0=173 src1=7 dst=174 latency=7 penalty=0 half=0
t=2517, issue store node 1146 mem=228 latency=0
t=2517, issue ve node 1184 with op add src0=177 src1=7 dst=178 latency=7 penalty=0 half=0
t=2518, issue sfu node 1155 with op ln src0=154 src1=-1 dst=155 latency=26 rounds=4 penalty=0 borrow=2
t=2518, issue ve node 1189 with op add src0=181 src1=7 dst=182 latency=7 penalty=0 half=0
t=2519, issue ve node 1194 with op add src0=185 src1=7 dst=186 latency=7 penalty=0 half=0
t=2520, issue ve node 1199 with op add src0=189 src1=7 dst=190 latency=7 penalty=0 half=0
t=2521, issue store node 1151 mem=229 latency=0
t=2522, issue sfu node 1160 with op ln src0=158 src1=-1 dst=159 latency=26 rounds=4 penalty=0 borrow=2
t=2526, issue sfu node 1165 with op ln src0=162 src1=-1 dst=163 latency=26 rounds=4 penalty=0 borrow=2
t=2530, issue sfu node 1170 with op ln src0=166 src1=-1 dst=167 latency=26 rounds=4 penalty=0 borrow=2
t=2534, issue sfu node 1175 with op ln src0=170 src1=-1 dst=171 latency=26 rounds=4 penalty=0 borrow=2
t=2538, issue sfu node 1180 with op ln src0=174 src1=-1 dst=175 latency=26 rounds=4 penalty=0 borrow=2
t=2542, issue sfu node 1185 with op ln src0=178 src1=-1 dst=179 latency=26 rounds=4 penalty=0 borrow=2
t=2544, issue store node 1156 mem=230 latency=0
t=2546, issue sfu node 1190 with op ln src0=182 src1=-1 dst=183 latency=26 rounds=4 penalty=0 borrow=2
t=2548, issue store node 1161 mem=231 latency=0
t=2550, issue sfu node 1195 with op ln src0=186 src1=-1 dst=187 latency=26 rounds=4 penalty=0 borrow=2
t=2552, issue store node 1166 mem=232 latency=0
t=2554, issue sfu node 1200 with op ln src0=190 src1=-1 dst=191 latency=26 rounds=4 penalty=0 borrow=2
t=2556, issue store node 1171 mem=233 latency=0
t=2560, issue store node 1176 mem=234 latency=0
t=2564, issue store node 1181 mem=235 latency=0
t=2568, issue store node 1186 mem=236 latency=0
t=2570, issue ve node 1204 with op add src0=193 src1=7 dst=194 latency=7 penalty=0 half=0
t=2571, issue ve node 1209 with op add src0=197 src1=7 dst=198 latency=7 penalty=0 half=0
t=2572, issue store node 1191 mem=237 latency=0
t=2572, issue ve node 1214 with op add src0=201 src1=7 dst=202 latency=7 penalty=0 half=0
t=2573, issue ve node 1219 with op add src0=205 src1=7 dst=206 latency=7 penalty=0 half=0
t=2574, issue ve node 1224 with op add src0=209 src1=7 dst=210 latency=7 penalty=0 half=0
t=2575, issue ve node 1229 with op add src0=213 src1=7 dst=214 latency=7 penalty=0 half=0
t=2576, issue store node 1196 mem=238 latency=0
t=2576, issue ve node 1234 with op add src0=217 src1=7 dst=218 latency=7 penalty=0 half=0
t=2577, issue sfu node 1205 with op ln src0=194 src1=-1 dst=195 latency=26 rounds=4 penalty=0 borrow=2
t=2577, issue ve node 1239 with op add src0=221 src1=7 dst=222 latency=7 penalty=0 half=0
t=2578, issue ve node 1244 with op add src0=225 src1=7 dst=226 latency=7 penalty=0 half=0
t=2579, issue ve node 1249 with op add src0=229 src1=7 dst=230 latency=7 penalty=0 half=0
t=2580, issue store node 1201 mem=239 latency=0
t=2581, issue sfu node 1210 with op ln src0=198 src1=-1 dst=199 latency=26 rounds=4 penalty=0 borrow=2
t=2585, issue sfu node 1215 with op ln src0=202 src1=-1 dst=203 latency=26 rounds=4 penalty=0 borrow=2
t=2589, issue sfu node 1220 with op ln src0=206 src1=-1 dst=207 latency=26 rounds=4 penalty=0 borrow=2
t=2593, issue sfu node 1225 with op ln src0=210 src1=-1 dst=211 latency=26 rounds=4 penalty=0 borrow=2
t=2597, issue sfu node 1230 with op ln src0=214 src1=-1 dst=215 latency=26 rounds=4 penalty=0 borrow=2
t=2601, issue sfu node 1235 with op ln src0=218 src1=-1 dst=219 latency=26 rounds=4 penalty=0 borrow=2
t=2603, issue store node 1206 mem=240 latency=0
t=2605, issue sfu node 1240 with op ln src0=222 src1=-1 dst=223 latency=26 rounds=4 penalty=0 borrow=2
t=2607, issue store node 1211 mem=241 latency=0
t=2609, issue sfu node 1245 with op ln src0=226 src1=-1 dst=227 latency=26 rounds=4 penalty=0 borrow=2
t=2611, issue store node 1216 mem=242 latency=0
t=2613, issue sfu node 1250 with op ln src0=230 src1=-1 dst=231 latency=26 rounds=4 penalty=0 borrow=2
t=2615, issue store node 1221 mem=243 latency=0
t=2619, issue store node 1226 mem=244 latency=0
t=2623, issue store node 1231 mem=245 latency=0
t=2627, issue store node 1236 mem=246 latency=0
t=2629, issue ve node 1254 with op add src0=233 src1=7 dst=234 latency=7 penalty=0 half=0
t=2630, issue ve node 1259 with op add src0=237 src1=7 dst=238 latency=7 penalty=0 half=0
t=2631, issue store node 1241 mem=247 latency=0
t=2631, issue ve node 1264 with op add src0=241 src1=7 dst=242 latency=7 penalty=0 half=0
t=2632, issue ve node 1269 with op add src0=245 src1=7 dst=246 latency=7 penalty=0 half=0
t=2633, issue ve node 1274 with op add src0=249 src1=7 dst=250 latency=7 penalty=0 half=0
t=2634, issue ve node 1279 with op add src0=253 src1=7 dst=254 latency=7 penalty=0 half=0
t=2635, issue store node 1246 mem=248 latency=0
t=2636, issue sfu node 1255 with op ln src0=234 src1=-1 dst=235 latency=26 rounds=4 penalty=0 borrow=2
t=2639, issue store node 1251 mem=249 latency=0
t=2640, issue sfu node 1260 with op ln src0=238 src1=-1 dst=239 latency=26 rounds=4 penalty=0 borrow=2
t=2644, issue sfu node 1265 with op ln src0=242 src1=-1 dst=243 latency=26 rounds=4 penalty=0 borrow=2
t=2648, issue sfu node 1270 with op ln src0=246 src1=-1 dst=247 latency=26 rounds=4 penalty=0 borrow=2
t=2652, issue sfu node 1275 with op ln src0=250 src1=-1 dst=251 latency=26 rounds=4 penalty=0 borrow=2
t=2656, issue sfu node 1280 with op ln src0=254 src1=-1 dst=255 latency=26 rounds=4 penalty=0 borrow=2
t=2662, issue store node 1256 mem=250 latency=0
t=2666, issue store node 1261 mem=251 latency=0
t=2670, issue store node 1266 mem=252 latency=0
t=2674, issue store node 1271 mem=253 latency=0
t=2678, issue store node 1276 mem=254 latency=0
t=2682, issue store node 1281 mem=255 latency=0
调度完成，周期数 = 2684
统计已完成，结果已输出到 /Users/maghu/Desktop/work at school/compress/compress-vliw/analysis_output_issue2_174_priority/final_selected/softplus_x64_y1024_mode2_indexperformance.txt
Saved VE usage to: /Users/maghu/Desktop/work at school/compress/compress-vliw/analysis_output_issue2_174_priority/final_selected/softplus_x64_y1024_mode2_index/ve_usage.csv
Saved SFU usage to: /Users/maghu/Desktop/work at school/compress/compress-vliw/analysis_output_issue2_174_priority/final_selected/softplus_x64_y1024_mode2_index/sfu_usage.csv
