t,borrow,dst,src,is_vector,rounds,optype
0,00,00000000,00000000,0,00000000,0000
1,00,00000000,00000000,0,00000000,0000
2,00,00000000,00000000,0,00000000,0000
3,10,00000001,00000000,1,00000100,0001
4,00,00000000,00000000,0,00000000,0000
5,00,00000000,00000000,0,00000000,0000
6,00,00000000,00000000,0,00000000,0000
7,10,00000101,00000100,1,00000100,0001
8,00,00000000,00000000,0,00000000,0000
9,00,00000000,00000000,0,00000000,0000
10,00,00000000,00000000,0,00000000,0000
11,10,00001001,00001000,1,00000100,0001
12,00,00000000,00000000,0,00000000,0000
13,00,00000000,00000000,0,00000000,0000
14,00,00000000,00000000,0,00000000,0000
15,10,00001101,00001100,1,00000100,0001
16,00,00000000,00000000,0,00000000,0000
17,00,00000000,00000000,0,00000000,0000
18,00,00000000,00000000,0,00000000,0000
19,10,00010001,00010000,1,00000100,0001
20,00,00000000,00000000,0,00000000,0000
21,00,00000000,00000000,0,00000000,0000
22,00,00000000,00000000,0,00000000,0000
23,10,00010101,00010100,1,00000100,0001
24,00,00000000,00000000,0,00000000,0000
25,00,00000000,00000000,0,00000000,0000
26,00,00000000,00000000,0,00000000,0000
27,10,00011001,00011000,1,00000100,0001
28,00,00000000,00000000,0,00000000,0000
29,00,00000000,00000000,0,00000000,0000
30,00,00000000,00000000,0,00000000,0000
31,10,00011101,00011100,1,00000100,0001
32,00,00000000,00000000,0,00000000,0000
33,00,00000000,00000000,0,00000000,0000
34,00,00000000,00000000,0,00000000,0000
35,10,00100001,00100000,1,00000100,0001
36,00,00000000,00000000,0,00000000,0000
37,00,00000000,00000000,0,00000000,0000
38,00,00000000,00000000,0,00000000,0000
39,10,00100101,00100100,1,00000100,0001
40,00,00000000,00000000,0,00000000,0000
41,00,00000000,00000000,0,00000000,0000
42,00,00000000,00000000,0,00000000,0000
43,10,00101001,00101000,1,00000100,0001
44,00,00000000,00000000,0,00000000,0000
45,00,00000000,00000000,0,00000000,0000
46,00,00000000,00000000,0,00000000,0000
47,10,00101101,00101100,1,00000100,0001
48,00,00000000,00000000,0,00000000,0000
49,00,00000000,00000000,0,00000000,0000
50,00,00000000,00000000,0,00000000,0000
51,10,00110001,00110000,1,00000100,0001
52,00,00000000,00000000,0,00000000,0000
53,00,00000000,00000000,0,00000000,0000
54,00,00000000,00000000,0,00000000,0000
55,10,00110101,00110100,1,00000100,0001
56,00,00000000,00000000,0,00000000,0000
57,00,00000000,00000000,0,00000000,0000
58,00,00000000,00000000,0,00000000,0000
59,10,00111001,00111000,1,00000100,0001
60,00,00000000,00000000,0,00000000,0000
61,00,00000000,00000000,0,00000000,0000
62,00,00000000,00000000,0,00000000,0000
63,10,00111101,00111100,1,00000100,0001
64,00,00000000,00000000,0,00000000,0000
65,00,00000000,00000000,0,00000000,0000
66,00,00000000,00000000,0,00000000,0000
67,10,01000001,01000000,1,00000100,0001
68,00,00000000,00000000,0,00000000,0000
69,00,00000000,00000000,0,00000000,0000
70,00,00000000,00000000,0,00000000,0000
71,10,01000101,01000100,1,00000100,0001
72,00,00000000,00000000,0,00000000,0000
73,00,00000000,00000000,0,00000000,0000
74,00,00000000,00000000,0,00000000,0000
75,10,01001001,01001000,1,00000100,0001
76,00,00000000,00000000,0,00000000,0000
77,00,00000000,00000000,0,00000000,0000
78,00,00000000,00000000,0,00000000,0000
79,10,01001101,01001100,1,00000100,0001
80,00,00000000,00000000,0,00000000,0000
81,00,00000000,00000000,0,00000000,0000
82,00,00000000,00000000,0,00000000,0000
83,10,01010001,01010000,1,00000100,0001
84,00,00000000,00000000,0,00000000,0000
85,00,00000000,00000000,0,00000000,0000
86,00,00000000,00000000,0,00000000,0000
87,10,01010101,01010100,1,00000100,0001
88,00,00000000,00000000,0,00000000,0000
89,00,00000000,00000000,0,00000000,0000
90,00,00000000,00000000,0,00000000,0000
91,10,01011001,01011000,1,00000100,0001
92,00,00000000,00000000,0,00000000,0000
93,00,00000000,00000000,0,00000000,0000
94,00,00000000,00000000,0,00000000,0000
95,10,01011101,01011100,1,00000100,0001
96,00,00000000,00000000,0,00000000,0000
97,00,00000000,00000000,0,00000000,0000
98,00,00000000,00000000,0,00000000,0000
99,10,01100001,01100000,1,00000100,0001
100,00,00000000,00000000,0,00000000,0000
101,00,00000000,00000000,0,00000000,0000
102,00,00000000,00000000,0,00000000,0000
103,10,01100101,01100100,1,00000100,0001
104,00,00000000,00000000,0,00000000,0000
105,00,00000000,00000000,0,00000000,0000
106,00,00000000,00000000,0,00000000,0000
107,10,01101001,01101000,1,00000100,0001
108,00,00000000,00000000,0,00000000,0000
109,00,00000000,00000000,0,00000000,0000
110,00,00000000,00000000,0,00000000,0000
111,10,01101101,01101100,1,00000100,0001
112,00,00000000,00000000,0,00000000,0000
113,00,00000000,00000000,0,00000000,0000
114,00,00000000,00000000,0,00000000,0000
115,10,01110001,01110000,1,00000100,0001
116,00,00000000,00000000,0,00000000,0000
117,00,00000000,00000000,0,00000000,0000
118,00,00000000,00000000,0,00000000,0000
119,10,01110101,01110100,1,00000100,0001
120,00,00000000,00000000,0,00000000,0000
121,00,00000000,00000000,0,00000000,0000
122,00,00000000,00000000,0,00000000,0000
123,10,01111001,01111000,1,00000100,0001
124,00,00000000,00000000,0,00000000,0000
125,00,00000000,00000000,0,00000000,0000
126,00,00000000,00000000,0,00000000,0000
127,10,01111101,01111100,1,00000100,0001
128,00,00000000,00000000,0,00000000,0000
129,00,00000000,00000000,0,00000000,0000
130,00,00000000,00000000,0,00000000,0000
131,10,10000001,10000000,1,00000100,0001
132,00,00000000,00000000,0,00000000,0000
133,00,00000000,00000000,0,00000000,0000
134,00,00000000,00000000,0,00000000,0000
135,10,10000101,10000100,1,00000100,0001
136,00,00000000,00000000,0,00000000,0000
137,00,00000000,00000000,0,00000000,0000
138,00,00000000,00000000,0,00000000,0000
139,10,10001001,10001000,1,00000100,0001
140,00,00000000,00000000,0,00000000,0000
141,00,00000000,00000000,0,00000000,0000
142,00,00000000,00000000,0,00000000,0000
143,10,10001101,10001100,1,00000100,0001
144,00,00000000,00000000,0,00000000,0000
145,00,00000000,00000000,0,00000000,0000
146,00,00000000,00000000,0,00000000,0000
147,10,10010001,10010000,1,00000100,0001
148,00,00000000,00000000,0,00000000,0000
149,00,00000000,00000000,0,00000000,0000
150,00,00000000,00000000,0,00000000,0000
151,10,10010101,10010100,1,00000100,0001
152,00,00000000,00000000,0,00000000,0000
153,00,00000000,00000000,0,00000000,0000
154,00,00000000,00000000,0,00000000,0000
155,10,10011001,10011000,1,00000100,0001
156,00,00000000,00000000,0,00000000,0000
157,00,00000000,00000000,0,00000000,0000
158,00,00000000,00000000,0,00000000,0000
159,10,10011101,10011100,1,00000100,0001
160,00,00000000,00000000,0,00000000,0000
161,00,00000000,00000000,0,00000000,0000
162,00,00000000,00000000,0,00000000,0000
163,10,10100001,10100000,1,00000100,0001
164,00,00000000,00000000,0,00000000,0000
165,00,00000000,00000000,0,00000000,0000
166,00,00000000,00000000,0,00000000,0000
167,10,10100101,10100100,1,00000100,0001
168,00,00000000,00000000,0,00000000,0000
169,00,00000000,00000000,0,00000000,0000
170,00,00000000,00000000,0,00000000,0000
171,10,10101001,10101000,1,00000100,0001
172,00,00000000,00000000,0,00000000,0000
173,00,00000000,00000000,0,00000000,0000
174,00,00000000,00000000,0,00000000,0000
175,10,10101101,10101100,1,00000100,0001
176,00,00000000,00000000,0,00000000,0000
177,00,00000000,00000000,0,00000000,0000
178,00,00000000,00000000,0,00000000,0000
179,10,10110001,10110000,1,00000100,0001
180,00,00000000,00000000,0,00000000,0000
181,00,00000000,00000000,0,00000000,0000
182,00,00000000,00000000,0,00000000,0000
183,10,10110101,10110100,1,00000100,0001
184,00,00000000,00000000,0,00000000,0000
185,00,00000000,00000000,0,00000000,0000
186,00,00000000,00000000,0,00000000,0000
187,10,10111001,10111000,1,00000100,0001
188,00,00000000,00000000,0,00000000,0000
189,00,00000000,00000000,0,00000000,0000
190,00,00000000,00000000,0,00000000,0000
191,10,10111101,10111100,1,00000100,0001
192,00,00000000,00000000,0,00000000,0000
193,00,00000000,00000000,0,00000000,0000
194,00,00000000,00000000,0,00000000,0000
195,10,11000001,11000000,1,00000100,0001
196,00,00000000,00000000,0,00000000,0000
197,00,00000000,00000000,0,00000000,0000
198,00,00000000,00000000,0,00000000,0000
199,10,11000101,11000100,1,00000100,0001
200,00,00000000,00000000,0,00000000,0000
201,00,00000000,00000000,0,00000000,0000
202,00,00000000,00000000,0,00000000,0000
203,10,11001001,11001000,1,00000100,0001
204,00,00000000,00000000,0,00000000,0000
205,00,00000000,00000000,0,00000000,0000
206,00,00000000,00000000,0,00000000,0000
207,10,11001101,11001100,1,00000100,0001
208,00,00000000,00000000,0,00000000,0000
209,00,00000000,00000000,0,00000000,0000
210,00,00000000,00000000,0,00000000,0000
211,10,11010001,11010000,1,00000100,0001
212,00,00000000,00000000,0,00000000,0000
213,00,00000000,00000000,0,00000000,0000
214,00,00000000,00000000,0,00000000,0000
215,10,11010101,11010100,1,00000100,0001
216,00,00000000,00000000,0,00000000,0000
217,00,00000000,00000000,0,00000000,0000
218,00,00000000,00000000,0,00000000,0000
219,10,11011001,11011000,1,00000100,0001
220,00,00000000,00000000,0,00000000,0000
221,00,00000000,00000000,0,00000000,0000
222,00,00000000,00000000,0,00000000,0000
223,10,11011101,11011100,1,00000100,0001
224,00,00000000,00000000,0,00000000,0000
225,00,00000000,00000000,0,00000000,0000
226,00,00000000,00000000,0,00000000,0000
227,10,11100001,11100000,1,00000100,0001
228,00,00000000,00000000,0,00000000,0000
229,00,00000000,00000000,0,00000000,0000
230,00,00000000,00000000,0,00000000,0000
231,10,11100101,11100100,1,00000100,0001
232,00,00000000,00000000,0,00000000,0000
233,00,00000000,00000000,0,00000000,0000
234,00,00000000,00000000,0,00000000,0000
235,10,11101001,11101000,1,00000100,0001
236,00,00000000,00000000,0,00000000,0000
237,00,00000000,00000000,0,00000000,0000
238,00,00000000,00000000,0,00000000,0000
239,10,11101101,11101100,1,00000100,0001
240,00,00000000,00000000,0,00000000,0000
241,00,00000000,00000000,0,00000000,0000
242,00,00000000,00000000,0,00000000,0000
243,10,11110001,11110000,1,00000100,0001
244,00,00000000,00000000,0,00000000,0000
245,00,00000000,00000000,0,00000000,0000
246,00,00000000,00000000,0,00000000,0000
247,10,11110101,11110100,1,00000100,0001
248,00,00000000,00000000,0,00000000,0000
249,00,00000000,00000000,0,00000000,0000
250,00,00000000,00000000,0,00000000,0000
251,10,11111001,11111000,1,00000100,0001
252,00,00000000,00000000,0,00000000,0000
253,00,00000000,00000000,0,00000000,0000
254,00,00000000,00000000,0,00000000,0000
255,10,11111101,11111100,1,00000100,0001
256,00,00000000,00000000,0,00000000,0000
257,00,00000000,00000000,0,00000000,0000
258,00,00000000,00000000,0,00000000,0000
259,00,00000000,00000000,0,00000000,0000
260,00,00000000,00000000,0,00000000,0000
261,00,00000000,00000000,0,00000000,0000
262,00,00000000,00000000,0,00000000,0000
263,00,00000000,00000000,0,00000000,0000
264,00,00000000,00000000,0,00000000,0000
265,00,00000000,00000000,0,00000000,0000
266,00,00000000,00000000,0,00000000,0000
267,00,00000000,00000000,0,00000000,0000
268,00,00000000,00000000,0,00000000,0000
269,00,00000000,00000000,0,00000000,0000
270,00,00000000,00000000,0,00000000,0000
271,00,00000000,00000000,0,00000000,0000
272,00,00000000,00000000,0,00000000,0000
273,00,00000000,00000000,0,00000000,0000
274,00,00000000,00000000,0,00000000,0000
275,00,00000000,00000000,0,00000000,0000
276,00,00000000,00000000,0,00000000,0000
277,00,00000000,00000000,0,00000000,0000
278,00,00000000,00000000,0,00000000,0000
279,00,00000000,00000000,0,00000000,0000
280,00,00000000,00000000,0,00000000,0000
281,00,00000000,00000000,0,00000000,0000
282,00,00000000,00000000,0,00000000,0000
283,10,00000011,00000010,1,00000100,1001
284,00,00000000,00000000,0,00000000,0000
285,00,00000000,00000000,0,00000000,0000
286,00,00000000,00000000,0,00000000,0000
287,10,00000111,00000110,1,00000100,1001
288,00,00000000,00000000,0,00000000,0000
289,00,00000000,00000000,0,00000000,0000
290,00,00000000,00000000,0,00000000,0000
291,10,00001011,00001010,1,00000100,1001
292,00,00000000,00000000,0,00000000,0000
293,00,00000000,00000000,0,00000000,0000
294,00,00000000,00000000,0,00000000,0000
295,10,00001111,00001110,1,00000100,1001
296,00,00000000,00000000,0,00000000,0000
297,00,00000000,00000000,0,00000000,0000
298,00,00000000,00000000,0,00000000,0000
299,10,00010011,00010010,1,00000100,1001
300,00,00000000,00000000,0,00000000,0000
301,00,00000000,00000000,0,00000000,0000
302,00,00000000,00000000,0,00000000,0000
303,10,00010111,00010110,1,00000100,1001
304,00,00000000,00000000,0,00000000,0000
305,00,00000000,00000000,0,00000000,0000
306,00,00000000,00000000,0,00000000,0000
307,10,00011011,00011010,1,00000100,1001
308,00,00000000,00000000,0,00000000,0000
309,00,00000000,00000000,0,00000000,0000
310,00,00000000,00000000,0,00000000,0000
311,10,00011111,00011110,1,00000100,1001
312,00,00000000,00000000,0,00000000,0000
313,00,00000000,00000000,0,00000000,0000
314,00,00000000,00000000,0,00000000,0000
315,10,00100011,00100010,1,00000100,1001
316,00,00000000,00000000,0,00000000,0000
317,00,00000000,00000000,0,00000000,0000
318,00,00000000,00000000,0,00000000,0000
319,10,00100111,00100110,1,00000100,1001
320,00,00000000,00000000,0,00000000,0000
321,00,00000000,00000000,0,00000000,0000
322,00,00000000,00000000,0,00000000,0000
323,00,00000000,00000000,0,00000000,0000
324,10,00000001,00000000,1,00000100,0001
325,00,00000000,00000000,0,00000000,0000
326,00,00000000,00000000,0,00000000,0000
327,00,00000000,00000000,0,00000000,0000
328,10,00000101,00000100,1,00000100,0001
329,00,00000000,00000000,0,00000000,0000
330,00,00000000,00000000,0,00000000,0000
331,00,00000000,00000000,0,00000000,0000
332,10,00001001,00001000,1,00000100,0001
333,00,00000000,00000000,0,00000000,0000
334,00,00000000,00000000,0,00000000,0000
335,00,00000000,00000000,0,00000000,0000
336,10,00001101,00001100,1,00000100,0001
337,00,00000000,00000000,0,00000000,0000
338,00,00000000,00000000,0,00000000,0000
339,00,00000000,00000000,0,00000000,0000
340,10,00010001,00010000,1,00000100,0001
341,00,00000000,00000000,0,00000000,0000
342,00,00000000,00000000,0,00000000,0000
343,00,00000000,00000000,0,00000000,0000
344,10,00010101,00010100,1,00000100,0001
345,00,00000000,00000000,0,00000000,0000
346,00,00000000,00000000,0,00000000,0000
347,00,00000000,00000000,0,00000000,0000
348,10,00011001,00011000,1,00000100,0001
349,00,00000000,00000000,0,00000000,0000
350,00,00000000,00000000,0,00000000,0000
351,00,00000000,00000000,0,00000000,0000
352,10,00011101,00011100,1,00000100,0001
353,00,00000000,00000000,0,00000000,0000
354,00,00000000,00000000,0,00000000,0000
355,00,00000000,00000000,0,00000000,0000
356,00,00000000,00000000,0,00000000,0000
357,00,00000000,00000000,0,00000000,0000
358,00,00000000,00000000,0,00000000,0000
359,00,00000000,00000000,0,00000000,0000
360,00,00000000,00000000,0,00000000,0000
361,00,00000000,00000000,0,00000000,0000
362,00,00000000,00000000,0,00000000,0000
363,00,00000000,00000000,0,00000000,0000
364,00,00000000,00000000,0,00000000,0000
365,00,00000000,00000000,0,00000000,0000
366,00,00000000,00000000,0,00000000,0000
367,00,00000000,00000000,0,00000000,0000
368,00,00000000,00000000,0,00000000,0000
369,00,00000000,00000000,0,00000000,0000
370,00,00000000,00000000,0,00000000,0000
371,00,00000000,00000000,0,00000000,0000
372,00,00000000,00000000,0,00000000,0000
373,00,00000000,00000000,0,00000000,0000
374,00,00000000,00000000,0,00000000,0000
375,00,00000000,00000000,0,00000000,0000
376,00,00000000,00000000,0,00000000,0000
377,00,00000000,00000000,0,00000000,0000
378,00,00000000,00000000,0,00000000,0000
379,00,00000000,00000000,0,00000000,0000
380,10,00101011,00101010,1,00000100,1001
381,00,00000000,00000000,0,00000000,0000
382,00,00000000,00000000,0,00000000,0000
383,00,00000000,00000000,0,00000000,0000
384,10,00101111,00101110,1,00000100,1001
385,00,00000000,00000000,0,00000000,0000
386,00,00000000,00000000,0,00000000,0000
387,00,00000000,00000000,0,00000000,0000
388,10,00110011,00110010,1,00000100,1001
389,00,00000000,00000000,0,00000000,0000
390,00,00000000,00000000,0,00000000,0000
391,00,00000000,00000000,0,00000000,0000
392,10,00110111,00110110,1,00000100,1001
393,00,00000000,00000000,0,00000000,0000
394,00,00000000,00000000,0,00000000,0000
395,00,00000000,00000000,0,00000000,0000
396,10,00111011,00111010,1,00000100,1001
397,00,00000000,00000000,0,00000000,0000
398,00,00000000,00000000,0,00000000,0000
399,00,00000000,00000000,0,00000000,0000
400,10,00111111,00111110,1,00000100,1001
401,00,00000000,00000000,0,00000000,0000
402,00,00000000,00000000,0,00000000,0000
403,00,00000000,00000000,0,00000000,0000
404,10,01000011,01000010,1,00000100,1001
405,00,00000000,00000000,0,00000000,0000
406,00,00000000,00000000,0,00000000,0000
407,00,00000000,00000000,0,00000000,0000
408,10,01000111,01000110,1,00000100,1001
409,00,00000000,00000000,0,00000000,0000
410,00,00000000,00000000,0,00000000,0000
411,00,00000000,00000000,0,00000000,0000
412,10,01001011,01001010,1,00000100,1001
413,00,00000000,00000000,0,00000000,0000
414,00,00000000,00000000,0,00000000,0000
415,00,00000000,00000000,0,00000000,0000
416,10,01001111,01001110,1,00000100,1001
417,00,00000000,00000000,0,00000000,0000
418,00,00000000,00000000,0,00000000,0000
419,00,00000000,00000000,0,00000000,0000
420,10,00100001,00100000,1,00000100,0001
421,00,00000000,00000000,0,00000000,0000
422,00,00000000,00000000,0,00000000,0000
423,00,00000000,00000000,0,00000000,0000
424,10,00100101,00100100,1,00000100,0001
425,00,00000000,00000000,0,00000000,0000
426,00,00000000,00000000,0,00000000,0000
427,00,00000000,00000000,0,00000000,0000
428,10,00101001,00101000,1,00000100,0001
429,00,00000000,00000000,0,00000000,0000
430,00,00000000,00000000,0,00000000,0000
431,00,00000000,00000000,0,00000000,0000
432,10,00101101,00101100,1,00000100,0001
433,00,00000000,00000000,0,00000000,0000
434,00,00000000,00000000,0,00000000,0000
435,00,00000000,00000000,0,00000000,0000
436,10,00110001,00110000,1,00000100,0001
437,00,00000000,00000000,0,00000000,0000
438,00,00000000,00000000,0,00000000,0000
439,00,00000000,00000000,0,00000000,0000
440,10,00110101,00110100,1,00000100,0001
441,00,00000000,00000000,0,00000000,0000
442,00,00000000,00000000,0,00000000,0000
443,00,00000000,00000000,0,00000000,0000
444,10,00111001,00111000,1,00000100,0001
445,00,00000000,00000000,0,00000000,0000
446,00,00000000,00000000,0,00000000,0000
447,00,00000000,00000000,0,00000000,0000
448,10,00111101,00111100,1,00000100,0001
449,00,00000000,00000000,0,00000000,0000
450,00,00000000,00000000,0,00000000,0000
451,00,00000000,00000000,0,00000000,0000
452,10,01000001,01000000,1,00000100,0001
453,00,00000000,00000000,0,00000000,0000
454,00,00000000,00000000,0,00000000,0000
455,00,00000000,00000000,0,00000000,0000
456,10,01000101,01000100,1,00000100,0001
457,00,00000000,00000000,0,00000000,0000
458,00,00000000,00000000,0,00000000,0000
459,00,00000000,00000000,0,00000000,0000
460,10,01001001,01001000,1,00000100,0001
461,00,00000000,00000000,0,00000000,0000
462,00,00000000,00000000,0,00000000,0000
463,00,00000000,00000000,0,00000000,0000
464,10,01001101,01001100,1,00000100,0001
465,00,00000000,00000000,0,00000000,0000
466,00,00000000,00000000,0,00000000,0000
467,00,00000000,00000000,0,00000000,0000
468,00,00000000,00000000,0,00000000,0000
469,00,00000000,00000000,0,00000000,0000
470,00,00000000,00000000,0,00000000,0000
471,00,00000000,00000000,0,00000000,0000
472,00,00000000,00000000,0,00000000,0000
473,00,00000000,00000000,0,00000000,0000
474,00,00000000,00000000,0,00000000,0000
475,00,00000000,00000000,0,00000000,0000
476,00,00000000,00000000,0,00000000,0000
477,00,00000000,00000000,0,00000000,0000
478,00,00000000,00000000,0,00000000,0000
479,00,00000000,00000000,0,00000000,0000
480,00,00000000,00000000,0,00000000,0000
481,00,00000000,00000000,0,00000000,0000
482,00,00000000,00000000,0,00000000,0000
483,00,00000000,00000000,0,00000000,0000
484,00,00000000,00000000,0,00000000,0000
485,00,00000000,00000000,0,00000000,0000
486,00,00000000,00000000,0,00000000,0000
487,00,00000000,00000000,0,00000000,0000
488,00,00000000,00000000,0,00000000,0000
489,00,00000000,00000000,0,00000000,0000
490,00,00000000,00000000,0,00000000,0000
491,00,00000000,00000000,0,00000000,0000
492,10,01010011,01010010,1,00000100,1001
493,00,00000000,00000000,0,00000000,0000
494,00,00000000,00000000,0,00000000,0000
495,00,00000000,00000000,0,00000000,0000
496,10,01010111,01010110,1,00000100,1001
497,00,00000000,00000000,0,00000000,0000
498,00,00000000,00000000,0,00000000,0000
499,00,00000000,00000000,0,00000000,0000
500,10,01011011,01011010,1,00000100,1001
501,00,00000000,00000000,0,00000000,0000
502,00,00000000,00000000,0,00000000,0000
503,00,00000000,00000000,0,00000000,0000
504,10,01011111,01011110,1,00000100,1001
505,00,00000000,00000000,0,00000000,0000
506,00,00000000,00000000,0,00000000,0000
507,00,00000000,00000000,0,00000000,0000
508,10,01100011,01100010,1,00000100,1001
509,00,00000000,00000000,0,00000000,0000
510,00,00000000,00000000,0,00000000,0000
511,00,00000000,00000000,0,00000000,0000
512,10,01100111,01100110,1,00000100,1001
513,00,00000000,00000000,0,00000000,0000
514,00,00000000,00000000,0,00000000,0000
515,00,00000000,00000000,0,00000000,0000
516,10,01101011,01101010,1,00000100,1001
517,00,00000000,00000000,0,00000000,0000
518,00,00000000,00000000,0,00000000,0000
519,00,00000000,00000000,0,00000000,0000
520,10,01101111,01101110,1,00000100,1001
521,00,00000000,00000000,0,00000000,0000
522,00,00000000,00000000,0,00000000,0000
523,00,00000000,00000000,0,00000000,0000
524,10,01110011,01110010,1,00000100,1001
525,00,00000000,00000000,0,00000000,0000
526,00,00000000,00000000,0,00000000,0000
527,00,00000000,00000000,0,00000000,0000
528,10,01110111,01110110,1,00000100,1001
529,00,00000000,00000000,0,00000000,0000
530,00,00000000,00000000,0,00000000,0000
531,00,00000000,00000000,0,00000000,0000
532,00,00000000,00000000,0,00000000,0000
533,10,01010001,01010000,1,00000100,0001
534,00,00000000,00000000,0,00000000,0000
535,00,00000000,00000000,0,00000000,0000
536,00,00000000,00000000,0,00000000,0000
537,10,01010101,01010100,1,00000100,0001
538,00,00000000,00000000,0,00000000,0000
539,00,00000000,00000000,0,00000000,0000
540,00,00000000,00000000,0,00000000,0000
541,10,01011001,01011000,1,00000100,0001
542,00,00000000,00000000,0,00000000,0000
543,00,00000000,00000000,0,00000000,0000
544,00,00000000,00000000,0,00000000,0000
545,10,01011101,01011100,1,00000100,0001
546,00,00000000,00000000,0,00000000,0000
547,00,00000000,00000000,0,00000000,0000
548,00,00000000,00000000,0,00000000,0000
549,10,01100001,01100000,1,00000100,0001
550,00,00000000,00000000,0,00000000,0000
551,00,00000000,00000000,0,00000000,0000
552,00,00000000,00000000,0,00000000,0000
553,10,01100101,01100100,1,00000100,0001
554,00,00000000,00000000,0,00000000,0000
555,00,00000000,00000000,0,00000000,0000
556,00,00000000,00000000,0,00000000,0000
557,10,01101001,01101000,1,00000100,0001
558,00,00000000,00000000,0,00000000,0000
559,00,00000000,00000000,0,00000000,0000
560,00,00000000,00000000,0,00000000,0000
561,10,01101101,01101100,1,00000100,0001
562,00,00000000,00000000,0,00000000,0000
563,00,00000000,00000000,0,00000000,0000
564,00,00000000,00000000,0,00000000,0000
565,00,00000000,00000000,0,00000000,0000
566,00,00000000,00000000,0,00000000,0000
567,00,00000000,00000000,0,00000000,0000
568,00,00000000,00000000,0,00000000,0000
569,00,00000000,00000000,0,00000000,0000
570,00,00000000,00000000,0,00000000,0000
571,00,00000000,00000000,0,00000000,0000
572,00,00000000,00000000,0,00000000,0000
573,00,00000000,00000000,0,00000000,0000
574,00,00000000,00000000,0,00000000,0000
575,00,00000000,00000000,0,00000000,0000
576,00,00000000,00000000,0,00000000,0000
577,00,00000000,00000000,0,00000000,0000
578,00,00000000,00000000,0,00000000,0000
579,00,00000000,00000000,0,00000000,0000
580,00,00000000,00000000,0,00000000,0000
581,00,00000000,00000000,0,00000000,0000
582,00,00000000,00000000,0,00000000,0000
583,00,00000000,00000000,0,00000000,0000
584,00,00000000,00000000,0,00000000,0000
585,00,00000000,00000000,0,00000000,0000
586,00,00000000,00000000,0,00000000,0000
587,00,00000000,00000000,0,00000000,0000
588,00,00000000,00000000,0,00000000,0000
589,10,01111011,01111010,1,00000100,1001
590,00,00000000,00000000,0,00000000,0000
591,00,00000000,00000000,0,00000000,0000
592,00,00000000,00000000,0,00000000,0000
593,10,01111111,01111110,1,00000100,1001
594,00,00000000,00000000,0,00000000,0000
595,00,00000000,00000000,0,00000000,0000
596,00,00000000,00000000,0,00000000,0000
597,10,10000011,10000010,1,00000100,1001
598,00,00000000,00000000,0,00000000,0000
599,00,00000000,00000000,0,00000000,0000
600,00,00000000,00000000,0,00000000,0000
601,10,10000111,10000110,1,00000100,1001
602,00,00000000,00000000,0,00000000,0000
603,00,00000000,00000000,0,00000000,0000
604,00,00000000,00000000,0,00000000,0000
605,10,10001011,10001010,1,00000100,1001
606,00,00000000,00000000,0,00000000,0000
607,00,00000000,00000000,0,00000000,0000
608,00,00000000,00000000,0,00000000,0000
609,10,10001111,10001110,1,00000100,1001
610,00,00000000,00000000,0,00000000,0000
611,00,00000000,00000000,0,00000000,0000
612,00,00000000,00000000,0,00000000,0000
613,10,10010011,10010010,1,00000100,1001
614,00,00000000,00000000,0,00000000,0000
615,00,00000000,00000000,0,00000000,0000
616,00,00000000,00000000,0,00000000,0000
617,10,10010111,10010110,1,00000100,1001
618,00,00000000,00000000,0,00000000,0000
619,00,00000000,00000000,0,00000000,0000
620,00,00000000,00000000,0,00000000,0000
621,10,10011011,10011010,1,00000100,1001
622,00,00000000,00000000,0,00000000,0000
623,00,00000000,00000000,0,00000000,0000
624,00,00000000,00000000,0,00000000,0000
625,10,10011111,10011110,1,00000100,1001
626,00,00000000,00000000,0,00000000,0000
627,00,00000000,00000000,0,00000000,0000
628,00,00000000,00000000,0,00000000,0000
629,10,01110001,01110000,1,00000100,0001
630,00,00000000,00000000,0,00000000,0000
631,00,00000000,00000000,0,00000000,0000
632,00,00000000,00000000,0,00000000,0000
633,10,01110101,01110100,1,00000100,0001
634,00,00000000,00000000,0,00000000,0000
635,00,00000000,00000000,0,00000000,0000
636,00,00000000,00000000,0,00000000,0000
637,10,01111001,01111000,1,00000100,0001
638,00,00000000,00000000,0,00000000,0000
639,00,00000000,00000000,0,00000000,0000
640,00,00000000,00000000,0,00000000,0000
641,10,01111101,01111100,1,00000100,0001
642,00,00000000,00000000,0,00000000,0000
643,00,00000000,00000000,0,00000000,0000
644,00,00000000,00000000,0,00000000,0000
645,10,10000001,10000000,1,00000100,0001
646,00,00000000,00000000,0,00000000,0000
647,00,00000000,00000000,0,00000000,0000
648,00,00000000,00000000,0,00000000,0000
649,10,10000101,10000100,1,00000100,0001
650,00,00000000,00000000,0,00000000,0000
651,00,00000000,00000000,0,00000000,0000
652,00,00000000,00000000,0,00000000,0000
653,10,10001001,10001000,1,00000100,0001
654,00,00000000,00000000,0,00000000,0000
655,00,00000000,00000000,0,00000000,0000
656,00,00000000,00000000,0,00000000,0000
657,10,10001101,10001100,1,00000100,0001
658,00,00000000,00000000,0,00000000,0000
659,00,00000000,00000000,0,00000000,0000
660,00,00000000,00000000,0,00000000,0000
661,10,10010001,10010000,1,00000100,0001
662,00,00000000,00000000,0,00000000,0000
663,00,00000000,00000000,0,00000000,0000
664,00,00000000,00000000,0,00000000,0000
665,10,10010101,10010100,1,00000100,0001
666,00,00000000,00000000,0,00000000,0000
667,00,00000000,00000000,0,00000000,0000
668,00,00000000,00000000,0,00000000,0000
669,10,10011001,10011000,1,00000100,0001
670,00,00000000,00000000,0,00000000,0000
671,00,00000000,00000000,0,00000000,0000
672,00,00000000,00000000,0,00000000,0000
673,10,10011101,10011100,1,00000100,0001
674,00,00000000,00000000,0,00000000,0000
675,00,00000000,00000000,0,00000000,0000
676,00,00000000,00000000,0,00000000,0000
677,00,00000000,00000000,0,00000000,0000
678,00,00000000,00000000,0,00000000,0000
679,00,00000000,00000000,0,00000000,0000
680,00,00000000,00000000,0,00000000,0000
681,00,00000000,00000000,0,00000000,0000
682,00,00000000,00000000,0,00000000,0000
683,00,00000000,00000000,0,00000000,0000
684,00,00000000,00000000,0,00000000,0000
685,00,00000000,00000000,0,00000000,0000
686,00,00000000,00000000,0,00000000,0000
687,00,00000000,00000000,0,00000000,0000
688,00,00000000,00000000,0,00000000,0000
689,00,00000000,00000000,0,00000000,0000
690,00,00000000,00000000,0,00000000,0000
691,00,00000000,00000000,0,00000000,0000
692,00,00000000,00000000,0,00000000,0000
693,00,00000000,00000000,0,00000000,0000
694,00,00000000,00000000,0,00000000,0000
695,00,00000000,00000000,0,00000000,0000
696,00,00000000,00000000,0,00000000,0000
697,00,00000000,00000000,0,00000000,0000
698,00,00000000,00000000,0,00000000,0000
699,00,00000000,00000000,0,00000000,0000
700,00,00000000,00000000,0,00000000,0000
701,10,10100011,10100010,1,00000100,1001
702,00,00000000,00000000,0,00000000,0000
703,00,00000000,00000000,0,00000000,0000
704,00,00000000,00000000,0,00000000,0000
705,10,10100111,10100110,1,00000100,1001
706,00,00000000,00000000,0,00000000,0000
707,00,00000000,00000000,0,00000000,0000
708,00,00000000,00000000,0,00000000,0000
709,10,10101011,10101010,1,00000100,1001
710,00,00000000,00000000,0,00000000,0000
711,00,00000000,00000000,0,00000000,0000
712,00,00000000,00000000,0,00000000,0000
713,10,10101111,10101110,1,00000100,1001
714,00,00000000,00000000,0,00000000,0000
715,00,00000000,00000000,0,00000000,0000
716,00,00000000,00000000,0,00000000,0000
717,10,10110011,10110010,1,00000100,1001
718,00,00000000,00000000,0,00000000,0000
719,00,00000000,00000000,0,00000000,0000
720,00,00000000,00000000,0,00000000,0000
721,10,10110111,10110110,1,00000100,1001
722,00,00000000,00000000,0,00000000,0000
723,00,00000000,00000000,0,00000000,0000
724,00,00000000,00000000,0,00000000,0000
725,10,10111011,10111010,1,00000100,1001
726,00,00000000,00000000,0,00000000,0000
727,00,00000000,00000000,0,00000000,0000
728,00,00000000,00000000,0,00000000,0000
729,10,10111111,10111110,1,00000100,1001
730,00,00000000,00000000,0,00000000,0000
731,00,00000000,00000000,0,00000000,0000
732,00,00000000,00000000,0,00000000,0000
733,10,11000011,11000010,1,00000100,1001
734,00,00000000,00000000,0,00000000,0000
735,00,00000000,00000000,0,00000000,0000
736,00,00000000,00000000,0,00000000,0000
737,10,11000111,11000110,1,00000100,1001
738,00,00000000,00000000,0,00000000,0000
739,00,00000000,00000000,0,00000000,0000
740,00,00000000,00000000,0,00000000,0000
741,00,00000000,00000000,0,00000000,0000
742,10,10100001,10100000,1,00000100,0001
743,00,00000000,00000000,0,00000000,0000
744,00,00000000,00000000,0,00000000,0000
745,00,00000000,00000000,0,00000000,0000
746,10,10100101,10100100,1,00000100,0001
747,00,00000000,00000000,0,00000000,0000
748,00,00000000,00000000,0,00000000,0000
749,00,00000000,00000000,0,00000000,0000
750,10,10101001,10101000,1,00000100,0001
751,00,00000000,00000000,0,00000000,0000
752,00,00000000,00000000,0,00000000,0000
753,00,00000000,00000000,0,00000000,0000
754,10,10101101,10101100,1,00000100,0001
755,00,00000000,00000000,0,00000000,0000
756,00,00000000,00000000,0,00000000,0000
757,00,00000000,00000000,0,00000000,0000
758,10,10110001,10110000,1,00000100,0001
759,00,00000000,00000000,0,00000000,0000
760,00,00000000,00000000,0,00000000,0000
761,00,00000000,00000000,0,00000000,0000
762,10,10110101,10110100,1,00000100,0001
763,00,00000000,00000000,0,00000000,0000
764,00,00000000,00000000,0,00000000,0000
765,00,00000000,00000000,0,00000000,0000
766,10,10111001,10111000,1,00000100,0001
767,00,00000000,00000000,0,00000000,0000
768,00,00000000,00000000,0,00000000,0000
769,00,00000000,00000000,0,00000000,0000
770,10,10111101,10111100,1,00000100,0001
771,00,00000000,00000000,0,00000000,0000
772,00,00000000,00000000,0,00000000,0000
773,00,00000000,00000000,0,00000000,0000
774,00,00000000,00000000,0,00000000,0000
775,00,00000000,00000000,0,00000000,0000
776,00,00000000,00000000,0,00000000,0000
777,00,00000000,00000000,0,00000000,0000
778,00,00000000,00000000,0,00000000,0000
779,00,00000000,00000000,0,00000000,0000
780,00,00000000,00000000,0,00000000,0000
781,00,00000000,00000000,0,00000000,0000
782,00,00000000,00000000,0,00000000,0000
783,00,00000000,00000000,0,00000000,0000
784,00,00000000,00000000,0,00000000,0000
785,00,00000000,00000000,0,00000000,0000
786,00,00000000,00000000,0,00000000,0000
787,00,00000000,00000000,0,00000000,0000
788,00,00000000,00000000,0,00000000,0000
789,00,00000000,00000000,0,00000000,0000
790,00,00000000,00000000,0,00000000,0000
791,00,00000000,00000000,0,00000000,0000
792,00,00000000,00000000,0,00000000,0000
793,00,00000000,00000000,0,00000000,0000
794,00,00000000,00000000,0,00000000,0000
795,00,00000000,00000000,0,00000000,0000
796,00,00000000,00000000,0,00000000,0000
797,00,00000000,00000000,0,00000000,0000
798,10,11001011,11001010,1,00000100,1001
799,00,00000000,00000000,0,00000000,0000
800,00,00000000,00000000,0,00000000,0000
801,00,00000000,00000000,0,00000000,0000
802,10,11001111,11001110,1,00000100,1001
803,00,00000000,00000000,0,00000000,0000
804,00,00000000,00000000,0,00000000,0000
805,00,00000000,00000000,0,00000000,0000
806,10,11010011,11010010,1,00000100,1001
807,00,00000000,00000000,0,00000000,0000
808,00,00000000,00000000,0,00000000,0000
809,00,00000000,00000000,0,00000000,0000
810,10,11010111,11010110,1,00000100,1001
811,00,00000000,00000000,0,00000000,0000
812,00,00000000,00000000,0,00000000,0000
813,00,00000000,00000000,0,00000000,0000
814,10,11011011,11011010,1,00000100,1001
815,00,00000000,00000000,0,00000000,0000
816,00,00000000,00000000,0,00000000,0000
817,00,00000000,00000000,0,00000000,0000
818,10,11011111,11011110,1,00000100,1001
819,00,00000000,00000000,0,00000000,0000
820,00,00000000,00000000,0,00000000,0000
821,00,00000000,00000000,0,00000000,0000
822,10,11100011,11100010,1,00000100,1001
823,00,00000000,00000000,0,00000000,0000
824,00,00000000,00000000,0,00000000,0000
825,00,00000000,00000000,0,00000000,0000
826,10,11100111,11100110,1,00000100,1001
827,00,00000000,00000000,0,00000000,0000
828,00,00000000,00000000,0,00000000,0000
829,00,00000000,00000000,0,00000000,0000
830,10,11101011,11101010,1,00000100,1001
831,00,00000000,00000000,0,00000000,0000
832,00,00000000,00000000,0,00000000,0000
833,00,00000000,00000000,0,00000000,0000
834,10,11101111,11101110,1,00000100,1001
835,00,00000000,00000000,0,00000000,0000
836,00,00000000,00000000,0,00000000,0000
837,00,00000000,00000000,0,00000000,0000
838,10,11000001,11000000,1,00000100,0001
839,00,00000000,00000000,0,00000000,0000
840,00,00000000,00000000,0,00000000,0000
841,00,00000000,00000000,0,00000000,0000
842,10,11000101,11000100,1,00000100,0001
843,00,00000000,00000000,0,00000000,0000
844,00,00000000,00000000,0,00000000,0000
845,00,00000000,00000000,0,00000000,0000
846,10,11001001,11001000,1,00000100,0001
847,00,00000000,00000000,0,00000000,0000
848,00,00000000,00000000,0,00000000,0000
849,00,00000000,00000000,0,00000000,0000
850,10,11001101,11001100,1,00000100,0001
851,00,00000000,00000000,0,00000000,0000
852,00,00000000,00000000,0,00000000,0000
853,00,00000000,00000000,0,00000000,0000
854,10,11010001,11010000,1,00000100,0001
855,00,00000000,00000000,0,00000000,0000
856,00,00000000,00000000,0,00000000,0000
857,00,00000000,00000000,0,00000000,0000
858,10,11010101,11010100,1,00000100,0001
859,00,00000000,00000000,0,00000000,0000
860,00,00000000,00000000,0,00000000,0000
861,00,00000000,00000000,0,00000000,0000
862,10,11011001,11011000,1,00000100,0001
863,00,00000000,00000000,0,00000000,0000
864,00,00000000,00000000,0,00000000,0000
865,00,00000000,00000000,0,00000000,0000
866,10,11011101,11011100,1,00000100,0001
867,00,00000000,00000000,0,00000000,0000
868,00,00000000,00000000,0,00000000,0000
869,00,00000000,00000000,0,00000000,0000
870,10,11100001,11100000,1,00000100,0001
871,00,00000000,00000000,0,00000000,0000
872,00,00000000,00000000,0,00000000,0000
873,00,00000000,00000000,0,00000000,0000
874,10,11100101,11100100,1,00000100,0001
875,00,00000000,00000000,0,00000000,0000
876,00,00000000,00000000,0,00000000,0000
877,00,00000000,00000000,0,00000000,0000
878,10,11101001,11101000,1,00000100,0001
879,00,00000000,00000000,0,00000000,0000
880,00,00000000,00000000,0,00000000,0000
881,00,00000000,00000000,0,00000000,0000
882,10,11101101,11101100,1,00000100,0001
883,00,00000000,00000000,0,00000000,0000
884,00,00000000,00000000,0,00000000,0000
885,00,00000000,00000000,0,00000000,0000
886,00,00000000,00000000,0,00000000,0000
887,00,00000000,00000000,0,00000000,0000
888,00,00000000,00000000,0,00000000,0000
889,00,00000000,00000000,0,00000000,0000
890,00,00000000,00000000,0,00000000,0000
891,00,00000000,00000000,0,00000000,0000
892,00,00000000,00000000,0,00000000,0000
893,00,00000000,00000000,0,00000000,0000
894,00,00000000,00000000,0,00000000,0000
895,00,00000000,00000000,0,00000000,0000
896,00,00000000,00000000,0,00000000,0000
897,00,00000000,00000000,0,00000000,0000
898,00,00000000,00000000,0,00000000,0000
899,00,00000000,00000000,0,00000000,0000
900,00,00000000,00000000,0,00000000,0000
901,00,00000000,00000000,0,00000000,0000
902,00,00000000,00000000,0,00000000,0000
903,00,00000000,00000000,0,00000000,0000
904,00,00000000,00000000,0,00000000,0000
905,00,00000000,00000000,0,00000000,0000
906,00,00000000,00000000,0,00000000,0000
907,00,00000000,00000000,0,00000000,0000
908,00,00000000,00000000,0,00000000,0000
909,00,00000000,00000000,0,00000000,0000
910,10,11110011,11110010,1,00000100,1001
911,00,00000000,00000000,0,00000000,0000
912,00,00000000,00000000,0,00000000,0000
913,00,00000000,00000000,0,00000000,0000
914,10,11110111,11110110,1,00000100,1001
915,00,00000000,00000000,0,00000000,0000
916,00,00000000,00000000,0,00000000,0000
917,00,00000000,00000000,0,00000000,0000
918,10,11111011,11111010,1,00000100,1001
919,00,00000000,00000000,0,00000000,0000
920,00,00000000,00000000,0,00000000,0000
921,00,00000000,00000000,0,00000000,0000
922,10,11111111,11111110,1,00000100,1001
923,00,00000000,00000000,0,00000000,0000
924,00,00000000,00000000,0,00000000,0000
925,00,00000000,00000000,0,00000000,0000
926,10,00000011,00000010,1,00000100,1001
927,00,00000000,00000000,0,00000000,0000
928,00,00000000,00000000,0,00000000,0000
929,00,00000000,00000000,0,00000000,0000
930,10,00000111,00000110,1,00000100,1001
931,00,00000000,00000000,0,00000000,0000
932,00,00000000,00000000,0,00000000,0000
933,00,00000000,00000000,0,00000000,0000
934,10,00001011,00001010,1,00000100,1001
935,00,00000000,00000000,0,00000000,0000
936,00,00000000,00000000,0,00000000,0000
937,00,00000000,00000000,0,00000000,0000
938,10,00001111,00001110,1,00000100,1001
939,00,00000000,00000000,0,00000000,0000
940,00,00000000,00000000,0,00000000,0000
941,00,00000000,00000000,0,00000000,0000
942,10,00010011,00010010,1,00000100,1001
943,00,00000000,00000000,0,00000000,0000
944,00,00000000,00000000,0,00000000,0000
945,00,00000000,00000000,0,00000000,0000
946,10,00010111,00010110,1,00000100,1001
947,00,00000000,00000000,0,00000000,0000
948,00,00000000,00000000,0,00000000,0000
949,00,00000000,00000000,0,00000000,0000
950,00,00000000,00000000,0,00000000,0000
951,10,11110001,11110000,1,00000100,0001
952,00,00000000,00000000,0,00000000,0000
953,00,00000000,00000000,0,00000000,0000
954,00,00000000,00000000,0,00000000,0000
955,10,11110101,11110100,1,00000100,0001
956,00,00000000,00000000,0,00000000,0000
957,00,00000000,00000000,0,00000000,0000
958,00,00000000,00000000,0,00000000,0000
959,10,11111001,11111000,1,00000100,0001
960,00,00000000,00000000,0,00000000,0000
961,00,00000000,00000000,0,00000000,0000
962,00,00000000,00000000,0,00000000,0000
963,10,11111101,11111100,1,00000100,0001
964,00,00000000,00000000,0,00000000,0000
965,00,00000000,00000000,0,00000000,0000
966,00,00000000,00000000,0,00000000,0000
967,10,00000001,00000000,1,00000100,0001
968,00,00000000,00000000,0,00000000,0000
969,00,00000000,00000000,0,00000000,0000
970,00,00000000,00000000,0,00000000,0000
971,10,00000101,00000100,1,00000100,0001
972,00,00000000,00000000,0,00000000,0000
973,00,00000000,00000000,0,00000000,0000
974,00,00000000,00000000,0,00000000,0000
975,10,00001001,00001000,1,00000100,0001
976,00,00000000,00000000,0,00000000,0000
977,00,00000000,00000000,0,00000000,0000
978,00,00000000,00000000,0,00000000,0000
979,10,00001101,00001100,1,00000100,0001
980,00,00000000,00000000,0,00000000,0000
981,00,00000000,00000000,0,00000000,0000
982,00,00000000,00000000,0,00000000,0000
983,00,00000000,00000000,0,00000000,0000
984,00,00000000,00000000,0,00000000,0000
985,00,00000000,00000000,0,00000000,0000
986,00,00000000,00000000,0,00000000,0000
987,00,00000000,00000000,0,00000000,0000
988,00,00000000,00000000,0,00000000,0000
989,00,00000000,00000000,0,00000000,0000
990,00,00000000,00000000,0,00000000,0000
991,00,00000000,00000000,0,00000000,0000
992,00,00000000,00000000,0,00000000,0000
993,00,00000000,00000000,0,00000000,0000
994,00,00000000,00000000,0,00000000,0000
995,00,00000000,00000000,0,00000000,0000
996,00,00000000,00000000,0,00000000,0000
997,00,00000000,00000000,0,00000000,0000
998,00,00000000,00000000,0,00000000,0000
999,00,00000000,00000000,0,00000000,0000
1000,00,00000000,00000000,0,00000000,0000
1001,00,00000000,00000000,0,00000000,0000
1002,00,00000000,00000000,0,00000000,0000
1003,00,00000000,00000000,0,00000000,0000
1004,00,00000000,00000000,0,00000000,0000
1005,00,00000000,00000000,0,00000000,0000
1006,00,00000000,00000000,0,00000000,0000
1007,10,00011011,00011010,1,00000100,1001
1008,00,00000000,00000000,0,00000000,0000
1009,00,00000000,00000000,0,00000000,0000
1010,00,00000000,00000000,0,00000000,0000
1011,10,00011111,00011110,1,00000100,1001
1012,00,00000000,00000000,0,00000000,0000
1013,00,00000000,00000000,0,00000000,0000
1014,00,00000000,00000000,0,00000000,0000
1015,10,00100011,00100010,1,00000100,1001
1016,00,00000000,00000000,0,00000000,0000
1017,00,00000000,00000000,0,00000000,0000
1018,00,00000000,00000000,0,00000000,0000
1019,10,00100111,00100110,1,00000100,1001
1020,00,00000000,00000000,0,00000000,0000
1021,00,00000000,00000000,0,00000000,0000
1022,00,00000000,00000000,0,00000000,0000
1023,10,00101011,00101010,1,00000100,1001
1024,00,00000000,00000000,0,00000000,0000
1025,00,00000000,00000000,0,00000000,0000
1026,00,00000000,00000000,0,00000000,0000
1027,10,00101111,00101110,1,00000100,1001
1028,00,00000000,00000000,0,00000000,0000
1029,00,00000000,00000000,0,00000000,0000
1030,00,00000000,00000000,0,00000000,0000
1031,10,00110011,00110010,1,00000100,1001
1032,00,00000000,00000000,0,00000000,0000
1033,00,00000000,00000000,0,00000000,0000
1034,00,00000000,00000000,0,00000000,0000
1035,10,00110111,00110110,1,00000100,1001
1036,00,00000000,00000000,0,00000000,0000
1037,00,00000000,00000000,0,00000000,0000
1038,00,00000000,00000000,0,00000000,0000
1039,10,00111011,00111010,1,00000100,1001
1040,00,00000000,00000000,0,00000000,0000
1041,00,00000000,00000000,0,00000000,0000
1042,00,00000000,00000000,0,00000000,0000
1043,10,00111111,00111110,1,00000100,1001
1044,00,00000000,00000000,0,00000000,0000
1045,00,00000000,00000000,0,00000000,0000
1046,00,00000000,00000000,0,00000000,0000
1047,10,00010001,00010000,1,00000100,0001
1048,00,00000000,00000000,0,00000000,0000
1049,00,00000000,00000000,0,00000000,0000
1050,00,00000000,00000000,0,00000000,0000
1051,10,00010101,00010100,1,00000100,0001
1052,00,00000000,00000000,0,00000000,0000
1053,00,00000000,00000000,0,00000000,0000
1054,00,00000000,00000000,0,00000000,0000
1055,10,00011001,00011000,1,00000100,0001
1056,00,00000000,00000000,0,00000000,0000
1057,00,00000000,00000000,0,00000000,0000
1058,00,00000000,00000000,0,00000000,0000
1059,10,00011101,00011100,1,00000100,0001
1060,00,00000000,00000000,0,00000000,0000
1061,00,00000000,00000000,0,00000000,0000
1062,00,00000000,00000000,0,00000000,0000
1063,10,00100001,00100000,1,00000100,0001
1064,00,00000000,00000000,0,00000000,0000
1065,00,00000000,00000000,0,00000000,0000
1066,00,00000000,00000000,0,00000000,0000
1067,10,00100101,00100100,1,00000100,0001
1068,00,00000000,00000000,0,00000000,0000
1069,00,00000000,00000000,0,00000000,0000
1070,00,00000000,00000000,0,00000000,0000
1071,10,00101001,00101000,1,00000100,0001
1072,00,00000000,00000000,0,00000000,0000
1073,00,00000000,00000000,0,00000000,0000
1074,00,00000000,00000000,0,00000000,0000
1075,10,00101101,00101100,1,00000100,0001
1076,00,00000000,00000000,0,00000000,0000
1077,00,00000000,00000000,0,00000000,0000
1078,00,00000000,00000000,0,00000000,0000
1079,10,00110001,00110000,1,00000100,0001
1080,00,00000000,00000000,0,00000000,0000
1081,00,00000000,00000000,0,00000000,0000
1082,00,00000000,00000000,0,00000000,0000
1083,10,00110101,00110100,1,00000100,0001
1084,00,00000000,00000000,0,00000000,0000
1085,00,00000000,00000000,0,00000000,0000
1086,00,00000000,00000000,0,00000000,0000
1087,10,00111001,00111000,1,00000100,0001
1088,00,00000000,00000000,0,00000000,0000
1089,00,00000000,00000000,0,00000000,0000
1090,00,00000000,00000000,0,00000000,0000
1091,10,00111101,00111100,1,00000100,0001
1092,00,00000000,00000000,0,00000000,0000
1093,00,00000000,00000000,0,00000000,0000
1094,00,00000000,00000000,0,00000000,0000
1095,00,00000000,00000000,0,00000000,0000
1096,00,00000000,00000000,0,00000000,0000
1097,00,00000000,00000000,0,00000000,0000
1098,00,00000000,00000000,0,00000000,0000
1099,00,00000000,00000000,0,00000000,0000
1100,00,00000000,00000000,0,00000000,0000
1101,00,00000000,00000000,0,00000000,0000
1102,00,00000000,00000000,0,00000000,0000
1103,00,00000000,00000000,0,00000000,0000
1104,00,00000000,00000000,0,00000000,0000
1105,00,00000000,00000000,0,00000000,0000
1106,00,00000000,00000000,0,00000000,0000
1107,00,00000000,00000000,0,00000000,0000
1108,00,00000000,00000000,0,00000000,0000
1109,00,00000000,00000000,0,00000000,0000
1110,00,00000000,00000000,0,00000000,0000
1111,00,00000000,00000000,0,00000000,0000
1112,00,00000000,00000000,0,00000000,0000
1113,00,00000000,00000000,0,00000000,0000
1114,00,00000000,00000000,0,00000000,0000
1115,00,00000000,00000000,0,00000000,0000
1116,00,00000000,00000000,0,00000000,0000
1117,00,00000000,00000000,0,00000000,0000
1118,00,00000000,00000000,0,00000000,0000
1119,10,01000011,01000010,1,00000100,1001
1120,00,00000000,00000000,0,00000000,0000
1121,00,00000000,00000000,0,00000000,0000
1122,00,00000000,00000000,0,00000000,0000
1123,10,01000111,01000110,1,00000100,1001
1124,00,00000000,00000000,0,00000000,0000
1125,00,00000000,00000000,0,00000000,0000
1126,00,00000000,00000000,0,00000000,0000
1127,10,01001011,01001010,1,00000100,1001
1128,00,00000000,00000000,0,00000000,0000
1129,00,00000000,00000000,0,00000000,0000
1130,00,00000000,00000000,0,00000000,0000
1131,10,01001111,01001110,1,00000100,1001
1132,00,00000000,00000000,0,00000000,0000
1133,00,00000000,00000000,0,00000000,0000
1134,00,00000000,00000000,0,00000000,0000
1135,10,01010011,01010010,1,00000100,1001
1136,00,00000000,00000000,0,00000000,0000
1137,00,00000000,00000000,0,00000000,0000
1138,00,00000000,00000000,0,00000000,0000
1139,10,01010111,01010110,1,00000100,1001
1140,00,00000000,00000000,0,00000000,0000
1141,00,00000000,00000000,0,00000000,0000
1142,00,00000000,00000000,0,00000000,0000
1143,10,01011011,01011010,1,00000100,1001
1144,00,00000000,00000000,0,00000000,0000
1145,00,00000000,00000000,0,00000000,0000
1146,00,00000000,00000000,0,00000000,0000
1147,10,01011111,01011110,1,00000100,1001
1148,00,00000000,00000000,0,00000000,0000
1149,00,00000000,00000000,0,00000000,0000
1150,00,00000000,00000000,0,00000000,0000
1151,10,01100011,01100010,1,00000100,1001
1152,00,00000000,00000000,0,00000000,0000
1153,00,00000000,00000000,0,00000000,0000
1154,00,00000000,00000000,0,00000000,0000
1155,10,01100111,01100110,1,00000100,1001
1156,00,00000000,00000000,0,00000000,0000
1157,00,00000000,00000000,0,00000000,0000
1158,00,00000000,00000000,0,00000000,0000
1159,00,00000000,00000000,0,00000000,0000
1160,10,01000001,01000000,1,00000100,0001
1161,00,00000000,00000000,0,00000000,0000
1162,00,00000000,00000000,0,00000000,0000
1163,00,00000000,00000000,0,00000000,0000
1164,10,01000101,01000100,1,00000100,0001
1165,00,00000000,00000000,0,00000000,0000
1166,00,00000000,00000000,0,00000000,0000
1167,00,00000000,00000000,0,00000000,0000
1168,10,01001001,01001000,1,00000100,0001
1169,00,00000000,00000000,0,00000000,0000
1170,00,00000000,00000000,0,00000000,0000
1171,00,00000000,00000000,0,00000000,0000
1172,10,01001101,01001100,1,00000100,0001
1173,00,00000000,00000000,0,00000000,0000
1174,00,00000000,00000000,0,00000000,0000
1175,00,00000000,00000000,0,00000000,0000
1176,10,01010001,01010000,1,00000100,0001
1177,00,00000000,00000000,0,00000000,0000
1178,00,00000000,00000000,0,00000000,0000
1179,00,00000000,00000000,0,00000000,0000
1180,10,01010101,01010100,1,00000100,0001
1181,00,00000000,00000000,0,00000000,0000
1182,00,00000000,00000000,0,00000000,0000
1183,00,00000000,00000000,0,00000000,0000
1184,10,01011001,01011000,1,00000100,0001
1185,00,00000000,00000000,0,00000000,0000
1186,00,00000000,00000000,0,00000000,0000
1187,00,00000000,00000000,0,00000000,0000
1188,10,01011101,01011100,1,00000100,0001
1189,00,00000000,00000000,0,00000000,0000
1190,00,00000000,00000000,0,00000000,0000
1191,00,00000000,00000000,0,00000000,0000
1192,00,00000000,00000000,0,00000000,0000
1193,00,00000000,00000000,0,00000000,0000
1194,00,00000000,00000000,0,00000000,0000
1195,00,00000000,00000000,0,00000000,0000
1196,00,00000000,00000000,0,00000000,0000
1197,00,00000000,00000000,0,00000000,0000
1198,00,00000000,00000000,0,00000000,0000
1199,00,00000000,00000000,0,00000000,0000
1200,00,00000000,00000000,0,00000000,0000
1201,00,00000000,00000000,0,00000000,0000
1202,00,00000000,00000000,0,00000000,0000
1203,00,00000000,00000000,0,00000000,0000
1204,00,00000000,00000000,0,00000000,0000
1205,00,00000000,00000000,0,00000000,0000
1206,00,00000000,00000000,0,00000000,0000
1207,00,00000000,00000000,0,00000000,0000
1208,00,00000000,00000000,0,00000000,0000
1209,00,00000000,00000000,0,00000000,0000
1210,00,00000000,00000000,0,00000000,0000
1211,00,00000000,00000000,0,00000000,0000
1212,00,00000000,00000000,0,00000000,0000
1213,00,00000000,00000000,0,00000000,0000
1214,00,00000000,00000000,0,00000000,0000
1215,00,00000000,00000000,0,00000000,0000
1216,10,01101011,01101010,1,00000100,1001
1217,00,00000000,00000000,0,00000000,0000
1218,00,00000000,00000000,0,00000000,0000
1219,00,00000000,00000000,0,00000000,0000
1220,10,01101111,01101110,1,00000100,1001
1221,00,00000000,00000000,0,00000000,0000
1222,00,00000000,00000000,0,00000000,0000
1223,00,00000000,00000000,0,00000000,0000
1224,10,01110011,01110010,1,00000100,1001
1225,00,00000000,00000000,0,00000000,0000
1226,00,00000000,00000000,0,00000000,0000
1227,00,00000000,00000000,0,00000000,0000
1228,10,01110111,01110110,1,00000100,1001
1229,00,00000000,00000000,0,00000000,0000
1230,00,00000000,00000000,0,00000000,0000
1231,00,00000000,00000000,0,00000000,0000
1232,10,01111011,01111010,1,00000100,1001
1233,00,00000000,00000000,0,00000000,0000
1234,00,00000000,00000000,0,00000000,0000
1235,00,00000000,00000000,0,00000000,0000
1236,10,01111111,01111110,1,00000100,1001
1237,00,00000000,00000000,0,00000000,0000
1238,00,00000000,00000000,0,00000000,0000
1239,00,00000000,00000000,0,00000000,0000
1240,10,10000011,10000010,1,00000100,1001
1241,00,00000000,00000000,0,00000000,0000
1242,00,00000000,00000000,0,00000000,0000
1243,00,00000000,00000000,0,00000000,0000
1244,10,10000111,10000110,1,00000100,1001
1245,00,00000000,00000000,0,00000000,0000
1246,00,00000000,00000000,0,00000000,0000
1247,00,00000000,00000000,0,00000000,0000
1248,10,10001011,10001010,1,00000100,1001
1249,00,00000000,00000000,0,00000000,0000
1250,00,00000000,00000000,0,00000000,0000
1251,00,00000000,00000000,0,00000000,0000
1252,10,10001111,10001110,1,00000100,1001
1253,00,00000000,00000000,0,00000000,0000
1254,00,00000000,00000000,0,00000000,0000
1255,00,00000000,00000000,0,00000000,0000
1256,10,01100001,01100000,1,00000100,0001
1257,00,00000000,00000000,0,00000000,0000
1258,00,00000000,00000000,0,00000000,0000
1259,00,00000000,00000000,0,00000000,0000
1260,10,01100101,01100100,1,00000100,0001
1261,00,00000000,00000000,0,00000000,0000
1262,00,00000000,00000000,0,00000000,0000
1263,00,00000000,00000000,0,00000000,0000
1264,10,01101001,01101000,1,00000100,0001
1265,00,00000000,00000000,0,00000000,0000
1266,00,00000000,00000000,0,00000000,0000
1267,00,00000000,00000000,0,00000000,0000
1268,10,01101101,01101100,1,00000100,0001
1269,00,00000000,00000000,0,00000000,0000
1270,00,00000000,00000000,0,00000000,0000
1271,00,00000000,00000000,0,00000000,0000
1272,10,01110001,01110000,1,00000100,0001
1273,00,00000000,00000000,0,00000000,0000
1274,00,00000000,00000000,0,00000000,0000
1275,00,00000000,00000000,0,00000000,0000
1276,10,01110101,01110100,1,00000100,0001
1277,00,00000000,00000000,0,00000000,0000
1278,00,00000000,00000000,0,00000000,0000
1279,00,00000000,00000000,0,00000000,0000
1280,10,01111001,01111000,1,00000100,0001
1281,00,00000000,00000000,0,00000000,0000
1282,00,00000000,00000000,0,00000000,0000
1283,00,00000000,00000000,0,00000000,0000
1284,10,01111101,01111100,1,00000100,0001
1285,00,00000000,00000000,0,00000000,0000
1286,00,00000000,00000000,0,00000000,0000
1287,00,00000000,00000000,0,00000000,0000
1288,10,10000001,10000000,1,00000100,0001
1289,00,00000000,00000000,0,00000000,0000
1290,00,00000000,00000000,0,00000000,0000
1291,00,00000000,00000000,0,00000000,0000
1292,10,10000101,10000100,1,00000100,0001
1293,00,00000000,00000000,0,00000000,0000
1294,00,00000000,00000000,0,00000000,0000
1295,00,00000000,00000000,0,00000000,0000
1296,10,10001001,10001000,1,00000100,0001
1297,00,00000000,00000000,0,00000000,0000
1298,00,00000000,00000000,0,00000000,0000
1299,00,00000000,00000000,0,00000000,0000
1300,10,10001101,10001100,1,00000100,0001
1301,00,00000000,00000000,0,00000000,0000
1302,00,00000000,00000000,0,00000000,0000
1303,00,00000000,00000000,0,00000000,0000
1304,00,00000000,00000000,0,00000000,0000
1305,00,00000000,00000000,0,00000000,0000
1306,00,00000000,00000000,0,00000000,0000
1307,00,00000000,00000000,0,00000000,0000
1308,00,00000000,00000000,0,00000000,0000
1309,00,00000000,00000000,0,00000000,0000
1310,00,00000000,00000000,0,00000000,0000
1311,00,00000000,00000000,0,00000000,0000
1312,00,00000000,00000000,0,00000000,0000
1313,00,00000000,00000000,0,00000000,0000
1314,00,00000000,00000000,0,00000000,0000
1315,00,00000000,00000000,0,00000000,0000
1316,00,00000000,00000000,0,00000000,0000
1317,00,00000000,00000000,0,00000000,0000
1318,00,00000000,00000000,0,00000000,0000
1319,00,00000000,00000000,0,00000000,0000
1320,00,00000000,00000000,0,00000000,0000
1321,00,00000000,00000000,0,00000000,0000
1322,00,00000000,00000000,0,00000000,0000
1323,00,00000000,00000000,0,00000000,0000
1324,00,00000000,00000000,0,00000000,0000
1325,00,00000000,00000000,0,00000000,0000
1326,00,00000000,00000000,0,00000000,0000
1327,00,00000000,00000000,0,00000000,0000
1328,10,10010011,10010010,1,00000100,1001
1329,00,00000000,00000000,0,00000000,0000
1330,00,00000000,00000000,0,00000000,0000
1331,00,00000000,00000000,0,00000000,0000
1332,10,10010111,10010110,1,00000100,1001
1333,00,00000000,00000000,0,00000000,0000
1334,00,00000000,00000000,0,00000000,0000
1335,00,00000000,00000000,0,00000000,0000
1336,10,10011011,10011010,1,00000100,1001
1337,00,00000000,00000000,0,00000000,0000
1338,00,00000000,00000000,0,00000000,0000
1339,00,00000000,00000000,0,00000000,0000
1340,10,10011111,10011110,1,00000100,1001
1341,00,00000000,00000000,0,00000000,0000
1342,00,00000000,00000000,0,00000000,0000
1343,00,00000000,00000000,0,00000000,0000
1344,10,10100011,10100010,1,00000100,1001
1345,00,00000000,00000000,0,00000000,0000
1346,00,00000000,00000000,0,00000000,0000
1347,00,00000000,00000000,0,00000000,0000
1348,10,10100111,10100110,1,00000100,1001
1349,00,00000000,00000000,0,00000000,0000
1350,00,00000000,00000000,0,00000000,0000
1351,00,00000000,00000000,0,00000000,0000
1352,10,10101011,10101010,1,00000100,1001
1353,00,00000000,00000000,0,00000000,0000
1354,00,00000000,00000000,0,00000000,0000
1355,00,00000000,00000000,0,00000000,0000
1356,10,10101111,10101110,1,00000100,1001
1357,00,00000000,00000000,0,00000000,0000
1358,00,00000000,00000000,0,00000000,0000
1359,00,00000000,00000000,0,00000000,0000
1360,10,10110011,10110010,1,00000100,1001
1361,00,00000000,00000000,0,00000000,0000
1362,00,00000000,00000000,0,00000000,0000
1363,00,00000000,00000000,0,00000000,0000
1364,10,10110111,10110110,1,00000100,1001
1365,00,00000000,00000000,0,00000000,0000
1366,00,00000000,00000000,0,00000000,0000
1367,00,00000000,00000000,0,00000000,0000
1368,00,00000000,00000000,0,00000000,0000
1369,10,10010001,10010000,1,00000100,0001
1370,00,00000000,00000000,0,00000000,0000
1371,00,00000000,00000000,0,00000000,0000
1372,00,00000000,00000000,0,00000000,0000
1373,10,10010101,10010100,1,00000100,0001
1374,00,00000000,00000000,0,00000000,0000
1375,00,00000000,00000000,0,00000000,0000
1376,00,00000000,00000000,0,00000000,0000
1377,10,10011001,10011000,1,00000100,0001
1378,00,00000000,00000000,0,00000000,0000
1379,00,00000000,00000000,0,00000000,0000
1380,00,00000000,00000000,0,00000000,0000
1381,10,10011101,10011100,1,00000100,0001
1382,00,00000000,00000000,0,00000000,0000
1383,00,00000000,00000000,0,00000000,0000
1384,00,00000000,00000000,0,00000000,0000
1385,10,10100001,10100000,1,00000100,0001
1386,00,00000000,00000000,0,00000000,0000
1387,00,00000000,00000000,0,00000000,0000
1388,00,00000000,00000000,0,00000000,0000
1389,10,10100101,10100100,1,00000100,0001
1390,00,00000000,00000000,0,00000000,0000
1391,00,00000000,00000000,0,00000000,0000
1392,00,00000000,00000000,0,00000000,0000
1393,10,10101001,10101000,1,00000100,0001
1394,00,00000000,00000000,0,00000000,0000
1395,00,00000000,00000000,0,00000000,0000
1396,00,00000000,00000000,0,00000000,0000
1397,10,10101101,10101100,1,00000100,0001
1398,00,00000000,00000000,0,00000000,0000
1399,00,00000000,00000000,0,00000000,0000
1400,00,00000000,00000000,0,00000000,0000
1401,00,00000000,00000000,0,00000000,0000
1402,00,00000000,00000000,0,00000000,0000
1403,00,00000000,00000000,0,00000000,0000
1404,00,00000000,00000000,0,00000000,0000
1405,00,00000000,00000000,0,00000000,0000
1406,00,00000000,00000000,0,00000000,0000
1407,00,00000000,00000000,0,00000000,0000
1408,00,00000000,00000000,0,00000000,0000
1409,00,00000000,00000000,0,00000000,0000
1410,00,00000000,00000000,0,00000000,0000
1411,00,00000000,00000000,0,00000000,0000
1412,00,00000000,00000000,0,00000000,0000
1413,00,00000000,00000000,0,00000000,0000
1414,00,00000000,00000000,0,00000000,0000
1415,00,00000000,00000000,0,00000000,0000
1416,00,00000000,00000000,0,00000000,0000
1417,00,00000000,00000000,0,00000000,0000
1418,00,00000000,00000000,0,00000000,0000
1419,00,00000000,00000000,0,00000000,0000
1420,00,00000000,00000000,0,00000000,0000
1421,00,00000000,00000000,0,00000000,0000
1422,00,00000000,00000000,0,00000000,0000
1423,00,00000000,00000000,0,00000000,0000
1424,00,00000000,00000000,0,00000000,0000
1425,10,10111011,10111010,1,00000100,1001
1426,00,00000000,00000000,0,00000000,0000
1427,00,00000000,00000000,0,00000000,0000
1428,00,00000000,00000000,0,00000000,0000
1429,10,10111111,10111110,1,00000100,1001
1430,00,00000000,00000000,0,00000000,0000
1431,00,00000000,00000000,0,00000000,0000
1432,00,00000000,00000000,0,00000000,0000
1433,10,11000011,11000010,1,00000100,1001
1434,00,00000000,00000000,0,00000000,0000
1435,00,00000000,00000000,0,00000000,0000
1436,00,00000000,00000000,0,00000000,0000
1437,10,11000111,11000110,1,00000100,1001
1438,00,00000000,00000000,0,00000000,0000
1439,00,00000000,00000000,0,00000000,0000
1440,00,00000000,00000000,0,00000000,0000
1441,10,11001011,11001010,1,00000100,1001
1442,00,00000000,00000000,0,00000000,0000
1443,00,00000000,00000000,0,00000000,0000
1444,00,00000000,00000000,0,00000000,0000
1445,10,11001111,11001110,1,00000100,1001
1446,00,00000000,00000000,0,00000000,0000
1447,00,00000000,00000000,0,00000000,0000
1448,00,00000000,00000000,0,00000000,0000
1449,10,11010011,11010010,1,00000100,1001
1450,00,00000000,00000000,0,00000000,0000
1451,00,00000000,00000000,0,00000000,0000
1452,00,00000000,00000000,0,00000000,0000
1453,10,11010111,11010110,1,00000100,1001
1454,00,00000000,00000000,0,00000000,0000
1455,00,00000000,00000000,0,00000000,0000
1456,00,00000000,00000000,0,00000000,0000
1457,10,11011011,11011010,1,00000100,1001
1458,00,00000000,00000000,0,00000000,0000
1459,00,00000000,00000000,0,00000000,0000
1460,00,00000000,00000000,0,00000000,0000
1461,10,11011111,11011110,1,00000100,1001
1462,00,00000000,00000000,0,00000000,0000
1463,00,00000000,00000000,0,00000000,0000
1464,00,00000000,00000000,0,00000000,0000
1465,10,10110001,10110000,1,00000100,0001
1466,00,00000000,00000000,0,00000000,0000
1467,00,00000000,00000000,0,00000000,0000
1468,00,00000000,00000000,0,00000000,0000
1469,10,10110101,10110100,1,00000100,0001
1470,00,00000000,00000000,0,00000000,0000
1471,00,00000000,00000000,0,00000000,0000
1472,00,00000000,00000000,0,00000000,0000
1473,10,10111001,10111000,1,00000100,0001
1474,00,00000000,00000000,0,00000000,0000
1475,00,00000000,00000000,0,00000000,0000
1476,00,00000000,00000000,0,00000000,0000
1477,10,10111101,10111100,1,00000100,0001
1478,00,00000000,00000000,0,00000000,0000
1479,00,00000000,00000000,0,00000000,0000
1480,00,00000000,00000000,0,00000000,0000
1481,10,11000001,11000000,1,00000100,0001
1482,00,00000000,00000000,0,00000000,0000
1483,00,00000000,00000000,0,00000000,0000
1484,00,00000000,00000000,0,00000000,0000
1485,10,11000101,11000100,1,00000100,0001
1486,00,00000000,00000000,0,00000000,0000
1487,00,00000000,00000000,0,00000000,0000
1488,00,00000000,00000000,0,00000000,0000
1489,10,11001001,11001000,1,00000100,0001
1490,00,00000000,00000000,0,00000000,0000
1491,00,00000000,00000000,0,00000000,0000
1492,00,00000000,00000000,0,00000000,0000
1493,10,11001101,11001100,1,00000100,0001
1494,00,00000000,00000000,0,00000000,0000
1495,00,00000000,00000000,0,00000000,0000
1496,00,00000000,00000000,0,00000000,0000
1497,10,11010001,11010000,1,00000100,0001
1498,00,00000000,00000000,0,00000000,0000
1499,00,00000000,00000000,0,00000000,0000
1500,00,00000000,00000000,0,00000000,0000
1501,10,11010101,11010100,1,00000100,0001
1502,00,00000000,00000000,0,00000000,0000
1503,00,00000000,00000000,0,00000000,0000
1504,00,00000000,00000000,0,00000000,0000
1505,10,11011001,11011000,1,00000100,0001
1506,00,00000000,00000000,0,00000000,0000
1507,00,00000000,00000000,0,00000000,0000
1508,00,00000000,00000000,0,00000000,0000
1509,10,11011101,11011100,1,00000100,0001
1510,00,00000000,00000000,0,00000000,0000
1511,00,00000000,00000000,0,00000000,0000
1512,00,00000000,00000000,0,00000000,0000
1513,00,00000000,00000000,0,00000000,0000
1514,00,00000000,00000000,0,00000000,0000
1515,00,00000000,00000000,0,00000000,0000
1516,00,00000000,00000000,0,00000000,0000
1517,00,00000000,00000000,0,00000000,0000
1518,00,00000000,00000000,0,00000000,0000
1519,00,00000000,00000000,0,00000000,0000
1520,00,00000000,00000000,0,00000000,0000
1521,00,00000000,00000000,0,00000000,0000
1522,00,00000000,00000000,0,00000000,0000
1523,00,00000000,00000000,0,00000000,0000
1524,00,00000000,00000000,0,00000000,0000
1525,00,00000000,00000000,0,00000000,0000
1526,00,00000000,00000000,0,00000000,0000
1527,00,00000000,00000000,0,00000000,0000
1528,00,00000000,00000000,0,00000000,0000
1529,00,00000000,00000000,0,00000000,0000
1530,00,00000000,00000000,0,00000000,0000
1531,00,00000000,00000000,0,00000000,0000
1532,00,00000000,00000000,0,00000000,0000
1533,00,00000000,00000000,0,00000000,0000
1534,00,00000000,00000000,0,00000000,0000
1535,00,00000000,00000000,0,00000000,0000
1536,00,00000000,00000000,0,00000000,0000
1537,10,11100011,11100010,1,00000100,1001
1538,00,00000000,00000000,0,00000000,0000
1539,00,00000000,00000000,0,00000000,0000
1540,00,00000000,00000000,0,00000000,0000
1541,10,11100111,11100110,1,00000100,1001
1542,00,00000000,00000000,0,00000000,0000
1543,00,00000000,00000000,0,00000000,0000
1544,00,00000000,00000000,0,00000000,0000
1545,10,11101011,11101010,1,00000100,1001
1546,00,00000000,00000000,0,00000000,0000
1547,00,00000000,00000000,0,00000000,0000
1548,00,00000000,00000000,0,00000000,0000
1549,10,11101111,11101110,1,00000100,1001
1550,00,00000000,00000000,0,00000000,0000
1551,00,00000000,00000000,0,00000000,0000
1552,00,00000000,00000000,0,00000000,0000
1553,10,11110011,11110010,1,00000100,1001
1554,00,00000000,00000000,0,00000000,0000
1555,00,00000000,00000000,0,00000000,0000
1556,00,00000000,00000000,0,00000000,0000
1557,10,11110111,11110110,1,00000100,1001
1558,00,00000000,00000000,0,00000000,0000
1559,00,00000000,00000000,0,00000000,0000
1560,00,00000000,00000000,0,00000000,0000
1561,10,11111011,11111010,1,00000100,1001
1562,00,00000000,00000000,0,00000000,0000
1563,00,00000000,00000000,0,00000000,0000
1564,00,00000000,00000000,0,00000000,0000
1565,10,11111111,11111110,1,00000100,1001
1566,00,00000000,00000000,0,00000000,0000
1567,00,00000000,00000000,0,00000000,0000
1568,00,00000000,00000000,0,00000000,0000
1569,10,00000011,00000010,1,00000100,1001
1570,00,00000000,00000000,0,00000000,0000
1571,00,00000000,00000000,0,00000000,0000
1572,00,00000000,00000000,0,00000000,0000
1573,10,00000111,00000110,1,00000100,1001
1574,00,00000000,00000000,0,00000000,0000
1575,00,00000000,00000000,0,00000000,0000
1576,00,00000000,00000000,0,00000000,0000
1577,00,00000000,00000000,0,00000000,0000
1578,10,11100001,11100000,1,00000100,0001
1579,00,00000000,00000000,0,00000000,0000
1580,00,00000000,00000000,0,00000000,0000
1581,00,00000000,00000000,0,00000000,0000
1582,10,11100101,11100100,1,00000100,0001
1583,00,00000000,00000000,0,00000000,0000
1584,00,00000000,00000000,0,00000000,0000
1585,00,00000000,00000000,0,00000000,0000
1586,10,11101001,11101000,1,00000100,0001
1587,00,00000000,00000000,0,00000000,0000
1588,00,00000000,00000000,0,00000000,0000
1589,00,00000000,00000000,0,00000000,0000
1590,10,11101101,11101100,1,00000100,0001
1591,00,00000000,00000000,0,00000000,0000
1592,00,00000000,00000000,0,00000000,0000
1593,00,00000000,00000000,0,00000000,0000
1594,10,11110001,11110000,1,00000100,0001
1595,00,00000000,00000000,0,00000000,0000
1596,00,00000000,00000000,0,00000000,0000
1597,00,00000000,00000000,0,00000000,0000
1598,10,11110101,11110100,1,00000100,0001
1599,00,00000000,00000000,0,00000000,0000
1600,00,00000000,00000000,0,00000000,0000
1601,00,00000000,00000000,0,00000000,0000
1602,10,11111001,11111000,1,00000100,0001
1603,00,00000000,00000000,0,00000000,0000
1604,00,00000000,00000000,0,00000000,0000
1605,00,00000000,00000000,0,00000000,0000
1606,10,11111101,11111100,1,00000100,0001
1607,00,00000000,00000000,0,00000000,0000
1608,00,00000000,00000000,0,00000000,0000
1609,00,00000000,00000000,0,00000000,0000
1610,00,00000000,00000000,0,00000000,0000
1611,00,00000000,00000000,0,00000000,0000
1612,00,00000000,00000000,0,00000000,0000
1613,00,00000000,00000000,0,00000000,0000
1614,00,00000000,00000000,0,00000000,0000
1615,00,00000000,00000000,0,00000000,0000
1616,00,00000000,00000000,0,00000000,0000
1617,00,00000000,00000000,0,00000000,0000
1618,00,00000000,00000000,0,00000000,0000
1619,00,00000000,00000000,0,00000000,0000
1620,00,00000000,00000000,0,00000000,0000
1621,00,00000000,00000000,0,00000000,0000
1622,00,00000000,00000000,0,00000000,0000
1623,00,00000000,00000000,0,00000000,0000
1624,00,00000000,00000000,0,00000000,0000
1625,00,00000000,00000000,0,00000000,0000
1626,00,00000000,00000000,0,00000000,0000
1627,00,00000000,00000000,0,00000000,0000
1628,00,00000000,00000000,0,00000000,0000
1629,00,00000000,00000000,0,00000000,0000
1630,00,00000000,00000000,0,00000000,0000
1631,00,00000000,00000000,0,00000000,0000
1632,00,00000000,00000000,0,00000000,0000
1633,00,00000000,00000000,0,00000000,0000
1634,10,00001011,00001010,1,00000100,1001
1635,00,00000000,00000000,0,00000000,0000
1636,00,00000000,00000000,0,00000000,0000
1637,00,00000000,00000000,0,00000000,0000
1638,10,00001111,00001110,1,00000100,1001
1639,00,00000000,00000000,0,00000000,0000
1640,00,00000000,00000000,0,00000000,0000
1641,00,00000000,00000000,0,00000000,0000
1642,10,00010011,00010010,1,00000100,1001
1643,00,00000000,00000000,0,00000000,0000
1644,00,00000000,00000000,0,00000000,0000
1645,00,00000000,00000000,0,00000000,0000
1646,10,00010111,00010110,1,00000100,1001
1647,00,00000000,00000000,0,00000000,0000
1648,00,00000000,00000000,0,00000000,0000
1649,00,00000000,00000000,0,00000000,0000
1650,10,00011011,00011010,1,00000100,1001
1651,00,00000000,00000000,0,00000000,0000
1652,00,00000000,00000000,0,00000000,0000
1653,00,00000000,00000000,0,00000000,0000
1654,10,00011111,00011110,1,00000100,1001
1655,00,00000000,00000000,0,00000000,0000
1656,00,00000000,00000000,0,00000000,0000
1657,00,00000000,00000000,0,00000000,0000
1658,10,00100011,00100010,1,00000100,1001
1659,00,00000000,00000000,0,00000000,0000
1660,00,00000000,00000000,0,00000000,0000
1661,00,00000000,00000000,0,00000000,0000
1662,10,00100111,00100110,1,00000100,1001
1663,00,00000000,00000000,0,00000000,0000
1664,00,00000000,00000000,0,00000000,0000
1665,00,00000000,00000000,0,00000000,0000
1666,10,00101011,00101010,1,00000100,1001
1667,00,00000000,00000000,0,00000000,0000
1668,00,00000000,00000000,0,00000000,0000
1669,00,00000000,00000000,0,00000000,0000
1670,10,00101111,00101110,1,00000100,1001
1671,00,00000000,00000000,0,00000000,0000
1672,00,00000000,00000000,0,00000000,0000
1673,00,00000000,00000000,0,00000000,0000
1674,10,00000001,00000000,1,00000100,0001
1675,00,00000000,00000000,0,00000000,0000
1676,00,00000000,00000000,0,00000000,0000
1677,00,00000000,00000000,0,00000000,0000
1678,10,00000101,00000100,1,00000100,0001
1679,00,00000000,00000000,0,00000000,0000
1680,00,00000000,00000000,0,00000000,0000
1681,00,00000000,00000000,0,00000000,0000
1682,10,00001001,00001000,1,00000100,0001
1683,00,00000000,00000000,0,00000000,0000
1684,00,00000000,00000000,0,00000000,0000
1685,00,00000000,00000000,0,00000000,0000
1686,10,00001101,00001100,1,00000100,0001
1687,00,00000000,00000000,0,00000000,0000
1688,00,00000000,00000000,0,00000000,0000
1689,00,00000000,00000000,0,00000000,0000
1690,10,00010001,00010000,1,00000100,0001
1691,00,00000000,00000000,0,00000000,0000
1692,00,00000000,00000000,0,00000000,0000
1693,00,00000000,00000000,0,00000000,0000
1694,10,00010101,00010100,1,00000100,0001
1695,00,00000000,00000000,0,00000000,0000
1696,00,00000000,00000000,0,00000000,0000
1697,00,00000000,00000000,0,00000000,0000
1698,10,00011001,00011000,1,00000100,0001
1699,00,00000000,00000000,0,00000000,0000
1700,00,00000000,00000000,0,00000000,0000
1701,00,00000000,00000000,0,00000000,0000
1702,10,00011101,00011100,1,00000100,0001
1703,00,00000000,00000000,0,00000000,0000
1704,00,00000000,00000000,0,00000000,0000
1705,00,00000000,00000000,0,00000000,0000
1706,10,00100001,00100000,1,00000100,0001
1707,00,00000000,00000000,0,00000000,0000
1708,00,00000000,00000000,0,00000000,0000
1709,00,00000000,00000000,0,00000000,0000
1710,10,00100101,00100100,1,00000100,0001
1711,00,00000000,00000000,0,00000000,0000
1712,00,00000000,00000000,0,00000000,0000
1713,00,00000000,00000000,0,00000000,0000
1714,10,00101001,00101000,1,00000100,0001
1715,00,00000000,00000000,0,00000000,0000
1716,00,00000000,00000000,0,00000000,0000
1717,00,00000000,00000000,0,00000000,0000
1718,10,00101101,00101100,1,00000100,0001
1719,00,00000000,00000000,0,00000000,0000
1720,00,00000000,00000000,0,00000000,0000
1721,00,00000000,00000000,0,00000000,0000
1722,00,00000000,00000000,0,00000000,0000
1723,00,00000000,00000000,0,00000000,0000
1724,00,00000000,00000000,0,00000000,0000
1725,00,00000000,00000000,0,00000000,0000
1726,00,00000000,00000000,0,00000000,0000
1727,00,00000000,00000000,0,00000000,0000
1728,00,00000000,00000000,0,00000000,0000
1729,00,00000000,00000000,0,00000000,0000
1730,00,00000000,00000000,0,00000000,0000
1731,00,00000000,00000000,0,00000000,0000
1732,00,00000000,00000000,0,00000000,0000
1733,00,00000000,00000000,0,00000000,0000
1734,00,00000000,00000000,0,00000000,0000
1735,00,00000000,00000000,0,00000000,0000
1736,00,00000000,00000000,0,00000000,0000
1737,00,00000000,00000000,0,00000000,0000
1738,00,00000000,00000000,0,00000000,0000
1739,00,00000000,00000000,0,00000000,0000
1740,00,00000000,00000000,0,00000000,0000
1741,00,00000000,00000000,0,00000000,0000
1742,00,00000000,00000000,0,00000000,0000
1743,00,00000000,00000000,0,00000000,0000
1744,00,00000000,00000000,0,00000000,0000
1745,00,00000000,00000000,0,00000000,0000
1746,10,00110011,00110010,1,00000100,1001
1747,00,00000000,00000000,0,00000000,0000
1748,00,00000000,00000000,0,00000000,0000
1749,00,00000000,00000000,0,00000000,0000
1750,10,00110111,00110110,1,00000100,1001
1751,00,00000000,00000000,0,00000000,0000
1752,00,00000000,00000000,0,00000000,0000
1753,00,00000000,00000000,0,00000000,0000
1754,10,00111011,00111010,1,00000100,1001
1755,00,00000000,00000000,0,00000000,0000
1756,00,00000000,00000000,0,00000000,0000
1757,00,00000000,00000000,0,00000000,0000
1758,10,00111111,00111110,1,00000100,1001
1759,00,00000000,00000000,0,00000000,0000
1760,00,00000000,00000000,0,00000000,0000
1761,00,00000000,00000000,0,00000000,0000
1762,10,01000011,01000010,1,00000100,1001
1763,00,00000000,00000000,0,00000000,0000
1764,00,00000000,00000000,0,00000000,0000
1765,00,00000000,00000000,0,00000000,0000
1766,10,01000111,01000110,1,00000100,1001
1767,00,00000000,00000000,0,00000000,0000
1768,00,00000000,00000000,0,00000000,0000
1769,00,00000000,00000000,0,00000000,0000
1770,10,01001011,01001010,1,00000100,1001
1771,00,00000000,00000000,0,00000000,0000
1772,00,00000000,00000000,0,00000000,0000
1773,00,00000000,00000000,0,00000000,0000
1774,10,01001111,01001110,1,00000100,1001
1775,00,00000000,00000000,0,00000000,0000
1776,00,00000000,00000000,0,00000000,0000
1777,00,00000000,00000000,0,00000000,0000
1778,10,01010011,01010010,1,00000100,1001
1779,00,00000000,00000000,0,00000000,0000
1780,00,00000000,00000000,0,00000000,0000
1781,00,00000000,00000000,0,00000000,0000
1782,10,01010111,01010110,1,00000100,1001
1783,00,00000000,00000000,0,00000000,0000
1784,00,00000000,00000000,0,00000000,0000
1785,00,00000000,00000000,0,00000000,0000
1786,00,00000000,00000000,0,00000000,0000
1787,10,00110001,00110000,1,00000100,0001
1788,00,00000000,00000000,0,00000000,0000
1789,00,00000000,00000000,0,00000000,0000
1790,00,00000000,00000000,0,00000000,0000
1791,10,00110101,00110100,1,00000100,0001
1792,00,00000000,00000000,0,00000000,0000
1793,00,00000000,00000000,0,00000000,0000
1794,00,00000000,00000000,0,00000000,0000
1795,10,00111001,00111000,1,00000100,0001
1796,00,00000000,00000000,0,00000000,0000
1797,00,00000000,00000000,0,00000000,0000
1798,00,00000000,00000000,0,00000000,0000
1799,10,00111101,00111100,1,00000100,0001
1800,00,00000000,00000000,0,00000000,0000
1801,00,00000000,00000000,0,00000000,0000
1802,00,00000000,00000000,0,00000000,0000
1803,10,01000001,01000000,1,00000100,0001
1804,00,00000000,00000000,0,00000000,0000
1805,00,00000000,00000000,0,00000000,0000
1806,00,00000000,00000000,0,00000000,0000
1807,10,01000101,01000100,1,00000100,0001
1808,00,00000000,00000000,0,00000000,0000
1809,00,00000000,00000000,0,00000000,0000
1810,00,00000000,00000000,0,00000000,0000
1811,10,01001001,01001000,1,00000100,0001
1812,00,00000000,00000000,0,00000000,0000
1813,00,00000000,00000000,0,00000000,0000
1814,00,00000000,00000000,0,00000000,0000
1815,10,01001101,01001100,1,00000100,0001
1816,00,00000000,00000000,0,00000000,0000
1817,00,00000000,00000000,0,00000000,0000
1818,00,00000000,00000000,0,00000000,0000
1819,00,00000000,00000000,0,00000000,0000
1820,00,00000000,00000000,0,00000000,0000
1821,00,00000000,00000000,0,00000000,0000
1822,00,00000000,00000000,0,00000000,0000
1823,00,00000000,00000000,0,00000000,0000
1824,00,00000000,00000000,0,00000000,0000
1825,00,00000000,00000000,0,00000000,0000
1826,00,00000000,00000000,0,00000000,0000
1827,00,00000000,00000000,0,00000000,0000
1828,00,00000000,00000000,0,00000000,0000
1829,00,00000000,00000000,0,00000000,0000
1830,00,00000000,00000000,0,00000000,0000
1831,00,00000000,00000000,0,00000000,0000
1832,00,00000000,00000000,0,00000000,0000
1833,00,00000000,00000000,0,00000000,0000
1834,00,00000000,00000000,0,00000000,0000
1835,00,00000000,00000000,0,00000000,0000
1836,00,00000000,00000000,0,00000000,0000
1837,00,00000000,00000000,0,00000000,0000
1838,00,00000000,00000000,0,00000000,0000
1839,00,00000000,00000000,0,00000000,0000
1840,00,00000000,00000000,0,00000000,0000
1841,00,00000000,00000000,0,00000000,0000
1842,00,00000000,00000000,0,00000000,0000
1843,10,01011011,01011010,1,00000100,1001
1844,00,00000000,00000000,0,00000000,0000
1845,00,00000000,00000000,0,00000000,0000
1846,00,00000000,00000000,0,00000000,0000
1847,10,01011111,01011110,1,00000100,1001
1848,00,00000000,00000000,0,00000000,0000
1849,00,00000000,00000000,0,00000000,0000
1850,00,00000000,00000000,0,00000000,0000
1851,10,01100011,01100010,1,00000100,1001
1852,00,00000000,00000000,0,00000000,0000
1853,00,00000000,00000000,0,00000000,0000
1854,00,00000000,00000000,0,00000000,0000
1855,10,01100111,01100110,1,00000100,1001
1856,00,00000000,00000000,0,00000000,0000
1857,00,00000000,00000000,0,00000000,0000
1858,00,00000000,00000000,0,00000000,0000
1859,10,01101011,01101010,1,00000100,1001
1860,00,00000000,00000000,0,00000000,0000
1861,00,00000000,00000000,0,00000000,0000
1862,00,00000000,00000000,0,00000000,0000
1863,10,01101111,01101110,1,00000100,1001
1864,00,00000000,00000000,0,00000000,0000
1865,00,00000000,00000000,0,00000000,0000
1866,00,00000000,00000000,0,00000000,0000
1867,10,01110011,01110010,1,00000100,1001
1868,00,00000000,00000000,0,00000000,0000
1869,00,00000000,00000000,0,00000000,0000
1870,00,00000000,00000000,0,00000000,0000
1871,10,01110111,01110110,1,00000100,1001
1872,00,00000000,00000000,0,00000000,0000
1873,00,00000000,00000000,0,00000000,0000
1874,00,00000000,00000000,0,00000000,0000
1875,10,01111011,01111010,1,00000100,1001
1876,00,00000000,00000000,0,00000000,0000
1877,00,00000000,00000000,0,00000000,0000
1878,00,00000000,00000000,0,00000000,0000
1879,10,01111111,01111110,1,00000100,1001
1880,00,00000000,00000000,0,00000000,0000
1881,00,00000000,00000000,0,00000000,0000
1882,00,00000000,00000000,0,00000000,0000
1883,10,01010001,01010000,1,00000100,0001
1884,00,00000000,00000000,0,00000000,0000
1885,00,00000000,00000000,0,00000000,0000
1886,00,00000000,00000000,0,00000000,0000
1887,10,01010101,01010100,1,00000100,0001
1888,00,00000000,00000000,0,00000000,0000
1889,00,00000000,00000000,0,00000000,0000
1890,00,00000000,00000000,0,00000000,0000
1891,10,01011001,01011000,1,00000100,0001
1892,00,00000000,00000000,0,00000000,0000
1893,00,00000000,00000000,0,00000000,0000
1894,00,00000000,00000000,0,00000000,0000
1895,10,01011101,01011100,1,00000100,0001
1896,00,00000000,00000000,0,00000000,0000
1897,00,00000000,00000000,0,00000000,0000
1898,00,00000000,00000000,0,00000000,0000
1899,10,01100001,01100000,1,00000100,0001
1900,00,00000000,00000000,0,00000000,0000
1901,00,00000000,00000000,0,00000000,0000
1902,00,00000000,00000000,0,00000000,0000
1903,10,01100101,01100100,1,00000100,0001
1904,00,00000000,00000000,0,00000000,0000
1905,00,00000000,00000000,0,00000000,0000
1906,00,00000000,00000000,0,00000000,0000
1907,10,01101001,01101000,1,00000100,0001
1908,00,00000000,00000000,0,00000000,0000
1909,00,00000000,00000000,0,00000000,0000
1910,00,00000000,00000000,0,00000000,0000
1911,10,01101101,01101100,1,00000100,0001
1912,00,00000000,00000000,0,00000000,0000
1913,00,00000000,00000000,0,00000000,0000
1914,00,00000000,00000000,0,00000000,0000
1915,10,01110001,01110000,1,00000100,0001
1916,00,00000000,00000000,0,00000000,0000
1917,00,00000000,00000000,0,00000000,0000
1918,00,00000000,00000000,0,00000000,0000
1919,10,01110101,01110100,1,00000100,0001
1920,00,00000000,00000000,0,00000000,0000
1921,00,00000000,00000000,0,00000000,0000
1922,00,00000000,00000000,0,00000000,0000
1923,10,01111001,01111000,1,00000100,0001
1924,00,00000000,00000000,0,00000000,0000
1925,00,00000000,00000000,0,00000000,0000
1926,00,00000000,00000000,0,00000000,0000
1927,10,01111101,01111100,1,00000100,0001
1928,00,00000000,00000000,0,00000000,0000
1929,00,00000000,00000000,0,00000000,0000
1930,00,00000000,00000000,0,00000000,0000
1931,00,00000000,00000000,0,00000000,0000
1932,00,00000000,00000000,0,00000000,0000
1933,00,00000000,00000000,0,00000000,0000
1934,00,00000000,00000000,0,00000000,0000
1935,00,00000000,00000000,0,00000000,0000
1936,00,00000000,00000000,0,00000000,0000
1937,00,00000000,00000000,0,00000000,0000
1938,00,00000000,00000000,0,00000000,0000
1939,00,00000000,00000000,0,00000000,0000
1940,00,00000000,00000000,0,00000000,0000
1941,00,00000000,00000000,0,00000000,0000
1942,00,00000000,00000000,0,00000000,0000
1943,00,00000000,00000000,0,00000000,0000
1944,00,00000000,00000000,0,00000000,0000
1945,00,00000000,00000000,0,00000000,0000
1946,00,00000000,00000000,0,00000000,0000
1947,00,00000000,00000000,0,00000000,0000
1948,00,00000000,00000000,0,00000000,0000
1949,00,00000000,00000000,0,00000000,0000
1950,00,00000000,00000000,0,00000000,0000
1951,00,00000000,00000000,0,00000000,0000
1952,00,00000000,00000000,0,00000000,0000
1953,00,00000000,00000000,0,00000000,0000
1954,00,00000000,00000000,0,00000000,0000
1955,10,10000011,10000010,1,00000100,1001
1956,00,00000000,00000000,0,00000000,0000
1957,00,00000000,00000000,0,00000000,0000
1958,00,00000000,00000000,0,00000000,0000
1959,10,10000111,10000110,1,00000100,1001
1960,00,00000000,00000000,0,00000000,0000
1961,00,00000000,00000000,0,00000000,0000
1962,00,00000000,00000000,0,00000000,0000
1963,10,10001011,10001010,1,00000100,1001
1964,00,00000000,00000000,0,00000000,0000
1965,00,00000000,00000000,0,00000000,0000
1966,00,00000000,00000000,0,00000000,0000
1967,10,10001111,10001110,1,00000100,1001
1968,00,00000000,00000000,0,00000000,0000
1969,00,00000000,00000000,0,00000000,0000
1970,00,00000000,00000000,0,00000000,0000
1971,10,10010011,10010010,1,00000100,1001
1972,00,00000000,00000000,0,00000000,0000
1973,00,00000000,00000000,0,00000000,0000
1974,00,00000000,00000000,0,00000000,0000
1975,10,10010111,10010110,1,00000100,1001
1976,00,00000000,00000000,0,00000000,0000
1977,00,00000000,00000000,0,00000000,0000
1978,00,00000000,00000000,0,00000000,0000
1979,10,10011011,10011010,1,00000100,1001
1980,00,00000000,00000000,0,00000000,0000
1981,00,00000000,00000000,0,00000000,0000
1982,00,00000000,00000000,0,00000000,0000
1983,10,10011111,10011110,1,00000100,1001
1984,00,00000000,00000000,0,00000000,0000
1985,00,00000000,00000000,0,00000000,0000
1986,00,00000000,00000000,0,00000000,0000
1987,10,10100011,10100010,1,00000100,1001
1988,00,00000000,00000000,0,00000000,0000
1989,00,00000000,00000000,0,00000000,0000
1990,00,00000000,00000000,0,00000000,0000
1991,10,10100111,10100110,1,00000100,1001
1992,00,00000000,00000000,0,00000000,0000
1993,00,00000000,00000000,0,00000000,0000
1994,00,00000000,00000000,0,00000000,0000
1995,00,00000000,00000000,0,00000000,0000
1996,10,10000001,10000000,1,00000100,0001
1997,00,00000000,00000000,0,00000000,0000
1998,00,00000000,00000000,0,00000000,0000
1999,00,00000000,00000000,0,00000000,0000
2000,10,10000101,10000100,1,00000100,0001
2001,00,00000000,00000000,0,00000000,0000
2002,00,00000000,00000000,0,00000000,0000
2003,00,00000000,00000000,0,00000000,0000
2004,10,10001001,10001000,1,00000100,0001
2005,00,00000000,00000000,0,00000000,0000
2006,00,00000000,00000000,0,00000000,0000
2007,00,00000000,00000000,0,00000000,0000
2008,10,10001101,10001100,1,00000100,0001
2009,00,00000000,00000000,0,00000000,0000
2010,00,00000000,00000000,0,00000000,0000
2011,00,00000000,00000000,0,00000000,0000
2012,10,10010001,10010000,1,00000100,0001
2013,00,00000000,00000000,0,00000000,0000
2014,00,00000000,00000000,0,00000000,0000
2015,00,00000000,00000000,0,00000000,0000
2016,10,10010101,10010100,1,00000100,0001
2017,00,00000000,00000000,0,00000000,0000
2018,00,00000000,00000000,0,00000000,0000
2019,00,00000000,00000000,0,00000000,0000
2020,10,10011001,10011000,1,00000100,0001
2021,00,00000000,00000000,0,00000000,0000
2022,00,00000000,00000000,0,00000000,0000
2023,00,00000000,00000000,0,00000000,0000
2024,10,10011101,10011100,1,00000100,0001
2025,00,00000000,00000000,0,00000000,0000
2026,00,00000000,00000000,0,00000000,0000
2027,00,00000000,00000000,0,00000000,0000
2028,00,00000000,00000000,0,00000000,0000
2029,00,00000000,00000000,0,00000000,0000
2030,00,00000000,00000000,0,00000000,0000
2031,00,00000000,00000000,0,00000000,0000
2032,00,00000000,00000000,0,00000000,0000
2033,00,00000000,00000000,0,00000000,0000
2034,00,00000000,00000000,0,00000000,0000
2035,00,00000000,00000000,0,00000000,0000
2036,00,00000000,00000000,0,00000000,0000
2037,00,00000000,00000000,0,00000000,0000
2038,00,00000000,00000000,0,00000000,0000
2039,00,00000000,00000000,0,00000000,0000
2040,00,00000000,00000000,0,00000000,0000
2041,00,00000000,00000000,0,00000000,0000
2042,00,00000000,00000000,0,00000000,0000
2043,00,00000000,00000000,0,00000000,0000
2044,00,00000000,00000000,0,00000000,0000
2045,00,00000000,00000000,0,00000000,0000
2046,00,00000000,00000000,0,00000000,0000
2047,00,00000000,00000000,0,00000000,0000
2048,00,00000000,00000000,0,00000000,0000
2049,00,00000000,00000000,0,00000000,0000
2050,00,00000000,00000000,0,00000000,0000
2051,00,00000000,00000000,0,00000000,0000
2052,10,10101011,10101010,1,00000100,1001
2053,00,00000000,00000000,0,00000000,0000
2054,00,00000000,00000000,0,00000000,0000
2055,00,00000000,00000000,0,00000000,0000
2056,10,10101111,10101110,1,00000100,1001
2057,00,00000000,00000000,0,00000000,0000
2058,00,00000000,00000000,0,00000000,0000
2059,00,00000000,00000000,0,00000000,0000
2060,10,10110011,10110010,1,00000100,1001
2061,00,00000000,00000000,0,00000000,0000
2062,00,00000000,00000000,0,00000000,0000
2063,00,00000000,00000000,0,00000000,0000
2064,10,10110111,10110110,1,00000100,1001
2065,00,00000000,00000000,0,00000000,0000
2066,00,00000000,00000000,0,00000000,0000
2067,00,00000000,00000000,0,00000000,0000
2068,10,10111011,10111010,1,00000100,1001
2069,00,00000000,00000000,0,00000000,0000
2070,00,00000000,00000000,0,00000000,0000
2071,00,00000000,00000000,0,00000000,0000
2072,10,10111111,10111110,1,00000100,1001
2073,00,00000000,00000000,0,00000000,0000
2074,00,00000000,00000000,0,00000000,0000
2075,00,00000000,00000000,0,00000000,0000
2076,10,11000011,11000010,1,00000100,1001
2077,00,00000000,00000000,0,00000000,0000
2078,00,00000000,00000000,0,00000000,0000
2079,00,00000000,00000000,0,00000000,0000
2080,10,11000111,11000110,1,00000100,1001
2081,00,00000000,00000000,0,00000000,0000
2082,00,00000000,00000000,0,00000000,0000
2083,00,00000000,00000000,0,00000000,0000
2084,10,11001011,11001010,1,00000100,1001
2085,00,00000000,00000000,0,00000000,0000
2086,00,00000000,00000000,0,00000000,0000
2087,00,00000000,00000000,0,00000000,0000
2088,10,11001111,11001110,1,00000100,1001
2089,00,00000000,00000000,0,00000000,0000
2090,00,00000000,00000000,0,00000000,0000
2091,00,00000000,00000000,0,00000000,0000
2092,10,10100001,10100000,1,00000100,0001
2093,00,00000000,00000000,0,00000000,0000
2094,00,00000000,00000000,0,00000000,0000
2095,00,00000000,00000000,0,00000000,0000
2096,10,10100101,10100100,1,00000100,0001
2097,00,00000000,00000000,0,00000000,0000
2098,00,00000000,00000000,0,00000000,0000
2099,00,00000000,00000000,0,00000000,0000
2100,10,10101001,10101000,1,00000100,0001
2101,00,00000000,00000000,0,00000000,0000
2102,00,00000000,00000000,0,00000000,0000
2103,00,00000000,00000000,0,00000000,0000
2104,10,10101101,10101100,1,00000100,0001
2105,00,00000000,00000000,0,00000000,0000
2106,00,00000000,00000000,0,00000000,0000
2107,00,00000000,00000000,0,00000000,0000
2108,10,10110001,10110000,1,00000100,0001
2109,00,00000000,00000000,0,00000000,0000
2110,00,00000000,00000000,0,00000000,0000
2111,00,00000000,00000000,0,00000000,0000
2112,10,10110101,10110100,1,00000100,0001
2113,00,00000000,00000000,0,00000000,0000
2114,00,00000000,00000000,0,00000000,0000
2115,00,00000000,00000000,0,00000000,0000
2116,10,10111001,10111000,1,00000100,0001
2117,00,00000000,00000000,0,00000000,0000
2118,00,00000000,00000000,0,00000000,0000
2119,00,00000000,00000000,0,00000000,0000
2120,10,10111101,10111100,1,00000100,0001
2121,00,00000000,00000000,0,00000000,0000
2122,00,00000000,00000000,0,00000000,0000
2123,00,00000000,00000000,0,00000000,0000
2124,10,11000001,11000000,1,00000100,0001
2125,00,00000000,00000000,0,00000000,0000
2126,00,00000000,00000000,0,00000000,0000
2127,00,00000000,00000000,0,00000000,0000
2128,10,11000101,11000100,1,00000100,0001
2129,00,00000000,00000000,0,00000000,0000
2130,00,00000000,00000000,0,00000000,0000
2131,00,00000000,00000000,0,00000000,0000
2132,10,11001001,11001000,1,00000100,0001
2133,00,00000000,00000000,0,00000000,0000
2134,00,00000000,00000000,0,00000000,0000
2135,00,00000000,00000000,0,00000000,0000
2136,10,11001101,11001100,1,00000100,0001
2137,00,00000000,00000000,0,00000000,0000
2138,00,00000000,00000000,0,00000000,0000
2139,00,00000000,00000000,0,00000000,0000
2140,00,00000000,00000000,0,00000000,0000
2141,00,00000000,00000000,0,00000000,0000
2142,00,00000000,00000000,0,00000000,0000
2143,00,00000000,00000000,0,00000000,0000
2144,00,00000000,00000000,0,00000000,0000
2145,00,00000000,00000000,0,00000000,0000
2146,00,00000000,00000000,0,00000000,0000
2147,00,00000000,00000000,0,00000000,0000
2148,00,00000000,00000000,0,00000000,0000
2149,00,00000000,00000000,0,00000000,0000
2150,00,00000000,00000000,0,00000000,0000
2151,00,00000000,00000000,0,00000000,0000
2152,00,00000000,00000000,0,00000000,0000
2153,00,00000000,00000000,0,00000000,0000
2154,00,00000000,00000000,0,00000000,0000
2155,00,00000000,00000000,0,00000000,0000
2156,00,00000000,00000000,0,00000000,0000
2157,00,00000000,00000000,0,00000000,0000
2158,00,00000000,00000000,0,00000000,0000
2159,00,00000000,00000000,0,00000000,0000
2160,00,00000000,00000000,0,00000000,0000
2161,00,00000000,00000000,0,00000000,0000
2162,00,00000000,00000000,0,00000000,0000
2163,00,00000000,00000000,0,00000000,0000
2164,10,11010011,11010010,1,00000100,1001
2165,00,00000000,00000000,0,00000000,0000
2166,00,00000000,00000000,0,00000000,0000
2167,00,00000000,00000000,0,00000000,0000
2168,10,11010111,11010110,1,00000100,1001
2169,00,00000000,00000000,0,00000000,0000
2170,00,00000000,00000000,0,00000000,0000
2171,00,00000000,00000000,0,00000000,0000
2172,10,11011011,11011010,1,00000100,1001
2173,00,00000000,00000000,0,00000000,0000
2174,00,00000000,00000000,0,00000000,0000
2175,00,00000000,00000000,0,00000000,0000
2176,10,11011111,11011110,1,00000100,1001
2177,00,00000000,00000000,0,00000000,0000
2178,00,00000000,00000000,0,00000000,0000
2179,00,00000000,00000000,0,00000000,0000
2180,10,11100011,11100010,1,00000100,1001
2181,00,00000000,00000000,0,00000000,0000
2182,00,00000000,00000000,0,00000000,0000
2183,00,00000000,00000000,0,00000000,0000
2184,10,11100111,11100110,1,00000100,1001
2185,00,00000000,00000000,0,00000000,0000
2186,00,00000000,00000000,0,00000000,0000
2187,00,00000000,00000000,0,00000000,0000
2188,10,11101011,11101010,1,00000100,1001
2189,00,00000000,00000000,0,00000000,0000
2190,00,00000000,00000000,0,00000000,0000
2191,00,00000000,00000000,0,00000000,0000
2192,10,11101111,11101110,1,00000100,1001
2193,00,00000000,00000000,0,00000000,0000
2194,00,00000000,00000000,0,00000000,0000
2195,00,00000000,00000000,0,00000000,0000
2196,10,11110011,11110010,1,00000100,1001
2197,00,00000000,00000000,0,00000000,0000
2198,00,00000000,00000000,0,00000000,0000
2199,00,00000000,00000000,0,00000000,0000
2200,10,11110111,11110110,1,00000100,1001
2201,00,00000000,00000000,0,00000000,0000
2202,00,00000000,00000000,0,00000000,0000
2203,00,00000000,00000000,0,00000000,0000
2204,00,00000000,00000000,0,00000000,0000
2205,10,11010001,11010000,1,00000100,0001
2206,00,00000000,00000000,0,00000000,0000
2207,00,00000000,00000000,0,00000000,0000
2208,00,00000000,00000000,0,00000000,0000
2209,10,11010101,11010100,1,00000100,0001
2210,00,00000000,00000000,0,00000000,0000
2211,00,00000000,00000000,0,00000000,0000
2212,00,00000000,00000000,0,00000000,0000
2213,10,11011001,11011000,1,00000100,0001
2214,00,00000000,00000000,0,00000000,0000
2215,00,00000000,00000000,0,00000000,0000
2216,00,00000000,00000000,0,00000000,0000
2217,10,11011101,11011100,1,00000100,0001
2218,00,00000000,00000000,0,00000000,0000
2219,00,00000000,00000000,0,00000000,0000
2220,00,00000000,00000000,0,00000000,0000
2221,10,11100001,11100000,1,00000100,0001
2222,00,00000000,00000000,0,00000000,0000
2223,00,00000000,00000000,0,00000000,0000
2224,00,00000000,00000000,0,00000000,0000
2225,10,11100101,11100100,1,00000100,0001
2226,00,00000000,00000000,0,00000000,0000
2227,00,00000000,00000000,0,00000000,0000
2228,00,00000000,00000000,0,00000000,0000
2229,10,11101001,11101000,1,00000100,0001
2230,00,00000000,00000000,0,00000000,0000
2231,00,00000000,00000000,0,00000000,0000
2232,00,00000000,00000000,0,00000000,0000
2233,10,11101101,11101100,1,00000100,0001
2234,00,00000000,00000000,0,00000000,0000
2235,00,00000000,00000000,0,00000000,0000
2236,00,00000000,00000000,0,00000000,0000
2237,00,00000000,00000000,0,00000000,0000
2238,00,00000000,00000000,0,00000000,0000
2239,00,00000000,00000000,0,00000000,0000
2240,00,00000000,00000000,0,00000000,0000
2241,00,00000000,00000000,0,00000000,0000
2242,00,00000000,00000000,0,00000000,0000
2243,00,00000000,00000000,0,00000000,0000
2244,00,00000000,00000000,0,00000000,0000
2245,00,00000000,00000000,0,00000000,0000
2246,00,00000000,00000000,0,00000000,0000
2247,00,00000000,00000000,0,00000000,0000
2248,00,00000000,00000000,0,00000000,0000
2249,00,00000000,00000000,0,00000000,0000
2250,00,00000000,00000000,0,00000000,0000
2251,00,00000000,00000000,0,00000000,0000
2252,00,00000000,00000000,0,00000000,0000
2253,00,00000000,00000000,0,00000000,0000
2254,00,00000000,00000000,0,00000000,0000
2255,00,00000000,00000000,0,00000000,0000
2256,00,00000000,00000000,0,00000000,0000
2257,00,00000000,00000000,0,00000000,0000
2258,00,00000000,00000000,0,00000000,0000
2259,00,00000000,00000000,0,00000000,0000
2260,00,00000000,00000000,0,00000000,0000
2261,10,11111011,11111010,1,00000100,1001
2262,00,00000000,00000000,0,00000000,0000
2263,00,00000000,00000000,0,00000000,0000
2264,00,00000000,00000000,0,00000000,0000
2265,10,11111111,11111110,1,00000100,1001
2266,00,00000000,00000000,0,00000000,0000
2267,00,00000000,00000000,0,00000000,0000
2268,00,00000000,00000000,0,00000000,0000
2269,10,00000011,00000010,1,00000100,1001
2270,00,00000000,00000000,0,00000000,0000
2271,00,00000000,00000000,0,00000000,0000
2272,00,00000000,00000000,0,00000000,0000
2273,10,00000111,00000110,1,00000100,1001
2274,00,00000000,00000000,0,00000000,0000
2275,00,00000000,00000000,0,00000000,0000
2276,00,00000000,00000000,0,00000000,0000
2277,10,00001011,00001010,1,00000100,1001
2278,00,00000000,00000000,0,00000000,0000
2279,00,00000000,00000000,0,00000000,0000
2280,00,00000000,00000000,0,00000000,0000
2281,10,00001111,00001110,1,00000100,1001
2282,00,00000000,00000000,0,00000000,0000
2283,00,00000000,00000000,0,00000000,0000
2284,00,00000000,00000000,0,00000000,0000
2285,10,00010011,00010010,1,00000100,1001
2286,00,00000000,00000000,0,00000000,0000
2287,00,00000000,00000000,0,00000000,0000
2288,00,00000000,00000000,0,00000000,0000
2289,10,00010111,00010110,1,00000100,1001
2290,00,00000000,00000000,0,00000000,0000
2291,00,00000000,00000000,0,00000000,0000
2292,00,00000000,00000000,0,00000000,0000
2293,10,00011011,00011010,1,00000100,1001
2294,00,00000000,00000000,0,00000000,0000
2295,00,00000000,00000000,0,00000000,0000
2296,00,00000000,00000000,0,00000000,0000
2297,10,00011111,00011110,1,00000100,1001
2298,00,00000000,00000000,0,00000000,0000
2299,00,00000000,00000000,0,00000000,0000
2300,00,00000000,00000000,0,00000000,0000
2301,10,11110001,11110000,1,00000100,0001
2302,00,00000000,00000000,0,00000000,0000
2303,00,00000000,00000000,0,00000000,0000
2304,00,00000000,00000000,0,00000000,0000
2305,10,11110101,11110100,1,00000100,0001
2306,00,00000000,00000000,0,00000000,0000
2307,00,00000000,00000000,0,00000000,0000
2308,00,00000000,00000000,0,00000000,0000
2309,10,11111001,11111000,1,00000100,0001
2310,00,00000000,00000000,0,00000000,0000
2311,00,00000000,00000000,0,00000000,0000
2312,00,00000000,00000000,0,00000000,0000
2313,10,11111101,11111100,1,00000100,0001
2314,00,00000000,00000000,0,00000000,0000
2315,00,00000000,00000000,0,00000000,0000
2316,00,00000000,00000000,0,00000000,0000
2317,00,00000000,00000000,0,00000000,0000
2318,00,00000000,00000000,0,00000000,0000
2319,00,00000000,00000000,0,00000000,0000
2320,00,00000000,00000000,0,00000000,0000
2321,00,00000000,00000000,0,00000000,0000
2322,00,00000000,00000000,0,00000000,0000
2323,00,00000000,00000000,0,00000000,0000
2324,00,00000000,00000000,0,00000000,0000
2325,00,00000000,00000000,0,00000000,0000
2326,00,00000000,00000000,0,00000000,0000
2327,00,00000000,00000000,0,00000000,0000
2328,00,00000000,00000000,0,00000000,0000
2329,00,00000000,00000000,0,00000000,0000
2330,00,00000000,00000000,0,00000000,0000
2331,00,00000000,00000000,0,00000000,0000
2332,00,00000000,00000000,0,00000000,0000
2333,00,00000000,00000000,0,00000000,0000
2334,00,00000000,00000000,0,00000000,0000
2335,00,00000000,00000000,0,00000000,0000
2336,00,00000000,00000000,0,00000000,0000
2337,00,00000000,00000000,0,00000000,0000
2338,00,00000000,00000000,0,00000000,0000
2339,00,00000000,00000000,0,00000000,0000
2340,00,00000000,00000000,0,00000000,0000
2341,10,00100011,00100010,1,00000100,1001
2342,00,00000000,00000000,0,00000000,0000
2343,00,00000000,00000000,0,00000000,0000
2344,00,00000000,00000000,0,00000000,0000
2345,10,00100111,00100110,1,00000100,1001
2346,00,00000000,00000000,0,00000000,0000
2347,00,00000000,00000000,0,00000000,0000
2348,00,00000000,00000000,0,00000000,0000
2349,10,00101011,00101010,1,00000100,1001
2350,00,00000000,00000000,0,00000000,0000
2351,00,00000000,00000000,0,00000000,0000
2352,00,00000000,00000000,0,00000000,0000
2353,10,00101111,00101110,1,00000100,1001
2354,00,00000000,00000000,0,00000000,0000
2355,00,00000000,00000000,0,00000000,0000
2356,00,00000000,00000000,0,00000000,0000
2357,10,00110011,00110010,1,00000100,1001
2358,00,00000000,00000000,0,00000000,0000
2359,00,00000000,00000000,0,00000000,0000
2360,00,00000000,00000000,0,00000000,0000
2361,10,00110111,00110110,1,00000100,1001
2362,00,00000000,00000000,0,00000000,0000
2363,00,00000000,00000000,0,00000000,0000
2364,00,00000000,00000000,0,00000000,0000
2365,10,00111011,00111010,1,00000100,1001
2366,00,00000000,00000000,0,00000000,0000
2367,00,00000000,00000000,0,00000000,0000
2368,00,00000000,00000000,0,00000000,0000
2369,10,00111111,00111110,1,00000100,1001
2370,00,00000000,00000000,0,00000000,0000
2371,00,00000000,00000000,0,00000000,0000
2372,00,00000000,00000000,0,00000000,0000
2373,10,01000011,01000010,1,00000100,1001
2374,00,00000000,00000000,0,00000000,0000
2375,00,00000000,00000000,0,00000000,0000
2376,00,00000000,00000000,0,00000000,0000
2377,10,01000111,01000110,1,00000100,1001
2378,00,00000000,00000000,0,00000000,0000
2379,00,00000000,00000000,0,00000000,0000
2380,00,00000000,00000000,0,00000000,0000
2381,00,00000000,00000000,0,00000000,0000
2382,00,00000000,00000000,0,00000000,0000
2383,00,00000000,00000000,0,00000000,0000
2384,00,00000000,00000000,0,00000000,0000
2385,00,00000000,00000000,0,00000000,0000
2386,00,00000000,00000000,0,00000000,0000
2387,00,00000000,00000000,0,00000000,0000
2388,00,00000000,00000000,0,00000000,0000
2389,00,00000000,00000000,0,00000000,0000
2390,00,00000000,00000000,0,00000000,0000
2391,00,00000000,00000000,0,00000000,0000
2392,00,00000000,00000000,0,00000000,0000
2393,00,00000000,00000000,0,00000000,0000
2394,00,00000000,00000000,0,00000000,0000
2395,00,00000000,00000000,0,00000000,0000
2396,00,00000000,00000000,0,00000000,0000
2397,00,00000000,00000000,0,00000000,0000
2398,00,00000000,00000000,0,00000000,0000
2399,00,00000000,00000000,0,00000000,0000
2400,10,01001011,01001010,1,00000100,1001
2401,00,00000000,00000000,0,00000000,0000
2402,00,00000000,00000000,0,00000000,0000
2403,00,00000000,00000000,0,00000000,0000
2404,10,01001111,01001110,1,00000100,1001
2405,00,00000000,00000000,0,00000000,0000
2406,00,00000000,00000000,0,00000000,0000
2407,00,00000000,00000000,0,00000000,0000
2408,10,01010011,01010010,1,00000100,1001
2409,00,00000000,00000000,0,00000000,0000
2410,00,00000000,00000000,0,00000000,0000
2411,00,00000000,00000000,0,00000000,0000
2412,10,01010111,01010110,1,00000100,1001
2413,00,00000000,00000000,0,00000000,0000
2414,00,00000000,00000000,0,00000000,0000
2415,00,00000000,00000000,0,00000000,0000
2416,10,01011011,01011010,1,00000100,1001
2417,00,00000000,00000000,0,00000000,0000
2418,00,00000000,00000000,0,00000000,0000
2419,00,00000000,00000000,0,00000000,0000
2420,10,01011111,01011110,1,00000100,1001
2421,00,00000000,00000000,0,00000000,0000
2422,00,00000000,00000000,0,00000000,0000
2423,00,00000000,00000000,0,00000000,0000
2424,10,01100011,01100010,1,00000100,1001
2425,00,00000000,00000000,0,00000000,0000
2426,00,00000000,00000000,0,00000000,0000
2427,00,00000000,00000000,0,00000000,0000
2428,10,01100111,01100110,1,00000100,1001
2429,00,00000000,00000000,0,00000000,0000
2430,00,00000000,00000000,0,00000000,0000
2431,00,00000000,00000000,0,00000000,0000
2432,10,01101011,01101010,1,00000100,1001
2433,00,00000000,00000000,0,00000000,0000
2434,00,00000000,00000000,0,00000000,0000
2435,00,00000000,00000000,0,00000000,0000
2436,10,01101111,01101110,1,00000100,1001
2437,00,00000000,00000000,0,00000000,0000
2438,00,00000000,00000000,0,00000000,0000
2439,00,00000000,00000000,0,00000000,0000
2440,00,00000000,00000000,0,00000000,0000
2441,00,00000000,00000000,0,00000000,0000
2442,00,00000000,00000000,0,00000000,0000
2443,00,00000000,00000000,0,00000000,0000
2444,00,00000000,00000000,0,00000000,0000
2445,00,00000000,00000000,0,00000000,0000
2446,00,00000000,00000000,0,00000000,0000
2447,00,00000000,00000000,0,00000000,0000
2448,00,00000000,00000000,0,00000000,0000
2449,00,00000000,00000000,0,00000000,0000
2450,00,00000000,00000000,0,00000000,0000
2451,00,00000000,00000000,0,00000000,0000
2452,00,00000000,00000000,0,00000000,0000
2453,00,00000000,00000000,0,00000000,0000
2454,00,00000000,00000000,0,00000000,0000
2455,00,00000000,00000000,0,00000000,0000
2456,00,00000000,00000000,0,00000000,0000
2457,00,00000000,00000000,0,00000000,0000
2458,00,00000000,00000000,0,00000000,0000
2459,10,01110011,01110010,1,00000100,1001
2460,00,00000000,00000000,0,00000000,0000
2461,00,00000000,00000000,0,00000000,0000
2462,00,00000000,00000000,0,00000000,0000
2463,10,01110111,01110110,1,00000100,1001
2464,00,00000000,00000000,0,00000000,0000
2465,00,00000000,00000000,0,00000000,0000
2466,00,00000000,00000000,0,00000000,0000
2467,10,01111011,01111010,1,00000100,1001
2468,00,00000000,00000000,0,00000000,0000
2469,00,00000000,00000000,0,00000000,0000
2470,00,00000000,00000000,0,00000000,0000
2471,10,01111111,01111110,1,00000100,1001
2472,00,00000000,00000000,0,00000000,0000
2473,00,00000000,00000000,0,00000000,0000
2474,00,00000000,00000000,0,00000000,0000
2475,10,10000011,10000010,1,00000100,1001
2476,00,00000000,00000000,0,00000000,0000
2477,00,00000000,00000000,0,00000000,0000
2478,00,00000000,00000000,0,00000000,0000
2479,10,10000111,10000110,1,00000100,1001
2480,00,00000000,00000000,0,00000000,0000
2481,00,00000000,00000000,0,00000000,0000
2482,00,00000000,00000000,0,00000000,0000
2483,10,10001011,10001010,1,00000100,1001
2484,00,00000000,00000000,0,00000000,0000
2485,00,00000000,00000000,0,00000000,0000
2486,00,00000000,00000000,0,00000000,0000
2487,10,10001111,10001110,1,00000100,1001
2488,00,00000000,00000000,0,00000000,0000
2489,00,00000000,00000000,0,00000000,0000
2490,00,00000000,00000000,0,00000000,0000
2491,10,10010011,10010010,1,00000100,1001
2492,00,00000000,00000000,0,00000000,0000
2493,00,00000000,00000000,0,00000000,0000
2494,00,00000000,00000000,0,00000000,0000
2495,10,10010111,10010110,1,00000100,1001
2496,00,00000000,00000000,0,00000000,0000
2497,00,00000000,00000000,0,00000000,0000
2498,00,00000000,00000000,0,00000000,0000
2499,00,00000000,00000000,0,00000000,0000
2500,00,00000000,00000000,0,00000000,0000
2501,00,00000000,00000000,0,00000000,0000
2502,00,00000000,00000000,0,00000000,0000
2503,00,00000000,00000000,0,00000000,0000
2504,00,00000000,00000000,0,00000000,0000
2505,00,00000000,00000000,0,00000000,0000
2506,00,00000000,00000000,0,00000000,0000
2507,00,00000000,00000000,0,00000000,0000
2508,00,00000000,00000000,0,00000000,0000
2509,00,00000000,00000000,0,00000000,0000
2510,00,00000000,00000000,0,00000000,0000
2511,00,00000000,00000000,0,00000000,0000
2512,00,00000000,00000000,0,00000000,0000
2513,00,00000000,00000000,0,00000000,0000
2514,00,00000000,00000000,0,00000000,0000
2515,00,00000000,00000000,0,00000000,0000
2516,00,00000000,00000000,0,00000000,0000
2517,00,00000000,00000000,0,00000000,0000
2518,10,10011011,10011010,1,00000100,1001
2519,00,00000000,00000000,0,00000000,0000
2520,00,00000000,00000000,0,00000000,0000
2521,00,00000000,00000000,0,00000000,0000
2522,10,10011111,10011110,1,00000100,1001
2523,00,00000000,00000000,0,00000000,0000
2524,00,00000000,00000000,0,00000000,0000
2525,00,00000000,00000000,0,00000000,0000
2526,10,10100011,10100010,1,00000100,1001
2527,00,00000000,00000000,0,00000000,0000
2528,00,00000000,00000000,0,00000000,0000
2529,00,00000000,00000000,0,00000000,0000
2530,10,10100111,10100110,1,00000100,1001
2531,00,00000000,00000000,0,00000000,0000
2532,00,00000000,00000000,0,00000000,0000
2533,00,00000000,00000000,0,00000000,0000
2534,10,10101011,10101010,1,00000100,1001
2535,00,00000000,00000000,0,00000000,0000
2536,00,00000000,00000000,0,00000000,0000
2537,00,00000000,00000000,0,00000000,0000
2538,10,10101111,10101110,1,00000100,1001
2539,00,00000000,00000000,0,00000000,0000
2540,00,00000000,00000000,0,00000000,0000
2541,00,00000000,00000000,0,00000000,0000
2542,10,10110011,10110010,1,00000100,1001
2543,00,00000000,00000000,0,00000000,0000
2544,00,00000000,00000000,0,00000000,0000
2545,00,00000000,00000000,0,00000000,0000
2546,10,10110111,10110110,1,00000100,1001
2547,00,00000000,00000000,0,00000000,0000
2548,00,00000000,00000000,0,00000000,0000
2549,00,00000000,00000000,0,00000000,0000
2550,10,10111011,10111010,1,00000100,1001
2551,00,00000000,00000000,0,00000000,0000
2552,00,00000000,00000000,0,00000000,0000
2553,00,00000000,00000000,0,00000000,0000
2554,10,10111111,10111110,1,00000100,1001
2555,00,00000000,00000000,0,00000000,0000
2556,00,00000000,00000000,0,00000000,0000
2557,00,00000000,00000000,0,00000000,0000
2558,00,00000000,00000000,0,00000000,0000
2559,00,00000000,00000000,0,00000000,0000
2560,00,00000000,00000000,0,00000000,0000
2561,00,00000000,00000000,0,00000000,0000
2562,00,00000000,00000000,0,00000000,0000
2563,00,00000000,00000000,0,00000000,0000
2564,00,00000000,00000000,0,00000000,0000
2565,00,00000000,00000000,0,00000000,0000
2566,00,00000000,00000000,0,00000000,0000
2567,00,00000000,00000000,0,00000000,0000
2568,00,00000000,00000000,0,00000000,0000
2569,00,00000000,00000000,0,00000000,0000
2570,00,00000000,00000000,0,00000000,0000
2571,00,00000000,00000000,0,00000000,0000
2572,00,00000000,00000000,0,00000000,0000
2573,00,00000000,00000000,0,00000000,0000
2574,00,00000000,00000000,0,00000000,0000
2575,00,00000000,00000000,0,00000000,0000
2576,00,00000000,00000000,0,00000000,0000
2577,10,11000011,11000010,1,00000100,1001
2578,00,00000000,00000000,0,00000000,0000
2579,00,00000000,00000000,0,00000000,0000
2580,00,00000000,00000000,0,00000000,0000
2581,10,11000111,11000110,1,00000100,1001
2582,00,00000000,00000000,0,00000000,0000
2583,00,00000000,00000000,0,00000000,0000
2584,00,00000000,00000000,0,00000000,0000
2585,10,11001011,11001010,1,00000100,1001
2586,00,00000000,00000000,0,00000000,0000
2587,00,00000000,00000000,0,00000000,0000
2588,00,00000000,00000000,0,00000000,0000
2589,10,11001111,11001110,1,00000100,1001
2590,00,00000000,00000000,0,00000000,0000
2591,00,00000000,00000000,0,00000000,0000
2592,00,00000000,00000000,0,00000000,0000
2593,10,11010011,11010010,1,00000100,1001
2594,00,00000000,00000000,0,00000000,0000
2595,00,00000000,00000000,0,00000000,0000
2596,00,00000000,00000000,0,00000000,0000
2597,10,11010111,11010110,1,00000100,1001
2598,00,00000000,00000000,0,00000000,0000
2599,00,00000000,00000000,0,00000000,0000
2600,00,00000000,00000000,0,00000000,0000
2601,10,11011011,11011010,1,00000100,1001
2602,00,00000000,00000000,0,00000000,0000
2603,00,00000000,00000000,0,00000000,0000
2604,00,00000000,00000000,0,00000000,0000
2605,10,11011111,11011110,1,00000100,1001
2606,00,00000000,00000000,0,00000000,0000
2607,00,00000000,00000000,0,00000000,0000
2608,00,00000000,00000000,0,00000000,0000
2609,10,11100011,11100010,1,00000100,1001
2610,00,00000000,00000000,0,00000000,0000
2611,00,00000000,00000000,0,00000000,0000
2612,00,00000000,00000000,0,00000000,0000
2613,10,11100111,11100110,1,00000100,1001
2614,00,00000000,00000000,0,00000000,0000
2615,00,00000000,00000000,0,00000000,0000
2616,00,00000000,00000000,0,00000000,0000
2617,00,00000000,00000000,0,00000000,0000
2618,00,00000000,00000000,0,00000000,0000
2619,00,00000000,00000000,0,00000000,0000
2620,00,00000000,00000000,0,00000000,0000
2621,00,00000000,00000000,0,00000000,0000
2622,00,00000000,00000000,0,00000000,0000
2623,00,00000000,00000000,0,00000000,0000
2624,00,00000000,00000000,0,00000000,0000
2625,00,00000000,00000000,0,00000000,0000
2626,00,00000000,00000000,0,00000000,0000
2627,00,00000000,00000000,0,00000000,0000
2628,00,00000000,00000000,0,00000000,0000
2629,00,00000000,00000000,0,00000000,0000
2630,00,00000000,00000000,0,00000000,0000
2631,00,00000000,00000000,0,00000000,0000
2632,00,00000000,00000000,0,00000000,0000
2633,00,00000000,00000000,0,00000000,0000
2634,00,00000000,00000000,0,00000000,0000
2635,00,00000000,00000000,0,00000000,0000
2636,10,11101011,11101010,1,00000100,1001
2637,00,00000000,00000000,0,00000000,0000
2638,00,00000000,00000000,0,00000000,0000
2639,00,00000000,00000000,0,00000000,0000
2640,10,11101111,11101110,1,00000100,1001
2641,00,00000000,00000000,0,00000000,0000
2642,00,00000000,00000000,0,00000000,0000
2643,00,00000000,00000000,0,00000000,0000
2644,10,11110011,11110010,1,00000100,1001
2645,00,00000000,00000000,0,00000000,0000
2646,00,00000000,00000000,0,00000000,0000
2647,00,00000000,00000000,0,00000000,0000
2648,10,11110111,11110110,1,00000100,1001
2649,00,00000000,00000000,0,00000000,0000
2650,00,00000000,00000000,0,00000000,0000
2651,00,00000000,00000000,0,00000000,0000
2652,10,11111011,11111010,1,00000100,1001
2653,00,00000000,00000000,0,00000000,0000
2654,00,00000000,00000000,0,00000000,0000
2655,00,00000000,00000000,0,00000000,0000
2656,10,11111111,11111110,1,00000100,1001
2657,00,00000000,00000000,0,00000000,0000
2658,00,00000000,00000000,0,00000000,0000
2659,00,00000000,00000000,0,00000000,0000
2660,00,00000000,00000000,0,00000000,0000
2661,00,00000000,00000000,0,00000000,0000
2662,00,00000000,00000000,0,00000000,0000
2663,00,00000000,00000000,0,00000000,0000
2664,00,00000000,00000000,0,00000000,0000
2665,00,00000000,00000000,0,00000000,0000
2666,00,00000000,00000000,0,00000000,0000
2667,00,00000000,00000000,0,00000000,0000
2668,00,00000000,00000000,0,00000000,0000
2669,00,00000000,00000000,0,00000000,0000
2670,00,00000000,00000000,0,00000000,0000
2671,00,00000000,00000000,0,00000000,0000
2672,00,00000000,00000000,0,00000000,0000
2673,00,00000000,00000000,0,00000000,0000
2674,00,00000000,00000000,0,00000000,0000
2675,00,00000000,00000000,0,00000000,0000
2676,00,00000000,00000000,0,00000000,0000
2677,00,00000000,00000000,0,00000000,0000
2678,00,00000000,00000000,0,00000000,0000
2679,00,00000000,00000000,0,00000000,0000
2680,00,00000000,00000000,0,00000000,0000
2681,00,00000000,00000000,0,00000000,0000
2682,00,00000000,00000000,0,00000000,0000
2683,00,00000000,00000000,0,00000000,0000
