Total DAG nodes: 1194
vgpr_start_addr = 6
Group ID = 0 使用的 SGPR 数量 = 16, VGPR 数量 = 18
sgpr_count = 16	vgpr_count = 18
最大活跃 SGPR 数量 = 16
最大活跃 VGPR 数量 = 13
最大活跃状态数量 = 13
t=0, issue load node 4 gpr=0 mem=0 latency=3
t=1, issue load node 5 gpr=1 mem=1 latency=3
t=2, issue load node 6 gpr=2 mem=2 latency=3
t=3, issue load node 7 gpr=3 mem=3 latency=3
t=4, issue load node 8 gpr=4 mem=4 latency=3
t=5, issue load node 9 gpr=5 mem=5 latency=3
t=6, issue load node 10 gpr=6 mem=6 latency=3
t=7, issue load node 12 gpr=7 mem=7 latency=3
t=8, issue load node 14 gpr=8 mem=8 latency=3
t=9, issue ve node 11 with op reduce_sum src0=6 src1=-1 dst=0 latency=12 penalty=0
t=9, issue load node 47 gpr=24 mem=9 latency=3
t=10, issue ve node 13 with op reduce_sum src0=7 src1=-1 dst=1 latency=12 penalty=0
t=10, issue load node 49 gpr=25 mem=10 latency=3
t=11, issue ve node 15 with op reduce_sum src0=8 src1=-1 dst=2 latency=12 penalty=0
t=11, issue load node 51 gpr=26 mem=11 latency=3
t=12, issue ve node 48 with op reduce_sum src0=24 src1=-1 dst=16 latency=12 penalty=0
t=12, issue load node 84 gpr=42 mem=12 latency=3
t=13, issue ve node 50 with op reduce_sum src0=25 src1=-1 dst=17 latency=12 penalty=0
t=13, issue load node 86 gpr=43 mem=13 latency=3
t=14, issue ve node 52 with op reduce_sum src0=26 src1=-1 dst=18 latency=12 penalty=0
t=14, issue load node 88 gpr=44 mem=14 latency=3
t=15, issue ve node 85 with op reduce_sum src0=42 src1=-1 dst=32 latency=12 penalty=0
t=15, issue load node 121 gpr=60 mem=15 latency=3
t=16, issue ve node 87 with op reduce_sum src0=43 src1=-1 dst=33 latency=12 penalty=0
t=16, issue load node 123 gpr=61 mem=16 latency=3
t=17, issue ve node 89 with op reduce_sum src0=44 src1=-1 dst=34 latency=12 penalty=0
t=17, issue load node 125 gpr=62 mem=17 latency=3
t=18, issue ve node 122 with op reduce_sum src0=60 src1=-1 dst=48 latency=12 penalty=0
t=18, issue load node 158 gpr=78 mem=18 latency=3
t=19, issue ve node 124 with op reduce_sum src0=61 src1=-1 dst=49 latency=12 penalty=0
t=19, issue load node 160 gpr=79 mem=19 latency=3
t=20, issue ve node 126 with op reduce_sum src0=62 src1=-1 dst=50 latency=12 penalty=0
t=20, issue load node 162 gpr=80 mem=20 latency=3
t=21, issue ve node 159 with op reduce_sum src0=78 src1=-1 dst=64 latency=12 penalty=0
t=21, issue load node 195 gpr=96 mem=21 latency=3
t=22, issue scalar node 16 with op add src0=0 src1=1 dst=3 latency=7 penalty=0
t=22, issue ve node 161 with op reduce_sum src0=79 src1=-1 dst=65 latency=12 penalty=0
t=22, issue load node 197 gpr=97 mem=22 latency=3
t=23, issue ve node 163 with op reduce_sum src0=80 src1=-1 dst=66 latency=12 penalty=0
t=23, issue load node 199 gpr=98 mem=23 latency=3
t=24, issue ve node 196 with op reduce_sum src0=96 src1=-1 dst=80 latency=12 penalty=0
t=24, issue load node 232 gpr=114 mem=24 latency=3
t=25, issue scalar node 53 with op add src0=16 src1=17 dst=19 latency=7 penalty=0
t=25, issue ve node 198 with op reduce_sum src0=97 src1=-1 dst=81 latency=12 penalty=0
t=25, issue load node 234 gpr=115 mem=25 latency=3
t=26, issue ve node 200 with op reduce_sum src0=98 src1=-1 dst=82 latency=12 penalty=0
t=26, issue load node 236 gpr=116 mem=26 latency=3
t=27, issue ve node 233 with op reduce_sum src0=114 src1=-1 dst=96 latency=12 penalty=0
t=27, issue load node 269 gpr=132 mem=27 latency=3
t=28, issue scalar node 90 with op add src0=32 src1=33 dst=35 latency=7 penalty=0
t=28, issue ve node 235 with op reduce_sum src0=115 src1=-1 dst=97 latency=12 penalty=0
t=28, issue load node 271 gpr=133 mem=28 latency=3
t=29, issue ve node 237 with op reduce_sum src0=116 src1=-1 dst=98 latency=12 penalty=0
t=29, issue load node 273 gpr=134 mem=29 latency=3
t=30, issue scalar node 17 with op add src0=3 src1=2 dst=4 latency=7 penalty=0
t=30, issue ve node 270 with op reduce_sum src0=132 src1=-1 dst=112 latency=12 penalty=0
t=30, issue load node 306 gpr=150 mem=30 latency=3
t=31, issue scalar node 127 with op add src0=48 src1=49 dst=51 latency=7 penalty=0
t=31, issue ve node 272 with op reduce_sum src0=133 src1=-1 dst=113 latency=12 penalty=0
t=31, issue load node 308 gpr=151 mem=31 latency=3
t=32, issue ve node 274 with op reduce_sum src0=134 src1=-1 dst=114 latency=12 penalty=0
t=32, issue load node 310 gpr=152 mem=32 latency=3
t=33, issue scalar node 54 with op add src0=19 src1=18 dst=20 latency=7 penalty=0
t=33, issue ve node 307 with op reduce_sum src0=150 src1=-1 dst=128 latency=12 penalty=0
t=33, issue load node 343 gpr=168 mem=33 latency=3
t=34, issue scalar node 164 with op add src0=64 src1=65 dst=67 latency=7 penalty=0
t=34, issue ve node 309 with op reduce_sum src0=151 src1=-1 dst=129 latency=12 penalty=0
t=34, issue load node 345 gpr=169 mem=34 latency=3
t=35, issue ve node 311 with op reduce_sum src0=152 src1=-1 dst=130 latency=12 penalty=0
t=35, issue load node 347 gpr=170 mem=35 latency=3
t=36, issue scalar node 91 with op add src0=35 src1=34 dst=36 latency=7 penalty=0
t=36, issue ve node 344 with op reduce_sum src0=168 src1=-1 dst=144 latency=12 penalty=0
t=36, issue load node 380 gpr=186 mem=36 latency=3
t=37, issue scalar node 18 with op mul src0=4 src1=6 dst=5 latency=7 penalty=0
t=37, issue ve node 346 with op reduce_sum src0=169 src1=-1 dst=145 latency=12 penalty=0
t=37, issue load node 382 gpr=187 mem=37 latency=3
t=38, issue scalar node 201 with op add src0=80 src1=81 dst=83 latency=7 penalty=0
t=38, issue ve node 348 with op reduce_sum src0=170 src1=-1 dst=146 latency=12 penalty=0
t=38, issue load node 384 gpr=188 mem=38 latency=3
t=39, issue scalar node 128 with op add src0=51 src1=50 dst=52 latency=7 penalty=0
t=39, issue ve node 381 with op reduce_sum src0=186 src1=-1 dst=160 latency=12 penalty=0
t=39, issue load node 417 gpr=204 mem=39 latency=3
t=40, issue scalar node 55 with op mul src0=20 src1=6 dst=21 latency=7 penalty=0
t=40, issue ve node 383 with op reduce_sum src0=187 src1=-1 dst=161 latency=12 penalty=0
t=40, issue load node 419 gpr=205 mem=40 latency=3
t=41, issue scalar node 238 with op add src0=96 src1=97 dst=99 latency=7 penalty=0
t=41, issue ve node 385 with op reduce_sum src0=188 src1=-1 dst=162 latency=12 penalty=0
t=41, issue load node 421 gpr=206 mem=41 latency=3
t=42, issue scalar node 165 with op add src0=67 src1=66 dst=68 latency=7 penalty=0
t=42, issue ve node 418 with op reduce_sum src0=204 src1=-1 dst=176 latency=12 penalty=0
t=42, issue load node 454 gpr=222 mem=42 latency=3
t=43, issue scalar node 92 with op mul src0=36 src1=6 dst=37 latency=7 penalty=0
t=43, issue ve node 420 with op reduce_sum src0=205 src1=-1 dst=177 latency=12 penalty=0
t=43, issue load node 456 gpr=223 mem=43 latency=3
t=44, issue ve node 19 with op sub src0=6 src1=5 dst=9 latency=7 penalty=0 half=0
t=44, issue load node 458 gpr=224 mem=44 latency=3
t=45, issue ve node 22 with op sub src0=7 src1=5 dst=11 latency=7 penalty=0 half=0
t=45, issue scalar node 202 with op add src0=83 src1=82 dst=84 latency=7 penalty=0
t=46, issue ve node 25 with op sub src0=8 src1=5 dst=13 latency=7 penalty=0 half=0
t=46, issue scalar node 129 with op mul src0=52 src1=6 dst=53 latency=7 penalty=0
t=47, issue ve node 56 with op sub src0=24 src1=21 dst=27 latency=7 penalty=0 half=0
t=48, issue ve node 59 with op sub src0=25 src1=21 dst=29 latency=7 penalty=0 half=0
t=48, issue scalar node 239 with op add src0=99 src1=98 dst=100 latency=7 penalty=0
t=49, issue ve node 62 with op sub src0=26 src1=21 dst=31 latency=7 penalty=0 half=0
t=49, issue scalar node 166 with op mul src0=68 src1=6 dst=69 latency=7 penalty=0
t=50, issue ve node 93 with op sub src0=42 src1=37 dst=45 latency=7 penalty=0 half=0
t=51, issue ve node 20 with op square_fp16_fp16_bf16 src0=9 src1=-1 dst=10 latency=7 penalty=0 half=0
t=51, issue scalar node 275 with op add src0=112 src1=113 dst=115 latency=7 penalty=0
t=52, issue ve node 23 with op square_fp16_fp16_bf16 src0=11 src1=-1 dst=12 latency=7 penalty=0 half=0
t=52, issue scalar node 203 with op mul src0=84 src1=6 dst=85 latency=7 penalty=0
t=53, issue ve node 26 with op square_fp16_fp16_bf16 src0=13 src1=-1 dst=14 latency=7 penalty=0 half=0
t=53, issue scalar node 312 with op add src0=128 src1=129 dst=131 latency=7 penalty=0
t=54, issue ve node 57 with op square_fp16_fp16_bf16 src0=27 src1=-1 dst=28 latency=7 penalty=0 half=0
t=54, issue scalar node 349 with op add src0=144 src1=145 dst=147 latency=7 penalty=0
t=55, issue ve node 60 with op square_fp16_fp16_bf16 src0=29 src1=-1 dst=30 latency=7 penalty=0 half=0
t=55, issue scalar node 240 with op mul src0=100 src1=6 dst=101 latency=7 penalty=0
t=56, issue ve node 63 with op square_fp16_fp16_bf16 src0=31 src1=-1 dst=32 latency=7 penalty=0 half=0
t=56, issue scalar node 386 with op add src0=160 src1=161 dst=163 latency=7 penalty=0
t=57, issue ve node 94 with op square_fp16_fp16_bf16 src0=45 src1=-1 dst=46 latency=7 penalty=0 half=0
t=57, issue scalar node 423 with op add src0=176 src1=177 dst=179 latency=7 penalty=0
t=58, issue ve node 21 with op reduce_sum_bf16 src0=10 src1=-1 dst=6 latency=12 penalty=0
t=58, issue scalar node 276 with op add src0=115 src1=114 dst=116 latency=7 penalty=0
t=59, issue ve node 24 with op reduce_sum_bf16 src0=12 src1=-1 dst=7 latency=12 penalty=0
t=60, issue ve node 27 with op reduce_sum_bf16 src0=14 src1=-1 dst=8 latency=12 penalty=0
t=60, issue scalar node 313 with op add src0=131 src1=130 dst=132 latency=7 penalty=0
t=61, issue ve node 58 with op reduce_sum_bf16 src0=28 src1=-1 dst=22 latency=12 penalty=0
t=61, issue scalar node 350 with op add src0=147 src1=146 dst=148 latency=7 penalty=0
t=62, issue ve node 61 with op reduce_sum_bf16 src0=30 src1=-1 dst=23 latency=12 penalty=0
t=63, issue ve node 64 with op reduce_sum_bf16 src0=32 src1=-1 dst=24 latency=12 penalty=0
t=63, issue scalar node 387 with op add src0=163 src1=162 dst=164 latency=7 penalty=0
t=64, issue ve node 95 with op reduce_sum_bf16 src0=46 src1=-1 dst=38 latency=12 penalty=0
t=65, issue ve node 96 with op sub src0=43 src1=37 dst=47 latency=7 penalty=0 half=0
t=65, issue scalar node 277 with op mul src0=116 src1=6 dst=117 latency=7 penalty=0
t=66, issue ve node 99 with op sub src0=44 src1=37 dst=49 latency=7 penalty=0 half=0
t=67, issue ve node 130 with op sub src0=60 src1=53 dst=63 latency=7 penalty=0 half=0
t=67, issue scalar node 314 with op mul src0=132 src1=6 dst=133 latency=7 penalty=0
t=68, issue ve node 133 with op sub src0=61 src1=53 dst=65 latency=7 penalty=0 half=0
t=68, issue scalar node 351 with op mul src0=148 src1=6 dst=149 latency=7 penalty=0
t=69, issue ve node 136 with op sub src0=62 src1=53 dst=67 latency=7 penalty=0 half=0
t=70, issue ve node 167 with op sub src0=78 src1=69 dst=81 latency=7 penalty=0 half=0
t=70, issue scalar node 388 with op mul src0=164 src1=6 dst=165 latency=7 penalty=0
t=71, issue scalar node 28 with op add_bf16 src0=6 src1=7 dst=9 latency=7 penalty=0
t=71, issue ve node 170 with op sub src0=79 src1=69 dst=83 latency=7 penalty=0 half=0
t=72, issue ve node 97 with op square_fp16_fp16_bf16 src0=47 src1=-1 dst=48 latency=7 penalty=0 half=0
t=73, issue ve node 100 with op square_fp16_fp16_bf16 src0=49 src1=-1 dst=50 latency=7 penalty=0 half=0
t=74, issue scalar node 65 with op add_bf16 src0=22 src1=23 dst=25 latency=7 penalty=0
t=74, issue ve node 131 with op square_fp16_fp16_bf16 src0=63 src1=-1 dst=64 latency=7 penalty=0 half=0
t=75, issue ve node 134 with op square_fp16_fp16_bf16 src0=65 src1=-1 dst=66 latency=7 penalty=0 half=0
t=76, issue ve node 137 with op square_fp16_fp16_bf16 src0=67 src1=-1 dst=68 latency=7 penalty=0 half=0
t=77, issue ve node 168 with op square_fp16_fp16_bf16 src0=81 src1=-1 dst=82 latency=7 penalty=0 half=0
t=78, issue scalar node 29 with op add_bf16 src0=9 src1=8 dst=10 latency=7 penalty=0
t=78, issue ve node 171 with op square_fp16_fp16_bf16 src0=83 src1=-1 dst=84 latency=7 penalty=0 half=0
t=79, issue ve node 98 with op reduce_sum_bf16 src0=48 src1=-1 dst=39 latency=12 penalty=0
t=80, issue ve node 101 with op reduce_sum_bf16 src0=50 src1=-1 dst=40 latency=12 penalty=0
t=81, issue scalar node 66 with op add_bf16 src0=25 src1=24 dst=26 latency=7 penalty=0
t=81, issue ve node 132 with op reduce_sum_bf16 src0=64 src1=-1 dst=54 latency=12 penalty=0
t=82, issue ve node 135 with op reduce_sum_bf16 src0=66 src1=-1 dst=55 latency=12 penalty=0
t=83, issue ve node 138 with op reduce_sum_bf16 src0=68 src1=-1 dst=56 latency=12 penalty=0
t=84, issue ve node 169 with op reduce_sum_bf16 src0=82 src1=-1 dst=70 latency=12 penalty=0
t=85, issue scalar node 30 with op mul_bf16_fp16_fp16 src0=10 src1=6 dst=11 latency=7 penalty=0
t=85, issue ve node 172 with op reduce_sum_bf16 src0=84 src1=-1 dst=71 latency=12 penalty=0
t=86, issue ve node 173 with op sub src0=80 src1=69 dst=85 latency=7 penalty=0 half=0
t=87, issue ve node 204 with op sub src0=96 src1=85 dst=99 latency=7 penalty=0 half=0
t=88, issue scalar node 67 with op mul_bf16_fp16_fp16 src0=26 src1=6 dst=27 latency=7 penalty=0
t=88, issue ve node 207 with op sub src0=97 src1=85 dst=101 latency=7 penalty=0 half=0
t=89, issue ve node 210 with op sub src0=98 src1=85 dst=103 latency=7 penalty=0 half=0
t=90, issue ve node 241 with op sub src0=114 src1=101 dst=117 latency=7 penalty=0 half=0
t=91, issue scalar node 102 with op add_bf16 src0=38 src1=39 dst=41 latency=7 penalty=0
t=91, issue ve node 244 with op sub src0=115 src1=101 dst=119 latency=7 penalty=0 half=0
t=92, issue scalar node 31 with op add src0=11 src1=4 dst=12 latency=7 penalty=0
t=92, issue ve node 247 with op sub src0=116 src1=101 dst=121 latency=7 penalty=0 half=0
t=93, issue ve node 174 with op square_fp16_fp16_bf16 src0=85 src1=-1 dst=86 latency=7 penalty=0 half=0
t=94, issue scalar node 139 with op add_bf16 src0=54 src1=55 dst=57 latency=7 penalty=0
t=94, issue ve node 205 with op square_fp16_fp16_bf16 src0=99 src1=-1 dst=100 latency=7 penalty=0 half=0
t=95, issue scalar node 68 with op add src0=27 src1=4 dst=28 latency=7 penalty=0
t=95, issue ve node 208 with op square_fp16_fp16_bf16 src0=101 src1=-1 dst=102 latency=7 penalty=0 half=0
t=96, issue ve node 211 with op square_fp16_fp16_bf16 src0=103 src1=-1 dst=104 latency=7 penalty=0 half=0
t=97, issue scalar node 176 with op add_bf16 src0=70 src1=71 dst=73 latency=7 penalty=0
t=97, issue ve node 242 with op square_fp16_fp16_bf16 src0=117 src1=-1 dst=118 latency=7 penalty=0 half=0
t=98, issue scalar node 103 with op add_bf16 src0=41 src1=40 dst=42 latency=7 penalty=0
t=98, issue ve node 245 with op square_fp16_fp16_bf16 src0=119 src1=-1 dst=120 latency=7 penalty=0 half=0
t=99, issue sfu node 32 with op sqrt src0=12 src1=-1 dst=13 latency=19 rounds=0 penalty=0 borrow=0
t=99, issue ve node 248 with op square_fp16_fp16_bf16 src0=121 src1=-1 dst=122 latency=7 penalty=0 half=0
t=100, issue ve node 175 with op reduce_sum_bf16 src0=86 src1=-1 dst=72 latency=12 penalty=0
t=101, issue scalar node 140 with op add_bf16 src0=57 src1=56 dst=58 latency=7 penalty=0
t=101, issue ve node 206 with op reduce_sum_bf16 src0=100 src1=-1 dst=86 latency=12 penalty=0
t=102, issue sfu node 69 with op sqrt src0=28 src1=-1 dst=29 latency=19 rounds=0 penalty=0 borrow=0
t=102, issue ve node 209 with op reduce_sum_bf16 src0=102 src1=-1 dst=87 latency=12 penalty=0
t=103, issue ve node 212 with op reduce_sum_bf16 src0=104 src1=-1 dst=88 latency=12 penalty=0
t=104, issue ve node 243 with op reduce_sum_bf16 src0=118 src1=-1 dst=102 latency=12 penalty=0
t=105, issue scalar node 104 with op mul_bf16_fp16_fp16 src0=42 src1=6 dst=43 latency=7 penalty=0
t=105, issue ve node 246 with op reduce_sum_bf16 src0=120 src1=-1 dst=103 latency=12 penalty=0
t=106, issue ve node 249 with op reduce_sum_bf16 src0=122 src1=-1 dst=104 latency=12 penalty=0
t=107, issue ve node 278 with op sub src0=132 src1=117 dst=135 latency=7 penalty=0 half=0
t=108, issue scalar node 141 with op mul_bf16_fp16_fp16 src0=58 src1=6 dst=59 latency=7 penalty=0
t=108, issue ve node 281 with op sub src0=133 src1=117 dst=137 latency=7 penalty=0 half=0
t=109, issue ve node 284 with op sub src0=134 src1=117 dst=139 latency=7 penalty=0 half=0
t=110, issue ve node 315 with op sub src0=150 src1=133 dst=153 latency=7 penalty=0 half=0
t=111, issue ve node 318 with op sub src0=151 src1=133 dst=155 latency=7 penalty=0 half=0
t=112, issue scalar node 105 with op add src0=43 src1=4 dst=44 latency=7 penalty=0
t=112, issue ve node 321 with op sub src0=152 src1=133 dst=157 latency=7 penalty=0 half=0
t=113, issue scalar node 177 with op add_bf16 src0=73 src1=72 dst=74 latency=7 penalty=0
t=113, issue ve node 422 with op reduce_sum src0=206 src1=-1 dst=178 latency=12 penalty=0
t=114, issue ve node 279 with op square_fp16_fp16_bf16 src0=135 src1=-1 dst=136 latency=7 penalty=0 half=0
t=115, issue scalar node 142 with op add src0=59 src1=4 dst=60 latency=7 penalty=0
t=115, issue ve node 282 with op square_fp16_fp16_bf16 src0=137 src1=-1 dst=138 latency=7 penalty=0 half=0
t=116, issue scalar node 213 with op add_bf16 src0=86 src1=87 dst=89 latency=7 penalty=0
t=116, issue ve node 285 with op square_fp16_fp16_bf16 src0=139 src1=-1 dst=140 latency=7 penalty=0 half=0
t=117, issue scalar node 250 with op add_bf16 src0=102 src1=103 dst=105 latency=7 penalty=0
t=117, issue ve node 316 with op square_fp16_fp16_bf16 src0=153 src1=-1 dst=154 latency=7 penalty=0 half=0
t=118, issue ve node 319 with op square_fp16_fp16_bf16 src0=155 src1=-1 dst=156 latency=7 penalty=0 half=0
t=119, issue scalar node 33 with op mul src0=13 src1=5 dst=14 latency=7 penalty=0
t=119, issue sfu node 106 with op sqrt src0=44 src1=-1 dst=45 latency=19 rounds=0 penalty=0 borrow=0
t=119, issue ve node 322 with op square_fp16_fp16_bf16 src0=157 src1=-1 dst=158 latency=7 penalty=0 half=0
t=120, issue scalar node 178 with op mul_bf16_fp16_fp16 src0=74 src1=6 dst=75 latency=7 penalty=0
t=120, issue ve node 352 with op sub src0=168 src1=149 dst=171 latency=7 penalty=0 half=0
t=121, issue scalar node 70 with op mul src0=29 src1=5 dst=30 latency=7 penalty=0
t=121, issue ve node 280 with op reduce_sum_bf16 src0=136 src1=-1 dst=118 latency=12 penalty=0
t=122, issue sfu node 143 with op sqrt src0=60 src1=-1 dst=61 latency=19 rounds=0 penalty=0 borrow=0
t=122, issue ve node 283 with op reduce_sum_bf16 src0=138 src1=-1 dst=119 latency=12 penalty=0
t=123, issue scalar node 214 with op add_bf16 src0=89 src1=88 dst=90 latency=7 penalty=0
t=123, issue ve node 286 with op reduce_sum_bf16 src0=140 src1=-1 dst=120 latency=12 penalty=0
t=124, issue scalar node 251 with op add_bf16 src0=105 src1=104 dst=106 latency=7 penalty=0
t=124, issue ve node 317 with op reduce_sum_bf16 src0=154 src1=-1 dst=134 latency=12 penalty=0
t=125, issue ve node 320 with op reduce_sum_bf16 src0=156 src1=-1 dst=135 latency=12 penalty=0
t=125, issue scalar node 424 with op add src0=179 src1=178 dst=180 latency=7 penalty=0
t=126, issue sfu node 34 with op inv src0=14 src1=-1 dst=15 latency=19 rounds=0 penalty=0 borrow=0
t=126, issue ve node 323 with op reduce_sum_bf16 src0=158 src1=-1 dst=136 latency=12 penalty=0
t=127, issue scalar node 179 with op add src0=75 src1=4 dst=76 latency=7 penalty=0
t=127, issue ve node 353 with op square_fp16_fp16_bf16 src0=171 src1=-1 dst=172 latency=7 penalty=0 half=0
t=128, issue sfu node 71 with op inv src0=30 src1=-1 dst=31 latency=19 rounds=0 penalty=0 borrow=0
t=128, issue ve node 355 with op sub src0=169 src1=149 dst=173 latency=7 penalty=0 half=0
t=129, issue ve node 358 with op sub src0=170 src1=149 dst=175 latency=7 penalty=0 half=0
t=130, issue ve node 389 with op sub src0=186 src1=165 dst=189 latency=7 penalty=0 half=0
t=131, issue scalar node 215 with op mul_bf16_fp16_fp16 src0=90 src1=6 dst=91 latency=7 penalty=0
t=131, issue ve node 392 with op sub src0=187 src1=165 dst=191 latency=7 penalty=0 half=0
t=132, issue scalar node 252 with op mul_bf16_fp16_fp16 src0=106 src1=6 dst=107 latency=7 penalty=0
t=132, issue ve node 395 with op sub src0=188 src1=165 dst=193 latency=7 penalty=0 half=0
t=133, issue scalar node 425 with op mul src0=180 src1=6 dst=181 latency=7 penalty=0
t=133, issue ve node 455 with op reduce_sum src0=222 src1=-1 dst=192 latency=12 penalty=0
t=134, issue sfu node 180 with op sqrt src0=76 src1=-1 dst=77 latency=19 rounds=0 penalty=0 borrow=0
t=134, issue ve node 354 with op reduce_sum_bf16 src0=172 src1=-1 dst=150 latency=12 penalty=0
t=135, issue scalar node 287 with op add_bf16 src0=118 src1=119 dst=121 latency=7 penalty=0
t=135, issue ve node 356 with op square_fp16_fp16_bf16 src0=173 src1=-1 dst=174 latency=7 penalty=0 half=0
t=136, issue ve node 359 with op square_fp16_fp16_bf16 src0=175 src1=-1 dst=176 latency=7 penalty=0 half=0
t=137, issue scalar node 324 with op add_bf16 src0=134 src1=135 dst=137 latency=7 penalty=0
t=137, issue ve node 390 with op square_fp16_fp16_bf16 src0=189 src1=-1 dst=190 latency=7 penalty=0 half=0
t=138, issue scalar node 107 with op mul src0=45 src1=5 dst=46 latency=7 penalty=0
t=138, issue ve node 393 with op square_fp16_fp16_bf16 src0=191 src1=-1 dst=192 latency=7 penalty=0 half=0
t=139, issue scalar node 216 with op add src0=91 src1=4 dst=92 latency=7 penalty=0
t=139, issue ve node 396 with op square_fp16_fp16_bf16 src0=193 src1=-1 dst=194 latency=7 penalty=0 half=0
t=140, issue scalar node 253 with op add src0=107 src1=4 dst=108 latency=7 penalty=0
t=140, issue ve node 426 with op sub src0=204 src1=181 dst=207 latency=7 penalty=0 half=0
t=141, issue scalar node 144 with op mul src0=61 src1=5 dst=62 latency=7 penalty=0
t=141, issue ve node 459 with op reduce_sum src0=224 src1=-1 dst=194 latency=12 penalty=0
t=142, issue scalar node 288 with op add_bf16 src0=121 src1=120 dst=122 latency=7 penalty=0
t=142, issue ve node 357 with op reduce_sum_bf16 src0=174 src1=-1 dst=151 latency=12 penalty=0
t=143, issue ve node 360 with op reduce_sum_bf16 src0=176 src1=-1 dst=152 latency=12 penalty=0
t=144, issue scalar node 325 with op add_bf16 src0=137 src1=136 dst=138 latency=7 penalty=0
t=144, issue ve node 391 with op reduce_sum_bf16 src0=190 src1=-1 dst=166 latency=12 penalty=0
t=145, issue ve node 35 with op mul src0=9 src1=15 dst=15 latency=7 penalty=0 half=0
t=145, issue sfu node 108 with op inv src0=46 src1=-1 dst=47 latency=19 rounds=0 penalty=0 borrow=0
t=146, issue ve node 39 with op mul src0=11 src1=15 dst=18 latency=7 penalty=0 half=0
t=146, issue sfu node 217 with op sqrt src0=92 src1=-1 dst=93 latency=19 rounds=0 penalty=0 borrow=0
t=147, issue ve node 43 with op mul src0=13 src1=15 dst=21 latency=7 penalty=0 half=0
t=147, issue sfu node 254 with op sqrt src0=108 src1=-1 dst=109 latency=19 rounds=0 penalty=0 borrow=0
t=148, issue ve node 72 with op mul src0=27 src1=31 dst=33 latency=7 penalty=0 half=0
t=148, issue sfu node 145 with op inv src0=62 src1=-1 dst=63 latency=19 rounds=0 penalty=0 borrow=0
t=149, issue ve node 76 with op mul src0=29 src1=31 dst=36 latency=7 penalty=0 half=0
t=149, issue scalar node 289 with op mul_bf16_fp16_fp16 src0=122 src1=6 dst=123 latency=7 penalty=0
t=150, issue ve node 80 with op mul src0=31 src1=31 dst=39 latency=7 penalty=0 half=0
t=151, issue scalar node 326 with op mul_bf16_fp16_fp16 src0=138 src1=6 dst=139 latency=7 penalty=0
t=151, issue ve node 394 with op reduce_sum_bf16 src0=192 src1=-1 dst=167 latency=12 penalty=0
t=152, issue ve node 36 with op mul src0=15 src1=0 dst=16 latency=7 penalty=0 half=0
t=153, issue scalar node 181 with op mul src0=77 src1=5 dst=78 latency=7 penalty=0
t=153, issue ve node 40 with op mul src0=18 src1=2 dst=19 latency=7 penalty=1 half=0
t=154, issue scalar node 361 with op add_bf16 src0=150 src1=151 dst=153 latency=7 penalty=0
t=155, issue ve node 44 with op mul src0=21 src1=4 dst=22 latency=7 penalty=0 half=0
t=156, issue ve node 73 with op mul src0=33 src1=0 dst=34 latency=7 penalty=0 half=0
t=156, issue scalar node 290 with op add src0=123 src1=4 dst=124 latency=7 penalty=0
t=157, issue ve node 77 with op mul src0=36 src1=2 dst=37 latency=7 penalty=0 half=0
t=158, issue ve node 81 with op mul src0=39 src1=4 dst=40 latency=7 penalty=0 half=0
t=158, issue scalar node 327 with op add src0=139 src1=4 dst=140 latency=7 penalty=0
t=159, issue ve node 37 with op add src0=16 src1=1 dst=17 latency=7 penalty=0 half=0
t=160, issue sfu node 182 with op inv src0=78 src1=-1 dst=79 latency=19 rounds=0 penalty=0 borrow=0
t=160, issue ve node 397 with op reduce_sum_bf16 src0=194 src1=-1 dst=168 latency=12 penalty=0
t=161, issue ve node 41 with op add src0=19 src1=3 dst=20 latency=7 penalty=1 half=0
t=161, issue scalar node 362 with op add_bf16 src0=153 src1=152 dst=154 latency=7 penalty=0
t=163, issue ve node 45 with op add src0=22 src1=5 dst=23 latency=7 penalty=0 half=0
t=163, issue sfu node 291 with op sqrt src0=124 src1=-1 dst=125 latency=19 rounds=0 penalty=0 borrow=0
t=163, issue scalar node 398 with op add_bf16 src0=166 src1=167 dst=169 latency=7 penalty=0
t=164, issue ve node 74 with op add src0=34 src1=1 dst=35 latency=7 penalty=0 half=0
t=165, issue scalar node 218 with op mul src0=93 src1=5 dst=94 latency=7 penalty=0
t=165, issue ve node 78 with op add src0=37 src1=3 dst=38 latency=7 penalty=0 half=0
t=165, issue sfu node 328 with op sqrt src0=140 src1=-1 dst=141 latency=19 rounds=0 penalty=0 borrow=0
t=166, issue scalar node 255 with op mul src0=109 src1=5 dst=110 latency=7 penalty=0
t=166, issue store node 38 mem=0 latency=0
t=166, issue ve node 113 with op mul src0=47 src1=47 dst=54 latency=7 penalty=0 half=0
t=167, issue ve node 82 with op add src0=40 src1=5 dst=41 latency=7 penalty=0 half=0
t=168, issue ve node 109 with op mul src0=45 src1=47 dst=51 latency=7 penalty=0 half=0
t=168, issue scalar node 363 with op mul_bf16_fp16_fp16 src0=154 src1=6 dst=155 latency=7 penalty=0
t=169, issue store node 42 mem=1 latency=0
t=169, issue ve node 117 with op mul src0=49 src1=47 dst=57 latency=7 penalty=0 half=0
t=170, issue store node 46 mem=2 latency=0
t=170, issue ve node 150 with op mul src0=65 src1=63 dst=72 latency=7 penalty=0 half=0
t=170, issue load node 491 gpr=240 mem=45 latency=3
t=171, issue store node 75 mem=3 latency=0
t=171, issue ve node 429 with op sub src0=205 src1=181 dst=209 latency=7 penalty=0 half=0
t=171, issue load node 495 gpr=242 mem=47 latency=3
t=172, issue store node 79 mem=4 latency=0
t=172, issue ve node 146 with op mul src0=63 src1=63 dst=69 latency=7 penalty=0 half=0
t=172, issue sfu node 219 with op inv src0=94 src1=-1 dst=95 latency=19 rounds=0 penalty=0 borrow=0
t=172, issue scalar node 399 with op add_bf16 src0=169 src1=168 dst=170 latency=7 penalty=0
t=172, issue load node 493 gpr=241 mem=46 latency=3
t=173, issue ve node 114 with op mul src0=54 src1=2 dst=55 latency=7 penalty=1 half=0
t=173, issue sfu node 256 with op inv src0=110 src1=-1 dst=111 latency=19 rounds=0 penalty=0 borrow=0
t=174, issue store node 83 mem=5 latency=0
t=174, issue ve node 457 with op reduce_sum src0=223 src1=-1 dst=193 latency=12 penalty=0
t=174, issue load node 530 gpr=9 mem=49 latency=3
t=175, issue ve node 110 with op mul src0=51 src1=0 dst=52 latency=7 penalty=0 half=0
t=175, issue scalar node 364 with op add src0=155 src1=4 dst=156 latency=7 penalty=0
t=175, issue load node 528 gpr=8 mem=48 latency=3
t=176, issue ve node 118 with op mul src0=57 src1=4 dst=58 latency=7 penalty=0 half=0
t=176, issue load node 532 gpr=10 mem=50 latency=3
t=177, issue ve node 151 with op mul src0=72 src1=2 dst=73 latency=7 penalty=0 half=0
t=178, issue ve node 154 with op mul src0=67 src1=63 dst=75 latency=7 penalty=0 half=0
t=179, issue ve node 147 with op mul src0=69 src1=0 dst=70 latency=7 penalty=0 half=0
t=179, issue scalar node 400 with op mul_bf16_fp16_fp16 src0=170 src1=6 dst=171 latency=7 penalty=0
t=180, issue ve node 183 with op mul src0=81 src1=79 dst=87 latency=7 penalty=0 half=0
t=181, issue ve node 115 with op add src0=55 src1=3 dst=56 latency=7 penalty=1 half=0
t=182, issue scalar node 292 with op mul src0=125 src1=5 dst=126 latency=7 penalty=0
t=182, issue sfu node 365 with op sqrt src0=156 src1=-1 dst=157 latency=19 rounds=0 penalty=0 borrow=0
t=182, issue ve node 492 with op reduce_sum src0=240 src1=-1 dst=208 latency=12 penalty=0
t=183, issue ve node 111 with op add src0=52 src1=1 dst=53 latency=7 penalty=0 half=0
t=184, issue scalar node 329 with op mul src0=141 src1=5 dst=142 latency=7 penalty=0
t=184, issue ve node 119 with op add src0=58 src1=5 dst=59 latency=7 penalty=0 half=0
t=185, issue ve node 152 with op add src0=73 src1=3 dst=74 latency=7 penalty=0 half=0
t=186, issue ve node 148 with op add src0=70 src1=1 dst=71 latency=7 penalty=0 half=0
t=186, issue scalar node 401 with op add src0=171 src1=4 dst=172 latency=7 penalty=0
t=187, issue ve node 155 with op mul src0=75 src1=4 dst=76 latency=7 penalty=0 half=0
t=187, issue scalar node 460 with op add src0=192 src1=193 dst=195 latency=7 penalty=0
t=188, issue ve node 184 with op mul src0=87 src1=0 dst=88 latency=7 penalty=0 half=0
t=189, issue store node 116 mem=7 latency=0
t=189, issue ve node 187 with op mul src0=83 src1=79 dst=90 latency=7 penalty=0 half=0
t=189, issue sfu node 293 with op inv src0=126 src1=-1 dst=127 latency=19 rounds=0 penalty=0 borrow=0
t=190, issue store node 112 mem=6 latency=0
t=190, issue ve node 427 with op square_fp16_fp16_bf16 src0=207 src1=-1 dst=208 latency=7 penalty=0 half=0
t=191, issue store node 120 mem=8 latency=0
t=191, issue ve node 191 with op mul src0=85 src1=79 dst=93 latency=7 penalty=0 half=0
t=191, issue sfu node 330 with op inv src0=142 src1=-1 dst=143 latency=19 rounds=0 penalty=0 borrow=0
t=191, issue load node 565 gpr=26 mem=51 latency=3
t=192, issue store node 153 mem=10 latency=0
t=192, issue ve node 220 with op mul src0=99 src1=95 dst=105 latency=7 penalty=0 half=0
t=192, issue load node 567 gpr=27 mem=52 latency=3
t=193, issue store node 149 mem=9 latency=0
t=193, issue ve node 224 with op mul src0=101 src1=95 dst=108 latency=7 penalty=0 half=0
t=193, issue sfu node 402 with op sqrt src0=172 src1=-1 dst=173 latency=19 rounds=0 penalty=0 borrow=0
t=193, issue load node 569 gpr=28 mem=53 latency=3
t=194, issue ve node 156 with op add src0=76 src1=5 dst=77 latency=7 penalty=0 half=0
t=194, issue scalar node 461 with op add src0=195 src1=194 dst=196 latency=7 penalty=0
t=195, issue ve node 185 with op add src0=88 src1=1 dst=89 latency=7 penalty=0 half=0
t=196, issue ve node 188 with op mul src0=90 src1=2 dst=91 latency=7 penalty=1 half=0
t=197, issue ve node 428 with op reduce_sum_bf16 src0=208 src1=-1 dst=182 latency=12 penalty=0
t=198, issue ve node 192 with op mul src0=93 src1=4 dst=94 latency=7 penalty=0 half=0
t=199, issue ve node 221 with op mul src0=105 src1=0 dst=106 latency=7 penalty=0 half=0
t=200, issue ve node 225 with op mul src0=108 src1=2 dst=109 latency=7 penalty=0 half=0
t=201, issue scalar node 366 with op mul src0=157 src1=5 dst=158 latency=7 penalty=0
t=201, issue store node 157 mem=11 latency=0
t=201, issue ve node 228 with op mul src0=103 src1=95 dst=111 latency=7 penalty=0 half=0
t=201, issue load node 602 gpr=44 mem=54 latency=3
t=202, issue store node 186 mem=12 latency=0
t=202, issue ve node 261 with op mul src0=119 src1=111 dst=126 latency=7 penalty=0 half=0
t=202, issue scalar node 462 with op mul src0=196 src1=6 dst=197 latency=7 penalty=0
t=202, issue load node 604 gpr=45 mem=55 latency=3
t=203, issue ve node 257 with op mul src0=117 src1=111 dst=123 latency=7 penalty=0 half=0
t=204, issue ve node 189 with op add src0=91 src1=3 dst=92 latency=7 penalty=1 half=0
t=204, issue load node 606 gpr=46 mem=56 latency=3
t=205, issue ve node 494 with op reduce_sum src0=241 src1=-1 dst=209 latency=12 penalty=0
t=206, issue ve node 193 with op add src0=94 src1=5 dst=95 latency=7 penalty=0 half=0
t=207, issue ve node 222 with op add src0=106 src1=1 dst=107 latency=7 penalty=0 half=0
t=208, issue ve node 226 with op add src0=109 src1=3 dst=110 latency=7 penalty=0 half=0
t=208, issue sfu node 367 with op inv src0=158 src1=-1 dst=159 latency=19 rounds=0 penalty=0 borrow=0
t=209, issue ve node 229 with op mul src0=111 src1=4 dst=112 latency=7 penalty=0 half=0
t=210, issue ve node 258 with op mul src0=123 src1=0 dst=124 latency=7 penalty=0 half=0
t=211, issue ve node 262 with op mul src0=126 src1=2 dst=127 latency=7 penalty=1 half=0
t=212, issue scalar node 403 with op mul src0=173 src1=5 dst=174 latency=7 penalty=0
t=212, issue store node 190 mem=13 latency=0
t=212, issue ve node 531 with op reduce_sum src0=9 src1=-1 dst=225 latency=12 penalty=0
t=213, issue store node 194 mem=14 latency=0
t=213, issue ve node 265 with op mul src0=121 src1=111 dst=129 latency=7 penalty=0 half=0
t=213, issue load node 639 gpr=62 mem=57 latency=3
t=214, issue store node 223 mem=15 latency=0
t=214, issue ve node 298 with op mul src0=137 src1=127 dst=144 latency=7 penalty=0 half=0
t=214, issue load node 641 gpr=63 mem=58 latency=3
t=215, issue store node 227 mem=16 latency=0
t=215, issue ve node 294 with op mul src0=135 src1=127 dst=141 latency=7 penalty=0 half=0
t=215, issue load node 643 gpr=64 mem=59 latency=3
t=216, issue ve node 230 with op add src0=112 src1=5 dst=113 latency=7 penalty=0 half=0
t=217, issue ve node 259 with op add src0=124 src1=1 dst=125 latency=7 penalty=0 half=0
t=217, issue scalar node 497 with op add src0=208 src1=209 dst=211 latency=7 penalty=0
t=218, issue ve node 302 with op mul src0=139 src1=127 dst=147 latency=7 penalty=0 half=0
t=219, issue ve node 263 with op add src0=127 src1=3 dst=128 latency=7 penalty=1 half=0
t=219, issue sfu node 404 with op inv src0=174 src1=-1 dst=175 latency=19 rounds=0 penalty=0 borrow=0
t=220, issue ve node 496 with op reduce_sum src0=242 src1=-1 dst=210 latency=12 penalty=0
t=221, issue ve node 266 with op mul src0=129 src1=4 dst=130 latency=7 penalty=0 half=0
t=222, issue ve node 295 with op mul src0=141 src1=0 dst=142 latency=7 penalty=0 half=0
t=223, issue store node 231 mem=17 latency=0
t=223, issue ve node 299 with op mul src0=144 src1=2 dst=145 latency=7 penalty=0 half=0
t=223, issue load node 676 gpr=80 mem=60 latency=3
t=224, issue store node 260 mem=18 latency=0
t=224, issue ve node 335 with op mul src0=155 src1=143 dst=162 latency=7 penalty=0 half=0
t=224, issue load node 678 gpr=81 mem=61 latency=3
t=225, issue ve node 303 with op mul src0=147 src1=4 dst=148 latency=7 penalty=0 half=0
t=226, issue ve node 331 with op mul src0=153 src1=143 dst=159 latency=7 penalty=0 half=0
t=227, issue store node 264 mem=19 latency=0
t=227, issue ve node 339 with op mul src0=157 src1=143 dst=165 latency=7 penalty=0 half=0
t=227, issue load node 680 gpr=82 mem=62 latency=3
t=228, issue ve node 267 with op add src0=130 src1=5 dst=131 latency=7 penalty=0 half=0
t=229, issue ve node 296 with op add src0=142 src1=1 dst=143 latency=7 penalty=0 half=0
t=230, issue ve node 300 with op add src0=145 src1=3 dst=146 latency=7 penalty=0 half=0
t=231, issue ve node 336 with op mul src0=162 src1=2 dst=163 latency=7 penalty=1 half=0
t=232, issue scalar node 498 with op add src0=211 src1=210 dst=212 latency=7 penalty=0
t=232, issue ve node 529 with op reduce_sum src0=8 src1=-1 dst=224 latency=12 penalty=0
t=233, issue ve node 304 with op add src0=148 src1=5 dst=149 latency=7 penalty=0 half=0
t=234, issue ve node 332 with op mul src0=159 src1=0 dst=160 latency=7 penalty=0 half=0
t=235, issue store node 268 mem=20 latency=0
t=235, issue ve node 340 with op mul src0=165 src1=4 dst=166 latency=7 penalty=0 half=0
t=235, issue load node 713 gpr=98 mem=63 latency=3
t=236, issue store node 297 mem=21 latency=0
t=236, issue ve node 372 with op mul src0=173 src1=159 dst=180 latency=7 penalty=0 half=0
t=236, issue load node 717 gpr=100 mem=65 latency=3
t=237, issue store node 301 mem=22 latency=0
t=237, issue ve node 368 with op mul src0=171 src1=159 dst=177 latency=7 penalty=0 half=0
t=237, issue load node 715 gpr=99 mem=64 latency=3
t=238, issue ve node 376 with op mul src0=175 src1=159 dst=183 latency=7 penalty=0 half=0
t=239, issue ve node 337 with op add src0=163 src1=3 dst=164 latency=7 penalty=1 half=0
t=239, issue scalar node 499 with op mul src0=212 src1=6 dst=213 latency=7 penalty=0
t=240, issue store node 305 mem=23 latency=0
t=240, issue ve node 533 with op reduce_sum src0=10 src1=-1 dst=226 latency=12 penalty=0
t=240, issue load node 752 gpr=117 mem=67 latency=3
t=241, issue ve node 333 with op add src0=160 src1=1 dst=161 latency=7 penalty=0 half=0
t=241, issue load node 750 gpr=116 mem=66 latency=3
t=242, issue ve node 341 with op add src0=166 src1=5 dst=167 latency=7 penalty=0 half=0
t=242, issue load node 754 gpr=118 mem=68 latency=3
t=243, issue ve node 373 with op mul src0=180 src1=2 dst=181 latency=7 penalty=0 half=0
t=244, issue ve node 369 with op mul src0=177 src1=0 dst=178 latency=7 penalty=0 half=0
t=244, issue scalar node 534 with op add src0=224 src1=225 dst=227 latency=7 penalty=0
t=245, issue ve node 377 with op mul src0=183 src1=4 dst=184 latency=7 penalty=0 half=0
t=246, issue ve node 405 with op mul src0=189 src1=175 dst=195 latency=7 penalty=0 half=0
t=247, issue store node 338 mem=25 latency=0
t=247, issue ve node 409 with op mul src0=191 src1=175 dst=198 latency=7 penalty=0 half=0
t=248, issue store node 334 mem=24 latency=0
t=248, issue ve node 432 with op sub src0=206 src1=181 dst=211 latency=7 penalty=0 half=0
t=249, issue store node 342 mem=26 latency=0
t=249, issue ve node 413 with op mul src0=193 src1=175 dst=201 latency=7 penalty=0 half=0
t=249, issue load node 787 gpr=134 mem=69 latency=3
t=250, issue ve node 374 with op add src0=181 src1=3 dst=182 latency=7 penalty=0 half=0
t=250, issue load node 791 gpr=136 mem=71 latency=3
t=251, issue ve node 370 with op add src0=178 src1=1 dst=179 latency=7 penalty=0 half=0
t=251, issue load node 789 gpr=135 mem=70 latency=3
t=252, issue ve node 378 with op add src0=184 src1=5 dst=185 latency=7 penalty=0 half=0
t=252, issue scalar node 535 with op add src0=227 src1=226 dst=228 latency=7 penalty=0
t=253, issue ve node 406 with op mul src0=195 src1=0 dst=196 latency=7 penalty=0 half=0
t=254, issue ve node 410 with op mul src0=198 src1=2 dst=199 latency=7 penalty=1 half=0
t=255, issue ve node 568 with op reduce_sum src0=27 src1=-1 dst=241 latency=12 penalty=0
t=256, issue ve node 414 with op mul src0=201 src1=4 dst=202 latency=7 penalty=0 half=0
t=257, issue store node 375 mem=28 latency=0
t=257, issue ve node 430 with op square_fp16_fp16_bf16 src0=209 src1=-1 dst=210 latency=7 penalty=0 half=0
t=258, issue store node 371 mem=27 latency=0
t=258, issue ve node 463 with op sub src0=222 src1=197 dst=225 latency=7 penalty=0 half=0
t=259, issue store node 379 mem=29 latency=0
t=259, issue ve node 433 with op square_fp16_fp16_bf16 src0=211 src1=-1 dst=212 latency=7 penalty=0 half=0
t=259, issue scalar node 536 with op mul src0=228 src1=6 dst=229 latency=7 penalty=0
t=259, issue load node 824 gpr=152 mem=72 latency=3
t=260, issue ve node 407 with op add src0=196 src1=1 dst=197 latency=7 penalty=0 half=0
t=260, issue load node 826 gpr=153 mem=73 latency=3
t=261, issue ve node 466 with op sub src0=223 src1=197 dst=227 latency=7 penalty=0 half=0
t=262, issue ve node 411 with op add src0=199 src1=3 dst=200 latency=7 penalty=1 half=0
t=262, issue load node 828 gpr=154 mem=74 latency=3
t=263, issue ve node 566 with op reduce_sum src0=26 src1=-1 dst=240 latency=12 penalty=0
t=264, issue ve node 415 with op add src0=202 src1=5 dst=203 latency=7 penalty=0 half=0
t=265, issue ve node 431 with op reduce_sum_bf16 src0=210 src1=-1 dst=183 latency=12 penalty=0
t=266, issue ve node 434 with op reduce_sum_bf16 src0=212 src1=-1 dst=184 latency=12 penalty=0
t=267, issue store node 408 mem=30 latency=0
t=267, issue ve node 469 with op sub src0=224 src1=197 dst=229 latency=7 penalty=0 half=0
t=268, issue ve node 464 with op square_fp16_fp16_bf16 src0=225 src1=-1 dst=226 latency=7 penalty=0 half=0
t=269, issue ve node 467 with op square_fp16_fp16_bf16 src0=227 src1=-1 dst=228 latency=7 penalty=0 half=0
t=270, issue store node 412 mem=31 latency=0
t=270, issue ve node 503 with op sub src0=241 src1=213 dst=245 latency=7 penalty=0 half=0
t=271, issue store node 416 mem=32 latency=0
t=271, issue ve node 500 with op sub src0=240 src1=213 dst=243 latency=7 penalty=0 half=0
t=271, issue load node 861 gpr=170 mem=75 latency=3
t=272, issue ve node 506 with op sub src0=242 src1=213 dst=247 latency=7 penalty=0 half=0
t=272, issue load node 863 gpr=171 mem=76 latency=3
t=273, issue ve node 537 with op sub src0=8 src1=229 dst=11 latency=7 penalty=0 half=0
t=274, issue ve node 470 with op square_fp16_fp16_bf16 src0=229 src1=-1 dst=230 latency=7 penalty=0 half=0
t=274, issue load node 865 gpr=172 mem=77 latency=3
t=275, issue ve node 465 with op reduce_sum_bf16 src0=226 src1=-1 dst=198 latency=12 penalty=0
t=275, issue scalar node 571 with op add src0=240 src1=241 dst=243 latency=7 penalty=0
t=276, issue ve node 468 with op reduce_sum_bf16 src0=228 src1=-1 dst=199 latency=12 penalty=0
t=277, issue scalar node 435 with op add_bf16 src0=182 src1=183 dst=185 latency=7 penalty=0
t=277, issue ve node 504 with op square_fp16_fp16_bf16 src0=245 src1=-1 dst=246 latency=7 penalty=0 half=0
t=278, issue ve node 501 with op square_fp16_fp16_bf16 src0=243 src1=-1 dst=244 latency=7 penalty=0 half=0
t=279, issue ve node 507 with op square_fp16_fp16_bf16 src0=247 src1=-1 dst=248 latency=7 penalty=0 half=0
t=280, issue ve node 538 with op square_fp16_fp16_bf16 src0=11 src1=-1 dst=12 latency=7 penalty=0 half=0
t=281, issue ve node 471 with op reduce_sum_bf16 src0=230 src1=-1 dst=200 latency=12 penalty=0
t=282, issue ve node 540 with op sub src0=9 src1=229 dst=13 latency=7 penalty=0 half=0
t=283, issue ve node 543 with op sub src0=10 src1=229 dst=15 latency=7 penalty=0 half=0
t=284, issue scalar node 436 with op add_bf16 src0=185 src1=184 dst=186 latency=7 penalty=0
t=284, issue ve node 505 with op reduce_sum_bf16 src0=246 src1=-1 dst=215 latency=12 penalty=0
t=285, issue ve node 502 with op reduce_sum_bf16 src0=244 src1=-1 dst=214 latency=12 penalty=0
t=286, issue ve node 508 with op reduce_sum_bf16 src0=248 src1=-1 dst=216 latency=12 penalty=0
t=287, issue ve node 539 with op reduce_sum_bf16 src0=12 src1=-1 dst=230 latency=12 penalty=0
t=288, issue scalar node 472 with op add_bf16 src0=198 src1=199 dst=201 latency=7 penalty=0
t=288, issue ve node 570 with op reduce_sum src0=28 src1=-1 dst=242 latency=12 penalty=0
t=289, issue ve node 541 with op square_fp16_fp16_bf16 src0=13 src1=-1 dst=14 latency=7 penalty=0 half=0
t=290, issue ve node 544 with op square_fp16_fp16_bf16 src0=15 src1=-1 dst=16 latency=7 penalty=0 half=0
t=291, issue scalar node 437 with op mul_bf16_fp16_fp16 src0=186 src1=6 dst=187 latency=7 penalty=0
t=291, issue ve node 603 with op reduce_sum src0=44 src1=-1 dst=0 latency=12 penalty=0
t=292, issue ve node 605 with op reduce_sum src0=45 src1=-1 dst=1 latency=12 penalty=0
t=293, issue ve node 607 with op reduce_sum src0=46 src1=-1 dst=2 latency=12 penalty=0
t=294, issue ve node 640 with op reduce_sum src0=62 src1=-1 dst=16 latency=12 penalty=0
t=295, issue scalar node 473 with op add_bf16 src0=201 src1=200 dst=202 latency=7 penalty=0
t=295, issue ve node 642 with op reduce_sum src0=63 src1=-1 dst=17 latency=12 penalty=0
t=296, issue ve node 542 with op reduce_sum_bf16 src0=14 src1=-1 dst=231 latency=12 penalty=0
t=297, issue ve node 545 with op reduce_sum_bf16 src0=16 src1=-1 dst=232 latency=12 penalty=0
t=298, issue scalar node 438 with op add src0=187 src1=4 dst=188 latency=7 penalty=0
t=298, issue ve node 644 with op reduce_sum src0=64 src1=-1 dst=18 latency=12 penalty=0
t=299, issue scalar node 509 with op add_bf16 src0=214 src1=215 dst=217 latency=7 penalty=0
t=299, issue ve node 677 with op reduce_sum src0=80 src1=-1 dst=32 latency=12 penalty=0
t=300, issue scalar node 572 with op add src0=243 src1=242 dst=244 latency=7 penalty=0
t=300, issue ve node 679 with op reduce_sum src0=81 src1=-1 dst=33 latency=12 penalty=0
t=301, issue ve node 681 with op reduce_sum src0=82 src1=-1 dst=34 latency=12 penalty=0
t=302, issue scalar node 474 with op mul_bf16_fp16_fp16 src0=202 src1=6 dst=203 latency=7 penalty=0
t=302, issue ve node 714 with op reduce_sum src0=98 src1=-1 dst=48 latency=12 penalty=0
t=303, issue ve node 716 with op reduce_sum src0=99 src1=-1 dst=49 latency=12 penalty=0
t=304, issue scalar node 608 with op add src0=0 src1=1 dst=3 latency=7 penalty=0
t=304, issue ve node 718 with op reduce_sum src0=100 src1=-1 dst=50 latency=12 penalty=0
t=305, issue sfu node 439 with op sqrt src0=188 src1=-1 dst=189 latency=19 rounds=0 penalty=0 borrow=0
t=305, issue ve node 751 with op reduce_sum src0=116 src1=-1 dst=64 latency=12 penalty=0
t=306, issue ve node 753 with op reduce_sum src0=117 src1=-1 dst=65 latency=12 penalty=0
t=307, issue scalar node 510 with op add_bf16 src0=217 src1=216 dst=218 latency=7 penalty=0
t=307, issue ve node 755 with op reduce_sum src0=118 src1=-1 dst=66 latency=12 penalty=0
t=308, issue scalar node 645 with op add src0=16 src1=17 dst=19 latency=7 penalty=0
t=308, issue ve node 788 with op reduce_sum src0=134 src1=-1 dst=80 latency=12 penalty=0
t=309, issue scalar node 475 with op add src0=203 src1=4 dst=204 latency=7 penalty=0
t=309, issue ve node 790 with op reduce_sum src0=135 src1=-1 dst=81 latency=12 penalty=0
t=310, issue scalar node 546 with op add_bf16 src0=230 src1=231 dst=233 latency=7 penalty=0
t=310, issue ve node 792 with op reduce_sum src0=136 src1=-1 dst=82 latency=12 penalty=0
t=311, issue scalar node 609 with op add src0=3 src1=2 dst=4 latency=7 penalty=0
t=311, issue ve node 825 with op reduce_sum src0=152 src1=-1 dst=96 latency=12 penalty=0
t=312, issue scalar node 573 with op mul src0=244 src1=6 dst=245 latency=7 penalty=0
t=312, issue ve node 829 with op reduce_sum src0=154 src1=-1 dst=98 latency=12 penalty=0
t=313, issue scalar node 682 with op add src0=32 src1=33 dst=35 latency=7 penalty=0
t=313, issue ve node 827 with op reduce_sum src0=153 src1=-1 dst=97 latency=12 penalty=0
t=314, issue scalar node 511 with op mul_bf16_fp16_fp16 src0=218 src1=6 dst=219 latency=7 penalty=0
t=314, issue ve node 862 with op reduce_sum src0=170 src1=-1 dst=112 latency=12 penalty=0
t=315, issue scalar node 646 with op add src0=19 src1=18 dst=20 latency=7 penalty=0
t=315, issue ve node 864 with op reduce_sum src0=171 src1=-1 dst=113 latency=12 penalty=0
t=316, issue sfu node 476 with op sqrt src0=204 src1=-1 dst=205 latency=19 rounds=0 penalty=0 borrow=0
t=316, issue ve node 866 with op reduce_sum src0=172 src1=-1 dst=114 latency=12 penalty=0
t=317, issue scalar node 719 with op add src0=48 src1=49 dst=51 latency=7 penalty=0
t=318, issue scalar node 547 with op add_bf16 src0=233 src1=232 dst=234 latency=7 penalty=0
t=319, issue ve node 574 with op sub src0=26 src1=245 dst=29 latency=7 penalty=0 half=0
t=319, issue scalar node 610 with op mul src0=4 src1=6 dst=5 latency=7 penalty=0
t=320, issue ve node 577 with op sub src0=27 src1=245 dst=31 latency=7 penalty=0 half=0
t=320, issue scalar node 683 with op add src0=35 src1=34 dst=36 latency=7 penalty=0
t=321, issue scalar node 512 with op add src0=219 src1=4 dst=220 latency=7 penalty=0
t=321, issue ve node 580 with op sub src0=28 src1=245 dst=33 latency=7 penalty=0 half=0
t=322, issue scalar node 647 with op mul src0=20 src1=6 dst=21 latency=7 penalty=0
t=323, issue scalar node 756 with op add src0=64 src1=65 dst=67 latency=7 penalty=0
t=324, issue scalar node 440 with op mul src0=189 src1=5 dst=190 latency=7 penalty=0
t=325, issue scalar node 548 with op mul_bf16_fp16_fp16 src0=234 src1=6 dst=235 latency=7 penalty=0
t=326, issue ve node 575 with op square_fp16_fp16_bf16 src0=29 src1=-1 dst=30 latency=7 penalty=0 half=0
t=326, issue scalar node 720 with op add src0=51 src1=50 dst=52 latency=7 penalty=0
t=327, issue ve node 578 with op square_fp16_fp16_bf16 src0=31 src1=-1 dst=32 latency=7 penalty=0 half=0
t=327, issue scalar node 684 with op mul src0=36 src1=6 dst=37 latency=7 penalty=0
t=328, issue sfu node 513 with op sqrt src0=220 src1=-1 dst=221 latency=19 rounds=0 penalty=0 borrow=0
t=328, issue ve node 581 with op square_fp16_fp16_bf16 src0=33 src1=-1 dst=34 latency=7 penalty=0 half=0
t=329, issue ve node 611 with op sub src0=44 src1=5 dst=47 latency=7 penalty=0 half=0
t=330, issue ve node 614 with op sub src0=45 src1=5 dst=49 latency=7 penalty=0 half=0
t=330, issue scalar node 757 with op add src0=67 src1=66 dst=68 latency=7 penalty=0
t=331, issue sfu node 441 with op inv src0=190 src1=-1 dst=191 latency=19 rounds=0 penalty=0 borrow=0
t=331, issue ve node 617 with op sub src0=46 src1=5 dst=51 latency=7 penalty=0 half=0
t=332, issue scalar node 549 with op add src0=235 src1=4 dst=236 latency=7 penalty=0
t=332, issue ve node 648 with op sub src0=62 src1=21 dst=65 latency=7 penalty=0 half=0
t=333, issue ve node 576 with op reduce_sum_bf16 src0=30 src1=-1 dst=246 latency=12 penalty=0
t=333, issue scalar node 721 with op mul src0=52 src1=6 dst=53 latency=7 penalty=0
t=334, issue ve node 579 with op reduce_sum_bf16 src0=32 src1=-1 dst=247 latency=12 penalty=0
t=334, issue scalar node 793 with op add src0=80 src1=81 dst=83 latency=7 penalty=0
t=335, issue scalar node 477 with op mul src0=205 src1=5 dst=206 latency=7 penalty=0
t=335, issue ve node 582 with op reduce_sum_bf16 src0=34 src1=-1 dst=248 latency=12 penalty=0
t=336, issue ve node 612 with op square_fp16_fp16_bf16 src0=47 src1=-1 dst=48 latency=7 penalty=0 half=0
t=336, issue scalar node 830 with op add src0=96 src1=97 dst=99 latency=7 penalty=0
t=337, issue ve node 615 with op square_fp16_fp16_bf16 src0=49 src1=-1 dst=50 latency=7 penalty=0 half=0
t=337, issue scalar node 758 with op mul src0=68 src1=6 dst=69 latency=7 penalty=0
t=338, issue ve node 618 with op square_fp16_fp16_bf16 src0=51 src1=-1 dst=52 latency=7 penalty=0 half=0
t=338, issue scalar node 867 with op add src0=112 src1=113 dst=115 latency=7 penalty=0
t=339, issue sfu node 550 with op sqrt src0=236 src1=-1 dst=237 latency=19 rounds=0 penalty=0 borrow=0
t=339, issue ve node 649 with op square_fp16_fp16_bf16 src0=65 src1=-1 dst=66 latency=7 penalty=0 half=0
t=340, issue ve node 651 with op sub src0=63 src1=21 dst=67 latency=7 penalty=0 half=0
t=341, issue ve node 654 with op sub src0=64 src1=21 dst=69 latency=7 penalty=0 half=0
t=341, issue scalar node 794 with op add src0=83 src1=82 dst=84 latency=7 penalty=0
t=342, issue sfu node 478 with op inv src0=206 src1=-1 dst=207 latency=19 rounds=0 penalty=0 borrow=0
t=342, issue ve node 685 with op sub src0=80 src1=37 dst=83 latency=7 penalty=0 half=0
t=343, issue ve node 613 with op reduce_sum_bf16 src0=48 src1=-1 dst=6 latency=12 penalty=0
t=343, issue scalar node 831 with op add src0=99 src1=98 dst=100 latency=7 penalty=0
t=344, issue ve node 616 with op reduce_sum_bf16 src0=50 src1=-1 dst=7 latency=12 penalty=0
t=345, issue ve node 619 with op reduce_sum_bf16 src0=52 src1=-1 dst=8 latency=12 penalty=0
t=345, issue scalar node 868 with op add src0=115 src1=114 dst=116 latency=7 penalty=0
t=346, issue scalar node 583 with op add_bf16 src0=246 src1=247 dst=249 latency=7 penalty=0
t=346, issue ve node 650 with op reduce_sum_bf16 src0=66 src1=-1 dst=22 latency=12 penalty=0
t=347, issue scalar node 514 with op mul src0=221 src1=5 dst=222 latency=7 penalty=0
t=347, issue ve node 652 with op square_fp16_fp16_bf16 src0=67 src1=-1 dst=68 latency=7 penalty=0 half=0
t=348, issue ve node 655 with op square_fp16_fp16_bf16 src0=69 src1=-1 dst=70 latency=7 penalty=0 half=0
t=348, issue scalar node 795 with op mul src0=84 src1=6 dst=85 latency=7 penalty=0
t=349, issue ve node 686 with op square_fp16_fp16_bf16 src0=83 src1=-1 dst=84 latency=7 penalty=0 half=0
t=350, issue ve node 442 with op mul src0=207 src1=191 dst=213 latency=7 penalty=0 half=0
t=350, issue scalar node 832 with op mul src0=100 src1=6 dst=101 latency=7 penalty=0
t=351, issue ve node 446 with op mul src0=209 src1=191 dst=216 latency=7 penalty=0 half=0
t=352, issue ve node 450 with op mul src0=211 src1=191 dst=219 latency=7 penalty=0 half=0
t=352, issue scalar node 869 with op mul src0=116 src1=6 dst=117 latency=7 penalty=0
t=353, issue scalar node 584 with op add_bf16 src0=249 src1=248 dst=250 latency=7 penalty=0
t=354, issue sfu node 515 with op inv src0=222 src1=-1 dst=223 latency=19 rounds=0 penalty=0 borrow=0
t=354, issue ve node 653 with op reduce_sum_bf16 src0=68 src1=-1 dst=23 latency=12 penalty=0
t=355, issue ve node 656 with op reduce_sum_bf16 src0=70 src1=-1 dst=24 latency=12 penalty=0
t=356, issue scalar node 620 with op add_bf16 src0=6 src1=7 dst=9 latency=7 penalty=0
t=356, issue ve node 687 with op reduce_sum_bf16 src0=84 src1=-1 dst=38 latency=12 penalty=0
t=357, issue ve node 443 with op mul src0=213 src1=0 dst=214 latency=7 penalty=0 half=0
t=358, issue scalar node 551 with op mul src0=237 src1=5 dst=238 latency=7 penalty=0
t=358, issue ve node 447 with op mul src0=216 src1=2 dst=217 latency=7 penalty=0 half=0
t=359, issue ve node 451 with op mul src0=219 src1=4 dst=220 latency=7 penalty=0 half=0
t=360, issue scalar node 585 with op mul_bf16_fp16_fp16 src0=250 src1=6 dst=251 latency=7 penalty=0
t=360, issue ve node 688 with op sub src0=81 src1=37 dst=85 latency=7 penalty=0 half=0
t=361, issue ve node 479 with op mul src0=225 src1=207 dst=231 latency=7 penalty=0 half=0
t=362, issue ve node 483 with op mul src0=227 src1=207 dst=234 latency=7 penalty=0 half=0
t=363, issue ve node 487 with op mul src0=229 src1=207 dst=237 latency=7 penalty=0 half=0
t=363, issue scalar node 621 with op add_bf16 src0=9 src1=8 dst=10 latency=7 penalty=0
t=364, issue ve node 444 with op add src0=214 src1=1 dst=215 latency=7 penalty=0 half=0
t=365, issue ve node 448 with op add src0=217 src1=3 dst=218 latency=7 penalty=0 half=0
t=365, issue sfu node 552 with op inv src0=238 src1=-1 dst=239 latency=19 rounds=0 penalty=0 borrow=0
t=366, issue ve node 452 with op add src0=220 src1=5 dst=221 latency=7 penalty=0 half=0
t=366, issue scalar node 657 with op add_bf16 src0=22 src1=23 dst=25 latency=7 penalty=0
t=367, issue scalar node 586 with op add src0=251 src1=4 dst=252 latency=7 penalty=0
t=367, issue ve node 689 with op square_fp16_fp16_bf16 src0=85 src1=-1 dst=86 latency=7 penalty=0 half=0
t=368, issue ve node 480 with op mul src0=231 src1=0 dst=232 latency=7 penalty=0 half=0
t=369, issue ve node 484 with op mul src0=234 src1=2 dst=235 latency=7 penalty=1 half=0
t=370, issue scalar node 622 with op mul_bf16_fp16_fp16 src0=10 src1=6 dst=11 latency=7 penalty=0
t=371, issue store node 445 mem=33 latency=0
t=371, issue ve node 488 with op mul src0=237 src1=4 dst=238 latency=7 penalty=0 half=0
t=372, issue store node 449 mem=34 latency=0
t=372, issue ve node 725 with op sub src0=99 src1=53 dst=103 latency=7 penalty=0 half=0
t=373, issue store node 453 mem=35 latency=0
t=373, issue ve node 516 with op mul src0=243 src1=223 dst=249 latency=7 penalty=0 half=0
t=373, issue scalar node 658 with op add_bf16 src0=25 src1=24 dst=26 latency=7 penalty=0
t=373, issue load node 898 gpr=188 mem=78 latency=3
t=374, issue ve node 520 with op mul src0=245 src1=223 dst=252 latency=7 penalty=0 half=0
t=374, issue sfu node 587 with op sqrt src0=252 src1=-1 dst=253 latency=19 rounds=0 penalty=0 borrow=0
t=374, issue load node 900 gpr=189 mem=79 latency=3
t=375, issue ve node 481 with op add src0=232 src1=1 dst=233 latency=7 penalty=0 half=0
t=376, issue ve node 524 with op mul src0=247 src1=223 dst=255 latency=7 penalty=0 half=0
t=376, issue load node 902 gpr=190 mem=80 latency=3
t=377, issue ve node 485 with op add src0=235 src1=3 dst=236 latency=7 penalty=1 half=0
t=377, issue scalar node 623 with op add src0=11 src1=4 dst=12 latency=7 penalty=0
t=378, issue ve node 690 with op reduce_sum_bf16 src0=86 src1=-1 dst=39 latency=12 penalty=0
t=379, issue ve node 489 with op add src0=238 src1=5 dst=239 latency=7 penalty=0 half=0
t=380, issue ve node 517 with op mul src0=249 src1=0 dst=250 latency=7 penalty=0 half=0
t=380, issue scalar node 659 with op mul_bf16_fp16_fp16 src0=26 src1=6 dst=27 latency=7 penalty=0
t=381, issue ve node 521 with op mul src0=252 src1=2 dst=253 latency=7 penalty=0 half=0
t=382, issue store node 482 mem=36 latency=0
t=382, issue ve node 691 with op sub src0=82 src1=37 dst=87 latency=7 penalty=0 half=0
t=383, issue ve node 525 with op mul src0=255 src1=4 dst=6 latency=7 penalty=0 half=0
t=384, issue ve node 553 with op mul src0=11 src1=239 dst=17 latency=7 penalty=0 half=0
t=384, issue sfu node 624 with op sqrt src0=12 src1=-1 dst=13 latency=19 rounds=0 penalty=0 borrow=0
t=385, issue store node 486 mem=37 latency=0
t=385, issue ve node 557 with op mul src0=13 src1=239 dst=20 latency=7 penalty=0 half=0
t=386, issue store node 490 mem=38 latency=0
t=386, issue ve node 722 with op sub src0=98 src1=53 dst=101 latency=7 penalty=0 half=0
t=386, issue load node 935 gpr=206 mem=81 latency=3
t=387, issue ve node 518 with op add src0=250 src1=1 dst=251 latency=7 penalty=0 half=0
t=387, issue scalar node 660 with op add src0=27 src1=4 dst=28 latency=7 penalty=0
t=387, issue load node 937 gpr=207 mem=82 latency=3
t=388, issue ve node 522 with op add src0=253 src1=3 dst=254 latency=7 penalty=0 half=0
t=388, issue load node 939 gpr=208 mem=83 latency=3
t=389, issue ve node 561 with op mul src0=15 src1=239 dst=23 latency=7 penalty=0 half=0
t=390, issue ve node 526 with op add src0=6 src1=5 dst=7 latency=7 penalty=0 half=0
t=390, issue scalar node 694 with op add_bf16 src0=38 src1=39 dst=41 latency=7 penalty=0
t=391, issue ve node 554 with op mul src0=17 src1=0 dst=18 latency=7 penalty=0 half=0
t=392, issue ve node 558 with op mul src0=20 src1=2 dst=21 latency=7 penalty=0 half=0
t=393, issue scalar node 588 with op mul src0=253 src1=5 dst=254 latency=7 penalty=0
t=393, issue ve node 692 with op square_fp16_fp16_bf16 src0=87 src1=-1 dst=88 latency=7 penalty=0 half=0
t=394, issue store node 519 mem=39 latency=0
t=394, issue sfu node 661 with op sqrt src0=28 src1=-1 dst=29 latency=19 rounds=0 penalty=0 borrow=0
t=394, issue ve node 723 with op square_fp16_fp16_bf16 src0=101 src1=-1 dst=102 latency=7 penalty=0 half=0
t=395, issue store node 523 mem=40 latency=0
t=395, issue ve node 726 with op square_fp16_fp16_bf16 src0=103 src1=-1 dst=104 latency=7 penalty=0 half=0
t=396, issue ve node 562 with op mul src0=23 src1=4 dst=24 latency=7 penalty=0 half=0
t=397, issue store node 527 mem=41 latency=0
t=397, issue ve node 728 with op sub src0=100 src1=53 dst=105 latency=7 penalty=0 half=0
t=397, issue load node 974 gpr=225 mem=85 latency=3
t=398, issue ve node 555 with op add src0=18 src1=1 dst=19 latency=7 penalty=0 half=0
t=398, issue load node 972 gpr=224 mem=84 latency=3
t=399, issue ve node 559 with op add src0=21 src1=3 dst=22 latency=7 penalty=0 half=0
t=399, issue load node 976 gpr=226 mem=86 latency=3
t=400, issue sfu node 589 with op inv src0=254 src1=-1 dst=255 latency=19 rounds=0 penalty=0 borrow=0
t=400, issue ve node 693 with op reduce_sum_bf16 src0=88 src1=-1 dst=40 latency=12 penalty=0
t=401, issue ve node 724 with op reduce_sum_bf16 src0=102 src1=-1 dst=54 latency=12 penalty=0
t=402, issue ve node 727 with op reduce_sum_bf16 src0=104 src1=-1 dst=55 latency=12 penalty=0
t=403, issue scalar node 625 with op mul src0=13 src1=5 dst=14 latency=7 penalty=0
t=403, issue ve node 563 with op add src0=24 src1=5 dst=25 latency=7 penalty=0 half=0
t=404, issue ve node 729 with op square_fp16_fp16_bf16 src0=105 src1=-1 dst=106 latency=7 penalty=0 half=0
t=405, issue store node 556 mem=42 latency=0
t=405, issue ve node 759 with op sub src0=116 src1=69 dst=119 latency=7 penalty=0 half=0
t=406, issue store node 560 mem=43 latency=0
t=406, issue ve node 762 with op sub src0=117 src1=69 dst=121 latency=7 penalty=0 half=0
t=407, issue ve node 765 with op sub src0=118 src1=69 dst=123 latency=7 penalty=0 half=0
t=408, issue ve node 796 with op sub src0=134 src1=85 dst=137 latency=7 penalty=0 half=0
t=409, issue ve node 799 with op sub src0=135 src1=85 dst=139 latency=7 penalty=0 half=0
t=410, issue store node 564 mem=44 latency=0
t=410, issue sfu node 626 with op inv src0=14 src1=-1 dst=15 latency=19 rounds=0 penalty=0 borrow=0
t=410, issue ve node 802 with op sub src0=136 src1=85 dst=141 latency=7 penalty=0 half=0
t=410, issue load node 1009 gpr=242 mem=87 latency=3
t=411, issue ve node 730 with op reduce_sum_bf16 src0=106 src1=-1 dst=56 latency=12 penalty=0
t=411, issue load node 1013 gpr=244 mem=89 latency=3
t=412, issue scalar node 695 with op add_bf16 src0=41 src1=40 dst=42 latency=7 penalty=0
t=412, issue ve node 760 with op square_fp16_fp16_bf16 src0=119 src1=-1 dst=120 latency=7 penalty=0 half=0
t=412, issue load node 1011 gpr=243 mem=88 latency=3
t=413, issue scalar node 662 with op mul src0=29 src1=5 dst=30 latency=7 penalty=0
t=413, issue ve node 763 with op square_fp16_fp16_bf16 src0=121 src1=-1 dst=122 latency=7 penalty=0 half=0
t=414, issue scalar node 731 with op add_bf16 src0=54 src1=55 dst=57 latency=7 penalty=0
t=414, issue ve node 766 with op square_fp16_fp16_bf16 src0=123 src1=-1 dst=124 latency=7 penalty=0 half=0
t=415, issue ve node 797 with op square_fp16_fp16_bf16 src0=137 src1=-1 dst=138 latency=7 penalty=0 half=0
t=416, issue ve node 800 with op square_fp16_fp16_bf16 src0=139 src1=-1 dst=140 latency=7 penalty=0 half=0
t=417, issue ve node 803 with op square_fp16_fp16_bf16 src0=141 src1=-1 dst=142 latency=7 penalty=0 half=0
t=418, issue ve node 833 with op sub src0=152 src1=101 dst=155 latency=7 penalty=0 half=0
t=419, issue ve node 590 with op mul src0=29 src1=255 dst=35 latency=7 penalty=0 half=0
t=419, issue scalar node 696 with op mul_bf16_fp16_fp16 src0=42 src1=6 dst=43 latency=7 penalty=0
t=420, issue ve node 594 with op mul src0=31 src1=255 dst=38 latency=7 penalty=0 half=0
t=420, issue sfu node 663 with op inv src0=30 src1=-1 dst=31 latency=19 rounds=0 penalty=0 borrow=0
t=421, issue ve node 598 with op mul src0=33 src1=255 dst=41 latency=7 penalty=0 half=0
t=422, issue ve node 761 with op reduce_sum_bf16 src0=120 src1=-1 dst=70 latency=12 penalty=0
t=423, issue scalar node 732 with op add_bf16 src0=57 src1=56 dst=58 latency=7 penalty=0
t=423, issue ve node 764 with op reduce_sum_bf16 src0=122 src1=-1 dst=71 latency=12 penalty=0
t=424, issue ve node 767 with op reduce_sum_bf16 src0=124 src1=-1 dst=72 latency=12 penalty=0
t=425, issue ve node 798 with op reduce_sum_bf16 src0=138 src1=-1 dst=86 latency=12 penalty=0
t=426, issue ve node 591 with op mul src0=35 src1=0 dst=36 latency=7 penalty=0 half=0
t=426, issue scalar node 697 with op add src0=43 src1=4 dst=44 latency=7 penalty=0
t=427, issue ve node 595 with op mul src0=38 src1=2 dst=39 latency=7 penalty=1 half=0
t=428, issue ve node 801 with op reduce_sum_bf16 src0=140 src1=-1 dst=87 latency=12 penalty=0
t=429, issue ve node 599 with op mul src0=41 src1=4 dst=42 latency=7 penalty=0 half=0
t=430, issue ve node 627 with op mul src0=47 src1=15 dst=53 latency=7 penalty=0 half=0
t=430, issue scalar node 733 with op mul_bf16_fp16_fp16 src0=58 src1=6 dst=59 latency=7 penalty=0
t=431, issue ve node 631 with op mul src0=49 src1=15 dst=56 latency=7 penalty=0 half=0
t=432, issue ve node 635 with op mul src0=51 src1=15 dst=59 latency=7 penalty=0 half=0
t=433, issue ve node 592 with op add src0=36 src1=1 dst=37 latency=7 penalty=0 half=0
t=433, issue sfu node 698 with op sqrt src0=44 src1=-1 dst=45 latency=19 rounds=0 penalty=0 borrow=0
t=434, issue ve node 804 with op reduce_sum_bf16 src0=142 src1=-1 dst=88 latency=12 penalty=0
t=435, issue ve node 596 with op add src0=39 src1=3 dst=40 latency=7 penalty=1 half=0
t=435, issue scalar node 768 with op add_bf16 src0=70 src1=71 dst=73 latency=7 penalty=0
t=436, issue ve node 899 with op reduce_sum src0=188 src1=-1 dst=128 latency=12 penalty=0
t=437, issue ve node 600 with op add src0=42 src1=5 dst=43 latency=7 penalty=0 half=0
t=437, issue scalar node 734 with op add src0=59 src1=4 dst=60 latency=7 penalty=0
t=438, issue ve node 628 with op mul src0=53 src1=0 dst=54 latency=7 penalty=0 half=0
t=439, issue ve node 632 with op mul src0=56 src1=2 dst=57 latency=7 penalty=0 half=0
t=440, issue store node 593 mem=45 latency=0
t=440, issue ve node 636 with op mul src0=59 src1=4 dst=60 latency=7 penalty=0 half=0
t=440, issue scalar node 805 with op add_bf16 src0=86 src1=87 dst=89 latency=7 penalty=0
t=441, issue ve node 664 with op mul src0=65 src1=31 dst=71 latency=7 penalty=0 half=0
t=442, issue ve node 668 with op mul src0=67 src1=31 dst=74 latency=7 penalty=0 half=0
t=442, issue scalar node 769 with op add_bf16 src0=73 src1=72 dst=74 latency=7 penalty=0
t=443, issue store node 597 mem=46 latency=0
t=443, issue ve node 672 with op mul src0=69 src1=31 dst=77 latency=7 penalty=0 half=0
t=444, issue store node 601 mem=47 latency=0
t=444, issue sfu node 735 with op sqrt src0=60 src1=-1 dst=61 latency=19 rounds=0 penalty=0 borrow=0
t=444, issue ve node 836 with op sub src0=153 src1=101 dst=157 latency=7 penalty=0 half=0
t=444, issue load node 1046 gpr=10 mem=90 latency=3
t=445, issue ve node 629 with op add src0=54 src1=1 dst=55 latency=7 penalty=0 half=0
t=445, issue load node 1050 gpr=12 mem=92 latency=3
t=446, issue ve node 633 with op add src0=57 src1=3 dst=58 latency=7 penalty=0 half=0
t=446, issue load node 1048 gpr=11 mem=91 latency=3
t=447, issue ve node 637 with op add src0=60 src1=5 dst=61 latency=7 penalty=0 half=0
t=447, issue scalar node 806 with op add_bf16 src0=89 src1=88 dst=90 latency=7 penalty=0
t=448, issue ve node 665 with op mul src0=71 src1=0 dst=72 latency=7 penalty=0 half=0
t=449, issue ve node 669 with op mul src0=74 src1=2 dst=75 latency=7 penalty=1 half=0
t=449, issue scalar node 770 with op mul_bf16_fp16_fp16 src0=74 src1=6 dst=75 latency=7 penalty=0
t=450, issue ve node 901 with op reduce_sum src0=189 src1=-1 dst=129 latency=12 penalty=0
t=451, issue ve node 673 with op mul src0=77 src1=4 dst=78 latency=7 penalty=0 half=0
t=452, issue scalar node 699 with op mul src0=45 src1=5 dst=46 latency=7 penalty=0
t=452, issue store node 630 mem=48 latency=0
t=452, issue ve node 837 with op square_fp16_fp16_bf16 src0=157 src1=-1 dst=158 latency=7 penalty=0 half=0
t=453, issue store node 634 mem=49 latency=0
t=453, issue ve node 834 with op square_fp16_fp16_bf16 src0=155 src1=-1 dst=156 latency=7 penalty=0 half=0
t=454, issue store node 638 mem=50 latency=0
t=454, issue scalar node 807 with op mul_bf16_fp16_fp16 src0=90 src1=6 dst=91 latency=7 penalty=0
t=454, issue ve node 839 with op sub src0=154 src1=101 dst=159 latency=7 penalty=0 half=0
t=454, issue load node 1083 gpr=28 mem=93 latency=3
t=455, issue ve node 666 with op add src0=72 src1=1 dst=73 latency=7 penalty=0 half=0
t=455, issue load node 1085 gpr=29 mem=94 latency=3
t=456, issue scalar node 771 with op add src0=75 src1=4 dst=76 latency=7 penalty=0
t=456, issue ve node 870 with op sub src0=170 src1=117 dst=173 latency=7 penalty=0 half=0
t=457, issue ve node 670 with op add src0=75 src1=3 dst=76 latency=7 penalty=1 half=0
t=457, issue load node 1087 gpr=30 mem=95 latency=3
t=458, issue ve node 903 with op reduce_sum src0=190 src1=-1 dst=130 latency=12 penalty=0
t=459, issue ve node 674 with op add src0=78 src1=5 dst=79 latency=7 penalty=0 half=0
t=459, issue sfu node 700 with op inv src0=46 src1=-1 dst=47 latency=19 rounds=0 penalty=0 borrow=0
t=460, issue ve node 835 with op reduce_sum_bf16 src0=156 src1=-1 dst=102 latency=12 penalty=0
t=461, issue scalar node 808 with op add src0=91 src1=4 dst=92 latency=7 penalty=0
t=461, issue ve node 838 with op reduce_sum_bf16 src0=158 src1=-1 dst=103 latency=12 penalty=0
t=462, issue store node 667 mem=51 latency=0
t=462, issue ve node 840 with op square_fp16_fp16_bf16 src0=159 src1=-1 dst=160 latency=7 penalty=0 half=0
t=462, issue scalar node 904 with op add src0=128 src1=129 dst=131 latency=7 penalty=0
t=463, issue sfu node 772 with op sqrt src0=76 src1=-1 dst=77 latency=19 rounds=0 penalty=0 borrow=0
t=463, issue ve node 871 with op square_fp16_fp16_bf16 src0=173 src1=-1 dst=174 latency=7 penalty=0 half=0
t=464, issue scalar node 736 with op mul src0=61 src1=5 dst=62 latency=7 penalty=0
t=464, issue ve node 936 with op reduce_sum src0=206 src1=-1 dst=144 latency=12 penalty=0
t=465, issue store node 671 mem=52 latency=0
t=465, issue ve node 873 with op sub src0=171 src1=117 dst=175 latency=7 penalty=0 half=0
t=466, issue store node 675 mem=53 latency=0
t=466, issue ve node 876 with op sub src0=172 src1=117 dst=177 latency=7 penalty=0 half=0
t=466, issue load node 1120 gpr=46 mem=96 latency=3
t=467, issue ve node 938 with op reduce_sum src0=207 src1=-1 dst=145 latency=12 penalty=0
t=467, issue load node 1122 gpr=47 mem=97 latency=3
t=468, issue sfu node 809 with op sqrt src0=92 src1=-1 dst=93 latency=19 rounds=0 penalty=0 borrow=0
t=468, issue ve node 940 with op reduce_sum src0=208 src1=-1 dst=146 latency=12 penalty=0
t=468, issue load node 1124 gpr=48 mem=98 latency=3
t=469, issue ve node 841 with op reduce_sum_bf16 src0=160 src1=-1 dst=104 latency=12 penalty=0
t=470, issue ve node 872 with op reduce_sum_bf16 src0=174 src1=-1 dst=118 latency=12 penalty=0
t=470, issue scalar node 905 with op add src0=131 src1=130 dst=132 latency=7 penalty=0
t=471, issue sfu node 737 with op inv src0=62 src1=-1 dst=63 latency=19 rounds=0 penalty=0 borrow=0
t=471, issue ve node 973 with op reduce_sum src0=224 src1=-1 dst=160 latency=12 penalty=0
t=472, issue ve node 874 with op square_fp16_fp16_bf16 src0=175 src1=-1 dst=176 latency=7 penalty=0 half=0
t=473, issue scalar node 842 with op add_bf16 src0=102 src1=103 dst=105 latency=7 penalty=0
t=473, issue ve node 877 with op square_fp16_fp16_bf16 src0=177 src1=-1 dst=178 latency=7 penalty=0 half=0
t=474, issue ve node 975 with op reduce_sum src0=225 src1=-1 dst=161 latency=12 penalty=0
t=475, issue ve node 977 with op reduce_sum src0=226 src1=-1 dst=162 latency=12 penalty=0
t=476, issue ve node 1010 with op reduce_sum src0=242 src1=-1 dst=176 latency=12 penalty=0
t=477, issue scalar node 906 with op mul src0=132 src1=6 dst=133 latency=7 penalty=0
t=477, issue ve node 1012 with op reduce_sum src0=243 src1=-1 dst=177 latency=12 penalty=0
t=478, issue ve node 701 with op mul src0=83 src1=47 dst=89 latency=7 penalty=0 half=0
t=479, issue ve node 705 with op mul src0=85 src1=47 dst=92 latency=7 penalty=0 half=0
t=479, issue scalar node 941 with op add src0=144 src1=145 dst=147 latency=7 penalty=0
t=480, issue ve node 709 with op mul src0=87 src1=47 dst=95 latency=7 penalty=0 half=0
t=481, issue scalar node 843 with op add_bf16 src0=105 src1=104 dst=106 latency=7 penalty=0
t=481, issue ve node 875 with op reduce_sum_bf16 src0=176 src1=-1 dst=119 latency=12 penalty=0
t=482, issue scalar node 773 with op mul src0=77 src1=5 dst=78 latency=7 penalty=0
t=482, issue ve node 878 with op reduce_sum_bf16 src0=178 src1=-1 dst=120 latency=12 penalty=0
t=483, issue ve node 1014 with op reduce_sum src0=244 src1=-1 dst=178 latency=12 penalty=0
t=484, issue ve node 907 with op sub src0=188 src1=133 dst=191 latency=7 penalty=0 half=0
t=485, issue ve node 702 with op mul src0=89 src1=0 dst=90 latency=7 penalty=0 half=0
t=486, issue ve node 706 with op mul src0=92 src1=2 dst=93 latency=7 penalty=0 half=0
t=486, issue scalar node 942 with op add src0=147 src1=146 dst=148 latency=7 penalty=0
t=487, issue scalar node 810 with op mul src0=93 src1=5 dst=94 latency=7 penalty=0
t=487, issue ve node 710 with op mul src0=95 src1=4 dst=96 latency=7 penalty=0 half=0
t=488, issue scalar node 844 with op mul_bf16_fp16_fp16 src0=106 src1=6 dst=107 latency=7 penalty=0
t=488, issue ve node 910 with op sub src0=189 src1=133 dst=193 latency=7 penalty=0 half=0
t=489, issue sfu node 774 with op inv src0=78 src1=-1 dst=79 latency=19 rounds=0 penalty=0 borrow=0
t=489, issue ve node 913 with op sub src0=190 src1=133 dst=195 latency=7 penalty=0 half=0
t=490, issue ve node 738 with op mul src0=101 src1=63 dst=107 latency=7 penalty=0 half=0
t=490, issue scalar node 978 with op add src0=160 src1=161 dst=163 latency=7 penalty=0
t=491, issue ve node 742 with op mul src0=103 src1=63 dst=110 latency=7 penalty=0 half=0
t=491, issue scalar node 1015 with op add src0=176 src1=177 dst=179 latency=7 penalty=0
t=492, issue ve node 703 with op add src0=90 src1=1 dst=91 latency=7 penalty=0 half=0
t=493, issue ve node 707 with op add src0=93 src1=3 dst=94 latency=7 penalty=0 half=0
t=493, issue scalar node 879 with op add_bf16 src0=118 src1=119 dst=121 latency=7 penalty=0
t=494, issue ve node 711 with op add src0=96 src1=5 dst=97 latency=7 penalty=0 half=0
t=494, issue sfu node 811 with op inv src0=94 src1=-1 dst=95 latency=19 rounds=0 penalty=0 borrow=0
t=494, issue scalar node 943 with op mul src0=148 src1=6 dst=149 latency=7 penalty=0
t=495, issue ve node 746 with op mul src0=105 src1=63 dst=113 latency=7 penalty=0 half=0
t=496, issue scalar node 845 with op add src0=107 src1=4 dst=108 latency=7 penalty=0
t=496, issue ve node 908 with op square_fp16_fp16_bf16 src0=191 src1=-1 dst=192 latency=7 penalty=0 half=0
t=497, issue ve node 739 with op mul src0=107 src1=0 dst=108 latency=7 penalty=0 half=0
t=497, issue scalar node 979 with op add src0=163 src1=162 dst=164 latency=7 penalty=0
t=498, issue ve node 743 with op mul src0=110 src1=2 dst=111 latency=7 penalty=1 half=0
t=498, issue scalar node 1016 with op add src0=179 src1=178 dst=180 latency=7 penalty=0
t=499, issue store node 704 mem=54 latency=0
t=499, issue ve node 1051 with op reduce_sum src0=12 src1=-1 dst=194 latency=12 penalty=0
t=500, issue store node 708 mem=55 latency=0
t=500, issue scalar node 880 with op add_bf16 src0=121 src1=120 dst=122 latency=7 penalty=0
t=500, issue ve node 911 with op square_fp16_fp16_bf16 src0=193 src1=-1 dst=194 latency=7 penalty=0 half=0
t=501, issue store node 712 mem=56 latency=0
t=501, issue ve node 914 with op square_fp16_fp16_bf16 src0=195 src1=-1 dst=196 latency=7 penalty=0 half=0
t=501, issue load node 1159 gpr=65 mem=100 latency=3
t=502, issue ve node 747 with op mul src0=113 src1=4 dst=114 latency=7 penalty=0 half=0
t=502, issue load node 1157 gpr=64 mem=99 latency=3
t=503, issue sfu node 846 with op sqrt src0=108 src1=-1 dst=109 latency=19 rounds=0 penalty=0 borrow=0
t=503, issue ve node 909 with op reduce_sum_bf16 src0=192 src1=-1 dst=134 latency=12 penalty=0
t=503, issue load node 1161 gpr=66 mem=101 latency=3
t=504, issue ve node 740 with op add src0=108 src1=1 dst=109 latency=7 penalty=0 half=0
t=504, issue scalar node 980 with op mul src0=164 src1=6 dst=165 latency=7 penalty=0
t=505, issue ve node 944 with op sub src0=206 src1=149 dst=209 latency=7 penalty=0 half=0
t=505, issue scalar node 1017 with op mul src0=180 src1=6 dst=181 latency=7 penalty=0
t=506, issue ve node 744 with op add src0=111 src1=3 dst=112 latency=7 penalty=1 half=0
t=507, issue scalar node 881 with op mul_bf16_fp16_fp16 src0=122 src1=6 dst=123 latency=7 penalty=0
t=507, issue ve node 912 with op reduce_sum_bf16 src0=194 src1=-1 dst=135 latency=12 penalty=0
t=508, issue ve node 775 with op mul src0=119 src1=79 dst=125 latency=7 penalty=0 half=0
t=509, issue ve node 748 with op add src0=114 src1=5 dst=115 latency=7 penalty=0 half=0
t=510, issue ve node 779 with op mul src0=121 src1=79 dst=128 latency=7 penalty=0 half=0
t=511, issue store node 741 mem=57 latency=0
t=511, issue ve node 783 with op mul src0=123 src1=79 dst=131 latency=7 penalty=0 half=0
t=512, issue ve node 915 with op reduce_sum_bf16 src0=196 src1=-1 dst=136 latency=12 penalty=0
t=513, issue ve node 812 with op mul src0=137 src1=95 dst=143 latency=7 penalty=0 half=0
t=514, issue store node 745 mem=58 latency=0
t=514, issue ve node 816 with op mul src0=139 src1=95 dst=146 latency=7 penalty=0 half=0
t=515, issue ve node 776 with op mul src0=125 src1=0 dst=126 latency=7 penalty=0 half=0
t=515, issue scalar node 882 with op add src0=123 src1=4 dst=124 latency=7 penalty=0
t=516, issue store node 749 mem=59 latency=0
t=516, issue ve node 820 with op mul src0=141 src1=95 dst=149 latency=7 penalty=0 half=0
t=517, issue ve node 780 with op mul src0=128 src1=2 dst=129 latency=7 penalty=0 half=0
t=518, issue ve node 784 with op mul src0=131 src1=4 dst=132 latency=7 penalty=0 half=0
t=519, issue scalar node 916 with op add_bf16 src0=134 src1=135 dst=137 latency=7 penalty=0
t=519, issue ve node 945 with op square_fp16_fp16_bf16 src0=209 src1=-1 dst=210 latency=7 penalty=0 half=0
t=520, issue ve node 813 with op mul src0=143 src1=0 dst=144 latency=7 penalty=0 half=0
t=521, issue ve node 817 with op mul src0=146 src1=2 dst=147 latency=7 penalty=1 half=0
t=522, issue scalar node 847 with op mul src0=109 src1=5 dst=110 latency=7 penalty=0
t=522, issue sfu node 883 with op sqrt src0=124 src1=-1 dst=125 latency=19 rounds=0 penalty=0 borrow=0
t=522, issue ve node 1049 with op reduce_sum src0=11 src1=-1 dst=193 latency=12 penalty=0
t=523, issue ve node 777 with op add src0=126 src1=1 dst=127 latency=7 penalty=0 half=0
t=524, issue ve node 781 with op add src0=129 src1=3 dst=130 latency=7 penalty=0 half=0
t=525, issue ve node 785 with op add src0=132 src1=5 dst=133 latency=7 penalty=0 half=0
t=526, issue ve node 821 with op mul src0=149 src1=4 dst=150 latency=7 penalty=0 half=0
t=526, issue scalar node 917 with op add_bf16 src0=137 src1=136 dst=138 latency=7 penalty=0
t=527, issue ve node 814 with op add src0=144 src1=1 dst=145 latency=7 penalty=0 half=0
t=528, issue ve node 946 with op reduce_sum_bf16 src0=210 src1=-1 dst=150 latency=12 penalty=0
t=529, issue ve node 818 with op add src0=147 src1=3 dst=148 latency=7 penalty=1 half=0
t=529, issue sfu node 848 with op inv src0=110 src1=-1 dst=111 latency=19 rounds=0 penalty=0 borrow=0
t=530, issue ve node 1047 with op reduce_sum src0=10 src1=-1 dst=192 latency=12 penalty=0
t=531, issue store node 778 mem=60 latency=0
t=531, issue ve node 950 with op sub src0=208 src1=149 dst=213 latency=7 penalty=0 half=0
t=532, issue store node 782 mem=61 latency=0
t=532, issue ve node 947 with op sub src0=207 src1=149 dst=211 latency=7 penalty=0 half=0
t=533, issue store node 786 mem=62 latency=0
t=533, issue scalar node 918 with op mul_bf16_fp16_fp16 src0=138 src1=6 dst=139 latency=7 penalty=0
t=533, issue ve node 981 with op sub src0=224 src1=165 dst=227 latency=7 penalty=0 half=0
t=534, issue store node 815 mem=63 latency=0
t=534, issue ve node 987 with op sub src0=226 src1=165 dst=231 latency=7 penalty=0 half=0
t=535, issue ve node 822 with op add src0=150 src1=5 dst=151 latency=7 penalty=0 half=0
t=536, issue ve node 984 with op sub src0=225 src1=165 dst=229 latency=7 penalty=0 half=0
t=537, issue store node 819 mem=64 latency=0
t=537, issue ve node 1018 with op sub src0=242 src1=181 dst=245 latency=7 penalty=0 half=0
t=538, issue ve node 951 with op square_fp16_fp16_bf16 src0=213 src1=-1 dst=214 latency=7 penalty=0 half=0
t=539, issue ve node 948 with op square_fp16_fp16_bf16 src0=211 src1=-1 dst=212 latency=7 penalty=0 half=0
t=540, issue scalar node 919 with op add src0=139 src1=4 dst=140 latency=7 penalty=0
t=540, issue ve node 982 with op square_fp16_fp16_bf16 src0=227 src1=-1 dst=228 latency=7 penalty=0 half=0
t=541, issue scalar node 884 with op mul src0=125 src1=5 dst=126 latency=7 penalty=0
t=541, issue ve node 988 with op square_fp16_fp16_bf16 src0=231 src1=-1 dst=232 latency=7 penalty=0 half=0
t=542, issue store node 823 mem=65 latency=0
t=542, issue ve node 1024 with op sub src0=244 src1=181 dst=249 latency=7 penalty=0 half=0
t=543, issue ve node 985 with op square_fp16_fp16_bf16 src0=229 src1=-1 dst=230 latency=7 penalty=0 half=0
t=543, issue scalar node 1052 with op add src0=192 src1=193 dst=195 latency=7 penalty=0
t=544, issue ve node 1019 with op square_fp16_fp16_bf16 src0=245 src1=-1 dst=246 latency=7 penalty=0 half=0
t=545, issue ve node 952 with op reduce_sum_bf16 src0=214 src1=-1 dst=152 latency=12 penalty=0
t=546, issue ve node 949 with op reduce_sum_bf16 src0=212 src1=-1 dst=151 latency=12 penalty=0
t=547, issue sfu node 920 with op sqrt src0=140 src1=-1 dst=141 latency=19 rounds=0 penalty=0 borrow=0
t=547, issue ve node 983 with op reduce_sum_bf16 src0=228 src1=-1 dst=166 latency=12 penalty=0
t=548, issue ve node 849 with op mul src0=155 src1=111 dst=161 latency=7 penalty=0 half=0
t=548, issue sfu node 885 with op inv src0=126 src1=-1 dst=127 latency=19 rounds=0 penalty=0 borrow=0
t=549, issue ve node 853 with op mul src0=157 src1=111 dst=164 latency=7 penalty=0 half=0
t=550, issue ve node 857 with op mul src0=159 src1=111 dst=167 latency=7 penalty=0 half=0
t=551, issue ve node 986 with op reduce_sum_bf16 src0=230 src1=-1 dst=167 latency=12 penalty=0
t=551, issue scalar node 1053 with op add src0=195 src1=194 dst=196 latency=7 penalty=0
t=552, issue ve node 989 with op reduce_sum_bf16 src0=232 src1=-1 dst=168 latency=12 penalty=0
t=553, issue ve node 1020 with op reduce_sum_bf16 src0=246 src1=-1 dst=182 latency=12 penalty=0
t=554, issue ve node 1021 with op sub src0=243 src1=181 dst=247 latency=7 penalty=0 half=0
t=555, issue ve node 850 with op mul src0=161 src1=0 dst=162 latency=7 penalty=0 half=0
t=556, issue ve node 854 with op mul src0=164 src1=2 dst=165 latency=7 penalty=0 half=0
t=557, issue ve node 858 with op mul src0=167 src1=4 dst=168 latency=7 penalty=0 half=0
t=558, issue scalar node 953 with op add_bf16 src0=150 src1=151 dst=153 latency=7 penalty=0
t=558, issue ve node 1025 with op square_fp16_fp16_bf16 src0=249 src1=-1 dst=250 latency=7 penalty=0 half=0
t=559, issue ve node 1084 with op reduce_sum src0=28 src1=-1 dst=208 latency=12 penalty=0
t=560, issue scalar node 1054 with op mul src0=196 src1=6 dst=197 latency=7 penalty=0
t=560, issue ve node 1086 with op reduce_sum src0=29 src1=-1 dst=209 latency=12 penalty=0
t=561, issue ve node 1022 with op square_fp16_fp16_bf16 src0=247 src1=-1 dst=248 latency=7 penalty=0 half=0
t=562, issue ve node 851 with op add src0=162 src1=1 dst=163 latency=7 penalty=0 half=0
t=563, issue ve node 855 with op add src0=165 src1=3 dst=166 latency=7 penalty=0 half=0
t=563, issue scalar node 990 with op add_bf16 src0=166 src1=167 dst=169 latency=7 penalty=0
t=564, issue ve node 859 with op add src0=168 src1=5 dst=169 latency=7 penalty=0 half=0
t=565, issue scalar node 954 with op add_bf16 src0=153 src1=152 dst=154 latency=7 penalty=0
t=565, issue ve node 1026 with op reduce_sum_bf16 src0=250 src1=-1 dst=184 latency=12 penalty=0
t=566, issue scalar node 921 with op mul src0=141 src1=5 dst=142 latency=7 penalty=0
t=566, issue ve node 1088 with op reduce_sum src0=30 src1=-1 dst=210 latency=12 penalty=0
t=567, issue ve node 886 with op mul src0=173 src1=127 dst=179 latency=7 penalty=0 half=0
t=568, issue ve node 890 with op mul src0=175 src1=127 dst=182 latency=7 penalty=0 half=0
t=569, issue store node 852 mem=66 latency=0
t=569, issue ve node 894 with op mul src0=177 src1=127 dst=185 latency=7 penalty=0 half=0
t=570, issue store node 856 mem=67 latency=0
t=570, issue scalar node 991 with op add_bf16 src0=169 src1=168 dst=170 latency=7 penalty=0
t=570, issue ve node 1023 with op reduce_sum_bf16 src0=248 src1=-1 dst=183 latency=12 penalty=0
t=571, issue store node 860 mem=68 latency=0
t=571, issue ve node 1055 with op sub src0=10 src1=197 dst=13 latency=7 penalty=0 half=0
t=572, issue scalar node 955 with op mul_bf16_fp16_fp16 src0=154 src1=6 dst=155 latency=7 penalty=0
t=572, issue ve node 1058 with op sub src0=11 src1=197 dst=15 latency=7 penalty=0 half=0
t=573, issue sfu node 922 with op inv src0=142 src1=-1 dst=143 latency=19 rounds=0 penalty=0 borrow=0
t=573, issue ve node 1061 with op sub src0=12 src1=197 dst=17 latency=7 penalty=0 half=0
t=574, issue ve node 887 with op mul src0=179 src1=0 dst=180 latency=7 penalty=0 half=0
t=574, issue scalar node 1089 with op add src0=208 src1=209 dst=211 latency=7 penalty=0
t=575, issue ve node 891 with op mul src0=182 src1=2 dst=183 latency=7 penalty=1 half=0
t=576, issue ve node 1123 with op reduce_sum src0=47 src1=-1 dst=225 latency=12 penalty=0
t=577, issue ve node 895 with op mul src0=185 src1=4 dst=186 latency=7 penalty=0 half=0
t=577, issue scalar node 992 with op mul_bf16_fp16_fp16 src0=170 src1=6 dst=171 latency=7 penalty=0
t=578, issue ve node 1056 with op square_fp16_fp16_bf16 src0=13 src1=-1 dst=14 latency=7 penalty=0 half=0
t=579, issue scalar node 956 with op add src0=155 src1=4 dst=156 latency=7 penalty=0
t=579, issue ve node 1059 with op square_fp16_fp16_bf16 src0=15 src1=-1 dst=16 latency=7 penalty=0 half=0
t=580, issue ve node 1062 with op square_fp16_fp16_bf16 src0=17 src1=-1 dst=18 latency=7 penalty=0 half=0
t=581, issue ve node 888 with op add src0=180 src1=1 dst=181 latency=7 penalty=0 half=0
t=581, issue scalar node 1090 with op add src0=211 src1=210 dst=212 latency=7 penalty=0
t=582, issue scalar node 1027 with op add_bf16 src0=182 src1=183 dst=185 latency=7 penalty=0
t=582, issue ve node 1121 with op reduce_sum src0=46 src1=-1 dst=224 latency=12 penalty=0
t=583, issue ve node 892 with op add src0=183 src1=3 dst=184 latency=7 penalty=1 half=0
t=584, issue scalar node 993 with op add src0=171 src1=4 dst=172 latency=7 penalty=0
t=584, issue ve node 1125 with op reduce_sum src0=48 src1=-1 dst=226 latency=12 penalty=0
t=585, issue ve node 896 with op add src0=186 src1=5 dst=187 latency=7 penalty=0 half=0
t=586, issue sfu node 957 with op sqrt src0=156 src1=-1 dst=157 latency=19 rounds=0 penalty=0 borrow=0
t=586, issue ve node 1057 with op reduce_sum_bf16 src0=14 src1=-1 dst=198 latency=12 penalty=0
t=587, issue ve node 1060 with op reduce_sum_bf16 src0=16 src1=-1 dst=199 latency=12 penalty=0
t=588, issue store node 889 mem=69 latency=0
t=588, issue ve node 1063 with op reduce_sum_bf16 src0=18 src1=-1 dst=200 latency=12 penalty=0
t=588, issue scalar node 1091 with op mul src0=212 src1=6 dst=213 latency=7 penalty=0
t=589, issue ve node 1158 with op reduce_sum src0=64 src1=-1 dst=240 latency=12 penalty=0
t=590, issue scalar node 1028 with op add_bf16 src0=185 src1=184 dst=186 latency=7 penalty=0
t=590, issue ve node 1160 with op reduce_sum src0=65 src1=-1 dst=241 latency=12 penalty=0
t=591, issue store node 893 mem=70 latency=0
t=591, issue sfu node 994 with op sqrt src0=172 src1=-1 dst=173 latency=19 rounds=0 penalty=0 borrow=0
t=591, issue ve node 1162 with op reduce_sum src0=66 src1=-1 dst=242 latency=12 penalty=0
t=592, issue store node 897 mem=71 latency=0
t=592, issue ve node 927 with op mul src0=193 src1=143 dst=200 latency=7 penalty=0 half=0
t=593, issue ve node 923 with op mul src0=191 src1=143 dst=197 latency=7 penalty=0 half=0
t=594, issue ve node 931 with op mul src0=195 src1=143 dst=203 latency=7 penalty=0 half=0
t=594, issue scalar node 1126 with op add src0=224 src1=225 dst=227 latency=7 penalty=0
t=595, issue ve node 1092 with op sub src0=28 src1=213 dst=31 latency=7 penalty=0 half=0
t=596, issue ve node 1095 with op sub src0=29 src1=213 dst=33 latency=7 penalty=0 half=0
t=597, issue scalar node 1029 with op mul_bf16_fp16_fp16 src0=186 src1=6 dst=187 latency=7 penalty=0
t=597, issue ve node 1098 with op sub src0=30 src1=213 dst=35 latency=7 penalty=0 half=0
t=599, issue ve node 928 with op mul src0=200 src1=2 dst=201 latency=7 penalty=0 half=0
t=599, issue scalar node 1064 with op add_bf16 src0=198 src1=199 dst=201 latency=7 penalty=0
t=600, issue ve node 924 with op mul src0=197 src1=0 dst=198 latency=7 penalty=0 half=0
t=601, issue ve node 932 with op mul src0=203 src1=4 dst=204 latency=7 penalty=0 half=0
t=601, issue scalar node 1127 with op add src0=227 src1=226 dst=228 latency=7 penalty=0
t=602, issue ve node 1093 with op square_fp16_fp16_bf16 src0=31 src1=-1 dst=32 latency=7 penalty=0 half=0
t=602, issue scalar node 1163 with op add src0=240 src1=241 dst=243 latency=7 penalty=0
t=603, issue ve node 1096 with op square_fp16_fp16_bf16 src0=33 src1=-1 dst=34 latency=7 penalty=0 half=0
t=604, issue scalar node 1030 with op add src0=187 src1=4 dst=188 latency=7 penalty=0
t=604, issue ve node 1099 with op square_fp16_fp16_bf16 src0=35 src1=-1 dst=36 latency=7 penalty=0 half=0
t=605, issue scalar node 958 with op mul src0=157 src1=5 dst=158 latency=7 penalty=0
t=606, issue ve node 929 with op add src0=201 src1=3 dst=202 latency=7 penalty=0 half=0
t=606, issue scalar node 1065 with op add_bf16 src0=201 src1=200 dst=202 latency=7 penalty=0
t=607, issue ve node 925 with op add src0=198 src1=1 dst=199 latency=7 penalty=0 half=0
t=608, issue ve node 933 with op add src0=204 src1=5 dst=205 latency=7 penalty=0 half=0
t=608, issue scalar node 1128 with op mul src0=228 src1=6 dst=229 latency=7 penalty=0
t=609, issue ve node 1094 with op reduce_sum_bf16 src0=32 src1=-1 dst=214 latency=12 penalty=0
t=609, issue scalar node 1164 with op add src0=243 src1=242 dst=244 latency=7 penalty=0
t=610, issue scalar node 995 with op mul src0=173 src1=5 dst=174 latency=7 penalty=0
t=610, issue ve node 1097 with op reduce_sum_bf16 src0=34 src1=-1 dst=215 latency=12 penalty=0
t=611, issue sfu node 1031 with op sqrt src0=188 src1=-1 dst=189 latency=19 rounds=0 penalty=0 borrow=0
t=611, issue ve node 1100 with op reduce_sum_bf16 src0=36 src1=-1 dst=216 latency=12 penalty=0
t=612, issue sfu node 959 with op inv src0=158 src1=-1 dst=159 latency=19 rounds=0 penalty=0 borrow=0
t=613, issue store node 930 mem=73 latency=0
t=613, issue scalar node 1066 with op mul_bf16_fp16_fp16 src0=202 src1=6 dst=203 latency=7 penalty=0
t=614, issue store node 926 mem=72 latency=0
t=615, issue store node 934 mem=74 latency=0
t=615, issue ve node 1129 with op sub src0=46 src1=229 dst=49 latency=7 penalty=0 half=0
t=616, issue ve node 1132 with op sub src0=47 src1=229 dst=51 latency=7 penalty=0 half=0
t=616, issue scalar node 1165 with op mul src0=244 src1=6 dst=245 latency=7 penalty=0
t=617, issue sfu node 996 with op inv src0=174 src1=-1 dst=175 latency=19 rounds=0 penalty=0 borrow=0
t=617, issue ve node 1135 with op sub src0=48 src1=229 dst=53 latency=7 penalty=0 half=0
t=620, issue scalar node 1067 with op add src0=203 src1=4 dst=204 latency=7 penalty=0
t=622, issue scalar node 1101 with op add_bf16 src0=214 src1=215 dst=217 latency=7 penalty=0
t=622, issue ve node 1130 with op square_fp16_fp16_bf16 src0=49 src1=-1 dst=50 latency=7 penalty=0 half=0
t=623, issue ve node 1133 with op square_fp16_fp16_bf16 src0=51 src1=-1 dst=52 latency=7 penalty=0 half=0
t=624, issue ve node 1136 with op square_fp16_fp16_bf16 src0=53 src1=-1 dst=54 latency=7 penalty=0 half=0
t=625, issue ve node 1166 with op sub src0=64 src1=245 dst=67 latency=7 penalty=0 half=0
t=626, issue ve node 1169 with op sub src0=65 src1=245 dst=69 latency=7 penalty=0 half=0
t=627, issue sfu node 1068 with op sqrt src0=204 src1=-1 dst=205 latency=19 rounds=0 penalty=0 borrow=0
t=627, issue ve node 1172 with op sub src0=66 src1=245 dst=71 latency=7 penalty=0 half=0
t=629, issue scalar node 1102 with op add_bf16 src0=217 src1=216 dst=218 latency=7 penalty=0
t=629, issue ve node 1131 with op reduce_sum_bf16 src0=50 src1=-1 dst=230 latency=12 penalty=0
t=630, issue scalar node 1032 with op mul src0=189 src1=5 dst=190 latency=7 penalty=0
t=630, issue ve node 1134 with op reduce_sum_bf16 src0=52 src1=-1 dst=231 latency=12 penalty=0
t=631, issue ve node 960 with op mul src0=209 src1=159 dst=215 latency=7 penalty=0 half=0
t=632, issue ve node 964 with op mul src0=211 src1=159 dst=218 latency=7 penalty=0 half=0
t=633, issue ve node 968 with op mul src0=213 src1=159 dst=221 latency=7 penalty=0 half=0
t=634, issue ve node 1137 with op reduce_sum_bf16 src0=54 src1=-1 dst=232 latency=12 penalty=0
t=635, issue ve node 1167 with op square_fp16_fp16_bf16 src0=67 src1=-1 dst=68 latency=7 penalty=0 half=0
t=636, issue ve node 997 with op mul src0=227 src1=175 dst=233 latency=7 penalty=0 half=0
t=636, issue scalar node 1103 with op mul_bf16_fp16_fp16 src0=218 src1=6 dst=219 latency=7 penalty=0
t=637, issue ve node 1001 with op mul src0=229 src1=175 dst=236 latency=7 penalty=0 half=0
t=637, issue sfu node 1033 with op inv src0=190 src1=-1 dst=191 latency=19 rounds=0 penalty=0 borrow=0
t=638, issue ve node 961 with op mul src0=215 src1=0 dst=216 latency=7 penalty=0 half=0
t=639, issue ve node 965 with op mul src0=218 src1=2 dst=219 latency=7 penalty=1 half=0
t=641, issue ve node 969 with op mul src0=221 src1=4 dst=222 latency=7 penalty=0 half=0
t=642, issue ve node 1005 with op mul src0=231 src1=175 dst=239 latency=7 penalty=0 half=0
t=643, issue ve node 998 with op mul src0=233 src1=0 dst=234 latency=7 penalty=0 half=0
t=643, issue scalar node 1104 with op add src0=219 src1=4 dst=220 latency=7 penalty=0
t=644, issue ve node 1002 with op mul src0=236 src1=2 dst=237 latency=7 penalty=0 half=0
t=644, issue scalar node 1138 with op add_bf16 src0=230 src1=231 dst=233 latency=7 penalty=0
t=645, issue ve node 962 with op add src0=216 src1=1 dst=217 latency=7 penalty=0 half=0
t=646, issue scalar node 1069 with op mul src0=205 src1=5 dst=206 latency=7 penalty=0
t=646, issue ve node 1168 with op reduce_sum_bf16 src0=68 src1=-1 dst=246 latency=12 penalty=0
t=647, issue ve node 966 with op add src0=219 src1=3 dst=220 latency=7 penalty=1 half=0
t=649, issue ve node 970 with op add src0=222 src1=5 dst=223 latency=7 penalty=0 half=0
t=650, issue ve node 999 with op add src0=234 src1=1 dst=235 latency=7 penalty=0 half=0
t=650, issue sfu node 1105 with op sqrt src0=220 src1=-1 dst=221 latency=19 rounds=0 penalty=0 borrow=0
t=651, issue ve node 1003 with op add src0=237 src1=3 dst=238 latency=7 penalty=0 half=0
t=652, issue store node 963 mem=75 latency=0
t=652, issue ve node 1006 with op mul src0=239 src1=4 dst=240 latency=7 penalty=0 half=0
t=652, issue scalar node 1139 with op add_bf16 src0=233 src1=232 dst=234 latency=7 penalty=0
t=653, issue sfu node 1070 with op inv src0=206 src1=-1 dst=207 latency=19 rounds=0 penalty=0 borrow=0
t=653, issue ve node 1170 with op square_fp16_fp16_bf16 src0=69 src1=-1 dst=70 latency=7 penalty=0 half=0
t=654, issue ve node 1173 with op square_fp16_fp16_bf16 src0=71 src1=-1 dst=72 latency=7 penalty=0 half=0
t=655, issue store node 967 mem=76 latency=0
t=656, issue store node 971 mem=77 latency=0
t=656, issue ve node 1034 with op mul src0=245 src1=191 dst=251 latency=7 penalty=0 half=0
t=657, issue store node 1000 mem=78 latency=0
t=657, issue ve node 1042 with op mul src0=249 src1=191 dst=7 latency=7 penalty=0 half=0
t=658, issue store node 1004 mem=79 latency=0
t=658, issue ve node 1038 with op mul src0=247 src1=191 dst=254 latency=7 penalty=0 half=0
t=659, issue ve node 1007 with op add src0=240 src1=5 dst=241 latency=7 penalty=0 half=0
t=659, issue scalar node 1140 with op mul_bf16_fp16_fp16 src0=234 src1=6 dst=235 latency=7 penalty=0
t=661, issue ve node 1171 with op reduce_sum_bf16 src0=70 src1=-1 dst=247 latency=12 penalty=0
t=662, issue ve node 1174 with op reduce_sum_bf16 src0=72 src1=-1 dst=248 latency=12 penalty=0
t=663, issue ve node 1035 with op mul src0=251 src1=0 dst=252 latency=7 penalty=0 half=0
t=664, issue ve node 1043 with op mul src0=7 src1=4 dst=8 latency=7 penalty=0 half=0
t=665, issue ve node 1039 with op mul src0=254 src1=2 dst=255 latency=7 penalty=1 half=0
t=666, issue store node 1008 mem=80 latency=0
t=666, issue scalar node 1141 with op add src0=235 src1=4 dst=236 latency=7 penalty=0
t=669, issue scalar node 1106 with op mul src0=221 src1=5 dst=222 latency=7 penalty=0
t=670, issue ve node 1036 with op add src0=252 src1=1 dst=253 latency=7 penalty=0 half=0
t=671, issue ve node 1044 with op add src0=8 src1=5 dst=9 latency=7 penalty=0 half=0
t=672, issue ve node 1071 with op mul src0=13 src1=207 dst=19 latency=7 penalty=0 half=0
t=673, issue ve node 1040 with op add src0=255 src1=3 dst=6 latency=7 penalty=1 half=0
t=673, issue sfu node 1142 with op sqrt src0=236 src1=-1 dst=237 latency=19 rounds=0 penalty=0 borrow=0
t=673, issue scalar node 1175 with op add_bf16 src0=246 src1=247 dst=249 latency=7 penalty=0
t=675, issue ve node 1075 with op mul src0=15 src1=207 dst=22 latency=7 penalty=0 half=0
t=676, issue ve node 1079 with op mul src0=17 src1=207 dst=25 latency=7 penalty=0 half=0
t=676, issue sfu node 1107 with op inv src0=222 src1=-1 dst=223 latency=19 rounds=0 penalty=0 borrow=0
t=677, issue store node 1037 mem=81 latency=0
t=678, issue store node 1045 mem=83 latency=0
t=679, issue ve node 1072 with op mul src0=19 src1=0 dst=20 latency=7 penalty=0 half=0
t=680, issue scalar node 1176 with op add_bf16 src0=249 src1=248 dst=250 latency=7 penalty=0
t=681, issue store node 1041 mem=82 latency=0
t=682, issue ve node 1076 with op mul src0=22 src1=2 dst=23 latency=7 penalty=1 half=0
t=684, issue ve node 1080 with op mul src0=25 src1=4 dst=26 latency=7 penalty=0 half=0
t=686, issue ve node 1073 with op add src0=20 src1=1 dst=21 latency=7 penalty=0 half=0
t=687, issue scalar node 1177 with op mul_bf16_fp16_fp16 src0=250 src1=6 dst=251 latency=7 penalty=0
t=690, issue ve node 1077 with op add src0=23 src1=3 dst=24 latency=7 penalty=1 half=0
t=692, issue scalar node 1143 with op mul src0=237 src1=5 dst=238 latency=7 penalty=0
t=692, issue ve node 1081 with op add src0=26 src1=5 dst=27 latency=7 penalty=0 half=0
t=693, issue store node 1074 mem=84 latency=0
t=694, issue scalar node 1178 with op add src0=251 src1=4 dst=252 latency=7 penalty=0
t=695, issue ve node 1108 with op mul src0=31 src1=223 dst=37 latency=7 penalty=0 half=0
t=696, issue ve node 1112 with op mul src0=33 src1=223 dst=40 latency=7 penalty=0 half=0
t=697, issue ve node 1116 with op mul src0=35 src1=223 dst=43 latency=7 penalty=0 half=0
t=698, issue store node 1078 mem=85 latency=0
t=699, issue store node 1082 mem=86 latency=0
t=699, issue sfu node 1144 with op inv src0=238 src1=-1 dst=239 latency=19 rounds=0 penalty=0 borrow=0
t=701, issue sfu node 1179 with op sqrt src0=252 src1=-1 dst=253 latency=19 rounds=0 penalty=0 borrow=0
t=702, issue ve node 1109 with op mul src0=37 src1=0 dst=38 latency=7 penalty=0 half=0
t=703, issue ve node 1113 with op mul src0=40 src1=2 dst=41 latency=7 penalty=0 half=0
t=704, issue ve node 1117 with op mul src0=43 src1=4 dst=44 latency=7 penalty=0 half=0
t=709, issue ve node 1110 with op add src0=38 src1=1 dst=39 latency=7 penalty=0 half=0
t=710, issue ve node 1114 with op add src0=41 src1=3 dst=42 latency=7 penalty=0 half=0
t=711, issue ve node 1118 with op add src0=44 src1=5 dst=45 latency=7 penalty=0 half=0
t=716, issue store node 1111 mem=87 latency=0
t=717, issue store node 1115 mem=88 latency=0
t=718, issue store node 1119 mem=89 latency=0
t=718, issue ve node 1149 with op mul src0=51 src1=239 dst=58 latency=7 penalty=0 half=0
t=719, issue ve node 1145 with op mul src0=49 src1=239 dst=55 latency=7 penalty=0 half=0
t=720, issue scalar node 1180 with op mul src0=253 src1=5 dst=254 latency=7 penalty=0
t=720, issue ve node 1153 with op mul src0=53 src1=239 dst=61 latency=7 penalty=0 half=0
t=725, issue ve node 1150 with op mul src0=58 src1=2 dst=59 latency=7 penalty=1 half=0
t=727, issue ve node 1146 with op mul src0=55 src1=0 dst=56 latency=7 penalty=0 half=0
t=727, issue sfu node 1181 with op inv src0=254 src1=-1 dst=255 latency=19 rounds=0 penalty=0 borrow=0
t=728, issue ve node 1154 with op mul src0=61 src1=4 dst=62 latency=7 penalty=0 half=0
t=733, issue ve node 1151 with op add src0=59 src1=3 dst=60 latency=7 penalty=1 half=0
t=735, issue ve node 1147 with op add src0=56 src1=1 dst=57 latency=7 penalty=0 half=0
t=736, issue ve node 1155 with op add src0=62 src1=5 dst=63 latency=7 penalty=0 half=0
t=741, issue store node 1152 mem=91 latency=0
t=742, issue store node 1148 mem=90 latency=0
t=743, issue store node 1156 mem=92 latency=0
t=746, issue ve node 1182 with op mul src0=67 src1=255 dst=73 latency=7 penalty=0 half=0
t=747, issue ve node 1186 with op mul src0=69 src1=255 dst=76 latency=7 penalty=0 half=0
t=748, issue ve node 1190 with op mul src0=71 src1=255 dst=79 latency=7 penalty=0 half=0
t=753, issue ve node 1183 with op mul src0=73 src1=0 dst=74 latency=7 penalty=0 half=0
t=754, issue ve node 1187 with op mul src0=76 src1=2 dst=77 latency=7 penalty=0 half=0
t=755, issue ve node 1191 with op mul src0=79 src1=4 dst=80 latency=7 penalty=0 half=0
t=760, issue ve node 1184 with op add src0=74 src1=1 dst=75 latency=7 penalty=0 half=0
t=761, issue ve node 1188 with op add src0=77 src1=3 dst=78 latency=7 penalty=0 half=0
t=762, issue ve node 1192 with op add src0=80 src1=5 dst=81 latency=7 penalty=0 half=0
t=767, issue store node 1185 mem=93 latency=0
t=768, issue store node 1189 mem=94 latency=0
t=769, issue store node 1193 mem=95 latency=0
调度完成，周期数 = 771
统计已完成，结果已输出到 /Users/maghu/Desktop/work at school/compress/compress-vliw/analysis_output/layernorm_x32_y768_mode0performance.txt
Saved VE usage to: /Users/maghu/Desktop/work at school/compress/compress-vliw/analysis_output/layernorm_x32_y768_mode0/ve_usage.csv
Saved SFU usage to: /Users/maghu/Desktop/work at school/compress/compress-vliw/analysis_output/layernorm_x32_y768_mode0/sfu_usage.csv
