n: 135
nnz: 665
CSC format: after fill in
Ax: 0.133348 -1.4e-05 -0.066667 0.133342 -0.066667 -9e-06 0.029325 -6.2e-05 -1e-06 -0.029204 -5.8e-05 -1.4e-05 -7.7e-05 0.014197 4.9e-05 -1.7e-05 -0.002168 -0.066667 -0.066667 6e-06 -3.3e-05 0.333351 1e-06 7e-06 -0.029204 -1.8e-05 0 0.862573 -1.8e-05 -0.833333 0.02394 -0.01197 -0.01197 0.133348 -0.066667 -1.4e-05 0.133342 -0.066667 -9e-06 0.028957 -1e-06 -6.3e-05 -0.028832 -6.1e-05 -0.066667 -0.066667 6e-06 0.333351 -3.1e-05 1e-06 5e-06 -0.01197 -1.4e-05 -8.1e-05 4.9e-05 0.014178 0 -1.7e-05 -0.002146 -9e-06 -5e-05 -0.0021 -6.6e-05 -2e-05 -0.01197 0 0.014216 0 0 0 0.02394 -0.01197 -0.01197 0.133348 -1.4e-05 -0.066667 -0.01197 -1.4e-05 0.012001 0 -1.6e-05 0 0.13334 -7e-06 -0.066667 0.006544 -2e-06 -1.6e-05 -0.006525 -7e-06 0.011992 -2e-06 -0.01197 -1.4e-05 -0.066667 0 -0.066667 -1.9e-05 0 0.333352 0 0 0 -0.01197 0 0.857273 -0.01197 0 0 -0.833333 15.0005 -0.000494 -1e-06 -1.8e-05 -1.8e-05 -0.000495 0.002577 -8.3e-05 -0.001001 -0.000997 0.133348 -0.066667 -1.4e-05 -0.066667 0.133342 -0.066667 -9e-06 -0.066667 2e-06 0.000135 -0.066667 -0.066667 0.333653 -0.000234 -0.000223 -0.2 -1.6e-05 -0.001314 -1.4e-05 0.000341 0.01279 0.000183 -0.01197 0.01752 -6e-06 -0.000111 -0.017292 -0.000111 0.133362 -0.066667 -2.9e-05 -0.066667 0.133351 -0.066667 -1.8e-05 -0.066667 1.5e-05 -0.066667 -0.066667 0.33337 -2.6e-05 0 -2.6e-05 -0.2 -0.000138 -2.9e-05 0.000108 0.025372 -3.5e-05 -0.001338 -0.02394 0.133348 -1.4e-05 -0.066667 -1.4e-05 0.012001 0 -1.6e-05 0.13334 -0.066667 -6e-06 0.006554 -9e-06 -1e-05 -0.006535 -0.066667 0 -0.066667 -1.9e-05 0.333352 0 0 -6e-06 -1e-05 0.012 -0.01197 -1.4e-05 -0.01197 0.869243 0 -0.02394 -0.833333 -1.6e-05 -0.006535 0 -1.4e-05 0 0.839898 -0.833333 0 0 1 -0.833333 2.08333 1 -0.416667 0 0 -0.833333 -0.017292 0 -3.6e-05 -0.416667 0.43403 -3.6e-05 0 -0.000105 -1.8e-05 -0.000138 -0.001231 -0.02394 0 0 -3.6e-05 0.025468 0 0 0.133348 -1.4e-05 -0.066667 -1.4e-05 0.012001 0 -1.6e-05 0.006551 -1.9e-05 -0.006532 0.13334 -0.066667 -7e-06 -0.066667 0 -1.9e-05 -0.066667 0.333352 0 0 -7e-06 0 0.01199 -0.01197 -1.4e-05 -0.01197 0.02394 -0.01197 0 0.133344 -0.066667 -1.1e-05 0.13334 -0.066667 -7e-06 -0.066667 -0.066667 0.333344 -1e-05 0 0 -1e-05 0.003722 1e-06 -1e-06 -0.003712 -7e-06 0 0 0.011994 0 -1.7e-05 -0.01197 -0.01197 -1.1e-05 0 0 -1e-06 0.011999 0 -1.7e-05 0 -1.6e-05 -0.006532 0 -1.4e-05 0 0 0.839895 -0.833333 0 0 -0.833333 1 2.08333 -0.416667 -0.833333 0 0 1 15.0005 -0.000478 -1e-06 -1.8e-05 -1.8e-05 -0.000479 0.002551 -8.8e-05 -0.000996 -0.000989 0.133348 -0.066667 -1.4e-05 -0.066667 0.133342 -0.066667 -8e-06 -0.066667 2e-06 0.000133 -0.066667 -0.066667 0.333641 -0.00023 -0.000213 -0.2 -1.6e-05 -0.001344 -1.4e-05 0.000331 0.012809 0.000204 -0.01197 -2.2e-05 -0.000862 -8e-06 -0.00055 0.000419 0.012994 0 -0.01197 0.133348 -1.4e-05 -0.066667 -1.4e-05 0.012001 0 -1.6e-05 0.13334 -0.066667 -6e-06 0.006553 -1e-05 -9e-06 -0.006535 -0.066667 0 -0.066667 -1.9e-05 0.333352 0 0 -6e-06 -9e-06 0.011999 -0.01197 -1.4e-05 -0.01197 0.869243 -0.833333 -0.02394 0 0.133348 -1.4e-05 -0.066667 0.133342 -0.066667 -9e-06 0.029318 -7.2e-05 -2e-06 -0.029171 -7.3e-05 -1.4e-05 -0.000105 0.014252 5.2e-05 -1.5e-05 -0.002199 -0.066667 -0.066667 6e-06 -1.5e-05 0.333352 3e-06 -1.2e-05 -0.833333 -0.029171 -1.8e-05 0 0.862539 0 0 -1.8e-05 0.017469 -6e-06 -0.00011 -0.000111 -0.017241 0.133362 -0.066667 -2.9e-05 -0.066667 0.133351 -0.066667 -1.8e-05 -0.066667 1.5e-05 -0.066667 -0.066667 0.33337 -2.9e-05 -2.3e-05 0 -0.2 -0.000138 -2.9e-05 0.000107 0.025367 -0.001332 -3.5e-05 -0.02394 -0.02394 0 -0.000104 -1.8e-05 -0.000138 -0.001223 0.025459 -3.6e-05 0 0 0 -0.416667 -0.017241 0 -3.6e-05 -3.6e-05 0.433979 0 0 0 -0.833333 -1.6e-05 -0.006535 0 -1.4e-05 0 0 0 0 0.839898 0 0 -0.833333 0 0 0 -0.003712 -1.7e-05 -1.7e-05 0 0 0.83708 0 0 -0.01197 -2.2e-05 -0.000903 -9e-06 -0.000577 0.000447 0.013034 0 0 0 0 -1.6e-05 -0.006525 -1.4e-05 0 0 -0.833333 0 0.839889 0 0 0 -0.01197 0 0 0 -9e-06 -4.8e-05 -0.002163 -6.9e-05 -2.2e-05 0 0 0 0 0 0.014281 0 0 -0.028832 0 -1.8e-05 0 -0.833333 0 0 0 0.862201 -1.8e-05 0 0 0.03591 -0.01197 -0.02394 0.133348 -0.066667 -1.4e-05 0.13334 -0.066667 -6e-06 -0.066667 -0.066667 0.333351 0 -1.8e-05 0 -1.4e-05 0 0.012003 0 -1.7e-05 -2e-06 -1.3e-05 -1e-06 0.006581 -0.006563 -4e-06 -1.7e-05 -0.006563 0.839926 -1.4e-05 -0.833333 -0.01197 -6e-06 -5e-06 0 0 -1.4e-05 0.011995 0 0 -0.833333 0 1.28621 -0.02394 -0.01197 -0.416667 0 7.50066 -0.000587 -1e-06 -3.6e-05 -3.3e-05 -0.00059 0.003945 -0.000661 -0.001637 -0.001057 0.133362 -0.066667 -2.9e-05 -0.066667 0.133346 -0.066667 -1.3e-05 -0.066667 4e-06 0.000191 -0.066667 -0.066667 0.333777 -0.000401 -0.000238 -0.2 -3.8e-05 -0.003547 -2.9e-05 0.00022 0.026043 0.00129 -0.02394 -0.02394 -3.3e-05 -3e-06 -1.3e-05 -1e-06 -1e-06 0.02399 0 0 0 0 -9e-06 -5.1e-05 -6.6e-05 -0.002082 0 -2e-05 -0.01197 0 0.014198 0 0 0 0 0.017634 -4e-06 -0.000111 -0.017409 -0.000111 0.133362 -0.066667 -2.9e-05 -0.066667 0.133351 -0.066667 -1.8e-05 -0.066667 1.5e-05 -0.066667 -0.066667 0.33337 -2.6e-05 0 -2.6e-05 -0.2 -0.000135 -2.9e-05 0.000105 0.025376 -3.6e-05 -0.001342 -0.02394 -0.416667 0 0 -0.017409 0 -3.6e-05 0.434147 -3.6e-05 0 0 -0.02394 0 0 0 0 -0.000105 -1.8e-05 -0.000138 -0.001235 -3.6e-05 0.025471 0 0 0.03591 -0.01197 -0.02394 0.133348 -1.4e-05 -0.066667 0.133342 -0.066667 -9e-06 0.029756 -6.1e-05 -1e-06 -0.029634 -6.1e-05 -1.4e-05 -7.9e-05 0.014246 5e-05 -1.7e-05 -0.002216 -0.066667 -0.066667 6e-06 -1.4e-05 0.333352 1e-06 -1.2e-05 -0.029634 -1.8e-05 0 0.863003 -1.8e-05 -0.833333 -0.01197 -9e-06 -5e-05 -0.002169 -6.8e-05 -2e-05 0.014285 0 0 0.004277 -0.004243 -1.9e-05 1.7e-05 -3.2e-05 -0.004243 0.420971 -0.416667 -3.4e-05 -2.7e-05 0 0.133362 -0.066667 -2.9e-05 -0.066667 0.133346 -0.066667 -1.3e-05 -0.066667 1 -0.833333 0 -0.01197 0 0 0 -0.01197 0 0 0 0 0 -0.833333 0 -0.416667 0 2.10737 0 0 0 -1e-06 -3.4e-05 -2.9e-05 -0.02394 0 0.024027 -2.4e-05 1e-06 -0.02394 0 -2.7e-05 -1.3e-05 0 0 0 0.023982 -2e-06 -3.3e-05 0 -0.066667 -0.066667 -0.2 0 -5e-06 5e-06 0.333367 -0.066667 -0.066667 -0.2 -0.01197 -0.066667 -0.066667 -0.2 -0.02394 0 0 -0.066667 -0.066667 -0.2 -0.01197 0 -0.066667 -0.066667 -0.2 -0.02394 0 0 0 0 0 0 0 0 -0.066667 -0.066667 -0.2 -0.02394 0 0 -0.066667 -0.066667 -0.2 -0.02394 0 0 -0.066667 -0.066667 2.47697 0 -0.02394 0 -0.2 1 
Ai: 0 3 4 1 4 12 2 3 4 5 12 0 2 3 4 5 12 0 1 2 3 4 5 12 2 3 4 5 12 130 6 11 12 7 10 11 8 10 109 9 10 11 92 109 7 8 9 10 11 92 109 6 7 9 10 11 12 92 109 1 2 3 4 5 6 11 12 92 109 130 13 15 91 14 15 19 13 14 15 19 90 91 16 18 19 17 18 19 90 16 18 19 20 90 14 15 16 17 18 19 20 90 91 18 19 20 89 90 91 92 21 22 25 26 89 21 22 25 26 89 23 25 26 129 24 25 89 129 21 22 23 24 25 26 89 129 21 22 23 25 26 89 129 27 30 31 42 43 28 30 31 129 29 30 43 129 27 28 29 30 31 42 43 129 27 28 30 31 42 43 129 32 33 36 32 33 36 39 34 36 37 35 36 37 39 32 33 34 35 36 37 39 34 36 37 38 39 37 38 39 43 88 33 35 36 37 38 39 40 43 88 40 39 40 41 42 43 88 90 27 30 31 40 42 43 129 27 29 30 31 38 39 40 42 43 88 129 44 45 48 44 45 48 57 46 48 57 47 48 49 44 45 46 47 48 49 57 47 48 49 50 57 49 50 56 57 51 53 56 52 53 55 51 52 53 54 55 56 53 54 55 56 88 52 53 54 55 56 88 130 50 51 53 54 55 56 57 88 130 45 46 48 49 50 56 57 59 88 130 57 58 59 86 87 88 130 59 60 61 64 65 66 60 61 64 65 66 62 64 65 129 63 64 66 129 60 61 62 63 64 65 66 129 60 61 62 64 65 66 129 60 61 63 64 65 66 129 130 67 68 71 67 68 71 87 69 71 72 70 71 72 87 67 68 69 70 71 72 87 69 71 72 73 87 72 73 79 85 87 74 77 78 75 78 91 76 77 78 79 91 74 76 77 78 79 91 74 75 76 77 78 79 91 73 76 77 78 79 85 87 91 80 83 84 85 86 81 83 84 129 82 83 85 129 80 81 82 83 84 85 86 129 80 81 83 84 85 86 129 73 79 80 82 83 84 85 86 87 91 129 59 80 83 84 85 86 87 91 129 59 68 70 71 72 73 79 85 86 87 91 129 38 39 40 43 54 55 56 57 59 88 129 130 20 21 22 24 25 26 89 90 91 92 129 15 17 18 19 20 40 89 90 91 92 129 13 15 19 20 75 76 77 78 79 85 86 87 89 90 91 92 129 9 10 11 12 20 89 90 91 92 109 129 130 93 100 116 94 96 97 95 96 100 94 95 96 97 98 100 94 96 97 98 99 100 96 97 98 99 100 97 98 99 100 101 93 95 96 97 98 99 100 101 116 99 100 101 108 109 115 116 102 103 106 107 108 102 103 106 107 108 104 106 107 129 105 106 108 129 102 103 104 105 106 107 108 129 102 103 104 106 107 108 129 101 102 103 105 106 107 108 109 115 116 129 8 9 10 11 12 92 101 108 109 115 116 129 130 110 113 114 115 116 111 113 114 129 112 113 116 129 110 111 112 113 114 115 116 129 110 111 113 114 115 116 129 101 108 109 110 113 114 115 116 129 130 93 100 101 108 109 110 112 113 114 115 116 129 130 117 124 132 118 121 122 119 122 124 120 121 122 123 124 118 120 121 122 123 124 118 119 120 121 122 123 124 120 121 122 123 124 130 117 119 120 121 122 123 124 130 132 125 126 131 132 133 125 126 130 131 132 133 127 129 131 133 128 129 132 133 129 5 12 55 56 57 59 66 88 92 109 115 116 123 124 126 129 130 131 132 133 125 126 127 129 130 131 132 133 117 124 126 128 129 130 131 132 133 125 126 127 128 129 130 131 132 133 23 24 25 26 28 29 30 31 42 43 62 63 64 65 66 81 82 83 84 85 86 87 88 89 90 91 92 104 105 106 107 108 109 111 112 113 114 115 116 127 128 129 130 131 132 133 134 
Ap: 0 3 6 11 17 24 30 33 36 39 44 51 59 70 73 76 82 85 89 94 103 110 115 120 124 128 136 143 148 152 156 164 171 174 178 181 185 192 197 202 211 212 219 226 237 240 244 247 250 257 262 266 269 272 278 283 290 299 309 316 317 322 327 331 335 343 350 358 361 365 368 372 379 384 389 392 395 400 406 413 421 426 430 434 442 449 460 469 481 493 504 515 532 544 547 550 553 559 565 570 575 584 591 596 601 605 609 617 624 635 648 653 657 661 669 676 686 699 702 705 708 713 719 726 732 741 746 752 756 760 761 781 789 798 807 854 
CAd_fill: 0 3 6 13 21 27 30 33 36 39 47 55 66 70 73 78 82 85 90 99 105 110 116 120 124 132 140 143 148 152 159 167 171 175 178 181 189 194 198 207 211 214 223 234 237 241 244 247 254 259 263 266 269 274 279 286 295 305 310 316 317 323 327 331 339 347 355 358 362 365 368 376 381 385 389 392 395 402 410 417 421 426 430 437 445 455 465 478 490 499 511 529 540 544 547 550 555 561 567 572 581 586 591 597 601 605 613 621 630 643 648 653 657 664 672 682 696 699 702 705 708 715 723 729 738 741 747 752 756 760 777 786 796 806 853 
div count is 357
ms count is 1009
div + ms count is 1366 the ideal cycle is 86
flops: 2375
SUCCESS: 初始化inst!
SUCCESS: 分配ocp!
SUCCESS: 分配ocp!
SUCCESS: Build Graph!
SUCCESS: Initialize waiting list!
SUCCESS: add ok to do list at time 0
SUCCESS: schedule at time0
SUCCESS: add waiting list
SUCCESS: add ok to do list at time 1
SUCCESS: schedule at time 1
newly_valid list is: 
SUCCESS: add waiting list
SUCCESS: add ok to do list at time 2
SUCCESS: schedule at time 2
newly_valid list is: 
SUCCESS: add waiting list
SUCCESS: add ok to do list at time 3
SUCCESS: schedule at time 3
newly_valid list is: 
SUCCESS: add waiting list
SUCCESS: add ok to do list at time 4
SUCCESS: schedule at time 4
newly_valid list is: 
SUCCESS: add waiting list
SUCCESS: add ok to do list at time 5
SUCCESS: schedule at time 5
newly_valid list is: 
SUCCESS: add waiting list
SUCCESS: add ok to do list at time 6
SUCCESS: schedule at time 6
newly_valid list is: 
SUCCESS: add waiting list
SUCCESS: add ok to do list at time 7
SUCCESS: schedule at time 7
newly_valid list is: 
SUCCESS: add waiting list
SUCCESS: add ok to do list at time 8
SUCCESS: schedule at time 8
newly_valid list is: 
SUCCESS: add waiting list
SUCCESS: add ok to do list at time 9
SUCCESS: schedule at time 9
newly_valid list is: 
SUCCESS: add waiting list
SUCCESS: add ok to do list at time 10
SUCCESS: schedule at time 10
newly_valid list is: 
SUCCESS: add waiting list
SUCCESS: add ok to do list at time 11
SUCCESS: schedule at time 11
newly_valid list is: 
SUCCESS: add waiting list
SUCCESS: add ok to do list at time 12
SUCCESS: schedule at time 12
newly_valid list is: 
SUCCESS: add waiting list
SUCCESS: add ok to do list at time 13
SUCCESS: schedule at time 13
newly_valid list is: 
SUCCESS: add waiting list
SUCCESS: add ok to do list at time 14
SUCCESS: schedule at time 14
newly_valid list is: 
SUCCESS: add waiting list
SUCCESS: add ok to do list at time 15
SUCCESS: schedule at time 15
newly_valid list is: 
SUCCESS: add waiting list
SUCCESS: add ok to do list at time 16
SUCCESS: schedule at time 16
newly_valid list is: 
SUCCESS: add waiting list
SUCCESS: add ok to do list at time 17
SUCCESS: schedule at time 17
newly_valid list is: 
SUCCESS: add waiting list
SUCCESS: add ok to do list at time 18
SUCCESS: schedule at time 18
newly_valid list is: 
SUCCESS: add waiting list
SUCCESS: add ok to do list at time 19
SUCCESS: schedule at time 19
newly_valid list is: 
SUCCESS: add waiting list
SUCCESS: add ok to do list at time 20
SUCCESS: schedule at time 20
newly_valid list is: 
SUCCESS: add waiting list
SUCCESS: add ok to do list at time 21
SUCCESS: schedule at time 21
newly_valid list is: 
SUCCESS: add waiting list
SUCCESS: add ok to do list at time 22
SUCCESS: schedule at time 22
newly_valid list is: 
SUCCESS: add waiting list
SUCCESS: add ok to do list at time 23
SUCCESS: schedule at time 23
newly_valid list is: 
SUCCESS: add waiting list
SUCCESS: add ok to do list at time 24
SUCCESS: schedule at time 24
newly_valid list is: 
SUCCESS: add waiting list
SUCCESS: add ok to do list at time 25
SUCCESS: schedule at time 25
newly_valid list is: 
SUCCESS: add waiting list
SUCCESS: add ok to do list at time 26
SUCCESS: schedule at time 26
newly_valid list is: 
SUCCESS: add waiting list
SUCCESS: add ok to do list at time 27
SUCCESS: schedule at time 27
newly_valid list is: 
SUCCESS: add waiting list
SUCCESS: add ok to do list at time 28
SUCCESS: schedule at time 28
newly_valid list is: 
SUCCESS: add waiting list
SUCCESS: add ok to do list at time 29
SUCCESS: schedule at time 29
newly_valid list is: 
SUCCESS: add waiting list
SUCCESS: add ok to do list at time 30
SUCCESS: schedule at time 30
newly_valid list is: 
SUCCESS: add waiting list
SUCCESS: add ok to do list at time 31
SUCCESS: schedule at time 31
newly_valid list is: 
SUCCESS: add waiting list
SUCCESS: add ok to do list at time 32
SUCCESS: schedule at time 32
newly_valid list is: 
SUCCESS: add waiting list
SUCCESS: add ok to do list at time 33
SUCCESS: schedule at time 33
newly_valid list is: 
SUCCESS: add waiting list
SUCCESS: add ok to do list at time 34
SUCCESS: schedule at time 34
newly_valid list is: 
SUCCESS: add waiting list
SUCCESS: add ok to do list at time 35
SUCCESS: schedule at time 35
newly_valid list is: 
SUCCESS: add waiting list
SUCCESS: add ok to do list at time 36
SUCCESS: schedule at time 36
newly_valid list is: 
SUCCESS: add waiting list
SUCCESS: add ok to do list at time 37
SUCCESS: schedule at time 37
newly_valid list is: 
SUCCESS: add waiting list
SUCCESS: add ok to do list at time 38
SUCCESS: schedule at time 38
newly_valid list is: 
SUCCESS: add waiting list
SUCCESS: add ok to do list at time 39
SUCCESS: schedule at time 39
newly_valid list is: 
SUCCESS: add waiting list
SUCCESS: add ok to do list at time 40
SUCCESS: schedule at time 40
newly_valid list is: 
SUCCESS: add waiting list
SUCCESS: add ok to do list at time 41
SUCCESS: schedule at time 41
newly_valid list is: 
SUCCESS: add waiting list
SUCCESS: add ok to do list at time 42
SUCCESS: schedule at time 42
newly_valid list is: 
SUCCESS: add waiting list
SUCCESS: add ok to do list at time 43
SUCCESS: schedule at time 43
newly_valid list is: 
SUCCESS: add waiting list
SUCCESS: add ok to do list at time 44
SUCCESS: schedule at time 44
newly_valid list is: 
SUCCESS: add waiting list
SUCCESS: add ok to do list at time 45
SUCCESS: schedule at time 45
newly_valid list is: 
SUCCESS: add waiting list
SUCCESS: add ok to do list at time 46
SUCCESS: schedule at time 46
newly_valid list is: 
SUCCESS: add waiting list
SUCCESS: add ok to do list at time 47
SUCCESS: schedule at time 47
newly_valid list is: 
SUCCESS: add waiting list
SUCCESS: add ok to do list at time 48
SUCCESS: schedule at time 48
newly_valid list is: 
SUCCESS: add waiting list
SUCCESS: add ok to do list at time 49
SUCCESS: schedule at time 49
newly_valid list is: 
SUCCESS: add waiting list
SUCCESS: add ok to do list at time 50
SUCCESS: schedule at time 50
newly_valid list is: 
SUCCESS: add waiting list
SUCCESS: add ok to do list at time 51
SUCCESS: schedule at time 51
newly_valid list is: 
SUCCESS: add waiting list
SUCCESS: add ok to do list at time 52
SUCCESS: schedule at time 52
newly_valid list is: 
SUCCESS: add waiting list
SUCCESS: add ok to do list at time 53
SUCCESS: schedule at time 53
newly_valid list is: 
SUCCESS: add waiting list
SUCCESS: add ok to do list at time 54
SUCCESS: schedule at time 54
newly_valid list is: 
SUCCESS: add waiting list
SUCCESS: add ok to do list at time 55
SUCCESS: schedule at time 55
newly_valid list is: 
SUCCESS: add waiting list
SUCCESS: add ok to do list at time 56
SUCCESS: schedule at time 56
newly_valid list is: 
SUCCESS: add waiting list
SUCCESS: add ok to do list at time 57
SUCCESS: schedule at time 57
newly_valid list is: 
SUCCESS: add waiting list
SUCCESS: add ok to do list at time 58
SUCCESS: schedule at time 58
newly_valid list is: 
SUCCESS: add waiting list
SUCCESS: add ok to do list at time 59
SUCCESS: schedule at time 59
newly_valid list is: 
SUCCESS: add waiting list
SUCCESS: add ok to do list at time 60
SUCCESS: schedule at time 60
newly_valid list is: 
SUCCESS: add waiting list
SUCCESS: add ok to do list at time 61
SUCCESS: schedule at time 61
newly_valid list is: 
SUCCESS: add waiting list
SUCCESS: add ok to do list at time 62
SUCCESS: schedule at time 62
newly_valid list is: 
SUCCESS: add waiting list
SUCCESS: add ok to do list at time 63
SUCCESS: schedule at time 63
newly_valid list is: 
SUCCESS: add waiting list
SUCCESS: add ok to do list at time 64
SUCCESS: schedule at time 64
newly_valid list is: 
SUCCESS: add waiting list
SUCCESS: add ok to do list at time 65
SUCCESS: schedule at time 65
newly_valid list is: 
SUCCESS: add waiting list
SUCCESS: add ok to do list at time 66
SUCCESS: schedule at time 66
newly_valid list is: 
SUCCESS: add waiting list
SUCCESS: add ok to do list at time 67
SUCCESS: schedule at time 67
newly_valid list is: 
SUCCESS: add waiting list
SUCCESS: add ok to do list at time 68
SUCCESS: schedule at time 68
newly_valid list is: 
SUCCESS: add waiting list
SUCCESS: add ok to do list at time 69
SUCCESS: schedule at time 69
newly_valid list is: 
SUCCESS: add waiting list
SUCCESS: add ok to do list at time 70
SUCCESS: schedule at time 70
newly_valid list is: 
SUCCESS: add waiting list
SUCCESS: add ok to do list at time 71
SUCCESS: schedule at time 71
newly_valid list is: 
SUCCESS: add waiting list
SUCCESS: add ok to do list at time 72
SUCCESS: schedule at time 72
newly_valid list is: 
SUCCESS: add waiting list
SUCCESS: add ok to do list at time 73
SUCCESS: schedule at time 73
newly_valid list is: 
SUCCESS: add waiting list
SUCCESS: add ok to do list at time 74
SUCCESS: schedule at time 74
newly_valid list is: 
SUCCESS: add waiting list
SUCCESS: add ok to do list at time 75
SUCCESS: schedule at time 75
newly_valid list is: 
SUCCESS: add waiting list
SUCCESS: add ok to do list at time 76
SUCCESS: schedule at time 76
newly_valid list is: 
SUCCESS: add waiting list
SUCCESS: add ok to do list at time 77
SUCCESS: schedule at time 77
newly_valid list is: 
SUCCESS: add waiting list
SUCCESS: add ok to do list at time 78
SUCCESS: schedule at time 78
newly_valid list is: 
SUCCESS: add waiting list
SUCCESS: add ok to do list at time 79
SUCCESS: schedule at time 79
newly_valid list is: 
SUCCESS: add waiting list
SUCCESS: add ok to do list at time 80
SUCCESS: schedule at time 80
newly_valid list is: 
SUCCESS: add waiting list
SUCCESS: add ok to do list at time 81
SUCCESS: schedule at time 81
newly_valid list is: 
SUCCESS: add waiting list
SUCCESS: add ok to do list at time 82
SUCCESS: schedule at time 82
newly_valid list is: 
SUCCESS: add waiting list
SUCCESS: add ok to do list at time 83
SUCCESS: schedule at time 83
newly_valid list is: 
SUCCESS: add waiting list
SUCCESS: add ok to do list at time 84
SUCCESS: schedule at time 84
newly_valid list is: 
SUCCESS: add waiting list
SUCCESS: add ok to do list at time 85
SUCCESS: schedule at time 85
newly_valid list is: 
SUCCESS: add waiting list
SUCCESS: add ok to do list at time 86
SUCCESS: schedule at time 86
newly_valid list is: 
SUCCESS: add waiting list
SUCCESS: add ok to do list at time 87
SUCCESS: schedule at time 87
newly_valid list is: 
SUCCESS: add waiting list
SUCCESS: add ok to do list at time 88
SUCCESS: schedule at time 88
newly_valid list is: 
SUCCESS: add waiting list
SUCCESS: add ok to do list at time 89
SUCCESS: schedule at time 89
newly_valid list is: 
SUCCESS: add waiting list
SUCCESS: add ok to do list at time 90
SUCCESS: schedule at time 90
newly_valid list is: 
SUCCESS: add waiting list
SUCCESS: add ok to do list at time 91
SUCCESS: schedule at time 91
newly_valid list is: 
SUCCESS: add waiting list
SUCCESS: add ok to do list at time 92
SUCCESS: schedule at time 92
newly_valid list is: 
SUCCESS: add waiting list
SUCCESS: add ok to do list at time 93
SUCCESS: schedule at time 93
newly_valid list is: 
SUCCESS: add waiting list
SUCCESS: add ok to do list at time 94
SUCCESS: schedule at time 94
newly_valid list is: 
SUCCESS: add waiting list
SUCCESS: add ok to do list at time 95
SUCCESS: schedule at time 95
newly_valid list is: 
SUCCESS: add waiting list
SUCCESS: add ok to do list at time 96
SUCCESS: schedule at time 96
newly_valid list is: 
SUCCESS: add waiting list
SUCCESS: add ok to do list at time 97
SUCCESS: schedule at time 97
newly_valid list is: 
SUCCESS: add waiting list
SUCCESS: add ok to do list at time 98
SUCCESS: schedule at time 98
newly_valid list is: 
SUCCESS: add waiting list
SUCCESS: add ok to do list at time 99
SUCCESS: schedule at time 99
newly_valid list is: 
SUCCESS: add waiting list
SUCCESS: add ok to do list at time 100
SUCCESS: schedule at time 100
newly_valid list is: 
SUCCESS: add waiting list
SUCCESS: add ok to do list at time 101
SUCCESS: schedule at time 101
newly_valid list is: 
SUCCESS: add waiting list
SUCCESS: add ok to do list at time 102
SUCCESS: schedule at time 102
newly_valid list is: 
SUCCESS: add waiting list
SUCCESS: add ok to do list at time 103
SUCCESS: schedule at time 103
newly_valid list is: 
SUCCESS: add waiting list
SUCCESS: add ok to do list at time 104
SUCCESS: schedule at time 104
newly_valid list is: 
SUCCESS: add waiting list
SUCCESS: add ok to do list at time 105
SUCCESS: schedule at time 105
newly_valid list is: 
SUCCESS: add waiting list
SUCCESS: add ok to do list at time 106
SUCCESS: schedule at time 106
newly_valid list is: 
SUCCESS: add waiting list
SUCCESS: add ok to do list at time 107
SUCCESS: schedule at time 107
newly_valid list is: 
SUCCESS: add waiting list
SUCCESS: add ok to do list at time 108
SUCCESS: schedule at time 108
newly_valid list is: 
SUCCESS: add waiting list
SUCCESS: add ok to do list at time 109
SUCCESS: schedule at time 109
newly_valid list is: 
SUCCESS: add waiting list
SUCCESS: add ok to do list at time 110
SUCCESS: schedule at time 110
newly_valid list is: 
SUCCESS: add waiting list
SUCCESS: add ok to do list at time 111
SUCCESS: schedule at time 111
newly_valid list is: 
SUCCESS: add waiting list
SUCCESS: add ok to do list at time 112
SUCCESS: schedule at time 112
newly_valid list is: 
SUCCESS: add waiting list
SUCCESS: add ok to do list at time 113
SUCCESS: schedule at time 113
newly_valid list is: 
SUCCESS: add waiting list
SUCCESS: add ok to do list at time 114
SUCCESS: schedule at time 114
newly_valid list is: 
SUCCESS: add waiting list
SUCCESS: add ok to do list at time 115
SUCCESS: schedule at time 115
newly_valid list is: 
SUCCESS: add waiting list
SUCCESS: add ok to do list at time 116
SUCCESS: schedule at time 116
newly_valid list is: 
SUCCESS: add waiting list
SUCCESS: add ok to do list at time 117
SUCCESS: schedule at time 117
newly_valid list is: 
SUCCESS: add waiting list
SUCCESS: add ok to do list at time 118
SUCCESS: schedule at time 118
newly_valid list is: 
SUCCESS: add waiting list
SUCCESS: add ok to do list at time 119
SUCCESS: schedule at time 119
newly_valid list is: 
SUCCESS: add waiting list
SUCCESS: add ok to do list at time 120
SUCCESS: schedule at time 120
newly_valid list is: 
SUCCESS: add waiting list
SUCCESS: add ok to do list at time 121
SUCCESS: schedule at time 121
newly_valid list is: 
SUCCESS: add waiting list
SUCCESS: add ok to do list at time 122
SUCCESS: schedule at time 122
newly_valid list is: 
SUCCESS: add waiting list
SUCCESS: add ok to do list at time 123
SUCCESS: schedule at time 123
newly_valid list is: 
SUCCESS: add waiting list
SUCCESS: add ok to do list at time 124
SUCCESS: schedule at time 124
newly_valid list is: 
SUCCESS: add waiting list
SUCCESS: add ok to do list at time 125
SUCCESS: schedule at time 125
newly_valid list is: 
SUCCESS: add waiting list
SUCCESS: add ok to do list at time 126
SUCCESS: schedule at time 126
newly_valid list is: 
SUCCESS: add waiting list
SUCCESS: add ok to do list at time 127
SUCCESS: schedule at time 127
newly_valid list is: 
SUCCESS: add waiting list
SUCCESS: add ok to do list at time 128
SUCCESS: schedule at time 128
newly_valid list is: 
SUCCESS: add waiting list
SUCCESS: add ok to do list at time 129
SUCCESS: schedule at time 129
newly_valid list is: 
SUCCESS: add waiting list
SUCCESS: add ok to do list at time 130
SUCCESS: schedule at time 130
newly_valid list is: 
SUCCESS: add waiting list
SUCCESS: add ok to do list at time 131
SUCCESS: schedule at time 131
newly_valid list is: 
SUCCESS: add waiting list
SUCCESS: add ok to do list at time 132
SUCCESS: schedule at time 132
newly_valid list is: 
SUCCESS: add waiting list
SUCCESS: add ok to do list at time 133
SUCCESS: schedule at time 133
newly_valid list is: 
SUCCESS: add waiting list
SUCCESS: add ok to do list at time 134
SUCCESS: schedule at time 134
newly_valid list is: 
SUCCESS: add waiting list
SUCCESS: add ok to do list at time 135
SUCCESS: schedule at time 135
newly_valid list is: 
SUCCESS: add waiting list
SUCCESS: add ok to do list at time 136
SUCCESS: schedule at time 136
newly_valid list is: 
SUCCESS: add waiting list
SUCCESS: add ok to do list at time 137
SUCCESS: schedule at time 137
newly_valid list is: 
SUCCESS: add waiting list
SUCCESS: add ok to do list at time 138
SUCCESS: schedule at time 138
newly_valid list is: 
SUCCESS: add waiting list
SUCCESS: add ok to do list at time 139
SUCCESS: schedule at time 139
newly_valid list is: 
SUCCESS: add waiting list
SUCCESS: add ok to do list at time 140
SUCCESS: schedule at time 140
newly_valid list is: 
SUCCESS: add waiting list
SUCCESS: add ok to do list at time 141
SUCCESS: schedule at time 141
newly_valid list is: 
SUCCESS: add waiting list
SUCCESS: add ok to do list at time 142
SUCCESS: schedule at time 142
newly_valid list is: 
SUCCESS: add waiting list
SUCCESS: add ok to do list at time 143
SUCCESS: schedule at time 143
newly_valid list is: 
SUCCESS: add waiting list
SUCCESS: add ok to do list at time 144
SUCCESS: schedule at time 144
newly_valid list is: 
SUCCESS: add waiting list
SUCCESS: add ok to do list at time 145
SUCCESS: schedule at time 145
newly_valid list is: 
SUCCESS: add waiting list
SUCCESS: add ok to do list at time 146
SUCCESS: schedule at time 146
newly_valid list is: 
SUCCESS: add waiting list
SUCCESS: add ok to do list at time 147
SUCCESS: schedule at time 147
newly_valid list is: 
SUCCESS: add waiting list
SUCCESS: add ok to do list at time 148
SUCCESS: schedule at time 148
newly_valid list is: 
SUCCESS: add waiting list
SUCCESS: add ok to do list at time 149
SUCCESS: schedule at time 149
newly_valid list is: 
SUCCESS: add waiting list
SUCCESS: add ok to do list at time 150
SUCCESS: schedule at time 150
newly_valid list is: 
SUCCESS: add waiting list
SUCCESS: add ok to do list at time 151
SUCCESS: schedule at time 151
newly_valid list is: 
SUCCESS: add waiting list
SUCCESS: add ok to do list at time 152
SUCCESS: schedule at time 152
newly_valid list is: 
SUCCESS: add waiting list
SUCCESS: add ok to do list at time 153
SUCCESS: schedule at time 153
newly_valid list is: 
SUCCESS: add waiting list
SUCCESS: add ok to do list at time 154
SUCCESS: schedule at time 154
newly_valid list is: 
SUCCESS: add waiting list
SUCCESS: add ok to do list at time 155
SUCCESS: schedule at time 155
newly_valid list is: 
SUCCESS: add waiting list
SUCCESS: add ok to do list at time 156
SUCCESS: schedule at time 156
newly_valid list is: 
SUCCESS: add waiting list
SUCCESS: add ok to do list at time 157
SUCCESS: schedule at time 157
newly_valid list is: 
SUCCESS: add waiting list
SUCCESS: add ok to do list at time 158
SUCCESS: schedule at time 158
newly_valid list is: 
SUCCESS: add waiting list
SUCCESS: add ok to do list at time 159
SUCCESS: schedule at time 159
newly_valid list is: 
SUCCESS: add waiting list
SUCCESS: add ok to do list at time 160
SUCCESS: schedule at time 160
newly_valid list is: 
SUCCESS: add waiting list
SUCCESS: add ok to do list at time 161
SUCCESS: schedule at time 161
newly_valid list is: 
SUCCESS: add waiting list
SUCCESS: add ok to do list at time 162
SUCCESS: schedule at time 162
newly_valid list is: 
SUCCESS: add waiting list
SUCCESS: add ok to do list at time 163
SUCCESS: schedule at time 163
newly_valid list is: 
SUCCESS: add waiting list
SUCCESS: add ok to do list at time 164
SUCCESS: schedule at time 164
newly_valid list is: 
SUCCESS: add waiting list
SUCCESS: add ok to do list at time 165
SUCCESS: schedule at time 165
newly_valid list is: 
SUCCESS: add waiting list
SUCCESS: add ok to do list at time 166
SUCCESS: schedule at time 166
newly_valid list is: 
SUCCESS: add waiting list
SUCCESS: add ok to do list at time 167
SUCCESS: schedule at time 167
newly_valid list is: 
SUCCESS: add waiting list
SUCCESS: add ok to do list at time 168
SUCCESS: schedule at time 168
newly_valid list is: 
SUCCESS: add waiting list
SUCCESS: add ok to do list at time 169
SUCCESS: schedule at time 169
newly_valid list is: 
SUCCESS: add waiting list
SUCCESS: add ok to do list at time 170
SUCCESS: schedule at time 170
newly_valid list is: 
SUCCESS: add waiting list
SUCCESS: add ok to do list at time 171
SUCCESS: schedule at time 171
newly_valid list is: 
SUCCESS: add waiting list
SUCCESS: add ok to do list at time 172
SUCCESS: schedule at time 172
newly_valid list is: 
SUCCESS: add waiting list
SUCCESS: add ok to do list at time 173
SUCCESS: schedule at time 173
newly_valid list is: 
SUCCESS: add waiting list
SUCCESS: add ok to do list at time 174
SUCCESS: schedule at time 174
newly_valid list is: 
SUCCESS: add waiting list
SUCCESS: add ok to do list at time 175
SUCCESS: schedule at time 175
newly_valid list is: 
SUCCESS: add waiting list
SUCCESS: add ok to do list at time 176
SUCCESS: schedule at time 176
newly_valid list is: 
SUCCESS: add waiting list
SUCCESS: add ok to do list at time 177
SUCCESS: schedule at time 177
newly_valid list is: 
SUCCESS: add waiting list
SUCCESS: add ok to do list at time 178
SUCCESS: schedule at time 178
newly_valid list is: 
SUCCESS: add waiting list
SUCCESS: add ok to do list at time 179
SUCCESS: schedule at time 179
newly_valid list is: 
SUCCESS: add waiting list
SUCCESS: add ok to do list at time 180
SUCCESS: schedule at time 180
newly_valid list is: 
SUCCESS: add waiting list
SUCCESS: add ok to do list at time 181
SUCCESS: schedule at time 181
newly_valid list is: 
SUCCESS: add waiting list
SUCCESS: add ok to do list at time 182
SUCCESS: schedule at time 182
newly_valid list is: 
SUCCESS: add waiting list
SUCCESS: add ok to do list at time 183
SUCCESS: schedule at time 183
newly_valid list is: 
SUCCESS: add waiting list
SUCCESS: add ok to do list at time 184
SUCCESS: schedule at time 184
newly_valid list is: 
SUCCESS: add waiting list
SUCCESS: add ok to do list at time 185
SUCCESS: schedule at time 185
newly_valid list is: 
SUCCESS: add waiting list
SUCCESS: add ok to do list at time 186
SUCCESS: schedule at time 186
newly_valid list is: 
SUCCESS: add waiting list
SUCCESS: add ok to do list at time 187
SUCCESS: schedule at time 187
newly_valid list is: 
SUCCESS: add waiting list
SUCCESS: add ok to do list at time 188
SUCCESS: schedule at time 188
newly_valid list is: 
SUCCESS: add waiting list
SUCCESS: add ok to do list at time 189
SUCCESS: schedule at time 189
newly_valid list is: 
SUCCESS: add waiting list
SUCCESS: add ok to do list at time 190
SUCCESS: schedule at time 190
newly_valid list is: 
SUCCESS: add waiting list
SUCCESS: add ok to do list at time 191
SUCCESS: schedule at time 191
newly_valid list is: 
SUCCESS: add waiting list
SUCCESS: add ok to do list at time 192
SUCCESS: schedule at time 192
newly_valid list is: 
SUCCESS: add waiting list
SUCCESS: add ok to do list at time 193
SUCCESS: schedule at time 193
newly_valid list is: 
SUCCESS: add waiting list
SUCCESS: add ok to do list at time 194
SUCCESS: schedule at time 194
newly_valid list is: 
SUCCESS: add waiting list
SUCCESS: add ok to do list at time 195
SUCCESS: schedule at time 195
newly_valid list is: 
SUCCESS: add waiting list
SUCCESS: add ok to do list at time 196
SUCCESS: schedule at time 196
newly_valid list is: 
SUCCESS: add waiting list
SUCCESS: add ok to do list at time 197
SUCCESS: schedule at time 197
newly_valid list is: 
SUCCESS: add waiting list
SUCCESS: add ok to do list at time 198
SUCCESS: schedule at time 198
newly_valid list is: 
SUCCESS: add waiting list
SUCCESS: add ok to do list at time 199
SUCCESS: schedule at time 199
newly_valid list is: 
SUCCESS: add waiting list
SUCCESS: add ok to do list at time 200
SUCCESS: schedule at time 200
newly_valid list is: 
SUCCESS: add waiting list
SUCCESS: add ok to do list at time 201
SUCCESS: schedule at time 201
newly_valid list is: 
SUCCESS: add waiting list
SUCCESS: add ok to do list at time 202
SUCCESS: schedule at time 202
newly_valid list is: 
SUCCESS: add waiting list
SUCCESS: add ok to do list at time 203
SUCCESS: schedule at time 203
newly_valid list is: 
SUCCESS: add waiting list
SUCCESS: add ok to do list at time 204
SUCCESS: schedule at time 204
newly_valid list is: 
SUCCESS: add waiting list
SUCCESS: add ok to do list at time 205
SUCCESS: schedule at time 205
newly_valid list is: 
SUCCESS: add waiting list
SUCCESS: add ok to do list at time 206
SUCCESS: schedule at time 206
newly_valid list is: 
SUCCESS: add waiting list
SUCCESS: add ok to do list at time 207
SUCCESS: schedule at time 207
newly_valid list is: 
SUCCESS: add waiting list
SUCCESS: add ok to do list at time 208
SUCCESS: schedule at time 208
newly_valid list is: 
SUCCESS: add waiting list
SUCCESS: add ok to do list at time 209
SUCCESS: schedule at time 209
newly_valid list is: 
SUCCESS: add waiting list
SUCCESS: add ok to do list at time 210
SUCCESS: schedule at time 210
newly_valid list is: 
SUCCESS: add waiting list
SUCCESS: add ok to do list at time 211
SUCCESS: schedule at time 211
newly_valid list is: 
SUCCESS: add waiting list
SUCCESS: add ok to do list at time 212
SUCCESS: schedule at time 212
newly_valid list is: 
SUCCESS: add waiting list
SUCCESS: add ok to do list at time 213
SUCCESS: schedule at time 213
newly_valid list is: 
SUCCESS: add waiting list
SUCCESS: add ok to do list at time 214
SUCCESS: schedule at time 214
newly_valid list is: 
SUCCESS: add waiting list
SUCCESS: add ok to do list at time 215
SUCCESS: schedule at time 215
newly_valid list is: 
SUCCESS: add waiting list
SUCCESS: add ok to do list at time 216
SUCCESS: schedule at time 216
newly_valid list is: 
SUCCESS: add waiting list
SUCCESS: add ok to do list at time 217
SUCCESS: schedule at time 217
newly_valid list is: 
SUCCESS: add waiting list
SUCCESS: add ok to do list at time 218
SUCCESS: schedule at time 218
newly_valid list is: 
SUCCESS: add waiting list
SUCCESS: add ok to do list at time 219
SUCCESS: schedule at time 219
newly_valid list is: 
SUCCESS: add waiting list
SUCCESS: add ok to do list at time 220
SUCCESS: schedule at time 220
newly_valid list is: 
SUCCESS: add waiting list
SUCCESS: add ok to do list at time 221
SUCCESS: schedule at time 221
newly_valid list is: 
SUCCESS: add waiting list
SUCCESS: add ok to do list at time 222
SUCCESS: schedule at time 222
newly_valid list is: 
SUCCESS: add waiting list
SUCCESS: add ok to do list at time 223
SUCCESS: schedule at time 223
newly_valid list is: 
SUCCESS: add waiting list
SUCCESS: add ok to do list at time 224
SUCCESS: schedule at time 224
newly_valid list is: 
SUCCESS: add waiting list
SUCCESS: add ok to do list at time 225
SUCCESS: schedule at time 225
newly_valid list is: 
SUCCESS: add waiting list
SUCCESS: add ok to do list at time 226
SUCCESS: schedule at time 226
newly_valid list is: 
SUCCESS: add waiting list
SUCCESS: add ok to do list at time 227
SUCCESS: schedule at time 227
newly_valid list is: 
SUCCESS: add waiting list
SUCCESS: add ok to do list at time 228
SUCCESS: schedule at time 228
newly_valid list is: 
SUCCESS: add waiting list
SUCCESS: add ok to do list at time 229
SUCCESS: schedule at time 229
newly_valid list is: 
SUCCESS: add waiting list
SUCCESS: add ok to do list at time 230
SUCCESS: schedule at time 230
newly_valid list is: 
SUCCESS: add waiting list
SUCCESS: add ok to do list at time 231
SUCCESS: schedule at time 231
newly_valid list is: 
SUCCESS: add waiting list
SUCCESS: add ok to do list at time 232
SUCCESS: schedule at time 232
newly_valid list is: 
SUCCESS: add waiting list
SUCCESS: add ok to do list at time 233
SUCCESS: schedule at time 233
newly_valid list is: 
SUCCESS: add waiting list
SUCCESS: add ok to do list at time 234
SUCCESS: schedule at time 234
newly_valid list is: 
SUCCESS: add waiting list
SUCCESS: add ok to do list at time 235
SUCCESS: schedule at time 235
newly_valid list is: 
SUCCESS: add waiting list
SUCCESS: add ok to do list at time 236
SUCCESS: schedule at time 236
newly_valid list is: 
SUCCESS: add waiting list
SUCCESS: add ok to do list at time 237
SUCCESS: schedule at time 237
newly_valid list is: 
SUCCESS: add waiting list
SUCCESS: add ok to do list at time 238
SUCCESS: schedule at time 238
newly_valid list is: 
SUCCESS: add waiting list
SUCCESS: add ok to do list at time 239
SUCCESS: schedule at time 239
newly_valid list is: 
SUCCESS: add waiting list
SUCCESS: add ok to do list at time 240
SUCCESS: schedule at time 240
newly_valid list is: 
SUCCESS: add waiting list
SUCCESS: add ok to do list at time 241
SUCCESS: schedule at time 241
newly_valid list is: 
SUCCESS: add waiting list
SUCCESS: add ok to do list at time 242
SUCCESS: schedule at time 242
newly_valid list is: 
SUCCESS: add waiting list
SUCCESS: add ok to do list at time 243
SUCCESS: schedule at time 243
newly_valid list is: 
SUCCESS: add waiting list
SUCCESS: add ok to do list at time 244
SUCCESS: schedule at time 244
newly_valid list is: 
SUCCESS: add waiting list
SUCCESS: add ok to do list at time 245
SUCCESS: schedule at time 245
newly_valid list is: 
SUCCESS: add waiting list
SUCCESS: add ok to do list at time 246
SUCCESS: schedule at time 246
newly_valid list is: 
SUCCESS: add waiting list
SUCCESS: add ok to do list at time 247
SUCCESS: schedule at time 247
newly_valid list is: 
SUCCESS: add waiting list
SUCCESS: add ok to do list at time 248
SUCCESS: schedule at time 248
newly_valid list is: 
SUCCESS: add waiting list
SUCCESS: add ok to do list at time 249
SUCCESS: schedule at time 249
newly_valid list is: 
SUCCESS: add waiting list
SUCCESS: add ok to do list at time 250
SUCCESS: schedule at time 250
newly_valid list is: 
SUCCESS: add waiting list
SUCCESS: add ok to do list at time 251
SUCCESS: schedule at time 251
newly_valid list is: 
SUCCESS: add waiting list
SUCCESS: add ok to do list at time 252
SUCCESS: schedule at time 252
newly_valid list is: 
SUCCESS: add waiting list
SUCCESS: add ok to do list at time 253
SUCCESS: schedule at time 253
newly_valid list is: 
SUCCESS: add waiting list
SUCCESS: add ok to do list at time 254
SUCCESS: schedule at time 254
newly_valid list is: 
SUCCESS: add waiting list
SUCCESS: add ok to do list at time 255
SUCCESS: schedule at time 255
newly_valid list is: 
SUCCESS: add waiting list
SUCCESS: add ok to do list at time 256
SUCCESS: schedule at time 256
newly_valid list is: 
SUCCESS: add waiting list
SUCCESS: add ok to do list at time 257
SUCCESS: schedule at time 257
newly_valid list is: 
SUCCESS: add waiting list
SUCCESS: add ok to do list at time 258
SUCCESS: schedule at time 258
newly_valid list is: 
SUCCESS: add waiting list
SUCCESS: add ok to do list at time 259
SUCCESS: schedule at time 259
newly_valid list is: 
SUCCESS: add waiting list
SUCCESS: add ok to do list at time 260
SUCCESS: schedule at time 260
newly_valid list is: 
SUCCESS: add waiting list
SUCCESS: add ok to do list at time 261
SUCCESS: schedule at time 261
newly_valid list is: 
SUCCESS: add waiting list
SUCCESS: add ok to do list at time 262
SUCCESS: schedule at time 262
newly_valid list is: 
SUCCESS: add waiting list
SUCCESS: add ok to do list at time 263
SUCCESS: schedule at time 263
newly_valid list is: 
SUCCESS: add waiting list
SUCCESS: add ok to do list at time 264
SUCCESS: schedule at time 264
newly_valid list is: 
SUCCESS: add waiting list
SUCCESS: add ok to do list at time 265
SUCCESS: schedule at time 265
Begin: Second Schedule!
ok to do list is: 
<-1,777,778,1> 
<-1,777,779,1> 
<-1,777,780,1> 
<831,514,848,0> 
waiting list is: 
<821,356,848,0> 
<838,634,848,0> 
<826,459,848,0> 
<816,236,848,0> 
<827,468,848,0> 
<828,480,848,0> 
<829,491,848,0> 
<832,531,848,0> 
<833,542,848,0> 
<839,646,848,0> 
<844,684,848,0> 
<845,697,848,0> 
SUCCESS: evict! the nodes are 
0 node: 778
<-1,777,778,1> 
1 node: 779
<-1,777,779,1> 
2 node: 780
<-1,777,780,1> 
3 node: 786
<785,778,786,0> 
4 node: 787
<785,779,787,0> 
<-1,786,787,1> 
5 node: 788
<785,780,788,0> 
<-1,786,788,1> 
6 node: 795
<794,778,795,0> 
7 node: 796
<794,779,796,0> 
<795,787,796,0> 
8 node: 797
<794,780,797,0> 
<795,788,797,0> 
<-1,796,797,1> 
9 node: 804
<803,778,804,0> 
10 node: 805
<803,779,805,0> 
<804,787,805,0> 
11 node: 806
<803,780,806,0> 
<804,788,806,0> 
<805,797,806,0> 
12 node: 848
<831,514,848,0> 
<821,356,848,0> 
<838,634,848,0> 
<826,459,848,0> 
<816,236,848,0> 
<827,468,848,0> 
<828,480,848,0> 
<829,491,848,0> 
<832,531,848,0> 
<833,542,848,0> 
<839,646,848,0> 
<844,684,848,0> 
<845,697,848,0> 
13 node: 850
<849,778,850,0> 
14 node: 851
<849,779,851,0> 
<850,787,851,0> 
15 node: 852
<849,780,852,0> 
<850,788,852,0> 
<851,797,852,0> 
the priority is: 81 45 33 41 23 17 21 11 9 9 5 3 13 9 5 3 
before sorted Results:
Node: 778
<-1,777,778,1> 
Node: 779
<-1,777,779,1> 
Node: 780
<-1,777,780,1> 
Node: 786
<785,778,786,0> 
Node: 787
<785,779,787,0> 
<-1,786,787,1> 
Node: 788
<785,780,788,0> 
<-1,786,788,1> 
Node: 795
<794,778,795,0> 
Node: 796
<794,779,796,0> 
<795,787,796,0> 
Node: 797
<794,780,797,0> 
<795,788,797,0> 
<-1,796,797,1> 
Node: 804
<803,778,804,0> 
Node: 805
<803,779,805,0> 
<804,787,805,0> 
Node: 806
<803,780,806,0> 
<804,788,806,0> 
<805,797,806,0> 
Node: 848
<831,514,848,0> 
<821,356,848,0> 
<838,634,848,0> 
<826,459,848,0> 
<816,236,848,0> 
<827,468,848,0> 
<828,480,848,0> 
<829,491,848,0> 
<832,531,848,0> 
<833,542,848,0> 
<839,646,848,0> 
<844,684,848,0> 
<845,697,848,0> 
Node: 850
<849,778,850,0> 
Node: 851
<849,779,851,0> 
<850,787,851,0> 
Node: 852
<849,780,852,0> 
<850,788,852,0> 
<851,797,852,0> 

sorted Results:
Node: 778
<-1,777,778,1> 
Node: 779
<-1,777,779,1> 
Node: 786
<785,778,786,0> 
Node: 780
<-1,777,780,1> 
Node: 787
<785,779,787,0> 
<-1,786,787,1> 
Node: 795
<794,778,795,0> 
Node: 788
<785,780,788,0> 
<-1,786,788,1> 
Node: 848
<831,514,848,0> 
<821,356,848,0> 
<838,634,848,0> 
<826,459,848,0> 
<816,236,848,0> 
<827,468,848,0> 
<828,480,848,0> 
<829,491,848,0> 
<832,531,848,0> 
<833,542,848,0> 
<839,646,848,0> 
<844,684,848,0> 
<845,697,848,0> 
Node: 796
<794,779,796,0> 
<795,787,796,0> 
Node: 797
<794,780,797,0> 
<795,788,797,0> 
<-1,796,797,1> 
Node: 804
<803,778,804,0> 
Node: 850
<849,778,850,0> 
Node: 805
<803,779,805,0> 
<804,787,805,0> 
Node: 851
<849,779,851,0> 
<850,787,851,0> 
Node: 806
<803,780,806,0> 
<804,788,806,0> 
<805,797,806,0> 
Node: 852
<849,780,852,0> 
<850,788,852,0> 
<851,797,852,0> 
only_div: 1 1 1 1 0 1 0 0 0 0 1 1 0 0 0 0 
sch2 time is 266
SUCCESS: schedule at time: 266
ok_to_sub: 0 0 0 0 0 0 0 0 0 0 0 0 0 0 0 0 
ok_to_wb: 0 0 0 0 0 0 0 0 0 0 0 0 0 0 0 0 
ok_to_wb_time: 0 0 0 0 0 0 0 0 0 0 0 0 0 0 0 0 
SUCCESS: schedule at time: 267
ok_to_sub: 0 0 0 0 0 0 0 0 0 0 0 0 0 0 0 0 
ok_to_wb: 0 0 0 0 0 0 0 0 0 0 0 0 0 0 0 0 
ok_to_wb_time: 0 0 0 0 0 0 0 0 0 0 0 0 0 0 0 0 
SUCCESS: schedule at time: 268
ok_to_sub: 0 0 0 0 0 0 0 0 0 0 0 0 0 0 0 0 
ok_to_wb: 0 0 0 0 0 0 0 0 0 0 0 0 0 0 0 0 
ok_to_wb_time: 0 0 0 0 0 0 0 0 0 0 0 0 0 0 0 0 
SUCCESS: schedule at time: 269
ok_to_sub: 0 0 0 0 0 0 0 0 0 0 0 0 0 0 0 0 
ok_to_wb: 0 0 0 0 0 0 0 0 0 0 0 0 0 0 0 0 
ok_to_wb_time: 0 0 0 0 0 0 0 0 0 0 0 0 0 0 0 0 
SUCCESS: schedule at time: 270
ok_to_sub: 0 0 0 0 0 0 0 0 0 0 0 0 0 0 0 0 
ok_to_wb: 0 0 0 0 0 0 0 0 0 0 0 0 0 0 0 0 
ok_to_wb_time: 0 0 0 0 0 0 0 0 0 0 0 0 0 0 0 0 
SUCCESS: schedule at time: 271
ok_to_sub: 0 0 0 0 0 0 0 0 0 0 0 0 0 0 0 0 
ok_to_wb: 0 0 0 0 0 0 0 0 0 0 0 0 0 0 0 0 
ok_to_wb_time: 0 0 0 0 0 0 0 0 0 0 0 0 0 0 0 0 
SUCCESS: schedule at time: 272
ok_to_sub: 0 0 0 0 0 0 0 0 0 0 0 0 0 0 0 0 
ok_to_wb: 0 0 0 0 0 0 0 0 0 0 0 0 0 0 0 0 
ok_to_wb_time: 0 0 0 0 0 0 0 0 0 0 0 0 0 0 0 0 
SUCCESS: schedule at time: 273
ok_to_sub: 0 0 0 0 0 0 0 0 0 0 0 0 0 0 0 0 
ok_to_wb: 0 0 0 0 0 0 0 0 0 0 0 0 0 0 0 0 
ok_to_wb_time: 0 0 0 0 0 0 0 0 0 0 0 0 0 0 0 0 
SUCCESS: schedule at time: 274
ok_to_sub: 0 0 0 0 0 0 0 0 0 0 0 0 0 0 0 0 
ok_to_wb: 0 0 0 0 0 0 0 0 0 0 0 0 0 0 0 0 
ok_to_wb_time: 0 0 0 0 0 0 0 0 0 0 0 0 0 0 0 0 
SUCCESS: schedule at time: 275
ok_to_sub: 0 0 0 0 0 0 0 0 0 0 0 0 0 0 0 0 
ok_to_wb: 0 0 0 0 0 0 0 0 0 0 0 0 0 0 0 0 
ok_to_wb_time: 0 0 0 0 0 0 0 0 0 0 0 0 0 0 0 0 
SUCCESS: schedule at time: 276
ok_to_sub: 0 0 0 0 0 0 0 0 0 0 0 0 0 0 0 0 
ok_to_wb: 0 0 0 0 0 0 0 0 0 0 0 0 0 0 0 0 
ok_to_wb_time: 0 0 0 0 0 0 0 0 0 0 0 0 0 0 0 0 
SUCCESS: schedule at time: 277
ok_to_sub: 0 0 1 0 1 1 1 0 0 0 1 0 0 0 0 0 
ok_to_wb: 0 0 0 0 0 0 0 0 0 0 0 0 0 0 0 0 
ok_to_wb_time: 0 0 0 0 0 0 0 0 0 0 0 0 0 0 0 0 
SUCCESS: schedule at time: 278
ok_to_sub: 0 0 1 0 1 1 1 0 0 0 1 1 0 0 0 0 
ok_to_wb: 0 0 0 0 0 0 0 0 0 0 0 0 0 0 0 0 
ok_to_wb_time: 0 0 0 0 0 0 0 0 0 0 0 0 0 0 0 0 
SUCCESS: schedule at time: 279
ok_to_sub: 0 0 1 0 1 1 1 0 0 0 1 1 0 0 0 0 
ok_to_wb: 0 0 0 0 0 0 0 0 0 0 0 0 0 0 0 0 
ok_to_wb_time: 0 0 0 0 0 0 0 0 0 0 0 0 0 0 0 0 
SUCCESS: schedule at time: 280
ok_to_sub: 0 0 0 0 0 0 0 0 0 0 0 1 0 0 0 0 
ok_to_wb: 0 0 0 0 0 0 0 0 0 0 0 0 0 0 0 0 
ok_to_wb_time: 0 0 0 0 0 0 0 0 0 0 0 0 0 0 0 0 
SUCCESS: schedule at time: 281
ok_to_sub: 0 0 0 0 0 0 0 0 0 0 0 0 0 0 0 0 
ok_to_wb: 0 0 0 0 0 0 0 0 0 0 0 0 0 0 0 0 
ok_to_wb_time: 0 0 0 0 0 0 0 0 0 0 0 0 0 0 0 0 
SUCCESS: schedule at time: 282
ok_to_sub: 0 0 0 0 0 0 0 0 0 0 0 0 0 0 0 0 
ok_to_wb: 0 0 0 0 0 0 0 0 0 0 0 0 0 0 0 0 
ok_to_wb_time: 0 0 0 0 0 0 0 0 0 0 0 0 0 0 0 0 
SUCCESS: schedule at time: 283
ok_to_sub: 0 0 0 0 0 0 0 0 0 0 0 0 0 0 0 0 
ok_to_wb: 0 0 0 0 0 0 0 0 0 0 0 0 0 0 0 0 
ok_to_wb_time: 0 0 0 0 0 0 0 0 0 0 0 0 0 0 0 0 
SUCCESS: schedule at time: 284
ok_to_sub: 0 0 0 0 0 0 0 0 0 0 0 0 0 0 0 0 
ok_to_wb: 0 0 0 0 0 0 0 0 0 0 0 0 0 0 0 0 
ok_to_wb_time: 0 0 0 0 0 0 0 0 0 0 0 0 0 0 0 0 
SUCCESS: schedule at time: 285
ok_to_sub: 0 0 0 0 0 0 0 0 0 0 0 0 0 0 0 0 
ok_to_wb: 0 0 0 0 0 0 0 0 0 0 0 0 0 0 0 0 
ok_to_wb_time: 0 0 0 0 0 0 0 0 0 0 0 0 0 0 0 0 
SUCCESS: schedule at time: 286
ok_to_sub: 0 0 0 0 0 0 0 0 0 0 0 0 0 0 0 0 
ok_to_wb: 0 0 0 0 0 0 0 0 0 0 0 0 0 0 0 0 
ok_to_wb_time: 0 0 0 0 0 0 0 0 0 0 0 0 0 0 0 0 
SUCCESS: schedule at time: 287
ok_to_sub: 0 0 0 0 0 0 0 0 0 0 0 0 0 0 0 0 
ok_to_wb: 0 0 0 0 0 0 0 0 0 0 0 0 0 0 0 0 
ok_to_wb_time: 0 0 0 0 0 0 0 0 0 0 0 0 0 0 0 0 
SUCCESS: schedule at time: 288
ok_to_sub: 0 0 0 0 0 0 0 0 0 0 0 0 0 0 0 0 
ok_to_wb: 0 0 0 0 0 0 0 0 0 0 0 0 0 0 0 0 
ok_to_wb_time: 0 0 0 0 0 0 0 0 0 0 0 0 0 0 0 0 
SUCCESS: schedule at time: 289
ok_to_sub: 0 0 0 0 0 0 0 0 0 0 0 0 0 0 0 0 
ok_to_wb: 0 0 0 0 0 0 0 0 0 0 0 0 0 0 0 0 
ok_to_wb_time: 0 0 0 0 0 0 0 0 0 0 0 0 0 0 0 0 
SUCCESS: schedule at time: 290
ok_to_sub: 0 0 0 0 0 0 0 0 0 0 0 0 0 0 0 0 
ok_to_wb: 0 0 0 0 0 0 0 0 0 0 0 0 0 0 0 0 
ok_to_wb_time: 0 0 0 0 0 0 0 0 0 0 0 0 0 0 0 0 
SUCCESS: schedule at time: 291
ok_to_sub: 0 0 0 0 0 0 0 0 0 0 0 0 0 0 0 0 
ok_to_wb: 0 0 0 0 0 0 0 0 0 0 0 0 0 0 0 0 
ok_to_wb_time: 0 0 0 0 0 0 0 0 0 0 0 0 0 0 0 0 
SUCCESS: schedule at time: 292
ok_to_sub: 0 0 0 0 0 0 0 0 0 0 0 0 0 0 0 0 
ok_to_wb: 0 0 0 0 0 0 0 0 0 0 0 0 0 0 0 0 
ok_to_wb_time: 0 0 0 0 0 0 0 0 0 0 0 0 0 0 0 0 
SUCCESS: schedule at time: 293
ok_to_sub: 0 0 0 0 0 0 0 0 1 1 0 0 1 1 0 0 
ok_to_wb: 0 0 0 0 0 0 0 0 0 0 0 0 0 0 0 0 
ok_to_wb_time: 0 0 0 0 0 0 0 0 0 0 0 0 0 0 0 0 
SUCCESS: schedule at time: 294
ok_to_sub: 0 0 0 0 0 0 0 0 1 1 0 0 1 1 0 0 
ok_to_wb: 0 0 0 0 0 0 0 0 0 0 0 0 0 0 0 0 
ok_to_wb_time: 0 0 0 0 0 0 0 0 0 0 0 0 0 0 0 0 
SUCCESS: schedule at time: 295
ok_to_sub: 0 0 0 0 0 0 0 0 1 1 0 0 1 1 0 0 
ok_to_wb: 0 0 0 0 0 0 0 0 0 0 0 0 0 0 0 0 
ok_to_wb_time: 0 0 0 0 0 0 0 0 0 0 0 0 0 0 0 0 
SUCCESS: schedule at time: 296
ok_to_sub: 0 0 0 0 0 0 0 0 0 0 0 0 0 0 0 0 
ok_to_wb: 0 0 0 0 0 0 0 0 0 0 0 0 0 0 0 0 
ok_to_wb_time: 0 0 0 0 0 0 0 0 0 0 0 0 0 0 0 0 
SUCCESS: schedule at time: 297
ok_to_sub: 0 0 0 0 0 0 0 0 0 0 0 0 0 0 0 0 
ok_to_wb: 0 0 0 0 0 0 0 0 0 0 0 0 0 0 0 0 
ok_to_wb_time: 0 0 0 0 0 0 0 0 0 0 0 0 0 0 0 0 
SUCCESS: schedule at time: 298
ok_to_sub: 0 0 0 0 0 0 0 0 0 0 0 0 0 0 0 0 
ok_to_wb: 0 0 0 0 0 0 0 0 0 0 0 0 0 0 0 0 
ok_to_wb_time: 0 0 0 0 0 0 0 0 0 0 0 0 0 0 0 0 
SUCCESS: schedule at time: 299
ok_to_sub: 0 0 0 0 0 0 0 0 0 0 0 0 0 0 0 0 
ok_to_wb: 0 0 0 0 0 0 0 0 0 0 0 0 0 0 0 0 
ok_to_wb_time: 0 0 0 0 0 0 0 0 0 0 0 0 0 0 0 0 
SUCCESS: schedule at time: 300
ok_to_sub: 0 0 0 0 0 0 0 0 0 0 0 0 0 0 0 0 
ok_to_wb: 0 0 0 0 0 0 0 0 0 0 0 0 0 0 0 0 
ok_to_wb_time: 0 0 0 0 0 0 0 0 0 0 0 0 0 0 0 0 
SUCCESS: schedule at time: 301
ok_to_sub: 0 0 0 0 0 0 0 0 0 0 0 0 0 0 0 0 
ok_to_wb: 0 0 0 0 0 0 0 0 0 0 0 0 0 0 0 0 
ok_to_wb_time: 0 0 0 0 0 0 0 0 0 0 0 0 0 0 0 0 
SUCCESS: schedule at time: 302
ok_to_sub: 0 0 0 0 0 0 0 1 0 0 0 0 0 0 0 0 
ok_to_wb: 0 0 0 0 0 0 0 0 0 0 0 0 0 0 0 0 
ok_to_wb_time: 0 0 0 0 0 0 0 0 0 0 0 0 0 0 0 0 
SUCCESS: schedule at time: 303
ok_to_sub: 0 0 0 0 0 0 0 1 0 0 0 0 0 0 0 0 
ok_to_wb: 0 0 0 0 0 0 0 0 0 0 0 0 0 0 0 0 
ok_to_wb_time: 0 0 0 0 0 0 0 0 0 0 0 0 0 0 0 0 
SUCCESS: schedule at time: 304
ok_to_sub: 0 0 0 0 0 0 0 1 0 0 0 0 0 0 0 0 
ok_to_wb: 0 0 0 0 0 0 0 0 0 0 0 0 0 0 0 0 
ok_to_wb_time: 0 0 0 0 0 0 0 0 0 0 0 0 0 0 0 0 
SUCCESS: schedule at time: 305
ok_to_sub: 0 0 0 0 0 0 0 0 0 0 0 0 0 0 0 0 
ok_to_wb: 0 0 0 0 0 0 0 0 0 0 0 0 0 0 0 0 
ok_to_wb_time: 0 0 0 0 0 0 0 0 0 0 0 0 0 0 0 0 
SUCCESS: schedule at time: 306
ok_to_sub: 0 0 0 0 0 0 0 0 0 0 0 0 0 0 0 0 
ok_to_wb: 0 0 0 0 0 0 0 0 0 0 0 0 0 0 0 0 
ok_to_wb_time: 0 0 0 0 0 0 0 0 0 0 0 0 0 0 0 0 
SUCCESS: schedule at time: 307
ok_to_sub: 0 0 0 0 0 0 0 0 0 0 0 0 0 0 0 0 
ok_to_wb: 0 0 0 0 0 0 0 0 0 0 0 0 0 0 0 0 
ok_to_wb_time: 0 0 0 0 0 0 0 0 0 0 0 0 0 0 0 0 
SUCCESS: schedule at time: 308
ok_to_sub: 0 0 0 0 0 0 0 0 0 0 0 0 0 0 0 0 
ok_to_wb: 0 0 0 0 0 0 0 0 0 0 0 0 0 0 0 0 
ok_to_wb_time: 0 0 0 0 0 0 0 0 0 0 0 0 0 0 0 0 
SUCCESS: schedule at time: 309
ok_to_sub: 0 0 0 0 0 0 0 0 0 0 0 0 0 0 1 1 
ok_to_wb: 0 0 0 0 0 0 0 0 0 0 0 0 0 0 0 0 
ok_to_wb_time: 0 0 0 0 0 0 0 0 0 0 0 0 0 0 0 0 
SUCCESS: schedule at time: 310
ok_to_sub: 0 0 0 0 0 0 0 0 0 0 0 0 0 0 1 1 
ok_to_wb: 0 0 0 0 0 0 0 0 0 0 0 0 0 0 0 0 
ok_to_wb_time: 0 0 0 0 0 0 0 0 0 0 0 0 0 0 0 0 
SUCCESS: schedule at time: 311
ok_to_sub: 0 0 0 0 0 0 0 0 0 0 0 0 0 0 1 1 
ok_to_wb: 0 0 0 0 0 0 0 0 0 0 0 0 0 0 0 0 
ok_to_wb_time: 0 0 0 0 0 0 0 0 0 0 0 0 0 0 0 0 
SUCCESS: schedule at time: 312
ok_to_sub: 0 0 0 0 0 0 0 0 0 0 0 0 0 0 0 0 
ok_to_wb: 0 0 0 0 0 0 0 0 0 0 0 0 0 0 0 0 
ok_to_wb_time: 0 0 0 0 0 0 0 0 0 0 0 0 0 0 0 0 
Finished: schedule!
this is the instruction from 0 to 316
0:	(396, 395, -1, 1)	(397, 395, -1, 1)	(111, 110, -1, 1)	(422, 421, -1, 1)	(423, 421, -1, 1)	(112, 110, -1, 1)	(113, 110, -1, 1)	(424, 421, -1, 1)	(114, 110, -1, 1)	(425, 421, -1, 1)	(318, 317, -1, 1)	(319, 317, -1, 1)	(320, 317, -1, 1)	(321, 317, -1, 1)	(121, 120, -1, 1)	(122, 120, -1, 1)
1:	(398, 395, -1, 1)	(7, 6, -1, 1)	(399, 395, -1, 1)	(8, 6, -1, 1)	(9, 6, -1, 1)	(10, 6, -1, 1)	(709, 708, -1, 1)	(125, 124, -1, 1)	(126, 124, -1, 1)	(602, 601, -1, 1)	(603, 601, -1, 1)	(149, 148, -1, 1)	(150, 148, -1, 1)	(658, 657, -1, 1)	(659, 657, -1, 1)	(127, 124, -1, 1)
2:	(592, 591, -1, 1)	(40, 39, -1, 1)	(41, 39, -1, 1)	(593, 591, -1, 1)	(594, 591, -1, 1)	(595, 591, -1, 1)	(42, 39, -1, 1)	(43, 39, -1, 1)	(710, 708, -1, 1)	(606, 605, -1, 1)	(607, 605, -1, 1)	(153, 152, -1, 1)	(654, 653, -1, 1)	(154, 152, -1, 1)	(608, 605, -1, 1)	(155, 152, -1, 1)
3:	(144, 143, -1, 1)	(145, 143, -1, 1)	(649, 648, -1, 1)	(146, 143, -1, 1)	(650, 648, -1, 1)	(147, 143, -1, 1)	(711, 708, -1, 1)	(651, 648, -1, 1)	(652, 648, -1, 1)	(123, 120, -1, 1)	(742, 741, -1, 1)	(604, 601, -1, 1)	(151, 148, -1, 1)	(366, 365, -1, 1)	(86, 85, -1, 1)	(1, 0, -1, 1)
4:	(712, 708, -1, 1)	(431, 430, -1, 1)	(427, 426, -1, 1)	(428, 426, -1, 1)	(432, 430, -1, 1)	(329, 327, -1, 1)	(433, 430, -1, 1)	(429, 426, -1, 1)	(758, 756, -1, 1)	(759, 756, -1, 1)	(757, 756, -1, 1)	(390, 389, -1, 1)	(83, 82, -1, 1)	(2, 0, -1, 1)	(35, 33, -1, 1)	(31, 30, -1, 1)
5:	(655, 653, -1, 1)	(328, 327, -1, 1)	(332, 331, -1, 1)	(754, 752, -1, 1)	(660, 657, -1, 1)	(745, 741, -1, 1)	(330, 327, -1, 1)	(334, 331, -1, 1)	(755, 752, -1, 1)	(548, 547, -1, 1)	(87, 85, -1, 1)	(88, 85, -1, 1)	(34, 33, -1, 1)	(32, 30, -1, 1)	(700, 699, -1, 1)	(701, 699, -1, 1)
6:	(333, 331, -1, 1)	(743, 741, -1, 1)	(744, 741, -1, 1)	(753, 752, -1, 1)	(74, 73, -1, 1)	(84, 82, -1, 1)	(4, 3, -1, 1)	(545, 544, -1, 1)	(182, 181, -1, 1)	(248, 247, -1, 1)	(249, 247, -1, 1)	(703, 702, -1, 1)	(546, 544, -1, 1)	(-1, -1, -1, 0)	(-1, -1, -1, 0)	(-1, -1, -1, 0)
7:	(656, 653, -1, 1)	(359, 358, -1, 1)	(360, 358, -1, 1)	(75, 73, -1, 1)	(549, 547, -1, 1)	(179, 178, -1, 1)	(245, 244, -1, 1)	(268, 266, -1, 1)	(246, 244, -1, 1)	(704, 702, -1, 1)	(706, 705, -1, 1)	(-1, -1, -1, 0)	(-1, -1, -1, 0)	(-1, -1, -1, 0)	(-1, -1, -1, 0)	(-1, -1, -1, 0)
8:	(494, 114, 499, 4)	(461, 424, 464, 4)	(442, 422, 444, 4)	(451, 422, 453, 4)	(335, 321, 341, 4)	(442, 423, 445, 4)	(442, 424, 446, 4)	(343, 320, 347, 4)	(172, 171, -1, 1)	(312, 310, -1, 1)	(313, 310, -1, 1)	(-1, -1, -1, 0)	(-1, -1, -1, 0)	(-1, -1, -1, 0)	(-1, -1, -1, 0)	(-1, -1, -1, 0)
9:	(496, 127, 503, 4)	(808, 126, -1, 7)	(434, 425, 440, 4)	(165, 149, 166, 4)	(811, 149, 813, 4)	(335, 320, 340, 4)	(834, 602, 836, 4)	(811, 150, 814, 4)	(60, 7, 61, 4)	(707, 705, -1, 1)	(-1, -1, -1, 0)	(-1, -1, -1, 0)	(-1, -1, -1, 0)	(-1, -1, -1, 0)	(-1, -1, -1, 0)	(-1, -1, -1, 0)
10:	(636, 43, 643, 4)	(-1, -1, 830, 8)	(625, 595, 630, 4)	(434, 422, 437, 4)	(434, 424, 439, 4)	(461, 422, 462, 4)	(532, 43, 541, 4)	(128, 112, 132, 4)	(609, 595, 615, 4)	(442, 425, 447, 4)	(834, 603, 837, 4)	(-1, -1, -1, 0)	(-1, -1, -1, 0)	(-1, -1, -1, 0)	(-1, -1, -1, 0)	(-1, -1, -1, 0)
11:	(451, 424, 455, 4)	(627, 608, 634, 4)	(157, 149, 159, 4)	(663, 658, 664, 4)	(841, 658, 842, 4)	(219, 144, 220, 4)	(781, 742, 782, 4)	(414, 399, 420, 4)	(-1, 593, -1, 5)	(97, 86, 98, 4)	(-1, -1, -1, 0)	(-1, -1, -1, 0)	(-1, -1, -1, 0)	(-1, -1, -1, 0)	(-1, -1, -1, 0)	(-1, -1, -1, 0)
12:	(451, 425, 456, 4)	(434, 423, 438, 4)	(158, 154, 162, 4)	(661, 650, 665, 4)	(663, 659, 667, 4)	(669, 650, 672, 4)	(669, 651, 673, 4)	(451, 423, 454, 4)	(625, -1, 628, 6)	(461, 423, 463, 4)	(812, 154, 816, 4)	(37, 36, -1, 1)	(-1, -1, -1, 0)	(-1, -1, -1, 0)	(-1, -1, -1, 0)	(-1, -1, -1, 0)
13:	(452, 433, 459, 4)	(157, 150, 160, 4)	(823, 432, 826, 4)	(436, 433, 441, 4)	(835, 607, 838, 4)	(156, 146, 161, 4)	(823, 431, 824, 4)	(679, 649, 680, 4)	(-1, 318, -1, 5)	(138, 123, 142, 4)	(-1, -1, -1, 0)	(-1, -1, -1, 0)	(-1, -1, -1, 0)	(-1, -1, -1, 0)	(-1, -1, -1, 0)	(-1, -1, -1, 0)
14:	(663, 660, 668, 4)	(227, 153, 228, 4)	(661, 651, 666, 4)	(746, 743, 749, 4)	(746, 744, 750, 4)	(746, 745, 751, 4)	(128, 114, 134, 4)	(669, 652, 674, 4)	(350, -1, 351, 6)	(115, 113, 118, 4)	(-1, 660, -1, 5)	(-1, -1, -1, 0)	(-1, -1, -1, 0)	(-1, -1, -1, 0)	(-1, -1, -1, 0)	(-1, -1, -1, 0)
15:	(496, 126, 499, 4)	(692, 658, 693, 4)	(443, 427, 444, 4)	(452, 431, 453, 4)	(300, 246, 305, 4)	(97, 87, 99, 4)	(443, 429, 448, 4)	(679, 650, 681, 4)	(24, 8, 26, 4)	(-1, -1, -1, 0)	(692, -1, 697, 6)	(-1, -1, -1, 0)	(-1, -1, -1, 0)	(-1, -1, -1, 0)	(-1, -1, -1, 0)	(-1, -1, -1, 0)
16:	(627, 607, 630, 4)	(158, 155, 163, 4)	(436, 431, 437, 4)	(436, 432, 439, 4)	(746, 742, 747, 4)	(812, 153, 813, 4)	(128, 113, 133, 4)	(612, 607, 615, 4)	(636, 40, 637, 4)	(494, 113, 498, 4)	(257, 248, 258, 4)	(-1, -1, -1, 0)	(-1, -1, -1, 0)	(-1, -1, -1, 0)	(-1, -1, -1, 0)	(-1, -1, -1, 0)
17:	(452, 432, 455, 4)	(158, 153, 159, 4)	(662, 654, 664, 4)	(840, 654, 842, 4)	(691, 651, 695, 4)	(781, 745, 788, 4)	(611, 602, 613, 4)	(611, 603, 614, 4)	(401, 396, 402, 4)	(401, 399, 405, 4)	(-1, -1, -1, 0)	(-1, -1, -1, 0)	(-1, -1, -1, 0)	(-1, -1, -1, 0)	(-1, -1, -1, 0)	(-1, -1, -1, 0)
18:	(435, 428, 438, 4)	(670, 654, 671, 4)	(164, 144, 166, 4)	(532, 42, 540, 4)	(97, 88, 101, 4)	(461, 425, 465, 4)	(505, 87, 507, 4)	(53, 43, 58, 4)	(164, 146, 168, 4)	(670, 655, 672, 4)	(-1, -1, -1, 0)	(-1, -1, -1, 0)	(-1, -1, -1, 0)	(-1, -1, -1, 0)	(-1, -1, -1, 0)	(-1, -1, -1, 0)
19:	(156, 145, 160, 4)	(662, 655, 665, 4)	(156, 147, 162, 4)	(661, 652, 667, 4)	(798, 742, 799, 4)	(679, 652, 683, 4)	(46, 41, 48, 4)	(165, 151, 170, 4)	(408, 397, 410, 4)	(180, 178, -1, 1)	(-1, -1, -1, 0)	(-1, -1, -1, 0)	(-1, -1, -1, 0)	(-1, -1, -1, 0)	(-1, -1, -1, 0)	(-1, -1, -1, 0)
20:	(435, 429, 441, 4)	(662, 656, 668, 4)	(679, 651, 682, 4)	(414, 398, 417, 4)	(53, 41, 55, 4)	(612, 608, 616, 4)	(401, 398, 404, 4)	(443, 428, 445, 4)	(783, 754, -1, 7)	(5, 3, -1, 1)	(-1, -1, -1, 0)	(-1, -1, -1, 0)	(-1, -1, -1, 0)	(-1, -1, -1, 0)	(-1, -1, -1, 0)	(-1, -1, -1, 0)
21:	(822, 427, 824, 4)	(226, 144, 228, 4)	(691, 649, 693, 4)	(291, 268, 295, 4)	(636, 42, 640, 4)	(46, 40, 47, 4)	(343, 319, 346, 4)	(350, 319, 353, 4)	(-1, -1, 786, 8)	(89, 84, 91, 4)	(46, 42, 49, 4)	(-1, -1, -1, 0)	(-1, -1, -1, 0)	(-1, -1, -1, 0)	(-1, -1, -1, 0)	(-1, -1, -1, 0)
22:	(157, 151, 163, 4)	(435, 427, 437, 4)	(60, 10, 66, 4)	(505, 88, 511, 4)	(494, 112, 497, 4)	(165, 150, 167, 4)	(12, 9, 15, 4)	(136, 114, 141, 4)	(734, 710, 736, 4)	(-1, -1, -1, 0)	(-1, -1, -1, 0)	(-1, -1, -1, 0)	(-1, -1, -1, 0)	(-1, -1, -1, 0)	(-1, -1, -1, 0)	(-1, -1, -1, 0)
23:	(156, 144, 159, 4)	(661, 649, 664, 4)	(748, 747, -1, 1)	(749, 747, -1, 1)	(750, 747, -1, 1)	(751, 747, -1, 1)	(96, 84, 99, 4)	(130, 121, 132, 4)	(130, 122, 133, 4)	(609, 594, 614, 4)	(337, 330, 342, 4)	(-1, -1, -1, 0)	(-1, -1, -1, 0)	(-1, -1, -1, 0)	(-1, -1, -1, 0)	(-1, -1, -1, 0)
24:	(669, 649, 671, 4)	(781, 744, 787, 4)	(131, 126, 134, 4)	(609, 593, 613, 4)	(619, 602, 620, 4)	(53, 42, 57, 4)	(596, 593, 598, 4)	(596, 594, 599, 4)	(559, 548, 560, 4)	(408, 398, 411, 4)	(-1, -1, -1, 0)	(-1, -1, -1, 0)	(-1, -1, -1, 0)	(-1, -1, -1, 0)	(-1, -1, -1, 0)	(-1, -1, -1, 0)
25:	(335, 319, 339, 4)	(136, 112, 139, 4)	(337, 329, 340, 4)	(338, 333, 341, 4)	(408, 396, 409, 4)	(322, 319, 324, 4)	(322, 320, 325, 4)	(322, 321, 326, 4)	(322, 318, 323, 4)	(188, 182, 189, 4)	(807, 122, 810, 4)	(-1, -1, -1, 0)	(-1, -1, -1, 0)	(-1, -1, -1, 0)	(-1, -1, -1, 0)	(-1, -1, -1, 0)
26:	(783, 755, 788, 4)	(12, 8, 14, 4)	(131, 127, 135, 4)	(553, 548, 555, 4)	(12, 10, 16, 4)	(721, 709, 722, 4)	(505, 86, 506, 4)	(343, 318, 344, 4)	(343, 321, 348, 4)	(-1, -1, -1, 0)	(-1, -1, -1, 0)	(-1, -1, -1, 0)	(-1, -1, -1, 0)	(-1, -1, -1, 0)	(-1, -1, -1, 0)	(-1, -1, -1, 0)
27:	(-1, 32, -1, 5)	(401, 397, 403, 4)	(520, 398, 523, 4)	(52, 35, 55, 4)	(714, 710, 716, 4)	(636, 41, 638, 4)	(24, 7, 25, 4)	(609, 592, 610, 4)	(635, 37, 637, 4)	(218, 214, -1, 1)	(-1, -1, -1, 0)	(-1, -1, -1, 0)	(-1, -1, -1, 0)	(-1, -1, -1, 0)	(-1, -1, -1, 0)	(-1, -1, -1, 0)
28:	(64, -1, 66, 6)	(438, 437, -1, 1)	(439, 437, -1, 1)	(440, 437, -1, 1)	(441, 437, -1, 1)	(46, 43, 50, 4)	(164, 147, 169, 4)	(670, 656, 675, 4)	(559, 549, 561, 4)	(12, 7, 13, 4)	(64, 31, 65, 4)	(552, 550, -1, 1)	(-1, -1, -1, 0)	(-1, -1, -1, 0)	(-1, -1, -1, 0)	(-1, -1, -1, 0)
29:	(160, 159, -1, 1)	(161, 159, -1, 1)	(162, 159, -1, 1)	(665, 664, -1, 1)	(666, 664, -1, 1)	(667, 664, -1, 1)	(163, 159, -1, 1)	(668, 664, -1, 1)	(77, 74, 78, 4)	(115, 112, 117, 4)	(77, 75, 79, 4)	(553, 549, 556, 4)	(115, 114, 119, 4)	(164, 145, 167, 4)	(72, 70, -1, 1)	(-1, -1, -1, 0)
30:	(94, 75, 99, 4)	(496, 125, 497, 4)	(19, 7, 20, 4)	(44, 34, 47, 4)	(345, 328, 346, 4)	(94, 74, 95, 4)	(800, 754, 804, 4)	(24, 9, 27, 4)	(846, 754, -1, 7)	(183, 181, -1, 1)	(801, 758, 805, 4)	(-1, -1, -1, 0)	(-1, -1, -1, 0)	(-1, -1, -1, 0)	(-1, -1, -1, 0)	(-1, -1, -1, 0)
31:	(775, 750, 779, 4)	(775, 749, 778, 4)	(775, 751, 780, 4)	(337, 328, 339, 4)	(-1, 750, -1, 5)	(131, 125, 132, 4)	(532, 41, 534, 4)	(734, 709, 735, 4)	(-1, -1, 850, 8)	(184, 181, -1, 1)	(801, 759, 806, 4)	(-1, -1, -1, 0)	(-1, -1, -1, 0)	(-1, -1, -1, 0)	(-1, -1, -1, 0)	(-1, -1, -1, 0)
32:	(775, 748, 777, 4)	(782, 751, 788, 4)	(138, 121, 139, 4)	(53, 40, 54, 4)	(782, -1, 787, 6)	(612, 606, 613, 4)	(219, 145, 221, 4)	(791, 748, 794, 4)	(400, 390, 402, 4)	(799, 748, 803, 4)	(-1, -1, -1, 0)	(-1, -1, -1, 0)	(-1, -1, -1, 0)	(-1, -1, -1, 0)	(-1, -1, -1, 0)	(-1, -1, -1, 0)
33:	(11, 2, 14, 4)	(44, 35, 48, 4)	(51, 31, 55, 4)	(807, 121, 809, 4)	(128, 111, 129, 4)	(532, 40, 533, 4)	(253, 248, 254, 4)	(38, 36, -1, 1)	(-1, -1, -1, 0)	(-1, -1, -1, 0)	(-1, -1, -1, 0)	(-1, -1, -1, 0)	(-1, -1, -1, 0)	(-1, -1, -1, 0)	(-1, -1, -1, 0)	(-1, -1, -1, 0)
34:	(59, 5, 66, 4)	(596, 595, 600, 4)	(617, 593, 620, 4)	(714, 711, 717, 4)	(714, 712, 718, 4)	(406, 390, 409, 4)	(596, 592, 597, 4)	(719, 703, 722, 4)	(324, 323, -1, 1)	(734, 711, 737, 4)	(-1, -1, -1, 0)	(-1, -1, -1, 0)	(-1, -1, -1, 0)	(-1, -1, -1, 0)	(-1, -1, -1, 0)	(-1, -1, -1, 0)
35:	(51, 32, 56, 4)	(272, 268, 277, 4)	(714, 709, 715, 4)	(130, 123, 135, 4)	(611, 604, 616, 4)	(338, 334, 342, 4)	(253, 249, 255, 4)	(817, 329, 820, 4)	(367, 365, -1, 1)	(-1, -1, -1, 0)	(-1, -1, -1, 0)	(-1, -1, -1, 0)	(-1, -1, -1, 0)	(-1, -1, -1, 0)	(-1, -1, -1, 0)	(-1, -1, -1, 0)
36:	(453, 439, 455, 4)	(453, 440, 456, 4)	(453, 441, 459, 4)	(462, 439, 464, 4)	(462, 441, 468, 4)	(462, 440, 465, 4)	(-1, 440, -1, 5)	(444, 439, 446, 4)	(444, 440, 447, 4)	(713, 704, 716, 4)	(691, 650, 694, 4)	(326, 323, -1, 1)	(818, 333, 821, 4)	(-1, -1, -1, 0)	(-1, -1, -1, 0)	(-1, -1, -1, 0)
37:	(824, 439, 826, 4)	(680, 668, 684, 4)	(627, 606, 628, 4)	(166, 162, 169, 4)	(166, 163, 170, 4)	(494, 111, -1, 7)	(824, -1, 827, 6)	(11, 1, 13, 4)	(625, 592, 626, 4)	(166, 160, 167, 4)	(693, 668, 697, 4)	(-1, -1, -1, 0)	(-1, -1, -1, 0)	(-1, -1, -1, 0)	(-1, -1, -1, 0)	(-1, -1, -1, 0)
38:	(680, 667, 683, 4)	(680, 666, 682, 4)	(693, 666, 695, 4)	(338, 332, 339, 4)	(226, 145, 229, 4)	(-1, -1, 495, 8)	(671, 666, 673, 4)	(444, 441, 448, 4)	(444, 438, 445, 4)	(835, 606, 836, 4)	(551, 550, -1, 1)	(238, 237, -1, 1)	(-1, -1, -1, 0)	(-1, -1, -1, 0)	(-1, -1, -1, 0)	(-1, -1, -1, 0)
39:	(203, 184, 207, 4)	(842, 666, 844, 4)	(166, 161, 168, 4)	(671, 667, 674, 4)	(671, 668, 675, 4)	(404, 402, -1, 1)	(405, 402, -1, 1)	(671, 665, 672, 4)	(726, 709, 727, 4)	(841, 659, 845, 4)	(798, 743, 804, 4)	(369, 368, -1, 1)	(-1, -1, -1, 0)	(-1, -1, -1, 0)	(-1, -1, -1, 0)	(-1, -1, -1, 0)
40:	(76, 72, 81, 4)	(115, 111, 116, 4)	(453, 438, 454, 4)	(617, 592, 618, 4)	(599, 597, -1, 1)	(600, 597, -1, 1)	(220, 160, 221, 4)	(350, 321, 355, 4)	(619, 603, 621, 4)	(-1, -1, -1, 0)	(-1, -1, -1, 0)	(-1, -1, -1, 0)	(-1, -1, -1, 0)	(-1, -1, -1, 0)	(-1, -1, -1, 0)	(-1, -1, -1, 0)
41:	(635, 38, 643, 4)	(554, 552, 558, 4)	(45, 38, 50, 4)	(822, 428, 825, 4)	(96, 83, 98, 4)	(45, 37, 47, 4)	(713, 703, 715, 4)	(792, 759, 797, 4)	(252, 245, 254, 4)	(-1, -1, -1, 0)	(-1, -1, -1, 0)	(-1, -1, -1, 0)	(-1, -1, -1, 0)	(-1, -1, -1, 0)	(-1, -1, -1, 0)	(-1, -1, -1, 0)
42:	(352, 332, 353, 4)	(817, 328, 819, 4)	(462, 438, 463, 4)	(325, 323, -1, 1)	(344, 324, 346, 4)	(60, 9, 63, 4)	(187, 180, 190, 4)	(813, 162, 816, 4)	(345, 330, 349, 4)	(71, 70, -1, 1)	(-1, -1, -1, 0)	(-1, -1, -1, 0)	(-1, -1, -1, 0)	(-1, -1, -1, 0)	(-1, -1, -1, 0)	(-1, -1, -1, 0)
43:	(840, 655, 843, 4)	(414, 396, 415, 4)	(89, 83, 90, 4)	(17, 1, 20, 4)	(14, 13, -1, 1)	(598, 597, -1, 1)	(16, 13, -1, 1)	(169, 167, -1, 1)	(170, 167, -1, 1)	(733, 706, 736, 4)	(-1, -1, -1, 0)	(-1, -1, -1, 0)	(-1, -1, -1, 0)	(-1, -1, -1, 0)	(-1, -1, -1, 0)	(-1, -1, -1, 0)
44:	(136, 111, 137, 4)	(446, 445, -1, 1)	(447, 445, -1, 1)	(52, 34, 54, 4)	(448, 445, -1, 1)	(782, 748, 785, 4)	(227, 154, 234, 4)	(344, 326, 348, 4)	(781, 743, 786, 4)	(371, 368, -1, 1)	(-1, -1, -1, 0)	(-1, -1, -1, 0)	(-1, -1, -1, 0)	(-1, -1, -1, 0)	(-1, -1, -1, 0)	(-1, -1, -1, 0)
45:	(15, 13, -1, 1)	(168, 167, -1, 1)	(228, 160, 229, 4)	(692, 659, 696, 4)	(227, 155, 236, 4)	(625, 594, 629, 4)	(267, 266, -1, 1)	(798, 745, 806, 4)	(215, 214, -1, 1)	(-1, -1, -1, 0)	(-1, -1, -1, 0)	(-1, -1, -1, 0)	(-1, -1, -1, 0)	(-1, -1, -1, 0)	(-1, -1, -1, 0)	(-1, -1, -1, 0)
46:	(554, 551, 555, 4)	(117, 116, -1, 1)	(118, 116, -1, 1)	(119, 116, -1, 1)	(520, 396, 521, 4)	(576, 551, 577, 4)	(335, 318, 336, 4)	(187, 179, 189, 4)	(799, 749, 804, 4)	(-1, -1, -1, 0)	(-1, -1, -1, 0)	(-1, -1, -1, 0)	(-1, -1, -1, 0)	(-1, -1, -1, 0)	(-1, -1, -1, 0)	(-1, -1, -1, 0)
47:	(48, 47, -1, 1)	(49, 47, -1, 1)	(50, 47, -1, 1)	(716, 715, -1, 1)	(717, 715, -1, 1)	(824, 438, 825, 4)	(808, 125, 809, 4)	(673, 672, -1, 1)	(718, 715, -1, 1)	(674, 672, -1, 1)	(675, 672, -1, 1)	(372, 359, 373, 4)	(-1, -1, -1, 0)	(-1, -1, -1, 0)	(-1, -1, -1, 0)	(-1, -1, -1, 0)
48:	(610, 599, 614, 4)	(610, 600, 615, 4)	(680, 665, 681, 4)	(351, 324, 353, 4)	(813, 160, 814, 4)	(818, 332, 819, 4)	(619, 604, 623, 4)	(-1, -1, -1, 0)	(-1, -1, -1, 0)	(-1, -1, -1, 0)	(-1, -1, -1, 0)	(-1, -1, -1, 0)	(-1, -1, -1, 0)	(-1, -1, -1, 0)	(-1, -1, -1, 0)	(-1, -1, -1, 0)
49:	(626, 600, 630, 4)	(415, 405, 420, 4)	(91, 90, -1, 1)	(92, 90, -1, 1)	(93, 90, -1, 1)	(842, 665, 843, 4)	(721, 710, 723, 4)	(721, 711, 724, 4)	(414, 397, 416, 4)	(393, 392, -1, 1)	(174, 172, 175, 4)	(-1, -1, -1, 0)	(-1, -1, -1, 0)	(-1, -1, -1, 0)	(-1, -1, -1, 0)	(-1, -1, -1, 0)
50:	(415, 404, 417, 4)	(76, 71, 78, 4)	(515, 71, 516, 4)	(693, 665, 694, 4)	(520, 399, 529, 4)	(226, 147, 234, 4)	(408, 399, 412, 4)	(219, 147, 224, 4)	(617, 594, 621, 4)	(-1, -1, -1, 0)	(-1, -1, -1, 0)	(-1, -1, -1, 0)	(-1, -1, -1, 0)	(-1, -1, -1, 0)	(-1, -1, -1, 0)	(-1, -1, -1, 0)
51:	(61, 16, 66, 4)	(618, 598, 620, 4)	(626, 598, 628, 4)	(575, 545, 581, 4)	(19, 8, 21, 4)	(352, 333, 355, 4)	(352, 334, 356, 4)	(60, 8, 62, 4)	(471, 369, 472, 4)	(-1, -1, -1, 0)	(-1, -1, -1, 0)	(-1, -1, -1, 0)	(-1, -1, -1, 0)	(-1, -1, -1, 0)	(-1, -1, -1, 0)	(-1, -1, -1, 0)
52:	(454, 446, 455, 4)	(454, 447, 456, 4)	(454, 448, 459, 4)	(463, 446, 464, 4)	(463, 448, 468, 4)	(463, 447, 465, 4)	(610, 598, 613, 4)	(691, 652, 696, 4)	(842, 667, 845, 4)	(220, 163, 225, 4)	(626, 599, 629, 4)	(25, 14, 26, 4)	(-1, -1, -1, 0)	(-1, -1, -1, 0)	(-1, -1, -1, 0)	(-1, -1, -1, 0)
53:	(825, 446, 826, 4)	(521, 404, 523, 4)	(336, 326, 341, 4)	(825, 447, 827, 4)	(336, 324, 339, 4)	(374, 366, 376, 4)	(136, 113, 140, 4)	(791, 751, 797, 4)	(391, 389, -1, 1)	(-1, -1, -1, 0)	(-1, -1, -1, 0)	(-1, -1, -1, 0)	(-1, -1, -1, 0)	(-1, -1, -1, 0)	(-1, -1, -1, 0)	(-1, -1, -1, 0)
54:	(495, 119, 499, 4)	(129, 118, 133, 4)	(129, 119, 134, 4)	(272, 267, 274, 4)	(129, 117, 132, 4)	(495, 117, 497, 4)	(734, 712, 738, 4)	(24, 10, 28, 4)	(137, 119, 141, 4)	(409, 404, 411, 4)	(-1, -1, -1, 0)	(-1, -1, -1, 0)	(-1, -1, -1, 0)	(-1, -1, -1, 0)	(-1, -1, -1, 0)	(-1, -1, -1, 0)
55:	(637, 50, 643, 4)	(533, 49, 540, 4)	(681, 674, 683, 4)	(681, 673, 682, 4)	(637, 49, 640, 4)	(54, 49, 57, 4)	(54, 50, 58, 4)	(336, 325, 340, 4)	(471, 371, 478, 4)	(239, 237, -1, 1)	(-1, -1, -1, 0)	(-1, -1, -1, 0)	(-1, -1, -1, 0)	(-1, -1, -1, 0)	(-1, -1, -1, 0)	(-1, -1, -1, 0)
56:	(533, 50, 541, 4)	(694, 673, 695, 4)	(681, 675, 684, 4)	(79, 78, -1, 1)	(557, 555, -1, 1)	(80, 78, -1, 1)	(81, 78, -1, 1)	(228, 162, 234, 4)	(694, 675, 697, 4)	(188, 184, 191, 4)	(798, 744, 805, 4)	(800, 755, 806, 4)	(-1, -1, -1, 0)	(-1, -1, -1, 0)	(-1, -1, -1, 0)	(-1, -1, -1, 0)
57:	(103, 93, 107, 4)	(103, 92, 105, 4)	(506, 92, -1, 7)	(506, 93, 511, 4)	(98, 93, 101, 4)	(98, 91, 99, 4)	(98, 92, 100, 4)	(506, 91, -1, 7)	(103, 91, 104, 4)	(54, 48, 55, 4)	(719, 704, 723, 4)	(300, 245, 301, 4)	(-1, -1, -1, 0)	(-1, -1, -1, 0)	(-1, -1, -1, 0)	(-1, -1, -1, 0)
58:	(843, 673, 844, 4)	(614, 613, -1, 1)	(-1, -1, 508, 8)	(533, 48, 534, 4)	(615, 613, -1, 1)	(637, 48, 638, 4)	(616, 613, -1, 1)	(-1, -1, 507, 8)	(686, 546, 696, 4)	(19, 10, 23, 4)	(722, 717, 724, 4)	(177, 175, -1, 1)	(-1, -1, -1, 0)	(-1, -1, -1, 0)	(-1, -1, -1, 0)	(-1, -1, -1, 0)
59:	(556, 555, -1, 1)	(558, 555, -1, 1)	(341, 339, -1, 1)	(342, 339, -1, 1)	(515, 72, 529, 4)	(-1, 700, -1, 5)	(407, 393, 410, 4)	(219, 146, 223, 4)	(350, 320, 354, 4)	(813, 161, 815, 4)	(-1, -1, -1, 0)	(-1, -1, -1, 0)	(-1, -1, -1, 0)	(-1, -1, -1, 0)	(-1, -1, -1, 0)	(-1, -1, -1, 0)
60:	(133, 132, -1, 1)	(137, 117, 139, 4)	(134, 132, -1, 1)	(135, 132, -1, 1)	(726, 712, 730, 4)	(732, -1, 738, 6)	(379, 367, 381, 4)	(618, 599, 621, 4)	(257, 249, 259, 4)	(370, 368, -1, 1)	(735, 716, 736, 4)	(-1, -1, -1, 0)	(-1, -1, -1, 0)	(-1, -1, -1, 0)	(-1, -1, -1, 0)	(-1, -1, -1, 0)
61:	(400, 391, 403, 4)	(291, 267, 292, 4)	(576, 552, 581, 4)	(374, 367, 377, 4)	(226, 146, 233, 4)	(188, 183, 190, 4)	(735, 717, 737, 4)	(250, 238, 251, 4)	(-1, -1, -1, 0)	(-1, -1, -1, 0)	(-1, -1, -1, 0)	(-1, -1, -1, 0)	(-1, -1, -1, 0)	(-1, -1, -1, 0)	(-1, -1, -1, 0)	(-1, -1, -1, 0)
62:	(340, 339, -1, 1)	(721, 712, 725, 4)	(229, 169, 234, 4)	(843, 674, 845, 4)	(228, 163, 236, 4)	(25, 16, 28, 4)	(25, 15, 27, 4)	(61, 15, 63, 4)	(726, 710, 728, 4)	(-1, -1, -1, 0)	(-1, -1, -1, 0)	(-1, -1, -1, 0)	(-1, -1, -1, 0)	(-1, -1, -1, 0)	(-1, -1, -1, 0)	(-1, -1, -1, 0)
63:	(56, 55, -1, 1)	(57, 55, -1, 1)	(58, 55, -1, 1)	(617, 595, 622, 4)	(520, 397, 522, 4)	(17, 2, 21, 4)	(252, 246, 256, 4)	(351, 326, 355, 4)	(240, 239, 242, 4)	(59, 4, 62, 4)	(-1, -1, -1, 0)	(-1, -1, -1, 0)	(-1, -1, -1, 0)	(-1, -1, -1, 0)	(-1, -1, -1, 0)	(-1, -1, -1, 0)
64:	(504, 81, 512, 4)	(504, 80, 511, 4)	(516, 80, -1, 7)	(504, 79, 507, 4)	(516, 79, 517, 4)	(375, 371, 378, 4)	(409, 405, 412, 4)	(361, 360, 363, 4)	(577, 557, 579, 4)	(361, 359, 362, 4)	(-1, -1, -1, 0)	(-1, -1, -1, 0)	(-1, -1, -1, 0)	(-1, -1, -1, 0)	(-1, -1, -1, 0)	(-1, -1, -1, 0)
65:	(95, 81, 102, 4)	(95, 79, 99, 4)	(-1, -1, 528, 8)	(138, 122, 140, 4)	(19, 9, 22, 4)	(18, 5, 23, 4)	(220, 162, 224, 4)	(173, 171, -1, 1)	(-1, -1, -1, 0)	(-1, -1, -1, 0)	(-1, -1, -1, 0)	(-1, -1, -1, 0)	(-1, -1, -1, 0)	(-1, -1, -1, 0)	(-1, -1, -1, 0)	(-1, -1, -1, 0)
66:	(628, 615, 630, 4)	(628, 616, 634, 4)	(836, 615, 838, 4)	(202, 177, 207, 4)	(560, 557, 562, 4)	(693, 667, 696, 4)	(733, 707, 738, 4)	(220, 161, 223, 4)	(-1, -1, -1, 0)	(-1, -1, -1, 0)	(-1, -1, -1, 0)	(-1, -1, -1, 0)	(-1, -1, -1, 0)	(-1, -1, -1, 0)	(-1, -1, -1, 0)	(-1, -1, -1, 0)
67:	(95, 80, 101, 4)	(403, 402, -1, 1)	(565, 556, 566, 4)	(577, 556, 578, 4)	(372, 360, 376, 4)	(565, 558, 569, 4)	(565, 557, 567, 4)	(250, 239, 254, 4)	(732, 701, 740, 4)	(-1, -1, -1, 0)	(-1, -1, -1, 0)	(-1, -1, -1, 0)	(-1, -1, -1, 0)	(-1, -1, -1, 0)	(-1, -1, -1, 0)	(-1, -1, -1, 0)
68:	(497, 134, 499, 4)	(497, 135, 503, 4)	(809, 134, 830, 4)	(560, 558, 564, 4)	(577, 558, 581, 4)	(139, 134, 141, 4)	(495, 118, 498, 4)	(346, 341, 348, 4)	(394, 392, -1, 1)	(-1, -1, -1, 0)	(-1, -1, -1, 0)	(-1, -1, -1, 0)	(-1, -1, -1, 0)	(-1, -1, -1, 0)	(-1, -1, -1, 0)	(-1, -1, -1, 0)
69:	(560, 556, 561, 4)	(618, 600, 622, 4)	(345, 329, 347, 4)	(353, 342, 356, 4)	(192, 180, 194, 4)	(203, 183, 205, 4)	(353, 341, 355, 4)	(819, 341, -1, 7)	(346, 342, 349, 4)	(799, 751, 806, 4)	(-1, -1, -1, 0)	(-1, -1, -1, 0)	(-1, -1, -1, 0)	(-1, -1, -1, 0)	(-1, -1, -1, 0)	(-1, -1, -1, 0)
70:	(726, 711, 729, 4)	(727, 718, 730, 4)	(229, 170, 236, 4)	(720, 706, 723, 4)	(228, 161, 233, 4)	(271, 269, -1, 1)	(-1, -1, -1, 0)	(-1, -1, 821, 8)	(-1, -1, -1, 0)	(-1, -1, -1, 0)	(-1, -1, -1, 0)	(-1, -1, -1, 0)	(-1, -1, -1, 0)	(-1, -1, -1, 0)	(-1, -1, -1, 0)	(-1, -1, -1, 0)
71:	(638, 58, 643, 4)	(534, 57, 540, 4)	(65, 56, 66, 4)	(534, 58, 541, 4)	(65, 58, 68, 4)	(638, 57, 640, 4)	(534, 56, 535, 4)	(638, 56, 639, 4)	(521, 405, 529, 4)	(139, 135, 142, 4)	(620, 616, 623, 4)	(620, 614, 621, 4)	(819, 340, -1, 7)	(-1, -1, -1, 0)	(-1, -1, -1, 0)	(-1, -1, -1, 0)
72:	(65, 57, 67, 4)	(694, 674, 696, 4)	(519, 393, 522, 4)	(18, 4, 21, 4)	(791, 749, 795, 4)	(240, 238, 241, 4)	(221, 168, 223, 4)	(-1, -1, -1, 0)	(-1, -1, -1, 0)	(-1, -1, -1, 0)	(-1, -1, -1, 0)	(-1, -1, -1, 0)	(-1, -1, 820, 8)	(-1, -1, -1, 0)	(-1, -1, -1, 0)	(-1, -1, -1, 0)
73:	(100, 99, -1, 1)	(101, 99, -1, 1)	(102, 99, -1, 1)	(735, 718, 738, 4)	(375, 369, 376, 4)	(375, 370, 377, 4)	(406, 391, 410, 4)	(221, 169, 224, 4)	(221, 170, 225, 4)	(-1, -1, -1, 0)	(-1, -1, -1, 0)	(-1, -1, -1, 0)	(-1, -1, -1, 0)	(-1, -1, -1, 0)	(-1, -1, -1, 0)	(-1, -1, -1, 0)
74:	(720, 707, 725, 4)	(471, 370, 473, 4)	(137, 118, 140, 4)	(575, 546, 583, 4)	(363, 362, -1, 1)	(379, 366, 380, 4)	(192, 179, 193, 4)	(836, 614, 837, 4)	(-1, -1, -1, 0)	(-1, -1, -1, 0)	(-1, -1, -1, 0)	(-1, -1, -1, 0)	(-1, -1, -1, 0)	(-1, -1, -1, 0)	(-1, -1, -1, 0)	(-1, -1, -1, 0)
75:	(562, 561, -1, 1)	(563, 561, -1, 1)	(564, 561, -1, 1)	(174, 173, 176, 4)	(185, 173, 189, 4)	(203, 182, 204, 4)	(344, 325, 347, 4)	(351, 325, 354, 4)	(-1, -1, -1, 0)	(-1, -1, -1, 0)	(-1, -1, -1, 0)	(-1, -1, -1, 0)	(-1, -1, -1, 0)	(-1, -1, -1, 0)	(-1, -1, -1, 0)	(-1, -1, -1, 0)
76:	(516, 81, -1, 7)	(407, 394, 412, 4)	(20, 15, 22, 4)	(620, 615, 622, 4)	(415, 403, 416, 4)	(229, 168, 233, 4)	(801, 757, 802, 4)	(792, 757, 793, 4)	(-1, -1, -1, 0)	(-1, -1, -1, 0)	(-1, -1, -1, 0)	(-1, -1, -1, 0)	(-1, -1, -1, 0)	(-1, -1, -1, 0)	(-1, -1, -1, 0)	(-1, -1, -1, 0)
77:	(-1, -1, 529, 8)	(20, 16, 23, 4)	(364, 362, -1, 1)	(270, 269, -1, 1)	(789, 700, 790, 4)	(-1, -1, -1, 0)	(-1, -1, -1, 0)	(-1, -1, -1, 0)	(-1, -1, -1, 0)	(-1, -1, -1, 0)	(-1, -1, -1, 0)	(-1, -1, -1, 0)	(-1, -1, -1, 0)	(-1, -1, -1, 0)	(-1, -1, -1, 0)	(-1, -1, -1, 0)
78:	(283, 271, 286, 4)	(273, 271, 276, 4)	(727, 717, 729, 4)	(814, 169, 816, 4)	(722, 716, 723, 4)	(727, 716, 728, 4)	(-1, -1, -1, 0)	(-1, -1, -1, 0)	(-1, -1, -1, 0)	(-1, -1, -1, 0)	(-1, -1, -1, 0)	(-1, -1, -1, 0)	(-1, -1, -1, 0)	(-1, -1, -1, 0)	(-1, -1, -1, 0)	(-1, -1, -1, 0)
79:	(782, 749, 786, 4)	(409, 403, 410, 4)	(521, 403, 522, 4)	(628, 614, 629, 4)	(224, 223, -1, 1)	(225, 223, -1, 1)	(792, 758, 796, 4)	(783, 753, 784, 4)	(-1, -1, -1, 0)	(-1, -1, -1, 0)	(-1, -1, -1, 0)	(-1, -1, -1, 0)	(-1, -1, -1, 0)	(-1, -1, -1, 0)	(-1, -1, -1, 0)	(-1, -1, -1, 0)
80:	(722, 718, 725, 4)	(139, 133, 140, 4)	(243, 241, -1, 1)	(809, 133, 810, 4)	(623, 621, -1, 1)	(808, 127, 848, 4)	(-1, -1, -1, 0)	(-1, -1, -1, 0)	(-1, -1, -1, 0)	(-1, -1, -1, 0)	(-1, -1, -1, 0)	(-1, -1, -1, 0)	(-1, -1, -1, 0)	(-1, -1, -1, 0)	(-1, -1, -1, 0)	(-1, -1, -1, 0)
81:	(104, 101, 107, 4)	(104, 102, 108, 4)	(104, 100, 105, 4)	(507, 100, 508, 4)	(507, 101, 511, 4)	(-1, 101, -1, 5)	(20, 14, 21, 4)	(176, 175, -1, 1)	(242, 241, -1, 1)	(61, 14, 62, 4)	(-1, -1, -1, 0)	(-1, -1, -1, 0)	(-1, -1, -1, 0)	(-1, -1, -1, 0)	(-1, -1, -1, 0)	(-1, -1, -1, 0)
82:	(517, 100, 518, 4)	(373, 363, 376, 4)	(185, 172, 186, 4)	(622, 621, -1, 1)	(353, 340, 354, 4)	(517, -1, 528, 6)	(-1, -1, -1, 0)	(-1, -1, -1, 0)	(-1, -1, -1, 0)	(-1, -1, -1, 0)	(-1, -1, -1, 0)	(-1, -1, -1, 0)	(-1, -1, -1, 0)	(-1, -1, -1, 0)	(-1, -1, -1, 0)	(-1, -1, -1, 0)
83:	(507, 102, 512, 4)	(519, 394, 529, 4)	(570, 564, 573, 4)	(578, 564, 581, 4)	(566, 563, 568, 4)	(570, 563, 572, 4)	(566, 564, 569, 4)	(578, 563, 580, 4)	(566, 562, 567, 4)	(578, 562, 579, 4)	(686, 545, 687, 4)	(-1, -1, -1, 0)	(-1, -1, -1, 0)	(-1, -1, -1, 0)	(-1, -1, -1, 0)	(-1, -1, -1, 0)
84:	(470, 363, 472, 4)	(497, 133, 498, 4)	(724, 723, -1, 1)	(814, 168, 815, 4)	(-1, -1, -1, 0)	(-1, -1, -1, 0)	(-1, -1, -1, 0)	(-1, -1, -1, 0)	(-1, -1, -1, 0)	(-1, -1, -1, 0)	(-1, -1, -1, 0)	(-1, -1, -1, 0)	(-1, -1, -1, 0)	(-1, -1, -1, 0)	(-1, -1, -1, 0)	(-1, -1, -1, 0)
85:	(273, 270, 274, 4)	(283, 270, 284, 4)	(470, 364, 478, 4)	(373, 364, 378, 4)	(847, 759, 852, 4)	(-1, -1, -1, 0)	(-1, -1, -1, 0)	(-1, -1, -1, 0)	(-1, -1, -1, 0)	(-1, -1, -1, 0)	(-1, -1, -1, 0)	(-1, -1, -1, 0)	(-1, -1, -1, 0)	(-1, -1, -1, 0)	(-1, -1, -1, 0)	(-1, -1, -1, 0)
86:	(411, 410, -1, 1)	(141, 140, -1, 1)	(412, 410, -1, 1)	(725, 723, -1, 1)	(142, 140, -1, 1)	(835, 608, 848, 4)	(-1, -1, -1, 0)	(-1, -1, -1, 0)	(-1, -1, -1, 0)	(-1, -1, -1, 0)	(-1, -1, -1, 0)	(-1, -1, -1, 0)	(-1, -1, -1, 0)	(-1, -1, -1, 0)	(-1, -1, -1, 0)	(-1, -1, -1, 0)
87:	(106, 105, -1, 1)	(107, 105, -1, 1)	(108, 105, -1, 1)	(109, 105, -1, 1)	(570, 562, 571, 4)	(22, 21, -1, 1)	(23, 21, -1, 1)	(799, 750, 805, 4)	(800, 753, 802, 4)	(-1, -1, -1, 0)	(-1, -1, -1, 0)	(-1, -1, -1, 0)	(-1, -1, -1, 0)	(-1, -1, -1, 0)	(-1, -1, -1, 0)	(-1, -1, -1, 0)
88:	(629, 623, 634, 4)	(299, 243, 305, 4)	(233, 224, 234, 4)	(233, 225, 236, 4)	(377, 376, -1, 1)	(-1, -1, -1, 0)	(-1, -1, -1, 0)	(-1, -1, -1, 0)	(-1, -1, -1, 0)	(-1, -1, -1, 0)	(-1, -1, -1, 0)	(-1, -1, -1, 0)	(-1, -1, -1, 0)	(-1, -1, -1, 0)	(-1, -1, -1, 0)	(-1, -1, -1, 0)
89:	(517, 102, 529, 4)	(251, 243, 256, 4)	(568, 567, -1, 1)	(569, 567, -1, 1)	(251, 242, 254, 4)	(186, 176, 189, 4)	(-1, -1, -1, 0)	(-1, -1, -1, 0)	(-1, -1, -1, 0)	(-1, -1, -1, 0)	(-1, -1, -1, 0)	(-1, -1, -1, 0)	(-1, -1, -1, 0)	(-1, -1, -1, 0)	(-1, -1, -1, 0)	(-1, -1, -1, 0)
90:	(629, 622, 630, 4)	(837, 622, 838, 4)	(186, 177, 191, 4)	(202, 176, 204, 4)	(299, 242, 301, 4)	(-1, -1, -1, 0)	(-1, -1, -1, 0)	(-1, -1, -1, 0)	(-1, -1, -1, 0)	(-1, -1, -1, 0)	(-1, -1, -1, 0)	(-1, -1, -1, 0)	(-1, -1, -1, 0)	(-1, -1, -1, 0)	(-1, -1, -1, 0)	(-1, -1, -1, 0)
91:	(275, 274, -1, 1)	(276, 274, -1, 1)	(277, 274, -1, 1)	(378, 376, -1, 1)	(815, 224, 816, 4)	(-1, -1, -1, 0)	(-1, -1, -1, 0)	(-1, -1, -1, 0)	(-1, -1, -1, 0)	(-1, -1, -1, 0)	(-1, -1, -1, 0)	(-1, -1, -1, 0)	(-1, -1, -1, 0)	(-1, -1, -1, 0)	(-1, -1, -1, 0)	(-1, -1, -1, 0)
92:	(346, 340, 347, 4)	(789, 701, 796, 4)	(847, 758, 851, 4)	(-1, -1, -1, 0)	(-1, -1, -1, 0)	(-1, -1, -1, 0)	(-1, -1, -1, 0)	(-1, -1, -1, 0)	(-1, -1, -1, 0)	(-1, -1, -1, 0)	(-1, -1, -1, 0)	(-1, -1, -1, 0)	(-1, -1, -1, 0)	(-1, -1, -1, 0)	(-1, -1, -1, 0)	(-1, -1, -1, 0)
93:	(728, 724, 729, 4)	(736, 724, 737, 4)	(812, 155, 848, 4)	(-1, -1, -1, 0)	(-1, -1, -1, 0)	(-1, -1, -1, 0)	(-1, -1, -1, 0)	(-1, -1, -1, 0)	(-1, -1, -1, 0)	(-1, -1, -1, 0)	(-1, -1, -1, 0)	(-1, -1, -1, 0)	(-1, -1, -1, 0)	(-1, -1, -1, 0)	(-1, -1, -1, 0)	(-1, -1, -1, 0)
94:	(498, 141, 499, 4)	(498, 142, 503, 4)	(810, 141, 830, 4)	(416, 411, 417, 4)	(416, 412, 420, 4)	(728, 725, 730, 4)	(-1, -1, -1, 0)	(-1, -1, -1, 0)	(-1, -1, -1, 0)	(-1, -1, -1, 0)	(-1, -1, -1, 0)	(-1, -1, -1, 0)	(-1, -1, -1, 0)	(-1, -1, -1, 0)	(-1, -1, -1, 0)	(-1, -1, -1, 0)
95:	(493, 107, 500, 4)	(493, 108, 501, 4)	(508, 106, 510, 4)	(518, 106, 527, 4)	(536, 106, 537, 4)	(508, 108, 512, 4)	(508, 107, 511, 4)	(518, 107, 528, 4)	(536, 107, 538, 4)	(536, 108, 539, 4)	(-1, -1, -1, 0)	(-1, -1, -1, 0)	(-1, -1, -1, 0)	(-1, -1, -1, 0)	(-1, -1, -1, 0)	(-1, -1, -1, 0)
96:	(-1, 109, -1, 5)	(536, 109, 540, 4)	(62, 23, 66, 4)	(522, 411, 523, 4)	(518, 109, 530, 4)	(62, 22, 63, 4)	(846, 755, 852, 4)	(-1, -1, -1, 0)	(-1, -1, -1, 0)	(-1, -1, -1, 0)	(-1, -1, -1, 0)	(-1, -1, -1, 0)	(-1, -1, -1, 0)	(-1, -1, -1, 0)	(-1, -1, -1, 0)	(-1, -1, -1, 0)
97:	(493, -1, 502, 6)	(522, 412, 529, 4)	(571, 569, 573, 4)	(579, 569, 581, 4)	(736, 725, 738, 4)	(579, 568, 580, 4)	(255, 254, -1, 1)	(-1, -1, -1, 0)	(-1, -1, -1, 0)	(-1, -1, -1, 0)	(-1, -1, -1, 0)	(-1, -1, -1, 0)	(-1, -1, -1, 0)	(-1, -1, -1, 0)	(-1, -1, -1, 0)	(-1, -1, -1, 0)
98:	(508, 109, 513, 4)	(472, 377, -1, 7)	(26, 22, 27, 4)	(190, 189, -1, 1)	(191, 189, -1, 1)	(-1, -1, -1, 0)	(-1, -1, -1, 0)	(-1, -1, -1, 0)	(-1, -1, -1, 0)	(-1, -1, -1, 0)	(-1, -1, -1, 0)	(-1, -1, -1, 0)	(-1, -1, -1, 0)	(-1, -1, -1, 0)	(-1, -1, -1, 0)	(-1, -1, -1, 0)
99:	(292, 277, 295, 4)	(-1, -1, 473, 8)	(278, 276, 280, 4)	(284, 276, 286, 4)	(292, 276, 294, 4)	(278, 275, 279, 4)	(284, 275, 285, 4)	(292, 275, 293, 4)	(-1, -1, -1, 0)	(-1, -1, -1, 0)	(-1, -1, -1, 0)	(-1, -1, -1, 0)	(-1, -1, -1, 0)	(-1, -1, -1, 0)	(-1, -1, -1, 0)	(-1, -1, -1, 0)
100:	(493, 106, 499, 4)	(278, 277, 281, 4)	(26, 23, 28, 4)	(256, 254, -1, 1)	(349, 347, -1, 1)	(-1, -1, -1, 0)	(-1, -1, -1, 0)	(-1, -1, -1, 0)	(-1, -1, -1, 0)	(-1, -1, -1, 0)	(-1, -1, -1, 0)	(-1, -1, -1, 0)	(-1, -1, -1, 0)	(-1, -1, -1, 0)	(-1, -1, -1, 0)	(-1, -1, -1, 0)
101:	(284, 277, 287, 4)	(472, 378, 478, 4)	(731, 729, -1, 1)	(-1, -1, -1, 0)	(-1, -1, -1, 0)	(-1, -1, -1, 0)	(-1, -1, -1, 0)	(-1, -1, -1, 0)	(-1, -1, -1, 0)	(-1, -1, -1, 0)	(-1, -1, -1, 0)	(-1, -1, -1, 0)	(-1, -1, -1, 0)	(-1, -1, -1, 0)	(-1, -1, -1, 0)	(-1, -1, -1, 0)
102:	(380, 378, 383, 4)	(807, 123, 848, 4)	(-1, -1, -1, 0)	(-1, -1, -1, 0)	(-1, -1, -1, 0)	(-1, -1, -1, 0)	(-1, -1, -1, 0)	(-1, -1, -1, 0)	(-1, -1, -1, 0)	(-1, -1, -1, 0)	(-1, -1, -1, 0)	(-1, -1, -1, 0)	(-1, -1, -1, 0)	(-1, -1, -1, 0)	(-1, -1, -1, 0)	(-1, -1, -1, 0)
103:	(518, 108, 529, 4)	(380, 377, 381, 4)	(-1, -1, -1, 0)	(-1, -1, -1, 0)	(-1, -1, -1, 0)	(-1, -1, -1, 0)	(-1, -1, -1, 0)	(-1, -1, -1, 0)	(-1, -1, -1, 0)	(-1, -1, -1, 0)	(-1, -1, -1, 0)	(-1, -1, -1, 0)	(-1, -1, -1, 0)	(-1, -1, -1, 0)	(-1, -1, -1, 0)	(-1, -1, -1, 0)
104:	(571, 568, 572, 4)	(730, 729, -1, 1)	(-1, -1, -1, 0)	(-1, -1, -1, 0)	(-1, -1, -1, 0)	(-1, -1, -1, 0)	(-1, -1, -1, 0)	(-1, -1, -1, 0)	(-1, -1, -1, 0)	(-1, -1, -1, 0)	(-1, -1, -1, 0)	(-1, -1, -1, 0)	(-1, -1, -1, 0)	(-1, -1, -1, 0)	(-1, -1, -1, 0)	(-1, -1, -1, 0)
105:	(280, 279, -1, 1)	(282, 279, -1, 1)	(258, 255, 259, 4)	(301, 255, 302, 4)	(29, 27, -1, 1)	(-1, -1, -1, 0)	(-1, -1, -1, 0)	(-1, -1, -1, 0)	(-1, -1, -1, 0)	(-1, -1, -1, 0)	(-1, -1, -1, 0)	(-1, -1, -1, 0)	(-1, -1, -1, 0)	(-1, -1, -1, 0)	(-1, -1, -1, 0)	(-1, -1, -1, 0)
106:	(500, 499, -1, 1)	(501, 499, -1, 1)	(502, 499, -1, 1)	(503, 499, -1, 1)	(204, 191, 207, 4)	(193, 191, 196, 4)	(28, 27, -1, 1)	(193, 190, 194, 4)	(204, 190, 205, 4)	(-1, -1, -1, 0)	(-1, -1, -1, 0)	(-1, -1, -1, 0)	(-1, -1, -1, 0)	(-1, -1, -1, 0)	(-1, -1, -1, 0)	(-1, -1, -1, 0)
107:	(281, 279, -1, 1)	(348, 347, -1, 1)	(-1, -1, -1, 0)	(-1, -1, -1, 0)	(-1, -1, -1, 0)	(-1, -1, -1, 0)	(-1, -1, -1, 0)	(-1, -1, -1, 0)	(-1, -1, -1, 0)	(-1, -1, -1, 0)	(-1, -1, -1, 0)	(-1, -1, -1, 0)	(-1, -1, -1, 0)	(-1, -1, -1, 0)	(-1, -1, -1, 0)	(-1, -1, -1, 0)
108:	(301, 256, 305, 4)	(258, 256, 261, 4)	(-1, -1, -1, 0)	(-1, -1, -1, 0)	(-1, -1, -1, 0)	(-1, -1, -1, 0)	(-1, -1, -1, 0)	(-1, -1, -1, 0)	(-1, -1, -1, 0)	(-1, -1, -1, 0)	(-1, -1, -1, 0)	(-1, -1, -1, 0)	(-1, -1, -1, 0)	(-1, -1, -1, 0)	(-1, -1, -1, 0)	(-1, -1, -1, 0)
109:	(773, 731, 777, 4)	(737, 731, 739, 4)	(354, 349, 356, 4)	(-1, -1, -1, 0)	(-1, -1, -1, 0)	(-1, -1, -1, 0)	(-1, -1, -1, 0)	(-1, -1, -1, 0)	(-1, -1, -1, 0)	(-1, -1, -1, 0)	(-1, -1, -1, 0)	(-1, -1, -1, 0)	(-1, -1, -1, 0)	(-1, -1, -1, 0)	(-1, -1, -1, 0)	(-1, -1, -1, 0)
110:	(382, 381, -1, 1)	(383, 381, -1, 1)	(791, 750, 796, 4)	(-1, -1, -1, 0)	(-1, -1, -1, 0)	(-1, -1, -1, 0)	(-1, -1, -1, 0)	(-1, -1, -1, 0)	(-1, -1, -1, 0)	(-1, -1, -1, 0)	(-1, -1, -1, 0)	(-1, -1, -1, 0)	(-1, -1, -1, 0)	(-1, -1, -1, 0)	(-1, -1, -1, 0)	(-1, -1, -1, 0)
111:	(573, 572, -1, 1)	(574, 572, -1, 1)	(260, 259, -1, 1)	(-1, -1, -1, 0)	(-1, -1, -1, 0)	(-1, -1, -1, 0)	(-1, -1, -1, 0)	(-1, -1, -1, 0)	(-1, -1, -1, 0)	(-1, -1, -1, 0)	(-1, -1, -1, 0)	(-1, -1, -1, 0)	(-1, -1, -1, 0)	(-1, -1, -1, 0)	(-1, -1, -1, 0)	(-1, -1, -1, 0)
112:	(195, 194, -1, 1)	(196, 194, -1, 1)	(773, 730, 774, 4)	(-1, -1, -1, 0)	(-1, -1, -1, 0)	(-1, -1, -1, 0)	(-1, -1, -1, 0)	(-1, -1, -1, 0)	(-1, -1, -1, 0)	(-1, -1, -1, 0)	(-1, -1, -1, 0)	(-1, -1, -1, 0)	(-1, -1, -1, 0)	(-1, -1, -1, 0)	(-1, -1, -1, 0)	(-1, -1, -1, 0)
113:	(293, 282, 297, 4)	(285, 282, 288, 4)	(293, 280, 294, 4)	(834, 604, 848, 4)	(-1, -1, -1, 0)	(-1, -1, -1, 0)	(-1, -1, -1, 0)	(-1, -1, -1, 0)	(-1, -1, -1, 0)	(-1, -1, -1, 0)	(-1, -1, -1, 0)	(-1, -1, -1, 0)	(-1, -1, -1, 0)	(-1, -1, -1, 0)	(-1, -1, -1, 0)	(-1, -1, -1, 0)
114:	(537, 502, 540, 4)	(537, 503, 542, 4)	(63, 29, 69, 4)	(527, 500, 528, 4)	(537, 500, 538, 4)	(527, 501, 529, 4)	(527, 503, 531, 4)	(527, 502, 530, 4)	(537, 501, 539, 4)	(-1, -1, -1, 0)	(-1, -1, -1, 0)	(-1, -1, -1, 0)	(-1, -1, -1, 0)	(-1, -1, -1, 0)	(-1, -1, -1, 0)	(-1, -1, -1, 0)
115:	(761, 29, 777, 4)	(830, 502, 833, 4)	(63, 28, 66, 4)	(761, 28, 762, 4)	(485, 280, 486, 4)	(830, 501, 832, 4)	(-1, -1, -1, 0)	(-1, -1, -1, 0)	(-1, -1, -1, 0)	(-1, -1, -1, 0)	(-1, -1, -1, 0)	(-1, -1, -1, 0)	(-1, -1, -1, 0)	(-1, -1, -1, 0)	(-1, -1, -1, 0)	(-1, -1, -1, 0)
116:	(293, 281, 295, 4)	(510, 501, 512, 4)	(510, 502, 513, 4)	(285, 281, 287, 4)	(510, 503, 514, 4)	(-1, -1, -1, 0)	(-1, -1, -1, 0)	(-1, -1, -1, 0)	(-1, -1, -1, 0)	(-1, -1, -1, 0)	(-1, -1, -1, 0)	(-1, -1, -1, 0)	(-1, -1, -1, 0)	(-1, -1, -1, 0)	(-1, -1, -1, 0)	(-1, -1, -1, 0)
117:	(485, 281, 487, 4)	(510, 500, 511, 4)	(485, 282, 490, 4)	(354, 348, 355, 4)	(-1, -1, -1, 0)	(-1, -1, -1, 0)	(-1, -1, -1, 0)	(-1, -1, -1, 0)	(-1, -1, -1, 0)	(-1, -1, -1, 0)	(-1, -1, -1, 0)	(-1, -1, -1, 0)	(-1, -1, -1, 0)	(-1, -1, -1, 0)	(-1, -1, -1, 0)	(-1, -1, -1, 0)
118:	(384, 383, 388, 4)	(384, 382, 385, 4)	(473, 382, 474, 4)	(261, 259, -1, 1)	(820, 348, 821, 4)	(-1, -1, -1, 0)	(-1, -1, -1, 0)	(-1, -1, -1, 0)	(-1, -1, -1, 0)	(-1, -1, -1, 0)	(-1, -1, -1, 0)	(-1, -1, -1, 0)	(-1, -1, -1, 0)	(-1, -1, -1, 0)	(-1, -1, -1, 0)	(-1, -1, -1, 0)
119:	(584, 574, 586, 4)	(580, 574, 582, 4)	(580, 573, 581, 4)	(584, 573, 585, 4)	(737, 730, 738, 4)	(811, 151, 848, 4)	(-1, -1, -1, 0)	(-1, -1, -1, 0)	(-1, -1, -1, 0)	(-1, -1, -1, 0)	(-1, -1, -1, 0)	(-1, -1, -1, 0)	(-1, -1, -1, 0)	(-1, -1, -1, 0)	(-1, -1, -1, 0)	(-1, -1, -1, 0)
120:	(197, 196, 199, 4)	(205, 196, 207, 4)	(285, 280, 286, 4)	(197, 195, 198, 4)	(205, 195, 206, 4)	(-1, -1, -1, 0)	(-1, -1, -1, 0)	(-1, -1, -1, 0)	(-1, -1, -1, 0)	(-1, -1, -1, 0)	(-1, -1, -1, 0)	(-1, -1, -1, 0)	(-1, -1, -1, 0)	(-1, -1, -1, 0)	(-1, -1, -1, 0)	(-1, -1, -1, 0)
121:	(67, 66, -1, 1)	(68, 66, -1, 1)	(69, 66, -1, 1)	(830, 500, 831, 4)	(-1, -1, -1, 0)	(-1, -1, -1, 0)	(-1, -1, -1, 0)	(-1, -1, -1, 0)	(-1, -1, -1, 0)	(-1, -1, -1, 0)	(-1, -1, -1, 0)	(-1, -1, -1, 0)	(-1, -1, -1, 0)	(-1, -1, -1, 0)	(-1, -1, -1, 0)	(-1, -1, -1, 0)
122:	(473, 383, 478, 4)	(262, 260, 263, 4)	(302, 260, 303, 4)	(-1, -1, -1, 0)	(-1, -1, -1, 0)	(-1, -1, -1, 0)	(-1, -1, -1, 0)	(-1, -1, -1, 0)	(-1, -1, -1, 0)	(-1, -1, -1, 0)	(-1, -1, -1, 0)	(-1, -1, -1, 0)	(-1, -1, -1, 0)	(-1, -1, -1, 0)	(-1, -1, -1, 0)	(-1, -1, -1, 0)
123:	(512, 511, -1, 1)	(513, 511, -1, 1)	(514, 511, -1, 1)	(357, 355, -1, 1)	(356, 355, -1, 1)	(-1, -1, -1, 0)	(-1, -1, -1, 0)	(-1, -1, -1, 0)	(-1, -1, -1, 0)	(-1, -1, -1, 0)	(-1, -1, -1, 0)	(-1, -1, -1, 0)	(-1, -1, -1, 0)	(-1, -1, -1, 0)	(-1, -1, -1, 0)	(-1, -1, -1, 0)
124:	(386, 385, -1, 1)	(387, 385, -1, 1)	(388, 385, -1, 1)	(-1, -1, -1, 0)	(-1, -1, -1, 0)	(-1, -1, -1, 0)	(-1, -1, -1, 0)	(-1, -1, -1, 0)	(-1, -1, -1, 0)	(-1, -1, -1, 0)	(-1, -1, -1, 0)	(-1, -1, -1, 0)	(-1, -1, -1, 0)	(-1, -1, -1, 0)	(-1, -1, -1, 0)	(-1, -1, -1, 0)
125:	(582, 581, -1, 1)	(583, 581, -1, 1)	(739, 738, -1, 1)	(740, 738, -1, 1)	(823, 433, 848, 4)	(-1, -1, -1, 0)	(-1, -1, -1, 0)	(-1, -1, -1, 0)	(-1, -1, -1, 0)	(-1, -1, -1, 0)	(-1, -1, -1, 0)	(-1, -1, -1, 0)	(-1, -1, -1, 0)	(-1, -1, -1, 0)	(-1, -1, -1, 0)	(-1, -1, -1, 0)
126:	(302, 261, 305, 4)	(199, 198, -1, 1)	(287, 286, -1, 1)	(200, 198, -1, 1)	(201, 198, -1, 1)	(288, 286, -1, 1)	(289, 286, -1, 1)	(-1, -1, -1, 0)	(-1, -1, -1, 0)	(-1, -1, -1, 0)	(-1, -1, -1, 0)	(-1, -1, -1, 0)	(-1, -1, -1, 0)	(-1, -1, -1, 0)	(-1, -1, -1, 0)	(-1, -1, -1, 0)
127:	(262, 261, 265, 4)	(-1, -1, -1, 0)	(-1, -1, -1, 0)	(-1, -1, -1, 0)	(-1, -1, -1, 0)	(-1, -1, -1, 0)	(-1, -1, -1, 0)	(-1, -1, -1, 0)	(-1, -1, -1, 0)	(-1, -1, -1, 0)	(-1, -1, -1, 0)	(-1, -1, -1, 0)	(-1, -1, -1, 0)	(-1, -1, -1, 0)	(-1, -1, -1, 0)	(-1, -1, -1, 0)
128:	(264, 263, -1, 1)	(-1, -1, -1, 0)	(-1, -1, -1, 0)	(-1, -1, -1, 0)	(-1, -1, -1, 0)	(-1, -1, -1, 0)	(-1, -1, -1, 0)	(-1, -1, -1, 0)	(-1, -1, -1, 0)	(-1, -1, -1, 0)	(-1, -1, -1, 0)	(-1, -1, -1, 0)	(-1, -1, -1, 0)	(-1, -1, -1, 0)	(-1, -1, -1, 0)	(-1, -1, -1, 0)
129:	(639, 68, 643, 4)	(639, 69, 647, 4)	(762, 68, 770, 4)	(762, 69, 777, 4)	(535, 68, 541, 4)	(-1, -1, -1, 0)	(-1, -1, -1, 0)	(-1, -1, -1, 0)	(-1, -1, -1, 0)	(-1, -1, -1, 0)	(-1, -1, -1, 0)	(-1, -1, -1, 0)	(-1, -1, -1, 0)	(-1, -1, -1, 0)	(-1, -1, -1, 0)	(-1, -1, -1, 0)
130:	(535, 67, 540, 4)	(535, 69, 543, 4)	(762, 67, 769, 4)	(-1, -1, -1, 0)	(-1, -1, -1, 0)	(-1, -1, -1, 0)	(-1, -1, -1, 0)	(-1, -1, -1, 0)	(-1, -1, -1, 0)	(-1, -1, -1, 0)	(-1, -1, -1, 0)	(-1, -1, -1, 0)	(-1, -1, -1, 0)	(-1, -1, -1, 0)	(-1, -1, -1, 0)	(-1, -1, -1, 0)
131:	(821, 357, 849, 4)	(538, 514, 542, 4)	(831, 513, -1, 7)	(528, 514, 531, 4)	(831, 512, -1, 7)	(528, 513, 530, 4)	(538, 512, 539, 4)	(-1, -1, -1, 0)	(-1, -1, -1, 0)	(-1, -1, -1, 0)	(-1, -1, -1, 0)	(-1, -1, -1, 0)	(-1, -1, -1, 0)	(-1, -1, -1, 0)	(-1, -1, -1, 0)	(-1, -1, -1, 0)
132:	(474, 387, 476, 4)	(413, 387, 418, 4)	(-1, -1, 833, 8)	(474, 388, 478, 4)	(-1, -1, 832, 8)	(822, 429, 848, 4)	(-1, -1, -1, 0)	(-1, -1, -1, 0)	(-1, -1, -1, 0)	(-1, -1, -1, 0)	(-1, -1, -1, 0)	(-1, -1, -1, 0)	(-1, -1, -1, 0)	(-1, -1, -1, 0)	(-1, -1, -1, 0)	(-1, -1, -1, 0)
133:	(449, 388, 457, 4)	(449, 387, 455, 4)	(687, 582, 688, 4)	(449, 386, -1, 7)	(474, 386, 475, 4)	(-1, -1, -1, 0)	(-1, -1, -1, 0)	(-1, -1, -1, 0)	(-1, -1, -1, 0)	(-1, -1, -1, 0)	(-1, -1, -1, 0)	(-1, -1, -1, 0)	(-1, -1, -1, 0)	(-1, -1, -1, 0)	(-1, -1, -1, 0)	(-1, -1, -1, 0)
134:	(585, 583, 590, 4)	(774, 740, 779, 4)	(639, 67, 640, 4)	(-1, -1, 450, 8)	(687, 583, 696, 4)	(790, 740, 796, 4)	(-1, -1, -1, 0)	(-1, -1, -1, 0)	(-1, -1, -1, 0)	(-1, -1, -1, 0)	(-1, -1, -1, 0)	(-1, -1, -1, 0)	(-1, -1, -1, 0)	(-1, -1, -1, 0)	(-1, -1, -1, 0)	(-1, -1, -1, 0)
135:	(585, 582, 586, 4)	(413, 388, 419, 4)	(206, 200, 209, 4)	(413, 386, 417, 4)	(206, 199, 207, 4)	(763, 287, 764, 4)	(763, 288, -1, 7)	(-1, -1, -1, 0)	(-1, -1, -1, 0)	(-1, -1, -1, 0)	(-1, -1, -1, 0)	(-1, -1, -1, 0)	(-1, -1, -1, 0)	(-1, -1, -1, 0)	(-1, -1, -1, 0)	(-1, -1, -1, 0)
136:	(767, 357, 777, 4)	(538, 513, 540, 4)	(303, 264, 304, 4)	(230, 199, -1, 7)	(-1, -1, -1, 0)	(-1, -1, -1, 0)	(-1, -1, 768, 8)	(-1, -1, -1, 0)	(-1, -1, -1, 0)	(-1, -1, -1, 0)	(-1, -1, -1, 0)	(-1, -1, -1, 0)	(-1, -1, -1, 0)	(-1, -1, -1, 0)	(-1, -1, -1, 0)	(-1, -1, -1, 0)
137:	(294, 288, 297, 4)	(294, 289, 298, 4)	(790, 739, 794, 4)	(-1, -1, 231, 8)	(767, 356, 776, 4)	(-1, -1, -1, 0)	(-1, -1, -1, 0)	(-1, -1, -1, 0)	(-1, -1, -1, 0)	(-1, -1, -1, 0)	(-1, -1, -1, 0)	(-1, -1, -1, 0)	(-1, -1, -1, 0)	(-1, -1, -1, 0)	(-1, -1, -1, 0)	(-1, -1, -1, 0)
138:	(294, 287, 295, 4)	(206, 201, 210, 4)	(481, 201, 490, 4)	(528, 512, 529, 4)	(481, 200, 484, 4)	(-1, -1, -1, 0)	(-1, -1, -1, 0)	(-1, -1, -1, 0)	(-1, -1, -1, 0)	(-1, -1, -1, 0)	(-1, -1, -1, 0)	(-1, -1, -1, 0)	(-1, -1, -1, 0)	(-1, -1, -1, 0)	(-1, -1, -1, 0)	(-1, -1, -1, 0)
139:	(481, 199, 482, 4)	(230, 201, 235, 4)	(230, 200, 234, 4)	(847, 757, 848, 4)	(-1, -1, -1, 0)	(-1, -1, -1, 0)	(-1, -1, -1, 0)	(-1, -1, -1, 0)	(-1, -1, -1, 0)	(-1, -1, -1, 0)	(-1, -1, -1, 0)	(-1, -1, -1, 0)	(-1, -1, -1, 0)	(-1, -1, -1, 0)	(-1, -1, -1, 0)	(-1, -1, -1, 0)
140:	(486, 287, 487, 4)	(486, 289, 492, 4)	(-1, -1, -1, 0)	(-1, -1, -1, 0)	(-1, -1, -1, 0)	(-1, -1, -1, 0)	(-1, -1, -1, 0)	(-1, -1, -1, 0)	(-1, -1, -1, 0)	(-1, -1, -1, 0)	(-1, -1, -1, 0)	(-1, -1, -1, 0)	(-1, -1, -1, 0)	(-1, -1, -1, 0)	(-1, -1, -1, 0)	(-1, -1, -1, 0)
141:	(587, 586, -1, 1)	(588, 586, -1, 1)	(589, 586, -1, 1)	(590, 586, -1, 1)	(418, 417, -1, 1)	(419, 417, -1, 1)	(420, 417, -1, 1)	(209, 207, -1, 1)	(208, 207, -1, 1)	(265, 263, -1, 1)	(-1, -1, -1, 0)	(-1, -1, -1, 0)	(-1, -1, -1, 0)	(-1, -1, -1, 0)	(-1, -1, -1, 0)	(-1, -1, -1, 0)
142:	(774, 739, 777, 4)	(-1, -1, -1, 0)	(-1, -1, -1, 0)	(-1, -1, -1, 0)	(-1, -1, -1, 0)	(-1, -1, -1, 0)	(-1, -1, -1, 0)	(-1, -1, -1, 0)	(-1, -1, -1, 0)	(-1, -1, -1, 0)	(-1, -1, -1, 0)	(-1, -1, -1, 0)	(-1, -1, -1, 0)	(-1, -1, -1, 0)	(-1, -1, -1, 0)	(-1, -1, -1, 0)
143:	(-1, -1, -1, 0)	(-1, -1, -1, 0)	(-1, -1, -1, 0)	(-1, -1, -1, 0)	(-1, -1, -1, 0)	(-1, -1, -1, 0)	(-1, -1, -1, 0)	(-1, -1, -1, 0)	(-1, -1, -1, 0)	(-1, -1, -1, 0)	(-1, -1, -1, 0)	(-1, -1, -1, 0)	(-1, -1, -1, 0)	(-1, -1, -1, 0)	(-1, -1, -1, 0)	(-1, -1, -1, 0)
144:	(290, 264, 295, 4)	(210, 207, -1, 1)	(486, 288, 490, 4)	(-1, -1, -1, 0)	(-1, -1, -1, 0)	(-1, -1, -1, 0)	(-1, -1, -1, 0)	(-1, -1, -1, 0)	(-1, -1, -1, 0)	(-1, -1, -1, 0)	(-1, -1, -1, 0)	(-1, -1, -1, 0)	(-1, -1, -1, 0)	(-1, -1, -1, 0)	(-1, -1, -1, 0)	(-1, -1, -1, 0)
145:	(841, 660, 848, 4)	(-1, -1, -1, 0)	(-1, -1, -1, 0)	(-1, -1, -1, 0)	(-1, -1, -1, 0)	(-1, -1, -1, 0)	(-1, -1, -1, 0)	(-1, -1, -1, 0)	(-1, -1, -1, 0)	(-1, -1, -1, 0)	(-1, -1, -1, 0)	(-1, -1, -1, 0)	(-1, -1, -1, 0)	(-1, -1, -1, 0)	(-1, -1, -1, 0)	(-1, -1, -1, 0)
146:	(-1, -1, -1, 0)	(-1, -1, -1, 0)	(-1, -1, -1, 0)	(-1, -1, -1, 0)	(-1, -1, -1, 0)	(-1, -1, -1, 0)	(-1, -1, -1, 0)	(-1, -1, -1, 0)	(-1, -1, -1, 0)	(-1, -1, -1, 0)	(-1, -1, -1, 0)	(-1, -1, -1, 0)	(-1, -1, -1, 0)	(-1, -1, -1, 0)	(-1, -1, -1, 0)	(-1, -1, -1, 0)
147:	(-1, -1, -1, 0)	(-1, -1, -1, 0)	(-1, -1, -1, 0)	(-1, -1, -1, 0)	(-1, -1, -1, 0)	(-1, -1, -1, 0)	(-1, -1, -1, 0)	(-1, -1, -1, 0)	(-1, -1, -1, 0)	(-1, -1, -1, 0)	(-1, -1, -1, 0)	(-1, -1, -1, 0)	(-1, -1, -1, 0)	(-1, -1, -1, 0)	(-1, -1, -1, 0)	(-1, -1, -1, 0)
148:	(763, 289, 777, 4)	(-1, -1, -1, 0)	(-1, -1, -1, 0)	(-1, -1, -1, 0)	(-1, -1, -1, 0)	(-1, -1, -1, 0)	(-1, -1, -1, 0)	(-1, -1, -1, 0)	(-1, -1, -1, 0)	(-1, -1, -1, 0)	(-1, -1, -1, 0)	(-1, -1, -1, 0)	(-1, -1, -1, 0)	(-1, -1, -1, 0)	(-1, -1, -1, 0)	(-1, -1, -1, 0)
149:	(641, 588, 643, 4)	(641, 589, 644, 4)	(641, 590, 645, 4)	(624, 588, 631, 4)	(624, 589, 632, 4)	(624, 590, 633, 4)	(-1, 418, -1, 5)	(475, 418, 476, 4)	(624, 587, 630, 4)	(303, 265, 305, 4)	(-1, -1, -1, 0)	(-1, -1, -1, 0)	(-1, -1, -1, 0)	(-1, -1, -1, 0)	(-1, -1, -1, 0)	(-1, -1, -1, 0)
150:	(450, 419, 457, 4)	(450, 420, 458, 4)	(688, 588, 690, 4)	(688, 587, 689, 4)	(688, 589, 695, 4)	(475, 420, 479, 4)	(450, -1, 455, 6)	(688, 590, 696, 4)	(475, 419, 478, 4)	(-1, -1, -1, 0)	(-1, -1, -1, 0)	(-1, -1, -1, 0)	(-1, -1, -1, 0)	(-1, -1, -1, 0)	(-1, -1, -1, 0)	(-1, -1, -1, 0)
151:	(676, 588, 678, 4)	(641, 587, 642, 4)	(676, 587, 677, 4)	(676, 589, 682, 4)	(297, 295, -1, 1)	(212, 209, 216, 4)	(212, 208, 213, 4)	(-1, -1, -1, 0)	(-1, -1, -1, 0)	(-1, -1, -1, 0)	(-1, -1, -1, 0)	(-1, -1, -1, 0)	(-1, -1, -1, 0)	(-1, -1, -1, 0)	(-1, -1, -1, 0)	(-1, -1, -1, 0)
152:	(523, 418, 524, 4)	(298, 295, -1, 1)	(523, 420, 529, 4)	(523, 419, 526, 4)	(212, 210, 217, 4)	(-1, -1, -1, 0)	(-1, -1, -1, 0)	(-1, -1, -1, 0)	(-1, -1, -1, 0)	(-1, -1, -1, 0)	(-1, -1, -1, 0)	(-1, -1, -1, 0)	(-1, -1, -1, 0)	(-1, -1, -1, 0)	(-1, -1, -1, 0)	(-1, -1, -1, 0)
153:	(676, 590, 683, 4)	(290, 265, 296, 4)	(231, 209, 234, 4)	(-1, -1, -1, 0)	(-1, -1, -1, 0)	(-1, -1, -1, 0)	(-1, -1, -1, 0)	(-1, -1, -1, 0)	(-1, -1, -1, 0)	(-1, -1, -1, 0)	(-1, -1, -1, 0)	(-1, -1, -1, 0)	(-1, -1, -1, 0)	(-1, -1, -1, 0)	(-1, -1, -1, 0)	(-1, -1, -1, 0)
154:	(231, 210, 235, 4)	(482, 209, 484, 4)	(231, 208, 232, 4)	(482, 208, 483, 4)	(-1, -1, -1, 0)	(-1, -1, -1, 0)	(-1, -1, -1, 0)	(-1, -1, -1, 0)	(-1, -1, -1, 0)	(-1, -1, -1, 0)	(-1, -1, -1, 0)	(-1, -1, -1, 0)	(-1, -1, -1, 0)	(-1, -1, -1, 0)	(-1, -1, -1, 0)	(-1, -1, -1, 0)
155:	(631, 630, -1, 1)	(632, 630, -1, 1)	(633, 630, -1, 1)	(634, 630, -1, 1)	(482, 210, 490, 4)	(-1, -1, -1, 0)	(-1, -1, -1, 0)	(-1, -1, -1, 0)	(-1, -1, -1, 0)	(-1, -1, -1, 0)	(-1, -1, -1, 0)	(-1, -1, -1, 0)	(-1, -1, -1, 0)	(-1, -1, -1, 0)	(-1, -1, -1, 0)	(-1, -1, -1, 0)
156:	(456, 455, -1, 1)	(457, 455, -1, 1)	(458, 455, -1, 1)	(459, 455, -1, 1)	(-1, -1, -1, 0)	(-1, -1, -1, 0)	(-1, -1, -1, 0)	(-1, -1, -1, 0)	(-1, -1, -1, 0)	(-1, -1, -1, 0)	(-1, -1, -1, 0)	(-1, -1, -1, 0)	(-1, -1, -1, 0)	(-1, -1, -1, 0)	(-1, -1, -1, 0)	(-1, -1, -1, 0)
157:	(817, 330, 848, 4)	(216, 214, -1, 1)	(-1, -1, -1, 0)	(-1, -1, -1, 0)	(-1, -1, -1, 0)	(-1, -1, -1, 0)	(-1, -1, -1, 0)	(-1, -1, -1, 0)	(-1, -1, -1, 0)	(-1, -1, -1, 0)	(-1, -1, -1, 0)	(-1, -1, -1, 0)	(-1, -1, -1, 0)	(-1, -1, -1, 0)	(-1, -1, -1, 0)	(-1, -1, -1, 0)
158:	(217, 214, -1, 1)	(-1, -1, -1, 0)	(-1, -1, -1, 0)	(-1, -1, -1, 0)	(-1, -1, -1, 0)	(-1, -1, -1, 0)	(-1, -1, -1, 0)	(-1, -1, -1, 0)	(-1, -1, -1, 0)	(-1, -1, -1, 0)	(-1, -1, -1, 0)	(-1, -1, -1, 0)	(-1, -1, -1, 0)	(-1, -1, -1, 0)	(-1, -1, -1, 0)	(-1, -1, -1, 0)
159:	(304, 297, 307, 4)	(296, 295, -1, 1)	(764, 297, 768, 4)	(236, 234, -1, 1)	(-1, -1, -1, 0)	(-1, -1, -1, 0)	(-1, -1, -1, 0)	(-1, -1, -1, 0)	(-1, -1, -1, 0)	(-1, -1, -1, 0)	(-1, -1, -1, 0)	(-1, -1, -1, 0)	(-1, -1, -1, 0)	(-1, -1, -1, 0)	(-1, -1, -1, 0)	(-1, -1, -1, 0)
160:	(764, 298, 777, 4)	(304, 298, 308, 4)	(487, 298, 492, 4)	(-1, -1, -1, 0)	(-1, -1, -1, 0)	(-1, -1, -1, 0)	(-1, -1, -1, 0)	(-1, -1, -1, 0)	(-1, -1, -1, 0)	(-1, -1, -1, 0)	(-1, -1, -1, 0)	(-1, -1, -1, 0)	(-1, -1, -1, 0)	(-1, -1, -1, 0)	(-1, -1, -1, 0)	(-1, -1, -1, 0)
161:	(487, 297, 490, 4)	(-1, -1, -1, 0)	(-1, -1, -1, 0)	(-1, -1, -1, 0)	(-1, -1, -1, 0)	(-1, -1, -1, 0)	(-1, -1, -1, 0)	(-1, -1, -1, 0)	(-1, -1, -1, 0)	(-1, -1, -1, 0)	(-1, -1, -1, 0)	(-1, -1, -1, 0)	(-1, -1, -1, 0)	(-1, -1, -1, 0)	(-1, -1, -1, 0)	(-1, -1, -1, 0)
162:	(235, 234, -1, 1)	(-1, -1, -1, 0)	(-1, -1, -1, 0)	(-1, -1, -1, 0)	(-1, -1, -1, 0)	(-1, -1, -1, 0)	(-1, -1, -1, 0)	(-1, -1, -1, 0)	(-1, -1, -1, 0)	(-1, -1, -1, 0)	(-1, -1, -1, 0)	(-1, -1, -1, 0)	(-1, -1, -1, 0)	(-1, -1, -1, 0)	(-1, -1, -1, 0)	(-1, -1, -1, 0)
163:	(642, 634, 646, 4)	(642, 631, 643, 4)	(642, 632, 644, 4)	(642, 633, 645, 4)	(689, 631, 690, 4)	(-1, -1, -1, 0)	(-1, -1, -1, 0)	(-1, -1, -1, 0)	(-1, -1, -1, 0)	(-1, -1, -1, 0)	(-1, -1, -1, 0)	(-1, -1, -1, 0)	(-1, -1, -1, 0)	(-1, -1, -1, 0)	(-1, -1, -1, 0)	(-1, -1, -1, 0)
164:	(838, 631, 839, 4)	(677, 634, 684, 4)	(464, 457, 466, 4)	(464, 458, 467, 4)	(464, 459, 468, 4)	(464, 456, 465, 4)	(476, 456, 477, 4)	(476, 458, 479, 4)	(476, 459, 480, 4)	(838, 633, 845, 4)	(476, 457, 478, 4)	(-1, -1, -1, 0)	(-1, -1, -1, 0)	(-1, -1, -1, 0)	(-1, -1, -1, 0)	(-1, -1, -1, 0)
165:	(677, 631, 678, 4)	(677, 633, 683, 4)	(677, 632, 682, 4)	(524, 456, 525, 4)	(826, 456, 827, 4)	(524, 457, 526, 4)	(826, 457, 828, 4)	(-1, -1, -1, 0)	(-1, -1, -1, 0)	(-1, -1, -1, 0)	(-1, -1, -1, 0)	(-1, -1, -1, 0)	(-1, -1, -1, 0)	(-1, -1, -1, 0)	(-1, -1, -1, 0)	(-1, -1, -1, 0)
166:	(689, 632, 695, 4)	(838, 632, 844, 4)	(689, 634, 697, 4)	(818, 334, 848, 4)	(-1, -1, -1, 0)	(-1, -1, -1, 0)	(-1, -1, -1, 0)	(-1, -1, -1, 0)	(-1, -1, -1, 0)	(-1, -1, -1, 0)	(-1, -1, -1, 0)	(-1, -1, -1, 0)	(-1, -1, -1, 0)	(-1, -1, -1, 0)	(-1, -1, -1, 0)	(-1, -1, -1, 0)
167:	(304, 296, 305, 4)	(487, 296, -1, 7)	(764, 296, 765, 4)	(524, 459, 531, 4)	(826, 458, 832, 4)	(-1, -1, -1, 0)	(-1, -1, -1, 0)	(-1, -1, -1, 0)	(-1, -1, -1, 0)	(-1, -1, -1, 0)	(-1, -1, -1, 0)	(-1, -1, -1, 0)	(-1, -1, -1, 0)	(-1, -1, -1, 0)	(-1, -1, -1, 0)	(-1, -1, -1, 0)
168:	(524, 458, 529, 4)	(-1, -1, 488, 8)	(-1, -1, -1, 0)	(-1, -1, -1, 0)	(-1, -1, -1, 0)	(-1, -1, -1, 0)	(-1, -1, -1, 0)	(-1, -1, -1, 0)	(-1, -1, -1, 0)	(-1, -1, -1, 0)	(-1, -1, -1, 0)	(-1, -1, -1, 0)	(-1, -1, -1, 0)	(-1, -1, -1, 0)	(-1, -1, -1, 0)	(-1, -1, -1, 0)
169:	(689, 633, 696, 4)	(484, 236, 491, 4)	(-1, -1, -1, 0)	(-1, -1, -1, 0)	(-1, -1, -1, 0)	(-1, -1, -1, 0)	(-1, -1, -1, 0)	(-1, -1, -1, 0)	(-1, -1, -1, 0)	(-1, -1, -1, 0)	(-1, -1, -1, 0)	(-1, -1, -1, 0)	(-1, -1, -1, 0)	(-1, -1, -1, 0)	(-1, -1, -1, 0)	(-1, -1, -1, 0)
170:	(466, 465, -1, 1)	(467, 465, -1, 1)	(468, 465, -1, 1)	(484, 235, 490, 4)	(816, 235, 829, 4)	(-1, -1, -1, 0)	(-1, -1, -1, 0)	(-1, -1, -1, 0)	(-1, -1, -1, 0)	(-1, -1, -1, 0)	(-1, -1, -1, 0)	(-1, -1, -1, 0)	(-1, -1, -1, 0)	(-1, -1, -1, 0)	(-1, -1, -1, 0)	(-1, -1, -1, 0)
171:	(-1, -1, -1, 0)	(-1, -1, -1, 0)	(-1, -1, -1, 0)	(-1, -1, -1, 0)	(-1, -1, -1, 0)	(-1, -1, -1, 0)	(-1, -1, -1, 0)	(-1, -1, -1, 0)	(-1, -1, -1, 0)	(-1, -1, -1, 0)	(-1, -1, -1, 0)	(-1, -1, -1, 0)	(-1, -1, -1, 0)	(-1, -1, -1, 0)	(-1, -1, -1, 0)	(-1, -1, -1, 0)
172:	(846, 753, 848, 4)	(-1, -1, -1, 0)	(-1, -1, -1, 0)	(-1, -1, -1, 0)	(-1, -1, -1, 0)	(-1, -1, -1, 0)	(-1, -1, -1, 0)	(-1, -1, -1, 0)	(-1, -1, -1, 0)	(-1, -1, -1, 0)	(-1, -1, -1, 0)	(-1, -1, -1, 0)	(-1, -1, -1, 0)	(-1, -1, -1, 0)	(-1, -1, -1, 0)	(-1, -1, -1, 0)
173:	(307, 305, -1, 1)	(308, 305, -1, 1)	(306, 305, -1, 1)	(-1, -1, -1, 0)	(-1, -1, -1, 0)	(-1, -1, -1, 0)	(-1, -1, -1, 0)	(-1, -1, -1, 0)	(-1, -1, -1, 0)	(-1, -1, -1, 0)	(-1, -1, -1, 0)	(-1, -1, -1, 0)	(-1, -1, -1, 0)	(-1, -1, -1, 0)	(-1, -1, -1, 0)	(-1, -1, -1, 0)
174:	(-1, -1, -1, 0)	(-1, -1, -1, 0)	(-1, -1, -1, 0)	(-1, -1, -1, 0)	(-1, -1, -1, 0)	(-1, -1, -1, 0)	(-1, -1, -1, 0)	(-1, -1, -1, 0)	(-1, -1, -1, 0)	(-1, -1, -1, 0)	(-1, -1, -1, 0)	(-1, -1, -1, 0)	(-1, -1, -1, 0)	(-1, -1, -1, 0)	(-1, -1, -1, 0)	(-1, -1, -1, 0)
175:	(-1, -1, -1, 0)	(-1, -1, -1, 0)	(-1, -1, -1, 0)	(-1, -1, -1, 0)	(-1, -1, -1, 0)	(-1, -1, -1, 0)	(-1, -1, -1, 0)	(-1, -1, -1, 0)	(-1, -1, -1, 0)	(-1, -1, -1, 0)	(-1, -1, -1, 0)	(-1, -1, -1, 0)	(-1, -1, -1, 0)	(-1, -1, -1, 0)	(-1, -1, -1, 0)	(-1, -1, -1, 0)
176:	(-1, -1, -1, 0)	(-1, -1, -1, 0)	(-1, -1, -1, 0)	(-1, -1, -1, 0)	(-1, -1, -1, 0)	(-1, -1, -1, 0)	(-1, -1, -1, 0)	(-1, -1, -1, 0)	(-1, -1, -1, 0)	(-1, -1, -1, 0)	(-1, -1, -1, 0)	(-1, -1, -1, 0)	(-1, -1, -1, 0)	(-1, -1, -1, 0)	(-1, -1, -1, 0)	(-1, -1, -1, 0)
177:	(840, 656, -1, 7)	(-1, -1, -1, 0)	(-1, -1, -1, 0)	(-1, -1, -1, 0)	(-1, -1, -1, 0)	(-1, -1, -1, 0)	(-1, -1, -1, 0)	(-1, -1, -1, 0)	(-1, -1, -1, 0)	(-1, -1, -1, 0)	(-1, -1, -1, 0)	(-1, -1, -1, 0)	(-1, -1, -1, 0)	(-1, -1, -1, 0)	(-1, -1, -1, 0)	(-1, -1, -1, 0)
178:	(-1, -1, 848, 8)	(525, 468, 531, 4)	(477, 468, 480, 4)	(477, 466, 478, 4)	(525, 466, 526, 4)	(827, 466, 828, 4)	(-1, -1, -1, 0)	(-1, -1, -1, 0)	(-1, -1, -1, 0)	(-1, -1, -1, 0)	(-1, -1, -1, 0)	(-1, -1, -1, 0)	(-1, -1, -1, 0)	(-1, -1, -1, 0)	(-1, -1, -1, 0)	(-1, -1, -1, 0)
179:	(477, 467, 479, 4)	(525, 467, 529, 4)	(827, 467, 832, 4)	(-1, -1, -1, 0)	(-1, -1, -1, 0)	(-1, -1, -1, 0)	(-1, -1, -1, 0)	(-1, -1, -1, 0)	(-1, -1, -1, 0)	(-1, -1, -1, 0)	(-1, -1, -1, 0)	(-1, -1, -1, 0)	(-1, -1, -1, 0)	(-1, -1, -1, 0)	(-1, -1, -1, 0)	(-1, -1, -1, 0)
180:	(-1, -1, -1, 0)	(-1, -1, -1, 0)	(-1, -1, -1, 0)	(-1, -1, -1, 0)	(-1, -1, -1, 0)	(-1, -1, -1, 0)	(-1, -1, -1, 0)	(-1, -1, -1, 0)	(-1, -1, -1, 0)	(-1, -1, -1, 0)	(-1, -1, -1, 0)	(-1, -1, -1, 0)	(-1, -1, -1, 0)	(-1, -1, -1, 0)	(-1, -1, -1, 0)	(-1, -1, -1, 0)
181:	(765, 308, 777, 4)	(488, 308, 492, 4)	(488, 307, 490, 4)	(765, 307, 768, 4)	(309, 307, 314, 4)	(309, 306, 311, 4)	(309, 308, 315, 4)	(765, 306, 766, 4)	(-1, -1, -1, 0)	(-1, -1, -1, 0)	(-1, -1, -1, 0)	(-1, -1, -1, 0)	(-1, -1, -1, 0)	(-1, -1, -1, 0)	(-1, -1, -1, 0)	(-1, -1, -1, 0)
182:	(488, 306, 489, 4)	(-1, -1, -1, 0)	(-1, -1, -1, 0)	(-1, -1, -1, 0)	(-1, -1, -1, 0)	(-1, -1, -1, 0)	(-1, -1, -1, 0)	(-1, -1, -1, 0)	(-1, -1, -1, 0)	(-1, -1, -1, 0)	(-1, -1, -1, 0)	(-1, -1, -1, 0)	(-1, -1, -1, 0)	(-1, -1, -1, 0)	(-1, -1, -1, 0)	(-1, -1, -1, 0)
183:	(-1, -1, -1, 0)	(-1, -1, -1, 0)	(-1, -1, -1, 0)	(-1, -1, -1, 0)	(-1, -1, -1, 0)	(-1, -1, -1, 0)	(-1, -1, -1, 0)	(-1, -1, -1, 0)	(-1, -1, -1, 0)	(-1, -1, -1, 0)	(-1, -1, -1, 0)	(-1, -1, -1, 0)	(-1, -1, -1, 0)	(-1, -1, -1, 0)	(-1, -1, -1, 0)	(-1, -1, -1, 0)
184:	(480, 478, -1, 1)	(824, 441, 848, 4)	(-1, -1, -1, 0)	(-1, -1, -1, 0)	(-1, -1, -1, 0)	(-1, -1, -1, 0)	(-1, -1, -1, 0)	(-1, -1, -1, 0)	(-1, -1, -1, 0)	(-1, -1, -1, 0)	(-1, -1, -1, 0)	(-1, -1, -1, 0)	(-1, -1, -1, 0)	(-1, -1, -1, 0)	(-1, -1, -1, 0)	(-1, -1, -1, 0)
185:	(479, 478, -1, 1)	(-1, -1, -1, 0)	(-1, -1, -1, 0)	(-1, -1, -1, 0)	(-1, -1, -1, 0)	(-1, -1, -1, 0)	(-1, -1, -1, 0)	(-1, -1, -1, 0)	(-1, -1, -1, 0)	(-1, -1, -1, 0)	(-1, -1, -1, 0)	(-1, -1, -1, 0)	(-1, -1, -1, 0)	(-1, -1, -1, 0)	(-1, -1, -1, 0)	(-1, -1, -1, 0)
186:	(-1, -1, -1, 0)	(-1, -1, -1, 0)	(-1, -1, -1, 0)	(-1, -1, -1, 0)	(-1, -1, -1, 0)	(-1, -1, -1, 0)	(-1, -1, -1, 0)	(-1, -1, -1, 0)	(-1, -1, -1, 0)	(-1, -1, -1, 0)	(-1, -1, -1, 0)	(-1, -1, -1, 0)	(-1, -1, -1, 0)	(-1, -1, -1, 0)	(-1, -1, -1, 0)	(-1, -1, -1, 0)
187:	(492, 490, -1, 1)	(491, 490, -1, 1)	(314, 310, -1, 1)	(315, 310, -1, 1)	(311, 310, -1, 1)	(-1, -1, -1, 0)	(-1, -1, -1, 0)	(-1, -1, -1, 0)	(-1, -1, -1, 0)	(-1, -1, -1, 0)	(-1, -1, -1, 0)	(-1, -1, -1, 0)	(-1, -1, -1, 0)	(-1, -1, -1, 0)	(-1, -1, -1, 0)	(-1, -1, -1, 0)
188:	(-1, -1, -1, 0)	(-1, -1, -1, 0)	(-1, -1, -1, 0)	(-1, -1, -1, 0)	(-1, -1, -1, 0)	(-1, -1, -1, 0)	(-1, -1, -1, 0)	(-1, -1, -1, 0)	(-1, -1, -1, 0)	(-1, -1, -1, 0)	(-1, -1, -1, 0)	(-1, -1, -1, 0)	(-1, -1, -1, 0)	(-1, -1, -1, 0)	(-1, -1, -1, 0)	(-1, -1, -1, 0)
189:	(-1, -1, -1, 0)	(-1, -1, -1, 0)	(-1, -1, -1, 0)	(-1, -1, -1, 0)	(-1, -1, -1, 0)	(-1, -1, -1, 0)	(-1, -1, -1, 0)	(-1, -1, -1, 0)	(-1, -1, -1, 0)	(-1, -1, -1, 0)	(-1, -1, -1, 0)	(-1, -1, -1, 0)	(-1, -1, -1, 0)	(-1, -1, -1, 0)	(-1, -1, -1, 0)	(-1, -1, -1, 0)
190:	(813, 163, 848, 4)	(-1, -1, -1, 0)	(-1, -1, -1, 0)	(-1, -1, -1, 0)	(-1, -1, -1, 0)	(-1, -1, -1, 0)	(-1, -1, -1, 0)	(-1, -1, -1, 0)	(-1, -1, -1, 0)	(-1, -1, -1, 0)	(-1, -1, -1, 0)	(-1, -1, -1, 0)	(-1, -1, -1, 0)	(-1, -1, -1, 0)	(-1, -1, -1, 0)	(-1, -1, -1, 0)
191:	(-1, -1, -1, 0)	(-1, -1, -1, 0)	(-1, -1, -1, 0)	(-1, -1, -1, 0)	(-1, -1, -1, 0)	(-1, -1, -1, 0)	(-1, -1, -1, 0)	(-1, -1, -1, 0)	(-1, -1, -1, 0)	(-1, -1, -1, 0)	(-1, -1, -1, 0)	(-1, -1, -1, 0)	(-1, -1, -1, 0)	(-1, -1, -1, 0)	(-1, -1, -1, 0)	(-1, -1, -1, 0)
192:	(526, 480, 531, 4)	(-1, -1, -1, 0)	(-1, -1, -1, 0)	(-1, -1, -1, 0)	(-1, -1, -1, 0)	(-1, -1, -1, 0)	(-1, -1, -1, 0)	(-1, -1, -1, 0)	(-1, -1, -1, 0)	(-1, -1, -1, 0)	(-1, -1, -1, 0)	(-1, -1, -1, 0)	(-1, -1, -1, 0)	(-1, -1, -1, 0)	(-1, -1, -1, 0)	(-1, -1, -1, 0)
193:	(526, 479, 529, 4)	(828, 479, 832, 4)	(-1, -1, -1, 0)	(-1, -1, -1, 0)	(-1, -1, -1, 0)	(-1, -1, -1, 0)	(-1, -1, -1, 0)	(-1, -1, -1, 0)	(-1, -1, -1, 0)	(-1, -1, -1, 0)	(-1, -1, -1, 0)	(-1, -1, -1, 0)	(-1, -1, -1, 0)	(-1, -1, -1, 0)	(-1, -1, -1, 0)	(-1, -1, -1, 0)
194:	(-1, -1, -1, 0)	(-1, -1, -1, 0)	(-1, -1, -1, 0)	(-1, -1, -1, 0)	(-1, -1, -1, 0)	(-1, -1, -1, 0)	(-1, -1, -1, 0)	(-1, -1, -1, 0)	(-1, -1, -1, 0)	(-1, -1, -1, 0)	(-1, -1, -1, 0)	(-1, -1, -1, 0)	(-1, -1, -1, 0)	(-1, -1, -1, 0)	(-1, -1, -1, 0)	(-1, -1, -1, 0)
195:	(768, 492, 777, 4)	(829, 492, 849, 4)	(768, 491, 776, 4)	(-1, -1, -1, 0)	(-1, -1, -1, 0)	(-1, -1, -1, 0)	(-1, -1, -1, 0)	(-1, -1, -1, 0)	(-1, -1, -1, 0)	(-1, -1, -1, 0)	(-1, -1, -1, 0)	(-1, -1, -1, 0)	(-1, -1, -1, 0)	(-1, -1, -1, 0)	(-1, -1, -1, 0)	(-1, -1, -1, 0)
196:	(842, 668, 848, 4)	(-1, -1, -1, 0)	(-1, -1, -1, 0)	(-1, -1, -1, 0)	(-1, -1, -1, 0)	(-1, -1, -1, 0)	(-1, -1, -1, 0)	(-1, -1, -1, 0)	(-1, -1, -1, 0)	(-1, -1, -1, 0)	(-1, -1, -1, 0)	(-1, -1, -1, 0)	(-1, -1, -1, 0)	(-1, -1, -1, 0)	(-1, -1, -1, 0)	(-1, -1, -1, 0)
197:	(-1, -1, -1, 0)	(-1, -1, -1, 0)	(-1, -1, -1, 0)	(-1, -1, -1, 0)	(-1, -1, -1, 0)	(-1, -1, -1, 0)	(-1, -1, -1, 0)	(-1, -1, -1, 0)	(-1, -1, -1, 0)	(-1, -1, -1, 0)	(-1, -1, -1, 0)	(-1, -1, -1, 0)	(-1, -1, -1, 0)	(-1, -1, -1, 0)	(-1, -1, -1, 0)	(-1, -1, -1, 0)
198:	(-1, -1, -1, 0)	(-1, -1, -1, 0)	(-1, -1, -1, 0)	(-1, -1, -1, 0)	(-1, -1, -1, 0)	(-1, -1, -1, 0)	(-1, -1, -1, 0)	(-1, -1, -1, 0)	(-1, -1, -1, 0)	(-1, -1, -1, 0)	(-1, -1, -1, 0)	(-1, -1, -1, 0)	(-1, -1, -1, 0)	(-1, -1, -1, 0)	(-1, -1, -1, 0)	(-1, -1, -1, 0)
199:	(530, 529, -1, 1)	(531, 529, -1, 1)	(-1, -1, -1, 0)	(-1, -1, -1, 0)	(-1, -1, -1, 0)	(-1, -1, -1, 0)	(-1, -1, -1, 0)	(-1, -1, -1, 0)	(-1, -1, -1, 0)	(-1, -1, -1, 0)	(-1, -1, -1, 0)	(-1, -1, -1, 0)	(-1, -1, -1, 0)	(-1, -1, -1, 0)	(-1, -1, -1, 0)	(-1, -1, -1, 0)
200:	(-1, -1, -1, 0)	(-1, -1, -1, 0)	(-1, -1, -1, 0)	(-1, -1, -1, 0)	(-1, -1, -1, 0)	(-1, -1, -1, 0)	(-1, -1, -1, 0)	(-1, -1, -1, 0)	(-1, -1, -1, 0)	(-1, -1, -1, 0)	(-1, -1, -1, 0)	(-1, -1, -1, 0)	(-1, -1, -1, 0)	(-1, -1, -1, 0)	(-1, -1, -1, 0)	(-1, -1, -1, 0)
201:	(-1, -1, -1, 0)	(-1, -1, -1, 0)	(-1, -1, -1, 0)	(-1, -1, -1, 0)	(-1, -1, -1, 0)	(-1, -1, -1, 0)	(-1, -1, -1, 0)	(-1, -1, -1, 0)	(-1, -1, -1, 0)	(-1, -1, -1, 0)	(-1, -1, -1, 0)	(-1, -1, -1, 0)	(-1, -1, -1, 0)	(-1, -1, -1, 0)	(-1, -1, -1, 0)	(-1, -1, -1, 0)
202:	(825, 448, 848, 4)	(-1, -1, -1, 0)	(-1, -1, -1, 0)	(-1, -1, -1, 0)	(-1, -1, -1, 0)	(-1, -1, -1, 0)	(-1, -1, -1, 0)	(-1, -1, -1, 0)	(-1, -1, -1, 0)	(-1, -1, -1, 0)	(-1, -1, -1, 0)	(-1, -1, -1, 0)	(-1, -1, -1, 0)	(-1, -1, -1, 0)	(-1, -1, -1, 0)	(-1, -1, -1, 0)
203:	(-1, -1, -1, 0)	(-1, -1, -1, 0)	(-1, -1, -1, 0)	(-1, -1, -1, 0)	(-1, -1, -1, 0)	(-1, -1, -1, 0)	(-1, -1, -1, 0)	(-1, -1, -1, 0)	(-1, -1, -1, 0)	(-1, -1, -1, 0)	(-1, -1, -1, 0)	(-1, -1, -1, 0)	(-1, -1, -1, 0)	(-1, -1, -1, 0)	(-1, -1, -1, 0)	(-1, -1, -1, 0)
204:	(-1, -1, -1, 0)	(-1, -1, -1, 0)	(-1, -1, -1, 0)	(-1, -1, -1, 0)	(-1, -1, -1, 0)	(-1, -1, -1, 0)	(-1, -1, -1, 0)	(-1, -1, -1, 0)	(-1, -1, -1, 0)	(-1, -1, -1, 0)	(-1, -1, -1, 0)	(-1, -1, -1, 0)	(-1, -1, -1, 0)	(-1, -1, -1, 0)	(-1, -1, -1, 0)	(-1, -1, -1, 0)
205:	(-1, -1, -1, 0)	(-1, -1, -1, 0)	(-1, -1, -1, 0)	(-1, -1, -1, 0)	(-1, -1, -1, 0)	(-1, -1, -1, 0)	(-1, -1, -1, 0)	(-1, -1, -1, 0)	(-1, -1, -1, 0)	(-1, -1, -1, 0)	(-1, -1, -1, 0)	(-1, -1, -1, 0)	(-1, -1, -1, 0)	(-1, -1, -1, 0)	(-1, -1, -1, 0)	(-1, -1, -1, 0)
206:	(-1, -1, -1, 0)	(-1, -1, -1, 0)	(-1, -1, -1, 0)	(-1, -1, -1, 0)	(-1, -1, -1, 0)	(-1, -1, -1, 0)	(-1, -1, -1, 0)	(-1, -1, -1, 0)	(-1, -1, -1, 0)	(-1, -1, -1, 0)	(-1, -1, -1, 0)	(-1, -1, -1, 0)	(-1, -1, -1, 0)	(-1, -1, -1, 0)	(-1, -1, -1, 0)	(-1, -1, -1, 0)
207:	(539, 531, 542, 4)	(539, 530, 540, 4)	(832, 530, 833, 4)	(-1, -1, -1, 0)	(-1, -1, -1, 0)	(-1, -1, -1, 0)	(-1, -1, -1, 0)	(-1, -1, -1, 0)	(-1, -1, -1, 0)	(-1, -1, -1, 0)	(-1, -1, -1, 0)	(-1, -1, -1, 0)	(-1, -1, -1, 0)	(-1, -1, -1, 0)	(-1, -1, -1, 0)	(-1, -1, -1, 0)
208:	(814, 170, 848, 4)	(-1, -1, -1, 0)	(-1, -1, -1, 0)	(-1, -1, -1, 0)	(-1, -1, -1, 0)	(-1, -1, -1, 0)	(-1, -1, -1, 0)	(-1, -1, -1, 0)	(-1, -1, -1, 0)	(-1, -1, -1, 0)	(-1, -1, -1, 0)	(-1, -1, -1, 0)	(-1, -1, -1, 0)	(-1, -1, -1, 0)	(-1, -1, -1, 0)	(-1, -1, -1, 0)
209:	(-1, -1, -1, 0)	(-1, -1, -1, 0)	(-1, -1, -1, 0)	(-1, -1, -1, 0)	(-1, -1, -1, 0)	(-1, -1, -1, 0)	(-1, -1, -1, 0)	(-1, -1, -1, 0)	(-1, -1, -1, 0)	(-1, -1, -1, 0)	(-1, -1, -1, 0)	(-1, -1, -1, 0)	(-1, -1, -1, 0)	(-1, -1, -1, 0)	(-1, -1, -1, 0)	(-1, -1, -1, 0)
210:	(-1, -1, -1, 0)	(-1, -1, -1, 0)	(-1, -1, -1, 0)	(-1, -1, -1, 0)	(-1, -1, -1, 0)	(-1, -1, -1, 0)	(-1, -1, -1, 0)	(-1, -1, -1, 0)	(-1, -1, -1, 0)	(-1, -1, -1, 0)	(-1, -1, -1, 0)	(-1, -1, -1, 0)	(-1, -1, -1, 0)	(-1, -1, -1, 0)	(-1, -1, -1, 0)	(-1, -1, -1, 0)
211:	(-1, -1, -1, 0)	(-1, -1, -1, 0)	(-1, -1, -1, 0)	(-1, -1, -1, 0)	(-1, -1, -1, 0)	(-1, -1, -1, 0)	(-1, -1, -1, 0)	(-1, -1, -1, 0)	(-1, -1, -1, 0)	(-1, -1, -1, 0)	(-1, -1, -1, 0)	(-1, -1, -1, 0)	(-1, -1, -1, 0)	(-1, -1, -1, 0)	(-1, -1, -1, 0)	(-1, -1, -1, 0)
212:	(-1, -1, -1, 0)	(-1, -1, -1, 0)	(-1, -1, -1, 0)	(-1, -1, -1, 0)	(-1, -1, -1, 0)	(-1, -1, -1, 0)	(-1, -1, -1, 0)	(-1, -1, -1, 0)	(-1, -1, -1, 0)	(-1, -1, -1, 0)	(-1, -1, -1, 0)	(-1, -1, -1, 0)	(-1, -1, -1, 0)	(-1, -1, -1, 0)	(-1, -1, -1, 0)	(-1, -1, -1, 0)
213:	(541, 540, -1, 1)	(543, 540, -1, 1)	(542, 540, -1, 1)	(-1, -1, -1, 0)	(-1, -1, -1, 0)	(-1, -1, -1, 0)	(-1, -1, -1, 0)	(-1, -1, -1, 0)	(-1, -1, -1, 0)	(-1, -1, -1, 0)	(-1, -1, -1, 0)	(-1, -1, -1, 0)	(-1, -1, -1, 0)	(-1, -1, -1, 0)	(-1, -1, -1, 0)	(-1, -1, -1, 0)
214:	(843, 675, 848, 4)	(-1, -1, -1, 0)	(-1, -1, -1, 0)	(-1, -1, -1, 0)	(-1, -1, -1, 0)	(-1, -1, -1, 0)	(-1, -1, -1, 0)	(-1, -1, -1, 0)	(-1, -1, -1, 0)	(-1, -1, -1, 0)	(-1, -1, -1, 0)	(-1, -1, -1, 0)	(-1, -1, -1, 0)	(-1, -1, -1, 0)	(-1, -1, -1, 0)	(-1, -1, -1, 0)
215:	(-1, -1, -1, 0)	(-1, -1, -1, 0)	(-1, -1, -1, 0)	(-1, -1, -1, 0)	(-1, -1, -1, 0)	(-1, -1, -1, 0)	(-1, -1, -1, 0)	(-1, -1, -1, 0)	(-1, -1, -1, 0)	(-1, -1, -1, 0)	(-1, -1, -1, 0)	(-1, -1, -1, 0)	(-1, -1, -1, 0)	(-1, -1, -1, 0)	(-1, -1, -1, 0)	(-1, -1, -1, 0)
216:	(-1, -1, -1, 0)	(-1, -1, -1, 0)	(-1, -1, -1, 0)	(-1, -1, -1, 0)	(-1, -1, -1, 0)	(-1, -1, -1, 0)	(-1, -1, -1, 0)	(-1, -1, -1, 0)	(-1, -1, -1, 0)	(-1, -1, -1, 0)	(-1, -1, -1, 0)	(-1, -1, -1, 0)	(-1, -1, -1, 0)	(-1, -1, -1, 0)	(-1, -1, -1, 0)	(-1, -1, -1, 0)
217:	(-1, -1, -1, 0)	(-1, -1, -1, 0)	(-1, -1, -1, 0)	(-1, -1, -1, 0)	(-1, -1, -1, 0)	(-1, -1, -1, 0)	(-1, -1, -1, 0)	(-1, -1, -1, 0)	(-1, -1, -1, 0)	(-1, -1, -1, 0)	(-1, -1, -1, 0)	(-1, -1, -1, 0)	(-1, -1, -1, 0)	(-1, -1, -1, 0)	(-1, -1, -1, 0)	(-1, -1, -1, 0)
218:	(-1, -1, -1, 0)	(-1, -1, -1, 0)	(-1, -1, -1, 0)	(-1, -1, -1, 0)	(-1, -1, -1, 0)	(-1, -1, -1, 0)	(-1, -1, -1, 0)	(-1, -1, -1, 0)	(-1, -1, -1, 0)	(-1, -1, -1, 0)	(-1, -1, -1, 0)	(-1, -1, -1, 0)	(-1, -1, -1, 0)	(-1, -1, -1, 0)	(-1, -1, -1, 0)	(-1, -1, -1, 0)
219:	(-1, -1, -1, 0)	(-1, -1, -1, 0)	(-1, -1, -1, 0)	(-1, -1, -1, 0)	(-1, -1, -1, 0)	(-1, -1, -1, 0)	(-1, -1, -1, 0)	(-1, -1, -1, 0)	(-1, -1, -1, 0)	(-1, -1, -1, 0)	(-1, -1, -1, 0)	(-1, -1, -1, 0)	(-1, -1, -1, 0)	(-1, -1, -1, 0)	(-1, -1, -1, 0)	(-1, -1, -1, 0)
220:	(836, 616, 848, 4)	(-1, -1, -1, 0)	(-1, -1, -1, 0)	(-1, -1, -1, 0)	(-1, -1, -1, 0)	(-1, -1, -1, 0)	(-1, -1, -1, 0)	(-1, -1, -1, 0)	(-1, -1, -1, 0)	(-1, -1, -1, 0)	(-1, -1, -1, 0)	(-1, -1, -1, 0)	(-1, -1, -1, 0)	(-1, -1, -1, 0)	(-1, -1, -1, 0)	(-1, -1, -1, 0)
221:	(640, 543, 647, 4)	(640, 542, 646, 4)	(640, 541, 643, 4)	(769, 541, 770, 4)	(769, 543, 777, 4)	(769, 542, 776, 4)	(-1, -1, -1, 0)	(-1, -1, -1, 0)	(-1, -1, -1, 0)	(-1, -1, -1, 0)	(-1, -1, -1, 0)	(-1, -1, -1, 0)	(-1, -1, -1, 0)	(-1, -1, -1, 0)	(-1, -1, -1, 0)	(-1, -1, -1, 0)
222:	(833, 541, 839, 4)	(833, 543, 849, 4)	(-1, -1, -1, 0)	(-1, -1, -1, 0)	(-1, -1, -1, 0)	(-1, -1, -1, 0)	(-1, -1, -1, 0)	(-1, -1, -1, 0)	(-1, -1, -1, 0)	(-1, -1, -1, 0)	(-1, -1, -1, 0)	(-1, -1, -1, 0)	(-1, -1, -1, 0)	(-1, -1, -1, 0)	(-1, -1, -1, 0)	(-1, -1, -1, 0)
223:	(-1, -1, -1, 0)	(-1, -1, -1, 0)	(-1, -1, -1, 0)	(-1, -1, -1, 0)	(-1, -1, -1, 0)	(-1, -1, -1, 0)	(-1, -1, -1, 0)	(-1, -1, -1, 0)	(-1, -1, -1, 0)	(-1, -1, -1, 0)	(-1, -1, -1, 0)	(-1, -1, -1, 0)	(-1, -1, -1, 0)	(-1, -1, -1, 0)	(-1, -1, -1, 0)	(-1, -1, -1, 0)
224:	(-1, -1, -1, 0)	(-1, -1, -1, 0)	(-1, -1, -1, 0)	(-1, -1, -1, 0)	(-1, -1, -1, 0)	(-1, -1, -1, 0)	(-1, -1, -1, 0)	(-1, -1, -1, 0)	(-1, -1, -1, 0)	(-1, -1, -1, 0)	(-1, -1, -1, 0)	(-1, -1, -1, 0)	(-1, -1, -1, 0)	(-1, -1, -1, 0)	(-1, -1, -1, 0)	(-1, -1, -1, 0)
225:	(-1, -1, -1, 0)	(-1, -1, -1, 0)	(-1, -1, -1, 0)	(-1, -1, -1, 0)	(-1, -1, -1, 0)	(-1, -1, -1, 0)	(-1, -1, -1, 0)	(-1, -1, -1, 0)	(-1, -1, -1, 0)	(-1, -1, -1, 0)	(-1, -1, -1, 0)	(-1, -1, -1, 0)	(-1, -1, -1, 0)	(-1, -1, -1, 0)	(-1, -1, -1, 0)	(-1, -1, -1, 0)
226:	(819, 342, 848, 4)	(-1, -1, -1, 0)	(-1, -1, -1, 0)	(-1, -1, -1, 0)	(-1, -1, -1, 0)	(-1, -1, -1, 0)	(-1, -1, -1, 0)	(-1, -1, -1, 0)	(-1, -1, -1, 0)	(-1, -1, -1, 0)	(-1, -1, -1, 0)	(-1, -1, -1, 0)	(-1, -1, -1, 0)	(-1, -1, -1, 0)	(-1, -1, -1, 0)	(-1, -1, -1, 0)
227:	(644, 643, -1, 1)	(645, 643, -1, 1)	(647, 643, -1, 1)	(646, 643, -1, 1)	(-1, -1, -1, 0)	(-1, -1, -1, 0)	(-1, -1, -1, 0)	(-1, -1, -1, 0)	(-1, -1, -1, 0)	(-1, -1, -1, 0)	(-1, -1, -1, 0)	(-1, -1, -1, 0)	(-1, -1, -1, 0)	(-1, -1, -1, 0)	(-1, -1, -1, 0)	(-1, -1, -1, 0)
228:	(-1, -1, -1, 0)	(-1, -1, -1, 0)	(-1, -1, -1, 0)	(-1, -1, -1, 0)	(-1, -1, -1, 0)	(-1, -1, -1, 0)	(-1, -1, -1, 0)	(-1, -1, -1, 0)	(-1, -1, -1, 0)	(-1, -1, -1, 0)	(-1, -1, -1, 0)	(-1, -1, -1, 0)	(-1, -1, -1, 0)	(-1, -1, -1, 0)	(-1, -1, -1, 0)	(-1, -1, -1, 0)
229:	(-1, -1, -1, 0)	(-1, -1, -1, 0)	(-1, -1, -1, 0)	(-1, -1, -1, 0)	(-1, -1, -1, 0)	(-1, -1, -1, 0)	(-1, -1, -1, 0)	(-1, -1, -1, 0)	(-1, -1, -1, 0)	(-1, -1, -1, 0)	(-1, -1, -1, 0)	(-1, -1, -1, 0)	(-1, -1, -1, 0)	(-1, -1, -1, 0)	(-1, -1, -1, 0)	(-1, -1, -1, 0)
230:	(-1, -1, -1, 0)	(-1, -1, -1, 0)	(-1, -1, -1, 0)	(-1, -1, -1, 0)	(-1, -1, -1, 0)	(-1, -1, -1, 0)	(-1, -1, -1, 0)	(-1, -1, -1, 0)	(-1, -1, -1, 0)	(-1, -1, -1, 0)	(-1, -1, -1, 0)	(-1, -1, -1, 0)	(-1, -1, -1, 0)	(-1, -1, -1, 0)	(-1, -1, -1, 0)	(-1, -1, -1, 0)
231:	(-1, -1, -1, 0)	(-1, -1, -1, 0)	(-1, -1, -1, 0)	(-1, -1, -1, 0)	(-1, -1, -1, 0)	(-1, -1, -1, 0)	(-1, -1, -1, 0)	(-1, -1, -1, 0)	(-1, -1, -1, 0)	(-1, -1, -1, 0)	(-1, -1, -1, 0)	(-1, -1, -1, 0)	(-1, -1, -1, 0)	(-1, -1, -1, 0)	(-1, -1, -1, 0)	(-1, -1, -1, 0)
232:	(809, 135, 848, 4)	(-1, -1, -1, 0)	(-1, -1, -1, 0)	(-1, -1, -1, 0)	(-1, -1, -1, 0)	(-1, -1, -1, 0)	(-1, -1, -1, 0)	(-1, -1, -1, 0)	(-1, -1, -1, 0)	(-1, -1, -1, 0)	(-1, -1, -1, 0)	(-1, -1, -1, 0)	(-1, -1, -1, 0)	(-1, -1, -1, 0)	(-1, -1, -1, 0)	(-1, -1, -1, 0)
233:	(-1, -1, -1, 0)	(-1, -1, -1, 0)	(-1, -1, -1, 0)	(-1, -1, -1, 0)	(-1, -1, -1, 0)	(-1, -1, -1, 0)	(-1, -1, -1, 0)	(-1, -1, -1, 0)	(-1, -1, -1, 0)	(-1, -1, -1, 0)	(-1, -1, -1, 0)	(-1, -1, -1, 0)	(-1, -1, -1, 0)	(-1, -1, -1, 0)	(-1, -1, -1, 0)	(-1, -1, -1, 0)
234:	(-1, -1, -1, 0)	(-1, -1, -1, 0)	(-1, -1, -1, 0)	(-1, -1, -1, 0)	(-1, -1, -1, 0)	(-1, -1, -1, 0)	(-1, -1, -1, 0)	(-1, -1, -1, 0)	(-1, -1, -1, 0)	(-1, -1, -1, 0)	(-1, -1, -1, 0)	(-1, -1, -1, 0)	(-1, -1, -1, 0)	(-1, -1, -1, 0)	(-1, -1, -1, 0)	(-1, -1, -1, 0)
235:	(770, 647, 777, 4)	(-1, 647, -1, 5)	(678, 645, 683, 4)	(678, 647, 685, 4)	(678, 644, 682, 4)	(690, 644, 695, 4)	(770, 644, 771, 4)	(690, 647, 698, 4)	(690, 645, 696, 4)	(-1, -1, -1, 0)	(-1, -1, -1, 0)	(-1, -1, -1, 0)	(-1, -1, -1, 0)	(-1, -1, -1, 0)	(-1, -1, -1, 0)	(-1, -1, -1, 0)
236:	(-1, 646, -1, 5)	(839, -1, 849, 6)	(839, 644, 844, 4)	(690, 646, 697, 4)	(839, 645, 845, 4)	(770, 646, 776, 4)	(-1, -1, -1, 0)	(-1, -1, -1, 0)	(-1, -1, -1, 0)	(-1, -1, -1, 0)	(-1, -1, -1, 0)	(-1, -1, -1, 0)	(-1, -1, -1, 0)	(-1, -1, -1, 0)	(-1, -1, -1, 0)	(-1, -1, -1, 0)
237:	(678, -1, 684, 6)	(770, 645, 772, 4)	(-1, -1, -1, 0)	(-1, -1, -1, 0)	(-1, -1, -1, 0)	(-1, -1, -1, 0)	(-1, -1, -1, 0)	(-1, -1, -1, 0)	(-1, -1, -1, 0)	(-1, -1, -1, 0)	(-1, -1, -1, 0)	(-1, -1, -1, 0)	(-1, -1, -1, 0)	(-1, -1, -1, 0)	(-1, -1, -1, 0)	(-1, -1, -1, 0)
238:	(837, 623, 848, 4)	(-1, -1, -1, 0)	(-1, -1, -1, 0)	(-1, -1, -1, 0)	(-1, -1, -1, 0)	(-1, -1, -1, 0)	(-1, -1, -1, 0)	(-1, -1, -1, 0)	(-1, -1, -1, 0)	(-1, -1, -1, 0)	(-1, -1, -1, 0)	(-1, -1, -1, 0)	(-1, -1, -1, 0)	(-1, -1, -1, 0)	(-1, -1, -1, 0)	(-1, -1, -1, 0)
239:	(-1, -1, -1, 0)	(-1, -1, -1, 0)	(-1, -1, -1, 0)	(-1, -1, -1, 0)	(-1, -1, -1, 0)	(-1, -1, -1, 0)	(-1, -1, -1, 0)	(-1, -1, -1, 0)	(-1, -1, -1, 0)	(-1, -1, -1, 0)	(-1, -1, -1, 0)	(-1, -1, -1, 0)	(-1, -1, -1, 0)	(-1, -1, -1, 0)	(-1, -1, -1, 0)	(-1, -1, -1, 0)
240:	(-1, -1, -1, 0)	(-1, -1, -1, 0)	(-1, -1, -1, 0)	(-1, -1, -1, 0)	(-1, -1, -1, 0)	(-1, -1, -1, 0)	(-1, -1, -1, 0)	(-1, -1, -1, 0)	(-1, -1, -1, 0)	(-1, -1, -1, 0)	(-1, -1, -1, 0)	(-1, -1, -1, 0)	(-1, -1, -1, 0)	(-1, -1, -1, 0)	(-1, -1, -1, 0)	(-1, -1, -1, 0)
241:	(683, 682, -1, 1)	(685, 682, -1, 1)	(-1, -1, -1, 0)	(-1, -1, -1, 0)	(-1, -1, -1, 0)	(-1, -1, -1, 0)	(-1, -1, -1, 0)	(-1, -1, -1, 0)	(-1, -1, -1, 0)	(-1, -1, -1, 0)	(-1, -1, -1, 0)	(-1, -1, -1, 0)	(-1, -1, -1, 0)	(-1, -1, -1, 0)	(-1, -1, -1, 0)	(-1, -1, -1, 0)
242:	(-1, -1, -1, 0)	(-1, -1, -1, 0)	(-1, -1, -1, 0)	(-1, -1, -1, 0)	(-1, -1, -1, 0)	(-1, -1, -1, 0)	(-1, -1, -1, 0)	(-1, -1, -1, 0)	(-1, -1, -1, 0)	(-1, -1, -1, 0)	(-1, -1, -1, 0)	(-1, -1, -1, 0)	(-1, -1, -1, 0)	(-1, -1, -1, 0)	(-1, -1, -1, 0)	(-1, -1, -1, 0)
243:	(684, 682, -1, 1)	(-1, -1, -1, 0)	(-1, -1, -1, 0)	(-1, -1, -1, 0)	(-1, -1, -1, 0)	(-1, -1, -1, 0)	(-1, -1, -1, 0)	(-1, -1, -1, 0)	(-1, -1, -1, 0)	(-1, -1, -1, 0)	(-1, -1, -1, 0)	(-1, -1, -1, 0)	(-1, -1, -1, 0)	(-1, -1, -1, 0)	(-1, -1, -1, 0)	(-1, -1, -1, 0)
244:	(815, 225, 848, 4)	(-1, -1, -1, 0)	(-1, -1, -1, 0)	(-1, -1, -1, 0)	(-1, -1, -1, 0)	(-1, -1, -1, 0)	(-1, -1, -1, 0)	(-1, -1, -1, 0)	(-1, -1, -1, 0)	(-1, -1, -1, 0)	(-1, -1, -1, 0)	(-1, -1, -1, 0)	(-1, -1, -1, 0)	(-1, -1, -1, 0)	(-1, -1, -1, 0)	(-1, -1, -1, 0)
245:	(-1, -1, -1, 0)	(-1, -1, -1, 0)	(-1, -1, -1, 0)	(-1, -1, -1, 0)	(-1, -1, -1, 0)	(-1, -1, -1, 0)	(-1, -1, -1, 0)	(-1, -1, -1, 0)	(-1, -1, -1, 0)	(-1, -1, -1, 0)	(-1, -1, -1, 0)	(-1, -1, -1, 0)	(-1, -1, -1, 0)	(-1, -1, -1, 0)	(-1, -1, -1, 0)	(-1, -1, -1, 0)
246:	(-1, -1, -1, 0)	(-1, -1, -1, 0)	(-1, -1, -1, 0)	(-1, -1, -1, 0)	(-1, -1, -1, 0)	(-1, -1, -1, 0)	(-1, -1, -1, 0)	(-1, -1, -1, 0)	(-1, -1, -1, 0)	(-1, -1, -1, 0)	(-1, -1, -1, 0)	(-1, -1, -1, 0)	(-1, -1, -1, 0)	(-1, -1, -1, 0)	(-1, -1, -1, 0)	(-1, -1, -1, 0)
247:	(-1, -1, -1, 0)	(-1, -1, -1, 0)	(-1, -1, -1, 0)	(-1, -1, -1, 0)	(-1, -1, -1, 0)	(-1, -1, -1, 0)	(-1, -1, -1, 0)	(-1, -1, -1, 0)	(-1, -1, -1, 0)	(-1, -1, -1, 0)	(-1, -1, -1, 0)	(-1, -1, -1, 0)	(-1, -1, -1, 0)	(-1, -1, -1, 0)	(-1, -1, -1, 0)	(-1, -1, -1, 0)
248:	(-1, -1, -1, 0)	(-1, -1, -1, 0)	(-1, -1, -1, 0)	(-1, -1, -1, 0)	(-1, -1, -1, 0)	(-1, -1, -1, 0)	(-1, -1, -1, 0)	(-1, -1, -1, 0)	(-1, -1, -1, 0)	(-1, -1, -1, 0)	(-1, -1, -1, 0)	(-1, -1, -1, 0)	(-1, -1, -1, 0)	(-1, -1, -1, 0)	(-1, -1, -1, 0)	(-1, -1, -1, 0)
249:	(771, 685, 777, 4)	(844, 685, 849, 4)	(695, 685, 698, 4)	(695, 683, 696, 4)	(771, 683, 772, 4)	(-1, -1, -1, 0)	(-1, -1, -1, 0)	(-1, -1, -1, 0)	(-1, -1, -1, 0)	(-1, -1, -1, 0)	(-1, -1, -1, 0)	(-1, -1, -1, 0)	(-1, -1, -1, 0)	(-1, -1, -1, 0)	(-1, -1, -1, 0)	(-1, -1, -1, 0)
250:	(844, 683, 845, 4)	(810, 142, 848, 4)	(-1, -1, -1, 0)	(-1, -1, -1, 0)	(-1, -1, -1, 0)	(-1, -1, -1, 0)	(-1, -1, -1, 0)	(-1, -1, -1, 0)	(-1, -1, -1, 0)	(-1, -1, -1, 0)	(-1, -1, -1, 0)	(-1, -1, -1, 0)	(-1, -1, -1, 0)	(-1, -1, -1, 0)	(-1, -1, -1, 0)	(-1, -1, -1, 0)
251:	(695, 684, 697, 4)	(771, 684, 776, 4)	(-1, -1, -1, 0)	(-1, -1, -1, 0)	(-1, -1, -1, 0)	(-1, -1, -1, 0)	(-1, -1, -1, 0)	(-1, -1, -1, 0)	(-1, -1, -1, 0)	(-1, -1, -1, 0)	(-1, -1, -1, 0)	(-1, -1, -1, 0)	(-1, -1, -1, 0)	(-1, -1, -1, 0)	(-1, -1, -1, 0)	(-1, -1, -1, 0)
252:	(-1, -1, -1, 0)	(-1, -1, -1, 0)	(-1, -1, -1, 0)	(-1, -1, -1, 0)	(-1, -1, -1, 0)	(-1, -1, -1, 0)	(-1, -1, -1, 0)	(-1, -1, -1, 0)	(-1, -1, -1, 0)	(-1, -1, -1, 0)	(-1, -1, -1, 0)	(-1, -1, -1, 0)	(-1, -1, -1, 0)	(-1, -1, -1, 0)	(-1, -1, -1, 0)	(-1, -1, -1, 0)
253:	(-1, -1, -1, 0)	(-1, -1, -1, 0)	(-1, -1, -1, 0)	(-1, -1, -1, 0)	(-1, -1, -1, 0)	(-1, -1, -1, 0)	(-1, -1, -1, 0)	(-1, -1, -1, 0)	(-1, -1, -1, 0)	(-1, -1, -1, 0)	(-1, -1, -1, 0)	(-1, -1, -1, 0)	(-1, -1, -1, 0)	(-1, -1, -1, 0)	(-1, -1, -1, 0)	(-1, -1, -1, 0)
254:	(-1, -1, -1, 0)	(-1, -1, -1, 0)	(-1, -1, -1, 0)	(-1, -1, -1, 0)	(-1, -1, -1, 0)	(-1, -1, -1, 0)	(-1, -1, -1, 0)	(-1, -1, -1, 0)	(-1, -1, -1, 0)	(-1, -1, -1, 0)	(-1, -1, -1, 0)	(-1, -1, -1, 0)	(-1, -1, -1, 0)	(-1, -1, -1, 0)	(-1, -1, -1, 0)	(-1, -1, -1, 0)
255:	(698, 696, -1, 1)	(-1, -1, -1, 0)	(-1, -1, -1, 0)	(-1, -1, -1, 0)	(-1, -1, -1, 0)	(-1, -1, -1, 0)	(-1, -1, -1, 0)	(-1, -1, -1, 0)	(-1, -1, -1, 0)	(-1, -1, -1, 0)	(-1, -1, -1, 0)	(-1, -1, -1, 0)	(-1, -1, -1, 0)	(-1, -1, -1, 0)	(-1, -1, -1, 0)	(-1, -1, -1, 0)
256:	(820, 349, 848, 4)	(-1, -1, -1, 0)	(-1, -1, -1, 0)	(-1, -1, -1, 0)	(-1, -1, -1, 0)	(-1, -1, -1, 0)	(-1, -1, -1, 0)	(-1, -1, -1, 0)	(-1, -1, -1, 0)	(-1, -1, -1, 0)	(-1, -1, -1, 0)	(-1, -1, -1, 0)	(-1, -1, -1, 0)	(-1, -1, -1, 0)	(-1, -1, -1, 0)	(-1, -1, -1, 0)
257:	(697, 696, -1, 1)	(-1, -1, -1, 0)	(-1, -1, -1, 0)	(-1, -1, -1, 0)	(-1, -1, -1, 0)	(-1, -1, -1, 0)	(-1, -1, -1, 0)	(-1, -1, -1, 0)	(-1, -1, -1, 0)	(-1, -1, -1, 0)	(-1, -1, -1, 0)	(-1, -1, -1, 0)	(-1, -1, -1, 0)	(-1, -1, -1, 0)	(-1, -1, -1, 0)	(-1, -1, -1, 0)
258:	(-1, -1, -1, 0)	(-1, -1, -1, 0)	(-1, -1, -1, 0)	(-1, -1, -1, 0)	(-1, -1, -1, 0)	(-1, -1, -1, 0)	(-1, -1, -1, 0)	(-1, -1, -1, 0)	(-1, -1, -1, 0)	(-1, -1, -1, 0)	(-1, -1, -1, 0)	(-1, -1, -1, 0)	(-1, -1, -1, 0)	(-1, -1, -1, 0)	(-1, -1, -1, 0)	(-1, -1, -1, 0)
259:	(-1, -1, -1, 0)	(-1, -1, -1, 0)	(-1, -1, -1, 0)	(-1, -1, -1, 0)	(-1, -1, -1, 0)	(-1, -1, -1, 0)	(-1, -1, -1, 0)	(-1, -1, -1, 0)	(-1, -1, -1, 0)	(-1, -1, -1, 0)	(-1, -1, -1, 0)	(-1, -1, -1, 0)	(-1, -1, -1, 0)	(-1, -1, -1, 0)	(-1, -1, -1, 0)	(-1, -1, -1, 0)
260:	(-1, -1, -1, 0)	(-1, -1, -1, 0)	(-1, -1, -1, 0)	(-1, -1, -1, 0)	(-1, -1, -1, 0)	(-1, -1, -1, 0)	(-1, -1, -1, 0)	(-1, -1, -1, 0)	(-1, -1, -1, 0)	(-1, -1, -1, 0)	(-1, -1, -1, 0)	(-1, -1, -1, 0)	(-1, -1, -1, 0)	(-1, -1, -1, 0)	(-1, -1, -1, 0)	(-1, -1, -1, 0)
261:	(-1, -1, -1, 0)	(-1, -1, -1, 0)	(-1, -1, -1, 0)	(-1, -1, -1, 0)	(-1, -1, -1, 0)	(-1, -1, -1, 0)	(-1, -1, -1, 0)	(-1, -1, -1, 0)	(-1, -1, -1, 0)	(-1, -1, -1, 0)	(-1, -1, -1, 0)	(-1, -1, -1, 0)	(-1, -1, -1, 0)	(-1, -1, -1, 0)	(-1, -1, -1, 0)	(-1, -1, -1, 0)
262:	(830, 503, 848, 4)	(-1, -1, -1, 0)	(-1, -1, -1, 0)	(-1, -1, -1, 0)	(-1, -1, -1, 0)	(-1, -1, -1, 0)	(-1, -1, -1, 0)	(-1, -1, -1, 0)	(-1, -1, -1, 0)	(-1, -1, -1, 0)	(-1, -1, -1, 0)	(-1, -1, -1, 0)	(-1, -1, -1, 0)	(-1, -1, -1, 0)	(-1, -1, -1, 0)	(-1, -1, -1, 0)
263:	(772, 698, 777, 4)	(845, 698, 849, 4)	(-1, -1, -1, 0)	(-1, -1, -1, 0)	(-1, -1, -1, 0)	(-1, -1, -1, 0)	(-1, -1, -1, 0)	(-1, -1, -1, 0)	(-1, -1, -1, 0)	(-1, -1, -1, 0)	(-1, -1, -1, 0)	(-1, -1, -1, 0)	(-1, -1, -1, 0)	(-1, -1, -1, 0)	(-1, -1, -1, 0)	(-1, -1, -1, 0)
264:	(-1, -1, -1, 0)	(-1, -1, -1, 0)	(-1, -1, -1, 0)	(-1, -1, -1, 0)	(-1, -1, -1, 0)	(-1, -1, -1, 0)	(-1, -1, -1, 0)	(-1, -1, -1, 0)	(-1, -1, -1, 0)	(-1, -1, -1, 0)	(-1, -1, -1, 0)	(-1, -1, -1, 0)	(-1, -1, -1, 0)	(-1, -1, -1, 0)	(-1, -1, -1, 0)	(-1, -1, -1, 0)
265:	(772, 697, 776, 4)	(-1, -1, -1, 0)	(-1, -1, -1, 0)	(-1, -1, -1, 0)	(-1, -1, -1, 0)	(-1, -1, -1, 0)	(-1, -1, -1, 0)	(-1, -1, -1, 0)	(-1, -1, -1, 0)	(-1, -1, -1, 0)	(-1, -1, -1, 0)	(-1, -1, -1, 0)	(-1, -1, -1, 0)	(-1, -1, -1, 0)	(-1, -1, -1, 0)	(-1, -1, -1, 0)
266:	(-1, -1, -1, 0)	(-1, -1, -1, 0)	(-1, -1, -1, 0)	(-1, -1, -1, 0)	(-1, -1, -1, 0)	(-1, -1, -1, 0)	(-1, -1, -1, 0)	(831, 514, -1, 12)	(-1, -1, -1, 0)	(-1, -1, -1, 0)	(-1, -1, -1, 0)	(-1, -1, -1, 0)	(-1, -1, -1, 0)	(-1, -1, -1, 0)	(-1, -1, -1, 0)	(-1, -1, -1, 0)
267:	(-1, -1, -1, 0)	(-1, -1, -1, 0)	(-1, -1, -1, 0)	(-1, -1, -1, 0)	(-1, -1, -1, 0)	(-1, -1, -1, 0)	(-1, -1, -1, 0)	(-1, -1, -1, 0)	(-1, -1, -1, 0)	(-1, -1, -1, 0)	(-1, -1, -1, 0)	(-1, -1, -1, 0)	(-1, -1, -1, 0)	(-1, -1, -1, 0)	(-1, -1, -1, 0)	(-1, -1, -1, 0)
268:	(778, -1, -1, 21)	(779, -1, -1, 21)	(-1, -1, -1, 0)	(780, -1, -1, 21)	(-1, -1, -1, 0)	(-1, -1, -1, 0)	(-1, -1, -1, 0)	(-1, -1, -1, 0)	(-1, -1, -1, 0)	(-1, -1, -1, 0)	(-1, -1, -1, 0)	(-1, -1, -1, 0)	(-1, -1, -1, 0)	(-1, -1, -1, 0)	(-1, -1, -1, 0)	(-1, -1, -1, 0)
269:	(778, 777, -1, 20)	(779, 777, -1, 20)	(-1, -1, -1, 0)	(780, 777, -1, 20)	(-1, -1, -1, 0)	(-1, -1, -1, 0)	(-1, -1, -1, 0)	(821, 356, -1, 15)	(-1, -1, -1, 0)	(-1, -1, -1, 0)	(-1, -1, -1, 0)	(-1, -1, -1, 0)	(-1, -1, -1, 0)	(-1, -1, -1, 0)	(-1, -1, -1, 0)	(-1, -1, -1, 0)
270:	(-1, -1, -1, 0)	(-1, -1, -1, 0)	(-1, -1, -1, 0)	(-1, -1, -1, 0)	(-1, -1, -1, 0)	(-1, -1, -1, 0)	(-1, -1, -1, 0)	(-1, -1, -1, 0)	(-1, -1, -1, 0)	(-1, -1, -1, 0)	(-1, -1, -1, 0)	(-1, -1, -1, 0)	(-1, -1, -1, 0)	(-1, -1, -1, 0)	(-1, -1, -1, 0)	(-1, -1, -1, 0)
271:	(-1, -1, -1, 0)	(-1, -1, -1, 0)	(-1, -1, -1, 0)	(-1, -1, -1, 0)	(-1, -1, -1, 0)	(-1, -1, -1, 0)	(-1, -1, -1, 0)	(-1, -1, -1, 0)	(-1, -1, -1, 0)	(-1, -1, -1, 0)	(-1, -1, -1, 0)	(-1, -1, -1, 0)	(-1, -1, -1, 0)	(-1, -1, -1, 0)	(-1, -1, -1, 0)	(-1, -1, -1, 0)
272:	(-1, -1, -1, 0)	(-1, -1, -1, 0)	(-1, -1, -1, 0)	(-1, -1, -1, 0)	(-1, -1, -1, 0)	(-1, -1, -1, 0)	(-1, -1, -1, 0)	(838, 634, -1, 15)	(-1, -1, -1, 0)	(-1, -1, -1, 0)	(-1, -1, -1, 0)	(-1, -1, -1, 0)	(-1, -1, -1, 0)	(-1, -1, -1, 0)	(-1, -1, -1, 0)	(-1, -1, -1, 0)
273:	(-1, -1, -1, 0)	(-1, -1, -1, 0)	(-1, -1, -1, 0)	(-1, -1, -1, 0)	(-1, -1, -1, 0)	(-1, -1, -1, 0)	(-1, -1, -1, 0)	(-1, -1, -1, 0)	(-1, -1, -1, 0)	(-1, -1, -1, 0)	(-1, -1, -1, 0)	(-1, -1, -1, 0)	(-1, -1, -1, 0)	(-1, -1, -1, 0)	(-1, -1, -1, 0)	(-1, -1, -1, 0)
274:	(-1, -1, -1, 0)	(-1, -1, -1, 0)	(-1, -1, -1, 0)	(-1, -1, -1, 0)	(-1, -1, -1, 0)	(-1, -1, -1, 0)	(-1, -1, -1, 0)	(-1, -1, -1, 0)	(-1, -1, -1, 0)	(-1, -1, -1, 0)	(-1, -1, -1, 0)	(-1, -1, -1, 0)	(-1, -1, -1, 0)	(-1, -1, -1, 0)	(-1, -1, -1, 0)	(-1, -1, -1, 0)
275:	(-1, -1, -1, 0)	(-1, -1, -1, 0)	(-1, -1, -1, 0)	(-1, -1, -1, 0)	(-1, -1, -1, 0)	(-1, -1, -1, 0)	(-1, -1, -1, 0)	(826, 459, -1, 15)	(-1, -1, -1, 0)	(-1, -1, -1, 0)	(-1, -1, -1, 0)	(-1, -1, -1, 0)	(-1, -1, -1, 0)	(-1, -1, -1, 0)	(-1, -1, -1, 0)	(-1, -1, -1, 0)
276:	(-1, -1, -1, 0)	(-1, -1, -1, 0)	(-1, -1, -1, 0)	(-1, -1, -1, 0)	(-1, -1, -1, 0)	(-1, -1, -1, 0)	(-1, -1, -1, 0)	(-1, -1, -1, 0)	(-1, -1, -1, 0)	(-1, -1, -1, 0)	(-1, -1, -1, 0)	(-1, -1, -1, 0)	(-1, -1, -1, 0)	(-1, -1, -1, 0)	(-1, -1, -1, 0)	(-1, -1, -1, 0)
277:	(-1, -1, -1, 0)	(-1, -1, -1, 0)	(785, 778, -1, 12)	(-1, -1, -1, 0)	(785, 779, -1, 12)	(794, 778, -1, 12)	(785, 780, -1, 12)	(-1, -1, -1, 0)	(794, 779, -1, 12)	(794, 780, -1, 12)	(803, 778, -1, 12)	(-1, -1, -1, 0)	(803, 779, -1, 12)	(-1, -1, -1, 0)	(803, 780, -1, 12)	(-1, -1, -1, 0)
278:	(-1, -1, -1, 0)	(-1, -1, -1, 0)	(-1, -1, -1, 0)	(-1, -1, -1, 0)	(-1, -1, -1, 0)	(-1, -1, -1, 0)	(-1, -1, -1, 0)	(816, 236, -1, 15)	(-1, -1, -1, 0)	(-1, -1, -1, 0)	(-1, -1, -1, 0)	(849, 778, -1, 12)	(-1, -1, -1, 0)	(849, 779, -1, 12)	(-1, -1, -1, 0)	(-1, -1, -1, 0)
279:	(-1, -1, -1, 0)	(-1, -1, -1, 0)	(-1, -1, -1, 0)	(-1, -1, -1, 0)	(-1, -1, -1, 0)	(-1, -1, -1, 0)	(-1, -1, -1, 0)	(-1, -1, -1, 0)	(-1, -1, -1, 0)	(-1, -1, -1, 0)	(-1, -1, -1, 0)	(-1, -1, -1, 0)	(-1, -1, -1, 0)	(-1, -1, -1, 0)	(-1, -1, -1, 0)	(849, 780, -1, 12)
280:	(-1, -1, -1, 0)	(-1, -1, -1, 0)	(786, -1, -1, 22)	(-1, -1, -1, 0)	(787, -1, -1, 17)	(795, -1, -1, 22)	(788, -1, -1, 17)	(-1, -1, -1, 0)	(-1, -1, -1, 0)	(-1, -1, -1, 0)	(804, -1, -1, 22)	(-1, -1, -1, 0)	(-1, -1, -1, 0)	(-1, -1, -1, 0)	(-1, -1, -1, 0)	(-1, -1, -1, 0)
281:	(-1, -1, -1, 0)	(-1, -1, -1, 0)	(-1, -1, -1, 0)	(-1, -1, -1, 0)	(-1, -1, -1, 0)	(-1, -1, -1, 0)	(-1, -1, -1, 0)	(827, 468, -1, 15)	(-1, -1, -1, 0)	(-1, -1, -1, 0)	(-1, -1, -1, 0)	(850, -1, -1, 22)	(-1, -1, -1, 0)	(-1, -1, -1, 0)	(-1, -1, -1, 0)	(-1, -1, -1, 0)
282:	(-1, -1, -1, 0)	(-1, -1, -1, 0)	(-1, -1, -1, 0)	(-1, -1, -1, 0)	(-1, -1, -1, 0)	(-1, -1, -1, 0)	(-1, -1, -1, 0)	(-1, -1, -1, 0)	(-1, -1, -1, 0)	(-1, -1, -1, 0)	(-1, -1, -1, 0)	(-1, -1, -1, 0)	(-1, -1, -1, 0)	(-1, -1, -1, 0)	(-1, -1, -1, 0)	(-1, -1, -1, 0)
283:	(-1, -1, -1, 0)	(-1, -1, -1, 0)	(-1, -1, -1, 0)	(-1, -1, -1, 0)	(-1, -1, -1, 0)	(-1, -1, -1, 0)	(-1, -1, -1, 0)	(-1, -1, -1, 0)	(-1, -1, -1, 0)	(-1, -1, -1, 0)	(-1, -1, -1, 0)	(-1, -1, -1, 0)	(-1, -1, -1, 0)	(-1, -1, -1, 0)	(-1, -1, -1, 0)	(-1, -1, -1, 0)
284:	(-1, -1, -1, 0)	(-1, -1, -1, 0)	(-1, -1, -1, 0)	(-1, -1, -1, 0)	(-1, -1, -1, 0)	(-1, -1, -1, 0)	(-1, -1, -1, 0)	(828, 480, -1, 15)	(-1, -1, -1, 0)	(-1, -1, -1, 0)	(-1, -1, -1, 0)	(-1, -1, -1, 0)	(-1, -1, -1, 0)	(-1, -1, -1, 0)	(-1, -1, -1, 0)	(-1, -1, -1, 0)
285:	(-1, -1, -1, 0)	(-1, -1, -1, 0)	(-1, -1, -1, 0)	(-1, -1, -1, 0)	(787, 786, -1, 20)	(-1, -1, -1, 0)	(788, 786, -1, 20)	(-1, -1, -1, 0)	(-1, -1, -1, 0)	(-1, -1, -1, 0)	(-1, -1, -1, 0)	(-1, -1, -1, 0)	(-1, -1, -1, 0)	(-1, -1, -1, 0)	(-1, -1, -1, 0)	(-1, -1, -1, 0)
286:	(-1, -1, -1, 0)	(-1, -1, -1, 0)	(-1, -1, -1, 0)	(-1, -1, -1, 0)	(-1, -1, -1, 0)	(-1, -1, -1, 0)	(-1, -1, -1, 0)	(-1, -1, -1, 0)	(-1, -1, -1, 0)	(-1, -1, -1, 0)	(-1, -1, -1, 0)	(-1, -1, -1, 0)	(-1, -1, -1, 0)	(-1, -1, -1, 0)	(-1, -1, -1, 0)	(-1, -1, -1, 0)
287:	(-1, -1, -1, 0)	(-1, -1, -1, 0)	(-1, -1, -1, 0)	(-1, -1, -1, 0)	(-1, -1, -1, 0)	(-1, -1, -1, 0)	(-1, -1, -1, 0)	(829, 491, -1, 15)	(-1, -1, -1, 0)	(-1, -1, -1, 0)	(-1, -1, -1, 0)	(-1, -1, -1, 0)	(-1, -1, -1, 0)	(-1, -1, -1, 0)	(-1, -1, -1, 0)	(-1, -1, -1, 0)
288:	(-1, -1, -1, 0)	(-1, -1, -1, 0)	(-1, -1, -1, 0)	(-1, -1, -1, 0)	(-1, -1, -1, 0)	(-1, -1, -1, 0)	(-1, -1, -1, 0)	(-1, -1, -1, 0)	(-1, -1, -1, 0)	(-1, -1, -1, 0)	(-1, -1, -1, 0)	(-1, -1, -1, 0)	(-1, -1, -1, 0)	(-1, -1, -1, 0)	(-1, -1, -1, 0)	(-1, -1, -1, 0)
289:	(-1, -1, -1, 0)	(-1, -1, -1, 0)	(-1, -1, -1, 0)	(-1, -1, -1, 0)	(-1, -1, -1, 0)	(-1, -1, -1, 0)	(-1, -1, -1, 0)	(-1, -1, -1, 0)	(-1, -1, -1, 0)	(-1, -1, -1, 0)	(-1, -1, -1, 0)	(-1, -1, -1, 0)	(-1, -1, -1, 0)	(-1, -1, -1, 0)	(-1, -1, -1, 0)	(-1, -1, -1, 0)
290:	(-1, -1, -1, 0)	(-1, -1, -1, 0)	(-1, -1, -1, 0)	(-1, -1, -1, 0)	(-1, -1, -1, 0)	(-1, -1, -1, 0)	(-1, -1, -1, 0)	(832, 531, -1, 15)	(-1, -1, -1, 0)	(-1, -1, -1, 0)	(-1, -1, -1, 0)	(-1, -1, -1, 0)	(-1, -1, -1, 0)	(-1, -1, -1, 0)	(-1, -1, -1, 0)	(-1, -1, -1, 0)
291:	(-1, -1, -1, 0)	(-1, -1, -1, 0)	(-1, -1, -1, 0)	(-1, -1, -1, 0)	(-1, -1, -1, 0)	(-1, -1, -1, 0)	(-1, -1, -1, 0)	(-1, -1, -1, 0)	(-1, -1, -1, 0)	(-1, -1, -1, 0)	(-1, -1, -1, 0)	(-1, -1, -1, 0)	(-1, -1, -1, 0)	(-1, -1, -1, 0)	(-1, -1, -1, 0)	(-1, -1, -1, 0)
292:	(-1, -1, -1, 0)	(-1, -1, -1, 0)	(-1, -1, -1, 0)	(-1, -1, -1, 0)	(-1, -1, -1, 0)	(-1, -1, -1, 0)	(-1, -1, -1, 0)	(-1, -1, -1, 0)	(-1, -1, -1, 0)	(-1, -1, -1, 0)	(-1, -1, -1, 0)	(-1, -1, -1, 0)	(-1, -1, -1, 0)	(-1, -1, -1, 0)	(-1, -1, -1, 0)	(-1, -1, -1, 0)
293:	(-1, -1, -1, 0)	(-1, -1, -1, 0)	(-1, -1, -1, 0)	(-1, -1, -1, 0)	(-1, -1, -1, 0)	(-1, -1, -1, 0)	(-1, -1, -1, 0)	(833, 542, -1, 15)	(795, 787, -1, 12)	(795, 788, -1, 12)	(-1, -1, -1, 0)	(-1, -1, -1, 0)	(804, 787, -1, 12)	(850, 787, -1, 12)	(804, 788, -1, 12)	(850, 788, -1, 12)
294:	(-1, -1, -1, 0)	(-1, -1, -1, 0)	(-1, -1, -1, 0)	(-1, -1, -1, 0)	(-1, -1, -1, 0)	(-1, -1, -1, 0)	(-1, -1, -1, 0)	(-1, -1, -1, 0)	(-1, -1, -1, 0)	(-1, -1, -1, 0)	(-1, -1, -1, 0)	(-1, -1, -1, 0)	(-1, -1, -1, 0)	(-1, -1, -1, 0)	(-1, -1, -1, 0)	(-1, -1, -1, 0)
295:	(-1, -1, -1, 0)	(-1, -1, -1, 0)	(-1, -1, -1, 0)	(-1, -1, -1, 0)	(-1, -1, -1, 0)	(-1, -1, -1, 0)	(-1, -1, -1, 0)	(-1, -1, -1, 0)	(-1, -1, -1, 0)	(-1, -1, -1, 0)	(-1, -1, -1, 0)	(-1, -1, -1, 0)	(-1, -1, -1, 0)	(-1, -1, -1, 0)	(-1, -1, -1, 0)	(-1, -1, -1, 0)
296:	(-1, -1, -1, 0)	(-1, -1, -1, 0)	(-1, -1, -1, 0)	(-1, -1, -1, 0)	(-1, -1, -1, 0)	(-1, -1, -1, 0)	(-1, -1, -1, 0)	(839, 646, -1, 15)	(796, -1, -1, 22)	(797, -1, -1, 17)	(-1, -1, -1, 0)	(-1, -1, -1, 0)	(805, -1, -1, 22)	(851, -1, -1, 22)	(-1, -1, -1, 0)	(-1, -1, -1, 0)
297:	(-1, -1, -1, 0)	(-1, -1, -1, 0)	(-1, -1, -1, 0)	(-1, -1, -1, 0)	(-1, -1, -1, 0)	(-1, -1, -1, 0)	(-1, -1, -1, 0)	(-1, -1, -1, 0)	(-1, -1, -1, 0)	(-1, -1, -1, 0)	(-1, -1, -1, 0)	(-1, -1, -1, 0)	(-1, -1, -1, 0)	(-1, -1, -1, 0)	(-1, -1, -1, 0)	(-1, -1, -1, 0)
298:	(-1, -1, -1, 0)	(-1, -1, -1, 0)	(-1, -1, -1, 0)	(-1, -1, -1, 0)	(-1, -1, -1, 0)	(-1, -1, -1, 0)	(-1, -1, -1, 0)	(-1, 684, -1, 13)	(-1, -1, -1, 0)	(-1, -1, -1, 0)	(-1, -1, -1, 0)	(-1, -1, -1, 0)	(-1, -1, -1, 0)	(-1, -1, -1, 0)	(-1, -1, -1, 0)	(-1, -1, -1, 0)
299:	(-1, -1, -1, 0)	(-1, -1, -1, 0)	(-1, -1, -1, 0)	(-1, -1, -1, 0)	(-1, -1, -1, 0)	(-1, -1, -1, 0)	(-1, -1, -1, 0)	(844, -1, -1, 14)	(-1, -1, -1, 0)	(-1, -1, -1, 0)	(-1, -1, -1, 0)	(-1, -1, -1, 0)	(-1, -1, -1, 0)	(-1, -1, -1, 0)	(-1, -1, -1, 0)	(-1, -1, -1, 0)
300:	(-1, -1, -1, 0)	(-1, -1, -1, 0)	(-1, -1, -1, 0)	(-1, -1, -1, 0)	(-1, -1, -1, 0)	(-1, -1, -1, 0)	(-1, -1, -1, 0)	(-1, -1, -1, 0)	(-1, -1, -1, 0)	(-1, -1, -1, 0)	(-1, -1, -1, 0)	(-1, -1, -1, 0)	(-1, -1, -1, 0)	(-1, -1, -1, 0)	(-1, -1, -1, 0)	(-1, -1, -1, 0)
301:	(-1, -1, -1, 0)	(-1, -1, -1, 0)	(-1, -1, -1, 0)	(-1, -1, -1, 0)	(-1, -1, -1, 0)	(-1, -1, -1, 0)	(-1, -1, -1, 0)	(-1, -1, -1, 0)	(-1, -1, -1, 0)	(797, 796, -1, 20)	(-1, -1, -1, 0)	(-1, -1, -1, 0)	(-1, -1, -1, 0)	(-1, -1, -1, 0)	(-1, -1, -1, 0)	(-1, -1, -1, 0)
302:	(-1, -1, -1, 0)	(-1, -1, -1, 0)	(-1, -1, -1, 0)	(-1, -1, -1, 0)	(-1, -1, -1, 0)	(-1, -1, -1, 0)	(-1, -1, -1, 0)	(845, 697, -1, 15)	(-1, -1, -1, 0)	(-1, -1, -1, 0)	(-1, -1, -1, 0)	(-1, -1, -1, 0)	(-1, -1, -1, 0)	(-1, -1, -1, 0)	(-1, -1, -1, 0)	(-1, -1, -1, 0)
303:	(-1, -1, -1, 0)	(-1, -1, -1, 0)	(-1, -1, -1, 0)	(-1, -1, -1, 0)	(-1, -1, -1, 0)	(-1, -1, -1, 0)	(-1, -1, -1, 0)	(-1, -1, -1, 0)	(-1, -1, -1, 0)	(-1, -1, -1, 0)	(-1, -1, -1, 0)	(-1, -1, -1, 0)	(-1, -1, -1, 0)	(-1, -1, -1, 0)	(-1, -1, -1, 0)	(-1, -1, -1, 0)
304:	(-1, -1, -1, 0)	(-1, -1, -1, 0)	(-1, -1, -1, 0)	(-1, -1, -1, 0)	(-1, -1, -1, 0)	(-1, -1, -1, 0)	(-1, -1, -1, 0)	(-1, -1, -1, 0)	(-1, -1, -1, 0)	(-1, -1, -1, 0)	(-1, -1, -1, 0)	(-1, -1, -1, 0)	(-1, -1, -1, 0)	(-1, -1, -1, 0)	(-1, -1, -1, 0)	(-1, -1, -1, 0)
305:	(-1, -1, -1, 0)	(-1, -1, -1, 0)	(-1, -1, -1, 0)	(-1, -1, -1, 0)	(-1, -1, -1, 0)	(-1, -1, -1, 0)	(-1, -1, -1, 0)	(848, -1, -1, 22)	(-1, -1, -1, 0)	(-1, -1, -1, 0)	(-1, -1, -1, 0)	(-1, -1, -1, 0)	(-1, -1, -1, 0)	(-1, -1, -1, 0)	(-1, -1, -1, 0)	(-1, -1, -1, 0)
306:	(-1, -1, -1, 0)	(-1, -1, -1, 0)	(-1, -1, -1, 0)	(-1, -1, -1, 0)	(-1, -1, -1, 0)	(-1, -1, -1, 0)	(-1, -1, -1, 0)	(-1, -1, -1, 0)	(-1, -1, -1, 0)	(-1, -1, -1, 0)	(-1, -1, -1, 0)	(-1, -1, -1, 0)	(-1, -1, -1, 0)	(-1, -1, -1, 0)	(-1, -1, -1, 0)	(-1, -1, -1, 0)
307:	(-1, -1, -1, 0)	(-1, -1, -1, 0)	(-1, -1, -1, 0)	(-1, -1, -1, 0)	(-1, -1, -1, 0)	(-1, -1, -1, 0)	(-1, -1, -1, 0)	(-1, -1, -1, 0)	(-1, -1, -1, 0)	(-1, -1, -1, 0)	(-1, -1, -1, 0)	(-1, -1, -1, 0)	(-1, -1, -1, 0)	(-1, -1, -1, 0)	(-1, -1, -1, 0)	(-1, -1, -1, 0)
308:	(-1, -1, -1, 0)	(-1, -1, -1, 0)	(-1, -1, -1, 0)	(-1, -1, -1, 0)	(-1, -1, -1, 0)	(-1, -1, -1, 0)	(-1, -1, -1, 0)	(-1, -1, -1, 0)	(-1, -1, -1, 0)	(-1, -1, -1, 0)	(-1, -1, -1, 0)	(-1, -1, -1, 0)	(-1, -1, -1, 0)	(-1, -1, -1, 0)	(-1, -1, -1, 0)	(-1, -1, -1, 0)
309:	(-1, -1, -1, 0)	(-1, -1, -1, 0)	(-1, -1, -1, 0)	(-1, -1, -1, 0)	(-1, -1, -1, 0)	(-1, -1, -1, 0)	(-1, -1, -1, 0)	(-1, -1, -1, 0)	(-1, -1, -1, 0)	(-1, -1, -1, 0)	(-1, -1, -1, 0)	(-1, -1, -1, 0)	(-1, -1, -1, 0)	(-1, -1, -1, 0)	(805, 797, -1, 12)	(851, 797, -1, 12)
310:	(-1, -1, -1, 0)	(-1, -1, -1, 0)	(-1, -1, -1, 0)	(-1, -1, -1, 0)	(-1, -1, -1, 0)	(-1, -1, -1, 0)	(-1, -1, -1, 0)	(-1, -1, -1, 0)	(-1, -1, -1, 0)	(-1, -1, -1, 0)	(-1, -1, -1, 0)	(-1, -1, -1, 0)	(-1, -1, -1, 0)	(-1, -1, -1, 0)	(-1, -1, -1, 0)	(-1, -1, -1, 0)
311:	(-1, -1, -1, 0)	(-1, -1, -1, 0)	(-1, -1, -1, 0)	(-1, -1, -1, 0)	(-1, -1, -1, 0)	(-1, -1, -1, 0)	(-1, -1, -1, 0)	(-1, -1, -1, 0)	(-1, -1, -1, 0)	(-1, -1, -1, 0)	(-1, -1, -1, 0)	(-1, -1, -1, 0)	(-1, -1, -1, 0)	(-1, -1, -1, 0)	(-1, -1, -1, 0)	(-1, -1, -1, 0)
312:	(-1, -1, -1, 0)	(-1, -1, -1, 0)	(-1, -1, -1, 0)	(-1, -1, -1, 0)	(-1, -1, -1, 0)	(-1, -1, -1, 0)	(-1, -1, -1, 0)	(-1, -1, -1, 0)	(-1, -1, -1, 0)	(-1, -1, -1, 0)	(-1, -1, -1, 0)	(-1, -1, -1, 0)	(-1, -1, -1, 0)	(-1, -1, -1, 0)	(806, -1, -1, 22)	(852, -1, -1, 22)
313:	(-1, -1, -1, 0)	(-1, -1, -1, 0)	(-1, -1, -1, 0)	(-1, -1, -1, 0)	(-1, -1, -1, 0)	(-1, -1, -1, 0)	(-1, -1, -1, 0)	(-1, -1, -1, 0)	(-1, -1, -1, 0)	(-1, -1, -1, 0)	(-1, -1, -1, 0)	(-1, -1, -1, 0)	(-1, -1, -1, 0)	(-1, -1, -1, 0)	(-1, -1, -1, 0)	(-1, -1, -1, 0)
314:	(-1, -1, -1, 0)	(-1, -1, -1, 0)	(-1, -1, -1, 0)	(-1, -1, -1, 0)	(-1, -1, -1, 0)	(-1, -1, -1, 0)	(-1, -1, -1, 0)	(-1, -1, -1, 0)	(-1, -1, -1, 0)	(-1, -1, -1, 0)	(-1, -1, -1, 0)	(-1, -1, -1, 0)	(-1, -1, -1, 0)	(-1, -1, -1, 0)	(-1, -1, -1, 0)	(-1, -1, -1, 0)
315:	(-1, -1, -1, 0)	(-1, -1, -1, 0)	(-1, -1, -1, 0)	(-1, -1, -1, 0)	(-1, -1, -1, 0)	(-1, -1, -1, 0)	(-1, -1, -1, 0)	(-1, -1, -1, 0)	(-1, -1, -1, 0)	(-1, -1, -1, 0)	(-1, -1, -1, 0)	(-1, -1, -1, 0)	(-1, -1, -1, 0)	(-1, -1, -1, 0)	(-1, -1, -1, 0)	(-1, -1, -1, 0)
Print Inst Finished!

latency = 313
Ax[40641] = -nan
time: 0	PE: 0	op: -7.2e-05 / 0.029318 = -0.00245583
time: 0	PE: 1	op: -2e-06 / 0.029318 = -6.82175e-05
time: 0	PE: 2	op: -0.000494 / 15.0005 = -3.29322e-05
time: 0	PE: 3	op: -6e-06 / 0.017469 = -0.000343466
time: 0	PE: 4	op: -0.00011 / 0.017469 = -0.00629687
time: 0	PE: 5	op: -1e-06 / 15.0005 = -6.66643e-08
time: 0	PE: 6	op: -1.8e-05 / 15.0005 = -1.19996e-06
time: 0	PE: 7	op: -0.000111 / 0.017469 = -0.00635411
time: 0	PE: 8	op: -1.8e-05 / 15.0005 = -1.19996e-06
time: 0	PE: 9	op: -0.017241 / 0.017469 = -0.986948
time: 0	PE: 10	op: -0.000478 / 15.0005 = -3.18656e-05
time: 0	PE: 11	op: -1e-06 / 15.0005 = -6.66644e-08
time: 0	PE: 12	op: -1.8e-05 / 15.0005 = -1.19996e-06
time: 0	PE: 13	op: -1.8e-05 / 15.0005 = -1.19996e-06
time: 0	PE: 14	op: -0.066667 / 0.133348 = -0.499947
time: 0	PE: 15	op: -1.4e-05 / 0.133348 = -0.000104988
Ax[40641] = -nan
time: 1	PE: 0	op: -0.029171 / 0.029318 = -0.994986
time: 1	PE: 1	op: -6.2e-05 / 0.029325 = -0.00211424
time: 1	PE: 2	op: -7.3e-05 / 0.029318 = -0.00248994
time: 1	PE: 3	op: -1e-06 / 0.029325 = -3.41006e-05
time: 1	PE: 4	op: -0.029204 / 0.029325 = -0.995874
time: 1	PE: 5	op: -5.8e-05 / 0.029325 = -0.00197783
time: 1	PE: 6	op: -6.1e-05 / 0.029756 = -0.00205001
time: 1	PE: 7	op: -0.066667 / 0.133342 = -0.49997
time: 1	PE: 8	op: -9e-06 / 0.133342 = -6.74956e-05
time: 1	PE: 9	op: -0.066667 / 0.133362 = -0.499895
time: 1	PE: 10	op: -2.9e-05 / 0.133362 = -0.000217453
time: 1	PE: 11	op: -0.066667 / 0.133362 = -0.499895
time: 1	PE: 12	op: -2.9e-05 / 0.133362 = -0.000217453
time: 1	PE: 13	op: -0.066667 / 0.133351 = -0.499936
time: 1	PE: 14	op: -1.8e-05 / 0.133351 = -0.000134982
time: 1	PE: 15	op: -0.066667 / 0.133342 = -0.49997
Ax[40641] = -nan
time: 2	PE: 0	op: -0.000587 / 7.50066 = -7.82598e-05
time: 2	PE: 1	op: -1e-06 / 0.028957 = -3.4534e-05
time: 2	PE: 2	op: -6.3e-05 / 0.028957 = -0.00217564
time: 2	PE: 3	op: -1e-06 / 7.50066 = -1.33322e-07
time: 2	PE: 4	op: -3.6e-05 / 7.50066 = -4.79958e-06
time: 2	PE: 5	op: -3.3e-05 / 7.50066 = -4.39962e-06
time: 2	PE: 6	op: -0.028832 / 0.028957 = -0.995683
time: 2	PE: 7	op: -6.1e-05 / 0.028957 = -0.00210657
time: 2	PE: 8	op: -1e-06 / 0.029756 = -3.36067e-05
time: 2	PE: 9	op: -0.066667 / 0.133346 = -0.499955
time: 2	PE: 10	op: -1.3e-05 / 0.133346 = -9.74907e-05
time: 2	PE: 11	op: -0.066667 / 0.133351 = -0.499936
time: 2	PE: 12	op: -0.066667 / 0.133362 = -0.499895
time: 2	PE: 13	op: -1.8e-05 / 0.133351 = -0.000134982
time: 2	PE: 14	op: -0.066667 / 0.133346 = -0.499955
time: 2	PE: 15	op: -0.066667 / 0.133351 = -0.499936
Ax[40641] = -nan
time: 3	PE: 0	op: -6e-06 / 0.01752 = -0.000342466
time: 3	PE: 1	op: -0.000111 / 0.01752 = -0.00633562
time: 3	PE: 2	op: -4e-06 / 0.017634 = -0.000226835
time: 3	PE: 3	op: -0.017292 / 0.01752 = -0.986986
time: 3	PE: 4	op: -0.000111 / 0.017634 = -0.00629466
time: 3	PE: 5	op: -0.000111 / 0.01752 = -0.00633562
time: 3	PE: 6	op: -0.029634 / 0.029756 = -0.9959
time: 3	PE: 7	op: -0.017409 / 0.017634 = -0.987241
time: 3	PE: 8	op: -0.000111 / 0.017634 = -0.00629466
time: 3	PE: 9	op: -0.066667 / 0.133348 = -0.499947
time: 3	PE: 10	op: -0.004243 / 0.004277 = -0.99205
time: 3	PE: 11	op: -0.066667 / 0.133362 = -0.499895
time: 3	PE: 12	op: -0.066667 / 0.133362 = -0.499895
time: 3	PE: 13	op: -0.066667 / 0.13334 = -0.499977
time: 3	PE: 14	op: -2e-06 / 0.006544 = -0.000305623
time: 3	PE: 15	op: -1.4e-05 / 0.133348 = -0.000104988
Ax[40641] = -nan
time: 4	PE: 0	op: -6.1e-05 / 0.029756 = -0.00205001
time: 4	PE: 1	op: -0.066667 / 0.133351 = -0.499936
time: 4	PE: 2	op: -0.066667 / 0.133362 = -0.499895
time: 4	PE: 3	op: -2.9e-05 / 0.133362 = -0.000217453
time: 4	PE: 4	op: -1.8e-05 / 0.133351 = -0.000134982
time: 4	PE: 5	op: -1.4e-05 / 0.133348 = -0.000104988
time: 4	PE: 6	op: -0.066667 / 0.133351 = -0.499936
time: 4	PE: 7	op: -0.066667 / 0.133362 = -0.499895
time: 4	PE: 8	op: -1.3e-05 / 0.133346 = -9.74907e-05
time: 4	PE: 9	op: -0.066667 / 0.133346 = -0.499955
time: 4	PE: 10	op: -0.066667 / 0.133346 = -0.499955
time: 4	PE: 11	op: -1.4e-05 / 0.133348 = -0.000104988
time: 4	PE: 12	op: -7e-06 / 0.13334 = -5.24974e-05
time: 4	PE: 13	op: -0.066667 / 0.133348 = -0.499947
time: 4	PE: 14	op: -1.4e-05 / 0.133348 = -0.000104988
time: 4	PE: 15	op: -0.01197 / 0.02394 = -0.5
Ax[40641] = -nan
time: 5	PE: 0	op: -2.9e-05 / 0.133362 = -0.000217453
time: 5	PE: 1	op: -0.066667 / 0.133348 = -0.499947
time: 5	PE: 2	op: -0.066667 / 0.133342 = -0.49997
time: 5	PE: 3	op: -2.9e-05 / 0.133362 = -0.000217453
time: 5	PE: 4	op: -0.066667 / 0.133351 = -0.499936
time: 5	PE: 5	op: -3.2e-05 / 0.004277 = -0.00748188
time: 5	PE: 6	op: -0.066667 / 0.133348 = -0.499947
time: 5	PE: 7	op: -0.066667 / 0.133342 = -0.49997
time: 5	PE: 8	op: -0.066667 / 0.133362 = -0.499895
time: 5	PE: 9	op: -0.066667 / 0.133348 = -0.499947
time: 5	PE: 10	op: -1.6e-05 / 0.006544 = -0.00244499
time: 5	PE: 11	op: -0.006525 / 0.006544 = -0.997097
time: 5	PE: 12	op: -0.066667 / 0.133348 = -0.499947
time: 5	PE: 13	op: -0.01197 / 0.02394 = -0.5
time: 5	PE: 14	op: -0.01197 / 0.03591 = -0.333333
time: 5	PE: 15	op: -0.02394 / 0.03591 = -0.666667
Ax[40641] = -nan
time: 6	PE: 0	op: -8e-06 / 0.133342 = -5.99961e-05
time: 6	PE: 1	op: -1.9e-05 / 0.004277 = -0.00444237
time: 6	PE: 2	op: 1.7e-05 / 0.004277 = 0.00397475
time: 6	PE: 3	op: -0.066667 / 0.133362 = -0.499895
time: 6	PE: 4	op: -1.4e-05 / 0.133348 = -0.000104988
time: 6	PE: 5	op: -0.066667 / 0.13334 = -0.499977
time: 6	PE: 6	op: -0.066667 / 0.133342 = -0.49997
time: 6	PE: 7	op: -0.01197 / 0.03591 = -0.333333
time: 6	PE: 8	op: -9e-06 / 0.006554 = -0.00137321
time: 6	PE: 9	op: -0.066667 / 0.13334 = -0.499977
time: 6	PE: 10	op: -7e-06 / 0.13334 = -5.24974e-05
time: 6	PE: 11	op: -1.4e-05 / 0.133348 = -0.000104988
time: 6	PE: 12	op: -0.02394 / 0.03591 = -0.666667
Ax[40641] = -nan
time: 7	PE: 0	op: -0.066667 / 0.133362 = -0.499895
time: 7	PE: 1	op: -1.4e-05 / 0.133348 = -0.000104988
time: 7	PE: 2	op: -0.066667 / 0.133348 = -0.499947
time: 7	PE: 3	op: -0.066667 / 0.133348 = -0.499947
time: 7	PE: 4	op: -1.4e-05 / 0.133348 = -0.000104988
time: 7	PE: 5	op: -0.066667 / 0.13334 = -0.499977
time: 7	PE: 6	op: -1.9e-05 / 0.006551 = -0.00290032
time: 7	PE: 7	op: -1.1e-05 / 0.133344 = -8.24934e-05
time: 7	PE: 8	op: -0.006532 / 0.006551 = -0.9971
time: 7	PE: 9	op: -0.066667 / 0.133348 = -0.499947
time: 7	PE: 10	op: -0.066667 / 0.133342 = -0.49997
Ax[40641] = -nan
time: 8	PE: 0	op: 0.013034 - -2.2e-05 * -1.19996e-06 = 0.013034
time: 8	PE: 1	op: -3.6e-05 - -0.017241 * -0.00635411 = -0.000145551
time: 8	PE: 2	op: 0.000107 - -0.000138 * -0.000343466 = 0.000106953
time: 8	PE: 3	op: -0.000138 - -0.000104 * -0.000343466 = -0.000138036
time: 8	PE: 4	op: -0.000213 - 2e-06 * -1.19996e-06 = -0.000213
time: 8	PE: 5	op: 0.025367 - -0.000138 * -0.00629687 = 0.0253661
time: 8	PE: 6	op: -0.001332 - -0.000138 * -0.00635411 = -0.00133288
time: 8	PE: 7	op: 0.012809 - -1.6e-05 * -1.19996e-06 = 0.012809
time: 8	PE: 8	op: -1.4e-05 / 0.133348 = -0.000104988
time: 8	PE: 9	op: -0.416667 / 1 = -0.416667
time: 8	PE: 10	op: -0.833333 / 1 = -0.833333
Ax[40641] = -nan
time: 9	PE: 0	op: 0 - -9e-06 * -0.49997 = -4.49973e-06
time: 9	PE: 2	op: 0 - 1.5e-05 * -0.986948 = 1.48042e-05
time: 9	PE: 3	op: 0.000108 - -2.9e-05 * -0.499895 = 9.3503e-05
time: 9	PE: 4	op: -0.2 - -0.066667 * -0.499895 = -0.233327
time: 9	PE: 5	op: -0.00023 - 2e-06 * -1.19996e-06 = -0.00023
time: 9	PE: 6	op: -0.2 - -0.066667 * -0.499895 = -0.233327
time: 9	PE: 7	op: -0.02394 - -0.066667 * -0.000217453 = -0.0239545
time: 9	PE: 8	op: -0.0021 - -5e-05 * -0.00211424 = -0.00210011
time: 9	PE: 9	op: -9e-06 / 0.133342 = -6.74956e-05
Ax[40641] = -nan
time: 10	PE: 0	op: 0.014198 - -5.1e-05 * -0.00210657 = 0.0141979
time: 10	PE: 1	op: 0 - -0.066667 * -6.74956e-05 = -4.49973e-06
time: 10	PE: 2	op: 0.02399 - -3.3e-05 * -4.39962e-06 = 0.02399
time: 10	PE: 3	op: 0.33337 - 1.5e-05 * -0.000343466 = 0.33337
time: 10	PE: 4	op: -2.3e-05 - 1.5e-05 * -0.00635411 = -2.29047e-05
time: 10	PE: 5	op: 0 - -0.017241 * -0.000343466 = -5.92169e-06
time: 10	PE: 6	op: -1.8e-05 - -0.028832 * -0.00210657 = -7.87367e-05
time: 10	PE: 7	op: 0.333653 - 2e-06 * -6.66643e-08 = 0.333653
time: 10	PE: 8	op: -0.000238 - 4e-06 * -4.39962e-06 = -0.000238
time: 10	PE: 9	op: -3.5e-05 - -0.000138 * -0.986948 = -0.000171199
time: 10	PE: 10	op: -0.02394 - -0.066667 * -0.000217453 = -0.0239545
Ax[40641] = -nan
time: 11	PE: 0	op: 0.025459 - -0.000104 * -0.00635411 = 0.0254583
time: 11	PE: 1	op: 0 - -1.3e-05 * -0.499955 = -6.49941e-06
time: 11	PE: 2	op: 0.33337 - -0.066667 * -0.499895 = 0.300043
time: 11	PE: 3	op: 0.33337 - -0.066667 * -0.499936 = 0.300041
time: 11	PE: 4	op: -0.2 - -0.066667 * -0.499936 = -0.233329
time: 11	PE: 5	op: 0 - -0.017292 * -0.000342466 = -5.92192e-06
time: 11	PE: 6	op: -3.4e-05 - -1e-06 * -0.99205 = -3.49921e-05
time: 11	PE: 7	op: -1.8e-05 - -0.029171 * -0.00248994 = -9.0634e-05
time: 11	PE: 9	op: 0 - -1.9e-05 * -0.000305623 = -5.80685e-09
Ax[40641] = -nan
time: 12	PE: 0	op: -3.6e-05 - -0.000104 * -0.986948 = -0.000138643
time: 12	PE: 1	op: -2.9e-05 - 1.5e-05 * -0.00629687 = -2.89055e-05
time: 12	PE: 2	op: -2.6e-05 - -0.066667 * -0.000134982 = -3.49989e-05
time: 12	PE: 3	op: -2.6e-05 - 1.5e-05 * -0.00629466 = -2.59056e-05
time: 12	PE: 4	op: -2.6e-05 - -0.066667 * -0.000134982 = -3.49989e-05
time: 12	PE: 5	op: 0.025376 - -0.000135 * -0.00629466 = 0.0253752
time: 12	PE: 6	op: -3.6e-05 - -0.000135 * -0.987241 = -0.000169277
time: 12	PE: 7	op: -0.001223 - -0.000104 * -0.00629687 = -0.00122365
time: 12	PE: 8	op: -1e-06 - -3.3e-05 * -1.33322e-07 = -1e-06
time: 12	PE: 9	op: -3.6e-05 - -0.017241 * -0.00629687 = -0.000144564
time: 12	PE: 10	op: 0 - -0.066667 * -0.000134982 = -8.99885e-06
time: 12	PE: 11	op: -0.066667 / 0.133342 = -0.49997
Ax[40641] = -nan
time: 13	PE: 0	op: 0 - -1.8e-05 * -0.499936 = -8.99885e-06
time: 13	PE: 1	op: -2.6e-05 - -0.066667 * -0.000217453 = -4.0497e-05
time: 13	PE: 2	op: 0 - -0.066667 * -0.000134982 = -8.99885e-06
time: 13	PE: 3	op: -0.2 - -0.066667 * -0.499936 = -0.233329
time: 13	PE: 4	op: 0 - -0.066667 * -9.74907e-05 = -6.49941e-06
time: 13	PE: 5	op: 0 - 1.5e-05 * -0.986986 = 1.48048e-05
time: 13	PE: 6	op: -0.2 - -0.066667 * -0.499936 = -0.233329
time: 13	PE: 7	op: 0 - -0.017409 * -0.000226835 = -3.94896e-06
time: 13	PE: 9	op: -0.01197 - -1.4e-05 * -0.499947 = -0.011977
Ax[40641] = -nan
time: 14	PE: 0	op: -0.2 - -0.066667 * -0.499936 = -0.233329
time: 14	PE: 1	op: -0.000138 - -1.8e-05 * -0.499936 = -0.000146999
time: 14	PE: 2	op: 0 - 1.5e-05 * -0.987241 = 1.48086e-05
time: 14	PE: 3	op: -3.4e-05 - -0.004243 * -0.00444237 = -5.2849e-05
time: 14	PE: 4	op: -2.7e-05 - -0.004243 * 0.00397475 = -1.01351e-05
time: 14	PE: 5	op: 0 - -0.004243 * -0.00748188 = -3.17456e-05
time: 14	PE: 6	op: -0.000223 - 2e-06 * -1.19996e-06 = -0.000223
time: 14	PE: 7	op: -0.001342 - -0.000135 * -0.00629466 = -0.00134285
time: 14	PE: 8	op: -0.000862 - -2.2e-05 * -3.18656e-05 = -0.000862001
time: 14	PE: 9	op: -0.001001 - -0.000495 * -1.19996e-06 = -0.001001
Ax[40641] = -nan
time: 15	PE: 0	op: 0.013034 - -9e-06 * -6.74956e-05 = 0.013034
time: 15	PE: 1	op: -0.000138 - -1.8e-05 * -0.499936 = -0.000146999
time: 15	PE: 2	op: 0.000106953 - -2.9e-05 * -0.499895 = 9.24557e-05
time: 15	PE: 3	op: -0.000138036 - -1.8e-05 * -0.499936 = -0.000147035
time: 15	PE: 4	op: 0.839895 - -0.006532 * -0.9971 = 0.833382
time: 15	PE: 5	op: 0.333352 - -1.9e-05 * -0.00244499 = 0.333352
time: 15	PE: 6	op: -0.02394 - -2.9e-05 * -0.499895 = -0.0239545
time: 15	PE: 7	op: -3.6e-05 - -0.017409 * -0.00629466 = -0.000145584
time: 15	PE: 8	op: 0 - -0.029204 * -3.41006e-05 = -9.95874e-07
time: 15	PE: 10	op: 0 - -1.8e-05 * -0.499936 = -8.99885e-06
Ax[40641] = -nan
time: 16	PE: 0	op: 0.02399 - -1.3e-05 * -9.74907e-05 = 0.02399
time: 16	PE: 1	op: -0.2 - -0.066667 * -0.499936 = -0.233329
time: 16	PE: 2	op: 0.33337 - -0.066667 * -0.499936 = 0.300041
time: 16	PE: 3	op: -2.29047e-05 - -0.066667 * -0.000134982 = -3.19035e-05
time: 16	PE: 4	op: 0.420971 - -0.004243 * -0.99205 = 0.416762
time: 16	PE: 5	op: -0.233327 - -0.066667 * -0.499936 = -0.266656
time: 16	PE: 6	op: -0.000234 - 2e-06 * -1.19996e-06 = -0.000234
time: 16	PE: 7	op: -0.000238 - -0.066667 * -9.74907e-05 = -0.000244499
time: 16	PE: 8	op: -6.6e-05 - -5.1e-05 * -3.4534e-05 = -6.60018e-05
time: 16	PE: 9	op: 0.000447 - -2.2e-05 * -1.19996e-06 = 0.000447
time: 16	PE: 10	op: 0 - -7e-06 * -0.499977 = -3.49984e-06
Ax[40641] = -nan
time: 17	PE: 0	op: 0.0254583 - -1.8e-05 * -0.000134982 = 0.0254583
time: 17	PE: 1	op: 0.300043 - -0.066667 * -0.499936 = 0.266714
time: 17	PE: 2	op: 0.300041 - -0.066667 * -0.499895 = 0.266714
time: 17	PE: 3	op: -0.233329 - -0.066667 * -0.499895 = -0.266656
time: 17	PE: 4	op: -3.6e-05 - -0.000105 * -0.987241 = -0.00013966
time: 17	PE: 5	op: 1e-06 - -1e-06 * -0.00748188 = 9.92518e-07
time: 17	PE: 6	op: 0.333777 - -0.066667 * -0.499895 = 0.300451
time: 17	PE: 7	op: -0.000401 - -0.066667 * -0.000217453 = -0.000415497
time: 17	PE: 8	op: 0.014252 - -0.000105 * -0.00245583 = 0.0142517
time: 17	PE: 9	op: -0.002199 - -0.000105 * -0.00248994 = -0.00219926
Ax[40641] = -nan
time: 18	PE: 0	op: -2.89055e-05 - -0.066667 * -0.000217453 = -4.34025e-05
time: 18	PE: 1	op: 0.000105 - -2.9e-05 * -0.499895 = 9.0503e-05
time: 18	PE: 2	op: 9.3503e-05 - -0.000138 * -0.000342466 = 9.34558e-05
time: 18	PE: 3	op: 0.862201 - -0.028832 * -0.995683 = 0.833493
time: 18	PE: 4	op: 0 - -1.9e-05 * -0.997097 = -1.89448e-05
time: 18	PE: 5	op: 0.433979 - -0.017241 * -0.986948 = 0.416963
time: 18	PE: 6	op: 0 - -0.006525 * -0.00244499 = -1.59535e-05
time: 18	PE: 7	op: -0.002146 - -8.1e-05 * -0.00210657 = -0.00214617
time: 18	PE: 8	op: -3.5e-05 - -0.000138 * -0.986986 = -0.000171204
time: 18	PE: 9	op: 0.0253752 - -2.9e-05 * -0.000217453 = 0.0253751
Ax[40641] = -nan
time: 19	PE: 0	op: -4.0497e-05 - 1.5e-05 * -0.00633562 = -4.04019e-05
time: 19	PE: 1	op: -2.59056e-05 - -0.066667 * -0.000217453 = -4.04025e-05
time: 19	PE: 2	op: -3.49989e-05 - 1.5e-05 * -0.00633562 = -3.49038e-05
time: 19	PE: 3	op: -3.49989e-05 - 1.5e-05 * -0.00629466 = -3.49044e-05
time: 19	PE: 4	op: 0 - -3.3e-05 * -0.99205 = -3.27377e-05
time: 19	PE: 5	op: -3.6e-05 - -0.017409 * -0.00629466 = -0.000145584
time: 19	PE: 6	op: -3.1e-05 - 6e-06 * -0.00217564 = -3.09869e-05
time: 19	PE: 7	op: -0.02394 - -2.9e-05 * -0.499895 = -0.0239545
time: 19	PE: 8	op: 0.333352 - 6e-06 * -6.82175e-05 = 0.333352
time: 19	PE: 9	op: -6e-06 / 0.13334 = -4.49978e-05
Ax[40641] = -nan
time: 20	PE: 0	op: -0.233329 - -0.066667 * -0.499895 = -0.266656
time: 20	PE: 1	op: -0.233329 - -0.066667 * -0.499895 = -0.266656
time: 20	PE: 2	op: 0.434147 - -0.017409 * -0.987241 = 0.41696
time: 20	PE: 3	op: 0.862539 - -0.029171 * -0.994986 = 0.833514
time: 20	PE: 4	op: 0.014178 - -8.1e-05 * -0.00217564 = 0.0141778
time: 20	PE: 5	op: -0.2 - -0.066667 * -0.499955 = -0.233331
time: 20	PE: 6	op: -1.5e-05 - -0.000105 * -0.994986 = -0.000119474
time: 20	PE: 7	op: 0.0253661 - -2.9e-05 * -0.000217453 = 0.0253661
time: 20	PE: 9	op: -9e-06 / 0.133342 = -6.74956e-05
Ax[40641] = -nan
time: 21	PE: 0	op: -0.233329 - -0.066667 * -0.499895 = -0.266656
time: 21	PE: 1	op: -0.000146999 - -0.000105 * -0.000342466 = -0.000147035
time: 21	PE: 2	op: -0.000146999 - -0.000105 * -0.000226835 = -0.000147023
time: 21	PE: 3	op: 0.011999 - -1.1e-05 * -8.24934e-05 = 0.011999
time: 21	PE: 4	op: -2e-05 - -5.1e-05 * -0.995683 = -7.07798e-05
time: 21	PE: 5	op: 0.333351 - 6e-06 * -3.4534e-05 = 0.333351
time: 21	PE: 6	op: 0.000331 - -1.6e-05 * -6.66644e-08 = 0.000331
time: 21	PE: 7	op: -0.00055 - -2.2e-05 * -6.66644e-08 = -0.00055
time: 21	PE: 8	op: 0.024027 - -2.9e-05 * -0.000217453 = 0.024027
time: 21	PE: 9	op: -2e-06 - -7e-06 * -0.499977 = -5.49984e-06
time: 21	PE: 10	op: 1e-06 - 6e-06 * -0.995683 = 6.9741e-06
Ax[40641] = -nan
time: 22	PE: 0	op: -0.233329 - -0.066667 * -0.499895 = -0.266656
time: 22	PE: 1	op: 0.300041 - -0.066667 * -0.499895 = 0.266714
time: 22	PE: 2	op: 0.014216 - -5e-05 * -0.00197783 = 0.0142159
time: 22	PE: 3	op: 0.839889 - -0.006525 * -0.997097 = 0.833383
time: 22	PE: 4	op: -0.000577 - -2.2e-05 * -6.66643e-08 = -0.000577
time: 22	PE: 5	op: 0.025372 - -2.9e-05 * -0.000217453 = 0.025372
time: 22	PE: 6	op: -1.7e-05 - -7.7e-05 * -0.995874 = -9.36823e-05
time: 22	PE: 7	op: 0.000183 - -1.6e-05 * -1.19996e-06 = 0.000183
time: 22	PE: 8	op: -6.8e-05 - -5e-05 * -3.36067e-05 = -6.80017e-05
Ax[40641] = -nan
time: 23	PE: 0	op: 0.266714 - 1.5e-05 * -0.000342466 = 0.266714
time: 23	PE: 1	op: 0.266714 - 1.5e-05 * -0.000226835 = 0.266714
time: 23	PE: 2	op: -0.416667 / 0.416762 = -0.999773
time: 23	PE: 3	op: -5.2849e-05 / 0.416762 = -0.000126809
time: 23	PE: 4	op: -1.01351e-05 / 0.416762 = -2.43188e-05
time: 23	PE: 5	op: -3.17456e-05 / 0.416762 = -7.61721e-05
time: 23	PE: 6	op: 0.333352 - -0.066667 * -0.499977 = 0.30002
time: 23	PE: 7	op: 0.333653 - -0.066667 * -0.499947 = 0.300323
time: 23	PE: 8	op: -0.000234 - -0.066667 * -0.000104988 = -0.000240999
time: 23	PE: 9	op: -0.000415497 - 4e-06 * -4.79958e-06 = -0.000415497
time: 23	PE: 10	op: -0.2 - -0.066667 * -0.499947 = -0.23333
Ax[40641] = -nan
time: 24	PE: 0	op: 9.0503e-05 - -0.000135 * -0.000226835 = 9.04724e-05
time: 24	PE: 1	op: -2.4e-05 - -1e-06 * 0.00397475 = -2.3996e-05
time: 24	PE: 2	op: -0.000223 - -0.066667 * -6.74956e-05 = -0.0002275
time: 24	PE: 3	op: 0.300451 - 4e-06 * -1.33322e-07 = 0.300451
time: 24	PE: 4	op: 0.00022 - -2.9e-05 * -0.499895 = 0.000205503
time: 24	PE: 5	op: -1.7e-05 - -8.1e-05 * -0.995683 = -9.76503e-05
time: 24	PE: 6	op: -0.000661 - -0.00059 * -1.33322e-07 = -0.000661
time: 24	PE: 7	op: -0.001637 - -0.00059 * -4.79958e-06 = -0.001637
time: 24	PE: 8	op: 0 - -1.4e-05 * -0.499947 = -6.99926e-06
time: 24	PE: 9	op: 3e-06 - 6e-06 * -0.994986 = 8.96992e-06
Ax[40641] = -nan
time: 25	PE: 0	op: 0.333641 - 2e-06 * -6.66644e-08 = 0.333641
time: 25	PE: 1	op: 0.000341 - -1.6e-05 * -6.66643e-08 = 0.000341
time: 25	PE: 2	op: -0.00023 - -0.066667 * -0.000104988 = -0.000236999
time: 25	PE: 3	op: -0.000213 - -0.066667 * -5.99961e-05 = -0.000217
time: 25	PE: 4	op: -1.5e-05 - 6e-06 * -0.00245583 = -1.49853e-05
time: 25	PE: 5	op: -8.8e-05 - -0.000479 * -6.66644e-08 = -8.8e-05
time: 25	PE: 6	op: -0.000996 - -0.000479 * -1.19996e-06 = -0.000996001
time: 25	PE: 7	op: -0.000989 - -0.000479 * -1.19996e-06 = -0.000989001
time: 25	PE: 8	op: 0.002551 - -0.000479 * -3.18656e-05 = 0.00255098
time: 25	PE: 9	op: 0.333352 - -1.9e-05 * -0.00137321 = 0.333352
time: 25	PE: 10	op: -0.01197 - -0.066667 * -0.000104988 = -0.011977
Ax[40641] = -nan
time: 26	PE: 0	op: 9.92518e-07 - -2.9e-05 * -0.499895 = -1.35044e-05
time: 26	PE: 1	op: 4.9e-05 - -7.7e-05 * -3.41006e-05 = 4.89974e-05
time: 26	PE: 2	op: -0.2 - -0.066667 * -0.49997 = -0.233332
time: 26	PE: 3	op: 0.333351 - -0.066667 * -0.499947 = 0.300021
time: 26	PE: 4	op: -0.002168 - -7.7e-05 * -0.00197783 = -0.00216815
time: 26	PE: 5	op: -1.4e-05 - 6e-06 * -0.00205001 = -1.39877e-05
time: 26	PE: 6	op: -1.4e-05 - -0.006525 * -0.000305623 = -1.59942e-05
time: 26	PE: 7	op: -0.001344 - -1.6e-05 * -3.18656e-05 = -0.001344
time: 26	PE: 8	op: 0.000204 - -1.6e-05 * -1.19996e-06 = 0.000204
Ax[40641] = -nan
time: 27	PE: 1	op: 5.2e-05 - -0.000105 * -6.82175e-05 = 5.19928e-05
time: 27	PE: 2	op: -2.2e-05 - -4.8e-05 * -0.994986 = -6.97593e-05
time: 27	PE: 3	op: 0.0141778 - -1.4e-05 * -0.000104988 = 0.0141778
time: 27	PE: 4	op: 5e-05 - -7.9e-05 * -3.36067e-05 = 4.99973e-05
time: 27	PE: 5	op: -0.002082 - -5.1e-05 * -0.00217564 = -0.00208211
time: 27	PE: 6	op: -1.8e-05 - -0.029204 * -0.00211424 = -7.97442e-05
time: 27	PE: 7	op: 0.000191 - 4e-06 * -7.82598e-05 = 0.000191
time: 27	PE: 8	op: -6.60018e-05 - -9e-06 * -0.49997 = -7.05015e-05
time: 27	PE: 9	op: -0.833333 / 1 = -0.833333
Ax[40641] = -nan
time: 28	PE: 0	op: 0.0142159 - -0.01197 * -0.5 = 0.0082309
time: 28	PE: 1	op: -4.34025e-05 / 0.266714 = -0.00016273
time: 28	PE: 2	op: -3.19035e-05 / 0.266714 = -0.000119617
time: 28	PE: 3	op: 1.48042e-05 / 0.266714 = 5.55059e-05
time: 28	PE: 4	op: -0.266656 / 0.266714 = -0.999781
time: 28	PE: 5	op: 5e-06 - 6e-06 * -0.00210657 = 5.01264e-06
time: 28	PE: 6	op: -0.001338 - -0.000138 * -0.00633562 = -0.00133887
time: 28	PE: 7	op: -0.02394 - -2.9e-05 * -0.499895 = -0.0239545
time: 28	PE: 8	op: 0.012003 - -1.4e-05 * -0.000104988 = 0.012003
time: 28	PE: 9	op: 0.014197 - -7.7e-05 * -0.00211424 = 0.0141968
time: 28	PE: 10	op: 0 - -0.01197 * -0.5 = -0.005985
time: 28	PE: 11	op: -6e-06 / 0.13334 = -4.49978e-05
Ax[40641] = -nan
time: 29	PE: 0	op: -4.04019e-05 / 0.266714 = -0.00015148
time: 29	PE: 1	op: 1.48048e-05 / 0.266714 = 5.55081e-05
time: 29	PE: 2	op: -3.49038e-05 / 0.266714 = -0.000130866
time: 29	PE: 3	op: -4.04025e-05 / 0.266714 = -0.000151482
time: 29	PE: 4	op: 1.48086e-05 / 0.266714 = 5.55224e-05
time: 29	PE: 5	op: -3.49044e-05 / 0.266714 = -0.000130868
time: 29	PE: 6	op: -0.266656 / 0.266714 = -0.999781
time: 29	PE: 7	op: -0.266656 / 0.266714 = -0.999781
time: 29	PE: 8	op: 0.012001 - -1.4e-05 * -0.000104988 = 0.012001
time: 29	PE: 9	op: -8.3e-05 - -0.000495 * -6.66643e-08 = -8.3e-05
time: 29	PE: 10	op: 0 - -1.4e-05 * -0.499947 = -6.99926e-06
time: 29	PE: 11	op: 0 - -0.066667 * -0.000104988 = -6.99926e-06
time: 29	PE: 12	op: -0.000997 - -0.000495 * -1.19996e-06 = -0.000997001
time: 29	PE: 13	op: 0.025372 - -0.000138 * -0.00633562 = 0.0253711
time: 29	PE: 14	op: -0.01197 / 0.02394 = -0.5
Ax[40641] = -nan
time: 30	PE: 0	op: 0.30002 - -0.066667 * -0.499947 = 0.26669
time: 30	PE: 1	op: -0.000577 - -9e-06 * -0.49997 = -0.0005815
time: 30	PE: 2	op: -3.3e-05 - 6e-06 * -0.00211424 = -3.29873e-05
time: 30	PE: 3	op: 0.333351 - -0.066667 * -0.499947 = 0.300021
time: 30	PE: 4	op: 0.000331 - -1.4e-05 * -0.499947 = 0.000324001
time: 30	PE: 5	op: 0 - -0.066667 * -0.000104988 = -6.99926e-06
time: 30	PE: 6	op: -5e-06 - -0.066667 * -0.000217453 = -1.9497e-05
time: 30	PE: 7	op: 0.862573 - -0.029204 * -0.995874 = 0.83349
time: 30	PE: 9	op: -1e-05 / 0.006554 = -0.00152579
time: 30	PE: 10	op: 5e-06 - -0.066667 * -9.74907e-05 = -1.49941e-06
Ax[40641] = -nan
time: 31	PE: 0	op: 0 - -0.416667 * -2.43188e-05 = -1.01328e-05
time: 31	PE: 1	op: 0 - -0.416667 * -0.000126809 = -5.28369e-05
time: 31	PE: 2	op: 0 - -0.416667 * -7.61721e-05 = -3.17384e-05
time: 31	PE: 3	op: 0.333641 - -0.066667 * -0.499947 = 0.300311
time: 31	PE: 5	op: 0.300323 - -0.066667 * -0.49997 = 0.266991
time: 31	PE: 6	op: -1.8e-05 - -0.028832 * -0.00217564 = -8.0728e-05
time: 31	PE: 7	op: -0.002169 - -5e-05 * -0.00205001 = -0.0021691
time: 31	PE: 8	op: -0.02394 - -0.066667 * -0.000217453 = -0.0239545
time: 31	PE: 9	op: -0.006535 / 0.006554 = -0.997101
time: 31	PE: 10	op: 0.333367 - -0.066667 * -0.499955 = 0.300036
Ax[40641] = -nan
time: 32	PE: 0	op: 2.10737 - -0.416667 * -0.999773 = 1.6908
time: 32	PE: 1	op: -1.35044e-05 - -3.49921e-05 * -7.61721e-05 = -1.35071e-05
time: 32	PE: 2	op: 0.000341 - -1.4e-05 * -0.499947 = 0.000334001
time: 32	PE: 3	op: 4.9e-05 - -8.1e-05 * -3.4534e-05 = 4.89972e-05
time: 32	PE: 4	op: -2.3996e-05 - -3.49921e-05 * -2.43188e-05 = -2.39969e-05
time: 32	PE: 5	op: 0.300451 - -0.066667 * -0.499955 = 0.26712
time: 32	PE: 6	op: -3.6e-05 - -0.017292 * -0.00633562 = -0.000145555
time: 32	PE: 7	op: 0 - -2.7e-05 * -0.999773 = -2.69939e-05
time: 32	PE: 8	op: 0.0142517 - -1.4e-05 * -0.000104988 = 0.0142517
time: 32	PE: 9	op: 0 - -3.27377e-05 * -0.999773 = -3.27302e-05
Ax[40641] = -nan
time: 33	PE: 0	op: 4.89974e-05 - -1.4e-05 * -0.499947 = 4.19981e-05
time: 33	PE: 1	op: -3.09869e-05 - -0.066667 * -0.000104988 = -3.79862e-05
time: 33	PE: 2	op: 0.0141778 - -0.01197 * -0.5 = 0.00819282
time: 33	PE: 3	op: -0.2 - -0.066667 * -0.499947 = -0.23333
time: 33	PE: 4	op: 0.000135 - 2e-06 * -3.29322e-05 = 0.000135
time: 33	PE: 5	op: 0 - -0.028832 * -3.4534e-05 = -9.95683e-07
time: 33	PE: 6	op: 0.333352 - -0.066667 * -0.499977 = 0.30002
time: 33	PE: 7	op: -9e-06 / 0.133342 = -6.74956e-05
Ax[40641] = -nan
time: 34	PE: 0	op: 0.0082309 - -9e-06 * -6.74956e-05 = 0.0082309
time: 34	PE: 1	op: -0.001057 - -0.00059 * -4.39962e-06 = -0.001057
time: 34	PE: 2	op: 0.000205503 - -3.8e-05 * -1.33322e-07 = 0.000205503
time: 34	PE: 3	op: -1.7e-05 - -7.9e-05 * -0.9959 = -9.56761e-05
time: 34	PE: 4	op: -0.002216 - -7.9e-05 * -0.00205001 = -0.00221616
time: 34	PE: 5	op: -1.49853e-05 - -0.066667 * -0.000104988 = -2.19845e-05
time: 34	PE: 6	op: 0.003945 - -0.00059 * -7.82598e-05 = 0.00394495
time: 34	PE: 7	op: -1.39877e-05 - -0.066667 * -0.000104988 = -2.0987e-05
time: 34	PE: 8	op: -8.8e-05 / 0.00255098 = -0.0344965
time: 34	PE: 9	op: -2e-05 - -5e-05 * -0.9959 = -6.9795e-05
Ax[40641] = -nan
time: 35	PE: 0	op: 0 - -0.01197 * -0.5 = -0.005985
time: 35	PE: 1	op: 0 - -0.066667 * -8.24934e-05 = -5.49959e-06
time: 35	PE: 2	op: 0.014246 - -7.9e-05 * -0.00205001 = 0.0142458
time: 35	PE: 3	op: -0.233332 - -0.066667 * -0.499947 = -0.266661
time: 35	PE: 4	op: -0.233331 - -0.066667 * -0.499895 = -0.266657
time: 35	PE: 5	op: -0.23333 - -0.066667 * -0.49997 = -0.266661
time: 35	PE: 6	op: 0 - -0.066667 * -5.24974e-05 = -3.49984e-06
time: 35	PE: 7	op: -0.01197 - -0.066667 * -0.000104988 = -0.011977
time: 35	PE: 8	op: -6e-06 / 0.13334 = -4.49978e-05
Ax[40641] = -nan
time: 36	PE: 0	op: 0.0254583 - -0.000147035 * -0.000119617 = 0.0254583
time: 36	PE: 1	op: -0.000138643 - -0.000147035 * 5.55059e-05 = -0.000138634
time: 36	PE: 2	op: -8.99885e-06 - -0.000147035 * -0.999781 = -0.000156001
time: 36	PE: 3	op: -0.000145551 - -5.92169e-06 * -0.000119617 = -0.000145552
time: 36	PE: 4	op: 0 - -5.92169e-06 * -0.999781 = -5.92039e-06
time: 36	PE: 5	op: 0.416963 - -5.92169e-06 * 5.55059e-05 = 0.416963
time: 36	PE: 7	op: -0.00133288 - 9.24557e-05 * -0.000119617 = -0.00133287
time: 36	PE: 8	op: -0.000171199 - 9.24557e-05 * 5.55059e-05 = -0.000171204
time: 36	PE: 9	op: 4.99973e-05 - -1.4e-05 * -0.499947 = 4.29981e-05
time: 36	PE: 10	op: -0.001235 - -0.000105 * -0.00629466 = -0.00123566
time: 36	PE: 11	op: -0.000989001 / 0.00255098 = -0.387694
time: 36	PE: 12	op: 0 - -0.066667 * -5.99961e-05 = -3.99976e-06
Ax[40641] = -nan
time: 37	PE: 0	op: -8.99885e-06 - -0.266656 * -0.000119617 = -4.08954e-05
time: 37	PE: 1	op: 0 - -3.94896e-06 * -0.999781 = -3.9481e-06
time: 37	PE: 2	op: -1e-06 - -1.3e-05 * -0.499955 = -7.49942e-06
time: 37	PE: 3	op: -0.00133887 - 9.34558e-05 * -0.000130866 = -0.00133886
time: 37	PE: 4	op: -0.0239545 - 9.34558e-05 * -0.999781 = -0.0238611
time: 37	PE: 6	op: 0 - -0.266656 * 5.55059e-05 = 1.4801e-05
time: 37	PE: 7	op: 0.0141968 - -1.4e-05 * -0.000104988 = 0.0141968
time: 37	PE: 8	op: -3e-06 - -3.3e-05 * -7.82598e-05 = -3.00258e-06
time: 37	PE: 9	op: 0.0253711 - 9.34558e-05 * -0.00015148 = 0.0253711
time: 37	PE: 10	op: -8.99885e-06 - -0.000147023 * -0.999781 = -0.000155989
Ax[40641] = -nan
time: 38	PE: 0	op: -0.000145584 - -3.94896e-06 * -0.000130868 = -0.000145584
time: 38	PE: 1	op: 0.41696 - -3.94896e-06 * 5.55224e-05 = 0.41696
time: 38	PE: 2	op: -0.00013966 - -0.000147023 * 5.55224e-05 = -0.000139652
time: 38	PE: 3	op: 0.300311 - -0.066667 * -0.49997 = 0.26698
time: 38	PE: 4	op: -0.001231 - -0.000105 * -0.00633562 = -0.00123167
time: 38	PE: 5	op: -0.000903 - -2.2e-05 * -3.29322e-05 = -0.000903001
time: 38	PE: 6	op: -0.000169277 - 9.04724e-05 * 5.55224e-05 = -0.000169282
time: 38	PE: 7	op: -0.0239545 - 9.24557e-05 * -0.999781 = -0.0238621
time: 38	PE: 8	op: 0.0253661 - 9.24557e-05 * -0.00016273 = 0.0253661
time: 38	PE: 9	op: -0.233327 - -0.066667 * -0.499955 = -0.266657
time: 38	PE: 10	op: -0.066667 / 0.13334 = -0.499977
time: 38	PE: 11	op: -1.4e-05 / 0.133348 = -0.000104988
Ax[40641] = -nan
time: 39	PE: 0	op: 0.839898 - -0.006535 * -0.997101 = 0.833382
time: 39	PE: 1	op: 0 - -0.266656 * 5.55224e-05 = 1.48054e-05
time: 39	PE: 2	op: -0.000171204 - 9.34558e-05 * 5.55081e-05 = -0.000171209
time: 39	PE: 3	op: -0.00134285 - 9.04724e-05 * -0.000130868 = -0.00134284
time: 39	PE: 4	op: -0.0239545 - 9.04724e-05 * -0.999781 = -0.023864
time: 39	PE: 5	op: -0.000119474 / 0.0142517 = -0.00838308
time: 39	PE: 6	op: -0.00219926 / 0.0142517 = -0.154315
time: 39	PE: 7	op: 0.0253751 - 9.04724e-05 * -0.000151482 = 0.0253752
time: 39	PE: 8	op: -1.8e-05 - -0.029634 * -0.00205001 = -7.87499e-05
time: 39	PE: 9	op: 0 - -0.066667 * -0.000134982 = -8.99885e-06
time: 39	PE: 10	op: -1.9497e-05 - -3.3e-05 * -0.00444237 = -1.96436e-05
time: 39	PE: 11	op: -1e-05 / 0.006553 = -0.00152602
Ax[40641] = -nan
time: 40	PE: 0	op: 0 - -0.01197 * -0.5 = -0.005985
time: 40	PE: 1	op: 0.002577 - -0.000495 * -3.29322e-05 = 0.00257698
time: 40	PE: 2	op: -0.00122365 - -0.000147035 * -0.00016273 = -0.00122368
time: 40	PE: 3	op: -0.003547 - -3.8e-05 * -7.82598e-05 = -0.003547
time: 40	PE: 4	op: -0.001637 / 0.00394495 = -0.414961
time: 40	PE: 5	op: -0.001057 / 0.00394495 = -0.267938
time: 40	PE: 6	op: -0.000145555 - -5.92192e-06 * -0.00015148 = -0.000145556
time: 40	PE: 7	op: 0.012994 - -2.2e-05 * -1.19996e-06 = 0.012994
time: 40	PE: 8	op: 0.026043 - -2.9e-05 * -0.000217453 = 0.026043
Ax[40641] = -nan
time: 41	PE: 0	op: 0.0141979 - -9e-06 * -6.74956e-05 = 0.0141979
time: 41	PE: 1	op: 0 - -0.066667 * -4.49978e-05 = -2.99987e-06
time: 41	PE: 2	op: 5.01264e-06 - -0.066667 * -6.74956e-05 = 5.12909e-07
time: 41	PE: 3	op: -0.02394 - -0.066667 * -0.000217453 = -0.0239545
time: 41	PE: 4	op: -5.80685e-09 - -0.066667 * -5.24974e-05 = -3.50565e-06
time: 41	PE: 5	op: 0.300021 - -0.066667 * -0.49997 = 0.266689
time: 41	PE: 6	op: 0.0142458 - -1.4e-05 * -0.000104988 = 0.0142458
time: 41	PE: 7	op: -2e-06 - -1.3e-05 * -0.499955 = -8.49941e-06
time: 41	PE: 8	op: 0.30002 - -1.9e-05 * -0.00290032 = 0.30002
Ax[40641] = -nan
time: 42	PE: 0	op: -0.00055 - -8e-06 * -0.49997 = -0.000554
time: 42	PE: 1	op: -0.2 - -0.066667 * -0.499947 = -0.23333
time: 42	PE: 2	op: -0.000144564 - -5.92169e-06 * -0.00016273 = -0.000144565
time: 42	PE: 3	op: -0.000996001 / 0.00255098 = -0.390438
time: 42	PE: 4	op: 0.000324001 - -0.001344 * -0.0344965 = 0.000277637
time: 42	PE: 5	op: -2e-05 - -5e-05 * -0.995874 = -6.97937e-05
time: 42	PE: 6	op: 0 - -0.066667 * -4.49978e-05 = -2.99987e-06
time: 42	PE: 7	op: -8.99885e-06 - -0.266656 * -0.000130866 = -4.3895e-05
time: 42	PE: 8	op: -0.01197 - -1.4e-05 * -0.499947 = -0.011977
time: 42	PE: 9	op: -0.01197 / 0.02394 = -0.5
Ax[40641] = -nan
time: 43	PE: 0	op: -0.02394 - -0.066667 * -0.000217453 = -0.0239545
time: 43	PE: 1	op: -1.8e-05 - -0.029171 * -0.00245583 = -8.9639e-05
time: 43	PE: 2	op: 0.011992 - -7e-06 * -5.24974e-05 = 0.011992
time: 43	PE: 3	op: -3.29873e-05 - -0.066667 * -0.000104988 = -3.99866e-05
time: 43	PE: 4	op: 4.19981e-05 / 0.0141968 = 0.00295827
time: 43	PE: 5	op: -0.000661 / 0.00394495 = -0.167556
time: 43	PE: 6	op: -0.00216815 / 0.0141968 = -0.152721
time: 43	PE: 7	op: -0.00133886 / 0.0253711 = -0.0527711
time: 43	PE: 8	op: -0.0238611 / 0.0253711 = -0.940481
time: 43	PE: 9	op: -6.80017e-05 - -9e-06 * -0.49997 = -7.25014e-05
Ax[40641] = -nan
time: 44	PE: 0	op: -0.001314 - -1.6e-05 * -3.29322e-05 = -0.001314
time: 44	PE: 1	op: -0.00133287 / 0.0253661 = -0.0525451
time: 44	PE: 2	op: -0.000171204 / 0.0253661 = -0.00674931
time: 44	PE: 3	op: 4.89972e-05 - -1.4e-05 * -0.499947 = 4.19979e-05
time: 44	PE: 4	op: -0.0238621 / 0.0253661 = -0.940705
time: 44	PE: 5	op: 0 - -3.49921e-05 * -0.999773 = -3.49841e-05
time: 44	PE: 6	op: 0.025468 - -1.8e-05 * -0.000134982 = 0.025468
time: 44	PE: 7	op: 0.000204 - -0.001344 * -0.387694 = -0.00031706
time: 44	PE: 8	op: 0.024027 - -1e-06 * -0.00444237 = 0.024027
time: 44	PE: 9	op: -0.006535 / 0.006553 = -0.997253
Ax[40641] = -nan
time: 45	PE: 0	op: -9.36823e-05 / 0.0141968 = -0.00659881
time: 45	PE: 1	op: -0.000171209 / 0.0253711 = -0.00674819
time: 45	PE: 2	op: -0.00123167 - -0.000147035 * -0.00015148 = -0.00123169
time: 45	PE: 3	op: 0.025471 - -1.8e-05 * -0.000134982 = 0.025471
time: 45	PE: 4	op: 0 - -1.8e-05 * -0.499936 = -8.99885e-06
time: 45	PE: 5	op: -1e-06 - -3.3e-05 * -4.79958e-06 = -1.00016e-06
time: 45	PE: 6	op: -0.066667 / 0.133344 = -0.499963
time: 45	PE: 7	op: 0.300036 - -3.3e-05 * -0.00748188 = 0.300036
time: 45	PE: 8	op: -0.416667 / 1 = -0.416667
Ax[40641] = -nan
time: 46	PE: 0	op: 0.300021 - -0.066667 * -0.499977 = 0.266689
time: 46	PE: 1	op: -8.3e-05 / 0.00257698 = -0.0322082
time: 46	PE: 2	op: -0.001001 / 0.00257698 = -0.388439
time: 46	PE: 3	op: -0.000997001 / 0.00257698 = -0.386887
time: 46	PE: 4	op: -0.002163 - -4.8e-05 * -0.00245583 = -0.00216312
time: 46	PE: 5	op: -5e-06 - -6e-06 * -0.499977 = -7.99986e-06
time: 46	PE: 6	op: 0.000133 - 2e-06 * -3.18656e-05 = 0.000133
time: 46	PE: 7	op: 0.333352 - -0.066667 * -0.499977 = 0.30002
time: 46	PE: 8	op: -1.96436e-05 - -3.27377e-05 * -0.000126809 = -1.96477e-05
Ax[40641] = -nan
time: 47	PE: 0	op: -3.79862e-05 / 0.266689 = -0.000142436
time: 47	PE: 1	op: 6.9741e-06 / 0.266689 = 2.61506e-05
time: 47	PE: 2	op: 5.12909e-07 / 0.266689 = 1.92324e-06
time: 47	PE: 3	op: 4.29981e-05 / 0.0142458 = 0.00301829
time: 47	PE: 4	op: -9.56761e-05 / 0.0142458 = -0.00671607
time: 47	PE: 5	op: -0.0239545 - -0.266656 * -0.00016273 = -0.0239979
time: 47	PE: 6	op: -0.23333 - -0.066667 * -0.49997 = -0.266661
time: 47	PE: 7	op: -0.000169282 / 0.0253752 = -0.00667119
time: 47	PE: 8	op: -0.00221616 / 0.0142458 = -0.155566
time: 47	PE: 9	op: -0.00134284 / 0.0253752 = -0.0529194
time: 47	PE: 10	op: -0.023864 / 0.0253752 = -0.940449
time: 47	PE: 11	op: 0 - -0.066667 * -0.000104988 = -6.99926e-06
Ax[40641] = -nan
time: 48	PE: 0	op: -0.000415497 - 0.000191 * -0.414961 = -0.000336239
time: 48	PE: 1	op: -0.000244499 - 0.000191 * -0.267938 = -0.000193323
time: 48	PE: 2	op: -0.000145584 - -3.94896e-06 * -0.000151482 = -0.000145584
time: 48	PE: 3	op: -0.000554 - -0.000862001 * -0.0344965 = -0.000583736
time: 48	PE: 4	op: -0.0239545 - -0.266656 * -0.00015148 = -0.0239949
time: 48	PE: 5	op: -0.23333 - -0.066667 * -0.49997 = -0.266661
time: 48	PE: 6	op: -0.02394 - -2.9e-05 * -0.499895 = -0.0239545
Ax[40641] = -nan
time: 49	PE: 0	op: 0.02399 - -3.00258e-06 * -0.267938 = 0.0239892
time: 49	PE: 1	op: -9.0634e-05 - -8.9639e-05 * -0.154315 = -0.000104467
time: 49	PE: 2	op: -5.49984e-06 / 0.011992 = -0.000458626
time: 49	PE: 3	op: -0.01197 / 0.011992 = -0.998165
time: 49	PE: 4	op: -1.4e-05 / 0.011992 = -0.00116744
time: 49	PE: 5	op: -0.0239545 - -0.266656 * -0.000151482 = -0.0239949
time: 49	PE: 6	op: 0.333352 - 6e-06 * -3.36067e-05 = 0.333352
time: 49	PE: 7	op: 1e-06 - 6e-06 * -0.9959 = 6.9754e-06
time: 49	PE: 8	op: 0 - -0.029171 * -6.82175e-05 = -1.98997e-06
time: 49	PE: 9	op: -0.066667 / 0.133342 = -0.49997
time: 49	PE: 10	op: 0.012001 - -1.4e-05 * -0.000104988 = 0.012001
Ax[40641] = -nan
time: 50	PE: 0	op: 0.833514 - -8.9639e-05 * -0.00838308 = 0.833513
time: 50	PE: 1	op: 0.012001 - -0.01197 * -0.5 = 0.006016
time: 50	PE: 2	op: 0 - -0.01197 * -0.5 = -0.005985
time: 50	PE: 3	op: -0.00123566 - -0.000147023 * -0.000151482 = -0.00123568
time: 50	PE: 4	op: 0.014281 - -4.8e-05 * -0.00248994 = 0.0142809
time: 50	PE: 5	op: 0.025468 - -0.000105 * -0.00633562 = 0.0254673
time: 50	PE: 6	op: -1.2e-05 - 6e-06 * -0.00248994 = -1.19851e-05
time: 50	PE: 7	op: -3.6e-05 - -0.017292 * -0.00633562 = -0.000145555
time: 50	PE: 8	op: 0.026043 - -3.8e-05 * -4.79958e-06 = 0.026043
Ax[40641] = -nan
time: 51	PE: 0	op: 0.0082309 - -0.00210011 * -0.152721 = 0.00791017
time: 51	PE: 1	op: 0.000205503 - -0.003547 * -0.167556 = -0.000388818
time: 51	PE: 2	op: -7.49942e-06 - -3.00258e-06 * -0.167556 = -8.00252e-06
time: 51	PE: 3	op: 0.011995 - -0.01197 * -0.333333 = 0.008005
time: 51	PE: 4	op: 0.333351 - 6e-06 * -3.41006e-05 = 0.333351
time: 51	PE: 5	op: 0.012994 - -8e-06 * -5.99961e-05 = 0.012994
time: 51	PE: 6	op: 0 - -8e-06 * -0.49997 = -3.99976e-06
time: 51	PE: 7	op: -6.6e-05 - -5e-05 * -3.41006e-05 = -6.60017e-05
time: 51	PE: 8	op: 0 - -0.006535 * -0.00152602 = -9.97253e-06
Ax[40641] = -nan
time: 52	PE: 0	op: 0.0254583 - -0.00122368 * -0.0525451 = 0.025394
time: 52	PE: 1	op: -0.000138634 - -0.00122368 * -0.00674931 = -0.000146893
time: 52	PE: 2	op: -0.000156001 - -0.00122368 * -0.940705 = -0.00130712
time: 52	PE: 3	op: -0.000145552 - -0.000144565 * -0.0525451 = -0.000153148
time: 52	PE: 4	op: -5.92039e-06 - -0.000144565 * -0.940705 = -0.000141914
time: 52	PE: 5	op: 0.416963 - -0.000144565 * -0.00674931 = 0.416962
time: 52	PE: 6	op: 0.26712 - 0.000191 * -0.167556 = 0.267152
time: 52	PE: 7	op: 0.025471 - -0.000105 * -0.00629466 = 0.0254703
time: 52	PE: 8	op: -8.99885e-06 - -0.266656 * -0.000130868 = -4.38956e-05
time: 52	PE: 9	op: 0 - -5.92192e-06 * -0.999781 = -5.92062e-06
time: 52	PE: 10	op: -1.00016e-06 - -3.00258e-06 * -0.414961 = -2.24611e-06
time: 52	PE: 11	op: -9.95874e-07 - -7.97442e-05 * 0.00295827 = -7.59969e-07
Ax[40641] = -nan
time: 53	PE: 0	op: -4.08954e-05 - -0.0239979 * -0.0525451 = -0.00130187
time: 53	PE: 1	op: -6.97593e-05 - -0.00216312 * -0.00838308 = -8.78929e-05
time: 53	PE: 2	op: -0.000217 - 0.000133 * -0.387694 = -0.000165436
time: 53	PE: 3	op: 1.4801e-05 - -0.0239979 * -0.00674931 = -0.000147168
time: 53	PE: 4	op: 0.26698 - 0.000133 * -0.0344965 = 0.266984
time: 53	PE: 5	op: 0.333352 - -0.066667 * -0.499977 = 0.30002
time: 53	PE: 6	op: 0.01279 - -1.6e-05 * -1.19996e-06 = 0.01279
time: 53	PE: 7	op: -8.49941e-06 - -2.7e-05 * -7.61721e-05 = -8.50147e-06
time: 53	PE: 8	op: -0.066667 / 0.133348 = -0.499947
Ax[40641] = -nan
time: 54	PE: 0	op: 0.013034 - -0.000903001 * -0.386887 = 0.0126846
time: 54	PE: 1	op: -0.000240999 - 0.000135 * -0.388439 = -0.00018856
time: 54	PE: 2	op: -0.0002275 - 0.000135 * -0.386887 = -0.00017527
time: 54	PE: 3	op: 0.333344 - -0.066667 * -0.499963 = 0.300013
time: 54	PE: 4	op: 0.266991 - 0.000135 * -0.0322082 = 0.266996
time: 54	PE: 5	op: -0.0005815 - -0.000903001 * -0.0322082 = -0.000610584
time: 54	PE: 6	op: 0.014285 - -5e-05 * -0.00205001 = 0.0142849
time: 54	PE: 7	op: -1.8e-05 - -0.029204 * -0.00197783 = -7.57607e-05
time: 54	PE: 8	op: 0.000183 - -0.001314 * -0.386887 = -0.000325369
time: 54	PE: 9	op: 8.96992e-06 - -2.19845e-05 * -0.00838308 = 8.78562e-06
Ax[40641] = -nan
time: 55	PE: 0	op: 0.0141979 - -7.05015e-05 * 1.92324e-06 = 0.0141979
time: 55	PE: 1	op: 0.833493 - -9.95683e-07 * 2.61506e-05 = 0.833493
time: 55	PE: 2	op: -0.000145584 - -0.000145584 * -0.0529194 = -0.000153288
time: 55	PE: 3	op: 0.41696 - -0.000145584 * -0.00667119 = 0.416959
time: 55	PE: 4	op: -7.07798e-05 - -7.05015e-05 * 2.61506e-05 = -7.0778e-05
time: 55	PE: 5	op: -9.76503e-05 - 4.19979e-05 * 2.61506e-05 = -9.76514e-05
time: 55	PE: 6	op: -0.00214617 - 4.19979e-05 * 1.92324e-06 = -0.00214617
time: 55	PE: 7	op: -0.000236999 - 0.000133 * -0.390438 = -0.000185071
time: 55	PE: 8	op: 0.839898 - -0.006535 * -0.997253 = 0.833381
time: 55	PE: 9	op: -0.066667 / 0.133348 = -0.499947
Ax[40641] = -nan
time: 56	PE: 0	op: -7.87367e-05 - -9.95683e-07 * 1.92324e-06 = -7.87367e-05
time: 56	PE: 1	op: -0.000139652 - -0.00123568 * -0.00667119 = -0.000147896
time: 56	PE: 2	op: -3.9481e-06 - -0.000145584 * -0.940449 = -0.000140863
time: 56	PE: 3	op: -6.99926e-06 / 0.006016 = -0.00116344
time: 56	PE: 4	op: -1.8e-05 / 0.266689 = -6.74944e-05
time: 56	PE: 5	op: -1.6e-05 / 0.006016 = -0.00265958
time: 56	PE: 6	op: -0.005985 / 0.006016 = -0.994847
time: 56	PE: 7	op: 0.0254673 - -0.000147035 * -0.000130866 = 0.0254673
time: 56	PE: 8	op: -0.000155989 - -0.00123568 * -0.940449 = -0.00131809
time: 56	PE: 9	op: 0 - -1.9e-05 * -0.997101 = -1.89449e-05
time: 56	PE: 10	op: -1.49941e-06 - -3.3e-05 * 0.00397475 = -1.36825e-06
time: 56	PE: 11	op: 0.300036 - -0.066667 * -0.499895 = 0.26671
Ax[40641] = -nan
time: 57	PE: 0	op: 0 - -0.01197 * -0.00116744 = -1.39743e-05
time: 57	PE: 1	op: 0.857273 - -0.01197 * -0.998165 = 0.845325
time: 57	PE: 3	op: 0.833383 - -1.59942e-05 * -0.00116744 = 0.833383
time: 57	PE: 4	op: -1.89448e-05 - -3.50565e-06 * -0.00116744 = -1.89489e-05
time: 57	PE: 5	op: 0.26669 - -3.50565e-06 * -0.000458626 = 0.26669
time: 57	PE: 6	op: 0 - -3.50565e-06 * -0.998165 = -3.49922e-06
time: 57	PE: 8	op: 0 - -0.01197 * -0.000458626 = -5.48975e-06
time: 57	PE: 9	op: 0.00819282 - 4.19979e-05 * -0.000142436 = 0.00819283
time: 57	PE: 10	op: 0.333352 - -0.066667 * -0.499947 = 0.300022
time: 57	PE: 11	op: 0 - -0.006532 * -0.00290032 = -1.89449e-05
Ax[40641] = -nan
time: 58	PE: 0	op: 1.48054e-05 - -0.0239949 * -0.00667119 = -0.000145269
time: 58	PE: 1	op: -0.000336239 / 0.267152 = -0.00125861
time: 58	PE: 2	op: 0 - -1.59942e-05 * -0.998165 = -1.59649e-05
time: 58	PE: 3	op: -8.0728e-05 - -9.95683e-07 * -0.000142436 = -8.07282e-05
time: 58	PE: 4	op: -0.000193323 / 0.267152 = -0.000723645
time: 58	PE: 5	op: -0.00208211 - -7.05015e-05 * -0.000142436 = -0.00208212
time: 58	PE: 6	op: -0.266657 / 0.267152 = -0.998147
time: 58	PE: 7	op: -1.59535e-05 - -1.59942e-05 * -0.000458626 = -1.59609e-05
time: 58	PE: 8	op: 0.0254703 - -0.02394 * -0.666667 = 0.00951034
time: 58	PE: 9	op: 7e-06 - 6e-06 * -0.00197783 = 7.01187e-06
time: 58	PE: 10	op: 6.9754e-06 - -2.0987e-05 * -0.00671607 = 6.83445e-06
time: 58	PE: 11	op: -1.6e-05 / 0.012001 = -0.00133322
Ax[40641] = -nan
time: 59	PE: 0	op: -6.99926e-06 / 0.266689 = -2.6245e-05
time: 59	PE: 1	op: -2.99987e-06 / 0.266689 = -1.12486e-05
time: 59	PE: 2	op: -0.000165436 / 0.266984 = -0.000619649
time: 59	PE: 3	op: -0.266661 / 0.266984 = -0.998792
time: 59	PE: 4	op: 0.0142809 - -0.01197 * -0.5 = 0.00829588
time: 59	PE: 6	op: 0.333352 - -0.066667 * -0.49997 = 0.300021
time: 59	PE: 7	op: 0.43403 - -0.017292 * -0.986986 = 0.416963
time: 59	PE: 8	op: 0.000419 - -2.2e-05 * -1.19996e-06 = 0.000419
time: 59	PE: 9	op: 0 - -0.266656 * 5.55081e-05 = 1.48015e-05
Ax[40641] = -nan
time: 60	PE: 0	op: -0.00018856 / 0.266996 = -0.000706228
time: 60	PE: 1	op: 0.000334001 - -0.001314 * -0.0322082 = 0.000291679
time: 60	PE: 2	op: -0.00017527 / 0.266996 = -0.000656452
time: 60	PE: 3	op: -0.266661 / 0.266996 = -0.998748
time: 60	PE: 4	op: -1.8e-05 - -0.029634 * -0.00205001 = -7.87499e-05
time: 60	PE: 5	op: 0.0142849 - -0.01197 * -0.333333 = 0.0102949
time: 60	PE: 6	op: 0.011999 - -6e-06 * -4.49978e-05 = 0.011999
time: 60	PE: 7	op: 0.026043 - -0.003547 * -0.414961 = 0.0245711
time: 60	PE: 8	op: 0.01199 - -7e-06 * -5.24974e-05 = 0.01199
time: 60	PE: 9	op: -9e-06 / 0.006553 = -0.00137342
time: 60	PE: 10	op: -7.25014e-05 - -0.0021691 * 0.00301829 = -6.59544e-05
Ax[40641] = -nan
time: 61	PE: 0	op: 5.19928e-05 - -1.4e-05 * -0.499947 = 4.49936e-05
time: 61	PE: 1	op: 0 - -1.1e-05 * -0.499963 = -5.49959e-06
time: 61	PE: 2	op: 0.008005 - -6e-06 * -4.49978e-05 = 0.008005
time: 61	PE: 3	op: 0 - -0.066667 * -4.49978e-05 = -2.99987e-06
time: 61	PE: 4	op: -3.6e-05 - -0.000105 * -0.986986 = -0.000139634
time: 61	PE: 5	op: -2.99987e-06 - -1.9e-05 * -0.00152579 = -3.02885e-06
time: 61	PE: 6	op: -6.9795e-05 - -0.0021691 * -0.00671607 = -8.43629e-05
time: 61	PE: 7	op: 0 - -0.066667 * -0.000104988 = -6.99926e-06
Ax[40641] = -nan
time: 62	PE: 0	op: -0.000185071 / 0.266984 = -0.000693191
time: 62	PE: 1	op: -1.2e-05 - 6e-06 * -0.00205001 = -1.19877e-05
time: 62	PE: 2	op: 0.0254673 - -0.00123169 * -0.0527711 = 0.0254023
time: 62	PE: 3	op: -4.38956e-05 - -0.0239949 * -0.0529194 = -0.00131369
time: 62	PE: 4	op: -8.99885e-06 - -0.000147035 * -0.999781 = -0.000156001
time: 62	PE: 5	op: -7.57607e-05 - -7.97442e-05 * -0.152721 = -8.79393e-05
time: 62	PE: 6	op: 0.83349 - -7.97442e-05 * -0.00659881 = 0.833489
time: 62	PE: 7	op: -6.97937e-05 - -0.00210011 * -0.00659881 = -8.36519e-05
time: 62	PE: 8	op: 0 - -0.029634 * -3.36067e-05 = -9.959e-07
Ax[40641] = -nan
time: 63	PE: 0	op: -0.005985 / 0.00819283 = -0.730517
time: 63	PE: 1	op: -9.76514e-05 / 0.00819283 = -0.0119191
time: 63	PE: 2	op: -0.00214617 / 0.00819283 = -0.261957
time: 63	PE: 3	op: 0.00129 - -3.8e-05 * -4.39962e-06 = 0.00129
time: 63	PE: 4	op: -6.9e-05 - -4.8e-05 * -6.82175e-05 = -6.90033e-05
time: 63	PE: 5	op: 0.333351 - -0.066667 * -0.499947 = 0.300021
time: 63	PE: 6	op: 0 - -1.9e-05 * -0.9971 = -1.89449e-05
time: 63	PE: 7	op: 0.012994 - -0.000862001 * -0.387694 = 0.0126598
time: 63	PE: 8	op: 0 - -1.4e-05 * -0.499947 = -6.99926e-06
time: 63	PE: 9	op: -6.60017e-05 - -9e-06 * -0.49997 = -7.05014e-05
Ax[40641] = -nan
time: 64	PE: 0	op: 0 - -1.6e-05 * -0.994847 = -1.59176e-05
time: 64	PE: 1	op: 0.833383 - -1.6e-05 * -0.00265958 = 0.833383
time: 64	PE: 3	op: -1.59609e-05 - -1.6e-05 * -0.00116344 = -1.59795e-05
time: 64	PE: 4	op: 0 - -0.005985 * -0.00116344 = -6.9632e-06
time: 64	PE: 5	op: 0 - -1.9e-05 * -0.997253 = -1.89478e-05
time: 64	PE: 6	op: -1.19851e-05 - -2.19845e-05 * -0.154315 = -1.53776e-05
time: 64	PE: 7	op: 0 - -1.4e-05 * -0.499947 = -6.99926e-06
time: 64	PE: 8	op: 0 - -7.99986e-06 * -6.74944e-05 = -5.39946e-10
time: 64	PE: 9	op: 0.012001 - -1.4e-05 * -0.000104988 = 0.012001
Ax[40641] = -nan
time: 65	PE: 0	op: 0 - -6.99926e-06 * -0.994847 = -6.9632e-06
time: 65	PE: 1	op: 0.26669 - -6.99926e-06 * -0.00116344 = 0.26669
time: 65	PE: 2	op: 0 - -0.005985 * -0.00265958 = -1.59176e-05
time: 65	PE: 3	op: 0.01279 - -1.4e-05 * -0.000104988 = 0.01279
time: 65	PE: 4	op: 1e-06 - 6e-06 * -0.995874 = 6.97524e-06
time: 65	PE: 5	op: 7.01187e-06 - -0.066667 * -6.74956e-05 = 2.51214e-06
time: 65	PE: 6	op: -0.000145555 - -5.92192e-06 * -0.000130866 = -0.000145556
time: 65	PE: 7	op: -0.066667 / 0.133348 = -0.499947
Ax[40641] = -nan
time: 66	PE: 0	op: 0.0239892 - -8.00252e-06 * -0.000723645 = 0.0239892
time: 66	PE: 1	op: -6.49941e-06 - -8.00252e-06 * -0.998147 = -1.44871e-05
time: 66	PE: 2	op: -6.49941e-06 - -0.266657 * -0.000723645 = -0.000199464
time: 66	PE: 3	op: 0.833382 - -1.6e-05 * -0.00133322 = 0.833382
time: 66	PE: 4	op: 0 - -6.99926e-06 * -6.74944e-05 = -4.72411e-10
time: 66	PE: 5	op: 0.00951034 - -0.000147023 * -0.000130868 = 0.00951032
time: 66	PE: 6	op: 0.0102949 - -9e-06 * -6.74956e-05 = 0.0102949
time: 66	PE: 7	op: 0.416963 - -5.92192e-06 * 5.55081e-05 = 0.416963
Ax[40641] = -nan
time: 67	PE: 0	op: -1.89489e-05 - -6.99926e-06 * -0.00265958 = -1.89675e-05
time: 67	PE: 1	op: 4.49936e-05 / 0.0142517 = 0.00315706
time: 67	PE: 2	op: -1e-06 - -1.3e-05 * -2.6245e-05 = -1.00034e-06
time: 67	PE: 3	op: 0 - -7.99986e-06 * -2.6245e-05 = -2.09957e-10
time: 67	PE: 4	op: 0.30002 - -0.066667 * -0.499947 = 0.26669
time: 67	PE: 5	op: -4e-06 - -1.3e-05 * -1.12486e-05 = -4.00015e-06
time: 67	PE: 6	op: 0.006581 - -1.3e-05 * -6.74944e-05 = 0.006581
time: 67	PE: 7	op: 0.30002 - -0.066667 * -0.499947 = 0.26669
time: 67	PE: 8	op: 0 - -0.01197 * -0.666667 = -0.00798
Ax[40641] = -nan
time: 68	PE: 0	op: 0.0126846 - -0.000610584 * -0.000656452 = 0.0126842
time: 68	PE: 1	op: -4.49973e-06 - -0.000610584 * -0.998748 = -0.000614319
time: 68	PE: 2	op: -4.49973e-06 - -0.266661 * -0.000656452 = -0.00017955
time: 68	PE: 3	op: -2e-06 - -6.99926e-06 * -1.12486e-05 = -2.00008e-06
time: 68	PE: 4	op: 0.008005 - -7.99986e-06 * -1.12486e-05 = 0.008005
time: 68	PE: 5	op: -0.000325369 - 0.000291679 * -0.000656452 = -0.000325178
time: 68	PE: 6	op: 0.000447 - -0.000903001 * -0.388439 = 9.62394e-05
time: 68	PE: 7	op: -0.00031706 - 0.000277637 * -0.000619649 = -0.000316888
time: 68	PE: 8	op: -9e-06 / 0.133342 = -6.74956e-05
Ax[40641] = -nan
time: 69	PE: 0	op: 0.012003 - -6.99926e-06 * -2.6245e-05 = 0.012003
time: 69	PE: 1	op: 0.00129 - -0.003547 * -0.267938 = 0.000339623
time: 69	PE: 2	op: 0.012809 - -1.4e-05 * -0.000104988 = 0.012809
time: 69	PE: 3	op: -3.99976e-06 - -0.000583736 * -0.998792 = -0.00058703
time: 69	PE: 4	op: 0.012 - -6e-06 * -4.49978e-05 = 0.012
time: 69	PE: 5	op: -1.4e-05 - -0.006535 * -0.00152579 = -2.3971e-05
time: 69	PE: 6	op: 0.0126598 - -0.000583736 * -0.000619649 = 0.0126594
time: 69	PE: 8	op: -0.011977 - 0.000277637 * -0.998792 = -0.0116997
time: 69	PE: 9	op: 0.26671 - -3.27377e-05 * -7.61721e-05 = 0.26671
Ax[40641] = -nan
time: 70	PE: 0	op: 0.863003 - -0.029634 * -0.9959 = 0.83349
time: 70	PE: 1	op: -7.87499e-05 - -7.87499e-05 * -0.155566 = -9.10007e-05
time: 70	PE: 2	op: -0.000156001 - -0.00123169 * -0.940481 = -0.00131438
time: 70	PE: 3	op: 0.300022 - -0.066667 * -0.49997 = 0.26669
time: 70	PE: 4	op: -0.000139634 - -0.000147035 * 5.55081e-05 = -0.000139625
time: 70	PE: 5	op: -7e-06 / 0.13334 = -5.24974e-05
time: 70	PE: 7	op: -3.99976e-06 - -0.266661 * -0.000619649 = -0.000169236
Ax[40641] = -nan
time: 71	PE: 0	op: 0.0141979 - -0.00208212 * -0.261957 = 0.0136525
time: 71	PE: 1	op: 0.833493 - -8.07282e-05 * -0.0119191 = 0.833492
time: 71	PE: 2	op: 0.00791017 - -0.005985 * -0.730517 = 0.00353803
time: 71	PE: 3	op: -7.87367e-05 - -8.07282e-05 * -0.261957 = -9.9884e-05
time: 71	PE: 4	op: 0 - -0.005985 * -0.261957 = -0.00156781
time: 71	PE: 5	op: -7.0778e-05 - -0.00208212 * -0.0119191 = -9.55951e-05
time: 71	PE: 6	op: 0 - -8.07282e-05 * -0.730517 = -5.89733e-05
time: 71	PE: 7	op: 0 - -0.00208212 * -0.730517 = -0.00152102
time: 71	PE: 8	op: 0.00829588 - -0.00216312 * -0.154315 = 0.00796208
time: 71	PE: 9	op: -0.011977 - 0.000291679 * -0.998748 = -0.0116857
time: 71	PE: 10	op: -0.0239545 - -0.000388818 * -0.998147 = -0.0243426
time: 71	PE: 11	op: 0.0245711 - -0.000388818 * -0.00125861 = 0.0245706
Ax[40641] = -nan
time: 72	PE: 0	op: 0 - -0.005985 * -0.0119191 = -7.1336e-05
time: 72	PE: 1	op: 0.00951032 - -0.00123568 * -0.0529194 = 0.00944493
time: 72	PE: 2	op: -6.90033e-05 - -9e-06 * -0.49997 = -7.3503e-05
time: 72	PE: 3	op: 0.300021 - -0.066667 * -0.49997 = 0.266689
time: 72	PE: 4	op: 0 - -2.7e-05 * -0.000126809 = -3.42383e-09
time: 72	PE: 5	op: 0.012001 - -1.4e-05 * -0.000104988 = 0.012001
time: 72	PE: 6	op: 0.416963 - -0.000145556 * -0.00674819 = 0.416962
time: 72	PE: 12	op: -0.011977 - -0.266661 * -0.000693191 = -0.0121618
Ax[40641] = -nan
time: 73	PE: 0	op: -3.49922e-06 / 0.26669 = -1.31209e-05
time: 73	PE: 1	op: -1.89675e-05 / 0.26669 = -7.11221e-05
time: 73	PE: 2	op: -6.9632e-06 / 0.26669 = -2.61097e-05
time: 73	PE: 3	op: 0.0102949 - -0.0021691 * -0.155566 = 0.00995746
time: 73	PE: 4	op: 0.26669 - -1.9e-05 * -0.00152602 = 0.26669
time: 73	PE: 5	op: -2.99987e-06 - -1.9e-05 * -0.00137342 = -3.02596e-06
time: 73	PE: 6	op: 0.300021 - -0.066667 * -0.499947 = 0.266691
time: 73	PE: 7	op: -0.000145556 - -0.000145556 * -0.0527711 = -0.000153237
time: 73	PE: 8	op: -5.92062e-06 - -0.000145556 * -0.940481 = -0.000142814
Ax[40641] = -nan
time: 74	PE: 0	op: -1.19877e-05 - -0.066667 * -6.74956e-05 = -1.64874e-05
time: 74	PE: 1	op: -1.4e-05 - -0.006535 * -0.00137342 = -2.29753e-05
time: 74	PE: 2	op: 0.01279 - -0.001314 * -0.388439 = 0.0122796
time: 74	PE: 3	op: 0 - -0.01197 * -0.666667 = -0.00798
time: 74	PE: 4	op: -6.99926e-06 / 0.012001 = -0.000583224
time: 74	PE: 5	op: -9e-06 - -6e-06 * -0.499977 = -1.19999e-05
time: 74	PE: 6	op: -1e-05 - -6e-06 * -0.499977 = -1.29999e-05
time: 74	PE: 7	op: -0.0239545 - -0.266657 * -0.00125861 = -0.0242901
Ax[40641] = -nan
time: 75	PE: 0	op: -4.72411e-10 / 0.012003 = -3.93577e-08
time: 75	PE: 1	op: -1.7e-05 / 0.012003 = -0.00141631
time: 75	PE: 2	op: -2.00008e-06 / 0.012003 = -0.000166632
time: 75	PE: 3	op: 0 - -1.4e-05 * -0.499947 = -6.99926e-06
time: 75	PE: 4	op: 0.30002 - -0.066667 * -0.499947 = 0.26669
time: 75	PE: 5	op: 0 - -0.006535 * -0.00137321 = -8.97391e-06
time: 75	PE: 6	op: 0.012809 - -0.001344 * -0.390438 = 0.0122842
time: 75	PE: 7	op: 0.000419 - -0.000862001 * -0.390438 = 8.24424e-05
Ax[40641] = -nan
time: 76	PE: 1	op: -1.53776e-05 - -0.066667 * -6.74956e-05 = -1.98773e-05
time: 76	PE: 2	op: 6.97524e-06 - -3.99866e-05 * -0.00659881 = 6.71138e-06
time: 76	PE: 3	op: 0.000339623 - -0.000388818 * -0.000723645 = 0.000339342
time: 76	PE: 4	op: -1.98997e-06 - -8.9639e-05 * 0.00315706 = -1.70698e-06
time: 76	PE: 5	op: -0.000139625 - -0.00123169 * -0.00674819 = -0.000147937
time: 76	PE: 6	op: -0.2 - -0.066667 * -0.499955 = -0.233331
time: 76	PE: 7	op: 0 - -1.3e-05 * -0.499955 = -6.49941e-06
Ax[40641] = -nan
time: 77	PE: 0	op: 0.00796208 - -0.005985 * -0.994847 = 0.00200792
time: 77	PE: 1	op: 2.51214e-06 - -3.99866e-05 * -0.152721 = -3.59465e-06
time: 77	PE: 2	op: -1.6e-05 / 0.012001 = -0.00133322
time: 77	PE: 3	op: -0.066667 / 0.13334 = -0.499977
time: 77	PE: 4	op: 0 - -0.02394 * -0.333333 = -0.00798
Ax[40641] = -nan
time: 78	PE: 0	op: 0.011994 - -7e-06 * -5.24974e-05 = 0.011994
time: 78	PE: 1	op: 0 - -0.066667 * -5.24974e-05 = -3.49984e-06
time: 78	PE: 2	op: 0.83349 - -7.87499e-05 * -0.00671607 = 0.83349
time: 78	PE: 3	op: -4.3895e-05 - -0.0239949 * -0.0527711 = -0.00131013
time: 78	PE: 4	op: 0.26669 - -2.0987e-05 * 0.00301829 = 0.266691
time: 78	PE: 5	op: -9.959e-07 - -7.87499e-05 * 0.00301829 = -7.5821e-07
Ax[40641] = -nan
time: 79	PE: 0	op: 0.024027 - -3.49921e-05 * -0.000126809 = 0.024027
time: 79	PE: 1	op: 0.266691 - -2.19845e-05 * 0.00315706 = 0.266691
time: 79	PE: 2	op: -7.3503e-05 - -0.00216312 * 0.00315706 = -6.66739e-05
time: 79	PE: 3	op: -2.24611e-06 - -8.00252e-06 * -0.00125861 = -2.25619e-06
time: 79	PE: 4	op: -0.000153237 / 0.416962 = -0.000367509
time: 79	PE: 5	op: -0.000142814 / 0.416962 = -0.00034251
time: 79	PE: 6	op: 0.023982 - -1.3e-05 * -9.74907e-05 = 0.023982
time: 79	PE: 7	op: -0.02394 - -2.9e-05 * -0.499895 = -0.0239545
Ax[40641] = -nan
time: 80	PE: 0	op: -1.64874e-05 - -2.0987e-05 * -0.155566 = -1.97523e-05
time: 80	PE: 1	op: 0.0122796 - 0.000291679 * -0.000706228 = 0.0122798
time: 80	PE: 2	op: -1.6e-05 / 0.012001 = -0.00133322
time: 80	PE: 3	op: -0.011977 - -0.266661 * -0.000706228 = -0.0121653
time: 80	PE: 4	op: -0.0243426 / 0.0245706 = -0.990719
time: 80	PE: 5	op: 2.47697 - -0.066667 * -0.49997 = 2.44364
Ax[40641] = -nan
time: 81	PE: 0	op: -1.39743e-05 - -5.48975e-06 * -7.11221e-05 = -1.39747e-05
time: 81	PE: 1	op: 0 - -5.48975e-06 * -2.61097e-05 = -1.43336e-10
time: 81	PE: 2	op: 0.845325 - -5.48975e-06 * -1.31209e-05 = 0.845325
time: 81	PE: 3	op: -1.59649e-05 - -1.59795e-05 * -1.31209e-05 = -1.59651e-05
time: 81	PE: 4	op: 0.833383 - -1.59795e-05 * -7.11221e-05 = 0.833383
time: 81	PE: 6	op: 0.266689 - -3.99866e-05 * 0.00295827 = 0.26669
time: 81	PE: 7	op: -6.99926e-06 / 0.012001 = -0.000583224
time: 81	PE: 8	op: -6.99926e-06 / 0.012001 = -0.000583224
time: 81	PE: 9	op: -7.05014e-05 - -0.00210011 * 0.00295827 = -6.42887e-05
Ax[40641] = -nan
time: 82	PE: 0	op: 0 - -6.9632e-06 * -1.31209e-05 = -9.13636e-11
time: 82	PE: 1	op: 0.26669 - -6.99926e-06 * -0.000583224 = 0.26669
time: 82	PE: 2	op: 0 - -0.066667 * -0.000104988 = -6.99926e-06
time: 82	PE: 3	op: 0.000339342 / 0.0245706 = 0.0138109
time: 82	PE: 4	op: 8.24424e-05 - -0.000583736 * -0.000693191 = 8.20378e-05
time: 82	PE: 5	op: -1.59176e-05 - -6.9632e-06 * -7.11221e-05 = -1.59181e-05
Ax[40641] = -nan
time: 83	PE: 0	op: -1.59176e-05 - -1.59795e-05 * -2.61097e-05 = -1.5918e-05
time: 83	PE: 1	op: 0.00200792 - -9e-06 * -6.74956e-05 = 0.00200792
time: 83	PE: 2	op: -1.4e-05 - -1.7e-05 * -0.000166632 = -1.40028e-05
time: 83	PE: 3	op: 0.008005 - -2.09957e-10 * -0.000166632 = 0.008005
time: 83	PE: 4	op: -0.006563 - -1.00034e-06 * -0.00141631 = -0.006563
time: 83	PE: 5	op: 0.839926 - -1.7e-05 * -0.00141631 = 0.839926
time: 83	PE: 6	op: -4.00015e-06 - -1.00034e-06 * -0.000166632 = -4.00031e-06
time: 83	PE: 7	op: -1.4e-05 - -2.09957e-10 * -0.00141631 = -1.4e-05
time: 83	PE: 8	op: 0.006581 - -1.00034e-06 * -3.93577e-08 = 0.006581
time: 83	PE: 9	op: -5.39946e-10 - -2.09957e-10 * -3.93577e-08 = -5.39946e-10
time: 83	PE: 10	op: 0 - -0.02394 * -0.333333 = -0.00798
Ax[40641] = -nan
time: 84	PE: 0	op: -9.97253e-06 - -1.6e-05 * -0.000583224 = -9.98186e-06
time: 84	PE: 1	op: 9.62394e-05 - -0.000610584 * -0.000706228 = 9.58082e-05
time: 84	PE: 2	op: 6.83445e-06 / 0.266691 = 2.56269e-05
time: 84	PE: 3	op: 1.48015e-05 - -0.0239949 * -0.00674819 = -0.000147121
Ax[40641] = -nan
time: 85	PE: 0	op: 0.300013 - -0.066667 * -0.499977 = 0.266681
time: 85	PE: 1	op: 0 - -7e-06 * -0.499977 = -3.49984e-06
time: 85	PE: 2	op: 0.833381 - -1.6e-05 * -0.00133322 = 0.833381
time: 85	PE: 3	op: -1.89478e-05 - -6.99926e-06 * -0.00133322 = -1.89571e-05
time: 85	PE: 4	op: -0.2 - -0.066667 * -0.499955 = -0.233331
Ax[40641] = -nan
time: 86	PE: 0	op: 8.78562e-06 / 0.266691 = 3.29431e-05
time: 86	PE: 1	op: -0.000325178 / 0.0122798 = -0.0264807
time: 86	PE: 2	op: -1.98773e-05 / 0.266691 = -7.45333e-05
time: 86	PE: 3	op: -1.97523e-05 / 0.266691 = -7.40644e-05
time: 86	PE: 4	op: -0.0116857 / 0.0122798 = -0.951619
time: 86	PE: 5	op: 2.44364 - -0.066667 * -0.499955 = 2.41031
Ax[40641] = -nan
time: 87	PE: 0	op: -0.01197 / 0.845325 = -0.0141602
time: 87	PE: 1	op: -1.39747e-05 / 0.845325 = -1.65318e-05
time: 87	PE: 2	op: -1.43336e-10 / 0.845325 = -1.69563e-10
time: 87	PE: 3	op: -0.833333 / 0.845325 = -0.985814
time: 87	PE: 4	op: -0.006563 - -1.7e-05 * -3.93577e-08 = -0.006563
time: 87	PE: 5	op: 6.71138e-06 / 0.26669 = 2.51655e-05
time: 87	PE: 6	op: -3.59465e-06 / 0.26669 = -1.34788e-05
time: 87	PE: 7	op: -1.36825e-06 - -3.27377e-05 * -2.43188e-05 = -1.36904e-06
time: 87	PE: 8	op: -0.233331 - -0.066667 * -0.499895 = -0.266657
Ax[40641] = -nan
time: 88	PE: 0	op: -1.44871e-05 - -2.25619e-06 * -0.990719 = -1.67224e-05
time: 88	PE: 1	op: 0.833382 - -1.6e-05 * -0.00133322 = 0.833382
time: 88	PE: 2	op: 0.0254023 - -0.000147937 * -0.000367509 = 0.0254023
time: 88	PE: 3	op: -0.00131438 - -0.000147937 * -0.00034251 = -0.00131443
time: 88	PE: 4	op: -3.02596e-06 / 0.26669 = -1.13464e-05
Ax[40641] = -nan
time: 89	PE: 0	op: 0.00200792 - -6.9632e-06 * -2.61097e-05 = 0.00200792
time: 89	PE: 1	op: -1.89449e-05 - -6.99926e-06 * -0.00133322 = -1.89542e-05
time: 89	PE: 2	op: -0.006563 / 0.006581 = -0.997265
time: 89	PE: 3	op: -4.00031e-06 / 0.006581 = -0.000607858
time: 89	PE: 4	op: 0.26669 - -6.99926e-06 * -0.000583224 = 0.26669
time: 89	PE: 5	op: 0.26669 - -6.99926e-06 * -0.000583224 = 0.26669
Ax[40641] = -nan
time: 90	PE: 0	op: 0.0239892 - -2.25619e-06 * 0.0138109 = 0.0239892
time: 90	PE: 1	op: -0.000199464 - -0.0242901 * 0.0138109 = 0.000136003
time: 90	PE: 2	op: -1.89449e-05 - -6.99926e-06 * -0.00133322 = -1.89542e-05
time: 90	PE: 3	op: -8.97391e-06 - -1.6e-05 * -0.000583224 = -8.98324e-06
time: 90	PE: 4	op: -1.89449e-05 - -1.6e-05 * -0.000583224 = -1.89542e-05
Ax[40641] = -nan
time: 91	PE: 0	op: -1e-05 / 0.266681 = -3.7498e-05
time: 91	PE: 1	op: -3.49984e-06 / 0.266681 = -1.31237e-05
time: 91	PE: 2	op: -5.49959e-06 / 0.266681 = -2.06223e-05
time: 91	PE: 3	op: -1.89571e-05 / 0.26669 = -7.10831e-05
time: 91	PE: 4	op: -0.00131013 - -0.000147121 * -0.000367509 = -0.00131019
Ax[40641] = -nan
time: 92	PE: 0	op: 0.0122842 - 0.000277637 * -0.000693191 = 0.0122844
time: 92	PE: 1	op: 0.023982 - -0.02394 * -0.666667 = 0.008022
time: 92	PE: 2	op: 0 - -0.066667 * -9.74907e-05 = -6.49941e-06
Ax[40641] = -nan
time: 93	PE: 0	op: 0.83349 - -7.5821e-07 * 2.56269e-05 = 0.83349
time: 93	PE: 1	op: -8.43629e-05 - -6.59544e-05 * 2.56269e-05 = -8.43612e-05
time: 93	PE: 2	op: 2.41031 - -0.066667 * -0.499936 = 2.37698
Ax[40641] = -nan
time: 94	PE: 0	op: 0.0126842 - 9.58082e-05 * -0.0264807 = 0.0126868
time: 94	PE: 1	op: -0.000614319 - 9.58082e-05 * -0.951619 = -0.000523146
time: 94	PE: 2	op: -0.00017955 - -0.0121653 * -0.0264807 = -0.000501697
time: 94	PE: 3	op: 0.833513 - -1.70698e-06 * 3.29431e-05 = 0.833513
time: 94	PE: 4	op: -0.000104467 - -1.70698e-06 * -7.45333e-05 = -0.000104467
time: 94	PE: 5	op: -9.10007e-05 - -7.5821e-07 * -7.40644e-05 = -9.10007e-05
Ax[40641] = -nan
time: 95	PE: 0	op: 0 - -0.01197 * -1.65318e-05 = -1.97885e-07
time: 95	PE: 1	op: 0 - -0.01197 * -1.69563e-10 = -2.02967e-12
time: 95	PE: 2	op: 0 - -1.59651e-05 * -0.0141602 = -2.26069e-07
time: 95	PE: 3	op: 0 - -9.13636e-11 * -0.0141602 = -1.29373e-12
time: 95	PE: 4	op: 0 - -0.833333 * -0.0141602 = -0.0118002
time: 95	PE: 5	op: -1.5918e-05 - -1.59651e-05 * -1.69563e-10 = -1.5918e-05
time: 95	PE: 6	op: 0.833383 - -1.59651e-05 * -1.65318e-05 = 0.833383
time: 95	PE: 7	op: -1.59181e-05 - -9.13636e-11 * -1.65318e-05 = -1.59181e-05
time: 95	PE: 8	op: 0 - -0.833333 * -1.65318e-05 = -1.37765e-05
time: 95	PE: 9	op: 0 - -0.833333 * -1.69563e-10 = -1.41303e-10
Ax[40641] = -nan
time: 96	PE: 1	op: 0.833492 - -0.833333 * -0.985814 = 0.0119812
time: 96	PE: 2	op: 0.00353803 - -6.42887e-05 * -1.34788e-05 = 0.00353803
time: 96	PE: 3	op: -8.78929e-05 - -6.66739e-05 * 3.29431e-05 = -8.78907e-05
time: 96	PE: 4	op: 0 - -9.13636e-11 * -0.985814 = -9.00675e-11
time: 96	PE: 5	op: -8.36519e-05 - -6.42887e-05 * 2.51655e-05 = -8.36503e-05
time: 96	PE: 6	op: -0.233331 - -0.066667 * -0.499895 = -0.266657
Ax[40641] = -nan
time: 97	PE: 0	op: 0 - -0.01197 * -0.985814 = -0.0118002
time: 97	PE: 1	op: 0.00200792 - -6.66739e-05 * -7.45333e-05 = 0.00200791
time: 97	PE: 2	op: -1.40028e-05 - -0.006563 * -0.000607858 = -1.79922e-05
time: 97	PE: 3	op: 0.008005 - -5.39946e-10 * -0.000607858 = 0.008005
time: 97	PE: 4	op: 0.00995746 - -6.59544e-05 * -7.40644e-05 = 0.00995745
time: 97	PE: 5	op: -1.4e-05 - -5.39946e-10 * -0.997265 = -1.40005e-05
time: 97	PE: 6	op: -3.49984e-06 / 0.26669 = -1.31233e-05
Ax[40641] = -nan
time: 98	PE: 0	op: 0 - -1.59651e-05 * -0.985814 = -1.57386e-05
time: 98	PE: 2	op: 0.833489 - -7.59969e-07 * 2.51655e-05 = 0.833489
time: 98	PE: 3	op: -3.02885e-06 / 0.26669 = -1.13572e-05
time: 98	PE: 4	op: -1.89542e-05 / 0.26669 = -7.10722e-05
Ax[40641] = -nan
time: 99	PE: 0	op: 0.011999 - -5.49959e-06 * -2.06223e-05 = 0.011999
time: 99	PE: 1	op: -2.29753e-05 - -9.98186e-06 * -1.13464e-05 = -2.29754e-05
time: 99	PE: 2	op: 1e-06 - -1e-05 * -1.31237e-05 = 9.99869e-07
time: 99	PE: 3	op: 0.011994 - -3.49984e-06 * -1.31237e-05 = 0.011994
time: 99	PE: 4	op: -1e-06 - -5.49959e-06 * -1.31237e-05 = -1.00007e-06
time: 99	PE: 5	op: 0.003722 - -1e-05 * -3.7498e-05 = 0.003722
time: 99	PE: 6	op: 0 - -3.49984e-06 * -3.7498e-05 = -1.31237e-10
time: 99	PE: 7	op: 0 - -5.49959e-06 * -3.7498e-05 = -2.06223e-10
Ax[40641] = -nan
time: 100	PE: 0	op: 0.0126868 - -0.01197 * -0.0141602 = 0.0125173
time: 100	PE: 1	op: -1e-06 - -1e-05 * -2.06223e-05 = -1.00021e-06
time: 100	PE: 2	op: -8.79393e-05 - -7.59969e-07 * -1.34788e-05 = -8.79393e-05
time: 100	PE: 3	op: -1.89542e-05 / 0.26669 = -7.10721e-05
time: 100	PE: 4	op: -0.0116997 / 0.0122844 = -0.952399
Ax[40641] = -nan
time: 101	PE: 0	op: 0 - -3.49984e-06 * -2.06223e-05 = -7.21749e-11
time: 101	PE: 1	op: 0.833381 - -9.98186e-06 * -7.10831e-05 = 0.833381
time: 101	PE: 2	op: -0.833333 / 0.83349 = -0.999812
Ax[40641] = -nan
time: 102	PE: 0	op: -1.4e-05 - -1.19999e-05 * -7.10831e-05 = -1.40009e-05
time: 102	PE: 1	op: 2.37698 - -0.066667 * -0.499947 = 2.34365
Ax[40641] = -nan
time: 103	PE: 0	op: 0.00200791 - -9.13636e-11 * -1.69563e-10 = 0.00200791
time: 103	PE: 1	op: 0.011999 - -1.19999e-05 * -1.13464e-05 = 0.011999
Ax[40641] = -nan
time: 104	PE: 0	op: 0.839926 - -0.006563 * -0.997265 = 0.833381
time: 104	PE: 1	op: -9.10007e-05 / 0.83349 = -0.00010918
Ax[40641] = -nan
time: 105	PE: 0	op: 9.99869e-07 / 0.003722 = 0.000268638
time: 105	PE: 1	op: -0.003712 / 0.003722 = -0.997313
time: 105	PE: 2	op: 0.01199 - -3.49984e-06 * -1.31233e-05 = 0.01199
time: 105	PE: 3	op: -1.4e-05 - -1.89542e-05 * -1.31233e-05 = -1.40002e-05
time: 105	PE: 4	op: -0.833333 / 0.833489 = -0.999813
Ax[40641] = -nan
time: 106	PE: 0	op: -1.97885e-07 / 0.0125173 = -1.5809e-05
time: 106	PE: 1	op: -2.02967e-12 / 0.0125173 = -1.62149e-10
time: 106	PE: 2	op: -0.0118002 / 0.0125173 = -0.942712
time: 106	PE: 3	op: -0.000523146 / 0.0125173 = -0.0417939
time: 106	PE: 4	op: 0.833382 - -8.98324e-06 * -7.10722e-05 = 0.833382
time: 106	PE: 5	op: -1.4e-05 - -1.29999e-05 * -7.10722e-05 = -1.40009e-05
time: 106	PE: 6	op: -8.79393e-05 / 0.833489 = -0.000105507
time: 106	PE: 7	op: 0.012 - -1.29999e-05 * -1.13572e-05 = 0.012
time: 106	PE: 8	op: -2.3971e-05 - -8.98324e-06 * -1.13572e-05 = -2.39711e-05
Ax[40641] = -nan
time: 107	PE: 0	op: -1.00021e-06 / 0.003722 = -0.000268728
time: 107	PE: 1	op: -0.000316888 / 0.0122844 = -0.0257959
Ax[40641] = -nan
time: 108	PE: 0	op: 0.833382 - -1.89542e-05 * -7.10721e-05 = 0.833382
time: 108	PE: 1	op: -1.4e-05 - -3.49984e-06 * -7.10721e-05 = -1.40002e-05
Ax[40641] = -nan
time: 109	PE: 0	op: 1.6908 - -0.833333 * -0.999812 = 0.857625
time: 109	PE: 1	op: 0 - -8.43612e-05 * -0.999812 = -8.43453e-05
time: 109	PE: 2	op: -0.00058703 - 8.20378e-05 * -0.952399 = -0.000508897
Ax[40641] = -nan
time: 110	PE: 0	op: -0.01197 / 0.011999 = -0.997583
time: 110	PE: 1	op: -1.40009e-05 / 0.011999 = -0.00116684
time: 110	PE: 2	op: 0.008022 - -2.7e-05 * -2.43188e-05 = 0.008022
Ax[40641] = -nan
time: 111	PE: 0	op: -1.79922e-05 / 0.833381 = -2.15894e-05
time: 111	PE: 1	op: -0.833333 / 0.833381 = -0.999942
time: 111	PE: 2	op: -0.01197 / 0.01199 = -0.998332
Ax[40641] = -nan
time: 112	PE: 0	op: -0.01197 / 0.012 = -0.9975
time: 112	PE: 1	op: -1.40009e-05 / 0.012 = -0.00116674
time: 112	PE: 2	op: 0 - -0.833333 * -0.00010918 = -9.09836e-05
Ax[40641] = -nan
time: 113	PE: 0	op: -1.7e-05 - -2.06223e-10 * -0.997313 = -1.70002e-05
time: 113	PE: 1	op: -1.7e-05 - -1.31237e-10 * -0.997313 = -1.70001e-05
time: 113	PE: 2	op: -1.00007e-06 - -2.06223e-10 * 0.000268638 = -1.00007e-06
time: 113	PE: 3	op: 2.34365 - -0.066667 * -0.499895 = 2.31032
Ax[40641] = -nan
time: 114	PE: 0	op: 0.0119812 - -0.0118002 * -0.942712 = 0.000857064
time: 114	PE: 1	op: 0 - -0.0118002 * -0.0417939 = -0.000493176
time: 114	PE: 2	op: 0 - -8.36503e-05 * -0.999813 = -8.36346e-05
time: 114	PE: 3	op: -1.59181e-05 - -1.29373e-12 * -1.5809e-05 = -1.59181e-05
time: 114	PE: 4	op: -1.37765e-05 - -0.0118002 * -1.5809e-05 = -1.3963e-05
time: 114	PE: 5	op: 0.00200791 - -1.29373e-12 * -1.62149e-10 = 0.00200791
time: 114	PE: 6	op: 0 - -1.29373e-12 * -0.0417939 = -5.407e-14
time: 114	PE: 7	op: -9.00675e-11 - -1.29373e-12 * -0.942712 = -9.12871e-11
time: 114	PE: 8	op: -1.41303e-10 - -0.0118002 * -1.62149e-10 = -1.43216e-10
Ax[40641] = -nan
time: 115	PE: 0	op: 0.857625 - -0.833333 * -0.999813 = 0.0244475
time: 115	PE: 1	op: 0 - -0.000501697 * -0.942712 = -0.000472956
time: 115	PE: 2	op: 0.00353803 - -8.36503e-05 * -0.000105507 = 0.00353802
time: 115	PE: 3	op: 0 - -0.833333 * -0.000105507 = -8.79228e-05
time: 115	PE: 4	op: -1.7e-05 - -0.003712 * 0.000268638 = -1.60028e-05
time: 115	PE: 5	op: 0 - -0.000501697 * -1.62149e-10 = -8.13499e-14
Ax[40641] = -nan
time: 116	PE: 0	op: 0.011999 - -2.06223e-10 * -0.000268728 = 0.011999
time: 116	PE: 1	op: -1.5918e-05 - -2.26069e-07 * -1.62149e-10 = -1.5918e-05
time: 116	PE: 2	op: -1.57386e-05 - -2.26069e-07 * -0.942712 = -1.59517e-05
time: 116	PE: 3	op: -7.21749e-11 - -1.31237e-10 * -0.000268728 = -7.22102e-11
time: 116	PE: 4	op: 0 - -2.26069e-07 * -0.0417939 = -9.44831e-09
Ax[40641] = -nan
time: 117	PE: 0	op: -1.7e-05 - -0.003712 * -0.000268728 = -1.79975e-05
time: 117	PE: 1	op: 0.833383 - -2.26069e-07 * -1.5809e-05 = 0.833383
time: 117	PE: 2	op: 0.83708 - -0.003712 * -0.997313 = 0.833378
time: 117	PE: 3	op: 0.0126594 - 8.20378e-05 * -0.0257959 = 0.0126616
Ax[40641] = -nan
time: 118	PE: 0	op: 0 - -0.01197 * -0.00116684 = -1.3967e-05
time: 118	PE: 1	op: 0.869243 - -0.01197 * -0.997583 = 0.857302
time: 118	PE: 2	op: 0 - -2.29754e-05 * -0.997583 = -2.29199e-05
time: 118	PE: 3	op: -1.40002e-05 / 0.01199 = -0.00116766
time: 118	PE: 4	op: -0.000169236 - -0.0121618 * -0.0257959 = -0.000482962
Ax[40641] = -nan
time: 119	PE: 0	op: 1.28621 - -0.833333 * -0.999942 = 0.452925
time: 119	PE: 1	op: 0 - -1.40005e-05 * -0.999942 = -1.39997e-05
time: 119	PE: 2	op: 0.008005 - -1.40005e-05 * -2.15894e-05 = 0.008005
time: 119	PE: 3	op: 0 - -0.833333 * -2.15894e-05 = -1.79912e-05
time: 119	PE: 4	op: 0.00995745 - -8.43612e-05 * -0.00010918 = 0.00995744
time: 119	PE: 5	op: 2.31032 - -0.066667 * -0.499895 = 2.277
Ax[40641] = -nan
time: 120	PE: 0	op: 0 - -0.01197 * -0.00116674 = -1.39659e-05
time: 120	PE: 1	op: 0.833382 - -2.39711e-05 * -0.00116674 = 0.833382
time: 120	PE: 2	op: 0.011994 - -1.31237e-10 * 0.000268638 = 0.011994
time: 120	PE: 3	op: 0.869243 - -0.01197 * -0.9975 = 0.857303
time: 120	PE: 4	op: 0 - -2.39711e-05 * -0.9975 = -2.39112e-05
Ax[40641] = -nan
time: 121	PE: 0	op: -7.1336e-05 / 0.00353802 = -0.0201627
time: 121	PE: 1	op: -0.00156781 / 0.00353802 = -0.443134
time: 121	PE: 2	op: -8.36346e-05 / 0.00353802 = -0.0236388
time: 121	PE: 3	op: 0 - -0.000501697 * -1.5809e-05 = -7.9313e-09
Ax[40641] = -nan
time: 122	PE: 0	op: 0.833381 - -2.29754e-05 * -0.00116684 = 0.833381
time: 122	PE: 1	op: 0.02394 - -0.01197 * -0.998332 = 0.01199
time: 122	PE: 2	op: 0 - -1.40002e-05 * -0.998332 = -1.39769e-05
Ax[40641] = -nan
time: 123	PE: 0	op: -1.5918e-05 / 0.833383 = -1.91004e-05
time: 123	PE: 1	op: -1.59517e-05 / 0.833383 = -1.91409e-05
time: 123	PE: 2	op: -9.44831e-09 / 0.833383 = -1.13373e-08
time: 123	PE: 3	op: -0.01197 / 0.0126616 = -0.945381
time: 123	PE: 4	op: -0.000508897 / 0.0126616 = -0.0401923
Ax[40641] = -nan
time: 124	PE: 0	op: -0.833333 / 0.857302 = -0.972041
time: 124	PE: 1	op: -0.02394 / 0.857302 = -0.0279248
time: 124	PE: 2	op: -1.3967e-05 / 0.857302 = -1.62918e-05
Ax[40641] = -nan
time: 125	PE: 0	op: -1.39997e-05 / 0.008005 = -0.00174887
time: 125	PE: 1	op: -0.00798 / 0.008005 = -0.996877
time: 125	PE: 2	op: -8.43453e-05 / 0.00995744 = -0.00847057
time: 125	PE: 3	op: -0.00798 / 0.00995744 = -0.80141
time: 125	PE: 4	op: 2.277 - -0.066667 * -0.499936 = 2.24367
Ax[40641] = -nan
time: 126	PE: 0	op: 0.833382 - -1.40002e-05 * -0.00116766 = 0.833382
time: 126	PE: 1	op: -1.39659e-05 / 0.857303 = -1.62905e-05
time: 126	PE: 2	op: -7.22102e-11 / 0.011994 = -6.02053e-09
time: 126	PE: 3	op: -0.02394 / 0.857303 = -0.0279248
time: 126	PE: 4	op: -0.833333 / 0.857303 = -0.97204
time: 126	PE: 5	op: -1.70001e-05 / 0.011994 = -0.00141739
time: 126	PE: 6	op: -0.01197 / 0.011994 = -0.997999
Ax[40641] = -nan
time: 127	PE: 0	op: 0 - -0.01197 * -0.00116766 = -1.39769e-05
Ax[40641] = -nan
time: 128	PE: 0	op: -0.01197 / 0.01199 = -0.998335
Ax[40641] = -nan
time: 129	PE: 0	op: 0.0136525 - -0.00152102 * -0.443134 = 0.0129784
time: 129	PE: 1	op: 0 - -0.00152102 * -0.0236388 = -3.59553e-05
time: 129	PE: 2	op: 0 - -8.79228e-05 * -0.443134 = -3.89616e-05
time: 129	PE: 3	op: 0.0244475 - -8.79228e-05 * -0.0236388 = 0.0244454
time: 129	PE: 4	op: -9.9884e-05 - -5.89733e-05 * -0.443134 = -0.000126017
Ax[40641] = -nan
time: 130	PE: 0	op: 0.000857064 - -5.89733e-05 * -0.0201627 = 0.000855875
time: 130	PE: 1	op: 0 - -5.89733e-05 * -0.0236388 = -1.39406e-06
time: 130	PE: 2	op: 0 - -8.79228e-05 * -0.0201627 = -1.77276e-06
Ax[40641] = -nan
time: 131	PE: 0	op: 0 - -0.000482962 * -0.945381 = -0.000456583
time: 131	PE: 1	op: -0.000493176 - -1.3963e-05 * -1.13373e-08 = -0.000493176
time: 131	PE: 3	op: -5.407e-14 - -1.59181e-05 * -1.13373e-08 = -2.34538e-13
time: 131	PE: 5	op: -9.12871e-11 - -1.59181e-05 * -1.91409e-05 = -3.95973e-10
time: 131	PE: 6	op: -1.43216e-10 - -1.3963e-05 * -1.91004e-05 = -4.09915e-10
Ax[40641] = -nan
time: 132	PE: 0	op: 0 - -2.29199e-05 * -0.0279248 = -6.40033e-07
time: 132	PE: 1	op: 0 - -0.833333 * -0.0279248 = -0.0232707
time: 132	PE: 2	op: -0.000472956 - -7.9313e-09 * -1.91409e-05 = -0.000472956
time: 132	PE: 3	op: 0.833381 - -2.29199e-05 * -1.62918e-05 = 0.833381
time: 132	PE: 4	op: -8.13499e-14 - -7.9313e-09 * -1.91004e-05 = -2.32841e-13
time: 132	PE: 5	op: 2.24367 - -0.066667 * -0.499895 = 2.21034
Ax[40641] = -nan
time: 133	PE: 0	op: 0 - -0.02394 * -1.62918e-05 = -3.90026e-07
time: 133	PE: 1	op: 0.025394 - -0.02394 * -0.0279248 = 0.0247255
time: 133	PE: 2	op: 0 - -0.00798 * -0.00174887 = -1.3956e-05
time: 133	PE: 4	op: 0 - -2.29199e-05 * -0.972041 = -2.22791e-05
Ax[40641] = -nan
time: 134	PE: 0	op: 0 - -1.79912e-05 * -0.996877 = -1.7935e-05
time: 134	PE: 1	op: -1.01328e-05 - -9.09836e-05 * -0.80141 = -8.3048e-05
time: 134	PE: 2	op: -9.55951e-05 - -0.00152102 * -0.0201627 = -0.000126263
time: 134	PE: 3	op: 0 - -0.02394 * -0.972041 = -0.0232707
time: 134	PE: 4	op: 0.00944493 - -0.00798 * -0.996877 = 0.00148985
time: 134	PE: 5	op: 0.008022 - -0.00798 * -0.80141 = 0.00162674
Ax[40641] = -nan
time: 135	PE: 0	op: 0.452925 - -1.79912e-05 * -0.00174887 = 0.452925
time: 135	PE: 1	op: 0 - -0.833333 * -1.62918e-05 = -1.35765e-05
time: 135	PE: 2	op: 0 - -2.39112e-05 * -0.0279248 = -6.67715e-07
time: 135	PE: 3	op: 0.833513 - -0.833333 * -0.972041 = 0.0234793
time: 135	PE: 4	op: 0.833382 - -2.39112e-05 * -1.62905e-05 = 0.833382
time: 135	PE: 5	op: 0 - -0.01197 * -6.02053e-09 = -7.20657e-11
Ax[40641] = -nan
time: 136	PE: 0	op: 0.0244454 - -0.01197 * -0.945381 = 0.0131292
time: 136	PE: 1	op: 0.000855875 - -1.3963e-05 * -1.91409e-05 = 0.000855874
time: 136	PE: 2	op: 0 - -1.39769e-05 * -0.998335 = -1.39536e-05
time: 136	PE: 6	op: 0 - -0.01197 * -0.00141739 = -1.69661e-05
Ax[40641] = -nan
time: 137	PE: 0	op: -1.70002e-05 - -1.00007e-06 * -0.00141739 = -1.70016e-05
time: 137	PE: 1	op: 0 - -1.00007e-06 * -0.997999 = -9.98071e-07
time: 137	PE: 2	op: -2.69939e-05 - -0.00798 * -0.00847057 = -9.4589e-05
time: 137	PE: 3	op: 0 - -0.02394 * -1.62905e-05 = -3.89995e-07
time: 137	PE: 4	op: 0 - -0.01197 * -0.0401923 = -0.000481102
Ax[40641] = -nan
time: 138	PE: 0	op: 0.011999 - -1.00007e-06 * -6.02053e-09 = 0.011999
time: 138	PE: 1	op: 0 - -2.39112e-05 * -0.97204 = -2.32426e-05
time: 138	PE: 2	op: 0.833378 - -0.833333 * -0.97204 = 0.0233447
time: 138	PE: 3	op: 0.00200791 - -1.59181e-05 * -1.91004e-05 = 0.00200791
time: 138	PE: 4	op: 0 - -0.833333 * -0.0279248 = -0.0232706
Ax[40641] = -nan
time: 139	PE: 0	op: 0 - -0.833333 * -1.62905e-05 = -1.35754e-05
time: 139	PE: 1	op: 0 - -0.02394 * -0.97204 = -0.0232706
time: 139	PE: 2	op: 0.0254023 - -0.02394 * -0.0279248 = 0.0247337
time: 139	PE: 3	op: 2.21034 - -0.066667 * -0.499955 = 2.17701
Ax[40641] = -nan
time: 140	PE: 0	op: -1.79975e-05 - -1.60028e-05 * -6.02053e-09 = -1.79975e-05
time: 140	PE: 1	op: 0 - -1.60028e-05 * -0.997999 = -1.59708e-05
Ax[40641] = -nan
time: 141	PE: 0	op: -0.02394 / 0.452925 = -0.0528565
time: 141	PE: 1	op: -0.01197 / 0.452925 = -0.0264282
time: 141	PE: 2	op: -0.416667 / 0.452925 = -0.919947
time: 141	PE: 3	op: -1.7935e-05 / 0.452925 = -3.95981e-05
time: 141	PE: 4	op: -0.0232707 / 0.0234793 = -0.991115
time: 141	PE: 5	op: -1.35765e-05 / 0.0234793 = -0.000578234
time: 141	PE: 6	op: -0.000104467 / 0.0234793 = -0.00444932
time: 141	PE: 7	op: -6.67715e-07 / 0.833382 = -8.01211e-07
time: 141	PE: 8	op: -0.833333 / 0.833382 = -0.999941
time: 141	PE: 9	op: -1.39769e-05 / 0.01199 = -0.00116572
Ax[40641] = -nan
time: 142	PE: 0	op: 0.0131292 - -9.09836e-05 * -0.00847057 = 0.0131284
Ax[40641] = -nan
Ax[40641] = -nan
time: 144	PE: 0	op: 0.011999 - -0.01197 * -0.998335 = 4.89308e-05
time: 144	PE: 1	op: -2.32426e-05 / 0.833382 = -2.78895e-05
time: 144	PE: 2	op: 0.0233447 - -1.60028e-05 * -0.00141739 = 0.0233447
Ax[40641] = -nan
time: 145	PE: 0	op: 2.17701 - -0.066667 * -0.499936 = 2.14368
Ax[40641] = -nan
Ax[40641] = -nan
Ax[40641] = -nan
time: 148	PE: 0	op: 0.0131284 - -0.01197 * -0.997999 = 0.00118239
Ax[40641] = -nan
time: 149	PE: 0	op: 0.0129784 - -0.01197 * -0.0264282 = 0.0126621
time: 149	PE: 1	op: 0 - -0.01197 * -0.919947 = -0.0110118
time: 149	PE: 2	op: 0 - -0.01197 * -3.95981e-05 = -4.7399e-07
time: 149	PE: 3	op: 0 - -0.02394 * -0.0264282 = -0.000632692
time: 149	PE: 4	op: 0 - -0.02394 * -0.919947 = -0.0220235
time: 149	PE: 5	op: 0 - -0.02394 * -3.95981e-05 = -9.4798e-07
time: 149	PE: 7	op: -6.40033e-07 - -2.22791e-05 * -0.991115 = -2.27211e-05
time: 149	PE: 8	op: 0.0239892 - -0.02394 * -0.0528565 = 0.0227238
time: 149	PE: 9	op: 0.833382 - -1.39769e-05 * -0.00116572 = 0.833382
Ax[40641] = -nan
time: 150	PE: 0	op: -3.90026e-07 - -0.0232707 * -0.000578234 = -1.38459e-05
time: 150	PE: 1	op: 0 - -0.0232707 * -0.00444932 = -0.000103539
time: 150	PE: 2	op: 0 - -1.3956e-05 * -0.0264282 = -3.68833e-07
time: 150	PE: 3	op: 0 - -1.3956e-05 * -0.0528565 = -7.37665e-07
time: 150	PE: 4	op: -0.000147896 - -1.3956e-05 * -0.919947 = -0.000160734
time: 150	PE: 5	op: 0 - -2.22791e-05 * -0.00444932 = -9.91266e-08
time: 150	PE: 6	op: 0.0247255 - -0.0232707 * -0.991115 = 0.00166159
time: 150	PE: 7	op: 0.00148985 - -1.3956e-05 * -3.95981e-05 = 0.00148985
time: 150	PE: 8	op: 0.833381 - -2.22791e-05 * -0.000578234 = 0.833381
Ax[40641] = -nan
time: 151	PE: 0	op: 0 - -0.416667 * -0.0264282 = -0.0110118
time: 151	PE: 1	op: 0 - -0.01197 * -0.0528565 = -0.000632692
time: 151	PE: 2	op: 0 - -0.416667 * -0.0528565 = -0.0220235
time: 151	PE: 3	op: 0.416959 - -0.416667 * -0.919947 = 0.0336474
time: 151	PE: 4	op: -1.70016e-05 / 4.89308e-05 = -0.347463
time: 151	PE: 5	op: 0 - -0.833333 * -8.01211e-07 = -6.67675e-07
time: 151	PE: 6	op: 2.08333 - -0.833333 * -0.999941 = 1.25005
Ax[40641] = -nan
time: 152	PE: 0	op: 0 - -8.78907e-05 * -0.991115 = -8.71098e-05
time: 152	PE: 1	op: -9.98071e-07 / 4.89308e-05 = -0.0203976
time: 152	PE: 2	op: 0.00200791 - -8.78907e-05 * -0.00444932 = 0.00200752
time: 152	PE: 3	op: 0 - -8.78907e-05 * -0.000578234 = -5.08214e-08
time: 152	PE: 4	op: 0 - -0.833333 * -2.78895e-05 = -2.32413e-05
Ax[40641] = -nan
time: 153	PE: 0	op: -0.000153288 - -0.416667 * -3.95981e-05 = -0.000169788
time: 153	PE: 1	op: 0 - -0.01197 * -0.00116572 = -1.39536e-05
time: 153	PE: 2	op: 0.0247337 - -3.89995e-07 * -8.01211e-07 = 0.0247337
Ax[40641] = -nan
time: 154	PE: 0	op: -0.0232706 - -3.89995e-07 * -2.78895e-05 = -0.0232706
time: 154	PE: 1	op: -0.0232706 - -1.35754e-05 * -8.01211e-07 = -0.0232706
time: 154	PE: 2	op: 0 - -3.89995e-07 * -0.999941 = -3.89972e-07
time: 154	PE: 3	op: 0 - -1.35754e-05 * -0.999941 = -1.35746e-05
Ax[40641] = -nan
time: 155	PE: 0	op: -0.000632692 / 0.0227238 = -0.0278427
time: 155	PE: 1	op: -0.0220235 / 0.0227238 = -0.969182
time: 155	PE: 2	op: -9.4798e-07 / 0.0227238 = -4.17174e-05
time: 155	PE: 3	op: -1.67224e-05 / 0.0227238 = -0.000735895
time: 155	PE: 4	op: 0.0233447 - -1.35754e-05 * -2.78895e-05 = 0.0233447
Ax[40641] = -nan
time: 156	PE: 0	op: -0.000146893 / 0.00166159 = -0.0884055
time: 156	PE: 1	op: -1.38459e-05 / 0.00166159 = -0.00833295
time: 156	PE: 2	op: -0.000103539 / 0.00166159 = -0.0623131
time: 156	PE: 3	op: -0.00130712 / 0.00166159 = -0.786671
Ax[40641] = -nan
time: 157	PE: 0	op: 2.14368 - -0.066667 * -0.499947 = 2.11035
time: 157	PE: 1	op: -6.67675e-07 / 1 = -6.67675e-07
Ax[40641] = -nan
time: 158	PE: 0	op: -2.32413e-05 / 1 = -2.32413e-05
Ax[40641] = -nan
time: 159	PE: 0	op: 0 - -1.39536e-05 * -0.347463 = -4.84837e-06
time: 159	PE: 1	op: -1.39536e-05 / 4.89308e-05 = -0.285171
time: 159	PE: 2	op: -1.69661e-05 - -7.20657e-11 * -0.347463 = -1.69661e-05
time: 159	PE: 3	op: -0.00131443 / 0.0247337 = -0.0531432
Ax[40641] = -nan
time: 160	PE: 0	op: 0.00118239 - -7.20657e-11 * -0.0203976 = 0.00118239
time: 160	PE: 1	op: 0 - -1.39536e-05 * -0.0203976 = -2.84621e-07
time: 160	PE: 2	op: -1.59708e-05 - -1.79975e-05 * -0.0203976 = -1.63379e-05
Ax[40641] = -nan
time: 161	PE: 0	op: 0.0233447 - -1.79975e-05 * -0.347463 = 0.0233384
Ax[40641] = -nan
time: 162	PE: 0	op: -0.0232706 / 0.0247337 = -0.940846
Ax[40641] = -nan
time: 163	PE: 0	op: 0 - -0.000632692 * -0.000735895 = -4.65595e-07
time: 163	PE: 1	op: 0.0126621 - -0.000632692 * -0.0278427 = 0.0126445
time: 163	PE: 2	op: -0.0110118 - -0.000632692 * -0.969182 = -0.011625
time: 163	PE: 3	op: -4.7399e-07 - -0.000632692 * -4.17174e-05 = -5.00384e-07
time: 163	PE: 4	op: -3.68833e-07 - -7.37665e-07 * -0.0278427 = -3.89371e-07
Ax[40641] = -nan
time: 164	PE: 0	op: 0 - 0.000136003 * -0.0278427 = 3.7867e-06
time: 164	PE: 1	op: -0.000140863 - -0.0220235 * -0.000735895 = -0.00015707
time: 164	PE: 2	op: 0 - -0.000153148 * -0.00833295 = -1.27618e-06
time: 164	PE: 3	op: 0 - -0.000153148 * -0.0623131 = -9.54313e-06
time: 164	PE: 4	op: -0.000141914 - -0.000153148 * -0.786671 = -0.000262391
time: 164	PE: 5	op: 0.416962 - -0.000153148 * -0.0884055 = 0.416949
time: 164	PE: 6	op: 0 - -2.27211e-05 * -0.0884055 = -2.00867e-06
time: 164	PE: 7	op: -9.91266e-08 - -2.27211e-05 * -0.0623131 = -1.51495e-06
time: 164	PE: 8	op: 0 - -2.27211e-05 * -0.786671 = -1.78741e-05
time: 164	PE: 9	op: -0.00131369 - 0.000136003 * -4.17174e-05 = -0.00131368
time: 164	PE: 10	op: 0.833381 - -2.27211e-05 * -0.00833295 = 0.833381
Ax[40641] = -nan
time: 165	PE: 0	op: -0.0110118 - -0.0220235 * -0.0278427 = -0.011625
time: 165	PE: 1	op: -0.000169788 - -0.0220235 * -4.17174e-05 = -0.000170706
time: 165	PE: 2	op: 0.0336474 - -0.0220235 * -0.969182 = 0.0123026
time: 165	PE: 3	op: 0 - -8.71098e-05 * -0.0884055 = -7.70099e-06
time: 165	PE: 4	op: -0.000147168 - -0.00130187 * -0.0884055 = -0.00026226
time: 165	PE: 5	op: -5.08214e-08 - -8.71098e-05 * -0.00833295 = -7.76703e-07
time: 165	PE: 6	op: 0 - -0.00130187 * -0.00833295 = -1.08484e-05
Ax[40641] = -nan
time: 166	PE: 0	op: -0.000160734 - -7.37665e-07 * -0.969182 = -0.000161449
time: 166	PE: 1	op: -0.000145269 - 0.000136003 * -0.969182 = -1.34569e-05
time: 166	PE: 2	op: -0.00131809 - -7.37665e-07 * -0.000735895 = -0.00131809
time: 166	PE: 3	op: 2.11035 - -0.066667 * -0.49997 = 2.07702
Ax[40641] = -nan
time: 167	PE: 0	op: 0.833382 - -1.39536e-05 * -0.285171 = 0.833378
time: 167	PE: 2	op: 0 - -7.20657e-11 * -0.285171 = -2.0551e-11
time: 167	PE: 3	op: -2.34538e-13 - -8.71098e-05 * -0.786671 = -6.85268e-05
time: 167	PE: 4	op: -2.32841e-13 - -0.00130187 * -0.0623131 = -8.11233e-05
Ax[40641] = -nan
time: 168	PE: 0	op: 0.00200752 - -8.71098e-05 * -0.0623131 = 0.00200209
time: 168	PE: 1	op: 0 - -1.79975e-05 * -0.285171 = -5.13237e-06
Ax[40641] = -nan
time: 169	PE: 0	op: 0.00148985 - -7.37665e-07 * -4.17174e-05 = 0.00148985
time: 169	PE: 1	op: 0 - -0.0232706 * -0.0531432 = -0.00123668
Ax[40641] = -nan
time: 170	PE: 0	op: -1.27618e-06 / 0.416949 = -3.06075e-06
time: 170	PE: 1	op: -9.54313e-06 / 0.416949 = -2.2888e-05
time: 170	PE: 2	op: -0.000262391 / 0.416949 = -0.000629312
time: 170	PE: 3	op: 0.0233384 - -0.0232706 * -0.940846 = 0.00144432
time: 170	PE: 4	op: 0 - -0.00131019 * -0.940846 = -0.00123268
Ax[40641] = -nan
Ax[40641] = -nan
time: 172	PE: 0	op: 2.07702 - -0.066667 * -0.499895 = 2.0437
Ax[40641] = -nan
time: 173	PE: 0	op: -4.84837e-06 / 0.833378 = -5.81773e-06
time: 173	PE: 1	op: -2.84621e-07 / 0.833378 = -3.41527e-07
time: 173	PE: 2	op: -0.833333 / 0.833378 = -0.999946
Ax[40641] = -nan
Ax[40641] = -nan
Ax[40641] = -nan
Ax[40641] = -nan
Ax[40641] = -nan
time: 178	PE: 0	op: 2.0437 - -0.066667 * -0.499895 = 2.01037
time: 178	PE: 1	op: -6.85268e-05 - -7.70099e-06 * -0.000629312 = -6.85316e-05
time: 178	PE: 2	op: -1.78741e-05 - -2.00867e-06 * -0.000629312 = -1.78753e-05
time: 178	PE: 3	op: 0.833381 - -2.00867e-06 * -3.06075e-06 = 0.833381
time: 178	PE: 4	op: -7.76703e-07 - -7.70099e-06 * -3.06075e-06 = -7.76727e-07
time: 178	PE: 5	op: -1.08484e-05 - -0.00026226 * -3.06075e-06 = -1.08492e-05
Ax[40641] = -nan
time: 179	PE: 0	op: -1.51495e-06 - -2.00867e-06 * -2.2888e-05 = -1.515e-06
time: 179	PE: 1	op: 0.00200209 - -7.70099e-06 * -2.2888e-05 = 0.00200209
time: 179	PE: 2	op: -8.11233e-05 - -0.00026226 * -2.2888e-05 = -8.11293e-05
Ax[40641] = -nan
Ax[40641] = -nan
time: 181	PE: 0	op: 0.00118239 - -2.0551e-11 * -3.41527e-07 = 0.00118239
time: 181	PE: 1	op: -1.63379e-05 - -5.13237e-06 * -3.41527e-07 = -1.63379e-05
time: 181	PE: 2	op: 0.00144432 - -5.13237e-06 * -5.81773e-06 = 0.00144432
time: 181	PE: 3	op: -1.69661e-05 - -2.0551e-11 * -5.81773e-06 = -1.69661e-05
time: 181	PE: 4	op: 0 - -0.833333 * -5.81773e-06 = -4.8481e-06
time: 181	PE: 5	op: 2.08333 - -0.833333 * -0.999946 = 1.25004
time: 181	PE: 6	op: 0 - -0.833333 * -3.41527e-07 = -2.84605e-07
time: 181	PE: 7	op: 0 - -2.0551e-11 * -0.999946 = -2.05499e-11
Ax[40641] = -nan
time: 182	PE: 0	op: 0 - -5.13237e-06 * -0.999946 = -5.13209e-06
Ax[40641] = -nan
Ax[40641] = -nan
time: 184	PE: 0	op: -1.78753e-05 / 0.833381 = -2.14492e-05
time: 184	PE: 1	op: 2.01037 - -0.266656 * -0.999781 = 1.74377
Ax[40641] = -nan
time: 185	PE: 0	op: -1.515e-06 / 0.833381 = -1.81789e-06
Ax[40641] = -nan
Ax[40641] = -nan
time: 187	PE: 0	op: -1.63379e-05 / 0.00144432 = -0.0113118
time: 187	PE: 1	op: -0.00123668 / 0.00144432 = -0.856233
time: 187	PE: 2	op: -4.8481e-06 / 1 = -4.8481e-06
time: 187	PE: 3	op: -2.84605e-07 / 1 = -2.84605e-07
time: 187	PE: 4	op: 1.25004 / 1 = 1.25004
Ax[40641] = -nan
Ax[40641] = -nan
Ax[40641] = -nan
time: 190	PE: 0	op: 1.74377 - -0.266656 * -0.999781 = 1.47717
Ax[40641] = -nan
Ax[40641] = -nan
time: 192	PE: 0	op: -6.85316e-05 - -7.76727e-07 * -2.14492e-05 = -6.85316e-05
Ax[40641] = -nan
time: 193	PE: 0	op: 0.00200209 - -7.76727e-07 * -1.81789e-06 = 0.00200209
time: 193	PE: 1	op: -8.11293e-05 - -1.08492e-05 * -1.81789e-06 = -8.11293e-05
Ax[40641] = -nan
Ax[40641] = -nan
time: 195	PE: 0	op: 0.00118239 - -1.69661e-05 * -0.0113118 = 0.0011822
time: 195	PE: 1	op: -0.000456583 - -0.00123268 * -0.0113118 = -0.000470527
time: 195	PE: 2	op: -0.000481102 - -1.69661e-05 * -0.856233 = -0.000495629
Ax[40641] = -nan
time: 196	PE: 0	op: 1.47717 - -0.266656 * -0.999781 = 1.21058
Ax[40641] = -nan
Ax[40641] = -nan
Ax[40641] = -nan
time: 199	PE: 0	op: -3.95973e-10 / 0.00200209 = -1.9778e-07
time: 199	PE: 1	op: -6.85316e-05 / 0.00200209 = -0.03423
Ax[40641] = -nan
Ax[40641] = -nan
Ax[40641] = -nan
time: 202	PE: 0	op: 1.21058 - -0.0239979 * -0.940705 = 1.188
Ax[40641] = -nan
Ax[40641] = -nan
Ax[40641] = -nan
Ax[40641] = -nan
Ax[40641] = -nan
time: 207	PE: 0	op: -0.000493176 - -4.09915e-10 * -0.03423 = -0.000493176
time: 207	PE: 1	op: 0.000855874 - -4.09915e-10 * -1.9778e-07 = 0.000855874
time: 207	PE: 2	op: -0.000472956 - -8.11293e-05 * -1.9778e-07 = -0.000472956
Ax[40641] = -nan
time: 208	PE: 0	op: 1.188 - -0.0239949 * -0.940481 = 1.16544
Ax[40641] = -nan
Ax[40641] = -nan
Ax[40641] = -nan
Ax[40641] = -nan
Ax[40641] = -nan
time: 213	PE: 0	op: -0.000126017 / 0.000855874 = -0.147238
time: 213	PE: 1	op: -1.39406e-06 / 0.000855874 = -0.00162882
time: 213	PE: 2	op: -0.000493176 / 0.000855874 = -0.576225
Ax[40641] = -nan
time: 214	PE: 0	op: 1.16544 - -0.0239949 * -0.940449 = 1.14287
Ax[40641] = -nan
Ax[40641] = -nan
Ax[40641] = -nan
Ax[40641] = -nan
Ax[40641] = -nan
Ax[40641] = -nan
time: 220	PE: 0	op: 1.14287 - -0.266657 * -0.998147 = 0.876707
Ax[40641] = -nan
time: 221	PE: 0	op: -3.59553e-05 - -0.000126263 * -0.00162882 = -3.61609e-05
time: 221	PE: 1	op: -4.65595e-07 - -0.000126263 * -0.576225 = -7.32216e-05
time: 221	PE: 2	op: 0.0126445 - -0.000126263 * -0.147238 = 0.0126259
time: 221	PE: 3	op: -3.89616e-05 - -1.77276e-06 * -0.147238 = -3.92226e-05
time: 221	PE: 4	op: 0.0011822 - -1.77276e-06 * -0.00162882 = 0.00118219
time: 221	PE: 5	op: -0.000495629 - -1.77276e-06 * -0.576225 = -0.00049665
Ax[40641] = -nan
time: 222	PE: 0	op: 3.7867e-06 - -0.000472956 * -0.147238 = -6.58503e-05
time: 222	PE: 1	op: -0.000470527 - -0.000472956 * -0.00162882 = -0.000471298
Ax[40641] = -nan
Ax[40641] = -nan
Ax[40641] = -nan
Ax[40641] = -nan
time: 226	PE: 0	op: 0.876707 - -0.266661 * -0.998792 = 0.610367
Ax[40641] = -nan
time: 227	PE: 0	op: -0.011625 / 0.0126259 = -0.920724
time: 227	PE: 1	op: -5.00384e-07 / 0.0126259 = -3.96316e-05
time: 227	PE: 2	op: -3.61609e-05 / 0.0126259 = -0.00286403
time: 227	PE: 3	op: -7.32216e-05 / 0.0126259 = -0.00579932
Ax[40641] = -nan
Ax[40641] = -nan
Ax[40641] = -nan
Ax[40641] = -nan
Ax[40641] = -nan
time: 232	PE: 0	op: 0.610367 - -0.266661 * -0.998748 = 0.34404
Ax[40641] = -nan
Ax[40641] = -nan
Ax[40641] = -nan
time: 235	PE: 0	op: 0.00118219 - -3.92226e-05 * -0.00286403 = 0.00118208
time: 235	PE: 2	op: -0.000170706 - -0.011625 * -3.96316e-05 = -0.000171167
time: 235	PE: 3	op: 0 - -0.011625 * -0.00286403 = -3.32942e-05
time: 235	PE: 4	op: 0.0123026 - -0.011625 * -0.920724 = 0.0015992
time: 235	PE: 5	op: -0.000161449 - -3.89371e-07 * -0.920724 = -0.000161808
time: 235	PE: 6	op: 0 - -3.92226e-05 * -0.920724 = -3.61132e-05
time: 235	PE: 7	op: 0 - -3.89371e-07 * -0.00286403 = -1.11517e-09
time: 235	PE: 8	op: 0.00148985 - -3.89371e-07 * -3.96316e-05 = 0.00148985
Ax[40641] = -nan
time: 236	PE: 1	op: -0.000471298 - -6.58503e-05 * -0.00286403 = -0.000471486
time: 236	PE: 2	op: -1.34569e-05 - -6.58503e-05 * -0.920724 = -7.40869e-05
time: 236	PE: 3	op: -0.00131809 - -3.89371e-07 * -0.00579932 = -0.00131809
time: 236	PE: 4	op: -0.00131368 - -6.58503e-05 * -3.96316e-05 = -0.00131369
time: 236	PE: 5	op: -0.00049665 - -3.92226e-05 * -0.00579932 = -0.000496878
Ax[40641] = -nan
time: 237	PE: 0	op: -0.00015707 - -0.011625 * -0.00579932 = -0.000224487
time: 237	PE: 1	op: 0 - -3.92226e-05 * -3.96316e-05 = -1.55445e-09
Ax[40641] = -nan
time: 238	PE: 0	op: 0.34404 - -0.0242901 * -0.990719 = 0.319975
Ax[40641] = -nan
Ax[40641] = -nan
Ax[40641] = -nan
time: 241	PE: 0	op: -0.000171167 / 0.0015992 = -0.107033
time: 241	PE: 1	op: -3.32942e-05 / 0.0015992 = -0.0208193
Ax[40641] = -nan
Ax[40641] = -nan
time: 243	PE: 0	op: -0.000224487 / 0.0015992 = -0.140374
Ax[40641] = -nan
time: 244	PE: 0	op: 0.319975 - -0.000147121 * -0.00034251 = 0.319975
Ax[40641] = -nan
Ax[40641] = -nan
Ax[40641] = -nan
Ax[40641] = -nan
Ax[40641] = -nan
time: 249	PE: 0	op: 0.00118208 - -3.61132e-05 * -0.0208193 = 0.00118133
time: 249	PE: 1	op: -0.000471486 - -7.40869e-05 * -0.0208193 = -0.000473029
time: 249	PE: 2	op: -1.11517e-09 - -0.000161808 * -0.0208193 = -3.36984e-06
time: 249	PE: 3	op: 0.00148985 - -0.000161808 * -0.107033 = 0.00147253
time: 249	PE: 4	op: -1.55445e-09 - -3.61132e-05 * -0.107033 = -3.86685e-06
Ax[40641] = -nan
time: 250	PE: 0	op: -0.00131369 - -7.40869e-05 * -0.107033 = -0.00132162
time: 250	PE: 1	op: 0.319975 - -0.0121653 * -0.951619 = 0.308398
Ax[40641] = -nan
time: 251	PE: 0	op: -0.00131809 - -0.000161808 * -0.140374 = -0.0013408
time: 251	PE: 1	op: -0.000496878 - -3.61132e-05 * -0.140374 = -0.000501947
Ax[40641] = -nan
Ax[40641] = -nan
Ax[40641] = -nan
Ax[40641] = -nan
time: 255	PE: 0	op: -3.36984e-06 / 0.00147253 = -0.00228847
Ax[40641] = -nan
time: 256	PE: 0	op: 0.308398 - -0.0121618 * -0.952399 = 0.296815
Ax[40641] = -nan
time: 257	PE: 0	op: -0.0013408 / 0.00147253 = -0.910546
Ax[40641] = -nan
Ax[40641] = -nan
Ax[40641] = -nan
Ax[40641] = -nan
Ax[40641] = -nan
time: 262	PE: 0	op: 0.296815 - -0.000501697 * -0.0417939 = 0.296794
Ax[40641] = -nan
time: 263	PE: 0	op: 0.00118133 - -3.86685e-06 * -0.00228847 = 0.00118132
time: 263	PE: 1	op: -0.000473029 - -0.00132162 * -0.00228847 = -0.000476053
Ax[40641] = -nan
Ax[40641] = -nan
time: 265	PE: 0	op: -0.000501947 - -3.86685e-06 * -0.910546 = -0.000505468
Ax[40641] = -nan
time: 266	PE: 7	op: 0 + -7.9313e-09 * -1.13373e-08 = 8.99195e-17
Ax[40641] = -nan
Ax[40641] = -nan
time: 268	PE: 0	op: reg[0] = -5.28369e-05
time: 268	PE: 1	op: reg[1] = -8.3048e-05
time: 268	PE: 3	op: reg[3] = -3.17384e-05
Ax[40641] = -nan
time: 269	PE: 0	op: Ax[778] = -5.28369e-05 / 0.00118132 = -0.044727
time: 269	PE: 1	op: Ax[779] = -8.3048e-05 / 0.00118132 = -0.070301
time: 269	PE: 3	op: Ax[780] = -3.17384e-05 / 0.00118132 = -0.0268669
time: 269	PE: 7	op: 8.99195e-17 + -0.000482962 * -0.0401923 = 1.94114e-05
Ax[40641] = -nan
Ax[40641] = -nan
Ax[40641] = -nan
time: 272	PE: 7	op: 1.94114e-05 + 0.000136003 * -0.000735895 = 1.93113e-05
Ax[40641] = -nan
Ax[40641] = -nan
Ax[40641] = -nan
time: 275	PE: 7	op: 1.93113e-05 + -0.00130187 * -0.786671 = 0.00104345
Ax[40641] = -nan
Ax[40641] = -nan
time: 277	PE: 2	op: 0 + -3.49841e-05 * -0.044727 = 1.56473e-06
time: 277	PE: 4	op: 0 + -3.49841e-05 * -0.070301 = 2.45942e-06
time: 277	PE: 5	op: 0 + -9.4589e-05 * -0.044727 = 4.23068e-06
time: 277	PE: 6	op: 0 + -3.49841e-05 * -0.0268669 = 9.39913e-07
time: 277	PE: 8	op: 0 + -9.4589e-05 * -0.070301 = 6.6497e-06
time: 277	PE: 9	op: 0 + -9.4589e-05 * -0.0268669 = 2.54131e-06
time: 277	PE: 10	op: 0 + -3.27302e-05 * -0.044727 = 1.46392e-06
time: 277	PE: 12	op: 0 + -3.27302e-05 * -0.070301 = 2.30097e-06
time: 277	PE: 14	op: 0 + -3.27302e-05 * -0.0268669 = 8.79358e-07
Ax[40641] = -nan
time: 278	PE: 7	op: 0.00104345 + -0.00131019 * -0.0531432 = 0.00111308
time: 278	PE: 11	op: 0 + -0.000476053 * -0.044727 = 2.12924e-05
time: 278	PE: 13	op: 0 + -0.000476053 * -0.070301 = 3.3467e-05
Ax[40641] = -nan
time: 279	PE: 15	op: 0 + -0.000476053 * -0.0268669 = 1.27901e-05
Ax[40641] = -nan
time: 280	PE: 2	op: Ax[786] = 0.024027 - 1.56473e-06 = 0.0240254
time: 280	PE: 4	op: -2.39969e-05 - 2.45942e-06 = -2.64563e-05
time: 280	PE: 5	op: Ax[795] = -3.42383e-09 - 4.23068e-06 = -4.23411e-06
time: 280	PE: 6	op: -1.35071e-05 - 9.39913e-07 = -1.4447e-05
time: 280	PE: 10	op: Ax[804] = -1.96477e-05 - 1.46392e-06 = -2.11116e-05
Ax[40641] = -nan
time: 281	PE: 7	op: 0.00111308 + -0.00026226 * -0.000629312 = 0.00111324
time: 281	PE: 11	op: Ax[850] = -0.0239545 - 2.12924e-05 = -0.0239758
Ax[40641] = -nan
Ax[40641] = -nan
Ax[40641] = -nan
time: 284	PE: 7	op: 0.00111324 + -1.08492e-05 * -2.14492e-05 = 0.00111324
Ax[40641] = -nan
time: 285	PE: 4	op: Ax[787] = -2.64563e-05 / 0.0240254 = -0.00110118
time: 285	PE: 6	op: Ax[788] = -1.4447e-05 / 0.0240254 = -0.000601322
Ax[40641] = -nan
Ax[40641] = -nan
time: 287	PE: 7	op: 0.00111324 + -0.00123268 * -0.856233 = 0.00216871
Ax[40641] = -nan
Ax[40641] = -nan
Ax[40641] = -nan
time: 290	PE: 7	op: 0.00216871 + -8.11293e-05 * -0.03423 = 0.00217148
Ax[40641] = -nan
Ax[40641] = -nan
Ax[40641] = -nan
time: 293	PE: 7	op: 0.00217148 + -0.000472956 * -0.576225 = 0.00244401
time: 293	PE: 8	op: 6.6497e-06 + -4.23411e-06 * -0.00110118 = 6.65436e-06
time: 293	PE: 9	op: 2.54131e-06 + -4.23411e-06 * -0.000601322 = 2.54386e-06
time: 293	PE: 12	op: 2.30097e-06 + -2.11116e-05 * -0.00110118 = 2.32421e-06
time: 293	PE: 13	op: 3.3467e-05 + -0.0239758 * -0.00110118 = 5.98686e-05
time: 293	PE: 14	op: 8.79358e-07 + -2.11116e-05 * -0.000601322 = 8.92053e-07
time: 293	PE: 15	op: 1.27901e-05 + -0.0239758 * -0.000601322 = 2.72072e-05
Ax[40641] = -nan
Ax[40641] = -nan
Ax[40641] = -nan
time: 296	PE: 7	op: 0.00244401 + -6.58503e-05 * -0.00579932 = 0.0024444
time: 296	PE: 8	op: Ax[796] = 0.00162674 - 6.65436e-06 = 0.00162009
time: 296	PE: 9	op: -8.50147e-06 - 2.54386e-06 = -1.10453e-05
time: 296	PE: 12	op: Ax[805] = -1.36904e-06 - 2.32421e-06 = -3.69326e-06
time: 296	PE: 13	op: Ax[851] = -6.49941e-06 - 5.98686e-05 = -6.6368e-05
Ax[40641] = -nan
Ax[40641] = -nan
Ax[40641] = -nan
time: 299	PE: 7	op: 0.0024444 + -7.40869e-05 * -0.140374 = 0.0024548
Ax[40641] = -nan
Ax[40641] = -nan
time: 301	PE: 9	op: Ax[797] = -1.10453e-05 / 0.00162009 = -0.00681774
Ax[40641] = -nan
time: 302	PE: 7	op: 0.0024548 + -0.00132162 * -0.910546 = 0.00365819
Ax[40641] = -nan
Ax[40641] = -nan
Ax[40641] = -nan
time: 305	PE: 7	op: Ax[848] = 0.296794 - 0.00365819 = 0.293136
Ax[40641] = -nan
Ax[40641] = -nan
Ax[40641] = -nan
Ax[40641] = -nan
time: 309	PE: 14	op: 8.92053e-07 + -3.69326e-06 * -0.00681774 = 9.17233e-07
time: 309	PE: 15	op: 2.72072e-05 + -6.6368e-05 * -0.00681774 = 2.76597e-05
Ax[40641] = -nan
Ax[40641] = -nan
Ax[40641] = -nan
time: 312	PE: 14	op: Ax[806] = 0.26671 - 9.17233e-07 = 0.266709
time: 312	PE: 15	op: Ax[852] = -0.266657 - 2.76597e-05 = -0.266685
Ax[40641] = -nan
Ax[40641] = -nan
Ax[40641] = -nan
SUCCESS: simulation
SUCCESS: simulation1
SUCCESS: simulation3
SUCCESS: simulation3
SUCCESS: simulation4
