n: 430
nnz: 1544
CSC format: after fill in
Ax: 1 1 100000 -100000 -1.18e-30 -1 1 -3635.14 1 1 18.1818 -18.1818 1 -1 3634.14 -18.1818 -1 18.1961 -2e-31 -0.0142857 1 -1 -310.078 0 100000 -100000 -1.18e-30 -1 1 -3635.14 1 1 -1 1.2987 1 0 -1.2987 3634.14 -1 -1 100000 -100000 -0.000606061 1 -1 -1705.43 0 1 4 1 -4 -4 8 -4 -4 4.01 -0.01 0.126415 -0.115915 -0.0005 100009 -8.89838 -100000 100032 -31.7901 -100000 -31.7901 31.7901 -5.90855e-11 -8.41421e-12 0 -8.89838 -5.81108e-11 8.89838 -4.43362e-10 0 0 -0.115915 -9.38897e-12 -4.42388e-10 0.115915 0 0 0 1 -465.116 -1 100000 -100000 -1.18e-30 100000 -100000 1 -3635.14 1 8.33333 -8.33333 1 -1 -8.33333 1 8.33958 -0.00625 -2e-31 -1 1 0 0 100000 -100000 -1.18e-30 -1 1 -3635.14 1 1 18.1818 -18.1818 1 -1 3634.14 -18.1818 -1 18.1961 -2e-31 -0.0142857 1 -1 -310.078 0 100000 -1.18e-30 -100000 -1 1 -3635.14 1 1 -1 1.2987 1 0 -1.2987 3634.14 -1 -1 100000 -100000 -0.000606061 1 -1 -1705.43 0 -2e-31 -100000 100000 0 0 0 1 4 1 -4 -4 8 -4 -4 4.01 -0.01 0.126415 -0.115915 -0.0005 100009 -8.89838 -100000 100032 -31.7901 -100000 -31.7901 31.7901 -5.90855e-11 -8.41421e-12 0 -8.89838 -5.81108e-11 8.89838 -4.43362e-10 0 0 -0.115915 -9.38897e-12 -4.42388e-10 0.115915 0 0 0 1 -465.116 -1 100000 -100000 -1.18e-30 100000 -100000 1 -3635.14 1 8.33333 -8.33333 1 -1 -8.33333 1 8.33958 -0.00625 -2e-31 -1 1 0 0 1000 -4.96256e-07 -0.00365244 -1000 -0.00365294 1000 0.00365244 -1000 0 -1.0021e-12 -1.0021e-12 1000 0 0 -1000 -1000 0 1000 -0.000133333 -0.000222222 1000.07 -1000 -1000 1000.07 -0.0352393 -0.0352393 -0.0704721 1000.04 0.0352328 -1000 -6.436e-06 -6.87607e-10 1000 -1000 0 -1000 1000.05 0 -0.0454545 1000 -1.41955e-16 -1.04479e-12 -4.48722e-14 1000 -1000 -9.55328e-13 -1000 2000.01 0 -1000 -1.00006e-12 -1.00006e-12 0 1000 0 -1000 -1000 0 1000 -1.01839e-12 -1.38368e-16 0 2000 -1000 -1000 -1000 1000 -0.00170852 -2.32135e-07 0 -0.00503972 1000.01 -0.00503972 0 -1000 0.00333097 -0.00837092 1000.01 0 0 -1000 -0.0245335 1000.05 -0.0245335 -1000 0 0.0245335 -1000 0 0 0 -0.0490669 1000.02 0 0 -1000 0 0 -0.000133333 -1000 0 0 -1000 0 -1000 0 4000 0 0 0 1000 -1.40235e-16 -1.03213e-12 -1000 -3.07766e-14 1000 -9.70857e-13 -1000 0 -1.00149e-12 -1.00149e-12 1000 0 -1000 0 1000.07 -1000 -0.0666667 -1000 1000 -1.00005e-12 -1.00005e-12 0 7.09078e-05 1000 -7.09175e-05 -1000 0 -7.09078e-05 -9.63422e-09 1000 -1000 0 0 -1000 0 -1000 2000.04 0 0 -0.037037 1000 -0.00167203 -2.27179e-07 -1.03213e-12 1000 -1.03213e-12 -1000 -0.00167226 0.00167203 1000 -1000 1000 -1000 -1000 1000.25 -0.248814 -3.38063e-05 -0.208105 1000.42 -0.208105 -1000 -0.0407435 -0.167395 1000.21 -1000 0 -1000 -1000 -1000 3000 -2.5641e-05 0 1000.01 -0.00640236 -6.84013e-07 -1000 -1.03213e-12 1000 -1.03213e-12 -1000 0 -0.00640304 0.00640236 1000 -1000 0 -2.5641e-05 -1000 -1000 3000 -1000 0 0 1000.01 -6.84013e-07 -0.00640236 -1000 -1000 -0.00640304 1000 0.00640236 0 0 -1.00005e-12 -1.00005e-12 1000 0 -1000 0 1000 -1000 -1000 1000 -3.84447e-12 -5.22346e-16 -1.00007e-12 1000 -1.00007e-12 -1000 -2.84492e-12 1.84433e-12 1000 -1000 0 1000 -1000 -1000 1000 -3.84447e-12 -5.22346e-16 -1.00006e-12 1000 -1.00006e-12 -1000 -2.84492e-12 1.84434e-12 1000 -1000 0 -1000 -1000 3000 -1000 0 0 1000 -0.00149685 0.00149664 -1000 -1000 -2.03348e-07 1000 -0.00149664 0 0 -1.00029e-12 -1.00029e-12 1000 0 0 -1000 1000.05 2.04243e-07 -0.0524564 -1000 -0.052445 1000.1 -1000 -0.052445 0 -1000 0 0 -1000 0 0 -1000 3000 0 0 0 0 1000.05 -5.56934e-06 -0.052129 -1000 1000.05 -0.052129 -5.56934e-06 -1000 -1.03213e-12 1000 -1.03213e-12 -1000 0 -0.0521346 0.052129 1000 -1000 0 -0.0521346 1000 0.052129 -1000 0 -1.0005e-12 -1.0005e-12 1000 0 -1000 0 1000.35 -0.698753 0.349276 -1000 -0.349476 1000.7 -0.349476 0 -1000 2000 -1000 -1000 -1000 1000.01 -0.0130778 -1.77687e-06 0 -3.89391e-08 1000 -3.89391e-08 0 -1000 -0.0130795 0.0130777 1000 0 0 -1000 -2.13825e-08 -0.00020014 -1000 0 0 0 1000 0 0 0 0 1.43282 -0.00424862 0.01 -2.40228e-12 0.0100102 -0.01 -0.00424862 100.004 -100 0.391526 -0.379795 -0.0117315 0.379795 -3.86179e-12 -0.379795 -2.40228e-12 -0.01 -100 -0.379795 -3.86179e-12 1100.39 -1000 -2.2e-28 -0.0005 2000 -1000 -1000 -1000 1000.06 -0.0609162 -8.27666e-06 0 -0.00846811 1000.02 -0.00846811 -1000 0 -1000 -0.0524564 0.04398 1000.01 0 0 0 0 -1000 -1000 -1000 0 -1000 0 0 -1000 0 5000 0 0 0 0 0 -1.12062e-05 -0.10489 0 -1000 0 0 0 0 1000.1 0 0 0 0 -1000 0 0 0 0 0 -1000 0 0 -1000 -1000 0 0 0 0 4000 0 0 0 0 -1000 -0.000222222 0 -1000 -1000 0 0 -1000 0 4000 -2.5e-32 0 0 0 -1000 0 -1000 0 0 0 -1000 0 0 0 0 0 -1000 0 0 0 0 -2.5e-32 4000 0 0 0 100 -1e-12 -100 0.01 -1.00082e-12 -0.01 1 -1 -1.18986e-12 -1e-12 0.335796 0 -0.335796 21.9246 -0.000981934 -0.105657 -0.0326096 0.0885415 0.00822272 -0.0641547 -0.0740297 -0.0234049 4.15917 -4.06174 0 -100 -1.00082e-12 -1 0 -4.06174 105.062 0 0 -0.0005 100000 1 -100000 0.0143885 -1e-12 70.922 -1.12445e-10 1000 -1000 -1e-12 1000 -1000 -1.12445e-10 -1000 -1000 1.00201e+06 -6.57462 -1e+06 1000 -1.33378e-07 -4.99012e-08 -1.8298e-07 0.0516798 -0.0516797 3.05178e-09 -0.0516797 0.17668 0 -0.125 -6.57462 -2.99378e-10 -4.655e-08 0 6.57462 0 0 17.8891 -17.8891 -1.3538e-07 21.8267 -9.02095e-05 -0.00872319 -21.8179 0.00161933 0.0443937 -0.00684331 0 -0.0391698 -0.0104327 -0.00513377 4.0773 -4.06174 0 0 0.0380804 -0.0232999 0.0193577 -0.0341383 -0.00394214 0.459995 -0.0194126 0 -0.43664 -8.47321e-14 -5.48788e-05 5.16095 0 -5.16089 0 -4.06174 -0.0341383 0 0 4.09838 0 -0.0025 0 -0.125 0 -17.8891 -21.8179 0 0 0 39.8445 0 -0.0025 0 1 -1 0 0 -1.3538e-07 -5.16089 -0.0025 0 5.16472 -1 0 -0.00133333 0 0 -0.01 -1.18986e-12 -0.335796 0 -0.0391698 0 -0.43664 0 0 -0.0025 0 0 0.824106 0 0 0 0 -0.0641547 0 0 -0.00133333 0 0 0.065588 0 -0.0001 0 0 1 2 1 -2 -2 2.5 -0.5 0.757971 -0.257971 6.01288 -1e-12 1000 -1000 -0.257971 1000.26 -1000 -0.5 1e+06 -1e+06 -0.0030303 1 -24.8995 1 -1 1 3.20513 -3.20513 1 -1 1 -691.489 -1 -1 0 1 0 0 -1e+06 -3.20513 1e+06 0 0 0 1 -1 0.0172414 1 0 -0.0172414 0.0002002 -2e-07 -2e-07 6.24015e-05 -3.11007e-05 -3.11007e-05 -3.11007e-05 0.882644 -0.882613 0 -0.882613 0.882644 -3.11007e-05 0 -3.11007e-05 0.882644 0 -0.882613 -3.11007e-05 0 0 0 0.882644 -0.882613 0 -0.882613 0.882644 -3.11007e-05 0 -3.11007e-05 0.882644 -0.882613 0 -0.882613 0.882613 -1 0 -1 1 0 0 0.0172414 1 0 -0.0172414 -1 -0.882613 0 0 0 0 0 0.882613 0 0 -1 -1 1 0.000165357 -1.1274e-05 0.000333533 -0.000333333 -1.1274e-05 0.000111324 -5e-08 -0.0001 -0.000333333 -5e-08 0.000363417 -3.00339e-05 0 -3.00339e-05 0.882643 -0.882613 0 -0.882613 0.882613 -1 0 1 0.00641026 -0.00641026 -24.8995 1 -24.8995 1 23.8995 1 -1 -0.00641026 0.00641026 0 -1 0 1 0 0 1 -1 -22553.2 1 2 1 -2 -2 2.5 -0.5 0.757971 -0.257971 6.01288 -1e-12 1000 -1000 -0.257971 1000.26 -1000 -0.5 1e+06 -1e+06 -0.0030303 1 -24.8995 1 -1 1 3.20513 -3.20513 1 -1 1 -1 -691.489 -1 0 1 0 0 -1e+06 -3.20513 1e+06 0 0 0 1000 -4.96247e-07 -0.00365238 -1000 -0.00365288 1000 0.00365238 -1000 0 -1.0021e-12 -1.0021e-12 1000 0 0 -1000 -1000 0 1000 -0.000133333 -0.000222222 1000.07 -1000 -1000 1000.07 -0.0352393 -0.0352393 -0.0704722 1000.04 0.0352329 -1000 -6.43837e-06 -6.8786e-10 1000 -1000 0 -1000 1000.05 0 -0.0454545 1000 -1.41955e-16 -1.04479e-12 -4.48724e-14 1000 -1000 -9.55328e-13 -1000 2000.01 0 -1000 -1.00006e-12 -1.00006e-12 0 1000 0 -1000 -1000 0 1000 -1.01839e-12 -1.38368e-16 0 2000 -1000 -1000 -1000 1000 -0.00170853 -2.32138e-07 0 -0.00503977 1000.01 -0.00503977 0 -1000 0.003331 -0.00837101 1000.01 0 0 -1000 -0.0245335 1000.05 -0.0245335 -1000 0 0.0245335 -1000 0 0 0 -0.0490669 1000.02 0 0 -1000 0 0 -0.000133333 -1000 0 0 -1000 0 -1000 0 4000 0 0 0 1000 -1.40235e-16 -1.03213e-12 -1000 -3.07765e-14 1000 -9.70857e-13 -1000 0 -1.00149e-12 -1.00149e-12 1000 0 -1000 0 1000.07 -1000 -0.0666667 -1000 1000 -1.00005e-12 -1.00005e-12 0 7.088e-05 1000 -7.08897e-05 -1000 0 -7.088e-05 -9.63044e-09 1000 -1000 0 0 -1000 0 -1000 2000.04 0 -0.037037 0 1000 -0.00167205 -2.27181e-07 -1.03213e-12 1000 -1.03213e-12 -1000 -0.00167228 0.00167205 1000 -1000 1000 -1000 -1000 1000.25 -0.248815 -3.38064e-05 -0.208105 1000.42 -0.208105 -1000 -0.0407441 -0.167394 1000.21 -1000 0 -1000 -1000 -1000 3000 -2.5641e-05 0 1000.01 -0.00640227 -6.84004e-07 -1000 -1.03213e-12 1000 -1.03213e-12 -1000 0 -0.00640296 0.00640227 1000 -1000 0 -2.5641e-05 -1000 -1000 3000 -1000 0 0 1000.01 -6.84004e-07 -0.00640227 -1000 -1000 -0.00640296 1000 0.00640227 0 0 -1.00005e-12 -1.00005e-12 1000 0 -1000 0 1000 -1000 -1000 1000 -3.84445e-12 -5.22343e-16 -1.00007e-12 1000 -1.00007e-12 -1000 -2.8449e-12 1.84431e-12 1000 -1000 0 1000 -1000 -1000 1000 -3.84445e-12 -5.22343e-16 -1.00006e-12 1000 -1.00006e-12 -1000 -2.8449e-12 1.84432e-12 1000 -1000 0 -1000 -1000 3000 -1000 0 0 1000 -0.00149684 0.00149663 -1000 -1000 -2.03347e-07 1000 -0.00149663 0 0 -1.00029e-12 -1.00029e-12 1000 0 0 -1000 1000.05 2.04278e-07 -0.0524401 -1000 -0.0524287 1000.1 -1000 -0.0524287 0 -1000 0 0 -1000 0 0 -1000 3000 0 0 0 0 1000.05 -5.5692e-06 -0.0521277 -1000 1000.05 -0.0521277 -5.5692e-06 -1000 -1.03213e-12 1000 -1.03213e-12 -1000 0 -0.0521333 0.0521277 1000 -1000 0 -0.0521333 1000 0.0521277 -1000 0 -1.0005e-12 -1.0005e-12 1000 0 -1000 0 1000.35 -0.698728 0.349245 -1000 -0.349483 1000.7 -0.349483 0 -1000 2000 -1000 -1000 -1000 1000 -3.75086e-05 -5.09627e-09 0 -3.90678e-08 1000 -3.90678e-08 0 -1000 -3.74746e-05 3.74304e-05 1000 0 0 -1000 -2.55246e-08 -0.00023891 -1000 0 0 0 1000 0 0 0 0 1.43282 -0.00424848 0.01 -2.4023e-12 0.0100102 -0.01 -0.00424848 100.004 -100 0.391556 -0.379795 -0.0117613 0.379795 -3.85959e-12 -0.379795 -2.4023e-12 -0.01 -100 -0.379795 -3.85959e-12 1100.39 -1000 -0.0005 -2.2e-28 2000 -1000 -1000 -1000 1000.06 -0.0609041 -8.27501e-06 0 -0.00847231 1000.02 -0.00847231 -1000 0 -1000 -0.0524401 0.0439595 1000.01 0 0 0 0 -1000 -1000 -1000 0 -1000 0 0 -1000 0 5000 0 0 0 0 0 -1.12027e-05 -0.104858 0 -1000 0 0 0 0 1000.1 0 0 0 0 -1000 0 0 0 0 0 -1000 0 0 -1000 -1000 0 0 0 0 4000 0 0 0 0 -1000 -0.000222222 0 -1000 -1000 0 0 -1000 0 4000 -2.5e-32 0 0 0 -1000 0 -1000 0 0 0 -1000 0 0 0 0 0 -1000 0 0 0 0 -2.5e-32 4000 0 0 0 100 -1e-12 -100 0.01 -1.00082e-12 -0.01 1 -1 -1.18986e-12 -1e-12 0.335796 0 -0.335796 21.9246 -0.000981936 -0.105657 -0.0326097 0.0885415 0.00822284 -0.0641547 -0.0740297 -0.0234049 4.15917 -4.06174 0 -100 -1.00082e-12 -1 0 -4.06174 105.062 0 0 -0.0005 100000 1 -100000 0.0143885 -1e-12 70.922 -1.12445e-10 1000 -1000 -1e-12 1000 -1000 -1.12445e-10 -1000 -1000 1.00201e+06 -6.57462 -1e+06 1000 -1.33378e-07 -4.99012e-08 -1.8298e-07 0.0516798 -0.0516797 3.05178e-09 -0.0516797 0.17668 0 -0.125 -6.57462 -2.99378e-10 -4.655e-08 0 6.57462 0 0 17.8891 -17.8891 -1.3538e-07 21.8267 -9.02095e-05 -0.00872319 -21.8179 0.00161933 0.0443937 -0.00684331 0 -0.0391698 -0.0104327 -0.00513377 4.0773 -4.06174 0 0 0.0380804 -0.0232999 0.0193577 -0.0341383 -0.00394214 0.459995 -0.0194126 0 -0.43664 -8.47321e-14 -5.48788e-05 5.16095 0 -5.16089 0 -4.06174 -0.0341383 0 0 4.09838 0 -0.0025 0 -0.125 0 -17.8891 -21.8179 0 0 0 39.8445 0 -0.0025 0 1 -1 0 0 -1.3538e-07 -5.16089 -0.0025 0 5.16472 -1 0 -0.00133333 0 0 -0.01 -1.18986e-12 -0.335796 0 -0.0391698 0 -0.43664 0 0 -0.0025 0 0 0.824106 0 0 0 0 -0.0641547 0 0 -0.00133333 0 0 0.065588 0 -0.0001 0 0 -0.0454545 0 -1000 0 0 -0.037037 0 0 -0.0005 0 0 1000.08 0 0 0 0 -1e-12 -1000 -1000 -0.0030303 0 -0.0666667 0 0 0 0 -1000 0 0 0 -1000 0 0 -1000 0 -1000 -1000 0 0 0 0 -0.0005 0 0 0 0 0 0 -0.0001 0 7000.07 0 0 0 0 -1 23.8995 0 0 0 -1e+06 0 0 0 0 0 0 0 0 1e+06 0 0 -8e-31 0 -0.0001 0 0 0 0 0 0 -1000 0 -0.0117613 -0.379795 -2.2e-28 0 0 0 0 0 0 0 0 0 1000.39 0 0 0 1 -0.0172414 0 23.8995 -8e-31 0 0 -1 0.0172414 0 0 1 0 -7047.87 -1 -1 -1 1 0.000165357 -1.1274e-05 0.000333533 -0.000333333 -1.1274e-05 0.000111324 -5e-08 -0.0001 -0.000333333 -5e-08 0.000363417 -3.00339e-05 0 -3.00339e-05 0.882643 -0.882613 0 -0.882613 0.882613 -1 0 1 0.00641026 -0.00641026 -24.8995 1 -24.8995 1 23.8995 1 -1 -0.00641026 0.00641026 0 -1 0 1 0 0 1 -1 -22553.2 -0.0172414 0 0 0 23.8995 -1 0.0172414 -8e-31 1 0 -1 -7047.87 1 -1e+06 0 0 0 0 0 0 -1 23.8995 0 0 0 -8e-31 0 1e+06 0 0 0 -1000 0 -0.0117315 -0.379795 -2.2e-28 0 0 0 0 0 0 -0.0001 0 0 0 0 0 0 0 1000.39 0 0 -0.0666667 0 0 0 0 -1000 0 0 0 -1000 0 0 -1000 0 -1000 -1000 0 0 0 0 -0.0005 0 0 0 0 0 0 -0.0001 -1e-12 -1000 -1000 -0.0030303 0 0 0 0 7000.07 0 0 -0.0454545 0 -1000 0 0 -0.037037 0 0 -0.0005 0 0 0 0 0 1000.08 0 -100000 -1 0 -0.00625 -100000 0 0 0 0 0 0 200000 0 -3.33333e-05 26.9179 -6.99791e-08 -6.99791e-08 100000 -100000 -0.0005 1 -2325.58 -1 100000 -100000 -1.18e-30 1 -3635.14 1 -1 0.714286 1 0 -0.714286 -1 1 100000 -0.000324675 -100000 -1 1 0 0 -100000 -100000 -0.714286 -0.000324675 200001 0 0 -1.33333e-06 -2e-31 -100000 100000 0 0 0 1 -100000 1 0 0 0 -1.18e-30 -100000 -1 3634.14 0 -3.33333e-05 0 0 200000 -7.69231e-05 -1e-08 -1.18e-30 -1 0 -0.0142857 -100000 0 0 0 0 -7.69231e-05 100000 0 0 0 -1.18e-30 -1.2987 -0.000606061 -100000 0 0 0 0 100001 0 -2.46305e-06 -0.01 -0.0005 0 -0.0005 0 0 0 0 100000 -100000 -100000 1 0 0 0 -1.18e-30 -1 3634.14 0 -1.33333e-06 0 0 -1e-08 0 -2.46305e-06 -100000 200000 -100000 -1 0 -0.00625 -100000 0 0 0 0 0 0 0 0 0 200000 0 -3.33333e-05 26.9179 -6.99791e-08 -6.99791e-08 100000 -100000 -0.0005 1 -2325.58 -1 100000 -100000 -1.18e-30 1 -3635.14 1 -1 0.714286 1 0 -0.714286 -1 1 100000 -0.000324675 -100000 -1 1 0 0 -100000 -100000 -0.714286 -0.000324675 200001 0 0 -1.33333e-06 -2e-31 -100000 100000 0 0 0 -0.01 -0.0005 0 -0.0005 0 100000 0 0 -100000 0 -2e-31 -100000 100000 0 0 0 1 -100000 1 0 0 -1.18e-30 -100000 -1 3634.14 0 -3.33333e-05 0 0 0 200000 -7.69231e-05 -1e-08 -1.18e-30 -1 0 -0.0142857 -100000 0 0 0 0 0 -7.69231e-05 100000 0 0 -100000 1 0 0 -1.18e-30 -1 3634.14 0 -1.33333e-06 0 -100000 0 0 -1e-08 0 200000 -2.46305e-06 -1.18e-30 -1.2987 -0.000606061 -100000 0 0 0 0 0 -2.46305e-06 100001 1 1 
Ai: 0 1 2 424 425 3 424 4 7 5 6 8 6 425 4 6 7 8 422 425 3 8 423 424 9 426 427 10 426 11 14 12 15 12 13 15 427 11 13 14 15 422 427 10 15 423 426 16 16 17 18 16 18 19 18 19 421 20 25 421 21 24 427 22 23 425 22 23 24 25 425 21 23 24 25 425 427 20 23 24 25 421 425 427 26 423 424 27 409 424 28 424 29 32 30 31 33 31 409 31 32 33 409 420 26 33 423 424 34 404 405 35 404 36 39 37 38 40 38 405 36 38 39 40 48 405 35 40 403 404 41 406 408 42 408 43 46 44 47 44 45 47 406 43 45 46 47 48 406 42 47 403 408 40 47 48 403 404 408 49 49 50 51 49 51 52 51 52 407 53 58 407 54 57 406 55 56 405 55 56 57 58 405 54 56 57 58 405 406 53 56 57 58 405 406 407 59 403 404 60 391 404 61 404 62 65 63 64 66 64 391 64 65 66 391 402 59 66 403 404 67 68 69 87 67 68 69 70 87 67 68 69 70 87 153 68 69 70 87 153 71 72 71 72 73 74 72 73 74 87 72 73 74 75 87 74 75 87 390 76 77 79 76 77 78 79 77 78 79 80 76 77 78 79 80 154 78 79 80 85 86 154 81 82 86 81 82 83 84 86 82 83 84 86 87 82 83 84 86 87 154 80 85 86 87 154 80 81 82 83 84 85 86 87 154 67 68 69 70 73 74 75 83 84 85 86 87 153 154 390 88 89 90 390 88 89 90 95 390 88 89 90 95 153 390 91 92 389 91 92 93 94 389 92 93 94 153 389 92 93 94 95 153 389 89 90 94 95 153 389 390 96 97 98 96 97 98 103 96 97 98 103 99 100 99 100 101 102 100 101 102 152 100 101 102 103 152 97 98 102 103 107 152 104 105 106 389 104 105 106 107 389 104 105 106 107 389 103 105 106 107 109 152 389 108 109 110 389 107 108 109 110 152 389 108 109 110 152 153 389 111 112 111 112 113 114 112 113 114 154 112 113 114 119 154 115 116 115 116 117 118 116 117 118 125 116 117 118 119 125 114 118 119 121 125 154 120 121 122 125 119 120 121 122 125 154 120 121 122 125 154 389 123 124 151 152 123 124 125 151 152 117 118 119 120 121 122 124 125 151 152 154 389 126 130 131 389 127 128 129 389 127 128 129 150 389 127 128 129 150 389 126 130 131 150 389 126 130 131 150 152 389 132 133 138 152 132 133 138 152 154 134 135 138 134 135 136 137 138 135 136 137 138 150 135 136 137 138 150 388 132 133 134 135 136 137 138 150 152 154 388 139 142 140 145 141 145 139 142 145 143 145 388 144 145 388 140 141 142 143 144 145 149 388 389 146 147 151 146 147 148 149 151 147 148 149 150 151 145 147 148 149 150 151 388 389 128 129 130 131 136 137 138 148 149 150 151 152 154 388 389 123 124 125 146 147 148 149 150 151 152 154 388 389 101 102 103 107 109 110 123 124 125 131 132 133 138 150 151 152 153 154 388 389 69 70 87 90 93 94 95 110 152 153 154 388 389 390 79 80 84 85 86 87 113 114 119 121 122 125 133 138 150 151 152 153 154 388 389 390 155 158 162 156 162 184 157 162 184 155 158 162 184 159 160 161 159 160 161 185 159 160 161 162 185 155 156 157 158 161 162 184 185 390 163 183 391 164 167 165 168 166 168 164 167 168 165 166 167 168 172 387 169 170 172 169 170 171 172 170 171 172 181 168 169 170 171 172 181 387 173 181 182 174 175 176 181 174 175 176 181 184 174 175 176 180 181 184 177 178 179 180 177 178 179 180 184 177 178 179 180 182 184 176 177 178 179 180 181 182 184 171 172 173 174 175 176 180 181 182 184 387 163 182 183 391 173 179 180 181 182 183 184 185 387 391 156 157 158 162 175 176 178 179 180 181 182 183 184 185 387 390 391 160 161 162 182 183 184 185 387 389 390 391 186 186 187 188 186 188 193 189 192 190 389 191 389 189 192 389 188 193 200 389 194 195 195 196 196 199 200 197 198 198 386 387 197 198 199 386 387 193 199 200 386 387 389 201 214 201 202 214 369 203 204 203 204 205 208 204 205 206 208 205 206 207 208 206 207 208 214 204 205 206 207 208 209 214 208 209 210 214 209 210 211 214 210 211 213 214 211 212 213 214 212 213 214 385 202 207 208 209 210 211 213 214 369 385 215 216 228 217 219 218 220 217 219 220 366 218 219 220 221 366 220 221 222 366 221 222 223 366 223 227 228 224 226 225 368 224 225 226 227 228 368 222 223 227 228 366 215 228 367 229 229 230 231 229 231 236 232 235 233 364 234 364 232 235 364 231 236 243 364 237 238 238 239 239 242 243 240 241 241 365 367 240 241 242 365 367 236 242 243 364 365 367 244 245 246 264 244 245 246 247 264 244 245 246 247 264 330 245 246 247 264 330 248 249 248 249 250 251 249 250 251 264 249 250 251 252 264 251 252 264 363 253 254 256 253 254 255 256 254 255 256 257 253 254 255 256 257 331 255 256 257 262 263 331 258 259 263 258 259 260 261 263 259 260 261 263 264 259 260 261 263 264 331 257 262 263 264 331 257 258 259 260 261 262 263 264 331 244 245 246 247 250 251 252 260 261 262 263 264 330 331 363 265 266 267 363 265 266 267 272 363 265 266 267 272 330 363 268 269 364 268 269 270 271 364 269 270 271 330 364 269 270 271 272 330 364 266 267 271 272 330 363 364 273 274 275 273 274 275 280 273 274 275 280 276 277 276 277 278 279 277 278 279 329 277 278 279 280 329 274 275 279 280 284 329 281 282 283 364 281 282 283 284 364 281 282 283 284 364 280 282 283 284 286 329 364 285 286 287 364 284 285 286 287 329 364 285 286 287 329 330 364 288 289 288 289 290 291 289 290 291 331 289 290 291 296 331 292 293 292 293 294 295 293 294 295 302 293 294 295 296 302 291 295 296 298 302 331 297 298 299 302 296 297 298 299 302 331 297 298 299 302 331 364 300 301 328 329 300 301 302 328 329 294 295 296 297 298 299 301 302 328 329 331 364 303 307 308 364 304 305 306 364 304 305 306 327 364 304 305 306 327 364 303 307 308 327 364 303 307 308 327 329 364 309 310 315 329 309 310 315 329 331 311 312 315 311 312 313 314 315 312 313 314 315 327 312 313 314 315 327 366 309 310 311 312 313 314 315 327 329 331 366 316 319 317 322 318 322 316 319 322 320 322 366 321 322 366 317 318 319 320 321 322 326 364 366 323 324 328 323 324 325 326 328 324 325 326 327 328 322 324 325 326 327 328 364 366 305 306 307 308 313 314 315 325 326 327 328 329 331 364 366 300 301 302 323 324 325 326 327 328 329 331 364 366 278 279 280 284 286 287 300 301 302 308 309 310 315 327 328 329 330 331 364 366 246 247 264 267 270 271 272 287 329 330 331 363 364 366 256 257 261 262 263 264 290 291 296 298 299 302 310 315 327 328 329 330 331 363 364 366 332 335 339 333 339 361 334 339 361 332 335 339 361 336 337 338 336 337 338 362 336 337 338 339 362 332 333 334 335 338 339 361 362 363 340 360 409 341 344 342 345 343 345 341 344 345 342 343 344 345 349 365 346 347 349 346 347 348 349 347 348 349 358 345 346 347 348 349 358 365 350 358 359 351 352 353 358 351 352 353 358 361 351 352 353 357 358 361 354 355 356 357 354 355 356 357 361 354 355 356 357 359 361 353 354 355 356 357 358 359 361 348 349 350 351 352 353 357 358 359 361 365 340 359 360 409 350 356 357 358 359 360 361 362 365 409 333 334 335 339 352 353 355 356 357 358 359 360 361 362 363 365 409 337 338 339 359 360 361 362 363 364 365 409 252 264 265 266 267 272 330 331 339 361 362 363 364 365 366 409 233 234 235 236 243 268 269 270 271 272 281 282 283 284 285 286 287 299 302 303 304 305 306 307 308 322 326 327 328 329 330 331 362 363 364 365 366 367 409 237 238 239 242 243 345 349 358 359 360 361 362 363 364 365 366 367 369 409 219 220 221 222 223 227 228 314 315 320 321 322 326 327 328 329 330 331 363 364 365 366 367 369 409 367 201 214 225 365 366 367 368 369 385 409 216 228 367 369 370 371 383 372 374 373 375 372 374 375 388 373 374 375 376 388 375 376 377 388 376 377 378 388 378 382 383 379 381 380 384 379 380 381 382 383 384 377 378 382 383 388 370 383 386 212 213 214 369 380 384 385 387 371 383 385 386 386 168 172 181 182 183 184 185 194 195 196 199 200 385 386 387 389 390 391 137 138 143 144 145 149 150 151 152 153 154 374 375 376 377 378 382 383 386 388 389 390 91 92 93 94 95 104 105 106 107 108 109 110 122 125 126 127 128 129 130 131 145 149 150 151 152 153 154 185 190 191 192 193 200 386 387 388 389 390 391 75 87 88 89 90 95 153 154 162 184 185 387 388 389 390 391 60 63 64 66 163 183 184 185 387 389 390 391 403 404 392 393 392 393 401 407 394 403 408 395 401 408 396 399 397 400 397 398 400 401 398 399 400 401 402 394 400 403 408 393 395 397 400 401 403 407 408 66 400 402 403 404 408 403 34 36 39 40 48 60 61 62 65 66 391 402 403 404 405 408 34 37 38 40 55 56 57 58 403 404 405 406 407 408 41 44 47 54 57 58 403 405 406 407 408 52 53 58 393 401 403 405 406 407 408 41 43 46 47 48 395 396 399 400 401 402 403 404 405 406 407 408 27 30 31 33 340 360 361 362 363 364 365 366 367 369 409 423 424 410 411 410 411 419 421 412 423 426 413 419 426 414 417 415 418 415 416 418 419 416 417 418 419 420 412 418 423 426 411 413 415 418 419 421 423 426 33 418 420 423 424 426 19 20 25 411 419 421 423 425 426 427 8 15 422 423 424 426 423 2 4 7 8 27 28 29 32 33 409 420 422 423 424 425 426 2 5 6 8 22 23 24 25 421 423 424 425 426 427 9 11 14 15 413 414 417 418 419 420 421 422 423 424 425 426 427 9 12 15 21 24 25 421 423 425 426 427 428 429 
Ap: 0 1 2 5 7 9 12 14 20 24 27 29 31 33 37 43 47 48 51 54 57 60 63 66 71 77 84 87 90 92 94 97 99 104 108 111 113 115 118 120 126 130 133 135 137 139 143 149 153 159 160 163 166 169 172 175 178 183 189 196 199 202 204 206 209 211 216 220 224 229 235 240 242 246 250 255 259 262 266 270 276 282 285 290 295 301 306 315 330 334 339 345 348 353 358 364 371 374 378 382 384 388 392 397 403 407 412 417 424 428 434 440 442 446 450 455 457 461 465 470 476 480 486 492 496 501 513 517 521 526 531 536 542 546 551 554 559 564 570 581 583 585 587 590 593 596 605 608 613 618 626 641 654 674 688 710 713 716 719 723 726 730 735 744 747 749 751 753 756 762 765 769 773 780 783 787 792 798 802 807 813 821 832 836 846 863 874 875 878 881 883 885 887 890 894 896 898 901 903 906 911 917 919 923 925 929 933 937 941 948 952 956 960 964 968 978 979 981 983 985 989 994 998 1002 1005 1007 1009 1015 1020 1023 1024 1027 1030 1032 1034 1036 1039 1043 1045 1047 1050 1052 1055 1060 1066 1070 1075 1081 1086 1088 1092 1096 1101 1105 1108 1112 1116 1122 1128 1131 1136 1141 1147 1152 1161 1176 1180 1185 1191 1194 1199 1204 1210 1217 1220 1224 1228 1230 1234 1238 1243 1249 1253 1258 1263 1270 1274 1280 1286 1288 1292 1296 1301 1303 1307 1311 1316 1322 1326 1332 1338 1342 1347 1359 1363 1367 1372 1377 1382 1388 1392 1397 1400 1405 1410 1416 1427 1429 1431 1433 1436 1439 1442 1451 1454 1459 1464 1472 1487 1500 1520 1534 1556 1559 1562 1565 1569 1572 1576 1581 1590 1593 1595 1597 1599 1602 1608 1611 1615 1619 1626 1629 1633 1638 1644 1648 1653 1659 1667 1678 1682 1692 1709 1720 1736 1775 1794 1819 1820 1830 1834 1835 1837 1839 1841 1845 1850 1854 1858 1861 1863 1865 1871 1876 1879 1887 1891 1892 1910 1932 1971 1987 2001 2003 2007 2010 2013 2015 2017 2021 2026 2030 2038 2044 2045 2061 2075 2086 2096 2113 2130 2132 2136 2139 2142 2144 2146 2150 2155 2159 2167 2173 2183 2189 2190 2206 2220 2237 2248 2249 2250 
CAd_fill: 0 1 2 5 7 9 12 16 21 24 27 29 31 34 39 44 47 49 52 55 57 60 63 67 73 80 84 87 90 92 94 97 100 105 108 111 113 115 118 122 127 130 133 135 137 140 145 150 155 159 161 164 167 169 172 175 179 185 192 196 199 202 204 206 209 212 217 220 225 231 237 240 243 247 252 256 259 263 267 273 278 282 286 291 297 302 312 326 330 335 341 345 349 354 360 367 371 375 380 382 385 389 394 400 403 408 414 420 424 430 436 440 443 447 452 455 458 462 467 472 476 482 488 492 497 508 513 517 522 528 532 538 542 547 551 555 560 566 576 581 583 585 588 590 593 601 605 609 614 621 635 649 669 683 706 710 713 716 720 723 727 732 740 744 747 749 751 754 759 762 766 770 777 780 783 788 794 798 803 809 817 828 833 841 858 869 874 876 879 881 883 885 888 891 894 896 898 901 903 908 913 917 920 923 926 930 934 938 945 949 953 957 961 965 975 978 979 981 983 986 991 995 999 1002 1005 1007 1011 1017 1021 1023 1025 1028 1030 1032 1034 1037 1040 1043 1045 1047 1050 1052 1057 1062 1066 1071 1077 1083 1086 1089 1093 1098 1102 1105 1109 1113 1119 1124 1128 1132 1137 1143 1148 1158 1172 1176 1181 1187 1191 1195 1200 1206 1213 1217 1221 1226 1228 1231 1235 1240 1246 1249 1254 1260 1266 1270 1276 1282 1286 1289 1293 1298 1301 1304 1308 1313 1318 1322 1328 1334 1338 1343 1354 1359 1363 1368 1374 1378 1384 1388 1393 1397 1401 1406 1412 1422 1427 1429 1431 1434 1436 1439 1447 1451 1455 1460 1467 1481 1495 1515 1529 1552 1556 1559 1562 1566 1569 1573 1578 1586 1590 1593 1595 1597 1600 1605 1608 1612 1616 1623 1626 1629 1634 1640 1644 1649 1655 1663 1674 1679 1687 1704 1715 1731 1770 1789 1815 1819 1826 1833 1834 1835 1837 1839 1842 1847 1851 1855 1858 1861 1863 1867 1873 1877 1884 1889 1891 1906 1929 1968 1985 1998 2001 2004 2007 2010 2013 2015 2018 2022 2027 2034 2040 2044 2058 2071 2083 2094 2112 2127 2130 2133 2136 2139 2142 2144 2147 2151 2156 2163 2169 2178 2185 2189 2203 2217 2235 2247 2248 2249 
div count is 914
ms count is 2209
div + ms count is 3123 the ideal cycle is 196
flops: 5332
SUCCESS: 初始化inst!
SUCCESS: 分配ocp!
SUCCESS: 分配ocp!
SUCCESS: Build Graph!
SUCCESS: Initialize waiting list!
SUCCESS: add ok to do list at time 0
SUCCESS: schedule at time0
SUCCESS: add waiting list
SUCCESS: add ok to do list at time 1
SUCCESS: schedule at time 1
newly_valid list is: 
SUCCESS: add waiting list
SUCCESS: add ok to do list at time 2
SUCCESS: schedule at time 2
newly_valid list is: 
SUCCESS: add waiting list
SUCCESS: add ok to do list at time 3
SUCCESS: schedule at time 3
newly_valid list is: 
SUCCESS: add waiting list
SUCCESS: add ok to do list at time 4
SUCCESS: schedule at time 4
newly_valid list is: 
SUCCESS: add waiting list
SUCCESS: add ok to do list at time 5
SUCCESS: schedule at time 5
newly_valid list is: 
SUCCESS: add waiting list
SUCCESS: add ok to do list at time 6
SUCCESS: schedule at time 6
newly_valid list is: 
SUCCESS: add waiting list
SUCCESS: add ok to do list at time 7
SUCCESS: schedule at time 7
newly_valid list is: 
SUCCESS: add waiting list
SUCCESS: add ok to do list at time 8
SUCCESS: schedule at time 8
newly_valid list is: 
SUCCESS: add waiting list
SUCCESS: add ok to do list at time 9
SUCCESS: schedule at time 9
newly_valid list is: 
SUCCESS: add waiting list
SUCCESS: add ok to do list at time 10
SUCCESS: schedule at time 10
newly_valid list is: 
SUCCESS: add waiting list
SUCCESS: add ok to do list at time 11
SUCCESS: schedule at time 11
newly_valid list is: 
SUCCESS: add waiting list
SUCCESS: add ok to do list at time 12
SUCCESS: schedule at time 12
newly_valid list is: 
SUCCESS: add waiting list
SUCCESS: add ok to do list at time 13
SUCCESS: schedule at time 13
newly_valid list is: 
SUCCESS: add waiting list
SUCCESS: add ok to do list at time 14
SUCCESS: schedule at time 14
newly_valid list is: 
SUCCESS: add waiting list
SUCCESS: add ok to do list at time 15
SUCCESS: schedule at time 15
newly_valid list is: 
SUCCESS: add waiting list
SUCCESS: add ok to do list at time 16
SUCCESS: schedule at time 16
newly_valid list is: 
SUCCESS: add waiting list
SUCCESS: add ok to do list at time 17
SUCCESS: schedule at time 17
newly_valid list is: 
SUCCESS: add waiting list
SUCCESS: add ok to do list at time 18
SUCCESS: schedule at time 18
newly_valid list is: 
SUCCESS: add waiting list
SUCCESS: add ok to do list at time 19
SUCCESS: schedule at time 19
newly_valid list is: 
SUCCESS: add waiting list
SUCCESS: add ok to do list at time 20
SUCCESS: schedule at time 20
newly_valid list is: 
SUCCESS: add waiting list
SUCCESS: add ok to do list at time 21
SUCCESS: schedule at time 21
newly_valid list is: 
SUCCESS: add waiting list
SUCCESS: add ok to do list at time 22
SUCCESS: schedule at time 22
newly_valid list is: 
SUCCESS: add waiting list
SUCCESS: add ok to do list at time 23
SUCCESS: schedule at time 23
newly_valid list is: 
SUCCESS: add waiting list
SUCCESS: add ok to do list at time 24
SUCCESS: schedule at time 24
newly_valid list is: 
SUCCESS: add waiting list
SUCCESS: add ok to do list at time 25
SUCCESS: schedule at time 25
newly_valid list is: 
SUCCESS: add waiting list
SUCCESS: add ok to do list at time 26
SUCCESS: schedule at time 26
newly_valid list is: 
SUCCESS: add waiting list
SUCCESS: add ok to do list at time 27
SUCCESS: schedule at time 27
newly_valid list is: 
SUCCESS: add waiting list
SUCCESS: add ok to do list at time 28
SUCCESS: schedule at time 28
newly_valid list is: 
SUCCESS: add waiting list
SUCCESS: add ok to do list at time 29
SUCCESS: schedule at time 29
newly_valid list is: 
SUCCESS: add waiting list
SUCCESS: add ok to do list at time 30
SUCCESS: schedule at time 30
newly_valid list is: 
SUCCESS: add waiting list
SUCCESS: add ok to do list at time 31
SUCCESS: schedule at time 31
newly_valid list is: 
SUCCESS: add waiting list
SUCCESS: add ok to do list at time 32
SUCCESS: schedule at time 32
newly_valid list is: 
SUCCESS: add waiting list
SUCCESS: add ok to do list at time 33
SUCCESS: schedule at time 33
newly_valid list is: 
SUCCESS: add waiting list
SUCCESS: add ok to do list at time 34
SUCCESS: schedule at time 34
newly_valid list is: 
SUCCESS: add waiting list
SUCCESS: add ok to do list at time 35
SUCCESS: schedule at time 35
newly_valid list is: 
SUCCESS: add waiting list
SUCCESS: add ok to do list at time 36
SUCCESS: schedule at time 36
newly_valid list is: 
SUCCESS: add waiting list
SUCCESS: add ok to do list at time 37
SUCCESS: schedule at time 37
newly_valid list is: 
SUCCESS: add waiting list
SUCCESS: add ok to do list at time 38
SUCCESS: schedule at time 38
newly_valid list is: 
SUCCESS: add waiting list
SUCCESS: add ok to do list at time 39
SUCCESS: schedule at time 39
newly_valid list is: 
SUCCESS: add waiting list
SUCCESS: add ok to do list at time 40
SUCCESS: schedule at time 40
newly_valid list is: 
SUCCESS: add waiting list
SUCCESS: add ok to do list at time 41
SUCCESS: schedule at time 41
newly_valid list is: 
SUCCESS: add waiting list
SUCCESS: add ok to do list at time 42
SUCCESS: schedule at time 42
newly_valid list is: 
SUCCESS: add waiting list
SUCCESS: add ok to do list at time 43
SUCCESS: schedule at time 43
newly_valid list is: 
SUCCESS: add waiting list
SUCCESS: add ok to do list at time 44
SUCCESS: schedule at time 44
newly_valid list is: 
SUCCESS: add waiting list
SUCCESS: add ok to do list at time 45
SUCCESS: schedule at time 45
newly_valid list is: 
SUCCESS: add waiting list
SUCCESS: add ok to do list at time 46
SUCCESS: schedule at time 46
newly_valid list is: 
SUCCESS: add waiting list
SUCCESS: add ok to do list at time 47
SUCCESS: schedule at time 47
newly_valid list is: 
SUCCESS: add waiting list
SUCCESS: add ok to do list at time 48
SUCCESS: schedule at time 48
newly_valid list is: 
SUCCESS: add waiting list
SUCCESS: add ok to do list at time 49
SUCCESS: schedule at time 49
newly_valid list is: 
SUCCESS: add waiting list
SUCCESS: add ok to do list at time 50
SUCCESS: schedule at time 50
newly_valid list is: 
SUCCESS: add waiting list
SUCCESS: add ok to do list at time 51
SUCCESS: schedule at time 51
newly_valid list is: 
SUCCESS: add waiting list
SUCCESS: add ok to do list at time 52
SUCCESS: schedule at time 52
newly_valid list is: 
SUCCESS: add waiting list
SUCCESS: add ok to do list at time 53
SUCCESS: schedule at time 53
newly_valid list is: 
SUCCESS: add waiting list
SUCCESS: add ok to do list at time 54
SUCCESS: schedule at time 54
newly_valid list is: 
SUCCESS: add waiting list
SUCCESS: add ok to do list at time 55
SUCCESS: schedule at time 55
newly_valid list is: 
SUCCESS: add waiting list
SUCCESS: add ok to do list at time 56
SUCCESS: schedule at time 56
newly_valid list is: 
SUCCESS: add waiting list
SUCCESS: add ok to do list at time 57
SUCCESS: schedule at time 57
newly_valid list is: 
SUCCESS: add waiting list
SUCCESS: add ok to do list at time 58
SUCCESS: schedule at time 58
newly_valid list is: 
SUCCESS: add waiting list
SUCCESS: add ok to do list at time 59
SUCCESS: schedule at time 59
newly_valid list is: 
SUCCESS: add waiting list
SUCCESS: add ok to do list at time 60
SUCCESS: schedule at time 60
newly_valid list is: 
SUCCESS: add waiting list
SUCCESS: add ok to do list at time 61
SUCCESS: schedule at time 61
newly_valid list is: 
SUCCESS: add waiting list
SUCCESS: add ok to do list at time 62
SUCCESS: schedule at time 62
newly_valid list is: 
SUCCESS: add waiting list
SUCCESS: add ok to do list at time 63
SUCCESS: schedule at time 63
newly_valid list is: 
SUCCESS: add waiting list
SUCCESS: add ok to do list at time 64
SUCCESS: schedule at time 64
newly_valid list is: 
SUCCESS: add waiting list
SUCCESS: add ok to do list at time 65
SUCCESS: schedule at time 65
newly_valid list is: 
SUCCESS: add waiting list
SUCCESS: add ok to do list at time 66
SUCCESS: schedule at time 66
newly_valid list is: 
SUCCESS: add waiting list
SUCCESS: add ok to do list at time 67
SUCCESS: schedule at time 67
newly_valid list is: 
SUCCESS: add waiting list
SUCCESS: add ok to do list at time 68
SUCCESS: schedule at time 68
newly_valid list is: 
SUCCESS: add waiting list
SUCCESS: add ok to do list at time 69
SUCCESS: schedule at time 69
newly_valid list is: 
SUCCESS: add waiting list
SUCCESS: add ok to do list at time 70
SUCCESS: schedule at time 70
newly_valid list is: 
SUCCESS: add waiting list
SUCCESS: add ok to do list at time 71
SUCCESS: schedule at time 71
newly_valid list is: 
SUCCESS: add waiting list
SUCCESS: add ok to do list at time 72
SUCCESS: schedule at time 72
newly_valid list is: 
SUCCESS: add waiting list
SUCCESS: add ok to do list at time 73
SUCCESS: schedule at time 73
newly_valid list is: 
SUCCESS: add waiting list
SUCCESS: add ok to do list at time 74
SUCCESS: schedule at time 74
newly_valid list is: 
SUCCESS: add waiting list
SUCCESS: add ok to do list at time 75
SUCCESS: schedule at time 75
newly_valid list is: 
SUCCESS: add waiting list
SUCCESS: add ok to do list at time 76
SUCCESS: schedule at time 76
newly_valid list is: 
SUCCESS: add waiting list
SUCCESS: add ok to do list at time 77
SUCCESS: schedule at time 77
newly_valid list is: 
SUCCESS: add waiting list
SUCCESS: add ok to do list at time 78
SUCCESS: schedule at time 78
newly_valid list is: 
SUCCESS: add waiting list
SUCCESS: add ok to do list at time 79
SUCCESS: schedule at time 79
newly_valid list is: 
SUCCESS: add waiting list
SUCCESS: add ok to do list at time 80
SUCCESS: schedule at time 80
newly_valid list is: 
SUCCESS: add waiting list
SUCCESS: add ok to do list at time 81
SUCCESS: schedule at time 81
newly_valid list is: 
SUCCESS: add waiting list
SUCCESS: add ok to do list at time 82
SUCCESS: schedule at time 82
newly_valid list is: 
SUCCESS: add waiting list
SUCCESS: add ok to do list at time 83
SUCCESS: schedule at time 83
newly_valid list is: 
SUCCESS: add waiting list
SUCCESS: add ok to do list at time 84
SUCCESS: schedule at time 84
newly_valid list is: 
SUCCESS: add waiting list
SUCCESS: add ok to do list at time 85
SUCCESS: schedule at time 85
newly_valid list is: 
SUCCESS: add waiting list
SUCCESS: add ok to do list at time 86
SUCCESS: schedule at time 86
newly_valid list is: 
SUCCESS: add waiting list
SUCCESS: add ok to do list at time 87
SUCCESS: schedule at time 87
newly_valid list is: 
SUCCESS: add waiting list
SUCCESS: add ok to do list at time 88
SUCCESS: schedule at time 88
newly_valid list is: 
SUCCESS: add waiting list
SUCCESS: add ok to do list at time 89
SUCCESS: schedule at time 89
newly_valid list is: 
SUCCESS: add waiting list
SUCCESS: add ok to do list at time 90
SUCCESS: schedule at time 90
newly_valid list is: 
SUCCESS: add waiting list
SUCCESS: add ok to do list at time 91
SUCCESS: schedule at time 91
newly_valid list is: 
SUCCESS: add waiting list
SUCCESS: add ok to do list at time 92
SUCCESS: schedule at time 92
newly_valid list is: 
SUCCESS: add waiting list
SUCCESS: add ok to do list at time 93
SUCCESS: schedule at time 93
newly_valid list is: 
SUCCESS: add waiting list
SUCCESS: add ok to do list at time 94
SUCCESS: schedule at time 94
newly_valid list is: 
SUCCESS: add waiting list
SUCCESS: add ok to do list at time 95
SUCCESS: schedule at time 95
newly_valid list is: 
SUCCESS: add waiting list
SUCCESS: add ok to do list at time 96
SUCCESS: schedule at time 96
newly_valid list is: 
SUCCESS: add waiting list
SUCCESS: add ok to do list at time 97
SUCCESS: schedule at time 97
newly_valid list is: 
SUCCESS: add waiting list
SUCCESS: add ok to do list at time 98
SUCCESS: schedule at time 98
newly_valid list is: 
SUCCESS: add waiting list
SUCCESS: add ok to do list at time 99
SUCCESS: schedule at time 99
newly_valid list is: 
SUCCESS: add waiting list
SUCCESS: add ok to do list at time 100
SUCCESS: schedule at time 100
newly_valid list is: 
SUCCESS: add waiting list
SUCCESS: add ok to do list at time 101
SUCCESS: schedule at time 101
newly_valid list is: 
SUCCESS: add waiting list
SUCCESS: add ok to do list at time 102
SUCCESS: schedule at time 102
newly_valid list is: 
SUCCESS: add waiting list
SUCCESS: add ok to do list at time 103
SUCCESS: schedule at time 103
newly_valid list is: 
SUCCESS: add waiting list
SUCCESS: add ok to do list at time 104
SUCCESS: schedule at time 104
newly_valid list is: 
SUCCESS: add waiting list
SUCCESS: add ok to do list at time 105
SUCCESS: schedule at time 105
newly_valid list is: 
SUCCESS: add waiting list
SUCCESS: add ok to do list at time 106
SUCCESS: schedule at time 106
newly_valid list is: 
SUCCESS: add waiting list
SUCCESS: add ok to do list at time 107
SUCCESS: schedule at time 107
newly_valid list is: 
SUCCESS: add waiting list
SUCCESS: add ok to do list at time 108
SUCCESS: schedule at time 108
newly_valid list is: 
SUCCESS: add waiting list
SUCCESS: add ok to do list at time 109
SUCCESS: schedule at time 109
newly_valid list is: 
SUCCESS: add waiting list
SUCCESS: add ok to do list at time 110
SUCCESS: schedule at time 110
newly_valid list is: 
SUCCESS: add waiting list
SUCCESS: add ok to do list at time 111
SUCCESS: schedule at time 111
newly_valid list is: 
SUCCESS: add waiting list
SUCCESS: add ok to do list at time 112
SUCCESS: schedule at time 112
newly_valid list is: 
SUCCESS: add waiting list
SUCCESS: add ok to do list at time 113
SUCCESS: schedule at time 113
newly_valid list is: 
SUCCESS: add waiting list
SUCCESS: add ok to do list at time 114
SUCCESS: schedule at time 114
newly_valid list is: 
SUCCESS: add waiting list
SUCCESS: add ok to do list at time 115
SUCCESS: schedule at time 115
newly_valid list is: 
SUCCESS: add waiting list
SUCCESS: add ok to do list at time 116
SUCCESS: schedule at time 116
newly_valid list is: 
SUCCESS: add waiting list
SUCCESS: add ok to do list at time 117
SUCCESS: schedule at time 117
newly_valid list is: 
SUCCESS: add waiting list
SUCCESS: add ok to do list at time 118
SUCCESS: schedule at time 118
newly_valid list is: 
SUCCESS: add waiting list
SUCCESS: add ok to do list at time 119
SUCCESS: schedule at time 119
newly_valid list is: 
SUCCESS: add waiting list
SUCCESS: add ok to do list at time 120
SUCCESS: schedule at time 120
newly_valid list is: 
SUCCESS: add waiting list
SUCCESS: add ok to do list at time 121
SUCCESS: schedule at time 121
newly_valid list is: 
SUCCESS: add waiting list
SUCCESS: add ok to do list at time 122
SUCCESS: schedule at time 122
newly_valid list is: 
SUCCESS: add waiting list
SUCCESS: add ok to do list at time 123
SUCCESS: schedule at time 123
newly_valid list is: 
SUCCESS: add waiting list
SUCCESS: add ok to do list at time 124
SUCCESS: schedule at time 124
newly_valid list is: 
SUCCESS: add waiting list
SUCCESS: add ok to do list at time 125
SUCCESS: schedule at time 125
newly_valid list is: 
SUCCESS: add waiting list
SUCCESS: add ok to do list at time 126
SUCCESS: schedule at time 126
newly_valid list is: 
SUCCESS: add waiting list
SUCCESS: add ok to do list at time 127
SUCCESS: schedule at time 127
newly_valid list is: 
SUCCESS: add waiting list
SUCCESS: add ok to do list at time 128
SUCCESS: schedule at time 128
newly_valid list is: 
SUCCESS: add waiting list
SUCCESS: add ok to do list at time 129
SUCCESS: schedule at time 129
newly_valid list is: 
SUCCESS: add waiting list
SUCCESS: add ok to do list at time 130
SUCCESS: schedule at time 130
newly_valid list is: 
SUCCESS: add waiting list
SUCCESS: add ok to do list at time 131
SUCCESS: schedule at time 131
newly_valid list is: 
SUCCESS: add waiting list
SUCCESS: add ok to do list at time 132
SUCCESS: schedule at time 132
newly_valid list is: 
SUCCESS: add waiting list
SUCCESS: add ok to do list at time 133
SUCCESS: schedule at time 133
newly_valid list is: 
SUCCESS: add waiting list
SUCCESS: add ok to do list at time 134
SUCCESS: schedule at time 134
newly_valid list is: 
SUCCESS: add waiting list
SUCCESS: add ok to do list at time 135
SUCCESS: schedule at time 135
newly_valid list is: 
SUCCESS: add waiting list
SUCCESS: add ok to do list at time 136
SUCCESS: schedule at time 136
newly_valid list is: 
SUCCESS: add waiting list
SUCCESS: add ok to do list at time 137
SUCCESS: schedule at time 137
newly_valid list is: 
SUCCESS: add waiting list
SUCCESS: add ok to do list at time 138
SUCCESS: schedule at time 138
newly_valid list is: 
SUCCESS: add waiting list
SUCCESS: add ok to do list at time 139
SUCCESS: schedule at time 139
newly_valid list is: 
SUCCESS: add waiting list
SUCCESS: add ok to do list at time 140
SUCCESS: schedule at time 140
newly_valid list is: 
SUCCESS: add waiting list
SUCCESS: add ok to do list at time 141
SUCCESS: schedule at time 141
newly_valid list is: 
SUCCESS: add waiting list
SUCCESS: add ok to do list at time 142
SUCCESS: schedule at time 142
newly_valid list is: 
SUCCESS: add waiting list
SUCCESS: add ok to do list at time 143
SUCCESS: schedule at time 143
newly_valid list is: 
SUCCESS: add waiting list
SUCCESS: add ok to do list at time 144
SUCCESS: schedule at time 144
newly_valid list is: 
SUCCESS: add waiting list
SUCCESS: add ok to do list at time 145
SUCCESS: schedule at time 145
newly_valid list is: 
SUCCESS: add waiting list
SUCCESS: add ok to do list at time 146
SUCCESS: schedule at time 146
newly_valid list is: 
SUCCESS: add waiting list
SUCCESS: add ok to do list at time 147
SUCCESS: schedule at time 147
newly_valid list is: 
SUCCESS: add waiting list
SUCCESS: add ok to do list at time 148
SUCCESS: schedule at time 148
newly_valid list is: 
SUCCESS: add waiting list
SUCCESS: add ok to do list at time 149
SUCCESS: schedule at time 149
newly_valid list is: 
SUCCESS: add waiting list
SUCCESS: add ok to do list at time 150
SUCCESS: schedule at time 150
newly_valid list is: 
SUCCESS: add waiting list
SUCCESS: add ok to do list at time 151
SUCCESS: schedule at time 151
newly_valid list is: 
SUCCESS: add waiting list
SUCCESS: add ok to do list at time 152
SUCCESS: schedule at time 152
newly_valid list is: 
SUCCESS: add waiting list
SUCCESS: add ok to do list at time 153
SUCCESS: schedule at time 153
newly_valid list is: 
SUCCESS: add waiting list
SUCCESS: add ok to do list at time 154
SUCCESS: schedule at time 154
newly_valid list is: 
SUCCESS: add waiting list
SUCCESS: add ok to do list at time 155
SUCCESS: schedule at time 155
newly_valid list is: 
SUCCESS: add waiting list
SUCCESS: add ok to do list at time 156
SUCCESS: schedule at time 156
newly_valid list is: 
SUCCESS: add waiting list
SUCCESS: add ok to do list at time 157
SUCCESS: schedule at time 157
newly_valid list is: 
SUCCESS: add waiting list
SUCCESS: add ok to do list at time 158
SUCCESS: schedule at time 158
newly_valid list is: 
SUCCESS: add waiting list
SUCCESS: add ok to do list at time 159
SUCCESS: schedule at time 159
newly_valid list is: 
SUCCESS: add waiting list
SUCCESS: add ok to do list at time 160
SUCCESS: schedule at time 160
newly_valid list is: 
SUCCESS: add waiting list
SUCCESS: add ok to do list at time 161
SUCCESS: schedule at time 161
newly_valid list is: 
SUCCESS: add waiting list
SUCCESS: add ok to do list at time 162
SUCCESS: schedule at time 162
newly_valid list is: 
SUCCESS: add waiting list
SUCCESS: add ok to do list at time 163
SUCCESS: schedule at time 163
newly_valid list is: 
SUCCESS: add waiting list
SUCCESS: add ok to do list at time 164
SUCCESS: schedule at time 164
newly_valid list is: 
SUCCESS: add waiting list
SUCCESS: add ok to do list at time 165
SUCCESS: schedule at time 165
newly_valid list is: 
SUCCESS: add waiting list
SUCCESS: add ok to do list at time 166
SUCCESS: schedule at time 166
newly_valid list is: 
SUCCESS: add waiting list
SUCCESS: add ok to do list at time 167
SUCCESS: schedule at time 167
newly_valid list is: 
SUCCESS: add waiting list
SUCCESS: add ok to do list at time 168
SUCCESS: schedule at time 168
newly_valid list is: 
SUCCESS: add waiting list
SUCCESS: add ok to do list at time 169
SUCCESS: schedule at time 169
newly_valid list is: 
SUCCESS: add waiting list
SUCCESS: add ok to do list at time 170
SUCCESS: schedule at time 170
newly_valid list is: 
SUCCESS: add waiting list
SUCCESS: add ok to do list at time 171
SUCCESS: schedule at time 171
newly_valid list is: 
SUCCESS: add waiting list
SUCCESS: add ok to do list at time 172
SUCCESS: schedule at time 172
newly_valid list is: 
SUCCESS: add waiting list
SUCCESS: add ok to do list at time 173
SUCCESS: schedule at time 173
newly_valid list is: 
SUCCESS: add waiting list
SUCCESS: add ok to do list at time 174
SUCCESS: schedule at time 174
newly_valid list is: 
SUCCESS: add waiting list
SUCCESS: add ok to do list at time 175
SUCCESS: schedule at time 175
newly_valid list is: 
SUCCESS: add waiting list
SUCCESS: add ok to do list at time 176
SUCCESS: schedule at time 176
newly_valid list is: 
SUCCESS: add waiting list
SUCCESS: add ok to do list at time 177
SUCCESS: schedule at time 177
newly_valid list is: 
SUCCESS: add waiting list
SUCCESS: add ok to do list at time 178
SUCCESS: schedule at time 178
newly_valid list is: 
SUCCESS: add waiting list
SUCCESS: add ok to do list at time 179
SUCCESS: schedule at time 179
newly_valid list is: 
SUCCESS: add waiting list
SUCCESS: add ok to do list at time 180
SUCCESS: schedule at time 180
newly_valid list is: 
SUCCESS: add waiting list
SUCCESS: add ok to do list at time 181
SUCCESS: schedule at time 181
newly_valid list is: 
SUCCESS: add waiting list
SUCCESS: add ok to do list at time 182
SUCCESS: schedule at time 182
newly_valid list is: 
SUCCESS: add waiting list
SUCCESS: add ok to do list at time 183
SUCCESS: schedule at time 183
newly_valid list is: 
SUCCESS: add waiting list
SUCCESS: add ok to do list at time 184
SUCCESS: schedule at time 184
newly_valid list is: 
SUCCESS: add waiting list
SUCCESS: add ok to do list at time 185
SUCCESS: schedule at time 185
newly_valid list is: 
SUCCESS: add waiting list
SUCCESS: add ok to do list at time 186
SUCCESS: schedule at time 186
newly_valid list is: 
SUCCESS: add waiting list
SUCCESS: add ok to do list at time 187
SUCCESS: schedule at time 187
newly_valid list is: 
SUCCESS: add waiting list
SUCCESS: add ok to do list at time 188
SUCCESS: schedule at time 188
newly_valid list is: 
SUCCESS: add waiting list
SUCCESS: add ok to do list at time 189
SUCCESS: schedule at time 189
newly_valid list is: 
SUCCESS: add waiting list
SUCCESS: add ok to do list at time 190
SUCCESS: schedule at time 190
newly_valid list is: 
SUCCESS: add waiting list
SUCCESS: add ok to do list at time 191
SUCCESS: schedule at time 191
newly_valid list is: 
SUCCESS: add waiting list
SUCCESS: add ok to do list at time 192
SUCCESS: schedule at time 192
newly_valid list is: 
SUCCESS: add waiting list
SUCCESS: add ok to do list at time 193
SUCCESS: schedule at time 193
newly_valid list is: 
SUCCESS: add waiting list
SUCCESS: add ok to do list at time 194
SUCCESS: schedule at time 194
newly_valid list is: 
SUCCESS: add waiting list
SUCCESS: add ok to do list at time 195
SUCCESS: schedule at time 195
newly_valid list is: 
SUCCESS: add waiting list
SUCCESS: add ok to do list at time 196
SUCCESS: schedule at time 196
newly_valid list is: 
SUCCESS: add waiting list
SUCCESS: add ok to do list at time 197
SUCCESS: schedule at time 197
newly_valid list is: 
SUCCESS: add waiting list
SUCCESS: add ok to do list at time 198
SUCCESS: schedule at time 198
newly_valid list is: 
SUCCESS: add waiting list
SUCCESS: add ok to do list at time 199
SUCCESS: schedule at time 199
newly_valid list is: 
SUCCESS: add waiting list
SUCCESS: add ok to do list at time 200
SUCCESS: schedule at time 200
newly_valid list is: 
SUCCESS: add waiting list
SUCCESS: add ok to do list at time 201
SUCCESS: schedule at time 201
newly_valid list is: 
SUCCESS: add waiting list
SUCCESS: add ok to do list at time 202
SUCCESS: schedule at time 202
newly_valid list is: 
SUCCESS: add waiting list
SUCCESS: add ok to do list at time 203
SUCCESS: schedule at time 203
newly_valid list is: 
SUCCESS: add waiting list
SUCCESS: add ok to do list at time 204
SUCCESS: schedule at time 204
newly_valid list is: 
SUCCESS: add waiting list
SUCCESS: add ok to do list at time 205
SUCCESS: schedule at time 205
newly_valid list is: 
SUCCESS: add waiting list
SUCCESS: add ok to do list at time 206
SUCCESS: schedule at time 206
newly_valid list is: 
SUCCESS: add waiting list
SUCCESS: add ok to do list at time 207
SUCCESS: schedule at time 207
newly_valid list is: 
SUCCESS: add waiting list
SUCCESS: add ok to do list at time 208
SUCCESS: schedule at time 208
newly_valid list is: 
SUCCESS: add waiting list
SUCCESS: add ok to do list at time 209
SUCCESS: schedule at time 209
newly_valid list is: 
SUCCESS: add waiting list
SUCCESS: add ok to do list at time 210
SUCCESS: schedule at time 210
newly_valid list is: 
SUCCESS: add waiting list
SUCCESS: add ok to do list at time 211
SUCCESS: schedule at time 211
newly_valid list is: 
SUCCESS: add waiting list
SUCCESS: add ok to do list at time 212
SUCCESS: schedule at time 212
newly_valid list is: 
SUCCESS: add waiting list
SUCCESS: add ok to do list at time 213
SUCCESS: schedule at time 213
newly_valid list is: 
SUCCESS: add waiting list
SUCCESS: add ok to do list at time 214
SUCCESS: schedule at time 214
newly_valid list is: 
SUCCESS: add waiting list
SUCCESS: add ok to do list at time 215
SUCCESS: schedule at time 215
newly_valid list is: 
SUCCESS: add waiting list
SUCCESS: add ok to do list at time 216
SUCCESS: schedule at time 216
newly_valid list is: 
SUCCESS: add waiting list
SUCCESS: add ok to do list at time 217
SUCCESS: schedule at time 217
newly_valid list is: 
SUCCESS: add waiting list
SUCCESS: add ok to do list at time 218
SUCCESS: schedule at time 218
newly_valid list is: 
SUCCESS: add waiting list
SUCCESS: add ok to do list at time 219
SUCCESS: schedule at time 219
newly_valid list is: 
SUCCESS: add waiting list
SUCCESS: add ok to do list at time 220
SUCCESS: schedule at time 220
newly_valid list is: 
SUCCESS: add waiting list
SUCCESS: add ok to do list at time 221
SUCCESS: schedule at time 221
newly_valid list is: 
SUCCESS: add waiting list
SUCCESS: add ok to do list at time 222
SUCCESS: schedule at time 222
newly_valid list is: 
SUCCESS: add waiting list
SUCCESS: add ok to do list at time 223
SUCCESS: schedule at time 223
newly_valid list is: 
SUCCESS: add waiting list
SUCCESS: add ok to do list at time 224
SUCCESS: schedule at time 224
newly_valid list is: 
SUCCESS: add waiting list
SUCCESS: add ok to do list at time 225
SUCCESS: schedule at time 225
newly_valid list is: 
SUCCESS: add waiting list
SUCCESS: add ok to do list at time 226
SUCCESS: schedule at time 226
newly_valid list is: 
SUCCESS: add waiting list
SUCCESS: add ok to do list at time 227
SUCCESS: schedule at time 227
newly_valid list is: 
SUCCESS: add waiting list
SUCCESS: add ok to do list at time 228
SUCCESS: schedule at time 228
newly_valid list is: 
SUCCESS: add waiting list
SUCCESS: add ok to do list at time 229
SUCCESS: schedule at time 229
newly_valid list is: 
SUCCESS: add waiting list
SUCCESS: add ok to do list at time 230
SUCCESS: schedule at time 230
newly_valid list is: 
SUCCESS: add waiting list
SUCCESS: add ok to do list at time 231
SUCCESS: schedule at time 231
newly_valid list is: 
SUCCESS: add waiting list
SUCCESS: add ok to do list at time 232
SUCCESS: schedule at time 232
newly_valid list is: 
SUCCESS: add waiting list
SUCCESS: add ok to do list at time 233
SUCCESS: schedule at time 233
newly_valid list is: 
SUCCESS: add waiting list
SUCCESS: add ok to do list at time 234
SUCCESS: schedule at time 234
newly_valid list is: 
SUCCESS: add waiting list
SUCCESS: add ok to do list at time 235
SUCCESS: schedule at time 235
newly_valid list is: 
SUCCESS: add waiting list
SUCCESS: add ok to do list at time 236
SUCCESS: schedule at time 236
newly_valid list is: 
SUCCESS: add waiting list
SUCCESS: add ok to do list at time 237
SUCCESS: schedule at time 237
newly_valid list is: 
SUCCESS: add waiting list
SUCCESS: add ok to do list at time 238
SUCCESS: schedule at time 238
newly_valid list is: 
SUCCESS: add waiting list
SUCCESS: add ok to do list at time 239
SUCCESS: schedule at time 239
newly_valid list is: 
SUCCESS: add waiting list
SUCCESS: add ok to do list at time 240
SUCCESS: schedule at time 240
newly_valid list is: 
SUCCESS: add waiting list
SUCCESS: add ok to do list at time 241
SUCCESS: schedule at time 241
newly_valid list is: 
SUCCESS: add waiting list
SUCCESS: add ok to do list at time 242
SUCCESS: schedule at time 242
newly_valid list is: 
SUCCESS: add waiting list
SUCCESS: add ok to do list at time 243
SUCCESS: schedule at time 243
newly_valid list is: 
SUCCESS: add waiting list
SUCCESS: add ok to do list at time 244
SUCCESS: schedule at time 244
newly_valid list is: 
SUCCESS: add waiting list
SUCCESS: add ok to do list at time 245
SUCCESS: schedule at time 245
newly_valid list is: 
SUCCESS: add waiting list
SUCCESS: add ok to do list at time 246
SUCCESS: schedule at time 246
newly_valid list is: 
SUCCESS: add waiting list
SUCCESS: add ok to do list at time 247
SUCCESS: schedule at time 247
newly_valid list is: 
SUCCESS: add waiting list
SUCCESS: add ok to do list at time 248
SUCCESS: schedule at time 248
newly_valid list is: 
SUCCESS: add waiting list
SUCCESS: add ok to do list at time 249
SUCCESS: schedule at time 249
newly_valid list is: 
SUCCESS: add waiting list
SUCCESS: add ok to do list at time 250
SUCCESS: schedule at time 250
newly_valid list is: 
SUCCESS: add waiting list
SUCCESS: add ok to do list at time 251
SUCCESS: schedule at time 251
newly_valid list is: 
SUCCESS: add waiting list
SUCCESS: add ok to do list at time 252
SUCCESS: schedule at time 252
newly_valid list is: 
SUCCESS: add waiting list
SUCCESS: add ok to do list at time 253
SUCCESS: schedule at time 253
newly_valid list is: 
SUCCESS: add waiting list
SUCCESS: add ok to do list at time 254
SUCCESS: schedule at time 254
newly_valid list is: 
SUCCESS: add waiting list
SUCCESS: add ok to do list at time 255
SUCCESS: schedule at time 255
newly_valid list is: 
SUCCESS: add waiting list
SUCCESS: add ok to do list at time 256
SUCCESS: schedule at time 256
newly_valid list is: 
SUCCESS: add waiting list
SUCCESS: add ok to do list at time 257
SUCCESS: schedule at time 257
newly_valid list is: 
SUCCESS: add waiting list
SUCCESS: add ok to do list at time 258
SUCCESS: schedule at time 258
newly_valid list is: 
SUCCESS: add waiting list
SUCCESS: add ok to do list at time 259
SUCCESS: schedule at time 259
newly_valid list is: 
SUCCESS: add waiting list
SUCCESS: add ok to do list at time 260
SUCCESS: schedule at time 260
newly_valid list is: 
SUCCESS: add waiting list
SUCCESS: add ok to do list at time 261
SUCCESS: schedule at time 261
newly_valid list is: 
SUCCESS: add waiting list
SUCCESS: add ok to do list at time 262
SUCCESS: schedule at time 262
newly_valid list is: 
SUCCESS: add waiting list
SUCCESS: add ok to do list at time 263
SUCCESS: schedule at time 263
newly_valid list is: 
SUCCESS: add waiting list
SUCCESS: add ok to do list at time 264
SUCCESS: schedule at time 264
newly_valid list is: 
SUCCESS: add waiting list
SUCCESS: add ok to do list at time 265
SUCCESS: schedule at time 265
newly_valid list is: 
SUCCESS: add waiting list
SUCCESS: add ok to do list at time 266
SUCCESS: schedule at time 266
newly_valid list is: 
SUCCESS: add waiting list
SUCCESS: add ok to do list at time 267
SUCCESS: schedule at time 267
newly_valid list is: 
SUCCESS: add waiting list
SUCCESS: add ok to do list at time 268
SUCCESS: schedule at time 268
newly_valid list is: 
SUCCESS: add waiting list
SUCCESS: add ok to do list at time 269
SUCCESS: schedule at time 269
newly_valid list is: 
SUCCESS: add waiting list
SUCCESS: add ok to do list at time 270
SUCCESS: schedule at time 270
newly_valid list is: 
SUCCESS: add waiting list
SUCCESS: add ok to do list at time 271
SUCCESS: schedule at time 271
newly_valid list is: 
SUCCESS: add waiting list
SUCCESS: add ok to do list at time 272
SUCCESS: schedule at time 272
newly_valid list is: 
SUCCESS: add waiting list
SUCCESS: add ok to do list at time 273
SUCCESS: schedule at time 273
newly_valid list is: 
SUCCESS: add waiting list
SUCCESS: add ok to do list at time 274
SUCCESS: schedule at time 274
newly_valid list is: 
SUCCESS: add waiting list
SUCCESS: add ok to do list at time 275
SUCCESS: schedule at time 275
newly_valid list is: 
SUCCESS: add waiting list
SUCCESS: add ok to do list at time 276
SUCCESS: schedule at time 276
newly_valid list is: 
SUCCESS: add waiting list
SUCCESS: add ok to do list at time 277
SUCCESS: schedule at time 277
newly_valid list is: 
SUCCESS: add waiting list
SUCCESS: add ok to do list at time 278
SUCCESS: schedule at time 278
newly_valid list is: 
SUCCESS: add waiting list
SUCCESS: add ok to do list at time 279
SUCCESS: schedule at time 279
newly_valid list is: 
SUCCESS: add waiting list
SUCCESS: add ok to do list at time 280
SUCCESS: schedule at time 280
newly_valid list is: 
SUCCESS: add waiting list
SUCCESS: add ok to do list at time 281
SUCCESS: schedule at time 281
newly_valid list is: 
SUCCESS: add waiting list
SUCCESS: add ok to do list at time 282
SUCCESS: schedule at time 282
newly_valid list is: 
SUCCESS: add waiting list
SUCCESS: add ok to do list at time 283
SUCCESS: schedule at time 283
newly_valid list is: 
SUCCESS: add waiting list
SUCCESS: add ok to do list at time 284
SUCCESS: schedule at time 284
newly_valid list is: 
SUCCESS: add waiting list
SUCCESS: add ok to do list at time 285
SUCCESS: schedule at time 285
newly_valid list is: 
SUCCESS: add waiting list
SUCCESS: add ok to do list at time 286
SUCCESS: schedule at time 286
newly_valid list is: 
SUCCESS: add waiting list
SUCCESS: add ok to do list at time 287
SUCCESS: schedule at time 287
newly_valid list is: 
SUCCESS: add waiting list
SUCCESS: add ok to do list at time 288
SUCCESS: schedule at time 288
newly_valid list is: 
SUCCESS: add waiting list
SUCCESS: add ok to do list at time 289
SUCCESS: schedule at time 289
newly_valid list is: 
SUCCESS: add waiting list
SUCCESS: add ok to do list at time 290
SUCCESS: schedule at time 290
newly_valid list is: 
SUCCESS: add waiting list
SUCCESS: add ok to do list at time 291
SUCCESS: schedule at time 291
newly_valid list is: 
SUCCESS: add waiting list
SUCCESS: add ok to do list at time 292
SUCCESS: schedule at time 292
newly_valid list is: 
SUCCESS: add waiting list
SUCCESS: add ok to do list at time 293
SUCCESS: schedule at time 293
newly_valid list is: 
SUCCESS: add waiting list
SUCCESS: add ok to do list at time 294
SUCCESS: schedule at time 294
newly_valid list is: 
SUCCESS: add waiting list
SUCCESS: add ok to do list at time 295
SUCCESS: schedule at time 295
newly_valid list is: 
SUCCESS: add waiting list
SUCCESS: add ok to do list at time 296
SUCCESS: schedule at time 296
newly_valid list is: 
SUCCESS: add waiting list
SUCCESS: add ok to do list at time 297
SUCCESS: schedule at time 297
newly_valid list is: 
SUCCESS: add waiting list
SUCCESS: add ok to do list at time 298
SUCCESS: schedule at time 298
newly_valid list is: 
SUCCESS: add waiting list
SUCCESS: add ok to do list at time 299
SUCCESS: schedule at time 299
newly_valid list is: 
SUCCESS: add waiting list
SUCCESS: add ok to do list at time 300
SUCCESS: schedule at time 300
newly_valid list is: 
SUCCESS: add waiting list
SUCCESS: add ok to do list at time 301
SUCCESS: schedule at time 301
newly_valid list is: 
SUCCESS: add waiting list
SUCCESS: add ok to do list at time 302
SUCCESS: schedule at time 302
newly_valid list is: 
SUCCESS: add waiting list
SUCCESS: add ok to do list at time 303
SUCCESS: schedule at time 303
newly_valid list is: 
SUCCESS: add waiting list
SUCCESS: add ok to do list at time 304
SUCCESS: schedule at time 304
newly_valid list is: 
SUCCESS: add waiting list
SUCCESS: add ok to do list at time 305
SUCCESS: schedule at time 305
newly_valid list is: 
SUCCESS: add waiting list
SUCCESS: add ok to do list at time 306
SUCCESS: schedule at time 306
newly_valid list is: 
SUCCESS: add waiting list
SUCCESS: add ok to do list at time 307
SUCCESS: schedule at time 307
newly_valid list is: 
SUCCESS: add waiting list
SUCCESS: add ok to do list at time 308
SUCCESS: schedule at time 308
newly_valid list is: 
SUCCESS: add waiting list
SUCCESS: add ok to do list at time 309
SUCCESS: schedule at time 309
newly_valid list is: 
SUCCESS: add waiting list
SUCCESS: add ok to do list at time 310
SUCCESS: schedule at time 310
newly_valid list is: 
SUCCESS: add waiting list
SUCCESS: add ok to do list at time 311
SUCCESS: schedule at time 311
newly_valid list is: 
SUCCESS: add waiting list
SUCCESS: add ok to do list at time 312
SUCCESS: schedule at time 312
newly_valid list is: 
SUCCESS: add waiting list
SUCCESS: add ok to do list at time 313
SUCCESS: schedule at time 313
newly_valid list is: 
SUCCESS: add waiting list
SUCCESS: add ok to do list at time 314
SUCCESS: schedule at time 314
newly_valid list is: 
SUCCESS: add waiting list
SUCCESS: add ok to do list at time 315
SUCCESS: schedule at time 315
newly_valid list is: 
SUCCESS: add waiting list
SUCCESS: add ok to do list at time 316
SUCCESS: schedule at time 316
newly_valid list is: 
SUCCESS: add waiting list
SUCCESS: add ok to do list at time 317
SUCCESS: schedule at time 317
newly_valid list is: 
SUCCESS: add waiting list
SUCCESS: add ok to do list at time 318
SUCCESS: schedule at time 318
newly_valid list is: 
SUCCESS: add waiting list
SUCCESS: add ok to do list at time 319
SUCCESS: schedule at time 319
newly_valid list is: 
SUCCESS: add waiting list
SUCCESS: add ok to do list at time 320
SUCCESS: schedule at time 320
newly_valid list is: 
SUCCESS: add waiting list
SUCCESS: add ok to do list at time 321
SUCCESS: schedule at time 321
newly_valid list is: 
SUCCESS: add waiting list
SUCCESS: add ok to do list at time 322
SUCCESS: schedule at time 322
newly_valid list is: 
SUCCESS: add waiting list
SUCCESS: add ok to do list at time 323
SUCCESS: schedule at time 323
newly_valid list is: 
SUCCESS: add waiting list
SUCCESS: add ok to do list at time 324
SUCCESS: schedule at time 324
newly_valid list is: 
SUCCESS: add waiting list
SUCCESS: add ok to do list at time 325
SUCCESS: schedule at time 325
newly_valid list is: 
SUCCESS: add waiting list
SUCCESS: add ok to do list at time 326
SUCCESS: schedule at time 326
newly_valid list is: 
SUCCESS: add waiting list
SUCCESS: add ok to do list at time 327
SUCCESS: schedule at time 327
newly_valid list is: 
SUCCESS: add waiting list
SUCCESS: add ok to do list at time 328
SUCCESS: schedule at time 328
newly_valid list is: 
SUCCESS: add waiting list
SUCCESS: add ok to do list at time 329
SUCCESS: schedule at time 329
newly_valid list is: 
SUCCESS: add waiting list
SUCCESS: add ok to do list at time 330
SUCCESS: schedule at time 330
newly_valid list is: 
SUCCESS: add waiting list
SUCCESS: add ok to do list at time 331
SUCCESS: schedule at time 331
newly_valid list is: 
SUCCESS: add waiting list
SUCCESS: add ok to do list at time 332
SUCCESS: schedule at time 332
newly_valid list is: 
SUCCESS: add waiting list
SUCCESS: add ok to do list at time 333
SUCCESS: schedule at time 333
newly_valid list is: 
SUCCESS: add waiting list
SUCCESS: add ok to do list at time 334
SUCCESS: schedule at time 334
newly_valid list is: 
SUCCESS: add waiting list
SUCCESS: add ok to do list at time 335
SUCCESS: schedule at time 335
newly_valid list is: 
SUCCESS: add waiting list
SUCCESS: add ok to do list at time 336
SUCCESS: schedule at time 336
newly_valid list is: 
SUCCESS: add waiting list
SUCCESS: add ok to do list at time 337
SUCCESS: schedule at time 337
newly_valid list is: 
SUCCESS: add waiting list
SUCCESS: add ok to do list at time 338
SUCCESS: schedule at time 338
newly_valid list is: 
SUCCESS: add waiting list
SUCCESS: add ok to do list at time 339
SUCCESS: schedule at time 339
newly_valid list is: 
SUCCESS: add waiting list
SUCCESS: add ok to do list at time 340
SUCCESS: schedule at time 340
newly_valid list is: 
SUCCESS: add waiting list
SUCCESS: add ok to do list at time 341
SUCCESS: schedule at time 341
newly_valid list is: 
SUCCESS: add waiting list
SUCCESS: add ok to do list at time 342
SUCCESS: schedule at time 342
newly_valid list is: 
SUCCESS: add waiting list
SUCCESS: add ok to do list at time 343
SUCCESS: schedule at time 343
newly_valid list is: 
SUCCESS: add waiting list
SUCCESS: add ok to do list at time 344
SUCCESS: schedule at time 344
newly_valid list is: 
SUCCESS: add waiting list
SUCCESS: add ok to do list at time 345
SUCCESS: schedule at time 345
newly_valid list is: 
SUCCESS: add waiting list
SUCCESS: add ok to do list at time 346
SUCCESS: schedule at time 346
newly_valid list is: 
SUCCESS: add waiting list
SUCCESS: add ok to do list at time 347
SUCCESS: schedule at time 347
newly_valid list is: 
SUCCESS: add waiting list
SUCCESS: add ok to do list at time 348
SUCCESS: schedule at time 348
newly_valid list is: 
SUCCESS: add waiting list
SUCCESS: add ok to do list at time 349
SUCCESS: schedule at time 349
newly_valid list is: 
SUCCESS: add waiting list
SUCCESS: add ok to do list at time 350
SUCCESS: schedule at time 350
newly_valid list is: 
SUCCESS: add waiting list
SUCCESS: add ok to do list at time 351
SUCCESS: schedule at time 351
newly_valid list is: 
SUCCESS: add waiting list
SUCCESS: add ok to do list at time 352
SUCCESS: schedule at time 352
newly_valid list is: 
SUCCESS: add waiting list
SUCCESS: add ok to do list at time 353
SUCCESS: schedule at time 353
newly_valid list is: 
SUCCESS: add waiting list
SUCCESS: add ok to do list at time 354
SUCCESS: schedule at time 354
newly_valid list is: 
SUCCESS: add waiting list
SUCCESS: add ok to do list at time 355
SUCCESS: schedule at time 355
newly_valid list is: 
SUCCESS: add waiting list
SUCCESS: add ok to do list at time 356
SUCCESS: schedule at time 356
newly_valid list is: 
SUCCESS: add waiting list
SUCCESS: add ok to do list at time 357
SUCCESS: schedule at time 357
newly_valid list is: 
SUCCESS: add waiting list
SUCCESS: add ok to do list at time 358
SUCCESS: schedule at time 358
newly_valid list is: 
SUCCESS: add waiting list
SUCCESS: add ok to do list at time 359
SUCCESS: schedule at time 359
newly_valid list is: 
SUCCESS: add waiting list
SUCCESS: add ok to do list at time 360
SUCCESS: schedule at time 360
newly_valid list is: 
SUCCESS: add waiting list
SUCCESS: add ok to do list at time 361
SUCCESS: schedule at time 361
newly_valid list is: 
SUCCESS: add waiting list
SUCCESS: add ok to do list at time 362
SUCCESS: schedule at time 362
newly_valid list is: 
SUCCESS: add waiting list
SUCCESS: add ok to do list at time 363
SUCCESS: schedule at time 363
newly_valid list is: 
SUCCESS: add waiting list
SUCCESS: add ok to do list at time 364
SUCCESS: schedule at time 364
newly_valid list is: 
SUCCESS: add waiting list
SUCCESS: add ok to do list at time 365
SUCCESS: schedule at time 365
newly_valid list is: 
SUCCESS: add waiting list
SUCCESS: add ok to do list at time 366
SUCCESS: schedule at time 366
newly_valid list is: 
SUCCESS: add waiting list
SUCCESS: add ok to do list at time 367
SUCCESS: schedule at time 367
newly_valid list is: 
SUCCESS: add waiting list
SUCCESS: add ok to do list at time 368
SUCCESS: schedule at time 368
newly_valid list is: 
SUCCESS: add waiting list
SUCCESS: add ok to do list at time 369
SUCCESS: schedule at time 369
newly_valid list is: 
SUCCESS: add waiting list
SUCCESS: add ok to do list at time 370
SUCCESS: schedule at time 370
newly_valid list is: 
SUCCESS: add waiting list
SUCCESS: add ok to do list at time 371
SUCCESS: schedule at time 371
newly_valid list is: 
SUCCESS: add waiting list
SUCCESS: add ok to do list at time 372
SUCCESS: schedule at time 372
newly_valid list is: 
SUCCESS: add waiting list
SUCCESS: add ok to do list at time 373
SUCCESS: schedule at time 373
newly_valid list is: 
SUCCESS: add waiting list
SUCCESS: add ok to do list at time 374
SUCCESS: schedule at time 374
newly_valid list is: 
SUCCESS: add waiting list
SUCCESS: add ok to do list at time 375
SUCCESS: schedule at time 375
newly_valid list is: 
SUCCESS: add waiting list
SUCCESS: add ok to do list at time 376
SUCCESS: schedule at time 376
newly_valid list is: 
SUCCESS: add waiting list
SUCCESS: add ok to do list at time 377
SUCCESS: schedule at time 377
newly_valid list is: 
SUCCESS: add waiting list
SUCCESS: add ok to do list at time 378
SUCCESS: schedule at time 378
newly_valid list is: 
SUCCESS: add waiting list
SUCCESS: add ok to do list at time 379
SUCCESS: schedule at time 379
newly_valid list is: 
SUCCESS: add waiting list
SUCCESS: add ok to do list at time 380
SUCCESS: schedule at time 380
newly_valid list is: 
SUCCESS: add waiting list
SUCCESS: add ok to do list at time 381
SUCCESS: schedule at time 381
newly_valid list is: 
SUCCESS: add waiting list
SUCCESS: add ok to do list at time 382
SUCCESS: schedule at time 382
newly_valid list is: 
SUCCESS: add waiting list
SUCCESS: add ok to do list at time 383
SUCCESS: schedule at time 383
newly_valid list is: 
SUCCESS: add waiting list
SUCCESS: add ok to do list at time 384
SUCCESS: schedule at time 384
newly_valid list is: 
SUCCESS: add waiting list
SUCCESS: add ok to do list at time 385
SUCCESS: schedule at time 385
newly_valid list is: 
SUCCESS: add waiting list
SUCCESS: add ok to do list at time 386
SUCCESS: schedule at time 386
newly_valid list is: 
SUCCESS: add waiting list
SUCCESS: add ok to do list at time 387
SUCCESS: schedule at time 387
newly_valid list is: 
SUCCESS: add waiting list
SUCCESS: add ok to do list at time 388
SUCCESS: schedule at time 388
newly_valid list is: 
SUCCESS: add waiting list
SUCCESS: add ok to do list at time 389
SUCCESS: schedule at time 389
newly_valid list is: 
SUCCESS: add waiting list
SUCCESS: add ok to do list at time 390
SUCCESS: schedule at time 390
newly_valid list is: 
SUCCESS: add waiting list
SUCCESS: add ok to do list at time 391
SUCCESS: schedule at time 391
newly_valid list is: 
SUCCESS: add waiting list
SUCCESS: add ok to do list at time 392
SUCCESS: schedule at time 392
newly_valid list is: 
SUCCESS: add waiting list
SUCCESS: add ok to do list at time 393
SUCCESS: schedule at time 393
newly_valid list is: 
SUCCESS: add waiting list
SUCCESS: add ok to do list at time 394
SUCCESS: schedule at time 394
newly_valid list is: 
SUCCESS: add waiting list
SUCCESS: add ok to do list at time 395
SUCCESS: schedule at time 395
newly_valid list is: 
SUCCESS: add waiting list
SUCCESS: add ok to do list at time 396
SUCCESS: schedule at time 396
newly_valid list is: 
SUCCESS: add waiting list
SUCCESS: add ok to do list at time 397
SUCCESS: schedule at time 397
newly_valid list is: 
SUCCESS: add waiting list
SUCCESS: add ok to do list at time 398
SUCCESS: schedule at time 398
newly_valid list is: 
SUCCESS: add waiting list
SUCCESS: add ok to do list at time 399
SUCCESS: schedule at time 399
newly_valid list is: 
SUCCESS: add waiting list
SUCCESS: add ok to do list at time 400
SUCCESS: schedule at time 400
newly_valid list is: 
SUCCESS: add waiting list
SUCCESS: add ok to do list at time 401
SUCCESS: schedule at time 401
newly_valid list is: 
SUCCESS: add waiting list
SUCCESS: add ok to do list at time 402
SUCCESS: schedule at time 402
newly_valid list is: 
SUCCESS: add waiting list
SUCCESS: add ok to do list at time 403
SUCCESS: schedule at time 403
newly_valid list is: 
SUCCESS: add waiting list
SUCCESS: add ok to do list at time 404
SUCCESS: schedule at time 404
newly_valid list is: 
SUCCESS: add waiting list
SUCCESS: add ok to do list at time 405
SUCCESS: schedule at time 405
newly_valid list is: 
SUCCESS: add waiting list
SUCCESS: add ok to do list at time 406
SUCCESS: schedule at time 406
newly_valid list is: 
SUCCESS: add waiting list
SUCCESS: add ok to do list at time 407
SUCCESS: schedule at time 407
newly_valid list is: 
SUCCESS: add waiting list
SUCCESS: add ok to do list at time 408
SUCCESS: schedule at time 408
newly_valid list is: 
SUCCESS: add waiting list
SUCCESS: add ok to do list at time 409
SUCCESS: schedule at time 409
newly_valid list is: 
SUCCESS: add waiting list
SUCCESS: add ok to do list at time 410
SUCCESS: schedule at time 410
newly_valid list is: 
SUCCESS: add waiting list
SUCCESS: add ok to do list at time 411
SUCCESS: schedule at time 411
newly_valid list is: 
SUCCESS: add waiting list
SUCCESS: add ok to do list at time 412
SUCCESS: schedule at time 412
newly_valid list is: 
SUCCESS: add waiting list
SUCCESS: add ok to do list at time 413
SUCCESS: schedule at time 413
newly_valid list is: 
SUCCESS: add waiting list
SUCCESS: add ok to do list at time 414
SUCCESS: schedule at time 414
newly_valid list is: 
SUCCESS: add waiting list
SUCCESS: add ok to do list at time 415
SUCCESS: schedule at time 415
newly_valid list is: 
SUCCESS: add waiting list
SUCCESS: add ok to do list at time 416
SUCCESS: schedule at time 416
newly_valid list is: 
SUCCESS: add waiting list
SUCCESS: add ok to do list at time 417
SUCCESS: schedule at time 417
newly_valid list is: 
SUCCESS: add waiting list
SUCCESS: add ok to do list at time 418
SUCCESS: schedule at time 418
newly_valid list is: 
SUCCESS: add waiting list
SUCCESS: add ok to do list at time 419
SUCCESS: schedule at time 419
newly_valid list is: 
SUCCESS: add waiting list
SUCCESS: add ok to do list at time 420
SUCCESS: schedule at time 420
newly_valid list is: 
SUCCESS: add waiting list
SUCCESS: add ok to do list at time 421
SUCCESS: schedule at time 421
newly_valid list is: 
SUCCESS: add waiting list
SUCCESS: add ok to do list at time 422
SUCCESS: schedule at time 422
newly_valid list is: 
SUCCESS: add waiting list
SUCCESS: add ok to do list at time 423
SUCCESS: schedule at time 423
newly_valid list is: 
SUCCESS: add waiting list
SUCCESS: add ok to do list at time 424
SUCCESS: schedule at time 424
newly_valid list is: 
SUCCESS: add waiting list
SUCCESS: add ok to do list at time 425
SUCCESS: schedule at time 425
newly_valid list is: 
SUCCESS: add waiting list
SUCCESS: add ok to do list at time 426
SUCCESS: schedule at time 426
newly_valid list is: 
SUCCESS: add waiting list
SUCCESS: add ok to do list at time 427
SUCCESS: schedule at time 427
newly_valid list is: 
SUCCESS: add waiting list
SUCCESS: add ok to do list at time 428
SUCCESS: schedule at time 428
newly_valid list is: 
SUCCESS: add waiting list
SUCCESS: add ok to do list at time 429
SUCCESS: schedule at time 429
newly_valid list is: 
SUCCESS: add waiting list
SUCCESS: add ok to do list at time 430
SUCCESS: schedule at time 430
newly_valid list is: 
SUCCESS: add waiting list
SUCCESS: add ok to do list at time 431
SUCCESS: schedule at time 431
newly_valid list is: 
SUCCESS: add waiting list
SUCCESS: add ok to do list at time 432
SUCCESS: schedule at time 432
newly_valid list is: 
SUCCESS: add waiting list
SUCCESS: add ok to do list at time 433
SUCCESS: schedule at time 433
newly_valid list is: 
SUCCESS: add waiting list
SUCCESS: add ok to do list at time 434
SUCCESS: schedule at time 434
newly_valid list is: 
SUCCESS: add waiting list
SUCCESS: add ok to do list at time 435
SUCCESS: schedule at time 435
newly_valid list is: 
SUCCESS: add waiting list
SUCCESS: add ok to do list at time 436
SUCCESS: schedule at time 436
newly_valid list is: 
SUCCESS: add waiting list
SUCCESS: add ok to do list at time 437
SUCCESS: schedule at time 437
newly_valid list is: 
SUCCESS: add waiting list
SUCCESS: add ok to do list at time 438
SUCCESS: schedule at time 438
newly_valid list is: 
SUCCESS: add waiting list
SUCCESS: add ok to do list at time 439
SUCCESS: schedule at time 439
newly_valid list is: 
SUCCESS: add waiting list
SUCCESS: add ok to do list at time 440
SUCCESS: schedule at time 440
newly_valid list is: 
SUCCESS: add waiting list
SUCCESS: add ok to do list at time 441
SUCCESS: schedule at time 441
newly_valid list is: 
SUCCESS: add waiting list
SUCCESS: add ok to do list at time 442
SUCCESS: schedule at time 442
newly_valid list is: 
SUCCESS: add waiting list
SUCCESS: add ok to do list at time 443
SUCCESS: schedule at time 443
newly_valid list is: 
SUCCESS: add waiting list
SUCCESS: add ok to do list at time 444
SUCCESS: schedule at time 444
newly_valid list is: 
SUCCESS: add waiting list
SUCCESS: add ok to do list at time 445
SUCCESS: schedule at time 445
newly_valid list is: 
SUCCESS: add waiting list
SUCCESS: add ok to do list at time 446
SUCCESS: schedule at time 446
newly_valid list is: 
SUCCESS: add waiting list
SUCCESS: add ok to do list at time 447
SUCCESS: schedule at time 447
newly_valid list is: 
SUCCESS: add waiting list
SUCCESS: add ok to do list at time 448
SUCCESS: schedule at time 448
newly_valid list is: 
SUCCESS: add waiting list
SUCCESS: add ok to do list at time 449
SUCCESS: schedule at time 449
Begin: Second Schedule!
ok to do list is: 
<-1,2217,2218,1> 
<-1,2217,2219,1> 
waiting list is: 
SUCCESS: evict! the nodes are 
0 node: 2083
<2082,2072,2083,0> 
1 node: 2084
<2082,2073,2084,0> 
<-1,2083,2084,1> 
2 node: 2085
<2082,2074,2085,0> 
<-1,2083,2085,1> 
3 node: 2093
<2092,2072,2093,0> 
4 node: 2094
<2092,2073,2094,0> 
<2093,2084,2094,0> 
5 node: 2095
<2092,2074,2095,0> 
<2093,2085,2095,0> 
<-1,2094,2095,1> 
6 node: 2110
<2109,2072,2110,0> 
7 node: 2111
<2109,2073,2111,0> 
<2110,2084,2111,0> 
8 node: 2112
<2109,2074,2112,0> 
<2110,2085,2112,0> 
<2111,2095,2112,0> 
9 node: 2218
<-1,2217,2218,1> 
10 node: 2219
<-1,2217,2219,1> 
11 node: 2235
<2234,2218,2235,0> 
12 node: 2236
<2234,2219,2236,0> 
<-1,2235,2236,1> 
13 node: 2246
<2245,2218,2246,0> 
14 node: 2247
<2245,2219,2247,0> 
<2246,2236,2247,0> 
the priority is: 27 15 11 15 8 6 9 5 3 9 7 5 4 3 2 
before sorted Results:
Node: 2083
<2082,2072,2083,0> 
Node: 2084
<2082,2073,2084,0> 
<-1,2083,2084,1> 
Node: 2085
<2082,2074,2085,0> 
<-1,2083,2085,1> 
Node: 2093
<2092,2072,2093,0> 
Node: 2094
<2092,2073,2094,0> 
<2093,2084,2094,0> 
Node: 2095
<2092,2074,2095,0> 
<2093,2085,2095,0> 
<-1,2094,2095,1> 
Node: 2110
<2109,2072,2110,0> 
Node: 2111
<2109,2073,2111,0> 
<2110,2084,2111,0> 
Node: 2112
<2109,2074,2112,0> 
<2110,2085,2112,0> 
<2111,2095,2112,0> 
Node: 2218
<-1,2217,2218,1> 
Node: 2219
<-1,2217,2219,1> 
Node: 2235
<2234,2218,2235,0> 
Node: 2236
<2234,2219,2236,0> 
<-1,2235,2236,1> 
Node: 2246
<2245,2218,2246,0> 
Node: 2247
<2245,2219,2247,0> 
<2246,2236,2247,0> 

sorted Results:
Node: 2083
<2082,2072,2083,0> 
Node: 2084
<2082,2073,2084,0> 
<-1,2083,2084,1> 
Node: 2093
<2092,2072,2093,0> 
Node: 2085
<2082,2074,2085,0> 
<-1,2083,2085,1> 
Node: 2110
<2109,2072,2110,0> 
Node: 2218
<-1,2217,2218,1> 
Node: 2094
<2092,2073,2094,0> 
<2093,2084,2094,0> 
Node: 2219
<-1,2217,2219,1> 
Node: 2095
<2092,2074,2095,0> 
<2093,2085,2095,0> 
<-1,2094,2095,1> 
Node: 2111
<2109,2073,2111,0> 
<2110,2084,2111,0> 
Node: 2235
<2234,2218,2235,0> 
Node: 2236
<2234,2219,2236,0> 
<-1,2235,2236,1> 
Node: 2112
<2109,2074,2112,0> 
<2110,2085,2112,0> 
<2111,2095,2112,0> 
Node: 2246
<2245,2218,2246,0> 
Node: 2247
<2245,2219,2247,0> 
<2246,2236,2247,0> 
only_div: 1 0 1 0 1 1 0 1 0 0 1 0 0 1 0 
sch2 time is 450
SUCCESS: schedule at time: 450
ok_to_sub: 0 0 0 0 0 0 0 0 0 0 0 0 0 0 0 
ok_to_wb: 0 0 0 0 0 0 0 0 0 0 0 0 0 0 0 
ok_to_wb_time: 0 0 0 0 0 0 0 0 0 0 0 0 0 0 0 
SUCCESS: schedule at time: 451
ok_to_sub: 0 0 0 0 0 0 0 0 0 0 0 0 0 0 0 
ok_to_wb: 0 0 0 0 0 0 0 0 0 0 0 0 0 0 0 
ok_to_wb_time: 0 0 0 0 0 0 0 0 0 0 0 0 0 0 0 
SUCCESS: schedule at time: 452
ok_to_sub: 0 0 0 0 0 0 0 0 0 0 0 0 0 0 0 
ok_to_wb: 0 0 0 0 0 0 0 0 0 0 0 0 0 0 0 
ok_to_wb_time: 0 0 0 0 0 0 0 0 0 0 0 0 0 0 0 
SUCCESS: schedule at time: 453
ok_to_sub: 0 0 0 0 0 0 0 0 0 0 0 0 0 0 0 
ok_to_wb: 0 0 0 0 0 0 0 0 0 0 0 0 0 0 0 
ok_to_wb_time: 0 0 0 0 0 0 0 0 0 0 0 0 0 0 0 
SUCCESS: schedule at time: 454
ok_to_sub: 0 0 0 0 0 0 0 0 0 0 0 0 0 0 0 
ok_to_wb: 0 0 0 0 0 0 0 0 0 0 0 0 0 0 0 
ok_to_wb_time: 0 0 0 0 0 0 0 0 0 0 0 0 0 0 0 
SUCCESS: schedule at time: 455
ok_to_sub: 0 0 0 0 0 0 0 0 0 0 0 0 0 0 0 
ok_to_wb: 0 0 0 0 0 0 0 0 0 0 0 0 0 0 0 
ok_to_wb_time: 0 0 0 0 0 0 0 0 0 0 0 0 0 0 0 
SUCCESS: schedule at time: 456
ok_to_sub: 0 0 0 0 0 0 0 0 0 0 0 0 0 0 0 
ok_to_wb: 0 0 0 0 0 0 0 0 0 0 0 0 0 0 0 
ok_to_wb_time: 0 0 0 0 0 0 0 0 0 0 0 0 0 0 0 
SUCCESS: schedule at time: 457
ok_to_sub: 1 1 1 1 1 0 0 0 0 0 0 0 0 0 0 
ok_to_wb: 0 0 0 0 0 0 0 0 0 0 0 0 0 0 0 
ok_to_wb_time: 0 0 0 0 0 0 0 0 0 0 0 0 0 0 0 
SUCCESS: schedule at time: 458
ok_to_sub: 1 1 1 1 1 0 0 0 0 0 0 0 0 0 0 
ok_to_wb: 0 0 0 0 0 0 0 0 0 0 0 0 0 0 0 
ok_to_wb_time: 0 0 0 0 0 0 0 0 0 0 0 0 0 0 0 
SUCCESS: schedule at time: 459
ok_to_sub: 1 1 1 1 1 0 0 0 0 0 1 1 0 1 0 
ok_to_wb: 0 0 0 0 0 0 0 0 0 0 0 0 0 0 0 
ok_to_wb_time: 0 0 0 0 0 0 0 0 0 0 0 0 0 0 0 
SUCCESS: schedule at time: 460
ok_to_sub: 0 0 0 0 0 0 0 0 0 0 1 1 0 1 0 
ok_to_wb: 0 0 0 0 0 0 0 0 0 0 0 0 0 0 0 
ok_to_wb_time: 0 0 0 0 0 0 0 0 0 0 0 0 0 0 0 
SUCCESS: schedule at time: 461
ok_to_sub: 0 0 0 0 0 0 0 0 0 0 1 1 0 1 0 
ok_to_wb: 0 0 0 0 0 0 0 0 0 0 0 0 0 0 0 
ok_to_wb_time: 0 0 0 0 0 0 0 0 0 0 0 0 0 0 0 
SUCCESS: schedule at time: 462
ok_to_sub: 0 0 0 0 0 0 0 0 0 0 0 0 0 0 0 
ok_to_wb: 0 0 0 0 0 0 0 0 0 0 0 0 0 0 0 
ok_to_wb_time: 0 0 0 0 0 0 0 0 0 0 0 0 0 0 0 
SUCCESS: schedule at time: 463
ok_to_sub: 0 0 0 0 0 0 0 0 0 0 0 0 0 0 0 
ok_to_wb: 0 0 0 0 0 0 0 0 0 0 0 0 0 0 0 
ok_to_wb_time: 0 0 0 0 0 0 0 0 0 0 0 0 0 0 0 
SUCCESS: schedule at time: 464
ok_to_sub: 0 0 0 0 0 0 0 0 0 0 0 0 0 0 0 
ok_to_wb: 0 0 0 0 0 0 0 0 0 0 0 0 0 0 0 
ok_to_wb_time: 0 0 0 0 0 0 0 0 0 0 0 0 0 0 0 
SUCCESS: schedule at time: 465
ok_to_sub: 0 0 0 0 0 0 0 0 0 0 0 0 0 0 0 
ok_to_wb: 0 0 0 0 0 0 0 0 0 0 0 0 0 0 0 
ok_to_wb_time: 0 0 0 0 0 0 0 0 0 0 0 0 0 0 0 
SUCCESS: schedule at time: 466
ok_to_sub: 0 0 0 0 0 0 0 0 0 0 0 0 0 0 0 
ok_to_wb: 0 0 0 0 0 0 0 0 0 0 0 0 0 0 0 
ok_to_wb_time: 0 0 0 0 0 0 0 0 0 0 0 0 0 0 0 
SUCCESS: schedule at time: 467
ok_to_sub: 0 0 0 0 0 0 0 0 0 0 0 0 0 0 0 
ok_to_wb: 0 0 0 0 0 0 0 0 0 0 0 0 0 0 0 
ok_to_wb_time: 0 0 0 0 0 0 0 0 0 0 0 0 0 0 0 
SUCCESS: schedule at time: 468
ok_to_sub: 0 0 0 0 0 0 0 0 0 0 0 0 0 0 0 
ok_to_wb: 0 0 0 0 0 0 0 0 0 0 0 0 0 0 0 
ok_to_wb_time: 0 0 0 0 0 0 0 0 0 0 0 0 0 0 0 
SUCCESS: schedule at time: 469
ok_to_sub: 0 0 0 0 0 0 0 0 0 0 0 0 0 0 0 
ok_to_wb: 0 0 0 0 0 0 0 0 0 0 0 0 0 0 0 
ok_to_wb_time: 0 0 0 0 0 0 0 0 0 0 0 0 0 0 0 
SUCCESS: schedule at time: 470
ok_to_sub: 0 0 0 0 0 0 0 0 0 0 0 0 0 0 0 
ok_to_wb: 0 0 0 0 0 0 0 0 0 0 0 0 0 0 0 
ok_to_wb_time: 0 0 0 0 0 0 0 0 0 0 0 0 0 0 0 
SUCCESS: schedule at time: 471
ok_to_sub: 0 0 0 0 0 0 0 0 0 0 0 0 0 0 0 
ok_to_wb: 0 0 0 0 0 0 0 0 0 0 0 0 0 0 0 
ok_to_wb_time: 0 0 0 0 0 0 0 0 0 0 0 0 0 0 0 
SUCCESS: schedule at time: 472
ok_to_sub: 0 0 0 0 0 0 0 0 0 0 0 0 0 0 0 
ok_to_wb: 0 0 0 0 0 0 0 0 0 0 0 0 0 0 0 
ok_to_wb_time: 0 0 0 0 0 0 0 0 0 0 0 0 0 0 0 
SUCCESS: schedule at time: 473
ok_to_sub: 0 0 0 0 0 0 1 0 1 1 0 0 0 0 0 
ok_to_wb: 0 0 0 0 0 0 0 0 0 0 0 0 0 0 0 
ok_to_wb_time: 0 0 0 0 0 0 0 0 0 0 0 0 0 0 0 
SUCCESS: schedule at time: 474
ok_to_sub: 0 0 0 0 0 0 1 0 1 1 0 0 0 0 0 
ok_to_wb: 0 0 0 0 0 0 0 0 0 0 0 0 0 0 0 
ok_to_wb_time: 0 0 0 0 0 0 0 0 0 0 0 0 0 0 0 
SUCCESS: schedule at time: 475
ok_to_sub: 0 0 0 0 0 0 1 0 1 1 0 0 0 0 1 
ok_to_wb: 0 0 0 0 0 0 0 0 0 0 0 0 0 0 0 
ok_to_wb_time: 0 0 0 0 0 0 0 0 0 0 0 0 0 0 0 
SUCCESS: schedule at time: 476
ok_to_sub: 0 0 0 0 0 0 0 0 0 0 0 0 0 0 1 
ok_to_wb: 0 0 0 0 0 0 0 0 0 0 0 0 0 0 0 
ok_to_wb_time: 0 0 0 0 0 0 0 0 0 0 0 0 0 0 0 
SUCCESS: schedule at time: 477
ok_to_sub: 0 0 0 0 0 0 0 0 0 0 0 0 0 0 1 
ok_to_wb: 0 0 0 0 0 0 0 0 0 0 0 0 0 0 0 
ok_to_wb_time: 0 0 0 0 0 0 0 0 0 0 0 0 0 0 0 
SUCCESS: schedule at time: 478
ok_to_sub: 0 0 0 0 0 0 0 0 0 0 0 0 0 0 0 
ok_to_wb: 0 0 0 0 0 0 0 0 0 0 0 0 0 0 0 
ok_to_wb_time: 0 0 0 0 0 0 0 0 0 0 0 0 0 0 0 
SUCCESS: schedule at time: 479
ok_to_sub: 0 0 0 0 0 0 0 0 0 0 0 0 0 0 0 
ok_to_wb: 0 0 0 0 0 0 0 0 0 0 0 0 0 0 0 
ok_to_wb_time: 0 0 0 0 0 0 0 0 0 0 0 0 0 0 0 
SUCCESS: schedule at time: 480
ok_to_sub: 0 0 0 0 0 0 0 0 0 0 0 0 0 0 0 
ok_to_wb: 0 0 0 0 0 0 0 0 0 0 0 0 0 0 0 
ok_to_wb_time: 0 0 0 0 0 0 0 0 0 0 0 0 0 0 0 
SUCCESS: schedule at time: 481
ok_to_sub: 0 0 0 0 0 0 0 0 0 0 0 0 0 0 0 
ok_to_wb: 0 0 0 0 0 0 0 0 0 0 0 0 0 0 0 
ok_to_wb_time: 0 0 0 0 0 0 0 0 0 0 0 0 0 0 0 
SUCCESS: schedule at time: 482
ok_to_sub: 0 0 0 0 0 0 0 0 0 0 0 0 0 0 0 
ok_to_wb: 0 0 0 0 0 0 0 0 0 0 0 0 0 0 0 
ok_to_wb_time: 0 0 0 0 0 0 0 0 0 0 0 0 0 0 0 
SUCCESS: schedule at time: 483
ok_to_sub: 0 0 0 0 0 0 0 0 0 0 0 0 0 0 0 
ok_to_wb: 0 0 0 0 0 0 0 0 0 0 0 0 0 0 0 
ok_to_wb_time: 0 0 0 0 0 0 0 0 0 0 0 0 0 0 0 
SUCCESS: schedule at time: 484
ok_to_sub: 0 0 0 0 0 0 0 0 0 0 0 0 0 0 0 
ok_to_wb: 0 0 0 0 0 0 0 0 0 0 0 0 0 0 0 
ok_to_wb_time: 0 0 0 0 0 0 0 0 0 0 0 0 0 0 0 
SUCCESS: schedule at time: 485
ok_to_sub: 0 0 0 0 0 0 0 0 0 0 0 0 0 0 0 
ok_to_wb: 0 0 0 0 0 0 0 0 0 0 0 0 0 0 0 
ok_to_wb_time: 0 0 0 0 0 0 0 0 0 0 0 0 0 0 0 
SUCCESS: schedule at time: 486
ok_to_sub: 0 0 0 0 0 0 0 0 0 0 0 0 0 0 0 
ok_to_wb: 0 0 0 0 0 0 0 0 0 0 0 0 0 0 0 
ok_to_wb_time: 0 0 0 0 0 0 0 0 0 0 0 0 0 0 0 
SUCCESS: schedule at time: 487
ok_to_sub: 0 0 0 0 0 0 0 0 0 0 0 0 0 0 0 
ok_to_wb: 0 0 0 0 0 0 0 0 0 0 0 0 0 0 0 
ok_to_wb_time: 0 0 0 0 0 0 0 0 0 0 0 0 0 0 0 
SUCCESS: schedule at time: 488
ok_to_sub: 0 0 0 0 0 0 0 0 0 0 0 0 0 0 0 
ok_to_wb: 0 0 0 0 0 0 0 0 0 0 0 0 0 0 0 
ok_to_wb_time: 0 0 0 0 0 0 0 0 0 0 0 0 0 0 0 
SUCCESS: schedule at time: 489
ok_to_sub: 0 0 0 0 0 0 0 0 0 0 0 0 1 0 0 
ok_to_wb: 0 0 0 0 0 0 0 0 0 0 0 0 0 0 0 
ok_to_wb_time: 0 0 0 0 0 0 0 0 0 0 0 0 0 0 0 
SUCCESS: schedule at time: 490
ok_to_sub: 0 0 0 0 0 0 0 0 0 0 0 0 1 0 0 
ok_to_wb: 0 0 0 0 0 0 0 0 0 0 0 0 0 0 0 
ok_to_wb_time: 0 0 0 0 0 0 0 0 0 0 0 0 0 0 0 
SUCCESS: schedule at time: 491
ok_to_sub: 0 0 0 0 0 0 0 0 0 0 0 0 1 0 0 
ok_to_wb: 0 0 0 0 0 0 0 0 0 0 0 0 0 0 0 
ok_to_wb_time: 0 0 0 0 0 0 0 0 0 0 0 0 0 0 0 
SUCCESS: schedule at time: 492
ok_to_sub: 0 0 0 0 0 0 0 0 0 0 0 0 0 0 0 
ok_to_wb: 0 0 0 0 0 0 0 0 0 0 0 0 0 0 0 
ok_to_wb_time: 0 0 0 0 0 0 0 0 0 0 0 0 0 0 0 
Finished: schedule!
this is the instruction from 0 to 496
0:	(1250, 1249, -1, 1)	(404, 403, -1, 1)	(799, 798, -1, 1)	(1645, 1644, -1, 1)	(1251, 1249, -1, 1)	(405, 403, -1, 1)	(784, 783, -1, 1)	(785, 783, -1, 1)	(800, 798, -1, 1)	(1646, 1644, -1, 1)	(477, 476, -1, 1)	(1323, 1322, -1, 1)	(518, 517, -1, 1)	(519, 517, -1, 1)	(1339, 1338, -1, 1)	(786, 783, -1, 1)
1:	(1630, 1629, -1, 1)	(1389, 1388, -1, 1)	(1364, 1363, -1, 1)	(1360, 1359, -1, 1)	(1631, 1629, -1, 1)	(514, 513, -1, 1)	(1390, 1388, -1, 1)	(1361, 1359, -1, 1)	(515, 513, -1, 1)	(1365, 1363, -1, 1)	(1067, 1066, -1, 1)	(1632, 1629, -1, 1)	(425, 424, -1, 1)	(1340, 1338, -1, 1)	(1271, 1270, -1, 1)	(1177, 1176, -1, 1)
2:	(543, 542, -1, 1)	(1647, 1644, -1, 1)	(544, 542, -1, 1)	(1325, 1322, -1, 1)	(221, 220, -1, 1)	(545, 542, -1, 1)	(1272, 1270, -1, 1)	(520, 517, -1, 1)	(1273, 1270, -1, 1)	(1106, 1105, -1, 1)	(260, 259, -1, 1)	(372, 371, -1, 1)	(373, 371, -1, 1)	(763, 762, -1, 1)	(553, 551, -1, 1)	(592, 590, -1, 1)
3:	(478, 476, -1, 1)	(1324, 1322, -1, 1)	(479, 476, -1, 1)	(1341, 1338, -1, 1)	(406, 403, -1, 1)	(1252, 1249, -1, 1)	(1362, 1359, -1, 1)	(1179, 1176, -1, 1)	(427, 424, -1, 1)	(261, 259, -1, 1)	(1399, 1397, -1, 1)	(711, 710, -1, 1)	(241, 240, -1, 1)	(750, 749, -1, 1)	(-1, -1, -1, 0)	(-1, -1, -1, 0)
4:	(801, 798, -1, 1)	(493, 492, -1, 1)	(494, 492, -1, 1)	(331, 330, -1, 1)	(495, 492, -1, 1)	(1178, 1176, -1, 1)	(223, 220, -1, 1)	(1366, 1363, -1, 1)	(552, 551, -1, 1)	(594, 593, -1, 1)	(1557, 1556, -1, 1)	(1561, 1559, -1, 1)	(1859, 1858, -1, 1)	(2141, 2139, -1, 1)	(1860, 1858, -1, 1)	(582, 581, -1, 1)
5:	(1068, 1066, -1, 1)	(222, 220, -1, 1)	(1069, 1066, -1, 1)	(516, 513, -1, 1)	(151, 150, -1, 1)	(128, 127, -1, 1)	(1107, 1105, -1, 1)	(1609, 1608, -1, 1)	(283, 282, -1, 1)	(591, 590, -1, 1)	(3, 2, -1, 1)	(25, 24, -1, 1)	(1287, 1286, -1, 1)	(213, 212, -1, 1)	(-1, -1, -1, 0)	(-1, -1, -1, 0)
6:	(1391, 1388, -1, 1)	(426, 424, -1, 1)	(22, 21, -1, 1)	(1218, 1217, -1, 1)	(1219, 1217, -1, 1)	(606, 605, -1, 1)	(1440, 1439, -1, 1)	(764, 762, -1, 1)	(1453, 1451, -1, 1)	(724, 723, -1, 1)	(1560, 1559, -1, 1)	(347, 345, -1, 1)	(1193, 1191, -1, 1)	(114, 113, -1, 1)	(902, 901, -1, 1)	(208, 206, -1, 1)
7:	(332, 330, -1, 1)	(333, 330, -1, 1)	(1398, 1397, -1, 1)	(1437, 1436, -1, 1)	(1129, 1128, -1, 1)	(346, 345, -1, 1)	(1570, 1569, -1, 1)	(1571, 1569, -1, 1)	(595, 593, -1, 1)	(1438, 1436, -1, 1)	(176, 175, -1, 1)	(64, 63, -1, 1)	(88, 87, -1, 1)	(1029, 1028, -1, 1)	(1031, 1030, -1, 1)	(-1, -1, -1, 0)
8:	(407, 405, 409, 4)	(1253, 1251, 1255, 4)	(802, 800, 804, 4)	(792, 785, 794, 4)	(412, 404, 413, 4)	(1342, 1339, 1343, 4)	(45, 44, -1, 1)	(1610, 1608, -1, 1)	(715, 713, -1, 1)	(1008, 1007, -1, 1)	(2131, 2130, -1, 1)	(-1, -1, -1, 0)	(-1, -1, -1, 0)	(-1, -1, -1, 0)	(-1, -1, -1, 0)	(-1, -1, -1, 0)
9:	(1487, 1340, 1495, 4)	(1416, 1390, -1, 7)	(1506, 1340, 1514, 4)	(787, 785, 789, 4)	(521, 519, 523, 4)	(1392, 1390, 1394, 4)	(1633, 1632, 1636, 4)	(504, 477, 505, 4)	(1946, 515, 1951, 4)	(781, 780, -1, 1)	(1558, 1556, -1, 1)	(6, 5, -1, 1)	(-1, -1, -1, 0)	(-1, -1, -1, 0)	(-1, -1, -1, 0)	(-1, -1, -1, 0)
10:	(664, 545, 669, 4)	(-1, -1, 1422, 8)	(570, 544, -1, 7)	(570, 545, 578, 4)	(1660, 1647, 1663, 4)	(1332, 1325, 1335, 4)	(531, 515, 533, 4)	(1382, 1361, 1384, 4)	(1382, 1360, 1383, 4)	(1452, 1451, -1, 1)	(714, 713, -1, 1)	(59, 57, -1, 1)	(101, 100, -1, 1)	(-1, -1, -1, 0)	(-1, -1, -1, 0)	(-1, -1, -1, 0)
11:	(1750, 1273, 1770, 4)	(1506, 1341, 1515, 4)	(-1, -1, 576, 8)	(1722, 1179, 1731, 4)	(504, 479, 508, 4)	(1510, 1390, 1512, 4)	(1327, 1325, 1330, 4)	(481, 479, 484, 4)	(1327, 1324, 1329, 4)	(1750, 1271, -1, 7)	(787, 784, 788, 4)	(201, 199, -1, 1)	(-1, -1, -1, 0)	(-1, -1, -1, 0)	(-1, -1, -1, 0)	(-1, -1, -1, 0)
12:	(1692, 1561, 1704, 4)	(641, 494, 649, 4)	(1487, 1341, 1496, 4)	(315, 223, 326, 4)	(429, 427, 433, 4)	(546, 544, 548, 4)	(787, 786, 790, 4)	(-1, 1178, -1, 5)	(1004, 1002, -1, 1)	(-1, -1, 1751, 8)	(53, 52, -1, 1)	(2149, 2147, -1, 1)	(-1, -1, -1, 0)	(-1, -1, -1, 0)	(-1, -1, -1, 0)	(-1, -1, -1, 0)
13:	(1350, 1325, 1354, 4)	(600, 594, 601, 4)	(814, 801, 817, 4)	(599, 592, 603, 4)	(802, 801, 805, 4)	(1350, 1323, 1351, 4)	(1332, 1324, 1334, 4)	(1722, -1, 1724, 6)	(1350, 1324, 1352, 4)	(224, 223, 228, 4)	(1332, 1323, 1333, 4)	(30, 29, -1, 1)	(-1, -1, -1, 0)	(-1, -1, -1, 0)	(-1, -1, -1, 0)	(-1, -1, -1, 0)
14:	(641, 495, 650, 4)	(660, 494, 668, 4)	(664, 544, 666, 4)	(486, 479, 489, 4)	(1075, 1069, 1079, 4)	(486, 478, 488, 4)	(486, 477, 487, 4)	(1506, 1339, 1507, 4)	(1973, 331, 1974, 4)	(210, 209, -1, 1)	(165, 164, -1, 1)	(-1, -1, -1, 0)	(-1, -1, -1, 0)	(-1, -1, -1, 0)	(-1, -1, -1, 0)	(-1, -1, -1, 0)
15:	(1490, 1453, 1495, 4)	(1416, 1391, 1424, 4)	(1670, 1632, 1674, 4)	(1582, 1561, 1587, 4)	(229, 223, 233, 4)	(536, 516, 541, 4)	(1377, 1361, 1379, 4)	(229, 222, 231, 4)	(378, 372, 379, 4)	(918, 917, -1, 1)	(748, 747, -1, 1)	(-1, -1, -1, 0)	(-1, -1, -1, 0)	(-1, -1, -1, 0)	(-1, -1, -1, 0)	(-1, -1, -1, 0)
16:	(660, 495, 669, 4)	(846, 715, 858, 4)	(824, 786, 828, 4)	(1446, 1440, 1447, 4)	(1275, 1273, 1279, 4)	(1445, 1438, 1450, 4)	(1075, 1068, 1077, 4)	(521, 520, 525, 4)	(1377, 1360, 1378, 4)	(1591, 1590, -1, 1)	(-1, -1, -1, 0)	(-1, -1, -1, 0)	(-1, -1, -1, 0)	(-1, -1, -1, 0)	(-1, -1, -1, 0)	(-1, -1, -1, 0)
17:	(1746, 1252, 1770, 4)	(1510, 1391, 1515, 4)	(572, 553, 576, 4)	(339, 333, 344, 4)	(1633, 1631, 1635, 4)	(1653, 1646, 1655, 4)	(1342, 1341, 1346, 4)	(1722, 1177, 1723, 4)	(1192, 1191, -1, 1)	(86, 84, -1, 1)	(-1, -1, -1, 0)	(-1, -1, -1, 0)	(-1, -1, -1, 0)	(-1, -1, -1, 0)	(-1, -1, -1, 0)	(-1, -1, -1, 0)
18:	(1418, 1399, 1422, 4)	(2174, 59, 2178, 4)	(1161, 1069, 1172, 4)	(736, 715, 741, 4)	(1653, 1647, 1656, 4)	(1638, 1631, 1640, 4)	(1648, 1647, 1651, 4)	(1185, 1178, 1187, 4)	(1180, 1177, 1181, 4)	(882, 881, -1, 1)	(103, 100, -1, 1)	(-1, -1, -1, 0)	(-1, -1, -1, 0)	(-1, -1, -1, 0)	(-1, -1, -1, 0)	(-1, -1, -1, 0)
19:	(1803, 1438, 1815, 4)	(1582, 1560, 1586, 4)	(736, 714, 740, 4)	(1692, 1560, 1695, 4)	(1185, 1179, 1190, 4)	(1392, 1391, 1395, 4)	(1392, 1389, 1393, 4)	(789, 788, -1, 1)	(1416, 1389, 1417, 4)	(790, 788, -1, 1)	(1185, 1177, 1186, 4)	(-1, -1, -1, 0)	(-1, -1, -1, 0)	(-1, -1, -1, 0)	(-1, -1, -1, 0)	(-1, -1, -1, 0)
20:	(599, 591, 601, 4)	(807, 801, 810, 4)	(792, 786, 796, 4)	(807, 800, 809, 4)	(814, 800, 816, 4)	(1670, 1631, 1672, 4)	(339, 332, 341, 4)	(315, 222, 317, 4)	(339, 331, 340, 4)	(1220, 1218, 1221, 4)	(-1, -1, -1, 0)	(-1, -1, -1, 0)	(-1, -1, -1, 0)	(-1, -1, -1, 0)	(-1, -1, -1, 0)	(-1, -1, -1, 0)
21:	(1638, 1632, 1642, 4)	(434, 427, 439, 4)	(481, 477, 482, 4)	(481, 478, 483, 4)	(1070, 1068, 1072, 4)	(824, 785, 826, 4)	(836, 781, 839, 4)	(307, 283, 308, 4)	(745, 744, -1, 1)	(1878, 1877, -1, 1)	(-1, -1, -1, 0)	(-1, -1, -1, 0)	(-1, -1, -1, 0)	(-1, -1, -1, 0)	(-1, -1, -1, 0)	(-1, -1, -1, 0)
22:	(823, 781, 828, 4)	(1445, 1437, 1447, 4)	(846, 714, 849, 4)	(1382, 1362, 1387, 4)	(536, 515, 538, 4)	(224, 222, 226, 4)	(496, 495, 500, 4)	(1941, 425, 1942, 4)	(1441, 1439, -1, 1)	(-1, -1, -1, 0)	(-1, -1, -1, 0)	(-1, -1, -1, 0)	(-1, -1, -1, 0)	(-1, -1, -1, 0)	(-1, -1, -1, 0)	(-1, -1, -1, 0)
23:	(1755, 1362, 1770, 4)	(1280, 1273, 1285, 4)	(1400, 1399, 1404, 4)	(1327, 1323, 1328, 4)	(429, 425, 430, 4)	(802, 799, 803, 4)	(807, 799, 808, 4)	(1937, 405, 1939, 4)	(1022, 1021, -1, 1)	(198, 196, -1, 1)	(-1, -1, -1, 0)	(-1, -1, -1, 0)	(-1, -1, -1, 0)	(-1, -1, -1, 0)	(-1, -1, -1, 0)	(-1, -1, -1, 0)
24:	(1678, 1591, 1680, 4)	(2117, 1591, 2118, 4)	(504, 478, 506, 4)	(429, 426, 431, 4)	(1161, 1068, 1163, 4)	(434, 426, 436, 4)	(1755, 1361, 1760, 4)	(572, 552, 573, 4)	(546, 543, 547, 4)	(725, 723, -1, 1)	(-1, -1, -1, 0)	(-1, -1, -1, 0)	(-1, -1, -1, 0)	(-1, -1, -1, 0)	(-1, -1, -1, 0)	(-1, -1, -1, 0)
25:	(1581, 1558, 1586, 4)	(554, 553, 558, 4)	(1367, 1365, 1369, 4)	(546, 545, 549, 4)	(1275, 1272, 1277, 4)	(554, 552, 555, 4)	(1638, 1630, 1639, 4)	(1344, 1343, -1, 1)	(1395, 1393, -1, 1)	(1396, 1393, -1, 1)	(284, 282, -1, 1)	(752, 751, -1, 1)	(-1, -1, -1, 0)	(-1, -1, -1, 0)	(-1, -1, -1, 0)	(-1, -1, -1, 0)
26:	(1648, 1646, 1650, 4)	(1660, 1646, 1662, 4)	(1280, 1272, 1282, 4)	(407, 406, 411, 4)	(1253, 1252, 1257, 4)	(1648, 1645, 1649, 4)	(1660, 1645, 1661, 4)	(1194, 1192, 1195, 4)	(65, 63, -1, 1)	(58, 57, -1, 1)	(1428, 1427, -1, 1)	(-1, -1, -1, 0)	(-1, -1, -1, 0)	(-1, -1, -1, 0)	(-1, -1, -1, 0)	(-1, -1, -1, 0)
27:	(850, 790, 855, 4)	(1342, 1340, 1345, 4)	(600, 595, 603, 4)	(1194, 1193, 1198, 4)	(1804, 1440, 1805, 4)	(1253, 1250, 1254, 4)	(1183, 1181, -1, 1)	(200, 199, -1, 1)	(177, 175, -1, 1)	(1594, 1593, -1, 1)	(85, 84, -1, 1)	(-1, -1, -1, 0)	(-1, -1, -1, 0)	(-1, -1, -1, 0)	(-1, -1, -1, 0)	(-1, -1, -1, 0)
28:	(1454, 1453, 1458, 4)	(1275, 1271, 1276, 4)	(1750, 1272, -1, 7)	(1454, 1452, 1455, 4)	(1258, 1250, 1259, 4)	(1670, 1630, 1671, 4)	(607, 605, -1, 1)	(1620, 1609, 1621, 4)	(2145, 2144, -1, 1)	(197, 196, -1, 1)	(-1, -1, -1, 0)	(-1, -1, -1, 0)	(-1, -1, -1, 0)	(-1, -1, -1, 0)	(-1, -1, -1, 0)	(-1, -1, -1, 0)
29:	(1756, 1366, 1770, 4)	(832, 745, 834, 4)	(-1, -1, 1752, 8)	(496, 494, 499, 4)	(1367, 1366, 1371, 4)	(1377, 1362, 1381, 4)	(804, 803, -1, 1)	(1510, 1389, 1511, 4)	(1756, 1364, 1757, 4)	(1756, 1365, 1758, 4)	(1836, 1835, -1, 1)	(-1, -1, -1, 0)	(-1, -1, -1, 0)	(-1, -1, -1, 0)	(-1, -1, -1, 0)	(-1, -1, -1, 0)
30:	(1680, 1679, -1, 1)	(1991, 745, 1992, 4)	(1804, 1441, 1815, 4)	(1180, 1178, 1182, 4)	(1070, 1069, 1074, 4)	(1180, 1179, 1184, 4)	(1446, 1441, 1450, 4)	(1400, 1398, 1401, 4)	(531, 514, 532, 4)	(548, 547, -1, 1)	(-1, -1, -1, 0)	(-1, -1, -1, 0)	(-1, -1, -1, 0)	(-1, -1, -1, 0)	(-1, -1, -1, 0)	(-1, -1, -1, 0)
31:	(334, 332, 336, 4)	(1913, 594, 1914, 4)	(531, 516, 535, 4)	(348, 347, 352, 4)	(104, 86, 107, 4)	(1633, 1630, 1634, 4)	(521, 518, 522, 4)	(805, 803, -1, 1)	(660, 493, 661, 4)	(-1, -1, -1, 0)	(-1, -1, -1, 0)	(-1, -1, -1, 0)	(-1, -1, -1, 0)	(-1, -1, -1, 0)	(-1, -1, -1, 0)	(-1, -1, -1, 0)
32:	(334, 333, 338, 4)	(1941, 426, 1943, 4)	(216, 198, 219, 4)	(556, 555, -1, 1)	(608, 606, 609, 4)	(1379, 1378, -1, 1)	(1651, 1649, -1, 1)	(1372, 1364, 1373, 4)	(1380, 1378, -1, 1)	(1288, 1287, 1289, 4)	(1840, 1839, -1, 1)	(-1, -1, -1, 0)	(-1, -1, -1, 0)	(-1, -1, -1, 0)	(-1, -1, -1, 0)	(-1, -1, -1, 0)
33:	(1353, 1344, 1354, 4)	(1507, 1344, 1508, 4)	(285, 284, 289, 4)	(1973, 332, 1975, 4)	(77, 59, 81, 4)	(558, 555, -1, 1)	(1255, 1254, -1, 1)	(792, 784, 793, 4)	(1256, 1254, -1, 1)	(1346, 1343, -1, 1)	(211, 210, 214, 4)	(-1, -1, -1, 0)	(-1, -1, -1, 0)	(-1, -1, -1, 0)	(-1, -1, -1, 0)	(-1, -1, -1, 0)
34:	(1546, 1395, 1550, 4)	(1417, 1396, 1425, 4)	(66, 65, 70, 4)	(557, 555, -1, 1)	(1456, 1455, -1, 1)	(285, 283, 286, 4)	(1458, 1455, -1, 1)	(664, 543, 665, 4)	(549, 547, -1, 1)	(412, 406, 416, 4)	(8, 7, -1, 1)	(-1, -1, -1, 0)	(-1, -1, -1, 0)	(-1, -1, -1, 0)	(-1, -1, -1, 0)	(-1, -1, -1, 0)
35:	(1741, 1193, 1770, 4)	(1511, 1395, 1515, 4)	(834, 833, -1, 1)	(-1, 177, -1, 5)	(1210, 1183, 1213, 4)	(178, 177, 182, 4)	(20, 6, 23, 4)	(824, 784, 825, 4)	(644, 606, 645, 4)	(2190, 3, 2203, 4)	(-1, -1, -1, 0)	(-1, -1, -1, 0)	(-1, -1, -1, 0)	(-1, -1, -1, 0)	(-1, -1, -1, 0)	(-1, -1, -1, 0)
36:	(644, 607, 649, 4)	(104, 85, 106, 4)	(216, 197, 218, 4)	(2065, -1, 2071, 6)	(1403, 1401, -1, 1)	(1404, 1401, -1, 1)	(526, 518, 527, 4)	(224, 221, 225, 4)	(1490, 1452, 1491, 4)	(534, 532, -1, 1)	(1197, 1195, -1, 1)	(1822, 1008, 1826, 4)	(-1, -1, -1, 0)	(-1, -1, -1, 0)	(-1, -1, -1, 0)	(-1, -1, -1, 0)
37:	(1511, 1396, 1517, 4)	(1417, 1395, 1424, 4)	(608, 607, 612, 4)	(1402, 1401, -1, 1)	(1418, 1398, 1419, 4)	(1457, 1455, -1, 1)	(1635, 1634, -1, 1)	(229, 221, 230, 4)	(315, 221, 316, 4)	(526, 520, 530, 4)	(1432, 1431, -1, 1)	(-1, -1, -1, 0)	(-1, -1, -1, 0)	(-1, -1, -1, 0)	(-1, -1, -1, 0)	(-1, -1, -1, 0)
38:	(700, 548, 701, 4)	(1546, 1396, 1552, 4)	(610, 609, -1, 1)	(1131, 1129, 1132, 4)	(611, 609, -1, 1)	(1650, 1649, -1, 1)	(814, 799, 815, 4)	(219, 217, -1, 1)	(37, 30, 39, 4)	(374, 373, 376, 4)	(712, 710, -1, 1)	(-1, -1, -1, 0)	(-1, -1, -1, 0)	(-1, -1, -1, 0)	(-1, -1, -1, 0)	(-1, -1, -1, 0)
39:	(-1, 1680, -1, 5)	(852, 805, 854, 4)	(808, 805, 810, 4)	(1186, 1183, 1188, 4)	(1723, 1183, 1725, 4)	(1394, 1393, -1, 1)	(1070, 1067, 1071, 4)	(806, 803, -1, 1)	(1280, 1271, 1281, 4)	(1932, 346, 1933, 4)	(412, 405, 414, 4)	(441, 440, -1, 1)	(905, 903, -1, 1)	(-1, -1, -1, 0)	(-1, -1, -1, 0)	(-1, -1, -1, 0)
40:	(1712, -1, 1713, 6)	(1474, 1380, 1481, 4)	(1661, 1651, 1663, 4)	(793, 790, 796, 4)	(407, 404, 408, 4)	(523, 522, -1, 1)	(793, 789, 794, 4)	(524, 522, -1, 1)	(288, 286, -1, 1)	(289, 286, -1, 1)	(1474, 1379, -1, 7)	(525, 522, -1, 1)	(1223, 1221, -1, 1)	(207, 206, -1, 1)	(-1, -1, -1, 0)	(-1, -1, -1, 0)
41:	(573, 558, 576, 4)	(1353, 1346, 1356, 4)	(665, 548, 666, 4)	(564, 558, 567, 4)	(1653, 1645, 1654, 4)	(287, 286, -1, 1)	(1487, 1339, 1488, 4)	(307, 284, 312, 4)	(1130, 1128, -1, 1)	(134, 133, -1, 1)	(-1, -1, 1475, 8)	(2002, 2001, -1, 1)	(-1, -1, -1, 0)	(-1, -1, -1, 0)	(-1, -1, -1, 0)	(-1, -1, -1, 0)
42:	(665, 549, 669, 4)	(1491, 1458, 1495, 4)	(77, 58, 80, 4)	(1383, 1380, 1385, 4)	(564, 556, 565, 4)	(1383, 1379, 1384, 4)	(226, 225, -1, 1)	(1947, 518, 1948, 4)	(1198, 1195, -1, 1)	(2174, 58, 2175, 4)	(1592, 1590, -1, 1)	(-1, -1, -1, 0)	(-1, -1, -1, 0)	(-1, -1, -1, 0)	(-1, -1, -1, 0)	(-1, -1, -1, 0)
43:	(1507, 1346, 1515, 4)	(700, 549, 704, 4)	(1465, 1458, 1469, 4)	(559, 557, 561, 4)	(564, 557, 566, 4)	(1459, 1458, 1463, 4)	(559, 556, 560, 4)	(808, 804, 809, 4)	(570, 543, 571, 4)	(2154, 2151, -1, 1)	(-1, -1, -1, 0)	(-1, -1, -1, 0)	(-1, -1, -1, 0)	(-1, -1, -1, 0)	(-1, -1, -1, 0)	(-1, -1, -1, 0)
44:	(628, 534, 635, 4)	(-1, 834, -1, 5)	(1264, 1256, 1266, 4)	(815, 805, 817, 4)	(1405, 1404, 1408, 4)	(1133, 1132, -1, 1)	(1134, 1132, -1, 1)	(612, 609, -1, 1)	(825, 789, 826, 4)	(1161, 1067, 1162, 4)	(550, 547, -1, 1)	(383, 382, -1, 1)	(984, 983, -1, 1)	(-1, -1, -1, 0)	(-1, -1, -1, 0)	(-1, -1, -1, 0)
45:	(1419, 1404, 1422, 4)	(866, -1, 867, 6)	(1465, 1457, 1467, 4)	(1491, 1457, 1493, 4)	(573, 557, 575, 4)	(1419, 1402, 1420, 4)	(1367, 1364, 1368, 4)	(815, 804, 816, 4)	(1257, 1254, -1, 1)	(746, 744, -1, 1)	(897, 896, -1, 1)	(-1, -1, -1, 0)	(-1, -1, -1, 0)	(-1, -1, -1, 0)	(-1, -1, -1, 0)	(-1, -1, -1, 0)
46:	(645, 611, 647, 4)	(825, 790, 828, 4)	(559, 558, 562, 4)	(1459, 1457, 1461, 4)	(1405, 1402, 1406, 4)	(1459, 1456, 1460, 4)	(619, 610, 620, 4)	(1345, 1343, -1, 1)	(411, 408, -1, 1)	(106, 105, -1, 1)	(-1, -1, -1, 0)	(-1, -1, -1, 0)	(-1, -1, -1, 0)	(-1, -1, -1, 0)	(-1, -1, -1, 0)	(-1, -1, -1, 0)
47:	(852, 806, 858, 4)	(1488, 1346, 1496, 4)	(619, 611, 621, 4)	(1488, 1344, 1489, 4)	(1511, 1394, 1512, 4)	(1405, 1403, 1407, 4)	(228, 225, -1, 1)	(23, 21, -1, 1)	(1290, 1289, -1, 1)	(782, 780, -1, 1)	(62, 60, -1, 1)	(-1, -1, -1, 0)	(-1, -1, -1, 0)	(-1, -1, -1, 0)	(-1, -1, -1, 0)	(-1, -1, -1, 0)
48:	(626, 525, 640, 4)	(1948, 524, 1954, 4)	(815, 806, 820, 4)	(735, 712, 740, 4)	(1443, 1432, 1447, 4)	(1465, 1456, 1466, 4)	(1182, 1181, -1, 1)	(107, 105, -1, 1)	(270, 261, 273, 4)	(119, 118, -1, 1)	(117, 115, -1, 1)	(-1, -1, -1, 0)	(-1, -1, -1, 0)	(-1, -1, -1, 0)	(-1, -1, -1, 0)	(-1, -1, -1, 0)
49:	(571, 548, 576, 4)	(571, 549, 578, 4)	(1546, 1394, 1547, 4)	(1654, 1651, 1656, 4)	(1199, 1197, 1201, 4)	(808, 806, 812, 4)	(533, 532, -1, 1)	(348, 346, 349, 4)	(227, 225, -1, 1)	(535, 532, -1, 1)	(526, 519, 528, 4)	(1087, 1086, -1, 1)	(-1, -1, -1, 0)	(-1, -1, -1, 0)	(-1, -1, -1, 0)	(-1, -1, -1, 0)
50:	(626, 524, 635, 4)	(1678, 1592, 1681, 4)	(1410, 1404, 1413, 4)	(295, 289, 298, 4)	(295, 288, 297, 4)	(308, 288, 310, 4)	(1410, 1402, 1411, 4)	(563, 560, -1, 1)	(295, 287, 296, 4)	(1803, 1437, 1805, 4)	(89, 87, -1, 1)	(-1, -1, -1, 0)	(-1, -1, -1, 0)	(-1, -1, -1, 0)	(-1, -1, -1, 0)	(-1, -1, -1, 0)
51:	(1417, 1394, 1422, 4)	(1698, 1651, 1700, 4)	(1419, 1403, 1421, 4)	(613, 611, 615, 4)	(149, 134, 152, 4)	(561, 560, -1, 1)	(573, 556, 574, 4)	(796, 794, -1, 1)	(1386, 1384, -1, 1)	(791, 788, -1, 1)	(32, 31, -1, 1)	(-1, -1, -1, 0)	(-1, -1, -1, 0)	(-1, -1, -1, 0)	(-1, -1, -1, 0)	(-1, -1, -1, 0)
52:	(645, 612, 649, 4)	(665, 550, 671, 4)	(619, 612, 623, 4)	(571, 550, 579, 4)	(700, 550, 706, 4)	(1136, 1134, 1138, 4)	(1141, 1134, 1143, 4)	(1204, 1197, 1206, 4)	(410, 408, -1, 1)	(1408, 1406, -1, 1)	(1409, 1406, -1, 1)	(136, 135, -1, 1)	(-1, -1, -1, 0)	(-1, -1, -1, 0)	(-1, -1, -1, 0)	(-1, -1, -1, 0)
53:	(832, 746, 835, 4)	(1264, 1257, 1269, 4)	(1204, 1198, 1209, 4)	(1410, 1403, 1412, 4)	(1199, 1198, 1203, 4)	(1407, 1406, -1, 1)	(1370, 1368, -1, 1)	(1196, 1195, -1, 1)	(1116, 1106, 1117, 4)	(1864, 1863, -1, 1)	(1862, 1861, -1, 1)	(-1, -1, -1, 0)	(-1, -1, -1, 0)	(-1, -1, -1, 0)	(-1, -1, -1, 0)	(-1, -1, -1, 0)
54:	(1488, 1345, 1495, 4)	(1507, 1345, 1514, 4)	(1353, 1345, 1355, 4)	(418, 411, 423, 4)	(409, 408, -1, 1)	(1461, 1460, -1, 1)	(1462, 1460, -1, 1)	(1661, 1650, 1662, 4)	(1073, 1071, -1, 1)	(1741, 1192, 1742, 4)	(1116, 1107, 1119, 4)	(-1, -1, -1, 0)	(-1, -1, -1, 0)	(-1, -1, -1, 0)	(-1, -1, -1, 0)	(-1, -1, -1, 0)
55:	(823, 782, 829, 4)	(1131, 1130, 1135, 4)	(290, 288, 292, 4)	(290, 289, 293, 4)	(562, 560, -1, 1)	(1369, 1368, -1, 1)	(290, 287, 291, 4)	(795, 794, -1, 1)	(1385, 1384, -1, 1)	(1141, 1133, 1142, 4)	(1652, 1649, -1, 1)	(1054, 1052, -1, 1)	(-1, -1, -1, 0)	(-1, -1, -1, 0)	(-1, -1, -1, 0)	(-1, -1, -1, 0)
56:	(1681, 1679, -1, 1)	(316, 228, 326, 4)	(71, 62, 76, 4)	(1654, 1650, 1655, 4)	(810, 809, -1, 1)	(1491, 1456, 1492, 4)	(351, 349, -1, 1)	(641, 493, 642, 4)	(811, 809, -1, 1)	(1371, 1368, -1, 1)	(352, 349, -1, 1)	(218, 217, -1, 1)	(1987, 200, 1998, 4)	(-1, -1, -1, 0)	(-1, -1, -1, 0)	(-1, -1, -1, 0)
57:	(628, 535, 640, 4)	(230, 227, 232, 4)	(1636, 1634, -1, 1)	(496, 493, 497, 4)	(628, 533, -1, 7)	(350, 349, -1, 1)	(334, 331, 335, 4)	(434, 425, 435, 4)	(1637, 1634, -1, 1)	(152, 150, -1, 1)	(1627, 1626, -1, 1)	(1628, 1626, -1, 1)	(-1, -1, -1, 0)	(-1, -1, -1, 0)	(-1, -1, -1, 0)	(-1, -1, -1, 0)
58:	(574, 563, 577, 4)	(613, 612, 617, 4)	(613, 610, 614, 4)	(1639, 1635, 1640, 4)	(-1, -1, 629, 8)	(1463, 1460, -1, 1)	(1072, 1071, -1, 1)	(1074, 1071, -1, 1)	(1184, 1181, -1, 1)	(1611, 1610, 1614, 4)	(1563, 1562, -1, 1)	(717, 716, -1, 1)	(1564, 1562, -1, 1)	(2137, 2136, -1, 1)	(-1, -1, -1, 0)	(-1, -1, -1, 0)
59:	(1475, 1386, 1483, 4)	(-1, 1198, -1, 5)	(850, 791, 858, 4)	(230, 228, 233, 4)	(793, 791, 797, 4)	(565, 561, 566, 4)	(574, 561, 575, 4)	(230, 226, 231, 4)	(2191, 8, 2192, 4)	(173, 172, -1, 1)	(2140, 2139, -1, 1)	(1044, 1043, -1, 1)	(-1, -1, -1, 0)	(-1, -1, -1, 0)	(-1, -1, -1, 0)	(-1, -1, -1, 0)
60:	(1476, 1409, 1481, 4)	(1742, -1, 1770, 6)	(1420, 1409, 1423, 4)	(1476, 1408, 1478, 4)	(825, 791, 830, 4)	(1411, 1408, 1413, 4)	(565, 563, 568, 4)	(1136, 1133, 1137, 4)	(316, 226, 317, 4)	(2038, 219, 2042, 4)	(456, 455, -1, 1)	(-1, -1, -1, 0)	(-1, -1, -1, 0)	(-1, -1, -1, 0)	(-1, -1, -1, 0)	(-1, -1, -1, 0)
61:	(630, 563, 635, 4)	(1757, 1370, 1763, 4)	(1509, 1386, 1515, 4)	(1420, 1408, 1422, 4)	(813, 796, 818, 4)	(536, 514, 537, 4)	(630, 561, 631, 4)	(308, 287, 309, 4)	(262, 260, 263, 4)	(880, 879, -1, 1)	(1033, 1032, -1, 1)	(-1, -1, -1, 0)	(-1, -1, -1, 0)	(-1, -1, -1, 0)	(-1, -1, -1, 0)	(-1, -1, -1, 0)
62:	(1492, 1462, -1, 7)	(1466, 1461, 1467, 4)	(1466, 1462, 1468, 4)	(1492, 1461, -1, 7)	(835, 833, -1, 1)	(1742, 1197, 1744, 4)	(1476, 1407, 1477, 4)	(1656, 1655, -1, 1)	(1135, 1132, -1, 1)	(1657, 1655, -1, 1)	(1746, 1250, 1747, 4)	(1865, 1862, 1867, 4)	(584, 583, -1, 1)	(1598, 1597, -1, 1)	(-1, -1, -1, 0)	(-1, -1, -1, 0)
63:	(-1, -1, 1494, 8)	(1509, 1385, -1, 7)	(1698, 1652, 1704, 4)	(-1, -1, 1493, 8)	(574, 562, 576, 4)	(826, 796, -1, 7)	(1411, 1409, 1414, 4)	(813, 795, 817, 4)	(1411, 1407, 1412, 4)	(826, 795, -1, 7)	(336, 335, -1, 1)	(1991, 746, 1998, 4)	(121, 119, 125, 4)	(-1, -1, -1, 0)	(-1, -1, -1, 0)	(-1, -1, -1, 0)
64:	(1712, 1681, 1719, 4)	(-1, -1, 1513, 8)	(1661, 1652, 1666, 4)	(358, 352, 363, 4)	(1654, 1652, 1658, 4)	(-1, -1, 828, 8)	(353, 352, 357, 4)	(1420, 1407, 1421, 4)	(292, 291, -1, 1)	(-1, -1, 827, 8)	(850, 789, 851, 4)	(904, 903, -1, 1)	(-1, -1, -1, 0)	(-1, -1, -1, 0)	(-1, -1, -1, 0)	(-1, -1, -1, 0)
65:	(1472, 1371, 1485, 4)	(630, 562, 632, 4)	(1479, 1461, 1480, 4)	(418, 410, 420, 4)	(1669, 1628, 1675, 4)	(353, 351, 355, 4)	(617, 614, -1, 1)	(499, 497, -1, 1)	(500, 497, -1, 1)	(1742, 1196, 1743, 4)	(413, 409, 414, 4)	(-1, -1, -1, 0)	(-1, -1, -1, 0)	(-1, -1, -1, 0)	(-1, -1, -1, 0)	(-1, -1, -1, 0)
66:	(1472, 1370, 1481, 4)	(1479, 1463, 1482, 4)	(1492, 1463, -1, 7)	(1583, 1563, 1586, 4)	(1583, 1564, 1587, 4)	(1693, 1563, 1695, 4)	(2155, 2137, 2157, 4)	(568, 566, -1, 1)	(616, 614, -1, 1)	(353, 350, 354, 4)	(293, 291, -1, 1)	(718, 716, -1, 1)	(-1, -1, -1, 0)	(-1, -1, -1, 0)	(-1, -1, -1, 0)	(-1, -1, -1, 0)
67:	(1757, 1371, 1770, 4)	(1671, 1637, 1676, 4)	(-1, -1, 1495, 8)	(737, 717, 740, 4)	(1210, 1184, 1215, 4)	(847, 717, 849, 4)	(1186, 1184, 1190, 4)	(1641, 1640, -1, 1)	(1186, 1182, 1187, 4)	(569, 566, -1, 1)	(1108, 1106, 1109, 4)	(-1, -1, -1, 0)	(-1, -1, -1, 0)	(-1, -1, -1, 0)	(-1, -1, -1, 0)	(-1, -1, -1, 0)
68:	(1723, 1184, 1731, 4)	(1466, 1463, 1469, 4)	(1162, 1074, 1172, 4)	(816, 811, 819, 4)	(1933, 351, 1935, 4)	(615, 614, -1, 1)	(1153, 1129, 1154, 4)	(1723, 1182, 1724, 4)	(1162, 1073, 1164, 4)	(1302, 1301, -1, 1)	(-1, -1, -1, 0)	(-1, -1, -1, 0)	(-1, -1, -1, 0)	(-1, -1, -1, 0)	(-1, -1, -1, 0)	(-1, -1, -1, 0)
69:	(1696, 1637, 1704, 4)	(1671, 1636, 1674, 4)	(565, 562, 567, 4)	(537, 534, 539, 4)	(2160, 2140, 2163, 4)	(235, 226, 236, 4)	(294, 291, -1, 1)	(1140, 1137, -1, 1)	(797, 794, -1, 1)	(1933, 350, 1934, 4)	(2113, 88, 2127, 4)	(-1, -1, -1, 0)	(-1, -1, -1, 0)	(-1, -1, -1, 0)	(-1, -1, -1, 0)	(-1, -1, -1, 0)
70:	(866, 835, 873, 4)	(596, 584, 601, 4)	(1141, 1135, 1144, 4)	(1696, 1636, 1701, 4)	(1639, 1636, 1642, 4)	(1136, 1135, 1139, 4)	(498, 497, -1, 1)	(1658, 1655, -1, 1)	(2078, 173, 2079, 4)	(61, 60, -1, 1)	(174, 172, -1, 1)	(-1, -1, -1, 0)	(-1, -1, -1, 0)	(-1, -1, -1, 0)	(-1, -1, -1, 0)	(-1, -1, -1, 0)
71:	(1662, 1656, 1663, 4)	(1662, 1657, 1665, 4)	(1682, 1627, 1685, 4)	(1639, 1637, 1643, 4)	(851, 796, 855, 4)	(1414, 1412, -1, 1)	(816, 810, 817, 4)	(812, 809, -1, 1)	(66, 64, 67, 4)	(1838, 1837, -1, 1)	(214, 212, -1, 1)	(-1, -1, -1, 0)	(-1, -1, -1, 0)	(-1, -1, -1, 0)	(-1, -1, -1, 0)	(-1, -1, -1, 0)
72:	(1479, 1462, 1481, 4)	(358, 351, 360, 4)	(183, 173, 185, 4)	(2224, 2140, 2228, 4)	(1413, 1412, -1, 1)	(1138, 1137, -1, 1)	(355, 354, -1, 1)	(1210, 1182, 1211, 4)	(1003, 1002, -1, 1)	(110, 108, -1, 1)	(-1, -1, -1, 0)	(-1, -1, -1, 0)	(-1, -1, -1, 0)	(-1, -1, -1, 0)	(-1, -1, -1, 0)	(-1, -1, -1, 0)
73:	(633, 617, 636, 4)	(661, 500, 669, 4)	(642, 500, 650, 4)	(620, 617, 623, 4)	(507, 500, 510, 4)	(1671, 1635, 1672, 4)	(1696, 1635, 1697, 4)	(1974, 336, 1975, 4)	(120, 114, 122, 4)	(1006, 1005, -1, 1)	(-1, -1, -1, 0)	(-1, -1, -1, 0)	(-1, -1, -1, 0)	(-1, -1, -1, 0)	(-1, -1, -1, 0)	(-1, -1, -1, 0)
74:	(631, 568, 635, 4)	(1910, 568, 1916, 4)	(1736, 1033, 1770, 4)	(847, 718, 858, 4)	(575, 568, 577, 4)	(1075, 1067, 1076, 4)	(645, 610, 646, 4)	(1188, 1187, -1, 1)	(364, 336, 365, 4)	(1565, 1557, 1566, 4)	(50, 49, -1, 1)	(-1, -1, -1, 0)	(-1, -1, -1, 0)	(-1, -1, -1, 0)	(-1, -1, -1, 0)	(-1, -1, -1, 0)
75:	(631, 569, 639, 4)	(1693, 1564, 1704, 4)	(642, 499, 649, 4)	(1669, 1627, 1674, 4)	(1199, 1196, 1200, 4)	(309, 292, 310, 4)	(358, 350, 359, 4)	(1937, 404, 1938, 4)	(235, 227, 237, 4)	(2042, 2040, -1, 1)	(-1, -1, -1, 0)	(-1, -1, -1, 0)	(-1, -1, -1, 0)	(-1, -1, -1, 0)	(-1, -1, -1, 0)	(-1, -1, -1, 0)
76:	(661, 499, 668, 4)	(620, 615, 621, 4)	(620, 616, 622, 4)	(507, 499, 509, 4)	(633, 615, 634, 4)	(567, 566, -1, 1)	(1698, 1650, 1699, 4)	(837, 810, 838, 4)	(337, 335, -1, 1)	(1912, 592, 1929, 4)	(384, 383, 385, 4)	(-1, -1, -1, 0)	(-1, -1, -1, 0)	(-1, -1, -1, 0)	(-1, -1, -1, 0)	(-1, -1, -1, 0)
77:	(1475, 1385, -1, 7)	(575, 569, 580, 4)	(322, 294, -1, 7)	(1168, 1140, -1, 7)	(826, 797, 830, 4)	(737, 718, 741, 4)	(851, 795, 854, 4)	(296, 294, 299, 4)	(818, 817, -1, 1)	(234, 231, -1, 1)	(2157, 2156, -1, 1)	(1048, 1047, -1, 1)	(-1, -1, -1, 0)	(-1, -1, -1, 0)	(-1, -1, -1, 0)	(-1, -1, -1, 0)
78:	(-1, -1, 1481, 8)	(507, 498, 508, 4)	(-1, -1, 326, 8)	(-1, -1, 1172, 8)	(1683, 1658, 1688, 4)	(642, 498, 643, 4)	(661, 498, 662, 4)	(296, 293, 298, 4)	(537, 535, 541, 4)	(1415, 1412, -1, 1)	(2221, 30, 2222, 4)	(1088, 1087, 1089, 4)	(527, 523, 528, 4)	(-1, -1, -1, 0)	(-1, -1, -1, 0)	(-1, -1, -1, 0)
79:	(1801, 1414, 1807, 4)	(813, 797, 820, 4)	(1662, 1658, 1666, 4)	(1747, 1256, 1749, 4)	(183, 174, 188, 4)	(1162, 1072, 1163, 4)	(1189, 1187, -1, 1)	(2194, 89, 2203, 4)	(2016, 2015, -1, 1)	(2113, 89, 2129, 4)	(-1, -1, -1, 0)	(-1, -1, -1, 0)	(-1, -1, -1, 0)	(-1, -1, -1, 0)	(-1, -1, -1, 0)	(-1, -1, -1, 0)
80:	(633, 616, 635, 4)	(646, 616, -1, 7)	(1747, 1257, 1770, 4)	(1421, 1413, 1422, 4)	(-1, 1413, -1, 5)	(646, 615, -1, 7)	(1076, 1073, 1078, 4)	(1076, 1074, 1079, 4)	(1076, 1072, 1077, 4)	(322, 292, 323, 4)	(1912, 591, 1914, 4)	(2240, 61, 2241, 4)	(895, 894, -1, 1)	(1868, 1867, -1, 1)	(-1, -1, -1, 0)	(-1, -1, -1, 0)
81:	(851, 797, 858, 4)	(-1, -1, 648, 8)	(2061, 110, 2071, 4)	(1142, 1140, 1145, 4)	(1477, -1, 1478, 6)	(-1, -1, 647, 8)	(1697, 1641, 1700, 4)	(1659, 1641, 1663, 4)	(1201, 1200, -1, 1)	(1202, 1200, -1, 1)	(2210, 64, 2211, 4)	(1372, 1365, 1374, 4)	(1035, 1034, -1, 1)	(-1, -1, -1, 0)	(-1, -1, -1, 0)	(-1, -1, -1, 0)
82:	(1699, 1658, 1704, 4)	(646, 617, -1, 7)	(837, 812, 842, 4)	(1154, 1134, 1156, 4)	(1142, 1138, 1143, 4)	(1139, 1137, -1, 1)	(340, 336, 341, 4)	(1243, 1223, 1246, 4)	(765, 764, 768, 4)	(1869, 1867, -1, 1)	(-1, -1, -1, 0)	(-1, -1, -1, 0)	(-1, -1, -1, 0)	(-1, -1, -1, 0)	(-1, -1, -1, 0)	(-1, -1, -1, 0)
83:	(1421, 1414, 1423, 4)	(-1, -1, 649, 8)	(1211, 1188, 1213, 4)	(1523, 1188, 1526, 4)	(1938, 410, 1940, 4)	(1642, 1640, -1, 1)	(1643, 1640, -1, 1)	(1381, 1378, -1, 1)	(2078, 174, 2083, 4)	(1845, 1840, 1847, 4)	(1472, 1369, 1473, 4)	(-1, -1, -1, 0)	(-1, -1, -1, 0)	(-1, -1, -1, 0)	(-1, -1, -1, 0)	(-1, -1, -1, 0)
84:	(1477, 1414, 1481, 4)	(575, 567, 576, 4)	(-1, 567, -1, 5)	(364, 337, 367, 4)	(340, 337, 342, 4)	(537, 533, 538, 4)	(1154, 1133, 1155, 4)	(232, 231, -1, 1)	(1203, 1200, -1, 1)	(1724, 1188, 1725, 4)	(203, 202, -1, 1)	(-1, -1, -1, 0)	(-1, -1, -1, 0)	(-1, -1, -1, 0)	(-1, -1, -1, 0)	(-1, -1, -1, 0)
85:	(827, 818, 828, 4)	(317, 234, 327, 4)	(631, -1, 632, 6)	(816, 812, 820, 4)	(296, 292, 297, 4)	(819, 817, -1, 1)	(1946, 514, 1950, 4)	(1190, 1187, -1, 1)	(1110, 1109, -1, 1)	(-1, -1, -1, 0)	(-1, -1, -1, 0)	(-1, -1, -1, 0)	(-1, -1, -1, 0)	(-1, -1, -1, 0)	(-1, -1, -1, 0)	(-1, -1, -1, 0)
86:	(1477, 1415, 1486, 4)	(1421, 1415, 1426, 4)	(1910, 567, -1, 7)	(1672, 1641, -1, 7)	(852, 804, 853, 4)	(1081, 1072, 1082, 4)	(70, 67, -1, 1)	(527, 524, 529, 4)	(413, 411, 416, 4)	(386, 385, -1, 1)	(95, 94, -1, 1)	(-1, -1, -1, 0)	(-1, -1, -1, 0)	(-1, -1, -1, 0)	(-1, -1, -1, 0)	(-1, -1, -1, 0)
87:	(1523, 1189, 1529, 4)	(674, 234, 683, 4)	(-1, -1, 1911, 8)	(-1, -1, 1673, 8)	(1724, 1189, 1726, 4)	(1424, 1422, -1, 1)	(1425, 1422, -1, 1)	(1665, 1663, -1, 1)	(1204, 1196, 1205, 4)	(1699, 1656, 1700, 4)	(838, 818, 839, 4)	(2011, 2010, -1, 1)	(-1, -1, -1, 0)	(-1, -1, -1, 0)	(-1, -1, -1, 0)	(-1, -1, -1, 0)
88:	(1801, 1413, 1802, 4)	(1801, 1415, 1815, 4)	(1974, 337, 1976, 4)	(356, 354, -1, 1)	(1934, 355, 1935, 4)	(178, 176, 179, 4)	(309, 294, 313, 4)	(1259, 1256, 1261, 4)	(765, 763, 766, 4)	(2012, 2010, -1, 1)	(1887, 1836, 1888, 4)	(-1, -1, -1, 0)	(-1, -1, -1, 0)	(-1, -1, -1, 0)	(-1, -1, -1, 0)	(-1, -1, -1, 0)
89:	(1737, 1035, 1770, 4)	(1743, 1202, 1766, 4)	(1211, 1189, 1214, 4)	(1078, 1077, -1, 1)	(1683, 1656, 1684, 4)	(1145, 1143, -1, 1)	(359, 355, 360, 4)	(1146, 1143, -1, 1)	(1090, 1089, -1, 1)	(109, 108, -1, 1)	(1053, 1052, -1, 1)	(-1, -1, -1, 0)	(-1, -1, -1, 0)	(-1, -1, -1, 0)	(-1, -1, -1, 0)	(-1, -1, -1, 0)
90:	(1423, 1422, -1, 1)	(577, 576, -1, 1)	(578, 576, -1, 1)	(579, 576, -1, 1)	(580, 576, -1, 1)	(1142, 1139, 1144, 4)	(71, 61, 73, 4)	(539, 538, -1, 1)	(540, 538, -1, 1)	(1168, 1138, 1169, 4)	(1079, 1077, -1, 1)	(1168, 1139, -1, 7)	(1292, 1290, 1293, 4)	(2143, 2142, -1, 1)	(-1, -1, -1, 0)	(-1, -1, -1, 0)
91:	(1697, 1643, 1704, 4)	(1659, 1642, 1664, 4)	(1697, 1642, 1701, 4)	(1155, 1138, 1156, 4)	(233, 231, -1, 1)	(820, 817, -1, 1)	(1080, 1077, -1, 1)	(541, 538, -1, 1)	(13, 12, -1, 1)	(1049, 1047, -1, 1)	(112, 111, -1, 1)	(-1, -1, 1171, 8)	(-1, -1, -1, 0)	(-1, -1, -1, 0)	(-1, -1, -1, 0)	(-1, -1, -1, 0)
92:	(1474, 1381, 1485, 4)	(853, 812, 858, 4)	(1426, 1422, -1, 1)	(1672, 1642, -1, 7)	(1383, 1381, 1387, 4)	(1743, 1201, 1744, 4)	(68, 67, -1, 1)	(1913, 595, 1929, 4)	(308, 289, 312, 4)	(1372, 1366, 1376, 4)	(2014, 2013, -1, 1)	(-1, -1, -1, 0)	(-1, -1, -1, 0)	(-1, -1, -1, 0)	(-1, -1, -1, 0)	(-1, -1, -1, 0)
93:	(1950, 534, 1954, 4)	(1724, 1190, 1731, 4)	(1523, 1190, 1531, 4)	(-1, -1, 1674, 8)	(1672, 1643, 1676, 4)	(1524, 1201, 1525, 4)	(338, 335, -1, 1)	(413, 410, 415, 4)	(2009, 2007, -1, 1)	(41, 39, -1, 1)	(2008, 2007, -1, 1)	(-1, -1, -1, 0)	(-1, -1, -1, 0)	(-1, -1, -1, 0)	(-1, -1, -1, 0)	(-1, -1, -1, 0)
94:	(1524, 1202, 1529, 4)	(1524, 1203, 1532, 4)	(1659, 1643, 1666, 4)	(1205, 1202, 1208, 4)	(298, 297, -1, 1)	(1205, 1201, 1206, 4)	(678, 355, 679, 4)	(300, 297, -1, 1)	(14, 8, 16, 4)	(1373, 1370, 1375, 4)	(768, 766, -1, 1)	(1988, 207, 1989, 4)	(-1, -1, -1, 0)	(-1, -1, -1, 0)	(-1, -1, -1, 0)	(-1, -1, -1, 0)
95:	(1478, 1424, 1483, 4)	(1478, 1425, 1484, 4)	(1743, 1203, 1770, 4)	(1512, 1425, 1517, 4)	(342, 341, -1, 1)	(343, 341, -1, 1)	(357, 354, -1, 1)	(2046, 114, 2047, 4)	(1155, 1140, 1159, 4)	(442, 441, 443, 4)	(93, 92, -1, 1)	(-1, -1, -1, 0)	(-1, -1, -1, 0)	(-1, -1, -1, 0)	(-1, -1, -1, 0)	(-1, -1, -1, 0)
96:	(1512, 1424, 1515, 4)	(1934, 356, 1957, 4)	(1802, 1424, 1809, 4)	(827, 819, 829, 4)	(1144, 1143, -1, 1)	(1950, 533, 1951, 4)	(2210, 65, 2217, 4)	(1682, 1628, 1686, 4)	(1699, 1657, 1702, 4)	(1295, 1293, -1, 1)	(-1, -1, -1, 0)	(-1, -1, -1, 0)	(-1, -1, -1, 0)	(-1, -1, -1, 0)	(-1, -1, -1, 0)	(-1, -1, -1, 0)
97:	(678, 356, 683, 4)	(1169, 1145, 1172, 4)	(1536, 1145, 1539, 4)	(359, 356, 362, 4)	(2031, 2011, 2034, 4)	(361, 360, -1, 1)	(181, 179, -1, 1)	(182, 179, -1, 1)	(322, 293, -1, 7)	(154, 151, 156, 4)	(989, 984, 991, 4)	(-1, 109, -1, 5)	(142, 140, -1, 1)	(-1, -1, -1, 0)	(-1, -1, -1, 0)	(-1, -1, -1, 0)
98:	(632, 577, 635, 4)	(1478, 1423, 1481, 4)	(632, 578, 637, 4)	(632, 580, 639, 4)	(632, 579, 638, 4)	(1911, 577, 1916, 4)	(1802, 1423, -1, 7)	(1547, 1423, 1548, 4)	(-1, -1, 325, 8)	(1547, 1424, 1550, 4)	(666, 580, 672, 4)	(2061, -1, 2070, 6)	(1802, 1425, 1811, 4)	(264, 263, -1, 1)	(-1, -1, -1, 0)	(-1, -1, -1, 0)
99:	(629, 541, 640, 4)	(666, 577, 667, 4)	(666, 579, 671, 4)	(838, 820, 842, 4)	(1911, 578, 1918, 4)	(1547, 1425, 1552, 4)	(-1, -1, 1807, 8)	(836, 782, 840, 4)	(1081, 1074, 1084, 4)	(1229, 1228, -1, 1)	(-1, -1, -1, 0)	(-1, -1, -1, 0)	(-1, -1, -1, 0)	(-1, -1, -1, 0)	(-1, -1, -1, 0)	(-1, -1, -1, 0)
100:	(1478, 1426, 1486, 4)	(1512, 1423, 1513, 4)	(701, 577, 702, 4)	(1520, 1080, 1529, 4)	(701, 578, 704, 4)	(1802, 1426, 1815, 4)	(701, 580, 707, 4)	(1547, 1426, 1555, 4)	(1169, 1146, 1174, 4)	(1596, 1595, -1, 1)	(1036, 1031, 1037, 4)	(-1, -1, -1, 0)	(-1, -1, -1, 0)	(-1, -1, -1, 0)	(-1, -1, -1, 0)	(-1, -1, -1, 0)
101:	(666, 578, 669, 4)	(1512, 1426, 1519, 4)	(1911, 579, 1920, 4)	(1163, 1080, 1173, 4)	(827, 820, 830, 4)	(1009, 1006, 1011, 4)	(1910, 569, 1929, 4)	(1153, 1130, 1158, 4)	(205, 204, -1, 1)	(-1, -1, -1, 0)	(-1, -1, -1, 0)	(-1, -1, -1, 0)	(-1, -1, -1, 0)	(-1, -1, -1, 0)	(-1, -1, -1, 0)	(-1, -1, -1, 0)
102:	(1951, 539, 1954, 4)	(663, 541, 673, 4)	(1951, 540, 1956, 4)	(323, 300, 328, 4)	(78, 70, 82, 4)	(1205, 1203, 1209, 4)	(299, 297, -1, 1)	(1208, 1206, -1, 1)	(1296, 1290, 1297, 4)	(1568, 1566, -1, 1)	(-1, -1, -1, 0)	(-1, -1, -1, 0)	(-1, -1, -1, 0)	(-1, -1, -1, 0)	(-1, -1, -1, 0)	(-1, -1, -1, 0)
103:	(629, 539, -1, 7)	(677, 343, 683, 4)	(-1, 343, -1, 5)	(701, 579, 706, 4)	(365, 343, 368, 4)	(364, 338, -1, 7)	(365, 342, 367, 4)	(677, 342, 680, 4)	(340, 338, 344, 4)	(1664, 1663, -1, 1)	(774, 764, 777, 4)	(1156, 1145, 1159, 4)	(-1, -1, -1, 0)	(-1, -1, -1, 0)	(-1, -1, -1, 0)	(-1, -1, -1, 0)
104:	(-1, -1, 635, 8)	(629, 540, 637, 4)	(1975, -1, 1977, 6)	(678, 357, 686, 4)	(674, 233, 676, 4)	(-1, -1, 370, 8)	(126, 112, 129, 4)	(2026, 2008, 2028, 4)	(1387, 1384, -1, 1)	(180, 179, -1, 1)	(-1, -1, -1, 0)	(-1, -1, -1, 0)	(-1, -1, -1, 0)	(-1, -1, -1, 0)	(-1, -1, -1, 0)	(-1, -1, -1, 0)
105:	(663, 539, -1, 7)	(1536, 1146, 1552, 4)	(317, 233, 326, 4)	(190, 182, 193, 4)	(359, 357, 363, 4)	(2026, 2009, 2029, 4)	(1666, 1663, -1, 1)	(78, 68, 79, 4)	(2211, 68, -1, 7)	(2097, 136, 2098, 4)	(2132, 2131, 2133, 4)	(-1, -1, -1, 0)	(-1, -1, -1, 0)	(-1, -1, -1, 0)	(-1, -1, -1, 0)	(-1, -1, -1, 0)
106:	(-1, -1, 667, 8)	(190, 181, 192, 4)	(1520, 1079, 1522, 4)	(184, 181, 186, 4)	(362, 360, -1, 1)	(69, 67, -1, 1)	(1683, 1657, 1686, 4)	(1291, 1289, -1, 1)	(-1, -1, 2212, 8)	(735, 711, 738, 4)	(1038, 1037, -1, 1)	(-1, -1, -1, 0)	(-1, -1, -1, 0)	(-1, -1, -1, 0)	(-1, -1, -1, 0)	(-1, -1, -1, 0)
107:	(663, 540, 669, 4)	(1673, 1665, 1675, 4)	(1211, 1190, 1215, 4)	(853, 810, 854, 4)	(2065, 176, 2066, 4)	(2117, 1592, 2127, 4)	(1156, 1146, 1160, 4)	(418, 409, 419, 4)	(416, 414, -1, 1)	(884, 883, -1, 1)	(877, 876, -1, 1)	(-1, -1, -1, 0)	(-1, -1, -1, 0)	(-1, -1, -1, 0)	(-1, -1, -1, 0)	(-1, -1, -1, 0)
108:	(1163, 1079, 1172, 4)	(184, 182, 187, 4)	(1935, 361, 1936, 4)	(2225, 2143, 2226, 4)	(1220, 1219, 1222, 4)	(730, 725, 732, 4)	(2050, 200, 2055, 4)	(1373, 1369, 1374, 4)	(-1, -1, -1, 0)	(-1, -1, -1, 0)	(-1, -1, -1, 0)	(-1, -1, -1, 0)	(-1, -1, -1, 0)	(-1, -1, -1, 0)	(-1, -1, -1, 0)	(-1, -1, -1, 0)
109:	(690, 300, 706, 4)	(72, 70, 75, 4)	(2101, 2011, 2105, 4)	(1207, 1206, -1, 1)	(366, 361, 367, 4)	(2052, 205, 2053, 4)	(769, 768, 771, 4)	(1169, 1144, 1171, 4)	(767, 766, -1, 1)	(124, 122, -1, 1)	(125, 122, -1, 1)	(-1, -1, -1, 0)	(-1, -1, -1, 0)	(-1, -1, -1, 0)	(-1, -1, -1, 0)	(-1, -1, -1, 0)
110:	(1525, 1208, 1529, 4)	(1694, 1568, 1704, 4)	(1744, 1208, 1766, 4)	(129, 127, -1, 1)	(2222, 41, 2231, 4)	(2028, 2027, -1, 1)	(690, 298, 692, 4)	(323, 298, 325, 4)	(1947, 519, 1949, 4)	(4, 2, -1, 1)	(15, 13, 19, 4)	(-1, -1, -1, 0)	(-1, -1, -1, 0)	(-1, -1, -1, 0)	(-1, -1, -1, 0)	(-1, -1, -1, 0)
111:	(1540, 1295, 1552, 4)	(323, 299, 326, 4)	(1673, 1664, 1674, 4)	(690, 299, 693, 4)	(1212, 1208, 1214, 4)	(1209, 1206, -1, 1)	(1297, 1295, 1300, 4)	(445, 443, -1, 1)	(236, 232, 237, 4)	(98, 97, -1, 1)	(-1, -1, -1, 0)	(-1, -1, -1, 0)	(-1, -1, -1, 0)	(-1, -1, -1, 0)	(-1, -1, -1, 0)	(-1, -1, -1, 0)
112:	(1475, 1387, 1485, 4)	(1509, 1387, 1518, 4)	(1684, 1664, 1685, 4)	(1755, 1360, 1759, 4)	(679, 361, 680, 4)	(1975, 342, 1976, 4)	(1154, 1135, 1158, 4)	(242, 241, 243, 4)	(1757, 1369, 1758, 4)	(-1, -1, -1, 0)	(-1, -1, -1, 0)	(-1, -1, -1, 0)	(-1, -1, -1, 0)	(-1, -1, -1, 0)	(-1, -1, -1, 0)	(-1, -1, -1, 0)
113:	(854, 820, 858, 4)	(1673, 1666, 1676, 4)	(1700, 1664, 1701, 4)	(854, 818, 855, 4)	(363, 360, -1, 1)	(344, 341, -1, 1)	(1081, 1073, 1083, 4)	(316, 227, 318, 4)	(1700, 1665, 1702, 4)	(1230, 1229, 1231, 4)	(-1, -1, -1, 0)	(-1, -1, -1, 0)	(-1, -1, -1, 0)	(-1, -1, -1, 0)	(-1, -1, -1, 0)	(-1, -1, -1, 0)
114:	(1738, 1038, -1, 7)	(1684, 1666, 1688, 4)	(2066, 182, 2071, 4)	(2211, 69, -1, 7)	(72, 68, 73, 4)	(2029, 2027, -1, 1)	(2031, 2012, 2037, 4)	(1373, 1371, 1376, 4)	(415, 414, -1, 1)	(1264, 1255, 1265, 4)	(-1, -1, -1, 0)	(-1, -1, -1, 0)	(-1, -1, -1, 0)	(-1, -1, -1, 0)	(-1, -1, -1, 0)	(-1, -1, -1, 0)
115:	(-1, -1, 1770, 8)	(419, 416, 423, 4)	(2066, 181, 2068, 4)	(-1, -1, 2213, 8)	(143, 136, 145, 4)	(2102, 2014, 2103, 4)	(235, 228, 238, 4)	(1082, 1080, 1085, 4)	(444, 443, -1, 1)	(2025, 2022, -1, 1)	(1026, 1025, -1, 1)	(-1, -1, -1, 0)	(-1, -1, -1, 0)	(-1, -1, -1, 0)	(-1, -1, -1, 0)	(-1, -1, -1, 0)
116:	(679, 362, 683, 4)	(1700, 1666, 1704, 4)	(1935, 362, 1957, 4)	(366, 362, 368, 4)	(184, 180, 185, 4)	(2066, 180, 2067, 4)	(2211, 70, 2217, 4)	(310, 300, 314, 4)	(1375, 1374, -1, 1)	(2135, 2133, -1, 1)	(924, 923, -1, 1)	(-1, -1, -1, 0)	(-1, -1, -1, 0)	(-1, -1, -1, 0)	(-1, -1, -1, 0)	(-1, -1, -1, 0)
117:	(72, 69, 74, 4)	(78, 69, 80, 4)	(1212, 1207, 1213, 4)	(1525, 1207, 1526, 4)	(190, 180, 191, 4)	(1572, 1571, 1574, 4)	(527, 525, 530, 4)	(1611, 1609, 1612, 4)	(26, 24, -1, 1)	(162, 161, -1, 1)	(-1, -1, -1, 0)	(-1, -1, -1, 0)	(-1, -1, -1, 0)	(-1, -1, -1, 0)	(-1, -1, -1, 0)	(-1, -1, -1, 0)
118:	(1759, 1380, 1763, 4)	(1744, 1207, 1745, 4)	(2196, 93, 2197, 4)	(2050, 201, 2058, 4)	(1989, 210, 1998, 4)	(310, 299, 313, 4)	(154, 152, 158, 4)	(774, 763, 775, 4)	(-1, -1, -1, 0)	(-1, -1, -1, 0)	(-1, -1, -1, 0)	(-1, -1, -1, 0)	(-1, -1, -1, 0)	(-1, -1, -1, 0)	(-1, -1, -1, 0)	(-1, -1, -1, 0)
119:	(1525, 1209, 1532, 4)	(1759, 1379, 1760, 4)	(1947, 520, 1968, 4)	(1911, 580, 1929, 4)	(2045, 110, 2059, 4)	(2183, 22, 2186, 4)	(1233, 1231, -1, 1)	(1222, 1221, -1, 1)	(244, 243, -1, 1)	(2138, 2136, -1, 1)	(-1, -1, -1, 0)	(-1, -1, -1, 0)	(-1, -1, -1, 0)	(-1, -1, -1, 0)	(-1, -1, -1, 0)	(-1, -1, -1, 0)
120:	(1212, 1209, 1216, 4)	(75, 73, -1, 1)	(2226, 2154, 2229, 4)	(76, 73, -1, 1)	(1155, 1139, 1158, 4)	(756, 750, 759, 4)	(2160, 2141, 2166, 4)	(719, 712, 721, 4)	(388, 386, 389, 4)	(1051, 1050, -1, 1)	(-1, -1, -1, 0)	(-1, -1, -1, 0)	(-1, -1, -1, 0)	(-1, -1, -1, 0)	(-1, -1, -1, 0)	(-1, -1, -1, 0)
121:	(1744, 1209, 1770, 4)	(679, 363, 686, 4)	(677, 344, 687, 4)	(365, 344, 370, 4)	(2047, 124, 2049, 4)	(446, 445, 448, 4)	(450, 445, 452, 4)	(1108, 1107, 1111, 4)	(1082, 1078, 1083, 4)	(-1, -1, -1, 0)	(-1, -1, -1, 0)	(-1, -1, -1, 0)	(-1, -1, -1, 0)	(-1, -1, -1, 0)	(-1, -1, -1, 0)	(-1, -1, -1, 0)
122:	(419, 415, 420, 4)	(366, 363, 369, 4)	(368, 367, -1, 1)	(186, 185, -1, 1)	(187, 185, -1, 1)	(188, 185, -1, 1)	(1620, 1610, 1623, 4)	(309, 293, 312, 4)	(392, 386, 393, 4)	(1117, 1110, 1118, 4)	(-1, -1, -1, 0)	(-1, -1, -1, 0)	(-1, -1, -1, 0)	(-1, -1, -1, 0)	(-1, -1, -1, 0)	(-1, -1, -1, 0)
123:	(1214, 1213, -1, 1)	(1215, 1213, -1, 1)	(74, 73, -1, 1)	(837, 811, 840, 4)	(853, 811, 856, 4)	(2190, 4, 2204, 4)	(2038, 218, 2041, 4)	(1746, 1251, 1748, 4)	(2039, 2029, 2043, 4)	(1232, 1231, -1, 1)	(147, 145, -1, 1)	(-1, -1, -1, 0)	(-1, -1, -1, 0)	(-1, -1, -1, 0)	(-1, -1, -1, 0)	(-1, -1, -1, 0)
124:	(1758, 1375, 1763, 4)	(1473, 1375, 1481, 4)	(2176, 2135, 2178, 4)	(2197, 103, 2200, 4)	(1258, 1252, 1262, 4)	(1296, 1291, 1298, 4)	(2159, 2135, 2164, 4)	(1613, 1612, -1, 1)	(2197, 101, 2198, 4)	(2237, 25, 2246, 4)	(123, 122, -1, 1)	(-1, -1, -1, 0)	(-1, -1, -1, 0)	(-1, -1, -1, 0)	(-1, -1, -1, 0)	(-1, -1, -1, 0)
125:	(1760, 1386, 1765, 4)	(2103, 2025, 2106, 4)	(1292, 1291, 1294, 4)	(726, 725, 728, 4)	(153, 129, 157, 4)	(2206, 3, 2216, 4)	(529, 528, -1, 1)	(530, 528, -1, 1)	(132, 130, -1, 1)	(116, 115, -1, 1)	(28, 27, -1, 1)	(-1, -1, -1, 0)	(-1, -1, -1, 0)	(-1, -1, -1, 0)	(-1, -1, -1, 0)	(-1, -1, -1, 0)
126:	(1216, 1213, -1, 1)	(1937, 406, 1968, 4)	(2051, 203, 2058, 4)	(2206, 4, 2217, 4)	(1082, 1079, 1084, 4)	(769, 767, 770, 4)	(1614, 1612, -1, 1)	(775, 767, 776, 4)	(245, 243, -1, 1)	(-1, -1, -1, 0)	(-1, -1, -1, 0)	(-1, -1, -1, 0)	(-1, -1, -1, 0)	(-1, -1, -1, 0)	(-1, -1, -1, 0)	(-1, -1, -1, 0)
127:	(1759, 1381, 1770, 4)	(2155, 2138, 2158, 4)	(370, 367, -1, 1)	(775, 768, 777, 4)	(1156, 1144, 1158, 4)	(757, 752, 759, 4)	(1684, 1665, 1686, 4)	(450, 444, 451, 4)	(317, 232, 318, 4)	(-1, -1, -1, 0)	(-1, -1, -1, 0)	(-1, -1, -1, 0)	(-1, -1, -1, 0)	(-1, -1, -1, 0)	(-1, -1, -1, 0)	(-1, -1, -1, 0)
128:	(79, 75, 82, 4)	(79, 76, 83, 4)	(1603, 1598, 1605, 4)	(310, 298, 312, 4)	(153, 128, 156, 4)	(1224, 1218, 1225, 4)	(1111, 1109, -1, 1)	(250, 244, 251, 4)	(1988, 208, 1990, 4)	(-1, -1, -1, 0)	(-1, -1, -1, 0)	(-1, -1, -1, 0)	(-1, -1, -1, 0)	(-1, -1, -1, 0)	(-1, -1, -1, 0)	(-1, -1, -1, 0)
129:	(369, 367, -1, 1)	(2212, 76, 2219, 4)	(1536, 1144, 1538, 4)	(2167, 106, 2170, 4)	(262, 261, 265, 4)	(1565, 1558, 1567, 4)	(387, 385, -1, 1)	(1581, 1557, 1584, 4)	(1747, 1255, 1748, 4)	(158, 155, -1, 1)	(-1, -1, -1, 0)	(-1, -1, -1, 0)	(-1, -1, -1, 0)	(-1, -1, -1, 0)	(-1, -1, -1, 0)	(-1, -1, -1, 0)
130:	(1760, 1385, 1763, 4)	(680, 368, 683, 4)	(-1, 368, -1, 5)	(1976, 368, 1977, 4)	(191, 187, 193, 4)	(191, 188, 194, 4)	(2067, 186, 2068, 4)	(236, 234, 239, 4)	(391, 389, -1, 1)	(1841, 1838, 1842, 4)	(2134, 2133, -1, 1)	(-1, -1, -1, 0)	(-1, -1, -1, 0)	(-1, -1, -1, 0)	(-1, -1, -1, 0)	(-1, -1, -1, 0)
131:	(1526, 1214, 1529, 4)	(1745, 1215, 1769, 4)	(1936, -1, 1957, 6)	(1526, 1215, 1531, 4)	(1745, 1214, 1766, 4)	(1725, 1214, -1, 7)	(2067, 188, 2072, 4)	(2241, 74, 2242, 4)	(2183, 23, 2187, 4)	(-1, 2042, -1, 5)	(1294, 1293, -1, 1)	(-1, -1, -1, 0)	(-1, -1, -1, 0)	(-1, -1, -1, 0)	(-1, -1, -1, 0)	(-1, -1, -1, 0)
132:	(1725, 1215, 1731, 4)	(2067, 187, 2071, 4)	(79, 74, 80, 4)	(2212, 74, 2213, 4)	(2212, 75, 2217, 4)	(-1, -1, 1726, 8)	(1234, 1233, 1236, 4)	(1238, 1233, 1240, 4)	(1973, 333, 1985, 4)	(2106, -1, 2108, 6)	(-1, -1, -1, 0)	(-1, -1, -1, 0)	(-1, -1, -1, 0)	(-1, -1, -1, 0)	(-1, -1, -1, 0)	(-1, -1, -1, 0)
133:	(1760, 1387, 1770, 4)	(2079, 187, 2082, 4)	(2158, 2156, -1, 1)	(2098, 147, 2100, 4)	(2079, 188, 2083, 4)	(1303, 1302, 1304, 4)	(1615, 1613, 1616, 4)	(2053, 213, 2054, 4)	(-1, -1, -1, 0)	(-1, -1, -1, 0)	(-1, -1, -1, 0)	(-1, -1, -1, 0)	(-1, -1, -1, 0)	(-1, -1, -1, 0)	(-1, -1, -1, 0)	(-1, -1, -1, 0)
134:	(1725, 1216, 1732, 4)	(1526, 1216, 1532, 4)	(1941, 427, 1968, 4)	(1258, 1251, 1260, 4)	(1615, 1614, 1617, 4)	(838, 819, 840, 4)	(2194, 88, 2199, 4)	(730, 724, 731, 4)	(-1, -1, -1, 0)	(-1, -1, -1, 0)	(-1, -1, -1, 0)	(-1, -1, -1, 0)	(-1, -1, -1, 0)	(-1, -1, -1, 0)	(-1, -1, -1, 0)	(-1, -1, -1, 0)
135:	(680, 370, 687, 4)	(1584, 1568, 1587, 4)	(2045, 109, 2058, 4)	(2198, 107, 2203, 4)	(1621, 1614, 1623, 4)	(1602, 1596, 1605, 4)	(265, 263, -1, 1)	(1091, 1089, -1, 1)	(1567, 1566, -1, 1)	(1433, 1428, 1434, 4)	(-1, -1, -1, 0)	(-1, -1, -1, 0)	(-1, -1, -1, 0)	(-1, -1, -1, 0)	(-1, -1, -1, 0)	(-1, -1, -1, 0)
136:	(191, 186, 192, 4)	(43, 28, 46, 4)	(1936, 370, 1969, 4)	(2075, 132, 2085, 4)	(246, 245, 248, 4)	(1576, 1571, 1578, 4)	(2039, 2028, 2041, 4)	(1576, 1570, 1577, 4)	(239, 237, -1, 1)	(980, 979, -1, 1)	(-1, -1, -1, 0)	(-1, -1, -1, 0)	(-1, -1, -1, 0)	(-1, -1, -1, 0)	(-1, -1, -1, 0)	(-1, -1, -1, 0)
137:	(680, 369, 686, 4)	(2079, 186, 2080, 4)	(2049, 158, 2060, 4)	(388, 387, 390, 4)	(854, 819, 856, 4)	(2167, 107, 2171, 4)	(719, 711, 720, 4)	(1844, 1842, -1, 1)	(170, 169, -1, 1)	(-1, -1, -1, 0)	(-1, -1, -1, 0)	(-1, -1, -1, 0)	(-1, -1, -1, 0)	(-1, -1, -1, 0)	(-1, -1, -1, 0)	(-1, -1, -1, 0)
138:	(654, 391, 669, 4)	(2159, 2134, 2163, 4)	(2176, 2134, 2177, 4)	(81, 80, -1, 1)	(82, 80, -1, 1)	(392, 387, 394, 4)	(1112, 1111, 1114, 4)	(393, 391, 396, 4)	(446, 444, 447, 4)	(1092, 1090, 1093, 4)	(-1, -1, -1, 0)	(-1, -1, -1, 0)	(-1, -1, -1, 0)	(-1, -1, -1, 0)	(-1, -1, -1, 0)	(-1, -1, -1, 0)
139:	(83, 80, -1, 1)	(1976, 369, 1984, 4)	(2241, 75, 2245, 4)	(1117, 1111, 1119, 4)	(250, 245, 252, 4)	(236, 233, 238, 4)	(771, 770, -1, 1)	(772, 770, -1, 1)	(-1, -1, -1, 0)	(-1, -1, -1, 0)	(-1, -1, -1, 0)	(-1, -1, -1, 0)	(-1, -1, -1, 0)	(-1, -1, -1, 0)	(-1, -1, -1, 0)	(-1, -1, -1, 0)
140:	(1745, 1216, 1770, 4)	(1946, 516, 1968, 4)	(1259, 1257, 1262, 4)	(1305, 1304, -1, 1)	(374, 372, 375, 4)	(1259, 1255, 1260, 4)	(1843, 1842, -1, 1)	(1084, 1083, -1, 1)	(674, 232, 675, 4)	(1085, 1083, -1, 1)	(-1, -1, -1, 0)	(-1, -1, -1, 0)	(-1, -1, -1, 0)	(-1, -1, -1, 0)	(-1, -1, -1, 0)	(-1, -1, -1, 0)
141:	(2054, 219, 2058, 4)	(2047, 125, 2059, 4)	(2168, 2158, 2172, 4)	(2168, 2157, 2170, 4)	(1238, 1232, 1239, 4)	(1096, 1090, 1097, 4)	(1376, 1374, -1, 1)	(2003, 2002, 2004, 4)	(-1, -1, -1, 0)	(-1, -1, -1, 0)	(-1, -1, -1, 0)	(-1, -1, -1, 0)	(-1, -1, -1, 0)	(-1, -1, -1, 0)	(-1, -1, -1, 0)	(-1, -1, -1, 0)
142:	(46, 44, -1, 1)	(2184, 45, 2186, 4)	(1306, 1304, -1, 1)	(1617, 1616, -1, 1)	(246, 244, 247, 4)	(1618, 1616, -1, 1)	(1572, 1570, 1573, 4)	(925, 924, 926, 4)	(1055, 1051, 1056, 4)	(2187, 2185, -1, 1)	(1013, 1011, -1, 1)	(-1, -1, -1, 0)	(-1, -1, -1, 0)	(-1, -1, -1, 0)	(-1, -1, -1, 0)	(-1, -1, -1, 0)
143:	(1584, 1567, 1586, 4)	(1694, 1567, -1, 7)	(266, 265, 268, 4)	(1092, 1091, 1094, 4)	(1112, 1110, 1113, 4)	(266, 264, 267, 4)	(157, 155, -1, 1)	(156, 155, -1, 1)	(215, 212, -1, 1)	(-1, -1, -1, 0)	(-1, -1, -1, 0)	(-1, -1, -1, 0)	(-1, -1, -1, 0)	(-1, -1, -1, 0)	(-1, -1, -1, 0)	(-1, -1, -1, 0)
144:	(318, 239, 327, 4)	(-1, -1, 1695, 8)	(1096, 1091, 1098, 4)	(1234, 1232, 1235, 4)	(390, 389, -1, 1)	(1621, 1613, 1622, 4)	(1948, 523, 1949, 4)	(2171, 2169, -1, 1)	(2146, 2145, 2148, 4)	(922, 920, -1, 1)	(-1, -1, -1, 0)	(-1, -1, -1, 0)	(-1, -1, -1, 0)	(-1, -1, -1, 0)	(-1, -1, -1, 0)	(-1, -1, -1, 0)
145:	(189, 170, 192, 4)	(2087, 170, 2088, 4)	(1921, 1844, 1929, 4)	(1846, 1844, 1849, 4)	(1297, 1294, 1298, 4)	(1540, 1294, 1541, 4)	(890, 880, 891, 4)	(131, 130, -1, 1)	(587, 582, 588, 4)	(-1, -1, -1, 0)	(-1, -1, -1, 0)	(-1, -1, -1, 0)	(-1, -1, -1, 0)	(-1, -1, -1, 0)	(-1, -1, -1, 0)	(-1, -1, -1, 0)
146:	(675, 239, 683, 4)	(2175, 81, 2178, 4)	(2175, 82, 2180, 4)	(1932, 347, 1968, 4)	(2213, 82, 2217, 4)	(376, 375, -1, 1)	(377, 375, -1, 1)	(238, 237, -1, 1)	(2164, 2163, -1, 1)	(1820, 918, 1821, 4)	(96, 94, -1, 1)	(-1, -1, -1, 0)	(-1, -1, -1, 0)	(-1, -1, -1, 0)	(-1, -1, -1, 0)	(-1, -1, -1, 0)
147:	(2213, 81, 2214, 4)	(821, 772, 828, 4)	(2213, 83, 2219, 4)	(776, 771, 777, 4)	(776, 772, 778, 4)	(448, 447, -1, 1)	(1261, 1260, -1, 1)	(449, 447, -1, 1)	(726, 724, 727, 4)	(1262, 1260, -1, 1)	(722, 720, -1, 1)	(2043, 2040, -1, 1)	(2041, 2040, -1, 1)	(-1, -1, -1, 0)	(-1, -1, -1, 0)	(-1, -1, -1, 0)
148:	(2242, 81, 2243, 4)	(2175, 83, 2182, 4)	(2242, 82, 2245, 4)	(457, 456, 458, 4)	(1307, 1305, 1308, 4)	(270, 260, 271, 4)	(248, 247, -1, 1)	(1163, 1078, 1164, 4)	(928, 926, -1, 1)	(2005, 2004, -1, 1)	(-1, -1, -1, 0)	(-1, -1, -1, 0)	(-1, -1, -1, 0)	(-1, -1, -1, 0)	(-1, -1, -1, 0)	(-1, -1, -1, 0)
149:	(1758, 1376, 1770, 4)	(268, 267, -1, 1)	(1114, 1113, -1, 1)	(1115, 1113, -1, 1)	(269, 267, -1, 1)	(1094, 1093, -1, 1)	(821, 771, 822, 4)	(1095, 1093, -1, 1)	(721, 720, -1, 1)	(1921, 1843, 1922, 4)	(887, 882, 888, 4)	(2062, 116, 2063, 4)	(-1, -1, -1, 0)	(-1, -1, -1, 0)	(-1, -1, -1, 0)	(-1, -1, -1, 0)
150:	(1473, 1376, 1485, 4)	(1949, 529, 1954, 4)	(1667, 1618, 1674, 4)	(2184, 46, 2188, 4)	(2231, 2187, 2233, 4)	(1236, 1235, -1, 1)	(1237, 1235, -1, 1)	(1574, 1573, -1, 1)	(1575, 1573, -1, 1)	(927, 926, -1, 1)	(1435, 1434, -1, 1)	(-1, -1, -1, 0)	(-1, -1, -1, 0)	(-1, -1, -1, 0)	(-1, -1, -1, 0)	(-1, -1, -1, 0)
151:	(2053, 215, 2056, 4)	(193, 192, -1, 1)	(194, 192, -1, 1)	(1307, 1306, 1309, 4)	(1622, 1618, 1624, 4)	(1667, 1617, 1668, 4)	(906, 902, 907, 4)	(2062, 117, 2064, 4)	(2172, 2169, -1, 1)	(589, 588, -1, 1)	(1012, 1011, -1, 1)	(-1, -1, -1, 0)	(-1, -1, -1, 0)	(-1, -1, -1, 0)	(-1, -1, -1, 0)	(-1, -1, -1, 0)
152:	(1948, 525, 1968, 4)	(2200, 2171, -1, 7)	(2049, 157, 2058, 4)	(1622, 1617, 1623, 4)	(1056, 1054, 1059, 4)	(1299, 1298, -1, 1)	(654, 390, 655, 4)	(1300, 1298, -1, 1)	(171, 169, -1, 1)	(2170, 2169, -1, 1)	(900, 898, -1, 1)	(-1, -1, -1, 0)	(-1, -1, -1, 0)	(-1, -1, -1, 0)	(-1, -1, -1, 0)	(-1, -1, -1, 0)
153:	(2096, 131, 2110, 4)	(-1, -1, 2203, 8)	(1311, 1305, 1312, 4)	(393, 390, 394, 4)	(626, 523, 627, 4)	(728, 727, -1, 1)	(2053, 214, 2055, 4)	(2020, 2018, -1, 1)	(-1, -1, -1, 0)	(-1, -1, -1, 0)	(-1, -1, -1, 0)	(-1, -1, -1, 0)	(-1, -1, -1, 0)	(-1, -1, -1, 0)	(-1, -1, -1, 0)	(-1, -1, -1, 0)
154:	(2177, 2164, 2178, 4)	(318, 238, 326, 4)	(1164, 1085, 1173, 4)	(397, 377, 400, 4)	(2075, 131, -1, 7)	(271, 265, 273, 4)	(459, 458, -1, 1)	(1846, 1843, 1847, 4)	(1599, 1594, 1600, 4)	(-1, -1, -1, 0)	(-1, -1, -1, 0)	(-1, -1, -1, 0)	(-1, -1, -1, 0)	(-1, -1, -1, 0)	(-1, -1, -1, 0)	(-1, -1, -1, 0)
155:	(1748, 1262, 1770, 4)	(848, 722, 858, 4)	(694, 449, 706, 4)	(2063, 119, -1, 7)	(-1, -1, 2083, 8)	(1265, 1262, 1269, 4)	(1310, 1308, -1, 1)	(893, 891, -1, 1)	(1225, 1223, 1227, 4)	(889, 888, -1, 1)	(-1, -1, -1, 0)	(-1, -1, -1, 0)	(-1, -1, -1, 0)	(-1, -1, -1, 0)	(-1, -1, -1, 0)	(-1, -1, -1, 0)
156:	(1164, 1084, 1172, 4)	(1265, 1261, 1266, 4)	(675, 238, 676, 4)	(-1, -1, 2071, 8)	(2089, 2005, 2090, 4)	(1311, 1306, 1313, 4)	(1056, 1053, 1058, 4)	(271, 264, 272, 4)	(166, 165, 167, 4)	(-1, -1, -1, 0)	(-1, -1, -1, 0)	(-1, -1, -1, 0)	(-1, -1, -1, 0)	(-1, -1, -1, 0)	(-1, -1, -1, 0)	(-1, -1, -1, 0)
157:	(1122, 1115, 1124, 4)	(276, 269, 278, 4)	(848, 721, -1, 7)	(2030, 2005, 2034, 4)	(1118, 1115, 1120, 4)	(451, 449, 454, 4)	(1097, 1095, 1100, 4)	(1309, 1308, -1, 1)	(1118, 1114, 1119, 4)	(249, 247, -1, 1)	(-1, -1, -1, 0)	(-1, -1, -1, 0)	(-1, -1, -1, 0)	(-1, -1, -1, 0)	(-1, -1, -1, 0)	(-1, -1, -1, 0)
158:	(1500, 1237, 1515, 4)	(1709, 1575, 1715, 4)	(-1, -1, 849, 8)	(738, 722, 741, 4)	(2056, 2042, 2058, 4)	(1577, 1575, 1580, 4)	(929, 928, 932, 4)	(1239, 1236, 1240, 4)	(1500, 1236, 1501, 4)	(1709, 1574, 1710, 4)	(-1, -1, -1, 0)	(-1, -1, -1, 0)	(-1, -1, -1, 0)	(-1, -1, -1, 0)	(-1, -1, -1, 0)	(-1, -1, -1, 0)
159:	(627, 530, 640, 4)	(627, 529, 635, 4)	(2068, 194, 2072, 4)	(2088, 193, 2092, 4)	(1239, 1237, 1242, 4)	(907, 905, 910, 4)	(2088, 194, 2093, 4)	(1039, 1029, 1040, 4)	(2148, 2147, -1, 1)	(-1, -1, -1, 0)	(-1, -1, -1, 0)	(-1, -1, -1, 0)	(-1, -1, -1, 0)	(-1, -1, -1, 0)	(-1, -1, -1, 0)	(-1, -1, -1, 0)
160:	(1541, 1300, 1552, 4)	(1316, 1299, 1318, 4)	(598, 589, 601, 4)	(1316, 1300, 1321, 4)	(189, 171, 195, 4)	(2080, 193, 2082, 4)	(2056, 2043, 2060, 4)	(1848, 1847, -1, 1)	(2087, 171, 2094, 4)	(378, 373, 380, 4)	(-1, -1, -1, 0)	(-1, -1, -1, 0)	(-1, -1, -1, 0)	(-1, -1, -1, 0)	(-1, -1, -1, 0)	(-1, -1, -1, 0)
161:	(1444, 1435, 1447, 4)	(1541, 1299, 1542, 4)	(1748, 1261, 1749, 4)	(2200, 2172, 2205, 4)	(2080, 194, 2083, 4)	(968, 922, 976, 4)	(460, 458, -1, 1)	(729, 727, -1, 1)	(2161, 2145, 2162, 4)	(11, 9, -1, 1)	(-1, -1, -1, 0)	(-1, -1, -1, 0)	(-1, -1, -1, 0)	(-1, -1, -1, 0)	(-1, -1, -1, 0)	(-1, -1, -1, 0)
162:	(1165, 1095, 1172, 4)	(738, 721, 740, 4)	(395, 394, -1, 1)	(396, 394, -1, 1)	(251, 248, 252, 4)	(694, 448, 695, 4)	(1165, 1094, 1166, 4)	(1938, 409, 1939, 4)	(1059, 1057, -1, 1)	(-1, -1, -1, 0)	(-1, -1, -1, 0)	(-1, -1, -1, 0)	(-1, -1, -1, 0)	(-1, -1, -1, 0)	(-1, -1, -1, 0)	(-1, -1, -1, 0)
163:	(1347, 1310, 1354, 4)	(2068, 193, 2071, 4)	(1933, 352, 1968, 4)	(465, 459, 466, 4)	(731, 728, 732, 4)	(2188, 2185, -1, 1)	(2021, 2020, 2024, 4)	(1990, 218, 1999, 4)	(1430, 1429, -1, 1)	(-1, -1, -1, 0)	(-1, -1, -1, 0)	(-1, -1, -1, 0)	(-1, -1, -1, 0)	(-1, -1, -1, 0)	(-1, -1, -1, 0)	(-1, -1, -1, 0)
164:	(941, 928, 945, 4)	(911, 893, 916, 4)	(1241, 1240, -1, 1)	(1097, 1094, 1098, 4)	(1121, 1119, -1, 1)	(892, 891, -1, 1)	(982, 981, -1, 1)	(899, 898, -1, 1)	(18, 16, -1, 1)	(19, 16, -1, 1)	(168, 167, -1, 1)	(-1, -1, -1, 0)	(-1, -1, -1, 0)	(-1, -1, -1, 0)	(-1, -1, -1, 0)	(-1, -1, -1, 0)
165:	(319, 249, 326, 4)	(1312, 1310, 1315, 4)	(272, 269, 274, 4)	(1312, 1309, 1313, 4)	(272, 268, 273, 4)	(276, 268, 277, 4)	(1242, 1240, -1, 1)	(138, 137, -1, 1)	(1883, 1864, 1884, 4)	(36, 34, -1, 1)	(-1, -1, -1, 0)	(-1, -1, -1, 0)	(-1, -1, -1, 0)	(-1, -1, -1, 0)	(-1, -1, -1, 0)	(-1, -1, -1, 0)
166:	(195, 192, -1, 1)	(251, 249, 254, 4)	(907, 904, 909, 4)	(1577, 1574, 1578, 4)	(1520, 1078, 1521, 4)	(929, 927, 930, 4)	(910, 908, -1, 1)	(2229, 2170, 2232, 4)	(-1, -1, -1, 0)	(-1, -1, -1, 0)	(-1, -1, -1, 0)	(-1, -1, -1, 0)	(-1, -1, -1, 0)	(-1, -1, -1, 0)	(-1, -1, -1, 0)	(-1, -1, -1, 0)
167:	(2162, 2158, 2166, 4)	(2162, 2157, 2165, 4)	(1120, 1119, -1, 1)	(1122, 1114, 1123, 4)	(1849, 1847, -1, 1)	(1041, 1040, -1, 1)	(2100, 157, 2108, 4)	(2186, 2185, -1, 1)	(2150, 2148, 2152, 4)	(-1, -1, -1, 0)	(-1, -1, -1, 0)	(-1, -1, -1, 0)	(-1, -1, -1, 0)	(-1, -1, -1, 0)	(-1, -1, -1, 0)	(-1, -1, -1, 0)
168:	(1939, 415, 1940, 4)	(451, 448, 452, 4)	(253, 252, -1, 1)	(1850, 1848, 1851, 4)	(1042, 1040, -1, 1)	(1058, 1057, -1, 1)	(2150, 2149, 2153, 4)	(919, 918, 921, 4)	(-1, -1, -1, 0)	(-1, -1, -1, 0)	(-1, -1, -1, 0)	(-1, -1, -1, 0)	(-1, -1, -1, 0)	(-1, -1, -1, 0)	(-1, -1, -1, 0)	(-1, -1, -1, 0)
169:	(863, 729, 869, 4)	(1938, 411, 1968, 4)	(461, 460, 463, 4)	(465, 460, 467, 4)	(461, 459, 462, 4)	(1347, 1309, 1348, 4)	(2006, 2004, -1, 1)	(586, 585, -1, 1)	(1601, 1600, -1, 1)	(2024, 2022, -1, 1)	(-1, -1, -1, 0)	(-1, -1, -1, 0)	(-1, -1, -1, 0)	(-1, -1, -1, 0)	(-1, -1, -1, 0)	(-1, -1, -1, 0)
170:	(399, 395, 400, 4)	(731, 729, 734, 4)	(1061, 1059, 1065, 4)	(319, 248, 320, 4)	(1100, 1098, -1, 1)	(733, 732, -1, 1)	(1974, 338, 1985, 4)	(1830, 980, 1831, 4)	(-1, -1, -1, 0)	(-1, -1, -1, 0)	(-1, -1, -1, 0)	(-1, -1, -1, 0)	(-1, -1, -1, 0)	(-1, -1, -1, 0)	(-1, -1, -1, 0)	(-1, -1, -1, 0)
171:	(655, 396, 669, 4)	(1442, 1430, 1447, 4)	(1315, 1313, -1, 1)	(274, 273, -1, 1)	(655, 395, 656, 4)	(275, 273, -1, 1)	(863, 728, 864, 4)	(2229, 2171, 2233, 4)	(10, 9, -1, 1)	(1886, 1884, -1, 1)	(-1, -1, -1, 0)	(-1, -1, -1, 0)	(-1, -1, -1, 0)	(-1, -1, -1, 0)	(-1, -1, -1, 0)	(-1, -1, -1, 0)
172:	(1521, 1085, 1529, 4)	(1534, 1121, 1552, 4)	(1521, 1084, 1522, 4)	(1099, 1098, -1, 1)	(1922, 1848, 1923, 4)	(941, 927, 942, 4)	(1046, 1045, -1, 1)	(91, 90, -1, 1)	(-1, -1, -1, 0)	(-1, -1, -1, 0)	(-1, -1, -1, 0)	(-1, -1, -1, 0)	(-1, -1, -1, 0)	(-1, -1, -1, 0)	(-1, -1, -1, 0)	(-1, -1, -1, 0)
173:	(1501, 1242, 1515, 4)	(1123, 1121, 1127, 4)	(911, 892, 913, 4)	(2192, 18, 2201, 4)	(1580, 1578, -1, 1)	(932, 930, -1, 1)	(2047, 123, 2048, 4)	(2166, 2163, -1, 1)	(2165, 2163, -1, 1)	(2086, 168, 2094, 4)	(-1, -1, -1, 0)	(-1, -1, -1, 0)	(-1, -1, -1, 0)	(-1, -1, -1, 0)	(-1, -1, -1, 0)	(-1, -1, -1, 0)
174:	(2068, 195, 2073, 4)	(1963, 892, 1964, 4)	(2080, 195, 2084, 4)	(912, 910, 915, 4)	(1314, 1313, -1, 1)	(886, 885, -1, 1)	(2153, 2151, -1, 1)	(2152, 2151, -1, 1)	(-1, -1, -1, 0)	(-1, -1, -1, 0)	(-1, -1, -1, 0)	(-1, -1, -1, 0)	(-1, -1, -1, 0)	(-1, -1, -1, 0)	(-1, -1, -1, 0)	(-1, -1, -1, 0)
175:	(1534, 1120, 1535, 4)	(1060, 1041, 1062, 4)	(1922, 1849, 1929, 4)	(399, 396, 402, 4)	(1850, 1849, 1853, 4)	(2192, 19, 2204, 4)	(1579, 1578, -1, 1)	(397, 376, 398, 4)	(54, 53, 55, 4)	(-1, -1, -1, 0)	(-1, -1, -1, 0)	(-1, -1, -1, 0)	(-1, -1, -1, 0)	(-1, -1, -1, 0)	(-1, -1, -1, 0)	(-1, -1, -1, 0)
176:	(1739, 1042, 1770, 4)	(1123, 1120, 1124, 4)	(1739, 1041, 1740, 4)	(1950, 535, 1968, 4)	(463, 462, -1, 1)	(1852, 1851, -1, 1)	(985, 982, 986, 4)	(-1, -1, -1, 0)	(-1, -1, -1, 0)	(-1, -1, -1, 0)	(-1, -1, -1, 0)	(-1, -1, -1, 0)	(-1, -1, -1, 0)	(-1, -1, -1, 0)	(-1, -1, -1, 0)	(-1, -1, -1, 0)
177:	(597, 586, 601, 4)	(1448, 1447, -1, 1)	(1449, 1447, -1, 1)	(1245, 1242, 1248, 4)	(2030, 2006, 2036, 4)	(453, 452, -1, 1)	(454, 452, -1, 1)	(254, 252, -1, 1)	(931, 930, -1, 1)	(2207, 11, 2209, 4)	(909, 908, -1, 1)	(17, 16, -1, 1)	(-1, -1, -1, 0)	(-1, -1, -1, 0)	(-1, -1, -1, 0)	(-1, -1, -1, 0)
178:	(1166, 1100, 1172, 4)	(739, 733, 740, 4)	(864, 733, 865, 4)	(1450, 1447, -1, 1)	(2103, 2024, 2105, 4)	(734, 732, -1, 1)	(2054, 218, 2057, 4)	(1010, 1008, 1014, 4)	(-1, -1, -1, 0)	(-1, -1, -1, 0)	(-1, -1, -1, 0)	(-1, -1, -1, 0)	(-1, -1, -1, 0)	(-1, -1, -1, 0)	(-1, -1, -1, 0)	(-1, -1, -1, 0)
179:	(1348, 1315, 1354, 4)	(688, 275, 706, 4)	(277, 275, 281, 4)	(277, 274, 278, 4)	(1101, 1100, 1103, 4)	(255, 253, 256, 4)	(916, 913, -1, 1)	(1975, 344, 1985, 4)	(1243, 1222, 1244, 4)	(-1, -1, -1, 0)	(-1, -1, -1, 0)	(-1, -1, -1, 0)	(-1, -1, -1, 0)	(-1, -1, -1, 0)	(-1, -1, -1, 0)	(-1, -1, -1, 0)
180:	(1317, 1315, 1320, 4)	(688, 274, 689, 4)	(2195, 91, -1, 7)	(2201, 2188, 2205, 4)	(1101, 1099, 1102, 4)	(2114, 96, 2116, 4)	(2198, 106, 2202, 4)	(-1, -1, -1, 0)	(-1, -1, -1, 0)	(-1, -1, -1, 0)	(-1, -1, -1, 0)	(-1, -1, -1, 0)	(-1, -1, -1, 0)	(-1, -1, -1, 0)	(-1, -1, -1, 0)	(-1, -1, -1, 0)
181:	(1710, 1580, 1715, 4)	(2177, 2166, 2181, 4)	(-1, -1, 2203, 8)	(2177, 2165, 2179, 4)	(1245, 1241, 1246, 4)	(1060, 1042, 1063, 4)	(1065, 1062, -1, 1)	(2032, 2016, 2033, 4)	(139, 138, 141, 4)	(56, 55, -1, 1)	(-1, -1, -1, 0)	(-1, -1, -1, 0)	(-1, -1, -1, 0)	(-1, -1, -1, 0)	(-1, -1, -1, 0)	(-1, -1, -1, 0)
182:	(1585, 1580, 1588, 4)	(1317, 1314, 1318, 4)	(1127, 1124, -1, 1)	(2048, 129, 2058, 4)	(464, 462, -1, 1)	(1501, 1241, 1502, 4)	(987, 986, -1, 1)	(988, 986, -1, 1)	(2226, 2152, 2227, 4)	(-1, -1, -1, 0)	(-1, -1, -1, 0)	(-1, -1, -1, 0)	(-1, -1, -1, 0)	(-1, -1, -1, 0)	(-1, -1, -1, 0)	(-1, -1, -1, 0)
183:	(602, 601, -1, 1)	(1348, 1314, 1349, 4)	(603, 601, -1, 1)	(604, 601, -1, 1)	(1585, 1579, 1586, 4)	(1710, 1579, 1711, 4)	(320, 253, 321, 4)	(1987, 201, 2000, 4)	(1831, 1022, 1832, 4)	(-1, -1, -1, 0)	(-1, -1, -1, 0)	(-1, -1, -1, 0)	(-1, -1, -1, 0)	(-1, -1, -1, 0)	(-1, -1, -1, 0)	(-1, -1, -1, 0)
184:	(1125, 1124, -1, 1)	(1126, 1124, -1, 1)	(2226, 2153, 2228, 4)	(501, 463, 502, 4)	(1854, 1852, 1855, 4)	(1853, 1851, -1, 1)	(915, 913, -1, 1)	(2209, 23, 2216, 4)	(921, 920, -1, 1)	(-1, -1, -1, 0)	(-1, -1, -1, 0)	(-1, -1, -1, 0)	(-1, -1, -1, 0)	(-1, -1, -1, 0)	(-1, -1, -1, 0)	(-1, -1, -1, 0)
185:	(1761, 1449, 1770, 4)	(1805, 1449, 1813, 4)	(1464, 1449, 1470, 4)	(1761, 1448, 1762, 4)	(1805, 1448, 1806, 4)	(279, 278, -1, 1)	(281, 278, -1, 1)	(741, 740, -1, 1)	(743, 740, -1, 1)	(466, 463, 467, 4)	(2192, 17, -1, 7)	(1899, 895, 1900, 4)	(-1, -1, -1, 0)	(-1, -1, -1, 0)	(-1, -1, -1, 0)	(-1, -1, -1, 0)
186:	(1464, 1450, 1471, 4)	(1464, 1448, 1467, 4)	(1805, 1450, 1815, 4)	(1761, 1450, 1772, 4)	(1934, 357, 1968, 4)	(1923, 1852, 1924, 4)	(258, 256, -1, 1)	(2036, 2034, -1, 1)	(1014, 1011, -1, 1)	(-1, -1, -1, 0)	(-1, -1, 2193, 8)	(-1, -1, -1, 0)	(-1, -1, -1, 0)	(-1, -1, -1, 0)	(-1, -1, -1, 0)	(-1, -1, -1, 0)
187:	(695, 454, 706, 4)	(470, 453, 472, 4)	(470, 454, 475, 4)	(942, 932, 945, 4)	(255, 254, 257, 4)	(912, 909, 914, 4)	(942, 931, 943, 4)	(2076, 138, 2077, 4)	(-1, -1, -1, 0)	(-1, -1, -1, 0)	(-1, -1, -1, 0)	(-1, -1, -1, 0)	(-1, -1, -1, 0)	(-1, -1, -1, 0)	(-1, -1, -1, 0)	(-1, -1, -1, 0)
188:	(864, 734, 869, 4)	(739, 734, 742, 4)	(280, 278, -1, 1)	(2201, 2187, 2203, 4)	(2033, 2029, 2037, 4)	(2033, 2028, 2035, 4)	(1103, 1102, -1, 1)	(1104, 1102, -1, 1)	(2049, 156, 2057, 4)	(-1, -1, -1, 0)	(-1, -1, -1, 0)	(-1, -1, -1, 0)	(-1, -1, -1, 0)	(-1, -1, -1, 0)	(-1, -1, -1, 0)	(-1, -1, -1, 0)
189:	(2173, 56, 2178, 4)	(-1, 2164, -1, 5)	(320, 254, 326, 4)	(1740, 1065, 1773, 4)	(1587, 1586, -1, 1)	(1589, 1586, -1, 1)	(933, 932, 936, 4)	(1166, 1099, 1167, 4)	(2064, 129, 2070, 4)	(-1, -1, -1, 0)	(-1, -1, -1, 0)	(-1, -1, -1, 0)	(-1, -1, -1, 0)	(-1, -1, -1, 0)	(-1, -1, -1, 0)	(-1, -1, -1, 0)
190:	(501, 464, 508, 4)	(2228, -1, 2230, 6)	(1147, 1127, 1151, 4)	(1320, 1318, -1, 1)	(1321, 1318, -1, 1)	(1604, 1601, 1605, 4)	(753, 748, 754, 4)	(2200, 2170, -1, 7)	(-1, -1, -1, 0)	(-1, -1, -1, 0)	(-1, -1, -1, 0)	(-1, -1, -1, 0)	(-1, -1, -1, 0)	(-1, -1, -1, 0)	(-1, -1, -1, 0)	(-1, -1, -1, 0)
191:	(618, 603, 624, 4)	(618, 604, 625, 4)	(1319, 1318, -1, 1)	(695, 453, 696, 4)	(1588, 1586, -1, 1)	(1952, 603, 1967, 4)	(1900, 897, 1901, 4)	(-1, -1, 2202, 8)	(2088, 195, 2094, 4)	(-1, -1, -1, 0)	(-1, -1, -1, 0)	(-1, -1, -1, 0)	(-1, -1, -1, 0)	(-1, -1, -1, 0)	(-1, -1, -1, 0)	(-1, -1, -1, 0)
192:	(618, 602, 621, 4)	(1468, 1467, -1, 1)	(1469, 1467, -1, 1)	(-1, 602, -1, 5)	(1470, 1467, -1, 1)	(1952, 602, 1953, 4)	(1471, 1467, -1, 1)	(1964, 915, 1966, 4)	(968, 921, 975, 4)	(466, 464, 469, 4)	(933, 931, 934, 4)	(2116, 107, 2129, 4)	(-1, -1, -1, 0)	(-1, -1, -1, 0)	(-1, -1, -1, 0)	(-1, -1, -1, 0)
193:	(865, 743, 872, 4)	(865, 741, 868, 4)	(849, 743, 861, 4)	(1914, -1, 1915, 6)	(1794, 988, 1815, 4)	(1152, 1126, -1, 7)	(468, 467, -1, 1)	(141, 140, -1, 1)	(-1, -1, -1, 0)	(-1, -1, -1, 0)	(-1, -1, -1, 0)	(-1, -1, -1, 0)	(-1, -1, -1, 0)	(-1, -1, -1, 0)	(-1, -1, -1, 0)	(-1, -1, -1, 0)
194:	(849, 741, 858, 4)	(1535, 1127, 1552, 4)	(321, 258, 329, 4)	(301, 279, 302, 4)	(306, 279, -1, 7)	(-1, -1, 1158, 8)	(1152, 1127, 1160, 4)	(2100, 156, 2107, 4)	(-1, -1, -1, 0)	(-1, -1, -1, 0)	(-1, -1, -1, 0)	(-1, -1, -1, 0)	(-1, -1, -1, 0)	(-1, -1, -1, 0)	(-1, -1, -1, 0)	(-1, -1, -1, 0)
195:	(1979, 741, 1980, 4)	(689, 281, 706, 4)	(742, 740, -1, 1)	(1951, 541, 1968, 4)	(-1, -1, 311, 8)	(306, 281, 314, 4)	(257, 256, -1, 1)	(1224, 1219, 1226, 4)	(-1, -1, -1, 0)	(-1, -1, -1, 0)	(-1, -1, -1, 0)	(-1, -1, -1, 0)	(-1, -1, -1, 0)	(-1, -1, -1, 0)	(-1, -1, -1, 0)	(-1, -1, -1, 0)
196:	(1720, 1104, 1731, 4)	(-1, 1103, -1, 5)	(1147, 1126, 1149, 4)	(301, 281, 305, 4)	(1147, 1125, 1148, 4)	(1152, 1125, -1, 7)	(1535, 1125, 1537, 4)	(2180, 2178, -1, 1)	(2037, 2034, -1, 1)	(2035, 2034, -1, 1)	(1866, 1864, 1870, 4)	(-1, -1, -1, 0)	(-1, -1, -1, 0)	(-1, -1, -1, 0)	(-1, -1, -1, 0)	(-1, -1, -1, 0)
197:	(1695, 1587, 1704, 4)	(1167, -1, 1172, 6)	(1695, 1589, 1706, 4)	(1167, 1104, 1175, 4)	(2182, 2178, -1, 1)	(-1, -1, 1157, 8)	(2179, 2178, -1, 1)	(1914, 603, 1929, 4)	(306, 280, -1, 7)	(2240, 62, 2247, 4)	(-1, -1, -1, 0)	(-1, -1, -1, 0)	(-1, -1, -1, 0)	(-1, -1, -1, 0)	(-1, -1, -1, 0)	(-1, -1, -1, 0)
198:	(1349, 1321, 1357, 4)	(1349, 1320, 1354, 4)	(1711, 1589, 1716, 4)	(1711, 1587, 1714, 4)	(1728, 1587, 1729, 4)	(1535, 1126, 1538, 4)	(2193, 23, 2203, 4)	(2220, 26, 2236, 4)	(-1, -1, 312, 8)	(-1, -1, -1, 0)	(-1, -1, -1, 0)	(-1, -1, -1, 0)	(-1, -1, -1, 0)	(-1, -1, -1, 0)	(-1, -1, -1, 0)	(-1, -1, -1, 0)
199:	(1542, 1320, 1545, 4)	(1711, 1588, 1715, 4)	(1728, 1588, 1730, 4)	(622, 621, -1, 1)	(624, 621, -1, 1)	(625, 621, -1, 1)	(1349, 1319, -1, 7)	(1914, 604, 1930, 4)	(1854, 1853, 1857, 4)	(-1, -1, -1, 0)	(-1, -1, -1, 0)	(-1, -1, -1, 0)	(-1, -1, -1, 0)	(-1, -1, -1, 0)	(-1, -1, -1, 0)	(-1, -1, -1, 0)
200:	(1480, 1469, 1482, 4)	(1480, 1470, 1485, 4)	(1480, 1471, 1486, 4)	(1480, 1468, 1481, 4)	(1493, 1468, 1494, 4)	(1762, 1468, 1763, 4)	(-1, -1, 1351, 8)	(1493, 1470, 1498, 4)	(1493, 1469, 1495, 4)	(1762, 1469, 1764, 4)	(1493, 1471, 1499, 4)	(1762, 1471, 1772, 4)	(1720, 1103, 1721, 4)	(1606, 1605, -1, 1)	(914, 913, -1, 1)	(-1, -1, -1, 0)
201:	(1806, 1468, 1807, 4)	(1762, 1470, 1770, 4)	(1806, 1470, 1813, 4)	(1695, 1588, 1705, 4)	(1542, 1319, -1, 7)	(689, 279, 691, 4)	(2077, 152, 2085, 4)	(33, 32, 35, 4)	(144, 141, 146, 4)	(2106, 2041, 2107, 4)	(-1, -1, -1, 0)	(-1, -1, -1, 0)	(-1, -1, -1, 0)	(-1, -1, -1, 0)	(-1, -1, -1, 0)	(-1, -1, -1, 0)
202:	(1728, 1589, 1731, 4)	(1806, 1469, 1808, 4)	(623, 621, -1, 1)	(1806, 1471, 1815, 4)	(-1, -1, 1543, 8)	(1150, 1148, -1, 1)	(2181, 2178, -1, 1)	(689, 280, 692, 4)	(936, 934, -1, 1)	(755, 754, -1, 1)	(2201, 2186, 2202, 4)	(-1, -1, -1, 0)	(-1, -1, -1, 0)	(-1, -1, -1, 0)	(-1, -1, -1, 0)	(-1, -1, -1, 0)
203:	(849, 742, 859, 4)	(865, 742, 869, 4)	(1326, 1320, 1330, 4)	(301, 280, 303, 4)	(1326, 1321, 1331, 4)	(1326, 1319, 1328, 4)	(502, 468, 503, 4)	(1149, 1148, -1, 1)	(1151, 1148, -1, 1)	(-1, -1, -1, 0)	(-1, -1, -1, 0)	(-1, -1, -1, 0)	(-1, -1, -1, 0)	(-1, -1, -1, 0)	(-1, -1, -1, 0)	(-1, -1, -1, 0)
204:	(1979, 742, 1981, 4)	(-1, 257, -1, 5)	(471, 468, 472, 4)	(304, 302, -1, 1)	(305, 302, -1, 1)	(2230, 2180, 2234, 4)	(469, 467, -1, 1)	(1856, 1855, -1, 1)	(1607, 1605, -1, 1)	(2056, 2041, 2057, 4)	(-1, -1, -1, 0)	(-1, -1, -1, 0)	(-1, -1, -1, 0)	(-1, -1, -1, 0)	(-1, -1, -1, 0)	(-1, -1, -1, 0)
205:	(1901, 900, 1903, 4)	(321, -1, 326, 6)	(1960, 884, 1968, 4)	(1923, 1853, 1929, 4)	(1888, 1878, 1890, 4)	(379, 376, 380, 4)	(2090, 2035, 2091, 4)	(-1, -1, -1, 0)	(-1, -1, -1, 0)	(-1, -1, -1, 0)	(-1, -1, -1, 0)	(-1, -1, -1, 0)	(-1, -1, -1, 0)	(-1, -1, -1, 0)	(-1, -1, -1, 0)	(-1, -1, -1, 0)
206:	(1482, 1481, -1, 1)	(1483, 1481, -1, 1)	(1484, 1481, -1, 1)	(1485, 1481, -1, 1)	(1486, 1481, -1, 1)	(1971, 257, 1972, 4)	(1061, 1058, 1064, 4)	(-1, 2182, -1, 5)	(990, 987, 991, 4)	(2230, 2182, 2236, 4)	(-1, 2179, -1, 5)	(-1, -1, -1, 0)	(-1, -1, -1, 0)	(-1, -1, -1, 0)	(-1, -1, -1, 0)	(-1, -1, -1, 0)
207:	(634, 624, 639, 4)	(634, 625, 640, 4)	(634, 622, 635, 4)	(647, 622, 648, 4)	(1953, 622, 1954, 4)	(647, 625, 653, 4)	(647, 624, 652, 4)	(2214, -1, 2219, 6)	(1953, 624, 1967, 4)	(2231, 2186, 2232, 4)	(2243, -1, 2244, 6)	(-1, -1, -1, 0)	(-1, -1, -1, 0)	(-1, -1, -1, 0)	(-1, -1, -1, 0)	(-1, -1, -1, 0)
208:	(1915, 622, 1916, 4)	(1542, 1321, 1552, 4)	(1857, 1855, -1, 1)	(2243, 2180, 2245, 4)	(2090, 2037, 2095, 4)	(146, 145, -1, 1)	(2237, 26, 2247, 4)	(-1, -1, -1, 0)	(-1, -1, -1, 0)	(-1, -1, -1, 0)	(-1, -1, -1, 0)	(-1, -1, -1, 0)	(-1, -1, -1, 0)	(-1, -1, -1, 0)	(-1, -1, -1, 0)	(-1, -1, -1, 0)
209:	(1329, 1328, -1, 1)	(1330, 1328, -1, 1)	(303, 302, -1, 1)	(1331, 1328, -1, 1)	(2214, 2180, 2217, 4)	(990, 988, 993, 4)	(1794, 987, 1795, 4)	(2105, 2036, 2111, 4)	(-1, 128, -1, 5)	(-1, -1, -1, 0)	(-1, -1, -1, 0)	(-1, -1, -1, 0)	(-1, -1, -1, 0)	(-1, -1, -1, 0)	(-1, -1, -1, 0)	(-1, -1, -1, 0)
210:	(634, 623, 636, 4)	(1953, 623, 1955, 4)	(1915, 623, 1917, 4)	(1170, 1150, 1172, 4)	(473, 472, -1, 1)	(1915, 625, 1930, 4)	(1157, 1150, 1159, 4)	(758, 755, 759, 4)	(2048, -1, 2057, 6)	(1870, 1867, -1, 1)	(-1, -1, -1, 0)	(-1, -1, -1, 0)	(-1, -1, -1, 0)	(-1, -1, -1, 0)	(-1, -1, -1, 0)	(-1, -1, -1, 0)
211:	(647, 623, 649, 4)	(1170, 1151, 1174, 4)	(1537, 1150, 1539, 4)	(475, 472, -1, 1)	(2214, 2181, 2218, 4)	(1537, 1149, 1538, 4)	(144, 142, 148, 4)	(2101, 2012, 2112, 4)	(-1, -1, -1, 0)	(-1, -1, -1, 0)	(-1, -1, -1, 0)	(-1, -1, -1, 0)	(-1, -1, -1, 0)	(-1, -1, -1, 0)	(-1, -1, -1, 0)	(-1, -1, -1, 0)
212:	(1780, 1607, 1789, 4)	(502, 469, 508, 4)	(691, 305, 706, 4)	(324, 305, 328, 4)	(471, 469, 474, 4)	(324, 304, 326, 4)	(992, 991, -1, 1)	(1976, 370, 1985, 4)	(-1, -1, -1, 0)	(-1, -1, -1, 0)	(-1, -1, -1, 0)	(-1, -1, -1, 0)	(-1, -1, -1, 0)	(-1, -1, -1, 0)	(-1, -1, -1, 0)	(-1, -1, -1, 0)
213:	(637, 635, -1, 1)	(638, 635, -1, 1)	(639, 635, -1, 1)	(640, 635, -1, 1)	(1903, 915, 1906, 4)	(311, 304, 313, 4)	(311, 305, 314, 4)	(937, 936, 939, 4)	(1780, 1606, 1781, 4)	(1901, 899, 1902, 4)	(1890, 1889, -1, 1)	(-1, -1, -1, 0)	(-1, -1, -1, 0)	(-1, -1, -1, 0)	(-1, -1, -1, 0)	(-1, -1, -1, 0)
214:	(1763, 1485, 1770, 4)	(1513, 1483, -1, 7)	(1513, 1485, 1518, 4)	(1763, 1483, 1765, 4)	(1807, 1485, 1813, 4)	(1494, 1483, 1496, 4)	(1494, 1484, 1497, 4)	(1494, 1485, 1498, 4)	(1807, 1483, 1809, 4)	(1537, 1151, 1552, 4)	(1763, 1484, 1767, 4)	(1807, 1484, 1811, 4)	(1064, 1062, -1, 1)	(-1, -1, -1, 0)	(-1, -1, -1, 0)	(-1, -1, -1, 0)
215:	(1513, 1484, 1517, 4)	(-1, -1, 1515, 8)	(1513, 1486, 1519, 4)	(1494, 1482, 1495, 4)	(1513, 1482, -1, 7)	(1763, 1482, 1764, 4)	(1494, 1486, 1499, 4)	(691, 304, 693, 4)	(1157, 1151, 1160, 4)	(1157, 1149, 1158, 4)	(-1, -1, -1, 0)	(-1, -1, -1, 0)	(-1, -1, -1, 0)	(-1, -1, -1, 0)	(-1, -1, -1, 0)	(-1, -1, -1, 0)
216:	(636, 635, -1, 1)	(1548, 1483, 1550, 4)	(1548, 1485, 1554, 4)	(1903, 916, 1907, 4)	(-1, -1, 1514, 8)	(760, 759, -1, 1)	(761, 759, -1, 1)	(1924, 1856, 1925, 4)	(935, 934, -1, 1)	(993, 991, -1, 1)	(35, 34, -1, 1)	(2193, 22, 2202, 4)	(-1, -1, -1, 0)	(-1, -1, -1, 0)	(-1, -1, -1, 0)	(-1, -1, -1, 0)
217:	(1351, 1331, 1357, 4)	(1351, 1330, 1354, 4)	(1807, 1486, 1815, 4)	(1763, 1486, 1772, 4)	(1333, 1331, 1336, 4)	(1333, 1329, 1334, 4)	(1351, 1329, 1352, 4)	(1915, 624, 1929, 4)	(2238, 32, 2239, 4)	(-1, -1, -1, 0)	(-1, -1, -1, 0)	(-1, -1, -1, 0)	(-1, -1, -1, 0)	(-1, -1, -1, 0)	(-1, -1, -1, 0)	(-1, -1, -1, 0)
218:	(1543, 1330, 1545, 4)	(1548, 1482, 1549, 4)	(1807, 1482, 1808, 4)	(-1, 910, -1, 5)	(1333, 1330, 1335, 4)	(480, 473, 482, 4)	(474, 472, -1, 1)	(1543, 1329, 1544, 4)	(2243, 2181, 2246, 4)	(-1, -1, -1, 0)	(-1, -1, -1, 0)	(-1, -1, -1, 0)	(-1, -1, -1, 0)	(-1, -1, -1, 0)	(-1, -1, -1, 0)	(-1, -1, -1, 0)
219:	(503, 475, 511, 4)	(696, 475, 706, 4)	(-1, 1484, -1, 5)	(1902, -1, 1906, 6)	(480, 475, 485, 4)	(503, 473, -1, 7)	(1935, 363, 1968, 4)	(1063, 1062, -1, 1)	(148, 145, -1, 1)	(-1, -1, -1, 0)	(-1, -1, -1, 0)	(-1, -1, -1, 0)	(-1, -1, -1, 0)	(-1, -1, -1, 0)	(-1, -1, -1, 0)	(-1, -1, -1, 0)
220:	(1548, 1486, 1555, 4)	(943, 936, 945, 4)	(1548, -1, 1552, 6)	(994, 992, 995, 4)	(-1, 146, -1, 5)	(-1, -1, 505, 8)	(1979, 743, 1985, 4)	(38, 36, 42, 4)	(-1, -1, -1, 0)	(-1, -1, -1, 0)	(-1, -1, -1, 0)	(-1, -1, -1, 0)	(-1, -1, -1, 0)	(-1, -1, -1, 0)	(-1, -1, -1, 0)	(-1, -1, -1, 0)
221:	(667, 637, -1, 7)	(667, 640, 673, 4)	(1954, 637, 1956, 4)	(667, 638, 671, 4)	(2098, -1, 2099, 6)	(648, 637, 650, 4)	(648, 638, 651, 4)	(648, 640, 653, 4)	(1954, 638, 1958, 4)	(696, 473, -1, 7)	(2089, 2006, 2094, 4)	(1775, 1044, 1776, 4)	(-1, -1, -1, 0)	(-1, -1, -1, 0)	(-1, -1, -1, 0)	(-1, -1, -1, 0)
222:	(-1, -1, 669, 8)	(667, 639, 672, 4)	(648, 639, 652, 4)	(702, 639, 707, 4)	(1954, 639, 1967, 4)	(1619, 1606, 1623, 4)	(2116, 106, 2128, 4)	(2209, 22, 2215, 4)	(-1, -1, -1, 0)	(-1, -1, 697, 8)	(-1, -1, -1, 0)	(-1, -1, -1, 0)	(-1, -1, -1, 0)	(-1, -1, -1, 0)	(-1, -1, -1, 0)	(-1, -1, -1, 0)
223:	(702, 637, 704, 4)	(1740, 1064, 1771, 4)	(1336, 1334, -1, 1)	(1337, 1334, -1, 1)	(1924, 1857, 1929, 4)	(1159, 1158, -1, 1)	(691, 303, 692, 4)	(2114, 95, 2115, 4)	(-1, -1, -1, 0)	(-1, -1, -1, 0)	(-1, -1, -1, 0)	(-1, -1, -1, 0)	(-1, -1, -1, 0)	(-1, -1, -1, 0)	(-1, -1, -1, 0)	(-1, -1, -1, 0)
224:	(648, 636, 649, 4)	(667, 636, -1, 7)	(702, 636, 703, 4)	(1954, 636, 1955, 4)	(702, 640, 708, 4)	(1335, 1334, -1, 1)	(1936, 369, -1, 7)	(773, 761, 779, 4)	(1170, 1149, 1171, 4)	(2241, 76, 2247, 4)	(-1, -1, -1, 0)	(-1, -1, -1, 0)	(-1, -1, -1, 0)	(-1, -1, -1, 0)	(-1, -1, -1, 0)	(-1, -1, -1, 0)
225:	(1795, 993, 1815, 4)	(-1, -1, 668, 8)	(-1, 638, -1, 5)	(1892, 761, 1906, 4)	(485, 482, -1, 1)	(1160, 1158, -1, 1)	(-1, -1, 1968, 8)	(937, 935, 938, 4)	(-1, -1, -1, 0)	(-1, -1, -1, 0)	(-1, -1, -1, 0)	(-1, -1, -1, 0)	(-1, -1, -1, 0)	(-1, -1, -1, 0)	(-1, -1, -1, 0)	(-1, -1, -1, 0)
226:	(503, 474, 508, 4)	(696, 474, 699, 4)	(702, -1, 706, 6)	(1543, 1331, 1552, 4)	(480, 474, 484, 4)	(1925, 1859, 1926, 4)	(1903, 914, 1905, 4)	(1964, 914, 1965, 4)	(-1, -1, -1, 0)	(-1, -1, -1, 0)	(-1, -1, -1, 0)	(-1, -1, -1, 0)	(-1, -1, -1, 0)	(-1, -1, -1, 0)	(-1, -1, -1, 0)	(-1, -1, -1, 0)
227:	(1740, 1063, 1770, 4)	(1916, 637, 1918, 4)	(483, 482, -1, 1)	(773, 760, 777, 4)	(1871, 1856, 1872, 4)	(1871, 1857, 1875, 4)	(2239, 46, 2246, 4)	(2239, 45, 2244, 4)	(-1, -1, -1, 0)	(-1, -1, -1, 0)	(-1, -1, -1, 0)	(-1, -1, -1, 0)	(-1, -1, -1, 0)	(-1, -1, -1, 0)	(-1, -1, -1, 0)	(-1, -1, -1, 0)
228:	(-1, 636, -1, 5)	(1619, 1607, 1625, 4)	(994, 993, 997, 4)	(2098, 148, 2110, 4)	(1624, 1623, -1, 1)	(996, 995, -1, 1)	(1776, 1046, 1777, 4)	(1225, 1222, 1226, 4)	(-1, -1, -1, 0)	(-1, -1, -1, 0)	(-1, -1, -1, 0)	(-1, -1, -1, 0)	(-1, -1, -1, 0)	(-1, -1, -1, 0)	(-1, -1, -1, 0)	(-1, -1, -1, 0)
229:	(1916, -1, 1917, 6)	(1916, 638, 1920, 4)	(2115, 98, 2127, 4)	(1916, 639, 1929, 4)	(1892, 760, 1893, 4)	(2090, 2036, 2094, 4)	(1990, 219, 2000, 4)	(-1, -1, -1, 0)	(-1, -1, -1, 0)	(-1, -1, -1, 0)	(-1, -1, -1, 0)	(-1, -1, -1, 0)	(-1, -1, -1, 0)	(-1, -1, -1, 0)	(-1, -1, -1, 0)	(-1, -1, -1, 0)
230:	(1916, 640, 1930, 4)	(324, 303, 325, 4)	(2224, 2141, 2235, 4)	(1971, 258, 1985, 4)	(38, 35, 40, 4)	(-1, -1, -1, 0)	(-1, -1, -1, 0)	(-1, -1, -1, 0)	(-1, -1, -1, 0)	(-1, -1, -1, 0)	(-1, -1, -1, 0)	(-1, -1, -1, 0)	(-1, -1, -1, 0)	(-1, -1, -1, 0)	(-1, -1, -1, 0)	(-1, -1, -1, 0)
231:	(1352, 1336, 1357, 4)	(1352, 1337, 1358, 4)	(1171, 1159, 1172, 4)	(1538, 1159, 1539, 4)	(1949, 530, 1968, 4)	(939, 938, -1, 1)	(940, 938, -1, 1)	(-1, -1, -1, 0)	(-1, -1, -1, 0)	(-1, -1, -1, 0)	(-1, -1, -1, 0)	(-1, -1, -1, 0)	(-1, -1, -1, 0)	(-1, -1, -1, 0)	(-1, -1, -1, 0)	(-1, -1, -1, 0)
232:	(-1, 1337, -1, 5)	(1352, 1335, 1354, 4)	(484, 482, -1, 1)	(943, 935, 944, 4)	(2017, 2016, 2019, 4)	(2227, 2157, 2232, 4)	(-1, -1, -1, 0)	(-1, -1, -1, 0)	(-1, -1, -1, 0)	(-1, -1, -1, 0)	(-1, -1, -1, 0)	(-1, -1, -1, 0)	(-1, -1, -1, 0)	(-1, -1, -1, 0)	(-1, -1, -1, 0)	(-1, -1, -1, 0)
233:	(1753, -1, 1770, 6)	(1544, 1335, 1545, 4)	(1753, 1335, 1754, 4)	(1544, 1336, 1552, 4)	(1753, 1336, 1767, 4)	(1795, 992, 1796, 4)	(1902, 909, 1905, 4)	(-1, -1, -1, 0)	(-1, -1, -1, 0)	(-1, -1, -1, 0)	(-1, -1, -1, 0)	(-1, -1, -1, 0)	(-1, -1, -1, 0)	(-1, -1, -1, 0)	(-1, -1, -1, 0)	(-1, -1, -1, 0)
234:	(505, 485, 511, 4)	(487, 485, 490, 4)	(1171, 1160, 1174, 4)	(311, 303, 312, 4)	(779, 777, -1, 1)	(1872, 1859, 1873, 4)	(1872, 1860, 1874, 4)	(-1, -1, -1, 0)	(-1, -1, -1, 0)	(-1, -1, -1, 0)	(-1, -1, -1, 0)	(-1, -1, -1, 0)	(-1, -1, -1, 0)	(-1, -1, -1, 0)	(-1, -1, -1, 0)	(-1, -1, -1, 0)
235:	(697, 485, 706, 4)	(487, 483, 488, 4)	(697, 483, 698, 4)	(778, 777, -1, 1)	(1777, 1048, 1778, 4)	(2096, 132, 2112, 4)	(2077, 151, 2081, 4)	(-1, -1, -1, 0)	(-1, -1, -1, 0)	(-1, -1, -1, 0)	(-1, -1, -1, 0)	(-1, -1, -1, 0)	(-1, -1, -1, 0)	(-1, -1, -1, 0)	(-1, -1, -1, 0)	(-1, -1, -1, 0)
236:	(1544, 1337, 1554, 4)	(1668, 1624, 1674, 4)	(1781, 1624, 1782, 4)	(997, 995, -1, 1)	(2242, 83, 2247, 4)	(-1, -1, -1, 0)	(-1, -1, -1, 0)	(-1, -1, -1, 0)	(-1, -1, -1, 0)	(-1, -1, -1, 0)	(-1, -1, -1, 0)	(-1, -1, -1, 0)	(-1, -1, -1, 0)	(-1, -1, -1, 0)	(-1, -1, -1, 0)	(-1, -1, -1, 0)
237:	(505, 483, 506, 4)	(1173, 1172, -1, 1)	(1175, 1172, -1, 1)	(1963, 893, 1968, 4)	(998, 996, 999, 4)	(2207, 10, 2208, 4)	(-1, -1, -1, 0)	(-1, -1, -1, 0)	(-1, -1, -1, 0)	(-1, -1, -1, 0)	(-1, -1, -1, 0)	(-1, -1, -1, 0)	(-1, -1, -1, 0)	(-1, -1, -1, 0)	(-1, -1, -1, 0)	(-1, -1, -1, 0)
238:	(1355, 1354, -1, 1)	(1356, 1354, -1, 1)	(1357, 1354, -1, 1)	(1358, 1354, -1, 1)	(1777, 1049, 1779, 4)	(-1, 996, -1, 5)	(99, 98, 102, 4)	(40, 39, -1, 1)	(2228, 2165, 2232, 4)	(-1, -1, -1, 0)	(-1, -1, -1, 0)	(-1, -1, -1, 0)	(-1, -1, -1, 0)	(-1, -1, -1, 0)	(-1, -1, -1, 0)	(-1, -1, -1, 0)
239:	(1538, 1160, 1552, 4)	(969, 940, 975, 4)	(1625, 1623, -1, 1)	(969, 939, 970, 4)	(2214, 2179, 2215, 4)	(1796, -1, 1797, 6)	(-1, -1, -1, 0)	(-1, -1, -1, 0)	(-1, -1, -1, 0)	(-1, -1, -1, 0)	(-1, -1, -1, 0)	(-1, -1, -1, 0)	(-1, -1, -1, 0)	(-1, -1, -1, 0)	(-1, -1, -1, 0)	(-1, -1, -1, 0)
240:	(505, 484, 508, 4)	(487, 484, 489, 4)	(1174, 1172, -1, 1)	(944, 940, 947, 4)	(314, 312, -1, 1)	(944, 939, 945, 4)	(2019, 2018, -1, 1)	(-1, -1, -1, 0)	(-1, -1, -1, 0)	(-1, -1, -1, 0)	(-1, -1, -1, 0)	(-1, -1, -1, 0)	(-1, -1, -1, 0)	(-1, -1, -1, 0)	(-1, -1, -1, 0)	(-1, -1, -1, 0)
241:	(1778, 1058, 1789, 4)	(697, 484, 699, 4)	(1778, 1059, 1791, 4)	(490, 488, -1, 1)	(491, 488, -1, 1)	(1875, 1873, -1, 1)	(2100, 158, 2112, 4)	(-1, -1, -1, 0)	(-1, -1, -1, 0)	(-1, -1, -1, 0)	(-1, -1, -1, 0)	(-1, -1, -1, 0)	(-1, -1, -1, 0)	(-1, -1, -1, 0)	(-1, -1, -1, 0)	(-1, -1, -1, 0)
242:	(1893, 779, 1906, 4)	(822, 779, 831, 4)	(1676, 1674, -1, 1)	(313, 312, -1, 1)	(2243, 2182, 2247, 4)	(1904, 1890, 1905, 4)	(-1, -1, -1, 0)	(-1, -1, -1, 0)	(-1, -1, -1, 0)	(-1, -1, -1, 0)	(-1, -1, -1, 0)	(-1, -1, -1, 0)	(-1, -1, -1, 0)	(-1, -1, -1, 0)	(-1, -1, -1, 0)	(-1, -1, -1, 0)
243:	(822, 778, 828, 4)	(1893, 778, 1894, 4)	(2208, 13, 2217, 4)	(1000, 999, -1, 1)	(2220, 25, 2235, 4)	(1874, 1873, -1, 1)	(-1, -1, -1, 0)	(-1, -1, -1, 0)	(-1, -1, -1, 0)	(-1, -1, -1, 0)	(-1, -1, -1, 0)	(-1, -1, -1, 0)	(-1, -1, -1, 0)	(-1, -1, -1, 0)	(-1, -1, -1, 0)	(-1, -1, -1, 0)
244:	(1779, 1063, 1788, 4)	(1796, 997, 1815, 4)	(1675, 1674, -1, 1)	(998, 997, 1001, 4)	(379, 377, 381, 4)	(2230, 2179, 2232, 4)	(2064, 128, 2069, 4)	(-1, -1, -1, 0)	(-1, -1, -1, 0)	(-1, -1, -1, 0)	(-1, -1, -1, 0)	(-1, -1, -1, 0)	(-1, -1, -1, 0)	(-1, -1, -1, 0)	(-1, -1, -1, 0)	(-1, -1, -1, 0)
245:	(1721, 1175, 1731, 4)	(1522, 1175, 1531, 4)	(1721, 1173, 1726, 4)	(1925, 1860, 1927, 4)	(1227, 1226, -1, 1)	(-1, -1, -1, 0)	(-1, -1, -1, 0)	(-1, -1, -1, 0)	(-1, -1, -1, 0)	(-1, -1, -1, 0)	(-1, -1, -1, 0)	(-1, -1, -1, 0)	(-1, -1, -1, 0)	(-1, -1, -1, 0)	(-1, -1, -1, 0)	(-1, -1, -1, 0)
246:	(1754, 1358, 1770, 4)	(1508, 1358, -1, 7)	(1754, 1356, 1765, 4)	(1522, 1173, 1529, 4)	(1508, 1357, -1, 7)	(1489, 1356, 1496, 4)	(1539, 1173, 1551, 4)	(1489, 1355, 1495, 4)	(1545, 1357, 1552, 4)	(1754, 1357, 1767, 4)	(-1, -1, -1, 0)	(-1, -1, -1, 0)	(-1, -1, -1, 0)	(-1, -1, -1, 0)	(-1, -1, -1, 0)	(-1, -1, -1, 0)
247:	(1779, 1064, 1789, 4)	(-1, -1, 1518, 8)	(1508, 1355, 1514, 4)	(1539, 1175, 1553, 4)	(-1, -1, 1517, 8)	(1779, 1065, 1791, 4)	(2106, 2043, 2112, 4)	(-1, -1, -1, 0)	(-1, -1, -1, 0)	(-1, -1, -1, 0)	(-1, -1, -1, 0)	(-1, -1, -1, 0)	(-1, -1, -1, 0)	(-1, -1, -1, 0)	(-1, -1, -1, 0)	(-1, -1, -1, 0)
248:	(1508, 1356, 1515, 4)	(1522, 1174, 1530, 4)	(1489, 1357, 1497, 4)	(1545, 1356, 1550, 4)	(2021, 2019, 2023, 4)	(-1, -1, -1, 0)	(-1, -1, -1, 0)	(-1, -1, -1, 0)	(-1, -1, -1, 0)	(-1, -1, -1, 0)	(-1, -1, -1, 0)	(-1, -1, -1, 0)	(-1, -1, -1, 0)	(-1, -1, -1, 0)	(-1, -1, -1, 0)	(-1, -1, -1, 0)
249:	(506, 490, 511, 4)	(506, 491, 512, 4)	(1545, 1358, 1554, 4)	(1944, 490, 1958, 4)	(1668, 1625, 1677, 4)	(829, 828, -1, 1)	(830, 828, -1, 1)	(947, 945, -1, 1)	(-1, -1, -1, 0)	(-1, -1, -1, 0)	(-1, -1, -1, 0)	(-1, -1, -1, 0)	(-1, -1, -1, 0)	(-1, -1, -1, 0)	(-1, -1, -1, 0)	(-1, -1, -1, 0)
250:	(1685, 1676, 1688, 4)	(1701, 1676, 1704, 4)	(1489, 1358, 1498, 4)	(1782, 1676, 1785, 4)	(1545, 1355, 1549, 4)	(831, 828, -1, 1)	(102, 100, -1, 1)	(42, 39, -1, 1)	(-1, -1, -1, 0)	(-1, -1, -1, 0)	(-1, -1, -1, 0)	(-1, -1, -1, 0)	(-1, -1, -1, 0)	(-1, -1, -1, 0)	(-1, -1, -1, 0)	(-1, -1, -1, 0)
251:	(1754, 1355, 1764, 4)	(1721, 1174, 1727, 4)	(489, 488, -1, 1)	(946, 945, -1, 1)	(2229, 2172, 2235, 4)	(-1, -1, -1, 0)	(-1, -1, -1, 0)	(-1, -1, -1, 0)	(-1, -1, -1, 0)	(-1, -1, -1, 0)	(-1, -1, -1, 0)	(-1, -1, -1, 0)	(-1, -1, -1, 0)	(-1, -1, -1, 0)	(-1, -1, -1, 0)	(-1, -1, -1, 0)
252:	(1496, 1495, -1, 1)	(1499, 1495, -1, 1)	(692, 314, 706, 4)	(1539, 1174, 1552, 4)	(325, 314, 328, 4)	(692, 313, 693, 4)	(1926, 1875, 1929, 4)	(381, 380, -1, 1)	(1926, 1874, 1927, 4)	(-1, -1, -1, 0)	(-1, -1, -1, 0)	(-1, -1, -1, 0)	(-1, -1, -1, 0)	(-1, -1, -1, 0)	(-1, -1, -1, 0)	(-1, -1, -1, 0)
253:	(1781, 1625, 1789, 4)	(698, 491, 708, 4)	(1015, 1000, 1016, 4)	(1001, 999, -1, 1)	(1797, 1000, 1798, 4)	(-1, -1, -1, 0)	(-1, -1, -1, 0)	(-1, -1, -1, 0)	(-1, -1, -1, 0)	(-1, -1, -1, 0)	(-1, -1, -1, 0)	(-1, -1, -1, 0)	(-1, -1, -1, 0)	(-1, -1, -1, 0)	(-1, -1, -1, 0)	(-1, -1, -1, 0)
254:	(1497, 1495, -1, 1)	(1244, 1227, 1246, 4)	(2222, 40, 2223, 4)	(2023, 2022, -1, 1)	(-1, -1, -1, 0)	(-1, -1, -1, 0)	(-1, -1, -1, 0)	(-1, -1, -1, 0)	(-1, -1, -1, 0)	(-1, -1, -1, 0)	(-1, -1, -1, 0)	(-1, -1, -1, 0)	(-1, -1, -1, 0)	(-1, -1, -1, 0)	(-1, -1, -1, 0)	(-1, -1, -1, 0)
255:	(325, 313, 326, 4)	(1677, 1674, -1, 1)	(1685, 1675, 1686, 4)	(-1, -1, -1, 0)	(-1, -1, -1, 0)	(-1, -1, -1, 0)	(-1, -1, -1, 0)	(-1, -1, -1, 0)	(-1, -1, -1, 0)	(-1, -1, -1, 0)	(-1, -1, -1, 0)	(-1, -1, -1, 0)	(-1, -1, -1, 0)	(-1, -1, -1, 0)	(-1, -1, -1, 0)	(-1, -1, -1, 0)
256:	(1498, 1495, -1, 1)	(1962, 889, 1968, 4)	(1701, 1675, 1702, 4)	(-1, -1, -1, 0)	(-1, -1, -1, 0)	(-1, -1, -1, 0)	(-1, -1, -1, 0)	(-1, -1, -1, 0)	(-1, -1, -1, 0)	(-1, -1, -1, 0)	(-1, -1, -1, 0)	(-1, -1, -1, 0)	(-1, -1, -1, 0)	(-1, -1, -1, 0)	(-1, -1, -1, 0)	(-1, -1, -1, 0)
257:	(839, 830, 842, 4)	(855, 830, 858, 4)	(1894, 830, 1897, 4)	(839, 829, 840, 4)	(855, 829, 856, 4)	(2105, 2037, 2112, 4)	(2105, 2035, 2107, 4)	(-1, -1, -1, 0)	(-1, -1, -1, 0)	(-1, -1, -1, 0)	(-1, -1, -1, 0)	(-1, -1, -1, 0)	(-1, -1, -1, 0)	(-1, -1, -1, 0)	(-1, -1, -1, 0)	(-1, -1, -1, 0)
258:	(855, 831, 860, 4)	(839, 831, 844, 4)	(698, 490, 706, 4)	(1894, 831, 1906, 4)	(-1, -1, -1, 0)	(-1, -1, -1, 0)	(-1, -1, -1, 0)	(-1, -1, -1, 0)	(-1, -1, -1, 0)	(-1, -1, -1, 0)	(-1, -1, -1, 0)	(-1, -1, -1, 0)	(-1, -1, -1, 0)	(-1, -1, -1, 0)	(-1, -1, -1, 0)	(-1, -1, -1, 0)
259:	(506, 489, 508, 4)	(1944, 489, 1945, 4)	(970, 947, 975, 4)	(948, 947, 951, 4)	(1894, 829, 1895, 4)	(948, 946, 949, 4)	(970, 946, 971, 4)	(-1, -1, -1, 0)	(-1, -1, -1, 0)	(-1, -1, -1, 0)	(-1, -1, -1, 0)	(-1, -1, -1, 0)	(-1, -1, -1, 0)	(-1, -1, -1, 0)	(-1, -1, -1, 0)	(-1, -1, -1, 0)
260:	(1514, 1496, 1515, 4)	(1764, 1496, 1765, 4)	(1514, 1499, 1519, 4)	(1549, 1496, 1550, 4)	(1808, 1496, 1809, 4)	(1808, 1499, 1815, 4)	(1764, 1499, 1772, 4)	(1549, 1499, 1555, 4)	(1247, 1246, -1, 1)	(1248, 1246, -1, 1)	(1927, 1878, 1928, 4)	(-1, -1, -1, 0)	(-1, -1, -1, 0)	(-1, -1, -1, 0)	(-1, -1, -1, 0)	(-1, -1, -1, 0)
261:	(1686, 1681, 1691, 4)	(1686, 1680, 1687, 4)	(327, 326, -1, 1)	(328, 326, -1, 1)	(329, 326, -1, 1)	(1016, 1003, 1017, 4)	(2222, 42, 2236, 4)	(1016, 1004, 1018, 4)	(-1, -1, -1, 0)	(-1, -1, -1, 0)	(-1, -1, -1, 0)	(-1, -1, -1, 0)	(-1, -1, -1, 0)	(-1, -1, -1, 0)	(-1, -1, -1, 0)	(-1, -1, -1, 0)
262:	(1702, 1681, 1708, 4)	(1514, 1497, 1517, 4)	(698, 489, 699, 4)	(1702, 1680, 1703, 4)	(1782, 1675, 1783, 4)	(-1, -1, -1, 0)	(-1, -1, -1, 0)	(-1, -1, -1, 0)	(-1, -1, -1, 0)	(-1, -1, -1, 0)	(-1, -1, -1, 0)	(-1, -1, -1, 0)	(-1, -1, -1, 0)	(-1, -1, -1, 0)	(-1, -1, -1, 0)	(-1, -1, -1, 0)
263:	(1782, 1677, 1789, 4)	(1701, 1677, 1707, 4)	(856, 835, 862, 4)	(1685, 1677, 1690, 4)	(856, 834, 857, 4)	(1939, 416, 1968, 4)	(2231, 2188, 2235, 4)	(-1, -1, -1, 0)	(-1, -1, -1, 0)	(-1, -1, -1, 0)	(-1, -1, -1, 0)	(-1, -1, -1, 0)	(-1, -1, -1, 0)	(-1, -1, -1, 0)	(-1, -1, -1, 0)	(-1, -1, -1, 0)
264:	(1764, 1498, 1770, 4)	(1808, 1498, 1813, 4)	(840, 835, 845, 4)	(840, 834, 841, 4)	(1764, 1497, 1767, 4)	(1808, 1497, 1811, 4)	(-1, -1, -1, 0)	(-1, -1, -1, 0)	(-1, -1, -1, 0)	(-1, -1, -1, 0)	(-1, -1, -1, 0)	(-1, -1, -1, 0)	(-1, -1, -1, 0)	(-1, -1, -1, 0)	(-1, -1, -1, 0)	(-1, -1, -1, 0)
265:	(1514, 1498, 1518, 4)	(509, 508, -1, 1)	(510, 508, -1, 1)	(511, 508, -1, 1)	(512, 508, -1, 1)	(1895, 834, 1896, 4)	(1895, 835, 1909, 4)	(1549, 1498, 1554, 4)	(1549, 1497, 1552, 4)	(1015, 1001, 1019, 4)	(-1, -1, -1, 0)	(-1, -1, -1, 0)	(-1, -1, -1, 0)	(-1, -1, -1, 0)	(-1, -1, -1, 0)	(-1, -1, -1, 0)
266:	(1797, 1001, 1815, 4)	(398, 381, 400, 4)	(1798, 1003, 1799, 4)	(950, 949, -1, 1)	(1798, 1004, 1800, 4)	(2099, 152, 2112, 4)	(-1, -1, -1, 0)	(-1, -1, -1, 0)	(-1, -1, -1, 0)	(-1, -1, -1, 0)	(-1, -1, -1, 0)	(-1, -1, -1, 0)	(-1, -1, -1, 0)	(-1, -1, -1, 0)	(-1, -1, -1, 0)	(-1, -1, -1, 0)
267:	(1688, 1687, -1, 1)	(1689, 1687, -1, 1)	(1691, 1687, -1, 1)	(-1, -1, -1, 0)	(-1, -1, -1, 0)	(-1, -1, -1, 0)	(-1, -1, -1, 0)	(-1, -1, -1, 0)	(-1, -1, -1, 0)	(-1, -1, -1, 0)	(-1, -1, -1, 0)	(-1, -1, -1, 0)	(-1, -1, -1, 0)	(-1, -1, -1, 0)	(-1, -1, -1, 0)	(-1, -1, -1, 0)
268:	(1502, 1248, 1515, 4)	(1783, 1680, 1784, 4)	(1783, 1681, 1793, 4)	(1263, 1248, 1268, 4)	(1263, 1247, 1266, 4)	(1502, 1247, -1, 7)	(1018, 1017, -1, 1)	(-1, -1, -1, 0)	(-1, -1, -1, 0)	(-1, -1, -1, 0)	(-1, -1, -1, 0)	(-1, -1, -1, 0)	(-1, -1, -1, 0)	(-1, -1, -1, 0)	(-1, -1, -1, 0)	(-1, -1, -1, 0)
269:	(676, 327, 683, 4)	(676, 328, 684, 4)	(693, 327, 705, 4)	(676, 329, 687, 4)	(1690, 1687, -1, 1)	(-1, -1, 1503, 8)	(693, 328, 706, 4)	(693, 329, 709, 4)	(-1, -1, -1, 0)	(-1, -1, -1, 0)	(-1, -1, -1, 0)	(-1, -1, -1, 0)	(-1, -1, -1, 0)	(-1, -1, -1, 0)	(-1, -1, -1, 0)	(-1, -1, -1, 0)
270:	(842, 841, -1, 1)	(843, 841, -1, 1)	(844, 841, -1, 1)	(845, 841, -1, 1)	(1972, 327, 1977, 4)	(951, 949, -1, 1)	(2227, 2158, 2235, 4)	(-1, -1, -1, 0)	(-1, -1, -1, 0)	(-1, -1, -1, 0)	(-1, -1, -1, 0)	(-1, -1, -1, 0)	(-1, -1, -1, 0)	(-1, -1, -1, 0)	(-1, -1, -1, 0)	(-1, -1, -1, 0)
271:	(1961, 886, 1968, 4)	(2197, 102, 2199, 4)	(1019, 1017, -1, 1)	(2223, 45, 2232, 4)	(-1, -1, -1, 0)	(-1, -1, -1, 0)	(-1, -1, -1, 0)	(-1, -1, -1, 0)	(-1, -1, -1, 0)	(-1, -1, -1, 0)	(-1, -1, -1, 0)	(-1, -1, -1, 0)	(-1, -1, -1, 0)	(-1, -1, -1, 0)	(-1, -1, -1, 0)	(-1, -1, -1, 0)
272:	(1972, 328, 1978, 4)	(401, 400, -1, 1)	(402, 400, -1, 1)	(2103, 2023, 2104, 4)	(1972, 329, 1985, 4)	(-1, -1, -1, 0)	(-1, -1, -1, 0)	(-1, -1, -1, 0)	(-1, -1, -1, 0)	(-1, -1, -1, 0)	(-1, -1, -1, 0)	(-1, -1, -1, 0)	(-1, -1, -1, 0)	(-1, -1, -1, 0)	(-1, -1, -1, 0)	(-1, -1, -1, 0)
273:	(662, 510, 669, 4)	(662, 512, 673, 4)	(1945, 510, 1956, 4)	(662, 511, -1, 7)	(643, 510, 650, 4)	(643, 511, 651, 4)	(643, 512, 653, 4)	(1945, 511, 1958, 4)	(-1, -1, -1, 0)	(-1, -1, -1, 0)	(-1, -1, -1, 0)	(-1, -1, -1, 0)	(-1, -1, -1, 0)	(-1, -1, -1, 0)	(-1, -1, -1, 0)	(-1, -1, -1, 0)
274:	(699, 510, 704, 4)	(643, 509, 649, 4)	(662, 509, 668, 4)	(-1, -1, 671, 8)	(1267, 1266, -1, 1)	(1268, 1266, -1, 1)	(1269, 1266, -1, 1)	(-1, -1, -1, 0)	(-1, -1, -1, 0)	(-1, -1, -1, 0)	(-1, -1, -1, 0)	(-1, -1, -1, 0)	(-1, -1, -1, 0)	(-1, -1, -1, 0)	(-1, -1, -1, 0)	(-1, -1, -1, 0)
275:	(1713, 1691, 1719, 4)	(1703, 1689, 1705, 4)	(1713, 1689, 1715, 4)	(1784, 1689, 1786, 4)	(1703, 1691, 1708, 4)	(2118, 1689, 2120, 4)	(1784, 1691, 1793, 4)	(2118, 1691, 2127, 4)	(-1, -1, -1, 0)	(-1, -1, -1, 0)	(-1, -1, -1, 0)	(-1, -1, -1, 0)	(-1, -1, -1, 0)	(-1, -1, -1, 0)	(-1, -1, -1, 0)	(-1, -1, -1, 0)
276:	(699, 509, 703, 4)	(1703, 1688, 1704, 4)	(1945, 509, 1955, 4)	(1713, 1688, 1714, 4)	(-1, 1688, -1, 5)	(699, 512, 708, 4)	(971, 950, 972, 4)	(-1, -1, -1, 0)	(-1, -1, -1, 0)	(-1, -1, -1, 0)	(-1, -1, -1, 0)	(-1, -1, -1, 0)	(-1, -1, -1, 0)	(-1, -1, -1, 0)	(-1, -1, -1, 0)	(-1, -1, -1, 0)
277:	(1784, 1690, 1789, 4)	(2118, 1690, 2123, 4)	(1713, 1690, 1718, 4)	(699, 511, 706, 4)	(1784, -1, 1785, 6)	(1964, 916, 1968, 4)	(-1, -1, -1, 0)	(-1, -1, -1, 0)	(-1, -1, -1, 0)	(-1, -1, -1, 0)	(-1, -1, -1, 0)	(-1, -1, -1, 0)	(-1, -1, -1, 0)	(-1, -1, -1, 0)	(-1, -1, -1, 0)	(-1, -1, -1, 0)
278:	(867, 844, 870, 4)	(867, 845, 873, 4)	(857, 843, 859, 4)	(867, 843, 869, 4)	(857, 844, 860, 4)	(1896, 843, 1898, 4)	(857, 845, 862, 4)	(1896, 845, 1909, 4)	(1896, 844, 1906, 4)	(-1, -1, -1, 0)	(-1, -1, -1, 0)	(-1, -1, -1, 0)	(-1, -1, -1, 0)	(-1, -1, -1, 0)	(-1, -1, -1, 0)	(-1, -1, -1, 0)
279:	(1703, 1690, 1707, 4)	(867, 842, 868, 4)	(1896, 842, 1897, 4)	(952, 951, 955, 4)	(952, 950, 953, 4)	(-1, -1, -1, 0)	(-1, -1, -1, 0)	(-1, -1, -1, 0)	(-1, -1, -1, 0)	(-1, -1, -1, 0)	(-1, -1, -1, 0)	(-1, -1, -1, 0)	(-1, -1, -1, 0)	(-1, -1, -1, 0)	(-1, -1, -1, 0)	(-1, -1, -1, 0)
280:	(656, 402, 669, 4)	(1992, 843, 1994, 4)	(652, 649, -1, 1)	(653, 649, -1, 1)	(2118, 1688, 2119, 4)	(417, 401, 420, 4)	(656, 401, -1, 7)	(2228, 2166, 2235, 4)	(-1, -1, -1, 0)	(-1, -1, -1, 0)	(-1, -1, -1, 0)	(-1, -1, -1, 0)	(-1, -1, -1, 0)	(-1, -1, -1, 0)	(-1, -1, -1, 0)	(-1, -1, -1, 0)
281:	(650, 649, -1, 1)	(651, 649, -1, 1)	(1799, 1019, 1815, 4)	(417, 402, 422, 4)	(1992, 845, 1998, 4)	(-1, -1, -1, 0)	(-1, -1, 657, 8)	(-1, -1, -1, 0)	(-1, -1, -1, 0)	(-1, -1, -1, 0)	(-1, -1, -1, 0)	(-1, -1, -1, 0)	(-1, -1, -1, 0)	(-1, -1, -1, 0)	(-1, -1, -1, 0)	(-1, -1, -1, 0)
282:	(1503, 1269, 1518, 4)	(1503, 1268, 1515, 4)	(857, 842, 858, 4)	(1705, 1704, -1, 1)	(1708, 1704, -1, 1)	(1503, 1267, 1504, 4)	(-1, -1, -1, 0)	(-1, -1, -1, 0)	(-1, -1, -1, 0)	(-1, -1, -1, 0)	(-1, -1, -1, 0)	(-1, -1, -1, 0)	(-1, -1, -1, 0)	(-1, -1, -1, 0)	(-1, -1, -1, 0)	(-1, -1, -1, 0)
283:	(-1, 1269, -1, 5)	(1706, 1704, -1, 1)	(1274, 1268, 1278, 4)	(1274, 1269, 1279, 4)	(1274, 1267, 1276, 4)	(971, 951, 975, 4)	(2104, 2029, 2112, 4)	(-1, -1, -1, 0)	(-1, -1, -1, 0)	(-1, -1, -1, 0)	(-1, -1, -1, 0)	(-1, -1, -1, 0)	(-1, -1, -1, 0)	(-1, -1, -1, 0)	(-1, -1, -1, 0)	(-1, -1, -1, 0)
284:	(1749, -1, 1770, 6)	(1749, 1268, 1765, 4)	(1992, 844, 1995, 4)	(1749, 1267, 1751, 4)	(1952, 604, 1968, 4)	(-1, -1, -1, 0)	(-1, -1, -1, 0)	(-1, -1, -1, 0)	(-1, -1, -1, 0)	(-1, -1, -1, 0)	(-1, -1, -1, 0)	(-1, -1, -1, 0)	(-1, -1, -1, 0)	(-1, -1, -1, 0)	(-1, -1, -1, 0)	(-1, -1, -1, 0)
285:	(1707, 1704, -1, 1)	(954, 953, -1, 1)	(955, 953, -1, 1)	(-1, -1, -1, 0)	(-1, -1, -1, 0)	(-1, -1, -1, 0)	(-1, -1, -1, 0)	(-1, -1, -1, 0)	(-1, -1, -1, 0)	(-1, -1, -1, 0)	(-1, -1, -1, 0)	(-1, -1, -1, 0)	(-1, -1, -1, 0)	(-1, -1, -1, 0)	(-1, -1, -1, 0)	(-1, -1, -1, 0)
286:	(1992, 842, 1993, 4)	(421, 420, -1, 1)	(423, 420, -1, 1)	(2099, 151, 2107, 4)	(-1, -1, -1, 0)	(-1, -1, -1, 0)	(-1, -1, -1, 0)	(-1, -1, -1, 0)	(-1, -1, -1, 0)	(-1, -1, -1, 0)	(-1, -1, -1, 0)	(-1, -1, -1, 0)	(-1, -1, -1, 0)	(-1, -1, -1, 0)	(-1, -1, -1, 0)	(-1, -1, -1, 0)
287:	(422, 420, -1, 1)	(1799, 1018, 1800, 4)	(-1, -1, -1, 0)	(-1, -1, -1, 0)	(-1, -1, -1, 0)	(-1, -1, -1, 0)	(-1, -1, -1, 0)	(-1, -1, -1, 0)	(-1, -1, -1, 0)	(-1, -1, -1, 0)	(-1, -1, -1, 0)	(-1, -1, -1, 0)	(-1, -1, -1, 0)	(-1, -1, -1, 0)	(-1, -1, -1, 0)	(-1, -1, -1, 0)
288:	(668, 653, 673, 4)	(668, 652, 672, 4)	(859, 858, -1, 1)	(861, 858, -1, 1)	(862, 858, -1, 1)	(703, 652, 707, 4)	(703, 653, 708, 4)	(-1, -1, -1, 0)	(-1, -1, -1, 0)	(-1, -1, -1, 0)	(-1, -1, -1, 0)	(-1, -1, -1, 0)	(-1, -1, -1, 0)	(-1, -1, -1, 0)	(-1, -1, -1, 0)	(-1, -1, -1, 0)
289:	(668, 650, 669, 4)	(1955, 650, 1956, 4)	(668, 651, 671, 4)	(1955, 652, 1967, 4)	(2230, 2181, 2235, 4)	(-1, -1, -1, 0)	(-1, -1, -1, 0)	(-1, -1, -1, 0)	(-1, -1, -1, 0)	(-1, -1, -1, 0)	(-1, -1, -1, 0)	(-1, -1, -1, 0)	(-1, -1, -1, 0)	(-1, -1, -1, 0)	(-1, -1, -1, 0)	(-1, -1, -1, 0)
290:	(1729, 1708, 1735, 4)	(1714, 1708, 1719, 4)	(703, 650, 704, 4)	(860, 858, -1, 1)	(1714, 1705, 1715, 4)	(1729, 1705, 1730, 4)	(1955, 651, 1958, 4)	(-1, -1, -1, 0)	(-1, -1, -1, 0)	(-1, -1, -1, 0)	(-1, -1, -1, 0)	(-1, -1, -1, 0)	(-1, -1, -1, 0)	(-1, -1, -1, 0)	(-1, -1, -1, 0)	(-1, -1, -1, 0)
291:	(1729, 1706, 1731, 4)	(1714, 1706, 1716, 4)	(1785, 1706, 1787, 4)	(2119, 1706, 2121, 4)	(703, 651, 706, 4)	(1917, 651, 1920, 4)	(1278, 1276, -1, 1)	(2119, 1708, 2127, 4)	(-1, -1, -1, 0)	(-1, -1, -1, 0)	(-1, -1, -1, 0)	(-1, -1, -1, 0)	(-1, -1, -1, 0)	(-1, -1, -1, 0)	(-1, -1, -1, 0)	(-1, -1, -1, 0)
292:	(1917, 650, 1918, 4)	(1785, 1705, 1786, 4)	(2119, 1705, 2120, 4)	(1785, 1708, 1793, 4)	(1279, 1276, -1, 1)	(-1, -1, -1, 0)	(-1, -1, -1, 0)	(-1, -1, -1, 0)	(-1, -1, -1, 0)	(-1, -1, -1, 0)	(-1, -1, -1, 0)	(-1, -1, -1, 0)	(-1, -1, -1, 0)	(-1, -1, -1, 0)	(-1, -1, -1, 0)	(-1, -1, -1, 0)
293:	(1785, 1707, 1789, 4)	(2119, 1707, -1, 7)	(1729, 1707, 1733, 4)	(1714, 1707, 1718, 4)	(1800, 1022, 1816, 4)	(972, 955, 975, 4)	(956, 955, 959, 4)	(972, 954, 973, 4)	(-1, -1, -1, 0)	(-1, -1, -1, 0)	(-1, -1, -1, 0)	(-1, -1, -1, 0)	(-1, -1, -1, 0)	(-1, -1, -1, 0)	(-1, -1, -1, 0)	(-1, -1, -1, 0)
294:	(657, 423, 673, 4)	(-1, -1, 2123, 8)	(428, 421, 430, 4)	(1277, 1276, -1, 1)	(657, 421, 658, 4)	(1940, 421, 1942, 4)	(-1, -1, -1, 0)	(-1, -1, -1, 0)	(-1, -1, -1, 0)	(-1, -1, -1, 0)	(-1, -1, -1, 0)	(-1, -1, -1, 0)	(-1, -1, -1, 0)	(-1, -1, -1, 0)	(-1, -1, -1, 0)	(-1, -1, -1, 0)
295:	(657, 422, 669, 4)	(1940, 422, 1956, 4)	(428, 422, 432, 4)	(2223, 46, 2235, 4)	(-1, -1, -1, 0)	(-1, -1, -1, 0)	(-1, -1, -1, 0)	(-1, -1, -1, 0)	(-1, -1, -1, 0)	(-1, -1, -1, 0)	(-1, -1, -1, 0)	(-1, -1, -1, 0)	(-1, -1, -1, 0)	(-1, -1, -1, 0)	(-1, -1, -1, 0)	(-1, -1, -1, 0)
296:	(868, 861, 872, 4)	(868, 862, 873, 4)	(868, 859, 869, 4)	(1717, 1715, -1, 1)	(1719, 1715, -1, 1)	(428, 423, 433, 4)	(1980, 861, 1985, 4)	(1980, 862, 1986, 4)	(-1, -1, -1, 0)	(-1, -1, -1, 0)	(-1, -1, -1, 0)	(-1, -1, -1, 0)	(-1, -1, -1, 0)	(-1, -1, -1, 0)	(-1, -1, -1, 0)	(-1, -1, -1, 0)
297:	(1716, 1715, -1, 1)	(1897, 859, 1898, 4)	(1980, 859, 1981, 4)	(1897, 862, 1909, 4)	(1953, 625, 1968, 4)	(-1, -1, -1, 0)	(-1, -1, -1, 0)	(-1, -1, -1, 0)	(-1, -1, -1, 0)	(-1, -1, -1, 0)	(-1, -1, -1, 0)	(-1, -1, -1, 0)	(-1, -1, -1, 0)	(-1, -1, -1, 0)	(-1, -1, -1, 0)	(-1, -1, -1, 0)
298:	(868, 860, 870, 4)	(1993, 859, 1994, 4)	(-1, 860, -1, 5)	(1993, 860, 1995, 4)	(1993, 862, 1998, 4)	(1993, 861, 1997, 4)	(-1, -1, -1, 0)	(-1, -1, -1, 0)	(-1, -1, -1, 0)	(-1, -1, -1, 0)	(-1, -1, -1, 0)	(-1, -1, -1, 0)	(-1, -1, -1, 0)	(-1, -1, -1, 0)	(-1, -1, -1, 0)	(-1, -1, -1, 0)
299:	(1718, 1715, -1, 1)	(1917, 653, 1930, 4)	(1980, -1, 1982, 6)	(1917, 652, 1929, 4)	(-1, -1, -1, 0)	(-1, -1, -1, 0)	(-1, -1, -1, 0)	(-1, -1, -1, 0)	(-1, -1, -1, 0)	(-1, -1, -1, 0)	(-1, -1, -1, 0)	(-1, -1, -1, 0)	(-1, -1, -1, 0)	(-1, -1, -1, 0)	(-1, -1, -1, 0)	(-1, -1, -1, 0)
300:	(1751, 1279, 1770, 4)	(1504, 1279, 1518, 4)	(1504, 1278, 1515, 4)	(1751, 1278, 1765, 4)	(1897, 861, 1908, 4)	(1281, 1278, 1283, 4)	(1897, 860, 1906, 4)	(2104, 2028, 2107, 4)	(-1, -1, -1, 0)	(-1, -1, -1, 0)	(-1, -1, -1, 0)	(-1, -1, -1, 0)	(-1, -1, -1, 0)	(-1, -1, -1, 0)	(-1, -1, -1, 0)	(-1, -1, -1, 0)
301:	(1281, 1279, 1285, 4)	(431, 430, -1, 1)	(432, 430, -1, 1)	(956, 954, 957, 4)	(-1, -1, -1, 0)	(-1, -1, -1, 0)	(-1, -1, -1, 0)	(-1, -1, -1, 0)	(-1, -1, -1, 0)	(-1, -1, -1, 0)	(-1, -1, -1, 0)	(-1, -1, -1, 0)	(-1, -1, -1, 0)	(-1, -1, -1, 0)	(-1, -1, -1, 0)	(-1, -1, -1, 0)
302:	(871, 869, -1, 1)	(872, 869, -1, 1)	(873, 869, -1, 1)	(1281, 1277, 1282, 4)	(433, 430, -1, 1)	(1751, 1277, 1752, 4)	(-1, -1, -1, 0)	(-1, -1, -1, 0)	(-1, -1, -1, 0)	(-1, -1, -1, 0)	(-1, -1, -1, 0)	(-1, -1, -1, 0)	(-1, -1, -1, 0)	(-1, -1, -1, 0)	(-1, -1, -1, 0)	(-1, -1, -1, 0)
303:	(1504, 1277, 1505, 4)	(-1, -1, -1, 0)	(-1, -1, -1, 0)	(-1, -1, -1, 0)	(-1, -1, -1, 0)	(-1, -1, -1, 0)	(-1, -1, -1, 0)	(-1, -1, -1, 0)	(-1, -1, -1, 0)	(-1, -1, -1, 0)	(-1, -1, -1, 0)	(-1, -1, -1, 0)	(-1, -1, -1, 0)	(-1, -1, -1, 0)	(-1, -1, -1, 0)	(-1, -1, -1, 0)
304:	(1730, 1717, 1732, 4)	(1786, 1717, 1788, 4)	(2120, 1717, 2122, 4)	(870, 869, -1, 1)	(1786, 1719, 1793, 4)	(2120, 1719, 2127, 4)	(-1, -1, -1, 0)	(-1, -1, -1, 0)	(-1, -1, -1, 0)	(-1, -1, -1, 0)	(-1, -1, -1, 0)	(-1, -1, -1, 0)	(-1, -1, -1, 0)	(-1, -1, -1, 0)	(-1, -1, -1, 0)	(-1, -1, -1, 0)
305:	(1730, 1716, 1731, 4)	(1768, 1716, 1769, 4)	(1730, 1719, 1735, 4)	(1786, 1716, 1787, 4)	(1768, 1719, 1774, 4)	(-1, -1, -1, 0)	(-1, -1, -1, 0)	(-1, -1, -1, 0)	(-1, -1, -1, 0)	(-1, -1, -1, 0)	(-1, -1, -1, 0)	(-1, -1, -1, 0)	(-1, -1, -1, 0)	(-1, -1, -1, 0)	(-1, -1, -1, 0)	(-1, -1, -1, 0)
306:	(1768, 1717, 1770, 4)	(1954, 640, 1968, 4)	(-1, -1, -1, 0)	(-1, -1, -1, 0)	(-1, -1, -1, 0)	(-1, -1, -1, 0)	(-1, -1, -1, 0)	(-1, -1, -1, 0)	(-1, -1, -1, 0)	(-1, -1, -1, 0)	(-1, -1, -1, 0)	(-1, -1, -1, 0)	(-1, -1, -1, 0)	(-1, -1, -1, 0)	(-1, -1, -1, 0)	(-1, -1, -1, 0)
307:	(1786, 1718, 1789, 4)	(2120, 1718, 2123, 4)	(1730, 1718, 1733, 4)	(2120, 1716, 2121, 4)	(-1, -1, -1, 0)	(-1, -1, -1, 0)	(-1, -1, -1, 0)	(-1, -1, -1, 0)	(-1, -1, -1, 0)	(-1, -1, -1, 0)	(-1, -1, -1, 0)	(-1, -1, -1, 0)	(-1, -1, -1, 0)	(-1, -1, -1, 0)	(-1, -1, -1, 0)	(-1, -1, -1, 0)
308:	(1768, 1718, 1771, 4)	(1283, 1282, -1, 1)	(1284, 1282, -1, 1)	(1285, 1282, -1, 1)	(958, 957, -1, 1)	(959, 957, -1, 1)	(-1, -1, -1, 0)	(-1, -1, -1, 0)	(-1, -1, -1, 0)	(-1, -1, -1, 0)	(-1, -1, -1, 0)	(-1, -1, -1, 0)	(-1, -1, -1, 0)	(-1, -1, -1, 0)	(-1, -1, -1, 0)	(-1, -1, -1, 0)
309:	(658, 432, 669, 4)	(1942, 432, 1956, 4)	(435, 432, 437, 4)	(435, 431, 436, 4)	(1942, 431, 1943, 4)	(-1, -1, -1, 0)	(-1, -1, -1, 0)	(-1, -1, -1, 0)	(-1, -1, -1, 0)	(-1, -1, -1, 0)	(-1, -1, -1, 0)	(-1, -1, -1, 0)	(-1, -1, -1, 0)	(-1, -1, -1, 0)	(-1, -1, -1, 0)	(-1, -1, -1, 0)
310:	(658, 433, 673, 4)	(435, 433, 439, 4)	(1898, 872, 1908, 4)	(1898, 873, 1909, 4)	(1981, 871, 1984, 4)	(1981, 873, 1986, 4)	(-1, -1, -1, 0)	(-1, -1, -1, 0)	(-1, -1, -1, 0)	(-1, -1, -1, 0)	(-1, -1, -1, 0)	(-1, -1, -1, 0)	(-1, -1, -1, 0)	(-1, -1, -1, 0)	(-1, -1, -1, 0)	(-1, -1, -1, 0)
311:	(1898, 871, 1907, 4)	(1981, 872, 1985, 4)	(-1, -1, -1, 0)	(-1, -1, -1, 0)	(-1, -1, -1, 0)	(-1, -1, -1, 0)	(-1, -1, -1, 0)	(-1, -1, -1, 0)	(-1, -1, -1, 0)	(-1, -1, -1, 0)	(-1, -1, -1, 0)	(-1, -1, -1, 0)	(-1, -1, -1, 0)	(-1, -1, -1, 0)	(-1, -1, -1, 0)	(-1, -1, -1, 0)
312:	(658, 431, 659, 4)	(1959, 870, 1966, 4)	(1981, 870, 1982, 4)	(1994, 870, 1995, 4)	(1959, 872, 1969, 4)	(1994, 872, 1997, 4)	(-1, -1, -1, 0)	(-1, -1, -1, 0)	(-1, -1, -1, 0)	(-1, -1, -1, 0)	(-1, -1, -1, 0)	(-1, -1, -1, 0)	(-1, -1, -1, 0)	(-1, -1, -1, 0)	(-1, -1, -1, 0)	(-1, -1, -1, 0)
313:	(1898, 870, 1906, 4)	(1944, 491, 1968, 4)	(-1, -1, -1, 0)	(-1, -1, -1, 0)	(-1, -1, -1, 0)	(-1, -1, -1, 0)	(-1, -1, -1, 0)	(-1, -1, -1, 0)	(-1, -1, -1, 0)	(-1, -1, -1, 0)	(-1, -1, -1, 0)	(-1, -1, -1, 0)	(-1, -1, -1, 0)	(-1, -1, -1, 0)	(-1, -1, -1, 0)	(-1, -1, -1, 0)
314:	(1994, 873, 1998, 4)	(1959, 873, 1970, 4)	(-1, -1, -1, 0)	(-1, -1, -1, 0)	(-1, -1, -1, 0)	(-1, -1, -1, 0)	(-1, -1, -1, 0)	(-1, -1, -1, 0)	(-1, -1, -1, 0)	(-1, -1, -1, 0)	(-1, -1, -1, 0)	(-1, -1, -1, 0)	(-1, -1, -1, 0)	(-1, -1, -1, 0)	(-1, -1, -1, 0)	(-1, -1, -1, 0)
315:	(437, 436, -1, 1)	(438, 436, -1, 1)	(1994, 871, 1996, 4)	(-1, -1, -1, 0)	(-1, -1, -1, 0)	(-1, -1, -1, 0)	(-1, -1, -1, 0)	(-1, -1, -1, 0)	(-1, -1, -1, 0)	(-1, -1, -1, 0)	(-1, -1, -1, 0)	(-1, -1, -1, 0)	(-1, -1, -1, 0)	(-1, -1, -1, 0)	(-1, -1, -1, 0)	(-1, -1, -1, 0)
316:	(1752, 1285, 1770, 4)	(1527, 1285, 1532, 4)	(1505, 1284, 1516, 4)	(1527, 1284, 1529, 4)	(1505, 1285, 1518, 4)	(1752, 1284, 1766, 4)	(1505, 1283, 1515, 4)	(960, 958, 962, 4)	(973, 959, 975, 4)	(-1, -1, -1, 0)	(-1, -1, -1, 0)	(-1, -1, -1, 0)	(-1, -1, -1, 0)	(-1, -1, -1, 0)	(-1, -1, -1, 0)	(-1, -1, -1, 0)
317:	(1527, 1283, 1528, 4)	(973, 958, 974, 4)	(-1, -1, -1, 0)	(-1, -1, -1, 0)	(-1, -1, -1, 0)	(-1, -1, -1, 0)	(-1, -1, -1, 0)	(-1, -1, -1, 0)	(-1, -1, -1, 0)	(-1, -1, -1, 0)	(-1, -1, -1, 0)	(-1, -1, -1, 0)	(-1, -1, -1, 0)	(-1, -1, -1, 0)	(-1, -1, -1, 0)	(-1, -1, -1, 0)
318:	(1752, 1283, 1765, 4)	(439, 436, -1, 1)	(-1, -1, -1, 0)	(-1, -1, -1, 0)	(-1, -1, -1, 0)	(-1, -1, -1, 0)	(-1, -1, -1, 0)	(-1, -1, -1, 0)	(-1, -1, -1, 0)	(-1, -1, -1, 0)	(-1, -1, -1, 0)	(-1, -1, -1, 0)	(-1, -1, -1, 0)	(-1, -1, -1, 0)	(-1, -1, -1, 0)	(-1, -1, -1, 0)
319:	(1907, 1906, -1, 1)	(1908, 1906, -1, 1)	(1909, 1906, -1, 1)	(1945, 512, 1968, 4)	(-1, -1, -1, 0)	(-1, -1, -1, 0)	(-1, -1, -1, 0)	(-1, -1, -1, 0)	(-1, -1, -1, 0)	(-1, -1, -1, 0)	(-1, -1, -1, 0)	(-1, -1, -1, 0)	(-1, -1, -1, 0)	(-1, -1, -1, 0)	(-1, -1, -1, 0)	(-1, -1, -1, 0)
320:	(960, 959, 963, 4)	(-1, -1, -1, 0)	(-1, -1, -1, 0)	(-1, -1, -1, 0)	(-1, -1, -1, 0)	(-1, -1, -1, 0)	(-1, -1, -1, 0)	(-1, -1, -1, 0)	(-1, -1, -1, 0)	(-1, -1, -1, 0)	(-1, -1, -1, 0)	(-1, -1, -1, 0)	(-1, -1, -1, 0)	(-1, -1, -1, 0)	(-1, -1, -1, 0)	(-1, -1, -1, 0)
321:	(-1, -1, -1, 0)	(-1, -1, -1, 0)	(-1, -1, -1, 0)	(-1, -1, -1, 0)	(-1, -1, -1, 0)	(-1, -1, -1, 0)	(-1, -1, -1, 0)	(-1, -1, -1, 0)	(-1, -1, -1, 0)	(-1, -1, -1, 0)	(-1, -1, -1, 0)	(-1, -1, -1, 0)	(-1, -1, -1, 0)	(-1, -1, -1, 0)	(-1, -1, -1, 0)	(-1, -1, -1, 0)
322:	(1516, 1515, -1, 1)	(1517, 1515, -1, 1)	(1518, 1515, -1, 1)	(1519, 1515, -1, 1)	(962, 961, -1, 1)	(-1, -1, -1, 0)	(-1, -1, -1, 0)	(-1, -1, -1, 0)	(-1, -1, -1, 0)	(-1, -1, -1, 0)	(-1, -1, -1, 0)	(-1, -1, -1, 0)	(-1, -1, -1, 0)	(-1, -1, -1, 0)	(-1, -1, -1, 0)	(-1, -1, -1, 0)
323:	(659, 438, 670, 4)	(681, 438, 683, 4)	(1943, 438, 1957, 4)	(659, 437, 669, 4)	(681, 437, 682, 4)	(1943, 437, 1956, 4)	(-1, -1, -1, 0)	(-1, -1, -1, 0)	(-1, -1, -1, 0)	(-1, -1, -1, 0)	(-1, -1, -1, 0)	(-1, -1, -1, 0)	(-1, -1, -1, 0)	(-1, -1, -1, 0)	(-1, -1, -1, 0)	(-1, -1, -1, 0)
324:	(-1, -1, -1, 0)	(-1, -1, -1, 0)	(-1, -1, -1, 0)	(-1, -1, -1, 0)	(-1, -1, -1, 0)	(-1, -1, -1, 0)	(-1, -1, -1, 0)	(-1, -1, -1, 0)	(-1, -1, -1, 0)	(-1, -1, -1, 0)	(-1, -1, -1, 0)	(-1, -1, -1, 0)	(-1, -1, -1, 0)	(-1, -1, -1, 0)	(-1, -1, -1, 0)	(-1, -1, -1, 0)
325:	(1955, 653, 1968, 4)	(-1, -1, -1, 0)	(-1, -1, -1, 0)	(-1, -1, -1, 0)	(-1, -1, -1, 0)	(-1, -1, -1, 0)	(-1, -1, -1, 0)	(-1, -1, -1, 0)	(-1, -1, -1, 0)	(-1, -1, -1, 0)	(-1, -1, -1, 0)	(-1, -1, -1, 0)	(-1, -1, -1, 0)	(-1, -1, -1, 0)	(-1, -1, -1, 0)	(-1, -1, -1, 0)
326:	(681, 439, 686, 4)	(659, 439, 673, 4)	(-1, -1, -1, 0)	(-1, -1, -1, 0)	(-1, -1, -1, 0)	(-1, -1, -1, 0)	(-1, -1, -1, 0)	(-1, -1, -1, 0)	(-1, -1, -1, 0)	(-1, -1, -1, 0)	(-1, -1, -1, 0)	(-1, -1, -1, 0)	(-1, -1, -1, 0)	(-1, -1, -1, 0)	(-1, -1, -1, 0)	(-1, -1, -1, 0)
327:	(1966, 1908, 1969, 4)	(1982, 1907, 1984, 4)	(1966, 1909, 1970, 4)	(1995, 1907, 1996, 4)	(963, 961, -1, 1)	(1982, 1909, 1986, 4)	(1995, 1908, 1997, 4)	(-1, -1, -1, 0)	(-1, -1, -1, 0)	(-1, -1, -1, 0)	(-1, -1, -1, 0)	(-1, -1, -1, 0)	(-1, -1, -1, 0)	(-1, -1, -1, 0)	(-1, -1, -1, 0)	(-1, -1, -1, 0)
328:	(1995, 1909, 1998, 4)	(1982, 1908, 1985, 4)	(-1, -1, -1, 0)	(-1, -1, -1, 0)	(-1, -1, -1, 0)	(-1, -1, -1, 0)	(-1, -1, -1, 0)	(-1, -1, -1, 0)	(-1, -1, -1, 0)	(-1, -1, -1, 0)	(-1, -1, -1, 0)	(-1, -1, -1, 0)	(-1, -1, -1, 0)	(-1, -1, -1, 0)	(-1, -1, -1, 0)	(-1, -1, -1, 0)
329:	(670, 669, -1, 1)	(671, 669, -1, 1)	(672, 669, -1, 1)	(-1, -1, -1, 0)	(-1, -1, -1, 0)	(-1, -1, -1, 0)	(-1, -1, -1, 0)	(-1, -1, -1, 0)	(-1, -1, -1, 0)	(-1, -1, -1, 0)	(-1, -1, -1, 0)	(-1, -1, -1, 0)	(-1, -1, -1, 0)	(-1, -1, -1, 0)	(-1, -1, -1, 0)	(-1, -1, -1, 0)
330:	(1765, 1518, 1770, 4)	(1809, 1518, 1813, 4)	(1528, 1517, 1530, 4)	(1528, 1518, 1532, 4)	(1528, 1519, 1533, 4)	(1528, 1516, 1529, 4)	(1765, 1516, 1766, 4)	(1809, 1516, 1810, 4)	(1809, 1519, 1815, 4)	(-1, 1518, -1, 5)	(1765, 1517, 1767, 4)	(1809, 1517, 1811, 4)	(-1, -1, -1, 0)	(-1, -1, -1, 0)	(-1, -1, -1, 0)	(-1, -1, -1, 0)
331:	(1550, 1516, 1551, 4)	(1550, 1517, 1552, 4)	(964, 962, 965, 4)	(1879, 962, 1880, 4)	(-1, -1, -1, 0)	(-1, -1, -1, 0)	(-1, -1, -1, 0)	(-1, -1, -1, 0)	(-1, -1, -1, 0)	(1550, -1, 1554, 6)	(-1, -1, -1, 0)	(-1, -1, -1, 0)	(-1, -1, -1, 0)	(-1, -1, -1, 0)	(-1, -1, -1, 0)	(-1, -1, -1, 0)
332:	(673, 669, -1, 1)	(1765, 1519, 1772, 4)	(1550, 1519, 1555, 4)	(1940, 423, 1968, 4)	(-1, -1, -1, 0)	(-1, -1, -1, 0)	(-1, -1, -1, 0)	(-1, -1, -1, 0)	(-1, -1, -1, 0)	(-1, -1, -1, 0)	(-1, -1, -1, 0)	(-1, -1, -1, 0)	(-1, -1, -1, 0)	(-1, -1, -1, 0)	(-1, -1, -1, 0)	(-1, -1, -1, 0)
333:	(-1, -1, -1, 0)	(-1, -1, -1, 0)	(-1, -1, -1, 0)	(-1, -1, -1, 0)	(-1, -1, -1, 0)	(-1, -1, -1, 0)	(-1, -1, -1, 0)	(-1, -1, -1, 0)	(-1, -1, -1, 0)	(-1, -1, -1, 0)	(-1, -1, -1, 0)	(-1, -1, -1, 0)	(-1, -1, -1, 0)	(-1, -1, -1, 0)	(-1, -1, -1, 0)	(-1, -1, -1, 0)
334:	(-1, -1, -1, 0)	(-1, -1, -1, 0)	(-1, -1, -1, 0)	(-1, -1, -1, 0)	(-1, -1, -1, 0)	(-1, -1, -1, 0)	(-1, -1, -1, 0)	(-1, -1, -1, 0)	(-1, -1, -1, 0)	(-1, -1, -1, 0)	(-1, -1, -1, 0)	(-1, -1, -1, 0)	(-1, -1, -1, 0)	(-1, -1, -1, 0)	(-1, -1, -1, 0)	(-1, -1, -1, 0)
335:	(964, 963, 966, 4)	(1879, 963, 1881, 4)	(-1, -1, -1, 0)	(-1, -1, -1, 0)	(-1, -1, -1, 0)	(-1, -1, -1, 0)	(-1, -1, -1, 0)	(-1, -1, -1, 0)	(-1, -1, -1, 0)	(-1, -1, -1, 0)	(-1, -1, -1, 0)	(-1, -1, -1, 0)	(-1, -1, -1, 0)	(-1, -1, -1, 0)	(-1, -1, -1, 0)	(-1, -1, -1, 0)
336:	(1530, 1529, -1, 1)	(1531, 1529, -1, 1)	(1532, 1529, -1, 1)	(1533, 1529, -1, 1)	(-1, -1, -1, 0)	(-1, -1, -1, 0)	(-1, -1, -1, 0)	(-1, -1, -1, 0)	(-1, -1, -1, 0)	(-1, -1, -1, 0)	(-1, -1, -1, 0)	(-1, -1, -1, 0)	(-1, -1, -1, 0)	(-1, -1, -1, 0)	(-1, -1, -1, 0)	(-1, -1, -1, 0)
337:	(682, 671, 684, 4)	(682, 672, 685, 4)	(682, 670, 683, 4)	(-1, 670, -1, 5)	(1956, 670, 1957, 4)	(-1, 672, -1, 5)	(1956, 671, 1958, 4)	(-1, 871, -1, 5)	(1956, 672, 1967, 4)	(-1, -1, -1, 0)	(-1, -1, -1, 0)	(-1, -1, -1, 0)	(-1, -1, -1, 0)	(-1, -1, -1, 0)	(-1, -1, -1, 0)	(-1, -1, -1, 0)
338:	(-1, -1, -1, 0)	(-1, -1, -1, 0)	(-1, -1, -1, 0)	(1918, -1, 1919, 6)	(-1, -1, -1, 0)	(704, -1, 707, 6)	(-1, -1, -1, 0)	(1959, -1, 1968, 6)	(-1, -1, -1, 0)	(-1, -1, -1, 0)	(-1, -1, -1, 0)	(-1, -1, -1, 0)	(-1, -1, -1, 0)	(-1, -1, -1, 0)	(-1, -1, -1, 0)	(-1, -1, -1, 0)
339:	(704, 670, 705, 4)	(704, 671, 706, 4)	(967, 965, -1, 1)	(-1, -1, -1, 0)	(-1, -1, -1, 0)	(-1, -1, -1, 0)	(-1, -1, -1, 0)	(-1, -1, -1, 0)	(-1, -1, -1, 0)	(-1, -1, -1, 0)	(-1, -1, -1, 0)	(-1, -1, -1, 0)	(-1, -1, -1, 0)	(-1, -1, -1, 0)	(-1, -1, -1, 0)	(-1, -1, -1, 0)
340:	(682, 673, 686, 4)	(704, 673, 708, 4)	(-1, -1, -1, 0)	(-1, -1, -1, 0)	(-1, -1, -1, 0)	(-1, -1, -1, 0)	(-1, -1, -1, 0)	(-1, -1, -1, 0)	(-1, -1, -1, 0)	(-1, -1, -1, 0)	(-1, -1, -1, 0)	(-1, -1, -1, 0)	(-1, -1, -1, 0)	(-1, -1, -1, 0)	(-1, -1, -1, 0)	(-1, -1, -1, 0)
341:	(1918, 671, 1920, 4)	(1918, 673, 1930, 4)	(966, 965, -1, 1)	(-1, -1, -1, 0)	(-1, -1, -1, 0)	(-1, -1, -1, 0)	(-1, -1, -1, 0)	(-1, -1, -1, 0)	(-1, -1, -1, 0)	(-1, -1, -1, 0)	(-1, -1, -1, 0)	(-1, -1, -1, 0)	(-1, -1, -1, 0)	(-1, -1, -1, 0)	(-1, -1, -1, 0)	(-1, -1, -1, 0)
342:	(1918, 672, 1929, 4)	(-1, -1, -1, 0)	(-1, -1, -1, 0)	(-1, -1, -1, 0)	(-1, -1, -1, 0)	(-1, -1, -1, 0)	(-1, -1, -1, 0)	(-1, -1, -1, 0)	(-1, -1, -1, 0)	(-1, -1, -1, 0)	(-1, -1, -1, 0)	(-1, -1, -1, 0)	(-1, -1, -1, 0)	(-1, -1, -1, 0)	(-1, -1, -1, 0)	(-1, -1, -1, 0)
343:	(684, 683, -1, 1)	(685, 683, -1, 1)	(687, 683, -1, 1)	(-1, -1, -1, 0)	(-1, -1, -1, 0)	(-1, -1, -1, 0)	(-1, -1, -1, 0)	(-1, -1, -1, 0)	(-1, -1, -1, 0)	(-1, -1, -1, 0)	(-1, -1, -1, 0)	(-1, -1, -1, 0)	(-1, -1, -1, 0)	(-1, -1, -1, 0)	(-1, -1, -1, 0)	(-1, -1, -1, 0)
344:	(1726, 1532, 1732, 4)	(1766, 1532, 1770, 4)	(1810, 1532, 1813, 4)	(1726, 1531, 1731, 4)	(1766, 1531, 1769, 4)	(1810, 1531, 1812, 4)	(1810, 1533, 1815, 4)	(1766, 1533, 1772, 4)	(1551, 1531, 1553, 4)	(1551, 1533, 1555, 4)	(1551, 1530, 1552, 4)	(1726, 1530, 1727, 4)	(1766, 1530, 1767, 4)	(-1, -1, -1, 0)	(-1, -1, -1, 0)	(-1, -1, -1, 0)
345:	(1726, 1533, 1734, 4)	(1551, 1532, 1554, 4)	(1942, 433, 1968, 4)	(-1, -1, -1, 0)	(-1, -1, -1, 0)	(-1, -1, -1, 0)	(-1, -1, -1, 0)	(-1, -1, -1, 0)	(-1, -1, -1, 0)	(-1, -1, -1, 0)	(-1, -1, -1, 0)	(-1, -1, -1, 0)	(-1, -1, -1, 0)	(-1, -1, -1, 0)	(-1, -1, -1, 0)	(-1, -1, -1, 0)
346:	(686, 683, -1, 1)	(1810, 1530, 1811, 4)	(-1, -1, -1, 0)	(-1, -1, -1, 0)	(-1, -1, -1, 0)	(-1, -1, -1, 0)	(-1, -1, -1, 0)	(-1, -1, -1, 0)	(-1, -1, -1, 0)	(-1, -1, -1, 0)	(-1, -1, -1, 0)	(-1, -1, -1, 0)	(-1, -1, -1, 0)	(-1, -1, -1, 0)	(-1, -1, -1, 0)	(-1, -1, -1, 0)
347:	(974, 967, 977, 4)	(1880, 967, 1885, 4)	(-1, -1, -1, 0)	(-1, -1, -1, 0)	(-1, -1, -1, 0)	(-1, -1, -1, 0)	(-1, -1, -1, 0)	(-1, -1, -1, 0)	(-1, -1, -1, 0)	(-1, -1, -1, 0)	(-1, -1, -1, 0)	(-1, -1, -1, 0)	(-1, -1, -1, 0)	(-1, -1, -1, 0)	(-1, -1, -1, 0)	(-1, -1, -1, 0)
348:	(-1, -1, -1, 0)	(-1, -1, -1, 0)	(-1, -1, -1, 0)	(-1, -1, -1, 0)	(-1, -1, -1, 0)	(-1, -1, -1, 0)	(-1, -1, -1, 0)	(-1, -1, -1, 0)	(-1, -1, -1, 0)	(-1, -1, -1, 0)	(-1, -1, -1, 0)	(-1, -1, -1, 0)	(-1, -1, -1, 0)	(-1, -1, -1, 0)	(-1, -1, -1, 0)	(-1, -1, -1, 0)
349:	(974, 966, 975, 4)	(1880, 966, 1881, 4)	(-1, -1, -1, 0)	(-1, -1, -1, 0)	(-1, -1, -1, 0)	(-1, -1, -1, 0)	(-1, -1, -1, 0)	(-1, -1, -1, 0)	(-1, -1, -1, 0)	(-1, -1, -1, 0)	(-1, -1, -1, 0)	(-1, -1, -1, 0)	(-1, -1, -1, 0)	(-1, -1, -1, 0)	(-1, -1, -1, 0)	(-1, -1, -1, 0)
350:	(1553, 1552, -1, 1)	(1555, 1552, -1, 1)	(-1, 439, -1, 5)	(-1, -1, -1, 0)	(-1, -1, -1, 0)	(-1, -1, -1, 0)	(-1, -1, -1, 0)	(-1, -1, -1, 0)	(-1, -1, -1, 0)	(-1, -1, -1, 0)	(-1, -1, -1, 0)	(-1, -1, -1, 0)	(-1, -1, -1, 0)	(-1, -1, -1, 0)	(-1, -1, -1, 0)	(-1, -1, -1, 0)
351:	(705, 685, 707, 4)	(705, 687, 709, 4)	(1943, -1, 1968, 6)	(705, 684, 706, 4)	(1919, 684, 1920, 4)	(1977, 684, 1978, 4)	(1919, 687, 1931, 4)	(1919, 685, 1929, 4)	(-1, -1, -1, 0)	(-1, -1, -1, 0)	(-1, -1, -1, 0)	(-1, -1, -1, 0)	(-1, -1, -1, 0)	(-1, -1, -1, 0)	(-1, -1, -1, 0)	(-1, -1, -1, 0)
352:	(1554, 1552, -1, 1)	(1957, 684, 1958, 4)	(1957, 685, 1967, 4)	(1977, 685, 1983, 4)	(-1, -1, -1, 0)	(-1, -1, -1, 0)	(-1, -1, -1, 0)	(-1, -1, -1, 0)	(-1, -1, -1, 0)	(-1, -1, -1, 0)	(-1, -1, -1, 0)	(-1, -1, -1, 0)	(-1, -1, -1, 0)	(-1, -1, -1, 0)	(-1, -1, -1, 0)	(-1, -1, -1, 0)
353:	(1957, 687, 1969, 4)	(1977, 687, 1985, 4)	(-1, -1, -1, 0)	(-1, -1, -1, 0)	(-1, -1, -1, 0)	(-1, -1, -1, 0)	(-1, -1, -1, 0)	(-1, -1, -1, 0)	(-1, -1, -1, 0)	(-1, -1, -1, 0)	(-1, -1, -1, 0)	(-1, -1, -1, 0)	(-1, -1, -1, 0)	(-1, -1, -1, 0)	(-1, -1, -1, 0)	(-1, -1, -1, 0)
354:	(705, 686, 708, 4)	(1919, 686, 1930, 4)	(1977, 686, 1984, 4)	(-1, -1, -1, 0)	(-1, -1, -1, 0)	(-1, -1, -1, 0)	(-1, -1, -1, 0)	(-1, -1, -1, 0)	(-1, -1, -1, 0)	(-1, -1, -1, 0)	(-1, -1, -1, 0)	(-1, -1, -1, 0)	(-1, -1, -1, 0)	(-1, -1, -1, 0)	(-1, -1, -1, 0)	(-1, -1, -1, 0)
355:	(976, 975, -1, 1)	(977, 975, -1, 1)	(-1, -1, -1, 0)	(-1, -1, -1, 0)	(-1, -1, -1, 0)	(-1, -1, -1, 0)	(-1, -1, -1, 0)	(-1, -1, -1, 0)	(-1, -1, -1, 0)	(-1, -1, -1, 0)	(-1, -1, -1, 0)	(-1, -1, -1, 0)	(-1, -1, -1, 0)	(-1, -1, -1, 0)	(-1, -1, -1, 0)	(-1, -1, -1, 0)
356:	(-1, -1, -1, 0)	(-1, -1, -1, 0)	(-1, -1, -1, 0)	(-1, -1, -1, 0)	(-1, -1, -1, 0)	(-1, -1, -1, 0)	(-1, -1, -1, 0)	(-1, -1, -1, 0)	(-1, -1, -1, 0)	(-1, -1, -1, 0)	(-1, -1, -1, 0)	(-1, -1, -1, 0)	(-1, -1, -1, 0)	(-1, -1, -1, 0)	(-1, -1, -1, 0)	(-1, -1, -1, 0)
357:	(707, 706, -1, 1)	(709, 706, -1, 1)	(-1, -1, -1, 0)	(-1, -1, -1, 0)	(-1, -1, -1, 0)	(-1, -1, -1, 0)	(-1, -1, -1, 0)	(-1, -1, -1, 0)	(-1, -1, -1, 0)	(-1, -1, -1, 0)	(-1, -1, -1, 0)	(-1, -1, -1, 0)	(-1, -1, -1, 0)	(-1, -1, -1, 0)	(-1, -1, -1, 0)	(-1, -1, -1, 0)
358:	(1727, 1555, 1734, 4)	(1727, 1553, 1731, 4)	(1767, 1553, 1769, 4)	(-1, 1555, -1, 5)	(1767, 1555, 1772, 4)	(-1, -1, -1, 0)	(-1, -1, -1, 0)	(-1, -1, -1, 0)	(-1, -1, -1, 0)	(-1, -1, -1, 0)	(-1, -1, -1, 0)	(-1, -1, -1, 0)	(-1, -1, -1, 0)	(-1, -1, -1, 0)	(-1, -1, -1, 0)	(-1, -1, -1, 0)
359:	(1811, 1553, 1812, 4)	(-1, -1, -1, 0)	(-1, -1, -1, 0)	(1811, -1, 1815, 6)	(-1, -1, -1, 0)	(-1, -1, -1, 0)	(-1, -1, -1, 0)	(-1, -1, -1, 0)	(-1, -1, -1, 0)	(-1, -1, -1, 0)	(-1, -1, -1, 0)	(-1, -1, -1, 0)	(-1, -1, -1, 0)	(-1, -1, -1, 0)	(-1, -1, -1, 0)	(-1, -1, -1, 0)
360:	(1727, 1554, 1732, 4)	(1767, 1554, 1770, 4)	(1811, 1554, 1813, 4)	(-1, -1, -1, 0)	(-1, -1, -1, 0)	(-1, -1, -1, 0)	(-1, -1, -1, 0)	(-1, -1, -1, 0)	(-1, -1, -1, 0)	(-1, -1, -1, 0)	(-1, -1, -1, 0)	(-1, -1, -1, 0)	(-1, -1, -1, 0)	(-1, -1, -1, 0)	(-1, -1, -1, 0)	(-1, -1, -1, 0)
361:	(708, 706, -1, 1)	(1966, 1907, 1968, 4)	(-1, -1, -1, 0)	(-1, -1, -1, 0)	(-1, -1, -1, 0)	(-1, -1, -1, 0)	(-1, -1, -1, 0)	(-1, -1, -1, 0)	(-1, -1, -1, 0)	(-1, -1, -1, 0)	(-1, -1, -1, 0)	(-1, -1, -1, 0)	(-1, -1, -1, 0)	(-1, -1, -1, 0)	(-1, -1, -1, 0)	(-1, -1, -1, 0)
362:	(-1, -1, -1, 0)	(-1, -1, -1, 0)	(-1, -1, -1, 0)	(-1, -1, -1, 0)	(-1, -1, -1, 0)	(-1, -1, -1, 0)	(-1, -1, -1, 0)	(-1, -1, -1, 0)	(-1, -1, -1, 0)	(-1, -1, -1, 0)	(-1, -1, -1, 0)	(-1, -1, -1, 0)	(-1, -1, -1, 0)	(-1, -1, -1, 0)	(-1, -1, -1, 0)	(-1, -1, -1, 0)
363:	(1821, 976, 1827, 4)	(1881, 976, 1882, 4)	(-1, -1, -1, 0)	(-1, -1, -1, 0)	(-1, -1, -1, 0)	(-1, -1, -1, 0)	(-1, -1, -1, 0)	(-1, -1, -1, 0)	(-1, -1, -1, 0)	(-1, -1, -1, 0)	(-1, -1, -1, 0)	(-1, -1, -1, 0)	(-1, -1, -1, 0)	(-1, -1, -1, 0)	(-1, -1, -1, 0)	(-1, -1, -1, 0)
364:	(1733, 1731, -1, 1)	(1734, 1731, -1, 1)	(1735, 1731, -1, 1)	(1821, 977, 1828, 4)	(-1, -1, -1, 0)	(-1, -1, -1, 0)	(-1, -1, -1, 0)	(-1, -1, -1, 0)	(-1, -1, -1, 0)	(-1, -1, -1, 0)	(-1, -1, -1, 0)	(-1, -1, -1, 0)	(-1, -1, -1, 0)	(-1, -1, -1, 0)	(-1, -1, -1, 0)	(-1, -1, -1, 0)
365:	(1958, 709, 1969, 4)	(1920, 709, 1931, 4)	(1920, 707, 1929, 4)	(1958, 707, 1967, 4)	(1978, 707, 1983, 4)	(1978, 709, 1985, 4)	(-1, -1, -1, 0)	(-1, -1, -1, 0)	(-1, -1, -1, 0)	(-1, -1, -1, 0)	(-1, -1, -1, 0)	(-1, -1, -1, 0)	(-1, -1, -1, 0)	(-1, -1, -1, 0)	(-1, -1, -1, 0)	(-1, -1, -1, 0)
366:	(1732, 1731, -1, 1)	(1881, 977, 1885, 4)	(-1, -1, -1, 0)	(-1, -1, -1, 0)	(-1, -1, -1, 0)	(-1, -1, -1, 0)	(-1, -1, -1, 0)	(-1, -1, -1, 0)	(-1, -1, -1, 0)	(-1, -1, -1, 0)	(-1, -1, -1, 0)	(-1, -1, -1, 0)	(-1, -1, -1, 0)	(-1, -1, -1, 0)	(-1, -1, -1, 0)	(-1, -1, -1, 0)
367:	(1956, 673, 1968, 4)	(-1, -1, -1, 0)	(-1, -1, -1, 0)	(-1, -1, -1, 0)	(-1, -1, -1, 0)	(-1, -1, -1, 0)	(-1, -1, -1, 0)	(-1, -1, -1, 0)	(-1, -1, -1, 0)	(-1, -1, -1, 0)	(-1, -1, -1, 0)	(-1, -1, -1, 0)	(-1, -1, -1, 0)	(-1, -1, -1, 0)	(-1, -1, -1, 0)	(-1, -1, -1, 0)
368:	(-1, -1, -1, 0)	(-1, -1, -1, 0)	(-1, -1, -1, 0)	(-1, -1, -1, 0)	(-1, -1, -1, 0)	(-1, -1, -1, 0)	(-1, -1, -1, 0)	(-1, -1, -1, 0)	(-1, -1, -1, 0)	(-1, -1, -1, 0)	(-1, -1, -1, 0)	(-1, -1, -1, 0)	(-1, -1, -1, 0)	(-1, -1, -1, 0)	(-1, -1, -1, 0)	(-1, -1, -1, 0)
369:	(1920, 708, 1930, 4)	(-1, -1, -1, 0)	(-1, -1, -1, 0)	(-1, -1, -1, 0)	(-1, -1, -1, 0)	(-1, -1, -1, 0)	(-1, -1, -1, 0)	(-1, -1, -1, 0)	(-1, -1, -1, 0)	(-1, -1, -1, 0)	(-1, -1, -1, 0)	(-1, -1, -1, 0)	(-1, -1, -1, 0)	(-1, -1, -1, 0)	(-1, -1, -1, 0)	(-1, -1, -1, 0)
370:	(1978, 708, 1984, 4)	(-1, -1, -1, 0)	(-1, -1, -1, 0)	(-1, -1, -1, 0)	(-1, -1, -1, 0)	(-1, -1, -1, 0)	(-1, -1, -1, 0)	(-1, -1, -1, 0)	(-1, -1, -1, 0)	(-1, -1, -1, 0)	(-1, -1, -1, 0)	(-1, -1, -1, 0)	(-1, -1, -1, 0)	(-1, -1, -1, 0)	(-1, -1, -1, 0)	(-1, -1, -1, 0)
371:	(1931, 1929, -1, 1)	(1828, 1826, -1, 1)	(-1, -1, -1, 0)	(-1, -1, -1, 0)	(-1, -1, -1, 0)	(-1, -1, -1, 0)	(-1, -1, -1, 0)	(-1, -1, -1, 0)	(-1, -1, -1, 0)	(-1, -1, -1, 0)	(-1, -1, -1, 0)	(-1, -1, -1, 0)	(-1, -1, -1, 0)	(-1, -1, -1, 0)	(-1, -1, -1, 0)	(-1, -1, -1, 0)
372:	(1787, 1733, 1789, 4)	(1812, 1733, 1814, 4)	(2121, 1733, 2123, 4)	(1787, 1734, 1790, 4)	(1787, 1735, 1793, 4)	(1812, 1734, 1815, 4)	(2121, 1734, 2124, 4)	(1812, 1735, 1818, 4)	(2121, 1735, 2127, 4)	(-1, -1, -1, 0)	(-1, -1, -1, 0)	(-1, -1, -1, 0)	(-1, -1, -1, 0)	(-1, -1, -1, 0)	(-1, -1, -1, 0)	(-1, -1, -1, 0)
373:	(1769, 1734, 1772, 4)	(1769, 1735, 1774, 4)	(1885, 1884, -1, 1)	(-1, -1, -1, 0)	(-1, -1, -1, 0)	(-1, -1, -1, 0)	(-1, -1, -1, 0)	(-1, -1, -1, 0)	(-1, -1, -1, 0)	(-1, -1, -1, 0)	(-1, -1, -1, 0)	(-1, -1, -1, 0)	(-1, -1, -1, 0)	(-1, -1, -1, 0)	(-1, -1, -1, 0)	(-1, -1, -1, 0)
374:	(1769, 1732, 1770, 4)	(1787, 1732, 1788, 4)	(1812, 1732, 1813, 4)	(1769, 1733, 1771, 4)	(-1, -1, -1, 0)	(-1, -1, -1, 0)	(-1, -1, -1, 0)	(-1, -1, -1, 0)	(-1, -1, -1, 0)	(-1, -1, -1, 0)	(-1, -1, -1, 0)	(-1, -1, -1, 0)	(-1, -1, -1, 0)	(-1, -1, -1, 0)	(-1, -1, -1, 0)	(-1, -1, -1, 0)
375:	(2121, 1732, 2122, 4)	(1957, 686, 1968, 4)	(-1, -1, -1, 0)	(-1, -1, -1, 0)	(-1, -1, -1, 0)	(-1, -1, -1, 0)	(-1, -1, -1, 0)	(-1, -1, -1, 0)	(-1, -1, -1, 0)	(-1, -1, -1, 0)	(-1, -1, -1, 0)	(-1, -1, -1, 0)	(-1, -1, -1, 0)	(-1, -1, -1, 0)	(-1, -1, -1, 0)	(-1, -1, -1, 0)
376:	(1930, 1929, -1, 1)	(-1, -1, -1, 0)	(-1, -1, -1, 0)	(-1, -1, -1, 0)	(-1, -1, -1, 0)	(-1, -1, -1, 0)	(-1, -1, -1, 0)	(-1, -1, -1, 0)	(-1, -1, -1, 0)	(-1, -1, -1, 0)	(-1, -1, -1, 0)	(-1, -1, -1, 0)	(-1, -1, -1, 0)	(-1, -1, -1, 0)	(-1, -1, -1, 0)	(-1, -1, -1, 0)
377:	(-1, -1, -1, 0)	(-1, -1, -1, 0)	(-1, -1, -1, 0)	(-1, -1, -1, 0)	(-1, -1, -1, 0)	(-1, -1, -1, 0)	(-1, -1, -1, 0)	(-1, -1, -1, 0)	(-1, -1, -1, 0)	(-1, -1, -1, 0)	(-1, -1, -1, 0)	(-1, -1, -1, 0)	(-1, -1, -1, 0)	(-1, -1, -1, 0)	(-1, -1, -1, 0)	(-1, -1, -1, 0)
378:	(-1, -1, -1, 0)	(-1, -1, -1, 0)	(-1, -1, -1, 0)	(-1, -1, -1, 0)	(-1, -1, -1, 0)	(-1, -1, -1, 0)	(-1, -1, -1, 0)	(-1, -1, -1, 0)	(-1, -1, -1, 0)	(-1, -1, -1, 0)	(-1, -1, -1, 0)	(-1, -1, -1, 0)	(-1, -1, -1, 0)	(-1, -1, -1, 0)	(-1, -1, -1, 0)	(-1, -1, -1, 0)
379:	(1967, 1931, 1969, 4)	(1983, 1931, 1985, 4)	(-1, -1, -1, 0)	(-1, -1, -1, 0)	(-1, -1, -1, 0)	(-1, -1, -1, 0)	(-1, -1, -1, 0)	(-1, -1, -1, 0)	(-1, -1, -1, 0)	(-1, -1, -1, 0)	(-1, -1, -1, 0)	(-1, -1, -1, 0)	(-1, -1, -1, 0)	(-1, -1, -1, 0)	(-1, -1, -1, 0)	(-1, -1, -1, 0)
380:	(1771, 1770, -1, 1)	(1772, 1770, -1, 1)	(1774, 1770, -1, 1)	(1773, 1770, -1, 1)	(-1, -1, -1, 0)	(-1, -1, -1, 0)	(-1, -1, -1, 0)	(-1, -1, -1, 0)	(-1, -1, -1, 0)	(-1, -1, -1, 0)	(-1, -1, -1, 0)	(-1, -1, -1, 0)	(-1, -1, -1, 0)	(-1, -1, -1, 0)	(-1, -1, -1, 0)	(-1, -1, -1, 0)
381:	(1958, 708, 1968, 4)	(-1, -1, -1, 0)	(-1, -1, -1, 0)	(-1, -1, -1, 0)	(-1, -1, -1, 0)	(-1, -1, -1, 0)	(-1, -1, -1, 0)	(-1, -1, -1, 0)	(-1, -1, -1, 0)	(-1, -1, -1, 0)	(-1, -1, -1, 0)	(-1, -1, -1, 0)	(-1, -1, -1, 0)	(-1, -1, -1, 0)	(-1, -1, -1, 0)	(-1, -1, -1, 0)
382:	(-1, -1, -1, 0)	(-1, -1, -1, 0)	(-1, -1, -1, 0)	(-1, -1, -1, 0)	(-1, -1, -1, 0)	(-1, -1, -1, 0)	(-1, -1, -1, 0)	(-1, -1, -1, 0)	(-1, -1, -1, 0)	(-1, -1, -1, 0)	(-1, -1, -1, 0)	(-1, -1, -1, 0)	(-1, -1, -1, 0)	(-1, -1, -1, 0)	(-1, -1, -1, 0)	(-1, -1, -1, 0)
383:	(-1, -1, -1, 0)	(-1, -1, -1, 0)	(-1, -1, -1, 0)	(-1, -1, -1, 0)	(-1, -1, -1, 0)	(-1, -1, -1, 0)	(-1, -1, -1, 0)	(-1, -1, -1, 0)	(-1, -1, -1, 0)	(-1, -1, -1, 0)	(-1, -1, -1, 0)	(-1, -1, -1, 0)	(-1, -1, -1, 0)	(-1, -1, -1, 0)	(-1, -1, -1, 0)	(-1, -1, -1, 0)
384:	(1983, 1930, 1984, 4)	(-1, -1, -1, 0)	(-1, -1, -1, 0)	(-1, -1, -1, 0)	(-1, -1, -1, 0)	(-1, -1, -1, 0)	(-1, -1, -1, 0)	(-1, -1, -1, 0)	(-1, -1, -1, 0)	(-1, -1, -1, 0)	(-1, -1, -1, 0)	(-1, -1, -1, 0)	(-1, -1, -1, 0)	(-1, -1, -1, 0)	(-1, -1, -1, 0)	(-1, -1, -1, 0)
385:	(-1, -1, -1, 0)	(-1, -1, -1, 0)	(-1, -1, -1, 0)	(-1, -1, -1, 0)	(-1, -1, -1, 0)	(-1, -1, -1, 0)	(-1, -1, -1, 0)	(-1, -1, -1, 0)	(-1, -1, -1, 0)	(-1, -1, -1, 0)	(-1, -1, -1, 0)	(-1, -1, -1, 0)	(-1, -1, -1, 0)	(-1, -1, -1, 0)	(-1, -1, -1, 0)	(-1, -1, -1, 0)
386:	(-1, -1, -1, 0)	(-1, -1, -1, 0)	(-1, -1, -1, 0)	(-1, -1, -1, 0)	(-1, -1, -1, 0)	(-1, -1, -1, 0)	(-1, -1, -1, 0)	(-1, -1, -1, 0)	(-1, -1, -1, 0)	(-1, -1, -1, 0)	(-1, -1, -1, 0)	(-1, -1, -1, 0)	(-1, -1, -1, 0)	(-1, -1, -1, 0)	(-1, -1, -1, 0)	(-1, -1, -1, 0)
387:	(1967, 1930, 1968, 4)	(-1, -1, -1, 0)	(-1, -1, -1, 0)	(-1, -1, -1, 0)	(-1, -1, -1, 0)	(-1, -1, -1, 0)	(-1, -1, -1, 0)	(-1, -1, -1, 0)	(-1, -1, -1, 0)	(-1, -1, -1, 0)	(-1, -1, -1, 0)	(-1, -1, -1, 0)	(-1, -1, -1, 0)	(-1, -1, -1, 0)	(-1, -1, -1, 0)	(-1, -1, -1, 0)
388:	(1788, 1771, 1789, 4)	(1813, 1771, 1814, 4)	(2122, 1771, -1, 7)	(1788, 1772, 1790, 4)	(1813, 1772, 1815, 4)	(1788, 1774, 1793, 4)	(2122, 1772, -1, 7)	(1788, 1773, 1791, 4)	(1813, 1774, 1818, 4)	(2122, 1774, 2127, 4)	(1813, 1773, 1816, 4)	(2122, 1773, -1, 7)	(-1, -1, -1, 0)	(-1, -1, -1, 0)	(-1, -1, -1, 0)	(-1, -1, -1, 0)
389:	(-1, -1, -1, 0)	(-1, -1, -1, 0)	(-1, -1, 2123, 8)	(-1, -1, -1, 0)	(-1, -1, -1, 0)	(-1, -1, -1, 0)	(-1, -1, 2124, 8)	(-1, -1, -1, 0)	(-1, -1, -1, 0)	(-1, -1, -1, 0)	(-1, -1, -1, 0)	(-1, -1, 2125, 8)	(-1, -1, -1, 0)	(-1, -1, -1, 0)	(-1, -1, -1, 0)	(-1, -1, -1, 0)
390:	(-1, -1, -1, 0)	(-1, -1, -1, 0)	(-1, -1, -1, 0)	(-1, -1, -1, 0)	(-1, -1, -1, 0)	(-1, -1, -1, 0)	(-1, -1, -1, 0)	(-1, -1, -1, 0)	(-1, -1, -1, 0)	(-1, -1, -1, 0)	(-1, -1, -1, 0)	(-1, -1, -1, 0)	(-1, -1, -1, 0)	(-1, -1, -1, 0)	(-1, -1, -1, 0)	(-1, -1, -1, 0)
391:	(-1, -1, -1, 0)	(-1, -1, -1, 0)	(-1, -1, -1, 0)	(-1, -1, -1, 0)	(-1, -1, -1, 0)	(-1, -1, -1, 0)	(-1, -1, -1, 0)	(-1, -1, -1, 0)	(-1, -1, -1, 0)	(-1, -1, -1, 0)	(-1, -1, -1, 0)	(-1, -1, -1, 0)	(-1, -1, -1, 0)	(-1, -1, -1, 0)	(-1, -1, -1, 0)	(-1, -1, -1, 0)
392:	(-1, -1, -1, 0)	(-1, -1, -1, 0)	(-1, -1, -1, 0)	(-1, -1, -1, 0)	(-1, -1, -1, 0)	(-1, -1, -1, 0)	(-1, -1, -1, 0)	(-1, -1, -1, 0)	(-1, -1, -1, 0)	(-1, -1, -1, 0)	(-1, -1, -1, 0)	(-1, -1, -1, 0)	(-1, -1, -1, 0)	(-1, -1, -1, 0)	(-1, -1, -1, 0)	(-1, -1, -1, 0)
393:	(1969, 1968, -1, 1)	(1970, 1968, -1, 1)	(-1, -1, -1, 0)	(-1, -1, -1, 0)	(-1, -1, -1, 0)	(-1, -1, -1, 0)	(-1, -1, -1, 0)	(-1, -1, -1, 0)	(-1, -1, -1, 0)	(-1, -1, -1, 0)	(-1, -1, -1, 0)	(-1, -1, -1, 0)	(-1, -1, -1, 0)	(-1, -1, -1, 0)	(-1, -1, -1, 0)	(-1, -1, -1, 0)
394:	(1790, 1789, -1, 1)	(1793, 1789, -1, 1)	(1791, 1789, -1, 1)	(1792, 1789, -1, 1)	(-1, -1, -1, 0)	(-1, -1, -1, 0)	(-1, -1, -1, 0)	(-1, -1, -1, 0)	(-1, -1, -1, 0)	(-1, -1, -1, 0)	(-1, -1, -1, 0)	(-1, -1, -1, 0)	(-1, -1, -1, 0)	(-1, -1, -1, 0)	(-1, -1, -1, 0)	(-1, -1, -1, 0)
395:	(-1, -1, -1, 0)	(-1, -1, -1, 0)	(-1, -1, -1, 0)	(-1, -1, -1, 0)	(-1, -1, -1, 0)	(-1, -1, -1, 0)	(-1, -1, -1, 0)	(-1, -1, -1, 0)	(-1, -1, -1, 0)	(-1, -1, -1, 0)	(-1, -1, -1, 0)	(-1, -1, -1, 0)	(-1, -1, -1, 0)	(-1, -1, -1, 0)	(-1, -1, -1, 0)	(-1, -1, -1, 0)
396:	(-1, -1, -1, 0)	(-1, -1, -1, 0)	(-1, -1, -1, 0)	(-1, -1, -1, 0)	(-1, -1, -1, 0)	(-1, -1, -1, 0)	(-1, -1, -1, 0)	(-1, -1, -1, 0)	(-1, -1, -1, 0)	(-1, -1, -1, 0)	(-1, -1, -1, 0)	(-1, -1, -1, 0)	(-1, -1, -1, 0)	(-1, -1, -1, 0)	(-1, -1, -1, 0)	(-1, -1, -1, 0)
397:	(-1, -1, -1, 0)	(-1, -1, -1, 0)	(-1, -1, -1, 0)	(-1, -1, -1, 0)	(-1, -1, -1, 0)	(-1, -1, -1, 0)	(-1, -1, -1, 0)	(-1, -1, -1, 0)	(-1, -1, -1, 0)	(-1, -1, -1, 0)	(-1, -1, -1, 0)	(-1, -1, -1, 0)	(-1, -1, -1, 0)	(-1, -1, -1, 0)	(-1, -1, -1, 0)	(-1, -1, -1, 0)
398:	(-1, -1, -1, 0)	(-1, -1, -1, 0)	(-1, -1, -1, 0)	(-1, -1, -1, 0)	(-1, -1, -1, 0)	(-1, -1, -1, 0)	(-1, -1, -1, 0)	(-1, -1, -1, 0)	(-1, -1, -1, 0)	(-1, -1, -1, 0)	(-1, -1, -1, 0)	(-1, -1, -1, 0)	(-1, -1, -1, 0)	(-1, -1, -1, 0)	(-1, -1, -1, 0)	(-1, -1, -1, 0)
399:	(-1, -1, -1, 0)	(-1, -1, -1, 0)	(-1, -1, -1, 0)	(-1, -1, -1, 0)	(-1, -1, -1, 0)	(-1, -1, -1, 0)	(-1, -1, -1, 0)	(-1, -1, -1, 0)	(-1, -1, -1, 0)	(-1, -1, -1, 0)	(-1, -1, -1, 0)	(-1, -1, -1, 0)	(-1, -1, -1, 0)	(-1, -1, -1, 0)	(-1, -1, -1, 0)	(-1, -1, -1, 0)
400:	(-1, -1, -1, 0)	(-1, -1, -1, 0)	(-1, -1, -1, 0)	(-1, -1, -1, 0)	(-1, -1, -1, 0)	(-1, -1, -1, 0)	(-1, -1, -1, 0)	(-1, -1, -1, 0)	(-1, -1, -1, 0)	(-1, -1, -1, 0)	(-1, -1, -1, 0)	(-1, -1, -1, 0)	(-1, -1, -1, 0)	(-1, -1, -1, 0)	(-1, -1, -1, 0)	(-1, -1, -1, 0)
401:	(1996, 1970, 1998, 4)	(1984, 1970, 1986, 4)	(1984, 1969, 1985, 4)	(1996, 1969, 1997, 4)	(-1, -1, -1, 0)	(-1, -1, -1, 0)	(-1, -1, -1, 0)	(-1, -1, -1, 0)	(-1, -1, -1, 0)	(-1, -1, -1, 0)	(-1, -1, -1, 0)	(-1, -1, -1, 0)	(-1, -1, -1, 0)	(-1, -1, -1, 0)	(-1, -1, -1, 0)	(-1, -1, -1, 0)
402:	(1814, 1790, 1815, 4)	(2123, 1790, 2124, 4)	(1823, 1790, 1824, 4)	(1814, 1793, 1818, 4)	(2123, 1793, 2127, 4)	(1823, 1793, 1829, 4)	(-1, -1, -1, 0)	(-1, -1, -1, 0)	(-1, -1, -1, 0)	(-1, -1, -1, 0)	(-1, -1, -1, 0)	(-1, -1, -1, 0)	(-1, -1, -1, 0)	(-1, -1, -1, 0)	(-1, -1, -1, 0)	(-1, -1, -1, 0)
403:	(1814, 1791, 1816, 4)	(1814, 1792, 1817, 4)	(-1, 1791, -1, 5)	(2123, 1791, 2125, 4)	(2123, 1792, 2126, 4)	(-1, -1, -1, 0)	(-1, -1, -1, 0)	(-1, -1, -1, 0)	(-1, -1, -1, 0)	(-1, -1, -1, 0)	(-1, -1, -1, 0)	(-1, -1, -1, 0)	(-1, -1, -1, 0)	(-1, -1, -1, 0)	(-1, -1, -1, 0)	(-1, -1, -1, 0)
404:	(1823, 1792, 1827, 4)	(-1, -1, -1, 0)	(1823, -1, 1825, 6)	(-1, -1, -1, 0)	(-1, -1, -1, 0)	(-1, -1, -1, 0)	(-1, -1, -1, 0)	(-1, -1, -1, 0)	(-1, -1, -1, 0)	(-1, -1, -1, 0)	(-1, -1, -1, 0)	(-1, -1, -1, 0)	(-1, -1, -1, 0)	(-1, -1, -1, 0)	(-1, -1, -1, 0)	(-1, -1, -1, 0)
405:	(-1, -1, -1, 0)	(-1, -1, -1, 0)	(-1, -1, -1, 0)	(-1, -1, -1, 0)	(-1, -1, -1, 0)	(-1, -1, -1, 0)	(-1, -1, -1, 0)	(-1, -1, -1, 0)	(-1, -1, -1, 0)	(-1, -1, -1, 0)	(-1, -1, -1, 0)	(-1, -1, -1, 0)	(-1, -1, -1, 0)	(-1, -1, -1, 0)	(-1, -1, -1, 0)	(-1, -1, -1, 0)
406:	(-1, -1, -1, 0)	(-1, -1, -1, 0)	(-1, -1, -1, 0)	(-1, -1, -1, 0)	(-1, -1, -1, 0)	(-1, -1, -1, 0)	(-1, -1, -1, 0)	(-1, -1, -1, 0)	(-1, -1, -1, 0)	(-1, -1, -1, 0)	(-1, -1, -1, 0)	(-1, -1, -1, 0)	(-1, -1, -1, 0)	(-1, -1, -1, 0)	(-1, -1, -1, 0)	(-1, -1, -1, 0)
407:	(1986, 1985, -1, 1)	(-1, -1, -1, 0)	(-1, -1, -1, 0)	(-1, -1, -1, 0)	(-1, -1, -1, 0)	(-1, -1, -1, 0)	(-1, -1, -1, 0)	(-1, -1, -1, 0)	(-1, -1, -1, 0)	(-1, -1, -1, 0)	(-1, -1, -1, 0)	(-1, -1, -1, 0)	(-1, -1, -1, 0)	(-1, -1, -1, 0)	(-1, -1, -1, 0)	(-1, -1, -1, 0)
408:	(1818, 1815, -1, 1)	(-1, -1, -1, 0)	(-1, -1, -1, 0)	(-1, -1, -1, 0)	(-1, -1, -1, 0)	(-1, -1, -1, 0)	(-1, -1, -1, 0)	(-1, -1, -1, 0)	(-1, -1, -1, 0)	(-1, -1, -1, 0)	(-1, -1, -1, 0)	(-1, -1, -1, 0)	(-1, -1, -1, 0)	(-1, -1, -1, 0)	(-1, -1, -1, 0)	(-1, -1, -1, 0)
409:	(1816, 1815, -1, 1)	(1817, 1815, -1, 1)	(-1, -1, -1, 0)	(-1, -1, -1, 0)	(-1, -1, -1, 0)	(-1, -1, -1, 0)	(-1, -1, -1, 0)	(-1, -1, -1, 0)	(-1, -1, -1, 0)	(-1, -1, -1, 0)	(-1, -1, -1, 0)	(-1, -1, -1, 0)	(-1, -1, -1, 0)	(-1, -1, -1, 0)	(-1, -1, -1, 0)	(-1, -1, -1, 0)
410:	(-1, -1, -1, 0)	(-1, -1, -1, 0)	(-1, -1, -1, 0)	(-1, -1, -1, 0)	(-1, -1, -1, 0)	(-1, -1, -1, 0)	(-1, -1, -1, 0)	(-1, -1, -1, 0)	(-1, -1, -1, 0)	(-1, -1, -1, 0)	(-1, -1, -1, 0)	(-1, -1, -1, 0)	(-1, -1, -1, 0)	(-1, -1, -1, 0)	(-1, -1, -1, 0)	(-1, -1, -1, 0)
411:	(-1, -1, -1, 0)	(-1, -1, -1, 0)	(-1, -1, -1, 0)	(-1, -1, -1, 0)	(-1, -1, -1, 0)	(-1, -1, -1, 0)	(-1, -1, -1, 0)	(-1, -1, -1, 0)	(-1, -1, -1, 0)	(-1, -1, -1, 0)	(-1, -1, -1, 0)	(-1, -1, -1, 0)	(-1, -1, -1, 0)	(-1, -1, -1, 0)	(-1, -1, -1, 0)	(-1, -1, -1, 0)
412:	(-1, -1, -1, 0)	(-1, -1, -1, 0)	(-1, -1, -1, 0)	(-1, -1, -1, 0)	(-1, -1, -1, 0)	(-1, -1, -1, 0)	(-1, -1, -1, 0)	(-1, -1, -1, 0)	(-1, -1, -1, 0)	(-1, -1, -1, 0)	(-1, -1, -1, 0)	(-1, -1, -1, 0)	(-1, -1, -1, 0)	(-1, -1, -1, 0)	(-1, -1, -1, 0)	(-1, -1, -1, 0)
413:	(-1, -1, -1, 0)	(-1, -1, -1, 0)	(-1, -1, -1, 0)	(-1, -1, -1, 0)	(-1, -1, -1, 0)	(-1, -1, -1, 0)	(-1, -1, -1, 0)	(-1, -1, -1, 0)	(-1, -1, -1, 0)	(-1, -1, -1, 0)	(-1, -1, -1, 0)	(-1, -1, -1, 0)	(-1, -1, -1, 0)	(-1, -1, -1, 0)	(-1, -1, -1, 0)	(-1, -1, -1, 0)
414:	(-1, -1, -1, 0)	(-1, -1, -1, 0)	(-1, -1, -1, 0)	(-1, -1, -1, 0)	(-1, -1, -1, 0)	(-1, -1, -1, 0)	(-1, -1, -1, 0)	(-1, -1, -1, 0)	(-1, -1, -1, 0)	(-1, -1, -1, 0)	(-1, -1, -1, 0)	(-1, -1, -1, 0)	(-1, -1, -1, 0)	(-1, -1, -1, 0)	(-1, -1, -1, 0)	(-1, -1, -1, 0)
415:	(1997, 1986, 1998, 4)	(-1, -1, -1, 0)	(-1, -1, -1, 0)	(-1, -1, -1, 0)	(-1, -1, -1, 0)	(-1, -1, -1, 0)	(-1, -1, -1, 0)	(-1, -1, -1, 0)	(-1, -1, -1, 0)	(-1, -1, -1, 0)	(-1, -1, -1, 0)	(-1, -1, -1, 0)	(-1, -1, -1, 0)	(-1, -1, -1, 0)	(-1, -1, -1, 0)	(-1, -1, -1, 0)
416:	(2124, 1818, 2127, 4)	(1824, 1818, 1829, 4)	(-1, -1, -1, 0)	(-1, -1, -1, 0)	(-1, -1, -1, 0)	(-1, -1, -1, 0)	(-1, -1, -1, 0)	(-1, -1, -1, 0)	(-1, -1, -1, 0)	(-1, -1, -1, 0)	(-1, -1, -1, 0)	(-1, -1, -1, 0)	(-1, -1, -1, 0)	(-1, -1, -1, 0)	(-1, -1, -1, 0)	(-1, -1, -1, 0)
417:	(1824, 1817, 1827, 4)	(1824, 1816, 1825, 4)	(2124, 1816, 2125, 4)	(2124, 1817, 2126, 4)	(-1, -1, -1, 0)	(-1, -1, -1, 0)	(-1, -1, -1, 0)	(-1, -1, -1, 0)	(-1, -1, -1, 0)	(-1, -1, -1, 0)	(-1, -1, -1, 0)	(-1, -1, -1, 0)	(-1, -1, -1, 0)	(-1, -1, -1, 0)	(-1, -1, -1, 0)	(-1, -1, -1, 0)
418:	(-1, -1, -1, 0)	(-1, -1, -1, 0)	(-1, -1, -1, 0)	(-1, -1, -1, 0)	(-1, -1, -1, 0)	(-1, -1, -1, 0)	(-1, -1, -1, 0)	(-1, -1, -1, 0)	(-1, -1, -1, 0)	(-1, -1, -1, 0)	(-1, -1, -1, 0)	(-1, -1, -1, 0)	(-1, -1, -1, 0)	(-1, -1, -1, 0)	(-1, -1, -1, 0)	(-1, -1, -1, 0)
419:	(-1, -1, -1, 0)	(-1, -1, -1, 0)	(-1, -1, -1, 0)	(-1, -1, -1, 0)	(-1, -1, -1, 0)	(-1, -1, -1, 0)	(-1, -1, -1, 0)	(-1, -1, -1, 0)	(-1, -1, -1, 0)	(-1, -1, -1, 0)	(-1, -1, -1, 0)	(-1, -1, -1, 0)	(-1, -1, -1, 0)	(-1, -1, -1, 0)	(-1, -1, -1, 0)	(-1, -1, -1, 0)
420:	(-1, -1, -1, 0)	(-1, -1, -1, 0)	(-1, -1, -1, 0)	(-1, -1, -1, 0)	(-1, -1, -1, 0)	(-1, -1, -1, 0)	(-1, -1, -1, 0)	(-1, -1, -1, 0)	(-1, -1, -1, 0)	(-1, -1, -1, 0)	(-1, -1, -1, 0)	(-1, -1, -1, 0)	(-1, -1, -1, 0)	(-1, -1, -1, 0)	(-1, -1, -1, 0)	(-1, -1, -1, 0)
421:	(2000, 1998, -1, 1)	(1999, 1998, -1, 1)	(-1, -1, -1, 0)	(-1, -1, -1, 0)	(-1, -1, -1, 0)	(-1, -1, -1, 0)	(-1, -1, -1, 0)	(-1, -1, -1, 0)	(-1, -1, -1, 0)	(-1, -1, -1, 0)	(-1, -1, -1, 0)	(-1, -1, -1, 0)	(-1, -1, -1, 0)	(-1, -1, -1, 0)	(-1, -1, -1, 0)	(-1, -1, -1, 0)
422:	(2129, 2127, -1, 1)	(2128, 2127, -1, 1)	(1829, 1826, -1, 1)	(-1, -1, -1, 0)	(-1, -1, -1, 0)	(-1, -1, -1, 0)	(-1, -1, -1, 0)	(-1, -1, -1, 0)	(-1, -1, -1, 0)	(-1, -1, -1, 0)	(-1, -1, -1, 0)	(-1, -1, -1, 0)	(-1, -1, -1, 0)	(-1, -1, -1, 0)	(-1, -1, -1, 0)	(-1, -1, -1, 0)
423:	(1827, 1826, -1, 1)	(-1, -1, -1, 0)	(-1, -1, -1, 0)	(-1, -1, -1, 0)	(-1, -1, -1, 0)	(-1, -1, -1, 0)	(-1, -1, -1, 0)	(-1, -1, -1, 0)	(-1, -1, -1, 0)	(-1, -1, -1, 0)	(-1, -1, -1, 0)	(-1, -1, -1, 0)	(-1, -1, -1, 0)	(-1, -1, -1, 0)	(-1, -1, -1, 0)	(-1, -1, -1, 0)
424:	(-1, -1, -1, 0)	(-1, -1, -1, 0)	(-1, -1, -1, 0)	(-1, -1, -1, 0)	(-1, -1, -1, 0)	(-1, -1, -1, 0)	(-1, -1, -1, 0)	(-1, -1, -1, 0)	(-1, -1, -1, 0)	(-1, -1, -1, 0)	(-1, -1, -1, 0)	(-1, -1, -1, 0)	(-1, -1, -1, 0)	(-1, -1, -1, 0)	(-1, -1, -1, 0)	(-1, -1, -1, 0)
425:	(-1, -1, -1, 0)	(-1, -1, -1, 0)	(-1, -1, -1, 0)	(-1, -1, -1, 0)	(-1, -1, -1, 0)	(-1, -1, -1, 0)	(-1, -1, -1, 0)	(-1, -1, -1, 0)	(-1, -1, -1, 0)	(-1, -1, -1, 0)	(-1, -1, -1, 0)	(-1, -1, -1, 0)	(-1, -1, -1, 0)	(-1, -1, -1, 0)	(-1, -1, -1, 0)	(-1, -1, -1, 0)
426:	(-1, -1, -1, 0)	(-1, -1, -1, 0)	(-1, -1, -1, 0)	(-1, -1, -1, 0)	(-1, -1, -1, 0)	(-1, -1, -1, 0)	(-1, -1, -1, 0)	(-1, -1, -1, 0)	(-1, -1, -1, 0)	(-1, -1, -1, 0)	(-1, -1, -1, 0)	(-1, -1, -1, 0)	(-1, -1, -1, 0)	(-1, -1, -1, 0)	(-1, -1, -1, 0)	(-1, -1, -1, 0)
427:	(-1, -1, -1, 0)	(-1, -1, -1, 0)	(-1, -1, -1, 0)	(-1, -1, -1, 0)	(-1, -1, -1, 0)	(-1, -1, -1, 0)	(-1, -1, -1, 0)	(-1, -1, -1, 0)	(-1, -1, -1, 0)	(-1, -1, -1, 0)	(-1, -1, -1, 0)	(-1, -1, -1, 0)	(-1, -1, -1, 0)	(-1, -1, -1, 0)	(-1, -1, -1, 0)	(-1, -1, -1, 0)
428:	(-1, -1, -1, 0)	(-1, -1, -1, 0)	(-1, -1, -1, 0)	(-1, -1, -1, 0)	(-1, -1, -1, 0)	(-1, -1, -1, 0)	(-1, -1, -1, 0)	(-1, -1, -1, 0)	(-1, -1, -1, 0)	(-1, -1, -1, 0)	(-1, -1, -1, 0)	(-1, -1, -1, 0)	(-1, -1, -1, 0)	(-1, -1, -1, 0)	(-1, -1, -1, 0)	(-1, -1, -1, 0)
429:	(2055, 2000, 2058, 4)	(2055, 1999, 2057, 4)	(-1, -1, -1, 0)	(-1, -1, -1, 0)	(-1, -1, -1, 0)	(-1, -1, -1, 0)	(-1, -1, -1, 0)	(-1, -1, -1, 0)	(-1, -1, -1, 0)	(-1, -1, -1, 0)	(-1, -1, -1, 0)	(-1, -1, -1, 0)	(-1, -1, -1, 0)	(-1, -1, -1, 0)	(-1, -1, -1, 0)	(-1, -1, -1, 0)
430:	(2199, 2129, 2203, 4)	(2199, 2128, 2202, 4)	(-1, -1, -1, 0)	(-1, -1, -1, 0)	(-1, -1, -1, 0)	(-1, -1, -1, 0)	(-1, -1, -1, 0)	(-1, -1, -1, 0)	(-1, -1, -1, 0)	(-1, -1, -1, 0)	(-1, -1, -1, 0)	(-1, -1, -1, 0)	(-1, -1, -1, 0)	(-1, -1, -1, 0)	(-1, -1, -1, 0)	(-1, -1, -1, 0)
431:	(-1, -1, -1, 0)	(-1, -1, -1, 0)	(-1, -1, -1, 0)	(-1, -1, -1, 0)	(-1, -1, -1, 0)	(-1, -1, -1, 0)	(-1, -1, -1, 0)	(-1, -1, -1, 0)	(-1, -1, -1, 0)	(-1, -1, -1, 0)	(-1, -1, -1, 0)	(-1, -1, -1, 0)	(-1, -1, -1, 0)	(-1, -1, -1, 0)	(-1, -1, -1, 0)	(-1, -1, -1, 0)
432:	(-1, -1, -1, 0)	(-1, -1, -1, 0)	(-1, -1, -1, 0)	(-1, -1, -1, 0)	(-1, -1, -1, 0)	(-1, -1, -1, 0)	(-1, -1, -1, 0)	(-1, -1, -1, 0)	(-1, -1, -1, 0)	(-1, -1, -1, 0)	(-1, -1, -1, 0)	(-1, -1, -1, 0)	(-1, -1, -1, 0)	(-1, -1, -1, 0)	(-1, -1, -1, 0)	(-1, -1, -1, 0)
433:	(-1, -1, -1, 0)	(-1, -1, -1, 0)	(-1, -1, -1, 0)	(-1, -1, -1, 0)	(-1, -1, -1, 0)	(-1, -1, -1, 0)	(-1, -1, -1, 0)	(-1, -1, -1, 0)	(-1, -1, -1, 0)	(-1, -1, -1, 0)	(-1, -1, -1, 0)	(-1, -1, -1, 0)	(-1, -1, -1, 0)	(-1, -1, -1, 0)	(-1, -1, -1, 0)	(-1, -1, -1, 0)
434:	(-1, -1, -1, 0)	(-1, -1, -1, 0)	(-1, -1, -1, 0)	(-1, -1, -1, 0)	(-1, -1, -1, 0)	(-1, -1, -1, 0)	(-1, -1, -1, 0)	(-1, -1, -1, 0)	(-1, -1, -1, 0)	(-1, -1, -1, 0)	(-1, -1, -1, 0)	(-1, -1, -1, 0)	(-1, -1, -1, 0)	(-1, -1, -1, 0)	(-1, -1, -1, 0)	(-1, -1, -1, 0)
435:	(2059, 2058, -1, 1)	(2060, 2058, -1, 1)	(-1, -1, -1, 0)	(-1, -1, -1, 0)	(-1, -1, -1, 0)	(-1, -1, -1, 0)	(-1, -1, -1, 0)	(-1, -1, -1, 0)	(-1, -1, -1, 0)	(-1, -1, -1, 0)	(-1, -1, -1, 0)	(-1, -1, -1, 0)	(-1, -1, -1, 0)	(-1, -1, -1, 0)	(-1, -1, -1, 0)	(-1, -1, -1, 0)
436:	(2204, 2203, -1, 1)	(2205, 2203, -1, 1)	(-1, -1, -1, 0)	(-1, -1, -1, 0)	(-1, -1, -1, 0)	(-1, -1, -1, 0)	(-1, -1, -1, 0)	(-1, -1, -1, 0)	(-1, -1, -1, 0)	(-1, -1, -1, 0)	(-1, -1, -1, 0)	(-1, -1, -1, 0)	(-1, -1, -1, 0)	(-1, -1, -1, 0)	(-1, -1, -1, 0)	(-1, -1, -1, 0)
437:	(-1, -1, -1, 0)	(-1, -1, -1, 0)	(-1, -1, -1, 0)	(-1, -1, -1, 0)	(-1, -1, -1, 0)	(-1, -1, -1, 0)	(-1, -1, -1, 0)	(-1, -1, -1, 0)	(-1, -1, -1, 0)	(-1, -1, -1, 0)	(-1, -1, -1, 0)	(-1, -1, -1, 0)	(-1, -1, -1, 0)	(-1, -1, -1, 0)	(-1, -1, -1, 0)	(-1, -1, -1, 0)
438:	(-1, -1, -1, 0)	(-1, -1, -1, 0)	(-1, -1, -1, 0)	(-1, -1, -1, 0)	(-1, -1, -1, 0)	(-1, -1, -1, 0)	(-1, -1, -1, 0)	(-1, -1, -1, 0)	(-1, -1, -1, 0)	(-1, -1, -1, 0)	(-1, -1, -1, 0)	(-1, -1, -1, 0)	(-1, -1, -1, 0)	(-1, -1, -1, 0)	(-1, -1, -1, 0)	(-1, -1, -1, 0)
439:	(-1, -1, -1, 0)	(-1, -1, -1, 0)	(-1, -1, -1, 0)	(-1, -1, -1, 0)	(-1, -1, -1, 0)	(-1, -1, -1, 0)	(-1, -1, -1, 0)	(-1, -1, -1, 0)	(-1, -1, -1, 0)	(-1, -1, -1, 0)	(-1, -1, -1, 0)	(-1, -1, -1, 0)	(-1, -1, -1, 0)	(-1, -1, -1, 0)	(-1, -1, -1, 0)	(-1, -1, -1, 0)
440:	(-1, -1, -1, 0)	(-1, -1, -1, 0)	(-1, -1, -1, 0)	(-1, -1, -1, 0)	(-1, -1, -1, 0)	(-1, -1, -1, 0)	(-1, -1, -1, 0)	(-1, -1, -1, 0)	(-1, -1, -1, 0)	(-1, -1, -1, 0)	(-1, -1, -1, 0)	(-1, -1, -1, 0)	(-1, -1, -1, 0)	(-1, -1, -1, 0)	(-1, -1, -1, 0)	(-1, -1, -1, 0)
441:	(-1, -1, -1, 0)	(-1, -1, -1, 0)	(-1, -1, -1, 0)	(-1, -1, -1, 0)	(-1, -1, -1, 0)	(-1, -1, -1, 0)	(-1, -1, -1, 0)	(-1, -1, -1, 0)	(-1, -1, -1, 0)	(-1, -1, -1, 0)	(-1, -1, -1, 0)	(-1, -1, -1, 0)	(-1, -1, -1, 0)	(-1, -1, -1, 0)	(-1, -1, -1, 0)	(-1, -1, -1, 0)
442:	(-1, -1, -1, 0)	(-1, -1, -1, 0)	(-1, -1, -1, 0)	(-1, -1, -1, 0)	(-1, -1, -1, 0)	(-1, -1, -1, 0)	(-1, -1, -1, 0)	(-1, -1, -1, 0)	(-1, -1, -1, 0)	(-1, -1, -1, 0)	(-1, -1, -1, 0)	(-1, -1, -1, 0)	(-1, -1, -1, 0)	(-1, -1, -1, 0)	(-1, -1, -1, 0)	(-1, -1, -1, 0)
443:	(2070, 2060, 2074, 4)	(2070, 2059, 2071, 4)	(2108, 2059, 2109, 4)	(2108, 2060, 2112, 4)	(-1, -1, -1, 0)	(-1, -1, -1, 0)	(-1, -1, -1, 0)	(-1, -1, -1, 0)	(-1, -1, -1, 0)	(-1, -1, -1, 0)	(-1, -1, -1, 0)	(-1, -1, -1, 0)	(-1, -1, -1, 0)	(-1, -1, -1, 0)	(-1, -1, -1, 0)	(-1, -1, -1, 0)
444:	(2216, 2205, 2218, 4)	(2216, 2204, 2217, 4)	(2233, 2204, 2234, 4)	(2233, 2205, 2235, 4)	(-1, -1, -1, 0)	(-1, -1, -1, 0)	(-1, -1, -1, 0)	(-1, -1, -1, 0)	(-1, -1, -1, 0)	(-1, -1, -1, 0)	(-1, -1, -1, 0)	(-1, -1, -1, 0)	(-1, -1, -1, 0)	(-1, -1, -1, 0)	(-1, -1, -1, 0)	(-1, -1, -1, 0)
445:	(-1, -1, -1, 0)	(-1, -1, -1, 0)	(-1, -1, -1, 0)	(-1, -1, -1, 0)	(-1, -1, -1, 0)	(-1, -1, -1, 0)	(-1, -1, -1, 0)	(-1, -1, -1, 0)	(-1, -1, -1, 0)	(-1, -1, -1, 0)	(-1, -1, -1, 0)	(-1, -1, -1, 0)	(-1, -1, -1, 0)	(-1, -1, -1, 0)	(-1, -1, -1, 0)	(-1, -1, -1, 0)
446:	(-1, -1, -1, 0)	(-1, -1, -1, 0)	(-1, -1, -1, 0)	(-1, -1, -1, 0)	(-1, -1, -1, 0)	(-1, -1, -1, 0)	(-1, -1, -1, 0)	(-1, -1, -1, 0)	(-1, -1, -1, 0)	(-1, -1, -1, 0)	(-1, -1, -1, 0)	(-1, -1, -1, 0)	(-1, -1, -1, 0)	(-1, -1, -1, 0)	(-1, -1, -1, 0)	(-1, -1, -1, 0)
447:	(-1, -1, -1, 0)	(-1, -1, -1, 0)	(-1, -1, -1, 0)	(-1, -1, -1, 0)	(-1, -1, -1, 0)	(-1, -1, -1, 0)	(-1, -1, -1, 0)	(-1, -1, -1, 0)	(-1, -1, -1, 0)	(-1, -1, -1, 0)	(-1, -1, -1, 0)	(-1, -1, -1, 0)	(-1, -1, -1, 0)	(-1, -1, -1, 0)	(-1, -1, -1, 0)	(-1, -1, -1, 0)
448:	(-1, -1, -1, 0)	(-1, -1, -1, 0)	(-1, -1, -1, 0)	(-1, -1, -1, 0)	(-1, -1, -1, 0)	(-1, -1, -1, 0)	(-1, -1, -1, 0)	(-1, -1, -1, 0)	(-1, -1, -1, 0)	(-1, -1, -1, 0)	(-1, -1, -1, 0)	(-1, -1, -1, 0)	(-1, -1, -1, 0)	(-1, -1, -1, 0)	(-1, -1, -1, 0)	(-1, -1, -1, 0)
449:	(2072, 2071, -1, 1)	(2073, 2071, -1, 1)	(2074, 2071, -1, 1)	(-1, -1, -1, 0)	(-1, -1, -1, 0)	(-1, -1, -1, 0)	(-1, -1, -1, 0)	(-1, -1, -1, 0)	(-1, -1, -1, 0)	(-1, -1, -1, 0)	(-1, -1, -1, 0)	(-1, -1, -1, 0)	(-1, -1, -1, 0)	(-1, -1, -1, 0)	(-1, -1, -1, 0)	(-1, -1, -1, 0)
450:	(-1, -1, -1, 0)	(-1, -1, -1, 0)	(-1, -1, -1, 0)	(-1, -1, -1, 0)	(-1, -1, -1, 0)	(2218, -1, -1, 21)	(-1, -1, -1, 0)	(2219, -1, -1, 21)	(-1, -1, -1, 0)	(-1, -1, -1, 0)	(-1, -1, -1, 0)	(-1, -1, -1, 0)	(-1, -1, -1, 0)	(-1, -1, -1, 0)	(-1, -1, -1, 0)	(-1, -1, -1, 0)
451:	(-1, -1, -1, 0)	(-1, -1, -1, 0)	(-1, -1, -1, 0)	(-1, -1, -1, 0)	(-1, -1, -1, 0)	(2218, 2217, -1, 20)	(-1, -1, -1, 0)	(2219, 2217, -1, 20)	(-1, -1, -1, 0)	(-1, -1, -1, 0)	(-1, -1, -1, 0)	(-1, -1, -1, 0)	(-1, -1, -1, 0)	(-1, -1, -1, 0)	(-1, -1, -1, 0)	(-1, -1, -1, 0)
452:	(-1, -1, -1, 0)	(-1, -1, -1, 0)	(-1, -1, -1, 0)	(-1, -1, -1, 0)	(-1, -1, -1, 0)	(-1, -1, -1, 0)	(-1, -1, -1, 0)	(-1, -1, -1, 0)	(-1, -1, -1, 0)	(-1, -1, -1, 0)	(-1, -1, -1, 0)	(-1, -1, -1, 0)	(-1, -1, -1, 0)	(-1, -1, -1, 0)	(-1, -1, -1, 0)	(-1, -1, -1, 0)
453:	(-1, -1, -1, 0)	(-1, -1, -1, 0)	(-1, -1, -1, 0)	(-1, -1, -1, 0)	(-1, -1, -1, 0)	(-1, -1, -1, 0)	(-1, -1, -1, 0)	(-1, -1, -1, 0)	(-1, -1, -1, 0)	(-1, -1, -1, 0)	(-1, -1, -1, 0)	(-1, -1, -1, 0)	(-1, -1, -1, 0)	(-1, -1, -1, 0)	(-1, -1, -1, 0)	(-1, -1, -1, 0)
454:	(-1, -1, -1, 0)	(-1, -1, -1, 0)	(-1, -1, -1, 0)	(-1, -1, -1, 0)	(-1, -1, -1, 0)	(-1, -1, -1, 0)	(-1, -1, -1, 0)	(-1, -1, -1, 0)	(-1, -1, -1, 0)	(-1, -1, -1, 0)	(-1, -1, -1, 0)	(-1, -1, -1, 0)	(-1, -1, -1, 0)	(-1, -1, -1, 0)	(-1, -1, -1, 0)	(-1, -1, -1, 0)
455:	(-1, -1, -1, 0)	(-1, -1, -1, 0)	(-1, -1, -1, 0)	(-1, -1, -1, 0)	(-1, -1, -1, 0)	(-1, -1, -1, 0)	(-1, -1, -1, 0)	(-1, -1, -1, 0)	(-1, -1, -1, 0)	(-1, -1, -1, 0)	(-1, -1, -1, 0)	(-1, -1, -1, 0)	(-1, -1, -1, 0)	(-1, -1, -1, 0)	(-1, -1, -1, 0)	(-1, -1, -1, 0)
456:	(-1, -1, -1, 0)	(-1, -1, -1, 0)	(-1, -1, -1, 0)	(-1, -1, -1, 0)	(-1, -1, -1, 0)	(-1, -1, -1, 0)	(-1, -1, -1, 0)	(-1, -1, -1, 0)	(-1, -1, -1, 0)	(-1, -1, -1, 0)	(-1, -1, -1, 0)	(-1, -1, -1, 0)	(-1, -1, -1, 0)	(-1, -1, -1, 0)	(-1, -1, -1, 0)	(-1, -1, -1, 0)
457:	(2082, 2072, -1, 12)	(2082, 2073, -1, 12)	(2092, 2072, -1, 12)	(2082, 2074, -1, 12)	(2109, 2072, -1, 12)	(-1, -1, -1, 0)	(2092, 2073, -1, 12)	(-1, -1, -1, 0)	(2092, 2074, -1, 12)	(2109, 2073, -1, 12)	(-1, -1, -1, 0)	(-1, -1, -1, 0)	(2109, 2074, -1, 12)	(-1, -1, -1, 0)	(-1, -1, -1, 0)	(-1, -1, -1, 0)
458:	(-1, -1, -1, 0)	(-1, -1, -1, 0)	(-1, -1, -1, 0)	(-1, -1, -1, 0)	(-1, -1, -1, 0)	(-1, -1, -1, 0)	(-1, -1, -1, 0)	(-1, -1, -1, 0)	(-1, -1, -1, 0)	(-1, -1, -1, 0)	(-1, -1, -1, 0)	(-1, -1, -1, 0)	(-1, -1, -1, 0)	(-1, -1, -1, 0)	(-1, -1, -1, 0)	(-1, -1, -1, 0)
459:	(-1, -1, -1, 0)	(-1, -1, -1, 0)	(-1, -1, -1, 0)	(-1, -1, -1, 0)	(-1, -1, -1, 0)	(-1, -1, -1, 0)	(-1, -1, -1, 0)	(-1, -1, -1, 0)	(-1, -1, -1, 0)	(-1, -1, -1, 0)	(2234, 2218, -1, 12)	(2234, 2219, -1, 12)	(-1, -1, -1, 0)	(2245, 2218, -1, 12)	(2245, 2219, -1, 12)	(-1, -1, -1, 0)
460:	(2083, -1, -1, 22)	(2084, -1, -1, 17)	(2093, -1, -1, 22)	(2085, -1, -1, 17)	(2110, -1, -1, 22)	(-1, -1, -1, 0)	(-1, -1, -1, 0)	(-1, -1, -1, 0)	(-1, -1, -1, 0)	(-1, -1, -1, 0)	(-1, -1, -1, 0)	(-1, -1, -1, 0)	(-1, -1, -1, 0)	(-1, -1, -1, 0)	(-1, -1, -1, 0)	(-1, -1, -1, 0)
461:	(-1, -1, -1, 0)	(-1, -1, -1, 0)	(-1, -1, -1, 0)	(-1, -1, -1, 0)	(-1, -1, -1, 0)	(-1, -1, -1, 0)	(-1, -1, -1, 0)	(-1, -1, -1, 0)	(-1, -1, -1, 0)	(-1, -1, -1, 0)	(-1, -1, -1, 0)	(-1, -1, -1, 0)	(-1, -1, -1, 0)	(-1, -1, -1, 0)	(-1, -1, -1, 0)	(-1, -1, -1, 0)
462:	(-1, -1, -1, 0)	(-1, -1, -1, 0)	(-1, -1, -1, 0)	(-1, -1, -1, 0)	(-1, -1, -1, 0)	(-1, -1, -1, 0)	(-1, -1, -1, 0)	(-1, -1, -1, 0)	(-1, -1, -1, 0)	(-1, -1, -1, 0)	(2235, -1, -1, 22)	(2236, -1, -1, 17)	(-1, -1, -1, 0)	(2246, -1, -1, 22)	(-1, -1, -1, 0)	(-1, -1, -1, 0)
463:	(-1, -1, -1, 0)	(-1, -1, -1, 0)	(-1, -1, -1, 0)	(-1, -1, -1, 0)	(-1, -1, -1, 0)	(-1, -1, -1, 0)	(-1, -1, -1, 0)	(-1, -1, -1, 0)	(-1, -1, -1, 0)	(-1, -1, -1, 0)	(-1, -1, -1, 0)	(-1, -1, -1, 0)	(-1, -1, -1, 0)	(-1, -1, -1, 0)	(-1, -1, -1, 0)	(-1, -1, -1, 0)
464:	(-1, -1, -1, 0)	(-1, -1, -1, 0)	(-1, -1, -1, 0)	(-1, -1, -1, 0)	(-1, -1, -1, 0)	(-1, -1, -1, 0)	(-1, -1, -1, 0)	(-1, -1, -1, 0)	(-1, -1, -1, 0)	(-1, -1, -1, 0)	(-1, -1, -1, 0)	(-1, -1, -1, 0)	(-1, -1, -1, 0)	(-1, -1, -1, 0)	(-1, -1, -1, 0)	(-1, -1, -1, 0)
465:	(-1, -1, -1, 0)	(2084, 2083, -1, 20)	(-1, -1, -1, 0)	(2085, 2083, -1, 20)	(-1, -1, -1, 0)	(-1, -1, -1, 0)	(-1, -1, -1, 0)	(-1, -1, -1, 0)	(-1, -1, -1, 0)	(-1, -1, -1, 0)	(-1, -1, -1, 0)	(-1, -1, -1, 0)	(-1, -1, -1, 0)	(-1, -1, -1, 0)	(-1, -1, -1, 0)	(-1, -1, -1, 0)
466:	(-1, -1, -1, 0)	(-1, -1, -1, 0)	(-1, -1, -1, 0)	(-1, -1, -1, 0)	(-1, -1, -1, 0)	(-1, -1, -1, 0)	(-1, -1, -1, 0)	(-1, -1, -1, 0)	(-1, -1, -1, 0)	(-1, -1, -1, 0)	(-1, -1, -1, 0)	(-1, -1, -1, 0)	(-1, -1, -1, 0)	(-1, -1, -1, 0)	(-1, -1, -1, 0)	(-1, -1, -1, 0)
467:	(-1, -1, -1, 0)	(-1, -1, -1, 0)	(-1, -1, -1, 0)	(-1, -1, -1, 0)	(-1, -1, -1, 0)	(-1, -1, -1, 0)	(-1, -1, -1, 0)	(-1, -1, -1, 0)	(-1, -1, -1, 0)	(-1, -1, -1, 0)	(-1, -1, -1, 0)	(2236, 2235, -1, 20)	(-1, -1, -1, 0)	(-1, -1, -1, 0)	(-1, -1, -1, 0)	(-1, -1, -1, 0)
468:	(-1, -1, -1, 0)	(-1, -1, -1, 0)	(-1, -1, -1, 0)	(-1, -1, -1, 0)	(-1, -1, -1, 0)	(-1, -1, -1, 0)	(-1, -1, -1, 0)	(-1, -1, -1, 0)	(-1, -1, -1, 0)	(-1, -1, -1, 0)	(-1, -1, -1, 0)	(-1, -1, -1, 0)	(-1, -1, -1, 0)	(-1, -1, -1, 0)	(-1, -1, -1, 0)	(-1, -1, -1, 0)
469:	(-1, -1, -1, 0)	(-1, -1, -1, 0)	(-1, -1, -1, 0)	(-1, -1, -1, 0)	(-1, -1, -1, 0)	(-1, -1, -1, 0)	(-1, -1, -1, 0)	(-1, -1, -1, 0)	(-1, -1, -1, 0)	(-1, -1, -1, 0)	(-1, -1, -1, 0)	(-1, -1, -1, 0)	(-1, -1, -1, 0)	(-1, -1, -1, 0)	(-1, -1, -1, 0)	(-1, -1, -1, 0)
470:	(-1, -1, -1, 0)	(-1, -1, -1, 0)	(-1, -1, -1, 0)	(-1, -1, -1, 0)	(-1, -1, -1, 0)	(-1, -1, -1, 0)	(-1, -1, -1, 0)	(-1, -1, -1, 0)	(-1, -1, -1, 0)	(-1, -1, -1, 0)	(-1, -1, -1, 0)	(-1, -1, -1, 0)	(-1, -1, -1, 0)	(-1, -1, -1, 0)	(-1, -1, -1, 0)	(-1, -1, -1, 0)
471:	(-1, -1, -1, 0)	(-1, -1, -1, 0)	(-1, -1, -1, 0)	(-1, -1, -1, 0)	(-1, -1, -1, 0)	(-1, -1, -1, 0)	(-1, -1, -1, 0)	(-1, -1, -1, 0)	(-1, -1, -1, 0)	(-1, -1, -1, 0)	(-1, -1, -1, 0)	(-1, -1, -1, 0)	(-1, -1, -1, 0)	(-1, -1, -1, 0)	(-1, -1, -1, 0)	(-1, -1, -1, 0)
472:	(-1, -1, -1, 0)	(-1, -1, -1, 0)	(-1, -1, -1, 0)	(-1, -1, -1, 0)	(-1, -1, -1, 0)	(-1, -1, -1, 0)	(-1, -1, -1, 0)	(-1, -1, -1, 0)	(-1, -1, -1, 0)	(-1, -1, -1, 0)	(-1, -1, -1, 0)	(-1, -1, -1, 0)	(-1, -1, -1, 0)	(-1, -1, -1, 0)	(-1, -1, -1, 0)	(-1, -1, -1, 0)
473:	(-1, -1, -1, 0)	(-1, -1, -1, 0)	(-1, -1, -1, 0)	(-1, -1, -1, 0)	(-1, -1, -1, 0)	(-1, -1, -1, 0)	(2093, 2084, -1, 12)	(-1, -1, -1, 0)	(2093, 2085, -1, 12)	(2110, 2084, -1, 12)	(-1, -1, -1, 0)	(-1, -1, -1, 0)	(2110, 2085, -1, 12)	(-1, -1, -1, 0)	(-1, -1, -1, 0)	(-1, -1, -1, 0)
474:	(-1, -1, -1, 0)	(-1, -1, -1, 0)	(-1, -1, -1, 0)	(-1, -1, -1, 0)	(-1, -1, -1, 0)	(-1, -1, -1, 0)	(-1, -1, -1, 0)	(-1, -1, -1, 0)	(-1, -1, -1, 0)	(-1, -1, -1, 0)	(-1, -1, -1, 0)	(-1, -1, -1, 0)	(-1, -1, -1, 0)	(-1, -1, -1, 0)	(-1, -1, -1, 0)	(-1, -1, -1, 0)
475:	(-1, -1, -1, 0)	(-1, -1, -1, 0)	(-1, -1, -1, 0)	(-1, -1, -1, 0)	(-1, -1, -1, 0)	(-1, -1, -1, 0)	(-1, -1, -1, 0)	(-1, -1, -1, 0)	(-1, -1, -1, 0)	(-1, -1, -1, 0)	(-1, -1, -1, 0)	(-1, -1, -1, 0)	(-1, -1, -1, 0)	(-1, -1, -1, 0)	(2246, 2236, -1, 12)	(-1, -1, -1, 0)
476:	(-1, -1, -1, 0)	(-1, -1, -1, 0)	(-1, -1, -1, 0)	(-1, -1, -1, 0)	(-1, -1, -1, 0)	(-1, -1, -1, 0)	(2094, -1, -1, 22)	(-1, -1, -1, 0)	(2095, -1, -1, 17)	(2111, -1, -1, 22)	(-1, -1, -1, 0)	(-1, -1, -1, 0)	(-1, -1, -1, 0)	(-1, -1, -1, 0)	(-1, -1, -1, 0)	(-1, -1, -1, 0)
477:	(-1, -1, -1, 0)	(-1, -1, -1, 0)	(-1, -1, -1, 0)	(-1, -1, -1, 0)	(-1, -1, -1, 0)	(-1, -1, -1, 0)	(-1, -1, -1, 0)	(-1, -1, -1, 0)	(-1, -1, -1, 0)	(-1, -1, -1, 0)	(-1, -1, -1, 0)	(-1, -1, -1, 0)	(-1, -1, -1, 0)	(-1, -1, -1, 0)	(-1, -1, -1, 0)	(-1, -1, -1, 0)
478:	(-1, -1, -1, 0)	(-1, -1, -1, 0)	(-1, -1, -1, 0)	(-1, -1, -1, 0)	(-1, -1, -1, 0)	(-1, -1, -1, 0)	(-1, -1, -1, 0)	(-1, -1, -1, 0)	(-1, -1, -1, 0)	(-1, -1, -1, 0)	(-1, -1, -1, 0)	(-1, -1, -1, 0)	(-1, -1, -1, 0)	(-1, -1, -1, 0)	(2247, -1, -1, 22)	(-1, -1, -1, 0)
479:	(-1, -1, -1, 0)	(-1, -1, -1, 0)	(-1, -1, -1, 0)	(-1, -1, -1, 0)	(-1, -1, -1, 0)	(-1, -1, -1, 0)	(-1, -1, -1, 0)	(-1, -1, -1, 0)	(-1, -1, -1, 0)	(-1, -1, -1, 0)	(-1, -1, -1, 0)	(-1, -1, -1, 0)	(-1, -1, -1, 0)	(-1, -1, -1, 0)	(-1, -1, -1, 0)	(-1, -1, -1, 0)
480:	(-1, -1, -1, 0)	(-1, -1, -1, 0)	(-1, -1, -1, 0)	(-1, -1, -1, 0)	(-1, -1, -1, 0)	(-1, -1, -1, 0)	(-1, -1, -1, 0)	(-1, -1, -1, 0)	(-1, -1, -1, 0)	(-1, -1, -1, 0)	(-1, -1, -1, 0)	(-1, -1, -1, 0)	(-1, -1, -1, 0)	(-1, -1, -1, 0)	(-1, -1, -1, 0)	(-1, -1, -1, 0)
481:	(-1, -1, -1, 0)	(-1, -1, -1, 0)	(-1, -1, -1, 0)	(-1, -1, -1, 0)	(-1, -1, -1, 0)	(-1, -1, -1, 0)	(-1, -1, -1, 0)	(-1, -1, -1, 0)	(2095, 2094, -1, 20)	(-1, -1, -1, 0)	(-1, -1, -1, 0)	(-1, -1, -1, 0)	(-1, -1, -1, 0)	(-1, -1, -1, 0)	(-1, -1, -1, 0)	(-1, -1, -1, 0)
482:	(-1, -1, -1, 0)	(-1, -1, -1, 0)	(-1, -1, -1, 0)	(-1, -1, -1, 0)	(-1, -1, -1, 0)	(-1, -1, -1, 0)	(-1, -1, -1, 0)	(-1, -1, -1, 0)	(-1, -1, -1, 0)	(-1, -1, -1, 0)	(-1, -1, -1, 0)	(-1, -1, -1, 0)	(-1, -1, -1, 0)	(-1, -1, -1, 0)	(-1, -1, -1, 0)	(-1, -1, -1, 0)
483:	(-1, -1, -1, 0)	(-1, -1, -1, 0)	(-1, -1, -1, 0)	(-1, -1, -1, 0)	(-1, -1, -1, 0)	(-1, -1, -1, 0)	(-1, -1, -1, 0)	(-1, -1, -1, 0)	(-1, -1, -1, 0)	(-1, -1, -1, 0)	(-1, -1, -1, 0)	(-1, -1, -1, 0)	(-1, -1, -1, 0)	(-1, -1, -1, 0)	(-1, -1, -1, 0)	(-1, -1, -1, 0)
484:	(-1, -1, -1, 0)	(-1, -1, -1, 0)	(-1, -1, -1, 0)	(-1, -1, -1, 0)	(-1, -1, -1, 0)	(-1, -1, -1, 0)	(-1, -1, -1, 0)	(-1, -1, -1, 0)	(-1, -1, -1, 0)	(-1, -1, -1, 0)	(-1, -1, -1, 0)	(-1, -1, -1, 0)	(-1, -1, -1, 0)	(-1, -1, -1, 0)	(-1, -1, -1, 0)	(-1, -1, -1, 0)
485:	(-1, -1, -1, 0)	(-1, -1, -1, 0)	(-1, -1, -1, 0)	(-1, -1, -1, 0)	(-1, -1, -1, 0)	(-1, -1, -1, 0)	(-1, -1, -1, 0)	(-1, -1, -1, 0)	(-1, -1, -1, 0)	(-1, -1, -1, 0)	(-1, -1, -1, 0)	(-1, -1, -1, 0)	(-1, -1, -1, 0)	(-1, -1, -1, 0)	(-1, -1, -1, 0)	(-1, -1, -1, 0)
486:	(-1, -1, -1, 0)	(-1, -1, -1, 0)	(-1, -1, -1, 0)	(-1, -1, -1, 0)	(-1, -1, -1, 0)	(-1, -1, -1, 0)	(-1, -1, -1, 0)	(-1, -1, -1, 0)	(-1, -1, -1, 0)	(-1, -1, -1, 0)	(-1, -1, -1, 0)	(-1, -1, -1, 0)	(-1, -1, -1, 0)	(-1, -1, -1, 0)	(-1, -1, -1, 0)	(-1, -1, -1, 0)
487:	(-1, -1, -1, 0)	(-1, -1, -1, 0)	(-1, -1, -1, 0)	(-1, -1, -1, 0)	(-1, -1, -1, 0)	(-1, -1, -1, 0)	(-1, -1, -1, 0)	(-1, -1, -1, 0)	(-1, -1, -1, 0)	(-1, -1, -1, 0)	(-1, -1, -1, 0)	(-1, -1, -1, 0)	(-1, -1, -1, 0)	(-1, -1, -1, 0)	(-1, -1, -1, 0)	(-1, -1, -1, 0)
488:	(-1, -1, -1, 0)	(-1, -1, -1, 0)	(-1, -1, -1, 0)	(-1, -1, -1, 0)	(-1, -1, -1, 0)	(-1, -1, -1, 0)	(-1, -1, -1, 0)	(-1, -1, -1, 0)	(-1, -1, -1, 0)	(-1, -1, -1, 0)	(-1, -1, -1, 0)	(-1, -1, -1, 0)	(-1, -1, -1, 0)	(-1, -1, -1, 0)	(-1, -1, -1, 0)	(-1, -1, -1, 0)
489:	(-1, -1, -1, 0)	(-1, -1, -1, 0)	(-1, -1, -1, 0)	(-1, -1, -1, 0)	(-1, -1, -1, 0)	(-1, -1, -1, 0)	(-1, -1, -1, 0)	(-1, -1, -1, 0)	(-1, -1, -1, 0)	(-1, -1, -1, 0)	(-1, -1, -1, 0)	(-1, -1, -1, 0)	(2111, 2095, -1, 12)	(-1, -1, -1, 0)	(-1, -1, -1, 0)	(-1, -1, -1, 0)
490:	(-1, -1, -1, 0)	(-1, -1, -1, 0)	(-1, -1, -1, 0)	(-1, -1, -1, 0)	(-1, -1, -1, 0)	(-1, -1, -1, 0)	(-1, -1, -1, 0)	(-1, -1, -1, 0)	(-1, -1, -1, 0)	(-1, -1, -1, 0)	(-1, -1, -1, 0)	(-1, -1, -1, 0)	(-1, -1, -1, 0)	(-1, -1, -1, 0)	(-1, -1, -1, 0)	(-1, -1, -1, 0)
491:	(-1, -1, -1, 0)	(-1, -1, -1, 0)	(-1, -1, -1, 0)	(-1, -1, -1, 0)	(-1, -1, -1, 0)	(-1, -1, -1, 0)	(-1, -1, -1, 0)	(-1, -1, -1, 0)	(-1, -1, -1, 0)	(-1, -1, -1, 0)	(-1, -1, -1, 0)	(-1, -1, -1, 0)	(-1, -1, -1, 0)	(-1, -1, -1, 0)	(-1, -1, -1, 0)	(-1, -1, -1, 0)
492:	(-1, -1, -1, 0)	(-1, -1, -1, 0)	(-1, -1, -1, 0)	(-1, -1, -1, 0)	(-1, -1, -1, 0)	(-1, -1, -1, 0)	(-1, -1, -1, 0)	(-1, -1, -1, 0)	(-1, -1, -1, 0)	(-1, -1, -1, 0)	(-1, -1, -1, 0)	(-1, -1, -1, 0)	(2112, -1, -1, 22)	(-1, -1, -1, 0)	(-1, -1, -1, 0)	(-1, -1, -1, 0)
493:	(-1, -1, -1, 0)	(-1, -1, -1, 0)	(-1, -1, -1, 0)	(-1, -1, -1, 0)	(-1, -1, -1, 0)	(-1, -1, -1, 0)	(-1, -1, -1, 0)	(-1, -1, -1, 0)	(-1, -1, -1, 0)	(-1, -1, -1, 0)	(-1, -1, -1, 0)	(-1, -1, -1, 0)	(-1, -1, -1, 0)	(-1, -1, -1, 0)	(-1, -1, -1, 0)	(-1, -1, -1, 0)
494:	(-1, -1, -1, 0)	(-1, -1, -1, 0)	(-1, -1, -1, 0)	(-1, -1, -1, 0)	(-1, -1, -1, 0)	(-1, -1, -1, 0)	(-1, -1, -1, 0)	(-1, -1, -1, 0)	(-1, -1, -1, 0)	(-1, -1, -1, 0)	(-1, -1, -1, 0)	(-1, -1, -1, 0)	(-1, -1, -1, 0)	(-1, -1, -1, 0)	(-1, -1, -1, 0)	(-1, -1, -1, 0)
495:	(-1, -1, -1, 0)	(-1, -1, -1, 0)	(-1, -1, -1, 0)	(-1, -1, -1, 0)	(-1, -1, -1, 0)	(-1, -1, -1, 0)	(-1, -1, -1, 0)	(-1, -1, -1, 0)	(-1, -1, -1, 0)	(-1, -1, -1, 0)	(-1, -1, -1, 0)	(-1, -1, -1, 0)	(-1, -1, -1, 0)	(-1, -1, -1, 0)	(-1, -1, -1, 0)	(-1, -1, -1, 0)
Print Inst Finished!

latency = 493
Ax[40641] = 0
time: 0	PE: 0	op: -0.00640227 / 1000.01 = -6.40223e-06
time: 0	PE: 1	op: -0.00640236 / 1000.01 = -6.40232e-06
time: 0	PE: 2	op: -0.0232999 / 0.0380804 = -0.61186
time: 0	PE: 3	op: -0.0232999 / 0.0380804 = -0.61186
time: 0	PE: 4	op: -6.84004e-07 / 1000.01 = -6.83999e-10
time: 0	PE: 5	op: -6.84013e-07 / 1000.01 = -6.84008e-10
time: 0	PE: 6	op: -9.02095e-05 / 21.8267 = -4.13298e-06
time: 0	PE: 7	op: -0.00872319 / 21.8267 = -0.000399656
time: 0	PE: 8	op: 0.0193577 / 0.0380804 = 0.508338
time: 0	PE: 9	op: 0.0193577 / 0.0380804 = 0.508338
time: 0	PE: 10	op: -0.00149685 / 1000 = -1.49685e-06
time: 0	PE: 11	op: -0.00149684 / 1000 = -1.49684e-06
time: 0	PE: 12	op: -0.052129 / 1000.05 = -5.21263e-05
time: 0	PE: 13	op: -5.56934e-06 / 1000.05 = -5.56905e-09
time: 0	PE: 14	op: 2.04278e-07 / 1000.05 = 2.04267e-10
time: 0	PE: 15	op: -21.8179 / 21.8267 = -0.999596
Ax[40641] = 0
time: 1	PE: 0	op: -9.02095e-05 / 21.8267 = -4.13298e-06
time: 1	PE: 1	op: -0.698728 / 1000.35 = -0.000698484
time: 1	PE: 2	op: -0.0521277 / 1000.05 = -5.2125e-05
time: 1	PE: 3	op: -5.5692e-06 / 1000.05 = -5.56891e-09
time: 1	PE: 4	op: -0.00872319 / 21.8267 = -0.000399656
time: 1	PE: 5	op: -5.56934e-06 / 1000.05 = -5.56905e-09
time: 1	PE: 6	op: 0.349245 / 1000.35 = 0.000349123
time: 1	PE: 7	op: -0.0521277 / 1000.05 = -5.2125e-05
time: 1	PE: 8	op: -0.052129 / 1000.05 = -5.21263e-05
time: 1	PE: 9	op: -5.5692e-06 / 1000.05 = -5.56891e-09
time: 1	PE: 10	op: -4.96247e-07 / 1000 = -4.96245e-10
time: 1	PE: 11	op: -21.8179 / 21.8267 = -0.999596
time: 1	PE: 12	op: -6.84013e-07 / 1000.01 = -6.84008e-10
time: 1	PE: 13	op: -0.0524401 / 1000.05 = -5.24373e-05
time: 1	PE: 14	op: -6.84004e-07 / 1000.01 = -6.83999e-10
time: 1	PE: 15	op: -1.40235e-16 / 1000 = -1.40235e-19
Ax[40641] = 0
time: 2	PE: 0	op: -0.698753 / 1000.35 = -0.000698509
time: 2	PE: 1	op: -0.0341383 / 0.0380804 = -0.896479
time: 2	PE: 2	op: 0.349276 / 1000.35 = 0.000349154
time: 2	PE: 3	op: -1000 / 1000 = -1
time: 2	PE: 4	op: -4.96256e-07 / 1000 = -4.96254e-10
time: 2	PE: 5	op: -1000 / 1000.35 = -0.999651
time: 2	PE: 6	op: -0.00640227 / 1000.01 = -6.40223e-06
time: 2	PE: 7	op: -1000 / 1000.05 = -0.999948
time: 2	PE: 8	op: -1000 / 1000.01 = -0.999994
time: 2	PE: 9	op: -1.41955e-16 / 1000 = -1.41955e-19
time: 2	PE: 10	op: -1.41955e-16 / 1000 = -1.41955e-19
time: 2	PE: 11	op: -0.00167203 / 1000 = -1.67203e-06
time: 2	PE: 12	op: -2.27179e-07 / 1000 = -2.27178e-10
time: 2	PE: 13	op: -1.33378e-07 / 1000 = -1.33378e-10
time: 2	PE: 14	op: -1000 / 2000 = -0.5
time: 2	PE: 15	op: -0.0117315 / 0.391526 = -0.0299636
Ax[40641] = 0
time: 3	PE: 0	op: 0.00149664 / 1000 = 1.49664e-06
time: 3	PE: 1	op: 0.00149663 / 1000 = 1.49663e-06
time: 3	PE: 2	op: -1000 / 1000 = -1
time: 3	PE: 3	op: -1000 / 1000.05 = -0.999948
time: 3	PE: 4	op: -1000 / 1000.01 = -0.999994
time: 3	PE: 5	op: -1000 / 1000.01 = -0.999994
time: 3	PE: 6	op: -1000 / 1000.05 = -0.999948
time: 3	PE: 7	op: -1000 / 1000 = -1
time: 3	PE: 8	op: -1000 / 1000.01 = -0.999994
time: 3	PE: 9	op: -1.04479e-12 / 1000 = -1.04479e-15
time: 3	PE: 10	op: -1000 / 2000 = -0.5
time: 3	PE: 11	op: -1e-12 / 100 = -1e-14
time: 3	PE: 12	op: -1000 / 1000.07 = -0.999933
time: 3	PE: 13	op: -1.12445e-10 / 70.922 = -1.58547e-12
Ax[40641] = 0
time: 4	PE: 0	op: -0.0341383 / 0.0380804 = -0.896479
time: 4	PE: 1	op: 2.04243e-07 / 1000.05 = 2.04232e-10
time: 4	PE: 2	op: -0.0524564 / 1000.05 = -5.24536e-05
time: 4	PE: 3	op: -1.40235e-16 / 1000 = -1.40235e-19
time: 4	PE: 4	op: -1000 / 1000.05 = -0.999948
time: 4	PE: 5	op: -1.03213e-12 / 1000 = -1.03213e-15
time: 4	PE: 6	op: -1000 / 1000 = -0.999996
time: 4	PE: 7	op: -1000 / 1000.05 = -0.999948
time: 4	PE: 8	op: -1000 / 2000 = -0.5
time: 4	PE: 9	op: -3.86179e-12 / 0.379795 = -1.01681e-11
time: 4	PE: 10	op: -1e-12 / 100 = -1e-14
time: 4	PE: 11	op: -0.01 / 0.01 = -1
time: 4	PE: 12	op: 0.00641026 / 1 = 0.00641026
time: 4	PE: 13	op: -1.18e-30 / 100000 = -1.18e-35
time: 4	PE: 14	op: -0.00641026 / 1 = -0.00641026
time: 4	PE: 15	op: -0.00424862 / 1.43282 = -0.00296522
Ax[40641] = 0
time: 5	PE: 0	op: -0.00365238 / 1000 = -3.65237e-06
time: 5	PE: 1	op: -0.00365244 / 1000 = -3.65243e-06
time: 5	PE: 2	op: -1000 / 1000 = -0.999996
time: 5	PE: 3	op: -1000 / 1000.05 = -0.999948
time: 5	PE: 4	op: -1705.43 / -1 = 1705.43
time: 5	PE: 5	op: -310.078 / -1 = 310.078
time: 5	PE: 6	op: -1.04479e-12 / 1000 = -1.04479e-15
time: 5	PE: 7	op: -1.33378e-07 / 1000 = -1.33378e-10
time: 5	PE: 8	op: -1000 / 2000 = -0.5
time: 5	PE: 9	op: -0.379795 / 0.391526 = -0.970036
time: 5	PE: 10	op: -100000 / 100000 = -1
time: 5	PE: 11	op: -100000 / 100000 = -1
time: 5	PE: 12	op: -1000 / 1000 = -0.999999
time: 5	PE: 13	op: 8.33958 / 1 = 8.33958
Ax[40641] = 0
time: 6	PE: 0	op: -1000 / 1000.35 = -0.999651
time: 6	PE: 1	op: -0.00640236 / 1000.01 = -6.40232e-06
time: 6	PE: 2	op: -310.078 / -1 = 310.078
time: 6	PE: 3	op: -0.00167205 / 1000 = -1.67205e-06
time: 6	PE: 4	op: -2.27181e-07 / 1000 = -2.27181e-10
time: 6	PE: 5	op: -1000 / 2000 = -0.5
time: 6	PE: 6	op: -3.85959e-12 / 0.379795 = -1.01623e-11
time: 6	PE: 7	op: -4.99012e-08 / 1000 = -4.99012e-11
time: 6	PE: 8	op: -1000 / 2000 = -0.5
time: 6	PE: 9	op: -0.000981934 / 21.9246 = -4.47869e-05
time: 6	PE: 10	op: -1.00082e-12 / 0.01 = -1.00082e-10
time: 6	PE: 11	op: -0.0666667 / 1000.07 = -6.66622e-05
time: 6	PE: 12	op: -0.0666667 / 1000.07 = -6.66622e-05
time: 6	PE: 13	op: 1 / -3635.14 = -0.000275093
time: 6	PE: 14	op: -1 / 1 = -1
time: 6	PE: 15	op: -8.33333 / 1 = -8.33333
Ax[40641] = 0
time: 7	PE: 0	op: -1.03213e-12 / 1000 = -1.03213e-15
time: 7	PE: 1	op: -1000 / 1000 = -1
time: 7	PE: 2	op: -1000 / 2000 = -0.5
time: 7	PE: 3	op: -0.379795 / 0.391556 = -0.969963
time: 7	PE: 4	op: -1000 / 2000 = -0.5
time: 7	PE: 5	op: -1000 / 1000.07 = -0.999933
time: 7	PE: 6	op: -0.000981936 / 21.9246 = -4.4787e-05
time: 7	PE: 7	op: -0.105657 / 21.9246 = -0.00481913
time: 7	PE: 8	op: -0.379795 / 0.379795 = -1
time: 7	PE: 9	op: -0.0117613 / 0.391556 = -0.0300374
time: 7	PE: 10	op: -31.7901 / 100032 = -0.0003178
time: 7	PE: 11	op: -31.7901 / 100032 = -0.0003178
time: 7	PE: 12	op: -100000 / 100000 = -1
time: 7	PE: 13	op: -0.5 / 2.5 = -0.2
time: 7	PE: 14	op: -0.257971 / 0.757971 = -0.340344
Ax[40641] = 0
time: 8	PE: 0	op: -1.03213e-12 - -1.03213e-12 * -6.84008e-10 = -1.03213e-12
time: 8	PE: 1	op: -1.03213e-12 - -1.03213e-12 * -6.83999e-10 = -1.03213e-12
time: 8	PE: 2	op: -0.0194126 - -0.00394214 * 0.508338 = -0.0174087
time: 8	PE: 3	op: 4.0773 - -0.0104327 * -0.000399656 = 4.0773
time: 8	PE: 4	op: 0.00640236 - -0.00640304 * -6.40232e-06 = 0.00640232
time: 8	PE: 5	op: 1000.1 - -0.0524287 * 2.04267e-10 = 1000.1
time: 8	PE: 6	op: -1705.43 / -1 = 1705.43
time: 8	PE: 7	op: -4.99012e-08 / 1000 = -4.99012e-11
time: 8	PE: 8	op: -0.01 / 0.01 = -1
time: 8	PE: 9	op: 1 / -24.8995 = -0.0401614
time: 8	PE: 10	op: -6.99791e-08 / 26.9179 = -2.59972e-09
Ax[40641] = 0
time: 9	PE: 0	op: 1000.1 - -1.12027e-05 * -5.24373e-05 = 1000.1
time: 9	PE: 2	op: 0 - -1000 * -5.24373e-05 = -0.0524373
time: 9	PE: 3	op: -0.00684331 - 0.00161933 * -0.000399656 = -0.00684266
time: 9	PE: 4	op: -1.03213e-12 - -1.03213e-12 * -5.56905e-09 = -1.03213e-12
time: 9	PE: 5	op: -0.349483 - -0.349483 * 0.000349123 = -0.349361
time: 9	PE: 6	op: 0 - 0.00161933 * -0.999596 = 0.00161868
time: 9	PE: 7	op: 0 - -1000 * -1.49685e-06 = -0.00149685
time: 9	PE: 8	op: 0 - -1000 * -5.21263e-05 = -0.0521263
time: 9	PE: 9	op: -17.8891 / 17.8891 = -1
time: 9	PE: 10	op: -100 / 100 = -1
time: 9	PE: 11	op: 1 / -1 = -1
Ax[40641] = 0
time: 10	PE: 0	op: 4000 - -1000 * -0.999651 = 3000.35
time: 10	PE: 1	op: 1000 - -2.55246e-08 * 0.000349123 = 1000
time: 10	PE: 3	op: 0 - -2.13825e-08 * -0.999651 = -2.13751e-08
time: 10	PE: 4	op: 4.09838 - -0.0341383 * -0.896479 = 4.06777
time: 10	PE: 5	op: 0 - -1.00029e-12 * -1 = -1.00029e-12
time: 10	PE: 6	op: 0.052129 - -0.0521346 * -5.21263e-05 = 0.0521263
time: 10	PE: 7	op: 1000 - -1.0005e-12 * -5.2125e-05 = 1000
time: 10	PE: 8	op: -1.0005e-12 - -1.0005e-12 * -5.56891e-09 = -1.0005e-12
time: 10	PE: 9	op: -1000 / 2000 = -0.5
time: 10	PE: 10	op: -1.00082e-12 / 0.01 = -1.00082e-10
time: 10	PE: 11	op: -0.0005 / 0.126415 = -0.00395524
time: 10	PE: 12	op: 8.33958 / 1 = 8.33958
Ax[40641] = 0
time: 11	PE: 0	op: 7000.07 - -1000 * -0.999994 = 6000.08
time: 11	PE: 1	op: 4000 - -1000 * -0.999948 = 3000.05
time: 11	PE: 2	op: 1000 - -2.13825e-08 * 0.000349154 = 1000
time: 11	PE: 3	op: 1000.08 - -1000 * -1 = 0.0830078
time: 11	PE: 4	op: 3000 - -1000 * -1 = 2000
time: 11	PE: 5	op: 0 - -1000 * 0.000349123 = 0.349123
time: 11	PE: 6	op: 0 - -2.03347e-07 * -1 = -2.03347e-07
time: 11	PE: 7	op: 0 - -2.03348e-07 * -1 = -2.03348e-07
time: 11	PE: 8	op: -0.00149663 - -2.03347e-07 * 1.49663e-06 = -0.00149663
time: 11	PE: 10	op: 0.0443937 - 0.00161933 * -4.13298e-06 = 0.0443937
time: 11	PE: 11	op: -1.18e-30 / 100000 = -1.18e-35
Ax[40641] = 0
time: 12	PE: 0	op: 0.824106 - -0.01 * -1 = 0.814106
time: 12	PE: 1	op: 1000.1 - -1.12062e-05 * -5.24536e-05 = 1000.1
time: 12	PE: 2	op: 0 - -1.12027e-05 * -0.999948 = -1.12021e-05
time: 12	PE: 3	op: 4000 - -1000 * -0.999996 = 3000
time: 12	PE: 4	op: 0 - -0.00640304 * -0.999994 = -0.006403
time: 12	PE: 5	op: -0.349476 - -0.349476 * 0.000349154 = -0.349354
time: 12	PE: 6	op: 0 - 0.00161933 * -0.999596 = 0.00161868
time: 12	PE: 8	op: -0.00641026 / 1 = -0.00641026
time: 12	PE: 9	op: 0 - -1000 * -6.83999e-10 = -6.83999e-07
time: 12	PE: 10	op: -4 / 8 = -0.5
time: 12	PE: 11	op: -0.714286 / 1 = -0.714286
Ax[40641] = 0
time: 13	PE: 0	op: 3000 - -1000 * -1 = 2000
time: 13	PE: 1	op: 1100.39 - -3.86179e-12 * -1.01681e-11 = 1100.39
time: 13	PE: 2	op: 4.09838 - -0.0341383 * -0.896479 = 4.06777
time: 13	PE: 3	op: -2.2e-28 - -0.379795 * -0.0299636 = -0.01138
time: 13	PE: 4	op: 0 - -0.00394214 * -0.896479 = -0.00353404
time: 13	PE: 5	op: 0 - -1000 * -1.49684e-06 = -0.00149684
time: 13	PE: 6	op: 1000 - -1.00029e-12 * 1.49663e-06 = 1000
time: 13	PE: 7	op: 0 - -1000 * -1.03213e-15 = -1.03213e-12
time: 13	PE: 8	op: 0 - -1000 * 1.49663e-06 = 0.00149663
time: 13	PE: 9	op: 0 - -0.00365294 * -0.999996 = -0.00365293
time: 13	PE: 10	op: -1.00029e-12 - -1.00029e-12 * -1.49684e-06 = -1.00029e-12
time: 13	PE: 11	op: 1 / -3635.14 = -0.000275093
Ax[40641] = 0
time: 14	PE: 0	op: 0 - -1.12062e-05 * -0.999948 = -1.12056e-05
time: 14	PE: 1	op: 0 - -1000 * -5.24536e-05 = -0.0524536
time: 14	PE: 2	op: 0 - -1000 * 0.000349154 = 0.349154
time: 14	PE: 3	op: 0 - -1.00029e-12 * -1 = -1.00029e-12
time: 14	PE: 4	op: 0 - -1.0021e-12 * -0.999996 = -1.0021e-12
time: 14	PE: 5	op: 1000 - -1.00029e-12 * 1.49664e-06 = 1000
time: 14	PE: 6	op: -1.00029e-12 - -1.00029e-12 * -1.49685e-06 = -1.00029e-12
time: 14	PE: 7	op: 0 - -1000 * 2.04267e-10 = 2.04267e-07
time: 14	PE: 8	op: 0 - -1000 * -1.40235e-19 = -1.40235e-16
time: 14	PE: 9	op: -1 / 1 = -1
time: 14	PE: 10	op: -4 / 8 = -0.5
Ax[40641] = 0
time: 15	PE: 0	op: 1000.1 - -1000 * -0.5 = 500.105
time: 15	PE: 1	op: 0 - -2.55246e-08 * -0.999651 = -2.55157e-08
time: 15	PE: 2	op: 39.8445 - -21.8179 * -0.999596 = 18.0354
time: 15	PE: 3	op: 0 - -1.00082e-12 * -1 = -1.00082e-12
time: 15	PE: 4	op: 0 - -1.0021e-12 * -0.999996 = -1.0021e-12
time: 15	PE: 5	op: 0 - -1.0005e-12 * -0.999948 = -1.00044e-12
time: 15	PE: 6	op: 0.0521277 - -0.0521333 * -5.2125e-05 = 0.052125
time: 15	PE: 7	op: 1000 - -1.0021e-12 * -3.65243e-06 = 1000
time: 15	PE: 8	op: 0.00167203 - -0.00167226 * -1.67203e-06 = 0.00167203
time: 15	PE: 9	op: -1 / 1 = -1
time: 15	PE: 10	op: -1e-12 / 0.0143885 = -6.95e-11
Ax[40641] = 0
time: 16	PE: 0	op: 3000.35 - -1000 * -0.999948 = 2000.4
time: 16	PE: 1	op: 0.824106 - -0.01 * -1 = 0.814106
time: 16	PE: 2	op: 39.8445 - -21.8179 * -0.999596 = 18.0354
time: 16	PE: 3	op: 1100.39 - -3.85959e-12 * -1.01623e-11 = 1100.39
time: 16	PE: 4	op: 0 - -0.00640296 * -0.999994 = -0.00640292
time: 16	PE: 5	op: -2.2e-28 - -0.379795 * -0.0300374 = -0.011408
time: 16	PE: 6	op: 1000 - -1.0021e-12 * -3.65237e-06 = 1000
time: 16	PE: 7	op: 0 - -1.03213e-12 * -0.999948 = -1.03208e-12
time: 16	PE: 8	op: 1000 - -0.0521333 * -5.56891e-09 = 1000
time: 16	PE: 9	op: 1 / 100000 = 1e-05
Ax[40641] = 0
time: 17	PE: 0	op: 6000.08 - -1000 * -0.999994 = 5000.08
time: 17	PE: 1	op: 3000.05 - -1000 * -0.999651 = 2000.4
time: 17	PE: 2	op: 1000 - -1000 * -0.5 = 500
time: 17	PE: 3	op: 0 - -1.00149e-12 * -1 = -1.00149e-12
time: 17	PE: 4	op: -0.00684331 - 0.00161933 * -0.000399656 = -0.00684266
time: 17	PE: 5	op: 5.16095 - -8.47321e-14 * 0.508338 = 5.16095
time: 17	PE: 6	op: 0 - -0.0524287 * -0.999948 = -0.0524259
time: 17	PE: 7	op: 0 - -1000 * -1.40235e-19 = -1.40235e-16
time: 17	PE: 8	op: -1000 / 1000.07 = -0.999933
time: 17	PE: 9	op: -1 / 1 = -1
Ax[40641] = 0
time: 18	PE: 0	op: 1000 - -1000 * -0.5 = 500
time: 18	PE: 1	op: 100000 - -0.0005 * -0.00395524 = 100000
time: 18	PE: 2	op: 4000 - -1000 * -0.999996 = 3000
time: 18	PE: 3	op: 0 - -1.00082e-12 * -1 = -1.00082e-12
time: 18	PE: 4	op: 0 - -8.47321e-14 * -0.896479 = -7.59605e-14
time: 18	PE: 5	op: 4.0773 - -0.0104327 * -0.000399656 = 4.0773
time: 18	PE: 6	op: 0 - -0.00394214 * -0.896479 = -0.00353404
time: 18	PE: 7	op: 1000 - -1.00149e-12 * -1.03213e-15 = 1000
time: 18	PE: 8	op: 1000 - -3.07765e-14 * -1.40235e-19 = 1000
time: 18	PE: 9	op: -0.257971 / 0.757971 = -0.340344
time: 18	PE: 10	op: -2e-31 / 1 = -2e-31
Ax[40641] = 0
time: 19	PE: 0	op: 1000.39 - -0.0117613 * -0.0300374 = 1000.39
time: 19	PE: 1	op: 105.062 - -1.00082e-12 * -1.00082e-10 = 105.062
time: 19	PE: 2	op: 105.062 - -1.00082e-12 * -1.00082e-10 = 105.062
time: 19	PE: 3	op: 0 - -0.01 * -1.00082e-10 = -1.00082e-12
time: 19	PE: 4	op: 0 - -1.00149e-12 * -1 = -1.00149e-12
time: 19	PE: 5	op: 0 - -0.349483 * -0.999651 = -0.349361
time: 19	PE: 6	op: 1000.7 - -0.349483 * -0.000698484 = 1000.7
time: 19	PE: 7	op: -0.00684266 / 0.0443937 = -0.154136
time: 19	PE: 8	op: -0.00023891 - -2.55246e-08 * -0.000698484 = -0.00023891
time: 19	PE: 9	op: 0.00161868 / 0.0443937 = 0.0364618
time: 19	PE: 10	op: -1.00149e-12 - -1.00149e-12 * -1.40235e-19 = -1.00149e-12
Ax[40641] = 0
time: 20	PE: 0	op: 1100.39 - -0.379795 * -0.970036 = 1100.02
time: 20	PE: 1	op: 0 - -8.47321e-14 * -0.896479 = -7.59605e-14
time: 20	PE: 2	op: 0 - -0.0104327 * -0.999596 = -0.0104285
time: 20	PE: 3	op: 5.16095 - -8.47321e-14 * 0.508338 = 5.16095
time: 20	PE: 4	op: 0 - -0.0341383 * 0.508338 = 0.0173538
time: 20	PE: 5	op: 0 - -21.8179 * -0.000399656 = -0.00871967
time: 20	PE: 6	op: 1000 - -1.00149e-12 * -1.03213e-15 = 1000
time: 20	PE: 7	op: 0 - -1000 * -3.65243e-06 = -0.00365243
time: 20	PE: 8	op: -1.00149e-12 - -1.00149e-12 * -1.40235e-19 = -1.00149e-12
time: 20	PE: 9	op: 1000 - -1.03213e-12 * -1.67205e-06 = 1000
Ax[40641] = 0
time: 21	PE: 0	op: 0 - -0.0104327 * -0.999596 = -0.0104285
time: 21	PE: 1	op: 0 - -1.00005e-12 * -0.999994 = -1.00004e-12
time: 21	PE: 2	op: 1000 - -2.03348e-07 * -1.49685e-06 = 1000
time: 21	PE: 3	op: -0.00149664 - -2.03348e-07 * 1.49664e-06 = -0.00149664
time: 21	PE: 4	op: 0.00365238 - -0.00365288 * -3.65237e-06 = 0.00365237
time: 21	PE: 5	op: 0 - -21.8179 * -0.000399656 = -0.00871967
time: 21	PE: 6	op: 0 - -1.3538e-07 * -1 = -1.3538e-07
time: 21	PE: 7	op: 0 - -1000 * -0.5 = -500
time: 21	PE: 8	op: 1 / 100000 = 1e-05
time: 21	PE: 9	op: -22553.2 / -1 = 22553.2
Ax[40641] = 0
time: 22	PE: 0	op: 18.0354 - -17.8891 * -1 = 0.146313
time: 22	PE: 1	op: 1100.39 - -0.379795 * -0.969963 = 1100.02
time: 22	PE: 2	op: 0 - -0.01 * -1.00082e-10 = -1.00082e-12
time: 22	PE: 3	op: 0 - -1.0005e-12 * -0.999948 = -1.00044e-12
time: 22	PE: 4	op: 1000 - -1.0005e-12 * -5.21263e-05 = 1000
time: 22	PE: 5	op: 0.00365244 - -0.00365294 * -3.65243e-06 = 0.00365243
time: 22	PE: 6	op: 0 - -0.052445 * -0.999948 = -0.0524422
time: 22	PE: 7	op: 0 - -1000 * -6.84008e-10 = -6.84008e-07
time: 22	PE: 8	op: -0.379795 / 0.379795 = -1
Ax[40641] = 0
time: 23	PE: 0	op: 5000.08 - -1000 * -0.999948 = 4000.14
time: 23	PE: 1	op: 0 - -1.00005e-12 * -0.999994 = -1.00004e-12
time: 23	PE: 2	op: 0 - -1000 * -0.5 = -500
time: 23	PE: 3	op: 1000 - -2.03347e-07 * -1.49684e-06 = 1000
time: 23	PE: 4	op: 1000 - -0.00640304 * -6.84008e-10 = 1000
time: 23	PE: 5	op: 0.459995 - -0.00394214 * -0.61186 = 0.457583
time: 23	PE: 6	op: -5.48788e-05 - -8.47321e-14 * -0.61186 = -5.48788e-05
time: 23	PE: 7	op: 0 - -1000 * -6.84008e-10 = -6.84008e-07
time: 23	PE: 8	op: -22553.2 / -1 = 22553.2
time: 23	PE: 9	op: -1 / 1 = -1
Ax[40641] = 0
time: 24	PE: 0	op: 0 - 1 * 1e-05 = -1e-05
time: 24	PE: 1	op: 0 - -100000 * 1e-05 = 1
time: 24	PE: 2	op: 0 - -1000 * 1.49664e-06 = 0.00149664
time: 24	PE: 3	op: 0.00640236 - -0.00640304 * -6.40232e-06 = 0.00640232
time: 24	PE: 4	op: 0 - -1000 * -3.65237e-06 = -0.00365237
time: 24	PE: 5	op: 1000 - -1.00005e-12 * -6.40232e-06 = 1000
time: 24	PE: 6	op: 0 - -1000 * -5.2125e-05 = -0.052125
time: 24	PE: 7	op: 0 - -1000 * -0.5 = -500
time: 24	PE: 8	op: 1000.7 - -0.349476 * -0.000698509 = 1000.7
time: 24	PE: 9	op: -0.105657 / 21.9246 = -0.00481913
Ax[40641] = 0
time: 25	PE: 0	op: 105.062 - -100 * -1 = 5.06224
time: 25	PE: 1	op: 0 - -1000 * -0.5 = -500
time: 25	PE: 2	op: -1.03213e-12 - -1.03213e-12 * -5.56891e-09 = -1.03213e-12
time: 25	PE: 3	op: 0 - -0.349476 * -0.999651 = -0.349354
time: 25	PE: 4	op: 0.00640227 - -0.00640296 * -6.40223e-06 = 0.00640223
time: 25	PE: 5	op: 1000.01 - -1000 * -0.5 = 500.013
time: 25	PE: 6	op: -0.00513377 - -0.0104327 * -4.13298e-06 = -0.00513381
time: 25	PE: 7	op: -1000 / 1000.1 = -0.999895
time: 25	PE: 8	op: -0.349361 / 1000.7 = -0.000349117
time: 25	PE: 9	op: -1000 / 1000.7 = -0.999302
time: 25	PE: 10	op: -1000 / 2000 = -0.5
time: 25	PE: 11	op: -1000 / 1000 = -1
Ax[40641] = 0
time: 26	PE: 0	op: -0.0194126 - -0.00394214 * 0.508338 = -0.0174087
time: 26	PE: 1	op: 0 - -0.0341383 * 0.508338 = 0.0173538
time: 26	PE: 2	op: 1000 - -1.00005e-12 * -6.40223e-06 = 1000
time: 26	PE: 3	op: 0 - -1.03213e-12 * -0.999994 = -1.03212e-12
time: 26	PE: 4	op: 0 - -1.03213e-12 * -0.999994 = -1.03212e-12
time: 26	PE: 5	op: 0.459995 - -0.00394214 * -0.61186 = 0.457583
time: 26	PE: 6	op: 0 - -0.0341383 * -0.61186 = -0.0208878
time: 26	PE: 7	op: 1000 - -1000 * -0.999933 = 0.066638
time: 26	PE: 8	op: -100000 / 100032 = -0.999682
time: 26	PE: 9	op: -0.115915 / 0.126415 = -0.91694
time: 26	PE: 10	op: -0.00424848 / 1.43282 = -0.00296512
Ax[40641] = 0
time: 27	PE: 0	op: -0.0025 - -0.0391698 * 0.0364618 = -0.0010718
time: 27	PE: 1	op: -0.0524287 - -0.0524287 * -5.24373e-05 = -0.0524314
time: 27	PE: 2	op: -0.01138 - -3.86179e-12 * -1 = -0.01138
time: 27	PE: 3	op: 0 - -1000 * -6.66622e-05 = -0.0666622
time: 27	PE: 4	op: -2.2e-28 - -0.379795 * -1.01623e-11 = -3.85959e-12
time: 27	PE: 5	op: 1000 - -1.03213e-12 * -6.40223e-06 = 1000
time: 27	PE: 6	op: -1000 / 1000 = -1
time: 27	PE: 7	op: -100000 / 100000 = -1
time: 27	PE: 8	op: -100000 / 100032 = -0.999682
time: 27	PE: 9	op: -1e-12 / 0.0143885 = -6.95e-11
time: 27	PE: 10	op: -465.116 / 1 = -465.116
Ax[40641] = 0
time: 28	PE: 0	op: 0 - -1000 * -0.5 = -500
time: 28	PE: 1	op: 1000 - -0.00640296 * -6.83999e-10 = 1000
time: 28	PE: 3	op: 1000.06 - -1000 * -0.5 = 500.061
time: 28	PE: 4	op: 0.00640227 - -0.00640296 * -6.40223e-06 = 0.00640223
time: 28	PE: 5	op: 0 - -21.8179 * -4.13298e-06 = -9.01731e-05
time: 28	PE: 6	op: -1000 / 2000 = -0.5
time: 28	PE: 7	op: -4.655e-08 - -2.99378e-10 * -1.33378e-10 = -4.655e-08
time: 28	PE: 8	op: -1 / 1 = -1
time: 28	PE: 9	op: -465.116 / 1 = -465.116
Ax[40641] = 0
time: 29	PE: 0	op: 4000.14 - -1000 * -0.999948 = 3000.19
time: 29	PE: 1	op: 0 - 1 * 1e-05 = -1e-05
time: 29	PE: 2	op: 0 - -1000 * -6.40223e-06 = -0.00640223
time: 29	PE: 3	op: -0.052445 - -0.052445 * -5.24536e-05 = -0.0524477
time: 29	PE: 4	op: 0 - -1.03213e-12 * -0.999948 = -1.03208e-12
time: 29	PE: 5	op: 0 - -0.0521333 * -0.999948 = -0.0521306
time: 29	PE: 6	op: -0.0174087 / 0.457583 = -0.0380449
time: 29	PE: 7	op: 0 - -1000 * -0.000698484 = -0.698484
time: 29	PE: 8	op: 0 - -1000 * -5.2125e-05 = -0.052125
time: 29	PE: 9	op: 0 - -1000 * -5.56891e-09 = -5.56891e-06
time: 29	PE: 10	op: 1 / -1 = -1
Ax[40641] = 0
time: 30	PE: 0	op: -1e-05 / -1 = 1e-05
time: 30	PE: 1	op: 0 - -100000 * 1e-05 = 1
time: 30	PE: 2	op: 1000.39 - -0.379795 * -1 = 1000.01
time: 30	PE: 3	op: -9.70857e-13 - -3.07765e-14 * -1.03213e-15 = -9.70857e-13
time: 30	PE: 4	op: 0 - -0.00365288 * -0.999996 = -0.00365286
time: 30	PE: 5	op: 0 - -3.07765e-14 * -1 = -3.07765e-14
time: 30	PE: 6	op: -0.011408 - -3.85959e-12 * -1 = -0.011408
time: 30	PE: 7	op: 1000 - -1000 * -0.5 = 500
time: 30	PE: 8	op: 1000 - -0.0521346 * -5.56905e-09 = 1000
time: 30	PE: 9	op: -0.349354 / 1000.7 = -0.00034911
Ax[40641] = 0
time: 31	PE: 0	op: -9.70857e-13 - -3.07766e-14 * -1.03213e-15 = -9.70857e-13
time: 31	PE: 1	op: -2.2e-28 - -0.379795 * -1.01681e-11 = -3.86179e-12
time: 31	PE: 2	op: 0 - -0.0521346 * -0.999948 = -0.0521319
time: 31	PE: 3	op: 0 - -1000 * -6.66622e-05 = -0.0666622
time: 31	PE: 4	op: 0 - -1 * -1 = -1
time: 31	PE: 5	op: 0.0443937 - 0.00161933 * -4.13298e-06 = 0.0443937
time: 31	PE: 6	op: 1000 - -1.03213e-12 * -5.21263e-05 = 1000
time: 31	PE: 7	op: -0.00353404 / 0.457583 = -0.00772328
time: 31	PE: 8	op: 0 - -1000 * 2.04232e-10 = 2.04232e-07
Ax[40641] = 0
time: 32	PE: 0	op: 0 - -3.07766e-14 * -1 = -3.07766e-14
time: 32	PE: 1	op: 0 - -1000 * -6.40232e-06 = -0.00640232
time: 32	PE: 2	op: 0 - -1 * -1 = -1
time: 32	PE: 3	op: -0.0130778 / 500.013 = -2.61549e-05
time: 32	PE: 4	op: 1000.06 - -1000 * -0.5 = 500.061
time: 32	PE: 5	op: 0.052125 / 1000 = 5.2125e-05
time: 32	PE: 6	op: -0.00353404 / 0.457583 = -0.00772328
time: 32	PE: 7	op: 0.0521277 - -0.0521333 * -5.2125e-05 = 0.052125
time: 32	PE: 8	op: -1000 / 1000 = -1
time: 32	PE: 9	op: 1000 - -1000 * -0.999999 = 0.000953674
time: 32	PE: 10	op: -0.000333333 / 0.000333533 = -0.9994
Ax[40641] = 0
time: 33	PE: 0	op: 2000 - -1000 * -0.999895 = 1000.1
time: 33	PE: 1	op: 0 - 2.04267e-07 * -0.999895 = 2.04246e-07
time: 33	PE: 2	op: 0 - -1000 * -0.5 = -500
time: 33	PE: 3	op: 0 - -1000 * -1.03213e-15 = -1.03213e-12
time: 33	PE: 4	op: 0 - -0.115915 * -0.00395524 = -0.00045847
time: 33	PE: 5	op: -500 / 500.013 = -0.999974
time: 33	PE: 6	op: -1.03213e-12 / 1000 = -1.03213e-15
time: 33	PE: 7	op: -0.00513377 - -0.0104327 * -4.13298e-06 = -0.00513381
time: 33	PE: 8	op: -1000 / 1000 = -1
time: 33	PE: 9	op: -0.0524259 / 1000.1 = -5.24204e-05
time: 33	PE: 10	op: -0.00625 - -8.33333 * -1 = -8.33958
Ax[40641] = 0
time: 34	PE: 0	op: 0 - -1000 * -0.000349117 = -0.349117
time: 34	PE: 1	op: 0 - -0.00023891 * -0.999302 = -0.000238743
time: 34	PE: 2	op: 0 - -31.7901 * -0.999682 = -31.78
time: 34	PE: 3	op: -1.77687e-06 / 500.013 = -3.55365e-09
time: 34	PE: 4	op: -0.0609041 / 500.061 = -0.000121793
time: 34	PE: 5	op: 1000 - -1000 * -0.5 = 500.002
time: 34	PE: 6	op: -500 / 500.061 = -0.999878
time: 34	PE: 7	op: 0 - -1000 * -0.000698509 = -0.698509
time: 34	PE: 8	op: -0.349354 / 1000.7 = -0.00034911
time: 34	PE: 9	op: 0 - -0.00640304 * -0.999994 = -0.006403
time: 34	PE: 10	op: 1 / -3635.14 = -0.000275093
Ax[40641] = 0
time: 35	PE: 0	op: 3000.19 - -0.0666667 * -6.66622e-05 = 3000.19
time: 35	PE: 1	op: 2000.4 - -0.698484 * -0.000349117 = 2000.4
time: 35	PE: 2	op: -1e-05 / -1 = 1e-05
time: 35	PE: 4	op: 2000.04 - -1000 * -1 = 1000.04
time: 35	PE: 5	op: 0 - -31.7901 * -0.999682 = -31.78
time: 35	PE: 6	op: 0 - 1 * -1 = 1
time: 35	PE: 7	op: 0 - -21.8179 * -4.13298e-06 = -9.01731e-05
time: 35	PE: 8	op: 0 - -1000 * -0.5 = -500
time: 35	PE: 9	op: 200000 - -100000 * -1 = 100000
Ax[40641] = 0
time: 36	PE: 0	op: 1000.1 - -1000 * -0.5 = 500.105
time: 36	PE: 1	op: 0 - -1 * -465.116 = -465.116
time: 36	PE: 2	op: 0 - -1 * -465.116 = -465.116
time: 36	PE: 3	op: 100000 - -100000 * -0.999682 = 31.7968
time: 36	PE: 4	op: -5.09627e-09 / 500 = -1.01925e-11
time: 36	PE: 5	op: -500 / 500 = -1
time: 36	PE: 6	op: 0.052129 - -0.0521346 * -5.21263e-05 = 0.0521263
time: 36	PE: 7	op: 1000 - -0.00365294 * -4.96254e-10 = 1000
time: 36	PE: 8	op: 0 - -1000 * -0.5 = -500
time: 36	PE: 9	op: -1000 / 1000 = -1
time: 36	PE: 10	op: -1.00005e-12 / 0.066638 = -1.50072e-11
time: 36	PE: 11	op: -1 - 23.8995 * -0.0401614 = -0.0401614
Ax[40641] = 0
time: 37	PE: 0	op: 0 - -0.698484 * -0.999302 = -0.697996
time: 37	PE: 1	op: -2.55157e-08 - -0.00023891 * -0.000349117 = -1.08923e-07
time: 37	PE: 2	op: 0 - -1000 * -0.5 = -500
time: 37	PE: 3	op: -3.75086e-05 / 500 = -7.50171e-08
time: 37	PE: 4	op: 0 - -1000 * -0.5 = -500
time: 37	PE: 5	op: -8.27501e-06 / 500.061 = -1.6548e-08
time: 37	PE: 6	op: -0.00684266 / 0.0443937 = -0.154136
time: 37	PE: 7	op: -1.0021e-12 - -1.0021e-12 * -4.96254e-10 = -1.0021e-12
time: 37	PE: 8	op: 0 - -1000 * -4.96254e-10 = -4.96254e-07
time: 37	PE: 9	op: 0 - -0.0521346 * -0.999948 = -0.0521319
time: 37	PE: 10	op: -0.01 / 0.0100102 = -0.99898
Ax[40641] = 0
time: 38	PE: 0	op: 0 - -1000 * -0.00034911 = -0.34911
time: 38	PE: 1	op: 4000 - -1000 * -0.999302 = 3000.7
time: 38	PE: 2	op: -0.0609162 / 500.061 = -0.000121818
time: 38	PE: 3	op: 1000 - -1000 * -0.5 = 500.002
time: 38	PE: 4	op: -8.27666e-06 / 500.061 = -1.65513e-08
time: 38	PE: 5	op: -0.0174087 / 0.457583 = -0.0380449
time: 38	PE: 6	op: 0 - -0.0341383 * -0.61186 = -0.0208878
time: 38	PE: 7	op: -1 / 1 = -1
time: 38	PE: 8	op: -1 - 3634.14 * -0.000275093 = -0.000275106
time: 38	PE: 9	op: -1.03213e-12 - -1.03213e-12 * -2.27178e-10 = -1.03213e-12
time: 38	PE: 10	op: -100 / 100 = -1
Ax[40641] = 0
time: 39	PE: 1	op: 0 - -0.43664 * -0.00772328 = -0.00337229
time: 39	PE: 2	op: -7.59605e-14 - -5.48788e-05 * -0.00772328 = -4.23844e-07
time: 39	PE: 3	op: 0 - -1.00149e-12 * -1 = -1.00149e-12
time: 39	PE: 4	op: -0.037037 - -1.40235e-16 * -1 = -0.037037
time: 39	PE: 5	op: -0.349361 / 1000.7 = -0.000349118
time: 39	PE: 6	op: 1000 - -0.00365288 * -4.96245e-10 = 1000
time: 39	PE: 7	op: -0.43664 / 0.457583 = -0.954232
time: 39	PE: 8	op: -1.00005e-12 - -1.00005e-12 * -6.83999e-10 = -1.00005e-12
time: 39	PE: 9	op: 0 - -0.0666667 * -0.999933 = -0.0666622
time: 39	PE: 10	op: 1000 - -0.00640304 * -6.84008e-10 = 1000
time: 39	PE: 11	op: -1000 / 1000 = -0.999999
time: 39	PE: 12	op: -1 / 1 = -1
Ax[40641] = 0
time: 40	PE: 0	op: 0 - -0.00133333 * 1e-05 = 1.33333e-08
time: 40	PE: 1	op: 5000 - -1000 * -1 = 4000
time: 40	PE: 2	op: 4.06777 - -0.0208878 * -0.00772328 = 4.06761
time: 40	PE: 3	op: -0.0104285 - -0.00513381 * 0.0364618 = -0.0102413
time: 40	PE: 4	op: 1000 - -1.03213e-12 * -6.40232e-06 = 1000
time: 40	PE: 5	op: -1.03213e-12 / 1000 = -1.03213e-15
time: 40	PE: 6	op: 4.0773 - -0.00513381 * -0.154136 = 4.07651
time: 40	PE: 7	op: -1000 / 1000 = -1
time: 40	PE: 8	op: -2.32135e-07 / 500.002 = -4.64269e-10
time: 40	PE: 9	op: -500 / 500.002 = -0.999997
time: 40	PE: 11	op: -1.03208e-12 / 1000 = -1.03208e-15
time: 40	PE: 12	op: -1000 / 1000 = -1
time: 40	PE: 13	op: 8.33333 / 1 = 8.33333
Ax[40641] = 0
time: 41	PE: 0	op: 500 - -500 * -0.999974 = 0.0132365
time: 41	PE: 1	op: 0 - -1000 * -5.24204e-05 = -0.0524204
time: 41	PE: 2	op: 0.349154 - -0.698509 * -0.00034911 = 0.34891
time: 41	PE: 3	op: 0 - -0.0130795 * -0.999974 = -0.0130792
time: 41	PE: 4	op: -5.48788e-05 - -8.47321e-14 * -0.61186 = -5.48788e-05
time: 41	PE: 5	op: -0.00170852 / 500.002 = -3.41702e-06
time: 41	PE: 6	op: -0.104858 - -1.12027e-05 * 2.04267e-10 = -0.104858
time: 41	PE: 7	op: 1000.02 - -1000 * -0.5 = 500.025
time: 41	PE: 8	op: -1000 / 2000 = -0.5
time: 41	PE: 9	op: 1 / -1 = -1
time: 41	PE: 10	op: 0 - -1000 * 5.2125e-05 = 0.052125
time: 41	PE: 11	op: -6.99791e-08 / 26.9179 = -2.59972e-09
Ax[40641] = 0
time: 42	PE: 0	op: 2000.4 - -0.698509 * -0.00034911 = 2000.4
time: 42	PE: 1	op: 500.105 - -500 * -0.999878 = 0.165774
time: 42	PE: 2	op: 0.115915 - -0.115915 * -0.91694 = 0.00962787
time: 42	PE: 3	op: 0 - -1.0005e-12 * -1 = -1.0005e-12
time: 42	PE: 4	op: 0.0130777 - -0.0130795 * -2.61549e-05 = 0.0130773
time: 42	PE: 5	op: 1000 - -1.0005e-12 * 5.2125e-05 = 1000
time: 42	PE: 6	op: 0.00365243 / 1000 = 3.65243e-06
time: 42	PE: 7	op: 0 - -1000 * -5.21263e-05 = -0.0521263
time: 42	PE: 8	op: -0.0666622 / 0.066638 = -1.00036
time: 42	PE: 9	op: 0 - -0.0005 * -0.91694 = -0.00045847
time: 42	PE: 10	op: -100000 / 100000 = -1
Ax[40641] = 0
time: 43	PE: 0	op: 2000.4 - 2.04267e-07 * -5.24204e-05 = 2000.4
time: 43	PE: 1	op: 0 - -1000 * -0.00034911 = -0.34911
time: 43	PE: 2	op: 0 - -0.0524401 * -0.999878 = -0.0524337
time: 43	PE: 3	op: -3.89391e-08 - -3.89391e-08 * -3.55365e-09 = -3.89391e-08
time: 43	PE: 4	op: 1000 - -0.0130795 * -3.55365e-09 = 1000
time: 43	PE: 5	op: 0 - -0.00847231 * -0.999878 = -0.00847128
time: 43	PE: 6	op: 1000 - -3.89391e-08 * -2.61549e-05 = 1000
time: 43	PE: 7	op: 5.16095 - -5.48788e-05 * -0.0380449 = 5.16094
time: 43	PE: 8	op: -0.00020014 - -2.13825e-08 * -0.000698509 = -0.00020014
time: 43	PE: 9	op: -100000 / 1 = -100000
Ax[40641] = 0
time: 44	PE: 0	op: 5000 - -1000 * -1 = 4000
time: 44	PE: 2	op: 3000 - -1000 * -1 = 2000
time: 44	PE: 3	op: 4.06777 - -0.0208878 * -0.00772328 = 4.06761
time: 44	PE: 4	op: 0 - -3.90678e-08 * -1 = -3.90678e-08
time: 44	PE: 5	op: -0.00170853 / 500.002 = -3.41706e-06
time: 44	PE: 6	op: -2.32138e-07 / 500.002 = -4.64274e-10
time: 44	PE: 7	op: -500 / 500.061 = -0.999878
time: 44	PE: 8	op: -0.00871967 - -9.01731e-05 * -0.154136 = -0.00873356
time: 44	PE: 9	op: 0 - -1000 * -4.96245e-10 = -4.96245e-07
time: 44	PE: 10	op: -1000 / 1000.7 = -0.999302
time: 44	PE: 11	op: -1000 / 1000 = -1
time: 44	PE: 12	op: -0.000333333 / 0.000333533 = -0.9994
Ax[40641] = 0
time: 45	PE: 0	op: 500 - -500 * -1 = 0.000303745
time: 45	PE: 1	op: 0 - -0.00133333 * 1e-05 = 1.33333e-08
time: 45	PE: 2	op: 1000.01 - -0.0524401 * -1.6548e-08 = 1000.01
time: 45	PE: 3	op: 0 - -500 * -1.6548e-08 = -8.27401e-06
time: 45	PE: 4	op: 0 - -500 * -3.55365e-09 = -1.77682e-06
time: 45	PE: 5	op: 0 - -500 * -7.50171e-08 = -3.75086e-05
time: 45	PE: 6	op: 1000 - -1.03213e-12 * -5.2125e-05 = 1000
time: 45	PE: 7	op: 0.0173538 - -0.0208878 * -0.0380449 = 0.0165591
time: 45	PE: 8	op: -1.03212e-12 / 1000 = -1.03212e-15
time: 45	PE: 9	op: -100000 / 100000 = -1
time: 45	PE: 10	op: -1 / 1 = -1
Ax[40641] = 0
time: 46	PE: 0	op: 0 - -500 * -1.65513e-08 = -8.27565e-06
time: 46	PE: 1	op: 0.146313 - -9.01731e-05 * 0.0364618 = 0.146316
time: 46	PE: 2	op: 0 - -3.89391e-08 * -0.999974 = -3.89381e-08
time: 46	PE: 3	op: -0.00847231 - -0.00847231 * -1.6548e-08 = -0.00847231
time: 46	PE: 4	op: 1000 - -3.90678e-08 * -7.50171e-08 = 1000
time: 46	PE: 5	op: 1000.02 - -0.00847231 * -0.000121793 = 1000.02
time: 46	PE: 6	op: 0.04398 - -0.0524564 * -0.000121818 = 0.0439736
time: 46	PE: 7	op: -0.0524314 / 1000.1 = -5.24259e-05
time: 46	PE: 8	op: -1.03212e-12 / 1000 = -1.03212e-15
time: 46	PE: 9	op: -465.116 / 1 = -465.116
Ax[40641] = 0
time: 47	PE: 0	op: 0.814106 - -0.43664 * -0.954232 = 0.39745
time: 47	PE: 1	op: -1.12021e-05 - -0.104858 * -5.24204e-05 = -1.66988e-05
time: 47	PE: 2	op: 1000.01 - -0.0524564 * -1.65513e-08 = 1000.01
time: 47	PE: 3	op: 0 - -0.104858 * -0.999895 = -0.104847
time: 47	PE: 4	op: 0.349123 - -0.698484 * -0.000349118 = 0.348879
time: 47	PE: 5	op: -3.90678e-08 - -3.90678e-08 * -1.01925e-11 = -3.90678e-08
time: 47	PE: 6	op: -0.00365293 / 1000 = -3.65293e-06
time: 47	PE: 7	op: 1 / -1 = -1
time: 47	PE: 8	op: -3.84445e-12 / 0.000953674 = -4.0312e-09
time: 47	PE: 9	op: -1.3538e-07 / 17.8891 = -7.56776e-09
time: 47	PE: 10	op: -100000 / 100009 = -0.999911
Ax[40641] = 0
time: 48	PE: 0	op: 0 - -1000 * -1.03208e-15 = -1.03208e-12
time: 48	PE: 1	op: 0 - -0.0521263 * -1 = -0.0521263
time: 48	PE: 2	op: 0 - -0.0208878 * -0.954232 = -0.0199318
time: 48	PE: 3	op: 105.062 - -100 * -1 = 5.06224
time: 48	PE: 4	op: 1100.02 - -0.01 * -0.99898 = 1100.01
time: 48	PE: 5	op: 0.0439595 - -0.0524401 * -0.000121793 = 0.0439531
time: 48	PE: 6	op: -9.70857e-13 / 1000 = -9.70857e-16
time: 48	PE: 7	op: -1 / 1 = -1
time: 48	PE: 8	op: 1000 - -1.00006e-12 * -1.04479e-15 = 1000
time: 48	PE: 9	op: -1 / 1 = -1
time: 48	PE: 10	op: -18.1818 / 1 = -18.1818
Ax[40641] = 0
time: 49	PE: 0	op: 0.0132365 - -0.00020014 * -0.00034911 = 0.0132365
time: 49	PE: 1	op: -2.13751e-08 - -0.00020014 * -0.00034911 = -9.12462e-08
time: 49	PE: 2	op: 0 - -1000 * -0.000349118 = -0.349118
time: 49	PE: 3	op: -7.59605e-14 - -5.48788e-05 * -0.00772328 = -4.23844e-07
time: 49	PE: 4	op: -7.08897e-05 - 7.088e-05 * -1.50072e-11 = -7.08897e-05
time: 49	PE: 5	op: 0 - -5.48788e-05 * -0.954232 = -5.23671e-05
time: 49	PE: 6	op: 0.0521263 / 1000 = 5.21263e-05
time: 49	PE: 7	op: 1000 - -1000 * -0.999933 = 0.066638
time: 49	PE: 8	op: -1000 / 1000 = -1
time: 49	PE: 9	op: -0.0521319 / 1000 = -5.21319e-05
time: 49	PE: 10	op: 1000 - -0.0521346 * -5.56905e-09 = 1000
time: 49	PE: 11	op: -1000 / 1000.07 = -0.999933
Ax[40641] = 0
time: 50	PE: 0	op: 4000 - -1000 * -1 = 3000
time: 50	PE: 1	op: 0 - 1 * -1 = 1
time: 50	PE: 2	op: 0 - -3.74746e-05 * -1 = -3.74746e-05
time: 50	PE: 3	op: 0 - 0.00333097 * -0.999997 = 0.00333096
time: 50	PE: 4	op: 1000.01 - 0.00333097 * -4.64269e-10 = 1000.01
time: 50	PE: 5	op: 0 - -500 * -4.64269e-10 = -2.32134e-07
time: 50	PE: 6	op: 3.74304e-05 - -3.74746e-05 * -7.50171e-08 = 3.74304e-05
time: 50	PE: 7	op: -1000 / 1000 = -1
time: 50	PE: 8	op: -0.00837092 - 0.00333097 * -3.41702e-06 = -0.0083709
time: 50	PE: 9	op: -3.85959e-12 - -0.0117613 * -0.969963 = -0.011408
time: 50	PE: 10	op: -1.18e-30 / 100000 = -1.18e-35
Ax[40641] = 0
time: 51	PE: 0	op: 0.000303745 - -0.00023891 * -0.000349118 = 0.000303662
time: 51	PE: 1	op: 0 - -0.43664 * -0.00772328 = -0.00337229
time: 51	PE: 2	op: 0 - -500 * -1.01925e-11 = -5.09627e-09
time: 51	PE: 3	op: -0.00846811 - -0.00846811 * -1.65513e-08 = -0.00846811
time: 51	PE: 4	op: 0 - 1 * -1 = 1
time: 51	PE: 5	op: -3.89391e-08 / 1000 = -3.89391e-11
time: 51	PE: 6	op: 0 - -500 * -2.61549e-05 = -0.0130774
time: 51	PE: 7	op: -0.0102413 / 4.07651 = -0.00251228
time: 51	PE: 8	op: -1000 / 1000 = -1
time: 51	PE: 9	op: -0.0391698 / 0.0443937 = -0.882326
time: 51	PE: 10	op: -1 / 1 = -1
Ax[40641] = 0
time: 52	PE: 0	op: 500.105 - -500 * -0.999878 = 0.165835
time: 52	PE: 1	op: 0 - -0.698509 * -0.999302 = -0.698021
time: 52	PE: 2	op: 0 - -0.0524564 * -0.999878 = -0.05245
time: 52	PE: 3	op: 0 - -0.00020014 * -0.999302 = -0.000200001
time: 52	PE: 4	op: 4000 - -1000 * -0.999302 = 3000.7
time: 52	PE: 5	op: -0.00503977 - -0.00503977 * -4.64274e-10 = -0.00503977
time: 52	PE: 6	op: 1000.01 - 0.003331 * -4.64274e-10 = 1000.01
time: 52	PE: 7	op: 1000 - -7.088e-05 * -1.50072e-11 = 1000
time: 52	PE: 8	op: -1000 / 1000 = -1
time: 52	PE: 9	op: -3.90678e-08 / 1000 = -3.90678e-11
time: 52	PE: 10	op: -1000 / 1000 = -1
time: 52	PE: 11	op: 1 / -3635.14 = -0.000275093
Ax[40641] = 0
time: 53	PE: 0	op: 0 - 1 * -1 = 1
time: 53	PE: 1	op: 0 - -1000 * -1.03212e-15 = -1.03212e-12
time: 53	PE: 2	op: 0 - -7.088e-05 * -1.00036 = -7.09058e-05
time: 53	PE: 3	op: 1000 - -3.74746e-05 * -1.01925e-11 = 1000
time: 53	PE: 4	op: 0 - 7.088e-05 * -1.00036 = 7.09058e-05
time: 53	PE: 5	op: -3.90678e-08 / 1000 = -3.90678e-11
time: 53	PE: 6	op: -1000 / 1000 = -1
time: 53	PE: 7	op: -1.00005e-12 / 0.066638 = -1.50072e-11
time: 53	PE: 8	op: -1.00006e-12 - -1.00006e-12 * -1.41955e-19 = -1.00006e-12
time: 53	PE: 9	op: 1 / -24.8995 = -0.0401614
time: 53	PE: 10	op: 1 / -24.8995 = -0.0401614
Ax[40641] = 0
time: 54	PE: 0	op: 0.165774 - -0.104858 * -5.24259e-05 = 0.165769
time: 54	PE: 1	op: -0.0524373 - 2.04267e-07 * -5.24259e-05 = -0.0524373
time: 54	PE: 2	op: 0 - -1000 * -5.24259e-05 = -0.0524259
time: 54	PE: 3	op: 0 - -1000 * -1.03212e-15 = -1.03212e-12
time: 54	PE: 4	op: -1.03213e-12 / 1000 = -1.03213e-15
time: 54	PE: 5	op: -0.00847231 / 1000.02 = -8.47216e-06
time: 54	PE: 6	op: -1000 / 1000.02 = -0.999983
time: 54	PE: 7	op: 0.0173538 - -0.0208878 * -0.0380449 = 0.0165591
time: 54	PE: 8	op: -1000 / 1000 = -1
time: 54	PE: 9	op: 0 - -0.0666667 * -0.999933 = -0.0666622
time: 54	PE: 10	op: 1000 - -1.00006e-12 * -1.04479e-15 = 1000
Ax[40641] = 0
time: 55	PE: 0	op: 0 - -17.8891 * -7.56776e-09 = -1.3538e-07
time: 55	PE: 1	op: 0 - -1000 * -0.5 = -500
time: 55	PE: 2	op: -0.00503972 - -0.00503972 * -4.64269e-10 = -0.00503972
time: 55	PE: 3	op: 0 - -0.00503972 * -0.999997 = -0.0050397
time: 55	PE: 4	op: -3.89381e-08 / 1000 = -3.89381e-11
time: 55	PE: 5	op: -1.03213e-12 / 1000 = -1.03213e-15
time: 55	PE: 6	op: 1000.01 - -0.00503972 * -3.41702e-06 = 1000.01
time: 55	PE: 7	op: -4.06174 / 4.07651 = -0.996377
time: 55	PE: 8	op: -1.0005e-12 / 1000 = -1.0005e-15
time: 55	PE: 9	op: -0.00837101 - 0.003331 * -3.41706e-06 = -0.00837099
time: 55	PE: 10	op: -0.43664 / 0.457583 = -0.954232
time: 55	PE: 11	op: -691.489 / 1 = -691.489
Ax[40641] = 0
time: 56	PE: 0	op: 1 / -1 = -1
time: 56	PE: 1	op: 3000 - -4.96254e-07 * -3.65293e-06 = 3000
time: 56	PE: 2	op: 0 - -8.89838 * -0.999911 = -8.89759
time: 56	PE: 3	op: 5.16095 - -5.48788e-05 * -0.0380449 = 5.16094
time: 56	PE: 4	op: -4.23844e-07 / 5.16094 = -8.21254e-08
time: 56	PE: 5	op: 0 - -500 * -0.000121793 = -0.0608967
time: 56	PE: 6	op: -1.00005e-12 / 0.066638 = -1.50072e-11
time: 56	PE: 7	op: -0.10489 - -1.12062e-05 * 2.04232e-10 = -0.10489
time: 56	PE: 8	op: -5.16089 / 5.16094 = -0.99999
time: 56	PE: 9	op: -1.03208e-12 / 1000 = -1.03208e-15
time: 56	PE: 10	op: -0.0666622 / 0.066638 = -1.00036
time: 56	PE: 11	op: -465.116 / 1 = -465.116
time: 56	PE: 12	op: 200000 - -100000 * -1 = 100000
Ax[40641] = 0
time: 57	PE: 0	op: -1.03208e-12 - -1000 * -5.21319e-05 = -0.0521319
time: 57	PE: 1	op: 0 - -1.0021e-12 * -1 = -1.0021e-12
time: 57	PE: 2	op: 0.00161868 / 0.0443937 = 0.0364618
time: 57	PE: 3	op: 1000.1 - -0.052445 * 2.04232e-10 = 1000.1
time: 57	PE: 5	op: -1.00005e-12 / 0.066638 = -1.50072e-11
time: 57	PE: 6	op: 1000 - -3.07766e-14 * -1.40235e-19 = 1000
time: 57	PE: 7	op: -1.00005e-12 - -1.00005e-12 * -6.84008e-10 = -1.00005e-12
time: 57	PE: 8	op: -0.0391698 / 0.0443937 = -0.882326
time: 57	PE: 9	op: 1 / -1 = -1
time: 57	PE: 10	op: -17.8891 / 17.8891 = -1
time: 57	PE: 11	op: -1.3538e-07 / 17.8891 = -7.56776e-09
Ax[40641] = 0
time: 58	PE: 0	op: 0 - -0.0130774 * -1 = -0.0130774
time: 58	PE: 1	op: 0 - -0.00846811 * -0.999878 = -0.00846708
time: 58	PE: 2	op: 1000.02 - -0.00846811 * -0.000121818 = 1000.02
time: 58	PE: 3	op: 4.0773 - -0.00513381 * -0.154136 = 4.07651
time: 58	PE: 4	op: 0 - -1000 * 5.21263e-05 = 0.0521263
time: 58	PE: 5	op: -0.00847128 / 1000.02 = -8.47113e-06
time: 58	PE: 6	op: 0.00365237 / 1000 = 3.65237e-06
time: 58	PE: 7	op: -0.00365286 / 1000 = -3.65286e-06
time: 58	PE: 8	op: -3.07765e-14 / 1000 = -3.07765e-17
time: 58	PE: 9	op: 3.05178e-09 - -1.8298e-07 * -4.99012e-11 = 3.05178e-09
time: 58	PE: 10	op: -1 / 1 = -1
time: 58	PE: 11	op: -1 / 1 = -1
time: 58	PE: 12	op: -1.18986e-12 / 1 = -1.18986e-12
time: 58	PE: 13	op: -2325.58 / 1 = -2325.58
Ax[40641] = 0
time: 59	PE: 0	op: 0 - 0.052125 * -1 = 0.052125
time: 59	PE: 2	op: 0.39745 - -0.0391698 * -0.882326 = 0.362889
time: 59	PE: 3	op: -1.0021e-12 - -1.0021e-12 * -3.65293e-06 = -1.0021e-12
time: 59	PE: 4	op: 0 - -0.00513381 * -0.882326 = -0.0045297
time: 59	PE: 5	op: 1000 - 0.0130773 * -3.89391e-11 = 1000
time: 59	PE: 6	op: -1.77682e-06 - -0.0130774 * -3.89391e-11 = -1.77682e-06
time: 59	PE: 7	op: 1000 - -1.0021e-12 * 3.65243e-06 = 1000
time: 59	PE: 8	op: 0 - 1 * -0.000275093 = 0.000275093
time: 59	PE: 9	op: -8.89838 / 100009 = -8.89759e-05
time: 59	PE: 10	op: -100000 / 100000 = -1
time: 59	PE: 11	op: -24.8995 / 1 = -24.8995
Ax[40641] = 0
time: 60	PE: 0	op: 4000 - -1000 * -1 = 3000
time: 60	PE: 1	op: 3000.19 - -0.0666622 * -1.00036 = 3000.12
time: 60	PE: 2	op: 0 - -3.75086e-05 * -1 = -3.75086e-05
time: 60	PE: 3	op: 0 - -1000 * -3.90678e-11 = -3.90678e-08
time: 60	PE: 4	op: -0.0025 - -9.01731e-05 * -0.882326 = -0.00257956
time: 60	PE: 5	op: -3.74746e-05 - 3.74304e-05 * -3.90678e-11 = -3.74746e-05
time: 60	PE: 6	op: 0 - 0.0130773 * -1 = 0.0130773
time: 60	PE: 7	op: 1000.01 - -0.00503977 * -3.41706e-06 = 1000.01
time: 60	PE: 8	op: -0.00365243 - -4.96254e-07 * 3.65243e-06 = -0.00365243
time: 60	PE: 9	op: 0 - -2e-31 * -1 = -2e-31
time: 60	PE: 10	op: -1000 / 1000 = -0.999999
Ax[40641] = 0
time: 61	PE: 0	op: 3000 - -1000 * -1 = 2000
time: 61	PE: 1	op: 0 - -0.052125 * -1 = -0.052125
time: 61	PE: 2	op: 2000.4 - -1000 * -1 = 1000.4
time: 61	PE: 3	op: 0.000303662 - -3.75086e-05 * -3.90678e-11 = 0.000303662
time: 61	PE: 4	op: 0 - -4.06174 * -0.00251228 = -0.0102042
time: 61	PE: 5	op: -1.0005e-12 - -1.0005e-12 * -5.56905e-09 = -1.0005e-12
time: 61	PE: 6	op: 0 - -1000 * -3.89391e-11 = -3.89391e-08
time: 61	PE: 7	op: 0 - -500 * -3.41702e-06 = -0.00170851
time: 61	PE: 8	op: 1000 - -4.48722e-14 * -1.41955e-19 = 1000
time: 61	PE: 9	op: -0.5 / 2.5 = -0.2
time: 61	PE: 10	op: -1e-12 / 6.01288 = -1.6631e-13
Ax[40641] = 0
time: 62	PE: 1	op: 1000.01 - 0.0439531 * -8.47216e-06 = 1000.01
time: 62	PE: 2	op: 0 - 0.0439531 * -0.999983 = 0.0439524
time: 62	PE: 4	op: 1 / -1 = -1
time: 62	PE: 5	op: 0 - -0.0666622 * -1.50072e-11 = -1.00041e-12
time: 62	PE: 6	op: 0 - -1000 * -3.90678e-11 = -3.90678e-08
time: 62	PE: 7	op: -4.23844e-07 / 5.16094 = -8.21254e-08
time: 62	PE: 8	op: -500 / 500.002 = -0.999997
time: 62	PE: 9	op: -5.16089 / 5.16094 = -0.99999
time: 62	PE: 10	op: 0 - -1000 * -6.40223e-06 = -0.00640223
time: 62	PE: 11	op: -1 - 23.8995 * -0.0401614 = -0.0401614
time: 62	PE: 12	op: -2.40228e-12 / 0.01 = -2.40228e-10
time: 62	PE: 13	op: -1000 / 1000 = -1
Ax[40641] = 0
time: 63	PE: 0	op: 0 - -0.0608967 * -0.999983 = -0.0608957
time: 63	PE: 2	op: 0.814106 - -0.43664 * -0.954232 = 0.39745
time: 63	PE: 3	op: -8.27401e-06 - -0.0608967 * -8.47216e-06 = -8.78993e-06
time: 63	PE: 4	op: 0.0132365 - -0.0130774 * -3.89381e-11 = 0.0132365
time: 63	PE: 6	op: 0 - 3.74304e-05 * -1 = 3.74304e-05
time: 63	PE: 7	op: 4.06761 - -4.06174 * -0.996377 = 0.0205901
time: 63	PE: 8	op: 1000 - 3.74304e-05 * -3.90678e-11 = 1000
time: 63	PE: 10	op: -9.70857e-13 / 1000 = -9.70857e-16
time: 63	PE: 11	op: 100000 - -100000 * -1 = 0
time: 63	PE: 12	op: -0.0142857 - -18.1818 * -1 = -18.1961
Ax[40641] = 0
time: 64	PE: 0	op: 0 - -0.00133333 * -1 = -0.00133333
time: 64	PE: 1	op: 0 - -1000 * -1.0005e-15 = -1.0005e-12
time: 64	PE: 2	op: 0 - -0.0208878 * -0.954232 = -0.0199318
time: 64	PE: 3	op: 0 - -7.09078e-05 * -1.00036 = -7.09336e-05
time: 64	PE: 4	op: 0 - -5.48788e-05 * -0.954232 = -5.23671e-05
time: 64	PE: 5	op: 0.146316 - -0.00873356 * -0.00251228 = 0.146294
time: 64	PE: 6	op: 0 - 7.09078e-05 * -1.00036 = 7.09336e-05
time: 64	PE: 7	op: -5.09627e-09 - -3.75086e-05 * -3.90678e-11 = -5.09627e-09
time: 64	PE: 8	op: -0.00503972 / 1000.01 = -5.03966e-06
time: 64	PE: 9	op: 0 - -0.00873356 * -0.996377 = -0.00870192
time: 64	PE: 10	op: 0 - -0.0391698 * -0.154136 = -0.00603746
time: 64	PE: 11	op: -691.489 / 1 = -691.489
Ax[40641] = 0
time: 65	PE: 0	op: 0 - -1000 * -1.03208e-15 = -1.03208e-12
time: 65	PE: 1	op: 0 - -1000 * -3.89381e-11 = -3.89381e-08
time: 65	PE: 2	op: 0 - -1000 * -8.47216e-06 = -0.00847216
time: 65	PE: 3	op: 3000 - -1000 * -1 = 2000
time: 65	PE: 4	op: 0 - -17.8891 * -7.56776e-09 = -1.3538e-07
time: 65	PE: 5	op: -7.09175e-05 - 7.09078e-05 * -1.50072e-11 = -7.09175e-05
time: 65	PE: 6	op: -0.00846708 / 1000.02 = -8.46694e-06
time: 65	PE: 7	op: -0.0524477 / 1000.1 = -5.24422e-05
time: 65	PE: 8	op: -0.0524422 / 1000.1 = -5.24367e-05
time: 65	PE: 9	op: 0 - -0.0666622 * -1.50072e-11 = -1.00041e-12
time: 65	PE: 10	op: 1000 - 0.00640232 * -1.03213e-15 = 1000
Ax[40641] = 0
time: 66	PE: 0	op: 3000 - -1000 * -1 = 2000
time: 66	PE: 1	op: 0 - -1000 * -8.47113e-06 = -0.00847113
time: 66	PE: 3	op: 5.06224 - -1 * -1 = 4.06224
time: 66	PE: 4	op: -1.00082e-12 - -1 * -1.18986e-12 = -2.19068e-12
time: 66	PE: 5	op: -1.00082e-12 - -1.18986e-12 * -1 = -2.19068e-12
time: 66	PE: 6	op: 0 - -1 * -2325.58 = -2325.58
time: 66	PE: 7	op: 0.0130773 / 1000 = 1.30773e-05
time: 66	PE: 8	op: -1000 / 1000.02 = -0.999983
time: 66	PE: 9	op: 1000 - 7.09078e-05 * -1.50072e-11 = 1000
time: 66	PE: 10	op: -0.0050397 / 1000.01 = -5.03965e-06
time: 66	PE: 11	op: -1.18986e-12 / 1 = -1.18986e-12
Ax[40641] = 0
time: 67	PE: 0	op: 3000.12 - -0.052125 * -1.03208e-15 = 3000.12
time: 67	PE: 1	op: -0.0025 - -9.01731e-05 * -0.882326 = -0.00257956
time: 67	PE: 2	op: 0.165769 - -0.0608967 * -8.47113e-06 = 0.165768
time: 67	PE: 3	op: 5.06224 - -1 * -1 = 4.06224
time: 67	PE: 4	op: -0.037037 - -1000 * -3.07765e-17 = -0.037037
time: 67	PE: 5	op: -1.00082e-12 - -1.18986e-12 * -1 = -2.19068e-12
time: 67	PE: 6	op: -1.00149e-12 - -1.00149e-12 * -3.07765e-17 = -1.00149e-12
time: 67	PE: 7	op: -4.06174 / 4.07651 = -0.996377
time: 67	PE: 8	op: 1000 - -1.00149e-12 * -9.70857e-16 = 1000
time: 67	PE: 9	op: -1000 / 1000 = -1
time: 67	PE: 10	op: 1000 - -4.48724e-14 * -1.41955e-19 = 1000
Ax[40641] = 0
time: 68	PE: 0	op: 0.0830078 - -1.40235e-16 * -3.07765e-17 = 0.0830078
time: 68	PE: 1	op: -0.0524337 - 0.0439531 * -8.47113e-06 = -0.0524333
time: 68	PE: 2	op: 3000 - -4.96245e-07 * -3.65286e-06 = 3000
time: 68	PE: 3	op: -0.0025 - 0.0165591 * -0.99999 = 0.0140589
time: 68	PE: 4	op: 0 - -0.0666622 * -1.50072e-11 = -1.00041e-12
time: 68	PE: 5	op: -0.00846811 / 1000.02 = -8.46797e-06
time: 68	PE: 6	op: 0 - -1000 * -0.5 = -500
time: 68	PE: 7	op: -1.03213e-12 - -1.40235e-16 * -9.70857e-16 = -1.03213e-12
time: 68	PE: 8	op: -0.000133333 - -4.96245e-07 * -1 = -0.00013383
time: 68	PE: 9	op: -1000 / 1000 = -0.999999
Ax[40641] = 0
time: 69	PE: 0	op: 0.39745 - -0.0391698 * -0.882326 = 0.362889
time: 69	PE: 1	op: 18.0354 - -9.01731e-05 * 0.0364618 = 18.0354
time: 69	PE: 2	op: -0.0130792 - 0.0130773 * -3.89381e-11 = -0.0130792
time: 69	PE: 3	op: 0 - -1.0005e-12 * -1 = -1.0005e-12
time: 69	PE: 4	op: 200001 - -100000 * -1 = 100001
time: 69	PE: 5	op: 0 - -1000 * 3.65243e-06 = 0.00365243
time: 69	PE: 6	op: -1000 / 1000.01 = -0.99999
time: 69	PE: 7	op: -1000 / 1000.01 = -0.99999
time: 69	PE: 8	op: -0.0045297 / 4.07651 = -0.00111117
time: 69	PE: 9	op: 0 - -0.0666622 * -1.50072e-11 = -1.00041e-12
time: 69	PE: 10	op: 200000 - -100000 * -1 = 100000
Ax[40641] = 0
time: 70	PE: 0	op: 0 - -0.00133333 * -1 = -0.00133333
time: 70	PE: 1	op: 1100.02 - -2.40228e-12 * -2.40228e-10 = 1100.02
time: 70	PE: 2	op: 0 - 0.003331 * -0.999997 = 0.00333099
time: 70	PE: 3	op: -0.0025 - -0.0391698 * 0.0364618 = -0.0010718
time: 70	PE: 4	op: -0.0104285 - -0.00513381 * 0.0364618 = -0.0102413
time: 70	PE: 5	op: 0 - -0.00503977 * -0.999997 = -0.00503975
time: 70	PE: 6	op: -1000 / 1000.1 = -0.999895
time: 70	PE: 7	op: -5.23671e-05 / 5.16094 = -1.01468e-05
time: 70	PE: 8	op: 0 - -100000 * -8.89759e-05 = -8.89759
time: 70	PE: 9	op: -8.89838 / 100009 = -8.89759e-05
time: 70	PE: 10	op: -100000 / 100009 = -0.999911
Ax[40641] = 0
time: 71	PE: 0	op: 4.06761 - 0.0165591 * -8.21254e-08 = 4.06761
time: 71	PE: 1	op: -0.0025 - 0.0165591 * -0.99999 = 0.0140589
time: 71	PE: 2	op: 0 - -1.3538e-07 * -1 = -1.3538e-07
time: 71	PE: 3	op: 0 - -0.00513381 * -0.882326 = -0.0045297
time: 71	PE: 4	op: -0.0010718 - -0.00603746 * -0.00251228 = -0.00108697
time: 71	PE: 5	op: 3.74304e-05 / 1000 = 3.74304e-08
time: 71	PE: 6	op: 0.0205901 - 0.0165591 * -8.21254e-08 = 0.0205901
time: 71	PE: 7	op: -5.23671e-05 / 5.16094 = -1.01468e-05
time: 71	PE: 8	op: 31.7901 - -31.7901 * -0.0003178 = 31.78
time: 71	PE: 9	op: -1.1274e-05 / 0.000165357 = -0.0681794
time: 71	PE: 10	op: -8.33958 / 1 = -8.33958
Ax[40641] = 0
time: 72	PE: 0	op: 2000 - -1000 * -0.999983 = 1000.02
time: 72	PE: 1	op: 1000 - -7.09078e-05 * -1.50072e-11 = 1000
time: 72	PE: 2	op: 8.89838 - -8.89838 * -8.89759e-05 = 8.89759
time: 72	PE: 3	op: -1.33333e-06 - -1.18e-30 * -1 = -1.33333e-06
time: 72	PE: 4	op: -3.74746e-05 / 1000 = -3.74746e-08
time: 72	PE: 5	op: -0.00503977 / 1000.01 = -5.03972e-06
time: 72	PE: 6	op: -7.09175e-05 / 1000 = -7.09175e-08
time: 72	PE: 7	op: 0 - -1000 * -9.70857e-16 = -9.70857e-13
time: 72	PE: 8	op: 0.00641026 / 1 = 0.00641026
time: 72	PE: 9	op: -1.18e-30 / 100000 = -1.18e-35
Ax[40641] = 0
time: 73	PE: 0	op: 0 - -1000 * -8.46694e-06 = -0.00846694
time: 73	PE: 1	op: 2000.4 - 2.04232e-07 * -5.24367e-05 = 2000.4
time: 73	PE: 2	op: -1.12056e-05 - -0.10489 * -5.24367e-05 = -1.67057e-05
time: 73	PE: 3	op: -0.05245 - 0.0439736 * -8.46694e-06 = -0.0524496
time: 73	PE: 4	op: 0 - -1000 * -5.24367e-05 = -0.0524367
time: 73	PE: 5	op: -0.00871967 - -9.01731e-05 * -0.154136 = -0.00873356
time: 73	PE: 6	op: 0 - -0.0391698 * -0.154136 = -0.00603746
time: 73	PE: 7	op: -1.03213e-12 - -1.40235e-16 * -9.70857e-16 = -1.03213e-12
time: 73	PE: 8	op: -1 - 3634.14 * -0.000275093 = -0.000275106
time: 73	PE: 9	op: 1 / -24.8995 = -0.0401614
Ax[40641] = 0
time: 74	PE: 0	op: 2000 - -3.89391e-08 * 1.30773e-05 = 2000
time: 74	PE: 1	op: 0 - -1000 * 1.30773e-05 = 0.0130773
time: 74	PE: 2	op: 3000.12 - -1e-12 * -1.6631e-13 = 3000.12
time: 74	PE: 3	op: 0.362889 - -1.18986e-12 * -1.18986e-12 = 0.362889
time: 74	PE: 4	op: -0.0130774 - -1.77682e-06 * 1.30773e-05 = -0.0130774
time: 74	PE: 5	op: -1.0021e-12 - -1.0021e-12 * -4.96245e-10 = -1.0021e-12
time: 74	PE: 6	op: 0 - -500 * -0.000121818 = -0.0609088
time: 74	PE: 7	op: -1.00149e-12 / 1000 = -1.00149e-15
time: 74	PE: 8	op: 0 - -1000 * -9.70857e-16 = -9.70857e-13
time: 74	PE: 9	op: 0.335796 - -1e-12 * -1e-14 = 0.335796
time: 74	PE: 10	op: -4 / 1 = -4
Ax[40641] = 0
time: 75	PE: 0	op: 0 - -3.89391e-08 * -1 = -3.89391e-08
time: 75	PE: 1	op: 0.362889 - -1.18986e-12 * -1.18986e-12 = 0.362889
time: 75	PE: 2	op: 0.165835 - -0.10489 * -5.24422e-05 = 0.16583
time: 75	PE: 3	op: 18.0354 - -17.8891 * -1 = 0.146317
time: 75	PE: 4	op: 1000 - 7.088e-05 * -1.50072e-11 = 1000
time: 75	PE: 5	op: -2.32134e-07 - -0.00170851 * -5.03966e-06 = -2.40745e-07
time: 75	PE: 6	op: -9.63422e-09 - -7.09078e-05 * -1.50072e-11 = -9.63422e-09
time: 75	PE: 7	op: 0 - -1000 * -6.40232e-06 = -0.00640232
time: 75	PE: 8	op: 1000 - -1000 * -1 = 0.000366211
time: 75	PE: 9	op: -2e-31 / 100000 = -2e-36
Ax[40641] = 0
time: 76	PE: 0	op: -0.0524536 - 2.04232e-07 * -5.24422e-05 = -0.0524536
time: 76	PE: 1	op: 1000.01 - 0.0439736 * -8.46797e-06 = 1000.01
time: 76	PE: 2	op: 0 - 0.0439736 * -0.999983 = 0.0439729
time: 76	PE: 3	op: 0 - -1000 * -5.24422e-05 = -0.0524422
time: 76	PE: 4	op: 0 - -1000 * -8.46797e-06 = -0.00846797
time: 76	PE: 5	op: -0.0130792 / 1000 = -1.30792e-05
time: 76	PE: 6	op: 0 - -0.43664 * -0.0380449 = -0.0166119
time: 76	PE: 7	op: -0.0025 - -5.16089 * -8.21254e-08 = -0.00250042
time: 76	PE: 8	op: -1000 / 1000 = -1
time: 76	PE: 9	op: 1000.39 - -0.0117315 * -0.0299636 = 1000.39
time: 76	PE: 10	op: 1000.25 - -1000 * -1 = 0.249019
Ax[40641] = 0
time: 77	PE: 1	op: 0 - -1.77682e-06 * -1 = -1.77682e-06
time: 77	PE: 4	op: -0.00257956 - -0.00873356 * -0.00111117 = -0.00258927
time: 77	PE: 5	op: -1.00082e-12 - -1 * -1.18986e-12 = -2.19068e-12
time: 77	PE: 6	op: -0.00337229 - -0.00603746 * -0.996377 = -0.00938788
time: 77	PE: 7	op: 0 - -0.0083709 * -0.99999 = -0.00837082
time: 77	PE: 8	op: -0.0102042 / 0.0205901 = -0.495588
time: 77	PE: 9	op: -1000 / 1000 = -1
time: 77	PE: 10	op: -2325.58 / 1 = -2325.58
time: 77	PE: 11	op: 3.20513 / 1 = 3.20513
Ax[40641] = 0
time: 78	PE: 0	op: 1000.02 - 0.052125 * -1.0005e-15 = 1000.02
time: 78	PE: 1	op: 2000 - -1000 * -0.999895 = 1000.1
time: 78	PE: 2	op: 3000 - -1000 * -0.99999 = 2000.01
time: 78	PE: 3	op: 3000 - -1000 * -0.99999 = 2000.01
time: 78	PE: 4	op: 0 - -5.16089 * -1.01468e-05 = -5.23665e-05
time: 78	PE: 5	op: 0 - -0.10489 * -0.999895 = -0.104879
time: 78	PE: 6	op: 0 - 2.04232e-07 * -0.999895 = 2.04211e-07
time: 78	PE: 7	op: 0.00333096 - -0.0083709 * -5.03965e-06 = 0.00333091
time: 78	PE: 8	op: -1.00044e-12 - -1.0005e-12 * -5.21319e-05 = -1.0005e-12
time: 78	PE: 9	op: -1000 / 1000 = -1
time: 78	PE: 10	op: 0 - 1 * -0.000275093 = 0.000275093
time: 78	PE: 11	op: 1000.07 - -1000 * -0.999933 = 0.137134
time: 78	PE: 12	op: 1000 - 0.0521263 * -1.03213e-15 = 1000
Ax[40641] = 0
time: 79	PE: 0	op: 0 - -1000 * 3.74304e-08 = 3.74304e-05
time: 79	PE: 1	op: -0.0199318 - -4.06174 * -0.00111117 = -0.0244451
time: 79	PE: 2	op: -0.0199318 - 0.0165591 * -1.01468e-05 = -0.0199317
time: 79	PE: 3	op: 0 - -0.00640223 * -1 = -0.00640223
time: 79	PE: 4	op: 0 - -8.89838 * -0.999911 = -8.89759
time: 79	PE: 5	op: -0.00365237 - -4.96245e-07 * 3.65237e-06 = -0.00365237
time: 79	PE: 6	op: -1000 / 1000 = -1
time: 79	PE: 7	op: 100000 - -1.18e-30 * -1.18e-35 = 100000
time: 79	PE: 8	op: -1 / 1 = -1
time: 79	PE: 9	op: -3.33333e-05 - -100000 * -1.18e-35 = -3.33333e-05
Ax[40641] = 0
time: 80	PE: 0	op: 2000 - -1000 * -0.999983 = 1000.02
time: 80	PE: 2	op: 3000.12 - -0.00640223 * -1.03212e-15 = 3000.12
time: 80	PE: 3	op: 0.000303662 - -5.09627e-09 * -3.74746e-08 = 0.000303662
time: 80	PE: 6	op: 0 - -1.0021e-12 * -1 = -1.0021e-12
time: 80	PE: 7	op: -1.0021e-12 - -1.0021e-12 * -3.65286e-06 = -1.0021e-12
time: 80	PE: 8	op: 1000 - -1.0021e-12 * 3.65237e-06 = 1000
time: 80	PE: 9	op: 0 - -1000 * -5.03966e-06 = -0.00503966
time: 80	PE: 10	op: -3.86179e-12 - -0.0117315 * -0.970036 = -0.01138
time: 80	PE: 11	op: 0 - -100000 * -8.89759e-05 = -8.89759
time: 80	PE: 12	op: -24.8995 / 1 = -24.8995
time: 80	PE: 13	op: -0.00641026 / -0.0401614 = 0.159613
Ax[40641] = 0
time: 81	PE: 0	op: 0.362889 - -0.00603746 * -0.00111117 = 0.362883
time: 81	PE: 1	op: 0 - -0.0609088 * -0.999983 = -0.0609078
time: 81	PE: 2	op: 31.7968 - -1.18e-30 * -1.18e-35 = 31.7968
time: 81	PE: 3	op: 0 - -0.00837099 * -0.99999 = -0.00837091
time: 81	PE: 4	op: -3.90678e-08 - -3.90678e-08 * -3.74746e-08 = -3.90678e-08
time: 81	PE: 5	op: -8.27565e-06 - -0.0609088 * -8.46797e-06 = -8.79143e-06
time: 81	PE: 6	op: -0.00337229 - -0.00603746 * -0.996377 = -0.00938788
time: 81	PE: 7	op: 4.06761 - -4.06174 * -0.996377 = 0.0205901
time: 81	PE: 8	op: -7.08897e-05 / 1000 = -7.08897e-08
time: 81	PE: 9	op: -1000 / 1000 = -1
time: 81	PE: 10	op: 0 - -100000 * -0.0003178 = -31.78
time: 81	PE: 11	op: 1000 - -0.0521333 * -5.56891e-09 = 1000
time: 81	PE: 12	op: -1000 / 1000 = -1
Ax[40641] = 0
time: 82	PE: 0	op: 0.362889 - -0.0166119 * -1.01468e-05 = 0.362889
time: 82	PE: 2	op: 0 - -5.16089 * -1.01468e-05 = -5.23665e-05
time: 82	PE: 3	op: 0 - -500 * -4.64274e-10 = -2.32137e-07
time: 82	PE: 4	op: 1000.01 - -0.00837099 * -5.03972e-06 = 1000.01
time: 82	PE: 5	op: -0.00503975 / 1000.01 = -5.0397e-06
time: 82	PE: 6	op: 1000 - -1.00149e-12 * -9.70857e-16 = 1000
time: 82	PE: 7	op: 3000 - -1000 * -1 = 2000
time: 82	PE: 8	op: 3.05178e-09 - -1.8298e-07 * -4.99012e-11 = 3.05178e-09
time: 82	PE: 9	op: 0.00641026 / -0.0401614 = -0.159613
Ax[40641] = 0
time: 83	PE: 0	op: -3.75086e-05 - -5.09627e-09 * 3.74304e-08 = -3.75086e-05
time: 83	PE: 1	op: 0.16583 - -0.0609088 * -8.46694e-06 = 0.165829
time: 83	PE: 2	op: 1000.04 - -9.70857e-13 * -1.00149e-15 = 1000.04
time: 83	PE: 3	op: 0 - -1000 * -1.00149e-15 = -1.00149e-12
time: 83	PE: 4	op: 0 - -0.00640232 * -1 = -0.00640232
time: 83	PE: 5	op: -0.0102413 / 4.07651 = -0.00251228
time: 83	PE: 6	op: -0.0045297 / 4.07651 = -0.00111117
time: 83	PE: 7	op: -0.0521306 / 1000 = -5.21306e-05
time: 83	PE: 8	op: 100001 - -100000 * -0.999911 = 10.1958
time: 83	PE: 9	op: 0.000363417 - -0.000333333 * -0.9994 = 3.02838e-05
time: 83	PE: 10	op: -1000 - -1000 * -1.03213e-15 = -1000
Ax[40641] = 0
time: 84	PE: 0	op: 1000.02 - -3.90678e-08 * 3.74304e-08 = 1000.02
time: 84	PE: 1	op: 0.0132365 - -1.77682e-06 * -1.30792e-05 = 0.0132365
time: 84	PE: 3	op: 2000.04 - -1000 * -1 = 1000.04
time: 84	PE: 4	op: 0 - -1.00149e-12 * -1 = -1.00149e-12
time: 84	PE: 5	op: 1000 - -1.0005e-12 * 5.21263e-05 = 1000
time: 84	PE: 6	op: 0 - -500 * -3.41706e-06 = -0.00170853
time: 84	PE: 7	op: -1.0021e-12 / 1000 = -1.0021e-15
time: 84	PE: 8	op: 7.09058e-05 / 1000 = 7.09058e-08
time: 84	PE: 9	op: -0.037037 - -1.03213e-12 * -1.00149e-15 = -0.037037
time: 84	PE: 10	op: -100000 / 100000 = -0.999998
Ax[40641] = 0
time: 85	PE: 0	op: 0.146294 - -0.00870192 * -0.495588 = 0.141982
time: 85	PE: 1	op: 0 - -0.00365243 * -1 = -0.00365243
time: 85	PE: 2	op: -3.89381e-08 - -3.89391e-08 * -1.30792e-05 = -3.89386e-08
time: 85	PE: 3	op: -0.0244451 - 0.0165591 * -1.01468e-05 = -0.024445
time: 85	PE: 4	op: 1000.01 - -0.0083709 * -5.03966e-06 = 1000.01
time: 85	PE: 5	op: 0.0140589 / 0.0205901 = 0.6828
time: 85	PE: 6	op: 0 - -1000 * -5.56905e-09 = -5.56905e-06
time: 85	PE: 7	op: -1.00149e-12 / 1000 = -1.00149e-15
time: 85	PE: 8	op: -1000 / 1000 = -1
Ax[40641] = 0
time: 86	PE: 0	op: 0 - -3.90678e-08 * -1 = -3.90678e-08
time: 86	PE: 1	op: 0 - -5.09627e-09 * -1 = -5.09627e-09
time: 86	PE: 4	op: 0 - -0.43664 * -0.0380449 = -0.0166119
time: 86	PE: 5	op: 0 - -1000 * 3.65237e-06 = 0.00365237
time: 86	PE: 6	op: -31.78 / 31.78 = -1
time: 86	PE: 7	op: -1000 - 0.0521263 * -1 = -999.948
time: 86	PE: 8	op: -0.006403 - 0.00640232 * -1.03212e-15 = -0.006403
time: 86	PE: 9	op: -0.248814 / 0.249019 = -0.999178
time: 86	PE: 10	op: 8.33333 / 1 = 8.33333
Ax[40641] = 0
time: 87	PE: 0	op: 4000 - -1000 * -1 = 3000
time: 87	PE: 1	op: 4000 - -1000 * -1 = 3000
time: 87	PE: 2	op: 0 - -1000 * -1.30792e-05 = -0.0130792
time: 87	PE: 3	op: 0 - -0.00873356 * -0.996377 = -0.00870192
time: 87	PE: 4	op: 0 - -1.03213e-12 * -1 = -1.03213e-12
time: 87	PE: 5	op: -1.08923e-07 / 0.000303662 = -0.000358699
time: 87	PE: 6	op: -0.000238743 / 0.000303662 = -0.786214
time: 87	PE: 7	op: 0.0140589 / 0.0205901 = 0.6828
time: 87	PE: 8	op: -9.63044e-09 - -7.088e-05 * -1.50072e-11 = -9.63044e-09
time: 87	PE: 9	op: -0.00938788 - -0.0166119 * -8.21254e-08 = -0.00938788
time: 87	PE: 10	op: -1.3538e-07 - -0.00250042 * -0.495588 = -0.00123931
time: 87	PE: 11	op: -100000 / 100000 = -1
Ax[40641] = 0
time: 88	PE: 0	op: 0 - -1000 * -3.74746e-08 = -3.74746e-05
time: 88	PE: 1	op: 1000.01 - -1000 * -1 = 0.0114746
time: 88	PE: 2	op: -0.037037 - -1.40235e-16 * -1 = -0.037037
time: 88	PE: 3	op: -1000 / 1000 = -1
time: 88	PE: 4	op: -1.00041e-12 - -1.00041e-12 * -7.09175e-08 = -1.00041e-12
time: 88	PE: 5	op: 31.7901 - -31.7901 * -0.0003178 = 31.78
time: 88	PE: 6	op: 0 - -0.00170851 * -0.99999 = -0.00170849
time: 88	PE: 7	op: -1000 - 0.00640223 * -1 = -999.994
time: 88	PE: 8	op: 0.0516798 - -1.8298e-07 * -1.33378e-10 = 0.0516798
time: 88	PE: 9	op: -1.18e-30 / 100000 = -1.18e-35
time: 88	PE: 10	op: 0 - 1 * -1 = 1
Ax[40641] = 0
time: 89	PE: 0	op: 3000.12 - -1000 * -1 = 2000.12
time: 89	PE: 1	op: 0 - -1.00041e-12 * -1 = -1.00041e-12
time: 89	PE: 2	op: 0 - -9.70857e-13 * -1 = -9.70857e-13
time: 89	PE: 3	op: -1.0021e-12 / 1000 = -1.0021e-15
time: 89	PE: 4	op: -0.0025 - -5.16089 * -8.21254e-08 = -0.00250042
time: 89	PE: 5	op: -0.00837091 / 1000.01 = -8.37087e-06
time: 89	PE: 6	op: 1000 - -9.63422e-09 * -7.09175e-08 = 1000
time: 89	PE: 7	op: -1000 / 1000.01 = -0.999995
time: 89	PE: 8	op: -0.0352393 / 0.137134 = -0.256971
time: 89	PE: 9	op: -100000 / 100000 = -1
time: 89	PE: 10	op: -1 / 1 = -1
Ax[40641] = 0
time: 90	PE: 0	op: -3.75086e-05 / 0.000303662 = -0.123521
time: 90	PE: 1	op: -0.0130774 / 0.0132365 = -0.987986
time: 90	PE: 2	op: -9.12462e-08 / 0.0132365 = -6.89355e-06
time: 90	PE: 3	op: -0.000200001 / 0.0132365 = -0.0151098
time: 90	PE: 4	op: -1.77682e-06 / 0.0132365 = -0.000134237
time: 90	PE: 5	op: 0.00333099 - -0.00837099 * -5.0397e-06 = 0.00333095
time: 90	PE: 6	op: 8.89838 - -8.89838 * -8.89759e-05 = 8.89759
time: 90	PE: 7	op: -1.0005e-12 / 1000 = -1.0005e-15
time: 90	PE: 8	op: -1000 / 1000 = -1
time: 90	PE: 9	op: 0 - -1000 * -5.03972e-06 = -0.00503972
time: 90	PE: 10	op: -1.0021e-12 / 1000 = -1.0021e-15
time: 90	PE: 12	op: 1000 - -1.00007e-12 * -4.0312e-09 = 1000
time: 90	PE: 13	op: -3635.14 / 1 = -3635.14
Ax[40641] = 0
time: 91	PE: 0	op: 0.362889 - -0.00603746 * -0.00111117 = 0.362882
time: 91	PE: 1	op: 0 - -4.06174 * -0.00251228 = -0.0102042
time: 91	PE: 2	op: -0.0010718 - -0.00603746 * -0.00251228 = -0.00108697
time: 91	PE: 3	op: -2.32137e-07 - -0.00170853 * -5.03972e-06 = -2.40747e-07
time: 91	PE: 4	op: -1.0021e-12 / 1000 = -1.0021e-15
time: 91	PE: 5	op: -0.024445 / 0.0205901 = -1.18722
time: 91	PE: 6	op: -1000 / 1000 = -1
time: 91	PE: 7	op: -1.0005e-12 / 1000 = -1.0005e-15
time: 91	PE: 8	op: -1 / 1 = -1
time: 91	PE: 9	op: -3.20513 / 1 = -3.20513
time: 91	PE: 10	op: 1 / -1 = -1
time: 91	PE: 11	op: 0 - -1000 * -5.0397e-06 = -0.0050397
Ax[40641] = 0
time: 92	PE: 0	op: -1.03208e-12 - -1000 * -5.21306e-05 = -0.0521306
time: 92	PE: 1	op: 0.362883 - -0.0166119 * -1.01468e-05 = 0.362882
time: 92	PE: 2	op: -5.09627e-09 / 0.000303662 = -1.67827e-05
time: 92	PE: 4	op: -1.00044e-12 - -1.0005e-12 * -5.21306e-05 = -1.0005e-12
time: 92	PE: 5	op: -1.00041e-12 - -1.00041e-12 * -7.08897e-08 = -1.00041e-12
time: 92	PE: 6	op: -5.90855e-11 / 31.78 = -1.8592e-12
time: 92	PE: 7	op: 1000.39 - -0.379795 * -1 = 1000.01
time: 92	PE: 8	op: 500.025 - -500 * -0.999997 = 0.0262349
time: 92	PE: 9	op: 0 - -0.0521333 * -0.999948 = -0.0521306
time: 92	PE: 10	op: -3635.14 / 1 = -3635.14
Ax[40641] = 0
time: 93	PE: 0	op: -0.0521263 - -5.56905e-06 * -1 = -0.0521319
time: 93	PE: 1	op: 0.0830078 - -1.03213e-12 * -1.00149e-15 = 0.0830078
time: 93	PE: 2	op: 0 - -1000 * -1.00149e-15 = -1.00149e-12
time: 93	PE: 3	op: 0.146317 - -0.00873356 * -0.00251228 = 0.146295
time: 93	PE: 4	op: -0.00257956 - -0.00873356 * -0.00111117 = -0.00258927
time: 93	PE: 5	op: 0 - -1000 * -7.08897e-08 = -7.08897e-05
time: 93	PE: 6	op: -3.07766e-14 / 1000 = -3.07766e-17
time: 93	PE: 7	op: -1000 - 0.00640232 * -1 = -999.994
time: 93	PE: 8	op: -1 / 1 = -1
time: 93	PE: 9	op: -100000 / -0.000275106 = 3.63497e+08
time: 93	PE: 10	op: -2325.58 / 1 = -2325.58
Ax[40641] = 0
time: 94	PE: 0	op: 3000 - -1000 * -1 = 2000
time: 94	PE: 1	op: 0 - -1000 * 7.09058e-08 = 7.09058e-05
time: 94	PE: 2	op: -0.0199317 - -4.06174 * -0.00111117 = -0.024445
time: 94	PE: 3	op: 0 - -9.63044e-09 * -1 = -9.63044e-09
time: 94	PE: 4	op: 0.00333091 / 1000.01 = 3.3309e-06
time: 94	PE: 5	op: 1000 - -9.63044e-09 * -7.08897e-08 = 1000
time: 94	PE: 6	op: 0 - -1000 * -7.09175e-08 = -7.09175e-05
time: 94	PE: 7	op: -1000 / 1000.01 = -0.999995
time: 94	PE: 8	op: -1 - 3634.14 * -0.000275093 = -0.000275106
time: 94	PE: 9	op: -1000 - 0.052125 * -1 = -999.948
time: 94	PE: 10	op: 3.05178e-09 / 0.0516798 = 5.90516e-08
time: 94	PE: 11	op: 0 - -1 * 8.33333 = 8.33333
Ax[40641] = 0
time: 95	PE: 0	op: 0.052125 - -3.90678e-08 * -0.000358699 = 0.052125
time: 95	PE: 1	op: 0 - -3.90678e-08 * -0.786214 = -3.07156e-08
time: 95	PE: 2	op: 2000.12 - -1.00041e-12 * 7.09058e-08 = 2000.12
time: 95	PE: 3	op: -0.697996 - 0.348879 * -0.786214 = -0.423703
time: 95	PE: 4	op: -1.00149e-12 / 1000 = -1.00149e-15
time: 95	PE: 5	op: -1000 / 1000 = -1
time: 95	PE: 6	op: 7.09336e-05 / 1000 = 7.09336e-08
time: 95	PE: 7	op: 0 - 1 * -0.000275093 = 0.000275093
time: 95	PE: 8	op: 0 - -0.00170853 * -0.99999 = -0.00170851
time: 95	PE: 9	op: 1000 - -1000 * -0.999999 = 0.000953674
time: 95	PE: 10	op: -3635.14 / 1 = -3635.14
Ax[40641] = 0
time: 96	PE: 0	op: 1000.4 - 0.348879 * -0.000358699 = 1000.4
time: 96	PE: 1	op: 0 - -1.00041e-12 * -1 = -1.00041e-12
time: 96	PE: 2	op: 0 - -3.74746e-05 * -0.000358699 = -1.34421e-08
time: 96	PE: 3	op: -1.3538e-07 - -0.00870192 * 0.6828 = 0.00594154
time: 96	PE: 4	op: 0.00333095 / 1000.01 = 3.33093e-06
time: 96	PE: 5	op: -0.0521263 - -5.56905e-06 * 5.21263e-05 = -0.0521263
time: 96	PE: 6	op: 100000 - -100000 * -0.999682 = 31.7968
time: 96	PE: 7	op: 5.16472 - -1.3538e-07 * -7.56776e-09 = 5.16472
time: 96	PE: 8	op: 0 - -0.0166119 * -0.99999 = -0.0166117
time: 96	PE: 9	op: -1000 / 1000 = -1
Ax[40641] = 0
time: 97	PE: 0	op: 3000 - -1000 * -1 = 2000
time: 97	PE: 1	op: 2000.01 - -0.00503972 * -8.37087e-06 = 2000.01
time: 97	PE: 2	op: 0 - -1000 * -8.37087e-06 = -0.00837087
time: 97	PE: 3	op: 0 - -9.63422e-09 * -1 = -9.63422e-09
time: 97	PE: 4	op: 200001 - -100000 * -1 = 100001
time: 97	PE: 5	op: -1000 / 1000 = -1
time: 97	PE: 6	op: -8.41421e-12 / 31.78 = -2.64764e-13
time: 97	PE: 7	op: -31.78 / 31.78 = -1
time: 97	PE: 9	op: 0 - -100000 * 1705.43 = 1.70543e+08
time: 97	PE: 10	op: 0.000363417 - -0.000333333 * -0.9994 = 3.02838e-05
time: 97	PE: 12	op: -1.2987 / 1 = -1.2987
Ax[40641] = 0
time: 98	PE: 0	op: 1000.02 - -3.89386e-08 * -0.987986 = 1000.02
time: 98	PE: 1	op: 1000.02 - -3.90678e-08 * -0.123521 = 1000.02
time: 98	PE: 2	op: 0 - -3.89386e-08 * -6.89355e-06 = -2.68425e-13
time: 98	PE: 3	op: -3.89391e-08 - -3.89386e-08 * -0.000134237 = -3.89443e-08
time: 98	PE: 4	op: 0 - -3.89386e-08 * -0.0151098 = -5.88356e-10
time: 98	PE: 5	op: 0.0130773 - -0.0130792 * -0.987986 = 0.000155321
time: 98	PE: 7	op: 0 - -0.349118 * -0.123521 = -0.0431233
time: 98	PE: 8	op: 0 - -1000 * -5.03965e-06 = -0.00503965
time: 98	PE: 9	op: -0.349117 - -0.349118 * -0.000358699 = -0.349243
time: 98	PE: 10	op: 0 - 0.34891 * -0.000134237 = 4.68368e-05
time: 98	PE: 11	op: -7.69231e-05 - -1.18e-30 * -1 = -7.69231e-05
time: 98	PE: 12	op: 0 - -3.74746e-05 * -0.786214 = -2.9463e-05
time: 98	PE: 13	op: -1000 / 1000 = -1
Ax[40641] = 0
time: 99	PE: 0	op: -0.0521319 - 0.0521263 * -1.0005e-15 = -0.0521319
time: 99	PE: 1	op: 0 - 0.34891 * -0.987986 = 0.344718
time: 99	PE: 2	op: -0.698021 - 0.34891 * -0.0151098 = -0.692749
time: 99	PE: 3	op: -5.23665e-05 - -0.00250042 * -1.18722 = -0.00302091
time: 99	PE: 4	op: 0 - -0.0130792 * -6.89355e-06 = -9.01619e-08
time: 99	PE: 5	op: 3000.7 - -0.349118 * -0.786214 = 3000.42
time: 99	PE: 6	op: 3.74304e-05 - -3.74746e-05 * -0.123521 = 3.28015e-05
time: 99	PE: 7	op: 5.16472 - -1.3538e-07 * -7.56776e-09 = 5.16472
time: 99	PE: 8	op: -0.000133333 - -1000 * -3.65286e-06 = -0.0037862
time: 99	PE: 9	op: -1000 / 1000 = -1
Ax[40641] = 0
time: 100	PE: 0	op: -3.90678e-08 - -3.90678e-08 * -1.67827e-05 = -3.90684e-08
time: 100	PE: 1	op: -1.0005e-12 - 0.348879 * -0.123521 = 0.0430938
time: 100	PE: 2	op: 0 - -0.34911 * -0.987986 = -0.344916
time: 100	PE: 3	op: 2000 - -1000 * -1 = 1000
time: 100	PE: 4	op: -0.34911 - -0.34911 * -6.89355e-06 = -0.349113
time: 100	PE: 5	op: 0.0114746 - -3.74746e-05 * -1.67827e-05 = 0.0114746
time: 100	PE: 6	op: 0 - -0.34911 * -0.000134237 = -4.68636e-05
time: 100	PE: 7	op: 0 - -0.349118 * -1.67827e-05 = -5.85914e-06
time: 100	PE: 8	op: 0 - -0.00503972 * -0.999995 = -0.00503969
time: 100	PE: 9	op: -1.12445e-10 / 70.922 = -1.58547e-12
time: 100	PE: 10	op: 1000.26 - -0.257971 * -0.340344 = 1000.17
Ax[40641] = 0
time: 101	PE: 0	op: 2000.4 - 0.34891 * -6.89355e-06 = 2000.4
time: 101	PE: 1	op: 0 - 0.348879 * -1.67827e-05 = 5.85513e-06
time: 101	PE: 2	op: 0 - -0.0130792 * -0.0151098 = -0.000197624
time: 101	PE: 3	op: 0 - -0.00365237 * -1 = -0.00365237
time: 101	PE: 4	op: -0.00258927 - -0.00870192 * -1.18722 = -0.0129203
time: 101	PE: 5	op: -1 - 23.8995 * -0.0401614 = -0.0401614
time: 101	PE: 6	op: 1000.01 - -1000 * -1 = 0.0114136
time: 101	PE: 7	op: 1000.02 - -1000 * -0.5 = 500.025
time: 101	PE: 8	op: -3635.14 / 1 = -3635.14
Ax[40641] = 0
time: 102	PE: 0	op: -0.0521319 - -0.0521263 * -1.0005e-15 = -0.0521319
time: 102	PE: 1	op: 0 - -1000 * -1.0005e-15 = -1.0005e-12
time: 102	PE: 2	op: 0 - -0.0521263 * -1 = -0.0521263
time: 102	PE: 3	op: 0 - -0.00503966 * -0.999995 = -0.00503964
time: 102	PE: 4	op: 0 - -9.38897e-12 * -1 = -9.38897e-12
time: 102	PE: 5	op: -7.09058e-05 - -9.63044e-09 * 7.09058e-08 = -7.09058e-05
time: 102	PE: 6	op: -0.00837082 / 1000.01 = -8.37078e-06
time: 102	PE: 7	op: -9.63044e-09 / 1000 = -9.63044e-12
time: 102	PE: 8	op: 1.84431e-12 - -2.8449e-12 * -4.0312e-09 = 1.84431e-12
time: 102	PE: 9	op: -0.335796 / 0.335796 = -1
Ax[40641] = 0
time: 103	PE: 1	op: 2000 - -1000 * -1 = 1000
time: 103	PE: 3	op: 3000.7 - -0.34911 * -0.0151098 = 3000.69
time: 103	PE: 4	op: 0 - -9.70857e-13 * -1 = -9.70857e-13
time: 103	PE: 6	op: 1000.04 - -9.70857e-13 * -1.00149e-15 = 1000.04
time: 103	PE: 7	op: 0 - -1000 * -1.00149e-15 = -1.00149e-12
time: 103	PE: 8	op: -1.00149e-12 - -1.00149e-12 * -3.07766e-17 = -1.00149e-12
time: 103	PE: 9	op: -0.0102042 / 0.0205901 = -0.495588
time: 103	PE: 10	op: 6.57462 - -2.99378e-10 * -4.99012e-11 = 6.57462
time: 103	PE: 11	op: -0.00170851 - -2.40747e-07 * -8.37087e-06 = -0.00170851
Ax[40641] = 0
time: 104	PE: 0	op: 1000.02 - 0.0521263 * -1.0005e-15 = 1000.02
time: 104	PE: 1	op: -2.68425e-13 - 0.0521263 * -1 = 0.0521263
time: 104	PE: 2	op: 0 - -1.03213e-12 * -1 = -1.03213e-12
time: 104	PE: 3	op: 0 - -1000 * 7.09336e-08 = 7.09336e-05
time: 104	PE: 4	op: 0 - -1000 * -1.0021e-15 = -1.0021e-12
time: 104	PE: 5	op: -0.037037 - -1000 * -3.07766e-17 = -0.037037
time: 104	PE: 6	op: 0 - 1 * -1 = 1
time: 104	PE: 7	op: 0 - -1 * -2325.58 = -2325.58
time: 104	PE: 8	op: -1.0005e-12 / 1000 = -1.0005e-15
time: 104	PE: 9	op: -5.90855e-11 / 31.78 = -1.8592e-12
Ax[40641] = 0
time: 105	PE: 1	op: 3000.42 - -1000 * -0.999995 = 2000.43
time: 105	PE: 2	op: 2000.01 - -0.00365243 * -1.0021e-15 = 2000.01
time: 105	PE: 3	op: 0 - -9.38897e-12 * -1 = -9.38897e-12
time: 105	PE: 4	op: -7.09336e-05 - -9.63422e-09 * 7.09336e-08 = -7.09336e-05
time: 105	PE: 5	op: 0 - -1 * -1 = -1
time: 105	PE: 6	op: -0.024445 / 0.0205901 = -1.18722
time: 105	PE: 7	op: -4.42388e-10 - -9.38897e-12 * -1.8592e-12 = -4.42388e-10
time: 105	PE: 9	op: 0 - 1 * -0.000275093 = 0.000275093
time: 105	PE: 10	op: 100000 - -6.99791e-08 * -2.59972e-09 = 100000
Ax[40641] = 0
time: 106	PE: 0	op: 0.344718 - -1000 * -1.0005e-15 = 0.344718
time: 106	PE: 1	op: 0.115915 - -9.38897e-12 * -2.64764e-13 = 0.115915
time: 106	PE: 2	op: 0 - -1000 * -1.0021e-15 = -1.0021e-12
time: 106	PE: 3	op: -4.43362e-10 - -5.81108e-11 * -2.64764e-13 = -4.43362e-10
time: 106	PE: 4	op: -9.63422e-09 / 1000 = -9.63422e-12
time: 106	PE: 5	op: -8.41421e-12 / 31.78 = -2.64764e-13
time: 106	PE: 6	op: 5.16472 - -5.16089 * -0.99999 = 0.00388668
time: 106	PE: 7	op: -5.22343e-16 / 0.000953674 = -5.47717e-13
time: 106	PE: 8	op: 0 - -31.78 * -1.8592e-12 = -5.90855e-11
time: 106	PE: 9	op: 0 - -100 * -1e-14 = -1e-12
time: 106	PE: 10	op: -1000 / 1000.17 = -0.99983
Ax[40641] = 0
time: 107	PE: 0	op: 2000.4 - -1000 * -1 = 1000.4
time: 107	PE: 1	op: -1.3538e-07 - -0.00870192 * 0.6828 = 0.00594154
time: 107	PE: 2	op: -0.037037 - -9.70857e-13 * -1.00149e-15 = -0.037037
time: 107	PE: 3	op: -0.00938788 - -0.0166119 * -8.21254e-08 = -0.00938788
time: 107	PE: 4	op: 0 - -100000 * -0.0003178 = -31.78
time: 107	PE: 5	op: 100000 - -100000 * -1 = 0
time: 107	PE: 6	op: 0 - -2.40747e-07 * -0.999995 = -2.40746e-07
time: 107	PE: 7	op: -1000 - -1000 * -1.03213e-15 = -1000
time: 107	PE: 8	op: -0.006403 / 1000 = -6.403e-06
time: 107	PE: 9	op: -1e-12 / 6.01288 = -1.6631e-13
time: 107	PE: 10	op: -2 / 1 = -2
Ax[40641] = 0
time: 108	PE: 0	op: 2000.01 - -0.00365237 * -1.0021e-15 = 2000.01
time: 108	PE: 1	op: 0 - -5.81108e-11 * -1 = -5.81108e-11
time: 108	PE: 2	op: 0 - -1.00041e-12 * -1 = -1.00041e-12
time: 108	PE: 3	op: 3634.14 - -1 * -3635.14 = -1
time: 108	PE: 4	op: -1.03213e-12 - -1.03213e-12 * -2.27181e-10 = -1.03213e-12
time: 108	PE: 5	op: 4.15917 - -0.0740297 * -0.00481913 = 4.15882
time: 108	PE: 6	op: -3.33333e-05 - -1.18e-30 * -1 = -3.33333e-05
time: 108	PE: 7	op: 1000 - 0.052125 * -1.03213e-15 = 1000
Ax[40641] = 0
time: 109	PE: 0	op: 3000.69 - -1000 * -0.999995 = 2000.7
time: 109	PE: 1	op: 0 - -5.81108e-11 * -1 = -5.81108e-11
time: 109	PE: 2	op: -1.33333e-06 - -1.18e-30 * -1 = -1.33333e-06
time: 109	PE: 3	op: -1000 / 1000 = -1
time: 109	PE: 4	op: 1000.04 - -1000 * -1 = 0.0370469
time: 109	PE: 5	op: 3634.14 - -1 * -3635.14 = -1
time: 109	PE: 6	op: 0 - -0.0516797 * 5.90516e-08 = 3.05177e-09
time: 109	PE: 7	op: -0.0050397 - -0.00503972 * 3.33093e-06 = -0.00503968
time: 109	PE: 8	op: -0.0516797 / 0.0516798 = -0.999996
time: 109	PE: 9	op: -2e-31 / -0.000275106 = 7.26993e-28
time: 109	PE: 10	op: -18.1961 / -0.000275106 = 66142.2
Ax[40641] = 0
time: 110	PE: 0	op: 1000 - -7.08897e-05 * -9.63044e-12 = 1000
time: 110	PE: 1	op: 0.362882 - -0.335796 * -1 = 0.0270866
time: 110	PE: 2	op: -1.00041e-12 - -1.00041e-12 * -9.63044e-12 = -1.00041e-12
time: 110	PE: 3	op: 1 / -1 = -1
time: 110	PE: 4	op: 0 - 0.000275093 * 3.63497e+08 = -99995.3
time: 110	PE: 5	op: -2325.58 / 1 = -2325.58
time: 110	PE: 6	op: 0 - -1000 * 3.3309e-06 = 0.0033309
time: 110	PE: 7	op: -0.00503965 - -0.00503966 * 3.3309e-06 = -0.00503963
time: 110	PE: 8	op: 0 - -1000 * -5.56905e-09 = -5.56905e-06
time: 110	PE: 9	op: -1.18e-30 / 100000 = -1.18e-35
time: 110	PE: 10	op: -0.0142857 - -18.1818 * -1 = -18.1961
Ax[40641] = 0
time: 111	PE: 0	op: 2000.43 - -1000 * -1 = 1000.43
time: 111	PE: 1	op: 2000.01 - -0.00503966 * -8.37078e-06 = 2000.01
time: 111	PE: 2	op: 0.146295 - -0.00870192 * -0.495588 = 0.141982
time: 111	PE: 3	op: 0 - -1000 * -8.37078e-06 = -0.00837078
time: 111	PE: 4	op: -9.70857e-13 - -1000 * -9.63044e-12 = -9.63141e-09
time: 111	PE: 5	op: -7.09058e-05 / 1000 = -7.09058e-08
time: 111	PE: 6	op: 0 - 1.84431e-12 * -1 = 1.84431e-12
time: 111	PE: 7	op: -5.22346e-16 / 0.000953674 = -5.4772e-13
time: 111	PE: 8	op: 0.000366211 - 0.00365243 * -1.0021e-15 = 0.000366211
time: 111	PE: 9	op: -1 / 1 = -1
Ax[40641] = 0
time: 112	PE: 0	op: -0.0521306 - 0.052125 * -1.0005e-15 = -0.0521306
time: 112	PE: 1	op: 0 - -1000 * -1.0005e-15 = -1.0005e-12
time: 112	PE: 2	op: -1.3538e-07 - -0.00250042 * -0.495588 = -0.00123931
time: 112	PE: 3	op: 0 - -1000 * -5.56891e-09 = -5.56891e-06
time: 112	PE: 4	op: -1.00149e-12 - -7.09175e-05 * -1 = -7.09175e-05
time: 112	PE: 5	op: -0.037037 - -1.03213e-12 * -1.00149e-15 = -0.037037
time: 112	PE: 6	op: 500.025 - -500 * -0.999997 = 0.0262349
time: 112	PE: 7	op: 1000.07 - -1000 * -0.999933 = 0.137134
time: 112	PE: 8	op: -5.56891e-06 - -0.052125 * -1.03213e-15 = -5.56891e-06
Ax[40641] = 0
time: 113	PE: 0	op: 0.362882 - -0.00938788 * -1.18722 = 0.351737
time: 113	PE: 1	op: -0.00258927 - -0.00870192 * -1.18722 = -0.0129203
time: 113	PE: 2	op: -0.00108697 - -0.00938788 * -0.495588 = -0.00573948
time: 113	PE: 3	op: -0.00108697 - -0.00938788 * -0.495588 = -0.00573948
time: 113	PE: 4	op: -7.09336e-05 / 1000 = -7.09336e-08
time: 113	PE: 5	op: -1.00149e-12 / 1000 = -1.00149e-15
time: 113	PE: 6	op: 1000 - -1000 * -1 = 0.000366211
time: 113	PE: 7	op: -0.000133333 - -4.96254e-07 * -1 = -0.00013383
time: 113	PE: 8	op: -0.0166117 - -0.00938788 * 0.6828 = -0.0102017
time: 113	PE: 9	op: 1000.25 - -1000 * -1 = 0.249019
Ax[40641] = 0
time: 114	PE: 1	op: -5.23665e-05 - -0.00250042 * -1.18722 = -0.00302091
time: 114	PE: 2	op: 31.7968 - -31.78 * -1 = 0.0167885
time: 114	PE: 4	op: 8.89759 - -5.81108e-11 * -1.8592e-12 = 8.89759
time: 114	PE: 5	op: -1 / 1 = -1
time: 114	PE: 6	op: -1.33333e-06 - -100000 * -1.18e-35 = -1.33333e-06
time: 114	PE: 7	op: -0.0521306 - 0.052125 * -1.03208e-15 = -0.0521306
time: 114	PE: 8	op: -999.994 / 1000 = -0.999994
time: 114	PE: 9	op: -1000 - -1000 * -1.03213e-15 = -1000
Ax[40641] = 0
time: 115	PE: 0	op: 2000.12 - -1000 * -0.99983 = 1000.29
time: 115	PE: 1	op: -1.03212e-12 - -1000 * -6.403e-06 = -0.006403
time: 115	PE: 2	op: 0 - -31.78 * -2.64764e-13 = -8.41421e-12
time: 115	PE: 3	op: 0 - -31.78 * -2.64764e-13 = -8.41421e-12
time: 115	PE: 4	op: -1 - 3634.14 * -0.000275093 = -0.000275106
time: 115	PE: 5	op: 3634.14 - -1 * -3635.14 = -1
time: 115	PE: 6	op: -0.000133333 - -1000 * -3.65293e-06 = -0.00378626
time: 115	PE: 7	op: -0.000222222 - 0.00365237 * -1 = 0.00343014
time: 115	PE: 8	op: -3.84447e-12 / 0.000953674 = -4.03122e-09
time: 115	PE: 9	op: -100000 / 1 = -100000
time: 115	PE: 10	op: -2 / 1 = -2
Ax[40641] = 0
time: 116	PE: 0	op: 1000 - -7.09175e-05 * -9.63422e-12 = 1000
time: 116	PE: 1	op: 0.0270866 - -0.00938788 * -1.18722 = 0.0159412
time: 116	PE: 2	op: -1.00041e-12 - -1.00041e-12 * -9.63422e-12 = -1.00041e-12
time: 116	PE: 3	op: -9.70857e-13 - -1000 * -9.63422e-12 = -9.63519e-09
time: 116	PE: 4	op: 8.89759 - -5.81108e-11 * -1.8592e-12 = 8.89759
time: 116	PE: 5	op: 0 - -31.78 * -1.8592e-12 = -5.90855e-11
time: 116	PE: 6	op: 31.7968 - -31.78 * -1 = 0.0167885
time: 116	PE: 7	op: 0 - -2.40745e-07 * -0.999995 = -2.40744e-07
time: 116	PE: 8	op: -999.948 / 1000 = -0.999948
time: 116	PE: 9	op: -0.0005 / 100000 = -5e-09
time: 116	PE: 10	op: -2e-07 / 0.0002002 = -0.000999001
Ax[40641] = 0
time: 117	PE: 0	op: -4.43362e-10 - -5.81108e-11 * -2.64764e-13 = -4.43362e-10
time: 117	PE: 1	op: 0.00962787 - -9.38897e-12 * -2.64764e-13 = 0.00962787
time: 117	PE: 2	op: 1000.04 - -1000 * -1 = 0.0370469
time: 117	PE: 3	op: -1.00149e-12 - -7.08897e-05 * -1 = -7.08897e-05
time: 117	PE: 4	op: -4.42388e-10 - -9.38897e-12 * -1.8592e-12 = -4.42388e-10
time: 117	PE: 5	op: 0.00822284 - -0.0326097 * -0.00481913 = 0.00806569
time: 117	PE: 6	op: -0.0521319 - 0.0521263 * -1.03208e-15 = -0.0521319
time: 117	PE: 7	op: 0.0516798 - -1.8298e-07 * -1.33378e-10 = 0.0516798
time: 117	PE: 8	op: -1.18e-30 / 100000 = -1.18e-35
time: 117	PE: 9	op: -4 / 1 = -4
Ax[40641] = 0
time: 118	PE: 0	op: -0.052125 - -5.56891e-06 * -1 = -0.0521306
time: 118	PE: 1	op: 0 - -1.00041e-12 * -1 = -1.00041e-12
time: 118	PE: 2	op: 3634.14 - -1 * -3635.14 = -1
time: 118	PE: 3	op: 200000 - -1.18e-30 * -1.18e-35 = 200000
time: 118	PE: 4	op: 0 - 8.33333 * -1 = 8.33333
time: 118	PE: 5	op: -0.00170849 - -2.40745e-07 * -8.37078e-06 = -0.00170849
time: 118	PE: 6	op: 0 - -100000 * -1 = -100000
time: 118	PE: 7	op: -4.655e-08 - -2.99378e-10 * -1.33378e-10 = -4.655e-08
Ax[40641] = 0
time: 119	PE: 0	op: 7.09058e-05 - -7.08897e-05 * -7.09058e-08 = 7.09058e-05
time: 119	PE: 1	op: -0.052125 - -5.56891e-06 * 5.2125e-05 = -0.052125
time: 119	PE: 2	op: 7000.07 - -1000 * -0.999948 = 6000.12
time: 119	PE: 3	op: 0.0114136 - -0.0130792 * -0.000134237 = 0.0114118
time: 119	PE: 4	op: -7.69231e-05 - -100000 * -1.18e-35 = -7.69231e-05
time: 119	PE: 5	op: 0 - -2e-31 * 310.078 = 6.20155e-29
time: 119	PE: 6	op: -3.38064e-05 / 0.249019 = -0.000135758
time: 119	PE: 7	op: -1.03213e-12 / 1000 = -1.03213e-15
time: 119	PE: 8	op: -0.0352393 / 0.137134 = -0.25697
time: 119	PE: 9	op: -1 / 1 = -1
Ax[40641] = 0
time: 120	PE: 0	op: 0 - -1000 * -7.09058e-08 = -7.09058e-05
time: 120	PE: 1	op: -5.81108e-11 / 8.89759 = -6.53107e-12
time: 120	PE: 2	op: 0 - -1 * -100000 = -100000
time: 120	PE: 3	op: -8.89759 / 8.89759 = -1
time: 120	PE: 4	op: 0.0262349 - -0.00170853 * -5.0397e-06 = 0.0262349
time: 120	PE: 5	op: 1.00201e+06 - -1.12445e-10 * -1.58547e-12 = 1.00201e+06
time: 120	PE: 6	op: -1.33333e-06 - -100000 * -1.18e-35 = -1.33333e-06
time: 120	PE: 7	op: 0 - -1e-12 * -1 = -1e-12
time: 120	PE: 8	op: 1000.42 - -0.208105 * -0.999178 = 1000.21
time: 120	PE: 9	op: -1 / 1 = -1
Ax[40641] = 0
time: 121	PE: 0	op: 1000.29 - -1.00041e-12 * -7.09058e-08 = 1000.29
time: 121	PE: 1	op: 7.09336e-05 - -7.09175e-05 * -7.09336e-08 = 7.09336e-05
time: 121	PE: 2	op: 0 - -1000 * -1.00149e-15 = -1.00149e-12
time: 121	PE: 3	op: -0.037037 - -9.70857e-13 * -1.00149e-15 = -0.037037
time: 121	PE: 4	op: 0 - 0.000275093 * 7.26993e-28 = -1.99991e-31
time: 121	PE: 5	op: -1.00007e-12 - -1.00007e-12 * -5.4772e-13 = -1.00007e-12
time: 121	PE: 6	op: 1000 - -2.84492e-12 * -5.4772e-13 = 1000
time: 121	PE: 7	op: -9.55328e-13 - -4.48724e-14 * -1.04479e-15 = -9.55328e-13
time: 121	PE: 8	op: 0.000366211 - 0.00365237 * -1.0021e-15 = 0.000366211
Ax[40641] = 0
time: 122	PE: 0	op: 2000 - -1000 * -0.999994 = 1000.01
time: 122	PE: 1	op: 0 - -1000 * -7.09336e-08 = -7.09336e-05
time: 122	PE: 2	op: -9.63519e-09 / 0.0370469 = -2.60081e-07
time: 122	PE: 3	op: -4.43362e-10 / 8.89759 = -4.98295e-11
time: 122	PE: 4	op: -5.81108e-11 / 8.89759 = -6.53107e-12
time: 122	PE: 5	op: -8.89759 / 8.89759 = -1
time: 122	PE: 6	op: 6.57462 - -2.99378e-10 * -4.99012e-11 = 6.57462
time: 122	PE: 7	op: 0.0262349 - -0.00170851 * -5.03965e-06 = 0.0262349
time: 122	PE: 8	op: -0.167395 - -0.0407435 * -0.999178 = -0.208105
time: 122	PE: 9	op: 0 - -1.00006e-12 * -1 = -1.00006e-12
Ax[40641] = 0
time: 123	PE: 0	op: -9.63141e-09 / 0.0370469 = -2.59979e-07
time: 123	PE: 1	op: -0.037037 / 0.0370469 = -0.999734
time: 123	PE: 2	op: -4.43362e-10 / 8.89759 = -4.98295e-11
time: 123	PE: 3	op: 5.16472 - -5.16089 * -0.99999 = 0.00388668
time: 123	PE: 4	op: 0 - -0.0166119 * -0.99999 = -0.0166117
time: 123	PE: 5	op: -7.69231e-05 - -100000 * -1.18e-35 = -7.69231e-05
time: 123	PE: 6	op: 0 - -2e-31 * -465.116 = -9.30233e-29
time: 123	PE: 7	op: 0 - -1000 * -6.83999e-10 = -6.83999e-07
time: 123	PE: 8	op: 0 - -100000 * -1 = -100000
time: 123	PE: 9	op: -0.248815 / 0.249019 = -0.99918
time: 123	PE: 10	op: -100000 / -0.000275106 = 3.63497e+08
Ax[40641] = 0
time: 124	PE: 0	op: -0.0521306 - -5.56891e-06 * -0.999948 = -0.0521361
time: 124	PE: 1	op: 1000.02 - -1000 * -0.999948 = 0.0690622
time: 124	PE: 2	op: 100000 - -0.0005 * -5e-09 = 100000
time: 124	PE: 3	op: 0 - -1 * -2e-31 = -2e-31
time: 124	PE: 4	op: 0 - -0.00640296 * -0.999994 = -0.00640292
time: 124	PE: 5	op: 1000 - -2.8449e-12 * -5.47717e-13 = 1000
time: 124	PE: 6	op: 0 - -100000 * -5e-09 = -0.0005
time: 124	PE: 7	op: -0.0516797 / 0.0516798 = -0.999996
time: 124	PE: 8	op: 0 - -1 * 8.33958 = 8.33958
time: 124	PE: 9	op: -2.46305e-06 - -1.18e-30 * -1 = -2.46305e-06
time: 124	PE: 10	op: 18.1961 / -0.000275106 = -66142.2
Ax[40641] = 0
time: 125	PE: 0	op: 0 - -0.052125 * -1 = -0.052125
time: 125	PE: 1	op: 0 - -1 * -100000 = -100000
time: 125	PE: 2	op: -1.00007e-12 - -1.00007e-12 * -5.47717e-13 = -1.00007e-12
time: 125	PE: 3	op: 0.00822272 - -0.0326096 * -0.00481913 = 0.00806557
time: 125	PE: 4	op: 0 - -2e-31 * -1 = -2e-31
time: 125	PE: 5	op: -7.69231e-05 - -1.18e-30 * -1 = -7.69231e-05
time: 125	PE: 6	op: -999.948 / 1000 = -0.999948
time: 125	PE: 7	op: -0.0521319 / 1000 = -5.21319e-05
time: 125	PE: 8	op: -100000 / 100000 = -1
time: 125	PE: 9	op: 18.1818 / 1 = 18.1818
time: 125	PE: 10	op: 1 / -1 = -1
Ax[40641] = 0
time: 126	PE: 0	op: -7.09058e-05 / 0.0370469 = -0.00191395
time: 126	PE: 1	op: 6000.12 - -1000 * -0.999994 = 5000.13
time: 126	PE: 2	op: 200000 - -100000 * -0.999998 = 100000
time: 126	PE: 3	op: 0.0167885 - -1.18e-30 * -1.18e-35 = 0.0167885
time: 126	PE: 4	op: -0.0037862 - 0.00365237 * -1.0021e-15 = -0.0037862
time: 126	PE: 5	op: 0.17668 - -0.0516797 * -0.999996 = 0.125
time: 126	PE: 6	op: 3.05178e-09 / 0.0516798 = 5.90516e-08
time: 126	PE: 7	op: 0 - -4.655e-08 * -0.999996 = -4.65499e-08
time: 126	PE: 8	op: -0.0352393 / 0.137134 = -0.25697
Ax[40641] = 0
time: 127	PE: 0	op: 1000.29 - -5.56891e-06 * -5.21306e-05 = 1000.29
time: 127	PE: 1	op: 0 - -1 * -1 = -1
time: 127	PE: 2	op: -0.037037 / 0.0370469 = -0.999734
time: 127	PE: 3	op: 6.57462 - -4.655e-08 * 5.90516e-08 = 6.57462
time: 127	PE: 4	op: 0.0262349 - -2.40747e-07 * 3.33093e-06 = 0.0262349
time: 127	PE: 5	op: 1.00201e+06 - -1000 * -1 = 1.00101e+06
time: 127	PE: 6	op: 0.00388668 - -0.00250042 * 0.6828 = 0.00559397
time: 127	PE: 7	op: 1.84433e-12 - -2.84492e-12 * -4.03122e-09 = 1.84433e-12
time: 127	PE: 8	op: -0.00013383 - -0.00365243 * -1.0021e-15 = -0.00013383
Ax[40641] = 0
time: 128	PE: 0	op: -9.38897e-12 - -4.42388e-10 * -6.53107e-12 = -9.38897e-12
time: 128	PE: 1	op: 0 - -4.42388e-10 * -1 = -4.42388e-10
time: 128	PE: 2	op: 1.00201e+06 - -1000 * -1 = 1.00101e+06
time: 128	PE: 3	op: 0.0262349 - -2.40745e-07 * 3.3309e-06 = 0.0262349
time: 128	PE: 4	op: 1.70543e+08 - -2e-31 * 310.078 = 1.70543e+08
time: 128	PE: 5	op: 0.00167205 - -0.00167228 * -1.67205e-06 = 0.00167205
time: 128	PE: 6	op: -9.55328e-13 / 1000 = -9.55328e-16
time: 128	PE: 7	op: -6.87607e-10 - -6.436e-06 * -0.25697 = -1.65455e-06
time: 128	PE: 8	op: -0.00625 - -1 * -8.33333 = -8.33958
Ax[40641] = 0
time: 129	PE: 0	op: -7.09336e-05 / 0.0370469 = -0.0019147
time: 129	PE: 1	op: 0 - -5.90855e-11 * -1 = -5.90855e-11
time: 129	PE: 2	op: 0 - -1000 * 3.33093e-06 = 0.00333093
time: 129	PE: 3	op: 0 - -2e-31 * -465.116 = -9.30233e-29
time: 129	PE: 4	op: -9.55328e-13 - -4.48722e-14 * -1.04479e-15 = -9.55328e-13
time: 129	PE: 5	op: 0 - -1e-12 * -1 = -1e-12
time: 129	PE: 6	op: -3.38063e-05 / 0.249019 = -0.000135758
time: 129	PE: 7	op: 0 - -100 * -1e-14 = -1e-12
time: 129	PE: 8	op: -6.83999e-07 - -0.00640223 * -1.03213e-15 = -6.83999e-07
time: 129	PE: 9	op: -100000 / 100000 = -1
Ax[40641] = 0
time: 130	PE: 0	op: -0.0521361 - -0.052125 * -1.0005e-15 = -0.0521361
time: 130	PE: 1	op: 1000 - -7.09175e-05 * -2.60081e-07 = 1000
time: 130	PE: 3	op: -1.03213e-12 - -0.037037 * -2.60081e-07 = -9.63365e-09
time: 130	PE: 4	op: -9.38897e-12 - -4.42388e-10 * -6.53107e-12 = -9.38897e-12
time: 130	PE: 5	op: 0 - -4.42388e-10 * -1 = -4.42388e-10
time: 130	PE: 6	op: -8.41421e-12 - -5.90855e-11 * -4.98295e-11 = -8.41421e-12
time: 130	PE: 7	op: -0.000222222 - 0.00365243 * -1 = 0.00343021
time: 130	PE: 8	op: -1000 / 1000.21 = -0.999792
time: 130	PE: 9	op: 0.000111324 - -1.1274e-05 * -0.0681794 = 0.000110555
time: 130	PE: 10	op: -100000 / 100000 = -1
Ax[40641] = 0
time: 131	PE: 0	op: 1000 - -7.08897e-05 * -2.59979e-07 = 1000
time: 131	PE: 1	op: 0 - -1.00041e-12 * -0.999734 = -1.00015e-12
time: 131	PE: 2	op: -1.00041e-12 - -1.00041e-12 * -2.60081e-07 = -1.00041e-12
time: 131	PE: 3	op: -1.00149e-12 - -7.08897e-05 * -0.999734 = -7.08708e-05
time: 131	PE: 4	op: -1.00041e-12 - -1.00041e-12 * -2.59979e-07 = -1.00041e-12
time: 131	PE: 6	op: 0 - -5.90855e-11 * -1 = -5.90855e-11
time: 131	PE: 7	op: 0 - -8.89759 * -4.98295e-11 = -4.43362e-10
time: 131	PE: 8	op: 0 - -2e-31 * -1 = -2e-31
time: 131	PE: 10	op: -1.00007e-12 / 1000 = -1.00007e-15
Ax[40641] = 0
time: 132	PE: 0	op: 0.0830078 - -0.037037 * -0.999734 = 0.0459806
time: 132	PE: 1	op: 0.0167885 - -5.90855e-11 * -6.53107e-12 = 0.0167885
time: 132	PE: 2	op: 0.00962787 - -4.42388e-10 * -4.98295e-11 = 0.00962787
time: 132	PE: 3	op: -8.41421e-12 - -5.90855e-11 * -4.98295e-11 = -8.41421e-12
time: 132	PE: 4	op: 0.0167885 - -5.90855e-11 * -6.53107e-12 = 0.0167885
time: 132	PE: 5	op: -1.03213e-12 - -0.037037 * -2.59979e-07 = -9.62987e-09
time: 132	PE: 6	op: -0.208105 - -0.208105 * -0.000135758 = -0.208133
time: 132	PE: 7	op: 1000.21 - -0.0407441 * -0.000135758 = 1000.21
time: 132	PE: 8	op: 1000.08 - -1000 * -1 = 0.0830078
time: 132	PE: 9	op: -1e-08 - -100000 * -2e-36 = -1e-08
Ax[40641] = 0
time: 133	PE: 0	op: 1000.29 - -0.052125 * -1.0005e-15 = 1000.29
time: 133	PE: 1	op: 0 - -8.89759 * -6.53107e-12 = -5.81108e-11
time: 133	PE: 2	op: -1 / 1 = -1
time: 133	PE: 3	op: 0 - 0.000275093 * 3.63497e+08 = -99995.3
time: 133	PE: 4	op: 10.1958 - -8.89759 * -1 = 1.29826
time: 133	PE: 5	op: 1000 - -1000 * -0.999999 = 0.000953674
time: 133	PE: 6	op: 0.17668 - -0.0516797 * -0.999996 = 0.125
time: 133	PE: 7	op: 0 - -1 * 8.33958 = 8.33958
Ax[40641] = 0
time: 134	PE: 0	op: 0 - -0.037037 * -0.00191395 = -7.08869e-05
time: 134	PE: 1	op: 7.09058e-05 - -7.08897e-05 * -0.00191395 = 7.07701e-05
time: 134	PE: 2	op: 5000.13 - -1000 * -0.999994 = 4000.14
time: 134	PE: 3	op: 1000 - -0.00640296 * -6.83999e-10 = 1000
time: 134	PE: 4	op: 0 - -0.0516797 * 5.90516e-08 = 3.05177e-09
time: 134	PE: 5	op: 0.00388668 - -0.00250042 * 0.6828 = 0.00559397
time: 134	PE: 6	op: -3.33333e-05 - -1.18e-30 * -1 = -3.33333e-05
time: 134	PE: 7	op: -0.0234049 - -0.0740297 * -4.47869e-05 = -0.0234082
Ax[40641] = 0
time: 135	PE: 0	op: -1.00149e-12 - -7.09175e-05 * -0.999734 = -7.08986e-05
time: 135	PE: 1	op: -2.19068e-12 - -1e-12 * -1 = -3.19068e-12
time: 135	PE: 2	op: 100000 - -100000 * -1 = 0.203125
time: 135	PE: 3	op: 100000 - 8.33958 * -1 = 100008
time: 135	PE: 4	op: 6.57462 - -4.655e-08 * 5.90516e-08 = 6.57462
time: 135	PE: 5	op: 1.00101e+06 - -1.12445e-10 * -1.58547e-12 = 1.00101e+06
time: 135	PE: 6	op: -9.55328e-13 / 1000 = -9.55328e-16
time: 135	PE: 7	op: -0.0352393 / 0.137134 = -0.256971
time: 135	PE: 8	op: -1e-12 / 0.335796 = -2.97801e-12
time: 135	PE: 9	op: 100.004 - -0.00424848 * -0.00296512 = 100.004
Ax[40641] = 0
time: 136	PE: 0	op: 0.115915 - -4.42388e-10 * -4.98295e-11 = 0.115915
time: 136	PE: 1	op: 0 - 1 * -1 = 1
time: 136	PE: 2	op: 0 - -1.00041e-12 * -0.999734 = -1.00015e-12
time: 136	PE: 3	op: -2.46305e-06 - -1.18e-30 * -1 = -2.46305e-06
time: 136	PE: 4	op: 0.0352328 - -0.0704721 * -0.25697 = 0.0171236
time: 136	PE: 5	op: 4.15917 - -0.0740297 * -0.00481913 = 4.15882
time: 136	PE: 6	op: -9.30233e-29 - -100000 * -2325.58 = -2.32558e+08
time: 136	PE: 7	op: -0.0234049 - -0.0740297 * -4.4787e-05 = -0.0234082
time: 136	PE: 8	op: 0.00343021 / 0.000366211 = 9.36676
time: 136	PE: 9	op: 1 / -1 = -1
Ax[40641] = 0
time: 137	PE: 0	op: 7.09336e-05 - -7.09175e-05 * -0.0019147 = 7.07978e-05
time: 137	PE: 1	op: 0 - -8.89759 * -4.98295e-11 = -4.43362e-10
time: 137	PE: 2	op: -1e-08 - -1.99991e-31 * -1 = -1e-08
time: 137	PE: 3	op: -0.208105 - -0.208105 * -0.000135758 = -0.208133
time: 137	PE: 4	op: -0.0166117 - -0.00938788 * 0.6828 = -0.0102017
time: 137	PE: 5	op: 0 - -2e-31 * -1 = -2e-31
time: 137	PE: 6	op: 0.335796 - -1e-12 * -1e-14 = 0.335796
time: 137	PE: 7	op: -0.0001 / 0.000110555 = -0.904525
time: 137	PE: 8	op: -0.115915 / 0.126415 = -0.91694
Ax[40641] = 0
time: 138	PE: 0	op: 1000.4 - -1000 * -0.999792 = 0.60981
time: 138	PE: 1	op: 100001 - -100000 * -1 = 0.71875
time: 138	PE: 2	op: 0 - -0.0005 * -1 = -0.0005
time: 138	PE: 3	op: -0.00045847 / 0.00962787 = -0.047619
time: 138	PE: 4	op: -9.38897e-12 / 0.00962787 = -9.75186e-10
time: 138	PE: 5	op: 1000.21 - -0.0407435 * -0.000135758 = 1000.21
time: 138	PE: 6	op: 0 - -1000 * -9.55328e-16 = -9.55328e-13
time: 138	PE: 7	op: 0 - -0.208105 * -0.999792 = -0.208062
time: 138	PE: 8	op: 1000 - -1.00007e-12 * -4.03122e-09 = 1000
time: 138	PE: 9	op: 1000.04 - -0.0704722 * -0.256971 = 1000.02
Ax[40641] = 0
time: 139	PE: 0	op: -4.42388e-10 / 0.00962787 = -4.59486e-08
time: 139	PE: 1	op: 0 - -0.037037 * -0.0019147 = -7.09147e-05
time: 139	PE: 2	op: 0 - -8.89759 * -6.53107e-12 = -5.81108e-11
time: 139	PE: 3	op: 1000 - -1.00006e-12 * -9.55328e-16 = 1000
time: 139	PE: 4	op: 1000 - -6.436e-06 * -0.25697 = 1000
time: 139	PE: 5	op: -0.00378626 - 0.00365243 * -1.0021e-15 = -0.00378626
time: 139	PE: 6	op: 3.05177e-09 / 0.125 = 2.44141e-08
time: 139	PE: 7	op: -0.125 / 0.125 = -0.999999
Ax[40641] = 0
time: 140	PE: 0	op: 1000.29 - -1.00041e-12 * -0.00191395 = 1000.29
time: 140	PE: 1	op: 4000.14 - -1000 * -0.999948 = 3000.19
time: 140	PE: 2	op: -0.00640292 - 0.00640223 * -1.03212e-15 = -0.00640292
time: 140	PE: 3	op: -3.84445e-12 / 0.000953674 = -4.03119e-09
time: 140	PE: 4	op: 1000 - -1.03213e-12 * -1.67203e-06 = 1000
time: 140	PE: 5	op: 1000 - 0.00640223 * -1.03213e-15 = 1000
time: 140	PE: 6	op: -5e-08 / 0.000110555 = -0.000452262
time: 140	PE: 7	op: -0.0037862 / 0.000366211 = -10.3388
time: 140	PE: 8	op: -0.000222222 - -1000 * -1.0021e-15 = -0.000222222
time: 140	PE: 9	op: 0.00343014 / 0.000366211 = 9.36658
Ax[40641] = 0
time: 141	PE: 0	op: 0.203125 - 8.33958 * -1 = 8.54271
time: 141	PE: 1	op: -7.69231e-05 - 0.000275093 * 66142.2 = -18.1953
time: 141	PE: 2	op: 0 - -100000 * -1 = -100000
time: 141	PE: 3	op: -9.30233e-29 - -100000 * -2325.58 = -2.32558e+08
time: 141	PE: 4	op: -0.167394 - -0.0407441 * -0.99918 = -0.208105
time: 141	PE: 5	op: -6.8786e-10 - -6.43837e-06 * -0.256971 = -1.65516e-06
time: 141	PE: 6	op: -0.0521306 / 1000 = -5.21306e-05
time: 141	PE: 7	op: 100000 - -6.99791e-08 * -2.59972e-09 = 100000
Ax[40641] = 0
time: 142	PE: 0	op: 1 / -1 = -1
time: 142	PE: 1	op: 6.20155e-29 - -100000 * 1705.43 = 1.70543e+08
time: 142	PE: 2	op: -5.22343e-16 / 0.000953674 = -5.47717e-13
time: 142	PE: 3	op: 3.05177e-09 / 0.125 = 2.44141e-08
time: 142	PE: 4	op: 1000.04 - -0.0704721 * -0.25697 = 1000.02
time: 142	PE: 5	op: -0.125 / 0.125 = -0.999999
time: 142	PE: 6	op: 0.0885415 - -0.0326097 * -4.4787e-05 = 0.0885401
time: 142	PE: 7	op: 6.24015e-05 - -2e-07 * -0.000999001 = 6.24013e-05
time: 142	PE: 8	op: 0 - -1 * -1 = -1
time: 142	PE: 9	op: -2e-31 / 100000 = -2e-36
time: 142	PE: 10	op: 0.00641026 / -0.0401614 = -0.159613
Ax[40641] = 0
time: 143	PE: 0	op: 4.06224 - -1e-12 * -2.97801e-12 = 4.06224
time: 143	PE: 2	op: 0 - -1000 * -9.55328e-16 = -9.55328e-13
time: 143	PE: 3	op: 0.0352329 - -0.0704722 * -0.256971 = 0.0171236
time: 143	PE: 4	op: 2000.01 - -1000 * -1 = 1000.01
time: 143	PE: 5	op: 2000.01 - -1000 * -1 = 1000.01
time: 143	PE: 6	op: -2e-31 / 100000 = -2e-36
time: 143	PE: 7	op: 1.70543e+08 / 100000 = 1705.43
time: 143	PE: 8	op: -2e-31 / 1 = -2e-31
Ax[40641] = 0
time: 144	PE: 0	op: -0.00365243 - -0.00013383 * 9.36676 = -0.00239888
time: 144	PE: 1	op: -2.19068e-12 - -0.335796 * -2.97801e-12 = -3.19068e-12
time: 144	PE: 2	op: 1000 - -6.43837e-06 * -0.256971 = 1000
time: 144	PE: 3	op: 1000.42 - -0.208105 * -0.99918 = 1000.21
time: 144	PE: 4	op: -0.208133 / 1000.21 = -0.00020809
time: 144	PE: 5	op: 0 - -4.655e-08 * -0.999996 = -4.65499e-08
time: 144	PE: 6	op: -5.56905e-06 - -0.0521263 * -1.03213e-15 = -5.56905e-06
time: 144	PE: 7	op: -2e-31 / 100000 = -2e-36
time: 144	PE: 8	op: 0 - 0.714286 * -1 = 0.714286
time: 144	PE: 9	op: -0.0172414 / 1 = -0.0172414
Ax[40641] = 0
time: 145	PE: 0	op: 0.115915 - -0.115915 * -0.91694 = 0.00962787
time: 145	PE: 1	op: 0 - -0.0005 * -0.91694 = -0.00045847
time: 145	PE: 2	op: 0.0114118 - -0.0001 * -0.904525 = 0.0113214
time: 145	PE: 3	op: 0 - -5e-08 * -0.904525 = -4.52262e-08
time: 145	PE: 4	op: 1000 - 1.84431e-12 * -1.00007e-15 = 1000
time: 145	PE: 5	op: 0 - -1000 * -1.00007e-15 = -1.00007e-12
time: 145	PE: 6	op: 1e+06 - -0.5 * -0.2 = 1e+06
time: 145	PE: 7	op: -1.18e-30 / 100000 = -1.18e-35
time: 145	PE: 8	op: 100.004 - -0.00424862 * -0.00296522 = 100.004
Ax[40641] = 0
time: 146	PE: 0	op: 1000 - -0.000222222 * 9.36676 = 1000
time: 146	PE: 1	op: 100000 - -0.00045847 * -0.047619 = 100000
time: 146	PE: 2	op: 0 - -0.00045847 * -9.75186e-10 = -4.47094e-13
time: 146	PE: 3	op: 3000.19 - -0.0666667 * -6.66622e-05 = 3000.19
time: 146	PE: 4	op: 0.0167885 - -8.41421e-12 * -9.75186e-10 = 0.0167885
time: 146	PE: 5	op: -1.03213e-12 / 1000 = -1.03213e-15
time: 146	PE: 6	op: -1000 / 1000 = -1
time: 146	PE: 7	op: -0.00378626 / 0.000366211 = -10.339
time: 146	PE: 8	op: -0.0005 / 0.71875 = -0.000695652
time: 146	PE: 9	op: 0 - -0.0172414 * -1 = -0.0172414
time: 146	PE: 10	op: -8.33333 / 1 = -8.33333
Ax[40641] = 0
time: 147	PE: 0	op: 0 - -8.41421e-12 * -0.047619 = -4.00676e-13
time: 147	PE: 1	op: 0.141982 - -0.125 * -0.999999 = 0.0169817
time: 147	PE: 2	op: -5.90855e-11 - -8.41421e-12 * -4.59486e-08 = -5.90855e-11
time: 147	PE: 3	op: 6.57462 - -4.65499e-08 * 2.44141e-08 = 6.57462
time: 147	PE: 4	op: 0 - -4.65499e-08 * -0.999999 = -4.65498e-08
time: 147	PE: 5	op: -1.00007e-12 / 1000 = -1.00007e-15
time: 147	PE: 6	op: -999.994 / 1000 = -0.999994
time: 147	PE: 7	op: -1000 / 1000 = -1
time: 147	PE: 8	op: 0.0885415 - -0.0326096 * -4.47869e-05 = 0.0885401
time: 147	PE: 9	op: -0.00640292 / 1000 = -6.40292e-06
time: 147	PE: 10	op: -0.335796 / 0.335796 = -1
time: 147	PE: 11	op: -100000 / 100000 = -1
time: 147	PE: 12	op: -2.32558e+08 / 100000 = -2325.58
Ax[40641] = 0
time: 148	PE: 0	op: 0 - -4.43362e-10 * -0.047619 = -2.11125e-11
time: 148	PE: 1	op: 0 - -0.00045847 * -4.59486e-08 = -2.10661e-11
time: 148	PE: 2	op: -5.81108e-11 - -4.43362e-10 * -9.75186e-10 = -5.81108e-11
time: 148	PE: 3	op: 1000 - -1000 * -0.999999 = 0.000953674
time: 148	PE: 4	op: 1000 - -1.00006e-12 * -4.03119e-09 = 1000
time: 148	PE: 5	op: -1.00006e-12 - -1.00006e-12 * -1.41955e-19 = -1.00006e-12
time: 148	PE: 6	op: 0.0171236 / 1000.02 = 1.71233e-05
time: 148	PE: 7	op: -0.00013383 - -0.00365237 * -1.0021e-15 = -0.00013383
time: 148	PE: 8	op: -3.11007e-05 / 6.24013e-05 = -0.498399
time: 148	PE: 9	op: -100000 / 100000 = -1
Ax[40641] = 0
time: 149	PE: 0	op: 1000.29 - -5.56891e-06 * -5.21306e-05 = 1000.29
time: 149	PE: 1	op: -9.55328e-13 / 1000.01 = -9.55319e-16
time: 149	PE: 2	op: -9.55328e-13 / 1000.01 = -9.55319e-16
time: 149	PE: 3	op: -1000 / 1000.01 = -0.99999
time: 149	PE: 4	op: -1000 / 1000.01 = -0.99999
time: 149	PE: 5	op: 0.0171236 / 1000.02 = 1.71233e-05
time: 149	PE: 6	op: 0 - -0.125 * 2.44141e-08 = 3.05176e-09
time: 149	PE: 7	op: -1000 / 1000.02 = -0.999983
time: 149	PE: 8	op: -1e-12 / 0.335796 = -2.97801e-12
time: 149	PE: 9	op: 0 - -0.0001 * -0.000452262 = -4.52262e-08
time: 149	PE: 10	op: 1000.26 - -0.257971 * -0.340344 = 1000.17
time: 149	PE: 11	op: 0 - -1 * 18.1818 = 18.1818
Ax[40641] = 0
time: 150	PE: 0	op: -0.0521306 - -1000 * -5.21306e-05 = -0.104261
time: 150	PE: 1	op: -0.0521319 - -5.56905e-06 * -0.999948 = -0.0521374
time: 150	PE: 2	op: 0.141982 - -0.125 * -0.999999 = 0.0169822
time: 150	PE: 3	op: 0 - -100000 * -1 = -100000
time: 150	PE: 4	op: -1e-08 - -99995.3 * -2e-36 = -1e-08
time: 150	PE: 5	op: -0.208133 / 1000.21 = -0.00020809
time: 150	PE: 6	op: -1000 / 1000.21 = -0.999792
time: 150	PE: 7	op: 0.00806569 / 0.0885401 = 0.0910965
time: 150	PE: 8	op: -0.0641547 / 0.0885401 = -0.724584
time: 150	PE: 9	op: -3.11007e-05 / 6.24013e-05 = -0.498399
time: 150	PE: 10	op: -100 / 100.004 = -0.999958
Ax[40641] = 0
time: 151	PE: 0	op: 0 - -1 * -2e-31 = -2e-31
time: 151	PE: 1	op: -9.38897e-12 / 0.00962787 = -9.75186e-10
time: 151	PE: 2	op: -4.42388e-10 / 0.00962787 = -4.59486e-08
time: 151	PE: 3	op: -1.00006e-12 - -1.00006e-12 * -5.47717e-13 = -1.00006e-12
time: 151	PE: 4	op: 0 - -4.65499e-08 * -0.999999 = -4.65498e-08
time: 151	PE: 5	op: 0 - -0.125 * 2.44141e-08 = 3.05176e-09
time: 151	PE: 6	op: 0 - -1 * -1 = -1
time: 151	PE: 7	op: -0.0142857 - -1 * -18.1818 = -18.1961
time: 151	PE: 8	op: -100000 / 100000 = -1
time: 151	PE: 9	op: -100 / 100.004 = -0.999958
time: 151	PE: 10	op: -0.00641026 / -0.0401614 = 0.159613
Ax[40641] = 0
time: 152	PE: 0	op: 3000.19 - -0.0521263 * -1.03208e-15 = 3000.19
time: 152	PE: 2	op: 8.54271 - -1.99991e-31 * -2e-36 = 8.54271
time: 152	PE: 3	op: 6.57462 - -4.65499e-08 * 2.44141e-08 = 6.57462
time: 152	PE: 4	op: 0 - -1 * -691.489 = -691.489
time: 152	PE: 5	op: -1000 / 1000 = -1
time: 152	PE: 6	op: 0 - -1000 * -0.00020809 = -0.20809
time: 152	PE: 7	op: 1.84431e-12 / 1000 = 1.84431e-15
time: 152	PE: 8	op: -0.0005 / 0.126415 = -0.00395524
time: 152	PE: 9	op: -2.32558e+08 / 100000 = -2325.58
time: 152	PE: 10	op: -3.20513 / 1 = -3.20513
Ax[40641] = 0
time: 153	PE: 0	op: -2.46305e-06 - -100000 * -1.18e-35 = -2.46305e-06
time: 153	PE: 1	op: 100008 - -2e-31 * -2e-36 = 100008
time: 153	PE: 2	op: 1.84432e-12 - -2.8449e-12 * -4.03119e-09 = 1.84432e-12
time: 153	PE: 3	op: 1000.21 - -0.208105 * -0.00020809 = 1000.21
time: 153	PE: 4	op: -1000 - -1000 * -1.03213e-15 = -1000
time: 153	PE: 5	op: 0.00806557 / 0.0885401 = 0.0910952
time: 153	PE: 6	op: -3.33333e-05 - -1 * -8.33958 = -8.33962
time: 153	PE: 7	op: -0.714286 / 1 = -0.714286
Ax[40641] = 0
time: 154	PE: 0	op: 100000 - -0.0005 * -0.000695652 = 100000
time: 154	PE: 1	op: 2000.01 - -0.00013383 * -10.339 = 2000.01
time: 154	PE: 2	op: -0.00365237 - -0.00013383 * 9.36658 = -0.00239884
time: 154	PE: 3	op: 3000 - -1000 * -1 = 2000
time: 154	PE: 5	op: 1000 - -1.00006e-12 * -9.55328e-16 = 1000
time: 154	PE: 6	op: -3.84447e-12 / 0.000953674 = -4.03122e-09
time: 154	PE: 7	op: 3.02838e-05 - -5e-08 * -0.000452262 = 3.02838e-05
time: 154	PE: 8	op: 1000 - -1e-12 * -6.95e-11 = 1000
Ax[40641] = 0
time: 155	PE: 0	op: 1000.29 - -6.83999e-07 * -6.40292e-06 = 1000.29
time: 155	PE: 1	op: 0.351737 - -0.335796 * -1 = 0.0159412
time: 155	PE: 2	op: 2000.7 - -1000 * -1 = 1000.7
time: 155	PE: 4	op: 1.29826 - -1.18e-30 * -1.18e-35 = 1.29826
time: 155	PE: 5	op: -1.03212e-12 - -1000 * -6.40292e-06 = -0.00640292
time: 155	PE: 6	op: -1000 / 1000 = -1
time: 155	PE: 7	op: -0.0030303 / 1e+06 = -3.0303e-09
time: 155	PE: 8	op: -1000 - 0.00167205 * -1 = -999.998
time: 155	PE: 9	op: -1000 / 1000.17 = -0.99983
Ax[40641] = 0
time: 156	PE: 0	op: 2000.01 - -0.00013383 * -10.3388 = 2000.01
time: 156	PE: 1	op: 2000 - -1000 * -0.999994 = 1000.01
time: 156	PE: 2	op: -1.0021e-12 - -0.000222222 * -10.339 = -0.00229756
time: 156	PE: 3	op: 0.0167885 - 18.1818 * -1 = 18.1986
time: 156	PE: 4	op: 0 - -0.0005 * -1 = -0.0005
time: 156	PE: 5	op: 1000 - -2.8449e-12 * -5.47717e-13 = 1000
time: 156	PE: 6	op: 0 - -1 * -1 = -1
time: 156	PE: 7	op: 0 - -1.00006e-12 * -1 = -1.00006e-12
time: 156	PE: 8	op: 4.01 - -4 * -0.5 = 2.01
Ax[40641] = 0
time: 157	PE: 0	op: 1000 - -1000 * -0.99999 = 0.0100136
time: 157	PE: 1	op: 1000 - -1000 * -0.99999 = 0.0100136
time: 157	PE: 3	op: 100001 - -100000 * -1 = 0.71875
time: 157	PE: 4	op: 0 - -1.00006e-12 * -0.99999 = -1.00005e-12
time: 157	PE: 5	op: 0 - 1.84433e-12 * -1 = 1.84433e-12
time: 157	PE: 6	op: 0 - -1.65516e-06 * -0.999983 = -1.65513e-06
time: 157	PE: 7	op: -1.00006e-12 / 1000 = -1.00006e-15
time: 157	PE: 8	op: 1000 - -1.00006e-12 * -9.55319e-16 = 1000
time: 157	PE: 9	op: -1000 / 1000.02 = -0.999983
Ax[40641] = 0
time: 158	PE: 0	op: 1000.4 - -1000 * -0.999792 = 0.609932
time: 158	PE: 1	op: 0.065588 - -0.0641547 * -0.724584 = 0.0191026
time: 158	PE: 2	op: -2.19068e-12 - -0.335796 * -2.97801e-12 = -3.19068e-12
time: 158	PE: 3	op: -2.19068e-12 - -1e-12 * -1 = -3.19068e-12
time: 158	PE: 4	op: 8.54271 - -2e-31 * -2e-36 = 8.54271
time: 158	PE: 5	op: 0 - -0.0234082 * -0.724584 = -0.0169612
time: 158	PE: 6	op: 0 - -3.11007e-05 * -0.498399 = -1.55006e-05
time: 158	PE: 7	op: 1000.21 - -0.208105 * -0.00020809 = 1000.21
time: 158	PE: 8	op: 0 - -1000 * -0.00020809 = -0.20809
time: 158	PE: 9	op: 0 - -0.0641547 * 0.0910965 = 0.00584427
Ax[40641] = 0
time: 159	PE: 0	op: -0.0521319 - -1000 * -5.21319e-05 = -0.104264
time: 159	PE: 1	op: 1000.02 - -1000 * -0.999948 = 0.0690012
time: 159	PE: 2	op: -5.90855e-11 - -8.41421e-12 * -4.59486e-08 = -5.90855e-11
time: 159	PE: 3	op: 0 - -0.00045847 * -9.75186e-10 = -4.47094e-13
time: 159	PE: 4	op: 0 - -0.208105 * -0.999792 = -0.208062
time: 159	PE: 5	op: 0 - -1 * -1 = -1
time: 159	PE: 6	op: 0 - -0.00045847 * -4.59486e-08 = -2.10661e-11
time: 159	PE: 7	op: 1e+06 - -0.5 * -0.2 = 1e+06
time: 159	PE: 8	op: 0.714286 / 1 = 0.714286
Ax[40641] = 0
time: 160	PE: 0	op: 1000.43 - -1.00007e-12 * 1.84431e-15 = 1000.43
time: 160	PE: 1	op: 3000 - -1000 * -1 = 2000
time: 160	PE: 2	op: 1100.02 - -100 * -0.999958 = 1000.03
time: 160	PE: 3	op: 0 - -1000 * 1.84431e-15 = 1.84431e-12
time: 160	PE: 4	op: 0 - -0.115915 * -0.00395524 = -0.00045847
time: 160	PE: 5	op: -5.81108e-11 - -4.43362e-10 * -9.75186e-10 = -5.81108e-11
time: 160	PE: 6	op: -1e-08 - -2e-31 * -1 = -1e-08
time: 160	PE: 7	op: -3.00339e-05 / 3.02838e-05 = -0.991749
time: 160	PE: 8	op: 100000 - -0.0005 * -0.00395524 = 100000
time: 160	PE: 9	op: 1000 - -0.00167226 * -2.27178e-10 = 1000
Ax[40641] = 0
time: 161	PE: 0	op: 1100.01 - -100 * -0.999958 = 1000.02
time: 161	PE: 1	op: 0 - -1.00007e-12 * -1 = -1.00007e-12
time: 161	PE: 2	op: -0.00640223 - -6.83999e-07 * -0.999994 = -0.00640292
time: 161	PE: 3	op: -1e-08 - -2e-31 * -1 = -1e-08
time: 161	PE: 4	op: 1.29826 - -4.43362e-10 * -4.59486e-08 = 1.29826
time: 161	PE: 5	op: 0 - -1 * -0.0172414 = -0.0172414
time: 161	PE: 6	op: -5.22346e-16 / 0.000953674 = -5.4772e-13
time: 161	PE: 7	op: -0.0641547 / 0.0885401 = -0.724584
time: 161	PE: 8	op: -0.000324675 - -0.714286 * -1 = -0.71461
time: 161	PE: 9	op: -18.1818 / 1 = -18.1818
Ax[40641] = 0
time: 162	PE: 0	op: 2000.01 - -1000 * -0.999983 = 1000.03
time: 162	PE: 1	op: 4.06224 - -1e-12 * -2.97801e-12 = 4.06224
time: 162	PE: 2	op: -1000 / 1000.21 = -0.999792
time: 162	PE: 3	op: -0.208062 / 1000.21 = -0.000208018
time: 162	PE: 4	op: 1000 - -1.65455e-06 * 1.71233e-05 = 1000
time: 162	PE: 5	op: 0 - -1000 * -1.00007e-15 = -1.00007e-12
time: 162	PE: 6	op: 0 - -1000 * 1.71233e-05 = 0.0171233
time: 162	PE: 7	op: -6.84008e-07 - -0.00640232 * -1.03213e-15 = -6.84008e-07
time: 162	PE: 8	op: -691.489 / 1 = -691.489
Ax[40641] = 0
time: 163	PE: 0	op: 1000.1 - -1000 * -1 = 0.104858
time: 163	PE: 1	op: 18.1986 - -8.41421e-12 * -9.75186e-10 = 18.1986
time: 163	PE: 2	op: 3000.19 - -0.0666622 * -1.00036 = 3000.12
time: 163	PE: 3	op: 1.84434e-12 - -2.84492e-12 * -4.03122e-09 = 1.84434e-12
time: 163	PE: 4	op: 4.15882 - -0.0234082 * 0.0910952 = 4.16095
time: 163	PE: 5	op: -100000 / 100000 = -1
time: 163	PE: 6	op: -0.000324675 - -1 * -0.714286 = -0.71461
time: 163	PE: 7	op: 0 - -8.33958 * -465.116 = -3878.88
time: 163	PE: 8	op: -2.4023e-12 / 0.01 = -2.4023e-10
Ax[40641] = 0
time: 164	PE: 0	op: 0.882644 - -3.11007e-05 * -0.498399 = 0.882628
time: 164	PE: 1	op: 0 - -1e+06 * -3.0303e-09 = -0.0030303
time: 164	PE: 2	op: -1000 / 1000.21 = -0.999792
time: 164	PE: 3	op: 1000 - -1.65516e-06 * 1.71233e-05 = 1000
time: 164	PE: 4	op: -1000 / 1000 = -1
time: 164	PE: 5	op: -1e+06 / 1e+06 = -1
time: 164	PE: 6	op: -1.1274e-05 / 0.000165357 = -0.0681794
time: 164	PE: 7	op: 3.20513 / 1 = 3.20513
time: 164	PE: 8	op: -2e-31 / -0.000275106 = 7.26993e-28
time: 164	PE: 9	op: -18.1961 / -0.000275106 = 66142.2
time: 164	PE: 10	op: -0.01 / 2.01 = -0.00497512
Ax[40641] = 0
time: 165	PE: 0	op: 2000.01 - -1000 * -0.999983 = 1000.03
time: 165	PE: 1	op: 0 - 1.84432e-12 * -1 = 1.84432e-12
time: 165	PE: 2	op: 0 - -1.00006e-12 * -0.99999 = -1.00005e-12
time: 165	PE: 3	op: 1000 - 1.84432e-12 * -1.00006e-15 = 1000
time: 165	PE: 4	op: 1000 - -1.00006e-12 * -9.55319e-16 = 1000
time: 165	PE: 5	op: 0 - -1000 * -9.55319e-16 = -9.55319e-13
time: 165	PE: 6	op: -0.208062 / 1000.21 = -0.000208018
time: 165	PE: 7	op: -1 / 1 = -1
time: 165	PE: 8	op: -1 - 23.8995 * -0.0401614 = -0.0401614
time: 165	PE: 9	op: -1.2987 / 1 = -1.2987
Ax[40641] = 0
time: 166	PE: 0	op: -0.00045847 / 0.00962787 = -0.047619
time: 166	PE: 1	op: 0 - -1.65455e-06 * -0.999983 = -1.65452e-06
time: 166	PE: 2	op: 0 - -1 * -691.489 = -691.489
time: 166	PE: 3	op: 4.15882 - -0.0234082 * 0.0910965 = 4.16095
time: 166	PE: 4	op: -0.000222222 - -1000 * -1.0021e-15 = -0.000222222
time: 166	PE: 5	op: 0.882644 - -3.11007e-05 * -0.498399 = 0.882628
time: 166	PE: 6	op: -1 / 1 = -1
time: 166	PE: 7	op: 0 - -100000 * -2325.58 = -2.32558e+08
Ax[40641] = 0
time: 167	PE: 0	op: -1.33333e-06 - -0.71461 * -1 = -0.714612
time: 167	PE: 1	op: 0 - -0.71461 * -2325.58 = -1661.88
time: 167	PE: 2	op: -1.00005e-12 / 1000 = -1.00005e-15
time: 167	PE: 3	op: 0 - -1000 * -9.55319e-16 = -9.55319e-13
time: 167	PE: 4	op: -4.52262e-08 / 3.02838e-05 = -0.00149342
time: 167	PE: 5	op: -1e+06 / 1e+06 = -1
time: 167	PE: 6	op: -1e-08 - -99995.3 * -2e-36 = -1e-08
time: 167	PE: 7	op: 1.70543e+08 / 100000 = 1705.43
time: 167	PE: 8	op: 100000 - -1 * 0.714286 = 100001
Ax[40641] = 0
time: 168	PE: 0	op: -0.00640232 - -6.84008e-07 * -0.999994 = -0.006403
time: 168	PE: 1	op: 1000 - 1.84433e-12 * -1.00007e-15 = 1000
time: 168	PE: 2	op: -1000 / 1000 = -1
time: 168	PE: 3	op: 0.882643 - -3.00339e-05 * -0.991749 = 0.882613
time: 168	PE: 4	op: -0.0030303 / 1e+06 = -3.0303e-09
time: 168	PE: 5	op: -1 / 1 = -1
time: 168	PE: 6	op: -0.000324675 - -1 * -0.714286 = -0.71461
time: 168	PE: 7	op: 0 - 0.0172414 * -1 = 0.0172414
Ax[40641] = 0
time: 169	PE: 0	op: 0.065588 - -0.0641547 * -0.724584 = 0.0191026
time: 169	PE: 1	op: 3000.12 - -0.00640232 * -1.03212e-15 = 3000.12
time: 169	PE: 2	op: -1.00006e-12 - -1.00006e-12 * -5.4772e-13 = -1.00006e-12
time: 169	PE: 3	op: 1000 - -2.84492e-12 * -5.4772e-13 = 1000
time: 169	PE: 4	op: 1000 - -1.00006e-12 * -4.03122e-09 = 1000
time: 169	PE: 5	op: 0 - -1000 * -1.00006e-15 = -1.00006e-12
time: 169	PE: 6	op: -0.0005 / 100000 = -5e-09
time: 169	PE: 7	op: -0.01 / 0.0100102 = -0.998979
time: 169	PE: 8	op: -1000 / 1000 = -1
time: 169	PE: 9	op: -0.71461 / 1 = -0.71461
Ax[40641] = 0
time: 170	PE: 0	op: 2000 - -1000 * -0.999792 = 1000.21
time: 170	PE: 1	op: 0 - -0.0234082 * -0.724584 = -0.0169612
time: 170	PE: 2	op: 0 - -3.20513 * -691.489 = -2216.31
time: 170	PE: 3	op: 0 - -1000 * 1.71233e-05 = 0.0171233
time: 170	PE: 4	op: -1.65513e-06 / 1000 = -1.65513e-09
time: 170	PE: 5	op: -4.06174 / 4.16095 = -0.976157
time: 170	PE: 6	op: 0.0830078 - -1.40235e-16 * -3.07766e-17 = 0.0830078
time: 170	PE: 7	op: 0 - 1 * -1 = 1
Ax[40641] = 0
time: 171	PE: 0	op: 0.60981 - -0.20809 * -0.000208018 = 0.609767
time: 171	PE: 1	op: 1000.02 - -2.4023e-12 * -2.4023e-10 = 1000.02
time: 171	PE: 2	op: 1.84432e-12 / 1000 = 1.84432e-15
time: 171	PE: 3	op: -1.00005e-12 / 1000 = -1.00005e-15
time: 171	PE: 4	op: 0 - -0.20809 * -0.999792 = -0.208046
time: 171	PE: 5	op: -1000 / 1000 = -1
time: 171	PE: 6	op: 0 - -0.0641547 * 0.0910952 = 0.00584418
time: 171	PE: 7	op: -1e-08 - -100000 * -2e-36 = -1e-08
time: 171	PE: 8	op: 18.1818 / 1 = 18.1818
time: 171	PE: 9	op: -8e-31 / -0.0401614 = 1.99196e-29
Ax[40641] = 0
time: 172	PE: 0	op: 1000 - -0.000222222 * 9.36658 = 1000
time: 172	PE: 1	op: 1000.43 - -1000 * -1 = 0.428955
time: 172	PE: 2	op: -1.0021e-12 - -0.000222222 * -10.3388 = -0.00229752
time: 172	PE: 3	op: -1000 / 1000 = -1
time: 172	PE: 4	op: 0 - -4.52262e-08 * -0.991749 = -4.48531e-08
time: 172	PE: 5	op: 0 - -3.11007e-05 * -0.498399 = -1.55006e-05
time: 172	PE: 6	op: -1 / 1 = -1
time: 172	PE: 7	op: -100000 / 100000 = -0.999998
Ax[40641] = 0
time: 173	PE: 0	op: 0.609932 - -0.20809 * -0.000208018 = 0.609889
time: 173	PE: 1	op: 0 - -9.55319e-13 * -1 = -9.55319e-13
time: 173	PE: 2	op: 1e+06 - -1e+06 * -1 = 3.54513
time: 173	PE: 3	op: 0 - 0.000275093 * 7.26993e-28 = -1.99991e-31
time: 173	PE: 4	op: -0.0169612 / 4.16095 = -0.00407628
time: 173	PE: 5	op: -1.55006e-05 / 0.882628 = -1.75618e-05
time: 173	PE: 6	op: 0 - 0.000275093 * -66142.2 = 18.1952
time: 173	PE: 7	op: -0.714612 / 0.71875 = -0.994242
time: 173	PE: 8	op: -1661.88 / 0.71875 = -2312.19
time: 173	PE: 9	op: 100000 - -0.01 * -0.00497512 = 100000
Ax[40641] = 0
time: 174	PE: 0	op: 0 - -8.41421e-12 * -0.047619 = -4.00676e-13
time: 174	PE: 1	op: 0 - -0.0030303 * -1 = -0.0030303
time: 174	PE: 2	op: 0 - -4.43362e-10 * -0.047619 = -2.11125e-11
time: 174	PE: 3	op: 0 - -3.20513 * -1 = -3.20513
time: 174	PE: 4	op: -1000 / 1000 = -1
time: 174	PE: 5	op: -1000 / 1000 = -1
time: 174	PE: 6	op: -0.71461 / 1 = -0.71461
time: 174	PE: 7	op: 100001 / 1 = 100001
Ax[40641] = 0
time: 175	PE: 0	op: 0 - -1000 * -1.00005e-15 = -1.00005e-12
time: 175	PE: 1	op: 1e+06 - -1e+06 * -1 = 3.54513
time: 175	PE: 2	op: 0.0113214 - -4.52262e-08 * -0.00149342 = 0.0113214
time: 175	PE: 3	op: 0 - -1000 * -0.000208018 = -0.208018
time: 175	PE: 4	op: 0 - -3.00339e-05 * -0.00149342 = -4.48531e-08
time: 175	PE: 5	op: -7.69231e-05 - 0.000275093 * 66142.2 = -18.1953
time: 175	PE: 6	op: -4.06174 / 4.16095 = -0.976157
time: 175	PE: 7	op: -1000 - -1000 * -1.03213e-15 = -1000
time: 175	PE: 8	op: 4.01 - -4 * -0.5 = 2.01
Ax[40641] = 0
time: 176	PE: 0	op: 1000.29 - -0.0030303 * -3.0303e-09 = 1000.29
time: 176	PE: 1	op: 0.0100136 - -9.55319e-13 * -1.00005e-15 = 0.0100136
time: 176	PE: 2	op: 0 - -0.0030303 * -1 = -0.0030303
time: 176	PE: 3	op: 3000.12 - -5.56905e-06 * -5.21319e-05 = 3000.12
time: 176	PE: 4	op: -1.00006e-12 / 1000 = -1.00006e-15
time: 176	PE: 5	op: -0.882613 / 0.882613 = -1
time: 176	PE: 6	op: 0.000111324 - -1.1274e-05 * -0.0681794 = 0.000110555
Ax[40641] = 0
time: 177	PE: 0	op: 1000.03 - -0.01 * -0.998979 = 1000.02
time: 177	PE: 1	op: -1000 / 1000.02 = -0.999984
time: 177	PE: 2	op: -0.0005 / 1000.02 = -4.99992e-07
time: 177	PE: 3	op: 0 - -1000 * -0.000208018 = -0.208018
time: 177	PE: 4	op: 0 - -100000 * -5e-09 = -0.0005
time: 177	PE: 5	op: -1000 / 1000 = -1
time: 177	PE: 6	op: 1.84433e-12 / 1000 = 1.84433e-15
time: 177	PE: 7	op: -1.65452e-06 / 1000 = -1.65452e-09
time: 177	PE: 8	op: -0.882613 / 0.882628 = -0.999982
time: 177	PE: 9	op: -0.0142857 - -1 * -18.1818 = -18.1961
time: 177	PE: 10	op: -691.489 / 1 = -691.489
time: 177	PE: 11	op: 18.1961 / -0.000275106 = -66142.2
Ax[40641] = 0
time: 178	PE: 0	op: 1000.03 - 0.0171233 * -1.65513e-09 = 1000.03
time: 178	PE: 1	op: 4.06224 - -4.06174 * -0.976157 = 0.0973468
time: 178	PE: 2	op: 0 - 0.00584418 * -0.976157 = 0.00570484
time: 178	PE: 3	op: -0.011408 / 1000.02 = -1.14079e-05
time: 178	PE: 4	op: -1.33333e-06 - -1 * -0.71461 = -0.714612
time: 178	PE: 5	op: -0.0169612 / 4.16095 = -0.00407628
time: 178	PE: 6	op: 0 - 8.33958 * -465.116 = 3878.88
time: 178	PE: 7	op: 0 - 1 * -0.0401614 = 0.0401614
Ax[40641] = 0
time: 179	PE: 0	op: 0.104858 - -1.00006e-12 * 1.84432e-15 = 0.104858
time: 179	PE: 1	op: 1000.7 - -1000 * -1 = 0.697998
time: 179	PE: 2	op: 0 - -9.55319e-13 * -1 = -9.55319e-13
time: 179	PE: 3	op: 0.0100136 - -9.55319e-13 * -1.00005e-15 = 0.0100136
time: 179	PE: 4	op: 0 - -1000 * -1.65513e-09 = -1.65513e-06
time: 179	PE: 5	op: 1000.05 - -1000 * -1 = 0.0454712
time: 179	PE: 6	op: -0.0030303 / 3.54513 = -0.000854779
time: 179	PE: 7	op: 0.0830078 - -1.03213e-12 * -1.00149e-15 = 0.0830078
time: 179	PE: 8	op: -1000 - -1000 * -1.03213e-15 = -1000
Ax[40641] = 0
time: 180	PE: 0	op: 0 - -1000 * 1.84432e-15 = 1.84432e-12
time: 180	PE: 1	op: 0 - -1000 * -1.00005e-15 = -1.00005e-12
time: 180	PE: 3	op: -1e-08 - -1.99991e-31 * -1 = -1e-08
time: 180	PE: 4	op: 1000.05 - -1000 * -1 = 0.0454712
time: 180	PE: 5	op: -0.00625 - -1 * -8.33333 = -8.33958
time: 180	PE: 6	op: 0 - 8.33958 * -465.116 = 3878.88
Ax[40641] = 0
time: 181	PE: 0	op: 0.0191026 - 0.00584427 * -0.00407628 = 0.0191264
time: 181	PE: 1	op: -100000 - -0.0005 * -0.994242 = -100000
time: 181	PE: 2	op: 100008 - -100000 * -0.999998 = 8.53859
time: 181	PE: 3	op: 0 - -0.0005 * -2312.19 = -1.15609
time: 181	PE: 4	op: 2000 - -1000 * -0.999792 = 1000.21
time: 181	PE: 5	op: 0 - -1e+06 * -3.0303e-09 = -0.0030303
time: 181	PE: 6	op: -2216.31 / 3.54513 = -625.171
time: 181	PE: 7	op: -0.000324675 - -0.714286 * -1 = -0.71461
time: 181	PE: 8	op: 0 - 1.2987 * -1 = 1.2987
time: 181	PE: 9	op: -0.01 / 2.01 = -0.00497512
Ax[40641] = 0
time: 182	PE: 0	op: 0 - -4.06174 * -0.00407628 = -0.0165568
time: 182	PE: 1	op: 2000 - -1000 * -1 = 1000
time: 182	PE: 2	op: -9.55319e-13 / 0.0100136 = -9.54023e-11
time: 182	PE: 3	op: 8.54271 - 18.1952 * -1 = 26.738
time: 182	PE: 4	op: -1000 / 1000 = -1
time: 182	PE: 5	op: 0 - -0.20809 * -0.999792 = -0.208046
time: 182	PE: 6	op: -5e-08 / 0.000110555 = -0.000452262
time: 182	PE: 7	op: -0.0001 / 0.000110555 = -0.904525
time: 182	PE: 8	op: 0 - -1 * 100001 = 100001
Ax[40641] = 0
time: 183	PE: 0	op: -1000 / 1000.02 = -0.999984
time: 183	PE: 1	op: 0 - -1.00006e-12 * -1 = -1.00006e-12
time: 183	PE: 2	op: -0.01138 / 1000.02 = -1.13798e-05
time: 183	PE: 3	op: -0.0005 / 1000.02 = -4.99992e-07
time: 183	PE: 4	op: 4.06224 - -4.06174 * -0.976157 = 0.0973468
time: 183	PE: 5	op: 0 - 0.00584427 * -0.976157 = 0.00570493
time: 183	PE: 6	op: 0 - 0.0171233 * -1 = 0.0171233
time: 183	PE: 7	op: -3.33333e-05 - -100000 * -1.18e-35 = -3.33333e-05
time: 183	PE: 8	op: -7047.87 - 1 * 22553.2 = -29601.1
Ax[40641] = 0
time: 184	PE: 0	op: -1.01839e-12 / 0.0100136 = -1.01701e-10
time: 184	PE: 1	op: -1.38368e-16 / 0.0100136 = -1.38181e-14
time: 184	PE: 2	op: -1.33333e-06 - -1 * -0.71461 = -0.714612
time: 184	PE: 3	op: 0 - -1000 * -1.00006e-15 = -1.00006e-12
time: 184	PE: 4	op: 0.882613 - -0.882613 * -1 = 2.63039e-07
time: 184	PE: 5	op: -4.48531e-08 / 0.882613 = -5.08185e-08
time: 184	PE: 6	op: -3.20513 / 3.54513 = -0.904094
time: 184	PE: 7	op: -7.69231e-05 - -18.1961 * -1 = -18.1962
time: 184	PE: 8	op: 0.0172414 / 1 = 0.0172414
Ax[40641] = 0
time: 185	PE: 0	op: 1000.29 - -0.0005 * -4.99992e-07 = 1000.29
time: 185	PE: 1	op: 0 - -0.011408 * -4.99992e-07 = -5.70393e-09
time: 185	PE: 2	op: 0 - -1000 * -4.99992e-07 = -0.000499992
time: 185	PE: 3	op: 0 - -0.0005 * -0.999984 = -0.000499992
time: 185	PE: 4	op: 0 - -0.011408 * -0.999984 = -0.0114079
time: 185	PE: 5	op: -1.01839e-12 / 0.0100136 = -1.01701e-10
time: 185	PE: 6	op: -9.55319e-13 / 0.0100136 = -9.54023e-11
time: 185	PE: 7	op: -3.19068e-12 / 0.0973468 = -3.27764e-11
time: 185	PE: 8	op: -0.0005 / 0.0973468 = -0.00513627
time: 185	PE: 9	op: 1000 - 1.84434e-12 * -1.00006e-15 = 1000
time: 185	PE: 11	op: 23.8995 - -1 * -24.8995 = -1
Ax[40641] = 0
time: 186	PE: 0	op: 0 - -1000 * -1.14079e-05 = -0.0114079
time: 186	PE: 1	op: 1000.01 - -1000 * -0.999984 = 0.0245175
time: 186	PE: 2	op: 0.0114746 - -0.011408 * -1.14079e-05 = 0.0114745
time: 186	PE: 3	op: 0 - -0.0005 * -1.14079e-05 = -5.70393e-09
time: 186	PE: 4	op: 3000.12 - -1.00041e-12 * 7.09336e-08 = 3000.12
time: 186	PE: 5	op: 0 - -4.48531e-08 * -1 = -4.48531e-08
time: 186	PE: 6	op: -0.0454545 / 0.0454712 = -0.999634
time: 186	PE: 7	op: -0.0005 / 0.71875 = -0.000695652
time: 186	PE: 8	op: 0.0401614 / -0.0401614 = -1
time: 186	PE: 10	op: 0 - 0.000275093 * -66142.2 = 18.1952
Ax[40641] = 0
time: 187	PE: 0	op: 0.697998 - -1.00007e-12 * 1.84433e-15 = 0.697998
time: 187	PE: 1	op: 3000 - -1000 * -1 = 2000
time: 187	PE: 2	op: 0 - -1000 * 1.84433e-15 = 1.84433e-12
time: 187	PE: 3	op: 0.882628 - -1.55006e-05 * -1.75618e-05 = 0.882628
time: 187	PE: 4	op: 0 - -1000 * -1.65452e-09 = -1.65452e-06
time: 187	PE: 5	op: 0 - -3.20513 * -691.489 = -2216.31
time: 187	PE: 6	op: 0 - -1.55006e-05 * -0.999982 = -1.55003e-05
time: 187	PE: 7	op: -0.000606061 - -1.2987 * -1 = -1.29931
Ax[40641] = 0
time: 188	PE: 0	op: 0.0191026 - 0.00584418 * -0.00407628 = 0.0191264
time: 188	PE: 1	op: 0 - -4.06174 * -0.00407628 = -0.0165568
time: 188	PE: 2	op: -1.38368e-16 / 0.0100136 = -1.38181e-14
time: 188	PE: 3	op: 8.53859 - -1.99991e-31 * -2e-36 = 8.53859
time: 188	PE: 4	op: -1.33333e-06 - -0.71461 * -1 = -0.714612
time: 188	PE: 5	op: 0 - -0.71461 * -2325.58 = -1661.88
time: 188	PE: 6	op: -1.65513e-06 / 0.0454712 = -3.63996e-05
time: 188	PE: 7	op: -0.0454545 / 0.0454712 = -0.999634
time: 188	PE: 8	op: 3878.88 - -1.99991e-31 * 1705.43 = 3878.88
Ax[40641] = 0
time: 189	PE: 0	op: 100000 - -0.01 * -0.00497512 = 100000
time: 189	PE: 2	op: 1000.03 - 0.0171233 * -1.65452e-09 = 1000.03
time: 189	PE: 3	op: 0 - -0.0030303 * -625.171 = -1.89446
time: 189	PE: 4	op: -3.19068e-12 / 0.0973468 = -3.27764e-11
time: 189	PE: 5	op: -0.0005 / 0.0973468 = -0.00513627
time: 189	PE: 6	op: 0 - -0.882613 * -1.75618e-05 = -1.55003e-05
time: 189	PE: 7	op: 0 - 0.0171233 * -1 = 0.0171233
time: 189	PE: 8	op: -7.69231e-05 - -18.1961 * -1 = -18.1962
Ax[40641] = 0
time: 190	PE: 0	op: 1000.1 - -1000 * -1 = 0.104919
time: 190	PE: 1	op: -100000 - -0.714612 * -0.000695652 = -100000
time: 190	PE: 2	op: 0 - -0.0245335 * -9.54023e-11 = -2.34055e-12
time: 190	PE: 3	op: 1.84432e-12 / 1000 = 1.84432e-15
time: 190	PE: 4	op: 1.84431e-12 / 1000 = 1.84431e-15
time: 190	PE: 5	op: 1.00101e+06 - -1000 * -1 = 1.00001e+06
time: 190	PE: 6	op: 1000 - -1e-12 * -6.95e-11 = 1000
Ax[40641] = 0
time: 191	PE: 0	op: 0 - -1000 * -1.13798e-05 = -0.0113798
time: 191	PE: 1	op: 0 - -1000 * -4.99992e-07 = -0.000499992
time: 191	PE: 2	op: -1000 / 1000 = -1
time: 191	PE: 3	op: 0 - -1.00007e-12 * -1 = -1.00007e-12
time: 191	PE: 4	op: -0.0165568 / 0.0973468 = -0.170081
time: 191	PE: 5	op: 0 - -0.0005 * -1.13798e-05 = -5.68992e-09
time: 191	PE: 6	op: 0 - -1 * -1 = -1
time: 191	PE: 7	op: 3878.88 - -2e-31 * -2325.58 = 3878.88
time: 191	PE: 8	op: 100000 - -0.00045847 * -0.047619 = 100000
Ax[40641] = 0
time: 192	PE: 0	op: 1000.01 - -1000 * -0.999984 = 0.0245175
time: 192	PE: 1	op: 0.0439524 / 0.0245175 = 1.79269
time: 192	PE: 2	op: -0.0524333 / 0.0245175 = -2.1386
time: 192	PE: 4	op: -0.000499992 / 0.0245175 = -0.0203932
time: 192	PE: 5	op: 0 - -0.0005 * -0.999984 = -0.000499992
time: 192	PE: 6	op: -0.0114079 / 0.0245175 = -0.465294
time: 192	PE: 7	op: 0 - -0.0030303 * -0.904094 = -0.00273968
time: 192	PE: 8	op: 0.882613 - -1 * 0.0172414 = 0.899854
time: 192	PE: 9	op: 0 - 1.84434e-12 * -1 = 1.84434e-12
time: 192	PE: 10	op: 0.882644 - -0.882613 * -0.999982 = 4.67381e-05
time: 192	PE: 11	op: -3.33333e-05 - -8.33958 * -1 = -8.33962
Ax[40641] = 0
time: 193	PE: 0	op: 0 - 0.00570484 * -0.00513627 = 2.93016e-05
time: 193	PE: 1	op: 0 - 0.00570484 * -3.27764e-11 = 1.86984e-13
time: 193	PE: 2	op: 0 - -3.19068e-12 * -0.00513627 = -1.63882e-14
time: 193	PE: 3	op: 0 - -0.01138 * -0.999984 = -0.0113798
time: 193	PE: 4	op: 0.0114745 - -0.0001 * -0.904525 = 0.011384
time: 193	PE: 6	op: -1000 / 1000 = -1
time: 193	PE: 7	op: 1.2987 / 1 = 1.2987
Ax[40641] = 0
time: 194	PE: 0	op: 0.0159412 - -3.19068e-12 * -3.27764e-11 = 0.0159412
time: 194	PE: 1	op: 0.428955 - -1.00005e-12 * -9.54023e-11 = 0.428955
time: 194	PE: 2	op: 0 - 0.0171233 * -0.999634 = 0.017117
time: 194	PE: 3	op: 1000.05 - -0.0245335 * -1.01701e-10 = 1000.05
time: 194	PE: 5	op: 0.0262349 - 0.0245335 * -1.38181e-14 = 0.0262349
time: 194	PE: 6	op: -2.40746e-07 - 0.0245335 * -9.54023e-11 = -2.40744e-07
time: 194	PE: 7	op: 0 - -99995.3 * 1705.43 = 1.70535e+08
Ax[40641] = 0
time: 195	PE: 0	op: 0 - -0.0005 * -3.27764e-11 = -1.63882e-14
time: 195	PE: 1	op: 0.697998 - -1.00005e-12 * -9.54023e-11 = 0.697998
time: 195	PE: 2	op: -0.0165568 / 0.0973468 = -0.170081
time: 195	PE: 3	op: 3000.12 - -0.0521263 * -1.0005e-15 = 3000.12
time: 195	PE: 4	op: -0.0490669 - 0.0245335 * -1.01701e-10 = -0.0490669
time: 195	PE: 5	op: -2.40744e-07 - 0.0245335 * -9.54023e-11 = -2.40741e-07
time: 195	PE: 6	op: -1.65452e-06 / 0.0454712 = -3.63861e-05
time: 195	PE: 7	op: 1000 - -0.00167228 * -2.27181e-10 = 1000
Ax[40641] = 0
time: 196	PE: 0	op: 0.0459806 - -0.0454545 * -0.999634 = 0.000542735
time: 196	PE: 2	op: -0.0245335 - -0.0245335 * -1.38181e-14 = -0.0245335
time: 196	PE: 3	op: 0 - -0.0245335 * -9.54023e-11 = -2.34055e-12
time: 196	PE: 4	op: 1000.05 - -0.0245335 * -1.01701e-10 = 1000.05
time: 196	PE: 6	op: 0 - -1.00005e-12 * -1.01701e-10 = -1.01706e-22
time: 196	PE: 7	op: -4.47094e-13 / 100000 = -4.47093e-18
time: 196	PE: 8	op: -0.714612 / 0.71875 = -0.994242
time: 196	PE: 9	op: -1661.88 / 0.71875 = -2312.19
time: 196	PE: 10	op: 0 - 1 * -0.0401614 = 0.0401614
Ax[40641] = 0
time: 197	PE: 0	op: 0.0159412 - -3.19068e-12 * -3.27764e-11 = 0.0159412
time: 197	PE: 1	op: 1000.03 - 0.0171233 * -3.63996e-05 = 1000.03
time: 197	PE: 2	op: 0 - -3.19068e-12 * -0.00513627 = -1.63882e-14
time: 197	PE: 3	op: 0 - 0.0171233 * -0.999634 = 0.017117
time: 197	PE: 4	op: -2.10661e-11 / 100000 = -2.10661e-16
time: 197	PE: 5	op: -0.0490669 - 0.0245335 * -1.01701e-10 = -0.0490669
time: 197	PE: 6	op: -1.15609 / 100000 = -1.15609e-05
time: 197	PE: 7	op: 0.0113214 - -0.01138 * -1.13798e-05 = 0.0113212
time: 197	PE: 9	op: 100001 - -100000 * -0.999911 = 10.1958
Ax[40641] = 0
time: 198	PE: 0	op: 0 - -1.00006e-12 * 1.84431e-15 = 1.84443e-27
time: 198	PE: 1	op: 0.104858 - -1.00006e-12 * 1.84432e-15 = 0.104858
time: 198	PE: 2	op: 0 - 0.00570493 * -0.00513627 = 2.93021e-05
time: 198	PE: 3	op: 0 - 0.00570493 * -3.27764e-11 = 1.86987e-13
time: 198	PE: 4	op: 0 - -0.0005 * -3.27764e-11 = -1.63882e-14
time: 198	PE: 5	op: 0.00333093 - -1.00005e-12 * -1.38181e-14 = 0.00333093
time: 198	PE: 6	op: 8.53859 - 18.1952 * -1 = 26.7338
time: 198	PE: 7	op: -2.46305e-06 - -100000 * -1.18e-35 = -2.46305e-06
time: 198	PE: 8	op: 0.0262349 - 0.0245335 * -1.38181e-14 = 0.0262349
Ax[40641] = 0
time: 199	PE: 0	op: 0 - -1.00007e-12 * 1.84432e-15 = 1.84444e-27
time: 199	PE: 1	op: 0.0191264 - 0.00570493 * -0.170081 = 0.0200967
time: 199	PE: 2	op: 0 - -0.0005 * -0.170081 = -8.50403e-05
time: 199	PE: 3	op: 0.0439729 / 0.0245175 = 1.79353
time: 199	PE: 4	op: -0.0113798 / 0.0245175 = -0.464151
time: 199	PE: 5	op: -0.000499992 / 0.0245175 = -0.0203932
time: 199	PE: 7	op: 0 - -0.01138 * -4.99992e-07 = -5.68992e-09
time: 199	PE: 8	op: 0 - -0.882613 * -5.08185e-08 = -4.48531e-08
Ax[40641] = 0
time: 200	PE: 0	op: -0.00847113 - -0.00847216 * -2.1386 = -0.0265897
time: 200	PE: 1	op: -0.104261 - -0.00847216 * -0.0203932 = -0.104434
time: 200	PE: 2	op: -3.90684e-08 - -0.00847216 * -0.465294 = -0.00394208
time: 200	PE: 3	op: 0.0690622 - -0.00847216 * 1.79269 = 0.0842502
time: 200	PE: 4	op: -0.0608957 - -8.78993e-06 * 1.79269 = -0.0608799
time: 200	PE: 5	op: -0.0521361 - -0.000499992 * 1.79269 = -0.0512398
time: 200	PE: 6	op: -0.00149684 - -1.00006e-12 * -1 = -0.00149684
time: 200	PE: 7	op: 0 - -8.78993e-06 * -0.0203932 = -1.79255e-07
time: 200	PE: 8	op: 0.165768 - -8.78993e-06 * -2.1386 = 0.16575
time: 200	PE: 9	op: 0 - -0.000499992 * -2.1386 = -0.00106929
time: 200	PE: 10	op: 0 - -8.78993e-06 * -0.465294 = -4.0899e-06
time: 200	PE: 11	op: -5.70393e-09 - -0.000499992 * -0.465294 = -0.000232649
time: 200	PE: 12	op: 0 - -0.0454545 * -3.63996e-05 = -1.65453e-06
time: 200	PE: 13	op: -6.57462 / 1.00001e+06 = -6.57458e-06
time: 200	PE: 14	op: -2216.31 / 3.54513 = -625.171
Ax[40641] = 0
time: 201	PE: 0	op: 3.28015e-05 - -0.0114079 * 1.79269 = 0.0204836
time: 201	PE: 1	op: 1000.29 - -0.000499992 * -0.0203932 = 1000.29
time: 201	PE: 2	op: -5.70393e-09 - -0.0114079 * -0.0203932 = -0.000232649
time: 201	PE: 3	op: 0 - -3.19068e-12 * -0.170081 = -5.42672e-13
time: 201	PE: 5	op: 0 - -1.00005e-12 * -1.01701e-10 = -1.01706e-22
time: 201	PE: 6	op: -2.46305e-06 - -1.29931 * -1 = -1.29931
time: 201	PE: 7	op: 0 - 1.2987 * -1 = 1.2987
time: 201	PE: 8	op: 100000 - -1 * 1.2987 = 100001
time: 201	PE: 9	op: 1.70535e+08 - -100000 * -2325.58 = -6.20235e+07
Ax[40641] = 0
time: 202	PE: 0	op: 0.000542735 - -0.0005 * -0.00513627 = 0.000540166
time: 202	PE: 1	op: 0 - -0.0114079 * -2.1386 = -0.0243969
time: 202	PE: 2	op: -0.0524496 / 0.0245175 = -2.13927
time: 202	PE: 3	op: 0.011384 - -0.0114079 * -0.465294 = 0.00607602
time: 202	PE: 4	op: 0 - -1.00007e-12 * -1 = -1.00007e-12
time: 202	PE: 5	op: -1000 / 1000.05 = -0.999951
time: 202	PE: 6	op: -100000 / 100000 = -1
time: 202	PE: 7	op: 0.0033309 - -1.00005e-12 * -1.38181e-14 = 0.0033309
time: 202	PE: 8	op: -1.55003e-05 / 4.67381e-05 = -0.331641
time: 202	PE: 9	op: -1000 / 1000 = -1
time: 202	PE: 10	op: 3878.88 - -1.99991e-31 * 1705.43 = 3878.88
Ax[40641] = 0
time: 203	PE: 0	op: 0 - -3.19068e-12 * -0.170081 = -5.42672e-13
time: 203	PE: 1	op: 0.0191264 - 0.00570484 * -0.170081 = 0.0200967
time: 203	PE: 2	op: -2.03347e-07 - -1000 * 1.84432e-15 = -2.03345e-07
time: 203	PE: 3	op: -0.0245335 - -0.0245335 * -1.38181e-14 = -0.0245335
time: 203	PE: 4	op: 0 - -1000 * 1.84431e-15 = 1.84431e-12
time: 203	PE: 5	op: 1000 - -1000 * -1 = 0.00152588
time: 203	PE: 6	op: 0 - -1.00006e-12 * -1 = -1.00006e-12
time: 203	PE: 7	op: -0.0245335 / 1000.05 = -2.45323e-05
time: 203	PE: 8	op: -2.34055e-12 / 1000.05 = -2.34043e-15
Ax[40641] = 0
time: 204	PE: 0	op: 0 - -0.0005 * -0.170081 = -8.50403e-05
time: 204	PE: 2	op: 2000 - -1000 * -1 = 1000
time: 204	PE: 3	op: -1000 / 1000.05 = -0.999951
time: 204	PE: 4	op: -2.34055e-12 / 1000.05 = -2.34044e-15
time: 204	PE: 5	op: 0 - -100000 * -4.47093e-18 = -4.47093e-13
time: 204	PE: 6	op: 1.84434e-12 / 1000 = 1.84434e-15
time: 204	PE: 7	op: -1 / 2.63039e-07 = -3.80172e+06
time: 204	PE: 8	op: -1e+06 / 1.00001e+06 = -0.999993
time: 204	PE: 9	op: 3878.88 - -2e-31 * -2325.58 = 3878.88
Ax[40641] = 0
time: 205	PE: 0	op: 0 - -1 * -3.20513 = -3.20513
time: 205	PE: 1	op: 1000.03 - 0.0171233 * -3.63861e-05 = 1000.03
time: 205	PE: 2	op: 3000.12 - -1e-12 * -1.6631e-13 = 3000.12
time: 205	PE: 3	op: 0.0113212 - -4.48531e-08 * -5.08185e-08 = 0.0113212
time: 205	PE: 4	op: -7047.87 - 1 * 22553.2 = -29601.1
time: 205	PE: 5	op: 1000 - 0.00167203 * -1.03213e-15 = 1000
time: 205	PE: 6	op: 0 - -0.0005 * -2312.19 = -1.15609
Ax[40641] = 0
time: 206	PE: 0	op: -0.0265897 / 0.0842502 = -0.315604
time: 206	PE: 1	op: 0.052125 / 0.0842502 = 0.618693
time: 206	PE: 2	op: -3.07156e-08 / 0.0842502 = -3.64576e-07
time: 206	PE: 3	op: -0.104434 / 0.0842502 = -1.23957
time: 206	PE: 4	op: -0.00394208 / 0.0842502 = -0.0467902
time: 206	PE: 5	op: 0 - -0.0454545 * -3.63861e-05 = -1.65391e-06
time: 206	PE: 6	op: 0 - -3.20513 * -1 = -3.20513
time: 206	PE: 8	op: 3.02838e-05 - -5e-08 * -0.000452262 = 3.02838e-05
time: 206	PE: 9	op: -2.46305e-06 - -100000 * -2.10661e-16 = -2.46308e-06
Ax[40641] = 0
time: 207	PE: 0	op: -3.89443e-08 - -0.00846797 * -0.464151 = -0.00393046
time: 207	PE: 1	op: -0.104264 - -0.00846797 * -0.0203932 = -0.104436
time: 207	PE: 2	op: 0.0690012 - -0.00846797 * 1.79353 = 0.0841887
time: 207	PE: 3	op: -0.0609078 - -8.79143e-06 * 1.79353 = -0.060892
time: 207	PE: 4	op: -0.0521374 - -0.000499992 * 1.79353 = -0.0512407
time: 207	PE: 5	op: 0 - -8.79143e-06 * -0.0203932 = -1.79286e-07
time: 207	PE: 6	op: 0 - -8.79143e-06 * -0.464151 = -4.08055e-06
time: 207	PE: 7	op: -5.90855e-11 - -4.00676e-13 * -2.10661e-16 = -5.90855e-11
time: 207	PE: 8	op: -5.68992e-09 - -0.000499992 * -0.464151 = -0.000232077
time: 207	PE: 9	op: -2.32558e+08 - -99995.3 * 1705.43 = -6.20235e+07
time: 207	PE: 10	op: 0 - -2.11125e-11 * -1.15609e-05 = -2.4408e-16
Ax[40641] = 0
time: 208	PE: 0	op: 0.000155321 - -0.0113798 * 1.79353 = 0.0205654
time: 208	PE: 1	op: 0.428955 - -1.00007e-12 * 1.84431e-15 = 0.428955
time: 208	PE: 2	op: -4.48531e-08 / 2.63039e-07 = -0.170519
time: 208	PE: 3	op: -5.81108e-11 - -2.11125e-11 * -4.47093e-18 = -5.81108e-11
time: 208	PE: 4	op: -100000 - -0.0005 * -0.994242 = -100000
time: 208	PE: 5	op: 100001 / -0.000275106 = -3.63501e+08
time: 208	PE: 6	op: 10.1958 - -1.18e-30 * -1.18e-35 = 10.1958
Ax[40641] = 0
time: 209	PE: 0	op: -0.00149663 / 0.00152588 = -0.980834
time: 209	PE: 1	op: -2.03345e-07 / 0.00152588 = -0.000133264
time: 209	PE: 2	op: -0.0245335 / 1000.05 = -2.45323e-05
time: 209	PE: 3	op: 1.84431e-12 / 0.00152588 = 1.20869e-09
time: 209	PE: 4	op: 0.0167885 - -4.00676e-13 * -4.47093e-18 = 0.0167885
time: 209	PE: 5	op: 0 - -5e-08 * -0.904525 = -4.52262e-08
time: 209	PE: 6	op: 0 - -0.0001 * -0.000452262 = -4.52262e-08
time: 209	PE: 7	op: -100000 - -0.714612 * -0.000695652 = -100000
Ax[40641] = 0
time: 210	PE: 0	op: -0.00846694 - -0.00846797 * -2.13927 = -0.0265822
time: 210	PE: 1	op: 0 - -0.000499992 * -2.13927 = -0.00106962
time: 210	PE: 2	op: 0 - -0.0113798 * -2.13927 = -0.0243445
time: 210	PE: 3	op: 1000.03 - -1000 * -0.999951 = 0.0788398
time: 210	PE: 4	op: -1000 / 1000 = -1
time: 210	PE: 5	op: -5.68992e-09 - -0.0113798 * -0.0203932 = -0.000232077
time: 210	PE: 6	op: -0.00170851 - -0.0490669 * -0.999951 = -0.050773
time: 210	PE: 7	op: 1.00101e+06 - -1000 * -1 = 1.00001e+06
time: 210	PE: 8	op: 3878.88 - 18.1952 * 310.078 = -1763.06
time: 210	PE: 9	op: 0.0401614 / -0.0401614 = -1
Ax[40641] = 0
time: 211	PE: 0	op: 0.165829 - -8.79143e-06 * -2.13927 = 0.165811
time: 211	PE: 1	op: -0.00503969 - -1000 * -2.34043e-15 = -0.00503969
time: 211	PE: 2	op: -0.00837087 - -1.01706e-22 * -0.999951 = -0.00837087
time: 211	PE: 3	op: 1.84433e-12 / 1000 = 1.84433e-15
time: 211	PE: 4	op: 0 - -4.00676e-13 * -1 = -4.00676e-13
time: 211	PE: 5	op: 0.00333093 - -1.01706e-22 * -2.45323e-05 = 0.00333093
time: 211	PE: 6	op: -0.000606061 - -1 * -1.2987 = -1.29931
time: 211	PE: 7	op: 200000 - -1.18e-30 * -1.18e-35 = 200000
Ax[40641] = 0
time: 212	PE: 0	op: 1e+06 - -1e+06 * -0.999993 = 6.55651
time: 212	PE: 1	op: 0.104919 - -1.00006e-12 * 1.84434e-15 = 0.104919
time: 212	PE: 2	op: 0.697998 - -1.01706e-22 * -2.34044e-15 = 0.697998
time: 212	PE: 3	op: -0.00503964 - -1000 * -2.34044e-15 = -0.00503964
time: 212	PE: 4	op: 0 - -1000 * 1.84434e-15 = 1.84434e-12
time: 212	PE: 5	op: 1000.03 - -1000 * -0.999951 = 0.0788398
time: 212	PE: 6	op: -3.00339e-05 / 3.02838e-05 = -0.99175
time: 212	PE: 7	op: 0.0830078 - -0.037037 * -0.999734 = 0.0459806
Ax[40641] = 0
time: 213	PE: 0	op: 0.0521263 / 0.0841887 = 0.61916
time: 213	PE: 1	op: -5.88356e-10 / 0.0841887 = -6.98854e-09
time: 213	PE: 2	op: -0.00393046 / 0.0841887 = -0.0466862
time: 213	PE: 3	op: -0.104436 / 0.0841887 = -1.2405
time: 213	PE: 4	op: 1e+06 - -3.20513 * -0.904094 = 999997
time: 213	PE: 5	op: -0.00170849 - -0.0490669 * -0.999951 = -0.050773
time: 213	PE: 6	op: -2.40741e-07 - -0.0490669 * -2.34044e-15 = -2.40741e-07
time: 213	PE: 7	op: 0 - -3.11007e-05 * -0.331641 = -1.03143e-05
time: 213	PE: 8	op: 0 - -1e+06 * -6.57458e-06 = -6.57458
time: 213	PE: 9	op: 0 - -1 * 3.20513 = 3.20513
time: 213	PE: 10	op: -29601.1 / -1 = 29601.1
Ax[40641] = 0
time: 214	PE: 0	op: 1000.29 - -0.0512398 * -1.23957 = 1000.23
time: 214	PE: 2	op: -1.0005e-12 - 0.0430938 * -1.23957 = 0.0534177
time: 214	PE: 3	op: -0.052125 - -0.0512398 * 0.618693 = -0.0204233
time: 214	PE: 4	op: -0.000232649 - 0.0204836 * -1.23957 = 0.0251581
time: 214	PE: 5	op: -1.66988e-05 - -0.0608799 * 0.618693 = 0.0376493
time: 214	PE: 6	op: 0 - -0.0608799 * -3.64576e-07 = -2.21954e-08
time: 214	PE: 7	op: -1.79255e-07 - -0.0608799 * -1.23957 = -0.075465
time: 214	PE: 8	op: -1.34421e-08 - 0.0204836 * 0.618693 = -0.012673
time: 214	PE: 9	op: 0.428955 - -1.01706e-22 * -2.34043e-15 = 0.428955
time: 214	PE: 10	op: 0 - -0.0512398 * -3.64576e-07 = -1.86808e-08
time: 214	PE: 11	op: -2.9463e-05 - 0.0204836 * -3.64576e-07 = -2.94556e-05
time: 214	PE: 12	op: -3.20513 / 3.54513 = -0.904094
Ax[40641] = 0
time: 215	PE: 0	op: -0.423703 - 0.0430938 * -3.64576e-07 = -0.423703
time: 215	PE: 1	op: 0.609889 - 0.0430938 * 0.618693 = 0.583227
time: 215	PE: 2	op: 5.85513e-06 - 0.0430938 * -0.0467902 = 0.00202222
time: 215	PE: 3	op: 0.16575 - -0.0608799 * -0.315604 = 0.146536
time: 215	PE: 5	op: -0.00106929 - -0.0512398 * -0.315604 = -0.0172408
time: 215	PE: 6	op: -4.0899e-06 - -0.0608799 * -0.0467902 = -0.00285267
time: 215	PE: 7	op: -0.00837078 - -1.01706e-22 * -0.999951 = -0.00837078
time: 215	PE: 8	op: -2.40744e-07 - -0.0490669 * -2.34043e-15 = -2.40744e-07
time: 215	PE: 9	op: 0.0262349 - -0.0490669 * -2.45323e-05 = 0.0262337
Ax[40641] = 0
time: 216	PE: 0	op: -0.0265822 / 0.0841887 = -0.315746
time: 216	PE: 1	op: -0.349243 - -0.0431233 * 0.618693 = -0.322563
time: 216	PE: 2	op: 0 - -0.0431233 * -1.23957 = -0.0534543
time: 216	PE: 3	op: 0 - -3.20513 * -0.000854779 = -0.00273968
time: 216	PE: 4	op: -0.0524373 - 0.0430938 * -0.315604 = -0.0388367
time: 216	PE: 5	op: -6.57462 / 1.00001e+06 = -6.57458e-06
time: 216	PE: 6	op: -1e+06 / 1.00001e+06 = -0.999993
time: 216	PE: 7	op: 0 - -4.48531e-08 * -3.80172e+06 = -0.170519
time: 216	PE: 8	op: -3.11007e-05 / 4.67381e-05 = -0.665425
time: 216	PE: 9	op: -4.52262e-08 / 3.02838e-05 = -0.00149342
time: 216	PE: 10	op: 1.2987 / 1 = 1.2987
time: 216	PE: 11	op: 3878.88 - 18.1952 * 310.078 = -1763.06
Ax[40641] = 0
time: 217	PE: 0	op: 1.84443e-27 - -0.00149684 * 1.20869e-09 = 1.80921e-12
time: 217	PE: 1	op: 0.104858 - -0.00149684 * -0.000133264 = 0.104858
time: 217	PE: 2	op: 0.00607602 - 0.0204836 * -0.0467902 = 0.00703445
time: 217	PE: 3	op: -0.000232649 - -0.0512398 * -0.0467902 = -0.00263017
time: 217	PE: 4	op: 0 - -1.00029e-12 * 1.20869e-09 = 1.20903e-21
time: 217	PE: 5	op: 1000 - -1.00029e-12 * -0.980834 = 1000
time: 217	PE: 6	op: 0.00149663 - -0.00149684 * -0.980834 = 2.84848e-05
time: 217	PE: 7	op: 0.0113212 - -0.0113798 * -0.464151 = 0.00603927
time: 217	PE: 8	op: -0.000606061 - -1.2987 * -1 = -1.29931
Ax[40641] = 0
time: 218	PE: 0	op: 1.84444e-27 - -1.00007e-12 * -0.000133264 = -1.33273e-16
time: 218	PE: 1	op: 0 - -0.0431233 * -0.315604 = -0.0136099
time: 218	PE: 2	op: -0.0243969 - 0.0204836 * -0.315604 = -0.0179322
time: 218	PE: 4	op: -1.00029e-12 - -1.00029e-12 * -0.000133264 = -1.00042e-12
time: 218	PE: 5	op: 1000 - -1000 * -1 = 0.00152588
time: 218	PE: 6	op: 1.84434e-12 / 1000 = 1.84434e-15
time: 218	PE: 7	op: 0 - -1.00007e-12 * -0.980834 = -9.80901e-13
time: 218	PE: 8	op: -2.46305e-06 - -2.11125e-11 * -1 = -2.46308e-06
Ax[40641] = 0
time: 219	PE: 0	op: 0 - -1.00006e-12 * 1.84433e-15 = 1.84445e-27
time: 219	PE: 1	op: 0.697998 - -1.00007e-12 * 1.84433e-15 = 0.697998
time: 219	PE: 3	op: 999997 - 3.20513 * -1 = 1e+06
time: 219	PE: 4	op: 0 - -1000 * 1.84433e-15 = 1.84433e-12
time: 219	PE: 6	op: 3000.12 - -1.00041e-12 * -7.09336e-08 = 3000.12
time: 219	PE: 7	op: -0.0030303 / 3.54513 = -0.000854779
time: 219	PE: 8	op: -1.29931 / -0.000275106 = 4722.94
Ax[40641] = 0
time: 220	PE: 0	op: -5.85914e-06 - -0.0431233 * -0.0467902 = -0.00202361
time: 220	PE: 1	op: 0.882628 - -1.55003e-05 * -0.331641 = 0.882623
time: 220	PE: 2	op: 0.428955 - -0.0431233 * -3.64576e-07 = 0.428955
time: 220	PE: 3	op: 0.882643 - -3.00339e-05 * -0.99175 = 0.882613
time: 220	PE: 5	op: -0.00149685 - -1.00006e-12 * -1 = -0.00149685
time: 220	PE: 6	op: 0.0459806 - -0.0005 * -0.00513627 = 0.0459781
time: 220	PE: 7	op: -0.000606061 - -1 * -1.2987 = -1.29931
Ax[40641] = 0
time: 221	PE: 1	op: -1.0005e-12 - 0.344718 * -1.2405 = 0.427625
time: 221	PE: 2	op: -0.0521263 - -0.0512407 * 0.61916 = -0.0204001
time: 221	PE: 3	op: -0.692749 - 0.344718 * -6.98854e-09 = -0.692749
time: 221	PE: 4	op: 0 - 0.000275093 * -3.63501e+08 = 99996.6
time: 221	PE: 5	op: -1.67057e-05 - -0.060892 * 0.61916 = 0.0376852
time: 221	PE: 6	op: 0 - -0.060892 * -6.98854e-09 = -4.25546e-10
time: 221	PE: 7	op: -1.79286e-07 - -0.060892 * -1.2405 = -0.0755369
time: 221	PE: 8	op: 0 - -0.0512407 * -6.98854e-09 = -3.58097e-10
time: 221	PE: 10	op: 100000 - -0.0005 * -5e-09 = 100000
time: 221	PE: 11	op: 23.8995 - -1 * -24.8995 = -1
Ax[40641] = 0
time: 222	PE: 0	op: 0.609767 - 0.344718 * 0.61916 = 0.396331
time: 222	PE: 1	op: 4.68368e-05 - 0.344718 * -0.0466862 = 0.0161404
time: 222	PE: 2	op: -4.08055e-06 - -0.060892 * -0.0466862 = -0.0028469
time: 222	PE: 3	op: -4.68636e-05 - -0.344916 * -0.0466862 = -0.0161497
time: 222	PE: 4	op: -0.000232077 - -0.0512407 * -0.0466862 = -0.00262431
time: 222	PE: 5	op: 6.57462 - -6.57462 * -6.57458e-06 = 6.57458
time: 222	PE: 6	op: 0 - -8.33958 * -465.116 = -3878.88
time: 222	PE: 7	op: 0 - -18.1961 * 310.078 = 5642.2
time: 222	PE: 9	op: 0 - -1.00007e-12 * -1 = -1.00007e-12
Ax[40641] = 0
time: 223	PE: 0	op: -0.349113 - -0.344916 * 0.61916 = -0.135554
time: 223	PE: 1	op: 0 - -0.0030303 * -0.904094 = -0.00273968
time: 223	PE: 2	op: 1.20903e-21 / 1000 = 1.20903e-24
time: 223	PE: 3	op: -1000 / 1000 = -1
time: 223	PE: 4	op: 0.00603927 - -4.48531e-08 * -0.170519 = 0.00603927
time: 223	PE: 5	op: -0.050773 / 0.0262337 = -1.93542
time: 223	PE: 6	op: 0.0033309 - -1.01706e-22 * -2.45323e-05 = 0.0033309
time: 223	PE: 7	op: 0 - -1 * 8.33333 = 8.33333
Ax[40641] = 0
time: 224	PE: 0	op: 0.165811 - -0.060892 * -0.315746 = 0.146584
time: 224	PE: 2	op: 0 - -0.344916 * -0.315746 = -0.108906
time: 224	PE: 3	op: -0.00106962 - -0.0512407 * -0.315746 = -0.0172486
time: 224	PE: 4	op: 0 - -0.344916 * -1.2405 = -0.42787
time: 224	PE: 5	op: -1.00042e-12 / 1000 = -1.00042e-15
time: 224	PE: 7	op: 0 - -6.57462 * -0.999993 = -6.57458
time: 224	PE: 8	op: -0.00503968 - -1000 * -2.45323e-05 = -0.0295719
time: 224	PE: 9	op: 10.1958 - -8.89759 * -1 = 1.29826
Ax[40641] = 0
time: 225	PE: 0	op: 0.00703445 - -4.52262e-08 * -0.00149342 = 0.00703445
time: 225	PE: 1	op: -0.0524536 - 0.344718 * -0.315746 = 0.0563897
time: 225	PE: 3	op: 1e+06 - -1e+06 * -0.999993 = 6.86901
time: 225	PE: 4	op: 1.84433e-12 / 0.00152588 = 1.2087e-09
time: 225	PE: 5	op: -2.40744e-07 / 0.0262337 = -9.17691e-06
time: 225	PE: 6	op: 3000.12 - -1.00041e-12 * -0.0019147 = 3000.12
time: 225	PE: 7	op: 0.882644 - -3.11007e-05 * -0.665425 = 0.882623
Ax[40641] = 0
time: 226	PE: 0	op: 0.104919 - -1.00006e-12 * 1.84434e-15 = 0.104919
time: 226	PE: 1	op: 0 - -1.00007e-12 * 1.84434e-15 = 1.84446e-27
time: 226	PE: 2	op: 0.697998 - -0.344916 * -6.98854e-09 = 0.697998
time: 226	PE: 3	op: 0.428955 - -1.00007e-12 * 1.20869e-09 = 0.428955
time: 226	PE: 4	op: -2.03348e-07 - -1000 * 1.84434e-15 = -2.03347e-07
time: 226	PE: 5	op: 0 - -0.170519 * 0.00641026 = 0.00109307
time: 226	PE: 6	op: 0 - -3.20513 * -625.171 = -2003.75
time: 226	PE: 7	op: 0 - -0.0030303 * -625.171 = -1.89446
Ax[40641] = 0
time: 227	PE: 0	op: 1000.23 - -0.0030303 * -0.000854779 = 1000.23
time: 227	PE: 1	op: -9.01619e-08 - 0.0205654 * 0.61916 = -0.0127333
time: 227	PE: 2	op: -0.00149664 / 0.00152588 = -0.980841
time: 227	PE: 3	op: 6.57462 - -6.57462 * -6.57458e-06 = 6.57458
time: 227	PE: 4	op: 0 - -1 * -3.80172e+06 = -3.80172e+06
time: 227	PE: 5	op: 0 - -1 * -0.170519 = -0.170519
time: 227	PE: 6	op: -2.46308e-06 - -1.29931 * -1 = -1.29931
time: 227	PE: 7	op: -2.4408e-16 - -1.29931 * 1705.43 = 2215.87
Ax[40641] = 0
time: 228	PE: 1	op: 0 - -6.57462 * -0.999993 = -6.57458
time: 228	PE: 2	op: 0 - -3.00339e-05 * -0.00149342 = -4.48531e-08
time: 228	PE: 3	op: -2.46305e-06 - 0.000275093 * 4722.94 = -1.29925
time: 228	PE: 4	op: -4.65498e-08 / 6.57458 = -7.08027e-09
time: 228	PE: 5	op: -0.882613 / 0.882613 = -1
time: 228	PE: 6	op: 0 - -1 * -1 = -1
time: 228	PE: 7	op: 1000 - 0.00167205 * -1.03213e-15 = 1000
Ax[40641] = 0
time: 229	PE: 0	op: -0.0243445 - 0.0205654 * -0.315746 = -0.0178511
time: 229	PE: 1	op: -0.000197624 - 0.0205654 * -6.98854e-09 = -0.000197624
time: 229	PE: 2	op: 0 - 8.33333 * -1 = 8.33333
time: 229	PE: 3	op: 0.00603927 - 0.0205654 * -0.0466862 = 0.00699939
time: 229	PE: 4	op: 0 - -1e+06 * -6.57458e-06 = -6.57458
time: 229	PE: 5	op: 100000 - -0.0005 * -0.000695652 = 100000
time: 229	PE: 6	op: -3.33333e-05 - -8.33958 * -1 = -8.33962
Ax[40641] = 0
time: 230	PE: 0	op: -0.000232077 - 0.0205654 * -1.2405 = 0.0252793
time: 230	PE: 1	op: -0.00503963 - -1000 * -2.45323e-05 = -0.0295719
time: 230	PE: 2	op: 200000 - -1.18e-30 * -1.18e-35 = 200000
time: 230	PE: 3	op: 0.0459781 - -0.0454545 * -0.999634 = 0.000540168
time: 230	PE: 4	op: 100000 - -1 * 1.2987 = 100001
Ax[40641] = 0
time: 231	PE: 0	op: 1.80921e-12 - 2.84848e-05 * 1.20903e-24 = 1.80921e-12
time: 231	PE: 1	op: 0 - 2.84848e-05 * -1 = 2.84848e-05
time: 231	PE: 2	op: 0.0788398 - -0.0295719 * -1.93542 = 0.0216058
time: 231	PE: 3	op: -0.00837087 - 0.00333093 * -1.93542 = -0.00192413
time: 231	PE: 4	op: 3000.12 - -5.56905e-06 * -5.21319e-05 = 3000.12
time: 231	PE: 5	op: -1.03143e-05 / 0.882623 = -1.1686e-05
time: 231	PE: 6	op: -0.882613 / 0.882623 = -0.999988
Ax[40641] = 0
time: 232	PE: 1	op: 0.104858 - 2.84848e-05 * -1.00042e-15 = 0.104858
time: 232	PE: 2	op: -2.03347e-07 / 0.00152588 = -0.000133265
time: 232	PE: 3	op: 0 - -1.55003e-05 * -0.665425 = -1.03143e-05
time: 232	PE: 4	op: 0 - 0.714286 * -1 = 0.714286
time: 232	PE: 5	op: -6.20235e+07 - 100001 * -2325.58 = 1.70536e+08
Ax[40641] = 0
time: 233	PE: 0	op: 1000.23 - -1000 * -1 = 0.22699
time: 233	PE: 1	op: -1.33273e-16 - -9.80901e-13 * -1.00042e-15 = -1.33273e-16
time: 233	PE: 2	op: 0 - -1000 * -1.00042e-15 = -1.00042e-12
time: 233	PE: 3	op: 0.428955 - -9.80901e-13 * 1.20903e-24 = 0.428955
time: 233	PE: 4	op: -1.86808e-08 - -1000 * 1.20903e-24 = -1.86808e-08
time: 233	PE: 5	op: 0 - -4.52262e-08 * -0.99175 = -4.48531e-08
time: 233	PE: 6	op: -2003.75 - 3.20513 * -691.489 = 212.558
Ax[40641] = 0
time: 234	PE: 0	op: 1.84445e-27 - -0.00149685 * 1.2087e-09 = 1.80924e-12
time: 234	PE: 1	op: 0 - -1.00029e-12 * 1.2087e-09 = 1.20905e-21
time: 234	PE: 2	op: -0.00503969 - -0.0295719 * -9.17691e-06 = -0.00503996
time: 234	PE: 3	op: 0.0262349 - -0.0490669 * -2.45323e-05 = 0.0262337
time: 234	PE: 4	op: -6.57458 / 6.57458 = -1
time: 234	PE: 5	op: 1 - -3.80172e+06 * 0.00641026 = 24371
time: 234	PE: 6	op: 0 - -3.80172e+06 * -0.00641026 = -24370
Ax[40641] = 0
time: 235	PE: 0	op: 0.697998 - -1.00007e-12 * 1.2087e-09 = 0.697998
time: 235	PE: 1	op: 1000 - -1.00029e-12 * -0.980841 = 1000
time: 235	PE: 2	op: 0 - -1.00007e-12 * -0.980841 = -9.80907e-13
time: 235	PE: 3	op: -4.65498e-08 / 6.57458 = -7.08027e-09
time: 235	PE: 4	op: 0 - -1 * 3.20513 = 3.20513
time: 235	PE: 5	op: 200000 - -100000 * -1 = 100000
time: 235	PE: 6	op: 0 - -1.29931 * 1705.43 = 2215.87
Ax[40641] = 0
time: 236	PE: 0	op: -0.0534543 - -9.80901e-13 * -1 = -0.0534543
time: 236	PE: 1	op: 0.0169822 - 3.05176e-09 * -7.08027e-09 = 0.0169822
time: 236	PE: 2	op: 0 - -6.57458 * -7.08027e-09 = -4.65498e-08
time: 236	PE: 3	op: -4.48531e-08 / 0.882613 = -5.08186e-08
time: 236	PE: 4	op: 1.29826 - -4.43362e-10 * -4.59486e-08 = 1.29826
Ax[40641] = 0
time: 237	PE: 0	op: 0.00149664 - -0.00149685 * -0.980841 = 2.84755e-05
time: 237	PE: 1	op: -0.00239884 / 0.0216058 = -0.111028
time: 237	PE: 2	op: 0.017117 / 0.0216058 = 0.792243
time: 237	PE: 3	op: 3000.12 - -0.0030303 * -3.0303e-09 = 3000.12
time: 237	PE: 4	op: 0.882613 - -0.882613 * -1 = 2.63039e-07
time: 237	PE: 5	op: 0 - -1 * 18.1818 = 18.1818
Ax[40641] = 0
time: 238	PE: 0	op: -0.0524259 / 0.104858 = -0.49997
time: 238	PE: 1	op: -0.0524204 / 0.104858 = -0.499917
time: 238	PE: 2	op: 1.80921e-12 / 0.104858 = 1.72539e-11
time: 238	PE: 3	op: 2.84848e-05 / 0.104858 = 0.000271651
time: 238	PE: 4	op: 0 - -1 * -3.20513 = -3.20513
time: 238	PE: 6	op: -0.00625 - -8.33333 * -1 = -8.33958
time: 238	PE: 7	op: 100001 / -0.000275106 = -3.63501e+08
time: 238	PE: 8	op: 1.70536e+08 - -0.714612 * -2312.19 = 1.70535e+08
Ax[40641] = 0
time: 239	PE: 0	op: 0.428955 - 0.00333093 * -9.17691e-06 = 0.428955
time: 239	PE: 1	op: 0.899854 - -0.882613 * -0.999988 = 0.0172518
time: 239	PE: 2	op: -6.57458 / 6.57458 = -1
time: 239	PE: 3	op: 0 - -0.882613 * -1.1686e-05 = -1.03142e-05
time: 239	PE: 4	op: 5642.2 - -4.00676e-13 * -1.15609e-05 = 5642.2
time: 239	PE: 5	op: 0 - -4.48531e-08 * -1 = -4.48531e-08
Ax[40641] = 0
time: 240	PE: 0	op: 0.104919 - -0.00149685 * -0.000133265 = 0.104919
time: 240	PE: 1	op: -1.00029e-12 - -1.00029e-12 * -0.000133265 = -1.00042e-12
time: 240	PE: 2	op: -0.00503996 / 0.0216058 = -0.233269
time: 240	PE: 3	op: 0 - -1.03143e-05 * -0.999988 = -1.03142e-05
time: 240	PE: 4	op: -2.40741e-07 / 0.0262337 = -9.17681e-06
time: 240	PE: 5	op: 0.882623 - -1.03143e-05 * -1.1686e-05 = 0.882623
time: 240	PE: 6	op: 0.714286 / 1 = 0.714286
Ax[40641] = 0
time: 241	PE: 0	op: 6.55651 - 3.20513 * -1 = 9.76164
time: 241	PE: 1	op: 1.84446e-27 - -1.00007e-12 * -0.000133265 = -1.33274e-16
time: 241	PE: 2	op: 0 - 3.20513 * -691.489 = 2216.31
time: 241	PE: 3	op: 1.20905e-21 / 1000 = 1.20905e-24
time: 241	PE: 4	op: -1000 / 1000 = -1
time: 241	PE: 5	op: -0.170519 / 24371 = -6.99679e-06
time: 241	PE: 6	op: 100000 - -99995.3 * -1 = 4.69531
Ax[40641] = 0
time: 242	PE: 0	op: 6.86901 - -6.57458 * -1 = 0.294431
time: 242	PE: 1	op: 0 - 3.05176e-09 * -1 = 3.05176e-09
time: 242	PE: 2	op: -0.0129203 / 0.0169822 = -0.760816
time: 242	PE: 3	op: -0.050773 / 0.0262337 = -1.93542
time: 242	PE: 4	op: 1.29826 - -2.11125e-11 * -2.10661e-16 = 1.29826
time: 242	PE: 5	op: 212.558 - -8e-31 * 29601.1 = 212.558
Ax[40641] = 0
time: 243	PE: 0	op: 0.0169817 - 3.05176e-09 * -7.08027e-09 = 0.0169817
time: 243	PE: 1	op: 0 - -6.57458 * -7.08027e-09 = -4.65498e-08
time: 243	PE: 2	op: 0.0167885 - 18.1818 * -1 = 18.1986
time: 243	PE: 3	op: -1 / 2.63039e-07 = -3.80172e+06
time: 243	PE: 4	op: 200000 - -100000 * -1 = 100000
time: 243	PE: 5	op: -24370 / 24371 = -0.999959
Ax[40641] = 0
time: 244	PE: 0	op: 0 - -3.20513 * -0.000854779 = -0.00273968
time: 244	PE: 1	op: 0.00703445 - -4.48531e-08 * -5.08186e-08 = 0.00703445
time: 244	PE: 2	op: 0.00594154 / 0.0169822 = 0.349868
time: 244	PE: 3	op: 0 - -0.882613 * -5.08186e-08 = -4.48531e-08
time: 244	PE: 4	op: -1000 - 0.00167203 * -1 = -999.998
time: 244	PE: 5	op: 1.70535e+08 - -100000 * -1.15609e-05 = 1.70535e+08
time: 244	PE: 6	op: 0 - -18.1961 * 310.078 = 5642.2
Ax[40641] = 0
time: 245	PE: 0	op: 0.000540166 - -1.65453e-06 * 0.792243 = 0.000541477
time: 245	PE: 1	op: -7.08708e-05 - -0.00229752 * 0.792243 = 0.00174932
time: 245	PE: 2	op: -9.62987e-09 - -1.65453e-06 * -0.111028 = -1.93328e-07
time: 245	PE: 3	op: 0 - -0.170519 * -0.00641026 = -0.00109307
time: 245	PE: 4	op: -999.998 / 1000 = -0.999998
Ax[40641] = 0
time: 246	PE: 0	op: 0.22699 - -1.00042e-12 * 0.000271651 = 0.22699
time: 246	PE: 2	op: -0.0204233 - -1.00042e-12 * -0.499917 = -0.0204233
time: 246	PE: 3	op: 1000 - -0.00229752 * -0.111028 = 1000
time: 246	PE: 5	op: 0.0376493 - -0.104847 * -0.499917 = -0.0147653
time: 246	PE: 6	op: -2.5e-32 - -0.00192413 * -0.111028 = -0.000213631
time: 246	PE: 7	op: 0.146536 - -0.104847 * -0.49997 = 0.0941154
time: 246	PE: 8	op: 0.428955 - -1.33273e-16 * 1.72539e-11 = 0.428955
time: 246	PE: 9	op: -1.86808e-08 - -1.00042e-12 * 1.72539e-11 = -1.86808e-08
Ax[40641] = 0
time: 247	PE: 0	op: 9.76164 - -3.20513 * -0.904094 = 6.8639
time: 247	PE: 1	op: 0.0534177 - 2.04246e-07 * 0.000271651 = 0.0534177
time: 247	PE: 2	op: -0.0388367 - 2.04246e-07 * -0.49997 = -0.0388366
time: 247	PE: 3	op: 0 - -0.00192413 * 0.792243 = 0.00152438
time: 247	PE: 4	op: -0.423703 - 2.04246e-07 * 1.72539e-11 = -0.423703
time: 247	PE: 5	op: 2216.31 - -3.20513 * -625.171 = 212.558
time: 247	PE: 6	op: 4.69531 - -100000 * -1 = -99995.3
Ax[40641] = 0
time: 248	PE: 0	op: 0.583227 - 2.04246e-07 * -0.499917 = 0.583227
time: 248	PE: 1	op: -2.5e-32 - -0.00229752 * -0.233269 = -0.000535941
time: 248	PE: 2	op: -2.21954e-08 - -0.104847 * 1.72539e-11 = -2.21936e-08
time: 248	PE: 3	op: -0.322563 - -1.33273e-16 * -0.499917 = -0.322563
time: 248	PE: 4	op: 100000 - -1 * 0.714286 = 100001
Ax[40641] = 0
time: 249	PE: 0	op: 1.80924e-12 - 2.84755e-05 * 1.20905e-24 = 1.80924e-12
time: 249	PE: 1	op: 0 - 2.84755e-05 * -1 = 2.84755e-05
time: 249	PE: 2	op: -0.0534543 - -1.33273e-16 * 0.000271651 = -0.0534543
time: 249	PE: 3	op: -3.58097e-10 - -1000 * 1.20905e-24 = -3.58097e-10
time: 249	PE: 4	op: 0 - 3.05176e-09 * -1 = 3.05176e-09
time: 249	PE: 5	op: 0.00594154 / 0.0169817 = 0.349879
time: 249	PE: 6	op: -0.0129203 / 0.0169817 = -0.760839
time: 249	PE: 7	op: -1.03142e-05 / 0.882623 = -1.16858e-05
Ax[40641] = 0
time: 250	PE: 0	op: -0.00302091 - -0.00123931 * -0.760816 = -0.0039638
time: 250	PE: 1	op: 0.0159412 - -0.00573948 * -0.760816 = 0.0115745
time: 250	PE: 2	op: -0.075465 - -0.104847 * 0.000271651 = -0.0754365
time: 250	PE: 3	op: 0 - -4.65498e-08 * -0.760816 = -3.54158e-08
time: 250	PE: 4	op: -0.0136099 - -1.33273e-16 * -0.49997 = -0.0136099
time: 250	PE: 5	op: 3.05176e-09 / 0.0169817 = 1.79709e-07
time: 250	PE: 6	op: -8.33958 / 1 = -8.33958
time: 250	PE: 7	op: -1.29931 / -0.000275106 = 4722.94
Ax[40641] = 0
time: 251	PE: 0	op: -0.0172408 - -1.00042e-12 * -0.49997 = -0.0172408
time: 251	PE: 1	op: 0 - -1.65453e-06 * -0.233269 = -3.8595e-07
time: 251	PE: 2	op: -1.00042e-12 / 1000 = -1.00042e-15
time: 251	PE: 3	op: -0.882613 / 0.882623 = -0.999988
time: 251	PE: 4	op: 100000 - -100000 * -1 = 0
Ax[40641] = 0
time: 252	PE: 0	op: -0.0147653 / 0.0941154 = -0.156885
time: 252	PE: 1	op: -0.00285267 / 0.0941154 = -0.0303104
time: 252	PE: 2	op: 0.697998 - 0.0033309 * -9.17681e-06 = 0.697998
time: 252	PE: 3	op: 0.428955 - -0.00192413 * -0.233269 = 0.428506
time: 252	PE: 4	op: -0.00503964 - -0.0295719 * -9.17681e-06 = -0.00503991
time: 252	PE: 5	op: -0.00837078 - 0.0033309 * -1.93542 = -0.00192411
time: 252	PE: 6	op: 0.00699939 - 0.00109307 * -6.99679e-06 = 0.00699939
time: 252	PE: 7	op: -999.998 / 1000 = -0.999998
time: 252	PE: 8	op: -0.00109307 - 0.00109307 * -0.999959 = -4.48246e-08
Ax[40641] = 0
time: 253	PE: 0	op: 6.8639 - -6.57458 * -1 = 0.289323
time: 253	PE: 1	op: -0.42787 - -9.80907e-13 * -1 = -0.42787
time: 253	PE: 2	op: 0 - -1 * -3.80172e+06 = -3.80172e+06
time: 253	PE: 3	op: -4.48531e-08 / 2.63039e-07 = -0.170519
time: 253	PE: 4	op: 0 - -4.48531e-08 * -3.80172e+06 = -0.170519
Ax[40641] = 0
time: 254	PE: 0	op: -2.21936e-08 / 0.0941154 = -2.35812e-07
time: 254	PE: 1	op: 1000.21 - -1000 * -0.999998 = 0.209677
time: 254	PE: 2	op: 0 - 0.000275093 * -3.63501e+08 = 99996.6
time: 254	PE: 3	op: 100001 / 1 = 100001
Ax[40641] = 0
time: 255	PE: 0	op: 0.0788398 - -0.0295719 * -1.93542 = 0.0216059
time: 255	PE: 1	op: 3.05176e-09 / 0.0169822 = 1.79704e-07
time: 255	PE: 2	op: 0.00559397 - -0.00123931 * 0.349868 = 0.00602757
Ax[40641] = 0
time: 256	PE: 0	op: -0.0754365 / 0.0941154 = -0.801532
time: 256	PE: 1	op: 3000.12 - -1000 * -0.99983 = 2000.29
time: 256	PE: 2	op: -0.0102017 - -0.00573948 * 0.349868 = -0.00819363
Ax[40641] = 0
time: 257	PE: 0	op: -0.00302091 - -0.00123931 * -0.760839 = -0.00396383
time: 257	PE: 1	op: 0.0159412 - -0.00573948 * -0.760839 = 0.0115744
time: 257	PE: 2	op: 0 - -4.65498e-08 * -0.760839 = -3.54169e-08
time: 257	PE: 3	op: 0.00559397 - -0.00123931 * 0.349879 = 0.00602758
time: 257	PE: 4	op: -0.0102017 - -0.00573948 * 0.349879 = -0.00819357
time: 257	PE: 5	op: -99995.3 - -0.714612 * -0.994242 = -99996
time: 257	PE: 6	op: -6.20235e+07 - -0.714612 * -2312.19 = -6.20252e+07
Ax[40641] = 0
time: 258	PE: 0	op: 0 - -0.00573948 * 1.79709e-07 = 1.03144e-09
time: 258	PE: 1	op: 0 - -0.00123931 * 1.79709e-07 = 2.22716e-10
time: 258	PE: 2	op: 0.697998 - -9.80907e-13 * 1.20905e-24 = 0.697998
time: 258	PE: 3	op: 0.294431 - -4.65498e-08 * 1.79709e-07 = 0.294431
Ax[40641] = 0
time: 259	PE: 0	op: 0.104919 - 2.84755e-05 * -1.00042e-15 = 0.104919
time: 259	PE: 1	op: 0 - -1000 * -1.00042e-15 = -1.00042e-12
time: 259	PE: 2	op: 0.0172518 - -1.03142e-05 * -1.16858e-05 = 0.0172518
time: 259	PE: 3	op: 0 - -0.882613 * -1.16858e-05 = -1.03141e-05
time: 259	PE: 4	op: 0 - -4.65498e-08 * 0.349879 = 1.62868e-08
time: 259	PE: 5	op: 0.882644 - -0.882613 * -0.999988 = 4.15826e-05
time: 259	PE: 6	op: 0 - -1.03142e-05 * -0.999988 = -1.03141e-05
Ax[40641] = 0
time: 260	PE: 0	op: 0.583227 - -0.0388366 * -0.156885 = 0.577135
time: 260	PE: 1	op: -0.0204233 - -0.0172408 * -0.156885 = -0.0231281
time: 260	PE: 2	op: 0.00202222 - -0.0388366 * -0.0303104 = 0.000845069
time: 260	PE: 3	op: -0.322563 - -0.0136099 * -0.156885 = -0.324698
time: 260	PE: 4	op: -0.012673 - -0.0179322 * -0.156885 = -0.0154863
time: 260	PE: 5	op: 0.00703445 - -0.0179322 * -0.0303104 = 0.00649092
time: 260	PE: 6	op: -0.00263017 - -0.0172408 * -0.0303104 = -0.00315274
time: 260	PE: 7	op: -0.00202361 - -0.0136099 * -0.0303104 = -0.00243613
time: 260	PE: 8	op: -2.5641e-05 / 0.209677 = -0.000122288
time: 260	PE: 9	op: -0.208018 / 0.209677 = -0.992091
time: 260	PE: 10	op: 0 - -4.48246e-08 * 22553.2 = 0.00101094
Ax[40641] = 0
time: 261	PE: 0	op: 0 - 0.00602757 * -1 = 0.00602757
time: 261	PE: 1	op: -1 - 0.00602757 * 1e-05 = -1
time: 261	PE: 2	op: -0.00239888 / 0.0216059 = -0.111029
time: 261	PE: 3	op: -0.00503991 / 0.0216059 = -0.233266
time: 261	PE: 4	op: 0.017117 / 0.0216059 = 0.79224
time: 261	PE: 5	op: 1 - -3.80172e+06 * 0.00641026 = 24371
time: 261	PE: 6	op: -2.46308e-06 - 0.000275093 * 4722.94 = -1.29925
time: 261	PE: 7	op: 0 - -3.80172e+06 * -0.00641026 = -24370
Ax[40641] = 0
time: 262	PE: 0	op: 0 - -0.00819363 * -1 = -0.00819363
time: 262	PE: 1	op: -0.423703 - -0.0388366 * -2.35812e-07 = -0.423703
time: 262	PE: 2	op: -1.33274e-16 - -9.80907e-13 * -1.00042e-15 = -1.33274e-16
time: 262	PE: 3	op: 0 - -0.00819363 * 1e-05 = 8.19363e-08
time: 262	PE: 4	op: 0 - -4.65498e-08 * 0.349868 = 1.62863e-08
Ax[40641] = 0
time: 263	PE: 0	op: 0.289323 - -4.65498e-08 * 1.79704e-07 = 0.289323
time: 263	PE: 1	op: 0 - -0.00573948 * 1.79704e-07 = 1.03141e-09
time: 263	PE: 2	op: 0 - -0.00819357 * -1 = -0.00819357
time: 263	PE: 3	op: 0 - -0.00123931 * 1.79704e-07 = 2.22709e-10
time: 263	PE: 4	op: 0 - -0.00819357 * 1e-05 = 8.19357e-08
time: 263	PE: 5	op: 2000.29 - -6.84008e-07 * -6.403e-06 = 2000.29
time: 263	PE: 6	op: 0 - -99995.3 * -1 = -99995.3
Ax[40641] = 0
time: 264	PE: 0	op: 0.22699 - -0.0172408 * -0.801532 = 0.213171
time: 264	PE: 1	op: 0.0251581 - -0.0179322 * -0.801532 = 0.0107849
time: 264	PE: 2	op: 0 - 0.00602758 * -1 = 0.00602758
time: 264	PE: 3	op: -1 - 0.00602758 * 1e-05 = -1
time: 264	PE: 4	op: -1.86808e-08 - -0.0172408 * -2.35812e-07 = -2.27464e-08
time: 264	PE: 5	op: -2.94556e-05 - -0.0179322 * -2.35812e-07 = -2.94598e-05
Ax[40641] = 0
time: 265	PE: 0	op: 0.0534177 - -0.0388366 * -0.801532 = 0.0222889
time: 265	PE: 1	op: -0.0524422 / 0.104919 = -0.499834
time: 265	PE: 2	op: -0.0524367 / 0.104919 = -0.499782
time: 265	PE: 3	op: 1.80924e-12 / 0.104919 = 1.72441e-11
time: 265	PE: 4	op: 2.84755e-05 / 0.104919 = 0.000271404
time: 265	PE: 5	op: 0 - 1.62868e-08 * 1e-05 = -1.62868e-13
time: 265	PE: 6	op: 0 - 1.62868e-08 * -1 = 1.62868e-08
time: 265	PE: 7	op: -0.0534543 - -0.0136099 * -0.801532 = -0.064363
time: 265	PE: 8	op: 0.428506 - -0.0136099 * -2.35812e-07 = 0.428506
time: 265	PE: 9	op: 0 - -1 * -0.170519 = -0.170519
Ax[40641] = 0
time: 266	PE: 0	op: 0.00649092 - -4.48531e-08 * -0.170519 = 0.00649091
time: 266	PE: 1	op: 1000.21 - -1000 * -0.999998 = 0.209677
time: 266	PE: 2	op: 0 - -0.170519 * 0.00641026 = 0.00109307
time: 266	PE: 3	op: -3.11007e-05 / 4.15826e-05 = -0.747927
time: 266	PE: 4	op: 0 - -0.170519 * -0.00641026 = -0.00109307
time: 266	PE: 5	op: -99996 - 99996.6 * -1 = 0.585938
Ax[40641] = 0
time: 267	PE: 0	op: -0.0039638 / -1 = 0.0039638
time: 267	PE: 1	op: -0.00133333 / -1 = 0.00133333
time: 267	PE: 2	op: 0.00602757 / -1 = -0.00602757
Ax[40641] = 0
time: 268	PE: 0	op: 0.577135 - -0.208046 * -0.992091 = 0.370734
time: 268	PE: 1	op: 0 - 1.62863e-08 * 1e-05 = -1.62863e-13
time: 268	PE: 2	op: 0 - 1.62863e-08 * -1 = 1.62863e-08
time: 268	PE: 3	op: 0 - -2.5641e-05 * -0.992091 = -2.54382e-05
time: 268	PE: 4	op: 1000.01 - -2.5641e-05 * -0.000122288 = 1000.01
time: 268	PE: 6	op: -24370 / 24371 = -0.999959
Ax[40641] = 0
time: 269	PE: 0	op: 1000 - -0.00229756 * -0.111029 = 1000
time: 269	PE: 1	op: -2.5e-32 - -0.00229756 * -0.233266 = -0.000535942
time: 269	PE: 2	op: -2.5e-32 - -0.00192411 * -0.111029 = -0.000213632
time: 269	PE: 3	op: -7.08986e-05 - -0.00229756 * 0.79224 = 0.00174932
time: 269	PE: 4	op: 2.22709e-10 / -1 = -2.22709e-10
time: 269	PE: 5	op: 0 - -0.208046 * -0.000122288 = -2.54416e-05
time: 269	PE: 6	op: 0.697998 - -0.00192411 * -0.233266 = 0.697549
time: 269	PE: 7	op: 0 - -0.00192411 * 0.79224 = 0.00152435
Ax[40641] = 0
time: 270	PE: 0	op: -0.00396383 / -1 = 0.00396383
time: 270	PE: 1	op: -0.00133333 / -1 = 0.00133333
time: 270	PE: 2	op: 2.22716e-10 / -1 = -2.22716e-10
time: 270	PE: 3	op: 0.00602758 / -1 = -0.00602758
time: 270	PE: 4	op: -9.63365e-09 - -1.65391e-06 * -0.111029 = -1.93266e-07
time: 270	PE: 5	op: -1.03141e-05 / 4.15826e-05 = -0.248038
time: 270	PE: 6	op: -99995.3 - 100001 * -1 = 5.40625
Ax[40641] = 0
time: 271	PE: 0	op: 2000.29 - -1000 * -1 = 1000.29
time: 271	PE: 1	op: -3.33333e-05 - -1 * -8.33958 = -8.33962
time: 271	PE: 2	op: -0.170519 / 24371 = -6.9968e-06
time: 271	PE: 3	op: 1.70535e+08 - 99996.6 * 1705.43 = -2203.38
Ax[40641] = 0
time: 272	PE: 0	op: 0 - -1.65391e-06 * -0.233266 = -3.85802e-07
time: 272	PE: 1	op: -2.5641e-05 / 0.209677 = -0.000122288
time: 272	PE: 2	op: -0.208018 / 0.209677 = -0.992091
time: 272	PE: 3	op: 0 - -1 * 100001 = 100001
time: 272	PE: 4	op: 0.000540168 - -1.65391e-06 * 0.79224 = 0.000541478
Ax[40641] = 0
time: 273	PE: 0	op: 0.396331 - 2.04211e-07 * -0.499782 = 0.396331
time: 273	PE: 1	op: 0.427625 - 2.04211e-07 * 0.000271404 = 0.427625
time: 273	PE: 2	op: -0.0204001 - -1.00042e-12 * -0.499782 = -0.0204001
time: 273	PE: 4	op: 0.0376852 - -0.104879 * -0.499782 = -0.0147315
time: 273	PE: 5	op: -4.25546e-10 - -0.104879 * 1.72441e-11 = -4.23737e-10
time: 273	PE: 6	op: -0.0755369 - -0.104879 * 0.000271404 = -0.0755085
time: 273	PE: 7	op: -3.58097e-10 - -1.00042e-12 * 1.72441e-11 = -3.58097e-10
Ax[40641] = 0
time: 274	PE: 0	op: -0.135554 - -1.33274e-16 * -0.499782 = -0.135554
time: 274	PE: 1	op: 0.146584 - -0.104879 * -0.499834 = 0.094162
time: 274	PE: 2	op: 0.0563897 - 2.04211e-07 * -0.499834 = 0.0563898
time: 274	PE: 3	op: -0.692749 - 2.04211e-07 * 1.72441e-11 = -0.692749
time: 274	PE: 4	op: -1000 / 1000.01 = -0.999994
time: 274	PE: 5	op: -2.54382e-05 / 1000.01 = -2.54381e-08
time: 274	PE: 6	op: -0.00640292 / 1000.01 = -6.40287e-06
Ax[40641] = 0
time: 275	PE: 0	op: -0.00133333 - 1.33333e-08 * -0.00602757 = -0.00133333
time: 275	PE: 1	op: -5.42672e-13 - 8.19363e-08 * 0.00133333 = -1.09791e-10
time: 275	PE: 2	op: 0.0200967 - 1.33333e-08 * 0.00133333 = 0.0200967
time: 275	PE: 3	op: 0 - -1.62863e-13 * 0.00133333 = 2.17151e-16
time: 275	PE: 4	op: -0.00819363 - 8.19363e-08 * -0.00602757 = -0.00819363
time: 275	PE: 5	op: 0 - 1 * 0.00133333 = -0.00133333
time: 275	PE: 6	op: 1.62863e-08 - -1.62863e-13 * -0.00602757 = 1.62863e-08
time: 275	PE: 7	op: 8.33333 - 1 * -0.00602757 = 8.33936
Ax[40641] = 0
time: 276	PE: 0	op: -0.108906 - -1.33274e-16 * -0.499834 = -0.108906
time: 276	PE: 1	op: 0.0115745 - 8.19363e-08 * 0.0039638 = 0.0115745
time: 276	PE: 2	op: -0.0172486 - -1.00042e-12 * -0.499834 = -0.0172486
time: 276	PE: 3	op: 1.86987e-13 - 1.33333e-08 * 0.0039638 = -5.26637e-11
time: 276	PE: 5	op: -0.42787 - -1.33274e-16 * 0.000271404 = -0.42787
time: 276	PE: 6	op: 0 - -1.03141e-05 * -0.747927 = -7.71416e-06
Ax[40641] = 0
time: 277	PE: 0	op: 0.289323 - -1.62863e-13 * -2.22709e-10 = 0.289323
time: 277	PE: 1	op: 0 - 1 * -2.22709e-10 = 2.22709e-10
time: 277	PE: 2	op: 0 - 1.33333e-08 * -2.22709e-10 = 2.96946e-18
time: 277	PE: 3	op: 0.697549 - -1.33274e-16 * 1.72441e-11 = 0.697549
time: 277	PE: 4	op: -3.54158e-08 - -1.62863e-13 * 0.0039638 = -3.54158e-08
time: 277	PE: 5	op: 1000.29 - -0.0030303 * -0.000854779 = 1000.29
Ax[40641] = 0
time: 278	PE: 0	op: 0 - 1.33333e-08 * -2.22716e-10 = 2.96955e-18
time: 278	PE: 1	op: -0.00133333 - 1.33333e-08 * -0.00602758 = -0.00133333
time: 278	PE: 2	op: -5.42672e-13 - 8.19357e-08 * 0.00133333 = -1.0979e-10
time: 278	PE: 3	op: 0.0200967 - 1.33333e-08 * 0.00133333 = 0.0200967
time: 278	PE: 4	op: 1.03144e-09 - 8.19357e-08 * -2.22716e-10 = 1.03144e-09
time: 278	PE: 5	op: 0 - -1.62868e-13 * 0.00133333 = 2.17157e-16
time: 278	PE: 6	op: -0.00819357 - 8.19357e-08 * -0.00602758 = -0.00819357
time: 278	PE: 7	op: 1.62868e-08 - -1.62868e-13 * -0.00602758 = 1.62868e-08
time: 278	PE: 8	op: 0.294431 - -1.62868e-13 * -2.22716e-10 = 0.294431
Ax[40641] = 0
time: 279	PE: 0	op: 1.03141e-09 - 8.19363e-08 * -2.22709e-10 = 1.03141e-09
time: 279	PE: 1	op: 1.86984e-13 - 1.33333e-08 * 0.00396383 = -5.26641e-11
time: 279	PE: 2	op: -3.54169e-08 - -1.62868e-13 * 0.00396383 = -3.54169e-08
time: 279	PE: 3	op: 0 - -3.11007e-05 * -0.248038 = -7.71416e-06
time: 279	PE: 4	op: 0.882644 - -3.11007e-05 * -0.747927 = 0.88262
Ax[40641] = 0
time: 280	PE: 0	op: 0.396331 - -0.208046 * -0.992091 = 0.18993
time: 280	PE: 1	op: 0 - 1 * 0.00133333 = -0.00133333
time: 280	PE: 2	op: -0.0028469 / 0.094162 = -0.0302341
time: 280	PE: 3	op: -0.0755085 / 0.094162 = -0.8019
time: 280	PE: 4	op: 0 - 1 * 0.0039638 = -0.0039638
time: 280	PE: 5	op: 1000.01 - -2.5641e-05 * -0.000122288 = 1000.01
time: 280	PE: 7	op: 5.40625 - -0.714612 * -0.994242 = 4.69575
Ax[40641] = 0
time: 281	PE: 0	op: -0.0147315 / 0.094162 = -0.156449
time: 281	PE: 1	op: -4.23737e-10 / 0.094162 = -4.50009e-09
time: 281	PE: 2	op: 0.00649091 - 0.00109307 * -6.9968e-06 = 0.00649092
time: 281	PE: 3	op: 0 - -2.5641e-05 * -0.992091 = -2.54382e-05
time: 281	PE: 4	op: 8.33333 - 1 * -0.00602758 = 8.33936
time: 281	PE: 6	op: 0 - -0.208046 * -0.000122288 = -2.54416e-05
Ax[40641] = 0
time: 282	PE: 0	op: 0.0222889 - -2.54416e-05 * -6.40287e-06 = 0.0222889
time: 282	PE: 1	op: 0.370734 - -2.54416e-05 * -2.54381e-08 = 0.370734
time: 282	PE: 2	op: 0.0115744 - 8.19357e-08 * 0.00396383 = 0.0115744
time: 282	PE: 3	op: -1.09791e-10 / 0.0115745 = -9.48561e-09
time: 282	PE: 4	op: -0.00819363 / 0.0115745 = -0.707905
time: 282	PE: 5	op: 0 - -2.54416e-05 * -0.999994 = -2.54415e-05
Ax[40641] = 0
time: 283	PE: 1	op: -1.63882e-14 / 0.0115745 = -1.41589e-12
time: 283	PE: 2	op: 0 - -1000 * -2.54381e-08 = -2.54381e-05
time: 283	PE: 3	op: -0.00640292 - -1000 * -6.40287e-06 = -0.0128058
time: 283	PE: 4	op: 1000 - -1000 * -0.999994 = 0.0064373
time: 283	PE: 5	op: 0.0172518 - -1.03141e-05 * -0.248038 = 0.0172492
time: 283	PE: 6	op: 0.585938 - 100001 * -1 = 100001
Ax[40641] = 0
time: 284	PE: 0	op: 0.213171 - -0.00640292 * -6.40287e-06 = 0.213171
time: 284	PE: 1	op: -0.0231281 - -0.00640292 * -2.54381e-08 = -0.0231281
time: 284	PE: 2	op: 0 - 1 * -2.22716e-10 = 2.22716e-10
time: 284	PE: 3	op: -6.83999e-07 - -0.00640292 * -0.999994 = -0.00640356
time: 284	PE: 4	op: 1000.29 - -0.0005 * -4.99992e-07 = 1000.29
Ax[40641] = 0
time: 285	PE: 0	op: 1.03141e-09 / 0.0115745 = 8.91103e-08
time: 285	PE: 1	op: -0.882613 / 0.88262 = -0.999991
time: 285	PE: 2	op: -7.71416e-06 / 0.88262 = -8.74006e-06
Ax[40641] = 0
time: 286	PE: 0	op: 0 - 1 * 0.00396383 = -0.00396383
time: 286	PE: 1	op: -1000 / 1000.01 = -0.999994
time: 286	PE: 2	op: -0.006403 / 1000.01 = -6.40296e-06
time: 286	PE: 3	op: -6.20252e+07 - 99996.6 * 1705.43 = -2.32562e+08
Ax[40641] = 0
time: 287	PE: 0	op: -2.54382e-05 / 1000.01 = -2.54381e-08
time: 287	PE: 1	op: -0.00109307 - 0.00109307 * -0.999959 = -4.48246e-08
Ax[40641] = 0
time: 288	PE: 0	op: 0.427625 - 0.0563898 * -0.8019 = 0.472843
time: 288	PE: 1	op: 0.0161404 - 0.0563898 * -0.0302341 = 0.0178453
time: 288	PE: 2	op: -1.0979e-10 / 0.0115744 = -9.48565e-09
time: 288	PE: 3	op: -1.63882e-14 / 0.0115744 = -1.41591e-12
time: 288	PE: 4	op: -0.00819357 / 0.0115744 = -0.707907
time: 288	PE: 5	op: -0.0161497 - -0.108906 * -0.0302341 = -0.0194424
time: 288	PE: 6	op: -0.42787 - -0.108906 * -0.8019 = -0.515201
Ax[40641] = 0
time: 289	PE: 0	op: 0.18993 - 0.0563898 * -0.156449 = 0.198752
time: 289	PE: 1	op: -0.0204001 - -0.0172486 * -0.156449 = -0.0230986
time: 289	PE: 2	op: -0.692749 - 0.0563898 * -4.50009e-09 = -0.692749
time: 289	PE: 3	op: -0.00262431 - -0.0172486 * -0.0302341 = -0.00314581
time: 289	PE: 4	op: 4.69575 - -100000 * -1 = -99995.3
Ax[40641] = 0
time: 290	PE: 0	op: 0 - -1.63882e-14 * -0.707905 = -1.16013e-14
time: 290	PE: 1	op: -0.00133333 - -5.26637e-11 * -0.707905 = -0.00133333
time: 290	PE: 2	op: -0.135554 - -0.108906 * -0.156449 = -0.152593
time: 290	PE: 3	op: 1.03144e-09 / 0.0115744 = 8.9114e-08
time: 290	PE: 4	op: 0.0200967 - -5.26637e-11 * -9.48561e-09 = 0.0200967
time: 290	PE: 5	op: -8.50403e-05 - -1.63882e-14 * -9.48561e-09 = -8.50403e-05
time: 290	PE: 6	op: -3.58097e-10 - -0.0172486 * -4.50009e-09 = -4.35718e-10
Ax[40641] = 0
time: 291	PE: 0	op: 0.000541477 - -1.63882e-14 * -1.41589e-12 = 0.000541477
time: 291	PE: 1	op: 2.93021e-05 - -5.26637e-11 * -1.41589e-12 = 2.93021e-05
time: 291	PE: 2	op: 0 - -3.54158e-08 * -1.41589e-12 = -5.01449e-20
time: 291	PE: 3	op: 0 - -0.0039638 * -1.41589e-12 = -5.61231e-15
time: 291	PE: 4	op: 0.697549 - -0.108906 * -4.50009e-09 = 0.697549
time: 291	PE: 5	op: -0.000197624 - -0.0178511 * -4.50009e-09 = -0.000197624
time: 291	PE: 6	op: -2.54381e-05 / 0.0064373 = -0.00395167
time: 291	PE: 7	op: 8.33936 - -0.0039638 * -0.707905 = 8.33655
Ax[40641] = 0
time: 292	PE: 0	op: -0.0127333 - -0.0178511 * -0.156449 = -0.0155261
time: 292	PE: 1	op: 2.17151e-16 - -3.54158e-08 * -9.48561e-09 = -1.1879e-16
time: 292	PE: 2	op: -0.00133333 - -0.0039638 * -9.48561e-09 = -0.00133333
time: 292	PE: 3	op: 1.62863e-08 - -3.54158e-08 * -0.707905 = -8.78472e-09
time: 292	PE: 4	op: -0.0128058 / 0.0064373 = -1.98931
Ax[40641] = 0
time: 293	PE: 0	op: 0.289323 - -3.54158e-08 * 8.91103e-08 = 0.289323
time: 293	PE: 2	op: 0 - -1.63882e-14 * 8.91103e-08 = 1.46036e-21
time: 293	PE: 3	op: 2.96946e-18 - -5.26637e-11 * 8.91103e-08 = 7.66233e-18
time: 293	PE: 4	op: 0 - -4.48246e-08 * 22553.2 = 0.00101094
time: 293	PE: 5	op: 0.0172492 - -7.71416e-06 * -8.74006e-06 = 0.0172492
time: 293	PE: 6	op: 0 - -0.882613 * -8.74006e-06 = -7.71409e-06
time: 293	PE: 7	op: 0 - -7.71416e-06 * -0.999991 = -7.71409e-06
Ax[40641] = 0
time: 294	PE: 0	op: 0.472843 - -2.54416e-05 * -6.40296e-06 = 0.472843
time: 294	PE: 1	op: 2.22709e-10 - -0.0039638 * 8.91103e-08 = 5.75925e-10
time: 294	PE: 2	op: 1000 - -1000 * -0.999994 = 0.0064373
time: 294	PE: 3	op: 0.00640223 / 0.0064373 = 0.994552
time: 294	PE: 4	op: 0 - -2.54416e-05 * -0.999994 = -2.54415e-05
time: 294	PE: 5	op: -6.84008e-07 - -0.006403 * -0.999994 = -0.00640364
Ax[40641] = 0
time: 295	PE: 0	op: 0.198752 - -2.54416e-05 * -2.54381e-08 = 0.198752
time: 295	PE: 1	op: -0.0230986 - -0.006403 * -2.54381e-08 = -0.0230986
time: 295	PE: 2	op: 0 - -1000 * -2.54381e-08 = -2.54381e-05
time: 295	PE: 3	op: -99995.3 - 99996.6 * -1 = 1.30469
Ax[40641] = 0
time: 296	PE: 0	op: 2.93016e-05 - -5.26641e-11 * -1.41591e-12 = 2.93016e-05
time: 296	PE: 1	op: -0.00133333 - -5.26641e-11 * -0.707907 = -0.00133333
time: 296	PE: 2	op: 0.0200967 - -5.26641e-11 * -9.48565e-09 = 0.0200967
time: 296	PE: 3	op: -0.0001 / 0.0200967 = -0.00497594
time: 296	PE: 4	op: -0.00133333 / 0.0200967 = -0.0663459
time: 296	PE: 5	op: -0.006403 - -1000 * -6.40296e-06 = -0.012806
time: 296	PE: 6	op: 0.000541478 - -1.63882e-14 * -1.41591e-12 = 0.000541478
time: 296	PE: 7	op: 0 - -1.63882e-14 * -0.707907 = -1.16013e-14
Ax[40641] = 0
time: 297	PE: 0	op: 2.93021e-05 / 0.0200967 = 0.00145805
time: 297	PE: 1	op: 2.17157e-16 - -3.54169e-08 * -9.48565e-09 = -1.18795e-16
time: 297	PE: 2	op: -8.50403e-05 - -1.63882e-14 * -9.48565e-09 = -8.50403e-05
time: 297	PE: 3	op: 1.62868e-08 - -3.54169e-08 * -0.707907 = -8.78509e-09
time: 297	PE: 4	op: 1000.29 - -0.000499992 * -0.0203932 = 1000.29
Ax[40641] = 0
time: 298	PE: 0	op: 2.96955e-18 - -5.26641e-11 * 8.9114e-08 = 7.66265e-18
time: 298	PE: 1	op: -0.00133333 - -0.00396383 * -9.48565e-09 = -0.00133333
time: 298	PE: 3	op: 2.22716e-10 - -0.00396383 * 8.9114e-08 = 5.75949e-10
time: 298	PE: 4	op: 8.33936 - -0.00396383 * -0.707907 = 8.33655
time: 298	PE: 5	op: 0 - -0.00396383 * -1.41591e-12 = -5.61241e-15
Ax[40641] = 0
time: 299	PE: 0	op: 7.66233e-18 / 0.0200967 = 3.81273e-16
time: 299	PE: 1	op: 0.0252793 - -0.0178511 * -0.8019 = 0.0109645
time: 299	PE: 2	op: 0 - -1.63882e-14 * 8.9114e-08 = 1.46042e-21
time: 299	PE: 3	op: 0.00699939 - -0.0178511 * -0.0302341 = 0.00645968
Ax[40641] = 0
time: 300	PE: 0	op: 0.213171 - -0.00640356 * -1.98931 = 0.200432
time: 300	PE: 1	op: 0.0222889 - -2.54415e-05 * -1.98931 = 0.0222383
time: 300	PE: 2	op: 0.370734 - -2.54415e-05 * -0.00395167 = 0.370734
time: 300	PE: 3	op: -0.0231281 - -0.00640356 * -0.00395167 = -0.0231534
time: 300	PE: 4	op: 0 - -3.54169e-08 * -1.41591e-12 = -5.0147e-20
time: 300	PE: 5	op: 0 - -1.00005e-12 * -0.00395167 = -3.95186e-15
time: 300	PE: 6	op: 0.294431 - -3.54169e-08 * 8.9114e-08 = 0.294431
time: 300	PE: 7	op: -2.32562e+08 - 100001 * -2325.58 = -2216.77
Ax[40641] = 0
time: 301	PE: 0	op: -1.00004e-12 - -1.00005e-12 * -1.98931 = -2.98945e-12
time: 301	PE: 1	op: 0.00640232 / 0.0064373 = 0.994565
time: 301	PE: 2	op: -2.54381e-05 / 0.0064373 = -0.00395167
time: 301	PE: 3	op: 0.882613 - -0.882613 * -0.999991 = 7.89117e-06
Ax[40641] = 0
time: 302	PE: 0	op: -0.0001 / 0.0200967 = -0.00497595
time: 302	PE: 1	op: 2.93016e-05 / 0.0200967 = 0.00145803
time: 302	PE: 2	op: -0.00133333 / 0.0200967 = -0.0663459
time: 302	PE: 3	op: 1000 - -1.00005e-12 * 0.994552 = 1000
time: 302	PE: 4	op: -0.012806 / 0.0064373 = -1.98934
time: 302	PE: 5	op: -0.00640223 - -0.00640356 * 0.994552 = -3.35594e-05
Ax[40641] = 0
time: 303	PE: 0	op: 0 - -2.54415e-05 * 0.994552 = 2.53029e-05
Ax[40641] = 0
time: 304	PE: 0	op: -7.08869e-05 - -8.50403e-05 * -0.00497594 = -7.13101e-05
time: 304	PE: 1	op: -0.00273968 - -1.1879e-16 * -0.00497594 = -0.00273968
time: 304	PE: 2	op: 0 - -0.00133333 * -0.00497594 = -6.63459e-06
time: 304	PE: 3	op: 7.66265e-18 / 0.0200967 = 3.81289e-16
time: 304	PE: 4	op: -8.78472e-09 - -1.1879e-16 * -0.0663459 = -8.78472e-09
time: 304	PE: 5	op: 8.33655 - -0.00133333 * -0.0663459 = 8.33647
Ax[40641] = 0
time: 305	PE: 0	op: 0.000541477 - -8.50403e-05 * 0.00145805 = 0.000541601
time: 305	PE: 1	op: -1.00015e-12 - -0.0001 * 0.00145805 = 1.45804e-07
time: 305	PE: 2	op: -1.16013e-14 - -8.50403e-05 * -0.0663459 = -5.64207e-06
time: 305	PE: 3	op: -5.01449e-20 - -1.1879e-16 * 0.00145805 = 1.23057e-19
time: 305	PE: 4	op: 0 - -0.0001 * -0.0663459 = -6.63459e-06
Ax[40641] = 0
time: 306	PE: 0	op: 0.200432 - -0.0001 * -0.00497594 = 0.200431
time: 306	PE: 1	op: 1000.29 - -0.0512407 * -1.2405 = 1000.23
Ax[40641] = 0
time: 307	PE: 0	op: 0.289323 - -1.1879e-16 * 3.81273e-16 = 0.289323
time: 307	PE: 1	op: 5.75925e-10 - -0.00133333 * 3.81273e-16 = 5.75925e-10
time: 307	PE: 2	op: 1.46036e-21 - -8.50403e-05 * 3.81273e-16 = 3.38839e-20
time: 307	PE: 3	op: -5.61231e-15 - -0.00133333 * 0.00145805 = 1.94407e-06
Ax[40641] = 0
time: 308	PE: 0	op: -0.00273968 - -0.0001 * 3.81273e-16 = -0.00273968
time: 308	PE: 1	op: -3.95186e-15 / 1000 = -3.95186e-18
time: 308	PE: 2	op: -1000 / 1000 = -1
time: 308	PE: 3	op: -2.98945e-12 / 1000 = -2.98945e-15
time: 308	PE: 4	op: -1 / 7.89117e-06 = -126724
time: 308	PE: 5	op: -7.71409e-06 / 7.89117e-06 = -0.97756
Ax[40641] = 0
time: 309	PE: 0	op: 0.198752 - -2.54415e-05 * -0.00395167 = 0.198752
time: 309	PE: 1	op: -0.0230986 - -0.00640364 * -0.00395167 = -0.0231239
time: 309	PE: 2	op: 0 - -1.00005e-12 * -0.00395167 = -3.95186e-15
time: 309	PE: 3	op: 1000 - -1.00005e-12 * 0.994565 = 1000
time: 309	PE: 4	op: -0.00640232 - -0.00640364 * 0.994565 = -3.34755e-05
Ax[40641] = 0
time: 310	PE: 0	op: 0.472843 - -2.54415e-05 * -1.98934 = 0.472793
time: 310	PE: 1	op: -1.00004e-12 - -1.00005e-12 * -1.98934 = -2.98948e-12
time: 310	PE: 2	op: -5.0147e-20 - -1.18795e-16 * 0.00145803 = 1.2306e-19
time: 310	PE: 3	op: -8.78509e-09 - -1.18795e-16 * -0.0663459 = -8.78509e-09
time: 310	PE: 4	op: -7.09147e-05 - -8.50403e-05 * -0.00497595 = -7.13379e-05
time: 310	PE: 5	op: -1.16013e-14 - -8.50403e-05 * -0.0663459 = -5.64208e-06
Ax[40641] = 0
time: 311	PE: 0	op: -0.00273968 - -1.18795e-16 * -0.00497595 = -0.00273968
time: 311	PE: 1	op: 0.000541478 - -8.50403e-05 * 0.00145803 = 0.000541602
Ax[40641] = 0
time: 312	PE: 0	op: 0 - -2.54415e-05 * 0.994565 = 2.53032e-05
time: 312	PE: 1	op: -0.00273968 - -0.0001 * 3.81289e-16 = -0.00273968
time: 312	PE: 2	op: 1.46042e-21 - -8.50403e-05 * 3.81289e-16 = 3.38854e-20
time: 312	PE: 3	op: 5.75949e-10 - -0.00133333 * 3.81289e-16 = 5.75949e-10
time: 312	PE: 4	op: -1.00015e-12 - -0.0001 * 0.00145803 = 1.45802e-07
time: 312	PE: 5	op: -5.61241e-15 - -0.00133333 * 0.00145803 = 1.94404e-06
Ax[40641] = 0
time: 313	PE: 0	op: 0.294431 - -1.18795e-16 * 3.81289e-16 = 0.294431
time: 313	PE: 1	op: 1000.23 - -1000 * -1 = 0.227234
Ax[40641] = 0
time: 314	PE: 0	op: 8.33655 - -0.00133333 * -0.0663459 = 8.33647
time: 314	PE: 1	op: 0 - -0.0001 * -0.0663459 = -6.63459e-06
Ax[40641] = 0
time: 315	PE: 0	op: -3.95186e-15 / 1000 = -3.95186e-18
time: 315	PE: 1	op: -1000 / 1000 = -1
time: 315	PE: 2	op: 0 - -0.00133333 * -0.00497595 = -6.63459e-06
Ax[40641] = 0
time: 316	PE: 0	op: 0.200431 - -3.35594e-05 * -2.98945e-15 = 0.200431
time: 316	PE: 1	op: 7.07701e-05 - -1000 * -2.98945e-15 = 7.07701e-05
time: 316	PE: 2	op: 0 - 2.53029e-05 * -1 = 2.53029e-05
time: 316	PE: 3	op: 1000 - -1000 * -1 = 0.0020752
time: 316	PE: 4	op: 0.0222383 - 2.53029e-05 * -2.98945e-15 = 0.0222383
time: 316	PE: 5	op: -1.00041e-12 - -3.35594e-05 * -1 = -3.35594e-05
time: 316	PE: 6	op: 0.370734 - 2.53029e-05 * -3.95186e-18 = 0.370734
time: 316	PE: 7	op: 0 - -1 * -126724 = -126724
time: 316	PE: 8	op: 0.0172492 - -7.71409e-06 * -0.97756 = 0.0172417
Ax[40641] = 0
time: 317	PE: 0	op: 0 - -1000 * -3.95186e-18 = -3.95186e-15
time: 317	PE: 1	op: 0 - -7.71409e-06 * -126724 = -0.97756
Ax[40641] = 0
time: 318	PE: 0	op: -0.0231534 - -3.35594e-05 * -3.95186e-18 = -0.0231534
time: 318	PE: 1	op: -2.98948e-12 / 1000 = -2.98948e-15
Ax[40641] = 0
time: 319	PE: 0	op: -0.00273968 / 0.294431 = -0.00930498
time: 319	PE: 1	op: 1.2306e-19 / 0.294431 = 4.17959e-19
time: 319	PE: 2	op: -8.78509e-09 / 0.294431 = -2.98375e-08
time: 319	PE: 3	op: 0.227234 - -1.00042e-12 * 0.000271404 = 0.227234
Ax[40641] = 0
time: 320	PE: 0	op: 0 - -1 * -0.97756 = -0.97756
Ax[40641] = 0
Ax[40641] = 0
time: 322	PE: 0	op: 2.53029e-05 / 0.370734 = 6.82508e-05
time: 322	PE: 1	op: -0.423703 / 0.370734 = -1.14288
time: 322	PE: 2	op: 0.0222383 / 0.370734 = 0.0599846
time: 322	PE: 3	op: 0.000845069 / 0.370734 = 0.00227945
time: 322	PE: 4	op: -126724 / 1 = -126724
Ax[40641] = 0
time: 323	PE: 0	op: 0 - 2.53032e-05 * -1 = 2.53032e-05
time: 323	PE: 1	op: 1000 - -1000 * -1 = 0.0020752
time: 323	PE: 2	op: -1.00041e-12 - -3.34755e-05 * -1 = -3.34755e-05
time: 323	PE: 3	op: 0.198752 - 2.53032e-05 * -3.95186e-18 = 0.198752
time: 323	PE: 4	op: 0 - -1000 * -3.95186e-18 = -3.95186e-15
time: 323	PE: 5	op: -0.0231239 - -3.34755e-05 * -3.95186e-18 = -0.0231239
Ax[40641] = 0
Ax[40641] = 0
time: 325	PE: 0	op: 0.227234 - -0.0172486 * -0.8019 = 0.213402
Ax[40641] = 0
time: 326	PE: 0	op: 7.07978e-05 - -1000 * -2.98948e-15 = 7.07978e-05
time: 326	PE: 1	op: 0.472793 - 2.53032e-05 * -2.98948e-15 = 0.472793
Ax[40641] = 0
time: 327	PE: 0	op: 1.45802e-07 - -0.00273968 * 4.17959e-19 = 1.45802e-07
time: 327	PE: 1	op: -7.13379e-05 - 3.38854e-20 * -0.00930498 = -7.13379e-05
time: 327	PE: 2	op: -6.63459e-06 - -0.00273968 * -2.98375e-08 = -6.63467e-06
time: 327	PE: 3	op: -6.63459e-06 - 5.75949e-10 * -0.00930498 = -6.63459e-06
time: 327	PE: 4	op: -0.97756 / 1 = -0.97756
time: 327	PE: 5	op: -5.64208e-06 - 3.38854e-20 * -2.98375e-08 = -5.64208e-06
time: 327	PE: 6	op: 1.94404e-06 - 5.75949e-10 * 4.17959e-19 = 1.94404e-06
Ax[40641] = 0
time: 328	PE: 0	op: 8.33647 - 5.75949e-10 * -2.98375e-08 = 8.33647
time: 328	PE: 1	op: 0.000541602 - 3.38854e-20 * 4.17959e-19 = 0.000541602
Ax[40641] = 0
time: 329	PE: 0	op: 2.53032e-05 / 0.198752 = 0.00012731
time: 329	PE: 1	op: -0.692749 / 0.198752 = -3.48549
time: 329	PE: 2	op: 0.0178453 / 0.198752 = 0.0897869
Ax[40641] = 0
time: 330	PE: 0	op: 0.200431 - -0.0231534 * 0.0599846 = 0.20182
time: 330	PE: 1	op: 0.0107849 - -0.0154863 * 0.0599846 = 0.0117139
time: 330	PE: 2	op: -0.000535941 - -3.95186e-15 * -1.14288 = -0.000535941
time: 330	PE: 3	op: 7.07701e-05 - -3.95186e-15 * 0.0599846 = 7.07701e-05
time: 330	PE: 4	op: 0 - -3.95186e-15 * 0.00227945 = 9.00809e-18
time: 330	PE: 5	op: 0.0020752 - -3.95186e-15 * 6.82508e-05 = 0.0020752
time: 330	PE: 6	op: -3.35594e-05 - -0.0231534 * 6.82508e-05 = -3.19792e-05
time: 330	PE: 7	op: 0 - -0.0154863 * 6.82508e-05 = 1.05696e-06
time: 330	PE: 8	op: 0.00649092 - -0.0154863 * 0.00227945 = 0.00652622
time: 330	PE: 10	op: -2.27464e-08 - -0.0231534 * -1.14288 = -0.0264615
time: 330	PE: 11	op: -2.94598e-05 - -0.0154863 * -1.14288 = -0.0177285
Ax[40641] = 0
time: 331	PE: 0	op: -0.000213631 - -0.324698 * 6.82508e-05 = -0.00019147
time: 331	PE: 1	op: 0.428506 - -0.324698 * -1.14288 = 0.0574165
time: 331	PE: 2	op: 1 - 0.0172414 * -126724 = 2185.9
time: 331	PE: 3	op: 0 - -0.0172414 * -126724 = -2184.9
time: 331	PE: 9	op: -0.064363 - -0.324698 * 0.0599846 = -0.0448862
Ax[40641] = 0
time: 332	PE: 0	op: 0.472793 / 0.198752 = 2.37881
time: 332	PE: 1	op: -0.00315274 - -0.0231534 * 0.00227945 = -0.00309997
time: 332	PE: 2	op: -0.00243613 - -0.324698 * 0.00227945 = -0.00169599
time: 332	PE: 3	op: 0.213402 - -0.006403 * -6.40296e-06 = 0.213402
Ax[40641] = 0
Ax[40641] = 0
Ax[40641] = 0
time: 335	PE: 0	op: 0 - 0.0172414 * -0.97756 = 0.0168545
time: 335	PE: 1	op: 0 - -0.0172414 * -0.97756 = -0.0168545
Ax[40641] = 0
time: 336	PE: 0	op: -0.000535941 / 0.0020752 = -0.25826
time: 336	PE: 1	op: 0.00174932 / 0.0020752 = 0.842968
time: 336	PE: 2	op: 7.07701e-05 / 0.0020752 = 0.0341029
time: 336	PE: 3	op: 9.00809e-18 / 0.0020752 = 4.34084e-15
Ax[40641] = 0
time: 337	PE: 0	op: -0.000535942 - -3.95186e-15 * -3.48549 = -0.000535942
time: 337	PE: 1	op: 0 - -3.95186e-15 * 0.0897869 = 3.54826e-16
time: 337	PE: 2	op: 0.0020752 - -3.95186e-15 * 0.00012731 = 0.0020752
time: 337	PE: 4	op: -3.34755e-05 - -0.0231239 * 0.00012731 = -3.05316e-05
time: 337	PE: 6	op: -4.35718e-10 - -0.0231239 * -3.48549 = -0.0805983
time: 337	PE: 8	op: -0.00314581 - -0.0231239 * 0.0897869 = -0.00106958
Ax[40641] = 0
time: 338	PE: 3	op: 0 - -0.0155261 * 0.00012731 = 1.97664e-06
time: 338	PE: 5	op: -0.0194424 - -0.152593 * 0.0897869 = -0.00574156
time: 338	PE: 7	op: 0.213402 - -0.0001 * -0.00497595 = 0.213402
Ax[40641] = 0
time: 339	PE: 0	op: -0.000213632 - -0.152593 * 0.00012731 = -0.000194205
time: 339	PE: 1	op: 0.697549 - -0.152593 * -3.48549 = 0.165689
time: 339	PE: 2	op: -0.0172414 / 2185.9 = -7.88756e-06
Ax[40641] = 0
time: 340	PE: 0	op: 7.07978e-05 - -3.95186e-15 * 2.37881 = 7.07978e-05
time: 340	PE: 1	op: -0.515201 - -0.152593 * 2.37881 = -0.152213
Ax[40641] = 0
time: 341	PE: 0	op: -0.000197624 - -0.0155261 * -3.48549 = -0.0543138
time: 341	PE: 1	op: 0.0109645 - -0.0155261 * 2.37881 = 0.0478982
time: 341	PE: 2	op: 0.0168545 / 2185.9 = 7.71056e-06
Ax[40641] = 0
time: 342	PE: 0	op: 0.00645968 - -0.0155261 * 0.0897869 = 0.00785372
Ax[40641] = 0
time: 343	PE: 0	op: -0.000535942 / 0.0020752 = -0.258261
time: 343	PE: 1	op: 3.54826e-16 / 0.0020752 = 1.70984e-13
time: 343	PE: 2	op: 0.00174932 / 0.0020752 = 0.842966
Ax[40641] = 0
time: 344	PE: 0	op: -7.13101e-05 - -1.93328e-07 * 0.0341029 = -7.13035e-05
time: 344	PE: 1	op: 0.20182 - -3.19792e-05 * 0.0341029 = 0.201821
time: 344	PE: 2	op: 0.0117139 - 1.05696e-06 * 0.0341029 = 0.0117138
time: 344	PE: 3	op: 0.000541601 - -1.93328e-07 * 0.842968 = 0.000541764
time: 344	PE: 4	op: 1.45804e-07 - -3.19792e-05 * 0.842968 = 2.71032e-05
time: 344	PE: 5	op: 0 - 1.05696e-06 * 0.842968 = -8.9098e-07
time: 344	PE: 6	op: 0.00652622 - 1.05696e-06 * 4.34084e-15 = 0.00652622
time: 344	PE: 7	op: -0.00309997 - -3.19792e-05 * 4.34084e-15 = -0.00309997
time: 344	PE: 8	op: 0.00152438 - -0.00019147 * 0.842968 = 0.00168578
time: 344	PE: 9	op: -0.00169599 - -0.00019147 * 4.34084e-15 = -0.00169599
time: 344	PE: 10	op: 0.0574165 - -0.00019147 * -0.25826 = 0.057367
time: 344	PE: 11	op: -3.8595e-07 - -1.93328e-07 * -0.25826 = -4.35879e-07
time: 344	PE: 12	op: -0.0264615 - -3.19792e-05 * -0.25826 = -0.0264698
Ax[40641] = 0
time: 345	PE: 0	op: 0 - -1.93328e-07 * 4.34084e-15 = 8.39206e-22
time: 345	PE: 1	op: -0.0448862 - -0.00019147 * 0.0341029 = -0.0448796
time: 345	PE: 2	op: 0.213402 - -0.00640364 * -1.98934 = 0.200663
Ax[40641] = 0
time: 346	PE: 0	op: 7.07978e-05 / 0.0020752 = 0.0341162
time: 346	PE: 1	op: -0.0177285 - 1.05696e-06 * -0.25826 = -0.0177282
Ax[40641] = 0
time: 347	PE: 0	op: 0 - -0.97756 * -7.88756e-06 = -7.71056e-06
time: 347	PE: 1	op: 0.0172414 - -2184.9 * -7.88756e-06 = 7.88657e-06
Ax[40641] = 0
Ax[40641] = 0
time: 349	PE: 0	op: 0.0172417 - -0.97756 * 7.71056e-06 = 0.0172492
time: 349	PE: 1	op: -0.0168545 - -2184.9 * 7.71056e-06 = -7.71055e-06
Ax[40641] = 0
time: 350	PE: 0	op: 0.00168578 / 0.057367 = 0.0293858
time: 350	PE: 1	op: -0.00169599 / 0.057367 = -0.0295639
Ax[40641] = 0
time: 351	PE: 0	op: -0.00574156 - -0.000194205 * 1.70984e-13 = -0.00574156
time: 351	PE: 1	op: 0.00152435 - -0.000194205 * 0.842966 = 0.00168806
time: 351	PE: 2	op: 0.200663 - -3.34755e-05 * -2.98948e-15 = 0.200663
time: 351	PE: 3	op: 0.165689 - -0.000194205 * -0.258261 = 0.165639
time: 351	PE: 4	op: -0.0543138 - 1.97664e-06 * -0.258261 = -0.0543133
time: 351	PE: 5	op: -3.85802e-07 - -1.93266e-07 * -0.258261 = -4.35715e-07
time: 351	PE: 6	op: 0 - 1.97664e-06 * 0.842966 = -1.66624e-06
time: 351	PE: 7	op: 0.00785372 - 1.97664e-06 * 1.70984e-13 = 0.00785372
Ax[40641] = 0
time: 352	PE: 0	op: -0.0448796 / 0.057367 = -0.782325
time: 352	PE: 1	op: -0.0805983 - -3.05316e-05 * -0.258261 = -0.0806061
time: 352	PE: 2	op: -0.00106958 - -3.05316e-05 * 1.70984e-13 = -0.00106958
time: 352	PE: 3	op: 0 - -1.93266e-07 * 1.70984e-13 = 3.30455e-20
Ax[40641] = 0
time: 353	PE: 0	op: 1.45802e-07 - -3.05316e-05 * 0.842966 = 2.58829e-05
time: 353	PE: 1	op: 0.000541602 - -1.93266e-07 * 0.842966 = 0.000541765
Ax[40641] = 0
time: 354	PE: 0	op: -0.152213 - -0.000194205 * 0.0341162 = -0.152207
time: 354	PE: 1	op: 0.0478982 - 1.97664e-06 * 0.0341162 = 0.0478981
time: 354	PE: 2	op: -7.13379e-05 - -1.93266e-07 * 0.0341162 = -7.13313e-05
Ax[40641] = 0
time: 355	PE: 0	op: -0.0172414 / 0.0172492 = -0.999546
time: 355	PE: 1	op: -7.71056e-06 / 0.0172492 = -0.000447009
Ax[40641] = 0
Ax[40641] = 0
time: 357	PE: 0	op: -0.00574156 / 0.165639 = -0.034663
time: 357	PE: 1	op: 0.00168806 / 0.165639 = 0.0101912
Ax[40641] = 0
time: 358	PE: 0	op: 8.39206e-22 - -4.35879e-07 * -0.0295639 = -1.28863e-08
time: 358	PE: 1	op: 0.000541764 - -4.35879e-07 * 0.0293858 = 0.000541777
time: 358	PE: 2	op: 2.71032e-05 - -0.0264698 * 0.0293858 = 0.000804941
time: 358	PE: 4	op: -0.00309997 - -0.0264698 * -0.0295639 = -0.00388252
Ax[40641] = 0
time: 359	PE: 0	op: -8.9098e-07 - -0.0177282 * 0.0293858 = 0.000520067
time: 359	PE: 3	op: 0.00652622 - -0.0177282 * -0.0295639 = 0.00600211
Ax[40641] = 0
time: 360	PE: 0	op: -7.13035e-05 - -4.35879e-07 * -0.782325 = -7.16445e-05
time: 360	PE: 1	op: 0.201821 - -0.0264698 * -0.782325 = 0.181113
time: 360	PE: 2	op: 0.0117138 - -0.0177282 * -0.782325 = -0.00215537
Ax[40641] = 0
time: 361	PE: 0	op: -0.152207 / 0.165639 = -0.918903
time: 361	PE: 1	op: 0.200663 - -0.00273968 * -0.00930498 = 0.200637
Ax[40641] = 0
Ax[40641] = 0
time: 363	PE: 0	op: 0.0172414 - -0.0172414 * -0.999546 = 7.83082e-06
time: 363	PE: 1	op: 0 - -7.71055e-06 * -0.999546 = -7.70705e-06
Ax[40641] = 0
time: 364	PE: 0	op: 3.38839e-20 / 0.000541777 = 6.25422e-17
time: 364	PE: 1	op: -1.28863e-08 / 0.000541777 = -2.37852e-05
time: 364	PE: 2	op: -5.64207e-06 / 0.000541777 = -0.010414
time: 364	PE: 3	op: 0 - -0.0172414 * -0.000447009 = -7.70706e-06
Ax[40641] = 0
time: 365	PE: 0	op: 2.58829e-05 - -0.0806061 * 0.0101912 = 0.000847356
time: 365	PE: 1	op: -1.66624e-06 - -0.0543133 * 0.0101912 = 0.000551851
time: 365	PE: 2	op: 0.00785372 - -0.0543133 * -0.034663 = 0.00597106
time: 365	PE: 3	op: -0.00106958 - -0.0806061 * -0.034663 = -0.00386364
time: 365	PE: 4	op: 3.30455e-20 - -4.35715e-07 * -0.034663 = -1.51032e-08
time: 365	PE: 5	op: 0.000541765 - -4.35715e-07 * 0.0101912 = 0.000541769
Ax[40641] = 0
time: 366	PE: 0	op: -7.16445e-05 / 0.000541777 = -0.13224
time: 366	PE: 1	op: 7.88657e-06 - -7.71055e-06 * -0.000447009 = 7.88312e-06
Ax[40641] = 0
time: 367	PE: 0	op: 0.200637 - -0.0231239 * 2.37881 = 0.255645
Ax[40641] = 0
Ax[40641] = 0
time: 369	PE: 0	op: 0.0478981 - -0.0543133 * -0.918903 = -0.00201056
Ax[40641] = 0
time: 370	PE: 0	op: -7.13313e-05 - -4.35715e-07 * -0.918903 = -7.17317e-05
Ax[40641] = 0
time: 371	PE: 0	op: 0.000551851 / 0.00597106 = 0.0924209
time: 371	PE: 1	op: -7.70706e-06 / -0.0401614 = 0.000191902
Ax[40641] = 0
time: 372	PE: 0	op: 0.289323 - 1.23057e-19 * 6.25422e-17 = 0.289323
time: 372	PE: 1	op: 0 - 0.000520067 * 6.25422e-17 = -3.25261e-20
time: 372	PE: 2	op: 5.75925e-10 - 1.94407e-06 * 6.25422e-17 = 5.75925e-10
time: 372	PE: 3	op: 0 - 1.23057e-19 * -2.37852e-05 = 2.92695e-24
time: 372	PE: 4	op: -8.78472e-09 - 1.23057e-19 * -0.010414 = -8.78472e-09
time: 372	PE: 5	op: 0.00600211 - 0.000520067 * -2.37852e-05 = 0.00600212
time: 372	PE: 6	op: 0 - 1.94407e-06 * -2.37852e-05 = 4.62402e-11
time: 372	PE: 7	op: 0 - 0.000520067 * -0.010414 = 5.41598e-06
time: 372	PE: 8	op: 8.33647 - 1.94407e-06 * -0.010414 = 8.33647
Ax[40641] = 0
time: 373	PE: 0	op: -0.00388252 - 0.000804941 * -2.37852e-05 = -0.0038825
time: 373	PE: 1	op: -6.63459e-06 - 0.000804941 * -0.010414 = 1.74807e-06
time: 373	PE: 2	op: 7.88312e-06 / -0.0401614 = -0.000196286
Ax[40641] = 0
time: 374	PE: 0	op: 0.181113 - 0.000804941 * -0.13224 = 0.18122
time: 374	PE: 1	op: -0.00273968 - 1.23057e-19 * -0.13224 = -0.00273968
time: 374	PE: 2	op: -0.00215537 - 0.000520067 * -0.13224 = -0.0020866
time: 374	PE: 3	op: -0.00273968 - 0.000804941 * 6.25422e-17 = -0.00273968
Ax[40641] = 0
time: 375	PE: 0	op: -6.63459e-06 - 1.94407e-06 * -0.13224 = -6.3775e-06
time: 375	PE: 1	op: 0.255645 - -3.05316e-05 * 0.0341162 = 0.255646
Ax[40641] = 0
time: 376	PE: 0	op: -0.00201056 / 0.00597106 = -0.336717
Ax[40641] = 0
Ax[40641] = 0
Ax[40641] = 0
time: 379	PE: 0	op: 0.000847356 - -0.00386364 * 0.0924209 = 0.00120444
time: 379	PE: 1	op: 0.000541769 - -1.51032e-08 * 0.0924209 = 0.000541771
Ax[40641] = 0
time: 380	PE: 0	op: -0.00273968 / 0.18122 = -0.015118
time: 380	PE: 1	op: -0.0038825 / 0.18122 = -0.0214242
time: 380	PE: 2	op: 1.74807e-06 / 0.18122 = 9.64615e-06
time: 380	PE: 3	op: -1.89446 / 0.18122 = -10.4539
Ax[40641] = 0
time: 381	PE: 0	op: 0.255646 - -0.0806061 * -0.918903 = 0.181576
Ax[40641] = 0
Ax[40641] = 0
Ax[40641] = 0
time: 384	PE: 0	op: -7.17317e-05 - -1.51032e-08 * -0.336717 = -7.17368e-05
Ax[40641] = 0
Ax[40641] = 0
Ax[40641] = 0
time: 387	PE: 0	op: 0.181576 - -0.00386364 * -0.336717 = 0.180275
Ax[40641] = 0
time: 388	PE: 0	op: 0.289323 - -0.00273968 * -0.015118 = 0.289281
time: 388	PE: 1	op: -3.25261e-20 - -0.0020866 * -0.015118 = -3.15451e-05
time: 388	PE: 3	op: 2.92695e-24 - -0.00273968 * -0.0214242 = -5.86955e-05
time: 388	PE: 4	op: 0.00600212 - -0.0020866 * -0.0214242 = 0.00595741
time: 388	PE: 5	op: -8.78472e-09 - -0.00273968 * 9.64615e-06 = 1.76426e-08
time: 388	PE: 7	op: 212.558 - -0.00273968 * -10.4539 = 212.529
time: 388	PE: 8	op: 5.41598e-06 - -0.0020866 * 9.64615e-06 = 5.43611e-06
time: 388	PE: 9	op: 8.33647 - -6.3775e-06 * 9.64615e-06 = 8.33647
time: 388	PE: 10	op: 0.00101094 - -0.0020866 * -10.4539 = -0.0208022
Ax[40641] = 0
time: 389	PE: 2	op: 5.75925e-10 - -6.3775e-06 * -0.015118 = -9.5839e-08
time: 389	PE: 6	op: 4.62402e-11 - -6.3775e-06 * -0.0214242 = -1.36587e-07
time: 389	PE: 11	op: 0 - -6.3775e-06 * -10.4539 = -6.66699e-05
Ax[40641] = 0
Ax[40641] = 0
Ax[40641] = 0
Ax[40641] = 0
time: 393	PE: 0	op: 0.00120444 / 0.180275 = 0.00668109
time: 393	PE: 1	op: -6.63467e-06 / 0.180275 = -3.6803e-05
Ax[40641] = 0
time: 394	PE: 0	op: -5.86955e-05 / 0.289281 = -0.000202901
time: 394	PE: 1	op: 1.76426e-08 / 0.289281 = 6.09878e-08
time: 394	PE: 2	op: 212.529 / 0.289281 = 734.681
time: 394	PE: 3	op: -8e-31 / 0.289281 = -2.76548e-30
Ax[40641] = 0
Ax[40641] = 0
Ax[40641] = 0
Ax[40641] = 0
Ax[40641] = 0
Ax[40641] = 0
Ax[40641] = 0
time: 401	PE: 0	op: 8.33647 - -6.63459e-06 * -3.6803e-05 = 8.33647
time: 401	PE: 1	op: -5.64208e-06 - -7.17368e-05 * -3.6803e-05 = -5.64472e-06
time: 401	PE: 2	op: 0.000541771 - -7.17368e-05 * 0.00668109 = 0.00054225
time: 401	PE: 3	op: 1.94404e-06 - -6.63459e-06 * 0.00668109 = 1.98837e-06
Ax[40641] = 0
time: 402	PE: 0	op: 0.00595741 - -3.15451e-05 * -0.000202901 = 0.00595741
time: 402	PE: 1	op: -1.36587e-07 - -9.5839e-08 * -0.000202901 = -1.36606e-07
time: 402	PE: 2	op: 0 - -8e-31 * -0.000202901 = -1.62321e-34
time: 402	PE: 3	op: 5.43611e-06 - -3.15451e-05 * 6.09878e-08 = 5.43611e-06
time: 402	PE: 4	op: 8.33647 - -9.5839e-08 * 6.09878e-08 = 8.33647
time: 402	PE: 5	op: 0 - -8e-31 * 6.09878e-08 = 4.87903e-38
Ax[40641] = 0
time: 403	PE: 0	op: -0.0208022 - -3.15451e-05 * 734.681 = 0.00237342
time: 403	PE: 1	op: 0 - -3.15451e-05 * -2.76548e-30 = -8.72373e-35
time: 403	PE: 3	op: -6.66699e-05 - -9.5839e-08 * 734.681 = 3.74118e-06
time: 403	PE: 4	op: 0 - -9.5839e-08 * -2.76548e-30 = -2.6504e-37
Ax[40641] = 0
time: 404	PE: 0	op: 7.83082e-06 - -8e-31 * -2.76548e-30 = 7.83082e-06
time: 404	PE: 2	op: 0 - -8e-31 * 734.681 = 5.87745e-28
Ax[40641] = 0
Ax[40641] = 0
Ax[40641] = 0
time: 407	PE: 0	op: -5.64472e-06 / 0.00054225 = -0.0104098
Ax[40641] = 0
time: 408	PE: 0	op: 5.43611e-06 / 0.00595741 = 0.000912496
Ax[40641] = 0
time: 409	PE: 0	op: 0.00237342 / 0.00595741 = 0.398398
time: 409	PE: 1	op: -8.72373e-35 / 0.00595741 = -1.46435e-32
Ax[40641] = 0
Ax[40641] = 0
Ax[40641] = 0
Ax[40641] = 0
Ax[40641] = 0
Ax[40641] = 0
time: 415	PE: 0	op: 8.33647 - 1.98837e-06 * -0.0104098 = 8.33647
Ax[40641] = 0
time: 416	PE: 0	op: 8.33647 - -1.36606e-07 * 0.000912496 = 8.33647
time: 416	PE: 1	op: 4.87903e-38 - -1.62321e-34 * 0.000912496 = 1.96908e-37
Ax[40641] = 0
time: 417	PE: 0	op: 7.83082e-06 - -1.62321e-34 * -1.46435e-32 = 7.83082e-06
time: 417	PE: 1	op: 5.87745e-28 - -1.62321e-34 * 0.398398 = 5.87745e-28
time: 417	PE: 2	op: 3.74118e-06 - -1.36606e-07 * 0.398398 = 3.7956e-06
time: 417	PE: 3	op: -2.6504e-37 - -1.36606e-07 * -1.46435e-32 = -2.67041e-37
Ax[40641] = 0
Ax[40641] = 0
Ax[40641] = 0
Ax[40641] = 0
time: 421	PE: 0	op: -8.33962 / 8.33647 = -1.00038
time: 421	PE: 1	op: -3878.88 / 8.33647 = -465.29
Ax[40641] = 0
time: 422	PE: 0	op: -8.33962 / 8.33647 = -1.00038
time: 422	PE: 1	op: -3878.88 / 8.33647 = -465.29
time: 422	PE: 2	op: 1.96908e-37 / -0.0401614 = -4.90291e-36
Ax[40641] = 0
time: 423	PE: 0	op: 7.83082e-06 / -0.0401614 = -0.000194984
Ax[40641] = 0
Ax[40641] = 0
Ax[40641] = 0
Ax[40641] = 0
Ax[40641] = 0
Ax[40641] = 0
time: 429	PE: 0	op: 26.738 - -8.33962 * -1.00038 = 18.3952
time: 429	PE: 1	op: -1763.06 - -8.33962 * -465.29 = -5643.4
Ax[40641] = 0
time: 430	PE: 0	op: 26.7338 - -8.33962 * -1.00038 = 18.3911
time: 430	PE: 1	op: -1763.06 - -8.33962 * -465.29 = -5643.4
Ax[40641] = 0
Ax[40641] = 0
Ax[40641] = 0
Ax[40641] = 0
Ax[40641] = 0
time: 435	PE: 0	op: -18.1953 / 18.3952 = -0.989135
time: 435	PE: 1	op: -1e-08 / 18.3952 = -5.4362e-10
Ax[40641] = 0
time: 436	PE: 0	op: -18.1953 / 18.3911 = -0.989357
time: 436	PE: 1	op: -1e-08 / 18.3911 = -5.43742e-10
Ax[40641] = 0
Ax[40641] = 0
Ax[40641] = 0
Ax[40641] = 0
Ax[40641] = 0
Ax[40641] = 0
Ax[40641] = 0
time: 443	PE: 0	op: 0 - -18.1962 * -5.4362e-10 = -9.89182e-09
time: 443	PE: 1	op: 18.1986 - -18.1962 * -0.989135 = 0.200125
time: 443	PE: 2	op: 0 - -1e-08 * -0.989135 = -9.89135e-09
time: 443	PE: 3	op: 100001 - -1e-08 * -5.4362e-10 = 100001
Ax[40641] = 0
time: 444	PE: 0	op: -4.00676e-13 - -18.1962 * -5.43742e-10 = -9.89443e-09
time: 444	PE: 1	op: 18.1986 - -18.1962 * -0.989357 = 0.196097
time: 444	PE: 2	op: -4.47093e-13 - -1e-08 * -0.989357 = -9.89401e-09
time: 444	PE: 3	op: 1.30469 - -1e-08 * -5.43742e-10 = 1.30469
Ax[40641] = 0
Ax[40641] = 0
Ax[40641] = 0
Ax[40641] = 0
Ax[40641] = 0
time: 449	PE: 0	op: -5.90855e-11 / 0.200125 = -2.95243e-10
time: 449	PE: 1	op: -4.00676e-13 / 0.200125 = -2.00213e-12
time: 449	PE: 2	op: -9.89182e-09 / 0.200125 = -4.94282e-08
Ax[40641] = 0
time: 450	PE: 5	op: reg[5] = -9.89443e-09
time: 450	PE: 7	op: reg[7] = -5.90855e-11
Ax[40641] = 0
time: 451	PE: 5	op: Ax[2218] = -9.89443e-09 / 0.196097 = -5.04569e-08
time: 451	PE: 7	op: Ax[2219] = -5.90855e-11 / 0.196097 = -3.01308e-10
Ax[40641] = 0
Ax[40641] = 0
Ax[40641] = 0
Ax[40641] = 0
Ax[40641] = 0
Ax[40641] = 0
time: 457	PE: 0	op: 0 + -5.81108e-11 * -2.95243e-10 = 1.71568e-20
time: 457	PE: 1	op: 0 + -5.81108e-11 * -2.00213e-12 = 1.16345e-22
time: 457	PE: 2	op: 0 + -4.47094e-13 * -2.95243e-10 = 1.32001e-22
time: 457	PE: 3	op: 0 + -5.81108e-11 * -4.94282e-08 = 2.87231e-18
time: 457	PE: 4	op: 0 + -9.89135e-09 * -2.95243e-10 = 2.92035e-18
time: 457	PE: 6	op: 0 + -4.47094e-13 * -2.00213e-12 = 8.95139e-25
time: 457	PE: 8	op: 0 + -4.47094e-13 * -4.94282e-08 = 2.2099e-20
time: 457	PE: 9	op: 0 + -9.89135e-09 * -2.00213e-12 = 1.98038e-20
time: 457	PE: 12	op: 0 + -9.89135e-09 * -4.94282e-08 = 4.88912e-16
Ax[40641] = 0
Ax[40641] = 0
time: 459	PE: 10	op: 0 + -9.89401e-09 * -5.04569e-08 = 4.99221e-16
time: 459	PE: 11	op: 0 + -9.89401e-09 * -3.01308e-10 = 2.98114e-18
time: 459	PE: 13	op: 0 + -5.81108e-11 * -5.04569e-08 = 2.93209e-18
time: 459	PE: 14	op: 0 + -5.81108e-11 * -3.01308e-10 = 1.75092e-20
Ax[40641] = 0
time: 460	PE: 0	op: Ax[2083] = 1.29826 - 1.71568e-20 = 1.29826
time: 460	PE: 1	op: -2.11125e-11 - 1.16345e-22 = -2.11125e-11
time: 460	PE: 2	op: Ax[2093] = -2.10661e-11 - 1.32001e-22 = -2.10661e-11
time: 460	PE: 3	op: -1.29931 - 2.87231e-18 = -1.29931
time: 460	PE: 4	op: Ax[2110] = -1.29925 - 2.92035e-18 = -1.29925
Ax[40641] = 0
Ax[40641] = 0
time: 462	PE: 10	op: Ax[2235] = 1.30469 - 4.99221e-16 = 1.30469
time: 462	PE: 11	op: -1.29925 - 2.98114e-18 = -1.29925
time: 462	PE: 13	op: Ax[2246] = -1.29931 - 2.93209e-18 = -1.29931
Ax[40641] = 0
Ax[40641] = 0
Ax[40641] = 0
time: 465	PE: 1	op: Ax[2084] = -2.11125e-11 / 1.29826 = -1.62621e-11
time: 465	PE: 3	op: Ax[2085] = -1.29931 / 1.29826 = -1.00081
Ax[40641] = 0
Ax[40641] = 0
time: 467	PE: 11	op: Ax[2236] = -1.29925 / 1.30469 = -0.995831
Ax[40641] = 0
Ax[40641] = 0
Ax[40641] = 0
Ax[40641] = 0
Ax[40641] = 0
Ax[40641] = 0
time: 473	PE: 6	op: 8.95139e-25 + -2.10661e-11 * -1.62621e-11 = 3.43474e-22
time: 473	PE: 8	op: 2.2099e-20 + -2.10661e-11 * -1.00081 = 2.10831e-11
time: 473	PE: 9	op: 1.98038e-20 + -1.29925 * -1.62621e-11 = 2.11286e-11
time: 473	PE: 12	op: 4.88912e-16 + -1.29925 * -1.00081 = 1.3003
Ax[40641] = 0
Ax[40641] = 0
time: 475	PE: 14	op: 1.75092e-20 + -1.29931 * -0.995831 = 1.29389
Ax[40641] = 0
time: 476	PE: 6	op: Ax[2094] = 100000 - 3.43474e-22 = 100000
time: 476	PE: 8	op: -100000 - 2.10831e-11 = -100000
time: 476	PE: 9	op: Ax[2111] = -100000 - 2.11286e-11 = -100000
Ax[40641] = 0
Ax[40641] = 0
time: 478	PE: 14	op: Ax[2247] = 1.29826 - 1.29389 = 0.00436628
Ax[40641] = 0
Ax[40641] = 0
Ax[40641] = 0
time: 481	PE: 8	op: Ax[2095] = -100000 / 100000 = -1
Ax[40641] = 0
Ax[40641] = 0
Ax[40641] = 0
Ax[40641] = 0
Ax[40641] = 0
Ax[40641] = 0
Ax[40641] = 0
Ax[40641] = 0
time: 489	PE: 12	op: 1.3003 + -100000 * -1 = 100001
Ax[40641] = 0
Ax[40641] = 0
Ax[40641] = 0
time: 492	PE: 12	op: Ax[2112] = 100001 - 100001 = 0
Ax[40641] = 0
Ax[40641] = 0
Ax[40641] = 0
SUCCESS: simulation
SUCCESS: simulation1
SUCCESS: simulation3
SUCCESS: simulation3
SUCCESS: simulation4
