0000000060000000000000000000000000000000000
00000200e0000000000000000000000000000000000
0000040460000000000000000000000000000000000
00000604e0000000004000001800000000000000000
0000080860000000004040005800000000000000000
00000a08e00000000041c0021800000000000000000
00000c0c60000000004200025800000000000000000
00000e0ce0000000004380041800000000000000000
00001010600000000043c0045800000000000000000
00001210e0000000004540061800000000000000000
0000141460000000004580065800000000000000000
00001614e0000000004700081800201002000000000
0000181860000000004740085800000000000000000
00001a18e00000000048c00a1800908072000000000
00001c1c600000000049000a5800000000000000000
00001e1ce0000000004a800c180100f0e2000000000
0000202060000000004ac00c5800000000000000000
00002220e0000000004c400e1801716152000000000
0000242460000000008080800600000000000000000
00002624e0000000008100804601e1d1c2000000000
0000282860000000008282420600000000000000000
00002a28e0000000008302424602524232000000000
00002c2c60000000008484040600000000000000000
00002e2ce0000000008504044602c2b2a2000000000
0000303060000000008685c60600000000000000000
00003230e0000000008705c64600000000080c0a082
0000343460000000008887880600000000000000000
00003634e0000000008907884600000000000000000
0000383860000000008a894a0600000000000000000
00003a38e0000000008b094a4600000000081412082
00003c3c60000000008c8b0c0600000000000000000
00003e3ce0000000008d0b0c4600000000000000000
0000404060000000004c800e5800000000000000000
00004240e0000000004e00101800000000082c2a082
0000444460000000004e40105800000000000000000
00004644e0000000004fc0121800000000000000000
0000484860000000005000125800000000000000000
00004a48e00000000051c0145800000000083432082
00004c4c60000000005180141800000000000000000
00004e4ce0000000005340161803332312000000000
0000505060000000005380165800000000000000000
00005250e0000000005500181803a39382084c4a082
0000545460000000005540185800000000000000000
00005654e00000000056c01a18041403f2000000000
00005858600000000057001a5800000000000000000
00005a58e00000000058c01c5804847462085452082
00005c5c600000000058801c1800000000000000000
00005e5ce0000000005a401e1804f4e4d2000000000
0000606060000000005a801e5800000000000000000
00006260e0000000005c00201805655542086c6a082
0000646460000000005c40205800000000000000000
00006664e0000000005dc0221805d5c5b2000000000
0000686860000000005e00225800000000000000000
00006a68e00000000040c000d606463622087472082
00006c6c60000000005f80241800000000000000000
00006e6ce0000000006140261806b6a692000000000
0000707060000000005fc0245800000000000000000
00007270e0000000004100015607271702088c8a082
0000747460000000006180265800000000000000000
00007674e0000000006300281807978772000000000
0000787860000000006340285800000000000000000
00007a78e000000000428002d600000000089492082
00007c7c600000000064c02a1800000000000000000
00007e7ce00000000066802c180807f7e2000000000
00000000000000000065002a5800000000000000000
00000000000000000042c003560878685208acaa082
00000000000000000066c02c5800000000000000000
00000000000000000068402e1808e8d8c2000000000
00000000000000000068802e5800000000000000000
000000000000000000444004d60050403108b4b2082
0000000000000000006a00301800000000000000000
0000000000000000006bc0321809594932000000000
0000000000000000006a40305800000000000000000
0000000000000000004480055609c9b9a208ccca082
0000000000000000006c00325800000000000000000
0000000000000000006d8034180a3a2a12000000000
0000000000000000006dc0345800000000081814006
000000000000000000460006d600c0b0a108d4d2082
0000000000000000006f40361800000000000000000
000000000000000000710038180aaa9a82000000000
0000000000000000006f80365800000000000000000
000000000000000000464007560b1b0af2000000000
0000000000000000007140385800000000000000000
00000000000000000072c03a180b8b7b62000000000
00000000000000000073003a5800000000083430006
00000000000000000047c008d601312111000000000
00000000000000000074803c1800000000000000000
00000000000000000076403e180bfbebd2000000000
00000000000000000074c03c5800000000000000000
000000000000000000480009560c6c5c42000000000
00000000000000000076803e5800000000000000000
000000000000000000000000000cdcccb2000000000
000000000000000000000000000000000008504c006
00000000000000000049800ad601a19181000000000
0000000000000000000000000000000000000000000
000000000000000000000000000d4d3d22000000000
0000000000000000000000000000000000000000000
00000000000000000049c00b560dbdad92000000000
000000000000000000818180c200000000000000000
00000000000000000081c1814200000000000000000
0000000000000000008e8cce0600000000086c68006
0000000000000000004b400cd6021201f1000000000
0000000000000000008f0cce4600000000000000000
000000000000000000838342c200000000000000000
00000000000000000083c3434200000000000000000
0000000000000000d84b800d5600000000000000000
00008200e0000080f8908e900600000000000000000
000080006000000000910e90460000000008ecea082
0000000000000000009492140600000000088884006
0000000000000000009290520602827261000000000
0000000000000101d89310524600000000000000000
00008604e0000181f885c505420000000008f4f2082
000084046000000000858504c200000000000000000
0000000000000000009512144600000000000000000
0000000000000000009693d60600000000000000000
0000000000000000007800001800000000090d0a082
000000000000000000784000580000000008a4a0006
0000000000000000007a00025802f2e2d1000000000
0000000000000282f879c0021800000000000000000
0000880860000202d80000000000000000091512082
00008a08e0000000000000000000000000000000000
0000000000000000000000000000000000000000000
0000000000000000007b80041800000000000000000
0000000000000000007bc004580e2e1e02092d2a082
000000000000000000000000000000000008c0bc006
000000000000000000000000000e9e8e72000000000
0000000000000000000000000000000000000000000
0000000000000000000000000000000000093532082
0000000000000000000000000000000000000000000
0000000000000000000000000000000000000000000
000000000000000000000000000f0efee2000000000
0000000000000000000000000000000000094d4a082
0000000000000000000000000000000000000000000
0000000000000000000000000000000000000000000
0000000000000000000000000000000000000000000
0000000000000000004d000ed600000000095552082
0000000000000000000000000000000000000000000
0000000000000000000000000000000000000000000
0000000000000000000000000000000000000000000
0000000000000000004d400f5600000000096d6a082
0000000000000000000000000000000000000000000
0000000000000000000000000000000000000000000
0000000000000000000000000000000000000000000
0000000000000000004ec010d600000000000000000
0000000000000000000000000000000000000000000
0000000000000000000000000000000000000000000
0000000000000000000000000000000000000000000
0000000000000000004f00115600000000000000000
0000000000000000000000000000000000000000000
0000000000000000000000000000000000000000000
0000000000000000000000000000000000000000000
000000000000000000508012d603635341000000000
0000000000000000000000000000000000000000000
0000000000000000000000000000000000000000000
0000000000000000000000000000000000000000000
00000000000000000050c0135600000000000000000
0000000000000000000000000000000000000000000
0000000000000000000000000000000000000000000
000000000000000000000000000000000008dcd8006
000000000000000000524014d603d3c3b1000000000
0000000000000000008786c6c200000000000000000
00000000000000000087c6c74200000000000000000
000000000000000000898888c200000000000000000
00000000000000000089c8894200000000000000000
0000000000000000008b8a4ac200000000000000000
0000000000000000008bca4b4200000000000000000
0000000000000000008d8c0cc20000000008f8f4006
0000000000000303d88dcc0d4204443421000000000
00008c0c60000383f85280155600000000000000000
00008e0ce0000404d8540016d600000000000000000
0000901060000484f89713d64600000000000000000
00009210e0000505d89895980600000000000000000
0000941460000585f89915984600000000000000000
00009614e0000606d89a975a0600000000000000000
00009a18e0000686f89b175a4600000000091510006
0000981860000000009c991c0600000000000000000
0000000000000000009d191c4600000000000000000
0000000000000000008f8dcec200000000097572082
0000000000000000008fcdcf4200000000000000000
0000000000000000009e9ade0600000000000000000
0000000000000000009f1ade4604b4a491000000000
000000000000000000a09ca00600000000098d8a082
000000000000000000a11ca04600000000000000000
000000000000000000a29e620600000000000000000
0000000000000707d8a31e624600000000000000000
00009c1c60000787f87d80065800000000099592082
00009e1ce0000000007f00081800000000000000000
0000000000000000007d4006180000000009312c006
0000000000000000007f40085800000000000000000
00000000000000000040c00a180000000009adaa082
00000000000000000041000a5800000000000000000
00000000000000000042800c1800000000000000000
00000000000000000042c00c5800000000000000000
00000000000000000044800e580000000009b5b2082
00000000000000000044400e180f7f6f52000000000
000000000000000000000000000fefdfc2000000000
0000000000000000000000000000000000000000000
000000000000000000000000000050403209cdca082
0000000000000000000000000000000000000000000
0000000000000000000000000000000000000000000
0000000000000000000000000000c0b0a2000000000
000000000000000000000000000131211209d5d2082
0000000000000000000000000000000000000000000
0000000000000000000000000000000000000000000
0000000000000000000000000000000000000000000
000000000000000000544017560000000009edea082
0000000000000000000000000000000000000000000
0000000000000000000000000000000000000000000
0000000000000000000000000000000000000000000
00000000000000000055c018d60000000009f5f2082
0000000000000000000000000000000000000000000
0000000000000000000000000000000000000000000
0000000000000000000000000000000000000000000
00000000000000000056001956000000000a0e0a082
0000000000000000000000000000000000000000000
0000000000000000000000000000000000000000000
0000000000000000000000000000000000000000000
00000000000000000057801ad6052515010a1612082
0000000000000000000000000000000000000000000
0000000000000000000000000000000000000000000
0000000000000000000000000000000000000000000
00000000000000000057c01b56000000000a2e2a082
0000000000000000000000000000000000000000000
0000000000000000000000000000000000000000000
0000000000000000000000000000000000094d48006
00000000000000000059401cd6059585710a3632082
0000000000000000000000000000000000000000000
0000000000000000000000000000000000000000000
0000000000000000000000000000000000000000000
00000000000000000059801d5600000000000000000
0000000000000000000000000000000000000000000
0000000000000000000000000000000000000000000
0000000000000000000000000000000000096964006
0000000000000000005b001ed60605f5e1000000000
0000000000000000000000000000000000000000000
0000000000000000000000000000000000000000000
0000000000000000000000000000000000000000000
0000000000000000005b401f5600000000000000000
0000000000000000000000000000000000000000000
0000000000000000000000000000000000000000000
0000000000000000000000000000000000098580006
0000000000000000005cc020d606766651000000000
0000000000000000000000000000000000000000000
0000000000000000000000000000000000000000000
0000000000000000000000000000000000000000000
0000000000000000005d00215600000000000000000
000000000000000000918f90c200000000000000000
00000000000000000091cf914200000000000000000
000000000000000000939152c20000000009a19c006
00000000000000000093d1534200000000000000000
000000000000000000959314c200000000000000000
00000000000000000095d3154200000000000000000
0000000000000000009794d6c206e6d6c1000000000
0000000000000808d897d4d74200000000000000000
0000a02060000888f899d6994200000000000000000
0000a220e0000909d8999698c200000000000000000
0000a42460000989f85ec0235600000000000000000
0000a624e0000a0ad85e8022d607574731000000000
0000a82860000a8af8a4a0240600000000000000000
0000aa28e0000b0bd89b985ac20000000009bdb8006
0000ac2c60000b8bf89bd85b4200000000000000000
0000ae2ce0000c8cf8a520244600000000000000000
0000b03060000c0cd8a6a1e60600000000000000000
0000b230e000000000a721e64600000000000000000
000000000000000000a8a3a8060000000009d9d4006
000000000000000000a923a846000000000a4e4a082
0000000000000d0dd8aaa56a0600000000000000000
0000b634e0000d8df89dda1d4200000000000000000
0000b43460000000009d9a1cc200000000000000000
000000000000000000ab256a4607c7b7a10a5652082
000000000000000000aca72c0600000000000000000
000000000000000000ad272c4600000000000000000
000000000000000000aea8ee0600000000000000000
00000000000000000046001018000000000a6e6a082
0000000000000e8ef84640105800000000000000000
0000ba38e0000e0ed847c0121800000000000000000
0000b8386000000000480012580000000009f5f0006
00000000000000000049c01458000000000a7672082
0000000000000000004980141800000000000000000
0000000000000000004b40161800000000000000000
0000000000000000004b80165800000000000000000
0000000000000000004d00181801a191820a8e8a082
0000000000000000004d40185800000000000000000
0000000000000000004ec01a18021201f2000000000
0000000000000000004f001a5800000000000000000
00000000000000000050c01c58028272620a9692082
00000000000000000050801c1800000000000000000
0000000000000000000000000002f2e2d2000000000
0000000000000000000000000000000000000000000
00000000000000000000000000036353420aaeaa082
0000000000000000000000000000000000000000000
0000000000000000000000000003d3c3b2000000000
0000000000000000000000000000000000000000000
000000000000000000604024d6044434220ab6b2082
0000000000000000000000000000000000000000000
0000000000000000000000000000000000000000000
0000000000000000000000000000000000000000000
00000000000000000060802556000000000aceca082
0000000000000000000000000000000000000000000
0000000000000000000000000000000000000000000
0000000000000000000000000000000000000000000
000000000000000000620026d6000000000ad6d2082
0000000000000000000000000000000000000000000
0000000000000000000000000000000000000000000
0000000000000000000000000000000000000000000
00000000000000000062402756000000000aeeea082
0000000000000000000000000000000000000000000
0000000000000000000000000000000000000000000
0000000000000000000000000000000000000000000
00000000000000000063c028d608382811000000000
0000000000000000000000000000000000000000000
0000000000000000000000000000000000000000000
0000000000000000000000000000000000000000000
0000000000000000006400295600000000000000000
0000000000000000000000000000000000000000000
0000000000000000000000000000000000000000000
00000000000000000000000000000000000a120c006
00000000000000000065802ad608a89881000000000
0000000000000000000000000000000000000000000
0000000000000000000000000000000000000000000
0000000000000000000000000000000000000000000
00000000000000000065c02b5600000000000000000
0000000000000000000000000000000000000000000
0000000000000000000000000000000000000000000
00000000000000000000000000000000000a2e28006
00000000000000000067402cd6091908f1000000000
0000000000000000009f9bdec200000000000000000
0000000000000000009fdbdf4200000000000000000
000000000000000000a19da0c200000000000000000
000000000000000000a1dda14200000000000000000
000000000000000000a39f62c200000000000000000
000000000000000000a3df634200000000000000000
00000000000000000067802d56000000000a4a44006
0000000000000f0fd869002ed609897961000000000
0000bc3c60000f8ff8af28ee4600000000000000000
0000be3ce0001010d8a5a124c200000000000000000
0000c04060001090f8a5e1254200000000000000000
0000c240e0001111d8b0aab00600000000000000000
0000c644e0001191f8b12ab04600000000000000000
0000c4446000000000b2ac720600000000000000000
000000000000000000b32c7246000000000a6660006
000000000000000000b52e3446000000000af6f2082
0000000000001212d8b4ae340600000000000000000
0000c84860001292f8a7e2e74200000000000000000
0000ca48e000000000a7a2e6c209f9e9d1000000000
000000000000000000b6aff606000000000b0f0a082
000000000000000000b72ff64600000000000000000
000000000000000000b8b1b80600000000000000000
000000000000000000b931b84600000000000000000
00000000000000000052801e58000000000b1712082
0000000000001393f852401e1800000000000000000
0000cc4c60001313d854002018000000000a827c006
0000ce4ce00000000055c0221800000000000000000
00000000000000000054402058000000000b2f2a082
0000000000000000005600225800000000000000000
0000000000000000005780241800000000000000000
00000000000000000057c0245800000000000000000
0000000000000000005980265804b4a4920b3732082
0000000000000000005940261800000000000000000
0000000000000000000000000000000000000000000
0000000000000000000000000005251502000000000
00000000000000000000000000059585720b4f4a082
0000000000000000000000000000000000000000000
0000000000000000000000000000000000000000000
000000000000000000000000000605f5e2000000000
00000000000000000000000000067666520b5752082
0000000000000000000000000000000000000000000
0000000000000000000000000000000000000000000
0000000000000000000000000000000000000000000
00000000000000000069402f56000000000b6f6a082
0000000000000000000000000000000000000000000
0000000000000000000000000000000000000000000
0000000000000000000000000000000000000000000
0000000000000000006ac030d6000000000b7772082
0000000000000000000000000000000000000000000
0000000000000000000000000000000000000000000
0000000000000000000000000000000000000000000
0000000000000000006b003156000000000b8f8a082
0000000000000000000000000000000000000000000
0000000000000000000000000000000000000000000
0000000000000000000000000000000000000000000
0000000000000000006c8032d60a6a5a410b9792082
0000000000000000000000000000000000000000000
0000000000000000000000000000000000000000000
0000000000000000000000000000000000000000000
0000000000000000006cc0335600000000000000000
0000000000000000000000000000000000000000000
0000000000000000000000000000000000000000000
00000000000000000000000000000000000a9e98006
0000000000000000006e4034d60adacab1000000000
0000000000000000000000000000000000000000000
0000000000000000000000000000000000000000000
0000000000000000000000000000000000000000000
0000000000000000006e80355600000000000000000
0000000000000000000000000000000000000000000
0000000000000000000000000000000000000000000
00000000000000000000000000000000000abab4006
000000000000000000700036d60b4b3b21000000000
0000000000000000000000000000000000000000000
0000000000000000000000000000000000000000000
0000000000000000000000000000000000000000000
0000000000000000007040375600000000000000000
000000000000000000a9a4a8c200000000000000000
000000000000000000a9e4a94200000000000000000
000000000000000000aba66ac2000000000ad6d0006
000000000000000000abe66b4200000000000000000
000000000000000000ada82cc20bbbab91000000000
000000000000000000ade82d4200000000000000000
000000000000000000afa9eec200000000000000000
0000000000001414d8afe9ef4200000000000000000
0000d05060001494f87200395600000000000000000
0000d250e0001515d871c038d600000000000000000
0000d45460001595f8bab37a0600000000000000000
0000d654e0001616d880b880060c2c1c010af2ec006
0000d85860001696f8bb337a4600000000000000000
0000da58e0001717d8b1abb0c200000000000000000
0000dc5c60001797f8b1ebb14200000000000000000
0000de5ce000000000bcb53c0600000000000000000
000000000000000000bd353c4600000000000000000
000000000000000000beb6fe06000000000bafaa082
000000000000000000bf36fe46000000000b0f08006
0000000000000000008138804600000000000000000
0000000000001818d882ba420600000000000000000
0000e06060001898f8b3ed73420c9c8c710bb7b2082
0000e260e000000000b3ad72c200000000000000000
000000000000000000833a424600000000000000000
00000000000000000084bc040600000000000000000
0000000000000000005b002818000000000bcfca082
0000000000000000005b40285800000000000000000
0000000000000000005cc02a1800000000000000000
0000000000001999f85d002a58000000000b2b24006
0000e46460001919d85ec02c58000000000bd7d2082
0000e664e0000000005e802c1800000000000000000
00000000000000000060402e1800000000000000000
00000000000000000060802e5800000000000000000
0000000000000000006200301806e6d6c20befea082
0000000000000000006240305800000000000000000
00000000000000000063c0321807574732000000000
0000000000000000006400325800000000000000000
0000000000000000000000000007c7b7a20bf7f2082
0000000000000000000000000000000000000000000
0000000000000000000000000008382812000000000
0000000000000000000000000000000000000000000
0000000000000000000000000008a89882080c0a082
0000000000000000000000000000000000000000000
00000000000000000000000000091908f2000000000
0000000000000000000000000000000000000000000
00000000000000000073803ad600000000081412082
0000000000000000000000000000000000000000000
0000000000000000000000000000000000000000000
0000000000000000000000000000000000000000000
00000000000000000073c03b5600000000082c2a082
0000000000000000000000000000000000000000000
0000000000000000000000000000000000000000000
0000000000000000000000000000000000000000000
00000000000000000075403cd600000000083432082
0000000000000000000000000000000000000000000
0000000000000000000000000000000000000000000
0000000000000000000000000000000000000000000
00000000000000000075803d5600000000084c4a082
0000000000000000000000000000000000000000000
0000000000000000000000000000000000000000000
0000000000000000000000000000000000000000000
00000000000000000077003ed60d0cfce1000000000
0000000000000000000000000000000000000000000
0000000000000000000000000000000000000000000
0000000000000000000000000000000000000000000
00000000000000000077403f5600000000000000000
0000000000000000000000000000000000000000000
0000000000000000000000000000000000000000000
00000000000000000000000000000000000b4740006
00000000000000000078c000d60d7d6d51000000000
0000000000000000000000000000000000000000000
0000000000000000000000000000000000000000000
0000000000000000000000000000000000000000000
0000000000000000007900015600000000000000000
0000000000000000000000000000000000000000000
0000000000000000000000000000000000000000000
00000000000000000000000000000000000b635c006
0000000000000000007a8002d60dedddc1000000000
000000000000000000b5af34c200000000000000000
000000000000000000b5ef354200000000000000000
000000000000000000b7b0f6c200000000000000000
000000000000000000b7f0f74200000000000000000
000000000000000000b9b2b8c200000000000000000
000000000000000000b9f2b94200000000000000000
0000000000000000007ac00356000000000b7f78006
0000000000001a1ad87c4004d60e5e4e31000000000
0000e86860001a9af8853c044600000000000000000
0000ea68e0001b1bd8bbb47ac200000000000000000
0000ec6c60001b9bf8bbf47b4200000000000000000
0000ee6ce0001c1cd886bdc60600000000000000000
0000f270e0001c9cf8873dc64600000000000000000
0000f070600000000088bf880600000000000000000
000000000000000000893f8846000000000b9b94006
0000000000000000008b014a4600000000085452082
0000000000001d1dd88a814a0600000000000000000
0000f47460001d9df8bdf63d4200000000000000000
0000f674e000000000bdb63cc20ecebea1000000000
0000000000000000008c830c0600000000086c6a082
0000000000000000008d030c4600000000000000000
0000000000000000008e84ce0600000000000000000
0000000000000000008f04ce4600000000000000000
00000000000000000065c0345800000000087472082
0000000000001e9ef86580341800000000000000000
0000f87860001e1ed867403618000000000bb7b0006
0000fa78e0000000006900381800000000000000000
0000000000000000006780365800000000088c8a082
0000000000000000006940385800000000000000000
0000000000000000006ac03a1800000000000000000
0000000000000000006b003a5800000000000000000
0000000000000000006cc03c5809897962089492082
0000000000000000006c803c1800000000000000000
0000000000000000000000000000000000000000000
0000000000000000000000000009f9e9d2000000000
000000000000000000000000000a6a5a4208acaa082
0000000000000000000000000000000000000000000
0000000000000000000000000000000000000000000
000000000000000000000000000adacab2000000000
000000000000000000000000000b4b3b2208b4b2082
0000000000000000000000000000000000000000000
0000000000000000000000000000000000000000000
0000000000000000000000000000000000000000000
0000000000000000007c8005560000000008ccca082
0000000000000000000000000000000000000000000
0000000000000000000000000000000000000000000
0000000000000000000000000000000000000000000
0000000000000000007e0006d60000000008d4d2082
0000000000000000000000000000000000000000000
0000000000000000000000000000000000000000000
0000000000000000000000000000000000000000000
0000000000000000007e4007560000000008ecea082
0000000000000000000000000000000000000000000
0000000000000000000000000000000000000000000
0000000000000000000000000000000000000000000
0000000000000000007fc008d60f3f2f1108f4f2082
0000000000000000000000000000000000000000000
0000000000000000000000000000000000000000000
0000000000000000000000000000000000000000000
0000000000000000004000095600000000000000000
0000000000000000000000000000000000000000000
0000000000000000000000000000000000000000000
00000000000000000000000000000000000bd3cc006
00000000000000000041800ad60faf9f81000000000
0000000000000000000000000000000000000000000
0000000000000000000000000000000000000000000
0000000000000000000000000000000000000000000
00000000000000000041c00b5600000000000000000
0000000000000000000000000000000000000000000
0000000000000000000000000000000000000000000
00000000000000000000000000000000000befe8006
00000000000000000043400cd600100ff1000000000
0000000000000000000000000000000000000000000
0000000000000000000000000000000000000000000
0000000000000000000000000000000000000000000
00000000000000000043800d5600000000000000000
000000000000000000bfb7fec200000000000000000
000000000000000000bff7ff4200000000000000000
00000000000000000081b980c200000000080804006
00000000000000000081f9814200000000000000000
00000000000000000083bb42c200807061000000000
00000000000000000083fb434200000000000000000
00000000000000000085bd04c200000000000000000
0000000000001f1fd885fd054200000000000000000
0000fc7c60001f9ff845400f5600000000000000000
0000fe7ce0002000d845000ed600000000000000000
0000000000002080f89086900600000000000000000
0000000000002101d8968bd60600f0e0d1082420006
0000000000002181f89106904600000000000000000
0000000000002202d887bec6c200000000000000000
0000000000002282f887fec74200000000000000000
0000000000000000009288520600000000000000000
0000000000000000009308524600000000000000000
000000000000000000948a140600000000090d0a082
000000000000000000950a14460000000008403c006
000000000000000000970bd64600000000000000000
0000000000002303d8988d980600000000000000000
0000000000002383f889c0894201615141091512082
000000000000000000898088c200000000000000000
000000000000000000990d984600000000000000000
0000000000000000009a8f5a0600000000000000000
0000000000000000006e403e1800000000092d2a082
0000000000000000006e803e5800000000000000000
0000000000000000000000000000000000000000000
0000000000002484f80000000000000000085c58006
0000000000002404d80000000000000000093532082
0000000000000000000000000000000000000000000
0000000000000000000000000000000000000000000
0000000000000000000000000000000000000000000
000000000000000000000000000bbbab92094d4a082
0000000000000000000000000000000000000000000
0000000000000000000000000000000000000000000
0000000000000000000000000000000000000000000
0000000000000000000000000000000000095552082
0000000000000000000000000000000000000000000
0000000000000000000000000000000000000000000
0000000000000000000000000000000000000000000
0000000000000000000000000000000000096d6a082
0000000000000000000000000000000000000000000
0000000000000000000000000000000000000000000
0000000000000000000000000000000000000000000
00000000000000000046c010d600000000097572082
0000000000000000000000000000000000000000000
0000000000000000000000000000000000000000000
0000000000000000000000000000000000000000000
0000000000000000004700115600000000098d8a082
0000000000000000000000000000000000000000000
0000000000000000000000000000000000000000000
0000000000000000000000000000000000000000000
000000000000000000488012d600000000099592082
0000000000000000000000000000000000000000000
0000000000000000000000000000000000000000000
0000000000000000000000000000000000000000000
00000000000000000048c013560000000009adaa082
0000000000000000000000000000000000000000000
0000000000000000000000000000000000000000000
0000000000000000000000000000000000000000000
0000000000000000004a4014d601d1c1b1000000000
0000000000000000000000000000000000000000000
0000000000000000000000000000000000000000000
0000000000000000000000000000000000000000000
0000000000000000004a80155600000000000000000
0000000000000000000000000000000000000000000
0000000000000000000000000000000000000000000
0000000000000000000000000000000000087874006
0000000000000000004c0016d602423221000000000
0000000000000000000000000000000000000000000
0000000000000000000000000000000000000000000
0000000000000000000000000000000000000000000
0000000000000000004c40175600000000000000000
0000000000000000000000000000000000000000000
0000000000000000000000000000000000000000000
0000000000000000000000000000000000089490006
0000000000000000004dc018d602b2a291000000000
0000000000000000008b824ac200000000000000000
0000000000000000008bc24b4200000000000000000
0000000000000000008d840cc200000000000000000
0000000000000000008dc40d4200000000000000000
0000000000000000008f85cec200000000000000000
0000000000000000008fc5cf4200000000000000000
0000000000000000004e0019560000000008b0ac006
0000000000002505d84f801ad603231301000000000
0000000000002585f89b0f5a4600000000000000000
0000000000002606d8918790c200000000000000000
0000000000002686f891c7914200000000000000000
0000000000002707d89c911c0600000000000000000
0000000000002787f89d111c4600000000000000000
0000000000000000009e92de0600000000000000000
0000000000000000009f12de460000000008ccc8006
000000000000000000a114a0460000000009b5b2082
0000000000002808d8a094a00600000000000000000
0000000000002888f893c9534200000000000000000
000000000000000000938952c203938371000000000
000000000000000000a29662060000000009cdca082
000000000000000000a316624600000000000000000
000000000000000000a498240600000000000000000
000000000000000000a518244600000000000000000
000000000000000000000000000000000009d5d2082
0000000000002989f80000000000000000000000000
0000000000002909d8000000000000000008e8e4006
0000000000000000000000000000000000000000000
000000000000000000000000000000000009edea082
0000000000000000000000000000000000000000000
0000000000000000000000000000000000000000000
0000000000000000000000000000000000000000000
000000000000000000000000000000000009f5f2082
0000000000000000000000000000000000000000000
0000000000000000000000000000000000000000000
0000000000000000000000000000000000000000000
00000000000000000000000000000000000a0e0a082
0000000000000000000000000000000000000000000
0000000000000000000000000000000000000000000
0000000000000000000000000000000000000000000
00000000000000000000000000000000000a1612082
0000000000000000000000000000000000000000000
0000000000000000000000000000000000000000000
0000000000000000000000000000000000000000000
0000000000000000004fc01b56000000000a2e2a082
0000000000000000000000000000000000000000000
0000000000000000000000000000000000000000000
0000000000000000000000000000000000000000000
00000000000000000051401cd6000000000a3632082
0000000000000000000000000000000000000000000
0000000000000000000000000000000000000000000
0000000000000000000000000000000000000000000
00000000000000000051801d56000000000a4e4a082
0000000000000000000000000000000000000000000
0000000000000000000000000000000000000000000
0000000000000000000000000000000000000000000
00000000000000000053001ed60403f3e10a5652082
0000000000000000000000000000000000000000000
0000000000000000000000000000000000000000000
0000000000000000000000000000000000000000000
00000000000000000053401f5600000000000000000
0000000000000000000000000000000000000000000
0000000000000000000000000000000000000000000
0000000000000000000000000000000000090500006
00000000000000000054c020d604746451000000000
0000000000000000000000000000000000000000000
0000000000000000000000000000000000000000000
0000000000000000000000000000000000000000000
0000000000000000005500215600000000000000000
0000000000000000000000000000000000000000000
0000000000000000000000000000000000000000000
000000000000000000000000000000000009211c006
000000000000000000568022d604e4d4c1000000000
0000000000000000000000000000000000000000000
0000000000000000000000000000000000000000000
0000000000000000000000000000000000000000000
00000000000000000056c0235600000000000000000
000000000000000000958b14c200000000000000000
00000000000000000095cb154200000000000000000
000000000000000000978cd6c200000000093d38006
00000000000000000097ccd74200000000000000000
000000000000000000998e98c205554531000000000
00000000000000000099ce994200000000000000000
0000000000000000009b905ac200000000000000000
0000000000002a0ad89bd05b4200000000000000000
0000000000002a8af85880255600000000000000000
0000000000002b0bd8584024d600000000000000000
0000000000002b8bf8a699e60600000000000000000
0000000000002c0cd8ac9f2c0605c5b5a1095954006
0000000000002c8cf8a719e64600000000000000000
0000000000002d0dd89d921cc200000000000000000
0000000000002d8df89dd21d4200000000000000000
000000000000000000a89ba80600000000000000000
000000000000000000a91ba84600000000000000000
000000000000000000aa9d6a06000000000a6e6a082
000000000000000000ab1d6a4600000000097570006
000000000000000000ad1f2c4600000000000000000
0000000000002e0ed8aea0ee0600000000000000000
0000000000002e8ef89fd3df42063626110a7672082
0000000000000000009f93dec200000000000000000
000000000000000000af20ee4600000000000000000
000000000000000000b0a2b00600000000000000000
00000000000000000000000000000000000a8e8a082
0000000000000000000000000000000000000000000
0000000000000000000000000000000000000000000
0000000000002f8ff8000000000000000009918c006
0000000000002f0fd800000000000000000a9692082
0000000000000000000000000000000000000000000
0000000000000000000000000000000000000000000
0000000000000000000000000000000000000000000
00000000000000000000000000000000000aaeaa082
0000000000000000000000000000000000000000000
0000000000000000000000000000000000000000000
0000000000000000000000000000000000000000000
00000000000000000000000000000000000ab6b2082
0000000000000000000000000000000000000000000
0000000000000000000000000000000000000000000
0000000000000000000000000000000000000000000
00000000000000000000000000000000000aceca082
0000000000000000000000000000000000000000000
0000000000000000000000000000000000000000000
0000000000000000000000000000000000000000000
0000000000000000005a0026d6000000000ad6d2082
0000000000000000000000000000000000000000000
0000000000000000000000000000000000000000000
0000000000000000000000000000000000000000000
0000000000000000005a402756000000000aeeea082
0000000000000000000000000000000000000000000
0000000000000000000000000000000000000000000
0000000000000000000000000000000000000000000
0000000000000000005bc028d6000000000af6f2082
0000000000000000000000000000000000000000000
0000000000000000000000000000000000000000000
0000000000000000000000000000000000000000000
0000000000000000005c002956000000000b0f0a082
0000000000000000000000000000000000000000000
0000000000000000000000000000000000000000000
0000000000000000000000000000000000000000000
0000000000000000005d802ad606a69681000000000
0000000000000000000000000000000000000000000
0000000000000000000000000000000000000000000
0000000000000000000000000000000000000000000
0000000000000000005dc02b5600000000000000000
0000000000000000000000000000000000000000000
0000000000000000000000000000000000000000000
000000000000000000000000000000000009ada8006
0000000000000000005f402cd6071706f1000000000
0000000000000000000000000000000000000000000
0000000000000000000000000000000000000000000
0000000000000000000000000000000000000000000
0000000000000000005f802d5600000000000000000
0000000000000000000000000000000000000000000
0000000000000000000000000000000000000000000
000000000000000000000000000000000009c9c4006
00000000000000000061002ed607877761000000000
000000000000000000a195a0c200000000000000000
000000000000000000a1d5a14200000000000000000
000000000000000000a39762c200000000000000000
000000000000000000a3d7634200000000000000000
000000000000000000a59924c200000000000000000
000000000000000000a5d9254200000000000000000
00000000000000000061402f560000000009e5e0006
0000000000003010d862c030d607f7e7d1000000000
0000000000003090f8b122b04600000000000000000
0000000000003111d8a79ae6c200000000000000000
0000000000003191f8a7dae74200000000000000000
0000000000003212d8b2a4720600000000000000000
0000000000003292f8b324724600000000000000000
000000000000000000b4a6340600000000000000000
000000000000000000b5263446000000000a01fc006
000000000000000000b727f646000000000b1712082
0000000000003313d8b6a7f60600000000000000000
0000000000003393f8a9dca94200000000000000000
000000000000000000a99ca8c208685841000000000
000000000000000000b8a9b806000000000b2f2a082
000000000000000000b929b84600000000000000000
000000000000000000baab7a0600000000000000000
000000000000000000bb2b7a4600000000000000000
00000000000000000000000000000000000b3732082
0000000000003494f80000000000000000000000000
0000000000003414d800000000000000000a1e18006
0000000000000000000000000000000000000000000
00000000000000000000000000000000000b4f4a082
0000000000000000000000000000000000000000000
0000000000000000000000000000000000000000000
0000000000000000000000000000000000000000000
00000000000000000000000000000000000b5752082
0000000000000000000000000000000000000000000
0000000000000000000000000000000000000000000
0000000000000000000000000000000000000000000
00000000000000000000000000000000000b6f6a082
0000000000000000000000000000000000000000000
0000000000000000000000000000000000000000000
0000000000000000000000000000000000000000000
00000000000000000000000000000000000b7772082
0000000000000000000000000000000000000000000
0000000000000000000000000000000000000000000
0000000000000000000000000000000000000000000
00000000000000000063003156000000000b8f8a082
0000000000000000000000000000000000000000000
0000000000000000000000000000000000000000000
0000000000000000000000000000000000000000000
000000000000000000648032d6000000000b9792082
0000000000000000000000000000000000000000000
0000000000000000000000000000000000000000000
0000000000000000000000000000000000000000000
00000000000000000064c03356000000000bafaa082
0000000000000000000000000000000000000000000
0000000000000000000000000000000000000000000
0000000000000000000000000000000000000000000
000000000000000000664034d608d8c8b10bb7b2082
0000000000000000000000000000000000000000000
0000000000000000000000000000000000000000000
0000000000000000000000000000000000000000000
0000000000000000006680355600000000000000000
0000000000000000000000000000000000000000000
0000000000000000000000000000000000000000000
00000000000000000000000000000000000a3a34006
000000000000000000680036d609493921000000000
0000000000000000000000000000000000000000000
0000000000000000000000000000000000000000000
0000000000000000000000000000000000000000000
0000000000000000006840375600000000000000000
0000000000000000000000000000000000000000000
0000000000000000000000000000000000000000000
00000000000000000000000000000000000a5650006
00000000000000000069c038d609b9a991000000000
0000000000000000000000000000000000000000000
0000000000000000000000000000000000000000000
0000000000000000000000000000000000000000000
0000000000000000006a00395600000000000000000
000000000000000000ab9e6ac200000000000000000
000000000000000000abde6b4200000000000000000
000000000000000000ada02cc2000000000a726c006
000000000000000000ade02d4200000000000000000
000000000000000000afa1eec20a2a1a01000000000
000000000000000000afe1ef4200000000000000000
000000000000000000b1a3b0c200000000000000000
0000000000003515d8b1e3b14200000000000000000
0000000000003595f86bc03b5600000000000000000
0000000000003616d86b803ad600000000000000000
0000000000003696f8bcad3c0600000000000000000
0000000000003717d8000000000a9a8a710a8e88006
0000000000003797f8bd2d3c4600000000000000000
0000000000003818d8b3a572c200000000000000000
0000000000003898f8b3e5734200000000000000000
000000000000000000beaefe0600000000000000000
000000000000000000bf2efe4600000000000000000
00000000000000000000000000000000000bcfca082
00000000000000000000000000000000000aaaa4006
0000000000000000000000000000000000000000000
0000000000003919d80000000000000000000000000
0000000000003999f8b5e735420b0afae10bd7d2082
000000000000000000b5a734c200000000000000000
0000000000000000000000000000000000000000000
0000000000000000000000000000000000000000000
00000000000000000000000000000000000befea082
0000000000000000000000000000000000000000000
0000000000000000000000000000000000000000000
0000000000003a9af800000000000000000ac6c0006
0000000000003a1ad800000000000000000bf7f2082
0000000000000000000000000000000000000000000
0000000000000000000000000000000000000000000
0000000000000000000000000000000000000000000
0000000000000000000000000000000000000000000
0000000000000000000000000000000000000000000
0000000000000000000000000000000000000000000
0000000000000000000000000000000000000000000
0000000000000000000000000000000000000000000
0000000000000000000000000000000000000000000
0000000000000000000000000000000000000000000
0000000000000000000000000000000000000000000
0000000000000000000000000000000000000000000
0000000000000000000000000000000000000000000
0000000000000000000000000000000000000000000
0000000000000000000000000000000000000000000
0000000000000000006d403cd600000000000000000
0000000000000000000000000000000000000000000
0000000000000000000000000000000000000000000
0000000000000000000000000000000000000000000
0000000000000000006d803d5600000000000000000
000000000000000000b7a8f6c200000000000000000
000000000000000000b7e8f74200000000000000000
000000000000000000b9aab8c200000000000000000
000000000000000000b9eab94200000000000000000
000000000000000000bbac7ac200000000000000000
000000000000000000bbec7b4200000000000000000
0000000000000000006f003ed600000000000000000
0000000000003b1bd86f403f5600000000000000000
0000000000003b9bf80000000000000000000000000
0000000000003c1cd80000000000000000000000000
0000000000003c9cf80000000000000000000000000
0000000000003d1dd8000000000b7b6b51000000000
0000000000003d9df80000000000000000000000000
0000000000000000000000000000000000000000000
0000000000000000000000000000000000000000000
0000000000000000000000000000000000000000000
0000000000000000000000000000000000000000000
0000000000000000000000000000000000000000000
00000000000000000000000000000000000ae2dc006
000000000000000000000000000bebdbc1000000000
0000000000000000000000000000000000000000000
0000000000000000000000000000000000000000000
0000000000000000000000000000000000000000000
0000000000000000000000000000000000000000000
0000000000000000000000000000000000000000000
0000000000000000000000000000000000000000000
00000000000000000000000000000000000afef8006
0000000000000000000000000000000000000000000
0000000000000000000000000000000000000000000
0000000000000000000000000000000000000000000
0000000000000000000000000000000000000000000
0000000000000000000000000000000000000000000
0000000000000000000000000000000000000000000
0000000000000000000000000000000000000000000
0000000000000000000000000000000000000000000
0000000000000000000000000000000000000000000
0000000000000000000000000000000000000000000
000000000000000000bdae3cc200000000000000000
000000000000000000bdee3d4200000000000000000
0000000000000000000000000000000000000000000
0000000000000000000000000000000000000000000
0000000000000000000000000000000000000000000
0000000000000000000000000000000000000000000
0000000000000000000000000000000000000000000
0000000000003e1ed80000000000000000000000000
0000000000003e9ef8bfefff4200000000000000000
000000000000000000bfaffec200000000000000000
0000000000000000000000000000000000000000000
0000000000000000000000000000000000000000000
0000000000000000000000000000000000000000000
0000000000000000000000000000000000000000000
0000000000000000000000000000000000000000000
0000000000003f9ff80000000000000000000000000
0000000000003f1fd80000000000000000000000000
0000000000000000000000000000000000000000001
0000000060000000000000000000000000000000000
00000200e0000000000000000000000000000000000
0000040160000000000000000000000000000000000
00000601e0000000000000000000000000000000000
0000080260000000000000000000000000000000000
00000a02e0000000000000000000000000000000000
00000c0360000000000000000000000000000000000
00000e03e0000000000000000000000000000000000
0000100460000000000000000000000000000000000
0000120c60000000004000019600000000000000000
0000140ce000000000404001d600000000000000000
0000160d60000000004080021600000000000000000
0000181560000000004400061600000000000000000
00001a15e0000000004440065600000000000000000
00001c1660000000004480069600000000000000000
00001e1e600000000048000a9600000000000000000
0000201ee00000000048400ad600000000000000000
0000221f600000000048800b1600000000000000000
0000242760000000004c000f1600000000000000000
00002627e0000000004c400f5600000000000000000
0000282860000000004c800f9600000000000000000
00002a3060000000005000139600000000000000000
00002c30e000000000504013d600301001000000000
00002e3160000000005080141600000000000000000
0000303960000000005400181600000000000000000
00003239e0000000005440185601311101000000000
0000343a60000000005480189600000000000000000
00003642600000000058001c9600000000000000000
00003842e00000000058401cd602321201000000000
00003a43600000000058801d1600000000000000000
00003c4b60000000005c00211600402031000000000
00003e4be0000000005c40215603331301000000000
0000404c60000000005c80219600000000000000000
0000425460000000006000259601412131000000000
00004454e000000000604025d604341401000000000
0000465560000000006080261600000000000000000
0000485d600000000064002a1602422231000000000
00004a5de00000000064402a5620506040800000000
00004c5e600000000064802a9605351501000000000
00004e66600000000068002e9603432331000000000
00005066e00000000068402ed621506140800000000
00005267600000000068802f1606361601000000000
0000546f60000000006c00331604442431000000000
0000566fe0000000006c40335622506240800000000
0000587060000000008241418600000000000000000
00000000000000000082c141c605452531000000000
0000000000000000008341420623506340800000000
00000000000000000086c5460600000000000000000
0000000000000000008745464606462631000000000
00000000000000000087c5468624506440800000000
0000000000000000008b494a8600000000000000000
0000000000000000004280025c07371701000000000
000000000000000000430002dc25506540800000000
0000000000000000004380035c08381801000000000
000000000000000000470006dc09391901000000000
0000000000000000004780075c26506640800000000
000000000000000000480007dc0a3a1a01000000000
0000000000000000004b800b5c0b3b1b01000000000
0000000000000000004180029a07472731000000000
00000000000000000041c0031a00000000000000000
0000000000000000004200039a08482831000000000
0000000000000000004580071a09492931000000000
00000000000000000045c0079a00000000000000000
0000000000000000004600081a0a4a2a31000000000
00000000000000000049800b9a00000000000000000
0000000000000000008bc94ac627506740800000000
0000000000000000008c494b0600000000000000000
0000000000000000008fcd4f0628506840800000000
000000000000000000904d4f4629506940800000000
00000000000000000090cd4f8600000000000000000
000000000000000000945153862a506a40800000000
00000000000000000094d153c600907065800000000
0000000000000000004c000bdc00000000000000000
0000000000000000004c800c5c00000000000000000
00000000000000000050000fdc01917165800000000
0000000000000000005080105c00000000000000000
000000000000000000510010dc00000000000000000
0000000000000000005480145c00000000000000000
000000000000000000550014dc00a08095800000000
00000000000000000049c00c1a00000000000000000
0000000000000000004a000c9a00000000000000000
0000000000000000004d80101a01a18195800000000
0000000000000000004dc0109a00000000000000000
0000000000000000004e00111a00000000000000000
0000000000000000005180149a00000000000000000
00000000000000000051c0151a20b060a7800000000
0000000000000000009551540600000000000000000
00000000000000000098d5580600000000000000000
0000000000000000009955584621b061a7800000000
00000000000000000099d5588600000000000000000
0000000000000000009d595c8600000000000000000
0000000000000000009dd95cc602927265800000000
0000000000000000009e595d0620c040b1000000000
0000000000000000005580155c00000000000000000
000000000000000000590018dc03937365800000000
0000000000000000005980195c21c041b1000000000
0000000000000000005a0019dc00000000000000000
0000000000000000005d801d5c04947465800000000
0000000000000000005e001ddc02a28295800000000
0000000000000000005e801e5c00000000003430004
0000000000000000005200159a00000000000000000
0000000000000000005580191a03a38395800000000
00000000000000000055c0199a00000000007470004
00000000000000000056001a1a00000000000000000
00000000000000000059801d9a00000000000000000
00000000000000000059c01e1a22b062a7800000000
0000000000000000005a001e9a00000000000000000
000000000000000000a1dd610600000000000000000
000000000000000000a25d614623b063a7800000000
000000000000000000a2dd618600000000000000000
000000000000000000a661658600000000000000000
000000000000000000a6e165c600000000000000000
000000000000000000a761660622c042b1000000000
0000000000000000006c80339604a48495800000000
000000000000000000620021dc00000000000000000
0000000000000000006280225c23c043b1000000000
000000000000000000630022dc05957565800000000
0000000000000000006680265c06967665800000000
000000000000000000670026dc00000000000000000
0000000000000000006780275c20e050d880b4b0004
000000000000000000aae56a0624b064a7800000000
0000000000000000005d80221a21e051d8800000000
0000000000000000005dc0229a0000000000f4f0004
0000000000000000005e00231a05a58595800000000
0000000000000000006180269a06a68695800000000
00000000000000000061c0271a0b4b2b31000000000
0000000000000000006200279a00000000003c38006
0000000000000000006b002adc24c044b1000000000
000000000000000000ab656a4600000000007c78006
000000000000000000abe56a8600000000000000000
000000000000000000af696e8600000000000000000
000000000000000000afe96ec625b065a7800000000
000000000000000000b0696f0626b066a7800000000
000000000000000000700037962b506b40800000000
00000000000000000065802b1a00000000013530004
0000000000000000006b802b5c07977765800000000
0000000000000000006c002bdc00000000000000000
0000000000000000006f802f5c08987865800000000
00000000000000000070002fdc22e052d8800000000
0000000000000000007080305c25c045b1000000000
000000000000000000b3ed730626c046b1000000000
0000000000000000007080381623e053d8800000000
00000000000000000065c02b9a07a78795800000000
00000000000000000066002c1a00000000000000000
00000000000000000069802f9a08a88895800000000
00000000000000000083c3c2420000000000bcb8006
0000000000000000008483c2c200000000017570004
0000000000000000008543c3420000000001b5b0004
0000000000000000008847c6c20000000000fcf8006
0000000000000000008907c74227b067a7800000000
00000000000000000089c7c7c200000000000000000
00000000000000000069c0301a28b068a7800000000
000000000000000000040003c200000000000000000
00000000000000000004c0848224e054d8800000000
0000000000000000000000000009997965800000000
0000000000000000000581054200000000000000000
0000000000000000000880084227c047b1000000000
0000000000000000000940890200000000000000000
0000000000000000000a0109c228c048b1000000000
0000000000000000000440440400000000000000000
0000000000000000006a00309a00000000013d38006
0000000000000000000500c4c409a98995800000000
0000000000000000000000000000000000000000000
00000000000000000005c145840a9a7a6581f5f0004
00000000000000000008c0488400000000000000000
0000000000000000000980c94425e055d8823630004
0000000000000002388d8bcbc226e056d8800000000
0000000000000000000a414a0400000000000000000
0000000000000000008ccbcb4229b069a7800000000
0000000000000082988e4bcc4200000000000000000
00005a7860000102f8920fd04200000000000000000
00005e796000018478b46d734600000000000000000
00005c78e0000204d8914fcfc20aaa8a95817d78006
0000000000000000000dc08d820000000001bdb8006
00006204e000028538704037d600000000000000000
0000600460000000000d000cc229c049b1000000000
0000640560000000000e810e4200000000000000000
0000000000000000001240920200000000000000000
00000000000000000092cfd0c200000000000000000
000000000000000000118011422ab06aa7800000000
00000000000000000095d3d44200000000000000000
0000000000000000000e00cdc400000000000000000
00000000000000000074003c1627e057d8827670004
0000000000000000000d404d0400000000000000000
0000000000000000000ec14e8428e058d8800000000
0000000000000000001280d24400000000000000000
00000000000000000011c051842ac04ab1000000000
000000000000000000130112c20c3c1c01000000000
000000000000000000160015c200000000000000000
0000000000000387189693d4c20000000001fdf8006
0000000000000306b8740033dc00000000000000000
0000660d60000407789753d54200000000023e38006
0000680de0000509589a57d8c200000000000000000
00006a0e60000488f89b17d9420000000002b6b0004
000000000000000000134153040c4c2c31000000000
0000000000000000001640560400000000000000000
00000000000000000016c0968200000000000000000
0000000000000000006d80341a00000000000000000
0000000000000000001781174200000000000000000
0000000000000000001a801a4200000000000000000
0000000000000000001b409b0200000000000000000
00006c1660000589b89bd7d9c229e059d8800000000
00006e16e000060b389f9bddc22c506c40800000000
0000000000000000009edbdd4200000000000000000
0000701760000000001700d6c400000000000000000
00000000000000000074403c5600000000000000000
00000000000000000017c1578400000000000000000
0000000000000000001ac05a8400000000000000000
0000000000000000001b80db4400000000027e78006
0000000000000000001c011bc200000000000000000
0000000000000000001f001ec200000000000000000
0000000000000000001fc09f8200000000000000000
000000000000068b98784002562ae05ad8800000000
0000721f6000070bf8a05bde4200000000000000000
0000741fe000078d78a41fe24200000000000000000
000076206000080dd8a35fe1c200000000000000000
0000000000000000001c415c0400000000000000000
0000000000000000001f405f040d3d1d01000000000
000000000000000000a4dfe2c200000000000000000
0000000000000000002000dfc40000000002beb8006
00000000000000000074803c9600000000000000000
0000000000000000002081204200000000000000000
0000000000000000002380234200000000000000000
000078286000088e382440a40200000000000000000
00007a28e000090fb8a8a3e6c200000000000000000
000000000000000000250124c200000000000000000
000000000000000000a7e3e64200000000000000000
00007c296000099018a963e74200000000000000000
00000000000000000020c1608400000000000000000
00000000000000000023c0638400000000000000000
0000000000000000002480e44400000000000000000
00000000000000000028c0a88200000000000000000
000000000000000000780002160d4d2d31000000000
0000000000000000002541650400000000000000000
000000000000000000280027c200000000000000000
00007e3160000a10782981294200000000000000000
0000823260000a91f8ad27eb4200000000000000000
00008031e0000b1258ac67eac200000000000000000
000000000000000000ade7ebc200000000000000000
0000000000000000002900e8c42d506d40800000000
0000863ae0000b92b87880029600000000000000000
0000843a60000000002840680400000000000000000
0000883b600000000029c1698400000000000000000
0000000000000000002d40ad0200000000000000000
0000000000000000002c802c420e3e1e01000000000
0000000000000000002e012dc200000000000000000
000000000000000000b0ebef4200000000000000000
0000000000000c9498b1abefc200000000000000000
0000000000000c1438b4ed738600000000000000000
00008a4360000d14f8b26bf04200000000000000000
00008e4460000000002d80ed4400000000000000000
00008c43e0000000002cc06c8400000000000000000
0000000000000000002e416e040e4e2e31000000000
000000000000000000310030c200000000000000000
00000000000000000031c0b18200000000000000000
0000000000000000007c4006d600000000000000000
0000000000000000003281324200000000000000000
0000000000000e16d87480345c00000000000000000
0000000000000d9678b871778600000000000000000
0000904c60000e9738750034dc2e506e40800000000
0000924ce0000000003140710400000000000000000
000000000000000000b8f177c600000000000000000
0000944d60000000003200f1c400000000000000000
0000000000000000007c00069600000000000000000
00000000000000000032c1728400000000000000000
0000000000000000006dc0349a00000000000000000
0000000000000000006e00351a00000000000000000
0000000000000f18b8b971780600000000000000000
0000000000000000007880385c00000000000000000
000000000000000000790038dc00000000000000000
0000000000000f9918bd757c4600000000000000000
000096556000101978bcf57c0600000000000000000
00009855e000000000bdf57c8600000000000000000
00000000000000000082f9420600000000000000000
00009a5660000000007980395c00000000000000000
0000000000000000007180389a0f3f1f01000000000
00000000000000000071c0391a00000000000000000
0000000000000000007d803d5c0b9b7b65800000000
0000000000000000007d003cdc00000000000000000
0000000000000000007e003ddc00000000000000000
000000000000000000430002dc00000000000000000
0000000000000000007200399a00000000000000000
0000000000000000008379424600000000000000000
00000000000000000083f9428600000000000000000
00000000000000000075c03d9a0bab8b95800000000
00000000000000000075803d1a00000000000000000
00000000000000000076003e1a00000000000000000
0000000000000000007980031a00000000000000000
0000000000000000007c8007160c9c7c65800000000
0000000000000000004380035c00000000000000000
000000000000000000440003dc00000000000000000
00000000000000000040000b162bb06ba7800000000
00000000000000000040400b5600000000000000000
00000000000000000040800b9600000000000000000
00000000000000000044000f9600000000000000000
00000000000000000044400fd60cac8c95800000000
00000000000000000079c0039a00000000000000000
0000000000000000007a00041a00000000000000000
000000000000000000448010162bc04bb1000000000
000000000000000000480014160d9d7d65800000000
000000000000000000484014560f4f2f31000000000
0000000000000000004880149600000000000000000
0000000000000000004c0018962cb06ca7800000000
0000000000000000004c4018d600000000000000000
0000000000000000004c80191600301001000000000
00000000000000000050001d160000000002f6f0004
00000000000000000050401d5600000000000000000
00000000000000000050801d960dad8d95800000000
0000000000000000005400219601311101000000000
000000000000000000544021d62cc04cb1000000000
000000000000000000548022160e9e7e65800000000
0000000000000000005800261600402031000000000
000000000000000000588026962f506f40800000000
0000000000000000005840265602321201000000000
0000000000000000005c002a962db06da7800000000
0000000000000000005c402ad601412131000000000
0000000000000000005c802b1600000000033730004
0000000000000000000000000003331301000000000
000000000000000000000000000eae8e95800000000
000000000000000000877d468620506040800000000
00000000000000000087fd46c602422231000000000
000000000000000000887d47062dc04db1000000000
0000000000000000000000000021506140800000000
0000000000000000000000000004341401000000000
000000000000000000000000002be05bd8800000000
000000000000000000000000002eb06ea7800000000
0000000000000000004780075c03432331000000000
000000000000000000480007dc22506240800000000
0000000000000000004880085c00000000037770004
0000000000000000008bc14b0600000000000000000
0000000000000000008c414b4604442431000000000
0000000000000000008cc14b860000000002fef8006
00000000000000000090454f862ec04eb1000000000
0000000000000000007d80079a23506340800000000
0000000000000000007dc0081a05351501000000000
0000000000000000007e00089a2ce05cd8800000000
0000000000000000004c000bdc06361601000000000
0000000000000000004c800c5c24506440800000000
0000000000000000004d000cdc07371701000000000
0000000000000000005080105c0000000003b7b0004
00000000000000000090c54fc600000000000000000
0000000000000000009145500605452531000000000
00000000000000000094c9540600000000033f38006
00000000000000000041800c1a06462631000000000
00000000000000000041c00c9a00000000000000000
00000000000000000042000d1a07472731000000000
0000000000000000004580109a0f9f7f65800000000
000000000000000000510010dc2de05dd8800000000
0000000000000000005180115c25506540800000000
000000000000000000550014dc00000000000000000
000000000000000000b56ff3c226506640800000000
000000000000000000b62ff44200000000000000000
000000000000000000b6eff4c227506740800000000
000000000000000000000000000faf8f95800000000
00000000000000000045c0111a00000000037f78006
0000000000000000004600119a00000000000000000
0000000000000000004980151a00907065800000000
0000000000000000003580354200000000000000000
0000000000000000003640b6022ee05ed8800000000
000000000000000000370136c200000000000000000
000000000000000000954954462fb06fa7800000000
000000000000000000b9f3f84200000000000000000
000000000000000000bab3f8c200000000000000000
000000000000000000bb73f94200a08095800000000
00000000000000000035c0758400000000000000000
0000000000000000003680f6440000000003bfb8006
0000000000000000003741770401917165800000000
0000000000000000005580155c2fc04fb1000000000
0000000000000000003a0039c200000000000000000
0000000000000000003ac0ba8200000000000000000
0000000000000000000000000020b060a7800000000
000000000000109af83b813b4200000000000000000
000000000000111b5899cd58c600000000000000000
00009c5e6000119bb8be77fcc201a18195800000000
00009e5ee000000000bf37fd420000000003f7f0004
0000000000000000003a407a0400000000000000000
0000a05f6000000000bff7fdc200000000000000000
0000000000000000003b00fac420c040b1000000000
00000000000000000049c0159a00000000000000000
0000000000000000003bc17b8400000000000000000
0000000000000000003e803e4221b061a7800000000
0000000000000000003f40bf0200000000000000000
000000000000121d3895c9548600000000000000000
00000000000000000001813fc200000000000000000
000000000000000000847bc2c200000000003430004
000000000000129d98853bc34200000000000000000
0000a2676000131df8994d588600000000000000000
0000a467e0000000003ec07e8421c041b1000000000
0000a66860000000003f80ff4400000000000000000
00000000000000000085fbc3c200000000000000000
00000000000000000001c1418402927265800000000
0000000000000000000480044200000000000000000
0000000000000000000540850200000000000000000
000000000000000000560015dc2fe05fd8800000000
000000000000139f785980195c00000000007470004
000000000000141fd85a0019dc00000000000000000
000000000000000000060105c200000000000000000
0000aa70e0001480f89a4d590600000000000000000
0000a870600000000004c0448400000000000000000
0000ac7160000000000580c54400000000000000000
0000000000000000004a00161a0000000003fff8006
0000000000000000004d80199a00000000000000000
0000000000000000004dc01a1a00000000000000000
0000000000000000000641460420e050d8800000000
0000000000000000005a801a5c00000000000000000
0000000000001502789dd15d0600000000000000000
0000000000001582d89e515d4600000000000000000
0000000000000000009ed15d8600000000000000000
000000000000000000a255618600000000000000000
000000000000000000a2d561c600000000000000000
0000ae796000160338a355620600000000003c38006
0000b27a60000000004e001a9a00000000000000000
0000b079e0000000005e001ddc02a28295800000000
0000000000000000005e801e5c21e051d8800000000
0000000000000000005f001edc03937365800000000
0000000000000000006280225c00000000000000000
000000000000000000630022dc00000000000000000
0000000000000000006380235c00000000000000000
000000000000000000a6d9660600000000000000000
00000000000000000088ffc74222b062a7800000000
00000000000000000089bfc7c200000000007c78006
0000000000000000008a7fc84200000000000000000
00000000000000000051801e1a00000000000000000
00000000000000000051c01e9a03a38395800000000
00000000000000000052001f1a00000000000000000
0000000000000000005580229a00000000000000000
000000000000000000090008c222c042b1000000000
00000000000000000009c0898200000000000000000
00000000000000000055c0231a00000000000000000
0000000000000000000a810a4200000000000000000
0000000000000000008d43cbc223b063a7800000000
0000000000000000008e03cc4200000000000000000
0000000000000000008ec3ccc200000000000000000
000000000000000000094049040000000000b4b0004
0000000000000000005600239a00000000000000000
0000000000000000000a00c9c404947465800000000
00000000000000000060002f1600000000000000000
0000000000000000000ac14a8423c043b1000000000
0000000000000000000d800d4200000000000000000
0000000000000000000e408e0200000000000000000
0000000000001684b80f010ec205957565800000000
00000000000000000091c7d04200000000000000000
0000000000000000009287d0c204a48495800000000
0000000000001705189347d14200000000000000000
0000b4056000178578a75966460000000000f4f0004
0000b80660000000000dc04d8400000000000000000
0000b605e0000000000e80ce4400000000000000000
0000000000000000000f414f0405a58595800000000
000000000000000000120011c200000000000000000
00000000000000000012c0928224b064a7800000000
00000000000000000060402f5600000000000000000
0000000000000000001381134200000000000000000
0000000000001806f86780275c22e052d8800000000
000000000000188758670026dc00000000000000000
0000ba0e60001907b8a7d9668625b065a7800000000
0000bc0ee0000000001240520400000000000000000
000000000000000000ab5d6a8624c044b1000000000
0000be0f60000000001300d2c400000000000000000
00000000000000000060802f9600000000000000000
00000000000000000013c153840000000000bcb8006
0000000000000000005980271a00000000000000000
00000000000000000059c0279a25c045b1000000000
000000000000198938680027dc08381801000000000
0000000000000000006b802b5c00000000013530004
0000000000000000006400339623e053d8800000000
0000000000001a0998abdd6ac600000000000000000
0000c01760001a89f8ac5d6b0600000000000000000
0000c217e000000000644033d600000000000000000
0000c41860000000006480341600000000017570004
0000000000000000005a00281a00000000000000000
0000000000000000005d802b9a08482831000000000
000000000000000000680038160000000000fcf8006
0000000000000000006c002bdc00000000000000000
0000000000000000006c802c5c06967665800000000
0000000000000000006840385600000000000000000
0000000000000000006880389600000000000000000
0000000000000000006c003c9600000000000000000
0000000000000000006c403cd628506840800000000
000000000000000000964bd4c200000000000000000
000000000000000000970bd54209391901000000000
00000000000000000097cbd5c200000000000000000
0000000000000000005dc02c1a06a68695800000000
0000000000000000005e002c9a24e054d8800000000
0000000000000000006c803d1600000000000000000
000000000000000000afe16f0600000000000000000
0000000000000000001680164200000000000000000
0000000000000000001740970209492931000000000
000000000000000000180117c225e055d8800000000
000000000000000000b0616f4626b066a7800000000
000000000000000000b0e16f8600000000013d38006
0000000000000000009acfd9420a3a1a01000000000
0000000000000000009b8fd9c20b3b1b01000000000
00000000000000000016c0568400000000000000000
0000000000000000001780d74407977765800000000
0000000000000000001841580429506940817d78006
0000000000000000009c4fda4200000000000000000
00000000000000000070002fdc26c046b1000000000
0000000000000000001b001ac20a4a2a31000000000
0000000000000000001bc09b820b4b2b31000000000
0000000000001b0b787080031600000000000000000
0000000000001b8bd87080305c07a78795800000000
0000c820e0001c0c38710030dc00000000000000000
0000c62060000000001c811c4200000000000000000
0000ca2160000000006180301a0000000001b5b0004
0000000000000000001b405b042a506a40800000000
000000000000000000b46573862b506b40800000000
0000000000000000001c00dbc400000000000000000
00000000000000000061c0309a27b067a7800000000
0000000000000000009f53ddc200000000000000000
0000000000000000001cc15c8400000000000000000
000000000000000000a013de4200000000000000000
0000000000001c8db8a0d3dec200000000000000000
0000000000000000006200311a00000000000000000
000000000000000000a3d7e24200000000000000000
0000000000001d0e18a497e2c200000000000000000
0000000000000000001f801f4227c047b1000000000
0000cc2960001d8e78a557e34200000000000000000
0000d02a60000000002040a00200000000000000000
0000ce29e000000000210120c200000000000000000
0000000000000000007480345c08987865800000000
000000000000000000240023c200000000000000000
00000000000000000024c0a48200000000000000000
000000000000000000704002d626e056d881f5f0004
0000000000000000001fc05f8400000000000000000
0000000000000000002080e04400000000000000000
0000000000000000002141610400000000000000000
0000000000000000002581254208a88895800000000
0000000000000000002440640400000000000000000
0000000000000000006580349a00000000000000000
0000000000000000002500e4c40000000001bdb8006
0000000000000000007000029600000000000000000
0000000000001e0ff8b565740600000000000000000
0000000000001e9058b4e573c600000000000000000
0000d23260001f10b8b8e9780628b068a7800000000
0000d432e0001f9238b9e9788600000000000000000
0000d633600000000025c1658400000000000000000
000000000000000000b969784600000000000000000
000000000000201298bd6d7c8600000000000000000
0000000000000000007580355c00000000000000000
000000000000000000750034dc00000000000000000
000000000000000000790038dc28c048b1000000000
0000000000000000007a0039dc27e057d8800000000
0000da3be0002092f8be6d7d0600000000000000000
0000d83b60000000007980395c0c3c1c01000000000
0000000000000000007d803d5c00000000000000000
0000000000000000006600359a00000000000000000
0000dc3c600000000065c0351a00000000000000000
0000000000000000006980391a00000000023630004
000000000000000000a85be6c20000000001fdf8006
000000000000000000a91be74200000000000000000
000000000000000000a9dbe7c200000000000000000
00000000000000000069c0399a0c4c2c31000000000
0000000000000000006a003a1a00000000000000000
0000000000000000006d803d9a00000000000000000
000000000000000000bded7cc600000000000000000
0000000000000000002880284200000000000000000
0000000000000000002940a90200000000000000000
0000000000000000002a0129c200000000000000000
0000000000000000007e803e5c09997965800000000
0000000000000000007400071600000000000000000
000000000000000000744007562c506c40800000000
0000000000000000007e003ddc00000000000000000
00000000000000000028c0688400000000000000000
0000000000000000002980e9440a9a7a65800000000
0000000000000000002a416a0400000000000000000
0000000000000000006e003e9a09a98995800000000
0000000000000000007480079628e058d8800000000
000000000000000000acdfeb4200000000000000000
000000000000000000ad9febc200000000000000000
000000000000211478ae5fec4200000000000000000
0000000000002194d86dc03e1a0aaa8a95800000000
0000de4460002215388371428600000000000000000
0000e044e00000000083f142c629b069a7800000000
0000e24560000000008471430600000000023e38006
0000000000000000002d002cc20d3d1d01000000000
0000000000000000002dc0ad8200000000000000000
00000000000000000078400bd600000000000000000
0000000000000000002e812e422ab06aa7800000000
0000000000000000004380035c00000000000000000
000000000000000000440003dc29c049b1000000000
0000000000000000004480045c00000000000000000
0000000000000000002d406d040d4d2d31000000000
00000000000000000078000b960b9b7b65800000000
0000000000000000002e00edc400000000000000000
00000000000000000078800c162ac04ab1000000000
0000000000000000002ec16e8400000000000000000
0000000000000000007180039a00000000027670004
00000000000000000071c0041a00000000000000000
0000000000002296b87200049a2d506d40800000000
0000000000000000007c00101600000000000000000
0000000000000000007c4010560bab8b95800000000
0000000000002317187c8010960000000002b6b0004
0000e44d6000239778b223f04200000000000000000
0000e64de000000000b163efc200000000000000000
0000e84e6000000000b2e3f0c20e3e1e01000000000
00000000000000000087f5470600000000000000000
0000000000000000008875474600000000000000000
00000000000000000088f547862bb06ba7800000000
0000000000000000004000149600000000000000000
0000000000000000003240b2020c9c7c65800000000
0000000000000000003180314200000000000000000
000000000000000000330132c20e4e2e31000000000
000000000000000000480007dc0f3f1f01000000000
0000000000000000004880085c00000000000000000
000000000000000000490008dc2bc04bb1000000000
000000000000000000404014d629e059d8800000000
0000000000000000003280f2440cac8c95800000000
00000000000000000031c0718400000000000000000
000000000000000000334173042e506e40800000000
0000000000000000007580081a0f4f2f31000000000
00000000000000000075c0089a2ae05ad8800000000
0000000000000000007600091a0000000002f6f0004
0000000000000000004080151600000000027e78006
000000000000249958440019162cb06ca7800000000
0000000000002418f84440195600000000000000000
0000ea5660002519b88c794b8600000000000000000
0000ec56e0000000008cf94bc62f506f40800000000
0000ee5760000000008d794c060000000002beb8006
0000000000000000004480199600301001000000000
00000000000000000048001d9600000000000000000
00000000000000000048401dd62cc04cb1000000000
00000000000000000048801e1600000000000000000
0000000000000000004c800c5c0d9d7d65800000000
0000000000000000004d000cdc00000000000000000
0000000000000000004d800d5c00000000000000000
00000000000000000090fd500600402031000000000
000000000000000000917d504600000000000000000
00000000000000000091fd508600000000033730004
0000000000000000004c00221601311101000000000
00000000000000000079800c9a0dad8d95800000000
00000000000000000079c00d1a2be05bd8800000000
000000000000000000b5e7f44200000000000000000
000000000000000000b6a7f4c220506040800000000
000000000000000000b767f54202321201000000000
0000000000000000007a000d9a00000000000000000
000000000000000000510010dc01412131000000000
000000000000000000ba6bf8c22db06da7800000000
000000000000000000bb2bf9420000000002fef8006
000000000000000000360035c200000000000000000
00000000000000000036c0b68200000000000000000
0000000000000000004c40225602422231000000000
0000000000000000003781374200000000000000000
000000000000000000bbebf9c221506140800000000
0000000000000000003a803a422dc04db1000000000
0000000000000000003b40bb020e9e7e65800000000
0000000000000000003640760400000000000000000
0000000000000000007d80111a2ce05cd8800000000
0000000000000000003700f6c422506240800000000
0000000000000000004c80229600000000000000000
00000000000000000037c1778400000000000000000
0000000000000000003ac07a8400000000037770004
0000000000000000003b80fb4400000000000000000
000000000000259b383c013bc20eae8e95800000000
0000000000000000005180115c03331301033f38006
000000000000000000520011dc00000000000000000
000000000000261b989541548600000000000000000
0000f05f6000269bf8beeffd4200000000000000000
0000f25fe000271d7881effe4200000000000000000
000000000000279dd8bfaffdc200000000000000000
0000f46060000000003c417c042eb06ea7800000000
00000000000000000095c154c603432331000000000
0000000000000000007dc0119a00000000000000000
0000000000000000007e00121a00000000000000000
0000000000000000003f003ec200000000000000000
000000000000000000020101c200000000000000000
0000000000000000003fc0bf8200000000000000000
0000f6686000281e38504026d62ec04eb1000000000
0000f868e0000000005580155c23506340800000000
0000fa696000000000560015dc00000000000000000
000000000000000000500026962de05dd8800000000
0000000000000000003f407f0400000000000000000
0000000000000000000241420400000000000000000
00000000000000000084f3c34200000000000000000
0000000000000000000180ffc40f9f7f6583b7b0004
0000000000000000004180159a00000000000000000
00000000000000000085b3c3c200000000000000000
0000000000000000008673c44200000000037f78006
000000000000289fb841c0161a00000000000000000
0000000000002981389641550600000000000000000
000000000000000000050004c200000000000000000
000000000000000000508027160faf8f95800000000
0000fc7160002900d899c5590600000000000000000
0000fe71e00000000005c0858200000000000000000
00000000000000000054002b1604341401000000000
0001007260000000000681064200000000000000000
0000000000000000005680165c00000000000000000
0000000000000000000540450400000000000000000
0000000000000000009a4559462fb06fa7800000000
0000000000000000005a0019dc00000000000000000
0000000000000000009ac5598600907065800000000
0000000000000000000600c5c400000000000000000
00000000000000000054402b5600000000000000000
00000000000000000006c146842ee05ed8800000000
0000000000002a02b84200169a04442431000000000
0000000000000000005a801a5c2fc04fb1000000000
0000000000000000008977c7c200000000000000000
0000000000000000008a37c84200000000000000000
0000000000000000008af7c8c200000000000000000
0000000000002a83185b001adc00000000000000000
0001027a60002b037845801a1a0000000003bfb8006
0001047ae0000000009e495d8624506440800000000
0001067b600000000045c01a9a0000000003f7f0004
0000000000000000000980094200000000000000000
0000000000000000000a408a0205351501000000000
0000000000000000000b010ac200000000000000000
00000000000000000046001b1a00a08095800000000
0000000000000000009ec95dc600000000000000000
0000000000000000005e801e5c00000000000000000
0000000000000000009f495e0600000000000000000
00000000000000000009c0498400000000000000000
0000000000000000000a80ca4400000000000000000
0000000000000000000b414b0400000000000000000
000000000000000000a2cd620620b060a7800000000
0000000000000000005f001edc00000000000000000
00000000000000000049801e9a01917165800000000
0000000000000000005f801f5c00000000000000000
0000000000002b84f8a34d624600000000000000000
0000000000002c0558a7d166c600000000000000000
0001080660002c85b88ebbccc200000000000000000
00010a06e0000000008dfbcc4200000000000000000
00010c0760000000008f7bcd422fe05fd8800000000
00000000000000000049c01f1a20c040b1000000000
0000000000000000004a001f9a01a18195800000000
000000000000000000630022dc00000000000000000
0000000000000000006380235c00000000000000000
0000000000000000000ec08e8200000000000000000
00000000000000000058402fd600000000000000000
0000000000000000000e000dc20000000003fff8006
0000000000000000000f810f4200000000003430004
000000000000000000a3cd628621b061a7800000000
0000000000000000004d80231a00000000000000000
0000000000000000004dc0239a00000000000000000
000000000000000000a751668600000000000000000
0000000000000000000f00cec402927265800000000
00000000000000000054802b9600000000000000000
0000000000000000000e404e0400000000000000000
0000000000000000000fc14f8421c041b1000000000
000000000000000000640023dc00000000000000000
000000000000000000680027dc00000000000000000
0000000000000000006780275c00000000000000000
00000000000000000058002f9602a28295800000000
0000000000002d87985c40345600000000000000000
0000000000002d0738a851670600000000000000000
0001100fe0002e07f85880301603937365807470004
00010e0f60000000004e00241a00000000000000000
00011210600000000051c0281a00000000000000000
000000000000000000927fd0c200000000000000000
000000000000000000933fd14220e050d8800000000
00000000000000000093ffd1c222b062a7800000000
0000000000000000005180279a00000000000000000
0000000000000000006880285c05452531000000000
0000000000000000005c00341600000000000000000
0000000000000000005c80349606361601000000000
0000000000000000001280124200000000000000000
0000000000000000001340930200000000003c38006
000000000000000000140113c222c042b1000000000
0000000000000000006000389603a38395800000000
0000000000000000005200289a25506540800000000
000000000000000000604038d600000000000000000
0000000000000000006080391606462631000000000
00000000000000000012c0528400000000000000000
0000000000000000001380d34404947465800000000
0000000000000000001441540421e051d880b4b0004
00000000000000000064003d1623b063a7800000000
000000000000000000abd56b0600000000000000000
000000000000000000ac556b4600000000000000000
000000000000000000acd56b8626506640800000000
0000000000002e897864403d5607371701000000000
0000000000002f09d86800031600000000000000000
0001141860002f8a3864803d9604a48495807c78006
00011618e0000000006840035623c043b1000000000
0001181960000000006c002bdc08381801000000000
0000000000000000006c802c5c00000000000000000
00000000000000000096c3d54200000000000000000
0000000000000000009783d5c200000000000000000
0000000000000000009843d64200000000000000000
0000000000000000006d002cdc24b064a7800000000
000000000000000000b0596f860747273100f4f0004
00000000000000000055802c1a08482831000000000
00000000000000000055c02c9a09391901000000000
000000000000000000170016c200000000000000000
00000000000000000017c0978222e052d8800000000
0000000000000000006c4007d60a3a1a01000000000
0000000000000000001881184224c044b1000000000
00000000000000000056002d1a27506740800000000
0000000000000000007080305c28506840800000000
000000000000000000b0d96fc609492931000000000
0000000000000000001740570400000000000000000
0000000000000000009b47d9c20000000000bcb8006
0000000000000000001800d7c400000000000000000
0000000000000000006880039600000000013530004
00000000000000000018c1588405957565800000000
0000000000000000009c07da4200000000000000000
0000000000000000009cc7dac229506940800000000
000000000000300bb85980309a00000000000000000
0000000000000000001b801b4200000000000000000
000000000000000000710030dc23e053d8800000000
000000000000308c18b55d744600000000000000000
00011a216000310c786c00079605a58595800000000
00011c21e0000000001c409c0200000000000000000
0000000000000000001d011cc200000000000000000
00011e226000000000b159700600000000000000000
0000000000000000001bc05b840a4a2a31000000000
00000000000000000059c0311a0000000000fcf8006
000000000000000000b4dd740600000000000000000
0000000000000000007580355c25b065a7800000000
0000000000000000001c80dc4400000000000000000
0000000000000000001d415d0400000000000000000
0000000000000000009fcbde4200000000000000000
000000000000318df8a14bdf4224e054d8800000000
000000000000000000a08bdec22a506a40800000000
0000000000000000007180315c0b3b1b01000000000
000000000000000000750034dc25c045b1000000000
000000000000320e58b9e178c600000000000000000
0001202a6000328eb85dc0359a00000000000000000
0001222ae00000000020001fc206967665800000000
0001242b60000000002181214200000000013d38006
00000000000000000020c0a08200000000000000000
0000000000000000006c80081600000000000000000
0000000000000000005a00319a00000000017570004
0000000000000000005d80351a00000000000000000
000000000000000000b5dd748600000000000000000
0000000000000000002040600400000000000000000
00000000000000000021c1618400000000000000000
000000000000000000a44fe2c200000000000000000
0000000000000000002100e0c400000000000000000
00000000000000000070000c1600000000000000000
000000000000000000a50fe34200000000000000000
000000000000000000a5cfe3c200000000000000000
000000000000331038760035dc00000000000000000
0000000000003410f8b96178860b4b2b31000000000
0000000000000000002480244206a68695800000000
0000000000000000007a0039dc07977765800000000
000126336000339098be657d4600000000000000000
00012833e0000000002540a50200000000000000000
00012a346000000000260125c200000000000000000
000000000000000000a8d3e74200000000000000000
000000000000000000a993e7c22b506b40800000000
00000000000000000024c0648425e055d8800000000
000000000000000000aa53e84226b066a7800000000
0000000000000000005e00361a00000000000000000
0000000000000000002580e54400000000000000000
0000000000000000002641660400000000000000000
000000000000000000290028c200000000000000000
00000000000000000029c0a98200000000000000000
00000000000034927861c03a1a00000000017d78006
0000000000000000002a812a4226c046b1000000000
0000000000000000007980395c00000000000000000
0000000000003512d8ba61790600000000000000000
00012c3c6000359338bde57d0600000000000000000
00012e3ce0000000002940690400000000000000000
0000000000000000007e803e5c00000000000000000
0001303d60000000002a00e9c407a78795800000000
00000000000000000070400c560000000001b5b0004
0000000000000000002ac16a8400000000000000000
0000000000000000006180399a00000000000000000
0000000000000000007a803a5c00000000000000000
0000000000003614b87e003ddc00000000000000000
00000000000000000065c03e9a00000000000000000
000000000000000000bee57d8627b067a7800000000
0000000000003695188469434600000000000000000
00013245600037157883e9430600000000000000000
00013445e00000000084e9438600000000000000000
00013646600000000062003a9a00000000000000000
000000000000000000ad57ebc200000000000000000
000000000000000000ae17ec420c3c1c01000000000
000000000000000000aed7ecc200000000000000000
00000000000000000065803e1a27c047b1000000000
0000000000000000007f003edc08987865800000000
000000000000000000440003dc00000000000000000
0000000000000000004480045c00000000000000000
0000000000000000002d802d4200000000000000000
0000000000000000002e40ae0200000000000000000
0000000000000000002f012ec226e056d8800000000
000000000000000000450004dc0000000001f5f0004
00000000000000000066003f1a08a88895800000000
0000000000000000006980041a00000000000000000
00000000000000000069c0049a00000000000000000
0000000000000000002dc06d8400000000000000000
0000000000000000002e80ee4409997965800000000
0000000000000000002f416f040000000001bdb8006
0000000000000000006a00051a00000000000000000
000000000000000000886d478600000000000000000
00000000000000000088ed47c628b068a7800000000
000000000000000000896d480600000000000000000
0000000000003796f870800c9600000000000000000
000000000000381758744010d600000000000000000
0001384e60003897b87400109609a98995800000000
00013c4f60000000007480111600000000000000000
00013a4ee0000000004880085c0a9a7a65800000000
000000000000000000490008dc28c048b1000000000
0000000000000000004980095c00000000000000000
0000000000000000007800151600000000000000000
0000000000000000007840155600000000000000000
0000000000000000007880159627e057d8800000000
0000000000000000007c00199629b069a7800000000
0000000000000000006d80089a0aaa8a95800000000
0000000000000000006dc0091a00000000023630004
0000000000000000006e00099a0c4c2c31000000000
000000000000000000b1dbf0420d3d1d01000000000
000000000000000000b29bf0c200000000000000000
000000000000000000b35bf1420000000001fdf8006
0000000000000000007c4019d629c049b1000000000
0000000000000000007c801a162ab06aa7800000000
00000000000000000040001e1600000000000000000
00000000000000000040401e562c506c40800000000
000000000000000000320031c20d4d2d31000000000
00000000000000000032c0b2820e3e1e01000000000
000000000000000000444022d600000000000000000
0000000000000000003381334200000000027670004
00000000000000000040801e962ac04ab1000000000
000000000000000000440022960b9b7b65800000000
0000000000000000008cf14c0600000000000000000
0000000000000000003240720400000000000000000
0000000000000000008d714c462d506d40800000000
0000000000000000003300f2c40e4e2e31000000000
0000000000000000004480231628e058d8800000000
00000000000000000033c173840000000002b6b0004
000000000000000000480027160bab8b95800000000
0000000000000000004d000cdc0f3f1f01000000000
000000000000391938b65ff4c200301001000000000
000000000000000000b71ff54200000000000000000
000000000000000000b7dff5c22e506e40800000000
0000000000003999984d800d5c01311101023e38006
00013e5760003a19f88df14c8600000000000000000
00014057e000000000917550862bb06ba7800000000
00014258600000000071800d1a0f4f2f31000000000
0000000000000000003680364200402031000000000
0000000000000000003740b70229e059d8800000000
000000000000000000380137c200000000000000000
00000000000000000091f550c601412131000000000
00000000000000000071c00d9a00000000000000000
0000000000000000004e000ddc2bc04bb1000000000
0000000000000000005180115c2f506f40800000000
00000000000000000036c0768420506040800000000
0000000000000000003780f74400000000027e78006
000000000000000000384178042ae05ad8800000000
000000000000000000520011dc21506140800000000
0000000000000000009275510600000000000000000
00000000000000000072000e1a0000000002f6f0004
0000000000000000007580119a00000000000000000
0000000000003a9b7895f9550600000000000000000
0000000000003b1bd8bae3f94200000000000000000
0001446060003b9c38bba3f9c20000000002beb8006
00014660e000000000bc63fa4200000000000000000
00014861600000000075c0121a0c9c7c65800000000
0000000000000000005280125c00000000000000000
0000000000000000009679554600000000000000000
000000000000000000560015dc00000000000000000
0000000000000000003b003ac200000000000000000
0000000000000000003bc0bb8200000000000000000
0000000000000000004840275600000000000000000
0000000000000000003c813c420cac8c95800000000
0000000000000000007600129a00000000000000000
000000000000000000bf67fdc200000000000000000
00000000000000000081a7fe4200000000000000000
0000000000000000003b407b0400000000000000000
0000000000000000008267fec200000000000000000
0000000000000000003c00fbc42be05bd8800000000
0000000000000000007980161a2cb06ca7800000000
0000000000000000003cc17c840d9d7d65800000000
0000000000000000003f803f4200000000000000000
00000000000000000001c0818200000000000000000
0000000000003c1db84c402bd602321201000000000
0000000000000000000281024200000000000000000
000000000000000000856bc3c20000000002fef8006
0000000000003c9e18862bc44200000000000000000
00014a6960003d1e785680165c2cc04cb1000000000
00014c69e0000000003fc07f840dad8d95800000000
00014e6a600000000086ebc4c200000000000000000
0000000000000000000200c1c400000000000000000
0000000000000000004880279600000000000000000
00000000000000000002c1428400000000000000000
0000000000000000000580054200000000000000000
0000000000000000000640860200000000033730004
0000000000003d9ff879c0169a2db06da7800000000
000000000000000000070106c200000000000000000
00000000000000000096f9558600000000000000000
0000000000003e01189a7d598600000000000000000
0001507260003e81789b7d5a0600000000000000000
00015272e00000000005c0458400000000000000000
0001547360000000000680c64400000000000000000
0000000000000000009afd59c62dc04db1000000000
0000000000000000000741470402422231000000000
00000000000000000089efc84200000000000000000
0000000000000000008aafc8c200000000000000000
0000000000000000008b6fc94200000000000000000
0000000000003f02f85a801a5c0e9e7e65800000000
0000000000003f8358570016dc00000000000000000
0000000000000000005b001adc00000000037770004
0001567b60004003b89ec15e0622506240800000000
0001587be0000000000a0009c200000000000000000
0000000000000000000ac08a8200000000000000000
0000000000000000004c802c162ce05cd8800000000
00015a7c60000000000b810b4200000000000000000
0000000000000000007a00171a00000000000000000
0000000000000000007d801a9a00000000000000000
0000000000000000007dc01b1a00000000000000000
0000000000000000000a404a0400000000000000000
0000000000000000005b801b5c00000000000000000
0000000000000000000b00cac400000000033f38006
0000000000000000004c002b9600000000000000000
0000000000000000000bc14b8400000000000000000
0000000000000000005f001edc00000000000000000
0000000000000000009f415e4600000000000000000
0000000000004085389fc15e8600000000000000000
0000000000000000007e001b9a00000000000000000
000000000000000000500030160eae8e95800000000
000000000000410598504030562de05dd8800000000
00015c0760004185f8a34562860f9f7f65800000000
00015e07e00000000041801f1a00000000000000000
0001600860000000005f801f5c00000000000000000
00000000000000000060001fdc00000000000000000
000000000000000000a3c562c600000000000000000
000000000000000000a44563062eb06ea7800000000
000000000000000000a7c9670600000000037f78006
0000000000000000006380235c03331301000000000
000000000000000000a849674600000000000000000
00000000000000000041c01f9a0faf8f95800000000
0000000000000000008e73ccc200000000000000000
0000000000000000008f33cd4204341401000000000
0000000000000000008ff3cdc200000000000000000
0000000000000000004200201a2ec04eb1000000000
0000000000000000004580239a03432331000000000
000000000000000000640023dc00000000000000000
0000000000000000006480245c2fb06fa7800000000
0000000000000000000e800e4200000000000000000
0000000000000000000f408f0200000000000000000
00000000000000000010010fc200000000000000000
000000000000000000680027dc0000000003b7b0004
0000000000000000006880285c00907065800000000
00000000000000000045c0241a23506340800000000
0000000000000000004600249a2fc04fb1000000000
0000000000000000000ec04e8400000000000000000
0000000000000000000f80cf4400000000000000000
0000000000000000001041500400000000000000000
00000000000000000092f7d14200000000000000000
00000000000000000093b7d1c200a08095800000000
0000000000000000009477d24200000000000000000
0000000000000000004980281a0000000003f7f0004
00000000000042077849c0289a00000000000000000
0000000000004287d8accd6bc600000000000000000
000162106000430838a8c9678600000000000000000
00016410e000000000130012c201917165800000000
00016611600000000013c0938220b060a7800000000
000000000000000000544034d600000000000000000
0000000000000000001481144200000000000000000
000000000000000000ac4d6b8600000000000000000
0000000000000000006d002cdc2ee05ed8800000000
000000000000000000690028dc00000000000000000
0000000000000000001340530401a18195800000000
000000000000000000ad4d6c0620c040b1000000000
0000000000000000001400d3c402927265800000000
0000000000000000005080309600000000000000000
00000000000000000014c1548400000000000000000
0000000000000000006c802c5c0000000003bfb8006
0000000000000000004a00291a00000000000000000
0000000000004389b84dc02d1a21b061a7800000000
0000000000000000006d802d5c00000000003430004
000000000000000000540034962fe05fd8800000000
000000000000440a185840395600000000000000000
000168196000448a785480351600000000000000000
00016a19e0000000004d802c9a00000000000000000
00016c1a60000000005800391600000000000000000
0000000000000000005880399600000000000000000
0000000000000000004e002d9a21c041b1000000000
0000000000000000005c003d960000000003fff8006
0000000000000000005c403dd604442431000000000
0000000000000000005c803e1602a28295800000000
0000000000000000006000039600000000000000000
000000000000000000604003d600000000000000000
0000000000000000006080041605351501000000000
0000000000000000006400081600000000007470004
0000000000000000006440085600000000000000000
000000000000000000977bd5c224506440800000000
000000000000000000983bd64222b062a7800000000
00000000000000000098fbd6c206361601000000000
0000000000000000006480089620e050d8800000000
00000000000000000068000c9605452531000000000
00000000000000000068800d1603937365800000000
00000000000000000068400cd607371701000000000
0000000000000000001780174200000000000000000
0000000000000000001840980222c042b1000000000
000000000000000000190118c208381801000000000
000000000000000000b0d1700600000000003c38006
0000000000000000009bffda4209391901000000000
0000000000000000009cbfdac203a38395800000000
0000000000000000009d7fdb4225506540800000000
00000000000000000017c0578406462631000000000
0000000000000000001880d8440747273100b4b0004
0000000000000000001941590408482831000000000
000000000000000000710030dc21e051d8800000000
0000000000000000001c001bc209492931000000000
0000000000000000001cc09c8223b063a7800000000
000000000000000000000000000a3a1a01000000000
000000000000450bf81d811d4226506640800000000
000000000000458c58b151704627506740800000000
00016e226000460cb8b1d1708628506840800000000
00017022e0000000005180311a00000000007c78006
0000000000000000001c405c0429506940800000000
000172236000000000b555748623c043b1000000000
0000000000000000001d00dcc40a4a2a31000000000
0000000000000000006c00111600000000000000000
0000000000000000001dc15d8400000000000000000
000000000000000000a043dec200000000000000000
000000000000000000a103df4200000000000000000
000000000000468e38a1c3dfc200000000000000000
0000000000000000007180315c0000000000f4f0004
000000000000000000720031dc22e052d8800000000
000000000000470e987580355c2a506a40800000000
0001742b6000478ef8b655750600000000000000000
0001762be0000000002080204200000000000000000
0000000000000000002140a10200000000000000000
0001782c6000000000220121c200000000000000000
00000000000000000051c0319a00000000000000000
0000000000000000005200321a0000000000bcb8006
0000000000000000005580359a00000000000000000
000000000000000000a4c7e34200000000000000000
00000000000000000020c0608400000000000000000
0000000000000000002180e14400000000000000000
0000000000000000002241620400000000000000000
000000000000000000a587e3c200000000000000000
000000000000000000a647e44200000000000000000
000000000000000000b5d574c600000000000000000
000000000000000000250024c200000000000000000
0000000000004810787680365c00000000000000000
0000000000004890d86c40115623e053d8800000000
00017a346000491138b9d9790604947465800000000
00017c34e00000000025c0a58200000000000000000
000000000000000000704015d600000000000000000
00017e3560000000002681264200000000000000000
0000000000000000002540650400000000000000000
000000000000000000760035dc00000000000000000
0000000000000000005600369a0000000000fcf8006
000000000000000000a94be7c204a48495800000000
000000000000000000aa0be84200000000000000000
0000000000000000002600e5c400000000000000000
0000000000000000006c80119600000000000000000
0000000000004992b8aacbe8c20b3b1b01000000000
00000000000000000026c1668400000000000000000
0000000000000000007a0039dc00000000000000000
0000000000000000002980294224b064a7800000000
0000000000000000002a40aa0200000000000000000
00000000000000000055c0361a00000000000000000
0000000000004a1318ba59794600000000000000000
0000000000000000002b012ac200000000000000000
0001803d60004a9378bad9798600000000000000000
0001823de00000000059803a1a00000000000000000
0001843e600000000029c0698424c044b1000000000
0000000000000000002a80ea440b4b2b31000000000
000000000000000000be5d7d8600000000000000000
0000000000000000007a803a5c00000000000000000
0000000000000000002b416b0400000000000000000
000000000000000000adcfec4200000000000000000
000000000000000000ae8fecc200000000000000000
0000000000004b14f8af4fed4200000000013530004
0000000000004b95587b003adc05957565800000000
0000000000000000007e803e5c2b506b40800000000
00000000000000000059c03a9a00000000000000000
0001864660004c15b8bedd7dc600000000000000000
00018846e0000000002e002dc200000000000000000
0000000000000000002ec0ae8200000000000000000
00018a4760000000007080161600000000000000000
0000000000000000002f812f4205a58595800000000
0000000000000000005a003b1a00000000000000000
0000000000000000005d803e9a00000000000000000
0000000000000000007f003edc00000000000000000
0000000000000000002e406e0400000000000000000
000000000000000000bf5d7e0600000000000000000
0000000000000000002f00eec400000000000000000
0000000000000000007000159625b065a7800000000
0000000000000000002fc16f8406967665800000000
0000000000000000008461438600000000000000000
0000000000000000005dc03f1a00000000000000000
0000000000004c973874001a1624e054d8800000000
0000000000000000007f803f5c00000000000000000
00000000000000000084e143c600000000000000000
0000000000004d17988965484625c045b1000000000
0000000000004d97f874401a5606a68695800000000
0000000000000000004480045c00000000000000000
0000000000000000008561440600000000000000000
00000000000000000088e5480600000000013d38006
0000000000000000005e003f9a0c3c1c01000000000
000000000000000000450004dc00000000000000000
0000000000000000004980095c00000000017570004
00000000000000000089e5488626b066a7800000000
0000000000000000006180049a07977765800000000
0000000000000000004580055c00000000000000000
000000000000000000490008dc00000000000000000
0000000000000000008d694c860c4c2c31000000000
00000000000000000061c0051a0d3d1d01000000000
00000000000000000065c0099a00000000000000000
0000000000000000004a0009dc26c046b1000000000
0000000000000000008de94cc600000000000000000
0000000000000000006200059a07a78795800000000
0000000000000000006580091a00000000000000000
0000000000000000004d800d5c00000000000000000
0000000000000000008e694d062c506c40800000000
00000000000000000091ed510600000000000000000
00000000000000000066000a1a0000000001b5b0004
000000000000000000b253f0c200000000000000000
000000000000000000b313f14227b067a7800000000
000000000000000000b3d3f1c200000000000000000
00000000000000000069800d9a25e055d8800000000
0000000000000000004e000ddc08987865800000000
0000000000000000004e800e5c00000000000000000
000000000000000000520011dc00000000000000000
0000000000000000003280324209997965800000000
0000000000000000003340b30227c047b1000000000
000000000000000000340133c200000000000000000
000000000000000000926d514600000000017d78006
00000000000000000069c00e1a08a88895800000000
0000000000000000006a000e9a00000000000000000
0000000000000000006d80121a00000000000000000
00000000000000000032c0728409a98995800000000
0000000000000000003380f3440000000001f5f0004
0000000000000000003441740400000000000000000
0000000000000000005280125c00000000000000000
00000000000000000092ed518628b068a7800000000
00000000000000000074801a9626e056d8800000000
0000000000000000009671558600000000000000000
0000000000004e19789771560629b069a7800000000
0000000000004e99d896f155c600000000000000000
0000000000004f1a3878001e960a9a7a65800000000
0000000000000000006dc0129a00000000000000000
000000000000000000530012dc28c048b1000000000
00000000000000000078401ed60000000001bdb8006
0000000000000000005680165c00000000000000000
0000000000000000005780175c00000000000000000
000000000000000000b6d7f54200000000000000000
000000000000000000b797f5c20aaa8a95800000000
000000000000000000b857f64200000000000000000
0000000000000000006e00131a29c049b1023630004
000000000000000000570016dc0d4d2d31000000000
0000000000000000007180169a27e057d8800000000
0000000000000000007200179a00000000000000000
000000000000000000370036c20b9b7b65800000000
00000000000000000037c0b7822ab06aa7800000000
00000000000000000078801f1600000000000000000
0000000000000000003881384200000000027670004
00000000000000000071c0171a2d506d40800000000
0000000000000000007c0023160e3e1e0101fdf8006
0000000000000000007c40235600000000000000000
0000000000000000003740770400000000000000000
0000000000000000007c8023962ac04ab1000000000
0000000000000000003800f7c40bab8b95800000000
0000000000000000000000000000000000000000000
00000000000000000038c1788400000000000000000
000000000000000000bb5bf9c200000000000000000
000000000000000000bc1bfa4200000000000000000
0000000000004f9bb8bcdbfac200000000000000000
0000000000000000000000000028e058d882b6b0004
0000000000000000009af55a062bb06ba7800000000
000000000000501c189b755a460c9c7c65800000000
000000000000509c789bf55a860e4e2e31000000000
0000000000000000003b803b420f3f1f01000000000
0000000000000000003c40bc0200000000000000000
0000000000000000003d013cc200000000000000000
0000000000000000000000000029e059d8823e38006
0000000000000000005b001adc2bc04bb1000000000
000000000000000000bfdffe420cac8c95800000000
000000000000000000821ffec22e506e40800000000
0000000000000000003bc07b840f4f2f31000000000
0000000000000000003c80fc4400000000000000000
0000000000000000003d417d0400000000000000000
00000000000000000082dfff4200000000027e78006
00000000000000000075801b1a0000000002f6f0004
00000000000000000001803fc22cb06ca7800000000
0000000000000000000240820200000000000000000
000000000000511df85b801b5c2f506f40800000000
000000000000519e585c001bdc2ae05ad8800000000
000000000000521eb89f795e8600000000000000000
000000000000000000030102c200000000000000000
0000000000000000009ff95ec600000000000000000
00000000000000000001c041842cc04cb1000000000
0000000000000000000280c24400000000000000000
00000000000000000075c01b9a00000000000000000
00000000000000000085e3c4420000000002beb8006
00000000000000000086a3c4c200000000000000000
0000000000000000000341430400000000000000000
0000000000000000008763c54200000000000000000
0000000000005280f876001c1a00000000033730004
0000000000005301585f801f5c00000000000000000
00000000000000000060001fdc00000000000000000
000000000000000000060005c200000000000000000
00000000000000000006c086822be05bd8800000000
0000000000005381b80000000000000000000000000
0000000000000000000781074200000000000000000
0000000000000000008a67c8c200000000000000000
0000000000000000008b27c94200000000000000000
0000000000000000008be7c9c200000000000000000
000000000000000000064046040d9d7d65800000000
00000000000000000079801f9a0000000002fef8006
0000000000000000000700c6c400000000000000000
00000000000000000079c0201a00000000000000000
00000000000000000007c1478400000000000000000
0000000000000000000a800a4200000000000000000
0000000000000000000b408b0200000000000000000
0000000000005403380c010bc20dad8d95800000000
0000000000000000008eebcd4200000000000000000
0000000000000000008fabcdc22ce05cd8800000000
000000000000548398906bce4200000000000000000
0000000000005503f8a0795f0600000000000000000
0000000000000000000ac04a8400000000000000000
0000000000000000000b80cb4400000000000000000
0000000000000000000c414c042db06da7800000000
0000000000000000000f000ec20e9e7e65800000000
0000000000000000000fc08f8200000000033f38006
0000000000000000000000000000000000000000000
0000000000000000001081104200000000000000000
0000000000005585786080205c00000000000000000
0000000000005605d8936fd1c200000000000000000
00000000000056863894efd2c200000000000000000
0000000000000000000f404f042dc04db1000000000
000000000000000000942fd24200000000000000000
0000000000000000001000cfc400000000000000000
0000000000000000000000000000000000000000000
00000000000000000010c1508400000000000000000
0000000000000000001380134200000000000000000
000000000000000000150114c200000000000000000
0000000000005707b87a00209a00000000037770004
0000000000000000001440940200000000000000000
000000000000000000a3fd630600000000000000000
000000000000578818a47d634600000000000000000
000000000000580878a4fd638600000000000000000
00000000000000000013c0538400000000000000000
0000000000000000001541550400000000000000000
00000000000000000097f3d64200000000000000000
0000000000000000001480d44400000000000000000
00000000000000000098b3d6c200000000000000000
0000000000000000009973d74200000000000000000
000000000000000000640023dc00000000000000000
0000000000005889f86480245c0eae8e95800000000
000000000000598ab8650024dc00000000000000000
000000000000000000180017c200000000000000000
000000000000590a580000000000000000000000000
00000000000000000018c0988200000000000000000
0000000000000000000000000000000000000000000
0000000000000000001981194200000000000000000
0000000000000000007d80241a2de05dd8800000000
0000000000000000007dc0249a2eb06ea7800000000
0000000000000000001840580400000000000000000
0000000000000000007e00251a00000000000000000
0000000000000000000000000000000000000000000
0000000000000000001900d8c400000000000000000
0000000000000000000000000000000000000000000
00000000000000000019c1598400000000037f78006
0000000000000000000000000000000000000000000
0000000000005a0c38000000002ec04eb1000000000
0000000000000000000000000000000000000000000
0000000000000000000000000000000000000000000
0000000000000000000000000000000000000000000
0000000000005a8c98000000000f9f7f65800000000
0000000000005b0cf80000000000000000000000000
0000000000000000000000000000000000000000000
000000000000000000000000000000000003b7b0004
0000000000000000000000000000000000000000000
0000000000000000000000000000000000000000000
0000000000000000000000000000000000000000000
000000000000000000000000000faf8f95800000000
0000000000000000000000000000000000000000000
0000000000000000000000000000000000000000000
0000000000000000000000000000000000000000000
0000000000000000000000000000000000000000000
0000000000000000000000000000000000000000000
0000000000000000009c77dac200000000000000000
0000000000000000009d37db422fb06fa7800000000
0000000000000000009df7dbc200000000000000000
0000000000000000000000000000000000000000000
0000000000000000000000000000000000000000000
0000000000000000000000000000000000000000000
0000000000000000000000000000000000000000000
0000000000000000001c801c4200000000000000000
0000000000000000001d409d022fc04fb1000000000
0000000000000000001e011dc22ee05ed8800000000
0000000000000000000000000000000000000000000
0000000000000000000000000000000000000000000
0000000000000000000000000000000000000000000
0000000000000000000000000000000000000000000
0000000000000000001cc05c8400000000000000000
0000000000000000001d80dd440000000003f7f0004
0000000000000000001e415e040000000003bfb8006
0000000000000000000000000000000000000000000
0000000000000000000000000000000000000000000
0000000000000000000000000000000000000000000
0000000000000000000000000000000000000000000
0000000000005b8e780000000000000000000000000
0000000000005c0ed80000000000000000000000000
0000000000005c8f380000000000000000000000000
0000000000000000000000000000000000000000000
0000000000000000000000000000000000000000000
0000000000000000000000000000000000000000000
0000000000000000000000000000000000000000000
0000000000000000000000000000000000000000000
0000000000000000000000000000000000000000000
0000000000000000000000000000000000000000000
0000000000000000000000000000000000000000000
0000000000000000000000000000000000000000000
0000000000000000000000000000000000000000000
000000000000000000000000002fe05fd8800000000
000000000000000000a0fbdf4200000000000000000
000000000000000000a1bbdfc200000000000000000
000000000000000000a27be04200000000000000000
0000000000000000000000000000000000000000000
0000000000000000000000000000000000000000000
0000000000000000000000000000000000000000000
000000000000000000000000000000000003fff8006
000000000000000000210020c200000000000000000
00000000000000000021c0a18200000000000000000
0000000000000000000000000000000000000000000
0000000000000000002281224200000000000000000
0000000000000000000000000000000000000000000
0000000000000000000000000000000000000000000
0000000000000000000000000000000000000000000
0000000000000000002140610400000000000000000
0000000000000000000000000000000000000000000
0000000000000000002200e1c400000000000000000
0000000000000000000000000000000000000000000
00000000000000000022c1628400000000000000000
0000000000000000000000000000000000000000000
0000000000000000000000000000000000000000000
0000000000005d10b80000000000000000000000000
0000000000000000000000000000000000000000000
0000000000000000000000000000000000000000000
0000000000005d91180000000000000000000000000
0000000000005e1178a63fe44200000000000000000
000000000000000000a57fe3c200000000000000000
000000000000000000a6ffe4c200000000000000000
0000000000000000000000000000000000000000000
0000000000000000000000000000000000000000000
0000000000000000000000000000000000000000000
0000000000000000000000000000000000000000000
0000000000000000002640a60200000000000000000
0000000000000000002580254200000000000000000
000000000000000000270126c200000000000000000
0000000000000000000000000000000000000000000
0000000000000000000000000000000000000000000
0000000000000000000000000000000000000000000
0000000000000000000000000000000000000000000
0000000000000000002680e64400000000000000000
00000000000000000025c0658400000000000000000
0000000000000000002741670400000000000000000
0000000000000000000000000000000000000000000
0000000000000000000000000000000000000000000
0000000000000000000000000000000000000000000
0000000000000000000000000000000000000000000
0000000000005f13580000000000000000000000000
0000000000005e92f80000000000000000000000000
0000000000005f93b80000000000000000000000000
0000000000000000000000000000000000000000001
0000000060000000000000000000000000000000000
00000200e0000000000000000000000000000000000
0000040160000000000000000000000000000000000
00000601e0000000000000000000000000000000000
0000080260000000000000000000000000000000000
00000a02e0000000000000000000000000000000000
00000c0360000000000000000000000000000000000
00000e03e0000000000000000000000000000000000
0000100460000000000000000000000000000000000
00001204e0000000000000000000000000000000000
0000140560000000000000000000000000000000000
00001605e0000000000000000000000000000000000
0000180660000000000000000000000000000000000
00001a07e0000000000000000000000000000000000
00001c0960000000000000000000000000000000000
00001e0ae0000000000340030400000000000000000
0000200c60000000000000000000000000000000000
0000220de000000000040043c400000000000000000
0000240f600000000004c0848400000000000000000
00002610e0000000000641060400000000000000000
0000281260000000000000000000000000000000000
00002a13e0000000000580c54400000000000000000
00002c156000000000070146c400000000000000000
00002e16e00000000007c1878400000000083836088
0000301860000000000942090400000000000000000
00003219e0000000000000000000000000000000000
0000341b60000000000000000000000000000000000
0000361ce0000000000000000000000000084442088
0000381e60000000000000000000000000000000000
00003a1fe0000000000000000000000000000000000
00003c2160000000000000000000000000000000000
00003e22e000000000000000000000000008504e088
0000402460000000000000000000000000000000000
00004225e0000000000000000000000000000000000
0000442760000000000000000000000000000000000
00004628e0000000000000000000000000085c5a088
0000482a60000000000000000000000000000000000
00004a2be0000000000000000000000000000000000
00004c2d60000000000000000000000000000000000
00004e2ee0000000000000000000000000086866088
0000503060000000000000000000000000000000000
00005231e0000000000000000000000000000000000
0000543360000000000000000000000000000000000
00005634e0000000000000000000000000087472088
0000583660000000000000000000000000000000000
00005a37e0000000000000000000000000000000000
00005c3960000001d80000000000000000000000000
0000603c6000000000000000000000000008807e088
00005e3ae0000000000000000000000000000000000
0000623de0000000000000000000000000000000000
0000643f60000082380000000000000000000000000
00006640e0000000000000000000000000089896088
0000684260000000000000000000000000000000000
00006a43e0000000000000000000000000000000000
00006c4560000102980000000000000000000000000
00006e46e0000000000000000000000000000000000
0000704860000000000000000000000000000000000
00007249e0000000000000000000000000000000000
0000744b60000182f80000000000000000000000000
0000764ce0000000000000000000000000000000000
0000784e60000000000000000000000000000000000
00007a4fe0000000000000000000000000000000000
00007c5160000203580000000000000000000000000
0000805460000000000000000000000000000000000
00007e52e0000000000000000000000000000000000
00008255e0000000000000000000000000000000000
0000845760000283b80ac28a8400000000000000000
00008658e0000000000c400c0400000000000000000
0000885a60000000000dc08d8400000000000000000
00008a5be0000000000f410f0400000000000000000
00008c5d600000000010c1908400000000000000000
00008e5ee0000304180000000000000000000000000
0000906060000000000881c84400000000000000000
0000946360000000000a0249c400000000000000000
00009261e0000404d8124212040000000008b0ae088
00009664e00000000013c2938400000000000000000
0000986660000000000000000000000000000000000
00009a67e0000000000000000000000000000000000
00009c696000000000000000000000000008c8c6088
0000a06c60000000000000000000000000000000000
00009e6ae0000000000000000000000000000000000
0000a26de0000000000000000000000000000000000
0000a46f60000000000000000000000000088c8a088
0000a670e0000000000000000000000000000000000
0000000000000000000000000000000000000000000
0000000000000000000000000000000000000000000
000000000000000000000000000000000008a4a2088
0000000000000000000000000000000000000000000
0000000000000000000000000000000000000000000
0000000000000000000000000000000000000000000
000000000000000000000000000000000008e0de088
0000000000000000000000000000000000000000000
0000000000000000000000000000000000000000000
0000000000000000000000000000000000000000000
000000000000000000000000000000000008f8f6088
0000000000000000000000000000000000000000000
0000000000000000000000000000000000000000000
0000000000000505980000000000000000000000000
000000000000000000000000000000000009110e088
0000000000000000000000000000000000000000000
0000000000000000000000000000000000000000000
0000000000000606580000000000000000000000000
0000000000000000000000000000000000092926088
0000000000000000000000000000000000000000000
0000000000000000000000000000000000000000000
0000000000000384780000000000000000000000000
000000000000000000000000000000000009413e088
0000000000000000000000000000000000000000000
0000000000000000000000000000000000000000000
0000000000000485380000000000000000000000000
0000000000000000000000000000000000000000000
0000000000000000000000000000000000000000000
0000000000000000000000000000000000000000000
0000000000000707180000000000000000000000000
0000000000000000000000000000000000000000000
0000000000000000000000000000000000000000000
0000000000000000000000000000000000000000000
0000000000000807d80000000000000000000000000
0000000000000000000000000000000000000000000
0000000000000000000000000000000000000000000
0000000000000000000000000000000000000000000
00000000000009089816c0968400000000000000000
0000000000000000001540150400000000000000000
00000000000000000019c1998400000000000000000
0000000000000000001841180400000000000000000
0000000000000a09580000000000000000000000000
0000000000000000000b82cb4400000000000000000
0000000000000000000d004cc400000000000000000
0000000000000000000e80ce4400000000000000000
0000000000000b0a1810014fc400000000000000000
0000000000000000001181d14400000000000000000
000000000000000000130252c400000000000000000
0000000000000000001482d44400000000000000000
000000000000000000160055c40000000008bcba088
0000000000000000001780d74400000000000000000
000000000000000000190158c400000000000000000
0000000000000000000000000000000000000000000
000000000000000000000000000000000008d4d2088
0000000000000000000000000000000000000000000
0000000000000000000000000000000000000000000
0000000000000000000000000000000000000000000
000000000000000000000000000000000008ecea088
0000000000000000000000000000000000000000000
0000000000000000000000000000000000000000000
0000000000000000000000000000000000000000000
0000000000000000000000000000000000090502088
0000000000000000000000000000000000000000000
0000000000000000000000000000000000000000000
0000000000000000000000000000000000000000000
0000000000000000000000000000000000091d1a088
0000000000000000000000000000000000000000000
0000000000000000000000000000000000000000000
0000000000000000000000000000000000000000000
0000000000000000000000000000000000093532088
0000000000000000000000000000000000000000000
0000000000000000000000000000000000000000000
0000a87260000585f80000000000000000000000000
0000aa73e0000000000000000000000000094d4a088
0000ac7560000000000000000000000000000000000
0000ae76e0000000000000000000000000000000000
0000b07860000686b80000000000000000000000000
0000b47b60000000000000000000000000095956088
0000b279e0000000000000000000000000000000000
0000b67ce0000000000000000000000000000000000
0000b87e60000787780000000000000000000000000
0000ba7fe0000000000000000000000000096562088
0000bc0760000000000000000000000000000000000
0000be08e0000000000000000000000000000000000
0000000000000888380000000000000000000000000
000000000000000000000000000000000009716e088
0000000000000000000000000000000000000000000
0000000000000000000000000000000000000000000
0000000000000988f80000000000000000000000000
0000000000000000000000000000000000097d7a088
0000000000000000000000000000000000000000000
0000000000000000000000000000000000000000000
0000000000000a89b80000000000000000000000000
0000000000000000000000000000000000098986088
0000000000000000000000000000000000000000000
0000000000000000000000000000000000000000000
0000c00a60000b8a780000000000000000000000000
0000c20be0000000000000000000000000099592088
0000c40d60000000000000000000000000000000000
0000c60ee0000000000000000000000000000000000
0000c81060000c0ad80000000000000000000000000
0000ca11e000000000000000000000000009a19e088
0000cc1360000000000000000000000000000000000
0000ce14e0000000000000000000000000000000000
0000d01660000c8b380000000000000000000000000
0000d217e0000000000000000000000000000000000
0000d41960000000000000000000000000000000000
0000d61ae0000000000000000000000000000000000
0000000000000d0b980000000000000000000000000
0000000000000000000000000000000000000000000
0000000000000000000000000000000000000000000
0000000000000000000000000000000000000000000
0000000000000d8bf80000000000000000000000000
0000000000000000000000000000000000000000000
0000000000000000000000000000000000000000000
0000000000000000000000000000000000000000000
0000000000000e0c581b421b0400000000000000000
0000000000000000001cc29c8400000000000000000
0000000000000000001e401e0400000000000000000
0000000000000000001fc09f8400000000000000000
0000000000000e8cb82141210400000000000000000
00000000000000000022c1a28400000000000000000
0000000000000000002442240400000000000000000
00000000000000000025c2a58400000000000000000
0000000000000f0d18000000000000000009b9b6088
0000000000000000001a81da4400000000000000000
0000000000000000001c025bc400000000000000000
0000000000000000000000000000000000000000000
000000000000000000000000000000000009d1ce088
0000000000000000000000000000000000000000000
0000000000000000000000000000000000000000000
0000000000000000000000000000000000000000000
000000000000000000000000000000000009adaa088
0000000000000000000000000000000000000000000
0000000000000000000000000000000000000000000
0000000000000000000000000000000000000000000
000000000000000000000000000000000009c5c2088
0000000000000000000000000000000000000000000
0000000000000000000000000000000000000000000
0000000000000000000000000000000000000000000
000000000000000000000000000000000009e9e6088
0000000000000000000000000000000000000000000
0000000000000000000000000000000000000000000
0000000000000000000000000000000000000000000
00000000000000000000000000000000000a01fe088
0000000000000000000000000000000000000000000
0000000000000000000000000000000000000000000
000000000000100dd80000000000000000000000000
00000000000000000000000000000000000a1a16088
0000000000000000000000000000000000000000000
0000000000000000000000000000000000000000000
000000000000110e980000000000000000000000000
00000000000000000000000000000000000a322e088
0000000000000000000000000000000000000000000
0000000000000000000000000000000000000000000
0000000000000f8d780000000000000000000000000
00000000000000000000000000000000000a4a46088
0000000000000000000000000000000000000000000
0000000000000000000000000000000000000000000
000000000000108e380000000000000000000000000
00000000000000000000000000000000000a625e088
0000000000000000000000000000000000000000000
0000000000000000000000000000000000000000000
000000000000120f580000000000000000000000000
0000000000000000000000000000000000000000000
0000000000000000000000000000000000000000000
0000000000000000000000000000000000000000000
0000000000001310180000000000000000000000000
0000000000000000000000000000000000000000000
0000000000000000000000000000000000000000000
0000000000000000000000000000000000000000000
0000000000001410d80000000000000000000000000
0000000000000000000000000000000000000000000
0000000000000000000000000000000000000000000
0000000000000000000000000000000000000000000
00000000000015119828c0a88400000000000000000
0000000000000000002740270400000000000000000
0000000000000000002bc1ab8400000000000000000
0000000000000000002a412a0400000000000000000
0000000000001612580000000000000000000000000
0000000000000000001d82dd4400000000000000000
0000000000000000001f005ec400000000000000000
0000000000000000002080e04400000000000000000
000000000000171318220161c400000000000000000
0000000000000000002381e34400000000000000000
000000000000000000250264c400000000000000000
0000000000000000002682e64400000000000000000
000000000000000000280067c40000000009ddda088
0000000000000000002980e94400000000000000000
0000000000000000002b016ac400000000000000000
0000000000000000000000000000000000000000000
000000000000000000000000000000000009f5f2088
0000000000000000000000000000000000000000000
0000000000000000000000000000000000000000000
0000000000000000000000000000000000000000000
00000000000000000000000000000000000a0e0a088
0000000000000000000000000000000000000000000
0000000000000000000000000000000000000000000
0000000000000000000000000000000000000000000
00000000000000000000000000000000000a2622088
0000000000000000000000000000000000000000000
0000000000000000000000000000000000000000000
0000000000000000000000000000000000000000000
00000000000000000000000000000000000a3e3a088
0000000000000000000000000000000000000000000
0000000000000000000000000000000000000000000
0000000000000000000000000000000000000000000
00000000000000000000000000000000000a5652088
0000000000000000000000000000000000000000000
0000000000000000000000000000000000000000000
0000d81c6000118ef80000000000000000000000000
0000da1de00000000000000000000000000a6e6a088
0000dc1f60000000000000000000000000000000000
0000de20e0000000000000000000000000000000000
0000e0226000128fb80000000000000000000000000
0000e425600000000000000000000000000a7a76088
0000e223e0000000000000000000000000000000000
0000e626e0000000000000000000000000000000000
0000e82860001390780000000000000000000000000
0000ea29e00000000000000000000000000a8682088
0000ec2b60000000000000000000000000000000000
0000ee2ce0000000000000000000000000000000000
0000000000001491380000000000000000000000000
00000000000000000000000000000000000a928e088
0000000000000000000000000000000000000000000
0000000000000000000000000000000000000000000
0000000000001591f80000000000000000000000000
00000000000000000000000000000000000a9e9a088
0000000000000000000000000000000000000000000
0000000000000000000000000000000000000000000
0000000000001692b80000000000000000000000000
00000000000000000000000000000000000aaaa6088
0000000000000000000000000000000000000000000
0000000000000000000000000000000000000000000
0000f02e60001793780000000000000000000000000
0000f22fe00000000000000000000000000ab6b2088
0000f43160000000000000000000000000000000000
0000f632e0000000000000000000000000000000000
0000f83460001813d80000000000000000000000000
0000fa35e00000000000000000000000000ac2be088
0000fc3760000000000000000000000000000000000
0000fe38e0000000000000000000000000000000000
0001003a60001894380000000000000000000000000
0001023be0000000000000000000000000000000000
0001043d60000000000000000000000000000000000
0001063ee0000000000000000000000000000000000
0000000000001914980000000000000000000000000
0000000000000000000000000000000000000000000
0000000000000000000000000000000000000000000
0000000000000000000000000000000000000000000
0000000000001994f80000000000000000000000000
0000000000000000000000000000000000000000000
0000000000000000000000000000000000000000000
0000000000000000000000000000000000000000000
0000000000001a15582d422d0400000000000000000
0000000000000000002ec2ae8400000000000000000
0000000000000000003040300400000000000000000
00000000000000000031c0b18400000000000000000
0000000000001a95b83341330400000000000000000
00000000000000000034c1b48400000000000000000
0000000000000000003642360400000000000000000
00000000000000000037c2b78400000000000000000
0000000000001b161800000000000000000adad6088
0000000000000000002c81ec4400000000000000000
0000000000000000002e026dc400000000000000000
0000000000000000000000000000000000000000000
00000000000000000000000000000000000af2ee088
0000000000000000000000000000000000000000000
0000000000000000000000000000000000000000000
0000000000000000000000000000000000000000000
00000000000000000000000000000000000aceca088
0000000000000000000000000000000000000000000
0000000000000000000000000000000000000000000
0000000000000000000000000000000000000000000
00000000000000000000000000000000000ae6e2088
0000000000000000000000000000000000000000000
0000000000000000000000000000000000000000000
0000000000000000000000000000000000000000000
00000000000000000000000000000000000b0b06088
0000000000000000000000000000000000000000000
0000000000000000000000000000000000000000000
0000000000000000000000000000000000000000000
00000000000000000000000000000000000b231e088
0000000000000000000000000000000000000000000
0000000000000000000000000000000000000000000
0000000000001c16d80000000000000000000000000
00000000000000000000000000000000000b3b36088
0000000000000000000000000000000000000000000
0000000000000000000000000000000000000000000
0000000000001d17980000000000000000000000000
00000000000000000000000000000000000b534e088
0000000000000000000000000000000000000000000
0000000000000000000000000000000000000000000
0000000000001b96780000000000000000000000000
00000000000000000000000000000000000b6b66088
0000000000000000000000000000000000000000000
0000000000000000000000000000000000000000000
0000000000001c97380000000000000000000000000
00000000000000000000000000000000000b837e088
0000000000000000000000000000000000000000000
0000000000000000000000000000000000000000000
0000000000001e18580000000000000000000000000
0000000000000000000000000000000000000000000
0000000000000000000000000000000000000000000
0000000000000000000000000000000000000000000
0000000000001f19180000000000000000000000000
0000000000000000000000000000000000000000000
0000000000000000000000000000000000000000000
0000000000000000000000000000000000000000000
0000000000002019d80000000000000000000000000
0000000000000000000000000000000000000000000
0000000000000000000000000000000000000000000
0000000000000000000000000000000000000000000
000000000000211a983ac0ba8400000000000000000
0000000000000000003940390400000000000000000
0000000000000000003dc1bd8400000000000000000
0000000000000000003c413c0400000000000000000
000000000000221b580000000000000000000000000
0000000000000000002f82ef4400000000000000000
000000000000000000310070c400000000000000000
0000000000000000003280f24400000000000000000
000000000000231c18340173c400000000000000000
0000000000000000003581f54400000000000000000
000000000000000000370276c400000000000000000
0000000000000000003882f84400000000000000000
0000000000000000003a0079c4000000000afefa088
0000000000000000003b80fb4400000000000000000
0000000000000000003d017cc400000000000000000
0000000000000000000000000000000000000000000
00000000000000000000000000000000000b1712088
0000000000000000000000000000000000000000000
0000000000000000000000000000000000000000000
0000000000000000000000000000000000000000000
00000000000000000000000000000000000b2f2a088
0000000000000000000000000000000000000000000
0000000000000000000000000000000000000000000
0000000000000000000000000000000000000000000
00000000000000000000000000000000000b4742088
0000000000000000000000000000000000000000000
0000000000000000000000000000000000000000000
0000000000000000000000000000000000000000000
00000000000000000000000000000000000b5f5a088
0000000000000000000000000000000000000000000
0000000000000000000000000000000000000000000
0000000000000000000000000000000000000000000
00000000000000000000000000000000000b7772088
0000000000000000000000000000000000000000000
0000000000000000000000000000000000000000000
0001084060001d97f80000000000000000000000000
00010a41e00000000000000000000000000b8f8a088
00010c4360000000000000000000000000000000000
00010e44e0000000000000000000000000000000000
0001104660001e98b80000000000000000000000000
00011449600000000000000000000000000b9b96088
00011247e0000000000000000000000000000000000
0001164ae0000000000000000000000000000000000
0001184c60001f99780000000000000000000000000
00011a4de00000000000000000000000000ba7a2088
00011c4f60000000000000000000000000000000000
00011e50e0000000000000000000000000000000000
000000000000209a380000000000000000000000000
00000000000000000000000000000000000bb3ae088
0000000000000000000000000000000000000000000
0000000000000000000000000000000000000000000
000000000000219af80000000000000000000000000
00000000000000000000000000000000000bbfba088
0000000000000000000000000000000000000000000
0000000000000000000000000000000000000000000
000000000000229bb80000000000000000000000000
00000000000000000000000000000000000bcbc6088
0000000000000000000000000000000000000000000
0000000000000000000000000000000000000000000
000120526000239c780000000000000000000000000
00012253e00000000000000000000000000bd7d2088
0001245560000000000000000000000000000000000
00012656e0000000000000000000000000000000000
000128586000241cd80000000000000000000000000
00012a59e00000000000000000000000000be3de088
00012c5b60000000000000000000000000000000000
00012e5ce0000000000000000000000000000000000
0001305e6000249d380000000000000000000000000
0001325fe0000000000000000000000000000000000
0001346160000000000000000000000000000000000
00013662e0000000000000000000000000000000000
000000000000251d980000000000000000000000000
0000000000000000000000000000000000000000000
0000000000000000000000000000000000000000000
0000000000000000000000000000000000000000000
000000000000259df80000000000000000000000000
0000000000000000000000000000000000000000000
0000000000000000000000000000000000000000000
0000000000000000000000000000000000000000000
000000000000261e583f423f0400000000000000000
00000000000000000003c2838400000000000000000
0000000000000000000540050400000000000000000
00000000000000000006c0868400000000000000000
000000000000269eb80841080400000000000000000
00000000000000000009c1898400000000000000000
0000000000000000000b420b0400000000000000000
0000000000000000000cc28c8400000000000000000
000000000000271f1800000000000000000bfbf6088
0000000000000000003e81fe4400000000000000000
00000000000000000003027fc400000000000000000
0000000000000000000000000000000000000000000
000000000000000000000000000000000008403e088
0000000000000000000000000000000000000000000
0000000000000000000000000000000000000000000
0000000000000000000000000000000000000000000
00000000000000000000000000000000000befea088
0000000000000000000000000000000000000000000
0000000000000000000000000000000000000000000
0000000000000000000000000000000000000000000
0000000000000000000000000000000000083432088
0000000000000000000000000000000000000000000
0000000000000000000000000000000000000000000
0000000000000000000000000000000000000000000
0000000000000000000000000000000000085856088
0000000000000000000000000000000000000000000
0000000000000000000000000000000000000000000
0000000000000000000000000000000000000000000
000000000000000000000000000000000008706e088
0000000000000000000000000000000000000000000
0000000000000000000000000000000000000000000
000000000000281fd80000000000000000000000000
0000000000000000000000000000000000088886088
0000000000000000000000000000000000000000000
0000000000000000000000000000000000000000000
0000000000002902180000000000000000000000000
000000000000000000000000000000000008a09e088
0000000000000000000000000000000000000000000
0000000000000000000000000000000000000000000
000000000000279f780000000000000000000000000
000000000000000000000000000000000008b8b6088
0000000000000000000000000000000000000000000
0000000000000000000000000000000000000000000
0000000000002881b80000000000000000000000000
000000000000000000000000000000000008d0ce088
0000000000000000000000000000000000000000000
0000000000000000000000000000000000000000000
0000000000002a02d80000000000000000000000000
0000000000000000000000000000000000000000000
0000000000000000000000000000000000000000000
0000000000000000000000000000000000000000000
0000000000002b03980000000000000000000000000
0000000000000000000000000000000000000000000
0000000000000000000000000000000000000000000
0000000000000000000000000000000000000000000
0000000000002c04580000000000000000000000000
0000000000000000000000000000000000000000000
0000000000000000000000000000000000000000000
0000000000000000000000000000000000000000000
0000000000002d05180fc08f8400000000000000000
0000000000000000000e400e0400000000000000000
00000000000000000012c1928400000000000000000
0000000000000000001141110400000000000000000
0000000000002e05d80000000000000000000000000
0000000000000000000482c44400000000000000000
000000000000000000060045c400000000000000000
0000000000000000000780c74400000000000000000
0000000000002f0698090148c400000000000000000
0000000000000000000a81ca4400000000000000000
0000000000000000000c024bc400000000000000000
0000000000000000000d82cd4400000000000000000
0000000000000000000f004ec400000000084c4a088
0000000000000000001080d04400000000000000000
000000000000000000120151c400000000000000000
0000000000000000000000000000000000000000000
0000000000000000000000000000000000086462088
0000000000000000000000000000000000000000000
0000000000000000000000000000000000000000000
0000000000000000000000000000000000000000000
0000000000000000000000000000000000087c7a088
0000000000000000000000000000000000000000000
0000000000000000000000000000000000000000000
0000000000000000000000000000000000000000000
0000000000000000000000000000000000089492088
0000000000000000000000000000000000000000000
0000000000000000000000000000000000000000000
0000000000000000000000000000000000000000000
000000000000000000000000000000000008acaa088
0000000000000000000000000000000000000000000
0000000000000000000000000000000000000000000
0000000000000000000000000000000000000000000
000000000000000000000000000000000008c4c2088
0000000000000000000000000000000000000000000
0000000000000000000000000000000000000000000
0001386460002982780000000000000000000000000
00013a65e000000000000000000000000008dcda088
00013c6760000000000000000000000000000000000
00013e68e0000000000000000000000000000000000
0001406a60002a83380000000000000000000000000
0001446d6000000000000000000000000008e8e6088
0001426be0000000000000000000000000000000000
0001466ee0000000000000000000000000000000000
0001487060002b83f80000000000000000000000000
00014a71e000000000000000000000000008f4f2088
00014c7360000000000000000000000000000000000
00014e74e0000000000000000000000000000000000
0000000000002c84b80000000000000000000000000
00000000000000000000000000000000000900fe088
0000000000000000000000000000000000000000000
0000000000000000000000000000000000000000000
0000000000002d85780000000000000000000000000
0000000000000000000000000000000000090d0a088
0000000000000000000000000000000000000000000
0000000000000000000000000000000000000000000
0000000000002e86380000000000000000000000000
0000000000000000000000000000000000091916088
0000000000000000000000000000000000000000000
0000000000000000000000000000000000000000000
0001507660002f86f80000000000000000000000000
00015277e0000000000000000000000000092522088
0001547960000000000000000000000000000000000
0001567ae0000000000000000000000000000000000
0001587c60003007580000000000000000000000000
00015a7de000000000000000000000000009312e088
00015c7f60000000000000000000000000000000000
00015e06e0000000000000000000000000000000000
0001600860003087b80000000000000000000000000
00016209e0000000000000000000000000000000000
0001640b60000000000000000000000000000000000
0001660ce0000000000000000000000000000000000
0000000000003108180000000000000000000000000
0000000000000000000000000000000000000000000
0000000000000000000000000000000000000000000
0000000000000000000000000000000000000000000
0000000000003188780000000000000000000000000
0000000000000000000000000000000000000000000
0000000000000000000000000000000000000000000
0000000000000000000000000000000000000000000
0000000000003208d81442140400000000000000000
00000000000000000015c2958400000000000000000
0000000000000000001740170400000000000000000
00000000000000000018c0988400000000000000000
0000000000003289381a411a0400000000000000000
0000000000000000001bc19b8400000000000000000
0000000000000000001d421d0400000000000000000
0000000000000000001ec29e8400000000000000000
0000000000003309980000000000000000094946088
0000000000000000001381d34400000000000000000
000000000000000000150254c400000000000000000
0000000000000000000000000000000000000000000
000000000000000000000000000000000009615e088
0000000000000000000000000000000000000000000
0000000000000000000000000000000000000000000
0000000000000000000000000000000000000000000
0000000000000000000000000000000000093d3a088
0000000000000000000000000000000000000000000
0000000000000000000000000000000000000000000
0000000000000000000000000000000000000000000
0000000000000000000000000000000000095552088
0000000000000000000000000000000000000000000
0000000000000000000000000000000000000000000
0000000000000000000000000000000000000000000
0000000000000000000000000000000000097976088
0000000000000000000000000000000000000000000
0000000000000000000000000000000000000000000
0000000000000000000000000000000000000000000
000000000000000000000000000000000009918e088
0000000000000000000000000000000000000000000
0000000000000000000000000000000000000000000
000000000000340a580000000000000000000000000
000000000000000000000000000000000009a9a6088
0000000000000000000000000000000000000000000
0000000000000000000000000000000000000000000
000000000000350b180000000000000000000000000
000000000000000000000000000000000009c1be088
0000000000000000000000000000000000000000000
0000000000000000000000000000000000000000000
0000000000003389f80000000000000000000000000
000000000000000000000000000000000009d9d6088
0000000000000000000000000000000000000000000
0000000000000000000000000000000000000000000
000000000000348ab80000000000000000000000000
000000000000000000000000000000000009f1ee088
0000000000000000000000000000000000000000000
0000000000000000000000000000000000000000000
000000000000360bd80000000000000000000000000
0000000000000000000000000000000000000000000
0000000000000000000000000000000000000000000
0000000000000000000000000000000000000000000
000000000000370c980000000000000000000000000
0000000000000000000000000000000000000000000
0000000000000000000000000000000000000000000
0000000000000000000000000000000000000000000
000000000000380d580000000000000000000000000
0000000000000000000000000000000000000000000
0000000000000000000000000000000000000000000
0000000000000000000000000000000000000000000
000000000000390e1821c0a18400000000000000000
0000000000000000002040200400000000000000000
00000000000000000024c1a48400000000000000000
0000000000000000002341230400000000000000000
0000000000003a0ed80000000000000000000000000
0000000000000000001682d64400000000000000000
000000000000000000180057c400000000000000000
0000000000000000001980d94400000000000000000
0000000000003b0f981b015ac400000000000000000
0000000000000000001c81dc4400000000000000000
0000000000000000001e025dc400000000000000000
0000000000000000001f82df4400000000000000000
000000000000000000210060c400000000096d6a088
0000000000000000002280e24400000000000000000
000000000000000000240163c400000000000000000
0000000000000000000000000000000000000000000
0000000000000000000000000000000000098582088
0000000000000000000000000000000000000000000
0000000000000000000000000000000000000000000
0000000000000000000000000000000000000000000
0000000000000000000000000000000000099d9a088
0000000000000000000000000000000000000000000
0000000000000000000000000000000000000000000
0000000000000000000000000000000000000000000
000000000000000000000000000000000009b5b2088
0000000000000000000000000000000000000000000
0000000000000000000000000000000000000000000
0000000000000000000000000000000000000000000
000000000000000000000000000000000009cdca088
0000000000000000000000000000000000000000000
0000000000000000000000000000000000000000000
0000000000000000000000000000000000000000000
000000000000000000000000000000000009e5e2088
0000000000000000000000000000000000000000000
0000000000000000000000000000000000000000000
0001680e6000358b780000000000000000000000000
00016a0fe000000000000000000000000009fdfa088
00016c1160000000000000000000000000000000000
00016e12e0000000000000000000000000000000000
000170146000368c380000000000000000000000000
00017417600000000000000000000000000a0a06088
00017215e0000000000000000000000000000000000
00017618e0000000000000000000000000000000000
0001781a6000378cf80000000000000000000000000
00017a1be00000000000000000000000000a1612088
00017c1d60000000000000000000000000000000000
00017e1ee0000000000000000000000000000000000
000000000000388db80000000000000000000000000
00000000000000000000000000000000000a221e088
0000000000000000000000000000000000000000000
0000000000000000000000000000000000000000000
000000000000398e780000000000000000000000000
00000000000000000000000000000000000a2e2a088
0000000000000000000000000000000000000000000
0000000000000000000000000000000000000000000
0000000000003a8f380000000000000000000000000
00000000000000000000000000000000000a3a36088
0000000000000000000000000000000000000000000
0000000000000000000000000000000000000000000
0001802060003b8ff80000000000000000000000000
00018221e00000000000000000000000000a4642088
0001842360000000000000000000000000000000000
00018624e0000000000000000000000000000000000
0001882660003c10580000000000000000000000000
00018a27e00000000000000000000000000a524e088
00018c2960000000000000000000000000000000000
00018e2ae0000000000000000000000000000000000
0001902c60003c90b80000000000000000000000000
0001922de0000000000000000000000000000000000
0001942f60000000000000000000000000000000000
00019630e0000000000000000000000000000000000
0000000000003d11180000000000000000000000000
0000000000000000000000000000000000000000000
0000000000000000000000000000000000000000000
0000000000000000000000000000000000000000000
0000000000003d91780000000000000000000000000
0000000000000000000000000000000000000000000
0000000000000000000000000000000000000000000
0000000000000000000000000000000000000000000
0000000000003e11d82642260400000000000000000
00000000000000000027c2a78400000000000000000
0000000000000000002940290400000000000000000
0000000000000000002ac0aa8400000000000000000
0000000000003e92382c412c0400000000000000000
0000000000000000002dc1ad8400000000000000000
0000000000000000002f422f0400000000000000000
00000000000000000030c2b08400000000000000000
0000000000003f129800000000000000000a6a66088
0000000000000000002581e54400000000000000000
000000000000000000270266c400000000000000000
0000000000000000000000000000000000000000000
00000000000000000000000000000000000a827e088
0000000000000000000000000000000000000000000
0000000000000000000000000000000000000000000
0000000000000000000000000000000000000000000
00000000000000000000000000000000000a5e5a088
0000000000000000000000000000000000000000000
0000000000000000000000000000000000000000000
0000000000000000000000000000000000000000000
00000000000000000000000000000000000a7672088
0000000000000000000000000000000000000000000
0000000000000000000000000000000000000000000
0000000000000000000000000000000000000000000
00000000000000000000000000000000000a9a96088
0000000000000000000000000000000000000000000
0000000000000000000000000000000000000000000
0000000000000000000000000000000000000000000
00000000000000000000000000000000000ab2ae088
0000000000000000000000000000000000000000000
0000000000000000000000000000000000000000000
0000000000004013580000000000000000000000000
00000000000000000000000000000000000acac6088
0000000000000000000000000000000000000000000
0000000000000000000000000000000000000000000
0000000000004114180000000000000000000000000
00000000000000000000000000000000000ae2de088
0000000000000000000000000000000000000000000
0000000000000000000000000000000000000000000
0000000000003f92f80000000000000000000000000
00000000000000000000000000000000000afaf6088
0000000000000000000000000000000000000000000
0000000000000000000000000000000000000000000
0000000000004093b80000000000000000000000000
00000000000000000000000000000000000b130e088
0000000000000000000000000000000000000000000
0000000000000000000000000000000000000000000
0000000000004214d80000000000000000000000000
0000000000000000000000000000000000000000000
0000000000000000000000000000000000000000000
0000000000000000000000000000000000000000000
0000000000004315980000000000000000000000000
0000000000000000000000000000000000000000000
0000000000000000000000000000000000000000000
0000000000000000000000000000000000000000000
0000000000004416580000000000000000000000000
0000000000000000000000000000000000000000000
0000000000000000000000000000000000000000000
0000000000000000000000000000000000000000000
00000000000045171833c0b38400000000000000000
0000000000000000003240320400000000000000000
00000000000000000036c1b68400000000000000000
0000000000000000003541350400000000000000000
0000000000004617d80000000000000000000000000
0000000000000000002882e84400000000000000000
0000000000000000002a0069c400000000000000000
0000000000000000002b80eb4400000000000000000
0000000000004718982d016cc400000000000000000
0000000000000000002e81ee4400000000000000000
00000000000000000030026fc400000000000000000
0000000000000000003182f14400000000000000000
000000000000000000330072c4000000000a8e8a088
0000000000000000003480f44400000000000000000
000000000000000000360175c400000000000000000
0000000000000000000000000000000000000000000
00000000000000000000000000000000000aa6a2088
0000000000000000000000000000000000000000000
0000000000000000000000000000000000000000000
0000000000000000000000000000000000000000000
00000000000000000000000000000000000abeba088
0000000000000000000000000000000000000000000
0000000000000000000000000000000000000000000
0000000000000000000000000000000000000000000
00000000000000000000000000000000000ad6d2088
0000000000000000000000000000000000000000000
0000000000000000000000000000000000000000000
0000000000000000000000000000000000000000000
00000000000000000000000000000000000aeeea088
0000000000000000000000000000000000000000000
0000000000000000000000000000000000000000000
0000000000000000000000000000000000000000000
00000000000000000000000000000000000b0702088
0000000000000000000000000000000000000000000
0000000000000000000000000000000000000000000
0001983260004194780000000000000000000000000
00019a33e00000000000000000000000000b1f1a088
00019c3560000000000000000000000000000000000
00019e36e0000000000000000000000000000000000
0001a03860004295380000000000000000000000000
0001a43b600000000000000000000000000b2b26088
0001a239e0000000000000000000000000000000000
0001a63ce0000000000000000000000000000000000
0001a83e60004395f80000000000000000000000000
0001aa3fe00000000000000000000000000b3732088
0001ac4160000000000000000000000000000000000
0001ae42e0000000000000000000000000000000000
0000000000004496b80000000000000000000000000
00000000000000000000000000000000000b433e088
0000000000000000000000000000000000000000000
0000000000000000000000000000000000000000000
0000000000004597780000000000000000000000000
00000000000000000000000000000000000b4f4a088
0000000000000000000000000000000000000000000
0000000000000000000000000000000000000000000
0000000000004698380000000000000000000000000
00000000000000000000000000000000000b5b56088
0000000000000000000000000000000000000000000
0000000000000000000000000000000000000000000
0001b04460004798f80000000000000000000000000
0001b245e00000000000000000000000000b6762088
0001b44760000000000000000000000000000000000
0001b648e0000000000000000000000000000000000
0001b84a60004819580000000000000000000000000
0001ba4be00000000000000000000000000b736e088
0001bc4d60000000000000000000000000000000000
0001be4ee0000000000000000000000000000000000
0001c05060004899b80000000000000000000000000
0001c251e0000000000000000000000000000000000
0001c45360000000000000000000000000000000000
0001c654e0000000000000000000000000000000000
000000000000491a180000000000000000000000000
0000000000000000000000000000000000000000000
0000000000000000000000000000000000000000000
0000000000000000000000000000000000000000000
000000000000499a780000000000000000000000000
0000000000000000000000000000000000000000000
0000000000000000000000000000000000000000000
0000000000000000000000000000000000000000000
0000000000004a1ad83842380400000000000000000
00000000000000000039c2b98400000000000000000
0000000000000000003b403b0400000000000000000
0000000000000000003cc0bc8400000000000000000
0000000000004a9b383e413e0400000000000000000
0000000000000000003fc1bf8400000000000000000
0000000000000000000442040400000000000000000
00000000000000000005c2858400000000000000000
0000000000004b1b9800000000000000000b8b86088
0000000000000000003781f74400000000000000000
000000000000000000390278c400000000000000000
0000000000000000000000000000000000000000000
00000000000000000000000000000000000ba39e088
0000000000000000000000000000000000000000000
0000000000000000000000000000000000000000000
0000000000000000000000000000000000000000000
00000000000000000000000000000000000b7f7a088
0000000000000000000000000000000000000000000
0000000000000000000000000000000000000000000
0000000000000000000000000000000000000000000
00000000000000000000000000000000000b9792088
0000000000000000000000000000000000000000000
0000000000000000000000000000000000000000000
0000000000000000000000000000000000000000000
00000000000000000000000000000000000bbbb6088
0000000000000000000000000000000000000000000
0000000000000000000000000000000000000000000
0000000000000000000000000000000000000000000
00000000000000000000000000000000000bd3ce088
0000000000000000000000000000000000000000000
0000000000000000000000000000000000000000000
0000000000004c1c580000000000000000000000000
00000000000000000000000000000000000bebe6088
0000000000000000000000000000000000000000000
0000000000000000000000000000000000000000000
0000000000004d1d180000000000000000000000000
00000000000000000000000000000000000833fe088
0000000000000000000000000000000000000000000
0000000000000000000000000000000000000000000
0000000000004b9bf80000000000000000000000000
0000000000000000000000000000000000084846088
0000000000000000000000000000000000000000000
0000000000000000000000000000000000000000000
0000000000004c9cb80000000000000000000000000
000000000000000000000000000000000008605e088
0000000000000000000000000000000000000000000
0000000000000000000000000000000000000000000
0000000000004e1dd80000000000000000000000000
0000000000000000000000000000000000000000000
0000000000000000000000000000000000000000000
0000000000000000000000000000000000000000000
0000000000004f1e980000000000000000000000000
0000000000000000000000000000000000000000000
0000000000000000000000000000000000000000000
0000000000000000000000000000000000000000000
000000000000501f580000000000000000000000000
0000000000000000000000000000000000000000000
0000000000000000000000000000000000000000000
0000000000000000000000000000000000000000000
00000000000051019808c0888400000000000000000
0000000000000000000740070400000000000000000
0000000000000000000bc18b8400000000000000000
0000000000000000000a410a0400000000000000000
0000000000005202580000000000000000000000000
0000000000000000003a82fa4400000000000000000
0000000000000000003c007bc400000000000000000
0000000000000000003d80fd4400000000000000000
0000000000005303183f017ec400000000000000000
0000000000000000000381c34400000000000000000
000000000000000000050244c400000000000000000
0000000000000000000682c64400000000000000000
000000000000000000080047c4000000000bafaa088
0000000000000000000980c94400000000000000000
0000000000000000000b014ac400000000000000000
0000000000000000000000000000000000000000000
00000000000000000000000000000000000bc7c2088
0000000000000000000000000000000000000000000
0000000000000000000000000000000000000000000
0000000000000000000000000000000000000000000
00000000000000000000000000000000000bdfda088
0000000000000000000000000000000000000000000
0000000000000000000000000000000000000000000
0000000000000000000000000000000000000000000
00000000000000000000000000000000000bf7f2088
0000000000000000000000000000000000000000000
0000000000000000000000000000000000000000000
0000000000000000000000000000000000000000000
0000000000000000000000000000000000083c3a088
0000000000000000000000000000000000000000000
0000000000000000000000000000000000000000000
0000000000000000000000000000000000000000000
0000000000000000000000000000000000085452088
0000000000000000000000000000000000000000000
0000000000000000000000000000000000000000000
0001c85660004d9d780000000000000000000000000
0001ca57e0000000000000000000000000086c6a088
0001cc5960000000000000000000000000000000000
0001ce5ae0000000000000000000000000000000000
0001d05c60004e9e380000000000000000000000000
0001d45f60000000000000000000000000087876088
0001d25de0000000000000000000000000000000000
0001d660e0000000000000000000000000000000000
0001d86260004f9ef80000000000000000000000000
0001da63e0000000000000000000000000088482088
0001dc6560000000000000000000000000000000000
0001de66e0000000000000000000000000000000000
000000000000509fb80000000000000000000000000
000000000000000000000000000000000008908e088
0000000000000000000000000000000000000000000
0000000000000000000000000000000000000000000
0000000000005181f80000000000000000000000000
0000000000000000000000000000000000089c9a088
0000000000000000000000000000000000000000000
0000000000000000000000000000000000000000000
0000000000005282b80000000000000000000000000
000000000000000000000000000000000008a8a6088
0000000000000000000000000000000000000000000
0000000000000000000000000000000000000000000
0001e06860005383780000000000000000000000000
0001e269e000000000000000000000000008b4b2088
0001e46b60000000000000000000000000000000000
0001e66ce0000000000000000000000000000000000
0001e86e60005403d80000000000000000000000000
0001ea6fe000000000000000000000000008c0be088
0001ec7160000000000000000000000000000000000
0001ee72e0000000000000000000000000000000000
0001f07460005484380000000000000000000000000
0001f275e0000000000000000000000000000000000
0001f47760000000000000000000000000000000000
0001f678e0000000000000000000000000000000000
0000000000005504980000000000000000000000000
0000000000000000000000000000000000000000000
0000000000000000000000000000000000000000000
0000000000000000000000000000000000000000000
0000000000005584f80000000000000000000000000
0000000000000000000000000000000000000000000
0000000000000000000000000000000000000000000
0000000000000000000000000000000000000000000
0000000000005605580d420d0400000000000000000
0000000000000000000ec28e8400000000000000000
0000000000000000001040100400000000000000000
00000000000000000011c0918400000000000000000
0000000000005685b81341130400000000000000000
00000000000000000014c1948400000000000000000
0000000000000000001642160400000000000000000
00000000000000000017c2978400000000000000000
000000000000570618000000000000000008d8d6088
0000000000000000000c81cc4400000000000000000
0000000000000000000e024dc400000000000000000
0000000000000000000000000000000000000000000
000000000000000000000000000000000008f0ee088
0000000000000000000000000000000000000000000
0000000000000000000000000000000000000000000
0000000000000000000000000000000000000000000
000000000000000000000000000000000008ccca088
0000000000000000000000000000000000000000000
0000000000000000000000000000000000000000000
0000000000000000000000000000000000000000000
000000000000000000000000000000000008e4e2088
0000000000000000000000000000000000000000000
0000000000000000000000000000000000000000000
0000000000000000000000000000000000000000000
0000000000000000000000000000000000090906088
0000000000000000000000000000000000000000000
0000000000000000000000000000000000000000000
0000000000000000000000000000000000000000000
000000000000000000000000000000000009211e088
0000000000000000000000000000000000000000000
0000000000000000000000000000000000000000000
0000000000005806d80000000000000000000000000
0000000000000000000000000000000000093936088
0000000000000000000000000000000000000000000
0000000000000000000000000000000000000000000
0000000000005907980000000000000000000000000
000000000000000000000000000000000009514e088
0000000000000000000000000000000000000000000
0000000000000000000000000000000000000000000
0000000000005786780000000000000000000000000
0000000000000000000000000000000000096966088
0000000000000000000000000000000000000000000
0000000000000000000000000000000000000000000
0000000000005887380000000000000000000000000
000000000000000000000000000000000009817e088
0000000000000000000000000000000000000000000
0000000000000000000000000000000000000000000
0000000000005a08580000000000000000000000000
0000000000000000000000000000000000000000000
0000000000000000000000000000000000000000000
0000000000000000000000000000000000000000000
0000000000005b09180000000000000000000000000
0000000000000000000000000000000000000000000
0000000000000000000000000000000000000000000
0000000000000000000000000000000000000000000
0000000000005c09d80000000000000000000000000
0000000000000000000000000000000000000000000
0000000000000000000000000000000000000000000
0000000000000000000000000000000000000000000
0000000000005d0a981ac09a8400000000000000000
0000000000000000001940190400000000000000000
0000000000000000001dc19d8400000000000000000
0000000000000000001c411c0400000000000000000
0000000000005e0b580000000000000000000000000
0000000000000000000f82cf4400000000000000000
000000000000000000110050c400000000000000000
0000000000000000001280d24400000000000000000
0000000000005f0c18140153c400000000000000000
0000000000000000001581d54400000000000000000
000000000000000000170256c400000000000000000
0000000000000000001882d84400000000000000000
0000000000000000001a0059c40000000008fcfa088
0000000000000000001b80db4400000000000000000
0000000000000000001d015cc400000000000000000
0000000000000000000000000000000000000000000
0000000000000000000000000000000000091512088
0000000000000000000000000000000000000000000
0000000000000000000000000000000000000000000
0000000000000000000000000000000000000000000
0000000000000000000000000000000000092d2a088
0000000000000000000000000000000000000000000
0000000000000000000000000000000000000000000
0000000000000000000000000000000000000000000
0000000000000000000000000000000000094542088
0000000000000000000000000000000000000000000
0000000000000000000000000000000000000000000
0000000000000000000000000000000000000000000
0000000000000000000000000000000000095d5a088
0000000000000000000000000000000000000000000
0000000000000000000000000000000000000000000
0000000000000000000000000000000000000000000
0000000000000000000000000000000000097572088
0000000000000000000000000000000000000000000
0000000000000000000000000000000000000000000
0001f87a60005987f80000000000000000000000000
0001fa7be0000000000000000000000000098d8a088
0001fc7d60000000000000000000000000000000000
0001fe7ee0000000000000000000000000000000000
0002000660005a88b80000000000000000000000000
0002040960000000000000000000000000099996088
00020207e0000000000000000000000000000000000
0002060ae0000000000000000000000000000000000
0002080c60005b89780000000000000000000000000
00020a0de000000000000000000000000009a5a2088
00020c0f60000000000000000000000000000000000
00020e10e0000000000000000000000000000000000
0000000000005c8a380000000000000000000000000
000000000000000000000000000000000009b1ae088
0000000000000000000000000000000000000000000
0000000000000000000000000000000000000000000
0000000000005d8af80000000000000000000000000
000000000000000000000000000000000009bdba088
0000000000000000000000000000000000000000000
0000000000000000000000000000000000000000000
0000000000005e8bb80000000000000000000000000
000000000000000000000000000000000009c9c6088
0000000000000000000000000000000000000000000
0000000000000000000000000000000000000000000
0002101260005f8c780000000000000000000000000
00021213e000000000000000000000000009d5d2088
0002141560000000000000000000000000000000000
00021616e0000000000000000000000000000000000
000218186000600cd80000000000000000000000000
00021a19e000000000000000000000000009e1de088
00021c1b60000000000000000000000000000000000
00021e1ce0000000000000000000000000000000000
0002201e6000608d380000000000000000000000000
0002221fe0000000000000000000000000000000000
0002242160000000000000000000000000000000000
00022622e0000000000000000000000000000000000
000000000000610d980000000000000000000000000
0000000000000000000000000000000000000000000
0000000000000000000000000000000000000000000
0000000000000000000000000000000000000000000
000000000000618df80000000000000000000000000
0000000000000000000000000000000000000000000
0000000000000000000000000000000000000000000
0000000000000000000000000000000000000000000
000000000000620e581f421f0400000000000000000
00000000000000000020c2a08400000000000000000
0000000000000000002240220400000000000000000
00000000000000000023c0a38400000000000000000
000000000000628eb82541250400000000000000000
00000000000000000026c1a68400000000000000000
0000000000000000002842280400000000000000000
00000000000000000029c2a98400000000000000000
000000000000630f18000000000000000009f9f6088
0000000000000000001e81de4400000000000000000
00000000000000000020025fc400000000000000000
0000000000000000000000000000000000000000000
00000000000000000000000000000000000a120e088
0000000000000000000000000000000000000000000
0000000000000000000000000000000000000000000
0000000000000000000000000000000000000000000
000000000000000000000000000000000009edea088
0000000000000000000000000000000000000000000
0000000000000000000000000000000000000000000
0000000000000000000000000000000000000000000
00000000000000000000000000000000000a0602088
0000000000000000000000000000000000000000000
0000000000000000000000000000000000000000000
0000000000000000000000000000000000000000000
00000000000000000000000000000000000a2a26088
0000000000000000000000000000000000000000000
0000000000000000000000000000000000000000000
0000000000000000000000000000000000000000000
00000000000000000000000000000000000a423e088
0000000000000000000000000000000000000000000
0000000000000000000000000000000000000000000
000000000000640fd80000000000000000000000000
00000000000000000000000000000000000a5a56088
0000000000000000000000000000000000000000000
0000000000000000000000000000000000000000000
0000000000006510980000000000000000000000000
00000000000000000000000000000000000a726e088
0000000000000000000000000000000000000000000
0000000000000000000000000000000000000000000
000000000000638f780000000000000000000000000
00000000000000000000000000000000000a8a86088
0000000000000000000000000000000000000000000
0000000000000000000000000000000000000000000
0000000000006490380000000000000000000000000
00000000000000000000000000000000000aa29e088
0000000000000000000000000000000000000000000
0000000000000000000000000000000000000000000
0000000000006611580000000000000000000000000
0000000000000000000000000000000000000000000
0000000000000000000000000000000000000000000
0000000000000000000000000000000000000000000
0000000000006712180000000000000000000000000
0000000000000000000000000000000000000000000
0000000000000000000000000000000000000000000
0000000000000000000000000000000000000000000
0000000000006812d80000000000000000000000000
0000000000000000000000000000000000000000000
0000000000000000000000000000000000000000000
0000000000000000000000000000000000000000000
0000000000006913982cc0ac8400000000000000000
0000000000000000002b402b0400000000000000000
0000000000000000002fc1af8400000000000000000
0000000000000000002e412e0400000000000000000
0000000000006a14580000000000000000000000000
0000000000000000002182e14400000000000000000
000000000000000000230062c400000000000000000
0000000000000000002480e44400000000000000000
0000000000006b1518260165c400000000000000000
0000000000000000002781e74400000000000000000
000000000000000000290268c400000000000000000
0000000000000000002a82ea4400000000000000000
0000000000000000002c006bc4000000000a1e1a088
0000000000000000002d80ed4400000000000000000
0000000000000000002f016ec400000000000000000
0000000000000000000000000000000000000000000
00000000000000000000000000000000000a3632088
0000000000000000000000000000000000000000000
0000000000000000000000000000000000000000000
0000000000000000000000000000000000000000000
00000000000000000000000000000000000a4e4a088
0000000000000000000000000000000000000000000
0000000000000000000000000000000000000000000
0000000000000000000000000000000000000000000
00000000000000000000000000000000000a6662088
0000000000000000000000000000000000000000000
0000000000000000000000000000000000000000000
0000000000000000000000000000000000000000000
00000000000000000000000000000000000a7e7a088
0000000000000000000000000000000000000000000
0000000000000000000000000000000000000000000
0000000000000000000000000000000000000000000
00000000000000000000000000000000000a9692088
0000000000000000000000000000000000000000000
0000000000000000000000000000000000000000000
0002282460006590f80000000000000000000000000
00022a25e00000000000000000000000000aaeaa088
00022c2760000000000000000000000000000000000
00022e28e0000000000000000000000000000000000
0002302a60006691b80000000000000000000000000
0002342d600000000000000000000000000abab6088
0002322be0000000000000000000000000000000000
0002362ee0000000000000000000000000000000000
0002383060006792780000000000000000000000000
00023a31e00000000000000000000000000ac6c2088
00023c3360000000000000000000000000000000000
00023e34e0000000000000000000000000000000000
0000000000006893380000000000000000000000000
00000000000000000000000000000000000ad2ce088
0000000000000000000000000000000000000000000
0000000000000000000000000000000000000000000
0000000000006993f80000000000000000000000000
00000000000000000000000000000000000adeda088
0000000000000000000000000000000000000000000
0000000000000000000000000000000000000000000
0000000000006a94b80000000000000000000000000
00000000000000000000000000000000000aeae6088
0000000000000000000000000000000000000000000
0000000000000000000000000000000000000000000
0002403660006b95780000000000000000000000000
00024237e00000000000000000000000000af6f2088
0002443960000000000000000000000000000000000
0002463ae0000000000000000000000000000000000
0002483c60006c15d80000000000000000000000000
00024a3de00000000000000000000000000b02fe088
00024c3f60000000000000000000000000000000000
00024e40e0000000000000000000000000000000000
0002504260006c96380000000000000000000000000
00025243e0000000000000000000000000000000000
0002544560000000000000000000000000000000000
00025646e0000000000000000000000000000000000
0000000000006d16980000000000000000000000000
0000000000000000000000000000000000000000000
0000000000000000000000000000000000000000000
0000000000000000000000000000000000000000000
0000000000006d96f80000000000000000000000000
0000000000000000000000000000000000000000000
0000000000000000000000000000000000000000000
0000000000000000000000000000000000000000000
0000000000006e17583142310400000000000000000
00000000000000000032c2b28400000000000000000
0000000000000000003440340400000000000000000
00000000000000000035c0b58400000000000000000
0000000000006e97b83741370400000000000000000
00000000000000000038c1b88400000000000000000
0000000000000000003a423a0400000000000000000
0000000000000000003bc2bb8400000000000000000
0000000000006f181800000000000000000b1b16088
0000000000000000003081f04400000000000000000
000000000000000000320271c400000000000000000
0000000000000000000000000000000000000000000
00000000000000000000000000000000000b332e088
0000000000000000000000000000000000000000000
0000000000000000000000000000000000000000000
0000000000000000000000000000000000000000000
00000000000000000000000000000000000b0f0a088
0000000000000000000000000000000000000000000
0000000000000000000000000000000000000000000
0000000000000000000000000000000000000000000
00000000000000000000000000000000000b2722088
0000000000000000000000000000000000000000000
0000000000000000000000000000000000000000000
0000000000000000000000000000000000000000000
00000000000000000000000000000000000b4b46088
0000000000000000000000000000000000000000000
0000000000000000000000000000000000000000000
0000000000000000000000000000000000000000000
00000000000000000000000000000000000b635e088
0000000000000000000000000000000000000000000
0000000000000000000000000000000000000000000
0000000000007018d80000000000000000000000000
00000000000000000000000000000000000b7b76088
0000000000000000000000000000000000000000000
0000000000000000000000000000000000000000000
0000000000007119980000000000000000000000000
00000000000000000000000000000000000b938e088
0000000000000000000000000000000000000000000
0000000000000000000000000000000000000000000
0000000000006f98780000000000000000000000000
00000000000000000000000000000000000baba6088
0000000000000000000000000000000000000000000
0000000000000000000000000000000000000000000
0000000000007099380000000000000000000000000
00000000000000000000000000000000000bc3be088
0000000000000000000000000000000000000000000
0000000000000000000000000000000000000000000
000000000000721a580000000000000000000000000
0000000000000000000000000000000000000000000
0000000000000000000000000000000000000000000
0000000000000000000000000000000000000000000
000000000000731b180000000000000000000000000
0000000000000000000000000000000000000000000
0000000000000000000000000000000000000000000
0000000000000000000000000000000000000000000
000000000000741bd80000000000000000000000000
0000000000000000000000000000000000000000000
0000000000000000000000000000000000000000000
0000000000000000000000000000000000000000000
000000000000751c983ec0be8400000000000000000
0000000000000000003d403d0400000000000000000
00000000000000000004c1848400000000000000000
0000000000000000000341030400000000000000000
000000000000761d580000000000000000000000000
0000000000000000003382f34400000000000000000
000000000000000000350074c400000000000000000
0000000000000000003680f64400000000000000000
000000000000771e18380177c400000000000000000
0000000000000000003981f94400000000000000000
0000000000000000003b027ac400000000000000000
0000000000000000003c82fc4400000000000000000
0000000000000000003e007dc4000000000b3f3a088
0000000000000000003f80ff4400000000000000000
000000000000000000040143c400000000000000000
0000000000000000000000000000000000000000000
00000000000000000000000000000000000b5752088
0000000000000000000000000000000000000000000
0000000000000000000000000000000000000000000
0000000000000000000000000000000000000000000
00000000000000000000000000000000000b6f6a088
0000000000000000000000000000000000000000000
0000000000000000000000000000000000000000000
0000000000000000000000000000000000000000000
00000000000000000000000000000000000b8782088
0000000000000000000000000000000000000000000
0000000000000000000000000000000000000000000
0000000000000000000000000000000000000000000
00000000000000000000000000000000000b9f9a088
0000000000000000000000000000000000000000000
0000000000000000000000000000000000000000000
0000000000000000000000000000000000000000000
00000000000000000000000000000000000bb7b2088
0000000000000000000000000000000000000000000
0000000000000000000000000000000000000000000
0002584860007199f80000000000000000000000000
00025a49e00000000000000000000000000bcfca088
00025c4b60000000000000000000000000000000000
00025e4ce0000000000000000000000000000000000
0002604e6000729ab80000000000000000000000000
00026451600000000000000000000000000bdbd6088
0002624fe0000000000000000000000000000000000
00026652e0000000000000000000000000000000000
000268546000739b780000000000000000000000000
00026a55e00000000000000000000000000be7e2088
00026c5760000000000000000000000000000000000
00026e58e0000000000000000000000000000000000
000000000000749c380000000000000000000000000
00000000000000000000000000000000000bf3ee088
0000000000000000000000000000000000000000000
0000000000000000000000000000000000000000000
000000000000759cf80000000000000000000000000
00000000000000000000000000000000000bfffa088
0000000000000000000000000000000000000000000
0000000000000000000000000000000000000000000
000000000000769db80000000000000000000000000
0000000000000000000000000000000000083836088
0000000000000000000000000000000000000000000
0000000000000000000000000000000000000000000
0002705a6000779e780000000000000000000000000
0002725be0000000000000000000000000084442088
0002745d60000000000000000000000000000000000
0002765ee0000000000000000000000000000000000
000278606000781ed80000000000000000000000000
00027a61e000000000000000000000000008504e088
00027c6360000000000000000000000000000000000
00027e64e0000000000000000000000000000000000
000280666000789f380000000000000000000000000
00028267e0000000000000000000000000000000000
0002846960000000000000000000000000000000000
0002866ae0000000000000000000000000000000000
000000000000791f980000000000000000000000000
0000000000000000000000000000000000000000000
0000000000000000000000000000000000000000000
0000000000000000000000000000000000000000000
000000000000799ff80000000000000000000000000
0000000000000000000000000000000000000000000
0000000000000000000000000000000000000000000
0000000000000000000000000000000000000000000
0000000000007a01d80642060400000000000000000
00000000000000000007c2878400000000000000000
0000000000000000000940090400000000000000000
0000000000000000000ac08a8400000000000000000
0000000000007a82380c410c0400000000000000000
0000000000000000000dc18d8400000000000000000
0000000000000000000f420f0400000000000000000
00000000000000000010c2908400000000000000000
0000000000007b02980000000000000000086866088
0000000000000000000581c54400000000000000000
000000000000000000070246c400000000000000000
0000000000000000000000000000000000000000000
000000000000000000000000000000000008807e088
0000000000000000000000000000000000000000000
0000000000000000000000000000000000000000000
0000000000000000000000000000000000000000000
0000000000000000000000000000000000085c5a088
0000000000000000000000000000000000000000000
0000000000000000000000000000000000000000000
0000000000000000000000000000000000000000000
0000000000000000000000000000000000087472088
0000000000000000000000000000000000000000000
0000000000000000000000000000000000000000000
0000000000000000000000000000000000000000000
0000000000000000000000000000000000089896088
0000000000000000000000000000000000000000000
0000000000000000000000000000000000000000000
0000000000000000000000000000000000000000000
000000000000000000000000000000000008b0ae088
0000000000000000000000000000000000000000000
0000000000000000000000000000000000000000000
0000000000007c03580000000000000000000000000
000000000000000000000000000000000008c8c6088
0000000000000000000000000000000000000000000
0000000000000000000000000000000000000000000
0000000000007d04180000000000000000000000000
000000000000000000000000000000000008e0de088
0000000000000000000000000000000000000000000
0000000000000000000000000000000000000000000
0000000000007b82f80000000000000000000000000
000000000000000000000000000000000008f8f6088
0000000000000000000000000000000000000000000
0000000000000000000000000000000000000000000
0000000000007c83b80000000000000000000000000
000000000000000000000000000000000009110e088
0000000000000000000000000000000000000000000
0000000000000000000000000000000000000000000
0000000000007e04d80000000000000000000000000
0000000000000000000000000000000000000000000
0000000000000000000000000000000000000000000
0000000000000000000000000000000000000000000
0000000000007f05980000000000000000000000000
0000000000000000000000000000000000000000000
0000000000000000000000000000000000000000000
0000000000000000000000000000000000000000000
0000000000008006580000000000000000000000000
0000000000000000000000000000000000000000000
0000000000000000000000000000000000000000000
0000000000000000000000000000000000000000000
00000000000081071813c0938400000000000000000
0000000000000000001240120400000000000000000
00000000000000000016c1968400000000000000000
0000000000000000001541150400000000000000000
0000000000008207d80000000000000000000000000
0000000000000000000882c84400000000000000000
0000000000000000000a0049c400000000000000000
0000000000000000000b80cb4400000000000000000
0000000000008308980d014cc400000000000000000
0000000000000000000e81ce4400000000000000000
00000000000000000010024fc400000000000000000
0000000000000000001182d14400000000000000000
000000000000000000130052c400000000088c8a088
0000000000000000001480d44400000000000000000
000000000000000000160155c400000000000000000
0000000000000000000000000000000000000000000
000000000000000000000000000000000008a4a2088
0000000000000000000000000000000000000000000
0000000000000000000000000000000000000000000
0000000000000000000000000000000000000000000
000000000000000000000000000000000008bcba088
0000000000000000000000000000000000000000000
0000000000000000000000000000000000000000000
0000000000000000000000000000000000000000000
000000000000000000000000000000000008d4d2088
0000000000000000000000000000000000000000000
0000000000000000000000000000000000000000000
0000000000000000000000000000000000000000000
000000000000000000000000000000000008ecea088
0000000000000000000000000000000000000000000
0000000000000000000000000000000000000000000
0000000000000000000000000000000000000000000
0000000000000000000000000000000000090502088
0000000000000000000000000000000000000000000
0000000000000000000000000000000000000000000
0002886c60007d84780000000000000000000000000
00028a6de0000000000000000000000000091d1a088
00028c6f60000000000000000000000000000000000
00028e70e0000000000000000000000000000000000
0002907260007e85380000000000000000000000000
0002947560000000000000000000000000092926088
00029273e0000000000000000000000000000000000
00029676e0000000000000000000000000000000000
0002987860007f85f80000000000000000000000000
00029a79e0000000000000000000000000093532088
00029c7b60000000000000000000000000000000000
00029e7ce0000000000000000000000000000000000
0000000000008086b80000000000000000000000000
000000000000000000000000000000000009413e088
0000000000000000000000000000000000000000000
0000000000000000000000000000000000000000000
0000000000008187780000000000000000000000000
0000000000000000000000000000000000094d4a088
0000000000000000000000000000000000000000000
0000000000000000000000000000000000000000000
0000000000008288380000000000000000000000000
0000000000000000000000000000000000095956088
0000000000000000000000000000000000000000000
0000000000000000000000000000000000000000000
0002a07e60008388f80000000000000000000000000
0002a27fe0000000000000000000000000096562088
0002a40760000000000000000000000000000000000
0002a608e0000000000000000000000000000000000
0002a80a60008409580000000000000000000000000
0002aa0be000000000000000000000000009716e088
0002ac0d60000000000000000000000000000000000
0002ae0ee0000000000000000000000000000000000
0002b01060008489b80000000000000000000000000
0002b211e0000000000000000000000000000000000
0002b41360000000000000000000000000000000000
0002b614e0000000000000000000000000000000000
000000000000850a180000000000000000000000000
0000000000000000000000000000000000000000000
0000000000000000000000000000000000000000000
0000000000000000000000000000000000000000000
000000000000858a780000000000000000000000000
0000000000000000000000000000000000000000000
0000000000000000000000000000000000000000000
0000000000000000000000000000000000000000000
000000000000860ad81842180400000000000000000
00000000000000000019c2998400000000000000000
0000000000000000001b401b0400000000000000000
0000000000000000001cc09c8400000000000000000
000000000000868b381e411e0400000000000000000
0000000000000000001fc19f8400000000000000000
0000000000000000002142210400000000000000000
00000000000000000022c2a28400000000000000000
000000000000870b980000000000000000098986088
0000000000000000001781d74400000000000000000
000000000000000000190258c400000000000000000
0000000000000000000000000000000000000000000
000000000000000000000000000000000009a19e088
0000000000000000000000000000000000000000000
0000000000000000000000000000000000000000000
0000000000000000000000000000000000000000000
0000000000000000000000000000000000097d7a088
0000000000000000000000000000000000000000000
0000000000000000000000000000000000000000000
0000000000000000000000000000000000000000000
0000000000000000000000000000000000099592088
0000000000000000000000000000000000000000000
0000000000000000000000000000000000000000000
0000000000000000000000000000000000000000000
000000000000000000000000000000000009b9b6088
0000000000000000000000000000000000000000000
0000000000000000000000000000000000000000000
0000000000000000000000000000000000000000000
000000000000000000000000000000000009d1ce088
0000000000000000000000000000000000000000000
0000000000000000000000000000000000000000000
000000000000880c580000000000000000000000000
000000000000000000000000000000000009e9e6088
0000000000000000000000000000000000000000000
0000000000000000000000000000000000000000000
000000000000890d180000000000000000000000000
00000000000000000000000000000000000a01fe088
0000000000000000000000000000000000000000000
0000000000000000000000000000000000000000000
000000000000878bf80000000000000000000000000
00000000000000000000000000000000000a1a16088
0000000000000000000000000000000000000000000
0000000000000000000000000000000000000000000
000000000000888cb80000000000000000000000000
00000000000000000000000000000000000a322e088
0000000000000000000000000000000000000000000
0000000000000000000000000000000000000000000
0000000000008a0dd80000000000000000000000000
0000000000000000000000000000000000000000000
0000000000000000000000000000000000000000000
0000000000000000000000000000000000000000000
0000000000008b0e980000000000000000000000000
0000000000000000000000000000000000000000000
0000000000000000000000000000000000000000000
0000000000000000000000000000000000000000000
0000000000008c0f580000000000000000000000000
0000000000000000000000000000000000000000000
0000000000000000000000000000000000000000000
0000000000000000000000000000000000000000000
0000000000008d101825c0a58400000000000000000
0000000000000000002440240400000000000000000
00000000000000000028c1a88400000000000000000
0000000000000000002741270400000000000000000
0000000000008e10d80000000000000000000000000
0000000000000000001a82da4400000000000000000
0000000000000000001c005bc400000000000000000
0000000000000000001d80dd4400000000000000000
0000000000008f11981f015ec400000000000000000
0000000000000000002081e04400000000000000000
000000000000000000220261c400000000000000000
0000000000000000002382e34400000000000000000
000000000000000000250064c40000000009adaa088
0000000000000000002680e64400000000000000000
000000000000000000280167c400000000000000000
0000000000000000000000000000000000000000000
000000000000000000000000000000000009c5c2088
0000000000000000000000000000000000000000000
0000000000000000000000000000000000000000000
0000000000000000000000000000000000000000000
000000000000000000000000000000000009ddda088
0000000000000000000000000000000000000000000
0000000000000000000000000000000000000000000
0000000000000000000000000000000000000000000
000000000000000000000000000000000009f5f2088
0000000000000000000000000000000000000000000
0000000000000000000000000000000000000000000
0000000000000000000000000000000000000000000
00000000000000000000000000000000000a0e0a088
0000000000000000000000000000000000000000000
0000000000000000000000000000000000000000000
0000000000000000000000000000000000000000000
00000000000000000000000000000000000a2622088
0000000000000000000000000000000000000000000
0000000000000000000000000000000000000000000
0002b8166000898d780000000000000000000000000
0002ba17e00000000000000000000000000a3e3a088
0002bc1960000000000000000000000000000000000
0002be1ae0000000000000000000000000000000000
0002c01c60008a8e380000000000000000000000000
0002c41f600000000000000000000000000a4a46088
0002c21de0000000000000000000000000000000000
0002c620e0000000000000000000000000000000000
0002c82260008b8ef80000000000000000000000000
0002ca23e00000000000000000000000000a5652088
0002cc2560000000000000000000000000000000000
0002ce26e0000000000000000000000000000000000
0000000000008c8fb80000000000000000000000000
00000000000000000000000000000000000a625e088
0000000000000000000000000000000000000000000
0000000000000000000000000000000000000000000
0000000000008d90780000000000000000000000000
00000000000000000000000000000000000a6e6a088
0000000000000000000000000000000000000000000
0000000000000000000000000000000000000000000
0000000000008e91380000000000000000000000000
00000000000000000000000000000000000a7a76088
0000000000000000000000000000000000000000000
0000000000000000000000000000000000000000000
0002d02860008f91f80000000000000000000000000
0002d229e00000000000000000000000000a8682088
0002d42b60000000000000000000000000000000000
0002d62ce0000000000000000000000000000000000
0002d82e60009012580000000000000000000000000
0002da2fe00000000000000000000000000a928e088
0002dc3160000000000000000000000000000000000
0002de32e0000000000000000000000000000000000
0002e03460009092b80000000000000000000000000
0002e235e0000000000000000000000000000000000
0002e43760000000000000000000000000000000000
0002e638e0000000000000000000000000000000000
0000000000009113180000000000000000000000000
0000000000000000000000000000000000000000000
0000000000000000000000000000000000000000000
0000000000000000000000000000000000000000000
0000000000009193780000000000000000000000000
0000000000000000000000000000000000000000000
0000000000000000000000000000000000000000000
0000000000000000000000000000000000000000000
0000000000009213d82a422a0400000000000000000
0000000000000000002bc2ab8400000000000000000
0000000000000000002d402d0400000000000000000
0000000000000000002ec0ae8400000000000000000
0000000000009294383041300400000000000000000
00000000000000000031c1b18400000000000000000
0000000000000000003342330400000000000000000
00000000000000000034c2b48400000000000000000
00000000000093149800000000000000000aaaa6088
0000000000000000002981e94400000000000000000
0000000000000000002b026ac400000000000000000
0000000000000000000000000000000000000000000
00000000000000000000000000000000000ac2be088
0000000000000000000000000000000000000000000
0000000000000000000000000000000000000000000
0000000000000000000000000000000000000000000
00000000000000000000000000000000000a9e9a088
0000000000000000000000000000000000000000000
0000000000000000000000000000000000000000000
0000000000000000000000000000000000000000000
00000000000000000000000000000000000ab6b2088
0000000000000000000000000000000000000000000
0000000000000000000000000000000000000000000
0000000000000000000000000000000000000000000
00000000000000000000000000000000000adad6088
0000000000000000000000000000000000000000000
0000000000000000000000000000000000000000000
0000000000000000000000000000000000000000000
00000000000000000000000000000000000af2ee088
0000000000000000000000000000000000000000000
0000000000000000000000000000000000000000000
0000000000009415580000000000000000000000000
00000000000000000000000000000000000b0b06088
0000000000000000000000000000000000000000000
0000000000000000000000000000000000000000000
0000000000009516180000000000000000000000000
00000000000000000000000000000000000b231e088
0000000000000000000000000000000000000000000
0000000000000000000000000000000000000000000
0000000000009394f80000000000000000000000000
00000000000000000000000000000000000b3b36088
0000000000000000000000000000000000000000000
0000000000000000000000000000000000000000000
0000000000009495b80000000000000000000000000
00000000000000000000000000000000000b534e088
0000000000000000000000000000000000000000000
0000000000000000000000000000000000000000000
0000000000009616d80000000000000000000000000
0000000000000000000000000000000000000000000
0000000000000000000000000000000000000000000
0000000000000000000000000000000000000000000
0000000000009717980000000000000000000000000
0000000000000000000000000000000000000000000
0000000000000000000000000000000000000000000
0000000000000000000000000000000000000000000
0000000000009818580000000000000000000000000
0000000000000000000000000000000000000000000
0000000000000000000000000000000000000000000
0000000000000000000000000000000000000000000
00000000000099191837c0b78400000000000000000
0000000000000000003640360400000000000000000
0000000000000000003ac1ba8400000000000000000
0000000000000000003941390400000000000000000
0000000000009a19d80000000000000000000000000
0000000000000000002c82ec4400000000000000000
0000000000000000002e006dc400000000000000000
0000000000000000002f80ef4400000000000000000
0000000000009b1a98310170c400000000000000000
0000000000000000003281f24400000000000000000
000000000000000000340273c400000000000000000
0000000000000000003582f54400000000000000000
000000000000000000370076c4000000000aceca088
0000000000000000003880f84400000000000000000
0000000000000000003a0179c400000000000000000
0000000000000000000000000000000000000000000
00000000000000000000000000000000000ae6e2088
0000000000000000000000000000000000000000000
0000000000000000000000000000000000000000000
0000000000000000000000000000000000000000000
00000000000000000000000000000000000afefa088
0000000000000000000000000000000000000000000
0000000000000000000000000000000000000000000
0000000000000000000000000000000000000000000
00000000000000000000000000000000000b1712088
0000000000000000000000000000000000000000000
0000000000000000000000000000000000000000000
0000000000000000000000000000000000000000000
00000000000000000000000000000000000b2f2a088
0000000000000000000000000000000000000000000
0000000000000000000000000000000000000000000
0000000000000000000000000000000000000000000
00000000000000000000000000000000000b4742088
0000000000000000000000000000000000000000000
0000000000000000000000000000000000000000000
0002e83a60009596780000000000000000000000000
0002ea3be00000000000000000000000000b5f5a088
0002ec3d60000000000000000000000000000000000
0002ee3ee0000000000000000000000000000000000
0002f04060009697380000000000000000000000000
0002f443600000000000000000000000000b6b66088
0002f241e0000000000000000000000000000000000
0002f644e0000000000000000000000000000000000
0002f84660009797f80000000000000000000000000
0002fa47e00000000000000000000000000b7772088
0002fc4960000000000000000000000000000000000
0002fe4ae0000000000000000000000000000000000
0000000000009898b80000000000000000000000000
00000000000000000000000000000000000b837e088
0000000000000000000000000000000000000000000
0000000000000000000000000000000000000000000
0000000000009999780000000000000000000000000
00000000000000000000000000000000000b8f8a088
0000000000000000000000000000000000000000000
0000000000000000000000000000000000000000000
0000000000009a9a380000000000000000000000000
00000000000000000000000000000000000b9b96088
0000000000000000000000000000000000000000000
0000000000000000000000000000000000000000000
0003004c60009b9af80000000000000000000000000
0003024de00000000000000000000000000ba7a2088
0003044f60000000000000000000000000000000000
00030650e0000000000000000000000000000000000
0003085260009c1b580000000000000000000000000
00030a53e00000000000000000000000000bb3ae088
00030c5560000000000000000000000000000000000
00030e56e0000000000000000000000000000000000
0003105860009c9bb80000000000000000000000000
00031259e0000000000000000000000000000000000
0003145b60000000000000000000000000000000000
0003165ce0000000000000000000000000000000000
0000000000009d1c180000000000000000000000000
0000000000000000000000000000000000000000000
0000000000000000000000000000000000000000000
0000000000000000000000000000000000000000000
0000000000009d9c780000000000000000000000000
0000000000000000000000000000000000000000000
0000000000000000000000000000000000000000000
0000000000000000000000000000000000000000000
0000000000009e1cd83c423c0400000000000000000
0000000000000000003dc2bd8400000000000000000
0000000000000000003f403f0400000000000000000
00000000000000000003c0838400000000000000000
0000000000009e9d380541050400000000000000000
00000000000000000006c1868400000000000000000
0000000000000000000842080400000000000000000
00000000000000000009c2898400000000000000000
0000000000009f1d9800000000000000000bcbc6088
0000000000000000003b81fb4400000000000000000
0000000000000000003d027cc400000000000000000
0000000000000000000000000000000000000000000
00000000000000000000000000000000000be3de088
0000000000000000000000000000000000000000000
0000000000000000000000000000000000000000000
0000000000000000000000000000000000000000000
00000000000000000000000000000000000bbfba088
0000000000000000000000000000000000000000000
0000000000000000000000000000000000000000000
0000000000000000000000000000000000000000000
00000000000000000000000000000000000bd7d2088
0000000000000000000000000000000000000000000
0000000000000000000000000000000000000000000
0000000000000000000000000000000000000000000
00000000000000000000000000000000000bfbf6088
0000000000000000000000000000000000000000000
0000000000000000000000000000000000000000000
0000000000000000000000000000000000000000000
000000000000000000000000000000000008403e088
0000000000000000000000000000000000000000000
0000000000000000000000000000000000000000000
000000000000a01e580000000000000000000000000
0000000000000000000000000000000000085856088
0000000000000000000000000000000000000000000
0000000000000000000000000000000000000000000
000000000000a11f180000000000000000000000000
000000000000000000000000000000000008706e088
0000000000000000000000000000000000000000000
0000000000000000000000000000000000000000000
0000000000009f9df80000000000000000000000000
0000000000000000000000000000000000088886088
0000000000000000000000000000000000000000000
0000000000000000000000000000000000000000000
000000000000a09eb80000000000000000000000000
000000000000000000000000000000000008a09e088
0000000000000000000000000000000000000000000
0000000000000000000000000000000000000000000
000000000000a21fd80000000000000000000000000
0000000000000000000000000000000000000000000
0000000000000000000000000000000000000000000
0000000000000000000000000000000000000000000
000000000000a302180000000000000000000000000
0000000000000000000000000000000000000000000
0000000000000000000000000000000000000000000
0000000000000000000000000000000000000000000
000000000000a402d80000000000000000000000000
0000000000000000000000000000000000000000000
0000000000000000000000000000000000000000000
0000000000000000000000000000000000000000000
000000000000a503980cc08c8400000000000000000
0000000000000000000b400b0400000000000000000
0000000000000000000fc18f8400000000000000000
0000000000000000000e410e0400000000000000000
000000000000a604580000000000000000000000000
0000000000000000003e82fe4400000000000000000
00000000000000000003007fc400000000000000000
0000000000000000000480c44400000000000000000
000000000000a70518060145c400000000000000000
0000000000000000000781c74400000000000000000
000000000000000000090248c400000000000000000
0000000000000000000a82ca4400000000000000000
0000000000000000000c004bc4000000000befea088
0000000000000000000d80cd4400000000000000000
0000000000000000000f014ec400000000000000000
0000000000000000000000000000000000000000000
0000000000000000000000000000000000083432088
0000000000000000000000000000000000000000000
0000000000000000000000000000000000000000000
0000000000000000000000000000000000000000000
0000000000000000000000000000000000084c4a088
0000000000000000000000000000000000000000000
0000000000000000000000000000000000000000000
0000000000000000000000000000000000000000000
0000000000000000000000000000000000086462088
0000000000000000000000000000000000000000000
0000000000000000000000000000000000000000000
0000000000000000000000000000000000000000000
0000000000000000000000000000000000087c7a088
0000000000000000000000000000000000000000000
0000000000000000000000000000000000000000000
0000000000000000000000000000000000000000000
0000000000000000000000000000000000089492088
0000000000000000000000000000000000000000000
0000000000000000000000000000000000000000000
0003185e6000a19f780000000000000000000000000
00031a5fe000000000000000000000000008acaa088
00031c6160000000000000000000000000000000000
00031e62e0000000000000000000000000000000000
000320646000a281b80000000000000000000000000
000324676000000000000000000000000008b8b6088
00032265e0000000000000000000000000000000000
00032668e0000000000000000000000000000000000
0003286a6000a382780000000000000000000000000
00032a6be000000000000000000000000008c4c2088
00032c6d60000000000000000000000000000000000
00032e6ee0000000000000000000000000000000000
000000000000a483380000000000000000000000000
000000000000000000000000000000000008d0ce088
0000000000000000000000000000000000000000000
0000000000000000000000000000000000000000000
000000000000a583f80000000000000000000000000
000000000000000000000000000000000008dcda088
0000000000000000000000000000000000000000000
0000000000000000000000000000000000000000000
000000000000a684b80000000000000000000000000
000000000000000000000000000000000008e8e6088
0000000000000000000000000000000000000000000
0000000000000000000000000000000000000000000
000330706000a785780000000000000000000000000
00033271e000000000000000000000000008f4f2088
0003347360000000000000000000000000000000000
00033674e0000000000000000000000000000000000
000338766000a805d80000000000000000000000000
00033a77e00000000000000000000000000900fe088
00033c7960000000000000000000000000000000000
00033e7ae0000000000000000000000000000000000
0003407c6000a886380000000000000000000000000
0003427de0000000000000000000000000000000000
0003447f60000000000000000000000000000000000
00034606e0000000000000000000000000000000000
000000000000a906980000000000000000000000000
0000000000000000000000000000000000000000000
0000000000000000000000000000000000000000000
0000000000000000000000000000000000000000000
000000000000a986f80000000000000000000000000
0000000000000000000000000000000000000000000
0000000000000000000000000000000000000000000
0000000000000000000000000000000000000000000
000000000000aa07581142110400000000000000000
00000000000000000012c2928400000000000000000
0000000000000000001440140400000000000000000
00000000000000000015c0958400000000000000000
000000000000aa87b81741170400000000000000000
00000000000000000018c1988400000000000000000
0000000000000000001a421a0400000000000000000
0000000000000000001bc29b8400000000000000000
000000000000ab08180000000000000000091916088
0000000000000000001081d04400000000000000000
000000000000000000120251c400000000000000000
0000000000000000000000000000000000000000000
000000000000000000000000000000000009312e088
0000000000000000000000000000000000000000000
0000000000000000000000000000000000000000000
0000000000000000000000000000000000000000000
0000000000000000000000000000000000090d0a088
0000000000000000000000000000000000000000000
0000000000000000000000000000000000000000000
0000000000000000000000000000000000000000000
0000000000000000000000000000000000092522088
0000000000000000000000000000000000000000000
0000000000000000000000000000000000000000000
0000000000000000000000000000000000000000000
0000000000000000000000000000000000094946088
0000000000000000000000000000000000000000000
0000000000000000000000000000000000000000000
0000000000000000000000000000000000000000000
000000000000000000000000000000000009615e088
0000000000000000000000000000000000000000000
0000000000000000000000000000000000000000000
000000000000ac08d80000000000000000000000000
0000000000000000000000000000000000097976088
0000000000000000000000000000000000000000000
0000000000000000000000000000000000000000000
000000000000ad09980000000000000000000000000
000000000000000000000000000000000009918e088
0000000000000000000000000000000000000000000
0000000000000000000000000000000000000000000
000000000000ab88780000000000000000000000000
000000000000000000000000000000000009a9a6088
0000000000000000000000000000000000000000000
0000000000000000000000000000000000000000000
000000000000ac89380000000000000000000000000
000000000000000000000000000000000009c1be088
0000000000000000000000000000000000000000000
0000000000000000000000000000000000000000000
000000000000ae0a580000000000000000000000000
0000000000000000000000000000000000000000000
0000000000000000000000000000000000000000000
0000000000000000000000000000000000000000000
000000000000af0b180000000000000000000000000
0000000000000000000000000000000000000000000
0000000000000000000000000000000000000000000
0000000000000000000000000000000000000000000
000000000000b00bd80000000000000000000000000
0000000000000000000000000000000000000000000
0000000000000000000000000000000000000000000
0000000000000000000000000000000000000000000
000000000000b10c981ec09e8400000000000000000
0000000000000000001d401d0400000000000000000
00000000000000000021c1a18400000000000000000
0000000000000000002041200400000000000000000
000000000000b20d580000000000000000000000000
0000000000000000001382d34400000000000000000
000000000000000000150054c400000000000000000
0000000000000000001680d64400000000000000000
000000000000b30e18180157c400000000000000000
0000000000000000001981d94400000000000000000
0000000000000000001b025ac400000000000000000
0000000000000000001c82dc4400000000000000000
0000000000000000001e005dc400000000093d3a088
0000000000000000001f80df4400000000000000000
000000000000000000210160c400000000000000000
0000000000000000000000000000000000000000000
0000000000000000000000000000000000095552088
0000000000000000000000000000000000000000000
0000000000000000000000000000000000000000000
0000000000000000000000000000000000000000000
0000000000000000000000000000000000096d6a088
0000000000000000000000000000000000000000000
0000000000000000000000000000000000000000000
0000000000000000000000000000000000000000000
0000000000000000000000000000000000098582088
0000000000000000000000000000000000000000000
0000000000000000000000000000000000000000000
0000000000000000000000000000000000000000000
0000000000000000000000000000000000099d9a088
0000000000000000000000000000000000000000000
0000000000000000000000000000000000000000000
0000000000000000000000000000000000000000000
000000000000000000000000000000000009b5b2088
0000000000000000000000000000000000000000000
0000000000000000000000000000000000000000000
000348086000ad89f80000000000000000000000000
00034a09e000000000000000000000000009cdca088
00034c0b60000000000000000000000000000000000
00034e0ce0000000000000000000000000000000000
0003500e6000ae8ab80000000000000000000000000
000354116000000000000000000000000009d9d6088
0003520fe0000000000000000000000000000000000
00035612e0000000000000000000000000000000000
000358146000af8b780000000000000000000000000
00035a15e000000000000000000000000009e5e2088
00035c1760000000000000000000000000000000000
00035e18e0000000000000000000000000000000000
000000000000b08c380000000000000000000000000
000000000000000000000000000000000009f1ee088
0000000000000000000000000000000000000000000
0000000000000000000000000000000000000000000
000000000000b18cf80000000000000000000000000
000000000000000000000000000000000009fdfa088
0000000000000000000000000000000000000000000
0000000000000000000000000000000000000000000
000000000000b28db80000000000000000000000000
00000000000000000000000000000000000a0a06088
0000000000000000000000000000000000000000000
0000000000000000000000000000000000000000000
0003601a6000b38e780000000000000000000000000
0003621be00000000000000000000000000a1612088
0003641d60000000000000000000000000000000000
0003661ee0000000000000000000000000000000000
000368206000b40ed80000000000000000000000000
00036a21e00000000000000000000000000a221e088
00036c2360000000000000000000000000000000000
00036e24e0000000000000000000000000000000000
000370266000b48f380000000000000000000000000
00037227e0000000000000000000000000000000000
0003742960000000000000000000000000000000000
0003762ae0000000000000000000000000000000000
000000000000b50f980000000000000000000000000
0000000000000000000000000000000000000000000
0000000000000000000000000000000000000000000
0000000000000000000000000000000000000000000
000000000000b58ff80000000000000000000000000
0000000000000000000000000000000000000000000
0000000000000000000000000000000000000000000
0000000000000000000000000000000000000000000
000000000000b610582342230400000000000000000
00000000000000000024c2a48400000000000000000
0000000000000000002640260400000000000000000
00000000000000000027c0a78400000000000000000
000000000000b690b82941290400000000000000000
0000000000000000002ac1aa8400000000000000000
0000000000000000002c422c0400000000000000000
0000000000000000002dc2ad8400000000000000000
000000000000b7111800000000000000000a3a36088
0000000000000000002281e24400000000000000000
000000000000000000240263c400000000000000000
0000000000000000000000000000000000000000000
00000000000000000000000000000000000a524e088
0000000000000000000000000000000000000000000
0000000000000000000000000000000000000000000
0000000000000000000000000000000000000000000
00000000000000000000000000000000000a2e2a088
0000000000000000000000000000000000000000000
0000000000000000000000000000000000000000000
0000000000000000000000000000000000000000000
00000000000000000000000000000000000a4642088
0000000000000000000000000000000000000000000
0000000000000000000000000000000000000000000
0000000000000000000000000000000000000000000
00000000000000000000000000000000000a6a66088
0000000000000000000000000000000000000000000
0000000000000000000000000000000000000000000
0000000000000000000000000000000000000000000
00000000000000000000000000000000000a827e088
0000000000000000000000000000000000000000000
0000000000000000000000000000000000000000000
000000000000b811d80000000000000000000000000
00000000000000000000000000000000000a9a96088
0000000000000000000000000000000000000000000
0000000000000000000000000000000000000000000
000000000000b912980000000000000000000000000
00000000000000000000000000000000000ab2ae088
0000000000000000000000000000000000000000000
0000000000000000000000000000000000000000000
000000000000b791780000000000000000000000000
00000000000000000000000000000000000acac6088
0000000000000000000000000000000000000000000
0000000000000000000000000000000000000000000
000000000000b892380000000000000000000000000
00000000000000000000000000000000000ae2de088
0000000000000000000000000000000000000000000
0000000000000000000000000000000000000000000
000000000000ba13580000000000000000000000000
0000000000000000000000000000000000000000000
0000000000000000000000000000000000000000000
0000000000000000000000000000000000000000000
000000000000bb14180000000000000000000000000
0000000000000000000000000000000000000000000
0000000000000000000000000000000000000000000
0000000000000000000000000000000000000000000
000000000000bc14d80000000000000000000000000
0000000000000000000000000000000000000000000
0000000000000000000000000000000000000000000
0000000000000000000000000000000000000000000
000000000000bd159830c0b08400000000000000000
0000000000000000002f402f0400000000000000000
00000000000000000033c1b38400000000000000000
0000000000000000003241320400000000000000000
000000000000be16580000000000000000000000000
0000000000000000002582e54400000000000000000
000000000000000000270066c400000000000000000
0000000000000000002880e84400000000000000000
000000000000bf17182a0169c400000000000000000
0000000000000000002b81eb4400000000000000000
0000000000000000002d026cc400000000000000000
0000000000000000002e82ee4400000000000000000
00000000000000000030006fc4000000000a5e5a088
0000000000000000003180f14400000000000000000
000000000000000000330172c400000000000000000
0000000000000000000000000000000000000000000
00000000000000000000000000000000000a7672088
0000000000000000000000000000000000000000000
0000000000000000000000000000000000000000000
0000000000000000000000000000000000000000000
00000000000000000000000000000000000a8e8a088
0000000000000000000000000000000000000000000
0000000000000000000000000000000000000000000
0000000000000000000000000000000000000000000
00000000000000000000000000000000000aa6a2088
0000000000000000000000000000000000000000000
0000000000000000000000000000000000000000000
0000000000000000000000000000000000000000000
00000000000000000000000000000000000abeba088
0000000000000000000000000000000000000000000
0000000000000000000000000000000000000000000
0000000000000000000000000000000000000000000
00000000000000000000000000000000000ad6d2088
0000000000000000000000000000000000000000000
0000000000000000000000000000000000000000000
0003782c6000b992f80000000000000000000000000
00037a2de00000000000000000000000000aeeea088
00037c2f60000000000000000000000000000000000
00037e30e0000000000000000000000000000000000
000380326000ba93b80000000000000000000000000
00038435600000000000000000000000000afaf6088
00038233e0000000000000000000000000000000000
00038636e0000000000000000000000000000000000
000388386000bb94780000000000000000000000000
00038a39e00000000000000000000000000b0702088
00038c3b60000000000000000000000000000000000
00038e3ce0000000000000000000000000000000000
000000000000bc95380000000000000000000000000
00000000000000000000000000000000000b130e088
0000000000000000000000000000000000000000000
0000000000000000000000000000000000000000000
000000000000bd95f80000000000000000000000000
00000000000000000000000000000000000b1f1a088
0000000000000000000000000000000000000000000
0000000000000000000000000000000000000000000
000000000000be96b80000000000000000000000000
00000000000000000000000000000000000b2b26088
0000000000000000000000000000000000000000000
0000000000000000000000000000000000000000000
0003903e6000bf97780000000000000000000000000
0003923fe00000000000000000000000000b3732088
0003944160000000000000000000000000000000000
00039642e0000000000000000000000000000000000
000398446000c017d80000000000000000000000000
00039a45e00000000000000000000000000b433e088
00039c4760000000000000000000000000000000000
00039e48e0000000000000000000000000000000000
0003a04a6000c098380000000000000000000000000
0003a24be0000000000000000000000000000000000
0003a44d60000000000000000000000000000000000
0003a64ee0000000000000000000000000000000000
000000000000c118980000000000000000000000000
0000000000000000000000000000000000000000000
0000000000000000000000000000000000000000000
0000000000000000000000000000000000000000000
000000000000c198f80000000000000000000000000
0000000000000000000000000000000000000000000
0000000000000000000000000000000000000000000
0000000000000000000000000000000000000000000
000000000000c219583542350400000000000000000
00000000000000000036c2b68400000000000000000
0000000000000000003840380400000000000000000
00000000000000000039c0b98400000000000000000
000000000000c299b83b413b0400000000000000000
0000000000000000003cc1bc8400000000000000000
0000000000000000003e423e0400000000000000000
0000000000000000003fc2bf8400000000000000000
000000000000c31a1800000000000000000b5b56088
0000000000000000003481f44400000000000000000
000000000000000000360275c400000000000000000
0000000000000000000000000000000000000000000
00000000000000000000000000000000000b736e088
0000000000000000000000000000000000000000000
0000000000000000000000000000000000000000000
0000000000000000000000000000000000000000000
00000000000000000000000000000000000b4f4a088
0000000000000000000000000000000000000000000
0000000000000000000000000000000000000000000
0000000000000000000000000000000000000000000
00000000000000000000000000000000000b6762088
0000000000000000000000000000000000000000000
0000000000000000000000000000000000000000000
0000000000000000000000000000000000000000000
00000000000000000000000000000000000b8b86088
0000000000000000000000000000000000000000000
0000000000000000000000000000000000000000000
0000000000000000000000000000000000000000000
00000000000000000000000000000000000ba39e088
0000000000000000000000000000000000000000000
0000000000000000000000000000000000000000000
000000000000c41ad80000000000000000000000000
00000000000000000000000000000000000bbbb6088
0000000000000000000000000000000000000000000
0000000000000000000000000000000000000000000
000000000000c51b980000000000000000000000000
00000000000000000000000000000000000bd3ce088
0000000000000000000000000000000000000000000
0000000000000000000000000000000000000000000
000000000000c39a780000000000000000000000000
00000000000000000000000000000000000bebe6088
0000000000000000000000000000000000000000000
0000000000000000000000000000000000000000000
000000000000c49b380000000000000000000000000
00000000000000000000000000000000000833fe088
0000000000000000000000000000000000000000000
0000000000000000000000000000000000000000000
000000000000c61c580000000000000000000000000
0000000000000000000000000000000000000000000
0000000000000000000000000000000000000000000
0000000000000000000000000000000000000000000
000000000000c71d180000000000000000000000000
0000000000000000000000000000000000000000000
0000000000000000000000000000000000000000000
0000000000000000000000000000000000000000000
000000000000c81dd80000000000000000000000000
0000000000000000000000000000000000000000000
0000000000000000000000000000000000000000000
0000000000000000000000000000000000000000000
000000000000c91e9805c0858400000000000000000
0000000000000000000440040400000000000000000
00000000000000000008c1888400000000000000000
0000000000000000000741070400000000000000000
000000000000ca1f580000000000000000000000000
0000000000000000003782f74400000000000000000
000000000000000000390078c400000000000000000
0000000000000000003a80fa4400000000000000000
000000000000cb01983c017bc400000000000000000
0000000000000000003d81fd4400000000000000000
0000000000000000003f027ec400000000000000000
0000000000000000000382c34400000000000000000
000000000000000000050044c4000000000b7f7a088
0000000000000000000680c64400000000000000000
000000000000000000080147c400000000000000000
0000000000000000000000000000000000000000000
00000000000000000000000000000000000b9792088
0000000000000000000000000000000000000000000
0000000000000000000000000000000000000000000
0000000000000000000000000000000000000000000
00000000000000000000000000000000000bafaa088
0000000000000000000000000000000000000000000
0000000000000000000000000000000000000000000
0000000000000000000000000000000000000000000
00000000000000000000000000000000000bc7c2088
0000000000000000000000000000000000000000000
0000000000000000000000000000000000000000000
0000000000000000000000000000000000000000000
00000000000000000000000000000000000bdfda088
0000000000000000000000000000000000000000000
0000000000000000000000000000000000000000000
0000000000000000000000000000000000000000000
00000000000000000000000000000000000bf7f2088
0000000000000000000000000000000000000000000
0000000000000000000000000000000000000000000
0003a8506000c59bf80000000000000000000000000
0003aa51e0000000000000000000000000083c3a088
0003ac5360000000000000000000000000000000000
0003ae54e0000000000000000000000000000000000
0003b0566000c69cb80000000000000000000000000
0003b45960000000000000000000000000084846088
0003b257e0000000000000000000000000000000000
0003b65ae0000000000000000000000000000000000
0003b85c6000c79d780000000000000000000000000
0003ba5de0000000000000000000000000085452088
0003bc5f60000000000000000000000000000000000
0003be60e0000000000000000000000000000000000
000000000000c89e380000000000000000000000000
000000000000000000000000000000000008605e088
0000000000000000000000000000000000000000000
0000000000000000000000000000000000000000000
000000000000c99ef80000000000000000000000000
0000000000000000000000000000000000086c6a088
0000000000000000000000000000000000000000000
0000000000000000000000000000000000000000000
000000000000ca9fb80000000000000000000000000
0000000000000000000000000000000000087876088
0000000000000000000000000000000000000000000
0000000000000000000000000000000000000000000
0003c0626000cb81f80000000000000000000000000
0003c263e0000000000000000000000000088482088
0003c46560000000000000000000000000000000000
0003c666e0000000000000000000000000000000000
0003c8686000cc02580000000000000000000000000
0003ca69e000000000000000000000000008908e088
0003cc6b60000000000000000000000000000000000
0003ce6ce0000000000000000000000000000000000
0003d06e6000cc82b80000000000000000000000000
0003d26fe0000000000000000000000000000000000
0003d47160000000000000000000000000000000000
0003d672e0000000000000000000000000000000000
000000000000cd03180000000000000000000000000
0000000000000000000000000000000000000000000
0000000000000000000000000000000000000000000
0000000000000000000000000000000000000000000
000000000000cd83780000000000000000000000000
0000000000000000000000000000000000000000000
0000000000000000000000000000000000000000000
0000000000000000000000000000000000000000000
000000000000ce03d80a420a0400000000000000000
0000000000000000000bc28b8400000000000000000
0000000000000000000d400d0400000000000000000
0000000000000000000ec08e8400000000000000000
000000000000ce84381041100400000000000000000
00000000000000000011c1918400000000000000000
0000000000000000001342130400000000000000000
00000000000000000014c2948400000000000000000
000000000000cf0498000000000000000008a8a6088
0000000000000000000981c94400000000000000000
0000000000000000000b024ac400000000000000000
0000000000000000000000000000000000000000000
000000000000000000000000000000000008c0be088
0000000000000000000000000000000000000000000
0000000000000000000000000000000000000000000
0000000000000000000000000000000000000000000
0000000000000000000000000000000000089c9a088
0000000000000000000000000000000000000000000
0000000000000000000000000000000000000000000
0000000000000000000000000000000000000000000
000000000000000000000000000000000008b4b2088
0000000000000000000000000000000000000000000
0000000000000000000000000000000000000000000
0000000000000000000000000000000000000000000
000000000000000000000000000000000008d8d6088
0000000000000000000000000000000000000000000
0000000000000000000000000000000000000000000
0000000000000000000000000000000000000000000
000000000000000000000000000000000008f0ee088
0000000000000000000000000000000000000000000
0000000000000000000000000000000000000000000
000000000000d005580000000000000000000000000
0000000000000000000000000000000000090906088
0000000000000000000000000000000000000000000
0000000000000000000000000000000000000000000
000000000000d106180000000000000000000000000
000000000000000000000000000000000009211e088
0000000000000000000000000000000000000000000
0000000000000000000000000000000000000000000
000000000000cf84f80000000000000000000000000
0000000000000000000000000000000000093936088
0000000000000000000000000000000000000000000
0000000000000000000000000000000000000000000
000000000000d085b80000000000000000000000000
000000000000000000000000000000000009514e088
0000000000000000000000000000000000000000000
0000000000000000000000000000000000000000000
000000000000d206d80000000000000000000000000
0000000000000000000000000000000000000000000
0000000000000000000000000000000000000000000
0000000000000000000000000000000000000000000
000000000000d307980000000000000000000000000
0000000000000000000000000000000000000000000
0000000000000000000000000000000000000000000
0000000000000000000000000000000000000000000
000000000000d408580000000000000000000000000
0000000000000000000000000000000000000000000
0000000000000000000000000000000000000000000
0000000000000000000000000000000000000000000
000000000000d5091817c0978400000000000000000
0000000000000000001640160400000000000000000
0000000000000000001ac19a8400000000000000000
0000000000000000001941190400000000000000000
000000000000d609d80000000000000000000000000
0000000000000000000c82cc4400000000000000000
0000000000000000000e004dc400000000000000000
0000000000000000000f80cf4400000000000000000
000000000000d70a98110150c400000000000000000
0000000000000000001281d24400000000000000000
000000000000000000140253c400000000000000000
0000000000000000001582d54400000000000000000
000000000000000000170056c40000000008ccca088
0000000000000000001880d84400000000000000000
0000000000000000001a0159c400000000000000000
0000000000000000000000000000000000000000000
000000000000000000000000000000000008e4e2088
0000000000000000000000000000000000000000000
0000000000000000000000000000000000000000000
0000000000000000000000000000000000000000000
000000000000000000000000000000000008fcfa088
0000000000000000000000000000000000000000000
0000000000000000000000000000000000000000000
0000000000000000000000000000000000000000000
0000000000000000000000000000000000091512088
0000000000000000000000000000000000000000000
0000000000000000000000000000000000000000000
0000000000000000000000000000000000000000000
0000000000000000000000000000000000092d2a088
0000000000000000000000000000000000000000000
0000000000000000000000000000000000000000000
0000000000000000000000000000000000000000000
0000000000000000000000000000000000094542088
0000000000000000000000000000000000000000000
0000000000000000000000000000000000000000000
0003d8746000d186780000000000000000000000000
0003da75e0000000000000000000000000095d5a088
0003dc7760000000000000000000000000000000000
0003de78e0000000000000000000000000000000000
0003e07a6000d287380000000000000000000000000
0003e47d60000000000000000000000000096966088
0003e27be0000000000000000000000000000000000
0003e67ee0000000000000000000000000000000000
0003e8066000d387f80000000000000000000000000
0003ea07e0000000000000000000000000097572088
0003ec0960000000000000000000000000000000000
0003ee0ae0000000000000000000000000000000000
000000000000d488b80000000000000000000000000
000000000000000000000000000000000009817e088
0000000000000000000000000000000000000000000
0000000000000000000000000000000000000000000
000000000000d589780000000000000000000000000
0000000000000000000000000000000000098d8a088
0000000000000000000000000000000000000000000
0000000000000000000000000000000000000000000
000000000000d68a380000000000000000000000000
0000000000000000000000000000000000099996088
0000000000000000000000000000000000000000000
0000000000000000000000000000000000000000000
0003f00c6000d78af80000000000000000000000000
0003f20de000000000000000000000000009a5a2088
0003f40f60000000000000000000000000000000000
0003f610e0000000000000000000000000000000000
0003f8126000d80b580000000000000000000000000
0003fa13e000000000000000000000000009b1ae088
0003fc1560000000000000000000000000000000000
0003fe16e0000000000000000000000000000000000
000400186000d88bb80000000000000000000000000
00040219e0000000000000000000000000000000000
0004041b60000000000000000000000000000000000
0004061ce0000000000000000000000000000000000
000000000000d90c180000000000000000000000000
0000000000000000000000000000000000000000000
0000000000000000000000000000000000000000000
0000000000000000000000000000000000000000000
000000000000d98c780000000000000000000000000
0000000000000000000000000000000000000000000
0000000000000000000000000000000000000000000
0000000000000000000000000000000000000000000
000000000000da0cd81c421c0400000000000000000
0000000000000000001dc29d8400000000000000000
0000000000000000001f401f0400000000000000000
00000000000000000020c0a08400000000000000000
000000000000da8d382241220400000000000000000
00000000000000000023c1a38400000000000000000
0000000000000000002542250400000000000000000
00000000000000000026c2a68400000000000000000
000000000000db0d98000000000000000009c9c6088
0000000000000000001b81db4400000000000000000
0000000000000000001d025cc400000000000000000
0000000000000000000000000000000000000000000
000000000000000000000000000000000009e1de088
0000000000000000000000000000000000000000000
0000000000000000000000000000000000000000000
0000000000000000000000000000000000000000000
000000000000000000000000000000000009bdba088
0000000000000000000000000000000000000000000
0000000000000000000000000000000000000000000
0000000000000000000000000000000000000000000
000000000000000000000000000000000009d5d2088
0000000000000000000000000000000000000000000
0000000000000000000000000000000000000000000
0000000000000000000000000000000000000000000
000000000000000000000000000000000009f9f6088
0000000000000000000000000000000000000000000
0000000000000000000000000000000000000000000
0000000000000000000000000000000000000000000
00000000000000000000000000000000000a120e088
0000000000000000000000000000000000000000000
0000000000000000000000000000000000000000000
000000000000dc0e580000000000000000000000000
00000000000000000000000000000000000a2a26088
0000000000000000000000000000000000000000000
0000000000000000000000000000000000000000000
000000000000dd0f180000000000000000000000000
00000000000000000000000000000000000a423e088
0000000000000000000000000000000000000000000
0000000000000000000000000000000000000000000
000000000000db8df80000000000000000000000000
00000000000000000000000000000000000a5a56088
0000000000000000000000000000000000000000000
0000000000000000000000000000000000000000000
000000000000dc8eb80000000000000000000000000
00000000000000000000000000000000000a726e088
0000000000000000000000000000000000000000000
0000000000000000000000000000000000000000000
000000000000de0fd80000000000000000000000000
0000000000000000000000000000000000000000000
0000000000000000000000000000000000000000000
0000000000000000000000000000000000000000000
000000000000df10980000000000000000000000000
0000000000000000000000000000000000000000000
0000000000000000000000000000000000000000000
0000000000000000000000000000000000000000000
000000000000e011580000000000000000000000000
0000000000000000000000000000000000000000000
0000000000000000000000000000000000000000000
0000000000000000000000000000000000000000000
000000000000e1121829c0a98400000000000000000
0000000000000000002840280400000000000000000
0000000000000000002cc1ac8400000000000000000
0000000000000000002b412b0400000000000000000
000000000000e212d80000000000000000000000000
0000000000000000001e82de4400000000000000000
00000000000000000020005fc400000000000000000
0000000000000000002180e14400000000000000000
000000000000e31398230162c400000000000000000
0000000000000000002481e44400000000000000000
000000000000000000260265c400000000000000000
0000000000000000002782e74400000000000000000
000000000000000000290068c40000000009edea088
0000000000000000002a80ea4400000000000000000
0000000000000000002c016bc400000000000000000
0000000000000000000000000000000000000000000
00000000000000000000000000000000000a0602088
0000000000000000000000000000000000000000000
0000000000000000000000000000000000000000000
0000000000000000000000000000000000000000000
00000000000000000000000000000000000a1e1a088
0000000000000000000000000000000000000000000
0000000000000000000000000000000000000000000
0000000000000000000000000000000000000000000
00000000000000000000000000000000000a3632088
0000000000000000000000000000000000000000000
0000000000000000000000000000000000000000000
0000000000000000000000000000000000000000000
00000000000000000000000000000000000a4e4a088
0000000000000000000000000000000000000000000
0000000000000000000000000000000000000000000
0000000000000000000000000000000000000000000
00000000000000000000000000000000000a6662088
0000000000000000000000000000000000000000000
0000000000000000000000000000000000000000000
0004081e6000dd8f780000000000000000000000000
00040a1fe00000000000000000000000000a7e7a088
00040c2160000000000000000000000000000000000
00040e22e0000000000000000000000000000000000
000410246000de90380000000000000000000000000
00041427600000000000000000000000000a8a86088
00041225e0000000000000000000000000000000000
00041628e0000000000000000000000000000000000
0004182a6000df90f80000000000000000000000000
00041a2be00000000000000000000000000a9692088
00041c2d60000000000000000000000000000000000
00041e2ee0000000000000000000000000000000000
000000000000e091b80000000000000000000000000
00000000000000000000000000000000000aa29e088
0000000000000000000000000000000000000000000
0000000000000000000000000000000000000000000
000000000000e192780000000000000000000000000
00000000000000000000000000000000000aaeaa088
0000000000000000000000000000000000000000000
0000000000000000000000000000000000000000000
000000000000e293380000000000000000000000000
00000000000000000000000000000000000abab6088
0000000000000000000000000000000000000000000
0000000000000000000000000000000000000000000
000420306000e393f80000000000000000000000000
00042231e00000000000000000000000000ac6c2088
0004243360000000000000000000000000000000000
00042634e0000000000000000000000000000000000
000428366000e414580000000000000000000000000
00042a37e00000000000000000000000000ad2ce088
00042c3960000000000000000000000000000000000
00042e3ae0000000000000000000000000000000000
0004303c6000e494b80000000000000000000000000
0004323de0000000000000000000000000000000000
0004343f60000000000000000000000000000000000
00043640e0000000000000000000000000000000000
000000000000e515180000000000000000000000000
0000000000000000000000000000000000000000000
0000000000000000000000000000000000000000000
0000000000000000000000000000000000000000000
000000000000e595780000000000000000000000000
0000000000000000000000000000000000000000000
0000000000000000000000000000000000000000000
0000000000000000000000000000000000000000000
000000000000e615d82e422e0400000000000000000
0000000000000000002fc2af8400000000000000000
0000000000000000003140310400000000000000000
00000000000000000032c0b28400000000000000000
000000000000e696383441340400000000000000000
00000000000000000035c1b58400000000000000000
0000000000000000003742370400000000000000000
00000000000000000038c2b88400000000000000000
000000000000e7169800000000000000000aeae6088
0000000000000000002d81ed4400000000000000000
0000000000000000002f026ec400000000000000000
0000000000000000000000000000000000000000000
00000000000000000000000000000000000b02fe088
0000000000000000000000000000000000000000000
0000000000000000000000000000000000000000000
0000000000000000000000000000000000000000000
00000000000000000000000000000000000adeda088
0000000000000000000000000000000000000000000
0000000000000000000000000000000000000000000
0000000000000000000000000000000000000000000
00000000000000000000000000000000000af6f2088
0000000000000000000000000000000000000000000
0000000000000000000000000000000000000000000
0000000000000000000000000000000000000000000
00000000000000000000000000000000000b1b16088
0000000000000000000000000000000000000000000
0000000000000000000000000000000000000000000
0000000000000000000000000000000000000000000
00000000000000000000000000000000000b332e088
0000000000000000000000000000000000000000000
0000000000000000000000000000000000000000000
000000000000e817580000000000000000000000000
00000000000000000000000000000000000b4b46088
0000000000000000000000000000000000000000000
0000000000000000000000000000000000000000000
000000000000e918180000000000000000000000000
00000000000000000000000000000000000b635e088
0000000000000000000000000000000000000000000
0000000000000000000000000000000000000000000
000000000000e796f80000000000000000000000000
00000000000000000000000000000000000b7b76088
0000000000000000000000000000000000000000000
0000000000000000000000000000000000000000000
000000000000e897b80000000000000000000000000
00000000000000000000000000000000000b938e088
0000000000000000000000000000000000000000000
0000000000000000000000000000000000000000000
000000000000ea18d80000000000000000000000000
0000000000000000000000000000000000000000000
0000000000000000000000000000000000000000000
0000000000000000000000000000000000000000000
000000000000eb19980000000000000000000000000
0000000000000000000000000000000000000000000
0000000000000000000000000000000000000000000
0000000000000000000000000000000000000000000
000000000000ec1a580000000000000000000000000
0000000000000000000000000000000000000000000
0000000000000000000000000000000000000000000
0000000000000000000000000000000000000000000
000000000000ed1b183bc0bb8400000000000000000
0000000000000000003a403a0400000000000000000
0000000000000000003ec1be8400000000000000000
0000000000000000003d413d0400000000000000000
000000000000ee1bd80000000000000000000000000
0000000000000000003082f04400000000000000000
000000000000000000320071c400000000000000000
0000000000000000003380f34400000000000000000
000000000000ef1c98350174c400000000000000000
0000000000000000003681f64400000000000000000
000000000000000000380277c400000000000000000
0000000000000000003982f94400000000000000000
0000000000000000003b007ac4000000000b0f0a088
0000000000000000003c80fc4400000000000000000
0000000000000000003e017dc400000000000000000
0000000000000000000000000000000000000000000
00000000000000000000000000000000000b2722088
0000000000000000000000000000000000000000000
0000000000000000000000000000000000000000000
0000000000000000000000000000000000000000000
00000000000000000000000000000000000b3f3a088
0000000000000000000000000000000000000000000
0000000000000000000000000000000000000000000
0000000000000000000000000000000000000000000
00000000000000000000000000000000000b5752088
0000000000000000000000000000000000000000000
0000000000000000000000000000000000000000000
0000000000000000000000000000000000000000000
00000000000000000000000000000000000b6f6a088
0000000000000000000000000000000000000000000
0000000000000000000000000000000000000000000
0000000000000000000000000000000000000000000
00000000000000000000000000000000000b8782088
0000000000000000000000000000000000000000000
0000000000000000000000000000000000000000000
000438426000e998780000000000000000000000000
00043a43e00000000000000000000000000b9f9a088
00043c4560000000000000000000000000000000000
00043e46e0000000000000000000000000000000000
000440486000ea99380000000000000000000000000
0004444b600000000000000000000000000baba6088
00044249e0000000000000000000000000000000000
0004464ce0000000000000000000000000000000000
0004484e6000eb99f80000000000000000000000000
00044a4fe00000000000000000000000000bb7b2088
00044c5160000000000000000000000000000000000
00044e52e0000000000000000000000000000000000
000000000000ec9ab80000000000000000000000000
00000000000000000000000000000000000bc3be088
0000000000000000000000000000000000000000000
0000000000000000000000000000000000000000000
000000000000ed9b780000000000000000000000000
00000000000000000000000000000000000bcfca088
0000000000000000000000000000000000000000000
0000000000000000000000000000000000000000000
000000000000ee9c380000000000000000000000000
00000000000000000000000000000000000bdbd6088
0000000000000000000000000000000000000000000
0000000000000000000000000000000000000000000
000450546000ef9cf80000000000000000000000000
00045255e00000000000000000000000000be7e2088
0004545760000000000000000000000000000000000
00045658e0000000000000000000000000000000000
0004585a6000f01d580000000000000000000000000
00045a5be00000000000000000000000000bf3ee088
00045c5d60000000000000000000000000000000000
00045e5ee0000000000000000000000000000000000
000460606000f09db80000000000000000000000000
00046261e0000000000000000000000000000000000
0004646360000000000000000000000000000000000
00046664e0000000000000000000000000000000000
000000000000f11e180000000000000000000000000
0000000000000000000000000000000000000000000
0000000000000000000000000000000000000000000
0000000000000000000000000000000000000000000
000000000000f19e780000000000000000000000000
0000000000000000000000000000000000000000000
0000000000000000000000000000000000000000000
0000000000000000000000000000000000000000000
000000000000f21ed80342030400000000000000000
00000000000000000004c2848400000000000000000
0000000000000000000640060400000000000000000
00000000000000000007c0878400000000000000000
000000000000f29f380941090400000000000000000
0000000000000000000ac18a8400000000000000000
0000000000000000000c420c0400000000000000000
0000000000000000000dc28d8400000000000000000
000000000000f31f980000000000000000083836088
0000000000000000003f81ff4400000000000000000
000000000000000000040243c400000000000000000
0000000000000000000000000000000000000000000
000000000000000000000000000000000008504e088
0000000000000000000000000000000000000000000
0000000000000000000000000000000000000000000
0000000000000000000000000000000000000000000
00000000000000000000000000000000000bfffa088
0000000000000000000000000000000000000000000
0000000000000000000000000000000000000000000
0000000000000000000000000000000000000000000
0000000000000000000000000000000000084442088
0000000000000000000000000000000000000000000
0000000000000000000000000000000000000000000
0000000000000000000000000000000000000000000
0000000000000000000000000000000000086866088
0000000000000000000000000000000000000000000
0000000000000000000000000000000000000000000
0000000000000000000000000000000000000000000
000000000000000000000000000000000008807e088
0000000000000000000000000000000000000000000
0000000000000000000000000000000000000000000
000000000000f401d80000000000000000000000000
0000000000000000000000000000000000089896088
0000000000000000000000000000000000000000000
0000000000000000000000000000000000000000000
000000000000f502980000000000000000000000000
000000000000000000000000000000000008b0ae088
0000000000000000000000000000000000000000000
0000000000000000000000000000000000000000000
000000000000f39ff80000000000000000000000000
000000000000000000000000000000000008c8c6088
0000000000000000000000000000000000000000000
0000000000000000000000000000000000000000000
000000000000f482380000000000000000000000000
000000000000000000000000000000000008e0de088
0000000000000000000000000000000000000000000
0000000000000000000000000000000000000000000
000000000000f603580000000000000000000000000
0000000000000000000000000000000000000000000
0000000000000000000000000000000000000000000
0000000000000000000000000000000000000000000
000000000000f704180000000000000000000000000
0000000000000000000000000000000000000000000
0000000000000000000000000000000000000000000
0000000000000000000000000000000000000000000
000000000000f804d80000000000000000000000000
0000000000000000000000000000000000000000000
0000000000000000000000000000000000000000000
0000000000000000000000000000000000000000000
000000000000f9059810c0908400000000000000000
0000000000000000000f400f0400000000000000000
00000000000000000013c1938400000000000000000
0000000000000000001241120400000000000000000
000000000000fa06580000000000000000000000000
0000000000000000000582c54400000000000000000
000000000000000000070046c400000000000000000
0000000000000000000880c84400000000000000000
000000000000fb07180a0149c400000000000000000
0000000000000000000b81cb4400000000000000000
0000000000000000000d024cc400000000000000000
0000000000000000000e82ce4400000000000000000
00000000000000000010004fc400000000085c5a088
0000000000000000001180d14400000000000000000
000000000000000000130152c400000000000000000
0000000000000000000000000000000000000000000
0000000000000000000000000000000000087472088
0000000000000000000000000000000000000000000
0000000000000000000000000000000000000000000
0000000000000000000000000000000000000000000
0000000000000000000000000000000000088c8a088
0000000000000000000000000000000000000000000
0000000000000000000000000000000000000000000
0000000000000000000000000000000000000000000
000000000000000000000000000000000008a4a2088
0000000000000000000000000000000000000000000
0000000000000000000000000000000000000000000
0000000000000000000000000000000000000000000
000000000000000000000000000000000008bcba088
0000000000000000000000000000000000000000000
0000000000000000000000000000000000000000000
0000000000000000000000000000000000000000000
000000000000000000000000000000000008d4d2088
0000000000000000000000000000000000000000000
0000000000000000000000000000000000000000000
000468666000f582f80000000000000000000000000
00046a67e000000000000000000000000008ecea088
00046c6960000000000000000000000000000000000
00046e6ae0000000000000000000000000000000000
0004706c6000f683b80000000000000000000000000
0004746f6000000000000000000000000008f8f6088
0004726de0000000000000000000000000000000000
00047670e0000000000000000000000000000000000
000478726000f784780000000000000000000000000
00047a73e0000000000000000000000000090502088
00047c7560000000000000000000000000000000000
00047e76e0000000000000000000000000000000000
000000000000f885380000000000000000000000000
000000000000000000000000000000000009110e088
0000000000000000000000000000000000000000000
0000000000000000000000000000000000000000000
000000000000f985f80000000000000000000000000
0000000000000000000000000000000000091d1a088
0000000000000000000000000000000000000000000
0000000000000000000000000000000000000000000
000000000000fa86b80000000000000000000000000
0000000000000000000000000000000000092926088
0000000000000000000000000000000000000000000
0000000000000000000000000000000000000000000
000480786000fb87780000000000000000000000000
00048279e0000000000000000000000000093532088
0004847b60000000000000000000000000000000000
0004867ce0000000000000000000000000000000000
0004887e6000fc07d80000000000000000000000000
00048a7fe000000000000000000000000009413e088
00048c0760000000000000000000000000000000000
00048e08e0000000000000000000000000000000000
0004900a6000fc88380000000000000000000000000
0004920be0000000000000000000000000000000000
0004940d60000000000000000000000000000000000
0004960ee0000000000000000000000000000000000
000000000000fd08980000000000000000000000000
0000000000000000000000000000000000000000000
0000000000000000000000000000000000000000000
0000000000000000000000000000000000000000000
000000000000fd88f80000000000000000000000000
0000000000000000000000000000000000000000000
0000000000000000000000000000000000000000000
0000000000000000000000000000000000000000000
000000000000fe09581542150400000000000000000
00000000000000000016c2968400000000000000000
0000000000000000001840180400000000000000000
00000000000000000019c0998400000000000000000
000000000000fe89b81b411b0400000000000000000
0000000000000000001cc19c8400000000000000000
0000000000000000001e421e0400000000000000000
0000000000000000001fc29f8400000000000000000
000000000000ff0a180000000000000000095956088
0000000000000000001481d44400000000000000000
000000000000000000160255c400000000000000000
0000000000000000000000000000000000000000000
000000000000000000000000000000000009716e088
0000000000000000000000000000000000000000000
0000000000000000000000000000000000000000000
0000000000000000000000000000000000000000000
0000000000000000000000000000000000094d4a088
0000000000000000000000000000000000000000000
0000000000000000000000000000000000000000000
0000000000000000000000000000000000000000000
0000000000000000000000000000000000096562088
0000000000000000000000000000000000000000000
0000000000000000000000000000000000000000000
0000000000000000000000000000000000000000000
0000000000000000000000000000000000098986088
0000000000000000000000000000000000000000000
0000000000000000000000000000000000000000000
0000000000000000000000000000000000000000000
000000000000000000000000000000000009a19e088
0000000000000000000000000000000000000000000
0000000000000000000000000000000000000000000
000000000001000ad80000000000000000000000000
000000000000000000000000000000000009b9b6088
0000000000000000000000000000000000000000000
0000000000000000000000000000000000000000000
000000000001010b980000000000000000000000000
000000000000000000000000000000000009d1ce088
0000000000000000000000000000000000000000000
0000000000000000000000000000000000000000000
000000000000ff8a780000000000000000000000000
000000000000000000000000000000000009e9e6088
0000000000000000000000000000000000000000000
0000000000000000000000000000000000000000000
000000000001008b380000000000000000000000000
00000000000000000000000000000000000a01fe088
0000000000000000000000000000000000000000000
0000000000000000000000000000000000000000000
000000000001020c580000000000000000000000000
0000000000000000000000000000000000000000000
0000000000000000000000000000000000000000000
0000000000000000000000000000000000000000000
000000000001030d180000000000000000000000000
0000000000000000000000000000000000000000000
0000000000000000000000000000000000000000000
0000000000000000000000000000000000000000000
000000000001040dd80000000000000000000000000
0000000000000000000000000000000000000000000
0000000000000000000000000000000000000000000
0000000000000000000000000000000000000000000
000000000001050e9822c0a28400000000000000000
0000000000000000002140210400000000000000000
00000000000000000025c1a58400000000000000000
0000000000000000002441240400000000000000000
000000000001060f580000000000000000000000000
0000000000000000001782d74400000000000000000
000000000000000000190058c400000000000000000
0000000000000000001a80da4400000000000000000
0000000000010710181c015bc400000000000000000
0000000000000000001d81dd4400000000000000000
0000000000000000001f025ec400000000000000000
0000000000000000002082e04400000000000000000
000000000000000000220061c400000000097d7a088
0000000000000000002380e34400000000000000000
000000000000000000250164c400000000000000000
0000000000000000000000000000000000000000000
0000000000000000000000000000000000099592088
0000000000000000000000000000000000000000000
0000000000000000000000000000000000000000000
0000000000000000000000000000000000000000000
000000000000000000000000000000000009adaa088
0000000000000000000000000000000000000000000
0000000000000000000000000000000000000000000
0000000000000000000000000000000000000000000
000000000000000000000000000000000009c5c2088
0000000000000000000000000000000000000000000
0000000000000000000000000000000000000000000
0000000000000000000000000000000000000000000
000000000000000000000000000000000009ddda088
0000000000000000000000000000000000000000000
0000000000000000000000000000000000000000000
0000000000000000000000000000000000000000000
000000000000000000000000000000000009f5f2088
0000000000000000000000000000000000000000000
0000000000000000000000000000000000000000000
000498106001018bf80000000000000000000000000
00049a11e00000000000000000000000000a0e0a088
00049c1360000000000000000000000000000000000
00049e14e0000000000000000000000000000000000
0004a0166001028cb80000000000000000000000000
0004a419600000000000000000000000000a1a16088
0004a217e0000000000000000000000000000000000
0004a61ae0000000000000000000000000000000000
0004a81c6001038d780000000000000000000000000
0004aa1de00000000000000000000000000a2622088
0004ac1f60000000000000000000000000000000000
0004ae20e0000000000000000000000000000000000
000000000001048e380000000000000000000000000
00000000000000000000000000000000000a322e088
0000000000000000000000000000000000000000000
0000000000000000000000000000000000000000000
000000000001058ef80000000000000000000000000
00000000000000000000000000000000000a3e3a088
0000000000000000000000000000000000000000000
0000000000000000000000000000000000000000000
000000000001068fb80000000000000000000000000
00000000000000000000000000000000000a4a46088
0000000000000000000000000000000000000000000
0000000000000000000000000000000000000000000
0004b02260010790780000000000000000000000000
0004b223e00000000000000000000000000a5652088
0004b42560000000000000000000000000000000000
0004b626e0000000000000000000000000000000000
0004b82860010810d80000000000000000000000000
0004ba29e00000000000000000000000000a625e088
0004bc2b60000000000000000000000000000000000
0004be2ce0000000000000000000000000000000000
0004c02e60010891380000000000000000000000000
0004c22fe0000000000000000000000000000000000
0004c43160000000000000000000000000000000000
0004c632e0000000000000000000000000000000000
0000000000010911980000000000000000000000000
0000000000000000000000000000000000000000000
0000000000000000000000000000000000000000000
0000000000000000000000000000000000000000000
0000000000010991f80000000000000000000000000
0000000000000000000000000000000000000000000
0000000000000000000000000000000000000000000
0000000000000000000000000000000000000000000
0000000000010a12582742270400000000000000000
00000000000000000028c2a88400000000000000000
0000000000000000002a402a0400000000000000000
0000000000000000002bc0ab8400000000000000000
0000000000010a92b82d412d0400000000000000000
0000000000000000002ec1ae8400000000000000000
0000000000000000003042300400000000000000000
00000000000000000031c2b18400000000000000000
0000000000010b131800000000000000000a7a76088
0000000000000000002681e64400000000000000000
000000000000000000280267c400000000000000000
0000000000000000000000000000000000000000000
00000000000000000000000000000000000a928e088
0000000000000000000000000000000000000000000
0000000000000000000000000000000000000000000
0000000000000000000000000000000000000000000
00000000000000000000000000000000000a6e6a088
0000000000000000000000000000000000000000000
0000000000000000000000000000000000000000000
0000000000000000000000000000000000000000000
00000000000000000000000000000000000a8682088
0000000000000000000000000000000000000000000
0000000000000000000000000000000000000000000
0000000000000000000000000000000000000000000
00000000000000000000000000000000000aaaa6088
0000000000000000000000000000000000000000000
0000000000000000000000000000000000000000000
0000000000000000000000000000000000000000000
00000000000000000000000000000000000ac2be088
0000000000000000000000000000000000000000000
0000000000000000000000000000000000000000000
0000000000010c13d80000000000000000000000000
00000000000000000000000000000000000adad6088
0000000000000000000000000000000000000000000
0000000000000000000000000000000000000000000
0000000000010d14980000000000000000000000000
00000000000000000000000000000000000af2ee088
0000000000000000000000000000000000000000000
0000000000000000000000000000000000000000000
0000000000010b93780000000000000000000000000
00000000000000000000000000000000000b0b06088
0000000000000000000000000000000000000000000
0000000000000000000000000000000000000000000
0000000000010c94380000000000000000000000000
00000000000000000000000000000000000b231e088
0000000000000000000000000000000000000000000
0000000000000000000000000000000000000000000
0000000000010e15580000000000000000000000000
0000000000000000000000000000000000000000000
0000000000000000000000000000000000000000000
0000000000000000000000000000000000000000000
0000000000010f16180000000000000000000000000
0000000000000000000000000000000000000000000
0000000000000000000000000000000000000000000
0000000000000000000000000000000000000000000
0000000000011016d80000000000000000000000000
0000000000000000000000000000000000000000000
0000000000000000000000000000000000000000000
0000000000000000000000000000000000000000000
00000000000111179834c0b48400000000000000000
0000000000000000003340330400000000000000000
00000000000000000037c1b78400000000000000000
0000000000000000003641360400000000000000000
0000000000011218580000000000000000000000000
0000000000000000002982e94400000000000000000
0000000000000000002b006ac400000000000000000
0000000000000000002c80ec4400000000000000000
0000000000011319182e016dc400000000000000000
0000000000000000002f81ef4400000000000000000
000000000000000000310270c400000000000000000
0000000000000000003282f24400000000000000000
000000000000000000340073c4000000000a9e9a088
0000000000000000003580f54400000000000000000
000000000000000000370176c400000000000000000
0000000000000000000000000000000000000000000
00000000000000000000000000000000000ab6b2088
0000000000000000000000000000000000000000000
0000000000000000000000000000000000000000000
0000000000000000000000000000000000000000000
00000000000000000000000000000000000aceca088
0000000000000000000000000000000000000000000
0000000000000000000000000000000000000000000
0000000000000000000000000000000000000000000
00000000000000000000000000000000000ae6e2088
0000000000000000000000000000000000000000000
0000000000000000000000000000000000000000000
0000000000000000000000000000000000000000000
00000000000000000000000000000000000afefa088
0000000000000000000000000000000000000000000
0000000000000000000000000000000000000000000
0000000000000000000000000000000000000000000
00000000000000000000000000000000000b1712088
0000000000000000000000000000000000000000000
0000000000000000000000000000000000000000000
0004c83460010d94f80000000000000000000000000
0004ca35e00000000000000000000000000b2f2a088
0004cc3760000000000000000000000000000000000
0004ce38e0000000000000000000000000000000000
0004d03a60010e95b80000000000000000000000000
0004d43d600000000000000000000000000b3b36088
0004d23be0000000000000000000000000000000000
0004d63ee0000000000000000000000000000000000
0004d84060010f96780000000000000000000000000
0004da41e00000000000000000000000000b4742088
0004dc4360000000000000000000000000000000000
0004de44e0000000000000000000000000000000000
0000000000011097380000000000000000000000000
00000000000000000000000000000000000b534e088
0000000000000000000000000000000000000000000
0000000000000000000000000000000000000000000
0000000000011197f80000000000000000000000000
00000000000000000000000000000000000b5f5a088
0000000000000000000000000000000000000000000
0000000000000000000000000000000000000000000
0000000000011298b80000000000000000000000000
00000000000000000000000000000000000b6b66088
0000000000000000000000000000000000000000000
0000000000000000000000000000000000000000000
0004e04660011399780000000000000000000000000
0004e247e00000000000000000000000000b7772088
0004e44960000000000000000000000000000000000
0004e64ae0000000000000000000000000000000000
0004e84c60011419d80000000000000000000000000
0004ea4de00000000000000000000000000b837e088
0004ec4f60000000000000000000000000000000000
0004ee50e0000000000000000000000000000000000
0004f0526001149a380000000000000000000000000
0004f253e0000000000000000000000000000000000
0004f45560000000000000000000000000000000000
0004f656e0000000000000000000000000000000000
000000000001151a980000000000000000000000000
0000000000000000000000000000000000000000000
0000000000000000000000000000000000000000000
0000000000000000000000000000000000000000000
000000000001159af80000000000000000000000000
0000000000000000000000000000000000000000000
0000000000000000000000000000000000000000000
0000000000000000000000000000000000000000000
000000000001161b583942390400000000000000000
0000000000000000003ac2ba8400000000000000000
0000000000000000003c403c0400000000000000000
0000000000000000003dc0bd8400000000000000000
000000000001169bb83f413f0400000000000000000
00000000000000000003c1838400000000000000000
0000000000000000000542050400000000000000000
00000000000000000006c2868400000000000000000
000000000001171c1800000000000000000b9b96088
0000000000000000003881f84400000000000000000
0000000000000000003a0279c400000000000000000
0000000000000000000000000000000000000000000
00000000000000000000000000000000000bb3ae088
0000000000000000000000000000000000000000000
0000000000000000000000000000000000000000000
0000000000000000000000000000000000000000000
00000000000000000000000000000000000b8f8a088
0000000000000000000000000000000000000000000
0000000000000000000000000000000000000000000
0000000000000000000000000000000000000000000
00000000000000000000000000000000000ba7a2088
0000000000000000000000000000000000000000000
0000000000000000000000000000000000000000000
0000000000000000000000000000000000000000000
00000000000000000000000000000000000bcbc6088
0000000000000000000000000000000000000000000
0000000000000000000000000000000000000000000
0000000000000000000000000000000000000000000
00000000000000000000000000000000000be3de088
0000000000000000000000000000000000000000000
0000000000000000000000000000000000000000000
000000000001181cd80000000000000000000000000
00000000000000000000000000000000000bfbf6088
0000000000000000000000000000000000000000000
0000000000000000000000000000000000000000000
000000000001191d980000000000000000000000000
000000000000000000000000000000000008403e088
0000000000000000000000000000000000000000000
0000000000000000000000000000000000000000000
000000000001179c780000000000000000000000000
0000000000000000000000000000000000085856088
0000000000000000000000000000000000000000000
0000000000000000000000000000000000000000000
000000000001189d380000000000000000000000000
000000000000000000000000000000000008706e088
0000000000000000000000000000000000000000000
0000000000000000000000000000000000000000000
0000000000011a1e580000000000000000000000000
0000000000000000000000000000000000000000000
0000000000000000000000000000000000000000000
0000000000000000000000000000000000000000000
0000000000011b1f180000000000000000000000000
0000000000000000000000000000000000000000000
0000000000000000000000000000000000000000000
0000000000000000000000000000000000000000000
0000000000011c1fd80000000000000000000000000
0000000000000000000000000000000000000000000
0000000000000000000000000000000000000000000
0000000000000000000000000000000000000000000
0000000000011d021809c0898400000000000000000
0000000000000000000840080400000000000000000
0000000000000000000cc18c8400000000000000000
0000000000000000000b410b0400000000000000000
0000000000011e02d80000000000000000000000000
0000000000000000003b82fb4400000000000000000
0000000000000000003d007cc400000000000000000
0000000000000000003e80fe4400000000000000000
0000000000011f039803017fc400000000000000000
0000000000000000000481c44400000000000000000
000000000000000000060245c400000000000000000
0000000000000000000782c74400000000000000000
000000000000000000090048c4000000000bbfba088
0000000000000000000a80ca4400000000000000000
0000000000000000000c014bc400000000000000000
0000000000000000000000000000000000000000000
00000000000000000000000000000000000bd7d2088
0000000000000000000000000000000000000000000
0000000000000000000000000000000000000000000
0000000000000000000000000000000000000000000
00000000000000000000000000000000000befea088
0000000000000000000000000000000000000000000
0000000000000000000000000000000000000000000
0000000000000000000000000000000000000000000
0000000000000000000000000000000000083432088
0000000000000000000000000000000000000000000
0000000000000000000000000000000000000000000
0000000000000000000000000000000000000000000
0000000000000000000000000000000000084c4a088
0000000000000000000000000000000000000000000
0000000000000000000000000000000000000000000
0000000000000000000000000000000000000000000
0000000000000000000000000000000000086462088
0000000000000000000000000000000000000000000
0000000000000000000000000000000000000000000
0004f8586001199df80000000000000000000000000
0004fa59e0000000000000000000000000087c7a088
0004fc5b60000000000000000000000000000000000
0004fe5ce0000000000000000000000000000000000
0005005e60011a9eb80000000000000000000000000
0005046160000000000000000000000000088886088
0005025fe0000000000000000000000000000000000
00050662e0000000000000000000000000000000000
0005086460011b9f780000000000000000000000000
00050a65e0000000000000000000000000089492088
00050c6760000000000000000000000000000000000
00050e68e0000000000000000000000000000000000
0000000000011c81b80000000000000000000000000
000000000000000000000000000000000008a09e088
0000000000000000000000000000000000000000000
0000000000000000000000000000000000000000000
0000000000011d82780000000000000000000000000
000000000000000000000000000000000008acaa088
0000000000000000000000000000000000000000000
0000000000000000000000000000000000000000000
0000000000011e83380000000000000000000000000
000000000000000000000000000000000008b8b6088
0000000000000000000000000000000000000000000
0000000000000000000000000000000000000000000
0005106a60011f83f80000000000000000000000000
0005126be000000000000000000000000008c4c2088
0005146d60000000000000000000000000000000000
0005166ee0000000000000000000000000000000000
0005187060012004580000000000000000000000000
00051a71e000000000000000000000000008d0ce088
00051c7360000000000000000000000000000000000
00051e74e0000000000000000000000000000000000
0005207660012084b80000000000000000000000000
00052277e0000000000000000000000000000000000
0005247960000000000000000000000000000000000
0005267ae0000000000000000000000000000000000
0000000000012105180000000000000000000000000
0000000000000000000000000000000000000000000
0000000000000000000000000000000000000000000
0000000000000000000000000000000000000000000
0000000000012185780000000000000000000000000
0000000000000000000000000000000000000000000
0000000000000000000000000000000000000000000
0000000000000000000000000000000000000000000
0000000000012205d80e420e0400000000000000000
0000000000000000000fc28f8400000000000000000
0000000000000000001140110400000000000000000
00000000000000000012c0928400000000000000000
0000000000012286381441140400000000000000000
00000000000000000015c1958400000000000000000
0000000000000000001742170400000000000000000
00000000000000000018c2988400000000000000000
000000000001230698000000000000000008e8e6088
0000000000000000000d81cd4400000000000000000
0000000000000000000f024ec400000000000000000
0000000000000000000000000000000000000000000
00000000000000000000000000000000000900fe088
0000000000000000000000000000000000000000000
0000000000000000000000000000000000000000000
0000000000000000000000000000000000000000000
000000000000000000000000000000000008dcda088
0000000000000000000000000000000000000000000
0000000000000000000000000000000000000000000
0000000000000000000000000000000000000000000
000000000000000000000000000000000008f4f2088
0000000000000000000000000000000000000000000
0000000000000000000000000000000000000000000
0000000000000000000000000000000000000000000
0000000000000000000000000000000000091916088
0000000000000000000000000000000000000000000
0000000000000000000000000000000000000000000
0000000000000000000000000000000000000000000
000000000000000000000000000000000009312e088
0000000000000000000000000000000000000000000
0000000000000000000000000000000000000000000
0000000000012407580000000000000000000000000
0000000000000000000000000000000000094946088
0000000000000000000000000000000000000000000
0000000000000000000000000000000000000000000
0000000000012508180000000000000000000000000
000000000000000000000000000000000009615e088
0000000000000000000000000000000000000000000
0000000000000000000000000000000000000000000
0000000000012386f80000000000000000000000000
0000000000000000000000000000000000097976088
0000000000000000000000000000000000000000000
0000000000000000000000000000000000000000000
0000000000012487b80000000000000000000000000
000000000000000000000000000000000009918e088
0000000000000000000000000000000000000000000
0000000000000000000000000000000000000000000
0000000000012608d80000000000000000000000000
0000000000000000000000000000000000000000000
0000000000000000000000000000000000000000000
0000000000000000000000000000000000000000000
0000000000012709980000000000000000000000000
0000000000000000000000000000000000000000000
0000000000000000000000000000000000000000000
0000000000000000000000000000000000000000000
000000000001280a580000000000000000000000000
0000000000000000000000000000000000000000000
0000000000000000000000000000000000000000000
0000000000000000000000000000000000000000000
000000000001290b181bc09b8400000000000000000
0000000000000000001a401a0400000000000000000
0000000000000000001ec19e8400000000000000000
0000000000000000001d411d0400000000000000000
0000000000012a0bd80000000000000000000000000
0000000000000000001082d04400000000000000000
000000000000000000120051c400000000000000000
0000000000000000001380d34400000000000000000
0000000000012b0c98150154c400000000000000000
0000000000000000001681d64400000000000000000
000000000000000000180257c400000000000000000
0000000000000000001982d94400000000000000000
0000000000000000001b005ac400000000090d0a088
0000000000000000001c80dc4400000000000000000
0000000000000000001e015dc400000000000000000
0000000000000000000000000000000000000000000
0000000000000000000000000000000000092522088
0000000000000000000000000000000000000000000
0000000000000000000000000000000000000000000
0000000000000000000000000000000000000000000
0000000000000000000000000000000000093d3a088
0000000000000000000000000000000000000000000
0000000000000000000000000000000000000000000
0000000000000000000000000000000000000000000
0000000000000000000000000000000000095552088
0000000000000000000000000000000000000000000
0000000000000000000000000000000000000000000
0000000000000000000000000000000000000000000
0000000000000000000000000000000000096d6a088
0000000000000000000000000000000000000000000
0000000000000000000000000000000000000000000
0000000000000000000000000000000000000000000
0000000000000000000000000000000000098582088
0000000000000000000000000000000000000000000
0000000000000000000000000000000000000000000
0005287c60012588780000000000000000000000000
00052a7de0000000000000000000000000099d9a088
00052c7f60000000000000000000000000000000000
00052e06e0000000000000000000000000000000000
0005300860012689380000000000000000000000000
0005340b6000000000000000000000000009a9a6088
00053209e0000000000000000000000000000000000
0005360ce0000000000000000000000000000000000
0005380e60012789f80000000000000000000000000
00053a0fe000000000000000000000000009b5b2088
00053c1160000000000000000000000000000000000
00053e12e0000000000000000000000000000000000
000000000001288ab80000000000000000000000000
000000000000000000000000000000000009c1be088
0000000000000000000000000000000000000000000
0000000000000000000000000000000000000000000
000000000001298b780000000000000000000000000
000000000000000000000000000000000009cdca088
0000000000000000000000000000000000000000000
0000000000000000000000000000000000000000000
0000000000012a8c380000000000000000000000000
000000000000000000000000000000000009d9d6088
0000000000000000000000000000000000000000000
0000000000000000000000000000000000000000000
0005401460012b8cf80000000000000000000000000
00054215e000000000000000000000000009e5e2088
0005441760000000000000000000000000000000000
00054618e0000000000000000000000000000000000
0005481a60012c0d580000000000000000000000000
00054a1be000000000000000000000000009f1ee088
00054c1d60000000000000000000000000000000000
00054e1ee0000000000000000000000000000000000
0005502060012c8db80000000000000000000000000
00055221e0000000000000000000000000000000000
0005542360000000000000000000000000000000000
00055624e0000000000000000000000000000000000
0000000000012d0e180000000000000000000000000
0000000000000000000000000000000000000000000
0000000000000000000000000000000000000000000
0000000000000000000000000000000000000000000
0000000000012d8e780000000000000000000000000
0000000000000000000000000000000000000000000
0000000000000000000000000000000000000000000
0000000000000000000000000000000000000000000
0000000000012e0ed82042200400000000000000000
00000000000000000021c2a18400000000000000000
0000000000000000002340230400000000000000000
00000000000000000024c0a48400000000000000000
0000000000012e8f382641260400000000000000000
00000000000000000027c1a78400000000000000000
0000000000000000002942290400000000000000000
0000000000000000002ac2aa8400000000000000000
0000000000012f0f9800000000000000000a0a06088
0000000000000000001f81df4400000000000000000
000000000000000000210260c400000000000000000
0000000000000000000000000000000000000000000
00000000000000000000000000000000000a221e088
0000000000000000000000000000000000000000000
0000000000000000000000000000000000000000000
0000000000000000000000000000000000000000000
000000000000000000000000000000000009fdfa088
0000000000000000000000000000000000000000000
0000000000000000000000000000000000000000000
0000000000000000000000000000000000000000000
00000000000000000000000000000000000a1612088
0000000000000000000000000000000000000000000
0000000000000000000000000000000000000000000
0000000000000000000000000000000000000000000
00000000000000000000000000000000000a3a36088
0000000000000000000000000000000000000000000
0000000000000000000000000000000000000000000
0000000000000000000000000000000000000000000
00000000000000000000000000000000000a524e088
0000000000000000000000000000000000000000000
0000000000000000000000000000000000000000000
0000000000013010580000000000000000000000000
00000000000000000000000000000000000a6a66088
0000000000000000000000000000000000000000000
0000000000000000000000000000000000000000000
0000000000013111180000000000000000000000000
00000000000000000000000000000000000a827e088
0000000000000000000000000000000000000000000
0000000000000000000000000000000000000000000
0000000000012f8ff80000000000000000000000000
00000000000000000000000000000000000a9a96088
0000000000000000000000000000000000000000000
0000000000000000000000000000000000000000000
0000000000013090b80000000000000000000000000
00000000000000000000000000000000000ab2ae088
0000000000000000000000000000000000000000000
0000000000000000000000000000000000000000000
0000000000013211d80000000000000000000000000
0000000000000000000000000000000000000000000
0000000000000000000000000000000000000000000
0000000000000000000000000000000000000000000
0000000000013312980000000000000000000000000
0000000000000000000000000000000000000000000
0000000000000000000000000000000000000000000
0000000000000000000000000000000000000000000
0000000000013413580000000000000000000000000
0000000000000000000000000000000000000000000
0000000000000000000000000000000000000000000
0000000000000000000000000000000000000000000
0000000000013514182dc0ad8400000000000000000
0000000000000000002c402c0400000000000000000
00000000000000000030c1b08400000000000000000
0000000000000000002f412f0400000000000000000
0000000000013614d80000000000000000000000000
0000000000000000002282e24400000000000000000
000000000000000000240063c400000000000000000
0000000000000000002580e54400000000000000000
000000000001371598270166c400000000000000000
0000000000000000002881e84400000000000000000
0000000000000000002a0269c400000000000000000
0000000000000000002b82eb4400000000000000000
0000000000000000002d006cc4000000000a2e2a088
0000000000000000002e80ee4400000000000000000
00000000000000000030016fc400000000000000000
0000000000000000000000000000000000000000000
00000000000000000000000000000000000a4642088
0000000000000000000000000000000000000000000
0000000000000000000000000000000000000000000
0000000000000000000000000000000000000000000
00000000000000000000000000000000000a5e5a088
0000000000000000000000000000000000000000000
0000000000000000000000000000000000000000000
0000000000000000000000000000000000000000000
00000000000000000000000000000000000a7672088
0000000000000000000000000000000000000000000
0000000000000000000000000000000000000000000
0000000000000000000000000000000000000000000
00000000000000000000000000000000000a8e8a088
0000000000000000000000000000000000000000000
0000000000000000000000000000000000000000000
0000000000000000000000000000000000000000000
00000000000000000000000000000000000aa6a2088
0000000000000000000000000000000000000000000
0000000000000000000000000000000000000000000
0005582660013191780000000000000000000000000
00055a27e00000000000000000000000000abeba088
00055c2960000000000000000000000000000000000
00055e2ae0000000000000000000000000000000000
0005602c60013292380000000000000000000000000
0005642f600000000000000000000000000acac6088
0005622de0000000000000000000000000000000000
00056630e0000000000000000000000000000000000
0005683260013392f80000000000000000000000000
00056a33e00000000000000000000000000ad6d2088
00056c3560000000000000000000000000000000000
00056e36e0000000000000000000000000000000000
0000000000013493b80000000000000000000000000
00000000000000000000000000000000000ae2de088
0000000000000000000000000000000000000000000
0000000000000000000000000000000000000000000
0000000000013594780000000000000000000000000
00000000000000000000000000000000000aeeea088
0000000000000000000000000000000000000000000
0000000000000000000000000000000000000000000
0000000000013695380000000000000000000000000
00000000000000000000000000000000000afaf6088
0000000000000000000000000000000000000000000
0000000000000000000000000000000000000000000
0005703860013795f80000000000000000000000000
00057239e00000000000000000000000000b0702088
0005743b60000000000000000000000000000000000
0005763ce0000000000000000000000000000000000
0005783e60013816580000000000000000000000000
00057a3fe00000000000000000000000000b130e088
00057c4160000000000000000000000000000000000
00057e42e0000000000000000000000000000000000
0005804460013896b80000000000000000000000000
00058245e0000000000000000000000000000000000
0005844760000000000000000000000000000000000
00058648e0000000000000000000000000000000000
0000000000013917180000000000000000000000000
0000000000000000000000000000000000000000000
0000000000000000000000000000000000000000000
0000000000000000000000000000000000000000000
0000000000013997780000000000000000000000000
0000000000000000000000000000000000000000000
0000000000000000000000000000000000000000000
0000000000000000000000000000000000000000000
0000000000013a17d83242320400000000000000000
00000000000000000033c2b38400000000000000000
0000000000000000003540350400000000000000000
00000000000000000036c0b68400000000000000000
0000000000013a98383841380400000000000000000
00000000000000000039c1b98400000000000000000
0000000000000000003b423b0400000000000000000
0000000000000000003cc2bc8400000000000000000
0000000000013b189800000000000000000b2b26088
0000000000000000003181f14400000000000000000
000000000000000000330272c400000000000000000
0000000000000000000000000000000000000000000
00000000000000000000000000000000000b433e088
0000000000000000000000000000000000000000000
0000000000000000000000000000000000000000000
0000000000000000000000000000000000000000000
00000000000000000000000000000000000b1f1a088
0000000000000000000000000000000000000000000
0000000000000000000000000000000000000000000
0000000000000000000000000000000000000000000
00000000000000000000000000000000000b3732088
0000000000000000000000000000000000000000000
0000000000000000000000000000000000000000000
0000000000000000000000000000000000000000000
00000000000000000000000000000000000b5b56088
0000000000000000000000000000000000000000000
0000000000000000000000000000000000000000000
0000000000000000000000000000000000000000000
00000000000000000000000000000000000b736e088
0000000000000000000000000000000000000000000
0000000000000000000000000000000000000000000
0000000000013c19580000000000000000000000000
00000000000000000000000000000000000b8b86088
0000000000000000000000000000000000000000000
0000000000000000000000000000000000000000000
0000000000013d1a180000000000000000000000000
00000000000000000000000000000000000ba39e088
0000000000000000000000000000000000000000000
0000000000000000000000000000000000000000000
0000000000013b98f80000000000000000000000000
00000000000000000000000000000000000bbbb6088
0000000000000000000000000000000000000000000
0000000000000000000000000000000000000000000
0000000000013c99b80000000000000000000000000
00000000000000000000000000000000000bd3ce088
0000000000000000000000000000000000000000000
0000000000000000000000000000000000000000000
0000000000013e1ad80000000000000000000000000
0000000000000000000000000000000000000000000
0000000000000000000000000000000000000000000
0000000000000000000000000000000000000000000
0000000000013f1b980000000000000000000000000
0000000000000000000000000000000000000000000
0000000000000000000000000000000000000000000
0000000000000000000000000000000000000000000
000000000001401c580000000000000000000000000
0000000000000000000000000000000000000000000
0000000000000000000000000000000000000000000
0000000000000000000000000000000000000000000
000000000001411d183fc0bf8400000000000000000
0000000000000000003e403e0400000000000000000
00000000000000000005c1858400000000000000000
0000000000000000000441040400000000000000000
000000000001421dd80000000000000000000000000
0000000000000000003482f44400000000000000000
000000000000000000360075c400000000000000000
0000000000000000003780f74400000000000000000
000000000001431e98390178c400000000000000000
0000000000000000003a81fa4400000000000000000
0000000000000000003c027bc400000000000000000
0000000000000000003d82fd4400000000000000000
0000000000000000003f007ec4000000000b4f4a088
0000000000000000000380c34400000000000000000
000000000000000000050144c400000000000000000
0000000000000000000000000000000000000000000
00000000000000000000000000000000000b6762088
0000000000000000000000000000000000000000000
0000000000000000000000000000000000000000000
0000000000000000000000000000000000000000000
00000000000000000000000000000000000b7f7a088
0000000000000000000000000000000000000000000
0000000000000000000000000000000000000000000
0000000000000000000000000000000000000000000
00000000000000000000000000000000000b9792088
0000000000000000000000000000000000000000000
0000000000000000000000000000000000000000000
0000000000000000000000000000000000000000000
00000000000000000000000000000000000bafaa088
0000000000000000000000000000000000000000000
0000000000000000000000000000000000000000000
0000000000000000000000000000000000000000000
00000000000000000000000000000000000bc7c2088
0000000000000000000000000000000000000000000
0000000000000000000000000000000000000000000
0005884a60013d9a780000000000000000000000000
00058a4be00000000000000000000000000bdfda088
00058c4d60000000000000000000000000000000000
00058e4ee0000000000000000000000000000000000
0005905060013e9b380000000000000000000000000
00059453600000000000000000000000000bebe6088
00059251e0000000000000000000000000000000000
00059654e0000000000000000000000000000000000
0005985660013f9bf80000000000000000000000000
00059a57e00000000000000000000000000bf7f2088
00059c5960000000000000000000000000000000000
00059e5ae0000000000000000000000000000000000
000000000001409cb80000000000000000000000000
00000000000000000000000000000000000833fe088
0000000000000000000000000000000000000000000
0000000000000000000000000000000000000000000
000000000001419d780000000000000000000000000
0000000000000000000000000000000000083c3a088
0000000000000000000000000000000000000000000
0000000000000000000000000000000000000000000
000000000001429e380000000000000000000000000
0000000000000000000000000000000000084846088
0000000000000000000000000000000000000000000
0000000000000000000000000000000000000000000
0005a05c6001439ef80000000000000000000000000
0005a25de0000000000000000000000000085452088
0005a45f60000000000000000000000000000000000
0005a660e0000000000000000000000000000000000
0005a8626001441f580000000000000000000000000
0005aa63e000000000000000000000000008605e088
0005ac6560000000000000000000000000000000000
0005ae66e0000000000000000000000000000000000
0005b0686001449fb80000000000000000000000000
0005b269e0000000000000000000000000000000000
0005b46b60000000000000000000000000000000000
0005b66ce0000000000000000000000000000000000
0000000000014501980000000000000000000000000
0000000000000000000000000000000000000000000
0000000000000000000000000000000000000000000
0000000000000000000000000000000000000000000
0000000000014581f80000000000000000000000000
0000000000000000000000000000000000000000000
0000000000000000000000000000000000000000000
0000000000000000000000000000000000000000000
0000000000014602580742070400000000000000000
00000000000000000008c2888400000000000000000
0000000000000000000a400a0400000000000000000
0000000000000000000bc08b8400000000000000000
0000000000014682b80d410d0400000000000000000
0000000000000000000ec18e8400000000000000000
0000000000000000001042100400000000000000000
00000000000000000011c2918400000000000000000
0000000000014703180000000000000000087876088
0000000000000000000681c64400000000000000000
000000000000000000080247c400000000000000000
0000000000000000000000000000000000000000000
000000000000000000000000000000000008908e088
0000000000000000000000000000000000000000000
0000000000000000000000000000000000000000000
0000000000000000000000000000000000000000000
0000000000000000000000000000000000086c6a088
0000000000000000000000000000000000000000000
0000000000000000000000000000000000000000000
0000000000000000000000000000000000000000000
0000000000000000000000000000000000088482088
0000000000000000000000000000000000000000000
0000000000000000000000000000000000000000000
0000000000000000000000000000000000000000000
000000000000000000000000000000000008a8a6088
0000000000000000000000000000000000000000000
0000000000000000000000000000000000000000000
0000000000000000000000000000000000000000000
000000000000000000000000000000000008c0be088
0000000000000000000000000000000000000000000
0000000000000000000000000000000000000000000
0000000000014803d80000000000000000000000000
000000000000000000000000000000000008d8d6088
0000000000000000000000000000000000000000000
0000000000000000000000000000000000000000000
0000000000014904980000000000000000000000000
000000000000000000000000000000000008f0ee088
0000000000000000000000000000000000000000000
0000000000000000000000000000000000000000000
0000000000014783780000000000000000000000000
0000000000000000000000000000000000090906088
0000000000000000000000000000000000000000000
0000000000000000000000000000000000000000000
0000000000014884380000000000000000000000000
000000000000000000000000000000000009211e088
0000000000000000000000000000000000000000000
0000000000000000000000000000000000000000000
0000000000014a05580000000000000000000000000
0000000000000000000000000000000000000000000
0000000000000000000000000000000000000000000
0000000000000000000000000000000000000000000
0000000000014b06180000000000000000000000000
0000000000000000000000000000000000000000000
0000000000000000000000000000000000000000000
0000000000000000000000000000000000000000000
0000000000014c06d80000000000000000000000000
0000000000000000000000000000000000000000000
0000000000000000000000000000000000000000000
0000000000000000000000000000000000000000000
0000000000014d079814c0948400000000000000000
0000000000000000001340130400000000000000000
00000000000000000017c1978400000000000000000
0000000000000000001641160400000000000000000
0000000000014e08580000000000000000000000000
0000000000000000000982c94400000000000000000
0000000000000000000b004ac400000000000000000
0000000000000000000c80cc4400000000000000000
0000000000014f09180e014dc400000000000000000
0000000000000000000f81cf4400000000000000000
000000000000000000110250c400000000000000000
0000000000000000001282d24400000000000000000
000000000000000000140053c400000000089c9a088
0000000000000000001580d54400000000000000000
000000000000000000170156c400000000000000000
0000000000000000000000000000000000000000000
000000000000000000000000000000000008b4b2088
0000000000000000000000000000000000000000000
0000000000000000000000000000000000000000000
0000000000000000000000000000000000000000000
000000000000000000000000000000000008ccca088
0000000000000000000000000000000000000000000
0000000000000000000000000000000000000000000
0000000000000000000000000000000000000000000
000000000000000000000000000000000008e4e2088
0000000000000000000000000000000000000000000
0000000000000000000000000000000000000000000
0000000000000000000000000000000000000000000
000000000000000000000000000000000008fcfa088
0000000000000000000000000000000000000000000
0000000000000000000000000000000000000000000
0000000000000000000000000000000000000000000
0000000000000000000000000000000000091512088
0000000000000000000000000000000000000000000
0000000000000000000000000000000000000000000
0005b86e60014984f80000000000000000000000000
0005ba6fe0000000000000000000000000092d2a088
0005bc7160000000000000000000000000000000000
0005be72e0000000000000000000000000000000000
0005c07460014a85b80000000000000000000000000
0005c47760000000000000000000000000093936088
0005c275e0000000000000000000000000000000000
0005c678e0000000000000000000000000000000000
0005c87a60014b86780000000000000000000000000
0005ca7be0000000000000000000000000094542088
0005cc7d60000000000000000000000000000000000
0005ce7ee0000000000000000000000000000000000
0000000000014c87380000000000000000000000000
000000000000000000000000000000000009514e088
0000000000000000000000000000000000000000000
0000000000000000000000000000000000000000000
0000000000014d87f80000000000000000000000000
0000000000000000000000000000000000095d5a088
0000000000000000000000000000000000000000000
0000000000000000000000000000000000000000000
0000000000014e88b80000000000000000000000000
0000000000000000000000000000000000096966088
0000000000000000000000000000000000000000000
0000000000000000000000000000000000000000000
0005d00660014f89780000000000000000000000000
0005d207e0000000000000000000000000097572088
0005d40960000000000000000000000000000000000
0005d60ae0000000000000000000000000000000000
0005d80c60015009d80000000000000000000000000
0005da0de000000000000000000000000009817e088
0005dc0f60000000000000000000000000000000000
0005de10e0000000000000000000000000000000000
0005e0126001508a380000000000000000000000000
0005e213e0000000000000000000000000000000000
0005e41560000000000000000000000000000000000
0005e616e0000000000000000000000000000000000
000000000001510a980000000000000000000000000
0000000000000000000000000000000000000000000
0000000000000000000000000000000000000000000
0000000000000000000000000000000000000000000
000000000001518af80000000000000000000000000
0000000000000000000000000000000000000000000
0000000000000000000000000000000000000000000
0000000000000000000000000000000000000000000
000000000001520b581942190400000000000000000
0000000000000000001ac29a8400000000000000000
0000000000000000001c401c0400000000000000000
0000000000000000001dc09d8400000000000000000
000000000001528bb81f411f0400000000000000000
00000000000000000020c1a08400000000000000000
0000000000000000002242220400000000000000000
00000000000000000023c2a38400000000000000000
000000000001530c180000000000000000099996088
0000000000000000001881d84400000000000000000
0000000000000000001a0259c400000000000000000
0000000000000000000000000000000000000000000
000000000000000000000000000000000009b1ae088
0000000000000000000000000000000000000000000
0000000000000000000000000000000000000000000
0000000000000000000000000000000000000000000
0000000000000000000000000000000000098d8a088
0000000000000000000000000000000000000000000
0000000000000000000000000000000000000000000
0000000000000000000000000000000000000000000
000000000000000000000000000000000009a5a2088
0000000000000000000000000000000000000000000
0000000000000000000000000000000000000000000
0000000000000000000000000000000000000000000
000000000000000000000000000000000009c9c6088
0000000000000000000000000000000000000000000
0000000000000000000000000000000000000000000
0000000000000000000000000000000000000000000
000000000000000000000000000000000009e1de088
0000000000000000000000000000000000000000000
0000000000000000000000000000000000000000000
000000000001540cd80000000000000000000000000
000000000000000000000000000000000009f9f6088
0000000000000000000000000000000000000000000
0000000000000000000000000000000000000000000
000000000001550d980000000000000000000000000
00000000000000000000000000000000000a120e088
0000000000000000000000000000000000000000000
0000000000000000000000000000000000000000000
000000000001538c780000000000000000000000000
00000000000000000000000000000000000a2a26088
0000000000000000000000000000000000000000000
0000000000000000000000000000000000000000000
000000000001548d380000000000000000000000000
00000000000000000000000000000000000a423e088
0000000000000000000000000000000000000000000
0000000000000000000000000000000000000000000
000000000001560e580000000000000000000000000
0000000000000000000000000000000000000000000
0000000000000000000000000000000000000000000
0000000000000000000000000000000000000000000
000000000001570f180000000000000000000000000
0000000000000000000000000000000000000000000
0000000000000000000000000000000000000000000
0000000000000000000000000000000000000000000
000000000001580fd80000000000000000000000000
0000000000000000000000000000000000000000000
0000000000000000000000000000000000000000000
0000000000000000000000000000000000000000000
00000000000159109826c0a68400000000000000000
0000000000000000002540250400000000000000000
00000000000000000029c1a98400000000000000000
0000000000000000002841280400000000000000000
0000000000015a11580000000000000000000000000
0000000000000000001b82db4400000000000000000
0000000000000000001d005cc400000000000000000
0000000000000000001e80de4400000000000000000
0000000000015b121820015fc400000000000000000
0000000000000000002181e14400000000000000000
000000000000000000230262c400000000000000000
0000000000000000002482e44400000000000000000
000000000000000000260065c40000000009bdba088
0000000000000000002780e74400000000000000000
000000000000000000290168c400000000000000000
0000000000000000000000000000000000000000000
000000000000000000000000000000000009d5d2088
0000000000000000000000000000000000000000000
0000000000000000000000000000000000000000000
0000000000000000000000000000000000000000000
000000000000000000000000000000000009edea088
0000000000000000000000000000000000000000000
0000000000000000000000000000000000000000000
0000000000000000000000000000000000000000000
00000000000000000000000000000000000a0602088
0000000000000000000000000000000000000000000
0000000000000000000000000000000000000000000
0000000000000000000000000000000000000000000
00000000000000000000000000000000000a1e1a088
0000000000000000000000000000000000000000000
0000000000000000000000000000000000000000000
0000000000000000000000000000000000000000000
00000000000000000000000000000000000a3632088
0000000000000000000000000000000000000000000
0000000000000000000000000000000000000000000
0005e8186001558df80000000000000000000000000
0005ea19e00000000000000000000000000a4e4a088
0005ec1b60000000000000000000000000000000000
0005ee1ce0000000000000000000000000000000000
0005f01e6001568eb80000000000000000000000000
0005f421600000000000000000000000000a5a56088
0005f21fe0000000000000000000000000000000000
0005f622e0000000000000000000000000000000000
0005f8246001578f780000000000000000000000000
0005fa25e00000000000000000000000000a6662088
0005fc2760000000000000000000000000000000000
0005fe28e0000000000000000000000000000000000
0000000000015890380000000000000000000000000
00000000000000000000000000000000000a726e088
0000000000000000000000000000000000000000000
0000000000000000000000000000000000000000000
0000000000015990f80000000000000000000000000
00000000000000000000000000000000000a7e7a088
0000000000000000000000000000000000000000000
0000000000000000000000000000000000000000000
0000000000015a91b80000000000000000000000000
00000000000000000000000000000000000a8a86088
0000000000000000000000000000000000000000000
0000000000000000000000000000000000000000000
0006002a60015b92780000000000000000000000000
0006022be00000000000000000000000000a9692088
0006042d60000000000000000000000000000000000
0006062ee0000000000000000000000000000000000
0006083060015c12d80000000000000000000000000
00060a31e00000000000000000000000000aa29e088
00060c3360000000000000000000000000000000000
00060e34e0000000000000000000000000000000000
0006103660015c93380000000000000000000000000
00061237e0000000000000000000000000000000000
0006143960000000000000000000000000000000000
0006163ae0000000000000000000000000000000000
0000000000015d13980000000000000000000000000
0000000000000000000000000000000000000000000
0000000000000000000000000000000000000000000
0000000000000000000000000000000000000000000
0000000000015d93f80000000000000000000000000
0000000000000000000000000000000000000000000
0000000000000000000000000000000000000000000
0000000000000000000000000000000000000000000
0000000000015e14582b422b0400000000000000000
0000000000000000002cc2ac8400000000000000000
0000000000000000002e402e0400000000000000000
0000000000000000002fc0af8400000000000000000
0000000000015e94b83141310400000000000000000
00000000000000000032c1b28400000000000000000
0000000000000000003442340400000000000000000
00000000000000000035c2b58400000000000000000
0000000000015f151800000000000000000abab6088
0000000000000000002a81ea4400000000000000000
0000000000000000002c026bc400000000000000000
0000000000000000000000000000000000000000000
00000000000000000000000000000000000ad2ce088
0000000000000000000000000000000000000000000
0000000000000000000000000000000000000000000
0000000000000000000000000000000000000000000
00000000000000000000000000000000000aaeaa088
0000000000000000000000000000000000000000000
0000000000000000000000000000000000000000000
0000000000000000000000000000000000000000000
00000000000000000000000000000000000ac6c2088
0000000000000000000000000000000000000000000
0000000000000000000000000000000000000000000
0000000000000000000000000000000000000000000
00000000000000000000000000000000000aeae6088
0000000000000000000000000000000000000000000
0000000000000000000000000000000000000000000
0000000000000000000000000000000000000000000
00000000000000000000000000000000000b02fe088
0000000000000000000000000000000000000000000
0000000000000000000000000000000000000000000
0000000000016015d80000000000000000000000000
00000000000000000000000000000000000b1b16088
0000000000000000000000000000000000000000000
0000000000000000000000000000000000000000000
0000000000016116980000000000000000000000000
00000000000000000000000000000000000b332e088
0000000000000000000000000000000000000000000
0000000000000000000000000000000000000000000
0000000000015f95780000000000000000000000000
00000000000000000000000000000000000b4b46088
0000000000000000000000000000000000000000000
0000000000000000000000000000000000000000000
0000000000016096380000000000000000000000000
00000000000000000000000000000000000b635e088
0000000000000000000000000000000000000000000
0000000000000000000000000000000000000000000
0000000000016217580000000000000000000000000
0000000000000000000000000000000000000000000
0000000000000000000000000000000000000000000
0000000000000000000000000000000000000000000
0000000000016318180000000000000000000000000
0000000000000000000000000000000000000000000
0000000000000000000000000000000000000000000
0000000000000000000000000000000000000000000
0000000000016418d80000000000000000000000000
0000000000000000000000000000000000000000000
0000000000000000000000000000000000000000000
0000000000000000000000000000000000000000000
00000000000165199838c0b88400000000000000000
0000000000000000003740370400000000000000000
0000000000000000003bc1bb8400000000000000000
0000000000000000003a413a0400000000000000000
000000000001661a580000000000000000000000000
0000000000000000002d82ed4400000000000000000
0000000000000000002f006ec400000000000000000
0000000000000000003080f04400000000000000000
000000000001671b18320171c400000000000000000
0000000000000000003381f34400000000000000000
000000000000000000350274c400000000000000000
0000000000000000003682f64400000000000000000
000000000000000000380077c4000000000adeda088
0000000000000000003980f94400000000000000000
0000000000000000003b017ac400000000000000000
0000000000000000000000000000000000000000000
00000000000000000000000000000000000af6f2088
0000000000000000000000000000000000000000000
0000000000000000000000000000000000000000000
0000000000000000000000000000000000000000000
00000000000000000000000000000000000b0f0a088
0000000000000000000000000000000000000000000
0000000000000000000000000000000000000000000
0000000000000000000000000000000000000000000
00000000000000000000000000000000000b2722088
0000000000000000000000000000000000000000000
0000000000000000000000000000000000000000000
0000000000000000000000000000000000000000000
00000000000000000000000000000000000b3f3a088
0000000000000000000000000000000000000000000
0000000000000000000000000000000000000000000
0000000000000000000000000000000000000000000
00000000000000000000000000000000000b5752088
0000000000000000000000000000000000000000000
0000000000000000000000000000000000000000000
0000000000016196f80000000000000000000000000
00000000000000000000000000000000000b6f6a088
0000000000000000000000000000000000000000000
0000000000000000000000000000000000000000000
0000000000016297b80000000000000000000000000
00000000000000000000000000000000000b7b76088
0000000000000000000000000000000000000000000
0000000000000000000000000000000000000000000
0000000000016398780000000000000000000000000
00000000000000000000000000000000000b8782088
0000000000000000000000000000000000000000000
0000000000000000000000000000000000000000000
0000000000016499380000000000000000000000000
00000000000000000000000000000000000b938e088
0000000000000000000000000000000000000000000
0000000000000000000000000000000000000000000
0000000000016599f80000000000000000000000000
00000000000000000000000000000000000b9f9a088
0000000000000000000000000000000000000000000
0000000000000000000000000000000000000000000
000000000001669ab80000000000000000000000000
00000000000000000000000000000000000baba6088
0000000000000000000000000000000000000000000
0000000000000000000000000000000000000000000
000000000001679b780000000000000000000000000
00000000000000000000000000000000000bb7b2088
0000000000000000000000000000000000000000000
0000000000000000000000000000000000000000000
000000000001681bd80000000000000000000000000
00000000000000000000000000000000000bc3be088
0000000000000000000000000000000000000000000
0000000000000000000000000000000000000000000
000000000001689c380000000000000000000000000
0000000000000000000000000000000000000000000
0000000000000000000000000000000000000000000
0000000000000000000000000000000000000000000
000000000001691c980000000000000000000000000
0000000000000000000000000000000000000000000
0000000000000000000000000000000000000000000
0000000000000000000000000000000000000000000
000000000001699cf80000000000000000000000000
0000000000000000000000000000000000000000000
0000000000000000000000000000000000000000000
0000000000000000000000000000000000000000000
0000000000016a1d583d423d0400000000000000000
0000000000000000003ec2be8400000000000000000
0000000000000000000340030400000000000000000
00000000000000000004c0848400000000000000000
0000000000016a9db80641060400000000000000000
00000000000000000007c1878400000000000000000
0000000000000000000942090400000000000000000
0000000000000000000ac28a8400000000000000000
0000000000016b1e1800000000000000000bdbd6088
0000000000000000003c81fc4400000000000000000
0000000000000000003e027dc400000000000000000
0000000000000000000000000000000000000000000
00000000000000000000000000000000000bf3ee088
0000000000000000000000000000000000000000000
0000000000000000000000000000000000000000000
0000000000000000000000000000000000000000000
00000000000000000000000000000000000bcfca088
0000000000000000000000000000000000000000000
0000000000000000000000000000000000000000000
0000000000000000000000000000000000000000000
00000000000000000000000000000000000be7e2088
0000000000000000000000000000000000000000000
0000000000000000000000000000000000000000000
0000000000000000000000000000000000000000000
0000000000000000000000000000000000083836088
0000000000000000000000000000000000000000000
0000000000000000000000000000000000000000000
0000000000000000000000000000000000000000000
000000000000000000000000000000000008504e088
0000000000000000000000000000000000000000000
0000000000000000000000000000000000000000000
0000000000016c1ed80000000000000000000000000
0000000000000000000000000000000000086866088
0000000000000000000000000000000000000000000
0000000000000000000000000000000000000000000
0000000000016d1f980000000000000000000000000
000000000000000000000000000000000008807e088
0000000000000000000000000000000000000000000
0000000000000000000000000000000000000000000
0000000000016b9e780000000000000000000000000
0000000000000000000000000000000000089896088
0000000000000000000000000000000000000000000
0000000000000000000000000000000000000000000
0000000000016c9f380000000000000000000000000
000000000000000000000000000000000008b0ae088
0000000000000000000000000000000000000000000
0000000000000000000000000000000000000000000
0000000000016e01d80000000000000000000000000
0000000000000000000000000000000000000000000
0000000000000000000000000000000000000000000
0000000000000000000000000000000000000000000
0000000000016f02980000000000000000000000000
0000000000000000000000000000000000000000000
0000000000000000000000000000000000000000000
0000000000000000000000000000000000000000000
0000000000017003580000000000000000000000000
0000000000000000000000000000000000000000000
0000000000000000000000000000000000000000000
0000000000000000000000000000000000000000000
0000000000017104180dc08d8400000000000000000
0000000000000000000c400c0400000000000000000
00000000000000000010c1908400000000000000000
0000000000000000000f410f0400000000000000000
0000000000017204d80000000000000000000000000
0000000000000000003f82ff4400000000000000000
000000000000000000040043c400000000000000000
0000000000000000000580c54400000000000000000
000000000001730598070146c400000000000000000
0000000000000000000881c84400000000000000000
0000000000000000000a0249c400000000000000000
0000000000000000000b82cb4400000000000000000
0000000000000000000d004cc4000000000bfffa088
0000000000000000000e80ce4400000000000000000
00000000000000000010014fc400000000000000000
0000000000000000000000000000000000000000000
0000000000000000000000000000000000084442088
0000000000000000000000000000000000000000000
0000000000000000000000000000000000000000000
0000000000000000000000000000000000000000000
0000000000000000000000000000000000085c5a088
0000000000000000000000000000000000000000000
0000000000000000000000000000000000000000000
0000000000000000000000000000000000000000000
0000000000000000000000000000000000087472088
0000000000000000000000000000000000000000000
0000000000000000000000000000000000000000000
0000000000000000000000000000000000000000000
0000000000000000000000000000000000088c8a088
0000000000000000000000000000000000000000000
0000000000000000000000000000000000000000000
0000000000000000000000000000000000000000000
000000000000000000000000000000000008a4a2088
0000000000000000000000000000000000000000000
0000000000000000000000000000000000000000000
0000000000016d9ff80000000000000000000000000
000000000000000000000000000000000008bcba088
0000000000000000000000000000000000000000000
0000000000000000000000000000000000000000000
0000000000016e82380000000000000000000000000
000000000000000000000000000000000008c8c6088
0000000000000000000000000000000000000000000
0000000000000000000000000000000000000000000
0000000000016f82f80000000000000000000000000
000000000000000000000000000000000008d4d2088
0000000000000000000000000000000000000000000
0000000000000000000000000000000000000000000
0000000000017083b80000000000000000000000000
000000000000000000000000000000000008e0de088
0000000000000000000000000000000000000000000
0000000000000000000000000000000000000000000
0000000000017184780000000000000000000000000
000000000000000000000000000000000008ecea088
0000000000000000000000000000000000000000000
0000000000000000000000000000000000000000000
0000000000017285380000000000000000000000000
000000000000000000000000000000000008f8f6088
0000000000000000000000000000000000000000000
0000000000000000000000000000000000000000000
0000000000017385f80000000000000000000000000
0000000000000000000000000000000000090502088
0000000000000000000000000000000000000000000
0000000000000000000000000000000000000000000
0000000000017406580000000000000000000000000
000000000000000000000000000000000009110e088
0000000000000000000000000000000000000000000
0000000000000000000000000000000000000000000
0000000000017486b80000000000000000000000000
0000000000000000000000000000000000000000000
0000000000000000000000000000000000000000000
0000000000000000000000000000000000000000000
0000000000017507180000000000000000000000000
0000000000000000000000000000000000000000000
0000000000000000000000000000000000000000000
0000000000000000000000000000000000000000000
0000000000017587780000000000000000000000000
0000000000000000000000000000000000000000000
0000000000000000000000000000000000000000000
0000000000000000000000000000000000000000000
0000000000017607d81242120400000000000000000
00000000000000000013c2938400000000000000000
0000000000000000001540150400000000000000000
00000000000000000016c0968400000000000000000
0000000000017688381841180400000000000000000
00000000000000000019c1998400000000000000000
0000000000000000001b421b0400000000000000000
0000000000000000001cc29c8400000000000000000
0000000000017708980000000000000000092926088
0000000000000000001181d14400000000000000000
000000000000000000130252c400000000000000000
0000000000000000000000000000000000000000000
000000000000000000000000000000000009413e088
0000000000000000000000000000000000000000000
0000000000000000000000000000000000000000000
0000000000000000000000000000000000000000000
0000000000000000000000000000000000091d1a088
0000000000000000000000000000000000000000000
0000000000000000000000000000000000000000000
0000000000000000000000000000000000000000000
0000000000000000000000000000000000093532088
0000000000000000000000000000000000000000000
0000000000000000000000000000000000000000000
0000000000000000000000000000000000000000000
0000000000000000000000000000000000095956088
0000000000000000000000000000000000000000000
0000000000000000000000000000000000000000000
0000000000000000000000000000000000000000000
000000000000000000000000000000000009716e088
0000000000000000000000000000000000000000000
0000000000000000000000000000000000000000000
0000000000017809580000000000000000000000000
0000000000000000000000000000000000098986088
0000000000000000000000000000000000000000000
0000000000000000000000000000000000000000000
000000000001790a180000000000000000000000000
000000000000000000000000000000000009a19e088
0000000000000000000000000000000000000000000
0000000000000000000000000000000000000000000
0000000000017788f80000000000000000000000000
000000000000000000000000000000000009b9b6088
0000000000000000000000000000000000000000000
0000000000000000000000000000000000000000000
0000000000017889b80000000000000000000000000
000000000000000000000000000000000009d1ce088
0000000000000000000000000000000000000000000
0000000000000000000000000000000000000000000
0000000000017a0ad80000000000000000000000000
0000000000000000000000000000000000000000000
0000000000000000000000000000000000000000000
0000000000000000000000000000000000000000000
0000000000017b0b980000000000000000000000000
0000000000000000000000000000000000000000000
0000000000000000000000000000000000000000000
0000000000000000000000000000000000000000000
0000000000017c0c580000000000000000000000000
0000000000000000000000000000000000000000000
0000000000000000000000000000000000000000000
0000000000000000000000000000000000000000000
0000000000017d0d180000000000000000000000000
0000000000000000001482d44400000000000000000
000000000000000000160055c400000000000000000
0000000000000000001780d74400000000000000000
0000000000017e0dd8190158c400000000000000000
0000000000000000001a81da4400000000000000000
0000000000000000001c025bc400000000000000000
0000000000000000001d82dd4400000000000000000
0000000000017f0e980000000000000000094d4a088
0000000000000000000000000000000000000000000
0000000000000000000000000000000000000000000
0000000000000000000000000000000000000000000
0000000000000000000000000000000000096562088
0000000000000000000000000000000000000000000
0000000000000000000000000000000000000000000
0000000000000000000000000000000000000000000
0000000000000000000000000000000000097d7a088
0000000000000000000000000000000000000000000
0000000000000000000000000000000000000000000
0000000000000000000000000000000000000000000
0000000000000000000000000000000000099592088
0000000000000000000000000000000000000000000
0000000000000000000000000000000000000000000
0000000000000000000000000000000000000000000
000000000000000000000000000000000009adaa088
0000000000000000000000000000000000000000000
0000000000000000000000000000000000000000000
0000000000000000000000000000000000000000000
000000000000000000000000000000000009c5c2088
0000000000000000000000000000000000000000000
0000000000000000000000000000000000000000000
000000000001798a780000000000000000000000000
000000000000000000000000000000000009ddda088
0000000000000000000000000000000000000000000
0000000000000000000000000000000000000000000
0000000000017a8b380000000000000000000000000
0000000000000000000000000000000000000000000
0000000000000000000000000000000000000000000
0000000000000000000000000000000000000000000
0000000000017b8bf80000000000000000000000000
0000000000000000000000000000000000000000000
0000000000000000000000000000000000000000000
0000000000000000000000000000000000000000000
0000000000017c8cb80000000000000000000000000
0000000000000000000000000000000000000000000
0000000000000000000000000000000000000000000
0000000000000000000000000000000000000000000
0000000000017d8d780000000000000000000000000
0000000000000000000000000000000000000000000
0000000000000000000000000000000000000000000
0000000000000000000000000000000000000000000
0000000000017e8e380000000000000000000000000
0000000000000000000000000000000000000000000
0000000000000000000000000000000000000000000
0000000000000000000000000000000000000000000
0000000000017f8ef80000000000000000000000000
0000000000000000000000000000000000000000001
0000000060000000000000000000000000000000000
0000020160000000000000000000000000000000000
0000040260000000000000000000000000000000000
000006036000000000000000000000000008040208c
0000080460000000000000000000000000000000000
00000a0560000000000000000000000000000000000
00000c0660000000000000000000000000000000000
00000e0760000000000000000000000000080c0a08c
0000100860000000000000000000000000000000000
0000120960000000000000000000000000000000000
0000140a60000000000000000000000000000000000
0000160b6000000000000000000000000008141208c
0000180c60000000000000000000000000000000000
00001a0d60000000000000000000000000000000000
00001c0e60000000000000000000000000000000000
00001e0f60000000000000000000000000081c1a08c
0000201060000000000000000000000000000000000
0000221160000000000000000000000000000000000
0000241260000000000000000000000000000000000
000026136000000000000000000000000008242208c
0000281460000000000000000000000000000000000
00002a1560000000000000000000000000000000000
00002c1660000000000000000000000000000000000
00002e1760000000000000000000000000082c2a08c
0000301860000000000000000000000000000000000
0000321960000000000000000000000000000000000
0000341a60000000380000000000000000000000000
0000361b6000000000000000000000000008343208c
0000381c60000000000000000000000000000000000
00003a1d60000000000000000000000000000000000
00003c1e60000080780000000000000000000000000
00003e1f60000000000000000000000000083c3a08c
0000402060000000000000000000000000000000000
0000422160000000000000000000000000000000000
0000442260000100b80000000000000000000000000
000046236000000000000000000000000008444208c
0000482460000000000000000000000000000000000
00004a2560000000000000000000000000000000000
00004c2660000180f80000000000000000000000000
00004e2760000000000000000000000000084c4a08c
0000502860000000000000000000000000000000000
0000522960000000000000000000000000000000000
0000542a60000201380000000000000000000000000
0000562b6000000000000000000000000008545208c
0000582c60000000000000000000000000000000000
00005a2d60000000000000000000000000000000000
00005c2e60000281780000000000000000000000000
00005e2f60000000000000000000000000085c5a08c
0000603060000000000000000000000000000000000
0000623160000000000000000000000000000000000
0000643260000301b80000000000000000000000000
000066336000000000000000000000000008646208c
0000683460000000000000000000000000000000000
00006a3560000000000000000000000000000000000
00006c3660000381f80000000000000000000000000
00006e3760000000000000000000000000086c6a08c
0000703860000000000000000000000000000000000
0000723960000000000000000000000000000000000
0000743a60000402380000000000000000000000000
0000763b6000000000000000000000000008747208c
0000783c60000000000000000000000000000000000
00007a3d60000000000000000000000000000000000
00007c3e60000482780000000000000000000000000
00007e3f60000000000000000000000000087c7a08c
0000804060000000000000000000000000000000000
0000824160000000000000000000000000000000000
0000844260000502b80000000000000000000000000
000086436000000000000000000000000008848208c
0000884460000000000000000000000000000000000
00008a4560000000000000000000000000000000000
00008c4660000582f80000000000000000000000000
00008e4760000000000000000000000000088c8a08c
0000904860000000000000000000000000000000000
0000924960000000000000000000000000000000000
0000944a60000603380000000000000000000000000
0000964b6000000000000000000000000008949208c
0000984c60000000000000000000000000000000000
00009a4d60000000000000000000000000000000000
00009c4e60000683780000000000000000000000000
00009e4f60000000000000000000000000089c9a08c
0000a05060000000000000000000000000000000000
0000a25160000000000000000000000000000000000
0000a45260000703b80000000000000000000000000
0000a6536000000000000000000000000008a4a208c
0000a85460000000000000000000000000000000000
0000aa5560000000000000000000000000000000000
0000ac5660000783f80000000000000000000000000
0000ae576000000000000000000000000008acaa08c
0000b05860000000000000000000000000000000000
0000b25960000000000000000000000000000000000
0000b45a60000804380000000000000000000000000
0000b65b6000000000000000000000000008b4b208c
0000b85c60000000000000000000000000000000000
0000ba5d60000000000000000000000000000000000
0000bc5e60000884780000000000000000000000000
0000be5f6000000000000000000000000008bcba08c
0000c06060000000000000000000000000000000000
0000c26160000000000000000000000000000000000
0000c46260000904b80000000000000000000000000
0000c6636000000000000000000000000008c4c208c
0000c86460000000000000000000000000000000000
0000ca6560000000000000000000000000000000000
0000cc6660000984f80000000000000000000000000
0000ce676000000000000000000000000008ccca08c
0000d06860000000000000000000000000000000000
0000d26960000000000000000000000000000000000
0000d46a60000a05380000000000000000000000000
0000d66b6000000000000000000000000008d4d208c
0000d86c60000000000000000000000000000000000
0000da6d60000000000000000000000000000000000
0000dc6e60000a85780000000000000000000000000
0000de6f6000000000000000000000000008dcda08c
0000e07060000000000000000000000000000000000
0000e27160000000000000000000000000000000000
0000e47260000b05b80000000000000000000000000
0000e6736000000000000000000000000008e4e208c
0000e87460000000000000000000000000000000000
0000ea7560000000000000000000000000000000000
0000ec7660000b85f80000000000000000000000000
0000ee776000000000000000000000000008ecea08c
0000f07860000000000000000000000000000000000
0000f27960000000000000000000000000000000000
0000f47a60000c06380000000000000000000000000
0000f67b6000000000000000000000000008f4f208c
0000f87c60000000000000000000000000000000000
0000fa7d60000000000000000000000000000000000
0000fc7e60000c86780000000000000000000000000
0000fe7f6000000000000000000000000008fcfa08c
0001000060000000000000000000000000000000000
0001020160000000000000000000000000000000000
0001040260000d06b80000000000000000000000000
000106036000000000000000000000000009050208c
0001080460000000000000000000000000000000000
00010a0560000000000000000000000000000000000
00010c0660000d86f80000000000000000000000000
00010e0760000000000000000000000000090d0a08c
0001100860000000000000000000000000000000000
0001120960000000000000000000000000000000000
0001140a60000e07380000000000000000000000000
0001160b6000000000000000000000000009151208c
0001180c60000000000000000000000000000000000
00011a0d60000000000000000000000000000000000
00011c0e60000e87780000000000000000000000000
00011e0f60000000000000000000000000091d1a08c
0001201060000000000000000000000000000000000
0001221160000000000000000000000000000000000
0001241260000f07b80000000000000000000000000
000126136000000000000000000000000009252208c
0001281460000000000000000000000000000000000
00012a1560000000000000000000000000000000000
00012c1660000f87f80000000000000000000000000
00012e1760000000000000000000000000092d2a08c
0001301860000000000000000000000000000000000
0001321960000000000000000000000000000000000
0001341a60001008380000000000000000000000000
0001361b6000000000000000000000000009353208c
0001381c60000000000000000000000000000000000
00013a1d60000000000000000000000000000000000
00013c1e60001088780000000000000000000000000
0000000000000000000000000000000000093d3a08c
0000000000000000000000000000000000000000000
0000000000000000000000000000000000000000000
0000000000001108b80000000000000000000000000
000000000000000000000000000000000009454208c
0000000000000000000000000000000000000000000
0000000000000000000000000000000000000000000
00013e1f60001188f80000000000000000000000000
0001402060000000000000000000000000094d4a08c
0001422160000000000000000000000000000000000
0000000000000000000000000000000000000000000
0000000000001209380000000000000000000000000
000000000000000000000000000000000009555208c
0000000000000000000000000000000000000000000
0000000000000000000000000000000000000000000
0000000000001289780000000000000000000000000
0000000000000000000000000000000000095d5a08c
0000000000000000000000000000000000000000000
0000000000000000000000000000000000000000000
0001442260001309b80000000000000000000000000
000146236000000000000000000000000009656208c
0001482460000000000000000000000000000000000
0000000000000000000000000000000000000000000
0000000000001389f80000000000000000000000000
0000000000000000000000000000000000096d6a08c
0000000000000000000000000000000000000000000
0000000000000000000000000000000000000000000
000000000000140a380000000000000000000000000
000000000000000000000000000000000009757208c
0000000000000000000000000000000000000000000
0000000000000000000000000000000000000000000
00014a256000148a780000000000000000000000000
00014c2660000000000000000000000000097d7a08c
00014e2760000000000000000000000000000000000
0000000000000000000000000000000000000000000
000000000000150ab80000000000000000000000000
000000000000000000000000000000000009858208c
0000000000000000000000000000000000000000000
0000000000000000000000000000000000000000000
000000000000158af80000000000000000000000000
0000000000000000000000000000000000098d8a08c
0000000000000000000000000000000000000000000
0000000000000000000000000000000000000000000
000150286000160b380000000000000000000000000
000152296000000000000000000000000009959208c
0001542a60000000000000000000000000000000000
0000000000000000000000000000000000000000000
000000000000168b780000000000000000000000000
0000000000000000000000000000000000099d9a08c
0000000000000000000000000000000000000000000
0000000000000000000000000000000000000000000
000000000000170bb80000000000000000000000000
000000000000000000000000000000000009a5a208c
0000000000000000000000000000000000000000000
0000000000000000000000000000000000000000000
0001562b6000178bf80000000000000000000000000
0001582c6000000000000000000000000009adaa08c
00015a2d60000000000000000000000000000000000
0000000000000000000000000000000000000000000
000000000000180c380000000000000000000000000
000000000000000000000000000000000009b5b208c
0000000000000000000000000000000000000000000
0000000000000000000000000000000000000000000
000000000000188c780000000000000000000000000
000000000000000000000000000000000009bdba08c
0000000000000000000000000000000000000000000
0000000000000000000000000000000000000000000
00015c2e6000190cb80000000000000000000000000
00015e2f6000000000000000000000000009c5c208c
0001603060000000000000000000000000000000000
0000000000000000000000000000000000000000000
000000000000198cf80000000000000000000000000
000000000000000000000000000000000009cdca08c
0000000000000000000000000000000000000000000
0000000000000000000000000000000000000000000
0000000000001a0d380000000000000000000000000
000000000000000000000000000000000009d5d208c
0000000000000000000000000000000000000000000
0000000000000000000000000000000000000000000
0001623160001a8d780000000000000000000000000
000164326000000000000000000000000009ddda08c
0001663360000000000000000000000000000000000
0000000000000000000000000000000000000000000
0000000000001b0db80000000000000000000000000
000000000000000000000000000000000009e5e208c
0000000000000000000000000000000000000000000
0000000000000000000000000000000000000000000
0000000000001b8df80000000000000000000000000
000000000000000000000000000000000009edea08c
0000000000000000000000000000000000000000000
0000000000000000000000000000000000000000000
0001683460001c0e380000000000000000000000000
00016a356000000000000000000000000009f5f208c
00016c3660000000000000000000000000000000000
0000000000000000000000000000000000000000000
0000000000001c8e780000000000000000000000000
000000000000000000000000000000000009fdfa08c
0000000000000000000000000000000000000000000
0000000000000000000000000000000000000000000
0000000000001d0eb80000000000000000000000000
00000000000000000000000000000000000a060208c
0000000000000000000000000000000000000000000
0000000000000000000000000000000000000000000
00016e3760001d8ef80000000000000000000000000
00017038600000000000000000000000000a0e0a08c
0001723960000000000000000000000000000000000
0000000000000000000000000000000000000000000
0000000000001e0f380000000000000000000000000
00000000000000000000000000000000000a161208c
0000000000000000000000000000000000000000000
0000000000000000000000000000000000000000000
0000000000001e8f780000000000000000000000000
00000000000000000000000000000000000a1e1a08c
0000000000000000000000000000000000000000000
0000000000000000000000000000000000000000000
0001743a60001f0fb80000000000000000000000000
0001763b600000000000000000000000000a262208c
0001783c60000000000000000000000000000000000
0000000000000000000000000000000000000000000
0000000000001f8ff80000000000000000000000000
00000000000000000000000000000000000a2e2a08c
0000000000000000000000000000000000000000000
0000000000000000000000000000000000000000000
0000000000002010380000000000000000000000000
00000000000000000000000000000000000a363208c
0000000000000000000000000000000000000000000
0000000000000000000000000000000000000000000
00017a3d60002090780000000000000000000000000
00017c3e600000000000000000000000000a3e3a08c
00017e3f60000000000000000000000000000000000
0000000000000000000000000000000000000000000
0000000000002110b80000000000000000000000000
00000000000000000000000000000000000a464208c
0000000000000000000000000000000000000000000
0000000000000000000000000000000000000000000
0000000000002190f80000000000000000000000000
00000000000000000000000000000000000a4e4a08c
0000000000000000000000000000000000000000000
0000000000000000000000000000000000000000000
0000000000002211380000000000000000000000000
00000000000000000000000000000000000a565208c
0000000000000000000000000000000000000000000
0000000000000000000000000000000000000000000
0000000000002291780000000000000000000000000
00000000000000000000000000000000000a5e5a08c
0000000000000000000000000000000000000000000
0000000000000000000000000000000000000000000
0000000000002311b80000000000000000000000000
00000000000000000000000000000000000a666208c
0000000000000000000000000000000000000000000
0000000000000000000000000000000000000000000
0000000000002391f80000000000000000000000000
00000000000000000000000000000000000a6e6a08c
0000000000000000000000000000000000000000000
0000000000000000000000000000000000000000000
0000000000002412380000000000000000000000000
00000000000000000000000000000000000a767208c
0000000000000000000000000000000000000000000
0000000000000000000000000000000000000000000
0000000000002492780000000000000000000000000
00000000000000000000000000000000000a7e7a08c
0000000000000000000000000000000000000000000
0000000000000000000000000000000000000000000
0000000000002512b80000000000000000000000000
00000000000000000000000000000000000a868208c
0000000000000000000000000000000000000000000
0000000000000000000000000000000000000000000
0000000000002592f80000000000000000000000000
00000000000000000000000000000000000a8e8a08c
0000000000000000000000000000000000000000000
0000000000000000000000000000000000000000000
0000000000002613380000000000000000000000000
00000000000000000000000000000000000a969208c
0000000000000000000000000000000000000000000
0000000000000000000000000000000000000000000
0000000000002693780000000000000000000000000
00000000000000000000000000000000000a9e9a08c
0000000000000000000000000000000000000000000
0000000000000000000000000000000000000000000
0000000000002713b80000000000000000000000000
00000000000000000000000000000000000aa6a208c
0000000000000000000000000000000000000000000
0000000000000000000000000000000000000000000
0000000000002793f80000000000000000000000000
00000000000000000000000000000000000aaeaa08c
0000000000000000000000000000000000000000000
0000000000000000000000000000000000000000000
0000000000002814380000000000000000000000000
00000000000000000000000000000000000ab6b208c
0000000000000000000000000000000000000000000
0000000000000000000000000000000000000000000
0000000000002894780000000000000000000000000
00000000000000000000000000000000000abeba08c
0000000000000000000000000000000000000000000
0000000000000000000000000000000000000000000
0000000000002914b80000000000000000000000000
00000000000000000000000000000000000ac6c208c
0000000000000000000000000000000000000000000
0000000000000000000000000000000000000000000
0000000000002994f80000000000000000000000000
00000000000000000000000000000000000aceca08c
0000000000000000000000000000000000000000000
0000000000000000000000000000000000000000000
0000000000002a15380000000000000000000000000
00000000000000000000000000000000000ad6d208c
0000000000000000000000000000000000000000000
0000000000000000000000000000000000000000000
0000000000002a95780000000000000000000000000
00000000000000000000000000000000000adeda08c
0000000000000000000000000000000000000000000
0000000000000000000000000000000000000000000
0000000000002b15b80000000000000000000000000
00000000000000000000000000000000000ae6e208c
0000000000000000000000000000000000000000000
0000000000000000000000000000000000000000000
0000000000002b95f80000000000000000000000000
00000000000000000000000000000000000aeeea08c
0000000000000000000000000000000000000000000
0000000000000000000000000000000000000000000
0000000000002c16380000000000000000000000000
00000000000000000000000000000000000af6f208c
0000000000000000000000000000000000000000000
0000000000000000000000000000000000000000000
0000000000002c96780000000000000000000000000
00000000000000000000000000000000000afefa08c
0000000000000000000000000000000000000000000
0000000000000000000000000000000000000000000
0000000000002d16b80000000000000000000000000
00000000000000000000000000000000000b070208c
0000000000000000000000000000000000000000000
0000000000000000000000000000000000000000000
0000000000002d96f80000000000000000000000000
00000000000000000000000000000000000b0f0a08c
0000000000000000000000000000000000000000000
0000000000000000000000000000000000000000000
0000000000002e17380000000000000000000000000
00000000000000000000000000000000000b171208c
0000000000000000000000000000000000000000000
0000000000000000000000000000000000000000000
0000000000002e97780000000000000000000000000
00000000000000000000000000000000000b1f1a08c
0000000000000000000000000000000000000000000
0000000000000000000000000000000000000000000
0000000000002f17b80000000000000000000000000
00000000000000000000000000000000000b272208c
0000000000000000000000000000000000000000000
0000000000000000000000000000000000000000000
0000000000002f97f80000000000000000000000000
00000000000000000000000000000000000b2f2a08c
0000000000000000000000000000000000000000000
0000000000000000000000000000000000000000000
0000000000003018380000000000000000000000000
00000000000000000000000000000000000b373208c
0000000000000000000000000000000000000000000
0000000000000000000000000000000000000000000
0000000000003098780000000000000000000000000
00000000000000000000000000000000000b3f3a08c
0000000000000000000000000000000000000000000
0000000000000000000000000000000000000000000
0000000000003118b80000000000000000000000000
00000000000000000000000000000000000b474208c
0000000000000000000000000000000000000000000
0000000000000000000000000000000000000000000
0000000000003198f80000000000000000000000000
00000000000000000000000000000000000b4f4a08c
0000000000000000000000000000000000000000000
0000000000000000000000000000000000000000000
0000000000003219380000000000000000000000000
00000000000000000000000000000000000b575208c
0000000000000000000000000000000000000000000
0000000000000000000000000000000000000000000
0000000000003299780000000000000000000000000
00000000000000000000000000000000000b5f5a08c
0000000000000000000000000000000000000000000
0000000000000000000000000000000000000000000
0000000000003319b80000000000000000000000000
00000000000000000000000000000000000b676208c
0000000000000000000000000000000000000000000
0000000000000000000000000000000000000000000
0000000000003399f80000000000000000000000000
00000000000000000000000000000000000b6f6a08c
0000000000000000000000000000000000000000000
0000000000000000000000000000000000000000000
000000000000341a380000000000000000000000000
00000000000000000000000000000000000b777208c
0000000000000000000000000000000000000000000
0000000000000000000000000000000000000000000
000000000000349a780000000000000000000000000
00000000000000000000000000000000000b7f7a08c
0000000000000000000000000000000000000000000
0000000000000000000000000000000000000000000
000000000000351ab80000000000000000000000000
00000000000000000000000000000000000b878208c
0000000000000000000000000000000000000000000
0000000000000000000000000000000000000000000
000000000000359af80000000000000000000000000
00000000000000000000000000000000000b8f8a08c
0000000000000000000000000000000000000000000
0000000000000000000000000000000000000000000
000000000000361b380000000000000000000000000
00000000000000000000000000000000000b979208c
0000000000000000000000000000000000000000000
0000000000000000000000000000000000000000000
000000000000369b780000000000000000000000000
00000000000000000000000000000000000b9f9a08c
0000000000000000000000000000000000000000000
0000000000000000000000000000000000000000000
000000000000371bb80000000000000000000000000
00000000000000000000000000000000000ba7a208c
0000000000000000000000000000000000000000000
0000000000000000000000000000000000000000000
000000000000379bf80000000000000000000000000
00000000000000000000000000000000000bafaa08c
0000000000000000000000000000000000000000000
0000000000000000000000000000000000000000000
000000000000381c380000000000000000000000000
00000000000000000000000000000000000bb7b208c
0000000000000000000000000000000000000000000
0000000000000000000000000000000000000000000
000000000000389c780000000000000000000000000
00000000000000000000000000000000000bbfba08c
0000000000000000000000000000000000000000000
0000000000000000000000000000000000000000000
000000000000391cb80000000000000000000000000
00000000000000000000000000000000000bc7c208c
0000000000000000000000000000000000000000000
0000000000000000000000000000000000000000000
000000000000399cf80000000000000000000000000
00000000000000000000000000000000000bcfca08c
0000000000000000000000000000000000000000000
0000000000000000000000000000000000000000000
0000000000003a1d380000000000000000000000000
00000000000000000000000000000000000bd7d208c
0000000000000000000000000000000000000000000
0000000000000000000000000000000000000000000
0000000000003a9d780000000000000000000000000
00000000000000000000000000000000000bdfda08c
0000000000000000000000000000000000000000000
0000000000000000000000000000000000000000000
0000000000003b1db80000000000000000000000000
00000000000000000000000000000000000be7e208c
0000000000000000000000000000000000000000000
0000000000000000000000000000000000000000000
0000000000003b9df80000000000000000000000000
00000000000000000000000000000000000befea08c
0000000000000000000000000000000000000000000
0000000000000000000000000000000000000000000
0000000000003c1e380000000000000000000000000
00000000000000000000000000000000000bf7f208c
0000000000000000000000000000000000000000000
0000000000000000000000000000000000000000000
0000000000003c9e780000000000000000000000000
00000000000000000000000000000000000bfffa08c
0000000000000000000000000000000000000000000
0000000000000000000000000000000000000000000
0000000000003d1eb80000000000000000000000000
000000000000000000000000000000000008040208c
0000000000000000000000000000000000000000000
0000000000000000000000000000000000000000000
0000000000003d9ef80000000000000000000000000
0000000000000000000000000000000000080c0a08c
0000000000000000000000000000000000000000000
0000000000000000000000000000000000000000000
0000000000003e1f380000000000000000000000000
000000000000000000000000000000000008141208c
0000000000000000000000000000000000000000000
0000000000000000000000000000000000000000000
0000000000003e9f780000000000000000000000000
0000000000000000000000000000000000081c1a08c
0000000000000000000000000000000000000000000
0000000000000000000000000000000000000000000
0000000000003f1fb80000000000000000000000000
000000000000000000000000000000000008242208c
0000000000000000000000000000000000000000000
0000000000000000000000000000000000000000000
0000000000003f9ff80000000000000000000000000
0000000000000000000000000000000000082c2a08c
0000000000000000000000000000000000000000000
0000000000000000000000000000000000000000000
0000000000004000380000000000000000000000000
000000000000000000000000000000000008343208c
0000000000000000000000000000000000000000000
0000000000000000000000000000000000000000000
0000000000004080780000000000000000000000000
0000000000000000000000000000000000083c3a08c
0000000000000000000000000000000000000000000
0000000000000000000000000000000000000000000
0000000000004100b80000000000000000000000000
000000000000000000000000000000000008444208c
0000000000000000000000000000000000000000000
0000000000000000000000000000000000000000000
0000000000004180f80000000000000000000000000
0000000000000000000000000000000000084c4a08c
0000000000000000000000000000000000000000000
0000000000000000000000000000000000000000000
0000000000004201380000000000000000000000000
000000000000000000000000000000000008545208c
0000000000000000000000000000000000000000000
0000000000000000000000000000000000000000000
0000000000004281780000000000000000000000000
0000000000000000000000000000000000085c5a08c
0000000000000000000000000000000000000000000
0000000000000000000000000000000000000000000
0000000000004301b80000000000000000000000000
000000000000000000000000000000000008646208c
0000000000000000000000000000000000000000000
0000000000000000000000000000000000000000000
0000000000004381f80000000000000000000000000
0000000000000000000000000000000000086c6a08c
0000000000000000000000000000000000000000000
0000000000000000000000000000000000000000000
0000000000004402380000000000000000000000000
000000000000000000000000000000000008747208c
0000000000000000000000000000000000000000000
0000000000000000000000000000000000000000000
0000000000004482780000000000000000000000000
0000000000000000000000000000000000087c7a08c
0000000000000000000000000000000000000000000
0000000000000000000000000000000000000000000
0000000000004502b80000000000000000000000000
000000000000000000000000000000000008848208c
0000000000000000000000000000000000000000000
0000000000000000000000000000000000000000000
0000000000004582f80000000000000000000000000
0000000000000000000000000000000000088c8a08c
0000000000000000000000000000000000000000000
0000000000000000000000000000000000000000000
0000000000004603380000000000000000000000000
000000000000000000000000000000000008949208c
0000000000000000000000000000000000000000000
0000000000000000000000000000000000000000000
0000000000004683780000000000000000000000000
0000000000000000000000000000000000089c9a08c
0000000000000000000000000000000000000000000
0000000000000000000000000000000000000000000
0000000000004703b80000000000000000000000000
000000000000000000000000000000000008a4a208c
0000000000000000000000000000000000000000000
0000000000000000000000000000000000000000000
0000000000004783f80000000000000000000000000
000000000000000000000000000000000008acaa08c
0000000000000000000000000000000000000000000
0000000000000000000000000000000000000000000
0000000000004804380000000000000000000000000
000000000000000000000000000000000008b4b208c
0000000000000000000000000000000000000000000
0000000000000000000000000000000000000000000
0000000000004884780000000000000000000000000
000000000000000000000000000000000008bcba08c
0000000000000000000000000000000000000000000
0000000000000000000000000000000000000000000
0000000000004904b80000000000000000000000000
000000000000000000000000000000000008c4c208c
0000000000000000000000000000000000000000000
0000000000000000000000000000000000000000000
0000000000004984f80000000000000000000000000
000000000000000000000000000000000008ccca08c
0000000000000000000000000000000000000000000
0000000000000000000000000000000000000000000
0000000000004a05380000000000000000000000000
000000000000000000000000000000000008d4d208c
0000000000000000000000000000000000000000000
0000000000000000000000000000000000000000000
0000000000004a85780000000000000000000000000
000000000000000000000000000000000008dcda08c
0000000000000000000000000000000000000000000
0000000000000000000000000000000000000000000
0000000000004b05b80000000000000000000000000
000000000000000000000000000000000008e4e208c
0000000000000000000000000000000000000000000
0000000000000000000000000000000000000000000
0000000000004b85f80000000000000000000000000
000000000000000000000000000000000008ecea08c
0000000000000000000000000000000000000000000
0000000000000000000000000000000000000000000
0000000000004c06380000000000000000000000000
000000000000000000000000000000000008f4f208c
0000000000000000000000000000000000000000000
0000000000000000000000000000000000000000000
0000000000004c86780000000000000000000000000
000000000000000000000000000000000008fcfa08c
0000000000000000000000000000000000000000000
0000000000000000000000000000000000000000000
0000000000004d06b80000000000000000000000000
000000000000000000000000000000000009050208c
0000000000000000000000000000000000000000000
0000000000000000000000000000000000000000000
0000000000004d86f80000000000000000000000000
0000000000000000000000000000000000090d0a08c
0000000000000000000000000000000000000000000
0000000000000000000000000000000000000000000
0000000000004e07380000000000000000000000000
000000000000000000000000000000000009151208c
0000000000000000000000000000000000000000000
0000000000000000000000000000000000000000000
0000000000004e87780000000000000000000000000
0000000000000000000000000000000000091d1a08c
0000000000000000000000000000000000000000000
0000000000000000000000000000000000000000000
0000000000004f07b80000000000000000000000000
000000000000000000000000000000000009252208c
0000000000000000000000000000000000000000000
0000000000000000000000000000000000000000000
0000000000004f87f80000000000000000000000000
0000000000000000000000000000000000092d2a08c
0000000000000000000000000000000000000000000
0000000000000000000000000000000000000000000
0000000000005008380000000000000000000000000
000000000000000000000000000000000009353208c
0000000000000000000000000000000000000000000
0000000000000000000000000000000000000000000
0000000000005088780000000000000000000000000
0000000000000000000000000000000000093d3a08c
0000000000000000000000000000000000000000000
0000000000000000000000000000000000000000000
0000000000005108b80000000000000000000000000
000000000000000000000000000000000009454208c
0000000000000000000000000000000000000000000
0000000000000000000000000000000000000000000
0000000000005188f80000000000000000000000000
0000000000000000000000000000000000094d4a08c
0000000000000000000000000000000000000000000
0000000000000000000000000000000000000000000
0000000000005209380000000000000000000000000
000000000000000000000000000000000009555208c
0000000000000000000000000000000000000000000
0000000000000000000000000000000000000000000
0000000000005289780000000000000000000000000
0000000000000000000000000000000000095d5a08c
0000000000000000000000000000000000000000000
0000000000000000000000000000000000000000000
0000000000005309b80000000000000000000000000
000000000000000000000000000000000009656208c
0000000000000000000000000000000000000000000
0000000000000000000000000000000000000000000
0000000000005389f80000000000000000000000000
0000000000000000000000000000000000096d6a08c
0000000000000000000000000000000000000000000
0000000000000000000000000000000000000000000
000000000000540a380000000000000000000000000
000000000000000000000000000000000009757208c
0000000000000000000000000000000000000000000
0000000000000000000000000000000000000000000
000000000000548a780000000000000000000000000
0000000000000000000000000000000000097d7a08c
0000000000000000000000000000000000000000000
0000000000000000000000000000000000000000000
000000000000550ab80000000000000000000000000
000000000000000000000000000000000009858208c
0000000000000000000000000000000000000000000
0000000000000000000000000000000000000000000
000000000000558af80000000000000000000000000
0000000000000000000000000000000000098d8a08c
0000000000000000000000000000000000000000000
0000000000000000000000000000000000000000000
000000000000560b380000000000000000000000000
000000000000000000000000000000000009959208c
0000000000000000000000000000000000000000000
0000000000000000000000000000000000000000000
000000000000568b780000000000000000000000000
0000000000000000000000000000000000099d9a08c
0000000000000000000000000000000000000000000
0000000000000000000000000000000000000000000
000000000000570bb80000000000000000000000000
000000000000000000000000000000000009a5a208c
0000000000000000000000000000000000000000000
0000000000000000000000000000000000000000000
000000000000578bf80000000000000000000000000
000000000000000000000000000000000009adaa08c
0000000000000000000000000000000000000000000
0000000000000000000000000000000000000000000
000000000000580c380000000000000000000000000
000000000000000000000000000000000009b5b208c
0000000000000000000000000000000000000000000
0000000000000000000000000000000000000000000
000000000000588c780000000000000000000000000
000000000000000000000000000000000009bdba08c
0000000000000000000000000000000000000000000
0000000000000000000000000000000000000000000
000000000000590cb80000000000000000000000000
000000000000000000000000000000000009c5c208c
0000000000000000000000000000000000000000000
0000000000000000000000000000000000000000000
000000000000598cf80000000000000000000000000
000000000000000000000000000000000009cdca08c
0000000000000000000000000000000000000000000
0000000000000000000000000000000000000000000
0000000000005a0d380000000000000000000000000
000000000000000000000000000000000009d5d208c
0000000000000000000000000000000000000000000
0000000000000000000000000000000000000000000
0000000000005a8d780000000000000000000000000
000000000000000000000000000000000009ddda08c
0000000000000000000000000000000000000000000
0000000000000000000000000000000000000000000
0000000000005b0db80000000000000000000000000
000000000000000000000000000000000009e5e208c
0000000000000000000000000000000000000000000
0000000000000000000000000000000000000000000
0000000000005b8df80000000000000000000000000
000000000000000000000000000000000009edea08c
0000000000000000000000000000000000000000000
0000000000000000000000000000000000000000000
0000000000005c0e380000000000000000000000000
000000000000000000000000000000000009f5f208c
0000000000000000000000000000000000000000000
0000000000000000000000000000000000000000000
0000000000005c8e780000000000000000000000000
000000000000000000000000000000000009fdfa08c
0000000000000000000000000000000000000000000
0000000000000000000000000000000000000000000
0000000000005d0eb80000000000000000000000000
0000000000000000000000000000000000000000000
0000000000000000000000000000000000000000000
0000000000000000000000000000000000000000000
0000000000005d8ef80000000000000000000000000
0000000000000000000000000000000000000000000
0000000000000000000000000000000000000000000
0000000000000000000000000000000000000000000
0000000000005e0f380000000000000000000000000
0000000000000000000000000000000000000000000
0000000000000000000000000000000000000000000
0000000000000000000000000000000000000000000
0000000000005e8f780000000000000000000000000
0000000000000000000000000000000000000000000
0000000000000000000000000000000000000000000
0000000000000000000000000000000000000000000
0000000000005f0fb80000000000000000000000000
0000000000000000000000000000000000000000000
0000000000000000000000000000000000000000000
0000000000000000000000000000000000000000000
0000000000005f8ff80000000000000000000000000
0000000000000000000000000000000000000000001
