n: 430
nnz: 1544
handling column 1
SubAi: 1 
SubAx: 1 Sorted Ai: 1 
Corresponding Ax: 1 
handling column 2
SubAi: 2 424 425 
SubAx: 100000 -100000 -1.18e-30 Sorted Ai: 2 424 425 
Corresponding Ax: 100000 -100000 -1.18e-30 
handling column 3
SubAi: 3 424 
SubAx: -1 1 Sorted Ai: 3 424 
Corresponding Ax: -1 1 
handling column 4
SubAi: 4 7 
SubAx: -3635.14 1 Sorted Ai: 4 7 
Corresponding Ax: -3635.14 1 
handling column 5
SubAi: 5 6 8 
SubAx: 1 18.1818 -18.1818 Sorted Ai: 5 6 8 
Corresponding Ax: 1 18.1818 -18.1818 
handling column 6
SubAi: 6 425 
SubAx: 1 -1 Sorted Ai: 6 425 
Corresponding Ax: 1 -1 
handling column 7
SubAi: 4 6 7 8 422 425 
SubAx: 3634.14 -18.1818 -1 18.1961 -2e-31 -0.0142857 	Checked!
	Checked!
Sorted Ai: 4 6 7 8 422 425 
Corresponding Ax: 3634.14 -18.1818 -1 18.1961 -2e-31 -0.0142857 
handling column 8
SubAi: 3 8 423 
SubAx: 1 -1 -310.078 	Checked!
Sorted Ai: 3 8 423 424 
Corresponding Ax: 1 -1 -310.078 0 
handling column 9
SubAi: 9 426 427 
SubAx: 100000 -100000 -1.18e-30 Sorted Ai: 9 426 427 
Corresponding Ax: 100000 -100000 -1.18e-30 
handling column 10
SubAi: 10 426 
SubAx: -1 1 Sorted Ai: 10 426 
Corresponding Ax: -1 1 
handling column 11
SubAi: 11 14 
SubAx: -3635.14 1 Sorted Ai: 11 14 
Corresponding Ax: -3635.14 1 
handling column 12
SubAi: 12 15 
SubAx: 1 -1 Sorted Ai: 12 15 
Corresponding Ax: 1 -1 
handling column 13
SubAi: 12 13 427 
SubAx: 1.2987 1 -1.2987 	Checked!
Sorted Ai: 12 13 15 427 
Corresponding Ax: 1.2987 1 0 -1.2987 
handling column 14
SubAi: 11 13 14 15 422 427 
SubAx: 3634.14 -1 -1 100000 -100000 -0.000606061 	Checked!
	Checked!
Sorted Ai: 11 13 14 15 422 427 
Corresponding Ax: 3634.14 -1 -1 100000 -100000 -0.000606061 
handling column 15
SubAi: 10 15 423 
SubAx: 1 -1 -1705.43 	Checked!
Sorted Ai: 10 15 423 426 
Corresponding Ax: 1 -1 -1705.43 0 
handling column 16
SubAi: 16 
SubAx: 1 Sorted Ai: 16 
Corresponding Ax: 1 
handling column 17
SubAi: 16 17 18 
SubAx: 4 1 -4 	Checked!
Sorted Ai: 16 17 18 
Corresponding Ax: 4 1 -4 
handling column 18
SubAi: 16 18 19 
SubAx: -4 8 -4 	Checked!
Sorted Ai: 16 18 19 
Corresponding Ax: -4 8 -4 
handling column 19
SubAi: 18 19 421 
SubAx: -4 4.01 -0.01 	Checked!
Sorted Ai: 18 19 421 
Corresponding Ax: -4 4.01 -0.01 
handling column 20
SubAi: 20 25 421 
SubAx: 0.126415 -0.115915 -0.0005 Sorted Ai: 20 25 421 
Corresponding Ax: 0.126415 -0.115915 -0.0005 
handling column 21
SubAi: 21 24 427 
SubAx: 100009 -8.89838 -100000 Sorted Ai: 21 24 427 
Corresponding Ax: 100009 -8.89838 -100000 
handling column 22
SubAi: 22 23 425 
SubAx: 100032 -31.7901 -100000 Sorted Ai: 22 23 425 
Corresponding Ax: 100032 -31.7901 -100000 
handling column 23
SubAi: 22 23 24 25 
SubAx: -31.7901 31.7901 -5.90855e-11 -8.41421e-12 	Checked!
Sorted Ai: 22 23 24 25 425 
Corresponding Ax: -31.7901 31.7901 -5.90855e-11 -8.41421e-12 0 
handling column 24
SubAi: 21 23 24 25 
SubAx: -8.89838 -5.81108e-11 8.89838 -4.43362e-10 	Checked!
	Checked!
Sorted Ai: 21 23 24 25 425 427 
Corresponding Ax: -8.89838 -5.81108e-11 8.89838 -4.43362e-10 0 0 
handling column 25
SubAi: 20 23 24 25 
SubAx: -0.115915 -9.38897e-12 -4.42388e-10 0.115915 	Checked!
	Checked!
	Checked!
Sorted Ai: 20 23 24 25 421 425 427 
Corresponding Ax: -0.115915 -9.38897e-12 -4.42388e-10 0.115915 0 0 0 
handling column 26
SubAi: 26 423 424 
SubAx: 1 -465.116 -1 Sorted Ai: 26 423 424 
Corresponding Ax: 1 -465.116 -1 
handling column 27
SubAi: 27 409 424 
SubAx: 100000 -100000 -1.18e-30 Sorted Ai: 27 409 424 
Corresponding Ax: 100000 -100000 -1.18e-30 
handling column 28
SubAi: 28 424 
SubAx: 100000 -100000 Sorted Ai: 28 424 
Corresponding Ax: 100000 -100000 
handling column 29
SubAi: 29 32 
SubAx: 1 -3635.14 Sorted Ai: 29 32 
Corresponding Ax: 1 -3635.14 
handling column 30
SubAi: 30 31 33 
SubAx: 1 8.33333 -8.33333 Sorted Ai: 30 31 33 
Corresponding Ax: 1 8.33333 -8.33333 
handling column 31
SubAi: 31 409 
SubAx: 1 -1 Sorted Ai: 31 409 
Corresponding Ax: 1 -1 
handling column 32
SubAi: 31 32 33 409 420 
SubAx: -8.33333 1 8.33958 -0.00625 -2e-31 	Checked!
Sorted Ai: 31 32 33 409 420 
Corresponding Ax: -8.33333 1 8.33958 -0.00625 -2e-31 
handling column 33
SubAi: 26 33 
SubAx: -1 1 	Checked!
Sorted Ai: 26 33 423 424 
Corresponding Ax: -1 1 0 0 
handling column 34
SubAi: 34 404 405 
SubAx: 100000 -100000 -1.18e-30 Sorted Ai: 34 404 405 
Corresponding Ax: 100000 -100000 -1.18e-30 
handling column 35
SubAi: 35 404 
SubAx: -1 1 Sorted Ai: 35 404 
Corresponding Ax: -1 1 
handling column 36
SubAi: 36 39 
SubAx: -3635.14 1 Sorted Ai: 36 39 
Corresponding Ax: -3635.14 1 
handling column 37
SubAi: 37 38 40 
SubAx: 1 18.1818 -18.1818 Sorted Ai: 37 38 40 
Corresponding Ax: 1 18.1818 -18.1818 
handling column 38
SubAi: 38 405 
SubAx: 1 -1 Sorted Ai: 38 405 
Corresponding Ax: 1 -1 
handling column 39
SubAi: 36 38 39 40 48 405 
SubAx: 3634.14 -18.1818 -1 18.1961 -2e-31 -0.0142857 	Checked!
	Checked!
Sorted Ai: 36 38 39 40 48 405 
Corresponding Ax: 3634.14 -18.1818 -1 18.1961 -2e-31 -0.0142857 
handling column 40
SubAi: 35 40 403 
SubAx: 1 -1 -310.078 	Checked!
Sorted Ai: 35 40 403 404 
Corresponding Ax: 1 -1 -310.078 0 
handling column 41
SubAi: 41 406 408 
SubAx: 100000 -1.18e-30 -100000 Sorted Ai: 41 406 408 
Corresponding Ax: 100000 -1.18e-30 -100000 
handling column 42
SubAi: 42 408 
SubAx: -1 1 Sorted Ai: 42 408 
Corresponding Ax: -1 1 
handling column 43
SubAi: 43 46 
SubAx: -3635.14 1 Sorted Ai: 43 46 
Corresponding Ax: -3635.14 1 
handling column 44
SubAi: 44 47 
SubAx: 1 -1 Sorted Ai: 44 47 
Corresponding Ax: 1 -1 
handling column 45
SubAi: 44 45 406 
SubAx: 1.2987 1 -1.2987 	Checked!
Sorted Ai: 44 45 47 406 
Corresponding Ax: 1.2987 1 0 -1.2987 
handling column 46
SubAi: 43 45 46 47 48 406 
SubAx: 3634.14 -1 -1 100000 -100000 -0.000606061 	Checked!
	Checked!
Sorted Ai: 43 45 46 47 48 406 
Corresponding Ax: 3634.14 -1 -1 100000 -100000 -0.000606061 
handling column 47
SubAi: 42 47 403 
SubAx: 1 -1 -1705.43 	Checked!
Sorted Ai: 42 47 403 408 
Corresponding Ax: 1 -1 -1705.43 0 
handling column 48
SubAi: 40 47 48 
SubAx: -2e-31 -100000 100000 	Checked!
	Checked!
Sorted Ai: 40 47 48 403 404 408 
Corresponding Ax: -2e-31 -100000 100000 0 0 0 
handling column 49
SubAi: 49 
SubAx: 1 Sorted Ai: 49 
Corresponding Ax: 1 
handling column 50
SubAi: 49 50 51 
SubAx: 4 1 -4 	Checked!
Sorted Ai: 49 50 51 
Corresponding Ax: 4 1 -4 
handling column 51
SubAi: 49 51 52 
SubAx: -4 8 -4 	Checked!
Sorted Ai: 49 51 52 
Corresponding Ax: -4 8 -4 
handling column 52
SubAi: 51 52 407 
SubAx: -4 4.01 -0.01 	Checked!
Sorted Ai: 51 52 407 
Corresponding Ax: -4 4.01 -0.01 
handling column 53
SubAi: 53 58 407 
SubAx: 0.126415 -0.115915 -0.0005 Sorted Ai: 53 58 407 
Corresponding Ax: 0.126415 -0.115915 -0.0005 
handling column 54
SubAi: 54 57 406 
SubAx: 100009 -8.89838 -100000 Sorted Ai: 54 57 406 
Corresponding Ax: 100009 -8.89838 -100000 
handling column 55
SubAi: 55 56 405 
SubAx: 100032 -31.7901 -100000 Sorted Ai: 55 56 405 
Corresponding Ax: 100032 -31.7901 -100000 
handling column 56
SubAi: 55 56 57 58 
SubAx: -31.7901 31.7901 -5.90855e-11 -8.41421e-12 	Checked!
Sorted Ai: 55 56 57 58 405 
Corresponding Ax: -31.7901 31.7901 -5.90855e-11 -8.41421e-12 0 
handling column 57
SubAi: 54 56 57 58 
SubAx: -8.89838 -5.81108e-11 8.89838 -4.43362e-10 	Checked!
	Checked!
Sorted Ai: 54 56 57 58 405 406 
Corresponding Ax: -8.89838 -5.81108e-11 8.89838 -4.43362e-10 0 0 
handling column 58
SubAi: 53 56 57 58 
SubAx: -0.115915 -9.38897e-12 -4.42388e-10 0.115915 	Checked!
	Checked!
	Checked!
Sorted Ai: 53 56 57 58 405 406 407 
Corresponding Ax: -0.115915 -9.38897e-12 -4.42388e-10 0.115915 0 0 0 
handling column 59
SubAi: 59 403 404 
SubAx: 1 -465.116 -1 Sorted Ai: 59 403 404 
Corresponding Ax: 1 -465.116 -1 
handling column 60
SubAi: 60 391 404 
SubAx: 100000 -100000 -1.18e-30 Sorted Ai: 60 391 404 
Corresponding Ax: 100000 -100000 -1.18e-30 
handling column 61
SubAi: 61 404 
SubAx: 100000 -100000 Sorted Ai: 61 404 
Corresponding Ax: 100000 -100000 
handling column 62
SubAi: 62 65 
SubAx: 1 -3635.14 Sorted Ai: 62 65 
Corresponding Ax: 1 -3635.14 
handling column 63
SubAi: 63 64 66 
SubAx: 1 8.33333 -8.33333 Sorted Ai: 63 64 66 
Corresponding Ax: 1 8.33333 -8.33333 
handling column 64
SubAi: 64 391 
SubAx: 1 -1 Sorted Ai: 64 391 
Corresponding Ax: 1 -1 
handling column 65
SubAi: 64 65 66 391 402 
SubAx: -8.33333 1 8.33958 -0.00625 -2e-31 	Checked!
Sorted Ai: 64 65 66 391 402 
Corresponding Ax: -8.33333 1 8.33958 -0.00625 -2e-31 
handling column 66
SubAi: 59 66 
SubAx: -1 1 	Checked!
Sorted Ai: 59 66 403 404 
Corresponding Ax: -1 1 0 0 
handling column 67
SubAi: 67 68 69 87 
SubAx: 1000 -4.96256e-07 -0.00365244 -1000 Sorted Ai: 67 68 69 87 
Corresponding Ax: 1000 -4.96256e-07 -0.00365244 -1000 
handling column 68
SubAi: 67 68 69 70 
SubAx: -0.00365294 1000 0.00365244 -1000 	Checked!
Sorted Ai: 67 68 69 70 87 
Corresponding Ax: -0.00365294 1000 0.00365244 -1000 0 
handling column 69
SubAi: 67 68 69 153 
SubAx: -1.0021e-12 -1.0021e-12 1000 -1000 	Checked!
	Checked!
Sorted Ai: 67 68 69 70 87 153 
Corresponding Ax: -1.0021e-12 -1.0021e-12 1000 0 0 -1000 
handling column 70
SubAi: 68 70 87 153 
SubAx: -1000 1000 -0.000133333 -0.000222222 	Checked!
	Checked!
Sorted Ai: 68 69 70 87 153 
Corresponding Ax: -1000 0 1000 -0.000133333 -0.000222222 
handling column 71
SubAi: 71 72 
SubAx: 1000.07 -1000 Sorted Ai: 71 72 
Corresponding Ax: 1000.07 -1000 
handling column 72
SubAi: 71 72 73 74 
SubAx: -1000 1000.07 -0.0352393 -0.0352393 	Checked!
Sorted Ai: 71 72 73 74 
Corresponding Ax: -1000 1000.07 -0.0352393 -0.0352393 
handling column 73
SubAi: 72 73 74 87 
SubAx: -0.0704721 1000.04 0.0352328 -1000 	Checked!
Sorted Ai: 72 73 74 87 
Corresponding Ax: -0.0704721 1000.04 0.0352328 -1000 
handling column 74
SubAi: 72 73 74 75 
SubAx: -6.436e-06 -6.87607e-10 1000 -1000 	Checked!
	Checked!
Sorted Ai: 72 73 74 75 87 
Corresponding Ax: -6.436e-06 -6.87607e-10 1000 -1000 0 
handling column 75
SubAi: 74 75 390 
SubAx: -1000 1000.05 -0.0454545 	Checked!
Sorted Ai: 74 75 87 390 
Corresponding Ax: -1000 1000.05 0 -0.0454545 
handling column 76
SubAi: 76 77 79 
SubAx: 1000 -1.41955e-16 -1.04479e-12 Sorted Ai: 76 77 79 
Corresponding Ax: 1000 -1.41955e-16 -1.04479e-12 
handling column 77
SubAi: 76 77 78 79 
SubAx: -4.48722e-14 1000 -1000 -9.55328e-13 	Checked!
Sorted Ai: 76 77 78 79 
Corresponding Ax: -4.48722e-14 1000 -1000 -9.55328e-13 
handling column 78
SubAi: 77 78 80 
SubAx: -1000 2000.01 -1000 	Checked!
Sorted Ai: 77 78 79 80 
Corresponding Ax: -1000 2000.01 0 -1000 
handling column 79
SubAi: 76 77 79 154 
SubAx: -1.00006e-12 -1.00006e-12 1000 -1000 	Checked!
	Checked!
	Checked!
Sorted Ai: 76 77 78 79 80 154 
Corresponding Ax: -1.00006e-12 -1.00006e-12 0 1000 0 -1000 
handling column 80
SubAi: 78 80 85 86 
SubAx: -1000 1000 -1.01839e-12 -1.38368e-16 	Checked!
	Checked!
Sorted Ai: 78 79 80 85 86 154 
Corresponding Ax: -1000 0 1000 -1.01839e-12 -1.38368e-16 0 
handling column 81
SubAi: 81 82 86 
SubAx: 2000 -1000 -1000 Sorted Ai: 81 82 86 
Corresponding Ax: 2000 -1000 -1000 
handling column 82
SubAi: 81 82 83 84 
SubAx: -1000 1000 -0.00170852 -2.32135e-07 	Checked!
Sorted Ai: 81 82 83 84 86 
Corresponding Ax: -1000 1000 -0.00170852 -2.32135e-07 0 
handling column 83
SubAi: 82 83 84 87 
SubAx: -0.00503972 1000.01 -0.00503972 -1000 	Checked!
Sorted Ai: 82 83 84 86 87 
Corresponding Ax: -0.00503972 1000.01 -0.00503972 0 -1000 
handling column 84
SubAi: 82 83 84 154 
SubAx: 0.00333097 -0.00837092 1000.01 -1000 	Checked!
	Checked!
Sorted Ai: 82 83 84 86 87 154 
Corresponding Ax: 0.00333097 -0.00837092 1000.01 0 0 -1000 
handling column 85
SubAi: 80 85 86 87 
SubAx: -0.0245335 1000.05 -0.0245335 -1000 	Checked!
Sorted Ai: 80 85 86 87 154 
Corresponding Ax: -0.0245335 1000.05 -0.0245335 -1000 0 
handling column 86
SubAi: 80 81 85 86 
SubAx: 0.0245335 -1000 -0.0490669 1000.02 	Checked!
	Checked!
	Checked!
	Checked!
	Checked!
	Checked!
Sorted Ai: 80 81 82 83 84 85 86 87 154 
Corresponding Ax: 0.0245335 -1000 0 0 0 -0.0490669 1000.02 0 0 
handling column 87
SubAi: 67 70 73 83 85 87 
SubAx: -1000 -0.000133333 -1000 -1000 -1000 4000 	Checked!
	Checked!
	Checked!
	Checked!
	Checked!
	Checked!
	Checked!
	Checked!
	Checked!
	Checked!
	Checked!
Sorted Ai: 67 68 69 70 73 74 75 83 84 85 86 87 153 154 390 
Corresponding Ax: -1000 0 0 -0.000133333 -1000 0 0 -1000 0 -1000 0 4000 0 0 0 
handling column 88
SubAi: 88 89 90 390 
SubAx: 1000 -1.40235e-16 -1.03213e-12 -1000 Sorted Ai: 88 89 90 390 
Corresponding Ax: 1000 -1.40235e-16 -1.03213e-12 -1000 
handling column 89
SubAi: 88 89 90 95 
SubAx: -3.07766e-14 1000 -9.70857e-13 -1000 	Checked!
Sorted Ai: 88 89 90 95 390 
Corresponding Ax: -3.07766e-14 1000 -9.70857e-13 -1000 0 
handling column 90
SubAi: 88 89 90 153 
SubAx: -1.00149e-12 -1.00149e-12 1000 -1000 	Checked!
	Checked!
Sorted Ai: 88 89 90 95 153 390 
Corresponding Ax: -1.00149e-12 -1.00149e-12 1000 0 -1000 0 
handling column 91
SubAi: 91 92 389 
SubAx: 1000.07 -1000 -0.0666667 Sorted Ai: 91 92 389 
Corresponding Ax: 1000.07 -1000 -0.0666667 
handling column 92
SubAi: 91 92 93 94 
SubAx: -1000 1000 -1.00005e-12 -1.00005e-12 	Checked!
Sorted Ai: 91 92 93 94 389 
Corresponding Ax: -1000 1000 -1.00005e-12 -1.00005e-12 0 
handling column 93
SubAi: 92 93 94 153 
SubAx: 7.09078e-05 1000 -7.09175e-05 -1000 	Checked!
Sorted Ai: 92 93 94 153 389 
Corresponding Ax: 7.09078e-05 1000 -7.09175e-05 -1000 0 
handling column 94
SubAi: 92 93 94 95 
SubAx: -7.09078e-05 -9.63422e-09 1000 -1000 	Checked!
	Checked!
Sorted Ai: 92 93 94 95 153 389 
Corresponding Ax: -7.09078e-05 -9.63422e-09 1000 -1000 0 0 
handling column 95
SubAi: 89 94 95 390 
SubAx: -1000 -1000 2000.04 -0.037037 	Checked!
	Checked!
	Checked!
Sorted Ai: 89 90 94 95 153 389 390 
Corresponding Ax: -1000 0 -1000 2000.04 0 0 -0.037037 
handling column 96
SubAi: 96 97 98 
SubAx: 1000 -0.00167203 -2.27179e-07 Sorted Ai: 96 97 98 
Corresponding Ax: 1000 -0.00167203 -2.27179e-07 
handling column 97
SubAi: 96 97 98 103 
SubAx: -1.03213e-12 1000 -1.03213e-12 -1000 	Checked!
Sorted Ai: 96 97 98 103 
Corresponding Ax: -1.03213e-12 1000 -1.03213e-12 -1000 
handling column 98
SubAi: 96 97 98 103 
SubAx: -0.00167226 0.00167203 1000 -1000 	Checked!
	Checked!
Sorted Ai: 96 97 98 103 
Corresponding Ax: -0.00167226 0.00167203 1000 -1000 
handling column 99
SubAi: 99 100 
SubAx: 1000 -1000 Sorted Ai: 99 100 
Corresponding Ax: 1000 -1000 
handling column 100
SubAi: 99 100 101 102 
SubAx: -1000 1000.25 -0.248814 -3.38063e-05 	Checked!
Sorted Ai: 99 100 101 102 
Corresponding Ax: -1000 1000.25 -0.248814 -3.38063e-05 
handling column 101
SubAi: 100 101 102 152 
SubAx: -0.208105 1000.42 -0.208105 -1000 	Checked!
Sorted Ai: 100 101 102 152 
Corresponding Ax: -0.208105 1000.42 -0.208105 -1000 
handling column 102
SubAi: 100 101 102 103 
SubAx: -0.0407435 -0.167395 1000.21 -1000 	Checked!
	Checked!
Sorted Ai: 100 101 102 103 152 
Corresponding Ax: -0.0407435 -0.167395 1000.21 -1000 0 
handling column 103
SubAi: 97 98 102 103 107 
SubAx: -1000 -1000 -1000 3000 -2.5641e-05 	Checked!
	Checked!
	Checked!
Sorted Ai: 97 98 102 103 107 152 
Corresponding Ax: -1000 -1000 -1000 3000 -2.5641e-05 0 
handling column 104
SubAi: 104 105 106 389 
SubAx: 1000.01 -0.00640236 -6.84013e-07 -1000 Sorted Ai: 104 105 106 389 
Corresponding Ax: 1000.01 -0.00640236 -6.84013e-07 -1000 
handling column 105
SubAi: 104 105 106 107 
SubAx: -1.03213e-12 1000 -1.03213e-12 -1000 	Checked!
Sorted Ai: 104 105 106 107 389 
Corresponding Ax: -1.03213e-12 1000 -1.03213e-12 -1000 0 
handling column 106
SubAi: 104 105 106 107 
SubAx: -0.00640304 0.00640236 1000 -1000 	Checked!
	Checked!
Sorted Ai: 104 105 106 107 389 
Corresponding Ax: -0.00640304 0.00640236 1000 -1000 0 
handling column 107
SubAi: 103 105 106 107 109 
SubAx: -2.5641e-05 -1000 -1000 3000 -1000 	Checked!
	Checked!
	Checked!
Sorted Ai: 103 105 106 107 109 152 389 
Corresponding Ax: -2.5641e-05 -1000 -1000 3000 -1000 0 0 
handling column 108
SubAi: 108 109 110 389 
SubAx: 1000.01 -6.84013e-07 -0.00640236 -1000 Sorted Ai: 108 109 110 389 
Corresponding Ax: 1000.01 -6.84013e-07 -0.00640236 -1000 
handling column 109
SubAi: 107 108 109 110 
SubAx: -1000 -0.00640304 1000 0.00640236 	Checked!
	Checked!
Sorted Ai: 107 108 109 110 152 389 
Corresponding Ax: -1000 -0.00640304 1000 0.00640236 0 0 
handling column 110
SubAi: 108 109 110 153 
SubAx: -1.00005e-12 -1.00005e-12 1000 -1000 	Checked!
	Checked!
Sorted Ai: 108 109 110 152 153 389 
Corresponding Ax: -1.00005e-12 -1.00005e-12 1000 0 -1000 0 
handling column 111
SubAi: 111 112 
SubAx: 1000 -1000 Sorted Ai: 111 112 
Corresponding Ax: 1000 -1000 
handling column 112
SubAi: 111 112 113 114 
SubAx: -1000 1000 -3.84447e-12 -5.22346e-16 	Checked!
Sorted Ai: 111 112 113 114 
Corresponding Ax: -1000 1000 -3.84447e-12 -5.22346e-16 
handling column 113
SubAi: 112 113 114 154 
SubAx: -1.00007e-12 1000 -1.00007e-12 -1000 	Checked!
Sorted Ai: 112 113 114 154 
Corresponding Ax: -1.00007e-12 1000 -1.00007e-12 -1000 
handling column 114
SubAi: 112 113 114 119 
SubAx: -2.84492e-12 1.84433e-12 1000 -1000 	Checked!
	Checked!
Sorted Ai: 112 113 114 119 154 
Corresponding Ax: -2.84492e-12 1.84433e-12 1000 -1000 0 
handling column 115
SubAi: 115 116 
SubAx: 1000 -1000 Sorted Ai: 115 116 
Corresponding Ax: 1000 -1000 
handling column 116
SubAi: 115 116 117 118 
SubAx: -1000 1000 -3.84447e-12 -5.22346e-16 	Checked!
Sorted Ai: 115 116 117 118 
Corresponding Ax: -1000 1000 -3.84447e-12 -5.22346e-16 
handling column 117
SubAi: 116 117 118 125 
SubAx: -1.00006e-12 1000 -1.00006e-12 -1000 	Checked!
Sorted Ai: 116 117 118 125 
Corresponding Ax: -1.00006e-12 1000 -1.00006e-12 -1000 
handling column 118
SubAi: 116 117 118 119 
SubAx: -2.84492e-12 1.84434e-12 1000 -1000 	Checked!
	Checked!
Sorted Ai: 116 117 118 119 125 
Corresponding Ax: -2.84492e-12 1.84434e-12 1000 -1000 0 
handling column 119
SubAi: 114 118 119 121 
SubAx: -1000 -1000 3000 -1000 	Checked!
	Checked!
Sorted Ai: 114 118 119 121 125 154 
Corresponding Ax: -1000 -1000 3000 -1000 0 0 
handling column 120
SubAi: 120 121 122 125 
SubAx: 1000 -0.00149685 0.00149664 -1000 Sorted Ai: 120 121 122 125 
Corresponding Ax: 1000 -0.00149685 0.00149664 -1000 
handling column 121
SubAi: 119 120 121 122 
SubAx: -1000 -2.03348e-07 1000 -0.00149664 	Checked!
	Checked!
Sorted Ai: 119 120 121 122 125 154 
Corresponding Ax: -1000 -2.03348e-07 1000 -0.00149664 0 0 
handling column 122
SubAi: 120 121 122 389 
SubAx: -1.00029e-12 -1.00029e-12 1000 -1000 	Checked!
	Checked!
Sorted Ai: 120 121 122 125 154 389 
Corresponding Ax: -1.00029e-12 -1.00029e-12 1000 0 0 -1000 
handling column 123
SubAi: 123 124 151 152 
SubAx: 1000.05 2.04243e-07 -0.0524564 -1000 Sorted Ai: 123 124 151 152 
Corresponding Ax: 1000.05 2.04243e-07 -0.0524564 -1000 
handling column 124
SubAi: 123 124 125 151 
SubAx: -0.052445 1000.1 -1000 -0.052445 	Checked!
Sorted Ai: 123 124 125 151 152 
Corresponding Ax: -0.052445 1000.1 -1000 -0.052445 0 
handling column 125
SubAi: 117 120 124 125 
SubAx: -1000 -1000 -1000 3000 	Checked!
	Checked!
	Checked!
	Checked!
	Checked!
	Checked!
	Checked!
Sorted Ai: 117 118 119 120 121 122 124 125 151 152 154 389 
Corresponding Ax: -1000 0 0 -1000 0 0 -1000 3000 0 0 0 0 
handling column 126
SubAi: 126 130 131 389 
SubAx: 1000.05 -5.56934e-06 -0.052129 -1000 Sorted Ai: 126 130 131 389 
Corresponding Ax: 1000.05 -5.56934e-06 -0.052129 -1000 
handling column 127
SubAi: 127 128 129 389 
SubAx: 1000.05 -0.052129 -5.56934e-06 -1000 Sorted Ai: 127 128 129 389 
Corresponding Ax: 1000.05 -0.052129 -5.56934e-06 -1000 
handling column 128
SubAi: 127 128 129 150 
SubAx: -1.03213e-12 1000 -1.03213e-12 -1000 	Checked!
Sorted Ai: 127 128 129 150 389 
Corresponding Ax: -1.03213e-12 1000 -1.03213e-12 -1000 0 
handling column 129
SubAi: 127 128 129 150 
SubAx: -0.0521346 0.052129 1000 -1000 	Checked!
	Checked!
Sorted Ai: 127 128 129 150 389 
Corresponding Ax: -0.0521346 0.052129 1000 -1000 0 
handling column 130
SubAi: 126 130 131 150 
SubAx: -0.0521346 1000 0.052129 -1000 	Checked!
Sorted Ai: 126 130 131 150 389 
Corresponding Ax: -0.0521346 1000 0.052129 -1000 0 
handling column 131
SubAi: 126 130 131 152 
SubAx: -1.0005e-12 -1.0005e-12 1000 -1000 	Checked!
	Checked!
Sorted Ai: 126 130 131 150 152 389 
Corresponding Ax: -1.0005e-12 -1.0005e-12 1000 0 -1000 0 
handling column 132
SubAi: 132 133 138 152 
SubAx: 1000.35 -0.698753 0.349276 -1000 Sorted Ai: 132 133 138 152 
Corresponding Ax: 1000.35 -0.698753 0.349276 -1000 
handling column 133
SubAi: 132 133 138 154 
SubAx: -0.349476 1000.7 -0.349476 -1000 	Checked!
Sorted Ai: 132 133 138 152 154 
Corresponding Ax: -0.349476 1000.7 -0.349476 0 -1000 
handling column 134
SubAi: 134 135 138 
SubAx: 2000 -1000 -1000 Sorted Ai: 134 135 138 
Corresponding Ax: 2000 -1000 -1000 
handling column 135
SubAi: 134 135 136 137 
SubAx: -1000 1000.01 -0.0130778 -1.77687e-06 	Checked!
Sorted Ai: 134 135 136 137 138 
Corresponding Ax: -1000 1000.01 -0.0130778 -1.77687e-06 0 
handling column 136
SubAi: 135 136 137 150 
SubAx: -3.89391e-08 1000 -3.89391e-08 -1000 	Checked!
Sorted Ai: 135 136 137 138 150 
Corresponding Ax: -3.89391e-08 1000 -3.89391e-08 0 -1000 
handling column 137
SubAi: 135 136 137 388 
SubAx: -0.0130795 0.0130777 1000 -1000 	Checked!
	Checked!
Sorted Ai: 135 136 137 138 150 388 
Corresponding Ax: -0.0130795 0.0130777 1000 0 0 -1000 
handling column 138
SubAi: 132 133 134 138 
SubAx: -2.13825e-08 -0.00020014 -1000 1000 	Checked!
	Checked!
	Checked!
	Checked!
	Checked!
	Checked!
Sorted Ai: 132 133 134 135 136 137 138 150 152 154 388 
Corresponding Ax: -2.13825e-08 -0.00020014 -1000 0 0 0 1000 0 0 0 0 
handling column 139
SubAi: 139 142 
SubAx: 1.43282 -0.00424862 Sorted Ai: 139 142 
Corresponding Ax: 1.43282 -0.00424862 
handling column 140
SubAi: 140 145 
SubAx: 0.01 -2.40228e-12 Sorted Ai: 140 145 
Corresponding Ax: 0.01 -2.40228e-12 
handling column 141
SubAi: 141 145 
SubAx: 0.0100102 -0.01 Sorted Ai: 141 145 
Corresponding Ax: 0.0100102 -0.01 
handling column 142
SubAi: 139 142 145 
SubAx: -0.00424862 100.004 -100 	Checked!
Sorted Ai: 139 142 145 
Corresponding Ax: -0.00424862 100.004 -100 
handling column 143
SubAi: 143 145 388 
SubAx: 0.391526 -0.379795 -0.0117315 Sorted Ai: 143 145 388 
Corresponding Ax: 0.391526 -0.379795 -0.0117315 
handling column 144
SubAi: 144 145 388 
SubAx: 0.379795 -3.86179e-12 -0.379795 Sorted Ai: 144 145 388 
Corresponding Ax: 0.379795 -3.86179e-12 -0.379795 
handling column 145
SubAi: 140 141 142 143 144 145 149 388 389 
SubAx: -2.40228e-12 -0.01 -100 -0.379795 -3.86179e-12 1100.39 -1000 -2.2e-28 -0.0005 	Checked!
	Checked!
	Checked!
	Checked!
	Checked!
Sorted Ai: 140 141 142 143 144 145 149 388 389 
Corresponding Ax: -2.40228e-12 -0.01 -100 -0.379795 -3.86179e-12 1100.39 -1000 -2.2e-28 -0.0005 
handling column 146
SubAi: 146 147 151 
SubAx: 2000 -1000 -1000 Sorted Ai: 146 147 151 
Corresponding Ax: 2000 -1000 -1000 
handling column 147
SubAi: 146 147 148 149 
SubAx: -1000 1000.06 -0.0609162 -8.27666e-06 	Checked!
Sorted Ai: 146 147 148 149 151 
Corresponding Ax: -1000 1000.06 -0.0609162 -8.27666e-06 0 
handling column 148
SubAi: 147 148 149 150 
SubAx: -0.00846811 1000.02 -0.00846811 -1000 	Checked!
Sorted Ai: 147 148 149 150 151 
Corresponding Ax: -0.00846811 1000.02 -0.00846811 -1000 0 
handling column 149
SubAi: 145 147 148 149 
SubAx: -1000 -0.0524564 0.04398 1000.01 	Checked!
	Checked!
	Checked!
Sorted Ai: 145 147 148 149 150 151 388 389 
Corresponding Ax: -1000 -0.0524564 0.04398 1000.01 0 0 0 0 
handling column 150
SubAi: 128 129 130 136 148 150 
SubAx: -1000 -1000 -1000 -1000 -1000 5000 	Checked!
	Checked!
	Checked!
	Checked!
	Checked!
	Checked!
	Checked!
	Checked!
	Checked!
Sorted Ai: 128 129 130 131 136 137 138 148 149 150 151 152 154 388 389 
Corresponding Ax: -1000 -1000 -1000 0 -1000 0 0 -1000 0 5000 0 0 0 0 0 
handling column 151
SubAi: 123 124 146 151 
SubAx: -1.12062e-05 -0.10489 -1000 1000.1 	Checked!
	Checked!
	Checked!
	Checked!
	Checked!
	Checked!
	Checked!
	Checked!
Sorted Ai: 123 124 125 146 147 148 149 150 151 152 154 388 389 
Corresponding Ax: -1.12062e-05 -0.10489 0 -1000 0 0 0 0 1000.1 0 0 0 0 
handling column 152
SubAi: 101 123 131 132 152 
SubAx: -1000 -1000 -1000 -1000 4000 	Checked!
	Checked!
	Checked!
	Checked!
	Checked!
	Checked!
	Checked!
	Checked!
	Checked!
	Checked!
	Checked!
	Checked!
	Checked!
	Checked!
	Checked!
Sorted Ai: 101 102 103 107 109 110 123 124 125 131 132 133 138 150 151 152 153 154 388 389 
Corresponding Ax: -1000 0 0 0 0 0 -1000 0 0 -1000 -1000 0 0 0 0 4000 0 0 0 0 
handling column 153
SubAi: 69 70 90 93 110 153 154 
SubAx: -1000 -0.000222222 -1000 -1000 -1000 4000 -2.5e-32 	Checked!
	Checked!
	Checked!
	Checked!
	Checked!
	Checked!
	Checked!
	Checked!
	Checked!
Sorted Ai: 69 70 87 90 93 94 95 110 152 153 154 388 389 390 
Corresponding Ax: -1000 -0.000222222 0 -1000 -1000 0 0 -1000 0 4000 -2.5e-32 0 0 0 
handling column 154
SubAi: 79 84 113 133 153 154 
SubAx: -1000 -1000 -1000 -1000 -2.5e-32 4000 	Checked!
	Checked!
	Checked!
	Checked!
	Checked!
	Checked!
	Checked!
	Checked!
	Checked!
	Checked!
	Checked!
	Checked!
	Checked!
	Checked!
	Checked!
	Checked!
	Checked!
	Checked!
Sorted Ai: 79 80 84 85 86 87 113 114 119 121 122 125 133 138 150 151 152 153 154 388 389 390 
Corresponding Ax: -1000 0 -1000 0 0 0 -1000 0 0 0 0 0 -1000 0 0 0 0 -2.5e-32 4000 0 0 0 
handling column 155
SubAi: 155 158 162 
SubAx: 100 -1e-12 -100 Sorted Ai: 155 158 162 
Corresponding Ax: 100 -1e-12 -100 
handling column 156
SubAi: 156 162 184 
SubAx: 0.01 -1.00082e-12 -0.01 Sorted Ai: 156 162 184 
Corresponding Ax: 0.01 -1.00082e-12 -0.01 
handling column 157
SubAi: 157 162 184 
SubAx: 1 -1 -1.18986e-12 Sorted Ai: 157 162 184 
Corresponding Ax: 1 -1 -1.18986e-12 
handling column 158
SubAi: 155 158 184 
SubAx: -1e-12 0.335796 -0.335796 	Checked!
Sorted Ai: 155 158 162 184 
Corresponding Ax: -1e-12 0.335796 0 -0.335796 
handling column 159
SubAi: 159 160 161 
SubAx: 21.9246 -0.000981934 -0.105657 Sorted Ai: 159 160 161 
Corresponding Ax: 21.9246 -0.000981934 -0.105657 
handling column 160
SubAi: 159 160 161 185 
SubAx: -0.0326096 0.0885415 0.00822272 -0.0641547 	Checked!
Sorted Ai: 159 160 161 185 
Corresponding Ax: -0.0326096 0.0885415 0.00822272 -0.0641547 
handling column 161
SubAi: 159 160 161 162 
SubAx: -0.0740297 -0.0234049 4.15917 -4.06174 	Checked!
	Checked!
Sorted Ai: 159 160 161 162 185 
Corresponding Ax: -0.0740297 -0.0234049 4.15917 -4.06174 0 
handling column 162
SubAi: 155 156 157 161 162 390 
SubAx: -100 -1.00082e-12 -1 -4.06174 105.062 -0.0005 	Checked!
	Checked!
	Checked!
	Checked!
	Checked!
Sorted Ai: 155 156 157 158 161 162 184 185 390 
Corresponding Ax: -100 -1.00082e-12 -1 0 -4.06174 105.062 0 0 -0.0005 
handling column 163
SubAi: 163 183 391 
SubAx: 100000 1 -100000 Sorted Ai: 163 183 391 
Corresponding Ax: 100000 1 -100000 
handling column 164
SubAi: 164 167 
SubAx: 0.0143885 -1e-12 Sorted Ai: 164 167 
Corresponding Ax: 0.0143885 -1e-12 
handling column 165
SubAi: 165 168 
SubAx: 70.922 -1.12445e-10 Sorted Ai: 165 168 
Corresponding Ax: 70.922 -1.12445e-10 
handling column 166
SubAi: 166 168 
SubAx: 1000 -1000 Sorted Ai: 166 168 
Corresponding Ax: 1000 -1000 
handling column 167
SubAi: 164 167 168 
SubAx: -1e-12 1000 -1000 	Checked!
Sorted Ai: 164 167 168 
Corresponding Ax: -1e-12 1000 -1000 
handling column 168
SubAi: 165 166 167 168 172 387 
SubAx: -1.12445e-10 -1000 -1000 1.00201e+06 -6.57462 -1e+06 	Checked!
	Checked!
	Checked!
Sorted Ai: 165 166 167 168 172 387 
Corresponding Ax: -1.12445e-10 -1000 -1000 1.00201e+06 -6.57462 -1e+06 
handling column 169
SubAi: 169 170 172 
SubAx: 1000 -1.33378e-07 -4.99012e-08 Sorted Ai: 169 170 172 
Corresponding Ax: 1000 -1.33378e-07 -4.99012e-08 
handling column 170
SubAi: 169 170 171 172 
SubAx: -1.8298e-07 0.0516798 -0.0516797 3.05178e-09 	Checked!
Sorted Ai: 169 170 171 172 
Corresponding Ax: -1.8298e-07 0.0516798 -0.0516797 3.05178e-09 
handling column 171
SubAi: 170 171 181 
SubAx: -0.0516797 0.17668 -0.125 	Checked!
Sorted Ai: 170 171 172 181 
Corresponding Ax: -0.0516797 0.17668 0 -0.125 
handling column 172
SubAi: 168 169 170 172 
SubAx: -6.57462 -2.99378e-10 -4.655e-08 6.57462 	Checked!
	Checked!
	Checked!
	Checked!
Sorted Ai: 168 169 170 171 172 181 387 
Corresponding Ax: -6.57462 -2.99378e-10 -4.655e-08 0 6.57462 0 0 
handling column 173
SubAi: 173 181 182 
SubAx: 17.8891 -17.8891 -1.3538e-07 Sorted Ai: 173 181 182 
Corresponding Ax: 17.8891 -17.8891 -1.3538e-07 
handling column 174
SubAi: 174 175 176 181 
SubAx: 21.8267 -9.02095e-05 -0.00872319 -21.8179 Sorted Ai: 174 175 176 181 
Corresponding Ax: 21.8267 -9.02095e-05 -0.00872319 -21.8179 
handling column 175
SubAi: 174 175 176 184 
SubAx: 0.00161933 0.0443937 -0.00684331 -0.0391698 	Checked!
Sorted Ai: 174 175 176 181 184 
Corresponding Ax: 0.00161933 0.0443937 -0.00684331 0 -0.0391698 
handling column 176
SubAi: 174 175 176 180 
SubAx: -0.0104327 -0.00513377 4.0773 -4.06174 	Checked!
	Checked!
Sorted Ai: 174 175 176 180 181 184 
Corresponding Ax: -0.0104327 -0.00513377 4.0773 -4.06174 0 0 
handling column 177
SubAi: 177 178 179 180 
SubAx: 0.0380804 -0.0232999 0.0193577 -0.0341383 Sorted Ai: 177 178 179 180 
Corresponding Ax: 0.0380804 -0.0232999 0.0193577 -0.0341383 
handling column 178
SubAi: 177 178 179 184 
SubAx: -0.00394214 0.459995 -0.0194126 -0.43664 	Checked!
Sorted Ai: 177 178 179 180 184 
Corresponding Ax: -0.00394214 0.459995 -0.0194126 0 -0.43664 
handling column 179
SubAi: 177 178 179 182 
SubAx: -8.47321e-14 -5.48788e-05 5.16095 -5.16089 	Checked!
	Checked!
Sorted Ai: 177 178 179 180 182 184 
Corresponding Ax: -8.47321e-14 -5.48788e-05 5.16095 0 -5.16089 0 
handling column 180
SubAi: 176 177 180 182 
SubAx: -4.06174 -0.0341383 4.09838 -0.0025 	Checked!
	Checked!
	Checked!
	Checked!
Sorted Ai: 176 177 178 179 180 181 182 184 
Corresponding Ax: -4.06174 -0.0341383 0 0 4.09838 0 -0.0025 0 
handling column 181
SubAi: 171 173 174 181 184 
SubAx: -0.125 -17.8891 -21.8179 39.8445 -0.0025 	Checked!
	Checked!
	Checked!
	Checked!
	Checked!
	Checked!
	Checked!
Sorted Ai: 171 172 173 174 175 176 180 181 182 184 387 
Corresponding Ax: -0.125 0 -17.8891 -21.8179 0 0 0 39.8445 0 -0.0025 0 
handling column 182
SubAi: 163 182 
SubAx: 1 -1 	Checked!
Sorted Ai: 163 182 183 391 
Corresponding Ax: 1 -1 0 0 
handling column 183
SubAi: 173 179 180 182 183 185 
SubAx: -1.3538e-07 -5.16089 -0.0025 5.16472 -1 -0.00133333 	Checked!
	Checked!
	Checked!
	Checked!
	Checked!
Sorted Ai: 173 179 180 181 182 183 184 185 387 391 
Corresponding Ax: -1.3538e-07 -5.16089 -0.0025 0 5.16472 -1 0 -0.00133333 0 0 
handling column 184
SubAi: 156 157 158 175 178 181 184 
SubAx: -0.01 -1.18986e-12 -0.335796 -0.0391698 -0.43664 -0.0025 0.824106 	Checked!
	Checked!
	Checked!
	Checked!
	Checked!
	Checked!
	Checked!
	Checked!
	Checked!
	Checked!
	Checked!
	Checked!
Sorted Ai: 156 157 158 162 175 176 178 179 180 181 182 183 184 185 387 390 391 
Corresponding Ax: -0.01 -1.18986e-12 -0.335796 0 -0.0391698 0 -0.43664 0 0 -0.0025 0 0 0.824106 0 0 0 0 
handling column 185
SubAi: 160 182 185 389 
SubAx: -0.0641547 -0.00133333 0.065588 -0.0001 	Checked!
	Checked!
	Checked!
	Checked!
	Checked!
	Checked!
Sorted Ai: 160 161 162 182 183 184 185 387 389 390 391 
Corresponding Ax: -0.0641547 0 0 -0.00133333 0 0 0.065588 0 -0.0001 0 0 
handling column 186
SubAi: 186 
SubAx: 1 Sorted Ai: 186 
Corresponding Ax: 1 
handling column 187
SubAi: 186 187 188 
SubAx: 2 1 -2 	Checked!
Sorted Ai: 186 187 188 
Corresponding Ax: 2 1 -2 
handling column 188
SubAi: 186 188 193 
SubAx: -2 2.5 -0.5 	Checked!
Sorted Ai: 186 188 193 
Corresponding Ax: -2 2.5 -0.5 
handling column 189
SubAi: 189 192 
SubAx: 0.757971 -0.257971 Sorted Ai: 189 192 
Corresponding Ax: 0.757971 -0.257971 
handling column 190
SubAi: 190 389 
SubAx: 6.01288 -1e-12 Sorted Ai: 190 389 
Corresponding Ax: 6.01288 -1e-12 
handling column 191
SubAi: 191 389 
SubAx: 1000 -1000 Sorted Ai: 191 389 
Corresponding Ax: 1000 -1000 
handling column 192
SubAi: 189 192 389 
SubAx: -0.257971 1000.26 -1000 	Checked!
Sorted Ai: 189 192 389 
Corresponding Ax: -0.257971 1000.26 -1000 
handling column 193
SubAi: 188 193 200 389 
SubAx: -0.5 1e+06 -1e+06 -0.0030303 	Checked!
Sorted Ai: 188 193 200 389 
Corresponding Ax: -0.5 1e+06 -1e+06 -0.0030303 
handling column 194
SubAi: 194 195 
SubAx: 1 -24.8995 Sorted Ai: 194 195 
Corresponding Ax: 1 -24.8995 
handling column 195
SubAi: 195 196 
SubAx: 1 -1 Sorted Ai: 195 196 
Corresponding Ax: 1 -1 
handling column 196
SubAi: 196 199 200 
SubAx: 1 3.20513 -3.20513 Sorted Ai: 196 199 200 
Corresponding Ax: 1 3.20513 -3.20513 
handling column 197
SubAi: 197 198 
SubAx: 1 -1 Sorted Ai: 197 198 
Corresponding Ax: 1 -1 
handling column 198
SubAi: 198 386 387 
SubAx: 1 -691.489 -1 Sorted Ai: 198 386 387 
Corresponding Ax: 1 -691.489 -1 
handling column 199
SubAi: 197 199 
SubAx: -1 1 	Checked!
	Checked!
Sorted Ai: 197 198 199 386 387 
Corresponding Ax: -1 0 1 0 0 
handling column 200
SubAi: 193 199 200 
SubAx: -1e+06 -3.20513 1e+06 	Checked!
	Checked!
Sorted Ai: 193 199 200 386 387 389 
Corresponding Ax: -1e+06 -3.20513 1e+06 0 0 0 
handling column 201
SubAi: 201 214 
SubAx: 1 -1 Sorted Ai: 201 214 
Corresponding Ax: 1 -1 
handling column 202
SubAi: 201 202 369 
SubAx: 0.0172414 1 -0.0172414 	Checked!
Sorted Ai: 201 202 214 369 
Corresponding Ax: 0.0172414 1 0 -0.0172414 
handling column 203
SubAi: 203 204 
SubAx: 0.0002002 -2e-07 Sorted Ai: 203 204 
Corresponding Ax: 0.0002002 -2e-07 
handling column 204
SubAi: 203 204 205 208 
SubAx: -2e-07 6.24015e-05 -3.11007e-05 -3.11007e-05 	Checked!
Sorted Ai: 203 204 205 208 
Corresponding Ax: -2e-07 6.24015e-05 -3.11007e-05 -3.11007e-05 
handling column 205
SubAi: 204 205 206 
SubAx: -3.11007e-05 0.882644 -0.882613 	Checked!
Sorted Ai: 204 205 206 208 
Corresponding Ax: -3.11007e-05 0.882644 -0.882613 0 
handling column 206
SubAi: 205 206 207 
SubAx: -0.882613 0.882644 -3.11007e-05 	Checked!
Sorted Ai: 205 206 207 208 
Corresponding Ax: -0.882613 0.882644 -3.11007e-05 0 
handling column 207
SubAi: 206 207 214 
SubAx: -3.11007e-05 0.882644 -0.882613 	Checked!
Sorted Ai: 206 207 208 214 
Corresponding Ax: -3.11007e-05 0.882644 0 -0.882613 
handling column 208
SubAi: 204 208 209 
SubAx: -3.11007e-05 0.882644 -0.882613 	Checked!
	Checked!
	Checked!
	Checked!
Sorted Ai: 204 205 206 207 208 209 214 
Corresponding Ax: -3.11007e-05 0 0 0 0.882644 -0.882613 0 
handling column 209
SubAi: 208 209 210 
SubAx: -0.882613 0.882644 -3.11007e-05 	Checked!
Sorted Ai: 208 209 210 214 
Corresponding Ax: -0.882613 0.882644 -3.11007e-05 0 
handling column 210
SubAi: 209 210 211 
SubAx: -3.11007e-05 0.882644 -0.882613 	Checked!
Sorted Ai: 209 210 211 214 
Corresponding Ax: -3.11007e-05 0.882644 -0.882613 0 
handling column 211
SubAi: 210 211 213 
SubAx: -0.882613 0.882613 -1 	Checked!
Sorted Ai: 210 211 213 214 
Corresponding Ax: -0.882613 0.882613 -1 0 
handling column 212
SubAi: 211 212 
SubAx: -1 1 	Checked!
Sorted Ai: 211 212 213 214 
Corresponding Ax: -1 1 0 0 
handling column 213
SubAi: 212 213 385 
SubAx: 0.0172414 1 -0.0172414 	Checked!
Sorted Ai: 212 213 214 385 
Corresponding Ax: 0.0172414 1 0 -0.0172414 
handling column 214
SubAi: 202 207 214 
SubAx: -1 -0.882613 0.882613 	Checked!
	Checked!
	Checked!
	Checked!
	Checked!
	Checked!
	Checked!
Sorted Ai: 202 207 208 209 210 211 213 214 369 385 
Corresponding Ax: -1 -0.882613 0 0 0 0 0 0.882613 0 0 
handling column 215
SubAi: 215 
SubAx: -1 Sorted Ai: 215 
Corresponding Ax: -1 
handling column 216
SubAi: 216 228 
SubAx: -1 1 Sorted Ai: 216 228 
Corresponding Ax: -1 1 
handling column 217
SubAi: 217 219 
SubAx: 0.000165357 -1.1274e-05 Sorted Ai: 217 219 
Corresponding Ax: 0.000165357 -1.1274e-05 
handling column 218
SubAi: 218 220 
SubAx: 0.000333533 -0.000333333 Sorted Ai: 218 220 
Corresponding Ax: 0.000333533 -0.000333333 
handling column 219
SubAi: 217 219 220 366 
SubAx: -1.1274e-05 0.000111324 -5e-08 -0.0001 	Checked!
Sorted Ai: 217 219 220 366 
Corresponding Ax: -1.1274e-05 0.000111324 -5e-08 -0.0001 
handling column 220
SubAi: 218 219 220 221 
SubAx: -0.000333333 -5e-08 0.000363417 -3.00339e-05 	Checked!
	Checked!
Sorted Ai: 218 219 220 221 366 
Corresponding Ax: -0.000333333 -5e-08 0.000363417 -3.00339e-05 0 
handling column 221
SubAi: 220 221 222 
SubAx: -3.00339e-05 0.882643 -0.882613 	Checked!
Sorted Ai: 220 221 222 366 
Corresponding Ax: -3.00339e-05 0.882643 -0.882613 0 
handling column 222
SubAi: 221 222 223 
SubAx: -0.882613 0.882613 -1 	Checked!
Sorted Ai: 221 222 223 366 
Corresponding Ax: -0.882613 0.882613 -1 0 
handling column 223
SubAi: 223 227 228 
SubAx: 1 0.00641026 -0.00641026 Sorted Ai: 223 227 228 
Corresponding Ax: 1 0.00641026 -0.00641026 
handling column 224
SubAi: 224 226 
SubAx: -24.8995 1 Sorted Ai: 224 226 
Corresponding Ax: -24.8995 1 
handling column 225
SubAi: 225 368 
SubAx: -24.8995 1 Sorted Ai: 225 368 
Corresponding Ax: -24.8995 1 
handling column 226
SubAi: 224 225 226 227 228 
SubAx: 23.8995 1 -1 -0.00641026 0.00641026 	Checked!
	Checked!
Sorted Ai: 224 225 226 227 228 368 
Corresponding Ax: 23.8995 1 -1 -0.00641026 0.00641026 0 
handling column 227
SubAi: 222 227 
SubAx: -1 1 	Checked!
	Checked!
Sorted Ai: 222 223 227 228 366 
Corresponding Ax: -1 0 1 0 0 
handling column 228
SubAi: 215 228 367 
SubAx: 1 -1 -22553.2 	Checked!
Sorted Ai: 215 228 367 
Corresponding Ax: 1 -1 -22553.2 
handling column 229
SubAi: 229 
SubAx: 1 Sorted Ai: 229 
Corresponding Ax: 1 
handling column 230
SubAi: 229 230 231 
SubAx: 2 1 -2 	Checked!
Sorted Ai: 229 230 231 
Corresponding Ax: 2 1 -2 
handling column 231
SubAi: 229 231 236 
SubAx: -2 2.5 -0.5 	Checked!
Sorted Ai: 229 231 236 
Corresponding Ax: -2 2.5 -0.5 
handling column 232
SubAi: 232 235 
SubAx: 0.757971 -0.257971 Sorted Ai: 232 235 
Corresponding Ax: 0.757971 -0.257971 
handling column 233
SubAi: 233 364 
SubAx: 6.01288 -1e-12 Sorted Ai: 233 364 
Corresponding Ax: 6.01288 -1e-12 
handling column 234
SubAi: 234 364 
SubAx: 1000 -1000 Sorted Ai: 234 364 
Corresponding Ax: 1000 -1000 
handling column 235
SubAi: 232 235 364 
SubAx: -0.257971 1000.26 -1000 	Checked!
Sorted Ai: 232 235 364 
Corresponding Ax: -0.257971 1000.26 -1000 
handling column 236
SubAi: 231 236 243 364 
SubAx: -0.5 1e+06 -1e+06 -0.0030303 	Checked!
Sorted Ai: 231 236 243 364 
Corresponding Ax: -0.5 1e+06 -1e+06 -0.0030303 
handling column 237
SubAi: 237 238 
SubAx: 1 -24.8995 Sorted Ai: 237 238 
Corresponding Ax: 1 -24.8995 
handling column 238
SubAi: 238 239 
SubAx: 1 -1 Sorted Ai: 238 239 
Corresponding Ax: 1 -1 
handling column 239
SubAi: 239 242 243 
SubAx: 1 3.20513 -3.20513 Sorted Ai: 239 242 243 
Corresponding Ax: 1 3.20513 -3.20513 
handling column 240
SubAi: 240 241 
SubAx: 1 -1 Sorted Ai: 240 241 
Corresponding Ax: 1 -1 
handling column 241
SubAi: 241 365 367 
SubAx: 1 -1 -691.489 Sorted Ai: 241 365 367 
Corresponding Ax: 1 -1 -691.489 
handling column 242
SubAi: 240 242 
SubAx: -1 1 	Checked!
	Checked!
Sorted Ai: 240 241 242 365 367 
Corresponding Ax: -1 0 1 0 0 
handling column 243
SubAi: 236 242 243 
SubAx: -1e+06 -3.20513 1e+06 	Checked!
	Checked!
Sorted Ai: 236 242 243 364 365 367 
Corresponding Ax: -1e+06 -3.20513 1e+06 0 0 0 
handling column 244
SubAi: 244 245 246 264 
SubAx: 1000 -4.96247e-07 -0.00365238 -1000 Sorted Ai: 244 245 246 264 
Corresponding Ax: 1000 -4.96247e-07 -0.00365238 -1000 
handling column 245
SubAi: 244 245 246 247 
SubAx: -0.00365288 1000 0.00365238 -1000 	Checked!
Sorted Ai: 244 245 246 247 264 
Corresponding Ax: -0.00365288 1000 0.00365238 -1000 0 
handling column 246
SubAi: 244 245 246 330 
SubAx: -1.0021e-12 -1.0021e-12 1000 -1000 	Checked!
	Checked!
Sorted Ai: 244 245 246 247 264 330 
Corresponding Ax: -1.0021e-12 -1.0021e-12 1000 0 0 -1000 
handling column 247
SubAi: 245 247 264 330 
SubAx: -1000 1000 -0.000133333 -0.000222222 	Checked!
	Checked!
Sorted Ai: 245 246 247 264 330 
Corresponding Ax: -1000 0 1000 -0.000133333 -0.000222222 
handling column 248
SubAi: 248 249 
SubAx: 1000.07 -1000 Sorted Ai: 248 249 
Corresponding Ax: 1000.07 -1000 
handling column 249
SubAi: 248 249 250 251 
SubAx: -1000 1000.07 -0.0352393 -0.0352393 	Checked!
Sorted Ai: 248 249 250 251 
Corresponding Ax: -1000 1000.07 -0.0352393 -0.0352393 
handling column 250
SubAi: 249 250 251 264 
SubAx: -0.0704722 1000.04 0.0352329 -1000 	Checked!
Sorted Ai: 249 250 251 264 
Corresponding Ax: -0.0704722 1000.04 0.0352329 -1000 
handling column 251
SubAi: 249 250 251 252 
SubAx: -6.43837e-06 -6.8786e-10 1000 -1000 	Checked!
	Checked!
Sorted Ai: 249 250 251 252 264 
Corresponding Ax: -6.43837e-06 -6.8786e-10 1000 -1000 0 
handling column 252
SubAi: 251 252 363 
SubAx: -1000 1000.05 -0.0454545 	Checked!
Sorted Ai: 251 252 264 363 
Corresponding Ax: -1000 1000.05 0 -0.0454545 
handling column 253
SubAi: 253 254 256 
SubAx: 1000 -1.41955e-16 -1.04479e-12 Sorted Ai: 253 254 256 
Corresponding Ax: 1000 -1.41955e-16 -1.04479e-12 
handling column 254
SubAi: 253 254 255 256 
SubAx: -4.48724e-14 1000 -1000 -9.55328e-13 	Checked!
Sorted Ai: 253 254 255 256 
Corresponding Ax: -4.48724e-14 1000 -1000 -9.55328e-13 
handling column 255
SubAi: 254 255 257 
SubAx: -1000 2000.01 -1000 	Checked!
Sorted Ai: 254 255 256 257 
Corresponding Ax: -1000 2000.01 0 -1000 
handling column 256
SubAi: 253 254 256 331 
SubAx: -1.00006e-12 -1.00006e-12 1000 -1000 	Checked!
	Checked!
	Checked!
Sorted Ai: 253 254 255 256 257 331 
Corresponding Ax: -1.00006e-12 -1.00006e-12 0 1000 0 -1000 
handling column 257
SubAi: 255 257 262 263 
SubAx: -1000 1000 -1.01839e-12 -1.38368e-16 	Checked!
	Checked!
Sorted Ai: 255 256 257 262 263 331 
Corresponding Ax: -1000 0 1000 -1.01839e-12 -1.38368e-16 0 
handling column 258
SubAi: 258 259 263 
SubAx: 2000 -1000 -1000 Sorted Ai: 258 259 263 
Corresponding Ax: 2000 -1000 -1000 
handling column 259
SubAi: 258 259 260 261 
SubAx: -1000 1000 -0.00170853 -2.32138e-07 	Checked!
Sorted Ai: 258 259 260 261 263 
Corresponding Ax: -1000 1000 -0.00170853 -2.32138e-07 0 
handling column 260
SubAi: 259 260 261 264 
SubAx: -0.00503977 1000.01 -0.00503977 -1000 	Checked!
Sorted Ai: 259 260 261 263 264 
Corresponding Ax: -0.00503977 1000.01 -0.00503977 0 -1000 
handling column 261
SubAi: 259 260 261 331 
SubAx: 0.003331 -0.00837101 1000.01 -1000 	Checked!
	Checked!
Sorted Ai: 259 260 261 263 264 331 
Corresponding Ax: 0.003331 -0.00837101 1000.01 0 0 -1000 
handling column 262
SubAi: 257 262 263 264 
SubAx: -0.0245335 1000.05 -0.0245335 -1000 	Checked!
Sorted Ai: 257 262 263 264 331 
Corresponding Ax: -0.0245335 1000.05 -0.0245335 -1000 0 
handling column 263
SubAi: 257 258 262 263 
SubAx: 0.0245335 -1000 -0.0490669 1000.02 	Checked!
	Checked!
	Checked!
	Checked!
	Checked!
	Checked!
Sorted Ai: 257 258 259 260 261 262 263 264 331 
Corresponding Ax: 0.0245335 -1000 0 0 0 -0.0490669 1000.02 0 0 
handling column 264
SubAi: 244 247 250 260 262 264 
SubAx: -1000 -0.000133333 -1000 -1000 -1000 4000 	Checked!
	Checked!
	Checked!
	Checked!
	Checked!
	Checked!
	Checked!
	Checked!
	Checked!
	Checked!
	Checked!
Sorted Ai: 244 245 246 247 250 251 252 260 261 262 263 264 330 331 363 
Corresponding Ax: -1000 0 0 -0.000133333 -1000 0 0 -1000 0 -1000 0 4000 0 0 0 
handling column 265
SubAi: 265 266 267 363 
SubAx: 1000 -1.40235e-16 -1.03213e-12 -1000 Sorted Ai: 265 266 267 363 
Corresponding Ax: 1000 -1.40235e-16 -1.03213e-12 -1000 
handling column 266
SubAi: 265 266 267 272 
SubAx: -3.07765e-14 1000 -9.70857e-13 -1000 	Checked!
Sorted Ai: 265 266 267 272 363 
Corresponding Ax: -3.07765e-14 1000 -9.70857e-13 -1000 0 
handling column 267
SubAi: 265 266 267 330 
SubAx: -1.00149e-12 -1.00149e-12 1000 -1000 	Checked!
	Checked!
Sorted Ai: 265 266 267 272 330 363 
Corresponding Ax: -1.00149e-12 -1.00149e-12 1000 0 -1000 0 
handling column 268
SubAi: 268 269 364 
SubAx: 1000.07 -1000 -0.0666667 Sorted Ai: 268 269 364 
Corresponding Ax: 1000.07 -1000 -0.0666667 
handling column 269
SubAi: 268 269 270 271 
SubAx: -1000 1000 -1.00005e-12 -1.00005e-12 	Checked!
Sorted Ai: 268 269 270 271 364 
Corresponding Ax: -1000 1000 -1.00005e-12 -1.00005e-12 0 
handling column 270
SubAi: 269 270 271 330 
SubAx: 7.088e-05 1000 -7.08897e-05 -1000 	Checked!
Sorted Ai: 269 270 271 330 364 
Corresponding Ax: 7.088e-05 1000 -7.08897e-05 -1000 0 
handling column 271
SubAi: 269 270 271 272 
SubAx: -7.088e-05 -9.63044e-09 1000 -1000 	Checked!
	Checked!
Sorted Ai: 269 270 271 272 330 364 
Corresponding Ax: -7.088e-05 -9.63044e-09 1000 -1000 0 0 
handling column 272
SubAi: 266 271 272 363 
SubAx: -1000 -1000 2000.04 -0.037037 	Checked!
	Checked!
	Checked!
Sorted Ai: 266 267 271 272 330 363 364 
Corresponding Ax: -1000 0 -1000 2000.04 0 -0.037037 0 
handling column 273
SubAi: 273 274 275 
SubAx: 1000 -0.00167205 -2.27181e-07 Sorted Ai: 273 274 275 
Corresponding Ax: 1000 -0.00167205 -2.27181e-07 
handling column 274
SubAi: 273 274 275 280 
SubAx: -1.03213e-12 1000 -1.03213e-12 -1000 	Checked!
Sorted Ai: 273 274 275 280 
Corresponding Ax: -1.03213e-12 1000 -1.03213e-12 -1000 
handling column 275
SubAi: 273 274 275 280 
SubAx: -0.00167228 0.00167205 1000 -1000 	Checked!
	Checked!
Sorted Ai: 273 274 275 280 
Corresponding Ax: -0.00167228 0.00167205 1000 -1000 
handling column 276
SubAi: 276 277 
SubAx: 1000 -1000 Sorted Ai: 276 277 
Corresponding Ax: 1000 -1000 
handling column 277
SubAi: 276 277 278 279 
SubAx: -1000 1000.25 -0.248815 -3.38064e-05 	Checked!
Sorted Ai: 276 277 278 279 
Corresponding Ax: -1000 1000.25 -0.248815 -3.38064e-05 
handling column 278
SubAi: 277 278 279 329 
SubAx: -0.208105 1000.42 -0.208105 -1000 	Checked!
Sorted Ai: 277 278 279 329 
Corresponding Ax: -0.208105 1000.42 -0.208105 -1000 
handling column 279
SubAi: 277 278 279 280 
SubAx: -0.0407441 -0.167394 1000.21 -1000 	Checked!
	Checked!
Sorted Ai: 277 278 279 280 329 
Corresponding Ax: -0.0407441 -0.167394 1000.21 -1000 0 
handling column 280
SubAi: 274 275 279 280 284 
SubAx: -1000 -1000 -1000 3000 -2.5641e-05 	Checked!
	Checked!
	Checked!
Sorted Ai: 274 275 279 280 284 329 
Corresponding Ax: -1000 -1000 -1000 3000 -2.5641e-05 0 
handling column 281
SubAi: 281 282 283 364 
SubAx: 1000.01 -0.00640227 -6.84004e-07 -1000 Sorted Ai: 281 282 283 364 
Corresponding Ax: 1000.01 -0.00640227 -6.84004e-07 -1000 
handling column 282
SubAi: 281 282 283 284 
SubAx: -1.03213e-12 1000 -1.03213e-12 -1000 	Checked!
Sorted Ai: 281 282 283 284 364 
Corresponding Ax: -1.03213e-12 1000 -1.03213e-12 -1000 0 
handling column 283
SubAi: 281 282 283 284 
SubAx: -0.00640296 0.00640227 1000 -1000 	Checked!
	Checked!
Sorted Ai: 281 282 283 284 364 
Corresponding Ax: -0.00640296 0.00640227 1000 -1000 0 
handling column 284
SubAi: 280 282 283 284 286 
SubAx: -2.5641e-05 -1000 -1000 3000 -1000 	Checked!
	Checked!
	Checked!
Sorted Ai: 280 282 283 284 286 329 364 
Corresponding Ax: -2.5641e-05 -1000 -1000 3000 -1000 0 0 
handling column 285
SubAi: 285 286 287 364 
SubAx: 1000.01 -6.84004e-07 -0.00640227 -1000 Sorted Ai: 285 286 287 364 
Corresponding Ax: 1000.01 -6.84004e-07 -0.00640227 -1000 
handling column 286
SubAi: 284 285 286 287 
SubAx: -1000 -0.00640296 1000 0.00640227 	Checked!
	Checked!
Sorted Ai: 284 285 286 287 329 364 
Corresponding Ax: -1000 -0.00640296 1000 0.00640227 0 0 
handling column 287
SubAi: 285 286 287 330 
SubAx: -1.00005e-12 -1.00005e-12 1000 -1000 	Checked!
	Checked!
Sorted Ai: 285 286 287 329 330 364 
Corresponding Ax: -1.00005e-12 -1.00005e-12 1000 0 -1000 0 
handling column 288
SubAi: 288 289 
SubAx: 1000 -1000 Sorted Ai: 288 289 
Corresponding Ax: 1000 -1000 
handling column 289
SubAi: 288 289 290 291 
SubAx: -1000 1000 -3.84445e-12 -5.22343e-16 	Checked!
Sorted Ai: 288 289 290 291 
Corresponding Ax: -1000 1000 -3.84445e-12 -5.22343e-16 
handling column 290
SubAi: 289 290 291 331 
SubAx: -1.00007e-12 1000 -1.00007e-12 -1000 	Checked!
Sorted Ai: 289 290 291 331 
Corresponding Ax: -1.00007e-12 1000 -1.00007e-12 -1000 
handling column 291
SubAi: 289 290 291 296 
SubAx: -2.8449e-12 1.84431e-12 1000 -1000 	Checked!
	Checked!
Sorted Ai: 289 290 291 296 331 
Corresponding Ax: -2.8449e-12 1.84431e-12 1000 -1000 0 
handling column 292
SubAi: 292 293 
SubAx: 1000 -1000 Sorted Ai: 292 293 
Corresponding Ax: 1000 -1000 
handling column 293
SubAi: 292 293 294 295 
SubAx: -1000 1000 -3.84445e-12 -5.22343e-16 	Checked!
Sorted Ai: 292 293 294 295 
Corresponding Ax: -1000 1000 -3.84445e-12 -5.22343e-16 
handling column 294
SubAi: 293 294 295 302 
SubAx: -1.00006e-12 1000 -1.00006e-12 -1000 	Checked!
Sorted Ai: 293 294 295 302 
Corresponding Ax: -1.00006e-12 1000 -1.00006e-12 -1000 
handling column 295
SubAi: 293 294 295 296 
SubAx: -2.8449e-12 1.84432e-12 1000 -1000 	Checked!
	Checked!
Sorted Ai: 293 294 295 296 302 
Corresponding Ax: -2.8449e-12 1.84432e-12 1000 -1000 0 
handling column 296
SubAi: 291 295 296 298 
SubAx: -1000 -1000 3000 -1000 	Checked!
	Checked!
Sorted Ai: 291 295 296 298 302 331 
Corresponding Ax: -1000 -1000 3000 -1000 0 0 
handling column 297
SubAi: 297 298 299 302 
SubAx: 1000 -0.00149684 0.00149663 -1000 Sorted Ai: 297 298 299 302 
Corresponding Ax: 1000 -0.00149684 0.00149663 -1000 
handling column 298
SubAi: 296 297 298 299 
SubAx: -1000 -2.03347e-07 1000 -0.00149663 	Checked!
	Checked!
Sorted Ai: 296 297 298 299 302 331 
Corresponding Ax: -1000 -2.03347e-07 1000 -0.00149663 0 0 
handling column 299
SubAi: 297 298 299 364 
SubAx: -1.00029e-12 -1.00029e-12 1000 -1000 	Checked!
	Checked!
Sorted Ai: 297 298 299 302 331 364 
Corresponding Ax: -1.00029e-12 -1.00029e-12 1000 0 0 -1000 
handling column 300
SubAi: 300 301 328 329 
SubAx: 1000.05 2.04278e-07 -0.0524401 -1000 Sorted Ai: 300 301 328 329 
Corresponding Ax: 1000.05 2.04278e-07 -0.0524401 -1000 
handling column 301
SubAi: 300 301 302 328 
SubAx: -0.0524287 1000.1 -1000 -0.0524287 	Checked!
Sorted Ai: 300 301 302 328 329 
Corresponding Ax: -0.0524287 1000.1 -1000 -0.0524287 0 
handling column 302
SubAi: 294 297 301 302 
SubAx: -1000 -1000 -1000 3000 	Checked!
	Checked!
	Checked!
	Checked!
	Checked!
	Checked!
	Checked!
Sorted Ai: 294 295 296 297 298 299 301 302 328 329 331 364 
Corresponding Ax: -1000 0 0 -1000 0 0 -1000 3000 0 0 0 0 
handling column 303
SubAi: 303 307 308 364 
SubAx: 1000.05 -5.5692e-06 -0.0521277 -1000 Sorted Ai: 303 307 308 364 
Corresponding Ax: 1000.05 -5.5692e-06 -0.0521277 -1000 
handling column 304
SubAi: 304 305 306 364 
SubAx: 1000.05 -0.0521277 -5.5692e-06 -1000 Sorted Ai: 304 305 306 364 
Corresponding Ax: 1000.05 -0.0521277 -5.5692e-06 -1000 
handling column 305
SubAi: 304 305 306 327 
SubAx: -1.03213e-12 1000 -1.03213e-12 -1000 	Checked!
Sorted Ai: 304 305 306 327 364 
Corresponding Ax: -1.03213e-12 1000 -1.03213e-12 -1000 0 
handling column 306
SubAi: 304 305 306 327 
SubAx: -0.0521333 0.0521277 1000 -1000 	Checked!
	Checked!
Sorted Ai: 304 305 306 327 364 
Corresponding Ax: -0.0521333 0.0521277 1000 -1000 0 
handling column 307
SubAi: 303 307 308 327 
SubAx: -0.0521333 1000 0.0521277 -1000 	Checked!
Sorted Ai: 303 307 308 327 364 
Corresponding Ax: -0.0521333 1000 0.0521277 -1000 0 
handling column 308
SubAi: 303 307 308 329 
SubAx: -1.0005e-12 -1.0005e-12 1000 -1000 	Checked!
	Checked!
Sorted Ai: 303 307 308 327 329 364 
Corresponding Ax: -1.0005e-12 -1.0005e-12 1000 0 -1000 0 
handling column 309
SubAi: 309 310 315 329 
SubAx: 1000.35 -0.698728 0.349245 -1000 Sorted Ai: 309 310 315 329 
Corresponding Ax: 1000.35 -0.698728 0.349245 -1000 
handling column 310
SubAi: 309 310 315 331 
SubAx: -0.349483 1000.7 -0.349483 -1000 	Checked!
Sorted Ai: 309 310 315 329 331 
Corresponding Ax: -0.349483 1000.7 -0.349483 0 -1000 
handling column 311
SubAi: 311 312 315 
SubAx: 2000 -1000 -1000 Sorted Ai: 311 312 315 
Corresponding Ax: 2000 -1000 -1000 
handling column 312
SubAi: 311 312 313 314 
SubAx: -1000 1000 -3.75086e-05 -5.09627e-09 	Checked!
Sorted Ai: 311 312 313 314 315 
Corresponding Ax: -1000 1000 -3.75086e-05 -5.09627e-09 0 
handling column 313
SubAi: 312 313 314 327 
SubAx: -3.90678e-08 1000 -3.90678e-08 -1000 	Checked!
Sorted Ai: 312 313 314 315 327 
Corresponding Ax: -3.90678e-08 1000 -3.90678e-08 0 -1000 
handling column 314
SubAi: 312 313 314 366 
SubAx: -3.74746e-05 3.74304e-05 1000 -1000 	Checked!
	Checked!
Sorted Ai: 312 313 314 315 327 366 
Corresponding Ax: -3.74746e-05 3.74304e-05 1000 0 0 -1000 
handling column 315
SubAi: 309 310 311 315 
SubAx: -2.55246e-08 -0.00023891 -1000 1000 	Checked!
	Checked!
	Checked!
	Checked!
	Checked!
	Checked!
Sorted Ai: 309 310 311 312 313 314 315 327 329 331 366 
Corresponding Ax: -2.55246e-08 -0.00023891 -1000 0 0 0 1000 0 0 0 0 
handling column 316
SubAi: 316 319 
SubAx: 1.43282 -0.00424848 Sorted Ai: 316 319 
Corresponding Ax: 1.43282 -0.00424848 
handling column 317
SubAi: 317 322 
SubAx: 0.01 -2.4023e-12 Sorted Ai: 317 322 
Corresponding Ax: 0.01 -2.4023e-12 
handling column 318
SubAi: 318 322 
SubAx: 0.0100102 -0.01 Sorted Ai: 318 322 
Corresponding Ax: 0.0100102 -0.01 
handling column 319
SubAi: 316 319 322 
SubAx: -0.00424848 100.004 -100 	Checked!
Sorted Ai: 316 319 322 
Corresponding Ax: -0.00424848 100.004 -100 
handling column 320
SubAi: 320 322 366 
SubAx: 0.391556 -0.379795 -0.0117613 Sorted Ai: 320 322 366 
Corresponding Ax: 0.391556 -0.379795 -0.0117613 
handling column 321
SubAi: 321 322 366 
SubAx: 0.379795 -3.85959e-12 -0.379795 Sorted Ai: 321 322 366 
Corresponding Ax: 0.379795 -3.85959e-12 -0.379795 
handling column 322
SubAi: 317 318 319 320 321 322 326 364 366 
SubAx: -2.4023e-12 -0.01 -100 -0.379795 -3.85959e-12 1100.39 -1000 -0.0005 -2.2e-28 	Checked!
	Checked!
	Checked!
	Checked!
	Checked!
Sorted Ai: 317 318 319 320 321 322 326 364 366 
Corresponding Ax: -2.4023e-12 -0.01 -100 -0.379795 -3.85959e-12 1100.39 -1000 -0.0005 -2.2e-28 
handling column 323
SubAi: 323 324 328 
SubAx: 2000 -1000 -1000 Sorted Ai: 323 324 328 
Corresponding Ax: 2000 -1000 -1000 
handling column 324
SubAi: 323 324 325 326 
SubAx: -1000 1000.06 -0.0609041 -8.27501e-06 	Checked!
Sorted Ai: 323 324 325 326 328 
Corresponding Ax: -1000 1000.06 -0.0609041 -8.27501e-06 0 
handling column 325
SubAi: 324 325 326 327 
SubAx: -0.00847231 1000.02 -0.00847231 -1000 	Checked!
Sorted Ai: 324 325 326 327 328 
Corresponding Ax: -0.00847231 1000.02 -0.00847231 -1000 0 
handling column 326
SubAi: 322 324 325 326 
SubAx: -1000 -0.0524401 0.0439595 1000.01 	Checked!
	Checked!
	Checked!
Sorted Ai: 322 324 325 326 327 328 364 366 
Corresponding Ax: -1000 -0.0524401 0.0439595 1000.01 0 0 0 0 
handling column 327
SubAi: 305 306 307 313 325 327 
SubAx: -1000 -1000 -1000 -1000 -1000 5000 	Checked!
	Checked!
	Checked!
	Checked!
	Checked!
	Checked!
	Checked!
	Checked!
	Checked!
Sorted Ai: 305 306 307 308 313 314 315 325 326 327 328 329 331 364 366 
Corresponding Ax: -1000 -1000 -1000 0 -1000 0 0 -1000 0 5000 0 0 0 0 0 
handling column 328
SubAi: 300 301 323 328 
SubAx: -1.12027e-05 -0.104858 -1000 1000.1 	Checked!
	Checked!
	Checked!
	Checked!
	Checked!
	Checked!
	Checked!
	Checked!
Sorted Ai: 300 301 302 323 324 325 326 327 328 329 331 364 366 
Corresponding Ax: -1.12027e-05 -0.104858 0 -1000 0 0 0 0 1000.1 0 0 0 0 
handling column 329
SubAi: 278 300 308 309 329 
SubAx: -1000 -1000 -1000 -1000 4000 	Checked!
	Checked!
	Checked!
	Checked!
	Checked!
	Checked!
	Checked!
	Checked!
	Checked!
	Checked!
	Checked!
	Checked!
	Checked!
	Checked!
	Checked!
Sorted Ai: 278 279 280 284 286 287 300 301 302 308 309 310 315 327 328 329 330 331 364 366 
Corresponding Ax: -1000 0 0 0 0 0 -1000 0 0 -1000 -1000 0 0 0 0 4000 0 0 0 0 
handling column 330
SubAi: 246 247 267 270 287 330 331 
SubAx: -1000 -0.000222222 -1000 -1000 -1000 4000 -2.5e-32 	Checked!
	Checked!
	Checked!
	Checked!
	Checked!
	Checked!
	Checked!
	Checked!
	Checked!
Sorted Ai: 246 247 264 267 270 271 272 287 329 330 331 363 364 366 
Corresponding Ax: -1000 -0.000222222 0 -1000 -1000 0 0 -1000 0 4000 -2.5e-32 0 0 0 
handling column 331
SubAi: 256 261 290 310 330 331 
SubAx: -1000 -1000 -1000 -1000 -2.5e-32 4000 	Checked!
	Checked!
	Checked!
	Checked!
	Checked!
	Checked!
	Checked!
	Checked!
	Checked!
	Checked!
	Checked!
	Checked!
	Checked!
	Checked!
	Checked!
	Checked!
	Checked!
	Checked!
Sorted Ai: 256 257 261 262 263 264 290 291 296 298 299 302 310 315 327 328 329 330 331 363 364 366 
Corresponding Ax: -1000 0 -1000 0 0 0 -1000 0 0 0 0 0 -1000 0 0 0 0 -2.5e-32 4000 0 0 0 
handling column 332
SubAi: 332 335 339 
SubAx: 100 -1e-12 -100 Sorted Ai: 332 335 339 
Corresponding Ax: 100 -1e-12 -100 
handling column 333
SubAi: 333 339 361 
SubAx: 0.01 -1.00082e-12 -0.01 Sorted Ai: 333 339 361 
Corresponding Ax: 0.01 -1.00082e-12 -0.01 
handling column 334
SubAi: 334 339 361 
SubAx: 1 -1 -1.18986e-12 Sorted Ai: 334 339 361 
Corresponding Ax: 1 -1 -1.18986e-12 
handling column 335
SubAi: 332 335 361 
SubAx: -1e-12 0.335796 -0.335796 	Checked!
Sorted Ai: 332 335 339 361 
Corresponding Ax: -1e-12 0.335796 0 -0.335796 
handling column 336
SubAi: 336 337 338 
SubAx: 21.9246 -0.000981936 -0.105657 Sorted Ai: 336 337 338 
Corresponding Ax: 21.9246 -0.000981936 -0.105657 
handling column 337
SubAi: 336 337 338 362 
SubAx: -0.0326097 0.0885415 0.00822284 -0.0641547 	Checked!
Sorted Ai: 336 337 338 362 
Corresponding Ax: -0.0326097 0.0885415 0.00822284 -0.0641547 
handling column 338
SubAi: 336 337 338 339 
SubAx: -0.0740297 -0.0234049 4.15917 -4.06174 	Checked!
	Checked!
Sorted Ai: 336 337 338 339 362 
Corresponding Ax: -0.0740297 -0.0234049 4.15917 -4.06174 0 
handling column 339
SubAi: 332 333 334 338 339 363 
SubAx: -100 -1.00082e-12 -1 -4.06174 105.062 -0.0005 	Checked!
	Checked!
	Checked!
	Checked!
	Checked!
Sorted Ai: 332 333 334 335 338 339 361 362 363 
Corresponding Ax: -100 -1.00082e-12 -1 0 -4.06174 105.062 0 0 -0.0005 
handling column 340
SubAi: 340 360 409 
SubAx: 100000 1 -100000 Sorted Ai: 340 360 409 
Corresponding Ax: 100000 1 -100000 
handling column 341
SubAi: 341 344 
SubAx: 0.0143885 -1e-12 Sorted Ai: 341 344 
Corresponding Ax: 0.0143885 -1e-12 
handling column 342
SubAi: 342 345 
SubAx: 70.922 -1.12445e-10 Sorted Ai: 342 345 
Corresponding Ax: 70.922 -1.12445e-10 
handling column 343
SubAi: 343 345 
SubAx: 1000 -1000 Sorted Ai: 343 345 
Corresponding Ax: 1000 -1000 
handling column 344
SubAi: 341 344 345 
SubAx: -1e-12 1000 -1000 	Checked!
Sorted Ai: 341 344 345 
Corresponding Ax: -1e-12 1000 -1000 
handling column 345
SubAi: 342 343 344 345 349 365 
SubAx: -1.12445e-10 -1000 -1000 1.00201e+06 -6.57462 -1e+06 	Checked!
	Checked!
	Checked!
Sorted Ai: 342 343 344 345 349 365 
Corresponding Ax: -1.12445e-10 -1000 -1000 1.00201e+06 -6.57462 -1e+06 
handling column 346
SubAi: 346 347 349 
SubAx: 1000 -1.33378e-07 -4.99012e-08 Sorted Ai: 346 347 349 
Corresponding Ax: 1000 -1.33378e-07 -4.99012e-08 
handling column 347
SubAi: 346 347 348 349 
SubAx: -1.8298e-07 0.0516798 -0.0516797 3.05178e-09 	Checked!
Sorted Ai: 346 347 348 349 
Corresponding Ax: -1.8298e-07 0.0516798 -0.0516797 3.05178e-09 
handling column 348
SubAi: 347 348 358 
SubAx: -0.0516797 0.17668 -0.125 	Checked!
Sorted Ai: 347 348 349 358 
Corresponding Ax: -0.0516797 0.17668 0 -0.125 
handling column 349
SubAi: 345 346 347 349 
SubAx: -6.57462 -2.99378e-10 -4.655e-08 6.57462 	Checked!
	Checked!
	Checked!
	Checked!
Sorted Ai: 345 346 347 348 349 358 365 
Corresponding Ax: -6.57462 -2.99378e-10 -4.655e-08 0 6.57462 0 0 
handling column 350
SubAi: 350 358 359 
SubAx: 17.8891 -17.8891 -1.3538e-07 Sorted Ai: 350 358 359 
Corresponding Ax: 17.8891 -17.8891 -1.3538e-07 
handling column 351
SubAi: 351 352 353 358 
SubAx: 21.8267 -9.02095e-05 -0.00872319 -21.8179 Sorted Ai: 351 352 353 358 
Corresponding Ax: 21.8267 -9.02095e-05 -0.00872319 -21.8179 
handling column 352
SubAi: 351 352 353 361 
SubAx: 0.00161933 0.0443937 -0.00684331 -0.0391698 	Checked!
Sorted Ai: 351 352 353 358 361 
Corresponding Ax: 0.00161933 0.0443937 -0.00684331 0 -0.0391698 
handling column 353
SubAi: 351 352 353 357 
SubAx: -0.0104327 -0.00513377 4.0773 -4.06174 	Checked!
	Checked!
Sorted Ai: 351 352 353 357 358 361 
Corresponding Ax: -0.0104327 -0.00513377 4.0773 -4.06174 0 0 
handling column 354
SubAi: 354 355 356 357 
SubAx: 0.0380804 -0.0232999 0.0193577 -0.0341383 Sorted Ai: 354 355 356 357 
Corresponding Ax: 0.0380804 -0.0232999 0.0193577 -0.0341383 
handling column 355
SubAi: 354 355 356 361 
SubAx: -0.00394214 0.459995 -0.0194126 -0.43664 	Checked!
Sorted Ai: 354 355 356 357 361 
Corresponding Ax: -0.00394214 0.459995 -0.0194126 0 -0.43664 
handling column 356
SubAi: 354 355 356 359 
SubAx: -8.47321e-14 -5.48788e-05 5.16095 -5.16089 	Checked!
	Checked!
Sorted Ai: 354 355 356 357 359 361 
Corresponding Ax: -8.47321e-14 -5.48788e-05 5.16095 0 -5.16089 0 
handling column 357
SubAi: 353 354 357 359 
SubAx: -4.06174 -0.0341383 4.09838 -0.0025 	Checked!
	Checked!
	Checked!
	Checked!
Sorted Ai: 353 354 355 356 357 358 359 361 
Corresponding Ax: -4.06174 -0.0341383 0 0 4.09838 0 -0.0025 0 
handling column 358
SubAi: 348 350 351 358 361 
SubAx: -0.125 -17.8891 -21.8179 39.8445 -0.0025 	Checked!
	Checked!
	Checked!
	Checked!
	Checked!
	Checked!
	Checked!
Sorted Ai: 348 349 350 351 352 353 357 358 359 361 365 
Corresponding Ax: -0.125 0 -17.8891 -21.8179 0 0 0 39.8445 0 -0.0025 0 
handling column 359
SubAi: 340 359 
SubAx: 1 -1 	Checked!
Sorted Ai: 340 359 360 409 
Corresponding Ax: 1 -1 0 0 
handling column 360
SubAi: 350 356 357 359 360 362 
SubAx: -1.3538e-07 -5.16089 -0.0025 5.16472 -1 -0.00133333 	Checked!
	Checked!
	Checked!
	Checked!
	Checked!
Sorted Ai: 350 356 357 358 359 360 361 362 365 409 
Corresponding Ax: -1.3538e-07 -5.16089 -0.0025 0 5.16472 -1 0 -0.00133333 0 0 
handling column 361
SubAi: 333 334 335 352 355 358 361 
SubAx: -0.01 -1.18986e-12 -0.335796 -0.0391698 -0.43664 -0.0025 0.824106 	Checked!
	Checked!
	Checked!
	Checked!
	Checked!
	Checked!
	Checked!
	Checked!
	Checked!
	Checked!
	Checked!
	Checked!
Sorted Ai: 333 334 335 339 352 353 355 356 357 358 359 360 361 362 363 365 409 
Corresponding Ax: -0.01 -1.18986e-12 -0.335796 0 -0.0391698 0 -0.43664 0 0 -0.0025 0 0 0.824106 0 0 0 0 
handling column 362
SubAi: 337 359 362 364 
SubAx: -0.0641547 -0.00133333 0.065588 -0.0001 	Checked!
	Checked!
	Checked!
	Checked!
	Checked!
	Checked!
Sorted Ai: 337 338 339 359 360 361 362 363 364 365 409 
Corresponding Ax: -0.0641547 0 0 -0.00133333 0 0 0.065588 0 -0.0001 0 0 
handling column 363
SubAi: 252 265 272 339 363 
SubAx: -0.0454545 -1000 -0.037037 -0.0005 1000.08 	Checked!
	Checked!
	Checked!
	Checked!
	Checked!
	Checked!
	Checked!
	Checked!
	Checked!
	Checked!
	Checked!
Sorted Ai: 252 264 265 266 267 272 330 331 339 361 362 363 364 365 366 409 
Corresponding Ax: -0.0454545 0 -1000 0 0 -0.037037 0 0 -0.0005 0 0 1000.08 0 0 0 0 
handling column 364
SubAi: 233 234 235 236 268 281 285 299 303 304 322 362 364 
SubAx: -1e-12 -1000 -1000 -0.0030303 -0.0666667 -1000 -1000 -1000 -1000 -1000 -0.0005 -0.0001 7000.07 	Checked!
	Checked!
	Checked!
	Checked!
	Checked!
	Checked!
	Checked!
	Checked!
	Checked!
	Checked!
	Checked!
	Checked!
	Checked!
	Checked!
	Checked!
	Checked!
	Checked!
	Checked!
	Checked!
	Checked!
	Checked!
	Checked!
	Checked!
	Checked!
	Checked!
	Checked!
	Checked!
	Checked!
	Checked!
	Checked!
	Checked!
	Checked!
	Checked!
	Checked!
Sorted Ai: 233 234 235 236 243 268 269 270 271 272 281 282 283 284 285 286 287 299 302 303 304 305 306 307 308 322 326 327 328 329 330 331 362 363 364 365 366 367 409 
Corresponding Ax: -1e-12 -1000 -1000 -0.0030303 0 -0.0666667 0 0 0 0 -1000 0 0 0 -1000 0 0 -1000 0 -1000 -1000 0 0 0 0 -0.0005 0 0 0 0 0 0 -0.0001 0 7000.07 0 0 0 0 
handling column 365
SubAi: 237 238 345 365 369 
SubAx: -1 23.8995 -1e+06 1e+06 -8e-31 	Checked!
	Checked!
	Checked!
	Checked!
	Checked!
	Checked!
	Checked!
	Checked!
	Checked!
	Checked!
	Checked!
	Checked!
	Checked!
	Checked!
Sorted Ai: 237 238 239 242 243 345 349 358 359 360 361 362 363 364 365 366 367 369 409 
Corresponding Ax: -1 23.8995 0 0 0 -1e+06 0 0 0 0 0 0 0 0 1e+06 0 0 -8e-31 0 
handling column 366
SubAi: 219 314 320 321 322 366 
SubAx: -0.0001 -1000 -0.0117613 -0.379795 -2.2e-28 1000.39 	Checked!
	Checked!
	Checked!
	Checked!
	Checked!
	Checked!
	Checked!
	Checked!
	Checked!
	Checked!
	Checked!
	Checked!
	Checked!
	Checked!
	Checked!
	Checked!
	Checked!
	Checked!
	Checked!
	Checked!
	Checked!
Sorted Ai: 219 220 221 222 223 227 228 314 315 320 321 322 326 327 328 329 330 331 363 364 365 366 367 369 409 
Corresponding Ax: -0.0001 0 0 0 0 0 0 -1000 0 -0.0117613 -0.379795 -2.2e-28 0 0 0 0 0 0 0 0 0 1000.39 0 0 0 
handling column 367
SubAi: 367 
SubAx: 1 Sorted Ai: 367 
Corresponding Ax: 1 
handling column 368
SubAi: 201 225 365 368 369 
SubAx: -0.0172414 23.8995 -8e-31 -1 0.0172414 	Checked!
	Checked!
	Checked!
	Checked!
	Checked!
	Checked!
Sorted Ai: 201 214 225 365 366 367 368 369 385 409 
Corresponding Ax: -0.0172414 0 23.8995 -8e-31 0 0 -1 0.0172414 0 0 
handling column 369
SubAi: 216 367 369 
SubAx: 1 -7047.87 -1 	Checked!
	Checked!
	Checked!
Sorted Ai: 216 228 367 369 
Corresponding Ax: 1 0 -7047.87 -1 
handling column 370
SubAi: 370 
SubAx: -1 Sorted Ai: 370 
Corresponding Ax: -1 
handling column 371
SubAi: 371 383 
SubAx: -1 1 Sorted Ai: 371 383 
Corresponding Ax: -1 1 
handling column 372
SubAi: 372 374 
SubAx: 0.000165357 -1.1274e-05 Sorted Ai: 372 374 
Corresponding Ax: 0.000165357 -1.1274e-05 
handling column 373
SubAi: 373 375 
SubAx: 0.000333533 -0.000333333 Sorted Ai: 373 375 
Corresponding Ax: 0.000333533 -0.000333333 
handling column 374
SubAi: 372 374 375 388 
SubAx: -1.1274e-05 0.000111324 -5e-08 -0.0001 	Checked!
Sorted Ai: 372 374 375 388 
Corresponding Ax: -1.1274e-05 0.000111324 -5e-08 -0.0001 
handling column 375
SubAi: 373 374 375 376 
SubAx: -0.000333333 -5e-08 0.000363417 -3.00339e-05 	Checked!
	Checked!
Sorted Ai: 373 374 375 376 388 
Corresponding Ax: -0.000333333 -5e-08 0.000363417 -3.00339e-05 0 
handling column 376
SubAi: 375 376 377 
SubAx: -3.00339e-05 0.882643 -0.882613 	Checked!
Sorted Ai: 375 376 377 388 
Corresponding Ax: -3.00339e-05 0.882643 -0.882613 0 
handling column 377
SubAi: 376 377 378 
SubAx: -0.882613 0.882613 -1 	Checked!
Sorted Ai: 376 377 378 388 
Corresponding Ax: -0.882613 0.882613 -1 0 
handling column 378
SubAi: 378 382 383 
SubAx: 1 0.00641026 -0.00641026 Sorted Ai: 378 382 383 
Corresponding Ax: 1 0.00641026 -0.00641026 
handling column 379
SubAi: 379 381 
SubAx: -24.8995 1 Sorted Ai: 379 381 
Corresponding Ax: -24.8995 1 
handling column 380
SubAi: 380 384 
SubAx: -24.8995 1 Sorted Ai: 380 384 
Corresponding Ax: -24.8995 1 
handling column 381
SubAi: 379 380 381 382 383 
SubAx: 23.8995 1 -1 -0.00641026 0.00641026 	Checked!
	Checked!
Sorted Ai: 379 380 381 382 383 384 
Corresponding Ax: 23.8995 1 -1 -0.00641026 0.00641026 0 
handling column 382
SubAi: 377 382 
SubAx: -1 1 	Checked!
	Checked!
Sorted Ai: 377 378 382 383 388 
Corresponding Ax: -1 0 1 0 0 
handling column 383
SubAi: 370 383 386 
SubAx: 1 -1 -22553.2 	Checked!
Sorted Ai: 370 383 386 
Corresponding Ax: 1 -1 -22553.2 
handling column 384
SubAi: 212 380 384 385 387 
SubAx: -0.0172414 23.8995 -1 0.0172414 -8e-31 	Checked!
	Checked!
	Checked!
	Checked!
	Checked!
Sorted Ai: 212 213 214 369 380 384 385 387 
Corresponding Ax: -0.0172414 0 0 0 23.8995 -1 0.0172414 -8e-31 
handling column 385
SubAi: 371 385 386 
SubAx: 1 -1 -7047.87 	Checked!
	Checked!
Sorted Ai: 371 383 385 386 
Corresponding Ax: 1 0 -1 -7047.87 
handling column 386
SubAi: 386 
SubAx: 1 Sorted Ai: 386 
Corresponding Ax: 1 
handling column 387
SubAi: 168 194 195 385 387 
SubAx: -1e+06 -1 23.8995 -8e-31 1e+06 	Checked!
	Checked!
	Checked!
	Checked!
	Checked!
	Checked!
	Checked!
	Checked!
	Checked!
	Checked!
	Checked!
	Checked!
	Checked!
	Checked!
Sorted Ai: 168 172 181 182 183 184 185 194 195 196 199 200 385 386 387 389 390 391 
Corresponding Ax: -1e+06 0 0 0 0 0 0 -1 23.8995 0 0 0 -8e-31 0 1e+06 0 0 0 
handling column 388
SubAi: 137 143 144 145 374 388 
SubAx: -1000 -0.0117315 -0.379795 -2.2e-28 -0.0001 1000.39 	Checked!
	Checked!
	Checked!
	Checked!
	Checked!
	Checked!
	Checked!
	Checked!
	Checked!
	Checked!
	Checked!
	Checked!
	Checked!
	Checked!
	Checked!
	Checked!
	Checked!
	Checked!
	Checked!
Sorted Ai: 137 138 143 144 145 149 150 151 152 153 154 374 375 376 377 378 382 383 386 388 389 390 
Corresponding Ax: -1000 0 -0.0117315 -0.379795 -2.2e-28 0 0 0 0 0 0 -0.0001 0 0 0 0 0 0 0 1000.39 0 0 
handling column 389
SubAi: 91 104 108 122 126 127 145 185 190 191 192 193 389 
SubAx: -0.0666667 -1000 -1000 -1000 -1000 -1000 -0.0005 -0.0001 -1e-12 -1000 -1000 -0.0030303 7000.07 	Checked!
	Checked!
	Checked!
	Checked!
	Checked!
	Checked!
	Checked!
	Checked!
	Checked!
	Checked!
	Checked!
	Checked!
	Checked!
	Checked!
	Checked!
	Checked!
	Checked!
	Checked!
	Checked!
	Checked!
	Checked!
	Checked!
	Checked!
	Checked!
	Checked!
	Checked!
	Checked!
	Checked!
	Checked!
	Checked!
	Checked!
	Checked!
	Checked!
	Checked!
	Checked!
	Checked!
Sorted Ai: 91 92 93 94 95 104 105 106 107 108 109 110 122 125 126 127 128 129 130 131 145 149 150 151 152 153 154 185 190 191 192 193 200 386 387 388 389 390 391 
Corresponding Ax: -0.0666667 0 0 0 0 -1000 0 0 0 -1000 0 0 -1000 0 -1000 -1000 0 0 0 0 -0.0005 0 0 0 0 0 0 -0.0001 -1e-12 -1000 -1000 -0.0030303 0 0 0 0 7000.07 0 0 
handling column 390
SubAi: 75 88 95 162 390 
SubAx: -0.0454545 -1000 -0.037037 -0.0005 1000.08 	Checked!
	Checked!
	Checked!
	Checked!
	Checked!
	Checked!
	Checked!
	Checked!
	Checked!
	Checked!
	Checked!
	Checked!
	Checked!
	Checked!
Sorted Ai: 75 87 88 89 90 95 153 154 162 184 185 387 388 389 390 391 
Corresponding Ax: -0.0454545 0 -1000 0 0 -0.037037 0 0 -0.0005 0 0 0 0 0 1000.08 0 
handling column 391
SubAi: 60 63 66 163 391 404 
SubAx: -100000 -1 -0.00625 -100000 200000 -3.33333e-05 	Checked!
	Checked!
	Checked!
	Checked!
	Checked!
	Checked!
	Checked!
	Checked!
	Checked!
	Checked!
	Checked!
Sorted Ai: 60 63 64 66 163 183 184 185 387 389 390 391 403 404 
Corresponding Ax: -100000 -1 0 -0.00625 -100000 0 0 0 0 0 0 200000 0 -3.33333e-05 
handling column 392
SubAi: 392 393 
SubAx: 26.9179 -6.99791e-08 Sorted Ai: 392 393 
Corresponding Ax: 26.9179 -6.99791e-08 
handling column 393
SubAi: 392 393 401 407 
SubAx: -6.99791e-08 100000 -100000 -0.0005 	Checked!
Sorted Ai: 392 393 401 407 
Corresponding Ax: -6.99791e-08 100000 -100000 -0.0005 
handling column 394
SubAi: 394 403 408 
SubAx: 1 -2325.58 -1 Sorted Ai: 394 403 408 
Corresponding Ax: 1 -2325.58 -1 
handling column 395
SubAi: 395 401 408 
SubAx: 100000 -100000 -1.18e-30 Sorted Ai: 395 401 408 
Corresponding Ax: 100000 -100000 -1.18e-30 
handling column 396
SubAi: 396 399 
SubAx: 1 -3635.14 Sorted Ai: 396 399 
Corresponding Ax: 1 -3635.14 
handling column 397
SubAi: 397 400 
SubAx: 1 -1 Sorted Ai: 397 400 
Corresponding Ax: 1 -1 
handling column 398
SubAi: 397 398 401 
SubAx: 0.714286 1 -0.714286 	Checked!
Sorted Ai: 397 398 400 401 
Corresponding Ax: 0.714286 1 0 -0.714286 
handling column 399
SubAi: 398 399 400 401 402 
SubAx: -1 1 100000 -0.000324675 -100000 	Checked!
Sorted Ai: 398 399 400 401 402 
Corresponding Ax: -1 1 100000 -0.000324675 -100000 
handling column 400
SubAi: 394 400 
SubAx: -1 1 	Checked!
Sorted Ai: 394 400 403 408 
Corresponding Ax: -1 1 0 0 
handling column 401
SubAi: 393 395 397 400 401 408 
SubAx: -100000 -100000 -0.714286 -0.000324675 200001 -1.33333e-06 	Checked!
	Checked!
	Checked!
	Checked!
Sorted Ai: 393 395 397 400 401 403 407 408 
Corresponding Ax: -100000 -100000 -0.714286 -0.000324675 200001 0 0 -1.33333e-06 
handling column 402
SubAi: 66 400 402 
SubAx: -2e-31 -100000 100000 	Checked!
	Checked!
Sorted Ai: 66 400 402 403 404 408 
Corresponding Ax: -2e-31 -100000 100000 0 0 0 
handling column 403
SubAi: 403 
SubAx: 1 Sorted Ai: 403 
Corresponding Ax: 1 
handling column 404
SubAi: 34 36 60 61 62 65 391 404 405 408 
SubAx: -100000 1 -1.18e-30 -100000 -1 3634.14 -3.33333e-05 200000 -7.69231e-05 -1e-08 	Checked!
	Checked!
	Checked!
	Checked!
	Checked!
	Checked!
	Checked!
	Checked!
	Checked!
	Checked!
	Checked!
	Checked!
	Checked!
Sorted Ai: 34 36 39 40 48 60 61 62 65 66 391 402 403 404 405 408 
Corresponding Ax: -100000 1 0 0 0 -1.18e-30 -100000 -1 3634.14 0 -3.33333e-05 0 0 200000 -7.69231e-05 -1e-08 
handling column 405
SubAi: 34 37 40 55 404 405 
SubAx: -1.18e-30 -1 -0.0142857 -100000 -7.69231e-05 100000 	Checked!
	Checked!
	Checked!
	Checked!
	Checked!
	Checked!
	Checked!
	Checked!
	Checked!
	Checked!
Sorted Ai: 34 37 38 40 55 56 57 58 403 404 405 406 407 408 
Corresponding Ax: -1.18e-30 -1 0 -0.0142857 -100000 0 0 0 0 -7.69231e-05 100000 0 0 0 
handling column 406
SubAi: 41 44 47 54 406 408 
SubAx: -1.18e-30 -1.2987 -0.000606061 -100000 100001 -2.46305e-06 	Checked!
	Checked!
	Checked!
	Checked!
	Checked!
	Checked!
	Checked!
	Checked!
Sorted Ai: 41 44 47 54 57 58 403 405 406 407 408 
Corresponding Ax: -1.18e-30 -1.2987 -0.000606061 -100000 0 0 0 0 100001 0 -2.46305e-06 
handling column 407
SubAi: 52 53 393 407 408 
SubAx: -0.01 -0.0005 -0.0005 100000 -100000 	Checked!
	Checked!
	Checked!
	Checked!
	Checked!
	Checked!
	Checked!
	Checked!
Sorted Ai: 52 53 58 393 401 403 405 406 407 408 
Corresponding Ax: -0.01 -0.0005 0 -0.0005 0 0 0 0 100000 -100000 
handling column 408
SubAi: 41 43 395 396 399 401 404 406 407 408 
SubAx: -100000 1 -1.18e-30 -1 3634.14 -1.33333e-06 -1e-08 -2.46305e-06 -100000 200000 	Checked!
	Checked!
	Checked!
	Checked!
	Checked!
	Checked!
	Checked!
	Checked!
	Checked!
	Checked!
	Checked!
	Checked!
	Checked!
	Checked!
	Checked!
	Checked!
Sorted Ai: 41 43 46 47 48 395 396 399 400 401 402 403 404 405 406 407 408 
Corresponding Ax: -100000 1 0 0 0 -1.18e-30 -1 3634.14 0 -1.33333e-06 0 0 -1e-08 0 -2.46305e-06 -100000 200000 
handling column 409
SubAi: 27 30 33 340 409 424 
SubAx: -100000 -1 -0.00625 -100000 200000 -3.33333e-05 	Checked!
	Checked!
	Checked!
	Checked!
	Checked!
	Checked!
	Checked!
	Checked!
	Checked!
	Checked!
	Checked!
	Checked!
	Checked!
	Checked!
Sorted Ai: 27 30 31 33 340 360 361 362 363 364 365 366 367 369 409 423 424 
Corresponding Ax: -100000 -1 0 -0.00625 -100000 0 0 0 0 0 0 0 0 0 200000 0 -3.33333e-05 
handling column 410
SubAi: 410 411 
SubAx: 26.9179 -6.99791e-08 Sorted Ai: 410 411 
Corresponding Ax: 26.9179 -6.99791e-08 
handling column 411
SubAi: 410 411 419 421 
SubAx: -6.99791e-08 100000 -100000 -0.0005 	Checked!
Sorted Ai: 410 411 419 421 
Corresponding Ax: -6.99791e-08 100000 -100000 -0.0005 
handling column 412
SubAi: 412 423 426 
SubAx: 1 -2325.58 -1 Sorted Ai: 412 423 426 
Corresponding Ax: 1 -2325.58 -1 
handling column 413
SubAi: 413 419 426 
SubAx: 100000 -100000 -1.18e-30 Sorted Ai: 413 419 426 
Corresponding Ax: 100000 -100000 -1.18e-30 
handling column 414
SubAi: 414 417 
SubAx: 1 -3635.14 Sorted Ai: 414 417 
Corresponding Ax: 1 -3635.14 
handling column 415
SubAi: 415 418 
SubAx: 1 -1 Sorted Ai: 415 418 
Corresponding Ax: 1 -1 
handling column 416
SubAi: 415 416 419 
SubAx: 0.714286 1 -0.714286 	Checked!
Sorted Ai: 415 416 418 419 
Corresponding Ax: 0.714286 1 0 -0.714286 
handling column 417
SubAi: 416 417 418 419 420 
SubAx: -1 1 100000 -0.000324675 -100000 	Checked!
Sorted Ai: 416 417 418 419 420 
Corresponding Ax: -1 1 100000 -0.000324675 -100000 
handling column 418
SubAi: 412 418 
SubAx: -1 1 	Checked!
Sorted Ai: 412 418 423 426 
Corresponding Ax: -1 1 0 0 
handling column 419
SubAi: 411 413 415 418 419 426 
SubAx: -100000 -100000 -0.714286 -0.000324675 200001 -1.33333e-06 	Checked!
	Checked!
	Checked!
	Checked!
Sorted Ai: 411 413 415 418 419 421 423 426 
Corresponding Ax: -100000 -100000 -0.714286 -0.000324675 200001 0 0 -1.33333e-06 
handling column 420
SubAi: 33 418 420 
SubAx: -2e-31 -100000 100000 	Checked!
	Checked!
Sorted Ai: 33 418 420 423 424 426 
Corresponding Ax: -2e-31 -100000 100000 0 0 0 
handling column 421
SubAi: 19 20 411 421 426 
SubAx: -0.01 -0.0005 -0.0005 100000 -100000 	Checked!
	Checked!
	Checked!
	Checked!
	Checked!
Sorted Ai: 19 20 25 411 419 421 423 425 426 427 
Corresponding Ax: -0.01 -0.0005 0 -0.0005 0 100000 0 0 -100000 0 
handling column 422
SubAi: 8 15 422 
SubAx: -2e-31 -100000 100000 	Checked!
	Checked!
Sorted Ai: 8 15 422 423 424 426 
Corresponding Ax: -2e-31 -100000 100000 0 0 0 
handling column 423
SubAi: 423 
SubAx: 1 Sorted Ai: 423 
Corresponding Ax: 1 
handling column 424
SubAi: 2 4 27 28 29 32 409 424 425 426 
SubAx: -100000 1 -1.18e-30 -100000 -1 3634.14 -3.33333e-05 200000 -7.69231e-05 -1e-08 	Checked!
	Checked!
	Checked!
	Checked!
	Checked!
	Checked!
	Checked!
	Checked!
	Checked!
	Checked!
	Checked!
	Checked!
	Checked!
Sorted Ai: 2 4 7 8 27 28 29 32 33 409 420 422 423 424 425 426 
Corresponding Ax: -100000 1 0 0 -1.18e-30 -100000 -1 3634.14 0 -3.33333e-05 0 0 0 200000 -7.69231e-05 -1e-08 
handling column 425
SubAi: 2 5 8 22 424 425 
SubAx: -1.18e-30 -1 -0.0142857 -100000 -7.69231e-05 100000 	Checked!
	Checked!
	Checked!
	Checked!
	Checked!
	Checked!
	Checked!
	Checked!
	Checked!
	Checked!
	Checked!
Sorted Ai: 2 5 6 8 22 23 24 25 421 423 424 425 426 427 
Corresponding Ax: -1.18e-30 -1 0 -0.0142857 -100000 0 0 0 0 0 -7.69231e-05 100000 0 0 
handling column 426
SubAi: 9 11 413 414 417 419 421 424 426 427 
SubAx: -100000 1 -1.18e-30 -1 3634.14 -1.33333e-06 -100000 -1e-08 200000 -2.46305e-06 	Checked!
	Checked!
	Checked!
	Checked!
	Checked!
	Checked!
	Checked!
	Checked!
	Checked!
	Checked!
	Checked!
	Checked!
	Checked!
	Checked!
	Checked!
Sorted Ai: 9 11 14 15 413 414 417 418 419 420 421 422 423 424 425 426 427 
Corresponding Ax: -100000 1 0 0 -1.18e-30 -1 3634.14 0 -1.33333e-06 0 -100000 0 0 -1e-08 0 200000 -2.46305e-06 
handling column 427
SubAi: 9 12 15 21 426 427 
SubAx: -1.18e-30 -1.2987 -0.000606061 -100000 -2.46305e-06 100001 	Checked!
	Checked!
	Checked!
	Checked!
	Checked!
	Checked!
	Checked!
	Checked!
	Checked!
	Checked!
Sorted Ai: 9 12 15 21 24 25 421 423 425 426 427 
Corresponding Ax: -1.18e-30 -1.2987 -0.000606061 -100000 0 0 0 0 0 -2.46305e-06 100001 
handling column 428
SubAi: 428 
SubAx: 1 Sorted Ai: 428 
Corresponding Ax: 1 
handling column 429
SubAi: 429 
SubAx: 1 Sorted Ai: 429 
Corresponding Ax: 1 
CSC format: after fill in
Ax: 1 1 100000 -100000 -1.18e-30 -1 1 -3635.14 1 1 18.1818 -18.1818 1 -1 3634.14 -18.1818 -1 18.1961 -2e-31 -0.0142857 1 -1 -310.078 0 100000 -100000 -1.18e-30 -1 1 -3635.14 1 1 -1 1.2987 1 0 -1.2987 3634.14 -1 -1 100000 -100000 -0.000606061 1 -1 -1705.43 0 1 4 1 -4 -4 8 -4 -4 4.01 -0.01 0.126415 -0.115915 -0.0005 100009 -8.89838 -100000 100032 -31.7901 -100000 -31.7901 31.7901 -5.90855e-11 -8.41421e-12 0 -8.89838 -5.81108e-11 8.89838 -4.43362e-10 0 0 -0.115915 -9.38897e-12 -4.42388e-10 0.115915 0 0 0 1 -465.116 -1 100000 -100000 -1.18e-30 100000 -100000 1 -3635.14 1 8.33333 -8.33333 1 -1 -8.33333 1 8.33958 -0.00625 -2e-31 -1 1 0 0 100000 -100000 -1.18e-30 -1 1 -3635.14 1 1 18.1818 -18.1818 1 -1 3634.14 -18.1818 -1 18.1961 -2e-31 -0.0142857 1 -1 -310.078 0 100000 -1.18e-30 -100000 -1 1 -3635.14 1 1 -1 1.2987 1 0 -1.2987 3634.14 -1 -1 100000 -100000 -0.000606061 1 -1 -1705.43 0 -2e-31 -100000 100000 0 0 0 1 4 1 -4 -4 8 -4 -4 4.01 -0.01 0.126415 -0.115915 -0.0005 100009 -8.89838 -100000 100032 -31.7901 -100000 -31.7901 31.7901 -5.90855e-11 -8.41421e-12 0 -8.89838 -5.81108e-11 8.89838 -4.43362e-10 0 0 -0.115915 -9.38897e-12 -4.42388e-10 0.115915 0 0 0 1 -465.116 -1 100000 -100000 -1.18e-30 100000 -100000 1 -3635.14 1 8.33333 -8.33333 1 -1 -8.33333 1 8.33958 -0.00625 -2e-31 -1 1 0 0 1000 -4.96256e-07 -0.00365244 -1000 -0.00365294 1000 0.00365244 -1000 0 -1.0021e-12 -1.0021e-12 1000 0 0 -1000 -1000 0 1000 -0.000133333 -0.000222222 1000.07 -1000 -1000 1000.07 -0.0352393 -0.0352393 -0.0704721 1000.04 0.0352328 -1000 -6.436e-06 -6.87607e-10 1000 -1000 0 -1000 1000.05 0 -0.0454545 1000 -1.41955e-16 -1.04479e-12 -4.48722e-14 1000 -1000 -9.55328e-13 -1000 2000.01 0 -1000 -1.00006e-12 -1.00006e-12 0 1000 0 -1000 -1000 0 1000 -1.01839e-12 -1.38368e-16 0 2000 -1000 -1000 -1000 1000 -0.00170852 -2.32135e-07 0 -0.00503972 1000.01 -0.00503972 0 -1000 0.00333097 -0.00837092 1000.01 0 0 -1000 -0.0245335 1000.05 -0.0245335 -1000 0 0.0245335 -1000 0 0 0 -0.0490669 1000.02 0 0 -1000 0 0 -0.000133333 -1000 0 0 -1000 0 -1000 0 4000 0 0 0 1000 -1.40235e-16 -1.03213e-12 -1000 -3.07766e-14 1000 -9.70857e-13 -1000 0 -1.00149e-12 -1.00149e-12 1000 0 -1000 0 1000.07 -1000 -0.0666667 -1000 1000 -1.00005e-12 -1.00005e-12 0 7.09078e-05 1000 -7.09175e-05 -1000 0 -7.09078e-05 -9.63422e-09 1000 -1000 0 0 -1000 0 -1000 2000.04 0 0 -0.037037 1000 -0.00167203 -2.27179e-07 -1.03213e-12 1000 -1.03213e-12 -1000 -0.00167226 0.00167203 1000 -1000 1000 -1000 -1000 1000.25 -0.248814 -3.38063e-05 -0.208105 1000.42 -0.208105 -1000 -0.0407435 -0.167395 1000.21 -1000 0 -1000 -1000 -1000 3000 -2.5641e-05 0 1000.01 -0.00640236 -6.84013e-07 -1000 -1.03213e-12 1000 -1.03213e-12 -1000 0 -0.00640304 0.00640236 1000 -1000 0 -2.5641e-05 -1000 -1000 3000 -1000 0 0 1000.01 -6.84013e-07 -0.00640236 -1000 -1000 -0.00640304 1000 0.00640236 0 0 -1.00005e-12 -1.00005e-12 1000 0 -1000 0 1000 -1000 -1000 1000 -3.84447e-12 -5.22346e-16 -1.00007e-12 1000 -1.00007e-12 -1000 -2.84492e-12 1.84433e-12 1000 -1000 0 1000 -1000 -1000 1000 -3.84447e-12 -5.22346e-16 -1.00006e-12 1000 -1.00006e-12 -1000 -2.84492e-12 1.84434e-12 1000 -1000 0 -1000 -1000 3000 -1000 0 0 1000 -0.00149685 0.00149664 -1000 -1000 -2.03348e-07 1000 -0.00149664 0 0 -1.00029e-12 -1.00029e-12 1000 0 0 -1000 1000.05 2.04243e-07 -0.0524564 -1000 -0.052445 1000.1 -1000 -0.052445 0 -1000 0 0 -1000 0 0 -1000 3000 0 0 0 0 1000.05 -5.56934e-06 -0.052129 -1000 1000.05 -0.052129 -5.56934e-06 -1000 -1.03213e-12 1000 -1.03213e-12 -1000 0 -0.0521346 0.052129 1000 -1000 0 -0.0521346 1000 0.052129 -1000 0 -1.0005e-12 -1.0005e-12 1000 0 -1000 0 1000.35 -0.698753 0.349276 -1000 -0.349476 1000.7 -0.349476 0 -1000 2000 -1000 -1000 -1000 1000.01 -0.0130778 -1.77687e-06 0 -3.89391e-08 1000 -3.89391e-08 0 -1000 -0.0130795 0.0130777 1000 0 0 -1000 -2.13825e-08 -0.00020014 -1000 0 0 0 1000 0 0 0 0 1.43282 -0.00424862 0.01 -2.40228e-12 0.0100102 -0.01 -0.00424862 100.004 -100 0.391526 -0.379795 -0.0117315 0.379795 -3.86179e-12 -0.379795 -2.40228e-12 -0.01 -100 -0.379795 -3.86179e-12 1100.39 -1000 -2.2e-28 -0.0005 2000 -1000 -1000 -1000 1000.06 -0.0609162 -8.27666e-06 0 -0.00846811 1000.02 -0.00846811 -1000 0 -1000 -0.0524564 0.04398 1000.01 0 0 0 0 -1000 -1000 -1000 0 -1000 0 0 -1000 0 5000 0 0 0 0 0 -1.12062e-05 -0.10489 0 -1000 0 0 0 0 1000.1 0 0 0 0 -1000 0 0 0 0 0 -1000 0 0 -1000 -1000 0 0 0 0 4000 0 0 0 0 -1000 -0.000222222 0 -1000 -1000 0 0 -1000 0 4000 -2.5e-32 0 0 0 -1000 0 -1000 0 0 0 -1000 0 0 0 0 0 -1000 0 0 0 0 -2.5e-32 4000 0 0 0 100 -1e-12 -100 0.01 -1.00082e-12 -0.01 1 -1 -1.18986e-12 -1e-12 0.335796 0 -0.335796 21.9246 -0.000981934 -0.105657 -0.0326096 0.0885415 0.00822272 -0.0641547 -0.0740297 -0.0234049 4.15917 -4.06174 0 -100 -1.00082e-12 -1 0 -4.06174 105.062 0 0 -0.0005 100000 1 -100000 0.0143885 -1e-12 70.922 -1.12445e-10 1000 -1000 -1e-12 1000 -1000 -1.12445e-10 -1000 -1000 1.00201e+06 -6.57462 -1e+06 1000 -1.33378e-07 -4.99012e-08 -1.8298e-07 0.0516798 -0.0516797 3.05178e-09 -0.0516797 0.17668 0 -0.125 -6.57462 -2.99378e-10 -4.655e-08 0 6.57462 0 0 17.8891 -17.8891 -1.3538e-07 21.8267 -9.02095e-05 -0.00872319 -21.8179 0.00161933 0.0443937 -0.00684331 0 -0.0391698 -0.0104327 -0.00513377 4.0773 -4.06174 0 0 0.0380804 -0.0232999 0.0193577 -0.0341383 -0.00394214 0.459995 -0.0194126 0 -0.43664 -8.47321e-14 -5.48788e-05 5.16095 0 -5.16089 0 -4.06174 -0.0341383 0 0 4.09838 0 -0.0025 0 -0.125 0 -17.8891 -21.8179 0 0 0 39.8445 0 -0.0025 0 1 -1 0 0 -1.3538e-07 -5.16089 -0.0025 0 5.16472 -1 0 -0.00133333 0 0 -0.01 -1.18986e-12 -0.335796 0 -0.0391698 0 -0.43664 0 0 -0.0025 0 0 0.824106 0 0 0 0 -0.0641547 0 0 -0.00133333 0 0 0.065588 0 -0.0001 0 0 1 2 1 -2 -2 2.5 -0.5 0.757971 -0.257971 6.01288 -1e-12 1000 -1000 -0.257971 1000.26 -1000 -0.5 1e+06 -1e+06 -0.0030303 1 -24.8995 1 -1 1 3.20513 -3.20513 1 -1 1 -691.489 -1 -1 0 1 0 0 -1e+06 -3.20513 1e+06 0 0 0 1 -1 0.0172414 1 0 -0.0172414 0.0002002 -2e-07 -2e-07 6.24015e-05 -3.11007e-05 -3.11007e-05 -3.11007e-05 0.882644 -0.882613 0 -0.882613 0.882644 -3.11007e-05 0 -3.11007e-05 0.882644 0 -0.882613 -3.11007e-05 0 0 0 0.882644 -0.882613 0 -0.882613 0.882644 -3.11007e-05 0 -3.11007e-05 0.882644 -0.882613 0 -0.882613 0.882613 -1 0 -1 1 0 0 0.0172414 1 0 -0.0172414 -1 -0.882613 0 0 0 0 0 0.882613 0 0 -1 -1 1 0.000165357 -1.1274e-05 0.000333533 -0.000333333 -1.1274e-05 0.000111324 -5e-08 -0.0001 -0.000333333 -5e-08 0.000363417 -3.00339e-05 0 -3.00339e-05 0.882643 -0.882613 0 -0.882613 0.882613 -1 0 1 0.00641026 -0.00641026 -24.8995 1 -24.8995 1 23.8995 1 -1 -0.00641026 0.00641026 0 -1 0 1 0 0 1 -1 -22553.2 1 2 1 -2 -2 2.5 -0.5 0.757971 -0.257971 6.01288 -1e-12 1000 -1000 -0.257971 1000.26 -1000 -0.5 1e+06 -1e+06 -0.0030303 1 -24.8995 1 -1 1 3.20513 -3.20513 1 -1 1 -1 -691.489 -1 0 1 0 0 -1e+06 -3.20513 1e+06 0 0 0 1000 -4.96247e-07 -0.00365238 -1000 -0.00365288 1000 0.00365238 -1000 0 -1.0021e-12 -1.0021e-12 1000 0 0 -1000 -1000 0 1000 -0.000133333 -0.000222222 1000.07 -1000 -1000 1000.07 -0.0352393 -0.0352393 -0.0704722 1000.04 0.0352329 -1000 -6.43837e-06 -6.8786e-10 1000 -1000 0 -1000 1000.05 0 -0.0454545 1000 -1.41955e-16 -1.04479e-12 -4.48724e-14 1000 -1000 -9.55328e-13 -1000 2000.01 0 -1000 -1.00006e-12 -1.00006e-12 0 1000 0 -1000 -1000 0 1000 -1.01839e-12 -1.38368e-16 0 2000 -1000 -1000 -1000 1000 -0.00170853 -2.32138e-07 0 -0.00503977 1000.01 -0.00503977 0 -1000 0.003331 -0.00837101 1000.01 0 0 -1000 -0.0245335 1000.05 -0.0245335 -1000 0 0.0245335 -1000 0 0 0 -0.0490669 1000.02 0 0 -1000 0 0 -0.000133333 -1000 0 0 -1000 0 -1000 0 4000 0 0 0 1000 -1.40235e-16 -1.03213e-12 -1000 -3.07765e-14 1000 -9.70857e-13 -1000 0 -1.00149e-12 -1.00149e-12 1000 0 -1000 0 1000.07 -1000 -0.0666667 -1000 1000 -1.00005e-12 -1.00005e-12 0 7.088e-05 1000 -7.08897e-05 -1000 0 -7.088e-05 -9.63044e-09 1000 -1000 0 0 -1000 0 -1000 2000.04 0 -0.037037 0 1000 -0.00167205 -2.27181e-07 -1.03213e-12 1000 -1.03213e-12 -1000 -0.00167228 0.00167205 1000 -1000 1000 -1000 -1000 1000.25 -0.248815 -3.38064e-05 -0.208105 1000.42 -0.208105 -1000 -0.0407441 -0.167394 1000.21 -1000 0 -1000 -1000 -1000 3000 -2.5641e-05 0 1000.01 -0.00640227 -6.84004e-07 -1000 -1.03213e-12 1000 -1.03213e-12 -1000 0 -0.00640296 0.00640227 1000 -1000 0 -2.5641e-05 -1000 -1000 3000 -1000 0 0 1000.01 -6.84004e-07 -0.00640227 -1000 -1000 -0.00640296 1000 0.00640227 0 0 -1.00005e-12 -1.00005e-12 1000 0 -1000 0 1000 -1000 -1000 1000 -3.84445e-12 -5.22343e-16 -1.00007e-12 1000 -1.00007e-12 -1000 -2.8449e-12 1.84431e-12 1000 -1000 0 1000 -1000 -1000 1000 -3.84445e-12 -5.22343e-16 -1.00006e-12 1000 -1.00006e-12 -1000 -2.8449e-12 1.84432e-12 1000 -1000 0 -1000 -1000 3000 -1000 0 0 1000 -0.00149684 0.00149663 -1000 -1000 -2.03347e-07 1000 -0.00149663 0 0 -1.00029e-12 -1.00029e-12 1000 0 0 -1000 1000.05 2.04278e-07 -0.0524401 -1000 -0.0524287 1000.1 -1000 -0.0524287 0 -1000 0 0 -1000 0 0 -1000 3000 0 0 0 0 1000.05 -5.5692e-06 -0.0521277 -1000 1000.05 -0.0521277 -5.5692e-06 -1000 -1.03213e-12 1000 -1.03213e-12 -1000 0 -0.0521333 0.0521277 1000 -1000 0 -0.0521333 1000 0.0521277 -1000 0 -1.0005e-12 -1.0005e-12 1000 0 -1000 0 1000.35 -0.698728 0.349245 -1000 -0.349483 1000.7 -0.349483 0 -1000 2000 -1000 -1000 -1000 1000 -3.75086e-05 -5.09627e-09 0 -3.90678e-08 1000 -3.90678e-08 0 -1000 -3.74746e-05 3.74304e-05 1000 0 0 -1000 -2.55246e-08 -0.00023891 -1000 0 0 0 1000 0 0 0 0 1.43282 -0.00424848 0.01 -2.4023e-12 0.0100102 -0.01 -0.00424848 100.004 -100 0.391556 -0.379795 -0.0117613 0.379795 -3.85959e-12 -0.379795 -2.4023e-12 -0.01 -100 -0.379795 -3.85959e-12 1100.39 -1000 -0.0005 -2.2e-28 2000 -1000 -1000 -1000 1000.06 -0.0609041 -8.27501e-06 0 -0.00847231 1000.02 -0.00847231 -1000 0 -1000 -0.0524401 0.0439595 1000.01 0 0 0 0 -1000 -1000 -1000 0 -1000 0 0 -1000 0 5000 0 0 0 0 0 -1.12027e-05 -0.104858 0 -1000 0 0 0 0 1000.1 0 0 0 0 -1000 0 0 0 0 0 -1000 0 0 -1000 -1000 0 0 0 0 4000 0 0 0 0 -1000 -0.000222222 0 -1000 -1000 0 0 -1000 0 4000 -2.5e-32 0 0 0 -1000 0 -1000 0 0 0 -1000 0 0 0 0 0 -1000 0 0 0 0 -2.5e-32 4000 0 0 0 100 -1e-12 -100 0.01 -1.00082e-12 -0.01 1 -1 -1.18986e-12 -1e-12 0.335796 0 -0.335796 21.9246 -0.000981936 -0.105657 -0.0326097 0.0885415 0.00822284 -0.0641547 -0.0740297 -0.0234049 4.15917 -4.06174 0 -100 -1.00082e-12 -1 0 -4.06174 105.062 0 0 -0.0005 100000 1 -100000 0.0143885 -1e-12 70.922 -1.12445e-10 1000 -1000 -1e-12 1000 -1000 -1.12445e-10 -1000 -1000 1.00201e+06 -6.57462 -1e+06 1000 -1.33378e-07 -4.99012e-08 -1.8298e-07 0.0516798 -0.0516797 3.05178e-09 -0.0516797 0.17668 0 -0.125 -6.57462 -2.99378e-10 -4.655e-08 0 6.57462 0 0 17.8891 -17.8891 -1.3538e-07 21.8267 -9.02095e-05 -0.00872319 -21.8179 0.00161933 0.0443937 -0.00684331 0 -0.0391698 -0.0104327 -0.00513377 4.0773 -4.06174 0 0 0.0380804 -0.0232999 0.0193577 -0.0341383 -0.00394214 0.459995 -0.0194126 0 -0.43664 -8.47321e-14 -5.48788e-05 5.16095 0 -5.16089 0 -4.06174 -0.0341383 0 0 4.09838 0 -0.0025 0 -0.125 0 -17.8891 -21.8179 0 0 0 39.8445 0 -0.0025 0 1 -1 0 0 -1.3538e-07 -5.16089 -0.0025 0 5.16472 -1 0 -0.00133333 0 0 -0.01 -1.18986e-12 -0.335796 0 -0.0391698 0 -0.43664 0 0 -0.0025 0 0 0.824106 0 0 0 0 -0.0641547 0 0 -0.00133333 0 0 0.065588 0 -0.0001 0 0 -0.0454545 0 -1000 0 0 -0.037037 0 0 -0.0005 0 0 1000.08 0 0 0 0 -1e-12 -1000 -1000 -0.0030303 0 -0.0666667 0 0 0 0 -1000 0 0 0 -1000 0 0 -1000 0 -1000 -1000 0 0 0 0 -0.0005 0 0 0 0 0 0 -0.0001 0 7000.07 0 0 0 0 -1 23.8995 0 0 0 -1e+06 0 0 0 0 0 0 0 0 1e+06 0 0 -8e-31 0 -0.0001 0 0 0 0 0 0 -1000 0 -0.0117613 -0.379795 -2.2e-28 0 0 0 0 0 0 0 0 0 1000.39 0 0 0 1 -0.0172414 0 23.8995 -8e-31 0 0 -1 0.0172414 0 0 1 0 -7047.87 -1 -1 -1 1 0.000165357 -1.1274e-05 0.000333533 -0.000333333 -1.1274e-05 0.000111324 -5e-08 -0.0001 -0.000333333 -5e-08 0.000363417 -3.00339e-05 0 -3.00339e-05 0.882643 -0.882613 0 -0.882613 0.882613 -1 0 1 0.00641026 -0.00641026 -24.8995 1 -24.8995 1 23.8995 1 -1 -0.00641026 0.00641026 0 -1 0 1 0 0 1 -1 -22553.2 -0.0172414 0 0 0 23.8995 -1 0.0172414 -8e-31 1 0 -1 -7047.87 1 -1e+06 0 0 0 0 0 0 -1 23.8995 0 0 0 -8e-31 0 1e+06 0 0 0 -1000 0 -0.0117315 -0.379795 -2.2e-28 0 0 0 0 0 0 -0.0001 0 0 0 0 0 0 0 1000.39 0 0 -0.0666667 0 0 0 0 -1000 0 0 0 -1000 0 0 -1000 0 -1000 -1000 0 0 0 0 -0.0005 0 0 0 0 0 0 -0.0001 -1e-12 -1000 -1000 -0.0030303 0 0 0 0 7000.07 0 0 -0.0454545 0 -1000 0 0 -0.037037 0 0 -0.0005 0 0 0 0 0 1000.08 0 -100000 -1 0 -0.00625 -100000 0 0 0 0 0 0 200000 0 -3.33333e-05 26.9179 -6.99791e-08 -6.99791e-08 100000 -100000 -0.0005 1 -2325.58 -1 100000 -100000 -1.18e-30 1 -3635.14 1 -1 0.714286 1 0 -0.714286 -1 1 100000 -0.000324675 -100000 -1 1 0 0 -100000 -100000 -0.714286 -0.000324675 200001 0 0 -1.33333e-06 -2e-31 -100000 100000 0 0 0 1 -100000 1 0 0 0 -1.18e-30 -100000 -1 3634.14 0 -3.33333e-05 0 0 200000 -7.69231e-05 -1e-08 -1.18e-30 -1 0 -0.0142857 -100000 0 0 0 0 -7.69231e-05 100000 0 0 0 -1.18e-30 -1.2987 -0.000606061 -100000 0 0 0 0 100001 0 -2.46305e-06 -0.01 -0.0005 0 -0.0005 0 0 0 0 100000 -100000 -100000 1 0 0 0 -1.18e-30 -1 3634.14 0 -1.33333e-06 0 0 -1e-08 0 -2.46305e-06 -100000 200000 -100000 -1 0 -0.00625 -100000 0 0 0 0 0 0 0 0 0 200000 0 -3.33333e-05 26.9179 -6.99791e-08 -6.99791e-08 100000 -100000 -0.0005 1 -2325.58 -1 100000 -100000 -1.18e-30 1 -3635.14 1 -1 0.714286 1 0 -0.714286 -1 1 100000 -0.000324675 -100000 -1 1 0 0 -100000 -100000 -0.714286 -0.000324675 200001 0 0 -1.33333e-06 -2e-31 -100000 100000 0 0 0 -0.01 -0.0005 0 -0.0005 0 100000 0 0 -100000 0 -2e-31 -100000 100000 0 0 0 1 -100000 1 0 0 -1.18e-30 -100000 -1 3634.14 0 -3.33333e-05 0 0 0 200000 -7.69231e-05 -1e-08 -1.18e-30 -1 0 -0.0142857 -100000 0 0 0 0 0 -7.69231e-05 100000 0 0 -100000 1 0 0 -1.18e-30 -1 3634.14 0 -1.33333e-06 0 -100000 0 0 -1e-08 0 200000 -2.46305e-06 -1.18e-30 -1.2987 -0.000606061 -100000 0 0 0 0 0 -2.46305e-06 100001 1 1 
Ai: 0 1 2 424 425 3 424 4 7 5 6 8 6 425 4 6 7 8 422 425 3 8 423 424 9 426 427 10 426 11 14 12 15 12 13 15 427 11 13 14 15 422 427 10 15 423 426 16 16 17 18 16 18 19 18 19 421 20 25 421 21 24 427 22 23 425 22 23 24 25 425 21 23 24 25 425 427 20 23 24 25 421 425 427 26 423 424 27 409 424 28 424 29 32 30 31 33 31 409 31 32 33 409 420 26 33 423 424 34 404 405 35 404 36 39 37 38 40 38 405 36 38 39 40 48 405 35 40 403 404 41 406 408 42 408 43 46 44 47 44 45 47 406 43 45 46 47 48 406 42 47 403 408 40 47 48 403 404 408 49 49 50 51 49 51 52 51 52 407 53 58 407 54 57 406 55 56 405 55 56 57 58 405 54 56 57 58 405 406 53 56 57 58 405 406 407 59 403 404 60 391 404 61 404 62 65 63 64 66 64 391 64 65 66 391 402 59 66 403 404 67 68 69 87 67 68 69 70 87 67 68 69 70 87 153 68 69 70 87 153 71 72 71 72 73 74 72 73 74 87 72 73 74 75 87 74 75 87 390 76 77 79 76 77 78 79 77 78 79 80 76 77 78 79 80 154 78 79 80 85 86 154 81 82 86 81 82 83 84 86 82 83 84 86 87 82 83 84 86 87 154 80 85 86 87 154 80 81 82 83 84 85 86 87 154 67 68 69 70 73 74 75 83 84 85 86 87 153 154 390 88 89 90 390 88 89 90 95 390 88 89 90 95 153 390 91 92 389 91 92 93 94 389 92 93 94 153 389 92 93 94 95 153 389 89 90 94 95 153 389 390 96 97 98 96 97 98 103 96 97 98 103 99 100 99 100 101 102 100 101 102 152 100 101 102 103 152 97 98 102 103 107 152 104 105 106 389 104 105 106 107 389 104 105 106 107 389 103 105 106 107 109 152 389 108 109 110 389 107 108 109 110 152 389 108 109 110 152 153 389 111 112 111 112 113 114 112 113 114 154 112 113 114 119 154 115 116 115 116 117 118 116 117 118 125 116 117 118 119 125 114 118 119 121 125 154 120 121 122 125 119 120 121 122 125 154 120 121 122 125 154 389 123 124 151 152 123 124 125 151 152 117 118 119 120 121 122 124 125 151 152 154 389 126 130 131 389 127 128 129 389 127 128 129 150 389 127 128 129 150 389 126 130 131 150 389 126 130 131 150 152 389 132 133 138 152 132 133 138 152 154 134 135 138 134 135 136 137 138 135 136 137 138 150 135 136 137 138 150 388 132 133 134 135 136 137 138 150 152 154 388 139 142 140 145 141 145 139 142 145 143 145 388 144 145 388 140 141 142 143 144 145 149 388 389 146 147 151 146 147 148 149 151 147 148 149 150 151 145 147 148 149 150 151 388 389 128 129 130 131 136 137 138 148 149 150 151 152 154 388 389 123 124 125 146 147 148 149 150 151 152 154 388 389 101 102 103 107 109 110 123 124 125 131 132 133 138 150 151 152 153 154 388 389 69 70 87 90 93 94 95 110 152 153 154 388 389 390 79 80 84 85 86 87 113 114 119 121 122 125 133 138 150 151 152 153 154 388 389 390 155 158 162 156 162 184 157 162 184 155 158 162 184 159 160 161 159 160 161 185 159 160 161 162 185 155 156 157 158 161 162 184 185 390 163 183 391 164 167 165 168 166 168 164 167 168 165 166 167 168 172 387 169 170 172 169 170 171 172 170 171 172 181 168 169 170 171 172 181 387 173 181 182 174 175 176 181 174 175 176 181 184 174 175 176 180 181 184 177 178 179 180 177 178 179 180 184 177 178 179 180 182 184 176 177 178 179 180 181 182 184 171 172 173 174 175 176 180 181 182 184 387 163 182 183 391 173 179 180 181 182 183 184 185 387 391 156 157 158 162 175 176 178 179 180 181 182 183 184 185 387 390 391 160 161 162 182 183 184 185 387 389 390 391 186 186 187 188 186 188 193 189 192 190 389 191 389 189 192 389 188 193 200 389 194 195 195 196 196 199 200 197 198 198 386 387 197 198 199 386 387 193 199 200 386 387 389 201 214 201 202 214 369 203 204 203 204 205 208 204 205 206 208 205 206 207 208 206 207 208 214 204 205 206 207 208 209 214 208 209 210 214 209 210 211 214 210 211 213 214 211 212 213 214 212 213 214 385 202 207 208 209 210 211 213 214 369 385 215 216 228 217 219 218 220 217 219 220 366 218 219 220 221 366 220 221 222 366 221 222 223 366 223 227 228 224 226 225 368 224 225 226 227 228 368 222 223 227 228 366 215 228 367 229 229 230 231 229 231 236 232 235 233 364 234 364 232 235 364 231 236 243 364 237 238 238 239 239 242 243 240 241 241 365 367 240 241 242 365 367 236 242 243 364 365 367 244 245 246 264 244 245 246 247 264 244 245 246 247 264 330 245 246 247 264 330 248 249 248 249 250 251 249 250 251 264 249 250 251 252 264 251 252 264 363 253 254 256 253 254 255 256 254 255 256 257 253 254 255 256 257 331 255 256 257 262 263 331 258 259 263 258 259 260 261 263 259 260 261 263 264 259 260 261 263 264 331 257 262 263 264 331 257 258 259 260 261 262 263 264 331 244 245 246 247 250 251 252 260 261 262 263 264 330 331 363 265 266 267 363 265 266 267 272 363 265 266 267 272 330 363 268 269 364 268 269 270 271 364 269 270 271 330 364 269 270 271 272 330 364 266 267 271 272 330 363 364 273 274 275 273 274 275 280 273 274 275 280 276 277 276 277 278 279 277 278 279 329 277 278 279 280 329 274 275 279 280 284 329 281 282 283 364 281 282 283 284 364 281 282 283 284 364 280 282 283 284 286 329 364 285 286 287 364 284 285 286 287 329 364 285 286 287 329 330 364 288 289 288 289 290 291 289 290 291 331 289 290 291 296 331 292 293 292 293 294 295 293 294 295 302 293 294 295 296 302 291 295 296 298 302 331 297 298 299 302 296 297 298 299 302 331 297 298 299 302 331 364 300 301 328 329 300 301 302 328 329 294 295 296 297 298 299 301 302 328 329 331 364 303 307 308 364 304 305 306 364 304 305 306 327 364 304 305 306 327 364 303 307 308 327 364 303 307 308 327 329 364 309 310 315 329 309 310 315 329 331 311 312 315 311 312 313 314 315 312 313 314 315 327 312 313 314 315 327 366 309 310 311 312 313 314 315 327 329 331 366 316 319 317 322 318 322 316 319 322 320 322 366 321 322 366 317 318 319 320 321 322 326 364 366 323 324 328 323 324 325 326 328 324 325 326 327 328 322 324 325 326 327 328 364 366 305 306 307 308 313 314 315 325 326 327 328 329 331 364 366 300 301 302 323 324 325 326 327 328 329 331 364 366 278 279 280 284 286 287 300 301 302 308 309 310 315 327 328 329 330 331 364 366 246 247 264 267 270 271 272 287 329 330 331 363 364 366 256 257 261 262 263 264 290 291 296 298 299 302 310 315 327 328 329 330 331 363 364 366 332 335 339 333 339 361 334 339 361 332 335 339 361 336 337 338 336 337 338 362 336 337 338 339 362 332 333 334 335 338 339 361 362 363 340 360 409 341 344 342 345 343 345 341 344 345 342 343 344 345 349 365 346 347 349 346 347 348 349 347 348 349 358 345 346 347 348 349 358 365 350 358 359 351 352 353 358 351 352 353 358 361 351 352 353 357 358 361 354 355 356 357 354 355 356 357 361 354 355 356 357 359 361 353 354 355 356 357 358 359 361 348 349 350 351 352 353 357 358 359 361 365 340 359 360 409 350 356 357 358 359 360 361 362 365 409 333 334 335 339 352 353 355 356 357 358 359 360 361 362 363 365 409 337 338 339 359 360 361 362 363 364 365 409 252 264 265 266 267 272 330 331 339 361 362 363 364 365 366 409 233 234 235 236 243 268 269 270 271 272 281 282 283 284 285 286 287 299 302 303 304 305 306 307 308 322 326 327 328 329 330 331 362 363 364 365 366 367 409 237 238 239 242 243 345 349 358 359 360 361 362 363 364 365 366 367 369 409 219 220 221 222 223 227 228 314 315 320 321 322 326 327 328 329 330 331 363 364 365 366 367 369 409 367 201 214 225 365 366 367 368 369 385 409 216 228 367 369 370 371 383 372 374 373 375 372 374 375 388 373 374 375 376 388 375 376 377 388 376 377 378 388 378 382 383 379 381 380 384 379 380 381 382 383 384 377 378 382 383 388 370 383 386 212 213 214 369 380 384 385 387 371 383 385 386 386 168 172 181 182 183 184 185 194 195 196 199 200 385 386 387 389 390 391 137 138 143 144 145 149 150 151 152 153 154 374 375 376 377 378 382 383 386 388 389 390 91 92 93 94 95 104 105 106 107 108 109 110 122 125 126 127 128 129 130 131 145 149 150 151 152 153 154 185 190 191 192 193 200 386 387 388 389 390 391 75 87 88 89 90 95 153 154 162 184 185 387 388 389 390 391 60 63 64 66 163 183 184 185 387 389 390 391 403 404 392 393 392 393 401 407 394 403 408 395 401 408 396 399 397 400 397 398 400 401 398 399 400 401 402 394 400 403 408 393 395 397 400 401 403 407 408 66 400 402 403 404 408 403 34 36 39 40 48 60 61 62 65 66 391 402 403 404 405 408 34 37 38 40 55 56 57 58 403 404 405 406 407 408 41 44 47 54 57 58 403 405 406 407 408 52 53 58 393 401 403 405 406 407 408 41 43 46 47 48 395 396 399 400 401 402 403 404 405 406 407 408 27 30 31 33 340 360 361 362 363 364 365 366 367 369 409 423 424 410 411 410 411 419 421 412 423 426 413 419 426 414 417 415 418 415 416 418 419 416 417 418 419 420 412 418 423 426 411 413 415 418 419 421 423 426 33 418 420 423 424 426 19 20 25 411 419 421 423 425 426 427 8 15 422 423 424 426 423 2 4 7 8 27 28 29 32 33 409 420 422 423 424 425 426 2 5 6 8 22 23 24 25 421 423 424 425 426 427 9 11 14 15 413 414 417 418 419 420 421 422 423 424 425 426 427 9 12 15 21 24 25 421 423 425 426 427 428 429 
Ap: 0 1 2 5 7 9 12 14 20 24 27 29 31 33 37 43 47 48 51 54 57 60 63 66 71 77 84 87 90 92 94 97 99 104 108 111 113 115 118 120 126 130 133 135 137 139 143 149 153 159 160 163 166 169 172 175 178 183 189 196 199 202 204 206 209 211 216 220 224 229 235 240 242 246 250 255 259 262 266 270 276 282 285 290 295 301 306 315 330 334 339 345 348 353 358 364 371 374 378 382 384 388 392 397 403 407 412 417 424 428 434 440 442 446 450 455 457 461 465 470 476 480 486 492 496 501 513 517 521 526 531 536 542 546 551 554 559 564 570 581 583 585 587 590 593 596 605 608 613 618 626 641 654 674 688 710 713 716 719 723 726 730 735 744 747 749 751 753 756 762 765 769 773 780 783 787 792 798 802 807 813 821 832 836 846 863 874 875 878 881 883 885 887 890 894 896 898 901 903 906 911 917 919 923 925 929 933 937 941 948 952 956 960 964 968 978 979 981 983 985 989 994 998 1002 1005 1007 1009 1015 1020 1023 1024 1027 1030 1032 1034 1036 1039 1043 1045 1047 1050 1052 1055 1060 1066 1070 1075 1081 1086 1088 1092 1096 1101 1105 1108 1112 1116 1122 1128 1131 1136 1141 1147 1152 1161 1176 1180 1185 1191 1194 1199 1204 1210 1217 1220 1224 1228 1230 1234 1238 1243 1249 1253 1258 1263 1270 1274 1280 1286 1288 1292 1296 1301 1303 1307 1311 1316 1322 1326 1332 1338 1342 1347 1359 1363 1367 1372 1377 1382 1388 1392 1397 1400 1405 1410 1416 1427 1429 1431 1433 1436 1439 1442 1451 1454 1459 1464 1472 1487 1500 1520 1534 1556 1559 1562 1565 1569 1572 1576 1581 1590 1593 1595 1597 1599 1602 1608 1611 1615 1619 1626 1629 1633 1638 1644 1648 1653 1659 1667 1678 1682 1692 1709 1720 1736 1775 1794 1819 1820 1830 1834 1835 1837 1839 1841 1845 1850 1854 1858 1861 1863 1865 1871 1876 1879 1887 1891 1892 1910 1932 1971 1987 2001 2003 2007 2010 2013 2015 2017 2021 2026 2030 2038 2044 2045 2061 2075 2086 2096 2113 2130 2132 2136 2139 2142 2144 2146 2150 2155 2159 2167 2173 2183 2189 2190 2206 2220 2237 2248 2249 2250 
CAd_fill: 0 1 2 5 7 9 12 16 21 24 27 29 31 34 39 44 47 49 52 55 57 60 63 67 73 80 84 87 90 92 94 97 100 105 108 111 113 115 118 122 127 130 133 135 137 140 145 150 155 159 161 164 167 169 172 175 179 185 192 196 199 202 204 206 209 212 217 220 225 231 237 240 243 247 252 256 259 263 267 273 278 282 286 291 297 302 312 326 330 335 341 345 349 354 360 367 371 375 380 382 385 389 394 400 403 408 414 420 424 430 436 440 443 447 452 455 458 462 467 472 476 482 488 492 497 508 513 517 522 528 532 538 542 547 551 555 560 566 576 581 583 585 588 590 593 601 605 609 614 621 635 649 669 683 706 710 713 716 720 723 727 732 740 744 747 749 751 754 759 762 766 770 777 780 783 788 794 798 803 809 817 828 833 841 858 869 874 876 879 881 883 885 888 891 894 896 898 901 903 908 913 917 920 923 926 930 934 938 945 949 953 957 961 965 975 978 979 981 983 986 991 995 999 1002 1005 1007 1011 1017 1021 1023 1025 1028 1030 1032 1034 1037 1040 1043 1045 1047 1050 1052 1057 1062 1066 1071 1077 1083 1086 1089 1093 1098 1102 1105 1109 1113 1119 1124 1128 1132 1137 1143 1148 1158 1172 1176 1181 1187 1191 1195 1200 1206 1213 1217 1221 1226 1228 1231 1235 1240 1246 1249 1254 1260 1266 1270 1276 1282 1286 1289 1293 1298 1301 1304 1308 1313 1318 1322 1328 1334 1338 1343 1354 1359 1363 1368 1374 1378 1384 1388 1393 1397 1401 1406 1412 1422 1427 1429 1431 1434 1436 1439 1447 1451 1455 1460 1467 1481 1495 1515 1529 1552 1556 1559 1562 1566 1569 1573 1578 1586 1590 1593 1595 1597 1600 1605 1608 1612 1616 1623 1626 1629 1634 1640 1644 1649 1655 1663 1674 1679 1687 1704 1715 1731 1770 1789 1815 1819 1826 1833 1834 1835 1837 1839 1842 1847 1851 1855 1858 1861 1863 1867 1873 1877 1884 1889 1891 1906 1929 1968 1985 1998 2001 2004 2007 2010 2013 2015 2018 2022 2027 2034 2040 2044 2058 2071 2083 2094 2112 2127 2130 2133 2136 2139 2142 2144 2147 2151 2156 2163 2169 2178 2185 2189 2203 2217 2235 2247 2248 2249 
div count is 914
ms count is 2209
div + ms count is 3123 the ideal cycle is 334
flops: 5332
SUCCESS: 初始化inst!
SUCCESS: 分配ocp!
this is ele : 0
col is 0, row is 0
0 returned
this is ele : 1
col is 1, row is 1
1 returned
this is ele : 2
col is 2, row is 2
2 returned
this is ele : 3
col is 2, row is 424
3 divided
3 returned
this is ele : 4
col is 2, row is 425
4 divided
4 returned
this is ele : 5
col is 3, row is 3
5 returned
this is ele : 6
col is 3, row is 424
6 divided
6 returned
this is ele : 7
col is 4, row is 4
7 returned
this is ele : 8
col is 4, row is 7
8 divided
8 returned
this is ele : 9
col is 5, row is 5
9 returned
this is ele : 10
col is 5, row is 6
10 divided
10 returned
this is ele : 11
col is 5, row is 8
11 divided
11 returned
this is ele : 12
col is 6, row is 6
12 returned
this is ele : 13
col is 6, row is 425
13 divided
13 returned
this is ele : 14
col is 7, row is 4
14 returned
this is ele : 15
col is 7, row is 6
15 returned
this is ele : 16
col is 7, row is 7
16 returned
this is ele : 17
col is 7, row is 8
17 divided
17 returned
this is ele : 18
col is 7, row is 422
18 divided
18 returned
this is ele : 19
col is 7, row is 425
19 divided
19 returned
this is ele : 20
col is 8, row is 3
20 returned
this is ele : 21
col is 8, row is 8
21 returned
this is ele : 22
col is 8, row is 423
22 divided
22 returned
this is ele : 23
col is 8, row is 424
23 divided
23 returned
this is ele : 24
col is 9, row is 9
24 returned
this is ele : 25
col is 9, row is 426
25 divided
25 returned
this is ele : 26
col is 9, row is 427
26 divided
26 returned
this is ele : 27
col is 10, row is 10
27 returned
this is ele : 28
col is 10, row is 426
28 divided
28 returned
this is ele : 29
col is 11, row is 11
29 returned
this is ele : 30
col is 11, row is 14
30 divided
30 returned
this is ele : 31
col is 12, row is 12
31 returned
this is ele : 32
col is 12, row is 15
32 divided
32 returned
this is ele : 33
col is 13, row is 12
33 returned
this is ele : 34
col is 13, row is 13
34 returned
this is ele : 35
col is 13, row is 15
35 divided
35 returned
this is ele : 36
col is 13, row is 427
36 divided
36 returned
this is ele : 37
col is 14, row is 11
37 returned
this is ele : 38
col is 14, row is 13
38 returned
this is ele : 39
col is 14, row is 14
39 returned
this is ele : 40
col is 14, row is 15
40 divided
40 returned
this is ele : 41
col is 14, row is 422
41 divided
41 returned
this is ele : 42
col is 14, row is 427
42 divided
42 returned
this is ele : 43
col is 15, row is 10
43 returned
this is ele : 44
col is 15, row is 15
44 returned
this is ele : 45
col is 15, row is 423
45 divided
45 returned
this is ele : 46
col is 15, row is 426
46 divided
46 returned
this is ele : 47
col is 16, row is 16
47 returned
this is ele : 48
col is 17, row is 16
48 returned
this is ele : 49
col is 17, row is 17
49 returned
this is ele : 50
col is 17, row is 18
50 divided
50 returned
this is ele : 51
col is 18, row is 16
51 returned
this is ele : 52
col is 18, row is 18
52 returned
this is ele : 53
col is 18, row is 19
53 divided
53 returned
this is ele : 54
col is 19, row is 18
54 returned
this is ele : 55
col is 19, row is 19
55 returned
this is ele : 56
col is 19, row is 421
56 divided
56 returned
this is ele : 57
col is 20, row is 20
57 returned
this is ele : 58
col is 20, row is 25
58 divided
58 returned
this is ele : 59
col is 20, row is 421
59 divided
59 returned
this is ele : 60
col is 21, row is 21
60 returned
this is ele : 61
col is 21, row is 24
61 divided
61 returned
this is ele : 62
col is 21, row is 427
62 divided
62 returned
this is ele : 63
col is 22, row is 22
63 returned
this is ele : 64
col is 22, row is 23
64 divided
64 returned
this is ele : 65
col is 22, row is 425
65 divided
65 returned
this is ele : 66
col is 23, row is 22
66 returned
this is ele : 67
col is 23, row is 23
67 returned
this is ele : 68
col is 23, row is 24
68 divided
68 returned
this is ele : 69
col is 23, row is 25
69 divided
69 returned
this is ele : 70
col is 23, row is 425
70 divided
70 returned
this is ele : 71
col is 24, row is 21
71 returned
this is ele : 72
col is 24, row is 23
72 returned
this is ele : 73
col is 24, row is 24
73 returned
this is ele : 74
col is 24, row is 25
74 divided
74 returned
this is ele : 75
col is 24, row is 425
75 divided
75 returned
this is ele : 76
col is 24, row is 427
76 divided
76 returned
this is ele : 77
col is 25, row is 20
77 returned
this is ele : 78
col is 25, row is 23
78 returned
this is ele : 79
col is 25, row is 24
79 returned
this is ele : 80
col is 25, row is 25
80 returned
this is ele : 81
col is 25, row is 421
81 divided
81 returned
this is ele : 82
col is 25, row is 425
82 divided
82 returned
this is ele : 83
col is 25, row is 427
83 divided
83 returned
this is ele : 84
col is 26, row is 26
84 returned
this is ele : 85
col is 26, row is 423
85 divided
85 returned
this is ele : 86
col is 26, row is 424
86 divided
86 returned
this is ele : 87
col is 27, row is 27
87 returned
this is ele : 88
col is 27, row is 409
88 divided
88 returned
this is ele : 89
col is 27, row is 424
89 divided
89 returned
this is ele : 90
col is 28, row is 28
90 returned
this is ele : 91
col is 28, row is 424
91 divided
91 returned
this is ele : 92
col is 29, row is 29
92 returned
this is ele : 93
col is 29, row is 32
93 divided
93 returned
this is ele : 94
col is 30, row is 30
94 returned
this is ele : 95
col is 30, row is 31
95 divided
95 returned
this is ele : 96
col is 30, row is 33
96 divided
96 returned
this is ele : 97
col is 31, row is 31
97 returned
this is ele : 98
col is 31, row is 409
98 divided
98 returned
this is ele : 99
col is 32, row is 31
99 returned
this is ele : 100
col is 32, row is 32
100 returned
this is ele : 101
col is 32, row is 33
101 divided
101 returned
this is ele : 102
col is 32, row is 409
102 divided
102 returned
this is ele : 103
col is 32, row is 420
103 divided
103 returned
this is ele : 104
col is 33, row is 26
104 returned
this is ele : 105
col is 33, row is 33
105 returned
this is ele : 106
col is 33, row is 423
106 divided
106 returned
this is ele : 107
col is 33, row is 424
107 divided
107 returned
this is ele : 108
col is 34, row is 34
108 returned
this is ele : 109
col is 34, row is 404
109 divided
109 returned
this is ele : 110
col is 34, row is 405
110 divided
110 returned
this is ele : 111
col is 35, row is 35
111 returned
this is ele : 112
col is 35, row is 404
112 divided
112 returned
this is ele : 113
col is 36, row is 36
113 returned
this is ele : 114
col is 36, row is 39
114 divided
114 returned
this is ele : 115
col is 37, row is 37
115 returned
this is ele : 116
col is 37, row is 38
116 divided
116 returned
this is ele : 117
col is 37, row is 40
117 divided
117 returned
this is ele : 118
col is 38, row is 38
118 returned
this is ele : 119
col is 38, row is 405
119 divided
119 returned
this is ele : 120
col is 39, row is 36
120 returned
this is ele : 121
col is 39, row is 38
121 returned
this is ele : 122
col is 39, row is 39
122 returned
this is ele : 123
col is 39, row is 40
123 divided
123 returned
this is ele : 124
col is 39, row is 48
124 divided
124 returned
this is ele : 125
col is 39, row is 405
125 divided
125 returned
this is ele : 126
col is 40, row is 35
126 returned
this is ele : 127
col is 40, row is 40
127 returned
this is ele : 128
col is 40, row is 403
128 divided
128 returned
this is ele : 129
col is 40, row is 404
129 divided
129 returned
this is ele : 130
col is 41, row is 41
130 returned
this is ele : 131
col is 41, row is 406
131 divided
131 returned
this is ele : 132
col is 41, row is 408
132 divided
132 returned
this is ele : 133
col is 42, row is 42
133 returned
this is ele : 134
col is 42, row is 408
134 divided
134 returned
this is ele : 135
col is 43, row is 43
135 returned
this is ele : 136
col is 43, row is 46
136 divided
136 returned
this is ele : 137
col is 44, row is 44
137 returned
this is ele : 138
col is 44, row is 47
138 divided
138 returned
this is ele : 139
col is 45, row is 44
139 returned
this is ele : 140
col is 45, row is 45
140 returned
this is ele : 141
col is 45, row is 47
141 divided
141 returned
this is ele : 142
col is 45, row is 406
142 divided
142 returned
this is ele : 143
col is 46, row is 43
143 returned
this is ele : 144
col is 46, row is 45
144 returned
this is ele : 145
col is 46, row is 46
145 returned
this is ele : 146
col is 46, row is 47
146 divided
146 returned
this is ele : 147
col is 46, row is 48
147 divided
147 returned
this is ele : 148
col is 46, row is 406
148 divided
148 returned
this is ele : 149
col is 47, row is 42
149 returned
this is ele : 150
col is 47, row is 47
150 returned
this is ele : 151
col is 47, row is 403
151 divided
151 returned
this is ele : 152
col is 47, row is 408
152 divided
152 returned
this is ele : 153
col is 48, row is 40
153 returned
this is ele : 154
col is 48, row is 47
154 returned
this is ele : 155
col is 48, row is 48
155 returned
this is ele : 156
col is 48, row is 403
156 divided
156 returned
this is ele : 157
col is 48, row is 404
157 divided
157 returned
this is ele : 158
col is 48, row is 408
158 divided
158 returned
this is ele : 159
col is 49, row is 49
159 returned
this is ele : 160
col is 50, row is 49
160 returned
this is ele : 161
col is 50, row is 50
161 returned
this is ele : 162
col is 50, row is 51
162 divided
162 returned
this is ele : 163
col is 51, row is 49
163 returned
this is ele : 164
col is 51, row is 51
164 returned
this is ele : 165
col is 51, row is 52
165 divided
165 returned
this is ele : 166
col is 52, row is 51
166 returned
this is ele : 167
col is 52, row is 52
167 returned
this is ele : 168
col is 52, row is 407
168 divided
168 returned
this is ele : 169
col is 53, row is 53
169 returned
this is ele : 170
col is 53, row is 58
170 divided
170 returned
this is ele : 171
col is 53, row is 407
171 divided
171 returned
this is ele : 172
col is 54, row is 54
172 returned
this is ele : 173
col is 54, row is 57
173 divided
173 returned
this is ele : 174
col is 54, row is 406
174 divided
174 returned
this is ele : 175
col is 55, row is 55
175 returned
this is ele : 176
col is 55, row is 56
176 divided
176 returned
this is ele : 177
col is 55, row is 405
177 divided
177 returned
this is ele : 178
col is 56, row is 55
178 returned
this is ele : 179
col is 56, row is 56
179 returned
this is ele : 180
col is 56, row is 57
180 divided
180 returned
this is ele : 181
col is 56, row is 58
181 divided
181 returned
this is ele : 182
col is 56, row is 405
182 divided
182 returned
this is ele : 183
col is 57, row is 54
183 returned
this is ele : 184
col is 57, row is 56
184 returned
this is ele : 185
col is 57, row is 57
185 returned
this is ele : 186
col is 57, row is 58
186 divided
186 returned
this is ele : 187
col is 57, row is 405
187 divided
187 returned
this is ele : 188
col is 57, row is 406
188 divided
188 returned
this is ele : 189
col is 58, row is 53
189 returned
this is ele : 190
col is 58, row is 56
190 returned
this is ele : 191
col is 58, row is 57
191 returned
this is ele : 192
col is 58, row is 58
192 returned
this is ele : 193
col is 58, row is 405
193 divided
193 returned
this is ele : 194
col is 58, row is 406
194 divided
194 returned
this is ele : 195
col is 58, row is 407
195 divided
195 returned
this is ele : 196
col is 59, row is 59
196 returned
this is ele : 197
col is 59, row is 403
197 divided
197 returned
this is ele : 198
col is 59, row is 404
198 divided
198 returned
this is ele : 199
col is 60, row is 60
199 returned
this is ele : 200
col is 60, row is 391
200 divided
200 returned
this is ele : 201
col is 60, row is 404
201 divided
201 returned
this is ele : 202
col is 61, row is 61
202 returned
this is ele : 203
col is 61, row is 404
203 divided
203 returned
this is ele : 204
col is 62, row is 62
204 returned
this is ele : 205
col is 62, row is 65
205 divided
205 returned
this is ele : 206
col is 63, row is 63
206 returned
this is ele : 207
col is 63, row is 64
207 divided
207 returned
this is ele : 208
col is 63, row is 66
208 divided
208 returned
this is ele : 209
col is 64, row is 64
209 returned
this is ele : 210
col is 64, row is 391
210 divided
210 returned
this is ele : 211
col is 65, row is 64
211 returned
this is ele : 212
col is 65, row is 65
212 returned
this is ele : 213
col is 65, row is 66
213 divided
213 returned
this is ele : 214
col is 65, row is 391
214 divided
214 returned
this is ele : 215
col is 65, row is 402
215 divided
215 returned
this is ele : 216
col is 66, row is 59
216 returned
this is ele : 217
col is 66, row is 66
217 returned
this is ele : 218
col is 66, row is 403
218 divided
218 returned
this is ele : 219
col is 66, row is 404
219 divided
219 returned
this is ele : 220
col is 67, row is 67
220 returned
this is ele : 221
col is 67, row is 68
221 divided
221 returned
this is ele : 222
col is 67, row is 69
222 divided
222 returned
this is ele : 223
col is 67, row is 87
223 divided
223 returned
this is ele : 224
col is 68, row is 67
224 returned
this is ele : 225
col is 68, row is 68
225 returned
this is ele : 226
col is 68, row is 69
226 divided
226 returned
this is ele : 227
col is 68, row is 70
227 divided
227 returned
this is ele : 228
col is 68, row is 87
228 divided
228 returned
this is ele : 229
col is 69, row is 67
229 returned
this is ele : 230
col is 69, row is 68
230 returned
this is ele : 231
col is 69, row is 69
231 returned
this is ele : 232
col is 69, row is 70
232 divided
232 returned
this is ele : 233
col is 69, row is 87
233 divided
233 returned
this is ele : 234
col is 69, row is 153
234 divided
234 returned
this is ele : 235
col is 70, row is 68
235 returned
this is ele : 236
col is 70, row is 69
236 returned
this is ele : 237
col is 70, row is 70
237 returned
this is ele : 238
col is 70, row is 87
238 divided
238 returned
this is ele : 239
col is 70, row is 153
239 divided
239 returned
this is ele : 240
col is 71, row is 71
240 returned
this is ele : 241
col is 71, row is 72
241 divided
241 returned
this is ele : 242
col is 72, row is 71
242 returned
this is ele : 243
col is 72, row is 72
243 returned
this is ele : 244
col is 72, row is 73
244 divided
244 returned
this is ele : 245
col is 72, row is 74
245 divided
245 returned
this is ele : 246
col is 73, row is 72
246 returned
this is ele : 247
col is 73, row is 73
247 returned
this is ele : 248
col is 73, row is 74
248 divided
248 returned
this is ele : 249
col is 73, row is 87
249 divided
249 returned
this is ele : 250
col is 74, row is 72
250 returned
this is ele : 251
col is 74, row is 73
251 returned
this is ele : 252
col is 74, row is 74
252 returned
this is ele : 253
col is 74, row is 75
253 divided
253 returned
this is ele : 254
col is 74, row is 87
254 divided
254 returned
this is ele : 255
col is 75, row is 74
255 returned
this is ele : 256
col is 75, row is 75
256 returned
this is ele : 257
col is 75, row is 87
257 divided
257 returned
this is ele : 258
col is 75, row is 390
258 divided
258 returned
this is ele : 259
col is 76, row is 76
259 returned
this is ele : 260
col is 76, row is 77
260 divided
260 returned
this is ele : 261
col is 76, row is 79
261 divided
261 returned
this is ele : 262
col is 77, row is 76
262 returned
this is ele : 263
col is 77, row is 77
263 returned
this is ele : 264
col is 77, row is 78
264 divided
264 returned
this is ele : 265
col is 77, row is 79
265 divided
265 returned
this is ele : 266
col is 78, row is 77
266 returned
this is ele : 267
col is 78, row is 78
267 returned
this is ele : 268
col is 78, row is 79
268 divided
268 returned
this is ele : 269
col is 78, row is 80
269 divided
269 returned
this is ele : 270
col is 79, row is 76
270 returned
this is ele : 271
col is 79, row is 77
271 returned
this is ele : 272
col is 79, row is 78
272 returned
this is ele : 273
col is 79, row is 79
273 returned
this is ele : 274
col is 79, row is 80
274 divided
274 returned
this is ele : 275
col is 79, row is 154
275 divided
275 returned
this is ele : 276
col is 80, row is 78
276 returned
this is ele : 277
col is 80, row is 79
277 returned
this is ele : 278
col is 80, row is 80
278 returned
this is ele : 279
col is 80, row is 85
279 divided
279 returned
this is ele : 280
col is 80, row is 86
280 divided
280 returned
this is ele : 281
col is 80, row is 154
281 divided
281 returned
this is ele : 282
col is 81, row is 81
282 returned
this is ele : 283
col is 81, row is 82
283 divided
283 returned
this is ele : 284
col is 81, row is 86
284 divided
284 returned
this is ele : 285
col is 82, row is 81
285 returned
this is ele : 286
col is 82, row is 82
286 returned
this is ele : 287
col is 82, row is 83
287 divided
287 returned
this is ele : 288
col is 82, row is 84
288 divided
288 returned
this is ele : 289
col is 82, row is 86
289 divided
289 returned
this is ele : 290
col is 83, row is 82
290 returned
this is ele : 291
col is 83, row is 83
291 returned
this is ele : 292
col is 83, row is 84
292 divided
292 returned
this is ele : 293
col is 83, row is 86
293 divided
293 returned
this is ele : 294
col is 83, row is 87
294 divided
294 returned
this is ele : 295
col is 84, row is 82
295 returned
this is ele : 296
col is 84, row is 83
296 returned
this is ele : 297
col is 84, row is 84
297 returned
this is ele : 298
col is 84, row is 86
298 divided
298 returned
this is ele : 299
col is 84, row is 87
299 divided
299 returned
this is ele : 300
col is 84, row is 154
300 divided
300 returned
this is ele : 301
col is 85, row is 80
301 returned
this is ele : 302
col is 85, row is 85
302 returned
this is ele : 303
col is 85, row is 86
303 divided
303 returned
this is ele : 304
col is 85, row is 87
304 divided
304 returned
this is ele : 305
col is 85, row is 154
305 divided
305 returned
this is ele : 306
col is 86, row is 80
306 returned
this is ele : 307
col is 86, row is 81
307 returned
this is ele : 308
col is 86, row is 82
308 returned
this is ele : 309
col is 86, row is 83
309 returned
this is ele : 310
col is 86, row is 84
310 returned
this is ele : 311
col is 86, row is 85
311 returned
this is ele : 312
col is 86, row is 86
312 returned
this is ele : 313
col is 86, row is 87
313 divided
313 returned
this is ele : 314
col is 86, row is 154
314 divided
314 returned
this is ele : 315
col is 87, row is 67
315 returned
this is ele : 316
col is 87, row is 68
316 returned
this is ele : 317
col is 87, row is 69
317 returned
this is ele : 318
col is 87, row is 70
318 returned
this is ele : 319
col is 87, row is 73
319 returned
this is ele : 320
col is 87, row is 74
320 returned
this is ele : 321
col is 87, row is 75
321 returned
this is ele : 322
col is 87, row is 83
322 returned
this is ele : 323
col is 87, row is 84
323 returned
this is ele : 324
col is 87, row is 85
324 returned
this is ele : 325
col is 87, row is 86
325 returned
this is ele : 326
col is 87, row is 87
326 returned
this is ele : 327
col is 87, row is 153
327 divided
327 returned
this is ele : 328
col is 87, row is 154
328 divided
328 returned
this is ele : 329
col is 87, row is 390
329 divided
329 returned
this is ele : 330
col is 88, row is 88
330 returned
this is ele : 331
col is 88, row is 89
331 divided
331 returned
this is ele : 332
col is 88, row is 90
332 divided
332 returned
this is ele : 333
col is 88, row is 390
333 divided
333 returned
this is ele : 334
col is 89, row is 88
334 returned
this is ele : 335
col is 89, row is 89
335 returned
this is ele : 336
col is 89, row is 90
336 divided
336 returned
this is ele : 337
col is 89, row is 95
337 divided
337 returned
this is ele : 338
col is 89, row is 390
338 divided
338 returned
this is ele : 339
col is 90, row is 88
339 returned
this is ele : 340
col is 90, row is 89
340 returned
this is ele : 341
col is 90, row is 90
341 returned
this is ele : 342
col is 90, row is 95
342 divided
342 returned
this is ele : 343
col is 90, row is 153
343 divided
343 returned
this is ele : 344
col is 90, row is 390
344 divided
344 returned
this is ele : 345
col is 91, row is 91
345 returned
this is ele : 346
col is 91, row is 92
346 divided
346 returned
this is ele : 347
col is 91, row is 389
347 divided
347 returned
this is ele : 348
col is 92, row is 91
348 returned
this is ele : 349
col is 92, row is 92
349 returned
this is ele : 350
col is 92, row is 93
350 divided
350 returned
this is ele : 351
col is 92, row is 94
351 divided
351 returned
this is ele : 352
col is 92, row is 389
352 divided
352 returned
this is ele : 353
col is 93, row is 92
353 returned
this is ele : 354
col is 93, row is 93
354 returned
this is ele : 355
col is 93, row is 94
355 divided
355 returned
this is ele : 356
col is 93, row is 153
356 divided
356 returned
this is ele : 357
col is 93, row is 389
357 divided
357 returned
this is ele : 358
col is 94, row is 92
358 returned
this is ele : 359
col is 94, row is 93
359 returned
this is ele : 360
col is 94, row is 94
360 returned
this is ele : 361
col is 94, row is 95
361 divided
361 returned
this is ele : 362
col is 94, row is 153
362 divided
362 returned
this is ele : 363
col is 94, row is 389
363 divided
363 returned
this is ele : 364
col is 95, row is 89
364 returned
this is ele : 365
col is 95, row is 90
365 returned
this is ele : 366
col is 95, row is 94
366 returned
this is ele : 367
col is 95, row is 95
367 returned
this is ele : 368
col is 95, row is 153
368 divided
368 returned
this is ele : 369
col is 95, row is 389
369 divided
369 returned
this is ele : 370
col is 95, row is 390
370 divided
370 returned
this is ele : 371
col is 96, row is 96
371 returned
this is ele : 372
col is 96, row is 97
372 divided
372 returned
this is ele : 373
col is 96, row is 98
373 divided
373 returned
this is ele : 374
col is 97, row is 96
374 returned
this is ele : 375
col is 97, row is 97
375 returned
this is ele : 376
col is 97, row is 98
376 divided
376 returned
this is ele : 377
col is 97, row is 103
377 divided
377 returned
this is ele : 378
col is 98, row is 96
378 returned
this is ele : 379
col is 98, row is 97
379 returned
this is ele : 380
col is 98, row is 98
380 returned
this is ele : 381
col is 98, row is 103
381 divided
381 returned
this is ele : 382
col is 99, row is 99
382 returned
this is ele : 383
col is 99, row is 100
383 divided
383 returned
this is ele : 384
col is 100, row is 99
384 returned
this is ele : 385
col is 100, row is 100
385 returned
this is ele : 386
col is 100, row is 101
386 divided
386 returned
this is ele : 387
col is 100, row is 102
387 divided
387 returned
this is ele : 388
col is 101, row is 100
388 returned
this is ele : 389
col is 101, row is 101
389 returned
this is ele : 390
col is 101, row is 102
390 divided
390 returned
this is ele : 391
col is 101, row is 152
391 divided
391 returned
this is ele : 392
col is 102, row is 100
392 returned
this is ele : 393
col is 102, row is 101
393 returned
this is ele : 394
col is 102, row is 102
394 returned
this is ele : 395
col is 102, row is 103
395 divided
395 returned
this is ele : 396
col is 102, row is 152
396 divided
396 returned
this is ele : 397
col is 103, row is 97
397 returned
this is ele : 398
col is 103, row is 98
398 returned
this is ele : 399
col is 103, row is 102
399 returned
this is ele : 400
col is 103, row is 103
400 returned
this is ele : 401
col is 103, row is 107
401 divided
401 returned
this is ele : 402
col is 103, row is 152
402 divided
402 returned
this is ele : 403
col is 104, row is 104
403 returned
this is ele : 404
col is 104, row is 105
404 divided
404 returned
this is ele : 405
col is 104, row is 106
405 divided
405 returned
this is ele : 406
col is 104, row is 389
406 divided
406 returned
this is ele : 407
col is 105, row is 104
407 returned
this is ele : 408
col is 105, row is 105
408 returned
this is ele : 409
col is 105, row is 106
409 divided
409 returned
this is ele : 410
col is 105, row is 107
410 divided
410 returned
this is ele : 411
col is 105, row is 389
411 divided
411 returned
this is ele : 412
col is 106, row is 104
412 returned
this is ele : 413
col is 106, row is 105
413 returned
this is ele : 414
col is 106, row is 106
414 returned
this is ele : 415
col is 106, row is 107
415 divided
415 returned
this is ele : 416
col is 106, row is 389
416 divided
416 returned
this is ele : 417
col is 107, row is 103
417 returned
this is ele : 418
col is 107, row is 105
418 returned
this is ele : 419
col is 107, row is 106
419 returned
this is ele : 420
col is 107, row is 107
420 returned
this is ele : 421
col is 107, row is 109
421 divided
421 returned
this is ele : 422
col is 107, row is 152
422 divided
422 returned
this is ele : 423
col is 107, row is 389
423 divided
423 returned
this is ele : 424
col is 108, row is 108
424 returned
this is ele : 425
col is 108, row is 109
425 divided
425 returned
this is ele : 426
col is 108, row is 110
426 divided
426 returned
this is ele : 427
col is 108, row is 389
427 divided
427 returned
this is ele : 428
col is 109, row is 107
428 returned
this is ele : 429
col is 109, row is 108
429 returned
this is ele : 430
col is 109, row is 109
430 returned
this is ele : 431
col is 109, row is 110
431 divided
431 returned
this is ele : 432
col is 109, row is 152
432 divided
432 returned
this is ele : 433
col is 109, row is 389
433 divided
433 returned
this is ele : 434
col is 110, row is 108
434 returned
this is ele : 435
col is 110, row is 109
435 returned
this is ele : 436
col is 110, row is 110
436 returned
this is ele : 437
col is 110, row is 152
437 divided
437 returned
this is ele : 438
col is 110, row is 153
438 divided
438 returned
this is ele : 439
col is 110, row is 389
439 divided
439 returned
this is ele : 440
col is 111, row is 111
440 returned
this is ele : 441
col is 111, row is 112
441 divided
441 returned
this is ele : 442
col is 112, row is 111
442 returned
this is ele : 443
col is 112, row is 112
443 returned
this is ele : 444
col is 112, row is 113
444 divided
444 returned
this is ele : 445
col is 112, row is 114
445 divided
445 returned
this is ele : 446
col is 113, row is 112
446 returned
this is ele : 447
col is 113, row is 113
447 returned
this is ele : 448
col is 113, row is 114
448 divided
448 returned
this is ele : 449
col is 113, row is 154
449 divided
449 returned
this is ele : 450
col is 114, row is 112
450 returned
this is ele : 451
col is 114, row is 113
451 returned
this is ele : 452
col is 114, row is 114
452 returned
this is ele : 453
col is 114, row is 119
453 divided
453 returned
this is ele : 454
col is 114, row is 154
454 divided
454 returned
this is ele : 455
col is 115, row is 115
455 returned
this is ele : 456
col is 115, row is 116
456 divided
456 returned
this is ele : 457
col is 116, row is 115
457 returned
this is ele : 458
col is 116, row is 116
458 returned
this is ele : 459
col is 116, row is 117
459 divided
459 returned
this is ele : 460
col is 116, row is 118
460 divided
460 returned
this is ele : 461
col is 117, row is 116
461 returned
this is ele : 462
col is 117, row is 117
462 returned
this is ele : 463
col is 117, row is 118
463 divided
463 returned
this is ele : 464
col is 117, row is 125
464 divided
464 returned
this is ele : 465
col is 118, row is 116
465 returned
this is ele : 466
col is 118, row is 117
466 returned
this is ele : 467
col is 118, row is 118
467 returned
this is ele : 468
col is 118, row is 119
468 divided
468 returned
this is ele : 469
col is 118, row is 125
469 divided
469 returned
this is ele : 470
col is 119, row is 114
470 returned
this is ele : 471
col is 119, row is 118
471 returned
this is ele : 472
col is 119, row is 119
472 returned
this is ele : 473
col is 119, row is 121
473 divided
473 returned
this is ele : 474
col is 119, row is 125
474 divided
474 returned
this is ele : 475
col is 119, row is 154
475 divided
475 returned
this is ele : 476
col is 120, row is 120
476 returned
this is ele : 477
col is 120, row is 121
477 divided
477 returned
this is ele : 478
col is 120, row is 122
478 divided
478 returned
this is ele : 479
col is 120, row is 125
479 divided
479 returned
this is ele : 480
col is 121, row is 119
480 returned
this is ele : 481
col is 121, row is 120
481 returned
this is ele : 482
col is 121, row is 121
482 returned
this is ele : 483
col is 121, row is 122
483 divided
483 returned
this is ele : 484
col is 121, row is 125
484 divided
484 returned
this is ele : 485
col is 121, row is 154
485 divided
485 returned
this is ele : 486
col is 122, row is 120
486 returned
this is ele : 487
col is 122, row is 121
487 returned
this is ele : 488
col is 122, row is 122
488 returned
this is ele : 489
col is 122, row is 125
489 divided
489 returned
this is ele : 490
col is 122, row is 154
490 divided
490 returned
this is ele : 491
col is 122, row is 389
491 divided
491 returned
this is ele : 492
col is 123, row is 123
492 returned
this is ele : 493
col is 123, row is 124
493 divided
493 returned
this is ele : 494
col is 123, row is 151
494 divided
494 returned
this is ele : 495
col is 123, row is 152
495 divided
495 returned
this is ele : 496
col is 124, row is 123
496 returned
this is ele : 497
col is 124, row is 124
497 returned
this is ele : 498
col is 124, row is 125
498 divided
498 returned
this is ele : 499
col is 124, row is 151
499 divided
499 returned
this is ele : 500
col is 124, row is 152
500 divided
500 returned
this is ele : 501
col is 125, row is 117
501 returned
this is ele : 502
col is 125, row is 118
502 returned
this is ele : 503
col is 125, row is 119
503 returned
this is ele : 504
col is 125, row is 120
504 returned
this is ele : 505
col is 125, row is 121
505 returned
this is ele : 506
col is 125, row is 122
506 returned
this is ele : 507
col is 125, row is 124
507 returned
this is ele : 508
col is 125, row is 125
508 returned
this is ele : 509
col is 125, row is 151
509 divided
509 returned
this is ele : 510
col is 125, row is 152
510 divided
510 returned
this is ele : 511
col is 125, row is 154
511 divided
511 returned
this is ele : 512
col is 125, row is 389
512 divided
512 returned
this is ele : 513
col is 126, row is 126
513 returned
this is ele : 514
col is 126, row is 130
514 divided
514 returned
this is ele : 515
col is 126, row is 131
515 divided
515 returned
this is ele : 516
col is 126, row is 389
516 divided
516 returned
this is ele : 517
col is 127, row is 127
517 returned
this is ele : 518
col is 127, row is 128
518 divided
518 returned
this is ele : 519
col is 127, row is 129
519 divided
519 returned
this is ele : 520
col is 127, row is 389
520 divided
520 returned
this is ele : 521
col is 128, row is 127
521 returned
this is ele : 522
col is 128, row is 128
522 returned
this is ele : 523
col is 128, row is 129
523 divided
523 returned
this is ele : 524
col is 128, row is 150
524 divided
524 returned
this is ele : 525
col is 128, row is 389
525 divided
525 returned
this is ele : 526
col is 129, row is 127
526 returned
this is ele : 527
col is 129, row is 128
527 returned
this is ele : 528
col is 129, row is 129
528 returned
this is ele : 529
col is 129, row is 150
529 divided
529 returned
this is ele : 530
col is 129, row is 389
530 divided
530 returned
this is ele : 531
col is 130, row is 126
531 returned
this is ele : 532
col is 130, row is 130
532 returned
this is ele : 533
col is 130, row is 131
533 divided
533 returned
this is ele : 534
col is 130, row is 150
534 divided
534 returned
this is ele : 535
col is 130, row is 389
535 divided
535 returned
this is ele : 536
col is 131, row is 126
536 returned
this is ele : 537
col is 131, row is 130
537 returned
this is ele : 538
col is 131, row is 131
538 returned
this is ele : 539
col is 131, row is 150
539 divided
539 returned
this is ele : 540
col is 131, row is 152
540 divided
540 returned
this is ele : 541
col is 131, row is 389
541 divided
541 returned
this is ele : 542
col is 132, row is 132
542 returned
this is ele : 543
col is 132, row is 133
543 divided
543 returned
this is ele : 544
col is 132, row is 138
544 divided
544 returned
this is ele : 545
col is 132, row is 152
545 divided
545 returned
this is ele : 546
col is 133, row is 132
546 returned
this is ele : 547
col is 133, row is 133
547 returned
this is ele : 548
col is 133, row is 138
548 divided
548 returned
this is ele : 549
col is 133, row is 152
549 divided
549 returned
this is ele : 550
col is 133, row is 154
550 divided
550 returned
this is ele : 551
col is 134, row is 134
551 returned
this is ele : 552
col is 134, row is 135
552 divided
552 returned
this is ele : 553
col is 134, row is 138
553 divided
553 returned
this is ele : 554
col is 135, row is 134
554 returned
this is ele : 555
col is 135, row is 135
555 returned
this is ele : 556
col is 135, row is 136
556 divided
556 returned
this is ele : 557
col is 135, row is 137
557 divided
557 returned
this is ele : 558
col is 135, row is 138
558 divided
558 returned
this is ele : 559
col is 136, row is 135
559 returned
this is ele : 560
col is 136, row is 136
560 returned
this is ele : 561
col is 136, row is 137
561 divided
561 returned
this is ele : 562
col is 136, row is 138
562 divided
562 returned
this is ele : 563
col is 136, row is 150
563 divided
563 returned
this is ele : 564
col is 137, row is 135
564 returned
this is ele : 565
col is 137, row is 136
565 returned
this is ele : 566
col is 137, row is 137
566 returned
this is ele : 567
col is 137, row is 138
567 divided
567 returned
this is ele : 568
col is 137, row is 150
568 divided
568 returned
this is ele : 569
col is 137, row is 388
569 divided
569 returned
this is ele : 570
col is 138, row is 132
570 returned
this is ele : 571
col is 138, row is 133
571 returned
this is ele : 572
col is 138, row is 134
572 returned
this is ele : 573
col is 138, row is 135
573 returned
this is ele : 574
col is 138, row is 136
574 returned
this is ele : 575
col is 138, row is 137
575 returned
this is ele : 576
col is 138, row is 138
576 returned
this is ele : 577
col is 138, row is 150
577 divided
577 returned
this is ele : 578
col is 138, row is 152
578 divided
578 returned
this is ele : 579
col is 138, row is 154
579 divided
579 returned
this is ele : 580
col is 138, row is 388
580 divided
580 returned
this is ele : 581
col is 139, row is 139
581 returned
this is ele : 582
col is 139, row is 142
582 divided
582 returned
this is ele : 583
col is 140, row is 140
583 returned
this is ele : 584
col is 140, row is 145
584 divided
584 returned
this is ele : 585
col is 141, row is 141
585 returned
this is ele : 586
col is 141, row is 145
586 divided
586 returned
this is ele : 587
col is 142, row is 139
587 returned
this is ele : 588
col is 142, row is 142
588 returned
this is ele : 589
col is 142, row is 145
589 divided
589 returned
this is ele : 590
col is 143, row is 143
590 returned
this is ele : 591
col is 143, row is 145
591 divided
591 returned
this is ele : 592
col is 143, row is 388
592 divided
592 returned
this is ele : 593
col is 144, row is 144
593 returned
this is ele : 594
col is 144, row is 145
594 divided
594 returned
this is ele : 595
col is 144, row is 388
595 divided
595 returned
this is ele : 596
col is 145, row is 140
596 returned
this is ele : 597
col is 145, row is 141
597 returned
this is ele : 598
col is 145, row is 142
598 returned
this is ele : 599
col is 145, row is 143
599 returned
this is ele : 600
col is 145, row is 144
600 returned
this is ele : 601
col is 145, row is 145
601 returned
this is ele : 602
col is 145, row is 149
602 divided
602 returned
this is ele : 603
col is 145, row is 388
603 divided
603 returned
this is ele : 604
col is 145, row is 389
604 divided
604 returned
this is ele : 605
col is 146, row is 146
605 returned
this is ele : 606
col is 146, row is 147
606 divided
606 returned
this is ele : 607
col is 146, row is 151
607 divided
607 returned
this is ele : 608
col is 147, row is 146
608 returned
this is ele : 609
col is 147, row is 147
609 returned
this is ele : 610
col is 147, row is 148
610 divided
610 returned
this is ele : 611
col is 147, row is 149
611 divided
611 returned
this is ele : 612
col is 147, row is 151
612 divided
612 returned
this is ele : 613
col is 148, row is 147
613 returned
this is ele : 614
col is 148, row is 148
614 returned
this is ele : 615
col is 148, row is 149
615 divided
615 returned
this is ele : 616
col is 148, row is 150
616 divided
616 returned
this is ele : 617
col is 148, row is 151
617 divided
617 returned
this is ele : 618
col is 149, row is 145
618 returned
this is ele : 619
col is 149, row is 147
619 returned
this is ele : 620
col is 149, row is 148
620 returned
this is ele : 621
col is 149, row is 149
621 returned
this is ele : 622
col is 149, row is 150
622 divided
622 returned
this is ele : 623
col is 149, row is 151
623 divided
623 returned
this is ele : 624
col is 149, row is 388
624 divided
624 returned
this is ele : 625
col is 149, row is 389
625 divided
625 returned
this is ele : 626
col is 150, row is 128
626 returned
this is ele : 627
col is 150, row is 129
627 returned
this is ele : 628
col is 150, row is 130
628 returned
this is ele : 629
col is 150, row is 131
629 returned
this is ele : 630
col is 150, row is 136
630 returned
this is ele : 631
col is 150, row is 137
631 returned
this is ele : 632
col is 150, row is 138
632 returned
this is ele : 633
col is 150, row is 148
633 returned
this is ele : 634
col is 150, row is 149
634 returned
this is ele : 635
col is 150, row is 150
635 returned
this is ele : 636
col is 150, row is 151
636 divided
636 returned
this is ele : 637
col is 150, row is 152
637 divided
637 returned
this is ele : 638
col is 150, row is 154
638 divided
638 returned
this is ele : 639
col is 150, row is 388
639 divided
639 returned
this is ele : 640
col is 150, row is 389
640 divided
640 returned
this is ele : 641
col is 151, row is 123
641 returned
this is ele : 642
col is 151, row is 124
642 returned
this is ele : 643
col is 151, row is 125
643 returned
this is ele : 644
col is 151, row is 146
644 returned
this is ele : 645
col is 151, row is 147
645 returned
this is ele : 646
col is 151, row is 148
646 returned
this is ele : 647
col is 151, row is 149
647 returned
this is ele : 648
col is 151, row is 150
648 returned
this is ele : 649
col is 151, row is 151
649 returned
this is ele : 650
col is 151, row is 152
650 divided
650 returned
this is ele : 651
col is 151, row is 154
651 divided
651 returned
this is ele : 652
col is 151, row is 388
652 divided
652 returned
this is ele : 653
col is 151, row is 389
653 divided
653 returned
this is ele : 654
col is 152, row is 101
654 returned
this is ele : 655
col is 152, row is 102
655 returned
this is ele : 656
col is 152, row is 103
656 returned
this is ele : 657
col is 152, row is 107
657 returned
this is ele : 658
col is 152, row is 109
658 returned
this is ele : 659
col is 152, row is 110
659 returned
this is ele : 660
col is 152, row is 123
660 returned
this is ele : 661
col is 152, row is 124
661 returned
this is ele : 662
col is 152, row is 125
662 returned
this is ele : 663
col is 152, row is 131
663 returned
this is ele : 664
col is 152, row is 132
664 returned
this is ele : 665
col is 152, row is 133
665 returned
this is ele : 666
col is 152, row is 138
666 returned
this is ele : 667
col is 152, row is 150
667 returned
this is ele : 668
col is 152, row is 151
668 returned
this is ele : 669
col is 152, row is 152
669 returned
this is ele : 670
col is 152, row is 153
670 divided
670 returned
this is ele : 671
col is 152, row is 154
671 divided
671 returned
this is ele : 672
col is 152, row is 388
672 divided
672 returned
this is ele : 673
col is 152, row is 389
673 divided
673 returned
this is ele : 674
col is 153, row is 69
674 returned
this is ele : 675
col is 153, row is 70
675 returned
this is ele : 676
col is 153, row is 87
676 returned
this is ele : 677
col is 153, row is 90
677 returned
this is ele : 678
col is 153, row is 93
678 returned
this is ele : 679
col is 153, row is 94
679 returned
this is ele : 680
col is 153, row is 95
680 returned
this is ele : 681
col is 153, row is 110
681 returned
this is ele : 682
col is 153, row is 152
682 returned
this is ele : 683
col is 153, row is 153
683 returned
this is ele : 684
col is 153, row is 154
684 divided
684 returned
this is ele : 685
col is 153, row is 388
685 divided
685 returned
this is ele : 686
col is 153, row is 389
686 divided
686 returned
this is ele : 687
col is 153, row is 390
687 divided
687 returned
this is ele : 688
col is 154, row is 79
688 returned
this is ele : 689
col is 154, row is 80
689 returned
this is ele : 690
col is 154, row is 84
690 returned
this is ele : 691
col is 154, row is 85
691 returned
this is ele : 692
col is 154, row is 86
692 returned
this is ele : 693
col is 154, row is 87
693 returned
this is ele : 694
col is 154, row is 113
694 returned
this is ele : 695
col is 154, row is 114
695 returned
this is ele : 696
col is 154, row is 119
696 returned
this is ele : 697
col is 154, row is 121
697 returned
this is ele : 698
col is 154, row is 122
698 returned
this is ele : 699
col is 154, row is 125
699 returned
this is ele : 700
col is 154, row is 133
700 returned
this is ele : 701
col is 154, row is 138
701 returned
this is ele : 702
col is 154, row is 150
702 returned
this is ele : 703
col is 154, row is 151
703 returned
this is ele : 704
col is 154, row is 152
704 returned
this is ele : 705
col is 154, row is 153
705 returned
this is ele : 706
col is 154, row is 154
706 returned
this is ele : 707
col is 154, row is 388
707 divided
707 returned
this is ele : 708
col is 154, row is 389
708 divided
708 returned
this is ele : 709
col is 154, row is 390
709 divided
709 returned
this is ele : 710
col is 155, row is 155
710 returned
this is ele : 711
col is 155, row is 158
711 divided
711 returned
this is ele : 712
col is 155, row is 162
712 divided
712 returned
this is ele : 713
col is 156, row is 156
713 returned
this is ele : 714
col is 156, row is 162
714 divided
714 returned
this is ele : 715
col is 156, row is 184
715 divided
715 returned
this is ele : 716
col is 157, row is 157
716 returned
this is ele : 717
col is 157, row is 162
717 divided
717 returned
this is ele : 718
col is 157, row is 184
718 divided
718 returned
this is ele : 719
col is 158, row is 155
719 returned
this is ele : 720
col is 158, row is 158
720 returned
this is ele : 721
col is 158, row is 162
721 divided
721 returned
this is ele : 722
col is 158, row is 184
722 divided
722 returned
this is ele : 723
col is 159, row is 159
723 returned
this is ele : 724
col is 159, row is 160
724 divided
724 returned
this is ele : 725
col is 159, row is 161
725 divided
725 returned
this is ele : 726
col is 160, row is 159
726 returned
this is ele : 727
col is 160, row is 160
727 returned
this is ele : 728
col is 160, row is 161
728 divided
728 returned
this is ele : 729
col is 160, row is 185
729 divided
729 returned
this is ele : 730
col is 161, row is 159
730 returned
this is ele : 731
col is 161, row is 160
731 returned
this is ele : 732
col is 161, row is 161
732 returned
this is ele : 733
col is 161, row is 162
733 divided
733 returned
this is ele : 734
col is 161, row is 185
734 divided
734 returned
this is ele : 735
col is 162, row is 155
735 returned
this is ele : 736
col is 162, row is 156
736 returned
this is ele : 737
col is 162, row is 157
737 returned
this is ele : 738
col is 162, row is 158
738 returned
this is ele : 739
col is 162, row is 161
739 returned
this is ele : 740
col is 162, row is 162
740 returned
this is ele : 741
col is 162, row is 184
741 divided
741 returned
this is ele : 742
col is 162, row is 185
742 divided
742 returned
this is ele : 743
col is 162, row is 390
743 divided
743 returned
this is ele : 744
col is 163, row is 163
744 returned
this is ele : 745
col is 163, row is 183
745 divided
745 returned
this is ele : 746
col is 163, row is 391
746 divided
746 returned
this is ele : 747
col is 164, row is 164
747 returned
this is ele : 748
col is 164, row is 167
748 divided
748 returned
this is ele : 749
col is 165, row is 165
749 returned
this is ele : 750
col is 165, row is 168
750 divided
750 returned
this is ele : 751
col is 166, row is 166
751 returned
this is ele : 752
col is 166, row is 168
752 divided
752 returned
this is ele : 753
col is 167, row is 164
753 returned
this is ele : 754
col is 167, row is 167
754 returned
this is ele : 755
col is 167, row is 168
755 divided
755 returned
this is ele : 756
col is 168, row is 165
756 returned
this is ele : 757
col is 168, row is 166
757 returned
this is ele : 758
col is 168, row is 167
758 returned
this is ele : 759
col is 168, row is 168
759 returned
this is ele : 760
col is 168, row is 172
760 divided
760 returned
this is ele : 761
col is 168, row is 387
761 divided
761 returned
this is ele : 762
col is 169, row is 169
762 returned
this is ele : 763
col is 169, row is 170
763 divided
763 returned
this is ele : 764
col is 169, row is 172
764 divided
764 returned
this is ele : 765
col is 170, row is 169
765 returned
this is ele : 766
col is 170, row is 170
766 returned
this is ele : 767
col is 170, row is 171
767 divided
767 returned
this is ele : 768
col is 170, row is 172
768 divided
768 returned
this is ele : 769
col is 171, row is 170
769 returned
this is ele : 770
col is 171, row is 171
770 returned
this is ele : 771
col is 171, row is 172
771 divided
771 returned
this is ele : 772
col is 171, row is 181
772 divided
772 returned
this is ele : 773
col is 172, row is 168
773 returned
this is ele : 774
col is 172, row is 169
774 returned
this is ele : 775
col is 172, row is 170
775 returned
this is ele : 776
col is 172, row is 171
776 returned
this is ele : 777
col is 172, row is 172
777 returned
this is ele : 778
col is 172, row is 181
778 divided
778 returned
this is ele : 779
col is 172, row is 387
779 divided
779 returned
this is ele : 780
col is 173, row is 173
780 returned
this is ele : 781
col is 173, row is 181
781 divided
781 returned
this is ele : 782
col is 173, row is 182
782 divided
782 returned
this is ele : 783
col is 174, row is 174
783 returned
this is ele : 784
col is 174, row is 175
784 divided
784 returned
this is ele : 785
col is 174, row is 176
785 divided
785 returned
this is ele : 786
col is 174, row is 181
786 divided
786 returned
this is ele : 787
col is 175, row is 174
787 returned
this is ele : 788
col is 175, row is 175
788 returned
this is ele : 789
col is 175, row is 176
789 divided
789 returned
this is ele : 790
col is 175, row is 181
790 divided
790 returned
this is ele : 791
col is 175, row is 184
791 divided
791 returned
this is ele : 792
col is 176, row is 174
792 returned
this is ele : 793
col is 176, row is 175
793 returned
this is ele : 794
col is 176, row is 176
794 returned
this is ele : 795
col is 176, row is 180
795 divided
795 returned
this is ele : 796
col is 176, row is 181
796 divided
796 returned
this is ele : 797
col is 176, row is 184
797 divided
797 returned
this is ele : 798
col is 177, row is 177
798 returned
this is ele : 799
col is 177, row is 178
799 divided
799 returned
this is ele : 800
col is 177, row is 179
800 divided
800 returned
this is ele : 801
col is 177, row is 180
801 divided
801 returned
this is ele : 802
col is 178, row is 177
802 returned
this is ele : 803
col is 178, row is 178
803 returned
this is ele : 804
col is 178, row is 179
804 divided
804 returned
this is ele : 805
col is 178, row is 180
805 divided
805 returned
this is ele : 806
col is 178, row is 184
806 divided
806 returned
this is ele : 807
col is 179, row is 177
807 returned
this is ele : 808
col is 179, row is 178
808 returned
this is ele : 809
col is 179, row is 179
809 returned
this is ele : 810
col is 179, row is 180
810 divided
810 returned
this is ele : 811
col is 179, row is 182
811 divided
811 returned
this is ele : 812
col is 179, row is 184
812 divided
812 returned
this is ele : 813
col is 180, row is 176
813 returned
this is ele : 814
col is 180, row is 177
814 returned
this is ele : 815
col is 180, row is 178
815 returned
this is ele : 816
col is 180, row is 179
816 returned
this is ele : 817
col is 180, row is 180
817 returned
this is ele : 818
col is 180, row is 181
818 divided
818 returned
this is ele : 819
col is 180, row is 182
819 divided
819 returned
this is ele : 820
col is 180, row is 184
820 divided
820 returned
this is ele : 821
col is 181, row is 171
821 returned
this is ele : 822
col is 181, row is 172
822 returned
this is ele : 823
col is 181, row is 173
823 returned
this is ele : 824
col is 181, row is 174
824 returned
this is ele : 825
col is 181, row is 175
825 returned
this is ele : 826
col is 181, row is 176
826 returned
this is ele : 827
col is 181, row is 180
827 returned
this is ele : 828
col is 181, row is 181
828 returned
this is ele : 829
col is 181, row is 182
829 divided
829 returned
this is ele : 830
col is 181, row is 184
830 divided
830 returned
this is ele : 831
col is 181, row is 387
831 divided
831 returned
this is ele : 832
col is 182, row is 163
832 returned
this is ele : 833
col is 182, row is 182
833 returned
this is ele : 834
col is 182, row is 183
834 divided
834 returned
this is ele : 835
col is 182, row is 391
835 divided
835 returned
this is ele : 836
col is 183, row is 173
836 returned
this is ele : 837
col is 183, row is 179
837 returned
this is ele : 838
col is 183, row is 180
838 returned
this is ele : 839
col is 183, row is 181
839 returned
this is ele : 840
col is 183, row is 182
840 returned
this is ele : 841
col is 183, row is 183
841 returned
this is ele : 842
col is 183, row is 184
842 divided
842 returned
this is ele : 843
col is 183, row is 185
843 divided
843 returned
this is ele : 844
col is 183, row is 387
844 divided
844 returned
this is ele : 845
col is 183, row is 391
845 divided
845 returned
this is ele : 846
col is 184, row is 156
846 returned
this is ele : 847
col is 184, row is 157
847 returned
this is ele : 848
col is 184, row is 158
848 returned
this is ele : 849
col is 184, row is 162
849 returned
this is ele : 850
col is 184, row is 175
850 returned
this is ele : 851
col is 184, row is 176
851 returned
this is ele : 852
col is 184, row is 178
852 returned
this is ele : 853
col is 184, row is 179
853 returned
this is ele : 854
col is 184, row is 180
854 returned
this is ele : 855
col is 184, row is 181
855 returned
this is ele : 856
col is 184, row is 182
856 returned
this is ele : 857
col is 184, row is 183
857 returned
this is ele : 858
col is 184, row is 184
858 returned
this is ele : 859
col is 184, row is 185
859 divided
859 returned
this is ele : 860
col is 184, row is 387
860 divided
860 returned
this is ele : 861
col is 184, row is 390
861 divided
861 returned
this is ele : 862
col is 184, row is 391
862 divided
862 returned
this is ele : 863
col is 185, row is 160
863 returned
this is ele : 864
col is 185, row is 161
864 returned
this is ele : 865
col is 185, row is 162
865 returned
this is ele : 866
col is 185, row is 182
866 returned
this is ele : 867
col is 185, row is 183
867 returned
this is ele : 868
col is 185, row is 184
868 returned
this is ele : 869
col is 185, row is 185
869 returned
this is ele : 870
col is 185, row is 387
870 divided
870 returned
this is ele : 871
col is 185, row is 389
871 divided
871 returned
this is ele : 872
col is 185, row is 390
872 divided
872 returned
this is ele : 873
col is 185, row is 391
873 divided
873 returned
this is ele : 874
col is 186, row is 186
874 returned
this is ele : 875
col is 187, row is 186
875 returned
this is ele : 876
col is 187, row is 187
876 returned
this is ele : 877
col is 187, row is 188
877 divided
877 returned
this is ele : 878
col is 188, row is 186
878 returned
this is ele : 879
col is 188, row is 188
879 returned
this is ele : 880
col is 188, row is 193
880 divided
880 returned
this is ele : 881
col is 189, row is 189
881 returned
this is ele : 882
col is 189, row is 192
882 divided
882 returned
this is ele : 883
col is 190, row is 190
883 returned
this is ele : 884
col is 190, row is 389
884 divided
884 returned
this is ele : 885
col is 191, row is 191
885 returned
this is ele : 886
col is 191, row is 389
886 divided
886 returned
this is ele : 887
col is 192, row is 189
887 returned
this is ele : 888
col is 192, row is 192
888 returned
this is ele : 889
col is 192, row is 389
889 divided
889 returned
this is ele : 890
col is 193, row is 188
890 returned
this is ele : 891
col is 193, row is 193
891 returned
this is ele : 892
col is 193, row is 200
892 divided
892 returned
this is ele : 893
col is 193, row is 389
893 divided
893 returned
this is ele : 894
col is 194, row is 194
894 returned
this is ele : 895
col is 194, row is 195
895 divided
895 returned
this is ele : 896
col is 195, row is 195
896 returned
this is ele : 897
col is 195, row is 196
897 divided
897 returned
this is ele : 898
col is 196, row is 196
898 returned
this is ele : 899
col is 196, row is 199
899 divided
899 returned
this is ele : 900
col is 196, row is 200
900 divided
900 returned
this is ele : 901
col is 197, row is 197
901 returned
this is ele : 902
col is 197, row is 198
902 divided
902 returned
this is ele : 903
col is 198, row is 198
903 returned
this is ele : 904
col is 198, row is 386
904 divided
904 returned
this is ele : 905
col is 198, row is 387
905 divided
905 returned
this is ele : 906
col is 199, row is 197
906 returned
this is ele : 907
col is 199, row is 198
907 returned
this is ele : 908
col is 199, row is 199
908 returned
this is ele : 909
col is 199, row is 386
909 divided
909 returned
this is ele : 910
col is 199, row is 387
910 divided
910 returned
this is ele : 911
col is 200, row is 193
911 returned
this is ele : 912
col is 200, row is 199
912 returned
this is ele : 913
col is 200, row is 200
913 returned
this is ele : 914
col is 200, row is 386
914 divided
914 returned
this is ele : 915
col is 200, row is 387
915 divided
915 returned
this is ele : 916
col is 200, row is 389
916 divided
916 returned
this is ele : 917
col is 201, row is 201
917 returned
this is ele : 918
col is 201, row is 214
918 divided
918 returned
this is ele : 919
col is 202, row is 201
919 returned
this is ele : 920
col is 202, row is 202
920 returned
this is ele : 921
col is 202, row is 214
921 divided
921 returned
this is ele : 922
col is 202, row is 369
922 divided
922 returned
this is ele : 923
col is 203, row is 203
923 returned
this is ele : 924
col is 203, row is 204
924 divided
924 returned
this is ele : 925
col is 204, row is 203
925 returned
this is ele : 926
col is 204, row is 204
926 returned
this is ele : 927
col is 204, row is 205
927 divided
927 returned
this is ele : 928
col is 204, row is 208
928 divided
928 returned
this is ele : 929
col is 205, row is 204
929 returned
this is ele : 930
col is 205, row is 205
930 returned
this is ele : 931
col is 205, row is 206
931 divided
931 returned
this is ele : 932
col is 205, row is 208
932 divided
932 returned
this is ele : 933
col is 206, row is 205
933 returned
this is ele : 934
col is 206, row is 206
934 returned
this is ele : 935
col is 206, row is 207
935 divided
935 returned
this is ele : 936
col is 206, row is 208
936 divided
936 returned
this is ele : 937
col is 207, row is 206
937 returned
this is ele : 938
col is 207, row is 207
938 returned
this is ele : 939
col is 207, row is 208
939 divided
939 returned
this is ele : 940
col is 207, row is 214
940 divided
940 returned
this is ele : 941
col is 208, row is 204
941 returned
this is ele : 942
col is 208, row is 205
942 returned
this is ele : 943
col is 208, row is 206
943 returned
this is ele : 944
col is 208, row is 207
944 returned
this is ele : 945
col is 208, row is 208
945 returned
this is ele : 946
col is 208, row is 209
946 divided
946 returned
this is ele : 947
col is 208, row is 214
947 divided
947 returned
this is ele : 948
col is 209, row is 208
948 returned
this is ele : 949
col is 209, row is 209
949 returned
this is ele : 950
col is 209, row is 210
950 divided
950 returned
this is ele : 951
col is 209, row is 214
951 divided
951 returned
this is ele : 952
col is 210, row is 209
952 returned
this is ele : 953
col is 210, row is 210
953 returned
this is ele : 954
col is 210, row is 211
954 divided
954 returned
this is ele : 955
col is 210, row is 214
955 divided
955 returned
this is ele : 956
col is 211, row is 210
956 returned
this is ele : 957
col is 211, row is 211
957 returned
this is ele : 958
col is 211, row is 213
958 divided
958 returned
this is ele : 959
col is 211, row is 214
959 divided
959 returned
this is ele : 960
col is 212, row is 211
960 returned
this is ele : 961
col is 212, row is 212
961 returned
this is ele : 962
col is 212, row is 213
962 divided
962 returned
this is ele : 963
col is 212, row is 214
963 divided
963 returned
this is ele : 964
col is 213, row is 212
964 returned
this is ele : 965
col is 213, row is 213
965 returned
this is ele : 966
col is 213, row is 214
966 divided
966 returned
this is ele : 967
col is 213, row is 385
967 divided
967 returned
this is ele : 968
col is 214, row is 202
968 returned
this is ele : 969
col is 214, row is 207
969 returned
this is ele : 970
col is 214, row is 208
970 returned
this is ele : 971
col is 214, row is 209
971 returned
this is ele : 972
col is 214, row is 210
972 returned
this is ele : 973
col is 214, row is 211
973 returned
this is ele : 974
col is 214, row is 213
974 returned
this is ele : 975
col is 214, row is 214
975 returned
this is ele : 976
col is 214, row is 369
976 divided
976 returned
this is ele : 977
col is 214, row is 385
977 divided
977 returned
this is ele : 978
col is 215, row is 215
978 returned
this is ele : 979
col is 216, row is 216
979 returned
this is ele : 980
col is 216, row is 228
980 divided
980 returned
this is ele : 981
col is 217, row is 217
981 returned
this is ele : 982
col is 217, row is 219
982 divided
982 returned
this is ele : 983
col is 218, row is 218
983 returned
this is ele : 984
col is 218, row is 220
984 divided
984 returned
this is ele : 985
col is 219, row is 217
985 returned
this is ele : 986
col is 219, row is 219
986 returned
this is ele : 987
col is 219, row is 220
987 divided
987 returned
this is ele : 988
col is 219, row is 366
988 divided
988 returned
this is ele : 989
col is 220, row is 218
989 returned
this is ele : 990
col is 220, row is 219
990 returned
this is ele : 991
col is 220, row is 220
991 returned
this is ele : 992
col is 220, row is 221
992 divided
992 returned
this is ele : 993
col is 220, row is 366
993 divided
993 returned
this is ele : 994
col is 221, row is 220
994 returned
this is ele : 995
col is 221, row is 221
995 returned
this is ele : 996
col is 221, row is 222
996 divided
996 returned
this is ele : 997
col is 221, row is 366
997 divided
997 returned
this is ele : 998
col is 222, row is 221
998 returned
this is ele : 999
col is 222, row is 222
999 returned
this is ele : 1000
col is 222, row is 223
1000 divided
1000 returned
this is ele : 1001
col is 222, row is 366
1001 divided
1001 returned
this is ele : 1002
col is 223, row is 223
1002 returned
this is ele : 1003
col is 223, row is 227
1003 divided
1003 returned
this is ele : 1004
col is 223, row is 228
1004 divided
1004 returned
this is ele : 1005
col is 224, row is 224
1005 returned
this is ele : 1006
col is 224, row is 226
1006 divided
1006 returned
this is ele : 1007
col is 225, row is 225
1007 returned
this is ele : 1008
col is 225, row is 368
1008 divided
1008 returned
this is ele : 1009
col is 226, row is 224
1009 returned
this is ele : 1010
col is 226, row is 225
1010 returned
this is ele : 1011
col is 226, row is 226
1011 returned
this is ele : 1012
col is 226, row is 227
1012 divided
1012 returned
this is ele : 1013
col is 226, row is 228
1013 divided
1013 returned
this is ele : 1014
col is 226, row is 368
1014 divided
1014 returned
this is ele : 1015
col is 227, row is 222
1015 returned
this is ele : 1016
col is 227, row is 223
1016 returned
this is ele : 1017
col is 227, row is 227
1017 returned
this is ele : 1018
col is 227, row is 228
1018 divided
1018 returned
this is ele : 1019
col is 227, row is 366
1019 divided
1019 returned
this is ele : 1020
col is 228, row is 215
1020 returned
this is ele : 1021
col is 228, row is 228
1021 returned
this is ele : 1022
col is 228, row is 367
1022 divided
1022 returned
this is ele : 1023
col is 229, row is 229
1023 returned
this is ele : 1024
col is 230, row is 229
1024 returned
this is ele : 1025
col is 230, row is 230
1025 returned
this is ele : 1026
col is 230, row is 231
1026 divided
1026 returned
this is ele : 1027
col is 231, row is 229
1027 returned
this is ele : 1028
col is 231, row is 231
1028 returned
this is ele : 1029
col is 231, row is 236
1029 divided
1029 returned
this is ele : 1030
col is 232, row is 232
1030 returned
this is ele : 1031
col is 232, row is 235
1031 divided
1031 returned
this is ele : 1032
col is 233, row is 233
1032 returned
this is ele : 1033
col is 233, row is 364
1033 divided
1033 returned
this is ele : 1034
col is 234, row is 234
1034 returned
this is ele : 1035
col is 234, row is 364
1035 divided
1035 returned
this is ele : 1036
col is 235, row is 232
1036 returned
this is ele : 1037
col is 235, row is 235
1037 returned
this is ele : 1038
col is 235, row is 364
1038 divided
1038 returned
this is ele : 1039
col is 236, row is 231
1039 returned
this is ele : 1040
col is 236, row is 236
1040 returned
this is ele : 1041
col is 236, row is 243
1041 divided
1041 returned
this is ele : 1042
col is 236, row is 364
1042 divided
1042 returned
this is ele : 1043
col is 237, row is 237
1043 returned
this is ele : 1044
col is 237, row is 238
1044 divided
1044 returned
this is ele : 1045
col is 238, row is 238
1045 returned
this is ele : 1046
col is 238, row is 239
1046 divided
1046 returned
this is ele : 1047
col is 239, row is 239
1047 returned
this is ele : 1048
col is 239, row is 242
1048 divided
1048 returned
this is ele : 1049
col is 239, row is 243
1049 divided
1049 returned
this is ele : 1050
col is 240, row is 240
1050 returned
this is ele : 1051
col is 240, row is 241
1051 divided
1051 returned
this is ele : 1052
col is 241, row is 241
1052 returned
this is ele : 1053
col is 241, row is 365
1053 divided
1053 returned
this is ele : 1054
col is 241, row is 367
1054 divided
1054 returned
this is ele : 1055
col is 242, row is 240
1055 returned
this is ele : 1056
col is 242, row is 241
1056 returned
this is ele : 1057
col is 242, row is 242
1057 returned
this is ele : 1058
col is 242, row is 365
1058 divided
1058 returned
this is ele : 1059
col is 242, row is 367
1059 divided
1059 returned
this is ele : 1060
col is 243, row is 236
1060 returned
this is ele : 1061
col is 243, row is 242
1061 returned
this is ele : 1062
col is 243, row is 243
1062 returned
this is ele : 1063
col is 243, row is 364
1063 divided
1063 returned
this is ele : 1064
col is 243, row is 365
1064 divided
1064 returned
this is ele : 1065
col is 243, row is 367
1065 divided
1065 returned
this is ele : 1066
col is 244, row is 244
1066 returned
this is ele : 1067
col is 244, row is 245
1067 divided
1067 returned
this is ele : 1068
col is 244, row is 246
1068 divided
1068 returned
this is ele : 1069
col is 244, row is 264
1069 divided
1069 returned
this is ele : 1070
col is 245, row is 244
1070 returned
this is ele : 1071
col is 245, row is 245
1071 returned
this is ele : 1072
col is 245, row is 246
1072 divided
1072 returned
this is ele : 1073
col is 245, row is 247
1073 divided
1073 returned
this is ele : 1074
col is 245, row is 264
1074 divided
1074 returned
this is ele : 1075
col is 246, row is 244
1075 returned
this is ele : 1076
col is 246, row is 245
1076 returned
this is ele : 1077
col is 246, row is 246
1077 returned
this is ele : 1078
col is 246, row is 247
1078 divided
1078 returned
this is ele : 1079
col is 246, row is 264
1079 divided
1079 returned
this is ele : 1080
col is 246, row is 330
1080 divided
1080 returned
this is ele : 1081
col is 247, row is 245
1081 returned
this is ele : 1082
col is 247, row is 246
1082 returned
this is ele : 1083
col is 247, row is 247
1083 returned
this is ele : 1084
col is 247, row is 264
1084 divided
1084 returned
this is ele : 1085
col is 247, row is 330
1085 divided
1085 returned
this is ele : 1086
col is 248, row is 248
1086 returned
this is ele : 1087
col is 248, row is 249
1087 divided
1087 returned
this is ele : 1088
col is 249, row is 248
1088 returned
this is ele : 1089
col is 249, row is 249
1089 returned
this is ele : 1090
col is 249, row is 250
1090 divided
1090 returned
this is ele : 1091
col is 249, row is 251
1091 divided
1091 returned
this is ele : 1092
col is 250, row is 249
1092 returned
this is ele : 1093
col is 250, row is 250
1093 returned
this is ele : 1094
col is 250, row is 251
1094 divided
1094 returned
this is ele : 1095
col is 250, row is 264
1095 divided
1095 returned
this is ele : 1096
col is 251, row is 249
1096 returned
this is ele : 1097
col is 251, row is 250
1097 returned
this is ele : 1098
col is 251, row is 251
1098 returned
this is ele : 1099
col is 251, row is 252
1099 divided
1099 returned
this is ele : 1100
col is 251, row is 264
1100 divided
1100 returned
this is ele : 1101
col is 252, row is 251
1101 returned
this is ele : 1102
col is 252, row is 252
1102 returned
this is ele : 1103
col is 252, row is 264
1103 divided
1103 returned
this is ele : 1104
col is 252, row is 363
1104 divided
1104 returned
this is ele : 1105
col is 253, row is 253
1105 returned
this is ele : 1106
col is 253, row is 254
1106 divided
1106 returned
this is ele : 1107
col is 253, row is 256
1107 divided
1107 returned
this is ele : 1108
col is 254, row is 253
1108 returned
this is ele : 1109
col is 254, row is 254
1109 returned
this is ele : 1110
col is 254, row is 255
1110 divided
1110 returned
this is ele : 1111
col is 254, row is 256
1111 divided
1111 returned
this is ele : 1112
col is 255, row is 254
1112 returned
this is ele : 1113
col is 255, row is 255
1113 returned
this is ele : 1114
col is 255, row is 256
1114 divided
1114 returned
this is ele : 1115
col is 255, row is 257
1115 divided
1115 returned
this is ele : 1116
col is 256, row is 253
1116 returned
this is ele : 1117
col is 256, row is 254
1117 returned
this is ele : 1118
col is 256, row is 255
1118 returned
this is ele : 1119
col is 256, row is 256
1119 returned
this is ele : 1120
col is 256, row is 257
1120 divided
1120 returned
this is ele : 1121
col is 256, row is 331
1121 divided
1121 returned
this is ele : 1122
col is 257, row is 255
1122 returned
this is ele : 1123
col is 257, row is 256
1123 returned
this is ele : 1124
col is 257, row is 257
1124 returned
this is ele : 1125
col is 257, row is 262
1125 divided
1125 returned
this is ele : 1126
col is 257, row is 263
1126 divided
1126 returned
this is ele : 1127
col is 257, row is 331
1127 divided
1127 returned
this is ele : 1128
col is 258, row is 258
1128 returned
this is ele : 1129
col is 258, row is 259
1129 divided
1129 returned
this is ele : 1130
col is 258, row is 263
1130 divided
1130 returned
this is ele : 1131
col is 259, row is 258
1131 returned
this is ele : 1132
col is 259, row is 259
1132 returned
this is ele : 1133
col is 259, row is 260
1133 divided
1133 returned
this is ele : 1134
col is 259, row is 261
1134 divided
1134 returned
this is ele : 1135
col is 259, row is 263
1135 divided
1135 returned
this is ele : 1136
col is 260, row is 259
1136 returned
this is ele : 1137
col is 260, row is 260
1137 returned
this is ele : 1138
col is 260, row is 261
1138 divided
1138 returned
this is ele : 1139
col is 260, row is 263
1139 divided
1139 returned
this is ele : 1140
col is 260, row is 264
1140 divided
1140 returned
this is ele : 1141
col is 261, row is 259
1141 returned
this is ele : 1142
col is 261, row is 260
1142 returned
this is ele : 1143
col is 261, row is 261
1143 returned
this is ele : 1144
col is 261, row is 263
1144 divided
1144 returned
this is ele : 1145
col is 261, row is 264
1145 divided
1145 returned
this is ele : 1146
col is 261, row is 331
1146 divided
1146 returned
this is ele : 1147
col is 262, row is 257
1147 returned
this is ele : 1148
col is 262, row is 262
1148 returned
this is ele : 1149
col is 262, row is 263
1149 divided
1149 returned
this is ele : 1150
col is 262, row is 264
1150 divided
1150 returned
this is ele : 1151
col is 262, row is 331
1151 divided
1151 returned
this is ele : 1152
col is 263, row is 257
1152 returned
this is ele : 1153
col is 263, row is 258
1153 returned
this is ele : 1154
col is 263, row is 259
1154 returned
this is ele : 1155
col is 263, row is 260
1155 returned
this is ele : 1156
col is 263, row is 261
1156 returned
this is ele : 1157
col is 263, row is 262
1157 returned
this is ele : 1158
col is 263, row is 263
1158 returned
this is ele : 1159
col is 263, row is 264
1159 divided
1159 returned
this is ele : 1160
col is 263, row is 331
1160 divided
1160 returned
this is ele : 1161
col is 264, row is 244
1161 returned
this is ele : 1162
col is 264, row is 245
1162 returned
this is ele : 1163
col is 264, row is 246
1163 returned
this is ele : 1164
col is 264, row is 247
1164 returned
this is ele : 1165
col is 264, row is 250
1165 returned
this is ele : 1166
col is 264, row is 251
1166 returned
this is ele : 1167
col is 264, row is 252
1167 returned
this is ele : 1168
col is 264, row is 260
1168 returned
this is ele : 1169
col is 264, row is 261
1169 returned
this is ele : 1170
col is 264, row is 262
1170 returned
this is ele : 1171
col is 264, row is 263
1171 returned
this is ele : 1172
col is 264, row is 264
1172 returned
this is ele : 1173
col is 264, row is 330
1173 divided
1173 returned
this is ele : 1174
col is 264, row is 331
1174 divided
1174 returned
this is ele : 1175
col is 264, row is 363
1175 divided
1175 returned
this is ele : 1176
col is 265, row is 265
1176 returned
this is ele : 1177
col is 265, row is 266
1177 divided
1177 returned
this is ele : 1178
col is 265, row is 267
1178 divided
1178 returned
this is ele : 1179
col is 265, row is 363
1179 divided
1179 returned
this is ele : 1180
col is 266, row is 265
1180 returned
this is ele : 1181
col is 266, row is 266
1181 returned
this is ele : 1182
col is 266, row is 267
1182 divided
1182 returned
this is ele : 1183
col is 266, row is 272
1183 divided
1183 returned
this is ele : 1184
col is 266, row is 363
1184 divided
1184 returned
this is ele : 1185
col is 267, row is 265
1185 returned
this is ele : 1186
col is 267, row is 266
1186 returned
this is ele : 1187
col is 267, row is 267
1187 returned
this is ele : 1188
col is 267, row is 272
1188 divided
1188 returned
this is ele : 1189
col is 267, row is 330
1189 divided
1189 returned
this is ele : 1190
col is 267, row is 363
1190 divided
1190 returned
this is ele : 1191
col is 268, row is 268
1191 returned
this is ele : 1192
col is 268, row is 269
1192 divided
1192 returned
this is ele : 1193
col is 268, row is 364
1193 divided
1193 returned
this is ele : 1194
col is 269, row is 268
1194 returned
this is ele : 1195
col is 269, row is 269
1195 returned
this is ele : 1196
col is 269, row is 270
1196 divided
1196 returned
this is ele : 1197
col is 269, row is 271
1197 divided
1197 returned
this is ele : 1198
col is 269, row is 364
1198 divided
1198 returned
this is ele : 1199
col is 270, row is 269
1199 returned
this is ele : 1200
col is 270, row is 270
1200 returned
this is ele : 1201
col is 270, row is 271
1201 divided
1201 returned
this is ele : 1202
col is 270, row is 330
1202 divided
1202 returned
this is ele : 1203
col is 270, row is 364
1203 divided
1203 returned
this is ele : 1204
col is 271, row is 269
1204 returned
this is ele : 1205
col is 271, row is 270
1205 returned
this is ele : 1206
col is 271, row is 271
1206 returned
this is ele : 1207
col is 271, row is 272
1207 divided
1207 returned
this is ele : 1208
col is 271, row is 330
1208 divided
1208 returned
this is ele : 1209
col is 271, row is 364
1209 divided
1209 returned
this is ele : 1210
col is 272, row is 266
1210 returned
this is ele : 1211
col is 272, row is 267
1211 returned
this is ele : 1212
col is 272, row is 271
1212 returned
this is ele : 1213
col is 272, row is 272
1213 returned
this is ele : 1214
col is 272, row is 330
1214 divided
1214 returned
this is ele : 1215
col is 272, row is 363
1215 divided
1215 returned
this is ele : 1216
col is 272, row is 364
1216 divided
1216 returned
this is ele : 1217
col is 273, row is 273
1217 returned
this is ele : 1218
col is 273, row is 274
1218 divided
1218 returned
this is ele : 1219
col is 273, row is 275
1219 divided
1219 returned
this is ele : 1220
col is 274, row is 273
1220 returned
this is ele : 1221
col is 274, row is 274
1221 returned
this is ele : 1222
col is 274, row is 275
1222 divided
1222 returned
this is ele : 1223
col is 274, row is 280
1223 divided
1223 returned
this is ele : 1224
col is 275, row is 273
1224 returned
this is ele : 1225
col is 275, row is 274
1225 returned
this is ele : 1226
col is 275, row is 275
1226 returned
this is ele : 1227
col is 275, row is 280
1227 divided
1227 returned
this is ele : 1228
col is 276, row is 276
1228 returned
this is ele : 1229
col is 276, row is 277
1229 divided
1229 returned
this is ele : 1230
col is 277, row is 276
1230 returned
this is ele : 1231
col is 277, row is 277
1231 returned
this is ele : 1232
col is 277, row is 278
1232 divided
1232 returned
this is ele : 1233
col is 277, row is 279
1233 divided
1233 returned
this is ele : 1234
col is 278, row is 277
1234 returned
this is ele : 1235
col is 278, row is 278
1235 returned
this is ele : 1236
col is 278, row is 279
1236 divided
1236 returned
this is ele : 1237
col is 278, row is 329
1237 divided
1237 returned
this is ele : 1238
col is 279, row is 277
1238 returned
this is ele : 1239
col is 279, row is 278
1239 returned
this is ele : 1240
col is 279, row is 279
1240 returned
this is ele : 1241
col is 279, row is 280
1241 divided
1241 returned
this is ele : 1242
col is 279, row is 329
1242 divided
1242 returned
this is ele : 1243
col is 280, row is 274
1243 returned
this is ele : 1244
col is 280, row is 275
1244 returned
this is ele : 1245
col is 280, row is 279
1245 returned
this is ele : 1246
col is 280, row is 280
1246 returned
this is ele : 1247
col is 280, row is 284
1247 divided
1247 returned
this is ele : 1248
col is 280, row is 329
1248 divided
1248 returned
this is ele : 1249
col is 281, row is 281
1249 returned
this is ele : 1250
col is 281, row is 282
1250 divided
1250 returned
this is ele : 1251
col is 281, row is 283
1251 divided
1251 returned
this is ele : 1252
col is 281, row is 364
1252 divided
1252 returned
this is ele : 1253
col is 282, row is 281
1253 returned
this is ele : 1254
col is 282, row is 282
1254 returned
this is ele : 1255
col is 282, row is 283
1255 divided
1255 returned
this is ele : 1256
col is 282, row is 284
1256 divided
1256 returned
this is ele : 1257
col is 282, row is 364
1257 divided
1257 returned
this is ele : 1258
col is 283, row is 281
1258 returned
this is ele : 1259
col is 283, row is 282
1259 returned
this is ele : 1260
col is 283, row is 283
1260 returned
this is ele : 1261
col is 283, row is 284
1261 divided
1261 returned
this is ele : 1262
col is 283, row is 364
1262 divided
1262 returned
this is ele : 1263
col is 284, row is 280
1263 returned
this is ele : 1264
col is 284, row is 282
1264 returned
this is ele : 1265
col is 284, row is 283
1265 returned
this is ele : 1266
col is 284, row is 284
1266 returned
this is ele : 1267
col is 284, row is 286
1267 divided
1267 returned
this is ele : 1268
col is 284, row is 329
1268 divided
1268 returned
this is ele : 1269
col is 284, row is 364
1269 divided
1269 returned
this is ele : 1270
col is 285, row is 285
1270 returned
this is ele : 1271
col is 285, row is 286
1271 divided
1271 returned
this is ele : 1272
col is 285, row is 287
1272 divided
1272 returned
this is ele : 1273
col is 285, row is 364
1273 divided
1273 returned
this is ele : 1274
col is 286, row is 284
1274 returned
this is ele : 1275
col is 286, row is 285
1275 returned
this is ele : 1276
col is 286, row is 286
1276 returned
this is ele : 1277
col is 286, row is 287
1277 divided
1277 returned
this is ele : 1278
col is 286, row is 329
1278 divided
1278 returned
this is ele : 1279
col is 286, row is 364
1279 divided
1279 returned
this is ele : 1280
col is 287, row is 285
1280 returned
this is ele : 1281
col is 287, row is 286
1281 returned
this is ele : 1282
col is 287, row is 287
1282 returned
this is ele : 1283
col is 287, row is 329
1283 divided
1283 returned
this is ele : 1284
col is 287, row is 330
1284 divided
1284 returned
this is ele : 1285
col is 287, row is 364
1285 divided
1285 returned
this is ele : 1286
col is 288, row is 288
1286 returned
this is ele : 1287
col is 288, row is 289
1287 divided
1287 returned
this is ele : 1288
col is 289, row is 288
1288 returned
this is ele : 1289
col is 289, row is 289
1289 returned
this is ele : 1290
col is 289, row is 290
1290 divided
1290 returned
this is ele : 1291
col is 289, row is 291
1291 divided
1291 returned
this is ele : 1292
col is 290, row is 289
1292 returned
this is ele : 1293
col is 290, row is 290
1293 returned
this is ele : 1294
col is 290, row is 291
1294 divided
1294 returned
this is ele : 1295
col is 290, row is 331
1295 divided
1295 returned
this is ele : 1296
col is 291, row is 289
1296 returned
this is ele : 1297
col is 291, row is 290
1297 returned
this is ele : 1298
col is 291, row is 291
1298 returned
this is ele : 1299
col is 291, row is 296
1299 divided
1299 returned
this is ele : 1300
col is 291, row is 331
1300 divided
1300 returned
this is ele : 1301
col is 292, row is 292
1301 returned
this is ele : 1302
col is 292, row is 293
1302 divided
1302 returned
this is ele : 1303
col is 293, row is 292
1303 returned
this is ele : 1304
col is 293, row is 293
1304 returned
this is ele : 1305
col is 293, row is 294
1305 divided
1305 returned
this is ele : 1306
col is 293, row is 295
1306 divided
1306 returned
this is ele : 1307
col is 294, row is 293
1307 returned
this is ele : 1308
col is 294, row is 294
1308 returned
this is ele : 1309
col is 294, row is 295
1309 divided
1309 returned
this is ele : 1310
col is 294, row is 302
1310 divided
1310 returned
this is ele : 1311
col is 295, row is 293
1311 returned
this is ele : 1312
col is 295, row is 294
1312 returned
this is ele : 1313
col is 295, row is 295
1313 returned
this is ele : 1314
col is 295, row is 296
1314 divided
1314 returned
this is ele : 1315
col is 295, row is 302
1315 divided
1315 returned
this is ele : 1316
col is 296, row is 291
1316 returned
this is ele : 1317
col is 296, row is 295
1317 returned
this is ele : 1318
col is 296, row is 296
1318 returned
this is ele : 1319
col is 296, row is 298
1319 divided
1319 returned
this is ele : 1320
col is 296, row is 302
1320 divided
1320 returned
this is ele : 1321
col is 296, row is 331
1321 divided
1321 returned
this is ele : 1322
col is 297, row is 297
1322 returned
this is ele : 1323
col is 297, row is 298
1323 divided
1323 returned
this is ele : 1324
col is 297, row is 299
1324 divided
1324 returned
this is ele : 1325
col is 297, row is 302
1325 divided
1325 returned
this is ele : 1326
col is 298, row is 296
1326 returned
this is ele : 1327
col is 298, row is 297
1327 returned
this is ele : 1328
col is 298, row is 298
1328 returned
this is ele : 1329
col is 298, row is 299
1329 divided
1329 returned
this is ele : 1330
col is 298, row is 302
1330 divided
1330 returned
this is ele : 1331
col is 298, row is 331
1331 divided
1331 returned
this is ele : 1332
col is 299, row is 297
1332 returned
this is ele : 1333
col is 299, row is 298
1333 returned
this is ele : 1334
col is 299, row is 299
1334 returned
this is ele : 1335
col is 299, row is 302
1335 divided
1335 returned
this is ele : 1336
col is 299, row is 331
1336 divided
1336 returned
this is ele : 1337
col is 299, row is 364
1337 divided
1337 returned
this is ele : 1338
col is 300, row is 300
1338 returned
this is ele : 1339
col is 300, row is 301
1339 divided
1339 returned
this is ele : 1340
col is 300, row is 328
1340 divided
1340 returned
this is ele : 1341
col is 300, row is 329
1341 divided
1341 returned
this is ele : 1342
col is 301, row is 300
1342 returned
this is ele : 1343
col is 301, row is 301
1343 returned
this is ele : 1344
col is 301, row is 302
1344 divided
1344 returned
this is ele : 1345
col is 301, row is 328
1345 divided
1345 returned
this is ele : 1346
col is 301, row is 329
1346 divided
1346 returned
this is ele : 1347
col is 302, row is 294
1347 returned
this is ele : 1348
col is 302, row is 295
1348 returned
this is ele : 1349
col is 302, row is 296
1349 returned
this is ele : 1350
col is 302, row is 297
1350 returned
this is ele : 1351
col is 302, row is 298
1351 returned
this is ele : 1352
col is 302, row is 299
1352 returned
this is ele : 1353
col is 302, row is 301
1353 returned
this is ele : 1354
col is 302, row is 302
1354 returned
this is ele : 1355
col is 302, row is 328
1355 divided
1355 returned
this is ele : 1356
col is 302, row is 329
1356 divided
1356 returned
this is ele : 1357
col is 302, row is 331
1357 divided
1357 returned
this is ele : 1358
col is 302, row is 364
1358 divided
1358 returned
this is ele : 1359
col is 303, row is 303
1359 returned
this is ele : 1360
col is 303, row is 307
1360 divided
1360 returned
this is ele : 1361
col is 303, row is 308
1361 divided
1361 returned
this is ele : 1362
col is 303, row is 364
1362 divided
1362 returned
this is ele : 1363
col is 304, row is 304
1363 returned
this is ele : 1364
col is 304, row is 305
1364 divided
1364 returned
this is ele : 1365
col is 304, row is 306
1365 divided
1365 returned
this is ele : 1366
col is 304, row is 364
1366 divided
1366 returned
this is ele : 1367
col is 305, row is 304
1367 returned
this is ele : 1368
col is 305, row is 305
1368 returned
this is ele : 1369
col is 305, row is 306
1369 divided
1369 returned
this is ele : 1370
col is 305, row is 327
1370 divided
1370 returned
this is ele : 1371
col is 305, row is 364
1371 divided
1371 returned
this is ele : 1372
col is 306, row is 304
1372 returned
this is ele : 1373
col is 306, row is 305
1373 returned
this is ele : 1374
col is 306, row is 306
1374 returned
this is ele : 1375
col is 306, row is 327
1375 divided
1375 returned
this is ele : 1376
col is 306, row is 364
1376 divided
1376 returned
this is ele : 1377
col is 307, row is 303
1377 returned
this is ele : 1378
col is 307, row is 307
1378 returned
this is ele : 1379
col is 307, row is 308
1379 divided
1379 returned
this is ele : 1380
col is 307, row is 327
1380 divided
1380 returned
this is ele : 1381
col is 307, row is 364
1381 divided
1381 returned
this is ele : 1382
col is 308, row is 303
1382 returned
this is ele : 1383
col is 308, row is 307
1383 returned
this is ele : 1384
col is 308, row is 308
1384 returned
this is ele : 1385
col is 308, row is 327
1385 divided
1385 returned
this is ele : 1386
col is 308, row is 329
1386 divided
1386 returned
this is ele : 1387
col is 308, row is 364
1387 divided
1387 returned
this is ele : 1388
col is 309, row is 309
1388 returned
this is ele : 1389
col is 309, row is 310
1389 divided
1389 returned
this is ele : 1390
col is 309, row is 315
1390 divided
1390 returned
this is ele : 1391
col is 309, row is 329
1391 divided
1391 returned
this is ele : 1392
col is 310, row is 309
1392 returned
this is ele : 1393
col is 310, row is 310
1393 returned
this is ele : 1394
col is 310, row is 315
1394 divided
1394 returned
this is ele : 1395
col is 310, row is 329
1395 divided
1395 returned
this is ele : 1396
col is 310, row is 331
1396 divided
1396 returned
this is ele : 1397
col is 311, row is 311
1397 returned
this is ele : 1398
col is 311, row is 312
1398 divided
1398 returned
this is ele : 1399
col is 311, row is 315
1399 divided
1399 returned
this is ele : 1400
col is 312, row is 311
1400 returned
this is ele : 1401
col is 312, row is 312
1401 returned
this is ele : 1402
col is 312, row is 313
1402 divided
1402 returned
this is ele : 1403
col is 312, row is 314
1403 divided
1403 returned
this is ele : 1404
col is 312, row is 315
1404 divided
1404 returned
this is ele : 1405
col is 313, row is 312
1405 returned
this is ele : 1406
col is 313, row is 313
1406 returned
this is ele : 1407
col is 313, row is 314
1407 divided
1407 returned
this is ele : 1408
col is 313, row is 315
1408 divided
1408 returned
this is ele : 1409
col is 313, row is 327
1409 divided
1409 returned
this is ele : 1410
col is 314, row is 312
1410 returned
this is ele : 1411
col is 314, row is 313
1411 returned
this is ele : 1412
col is 314, row is 314
1412 returned
this is ele : 1413
col is 314, row is 315
1413 divided
1413 returned
this is ele : 1414
col is 314, row is 327
1414 divided
1414 returned
this is ele : 1415
col is 314, row is 366
1415 divided
1415 returned
this is ele : 1416
col is 315, row is 309
1416 returned
this is ele : 1417
col is 315, row is 310
1417 returned
this is ele : 1418
col is 315, row is 311
1418 returned
this is ele : 1419
col is 315, row is 312
1419 returned
this is ele : 1420
col is 315, row is 313
1420 returned
this is ele : 1421
col is 315, row is 314
1421 returned
this is ele : 1422
col is 315, row is 315
1422 returned
this is ele : 1423
col is 315, row is 327
1423 divided
1423 returned
this is ele : 1424
col is 315, row is 329
1424 divided
1424 returned
this is ele : 1425
col is 315, row is 331
1425 divided
1425 returned
this is ele : 1426
col is 315, row is 366
1426 divided
1426 returned
this is ele : 1427
col is 316, row is 316
1427 returned
this is ele : 1428
col is 316, row is 319
1428 divided
1428 returned
this is ele : 1429
col is 317, row is 317
1429 returned
this is ele : 1430
col is 317, row is 322
1430 divided
1430 returned
this is ele : 1431
col is 318, row is 318
1431 returned
this is ele : 1432
col is 318, row is 322
1432 divided
1432 returned
this is ele : 1433
col is 319, row is 316
1433 returned
this is ele : 1434
col is 319, row is 319
1434 returned
this is ele : 1435
col is 319, row is 322
1435 divided
1435 returned
this is ele : 1436
col is 320, row is 320
1436 returned
this is ele : 1437
col is 320, row is 322
1437 divided
1437 returned
this is ele : 1438
col is 320, row is 366
1438 divided
1438 returned
this is ele : 1439
col is 321, row is 321
1439 returned
this is ele : 1440
col is 321, row is 322
1440 divided
1440 returned
this is ele : 1441
col is 321, row is 366
1441 divided
1441 returned
this is ele : 1442
col is 322, row is 317
1442 returned
this is ele : 1443
col is 322, row is 318
1443 returned
this is ele : 1444
col is 322, row is 319
1444 returned
this is ele : 1445
col is 322, row is 320
1445 returned
this is ele : 1446
col is 322, row is 321
1446 returned
this is ele : 1447
col is 322, row is 322
1447 returned
this is ele : 1448
col is 322, row is 326
1448 divided
1448 returned
this is ele : 1449
col is 322, row is 364
1449 divided
1449 returned
this is ele : 1450
col is 322, row is 366
1450 divided
1450 returned
this is ele : 1451
col is 323, row is 323
1451 returned
this is ele : 1452
col is 323, row is 324
1452 divided
1452 returned
this is ele : 1453
col is 323, row is 328
1453 divided
1453 returned
this is ele : 1454
col is 324, row is 323
1454 returned
this is ele : 1455
col is 324, row is 324
1455 returned
this is ele : 1456
col is 324, row is 325
1456 divided
1456 returned
this is ele : 1457
col is 324, row is 326
1457 divided
1457 returned
this is ele : 1458
col is 324, row is 328
1458 divided
1458 returned
this is ele : 1459
col is 325, row is 324
1459 returned
this is ele : 1460
col is 325, row is 325
1460 returned
this is ele : 1461
col is 325, row is 326
1461 divided
1461 returned
this is ele : 1462
col is 325, row is 327
1462 divided
1462 returned
this is ele : 1463
col is 325, row is 328
1463 divided
1463 returned
this is ele : 1464
col is 326, row is 322
1464 returned
this is ele : 1465
col is 326, row is 324
1465 returned
this is ele : 1466
col is 326, row is 325
1466 returned
this is ele : 1467
col is 326, row is 326
1467 returned
this is ele : 1468
col is 326, row is 327
1468 divided
1468 returned
this is ele : 1469
col is 326, row is 328
1469 divided
1469 returned
this is ele : 1470
col is 326, row is 364
1470 divided
1470 returned
this is ele : 1471
col is 326, row is 366
1471 divided
1471 returned
this is ele : 1472
col is 327, row is 305
1472 returned
this is ele : 1473
col is 327, row is 306
1473 returned
this is ele : 1474
col is 327, row is 307
1474 returned
this is ele : 1475
col is 327, row is 308
1475 returned
this is ele : 1476
col is 327, row is 313
1476 returned
this is ele : 1477
col is 327, row is 314
1477 returned
this is ele : 1478
col is 327, row is 315
1478 returned
this is ele : 1479
col is 327, row is 325
1479 returned
this is ele : 1480
col is 327, row is 326
1480 returned
this is ele : 1481
col is 327, row is 327
1481 returned
this is ele : 1482
col is 327, row is 328
1482 divided
1482 returned
this is ele : 1483
col is 327, row is 329
1483 divided
1483 returned
this is ele : 1484
col is 327, row is 331
1484 divided
1484 returned
this is ele : 1485
col is 327, row is 364
1485 divided
1485 returned
this is ele : 1486
col is 327, row is 366
1486 divided
1486 returned
this is ele : 1487
col is 328, row is 300
1487 returned
this is ele : 1488
col is 328, row is 301
1488 returned
this is ele : 1489
col is 328, row is 302
1489 returned
this is ele : 1490
col is 328, row is 323
1490 returned
this is ele : 1491
col is 328, row is 324
1491 returned
this is ele : 1492
col is 328, row is 325
1492 returned
this is ele : 1493
col is 328, row is 326
1493 returned
this is ele : 1494
col is 328, row is 327
1494 returned
this is ele : 1495
col is 328, row is 328
1495 returned
this is ele : 1496
col is 328, row is 329
1496 divided
1496 returned
this is ele : 1497
col is 328, row is 331
1497 divided
1497 returned
this is ele : 1498
col is 328, row is 364
1498 divided
1498 returned
this is ele : 1499
col is 328, row is 366
1499 divided
1499 returned
this is ele : 1500
col is 329, row is 278
1500 returned
this is ele : 1501
col is 329, row is 279
1501 returned
this is ele : 1502
col is 329, row is 280
1502 returned
this is ele : 1503
col is 329, row is 284
1503 returned
this is ele : 1504
col is 329, row is 286
1504 returned
this is ele : 1505
col is 329, row is 287
1505 returned
this is ele : 1506
col is 329, row is 300
1506 returned
this is ele : 1507
col is 329, row is 301
1507 returned
this is ele : 1508
col is 329, row is 302
1508 returned
this is ele : 1509
col is 329, row is 308
1509 returned
this is ele : 1510
col is 329, row is 309
1510 returned
this is ele : 1511
col is 329, row is 310
1511 returned
this is ele : 1512
col is 329, row is 315
1512 returned
this is ele : 1513
col is 329, row is 327
1513 returned
this is ele : 1514
col is 329, row is 328
1514 returned
this is ele : 1515
col is 329, row is 329
1515 returned
this is ele : 1516
col is 329, row is 330
1516 divided
1516 returned
this is ele : 1517
col is 329, row is 331
1517 divided
1517 returned
this is ele : 1518
col is 329, row is 364
1518 divided
1518 returned
this is ele : 1519
col is 329, row is 366
1519 divided
1519 returned
this is ele : 1520
col is 330, row is 246
1520 returned
this is ele : 1521
col is 330, row is 247
1521 returned
this is ele : 1522
col is 330, row is 264
1522 returned
this is ele : 1523
col is 330, row is 267
1523 returned
this is ele : 1524
col is 330, row is 270
1524 returned
this is ele : 1525
col is 330, row is 271
1525 returned
this is ele : 1526
col is 330, row is 272
1526 returned
this is ele : 1527
col is 330, row is 287
1527 returned
this is ele : 1528
col is 330, row is 329
1528 returned
this is ele : 1529
col is 330, row is 330
1529 returned
this is ele : 1530
col is 330, row is 331
1530 divided
1530 returned
this is ele : 1531
col is 330, row is 363
1531 divided
1531 returned
this is ele : 1532
col is 330, row is 364
1532 divided
1532 returned
this is ele : 1533
col is 330, row is 366
1533 divided
1533 returned
this is ele : 1534
col is 331, row is 256
1534 returned
this is ele : 1535
col is 331, row is 257
1535 returned
this is ele : 1536
col is 331, row is 261
1536 returned
this is ele : 1537
col is 331, row is 262
1537 returned
this is ele : 1538
col is 331, row is 263
1538 returned
this is ele : 1539
col is 331, row is 264
1539 returned
this is ele : 1540
col is 331, row is 290
1540 returned
this is ele : 1541
col is 331, row is 291
1541 returned
this is ele : 1542
col is 331, row is 296
1542 returned
this is ele : 1543
col is 331, row is 298
1543 returned
this is ele : 1544
col is 331, row is 299
1544 returned
this is ele : 1545
col is 331, row is 302
1545 returned
this is ele : 1546
col is 331, row is 310
1546 returned
this is ele : 1547
col is 331, row is 315
1547 returned
this is ele : 1548
col is 331, row is 327
1548 returned
this is ele : 1549
col is 331, row is 328
1549 returned
this is ele : 1550
col is 331, row is 329
1550 returned
this is ele : 1551
col is 331, row is 330
1551 returned
this is ele : 1552
col is 331, row is 331
1552 returned
this is ele : 1553
col is 331, row is 363
1553 divided
1553 returned
this is ele : 1554
col is 331, row is 364
1554 divided
1554 returned
this is ele : 1555
col is 331, row is 366
1555 divided
1555 returned
this is ele : 1556
col is 332, row is 332
1556 returned
this is ele : 1557
col is 332, row is 335
1557 divided
1557 returned
this is ele : 1558
col is 332, row is 339
1558 divided
1558 returned
this is ele : 1559
col is 333, row is 333
1559 returned
this is ele : 1560
col is 333, row is 339
1560 divided
1560 returned
this is ele : 1561
col is 333, row is 361
1561 divided
1561 returned
this is ele : 1562
col is 334, row is 334
1562 returned
this is ele : 1563
col is 334, row is 339
1563 divided
1563 returned
this is ele : 1564
col is 334, row is 361
1564 divided
1564 returned
this is ele : 1565
col is 335, row is 332
1565 returned
this is ele : 1566
col is 335, row is 335
1566 returned
this is ele : 1567
col is 335, row is 339
1567 divided
1567 returned
this is ele : 1568
col is 335, row is 361
1568 divided
1568 returned
this is ele : 1569
col is 336, row is 336
1569 returned
this is ele : 1570
col is 336, row is 337
1570 divided
1570 returned
this is ele : 1571
col is 336, row is 338
1571 divided
1571 returned
this is ele : 1572
col is 337, row is 336
1572 returned
this is ele : 1573
col is 337, row is 337
1573 returned
this is ele : 1574
col is 337, row is 338
1574 divided
1574 returned
this is ele : 1575
col is 337, row is 362
1575 divided
1575 returned
this is ele : 1576
col is 338, row is 336
1576 returned
this is ele : 1577
col is 338, row is 337
1577 returned
this is ele : 1578
col is 338, row is 338
1578 returned
this is ele : 1579
col is 338, row is 339
1579 divided
1579 returned
this is ele : 1580
col is 338, row is 362
1580 divided
1580 returned
this is ele : 1581
col is 339, row is 332
1581 returned
this is ele : 1582
col is 339, row is 333
1582 returned
this is ele : 1583
col is 339, row is 334
1583 returned
this is ele : 1584
col is 339, row is 335
1584 returned
this is ele : 1585
col is 339, row is 338
1585 returned
this is ele : 1586
col is 339, row is 339
1586 returned
this is ele : 1587
col is 339, row is 361
1587 divided
1587 returned
this is ele : 1588
col is 339, row is 362
1588 divided
1588 returned
this is ele : 1589
col is 339, row is 363
1589 divided
1589 returned
this is ele : 1590
col is 340, row is 340
1590 returned
this is ele : 1591
col is 340, row is 360
1591 divided
1591 returned
this is ele : 1592
col is 340, row is 409
1592 divided
1592 returned
this is ele : 1593
col is 341, row is 341
1593 returned
this is ele : 1594
col is 341, row is 344
1594 divided
1594 returned
this is ele : 1595
col is 342, row is 342
1595 returned
this is ele : 1596
col is 342, row is 345
1596 divided
1596 returned
this is ele : 1597
col is 343, row is 343
1597 returned
this is ele : 1598
col is 343, row is 345
1598 divided
1598 returned
this is ele : 1599
col is 344, row is 341
1599 returned
this is ele : 1600
col is 344, row is 344
1600 returned
this is ele : 1601
col is 344, row is 345
1601 divided
1601 returned
this is ele : 1602
col is 345, row is 342
1602 returned
this is ele : 1603
col is 345, row is 343
1603 returned
this is ele : 1604
col is 345, row is 344
1604 returned
this is ele : 1605
col is 345, row is 345
1605 returned
this is ele : 1606
col is 345, row is 349
1606 divided
1606 returned
this is ele : 1607
col is 345, row is 365
1607 divided
1607 returned
this is ele : 1608
col is 346, row is 346
1608 returned
this is ele : 1609
col is 346, row is 347
1609 divided
1609 returned
this is ele : 1610
col is 346, row is 349
1610 divided
1610 returned
this is ele : 1611
col is 347, row is 346
1611 returned
this is ele : 1612
col is 347, row is 347
1612 returned
this is ele : 1613
col is 347, row is 348
1613 divided
1613 returned
this is ele : 1614
col is 347, row is 349
1614 divided
1614 returned
this is ele : 1615
col is 348, row is 347
1615 returned
this is ele : 1616
col is 348, row is 348
1616 returned
this is ele : 1617
col is 348, row is 349
1617 divided
1617 returned
this is ele : 1618
col is 348, row is 358
1618 divided
1618 returned
this is ele : 1619
col is 349, row is 345
1619 returned
this is ele : 1620
col is 349, row is 346
1620 returned
this is ele : 1621
col is 349, row is 347
1621 returned
this is ele : 1622
col is 349, row is 348
1622 returned
this is ele : 1623
col is 349, row is 349
1623 returned
this is ele : 1624
col is 349, row is 358
1624 divided
1624 returned
this is ele : 1625
col is 349, row is 365
1625 divided
1625 returned
this is ele : 1626
col is 350, row is 350
1626 returned
this is ele : 1627
col is 350, row is 358
1627 divided
1627 returned
this is ele : 1628
col is 350, row is 359
1628 divided
1628 returned
this is ele : 1629
col is 351, row is 351
1629 returned
this is ele : 1630
col is 351, row is 352
1630 divided
1630 returned
this is ele : 1631
col is 351, row is 353
1631 divided
1631 returned
this is ele : 1632
col is 351, row is 358
1632 divided
1632 returned
this is ele : 1633
col is 352, row is 351
1633 returned
this is ele : 1634
col is 352, row is 352
1634 returned
this is ele : 1635
col is 352, row is 353
1635 divided
1635 returned
this is ele : 1636
col is 352, row is 358
1636 divided
1636 returned
this is ele : 1637
col is 352, row is 361
1637 divided
1637 returned
this is ele : 1638
col is 353, row is 351
1638 returned
this is ele : 1639
col is 353, row is 352
1639 returned
this is ele : 1640
col is 353, row is 353
1640 returned
this is ele : 1641
col is 353, row is 357
1641 divided
1641 returned
this is ele : 1642
col is 353, row is 358
1642 divided
1642 returned
this is ele : 1643
col is 353, row is 361
1643 divided
1643 returned
this is ele : 1644
col is 354, row is 354
1644 returned
this is ele : 1645
col is 354, row is 355
1645 divided
1645 returned
this is ele : 1646
col is 354, row is 356
1646 divided
1646 returned
this is ele : 1647
col is 354, row is 357
1647 divided
1647 returned
this is ele : 1648
col is 355, row is 354
1648 returned
this is ele : 1649
col is 355, row is 355
1649 returned
this is ele : 1650
col is 355, row is 356
1650 divided
1650 returned
this is ele : 1651
col is 355, row is 357
1651 divided
1651 returned
this is ele : 1652
col is 355, row is 361
1652 divided
1652 returned
this is ele : 1653
col is 356, row is 354
1653 returned
this is ele : 1654
col is 356, row is 355
1654 returned
this is ele : 1655
col is 356, row is 356
1655 returned
this is ele : 1656
col is 356, row is 357
1656 divided
1656 returned
this is ele : 1657
col is 356, row is 359
1657 divided
1657 returned
this is ele : 1658
col is 356, row is 361
1658 divided
1658 returned
this is ele : 1659
col is 357, row is 353
1659 returned
this is ele : 1660
col is 357, row is 354
1660 returned
this is ele : 1661
col is 357, row is 355
1661 returned
this is ele : 1662
col is 357, row is 356
1662 returned
this is ele : 1663
col is 357, row is 357
1663 returned
this is ele : 1664
col is 357, row is 358
1664 divided
1664 returned
this is ele : 1665
col is 357, row is 359
1665 divided
1665 returned
this is ele : 1666
col is 357, row is 361
1666 divided
1666 returned
this is ele : 1667
col is 358, row is 348
1667 returned
this is ele : 1668
col is 358, row is 349
1668 returned
this is ele : 1669
col is 358, row is 350
1669 returned
this is ele : 1670
col is 358, row is 351
1670 returned
this is ele : 1671
col is 358, row is 352
1671 returned
this is ele : 1672
col is 358, row is 353
1672 returned
this is ele : 1673
col is 358, row is 357
1673 returned
this is ele : 1674
col is 358, row is 358
1674 returned
this is ele : 1675
col is 358, row is 359
1675 divided
1675 returned
this is ele : 1676
col is 358, row is 361
1676 divided
1676 returned
this is ele : 1677
col is 358, row is 365
1677 divided
1677 returned
this is ele : 1678
col is 359, row is 340
1678 returned
this is ele : 1679
col is 359, row is 359
1679 returned
this is ele : 1680
col is 359, row is 360
1680 divided
1680 returned
this is ele : 1681
col is 359, row is 409
1681 divided
1681 returned
this is ele : 1682
col is 360, row is 350
1682 returned
this is ele : 1683
col is 360, row is 356
1683 returned
this is ele : 1684
col is 360, row is 357
1684 returned
this is ele : 1685
col is 360, row is 358
1685 returned
this is ele : 1686
col is 360, row is 359
1686 returned
this is ele : 1687
col is 360, row is 360
1687 returned
this is ele : 1688
col is 360, row is 361
1688 divided
1688 returned
this is ele : 1689
col is 360, row is 362
1689 divided
1689 returned
this is ele : 1690
col is 360, row is 365
1690 divided
1690 returned
this is ele : 1691
col is 360, row is 409
1691 divided
1691 returned
this is ele : 1692
col is 361, row is 333
1692 returned
this is ele : 1693
col is 361, row is 334
1693 returned
this is ele : 1694
col is 361, row is 335
1694 returned
this is ele : 1695
col is 361, row is 339
1695 returned
this is ele : 1696
col is 361, row is 352
1696 returned
this is ele : 1697
col is 361, row is 353
1697 returned
this is ele : 1698
col is 361, row is 355
1698 returned
this is ele : 1699
col is 361, row is 356
1699 returned
this is ele : 1700
col is 361, row is 357
1700 returned
this is ele : 1701
col is 361, row is 358
1701 returned
this is ele : 1702
col is 361, row is 359
1702 returned
this is ele : 1703
col is 361, row is 360
1703 returned
this is ele : 1704
col is 361, row is 361
1704 returned
this is ele : 1705
col is 361, row is 362
1705 divided
1705 returned
this is ele : 1706
col is 361, row is 363
1706 divided
1706 returned
this is ele : 1707
col is 361, row is 365
1707 divided
1707 returned
this is ele : 1708
col is 361, row is 409
1708 divided
1708 returned
this is ele : 1709
col is 362, row is 337
1709 returned
this is ele : 1710
col is 362, row is 338
1710 returned
this is ele : 1711
col is 362, row is 339
1711 returned
this is ele : 1712
col is 362, row is 359
1712 returned
this is ele : 1713
col is 362, row is 360
1713 returned
this is ele : 1714
col is 362, row is 361
1714 returned
this is ele : 1715
col is 362, row is 362
1715 returned
this is ele : 1716
col is 362, row is 363
1716 divided
1716 returned
this is ele : 1717
col is 362, row is 364
1717 divided
1717 returned
this is ele : 1718
col is 362, row is 365
1718 divided
1718 returned
this is ele : 1719
col is 362, row is 409
1719 divided
1719 returned
this is ele : 1720
col is 363, row is 252
1720 returned
this is ele : 1721
col is 363, row is 264
1721 returned
this is ele : 1722
col is 363, row is 265
1722 returned
this is ele : 1723
col is 363, row is 266
1723 returned
this is ele : 1724
col is 363, row is 267
1724 returned
this is ele : 1725
col is 363, row is 272
1725 returned
this is ele : 1726
col is 363, row is 330
1726 returned
this is ele : 1727
col is 363, row is 331
1727 returned
this is ele : 1728
col is 363, row is 339
1728 returned
this is ele : 1729
col is 363, row is 361
1729 returned
this is ele : 1730
col is 363, row is 362
1730 returned
this is ele : 1731
col is 363, row is 363
1731 returned
this is ele : 1732
col is 363, row is 364
1732 divided
1732 returned
this is ele : 1733
col is 363, row is 365
1733 divided
1733 returned
this is ele : 1734
col is 363, row is 366
1734 divided
1734 returned
this is ele : 1735
col is 363, row is 409
1735 divided
1735 returned
this is ele : 1736
col is 364, row is 233
1736 returned
this is ele : 1737
col is 364, row is 234
1737 returned
this is ele : 1738
col is 364, row is 235
1738 returned
this is ele : 1739
col is 364, row is 236
1739 returned
this is ele : 1740
col is 364, row is 243
1740 returned
this is ele : 1741
col is 364, row is 268
1741 returned
this is ele : 1742
col is 364, row is 269
1742 returned
this is ele : 1743
col is 364, row is 270
1743 returned
this is ele : 1744
col is 364, row is 271
1744 returned
this is ele : 1745
col is 364, row is 272
1745 returned
this is ele : 1746
col is 364, row is 281
1746 returned
this is ele : 1747
col is 364, row is 282
1747 returned
this is ele : 1748
col is 364, row is 283
1748 returned
this is ele : 1749
col is 364, row is 284
1749 returned
this is ele : 1750
col is 364, row is 285
1750 returned
this is ele : 1751
col is 364, row is 286
1751 returned
this is ele : 1752
col is 364, row is 287
1752 returned
this is ele : 1753
col is 364, row is 299
1753 returned
this is ele : 1754
col is 364, row is 302
1754 returned
this is ele : 1755
col is 364, row is 303
1755 returned
this is ele : 1756
col is 364, row is 304
1756 returned
this is ele : 1757
col is 364, row is 305
1757 returned
this is ele : 1758
col is 364, row is 306
1758 returned
this is ele : 1759
col is 364, row is 307
1759 returned
this is ele : 1760
col is 364, row is 308
1760 returned
this is ele : 1761
col is 364, row is 322
1761 returned
this is ele : 1762
col is 364, row is 326
1762 returned
this is ele : 1763
col is 364, row is 327
1763 returned
this is ele : 1764
col is 364, row is 328
1764 returned
this is ele : 1765
col is 364, row is 329
1765 returned
this is ele : 1766
col is 364, row is 330
1766 returned
this is ele : 1767
col is 364, row is 331
1767 returned
this is ele : 1768
col is 364, row is 362
1768 returned
this is ele : 1769
col is 364, row is 363
1769 returned
this is ele : 1770
col is 364, row is 364
1770 returned
this is ele : 1771
col is 364, row is 365
1771 divided
1771 returned
this is ele : 1772
col is 364, row is 366
1772 divided
1772 returned
this is ele : 1773
col is 364, row is 367
1773 divided
1773 returned
this is ele : 1774
col is 364, row is 409
1774 divided
1774 returned
this is ele : 1775
col is 365, row is 237
1775 returned
this is ele : 1776
col is 365, row is 238
1776 returned
this is ele : 1777
col is 365, row is 239
1777 returned
this is ele : 1778
col is 365, row is 242
1778 returned
this is ele : 1779
col is 365, row is 243
1779 returned
this is ele : 1780
col is 365, row is 345
1780 returned
this is ele : 1781
col is 365, row is 349
1781 returned
this is ele : 1782
col is 365, row is 358
1782 returned
this is ele : 1783
col is 365, row is 359
1783 returned
this is ele : 1784
col is 365, row is 360
1784 returned
this is ele : 1785
col is 365, row is 361
1785 returned
this is ele : 1786
col is 365, row is 362
1786 returned
this is ele : 1787
col is 365, row is 363
1787 returned
this is ele : 1788
col is 365, row is 364
1788 returned
this is ele : 1789
col is 365, row is 365
1789 returned
this is ele : 1790
col is 365, row is 366
1790 divided
1790 returned
this is ele : 1791
col is 365, row is 367
1791 divided
1791 returned
this is ele : 1792
col is 365, row is 369
1792 divided
1792 returned
this is ele : 1793
col is 365, row is 409
1793 divided
1793 returned
this is ele : 1794
col is 366, row is 219
1794 returned
this is ele : 1795
col is 366, row is 220
1795 returned
this is ele : 1796
col is 366, row is 221
1796 returned
this is ele : 1797
col is 366, row is 222
1797 returned
this is ele : 1798
col is 366, row is 223
1798 returned
this is ele : 1799
col is 366, row is 227
1799 returned
this is ele : 1800
col is 366, row is 228
1800 returned
this is ele : 1801
col is 366, row is 314
1801 returned
this is ele : 1802
col is 366, row is 315
1802 returned
this is ele : 1803
col is 366, row is 320
1803 returned
this is ele : 1804
col is 366, row is 321
1804 returned
this is ele : 1805
col is 366, row is 322
1805 returned
this is ele : 1806
col is 366, row is 326
1806 returned
this is ele : 1807
col is 366, row is 327
1807 returned
this is ele : 1808
col is 366, row is 328
1808 returned
this is ele : 1809
col is 366, row is 329
1809 returned
this is ele : 1810
col is 366, row is 330
1810 returned
this is ele : 1811
col is 366, row is 331
1811 returned
this is ele : 1812
col is 366, row is 363
1812 returned
this is ele : 1813
col is 366, row is 364
1813 returned
this is ele : 1814
col is 366, row is 365
1814 returned
this is ele : 1815
col is 366, row is 366
1815 returned
this is ele : 1816
col is 366, row is 367
1816 divided
1816 returned
this is ele : 1817
col is 366, row is 369
1817 divided
1817 returned
this is ele : 1818
col is 366, row is 409
1818 divided
1818 returned
this is ele : 1819
col is 367, row is 367
1819 returned
this is ele : 1820
col is 368, row is 201
1820 returned
this is ele : 1821
col is 368, row is 214
1821 returned
this is ele : 1822
col is 368, row is 225
1822 returned
this is ele : 1823
col is 368, row is 365
1823 returned
this is ele : 1824
col is 368, row is 366
1824 returned
this is ele : 1825
col is 368, row is 367
1825 returned
this is ele : 1826
col is 368, row is 368
1826 returned
this is ele : 1827
col is 368, row is 369
1827 divided
1827 returned
this is ele : 1828
col is 368, row is 385
1828 divided
1828 returned
this is ele : 1829
col is 368, row is 409
1829 divided
1829 returned
this is ele : 1830
col is 369, row is 216
1830 returned
this is ele : 1831
col is 369, row is 228
1831 returned
this is ele : 1832
col is 369, row is 367
1832 returned
this is ele : 1833
col is 369, row is 369
1833 returned
this is ele : 1834
col is 370, row is 370
1834 returned
this is ele : 1835
col is 371, row is 371
1835 returned
this is ele : 1836
col is 371, row is 383
1836 divided
1836 returned
this is ele : 1837
col is 372, row is 372
1837 returned
this is ele : 1838
col is 372, row is 374
1838 divided
1838 returned
this is ele : 1839
col is 373, row is 373
1839 returned
this is ele : 1840
col is 373, row is 375
1840 divided
1840 returned
this is ele : 1841
col is 374, row is 372
1841 returned
this is ele : 1842
col is 374, row is 374
1842 returned
this is ele : 1843
col is 374, row is 375
1843 divided
1843 returned
this is ele : 1844
col is 374, row is 388
1844 divided
1844 returned
this is ele : 1845
col is 375, row is 373
1845 returned
this is ele : 1846
col is 375, row is 374
1846 returned
this is ele : 1847
col is 375, row is 375
1847 returned
this is ele : 1848
col is 375, row is 376
1848 divided
1848 returned
this is ele : 1849
col is 375, row is 388
1849 divided
1849 returned
this is ele : 1850
col is 376, row is 375
1850 returned
this is ele : 1851
col is 376, row is 376
1851 returned
this is ele : 1852
col is 376, row is 377
1852 divided
1852 returned
this is ele : 1853
col is 376, row is 388
1853 divided
1853 returned
this is ele : 1854
col is 377, row is 376
1854 returned
this is ele : 1855
col is 377, row is 377
1855 returned
this is ele : 1856
col is 377, row is 378
1856 divided
1856 returned
this is ele : 1857
col is 377, row is 388
1857 divided
1857 returned
this is ele : 1858
col is 378, row is 378
1858 returned
this is ele : 1859
col is 378, row is 382
1859 divided
1859 returned
this is ele : 1860
col is 378, row is 383
1860 divided
1860 returned
this is ele : 1861
col is 379, row is 379
1861 returned
this is ele : 1862
col is 379, row is 381
1862 divided
1862 returned
this is ele : 1863
col is 380, row is 380
1863 returned
this is ele : 1864
col is 380, row is 384
1864 divided
1864 returned
this is ele : 1865
col is 381, row is 379
1865 returned
this is ele : 1866
col is 381, row is 380
1866 returned
this is ele : 1867
col is 381, row is 381
1867 returned
this is ele : 1868
col is 381, row is 382
1868 divided
1868 returned
this is ele : 1869
col is 381, row is 383
1869 divided
1869 returned
this is ele : 1870
col is 381, row is 384
1870 divided
1870 returned
this is ele : 1871
col is 382, row is 377
1871 returned
this is ele : 1872
col is 382, row is 378
1872 returned
this is ele : 1873
col is 382, row is 382
1873 returned
this is ele : 1874
col is 382, row is 383
1874 divided
1874 returned
this is ele : 1875
col is 382, row is 388
1875 divided
1875 returned
this is ele : 1876
col is 383, row is 370
1876 returned
this is ele : 1877
col is 383, row is 383
1877 returned
this is ele : 1878
col is 383, row is 386
1878 divided
1878 returned
this is ele : 1879
col is 384, row is 212
1879 returned
this is ele : 1880
col is 384, row is 213
1880 returned
this is ele : 1881
col is 384, row is 214
1881 returned
this is ele : 1882
col is 384, row is 369
1882 returned
this is ele : 1883
col is 384, row is 380
1883 returned
this is ele : 1884
col is 384, row is 384
1884 returned
this is ele : 1885
col is 384, row is 385
1885 divided
1885 returned
this is ele : 1886
col is 384, row is 387
1886 divided
1886 returned
this is ele : 1887
col is 385, row is 371
1887 returned
this is ele : 1888
col is 385, row is 383
1888 returned
this is ele : 1889
col is 385, row is 385
1889 returned
this is ele : 1890
col is 385, row is 386
1890 divided
1890 returned
this is ele : 1891
col is 386, row is 386
1891 returned
this is ele : 1892
col is 387, row is 168
1892 returned
this is ele : 1893
col is 387, row is 172
1893 returned
this is ele : 1894
col is 387, row is 181
1894 returned
this is ele : 1895
col is 387, row is 182
1895 returned
this is ele : 1896
col is 387, row is 183
1896 returned
this is ele : 1897
col is 387, row is 184
1897 returned
this is ele : 1898
col is 387, row is 185
1898 returned
this is ele : 1899
col is 387, row is 194
1899 returned
this is ele : 1900
col is 387, row is 195
1900 returned
this is ele : 1901
col is 387, row is 196
1901 returned
this is ele : 1902
col is 387, row is 199
1902 returned
this is ele : 1903
col is 387, row is 200
1903 returned
this is ele : 1904
col is 387, row is 385
1904 returned
this is ele : 1905
col is 387, row is 386
1905 returned
this is ele : 1906
col is 387, row is 387
1906 returned
this is ele : 1907
col is 387, row is 389
1907 divided
1907 returned
this is ele : 1908
col is 387, row is 390
1908 divided
1908 returned
this is ele : 1909
col is 387, row is 391
1909 divided
1909 returned
this is ele : 1910
col is 388, row is 137
1910 returned
this is ele : 1911
col is 388, row is 138
1911 returned
this is ele : 1912
col is 388, row is 143
1912 returned
this is ele : 1913
col is 388, row is 144
1913 returned
this is ele : 1914
col is 388, row is 145
1914 returned
this is ele : 1915
col is 388, row is 149
1915 returned
this is ele : 1916
col is 388, row is 150
1916 returned
this is ele : 1917
col is 388, row is 151
1917 returned
this is ele : 1918
col is 388, row is 152
1918 returned
this is ele : 1919
col is 388, row is 153
1919 returned
this is ele : 1920
col is 388, row is 154
1920 returned
this is ele : 1921
col is 388, row is 374
1921 returned
this is ele : 1922
col is 388, row is 375
1922 returned
this is ele : 1923
col is 388, row is 376
1923 returned
this is ele : 1924
col is 388, row is 377
1924 returned
this is ele : 1925
col is 388, row is 378
1925 returned
this is ele : 1926
col is 388, row is 382
1926 returned
this is ele : 1927
col is 388, row is 383
1927 returned
this is ele : 1928
col is 388, row is 386
1928 returned
this is ele : 1929
col is 388, row is 388
1929 returned
this is ele : 1930
col is 388, row is 389
1930 divided
1930 returned
this is ele : 1931
col is 388, row is 390
1931 divided
1931 returned
this is ele : 1932
col is 389, row is 91
1932 returned
this is ele : 1933
col is 389, row is 92
1933 returned
this is ele : 1934
col is 389, row is 93
1934 returned
this is ele : 1935
col is 389, row is 94
1935 returned
this is ele : 1936
col is 389, row is 95
1936 returned
this is ele : 1937
col is 389, row is 104
1937 returned
this is ele : 1938
col is 389, row is 105
1938 returned
this is ele : 1939
col is 389, row is 106
1939 returned
this is ele : 1940
col is 389, row is 107
1940 returned
this is ele : 1941
col is 389, row is 108
1941 returned
this is ele : 1942
col is 389, row is 109
1942 returned
this is ele : 1943
col is 389, row is 110
1943 returned
this is ele : 1944
col is 389, row is 122
1944 returned
this is ele : 1945
col is 389, row is 125
1945 returned
this is ele : 1946
col is 389, row is 126
1946 returned
this is ele : 1947
col is 389, row is 127
1947 returned
this is ele : 1948
col is 389, row is 128
1948 returned
this is ele : 1949
col is 389, row is 129
1949 returned
this is ele : 1950
col is 389, row is 130
1950 returned
this is ele : 1951
col is 389, row is 131
1951 returned
this is ele : 1952
col is 389, row is 145
1952 returned
this is ele : 1953
col is 389, row is 149
1953 returned
this is ele : 1954
col is 389, row is 150
1954 returned
this is ele : 1955
col is 389, row is 151
1955 returned
this is ele : 1956
col is 389, row is 152
1956 returned
this is ele : 1957
col is 389, row is 153
1957 returned
this is ele : 1958
col is 389, row is 154
1958 returned
this is ele : 1959
col is 389, row is 185
1959 returned
this is ele : 1960
col is 389, row is 190
1960 returned
this is ele : 1961
col is 389, row is 191
1961 returned
this is ele : 1962
col is 389, row is 192
1962 returned
this is ele : 1963
col is 389, row is 193
1963 returned
this is ele : 1964
col is 389, row is 200
1964 returned
this is ele : 1965
col is 389, row is 386
1965 returned
this is ele : 1966
col is 389, row is 387
1966 returned
this is ele : 1967
col is 389, row is 388
1967 returned
this is ele : 1968
col is 389, row is 389
1968 returned
this is ele : 1969
col is 389, row is 390
1969 divided
1969 returned
this is ele : 1970
col is 389, row is 391
1970 divided
1970 returned
this is ele : 1971
col is 390, row is 75
1971 returned
this is ele : 1972
col is 390, row is 87
1972 returned
this is ele : 1973
col is 390, row is 88
1973 returned
this is ele : 1974
col is 390, row is 89
1974 returned
this is ele : 1975
col is 390, row is 90
1975 returned
this is ele : 1976
col is 390, row is 95
1976 returned
this is ele : 1977
col is 390, row is 153
1977 returned
this is ele : 1978
col is 390, row is 154
1978 returned
this is ele : 1979
col is 390, row is 162
1979 returned
this is ele : 1980
col is 390, row is 184
1980 returned
this is ele : 1981
col is 390, row is 185
1981 returned
this is ele : 1982
col is 390, row is 387
1982 returned
this is ele : 1983
col is 390, row is 388
1983 returned
this is ele : 1984
col is 390, row is 389
1984 returned
this is ele : 1985
col is 390, row is 390
1985 returned
this is ele : 1986
col is 390, row is 391
1986 divided
1986 returned
this is ele : 1987
col is 391, row is 60
1987 returned
this is ele : 1988
col is 391, row is 63
1988 returned
this is ele : 1989
col is 391, row is 64
1989 returned
this is ele : 1990
col is 391, row is 66
1990 returned
this is ele : 1991
col is 391, row is 163
1991 returned
this is ele : 1992
col is 391, row is 183
1992 returned
this is ele : 1993
col is 391, row is 184
1993 returned
this is ele : 1994
col is 391, row is 185
1994 returned
this is ele : 1995
col is 391, row is 387
1995 returned
this is ele : 1996
col is 391, row is 389
1996 returned
this is ele : 1997
col is 391, row is 390
1997 returned
this is ele : 1998
col is 391, row is 391
1998 returned
this is ele : 1999
col is 391, row is 403
1999 divided
1999 returned
this is ele : 2000
col is 391, row is 404
2000 divided
2000 returned
this is ele : 2001
col is 392, row is 392
2001 returned
this is ele : 2002
col is 392, row is 393
2002 divided
2002 returned
this is ele : 2003
col is 393, row is 392
2003 returned
this is ele : 2004
col is 393, row is 393
2004 returned
this is ele : 2005
col is 393, row is 401
2005 divided
2005 returned
this is ele : 2006
col is 393, row is 407
2006 divided
2006 returned
this is ele : 2007
col is 394, row is 394
2007 returned
this is ele : 2008
col is 394, row is 403
2008 divided
2008 returned
this is ele : 2009
col is 394, row is 408
2009 divided
2009 returned
this is ele : 2010
col is 395, row is 395
2010 returned
this is ele : 2011
col is 395, row is 401
2011 divided
2011 returned
this is ele : 2012
col is 395, row is 408
2012 divided
2012 returned
this is ele : 2013
col is 396, row is 396
2013 returned
this is ele : 2014
col is 396, row is 399
2014 divided
2014 returned
this is ele : 2015
col is 397, row is 397
2015 returned
this is ele : 2016
col is 397, row is 400
2016 divided
2016 returned
this is ele : 2017
col is 398, row is 397
2017 returned
this is ele : 2018
col is 398, row is 398
2018 returned
this is ele : 2019
col is 398, row is 400
2019 divided
2019 returned
this is ele : 2020
col is 398, row is 401
2020 divided
2020 returned
this is ele : 2021
col is 399, row is 398
2021 returned
this is ele : 2022
col is 399, row is 399
2022 returned
this is ele : 2023
col is 399, row is 400
2023 divided
2023 returned
this is ele : 2024
col is 399, row is 401
2024 divided
2024 returned
this is ele : 2025
col is 399, row is 402
2025 divided
2025 returned
this is ele : 2026
col is 400, row is 394
2026 returned
this is ele : 2027
col is 400, row is 400
2027 returned
this is ele : 2028
col is 400, row is 403
2028 divided
2028 returned
this is ele : 2029
col is 400, row is 408
2029 divided
2029 returned
this is ele : 2030
col is 401, row is 393
2030 returned
this is ele : 2031
col is 401, row is 395
2031 returned
this is ele : 2032
col is 401, row is 397
2032 returned
this is ele : 2033
col is 401, row is 400
2033 returned
this is ele : 2034
col is 401, row is 401
2034 returned
this is ele : 2035
col is 401, row is 403
2035 divided
2035 returned
this is ele : 2036
col is 401, row is 407
2036 divided
2036 returned
this is ele : 2037
col is 401, row is 408
2037 divided
2037 returned
this is ele : 2038
col is 402, row is 66
2038 returned
this is ele : 2039
col is 402, row is 400
2039 returned
this is ele : 2040
col is 402, row is 402
2040 returned
this is ele : 2041
col is 402, row is 403
2041 divided
2041 returned
this is ele : 2042
col is 402, row is 404
2042 divided
2042 returned
this is ele : 2043
col is 402, row is 408
2043 divided
2043 returned
this is ele : 2044
col is 403, row is 403
2044 returned
this is ele : 2045
col is 404, row is 34
2045 returned
this is ele : 2046
col is 404, row is 36
2046 returned
this is ele : 2047
col is 404, row is 39
2047 returned
this is ele : 2048
col is 404, row is 40
2048 returned
this is ele : 2049
col is 404, row is 48
2049 returned
this is ele : 2050
col is 404, row is 60
2050 returned
this is ele : 2051
col is 404, row is 61
2051 returned
this is ele : 2052
col is 404, row is 62
2052 returned
this is ele : 2053
col is 404, row is 65
2053 returned
this is ele : 2054
col is 404, row is 66
2054 returned
this is ele : 2055
col is 404, row is 391
2055 returned
this is ele : 2056
col is 404, row is 402
2056 returned
this is ele : 2057
col is 404, row is 403
2057 returned
this is ele : 2058
col is 404, row is 404
2058 returned
this is ele : 2059
col is 404, row is 405
2059 divided
2059 returned
this is ele : 2060
col is 404, row is 408
2060 divided
2060 returned
this is ele : 2061
col is 405, row is 34
2061 returned
this is ele : 2062
col is 405, row is 37
2062 returned
this is ele : 2063
col is 405, row is 38
2063 returned
this is ele : 2064
col is 405, row is 40
2064 returned
this is ele : 2065
col is 405, row is 55
2065 returned
this is ele : 2066
col is 405, row is 56
2066 returned
this is ele : 2067
col is 405, row is 57
2067 returned
this is ele : 2068
col is 405, row is 58
2068 returned
this is ele : 2069
col is 405, row is 403
2069 returned
this is ele : 2070
col is 405, row is 404
2070 returned
this is ele : 2071
col is 405, row is 405
2071 returned
this is ele : 2072
col is 405, row is 406
2072 divided
2072 returned
this is ele : 2073
col is 405, row is 407
2073 divided
2073 returned
this is ele : 2074
col is 405, row is 408
2074 divided
2074 returned
this is ele : 2075
col is 406, row is 41
2075 returned
this is ele : 2076
col is 406, row is 44
2076 returned
this is ele : 2077
col is 406, row is 47
2077 returned
this is ele : 2078
col is 406, row is 54
2078 returned
this is ele : 2079
col is 406, row is 57
2079 returned
this is ele : 2080
col is 406, row is 58
2080 returned
this is ele : 2081
col is 406, row is 403
2081 returned
this is ele : 2082
col is 406, row is 405
2082 returned
this is ele : 2083
col is 406, row is 406
2083 returned
this is ele : 2084
col is 406, row is 407
2084 divided
2084 returned
this is ele : 2085
col is 406, row is 408
2085 divided
2085 returned
this is ele : 2086
col is 407, row is 52
2086 returned
this is ele : 2087
col is 407, row is 53
2087 returned
this is ele : 2088
col is 407, row is 58
2088 returned
this is ele : 2089
col is 407, row is 393
2089 returned
this is ele : 2090
col is 407, row is 401
2090 returned
this is ele : 2091
col is 407, row is 403
2091 returned
this is ele : 2092
col is 407, row is 405
2092 returned
this is ele : 2093
col is 407, row is 406
2093 returned
this is ele : 2094
col is 407, row is 407
2094 returned
this is ele : 2095
col is 407, row is 408
2095 divided
2095 returned
this is ele : 2096
col is 408, row is 41
2096 returned
this is ele : 2097
col is 408, row is 43
2097 returned
this is ele : 2098
col is 408, row is 46
2098 returned
this is ele : 2099
col is 408, row is 47
2099 returned
this is ele : 2100
col is 408, row is 48
2100 returned
this is ele : 2101
col is 408, row is 395
2101 returned
this is ele : 2102
col is 408, row is 396
2102 returned
this is ele : 2103
col is 408, row is 399
2103 returned
this is ele : 2104
col is 408, row is 400
2104 returned
this is ele : 2105
col is 408, row is 401
2105 returned
this is ele : 2106
col is 408, row is 402
2106 returned
this is ele : 2107
col is 408, row is 403
2107 returned
this is ele : 2108
col is 408, row is 404
2108 returned
this is ele : 2109
col is 408, row is 405
2109 returned
this is ele : 2110
col is 408, row is 406
2110 returned
this is ele : 2111
col is 408, row is 407
2111 returned
this is ele : 2112
col is 408, row is 408
2112 returned
this is ele : 2113
col is 409, row is 27
2113 returned
this is ele : 2114
col is 409, row is 30
2114 returned
this is ele : 2115
col is 409, row is 31
2115 returned
this is ele : 2116
col is 409, row is 33
2116 returned
this is ele : 2117
col is 409, row is 340
2117 returned
this is ele : 2118
col is 409, row is 360
2118 returned
this is ele : 2119
col is 409, row is 361
2119 returned
this is ele : 2120
col is 409, row is 362
2120 returned
this is ele : 2121
col is 409, row is 363
2121 returned
this is ele : 2122
col is 409, row is 364
2122 returned
this is ele : 2123
col is 409, row is 365
2123 returned
this is ele : 2124
col is 409, row is 366
2124 returned
this is ele : 2125
col is 409, row is 367
2125 returned
this is ele : 2126
col is 409, row is 369
2126 returned
this is ele : 2127
col is 409, row is 409
2127 returned
this is ele : 2128
col is 409, row is 423
2128 divided
2128 returned
this is ele : 2129
col is 409, row is 424
2129 divided
2129 returned
this is ele : 2130
col is 410, row is 410
2130 returned
this is ele : 2131
col is 410, row is 411
2131 divided
2131 returned
this is ele : 2132
col is 411, row is 410
2132 returned
this is ele : 2133
col is 411, row is 411
2133 returned
this is ele : 2134
col is 411, row is 419
2134 divided
2134 returned
this is ele : 2135
col is 411, row is 421
2135 divided
2135 returned
this is ele : 2136
col is 412, row is 412
2136 returned
this is ele : 2137
col is 412, row is 423
2137 divided
2137 returned
this is ele : 2138
col is 412, row is 426
2138 divided
2138 returned
this is ele : 2139
col is 413, row is 413
2139 returned
this is ele : 2140
col is 413, row is 419
2140 divided
2140 returned
this is ele : 2141
col is 413, row is 426
2141 divided
2141 returned
this is ele : 2142
col is 414, row is 414
2142 returned
this is ele : 2143
col is 414, row is 417
2143 divided
2143 returned
this is ele : 2144
col is 415, row is 415
2144 returned
this is ele : 2145
col is 415, row is 418
2145 divided
2145 returned
this is ele : 2146
col is 416, row is 415
2146 returned
this is ele : 2147
col is 416, row is 416
2147 returned
this is ele : 2148
col is 416, row is 418
2148 divided
2148 returned
this is ele : 2149
col is 416, row is 419
2149 divided
2149 returned
this is ele : 2150
col is 417, row is 416
2150 returned
this is ele : 2151
col is 417, row is 417
2151 returned
this is ele : 2152
col is 417, row is 418
2152 divided
2152 returned
this is ele : 2153
col is 417, row is 419
2153 divided
2153 returned
this is ele : 2154
col is 417, row is 420
2154 divided
2154 returned
this is ele : 2155
col is 418, row is 412
2155 returned
this is ele : 2156
col is 418, row is 418
2156 returned
this is ele : 2157
col is 418, row is 423
2157 divided
2157 returned
this is ele : 2158
col is 418, row is 426
2158 divided
2158 returned
this is ele : 2159
col is 419, row is 411
2159 returned
this is ele : 2160
col is 419, row is 413
2160 returned
this is ele : 2161
col is 419, row is 415
2161 returned
this is ele : 2162
col is 419, row is 418
2162 returned
this is ele : 2163
col is 419, row is 419
2163 returned
this is ele : 2164
col is 419, row is 421
2164 divided
2164 returned
this is ele : 2165
col is 419, row is 423
2165 divided
2165 returned
this is ele : 2166
col is 419, row is 426
2166 divided
2166 returned
this is ele : 2167
col is 420, row is 33
2167 returned
this is ele : 2168
col is 420, row is 418
2168 returned
this is ele : 2169
col is 420, row is 420
2169 returned
this is ele : 2170
col is 420, row is 423
2170 divided
2170 returned
this is ele : 2171
col is 420, row is 424
2171 divided
2171 returned
this is ele : 2172
col is 420, row is 426
2172 divided
2172 returned
this is ele : 2173
col is 421, row is 19
2173 returned
this is ele : 2174
col is 421, row is 20
2174 returned
this is ele : 2175
col is 421, row is 25
2175 returned
this is ele : 2176
col is 421, row is 411
2176 returned
this is ele : 2177
col is 421, row is 419
2177 returned
this is ele : 2178
col is 421, row is 421
2178 returned
this is ele : 2179
col is 421, row is 423
2179 divided
2179 returned
this is ele : 2180
col is 421, row is 425
2180 divided
2180 returned
this is ele : 2181
col is 421, row is 426
2181 divided
2181 returned
this is ele : 2182
col is 421, row is 427
2182 divided
2182 returned
this is ele : 2183
col is 422, row is 8
2183 returned
this is ele : 2184
col is 422, row is 15
2184 returned
this is ele : 2185
col is 422, row is 422
2185 returned
this is ele : 2186
col is 422, row is 423
2186 divided
2186 returned
this is ele : 2187
col is 422, row is 424
2187 divided
2187 returned
this is ele : 2188
col is 422, row is 426
2188 divided
2188 returned
this is ele : 2189
col is 423, row is 423
2189 returned
this is ele : 2190
col is 424, row is 2
2190 returned
this is ele : 2191
col is 424, row is 4
2191 returned
this is ele : 2192
col is 424, row is 7
2192 returned
this is ele : 2193
col is 424, row is 8
2193 returned
this is ele : 2194
col is 424, row is 27
2194 returned
this is ele : 2195
col is 424, row is 28
2195 returned
this is ele : 2196
col is 424, row is 29
2196 returned
this is ele : 2197
col is 424, row is 32
2197 returned
this is ele : 2198
col is 424, row is 33
2198 returned
this is ele : 2199
col is 424, row is 409
2199 returned
this is ele : 2200
col is 424, row is 420
2200 returned
this is ele : 2201
col is 424, row is 422
2201 returned
this is ele : 2202
col is 424, row is 423
2202 returned
this is ele : 2203
col is 424, row is 424
2203 returned
this is ele : 2204
col is 424, row is 425
2204 divided
2204 returned
this is ele : 2205
col is 424, row is 426
2205 divided
2205 returned
this is ele : 2206
col is 425, row is 2
2206 returned
this is ele : 2207
col is 425, row is 5
2207 returned
this is ele : 2208
col is 425, row is 6
2208 returned
this is ele : 2209
col is 425, row is 8
2209 returned
this is ele : 2210
col is 425, row is 22
2210 returned
this is ele : 2211
col is 425, row is 23
2211 returned
this is ele : 2212
col is 425, row is 24
2212 returned
this is ele : 2213
col is 425, row is 25
2213 returned
this is ele : 2214
col is 425, row is 421
2214 returned
this is ele : 2215
col is 425, row is 423
2215 returned
this is ele : 2216
col is 425, row is 424
2216 returned
this is ele : 2217
col is 425, row is 425
2217 returned
this is ele : 2218
col is 425, row is 426
2218 divided
2218 returned
this is ele : 2219
col is 425, row is 427
2219 divided
2219 returned
this is ele : 2220
col is 426, row is 9
2220 returned
this is ele : 2221
col is 426, row is 11
2221 returned
this is ele : 2222
col is 426, row is 14
2222 returned
this is ele : 2223
col is 426, row is 15
2223 returned
this is ele : 2224
col is 426, row is 413
2224 returned
this is ele : 2225
col is 426, row is 414
2225 returned
this is ele : 2226
col is 426, row is 417
2226 returned
this is ele : 2227
col is 426, row is 418
2227 returned
this is ele : 2228
col is 426, row is 419
2228 returned
this is ele : 2229
col is 426, row is 420
2229 returned
this is ele : 2230
col is 426, row is 421
2230 returned
this is ele : 2231
col is 426, row is 422
2231 returned
this is ele : 2232
col is 426, row is 423
2232 returned
this is ele : 2233
col is 426, row is 424
2233 returned
this is ele : 2234
col is 426, row is 425
2234 returned
this is ele : 2235
col is 426, row is 426
2235 returned
this is ele : 2236
col is 426, row is 427
2236 divided
2236 returned
this is ele : 2237
col is 427, row is 9
2237 returned
this is ele : 2238
col is 427, row is 12
2238 returned
this is ele : 2239
col is 427, row is 15
2239 returned
this is ele : 2240
col is 427, row is 21
2240 returned
this is ele : 2241
col is 427, row is 24
2241 returned
this is ele : 2242
col is 427, row is 25
2242 returned
this is ele : 2243
col is 427, row is 421
2243 returned
this is ele : 2244
col is 427, row is 423
2244 returned
this is ele : 2245
col is 427, row is 425
2245 returned
this is ele : 2246
col is 427, row is 426
2246 returned
this is ele : 2247
col is 427, row is 427
2247 returned
this is ele : 2248
col is 428, row is 428
2248 returned
this is ele : 2249
col is 429, row is 429
2249 returned
SUCCESS: Build Graph!
SUCCESS: Initialize waiting list!
SUCCESS: add ok to do list at time 0
SUCCESS: schedule at time0
SUCCESS: add waiting list
SUCCESS: add ok to do list at time 1
SUCCESS: schedule at time 1
newly_valid list is: 
SUCCESS: add waiting list
SUCCESS: add ok to do list at time 2
SUCCESS: schedule at time 2
newly_valid list is: 
SUCCESS: add waiting list
SUCCESS: add ok to do list at time 3
SUCCESS: schedule at time 3
newly_valid list is: 
SUCCESS: add waiting list
SUCCESS: add ok to do list at time 4
SUCCESS: schedule at time 4
newly_valid list is: 
SUCCESS: add waiting list
SUCCESS: add ok to do list at time 5
SUCCESS: schedule at time 5
newly_valid list is: 
SUCCESS: add waiting list
SUCCESS: add ok to do list at time 6
SUCCESS: schedule at time 6
newly_valid list is: 
SUCCESS: add waiting list
SUCCESS: add ok to do list at time 7
SUCCESS: schedule at time 7
newly_valid list is: 
SUCCESS: add waiting list
SUCCESS: add ok to do list at time 8
SUCCESS: schedule at time 8
newly_valid list is: 
SUCCESS: add waiting list
SUCCESS: add ok to do list at time 9
SUCCESS: schedule at time 9
newly_valid list is: 
SUCCESS: add waiting list
SUCCESS: add ok to do list at time 10
SUCCESS: schedule at time 10
newly_valid list is: 
SUCCESS: add waiting list
SUCCESS: add ok to do list at time 11
SUCCESS: schedule at time 11
newly_valid list is: 
SUCCESS: add waiting list
SUCCESS: add ok to do list at time 12
SUCCESS: schedule at time 12
newly_valid list is: 
SUCCESS: add waiting list
SUCCESS: add ok to do list at time 13
SUCCESS: schedule at time 13
newly_valid list is: 
SUCCESS: add waiting list
SUCCESS: add ok to do list at time 14
SUCCESS: schedule at time 14
newly_valid list is: 
SUCCESS: add waiting list
SUCCESS: add ok to do list at time 15
SUCCESS: schedule at time 15
newly_valid list is: 
SUCCESS: add waiting list
SUCCESS: add ok to do list at time 16
SUCCESS: schedule at time 16
newly_valid list is: 
SUCCESS: add waiting list
SUCCESS: add ok to do list at time 17
SUCCESS: schedule at time 17
newly_valid list is: 
SUCCESS: add waiting list
SUCCESS: add ok to do list at time 18
SUCCESS: schedule at time 18
newly_valid list is: 
SUCCESS: add waiting list
SUCCESS: add ok to do list at time 19
SUCCESS: schedule at time 19
newly_valid list is: 
SUCCESS: add waiting list
SUCCESS: add ok to do list at time 20
SUCCESS: schedule at time 20
newly_valid list is: 
SUCCESS: add waiting list
SUCCESS: add ok to do list at time 21
SUCCESS: schedule at time 21
newly_valid list is: 
SUCCESS: add waiting list
SUCCESS: add ok to do list at time 22
SUCCESS: schedule at time 22
newly_valid list is: 
SUCCESS: add waiting list
SUCCESS: add ok to do list at time 23
SUCCESS: schedule at time 23
newly_valid list is: 
SUCCESS: add waiting list
SUCCESS: add ok to do list at time 24
SUCCESS: schedule at time 24
newly_valid list is: 
SUCCESS: add waiting list
SUCCESS: add ok to do list at time 25
SUCCESS: schedule at time 25
newly_valid list is: 
SUCCESS: add waiting list
SUCCESS: add ok to do list at time 26
SUCCESS: schedule at time 26
newly_valid list is: 
SUCCESS: add waiting list
SUCCESS: add ok to do list at time 27
SUCCESS: schedule at time 27
newly_valid list is: 
SUCCESS: add waiting list
SUCCESS: add ok to do list at time 28
SUCCESS: schedule at time 28
newly_valid list is: 
SUCCESS: add waiting list
SUCCESS: add ok to do list at time 29
SUCCESS: schedule at time 29
newly_valid list is: 
SUCCESS: add waiting list
SUCCESS: add ok to do list at time 30
SUCCESS: schedule at time 30
newly_valid list is: 
SUCCESS: add waiting list
SUCCESS: add ok to do list at time 31
SUCCESS: schedule at time 31
newly_valid list is: 
SUCCESS: add waiting list
SUCCESS: add ok to do list at time 32
SUCCESS: schedule at time 32
newly_valid list is: 
SUCCESS: add waiting list
SUCCESS: add ok to do list at time 33
SUCCESS: schedule at time 33
newly_valid list is: 
SUCCESS: add waiting list
SUCCESS: add ok to do list at time 34
SUCCESS: schedule at time 34
newly_valid list is: 
SUCCESS: add waiting list
SUCCESS: add ok to do list at time 35
SUCCESS: schedule at time 35
newly_valid list is: 
SUCCESS: add waiting list
SUCCESS: add ok to do list at time 36
SUCCESS: schedule at time 36
newly_valid list is: 
SUCCESS: add waiting list
SUCCESS: add ok to do list at time 37
SUCCESS: schedule at time 37
newly_valid list is: 
SUCCESS: add waiting list
SUCCESS: add ok to do list at time 38
SUCCESS: schedule at time 38
newly_valid list is: 
SUCCESS: add waiting list
SUCCESS: add ok to do list at time 39
SUCCESS: schedule at time 39
newly_valid list is: 
SUCCESS: add waiting list
SUCCESS: add ok to do list at time 40
SUCCESS: schedule at time 40
newly_valid list is: 
SUCCESS: add waiting list
SUCCESS: add ok to do list at time 41
SUCCESS: schedule at time 41
newly_valid list is: 
SUCCESS: add waiting list
SUCCESS: add ok to do list at time 42
SUCCESS: schedule at time 42
newly_valid list is: 
SUCCESS: add waiting list
SUCCESS: add ok to do list at time 43
SUCCESS: schedule at time 43
newly_valid list is: 
SUCCESS: add waiting list
SUCCESS: add ok to do list at time 44
SUCCESS: schedule at time 44
newly_valid list is: 
SUCCESS: add waiting list
SUCCESS: add ok to do list at time 45
SUCCESS: schedule at time 45
newly_valid list is: 
SUCCESS: add waiting list
SUCCESS: add ok to do list at time 46
SUCCESS: schedule at time 46
newly_valid list is: 
SUCCESS: add waiting list
SUCCESS: add ok to do list at time 47
SUCCESS: schedule at time 47
newly_valid list is: 
SUCCESS: add waiting list
SUCCESS: add ok to do list at time 48
SUCCESS: schedule at time 48
newly_valid list is: 
SUCCESS: add waiting list
SUCCESS: add ok to do list at time 49
SUCCESS: schedule at time 49
newly_valid list is: 
SUCCESS: add waiting list
SUCCESS: add ok to do list at time 50
SUCCESS: schedule at time 50
newly_valid list is: 
SUCCESS: add waiting list
SUCCESS: add ok to do list at time 51
SUCCESS: schedule at time 51
newly_valid list is: 
SUCCESS: add waiting list
SUCCESS: add ok to do list at time 52
SUCCESS: schedule at time 52
newly_valid list is: 
SUCCESS: add waiting list
SUCCESS: add ok to do list at time 53
SUCCESS: schedule at time 53
newly_valid list is: 
SUCCESS: add waiting list
SUCCESS: add ok to do list at time 54
SUCCESS: schedule at time 54
newly_valid list is: 
SUCCESS: add waiting list
SUCCESS: add ok to do list at time 55
SUCCESS: schedule at time 55
newly_valid list is: 
SUCCESS: add waiting list
SUCCESS: add ok to do list at time 56
SUCCESS: schedule at time 56
newly_valid list is: 
SUCCESS: add waiting list
SUCCESS: add ok to do list at time 57
SUCCESS: schedule at time 57
newly_valid list is: 
SUCCESS: add waiting list
SUCCESS: add ok to do list at time 58
SUCCESS: schedule at time 58
newly_valid list is: 
SUCCESS: add waiting list
SUCCESS: add ok to do list at time 59
SUCCESS: schedule at time 59
newly_valid list is: 
SUCCESS: add waiting list
SUCCESS: add ok to do list at time 60
SUCCESS: schedule at time 60
newly_valid list is: 
SUCCESS: add waiting list
SUCCESS: add ok to do list at time 61
SUCCESS: schedule at time 61
newly_valid list is: 
SUCCESS: add waiting list
SUCCESS: add ok to do list at time 62
SUCCESS: schedule at time 62
newly_valid list is: 
SUCCESS: add waiting list
SUCCESS: add ok to do list at time 63
SUCCESS: schedule at time 63
newly_valid list is: 
SUCCESS: add waiting list
SUCCESS: add ok to do list at time 64
SUCCESS: schedule at time 64
newly_valid list is: 
SUCCESS: add waiting list
SUCCESS: add ok to do list at time 65
SUCCESS: schedule at time 65
newly_valid list is: 
SUCCESS: add waiting list
SUCCESS: add ok to do list at time 66
SUCCESS: schedule at time 66
newly_valid list is: 
SUCCESS: add waiting list
SUCCESS: add ok to do list at time 67
SUCCESS: schedule at time 67
newly_valid list is: 
SUCCESS: add waiting list
SUCCESS: add ok to do list at time 68
SUCCESS: schedule at time 68
newly_valid list is: 
SUCCESS: add waiting list
SUCCESS: add ok to do list at time 69
SUCCESS: schedule at time 69
newly_valid list is: 
SUCCESS: add waiting list
SUCCESS: add ok to do list at time 70
SUCCESS: schedule at time 70
newly_valid list is: 
SUCCESS: add waiting list
SUCCESS: add ok to do list at time 71
SUCCESS: schedule at time 71
newly_valid list is: 
SUCCESS: add waiting list
SUCCESS: add ok to do list at time 72
SUCCESS: schedule at time 72
newly_valid list is: 
SUCCESS: add waiting list
SUCCESS: add ok to do list at time 73
SUCCESS: schedule at time 73
newly_valid list is: 
SUCCESS: add waiting list
SUCCESS: add ok to do list at time 74
SUCCESS: schedule at time 74
newly_valid list is: 
SUCCESS: add waiting list
SUCCESS: add ok to do list at time 75
SUCCESS: schedule at time 75
newly_valid list is: 
SUCCESS: add waiting list
SUCCESS: add ok to do list at time 76
SUCCESS: schedule at time 76
newly_valid list is: 
SUCCESS: add waiting list
SUCCESS: add ok to do list at time 77
SUCCESS: schedule at time 77
newly_valid list is: 
SUCCESS: add waiting list
SUCCESS: add ok to do list at time 78
SUCCESS: schedule at time 78
newly_valid list is: 
SUCCESS: add waiting list
SUCCESS: add ok to do list at time 79
SUCCESS: schedule at time 79
newly_valid list is: 
SUCCESS: add waiting list
SUCCESS: add ok to do list at time 80
SUCCESS: schedule at time 80
newly_valid list is: 
SUCCESS: add waiting list
SUCCESS: add ok to do list at time 81
SUCCESS: schedule at time 81
newly_valid list is: 
SUCCESS: add waiting list
SUCCESS: add ok to do list at time 82
SUCCESS: schedule at time 82
newly_valid list is: 
SUCCESS: add waiting list
SUCCESS: add ok to do list at time 83
SUCCESS: schedule at time 83
newly_valid list is: 
SUCCESS: add waiting list
SUCCESS: add ok to do list at time 84
SUCCESS: schedule at time 84
newly_valid list is: 
SUCCESS: add waiting list
SUCCESS: add ok to do list at time 85
SUCCESS: schedule at time 85
newly_valid list is: 
SUCCESS: add waiting list
SUCCESS: add ok to do list at time 86
SUCCESS: schedule at time 86
newly_valid list is: 
SUCCESS: add waiting list
SUCCESS: add ok to do list at time 87
SUCCESS: schedule at time 87
newly_valid list is: 
SUCCESS: add waiting list
SUCCESS: add ok to do list at time 88
SUCCESS: schedule at time 88
newly_valid list is: 
SUCCESS: add waiting list
SUCCESS: add ok to do list at time 89
SUCCESS: schedule at time 89
newly_valid list is: 
SUCCESS: add waiting list
SUCCESS: add ok to do list at time 90
SUCCESS: schedule at time 90
newly_valid list is: 
SUCCESS: add waiting list
SUCCESS: add ok to do list at time 91
SUCCESS: schedule at time 91
newly_valid list is: 
SUCCESS: add waiting list
SUCCESS: add ok to do list at time 92
SUCCESS: schedule at time 92
newly_valid list is: 
SUCCESS: add waiting list
SUCCESS: add ok to do list at time 93
SUCCESS: schedule at time 93
newly_valid list is: 
SUCCESS: add waiting list
SUCCESS: add ok to do list at time 94
SUCCESS: schedule at time 94
newly_valid list is: 
SUCCESS: add waiting list
SUCCESS: add ok to do list at time 95
SUCCESS: schedule at time 95
newly_valid list is: 
SUCCESS: add waiting list
SUCCESS: add ok to do list at time 96
SUCCESS: schedule at time 96
newly_valid list is: 
SUCCESS: add waiting list
SUCCESS: add ok to do list at time 97
SUCCESS: schedule at time 97
newly_valid list is: 
SUCCESS: add waiting list
SUCCESS: add ok to do list at time 98
SUCCESS: schedule at time 98
newly_valid list is: 
SUCCESS: add waiting list
SUCCESS: add ok to do list at time 99
SUCCESS: schedule at time 99
newly_valid list is: 
SUCCESS: add waiting list
SUCCESS: add ok to do list at time 100
SUCCESS: schedule at time 100
newly_valid list is: 
SUCCESS: add waiting list
SUCCESS: add ok to do list at time 101
SUCCESS: schedule at time 101
newly_valid list is: 
SUCCESS: add waiting list
SUCCESS: add ok to do list at time 102
SUCCESS: schedule at time 102
newly_valid list is: 
SUCCESS: add waiting list
SUCCESS: add ok to do list at time 103
SUCCESS: schedule at time 103
newly_valid list is: 
SUCCESS: add waiting list
SUCCESS: add ok to do list at time 104
SUCCESS: schedule at time 104
newly_valid list is: 
SUCCESS: add waiting list
SUCCESS: add ok to do list at time 105
SUCCESS: schedule at time 105
newly_valid list is: 
SUCCESS: add waiting list
SUCCESS: add ok to do list at time 106
SUCCESS: schedule at time 106
newly_valid list is: 
SUCCESS: add waiting list
SUCCESS: add ok to do list at time 107
SUCCESS: schedule at time 107
newly_valid list is: 
SUCCESS: add waiting list
SUCCESS: add ok to do list at time 108
SUCCESS: schedule at time 108
newly_valid list is: 
SUCCESS: add waiting list
SUCCESS: add ok to do list at time 109
SUCCESS: schedule at time 109
newly_valid list is: 
SUCCESS: add waiting list
SUCCESS: add ok to do list at time 110
SUCCESS: schedule at time 110
newly_valid list is: 
SUCCESS: add waiting list
SUCCESS: add ok to do list at time 111
SUCCESS: schedule at time 111
newly_valid list is: 
SUCCESS: add waiting list
SUCCESS: add ok to do list at time 112
SUCCESS: schedule at time 112
newly_valid list is: 
SUCCESS: add waiting list
SUCCESS: add ok to do list at time 113
SUCCESS: schedule at time 113
newly_valid list is: 
SUCCESS: add waiting list
SUCCESS: add ok to do list at time 114
SUCCESS: schedule at time 114
newly_valid list is: 
SUCCESS: add waiting list
SUCCESS: add ok to do list at time 115
SUCCESS: schedule at time 115
newly_valid list is: 
SUCCESS: add waiting list
SUCCESS: add ok to do list at time 116
SUCCESS: schedule at time 116
newly_valid list is: 
SUCCESS: add waiting list
SUCCESS: add ok to do list at time 117
SUCCESS: schedule at time 117
newly_valid list is: 
SUCCESS: add waiting list
SUCCESS: add ok to do list at time 118
SUCCESS: schedule at time 118
newly_valid list is: 
SUCCESS: add waiting list
SUCCESS: add ok to do list at time 119
SUCCESS: schedule at time 119
newly_valid list is: 
SUCCESS: add waiting list
SUCCESS: add ok to do list at time 120
SUCCESS: schedule at time 120
newly_valid list is: 
SUCCESS: add waiting list
SUCCESS: add ok to do list at time 121
SUCCESS: schedule at time 121
newly_valid list is: 
SUCCESS: add waiting list
SUCCESS: add ok to do list at time 122
SUCCESS: schedule at time 122
newly_valid list is: 
SUCCESS: add waiting list
SUCCESS: add ok to do list at time 123
SUCCESS: schedule at time 123
newly_valid list is: 
SUCCESS: add waiting list
SUCCESS: add ok to do list at time 124
SUCCESS: schedule at time 124
newly_valid list is: 
SUCCESS: add waiting list
SUCCESS: add ok to do list at time 125
SUCCESS: schedule at time 125
newly_valid list is: 
SUCCESS: add waiting list
SUCCESS: add ok to do list at time 126
SUCCESS: schedule at time 126
newly_valid list is: 
SUCCESS: add waiting list
SUCCESS: add ok to do list at time 127
SUCCESS: schedule at time 127
newly_valid list is: 
SUCCESS: add waiting list
SUCCESS: add ok to do list at time 128
SUCCESS: schedule at time 128
newly_valid list is: 
SUCCESS: add waiting list
SUCCESS: add ok to do list at time 129
SUCCESS: schedule at time 129
newly_valid list is: 
SUCCESS: add waiting list
SUCCESS: add ok to do list at time 130
SUCCESS: schedule at time 130
newly_valid list is: 
SUCCESS: add waiting list
SUCCESS: add ok to do list at time 131
SUCCESS: schedule at time 131
newly_valid list is: 
SUCCESS: add waiting list
SUCCESS: add ok to do list at time 132
SUCCESS: schedule at time 132
newly_valid list is: 
SUCCESS: add waiting list
SUCCESS: add ok to do list at time 133
SUCCESS: schedule at time 133
newly_valid list is: 
SUCCESS: add waiting list
SUCCESS: add ok to do list at time 134
SUCCESS: schedule at time 134
newly_valid list is: 
SUCCESS: add waiting list
SUCCESS: add ok to do list at time 135
SUCCESS: schedule at time 135
newly_valid list is: 
SUCCESS: add waiting list
SUCCESS: add ok to do list at time 136
SUCCESS: schedule at time 136
newly_valid list is: 
SUCCESS: add waiting list
SUCCESS: add ok to do list at time 137
SUCCESS: schedule at time 137
newly_valid list is: 
SUCCESS: add waiting list
SUCCESS: add ok to do list at time 138
SUCCESS: schedule at time 138
newly_valid list is: 
SUCCESS: add waiting list
SUCCESS: add ok to do list at time 139
SUCCESS: schedule at time 139
newly_valid list is: 
SUCCESS: add waiting list
SUCCESS: add ok to do list at time 140
SUCCESS: schedule at time 140
newly_valid list is: 
SUCCESS: add waiting list
SUCCESS: add ok to do list at time 141
SUCCESS: schedule at time 141
newly_valid list is: 
SUCCESS: add waiting list
SUCCESS: add ok to do list at time 142
SUCCESS: schedule at time 142
newly_valid list is: 
SUCCESS: add waiting list
SUCCESS: add ok to do list at time 143
SUCCESS: schedule at time 143
newly_valid list is: 
SUCCESS: add waiting list
SUCCESS: add ok to do list at time 144
SUCCESS: schedule at time 144
newly_valid list is: 
SUCCESS: add waiting list
SUCCESS: add ok to do list at time 145
SUCCESS: schedule at time 145
newly_valid list is: 
SUCCESS: add waiting list
SUCCESS: add ok to do list at time 146
SUCCESS: schedule at time 146
newly_valid list is: 
SUCCESS: add waiting list
SUCCESS: add ok to do list at time 147
SUCCESS: schedule at time 147
newly_valid list is: 
SUCCESS: add waiting list
SUCCESS: add ok to do list at time 148
SUCCESS: schedule at time 148
newly_valid list is: 
SUCCESS: add waiting list
SUCCESS: add ok to do list at time 149
SUCCESS: schedule at time 149
newly_valid list is: 
SUCCESS: add waiting list
SUCCESS: add ok to do list at time 150
SUCCESS: schedule at time 150
newly_valid list is: 
SUCCESS: add waiting list
SUCCESS: add ok to do list at time 151
SUCCESS: schedule at time 151
newly_valid list is: 
SUCCESS: add waiting list
SUCCESS: add ok to do list at time 152
SUCCESS: schedule at time 152
newly_valid list is: 
SUCCESS: add waiting list
SUCCESS: add ok to do list at time 153
SUCCESS: schedule at time 153
newly_valid list is: 
SUCCESS: add waiting list
SUCCESS: add ok to do list at time 154
SUCCESS: schedule at time 154
newly_valid list is: 
SUCCESS: add waiting list
SUCCESS: add ok to do list at time 155
SUCCESS: schedule at time 155
newly_valid list is: 
SUCCESS: add waiting list
SUCCESS: add ok to do list at time 156
SUCCESS: schedule at time 156
newly_valid list is: 
SUCCESS: add waiting list
SUCCESS: add ok to do list at time 157
SUCCESS: schedule at time 157
newly_valid list is: 
SUCCESS: add waiting list
SUCCESS: add ok to do list at time 158
SUCCESS: schedule at time 158
newly_valid list is: 
SUCCESS: add waiting list
SUCCESS: add ok to do list at time 159
SUCCESS: schedule at time 159
newly_valid list is: 
SUCCESS: add waiting list
SUCCESS: add ok to do list at time 160
SUCCESS: schedule at time 160
newly_valid list is: 
SUCCESS: add waiting list
SUCCESS: add ok to do list at time 161
SUCCESS: schedule at time 161
newly_valid list is: 
SUCCESS: add waiting list
SUCCESS: add ok to do list at time 162
SUCCESS: schedule at time 162
newly_valid list is: 
SUCCESS: add waiting list
SUCCESS: add ok to do list at time 163
SUCCESS: schedule at time 163
newly_valid list is: 
SUCCESS: add waiting list
SUCCESS: add ok to do list at time 164
SUCCESS: schedule at time 164
newly_valid list is: 
SUCCESS: add waiting list
SUCCESS: add ok to do list at time 165
SUCCESS: schedule at time 165
newly_valid list is: 
SUCCESS: add waiting list
SUCCESS: add ok to do list at time 166
SUCCESS: schedule at time 166
newly_valid list is: 
SUCCESS: add waiting list
SUCCESS: add ok to do list at time 167
SUCCESS: schedule at time 167
newly_valid list is: 
SUCCESS: add waiting list
SUCCESS: add ok to do list at time 168
SUCCESS: schedule at time 168
newly_valid list is: 
SUCCESS: add waiting list
SUCCESS: add ok to do list at time 169
SUCCESS: schedule at time 169
newly_valid list is: 
SUCCESS: add waiting list
SUCCESS: add ok to do list at time 170
SUCCESS: schedule at time 170
newly_valid list is: 
SUCCESS: add waiting list
SUCCESS: add ok to do list at time 171
SUCCESS: schedule at time 171
newly_valid list is: 
SUCCESS: add waiting list
SUCCESS: add ok to do list at time 172
SUCCESS: schedule at time 172
newly_valid list is: 
SUCCESS: add waiting list
SUCCESS: add ok to do list at time 173
SUCCESS: schedule at time 173
newly_valid list is: 
SUCCESS: add waiting list
SUCCESS: add ok to do list at time 174
SUCCESS: schedule at time 174
newly_valid list is: 
SUCCESS: add waiting list
SUCCESS: add ok to do list at time 175
SUCCESS: schedule at time 175
newly_valid list is: 
SUCCESS: add waiting list
SUCCESS: add ok to do list at time 176
SUCCESS: schedule at time 176
newly_valid list is: 
SUCCESS: add waiting list
SUCCESS: add ok to do list at time 177
SUCCESS: schedule at time 177
newly_valid list is: 
SUCCESS: add waiting list
SUCCESS: add ok to do list at time 178
SUCCESS: schedule at time 178
newly_valid list is: 
SUCCESS: add waiting list
SUCCESS: add ok to do list at time 179
SUCCESS: schedule at time 179
newly_valid list is: 
SUCCESS: add waiting list
SUCCESS: add ok to do list at time 180
SUCCESS: schedule at time 180
newly_valid list is: 
SUCCESS: add waiting list
SUCCESS: add ok to do list at time 181
SUCCESS: schedule at time 181
newly_valid list is: 
SUCCESS: add waiting list
SUCCESS: add ok to do list at time 182
SUCCESS: schedule at time 182
newly_valid list is: 
SUCCESS: add waiting list
SUCCESS: add ok to do list at time 183
SUCCESS: schedule at time 183
newly_valid list is: 
SUCCESS: add waiting list
SUCCESS: add ok to do list at time 184
SUCCESS: schedule at time 184
newly_valid list is: 
SUCCESS: add waiting list
SUCCESS: add ok to do list at time 185
SUCCESS: schedule at time 185
newly_valid list is: 
SUCCESS: add waiting list
SUCCESS: add ok to do list at time 186
SUCCESS: schedule at time 186
newly_valid list is: 
SUCCESS: add waiting list
SUCCESS: add ok to do list at time 187
SUCCESS: schedule at time 187
newly_valid list is: 
SUCCESS: add waiting list
SUCCESS: add ok to do list at time 188
SUCCESS: schedule at time 188
newly_valid list is: 
SUCCESS: add waiting list
SUCCESS: add ok to do list at time 189
SUCCESS: schedule at time 189
newly_valid list is: 
SUCCESS: add waiting list
SUCCESS: add ok to do list at time 190
SUCCESS: schedule at time 190
newly_valid list is: 
SUCCESS: add waiting list
SUCCESS: add ok to do list at time 191
SUCCESS: schedule at time 191
newly_valid list is: 
SUCCESS: add waiting list
SUCCESS: add ok to do list at time 192
SUCCESS: schedule at time 192
newly_valid list is: 
SUCCESS: add waiting list
SUCCESS: add ok to do list at time 193
SUCCESS: schedule at time 193
newly_valid list is: 
SUCCESS: add waiting list
SUCCESS: add ok to do list at time 194
SUCCESS: schedule at time 194
newly_valid list is: 
SUCCESS: add waiting list
SUCCESS: add ok to do list at time 195
SUCCESS: schedule at time 195
newly_valid list is: 
SUCCESS: add waiting list
SUCCESS: add ok to do list at time 196
SUCCESS: schedule at time 196
newly_valid list is: 
SUCCESS: add waiting list
SUCCESS: add ok to do list at time 197
SUCCESS: schedule at time 197
newly_valid list is: 
SUCCESS: add waiting list
SUCCESS: add ok to do list at time 198
SUCCESS: schedule at time 198
newly_valid list is: 
SUCCESS: add waiting list
SUCCESS: add ok to do list at time 199
SUCCESS: schedule at time 199
newly_valid list is: 
SUCCESS: add waiting list
SUCCESS: add ok to do list at time 200
SUCCESS: schedule at time 200
newly_valid list is: 
SUCCESS: add waiting list
SUCCESS: add ok to do list at time 201
SUCCESS: schedule at time 201
newly_valid list is: 
SUCCESS: add waiting list
SUCCESS: add ok to do list at time 202
SUCCESS: schedule at time 202
newly_valid list is: 
SUCCESS: add waiting list
SUCCESS: add ok to do list at time 203
SUCCESS: schedule at time 203
newly_valid list is: 
SUCCESS: add waiting list
SUCCESS: add ok to do list at time 204
SUCCESS: schedule at time 204
newly_valid list is: 
SUCCESS: add waiting list
SUCCESS: add ok to do list at time 205
SUCCESS: schedule at time 205
newly_valid list is: 
SUCCESS: add waiting list
SUCCESS: add ok to do list at time 206
SUCCESS: schedule at time 206
newly_valid list is: 
SUCCESS: add waiting list
SUCCESS: add ok to do list at time 207
SUCCESS: schedule at time 207
newly_valid list is: 
SUCCESS: add waiting list
SUCCESS: add ok to do list at time 208
SUCCESS: schedule at time 208
newly_valid list is: 
SUCCESS: add waiting list
SUCCESS: add ok to do list at time 209
SUCCESS: schedule at time 209
newly_valid list is: 
SUCCESS: add waiting list
SUCCESS: add ok to do list at time 210
SUCCESS: schedule at time 210
newly_valid list is: 
SUCCESS: add waiting list
SUCCESS: add ok to do list at time 211
SUCCESS: schedule at time 211
newly_valid list is: 
SUCCESS: add waiting list
SUCCESS: add ok to do list at time 212
SUCCESS: schedule at time 212
newly_valid list is: 
SUCCESS: add waiting list
SUCCESS: add ok to do list at time 213
SUCCESS: schedule at time 213
newly_valid list is: 
SUCCESS: add waiting list
SUCCESS: add ok to do list at time 214
SUCCESS: schedule at time 214
newly_valid list is: 
SUCCESS: add waiting list
SUCCESS: add ok to do list at time 215
SUCCESS: schedule at time 215
newly_valid list is: 
SUCCESS: add waiting list
SUCCESS: add ok to do list at time 216
SUCCESS: schedule at time 216
newly_valid list is: 
SUCCESS: add waiting list
SUCCESS: add ok to do list at time 217
SUCCESS: schedule at time 217
newly_valid list is: 
SUCCESS: add waiting list
SUCCESS: add ok to do list at time 218
SUCCESS: schedule at time 218
newly_valid list is: 
SUCCESS: add waiting list
SUCCESS: add ok to do list at time 219
SUCCESS: schedule at time 219
newly_valid list is: 
SUCCESS: add waiting list
SUCCESS: add ok to do list at time 220
SUCCESS: schedule at time 220
newly_valid list is: 
SUCCESS: add waiting list
SUCCESS: add ok to do list at time 221
SUCCESS: schedule at time 221
newly_valid list is: 
SUCCESS: add waiting list
SUCCESS: add ok to do list at time 222
SUCCESS: schedule at time 222
newly_valid list is: 
SUCCESS: add waiting list
SUCCESS: add ok to do list at time 223
SUCCESS: schedule at time 223
newly_valid list is: 
SUCCESS: add waiting list
SUCCESS: add ok to do list at time 224
SUCCESS: schedule at time 224
newly_valid list is: 
SUCCESS: add waiting list
SUCCESS: add ok to do list at time 225
SUCCESS: schedule at time 225
newly_valid list is: 
SUCCESS: add waiting list
SUCCESS: add ok to do list at time 226
SUCCESS: schedule at time 226
newly_valid list is: 
SUCCESS: add waiting list
SUCCESS: add ok to do list at time 227
SUCCESS: schedule at time 227
newly_valid list is: 
SUCCESS: add waiting list
SUCCESS: add ok to do list at time 228
SUCCESS: schedule at time 228
newly_valid list is: 
SUCCESS: add waiting list
SUCCESS: add ok to do list at time 229
SUCCESS: schedule at time 229
newly_valid list is: 
SUCCESS: add waiting list
SUCCESS: add ok to do list at time 230
SUCCESS: schedule at time 230
newly_valid list is: 
SUCCESS: add waiting list
SUCCESS: add ok to do list at time 231
SUCCESS: schedule at time 231
newly_valid list is: 
SUCCESS: add waiting list
SUCCESS: add ok to do list at time 232
SUCCESS: schedule at time 232
newly_valid list is: 
SUCCESS: add waiting list
SUCCESS: add ok to do list at time 233
SUCCESS: schedule at time 233
newly_valid list is: 
SUCCESS: add waiting list
SUCCESS: add ok to do list at time 234
SUCCESS: schedule at time 234
newly_valid list is: 
SUCCESS: add waiting list
SUCCESS: add ok to do list at time 235
SUCCESS: schedule at time 235
newly_valid list is: 
SUCCESS: add waiting list
SUCCESS: add ok to do list at time 236
SUCCESS: schedule at time 236
newly_valid list is: 
SUCCESS: add waiting list
SUCCESS: add ok to do list at time 237
SUCCESS: schedule at time 237
newly_valid list is: 
SUCCESS: add waiting list
SUCCESS: add ok to do list at time 238
SUCCESS: schedule at time 238
newly_valid list is: 
SUCCESS: add waiting list
SUCCESS: add ok to do list at time 239
SUCCESS: schedule at time 239
newly_valid list is: 
SUCCESS: add waiting list
SUCCESS: add ok to do list at time 240
SUCCESS: schedule at time 240
newly_valid list is: 
SUCCESS: add waiting list
SUCCESS: add ok to do list at time 241
SUCCESS: schedule at time 241
newly_valid list is: 
SUCCESS: add waiting list
SUCCESS: add ok to do list at time 242
SUCCESS: schedule at time 242
newly_valid list is: 
SUCCESS: add waiting list
SUCCESS: add ok to do list at time 243
SUCCESS: schedule at time 243
newly_valid list is: 
SUCCESS: add waiting list
SUCCESS: add ok to do list at time 244
SUCCESS: schedule at time 244
newly_valid list is: 
SUCCESS: add waiting list
SUCCESS: add ok to do list at time 245
SUCCESS: schedule at time 245
newly_valid list is: 
SUCCESS: add waiting list
SUCCESS: add ok to do list at time 246
SUCCESS: schedule at time 246
newly_valid list is: 
SUCCESS: add waiting list
SUCCESS: add ok to do list at time 247
SUCCESS: schedule at time 247
newly_valid list is: 
SUCCESS: add waiting list
SUCCESS: add ok to do list at time 248
SUCCESS: schedule at time 248
newly_valid list is: 
SUCCESS: add waiting list
SUCCESS: add ok to do list at time 249
SUCCESS: schedule at time 249
newly_valid list is: 
SUCCESS: add waiting list
SUCCESS: add ok to do list at time 250
SUCCESS: schedule at time 250
newly_valid list is: 
SUCCESS: add waiting list
SUCCESS: add ok to do list at time 251
SUCCESS: schedule at time 251
newly_valid list is: 
SUCCESS: add waiting list
SUCCESS: add ok to do list at time 252
SUCCESS: schedule at time 252
newly_valid list is: 
SUCCESS: add waiting list
SUCCESS: add ok to do list at time 253
SUCCESS: schedule at time 253
newly_valid list is: 
SUCCESS: add waiting list
SUCCESS: add ok to do list at time 254
SUCCESS: schedule at time 254
newly_valid list is: 
SUCCESS: add waiting list
SUCCESS: add ok to do list at time 255
SUCCESS: schedule at time 255
newly_valid list is: 
SUCCESS: add waiting list
SUCCESS: add ok to do list at time 256
SUCCESS: schedule at time 256
newly_valid list is: 
SUCCESS: add waiting list
SUCCESS: add ok to do list at time 257
SUCCESS: schedule at time 257
newly_valid list is: 
SUCCESS: add waiting list
SUCCESS: add ok to do list at time 258
SUCCESS: schedule at time 258
newly_valid list is: 
SUCCESS: add waiting list
SUCCESS: add ok to do list at time 259
SUCCESS: schedule at time 259
newly_valid list is: 
SUCCESS: add waiting list
SUCCESS: add ok to do list at time 260
SUCCESS: schedule at time 260
newly_valid list is: 
SUCCESS: add waiting list
SUCCESS: add ok to do list at time 261
SUCCESS: schedule at time 261
newly_valid list is: 
SUCCESS: add waiting list
SUCCESS: add ok to do list at time 262
SUCCESS: schedule at time 262
newly_valid list is: 
SUCCESS: add waiting list
SUCCESS: add ok to do list at time 263
SUCCESS: schedule at time 263
newly_valid list is: 
SUCCESS: add waiting list
SUCCESS: add ok to do list at time 264
SUCCESS: schedule at time 264
newly_valid list is: 
SUCCESS: add waiting list
SUCCESS: add ok to do list at time 265
SUCCESS: schedule at time 265
newly_valid list is: 
SUCCESS: add waiting list
SUCCESS: add ok to do list at time 266
SUCCESS: schedule at time 266
newly_valid list is: 
SUCCESS: add waiting list
SUCCESS: add ok to do list at time 267
SUCCESS: schedule at time 267
newly_valid list is: 
SUCCESS: add waiting list
SUCCESS: add ok to do list at time 268
SUCCESS: schedule at time 268
newly_valid list is: 
SUCCESS: add waiting list
SUCCESS: add ok to do list at time 269
SUCCESS: schedule at time 269
newly_valid list is: 
SUCCESS: add waiting list
SUCCESS: add ok to do list at time 270
SUCCESS: schedule at time 270
newly_valid list is: 
SUCCESS: add waiting list
SUCCESS: add ok to do list at time 271
SUCCESS: schedule at time 271
newly_valid list is: 
SUCCESS: add waiting list
SUCCESS: add ok to do list at time 272
SUCCESS: schedule at time 272
newly_valid list is: 
SUCCESS: add waiting list
SUCCESS: add ok to do list at time 273
SUCCESS: schedule at time 273
newly_valid list is: 
SUCCESS: add waiting list
SUCCESS: add ok to do list at time 274
SUCCESS: schedule at time 274
newly_valid list is: 
SUCCESS: add waiting list
SUCCESS: add ok to do list at time 275
SUCCESS: schedule at time 275
newly_valid list is: 
SUCCESS: add waiting list
SUCCESS: add ok to do list at time 276
SUCCESS: schedule at time 276
newly_valid list is: 
SUCCESS: add waiting list
SUCCESS: add ok to do list at time 277
SUCCESS: schedule at time 277
newly_valid list is: 
SUCCESS: add waiting list
SUCCESS: add ok to do list at time 278
SUCCESS: schedule at time 278
newly_valid list is: 
SUCCESS: add waiting list
SUCCESS: add ok to do list at time 279
SUCCESS: schedule at time 279
newly_valid list is: 
SUCCESS: add waiting list
SUCCESS: add ok to do list at time 280
SUCCESS: schedule at time 280
newly_valid list is: 
SUCCESS: add waiting list
SUCCESS: add ok to do list at time 281
SUCCESS: schedule at time 281
newly_valid list is: 
SUCCESS: add waiting list
SUCCESS: add ok to do list at time 282
SUCCESS: schedule at time 282
newly_valid list is: 
SUCCESS: add waiting list
SUCCESS: add ok to do list at time 283
SUCCESS: schedule at time 283
newly_valid list is: 
SUCCESS: add waiting list
SUCCESS: add ok to do list at time 284
SUCCESS: schedule at time 284
newly_valid list is: 
SUCCESS: add waiting list
SUCCESS: add ok to do list at time 285
SUCCESS: schedule at time 285
newly_valid list is: 
SUCCESS: add waiting list
SUCCESS: add ok to do list at time 286
SUCCESS: schedule at time 286
newly_valid list is: 
SUCCESS: add waiting list
SUCCESS: add ok to do list at time 287
SUCCESS: schedule at time 287
newly_valid list is: 
SUCCESS: add waiting list
SUCCESS: add ok to do list at time 288
SUCCESS: schedule at time 288
newly_valid list is: 
SUCCESS: add waiting list
SUCCESS: add ok to do list at time 289
SUCCESS: schedule at time 289
newly_valid list is: 
SUCCESS: add waiting list
SUCCESS: add ok to do list at time 290
SUCCESS: schedule at time 290
newly_valid list is: 
SUCCESS: add waiting list
SUCCESS: add ok to do list at time 291
SUCCESS: schedule at time 291
newly_valid list is: 
SUCCESS: add waiting list
SUCCESS: add ok to do list at time 292
SUCCESS: schedule at time 292
newly_valid list is: 
SUCCESS: add waiting list
SUCCESS: add ok to do list at time 293
SUCCESS: schedule at time 293
newly_valid list is: 
SUCCESS: add waiting list
SUCCESS: add ok to do list at time 294
SUCCESS: schedule at time 294
newly_valid list is: 
SUCCESS: add waiting list
SUCCESS: add ok to do list at time 295
SUCCESS: schedule at time 295
newly_valid list is: 
SUCCESS: add waiting list
SUCCESS: add ok to do list at time 296
SUCCESS: schedule at time 296
newly_valid list is: 
SUCCESS: add waiting list
SUCCESS: add ok to do list at time 297
SUCCESS: schedule at time 297
newly_valid list is: 
SUCCESS: add waiting list
SUCCESS: add ok to do list at time 298
SUCCESS: schedule at time 298
newly_valid list is: 
SUCCESS: add waiting list
SUCCESS: add ok to do list at time 299
SUCCESS: schedule at time 299
newly_valid list is: 
SUCCESS: add waiting list
SUCCESS: add ok to do list at time 300
SUCCESS: schedule at time 300
newly_valid list is: 
SUCCESS: add waiting list
SUCCESS: add ok to do list at time 301
SUCCESS: schedule at time 301
newly_valid list is: 
SUCCESS: add waiting list
SUCCESS: add ok to do list at time 302
SUCCESS: schedule at time 302
newly_valid list is: 
SUCCESS: add waiting list
SUCCESS: add ok to do list at time 303
SUCCESS: schedule at time 303
newly_valid list is: 
SUCCESS: add waiting list
SUCCESS: add ok to do list at time 304
SUCCESS: schedule at time 304
newly_valid list is: 
SUCCESS: add waiting list
SUCCESS: add ok to do list at time 305
SUCCESS: schedule at time 305
newly_valid list is: 
SUCCESS: add waiting list
SUCCESS: add ok to do list at time 306
SUCCESS: schedule at time 306
newly_valid list is: 
SUCCESS: add waiting list
SUCCESS: add ok to do list at time 307
SUCCESS: schedule at time 307
newly_valid list is: 
SUCCESS: add waiting list
SUCCESS: add ok to do list at time 308
SUCCESS: schedule at time 308
newly_valid list is: 
SUCCESS: add waiting list
SUCCESS: add ok to do list at time 309
SUCCESS: schedule at time 309
newly_valid list is: 
SUCCESS: add waiting list
SUCCESS: add ok to do list at time 310
SUCCESS: schedule at time 310
newly_valid list is: 
SUCCESS: add waiting list
SUCCESS: add ok to do list at time 311
SUCCESS: schedule at time 311
newly_valid list is: 
SUCCESS: add waiting list
SUCCESS: add ok to do list at time 312
SUCCESS: schedule at time 312
newly_valid list is: 
SUCCESS: add waiting list
SUCCESS: add ok to do list at time 313
SUCCESS: schedule at time 313
newly_valid list is: 
SUCCESS: add waiting list
SUCCESS: add ok to do list at time 314
SUCCESS: schedule at time 314
newly_valid list is: 
SUCCESS: add waiting list
SUCCESS: add ok to do list at time 315
SUCCESS: schedule at time 315
newly_valid list is: 
SUCCESS: add waiting list
SUCCESS: add ok to do list at time 316
SUCCESS: schedule at time 316
newly_valid list is: 
SUCCESS: add waiting list
SUCCESS: add ok to do list at time 317
SUCCESS: schedule at time 317
newly_valid list is: 
SUCCESS: add waiting list
SUCCESS: add ok to do list at time 318
SUCCESS: schedule at time 318
newly_valid list is: 
SUCCESS: add waiting list
SUCCESS: add ok to do list at time 319
SUCCESS: schedule at time 319
newly_valid list is: 
SUCCESS: add waiting list
SUCCESS: add ok to do list at time 320
SUCCESS: schedule at time 320
newly_valid list is: 
SUCCESS: add waiting list
SUCCESS: add ok to do list at time 321
SUCCESS: schedule at time 321
newly_valid list is: 
SUCCESS: add waiting list
SUCCESS: add ok to do list at time 322
SUCCESS: schedule at time 322
newly_valid list is: 
SUCCESS: add waiting list
SUCCESS: add ok to do list at time 323
SUCCESS: schedule at time 323
newly_valid list is: 
SUCCESS: add waiting list
SUCCESS: add ok to do list at time 324
SUCCESS: schedule at time 324
newly_valid list is: 
SUCCESS: add waiting list
SUCCESS: add ok to do list at time 325
SUCCESS: schedule at time 325
newly_valid list is: 
SUCCESS: add waiting list
SUCCESS: add ok to do list at time 326
SUCCESS: schedule at time 326
newly_valid list is: 
SUCCESS: add waiting list
SUCCESS: add ok to do list at time 327
SUCCESS: schedule at time 327
newly_valid list is: 
SUCCESS: add waiting list
SUCCESS: add ok to do list at time 328
SUCCESS: schedule at time 328
newly_valid list is: 
SUCCESS: add waiting list
SUCCESS: add ok to do list at time 329
SUCCESS: schedule at time 329
newly_valid list is: 
SUCCESS: add waiting list
SUCCESS: add ok to do list at time 330
SUCCESS: schedule at time 330
newly_valid list is: 
SUCCESS: add waiting list
SUCCESS: add ok to do list at time 331
SUCCESS: schedule at time 331
newly_valid list is: 
SUCCESS: add waiting list
SUCCESS: add ok to do list at time 332
SUCCESS: schedule at time 332
newly_valid list is: 
SUCCESS: add waiting list
SUCCESS: add ok to do list at time 333
SUCCESS: schedule at time 333
newly_valid list is: 
SUCCESS: add waiting list
SUCCESS: add ok to do list at time 334
SUCCESS: schedule at time 334
newly_valid list is: 
SUCCESS: add waiting list
SUCCESS: add ok to do list at time 335
SUCCESS: schedule at time 335
newly_valid list is: 
SUCCESS: add waiting list
SUCCESS: add ok to do list at time 336
SUCCESS: schedule at time 336
newly_valid list is: 
SUCCESS: add waiting list
SUCCESS: add ok to do list at time 337
SUCCESS: schedule at time 337
newly_valid list is: 
SUCCESS: add waiting list
SUCCESS: add ok to do list at time 338
SUCCESS: schedule at time 338
newly_valid list is: 
SUCCESS: add waiting list
SUCCESS: add ok to do list at time 339
SUCCESS: schedule at time 339
newly_valid list is: 
SUCCESS: add waiting list
SUCCESS: add ok to do list at time 340
SUCCESS: schedule at time 340
newly_valid list is: 
SUCCESS: add waiting list
SUCCESS: add ok to do list at time 341
SUCCESS: schedule at time 341
newly_valid list is: 
SUCCESS: add waiting list
SUCCESS: add ok to do list at time 342
SUCCESS: schedule at time 342
newly_valid list is: 
SUCCESS: add waiting list
SUCCESS: add ok to do list at time 343
SUCCESS: schedule at time 343
newly_valid list is: 
SUCCESS: add waiting list
SUCCESS: add ok to do list at time 344
SUCCESS: schedule at time 344
newly_valid list is: 
SUCCESS: add waiting list
SUCCESS: add ok to do list at time 345
SUCCESS: schedule at time 345
newly_valid list is: 
SUCCESS: add waiting list
SUCCESS: add ok to do list at time 346
SUCCESS: schedule at time 346
newly_valid list is: 
SUCCESS: add waiting list
SUCCESS: add ok to do list at time 347
SUCCESS: schedule at time 347
newly_valid list is: 
SUCCESS: add waiting list
SUCCESS: add ok to do list at time 348
SUCCESS: schedule at time 348
newly_valid list is: 
SUCCESS: add waiting list
SUCCESS: add ok to do list at time 349
SUCCESS: schedule at time 349
newly_valid list is: 
SUCCESS: add waiting list
SUCCESS: add ok to do list at time 350
SUCCESS: schedule at time 350
newly_valid list is: 
SUCCESS: add waiting list
SUCCESS: add ok to do list at time 351
SUCCESS: schedule at time 351
newly_valid list is: 
SUCCESS: add waiting list
SUCCESS: add ok to do list at time 352
SUCCESS: schedule at time 352
newly_valid list is: 
SUCCESS: add waiting list
SUCCESS: add ok to do list at time 353
SUCCESS: schedule at time 353
newly_valid list is: 
SUCCESS: add waiting list
SUCCESS: add ok to do list at time 354
SUCCESS: schedule at time 354
newly_valid list is: 
SUCCESS: add waiting list
SUCCESS: add ok to do list at time 355
SUCCESS: schedule at time 355
newly_valid list is: 
SUCCESS: add waiting list
SUCCESS: add ok to do list at time 356
SUCCESS: schedule at time 356
newly_valid list is: 
SUCCESS: add waiting list
SUCCESS: add ok to do list at time 357
SUCCESS: schedule at time 357
newly_valid list is: 
SUCCESS: add waiting list
SUCCESS: add ok to do list at time 358
SUCCESS: schedule at time 358
newly_valid list is: 
SUCCESS: add waiting list
SUCCESS: add ok to do list at time 359
SUCCESS: schedule at time 359
newly_valid list is: 
SUCCESS: add waiting list
SUCCESS: add ok to do list at time 360
SUCCESS: schedule at time 360
newly_valid list is: 
SUCCESS: add waiting list
SUCCESS: add ok to do list at time 361
SUCCESS: schedule at time 361
newly_valid list is: 
SUCCESS: add waiting list
SUCCESS: add ok to do list at time 362
SUCCESS: schedule at time 362
newly_valid list is: 
SUCCESS: add waiting list
SUCCESS: add ok to do list at time 363
SUCCESS: schedule at time 363
newly_valid list is: 
SUCCESS: add waiting list
SUCCESS: add ok to do list at time 364
SUCCESS: schedule at time 364
newly_valid list is: 
SUCCESS: add waiting list
SUCCESS: add ok to do list at time 365
SUCCESS: schedule at time 365
newly_valid list is: 
SUCCESS: add waiting list
SUCCESS: add ok to do list at time 366
SUCCESS: schedule at time 366
newly_valid list is: 
SUCCESS: add waiting list
SUCCESS: add ok to do list at time 367
SUCCESS: schedule at time 367
newly_valid list is: 
SUCCESS: add waiting list
SUCCESS: add ok to do list at time 368
SUCCESS: schedule at time 368
newly_valid list is: 
SUCCESS: add waiting list
SUCCESS: add ok to do list at time 369
SUCCESS: schedule at time 369
newly_valid list is: 
SUCCESS: add waiting list
SUCCESS: add ok to do list at time 370
SUCCESS: schedule at time 370
newly_valid list is: 
SUCCESS: add waiting list
SUCCESS: add ok to do list at time 371
SUCCESS: schedule at time 371
newly_valid list is: 
SUCCESS: add waiting list
SUCCESS: add ok to do list at time 372
SUCCESS: schedule at time 372
newly_valid list is: 
SUCCESS: add waiting list
SUCCESS: add ok to do list at time 373
SUCCESS: schedule at time 373
newly_valid list is: 
SUCCESS: add waiting list
SUCCESS: add ok to do list at time 374
SUCCESS: schedule at time 374
newly_valid list is: 
SUCCESS: add waiting list
SUCCESS: add ok to do list at time 375
SUCCESS: schedule at time 375
newly_valid list is: 
SUCCESS: add waiting list
SUCCESS: add ok to do list at time 376
SUCCESS: schedule at time 376
newly_valid list is: 
SUCCESS: add waiting list
SUCCESS: add ok to do list at time 377
SUCCESS: schedule at time 377
newly_valid list is: 
SUCCESS: add waiting list
SUCCESS: add ok to do list at time 378
SUCCESS: schedule at time 378
newly_valid list is: 
SUCCESS: add waiting list
SUCCESS: add ok to do list at time 379
SUCCESS: schedule at time 379
newly_valid list is: 
SUCCESS: add waiting list
SUCCESS: add ok to do list at time 380
SUCCESS: schedule at time 380
newly_valid list is: 
SUCCESS: add waiting list
SUCCESS: add ok to do list at time 381
SUCCESS: schedule at time 381
newly_valid list is: 
SUCCESS: add waiting list
SUCCESS: add ok to do list at time 382
SUCCESS: schedule at time 382
newly_valid list is: 
SUCCESS: add waiting list
SUCCESS: add ok to do list at time 383
SUCCESS: schedule at time 383
newly_valid list is: 
SUCCESS: add waiting list
SUCCESS: add ok to do list at time 384
SUCCESS: schedule at time 384
newly_valid list is: 
SUCCESS: add waiting list
SUCCESS: add ok to do list at time 385
SUCCESS: schedule at time 385
newly_valid list is: 
SUCCESS: add waiting list
SUCCESS: add ok to do list at time 386
SUCCESS: schedule at time 386
newly_valid list is: 
SUCCESS: add waiting list
SUCCESS: add ok to do list at time 387
SUCCESS: schedule at time 387
newly_valid list is: 
SUCCESS: add waiting list
SUCCESS: add ok to do list at time 388
SUCCESS: schedule at time 388
newly_valid list is: 
SUCCESS: add waiting list
SUCCESS: add ok to do list at time 389
SUCCESS: schedule at time 389
newly_valid list is: 
SUCCESS: add waiting list
SUCCESS: add ok to do list at time 390
SUCCESS: schedule at time 390
newly_valid list is: 
SUCCESS: add waiting list
SUCCESS: add ok to do list at time 391
SUCCESS: schedule at time 391
newly_valid list is: 
SUCCESS: add waiting list
SUCCESS: add ok to do list at time 392
SUCCESS: schedule at time 392
newly_valid list is: 
SUCCESS: add waiting list
SUCCESS: add ok to do list at time 393
SUCCESS: schedule at time 393
newly_valid list is: 
SUCCESS: add waiting list
SUCCESS: add ok to do list at time 394
SUCCESS: schedule at time 394
newly_valid list is: 
SUCCESS: add waiting list
SUCCESS: add ok to do list at time 395
SUCCESS: schedule at time 395
newly_valid list is: 
SUCCESS: add waiting list
SUCCESS: add ok to do list at time 396
SUCCESS: schedule at time 396
newly_valid list is: 
SUCCESS: add waiting list
SUCCESS: add ok to do list at time 397
SUCCESS: schedule at time 397
newly_valid list is: 
SUCCESS: add waiting list
SUCCESS: add ok to do list at time 398
SUCCESS: schedule at time 398
newly_valid list is: 
SUCCESS: add waiting list
SUCCESS: add ok to do list at time 399
SUCCESS: schedule at time 399
newly_valid list is: 
SUCCESS: add waiting list
SUCCESS: add ok to do list at time 400
SUCCESS: schedule at time 400
newly_valid list is: 
SUCCESS: add waiting list
SUCCESS: add ok to do list at time 401
SUCCESS: schedule at time 401
newly_valid list is: 
SUCCESS: add waiting list
SUCCESS: add ok to do list at time 402
SUCCESS: schedule at time 402
newly_valid list is: 
SUCCESS: add waiting list
SUCCESS: add ok to do list at time 403
SUCCESS: schedule at time 403
newly_valid list is: 
SUCCESS: add waiting list
SUCCESS: add ok to do list at time 404
SUCCESS: schedule at time 404
newly_valid list is: 
SUCCESS: add waiting list
SUCCESS: add ok to do list at time 405
SUCCESS: schedule at time 405
newly_valid list is: 
SUCCESS: add waiting list
SUCCESS: add ok to do list at time 406
SUCCESS: schedule at time 406
newly_valid list is: 
SUCCESS: add waiting list
SUCCESS: add ok to do list at time 407
SUCCESS: schedule at time 407
newly_valid list is: 
SUCCESS: add waiting list
SUCCESS: add ok to do list at time 408
SUCCESS: schedule at time 408
newly_valid list is: 
SUCCESS: add waiting list
SUCCESS: add ok to do list at time 409
SUCCESS: schedule at time 409
newly_valid list is: 
SUCCESS: add waiting list
SUCCESS: add ok to do list at time 410
SUCCESS: schedule at time 410
newly_valid list is: 
SUCCESS: add waiting list
SUCCESS: add ok to do list at time 411
SUCCESS: schedule at time 411
newly_valid list is: 
SUCCESS: add waiting list
SUCCESS: add ok to do list at time 412
SUCCESS: schedule at time 412
newly_valid list is: 
SUCCESS: add waiting list
SUCCESS: add ok to do list at time 413
SUCCESS: schedule at time 413
newly_valid list is: 
SUCCESS: add waiting list
SUCCESS: add ok to do list at time 414
SUCCESS: schedule at time 414
newly_valid list is: 
SUCCESS: add waiting list
SUCCESS: add ok to do list at time 415
SUCCESS: schedule at time 415
newly_valid list is: 
SUCCESS: add waiting list
SUCCESS: add ok to do list at time 416
SUCCESS: schedule at time 416
newly_valid list is: 
SUCCESS: add waiting list
SUCCESS: add ok to do list at time 417
SUCCESS: schedule at time 417
newly_valid list is: 
SUCCESS: add waiting list
SUCCESS: add ok to do list at time 418
SUCCESS: schedule at time 418
newly_valid list is: 
SUCCESS: add waiting list
SUCCESS: add ok to do list at time 419
SUCCESS: schedule at time 419
newly_valid list is: 
SUCCESS: add waiting list
SUCCESS: add ok to do list at time 420
SUCCESS: schedule at time 420
newly_valid list is: 
SUCCESS: add waiting list
SUCCESS: add ok to do list at time 421
SUCCESS: schedule at time 421
newly_valid list is: 
SUCCESS: add waiting list
SUCCESS: add ok to do list at time 422
SUCCESS: schedule at time 422
newly_valid list is: 
SUCCESS: add waiting list
SUCCESS: add ok to do list at time 423
SUCCESS: schedule at time 423
newly_valid list is: 
SUCCESS: add waiting list
SUCCESS: add ok to do list at time 424
SUCCESS: schedule at time 424
newly_valid list is: 
SUCCESS: add waiting list
SUCCESS: add ok to do list at time 425
SUCCESS: schedule at time 425
newly_valid list is: 
SUCCESS: add waiting list
SUCCESS: add ok to do list at time 426
SUCCESS: schedule at time 426
newly_valid list is: 
SUCCESS: add waiting list
SUCCESS: add ok to do list at time 427
SUCCESS: schedule at time 427
newly_valid list is: 
SUCCESS: add waiting list
SUCCESS: add ok to do list at time 428
SUCCESS: schedule at time 428
newly_valid list is: 
SUCCESS: add waiting list
SUCCESS: add ok to do list at time 429
SUCCESS: schedule at time 429
newly_valid list is: 
SUCCESS: add waiting list
SUCCESS: add ok to do list at time 430
SUCCESS: schedule at time 430
newly_valid list is: 
SUCCESS: add waiting list
SUCCESS: add ok to do list at time 431
SUCCESS: schedule at time 431
newly_valid list is: 
SUCCESS: add waiting list
SUCCESS: add ok to do list at time 432
SUCCESS: schedule at time 432
newly_valid list is: 
SUCCESS: add waiting list
SUCCESS: add ok to do list at time 433
SUCCESS: schedule at time 433
newly_valid list is: 
SUCCESS: add waiting list
SUCCESS: add ok to do list at time 434
SUCCESS: schedule at time 434
newly_valid list is: 
SUCCESS: add waiting list
SUCCESS: add ok to do list at time 435
SUCCESS: schedule at time 435
newly_valid list is: 
SUCCESS: add waiting list
SUCCESS: add ok to do list at time 436
SUCCESS: schedule at time 436
newly_valid list is: 
SUCCESS: add waiting list
SUCCESS: add ok to do list at time 437
SUCCESS: schedule at time 437
newly_valid list is: 
SUCCESS: add waiting list
SUCCESS: add ok to do list at time 438
SUCCESS: schedule at time 438
newly_valid list is: 
SUCCESS: add waiting list
SUCCESS: add ok to do list at time 439
SUCCESS: schedule at time 439
newly_valid list is: 
SUCCESS: add waiting list
SUCCESS: add ok to do list at time 440
SUCCESS: schedule at time 440
newly_valid list is: 
SUCCESS: add waiting list
SUCCESS: add ok to do list at time 441
SUCCESS: schedule at time 441
newly_valid list is: 
SUCCESS: add waiting list
SUCCESS: add ok to do list at time 442
SUCCESS: schedule at time 442
newly_valid list is: 
SUCCESS: add waiting list
SUCCESS: add ok to do list at time 443
SUCCESS: schedule at time 443
newly_valid list is: 
SUCCESS: add waiting list
SUCCESS: add ok to do list at time 444
SUCCESS: schedule at time 444
newly_valid list is: 
SUCCESS: add waiting list
SUCCESS: add ok to do list at time 445
SUCCESS: schedule at time 445
newly_valid list is: 
SUCCESS: add waiting list
SUCCESS: add ok to do list at time 446
SUCCESS: schedule at time 446
newly_valid list is: 
SUCCESS: add waiting list
SUCCESS: add ok to do list at time 447
SUCCESS: schedule at time 447
newly_valid list is: 
SUCCESS: add waiting list
SUCCESS: add ok to do list at time 448
SUCCESS: schedule at time 448
newly_valid list is: 
SUCCESS: add waiting list
SUCCESS: add ok to do list at time 449
SUCCESS: schedule at time 449
newly_valid list is: 
SUCCESS: add waiting list
SUCCESS: add ok to do list at time 450
SUCCESS: schedule at time 450
newly_valid list is: 
SUCCESS: add waiting list
SUCCESS: add ok to do list at time 451
SUCCESS: schedule at time 451
newly_valid list is: 
SUCCESS: add waiting list
SUCCESS: add ok to do list at time 452
SUCCESS: schedule at time 452
newly_valid list is: 
SUCCESS: add waiting list
SUCCESS: add ok to do list at time 453
SUCCESS: schedule at time 453
newly_valid list is: 
SUCCESS: add waiting list
SUCCESS: add ok to do list at time 454
SUCCESS: schedule at time 454
newly_valid list is: 
SUCCESS: add waiting list
SUCCESS: add ok to do list at time 455
SUCCESS: schedule at time 455
newly_valid list is: 
SUCCESS: add waiting list
SUCCESS: add ok to do list at time 456
SUCCESS: schedule at time 456
newly_valid list is: 
SUCCESS: add waiting list
SUCCESS: add ok to do list at time 457
SUCCESS: schedule at time 457
newly_valid list is: 
SUCCESS: add waiting list
SUCCESS: add ok to do list at time 458
SUCCESS: schedule at time 458
newly_valid list is: 
SUCCESS: add waiting list
SUCCESS: add ok to do list at time 459
SUCCESS: schedule at time 459
newly_valid list is: 
SUCCESS: add waiting list
SUCCESS: add ok to do list at time 460
SUCCESS: schedule at time 460
newly_valid list is: 
SUCCESS: add waiting list
SUCCESS: add ok to do list at time 461
SUCCESS: schedule at time 461
newly_valid list is: 
SUCCESS: add waiting list
SUCCESS: add ok to do list at time 462
SUCCESS: schedule at time 462
newly_valid list is: 
SUCCESS: add waiting list
SUCCESS: add ok to do list at time 463
SUCCESS: schedule at time 463
newly_valid list is: 
SUCCESS: add waiting list
SUCCESS: add ok to do list at time 464
SUCCESS: schedule at time 464
newly_valid list is: 
SUCCESS: add waiting list
SUCCESS: add ok to do list at time 465
SUCCESS: schedule at time 465
newly_valid list is: 
SUCCESS: add waiting list
SUCCESS: add ok to do list at time 466
SUCCESS: schedule at time 466
newly_valid list is: 
SUCCESS: add waiting list
Finished: schedule!
this is the instruction from 0 to 469
0:	(3, 2, 3, 1, 1)	(4, 2, 3, 1, 1)	(6, 5, 3, 1, 1)	(8, 7, 3, 1, 1)	(10, 9, 3, 1, 1)	(11, 9, 3, 1, 1)	(13, 12, 3, 1, 1)	(22, 21, 3, 1, 1)	(25, 24, 3, 1, 1)	(26, 24, 3, 1, 1)	(28, 27, 3, 1, 1)	(30, 29, 3, 1, 1)	(32, 31, 3, 1, 1)	(50, 49, 3, 1, 1)	(112, 111, 3, 1, 1)	(116, 115, 3, 1, 1)
1:	(36, 34, 3, 1, 1)	(45, 44, 3, 1, 1)	(53, 52, 3, 1, 1)	(58, 57, 3, 1, 1)	(59, 57, 3, 1, 1)	(61, 60, 3, 1, 1)	(62, 60, 3, 1, 1)	(64, 63, 3, 1, 1)	(65, 63, 3, 1, 1)	(88, 87, 3, 1, 1)	(114, 113, 3, 1, 1)	(134, 133, 3, 1, 1)	(136, 135, 3, 1, 1)	(138, 137, 3, 1, 1)	(176, 175, 3, 1, 1)	(406, 403, 3, 1, 1)
2:	(85, 84, 3, 1, 1)	(86, 84, 3, 1, 1)	(89, 87, 3, 1, 1)	(91, 90, 3, 1, 1)	(93, 92, 3, 1, 1)	(95, 94, 3, 1, 1)	(96, 94, 3, 1, 1)	(98, 97, 3, 1, 1)	(101, 100, 3, 1, 1)	(103, 100, 3, 1, 1)	(109, 108, 3, 1, 1)	(110, 108, 3, 1, 1)	(170, 169, 3, 1, 1)	(171, 169, 3, 1, 1)	(177, 175, 3, 1, 1)	(712, 710, 3, 1, 1)
3:	(117, 115, 3, 1, 1)	(119, 118, 3, 1, 1)	(128, 127, 3, 1, 1)	(131, 130, 3, 1, 1)	(132, 130, 3, 1, 1)	(142, 140, 3, 1, 1)	(200, 199, 3, 1, 1)	(201, 199, 3, 1, 1)	(203, 202, 3, 1, 1)	(210, 209, 3, 1, 1)	(221, 220, 3, 1, 1)	(222, 220, 3, 1, 1)	(283, 282, 3, 1, 1)	(441, 440, 3, 1, 1)	(518, 517, 3, 1, 1)	(752, 751, 3, 1, 1)
4:	(151, 150, 3, 1, 1)	(162, 161, 3, 1, 1)	(165, 164, 3, 1, 1)	(173, 172, 3, 1, 1)	(174, 172, 3, 1, 1)	(213, 212, 3, 1, 1)	(223, 220, 3, 1, 1)	(241, 240, 3, 1, 1)	(331, 330, 3, 1, 1)	(346, 345, 3, 1, 1)	(347, 345, 3, 1, 1)	(425, 424, 3, 1, 1)	(544, 542, 3, 1, 1)	(711, 710, 3, 1, 1)	(786, 783, 3, 1, 1)	(-1, -1, -1, -1, 0)
5:	(197, 196, 3, 1, 1)	(198, 196, 3, 1, 1)	(205, 204, 3, 1, 1)	(207, 206, 3, 1, 1)	(208, 206, 3, 1, 1)	(215, 212, 3, 1, 1)	(284, 282, 3, 1, 1)	(373, 371, 3, 1, 1)	(383, 382, 3, 1, 1)	(426, 424, 3, 1, 1)	(427, 424, 3, 1, 1)	(514, 513, 3, 1, 1)	(515, 513, 3, 1, 1)	(553, 551, 3, 1, 1)	(594, 593, 3, 1, 1)	(1177, 1176, 3, 1, 1)
6:	(260, 259, 3, 1, 1)	(261, 259, 3, 1, 1)	(332, 330, 3, 1, 1)	(333, 330, 3, 1, 1)	(372, 371, 3, 1, 1)	(456, 455, 3, 1, 1)	(477, 476, 3, 1, 1)	(478, 476, 3, 1, 1)	(479, 476, 3, 1, 1)	(591, 590, 3, 1, 1)	(592, 590, 3, 1, 1)	(715, 713, 3, 1, 1)	(763, 762, 3, 1, 1)	(882, 881, 3, 1, 1)	(886, 885, 3, 1, 1)	(897, 896, 3, 1, 1)
7:	(404, 403, 3, 1, 1)	(405, 403, 3, 1, 1)	(493, 492, 3, 1, 1)	(494, 492, 3, 1, 1)	(495, 492, 3, 1, 1)	(516, 513, 3, 1, 1)	(519, 517, 3, 1, 1)	(520, 517, 3, 1, 1)	(543, 542, 3, 1, 1)	(586, 585, 3, 1, 1)	(764, 762, 3, 1, 1)	(899, 898, 3, 1, 1)	(984, 983, 3, 1, 1)	(1106, 1105, 3, 1, 1)	(1273, 1270, 3, 1, 1)	(1632, 1629, 3, 1, 1)
8:	(545, 542, 3, 1, 1)	(552, 551, 3, 1, 1)	(582, 581, 3, 1, 1)	(595, 593, 3, 1, 1)	(607, 605, 3, 1, 1)	(714, 713, 3, 1, 1)	(717, 716, 3, 1, 1)	(718, 716, 3, 1, 1)	(784, 783, 3, 1, 1)	(900, 898, 3, 1, 1)	(918, 917, 3, 1, 1)	(922, 920, 3, 1, 1)	(924, 923, 3, 1, 1)	(1049, 1047, 3, 1, 1)	(-1, -1, -1, -1, 0)	(-1, -1, -1, -1, 0)
9:	(584, 583, 3, 1, 1)	(606, 605, 3, 1, 1)	(724, 723, 3, 1, 1)	(725, 723, 3, 1, 1)	(748, 747, 3, 1, 1)	(750, 749, 3, 1, 1)	(785, 783, 3, 1, 1)	(902, 901, 3, 1, 1)	(1026, 1025, 3, 1, 1)	(1048, 1047, 3, 1, 1)	(1051, 1050, 3, 1, 1)	(1440, 1439, 3, 1, 1)	(2076, 138, 0, 1, 1)	(178, 176, 0, 1, 1)	(1987, 201, 0, 1, 1)	(-1, -1, -1, -1, 0)
10:	(745, 744, 3, 1, 1)	(746, 744, 3, 1, 1)	(781, 780, 3, 1, 1)	(782, 780, 3, 1, 1)	(799, 798, 3, 1, 1)	(800, 798, 3, 1, 1)	(801, 798, 3, 1, 1)	(982, 981, 3, 1, 1)	(1029, 1028, 3, 1, 1)	(1031, 1030, 3, 1, 1)	(1178, 1176, 3, 1, 1)	(1179, 1176, 3, 1, 1)	(2077, -1, 2, -1, 1)	(179, -1, 2, -1, 1)	(2000, -1, 2, -1, 1)	(1361, 1359, 3, 1, 1)
11:	(877, 876, 3, 1, 1)	(880, 879, 3, 1, 1)	(884, 883, 3, 1, 1)	(895, 894, 3, 1, 1)	(904, 903, 3, 1, 1)	(905, 903, 3, 1, 1)	(1003, 1002, 3, 1, 1)	(1046, 1045, 3, 1, 1)	(1053, 1052, 3, 1, 1)	(1218, 1217, 3, 1, 1)	(1219, 1217, 3, 1, 1)	(1339, 1338, 3, 1, 1)	(1432, 1431, 3, 1, 1)	(1862, 1861, 3, 1, 1)	(2002, 2001, 3, 1, 1)	(2190, 4, 0, 1, 1)
12:	(980, 979, 3, 1, 1)	(1004, 1002, 3, 1, 1)	(1006, 1005, 3, 1, 1)	(1008, 1007, 3, 1, 1)	(1022, 1021, 3, 1, 1)	(1033, 1032, 3, 1, 1)	(1250, 1249, 3, 1, 1)	(1251, 1249, 3, 1, 1)	(1252, 1249, 3, 1, 1)	(1271, 1270, 3, 1, 1)	(1272, 1270, 3, 1, 1)	(1287, 1286, 3, 1, 1)	(1563, 1562, 3, 1, 1)	(2016, 2015, 3, 1, 1)	(178, 177, 0, 1, 1)	(2204, -1, 2, -1, 1)
13:	(1035, 1034, 3, 1, 1)	(1044, 1043, 3, 1, 1)	(1054, 1052, 3, 1, 1)	(1129, 1128, 3, 1, 1)	(1229, 1228, 3, 1, 1)	(1341, 1338, 3, 1, 1)	(1360, 1359, 3, 1, 1)	(1362, 1359, 3, 1, 1)	(1399, 1397, 3, 1, 1)	(1441, 1439, 3, 1, 1)	(1859, 1858, 3, 1, 1)	(1860, 1858, 3, 1, 1)	(2137, 2136, 3, 1, 1)	(526, 518, 0, 1, 1)	(182, -1, 2, -1, 1)	(1947, 518, 0, 1, 1)
14:	(1067, 1066, 3, 1, 1)	(1068, 1066, 3, 1, 1)	(1069, 1066, 3, 1, 1)	(1087, 1086, 3, 1, 1)	(1107, 1105, 3, 1, 1)	(1192, 1191, 3, 1, 1)	(1193, 1191, 3, 1, 1)	(1302, 1301, 3, 1, 1)	(1560, 1559, 3, 1, 1)	(1561, 1559, 3, 1, 1)	(1570, 1569, 3, 1, 1)	(1571, 1569, 3, 1, 1)	(1627, 1626, 3, 1, 1)	(527, -1, 2, -1, 1)	(20, 6, 0, 1, 1)	(1948, -1, 2, -1, 1)
15:	(1130, 1128, 3, 1, 1)	(1340, 1338, 3, 1, 1)	(1364, 1363, 3, 1, 1)	(1365, 1363, 3, 1, 1)	(1366, 1363, 3, 1, 1)	(1389, 1388, 3, 1, 1)	(1390, 1388, 3, 1, 1)	(1391, 1388, 3, 1, 1)	(1598, 1597, 3, 1, 1)	(2020, 2018, 3, 1, 1)	(2025, 2022, 3, 1, 1)	(2145, 2144, 3, 1, 1)	(2149, 2147, 3, 1, 1)	(2207, 11, 0, 1, 1)	(23, -1, 2, -1, 1)	(2194, 88, 0, 1, 1)
16:	(1323, 1322, 3, 1, 1)	(1324, 1322, 3, 1, 1)	(1325, 1322, 3, 1, 1)	(1398, 1397, 3, 1, 1)	(1428, 1427, 3, 1, 1)	(1437, 1436, 3, 1, 1)	(1438, 1436, 3, 1, 1)	(1594, 1593, 3, 1, 1)	(1609, 1608, 3, 1, 1)	(1840, 1839, 3, 1, 1)	(2190, 3, 0, 1, 1)	(38, 36, 0, 1, 1)	(66, 64, 0, 1, 1)	(2209, -1, 2, -1, 1)	(120, 114, 0, 1, 1)	(2199, -1, 2, -1, 1)
17:	(1430, 1429, 3, 1, 1)	(1452, 1451, 3, 1, 1)	(1453, 1451, 3, 1, 1)	(1630, 1629, 3, 1, 1)	(1631, 1629, 3, 1, 1)	(1864, 1863, 3, 1, 1)	(2008, 2007, 3, 1, 1)	(2009, 2007, 3, 1, 1)	(2131, 2130, 3, 1, 1)	(33, 32, 0, 1, 1)	(2203, -1, 2, -1, 1)	(42, -1, 2, -1, 1)	(67, -1, 2, -1, 1)	(2062, 116, 0, 1, 1)	(122, -1, 2, -1, 1)	(2065, 176, 0, 1, 1)
18:	(1557, 1556, 3, 1, 1)	(1558, 1556, 3, 1, 1)	(1564, 1562, 3, 1, 1)	(1610, 1608, 3, 1, 1)	(1645, 1644, 3, 1, 1)	(1646, 1644, 3, 1, 1)	(2014, 2013, 3, 1, 1)	(2210, 64, 0, 1, 1)	(2113, 88, 0, 1, 1)	(35, -1, 2, -1, 1)	(2113, 89, 0, 1, 1)	(2087, 171, 0, 1, 1)	(2075, 132, 0, 1, 1)	(2063, -1, 2, -1, 1)	(2096, 132, 0, 1, 1)	(2066, -1, 2, -1, 1)
19:	(1591, 1590, 3, 1, 1)	(1592, 1590, 3, 1, 1)	(1596, 1595, 3, 1, 1)	(1836, 1835, 3, 1, 1)	(2143, 2142, 3, 1, 1)	(2154, 2151, 3, 1, 1)	(2237, 25, 0, 1, 1)	(2211, -1, 2, -1, 1)	(2127, -1, 2, -1, 1)	(2237, 26, 0, 1, 1)	(2129, -1, 2, -1, 1)	(2094, -1, 2, -1, 1)	(2085, -1, 2, -1, 1)	(149, 134, 0, 1, 1)	(2112, -1, 2, -1, 1)	(-1, 109, 0, 1, 1)
20:	(1628, 1626, 3, 1, 1)	(1647, 1644, 3, 1, 1)	(1878, 1877, 3, 1, 1)	(2141, 2139, 3, 1, 1)	(2206, 3, 0, 1, 1)	(2206, 4, 0, 1, 1)	(2246, -1, 2, -1, 1)	(14, 8, 0, 1, 1)	(2207, 10, 0, 1, 1)	(2247, -1, 2, -1, 1)	(66, 65, 0, 1, 1)	(121, 119, 0, 1, 1)	(242, 241, 0, 1, 1)	(152, -1, 2, -1, 1)	(339, 331, 0, 1, 1)	(2061, -1, 0, 0, 1)
21:	(1838, 1837, 3, 1, 1)	(2011, 2010, 3, 1, 1)	(2012, 2010, 3, 1, 1)	(2220, 25, 0, 1, 1)	(2216, -1, 2, -1, 1)	(2217, -1, 2, -1, 1)	(37, 30, 0, 1, 1)	(16, -1, 2, -1, 1)	(2208, -1, 2, -1, 1)	(139, 138, 0, 1, 1)	(70, -1, 2, -1, 1)	(125, -1, 2, -1, 1)	(243, -1, 2, -1, 1)	(2114, 95, 0, 1, 1)	(340, -1, 2, -1, 1)	(2070, -1, 2, -1, 1)
22:	(2138, 2136, 3, 1, 1)	(2191, 8, 0, 1, 1)	(43, 28, 0, 1, 1)	(2235, -1, 2, -1, 1)	(2238, 32, 0, 1, 1)	(54, 53, 0, 1, 1)	(39, -1, 2, -1, 1)	(2196, 93, 0, 1, 1)	(144, 142, 0, 1, 1)	(141, -1, 2, -1, 1)	(211, 210, 0, 1, 1)	(521, 518, 0, 1, 1)	(229, 223, 0, 1, 1)	(2115, -1, 2, -1, 1)	(1185, 1177, 0, 1, 1)	(753, 748, 0, 1, 1)
23:	(2140, 2139, 3, 1, 1)	(2192, -1, 2, -1, 1)	(46, -1, 2, -1, 1)	(15, 13, 0, 1, 1)	(2239, -1, 2, -1, 1)	(55, -1, 2, -1, 1)	(2220, 26, 0, 1, 1)	(2197, -1, 2, -1, 1)	(148, -1, 2, -1, 1)	(71, 61, 0, 1, 1)	(214, -1, 2, -1, 1)	(522, -1, 2, -1, 1)	(233, -1, 2, -1, 1)	(2240, 61, 0, 1, 1)	(1186, -1, 2, -1, 1)	(754, -1, 2, -1, 1)
24:	(2183, 22, 0, 1, 1)	(2221, 30, 0, 1, 1)	(143, 136, 0, 1, 1)	(19, -1, 2, -1, 1)	(2097, 136, 0, 1, 1)	(2114, 96, 0, 1, 1)	(2236, -1, 2, -1, 1)	(2045, 110, 0, 1, 1)	(2075, 131, 0, 1, 1)	(73, -1, 2, -1, 1)	(2096, 131, 0, 1, 1)	(442, 441, 0, 1, 1)	(166, 165, 0, 1, 1)	(2241, -1, 2, -1, 1)	(1973, 331, 0, 1, 1)	(792, 786, 0, 1, 1)
25:	(2186, -1, 2, -1, 1)	(2222, -1, 2, -1, 1)	(145, -1, 2, -1, 1)	(77, 58, 0, 1, 1)	(2098, -1, 2, -1, 1)	(2116, -1, 2, -1, 1)	(104, 85, 0, 1, 1)	(2059, -1, 2, -1, 1)	(2083, -1, 2, -1, 1)	(153, 128, 0, 1, 1)	(2110, -1, 2, -1, 1)	(443, -1, 2, -1, 1)	(167, -1, 2, -1, 1)	(229, 221, 0, 1, 1)	(1974, -1, 2, -1, 1)	(796, -1, 2, -1, 1)
26:	(2174, 58, 0, 1, 1)	(77, 59, 0, 1, 1)	(2174, 59, 0, 1, 1)	(80, -1, 2, -1, 1)	(407, 406, 0, 1, 1)	(1937, 406, 0, 1, 1)	(106, -1, 2, -1, 1)	(99, 98, 0, 1, 1)	(189, 171, 0, 1, 1)	(156, -1, 2, -1, 1)	(735, 712, 0, 1, 1)	(434, 425, 0, 1, 1)	(1941, 425, 0, 1, 1)	(230, -1, 2, -1, 1)	(664, 544, 0, 1, 1)	(1988, 207, 0, 1, 1)
27:	(2175, -1, 2, -1, 1)	(81, -1, 2, -1, 1)	(2178, -1, 2, -1, 1)	(71, 62, 0, 1, 1)	(411, -1, 2, -1, 1)	(1968, -1, 2, -1, 1)	(2045, 109, 0, 1, 1)	(102, -1, 2, -1, 1)	(195, -1, 2, -1, 1)	(719, 712, 0, 1, 1)	(740, -1, 2, -1, 1)	(435, -1, 2, -1, 1)	(1942, -1, 2, -1, 1)	(2062, 117, 0, 1, 1)	(666, -1, 2, -1, 1)	(1989, -1, 2, -1, 1)
28:	(2046, 114, 0, 1, 1)	(412, 406, 0, 1, 1)	(2061, 110, 0, 1, 1)	(76, -1, 2, -1, 1)	(1987, 200, 0, 1, 1)	(2050, 200, 0, 1, 1)	(2058, -1, 2, -1, 1)	(224, 221, 0, 1, 1)	(315, 221, 0, 1, 1)	(721, -1, 2, -1, 1)	(224, 223, 0, 1, 1)	(315, 223, 0, 1, 1)	(719, 711, 0, 1, 1)	(2064, -1, 2, -1, 1)	(216, 197, 0, 1, 1)	(216, 198, 0, 1, 1)
29:	(2047, -1, 2, -1, 1)	(416, -1, 2, -1, 1)	(2071, -1, 2, -1, 1)	(104, 86, 0, 1, 1)	(1998, -1, 2, -1, 1)	(2055, -1, 2, -1, 1)	(189, 170, 0, 1, 1)	(225, -1, 2, -1, 1)	(316, -1, 2, -1, 1)	(229, 222, 0, 1, 1)	(228, -1, 2, -1, 1)	(326, -1, 2, -1, 1)	(720, -1, 2, -1, 1)	(429, 425, 0, 1, 1)	(218, -1, 2, -1, 1)	(219, -1, 2, -1, 1)
30:	(126, 112, 0, 1, 1)	(285, 283, 0, 1, 1)	(307, 283, 0, 1, 1)	(107, -1, 2, -1, 1)	(183, 173, 0, 1, 1)	(348, 346, 0, 1, 1)	(192, -1, 2, -1, 1)	(1932, 346, 0, 1, 1)	(824, 786, 0, 1, 1)	(231, -1, 2, -1, 1)	(374, 373, 0, 1, 1)	(554, 553, 0, 1, 1)	(262, 260, 0, 1, 1)	(430, -1, 2, -1, 1)	(262, 261, 0, 1, 1)	(374, 372, 0, 1, 1)
31:	(129, -1, 2, -1, 1)	(286, -1, 2, -1, 1)	(308, -1, 2, -1, 1)	(757, 752, 0, 1, 1)	(185, -1, 2, -1, 1)	(349, -1, 2, -1, 1)	(546, 544, 0, 1, 1)	(1933, -1, 2, -1, 1)	(828, -1, 2, -1, 1)	(570, 544, 0, 1, 1)	(376, -1, 2, -1, 1)	(558, -1, 2, -1, 1)	(263, -1, 2, -1, 1)	(787, 786, 0, 1, 1)	(265, -1, 2, -1, 1)	(375, -1, 2, -1, 1)
32:	(2087, 170, 0, 1, 1)	(315, 222, 0, 1, 1)	(334, 331, 0, 1, 1)	(759, -1, 2, -1, 1)	(285, 284, 0, 1, 1)	(307, 284, 0, 1, 1)	(548, -1, 2, -1, 1)	(378, 373, 0, 1, 1)	(536, 514, 0, 1, 1)	(576, -1, 2, -1, 1)	(536, 515, 0, 1, 1)	(334, 332, 0, 1, 1)	(334, 333, 0, 1, 1)	(790, -1, 2, -1, 1)	(378, 372, 0, 1, 1)	(457, 456, 0, 1, 1)
33:	(2088, -1, 2, -1, 1)	(317, -1, 2, -1, 1)	(335, -1, 2, -1, 1)	(224, 222, 0, 1, 1)	(289, -1, 2, -1, 1)	(312, -1, 2, -1, 1)	(183, 174, 0, 1, 1)	(380, -1, 2, -1, 1)	(537, -1, 2, -1, 1)	(2052, 205, 0, 1, 1)	(538, -1, 2, -1, 1)	(336, -1, 2, -1, 1)	(338, -1, 2, -1, 1)	(531, 514, 0, 1, 1)	(379, -1, 2, -1, 1)	(458, -1, 2, -1, 1)
34:	(2078, 173, 0, 1, 1)	(735, 711, 0, 1, 1)	(1988, 208, 0, 1, 1)	(226, -1, 2, -1, 1)	(434, 426, 0, 1, 1)	(1941, 426, 0, 1, 1)	(188, -1, 2, -1, 1)	(531, 515, 0, 1, 1)	(1722, 1177, 0, 1, 1)	(2053, -1, 2, -1, 1)	(486, 477, 0, 1, 1)	(504, 477, 0, 1, 1)	(736, 715, 0, 1, 1)	(532, -1, 2, -1, 1)	(846, 715, 0, 1, 1)	(641, 495, 0, 1, 1)
35:	(2079, -1, 2, -1, 1)	(738, -1, 2, -1, 1)	(1990, -1, 2, -1, 1)	(429, 427, 0, 1, 1)	(436, -1, 2, -1, 1)	(1943, -1, 2, -1, 1)	(434, 427, 0, 1, 1)	(533, -1, 2, -1, 1)	(1723, -1, 2, -1, 1)	(270, 260, 0, 1, 1)	(487, -1, 2, -1, 1)	(505, -1, 2, -1, 1)	(741, -1, 2, -1, 1)	(339, 332, 0, 1, 1)	(858, -1, 2, -1, 1)	(650, -1, 2, -1, 1)
36:	(348, 347, 0, 1, 1)	(384, 383, 0, 1, 1)	(429, 426, 0, 1, 1)	(433, -1, 2, -1, 1)	(1946, 514, 0, 1, 1)	(1946, 515, 0, 1, 1)	(439, -1, 2, -1, 1)	(600, 594, 0, 1, 1)	(1913, 594, 0, 1, 1)	(271, -1, 2, -1, 1)	(270, 261, 0, 1, 1)	(481, 477, 0, 1, 1)	(481, 478, 0, 1, 1)	(341, -1, 2, -1, 1)	(486, 478, 0, 1, 1)	(531, 516, 0, 1, 1)
37:	(352, -1, 2, -1, 1)	(385, -1, 2, -1, 1)	(431, -1, 2, -1, 1)	(1973, 332, 0, 1, 1)	(1950, -1, 2, -1, 1)	(1951, -1, 2, -1, 1)	(339, 333, 0, 1, 1)	(601, -1, 2, -1, 1)	(1914, -1, 2, -1, 1)	(1973, 333, 0, 1, 1)	(273, -1, 2, -1, 1)	(482, -1, 2, -1, 1)	(483, -1, 2, -1, 1)	(1912, 592, 0, 1, 1)	(488, -1, 2, -1, 1)	(535, -1, 2, -1, 1)
38:	(1180, 1177, 0, 1, 1)	(486, 479, 0, 1, 1)	(765, 763, 0, 1, 1)	(1975, -1, 2, -1, 1)	(1937, 404, 0, 1, 1)	(1937, 405, 0, 1, 1)	(344, -1, 2, -1, 1)	(496, 493, 0, 1, 1)	(496, 495, 0, 1, 1)	(1985, -1, 2, -1, 1)	(526, 519, 0, 1, 1)	(554, 552, 0, 1, 1)	(608, 606, 0, 1, 1)	(1929, -1, 2, -1, 1)	(644, 606, 0, 1, 1)	(-1, 1178, 0, 1, 1)
39:	(1181, -1, 2, -1, 1)	(489, -1, 2, -1, 1)	(766, -1, 2, -1, 1)	(774, 763, 0, 1, 1)	(1938, -1, 2, -1, 1)	(1939, -1, 2, -1, 1)	(407, 405, 0, 1, 1)	(497, -1, 2, -1, 1)	(500, -1, 2, -1, 1)	(412, 405, 0, 1, 1)	(528, -1, 2, -1, 1)	(555, -1, 2, -1, 1)	(609, -1, 2, -1, 1)	(536, 516, 0, 1, 1)	(645, -1, 2, -1, 1)	(1722, -1, 0, 0, 1)
40:	(481, 479, 0, 1, 1)	(504, 479, 0, 1, 1)	(599, 592, 0, 1, 1)	(775, -1, 2, -1, 1)	(660, 493, 0, 1, 1)	(660, 495, 0, 1, 1)	(409, -1, 2, -1, 1)	(521, 520, 0, 1, 1)	(526, 520, 0, 1, 1)	(414, -1, 2, -1, 1)	(1638, 1632, 0, 1, 1)	(726, 725, 0, 1, 1)	(1722, 1179, 0, 1, 1)	(541, -1, 2, -1, 1)	(1220, 1218, 0, 1, 1)	(1724, -1, 2, -1, 1)
41:	(484, -1, 2, -1, 1)	(508, -1, 2, -1, 1)	(603, -1, 2, -1, 1)	(407, 404, 0, 1, 1)	(661, -1, 2, -1, 1)	(669, -1, 2, -1, 1)	(496, 494, 0, 1, 1)	(525, -1, 2, -1, 1)	(530, -1, 2, -1, 1)	(641, 494, 0, 1, 1)	(1642, -1, 2, -1, 1)	(728, -1, 2, -1, 1)	(1731, -1, 2, -1, 1)	(521, 519, 0, 1, 1)	(1221, -1, 2, -1, 1)	(546, 543, 0, 1, 1)
42:	(887, 882, 0, 1, 1)	(412, 404, 0, 1, 1)	(641, 493, 0, 1, 1)	(408, -1, 2, -1, 1)	(570, 543, 0, 1, 1)	(1275, 1273, 0, 1, 1)	(499, -1, 2, -1, 1)	(1280, 1273, 0, 1, 1)	(1750, 1273, 0, 1, 1)	(649, -1, 2, -1, 1)	(846, 714, 0, 1, 1)	(1039, 1029, 0, 1, 1)	(1036, 1031, 0, 1, 1)	(523, -1, 2, -1, 1)	(1382, 1361, 0, 1, 1)	(547, -1, 2, -1, 1)
43:	(888, -1, 2, -1, 1)	(413, -1, 2, -1, 1)	(642, -1, 2, -1, 1)	(660, 494, 0, 1, 1)	(571, -1, 2, -1, 1)	(1279, -1, 2, -1, 1)	(774, 764, 0, 1, 1)	(1285, -1, 2, -1, 1)	(1770, -1, 2, -1, 1)	(1633, 1632, 0, 1, 1)	(849, -1, 2, -1, 1)	(1040, -1, 2, -1, 1)	(1037, -1, 2, -1, 1)	(919, 918, 0, 1, 1)	(1384, -1, 2, -1, 1)	(181, 179, 3, 1, 1)
44:	(504, 478, 0, 1, 1)	(1947, 519, 0, 1, 1)	(1108, 1106, 0, 1, 1)	(668, -1, 2, -1, 1)	(1670, 1632, 0, 1, 1)	(546, 545, 0, 1, 1)	(777, -1, 2, -1, 1)	(570, 545, 0, 1, 1)	(787, 784, 0, 1, 1)	(1636, -1, 2, -1, 1)	(2077, 151, 0, 1, 1)	(814, 799, 0, 1, 1)	(1253, 1251, 0, 1, 1)	(921, -1, 2, -1, 1)	(1258, 1251, 0, 1, 1)	(1741, 1192, 0, 1, 1)
45:	(506, -1, 2, -1, 1)	(1949, -1, 2, -1, 1)	(1109, -1, 2, -1, 1)	(664, 543, 0, 1, 1)	(1674, -1, 2, -1, 1)	(549, -1, 2, -1, 1)	(1116, 1106, 0, 1, 1)	(578, -1, 2, -1, 1)	(788, -1, 2, -1, 1)	(587, 582, 0, 1, 1)	(2081, -1, 2, -1, 1)	(815, -1, 2, -1, 1)	(1255, -1, 2, -1, 1)	(787, 785, 0, 1, 1)	(1260, -1, 2, -1, 1)	(1742, -1, 2, -1, 1)
46:	(572, 552, 0, 1, 1)	(608, 607, 0, 1, 1)	(792, 784, 0, 1, 1)	(665, -1, 2, -1, 1)	(726, 724, 0, 1, 1)	(730, 724, 0, 1, 1)	(1117, -1, 2, -1, 1)	(792, 785, 0, 1, 1)	(906, 902, 0, 1, 1)	(588, -1, 2, -1, 1)	(1991, 745, 0, 1, 1)	(836, 781, 0, 1, 1)	(802, 801, 0, 1, 1)	(789, -1, 2, -1, 1)	(814, 801, 0, 1, 1)	(1342, 1339, 0, 1, 1)
47:	(573, -1, 2, -1, 1)	(612, -1, 2, -1, 1)	(793, -1, 2, -1, 1)	(824, 784, 0, 1, 1)	(727, -1, 2, -1, 1)	(731, -1, 2, -1, 1)	(1820, 918, 0, 1, 1)	(794, -1, 2, -1, 1)	(907, -1, 2, -1, 1)	(1446, 1440, 0, 1, 1)	(1992, -1, 2, -1, 1)	(839, -1, 2, -1, 1)	(805, -1, 2, -1, 1)	(1804, 1440, 0, 1, 1)	(817, -1, 2, -1, 1)	(1343, -1, 2, -1, 1)
48:	(968, 922, 0, 1, 1)	(824, 785, 0, 1, 1)	(1055, 1051, 0, 1, 1)	(825, -1, 2, -1, 1)	(180, 179, 3, 1, 1)	(832, 745, 0, 1, 1)	(1821, -1, 2, -1, 1)	(832, 746, 0, 1, 1)	(823, 782, 0, 1, 1)	(1447, -1, 2, -1, 1)	(836, 782, 0, 1, 1)	(182, 179, 3, 1, 1)	(1010, 1008, 0, 1, 1)	(1805, -1, 2, -1, 1)	(1253, 1250, 0, 1, 1)	(1446, 1441, 0, 1, 1)
49:	(976, -1, 2, -1, 1)	(826, -1, 2, -1, 1)	(1056, -1, 2, -1, 1)	(807, 799, 0, 1, 1)	(807, 801, 0, 1, 1)	(834, -1, 2, -1, 1)	(1180, 1179, 0, 1, 1)	(835, -1, 2, -1, 1)	(829, -1, 2, -1, 1)	(2003, 2002, 0, 1, 1)	(840, -1, 2, -1, 1)	(1009, 1006, 0, 1, 1)	(1014, -1, 2, -1, 1)	(1253, 1252, 0, 1, 1)	(1254, -1, 2, -1, 1)	(1450, -1, 2, -1, 1)
50:	(765, 764, 0, 1, 1)	(730, 725, 0, 1, 1)	(802, 799, 0, 1, 1)	(808, -1, 2, -1, 1)	(810, -1, 2, -1, 1)	(985, 982, 0, 1, 1)	(1184, -1, 2, -1, 1)	(1185, 1179, 0, 1, 1)	(1822, 1008, 0, 1, 1)	(2004, -1, 2, -1, 1)	(1746, 1251, 0, 1, 1)	(1011, -1, 2, -1, 1)	(1230, 1229, 0, 1, 1)	(1257, -1, 2, -1, 1)	(2021, 2020, 0, 1, 1)	(1327, 1323, 0, 1, 1)
51:	(768, -1, 2, -1, 1)	(732, -1, 2, -1, 1)	(803, -1, 2, -1, 1)	(989, 984, 0, 1, 1)	(1377, 1361, 0, 1, 1)	(986, -1, 2, -1, 1)	(1755, 1361, 0, 1, 1)	(1190, -1, 2, -1, 1)	(1826, -1, 2, -1, 1)	(1899, 895, 0, 1, 1)	(1748, -1, 2, -1, 1)	(1258, 1252, 0, 1, 1)	(1231, -1, 2, -1, 1)	(1750, 1271, 0, 1, 1)	(2024, -1, 2, -1, 1)	(1328, -1, 2, -1, 1)
52:	(925, 924, 0, 1, 1)	(1185, 1178, 0, 1, 1)	(1224, 1218, 0, 1, 1)	(991, -1, 2, -1, 1)	(1379, -1, 2, -1, 1)	(1487, 1339, 0, 1, 1)	(1760, -1, 2, -1, 1)	(1865, 1862, 0, 1, 1)	(1750, 1272, 0, 1, 1)	(1900, -1, 2, -1, 1)	(2155, 2137, 0, 1, 1)	(1262, -1, 2, -1, 1)	(1075, 1069, 0, 1, 1)	(1751, -1, 2, -1, 1)	(17, 16, 3, 1, 1)	(18, 16, 3, 1, 1)
53:	(926, -1, 2, -1, 1)	(1187, -1, 2, -1, 1)	(1225, -1, 2, -1, 1)	(802, 800, 0, 1, 1)	(807, 800, 0, 1, 1)	(1488, -1, 2, -1, 1)	(814, 800, 0, 1, 1)	(1867, -1, 2, -1, 1)	(1752, -1, 2, -1, 1)	(1180, 1178, 0, 1, 1)	(2157, -1, 2, -1, 1)	(1830, 980, 0, 1, 1)	(1079, -1, 2, -1, 1)	(1583, 1563, 0, 1, 1)	(1693, 1563, 0, 1, 1)	(1377, 1362, 0, 1, 1)
54:	(1224, 1219, 0, 1, 1)	(1506, 1339, 0, 1, 1)	(1280, 1271, 0, 1, 1)	(804, -1, 2, -1, 1)	(809, -1, 2, -1, 1)	(1280, 1272, 0, 1, 1)	(816, -1, 2, -1, 1)	(1775, 1044, 0, 1, 1)	(1506, 1341, 0, 1, 1)	(1182, -1, 2, -1, 1)	(1804, 1441, 0, 1, 1)	(1831, -1, 2, -1, 1)	(1070, 1067, 0, 1, 1)	(1586, -1, 2, -1, 1)	(1695, -1, 2, -1, 1)	(1381, -1, 2, -1, 1)
55:	(1226, -1, 2, -1, 1)	(1507, -1, 2, -1, 1)	(1281, -1, 2, -1, 1)	(1275, 1272, 0, 1, 1)	(1288, 1287, 0, 1, 1)	(1282, -1, 2, -1, 1)	(1342, 1341, 0, 1, 1)	(1776, -1, 2, -1, 1)	(1515, -1, 2, -1, 1)	(1382, 1362, 0, 1, 1)	(1815, -1, 2, -1, 1)	(1070, 1068, 0, 1, 1)	(1071, -1, 2, -1, 1)	(1075, 1068, 0, 1, 1)	(1070, 1069, 0, 1, 1)	(1161, 1069, 0, 1, 1)
56:	(1220, 1219, 0, 1, 1)	(1275, 1271, 0, 1, 1)	(2017, 2016, 0, 1, 1)	(1277, -1, 2, -1, 1)	(1289, -1, 2, -1, 1)	(1116, 1107, 0, 1, 1)	(1346, -1, 2, -1, 1)	(1194, 1192, 0, 1, 1)	(1582, 1561, 0, 1, 1)	(1387, -1, 2, -1, 1)	(1510, 1389, 0, 1, 1)	(1072, -1, 2, -1, 1)	(1327, 1324, 0, 1, 1)	(1077, -1, 2, -1, 1)	(1074, -1, 2, -1, 1)	(1172, -1, 2, -1, 1)
57:	(1222, -1, 2, -1, 1)	(1276, -1, 2, -1, 1)	(2019, -1, 2, -1, 1)	(890, 880, 0, 1, 1)	(1258, 1250, 0, 1, 1)	(1119, -1, 2, -1, 1)	(1746, 1250, 0, 1, 1)	(1195, -1, 2, -1, 1)	(1587, -1, 2, -1, 1)	(1153, 1129, 0, 1, 1)	(1511, -1, 2, -1, 1)	(1487, 1341, 0, 1, 1)	(1329, -1, 2, -1, 1)	(1400, 1399, 0, 1, 1)	(1416, 1389, 0, 1, 1)	(1332, 1324, 0, 1, 1)
58:	(2032, 2016, 0, 1, 1)	(1418, 1399, 0, 1, 1)	(1572, 1571, 0, 1, 1)	(891, -1, 2, -1, 1)	(1259, -1, 2, -1, 1)	(1576, 1571, 0, 1, 1)	(1747, -1, 2, -1, 1)	(1510, 1390, 0, 1, 1)	(2161, 2145, 0, 1, 1)	(1154, -1, 2, -1, 1)	(2194, 89, 0, 1, 1)	(1496, -1, 2, -1, 1)	(1332, 1325, 0, 1, 1)	(1404, -1, 2, -1, 1)	(1417, -1, 2, -1, 1)	(1334, -1, 2, -1, 1)
59:	(2033, -1, 2, -1, 1)	(1422, -1, 2, -1, 1)	(1574, -1, 2, -1, 1)	(1131, 1129, 0, 1, 1)	(1377, 1360, 0, 1, 1)	(1578, -1, 2, -1, 1)	(1088, 1087, 0, 1, 1)	(1512, -1, 2, -1, 1)	(2162, -1, 2, -1, 1)	(1108, 1107, 0, 1, 1)	(2203, -1, 2, -1, 1)	(1692, 1561, 0, 1, 1)	(1335, -1, 2, -1, 1)	(1572, 1570, 0, 1, 1)	(1327, 1325, 0, 1, 1)	(1400, 1398, 0, 1, 1)
60:	(1382, 1360, 0, 1, 1)	(1755, 1360, 0, 1, 1)	(1075, 1067, 0, 1, 1)	(1132, -1, 2, -1, 1)	(1378, -1, 2, -1, 1)	(1161, 1067, 0, 1, 1)	(1089, -1, 2, -1, 1)	(1342, 1340, 0, 1, 1)	(1487, 1340, 0, 1, 1)	(1111, -1, 2, -1, 1)	(1418, 1398, 0, 1, 1)	(1704, -1, 2, -1, 1)	(1599, 1594, 0, 1, 1)	(1573, -1, 2, -1, 1)	(1330, -1, 2, -1, 1)	(1401, -1, 2, -1, 1)
61:	(1383, -1, 2, -1, 1)	(1759, -1, 2, -1, 1)	(1076, -1, 2, -1, 1)	(1161, 1068, 0, 1, 1)	(1576, 1570, 0, 1, 1)	(1162, -1, 2, -1, 1)	(1682, 1627, 0, 1, 1)	(1345, -1, 2, -1, 1)	(1495, -1, 2, -1, 1)	(1372, 1365, 0, 1, 1)	(1419, -1, 2, -1, 1)	(1372, 1366, 0, 1, 1)	(1600, -1, 2, -1, 1)	(1392, 1389, 0, 1, 1)	(1392, 1390, 0, 1, 1)	(1392, 1391, 0, 1, 1)
62:	(1303, 1302, 0, 1, 1)	(1153, 1130, 0, 1, 1)	(1506, 1340, 0, 1, 1)	(1163, -1, 2, -1, 1)	(1577, -1, 2, -1, 1)	(1416, 1391, 0, 1, 1)	(1685, -1, 2, -1, 1)	(2150, 2149, 0, 1, 1)	(1433, 1428, 0, 1, 1)	(1374, -1, 2, -1, 1)	(68, 67, 3, 1, 1)	(1376, -1, 2, -1, 1)	(123, 122, 3, 1, 1)	(1393, -1, 2, -1, 1)	(1394, -1, 2, -1, 1)	(1395, -1, 2, -1, 1)
63:	(1304, -1, 2, -1, 1)	(1158, -1, 2, -1, 1)	(1514, -1, 2, -1, 1)	(23, 21, 3, 1, 1)	(1372, 1364, 0, 1, 1)	(1424, -1, 2, -1, 1)	(1603, 1598, 0, 1, 1)	(2153, -1, 2, -1, 1)	(1434, -1, 2, -1, 1)	(2146, 2145, 0, 1, 1)	(1454, 1452, 0, 1, 1)	(1490, 1452, 0, 1, 1)	(1454, 1453, 0, 1, 1)	(1883, 1864, 0, 1, 1)	(1565, 1558, 0, 1, 1)	(147, 145, 3, 1, 1)
64:	(1194, 1193, 0, 1, 1)	(1367, 1364, 0, 1, 1)	(1367, 1365, 0, 1, 1)	(1367, 1366, 0, 1, 1)	(1373, -1, 2, -1, 1)	(1350, 1323, 0, 1, 1)	(1605, -1, 2, -1, 1)	(1350, 1324, 0, 1, 1)	(1350, 1325, 0, 1, 1)	(2148, -1, 2, -1, 1)	(1455, -1, 2, -1, 1)	(1491, -1, 2, -1, 1)	(1458, -1, 2, -1, 1)	(1884, -1, 2, -1, 1)	(1567, -1, 2, -1, 1)	(35, 34, 3, 1, 1)
65:	(1198, -1, 2, -1, 1)	(1368, -1, 2, -1, 1)	(1369, -1, 2, -1, 1)	(1371, -1, 2, -1, 1)	(1756, 1364, 0, 1, 1)	(1351, -1, 2, -1, 1)	(1756, 1365, 0, 1, 1)	(1352, -1, 2, -1, 1)	(1354, -1, 2, -1, 1)	(2209, 22, 0, 1, 1)	(1611, 1609, 0, 1, 1)	(69, 67, 3, 1, 1)	(1638, 1631, 0, 1, 1)	(1648, 1645, 0, 1, 1)	(125, 122, 3, 1, 1)	(1648, 1647, 0, 1, 1)
66:	(1131, 1130, 0, 1, 1)	(1620, 1609, 0, 1, 1)	(1845, 1840, 0, 1, 1)	(124, 122, 3, 1, 1)	(1757, -1, 2, -1, 1)	(1633, 1631, 0, 1, 1)	(1758, -1, 2, -1, 1)	(1670, 1631, 0, 1, 1)	(152, 150, 3, 1, 1)	(2215, -1, 2, -1, 1)	(1612, -1, 2, -1, 1)	(1678, 1591, 0, 1, 1)	(1640, -1, 2, -1, 1)	(1649, -1, 2, -1, 1)	(2117, 1591, 0, 1, 1)	(1651, -1, 2, -1, 1)
67:	(1135, -1, 2, -1, 1)	(1621, -1, 2, -1, 1)	(1847, -1, 2, -1, 1)	(1332, 1323, 0, 1, 1)	(1633, 1630, 0, 1, 1)	(1635, -1, 2, -1, 1)	(2026, 2008, 0, 1, 1)	(1672, -1, 2, -1, 1)	(2026, 2009, 0, 1, 1)	(1660, 1645, 0, 1, 1)	(1660, 1646, 0, 1, 1)	(1680, -1, 2, -1, 1)	(1887, 1836, 0, 1, 1)	(41, 39, 3, 1, 1)	(2118, -1, 2, -1, 1)	(755, 754, 3, 1, 1)
68:	(1866, 1864, 0, 1, 1)	(2132, 2131, 0, 1, 1)	(1648, 1646, 0, 1, 1)	(1333, -1, 2, -1, 1)	(1634, -1, 2, -1, 1)	(2117, 1592, 0, 1, 1)	(2028, -1, 2, -1, 1)	(70, 67, 3, 1, 1)	(2029, -1, 2, -1, 1)	(1661, -1, 2, -1, 1)	(1662, -1, 2, -1, 1)	(1682, 1628, 0, 1, 1)	(1888, -1, 2, -1, 1)	(154, 151, 0, 1, 1)	(-1, 177, 0, 1, 1)	(219, 217, 3, 1, 1)
69:	(1870, -1, 2, -1, 1)	(2133, -1, 2, -1, 1)	(1650, -1, 2, -1, 1)	(1638, 1630, 0, 1, 1)	(1611, 1610, 0, 1, 1)	(2127, -1, 2, -1, 1)	(2210, 65, 0, 1, 1)	(2160, 2141, 0, 1, 1)	(244, 243, 3, 1, 1)	(141, 140, 3, 1, 1)	(56, 55, 3, 1, 1)	(1686, -1, 2, -1, 1)	(168, 167, 3, 1, 1)	(156, -1, 2, -1, 1)	(2065, -1, 0, 0, 1)	(218, 217, 3, 1, 1)
70:	(1670, 1630, 0, 1, 1)	(1565, 1557, 0, 1, 1)	(1581, 1557, 0, 1, 1)	(1639, -1, 2, -1, 1)	(1614, -1, 2, -1, 1)	(1620, 1610, 0, 1, 1)	(2217, -1, 2, -1, 1)	(2166, -1, 2, -1, 1)	(2225, 2143, 0, 1, 1)	(1669, 1628, 0, 1, 1)	(2155, 2138, 0, 1, 1)	(19, 16, 3, 1, 1)	(227, 225, 3, 1, 1)	(228, 225, 3, 1, 1)	(2071, -1, 2, -1, 1)	(338, 335, 3, 1, 1)
71:	(1671, -1, 2, -1, 1)	(1566, -1, 2, -1, 1)	(1584, -1, 2, -1, 1)	(1653, 1645, 0, 1, 1)	(1653, 1647, 0, 1, 1)	(1623, -1, 2, -1, 1)	(1660, 1647, 0, 1, 1)	(214, 212, 3, 1, 1)	(2226, -1, 2, -1, 1)	(1675, -1, 2, -1, 1)	(2158, -1, 2, -1, 1)	(524, 522, 3, 1, 1)	(445, 443, 3, 1, 1)	(102, 100, 3, 1, 1)	(2050, 201, 0, 1, 1)	(129, 127, 3, 1, 1)
72:	(1653, 1646, 0, 1, 1)	(2240, 62, 0, 1, 1)	(2224, 2141, 0, 1, 1)	(1654, -1, 2, -1, 1)	(1656, -1, 2, -1, 1)	(2031, 2011, 0, 1, 1)	(1663, -1, 2, -1, 1)	(2031, 2012, 0, 1, 1)	(2184, 45, 0, 1, 1)	(148, 145, 3, 1, 1)	(107, 105, 3, 1, 1)	(377, 375, 3, 1, 1)	(226, 225, 3, 1, 1)	(1223, 1221, 3, 1, 1)	(2058, -1, 2, -1, 1)	(548, 547, 3, 1, 1)
73:	(1655, -1, 2, -1, 1)	(2247, -1, 2, -1, 1)	(2235, -1, 2, -1, 1)	(2102, 2014, 0, 1, 1)	(1678, 1592, 0, 1, 1)	(2034, -1, 2, -1, 1)	(2239, 45, 0, 1, 1)	(2037, -1, 2, -1, 1)	(2186, -1, 2, -1, 1)	(2160, 2140, 0, 1, 1)	(337, 335, 3, 1, 1)	(352, 349, 3, 1, 1)	(386, 385, 3, 1, 1)	(387, 385, 3, 1, 1)	(1913, 595, 0, 1, 1)	(556, 555, 3, 1, 1)
74:	(2101, 2011, 0, 1, 1)	(2101, 2012, 0, 1, 1)	(42, 39, 3, 1, 1)	(2103, -1, 2, -1, 1)	(1681, -1, 2, -1, 1)	(46, 44, 3, 1, 1)	(2244, -1, 2, -1, 1)	(2064, 128, 0, 1, 1)	(287, 286, 3, 1, 1)	(2163, -1, 2, -1, 1)	(289, 286, 3, 1, 1)	(534, 532, 3, 1, 1)	(1912, 591, 0, 1, 1)	(557, 555, 3, 1, 1)	(1929, -1, 2, -1, 1)	(550, 547, 3, 1, 1)
75:	(2105, -1, 2, -1, 1)	(2112, -1, 2, -1, 1)	(1841, 1838, 0, 1, 1)	(2224, 2140, 0, 1, 1)	(106, 105, 3, 1, 1)	(1932, 347, 0, 1, 1)	(823, 781, 0, 1, 1)	(2069, -1, 2, -1, 1)	(350, 349, 3, 1, 1)	(351, 349, 3, 1, 1)	(264, 263, 3, 1, 1)	(610, 609, 3, 1, 1)	(1914, -1, 2, -1, 1)	(611, 609, 3, 1, 1)	(600, 595, 0, 1, 1)	(790, 788, 3, 1, 1)
76:	(245, 243, 3, 1, 1)	(2078, 174, 0, 1, 1)	(1842, -1, 2, -1, 1)	(2228, -1, 2, -1, 1)	(736, 714, 0, 1, 1)	(1968, -1, 2, -1, 1)	(828, -1, 2, -1, 1)	(265, 263, 3, 1, 1)	(376, 375, 3, 1, 1)	(1183, 1181, 3, 1, 1)	(847, 717, 0, 1, 1)	(549, 547, 3, 1, 1)	(612, 609, 3, 1, 1)	(907, 904, 0, 1, 1)	(603, -1, 2, -1, 1)	(1402, 1401, 3, 1, 1)
77:	(2197, 101, 0, 1, 1)	(2083, -1, 2, -1, 1)	(2197, 103, 0, 1, 1)	(444, 443, 3, 1, 1)	(740, -1, 2, -1, 1)	(722, 720, 3, 1, 1)	(288, 286, 3, 1, 1)	(756, 750, 0, 1, 1)	(459, 458, 3, 1, 1)	(460, 458, 3, 1, 1)	(849, -1, 2, -1, 1)	(599, 591, 0, 1, 1)	(664, 545, 0, 1, 1)	(909, -1, 2, -1, 1)	(1736, 1033, 0, 1, 1)	(1014, 1011, 3, 1, 1)
78:	(2198, -1, 2, -1, 1)	(721, 720, 3, 1, 1)	(2200, -1, 2, -1, 1)	(572, 553, 0, 1, 1)	(2053, 213, 0, 1, 1)	(737, 718, 0, 1, 1)	(847, 718, 0, 1, 1)	(759, -1, 2, -1, 1)	(767, 766, 3, 1, 1)	(589, 588, 3, 1, 1)	(2066, 180, 0, 1, 1)	(601, -1, 2, -1, 1)	(669, -1, 2, -1, 1)	(1255, 1254, 3, 1, 1)	(1770, -1, 2, -1, 1)	(1256, 1254, 3, 1, 1)
79:	(1991, 746, 0, 1, 1)	(336, 335, 3, 1, 1)	(533, 532, 3, 1, 1)	(576, -1, 2, -1, 1)	(2054, -1, 2, -1, 1)	(741, -1, 2, -1, 1)	(858, -1, 2, -1, 1)	(535, 532, 3, 1, 1)	(498, 497, 3, 1, 1)	(558, 555, 3, 1, 1)	(2067, -1, 2, -1, 1)	(644, 607, 0, 1, 1)	(409, 408, 3, 1, 1)	(411, 408, 3, 1, 1)	(834, 833, 3, 1, 1)	(835, 833, 3, 1, 1)
80:	(1998, -1, 2, -1, 1)	(2053, 215, 0, 1, 1)	(500, 497, 3, 1, 1)	(525, 522, 3, 1, 1)	(523, 522, 3, 1, 1)	(499, 497, 3, 1, 1)	(410, 408, 3, 1, 1)	(1042, 1040, 3, 1, 1)	(190, 181, 0, 1, 1)	(1344, 1343, 3, 1, 1)	(190, 182, 0, 1, 1)	(649, -1, 2, -1, 1)	(2024, 2022, 3, 1, 1)	(1900, 897, 0, 1, 1)	(804, 803, 3, 1, 1)	(1346, 1343, 3, 1, 1)
81:	(889, 888, 3, 1, 1)	(2056, -1, 2, -1, 1)	(1041, 1040, 3, 1, 1)	(2066, 181, 0, 1, 1)	(1669, 1627, 0, 1, 1)	(791, 788, 3, 1, 1)	(907, 905, 0, 1, 1)	(806, 803, 3, 1, 1)	(192, -1, 2, -1, 1)	(988, 986, 3, 1, 1)	(193, -1, 2, -1, 1)	(927, 926, 3, 1, 1)	(1134, 1132, 3, 1, 1)	(1901, -1, 2, -1, 1)	(1380, 1378, 3, 1, 1)	(1135, 1132, 3, 1, 1)
82:	(921, 920, 3, 1, 1)	(1110, 1109, 3, 1, 1)	(1803, 1437, 0, 1, 1)	(2068, -1, 2, -1, 1)	(1674, -1, 2, -1, 1)	(1445, 1438, 0, 1, 1)	(910, -1, 2, -1, 1)	(1257, 1254, 3, 1, 1)	(987, 986, 3, 1, 1)	(1232, 1231, 3, 1, 1)	(1233, 1231, 3, 1, 1)	(2157, 2156, 3, 1, 1)	(1803, 1438, 0, 1, 1)	(2019, 2018, 3, 1, 1)	(1111, 1109, 3, 1, 1)	(1345, 1343, 3, 1, 1)
83:	(184, 181, 0, 1, 1)	(1056, 1053, 0, 1, 1)	(1805, -1, 2, -1, 1)	(1056, 1054, 0, 1, 1)	(184, 180, 0, 1, 1)	(1450, -1, 2, -1, 1)	(184, 182, 0, 1, 1)	(805, 803, 3, 1, 1)	(1868, 1867, 3, 1, 1)	(2192, 17, 0, 1, 1)	(1510, 1391, 0, 1, 1)	(892, 891, 3, 1, 1)	(1815, -1, 2, -1, 1)	(1416, 1390, 0, 1, 1)	(1090, 1089, 3, 1, 1)	(2153, 2151, 3, 1, 1)
84:	(186, -1, 2, -1, 1)	(1058, -1, 2, -1, 1)	(789, 788, 3, 1, 1)	(1059, -1, 2, -1, 1)	(185, -1, 2, -1, 1)	(728, 727, 3, 1, 1)	(187, -1, 2, -1, 1)	(1184, 1181, 3, 1, 1)	(2192, 18, 0, 1, 1)	(2193, -1, 2, -1, 1)	(1515, -1, 2, -1, 1)	(1182, 1181, 3, 1, 1)	(1290, 1289, 3, 1, 1)	(1422, -1, 2, -1, 1)	(1583, 1564, 0, 1, 1)	(1222, 1221, 3, 1, 1)
85:	(1038, 1037, 3, 1, 1)	(1443, 1432, 0, 1, 1)	(190, 180, 0, 1, 1)	(1776, 1046, 0, 1, 1)	(1073, 1071, 3, 1, 1)	(1074, 1071, 3, 1, 1)	(1291, 1289, 3, 1, 1)	(893, 891, 3, 1, 1)	(2201, -1, 2, -1, 1)	(1381, 1378, 3, 1, 1)	(1601, 1600, 3, 1, 1)	(72, 68, 0, 1, 1)	(2183, 23, 0, 1, 1)	(2047, 124, 0, 1, 1)	(1587, -1, 2, -1, 1)	(1990, 218, 0, 1, 1)
86:	(729, 727, 3, 1, 1)	(1447, -1, 2, -1, 1)	(191, -1, 2, -1, 1)	(1777, -1, 2, -1, 1)	(2005, 2004, 3, 1, 1)	(2006, 2004, 3, 1, 1)	(768, 766, 3, 1, 1)	(1582, 1560, 0, 1, 1)	(1692, 1560, 0, 1, 1)	(2195, 91, 0, 1, 1)	(1133, 1132, 3, 1, 1)	(73, -1, 2, -1, 1)	(2187, -1, 2, -1, 1)	(2049, -1, 2, -1, 1)	(1379, 1378, 3, 1, 1)	(1999, -1, 2, -1, 1)
87:	(1012, 1011, 3, 1, 1)	(1013, 1011, 3, 1, 1)	(928, 926, 3, 1, 1)	(1869, 1867, 3, 1, 1)	(1072, 1071, 3, 1, 1)	(1693, 1564, 0, 1, 1)	(1091, 1089, 3, 1, 1)	(1586, -1, 2, -1, 1)	(1695, -1, 2, -1, 1)	(2203, -1, 2, -1, 1)	(1574, 1573, 3, 1, 1)	(1575, 1573, 3, 1, 1)	(1305, 1304, 3, 1, 1)	(1306, 1304, 3, 1, 1)	(78, 68, 0, 1, 1)	(2186, 2185, 3, 1, 1)
88:	(1831, 1022, 0, 1, 1)	(1196, 1195, 3, 1, 1)	(1197, 1195, 3, 1, 1)	(1403, 1401, 3, 1, 1)	(1404, 1401, 3, 1, 1)	(1704, -1, 2, -1, 1)	(1394, 1393, 3, 1, 1)	(1395, 1393, 3, 1, 1)	(1396, 1393, 3, 1, 1)	(2211, 68, 0, 1, 1)	(1198, 1195, 3, 1, 1)	(1370, 1368, 3, 1, 1)	(2211, 69, 0, 1, 1)	(2047, 125, 0, 1, 1)	(79, -1, 2, -1, 1)	(1888, 1878, 0, 1, 1)
89:	(1832, -1, 2, -1, 1)	(1490, 1453, 0, 1, 1)	(1435, 1434, 3, 1, 1)	(2209, 23, 0, 1, 1)	(1456, 1455, 3, 1, 1)	(1457, 1455, 3, 1, 1)	(1886, 1884, 3, 1, 1)	(1369, 1368, 3, 1, 1)	(2134, 2133, 3, 1, 1)	(2212, -1, 2, -1, 1)	(78, 70, 0, 1, 1)	(1225, 1223, 0, 1, 1)	(2213, -1, 2, -1, 1)	(2059, -1, 2, -1, 1)	(564, 556, 0, 1, 1)	(1890, -1, 2, -1, 1)
90:	(2047, 123, 0, 1, 1)	(1495, -1, 2, -1, 1)	(2148, 2147, 3, 1, 1)	(2216, -1, 2, -1, 1)	(1602, 1596, 0, 1, 1)	(1613, 1612, 3, 1, 1)	(78, 69, 0, 1, 1)	(1651, 1649, 3, 1, 1)	(1652, 1649, 3, 1, 1)	(1680, 1679, 3, 1, 1)	(82, -1, 2, -1, 1)	(1227, -1, 2, -1, 1)	(154, 152, 0, 1, 1)	(1568, 1566, 3, 1, 1)	(565, -1, 2, -1, 1)	(153, 129, 0, 1, 1)
91:	(2048, -1, 2, -1, 1)	(1458, 1455, 3, 1, 1)	(1371, 1368, 3, 1, 1)	(38, 35, 0, 1, 1)	(1605, -1, 2, -1, 1)	(2028, 2027, 3, 1, 1)	(80, -1, 2, -1, 1)	(2029, 2027, 3, 1, 1)	(1636, 1634, 3, 1, 1)	(2222, 41, 0, 1, 1)	(2135, 2133, 3, 1, 1)	(250, 244, 0, 1, 1)	(158, -1, 2, -1, 1)	(1974, 337, 0, 1, 1)	(2222, 42, 0, 1, 1)	(157, -1, 2, -1, 1)
92:	(2098, 147, 0, 1, 1)	(1635, 1634, 3, 1, 1)	(1637, 1634, 3, 1, 1)	(40, -1, 2, -1, 1)	(1870, 1867, 3, 1, 1)	(2208, 13, 0, 1, 1)	(246, 244, 0, 1, 1)	(1567, 1566, 3, 1, 1)	(527, 524, 0, 1, 1)	(2231, -1, 2, -1, 1)	(2064, 129, 0, 1, 1)	(251, -1, 2, -1, 1)	(665, 548, 0, 1, 1)	(1976, -1, 2, -1, 1)	(2236, -1, 2, -1, 1)	(665, 550, 0, 1, 1)
93:	(2100, -1, 2, -1, 1)	(72, 69, 0, 1, 1)	(2077, 152, 0, 1, 1)	(156, 155, 3, 1, 1)	(2115, 98, 0, 1, 1)	(2217, -1, 2, -1, 1)	(247, -1, 2, -1, 1)	(72, 70, 0, 1, 1)	(529, -1, 2, -1, 1)	(1614, 1612, 3, 1, 1)	(2070, -1, 2, -1, 1)	(144, 141, 0, 1, 1)	(666, -1, 2, -1, 1)	(2226, 2154, 0, 1, 1)	(235, 228, 0, 1, 1)	(671, -1, 2, -1, 1)
94:	(1990, 219, 0, 1, 1)	(74, -1, 2, -1, 1)	(2085, -1, 2, -1, 1)	(2038, 219, 0, 1, 1)	(2127, -1, 2, -1, 1)	(2173, 56, 0, 1, 1)	(2038, 218, 0, 1, 1)	(75, -1, 2, -1, 1)	(2192, 19, 0, 1, 1)	(316, 227, 0, 1, 1)	(316, 228, 0, 1, 1)	(146, -1, 2, -1, 1)	(316, 226, 0, 1, 1)	(2229, -1, 2, -1, 1)	(238, -1, 2, -1, 1)	(340, 337, 0, 1, 1)
95:	(2000, -1, 2, -1, 1)	(2063, 119, 0, 1, 1)	(1650, 1649, 3, 1, 1)	(2042, -1, 2, -1, 1)	(2158, 2156, 3, 1, 1)	(2178, -1, 2, -1, 1)	(2041, -1, 2, -1, 1)	(235, 227, 0, 1, 1)	(2204, -1, 2, -1, 1)	(318, -1, 2, -1, 1)	(326, -1, 2, -1, 1)	(1243, 1223, 0, 1, 1)	(317, -1, 2, -1, 1)	(353, 352, 0, 1, 1)	(308, 287, 0, 1, 1)	(342, -1, 2, -1, 1)
96:	(2086, 168, 0, 1, 1)	(2071, -1, 2, -1, 1)	(340, 338, 0, 1, 1)	(364, 338, 0, 1, 1)	(1974, 338, 0, 1, 1)	(2051, 203, 0, 1, 1)	(450, 445, 0, 1, 1)	(237, -1, 2, -1, 1)	(379, 377, 0, 1, 1)	(1681, 1679, 3, 1, 1)	(2239, 46, 0, 1, 1)	(1246, -1, 2, -1, 1)	(2116, 106, 0, 1, 1)	(357, -1, 2, -1, 1)	(309, -1, 2, -1, 1)	(379, 376, 0, 1, 1)
97:	(2094, -1, 2, -1, 1)	(2053, 214, 0, 1, 1)	(344, -1, 2, -1, 1)	(370, -1, 2, -1, 1)	(1985, -1, 2, -1, 1)	(2058, -1, 2, -1, 1)	(452, -1, 2, -1, 1)	(2167, 107, 0, 1, 1)	(381, -1, 2, -1, 1)	(397, 377, 0, 1, 1)	(2246, -1, 2, -1, 1)	(364, 337, 0, 1, 1)	(2128, -1, 2, -1, 1)	(392, 386, 0, 1, 1)	(392, 387, 0, 1, 1)	(380, -1, 2, -1, 1)
98:	(230, 227, 0, 1, 1)	(2055, -1, 2, -1, 1)	(230, 228, 0, 1, 1)	(626, 524, 0, 1, 1)	(1948, 524, 0, 1, 1)	(446, 445, 0, 1, 1)	(230, 226, 0, 1, 1)	(2171, -1, 2, -1, 1)	(235, 226, 0, 1, 1)	(400, -1, 2, -1, 1)	(308, 289, 0, 1, 1)	(367, -1, 2, -1, 1)	(1933, 351, 0, 1, 1)	(393, -1, 2, -1, 1)	(394, -1, 2, -1, 1)	(793, 790, 0, 1, 1)
99:	(232, -1, 2, -1, 1)	(2197, 102, 0, 1, 1)	(233, -1, 2, -1, 1)	(635, -1, 2, -1, 1)	(1954, -1, 2, -1, 1)	(448, -1, 2, -1, 1)	(231, -1, 2, -1, 1)	(2098, 148, 0, 1, 1)	(236, -1, 2, -1, 1)	(2116, 107, 0, 1, 1)	(312, -1, 2, -1, 1)	(537, 534, 0, 1, 1)	(1935, -1, 2, -1, 1)	(573, 557, 0, 1, 1)	(2167, 106, 0, 1, 1)	(796, -1, 2, -1, 1)
100:	(700, 548, 0, 1, 1)	(2199, -1, 2, -1, 1)	(358, 352, 0, 1, 1)	(559, 556, 0, 1, 1)	(573, 556, 0, 1, 1)	(2184, 46, 0, 1, 1)	(290, 289, 0, 1, 1)	(2110, -1, 2, -1, 1)	(295, 289, 0, 1, 1)	(2129, -1, 2, -1, 1)	(559, 557, 0, 1, 1)	(539, -1, 2, -1, 1)	(564, 557, 0, 1, 1)	(575, -1, 2, -1, 1)	(2170, -1, 2, -1, 1)	(1843, 1842, 3, 1, 1)
101:	(701, -1, 2, -1, 1)	(2103, 2025, 0, 1, 1)	(363, -1, 2, -1, 1)	(560, -1, 2, -1, 1)	(574, -1, 2, -1, 1)	(2188, -1, 2, -1, 1)	(293, -1, 2, -1, 1)	(388, 386, 0, 1, 1)	(298, -1, 2, -1, 1)	(388, 387, 0, 1, 1)	(561, -1, 2, -1, 1)	(295, 287, 0, 1, 1)	(566, -1, 2, -1, 1)	(571, 550, 0, 1, 1)	(700, 550, 0, 1, 1)	(1844, 1842, 3, 1, 1)
102:	(1941, 427, 0, 1, 1)	(2106, -1, 2, -1, 1)	(353, 350, 0, 1, 1)	(1933, 350, 0, 1, 1)	(353, 351, 0, 1, 1)	(825, 790, 0, 1, 1)	(850, 790, 0, 1, 1)	(389, -1, 2, -1, 1)	(266, 265, 0, 1, 1)	(390, -1, 2, -1, 1)	(271, 265, 0, 1, 1)	(296, -1, 2, -1, 1)	(295, 288, 0, 1, 1)	(579, -1, 2, -1, 1)	(706, -1, 2, -1, 1)	(308, 288, 0, 1, 1)
103:	(1968, -1, 2, -1, 1)	(358, 350, 0, 1, 1)	(354, -1, 2, -1, 1)	(1934, -1, 2, -1, 1)	(355, -1, 2, -1, 1)	(828, -1, 2, -1, 1)	(855, -1, 2, -1, 1)	(358, 351, 0, 1, 1)	(268, -1, 2, -1, 1)	(266, 264, 0, 1, 1)	(273, -1, 2, -1, 1)	(271, 264, 0, 1, 1)	(297, -1, 2, -1, 1)	(737, 717, 0, 1, 1)	(250, 245, 0, 1, 1)	(310, -1, 2, -1, 1)
104:	(290, 287, 0, 1, 1)	(359, -1, 2, -1, 1)	(613, 611, 0, 1, 1)	(909, 908, 3, 1, 1)	(246, 245, 0, 1, 1)	(1405, 1402, 0, 1, 1)	(290, 288, 0, 1, 1)	(360, -1, 2, -1, 1)	(537, 535, 0, 1, 1)	(267, -1, 2, -1, 1)	(628, 535, 0, 1, 1)	(272, -1, 2, -1, 1)	(507, 498, 0, 1, 1)	(740, -1, 2, -1, 1)	(252, -1, 2, -1, 1)	(559, 558, 0, 1, 1)
105:	(291, -1, 2, -1, 1)	(613, 610, 0, 1, 1)	(615, -1, 2, -1, 1)	(619, 610, 0, 1, 1)	(248, -1, 2, -1, 1)	(1406, -1, 2, -1, 1)	(292, -1, 2, -1, 1)	(1210, 1183, 0, 1, 1)	(541, -1, 2, -1, 1)	(597, 586, 0, 1, 1)	(640, -1, 2, -1, 1)	(758, 755, 0, 1, 1)	(508, -1, 2, -1, 1)	(461, 460, 0, 1, 1)	(465, 460, 0, 1, 1)	(562, -1, 2, -1, 1)
106:	(645, 610, 0, 1, 1)	(614, -1, 2, -1, 1)	(619, 611, 0, 1, 1)	(620, -1, 2, -1, 1)	(645, 611, 0, 1, 1)	(397, 376, 0, 1, 1)	(1723, 1183, 0, 1, 1)	(1213, -1, 2, -1, 1)	(619, 612, 0, 1, 1)	(601, -1, 2, -1, 1)	(2198, 106, 0, 1, 1)	(759, -1, 2, -1, 1)	(446, 444, 0, 1, 1)	(463, -1, 2, -1, 1)	(467, -1, 2, -1, 1)	(848, 721, 0, 1, 1)
107:	(646, -1, 2, -1, 1)	(571, 549, 0, 1, 1)	(621, -1, 2, -1, 1)	(700, 549, 0, 1, 1)	(647, -1, 2, -1, 1)	(398, -1, 2, -1, 1)	(1725, -1, 2, -1, 1)	(1746, 1252, 0, 1, 1)	(623, -1, 2, -1, 1)	(665, 549, 0, 1, 1)	(2202, -1, 2, -1, 1)	(1259, 1256, 0, 1, 1)	(447, -1, 2, -1, 1)	(1264, 1256, 0, 1, 1)	(1747, 1256, 0, 1, 1)	(849, -1, 2, -1, 1)
108:	(613, 612, 0, 1, 1)	(578, -1, 2, -1, 1)	(1419, 1402, 0, 1, 1)	(704, -1, 2, -1, 1)	(769, 767, 0, 1, 1)	(775, 767, 0, 1, 1)	(340, 336, 0, 1, 1)	(1770, -1, 2, -1, 1)	(364, 336, 0, 1, 1)	(669, -1, 2, -1, 1)	(1974, 336, 0, 1, 1)	(1261, -1, 2, -1, 1)	(507, 499, 0, 1, 1)	(1266, -1, 2, -1, 1)	(1749, -1, 2, -1, 1)	(2103, 2024, 0, 1, 1)
109:	(617, -1, 2, -1, 1)	(465, 459, 0, 1, 1)	(1420, -1, 2, -1, 1)	(571, 548, 0, 1, 1)	(770, -1, 2, -1, 1)	(776, -1, 2, -1, 1)	(341, -1, 2, -1, 1)	(848, 722, 0, 1, 1)	(365, -1, 2, -1, 1)	(2054, 218, 0, 1, 1)	(1975, -1, 2, -1, 1)	(1747, 1255, 0, 1, 1)	(509, -1, 2, -1, 1)	(564, 558, 0, 1, 1)	(1507, 1344, 0, 1, 1)	(2105, -1, 2, -1, 1)
110:	(1186, 1183, 0, 1, 1)	(466, -1, 2, -1, 1)	(461, 459, 0, 1, 1)	(576, -1, 2, -1, 1)	(1264, 1255, 0, 1, 1)	(537, 533, 0, 1, 1)	(1950, 533, 0, 1, 1)	(858, -1, 2, -1, 1)	(413, 411, 0, 1, 1)	(2057, -1, 2, -1, 1)	(910, 908, 3, 1, 1)	(1748, -1, 2, -1, 1)	(808, 806, 0, 1, 1)	(567, -1, 2, -1, 1)	(1508, -1, 2, -1, 1)	(815, 806, 0, 1, 1)
111:	(1188, -1, 2, -1, 1)	(450, 444, 0, 1, 1)	(462, -1, 2, -1, 1)	(1259, 1255, 0, 1, 1)	(1265, -1, 2, -1, 1)	(538, -1, 2, -1, 1)	(1951, -1, 2, -1, 1)	(1989, 210, 0, 1, 1)	(416, -1, 2, -1, 1)	(413, 409, 0, 1, 1)	(527, 525, 0, 1, 1)	(661, 499, 0, 1, 1)	(812, -1, 2, -1, 1)	(1112, 1110, 0, 1, 1)	(1264, 1257, 0, 1, 1)	(820, -1, 2, -1, 1)
112:	(1410, 1402, 0, 1, 1)	(451, -1, 2, -1, 1)	(645, 612, 0, 1, 1)	(1260, -1, 2, -1, 1)	(507, 500, 0, 1, 1)	(527, 523, 0, 1, 1)	(1353, 1344, 0, 1, 1)	(1998, -1, 2, -1, 1)	(1488, 1344, 0, 1, 1)	(414, -1, 2, -1, 1)	(530, -1, 2, -1, 1)	(668, -1, 2, -1, 1)	(929, 927, 0, 1, 1)	(1113, -1, 2, -1, 1)	(1269, -1, 2, -1, 1)	(941, 927, 0, 1, 1)
113:	(1411, -1, 2, -1, 1)	(628, 533, 0, 1, 1)	(649, -1, 2, -1, 1)	(1938, 409, 0, 1, 1)	(510, -1, 2, -1, 1)	(528, -1, 2, -1, 1)	(1354, -1, 2, -1, 1)	(1948, 523, 0, 1, 1)	(1489, -1, 2, -1, 1)	(413, 410, 0, 1, 1)	(1938, 410, 0, 1, 1)	(1901, 900, 0, 1, 1)	(930, -1, 2, -1, 1)	(1112, 1111, 0, 1, 1)	(808, 805, 0, 1, 1)	(942, -1, 2, -1, 1)
114:	(738, 722, 0, 1, 1)	(629, -1, 2, -1, 1)	(1901, 899, 0, 1, 1)	(1939, -1, 2, -1, 1)	(808, 804, 0, 1, 1)	(1739, 1041, 0, 1, 1)	(793, 791, 0, 1, 1)	(1949, -1, 2, -1, 1)	(990, 988, 0, 1, 1)	(415, -1, 2, -1, 1)	(1940, -1, 2, -1, 1)	(1903, -1, 2, -1, 1)	(1136, 1134, 0, 1, 1)	(1114, -1, 2, -1, 1)	(810, -1, 2, -1, 1)	(990, 987, 0, 1, 1)
115:	(741, -1, 2, -1, 1)	(418, 409, 0, 1, 1)	(1902, -1, 2, -1, 1)	(418, 411, 0, 1, 1)	(809, -1, 2, -1, 1)	(1740, -1, 2, -1, 1)	(797, -1, 2, -1, 1)	(418, 410, 0, 1, 1)	(993, -1, 2, -1, 1)	(815, 804, 0, 1, 1)	(852, 804, 0, 1, 1)	(1238, 1232, 0, 1, 1)	(1138, -1, 2, -1, 1)	(1238, 1233, 0, 1, 1)	(1963, 892, 0, 1, 1)	(991, -1, 2, -1, 1)
116:	(642, 498, 0, 1, 1)	(419, -1, 2, -1, 1)	(642, 500, 0, 1, 1)	(423, -1, 2, -1, 1)	(968, 921, 0, 1, 1)	(1117, 1110, 0, 1, 1)	(1259, 1257, 0, 1, 1)	(420, -1, 2, -1, 1)	(815, 805, 0, 1, 1)	(816, -1, 2, -1, 1)	(853, -1, 2, -1, 1)	(1239, -1, 2, -1, 1)	(1210, 1184, 0, 1, 1)	(1240, -1, 2, -1, 1)	(1964, -1, 2, -1, 1)	(1210, 1182, 0, 1, 1)
117:	(643, -1, 2, -1, 1)	(661, 498, 0, 1, 1)	(650, -1, 2, -1, 1)	(-1, 834, 0, 1, 1)	(975, -1, 2, -1, 1)	(1118, -1, 2, -1, 1)	(1262, -1, 2, -1, 1)	(825, 791, 0, 1, 1)	(817, -1, 2, -1, 1)	(1383, 1380, 0, 1, 1)	(1353, 1345, 0, 1, 1)	(1445, 1437, 0, 1, 1)	(1215, -1, 2, -1, 1)	(1292, 1291, 0, 1, 1)	(1296, 1291, 0, 1, 1)	(1211, -1, 2, -1, 1)
118:	(866, 835, 0, 1, 1)	(662, -1, 2, -1, 1)	(1060, 1041, 0, 1, 1)	(866, -1, 0, 0, 1)	(1136, 1135, 0, 1, 1)	(1141, 1135, 0, 1, 1)	(1117, 1111, 0, 1, 1)	(830, -1, 2, -1, 1)	(186, 185, 3, 1, 1)	(1385, -1, 2, -1, 1)	(1355, -1, 2, -1, 1)	(1447, -1, 2, -1, 1)	(187, 185, 3, 1, 1)	(1294, -1, 2, -1, 1)	(1298, -1, 2, -1, 1)	(188, 185, 3, 1, 1)
119:	(873, -1, 2, -1, 1)	(626, 523, 0, 1, 1)	(1062, -1, 2, -1, 1)	(867, -1, 2, -1, 1)	(1139, -1, 2, -1, 1)	(1144, -1, 2, -1, 1)	(1119, -1, 2, -1, 1)	(1488, 1346, 0, 1, 1)	(1141, 1134, 0, 1, 1)	(852, 805, 0, 1, 1)	(911, 892, 0, 1, 1)	(1723, 1184, 0, 1, 1)	(1723, 1182, 0, 1, 1)	(1292, 1290, 0, 1, 1)	(1081, 1073, 0, 1, 1)	(911, 893, 0, 1, 1)
120:	(1060, 1042, 0, 1, 1)	(627, -1, 2, -1, 1)	(1353, 1346, 0, 1, 1)	(793, 789, 0, 1, 1)	(1296, 1290, 0, 1, 1)	(1383, 1381, 0, 1, 1)	(769, 768, 0, 1, 1)	(1496, -1, 2, -1, 1)	(1143, -1, 2, -1, 1)	(854, -1, 2, -1, 1)	(913, -1, 2, -1, 1)	(1731, -1, 2, -1, 1)	(1724, -1, 2, -1, 1)	(1293, -1, 2, -1, 1)	(1083, -1, 2, -1, 1)	(916, -1, 2, -1, 1)
121:	(1063, -1, 2, -1, 1)	(1154, 1134, 0, 1, 1)	(1356, -1, 2, -1, 1)	(794, -1, 2, -1, 1)	(1297, -1, 2, -1, 1)	(1387, -1, 2, -1, 1)	(771, -1, 2, -1, 1)	(1759, 1380, 0, 1, 1)	(1154, 1135, 0, 1, 1)	(1234, 1232, 0, 1, 1)	(825, 789, 0, 1, 1)	(731, 728, 0, 1, 1)	(1225, 1222, 0, 1, 1)	(1581, 1558, 0, 1, 1)	(1405, 1404, 0, 1, 1)	(1546, 1395, 0, 1, 1)
122:	(1794, 987, 0, 1, 1)	(1156, -1, 2, -1, 1)	(863, 728, 0, 1, 1)	(2187, 2185, 3, 1, 1)	(1777, 1049, 0, 1, 1)	(1136, 1133, 0, 1, 1)	(1141, 1133, 0, 1, 1)	(1763, -1, 2, -1, 1)	(1158, -1, 2, -1, 1)	(1235, -1, 2, -1, 1)	(826, -1, 2, -1, 1)	(732, -1, 2, -1, 1)	(1226, -1, 2, -1, 1)	(1586, -1, 2, -1, 1)	(1408, -1, 2, -1, 1)	(1550, -1, 2, -1, 1)
123:	(1795, -1, 2, -1, 1)	(1474, 1380, 0, 1, 1)	(864, -1, 2, -1, 1)	(2162, 2157, 0, 1, 1)	(1779, -1, 2, -1, 1)	(1137, -1, 2, -1, 1)	(1142, -1, 2, -1, 1)	(1243, 1222, 0, 1, 1)	(1474, 1381, 0, 1, 1)	(76, 73, 3, 1, 1)	(863, 729, 0, 1, 1)	(2030, 2005, 0, 1, 1)	(1162, 1072, 0, 1, 1)	(1419, 1404, 0, 1, 1)	(1373, 1370, 0, 1, 1)	(40, 39, 3, 1, 1)
124:	(1507, 1345, 0, 1, 1)	(1481, -1, 2, -1, 1)	(1507, 1346, 0, 1, 1)	(2165, -1, 2, -1, 1)	(1777, 1048, 0, 1, 1)	(731, 729, 0, 1, 1)	(775, 768, 0, 1, 1)	(1244, -1, 2, -1, 1)	(1485, -1, 2, -1, 1)	(1076, 1072, 0, 1, 1)	(869, -1, 2, -1, 1)	(2034, -1, 2, -1, 1)	(1163, -1, 2, -1, 1)	(1422, -1, 2, -1, 1)	(1375, -1, 2, -1, 1)	(1199, 1196, 0, 1, 1)
125:	(1514, -1, 2, -1, 1)	(1794, 988, 0, 1, 1)	(1515, -1, 2, -1, 1)	(2021, 2019, 0, 1, 1)	(1778, -1, 2, -1, 1)	(734, -1, 2, -1, 1)	(777, -1, 2, -1, 1)	(1076, 1073, 0, 1, 1)	(2030, 2006, 0, 1, 1)	(1077, -1, 2, -1, 1)	(929, 928, 0, 1, 1)	(941, 928, 0, 1, 1)	(1307, 1305, 0, 1, 1)	(1311, 1305, 0, 1, 1)	(1307, 1306, 0, 1, 1)	(1200, -1, 2, -1, 1)
126:	(1058, 1057, 3, 1, 1)	(1815, -1, 2, -1, 1)	(1059, 1057, 3, 1, 1)	(2023, -1, 2, -1, 1)	(2226, 2153, 0, 1, 1)	(1081, 1072, 0, 1, 1)	(1709, 1574, 0, 1, 1)	(1078, -1, 2, -1, 1)	(2036, -1, 2, -1, 1)	(1311, 1306, 0, 1, 1)	(932, -1, 2, -1, 1)	(945, -1, 2, -1, 1)	(1308, -1, 2, -1, 1)	(1312, -1, 2, -1, 1)	(1309, -1, 2, -1, 1)	(1742, 1196, 0, 1, 1)
127:	(1234, 1233, 0, 1, 1)	(1092, 1090, 0, 1, 1)	(1096, 1090, 0, 1, 1)	(2198, 107, 0, 1, 1)	(2228, -1, 2, -1, 1)	(1082, -1, 2, -1, 1)	(1710, -1, 2, -1, 1)	(2089, 2005, 0, 1, 1)	(1383, 1379, 0, 1, 1)	(1313, -1, 2, -1, 1)	(1759, 1379, 0, 1, 1)	(1405, 1403, 0, 1, 1)	(1465, 1456, 0, 1, 1)	(2231, 2186, 0, 1, 1)	(390, 389, 3, 1, 1)	(1743, -1, 2, -1, 1)
128:	(1236, -1, 2, -1, 1)	(1093, -1, 2, -1, 1)	(1097, -1, 2, -1, 1)	(2203, -1, 2, -1, 1)	(850, 789, 0, 1, 1)	(1186, 1182, 0, 1, 1)	(1092, 1091, 0, 1, 1)	(2090, -1, 2, -1, 1)	(1384, -1, 2, -1, 1)	(1199, 1197, 0, 1, 1)	(1760, -1, 2, -1, 1)	(1407, -1, 2, -1, 1)	(1466, -1, 2, -1, 1)	(2232, -1, 2, -1, 1)	(1742, 1197, 0, 1, 1)	(1488, 1345, 0, 1, 1)
129:	(1186, 1184, 0, 1, 1)	(1076, 1074, 0, 1, 1)	(1081, 1074, 0, 1, 1)	(1162, 1074, 0, 1, 1)	(851, -1, 2, -1, 1)	(1187, -1, 2, -1, 1)	(1094, -1, 2, -1, 1)	(1577, 1575, 0, 1, 1)	(1709, 1575, 0, 1, 1)	(1201, -1, 2, -1, 1)	(1419, 1403, 0, 1, 1)	(1604, 1601, 0, 1, 1)	(1694, 1567, 0, 1, 1)	(1615, 1614, 0, 1, 1)	(1744, -1, 2, -1, 1)	(1495, -1, 2, -1, 1)
130:	(1190, -1, 2, -1, 1)	(1079, -1, 2, -1, 1)	(1084, -1, 2, -1, 1)	(1172, -1, 2, -1, 1)	(1474, 1379, 0, 1, 1)	(1511, 1394, 0, 1, 1)	(1546, 1394, 0, 1, 1)	(1580, -1, 2, -1, 1)	(1715, -1, 2, -1, 1)	(1199, 1198, 0, 1, 1)	(1421, -1, 2, -1, 1)	(1605, -1, 2, -1, 1)	(1695, -1, 2, -1, 1)	(1617, -1, 2, -1, 1)	(1373, 1369, 0, 1, 1)	(1472, 1369, 0, 1, 1)
131:	(1162, 1073, 0, 1, 1)	(1154, 1133, 0, 1, 1)	(1577, 1574, 0, 1, 1)	(1204, 1196, 0, 1, 1)	(1475, -1, 2, -1, 1)	(1512, -1, 2, -1, 1)	(1547, -1, 2, -1, 1)	(1204, 1198, 0, 1, 1)	(1757, 1369, 0, 1, 1)	(1203, -1, 2, -1, 1)	(2159, 2134, 0, 1, 1)	(2176, 2134, 0, 1, 1)	(-1, 1680, 0, 1, 1)	(2159, 2135, 0, 1, 1)	(1374, -1, 2, -1, 1)	(1473, -1, 2, -1, 1)
132:	(1164, -1, 2, -1, 1)	(1155, -1, 2, -1, 1)	(1578, -1, 2, -1, 1)	(1205, -1, 2, -1, 1)	(1410, 1403, 0, 1, 1)	(1410, 1404, 0, 1, 1)	(2150, 2148, 0, 1, 1)	(1209, -1, 2, -1, 1)	(1758, -1, 2, -1, 1)	(1615, 1613, 0, 1, 1)	(2163, -1, 2, -1, 1)	(2177, -1, 2, -1, 1)	(1712, -1, 0, 0, 1)	(2164, -1, 2, -1, 1)	(1639, 1637, 0, 1, 1)	(146, 145, 3, 1, 1)
133:	(1890, 1889, 3, 1, 1)	(1204, 1197, 0, 1, 1)	(1417, 1395, 0, 1, 1)	(158, 155, 3, 1, 1)	(1412, -1, 2, -1, 1)	(1413, -1, 2, -1, 1)	(2152, -1, 2, -1, 1)	(157, 155, 3, 1, 1)	(1465, 1458, 0, 1, 1)	(1616, -1, 2, -1, 1)	(2211, 70, 0, 1, 1)	(1621, 1614, 0, 1, 1)	(1713, -1, 2, -1, 1)	(2042, 2040, 3, 1, 1)	(1643, -1, 2, -1, 1)	(2039, 2028, 0, 1, 1)
134:	(1096, 1091, 0, 1, 1)	(1206, -1, 2, -1, 1)	(1424, -1, 2, -1, 1)	(1511, 1396, 0, 1, 1)	(1546, 1396, 0, 1, 1)	(1459, 1457, 0, 1, 1)	(1621, 1613, 0, 1, 1)	(1459, 1458, 0, 1, 1)	(1469, -1, 2, -1, 1)	(1696, 1636, 0, 1, 1)	(2217, -1, 2, -1, 1)	(1623, -1, 2, -1, 1)	(2168, 2158, 0, 1, 1)	(357, 354, 3, 1, 1)	(268, 267, 3, 1, 1)	(2041, -1, 2, -1, 1)
135:	(1098, -1, 2, -1, 1)	(1417, 1396, 0, 1, 1)	(1465, 1457, 0, 1, 1)	(1517, -1, 2, -1, 1)	(1552, -1, 2, -1, 1)	(1461, -1, 2, -1, 1)	(1622, -1, 2, -1, 1)	(1463, -1, 2, -1, 1)	(1491, 1457, 0, 1, 1)	(1701, -1, 2, -1, 1)	(1373, 1371, 0, 1, 1)	(1639, 1636, 0, 1, 1)	(2172, -1, 2, -1, 1)	(1639, 1635, 0, 1, 1)	(1696, 1635, 0, 1, 1)	(1698, 1650, 0, 1, 1)
136:	(1459, 1456, 0, 1, 1)	(1425, -1, 2, -1, 1)	(1467, -1, 2, -1, 1)	(1654, 1652, 0, 1, 1)	(1661, 1652, 0, 1, 1)	(1698, 1652, 0, 1, 1)	(2039, 2029, 0, 1, 1)	(1671, 1636, 0, 1, 1)	(1493, -1, 2, -1, 1)	(1671, 1637, 0, 1, 1)	(1376, -1, 2, -1, 1)	(1642, -1, 2, -1, 1)	(75, 73, 3, 1, 1)	(1640, -1, 2, -1, 1)	(1697, -1, 2, -1, 1)	(1699, -1, 2, -1, 1)
137:	(1460, -1, 2, -1, 1)	(1491, 1456, 0, 1, 1)	(2033, 2029, 0, 1, 1)	(1658, -1, 2, -1, 1)	(1666, -1, 2, -1, 1)	(1704, -1, 2, -1, 1)	(2043, -1, 2, -1, 1)	(1674, -1, 2, -1, 1)	(1671, 1635, 0, 1, 1)	(1676, -1, 2, -1, 1)	(249, 247, 3, 1, 1)	(2066, 182, 0, 1, 1)	(381, 380, 3, 1, 1)	(248, 247, 3, 1, 1)	(1409, 1406, 3, 1, 1)	(448, 447, 3, 1, 1)
138:	(1654, 1651, 0, 1, 1)	(1492, -1, 2, -1, 1)	(2037, -1, 2, -1, 1)	(1661, 1651, 0, 1, 1)	(1698, 1651, 0, 1, 1)	(1584, 1568, 0, 1, 1)	(74, 73, 3, 1, 1)	(1654, 1650, 0, 1, 1)	(1672, -1, 2, -1, 1)	(1661, 1650, 0, 1, 1)	(2054, 219, 0, 1, 1)	(2071, -1, 2, -1, 1)	(2168, 2157, 0, 1, 1)	(391, 389, 3, 1, 1)	(292, 291, 3, 1, 1)	(449, 447, 3, 1, 1)
139:	(1656, -1, 2, -1, 1)	(2033, 2028, 0, 1, 1)	(2100, 156, 0, 1, 1)	(1663, -1, 2, -1, 1)	(1700, -1, 2, -1, 1)	(1587, -1, 2, -1, 1)	(2162, 2158, 0, 1, 1)	(1655, -1, 2, -1, 1)	(2089, 2006, 0, 1, 1)	(1662, -1, 2, -1, 1)	(2058, -1, 2, -1, 1)	(2171, 2169, 3, 1, 1)	(2170, -1, 2, -1, 1)	(232, 231, 3, 1, 1)	(355, 354, 3, 1, 1)	(269, 267, 3, 1, 1)
140:	(2176, 2135, 0, 1, 1)	(2035, -1, 2, -1, 1)	(2107, -1, 2, -1, 1)	(1712, 1681, 0, 1, 1)	(233, 231, 3, 1, 1)	(234, 231, 3, 1, 1)	(2166, -1, 2, -1, 1)	(1921, 1844, 0, 1, 1)	(2094, -1, 2, -1, 1)	(356, 354, 3, 1, 1)	(626, 525, 0, 1, 1)	(293, 291, 3, 1, 1)	(294, 291, 3, 1, 1)	(344, 341, 3, 1, 1)	(540, 538, 3, 1, 1)	(541, 538, 3, 1, 1)
141:	(2178, -1, 2, -1, 1)	(628, 534, 0, 1, 1)	(1950, 534, 0, 1, 1)	(1719, -1, 2, -1, 1)	(561, 560, 3, 1, 1)	(563, 560, 3, 1, 1)	(562, 560, 3, 1, 1)	(1929, -1, 2, -1, 1)	(615, 614, 3, 1, 1)	(616, 614, 3, 1, 1)	(640, -1, 2, -1, 1)	(573, 558, 0, 1, 1)	(539, 538, 3, 1, 1)	(1261, 1260, 3, 1, 1)	(993, 991, 3, 1, 1)	(1227, 1226, 3, 1, 1)
142:	(2188, 2185, 3, 1, 1)	(635, -1, 2, -1, 1)	(1954, -1, 2, -1, 1)	(1846, 1843, 0, 1, 1)	(1921, 1843, 0, 1, 1)	(1846, 1844, 0, 1, 1)	(912, 909, 0, 1, 1)	(760, 759, 3, 1, 1)	(761, 759, 3, 1, 1)	(463, 462, 3, 1, 1)	(415, 414, 3, 1, 1)	(576, -1, 2, -1, 1)	(1063, 1062, 3, 1, 1)	(796, 794, 3, 1, 1)	(797, 794, 3, 1, 1)	(1138, 1137, 3, 1, 1)
143:	(1961, 886, 0, 1, 1)	(596, 584, 0, 1, 1)	(-1, 128, 0, 1, 1)	(1847, -1, 2, -1, 1)	(1922, -1, 2, -1, 1)	(1849, -1, 2, -1, 1)	(914, -1, 2, -1, 1)	(464, 462, 3, 1, 1)	(2067, 186, 0, 1, 1)	(191, 187, 0, 1, 1)	(191, 188, 0, 1, 1)	(2067, 188, 0, 1, 1)	(1295, 1293, 3, 1, 1)	(2212, 76, 0, 1, 1)	(2241, 76, 0, 1, 1)	(1080, 1077, 3, 1, 1)
144:	(1968, -1, 2, -1, 1)	(601, -1, 2, -1, 1)	(2048, -1, 0, 0, 1)	(2193, 22, 0, 1, 1)	(617, 614, 3, 1, 1)	(343, 341, 3, 1, 1)	(1902, 909, 0, 1, 1)	(191, 186, 0, 1, 1)	(2068, -1, 2, -1, 1)	(193, -1, 2, -1, 1)	(194, -1, 2, -1, 1)	(2072, -1, 2, -1, 1)	(733, 732, 3, 1, 1)	(2219, -1, 2, -1, 1)	(2247, -1, 2, -1, 1)	(79, 76, 0, 1, 1)
145:	(661, 500, 0, 1, 1)	(772, 770, 3, 1, 1)	(2057, -1, 2, -1, 1)	(2202, -1, 2, -1, 1)	(850, 791, 0, 1, 1)	(912, 910, 0, 1, 1)	(1905, -1, 2, -1, 1)	(192, -1, 2, -1, 1)	(1115, 1113, 3, 1, 1)	(-1, 910, 0, 1, 1)	(2079, 188, 0, 1, 1)	(771, 770, 3, 1, 1)	(2023, 2022, 3, 1, 1)	(1386, 1384, 3, 1, 1)	(1387, 1384, 3, 1, 1)	(83, -1, 2, -1, 1)
146:	(669, -1, 2, -1, 1)	(738, 721, 0, 1, 1)	(1737, 1035, 0, 1, 1)	(342, 341, 3, 1, 1)	(858, -1, 2, -1, 1)	(915, -1, 2, -1, 1)	(416, 414, 3, 1, 1)	(530, 528, 3, 1, 1)	(2079, 187, 0, 1, 1)	(1902, -1, 0, 0, 1)	(2083, -1, 2, -1, 1)	(1095, 1093, 3, 1, 1)	(1094, 1093, 3, 1, 1)	(1580, 1578, 3, 1, 1)	(2041, 2040, 3, 1, 1)	(1463, 1460, 3, 1, 1)
147:	(529, 528, 3, 1, 1)	(740, -1, 2, -1, 1)	(1770, -1, 2, -1, 1)	(1114, 1113, 3, 1, 1)	(811, 809, 3, 1, 1)	(812, 809, 3, 1, 1)	(992, 991, 3, 1, 1)	(1294, 1293, 3, 1, 1)	(2082, -1, 2, -1, 1)	(1906, -1, 2, -1, 1)	(1237, 1235, 3, 1, 1)	(734, 732, 3, 1, 1)	(1061, 1059, 0, 1, 1)	(1236, 1235, 3, 1, 1)	(2152, 2151, 3, 1, 1)	(2043, 2040, 3, 1, 1)
148:	(642, 499, 0, 1, 1)	(1262, 1260, 3, 1, 1)	(2079, 186, 0, 1, 1)	(916, 913, 3, 1, 1)	(1408, 1406, 3, 1, 1)	(2231, 2187, 0, 1, 1)	(1202, 1200, 3, 1, 1)	(1078, 1077, 3, 1, 1)	(1309, 1308, 3, 1, 1)	(1188, 1187, 3, 1, 1)	(1189, 1187, 3, 1, 1)	(1190, 1187, 3, 1, 1)	(1065, -1, 2, -1, 1)	(1642, 1640, 3, 1, 1)	(251, 249, 0, 1, 1)	(251, 248, 0, 1, 1)
149:	(649, -1, 2, -1, 1)	(931, 930, 3, 1, 1)	(2080, -1, 2, -1, 1)	(795, 794, 3, 1, 1)	(1584, 1567, 0, 1, 1)	(2233, -1, 2, -1, 1)	(1139, 1137, 3, 1, 1)	(1140, 1137, 3, 1, 1)	(2222, 40, 0, 1, 1)	(932, 930, 3, 1, 1)	(1079, 1077, 3, 1, 1)	(1606, 1605, 3, 1, 1)	(1607, 1605, 3, 1, 1)	(1579, 1578, 3, 1, 1)	(254, -1, 2, -1, 1)	(252, -1, 2, -1, 1)
150:	(810, 809, 3, 1, 1)	(1442, 1430, 0, 1, 1)	(1757, 1370, 0, 1, 1)	(1472, 1370, 0, 1, 1)	(1586, -1, 2, -1, 1)	(1472, 1371, 0, 1, 1)	(1511, 1395, 0, 1, 1)	(1310, 1308, 3, 1, 1)	(2223, -1, 2, -1, 1)	(2193, 23, 0, 1, 1)	(654, 390, 0, 1, 1)	(272, 268, 0, 1, 1)	(276, 268, 0, 1, 1)	(1643, 1640, 3, 1, 1)	(319, 249, 0, 1, 1)	(319, 248, 0, 1, 1)
151:	(2036, 2034, 3, 1, 1)	(1447, -1, 2, -1, 1)	(1763, -1, 2, -1, 1)	(1481, -1, 2, -1, 1)	(1061, 1058, 0, 1, 1)	(1485, -1, 2, -1, 1)	(1515, -1, 2, -1, 1)	(1407, 1406, 3, 1, 1)	(1203, 1200, 3, 1, 1)	(2203, -1, 2, -1, 1)	(655, -1, 2, -1, 1)	(273, -1, 2, -1, 1)	(277, -1, 2, -1, 1)	(2172, 2169, 3, 1, 1)	(326, -1, 2, -1, 1)	(320, -1, 2, -1, 1)
152:	(1417, 1394, 0, 1, 1)	(1201, 1200, 3, 1, 1)	(1375, 1374, 3, 1, 1)	(2164, 2163, 3, 1, 1)	(1064, -1, 2, -1, 1)	(2165, 2163, 3, 1, 1)	(359, 357, 0, 1, 1)	(1376, 1374, 3, 1, 1)	(79, 75, 0, 1, 1)	(2212, 75, 0, 1, 1)	(2241, 75, 0, 1, 1)	(398, 381, 0, 1, 1)	(2170, 2169, 3, 1, 1)	(2241, 74, 0, 1, 1)	(1656, 1655, 3, 1, 1)	(2166, 2163, 3, 1, 1)
153:	(1422, -1, 2, -1, 1)	(2049, 158, 0, 1, 1)	(2100, 158, 0, 1, 1)	(2100, 157, 0, 1, 1)	(2067, 187, 0, 1, 1)	(451, 448, 0, 1, 1)	(363, -1, 2, -1, 1)	(79, 74, 0, 1, 1)	(82, -1, 2, -1, 1)	(2217, -1, 2, -1, 1)	(2245, -1, 2, -1, 1)	(400, -1, 2, -1, 1)	(2212, 74, 0, 1, 1)	(2242, -1, 2, -1, 1)	(1657, 1655, 3, 1, 1)	(1658, 1655, 3, 1, 1)
154:	(1778, 1058, 0, 1, 1)	(2060, -1, 2, -1, 1)	(2112, -1, 2, -1, 1)	(2108, -1, 2, -1, 1)	(2071, -1, 2, -1, 1)	(452, -1, 2, -1, 1)	(1778, 1059, 0, 1, 1)	(80, -1, 2, -1, 1)	(1385, 1384, 3, 1, 1)	(1461, 1460, 3, 1, 1)	(1462, 1460, 3, 1, 1)	(317, 234, 0, 1, 1)	(2213, -1, 2, -1, 1)	(365, 344, 0, 1, 1)	(574, 563, 0, 1, 1)	(633, 615, 0, 1, 1)
155:	(1789, -1, 2, -1, 1)	(393, 390, 0, 1, 1)	(1617, 1616, 3, 1, 1)	(1694, 1568, 0, 1, 1)	(296, 292, 0, 1, 1)	(309, 292, 0, 1, 1)	(1791, -1, 2, -1, 1)	(322, 292, 0, 1, 1)	(1934, 355, 0, 1, 1)	(309, 293, 0, 1, 1)	(322, 293, 0, 1, 1)	(327, -1, 2, -1, 1)	(1975, 344, 0, 1, 1)	(370, -1, 2, -1, 1)	(577, -1, 2, -1, 1)	(634, -1, 2, -1, 1)
156:	(1491, 1458, 0, 1, 1)	(394, -1, 2, -1, 1)	(272, 269, 0, 1, 1)	(1704, -1, 2, -1, 1)	(297, -1, 2, -1, 1)	(310, -1, 2, -1, 1)	(276, 269, 0, 1, 1)	(323, -1, 2, -1, 1)	(1935, -1, 2, -1, 1)	(312, -1, 2, -1, 1)	(325, -1, 2, -1, 1)	(359, 356, 0, 1, 1)	(1985, -1, 2, -1, 1)	(1934, 356, 0, 1, 1)	(309, 294, 0, 1, 1)	(1951, 540, 0, 1, 1)
157:	(1495, -1, 2, -1, 1)	(1641, 1640, 3, 1, 1)	(274, -1, 2, -1, 1)	(1411, 1409, 0, 1, 1)	(1420, 1409, 0, 1, 1)	(629, 540, 0, 1, 1)	(278, -1, 2, -1, 1)	(629, 541, 0, 1, 1)	(574, 561, 0, 1, 1)	(646, 615, 0, 1, 1)	(1951, 539, 0, 1, 1)	(362, -1, 2, -1, 1)	(1748, 1261, 0, 1, 1)	(1957, -1, 2, -1, 1)	(313, -1, 2, -1, 1)	(1956, -1, 2, -1, 1)
158:	(1618, 1616, 3, 1, 1)	(451, 449, 0, 1, 1)	(694, 449, 0, 1, 1)	(1414, -1, 2, -1, 1)	(1423, -1, 2, -1, 1)	(637, -1, 2, -1, 1)	(236, 232, 0, 1, 1)	(640, -1, 2, -1, 1)	(575, -1, 2, -1, 1)	(647, -1, 2, -1, 1)	(1954, -1, 2, -1, 1)	(236, 233, 0, 1, 1)	(1749, -1, 2, -1, 1)	(236, 234, 0, 1, 1)	(663, 539, 0, 1, 1)	(1265, 1261, 0, 1, 1)
159:	(694, 448, 0, 1, 1)	(454, -1, 2, -1, 1)	(706, -1, 2, -1, 1)	(393, 391, 0, 1, 1)	(317, 232, 0, 1, 1)	(677, 344, 0, 1, 1)	(237, -1, 2, -1, 1)	(565, 561, 0, 1, 1)	(565, 563, 0, 1, 1)	(2201, 2188, 0, 1, 1)	(2231, 2188, 0, 1, 1)	(238, -1, 2, -1, 1)	(419, 415, 0, 1, 1)	(239, -1, 2, -1, 1)	(667, -1, 2, -1, 1)	(1266, -1, 2, -1, 1)
160:	(695, -1, 2, -1, 1)	(-1, 146, 0, 1, 1)	(678, 357, 0, 1, 1)	(396, -1, 2, -1, 1)	(318, -1, 2, -1, 1)	(687, -1, 2, -1, 1)	(2048, 129, 0, 1, 1)	(566, -1, 2, -1, 1)	(568, -1, 2, -1, 1)	(2205, -1, 2, -1, 1)	(2235, -1, 2, -1, 1)	(674, 232, 0, 1, 1)	(420, -1, 2, -1, 1)	(359, 355, 0, 1, 1)	(678, 355, 0, 1, 1)	(674, 233, 0, 1, 1)
161:	(663, 541, 0, 1, 1)	(2098, -1, 0, 0, 1)	(686, -1, 2, -1, 1)	(630, 561, 0, 1, 1)	(630, 563, 0, 1, 1)	(994, 993, 0, 1, 1)	(2058, -1, 2, -1, 1)	(1244, 1227, 0, 1, 1)	(773, 760, 0, 1, 1)	(773, 761, 0, 1, 1)	(501, 463, 0, 1, 1)	(675, -1, 2, -1, 1)	(501, 464, 0, 1, 1)	(360, -1, 2, -1, 1)	(679, -1, 2, -1, 1)	(676, -1, 2, -1, 1)
162:	(673, -1, 2, -1, 1)	(2099, -1, 2, -1, 1)	(2037, 2034, 3, 1, 1)	(631, -1, 2, -1, 1)	(635, -1, 2, -1, 1)	(997, -1, 2, -1, 1)	(674, 234, 0, 1, 1)	(1246, -1, 2, -1, 1)	(777, -1, 2, -1, 1)	(779, -1, 2, -1, 1)	(502, -1, 2, -1, 1)	(620, 615, 0, 1, 1)	(508, -1, 2, -1, 1)	(620, 616, 0, 1, 1)	(646, 616, 0, 1, 1)	(1892, 760, 0, 1, 1)
163:	(2035, 2034, 3, 1, 1)	(1795, 993, 0, 1, 1)	(1848, 1847, 3, 1, 1)	(1849, 1847, 3, 1, 1)	(826, 796, 0, 1, 1)	(826, 797, 0, 1, 1)	(683, -1, 2, -1, 1)	(1297, 1295, 0, 1, 1)	(1540, 1295, 0, 1, 1)	(1904, 1890, 0, 1, 1)	(620, 617, 0, 1, 1)	(621, -1, 2, -1, 1)	(852, 806, 0, 1, 1)	(622, -1, 2, -1, 1)	(648, -1, 2, -1, 1)	(1893, -1, 2, -1, 1)
164:	(296, 293, 0, 1, 1)	(1815, -1, 2, -1, 1)	(296, 294, 0, 1, 1)	(565, 562, 0, 1, 1)	(828, -1, 2, -1, 1)	(830, -1, 2, -1, 1)	(630, 562, 0, 1, 1)	(1300, -1, 2, -1, 1)	(1552, -1, 2, -1, 1)	(1905, -1, 2, -1, 1)	(623, -1, 2, -1, 1)	(1939, 415, 0, 1, 1)	(858, -1, 2, -1, 1)	(1163, 1080, 0, 1, 1)	(2201, 2186, 0, 1, 1)	(193, 192, 3, 1, 1)
165:	(298, -1, 2, -1, 1)	(574, 562, 0, 1, 1)	(299, -1, 2, -1, 1)	(567, -1, 2, -1, 1)	(1779, 1063, 0, 1, 1)	(813, 796, 0, 1, 1)	(632, -1, 2, -1, 1)	(813, 797, 0, 1, 1)	(194, 192, 3, 1, 1)	(195, 192, 3, 1, 1)	(776, 772, 0, 1, 1)	(1940, -1, 2, -1, 1)	(677, 342, 0, 1, 1)	(1173, -1, 2, -1, 1)	(2202, -1, 2, -1, 1)	(1710, 1580, 0, 1, 1)
166:	(1946, 516, 0, 1, 1)	(576, -1, 2, -1, 1)	(598, 589, 0, 1, 1)	(633, 617, 0, 1, 1)	(1788, -1, 2, -1, 1)	(818, -1, 2, -1, 1)	(-1, 343, 0, 1, 1)	(820, -1, 2, -1, 1)	(654, 391, 0, 1, 1)	(1118, 1115, 0, 1, 1)	(778, -1, 2, -1, 1)	(1122, 1115, 0, 1, 1)	(680, -1, 2, -1, 1)	(821, 771, 0, 1, 1)	(1509, 1387, 0, 1, 1)	(1715, -1, 2, -1, 1)
167:	(1968, -1, 2, -1, 1)	(914, 913, 3, 1, 1)	(601, -1, 2, -1, 1)	(636, -1, 2, -1, 1)	(1082, 1080, 0, 1, 1)	(915, 913, 3, 1, 1)	(1975, -1, 0, 0, 1)	(1475, 1386, 0, 1, 1)	(669, -1, 2, -1, 1)	(1120, -1, 2, -1, 1)	(1097, 1095, 0, 1, 1)	(1124, -1, 2, -1, 1)	(1165, 1095, 0, 1, 1)	(822, -1, 2, -1, 1)	(1518, -1, 2, -1, 1)	(1097, 1094, 0, 1, 1)
168:	(466, 463, 0, 1, 1)	(851, 796, 0, 1, 1)	(466, 464, 0, 1, 1)	(365, 343, 0, 1, 1)	(1085, -1, 2, -1, 1)	(365, 342, 0, 1, 1)	(1977, -1, 2, -1, 1)	(1483, -1, 2, -1, 1)	(419, 416, 0, 1, 1)	(1065, 1062, 3, 1, 1)	(1100, -1, 2, -1, 1)	(1118, 1114, 0, 1, 1)	(1172, -1, 2, -1, 1)	(1122, 1114, 0, 1, 1)	(1297, 1294, 0, 1, 1)	(1098, -1, 2, -1, 1)
169:	(467, -1, 2, -1, 1)	(855, -1, 2, -1, 1)	(469, -1, 2, -1, 1)	(368, -1, 2, -1, 1)	(2049, 156, 0, 1, 1)	(367, -1, 2, -1, 1)	(864, 733, 0, 1, 1)	(1892, 761, 0, 1, 1)	(423, -1, 2, -1, 1)	(1165, 1094, 0, 1, 1)	(1585, 1580, 0, 1, 1)	(1119, -1, 2, -1, 1)	(837, 811, 0, 1, 1)	(1123, -1, 2, -1, 1)	(1298, -1, 2, -1, 1)	(864, 734, 0, 1, 1)
170:	(1520, 1080, 0, 1, 1)	(2103, 2023, 0, 1, 1)	(1760, 1386, 0, 1, 1)	(739, 733, 0, 1, 1)	(2057, -1, 2, -1, 1)	(2106, 2041, 0, 1, 1)	(865, -1, 2, -1, 1)	(1906, -1, 2, -1, 1)	(739, 734, 0, 1, 1)	(1166, -1, 2, -1, 1)	(1588, -1, 2, -1, 1)	(1163, 1078, 0, 1, 1)	(840, -1, 2, -1, 1)	(1520, 1078, 0, 1, 1)	(1211, 1188, 0, 1, 1)	(869, -1, 2, -1, 1)
171:	(1529, -1, 2, -1, 1)	(2104, -1, 2, -1, 1)	(1765, -1, 2, -1, 1)	(740, -1, 2, -1, 1)	(1142, 1138, 0, 1, 1)	(2107, -1, 2, -1, 1)	(1155, 1138, 0, 1, 1)	(1168, 1138, 0, 1, 1)	(742, -1, 2, -1, 1)	(1466, 1463, 0, 1, 1)	(1479, 1463, 0, 1, 1)	(1164, -1, 2, -1, 1)	(853, 811, 0, 1, 1)	(1521, -1, 2, -1, 1)	(1213, -1, 2, -1, 1)	(994, 992, 0, 1, 1)
172:	(1755, 1362, 0, 1, 1)	(816, 811, 0, 1, 1)	(1500, 1236, 0, 1, 1)	(646, 617, 0, 1, 1)	(1143, -1, 2, -1, 1)	(1082, 1078, 0, 1, 1)	(1156, -1, 2, -1, 1)	(1169, -1, 2, -1, 1)	(2223, 45, 0, 1, 1)	(1469, -1, 2, -1, 1)	(1482, -1, 2, -1, 1)	(1619, 1607, 0, 1, 1)	(856, -1, 2, -1, 1)	(1312, 1310, 0, 1, 1)	(1420, 1407, 0, 1, 1)	(995, -1, 2, -1, 1)
173:	(1770, -1, 2, -1, 1)	(819, -1, 2, -1, 1)	(1501, -1, 2, -1, 1)	(649, -1, 2, -1, 1)	(1975, 342, 0, 1, 1)	(1083, -1, 2, -1, 1)	(837, 812, 0, 1, 1)	(1540, 1294, 0, 1, 1)	(2232, -1, 2, -1, 1)	(2226, 2152, 0, 1, 1)	(1724, 1190, 0, 1, 1)	(1625, -1, 2, -1, 1)	(1585, 1579, 0, 1, 1)	(1315, -1, 2, -1, 1)	(1421, -1, 2, -1, 1)	(2177, 2164, 0, 1, 1)
174:	(1239, 1237, 0, 1, 1)	(1239, 1236, 0, 1, 1)	(1265, 1262, 0, 1, 1)	(1476, 1408, 0, 1, 1)	(1976, -1, 2, -1, 1)	(1211, 1190, 0, 1, 1)	(842, -1, 2, -1, 1)	(1541, -1, 2, -1, 1)	(253, 252, 3, 1, 1)	(2227, -1, 2, -1, 1)	(1731, -1, 2, -1, 1)	(254, 252, 3, 1, 1)	(1586, -1, 2, -1, 1)	(2201, 2187, 0, 1, 1)	(1476, 1409, 0, 1, 1)	(2178, -1, 2, -1, 1)
175:	(1242, -1, 2, -1, 1)	(1240, -1, 2, -1, 1)	(1269, -1, 2, -1, 1)	(1478, -1, 2, -1, 1)	(1795, 992, 0, 1, 1)	(1215, -1, 2, -1, 1)	(1903, 916, 0, 1, 1)	(1523, 1188, 0, 1, 1)	(1724, 1188, 0, 1, 1)	(1724, 1189, 0, 1, 1)	(1672, 1642, 0, 1, 1)	(1697, 1642, 0, 1, 1)	(1520, 1079, 0, 1, 1)	(2203, -1, 2, -1, 1)	(1481, -1, 2, -1, 1)	(1710, 1579, 0, 1, 1)
176:	(2229, 2171, 0, 1, 1)	(1411, 1408, 0, 1, 1)	(1082, 1079, 0, 1, 1)	(1780, 1606, 0, 1, 1)	(1796, -1, 2, -1, 1)	(1672, 1643, 0, 1, 1)	(1907, -1, 2, -1, 1)	(1526, -1, 2, -1, 1)	(1725, -1, 2, -1, 1)	(1726, -1, 2, -1, 1)	(1674, -1, 2, -1, 1)	(1701, -1, 2, -1, 1)	(1522, -1, 2, -1, 1)	(1411, 1407, 0, 1, 1)	(1420, 1408, 0, 1, 1)	(1711, -1, 2, -1, 1)
177:	(2233, -1, 2, -1, 1)	(1413, -1, 2, -1, 1)	(1084, -1, 2, -1, 1)	(1781, -1, 2, -1, 1)	(1743, 1202, 0, 1, 1)	(1676, -1, 2, -1, 1)	(1312, 1309, 0, 1, 1)	(1347, 1309, 0, 1, 1)	(1523, 1190, 0, 1, 1)	(1659, 1642, 0, 1, 1)	(1142, 1140, 0, 1, 1)	(1347, 1310, 0, 1, 1)	(1659, 1643, 0, 1, 1)	(1412, -1, 2, -1, 1)	(1422, -1, 2, -1, 1)	(1743, 1201, 0, 1, 1)
178:	(1205, 1202, 0, 1, 1)	(933, 931, 0, 1, 1)	(942, 931, 0, 1, 1)	(275, 273, 3, 1, 1)	(1766, -1, 2, -1, 1)	(1758, 1375, 0, 1, 1)	(1313, -1, 2, -1, 1)	(1348, -1, 2, -1, 1)	(1531, -1, 2, -1, 1)	(1664, -1, 2, -1, 1)	(1145, -1, 2, -1, 1)	(1354, -1, 2, -1, 1)	(1666, -1, 2, -1, 1)	(-1, 2164, 0, 1, 1)	(-1, 2042, 0, 1, 1)	(1744, -1, 2, -1, 1)
179:	(1208, -1, 2, -1, 1)	(934, -1, 2, -1, 1)	(943, -1, 2, -1, 1)	(1211, 1189, 0, 1, 1)	(1142, 1139, 0, 1, 1)	(1763, -1, 2, -1, 1)	(1168, 1139, 0, 1, 1)	(942, 932, 0, 1, 1)	(317, 233, 0, 1, 1)	(2177, 2165, 0, 1, 1)	(1662, 1657, 0, 1, 1)	(395, 394, 3, 1, 1)	(274, 273, 3, 1, 1)	(2228, -1, 0, 0, 1)	(2106, -1, 0, 0, 1)	(396, 394, 3, 1, 1)
180:	(813, 795, 0, 1, 1)	(826, 795, 0, 1, 1)	(933, 932, 0, 1, 1)	(1214, -1, 2, -1, 1)	(1144, -1, 2, -1, 1)	(2090, 2036, 0, 1, 1)	(1171, -1, 2, -1, 1)	(945, -1, 2, -1, 1)	(326, -1, 2, -1, 1)	(2179, -1, 2, -1, 1)	(1665, -1, 2, -1, 1)	(2105, 2036, 0, 1, 1)	(82, 80, 3, 1, 1)	(2230, -1, 2, -1, 1)	(2108, -1, 2, -1, 1)	(300, 297, 3, 1, 1)
181:	(817, -1, 2, -1, 1)	(827, -1, 2, -1, 1)	(936, -1, 2, -1, 1)	(1155, 1139, 0, 1, 1)	(1155, 1140, 0, 1, 1)	(2094, -1, 2, -1, 1)	(1509, 1386, 0, 1, 1)	(1662, 1656, 0, 1, 1)	(2177, 2166, 0, 1, 1)	(1509, 1385, 0, 1, 1)	(1466, 1461, 0, 1, 1)	(2111, -1, 2, -1, 1)	(1479, 1461, 0, 1, 1)	(454, 452, 3, 1, 1)	(239, 237, 3, 1, 1)	(816, 812, 0, 1, 1)
182:	(1205, 1203, 0, 1, 1)	(1205, 1201, 0, 1, 1)	(1699, 1656, 0, 1, 1)	(1158, -1, 2, -1, 1)	(1159, -1, 2, -1, 1)	(1699, 1657, 0, 1, 1)	(1515, -1, 2, -1, 1)	(1663, -1, 2, -1, 1)	(2181, -1, 2, -1, 1)	(1513, -1, 2, -1, 1)	(1467, -1, 2, -1, 1)	(1466, 1462, 0, 1, 1)	(1480, -1, 2, -1, 1)	(238, 237, 3, 1, 1)	(2049, 157, 0, 1, 1)	(820, -1, 2, -1, 1)
183:	(1209, -1, 2, -1, 1)	(1206, -1, 2, -1, 1)	(1700, -1, 2, -1, 1)	(851, 795, 0, 1, 1)	(1475, 1387, 0, 1, 1)	(1702, -1, 2, -1, 1)	(1524, 1201, 0, 1, 1)	(1696, 1637, 0, 1, 1)	(1672, 1641, 0, 1, 1)	(2223, 46, 0, 1, 1)	(851, 797, 0, 1, 1)	(1468, -1, 2, -1, 1)	(1922, 1848, 0, 1, 1)	(1121, 1119, 3, 1, 1)	(2058, -1, 2, -1, 1)	(1524, 1202, 0, 1, 1)
184:	(1619, 1606, 0, 1, 1)	(837, 810, 0, 1, 1)	(1476, 1407, 0, 1, 1)	(854, -1, 2, -1, 1)	(1485, -1, 2, -1, 1)	(81, 80, 3, 1, 1)	(1525, -1, 2, -1, 1)	(1704, -1, 2, -1, 1)	(1673, -1, 2, -1, 1)	(2235, -1, 2, -1, 1)	(858, -1, 2, -1, 1)	(1780, 1607, 0, 1, 1)	(1923, -1, 2, -1, 1)	(2080, 193, 0, 1, 1)	(2080, 194, 0, 1, 1)	(1529, -1, 2, -1, 1)
185:	(1623, -1, 2, -1, 1)	(838, -1, 2, -1, 1)	(1477, -1, 2, -1, 1)	(1444, 1435, 0, 1, 1)	(1524, 1203, 0, 1, 1)	(1622, 1618, 0, 1, 1)	(2200, 2172, 0, 1, 1)	(361, 360, 3, 1, 1)	(362, 360, 3, 1, 1)	(363, 360, 3, 1, 1)	(2200, 2170, 0, 1, 1)	(1789, -1, 2, -1, 1)	(1120, 1119, 3, 1, 1)	(2082, -1, 2, -1, 1)	(2083, -1, 2, -1, 1)	(399, 396, 0, 1, 1)
186:	(1064, 1062, 3, 1, 1)	(453, 452, 3, 1, 1)	(83, 80, 3, 1, 1)	(1447, -1, 2, -1, 1)	(1532, -1, 2, -1, 1)	(1624, -1, 2, -1, 1)	(2205, -1, 2, -1, 1)	(1492, 1461, 0, 1, 1)	(1492, 1462, 0, 1, 1)	(1667, 1617, 0, 1, 1)	(2202, -1, 2, -1, 1)	(1492, 1463, 0, 1, 1)	(1922, 1849, 0, 1, 1)	(298, 297, 3, 1, 1)	(299, 297, 3, 1, 1)	(402, -1, 2, -1, 1)
187:	(1683, 1656, 0, 1, 1)	(2056, 2043, 0, 1, 1)	(2106, 2043, 0, 1, 1)	(1683, 1657, 0, 1, 1)	(1949, 529, 0, 1, 1)	(2068, 193, 0, 1, 1)	(2068, 194, 0, 1, 1)	(1493, -1, 2, -1, 1)	(1494, -1, 2, -1, 1)	(1668, -1, 2, -1, 1)	(2068, 195, 0, 1, 1)	(1495, -1, 2, -1, 1)	(1929, -1, 2, -1, 1)	(2080, 195, 0, 1, 1)	(1903, 914, 0, 1, 1)	(1964, 914, 0, 1, 1)
188:	(1684, -1, 2, -1, 1)	(2060, -1, 2, -1, 1)	(2112, -1, 2, -1, 1)	(1686, -1, 2, -1, 1)	(1954, -1, 2, -1, 1)	(2071, -1, 2, -1, 1)	(2072, -1, 2, -1, 1)	(1683, 1658, 0, 1, 1)	(776, 771, 0, 1, 1)	(2090, 2037, 0, 1, 1)	(2073, -1, 2, -1, 1)	(1085, 1083, 3, 1, 1)	(255, 254, 0, 1, 1)	(2084, -1, 2, -1, 1)	(1905, -1, 2, -1, 1)	(1965, -1, 2, -1, 1)
189:	(627, 530, 0, 1, 1)	(569, 566, 3, 1, 1)	(678, 356, 0, 1, 1)	(567, 566, 3, 1, 1)	(2088, 194, 0, 1, 1)	(1168, 1140, 0, 1, 1)	(1099, 1098, 3, 1, 1)	(1688, -1, 2, -1, 1)	(777, -1, 2, -1, 1)	(2095, -1, 2, -1, 1)	(1100, 1098, 3, 1, 1)	(997, 995, 3, 1, 1)	(257, -1, 2, -1, 1)	(320, 253, 0, 1, 1)	(1084, 1083, 3, 1, 1)	(1662, 1658, 0, 1, 1)
190:	(640, -1, 2, -1, 1)	(568, 566, 3, 1, 1)	(683, -1, 2, -1, 1)	(633, 616, 0, 1, 1)	(2093, -1, 2, -1, 1)	(1172, -1, 2, -1, 1)	(821, 772, 0, 1, 1)	(2090, 2035, 0, 1, 1)	(663, 540, 0, 1, 1)	(1740, 1065, 0, 1, 1)	(255, 253, 0, 1, 1)	(1667, 1618, 0, 1, 1)	(935, 934, 3, 1, 1)	(321, -1, 2, -1, 1)	(318, 239, 0, 1, 1)	(1666, -1, 2, -1, 1)
191:	(1850, 1848, 0, 1, 1)	(1850, 1849, 0, 1, 1)	(2088, 193, 0, 1, 1)	(635, -1, 2, -1, 1)	(1964, 915, 0, 1, 1)	(1300, 1298, 3, 1, 1)	(828, -1, 2, -1, 1)	(2091, -1, 2, -1, 1)	(669, -1, 2, -1, 1)	(1773, -1, 2, -1, 1)	(256, -1, 2, -1, 1)	(1674, -1, 2, -1, 1)	(1903, 915, 0, 1, 1)	(741, 740, 3, 1, 1)	(327, -1, 2, -1, 1)	(742, 740, 3, 1, 1)
192:	(1851, -1, 2, -1, 1)	(1853, -1, 2, -1, 1)	(2092, -1, 2, -1, 1)	(602, 601, 3, 1, 1)	(1966, -1, 2, -1, 1)	(604, 601, 3, 1, 1)	(468, 467, 3, 1, 1)	(469, 467, 3, 1, 1)	(743, 740, 3, 1, 1)	(1741, 1193, 0, 1, 1)	(1473, 1375, 0, 1, 1)	(322, 294, 0, 1, 1)	(1906, -1, 2, -1, 1)	(1144, 1143, 3, 1, 1)	(399, 395, 0, 1, 1)	(816, 810, 0, 1, 1)
193:	(1947, 520, 0, 1, 1)	(1299, 1298, 3, 1, 1)	(1146, 1143, 3, 1, 1)	(996, 995, 3, 1, 1)	(2228, 2165, 0, 1, 1)	(1241, 1240, 3, 1, 1)	(1314, 1313, 3, 1, 1)	(310, 300, 0, 1, 1)	(366, 363, 0, 1, 1)	(1770, -1, 2, -1, 1)	(1481, -1, 2, -1, 1)	(326, -1, 2, -1, 1)	(679, 363, 0, 1, 1)	(1534, 1120, 0, 1, 1)	(400, -1, 2, -1, 1)	(817, -1, 2, -1, 1)
194:	(1968, -1, 2, -1, 1)	(603, 601, 3, 1, 1)	(1779, 1065, 0, 1, 1)	(1588, 1586, 3, 1, 1)	(2232, -1, 2, -1, 1)	(1589, 1586, 3, 1, 1)	(1413, 1412, 3, 1, 1)	(314, -1, 2, -1, 1)	(369, -1, 2, -1, 1)	(1414, 1412, 3, 1, 1)	(1415, 1412, 3, 1, 1)	(1315, 1313, 3, 1, 1)	(686, -1, 2, -1, 1)	(1535, -1, 2, -1, 1)	(655, 395, 0, 1, 1)	(1207, 1206, 3, 1, 1)
195:	(2056, 2041, 0, 1, 1)	(2099, 151, 0, 1, 1)	(1791, -1, 2, -1, 1)	(1242, 1240, 3, 1, 1)	(1760, 1385, 0, 1, 1)	(277, 274, 0, 1, 1)	(323, 300, 0, 1, 1)	(1534, 1121, 0, 1, 1)	(1622, 1617, 0, 1, 1)	(1450, 1447, 3, 1, 1)	(1101, 1099, 0, 1, 1)	(1166, 1099, 0, 1, 1)	(-1, -1, -1, -1, 0)	(-1, -1, -1, -1, 0)	(656, -1, 2, -1, 1)	(-1, -1, -1, -1, 0)
196:	(2057, -1, 2, -1, 1)	(2107, -1, 2, -1, 1)	(1587, 1586, 3, 1, 1)	(1500, 1237, 0, 1, 1)	(1763, -1, 2, -1, 1)	(278, -1, 2, -1, 1)	(328, -1, 2, -1, 1)	(1552, -1, 2, -1, 1)	(1623, -1, 2, -1, 1)	(1697, 1643, 0, 1, 1)	(1102, -1, 2, -1, 1)	(1167, -1, 2, -1, 1)	(2175, 81, 0, 1, 1)	(2213, 81, 0, 1, 1)	(2242, 81, 0, 1, 1)	(1164, 1085, 0, 1, 1)
197:	(2200, 2171, 0, 1, 1)	(1145, 1143, 3, 1, 1)	(688, 275, 0, 1, 1)	(1515, -1, 2, -1, 1)	(688, 274, 0, 1, 1)	(1697, 1641, 0, 1, 1)	(366, 362, 0, 1, 1)	(1935, 362, 0, 1, 1)	(470, 453, 0, 1, 1)	(1704, -1, 2, -1, 1)	(1101, 1100, 0, 1, 1)	(1521, 1084, 0, 1, 1)	(2178, -1, 2, -1, 1)	(2214, -1, 2, -1, 1)	(2243, -1, 2, -1, 1)	(1173, -1, 2, -1, 1)
198:	(2203, -1, 2, -1, 1)	(277, 275, 0, 1, 1)	(706, -1, 2, -1, 1)	(2088, 195, 0, 1, 1)	(689, -1, 2, -1, 1)	(1700, -1, 2, -1, 1)	(368, -1, 2, -1, 1)	(1957, -1, 2, -1, 1)	(472, -1, 2, -1, 1)	(470, 454, 0, 1, 1)	(1103, -1, 2, -1, 1)	(1522, -1, 2, -1, 1)	(1473, 1376, 0, 1, 1)	(1449, 1447, 3, 1, 1)	(1163, 1079, 0, 1, 1)	(575, 569, 0, 1, 1)
199:	(936, 934, 3, 1, 1)	(281, -1, 2, -1, 1)	(2175, 82, 0, 1, 1)	(2094, -1, 2, -1, 1)	(2213, 82, 0, 1, 1)	(2242, 82, 0, 1, 1)	(1208, 1206, 3, 1, 1)	(853, 812, 0, 1, 1)	(853, 810, 0, 1, 1)	(475, -1, 2, -1, 1)	(1123, 1121, 0, 1, 1)	(679, 361, 0, 1, 1)	(1485, -1, 2, -1, 1)	(1935, 361, 0, 1, 1)	(1172, -1, 2, -1, 1)	(580, -1, 2, -1, 1)
200:	(675, 238, 0, 1, 1)	(2229, 2172, 0, 1, 1)	(2180, -1, 2, -1, 1)	(2175, 83, 0, 1, 1)	(2217, -1, 2, -1, 1)	(2245, -1, 2, -1, 1)	(2242, 83, 0, 1, 1)	(858, -1, 2, -1, 1)	(854, -1, 2, -1, 1)	(690, 298, 0, 1, 1)	(1127, -1, 2, -1, 1)	(680, -1, 2, -1, 1)	(690, 299, 0, 1, 1)	(1936, -1, 2, -1, 1)	(631, 569, 0, 1, 1)	(655, 396, 0, 1, 1)
201:	(676, -1, 2, -1, 1)	(2235, -1, 2, -1, 1)	(2056, 2042, 0, 1, 1)	(2182, -1, 2, -1, 1)	(1209, 1206, 3, 1, 1)	(1523, 1189, 0, 1, 1)	(2247, -1, 2, -1, 1)	(366, 361, 0, 1, 1)	(1123, 1120, 0, 1, 1)	(692, -1, 2, -1, 1)	(-1, 567, 0, 1, 1)	(618, 604, 0, 1, 1)	(693, -1, 2, -1, 1)	(1169, 1144, 0, 1, 1)	(639, -1, 2, -1, 1)	(669, -1, 2, -1, 1)
202:	(1659, 1641, 0, 1, 1)	(1448, 1447, 3, 1, 1)	(2058, -1, 2, -1, 1)	(310, 299, 0, 1, 1)	(998, 997, 0, 1, 1)	(1529, -1, 2, -1, 1)	(575, 568, 0, 1, 1)	(367, -1, 2, -1, 1)	(1124, -1, 2, -1, 1)	(257, 256, 3, 1, 1)	(631, -1, 0, 0, 1)	(625, -1, 2, -1, 1)	(258, 256, 3, 1, 1)	(1171, -1, 2, -1, 1)	(-1, 602, 0, 1, 1)	(402, 400, 3, 1, 1)
203:	(1663, -1, 2, -1, 1)	(1740, 1064, 0, 1, 1)	(1779, 1064, 0, 1, 1)	(313, -1, 2, -1, 1)	(1001, -1, 2, -1, 1)	(695, 453, 0, 1, 1)	(577, -1, 2, -1, 1)	(323, 298, 0, 1, 1)	(943, 935, 0, 1, 1)	(1852, 1851, 3, 1, 1)	(632, -1, 2, -1, 1)	(1853, 1851, 3, 1, 1)	(1316, 1300, 0, 1, 1)	(320, 254, 0, 1, 1)	(1914, -1, 0, 0, 1)	(502, 469, 0, 1, 1)
204:	(310, 298, 0, 1, 1)	(1771, -1, 2, -1, 1)	(1789, -1, 2, -1, 1)	(575, 567, 0, 1, 1)	(1952, 602, 0, 1, 1)	(696, -1, 2, -1, 1)	(849, 743, 0, 1, 1)	(325, -1, 2, -1, 1)	(944, -1, 2, -1, 1)	(865, 743, 0, 1, 1)	(1960, 884, 0, 1, 1)	(1316, 1299, 0, 1, 1)	(1321, -1, 2, -1, 1)	(326, -1, 2, -1, 1)	(1915, -1, 2, -1, 1)	(508, -1, 2, -1, 1)
205:	(312, -1, 2, -1, 1)	(2213, 83, 0, 1, 1)	(778, 777, 3, 1, 1)	(576, -1, 2, -1, 1)	(1953, -1, 2, -1, 1)	(779, 777, 3, 1, 1)	(861, -1, 2, -1, 1)	(1910, 569, 0, 1, 1)	(1910, 567, 0, 1, 1)	(872, -1, 2, -1, 1)	(1968, -1, 2, -1, 1)	(1318, -1, 2, -1, 1)	(629, 539, 0, 1, 1)	(1914, 604, 0, 1, 1)	(818, 817, 3, 1, 1)	(820, 817, 3, 1, 1)
206:	(2099, 152, 0, 1, 1)	(2219, -1, 2, -1, 1)	(1796, 997, 0, 1, 1)	(849, 742, 0, 1, 1)	(865, 742, 0, 1, 1)	(1756, 1366, 0, 1, 1)	(2229, 2170, 0, 1, 1)	(1929, -1, 2, -1, 1)	(1911, -1, 2, -1, 1)	(1245, 1241, 0, 1, 1)	(1695, 1588, 0, 1, 1)	(1711, 1588, 0, 1, 1)	(635, -1, 2, -1, 1)	(1930, -1, 2, -1, 1)	(1728, 1588, 0, 1, 1)	(1421, 1415, 0, 1, 1)
207:	(2112, -1, 2, -1, 1)	(502, 468, 0, 1, 1)	(1815, -1, 2, -1, 1)	(859, -1, 2, -1, 1)	(869, -1, 2, -1, 1)	(1770, -1, 2, -1, 1)	(2232, -1, 2, -1, 1)	(401, 400, 3, 1, 1)	(1156, 1146, 0, 1, 1)	(1246, -1, 2, -1, 1)	(1705, -1, 2, -1, 1)	(1715, -1, 2, -1, 1)	(1501, 1241, 0, 1, 1)	(1695, 1589, 0, 1, 1)	(1730, -1, 2, -1, 1)	(1426, -1, 2, -1, 1)
208:	(1910, 568, 0, 1, 1)	(503, -1, 2, -1, 1)	(937, 935, 0, 1, 1)	(865, 741, 0, 1, 1)	(1979, 742, 0, 1, 1)	(819, 817, 3, 1, 1)	(1348, 1314, 0, 1, 1)	(1711, 1589, 0, 1, 1)	(1160, -1, 2, -1, 1)	(1728, 1589, 0, 1, 1)	(1245, 1242, 0, 1, 1)	(1104, 1102, 3, 1, 1)	(1502, -1, 2, -1, 1)	(1706, -1, 2, -1, 1)	(690, 300, 0, 1, 1)	(-1, -1, -1, -1, 0)
209:	(1916, -1, 2, -1, 1)	(471, 469, 0, 1, 1)	(938, -1, 2, -1, 1)	(868, -1, 2, -1, 1)	(1981, -1, 2, -1, 1)	(1979, 743, 0, 1, 1)	(1349, -1, 2, -1, 1)	(1716, -1, 2, -1, 1)	(1169, 1146, 0, 1, 1)	(1731, -1, 2, -1, 1)	(1248, -1, 2, -1, 1)	(1421, 1414, 0, 1, 1)	(2105, 2035, 0, 1, 1)	(280, 278, 3, 1, 1)	(706, -1, 2, -1, 1)	(1103, 1102, 3, 1, 1)
210:	(677, 343, 0, 1, 1)	(474, -1, 2, -1, 1)	(1475, 1385, 0, 1, 1)	(1156, 1144, 0, 1, 1)	(1536, 1144, 0, 1, 1)	(1985, -1, 2, -1, 1)	(1156, 1145, 0, 1, 1)	(1536, 1145, 0, 1, 1)	(1174, -1, 2, -1, 1)	(1166, 1100, 0, 1, 1)	(2182, 2178, 3, 1, 1)	(1423, -1, 2, -1, 1)	(2107, -1, 2, -1, 1)	(1521, 1085, 0, 1, 1)	(1805, 1448, 0, 1, 1)	(656, 402, 0, 1, 1)
211:	(683, -1, 2, -1, 1)	(1979, 741, 0, 1, 1)	(1481, -1, 2, -1, 1)	(1158, -1, 2, -1, 1)	(1538, -1, 2, -1, 1)	(618, 602, 0, 1, 1)	(1159, -1, 2, -1, 1)	(1539, -1, 2, -1, 1)	(-1, 996, 0, 1, 1)	(1172, -1, 2, -1, 1)	(1212, 1207, 0, 1, 1)	(1525, 1207, 0, 1, 1)	(1744, 1207, 0, 1, 1)	(1529, -1, 2, -1, 1)	(1806, -1, 2, -1, 1)	(669, -1, 2, -1, 1)
212:	(1541, 1299, 0, 1, 1)	(1980, -1, 2, -1, 1)	(618, 603, 0, 1, 1)	(1952, 603, 0, 1, 1)	(1624, 1623, 3, 1, 1)	(621, -1, 2, -1, 1)	(1625, 1623, 3, 1, 1)	(1699, 1658, 0, 1, 1)	(1796, -1, 0, 0, 1)	(937, 936, 0, 1, 1)	(1213, -1, 2, -1, 1)	(1526, -1, 2, -1, 1)	(1745, -1, 2, -1, 1)	(943, 936, 0, 1, 1)	(1665, 1663, 3, 1, 1)	(1666, 1663, 3, 1, 1)
213:	(1542, -1, 2, -1, 1)	(1348, 1315, 0, 1, 1)	(624, -1, 2, -1, 1)	(1967, -1, 2, -1, 1)	(279, 278, 3, 1, 1)	(1464, 1450, 0, 1, 1)	(1761, 1450, 0, 1, 1)	(1704, -1, 2, -1, 1)	(1797, -1, 2, -1, 1)	(939, -1, 2, -1, 1)	(1501, 1242, 0, 1, 1)	(1728, 1587, 0, 1, 1)	(281, 278, 3, 1, 1)	(945, -1, 2, -1, 1)	(1464, 1449, 0, 1, 1)	(1805, 1449, 0, 1, 1)
214:	(998, 996, 0, 1, 1)	(1354, -1, 2, -1, 1)	(1421, 1413, 0, 1, 1)	(-1, 1413, 0, 1, 1)	(1801, 1413, 0, 1, 1)	(1471, -1, 2, -1, 1)	(1772, -1, 2, -1, 1)	(1711, 1587, 0, 1, 1)	(2179, 2178, 3, 1, 1)	(471, 468, 0, 1, 1)	(1515, -1, 2, -1, 1)	(1729, -1, 2, -1, 1)	(1212, 1208, 0, 1, 1)	(1744, 1208, 0, 1, 1)	(1470, -1, 2, -1, 1)	(1813, -1, 2, -1, 1)
215:	(999, -1, 2, -1, 1)	(2180, 2178, 3, 1, 1)	(1422, -1, 2, -1, 1)	(1477, -1, 0, 0, 1)	(1802, -1, 2, -1, 1)	(2228, 2166, 0, 1, 1)	(1212, 1209, 0, 1, 1)	(1714, -1, 2, -1, 1)	(1525, 1209, 0, 1, 1)	(472, -1, 2, -1, 1)	(368, 367, 3, 1, 1)	(369, 367, 3, 1, 1)	(1214, -1, 2, -1, 1)	(1766, -1, 2, -1, 1)	(1664, 1663, 3, 1, 1)	(1761, 1448, 0, 1, 1)
216:	(1477, 1415, 0, 1, 1)	(370, 367, 3, 1, 1)	(1464, 1448, 0, 1, 1)	(1478, -1, 2, -1, 1)	(1971, 257, 0, 1, 1)	(2235, -1, 2, -1, 1)	(1216, -1, 2, -1, 1)	(318, 238, 0, 1, 1)	(1532, -1, 2, -1, 1)	(822, 778, 0, 1, 1)	(822, 779, 0, 1, 1)	(2105, 2037, 0, 1, 1)	(1801, 1415, 0, 1, 1)	(656, 401, 0, 1, 1)	(-1, -1, -1, -1, 0)	(1762, -1, 2, -1, 1)
217:	(1486, -1, 2, -1, 1)	(1317, 1315, 0, 1, 1)	(1467, -1, 2, -1, 1)	(1127, 1124, 3, 1, 1)	(1972, -1, 2, -1, 1)	(321, 258, 0, 1, 1)	(1854, 1853, 0, 1, 1)	(326, -1, 2, -1, 1)	(854, 818, 0, 1, 1)	(828, -1, 2, -1, 1)	(831, -1, 2, -1, 1)	(2112, -1, 2, -1, 1)	(1815, -1, 2, -1, 1)	(657, -1, 2, -1, 1)	(2227, 2157, 0, 1, 1)	(940, 938, 3, 1, 1)
218:	(1541, 1300, 0, 1, 1)	(1320, -1, 2, -1, 1)	(1126, 1124, 3, 1, 1)	(1854, 1852, 0, 1, 1)	(1923, 1852, 0, 1, 1)	(329, -1, 2, -1, 1)	(1857, -1, 2, -1, 1)	(578, 576, 3, 1, 1)	(855, -1, 2, -1, 1)	(627, 529, 0, 1, 1)	(1914, 603, 0, 1, 1)	(1739, 1042, 0, 1, 1)	(1167, 1104, 0, 1, 1)	(622, 621, 3, 1, 1)	(2232, -1, 2, -1, 1)	(1215, 1213, 3, 1, 1)
219:	(1552, -1, 2, -1, 1)	(2181, 2178, 3, 1, 1)	(417, 402, 0, 1, 1)	(1855, -1, 2, -1, 1)	(1924, -1, 2, -1, 1)	(1933, 352, 0, 1, 1)	(838, 820, 0, 1, 1)	(417, 401, 0, 1, 1)	(838, 819, 0, 1, 1)	(635, -1, 2, -1, 1)	(1929, -1, 2, -1, 1)	(1770, -1, 2, -1, 1)	(1175, -1, 2, -1, 1)	(854, 819, 0, 1, 1)	(2104, 2028, 0, 1, 1)	(675, 239, 0, 1, 1)
220:	(849, 741, 0, 1, 1)	(577, 576, 3, 1, 1)	(422, -1, 2, -1, 1)	(579, 576, 3, 1, 1)	(1247, 1246, 3, 1, 1)	(1968, -1, 2, -1, 1)	(842, -1, 2, -1, 1)	(420, -1, 2, -1, 1)	(840, -1, 2, -1, 1)	(1971, 258, 0, 1, 1)	(1479, 1462, 0, 1, 1)	(1164, 1084, 0, 1, 1)	(623, 621, 3, 1, 1)	(856, -1, 2, -1, 1)	(2107, -1, 2, -1, 1)	(683, -1, 2, -1, 1)
221:	(858, -1, 2, -1, 1)	(1125, 1124, 3, 1, 1)	(838, 818, 0, 1, 1)	(1248, 1246, 3, 1, 1)	(827, 819, 0, 1, 1)	(1720, 1104, 0, 1, 1)	(1720, 1103, 0, 1, 1)	(625, 621, 3, 1, 1)	(939, 938, 3, 1, 1)	(1985, -1, 2, -1, 1)	(1481, -1, 2, -1, 1)	(1172, -1, 2, -1, 1)	(1000, 999, 3, 1, 1)	(827, 818, 0, 1, 1)	(-1, -1, -1, -1, 0)	(-1, -1, -1, -1, 0)
222:	(1801, 1414, 0, 1, 1)	(1317, 1314, 0, 1, 1)	(839, -1, 2, -1, 1)	(580, 576, 3, 1, 1)	(829, -1, 2, -1, 1)	(1731, -1, 2, -1, 1)	(1721, -1, 2, -1, 1)	(827, 820, 0, 1, 1)	(306, 280, 0, 1, 1)	(689, 280, 0, 1, 1)	(1695, 1587, 0, 1, 1)	(624, 621, 3, 1, 1)	(306, 279, 0, 1, 1)	(828, -1, 2, -1, 1)	(689, 279, 0, 1, 1)	(1423, 1422, 3, 1, 1)
223:	(1807, -1, 2, -1, 1)	(1318, -1, 2, -1, 1)	(1893, 778, 0, 1, 1)	(1893, 779, 0, 1, 1)	(1668, 1625, 0, 1, 1)	(1781, 1625, 0, 1, 1)	(1673, 1665, 0, 1, 1)	(830, -1, 2, -1, 1)	(312, -1, 2, -1, 1)	(692, -1, 2, -1, 1)	(1704, -1, 2, -1, 1)	(1673, 1666, 0, 1, 1)	(311, -1, 2, -1, 1)	(1424, 1422, 3, 1, 1)	(691, -1, 2, -1, 1)	(1425, 1422, 3, 1, 1)
224:	(1525, 1208, 0, 1, 1)	(1684, 1665, 0, 1, 1)	(1894, -1, 2, -1, 1)	(1906, -1, 2, -1, 1)	(1677, -1, 2, -1, 1)	(1789, -1, 2, -1, 1)	(1675, -1, 2, -1, 1)	(1700, 1665, 0, 1, 1)	(1684, 1666, 0, 1, 1)	(1001, 999, 3, 1, 1)	(-1, 2179, 0, 1, 1)	(1676, -1, 2, -1, 1)	(2227, 2158, 0, 1, 1)	(-1, 368, 0, 1, 1)	(680, 369, 0, 1, 1)	(1684, 1664, 0, 1, 1)
225:	(1529, -1, 2, -1, 1)	(1686, -1, 2, -1, 1)	(301, 279, 0, 1, 1)	(1214, 1213, 3, 1, 1)	(1216, 1213, 3, 1, 1)	(680, 370, 0, 1, 1)	(1936, 370, 0, 1, 1)	(1702, -1, 2, -1, 1)	(1688, -1, 2, -1, 1)	(1747, 1257, 0, 1, 1)	(2243, -1, 0, 0, 1)	(1857, 1855, 3, 1, 1)	(2235, -1, 2, -1, 1)	(1936, -1, 0, 0, 1)	(686, -1, 2, -1, 1)	(1685, -1, 2, -1, 1)
226:	(695, 454, 0, 1, 1)	(301, 280, 0, 1, 1)	(302, -1, 2, -1, 1)	(301, 281, 0, 1, 1)	(306, 281, 0, 1, 1)	(687, -1, 2, -1, 1)	(1969, -1, 2, -1, 1)	(323, 299, 0, 1, 1)	(1468, 1467, 3, 1, 1)	(1770, -1, 2, -1, 1)	(2244, -1, 2, -1, 1)	(1469, 1467, 3, 1, 1)	(1470, 1467, 3, 1, 1)	(1957, -1, 2, -1, 1)	(1471, 1467, 3, 1, 1)	(1152, 1127, 0, 1, 1)
227:	(706, -1, 2, -1, 1)	(303, -1, 2, -1, 1)	(1668, 1624, 0, 1, 1)	(305, -1, 2, -1, 1)	(314, -1, 2, -1, 1)	(1781, 1624, 0, 1, 1)	(1426, 1422, 3, 1, 1)	(326, -1, 2, -1, 1)	(1805, 1450, 0, 1, 1)	(2230, 2179, 0, 1, 1)	(1147, 1127, 0, 1, 1)	(944, 940, 0, 1, 1)	(969, 940, 0, 1, 1)	(1856, 1855, 3, 1, 1)	(1950, 535, 0, 1, 1)	(1160, -1, 2, -1, 1)
228:	(-1, 2182, 0, 1, 1)	(2243, 2182, 0, 1, 1)	(1674, -1, 2, -1, 1)	(2243, 2180, 0, 1, 1)	(1536, 1146, 0, 1, 1)	(1782, -1, 2, -1, 1)	(701, 578, 0, 1, 1)	(647, 622, 0, 1, 1)	(1815, -1, 2, -1, 1)	(2232, -1, 2, -1, 1)	(1151, -1, 2, -1, 1)	(947, -1, 2, -1, 1)	(975, -1, 2, -1, 1)	(1915, 622, 0, 1, 1)	(1968, -1, 2, -1, 1)	(1953, 622, 0, 1, 1)
229:	(2214, -1, 0, 0, 1)	(2247, -1, 2, -1, 1)	(2214, 2179, 0, 1, 1)	(2245, -1, 2, -1, 1)	(1552, -1, 2, -1, 1)	(473, 472, 3, 1, 1)	(704, -1, 2, -1, 1)	(648, -1, 2, -1, 1)	(474, 472, 3, 1, 1)	(475, 472, 3, 1, 1)	(2214, 2180, 0, 1, 1)	(2230, 2180, 0, 1, 1)	(701, 577, 0, 1, 1)	(1916, -1, 2, -1, 1)	(1263, 1247, 0, 1, 1)	(1954, -1, 2, -1, 1)
230:	(2219, -1, 2, -1, 1)	(2230, 2182, 0, 1, 1)	(2215, -1, 2, -1, 1)	(1976, 368, 0, 1, 1)	(1976, 369, 0, 1, 1)	(1700, 1664, 0, 1, 1)	(1923, 1853, 0, 1, 1)	(1911, 578, 0, 1, 1)	(1915, 623, 0, 1, 1)	(1953, 623, 0, 1, 1)	(2217, -1, 2, -1, 1)	(2234, -1, 2, -1, 1)	(702, -1, 2, -1, 1)	(1535, 1125, 0, 1, 1)	(1266, -1, 2, -1, 1)	(1738, 1038, 0, 1, 1)
231:	(2104, 2029, 0, 1, 1)	(2236, -1, 2, -1, 1)	(1147, 1126, 0, 1, 1)	(1977, -1, 2, -1, 1)	(1984, -1, 2, -1, 1)	(1701, -1, 2, -1, 1)	(1929, -1, 2, -1, 1)	(1918, -1, 2, -1, 1)	(1917, -1, 2, -1, 1)	(1955, -1, 2, -1, 1)	(1535, 1126, 0, 1, 1)	(423, 420, 3, 1, 1)	(854, 820, 0, 1, 1)	(1537, -1, 2, -1, 1)	(634, 623, 0, 1, 1)	(1770, -1, 2, -1, 1)
232:	(2112, -1, 2, -1, 1)	(631, 568, 0, 1, 1)	(1149, -1, 2, -1, 1)	(1745, 1215, 0, 1, 1)	(679, 362, 0, 1, 1)	(2214, 2181, 0, 1, 1)	(2243, 2181, 0, 1, 1)	(944, 939, 0, 1, 1)	(1526, 1214, 0, 1, 1)	(1871, 1857, 0, 1, 1)	(1538, -1, 2, -1, 1)	(1938, 411, 0, 1, 1)	(858, -1, 2, -1, 1)	(-1, -1, -1, -1, 0)	(636, -1, 2, -1, 1)	(-1, -1, -1, -1, 0)
233:	(632, 578, 0, 1, 1)	(635, -1, 2, -1, 1)	(1526, 1215, 0, 1, 1)	(1769, -1, 2, -1, 1)	(683, -1, 2, -1, 1)	(2218, -1, 2, -1, 1)	(2246, -1, 2, -1, 1)	(945, -1, 2, -1, 1)	(1529, -1, 2, -1, 1)	(1875, -1, 2, -1, 1)	(421, 420, 3, 1, 1)	(1968, -1, 2, -1, 1)	(632, 579, 0, 1, 1)	(666, 579, 0, 1, 1)	(1911, 579, 0, 1, 1)	(647, 623, 0, 1, 1)
234:	(637, -1, 2, -1, 1)	(666, 578, 0, 1, 1)	(1531, -1, 2, -1, 1)	(422, 420, 3, 1, 1)	(1169, 1145, 0, 1, 1)	(1976, 370, 0, 1, 1)	(666, 577, 0, 1, 1)	(1015, 1000, 0, 1, 1)	(1797, 1000, 0, 1, 1)	(647, 624, 0, 1, 1)	(1802, 1423, 0, 1, 1)	(1493, 1468, 0, 1, 1)	(638, -1, 2, -1, 1)	(671, -1, 2, -1, 1)	(1920, -1, 2, -1, 1)	(649, -1, 2, -1, 1)
235:	(1502, 1247, 0, 1, 1)	(669, -1, 2, -1, 1)	(1152, 1125, 0, 1, 1)	(634, 625, 0, 1, 1)	(1172, -1, 2, -1, 1)	(1985, -1, 2, -1, 1)	(667, -1, 2, -1, 1)	(1016, -1, 2, -1, 1)	(1798, -1, 2, -1, 1)	(652, -1, 2, -1, 1)	(1807, -1, 2, -1, 1)	(1494, -1, 2, -1, 1)	(647, 625, 0, 1, 1)	(969, 939, 0, 1, 1)	(1700, 1666, 0, 1, 1)	(1802, 1424, 0, 1, 1)
236:	(1503, -1, 2, -1, 1)	(829, 828, 3, 1, 1)	(1157, -1, 2, -1, 1)	(640, -1, 2, -1, 1)	(830, 828, 3, 1, 1)	(1319, 1318, 3, 1, 1)	(1321, 1318, 3, 1, 1)	(632, 580, 0, 1, 1)	(666, 580, 0, 1, 1)	(1953, 624, 0, 1, 1)	(1547, 1423, 0, 1, 1)	(1547, 1426, 0, 1, 1)	(653, -1, 2, -1, 1)	(970, -1, 2, -1, 1)	(1704, -1, 2, -1, 1)	(1809, -1, 2, -1, 1)
237:	(1477, 1414, 0, 1, 1)	(1915, 625, 0, 1, 1)	(701, 580, 0, 1, 1)	(1547, 1424, 0, 1, 1)	(1015, 1001, 0, 1, 1)	(-1, 257, 0, 1, 1)	(1480, 1470, 0, 1, 1)	(639, -1, 2, -1, 1)	(672, -1, 2, -1, 1)	(1967, -1, 2, -1, 1)	(1548, -1, 2, -1, 1)	(1555, -1, 2, -1, 1)	(1493, 1470, 0, 1, 1)	(1806, 1470, 0, 1, 1)	(696, 473, 0, 1, 1)	(1948, 525, 0, 1, 1)
238:	(1481, -1, 2, -1, 1)	(1930, -1, 2, -1, 1)	(707, -1, 2, -1, 1)	(1550, -1, 2, -1, 1)	(1019, -1, 2, -1, 1)	(321, -1, 0, 0, 1)	(1485, -1, 2, -1, 1)	(1725, 1215, 0, 1, 1)	(1263, 1248, 0, 1, 1)	(1502, 1248, 0, 1, 1)	(1320, 1318, 3, 1, 1)	(2230, 2181, 0, 1, 1)	(1498, -1, 2, -1, 1)	(1813, -1, 2, -1, 1)	(697, -1, 2, -1, 1)	(1968, -1, 2, -1, 1)
239:	(831, 828, 3, 1, 1)	(1512, 1423, 0, 1, 1)	(1512, 1425, 0, 1, 1)	(1802, 1425, 0, 1, 1)	(304, 302, 3, 1, 1)	(326, -1, 2, -1, 1)	(1725, 1214, 0, 1, 1)	(1731, -1, 2, -1, 1)	(1268, -1, 2, -1, 1)	(1515, -1, 2, -1, 1)	(1526, 1216, 0, 1, 1)	(2235, -1, 2, -1, 1)	(1725, 1216, 0, 1, 1)	(1797, 1001, 0, 1, 1)	(1512, 1426, 0, 1, 1)	(503, 473, 0, 1, 1)
240:	(1152, 1126, 0, 1, 1)	(1513, -1, 2, -1, 1)	(1517, -1, 2, -1, 1)	(1811, -1, 2, -1, 1)	(1147, 1125, 0, 1, 1)	(305, 302, 3, 1, 1)	(1726, -1, 2, -1, 1)	(1480, 1469, 0, 1, 1)	(1493, 1469, 0, 1, 1)	(1762, 1469, 0, 1, 1)	(1532, -1, 2, -1, 1)	(1480, 1471, 0, 1, 1)	(1732, -1, 2, -1, 1)	(1815, -1, 2, -1, 1)	(1519, -1, 2, -1, 1)	(505, -1, 2, -1, 1)
241:	(1158, -1, 2, -1, 1)	(1745, 1214, 0, 1, 1)	(1493, 1471, 0, 1, 1)	(1762, 1471, 0, 1, 1)	(1148, -1, 2, -1, 1)	(1673, 1664, 0, 1, 1)	(1267, 1266, 3, 1, 1)	(1482, -1, 2, -1, 1)	(1495, -1, 2, -1, 1)	(1764, -1, 2, -1, 1)	(428, 423, 0, 1, 1)	(1486, -1, 2, -1, 1)	(680, 368, 0, 1, 1)	(428, 421, 0, 1, 1)	(1940, 421, 0, 1, 1)	(-1, 1103, 0, 1, 1)
242:	(1762, 1468, 0, 1, 1)	(1766, -1, 2, -1, 1)	(1499, -1, 2, -1, 1)	(1772, -1, 2, -1, 1)	(1924, 1856, 0, 1, 1)	(1674, -1, 2, -1, 1)	(1535, 1127, 0, 1, 1)	(1911, 577, 0, 1, 1)	(696, 474, 0, 1, 1)	(1269, 1266, 3, 1, 1)	(433, -1, 2, -1, 1)	(1349, 1321, 0, 1, 1)	(683, -1, 2, -1, 1)	(430, -1, 2, -1, 1)	(1942, -1, 2, -1, 1)	(1167, -1, 0, 0, 1)
243:	(1763, -1, 2, -1, 1)	(1478, 1425, 0, 1, 1)	(303, 302, 3, 1, 1)	(480, 473, 0, 1, 1)	(1925, -1, 2, -1, 1)	(480, 474, 0, 1, 1)	(1552, -1, 2, -1, 1)	(1916, -1, 2, -1, 1)	(699, -1, 2, -1, 1)	(503, 474, 0, 1, 1)	(1016, 1003, 0, 1, 1)	(1357, -1, 2, -1, 1)	(1016, 1004, 0, 1, 1)	(839, 829, 0, 1, 1)	(839, 830, 0, 1, 1)	(1172, -1, 2, -1, 1)
244:	(1478, 1424, 0, 1, 1)	(1484, -1, 2, -1, 1)	(1806, 1469, 0, 1, 1)	(482, -1, 2, -1, 1)	(480, 475, 0, 1, 1)	(484, -1, 2, -1, 1)	(503, 475, 0, 1, 1)	(1759, 1381, 0, 1, 1)	(657, 423, 0, 1, 1)	(508, -1, 2, -1, 1)	(1017, -1, 2, -1, 1)	(1478, 1423, 0, 1, 1)	(1018, -1, 2, -1, 1)	(840, -1, 2, -1, 1)	(842, -1, 2, -1, 1)	(1268, 1266, 3, 1, 1)
245:	(1483, -1, 2, -1, 1)	(689, 281, 0, 1, 1)	(1808, -1, 2, -1, 1)	(1871, 1856, 0, 1, 1)	(485, -1, 2, -1, 1)	(1911, 580, 0, 1, 1)	(511, -1, 2, -1, 1)	(1770, -1, 2, -1, 1)	(673, -1, 2, -1, 1)	(634, 622, 0, 1, 1)	(1940, 422, 0, 1, 1)	(1481, -1, 2, -1, 1)	(-1, -1, -1, -1, 0)	(-1, -1, -1, -1, 0)	(-1, -1, -1, -1, 0)	(-1, -1, -1, -1, 0)
246:	(946, 945, 3, 1, 1)	(706, -1, 2, -1, 1)	(947, 945, 3, 1, 1)	(1872, -1, 2, -1, 1)	(1806, 1468, 0, 1, 1)	(1929, -1, 2, -1, 1)	(428, 422, 0, 1, 1)	(855, 829, 0, 1, 1)	(855, 830, 0, 1, 1)	(635, -1, 2, -1, 1)	(1956, -1, 2, -1, 1)	(1349, 1319, 0, 1, 1)	(1349, 1320, 0, 1, 1)	(1806, 1471, 0, 1, 1)	(-1, -1, -1, -1, 0)	(-1, -1, -1, -1, 0)
247:	(657, 421, 0, 1, 1)	(657, 422, 0, 1, 1)	(1326, 1321, 0, 1, 1)	(1149, 1148, 3, 1, 1)	(1807, -1, 2, -1, 1)	(1150, 1148, 3, 1, 1)	(432, -1, 2, -1, 1)	(856, -1, 2, -1, 1)	(858, -1, 2, -1, 1)	(1151, 1148, 3, 1, 1)	(1749, 1267, 0, 1, 1)	(1351, -1, 2, -1, 1)	(1354, -1, 2, -1, 1)	(1815, -1, 2, -1, 1)	(-1, -1, -1, -1, 0)	(-1, -1, -1, -1, 0)
248:	(658, -1, 2, -1, 1)	(669, -1, 2, -1, 1)	(1331, -1, 2, -1, 1)	(1798, 1003, 0, 1, 1)	(1798, 1004, 0, 1, 1)	(634, 624, 0, 1, 1)	(1326, 1319, 0, 1, 1)	(1326, 1320, 0, 1, 1)	(1677, 1674, 3, 1, 1)	(1925, 1859, 0, 1, 1)	(1751, -1, 2, -1, 1)	(1503, 1269, 0, 1, 1)	(324, 303, 0, 1, 1)	(-1, -1, -1, -1, 0)	(-1, -1, -1, -1, 0)	(-1, -1, -1, -1, 0)
249:	(1962, 889, 0, 1, 1)	(311, 305, 0, 1, 1)	(324, 305, 0, 1, 1)	(1799, -1, 2, -1, 1)	(1800, -1, 2, -1, 1)	(639, -1, 2, -1, 1)	(1328, -1, 2, -1, 1)	(1330, -1, 2, -1, 1)	(1274, 1267, 0, 1, 1)	(1926, -1, 2, -1, 1)	(1274, 1269, 0, 1, 1)	(1518, -1, 2, -1, 1)	(325, -1, 2, -1, 1)	(311, 303, 0, 1, 1)	(483, 482, 3, 1, 1)	(1274, 1268, 0, 1, 1)
250:	(1968, -1, 2, -1, 1)	(314, -1, 2, -1, 1)	(328, -1, 2, -1, 1)	(1894, 829, 0, 1, 1)	(1675, 1674, 3, 1, 1)	(1676, 1674, 3, 1, 1)	(431, 430, 3, 1, 1)	(433, 430, 3, 1, 1)	(1276, -1, 2, -1, 1)	(484, 482, 3, 1, 1)	(1279, -1, 2, -1, 1)	(1019, 1017, 3, 1, 1)	(485, 482, 3, 1, 1)	(312, -1, 2, -1, 1)	(1749, 1268, 0, 1, 1)	(1278, -1, 2, -1, 1)
251:	(1894, 830, 0, 1, 1)	(1512, 1424, 0, 1, 1)	(855, 831, 0, 1, 1)	(1895, -1, 2, -1, 1)	(1894, 831, 0, 1, 1)	(1547, 1425, 0, 1, 1)	(691, 303, 0, 1, 1)	(1018, 1017, 3, 1, 1)	(-1, 1198, 0, 1, 1)	(632, 577, 0, 1, 1)	(701, 579, 0, 1, 1)	(1802, 1426, 0, 1, 1)	(-1, -1, -1, -1, 0)	(-1, -1, -1, -1, 0)	(1765, -1, 2, -1, 1)	(-1, -1, -1, -1, 0)
252:	(1897, -1, 2, -1, 1)	(1515, -1, 2, -1, 1)	(860, -1, 2, -1, 1)	(1542, 1319, 0, 1, 1)	(1906, -1, 2, -1, 1)	(1552, -1, 2, -1, 1)	(692, -1, 2, -1, 1)	(1542, 1320, 0, 1, 1)	(1742, -1, 0, 0, 1)	(635, -1, 2, -1, 1)	(706, -1, 2, -1, 1)	(1815, -1, 2, -1, 1)	(1503, 1267, 0, 1, 1)	(856, 835, 0, 1, 1)	(1157, 1149, 0, 1, 1)	(1537, 1149, 0, 1, 1)
253:	(311, 304, 0, 1, 1)	(324, 304, 0, 1, 1)	(691, 304, 0, 1, 1)	(1543, -1, 2, -1, 1)	(840, 835, 0, 1, 1)	(1170, 1149, 0, 1, 1)	(1157, 1151, 0, 1, 1)	(1545, -1, 2, -1, 1)	(1770, -1, 2, -1, 1)	(1170, 1151, 0, 1, 1)	(1685, 1677, 0, 1, 1)	(1782, 1677, 0, 1, 1)	(1504, -1, 2, -1, 1)	(862, -1, 2, -1, 1)	(1158, -1, 2, -1, 1)	(1538, -1, 2, -1, 1)
254:	(313, -1, 2, -1, 1)	(326, -1, 2, -1, 1)	(693, -1, 2, -1, 1)	(839, 831, 0, 1, 1)	(845, -1, 2, -1, 1)	(1171, -1, 2, -1, 1)	(1160, -1, 2, -1, 1)	(1925, 1860, 0, 1, 1)	(1915, 624, 0, 1, 1)	(1174, -1, 2, -1, 1)	(1690, -1, 2, -1, 1)	(1789, -1, 2, -1, 1)	(948, 946, 0, 1, 1)	(970, 946, 0, 1, 1)	(856, 834, 0, 1, 1)	(1537, 1150, 0, 1, 1)
255:	(1478, 1426, 0, 1, 1)	(840, 834, 0, 1, 1)	(1872, 1860, 0, 1, 1)	(844, -1, 2, -1, 1)	(948, 947, 0, 1, 1)	(970, 947, 0, 1, 1)	(1157, 1150, 0, 1, 1)	(1927, -1, 2, -1, 1)	(1929, -1, 2, -1, 1)	(1277, 1276, 3, 1, 1)	(1279, 1276, 3, 1, 1)	(314, 312, 3, 1, 1)	(949, -1, 2, -1, 1)	(971, -1, 2, -1, 1)	(857, -1, 2, -1, 1)	(1539, -1, 2, -1, 1)
256:	(1486, -1, 2, -1, 1)	(841, -1, 2, -1, 1)	(1874, -1, 2, -1, 1)	(1480, 1468, 0, 1, 1)	(951, -1, 2, -1, 1)	(975, -1, 2, -1, 1)	(1159, -1, 2, -1, 1)	(1872, 1859, 0, 1, 1)	(1701, 1677, 0, 1, 1)	(1963, 893, 0, 1, 1)	(1685, 1676, 0, 1, 1)	(1701, 1676, 0, 1, 1)	(1782, 1676, 0, 1, 1)	(435, 433, 0, 1, 1)	(505, 484, 0, 1, 1)	(696, 475, 0, 1, 1)
257:	(1170, 1150, 0, 1, 1)	(487, 483, 0, 1, 1)	(1942, 431, 0, 1, 1)	(1481, -1, 2, -1, 1)	(487, 484, 0, 1, 1)	(487, 485, 0, 1, 1)	(1503, 1268, 0, 1, 1)	(1873, -1, 2, -1, 1)	(1707, -1, 2, -1, 1)	(1968, -1, 2, -1, 1)	(1688, -1, 2, -1, 1)	(1704, -1, 2, -1, 1)	(1785, -1, 2, -1, 1)	(439, -1, 2, -1, 1)	(508, -1, 2, -1, 1)	(706, -1, 2, -1, 1)
258:	(1172, -1, 2, -1, 1)	(488, -1, 2, -1, 1)	(1943, -1, 2, -1, 1)	(432, 430, 3, 1, 1)	(489, -1, 2, -1, 1)	(490, -1, 2, -1, 1)	(1515, -1, 2, -1, 1)	(1278, 1276, 3, 1, 1)	(505, 483, 0, 1, 1)	(1895, 834, 0, 1, 1)	(435, 431, 0, 1, 1)	(658, 431, 0, 1, 1)	(658, 433, 0, 1, 1)	(505, 485, 0, 1, 1)	(1757, 1371, 0, 1, 1)	(-1, -1, -1, -1, 0)
259:	(1329, 1328, 3, 1, 1)	(1330, 1328, 3, 1, 1)	(697, 483, 0, 1, 1)	(1685, 1675, 0, 1, 1)	(1701, 1675, 0, 1, 1)	(1782, 1675, 0, 1, 1)	(697, 484, 0, 1, 1)	(1542, 1321, 0, 1, 1)	(506, -1, 2, -1, 1)	(1896, -1, 2, -1, 1)	(436, -1, 2, -1, 1)	(659, -1, 2, -1, 1)	(673, -1, 2, -1, 1)	(511, -1, 2, -1, 1)	(1770, -1, 2, -1, 1)	(636, 635, 3, 1, 1)
260:	(1895, 835, 0, 1, 1)	(313, 312, 3, 1, 1)	(698, -1, 2, -1, 1)	(1686, -1, 2, -1, 1)	(1702, -1, 2, -1, 1)	(1783, -1, 2, -1, 1)	(699, -1, 2, -1, 1)	(1552, -1, 2, -1, 1)	(1924, 1857, 0, 1, 1)	(1504, 1277, 0, 1, 1)	(1504, 1279, 0, 1, 1)	(-1, -1, -1, -1, 0)	(-1, -1, -1, -1, 0)	(-1, -1, -1, -1, 0)	(-1, -1, -1, -1, 0)	(-1, -1, -1, -1, 0)
261:	(1909, -1, 2, -1, 1)	(1331, 1328, 3, 1, 1)	(1799, 1019, 0, 1, 1)	(1799, 1018, 0, 1, 1)	(1160, 1158, 3, 1, 1)	(1751, 1277, 0, 1, 1)	(-1, -1, -1, -1, 0)	(-1, -1, -1, -1, 0)	(1929, -1, 2, -1, 1)	(1505, -1, 2, -1, 1)	(1518, -1, 2, -1, 1)	(-1, -1, -1, -1, 0)	(-1, -1, -1, -1, 0)	(-1, -1, -1, -1, 0)	(-1, -1, -1, -1, 0)	(-1, -1, -1, -1, 0)
262:	(637, 635, 3, 1, 1)	(638, 635, 3, 1, 1)	(1815, -1, 2, -1, 1)	(1800, -1, 2, -1, 1)	(639, 635, 3, 1, 1)	(1752, -1, 2, -1, 1)	(640, 635, 3, 1, 1)	(950, 949, 3, 1, 1)	(1159, 1158, 3, 1, 1)	(842, 841, 3, 1, 1)	(843, 841, 3, 1, 1)	(844, 841, 3, 1, 1)	(845, 841, 3, 1, 1)	(325, 314, 0, 1, 1)	(691, 305, 0, 1, 1)	(-1, -1, -1, -1, 0)
263:	(951, 949, 3, 1, 1)	(1281, 1277, 0, 1, 1)	(1281, 1279, 0, 1, 1)	(1934, 357, 0, 1, 1)	(1482, 1481, 3, 1, 1)	(1483, 1481, 3, 1, 1)	(1484, 1481, 3, 1, 1)	(1485, 1481, 3, 1, 1)	(1874, 1873, 3, 1, 1)	(1875, 1873, 3, 1, 1)	(1942, 432, 0, 1, 1)	(1281, 1278, 0, 1, 1)	(1504, 1278, 0, 1, 1)	(328, -1, 2, -1, 1)	(706, -1, 2, -1, 1)	(-1, -1, -1, -1, 0)
264:	(1486, 1481, 3, 1, 1)	(1282, -1, 2, -1, 1)	(1285, -1, 2, -1, 1)	(1968, -1, 2, -1, 1)	(490, 488, 3, 1, 1)	(1740, 1063, 0, 1, 1)	(1751, 1278, 0, 1, 1)	(438, 436, 3, 1, 1)	(1537, 1151, 0, 1, 1)	(1333, 1329, 0, 1, 1)	(1956, -1, 2, -1, 1)	(1283, -1, 2, -1, 1)	(1515, -1, 2, -1, 1)	(1333, 1330, 0, 1, 1)	(667, 636, 0, 1, 1)	(-1, -1, -1, -1, 0)
265:	(489, 488, 3, 1, 1)	(491, 488, 3, 1, 1)	(1351, 1329, 0, 1, 1)	(1351, 1330, 0, 1, 1)	(692, 313, 0, 1, 1)	(1770, -1, 2, -1, 1)	(1765, -1, 2, -1, 1)	(-1, -1, -1, -1, 0)	(1552, -1, 2, -1, 1)	(1334, -1, 2, -1, 1)	(-1, -1, -1, -1, 0)	(-1, -1, -1, -1, 0)	(-1, -1, -1, -1, 0)	(1335, -1, 2, -1, 1)	(668, -1, 2, -1, 1)	(-1, -1, -1, -1, 0)
266:	(435, 432, 0, 1, 1)	(658, 432, 0, 1, 1)	(1352, -1, 2, -1, 1)	(1354, -1, 2, -1, 1)	(693, -1, 2, -1, 1)	(439, 436, 3, 1, 1)	(1543, 1329, 0, 1, 1)	(702, 636, 0, 1, 1)	(-1, 636, 0, 1, 1)	(1954, 636, 0, 1, 1)	(325, 313, 0, 1, 1)	(-1, -1, -1, -1, 0)	(-1, -1, -1, -1, 0)	(-1, -1, -1, -1, 0)	(-1, -1, -1, -1, 0)	(-1, -1, -1, -1, 0)
267:	(437, -1, 2, -1, 1)	(669, -1, 2, -1, 1)	(1543, 1330, 0, 1, 1)	(1686, 1680, 0, 1, 1)	(1686, 1681, 0, 1, 1)	(1783, 1680, 0, 1, 1)	(1544, -1, 2, -1, 1)	(703, -1, 2, -1, 1)	(1916, -1, 0, 0, 1)	(1955, -1, 2, -1, 1)	(326, -1, 2, -1, 1)	(1783, 1681, 0, 1, 1)	(697, 485, 0, 1, 1)	(667, 638, 0, 1, 1)	(1916, 638, 0, 1, 1)	(1954, 638, 0, 1, 1)
268:	(648, 636, 0, 1, 1)	(1333, 1331, 0, 1, 1)	(1545, -1, 2, -1, 1)	(1687, -1, 2, -1, 1)	(1691, -1, 2, -1, 1)	(1784, -1, 2, -1, 1)	(1351, 1331, 0, 1, 1)	(648, 638, 0, 1, 1)	(1917, -1, 2, -1, 1)	(971, 950, 0, 1, 1)	(857, 842, 0, 1, 1)	(1793, -1, 2, -1, 1)	(706, -1, 2, -1, 1)	(671, -1, 2, -1, 1)	(1920, -1, 2, -1, 1)	(1958, -1, 2, -1, 1)
269:	(649, -1, 2, -1, 1)	(1336, -1, 2, -1, 1)	(1702, 1680, 0, 1, 1)	(1702, 1681, 0, 1, 1)	(1800, 1022, 0, 1, 1)	(1916, 637, 0, 1, 1)	(1357, -1, 2, -1, 1)	(651, -1, 2, -1, 1)	(667, 639, 0, 1, 1)	(972, -1, 2, -1, 1)	(858, -1, 2, -1, 1)	(1916, 639, 0, 1, 1)	(1954, 639, 0, 1, 1)	(667, 640, 0, 1, 1)	(1916, 640, 0, 1, 1)	(1171, 1159, 0, 1, 1)
270:	(1171, 1160, 0, 1, 1)	(857, 843, 0, 1, 1)	(1703, -1, 2, -1, 1)	(1708, -1, 2, -1, 1)	(1816, -1, 2, -1, 1)	(1918, -1, 2, -1, 1)	(867, 843, 0, 1, 1)	(857, 845, 0, 1, 1)	(672, -1, 2, -1, 1)	(867, 845, 0, 1, 1)	(1951, 541, 0, 1, 1)	(1929, -1, 2, -1, 1)	(1967, -1, 2, -1, 1)	(673, -1, 2, -1, 1)	(1930, -1, 2, -1, 1)	(1172, -1, 2, -1, 1)
271:	(1174, -1, 2, -1, 1)	(859, -1, 2, -1, 1)	(648, 637, 0, 1, 1)	(648, 639, 0, 1, 1)	(648, 640, 0, 1, 1)	(1538, 1159, 0, 1, 1)	(869, -1, 2, -1, 1)	(862, -1, 2, -1, 1)	(867, 842, 0, 1, 1)	(873, -1, 2, -1, 1)	(1968, -1, 2, -1, 1)	(857, 844, 0, 1, 1)	(867, 844, 0, 1, 1)	(952, 951, 0, 1, 1)	(971, 951, 0, 1, 1)	(1807, 1485, 0, 1, 1)
272:	(702, 637, 0, 1, 1)	(702, 639, 0, 1, 1)	(650, -1, 2, -1, 1)	(652, -1, 2, -1, 1)	(653, -1, 2, -1, 1)	(1539, -1, 2, -1, 1)	(702, 640, 0, 1, 1)	(952, 950, 0, 1, 1)	(868, -1, 2, -1, 1)	(1896, 843, 0, 1, 1)	(1285, 1282, 3, 1, 1)	(860, -1, 2, -1, 1)	(870, -1, 2, -1, 1)	(955, -1, 2, -1, 1)	(975, -1, 2, -1, 1)	(1813, -1, 2, -1, 1)
273:	(704, -1, 2, -1, 1)	(707, -1, 2, -1, 1)	(1992, 843, 0, 1, 1)	(1992, 844, 0, 1, 1)	(1992, 845, 0, 1, 1)	(1954, 637, 0, 1, 1)	(708, -1, 2, -1, 1)	(953, -1, 2, -1, 1)	(1926, 1874, 0, 1, 1)	(1898, -1, 2, -1, 1)	(1543, 1331, 0, 1, 1)	(1494, 1486, 0, 1, 1)	(1513, 1486, 0, 1, 1)	(1807, 1486, 0, 1, 1)	(437, 436, 3, 1, 1)	(667, 637, 0, 1, 1)
274:	(1896, 844, 0, 1, 1)	(1896, 845, 0, 1, 1)	(1994, -1, 2, -1, 1)	(1995, -1, 2, -1, 1)	(1998, -1, 2, -1, 1)	(1956, -1, 2, -1, 1)	(1283, 1282, 3, 1, 1)	(659, 438, 0, 1, 1)	(1927, -1, 2, -1, 1)	(681, 438, 0, 1, 1)	(1552, -1, 2, -1, 1)	(1499, -1, 2, -1, 1)	(1519, -1, 2, -1, 1)	(1815, -1, 2, -1, 1)	(692, 314, 0, 1, 1)	(669, -1, 2, -1, 1)
275:	(1906, -1, 2, -1, 1)	(1909, -1, 2, -1, 1)	(1896, 842, 0, 1, 1)	(1494, 1484, 0, 1, 1)	(1513, 1484, 0, 1, 1)	(1763, 1484, 0, 1, 1)	(1807, 1484, 0, 1, 1)	(670, -1, 2, -1, 1)	(1494, 1485, 0, 1, 1)	(683, -1, 2, -1, 1)	(1513, 1485, 0, 1, 1)	(1763, 1486, 0, 1, 1)	(327, 326, 3, 1, 1)	(1688, 1687, 3, 1, 1)	(706, -1, 2, -1, 1)	(1689, 1687, 3, 1, 1)
276:	(1992, 842, 0, 1, 1)	(1284, 1282, 3, 1, 1)	(1897, -1, 2, -1, 1)	(1497, -1, 2, -1, 1)	(1517, -1, 2, -1, 1)	(1767, -1, 2, -1, 1)	(1811, -1, 2, -1, 1)	(1494, 1483, 0, 1, 1)	(1498, -1, 2, -1, 1)	(1807, 1483, 0, 1, 1)	(1518, -1, 2, -1, 1)	(1772, -1, 2, -1, 1)	(1763, 1483, 0, 1, 1)	(1691, 1687, 3, 1, 1)	(1173, 1172, 3, 1, 1)	(-1, -1, -1, -1, 0)
277:	(1993, -1, 2, -1, 1)	(1494, 1482, 0, 1, 1)	(1548, 1482, 0, 1, 1)	(1763, 1482, 0, 1, 1)	(1807, 1482, 0, 1, 1)	(1548, 1483, 0, 1, 1)	(1548, 1485, 0, 1, 1)	(1496, -1, 2, -1, 1)	(1548, 1486, 0, 1, 1)	(1809, -1, 2, -1, 1)	(328, 326, 3, 1, 1)	(1690, 1687, 3, 1, 1)	(1765, -1, 2, -1, 1)	(-1, -1, -1, -1, 0)	(-1, -1, -1, -1, 0)	(-1, -1, -1, -1, 0)
278:	(1513, 1482, 0, 1, 1)	(1495, -1, 2, -1, 1)	(1549, -1, 2, -1, 1)	(1764, -1, 2, -1, 1)	(1808, -1, 2, -1, 1)	(1550, -1, 2, -1, 1)	(1554, -1, 2, -1, 1)	(1513, 1483, 0, 1, 1)	(1555, -1, 2, -1, 1)	(1337, 1334, 3, 1, 1)	(1336, 1334, 3, 1, 1)	(861, 858, 3, 1, 1)	(859, 858, 3, 1, 1)	(862, 858, 3, 1, 1)	(860, 858, 3, 1, 1)	(1538, 1160, 0, 1, 1)
279:	(1514, -1, 2, -1, 1)	(1943, 438, 0, 1, 1)	(506, 489, 0, 1, 1)	(1944, 489, 0, 1, 1)	(1926, 1875, 0, 1, 1)	(955, 953, 3, 1, 1)	(1943, 437, 0, 1, 1)	(1515, -1, 2, -1, 1)	(-1, 638, 0, 1, 1)	(-1, -1, -1, -1, 0)	(-1, -1, -1, -1, 0)	(-1, -1, -1, -1, 0)	(-1, -1, -1, -1, 0)	(-1, -1, -1, -1, 0)	(-1, -1, -1, -1, 0)	(1552, -1, 2, -1, 1)
280:	(1760, 1387, 0, 1, 1)	(1957, -1, 2, -1, 1)	(508, -1, 2, -1, 1)	(1945, -1, 2, -1, 1)	(1929, -1, 2, -1, 1)	(506, 490, 0, 1, 1)	(1956, -1, 2, -1, 1)	(1335, 1334, 3, 1, 1)	(702, -1, 0, 0, 1)	(1944, 490, 0, 1, 1)	(659, 437, 0, 1, 1)	(1972, 327, 0, 1, 1)	(-1, -1, -1, -1, 0)	(-1, -1, -1, -1, 0)	(-1, -1, -1, -1, 0)	(-1, -1, -1, -1, 0)
281:	(1770, -1, 2, -1, 1)	(698, 489, 0, 1, 1)	(659, 439, 0, 1, 1)	(1174, 1172, 3, 1, 1)	(698, 491, 0, 1, 1)	(511, -1, 2, -1, 1)	(1505, 1285, 0, 1, 1)	(676, 327, 0, 1, 1)	(706, -1, 2, -1, 1)	(1958, -1, 2, -1, 1)	(669, -1, 2, -1, 1)	(1977, -1, 2, -1, 1)	(1713, 1688, 0, 1, 1)	(-1, 1688, 0, 1, 1)	(1713, 1691, 0, 1, 1)	(1539, 1173, 0, 1, 1)
282:	(329, 326, 3, 1, 1)	(699, -1, 2, -1, 1)	(673, -1, 2, -1, 1)	(1939, 416, 0, 1, 1)	(708, -1, 2, -1, 1)	(954, 953, 3, 1, 1)	(1518, -1, 2, -1, 1)	(683, -1, 2, -1, 1)	(1927, 1878, 0, 1, 1)	(1972, 328, 0, 1, 1)	(-1, 1484, 0, 1, 1)	(-1, -1, -1, -1, 0)	(1714, -1, 2, -1, 1)	(1784, -1, 0, 0, 1)	(1719, -1, 2, -1, 1)	(1551, -1, 2, -1, 1)
283:	(681, 439, 0, 1, 1)	(681, 437, 0, 1, 1)	(1703, 1688, 0, 1, 1)	(1968, -1, 2, -1, 1)	(2118, 1688, 0, 1, 1)	(1505, 1284, 0, 1, 1)	(2118, 1691, 0, 1, 1)	(1505, 1283, 0, 1, 1)	(1928, -1, 2, -1, 1)	(1978, -1, 2, -1, 1)	(1548, -1, 0, 0, 1)	(1980, 861, 0, 1, 1)	(1980, 862, 0, 1, 1)	(1785, -1, 2, -1, 1)	(-1, -1, -1, -1, 0)	(-1, -1, -1, -1, 0)
284:	(686, -1, 2, -1, 1)	(682, -1, 2, -1, 1)	(1704, -1, 2, -1, 1)	(1175, 1172, 3, 1, 1)	(2119, -1, 2, -1, 1)	(1516, -1, 2, -1, 1)	(2127, -1, 2, -1, 1)	(1515, -1, 2, -1, 1)	(1713, 1689, 0, 1, 1)	(1784, 1689, 0, 1, 1)	(1552, -1, 2, -1, 1)	(1985, -1, 2, -1, 1)	(1986, -1, 2, -1, 1)	(2118, 1689, 0, 1, 1)	(1784, 1691, 0, 1, 1)	(1713, 1690, 0, 1, 1)
285:	(1527, 1285, 0, 1, 1)	(1527, 1283, 0, 1, 1)	(693, 327, 0, 1, 1)	(1752, 1283, 0, 1, 1)	(1527, 1284, 0, 1, 1)	(1752, 1284, 0, 1, 1)	(1897, 861, 0, 1, 1)	(1897, 859, 0, 1, 1)	(1715, -1, 2, -1, 1)	(1786, -1, 2, -1, 1)	(1980, 859, 0, 1, 1)	(1897, 862, 0, 1, 1)	(-1, -1, -1, -1, 0)	(2120, -1, 2, -1, 1)	(1793, -1, 2, -1, 1)	(1718, -1, 2, -1, 1)
286:	(1532, -1, 2, -1, 1)	(1528, -1, 2, -1, 1)	(705, -1, 2, -1, 1)	(1765, -1, 2, -1, 1)	(1529, -1, 2, -1, 1)	(1766, -1, 2, -1, 1)	(1908, -1, 2, -1, 1)	(1898, -1, 2, -1, 1)	(506, 491, 0, 1, 1)	(1703, 1691, 0, 1, 1)	(1981, -1, 2, -1, 1)	(1909, -1, 2, -1, 1)	(868, 862, 0, 1, 1)	(1993, 862, 0, 1, 1)	(1352, 1335, 0, 1, 1)	(1522, 1174, 0, 1, 1)
287:	(1703, 1689, 0, 1, 1)	(676, 328, 0, 1, 1)	(-1, 860, 0, 1, 1)	(1949, 530, 0, 1, 1)	(-1, -1, -1, -1, 0)	(-1, -1, -1, -1, 0)	(-1, -1, -1, -1, 0)	(-1, -1, -1, -1, 0)	(512, -1, 2, -1, 1)	(1708, -1, 2, -1, 1)	(-1, -1, -1, -1, 0)	(-1, -1, -1, -1, 0)	(873, -1, 2, -1, 1)	(1998, -1, 2, -1, 1)	(1354, -1, 2, -1, 1)	(1530, -1, 2, -1, 1)
288:	(1705, -1, 2, -1, 1)	(684, -1, 2, -1, 1)	(1980, -1, 0, 0, 1)	(1968, -1, 2, -1, 1)	(1703, 1690, 0, 1, 1)	(1784, 1690, 0, 1, 1)	(1352, 1337, 0, 1, 1)	(868, 861, 0, 1, 1)	(868, 859, 0, 1, 1)	(1748, 1262, 0, 1, 1)	(-1, -1, -1, -1, 0)	(-1, -1, -1, -1, 0)	(-1, -1, -1, -1, 0)	(-1, -1, -1, -1, 0)	(-1, -1, -1, -1, 0)	(-1, -1, -1, -1, 0)
289:	(1721, 1173, 0, 1, 1)	(2118, 1690, 0, 1, 1)	(1982, -1, 2, -1, 1)	(1993, 859, 0, 1, 1)	(1707, -1, 2, -1, 1)	(1789, -1, 2, -1, 1)	(1358, -1, 2, -1, 1)	(872, -1, 2, -1, 1)	(869, -1, 2, -1, 1)	(1770, -1, 2, -1, 1)	(868, 860, 0, 1, 1)	(1721, 1174, 0, 1, 1)	(1522, 1175, 0, 1, 1)	(1539, 1175, 0, 1, 1)	(1721, 1175, 0, 1, 1)	(-1, -1, -1, -1, 0)
290:	(1726, -1, 2, -1, 1)	(2123, -1, 2, -1, 1)	(1544, 1337, 0, 1, 1)	(1994, -1, 2, -1, 1)	(1993, 861, 0, 1, 1)	(1993, 860, 0, 1, 1)	(1544, 1335, 0, 1, 1)	(1544, 1336, 0, 1, 1)	(1522, 1173, 0, 1, 1)	(-1, -1, -1, -1, 0)	(870, -1, 2, -1, 1)	(1727, -1, 2, -1, 1)	(1531, -1, 2, -1, 1)	(1553, -1, 2, -1, 1)	(1731, -1, 2, -1, 1)	(-1, -1, -1, -1, 0)
291:	(1352, 1336, 0, 1, 1)	(698, 490, 0, 1, 1)	(1554, -1, 2, -1, 1)	(509, 508, 3, 1, 1)	(1997, -1, 2, -1, 1)	(1995, -1, 2, -1, 1)	(1545, -1, 2, -1, 1)	(1552, -1, 2, -1, 1)	(1529, -1, 2, -1, 1)	(510, 508, 3, 1, 1)	(972, 955, 0, 1, 1)	(511, 508, 3, 1, 1)	(-1, -1, -1, -1, 0)	(-1, -1, -1, -1, 0)	(-1, -1, -1, -1, 0)	(-1, -1, -1, -1, 0)
292:	(1357, -1, 2, -1, 1)	(706, -1, 2, -1, 1)	(1753, 1336, 0, 1, 1)	(1897, 860, 0, 1, 1)	(1753, 1335, 0, 1, 1)	(972, 954, 0, 1, 1)	(1706, 1704, 3, 1, 1)	(-1, -1, -1, -1, 0)	(-1, -1, -1, -1, 0)	(-1, -1, -1, -1, 0)	(975, -1, 2, -1, 1)	(-1, -1, -1, -1, 0)	(-1, -1, -1, -1, 0)	(-1, -1, -1, -1, 0)	(-1, -1, -1, -1, 0)	(-1, -1, -1, -1, 0)
293:	(956, 955, 0, 1, 1)	(676, 329, 0, 1, 1)	(1767, -1, 2, -1, 1)	(1906, -1, 2, -1, 1)	(1754, -1, 2, -1, 1)	(973, -1, 2, -1, 1)	(693, 329, 0, 1, 1)	(1972, 329, 0, 1, 1)	(1708, 1704, 3, 1, 1)	(1355, 1354, 3, 1, 1)	(1743, 1203, 0, 1, 1)	(-1, -1, -1, -1, 0)	(-1, -1, -1, -1, 0)	(-1, -1, -1, -1, 0)	(-1, -1, -1, -1, 0)	(-1, -1, -1, -1, 0)
294:	(959, -1, 2, -1, 1)	(687, -1, 2, -1, 1)	(956, 954, 0, 1, 1)	(1964, 916, 0, 1, 1)	(1705, 1704, 3, 1, 1)	(1707, 1704, 3, 1, 1)	(709, -1, 2, -1, 1)	(1985, -1, 2, -1, 1)	(-1, -1, -1, -1, 0)	(-1, -1, -1, -1, 0)	(1770, -1, 2, -1, 1)	(-1, -1, -1, -1, 0)	(-1, -1, -1, -1, 0)	(-1, -1, -1, -1, 0)	(-1, -1, -1, -1, 0)	(-1, -1, -1, -1, 0)
295:	(512, 508, 3, 1, 1)	(1356, 1354, 3, 1, 1)	(957, -1, 2, -1, 1)	(1968, -1, 2, -1, 1)	(1358, 1354, 3, 1, 1)	(871, 869, 3, 1, 1)	(872, 869, 3, 1, 1)	(873, 869, 3, 1, 1)	(870, 869, 3, 1, 1)	(1539, 1174, 0, 1, 1)	(-1, -1, -1, -1, 0)	(-1, -1, -1, -1, 0)	(-1, -1, -1, -1, 0)	(-1, -1, -1, -1, 0)	(-1, -1, -1, -1, 0)	(-1, -1, -1, -1, 0)
296:	(693, 328, 0, 1, 1)	(643, 509, 0, 1, 1)	(662, 509, 0, 1, 1)	(699, 509, 0, 1, 1)	(1945, 509, 0, 1, 1)	(643, 510, 0, 1, 1)	(662, 510, 0, 1, 1)	(699, 510, 0, 1, 1)	(1945, 510, 0, 1, 1)	(1552, -1, 2, -1, 1)	(643, 511, 0, 1, 1)	(1945, 511, 0, 1, 1)	(-1, -1, -1, -1, 0)	(-1, -1, -1, -1, 0)	(-1, -1, -1, -1, 0)	(-1, -1, -1, -1, 0)
297:	(706, -1, 2, -1, 1)	(649, -1, 2, -1, 1)	(668, -1, 2, -1, 1)	(703, -1, 2, -1, 1)	(1955, -1, 2, -1, 1)	(650, -1, 2, -1, 1)	(669, -1, 2, -1, 1)	(704, -1, 2, -1, 1)	(1956, -1, 2, -1, 1)	(-1, -1, -1, -1, 0)	(651, -1, 2, -1, 1)	(1958, -1, 2, -1, 1)	(-1, -1, -1, -1, 0)	(-1, -1, -1, -1, 0)	(-1, -1, -1, -1, 0)	(-1, -1, -1, -1, 0)
298:	(1357, 1354, 3, 1, 1)	(662, 511, 0, 1, 1)	(1758, 1376, 0, 1, 1)	(1714, 1708, 0, 1, 1)	(1729, 1708, 0, 1, 1)	(1785, 1708, 0, 1, 1)	(2119, 1708, 0, 1, 1)	(1545, 1355, 0, 1, 1)	(1754, 1355, 0, 1, 1)	(-1, -1, -1, -1, 0)	(-1, -1, -1, -1, 0)	(-1, -1, -1, -1, 0)	(-1, -1, -1, -1, 0)	(-1, -1, -1, -1, 0)	(-1, -1, -1, -1, 0)	(-1, -1, -1, -1, 0)
299:	(1489, 1355, 0, 1, 1)	(671, -1, 2, -1, 1)	(1770, -1, 2, -1, 1)	(1719, -1, 2, -1, 1)	(1735, -1, 2, -1, 1)	(1793, -1, 2, -1, 1)	(2127, -1, 2, -1, 1)	(1549, -1, 2, -1, 1)	(1764, -1, 2, -1, 1)	(1714, 1705, 0, 1, 1)	(1785, 1705, 0, 1, 1)	(-1, -1, -1, -1, 0)	(-1, -1, -1, -1, 0)	(-1, -1, -1, -1, 0)	(-1, -1, -1, -1, 0)	(-1, -1, -1, -1, 0)
300:	(1495, -1, 2, -1, 1)	(1714, 1706, 0, 1, 1)	(1729, 1706, 0, 1, 1)	(1785, 1706, 0, 1, 1)	(2119, 1706, 0, 1, 1)	(1508, 1355, 0, 1, 1)	(958, 957, 3, 1, 1)	(959, 957, 3, 1, 1)	(1729, 1705, 0, 1, 1)	(1715, -1, 2, -1, 1)	(1786, -1, 2, -1, 1)	(2119, 1705, 0, 1, 1)	(643, 512, 0, 1, 1)	(662, 512, 0, 1, 1)	(699, 512, 0, 1, 1)	(1489, 1356, 0, 1, 1)
301:	(1935, 363, 0, 1, 1)	(1716, -1, 2, -1, 1)	(1731, -1, 2, -1, 1)	(1787, -1, 2, -1, 1)	(2121, -1, 2, -1, 1)	(1514, -1, 2, -1, 1)	(1754, 1356, 0, 1, 1)	(1489, 1358, 0, 1, 1)	(1730, -1, 2, -1, 1)	(1981, 871, 0, 1, 1)	(1981, 870, 0, 1, 1)	(2120, -1, 2, -1, 1)	(653, -1, 2, -1, 1)	(673, -1, 2, -1, 1)	(708, -1, 2, -1, 1)	(1496, -1, 2, -1, 1)
302:	(1968, -1, 2, -1, 1)	(1714, 1707, 0, 1, 1)	(1729, 1707, 0, 1, 1)	(1785, 1707, 0, 1, 1)	(2119, 1707, 0, 1, 1)	(1545, 1356, 0, 1, 1)	(1765, -1, 2, -1, 1)	(1498, -1, 2, -1, 1)	(1545, 1358, 0, 1, 1)	(1984, -1, 2, -1, 1)	(1982, -1, 2, -1, 1)	(1898, 872, 0, 1, 1)	(1981, 872, 0, 1, 1)	(699, 511, 0, 1, 1)	(-1, -1, -1, -1, 0)	(-1, -1, -1, -1, 0)
303:	(1508, 1356, 0, 1, 1)	(1718, -1, 2, -1, 1)	(1733, -1, 2, -1, 1)	(1789, -1, 2, -1, 1)	(2123, -1, 2, -1, 1)	(1550, -1, 2, -1, 1)	(1898, 871, 0, 1, 1)	(1898, 873, 0, 1, 1)	(1554, -1, 2, -1, 1)	(1898, 870, 0, 1, 1)	(1489, 1357, 0, 1, 1)	(1908, -1, 2, -1, 1)	(1985, -1, 2, -1, 1)	(706, -1, 2, -1, 1)	(1508, 1357, 0, 1, 1)	(1754, 1357, 0, 1, 1)
304:	(1515, -1, 2, -1, 1)	(1508, 1358, 0, 1, 1)	(1994, 872, 0, 1, 1)	(1981, 873, 0, 1, 1)	(1994, 870, 0, 1, 1)	(-1, -1, -1, -1, 0)	(1907, -1, 2, -1, 1)	(1909, -1, 2, -1, 1)	(-1, -1, -1, -1, 0)	(1906, -1, 2, -1, 1)	(1497, -1, 2, -1, 1)	(-1, -1, -1, -1, 0)	(-1, -1, -1, -1, 0)	(-1, -1, -1, -1, 0)	(1517, -1, 2, -1, 1)	(1767, -1, 2, -1, 1)
305:	(1994, 871, 0, 1, 1)	(1518, -1, 2, -1, 1)	(1997, -1, 2, -1, 1)	(1986, -1, 2, -1, 1)	(1995, -1, 2, -1, 1)	(1994, 873, 0, 1, 1)	(1499, 1495, 3, 1, 1)	(1717, 1715, 3, 1, 1)	(960, 958, 0, 1, 1)	(960, 959, 0, 1, 1)	(-1, -1, -1, -1, 0)	(-1, -1, -1, -1, 0)	(-1, -1, -1, -1, 0)	(-1, -1, -1, -1, 0)	(-1, -1, -1, -1, 0)	(-1, -1, -1, -1, 0)
306:	(1996, -1, 2, -1, 1)	(1959, 872, 0, 1, 1)	(1959, 873, 0, 1, 1)	(1959, 870, 0, 1, 1)	(1719, 1715, 3, 1, 1)	(1998, -1, 2, -1, 1)	(1716, 1715, 3, 1, 1)	(973, 959, 0, 1, 1)	(962, -1, 2, -1, 1)	(963, -1, 2, -1, 1)	(1952, 604, 0, 1, 1)	(-1, -1, -1, -1, 0)	(-1, -1, -1, -1, 0)	(-1, -1, -1, -1, 0)	(-1, -1, -1, -1, 0)	(-1, -1, -1, -1, 0)
307:	(650, 649, 3, 1, 1)	(1969, -1, 2, -1, 1)	(1970, -1, 2, -1, 1)	(1966, -1, 2, -1, 1)	(651, 649, 3, 1, 1)	(652, 649, 3, 1, 1)	(653, 649, 3, 1, 1)	(975, -1, 2, -1, 1)	(1496, 1495, 3, 1, 1)	(1498, 1495, 3, 1, 1)	(1968, -1, 2, -1, 1)	(-1, -1, -1, -1, 0)	(-1, -1, -1, -1, 0)	(-1, -1, -1, -1, 0)	(-1, -1, -1, -1, 0)	(-1, -1, -1, -1, 0)
308:	(1761, 1449, 0, 1, 1)	(973, 958, 0, 1, 1)	(1718, 1715, 3, 1, 1)	(-1, -1, -1, -1, 0)	(-1, -1, -1, -1, 0)	(-1, -1, -1, -1, 0)	(-1, -1, -1, -1, 0)	(-1, -1, -1, -1, 0)	(-1, -1, -1, -1, 0)	(-1, -1, -1, -1, 0)	(-1, -1, -1, -1, 0)	(-1, -1, -1, -1, 0)	(-1, -1, -1, -1, 0)	(-1, -1, -1, -1, 0)	(-1, -1, -1, -1, 0)	(-1, -1, -1, -1, 0)
309:	(1770, -1, 2, -1, 1)	(974, -1, 2, -1, 1)	(1545, 1357, 0, 1, 1)	(1497, 1495, 3, 1, 1)	(1907, 1906, 3, 1, 1)	(1908, 1906, 3, 1, 1)	(1909, 1906, 3, 1, 1)	(-1, -1, -1, -1, 0)	(-1, -1, -1, -1, 0)	(-1, -1, -1, -1, 0)	(-1, -1, -1, -1, 0)	(-1, -1, -1, -1, 0)	(-1, -1, -1, -1, 0)	(-1, -1, -1, -1, 0)	(-1, -1, -1, -1, 0)	(-1, -1, -1, -1, 0)
310:	(1514, 1499, 0, 1, 1)	(1549, 1499, 0, 1, 1)	(1552, -1, 2, -1, 1)	(1764, 1499, 0, 1, 1)	(1730, 1717, 0, 1, 1)	(1786, 1717, 0, 1, 1)	(2120, 1717, 0, 1, 1)	(-1, -1, -1, -1, 0)	(-1, -1, -1, -1, 0)	(-1, -1, -1, -1, 0)	(-1, -1, -1, -1, 0)	(-1, -1, -1, -1, 0)	(-1, -1, -1, -1, 0)	(-1, -1, -1, -1, 0)	(-1, -1, -1, -1, 0)	(-1, -1, -1, -1, 0)
311:	(1519, -1, 2, -1, 1)	(1555, -1, 2, -1, 1)	(962, 961, 3, 1, 1)	(1772, -1, 2, -1, 1)	(1732, -1, 2, -1, 1)	(1788, -1, 2, -1, 1)	(2122, -1, 2, -1, 1)	(963, 961, 3, 1, 1)	(1808, 1499, 0, 1, 1)	(1768, 1719, 0, 1, 1)	(1786, 1719, 0, 1, 1)	(1768, 1716, 0, 1, 1)	(1786, 1716, 0, 1, 1)	(-1, -1, -1, -1, 0)	(-1, -1, -1, -1, 0)	(-1, -1, -1, -1, 0)
312:	(1936, 369, 0, 1, 1)	(1730, 1716, 0, 1, 1)	(2120, 1716, 0, 1, 1)	(668, 650, 0, 1, 1)	(703, 650, 0, 1, 1)	(1917, 650, 0, 1, 1)	(1955, 650, 0, 1, 1)	(668, 651, 0, 1, 1)	(1815, -1, 2, -1, 1)	(1774, -1, 2, -1, 1)	(1793, -1, 2, -1, 1)	(1769, -1, 2, -1, 1)	(1787, -1, 2, -1, 1)	(703, 651, 0, 1, 1)	(1955, 651, 0, 1, 1)	(1955, 652, 0, 1, 1)
313:	(1968, -1, 2, -1, 1)	(1731, -1, 2, -1, 1)	(2121, -1, 2, -1, 1)	(669, -1, 2, -1, 1)	(704, -1, 2, -1, 1)	(1918, -1, 2, -1, 1)	(1956, -1, 2, -1, 1)	(671, -1, 2, -1, 1)	(2120, 1719, 0, 1, 1)	(668, 652, 0, 1, 1)	(668, 653, 0, 1, 1)	(1514, 1496, 0, 1, 1)	(1514, 1498, 0, 1, 1)	(706, -1, 2, -1, 1)	(1958, -1, 2, -1, 1)	(1967, -1, 2, -1, 1)
314:	(1730, 1719, 0, 1, 1)	(703, 652, 0, 1, 1)	(1917, 652, 0, 1, 1)	(703, 653, 0, 1, 1)	(1917, 653, 0, 1, 1)	(1764, 1496, 0, 1, 1)	(1808, 1496, 0, 1, 1)	(1808, 1498, 0, 1, 1)	(2127, -1, 2, -1, 1)	(672, -1, 2, -1, 1)	(673, -1, 2, -1, 1)	(1515, -1, 2, -1, 1)	(1518, -1, 2, -1, 1)	(1768, 1718, 0, 1, 1)	(1514, 1497, 0, 1, 1)	(1808, 1497, 0, 1, 1)
315:	(1735, -1, 2, -1, 1)	(707, -1, 2, -1, 1)	(1929, -1, 2, -1, 1)	(708, -1, 2, -1, 1)	(1930, -1, 2, -1, 1)	(1765, -1, 2, -1, 1)	(1809, -1, 2, -1, 1)	(1813, -1, 2, -1, 1)	(1744, 1209, 0, 1, 1)	(1730, 1718, 0, 1, 1)	(1786, 1718, 0, 1, 1)	(2120, 1718, 0, 1, 1)	(1966, 1908, 0, 1, 1)	(1771, -1, 2, -1, 1)	(1517, -1, 2, -1, 1)	(1811, -1, 2, -1, 1)
316:	(1549, 1496, 0, 1, 1)	(1549, 1498, 0, 1, 1)	(1549, 1497, 0, 1, 1)	(1764, 1497, 0, 1, 1)	(1982, 1907, 0, 1, 1)	(1982, 1908, 0, 1, 1)	(1982, 1909, 0, 1, 1)	(1879, 962, 0, 1, 1)	(1770, -1, 2, -1, 1)	(1733, -1, 2, -1, 1)	(1789, -1, 2, -1, 1)	(2123, -1, 2, -1, 1)	(1969, -1, 2, -1, 1)	(1879, 963, 0, 1, 1)	(-1, -1, -1, -1, 0)	(-1, -1, -1, -1, 0)
317:	(1550, -1, 2, -1, 1)	(1554, -1, 2, -1, 1)	(1552, -1, 2, -1, 1)	(1767, -1, 2, -1, 1)	(1984, -1, 2, -1, 1)	(1985, -1, 2, -1, 1)	(1986, -1, 2, -1, 1)	(1880, -1, 2, -1, 1)	(1917, 651, 0, 1, 1)	(964, 963, 0, 1, 1)	(-1, -1, -1, -1, 0)	(-1, -1, -1, -1, 0)	(-1, -1, -1, -1, 0)	(1881, -1, 2, -1, 1)	(-1, -1, -1, -1, 0)	(-1, -1, -1, -1, 0)
318:	(1995, 1907, 0, 1, 1)	(1995, 1908, 0, 1, 1)	(1966, 1909, 0, 1, 1)	(1995, 1909, 0, 1, 1)	(964, 962, 0, 1, 1)	(1953, 625, 0, 1, 1)	(670, 669, 3, 1, 1)	(671, 669, 3, 1, 1)	(1920, -1, 2, -1, 1)	(966, -1, 2, -1, 1)	(-1, -1, -1, -1, 0)	(-1, -1, -1, -1, 0)	(-1, -1, -1, -1, 0)	(-1, -1, -1, -1, 0)	(-1, -1, -1, -1, 0)	(-1, -1, -1, -1, 0)
319:	(1996, -1, 2, -1, 1)	(1997, -1, 2, -1, 1)	(1970, -1, 2, -1, 1)	(1998, -1, 2, -1, 1)	(965, -1, 2, -1, 1)	(1968, -1, 2, -1, 1)	(672, 669, 3, 1, 1)	(673, 669, 3, 1, 1)	(1519, 1515, 3, 1, 1)	(-1, -1, -1, -1, 0)	(-1, -1, -1, -1, 0)	(-1, -1, -1, -1, 0)	(-1, -1, -1, -1, 0)	(-1, -1, -1, -1, 0)	(-1, -1, -1, -1, 0)	(-1, -1, -1, -1, 0)
320:	(1516, 1515, 3, 1, 1)	(1518, 1515, 3, 1, 1)	(1517, 1515, 3, 1, 1)	(1745, 1216, 0, 1, 1)	(-1, -1, -1, -1, 0)	(-1, -1, -1, -1, 0)	(-1, -1, -1, -1, 0)	(-1, -1, -1, -1, 0)	(-1, -1, -1, -1, 0)	(-1, -1, -1, -1, 0)	(-1, -1, -1, -1, 0)	(-1, -1, -1, -1, 0)	(-1, -1, -1, -1, 0)	(-1, -1, -1, -1, 0)	(-1, -1, -1, -1, 0)	(-1, -1, -1, -1, 0)
321:	(-1, -1, -1, -1, 0)	(-1, -1, -1, -1, 0)	(-1, -1, -1, -1, 0)	(1770, -1, 2, -1, 1)	(-1, -1, -1, -1, 0)	(-1, -1, -1, -1, 0)	(-1, -1, -1, -1, 0)	(-1, -1, -1, -1, 0)	(-1, -1, -1, -1, 0)	(-1, -1, -1, -1, 0)	(-1, -1, -1, -1, 0)	(-1, -1, -1, -1, 0)	(-1, -1, -1, -1, 0)	(-1, -1, -1, -1, 0)	(-1, -1, -1, -1, 0)	(-1, -1, -1, -1, 0)
322:	(-1, -1, -1, -1, 0)	(-1, -1, -1, -1, 0)	(-1, -1, -1, -1, 0)	(-1, -1, -1, -1, 0)	(-1, -1, -1, -1, 0)	(-1, -1, -1, -1, 0)	(-1, -1, -1, -1, 0)	(-1, -1, -1, -1, 0)	(-1, -1, -1, -1, 0)	(-1, -1, -1, -1, 0)	(-1, -1, -1, -1, 0)	(-1, -1, -1, -1, 0)	(-1, -1, -1, -1, 0)	(-1, -1, -1, -1, 0)	(-1, -1, -1, -1, 0)	(-1, -1, -1, -1, 0)
323:	(1940, 423, 0, 1, 1)	(682, 670, 0, 1, 1)	(704, 670, 0, 1, 1)	(-1, 670, 0, 1, 1)	(1956, 670, 0, 1, 1)	(682, 671, 0, 1, 1)	(704, 671, 0, 1, 1)	(1956, 671, 0, 1, 1)	(-1, -1, -1, -1, 0)	(-1, -1, -1, -1, 0)	(-1, -1, -1, -1, 0)	(-1, -1, -1, -1, 0)	(-1, -1, -1, -1, 0)	(-1, -1, -1, -1, 0)	(-1, -1, -1, -1, 0)	(-1, -1, -1, -1, 0)
324:	(1968, -1, 2, -1, 1)	(683, -1, 2, -1, 1)	(705, -1, 2, -1, 1)	(1918, -1, 0, 0, 1)	(1957, -1, 2, -1, 1)	(684, -1, 2, -1, 1)	(706, -1, 2, -1, 1)	(1958, -1, 2, -1, 1)	(1918, 671, 0, 1, 1)	(682, 672, 0, 1, 1)	(1918, 672, 0, 1, 1)	(1956, 672, 0, 1, 1)	(1528, 1519, 0, 1, 1)	(1550, 1519, 0, 1, 1)	(1809, 1519, 0, 1, 1)	(-1, -1, -1, -1, 0)
325:	(966, 965, 3, 1, 1)	(967, 965, 3, 1, 1)	(682, 673, 0, 1, 1)	(1919, -1, 2, -1, 1)	(1918, 673, 0, 1, 1)	(1528, 1516, 0, 1, 1)	(1550, 1516, 0, 1, 1)	(1809, 1516, 0, 1, 1)	(1920, -1, 2, -1, 1)	(685, -1, 2, -1, 1)	(1929, -1, 2, -1, 1)	(1967, -1, 2, -1, 1)	(1533, -1, 2, -1, 1)	(1555, -1, 2, -1, 1)	(1815, -1, 2, -1, 1)	(-1, -1, -1, -1, 0)
326:	(-1, 672, 0, 1, 1)	(1762, 1470, 0, 1, 1)	(686, -1, 2, -1, 1)	(1765, 1516, 0, 1, 1)	(1930, -1, 2, -1, 1)	(1529, -1, 2, -1, 1)	(1551, -1, 2, -1, 1)	(1810, -1, 2, -1, 1)	(1528, 1517, 0, 1, 1)	(1765, 1517, 0, 1, 1)	(1809, 1517, 0, 1, 1)	(-1, -1, -1, -1, 0)	(-1, -1, -1, -1, 0)	(-1, -1, -1, -1, 0)	(-1, -1, -1, -1, 0)	(-1, -1, -1, -1, 0)
327:	(704, -1, 0, 0, 1)	(1770, -1, 2, -1, 1)	(704, 673, 0, 1, 1)	(1766, -1, 2, -1, 1)	(1765, 1519, 0, 1, 1)	(1528, 1518, 0, 1, 1)	(-1, 1518, 0, 1, 1)	(1809, 1518, 0, 1, 1)	(1530, -1, 2, -1, 1)	(1767, -1, 2, -1, 1)	(1811, -1, 2, -1, 1)	(-1, -1, -1, -1, 0)	(-1, -1, -1, -1, 0)	(-1, -1, -1, -1, 0)	(-1, -1, -1, -1, 0)	(-1, -1, -1, -1, 0)
328:	(707, -1, 2, -1, 1)	(1550, 1517, 0, 1, 1)	(708, -1, 2, -1, 1)	(-1, -1, -1, -1, 0)	(1772, -1, 2, -1, 1)	(1532, -1, 2, -1, 1)	(1550, -1, 0, 0, 1)	(1813, -1, 2, -1, 1)	(-1, -1, -1, -1, 0)	(-1, -1, -1, -1, 0)	(-1, -1, -1, -1, 0)	(-1, -1, -1, -1, 0)	(-1, -1, -1, -1, 0)	(-1, -1, -1, -1, 0)	(-1, -1, -1, -1, 0)	(-1, -1, -1, -1, 0)
329:	(1942, 433, 0, 1, 1)	(1552, -1, 2, -1, 1)	(684, 683, 3, 1, 1)	(687, 683, 3, 1, 1)	(-1, -1, -1, -1, 0)	(-1, -1, -1, -1, 0)	(1554, -1, 2, -1, 1)	(-1, -1, -1, -1, 0)	(-1, -1, -1, -1, 0)	(-1, -1, -1, -1, 0)	(-1, -1, -1, -1, 0)	(-1, -1, -1, -1, 0)	(-1, -1, -1, -1, 0)	(-1, -1, -1, -1, 0)	(-1, -1, -1, -1, 0)	(-1, -1, -1, -1, 0)
330:	(1968, -1, 2, -1, 1)	(685, 683, 3, 1, 1)	(974, 966, 0, 1, 1)	(1880, 966, 0, 1, 1)	(974, 967, 0, 1, 1)	(1880, 967, 0, 1, 1)	(-1, 1269, 0, 1, 1)	(-1, -1, -1, -1, 0)	(-1, -1, -1, -1, 0)	(-1, -1, -1, -1, 0)	(-1, -1, -1, -1, 0)	(-1, -1, -1, -1, 0)	(-1, -1, -1, -1, 0)	(-1, -1, -1, -1, 0)	(-1, -1, -1, -1, 0)	(-1, -1, -1, -1, 0)
331:	(686, 683, 3, 1, 1)	(-1, -1, -1, -1, 0)	(975, -1, 2, -1, 1)	(1881, -1, 2, -1, 1)	(977, -1, 2, -1, 1)	(1885, -1, 2, -1, 1)	(1749, -1, 0, 0, 1)	(-1, -1, -1, -1, 0)	(-1, -1, -1, -1, 0)	(-1, -1, -1, -1, 0)	(-1, -1, -1, -1, 0)	(-1, -1, -1, -1, 0)	(-1, -1, -1, -1, 0)	(-1, -1, -1, -1, 0)	(-1, -1, -1, -1, 0)	(-1, -1, -1, -1, 0)
332:	(1531, 1529, 3, 1, 1)	(1533, 1529, 3, 1, 1)	(1530, 1529, 3, 1, 1)	(-1, -1, -1, -1, 0)	(-1, -1, -1, -1, 0)	(-1, -1, -1, -1, 0)	(1770, -1, 2, -1, 1)	(-1, -1, -1, -1, 0)	(-1, -1, -1, -1, 0)	(-1, -1, -1, -1, 0)	(-1, -1, -1, -1, 0)	(-1, -1, -1, -1, 0)	(-1, -1, -1, -1, 0)	(-1, -1, -1, -1, 0)	(-1, -1, -1, -1, 0)	(-1, -1, -1, -1, 0)
333:	(1532, 1529, 3, 1, 1)	(-1, -1, -1, -1, 0)	(-1, -1, -1, -1, 0)	(-1, -1, -1, -1, 0)	(-1, -1, -1, -1, 0)	(-1, -1, -1, -1, 0)	(-1, -1, -1, -1, 0)	(-1, -1, -1, -1, 0)	(-1, -1, -1, -1, 0)	(-1, -1, -1, -1, 0)	(-1, -1, -1, -1, 0)	(-1, -1, -1, -1, 0)	(-1, -1, -1, -1, 0)	(-1, -1, -1, -1, 0)	(-1, -1, -1, -1, 0)	(-1, -1, -1, -1, 0)
334:	(1954, 640, 0, 1, 1)	(705, 684, 0, 1, 1)	(1919, 684, 0, 1, 1)	(1957, 684, 0, 1, 1)	(1977, 684, 0, 1, 1)	(705, 687, 0, 1, 1)	(1919, 687, 0, 1, 1)	(1957, 687, 0, 1, 1)	(1977, 687, 0, 1, 1)	(-1, -1, -1, -1, 0)	(-1, -1, -1, -1, 0)	(-1, -1, -1, -1, 0)	(-1, -1, -1, -1, 0)	(-1, -1, -1, -1, 0)	(-1, -1, -1, -1, 0)	(-1, -1, -1, -1, 0)
335:	(1968, -1, 2, -1, 1)	(706, -1, 2, -1, 1)	(1920, -1, 2, -1, 1)	(1958, -1, 2, -1, 1)	(1978, -1, 2, -1, 1)	(709, -1, 2, -1, 1)	(1931, -1, 2, -1, 1)	(1969, -1, 2, -1, 1)	(1985, -1, 2, -1, 1)	(1919, 685, 0, 1, 1)	(1977, 685, 0, 1, 1)	(-1, -1, -1, -1, 0)	(-1, -1, -1, -1, 0)	(-1, -1, -1, -1, 0)	(-1, -1, -1, -1, 0)	(-1, -1, -1, -1, 0)
336:	(705, 685, 0, 1, 1)	(1957, 685, 0, 1, 1)	(976, 975, 3, 1, 1)	(977, 975, 3, 1, 1)	(705, 686, 0, 1, 1)	(1977, 686, 0, 1, 1)	(-1, -1, -1, -1, 0)	(-1, -1, -1, -1, 0)	(-1, -1, -1, -1, 0)	(1929, -1, 2, -1, 1)	(1983, -1, 2, -1, 1)	(-1, -1, -1, -1, 0)	(-1, -1, -1, -1, 0)	(-1, -1, -1, -1, 0)	(-1, -1, -1, -1, 0)	(-1, -1, -1, -1, 0)
337:	(707, -1, 2, -1, 1)	(1967, -1, 2, -1, 1)	(1751, 1279, 0, 1, 1)	(1726, 1531, 0, 1, 1)	(708, -1, 2, -1, 1)	(1984, -1, 2, -1, 1)	(1766, 1531, 0, 1, 1)	(1810, 1531, 0, 1, 1)	(1726, 1533, 0, 1, 1)	(1766, 1533, 0, 1, 1)	(1810, 1533, 0, 1, 1)	(1726, 1530, 0, 1, 1)	(1766, 1530, 0, 1, 1)	(1810, 1530, 0, 1, 1)	(-1, -1, -1, -1, 0)	(-1, -1, -1, -1, 0)
338:	(1551, 1531, 0, 1, 1)	(1551, 1533, 0, 1, 1)	(1770, -1, 2, -1, 1)	(1731, -1, 2, -1, 1)	(1551, 1530, 0, 1, 1)	(1551, 1532, 0, 1, 1)	(1769, -1, 2, -1, 1)	(1812, -1, 2, -1, 1)	(1734, -1, 2, -1, 1)	(1772, -1, 2, -1, 1)	(1815, -1, 2, -1, 1)	(1727, -1, 2, -1, 1)	(1767, -1, 2, -1, 1)	(1811, -1, 2, -1, 1)	(1726, 1532, 0, 1, 1)	(1810, 1532, 0, 1, 1)
339:	(1553, -1, 2, -1, 1)	(1555, -1, 2, -1, 1)	(1919, 686, 0, 1, 1)	(1944, 491, 0, 1, 1)	(1552, -1, 2, -1, 1)	(1554, -1, 2, -1, 1)	(-1, -1, -1, -1, 0)	(-1, -1, -1, -1, 0)	(-1, -1, -1, -1, 0)	(-1, -1, -1, -1, 0)	(-1, -1, -1, -1, 0)	(-1, -1, -1, -1, 0)	(-1, -1, -1, -1, 0)	(-1, -1, -1, -1, 0)	(1732, -1, 2, -1, 1)	(1813, -1, 2, -1, 1)
340:	(709, 706, 3, 1, 1)	(-1, -1, -1, -1, 0)	(1930, -1, 2, -1, 1)	(1968, -1, 2, -1, 1)	(-1, -1, -1, -1, 0)	(-1, -1, -1, -1, 0)	(-1, -1, -1, -1, 0)	(-1, -1, -1, -1, 0)	(-1, -1, -1, -1, 0)	(-1, -1, -1, -1, 0)	(-1, -1, -1, -1, 0)	(-1, -1, -1, -1, 0)	(-1, -1, -1, -1, 0)	(-1, -1, -1, -1, 0)	(-1, -1, -1, -1, 0)	(-1, -1, -1, -1, 0)
341:	(1821, 976, 0, 1, 1)	(1881, 976, 0, 1, 1)	(1821, 977, 0, 1, 1)	(1881, 977, 0, 1, 1)	(-1, -1, -1, -1, 0)	(-1, -1, -1, -1, 0)	(-1, -1, -1, -1, 0)	(-1, -1, -1, -1, 0)	(-1, -1, -1, -1, 0)	(-1, -1, -1, -1, 0)	(-1, -1, -1, -1, 0)	(-1, -1, -1, -1, 0)	(-1, -1, -1, -1, 0)	(-1, -1, -1, -1, 0)	(-1, -1, -1, -1, 0)	(-1, -1, -1, -1, 0)
342:	(1827, -1, 2, -1, 1)	(1882, -1, 2, -1, 1)	(1828, -1, 2, -1, 1)	(1885, -1, 2, -1, 1)	(-1, -1, -1, -1, 0)	(-1, -1, -1, -1, 0)	(-1, -1, -1, -1, 0)	(-1, -1, -1, -1, 0)	(-1, -1, -1, -1, 0)	(-1, -1, -1, -1, 0)	(-1, -1, -1, -1, 0)	(-1, -1, -1, -1, 0)	(-1, -1, -1, -1, 0)	(-1, -1, -1, -1, 0)	(-1, -1, -1, -1, 0)	(-1, -1, -1, -1, 0)
343:	(707, 706, 3, 1, 1)	(708, 706, 3, 1, 1)	(-1, 439, 0, 1, 1)	(-1, -1, -1, -1, 0)	(-1, -1, -1, -1, 0)	(-1, -1, -1, -1, 0)	(-1, -1, -1, -1, 0)	(-1, -1, -1, -1, 0)	(-1, -1, -1, -1, 0)	(-1, -1, -1, -1, 0)	(-1, -1, -1, -1, 0)	(-1, -1, -1, -1, 0)	(-1, -1, -1, -1, 0)	(-1, -1, -1, -1, 0)	(-1, -1, -1, -1, 0)	(-1, -1, -1, -1, 0)
344:	(1763, 1485, 0, 1, 1)	(1553, 1552, 3, 1, 1)	(1943, -1, 0, 0, 1)	(1554, 1552, 3, 1, 1)	(1555, 1552, 3, 1, 1)	(-1, -1, -1, -1, 0)	(-1, -1, -1, -1, 0)	(-1, -1, -1, -1, 0)	(-1, -1, -1, -1, 0)	(-1, -1, -1, -1, 0)	(-1, -1, -1, -1, 0)	(-1, -1, -1, -1, 0)	(-1, -1, -1, -1, 0)	(-1, -1, -1, -1, 0)	(-1, -1, -1, -1, 0)	(-1, -1, -1, -1, 0)
345:	(1770, -1, 2, -1, 1)	(1920, 709, 0, 1, 1)	(1968, -1, 2, -1, 1)	(1958, 709, 0, 1, 1)	(1978, 709, 0, 1, 1)	(-1, -1, -1, -1, 0)	(-1, -1, -1, -1, 0)	(-1, -1, -1, -1, 0)	(-1, -1, -1, -1, 0)	(-1, -1, -1, -1, 0)	(-1, -1, -1, -1, 0)	(-1, -1, -1, -1, 0)	(-1, -1, -1, -1, 0)	(-1, -1, -1, -1, 0)	(-1, -1, -1, -1, 0)	(-1, -1, -1, -1, 0)
346:	(-1, -1, -1, -1, 0)	(1931, -1, 2, -1, 1)	(-1, -1, -1, -1, 0)	(1969, -1, 2, -1, 1)	(1985, -1, 2, -1, 1)	(-1, -1, -1, -1, 0)	(-1, -1, -1, -1, 0)	(-1, -1, -1, -1, 0)	(-1, -1, -1, -1, 0)	(-1, -1, -1, -1, 0)	(-1, -1, -1, -1, 0)	(-1, -1, -1, -1, 0)	(-1, -1, -1, -1, 0)	(-1, -1, -1, -1, 0)	(-1, -1, -1, -1, 0)	(-1, -1, -1, -1, 0)
347:	(1828, 1826, 3, 1, 1)	(1885, 1884, 3, 1, 1)	(-1, -1, -1, -1, 0)	(-1, -1, -1, -1, 0)	(-1, -1, -1, -1, 0)	(-1, -1, -1, -1, 0)	(-1, -1, -1, -1, 0)	(-1, -1, -1, -1, 0)	(-1, -1, -1, -1, 0)	(-1, -1, -1, -1, 0)	(-1, -1, -1, -1, 0)	(-1, -1, -1, -1, 0)	(-1, -1, -1, -1, 0)	(-1, -1, -1, -1, 0)	(-1, -1, -1, -1, 0)	(-1, -1, -1, -1, 0)
348:	(1920, 707, 0, 1, 1)	(1958, 707, 0, 1, 1)	(1978, 707, 0, 1, 1)	(1920, 708, 0, 1, 1)	(1978, 708, 0, 1, 1)	(-1, -1, -1, -1, 0)	(-1, -1, -1, -1, 0)	(-1, -1, -1, -1, 0)	(-1, -1, -1, -1, 0)	(-1, -1, -1, -1, 0)	(-1, -1, -1, -1, 0)	(-1, -1, -1, -1, 0)	(-1, -1, -1, -1, 0)	(-1, -1, -1, -1, 0)	(-1, -1, -1, -1, 0)	(-1, -1, -1, -1, 0)
349:	(1929, -1, 2, -1, 1)	(1967, -1, 2, -1, 1)	(1983, -1, 2, -1, 1)	(1930, -1, 2, -1, 1)	(1984, -1, 2, -1, 1)	(1752, 1285, 0, 1, 1)	(1767, 1553, 0, 1, 1)	(1811, 1553, 0, 1, 1)	(1811, 1554, 0, 1, 1)	(-1, -1, -1, -1, 0)	(-1, -1, -1, -1, 0)	(-1, -1, -1, -1, 0)	(-1, -1, -1, -1, 0)	(-1, -1, -1, -1, 0)	(-1, -1, -1, -1, 0)	(-1, -1, -1, -1, 0)
350:	(1945, 512, 0, 1, 1)	(1727, 1553, 0, 1, 1)	(1727, 1554, 0, 1, 1)	(1727, 1555, 0, 1, 1)	(1767, 1555, 0, 1, 1)	(1770, -1, 2, -1, 1)	(1769, -1, 2, -1, 1)	(1812, -1, 2, -1, 1)	(1813, -1, 2, -1, 1)	(-1, 1555, 0, 1, 1)	(-1, -1, -1, -1, 0)	(-1, -1, -1, -1, 0)	(-1, -1, -1, -1, 0)	(-1, -1, -1, -1, 0)	(-1, -1, -1, -1, 0)	(-1, -1, -1, -1, 0)
351:	(1968, -1, 2, -1, 1)	(1731, -1, 2, -1, 1)	(1732, -1, 2, -1, 1)	(1734, -1, 2, -1, 1)	(1772, -1, 2, -1, 1)	(-1, -1, -1, -1, 0)	(-1, -1, -1, -1, 0)	(-1, -1, -1, -1, 0)	(-1, -1, -1, -1, 0)	(1811, -1, 0, 0, 1)	(-1, -1, -1, -1, 0)	(-1, -1, -1, -1, 0)	(-1, -1, -1, -1, 0)	(-1, -1, -1, -1, 0)	(-1, -1, -1, -1, 0)	(-1, -1, -1, -1, 0)
352:	(-1, -1, -1, -1, 0)	(-1, -1, -1, -1, 0)	(-1, -1, -1, -1, 0)	(-1, -1, -1, -1, 0)	(-1, -1, -1, -1, 0)	(-1, -1, -1, -1, 0)	(-1, -1, -1, -1, 0)	(-1, -1, -1, -1, 0)	(-1, -1, -1, -1, 0)	(1815, -1, 2, -1, 1)	(-1, -1, -1, -1, 0)	(-1, -1, -1, -1, 0)	(-1, -1, -1, -1, 0)	(-1, -1, -1, -1, 0)	(-1, -1, -1, -1, 0)	(-1, -1, -1, -1, 0)
353:	(-1, 1337, 0, 1, 1)	(-1, -1, -1, -1, 0)	(-1, -1, -1, -1, 0)	(-1, -1, -1, -1, 0)	(-1, -1, -1, -1, 0)	(-1, -1, -1, -1, 0)	(-1, -1, -1, -1, 0)	(-1, -1, -1, -1, 0)	(-1, -1, -1, -1, 0)	(-1, -1, -1, -1, 0)	(-1, -1, -1, -1, 0)	(-1, -1, -1, -1, 0)	(-1, -1, -1, -1, 0)	(-1, -1, -1, -1, 0)	(-1, -1, -1, -1, 0)	(-1, -1, -1, -1, 0)
354:	(1753, -1, 0, 0, 1)	(1930, 1929, 3, 1, 1)	(1931, 1929, 3, 1, 1)	(-1, 871, 0, 1, 1)	(-1, -1, -1, -1, 0)	(-1, -1, -1, -1, 0)	(-1, -1, -1, -1, 0)	(-1, -1, -1, -1, 0)	(-1, -1, -1, -1, 0)	(-1, -1, -1, -1, 0)	(-1, -1, -1, -1, 0)	(-1, -1, -1, -1, 0)	(-1, -1, -1, -1, 0)	(-1, -1, -1, -1, 0)	(-1, -1, -1, -1, 0)	(-1, -1, -1, -1, 0)
355:	(1770, -1, 2, -1, 1)	(-1, -1, -1, -1, 0)	(-1, -1, -1, -1, 0)	(1959, -1, 0, 0, 1)	(-1, -1, -1, -1, 0)	(-1, -1, -1, -1, 0)	(-1, -1, -1, -1, 0)	(-1, -1, -1, -1, 0)	(-1, -1, -1, -1, 0)	(-1, -1, -1, -1, 0)	(-1, -1, -1, -1, 0)	(-1, -1, -1, -1, 0)	(-1, -1, -1, -1, 0)	(-1, -1, -1, -1, 0)	(-1, -1, -1, -1, 0)	(-1, -1, -1, -1, 0)
356:	(1732, 1731, 3, 1, 1)	(1733, 1731, 3, 1, 1)	(1734, 1731, 3, 1, 1)	(1968, -1, 2, -1, 1)	(1735, 1731, 3, 1, 1)	(-1, -1, -1, -1, 0)	(-1, -1, -1, -1, 0)	(-1, -1, -1, -1, 0)	(-1, -1, -1, -1, 0)	(-1, -1, -1, -1, 0)	(-1, -1, -1, -1, 0)	(-1, -1, -1, -1, 0)	(-1, -1, -1, -1, 0)	(-1, -1, -1, -1, 0)	(-1, -1, -1, -1, 0)	(-1, -1, -1, -1, 0)
357:	(-1, -1, -1, -1, 0)	(-1, -1, -1, -1, 0)	(-1, -1, -1, -1, 0)	(-1, -1, -1, -1, 0)	(-1, -1, -1, -1, 0)	(-1, -1, -1, -1, 0)	(-1, -1, -1, -1, 0)	(-1, -1, -1, -1, 0)	(-1, -1, -1, -1, 0)	(-1, -1, -1, -1, 0)	(-1, -1, -1, -1, 0)	(-1, -1, -1, -1, 0)	(-1, -1, -1, -1, 0)	(-1, -1, -1, -1, 0)	(-1, -1, -1, -1, 0)	(-1, -1, -1, -1, 0)
358:	(-1, -1, -1, -1, 0)	(-1, -1, -1, -1, 0)	(-1, -1, -1, -1, 0)	(-1, -1, -1, -1, 0)	(-1, -1, -1, -1, 0)	(-1, -1, -1, -1, 0)	(-1, -1, -1, -1, 0)	(-1, -1, -1, -1, 0)	(-1, -1, -1, -1, 0)	(-1, -1, -1, -1, 0)	(-1, -1, -1, -1, 0)	(-1, -1, -1, -1, 0)	(-1, -1, -1, -1, 0)	(-1, -1, -1, -1, 0)	(-1, -1, -1, -1, 0)	(-1, -1, -1, -1, 0)
359:	(1754, 1358, 0, 1, 1)	(1983, 1930, 0, 1, 1)	(1967, 1931, 0, 1, 1)	(1983, 1931, 0, 1, 1)	(-1, -1, -1, -1, 0)	(-1, -1, -1, -1, 0)	(-1, -1, -1, -1, 0)	(-1, -1, -1, -1, 0)	(-1, -1, -1, -1, 0)	(-1, -1, -1, -1, 0)	(-1, -1, -1, -1, 0)	(-1, -1, -1, -1, 0)	(-1, -1, -1, -1, 0)	(-1, -1, -1, -1, 0)	(-1, -1, -1, -1, 0)	(-1, -1, -1, -1, 0)
360:	(1770, -1, 2, -1, 1)	(1984, -1, 2, -1, 1)	(1969, -1, 2, -1, 1)	(1985, -1, 2, -1, 1)	(1955, 653, 0, 1, 1)	(-1, -1, -1, -1, 0)	(-1, -1, -1, -1, 0)	(-1, -1, -1, -1, 0)	(-1, -1, -1, -1, 0)	(-1, -1, -1, -1, 0)	(-1, -1, -1, -1, 0)	(-1, -1, -1, -1, 0)	(-1, -1, -1, -1, 0)	(-1, -1, -1, -1, 0)	(-1, -1, -1, -1, 0)	(-1, -1, -1, -1, 0)
361:	(1787, 1732, 0, 1, 1)	(1812, 1732, 0, 1, 1)	(2121, 1732, 0, 1, 1)	(1787, 1733, 0, 1, 1)	(1968, -1, 2, -1, 1)	(1812, 1733, 0, 1, 1)	(2121, 1733, 0, 1, 1)	(1787, 1734, 0, 1, 1)	(1812, 1734, 0, 1, 1)	(2121, 1734, 0, 1, 1)	(1787, 1735, 0, 1, 1)	(1812, 1735, 0, 1, 1)	(2121, 1735, 0, 1, 1)	(-1, -1, -1, -1, 0)	(-1, -1, -1, -1, 0)	(-1, -1, -1, -1, 0)
362:	(1788, -1, 2, -1, 1)	(1813, -1, 2, -1, 1)	(2122, -1, 2, -1, 1)	(1789, -1, 2, -1, 1)	(1769, 1733, 0, 1, 1)	(1814, -1, 2, -1, 1)	(2123, -1, 2, -1, 1)	(1790, -1, 2, -1, 1)	(1815, -1, 2, -1, 1)	(2124, -1, 2, -1, 1)	(1793, -1, 2, -1, 1)	(1818, -1, 2, -1, 1)	(2127, -1, 2, -1, 1)	(1769, 1734, 0, 1, 1)	(1769, 1735, 0, 1, 1)	(-1, -1, -1, -1, 0)
363:	(-1, -1, -1, -1, 0)	(-1, -1, -1, -1, 0)	(-1, -1, -1, -1, 0)	(-1, -1, -1, -1, 0)	(1771, -1, 2, -1, 1)	(-1, -1, -1, -1, 0)	(-1, -1, -1, -1, 0)	(-1, -1, -1, -1, 0)	(-1, -1, -1, -1, 0)	(-1, -1, -1, -1, 0)	(-1, -1, -1, -1, 0)	(-1, -1, -1, -1, 0)	(-1, -1, -1, -1, 0)	(1772, -1, 2, -1, 1)	(1774, -1, 2, -1, 1)	(-1, -1, -1, -1, 0)
364:	(1768, 1717, 0, 1, 1)	(-1, -1, -1, -1, 0)	(-1, -1, -1, -1, 0)	(-1, -1, -1, -1, 0)	(-1, -1, -1, -1, 0)	(-1, -1, -1, -1, 0)	(-1, -1, -1, -1, 0)	(-1, -1, -1, -1, 0)	(-1, -1, -1, -1, 0)	(-1, -1, -1, -1, 0)	(-1, -1, -1, -1, 0)	(-1, -1, -1, -1, 0)	(-1, -1, -1, -1, 0)	(-1, -1, -1, -1, 0)	(-1, -1, -1, -1, 0)	(-1, -1, -1, -1, 0)
365:	(1770, -1, 2, -1, 1)	(1966, 1907, 0, 1, 1)	(-1, -1, -1, -1, 0)	(-1, -1, -1, -1, 0)	(-1, -1, -1, -1, 0)	(-1, -1, -1, -1, 0)	(-1, -1, -1, -1, 0)	(-1, -1, -1, -1, 0)	(-1, -1, -1, -1, 0)	(-1, -1, -1, -1, 0)	(-1, -1, -1, -1, 0)	(-1, -1, -1, -1, 0)	(-1, -1, -1, -1, 0)	(-1, -1, -1, -1, 0)	(-1, -1, -1, -1, 0)	(-1, -1, -1, -1, 0)
366:	(-1, -1, -1, -1, 0)	(1968, -1, 2, -1, 1)	(-1, -1, -1, -1, 0)	(-1, -1, -1, -1, 0)	(-1, -1, -1, -1, 0)	(-1, -1, -1, -1, 0)	(-1, -1, -1, -1, 0)	(-1, -1, -1, -1, 0)	(-1, -1, -1, -1, 0)	(-1, -1, -1, -1, 0)	(-1, -1, -1, -1, 0)	(-1, -1, -1, -1, 0)	(-1, -1, -1, -1, 0)	(-1, -1, -1, -1, 0)	(-1, -1, -1, -1, 0)	(-1, -1, -1, -1, 0)
367:	(-1, -1, -1, -1, 0)	(-1, -1, -1, -1, 0)	(-1, -1, -1, -1, 0)	(-1, -1, -1, -1, 0)	(-1, -1, -1, -1, 0)	(-1, -1, -1, -1, 0)	(-1, -1, -1, -1, 0)	(-1, -1, -1, -1, 0)	(-1, -1, -1, -1, 0)	(-1, -1, -1, -1, 0)	(-1, -1, -1, -1, 0)	(-1, -1, -1, -1, 0)	(-1, -1, -1, -1, 0)	(-1, -1, -1, -1, 0)	(-1, -1, -1, -1, 0)	(-1, -1, -1, -1, 0)
368:	(-1, -1, -1, -1, 0)	(-1, -1, -1, -1, 0)	(-1, -1, -1, -1, 0)	(-1, -1, -1, -1, 0)	(-1, -1, -1, -1, 0)	(-1, -1, -1, -1, 0)	(-1, -1, -1, -1, 0)	(-1, -1, -1, -1, 0)	(-1, -1, -1, -1, 0)	(-1, -1, -1, -1, 0)	(-1, -1, -1, -1, 0)	(-1, -1, -1, -1, 0)	(-1, -1, -1, -1, 0)	(-1, -1, -1, -1, 0)	(-1, -1, -1, -1, 0)	(-1, -1, -1, -1, 0)
369:	(1764, 1498, 0, 1, 1)	(-1, -1, -1, -1, 0)	(-1, -1, -1, -1, 0)	(-1, -1, -1, -1, 0)	(-1, -1, -1, -1, 0)	(-1, -1, -1, -1, 0)	(-1, -1, -1, -1, 0)	(-1, -1, -1, -1, 0)	(-1, -1, -1, -1, 0)	(-1, -1, -1, -1, 0)	(-1, -1, -1, -1, 0)	(-1, -1, -1, -1, 0)	(-1, -1, -1, -1, 0)	(-1, -1, -1, -1, 0)	(-1, -1, -1, -1, 0)	(-1, -1, -1, -1, 0)
370:	(1770, -1, 2, -1, 1)	(1956, 673, 0, 1, 1)	(-1, -1, -1, -1, 0)	(-1, -1, -1, -1, 0)	(-1, -1, -1, -1, 0)	(-1, -1, -1, -1, 0)	(-1, -1, -1, -1, 0)	(-1, -1, -1, -1, 0)	(-1, -1, -1, -1, 0)	(-1, -1, -1, -1, 0)	(-1, -1, -1, -1, 0)	(-1, -1, -1, -1, 0)	(-1, -1, -1, -1, 0)	(-1, -1, -1, -1, 0)	(-1, -1, -1, -1, 0)	(-1, -1, -1, -1, 0)
371:	(-1, -1, -1, -1, 0)	(1968, -1, 2, -1, 1)	(-1, -1, -1, -1, 0)	(-1, -1, -1, -1, 0)	(-1, -1, -1, -1, 0)	(-1, -1, -1, -1, 0)	(-1, -1, -1, -1, 0)	(-1, -1, -1, -1, 0)	(-1, -1, -1, -1, 0)	(-1, -1, -1, -1, 0)	(-1, -1, -1, -1, 0)	(-1, -1, -1, -1, 0)	(-1, -1, -1, -1, 0)	(-1, -1, -1, -1, 0)	(-1, -1, -1, -1, 0)	(-1, -1, -1, -1, 0)
372:	(-1, -1, -1, -1, 0)	(-1, -1, -1, -1, 0)	(-1, -1, -1, -1, 0)	(-1, -1, -1, -1, 0)	(-1, -1, -1, -1, 0)	(-1, -1, -1, -1, 0)	(-1, -1, -1, -1, 0)	(-1, -1, -1, -1, 0)	(-1, -1, -1, -1, 0)	(-1, -1, -1, -1, 0)	(-1, -1, -1, -1, 0)	(-1, -1, -1, -1, 0)	(-1, -1, -1, -1, 0)	(-1, -1, -1, -1, 0)	(-1, -1, -1, -1, 0)	(-1, -1, -1, -1, 0)
373:	(-1, -1, -1, -1, 0)	(-1, -1, -1, -1, 0)	(-1, -1, -1, -1, 0)	(-1, -1, -1, -1, 0)	(-1, -1, -1, -1, 0)	(-1, -1, -1, -1, 0)	(-1, -1, -1, -1, 0)	(-1, -1, -1, -1, 0)	(-1, -1, -1, -1, 0)	(-1, -1, -1, -1, 0)	(-1, -1, -1, -1, 0)	(-1, -1, -1, -1, 0)	(-1, -1, -1, -1, 0)	(-1, -1, -1, -1, 0)	(-1, -1, -1, -1, 0)	(-1, -1, -1, -1, 0)
374:	(1765, 1518, 0, 1, 1)	(-1, -1, -1, -1, 0)	(-1, -1, -1, -1, 0)	(-1, -1, -1, -1, 0)	(-1, -1, -1, -1, 0)	(-1, -1, -1, -1, 0)	(-1, -1, -1, -1, 0)	(-1, -1, -1, -1, 0)	(-1, -1, -1, -1, 0)	(-1, -1, -1, -1, 0)	(-1, -1, -1, -1, 0)	(-1, -1, -1, -1, 0)	(-1, -1, -1, -1, 0)	(-1, -1, -1, -1, 0)	(-1, -1, -1, -1, 0)	(-1, -1, -1, -1, 0)
375:	(1770, -1, 2, -1, 1)	(1957, 686, 0, 1, 1)	(-1, -1, -1, -1, 0)	(-1, -1, -1, -1, 0)	(-1, -1, -1, -1, 0)	(-1, -1, -1, -1, 0)	(-1, -1, -1, -1, 0)	(-1, -1, -1, -1, 0)	(-1, -1, -1, -1, 0)	(-1, -1, -1, -1, 0)	(-1, -1, -1, -1, 0)	(-1, -1, -1, -1, 0)	(-1, -1, -1, -1, 0)	(-1, -1, -1, -1, 0)	(-1, -1, -1, -1, 0)	(-1, -1, -1, -1, 0)
376:	(-1, -1, -1, -1, 0)	(1968, -1, 2, -1, 1)	(-1, -1, -1, -1, 0)	(-1, -1, -1, -1, 0)	(-1, -1, -1, -1, 0)	(-1, -1, -1, -1, 0)	(-1, -1, -1, -1, 0)	(-1, -1, -1, -1, 0)	(-1, -1, -1, -1, 0)	(-1, -1, -1, -1, 0)	(-1, -1, -1, -1, 0)	(-1, -1, -1, -1, 0)	(-1, -1, -1, -1, 0)	(-1, -1, -1, -1, 0)	(-1, -1, -1, -1, 0)	(-1, -1, -1, -1, 0)
377:	(-1, -1, -1, -1, 0)	(-1, -1, -1, -1, 0)	(-1, -1, -1, -1, 0)	(-1, -1, -1, -1, 0)	(-1, -1, -1, -1, 0)	(-1, -1, -1, -1, 0)	(-1, -1, -1, -1, 0)	(-1, -1, -1, -1, 0)	(-1, -1, -1, -1, 0)	(-1, -1, -1, -1, 0)	(-1, -1, -1, -1, 0)	(-1, -1, -1, -1, 0)	(-1, -1, -1, -1, 0)	(-1, -1, -1, -1, 0)	(-1, -1, -1, -1, 0)	(-1, -1, -1, -1, 0)
378:	(-1, -1, -1, -1, 0)	(-1, -1, -1, -1, 0)	(-1, -1, -1, -1, 0)	(-1, -1, -1, -1, 0)	(-1, -1, -1, -1, 0)	(-1, -1, -1, -1, 0)	(-1, -1, -1, -1, 0)	(-1, -1, -1, -1, 0)	(-1, -1, -1, -1, 0)	(-1, -1, -1, -1, 0)	(-1, -1, -1, -1, 0)	(-1, -1, -1, -1, 0)	(-1, -1, -1, -1, 0)	(-1, -1, -1, -1, 0)	(-1, -1, -1, -1, 0)	(-1, -1, -1, -1, 0)
379:	(1766, 1532, 0, 1, 1)	(-1, -1, -1, -1, 0)	(-1, -1, -1, -1, 0)	(-1, -1, -1, -1, 0)	(-1, -1, -1, -1, 0)	(-1, -1, -1, -1, 0)	(-1, -1, -1, -1, 0)	(-1, -1, -1, -1, 0)	(-1, -1, -1, -1, 0)	(-1, -1, -1, -1, 0)	(-1, -1, -1, -1, 0)	(-1, -1, -1, -1, 0)	(-1, -1, -1, -1, 0)	(-1, -1, -1, -1, 0)	(-1, -1, -1, -1, 0)	(-1, -1, -1, -1, 0)
380:	(1770, -1, 2, -1, 1)	(1958, 708, 0, 1, 1)	(-1, -1, -1, -1, 0)	(-1, -1, -1, -1, 0)	(-1, -1, -1, -1, 0)	(-1, -1, -1, -1, 0)	(-1, -1, -1, -1, 0)	(-1, -1, -1, -1, 0)	(-1, -1, -1, -1, 0)	(-1, -1, -1, -1, 0)	(-1, -1, -1, -1, 0)	(-1, -1, -1, -1, 0)	(-1, -1, -1, -1, 0)	(-1, -1, -1, -1, 0)	(-1, -1, -1, -1, 0)	(-1, -1, -1, -1, 0)
381:	(-1, -1, -1, -1, 0)	(1968, -1, 2, -1, 1)	(-1, -1, -1, -1, 0)	(-1, -1, -1, -1, 0)	(-1, -1, -1, -1, 0)	(-1, -1, -1, -1, 0)	(-1, -1, -1, -1, 0)	(-1, -1, -1, -1, 0)	(-1, -1, -1, -1, 0)	(-1, -1, -1, -1, 0)	(-1, -1, -1, -1, 0)	(-1, -1, -1, -1, 0)	(-1, -1, -1, -1, 0)	(-1, -1, -1, -1, 0)	(-1, -1, -1, -1, 0)	(-1, -1, -1, -1, 0)
382:	(-1, -1, -1, -1, 0)	(-1, -1, -1, -1, 0)	(-1, -1, -1, -1, 0)	(-1, -1, -1, -1, 0)	(-1, -1, -1, -1, 0)	(-1, -1, -1, -1, 0)	(-1, -1, -1, -1, 0)	(-1, -1, -1, -1, 0)	(-1, -1, -1, -1, 0)	(-1, -1, -1, -1, 0)	(-1, -1, -1, -1, 0)	(-1, -1, -1, -1, 0)	(-1, -1, -1, -1, 0)	(-1, -1, -1, -1, 0)	(-1, -1, -1, -1, 0)	(-1, -1, -1, -1, 0)
383:	(-1, -1, -1, -1, 0)	(-1, -1, -1, -1, 0)	(-1, -1, -1, -1, 0)	(-1, -1, -1, -1, 0)	(-1, -1, -1, -1, 0)	(-1, -1, -1, -1, 0)	(-1, -1, -1, -1, 0)	(-1, -1, -1, -1, 0)	(-1, -1, -1, -1, 0)	(-1, -1, -1, -1, 0)	(-1, -1, -1, -1, 0)	(-1, -1, -1, -1, 0)	(-1, -1, -1, -1, 0)	(-1, -1, -1, -1, 0)	(-1, -1, -1, -1, 0)	(-1, -1, -1, -1, 0)
384:	(1767, 1554, 0, 1, 1)	(-1, -1, -1, -1, 0)	(-1, -1, -1, -1, 0)	(-1, -1, -1, -1, 0)	(-1, -1, -1, -1, 0)	(-1, -1, -1, -1, 0)	(-1, -1, -1, -1, 0)	(-1, -1, -1, -1, 0)	(-1, -1, -1, -1, 0)	(-1, -1, -1, -1, 0)	(-1, -1, -1, -1, 0)	(-1, -1, -1, -1, 0)	(-1, -1, -1, -1, 0)	(-1, -1, -1, -1, 0)	(-1, -1, -1, -1, 0)	(-1, -1, -1, -1, 0)
385:	(1770, -1, 2, -1, 1)	(-1, -1, -1, -1, 0)	(-1, -1, -1, -1, 0)	(-1, -1, -1, -1, 0)	(-1, -1, -1, -1, 0)	(-1, -1, -1, -1, 0)	(-1, -1, -1, -1, 0)	(-1, -1, -1, -1, 0)	(-1, -1, -1, -1, 0)	(-1, -1, -1, -1, 0)	(-1, -1, -1, -1, 0)	(-1, -1, -1, -1, 0)	(-1, -1, -1, -1, 0)	(-1, -1, -1, -1, 0)	(-1, -1, -1, -1, 0)	(-1, -1, -1, -1, 0)
386:	(1967, 1930, 0, 1, 1)	(-1, -1, -1, -1, 0)	(-1, -1, -1, -1, 0)	(-1, -1, -1, -1, 0)	(-1, -1, -1, -1, 0)	(-1, -1, -1, -1, 0)	(-1, -1, -1, -1, 0)	(-1, -1, -1, -1, 0)	(-1, -1, -1, -1, 0)	(-1, -1, -1, -1, 0)	(-1, -1, -1, -1, 0)	(-1, -1, -1, -1, 0)	(-1, -1, -1, -1, 0)	(-1, -1, -1, -1, 0)	(-1, -1, -1, -1, 0)	(-1, -1, -1, -1, 0)
387:	(1968, -1, 2, -1, 1)	(-1, -1, -1, -1, 0)	(-1, -1, -1, -1, 0)	(-1, -1, -1, -1, 0)	(-1, -1, -1, -1, 0)	(-1, -1, -1, -1, 0)	(-1, -1, -1, -1, 0)	(-1, -1, -1, -1, 0)	(-1, -1, -1, -1, 0)	(-1, -1, -1, -1, 0)	(-1, -1, -1, -1, 0)	(-1, -1, -1, -1, 0)	(-1, -1, -1, -1, 0)	(-1, -1, -1, -1, 0)	(-1, -1, -1, -1, 0)	(-1, -1, -1, -1, 0)
388:	(-1, -1, -1, -1, 0)	(-1, -1, -1, -1, 0)	(-1, -1, -1, -1, 0)	(-1, -1, -1, -1, 0)	(-1, -1, -1, -1, 0)	(-1, -1, -1, -1, 0)	(-1, -1, -1, -1, 0)	(-1, -1, -1, -1, 0)	(-1, -1, -1, -1, 0)	(-1, -1, -1, -1, 0)	(-1, -1, -1, -1, 0)	(-1, -1, -1, -1, 0)	(-1, -1, -1, -1, 0)	(-1, -1, -1, -1, 0)	(-1, -1, -1, -1, 0)	(-1, -1, -1, -1, 0)
389:	(1769, 1732, 0, 1, 1)	(-1, -1, -1, -1, 0)	(-1, -1, -1, -1, 0)	(-1, -1, -1, -1, 0)	(-1, -1, -1, -1, 0)	(-1, -1, -1, -1, 0)	(-1, -1, -1, -1, 0)	(-1, -1, -1, -1, 0)	(-1, -1, -1, -1, 0)	(-1, -1, -1, -1, 0)	(-1, -1, -1, -1, 0)	(-1, -1, -1, -1, 0)	(-1, -1, -1, -1, 0)	(-1, -1, -1, -1, 0)	(-1, -1, -1, -1, 0)	(-1, -1, -1, -1, 0)
390:	(1770, -1, 2, -1, 1)	(-1, -1, -1, -1, 0)	(-1, -1, -1, -1, 0)	(-1, -1, -1, -1, 0)	(-1, -1, -1, -1, 0)	(-1, -1, -1, -1, 0)	(-1, -1, -1, -1, 0)	(-1, -1, -1, -1, 0)	(-1, -1, -1, -1, 0)	(-1, -1, -1, -1, 0)	(-1, -1, -1, -1, 0)	(-1, -1, -1, -1, 0)	(-1, -1, -1, -1, 0)	(-1, -1, -1, -1, 0)	(-1, -1, -1, -1, 0)	(-1, -1, -1, -1, 0)
391:	(-1, -1, -1, -1, 0)	(-1, -1, -1, -1, 0)	(-1, -1, -1, -1, 0)	(-1, -1, -1, -1, 0)	(-1, -1, -1, -1, 0)	(-1, -1, -1, -1, 0)	(-1, -1, -1, -1, 0)	(-1, -1, -1, -1, 0)	(-1, -1, -1, -1, 0)	(-1, -1, -1, -1, 0)	(-1, -1, -1, -1, 0)	(-1, -1, -1, -1, 0)	(-1, -1, -1, -1, 0)	(-1, -1, -1, -1, 0)	(-1, -1, -1, -1, 0)	(-1, -1, -1, -1, 0)
392:	(1969, 1968, 3, 1, 1)	(1970, 1968, 3, 1, 1)	(-1, -1, -1, -1, 0)	(-1, -1, -1, -1, 0)	(-1, -1, -1, -1, 0)	(-1, -1, -1, -1, 0)	(-1, -1, -1, -1, 0)	(-1, -1, -1, -1, 0)	(-1, -1, -1, -1, 0)	(-1, -1, -1, -1, 0)	(-1, -1, -1, -1, 0)	(-1, -1, -1, -1, 0)	(-1, -1, -1, -1, 0)	(-1, -1, -1, -1, 0)	(-1, -1, -1, -1, 0)	(-1, -1, -1, -1, 0)
393:	(-1, -1, -1, -1, 0)	(-1, -1, -1, -1, 0)	(-1, -1, -1, -1, 0)	(-1, -1, -1, -1, 0)	(-1, -1, -1, -1, 0)	(-1, -1, -1, -1, 0)	(-1, -1, -1, -1, 0)	(-1, -1, -1, -1, 0)	(-1, -1, -1, -1, 0)	(-1, -1, -1, -1, 0)	(-1, -1, -1, -1, 0)	(-1, -1, -1, -1, 0)	(-1, -1, -1, -1, 0)	(-1, -1, -1, -1, 0)	(-1, -1, -1, -1, 0)	(-1, -1, -1, -1, 0)
394:	(-1, -1, -1, -1, 0)	(-1, -1, -1, -1, 0)	(-1, -1, -1, -1, 0)	(-1, -1, -1, -1, 0)	(-1, -1, -1, -1, 0)	(-1, -1, -1, -1, 0)	(-1, -1, -1, -1, 0)	(-1, -1, -1, -1, 0)	(-1, -1, -1, -1, 0)	(-1, -1, -1, -1, 0)	(-1, -1, -1, -1, 0)	(-1, -1, -1, -1, 0)	(-1, -1, -1, -1, 0)	(-1, -1, -1, -1, 0)	(-1, -1, -1, -1, 0)	(-1, -1, -1, -1, 0)
395:	(1771, 1770, 3, 1, 1)	(1772, 1770, 3, 1, 1)	(1773, 1770, 3, 1, 1)	(1774, 1770, 3, 1, 1)	(-1, -1, -1, -1, 0)	(-1, -1, -1, -1, 0)	(-1, -1, -1, -1, 0)	(-1, -1, -1, -1, 0)	(-1, -1, -1, -1, 0)	(-1, -1, -1, -1, 0)	(-1, -1, -1, -1, 0)	(-1, -1, -1, -1, 0)	(-1, -1, -1, -1, 0)	(-1, -1, -1, -1, 0)	(-1, -1, -1, -1, 0)	(-1, -1, -1, -1, 0)
396:	(-1, -1, -1, -1, 0)	(-1, -1, -1, -1, 0)	(-1, -1, -1, -1, 0)	(-1, -1, -1, -1, 0)	(-1, -1, -1, -1, 0)	(-1, -1, -1, -1, 0)	(-1, -1, -1, -1, 0)	(-1, -1, -1, -1, 0)	(-1, -1, -1, -1, 0)	(-1, -1, -1, -1, 0)	(-1, -1, -1, -1, 0)	(-1, -1, -1, -1, 0)	(-1, -1, -1, -1, 0)	(-1, -1, -1, -1, 0)	(-1, -1, -1, -1, 0)	(-1, -1, -1, -1, 0)
397:	(1984, 1969, 0, 1, 1)	(1996, 1969, 0, 1, 1)	(1984, 1970, 0, 1, 1)	(1996, 1970, 0, 1, 1)	(-1, -1, -1, -1, 0)	(-1, -1, -1, -1, 0)	(-1, -1, -1, -1, 0)	(-1, -1, -1, -1, 0)	(-1, -1, -1, -1, 0)	(-1, -1, -1, -1, 0)	(-1, -1, -1, -1, 0)	(-1, -1, -1, -1, 0)	(-1, -1, -1, -1, 0)	(-1, -1, -1, -1, 0)	(-1, -1, -1, -1, 0)	(-1, -1, -1, -1, 0)
398:	(1985, -1, 2, -1, 1)	(1997, -1, 2, -1, 1)	(1986, -1, 2, -1, 1)	(1998, -1, 2, -1, 1)	(-1, -1, -1, -1, 0)	(-1, -1, -1, -1, 0)	(-1, -1, -1, -1, 0)	(-1, -1, -1, -1, 0)	(-1, -1, -1, -1, 0)	(-1, -1, -1, -1, 0)	(-1, -1, -1, -1, 0)	(-1, -1, -1, -1, 0)	(-1, -1, -1, -1, 0)	(-1, -1, -1, -1, 0)	(-1, -1, -1, -1, 0)	(-1, -1, -1, -1, 0)
399:	(-1, -1, -1, -1, 0)	(-1, -1, -1, -1, 0)	(-1, -1, -1, -1, 0)	(-1, -1, -1, -1, 0)	(-1, -1, -1, -1, 0)	(-1, -1, -1, -1, 0)	(-1, -1, -1, -1, 0)	(-1, -1, -1, -1, 0)	(-1, -1, -1, -1, 0)	(-1, -1, -1, -1, 0)	(-1, -1, -1, -1, 0)	(-1, -1, -1, -1, 0)	(-1, -1, -1, -1, 0)	(-1, -1, -1, -1, 0)	(-1, -1, -1, -1, 0)	(-1, -1, -1, -1, 0)
400:	(1788, 1771, 0, 1, 1)	(1813, 1771, 0, 1, 1)	(2122, 1771, 0, 1, 1)	(1788, 1772, 0, 1, 1)	(1813, 1772, 0, 1, 1)	(2122, 1772, 0, 1, 1)	(1788, 1773, 0, 1, 1)	(1813, 1773, 0, 1, 1)	(2122, 1773, 0, 1, 1)	(1788, 1774, 0, 1, 1)	(1813, 1774, 0, 1, 1)	(2122, 1774, 0, 1, 1)	(-1, -1, -1, -1, 0)	(-1, -1, -1, -1, 0)	(-1, -1, -1, -1, 0)	(-1, -1, -1, -1, 0)
401:	(1789, -1, 2, -1, 1)	(1814, -1, 2, -1, 1)	(2123, -1, 2, -1, 1)	(1790, -1, 2, -1, 1)	(1815, -1, 2, -1, 1)	(2124, -1, 2, -1, 1)	(1791, -1, 2, -1, 1)	(1816, -1, 2, -1, 1)	(2125, -1, 2, -1, 1)	(1793, -1, 2, -1, 1)	(1818, -1, 2, -1, 1)	(2127, -1, 2, -1, 1)	(-1, -1, -1, -1, 0)	(-1, -1, -1, -1, 0)	(-1, -1, -1, -1, 0)	(-1, -1, -1, -1, 0)
402:	(-1, -1, -1, -1, 0)	(-1, -1, -1, -1, 0)	(-1, -1, -1, -1, 0)	(-1, -1, -1, -1, 0)	(-1, -1, -1, -1, 0)	(-1, -1, -1, -1, 0)	(-1, -1, -1, -1, 0)	(-1, -1, -1, -1, 0)	(-1, -1, -1, -1, 0)	(-1, -1, -1, -1, 0)	(-1, -1, -1, -1, 0)	(-1, -1, -1, -1, 0)	(-1, -1, -1, -1, 0)	(-1, -1, -1, -1, 0)	(-1, -1, -1, -1, 0)	(-1, -1, -1, -1, 0)
403:	(1986, 1985, 3, 1, 1)	(-1, -1, -1, -1, 0)	(-1, -1, -1, -1, 0)	(-1, -1, -1, -1, 0)	(-1, -1, -1, -1, 0)	(-1, -1, -1, -1, 0)	(-1, -1, -1, -1, 0)	(-1, -1, -1, -1, 0)	(-1, -1, -1, -1, 0)	(-1, -1, -1, -1, 0)	(-1, -1, -1, -1, 0)	(-1, -1, -1, -1, 0)	(-1, -1, -1, -1, 0)	(-1, -1, -1, -1, 0)	(-1, -1, -1, -1, 0)	(-1, -1, -1, -1, 0)
404:	(-1, -1, -1, -1, 0)	(-1, -1, -1, -1, 0)	(-1, -1, -1, -1, 0)	(-1, -1, -1, -1, 0)	(-1, -1, -1, -1, 0)	(-1, -1, -1, -1, 0)	(-1, -1, -1, -1, 0)	(-1, -1, -1, -1, 0)	(-1, -1, -1, -1, 0)	(-1, -1, -1, -1, 0)	(-1, -1, -1, -1, 0)	(-1, -1, -1, -1, 0)	(-1, -1, -1, -1, 0)	(-1, -1, -1, -1, 0)	(-1, -1, -1, -1, 0)	(-1, -1, -1, -1, 0)
405:	(-1, -1, -1, -1, 0)	(-1, -1, -1, -1, 0)	(-1, -1, -1, -1, 0)	(-1, -1, -1, -1, 0)	(-1, -1, -1, -1, 0)	(-1, -1, -1, -1, 0)	(-1, -1, -1, -1, 0)	(-1, -1, -1, -1, 0)	(-1, -1, -1, -1, 0)	(-1, -1, -1, -1, 0)	(-1, -1, -1, -1, 0)	(-1, -1, -1, -1, 0)	(-1, -1, -1, -1, 0)	(-1, -1, -1, -1, 0)	(-1, -1, -1, -1, 0)	(-1, -1, -1, -1, 0)
406:	(1790, 1789, 3, 1, 1)	(1791, 1789, 3, 1, 1)	(1792, 1789, 3, 1, 1)	(1793, 1789, 3, 1, 1)	(-1, -1, -1, -1, 0)	(-1, -1, -1, -1, 0)	(-1, -1, -1, -1, 0)	(-1, -1, -1, -1, 0)	(-1, -1, -1, -1, 0)	(-1, -1, -1, -1, 0)	(-1, -1, -1, -1, 0)	(-1, -1, -1, -1, 0)	(-1, -1, -1, -1, 0)	(-1, -1, -1, -1, 0)	(-1, -1, -1, -1, 0)	(-1, -1, -1, -1, 0)
407:	(-1, -1, -1, -1, 0)	(-1, -1, -1, -1, 0)	(-1, -1, -1, -1, 0)	(-1, -1, -1, -1, 0)	(-1, -1, -1, -1, 0)	(-1, -1, -1, -1, 0)	(-1, -1, -1, -1, 0)	(-1, -1, -1, -1, 0)	(-1, -1, -1, -1, 0)	(-1, -1, -1, -1, 0)	(-1, -1, -1, -1, 0)	(-1, -1, -1, -1, 0)	(-1, -1, -1, -1, 0)	(-1, -1, -1, -1, 0)	(-1, -1, -1, -1, 0)	(-1, -1, -1, -1, 0)
408:	(1997, 1986, 0, 1, 1)	(-1, -1, -1, -1, 0)	(-1, -1, -1, -1, 0)	(-1, -1, -1, -1, 0)	(-1, -1, -1, -1, 0)	(-1, -1, -1, -1, 0)	(-1, -1, -1, -1, 0)	(-1, -1, -1, -1, 0)	(-1, -1, -1, -1, 0)	(-1, -1, -1, -1, 0)	(-1, -1, -1, -1, 0)	(-1, -1, -1, -1, 0)	(-1, -1, -1, -1, 0)	(-1, -1, -1, -1, 0)	(-1, -1, -1, -1, 0)	(-1, -1, -1, -1, 0)
409:	(1998, -1, 2, -1, 1)	(-1, -1, -1, -1, 0)	(-1, -1, -1, -1, 0)	(-1, -1, -1, -1, 0)	(-1, -1, -1, -1, 0)	(-1, -1, -1, -1, 0)	(-1, -1, -1, -1, 0)	(-1, -1, -1, -1, 0)	(-1, -1, -1, -1, 0)	(-1, -1, -1, -1, 0)	(-1, -1, -1, -1, 0)	(-1, -1, -1, -1, 0)	(-1, -1, -1, -1, 0)	(-1, -1, -1, -1, 0)	(-1, -1, -1, -1, 0)	(-1, -1, -1, -1, 0)
410:	(-1, -1, -1, -1, 0)	(-1, -1, -1, -1, 0)	(-1, -1, -1, -1, 0)	(-1, -1, -1, -1, 0)	(-1, -1, -1, -1, 0)	(-1, -1, -1, -1, 0)	(-1, -1, -1, -1, 0)	(-1, -1, -1, -1, 0)	(-1, -1, -1, -1, 0)	(-1, -1, -1, -1, 0)	(-1, -1, -1, -1, 0)	(-1, -1, -1, -1, 0)	(-1, -1, -1, -1, 0)	(-1, -1, -1, -1, 0)	(-1, -1, -1, -1, 0)	(-1, -1, -1, -1, 0)
411:	(1814, 1790, 0, 1, 1)	(1823, 1790, 0, 1, 1)	(2123, 1790, 0, 1, 1)	(1814, 1792, 0, 1, 1)	(1823, 1792, 0, 1, 1)	(2123, 1792, 0, 1, 1)	(1814, 1793, 0, 1, 1)	(1823, 1793, 0, 1, 1)	(2123, 1793, 0, 1, 1)	(-1, -1, -1, -1, 0)	(-1, -1, -1, -1, 0)	(-1, -1, -1, -1, 0)	(-1, -1, -1, -1, 0)	(-1, -1, -1, -1, 0)	(-1, -1, -1, -1, 0)	(-1, -1, -1, -1, 0)
412:	(1815, -1, 2, -1, 1)	(1824, -1, 2, -1, 1)	(2124, -1, 2, -1, 1)	(1817, -1, 2, -1, 1)	(1827, -1, 2, -1, 1)	(2126, -1, 2, -1, 1)	(1818, -1, 2, -1, 1)	(1829, -1, 2, -1, 1)	(2127, -1, 2, -1, 1)	(1814, 1791, 0, 1, 1)	(-1, 1791, 0, 1, 1)	(2123, 1791, 0, 1, 1)	(-1, -1, -1, -1, 0)	(-1, -1, -1, -1, 0)	(-1, -1, -1, -1, 0)	(-1, -1, -1, -1, 0)
413:	(-1, -1, -1, -1, 0)	(-1, -1, -1, -1, 0)	(-1, -1, -1, -1, 0)	(-1, -1, -1, -1, 0)	(-1, -1, -1, -1, 0)	(-1, -1, -1, -1, 0)	(-1, -1, -1, -1, 0)	(-1, -1, -1, -1, 0)	(-1, -1, -1, -1, 0)	(1816, -1, 2, -1, 1)	(1823, -1, 0, 0, 1)	(2125, -1, 2, -1, 1)	(-1, -1, -1, -1, 0)	(-1, -1, -1, -1, 0)	(-1, -1, -1, -1, 0)	(-1, -1, -1, -1, 0)
414:	(1999, 1998, 3, 1, 1)	(2000, 1998, 3, 1, 1)	(-1, -1, -1, -1, 0)	(-1, -1, -1, -1, 0)	(-1, -1, -1, -1, 0)	(-1, -1, -1, -1, 0)	(-1, -1, -1, -1, 0)	(-1, -1, -1, -1, 0)	(-1, -1, -1, -1, 0)	(-1, -1, -1, -1, 0)	(1825, -1, 2, -1, 1)	(-1, -1, -1, -1, 0)	(-1, -1, -1, -1, 0)	(-1, -1, -1, -1, 0)	(-1, -1, -1, -1, 0)	(-1, -1, -1, -1, 0)
415:	(-1, -1, -1, -1, 0)	(-1, -1, -1, -1, 0)	(-1, -1, -1, -1, 0)	(-1, -1, -1, -1, 0)	(-1, -1, -1, -1, 0)	(-1, -1, -1, -1, 0)	(-1, -1, -1, -1, 0)	(-1, -1, -1, -1, 0)	(-1, -1, -1, -1, 0)	(-1, -1, -1, -1, 0)	(-1, -1, -1, -1, 0)	(-1, -1, -1, -1, 0)	(-1, -1, -1, -1, 0)	(-1, -1, -1, -1, 0)	(-1, -1, -1, -1, 0)	(-1, -1, -1, -1, 0)
416:	(-1, -1, -1, -1, 0)	(-1, -1, -1, -1, 0)	(-1, -1, -1, -1, 0)	(-1, -1, -1, -1, 0)	(-1, -1, -1, -1, 0)	(-1, -1, -1, -1, 0)	(-1, -1, -1, -1, 0)	(-1, -1, -1, -1, 0)	(-1, -1, -1, -1, 0)	(-1, -1, -1, -1, 0)	(-1, -1, -1, -1, 0)	(-1, -1, -1, -1, 0)	(-1, -1, -1, -1, 0)	(-1, -1, -1, -1, 0)	(-1, -1, -1, -1, 0)	(-1, -1, -1, -1, 0)
417:	(1817, 1815, 3, 1, 1)	(1818, 1815, 3, 1, 1)	(-1, -1, -1, -1, 0)	(-1, -1, -1, -1, 0)	(-1, -1, -1, -1, 0)	(-1, -1, -1, -1, 0)	(-1, -1, -1, -1, 0)	(-1, -1, -1, -1, 0)	(-1, -1, -1, -1, 0)	(-1, -1, -1, -1, 0)	(-1, -1, -1, -1, 0)	(-1, -1, -1, -1, 0)	(-1, -1, -1, -1, 0)	(-1, -1, -1, -1, 0)	(-1, -1, -1, -1, 0)	(-1, -1, -1, -1, 0)
418:	(1816, 1815, 3, 1, 1)	(-1, -1, -1, -1, 0)	(-1, -1, -1, -1, 0)	(-1, -1, -1, -1, 0)	(-1, -1, -1, -1, 0)	(-1, -1, -1, -1, 0)	(-1, -1, -1, -1, 0)	(-1, -1, -1, -1, 0)	(-1, -1, -1, -1, 0)	(-1, -1, -1, -1, 0)	(-1, -1, -1, -1, 0)	(-1, -1, -1, -1, 0)	(-1, -1, -1, -1, 0)	(-1, -1, -1, -1, 0)	(-1, -1, -1, -1, 0)	(-1, -1, -1, -1, 0)
419:	(2055, 1999, 0, 1, 1)	(2055, 2000, 0, 1, 1)	(-1, -1, -1, -1, 0)	(-1, -1, -1, -1, 0)	(-1, -1, -1, -1, 0)	(-1, -1, -1, -1, 0)	(-1, -1, -1, -1, 0)	(-1, -1, -1, -1, 0)	(-1, -1, -1, -1, 0)	(-1, -1, -1, -1, 0)	(-1, -1, -1, -1, 0)	(-1, -1, -1, -1, 0)	(-1, -1, -1, -1, 0)	(-1, -1, -1, -1, 0)	(-1, -1, -1, -1, 0)	(-1, -1, -1, -1, 0)
420:	(2057, -1, 2, -1, 1)	(2058, -1, 2, -1, 1)	(-1, -1, -1, -1, 0)	(-1, -1, -1, -1, 0)	(-1, -1, -1, -1, 0)	(-1, -1, -1, -1, 0)	(-1, -1, -1, -1, 0)	(-1, -1, -1, -1, 0)	(-1, -1, -1, -1, 0)	(-1, -1, -1, -1, 0)	(-1, -1, -1, -1, 0)	(-1, -1, -1, -1, 0)	(-1, -1, -1, -1, 0)	(-1, -1, -1, -1, 0)	(-1, -1, -1, -1, 0)	(-1, -1, -1, -1, 0)
421:	(-1, -1, -1, -1, 0)	(-1, -1, -1, -1, 0)	(-1, -1, -1, -1, 0)	(-1, -1, -1, -1, 0)	(-1, -1, -1, -1, 0)	(-1, -1, -1, -1, 0)	(-1, -1, -1, -1, 0)	(-1, -1, -1, -1, 0)	(-1, -1, -1, -1, 0)	(-1, -1, -1, -1, 0)	(-1, -1, -1, -1, 0)	(-1, -1, -1, -1, 0)	(-1, -1, -1, -1, 0)	(-1, -1, -1, -1, 0)	(-1, -1, -1, -1, 0)	(-1, -1, -1, -1, 0)
422:	(1824, 1817, 0, 1, 1)	(2124, 1817, 0, 1, 1)	(1824, 1818, 0, 1, 1)	(2124, 1818, 0, 1, 1)	(-1, -1, -1, -1, 0)	(-1, -1, -1, -1, 0)	(-1, -1, -1, -1, 0)	(-1, -1, -1, -1, 0)	(-1, -1, -1, -1, 0)	(-1, -1, -1, -1, 0)	(-1, -1, -1, -1, 0)	(-1, -1, -1, -1, 0)	(-1, -1, -1, -1, 0)	(-1, -1, -1, -1, 0)	(-1, -1, -1, -1, 0)	(-1, -1, -1, -1, 0)
423:	(1827, -1, 2, -1, 1)	(2126, -1, 2, -1, 1)	(1829, -1, 2, -1, 1)	(2127, -1, 2, -1, 1)	(1824, 1816, 0, 1, 1)	(2124, 1816, 0, 1, 1)	(-1, -1, -1, -1, 0)	(-1, -1, -1, -1, 0)	(-1, -1, -1, -1, 0)	(-1, -1, -1, -1, 0)	(-1, -1, -1, -1, 0)	(-1, -1, -1, -1, 0)	(-1, -1, -1, -1, 0)	(-1, -1, -1, -1, 0)	(-1, -1, -1, -1, 0)	(-1, -1, -1, -1, 0)
424:	(-1, -1, -1, -1, 0)	(-1, -1, -1, -1, 0)	(-1, -1, -1, -1, 0)	(-1, -1, -1, -1, 0)	(1825, -1, 2, -1, 1)	(2125, -1, 2, -1, 1)	(-1, -1, -1, -1, 0)	(-1, -1, -1, -1, 0)	(-1, -1, -1, -1, 0)	(-1, -1, -1, -1, 0)	(-1, -1, -1, -1, 0)	(-1, -1, -1, -1, 0)	(-1, -1, -1, -1, 0)	(-1, -1, -1, -1, 0)	(-1, -1, -1, -1, 0)	(-1, -1, -1, -1, 0)
425:	(2059, 2058, 3, 1, 1)	(2060, 2058, 3, 1, 1)	(-1, -1, -1, -1, 0)	(-1, -1, -1, -1, 0)	(-1, -1, -1, -1, 0)	(-1, -1, -1, -1, 0)	(-1, -1, -1, -1, 0)	(-1, -1, -1, -1, 0)	(-1, -1, -1, -1, 0)	(-1, -1, -1, -1, 0)	(-1, -1, -1, -1, 0)	(-1, -1, -1, -1, 0)	(-1, -1, -1, -1, 0)	(-1, -1, -1, -1, 0)	(-1, -1, -1, -1, 0)	(-1, -1, -1, -1, 0)
426:	(-1, -1, -1, -1, 0)	(-1, -1, -1, -1, 0)	(-1, -1, -1, -1, 0)	(-1, -1, -1, -1, 0)	(-1, -1, -1, -1, 0)	(-1, -1, -1, -1, 0)	(-1, -1, -1, -1, 0)	(-1, -1, -1, -1, 0)	(-1, -1, -1, -1, 0)	(-1, -1, -1, -1, 0)	(-1, -1, -1, -1, 0)	(-1, -1, -1, -1, 0)	(-1, -1, -1, -1, 0)	(-1, -1, -1, -1, 0)	(-1, -1, -1, -1, 0)	(-1, -1, -1, -1, 0)
427:	(-1, -1, -1, -1, 0)	(-1, -1, -1, -1, 0)	(-1, -1, -1, -1, 0)	(-1, -1, -1, -1, 0)	(-1, -1, -1, -1, 0)	(-1, -1, -1, -1, 0)	(-1, -1, -1, -1, 0)	(-1, -1, -1, -1, 0)	(-1, -1, -1, -1, 0)	(-1, -1, -1, -1, 0)	(-1, -1, -1, -1, 0)	(-1, -1, -1, -1, 0)	(-1, -1, -1, -1, 0)	(-1, -1, -1, -1, 0)	(-1, -1, -1, -1, 0)	(-1, -1, -1, -1, 0)
428:	(1827, 1826, 3, 1, 1)	(1829, 1826, 3, 1, 1)	(2128, 2127, 3, 1, 1)	(2129, 2127, 3, 1, 1)	(-1, -1, -1, -1, 0)	(-1, -1, -1, -1, 0)	(-1, -1, -1, -1, 0)	(-1, -1, -1, -1, 0)	(-1, -1, -1, -1, 0)	(-1, -1, -1, -1, 0)	(-1, -1, -1, -1, 0)	(-1, -1, -1, -1, 0)	(-1, -1, -1, -1, 0)	(-1, -1, -1, -1, 0)	(-1, -1, -1, -1, 0)	(-1, -1, -1, -1, 0)
429:	(-1, -1, -1, -1, 0)	(-1, -1, -1, -1, 0)	(-1, -1, -1, -1, 0)	(-1, -1, -1, -1, 0)	(-1, -1, -1, -1, 0)	(-1, -1, -1, -1, 0)	(-1, -1, -1, -1, 0)	(-1, -1, -1, -1, 0)	(-1, -1, -1, -1, 0)	(-1, -1, -1, -1, 0)	(-1, -1, -1, -1, 0)	(-1, -1, -1, -1, 0)	(-1, -1, -1, -1, 0)	(-1, -1, -1, -1, 0)	(-1, -1, -1, -1, 0)	(-1, -1, -1, -1, 0)
430:	(2070, 2059, 0, 1, 1)	(2108, 2059, 0, 1, 1)	(2070, 2060, 0, 1, 1)	(2108, 2060, 0, 1, 1)	(-1, -1, -1, -1, 0)	(-1, -1, -1, -1, 0)	(-1, -1, -1, -1, 0)	(-1, -1, -1, -1, 0)	(-1, -1, -1, -1, 0)	(-1, -1, -1, -1, 0)	(-1, -1, -1, -1, 0)	(-1, -1, -1, -1, 0)	(-1, -1, -1, -1, 0)	(-1, -1, -1, -1, 0)	(-1, -1, -1, -1, 0)	(-1, -1, -1, -1, 0)
431:	(2071, -1, 2, -1, 1)	(2109, -1, 2, -1, 1)	(2074, -1, 2, -1, 1)	(2112, -1, 2, -1, 1)	(-1, -1, -1, -1, 0)	(-1, -1, -1, -1, 0)	(-1, -1, -1, -1, 0)	(-1, -1, -1, -1, 0)	(-1, -1, -1, -1, 0)	(-1, -1, -1, -1, 0)	(-1, -1, -1, -1, 0)	(-1, -1, -1, -1, 0)	(-1, -1, -1, -1, 0)	(-1, -1, -1, -1, 0)	(-1, -1, -1, -1, 0)	(-1, -1, -1, -1, 0)
432:	(-1, -1, -1, -1, 0)	(-1, -1, -1, -1, 0)	(-1, -1, -1, -1, 0)	(-1, -1, -1, -1, 0)	(-1, -1, -1, -1, 0)	(-1, -1, -1, -1, 0)	(-1, -1, -1, -1, 0)	(-1, -1, -1, -1, 0)	(-1, -1, -1, -1, 0)	(-1, -1, -1, -1, 0)	(-1, -1, -1, -1, 0)	(-1, -1, -1, -1, 0)	(-1, -1, -1, -1, 0)	(-1, -1, -1, -1, 0)	(-1, -1, -1, -1, 0)	(-1, -1, -1, -1, 0)
433:	(2199, 2128, 0, 1, 1)	(2199, 2129, 0, 1, 1)	(-1, -1, -1, -1, 0)	(-1, -1, -1, -1, 0)	(-1, -1, -1, -1, 0)	(-1, -1, -1, -1, 0)	(-1, -1, -1, -1, 0)	(-1, -1, -1, -1, 0)	(-1, -1, -1, -1, 0)	(-1, -1, -1, -1, 0)	(-1, -1, -1, -1, 0)	(-1, -1, -1, -1, 0)	(-1, -1, -1, -1, 0)	(-1, -1, -1, -1, 0)	(-1, -1, -1, -1, 0)	(-1, -1, -1, -1, 0)
434:	(2202, -1, 2, -1, 1)	(2203, -1, 2, -1, 1)	(-1, -1, -1, -1, 0)	(-1, -1, -1, -1, 0)	(-1, -1, -1, -1, 0)	(-1, -1, -1, -1, 0)	(-1, -1, -1, -1, 0)	(-1, -1, -1, -1, 0)	(-1, -1, -1, -1, 0)	(-1, -1, -1, -1, 0)	(-1, -1, -1, -1, 0)	(-1, -1, -1, -1, 0)	(-1, -1, -1, -1, 0)	(-1, -1, -1, -1, 0)	(-1, -1, -1, -1, 0)	(-1, -1, -1, -1, 0)
435:	(-1, -1, -1, -1, 0)	(-1, -1, -1, -1, 0)	(-1, -1, -1, -1, 0)	(-1, -1, -1, -1, 0)	(-1, -1, -1, -1, 0)	(-1, -1, -1, -1, 0)	(-1, -1, -1, -1, 0)	(-1, -1, -1, -1, 0)	(-1, -1, -1, -1, 0)	(-1, -1, -1, -1, 0)	(-1, -1, -1, -1, 0)	(-1, -1, -1, -1, 0)	(-1, -1, -1, -1, 0)	(-1, -1, -1, -1, 0)	(-1, -1, -1, -1, 0)	(-1, -1, -1, -1, 0)
436:	(2072, 2071, 3, 1, 1)	(2073, 2071, 3, 1, 1)	(2074, 2071, 3, 1, 1)	(-1, -1, -1, -1, 0)	(-1, -1, -1, -1, 0)	(-1, -1, -1, -1, 0)	(-1, -1, -1, -1, 0)	(-1, -1, -1, -1, 0)	(-1, -1, -1, -1, 0)	(-1, -1, -1, -1, 0)	(-1, -1, -1, -1, 0)	(-1, -1, -1, -1, 0)	(-1, -1, -1, -1, 0)	(-1, -1, -1, -1, 0)	(-1, -1, -1, -1, 0)	(-1, -1, -1, -1, 0)
437:	(-1, -1, -1, -1, 0)	(-1, -1, -1, -1, 0)	(-1, -1, -1, -1, 0)	(-1, -1, -1, -1, 0)	(-1, -1, -1, -1, 0)	(-1, -1, -1, -1, 0)	(-1, -1, -1, -1, 0)	(-1, -1, -1, -1, 0)	(-1, -1, -1, -1, 0)	(-1, -1, -1, -1, 0)	(-1, -1, -1, -1, 0)	(-1, -1, -1, -1, 0)	(-1, -1, -1, -1, 0)	(-1, -1, -1, -1, 0)	(-1, -1, -1, -1, 0)	(-1, -1, -1, -1, 0)
438:	(-1, -1, -1, -1, 0)	(-1, -1, -1, -1, 0)	(-1, -1, -1, -1, 0)	(-1, -1, -1, -1, 0)	(-1, -1, -1, -1, 0)	(-1, -1, -1, -1, 0)	(-1, -1, -1, -1, 0)	(-1, -1, -1, -1, 0)	(-1, -1, -1, -1, 0)	(-1, -1, -1, -1, 0)	(-1, -1, -1, -1, 0)	(-1, -1, -1, -1, 0)	(-1, -1, -1, -1, 0)	(-1, -1, -1, -1, 0)	(-1, -1, -1, -1, 0)	(-1, -1, -1, -1, 0)
439:	(2204, 2203, 3, 1, 1)	(2205, 2203, 3, 1, 1)	(-1, -1, -1, -1, 0)	(-1, -1, -1, -1, 0)	(-1, -1, -1, -1, 0)	(-1, -1, -1, -1, 0)	(-1, -1, -1, -1, 0)	(-1, -1, -1, -1, 0)	(-1, -1, -1, -1, 0)	(-1, -1, -1, -1, 0)	(-1, -1, -1, -1, 0)	(-1, -1, -1, -1, 0)	(-1, -1, -1, -1, 0)	(-1, -1, -1, -1, 0)	(-1, -1, -1, -1, 0)	(-1, -1, -1, -1, 0)
440:	(-1, -1, -1, -1, 0)	(-1, -1, -1, -1, 0)	(-1, -1, -1, -1, 0)	(-1, -1, -1, -1, 0)	(-1, -1, -1, -1, 0)	(-1, -1, -1, -1, 0)	(-1, -1, -1, -1, 0)	(-1, -1, -1, -1, 0)	(-1, -1, -1, -1, 0)	(-1, -1, -1, -1, 0)	(-1, -1, -1, -1, 0)	(-1, -1, -1, -1, 0)	(-1, -1, -1, -1, 0)	(-1, -1, -1, -1, 0)	(-1, -1, -1, -1, 0)	(-1, -1, -1, -1, 0)
441:	(2082, 2072, 0, 1, 1)	(2092, 2072, 0, 1, 1)	(2109, 2072, 0, 1, 1)	(2082, 2073, 0, 1, 1)	(2092, 2073, 0, 1, 1)	(2109, 2073, 0, 1, 1)	(2082, 2074, 0, 1, 1)	(2092, 2074, 0, 1, 1)	(2109, 2074, 0, 1, 1)	(-1, -1, -1, -1, 0)	(-1, -1, -1, -1, 0)	(-1, -1, -1, -1, 0)	(-1, -1, -1, -1, 0)	(-1, -1, -1, -1, 0)	(-1, -1, -1, -1, 0)	(-1, -1, -1, -1, 0)
442:	(2083, -1, 2, -1, 1)	(2093, -1, 2, -1, 1)	(2110, -1, 2, -1, 1)	(2084, -1, 2, -1, 1)	(2094, -1, 2, -1, 1)	(2111, -1, 2, -1, 1)	(2085, -1, 2, -1, 1)	(2095, -1, 2, -1, 1)	(2112, -1, 2, -1, 1)	(-1, -1, -1, -1, 0)	(-1, -1, -1, -1, 0)	(-1, -1, -1, -1, 0)	(-1, -1, -1, -1, 0)	(-1, -1, -1, -1, 0)	(-1, -1, -1, -1, 0)	(-1, -1, -1, -1, 0)
443:	(-1, -1, -1, -1, 0)	(-1, -1, -1, -1, 0)	(-1, -1, -1, -1, 0)	(-1, -1, -1, -1, 0)	(-1, -1, -1, -1, 0)	(-1, -1, -1, -1, 0)	(-1, -1, -1, -1, 0)	(-1, -1, -1, -1, 0)	(-1, -1, -1, -1, 0)	(-1, -1, -1, -1, 0)	(-1, -1, -1, -1, 0)	(-1, -1, -1, -1, 0)	(-1, -1, -1, -1, 0)	(-1, -1, -1, -1, 0)	(-1, -1, -1, -1, 0)	(-1, -1, -1, -1, 0)
444:	(2216, 2204, 0, 1, 1)	(2233, 2204, 0, 1, 1)	(2216, 2205, 0, 1, 1)	(2233, 2205, 0, 1, 1)	(-1, -1, -1, -1, 0)	(-1, -1, -1, -1, 0)	(-1, -1, -1, -1, 0)	(-1, -1, -1, -1, 0)	(-1, -1, -1, -1, 0)	(-1, -1, -1, -1, 0)	(-1, -1, -1, -1, 0)	(-1, -1, -1, -1, 0)	(-1, -1, -1, -1, 0)	(-1, -1, -1, -1, 0)	(-1, -1, -1, -1, 0)	(-1, -1, -1, -1, 0)
445:	(2217, -1, 2, -1, 1)	(2234, -1, 2, -1, 1)	(2218, -1, 2, -1, 1)	(2235, -1, 2, -1, 1)	(-1, -1, -1, -1, 0)	(-1, -1, -1, -1, 0)	(-1, -1, -1, -1, 0)	(-1, -1, -1, -1, 0)	(-1, -1, -1, -1, 0)	(-1, -1, -1, -1, 0)	(-1, -1, -1, -1, 0)	(-1, -1, -1, -1, 0)	(-1, -1, -1, -1, 0)	(-1, -1, -1, -1, 0)	(-1, -1, -1, -1, 0)	(-1, -1, -1, -1, 0)
446:	(-1, -1, -1, -1, 0)	(-1, -1, -1, -1, 0)	(-1, -1, -1, -1, 0)	(-1, -1, -1, -1, 0)	(-1, -1, -1, -1, 0)	(-1, -1, -1, -1, 0)	(-1, -1, -1, -1, 0)	(-1, -1, -1, -1, 0)	(-1, -1, -1, -1, 0)	(-1, -1, -1, -1, 0)	(-1, -1, -1, -1, 0)	(-1, -1, -1, -1, 0)	(-1, -1, -1, -1, 0)	(-1, -1, -1, -1, 0)	(-1, -1, -1, -1, 0)	(-1, -1, -1, -1, 0)
447:	(2084, 2083, 3, 1, 1)	(2085, 2083, 3, 1, 1)	(-1, -1, -1, -1, 0)	(-1, -1, -1, -1, 0)	(-1, -1, -1, -1, 0)	(-1, -1, -1, -1, 0)	(-1, -1, -1, -1, 0)	(-1, -1, -1, -1, 0)	(-1, -1, -1, -1, 0)	(-1, -1, -1, -1, 0)	(-1, -1, -1, -1, 0)	(-1, -1, -1, -1, 0)	(-1, -1, -1, -1, 0)	(-1, -1, -1, -1, 0)	(-1, -1, -1, -1, 0)	(-1, -1, -1, -1, 0)
448:	(-1, -1, -1, -1, 0)	(-1, -1, -1, -1, 0)	(-1, -1, -1, -1, 0)	(-1, -1, -1, -1, 0)	(-1, -1, -1, -1, 0)	(-1, -1, -1, -1, 0)	(-1, -1, -1, -1, 0)	(-1, -1, -1, -1, 0)	(-1, -1, -1, -1, 0)	(-1, -1, -1, -1, 0)	(-1, -1, -1, -1, 0)	(-1, -1, -1, -1, 0)	(-1, -1, -1, -1, 0)	(-1, -1, -1, -1, 0)	(-1, -1, -1, -1, 0)	(-1, -1, -1, -1, 0)
449:	(-1, -1, -1, -1, 0)	(-1, -1, -1, -1, 0)	(-1, -1, -1, -1, 0)	(-1, -1, -1, -1, 0)	(-1, -1, -1, -1, 0)	(-1, -1, -1, -1, 0)	(-1, -1, -1, -1, 0)	(-1, -1, -1, -1, 0)	(-1, -1, -1, -1, 0)	(-1, -1, -1, -1, 0)	(-1, -1, -1, -1, 0)	(-1, -1, -1, -1, 0)	(-1, -1, -1, -1, 0)	(-1, -1, -1, -1, 0)	(-1, -1, -1, -1, 0)	(-1, -1, -1, -1, 0)
450:	(2218, 2217, 3, 1, 1)	(2219, 2217, 3, 1, 1)	(-1, -1, -1, -1, 0)	(-1, -1, -1, -1, 0)	(-1, -1, -1, -1, 0)	(-1, -1, -1, -1, 0)	(-1, -1, -1, -1, 0)	(-1, -1, -1, -1, 0)	(-1, -1, -1, -1, 0)	(-1, -1, -1, -1, 0)	(-1, -1, -1, -1, 0)	(-1, -1, -1, -1, 0)	(-1, -1, -1, -1, 0)	(-1, -1, -1, -1, 0)	(-1, -1, -1, -1, 0)	(-1, -1, -1, -1, 0)
451:	(-1, -1, -1, -1, 0)	(-1, -1, -1, -1, 0)	(-1, -1, -1, -1, 0)	(-1, -1, -1, -1, 0)	(-1, -1, -1, -1, 0)	(-1, -1, -1, -1, 0)	(-1, -1, -1, -1, 0)	(-1, -1, -1, -1, 0)	(-1, -1, -1, -1, 0)	(-1, -1, -1, -1, 0)	(-1, -1, -1, -1, 0)	(-1, -1, -1, -1, 0)	(-1, -1, -1, -1, 0)	(-1, -1, -1, -1, 0)	(-1, -1, -1, -1, 0)	(-1, -1, -1, -1, 0)
452:	(2093, 2084, 0, 1, 1)	(2110, 2084, 0, 1, 1)	(2093, 2085, 0, 1, 1)	(2110, 2085, 0, 1, 1)	(-1, -1, -1, -1, 0)	(-1, -1, -1, -1, 0)	(-1, -1, -1, -1, 0)	(-1, -1, -1, -1, 0)	(-1, -1, -1, -1, 0)	(-1, -1, -1, -1, 0)	(-1, -1, -1, -1, 0)	(-1, -1, -1, -1, 0)	(-1, -1, -1, -1, 0)	(-1, -1, -1, -1, 0)	(-1, -1, -1, -1, 0)	(-1, -1, -1, -1, 0)
453:	(2094, -1, 2, -1, 1)	(2111, -1, 2, -1, 1)	(2095, -1, 2, -1, 1)	(2112, -1, 2, -1, 1)	(-1, -1, -1, -1, 0)	(-1, -1, -1, -1, 0)	(-1, -1, -1, -1, 0)	(-1, -1, -1, -1, 0)	(-1, -1, -1, -1, 0)	(-1, -1, -1, -1, 0)	(-1, -1, -1, -1, 0)	(-1, -1, -1, -1, 0)	(-1, -1, -1, -1, 0)	(-1, -1, -1, -1, 0)	(-1, -1, -1, -1, 0)	(-1, -1, -1, -1, 0)
454:	(-1, -1, -1, -1, 0)	(-1, -1, -1, -1, 0)	(-1, -1, -1, -1, 0)	(-1, -1, -1, -1, 0)	(-1, -1, -1, -1, 0)	(-1, -1, -1, -1, 0)	(-1, -1, -1, -1, 0)	(-1, -1, -1, -1, 0)	(-1, -1, -1, -1, 0)	(-1, -1, -1, -1, 0)	(-1, -1, -1, -1, 0)	(-1, -1, -1, -1, 0)	(-1, -1, -1, -1, 0)	(-1, -1, -1, -1, 0)	(-1, -1, -1, -1, 0)	(-1, -1, -1, -1, 0)
455:	(2234, 2218, 0, 1, 1)	(2245, 2218, 0, 1, 1)	(2234, 2219, 0, 1, 1)	(2245, 2219, 0, 1, 1)	(-1, -1, -1, -1, 0)	(-1, -1, -1, -1, 0)	(-1, -1, -1, -1, 0)	(-1, -1, -1, -1, 0)	(-1, -1, -1, -1, 0)	(-1, -1, -1, -1, 0)	(-1, -1, -1, -1, 0)	(-1, -1, -1, -1, 0)	(-1, -1, -1, -1, 0)	(-1, -1, -1, -1, 0)	(-1, -1, -1, -1, 0)	(-1, -1, -1, -1, 0)
456:	(2235, -1, 2, -1, 1)	(2246, -1, 2, -1, 1)	(2236, -1, 2, -1, 1)	(2247, -1, 2, -1, 1)	(-1, -1, -1, -1, 0)	(-1, -1, -1, -1, 0)	(-1, -1, -1, -1, 0)	(-1, -1, -1, -1, 0)	(-1, -1, -1, -1, 0)	(-1, -1, -1, -1, 0)	(-1, -1, -1, -1, 0)	(-1, -1, -1, -1, 0)	(-1, -1, -1, -1, 0)	(-1, -1, -1, -1, 0)	(-1, -1, -1, -1, 0)	(-1, -1, -1, -1, 0)
457:	(-1, -1, -1, -1, 0)	(-1, -1, -1, -1, 0)	(-1, -1, -1, -1, 0)	(-1, -1, -1, -1, 0)	(-1, -1, -1, -1, 0)	(-1, -1, -1, -1, 0)	(-1, -1, -1, -1, 0)	(-1, -1, -1, -1, 0)	(-1, -1, -1, -1, 0)	(-1, -1, -1, -1, 0)	(-1, -1, -1, -1, 0)	(-1, -1, -1, -1, 0)	(-1, -1, -1, -1, 0)	(-1, -1, -1, -1, 0)	(-1, -1, -1, -1, 0)	(-1, -1, -1, -1, 0)
458:	(2095, 2094, 3, 1, 1)	(-1, -1, -1, -1, 0)	(-1, -1, -1, -1, 0)	(-1, -1, -1, -1, 0)	(-1, -1, -1, -1, 0)	(-1, -1, -1, -1, 0)	(-1, -1, -1, -1, 0)	(-1, -1, -1, -1, 0)	(-1, -1, -1, -1, 0)	(-1, -1, -1, -1, 0)	(-1, -1, -1, -1, 0)	(-1, -1, -1, -1, 0)	(-1, -1, -1, -1, 0)	(-1, -1, -1, -1, 0)	(-1, -1, -1, -1, 0)	(-1, -1, -1, -1, 0)
459:	(-1, -1, -1, -1, 0)	(-1, -1, -1, -1, 0)	(-1, -1, -1, -1, 0)	(-1, -1, -1, -1, 0)	(-1, -1, -1, -1, 0)	(-1, -1, -1, -1, 0)	(-1, -1, -1, -1, 0)	(-1, -1, -1, -1, 0)	(-1, -1, -1, -1, 0)	(-1, -1, -1, -1, 0)	(-1, -1, -1, -1, 0)	(-1, -1, -1, -1, 0)	(-1, -1, -1, -1, 0)	(-1, -1, -1, -1, 0)	(-1, -1, -1, -1, 0)	(-1, -1, -1, -1, 0)
460:	(-1, -1, -1, -1, 0)	(-1, -1, -1, -1, 0)	(-1, -1, -1, -1, 0)	(-1, -1, -1, -1, 0)	(-1, -1, -1, -1, 0)	(-1, -1, -1, -1, 0)	(-1, -1, -1, -1, 0)	(-1, -1, -1, -1, 0)	(-1, -1, -1, -1, 0)	(-1, -1, -1, -1, 0)	(-1, -1, -1, -1, 0)	(-1, -1, -1, -1, 0)	(-1, -1, -1, -1, 0)	(-1, -1, -1, -1, 0)	(-1, -1, -1, -1, 0)	(-1, -1, -1, -1, 0)
461:	(2236, 2235, 3, 1, 1)	(-1, -1, -1, -1, 0)	(-1, -1, -1, -1, 0)	(-1, -1, -1, -1, 0)	(-1, -1, -1, -1, 0)	(-1, -1, -1, -1, 0)	(-1, -1, -1, -1, 0)	(-1, -1, -1, -1, 0)	(-1, -1, -1, -1, 0)	(-1, -1, -1, -1, 0)	(-1, -1, -1, -1, 0)	(-1, -1, -1, -1, 0)	(-1, -1, -1, -1, 0)	(-1, -1, -1, -1, 0)	(-1, -1, -1, -1, 0)	(-1, -1, -1, -1, 0)
462:	(-1, -1, -1, -1, 0)	(-1, -1, -1, -1, 0)	(-1, -1, -1, -1, 0)	(-1, -1, -1, -1, 0)	(-1, -1, -1, -1, 0)	(-1, -1, -1, -1, 0)	(-1, -1, -1, -1, 0)	(-1, -1, -1, -1, 0)	(-1, -1, -1, -1, 0)	(-1, -1, -1, -1, 0)	(-1, -1, -1, -1, 0)	(-1, -1, -1, -1, 0)	(-1, -1, -1, -1, 0)	(-1, -1, -1, -1, 0)	(-1, -1, -1, -1, 0)	(-1, -1, -1, -1, 0)
463:	(2111, 2095, 0, 1, 1)	(-1, -1, -1, -1, 0)	(-1, -1, -1, -1, 0)	(-1, -1, -1, -1, 0)	(-1, -1, -1, -1, 0)	(-1, -1, -1, -1, 0)	(-1, -1, -1, -1, 0)	(-1, -1, -1, -1, 0)	(-1, -1, -1, -1, 0)	(-1, -1, -1, -1, 0)	(-1, -1, -1, -1, 0)	(-1, -1, -1, -1, 0)	(-1, -1, -1, -1, 0)	(-1, -1, -1, -1, 0)	(-1, -1, -1, -1, 0)	(-1, -1, -1, -1, 0)
464:	(2112, -1, 2, -1, 1)	(-1, -1, -1, -1, 0)	(-1, -1, -1, -1, 0)	(-1, -1, -1, -1, 0)	(-1, -1, -1, -1, 0)	(-1, -1, -1, -1, 0)	(-1, -1, -1, -1, 0)	(-1, -1, -1, -1, 0)	(-1, -1, -1, -1, 0)	(-1, -1, -1, -1, 0)	(-1, -1, -1, -1, 0)	(-1, -1, -1, -1, 0)	(-1, -1, -1, -1, 0)	(-1, -1, -1, -1, 0)	(-1, -1, -1, -1, 0)	(-1, -1, -1, -1, 0)
465:	(-1, -1, -1, -1, 0)	(-1, -1, -1, -1, 0)	(-1, -1, -1, -1, 0)	(-1, -1, -1, -1, 0)	(-1, -1, -1, -1, 0)	(-1, -1, -1, -1, 0)	(-1, -1, -1, -1, 0)	(-1, -1, -1, -1, 0)	(-1, -1, -1, -1, 0)	(-1, -1, -1, -1, 0)	(-1, -1, -1, -1, 0)	(-1, -1, -1, -1, 0)	(-1, -1, -1, -1, 0)	(-1, -1, -1, -1, 0)	(-1, -1, -1, -1, 0)	(-1, -1, -1, -1, 0)
466:	(2246, 2236, 0, 1, 1)	(-1, -1, -1, -1, 0)	(-1, -1, -1, -1, 0)	(-1, -1, -1, -1, 0)	(-1, -1, -1, -1, 0)	(-1, -1, -1, -1, 0)	(-1, -1, -1, -1, 0)	(-1, -1, -1, -1, 0)	(-1, -1, -1, -1, 0)	(-1, -1, -1, -1, 0)	(-1, -1, -1, -1, 0)	(-1, -1, -1, -1, 0)	(-1, -1, -1, -1, 0)	(-1, -1, -1, -1, 0)	(-1, -1, -1, -1, 0)	(-1, -1, -1, -1, 0)
467:	(2247, -1, 2, -1, 1)	(-1, -1, -1, -1, 0)	(-1, -1, -1, -1, 0)	(-1, -1, -1, -1, 0)	(-1, -1, -1, -1, 0)	(-1, -1, -1, -1, 0)	(-1, -1, -1, -1, 0)	(-1, -1, -1, -1, 0)	(-1, -1, -1, -1, 0)	(-1, -1, -1, -1, 0)	(-1, -1, -1, -1, 0)	(-1, -1, -1, -1, 0)	(-1, -1, -1, -1, 0)	(-1, -1, -1, -1, 0)	(-1, -1, -1, -1, 0)	(-1, -1, -1, -1, 0)
468:	(-1, -1, -1, -1, 0)	(-1, -1, -1, -1, 0)	(-1, -1, -1, -1, 0)	(-1, -1, -1, -1, 0)	(-1, -1, -1, -1, 0)	(-1, -1, -1, -1, 0)	(-1, -1, -1, -1, 0)	(-1, -1, -1, -1, 0)	(-1, -1, -1, -1, 0)	(-1, -1, -1, -1, 0)	(-1, -1, -1, -1, 0)	(-1, -1, -1, -1, 0)	(-1, -1, -1, -1, 0)	(-1, -1, -1, -1, 0)	(-1, -1, -1, -1, 0)	(-1, -1, -1, -1, 0)
-100000 / 100000 = -1
-1.18e-30 / 100000 = -1.18e-35
1 / -1 = -1
1 / -3635.14 = -0.000275093
18.1818 / 1 = 18.1818
-18.1818 / 1 = -18.1818
-1 / 1 = -1
-310.078 / -1 = 310.078
-100000 / 100000 = -1
-1.18e-30 / 100000 = -1.18e-35
1 / -1 = -1
1 / -3635.14 = -0.000275093
-1 / 1 = -1
-4 / 1 = -4
1 / -1 = -1
18.1818 / 1 = 18.1818
-1.2987 / 1 = -1.2987
-1705.43 / -1 = 1705.43
-4 / 8 = -0.5
-0.115915 / 0.126415 = -0.91694
-0.0005 / 0.126415 = -0.00395524
-8.89838 / 100009 = -8.89759e-05
-100000 / 100009 = -0.999911
-31.7901 / 100032 = -0.0003178
-100000 / 100032 = -0.999682
-100000 / 100000 = -1
1 / -3635.14 = -0.000275093
1 / -1 = -1
1 / -3635.14 = -0.000275093
-1 / 1 = -1
-31.7901 / 100032 = -0.0003178
-1000 / 1000.01 = -0.999994
-465.116 / 1 = -465.116
-1 / 1 = -1
-1.18e-30 / 100000 = -1.18e-35
-100000 / 100000 = -0.999998
-3635.14 / 1 = -3635.14
8.33333 / 1 = 8.33333
-8.33333 / 1 = -8.33333
-1 / 1 = -1
8.33958 / 1 = 8.33958
-2e-31 / 1 = -2e-31
-100000 / 100000 = -1
-1.18e-30 / 100000 = -1.18e-35
-0.115915 / 0.126415 = -0.91694
-0.0005 / 0.126415 = -0.00395524
-100000 / 100032 = -0.999682
-100 / 100 = -1
-18.1818 / 1 = -18.1818
-1 / 1 = -1
-310.078 / -1 = 310.078
-1.18e-30 / 100000 = -1.18e-35
-100000 / 100000 = -1
-1.2987 / 1 = -1.2987
-100000 / 100000 = -1
-1.18e-30 / 100000 = -1.18e-35
-100000 / 100000 = -0.999998
-1 / 1 = -1
-4.96256e-07 / 1000 = -4.96254e-10
-0.00365244 / 1000 = -3.65243e-06
-1000 / 2000 = -0.5
-1000 / 1000 = -0.999999
-0.052129 / 1000.05 = -5.21263e-05
-1000 / 1000 = -1
-1705.43 / -1 = 1705.43
-4 / 1 = -4
-4 / 8 = -0.5
-8.89838 / 100009 = -8.89759e-05
-100000 / 100009 = -0.999911
8.33958 / 1 = 8.33958
-1000 / 1000 = -0.999996
-1000 / 1000.07 = -0.999933
-1.40235e-16 / 1000 = -1.40235e-19
-1000 / 1000.07 = -0.999933
-0.0666667 / 1000.07 = -6.66622e-05
-6.84013e-07 / 1000.01 = -6.84008e-10
0.349276 / 1000.35 = 0.000349154
-1e-12 / 100 = -1e-14
-21.8179 / 21.8267 = -0.999596
-465.116 / 1 = -465.116
-1 / 1 = -1
-3635.14 / 1 = -3635.14
8.33333 / 1 = 8.33333
-8.33333 / 1 = -8.33333
-2e-31 / 1 = -2e-31
-1000 / 2000 = -0.5
-2.27179e-07 / 1000 = -2.27178e-10
-1000 / 1000 = -1
-0.00640236 / 1000.01 = -6.40232e-06
-1000 / 1000.01 = -0.999994
-5.56934e-06 / 1000.05 = -5.56905e-09
-0.052129 / 1000.05 = -5.21263e-05
-1000 / 2000 = -0.5
-3.86179e-12 / 0.379795 = -1.01681e-11
-1.40235e-16 / 1000 = -1.40235e-19
-1.41955e-16 / 1000 = -1.41955e-19
-1.04479e-12 / 1000 = -1.04479e-15
-1.03213e-12 / 1000 = -1.03213e-15
-1000 / 1000 = -1
-0.00167203 / 1000 = -1.67203e-06
-1000 / 1000 = -0.999999
-0.00149685 / 1000 = -1.49685e-06
0.00149664 / 1000 = 1.49664e-06
-1000 / 1000 = -1
-0.379795 / 0.391526 = -0.970036
-0.0117315 / 0.391526 = -0.0299636
-0.01 / 0.01 = -1
-1.33378e-07 / 1000 = -1.33378e-10
-0.257971 / 0.757971 = -0.340344
-1000 / 1000 = -1
-1 / 1 = -1
-0.00640236 / 1000.01 = -6.40232e-06
-6.84013e-07 / 1000.01 = -6.84008e-10
2.04243e-07 / 1000.05 = 2.04232e-10
-0.0524564 / 1000.05 = -5.24536e-05
-1000 / 1000.05 = -0.999948
-1000 / 1000.05 = -0.999948
-5.56934e-06 / 1000.05 = -5.56905e-09
-1000 / 1000.05 = -0.999948
-0.698753 / 1000.35 = -0.000698509
-0.01 / 0.0100102 = -0.998979
-4.99012e-08 / 1000 = -4.99012e-11
3.20513 / 1 = 3.20513
-0.000333333 / 0.000333533 = -0.9994
-1.41955e-16 / 1000 = -1.41955e-19
-1000 / 1000.01 = -0.999994
-21.8179 / 21.8267 = -0.999596
-1000 / 1000.35 = -0.999651
-1000 / 2000 = -0.5
-0.00424862 / 1.43282 = -0.00296522
-0.379795 / 0.379795 = -1
-1000 / 2000 = -0.5
-1.00082e-12 / 0.01 = -1.00082e-10
-1 / 1 = -1
-1.18986e-12 / 1 = -1.18986e-12
-9.02095e-05 / 21.8267 = -4.13298e-06
-3.20513 / 1 = -3.20513
-1 / 1 = -1
-0.0172414 / 1 = -0.0172414
-2e-07 / 0.0002002 = -0.000999001
-3.20513 / 1 = -3.20513
-2.40228e-12 / 0.01 = -2.40228e-10
-1000 / 2000 = -0.5
-0.000981934 / 21.9246 = -4.47869e-05
-0.105657 / 21.9246 = -0.00481913
-1e-12 / 0.0143885 = -6.95e-11
-1.12445e-10 / 70.922 = -1.58547e-12
-0.00872319 / 21.8267 = -0.000399656
-1 / 1 = -1
-2 / 1 = -2
3.20513 / 1 = 3.20513
-1 / 1 = -1
-3.85959e-12 / 0.379795 = -1.01623e-11
-0.000606061 - -1.2987 * -1 = -1.29931
31.7901 - -31.7901 * -0.0003178 = 31.78
-3.33333e-05 - -100000 * -1.18e-35 = -3.33333e-05
1 / 100000 = 1e-05
-100000 / 100000 = -1
-17.8891 / 17.8891 = -1
-1.3538e-07 / 17.8891 = -7.56776e-09
-0.0232999 / 0.0380804 = -0.61186
0.0193577 / 0.0380804 = 0.508338
-0.0341383 / 0.0380804 = -0.896479
-1.1274e-05 / 0.000165357 = -0.0681794
-0.5 / 2.5 = -0.2
-0.257971 / 0.757971 = -0.340344
-1.03213e-12 / 1000 = -1.03213e-15
-1000 / 1000 = -1
-0.0521277 / 1000.05 = -5.2125e-05
-2 / 1 = -2
-0.5 / 2.5 = -0.2
-1e-12 / 6.01288 = -1.6631e-13
-24.8995 / 1 = -24.8995
-691.489 / 1 = -691.489
-1 / 1 = -1
0.00641026 / 1 = 0.00641026
-1 / 1 = -1
-1 / 1 = -1
-0.00167205 / 1000 = -1.67205e-06
-2.27181e-07 / 1000 = -2.27181e-10
2.04278e-07 / 1000.05 = 2.04267e-10
-0.01 / 0.0100102 = -0.99898
1 / -24.8995 = -0.0401614
-6.99791e-08 / 26.9179 = -2.59972e-09
-7.69231e-05 - -100000 * -1.18e-35 = -7.69231e-05
1 / -1 = -1
-0.00641026 / 1 = -0.00641026
1 / -24.8995 = -0.0401614
1 / -24.8995 = -0.0401614
-22553.2 / -1 = 22553.2
-1e-12 / 6.01288 = -1.6631e-13
-0.00640227 / 1000.01 = -6.40223e-06
-6.84004e-07 / 1000.01 = -6.83999e-10
-1000 / 1000.01 = -0.999994
-6.84004e-07 / 1000.01 = -6.83999e-10
-0.00640227 / 1000.01 = -6.40223e-06
-1000 / 1000 = -0.999999
-1 / 1 = -1
-1 / 1 = -1
0 - -31.7901 * -0.999682 = -31.78
-1000 / 1000 = -1
-24.8995 / 1 = -24.8995
-691.489 / 1 = -691.489
-1000 / 2000 = -0.5
-1000 / 1000 = -1
-1000 / 1000.05 = -0.999948
-5.5692e-06 / 1000.05 = -5.56891e-09
-1000 / 1000.05 = -0.999948
-1000 / 2000 = -0.5
-0.379795 / 0.379795 = -1
0.00641026 / 1 = 0.00641026
-0.00641026 / 1 = -0.00641026
-2325.58 / 1 = -2325.58
0.052129 - -0.0521346 * -5.21263e-05 = 0.0521263
0 - -1000 * -5.21263e-05 = -0.0521263
-4.96247e-07 / 1000 = -4.96245e-10
-0.00365238 / 1000 = -3.65237e-06
-1000 / 1000 = -0.999996
-1000 / 1000.07 = -0.999933
-1.04479e-12 / 1000 = -1.04479e-15
-1000 / 1000.07 = -0.999933
-0.0666667 / 1000.07 = -6.66622e-05
-1000 / 1000 = -0.999999
-1.00082e-12 / 0.01 = -1.00082e-10
-0.01 / 0.01 = -1
-0.000981936 / 21.9246 = -4.4787e-05
-0.105657 / 21.9246 = -0.00481913
-17.8891 / 17.8891 = -1
0 - 1 * -1 = 1
-1000 / 2000 = -0.5
-0.0524401 / 1000.05 = -5.24373e-05
-0.0521277 / 1000.05 = -5.2125e-05
-5.5692e-06 / 1000.05 = -5.56891e-09
-1000 / 1000.05 = -0.999948
-0.698728 / 1000.35 = -0.000698484
0.349245 / 1000.35 = 0.000349123
-1000 / 1000.35 = -0.999651
-1000 / 1000 = -1
-0.714286 / 1 = -0.714286
-100000 / 1 = -100000
-1 / 1 = -1
-0.714286 / 1 = -0.714286
-0.0142857 - -1 * -18.1818 = -18.1961
-3.33333e-05 - -1.18e-30 * -1 = -3.33333e-05
-0.00149684 / 1000 = -1.49684e-06
0.00149663 / 1000 = 1.49663e-06
-1000 / 1000 = -1
-1000 / 2000 = -0.5
-0.00424848 / 1.43282 = -0.00296512
-0.379795 / 0.391556 = -0.969963
-0.0117613 / 0.391556 = -0.0300374
-1e-12 / 0.0143885 = -6.95e-11
-1.33378e-07 / 1000 = -1.33378e-10
-0.000333333 / 0.000333533 = -0.9994
200000 - -100000 * -1 = 100000
-0.000606061 - -1 * -1.2987 = -1.29931
31.7901 - -31.7901 * -0.0003178 = 31.78
-1 - 3634.14 * -0.000275093 = -0.000275135
-2.4023e-12 / 0.01 = -2.4023e-10
-1000 / 2000 = -0.5
-1000 / 2000 = -0.5
-9.02095e-05 / 21.8267 = -4.13298e-06
-0.00872319 / 21.8267 = -0.000399656
1 / -24.8995 = -0.0401614
-2325.58 / 1 = -2325.58
-1 / 1 = -1
-6.99791e-08 / 26.9179 = -2.59972e-09
0 - 1.2987 * -1 = 1.2987
0 - -1 * 18.1818 = 18.1818
0 - -100000 * -0.0003178 = -31.78
-1e-12 / 100 = -1e-14
-100 / 100 = -1
-1.18986e-12 / 1 = -1.18986e-12
-4.99012e-08 / 1000 = -4.99012e-11
-0.0232999 / 0.0380804 = -0.61186
0.0193577 / 0.0380804 = 0.508338
-3635.14 / 1 = -3635.14
0 - -100000 * -0.0003178 = -31.78
200000 - -100000 * -1 = 100000
-3.33333e-05 - -100000 * -1.18e-35 = -3.33333e-05
100000 - -0.0005 * -0.00395524 = 100000
-2.46305e-06 - -1.18e-30 * -1 = -2.46305e-06
200000 - -100000 * -1 = 100000
1 / 100000 = 1e-05
-100000 / 100000 = -1
-1.12445e-10 / 70.922 = -1.58547e-12
1 / -1 = -1
-3635.14 / 1 = -3635.14
-100000 / 1 = -100000
-2.46305e-06 - -1.18e-30 * -1 = -2.46305e-06
100001 - -1.18e-30 * -1.18e-35 = 100001
0 - 1 * -1 = 1
-7.69231e-05 - -1.18e-30 * -1 = -7.69231e-05
-1.3538e-07 / 17.8891 = -7.56776e-09
-0.0341383 / 0.0380804 = -0.896479
-22553.2 / -1 = 22553.2
-1.18e-30 / 100000 = -1.18e-35
-7.69231e-05 - -1.18e-30 * -1 = -7.69231e-05
100000 - -1.18e-30 * -1.18e-35 = 100000
-1 - 3634.14 * -0.000275093 = -0.000275135
0 - -1 * 18.1818 = 18.1818
0 - -31.7901 * -0.999682 = -31.78
-0.0142857 - -18.1818 * -1 = -18.1961
1000.07 - -1000 * -0.999933 = 0.137146
-1.00149e-12 - -1.00149e-12 * -1.40235e-19 = -1.00149e-12
-1.1274e-05 / 0.000165357 = -0.0681794
-100000 / 100000 = -1
-1.18e-30 / 100000 = -1.18e-35
200000 - -100000 * -1 = 100000
-1 - 3634.14 * -0.000275093 = -0.000275135
0 - 1.2987 * -1 = 1.2987
0 - -1 * 8.33333 = 8.33333
-1 / 1 = -1
0 - 1 * -0.000275093 = 0.000275093
0 - 1 * -1 = 1
-0.000606061 - -1.2987 * -1 = -1.29931
4.01 - -4 * -0.5 = 2.01
3634.14 - -1 * -3635.14 = -1
-0.000606061 - -1 * -1.2987 = -1.29931
-0.00625 - -8.33333 * -1 = -8.33958
1000 - -1.03213e-12 * -5.21263e-05 = 1000
0 - -1.0021e-12 * -0.999996 = -1.0021e-12
-1.00149e-12 - -1.00149e-12 * -1.40235e-19 = -1.00149e-12
1000 - -1e-12 * -6.95e-11 = 1000
-100000 / 100000 = -1
-0.0142857 - -18.1818 * -1 = -18.1961
-2.46305e-06 - -100000 * -1.18e-35 = -2.46305e-06
8.89838 - -8.89838 * -8.89759e-05 = 8.89759
0 - -100000 * -8.89759e-05 = -8.89759
0 - -2e-31 * 310.078 = 6.20155e-29
0 - 1 * -0.000275093 = 0.000275093
-1 - 3634.14 * -0.000275093 = -0.000275135
0 - 1 * -0.000275093 = 0.000275093
-0.00625 - -1 * -8.33333 = -8.33958
-7.69231e-05 - -100000 * -1.18e-35 = -7.69231e-05
100001 - -1.18e-30 * -1.18e-35 = 100001
-2.46305e-06 - -100000 * -1.18e-35 = -2.46305e-06
1000 - -1000 * -0.999999 = 0.000976562
4.01 - -4 * -0.5 = 2.01
0 - -1000 * -1.40235e-19 = -1.40235e-16
0 - -0.0104327 * -0.999596 = -0.0104285
0.115915 - -0.115915 * -0.91694 = 0.00962788
0 - -1 * -465.116 = -465.116
0 - -2e-31 * 310.078 = 6.20155e-29
-1.0021e-12 - -1.0021e-12 * -4.96254e-10 = -1.0021e-12
0 - -0.0005 * -0.91694 = -0.00045847
0 - -0.115915 * -0.00395524 = -0.00045847
100000 - -0.0005 * -0.00395524 = 100000
0 - -1.03213e-12 * -0.999994 = -1.03212e-12
7000.07 - -1000 * -0.999994 = 6000.08
-0.00625 - -8.33333 * -1 = -8.33958
0 - -0.115915 * -0.00395524 = -0.00045847
105.062 - -100 * -1 = 5.06224
-1.00005e-12 - -1.00005e-12 * -6.84008e-10 = -1.00005e-12
0 - -1000 * -6.84008e-10 = -6.84008e-07
0 - -1000 * 0.000349154 = 0.349154
0 - -1 * 8.33333 = 8.33333
0 - -8.89838 * -0.999911 = -8.89759
200000 - -100000 * -1 = 100000
0 - -1e-12 * -1 = -1e-12
-0.0142857 - -1 * -18.1818 = -18.1961
0 - 1 * -0.000275093 = 0.000275093
0 - -0.00640304 * -0.999994 = -0.006403
100000 - -1.18e-30 * -1.18e-35 = 100000
200000 - -100000 * -1 = 100000
-3.33333e-05 - -1.18e-30 * -1 = -3.33333e-05
1000 - -0.00365294 * -4.96254e-10 = 1000
0 - -1000 * -4.96254e-10 = -4.96254e-07
0 - -0.00365294 * -0.999996 = -0.00365293
4000 - -1000 * -0.999996 = 3000
0.335796 - -1e-12 * -1e-14 = 0.335796
0 - -1 * -465.116 = -465.116
0 - -1 * -1 = -1
0 - -1 * -1 = -1
0.115915 - -0.115915 * -0.91694 = 0.00962788
1000 - -1.0021e-12 * -3.65243e-06 = 1000
1000 - -0.00640304 * -6.84008e-10 = 1000
0 - 1 * -1 = 1
1000 - -1000 * -0.5 = 500.002
0 - -1000 * -0.5 = -500
8.89838 - -8.89838 * -8.89759e-05 = 8.89759
1000 - -1000 * -0.999933 = 0.0666504
0 - -0.0666667 * -0.999933 = -0.0666622
39.8445 - -21.8179 * -0.999596 = 18.0354
-1.03213e-12 - -1.03213e-12 * -2.27178e-10 = -1.03213e-12
0 - -1000 * -0.5 = -500
1000 - -4.48722e-14 * -1.41955e-19 = 1000
-9.55328e-13 - -4.48722e-14 * -1.04479e-15 = -9.55328e-13
1000 - -1.03213e-12 * -1.67203e-06 = 1000
1.00201e+06 - -1000 * -1 = 1.00101e+06
-0.349476 - -0.349476 * 0.000349154 = -0.349354
1000 - -2.13825e-08 * 0.000349154 = 1000
0 - 0.00161933 * -0.999596 = 0.00161868
0 - -0.0005 * -0.91694 = -0.00045847
0 - -1000 * -3.65243e-06 = -0.00365243
1000 - -3.07766e-14 * -1.40235e-19 = 1000
0 - -1000 * -0.5 = -500
1000.02 - -1000 * -0.5 = 500.025
1000 - -0.00167226 * -2.27178e-10 = 1000
-1.0005e-12 - -1.0005e-12 * -5.56905e-09 = -1.0005e-12
1000 - -1.0005e-12 * -5.21263e-05 = 1000
-9.70857e-13 - -3.07766e-14 * -1.03213e-15 = -9.70857e-13
0 - -3.07766e-14 * -1 = -3.07766e-14
0.00167203 - -0.00167226 * -1.67203e-06 = 0.00167203
1000 - -1000 * -0.999999 = 0.000976562
0.00365244 - -0.00365294 * -3.65243e-06 = 0.00365243
0 - -8.89838 * -0.999911 = -8.89759
3634.14 - -1 * -3635.14 = -1
1000 - -0.0521346 * -5.56905e-09 = 1000
0 - -100000 * -8.89759e-05 = -8.89759
0 - -100 * -1e-14 = -1e-12
-0.00625 - -1 * -8.33333 = -8.33958
1000 - -1.00005e-12 * -6.40232e-06 = 1000
0 - -1000 * -6.40232e-06 = -0.00640232
0.052129 - -0.0521346 * -5.21263e-05 = 0.0521263
0 - -1000 * -1.40235e-19 = -1.40235e-16
-1.00029e-12 - -1.00029e-12 * -1.49685e-06 = -1.00029e-12
0 - -1000 * -1.49685e-06 = -0.00149685
0 - -1.00082e-12 * -1 = -1.00082e-12
0.824106 - -0.01 * -1 = 0.814106
0 - -1.12062e-05 * -0.999948 = -1.12056e-05
0 - -0.00640304 * -0.999994 = -0.006403
0 - -1.00005e-12 * -0.999994 = -1.00004e-12
-1.00006e-12 - -1.00006e-12 * -1.41955e-19 = -1.00006e-12
1000 - -1.00149e-12 * -1.03213e-15 = 1000
0 - -1000 * -6.66622e-05 = -0.0666622
1000.25 - -1000 * -1 = 0.249023
0.00640236 - -0.00640304 * -6.40232e-06 = 0.00640232
0 - -1000 * -5.56905e-09 = -5.56905e-06
0 - -1000 * -5.21263e-05 = -0.0521263
1100.39 - -3.86179e-12 * -1.01681e-11 = 1100.39
-2.2e-28 - -0.379795 * -1.01681e-11 = -3.86179e-12
1000 - -1.00006e-12 * -1.04479e-15 = 1000
1000 - -2.03348e-07 * -1.49685e-06 = 1000
-0.00149664 - -2.03348e-07 * 1.49664e-06 = -0.00149664
1000 - -1.00029e-12 * 1.49664e-06 = 1000
0 - -0.0521346 * -0.999948 = -0.0521319
0 - -1000 * -1.03213e-15 = -1.03213e-12
0 - -1.00149e-12 * -1 = -1.00149e-12
1000.08 - -1000 * -1 = 0.0830078
1000.39 - -0.0117315 * -0.0299636 = 1000.39
1000 - -3.07765e-14 * -1.40235e-19 = 1000
0 - -1.00029e-12 * -1 = -1.00029e-12
0.0516798 - -1.8298e-07 * -1.33378e-10 = 0.0516798
0 - -1000 * -6.40232e-06 = -0.00640232
0 - -1000 * -6.84008e-10 = -6.84008e-07
1000.1 - -0.052445 * 2.04232e-10 = 1000.1
0 - -0.052445 * -0.999948 = -0.0524422
1000 - -0.0521346 * -5.56905e-09 = 1000
1000.01 - -1000 * -0.5 = 500.013
1000.06 - -1000 * -0.5 = 500.061
0 - -1000 * -0.5 = -500
0 - -1000 * -1.03213e-15 = -1.03213e-12
-4.655e-08 - -2.99378e-10 * -1.33378e-10 = -4.655e-08
-1.03213e-12 - -1.03213e-12 * -6.84008e-10 = -1.03213e-12
1000 - -0.00640304 * -6.84008e-10 = 1000
0 - -1.0005e-12 * -0.999948 = -1.00044e-12
0 - -2.03348e-07 * -1 = -2.03348e-07
3000 - -1000 * -1 = 2000
-2.2e-28 - -0.379795 * -0.0299636 = -0.01138
0 - -1000 * 2.04232e-10 = 2.04232e-07
4000 - -1000 * -0.999948 = 3000.05
0 - -1.03213e-12 * -0.999948 = -1.03208e-12
0 - -0.0521346 * -0.999948 = -0.0521319
0 - -0.0104327 * -0.999596 = -0.0104285
0.00822272 - -0.0326096 * -0.00481913 = 0.00806557
1000.08 - -1000 * -1 = 0.0830078
1000 - -1.03213e-12 * -1.67205e-06 = 1000
1000 - -1.03213e-12 * -6.40232e-06 = 1000
-0.052445 - -0.052445 * -5.24536e-05 = -0.0524477
1000.1 - -1.12062e-05 * -5.24536e-05 = 1000.1
-1.03213e-12 - -1.03213e-12 * -5.56905e-09 = -1.03213e-12
1000.7 - -0.349476 * -0.000698509 = 1000.7
1000.26 - -0.257971 * -0.340344 = 1000.17
0.00640236 - -0.00640304 * -6.40232e-06 = 0.00640232
-0.10489 - -1.12062e-05 * 2.04232e-10 = -0.10489
-0.00020014 - -2.13825e-08 * -0.000698509 = -0.00020014
0 - -0.00640296 * -0.999994 = -0.00640292
0 - -1.00005e-12 * -0.999994 = -1.00004e-12
7000.07 - -1000 * -0.999994 = 6000.08
0 - -0.01 * -1.00082e-10 = -1.00082e-12
1e+06 - -0.5 * -0.2 = 1e+06
1000.26 - -0.257971 * -0.340344 = 1000.17
1000 - -1.0005e-12 * -5.2125e-05 = 1000
0 - -1000 * -5.24536e-05 = -0.0524536
6.57462 - -2.99378e-10 * -4.99012e-11 = 6.57462
0 - 0.00161933 * -0.999596 = 0.00161868
0 - 0.0172414 * -1 = 0.0172414
-8.41421e-12 / 31.78 = -2.64764e-13
0 - -1000 * 1.49664e-06 = 0.00149664
0 - -1000 * -5.56905e-09 = -5.56905e-06
1000 - -4.48724e-14 * -1.41955e-19 = 1000
39.8445 - -21.8179 * -0.999596 = 18.0354
0 - -0.349476 * -0.999651 = -0.349354
0 - -2.13825e-08 * -0.999651 = -2.13751e-08
0.0443937 - 0.00161933 * -4.13298e-06 = 0.0443937
0 - -1.29931 * 1705.43 = 2215.87
0 - -0.0341383 * -0.61186 = -0.0208878
-1.03213e-12 - -1.03213e-12 * -6.83999e-10 = -1.03213e-12
1000 - -0.00640296 * -6.83999e-10 = 1000
0 - -0.0666667 * -0.999933 = -0.0666622
0 - -1000 * -0.000698509 = -0.698509
-1.00006e-12 - -1.00006e-12 * -1.41955e-19 = -1.00006e-12
100.004 - -0.00424862 * -0.00296522 = 100.004
-0.00684331 - 0.00161933 * -0.000399656 = -0.00684266
0 - -1000 * -0.5 = -500
0 - -1000 * -0.5 = -500
-0.00513377 - -0.0104327 * -4.13298e-06 = -0.00513381
0.0885415 - -0.0326096 * -4.47869e-05 = 0.0885401
-0.0234049 - -0.0740297 * -4.47869e-05 = -0.0234082
4.0773 - -0.0104327 * -0.000399656 = 4.0773
0 - -1 * -1 = -1
0 - -100000 * 1e-05 = 1
0 - -1.3538e-07 * -1 = -1.3538e-07
0 - -0.00394214 * -0.896479 = -0.00353404
4.09838 - -0.0341383 * -0.896479 = 4.06777
1000.1 - -0.0524287 * 2.04267e-10 = 1000.1
0 - -21.8179 * -4.13298e-06 = -9.01731e-05
0 - -0.0172414 * -1 = -0.0172414
1100.39 - -3.85959e-12 * -1.01623e-11 = 1100.39
-2.2e-28 - -0.379795 * -1.01623e-11 = -3.85959e-12
0 - -1 * -0.0172414 = -0.0172414
0 - -21.8179 * -0.000399656 = -0.00871967
0 - -1 * -1 = -1
-5.90855e-11 / 31.78 = -1.8592e-12
0 - 1 * 1e-05 = -1e-05
0 - 1 * -1 = 1
0 - -17.8891 * -7.56776e-09 = -1.3538e-07
5.16472 - -1.3538e-07 * -7.56776e-09 = 5.16472
-31.78 / 31.78 = -1
0 - 1 * -0.0401614 = 0.0401614
1000 - -1.03213e-12 * -6.40223e-06 = 1000
-2.2e-28 - -3.85959e-12 * -1 = -3.85959e-12
-5.48788e-05 - -8.47321e-14 * -0.61186 = -5.48788e-05
0 - -8.47321e-14 * -0.896479 = -7.59605e-14
0 - -3.07765e-14 * -1 = -3.07765e-14
100000 - -6.99791e-08 * -2.59972e-09 = 100000
-1 - 23.8995 * -0.0401614 = -0.0401614
0 - -1.03213e-12 * -0.999994 = -1.03212e-12
3.05178e-09 - -1.8298e-07 * -4.99012e-11 = 3.05178e-09
4.15917 - -0.0740297 * -0.00481913 = 4.15882
0.459995 - -0.00394214 * -0.61186 = 0.457583
0.000111324 - -1.1274e-05 * -0.0681794 = 0.000110555
0 - -1.00149e-12 * -1 = -1.00149e-12
-1 - 23.8995 * -0.0401614 = -0.0401614
0 - -1000 * -6.83999e-10 = -6.83999e-07
1000.25 - -1000 * -1 = 0.249023
-0.000324675 - -1 * -0.714286 = -0.71461
1000 - -2.03347e-07 * -1.49684e-06 = 1000
0.000363417 - -0.000333333 * -0.9994 = 3.02838e-05
0.0521277 - -0.0521333 * -5.2125e-05 = 0.052125
0 - -1000 * -5.2125e-05 = -0.052125
23.8995 - -1 * -24.8995 = -1
0 - -0.00640296 * -0.999994 = -0.00640292
0 - -1000 * -6.83999e-10 = -6.83999e-07
6.24015e-05 - -2e-07 * -0.000999001 = 6.24013e-05
1000 - -1.00149e-12 * -1.03213e-15 = 1000
0.00167205 - -0.00167228 * -1.67205e-06 = 0.00167205
-0.104858 - -1.12027e-05 * 2.04267e-10 = -0.104858
-1 - 23.8995 * -0.0401614 = -0.0401614
0 - -1000 * -6.40223e-06 = -0.00640223
0 - -1 * -2325.58 = -2325.58
0 - -1.0021e-12 * -0.999996 = -1.0021e-12
18.1961 / -0.000275135 = -66135.2
-2e-31 / -0.000275135 = 7.26916e-28
-0.0194126 - -0.00394214 * 0.508338 = -0.0174087
5.16095 - -8.47321e-14 * 0.508338 = 5.16095
0 - -0.0341383 * 0.508338 = 0.0173538
-9.70857e-13 - -3.07765e-14 * -1.03213e-15 = -9.70857e-13
0 - 1 * -1 = 1
105.062 - -1 * -1 = 104.062
0 - -1.18986e-12 * -1 = -1.18986e-12
0 - -0.0521333 * -0.999948 = -0.0521306
1000 - -0.00167228 * -2.27181e-10 = 1000
0 - -1000 * 2.04267e-10 = 2.04267e-07
-1.00005e-12 - -1.00005e-12 * -6.83999e-10 = -1.00005e-12
1000 - -1.00005e-12 * -6.40223e-06 = 1000
23.8995 - -1 * -24.8995 = -1
4000 - -1000 * -0.999948 = 3000.05
1000.39 - -0.379795 * -1 = 1000.01
1000 - -0.00365288 * -4.96245e-10 = 1000
0.00640227 - -0.00640296 * -6.40223e-06 = 0.00640223
1000 - -1000 * -0.999999 = 0.000976562
0 - -0.0524287 * -0.999948 = -0.0524259
0 - -1.0005e-12 * -0.999948 = -1.00044e-12
0.00365238 - -0.00365288 * -3.65237e-06 = 0.00365237
1000 - -1.0021e-12 * -3.65237e-06 = 1000
0 - -0.00365288 * -0.999996 = -0.00365286
4000 - -1000 * -0.999996 = 3000
-1.03213e-12 - -1.03213e-12 * -2.27181e-10 = -1.03213e-12
1000 - -0.00640296 * -6.83999e-10 = 1000
0 - 0.714286 * -1 = 0.714286
1000 - -1.00006e-12 * -1.04479e-15 = 1000
1000 - -1000 * -0.999933 = 0.0666504
0 - -1.00082e-12 * -1 = -1.00082e-12
0 - -1000 * -0.000698484 = -0.698484
-0.00149663 - -2.03347e-07 * 1.49663e-06 = -0.00149663
1e+06 - -0.5 * -0.2 = 1e+06
0.00640227 - -0.00640296 * -6.40223e-06 = 0.00640223
0 - -1000 * -6.40223e-06 = -0.00640223
0 - -1000 * -0.5 = -500
0 - -1.12027e-05 * -0.999948 = -1.12021e-05
0 - -1000 * -0.5 = -500
-0.00023891 - -2.55246e-08 * -0.000698484 = -0.00023891
1000 - -1.00029e-12 * 1.49663e-06 = 1000
-0.000324675 - -0.714286 * -1 = -0.71461
1000 - -1000 * -0.5 = 500
0.00822284 - -0.0326097 * -0.00481913 = 0.00806569
4.15917 - -0.0740297 * -0.00481913 = 4.15882
0 - -1000 * 0.000349123 = 0.349123
-0.000324675 - -0.714286 * -1 = -0.71461
100000 - -1.18e-30 * -1.18e-35 = 100000
0 - -1.00029e-12 * -1 = -1.00029e-12
1000 - -1000 * -0.5 = 500.002
1000 - -0.0521333 * -5.56891e-09 = 1000
1000.07 - -1000 * -0.999933 = 0.137146
-9.55328e-13 - -4.48724e-14 * -1.04479e-15 = -9.55328e-13
0.824106 - -0.01 * -1 = 0.814106
0.0885415 - -0.0326097 * -4.4787e-05 = 0.0885401
0 - -2.03347e-07 * -1 = -2.03347e-07
1000 - -1000 * -0.5 = 500
-1.0005e-12 - -1.0005e-12 * -5.56891e-09 = -1.0005e-12
0 - -1000 * -5.56891e-09 = -5.56891e-06
-1.0021e-12 - -1.0021e-12 * -4.96245e-10 = -1.0021e-12
0 - -1000 * -4.96245e-10 = -4.96245e-07
-0.0524287 - -0.0524287 * -5.24373e-05 = -0.0524314
1000.1 - -1.12027e-05 * -5.24373e-05 = 1000.1
0 - -1000 * -0.5 = -500
1000 - -1e-12 * -6.95e-11 = 1000
0 - -1000 * -3.65237e-06 = -0.00365237
-0.0234049 - -0.0740297 * -4.4787e-05 = -0.0234082
0 - -1.3538e-07 * -1 = -1.3538e-07
1000 - -0.0521333 * -5.56891e-09 = 1000
0 - -0.0521333 * -0.999948 = -0.0521306
1000.7 - -0.349483 * -0.000698484 = 1000.7
-0.349483 - -0.349483 * 0.000349123 = -0.349361
0 - -0.349483 * -0.999651 = -0.349361
1000 - -1000 * -0.999999 = 0.000976562
1000.02 - -1000 * -0.5 = 500.025
0 - -1000 * -5.24373e-05 = -0.0524373
0 - -2.55246e-08 * -0.999651 = -2.55157e-08
-0.000324675 - -1 * -0.714286 = -0.71461
100.004 - -0.00424848 * -0.00296512 = 100.004
-5.90855e-11 / 31.78 = -1.8592e-12
18.1961 / -0.000275135 = -66135.2
1 / -1 = -1
0.0521277 - -0.0521333 * -5.2125e-05 = 0.052125
1.00201e+06 - -1000 * -1 = 1.00101e+06
0 - 0.714286 * -1 = 0.714286
1000.06 - -1000 * -0.5 = 500.061
0 - -1000 * -0.5 = -500
0 - -1000 * -0.5 = -500
-1 - 23.8995 * -0.0401614 = -0.0401614
0 - -1e-12 * -1 = -1e-12
-100000 / -0.000275135 = 3.63458e+08
0 - -1000 * -6.66622e-05 = -0.0666622
1000 - -1.03213e-12 * -5.2125e-05 = 1000
-1.03213e-12 - -1.03213e-12 * -5.56891e-09 = -1.03213e-12
0 - -1.03213e-12 * -0.999948 = -1.03208e-12
0 - -1000 * -1.49684e-06 = -0.00149684
0 - -1000 * 1.49663e-06 = 0.00149663
3000 - -1000 * -1 = 2000
1.2987 / 1 = 1.2987
0 - -1000 * -5.2125e-05 = -0.052125
0 - -1000 * -5.56891e-09 = -5.56891e-06
0 - -18.1961 * 310.078 = 5642.2
0.0516798 - -1.8298e-07 * -1.33378e-10 = 0.0516798
-8.41421e-12 / 31.78 = -2.64764e-13
4.0773 - -0.0104327 * -0.000399656 = 4.0773
0.459995 - -0.00394214 * -0.61186 = 0.457583
-18.1961 / -0.000275135 = 66135.2
0 - -0.00394214 * -0.896479 = -0.00353404
0 - -1000 * -0.5 = -500
-4.655e-08 - -2.99378e-10 * -1.33378e-10 = -4.655e-08
0.000363417 - -0.000333333 * -0.9994 = 3.02838e-05
-2e-31 / -0.000275135 = 7.26916e-28
-0.00684331 - 0.00161933 * -0.000399656 = -0.00684266
0 - -21.8179 * -0.000399656 = -0.00871967
1 / -1 = -1
0 - 1 * 1e-05 = -1e-05
0 - -100000 * 1e-05 = 1
-1.00029e-12 - -1.00029e-12 * -1.49684e-06 = -1.00029e-12
0.0443937 - 0.00161933 * -4.13298e-06 = 0.0443937
0 - -1 * -2325.58 = -2325.58
0 - -1 * -1 = -1
0 - -0.0341383 * -0.61186 = -0.0208878
0 - -0.0341383 * 0.508338 = 0.0173538
0 - 1 * -1 = 1
-100000 / -0.000275135 = 3.63458e+08
-1000 / 1000 = -1
0 - 1 * -0.0401614 = 0.0401614
100000 - -6.99791e-08 * -2.59972e-09 = 100000
-0.0194126 - -0.00394214 * 0.508338 = -0.0174087
100000 - -100000 * -1 = 0
-31.78 / 31.78 = -1
5.16472 - -1.3538e-07 * -7.56776e-09 = 5.16472
6.20155e-29 - -100000 * 1705.43 = 1.70543e+08
100000 - -100000 * -0.999682 = 31.7969
-1 / 1 = -1
-0.00513377 - -0.0104327 * -4.13298e-06 = -0.00513381
3.05178e-09 - -1.8298e-07 * -4.99012e-11 = 3.05178e-09
100000 - -100000 * -0.999682 = 31.7969
-1.33333e-06 - -100000 * -1.18e-35 = -1.33333e-06
-0.0352393 / 0.137146 = -0.256947
1.2987 / 1 = 1.2987
-0.01 / 2.01 = -0.00497512
-0.01 / 2.01 = -0.00497512
-465.116 / 1 = -465.116
0 - -21.8179 * -4.13298e-06 = -9.01731e-05
0.335796 - -1e-12 * -1e-14 = 0.335796
0 - -100 * -1e-14 = -1e-12
6.57462 - -2.99378e-10 * -4.99012e-11 = 6.57462
3634.14 - -1 * -3635.14 = -1
0 - -17.8891 * -7.56776e-09 = -1.3538e-07
0 - -1 * -1 = -1
-18.1961 / -0.000275135 = 66135.2
-1000 / 1000 = -1
-0.00365293 / 1000 = -3.65293e-06
-3.07766e-14 / 1000 = -3.07766e-17
-5.48788e-05 - -8.47321e-14 * -0.61186 = -5.48788e-05
0 - -8.47321e-14 * -0.896479 = -7.59605e-14
4.09838 - -0.0341383 * -0.896479 = 4.06777
-8.33958 / 1 = -8.33958
-1000 / 1000 = -1
-5.22346e-16 / 0.000976562 = -5.34882e-13
-8.33958 / 1 = -8.33958
100000 - -1.18e-30 * -1.18e-35 = 100000
1 / -1 = -1
5.16095 - -8.47321e-14 * 0.508338 = 5.16095
100001 - -100000 * -0.999911 = 10.1953
100000 - -1.18e-30 * -1.18e-35 = 100000
200001 - -100000 * -1 = 100001
-1.33333e-06 - -100000 * -1.18e-35 = -1.33333e-06
6.20155e-29 - -100000 * 1705.43 = 1.70543e+08
-1.29931 / -0.000275135 = 4722.44
-1 / 1 = -1
-1000 / 1000 = -1
0.00365243 / 1000 = 3.65243e-06
-1000 / 1000 = -1
-0.349354 / 1000.7 = -0.00034911
3634.14 - -1 * -3635.14 = -1
0 - 1 * -1 = 1
0 - -1.29931 * 1705.43 = 2215.87
200001 - -100000 * -1 = 100001
-1000 / 1000 = -1
-0.0666622 / 0.0666504 = -1.00018
-0.248814 / 0.249023 = -0.999161
-3.38063e-05 / 0.249023 = -0.000135756
1000.39 - -0.379795 * -1 = 1000.01
-0.0130778 / 500.013 = -2.61549e-05
-1.33333e-06 - -1.18e-30 * -1 = -1.33333e-06
100000 - -1.18e-30 * -1.18e-35 = 100000
-1.29931 / -0.000275135 = 4722.44
1 / -1 = -1
0 - -18.1961 * 310.078 = 5642.2
-0.00170852 / 500.002 = -3.41702e-06
-500 / 500.002 = -0.999997
-1000 / 1000 = -1
-3.86179e-12 - -0.0117315 * -0.970036 = -0.01138
-1.77687e-06 / 500.013 = -3.55365e-09
-1000 / 1000.7 = -0.999302
0.000111324 - -1.1274e-05 * -0.0681794 = 0.000110555
-1.33333e-06 - -1.18e-30 * -1 = -1.33333e-06
-465.116 / 1 = -465.116
6000.08 - -0.0666667 * -6.66622e-05 = 6000.08
18.0354 - -17.8891 * -1 = 0.146313
-1.00005e-12 / 0.0666504 = -1.50044e-11
-1.00005e-12 / 0.0666504 = -1.50044e-11
-1000 / 1000 = -1
-0.0609162 / 500.061 = -0.000121818
-8.27666e-06 / 500.061 = -1.65513e-08
-0.01138 - -3.86179e-12 * -1 = -0.01138
0.00161868 / 0.0443937 = 0.0364618
-0.0352393 / 0.137146 = -0.256947
100001 - -100000 * -0.999911 = 10.1953
5.06224 - -1.00082e-12 * -1.00082e-10 = 5.06224
-9.55328e-13 / 1000 = -9.55328e-16
-1.03213e-12 / 1000 = -1.03213e-15
-1000 / 1000 = -1
-1.00082e-12 - -1.18986e-12 * -1 = -2.19068e-12
-0.349354 / 1000.7 = -0.00034911
-500 / 500.061 = -0.999878
0 - -1 * -691.489 = -691.489
-3.75086e-05 / 500 = -7.50171e-08
0 - -1 * 8.33958 = 8.33958
0 - -1 * -2e-31 = -2e-31
-3.84447e-12 / 0.000976562 = -3.93673e-09
-0.335796 / 0.335796 = -1
-2.32135e-07 / 500.002 = -4.64269e-10
1.00101e+06 - -1.12445e-10 * -1.58547e-12 = 1.00101e+06
-3.84447e-12 / 0.000976562 = -3.93673e-09
-5.22346e-16 / 0.000976562 = -5.34882e-13
1100.39 - -0.379795 * -0.970036 = 1100.02
3000.05 - -1000 * -0.999651 = 2000.4
6000.08 - -1e-12 * -1.6631e-13 = 6000.08
0.0401614 / -0.0401614 = -1
-1e-12 / 0.335796 = -2.97801e-12
1000 - -1000 * -0.5 = 500
0 - -1 * 8.33958 = 8.33958
-1.00082e-12 - -1 * -1.18986e-12 = -2.19068e-12
0.814106 - -1.18986e-12 * -1.18986e-12 = 0.814106
-0.0516797 / 0.0516798 = -0.999996
-100 / 100.004 = -0.999958
0 - -31.78 * -1.8592e-12 = -5.90855e-11
-1.03213e-12 / 1000 = -1.03213e-15
-1000 / 1000 = -1
100000 - -100000 * -1 = 0
-9.70857e-13 / 1000 = -9.70857e-16
0.0521263 / 1000 = 5.21263e-05
-0.0521319 / 1000 = -5.21319e-05
-1000 / 1000.1 = -0.999895
-500 / 500.013 = -0.999974
1000.1 - -1000 * -0.5 = 500.105
-1.03213e-12 / 1000 = -1.03213e-15
-1.03212e-12 / 1000 = -1.03212e-15
-1e-05 / -1 = 1e-05
1 / -1 = -1
0 - -1 * -2e-31 = -2e-31
-0.0524422 / 1000.1 = -5.24367e-05
-1.03208e-12 / 1000 = -1.03208e-15
-1.03213e-12 / 1000 = -1.03213e-15
-0.0524477 / 1000.1 = -5.24422e-05
-1000 / 1000 = -1
-0.0030303 / 1e+06 = -3.0303e-09
0.00962788 - -9.38897e-12 * -2.64764e-13 = 0.00962788
-1000 / 1000.1 = -0.999895
0 - -9.38897e-12 * -1 = -9.38897e-12
-0.71461 / 1 = -0.71461
0 - -1 * -1 = -1
-0.0174087 / 0.457583 = -0.0380449
-0.0524259 / 1000.1 = -5.24204e-05
-1000 / 1000.17 = -0.99983
-1e+06 / 1e+06 = -1
0 - -31.78 * -2.64764e-13 = -8.41421e-12
18.0354 - -17.8891 * -1 = 0.146313
-0.0391698 / 0.0443937 = -0.882326
0 - -1 * -1 = -1
-0.43664 / 0.457583 = -0.954232
-0.0001 / 0.000110555 = -0.904525
-3.11007e-05 / 6.24013e-05 = -0.498399
-2.32138e-07 / 500.002 = -4.64274e-10
-1000 / 1000 = -1
-500 / 500.002 = -0.999997
0.0172414 / 1 = 0.0172414
-1000 / 1000 = -1
-3.85959e-12 - -0.0117613 * -0.969963 = -0.011408
-3.85959e-12 - -0.379795 * -0.0300374 = -0.011408
-1.03212e-12 / 1000 = -1.03212e-15
-5e-08 / 0.000110555 = -0.000452262
-0.248815 / 0.249023 = -0.999163
-3.38064e-05 / 0.249023 = -0.000135756
-2325.58 / 1 = -2325.58
1000.01 - -0.0117613 * -0.0300374 = 1000.01
0.714286 / 1 = 0.714286
-9.55328e-13 / 1000 = -9.55328e-16
-0.0524314 / 1000.1 = -5.24259e-05
-4.43362e-10 - -5.81108e-11 * -2.64764e-13 = -4.43362e-10
0 - -1 * -1 = -1
0 - -1 * -691.489 = -691.489
8.89759 - -5.81108e-11 * -1.8592e-12 = 8.89759
0 - -5.81108e-11 * -1 = -5.81108e-11
-0.00353404 / 0.457583 = -0.00772328
-0.00641026 / -0.0401614 = 0.159612
0 - 0.000275093 * -66135.2 = 18.1933
3000.05 - -1000 * -0.999651 = 2000.4
-1e+06 / 1e+06 = -1
500 - -2.55246e-08 * 0.000349123 = 500
-0.0352393 / 0.137146 = -0.256947
-0.71461 / 1 = -0.71461
-0.00684266 / 0.0443937 = -0.154136
0.00806557 / 0.0885401 = 0.0910952
-3.07765e-14 / 1000 = -3.07765e-17
0 - 0.000275093 * 7.26916e-28 = -1.99969e-31
-9.70857e-13 / 1000 = -9.70857e-16
-3.84445e-12 / 0.000976562 = -3.93671e-09
-1.00082e-12 - -1 * -1.18986e-12 = -2.19068e-12
-1.03213e-12 / 1000 = -1.03213e-15
-1000 / 1000.17 = -0.99983
1100.39 - -0.01 * -0.99898 = 1100.38
-4.42388e-10 - -9.38897e-12 * -1.8592e-12 = -4.42388e-10
0 - -1 * -1 = -1
-1000 / 1000 = -1
-0.00365286 / 1000 = -3.65286e-06
-5.22343e-16 / 0.000976562 = -5.3488e-13
-0.0030303 / 1e+06 = -3.0303e-09
-0.0521306 / 1000 = -5.21306e-05
-1000 / 1000 = -1
8.89759 - -5.81108e-11 * -1.8592e-12 = 8.89759
0 - -2e-31 * -1 = -2e-31
0 - 0.000275093 * 7.26916e-28 = -1.99969e-31
0 - -8.33958 * -465.116 = -3878.88
-0.0641547 / 0.0885401 = -0.724584
-100000 / 100000 = -1
-0.0005 / 100000 = -5e-09
3.05178e-09 / 0.0516798 = 5.90516e-08
104.062 - -1.00082e-12 * -1.00082e-10 = 104.062
-1.18986e-12 - -0.01 * -1.00082e-10 = -2.19068e-12
100000 - -100000 * -0.999998 = 0.203125
-0.00170853 / 500.002 = -3.41706e-06
0.052125 / 1000 = 5.2125e-05
-0.00641026 / -0.0401614 = 0.159612
0.00641026 / -0.0401614 = -0.159612
-3.11007e-05 / 6.24013e-05 = -0.498399
0.00641026 / -0.0401614 = -0.159612
0.00365237 / 1000 = 3.65237e-06
0.814106 - -1.18986e-12 * -1.18986e-12 = 0.814106
-0.0352393 / 0.137146 = -0.256947
0.00806569 / 0.0885401 = 0.0910965
-0.0641547 / 0.0885401 = -0.724584
-3.84445e-12 / 0.000976562 = -3.93671e-09
-5.22343e-16 / 0.000976562 = -5.3488e-13
-4.42388e-10 - -9.38897e-12 * -1.8592e-12 = -4.42388e-10
1.70543e+08 / 100000 = 1705.43
-7047.87 - 1 * 22553.2 = -29601.1
-1.00005e-12 / 0.0666504 = -1.50044e-11
-1.00005e-12 / 0.0666504 = -1.50044e-11
-5.09627e-09 / 500 = -1.01925e-11
-500 / 500 = -1
-0.349361 / 1000.7 = -0.000349118
-0.349361 / 1000.7 = -0.000349117
-1000 / 1000.7 = -0.999302
0 - -31.78 * -1.8592e-12 = -5.90855e-11
-0.0666622 / 0.0666504 = -1.00018
-1000 / 1000 = -1
0 - -31.78 * -2.64764e-13 = -8.41421e-12
-7.69231e-05 - 0.000275093 * 66135.2 = -18.1934
-7047.87 - 1 * 22553.2 = -29601.1
1000.1 - -1000 * -0.5 = 500.105
-100 / 100.004 = -0.999958
-7.69231e-05 - -18.1961 * -1 = -18.1962
-0.0609041 / 500.061 = -0.000121793
-8.27501e-06 / 500.061 = -1.6548e-08
-8e-31 / -0.0401614 = 1.99196e-29
-1.03213e-12 / 1000 = -1.03213e-15
-100000 / 100000 = -1
0 - -9.38897e-12 * -1 = -9.38897e-12
-1000 - 0.00167205 * -1 = -999.998
0.0130777 - -0.0130795 * -2.61549e-05 = 0.0130773
0 - 0.000275093 * -66135.2 = 18.1933
0.714286 / 1 = 0.714286
1.00101e+06 - -1.12445e-10 * -1.58547e-12 = 1.00101e+06
-0.0516797 / 0.0516798 = -0.999996
0.00962788 - -9.38897e-12 * -2.64764e-13 = 0.00962788
-0.00353404 / 0.457583 = -0.00772328
-0.43664 / 0.457583 = -0.954232
-1e-05 / -1 = 1e-05
0 - -100000 * -1 = -100000
-0.335796 / 0.335796 = -1
0 - -2e-31 * -1 = -2e-31
-500 / 500.061 = -0.999878
-1.03208e-12 / 1000 = -1.03208e-15
100000 - -1 * 1.2987 = 100001
-2325.58 / 1 = -2325.58
-1 / 1 = -1
0.00161868 / 0.0443937 = 0.0364618
0 - 0.000275093 * 3.63458e+08 = -99984.7
-0.0005 / 100000 = -5e-09
-6.87607e-10 - -6.436e-06 * -0.256947 = -1.6544e-06
-0.037037 - -1.40235e-16 * -1 = -0.037037
-2.46305e-06 - 0.000275093 * 4722.44 = -1.29911
0 - 0.000275093 * 3.63458e+08 = -99984.7
-0.00684266 / 0.0443937 = -0.154136
-0.0391698 / 0.0443937 = -0.882326
0.0401614 / -0.0401614 = -1
31.7969 - 18.1818 * -1 = 49.9787
1000.04 - -0.0704721 * -0.256947 = 1000.02
-1e-12 / 0.335796 = -2.97801e-12
-1000 - 0.0521263 * -1 = -999.948
-7.69231e-05 - -18.1961 * -1 = -18.1962
0.349154 - -0.698509 * -0.00034911 = 0.34891
0 - -0.698509 * -0.999302 = -0.698021
-4.43362e-10 - -5.81108e-11 * -2.64764e-13 = -4.43362e-10
-2.46305e-06 - -1.29931 * -1 = -1.29931
1.70543e+08 / 100000 = 1705.43
0 - 8.33333 * -1 = 8.33333
0 - -5.81108e-11 * -1 = -5.81108e-11
3.05178e-09 / 0.0516798 = 5.90516e-08
100000 - -1 * 1.2987 = 100001
0 - -1 * -100000 = -100000
-0.000133333 - -1000 * -3.65293e-06 = -0.00378626
-3.33333e-05 - -8.33958 * -1 = -8.33962
0 - -2e-31 * -1 = -2e-31
100000 - -0.01 * -0.00497512 = 100000
0 - -2e-31 * -465.116 = -9.30233e-29
-7.69231e-05 - 0.000275093 * 66135.2 = -18.1934
-0.000133333 - -4.96254e-07 * -1 = -0.00013383
3000 - -4.96254e-07 * -3.65293e-06 = 3000
-0.00365243 - -4.96254e-07 * 3.65243e-06 = -0.00365243
0 - -1.00149e-12 * -1 = -1.00149e-12
31.7969 - 18.1818 * -1 = 49.9787
-0.0174087 / 0.457583 = -0.0380449
-1 / 1 = -1
1000 - -1000 * -1 = 0.000366211
3000 - -1000 * -1 = 2000
0 - 7.09078e-05 * -1.00018 = 7.09204e-05
0 - -500 * -3.41702e-06 = -0.00170851
100000 - -0.01 * -0.00497512 = 100000
-1.00149e-12 - -1.00149e-12 * -3.07766e-17 = -1.00149e-12
-0.037037 - -1000 * -3.07766e-17 = -0.037037
0.0830078 - -1.40235e-16 * -3.07766e-17 = 0.0830078
100000 - -100000 * -0.999998 = 0.203125
1000 - -2.84492e-12 * -5.34882e-13 = 1000
-1000 - 0.00167203 * -1 = -999.998
1 / -1 = -1
-2.46305e-06 - -1.29931 * -1 = -1.29931
0 - -8.33958 * -465.116 = -3878.88
1000 - 0.00167203 * -1.03213e-15 = 1000
-3.33333e-05 - -1 * -8.33958 = -8.33962
0 - -2e-31 * -1 = -2e-31
3000 - -1000 * -1 = 2000
2000.04 - -1000 * -1 = 1000.04
-0.167395 - -0.0407435 * -0.999161 = -0.208104
1000.21 - -0.0407435 * -0.000135756 = 1000.21
0 - -1.0021e-12 * -1 = -1.0021e-12
-1.0021e-12 - -1.0021e-12 * -3.65293e-06 = -1.0021e-12
5000 - -1000 * -1 = 4000
0 - -0.0521263 * -1 = -0.0521263
-1.00007e-12 - -1.00007e-12 * -5.34882e-13 = -1.00007e-12
1000 - -1.0021e-12 * 3.65243e-06 = 1000
0 - -1000 * 3.65243e-06 = 0.00365243
500.025 - -500 * -0.999997 = 0.0262451
0 - -0.0666622 * -1.50044e-11 = -1.00023e-12
-0.0104285 - -0.00513381 * 0.0364618 = -0.0102413
-3.33333e-05 - -1 * -8.33958 = -8.33962
-2.46305e-06 - 0.000275093 * 4722.44 = -1.29911
-3.33333e-05 - -8.33958 * -1 = -8.33962
0 - -1.0005e-12 * -1 = -1.0005e-12
0 - -500 * -3.55365e-09 = -1.77682e-06
0 - -2e-31 * -465.116 = -9.30233e-29
0 - -1000 * -0.00034911 = -0.34911
0 - -7.09078e-05 * -1.00018 = -7.09204e-05
1000 - -3.89391e-08 * -2.61549e-05 = 1000
0 - -500 * -2.61549e-05 = -0.0130774
0 - -100000 * -1 = -100000
0 - -0.00503972 * -0.999997 = -0.0050397
0 - 0.00333097 * -0.999997 = 0.00333096
-3.89391e-08 - -3.89391e-08 * -3.55365e-09 = -3.89391e-08
1000 - -0.0130795 * -3.55365e-09 = 1000
-5e-08 / 0.000110555 = -0.000452262
0 - -1 * -100000 = -100000
1000.42 - -0.208105 * -0.999161 = 1000.21
-0.208105 - -0.208105 * -0.000135756 = -0.208133
-0.00837092 - 0.00333097 * -3.41702e-06 = -0.0083709
0 - -0.00020014 * -0.999302 = -0.000200001
4000 - -1000 * -0.999302 = 3000.7
-0.0001 / 0.000110555 = -0.904525
6000.08 - -1000 * -0.999994 = 5000.08
1000 - 7.09078e-05 * -1.50044e-11 = 1000
0 - -0.0666622 * -1.50044e-11 = -1.00023e-12
-7.09175e-05 - 7.09078e-05 * -1.50044e-11 = -7.09175e-05
0.146313 - -9.01731e-05 * 0.0364618 = 0.146316
-0.0025 - -0.0391698 * 0.0364618 = -0.0010718
0 - -1000 * -9.55328e-16 = -9.55328e-13
1000 - -1.00006e-12 * -9.55328e-16 = 1000
1000.01 - 0.00333097 * -4.64269e-10 = 1000.01
0 - -500 * -4.64269e-10 = -2.32134e-07
-9.63422e-09 - -7.09078e-05 * -1.50044e-11 = -9.63422e-09
1000 - -7.09078e-05 * -1.50044e-11 = 1000
2000.01 - -1000 * -1 = 1000.01
0 - -1.00006e-12 * -1 = -1.00006e-12
5.06224 - -1 * -1 = 4.06224
1000 - -6.436e-06 * -0.256947 = 1000
1000.01 - -0.00503972 * -3.41702e-06 = 1000.01
-0.00846811 - -0.00846811 * -1.65513e-08 = -0.00846811
-691.489 / 1 = -691.489
0.0352328 - -0.0704721 * -0.256947 = 0.0171252
1000 - -3.90678e-08 * -7.50171e-08 = 1000
-0.00503972 - -0.00503972 * -4.64269e-10 = -0.00503972
-1.00044e-12 - -1.0005e-12 * -5.21319e-05 = -1.0005e-12
0 - -1000 * -5.21319e-05 = -0.0521319
2000 - -1000 * -0.999895 = 1000.1
0 - -3.89391e-08 * -0.999974 = -3.89381e-08
1000.02 - -0.00846811 * -0.000121818 = 1000.02
0.04398 - -0.0524564 * -0.000121818 = 0.0439736
2000.04 - -1000 * -1 = 1000.04
1100.02 - -0.01 * -0.998979 = 1100.01
1.00101e+06 - -1000 * -1 = 1.00001e+06
-1.00006e-12 - -1.00006e-12 * -5.34882e-13 = -1.00006e-12
1000 - -2.84492e-12 * -5.34882e-13 = 1000
0 - -500 * -0.000121818 = -0.0609088
1000.01 - -0.0524564 * -1.65513e-08 = 1000.01
0 - -500 * -1.65513e-08 = -8.27565e-06
-1000 - -1000 * -1.03213e-15 = -1000
-0.037037 - -1.40235e-16 * -1 = -0.037037
0 - -0.0524564 * -0.999878 = -0.05245
0 - 8.33958 * -465.116 = 3878.88
1000 - -1.00007e-12 * -3.93673e-09 = 1000
-2.19068e-12 - -0.335796 * -2.97801e-12 = -3.19068e-12
-2.13751e-08 - -0.00020014 * -0.00034911 = -9.12462e-08
0 - -1000 * -0.00034911 = -0.34911
6000.08 - -1000 * -0.999994 = 5000.08
2000.4 - -0.698509 * -0.00034911 = 2000.4
-1000 - 0.00640223 * -1 = -999.994
3000 - -1000 * -1 = 2000
0 - -0.00640223 * -1 = -0.00640223
0 - -0.00846811 * -0.999878 = -0.00846708
0 - -500 * -7.50171e-08 = -3.75086e-05
0.17668 - -0.0516797 * -0.999996 = 0.125
0 - -4.655e-08 * -0.999996 = -4.65499e-08
1000 - -1.00149e-12 * -9.70857e-16 = 1000
0 - -1000 * -9.70857e-16 = -9.70857e-13
-1.03213e-12 - -1.40235e-16 * -9.70857e-16 = -1.03213e-12
0 - -1000 * -5.24422e-05 = -0.0524422
-1.33333e-06 - -1 * -0.71461 = -0.714612
1.84434e-12 - -2.84492e-12 * -3.93673e-09 = 1.84434e-12
500 - -0.00020014 * -0.00034911 = 500
0.814106 - -0.335796 * -1 = 0.47831
0 - 8.33958 * -465.116 = 3878.88
-6.83999e-07 - -0.00640223 * -1.03213e-15 = -6.83999e-07
0 - -0.0130795 * -0.999974 = -0.0130792
0 - 2.04267e-07 * -0.999895 = 2.04246e-07
0 - -1.00149e-12 * -1 = -1.00149e-12
1000 - -1.00006e-12 * -3.93673e-09 = 1000
-1000 - -1000 * -1.03213e-15 = -1000
1000 - -1.0005e-12 * 5.21263e-05 = 1000
-0.0521263 - -5.56905e-06 * 5.21263e-05 = -0.0521263
-0.006403 - 0.00640232 * -1.03212e-15 = -0.006403
-1 / 1 = -1
0 - -5.48788e-05 * -0.954232 = -5.23671e-05
0 - -0.0208878 * -0.954232 = -0.0199318
1.84433e-12 - -2.84492e-12 * -3.93673e-09 = 1.84433e-12
1000 - 0.00640223 * -1.03213e-15 = 1000
0 - 8.33333 * -1 = 8.33333
1000 - 0.00640232 * -1.03213e-15 = 1000
-0.0521319 - 0.0521263 * -1.03208e-15 = -0.0521319
-0.0524536 - 2.04232e-07 * -5.24422e-05 = -0.0524536
2000.01 - -1000 * -1 = 1000.01
0 - -1000 * -1.03212e-15 = -1.03212e-12
3.74304e-05 - -3.74746e-05 * -7.50171e-08 = 3.74304e-05
500.105 - -500 * -0.999878 = 0.165833
0 - -1000 * -5.24367e-05 = -0.0524367
1000 - 0.0521263 * -1.03213e-15 = 1000
2000 - -1000 * -0.999895 = 1000.1
0 - -0.104858 * -0.999895 = -0.104847
0.882644 - -3.11007e-05 * -0.498399 = 0.882628
0 - -3.11007e-05 * -0.498399 = -1.55006e-05
0 - -1000 * 5.21263e-05 = 0.0521263
-6.84008e-07 - -0.00640232 * -1.03213e-15 = -6.84008e-07
-5.56905e-06 - -0.0521263 * -1.03213e-15 = -5.56905e-06
-1000 - 0.00640232 * -1 = -999.994
0 - -0.00640232 * -1 = -0.00640232
0 - -1 * -3.20513 = -3.20513
0 - -1000 * -9.55328e-16 = -9.55328e-13
-7.59605e-14 - -5.48788e-05 * -0.00772328 = -4.23844e-07
-2.19068e-12 - -1e-12 * -1 = -3.19068e-12
0 - -1 * 3.20513 = 3.20513
5.16095 - -5.48788e-05 * -0.0380449 = 5.16094
0 - -0.0030303 * -1 = -0.0030303
0 - -0.00513381 * -0.882326 = -0.0045297
0 - -5e-08 * -0.904525 = -4.52262e-08
-0.00503977 - -0.00503977 * -4.64274e-10 = -0.00503977
3.02838e-05 - -5e-08 * -0.000452262 = 3.02838e-05
-1000 - -1000 * -1.03213e-15 = -1000
0 - -1000 * -1.03212e-15 = -1.03212e-12
3000 - -1000 * -1 = 2000
0.0173538 - -0.0208878 * -0.0380449 = 0.0165591
0 - -0.43664 * -0.0380449 = -0.0166119
-0.167394 - -0.0407441 * -0.999163 = -0.208104
1000.21 - -0.0407441 * -0.000135756 = 1000.21
0 - -0.0030303 * -1 = -0.0030303
0 - -0.10489 * -0.999895 = -0.104879
-1.12056e-05 - -0.10489 * -5.24367e-05 = -1.67057e-05
0.882613 - -1 * 0.0172414 = 0.899854
0 - -1.00006e-12 * -1 = -1.00006e-12
-0.00640292 - 0.00640223 * -1.03212e-15 = -0.00640292
4.06777 - -0.0208878 * -0.00772328 = 4.06761
-0.037037 - -1000 * -3.07765e-17 = -0.037037
0 - -1000 * -9.70857e-16 = -9.70857e-13
0 - 2.04232e-07 * -0.999895 = 2.04211e-07
0 - -0.00133333 * 1e-05 = 1.33333e-08
-0.0025 - -9.01731e-05 * -0.882326 = -0.00257956
0 - -1.0005e-12 * -1 = -1.0005e-12
0 - -1000 * -5.24259e-05 = -0.0524259
1100.38 - -0.379795 * -0.969963 = 1100.01
-1.00007e-12 - -1.00007e-12 * -5.3488e-13 = -1.00007e-12
1000 - -2.8449e-12 * -5.3488e-13 = 1000
0 - -0.00133333 * -1 = -0.00133333
1e+06 - -1e+06 * -1 = 3.5625
0 - -0.00503977 * -0.999997 = -0.00503975
0 - 0.003331 * -0.999997 = 0.00333099
1000 - -1.00006e-12 * -9.55328e-16 = 1000
-4.43362e-10 / 8.89759 = -4.98295e-11
-5.81108e-11 / 8.89759 = -6.53107e-12
-8.89759 / 8.89759 = -1
-1000 - -1000 * -1.03213e-15 = -1000
-1.12021e-05 - -0.104858 * -5.24204e-05 = -1.66988e-05
1000.01 - 0.003331 * -4.64274e-10 = 1000.01
0 - -0.43664 * -0.00772328 = -0.00337229
1e+06 - -1e+06 * -1 = 3.5625
0.0830078 - -1.40235e-16 * -3.07765e-17 = 0.0830078
-1.03213e-12 - -1.40235e-16 * -9.70857e-16 = -1.03213e-12
1000 - -1.00007e-12 * -3.93671e-09 = 1000
1000 - -1000 * -1 = 0.000366211
0 - -1e+06 * -3.0303e-09 = -0.0030303
0 - -1e+06 * -3.0303e-09 = -0.0030303
0 - -1000 * -5.24204e-05 = -0.0524204
4.0773 - -0.00513381 * -0.154136 = 4.07651
1.84431e-12 - -2.8449e-12 * -3.93671e-09 = 1.84431e-12
-1.00044e-12 - -1.0005e-12 * -5.21306e-05 = -1.0005e-12
0 - -0.0516797 * 5.90516e-08 = 3.05177e-09
0 - -500 * -4.64274e-10 = -2.32137e-07
0 - -5.56891e-06 * -1 = -5.56891e-06
500.025 - -500 * -0.999997 = 0.0262451
1000.42 - -0.208105 * -0.999163 = 1000.21
-0.00871967 - -9.01731e-05 * -0.154136 = -0.00873356
4.15882 - -0.0234082 * 0.0910952 = 4.16095
1000 - 0.00167205 * -1.03213e-15 = 1000
104.062 - -100 * -1 = 4.06224
0 - -3.90678e-08 * -1 = -3.90678e-08
0 - -1000 * -0.000349117 = -0.349117
0 - -0.0001 * -0.000452262 = -4.52262e-08
0 - -0.0641547 * 0.0910952 = 0.00584418
-2e-31 / 100000 = -2e-36
0 - -1 * -3.20513 = -3.20513
1000.01 - -0.00503977 * -3.41706e-06 = 1000.01
-0.00837101 - 0.003331 * -3.41706e-06 = -0.00837099
5000 - -1000 * -1 = 4000
0 - -0.71461 * -2325.58 = -1661.88
-1000 - -1000 * -1.03213e-15 = -1000
0 - -1000 * -5.21306e-05 = -0.0521306
-8.89759 / 8.89759 = -1
0.065588 - -0.0641547 * -0.724584 = 0.0191026
100001 - -100000 * -1 = 0.71875
-0.00365237 - -4.96245e-07 * 3.65237e-06 = -0.00365237
500 - -500 * -1 = 0.000305176
-1000 - 0.052125 * -1 = -999.948
100001 / -0.000275135 = -3.63463e+08
-0.0524373 - 2.04267e-07 * -5.24259e-05 = -0.0524373
2000.4 - 2.04267e-07 * -5.24204e-05 = 2000.4
0 - -1 * 3.20513 = 3.20513
0 - -0.0234082 * -0.724584 = -0.0169612
6.57462 - -4.655e-08 * 5.90516e-08 = 6.57462
1000 - -1.0021e-12 * 3.65237e-06 = 1000
1000 - 7.088e-05 * -1.50044e-11 = 1000
1000.01 - -0.0001 * -0.904525 = 1000.01
100000 - -1 * 0.714286 = 100001
0 - -1.0021e-12 * -1 = -1.0021e-12
0 - -100000 * -5e-09 = -0.0005
0 - -3.11007e-05 * -0.498399 = -1.55006e-05
0.882644 - -3.11007e-05 * -0.498399 = 0.882628
1000 - -1.00006e-12 * -3.93671e-09 = 1000
1.84432e-12 - -2.8449e-12 * -3.93671e-09 = 1.84432e-12
-1.00006e-12 - -1.00006e-12 * -5.3488e-13 = -1.00006e-12
-1 / 1 = -1
-691.489 / 1 = -691.489
-1.33333e-06 - -1 * -0.71461 = -0.714612
0 - -1000 * 3.65237e-06 = 0.00365237
0 - -0.0641547 * 0.0910965 = 0.00584427
1000 - -2.8449e-12 * -5.3488e-13 = 1000
0 - -0.0666622 * -1.50044e-11 = -1.00023e-12
-0.208105 - -0.208105 * -0.000135756 = -0.208133
1000.04 - -0.0704722 * -0.256947 = 1000.02
-6.8786e-10 - -6.43837e-06 * -0.256947 = -1.65501e-06
0.203125 - 8.33958 * -1 = 8.54271
0 - -0.0005 * -1 = -0.0005
1000 - -1.0005e-12 * 5.2125e-05 = 1000
-0.052125 - -5.56891e-06 * 5.2125e-05 = -0.052125
-3.90678e-08 - -3.90678e-08 * -1.01925e-11 = -3.90678e-08
0.0439595 - -0.0524401 * -0.000121793 = 0.0439531
0 - -99984.7 * 1705.43 = 1.70516e+08
-0.208133 / 1000.21 = -0.00020809
0 - -0.0391698 * -0.154136 = -0.00603746
1000 - -1.00149e-12 * -9.70857e-16 = 1000
0.0352329 - -0.0704722 * -0.256947 = 0.0171252
-7.08897e-05 - 7.088e-05 * -1.50044e-11 = -7.08897e-05
0 - -0.0666622 * -1.50044e-11 = -1.00023e-12
500.105 - -0.104858 * -5.24259e-05 = 500.105
-1.00149e-12 - -1.00149e-12 * -3.07765e-17 = -1.00149e-12
-1.0021e-12 - -1.0021e-12 * -3.65286e-06 = -1.0021e-12
-0.000133333 - -1000 * -3.65286e-06 = -0.0037862
3000 - -4.96245e-07 * -3.65286e-06 = 3000
0 - -0.0234082 * -0.724584 = -0.0169612
0.065588 - -0.0641547 * -0.724584 = 0.0191026
0 - -500 * -1.01925e-11 = -5.09627e-09
1.00101e+06 - -1000 * -1 = 1.00001e+06
-2.19068e-12 - -0.335796 * -2.97801e-12 = -3.19068e-12
0 - -0.0516797 * 5.90516e-08 = 3.05177e-09
0 - -1000 * 5.2125e-05 = 0.052125
0.349123 - -0.698484 * -0.000349118 = 0.348879
0 - -1000 * -0.000349118 = -0.349118
0 - 7.088e-05 * -1.00018 = 7.08926e-05
1000 - 0.052125 * -1.03213e-15 = 1000
-1000 - -1000 * -1.03213e-15 = -1000
-0.000133333 - -4.96245e-07 * -1 = -0.00013383
0 - -500 * -3.41706e-06 = -0.00170853
4.15882 - -0.0234082 * 0.0910965 = 4.16095
-9.63044e-09 - -7.088e-05 * -1.50044e-11 = -9.63044e-09
0 - -7.088e-05 * -1.00018 = -7.08926e-05
-5.56891e-06 - -0.052125 * -1.03213e-15 = -5.56891e-06
100001 - -100000 * -1 = 0.71875
0 - -0.0005 * -1 = -0.0005
0 - -0.00133333 * 1e-05 = 1.33333e-08
0 - -100000 * -5e-09 = -0.0005
1000 - -3.74746e-05 * -1.01925e-11 = 1000
0 - -3.74746e-05 * -1 = -3.74746e-05
100000 - -1 * 0.714286 = 100001
0.17668 - -0.0516797 * -0.999996 = 0.125
0 - -0.00513381 * -0.882326 = -0.0045297
100001 / -0.000275135 = -3.63463e+08
-29601.1 / -1 = 29601.1
1000 - -7.088e-05 * -1.50044e-11 = 1000
-2.55157e-08 - -0.00023891 * -0.000349117 = -1.08923e-07
-100000 / 100000 = -1
-2e-31 / 100000 = -2e-36
0 - -0.0524401 * -0.999878 = -0.0524337
49.9787 - -31.78 * -1 = 18.1987
6.57462 - -4.655e-08 * 5.90516e-08 = 6.57462
-2e-31 / 100000 = -2e-36
-9.30233e-29 - -100000 * -2325.58 = -2.32558e+08
1000 - -6.43837e-06 * -0.256947 = 1000
0 - -0.698484 * -0.999302 = -0.697996
4000 - -1000 * -0.999302 = 3000.7
-0.00847231 - -0.00847231 * -1.6548e-08 = -0.00847231
0 - -4.655e-08 * -0.999996 = -4.65499e-08
0 - -0.00847231 * -0.999878 = -0.00847128
-0.0025 - -0.0391698 * 0.0364618 = -0.0010718
0 - -100000 * -1 = -100000
7.09204e-05 / 1000 = 7.09204e-08
-9.55328e-13 / 1000.01 = -9.55319e-16
0 - -0.00023891 * -0.999302 = -0.000238743
1000.01 - -0.0524401 * -1.6548e-08 = 1000.01
0 - -500 * -1.6548e-08 = -8.27401e-06
-0.0521306 - 0.052125 * -1.03208e-15 = -0.0521306
-0.0104285 - -0.00513381 * 0.0364618 = -0.0102413
4.0773 - -0.00513381 * -0.154136 = 4.07651
0 - -0.0391698 * -0.154136 = -0.00603746
0 - -0.43664 * -0.0380449 = -0.0166119
1000.02 - -0.00847231 * -0.000121793 = 1000.02
0 - -5.48788e-05 * -0.954232 = -5.23671e-05
0 - -0.0208878 * -0.954232 = -0.0199318
0.814106 - -0.43664 * -0.954232 = 0.39745
0 - -100000 * -1 = -100000
0.146313 - -9.01731e-05 * 0.0364618 = 0.146316
-0.0025 - -9.01731e-05 * -0.882326 = -0.00257956
-5.81108e-11 / 8.89759 = -6.53107e-12
0 - -500 * -0.000121793 = -0.0608967
-1.33333e-06 - -0.71461 * -1 = -0.714612
-0.00871967 - -9.01731e-05 * -0.154136 = -0.00873356
-1000 / 1000.02 = -0.999983
49.9787 - -31.78 * -1 = 18.1987
-999.998 / 1000 = -0.999998
0.0171252 / 1000.02 = 1.71249e-05
-1000 / 1000 = -1
-1.00007e-12 / 1000 = -1.00007e-15
-7.59605e-14 - -5.48788e-05 * -0.00772328 = -4.23844e-07
4.06777 - -0.0208878 * -0.00772328 = 4.06761
0 - -0.43664 * -0.00772328 = -0.00337229
-2.19068e-12 - -1e-12 * -1 = -3.19068e-12
-4.43362e-10 / 8.89759 = -4.98295e-11
5.16095 - -5.48788e-05 * -0.0380449 = 5.16094
0.0173538 - -0.0208878 * -0.0380449 = 0.0165591
0.203125 - 8.33958 * -1 = 8.54271
-9.30233e-29 - -100000 * -2325.58 = -2.32558e+08
-1000 / 1000.21 = -0.999792
-0.00503972 / 1000.01 = -5.03966e-06
-1000 / 1000 = -1
0 - -0.71461 * -2325.58 = -1661.88
0 - -99984.7 * 1705.43 = 1.70516e+08
-1.33333e-06 - -0.71461 * -1 = -0.714612
100000 - -0.0005 * -5e-09 = 100000
-2e-31 / 100000 = -2e-36
-1.0021e-12 / 1000 = -1.0021e-15
-7.09175e-05 / 1000 = -7.09175e-08
-1000 / 1000.01 = -0.99999
100000 - -0.0005 * -5e-09 = 100000
0 - -0.00133333 * -1 = -0.00133333
-1.0021e-12 / 1000 = -1.0021e-15
-1000 / 1000 = -1
1000.01 - -0.0001 * -0.904525 = 1000.01
-1000 / 1000 = -1
-0.0521319 - -1000 * -1.03208e-15 = -0.0521319
-0.0050397 / 1000.01 = -5.03965e-06
-1000 / 1000.01 = -0.99999
-1.00149e-12 / 1000 = -1.00149e-15
-1000 / 1000 = -1
-1.0005e-12 / 1000 = -1.0005e-15
4000 - -1000 * -1 = 3000
-0.0521263 - -5.56905e-06 * -1 = -0.0521319
-3.89391e-08 / 1000 = -3.89391e-11
-1000 / 1000 = -1
-3.89381e-08 / 1000 = -3.89381e-11
-0.00846811 / 1000.02 = -8.46797e-06
-1000 / 1000.02 = -0.999983
500 - -500 * -0.999974 = 0.0132446
-1.0005e-12 / 1000 = -1.0005e-15
-999.994 / 1000 = -0.999994
-4.52262e-08 / 3.02838e-05 = -0.00149342
-999.998 / 1000 = -0.999998
-100000 / 100000 = -1
3.02838e-05 - -5e-08 * -0.000452262 = 3.02838e-05
0 - -0.0001 * -0.000452262 = -4.52262e-08
0 - -5e-08 * -0.904525 = -4.52262e-08
0 - -3.20513 * -691.489 = -2216.31
-6.57462 / 1.00001e+06 = -6.57458e-06
-1e+06 / 1.00001e+06 = -0.999993
-1.00006e-12 / 1000 = -1.00006e-15
-999.994 / 1000 = -0.999994
-0.0030303 / 3.5625 = -0.000850611
-0.0102413 / 4.07651 = -0.00251228
-0.0045297 / 4.07651 = -0.00111117
-0.00503977 / 1000.01 = -5.03972e-06
5000.08 - -1000 * -1 = 4000.08
1100.01 - -2.40228e-12 * -2.40228e-10 = 1100.01
3878.88 - 18.1933 * 310.078 = -1762.46
-1000 / 1000 = -1
-8.41421e-12 - -5.90855e-11 * -4.98295e-11 = -8.41421e-12
-9.38897e-12 - -4.42388e-10 * -6.53107e-12 = -9.38897e-12
0 - -4.42388e-10 * -1 = -4.42388e-10
0 - -5.90855e-11 * -1 = -5.90855e-11
-1000 / 1000 = -1
0 - -5.90855e-11 * -1 = -5.90855e-11
10.1953 - -8.89759 * -1 = 1.29772
-1000 / 1000 = -1
3878.88 - 18.1933 * 310.078 = -1762.46
-0.00846708 / 1000.02 = -8.46694e-06
-1000 / 1000 = -1
0 - 3.20513 * -691.489 = 2216.31
0.00962788 - -4.42388e-10 * -4.98295e-11 = 0.00962788
-4.06174 / 4.16095 = -0.976157
0 - -4.42388e-10 * -1 = -4.42388e-10
2000.4 - 2.04232e-07 * -5.24367e-05 = 2000.4
-0.125 / 0.125 = -0.999999
0.47831 - -0.0391698 * -0.882326 = 0.443749
0 - -3.20513 * -1 = -3.20513
-1000 / 1000.01 = -0.99999
1e+06 - 3.20513 * -1 = 1e+06
10.1953 - -8.89759 * -1 = 1.29772
3.05177e-09 / 0.125 = 2.44141e-08
100001 / 1 = 100001
-1000 / 1000 = -1
-1.0005e-12 / 1000 = -1.0005e-15
4.06224 - -1e-12 * -2.97801e-12 = 4.06224
5000.08 - -1000 * -1 = 4000.08
-1.00149e-12 / 1000 = -1.00149e-15
-0.006403 / 1000 = -6.403e-06
-0.0521319 / 1000 = -5.21319e-05
0 - -8.89759 * -6.53107e-12 = -5.81108e-11
-1000 / 1000.02 = -0.999983
0.0171252 / 1000.02 = 1.71249e-05
-0.0169612 / 4.16095 = -0.00407628
-2.32558e+08 / 100000 = -2325.58
-0.00847128 / 1000.02 = -8.47113e-06
-999.948 / 1000 = -0.999948
-9.55328e-13 / 1000.01 = -9.55319e-16
-5.16089 / 5.16094 = -0.99999
-5.23671e-05 / 5.16094 = -1.01468e-05
-3.00339e-05 / 3.02838e-05 = -0.991749
-1.00007e-12 / 1000 = -1.00007e-15
-1000 / 1000.21 = -0.999792
-0.0169612 / 4.16095 = -0.00407628
0 - -3.20513 * -691.489 = -2216.31
-0.208133 / 1000.21 = -0.00020809
100001 / 1 = 100001
-100000 / 100000 = -1
0.165833 - -0.10489 * -5.24422e-05 = 0.165827
-0.00640292 / 1000 = -6.40292e-06
0 - -8.89759 * -4.98295e-11 = -4.43362e-10
-0.0030303 / 3.5625 = -0.000850611
-3.90678e-08 / 1000 = -3.90678e-11
-1e-08 - -99984.7 * -2e-36 = -1e-08
-1000 / 1000 = -1
-1.0021e-12 / 1000 = -1.0021e-15
-1.00006e-12 / 1000 = -1.00006e-15
-1.00149e-12 / 1000 = -1.00149e-15
-1000 / 1000 = -1
-1.00149e-12 / 1000 = -1.00149e-15
-0.0102413 / 4.07651 = -0.00251228
0 - -1.6544e-06 * -0.999983 = -1.65437e-06
1000 - -1.6544e-06 * 1.71249e-05 = 1000
-0.882613 / 0.882628 = -0.999982
-4.06174 / 4.07651 = -0.996377
4.06224 - -1e-12 * -2.97801e-12 = 4.06224
-0.00503975 / 1000.01 = -5.0397e-06
-1000 / 1000.01 = -0.99999
0 - 0.000275093 * -3.63463e+08 = 99986
-1.55006e-05 / 0.882628 = -1.75618e-05
-1.0021e-12 / 1000 = -1.0021e-15
-6.57462 / 1.00001e+06 = -6.57458e-06
-1e+06 / 1.00001e+06 = -0.999993
-4.06174 / 4.16095 = -0.976157
-4.23844e-07 / 5.16094 = -8.21254e-08
1100.01 - -2.4023e-12 * -2.4023e-10 = 1100.01
-5.56891e-06 - -0.052125 * -1 = -0.0521306
4000 - -1000 * -1 = 3000
-0.0521306 - -1000 * -1.03208e-15 = -0.0521306
2000.4 - -0.698484 * -0.000349117 = 2000.4
-1000 / 1000 = -1
8.54271 - 18.1933 * -1 = 26.736
0 - -1000 * -0.00020809 = -0.20809
1000 - -1.00006e-12 * -9.55319e-16 = 1000
0 - -1000 * -9.55319e-16 = -9.55319e-13
-0.0045297 / 4.07651 = -0.00111117
3000 - -1000 * -0.999983 = 2000.02
0 - -1000 * 1.71249e-05 = 0.0171249
-0.0005 / 0.71875 = -0.000695652
0 - -3.20513 * -1 = -3.20513
-3.90678e-08 / 1000 = -3.90678e-11
7.08926e-05 / 1000 = 7.08926e-08
-100000 / 100000 = -1
0.000305176 - -0.00023891 * -0.000349118 = 0.000305092
-7.08897e-05 / 1000 = -7.08897e-08
-999.948 / 1000 = -0.999948
-0.0005 / 0.71875 = -0.000695652
-1661.88 / 0.71875 = -2312.19
-7.09204e-05 - -9.63422e-09 * 7.09204e-08 = -7.09204e-05
-0.0521306 / 1000 = -5.21306e-05
-9.38897e-12 - -4.42388e-10 * -6.53107e-12 = -9.38897e-12
18.1987 - -5.90855e-11 * -6.53107e-12 = 18.1987
0 - -8.89759 * -6.53107e-12 = -5.81108e-11
2000 - -1000 * -0.999998 = 1000
-2.32558e+08 / 100000 = -2325.58
0 - -8.89759 * -4.98295e-11 = -4.43362e-10
-4.23844e-07 / 5.16094 = -8.21254e-08
-0.714612 / 0.71875 = -0.994242
-1e-08 - -1.99969e-31 * -1 = -1e-08
100000 - -99984.7 * -1 = 15.3281
-1e-08 - -99984.7 * -2e-36 = -1e-08
18.1987 - -5.90855e-11 * -6.53107e-12 = 18.1987
1000 - 1.84433e-12 * -1.00007e-15 = 1000
0.00962788 - -4.42388e-10 * -4.98295e-11 = 0.00962788
-8.41421e-12 - -5.90855e-11 * -4.98295e-11 = -8.41421e-12
-5.16089 / 5.16094 = -0.99999
-5.23671e-05 / 5.16094 = -1.01468e-05
1e+06 - 3.20513 * -1 = 1e+06
0 - 3.20513 * -691.489 = 2216.31
-1.0005e-12 / 1000 = -1.0005e-15
-0.00847231 / 1000.02 = -8.47216e-06
-1000 / 1000.02 = -0.999983
0 - -0.00365243 * -1 = -0.00365243
-0.037037 - -9.70857e-13 * -1.00149e-15 = -0.037037
0 - -0.0130774 * -1 = -0.0130774
0 - -1000 * -8.46797e-06 = -0.00846797
1000.21 - -0.208104 * -0.00020809 = 1000.21
3.05177e-09 / 0.125 = 2.44141e-08
0.39745 - -0.335796 * -1 = 0.061654
1000.01 - -0.0083709 * -5.03966e-06 = 1000.01
-2.32134e-07 - -0.00170851 * -5.03966e-06 = -2.40745e-07
0 - -1000 * -5.03966e-06 = -0.00503966
-1.00023e-12 - -1.00023e-12 * -7.09175e-08 = -1.00023e-12
0.0262451 - -0.00170851 * -5.03965e-06 = 0.0262451
0 - -1000 * -5.03965e-06 = -0.00503965
0.0830078 - -1.03213e-12 * -1.00149e-15 = 0.0830078
500.105 - -500 * -0.999878 = 0.165771
0 - -1.00006e-12 * -0.99999 = -1.00005e-12
1000 - -1000 * -0.99999 = 0.0100098
0 - -9.63422e-09 * -1 = -9.63422e-09
0 - -1.00023e-12 * -1 = -1.00023e-12
0 - -0.00170851 * -0.99999 = -0.00170849
0 - -0.0521263 * -1 = -0.0521263
-4.06174 / 4.07651 = -0.996377
0 - 3.74304e-05 * -1 = 3.74304e-05
0 - -3.75086e-05 * -1 = -3.75086e-05
0 - 0.0521263 * -1 = 0.0521263
-0.0521319 - 0.0521263 * -1.0005e-15 = -0.0521319
-1.77682e-06 - -0.0130774 * -3.89391e-11 = -1.77682e-06
-8.27565e-06 - -0.0609088 * -8.46797e-06 = -8.79143e-06
-0.0521319 - -0.0521263 * -1.0005e-15 = -0.0521319
-0.00640223 - -6.83999e-07 * -0.999994 = -0.00640292
-0.125 / 0.125 = -0.999999
0 - 1.84433e-12 * -1 = 1.84433e-12
3000.7 - -1000 * -1 = 2000.7
0.000366211 - 0.00365243 * -1.0021e-15 = 0.000366211
-0.00378626 - 0.00365243 * -1.0021e-15 = -0.00378626
-0.000222222 - 0.00365243 * -1 = 0.00343021
0 - -1000 * -1.0005e-15 = -1.0005e-12
2000 - -1000 * -0.999994 = 1000.01
0 - -1000 * -1.00007e-15 = -1.00007e-12
0 - -0.208104 * -0.999792 = -0.208061
-0.00013383 - -0.00365243 * -1.0021e-15 = -0.00013383
0 - -1000 * -1.00149e-15 = -1.00149e-12
1000 - 0.0130773 * -3.89391e-11 = 1000
0 - 0.0130773 * -1 = 0.0130773
-1e-08 - -1.99969e-31 * -1 = -1e-08
100000 - -99984.7 * -1 = 15.3281
2000 - -1000 * -0.999994 = 1000.01
0 - 0.000275093 * -3.63463e+08 = 99986
0 - -1000 * 7.09204e-08 = 7.09204e-05
8.54271 - 18.1933 * -1 = 26.736
-0.000222222 - -1000 * -1.0021e-15 = -0.000222222
1000 - -9.63422e-09 * -7.09175e-08 = 1000
0 - -1000 * -7.09175e-08 = -7.09175e-05
0 - -1000 * -1.0021e-15 = -1.0021e-12
0 - -1000 * -1.0005e-15 = -1.0005e-12
0 - -1000 * -3.89391e-11 = -3.89391e-08
3000 - -1000 * -1 = 2000
0 - -3.00339e-05 * -0.00149342 = -4.48531e-08
2000 - -1000 * -0.999998 = 1000
6.57462 - -6.57462 * -6.57458e-06 = 6.57458
0 - -6.57462 * -0.999993 = -6.57458
0 - -1000 * -1.00006e-15 = -1.00006e-12
1000.1 - -1000 * -1 = 0.104919
-0.714612 / 0.71875 = -0.994242
4000 - -1000 * -1 = 3000
1000.01 - 0.0439736 * -8.46797e-06 = 1000.01
0 - 0.0439736 * -0.999983 = 0.0439729
0 - -0.0609088 * -0.999983 = -0.0609078
0 - -1e+06 * -6.57458e-06 = -6.57458
-1661.88 / 0.71875 = -2312.19
1000.01 - -4.52262e-08 * -0.00149342 = 1000.01
-3.00339e-05 / 3.02838e-05 = -0.991749
-4.52262e-08 / 3.02838e-05 = -0.00149342
0.146316 - -0.00873356 * -0.00251228 = 0.146294
-0.00257956 - -0.00873356 * -0.00111117 = -0.00258927
0 - 1.84431e-12 * -1 = 1.84431e-12
3000.7 - -1000 * -1 = 2000.7
2216.31 - -8e-31 * 29601.1 = 2216.31
-0.05245 - 0.0439736 * -8.46694e-06 = -0.0524496
0.443749 - -0.43664 * -0.954232 = 0.0270935
0.00333096 - -0.0083709 * -5.03965e-06 = 0.00333091
0 - -0.0083709 * -0.99999 = -0.00837082
-0.0130792 - 0.0130773 * -3.89381e-11 = -0.0130792
0 - -1000 * -3.89381e-11 = -3.89381e-08
-0.00640232 - -6.84008e-07 * -0.999994 = -0.006403
0 - -0.00365237 * -1 = -0.00365237
-1762.46 - -1.99969e-31 * 1705.43 = -1762.46
-9.38897e-12 / 0.00962788 = -9.75186e-10
0.0132446 - -0.0130774 * -3.89381e-11 = 0.0132446
0 - -3.20513 * -0.000850611 = -0.00272632
0 - -4.06174 * -0.00251228 = -0.0102042
-0.0199318 - -4.06174 * -0.00111117 = -0.0244451
-4.42388e-10 / 0.00962788 = -4.59486e-08
-0.00045847 / 0.00962788 = -0.047619
0 - -4.65499e-08 * -0.999999 = -4.65498e-08
0 - -1000 * -1.00149e-15 = -1.00149e-12
0.0191026 - 0.00584427 * -0.00407628 = 0.0191264
4000.08 - -1000 * -0.999948 = 3000.14
1100.01 - -100 * -0.999958 = 1000.02
0 - -1000 * -8.46694e-06 = -0.00846694
0 - -1.03213e-12 * -1 = -1.03213e-12
2000.4 - -1000 * -0.999792 = 1000.61
0 - -1.00006e-12 * -0.99999 = -1.00005e-12
1000 - -1000 * -0.99999 = 0.0100098
0 - -0.125 * 2.44141e-08 = 3.05176e-09
0 - -1000 * -1.0005e-15 = -1.0005e-12
-2216.31 / 3.5625 = -622.123
-0.000222222 - 0.00365237 * -1 = 0.00343014
-3.20513 / 3.5625 = -0.899685
0 - 0.052125 * -1 = 0.052125
0 - -1.65501e-06 * -0.999983 = -1.65498e-06
3000 - -1000 * -0.999983 = 2000.02
1000 - -1.65501e-06 * 1.71249e-05 = 1000
1000 - 1.84434e-12 * -1.00006e-15 = 1000
-0.0010718 - -0.00603746 * -0.00251228 = -0.00108697
0 - 1.84434e-12 * -1 = 1.84434e-12
0 - -9.70857e-13 * -1 = -9.70857e-13
1000.04 - -9.70857e-13 * -1.00149e-15 = 1000.04
-1.03212e-12 - -1000 * -6.403e-06 = -0.006403
-2216.31 / 3.5625 = -622.123
1000 - -1.00006e-12 * -9.55319e-16 = 1000
0 - -1000 * -9.55319e-16 = -9.55319e-13
1000 - 1.84431e-12 * -1.00007e-15 = 1000
-1762.46 - -1.99969e-31 * 1705.43 = -1762.46
0 - 0.00584418 * -0.976157 = 0.00570484
1e+06 - -1e+06 * -0.999993 = 9.75
0 - -1000 * 1.71249e-05 = 0.0171249
0 - -4.06174 * -0.00407628 = -0.0165568
5.16472 - -5.16089 * -0.99999 = 0.0038867
0.0191026 - 0.00584418 * -0.00407628 = 0.0191264
4000 - -1000 * -1 = 3000
0 - -1 * 100001 = 100001
0 - -0.052125 * -1 = -0.052125
4.06224 - -4.06174 * -0.976157 = 0.0973468
1.70516e+08 - -100000 * -2325.58 = -6.20416e+07
0 - -4.06174 * -0.00407628 = -0.0165568
-0.00013383 - -0.00365237 * -1.0021e-15 = -0.00013383
-0.000222222 - -1000 * -1.0021e-15 = -0.000222222
1000.04 - -9.70857e-13 * -1.00149e-15 = 1000.04
1000.01 - -0.00837099 * -5.03972e-06 = 1000.01
-2.32137e-07 - -0.00170853 * -5.03972e-06 = -2.40747e-07
0 - -1000 * -5.03972e-06 = -0.00503972
-0.0524337 - 0.0439531 * -8.47113e-06 = -0.0524333
0 - -1000 * -8.47113e-06 = -0.00847113
0 - -0.0166119 * -0.99999 = -0.0166117
0.882643 - -3.00339e-05 * -0.991749 = 0.882613
4000.08 - -1000 * -0.999948 = 3000.14
-0.0025 - 0.0165591 * -0.99999 = 0.0140589
0 - -1000 * -0.00020809 = -0.20809
0.165827 - -0.0609088 * -8.46694e-06 = 0.165826
0.000366211 - 0.00365237 * -1.0021e-15 = 0.000366211
1.70516e+08 - 99986 * 1705.43 = -2208
0 - -6.57462 * -0.999993 = -6.57458
0 - 1.84432e-12 * -1 = 1.84432e-12
-5.09627e-09 - -3.75086e-05 * -3.90678e-11 = -5.09627e-09
-0.037037 - -1.03213e-12 * -1.00149e-15 = -0.037037
0 - -5.16089 * -1.01468e-05 = -5.23665e-05
0 - -1000 * -1.00007e-15 = -1.00007e-12
0 - -1 * 100001 = 100001
0.0830078 - -1.03213e-12 * -1.00149e-15 = 0.0830078
4.06224 - -4.06174 * -0.976157 = 0.0973468
100000 - -0.0005 * -0.000695652 = 100000
0 - -0.208104 * -0.999792 = -0.208061
1000.21 - -0.208104 * -0.00020809 = 1000.21
-1.03212e-12 - -1000 * -6.40292e-06 = -0.00640292
0 - -1000 * -3.90678e-11 = -3.90678e-08
-0.037037 - -9.70857e-13 * -1.00149e-15 = -0.037037
-1000 / 1000 = -1
-1.65437e-06 / 1000 = -1.65437e-09
26.736 - -1.99969e-31 * -2e-36 = 26.736
3000 - -1000 * -1 = 2000
0 - -4.52262e-08 * -0.991749 = -4.48531e-08
0 - -3.20513 * -0.000850611 = -0.00272632
0 - -1000 * -1.00149e-15 = -1.00149e-12
-0.037037 - -1.03213e-12 * -1.00149e-15 = -0.037037
0 - -1.03213e-12 * -1 = -1.03213e-12
0.146316 - -0.00873356 * -0.00251228 = 0.146294
-0.0010718 - -0.00603746 * -0.00251228 = -0.00108697
0 - -1000 * -1.0021e-15 = -1.0021e-12
0 - 0.00584427 * -0.976157 = 0.00570493
-1e-08 - -100000 * -2e-36 = -1e-08
-3.74746e-05 - 3.74304e-05 * -3.90678e-11 = -3.74746e-05
-0.0037862 - 0.00365237 * -1.0021e-15 = -0.0037862
0 - -1e+06 * -6.57458e-06 = -6.57458
-0.00257956 - -0.00873356 * -0.00111117 = -0.00258927
1000 - 3.74304e-05 * -3.90678e-11 = 1000
0.000305092 - -3.75086e-05 * -3.90678e-11 = 0.000305092
0 - -1.00023e-12 * -1 = -1.00023e-12
1000 - 1.84432e-12 * -1.00006e-15 = 1000
0 - -1000 * -1.00006e-15 = -1.00006e-12
0 - -1000 * -1.00149e-15 = -1.00149e-12
0 - -4.06174 * -0.00251228 = -0.0102042
0 - -0.00837099 * -0.99999 = -0.00837091
1000.1 - -1000 * -1 = 0.104858
-0.0199318 - -4.06174 * -0.00111117 = -0.0244451
-1.00023e-12 - -1.00023e-12 * -7.08897e-08 = -1.00023e-12
0 - -9.63044e-09 * -1 = -9.63044e-09
0.882644 - -0.882613 * -0.999982 = 4.673e-05
0 - -1.55006e-05 * -0.999982 = -1.55003e-05
-1000 / 1000 = -1
-0.0521306 - -5.56891e-06 * -0.999948 = -0.0521361
-100000 - -0.714612 * -0.000695652 = -100000
-1e-08 - -100000 * -2e-36 = -1e-08
0 - -9.70857e-13 * -1 = -9.70857e-13
0.00333099 - -0.00837099 * -5.0397e-06 = 0.00333095
0 - -1000 * -5.0397e-06 = -0.0050397
0.882628 - -1.55006e-05 * -1.75618e-05 = 0.882628
2000.02 - -0.00365243 * -1.0021e-15 = 2000.02
0 - -0.0005 * -2312.19 = -1.15609
-0.0025 - 0.0165591 * -0.99999 = 0.0140589
-1000 / 1000.21 = -0.999792
-1.00005e-12 / 1000 = -1.00005e-15
-0.208061 / 1000.21 = -0.000208018
4.06761 - -4.06174 * -0.996377 = 0.0205903
0 - -0.00873356 * -0.996377 = -0.00870192
0 - -0.882613 * -1.75618e-05 = -1.55003e-05
100000 - -0.0005 * -0.000695652 = 100000
-100000 - -0.714612 * -0.000695652 = -100000
-9.38897e-12 / 0.00962788 = -9.75186e-10
-1000 / 1000.01 = -0.999995
0.0262451 - -0.00170853 * -5.0397e-06 = 0.0262451
0 - -0.00170853 * -0.99999 = -0.00170851
2000.4 - -1000 * -1 = 1000.4
4.06761 - 0.0165591 * -8.21254e-08 = 4.06761
-100000 - -0.0005 * -0.994242 = -100000
0 - -1000 * -1.0005e-15 = -1.0005e-12
1000.01 - 0.0439531 * -8.47216e-06 = 1000.01
0 - -1000 * -8.47216e-06 = -0.00847216
1.84433e-12 / 1000 = 1.84433e-15
0.00343021 / 0.000366211 = 9.36676
-0.0244451 - 0.0165591 * -1.01468e-05 = -0.024445
-7.08926e-05 - -9.63044e-09 * 7.08926e-08 = -7.08926e-05
1000 - -9.63044e-09 * -7.08897e-08 = 1000
-0.00337229 - -0.0166119 * -8.21254e-08 = -0.0033723
0 - -0.0166119 * -0.99999 = -0.0166117
0 - 0.0439531 * -0.999983 = 0.0439524
-0.00378626 / 0.000366211 = -10.339
26.736 - -1.99969e-31 * -2e-36 = 26.736
-0.00337229 - -0.00603746 * -0.996377 = -0.00938788
-0.0521306 - 0.052125 * -1.0005e-15 = -0.0521306
0 - -1000 * -7.08897e-08 = -7.08897e-05
0.061654 - -0.0391698 * -0.882326 = 0.0270935
0 - -0.00873356 * -0.996377 = -0.00870192
15.3281 - 99986 * -1 = 100001
0.0270935 - -0.00603746 * -0.00111117 = 0.0270868
0 - -4.52262e-08 * -0.991749 = -4.48531e-08
-1000 / 1000 = -1
3000 - -1000 * -1 = 2000
6.57462 - -6.57462 * -6.57458e-06 = 6.57458
-0.0025 - -5.16089 * -8.21254e-08 = -0.00250042
0 - -1000 * -3.90678e-11 = -3.90678e-08
-0.00045847 / 0.00962788 = -0.047619
1e+06 - -1e+06 * -0.999993 = 9.75
-5.81108e-11 - -4.43362e-10 * -9.75186e-10 = -5.81108e-11
1.29772 - -4.43362e-10 * -4.59486e-08 = 1.29772
1100.01 - -100 * -0.999958 = 1000.02
0 - -1000 * 7.08926e-08 = 7.08926e-05
0 - -4.65499e-08 * -0.999999 = -4.65498e-08
-1e-08 - -2e-31 * -1 = -1e-08
-1000 / 1000 = -1
-9.63422e-09 / 1000 = -9.63422e-12
-7.09204e-05 / 1000 = -7.09204e-08
-1762.46 - -2e-31 * -2325.58 = -1762.46
-1.00005e-12 / 1000 = -1.00005e-15
0 - -1000 * -0.000208018 = -0.208018
-3.20513 / 3.5625 = -0.899685
-1000 / 1000 = -1
-4.42388e-10 / 0.00962788 = -4.59486e-08
-8.27401e-06 - -0.0608967 * -8.47216e-06 = -8.78993e-06
0 - -0.0608967 * -0.999983 = -0.0608957
0 - -0.125 * 2.44141e-08 = 3.05176e-09
0.165771 - -0.0608967 * -8.47113e-06 = 0.165771
1000.01 - -4.52262e-08 * -0.00149342 = 1000.01
0.00333091 / 1000.01 = 3.3309e-06
-0.00837082 / 1000.01 = -8.37078e-06
-0.0025 - -5.16089 * -8.21254e-08 = -0.00250042
-1e-08 - -2e-31 * -1 = -1e-08
15.3281 - -100000 * -1 = -99984.7
5.16472 - -5.16089 * -0.99999 = 0.0038867
-0.0521319 - -5.56905e-06 * -0.999948 = -0.0521374
18.1987 - -8.41421e-12 * -9.75186e-10 = 18.1987
-5.90855e-11 - -8.41421e-12 * -4.59486e-08 = -5.90855e-11
0 - -8.41421e-12 * -0.047619 = -4.00676e-13
0 - -4.43362e-10 * -0.047619 = -2.11125e-11
2216.31 - -3.20513 * -622.123 = 222.329
0 - -0.0030303 * -622.123 = -1.88522
0 - -5.16089 * -1.01468e-05 = -5.23665e-05
6.57458 - -4.65499e-08 * 2.44141e-08 = 6.57458
-100000 - -0.0005 * -0.994242 = -100000
0.00343014 / 0.000366211 = 9.36658
0 - -1000 * -1.65437e-09 = -1.65437e-06
-0.0521319 - -1000 * -5.21319e-05 = -0.104264
-1000 / 1000 = -1
3000 - -1000 * -1 = 2000
-0.0130792 / 1000 = -1.30792e-05
0 - -0.00045847 * -4.59486e-08 = -2.10661e-11
2000.02 - -1000 * -0.99999 = 1000.03
-1000 / 1000 = -1
-1.65498e-06 / 1000 = -1.65498e-09
-4.48531e-08 / 0.882613 = -5.08185e-08
0 - 0.0171249 * -1 = 0.0171249
-0.0037862 / 0.000366211 = -10.3388
-0.0244451 - 0.0165591 * -1.01468e-05 = -0.024445
0.0130773 / 1000 = 1.30773e-05
2000 - -1000 * -0.999983 = 1000.02
0.146294 - -0.125 * -0.999999 = 0.0212943
0 - -0.0005 * -2312.19 = -1.15609
1000.61 - -1000 * -1 = 0.609802
0 - -0.0030303 * -622.123 = -1.88522
1000.05 - -1000 * -1 = 0.0454712
0.146294 - -0.125 * -0.999999 = 0.0212943
-3.11007e-05 / 4.673e-05 = -0.665541
-0.00365243 - -0.00013383 * 9.36676 = -0.00239888
0.882643 - -3.00339e-05 * -0.991749 = 0.882613
0 - -3.00339e-05 * -0.00149342 = -4.48531e-08
0 - -0.00045847 * -9.75186e-10 = -4.47093e-13
0 - -0.0030303 * -0.899685 = -0.00272632
1.84431e-12 / 1000 = 1.84431e-15
9.75 - -3.20513 * -0.899685 = 6.86639
-3.19068e-12 / 0.0973468 = -3.27764e-11
-0.0165568 / 0.0973468 = -0.170081
-1000 / 1000.02 = -0.999984
-0.0005 / 1000.02 = -4.99992e-07
-1000 / 1000 = -1
1.84434e-12 / 1000 = 1.84434e-15
-0.0005 / 0.0973468 = -0.00513628
3000.14 - -0.0666667 * -6.66622e-05 = 3000.14
2000 - -1000 * -0.999948 = 1000.05
2000.02 - -1000 * -0.99999 = 1000.03
0.00333095 / 1000.01 = 3.33093e-06
1000 - -1000 * -0.999792 = 0.209656
0.0205903 - 0.0165591 * -8.21254e-08 = 0.0205903
3000.14 - -1000 * -0.999948 = 2000.19
-1000 / 1000 = -1
-1000 / 1000.01 = -0.999995
-0.882613 / 0.882613 = -1
-2208 - -0.714612 * -2312.19 = -3860.32
-1000 / 1000.21 = -0.999792
-1000 / 1000 = -1
0 - -2.40745e-07 * -0.999995 = -2.40744e-07
0 - -1000 * -7.09204e-08 = -7.09204e-05
7.09204e-05 - -7.09175e-05 * -7.09204e-08 = 7.09204e-05
0 - -1000 * -1.00005e-15 = -1.00005e-12
-0.01138 / 1000.02 = -1.13798e-05
2216.31 - -3.20513 * -622.123 = 222.329
-0.0165568 / 0.0973468 = -0.170081
-0.0005 / 0.0973468 = -0.00513628
-3.74746e-05 / 1000 = -3.74746e-08
3.74304e-05 / 1000 = 3.74304e-08
-1000 / 1000 = -1
1.84432e-12 / 1000 = 1.84432e-15
0 - -0.20809 * -0.999792 = -0.208046
-1000 / 1000 = -1
-1762.46 - -2e-31 * -2325.58 = -1762.46
-6.20416e+07 - 99986 * 1705.43 = -2.3256e+08
-0.208061 / 1000.21 = -0.000208018
-0.0521361 - -0.052125 * -1.0005e-15 = -0.0521361
0.0100098 - -9.55319e-13 * -1.00005e-15 = 0.0100098
0 - -0.00503966 * -0.999995 = -0.00503964
2000.7 - -1000 * -1 = 1000.7
6.57458 - -4.65499e-08 * 2.44141e-08 = 6.57458
-0.011408 / 1000.02 = -1.14079e-05
1000.05 - -1000 * -1 = 0.0454712
0 - 0.0171249 * -1 = 0.0171249
-3.19068e-12 / 0.0973468 = -3.27764e-11
1000.4 - -1000 * -0.999792 = 0.609802
0.0270935 - -0.00603746 * -0.00111117 = 0.0270868
100000 - -0.00045847 * -0.047619 = 100000
0 - -8.41421e-12 * -0.047619 = -4.00676e-13
0 - -4.43362e-10 * -0.047619 = -2.11125e-11
-0.00365237 - -0.00013383 * 9.36658 = -0.00239884
26.736 - -2e-31 * -2e-36 = 26.736
-0.00837091 / 1000.01 = -8.37087e-06
2000.7 - -1000 * -1 = 1000.7
0 - -1000 * -1.00005e-15 = -1.00005e-12
-0.0033723 - -0.00603746 * -0.996377 = -0.00938788
-9.70857e-13 - -1000 * -9.63422e-12 = -9.63519e-09
-1.00023e-12 - -1.00023e-12 * -9.63422e-12 = -1.00023e-12
3000 - -1000 * -1 = 2000
0 - -1000 * -1.65498e-09 = -1.65498e-06
-1.0021e-12 - -0.000222222 * -10.3388 = -0.00229752
0 - -9.55319e-13 * -1 = -9.55319e-13
100000 - -0.00045847 * -0.047619 = 100000
0 - -1000 * 1.84433e-15 = 1.84433e-12
-0.0521306 - -1000 * -5.21306e-05 = -0.104261
-0.0005 / 1000.02 = -4.99992e-07
1000.03 - -0.00365237 * -1.0021e-15 = 1000.03
0 - -1.77682e-06 * -1 = -1.77682e-06
-1.55003e-05 / 4.673e-05 = -0.331699
0 - -0.00045847 * -9.75186e-10 = -4.47093e-13
18.1987 - -8.41421e-12 * -9.75186e-10 = 18.1987
-5.81108e-11 - -4.43362e-10 * -9.75186e-10 = -5.81108e-11
-9.63044e-09 / 1000 = -9.63044e-12
0.0270868 - -0.0166119 * -1.01468e-05 = 0.0270866
-0.00938788 - -0.0166119 * -8.21254e-08 = -0.00938788
0 - -9.55319e-13 * -1 = -9.55319e-13
-1.00149e-12 - -7.09175e-05 * -1 = -7.09175e-05
0 - -1.00023e-12 * -1 = -1.00023e-12
-1.0021e-12 - -0.000222222 * -10.339 = -0.00229756
100001 - -100000 * -1 = 1.29688
0 - -0.00045847 * -4.59486e-08 = -2.10661e-11
1.29772 - -4.43362e-10 * -4.59486e-08 = 1.29772
0 - -1000 * 3.3309e-06 = 0.0033309
0 - -1000 * -8.37078e-06 = -0.00837078
0 - -3.89391e-08 * -1 = -3.89391e-08
0.609802 - -0.20809 * -0.000208018 = 0.609759
26.736 - -2e-31 * -2e-36 = 26.736
-7.08926e-05 / 1000 = -7.08926e-08
2000 - -1000 * -1 = 1000
1000.04 - -1000 * -1 = 0.0370483
0.0100098 - -9.55319e-13 * -1.00005e-15 = 0.0100098
-3.89381e-08 - -3.89391e-08 * -1.30792e-05 = -3.89386e-08
0 - -1000 * -4.99992e-07 = -0.000499992
-0.0050397 - -0.00503972 * 3.33093e-06 = -0.00503968
4.06761 - -4.06174 * -0.996377 = 0.0205903
-1000 / 1000.02 = -0.999984
-0.00170849 - -2.40745e-07 * -8.37078e-06 = -0.00170849
0 - -0.882613 * -5.08185e-08 = -4.48531e-08
-0.0130774 - -1.77682e-06 * 1.30773e-05 = -0.0130774
-1.65437e-06 / 0.0454712 = -3.63828e-05
-0.0454545 / 0.0454712 = -0.999634
0 - -0.01138 * -0.999984 = -0.0113798
-0.208018 / 0.209656 = -0.992187
0 - -0.0030303 * -0.899685 = -0.00272632
9.75 - -3.20513 * -0.899685 = 6.86639
0 - -1.00007e-12 * -1 = -1.00007e-12
-0.00503965 - -0.00503966 * 3.3309e-06 = -0.00503963
0 - -1.55003e-05 * -0.665541 = -1.03161e-05
-0.882613 / 0.882613 = -1
-4.48531e-08 / 0.882613 = -5.08185e-08
0 - -1000 * 1.84431e-15 = 1.84431e-12
1000.03 - 0.0171249 * -1.65437e-09 = 1000.03
0.104919 - -1.00006e-12 * 1.84434e-15 = 0.104919
0.0262451 - -2.40745e-07 * 3.3309e-06 = 0.0262451
0.0132446 - -1.77682e-06 * -1.30792e-05 = 0.0132446
0 - -0.0005 * -0.999984 = -0.000499992
0 - -3.19068e-12 * -0.00513628 = -1.63882e-14
0 - 0.00570484 * -0.00513628 = 2.93016e-05
2000.19 - -1e-12 * -1.6631e-13 = 2000.19
3000 - -1000 * -1 = 2000
-5.90855e-11 - -8.41421e-12 * -4.59486e-08 = -5.90855e-11
-4.65498e-08 / 6.57458 = -7.08027e-09
-6.57458 / 6.57458 = -1
1000.01 - -1000 * -1 = 0.0113525
0 - -1000 * -1.30792e-05 = -0.0130792
1000.02 - 0.0521263 * -1.0005e-15 = 1000.02
0 - -0.01138 * -4.99992e-07 = -5.68992e-09
-0.0102042 / 0.0205903 = -0.495584
-0.024445 / 0.0205903 = -1.18721
-99984.7 - 99986 * -1 = 1.29688
1000.01 - -4.48531e-08 * -5.08185e-08 = 1000.01
0 - -3.19068e-12 * -0.170081 = -5.42673e-13
0.0191264 - 0.00570484 * -0.170081 = 0.0200967
3000.14 - -1000 * -0.999948 = 2000.19
-3860.32 - -100000 * -2325.58 = -2.32562e+08
1000 - -1000 * -0.999792 = 0.209656
0 - -3.19068e-12 * -0.170081 = -5.42672e-13
0.0191264 - 0.00570493 * -0.170081 = 0.0200967
0 - -0.0005 * -0.170081 = -8.50403e-05
0 - -5.09627e-09 * -1 = -5.09627e-09
0 - -1.00006e-12 * -1 = -1.00006e-12
-2.5641e-05 / 0.209656 = -0.000122301
0 - -2.40747e-07 * -0.999995 = -2.40746e-07
0 - -0.20809 * -0.999792 = -0.208046
0 - -3.19068e-12 * -0.00513628 = -1.63882e-14
0 - -1000 * 1.30773e-05 = 0.0130773
0.882644 - -3.11007e-05 * -0.665541 = 0.882623
0 - 0.00570484 * -3.27764e-11 = 1.86984e-13
0 - -0.0005 * -0.170081 = -8.50403e-05
0.0140589 / 0.0205903 = 0.682795
0 - -1.00006e-12 * -1 = -1.00006e-12
0 - 0.00570493 * -0.00513628 = 2.93021e-05
0.0830078 - -0.0005 * -0.00513628 = 0.0830052
0 - -1000 * -0.000208018 = -0.208018
-0.0454545 / 0.0454712 = -0.999634
1000.7 - -1000 * -0.999995 = 0.703308
0 - -1000 * 1.84434e-15 = 1.84434e-12
0.0830078 - -0.0005 * -0.00513628 = 0.0830052
0 - -0.00503972 * -0.999995 = -0.00503969
-3.75086e-05 - -5.09627e-09 * 3.74304e-08 = -3.75086e-05
-2.3256e+08 - -0.714612 * -2312.19 = -2.32562e+08
-1.38368e-16 / 0.0100098 = -1.38233e-14
-1.65498e-06 / 0.0454712 = -3.63963e-05
2000 - -1000 * -1 = 1000
1000.05 - 0.052125 * -1.0005e-15 = 1000.05
0.0262451 - -2.40747e-07 * 3.33093e-06 = 0.0262451
0 - -1000 * 3.33093e-06 = 0.00333093
-0.00170851 - -2.40747e-07 * -8.37087e-06 = -0.00170851
0 - -1000 * -8.37087e-06 = -0.00837087
1000.03 - 0.0171249 * -1.65498e-09 = 1000.03
-2.10661e-11 / 100000 = -2.10661e-16
1000 - -0.000222222 * 9.36658 = 1000
0 - -0.011408 * -0.999984 = -0.0114079
0.609759 - -0.208046 * -0.992187 = 0.403338
0 - -0.0005 * -3.27764e-11 = -1.63882e-14
1000.01 - -1000 * -0.999984 = 0.0245361
0 - -4.48531e-08 * -1 = -4.48531e-08
1000.04 - -1000 * -1 = 0.0370483
-1.00149e-12 - -7.08897e-05 * -1 = -7.08896e-05
0 - -1.00023e-12 * -1 = -1.00023e-12
0 - -1.00007e-12 * -1 = -1.00007e-12
0 - -1000 * -1.13798e-05 = -0.0113798
0 - -0.0005 * -1.13798e-05 = -5.68992e-09
-4.65498e-08 / 6.57458 = -7.08027e-09
-6.57458 / 6.57458 = -1
0.0270868 - -0.0166119 * -1.01468e-05 = 0.0270866
0 - -3.11007e-05 * -0.331699 = -1.03161e-05
0.882628 - -1.55003e-05 * -0.331699 = 0.882623
0.0140589 / 0.0205903 = 0.682795
-0.024445 / 0.0205903 = -1.18721
0.104858 - -1.00006e-12 * 1.84432e-15 = 0.104858
-1.01839e-12 / 0.0100098 = -1.0174e-10
0 - -1000 * -1.14079e-05 = -0.0114079
0 - -0.0005 * -1.14079e-05 = -5.70393e-09
0.609802 - -0.20809 * -0.000208018 = 0.609759
0 - -0.0005 * -3.27764e-11 = -1.63882e-14
-9.55319e-13 / 0.0100098 = -9.54387e-11
0 - -1000 * -4.99992e-07 = -0.000499992
0 - -0.011408 * -4.99992e-07 = -5.70393e-09
0.882613 - -0.882613 * -1 = 2.38419e-07
0.000305092 - -5.09627e-09 * -3.74746e-08 = 0.000305092
-3.90678e-08 - -3.90678e-08 * -3.74746e-08 = -3.90678e-08
0 - -1000 * -3.74746e-08 = -3.74746e-05
0 - 0.00570493 * -3.27764e-11 = 1.86987e-13
-1.15609 / 100000 = -1.15609e-05
2000 - -1000 * -1 = 1000
-9.70857e-13 - -1000 * -9.63044e-12 = -9.63141e-09
-1.00023e-12 - -1.00023e-12 * -9.63044e-12 = -1.00023e-12
-4.47093e-13 / 100000 = -4.47093e-18
1.29688 - -0.714612 * -0.994242 = 0.586378
0 - -1000 * -7.08926e-08 = -7.08926e-05
7.08926e-05 - -7.08897e-05 * -7.08926e-08 = 7.08926e-05
-9.63519e-09 / 0.0370483 = -2.60071e-07
-7.09204e-05 / 0.0370483 = -0.00191427
-0.0102042 / 0.0205903 = -0.495584
0 - -0.0005 * -0.999984 = -0.000499992
0 - -3.90678e-08 * -1 = -3.90678e-08
-0.037037 / 0.0370483 = -0.999695
1000.01 - -1000 * -0.999984 = 0.0245361
0 - -0.0454545 * -3.63828e-05 = -1.65376e-06
1000.03 - -0.00013383 * -10.339 = 1000.03
0.0212943 - 3.05176e-09 * -7.08027e-09 = 0.0212943
0 - 3.05176e-09 * -1 = 3.05176e-09
1.29688 - -0.714612 * -0.994242 = 0.586378
1000.01 - -1000 * -1 = 0.0114136
0 - -0.208046 * -0.000122301 = -2.54442e-05
0 - -1000 * 1.84432e-15 = 1.84432e-12
-9.55319e-13 / 0.0100098 = -9.54387e-11
0 - 0.0171249 * -0.999634 = 0.0171187
0 - -0.882613 * -5.08185e-08 = -4.48531e-08
-0.00108697 - -0.00938788 * -0.495584 = -0.00573945
-2.32562e+08 - 100001 * -2325.58 = -2208
-0.882613 / 0.882623 = -0.999988
1000.7 - -1.00007e-12 * 1.84431e-15 = 1000.7
-1.38368e-16 / 0.0100098 = -1.38233e-14
0.882613 - -0.882613 * -1 = 2.38419e-07
0 - -4.48531e-08 * -1 = -4.48531e-08
-9.12462e-08 / 0.0132446 = -6.88929e-06
1000.02 - -1000 * -0.999948 = 0.0690308
0.0113525 - -0.01138 * -1.13798e-05 = 0.0113524
2000.19 - -0.0030303 * -3.0303e-09 = 2000.19
0 - 0.0171249 * -0.999634 = 0.0171187
0.0439729 / 0.0245361 = 1.79217
-0.037037 / 0.0370483 = -0.999695
-100000 / 100000 = -1
0 - -2.5641e-05 * -0.992187 = -2.54407e-05
2000.19 - -0.0666622 * -1.00018 = 2000.12
-5.23665e-05 - -0.00250042 * -1.18721 = -0.00302089
1000.01 - -2.5641e-05 * -0.000122301 = 1000.01
0.0038867 - -0.00250042 * 0.682795 = 0.00559398
-0.0166117 - -0.00938788 * 0.682795 = -0.0102017
-2.32562e+08 - 100001 * -2325.58 = -2208
1000 - -0.000222222 * 9.36676 = 1000
0.0270866 - -3.19068e-12 * -3.27764e-11 = 0.0270866
-0.0130774 / 0.0132446 = -0.987376
-0.000200001 / 0.0132446 = -0.0151005
-2.5641e-05 / 0.209656 = -0.000122301
0.0830052 - -0.0454545 * -0.999634 = 0.0375673
1000.05 - -1000 * -0.999983 = 0.0690918
1000.03 - -0.00013383 * -10.3388 = 1000.03
-0.0524496 / 0.0245361 = -2.13765
-1.01839e-12 / 0.0100098 = -1.0174e-10
-1.3538e-07 - -0.00250042 * -0.495584 = -0.0012393
-0.208018 / 0.209656 = -0.992187
-1.3538e-07 - -0.00870192 * 0.682795 = 0.00594149
0.0830052 - -0.0454545 * -0.999634 = 0.0375673
0 - -0.0454545 * -3.63963e-05 = -1.65438e-06
-0.000499992 / 0.0245361 = -0.0203778
-1.03161e-05 / 0.882623 = -1.1688e-05
-1 / 2.38419e-07 = -4.1943e+06
0.0212943 - -0.00870192 * -0.495584 = 0.0169817
0 - -1000 * 3.74304e-08 = 3.74304e-05
2000 - -1000 * -1 = 1000
-1.77682e-06 / 0.0132446 = -0.000134154
-0.00258927 - -0.00870192 * -1.18721 = -0.0129202
0.0262451 - 0.0245335 * -1.38233e-14 = 0.0262451
0.0033309 - -1.00005e-12 * -1.38233e-14 = 0.0033309
0.0270866 - -3.19068e-12 * -3.27764e-11 = 0.0270866
-0.0113798 / 0.0245361 = -0.463799
-0.0490669 - 0.0245335 * -1.0174e-10 = -0.0490669
0 - -1.00005e-12 * -1.0174e-10 = -1.01745e-22
-3.75086e-05 / 0.000305092 = -0.122942
0 - -6.57458 * -7.08027e-09 = -4.65498e-08
6.86639 - -6.57458 * -1 = 0.291814
0 - 3.05176e-09 * -1 = 3.05176e-09
6.86639 - -6.57458 * -1 = 0.291814
-1.3538e-07 - -0.00870192 * 0.682795 = 0.00594149
-0.00258927 - -0.00870192 * -1.18721 = -0.0129202
-1.08923e-07 / 0.000305092 = -0.000357017
-0.000238743 / 0.000305092 = -0.782527
1000 - -7.08897e-05 * -9.63044e-12 = 1000
0.0038867 - -0.00250042 * 0.682795 = 0.00559398
-0.0166117 - -0.00938788 * 0.682795 = -0.0102017
-5.23665e-05 - -0.00250042 * -1.18721 = -0.00302089
-4.48531e-08 / 2.38419e-07 = -0.188127
2215.87 - -2.11125e-11 * -1.15609e-05 = 2215.87
0.586378 - 100001 * -1 = 100001
-1.00023e-12 - -1.00023e-12 * -2.60071e-07 = -1.00023e-12
7.09204e-05 - -7.09175e-05 * -0.00191427 = 7.07847e-05
-1.3538e-07 - -0.00250042 * -0.495584 = -0.0012393
1000.05 - -0.0245335 * -1.0174e-10 = 1000.05
-9.63141e-09 / 0.0370483 = -2.59969e-07
-7.08926e-05 / 0.0370483 = -0.00191352
-1.00149e-12 - -7.09175e-05 * -0.999695 = -7.08958e-05
0 - -1.00023e-12 * -0.999695 = -9.99921e-13
2000.19 - -0.00640223 * -1.03212e-15 = 2000.19
-4.48531e-08 / 2.38419e-07 = -0.188127
0.703308 - -1.00007e-12 * 1.84433e-15 = 0.703308
-0.0245335 - -0.0245335 * -1.38233e-14 = -0.0245335
0 - -0.0245335 * -9.54387e-11 = -2.34144e-12
-2.40744e-07 - 0.0245335 * -9.54387e-11 = -2.40741e-07
1000.03 - -0.00503966 * -8.37078e-06 = 1000.03
0.0439524 / 0.0245361 = 1.79133
-0.0524333 / 0.0245361 = -2.13698
-0.000499992 / 0.0245361 = -0.0203778
-0.0114079 / 0.0245361 = -0.464941
-2.40746e-07 - 0.0245335 * -9.54387e-11 = -2.40744e-07
0.0212943 - 3.05176e-09 * -7.08027e-09 = 0.0212943
0 - -6.57458 * -7.08027e-09 = -4.65498e-08
-5.09627e-09 / 0.000305092 = -1.6704e-05
0.0114136 - -0.011408 * -1.14079e-05 = 0.0114134
-2208 - -100000 * -1.15609e-05 = -2209.16
0 - -0.0245335 * -9.54387e-11 = -2.34144e-12
0 - -1.03161e-05 * -0.999988 = -1.0316e-05
0.899854 - -0.882613 * -0.999988 = 0.0172518
-1 / 2.38419e-07 = -4.1943e+06
2000.12 - -5.56905e-06 * -5.21319e-05 = 2000.12
-5.90855e-11 - -4.00676e-13 * -2.10661e-16 = -5.90855e-11
1.29772 - -2.11125e-11 * -2.10661e-16 = 1.29772
-5.81108e-11 - -2.11125e-11 * -4.47093e-18 = -5.81108e-11
1000.7 - -1000 * -0.999995 = 0.703308
-0.34911 - -0.34911 * -6.88929e-06 = -0.349113
-0.0609078 - -8.79143e-06 * 1.79217 = -0.060892
0.0130773 - -0.0113798 * 1.79217 = 0.0334719
-0.0521374 - -0.000499992 * 1.79217 = -0.0512414
5642.2 - -4.00676e-13 * -1.15609e-05 = 5642.2
-1000 / 1000 = -1
1.84434e-12 / 1000 = 1.84434e-15
1.84433e-12 / 1000 = 1.84433e-15
18.1987 - -4.00676e-13 * -4.47093e-18 = 18.1987
0 - -100000 * -4.47093e-18 = -4.47093e-13
0 - -0.34911 * -0.987376 = -0.344703
1000.01 - -2.5641e-05 * -0.000122301 = 1000.01
-1.29911 - -100000 * -2.10661e-16 = -1.29911
-1.03213e-12 - -0.037037 * -2.60071e-07 = -9.63328e-09
0 - -0.037037 * -0.00191427 = -7.08988e-05
-0.00108697 - -0.00938788 * -0.495584 = -0.00573945
0.0113524 - -4.48531e-08 * -5.08185e-08 = 0.0113524
0 - -0.0130792 * -6.88929e-06 = -9.01062e-08
0 - -0.0113798 * -2.13765 = -0.0243261
0 - -0.000499992 * -2.13765 = -0.00106881
0 - -1.00005e-12 * -1.0174e-10 = -1.01745e-22
2000.19 - -1000 * -0.99983 = 1000.36
0.586378 - 100001 * -1 = 100001
-0.0245335 - -0.0245335 * -1.38233e-14 = -0.0245335
0.00333093 - -1.00005e-12 * -1.38233e-14 = 0.00333093
-0.006403 / 1000.01 = -6.40296e-06
0.0270866 - -0.00938788 * -1.18721 = 0.0159413
-0.00846694 - -0.00846797 * -2.13765 = -0.0265685
0.0690308 - -3.89391e-08 * 1.30773e-05 = 0.0690308
0 - -1.00023e-12 * -0.999695 = -9.99921e-13
1000 - -7.09175e-05 * -9.63422e-12 = 1000
0 - -4.00676e-13 * -1 = -4.00676e-13
-1.29931 - -2.11125e-11 * -1 = -1.29931
0.882623 - -1.03161e-05 * -1.1688e-05 = 0.882623
1000 - -7.08896e-05 * -2.59969e-07 = 1000
0 - -1 * -0.188127 = -0.188127
2000.12 - -0.00640232 * -1.03212e-15 = 2000.12
0.0521263 - -3.89386e-08 * -6.88929e-06 = 0.0521263
-1.00149e-12 - -7.08896e-05 * -0.999695 = -7.0868e-05
-1000 / 1000.01 = -0.999994
0 - -3.89386e-08 * -0.0151005 = -5.87993e-10
-0.698021 - 0.34891 * -0.0151005 = -0.692752
0 - -0.0130792 * -0.0151005 = -0.000197502
0.165826 - -8.79143e-06 * -2.13765 = 0.165808
0.403338 - 0.34891 * -6.88929e-06 = 0.40334
-2.54407e-05 / 1000.01 = -2.54405e-08
1000.03 - -0.00503972 * -8.37087e-06 = 1000.03
0.0375673 - -0.037037 * -0.999695 = 0.000541594
-1.0005e-12 - 0.34891 * -0.987376 = 0.344506
0 - -1 * -4.1943e+06 = -4.1943e+06
0 - -4.48531e-08 * -4.1943e+06 = -0.188127
0 - -8.79143e-06 * -0.463799 = -4.07746e-06
3.74304e-05 - -3.74746e-05 * -0.122942 = 3.28232e-05
-0.0608957 - -8.78993e-06 * 1.79133 = -0.0608799
0 - -0.208046 * -0.000122301 = -2.54442e-05
-0.0490669 - 0.0245335 * -1.0174e-10 = -0.0490669
-0.104264 - -0.00846797 * -0.0203778 = -0.104436
0 - -8.79143e-06 * -0.0203778 = -1.7915e-07
0 - -0.882613 * -1.1688e-05 = -1.0316e-05
0.0270866 - -0.00938788 * -1.18721 = 0.0159413
0 - -3.74746e-05 * -0.000357017 = -1.33791e-08
0.00594149 / 0.0169817 = 0.349875
-0.0129202 / 0.0169817 = -0.760832
-1000 / 1000 = -1
1.84431e-12 / 1000 = 1.84431e-15
-3.89391e-08 - -3.89386e-08 * -0.000134154 = -3.89443e-08
0 - 0.34891 * -0.000134154 = 4.68078e-05
-5.68992e-09 - -0.000499992 * -0.463799 = -0.000231902
0 - -0.349118 * -0.122942 = -0.0429211
0 - -0.349118 * -1.6704e-05 = -5.83167e-06
0.0690918 - -3.90678e-08 * 3.74304e-08 = 0.0690918
-5.68992e-09 - -0.0113798 * -0.0203778 = -0.000231902
0 - -0.34911 * -0.000134154 = -4.68347e-05
-0.349117 - -0.349118 * -0.000357017 = -0.349242
0 - -1 * -0.188127 = -0.188127
1000.03 - 0.0171249 * -3.63828e-05 = 1000.03
-0.104261 - -0.00847216 * -0.0203778 = -0.104434
0 - -8.78993e-06 * -0.0203778 = -1.79119e-07
-5.70393e-09 - -0.0114079 * -0.0203778 = -0.000232473
0 - -1.00007e-12 * -1 = -1.00007e-12
2000.12 - -0.0521263 * -1.03208e-15 = 2000.12
0.0375673 - -0.037037 * -0.999695 = 0.000541594
0 - -2.5641e-05 * -0.992187 = -2.54407e-05
0.609759 - -0.208046 * -0.992187 = 0.403338
1.84432e-12 / 1000 = 1.84432e-15
100001 - -100000 * -1 = 1.30469
3.05176e-09 / 0.0169817 = 1.79709e-07
-1.0005e-12 - 0.348879 * -0.122942 = 0.0428917
-0.697996 - 0.348879 * -0.782527 = -0.424989
0 - -3.74746e-05 * -0.782527 = -2.93249e-05
-1000 / 1000.05 = -0.999951
-1.03213e-12 - -0.037037 * -2.59969e-07 = -9.6295e-09
7.08926e-05 - -7.08896e-05 * -0.00191352 = 7.0757e-05
0 - -0.037037 * -0.00191352 = -7.0871e-05
0.0114134 - -4.48531e-08 * -0.188127 = 0.0114134
0 - 0.348879 * -1.6704e-05 = 5.82768e-06
-0.00149685 - -1.00006e-12 * -1 = -0.00149685
0.0262451 - 0.0245335 * -1.38233e-14 = 0.0262451
1000.05 - -0.0245335 * -1.0174e-10 = 1000.05
-2.34144e-12 / 1000.05 = -2.34133e-15
-0.00847113 - -0.00847216 * -2.13698 = -0.026576
0.165771 - -8.78993e-06 * -2.13698 = 0.165752
0 - -0.000499992 * -2.13698 = -0.00106847
-3.90678e-08 - -0.00847216 * -0.464941 = -0.0039391
-1.00023e-12 - -1.00023e-12 * -2.59969e-07 = -1.00023e-12
0 - -8.78993e-06 * -0.464941 = -4.0868e-06
-5.70393e-09 - -0.000499992 * -0.464941 = -0.000232473
0.0212943 - -0.00870192 * -0.495584 = 0.0169817
-1000 / 1000.01 = -0.999994
-0.006403 - -1000 * -6.40296e-06 = -0.012806
1000 - -7.09175e-05 * -2.60071e-07 = 1000
1000 - -1000 * -0.999994 = 0.00640869
-6.84008e-07 - -0.006403 * -0.999994 = -0.00640364
1000.03 - 0.0171249 * -3.63963e-05 = 1000.03
-0.0521361 - -0.000499992 * 1.79133 = -0.0512405
0 - -4.48531e-08 * -4.1943e+06 = -0.188127
0.703308 - -1.00005e-12 * -9.54387e-11 = 0.703308
0.0334719 - -0.0130792 * -0.987376 = 0.0205579
0 - -1.00007e-12 * 1.84434e-15 = 1.84446e-27
-0.00640292 / 1000.01 = -6.40287e-06
0 - -1.00006e-12 * 1.84431e-15 = 1.84443e-27
0 - -3.90678e-08 * -0.782527 = -3.05716e-08
-0.0245335 / 1000.05 = -2.45323e-05
1000 - -1000 * -1 = 0.00152588
-2.03348e-07 - -1000 * 1.84434e-15 = -2.03347e-07
0.104919 - -1.00006e-12 * 1.84434e-15 = 0.104919
1 - -4.1943e+06 * 0.00641026 = 26887.6
0 - -4.1943e+06 * -0.00641026 = -26886.6
0.00559398 - -0.0012393 * 0.349875 = 0.00602758
-0.00302089 - -0.0012393 * -0.760832 = -0.00396379
0.052125 - -3.90678e-08 * -0.000357017 = 0.052125
0 - -0.0114079 * -2.13698 = -0.0243784
0 - -1000 * 1.84433e-15 = 1.84433e-12
0 - -1.00006e-12 * 1.84433e-15 = 1.84445e-27
1000.36 - -5.56891e-06 * -5.21306e-05 = 1000.36
-1.0005e-12 - -2.54442e-05 * -6.40296e-06 = -1.63919e-10
0.0690918 - -3.90678e-08 * -0.122942 = 0.0690918
-2.54407e-05 / 1000.01 = -2.54405e-08
0.703308 - -1.00005e-12 * -9.54387e-11 = 0.703308
0 - -1 * -4.1943e+06 = -4.1943e+06
0.0113524 - -0.0130792 * -0.000134154 = 0.0113507
0.0690308 - -0.00846797 * 1.79217 = 0.0842068
-0.0521263 - -0.006403 * -2.54405e-08 = -0.0521263
-0.882613 / 0.882623 = -0.999988
-1.0316e-05 / 0.882623 = -1.16878e-05
3.28232e-05 - -0.0114079 * 1.79133 = 0.0204681
0 - -1000 * -2.54405e-08 = -2.54405e-05
-0.0102017 - -0.00573945 * 0.349875 = -0.00819365
0.0159413 - -0.00573945 * -0.760832 = 0.0115745
-0.00149684 - -1.00006e-12 * -1 = -0.00149684
0.104858 - -1.00006e-12 * 1.84432e-15 = 0.104858
0.0114134 - -0.0114079 * -0.464941 = 0.00610945
0 - -2.54442e-05 * -0.999994 = -2.5444e-05
0.40334 - -2.54442e-05 * -2.54405e-08 = 0.40334
0 - -1000 * 1.84431e-15 = 1.84431e-12
-0.0245335 / 1000.05 = -2.45323e-05
-1000 / 1000.05 = -0.999951
-2.34144e-12 / 1000.05 = -2.34133e-15
-6.83999e-07 - -0.00640292 * -0.999994 = -0.00640356
0 - -0.188127 * 0.00641026 = 0.00120595
0 - -0.188127 * -0.00641026 = -0.00120595
-3.89443e-08 - -0.00846797 * -0.463799 = -0.00392748
1000 - -1000 * -1 = 0.00152588
-2.03347e-07 - -1000 * 1.84432e-15 = -2.03345e-07
3.05176e-09 / 0.0169817 = 1.79709e-07
0 - -0.188127 * 0.00641026 = 0.00120594
-1.0005e-12 - -2.54442e-05 * -6.40287e-06 = -1.63916e-10
-0.00503963 - -1000 * -2.45323e-05 = -0.0295719
2000.12 - -1000 * -0.99983 = 1000.29
-2.40741e-07 - -0.0490669 * -2.34133e-15 = -2.40741e-07
-0.00503964 - -1000 * -2.34133e-15 = -0.00503964
1000 - -1000 * -0.999994 = 0.00640869
-0.00640292 - -1000 * -6.40287e-06 = -0.0128058
0.0262451 - -0.0490669 * -2.45323e-05 = 0.0262439
-0.00149664 / 0.00152588 = -0.980841
0 - -1000 * -2.54405e-08 = -2.54405e-05
0 - -4.65498e-08 * 0.349875 = 1.62866e-08
0.00594149 / 0.0169817 = 0.349875
-0.0129202 / 0.0169817 = -0.760832
0.00640232 / 0.00640869 = 0.999005
-0.012806 / 0.00640869 = -1.99822
-2.03347e-07 / 0.00152588 = -0.000133265
-0.188127 / 26887.6 = -6.99682e-06
1.84433e-12 / 0.00152588 = 1.2087e-09
-0.052125 - -0.00640292 * -2.54405e-08 = -0.052125
0 - -4.65498e-08 * -0.760832 = -3.54166e-08
0.403338 - 0.348879 * -0.000357017 = 0.403463
0 - -0.00573945 * 1.79709e-07 = 1.03143e-09
0.291814 - -4.65498e-08 * 1.79709e-07 = 0.291814
0.703308 - -0.349118 * -0.782527 = 0.430114
0.0033309 - -1.01745e-22 * -2.45323e-05 = 0.0033309
-26886.6 / 26887.6 = -0.999963
1000.36 - -0.0666622 * -1.00018 = 1000.29
0.0842068 - -3.89386e-08 * -0.987376 = 0.0842067
0.703308 - -0.34911 * -0.0151005 = 0.698036
0.00610945 - -3.74746e-05 * -1.6704e-05 = 0.00610945
0 - -1.00007e-12 * -1 = -1.00007e-12
0 - -1.00007e-12 * 1.84432e-15 = 1.84444e-27
0 - -2.54442e-05 * -0.999994 = -2.5444e-05
0 - -0.00819365 * -1 = -0.00819365
0.0262451 - -0.0490669 * -2.45323e-05 = 0.0262439
0.00333093 - -1.01745e-22 * -2.45323e-05 = 0.00333093
-0.00170849 - -0.0490669 * -0.999951 = -0.050773
1000.03 - -1000 * -0.999951 = 0.0787354
-0.00837078 - -1.01745e-22 * -0.999951 = -0.00837078
0 - 0.00602758 * -1 = 0.00602758
-0.00503968 - -1000 * -2.45323e-05 = -0.0295719
-2.40744e-07 - -0.0490669 * -2.34133e-15 = -2.40744e-07
-0.00503969 - -1000 * -2.34133e-15 = -0.00503969
0 - -0.0012393 * 1.79709e-07 = 2.22714e-10
0.291814 - -4.65498e-08 * 1.79709e-07 = 0.291814
0 - -0.0012393 * 1.79709e-07 = 2.22714e-10
0 - -0.188127 * -0.00641026 = -0.00120594
0.0113507 - -0.0113798 * -0.463799 = 0.00607269
0.882644 - -0.882613 * -0.999988 = 4.1604e-05
0 - -1.0316e-05 * -0.999988 = -1.03158e-05
0 - -0.00819365 * 1e-05 = 8.19365e-08
-0.00837087 - -1.01745e-22 * -0.999951 = -0.00837087
-0.0039391 - -3.90678e-08 * -1.6704e-05 = -0.0039391
-1 - 0.00602758 * 1e-05 = -1
0 - -4.1943e+06 * -0.00641026 = -26886.6
0 - -0.882613 * -1.16878e-05 = -1.03158e-05
0.0172518 - -1.0316e-05 * -1.16878e-05 = 0.0172518
-0.00170851 - -0.0490669 * -0.999951 = -0.050773
0.00640223 / 0.00640869 = 0.998992
-0.0128058 / 0.00640869 = -1.99819
-2.40741e-07 / 0.0262439 = -9.17323e-06
0.0690918 - -0.00847216 * 1.79133 = 0.0842682
1 - -4.1943e+06 * 0.00641026 = 26887.6
0 - -0.00573945 * 1.79709e-07 = 1.03143e-09
1000.29 - -0.0030303 * -3.0303e-09 = 1000.29
-0.00302089 - -0.0012393 * -0.760832 = -0.00396379
0.0159413 - -0.00573945 * -0.760832 = 0.0115745
0 - -4.65498e-08 * -0.760832 = -3.54166e-08
-1.00004e-12 - -1.00005e-12 * -1.99822 = -2.99836e-12
0.104919 - -0.00149685 * -0.000133265 = 0.104919
0.698036 - -1.00007e-12 * 1.84433e-15 = 0.698036
1000.03 - -1000 * -0.999951 = 0.0787354
1000 - -1.00029e-12 * -0.980841 = 1000
-0.00640232 - -0.00640364 * 0.999005 = -5.04311e-06
-1.00029e-12 - -1.00029e-12 * -0.000133265 = -1.00042e-12
0 - -1.00029e-12 * 1.2087e-09 = 1.20905e-21
0.403463 - -2.54442e-05 * -2.54405e-08 = 0.403463
-2.54405e-05 / 0.00640869 = -0.00396969
-2.54405e-05 / 0.00640869 = -0.00396969
0.00149664 - -0.00149685 * -0.980841 = 2.84754e-05
0 - 1.62866e-08 * 1e-05 = -1.62866e-13
1000 - -1.00005e-12 * 0.999005 = 1000
0 - -2.5444e-05 * 0.999005 = 2.54187e-05
-1.63919e-10 - -2.5444e-05 * -1.99822 = -5.08429e-05
1.84445e-27 - -0.00149685 * 1.2087e-09 = 1.80924e-12
1000.29 - -0.052125 * -1.03208e-15 = 1000.29
-0.00149663 / 0.00152588 = -0.980834
-2.03345e-07 / 0.00152588 = -0.000133264
0 - -1.00007e-12 * -0.980841 = -9.80907e-13
0.00559398 - -0.0012393 * 0.349875 = 0.00602758
-0.0102017 - -0.00573945 * 0.349875 = -0.00819365
0 - -4.65498e-08 * 0.349875 = 1.62866e-08
1.84446e-27 - -1.00007e-12 * -0.000133265 = -1.33274e-16
0.430114 - -1.00007e-12 * 1.84431e-15 = 0.430114
-0.0265685 / 0.0842067 = -0.315515
0 - 1.62866e-08 * -1 = 1.62866e-08
-0.050773 / 0.0262439 = -1.93466
0.00607269 - -4.48531e-08 * -0.188127 = 0.00607269
0 - -2.5444e-05 * 0.998992 = 2.54184e-05
-1.63916e-10 - -2.5444e-05 * -1.99819 = -5.08422e-05
1.84431e-12 / 0.00152588 = 1.20869e-09
0.00610945 - 0.00120595 * -6.99682e-06 = 0.00610946
-0.00120595 - 0.00120595 * -0.999963 = -4.48199e-08
-2.40744e-07 / 0.0262439 = -9.17333e-06
-0.00640223 - -0.00640356 * 0.998992 = -5.12786e-06
0.0521263 / 0.0842067 = 0.619028
-5.87993e-10 / 0.0842067 = -6.98273e-09
-0.00392748 / 0.0842067 = -0.0466409
-0.104436 / 0.0842067 = -1.24024
-3.11007e-05 / 4.1604e-05 = -0.747541
-0.050773 / 0.0262439 = -1.93466
-0.00396379 / -1 = 0.00396379
-0.00133333 / -1 = 0.00133333
2.22714e-10 / -1 = -2.22714e-10
0.00602758 / -1 = -0.00602758
-0.00503964 - -0.0295719 * -9.17323e-06 = -0.00503991
0.698036 - -1.01745e-22 * -2.34133e-15 = 0.698036
-1.03158e-05 / 4.1604e-05 = -0.247953
1000 - -1.00005e-12 * 0.998992 = 1000
-1.00004e-12 - -1.00005e-12 * -1.99819 = -2.99833e-12
1000.29 - -1.00023e-12 * 7.09204e-08 = 1000.29
-0.026576 / 0.0842682 = -0.315374
0.052125 / 0.0842682 = 0.61856
-3.05716e-08 / 0.0842682 = -3.62789e-07
-0.104434 / 0.0842682 = -1.2393
-26886.6 / 26887.6 = -0.999963
-0.188127 / 26887.6 = -6.99682e-06
-0.0521263 - -0.00640364 * -0.00396969 = -0.0521517
0 - -1.00005e-12 * -0.00396969 = -3.96989e-15
0.403463 - -2.5444e-05 * -0.00396969 = 0.403463
-0.0039391 / 0.0842682 = -0.0467447
1.20905e-21 / 1000 = 1.20905e-24
1000.29 - -0.0030303 * -0.000850611 = 1000.29
-0.052125 - -0.00640356 * -0.00396969 = -0.0521504
-1000 / 1000 = -1
0.430114 - -1.01745e-22 * -2.34133e-15 = 0.430114
1000 - -1.00029e-12 * -0.980834 = 1000
-1.00029e-12 - -1.00029e-12 * -0.000133264 = -1.00042e-12
-0.0524536 - 0.344506 * -0.315515 = 0.056243
-1.00042e-12 / 1000 = -1.00042e-15
-1000 / 1000 = -1
0.00149663 - -0.00149684 * -0.980834 = 2.84849e-05
0.104858 - -0.00149684 * -0.000133264 = 0.104858
-0.00837078 - 0.0033309 * -1.93466 = -0.00192662
0 - -1.00005e-12 * -0.00396969 = -3.96989e-15
0.40334 - -2.5444e-05 * -0.00396969 = 0.40334
-2.99836e-12 / 1000 = -2.99836e-15
0 - -1.00007e-12 * -0.980834 = -9.80901e-13
0 - -0.344703 * -0.315515 = -0.108759
-0.0243261 - 0.0205579 * -0.315515 = -0.0178398
-0.00106881 - -0.0512414 * -0.315515 = -0.0172362
0.0787354 - -0.0295719 * -1.93466 = 0.0215238
1.84444e-27 - -1.00007e-12 * -0.000133264 = -1.33273e-16
-1 - 0.00602758 * 1e-05 = -1
0 - 0.00602758 * -1 = 0.00602758
0 - 1.62866e-08 * 1e-05 = -1.62866e-13
0 - 1.62866e-08 * -1 = 1.62866e-08
0.698036 - -1.00007e-12 * 1.2087e-09 = 0.698036
-0.692752 - 0.344506 * -6.98273e-09 = -0.692752
-0.000197502 - 0.0205579 * -6.98273e-09 = -0.000197502
0 - -0.0512414 * -6.98273e-09 = -3.57805e-10
0.165808 - -0.060892 * -0.315515 = 0.146595
0 - -1.00029e-12 * 1.20869e-09 = 1.20903e-21
1.84443e-27 - -0.00149684 * 1.20869e-09 = 1.80921e-12
0 - -0.060892 * -6.98273e-09 = -4.25192e-10
0 - -1.03158e-05 * -0.747541 = -7.71152e-06
0.0115745 - 8.19365e-08 * 0.00396379 = 0.0115745
0 - -0.00819365 * 1e-05 = 8.19365e-08
0 - -0.00819365 * -1 = -0.00819365
0 - -4.48199e-08 * 22553.2 = 0.00101083
-9.01062e-08 - 0.0205579 * 0.619028 = -0.012726
4.68078e-05 - 0.344506 * -0.0466409 = 0.0161149
0.00607269 - 0.0205579 * -0.0466409 = 0.00703152
-0.000231902 - -0.0512414 * -0.0466409 = -0.00262184
-5.08429e-05 - 0.344506 * -1.24024 = 0.427218
-0.000231902 - 0.0205579 * -1.24024 = 0.0252647
0.0787354 - -0.0295719 * -1.93466 = 0.0215237
-0.00503969 - -0.0295719 * -9.17333e-06 = -0.00503996
-5.42673e-13 - 8.19365e-08 * 0.00133333 = -1.09791e-10
0.0200967 - 1.33333e-08 * 0.00133333 = 0.0200967
-0.00819365 - 8.19365e-08 * -0.00602758 = -0.00819365
-0.00133333 - 1.33333e-08 * -0.00602758 = -0.00133333
1000.29 - -0.0521263 * -1.0005e-15 = 1000.29
-1.67057e-05 - -0.060892 * 0.619028 = 0.0376771
-4.07746e-06 - -0.060892 * -0.0466409 = -0.00284414
-1.7915e-07 - -0.060892 * -1.24024 = -0.0755207
-0.00837087 - 0.00333093 * -1.93466 = -0.00192664
1.86984e-13 - 1.33333e-08 * 0.00396379 = -5.26635e-11
1.03143e-09 - 8.19365e-08 * -2.22714e-10 = 1.03143e-09
0 - 1.33333e-08 * -2.22714e-10 = 2.96952e-18
0 - -3.11007e-05 * -0.247953 = -7.71152e-06
0.0172518 - -1.03158e-05 * -0.247953 = 0.0172492
-0.000232473 - 0.0204681 * -1.2393 = 0.0251337
-0.349113 - -0.344703 * 0.619028 = -0.135732
-4.68347e-05 - -0.344703 * -0.0466409 = -0.0161241
0 - -0.344703 * -1.24024 = -0.427514
0.882644 - -3.11007e-05 * -0.747541 = 0.88262
0 - -1.62866e-13 * 0.00133333 = 2.17155e-16
-2.99833e-12 / 1000 = -2.99833e-15
0 - 1 * 0.00133333 = -0.00133333
0 - 1 * -2.22714e-10 = 2.22714e-10
8.33333 - 1 * -0.00602758 = 8.33936
-0.0521517 - -0.0512414 * 0.619028 = -0.0204319
-0.00120594 - 0.00120594 * -0.999963 = -4.48199e-08
0.430114 - -1.00007e-12 * 1.20869e-09 = 0.430114
-4.0868e-06 - -0.0608799 * -0.0467447 = -0.0028499
5.82768e-06 - 0.0428917 * -0.0467447 = 0.00201079
0.00610946 - 0.0204681 * -0.0467447 = 0.00706624
-3.96989e-15 / 1000 = -3.96989e-18
0.40334 - 0.344506 * 0.619028 = 0.190082
0.291814 - -1.62866e-13 * -2.22714e-10 = 0.291814
1.62866e-08 - -1.62866e-13 * -0.00602758 = 1.62866e-08
-3.96989e-15 / 1000 = -3.96989e-18
0 - 2.54187e-05 * -1 = 2.54187e-05
1000 - -1000 * -1 = 0.00231934
0.698036 - 0.0033309 * -9.17323e-06 = 0.698036
-3.54166e-08 - -1.62866e-13 * 0.00396379 = -3.54166e-08
0 - -0.0608799 * -3.62789e-07 = -2.20866e-08
-0.424989 - 0.0428917 * -3.62789e-07 = -0.424989
0 - -0.0512405 * -3.62789e-07 = -1.85895e-08
-2.93249e-05 - 0.0204681 * -3.62789e-07 = -2.93175e-05
-1.79119e-07 - -0.0608799 * -1.2393 = -0.0754488
-5.08422e-05 - 0.0428917 * -1.2393 = 0.0531049
-0.000232473 - -0.0512405 * -0.0467447 = -0.0026277
-0.00239888 / 0.0215238 = -0.111453
-0.00396379 / -1 = 0.00396379
-0.00133333 / -1 = 0.00133333
0 - 1 * 0.00396379 = -0.00396379
-1000 / 1000 = -1
-1.66988e-05 - -0.0608799 * 0.61856 = 0.0376412
-1.33791e-08 - 0.0204681 * 0.61856 = -0.0126608
-0.0521504 - -0.0512405 * 0.61856 = -0.0204551
0.00602758 / -1 = -0.00602758
-0.00239884 / 0.0215237 = -0.111451
0.165752 - -0.0608799 * -0.315374 = 0.146552
0 - -0.0429211 * -0.315374 = -0.0135362
-0.00106847 - -0.0512405 * -0.315374 = -0.0172284
-0.0243784 - 0.0204681 * -0.315374 = -0.0179233
-0.349242 - -0.0429211 * 0.61856 = -0.322693
0 - -0.0429211 * -1.2393 = -0.0531922
-5.83167e-06 - -0.0429211 * -0.0467447 = -0.00201217
-0.00503991 / 0.0215238 = -0.234155
2.22714e-10 / -1 = -2.22714e-10
-0.0524373 - 0.0428917 * -0.315374 = -0.0389104
0.403463 - 0.0428917 * 0.61856 = 0.376931
-1000 / 1000 = -1
1.20903e-21 / 1000 = 1.20903e-24
-1.63882e-14 / 0.0115745 = -1.41589e-12
-1.09791e-10 / 0.0115745 = -9.48561e-09
-0.00819365 / 0.0115745 = -0.707905
1.03143e-09 / 0.0115745 = 8.9112e-08
0.430114 - 0.00333093 * -9.17333e-06 = 0.430114
-1.00023e-12 - -5.04311e-06 * -1 = -5.04311e-06
0.104919 - 2.84754e-05 * -1.00042e-15 = 0.104919
0 - -1000 * -1.00042e-15 = -1.00042e-12
0.00703152 - 0.00120594 * -6.99682e-06 = 0.00703153
-7.71152e-06 / 0.88262 = -8.73707e-06
-0.0204319 - -5.04311e-06 * -3.96989e-18 = -0.0204319
0.698036 - -0.344703 * -6.98273e-09 = 0.698036
1000.29 - -0.052125 * -1.0005e-15 = 1000.29
1.80924e-12 - 2.84754e-05 * 1.20905e-24 = 1.80924e-12
-1.00042e-12 / 1000 = -1.00042e-15
-3.57805e-10 - -1000 * 1.20905e-24 = -3.57805e-10
0.190082 - 2.54187e-05 * -3.96989e-18 = 0.190082
-9.63328e-09 - -1.65376e-06 * -0.111453 = -1.9395e-07
-1.33274e-16 - -9.80907e-13 * -1.00042e-15 = -1.33274e-16
0.427218 - 2.54187e-05 * -2.99836e-15 = 0.427218
-0.00503996 / 0.0215237 = -0.234159
-0.427514 - -9.80907e-13 * -1 = -0.427514
0.0531049 - 2.54184e-05 * -2.99833e-15 = 0.0531049
0.00231934 - -0.00229756 * -0.111453 = 0.00206327
1.86987e-13 - 1.33333e-08 * 0.00396379 = -5.26635e-11
-3.54166e-08 - -1.62866e-13 * 0.00396379 = -3.54166e-08
-0.00133333 - 1.33333e-08 * -0.00602758 = -0.00133333
-2.5e-32 - -0.00192664 * -0.111451 = -0.000214727
0.0171187 / 0.0215238 = 0.795337
1000.29 - -6.84008e-07 * -6.403e-06 = 1000.29
-0.882613 / 0.88262 = -0.999991
0 - -4.48199e-08 * 22553.2 = 0.00101083
0 - -1.65376e-06 * -0.234155 = -3.87238e-07
0.430114 - -0.0429211 * -3.62789e-07 = 0.430114
7.07847e-05 - -1000 * -2.99836e-15 = 7.07847e-05
0 - -1000 * -3.96989e-18 = -3.96989e-15
0.0115745 - 8.19365e-08 * 0.00396379 = 0.0115745
0 - 1 * 0.00396379 = -0.00396379
0 - 2.54184e-05 * -1 = 2.54184e-05
8.33333 - 1 * -0.00602758 = 8.33936
0.376931 - 2.54184e-05 * -3.96989e-18 = 0.376931
0.000541594 - -1.63882e-14 * -1.41589e-12 = 0.000541594
0 - -1.63882e-14 * -0.707905 = -1.16013e-14
0.0171187 / 0.0215237 = 0.79534
0.0200967 - 1.33333e-08 * 0.00133333 = 0.0200967
0 - -1.62866e-13 * 0.00133333 = 2.17155e-16
0 - 1 * 0.00133333 = -0.00133333
1.62866e-08 - -1.62866e-13 * -0.00602758 = 1.62866e-08
0 - 1.33333e-08 * -2.22714e-10 = 2.96952e-18
7.0757e-05 - -1000 * -2.99833e-15 = 7.0757e-05
0 - -1000 * -3.96989e-18 = -3.96989e-15
-2.5e-32 - -0.00192662 * -0.111453 = -0.000214727
-0.0204551 - -5.12786e-06 * -3.96989e-18 = -0.0204551
1000 - -1000 * -1 = 0.00231934
-1.00023e-12 - -5.12786e-06 * -1 = -5.12786e-06
0 - -3.54166e-08 * -1.41589e-12 = -5.01459e-20
2.17155e-16 - -3.54166e-08 * -9.48561e-09 = -1.18793e-16
-8.50403e-05 - -1.63882e-14 * -9.48561e-09 = -8.50403e-05
1.62866e-08 - -3.54166e-08 * -0.707905 = -8.78494e-09
0 - 2.84754e-05 * -1 = 2.84754e-05
-0.00819365 - 8.19365e-08 * -0.00602758 = -0.00819365
-0.00133333 - -5.26635e-11 * -0.707905 = -0.00133333
8.33936 - -0.00396379 * -0.707905 = 8.33655
0.104858 - 2.84849e-05 * -1.00042e-15 = 0.104858
-2.5e-32 - -0.00229752 * -0.234159 = -0.000537984
-5.42672e-13 - 8.19365e-08 * 0.00133333 = -1.09791e-10
-2.5e-32 - -0.00229756 * -0.234155 = -0.000537986
0 - -1.63882e-14 * 8.9112e-08 = 1.46039e-21
1000.29 - -5.56905e-06 * -5.21319e-05 = 1000.29
1.03143e-09 - 8.19365e-08 * -2.22714e-10 = 1.03143e-09
0.291814 - -1.62866e-13 * -2.22714e-10 = 0.291814
0 - 2.84849e-05 * -1 = 2.84849e-05
2.93016e-05 - -5.26635e-11 * -1.41589e-12 = 2.93016e-05
0.0200967 - -5.26635e-11 * -9.48561e-09 = 0.0200967
1000.29 - -6.83999e-07 * -6.40292e-06 = 1000.29
-9.6295e-09 - -1.65438e-06 * -0.111451 = -1.94011e-07
0 - 1 * -2.22714e-10 = 2.22714e-10
-0.00133333 - -0.00396379 * -9.48561e-09 = -0.00133333
2.96952e-18 - -5.26635e-11 * 8.9112e-08 = 7.66247e-18
0 - -1.65438e-06 * -0.234159 = -3.87386e-07
-7.0868e-05 - -0.00229752 * 0.79534 = 0.00175644
0 - -0.00192664 * 0.79534 = 0.00153234
0.000541594 - -1.65438e-06 * 0.79534 = 0.00054291
-0.0531922 - -9.80901e-13 * -1 = -0.0531922
0 - -0.00396379 * -1.41589e-12 = -5.61228e-15
2.22714e-10 - -0.00396379 * 8.9112e-08 = 5.75935e-10
-1.33273e-16 - -9.80901e-13 * -1.00042e-15 = -1.33273e-16
0.430114 - -9.80901e-13 * 1.20903e-24 = 0.430114
0.00231934 - -0.00229752 * -0.111451 = 0.00206328
1.80921e-12 - 2.84849e-05 * 1.20903e-24 = 1.80921e-12
0.698036 - -9.80907e-13 * 1.20905e-24 = 0.698036
-0.0524422 / 0.104919 = -0.499834
-0.0524367 / 0.104919 = -0.499782
0.0172492 - -7.71152e-06 * -8.73707e-06 = 0.0172492
1.80924e-12 / 0.104919 = 1.72441e-11
-1.85895e-08 - -1000 * 1.20903e-24 = -1.85895e-08
0.291814 - -3.54166e-08 * 8.9112e-08 = 0.291814
0 - -1000 * -1.00042e-15 = -1.00042e-12
0 - -7.71152e-06 * -0.999991 = -7.71145e-06
-1.63882e-14 / 0.0115745 = -1.41589e-12
0 - -0.882613 * -8.73707e-06 = -7.71145e-06
-7.08958e-05 - -0.00229756 * 0.795337 = 0.00175644
0 - -0.00192662 * 0.795337 = 0.00153232
0.000541594 - -1.65376e-06 * 0.795337 = 0.000542909
-0.00819365 / 0.0115745 = -0.707905
-0.0524259 / 0.104858 = -0.49997
1000.29 - -1.00023e-12 * 7.08926e-08 = 1000.29
0.882613 - -0.882613 * -0.999991 = 7.86781e-06
1000.29 - -0.0030303 * -0.000850611 = 1000.29
-1.09791e-10 / 0.0115745 = -9.48561e-09
1.03143e-09 / 0.0115745 = 8.9112e-08
2.84754e-05 / 0.104919 = 0.000271403
-0.0524204 / 0.104858 = -0.499917
2.84849e-05 / 0.104858 = 0.000271651
-0.0001 / 0.0200967 = -0.00497595
2.93016e-05 / 0.0200967 = 0.00145803
-0.00133333 / 0.0200967 = -0.0663459
7.66247e-18 / 0.0200967 = 3.8128e-16
0.430114 - -0.00192664 * -0.234159 = 0.429663
0.698036 - -0.00192662 * -0.234155 = 0.697585
0.146595 - -0.104879 * -0.499834 = 0.0941732
0.056243 - 2.04211e-07 * -0.499834 = 0.0562431
-0.108759 - -1.33274e-16 * -0.499834 = -0.108759
-0.0172362 - -1.00042e-12 * -0.499834 = -0.0172362
0.0376771 - -0.104879 * -0.499782 = -0.0147396
0.190082 - 2.04211e-07 * -0.499782 = 0.190082
-0.135732 - -1.33274e-16 * -0.499782 = -0.135732
-0.0204319 - -1.00042e-12 * -0.499782 = -0.0204319
-4.25192e-10 - -0.104879 * 1.72441e-11 = -4.23384e-10
-3.57805e-10 - -1.00042e-12 * 1.72441e-11 = -3.57805e-10
1.80921e-12 / 0.104858 = 1.72539e-11
-0.692752 - 2.04211e-07 * 1.72441e-11 = -0.692752
1000.29 - -5.56891e-06 * -5.21306e-05 = 1000.29
-0.00133333 - -5.26635e-11 * -0.707905 = -0.00133333
0 - -1.63882e-14 * -0.707905 = -1.16013e-14
1.62866e-08 - -3.54166e-08 * -0.707905 = -8.78495e-09
8.33936 - -0.00396379 * -0.707905 = 8.33655
-0.0135362 - -1.33273e-16 * -0.49997 = -0.0135362
-0.0172284 - -1.00042e-12 * -0.49997 = -0.0172284
0.146552 - -0.104847 * -0.49997 = 0.0941321
0.0200967 - -5.26635e-11 * -9.48561e-09 = 0.0200967
2.17155e-16 - -3.54166e-08 * -9.48561e-09 = -1.18793e-16
2.93021e-05 - -5.26635e-11 * -1.41589e-12 = 2.93021e-05
0.00054291 - -1.63882e-14 * -1.41589e-12 = 0.00054291
0 - -3.54166e-08 * -1.41589e-12 = -5.01459e-20
0 - -0.00396379 * -1.41589e-12 = -5.61228e-15
-0.0389104 - 2.04246e-07 * -0.49997 = -0.0389103
-1 / 7.86781e-06 = -127100
-7.71145e-06 / 7.86781e-06 = -0.980126
-8.50403e-05 - -1.63882e-14 * -9.48561e-09 = -8.50403e-05
-0.00133333 - -0.00396379 * -9.48561e-09 = -0.00133333
-0.0755207 - -0.104879 * 0.000271403 = -0.0754922
0.427218 - 2.04211e-07 * 0.000271403 = 0.427218
-0.427514 - -1.33274e-16 * 0.000271403 = -0.427514
0.0376412 - -0.104847 * -0.499917 = -0.0147734
1000.29 - -1.00023e-12 * -7.09204e-08 = 1000.29
-0.0204551 - -1.00042e-12 * -0.499917 = -0.0204551
-0.0754488 - -0.104847 * 0.000271651 = -0.0754203
-7.08988e-05 - -8.50403e-05 * -0.00497595 = -7.13219e-05
1.46039e-21 - -8.50403e-05 * 3.8128e-16 = 3.38846e-20
2.96952e-18 - -5.26635e-11 * 8.9112e-08 = 7.66247e-18
0 - -1.63882e-14 * 8.9112e-08 = 1.46039e-21
0.291814 - -3.54166e-08 * 8.9112e-08 = 0.291814
2.22714e-10 - -0.00396379 * 8.9112e-08 = 5.75935e-10
-0.322693 - -1.33273e-16 * -0.499917 = -0.322693
-0.0531922 - -1.33273e-16 * 0.000271651 = -0.0531922
-5.01459e-20 - -1.18793e-16 * 0.00145803 = 1.23058e-19
0.000542909 - -8.50403e-05 * 0.00145803 = 0.000543033
0.697585 - -1.33274e-16 * 1.72441e-11 = 0.697585
0.376931 - 2.04246e-07 * -0.499917 = 0.376932
-0.00272632 - -1.18793e-16 * -0.00497595 = -0.00272632
-8.78494e-09 - -1.18793e-16 * -0.0663459 = -8.78494e-09
0.291814 - -1.18793e-16 * 3.8128e-16 = 0.291814
-2.20866e-08 - -0.104847 * 1.72539e-11 = -2.20848e-08
-0.424989 - 2.04246e-07 * 1.72539e-11 = -0.424989
-1.85895e-08 - -1.00042e-12 * 1.72539e-11 = -1.85895e-08
0.0531049 - 2.04246e-07 * 0.000271651 = 0.0531049
-5.61228e-15 - -0.00133333 * 0.00145803 = 1.94404e-06
-1.16013e-14 - -8.50403e-05 * -0.0663459 = -5.64208e-06
5.75935e-10 - -0.00133333 * 3.8128e-16 = 5.75935e-10
0 - -0.00133333 * -0.00497595 = -6.63459e-06
8.33655 - -0.00133333 * -0.0663459 = 8.33647
-0.0028499 / 0.0941321 = -0.0302755
-0.0001 / 0.0200967 = -0.00497594
0 - -1 * -127100 = -127100
0 - -1 * -0.980126 = -0.980126
-9.99921e-13 - -0.0001 * 0.00145803 = 1.45802e-07
0 - -0.0001 * -0.0663459 = -6.63459e-06
-0.00272632 - -0.0001 * 3.8128e-16 = -0.00272632
-0.00133333 / 0.0200967 = -0.0663459
2.93021e-05 / 0.0200967 = 0.00145805
0.0172492 - -7.71145e-06 * -0.980126 = 0.0172417
1000.29 - -0.0005 * -4.99992e-07 = 1000.29
-0.0147396 / 0.0941732 = -0.156515
-4.23384e-10 / 0.0941732 = -4.4958e-09
-0.00284414 / 0.0941732 = -0.0302011
-0.0754922 / 0.0941732 = -0.801632
-0.0147734 / 0.0941321 = -0.156943
-0.0754203 / 0.0941321 = -0.801217
1000.29 - -0.0005 * -4.99992e-07 = 1000.29
0 - -7.71145e-06 * -127100 = -0.980126
7.66247e-18 / 0.0200967 = 3.8128e-16
0.429663 - -1.33273e-16 * 1.72539e-11 = 0.429663
-2.20848e-08 / 0.0941321 = -2.34614e-07
-0.00272632 / 0.291814 = -0.00934264
1.23058e-19 / 0.291814 = 4.21701e-19
-8.78494e-09 / 0.291814 = -3.01046e-08
0.00201079 - -0.0389103 * -0.0302755 = 0.000832759
-0.00201217 - -0.0135362 * -0.0302755 = -0.00242198
-0.0026277 - -0.0172284 * -0.0302755 = -0.00314929
-7.0871e-05 - -8.50403e-05 * -0.00497594 = -7.12941e-05
-0.00272632 - -1.18793e-16 * -0.00497594 = -0.00272632
0 - -0.00133333 * -0.00497594 = -6.63459e-06
-127100 / 1 = -127100
-0.980126 / 1 = -0.980126
0.00706624 - -0.0179233 * -0.0302755 = 0.0065236
0 - -0.0001 * -0.0663459 = -6.63459e-06
-8.78495e-09 - -1.18793e-16 * -0.0663459 = -8.78495e-09
-9.99921e-13 - -0.0001 * 0.00145805 = 1.45804e-07
-5.01459e-20 - -1.18793e-16 * 0.00145805 = 1.23061e-19
1000.29 - -1.00023e-12 * -0.00191427 = 1000.29
0.00054291 - -8.50403e-05 * 0.00145805 = 0.000543034
-5.61228e-15 - -0.00133333 * 0.00145805 = 1.94407e-06
0.190082 - 0.0562431 * -0.156515 = 0.198885
-0.135732 - -0.108759 * -0.156515 = -0.152754
-0.012726 - -0.0178398 * -0.156515 = -0.0155182
-0.0204319 - -0.0172362 * -0.156515 = -0.0231296
-0.692752 - 0.0562431 * -4.4958e-09 = -0.692752
0.697585 - -0.108759 * -4.4958e-09 = 0.697585
-3.57805e-10 - -0.0172362 * -4.4958e-09 = -4.35295e-10
-0.00262184 - -0.0172362 * -0.0302011 = -0.0031424
8.33655 - -0.00133333 * -0.0663459 = 8.33647
0.0161149 - 0.0562431 * -0.0302011 = 0.0178135
0.427218 - 0.0562431 * -0.801632 = 0.472304
0.376932 - -0.0389103 * -0.156943 = 0.370825
0.0531049 - -0.0389103 * -0.801217 = 0.0219293
-1.16013e-14 - -8.50403e-05 * -0.0663459 = -5.64207e-06
-0.0161241 - -0.108759 * -0.0302011 = -0.0194087
0.00703153 - -0.0178398 * -0.0302011 = 0.00649275
-0.427514 - -0.108759 * -0.801632 = -0.514698
0.0252647 - -0.0178398 * -0.801632 = 0.0109638
-0.0204551 - -0.0172284 * -0.156943 = -0.023159
-0.0126608 - -0.0179233 * -0.156943 = -0.0154737
0.0251337 - -0.0179233 * -0.801217 = 0.0107732
-0.00272632 - -0.0001 * 3.8128e-16 = -0.00272632
-0.424989 - -0.0389103 * -2.34614e-07 = -0.424989
-2.93175e-05 - -0.0179233 * -2.34614e-07 = -2.93217e-05
1000.29 - -1.00023e-12 * -7.08926e-08 = 1000.29
1.46039e-21 - -8.50403e-05 * 3.8128e-16 = 3.38846e-20
0.291814 - -1.18793e-16 * 3.8128e-16 = 0.291814
5.75935e-10 - -0.00133333 * 3.8128e-16 = 5.75935e-10
1.45802e-07 - -0.00272632 * 4.21701e-19 = 1.45802e-07
-0.322693 - -0.0135362 * -0.156943 = -0.324817
-0.0531922 - -0.0135362 * -0.801217 = -0.0640376
0.429663 - -0.0135362 * -2.34614e-07 = 0.429663
-1.85895e-08 - -0.0172284 * -2.34614e-07 = -2.26315e-08
-7.13219e-05 - 3.38846e-20 * -0.00934264 = -7.13219e-05
0.000543033 - 3.38846e-20 * 4.21701e-19 = 0.000543033
-5.64208e-06 - 3.38846e-20 * -3.01046e-08 = -5.64208e-06
0 - -0.0172414 * -127100 = -2191.38
0 - -0.0172414 * -0.980126 = -0.0168987
-0.000197502 - -0.0178398 * -4.4958e-09 = -0.000197502
0 - 0.0172414 * -0.980126 = 0.0168987
-6.63459e-06 - 5.75935e-10 * -0.00934264 = -6.63459e-06
1.94404e-06 - 5.75935e-10 * 4.21701e-19 = 1.94404e-06
-6.63459e-06 - -0.00272632 * -3.01046e-08 = -6.63467e-06
8.33647 - 5.75935e-10 * -3.01046e-08 = 8.33647
1 - 0.0172414 * -127100 = 2192.38
1000.29 - -0.000499992 * -0.0203778 = 1000.29
2.54187e-05 / 0.198885 = 0.000127806
-0.692752 / 0.198885 = -3.48318
0.0178135 / 0.198885 = 0.0895667
0.472304 / 0.198885 = 2.37476
0.000832759 / 0.370825 = 0.00224569
2.54184e-05 / 0.370825 = 6.85455e-05
0.0219293 / 0.370825 = 0.0591367
-0.424989 / 0.370825 = -1.14606
1000.29 - -1.00023e-12 * -0.00191352 = 1000.29
1000.29 - -0.006403 * -6.40296e-06 = 1000.29
0.00206327 - -3.96989e-15 * 0.000127806 = 0.00206327
-0.000214727 - -0.152754 * 0.000127806 = -0.000195204
0 - -0.0155182 * 0.000127806 = 1.98332e-06
-5.04311e-06 - -0.0231296 * 0.000127806 = -2.087e-06
-0.000537986 - -3.96989e-15 * -3.48318 = -0.000537986
0.697585 - -0.152754 * -3.48318 = 0.165514
-4.35295e-10 - -0.0231296 * -3.48318 = -0.0805647
-0.000197502 - -0.0155182 * -3.48318 = -0.0542502
0 - -3.96989e-15 * 0.0895667 = 3.5557e-16
0.00649275 - -0.0155182 * 0.0895667 = 0.00788266
-0.0031424 - -0.0231296 * 0.0895667 = -0.00107075
0 - -3.96989e-15 * 0.00224569 = 8.91516e-18
-0.00242198 - -0.324817 * 0.00224569 = -0.00169254
0.0065236 - -0.0154737 * 0.00224569 = 0.00655835
0.0168987 / 2192.38 = 7.70793e-06
-0.0172414 / 2192.38 = -7.86422e-06
7.07847e-05 - -3.96989e-15 * 2.37476 = 7.07847e-05
0.0109638 - -0.0155182 * 2.37476 = 0.0478158
0.00206328 - -3.96989e-15 * 6.85455e-05 = 0.00206328
-0.000214727 - -0.324817 * 6.85455e-05 = -0.000192462
0 - -0.0154737 * 6.85455e-05 = 1.06065e-06
-0.0194087 - -0.152754 * 0.0895667 = -0.00572703
1000.29 - -0.000499992 * -0.0203778 = 1000.29
-5.12786e-06 - -0.023159 * 6.85455e-05 = -3.54042e-06
-0.000537984 - -3.96989e-15 * -1.14606 = -0.000537984
-2.26315e-08 - -0.023159 * -1.14606 = -0.0265417
-2.93217e-05 - -0.0154737 * -1.14606 = -0.0177632
-0.514698 - -0.152754 * 2.37476 = -0.151943
-0.00314929 - -0.023159 * 0.00224569 = -0.00309729
7.0757e-05 - -3.96989e-15 * 0.0591367 = 7.0757e-05
-0.0640376 - -0.324817 * 0.0591367 = -0.044829
0.0107732 - -0.0154737 * 0.0591367 = 0.0116883
0.429663 - -0.324817 * -1.14606 = 0.0574015
1000.29 - -0.00640364 * -1.99822 = 1000.28
-0.000537986 / 0.00206327 = -0.260744
0.00175644 / 0.00206327 = 0.851289
3.5557e-16 / 0.00206327 = 1.72334e-13
0.0172417 - -0.980126 * 7.70793e-06 = 0.0172492
-0.0168987 - -2191.38 * 7.70793e-06 = -7.70949e-06
0 - -0.980126 * -7.86422e-06 = -7.70793e-06
0.0172414 - -2191.38 * -7.86422e-06 = 7.86409e-06
1000.29 - -0.00640292 * -6.40287e-06 = 1000.29
7.07847e-05 / 0.00206327 = 0.0343071
0.00175644 / 0.00206328 = 0.851287
8.91516e-18 / 0.00206328 = 4.32088e-15
-0.000537984 / 0.00206328 = -0.260743
7.0757e-05 / 0.00206328 = 0.0342935
1000.28 - -0.0512414 * -1.24024 = 1000.21
0.165514 - -0.000195204 * -0.260744 = 0.165463
-0.0542502 - 1.98332e-06 * -0.260744 = -0.0542497
-0.0805647 - -2.087e-06 * -0.260744 = -0.0805653
-3.87238e-07 - -1.9395e-07 * -0.260744 = -4.37809e-07
0.00153232 - -0.000195204 * 0.851289 = 0.00169849
0 - 1.98332e-06 * 0.851289 = -1.68838e-06
1.45802e-07 - -2.087e-06 * 0.851289 = 1.92244e-06
0.000543033 - -1.9395e-07 * 0.851289 = 0.000543198
0.00788266 - 1.98332e-06 * 1.72334e-13 = 0.00788266
0 - -1.9395e-07 * 1.72334e-13 = 3.3424e-20
-0.00572703 - -0.000195204 * 1.72334e-13 = -0.00572703
-0.00107075 - -2.087e-06 * 1.72334e-13 = -0.00107075
-0.0172414 / 0.0172492 = -0.999545
-7.70793e-06 / 0.0172492 = -0.000446857
-0.151943 - -0.000195204 * 0.0343071 = -0.151936
-7.13219e-05 - -1.9395e-07 * 0.0343071 = -7.13153e-05
1000.29 - -0.00640356 * -1.99819 = 1000.28
0.000543034 - -1.94011e-07 * 0.851287 = 0.000543199
1.45804e-07 - -3.54042e-06 * 0.851287 = 3.15972e-06
0 - 1.06065e-06 * 0.851287 = -9.0292e-07
0 - -1.94011e-07 * 4.32088e-15 = 8.383e-22
-0.00309729 - -3.54042e-06 * 4.32088e-15 = -0.00309729
0.00655835 - 1.06065e-06 * 4.32088e-15 = 0.00655835
-3.87386e-07 - -1.94011e-07 * -0.260743 = -4.37974e-07
-0.0265417 - -3.54042e-06 * -0.260743 = -0.0265426
-0.0177632 - 1.06065e-06 * -0.260743 = -0.0177629
0.00153234 - -0.000192462 * 0.851287 = 0.00169618
-0.00169254 - -0.000192462 * 4.32088e-15 = -0.00169254
0.0574015 - -0.000192462 * -0.260743 = 0.0573514
-0.044829 - -0.000192462 * 0.0342935 = -0.0448224
-7.12941e-05 - -1.94011e-07 * 0.0342935 = -7.12875e-05
0.0116883 - 1.06065e-06 * 0.0342935 = 0.0116882
0.0478158 - 1.98332e-06 * 0.0343071 = 0.0478157
1000.21 - -1000 * -1 = 0.214539
0.00169849 / 0.165463 = 0.0102651
0.0172414 - -0.0172414 * -0.999545 = 7.84546e-06
0 - -7.70949e-06 * -0.999545 = -7.70598e-06
0 - -0.0172414 * -0.000446857 = -7.70442e-06
7.86409e-06 - -7.70949e-06 * -0.000446857 = 7.86064e-06
-0.00572703 / 0.165463 = -0.0346121
-0.151936 / 0.165463 = -0.918249
0.214539 - -5.04311e-06 * -2.99836e-15 = 0.214539
1000.28 - -0.0512405 * -1.2393 = 1000.21
0.00169618 / 0.0573514 = 0.0295752
-0.0448224 / 0.0573514 = -0.78154
-0.00169254 / 0.0573514 = -0.0295118
-1.68838e-06 - -0.0542497 * 0.0102651 = 0.000555188
1.92244e-06 - -0.0805653 * 0.0102651 = 0.000828931
0.000543198 - -4.37809e-07 * 0.0102651 = 0.000543203
-7.70442e-06 / -0.0401614 = 0.000191837
7.86064e-06 / -0.0401614 = -0.000195726
0.00788266 - -0.0542497 * -0.0346121 = 0.00600497
-0.00107075 - -0.0805653 * -0.0346121 = -0.00385929
3.3424e-20 - -4.37809e-07 * -0.0346121 = -1.51535e-08
0.0478157 - -0.0542497 * -0.918249 = -0.00199899
-7.13153e-05 - -4.37809e-07 * -0.918249 = -7.17173e-05
1000.21 - -5.12786e-06 * -2.99833e-15 = 1000.21
3.15972e-06 - -0.0265426 * 0.0295752 = 0.000788162
-9.0292e-07 - -0.0177629 * 0.0295752 = 0.000524438
0.0116882 - -0.0177629 * -0.78154 = -0.00219419
0.214539 - -1.00042e-12 * 0.000271403 = 0.214539
0.000543199 - -4.37974e-07 * 0.0295752 = 0.000543212
-7.12875e-05 - -4.37974e-07 * -0.78154 = -7.16298e-05
8.383e-22 - -4.37974e-07 * -0.0295118 = -1.29254e-08
-0.00309729 - -0.0265426 * -0.0295118 = -0.00388061
0.00655835 - -0.0177629 * -0.0295118 = 0.00603413
1000.21 - -1000 * -1 = 0.2146
-0.00199899 / 0.00600497 = -0.332889
0.000555188 / 0.00600497 = 0.0924548
0.214539 - -0.0001 * -0.00497595 = 0.214538
-7.16298e-05 / 0.000543212 = -0.131863
3.38846e-20 / 0.000543212 = 6.23782e-17
-1.29254e-08 / 0.000543212 = -2.37944e-05
-5.64207e-06 / 0.000543212 = -0.0103865
0.2146 - -1.00042e-12 * 0.000271651 = 0.2146
-7.17173e-05 - -1.51535e-08 * -0.332889 = -7.17224e-05
0.000828931 - -0.00385929 * 0.0924548 = 0.00118574
0.000543203 - -1.51535e-08 * 0.0924548 = 0.000543204
0.214538 - -0.0172362 * -0.801632 = 0.200721
-0.00272632 - 1.23061e-19 * -0.131863 = -0.00272632
-0.00219419 - 0.000524438 * -0.131863 = -0.00212503
-6.63459e-06 - 1.94407e-06 * -0.131863 = -6.37824e-06
0.291814 - 1.23061e-19 * 6.23782e-17 = 0.291814
0 - 0.000524438 * 6.23782e-17 = -3.27135e-20
5.75935e-10 - 1.94407e-06 * 6.23782e-17 = 5.75935e-10
0 - 1.23061e-19 * -2.37944e-05 = 2.92816e-24
0.00603413 - 0.000524438 * -2.37944e-05 = 0.00603415
0 - 1.94407e-06 * -2.37944e-05 = 4.6258e-11
-8.78495e-09 - 1.23061e-19 * -0.0103865 = -8.78495e-09
0 - 0.000524438 * -0.0103865 = 5.44708e-06
8.33647 - 1.94407e-06 * -0.0103865 = 8.33647
-0.00272632 - 0.000788162 * 6.23782e-17 = -0.00272632
-0.00388061 - 0.000788162 * -2.37944e-05 = -0.00388059
-6.63459e-06 - 0.000788162 * -0.0103865 = 1.55167e-06
0.2146 - -0.0001 * -0.00497594 = 0.214599
0.200721 - -0.00272632 * -0.00934264 = 0.200695
0.214599 - -0.0172284 * -0.801217 = 0.200795
0.200695 - -0.0231296 * 2.37476 = 0.255623
0.200795 - -0.023159 * 0.0591367 = 0.202165
0.255623 - -2.087e-06 * 0.0343071 = 0.255623
0.202165 - -3.54042e-06 * 0.0342935 = 0.202165
0.255623 - -0.0805653 * -0.918249 = 0.181644
0.202165 - -0.0265426 * -0.78154 = 0.181421
0.181644 - -0.00385929 * -0.332889 = 0.180359
0.181421 - 0.000788162 * -0.131863 = 0.181525
0.00118574 / 0.180359 = 0.00657433
-6.63467e-06 / 0.180359 = -3.67859e-05
-0.00272632 / 0.181525 = -0.015019
-0.00388059 / 0.181525 = -0.0213777
-1.88522 / 0.181525 = -10.3855
1.55167e-06 / 0.181525 = 8.54795e-06
0.000543204 - -7.17224e-05 * 0.00657433 = 0.000543676
1.94404e-06 - -6.63459e-06 * 0.00657433 = 1.98766e-06
-5.64208e-06 - -7.17224e-05 * -3.67859e-05 = -5.64472e-06
8.33647 - -6.63459e-06 * -3.67859e-05 = 8.33647
0.291814 - -0.00272632 * -0.015019 = 0.291773
-3.27135e-20 - -0.00212503 * -0.015019 = -3.19158e-05
5.75935e-10 - -6.37824e-06 * -0.015019 = -9.52186e-08
2.92816e-24 - -0.00272632 * -0.0213777 = -5.82824e-05
0.00603415 - -0.00212503 * -0.0213777 = 0.00598872
4.6258e-11 - -6.37824e-06 * -0.0213777 = -1.36306e-07
222.329 - -0.00272632 * -10.3855 = 222.301
0.00101083 - -0.00212503 * -10.3855 = -0.0210586
0 - -6.37824e-06 * -10.3855 = -6.62409e-05
-8.78495e-09 - -0.00272632 * 8.54795e-06 = 1.45195e-08
5.44708e-06 - -0.00212503 * 8.54795e-06 = 5.46525e-06
8.33647 - -6.37824e-06 * 8.54795e-06 = 8.33647
-5.64472e-06 / 0.000543676 = -0.0103825
-5.82824e-05 / 0.291773 = -0.000199752
222.301 / 0.291773 = 761.895
-8e-31 / 0.291773 = -2.74185e-30
1.45195e-08 / 0.291773 = 4.97629e-08
8.33647 - 1.98766e-06 * -0.0103825 = 8.33647
0.00598872 - -3.19158e-05 * -0.000199752 = 0.00598871
0 - -8e-31 * -0.000199752 = -1.59802e-34
-1.36306e-07 - -9.52186e-08 * -0.000199752 = -1.36325e-07
0 - -3.19158e-05 * -2.74185e-30 = -8.75085e-35
7.84546e-06 - -8e-31 * -2.74185e-30 = 7.84546e-06
0 - -9.52186e-08 * -2.74185e-30 = -2.61075e-37
5.46525e-06 - -3.19158e-05 * 4.97629e-08 = 5.46525e-06
0 - -8e-31 * 4.97629e-08 = 3.98103e-38
8.33647 - -9.52186e-08 * 4.97629e-08 = 8.33647
-0.0210586 - -3.19158e-05 * 761.895 = 0.0032579
0 - -8e-31 * 761.895 = 6.09516e-28
-6.62409e-05 - -9.52186e-08 * 761.895 = 6.3057e-06
-3878.88 / 8.33647 = -465.29
-8.33962 / 8.33647 = -1.00038
-8.75085e-35 / 0.00598871 = -1.46122e-32
5.46525e-06 / 0.00598871 = 0.000912592
0.0032579 / 0.00598871 = 0.544007
-1762.46 - -8.33962 * -465.29 = -5642.8
26.736 - -8.33962 * -1.00038 = 18.3933
7.84546e-06 - -1.59802e-34 * -1.46122e-32 = 7.84546e-06
-2.61075e-37 - -1.36325e-07 * -1.46122e-32 = -2.63068e-37
3.98103e-38 - -1.59802e-34 * 0.000912592 = 1.85644e-37
8.33647 - -1.36325e-07 * 0.000912592 = 8.33647
6.09516e-28 - -1.59802e-34 * 0.544007 = 6.09516e-28
6.3057e-06 - -1.36325e-07 * 0.544007 = 6.37986e-06
-18.1934 / 18.3933 = -0.989134
-1e-08 / 18.3933 = -5.43678e-10
7.84546e-06 / -0.0401614 = -0.000195348
1.85644e-37 / -0.0401614 = -4.62246e-36
-3878.88 / 8.33647 = -465.29
-8.33962 / 8.33647 = -1.00038
18.1987 - -18.1962 * -0.989134 = 0.200199
0 - -1e-08 * -0.989134 = -9.89134e-09
0 - -18.1962 * -5.43678e-10 = -9.89286e-09
100001 - -1e-08 * -5.43678e-10 = 100001
-1762.46 - -8.33962 * -465.29 = -5642.8
26.736 - -8.33962 * -1.00038 = 18.3933
-5.90855e-11 / 0.200199 = -2.95134e-10
-4.00676e-13 / 0.200199 = -2.00139e-12
-9.89286e-09 / 0.200199 = -4.94151e-08
-18.1934 / 18.3933 = -0.989134
-1e-08 / 18.3933 = -5.43678e-10
1.29772 - -5.81108e-11 * -2.95134e-10 = 1.29772
-2.10661e-11 - -4.47093e-13 * -2.95134e-10 = -2.10661e-11
-1.29911 - -9.89134e-09 * -2.95134e-10 = -1.29911
-2.11125e-11 - -5.81108e-11 * -2.00139e-12 = -2.11125e-11
100000 - -4.47093e-13 * -2.00139e-12 = 100000
-100000 - -9.89134e-09 * -2.00139e-12 = -100000
-1.29931 - -5.81108e-11 * -4.94151e-08 = -1.29931
-100000 - -4.47093e-13 * -4.94151e-08 = -100000
100001 - -9.89134e-09 * -4.94151e-08 = 100001
18.1987 - -18.1962 * -0.989134 = 0.200199
-4.47093e-13 - -1e-08 * -0.989134 = -9.89179e-09
-4.00676e-13 - -18.1962 * -5.43678e-10 = -9.89326e-09
1.30469 - -1e-08 * -5.43678e-10 = 1.30469
-2.11125e-11 / 1.29772 = -1.62688e-11
-1.29931 / 1.29772 = -1.00122
-9.89326e-09 / 0.200199 = -4.94171e-08
-5.90855e-11 / 0.200199 = -2.95134e-10
100000 - -2.10661e-11 * -1.62688e-11 = 100000
-100000 - -1.29911 * -1.62688e-11 = -100000
-100000 - -2.10661e-11 * -1.00122 = -100000
100001 - -1.29911 * -1.00122 = 100000
1.30469 - -9.89179e-09 * -4.94171e-08 = 1.30469
-1.29931 - -5.81108e-11 * -4.94171e-08 = -1.29931
-1.29911 - -9.89179e-09 * -2.95134e-10 = -1.29911
1.29772 - -5.81108e-11 * -2.95134e-10 = 1.29772
-100000 / 100000 = -1
-1.29911 / 1.30469 = -0.995726
100000 - -100000 * -1 = 0.0078125
1.29772 - -1.29931 * -0.995726 = 0.00396764
SUCCESS: simulation
CSC format: after simulation
Ax: 1 1 100000 -1 -1.18e-35 -1 -1 -3635.14 -0.000275093 1 18.1818 -18.1818 1 -1 3634.14 -18.1818 -0.000275135 -66135.2 7.26916e-28 66135.2 1 -1 310.078 -1 100000 -1 -1.18e-35 -1 -1 -3635.14 -0.000275093 1 -1 1.2987 1 1.2987 -1.2987 3634.14 -1 -0.000275135 -3.63463e+08 3.63458e+08 4722.44 1 -1 1705.43 -1 1 4 1 -4 -4 8 -0.5 -4 2.01 -0.00497512 0.126415 -0.91694 -0.00395524 100009 -8.89759e-05 -0.999911 100032 -0.0003178 -0.999682 -31.7901 31.78 -1.8592e-12 -2.64764e-13 -1 -8.89838 -5.81108e-11 8.89759 -4.98295e-11 -6.53107e-12 -1 -0.115915 -9.38897e-12 -4.42388e-10 0.00962788 -0.047619 -9.75186e-10 -4.59486e-08 1 -465.116 -1 100000 -1 -1.18e-35 100000 -0.999998 1 -3635.14 1 8.33333 -8.33333 1 -1 -8.33333 1 8.33958 -8.33958 -2e-31 -1 1 -465.116 -1 100000 -1 -1.18e-35 -1 -1 -3635.14 -0.000275093 1 18.1818 -18.1818 1 -1 3634.14 -18.1818 -0.000275135 -66135.2 7.26916e-28 66135.2 1 -1 310.078 -1 100000 -1.18e-35 -1 -1 -1 -3635.14 -0.000275093 1 -1 1.2987 1 1.2987 -1.2987 3634.14 -1 -0.000275135 -3.63463e+08 3.63458e+08 4722.44 1 -1 1705.43 -1 -2e-31 -100000 100000 1705.43 -2e-36 -1 1 4 1 -4 -4 8 -0.5 -4 2.01 -0.00497512 0.126415 -0.91694 -0.00395524 100009 -8.89759e-05 -0.999911 100032 -0.0003178 -0.999682 -31.7901 31.78 -1.8592e-12 -2.64764e-13 -1 -8.89838 -5.81108e-11 8.89759 -4.98295e-11 -6.53107e-12 -1 -0.115915 -9.38897e-12 -4.42388e-10 0.00962788 -9.75186e-10 -4.59486e-08 -0.047619 1 -465.116 -1 100000 -1 -1.18e-35 100000 -0.999998 1 -3635.14 1 8.33333 -8.33333 1 -1 -8.33333 1 8.33958 -8.33958 -2e-31 -1 1 -465.116 -1 1000 -4.96254e-10 -3.65243e-06 -0.999996 -0.00365294 1000 3.65243e-06 -1 -3.65293e-06 -1.0021e-12 -1.0021e-12 1000 -1.0021e-15 -1.0021e-15 -1 -1000 0.00365243 0.000366211 -10.339 9.36676 1000.07 -0.999933 -1000 0.137146 -0.256947 -0.256947 -0.0704721 1000.02 1.71249e-05 -0.999983 -6.436e-06 -1.6544e-06 1000 -1 -1.65437e-09 -1000 0.0454712 -3.63828e-05 -0.999634 1000 -1.41955e-19 -1.04479e-15 -4.48722e-14 1000 -1 -9.55328e-16 -1000 1000.01 -9.55319e-16 -0.99999 -1.00006e-12 -1.00006e-12 -1.00006e-12 1000 -1.00005e-15 -1 -1000 -9.55319e-13 0.0100098 -1.0174e-10 -1.38233e-14 -9.54387e-11 2000 -0.5 -0.5 -1000 500.002 -3.41702e-06 -4.64269e-10 -0.999997 -0.00503972 1000.01 -5.03966e-06 -5.03965e-06 -0.99999 0.00333097 -0.0083709 1000.01 3.3309e-06 -8.37078e-06 -0.999995 -0.0245335 1000.05 -2.45323e-05 -0.999951 -2.34133e-15 0.0245335 -1000 -500 -0.00170851 -2.40745e-07 -0.0490669 0.0262439 -1.93466 -9.17323e-06 -1000 -4.96254e-07 -0.00365243 -0.00013383 -1000 0.0171249 0.0171249 -1000 -0.00503966 -1000 -0.0295719 0.0215238 -0.111453 -0.234155 0.795337 1000 -1.40235e-19 -1.03213e-15 -1 -3.07766e-14 1000 -9.70857e-16 -1 -3.07766e-17 -1.00149e-12 -1.00149e-12 1000 -1.00149e-15 -1 -1.00149e-15 1000.07 -0.999933 -6.66622e-05 -1000 0.0666504 -1.50044e-11 -1.50044e-11 -1.00018 7.09078e-05 1000 -7.09175e-08 -1 7.09204e-08 -7.09078e-05 -9.63422e-09 1000 -1 -9.63422e-12 -7.09204e-08 -1000 -9.70857e-13 -1000 0.0370483 -2.60071e-07 -0.00191427 -0.999695 1000 -1.67203e-06 -2.27178e-10 -1.03213e-12 1000 -1.03213e-15 -1 -0.00167226 0.00167203 1000 -0.999998 1000 -1 -1000 0.249023 -0.999161 -0.000135756 -0.208105 1000.21 -0.00020809 -0.999792 -0.0407435 -0.208104 1000.21 -0.999792 -0.000208018 -1000 -1000 -1000 0.209656 -0.000122301 -0.992187 1000.01 -6.40232e-06 -6.84008e-10 -0.999994 -1.03213e-12 1000 -1.03213e-15 -1 -1.03212e-15 -0.00640304 0.00640232 1000 -0.999994 -6.403e-06 -2.5641e-05 -1000 -1000 1000.01 -0.999994 -2.54405e-08 -6.40296e-06 1000.01 -6.84008e-10 -6.40232e-06 -0.999994 -1000 -0.00640304 0.00640869 0.999005 -0.00396969 -1.99822 -1.00005e-12 -1.00005e-12 1000 -3.96989e-18 -1 -2.99836e-15 1000 -0.999999 -1000 0.000976562 -3.93673e-09 -5.34882e-13 -1.00007e-12 1000 -1.00007e-15 -1 -2.84492e-12 1.84433e-12 1000 -1 1.84433e-15 1000 -0.999999 -1000 0.000976562 -3.93673e-09 -5.34882e-13 -1.00006e-12 1000 -1.00006e-15 -1 -2.84492e-12 1.84434e-12 1000 -1 1.84434e-15 -1000 -1000 1000 -1 1.84434e-15 1.84433e-15 1000 -1.49685e-06 1.49664e-06 -1 -1000 -2.03348e-07 0.00152588 -0.980841 -0.000133265 1.2087e-09 -1.00029e-12 -1.00029e-12 1000 -1.00042e-15 1.20905e-24 -1 1000.05 2.04232e-10 -5.24536e-05 -0.999948 -0.052445 1000.1 -0.999895 -5.24422e-05 -5.24367e-05 -1000 -1.00006e-12 -1.00006e-12 -1000 -0.00149685 2.84754e-05 -1000 0.104919 -0.499834 -0.499782 1.72441e-11 0.000271403 1000.05 -5.56905e-09 -5.21263e-05 -0.999948 1000.05 -5.21263e-05 -5.56905e-09 -0.999948 -1.03213e-12 1000 -1.03213e-15 -1 -1.03208e-15 -0.0521346 0.0521263 1000 -0.999948 -5.21319e-05 -0.0521346 1000 5.21263e-05 -1 -5.21319e-05 -1.0005e-12 -1.0005e-12 1000 -1.0005e-15 -1 -1.0005e-15 1000.35 -0.000698509 0.000349154 -0.999651 -0.349476 1000.7 -0.00034911 -0.00034911 -0.999302 2000 -0.5 -0.5 -1000 500.013 -2.61549e-05 -3.55365e-09 -0.999974 -3.89391e-08 1000 -3.89391e-11 -3.89381e-11 -1 -0.0130795 0.0130773 1000 -1.30792e-05 1.30773e-05 -1 -2.13825e-08 -0.00020014 -1000 -500 -0.0130774 -1.77682e-06 0.0132446 -0.987376 -6.88929e-06 -0.0151005 -0.000134154 1.43282 -0.00296522 0.01 -2.40228e-10 0.0100102 -0.998979 -0.00424862 100.004 -0.999958 0.391526 -0.970036 -0.0299636 0.379795 -1.01681e-11 -1 -2.40228e-12 -0.01 -100 -0.379795 -3.86179e-12 1000.02 -0.999984 -1.13798e-05 -4.99992e-07 2000 -0.5 -0.5 -1000 500.061 -0.000121818 -1.65513e-08 -0.999878 -0.00846811 1000.02 -8.46797e-06 -0.999983 -8.46694e-06 -1000 -0.0524564 0.0439736 0.0245361 1.79217 -2.13765 -0.463799 -0.0203778 -1000 -1000 -1000 0.0521263 -1000 -3.89391e-08 -3.89386e-08 -1000 -0.00846797 0.0842067 -0.315515 0.619028 -6.98273e-09 -0.0466409 -1.24024 -1.12062e-05 -0.10489 -0.104879 -1000 -500 -0.0609088 -8.79143e-06 -0.060892 0.0941732 -0.156515 -4.4958e-09 -0.0302011 -0.801632 -1000 -0.20809 -0.208046 -2.54442e-05 -2.5444e-05 2.54187e-05 -1000 2.04232e-07 2.04211e-07 -1000 -1000 -0.698509 0.34891 0.344506 0.0562431 0.198885 0.000127806 -3.48318 0.0895667 2.37476 -1000 -0.000222222 -0.00229756 -1000 -1000 -7.09175e-05 -7.09175e-05 -1000 -3.96989e-15 0.00206327 -0.260744 1.72334e-13 0.0343071 0.851289 -1000 -1.00005e-12 -1000 -1.01745e-22 0.0033309 -0.00192662 -1000 -1.00007e-12 -1.00007e-12 -1.00007e-12 -9.80907e-13 -1.33274e-16 -1000 -0.34911 -0.344703 -0.108759 -0.152754 -0.000195204 0.165463 -0.0346121 -0.918249 0.0102651 100 -1e-14 -1 0.01 -1.00082e-10 -1 1 -1 -1.18986e-12 -1e-12 0.335796 -2.97801e-12 -1 21.9246 -4.47869e-05 -0.00481913 -0.0326096 0.0885401 0.0910952 -0.724584 -0.0740297 -0.0234082 4.16095 -0.976157 -0.00407628 -100 -1.00082e-12 -1 -1e-12 -4.06174 0.0973468 -3.27764e-11 -0.170081 -0.00513628 100000 1e-05 -1 0.0143885 -6.95e-11 70.922 -1.58547e-12 1000 -1 -1e-12 1000 -1 -1.12445e-10 -1000 -1000 1.00001e+06 -6.57458e-06 -0.999993 1000 -1.33378e-10 -4.99012e-11 -1.8298e-07 0.0516798 -0.999996 5.90516e-08 -0.0516797 0.125 2.44141e-08 -0.999999 -6.57462 -2.99378e-10 -4.655e-08 -4.65499e-08 6.57458 -7.08027e-09 -1 17.8891 -1 -7.56776e-09 21.8267 -4.13298e-06 -0.000399656 -0.999596 0.00161933 0.0443937 -0.154136 0.0364618 -0.882326 -0.0104327 -0.00513381 4.07651 -0.996377 -0.00251228 -0.00111117 0.0380804 -0.61186 0.508338 -0.896479 -0.00394214 0.457583 -0.0380449 -0.00772328 -0.954232 -8.47321e-14 -5.48788e-05 5.16094 -8.21254e-08 -0.99999 -1.01468e-05 -4.06174 -0.0341383 -0.0208878 0.0165591 0.0205903 -0.495584 0.682795 -1.18721 -0.125 3.05176e-09 -17.8891 -21.8179 -9.01731e-05 -0.00873356 -0.00870192 0.0169817 0.349875 -0.760832 1.79709e-07 1 -1 1e-05 -1 -1.3538e-07 -5.16089 -0.00250042 -0.0012393 0.00602758 -1 0.00396379 0.00133333 -2.22714e-10 -0.00602758 -0.01 -1.18986e-12 -0.335796 -3.19068e-12 -0.0391698 -0.00603746 -0.43664 -0.0166119 -0.00938788 -0.00573945 -0.00819365 8.19365e-08 0.0115745 -9.48561e-09 8.9112e-08 -1.41589e-12 -0.707905 -0.0641547 0.00584418 0.00570484 -0.00133333 1.33333e-08 -5.26635e-11 0.0200967 3.8128e-16 -0.00497595 0.00145803 -0.0663459 1 2 1 -2 -2 2.5 -0.2 0.757971 -0.340344 6.01288 -1.6631e-13 1000 -1 -0.257971 1000.17 -0.99983 -0.5 1e+06 -1 -3.0303e-09 1 -24.8995 1 -1 1 3.20513 -3.20513 1 -1 1 -691.489 -1 -1 -1 1 -691.489 -1 -1e+06 -3.20513 3.5625 -622.123 -0.899685 -0.000850611 1 -1 0.0172414 1 0.0172414 -0.0172414 0.0002002 -0.000999001 -2e-07 6.24013e-05 -0.498399 -0.498399 -3.11007e-05 0.882628 -0.999982 -1.75618e-05 -0.882613 4.673e-05 -0.665541 -0.331699 -3.11007e-05 0.882623 -1.1688e-05 -0.999988 -3.11007e-05 -1.55006e-05 -1.55003e-05 -1.03161e-05 0.882623 -0.999988 -1.16878e-05 -0.882613 4.1604e-05 -0.747541 -0.247953 -3.11007e-05 0.88262 -0.999991 -8.73707e-06 -0.882613 7.86781e-06 -127100 -0.980126 -1 1 -127100 -0.980126 0.0172414 2192.38 7.70793e-06 -7.86422e-06 -1 -0.882613 -1.0316e-05 -1.03158e-05 -7.71152e-06 -7.71145e-06 -0.980126 0.0172492 -0.999545 -0.000446857 -1 -1 -1 0.000165357 -0.0681794 0.000333533 -0.9994 -1.1274e-05 0.000110555 -0.000452262 -0.904525 -0.000333333 -5e-08 3.02838e-05 -0.991749 -0.00149342 -3.00339e-05 0.882613 -1 -5.08185e-08 -0.882613 2.38419e-07 -4.1943e+06 -0.188127 1 0.00641026 -0.00641026 -24.8995 -0.0401614 -24.8995 -0.0401614 23.8995 1 -0.0401614 0.159612 -0.159612 -1 -1 -4.1943e+06 26887.6 -0.999963 -6.99682e-06 1 -1 22553.2 1 2 1 -2 -2 2.5 -0.2 0.757971 -0.340344 6.01288 -1.6631e-13 1000 -1 -0.257971 1000.17 -0.99983 -0.5 1e+06 -1 -3.0303e-09 1 -24.8995 1 -1 1 3.20513 -3.20513 1 -1 1 -1 -691.489 -1 -1 1 -1 -691.489 -1e+06 -3.20513 3.5625 -0.000850611 -0.899685 -622.123 1000 -4.96245e-10 -3.65237e-06 -0.999996 -0.00365288 1000 3.65237e-06 -1 -3.65286e-06 -1.0021e-12 -1.0021e-12 1000 -1.0021e-15 -1.0021e-15 -1 -1000 0.00365237 0.000366211 -10.3388 9.36658 1000.07 -0.999933 -1000 0.137146 -0.256947 -0.256947 -0.0704722 1000.02 1.71249e-05 -0.999983 -6.43837e-06 -1.65501e-06 1000 -1 -1.65498e-09 -1000 0.0454712 -3.63963e-05 -0.999634 1000 -1.41955e-19 -1.04479e-15 -4.48724e-14 1000 -1 -9.55328e-16 -1000 1000.01 -9.55319e-16 -0.99999 -1.00006e-12 -1.00006e-12 -1.00006e-12 1000 -1.00005e-15 -1 -1000 -9.55319e-13 0.0100098 -1.0174e-10 -1.38233e-14 -9.54387e-11 2000 -0.5 -0.5 -1000 500.002 -3.41706e-06 -4.64274e-10 -0.999997 -0.00503977 1000.01 -5.03972e-06 -5.0397e-06 -0.99999 0.003331 -0.00837099 1000.01 3.33093e-06 -8.37087e-06 -0.999995 -0.0245335 1000.05 -2.45323e-05 -0.999951 -2.34133e-15 0.0245335 -1000 -500 -0.00170853 -2.40747e-07 -0.0490669 0.0262439 -1.93466 -9.17333e-06 -1000 -4.96245e-07 -0.00365237 -0.00013383 -1000 0.0171249 0.0171249 -1000 -0.00503972 -1000 -0.0295719 0.0215237 -0.111451 -0.234159 0.79534 1000 -1.40235e-19 -1.03213e-15 -1 -3.07765e-14 1000 -9.70857e-16 -1 -3.07765e-17 -1.00149e-12 -1.00149e-12 1000 -1.00149e-15 -1 -1.00149e-15 1000.07 -0.999933 -6.66622e-05 -1000 0.0666504 -1.50044e-11 -1.50044e-11 -1.00018 7.088e-05 1000 -7.08897e-08 -1 7.08926e-08 -7.088e-05 -9.63044e-09 1000 -1 -9.63044e-12 -7.08926e-08 -1000 -9.70857e-13 -1000 0.0370483 -2.59969e-07 -0.999695 -0.00191352 1000 -1.67205e-06 -2.27181e-10 -1.03213e-12 1000 -1.03213e-15 -1 -0.00167228 0.00167205 1000 -0.999998 1000 -1 -1000 0.249023 -0.999163 -0.000135756 -0.208105 1000.21 -0.00020809 -0.999792 -0.0407441 -0.208104 1000.21 -0.999792 -0.000208018 -1000 -1000 -1000 0.209656 -0.000122301 -0.992187 1000.01 -6.40223e-06 -6.83999e-10 -0.999994 -1.03213e-12 1000 -1.03213e-15 -1 -1.03212e-15 -0.00640296 0.00640223 1000 -0.999994 -6.40292e-06 -2.5641e-05 -1000 -1000 1000.01 -0.999994 -2.54405e-08 -6.40287e-06 1000.01 -6.83999e-10 -6.40223e-06 -0.999994 -1000 -0.00640296 0.00640869 0.998992 -0.00396969 -1.99819 -1.00005e-12 -1.00005e-12 1000 -3.96989e-18 -1 -2.99833e-15 1000 -0.999999 -1000 0.000976562 -3.93671e-09 -5.3488e-13 -1.00007e-12 1000 -1.00007e-15 -1 -2.8449e-12 1.84431e-12 1000 -1 1.84431e-15 1000 -0.999999 -1000 0.000976562 -3.93671e-09 -5.3488e-13 -1.00006e-12 1000 -1.00006e-15 -1 -2.8449e-12 1.84432e-12 1000 -1 1.84432e-15 -1000 -1000 1000 -1 1.84432e-15 1.84431e-15 1000 -1.49684e-06 1.49663e-06 -1 -1000 -2.03347e-07 0.00152588 -0.980834 -0.000133264 1.20869e-09 -1.00029e-12 -1.00029e-12 1000 -1.00042e-15 1.20903e-24 -1 1000.05 2.04267e-10 -5.24373e-05 -0.999948 -0.0524287 1000.1 -0.999895 -5.24259e-05 -5.24204e-05 -1000 -1.00006e-12 -1.00006e-12 -1000 -0.00149684 2.84849e-05 -1000 0.104858 -0.49997 -0.499917 1.72539e-11 0.000271651 1000.05 -5.56891e-09 -5.2125e-05 -0.999948 1000.05 -5.2125e-05 -5.56891e-09 -0.999948 -1.03213e-12 1000 -1.03213e-15 -1 -1.03208e-15 -0.0521333 0.052125 1000 -0.999948 -5.21306e-05 -0.0521333 1000 5.2125e-05 -1 -5.21306e-05 -1.0005e-12 -1.0005e-12 1000 -1.0005e-15 -1 -1.0005e-15 1000.35 -0.000698484 0.000349123 -0.999651 -0.349483 1000.7 -0.000349118 -0.000349117 -0.999302 2000 -0.5 -0.5 -1000 500 -7.50171e-08 -1.01925e-11 -1 -3.90678e-08 1000 -3.90678e-11 -3.90678e-11 -1 -3.74746e-05 3.74304e-05 1000 -3.74746e-08 3.74304e-08 -1 -2.55246e-08 -0.00023891 -1000 -500 -3.75086e-05 -5.09627e-09 0.000305092 -0.122942 -0.000357017 -0.782527 -1.6704e-05 1.43282 -0.00296512 0.01 -2.4023e-10 0.0100102 -0.99898 -0.00424848 100.004 -0.999958 0.391556 -0.969963 -0.0300374 0.379795 -1.01623e-11 -1 -2.4023e-12 -0.01 -100 -0.379795 -3.85959e-12 1000.02 -0.999984 -4.99992e-07 -1.14079e-05 2000 -0.5 -0.5 -1000 500.061 -0.000121793 -1.6548e-08 -0.999878 -0.00847231 1000.02 -8.47216e-06 -0.999983 -8.47113e-06 -1000 -0.0524401 0.0439531 0.0245361 1.79133 -2.13698 -0.0203778 -0.464941 -1000 -1000 -1000 0.052125 -1000 -3.90678e-08 -3.90678e-08 -1000 -0.00847216 0.0842682 -0.315374 0.61856 -3.62789e-07 -1.2393 -0.0467447 -1.12027e-05 -0.104858 -0.104847 -1000 -500 -0.0608967 -8.78993e-06 -0.0608799 0.0941321 -0.156943 -2.34614e-07 -0.801217 -0.0302755 -1000 -0.20809 -0.208046 -2.54442e-05 -2.5444e-05 2.54184e-05 -1000 2.04267e-07 2.04246e-07 -1000 -1000 -0.698484 0.348879 0.0428917 -0.0389103 0.370825 6.85455e-05 -1.14606 0.0591367 0.00224569 -1000 -0.000222222 -0.00229752 -1000 -1000 -7.08897e-05 -7.08896e-05 -1000 -3.96989e-15 0.00206328 -0.260743 0.851287 0.0342935 4.32088e-15 -1000 -1.00005e-12 -1000 -1.01745e-22 0.00333093 -0.00192664 -1000 -1.00007e-12 -1.00007e-12 -1.00007e-12 -9.80901e-13 -1.33273e-16 -1000 -0.349118 -0.0429211 -0.0135362 -0.324817 -0.000192462 0.0573514 0.0295752 -0.78154 -0.0295118 100 -1e-14 -1 0.01 -1.00082e-10 -1 1 -1 -1.18986e-12 -1e-12 0.335796 -2.97801e-12 -1 21.9246 -4.4787e-05 -0.00481913 -0.0326097 0.0885401 0.0910965 -0.724584 -0.0740297 -0.0234082 4.16095 -0.976157 -0.00407628 -100 -1.00082e-12 -1 -1e-12 -4.06174 0.0973468 -3.27764e-11 -0.170081 -0.00513628 100000 1e-05 -1 0.0143885 -6.95e-11 70.922 -1.58547e-12 1000 -1 -1e-12 1000 -1 -1.12445e-10 -1000 -1000 1.00001e+06 -6.57458e-06 -0.999993 1000 -1.33378e-10 -4.99012e-11 -1.8298e-07 0.0516798 -0.999996 5.90516e-08 -0.0516797 0.125 2.44141e-08 -0.999999 -6.57462 -2.99378e-10 -4.655e-08 -4.65499e-08 6.57458 -7.08027e-09 -1 17.8891 -1 -7.56776e-09 21.8267 -4.13298e-06 -0.000399656 -0.999596 0.00161933 0.0443937 -0.154136 0.0364618 -0.882326 -0.0104327 -0.00513381 4.07651 -0.996377 -0.00251228 -0.00111117 0.0380804 -0.61186 0.508338 -0.896479 -0.00394214 0.457583 -0.0380449 -0.00772328 -0.954232 -8.47321e-14 -5.48788e-05 5.16094 -8.21254e-08 -0.99999 -1.01468e-05 -4.06174 -0.0341383 -0.0208878 0.0165591 0.0205903 -0.495584 0.682795 -1.18721 -0.125 3.05176e-09 -17.8891 -21.8179 -9.01731e-05 -0.00873356 -0.00870192 0.0169817 0.349875 -0.760832 1.79709e-07 1 -1 1e-05 -1 -1.3538e-07 -5.16089 -0.00250042 -0.0012393 0.00602758 -1 0.00396379 0.00133333 -2.22714e-10 -0.00602758 -0.01 -1.18986e-12 -0.335796 -3.19068e-12 -0.0391698 -0.00603746 -0.43664 -0.0166119 -0.00938788 -0.00573945 -0.00819365 8.19365e-08 0.0115745 -9.48561e-09 -1.41589e-12 8.9112e-08 -0.707905 -0.0641547 0.00584427 0.00570493 -0.00133333 1.33333e-08 -5.26635e-11 0.0200967 0.00145805 -0.00497594 3.8128e-16 -0.0663459 -0.0454545 -1.65438e-06 -1000 -1.40235e-16 -1.03213e-12 -0.037037 -1.94011e-07 -4.37974e-07 -0.0005 -1.63882e-14 -8.50403e-05 0.000543212 -0.131863 6.23782e-17 -2.37944e-05 -0.0103865 -1e-12 -1000 -1000 -0.0030303 -0.0030303 -0.0666667 -0.0666622 -1.00023e-12 -1.00023e-12 -1.00023e-12 -1000 -0.00640223 -6.83999e-07 -0.00640292 -1000 -0.00640356 -5.12786e-06 -1000 -1.00042e-12 -1000 -1000 -0.052125 -5.56891e-06 -5.56891e-06 -0.052125 -0.0005 -0.000499992 -0.0512405 -0.0172284 -0.023159 -3.54042e-06 -0.0265426 -0.0001 0.000788162 0.181525 -0.015019 -0.0213777 -10.3855 8.54795e-06 -1 -1 -1 3.20513 -3.20513 -1e+06 -6.57458 -4.65498e-08 1.62866e-08 -1.62866e-13 -3.54166e-08 -1.18793e-16 1.23061e-19 -0.00272632 0.291773 -0.000199752 761.895 -2.74185e-30 4.97629e-08 -0.0001 -4.52262e-08 -4.48531e-08 -4.48531e-08 -0.188127 0.00120595 -4.48199e-08 -1000 -3.74746e-05 -0.0117613 -0.379795 -0.011408 -0.0114079 0.0204681 -0.0179233 -0.0154737 1.06065e-06 -0.0177629 0.000524438 -0.00212503 -3.19158e-05 0.00598871 0.544007 -1.46122e-32 0.000912592 1 -0.0172414 -0.0172414 23.8995 -8e-31 -1.59802e-34 6.09516e-28 -0.0401614 -0.000195348 0.000191837 -4.62246e-36 1 1 -29601.1 -1 -1 -1 -1 0.000165357 -0.0681794 0.000333533 -0.9994 -1.1274e-05 0.000110555 -0.000452262 -0.904525 -0.000333333 -5e-08 3.02838e-05 -0.991749 -0.00149342 -3.00339e-05 0.882613 -1 -5.08185e-08 -0.882613 2.38419e-07 -4.1943e+06 -0.188127 1 0.00641026 -0.00641026 -24.8995 -0.0401614 -24.8995 -0.0401614 23.8995 1 -0.0401614 0.159612 -0.159612 -1 -1 -4.1943e+06 26887.6 -0.999963 -6.99682e-06 1 -1 22553.2 -0.0172414 -2191.38 -7.70949e-06 -7.70598e-06 23.8995 -0.0401614 -0.000195726 1.99196e-29 1 1 -1 29601.1 1 -1e+06 -6.57458 -4.65498e-08 1.62866e-08 -1.62866e-13 -3.54166e-08 -1.18793e-16 -1 -1 -1 3.20513 -3.20513 -8e-31 222.329 0.291814 -0.00934264 4.21701e-19 -3.01046e-08 -1000 -0.0130792 -0.0117315 -0.379795 -0.01138 -0.0113798 0.0205579 -0.0178398 -0.0155182 1.98332e-06 -0.0542497 -0.0001 -4.52262e-08 -4.48531e-08 -4.48531e-08 -0.188127 0.00120594 -4.48199e-08 0.00101083 0.00600497 -0.332889 0.0924548 -0.0666667 -0.0666622 -1.00023e-12 -1.00023e-12 -1.00023e-12 -1000 -0.00640232 -6.84008e-07 -0.006403 -1000 -0.00640364 -5.04311e-06 -1000 -1.00042e-12 -1000 -1000 -0.0521263 -5.56905e-06 -5.56905e-06 -0.0521263 -0.0005 -0.000499992 -0.0512414 -0.0172362 -0.0231296 -2.087e-06 -0.0805653 -0.0001 -1e-12 -1000 -1000 -0.0030303 -0.0030303 -1.88522 -0.00272632 -0.00385929 0.180359 0.00657433 -3.67859e-05 -0.0454545 -1.65376e-06 -1000 -1.40235e-16 -1.03213e-12 -0.037037 -1.9395e-07 -4.37809e-07 -0.0005 -1.63882e-14 -8.50403e-05 3.38846e-20 -1.51535e-08 -7.17224e-05 0.000543676 -0.0103825 -100000 -1 8.33333 -8.33958 -100000 1 -0.00396379 -0.00133333 5.75935e-10 -6.63459e-06 1.98766e-06 8.33647 -465.29 -1.00038 26.9179 -2.59972e-09 -6.99791e-08 100000 -1 -5e-09 1 -2325.58 -1 100000 -1 -1.18e-35 1 -3635.14 1 -1 0.714286 1 0.714286 -0.714286 -1 1 100001 -0.71461 -100000 -1 1 -2325.58 -1 -100000 -100000 -0.714286 -0.71461 0.71875 -2312.19 -0.000695652 -0.994242 -2e-31 -100000 100000 -2325.58 -2e-36 -1 1 -100000 1 0.000275093 18.1933 -1.99969e-31 -1.18e-30 -100000 -1 -1 8.33958 -8.33962 -2e-31 -5642.8 18.3933 -0.989134 -5.43678e-10 -1.18e-30 -1 18.1818 -18.1961 -100000 -31.78 -5.90855e-11 -8.41421e-12 5642.2 -18.1962 0.200199 -2.95134e-10 -2.00139e-12 -4.94151e-08 -1.18e-30 -1.2987 -1.29931 -100000 -8.89759 -4.43362e-10 2215.87 -5.81108e-11 1.29772 -1.62688e-11 -1.00122 -0.01 -0.0005 -0.00045847 -0.0005 -0.0005 -1.15609 -4.47093e-13 -2.10661e-11 100000 -1 -100000 1 0.000275093 99986 -99984.7 -1.18e-30 -1 -1 100001 -0.714612 -100000 -2208 -1e-08 -9.89134e-09 -1.29911 -100000 0.0078125 -100000 -1 8.33333 -8.33958 -100000 1 -0.00396379 -0.00133333 1.94407e-06 -6.37824e-06 -9.52186e-08 -1.36325e-07 6.37986e-06 -2.63068e-37 8.33647 -465.29 -1.00038 26.9179 -2.59972e-09 -6.99791e-08 100000 -1 -5e-09 1 -2325.58 -1 100000 -1 -1.18e-35 1 -3635.14 1 -1 0.714286 1 0.714286 -0.714286 -1 1 100001 -0.71461 -100000 -1 1 -2325.58 -1 -100000 -100000 -0.714286 -0.71461 0.71875 -0.000695652 -2312.19 -0.994242 -2e-31 -100000 100000 -2325.58 -2e-36 -1 -0.01 -0.0005 -0.00045847 -0.0005 -0.0005 100000 -1.15609e-05 -4.47093e-18 -1 -2.10661e-16 -2e-31 -100000 100000 1705.43 -2e-36 -1 1 -100000 1 0.000275093 18.1933 -1.18e-30 -100000 -1 -1 8.33958 -8.33962 -2e-31 -1.99969e-31 -5642.8 18.3933 -0.989134 -5.43678e-10 -1.18e-30 -1 18.1818 -18.1961 -100000 -31.78 -5.90855e-11 -8.41421e-12 -4.00676e-13 5642.2 -18.1962 0.200199 -4.94171e-08 -2.95134e-10 -100000 1 0.000275093 99986 -1.18e-30 -1 -1 100001 -0.714612 -100000 -100000 -99984.7 -2209.16 -1e-08 -9.89179e-09 1.30469 -0.995726 -1.18e-30 -1.2987 -1.29931 -100000 -8.89759 -4.43362e-10 -2.11125e-11 2215.87 -5.81108e-11 -1.29931 0.00396764 1 1 
Ai: 0 1 2 424 425 3 424 4 7 5 6 8 6 425 4 6 7 8 422 425 3 8 423 424 9 426 427 10 426 11 14 12 15 12 13 15 427 11 13 14 15 422 427 10 15 423 426 16 16 17 18 16 18 19 18 19 421 20 25 421 21 24 427 22 23 425 22 23 24 25 425 21 23 24 25 425 427 20 23 24 25 421 425 427 26 423 424 27 409 424 28 424 29 32 30 31 33 31 409 31 32 33 409 420 26 33 423 424 34 404 405 35 404 36 39 37 38 40 38 405 36 38 39 40 48 405 35 40 403 404 41 406 408 42 408 43 46 44 47 44 45 47 406 43 45 46 47 48 406 42 47 403 408 40 47 48 403 404 408 49 49 50 51 49 51 52 51 52 407 53 58 407 54 57 406 55 56 405 55 56 57 58 405 54 56 57 58 405 406 53 56 57 58 405 406 407 59 403 404 60 391 404 61 404 62 65 63 64 66 64 391 64 65 66 391 402 59 66 403 404 67 68 69 87 67 68 69 70 87 67 68 69 70 87 153 68 69 70 87 153 71 72 71 72 73 74 72 73 74 87 72 73 74 75 87 74 75 87 390 76 77 79 76 77 78 79 77 78 79 80 76 77 78 79 80 154 78 79 80 85 86 154 81 82 86 81 82 83 84 86 82 83 84 86 87 82 83 84 86 87 154 80 85 86 87 154 80 81 82 83 84 85 86 87 154 67 68 69 70 73 74 75 83 84 85 86 87 153 154 390 88 89 90 390 88 89 90 95 390 88 89 90 95 153 390 91 92 389 91 92 93 94 389 92 93 94 153 389 92 93 94 95 153 389 89 90 94 95 153 389 390 96 97 98 96 97 98 103 96 97 98 103 99 100 99 100 101 102 100 101 102 152 100 101 102 103 152 97 98 102 103 107 152 104 105 106 389 104 105 106 107 389 104 105 106 107 389 103 105 106 107 109 152 389 108 109 110 389 107 108 109 110 152 389 108 109 110 152 153 389 111 112 111 112 113 114 112 113 114 154 112 113 114 119 154 115 116 115 116 117 118 116 117 118 125 116 117 118 119 125 114 118 119 121 125 154 120 121 122 125 119 120 121 122 125 154 120 121 122 125 154 389 123 124 151 152 123 124 125 151 152 117 118 119 120 121 122 124 125 151 152 154 389 126 130 131 389 127 128 129 389 127 128 129 150 389 127 128 129 150 389 126 130 131 150 389 126 130 131 150 152 389 132 133 138 152 132 133 138 152 154 134 135 138 134 135 136 137 138 135 136 137 138 150 135 136 137 138 150 388 132 133 134 135 136 137 138 150 152 154 388 139 142 140 145 141 145 139 142 145 143 145 388 144 145 388 140 141 142 143 144 145 149 388 389 146 147 151 146 147 148 149 151 147 148 149 150 151 145 147 148 149 150 151 388 389 128 129 130 131 136 137 138 148 149 150 151 152 154 388 389 123 124 125 146 147 148 149 150 151 152 154 388 389 101 102 103 107 109 110 123 124 125 131 132 133 138 150 151 152 153 154 388 389 69 70 87 90 93 94 95 110 152 153 154 388 389 390 79 80 84 85 86 87 113 114 119 121 122 125 133 138 150 151 152 153 154 388 389 390 155 158 162 156 162 184 157 162 184 155 158 162 184 159 160 161 159 160 161 185 159 160 161 162 185 155 156 157 158 161 162 184 185 390 163 183 391 164 167 165 168 166 168 164 167 168 165 166 167 168 172 387 169 170 172 169 170 171 172 170 171 172 181 168 169 170 171 172 181 387 173 181 182 174 175 176 181 174 175 176 181 184 174 175 176 180 181 184 177 178 179 180 177 178 179 180 184 177 178 179 180 182 184 176 177 178 179 180 181 182 184 171 172 173 174 175 176 180 181 182 184 387 163 182 183 391 173 179 180 181 182 183 184 185 387 391 156 157 158 162 175 176 178 179 180 181 182 183 184 185 387 390 391 160 161 162 182 183 184 185 387 389 390 391 186 186 187 188 186 188 193 189 192 190 389 191 389 189 192 389 188 193 200 389 194 195 195 196 196 199 200 197 198 198 386 387 197 198 199 386 387 193 199 200 386 387 389 201 214 201 202 214 369 203 204 203 204 205 208 204 205 206 208 205 206 207 208 206 207 208 214 204 205 206 207 208 209 214 208 209 210 214 209 210 211 214 210 211 213 214 211 212 213 214 212 213 214 385 202 207 208 209 210 211 213 214 369 385 215 216 228 217 219 218 220 217 219 220 366 218 219 220 221 366 220 221 222 366 221 222 223 366 223 227 228 224 226 225 368 224 225 226 227 228 368 222 223 227 228 366 215 228 367 229 229 230 231 229 231 236 232 235 233 364 234 364 232 235 364 231 236 243 364 237 238 238 239 239 242 243 240 241 241 365 367 240 241 242 365 367 236 242 243 364 365 367 244 245 246 264 244 245 246 247 264 244 245 246 247 264 330 245 246 247 264 330 248 249 248 249 250 251 249 250 251 264 249 250 251 252 264 251 252 264 363 253 254 256 253 254 255 256 254 255 256 257 253 254 255 256 257 331 255 256 257 262 263 331 258 259 263 258 259 260 261 263 259 260 261 263 264 259 260 261 263 264 331 257 262 263 264 331 257 258 259 260 261 262 263 264 331 244 245 246 247 250 251 252 260 261 262 263 264 330 331 363 265 266 267 363 265 266 267 272 363 265 266 267 272 330 363 268 269 364 268 269 270 271 364 269 270 271 330 364 269 270 271 272 330 364 266 267 271 272 330 363 364 273 274 275 273 274 275 280 273 274 275 280 276 277 276 277 278 279 277 278 279 329 277 278 279 280 329 274 275 279 280 284 329 281 282 283 364 281 282 283 284 364 281 282 283 284 364 280 282 283 284 286 329 364 285 286 287 364 284 285 286 287 329 364 285 286 287 329 330 364 288 289 288 289 290 291 289 290 291 331 289 290 291 296 331 292 293 292 293 294 295 293 294 295 302 293 294 295 296 302 291 295 296 298 302 331 297 298 299 302 296 297 298 299 302 331 297 298 299 302 331 364 300 301 328 329 300 301 302 328 329 294 295 296 297 298 299 301 302 328 329 331 364 303 307 308 364 304 305 306 364 304 305 306 327 364 304 305 306 327 364 303 307 308 327 364 303 307 308 327 329 364 309 310 315 329 309 310 315 329 331 311 312 315 311 312 313 314 315 312 313 314 315 327 312 313 314 315 327 366 309 310 311 312 313 314 315 327 329 331 366 316 319 317 322 318 322 316 319 322 320 322 366 321 322 366 317 318 319 320 321 322 326 364 366 323 324 328 323 324 325 326 328 324 325 326 327 328 322 324 325 326 327 328 364 366 305 306 307 308 313 314 315 325 326 327 328 329 331 364 366 300 301 302 323 324 325 326 327 328 329 331 364 366 278 279 280 284 286 287 300 301 302 308 309 310 315 327 328 329 330 331 364 366 246 247 264 267 270 271 272 287 329 330 331 363 364 366 256 257 261 262 263 264 290 291 296 298 299 302 310 315 327 328 329 330 331 363 364 366 332 335 339 333 339 361 334 339 361 332 335 339 361 336 337 338 336 337 338 362 336 337 338 339 362 332 333 334 335 338 339 361 362 363 340 360 409 341 344 342 345 343 345 341 344 345 342 343 344 345 349 365 346 347 349 346 347 348 349 347 348 349 358 345 346 347 348 349 358 365 350 358 359 351 352 353 358 351 352 353 358 361 351 352 353 357 358 361 354 355 356 357 354 355 356 357 361 354 355 356 357 359 361 353 354 355 356 357 358 359 361 348 349 350 351 352 353 357 358 359 361 365 340 359 360 409 350 356 357 358 359 360 361 362 365 409 333 334 335 339 352 353 355 356 357 358 359 360 361 362 363 365 409 337 338 339 359 360 361 362 363 364 365 409 252 264 265 266 267 272 330 331 339 361 362 363 364 365 366 409 233 234 235 236 243 268 269 270 271 272 281 282 283 284 285 286 287 299 302 303 304 305 306 307 308 322 326 327 328 329 330 331 362 363 364 365 366 367 409 237 238 239 242 243 345 349 358 359 360 361 362 363 364 365 366 367 369 409 219 220 221 222 223 227 228 314 315 320 321 322 326 327 328 329 330 331 363 364 365 366 367 369 409 367 201 214 225 365 366 367 368 369 385 409 216 228 367 369 370 371 383 372 374 373 375 372 374 375 388 373 374 375 376 388 375 376 377 388 376 377 378 388 378 382 383 379 381 380 384 379 380 381 382 383 384 377 378 382 383 388 370 383 386 212 213 214 369 380 384 385 387 371 383 385 386 386 168 172 181 182 183 184 185 194 195 196 199 200 385 386 387 389 390 391 137 138 143 144 145 149 150 151 152 153 154 374 375 376 377 378 382 383 386 388 389 390 91 92 93 94 95 104 105 106 107 108 109 110 122 125 126 127 128 129 130 131 145 149 150 151 152 153 154 185 190 191 192 193 200 386 387 388 389 390 391 75 87 88 89 90 95 153 154 162 184 185 387 388 389 390 391 60 63 64 66 163 183 184 185 387 389 390 391 403 404 392 393 392 393 401 407 394 403 408 395 401 408 396 399 397 400 397 398 400 401 398 399 400 401 402 394 400 403 408 393 395 397 400 401 403 407 408 66 400 402 403 404 408 403 34 36 39 40 48 60 61 62 65 66 391 402 403 404 405 408 34 37 38 40 55 56 57 58 403 404 405 406 407 408 41 44 47 54 57 58 403 405 406 407 408 52 53 58 393 401 403 405 406 407 408 41 43 46 47 48 395 396 399 400 401 402 403 404 405 406 407 408 27 30 31 33 340 360 361 362 363 364 365 366 367 369 409 423 424 410 411 410 411 419 421 412 423 426 413 419 426 414 417 415 418 415 416 418 419 416 417 418 419 420 412 418 423 426 411 413 415 418 419 421 423 426 33 418 420 423 424 426 19 20 25 411 419 421 423 425 426 427 8 15 422 423 424 426 423 2 4 7 8 27 28 29 32 33 409 420 422 423 424 425 426 2 5 6 8 22 23 24 25 421 423 424 425 426 427 9 11 14 15 413 414 417 418 419 420 421 422 423 424 425 426 427 9 12 15 21 24 25 421 423 425 426 427 428 429 
Ap: 0 1 2 5 7 9 12 14 20 24 27 29 31 33 37 43 47 48 51 54 57 60 63 66 71 77 84 87 90 92 94 97 99 104 108 111 113 115 118 120 126 130 133 135 137 139 143 149 153 159 160 163 166 169 172 175 178 183 189 196 199 202 204 206 209 211 216 220 224 229 235 240 242 246 250 255 259 262 266 270 276 282 285 290 295 301 306 315 330 334 339 345 348 353 358 364 371 374 378 382 384 388 392 397 403 407 412 417 424 428 434 440 442 446 450 455 457 461 465 470 476 480 486 492 496 501 513 517 521 526 531 536 542 546 551 554 559 564 570 581 583 585 587 590 593 596 605 608 613 618 626 641 654 674 688 710 713 716 719 723 726 730 735 744 747 749 751 753 756 762 765 769 773 780 783 787 792 798 802 807 813 821 832 836 846 863 874 875 878 881 883 885 887 890 894 896 898 901 903 906 911 917 919 923 925 929 933 937 941 948 952 956 960 964 968 978 979 981 983 985 989 994 998 1002 1005 1007 1009 1015 1020 1023 1024 1027 1030 1032 1034 1036 1039 1043 1045 1047 1050 1052 1055 1060 1066 1070 1075 1081 1086 1088 1092 1096 1101 1105 1108 1112 1116 1122 1128 1131 1136 1141 1147 1152 1161 1176 1180 1185 1191 1194 1199 1204 1210 1217 1220 1224 1228 1230 1234 1238 1243 1249 1253 1258 1263 1270 1274 1280 1286 1288 1292 1296 1301 1303 1307 1311 1316 1322 1326 1332 1338 1342 1347 1359 1363 1367 1372 1377 1382 1388 1392 1397 1400 1405 1410 1416 1427 1429 1431 1433 1436 1439 1442 1451 1454 1459 1464 1472 1487 1500 1520 1534 1556 1559 1562 1565 1569 1572 1576 1581 1590 1593 1595 1597 1599 1602 1608 1611 1615 1619 1626 1629 1633 1638 1644 1648 1653 1659 1667 1678 1682 1692 1709 1720 1736 1775 1794 1819 1820 1830 1834 1835 1837 1839 1841 1845 1850 1854 1858 1861 1863 1865 1871 1876 1879 1887 1891 1892 1910 1932 1971 1987 2001 2003 2007 2010 2013 2015 2017 2021 2026 2030 2038 2044 2045 2061 2075 2086 2096 2113 2130 2132 2136 2139 2142 2144 2146 2150 2155 2159 2167 2173 2183 2189 2190 2206 2220 2237 2248 2249 2250 
