0000000060000000000000000000000000000000000
0000020160000000000000000000000000000000000
0000040260000000000000000000000000000000000
0000060360000000000000000000000000080402088
0000080460000000000000000000000000000000000
00000a0560000000000000000000000000000000000
00000c0660000000000000000000000000000000000
00000e0760000000000000000000000000080c0a088
0000100860000000000000000000000000000000000
0000120960000000000000000000000000000000000
0000140a60000000000000000000000000000000000
0000160b60000000000000000000000000081412088
0000180c60000000000000000000000000000000000
00001a0d60000000000000000000000000000000000
00001c0e60000000000000000000000000000000000
00001e0f60000000000000000000000000081c1a088
0000201060000000000000000000000000000000000
0000221160000000000000000000000000000000000
0000241260000000000000000000000000000000000
0000261360000000000000000000000000082422088
0000281460000000000000000000000000000000000
00002a1560000000000000000000000000000000000
00002c1660000000000000000000000000000000000
00002e1760000000000000000000000000082c2a088
0000301860000000000000000000000000000000000
0000321960000000000000000000000000000000000
0000341a60000000380000000000000000000000000
0000361b60000000000000000000000000083432088
0000381c60000000000000000000000000000000000
00003a1d60000000000000000000000000000000000
00003c1e60000080780000000000000000000000000
00003e1f60000000000000000000000000083c3a088
0000402060000000000000000000000000000000000
0000422160000000000000000000000000000000000
0000442260000100b80000000000000000000000000
0000462360000000000000000000000000084442088
0000482460000000000000000000000000000000000
00004a2560000000000000000000000000000000000
00004c2660000180f80000000000000000000000000
00004e2760000000000000000000000000084c4a088
0000502860000000000000000000000000000000000
0000522960000000000000000000000000000000000
0000542a60000201380000000000000000000000000
0000562b60000000000000000000000000085452088
0000582c60000000000000000000000000000000000
00005a2d60000000000000000000000000000000000
00005c2e60000281780000000000000000000000000
00005e2f60000000000000000000000000085c5a088
0000603060000000000000000000000000000000000
0000623160000000000000000000000000000000000
0000643260000301b80000000000000000000000000
0000663360000000000000000000000000086462088
0000683460000000000000000000000000000000000
00006a3560000000000000000000000000000000000
00006c3660000381f80000000000000000000000000
00006e3760000000000000000000000000086c6a088
0000703860000000000000000000000000000000000
0000723960000000000000000000000000000000000
0000743a60000402380000000000000000000000000
0000763b60000000000000000000000000087472088
0000783c60000000000000000000000000000000000
00007a3d60000000000000000000000000000000000
00007c3e60000482780000000000000000000000000
00007e3f60000000000000000000000000087c7a088
0000804060000000000000000000000000000000000
0000824160000000000000000000000000000000000
0000844260000502b80000000000000000000000000
0000864360000000000000000000000000088482088
0000884460000000000000000000000000000000000
00008a4560000000000000000000000000000000000
00008c4660000582f80000000000000000000000000
00008e4760000000000000000000000000088c8a088
0000904860000000000000000000000000000000000
0000924960000000000000000000000000000000000
0000944a60000603380000000000000000000000000
0000964b60000000000000000000000000089492088
0000984c60000000000000000000000000000000000
00009a4d60000000000000000000000000000000000
00009c4e60000683780000000000000000000000000
00009e4f60000000000000000000000000089c9a088
0000a05060000000000000000000000000000000000
0000a25160000000000000000000000000000000000
0000a45260000703b80000000000000000000000000
0000a6536000000000000000000000000008a4a2088
0000a85460000000000000000000000000000000000
0000aa5560000000000000000000000000000000000
0000ac5660000783f80000000000000000000000000
0000ae576000000000000000000000000008acaa088
0000b05860000000000000000000000000000000000
0000b25960000000000000000000000000000000000
0000b45a60000804380000000000000000000000000
0000b65b6000000000000000000000000008b4b2088
0000b85c60000000000000000000000000000000000
0000ba5d60000000000000000000000000000000000
0000bc5e60000884780000000000000000000000000
0000be5f6000000000000000000000000008bcba088
0000c06060000000000000000000000000000000000
0000c26160000000000000000000000000000000000
0000c46260000904b80000000000000000000000000
0000c6636000000000000000000000000008c4c2088
0000c86460000000000000000000000000000000000
0000ca6560000000000000000000000000000000000
0000cc6660000984f80000000000000000000000000
0000ce676000000000000000000000000008ccca088
0000d06860000000000000000000000000000000000
0000d26960000000000000000000000000000000000
0000d46a60000a05380000000000000000000000000
0000d66b6000000000000000000000000008d4d2088
0000d86c60000000000000000000000000000000000
0000da6d60000000000000000000000000000000000
0000dc6e60000a85780000000000000000000000000
0000de6f6000000000000000000000000008dcda088
0000e07060000000000000000000000000000000000
0000e27160000000000000000000000000000000000
0000e47260000b05b80000000000000000000000000
0000e6736000000000000000000000000008e4e2088
0000e87460000000000000000000000000000000000
0000ea7560000000000000000000000000000000000
0000ec7660000b85f80000000000000000000000000
0000ee776000000000000000000000000008ecea088
0000f07860000000000000000000000000000000000
0000f27960000000000000000000000000000000000
0000f47a60000c06380000000000000000000000000
0000f67b6000000000000000000000000008f4f2088
0000f87c60000000000000000000000000000000000
0000fa7d60000000000000000000000000000000000
0000fc7e60000c86780000000000000000000000000
0000fe7f6000000000000000000000000008fcfa088
0001000060000000000000000000000000000000000
0001020160000000000000000000000000000000000
0001040260000d06b80000000000000000000000000
0001060360000000000000000000000000090502088
0001080460000000000000000000000000000000000
00010a0560000000000000000000000000000000000
00010c0660000d86f80000000000000000000000000
00010e0760000000000000000000000000090d0a088
0001100860000000000000000000000000000000000
0001120960000000000000000000000000000000000
0001140a60000e07380000000000000000000000000
0001160b60000000000000000000000000091512088
0001180c60000000000000000000000000000000000
00011a0d60000000000000000000000000000000000
00011c0e60000e87780000000000000000000000000
00011e0f60000000000000000000000000091d1a088
0000000000000000000000000000000000000000000
0000000000000000000000000000000000000000000
0000000000000f07b80000000000000000000000000
0000000000000000000000000000000000092522088
0000000000000000000000000000000000000000000
0000000000000000000000000000000000000000000
0000000000000f87f80000000000000000000000000
0000000000000000000000000000000000092d2a088
0000000000000000000000000000000000000000000
0000000000000000000000000000000000000000000
0000000000001008380000000000000000000000000
0000000000000000000000000000000000093532088
0000000000000000000000000000000000000000000
0000000000000000000000000000000000000000000
0000000000001088780000000000000000000000000
0000000000000000000000000000000000093d3a088
0000000000000000000000000000000000000000000
0000000000000000000000000000000000000000000
0000000000001108b80000000000000000000000000
0000000000000000000000000000000000094542088
0000000000000000000000000000000000000000000
0000000000000000000000000000000000000000000
0001201060001188f80000000000000000000000000
0001221160000000000000000000000000094d4a088
0001241260000000000000000000000000000000000
0001261360000000000000000000000000000000000
0001281460001209380000000000000000000000000
00012a1560000000000000000000000000095552088
00012c1660000000000000000000000000000000000
00012e1760000000000000000000000000000000000
0001301860001289780000000000000000000000000
0001321960000000000000000000000000095d5a088
0001341a60000000000000000000000000000000000
0001361b60000000000000000000000000000000000
0000000000001309b80000000000000000000000000
0000000000000000000000000000000000096562088
0000000000000000000000000000000000000000000
0000000000000000000000000000000000000000000
0000000000001389f80000000000000000000000000
0000000000000000000000000000000000096d6a088
0000000000000000000000000000000000000000000
0000000000000000000000000000000000000000000
000000000000140a380000000000000000000000000
0000000000000000000000000000000000097572088
0000000000000000000000000000000000000000000
0000000000000000000000000000000000000000000
000000000000148a780000000000000000000000000
0000000000000000000000000000000000097d7a088
0000000000000000000000000000000000000000000
0000000000000000000000000000000000000000000
000000000000150ab80000000000000000000000000
0000000000000000000000000000000000098582088
0000000000000000000000000000000000000000000
0000000000000000000000000000000000000000000
000000000000158af80000000000000000000000000
0000000000000000000000000000000000098d8a088
0000000000000000000000000000000000000000000
0000000000000000000000000000000000000000000
000000000000160b380000000000000000000000000
0000000000000000000000000000000000099592088
0000000000000000000000000000000000000000000
0000000000000000000000000000000000000000000
000000000000168b780000000000000000000000000
0000000000000000000000000000000000099d9a088
0000000000000000000000000000000000000000000
0000000000000000000000000000000000000000000
000000000000170bb80000000000000000000000000
000000000000000000000000000000000009a5a2088
0000000000000000000000000000000000000000000
0000000000000000000000000000000000000000000
0001381c6000178bf80000000000000000000000000
00013a1d6000000000000000000000000009adaa088
00013c1e60000000000000000000000000000000000
00013e1f60000000000000000000000000000000000
000140206000180c380000000000000000000000000
000142216000000000000000000000000009b5b2088
0001442260000000000000000000000000000000000
0001462360000000000000000000000000000000000
000148246000188c780000000000000000000000000
00014a256000000000000000000000000009bdba088
00014c2660000000000000000000000000000000000
00014e2760000000000000000000000000000000000
000000000000190cb80000000000000000000000000
000000000000000000000000000000000009c5c2088
0000000000000000000000000000000000000000000
0000000000000000000000000000000000000000000
000000000000198cf80000000000000000000000000
000000000000000000000000000000000009cdca088
0000000000000000000000000000000000000000000
0000000000000000000000000000000000000000000
0000000000001a0d380000000000000000000000000
000000000000000000000000000000000009d5d2088
0000000000000000000000000000000000000000000
0000000000000000000000000000000000000000000
0000000000001a8d780000000000000000000000000
000000000000000000000000000000000009ddda088
0000000000000000000000000000000000000000000
0000000000000000000000000000000000000000000
0000000000001b0db80000000000000000000000000
000000000000000000000000000000000009e5e2088
0000000000000000000000000000000000000000000
0000000000000000000000000000000000000000000
0000000000001b8df80000000000000000000000000
000000000000000000000000000000000009edea088
0000000000000000000000000000000000000000000
0000000000000000000000000000000000000000000
0000000000001c0e380000000000000000000000000
000000000000000000000000000000000009f5f2088
0000000000000000000000000000000000000000000
0000000000000000000000000000000000000000000
0000000000001c8e780000000000000000000000000
000000000000000000000000000000000009fdfa088
0000000000000000000000000000000000000000000
0000000000000000000000000000000000000000000
0000000000001d0eb80000000000000000000000000
00000000000000000000000000000000000a0602088
0000000000000000000000000000000000000000000
0000000000000000000000000000000000000000000
0001502860001d8ef80000000000000000000000000
00015229600000000000000000000000000a0e0a088
0001542a60000000000000000000000000000000000
0001562b60000000000000000000000000000000000
0001582c60001e0f380000000000000000000000000
00015a2d600000000000000000000000000a1612088
00015c2e60000000000000000000000000000000000
00015e2f60000000000000000000000000000000000
0001603060001e8f780000000000000000000000000
00016231600000000000000000000000000a1e1a088
0001643260000000000000000000000000000000000
0001663360000000000000000000000000000000000
0000000000001f0fb80000000000000000000000000
00000000000000000000000000000000000a2622088
0000000000000000000000000000000000000000000
0000000000000000000000000000000000000000000
0000000000001f8ff80000000000000000000000000
00000000000000000000000000000000000a2e2a088
0000000000000000000000000000000000000000000
0000000000000000000000000000000000000000000
0000000000002010380000000000000000000000000
00000000000000000000000000000000000a3632088
0000000000000000000000000000000000000000000
0000000000000000000000000000000000000000000
0000000000002090780000000000000000000000000
00000000000000000000000000000000000a3e3a088
0000000000000000000000000000000000000000000
0000000000000000000000000000000000000000000
0000000000002110b80000000000000000000000000
00000000000000000000000000000000000a4642088
0000000000000000000000000000000000000000000
0000000000000000000000000000000000000000000
0000000000002190f80000000000000000000000000
00000000000000000000000000000000000a4e4a088
0000000000000000000000000000000000000000000
0000000000000000000000000000000000000000000
0000000000002211380000000000000000000000000
00000000000000000000000000000000000a5652088
0000000000000000000000000000000000000000000
0000000000000000000000000000000000000000000
0000000000002291780000000000000000000000000
00000000000000000000000000000000000a5e5a088
0000000000000000000000000000000000000000000
0000000000000000000000000000000000000000000
0000000000002311b80000000000000000000000000
00000000000000000000000000000000000a6662088
0000000000000000000000000000000000000000000
0000000000000000000000000000000000000000000
0001683460002391f80000000000000000000000000
00016a35600000000000000000000000000a6e6a088
00016c3660000000000000000000000000000000000
00016e3760000000000000000000000000000000000
0001703860002412380000000000000000000000000
00017239600000000000000000000000000a7672088
0001743a60000000000000000000000000000000000
0001763b60000000000000000000000000000000000
0001783c60002492780000000000000000000000000
00017a3d600000000000000000000000000a7e7a088
00017c3e60000000000000000000000000000000000
00017e3f60000000000000000000000000000000000
0000000000002512b80000000000000000000000000
00000000000000000000000000000000000a8682088
0000000000000000000000000000000000000000000
0000000000000000000000000000000000000000000
0000000000002592f80000000000000000000000000
00000000000000000000000000000000000a8e8a088
0000000000000000000000000000000000000000000
0000000000000000000000000000000000000000000
0000000000002613380000000000000000000000000
00000000000000000000000000000000000a9692088
0000000000000000000000000000000000000000000
0000000000000000000000000000000000000000000
0000000000002693780000000000000000000000000
00000000000000000000000000000000000a9e9a088
0000000000000000000000000000000000000000000
0000000000000000000000000000000000000000000
0000000000002713b80000000000000000000000000
00000000000000000000000000000000000aa6a2088
0000000000000000000000000000000000000000000
0000000000000000000000000000000000000000000
0000000000002793f80000000000000000000000000
00000000000000000000000000000000000aaeaa088
0000000000000000000000000000000000000000000
0000000000000000000000000000000000000000000
0000000000002814380000000000000000000000000
00000000000000000000000000000000000ab6b2088
0000000000000000000000000000000000000000000
0000000000000000000000000000000000000000000
0000000000002894780000000000000000000000000
00000000000000000000000000000000000abeba088
0000000000000000000000000000000000000000000
0000000000000000000000000000000000000000000
0000000000002914b80000000000000000000000000
00000000000000000000000000000000000ac6c2088
0000000000000000000000000000000000000000000
0000000000000000000000000000000000000000000
0001804060002994f80000000000000000000000000
00018241600000000000000000000000000aceca088
0001844260000000000000000000000000000000000
0001864360000000000000000000000000000000000
0001884460002a15380000000000000000000000000
00018a45600000000000000000000000000ad6d2088
00018c4660000000000000000000000000000000000
00018e4760000000000000000000000000000000000
0001904860002a95780000000000000000000000000
00019249600000000000000000000000000adeda088
0001944a60000000000000000000000000000000000
0001964b60000000000000000000000000000000000
0000000000002b15b80000000000000000000000000
00000000000000000000000000000000000ae6e2088
0000000000000000000000000000000000000000000
0000000000000000000000000000000000000000000
0000000000002b95f80000000000000000000000000
00000000000000000000000000000000000aeeea088
0000000000000000000000000000000000000000000
0000000000000000000000000000000000000000000
0000000000002c16380000000000000000000000000
00000000000000000000000000000000000af6f2088
0000000000000000000000000000000000000000000
0000000000000000000000000000000000000000000
0000000000002c96780000000000000000000000000
00000000000000000000000000000000000afefa088
0000000000000000000000000000000000000000000
0000000000000000000000000000000000000000000
0000000000002d16b80000000000000000000000000
00000000000000000000000000000000000b0702088
0000000000000000000000000000000000000000000
0000000000000000000000000000000000000000000
0000000000002d96f80000000000000000000000000
00000000000000000000000000000000000b0f0a088
0000000000000000000000000000000000000000000
0000000000000000000000000000000000000000000
0000000000002e17380000000000000000000000000
00000000000000000000000000000000000b1712088
0000000000000000000000000000000000000000000
0000000000000000000000000000000000000000000
0000000000002e97780000000000000000000000000
00000000000000000000000000000000000b1f1a088
0000000000000000000000000000000000000000000
0000000000000000000000000000000000000000000
0000000000002f17b80000000000000000000000000
00000000000000000000000000000000000b2722088
0000000000000000000000000000000000000000000
0000000000000000000000000000000000000000000
0001984c60002f97f80000000000000000000000000
00019a4d600000000000000000000000000b2f2a088
00019c4e60000000000000000000000000000000000
00019e4f60000000000000000000000000000000000
0001a05060003018380000000000000000000000000
0001a251600000000000000000000000000b3732088
0001a45260000000000000000000000000000000000
0001a65360000000000000000000000000000000000
0001a85460003098780000000000000000000000000
0001aa55600000000000000000000000000b3f3a088
0001ac5660000000000000000000000000000000000
0001ae5760000000000000000000000000000000000
0000000000003118b80000000000000000000000000
00000000000000000000000000000000000b4742088
0000000000000000000000000000000000000000000
0000000000000000000000000000000000000000000
0000000000003198f80000000000000000000000000
00000000000000000000000000000000000b4f4a088
0000000000000000000000000000000000000000000
0000000000000000000000000000000000000000000
0000000000003219380000000000000000000000000
00000000000000000000000000000000000b5752088
0000000000000000000000000000000000000000000
0000000000000000000000000000000000000000000
0000000000003299780000000000000000000000000
00000000000000000000000000000000000b5f5a088
0000000000000000000000000000000000000000000
0000000000000000000000000000000000000000000
0000000000003319b80000000000000000000000000
00000000000000000000000000000000000b6762088
0000000000000000000000000000000000000000000
0000000000000000000000000000000000000000000
0000000000003399f80000000000000000000000000
00000000000000000000000000000000000b6f6a088
0000000000000000000000000000000000000000000
0000000000000000000000000000000000000000000
000000000000341a380000000000000000000000000
00000000000000000000000000000000000b7772088
0000000000000000000000000000000000000000000
0000000000000000000000000000000000000000000
000000000000349a780000000000000000000000000
00000000000000000000000000000000000b7f7a088
0000000000000000000000000000000000000000000
0000000000000000000000000000000000000000000
000000000000351ab80000000000000000000000000
00000000000000000000000000000000000b8782088
0000000000000000000000000000000000000000000
0000000000000000000000000000000000000000000
0001b0586000359af80000000000000000000000000
0001b259600000000000000000000000000b8f8a088
0001b45a60000000000000000000000000000000000
0001b65b60000000000000000000000000000000000
0001b85c6000361b380000000000000000000000000
0001ba5d600000000000000000000000000b9792088
0001bc5e60000000000000000000000000000000000
0001be5f60000000000000000000000000000000000
0001c0606000369b780000000000000000000000000
0001c261600000000000000000000000000b9f9a088
0001c46260000000000000000000000000000000000
0001c66360000000000000000000000000000000000
000000000000371bb80000000000000000000000000
00000000000000000000000000000000000ba7a2088
0000000000000000000000000000000000000000000
0000000000000000000000000000000000000000000
000000000000379bf80000000000000000000000000
00000000000000000000000000000000000bafaa088
0000000000000000000000000000000000000000000
0000000000000000000000000000000000000000000
000000000000381c380000000000000000000000000
00000000000000000000000000000000000bb7b2088
0000000000000000000000000000000000000000000
0000000000000000000000000000000000000000000
000000000000389c780000000000000000000000000
00000000000000000000000000000000000bbfba088
0000000000000000000000000000000000000000000
0000000000000000000000000000000000000000000
000000000000391cb80000000000000000000000000
00000000000000000000000000000000000bc7c2088
0000000000000000000000000000000000000000000
0000000000000000000000000000000000000000000
000000000000399cf80000000000000000000000000
00000000000000000000000000000000000bcfca088
0000000000000000000000000000000000000000000
0000000000000000000000000000000000000000000
0000000000003a1d380000000000000000000000000
00000000000000000000000000000000000bd7d2088
0000000000000000000000000000000000000000000
0000000000000000000000000000000000000000000
0000000000003a9d780000000000000000000000000
00000000000000000000000000000000000bdfda088
0000000000000000000000000000000000000000000
0000000000000000000000000000000000000000000
0000000000003b1db80000000000000000000000000
00000000000000000000000000000000000be7e2088
0000000000000000000000000000000000000000000
0000000000000000000000000000000000000000000
0001c86460003b9df80000000000000000000000000
0001ca65600000000000000000000000000befea088
0001cc6660000000000000000000000000000000000
0001ce6760000000000000000000000000000000000
0001d06860003c1e380000000000000000000000000
0001d269600000000000000000000000000bf7f2088
0001d46a60000000000000000000000000000000000
0001d66b60000000000000000000000000000000000
0001d86c60003c9e780000000000000000000000000
0001da6d600000000000000000000000000bfffa088
0001dc6e60000000000000000000000000000000000
0001de6f60000000000000000000000000000000000
0000000000003d1eb80000000000000000000000000
0000000000000000000000000000000000080402088
0000000000000000000000000000000000000000000
0000000000000000000000000000000000000000000
0000000000003d9ef80000000000000000000000000
0000000000000000000000000000000000080c0a088
0000000000000000000000000000000000000000000
0000000000000000000000000000000000000000000
0000000000003e1f380000000000000000000000000
0000000000000000000000000000000000081412088
0000000000000000000000000000000000000000000
0000000000000000000000000000000000000000000
0000000000003e9f780000000000000000000000000
0000000000000000000000000000000000081c1a088
0000000000000000000000000000000000000000000
0000000000000000000000000000000000000000000
0000000000003f1fb80000000000000000000000000
0000000000000000000000000000000000082422088
0000000000000000000000000000000000000000000
0000000000000000000000000000000000000000000
0000000000003f9ff80000000000000000000000000
0000000000000000000000000000000000082c2a088
0000000000000000000000000000000000000000000
0000000000000000000000000000000000000000000
0000000000004000380000000000000000000000000
0000000000000000000000000000000000083432088
0000000000000000000000000000000000000000000
0000000000000000000000000000000000000000000
0000000000004080780000000000000000000000000
0000000000000000000000000000000000083c3a088
0000000000000000000000000000000000000000000
0000000000000000000000000000000000000000000
0000000000004100b80000000000000000000000000
0000000000000000000000000000000000084442088
0000000000000000000000000000000000000000000
0000000000000000000000000000000000000000000
0001e07060004180f80000000000000000000000000
0001e27160000000000000000000000000084c4a088
0001e47260000000000000000000000000000000000
0001e67360000000000000000000000000000000000
0001e87460004201380000000000000000000000000
0001ea7560000000000000000000000000085452088
0001ec7660000000000000000000000000000000000
0001ee7760000000000000000000000000000000000
0001f07860004281780000000000000000000000000
0001f27960000000000000000000000000085c5a088
0001f47a60000000000000000000000000000000000
0001f67b60000000000000000000000000000000000
0000000000004301b80000000000000000000000000
0000000000000000000000000000000000086462088
0000000000000000000000000000000000000000000
0000000000000000000000000000000000000000000
0000000000004381f80000000000000000000000000
0000000000000000000000000000000000086c6a088
0000000000000000000000000000000000000000000
0000000000000000000000000000000000000000000
0000000000004402380000000000000000000000000
0000000000000000000000000000000000087472088
0000000000000000000000000000000000000000000
0000000000000000000000000000000000000000000
0000000000004482780000000000000000000000000
0000000000000000000000000000000000087c7a088
0000000000000000000000000000000000000000000
0000000000000000000000000000000000000000000
0000000000004502b80000000000000000000000000
0000000000000000000000000000000000088482088
0000000000000000000000000000000000000000000
0000000000000000000000000000000000000000000
0000000000004582f80000000000000000000000000
0000000000000000000000000000000000088c8a088
0000000000000000000000000000000000000000000
0000000000000000000000000000000000000000000
0000000000004603380000000000000000000000000
0000000000000000000000000000000000089492088
0000000000000000000000000000000000000000000
0000000000000000000000000000000000000000000
0000000000004683780000000000000000000000000
0000000000000000000000000000000000089c9a088
0000000000000000000000000000000000000000000
0000000000000000000000000000000000000000000
0000000000004703b80000000000000000000000000
000000000000000000000000000000000008a4a2088
0000000000000000000000000000000000000000000
0000000000000000000000000000000000000000000
0001f87c60004783f80000000000000000000000000
0001fa7d6000000000000000000000000008acaa088
0001fc7e60000000000000000000000000000000000
0001fe7f60000000000000000000000000000000000
0002000060004804380000000000000000000000000
000202016000000000000000000000000008b4b2088
0002040260000000000000000000000000000000000
0002060360000000000000000000000000000000000
0002080460004884780000000000000000000000000
00020a056000000000000000000000000008bcba088
00020c0660000000000000000000000000000000000
00020e0760000000000000000000000000000000000
0000000000004904b80000000000000000000000000
000000000000000000000000000000000008c4c2088
0000000000000000000000000000000000000000000
0000000000000000000000000000000000000000000
0000000000004984f80000000000000000000000000
000000000000000000000000000000000008ccca088
0000000000000000000000000000000000000000000
0000000000000000000000000000000000000000000
0000000000004a05380000000000000000000000000
000000000000000000000000000000000008d4d2088
0000000000000000000000000000000000000000000
0000000000000000000000000000000000000000000
0000000000004a85780000000000000000000000000
000000000000000000000000000000000008dcda088
0000000000000000000000000000000000000000000
0000000000000000000000000000000000000000000
0000000000004b05b80000000000000000000000000
000000000000000000000000000000000008e4e2088
0000000000000000000000000000000000000000000
0000000000000000000000000000000000000000000
0000000000004b85f80000000000000000000000000
000000000000000000000000000000000008ecea088
0000000000000000000000000000000000000000000
0000000000000000000000000000000000000000000
0000000000004c06380000000000000000000000000
000000000000000000000000000000000008f4f2088
0000000000000000000000000000000000000000000
0000000000000000000000000000000000000000000
0000000000004c86780000000000000000000000000
000000000000000000000000000000000008fcfa088
0000000000000000000000000000000000000000000
0000000000000000000000000000000000000000000
0000000000004d06b80000000000000000000000000
0000000000000000000000000000000000090502088
0000000000000000000000000000000000000000000
0000000000000000000000000000000000000000000
0002100860004d86f80000000000000000000000000
0002120960000000000000000000000000090d0a088
0002140a60000000000000000000000000000000000
0002160b60000000000000000000000000000000000
0002180c60004e07380000000000000000000000000
00021a0d60000000000000000000000000091512088
00021c0e60000000000000000000000000000000000
00021e0f60000000000000000000000000000000000
0002201060004e87780000000000000000000000000
0002221160000000000000000000000000091d1a088
0002241260000000000000000000000000000000000
0002261360000000000000000000000000000000000
0000000000004f07b80000000000000000000000000
0000000000000000000000000000000000092522088
0000000000000000000000000000000000000000000
0000000000000000000000000000000000000000000
0000000000004f87f80000000000000000000000000
0000000000000000000000000000000000092d2a088
0000000000000000000000000000000000000000000
0000000000000000000000000000000000000000000
0000000000005008380000000000000000000000000
0000000000000000000000000000000000093532088
0000000000000000000000000000000000000000000
0000000000000000000000000000000000000000000
0000000000005088780000000000000000000000000
0000000000000000000000000000000000093d3a088
0000000000000000000000000000000000000000000
0000000000000000000000000000000000000000000
0000000000005108b80000000000000000000000000
0000000000000000000000000000000000094542088
0000000000000000000000000000000000000000000
0000000000000000000000000000000000000000000
0000000000005188f80000000000000000000000000
0000000000000000000000000000000000094d4a088
0000000000000000000000000000000000000000000
0000000000000000000000000000000000000000000
0000000000005209380000000000000000000000000
0000000000000000000000000000000000095552088
0000000000000000000000000000000000000000000
0000000000000000000000000000000000000000000
0000000000005289780000000000000000000000000
0000000000000000000000000000000000095d5a088
0000000000000000000000000000000000000000000
0000000000000000000000000000000000000000000
0000000000005309b80000000000000000000000000
0000000000000000000000000000000000096562088
0000000000000000000000000000000000000000000
0000000000000000000000000000000000000000000
0002281460005389f80000000000000000000000000
00022a1560000000000000000000000000096d6a088
00022c1660000000000000000000000000000000000
00022e1760000000000000000000000000000000000
000230186000540a380000000000000000000000000
0002321960000000000000000000000000097572088
0002341a60000000000000000000000000000000000
0002361b60000000000000000000000000000000000
0002381c6000548a780000000000000000000000000
00023a1d60000000000000000000000000097d7a088
00023c1e60000000000000000000000000000000000
00023e1f60000000000000000000000000000000000
000000000000550ab80000000000000000000000000
0000000000000000000000000000000000098582088
0000000000000000000000000000000000000000000
0000000000000000000000000000000000000000000
000000000000558af80000000000000000000000000
0000000000000000000000000000000000098d8a088
0000000000000000000000000000000000000000000
0000000000000000000000000000000000000000000
000000000000560b380000000000000000000000000
0000000000000000000000000000000000099592088
0000000000000000000000000000000000000000000
0000000000000000000000000000000000000000000
000000000000568b780000000000000000000000000
0000000000000000000000000000000000099d9a088
0000000000000000000000000000000000000000000
0000000000000000000000000000000000000000000
000000000000570bb80000000000000000000000000
000000000000000000000000000000000009a5a2088
0000000000000000000000000000000000000000000
0000000000000000000000000000000000000000000
000000000000578bf80000000000000000000000000
000000000000000000000000000000000009adaa088
0000000000000000000000000000000000000000000
0000000000000000000000000000000000000000000
000000000000580c380000000000000000000000000
000000000000000000000000000000000009b5b2088
0000000000000000000000000000000000000000000
0000000000000000000000000000000000000000000
000000000000588c780000000000000000000000000
000000000000000000000000000000000009bdba088
0000000000000000000000000000000000000000000
0000000000000000000000000000000000000000000
000000000000590cb80000000000000000000000000
000000000000000000000000000000000009c5c2088
0000000000000000000000000000000000000000000
0000000000000000000000000000000000000000000
000240206000598cf80000000000000000000000000
000242216000000000000000000000000009cdca088
0002442260000000000000000000000000000000000
0002462360000000000000000000000000000000000
0002482460005a0d380000000000000000000000000
00024a256000000000000000000000000009d5d2088
00024c2660000000000000000000000000000000000
00024e2760000000000000000000000000000000000
0002502860005a8d780000000000000000000000000
000252296000000000000000000000000009ddda088
0002542a60000000000000000000000000000000000
0002562b60000000000000000000000000000000000
0000000000005b0db80000000000000000000000000
000000000000000000000000000000000009e5e2088
0000000000000000000000000000000000000000000
0000000000000000000000000000000000000000000
0000000000005b8df80000000000000000000000000
000000000000000000000000000000000009edea088
0000000000000000000000000000000000000000000
0000000000000000000000000000000000000000000
0000000000005c0e380000000000000000000000000
000000000000000000000000000000000009f5f2088
0000000000000000000000000000000000000000000
0000000000000000000000000000000000000000000
0000000000005c8e780000000000000000000000000
000000000000000000000000000000000009fdfa088
0000000000000000000000000000000000000000000
0000000000000000000000000000000000000000000
0000000000005d0eb80000000000000000000000000
00000000000000000000000000000000000a0602088
0000000000000000000000000000000000000000000
0000000000000000000000000000000000000000000
0000000000005d8ef80000000000000000000000000
00000000000000000000000000000000000a0e0a088
0000000000000000000000000000000000000000000
0000000000000000000000000000000000000000000
0000000000005e0f380000000000000000000000000
00000000000000000000000000000000000a1612088
0000000000000000000000000000000000000000000
0000000000000000000000000000000000000000000
0000000000005e8f780000000000000000000000000
00000000000000000000000000000000000a1e1a088
0000000000000000000000000000000000000000000
0000000000000000000000000000000000000000000
0000000000005f0fb80000000000000000000000000
00000000000000000000000000000000000a2622088
0000000000000000000000000000000000000000000
0000000000000000000000000000000000000000000
0002582c60005f8ff80000000000000000000000000
00025a2d600000000000000000000000000a2e2a088
00025c2e60000000000000000000000000000000000
00025e2f60000000000000000000000000000000000
0002603060006010380000000000000000000000000
00026231600000000000000000000000000a3632088
0002643260000000000000000000000000000000000
0002663360000000000000000000000000000000000
0002683460006090780000000000000000000000000
00026a35600000000000000000000000000a3e3a088
00026c3660000000000000000000000000000000000
00026e3760000000000000000000000000000000000
0000000000006110b80000000000000000000000000
00000000000000000000000000000000000a4642088
0000000000000000000000000000000000000000000
0000000000000000000000000000000000000000000
0000000000006190f80000000000000000000000000
00000000000000000000000000000000000a4e4a088
0000000000000000000000000000000000000000000
0000000000000000000000000000000000000000000
0000000000006211380000000000000000000000000
00000000000000000000000000000000000a5652088
0000000000000000000000000000000000000000000
0000000000000000000000000000000000000000000
0000000000006291780000000000000000000000000
00000000000000000000000000000000000a5e5a088
0000000000000000000000000000000000000000000
0000000000000000000000000000000000000000000
0000000000006311b80000000000000000000000000
00000000000000000000000000000000000a6662088
0000000000000000000000000000000000000000000
0000000000000000000000000000000000000000000
0000000000006391f80000000000000000000000000
00000000000000000000000000000000000a6e6a088
0000000000000000000000000000000000000000000
0000000000000000000000000000000000000000000
0000000000006412380000000000000000000000000
00000000000000000000000000000000000a7672088
0000000000000000000000000000000000000000000
0000000000000000000000000000000000000000000
0000000000006492780000000000000000000000000
00000000000000000000000000000000000a7e7a088
0000000000000000000000000000000000000000000
0000000000000000000000000000000000000000000
0000000000006512b80000000000000000000000000
00000000000000000000000000000000000a8682088
0000000000000000000000000000000000000000000
0000000000000000000000000000000000000000000
0002703860006592f80000000000000000000000000
00027239600000000000000000000000000a8e8a088
0002743a60000000000000000000000000000000000
0002763b60000000000000000000000000000000000
0002783c60006613380000000000000000000000000
00027a3d600000000000000000000000000a9692088
00027c3e60000000000000000000000000000000000
00027e3f60000000000000000000000000000000000
0002804060006693780000000000000000000000000
00028241600000000000000000000000000a9e9a088
0002844260000000000000000000000000000000000
0002864360000000000000000000000000000000000
0000000000006713b80000000000000000000000000
00000000000000000000000000000000000aa6a2088
0000000000000000000000000000000000000000000
0000000000000000000000000000000000000000000
0000000000006793f80000000000000000000000000
00000000000000000000000000000000000aaeaa088
0000000000000000000000000000000000000000000
0000000000000000000000000000000000000000000
0000000000006814380000000000000000000000000
00000000000000000000000000000000000ab6b2088
0000000000000000000000000000000000000000000
0000000000000000000000000000000000000000000
0000000000006894780000000000000000000000000
00000000000000000000000000000000000abeba088
0000000000000000000000000000000000000000000
0000000000000000000000000000000000000000000
0000000000006914b80000000000000000000000000
00000000000000000000000000000000000ac6c2088
0000000000000000000000000000000000000000000
0000000000000000000000000000000000000000000
0000000000006994f80000000000000000000000000
00000000000000000000000000000000000aceca088
0000000000000000000000000000000000000000000
0000000000000000000000000000000000000000000
0000000000006a15380000000000000000000000000
00000000000000000000000000000000000ad6d2088
0000000000000000000000000000000000000000000
0000000000000000000000000000000000000000000
0000000000006a95780000000000000000000000000
00000000000000000000000000000000000adeda088
0000000000000000000000000000000000000000000
0000000000000000000000000000000000000000000
0000000000006b15b80000000000000000000000000
00000000000000000000000000000000000ae6e2088
0000000000000000000000000000000000000000000
0000000000000000000000000000000000000000000
0002884460006b95f80000000000000000000000000
00028a45600000000000000000000000000aeeea088
00028c4660000000000000000000000000000000000
00028e4760000000000000000000000000000000000
0002904860006c16380000000000000000000000000
00029249600000000000000000000000000af6f2088
0002944a60000000000000000000000000000000000
0002964b60000000000000000000000000000000000
0002984c60006c96780000000000000000000000000
00029a4d600000000000000000000000000afefa088
00029c4e60000000000000000000000000000000000
00029e4f60000000000000000000000000000000000
0000000000006d16b80000000000000000000000000
00000000000000000000000000000000000b0702088
0000000000000000000000000000000000000000000
0000000000000000000000000000000000000000000
0000000000006d96f80000000000000000000000000
00000000000000000000000000000000000b0f0a088
0000000000000000000000000000000000000000000
0000000000000000000000000000000000000000000
0000000000006e17380000000000000000000000000
00000000000000000000000000000000000b1712088
0000000000000000000000000000000000000000000
0000000000000000000000000000000000000000000
0000000000006e97780000000000000000000000000
00000000000000000000000000000000000b1f1a088
0000000000000000000000000000000000000000000
0000000000000000000000000000000000000000000
0000000000006f17b80000000000000000000000000
00000000000000000000000000000000000b2722088
0000000000000000000000000000000000000000000
0000000000000000000000000000000000000000000
0000000000006f97f80000000000000000000000000
00000000000000000000000000000000000b2f2a088
0000000000000000000000000000000000000000000
0000000000000000000000000000000000000000000
0000000000007018380000000000000000000000000
00000000000000000000000000000000000b3732088
0000000000000000000000000000000000000000000
0000000000000000000000000000000000000000000
0000000000007098780000000000000000000000000
00000000000000000000000000000000000b3f3a088
0000000000000000000000000000000000000000000
0000000000000000000000000000000000000000000
0000000000007118b80000000000000000000000000
00000000000000000000000000000000000b4742088
0000000000000000000000000000000000000000000
0000000000000000000000000000000000000000000
0002a05060007198f80000000000000000000000000
0002a251600000000000000000000000000b4f4a088
0002a45260000000000000000000000000000000000
0002a65360000000000000000000000000000000000
0002a85460007219380000000000000000000000000
0002aa55600000000000000000000000000b5752088
0002ac5660000000000000000000000000000000000
0002ae5760000000000000000000000000000000000
0002b05860007299780000000000000000000000000
0002b259600000000000000000000000000b5f5a088
0002b45a60000000000000000000000000000000000
0002b65b60000000000000000000000000000000000
0000000000007319b80000000000000000000000000
00000000000000000000000000000000000b6762088
0000000000000000000000000000000000000000000
0000000000000000000000000000000000000000000
0000000000007399f80000000000000000000000000
00000000000000000000000000000000000b6f6a088
0000000000000000000000000000000000000000000
0000000000000000000000000000000000000000000
000000000000741a380000000000000000000000000
00000000000000000000000000000000000b7772088
0000000000000000000000000000000000000000000
0000000000000000000000000000000000000000000
000000000000749a780000000000000000000000000
00000000000000000000000000000000000b7f7a088
0000000000000000000000000000000000000000000
0000000000000000000000000000000000000000000
000000000000751ab80000000000000000000000000
00000000000000000000000000000000000b8782088
0000000000000000000000000000000000000000000
0000000000000000000000000000000000000000000
000000000000759af80000000000000000000000000
00000000000000000000000000000000000b8f8a088
0000000000000000000000000000000000000000000
0000000000000000000000000000000000000000000
000000000000761b380000000000000000000000000
00000000000000000000000000000000000b9792088
0000000000000000000000000000000000000000000
0000000000000000000000000000000000000000000
000000000000769b780000000000000000000000000
00000000000000000000000000000000000b9f9a088
0000000000000000000000000000000000000000000
0000000000000000000000000000000000000000000
000000000000771bb80000000000000000000000000
00000000000000000000000000000000000ba7a2088
0000000000000000000000000000000000000000000
0000000000000000000000000000000000000000000
0002b85c6000779bf80000000000000000000000000
0002ba5d600000000000000000000000000bafaa088
0002bc5e60000000000000000000000000000000000
0002be5f60000000000000000000000000000000000
0002c0606000781c380000000000000000000000000
0002c261600000000000000000000000000bb7b2088
0002c46260000000000000000000000000000000000
0002c66360000000000000000000000000000000000
0002c8646000789c780000000000000000000000000
0002ca65600000000000000000000000000bbfba088
0002cc6660000000000000000000000000000000000
0002ce6760000000000000000000000000000000000
000000000000791cb80000000000000000000000000
00000000000000000000000000000000000bc7c2088
0000000000000000000000000000000000000000000
0000000000000000000000000000000000000000000
000000000000799cf80000000000000000000000000
00000000000000000000000000000000000bcfca088
0000000000000000000000000000000000000000000
0000000000000000000000000000000000000000000
0000000000007a1d380000000000000000000000000
00000000000000000000000000000000000bd7d2088
0000000000000000000000000000000000000000000
0000000000000000000000000000000000000000000
0000000000007a9d780000000000000000000000000
00000000000000000000000000000000000bdfda088
0000000000000000000000000000000000000000000
0000000000000000000000000000000000000000000
0000000000007b1db80000000000000000000000000
00000000000000000000000000000000000be7e2088
0000000000000000000000000000000000000000000
0000000000000000000000000000000000000000000
0000000000007b9df80000000000000000000000000
00000000000000000000000000000000000befea088
0000000000000000000000000000000000000000000
0000000000000000000000000000000000000000000
0000000000007c1e380000000000000000000000000
00000000000000000000000000000000000bf7f2088
0000000000000000000000000000000000000000000
0000000000000000000000000000000000000000000
0000000000007c9e780000000000000000000000000
00000000000000000000000000000000000bfffa088
0000000000000000000000000000000000000000000
0000000000000000000000000000000000000000000
0000000000007d1eb80000000000000000000000000
0000000000000000000000000000000000080402088
0000000000000000000000000000000000000000000
0000000000000000000000000000000000000000000
0002d06860007d9ef80000000000000000000000000
0002d26960000000000000000000000000080c0a088
0002d46a60000000000000000000000000000000000
0002d66b60000000000000000000000000000000000
0002d86c60007e1f380000000000000000000000000
0002da6d60000000000000000000000000081412088
0002dc6e60000000000000000000000000000000000
0002de6f60000000000000000000000000000000000
0002e07060007e9f780000000000000000000000000
0002e27160000000000000000000000000081c1a088
0002e47260000000000000000000000000000000000
0002e67360000000000000000000000000000000000
0000000000007f1fb80000000000000000000000000
0000000000000000000000000000000000082422088
0000000000000000000000000000000000000000000
0000000000000000000000000000000000000000000
0000000000007f9ff80000000000000000000000000
0000000000000000000000000000000000082c2a088
0000000000000000000000000000000000000000000
0000000000000000000000000000000000000000000
0000000000008000380000000000000000000000000
0000000000000000000000000000000000083432088
0000000000000000000000000000000000000000000
0000000000000000000000000000000000000000000
0000000000008080780000000000000000000000000
0000000000000000000000000000000000083c3a088
0000000000000000000000000000000000000000000
0000000000000000000000000000000000000000000
0000000000008100b80000000000000000000000000
0000000000000000000000000000000000084442088
0000000000000000000000000000000000000000000
0000000000000000000000000000000000000000000
0000000000008180f80000000000000000000000000
0000000000000000000000000000000000084c4a088
0000000000000000000000000000000000000000000
0000000000000000000000000000000000000000000
0000000000008201380000000000000000000000000
0000000000000000000000000000000000085452088
0000000000000000000000000000000000000000000
0000000000000000000000000000000000000000000
0000000000008281780000000000000000000000000
0000000000000000000000000000000000085c5a088
0000000000000000000000000000000000000000000
0000000000000000000000000000000000000000000
0000000000008301b80000000000000000000000000
0000000000000000000000000000000000086462088
0000000000000000000000000000000000000000000
0000000000000000000000000000000000000000000
0002e87460008381f80000000000000000000000000
0002ea7560000000000000000000000000086c6a088
0002ec7660000000000000000000000000000000000
0002ee7760000000000000000000000000000000000
0002f07860008402380000000000000000000000000
0002f27960000000000000000000000000087472088
0002f47a60000000000000000000000000000000000
0002f67b60000000000000000000000000000000000
0002f87c60008482780000000000000000000000000
0002fa7d60000000000000000000000000087c7a088
0002fc7e60000000000000000000000000000000000
0002fe7f60000000000000000000000000000000000
0000000000008502b80000000000000000000000000
0000000000000000000000000000000000088482088
0000000000000000000000000000000000000000000
0000000000000000000000000000000000000000000
0000000000008582f80000000000000000000000000
0000000000000000000000000000000000088c8a088
0000000000000000000000000000000000000000000
0000000000000000000000000000000000000000000
0000000000008603380000000000000000000000000
0000000000000000000000000000000000089492088
0000000000000000000000000000000000000000000
0000000000000000000000000000000000000000000
0000000000008683780000000000000000000000000
0000000000000000000000000000000000089c9a088
0000000000000000000000000000000000000000000
0000000000000000000000000000000000000000000
0000000000008703b80000000000000000000000000
000000000000000000000000000000000008a4a2088
0000000000000000000000000000000000000000000
0000000000000000000000000000000000000000000
0000000000008783f80000000000000000000000000
000000000000000000000000000000000008acaa088
0000000000000000000000000000000000000000000
0000000000000000000000000000000000000000000
0000000000008804380000000000000000000000000
000000000000000000000000000000000008b4b2088
0000000000000000000000000000000000000000000
0000000000000000000000000000000000000000000
0000000000008884780000000000000000000000000
000000000000000000000000000000000008bcba088
0000000000000000000000000000000000000000000
0000000000000000000000000000000000000000000
0000000000008904b80000000000000000000000000
000000000000000000000000000000000008c4c2088
0000000000000000000000000000000000000000000
0000000000000000000000000000000000000000000
0003000060008984f80000000000000000000000000
000302016000000000000000000000000008ccca088
0003040260000000000000000000000000000000000
0003060360000000000000000000000000000000000
0003080460008a05380000000000000000000000000
00030a056000000000000000000000000008d4d2088
00030c0660000000000000000000000000000000000
00030e0760000000000000000000000000000000000
0003100860008a85780000000000000000000000000
000312096000000000000000000000000008dcda088
0003140a60000000000000000000000000000000000
0003160b60000000000000000000000000000000000
0000000000008b05b80000000000000000000000000
000000000000000000000000000000000008e4e2088
0000000000000000000000000000000000000000000
0000000000000000000000000000000000000000000
0000000000008b85f80000000000000000000000000
000000000000000000000000000000000008ecea088
0000000000000000000000000000000000000000000
0000000000000000000000000000000000000000000
0000000000008c06380000000000000000000000000
000000000000000000000000000000000008f4f2088
0000000000000000000000000000000000000000000
0000000000000000000000000000000000000000000
0000000000008c86780000000000000000000000000
000000000000000000000000000000000008fcfa088
0000000000000000000000000000000000000000000
0000000000000000000000000000000000000000000
0000000000008d06b80000000000000000000000000
0000000000000000000000000000000000090502088
0000000000000000000000000000000000000000000
0000000000000000000000000000000000000000000
0000000000008d86f80000000000000000000000000
0000000000000000000000000000000000090d0a088
0000000000000000000000000000000000000000000
0000000000000000000000000000000000000000000
0000000000008e07380000000000000000000000000
0000000000000000000000000000000000091512088
0000000000000000000000000000000000000000000
0000000000000000000000000000000000000000000
0000000000008e87780000000000000000000000000
0000000000000000000000000000000000091d1a088
0000000000000000000000000000000000000000000
0000000000000000000000000000000000000000000
0000000000008f07b80000000000000000000000000
0000000000000000000000000000000000092522088
0000000000000000000000000000000000000000000
0000000000000000000000000000000000000000000
0003180c60008f87f80000000000000000000000000
00031a0d60000000000000000000000000092d2a088
00031c0e60000000000000000000000000000000000
00031e0f60000000000000000000000000000000000
0003201060009008380000000000000000000000000
0003221160000000000000000000000000093532088
0003241260000000000000000000000000000000000
0003261360000000000000000000000000000000000
0003281460009088780000000000000000000000000
00032a1560000000000000000000000000093d3a088
00032c1660000000000000000000000000000000000
00032e1760000000000000000000000000000000000
0000000000009108b80000000000000000000000000
0000000000000000000000000000000000094542088
0000000000000000000000000000000000000000000
0000000000000000000000000000000000000000000
0000000000009188f80000000000000000000000000
0000000000000000000000000000000000094d4a088
0000000000000000000000000000000000000000000
0000000000000000000000000000000000000000000
0000000000009209380000000000000000000000000
0000000000000000000000000000000000095552088
0000000000000000000000000000000000000000000
0000000000000000000000000000000000000000000
0000000000009289780000000000000000000000000
0000000000000000000000000000000000095d5a088
0000000000000000000000000000000000000000000
0000000000000000000000000000000000000000000
0000000000009309b80000000000000000000000000
0000000000000000000000000000000000096562088
0000000000000000000000000000000000000000000
0000000000000000000000000000000000000000000
0000000000009389f80000000000000000000000000
0000000000000000000000000000000000096d6a088
0000000000000000000000000000000000000000000
0000000000000000000000000000000000000000000
000000000000940a380000000000000000000000000
0000000000000000000000000000000000097572088
0000000000000000000000000000000000000000000
0000000000000000000000000000000000000000000
000000000000948a780000000000000000000000000
0000000000000000000000000000000000097d7a088
0000000000000000000000000000000000000000000
0000000000000000000000000000000000000000000
000000000000950ab80000000000000000000000000
0000000000000000000000000000000000098582088
0000000000000000000000000000000000000000000
0000000000000000000000000000000000000000000
000330186000958af80000000000000000000000000
0003321960000000000000000000000000098d8a088
0003341a60000000000000000000000000000000000
0003361b60000000000000000000000000000000000
0003381c6000960b380000000000000000000000000
00033a1d60000000000000000000000000099592088
00033c1e60000000000000000000000000000000000
00033e1f60000000000000000000000000000000000
000340206000968b780000000000000000000000000
0003422160000000000000000000000000099d9a088
0003442260000000000000000000000000000000000
0003462360000000000000000000000000000000000
000000000000970bb80000000000000000000000000
000000000000000000000000000000000009a5a2088
0000000000000000000000000000000000000000000
0000000000000000000000000000000000000000000
000000000000978bf80000000000000000000000000
000000000000000000000000000000000009adaa088
0000000000000000000000000000000000000000000
0000000000000000000000000000000000000000000
000000000000980c380000000000000000000000000
000000000000000000000000000000000009b5b2088
0000000000000000000000000000000000000000000
0000000000000000000000000000000000000000000
000000000000988c780000000000000000000000000
000000000000000000000000000000000009bdba088
0000000000000000000000000000000000000000000
0000000000000000000000000000000000000000000
000000000000990cb80000000000000000000000000
000000000000000000000000000000000009c5c2088
0000000000000000000000000000000000000000000
0000000000000000000000000000000000000000000
000000000000998cf80000000000000000000000000
000000000000000000000000000000000009cdca088
0000000000000000000000000000000000000000000
0000000000000000000000000000000000000000000
0000000000009a0d380000000000000000000000000
000000000000000000000000000000000009d5d2088
0000000000000000000000000000000000000000000
0000000000000000000000000000000000000000000
0000000000009a8d780000000000000000000000000
000000000000000000000000000000000009ddda088
0000000000000000000000000000000000000000000
0000000000000000000000000000000000000000000
0000000000009b0db80000000000000000000000000
000000000000000000000000000000000009e5e2088
0000000000000000000000000000000000000000000
0000000000000000000000000000000000000000000
0003482460009b8df80000000000000000000000000
00034a256000000000000000000000000009edea088
00034c2660000000000000000000000000000000000
00034e2760000000000000000000000000000000000
0003502860009c0e380000000000000000000000000
000352296000000000000000000000000009f5f2088
0003542a60000000000000000000000000000000000
0003562b60000000000000000000000000000000000
0003582c60009c8e780000000000000000000000000
00035a2d6000000000000000000000000009fdfa088
00035c2e60000000000000000000000000000000000
00035e2f60000000000000000000000000000000000
0000000000009d0eb80000000000000000000000000
00000000000000000000000000000000000a0602088
0000000000000000000000000000000000000000000
0000000000000000000000000000000000000000000
0000000000009d8ef80000000000000000000000000
00000000000000000000000000000000000a0e0a088
0000000000000000000000000000000000000000000
0000000000000000000000000000000000000000000
0000000000009e0f380000000000000000000000000
00000000000000000000000000000000000a1612088
0000000000000000000000000000000000000000000
0000000000000000000000000000000000000000000
0000000000009e8f780000000000000000000000000
00000000000000000000000000000000000a1e1a088
0000000000000000000000000000000000000000000
0000000000000000000000000000000000000000000
0000000000009f0fb80000000000000000000000000
00000000000000000000000000000000000a2622088
0000000000000000000000000000000000000000000
0000000000000000000000000000000000000000000
0000000000009f8ff80000000000000000000000000
00000000000000000000000000000000000a2e2a088
0000000000000000000000000000000000000000000
0000000000000000000000000000000000000000000
000000000000a010380000000000000000000000000
00000000000000000000000000000000000a3632088
0000000000000000000000000000000000000000000
0000000000000000000000000000000000000000000
000000000000a090780000000000000000000000000
00000000000000000000000000000000000a3e3a088
0000000000000000000000000000000000000000000
0000000000000000000000000000000000000000000
000000000000a110b80000000000000000000000000
00000000000000000000000000000000000a4642088
0000000000000000000000000000000000000000000
0000000000000000000000000000000000000000000
000360306000a190f80000000000000000000000000
00036231600000000000000000000000000a4e4a088
0003643260000000000000000000000000000000000
0003663360000000000000000000000000000000000
000368346000a211380000000000000000000000000
00036a35600000000000000000000000000a5652088
00036c3660000000000000000000000000000000000
00036e3760000000000000000000000000000000000
000370386000a291780000000000000000000000000
00037239600000000000000000000000000a5e5a088
0003743a60000000000000000000000000000000000
0003763b60000000000000000000000000000000000
000000000000a311b80000000000000000000000000
00000000000000000000000000000000000a6662088
0000000000000000000000000000000000000000000
0000000000000000000000000000000000000000000
000000000000a391f80000000000000000000000000
00000000000000000000000000000000000a6e6a088
0000000000000000000000000000000000000000000
0000000000000000000000000000000000000000000
000000000000a412380000000000000000000000000
00000000000000000000000000000000000a7672088
0000000000000000000000000000000000000000000
0000000000000000000000000000000000000000000
000000000000a492780000000000000000000000000
00000000000000000000000000000000000a7e7a088
0000000000000000000000000000000000000000000
0000000000000000000000000000000000000000000
000000000000a512b80000000000000000000000000
00000000000000000000000000000000000a8682088
0000000000000000000000000000000000000000000
0000000000000000000000000000000000000000000
000000000000a592f80000000000000000000000000
00000000000000000000000000000000000a8e8a088
0000000000000000000000000000000000000000000
0000000000000000000000000000000000000000000
000000000000a613380000000000000000000000000
00000000000000000000000000000000000a9692088
0000000000000000000000000000000000000000000
0000000000000000000000000000000000000000000
000000000000a693780000000000000000000000000
00000000000000000000000000000000000a9e9a088
0000000000000000000000000000000000000000000
0000000000000000000000000000000000000000000
000000000000a713b80000000000000000000000000
00000000000000000000000000000000000aa6a2088
0000000000000000000000000000000000000000000
0000000000000000000000000000000000000000000
0003783c6000a793f80000000000000000000000000
00037a3d600000000000000000000000000aaeaa088
00037c3e60000000000000000000000000000000000
00037e3f60000000000000000000000000000000000
000380406000a814380000000000000000000000000
00038241600000000000000000000000000ab6b2088
0003844260000000000000000000000000000000000
0003864360000000000000000000000000000000000
000388446000a894780000000000000000000000000
00038a45600000000000000000000000000abeba088
00038c4660000000000000000000000000000000000
00038e4760000000000000000000000000000000000
000000000000a914b80000000000000000000000000
00000000000000000000000000000000000ac6c2088
0000000000000000000000000000000000000000000
0000000000000000000000000000000000000000000
000000000000a994f80000000000000000000000000
00000000000000000000000000000000000aceca088
0000000000000000000000000000000000000000000
0000000000000000000000000000000000000000000
000000000000aa15380000000000000000000000000
00000000000000000000000000000000000ad6d2088
0000000000000000000000000000000000000000000
0000000000000000000000000000000000000000000
000000000000aa95780000000000000000000000000
00000000000000000000000000000000000adeda088
0000000000000000000000000000000000000000000
0000000000000000000000000000000000000000000
000000000000ab15b80000000000000000000000000
00000000000000000000000000000000000ae6e2088
0000000000000000000000000000000000000000000
0000000000000000000000000000000000000000000
000000000000ab95f80000000000000000000000000
00000000000000000000000000000000000aeeea088
0000000000000000000000000000000000000000000
0000000000000000000000000000000000000000000
000000000000ac16380000000000000000000000000
00000000000000000000000000000000000af6f2088
0000000000000000000000000000000000000000000
0000000000000000000000000000000000000000000
000000000000ac96780000000000000000000000000
00000000000000000000000000000000000afefa088
0000000000000000000000000000000000000000000
0000000000000000000000000000000000000000000
000000000000ad16b80000000000000000000000000
00000000000000000000000000000000000b0702088
0000000000000000000000000000000000000000000
0000000000000000000000000000000000000000000
000390486000ad96f80000000000000000000000000
00039249600000000000000000000000000b0f0a088
0003944a60000000000000000000000000000000000
0003964b60000000000000000000000000000000000
0003984c6000ae17380000000000000000000000000
00039a4d600000000000000000000000000b1712088
00039c4e60000000000000000000000000000000000
00039e4f60000000000000000000000000000000000
0003a0506000ae97780000000000000000000000000
0003a251600000000000000000000000000b1f1a088
0003a45260000000000000000000000000000000000
0003a65360000000000000000000000000000000000
000000000000af17b80000000000000000000000000
00000000000000000000000000000000000b2722088
0000000000000000000000000000000000000000000
0000000000000000000000000000000000000000000
000000000000af97f80000000000000000000000000
00000000000000000000000000000000000b2f2a088
0000000000000000000000000000000000000000000
0000000000000000000000000000000000000000000
000000000000b018380000000000000000000000000
00000000000000000000000000000000000b3732088
0000000000000000000000000000000000000000000
0000000000000000000000000000000000000000000
000000000000b098780000000000000000000000000
00000000000000000000000000000000000b3f3a088
0000000000000000000000000000000000000000000
0000000000000000000000000000000000000000000
000000000000b118b80000000000000000000000000
00000000000000000000000000000000000b4742088
0000000000000000000000000000000000000000000
0000000000000000000000000000000000000000000
000000000000b198f80000000000000000000000000
00000000000000000000000000000000000b4f4a088
0000000000000000000000000000000000000000000
0000000000000000000000000000000000000000000
000000000000b219380000000000000000000000000
00000000000000000000000000000000000b5752088
0000000000000000000000000000000000000000000
0000000000000000000000000000000000000000000
000000000000b299780000000000000000000000000
00000000000000000000000000000000000b5f5a088
0000000000000000000000000000000000000000000
0000000000000000000000000000000000000000000
000000000000b319b80000000000000000000000000
00000000000000000000000000000000000b6762088
0000000000000000000000000000000000000000000
0000000000000000000000000000000000000000000
0003a8546000b399f80000000000000000000000000
0003aa55600000000000000000000000000b6f6a088
0003ac5660000000000000000000000000000000000
0003ae5760000000000000000000000000000000000
0003b0586000b41a380000000000000000000000000
0003b259600000000000000000000000000b7772088
0003b45a60000000000000000000000000000000000
0003b65b60000000000000000000000000000000000
0003b85c6000b49a780000000000000000000000000
0003ba5d600000000000000000000000000b7f7a088
0003bc5e60000000000000000000000000000000000
0003be5f60000000000000000000000000000000000
000000000000b51ab80000000000000000000000000
00000000000000000000000000000000000b8782088
0000000000000000000000000000000000000000000
0000000000000000000000000000000000000000000
000000000000b59af80000000000000000000000000
00000000000000000000000000000000000b8f8a088
0000000000000000000000000000000000000000000
0000000000000000000000000000000000000000000
000000000000b61b380000000000000000000000000
00000000000000000000000000000000000b9792088
0000000000000000000000000000000000000000000
0000000000000000000000000000000000000000000
000000000000b69b780000000000000000000000000
00000000000000000000000000000000000b9f9a088
0000000000000000000000000000000000000000000
0000000000000000000000000000000000000000000
000000000000b71bb80000000000000000000000000
00000000000000000000000000000000000ba7a2088
0000000000000000000000000000000000000000000
0000000000000000000000000000000000000000000
000000000000b79bf80000000000000000000000000
00000000000000000000000000000000000bafaa088
0000000000000000000000000000000000000000000
0000000000000000000000000000000000000000000
000000000000b81c380000000000000000000000000
00000000000000000000000000000000000bb7b2088
0000000000000000000000000000000000000000000
0000000000000000000000000000000000000000000
000000000000b89c780000000000000000000000000
00000000000000000000000000000000000bbfba088
0000000000000000000000000000000000000000000
0000000000000000000000000000000000000000000
000000000000b91cb80000000000000000000000000
00000000000000000000000000000000000bc7c2088
0000000000000000000000000000000000000000000
0000000000000000000000000000000000000000000
0003c0606000b99cf80000000000000000000000000
0003c261600000000000000000000000000bcfca088
0003c46260000000000000000000000000000000000
0003c66360000000000000000000000000000000000
0003c8646000ba1d380000000000000000000000000
0003ca65600000000000000000000000000bd7d2088
0003cc6660000000000000000000000000000000000
0003ce6760000000000000000000000000000000000
0003d0686000ba9d780000000000000000000000000
0003d269600000000000000000000000000bdfda088
0003d46a60000000000000000000000000000000000
0003d66b60000000000000000000000000000000000
000000000000bb1db80000000000000000000000000
00000000000000000000000000000000000be7e2088
0000000000000000000000000000000000000000000
0000000000000000000000000000000000000000000
000000000000bb9df80000000000000000000000000
00000000000000000000000000000000000befea088
0000000000000000000000000000000000000000000
0000000000000000000000000000000000000000000
000000000000bc1e380000000000000000000000000
00000000000000000000000000000000000bf7f2088
0000000000000000000000000000000000000000000
0000000000000000000000000000000000000000000
000000000000bc9e780000000000000000000000000
00000000000000000000000000000000000bfffa088
0000000000000000000000000000000000000000000
0000000000000000000000000000000000000000000
000000000000bd1eb80000000000000000000000000
0000000000000000000000000000000000080402088
0000000000000000000000000000000000000000000
0000000000000000000000000000000000000000000
000000000000bd9ef80000000000000000000000000
0000000000000000000000000000000000080c0a088
0000000000000000000000000000000000000000000
0000000000000000000000000000000000000000000
000000000000be1f380000000000000000000000000
0000000000000000000000000000000000081412088
0000000000000000000000000000000000000000000
0000000000000000000000000000000000000000000
000000000000be9f780000000000000000000000000
0000000000000000000000000000000000081c1a088
0000000000000000000000000000000000000000000
0000000000000000000000000000000000000000000
000000000000bf1fb80000000000000000000000000
0000000000000000000000000000000000082422088
0000000000000000000000000000000000000000000
0000000000000000000000000000000000000000000
0003d86c6000bf9ff80000000000000000000000000
0003da6d60000000000000000000000000082c2a088
0003dc6e60000000000000000000000000000000000
0003de6f60000000000000000000000000000000000
0003e0706000c000380000000000000000000000000
0003e27160000000000000000000000000083432088
0003e47260000000000000000000000000000000000
0003e67360000000000000000000000000000000000
0003e8746000c080780000000000000000000000000
0003ea7560000000000000000000000000083c3a088
0003ec7660000000000000000000000000000000000
0003ee7760000000000000000000000000000000000
000000000000c100b80000000000000000000000000
0000000000000000000000000000000000084442088
0000000000000000000000000000000000000000000
0000000000000000000000000000000000000000000
000000000000c180f80000000000000000000000000
0000000000000000000000000000000000084c4a088
0000000000000000000000000000000000000000000
0000000000000000000000000000000000000000000
000000000000c201380000000000000000000000000
0000000000000000000000000000000000085452088
0000000000000000000000000000000000000000000
0000000000000000000000000000000000000000000
000000000000c281780000000000000000000000000
0000000000000000000000000000000000085c5a088
0000000000000000000000000000000000000000000
0000000000000000000000000000000000000000000
000000000000c301b80000000000000000000000000
0000000000000000000000000000000000086462088
0000000000000000000000000000000000000000000
0000000000000000000000000000000000000000000
000000000000c381f80000000000000000000000000
0000000000000000000000000000000000086c6a088
0000000000000000000000000000000000000000000
0000000000000000000000000000000000000000000
000000000000c402380000000000000000000000000
0000000000000000000000000000000000087472088
0000000000000000000000000000000000000000000
0000000000000000000000000000000000000000000
000000000000c482780000000000000000000000000
0000000000000000000000000000000000087c7a088
0000000000000000000000000000000000000000000
0000000000000000000000000000000000000000000
000000000000c502b80000000000000000000000000
0000000000000000000000000000000000088482088
0000000000000000000000000000000000000000000
0000000000000000000000000000000000000000000
0003f0786000c582f80000000000000000000000000
0003f27960000000000000000000000000088c8a088
0003f47a60000000000000000000000000000000000
0003f67b60000000000000000000000000000000000
0003f87c6000c603380000000000000000000000000
0003fa7d60000000000000000000000000089492088
0003fc7e60000000000000000000000000000000000
0003fe7f60000000000000000000000000000000000
000400006000c683780000000000000000000000000
0004020160000000000000000000000000089c9a088
0004040260000000000000000000000000000000000
0004060360000000000000000000000000000000000
000000000000c703b80000000000000000000000000
000000000000000000000000000000000008a4a2088
0000000000000000000000000000000000000000000
0000000000000000000000000000000000000000000
000000000000c783f80000000000000000000000000
000000000000000000000000000000000008acaa088
0000000000000000000000000000000000000000000
0000000000000000000000000000000000000000000
000000000000c804380000000000000000000000000
000000000000000000000000000000000008b4b2088
0000000000000000000000000000000000000000000
0000000000000000000000000000000000000000000
000000000000c884780000000000000000000000000
000000000000000000000000000000000008bcba088
0000000000000000000000000000000000000000000
0000000000000000000000000000000000000000000
000000000000c904b80000000000000000000000000
000000000000000000000000000000000008c4c2088
0000000000000000000000000000000000000000000
0000000000000000000000000000000000000000000
000000000000c984f80000000000000000000000000
000000000000000000000000000000000008ccca088
0000000000000000000000000000000000000000000
0000000000000000000000000000000000000000000
000000000000ca05380000000000000000000000000
000000000000000000000000000000000008d4d2088
0000000000000000000000000000000000000000000
0000000000000000000000000000000000000000000
000000000000ca85780000000000000000000000000
000000000000000000000000000000000008dcda088
0000000000000000000000000000000000000000000
0000000000000000000000000000000000000000000
000000000000cb05b80000000000000000000000000
000000000000000000000000000000000008e4e2088
0000000000000000000000000000000000000000000
0000000000000000000000000000000000000000000
000408046000cb85f80000000000000000000000000
00040a056000000000000000000000000008ecea088
00040c0660000000000000000000000000000000000
00040e0760000000000000000000000000000000000
000410086000cc06380000000000000000000000000
000412096000000000000000000000000008f4f2088
0004140a60000000000000000000000000000000000
0004160b60000000000000000000000000000000000
0004180c6000cc86780000000000000000000000000
00041a0d6000000000000000000000000008fcfa088
00041c0e60000000000000000000000000000000000
00041e0f60000000000000000000000000000000000
000000000000cd06b80000000000000000000000000
0000000000000000000000000000000000090502088
0000000000000000000000000000000000000000000
0000000000000000000000000000000000000000000
000000000000cd86f80000000000000000000000000
0000000000000000000000000000000000090d0a088
0000000000000000000000000000000000000000000
0000000000000000000000000000000000000000000
000000000000ce07380000000000000000000000000
0000000000000000000000000000000000091512088
0000000000000000000000000000000000000000000
0000000000000000000000000000000000000000000
000000000000ce87780000000000000000000000000
0000000000000000000000000000000000091d1a088
0000000000000000000000000000000000000000000
0000000000000000000000000000000000000000000
000000000000cf07b80000000000000000000000000
0000000000000000000000000000000000092522088
0000000000000000000000000000000000000000000
0000000000000000000000000000000000000000000
000000000000cf87f80000000000000000000000000
0000000000000000000000000000000000092d2a088
0000000000000000000000000000000000000000000
0000000000000000000000000000000000000000000
000000000000d008380000000000000000000000000
0000000000000000000000000000000000093532088
0000000000000000000000000000000000000000000
0000000000000000000000000000000000000000000
000000000000d088780000000000000000000000000
0000000000000000000000000000000000093d3a088
0000000000000000000000000000000000000000000
0000000000000000000000000000000000000000000
000000000000d108b80000000000000000000000000
0000000000000000000000000000000000094542088
0000000000000000000000000000000000000000000
0000000000000000000000000000000000000000000
000420106000d188f80000000000000000000000000
0004221160000000000000000000000000094d4a088
0004241260000000000000000000000000000000000
0004261360000000000000000000000000000000000
000428146000d209380000000000000000000000000
00042a1560000000000000000000000000095552088
00042c1660000000000000000000000000000000000
00042e1760000000000000000000000000000000000
000430186000d289780000000000000000000000000
0004321960000000000000000000000000095d5a088
0004341a60000000000000000000000000000000000
0004361b60000000000000000000000000000000000
000000000000d309b80000000000000000000000000
0000000000000000000000000000000000096562088
0000000000000000000000000000000000000000000
0000000000000000000000000000000000000000000
000000000000d389f80000000000000000000000000
0000000000000000000000000000000000096d6a088
0000000000000000000000000000000000000000000
0000000000000000000000000000000000000000000
000000000000d40a380000000000000000000000000
0000000000000000000000000000000000097572088
0000000000000000000000000000000000000000000
0000000000000000000000000000000000000000000
000000000000d48a780000000000000000000000000
0000000000000000000000000000000000097d7a088
0000000000000000000000000000000000000000000
0000000000000000000000000000000000000000000
000000000000d50ab80000000000000000000000000
0000000000000000000000000000000000098582088
0000000000000000000000000000000000000000000
0000000000000000000000000000000000000000000
000000000000d58af80000000000000000000000000
0000000000000000000000000000000000098d8a088
0000000000000000000000000000000000000000000
0000000000000000000000000000000000000000000
000000000000d60b380000000000000000000000000
0000000000000000000000000000000000099592088
0000000000000000000000000000000000000000000
0000000000000000000000000000000000000000000
000000000000d68b780000000000000000000000000
0000000000000000000000000000000000099d9a088
0000000000000000000000000000000000000000000
0000000000000000000000000000000000000000000
000000000000d70bb80000000000000000000000000
000000000000000000000000000000000009a5a2088
0000000000000000000000000000000000000000000
0000000000000000000000000000000000000000000
0004381c6000d78bf80000000000000000000000000
00043a1d6000000000000000000000000009adaa088
00043c1e60000000000000000000000000000000000
00043e1f60000000000000000000000000000000000
000440206000d80c380000000000000000000000000
000442216000000000000000000000000009b5b2088
0004442260000000000000000000000000000000000
0004462360000000000000000000000000000000000
000448246000d88c780000000000000000000000000
00044a256000000000000000000000000009bdba088
00044c2660000000000000000000000000000000000
00044e2760000000000000000000000000000000000
000000000000d90cb80000000000000000000000000
000000000000000000000000000000000009c5c2088
0000000000000000000000000000000000000000000
0000000000000000000000000000000000000000000
000000000000d98cf80000000000000000000000000
000000000000000000000000000000000009cdca088
0000000000000000000000000000000000000000000
0000000000000000000000000000000000000000000
000000000000da0d380000000000000000000000000
000000000000000000000000000000000009d5d2088
0000000000000000000000000000000000000000000
0000000000000000000000000000000000000000000
000000000000da8d780000000000000000000000000
000000000000000000000000000000000009ddda088
0000000000000000000000000000000000000000000
0000000000000000000000000000000000000000000
000000000000db0db80000000000000000000000000
000000000000000000000000000000000009e5e2088
0000000000000000000000000000000000000000000
0000000000000000000000000000000000000000000
000000000000db8df80000000000000000000000000
000000000000000000000000000000000009edea088
0000000000000000000000000000000000000000000
0000000000000000000000000000000000000000000
000000000000dc0e380000000000000000000000000
000000000000000000000000000000000009f5f2088
0000000000000000000000000000000000000000000
0000000000000000000000000000000000000000000
000000000000dc8e780000000000000000000000000
000000000000000000000000000000000009fdfa088
0000000000000000000000000000000000000000000
0000000000000000000000000000000000000000000
000000000000dd0eb80000000000000000000000000
00000000000000000000000000000000000a0602088
0000000000000000000000000000000000000000000
0000000000000000000000000000000000000000000
000450286000dd8ef80000000000000000000000000
00045229600000000000000000000000000a0e0a088
0004542a60000000000000000000000000000000000
0004562b60000000000000000000000000000000000
0004582c6000de0f380000000000000000000000000
00045a2d600000000000000000000000000a1612088
00045c2e60000000000000000000000000000000000
00045e2f60000000000000000000000000000000000
000460306000de8f780000000000000000000000000
00046231600000000000000000000000000a1e1a088
0004643260000000000000000000000000000000000
0004663360000000000000000000000000000000000
000000000000df0fb80000000000000000000000000
00000000000000000000000000000000000a2622088
0000000000000000000000000000000000000000000
0000000000000000000000000000000000000000000
000000000000df8ff80000000000000000000000000
00000000000000000000000000000000000a2e2a088
0000000000000000000000000000000000000000000
0000000000000000000000000000000000000000000
000000000000e010380000000000000000000000000
00000000000000000000000000000000000a3632088
0000000000000000000000000000000000000000000
0000000000000000000000000000000000000000000
000000000000e090780000000000000000000000000
00000000000000000000000000000000000a3e3a088
0000000000000000000000000000000000000000000
0000000000000000000000000000000000000000000
000000000000e110b80000000000000000000000000
00000000000000000000000000000000000a4642088
0000000000000000000000000000000000000000000
0000000000000000000000000000000000000000000
000000000000e190f80000000000000000000000000
00000000000000000000000000000000000a4e4a088
0000000000000000000000000000000000000000000
0000000000000000000000000000000000000000000
000000000000e211380000000000000000000000000
00000000000000000000000000000000000a5652088
0000000000000000000000000000000000000000000
0000000000000000000000000000000000000000000
000000000000e291780000000000000000000000000
00000000000000000000000000000000000a5e5a088
0000000000000000000000000000000000000000000
0000000000000000000000000000000000000000000
000000000000e311b80000000000000000000000000
00000000000000000000000000000000000a6662088
0000000000000000000000000000000000000000000
0000000000000000000000000000000000000000000
000468346000e391f80000000000000000000000000
00046a35600000000000000000000000000a6e6a088
00046c3660000000000000000000000000000000000
00046e3760000000000000000000000000000000000
000470386000e412380000000000000000000000000
00047239600000000000000000000000000a7672088
0004743a60000000000000000000000000000000000
0004763b60000000000000000000000000000000000
0004783c6000e492780000000000000000000000000
00047a3d600000000000000000000000000a7e7a088
00047c3e60000000000000000000000000000000000
00047e3f60000000000000000000000000000000000
000000000000e512b80000000000000000000000000
00000000000000000000000000000000000a8682088
0000000000000000000000000000000000000000000
0000000000000000000000000000000000000000000
000000000000e592f80000000000000000000000000
00000000000000000000000000000000000a8e8a088
0000000000000000000000000000000000000000000
0000000000000000000000000000000000000000000
000000000000e613380000000000000000000000000
00000000000000000000000000000000000a9692088
0000000000000000000000000000000000000000000
0000000000000000000000000000000000000000000
000000000000e693780000000000000000000000000
00000000000000000000000000000000000a9e9a088
0000000000000000000000000000000000000000000
0000000000000000000000000000000000000000000
000000000000e713b80000000000000000000000000
00000000000000000000000000000000000aa6a2088
0000000000000000000000000000000000000000000
0000000000000000000000000000000000000000000
000000000000e793f80000000000000000000000000
00000000000000000000000000000000000aaeaa088
0000000000000000000000000000000000000000000
0000000000000000000000000000000000000000000
000000000000e814380000000000000000000000000
00000000000000000000000000000000000ab6b2088
0000000000000000000000000000000000000000000
0000000000000000000000000000000000000000000
000000000000e894780000000000000000000000000
00000000000000000000000000000000000abeba088
0000000000000000000000000000000000000000000
0000000000000000000000000000000000000000000
000000000000e914b80000000000000000000000000
00000000000000000000000000000000000ac6c2088
0000000000000000000000000000000000000000000
0000000000000000000000000000000000000000000
000480406000e994f80000000000000000000000000
00048241600000000000000000000000000aceca088
0004844260000000000000000000000000000000000
0004864360000000000000000000000000000000000
000488446000ea15380000000000000000000000000
00048a45600000000000000000000000000ad6d2088
00048c4660000000000000000000000000000000000
00048e4760000000000000000000000000000000000
000490486000ea95780000000000000000000000000
00049249600000000000000000000000000adeda088
0004944a60000000000000000000000000000000000
0004964b60000000000000000000000000000000000
000000000000eb15b80000000000000000000000000
00000000000000000000000000000000000ae6e2088
0000000000000000000000000000000000000000000
0000000000000000000000000000000000000000000
000000000000eb95f80000000000000000000000000
00000000000000000000000000000000000aeeea088
0000000000000000000000000000000000000000000
0000000000000000000000000000000000000000000
000000000000ec16380000000000000000000000000
00000000000000000000000000000000000af6f2088
0000000000000000000000000000000000000000000
0000000000000000000000000000000000000000000
000000000000ec96780000000000000000000000000
00000000000000000000000000000000000afefa088
0000000000000000000000000000000000000000000
0000000000000000000000000000000000000000000
000000000000ed16b80000000000000000000000000
00000000000000000000000000000000000b0702088
0000000000000000000000000000000000000000000
0000000000000000000000000000000000000000000
000000000000ed96f80000000000000000000000000
00000000000000000000000000000000000b0f0a088
0000000000000000000000000000000000000000000
0000000000000000000000000000000000000000000
000000000000ee17380000000000000000000000000
00000000000000000000000000000000000b1712088
0000000000000000000000000000000000000000000
0000000000000000000000000000000000000000000
000000000000ee97780000000000000000000000000
00000000000000000000000000000000000b1f1a088
0000000000000000000000000000000000000000000
0000000000000000000000000000000000000000000
000000000000ef17b80000000000000000000000000
00000000000000000000000000000000000b2722088
0000000000000000000000000000000000000000000
0000000000000000000000000000000000000000000
0004984c6000ef97f80000000000000000000000000
00049a4d600000000000000000000000000b2f2a088
00049c4e60000000000000000000000000000000000
00049e4f60000000000000000000000000000000000
0004a0506000f018380000000000000000000000000
0004a251600000000000000000000000000b3732088
0004a45260000000000000000000000000000000000
0004a65360000000000000000000000000000000000
0004a8546000f098780000000000000000000000000
0004aa55600000000000000000000000000b3f3a088
0004ac5660000000000000000000000000000000000
0004ae5760000000000000000000000000000000000
000000000000f118b80000000000000000000000000
00000000000000000000000000000000000b4742088
0000000000000000000000000000000000000000000
0000000000000000000000000000000000000000000
000000000000f198f80000000000000000000000000
00000000000000000000000000000000000b4f4a088
0000000000000000000000000000000000000000000
0000000000000000000000000000000000000000000
000000000000f219380000000000000000000000000
00000000000000000000000000000000000b5752088
0000000000000000000000000000000000000000000
0000000000000000000000000000000000000000000
000000000000f299780000000000000000000000000
00000000000000000000000000000000000b5f5a088
0000000000000000000000000000000000000000000
0000000000000000000000000000000000000000000
000000000000f319b80000000000000000000000000
00000000000000000000000000000000000b6762088
0000000000000000000000000000000000000000000
0000000000000000000000000000000000000000000
000000000000f399f80000000000000000000000000
00000000000000000000000000000000000b6f6a088
0000000000000000000000000000000000000000000
0000000000000000000000000000000000000000000
000000000000f41a380000000000000000000000000
00000000000000000000000000000000000b7772088
0000000000000000000000000000000000000000000
0000000000000000000000000000000000000000000
000000000000f49a780000000000000000000000000
00000000000000000000000000000000000b7f7a088
0000000000000000000000000000000000000000000
0000000000000000000000000000000000000000000
000000000000f51ab80000000000000000000000000
00000000000000000000000000000000000b8782088
0000000000000000000000000000000000000000000
0000000000000000000000000000000000000000000
0004b0586000f59af80000000000000000000000000
0004b259600000000000000000000000000b8f8a088
0004b45a60000000000000000000000000000000000
0004b65b60000000000000000000000000000000000
0004b85c6000f61b380000000000000000000000000
0004ba5d600000000000000000000000000b9792088
0004bc5e60000000000000000000000000000000000
0004be5f60000000000000000000000000000000000
0004c0606000f69b780000000000000000000000000
0004c261600000000000000000000000000b9f9a088
0004c46260000000000000000000000000000000000
0004c66360000000000000000000000000000000000
000000000000f71bb80000000000000000000000000
00000000000000000000000000000000000ba7a2088
0000000000000000000000000000000000000000000
0000000000000000000000000000000000000000000
000000000000f79bf80000000000000000000000000
00000000000000000000000000000000000bafaa088
0000000000000000000000000000000000000000000
0000000000000000000000000000000000000000000
000000000000f81c380000000000000000000000000
00000000000000000000000000000000000bb7b2088
0000000000000000000000000000000000000000000
0000000000000000000000000000000000000000000
000000000000f89c780000000000000000000000000
00000000000000000000000000000000000bbfba088
0000000000000000000000000000000000000000000
0000000000000000000000000000000000000000000
000000000000f91cb80000000000000000000000000
00000000000000000000000000000000000bc7c2088
0000000000000000000000000000000000000000000
0000000000000000000000000000000000000000000
000000000000f99cf80000000000000000000000000
00000000000000000000000000000000000bcfca088
0000000000000000000000000000000000000000000
0000000000000000000000000000000000000000000
000000000000fa1d380000000000000000000000000
00000000000000000000000000000000000bd7d2088
0000000000000000000000000000000000000000000
0000000000000000000000000000000000000000000
000000000000fa9d780000000000000000000000000
00000000000000000000000000000000000bdfda088
0000000000000000000000000000000000000000000
0000000000000000000000000000000000000000000
000000000000fb1db80000000000000000000000000
00000000000000000000000000000000000be7e2088
0000000000000000000000000000000000000000000
0000000000000000000000000000000000000000000
0004c8646000fb9df80000000000000000000000000
0004ca65600000000000000000000000000befea088
0004cc6660000000000000000000000000000000000
0004ce6760000000000000000000000000000000000
0004d0686000fc1e380000000000000000000000000
0004d269600000000000000000000000000bf7f2088
0004d46a60000000000000000000000000000000000
0004d66b60000000000000000000000000000000000
0004d86c6000fc9e780000000000000000000000000
0004da6d600000000000000000000000000bfffa088
0004dc6e60000000000000000000000000000000000
0004de6f60000000000000000000000000000000000
000000000000fd1eb80000000000000000000000000
0000000000000000000000000000000000080402088
0000000000000000000000000000000000000000000
0000000000000000000000000000000000000000000
000000000000fd9ef80000000000000000000000000
0000000000000000000000000000000000080c0a088
0000000000000000000000000000000000000000000
0000000000000000000000000000000000000000000
000000000000fe1f380000000000000000000000000
0000000000000000000000000000000000081412088
0000000000000000000000000000000000000000000
0000000000000000000000000000000000000000000
000000000000fe9f780000000000000000000000000
0000000000000000000000000000000000081c1a088
0000000000000000000000000000000000000000000
0000000000000000000000000000000000000000000
000000000000ff1fb80000000000000000000000000
0000000000000000000000000000000000082422088
0000000000000000000000000000000000000000000
0000000000000000000000000000000000000000000
000000000000ff9ff80000000000000000000000000
0000000000000000000000000000000000082c2a088
0000000000000000000000000000000000000000000
0000000000000000000000000000000000000000000
0000000000010000380000000000000000000000000
0000000000000000000000000000000000083432088
0000000000000000000000000000000000000000000
0000000000000000000000000000000000000000000
0000000000010080780000000000000000000000000
0000000000000000000000000000000000083c3a088
0000000000000000000000000000000000000000000
0000000000000000000000000000000000000000000
0000000000010100b80000000000000000000000000
0000000000000000000000000000000000084442088
0000000000000000000000000000000000000000000
0000000000000000000000000000000000000000000
0004e07060010180f80000000000000000000000000
0004e27160000000000000000000000000084c4a088
0004e47260000000000000000000000000000000000
0004e67360000000000000000000000000000000000
0004e87460010201380000000000000000000000000
0004ea7560000000000000000000000000085452088
0004ec7660000000000000000000000000000000000
0004ee7760000000000000000000000000000000000
0004f07860010281780000000000000000000000000
0004f27960000000000000000000000000085c5a088
0004f47a60000000000000000000000000000000000
0004f67b60000000000000000000000000000000000
0000000000010301b80000000000000000000000000
0000000000000000000000000000000000086462088
0000000000000000000000000000000000000000000
0000000000000000000000000000000000000000000
0000000000010381f80000000000000000000000000
0000000000000000000000000000000000086c6a088
0000000000000000000000000000000000000000000
0000000000000000000000000000000000000000000
0000000000010402380000000000000000000000000
0000000000000000000000000000000000087472088
0000000000000000000000000000000000000000000
0000000000000000000000000000000000000000000
0000000000010482780000000000000000000000000
0000000000000000000000000000000000087c7a088
0000000000000000000000000000000000000000000
0000000000000000000000000000000000000000000
0000000000010502b80000000000000000000000000
0000000000000000000000000000000000088482088
0000000000000000000000000000000000000000000
0000000000000000000000000000000000000000000
0000000000010582f80000000000000000000000000
0000000000000000000000000000000000088c8a088
0000000000000000000000000000000000000000000
0000000000000000000000000000000000000000000
0000000000010603380000000000000000000000000
0000000000000000000000000000000000089492088
0000000000000000000000000000000000000000000
0000000000000000000000000000000000000000000
0000000000010683780000000000000000000000000
0000000000000000000000000000000000089c9a088
0000000000000000000000000000000000000000000
0000000000000000000000000000000000000000000
0000000000010703b80000000000000000000000000
000000000000000000000000000000000008a4a2088
0000000000000000000000000000000000000000000
0000000000000000000000000000000000000000000
0004f87c60010783f80000000000000000000000000
0004fa7d6000000000000000000000000008acaa088
0004fc7e60000000000000000000000000000000000
0004fe7f60000000000000000000000000000000000
0005000060010804380000000000000000000000000
000502016000000000000000000000000008b4b2088
0005040260000000000000000000000000000000000
0005060360000000000000000000000000000000000
0005080460010884780000000000000000000000000
00050a056000000000000000000000000008bcba088
00050c0660000000000000000000000000000000000
00050e0760000000000000000000000000000000000
0000000000010904b80000000000000000000000000
000000000000000000000000000000000008c4c2088
0000000000000000000000000000000000000000000
0000000000000000000000000000000000000000000
0000000000010984f80000000000000000000000000
000000000000000000000000000000000008ccca088
0000000000000000000000000000000000000000000
0000000000000000000000000000000000000000000
0000000000010a05380000000000000000000000000
000000000000000000000000000000000008d4d2088
0000000000000000000000000000000000000000000
0000000000000000000000000000000000000000000
0000000000010a85780000000000000000000000000
000000000000000000000000000000000008dcda088
0000000000000000000000000000000000000000000
0000000000000000000000000000000000000000000
0000000000010b05b80000000000000000000000000
000000000000000000000000000000000008e4e2088
0000000000000000000000000000000000000000000
0000000000000000000000000000000000000000000
0000000000010b85f80000000000000000000000000
000000000000000000000000000000000008ecea088
0000000000000000000000000000000000000000000
0000000000000000000000000000000000000000000
0000000000010c06380000000000000000000000000
000000000000000000000000000000000008f4f2088
0000000000000000000000000000000000000000000
0000000000000000000000000000000000000000000
0000000000010c86780000000000000000000000000
000000000000000000000000000000000008fcfa088
0000000000000000000000000000000000000000000
0000000000000000000000000000000000000000000
0000000000010d06b80000000000000000000000000
0000000000000000000000000000000000090502088
0000000000000000000000000000000000000000000
0000000000000000000000000000000000000000000
0005100860010d86f80000000000000000000000000
0005120960000000000000000000000000090d0a088
0005140a60000000000000000000000000000000000
0005160b60000000000000000000000000000000000
0005180c60010e07380000000000000000000000000
00051a0d60000000000000000000000000091512088
00051c0e60000000000000000000000000000000000
00051e0f60000000000000000000000000000000000
0005201060010e87780000000000000000000000000
0005221160000000000000000000000000091d1a088
0005241260000000000000000000000000000000000
0005261360000000000000000000000000000000000
0000000000010f07b80000000000000000000000000
0000000000000000000000000000000000092522088
0000000000000000000000000000000000000000000
0000000000000000000000000000000000000000000
0000000000010f87f80000000000000000000000000
0000000000000000000000000000000000092d2a088
0000000000000000000000000000000000000000000
0000000000000000000000000000000000000000000
0000000000011008380000000000000000000000000
0000000000000000000000000000000000093532088
0000000000000000000000000000000000000000000
0000000000000000000000000000000000000000000
0000000000011088780000000000000000000000000
0000000000000000000000000000000000093d3a088
0000000000000000000000000000000000000000000
0000000000000000000000000000000000000000000
0000000000011108b80000000000000000000000000
0000000000000000000000000000000000094542088
0000000000000000000000000000000000000000000
0000000000000000000000000000000000000000000
0000000000011188f80000000000000000000000000
0000000000000000000000000000000000094d4a088
0000000000000000000000000000000000000000000
0000000000000000000000000000000000000000000
0000000000011209380000000000000000000000000
0000000000000000000000000000000000095552088
0000000000000000000000000000000000000000000
0000000000000000000000000000000000000000000
0000000000011289780000000000000000000000000
0000000000000000000000000000000000095d5a088
0000000000000000000000000000000000000000000
0000000000000000000000000000000000000000000
0000000000011309b80000000000000000000000000
0000000000000000000000000000000000096562088
0000000000000000000000000000000000000000000
0000000000000000000000000000000000000000000
0005281460011389f80000000000000000000000000
00052a1560000000000000000000000000096d6a088
00052c1660000000000000000000000000000000000
00052e1760000000000000000000000000000000000
000530186001140a380000000000000000000000000
0005321960000000000000000000000000097572088
0005341a60000000000000000000000000000000000
0005361b60000000000000000000000000000000000
0005381c6001148a780000000000000000000000000
00053a1d60000000000000000000000000097d7a088
00053c1e60000000000000000000000000000000000
00053e1f60000000000000000000000000000000000
000000000001150ab80000000000000000000000000
0000000000000000000000000000000000098582088
0000000000000000000000000000000000000000000
0000000000000000000000000000000000000000000
000000000001158af80000000000000000000000000
0000000000000000000000000000000000098d8a088
0000000000000000000000000000000000000000000
0000000000000000000000000000000000000000000
000000000001160b380000000000000000000000000
0000000000000000000000000000000000099592088
0000000000000000000000000000000000000000000
0000000000000000000000000000000000000000000
000000000001168b780000000000000000000000000
0000000000000000000000000000000000099d9a088
0000000000000000000000000000000000000000000
0000000000000000000000000000000000000000000
000000000001170bb80000000000000000000000000
000000000000000000000000000000000009a5a2088
0000000000000000000000000000000000000000000
0000000000000000000000000000000000000000000
000000000001178bf80000000000000000000000000
000000000000000000000000000000000009adaa088
0000000000000000000000000000000000000000000
0000000000000000000000000000000000000000000
000000000001180c380000000000000000000000000
000000000000000000000000000000000009b5b2088
0000000000000000000000000000000000000000000
0000000000000000000000000000000000000000000
000000000001188c780000000000000000000000000
000000000000000000000000000000000009bdba088
0000000000000000000000000000000000000000000
0000000000000000000000000000000000000000000
000000000001190cb80000000000000000000000000
000000000000000000000000000000000009c5c2088
0000000000000000000000000000000000000000000
0000000000000000000000000000000000000000000
000540206001198cf80000000000000000000000000
000542216000000000000000000000000009cdca088
0005442260000000000000000000000000000000000
0005462360000000000000000000000000000000000
0005482460011a0d380000000000000000000000000
00054a256000000000000000000000000009d5d2088
00054c2660000000000000000000000000000000000
00054e2760000000000000000000000000000000000
0005502860011a8d780000000000000000000000000
000552296000000000000000000000000009ddda088
0005542a60000000000000000000000000000000000
0005562b60000000000000000000000000000000000
0000000000011b0db80000000000000000000000000
000000000000000000000000000000000009e5e2088
0000000000000000000000000000000000000000000
0000000000000000000000000000000000000000000
0000000000011b8df80000000000000000000000000
000000000000000000000000000000000009edea088
0000000000000000000000000000000000000000000
0000000000000000000000000000000000000000000
0000000000011c0e380000000000000000000000000
000000000000000000000000000000000009f5f2088
0000000000000000000000000000000000000000000
0000000000000000000000000000000000000000000
0000000000011c8e780000000000000000000000000
000000000000000000000000000000000009fdfa088
0000000000000000000000000000000000000000000
0000000000000000000000000000000000000000000
0000000000011d0eb80000000000000000000000000
00000000000000000000000000000000000a0602088
0000000000000000000000000000000000000000000
0000000000000000000000000000000000000000000
0000000000011d8ef80000000000000000000000000
00000000000000000000000000000000000a0e0a088
0000000000000000000000000000000000000000000
0000000000000000000000000000000000000000000
0000000000011e0f380000000000000000000000000
00000000000000000000000000000000000a1612088
0000000000000000000000000000000000000000000
0000000000000000000000000000000000000000000
0000000000011e8f780000000000000000000000000
00000000000000000000000000000000000a1e1a088
0000000000000000000000000000000000000000000
0000000000000000000000000000000000000000000
0000000000011f0fb80000000000000000000000000
00000000000000000000000000000000000a2622088
0000000000000000000000000000000000000000000
0000000000000000000000000000000000000000000
0005582c60011f8ff80000000000000000000000000
00055a2d600000000000000000000000000a2e2a088
00055c2e60000000000000000000000000000000000
00055e2f60000000000000000000000000000000000
0005603060012010380000000000000000000000000
00056231600000000000000000000000000a3632088
0005643260000000000000000000000000000000000
0005663360000000000000000000000000000000000
0005683460012090780000000000000000000000000
00056a35600000000000000000000000000a3e3a088
00056c3660000000000000000000000000000000000
00056e3760000000000000000000000000000000000
0000000000012110b80000000000000000000000000
00000000000000000000000000000000000a4642088
0000000000000000000000000000000000000000000
0000000000000000000000000000000000000000000
0000000000012190f80000000000000000000000000
00000000000000000000000000000000000a4e4a088
0000000000000000000000000000000000000000000
0000000000000000000000000000000000000000000
0000000000012211380000000000000000000000000
00000000000000000000000000000000000a5652088
0000000000000000000000000000000000000000000
0000000000000000000000000000000000000000000
0000000000012291780000000000000000000000000
00000000000000000000000000000000000a5e5a088
0000000000000000000000000000000000000000000
0000000000000000000000000000000000000000000
0000000000012311b80000000000000000000000000
00000000000000000000000000000000000a6662088
0000000000000000000000000000000000000000000
0000000000000000000000000000000000000000000
0000000000012391f80000000000000000000000000
00000000000000000000000000000000000a6e6a088
0000000000000000000000000000000000000000000
0000000000000000000000000000000000000000000
0000000000012412380000000000000000000000000
00000000000000000000000000000000000a7672088
0000000000000000000000000000000000000000000
0000000000000000000000000000000000000000000
0000000000012492780000000000000000000000000
00000000000000000000000000000000000a7e7a088
0000000000000000000000000000000000000000000
0000000000000000000000000000000000000000000
0000000000012512b80000000000000000000000000
00000000000000000000000000000000000a8682088
0000000000000000000000000000000000000000000
0000000000000000000000000000000000000000000
0005703860012592f80000000000000000000000000
00057239600000000000000000000000000a8e8a088
0005743a60000000000000000000000000000000000
0005763b60000000000000000000000000000000000
0005783c60012613380000000000000000000000000
00057a3d600000000000000000000000000a9692088
00057c3e60000000000000000000000000000000000
00057e3f60000000000000000000000000000000000
0005804060012693780000000000000000000000000
00058241600000000000000000000000000a9e9a088
0005844260000000000000000000000000000000000
0005864360000000000000000000000000000000000
0000000000012713b80000000000000000000000000
00000000000000000000000000000000000aa6a2088
0000000000000000000000000000000000000000000
0000000000000000000000000000000000000000000
0000000000012793f80000000000000000000000000
00000000000000000000000000000000000aaeaa088
0000000000000000000000000000000000000000000
0000000000000000000000000000000000000000000
0000000000012814380000000000000000000000000
00000000000000000000000000000000000ab6b2088
0000000000000000000000000000000000000000000
0000000000000000000000000000000000000000000
0000000000012894780000000000000000000000000
00000000000000000000000000000000000abeba088
0000000000000000000000000000000000000000000
0000000000000000000000000000000000000000000
0000000000012914b80000000000000000000000000
00000000000000000000000000000000000ac6c2088
0000000000000000000000000000000000000000000
0000000000000000000000000000000000000000000
0000000000012994f80000000000000000000000000
00000000000000000000000000000000000aceca088
0000000000000000000000000000000000000000000
0000000000000000000000000000000000000000000
0000000000012a15380000000000000000000000000
00000000000000000000000000000000000ad6d2088
0000000000000000000000000000000000000000000
0000000000000000000000000000000000000000000
0000000000012a95780000000000000000000000000
00000000000000000000000000000000000adeda088
0000000000000000000000000000000000000000000
0000000000000000000000000000000000000000000
0000000000012b15b80000000000000000000000000
00000000000000000000000000000000000ae6e2088
0000000000000000000000000000000000000000000
0000000000000000000000000000000000000000000
0005884460012b95f80000000000000000000000000
00058a45600000000000000000000000000aeeea088
00058c4660000000000000000000000000000000000
00058e4760000000000000000000000000000000000
0005904860012c16380000000000000000000000000
00059249600000000000000000000000000af6f2088
0005944a60000000000000000000000000000000000
0005964b60000000000000000000000000000000000
0005984c60012c96780000000000000000000000000
00059a4d600000000000000000000000000afefa088
00059c4e60000000000000000000000000000000000
00059e4f60000000000000000000000000000000000
0000000000012d16b80000000000000000000000000
00000000000000000000000000000000000b0702088
0000000000000000000000000000000000000000000
0000000000000000000000000000000000000000000
0000000000012d96f80000000000000000000000000
00000000000000000000000000000000000b0f0a088
0000000000000000000000000000000000000000000
0000000000000000000000000000000000000000000
0000000000012e17380000000000000000000000000
00000000000000000000000000000000000b1712088
0000000000000000000000000000000000000000000
0000000000000000000000000000000000000000000
0000000000012e97780000000000000000000000000
00000000000000000000000000000000000b1f1a088
0000000000000000000000000000000000000000000
0000000000000000000000000000000000000000000
0000000000012f17b80000000000000000000000000
00000000000000000000000000000000000b2722088
0000000000000000000000000000000000000000000
0000000000000000000000000000000000000000000
0000000000012f97f80000000000000000000000000
00000000000000000000000000000000000b2f2a088
0000000000000000000000000000000000000000000
0000000000000000000000000000000000000000000
0000000000013018380000000000000000000000000
00000000000000000000000000000000000b3732088
0000000000000000000000000000000000000000000
0000000000000000000000000000000000000000000
0000000000013098780000000000000000000000000
00000000000000000000000000000000000b3f3a088
0000000000000000000000000000000000000000000
0000000000000000000000000000000000000000000
0000000000013118b80000000000000000000000000
00000000000000000000000000000000000b4742088
0000000000000000000000000000000000000000000
0000000000000000000000000000000000000000000
0005a05060013198f80000000000000000000000000
0005a251600000000000000000000000000b4f4a088
0005a45260000000000000000000000000000000000
0005a65360000000000000000000000000000000000
0005a85460013219380000000000000000000000000
0005aa55600000000000000000000000000b5752088
0005ac5660000000000000000000000000000000000
0005ae5760000000000000000000000000000000000
0005b05860013299780000000000000000000000000
0005b259600000000000000000000000000b5f5a088
0005b45a60000000000000000000000000000000000
0005b65b60000000000000000000000000000000000
0000000000013319b80000000000000000000000000
00000000000000000000000000000000000b6762088
0000000000000000000000000000000000000000000
0000000000000000000000000000000000000000000
0000000000013399f80000000000000000000000000
00000000000000000000000000000000000b6f6a088
0000000000000000000000000000000000000000000
0000000000000000000000000000000000000000000
000000000001341a380000000000000000000000000
00000000000000000000000000000000000b7772088
0000000000000000000000000000000000000000000
0000000000000000000000000000000000000000000
000000000001349a780000000000000000000000000
00000000000000000000000000000000000b7f7a088
0000000000000000000000000000000000000000000
0000000000000000000000000000000000000000000
000000000001351ab80000000000000000000000000
00000000000000000000000000000000000b8782088
0000000000000000000000000000000000000000000
0000000000000000000000000000000000000000000
000000000001359af80000000000000000000000000
00000000000000000000000000000000000b8f8a088
0000000000000000000000000000000000000000000
0000000000000000000000000000000000000000000
000000000001361b380000000000000000000000000
00000000000000000000000000000000000b9792088
0000000000000000000000000000000000000000000
0000000000000000000000000000000000000000000
000000000001369b780000000000000000000000000
00000000000000000000000000000000000b9f9a088
0000000000000000000000000000000000000000000
0000000000000000000000000000000000000000000
000000000001371bb80000000000000000000000000
00000000000000000000000000000000000ba7a2088
0000000000000000000000000000000000000000000
0000000000000000000000000000000000000000000
0005b85c6001379bf80000000000000000000000000
0005ba5d600000000000000000000000000bafaa088
0005bc5e60000000000000000000000000000000000
0005be5f60000000000000000000000000000000000
0005c0606001381c380000000000000000000000000
0005c261600000000000000000000000000bb7b2088
0005c46260000000000000000000000000000000000
0005c66360000000000000000000000000000000000
0005c8646001389c780000000000000000000000000
0005ca65600000000000000000000000000bbfba088
0005cc6660000000000000000000000000000000000
0005ce6760000000000000000000000000000000000
000000000001391cb80000000000000000000000000
00000000000000000000000000000000000bc7c2088
0000000000000000000000000000000000000000000
0000000000000000000000000000000000000000000
000000000001399cf80000000000000000000000000
00000000000000000000000000000000000bcfca088
0000000000000000000000000000000000000000000
0000000000000000000000000000000000000000000
0000000000013a1d380000000000000000000000000
00000000000000000000000000000000000bd7d2088
0000000000000000000000000000000000000000000
0000000000000000000000000000000000000000000
0000000000013a9d780000000000000000000000000
00000000000000000000000000000000000bdfda088
0000000000000000000000000000000000000000000
0000000000000000000000000000000000000000000
0000000000013b1db80000000000000000000000000
00000000000000000000000000000000000be7e2088
0000000000000000000000000000000000000000000
0000000000000000000000000000000000000000000
0000000000013b9df80000000000000000000000000
00000000000000000000000000000000000befea088
0000000000000000000000000000000000000000000
0000000000000000000000000000000000000000000
0000000000013c1e380000000000000000000000000
00000000000000000000000000000000000bf7f2088
0000000000000000000000000000000000000000000
0000000000000000000000000000000000000000000
0000000000013c9e780000000000000000000000000
00000000000000000000000000000000000bfffa088
0000000000000000000000000000000000000000000
0000000000000000000000000000000000000000000
0000000000013d1eb80000000000000000000000000
0000000000000000000000000000000000080402088
0000000000000000000000000000000000000000000
0000000000000000000000000000000000000000000
0005d06860013d9ef80000000000000000000000000
0005d26960000000000000000000000000080c0a088
0005d46a60000000000000000000000000000000000
0005d66b60000000000000000000000000000000000
0005d86c60013e1f380000000000000000000000000
0005da6d60000000000000000000000000081412088
0005dc6e60000000000000000000000000000000000
0005de6f60000000000000000000000000000000000
0005e07060013e9f780000000000000000000000000
0005e27160000000000000000000000000081c1a088
0005e47260000000000000000000000000000000000
0005e67360000000000000000000000000000000000
0000000000013f1fb80000000000000000000000000
0000000000000000000000000000000000082422088
0000000000000000000000000000000000000000000
0000000000000000000000000000000000000000000
0000000000013f9ff80000000000000000000000000
0000000000000000000000000000000000082c2a088
0000000000000000000000000000000000000000000
0000000000000000000000000000000000000000000
0000000000014000380000000000000000000000000
0000000000000000000000000000000000083432088
0000000000000000000000000000000000000000000
0000000000000000000000000000000000000000000
0000000000014080780000000000000000000000000
0000000000000000000000000000000000083c3a088
0000000000000000000000000000000000000000000
0000000000000000000000000000000000000000000
0000000000014100b80000000000000000000000000
0000000000000000000000000000000000084442088
0000000000000000000000000000000000000000000
0000000000000000000000000000000000000000000
0000000000014180f80000000000000000000000000
0000000000000000000000000000000000084c4a088
0000000000000000000000000000000000000000000
0000000000000000000000000000000000000000000
0000000000014201380000000000000000000000000
0000000000000000000000000000000000085452088
0000000000000000000000000000000000000000000
0000000000000000000000000000000000000000000
0000000000014281780000000000000000000000000
0000000000000000000000000000000000085c5a088
0000000000000000000000000000000000000000000
0000000000000000000000000000000000000000000
0000000000014301b80000000000000000000000000
0000000000000000000000000000000000086462088
0000000000000000000000000000000000000000000
0000000000000000000000000000000000000000000
0005e87460014381f80000000000000000000000000
0005ea7560000000000000000000000000086c6a088
0005ec7660000000000000000000000000000000000
0005ee7760000000000000000000000000000000000
0005f07860014402380000000000000000000000000
0005f27960000000000000000000000000087472088
0005f47a60000000000000000000000000000000000
0005f67b60000000000000000000000000000000000
0005f87c60014482780000000000000000000000000
0005fa7d60000000000000000000000000087c7a088
0005fc7e60000000000000000000000000000000000
0005fe7f60000000000000000000000000000000000
0000000000014502b80000000000000000000000000
0000000000000000000000000000000000088482088
0000000000000000000000000000000000000000000
0000000000000000000000000000000000000000000
0000000000014582f80000000000000000000000000
0000000000000000000000000000000000088c8a088
0000000000000000000000000000000000000000000
0000000000000000000000000000000000000000000
0000000000014603380000000000000000000000000
0000000000000000000000000000000000089492088
0000000000000000000000000000000000000000000
0000000000000000000000000000000000000000000
0000000000014683780000000000000000000000000
0000000000000000000000000000000000089c9a088
0000000000000000000000000000000000000000000
0000000000000000000000000000000000000000000
0000000000014703b80000000000000000000000000
000000000000000000000000000000000008a4a2088
0000000000000000000000000000000000000000000
0000000000000000000000000000000000000000000
0000000000014783f80000000000000000000000000
000000000000000000000000000000000008acaa088
0000000000000000000000000000000000000000000
0000000000000000000000000000000000000000000
0000000000014804380000000000000000000000000
000000000000000000000000000000000008b4b2088
0000000000000000000000000000000000000000000
0000000000000000000000000000000000000000000
0000000000014884780000000000000000000000000
000000000000000000000000000000000008bcba088
0000000000000000000000000000000000000000000
0000000000000000000000000000000000000000000
0000000000014904b80000000000000000000000000
000000000000000000000000000000000008c4c2088
0000000000000000000000000000000000000000000
0000000000000000000000000000000000000000000
0000000000014984f80000000000000000000000000
000000000000000000000000000000000008ccca088
0000000000000000000000000000000000000000000
0000000000000000000000000000000000000000000
0000000000014a05380000000000000000000000000
000000000000000000000000000000000008d4d2088
0000000000000000000000000000000000000000000
0000000000000000000000000000000000000000000
0000000000014a85780000000000000000000000000
000000000000000000000000000000000008dcda088
0000000000000000000000000000000000000000000
0000000000000000000000000000000000000000000
0000000000014b05b80000000000000000000000000
000000000000000000000000000000000008e4e2088
0000000000000000000000000000000000000000000
0000000000000000000000000000000000000000000
0000000000014b85f80000000000000000000000000
000000000000000000000000000000000008ecea088
0000000000000000000000000000000000000000000
0000000000000000000000000000000000000000000
0000000000014c06380000000000000000000000000
000000000000000000000000000000000008f4f2088
0000000000000000000000000000000000000000000
0000000000000000000000000000000000000000000
0000000000014c86780000000000000000000000000
000000000000000000000000000000000008fcfa088
0000000000000000000000000000000000000000000
0000000000000000000000000000000000000000000
0000000000014d06b80000000000000000000000000
0000000000000000000000000000000000090502088
0000000000000000000000000000000000000000000
0000000000000000000000000000000000000000000
0000000000014d86f80000000000000000000000000
0000000000000000000000000000000000090d0a088
0000000000000000000000000000000000000000000
0000000000000000000000000000000000000000000
0000000000014e07380000000000000000000000000
0000000000000000000000000000000000091512088
0000000000000000000000000000000000000000000
0000000000000000000000000000000000000000000
0000000000014e87780000000000000000000000000
0000000000000000000000000000000000091d1a088
0000000000000000000000000000000000000000000
0000000000000000000000000000000000000000000
0000000000014f07b80000000000000000000000000
0000000000000000000000000000000000092522088
0000000000000000000000000000000000000000000
0000000000000000000000000000000000000000000
0000000000014f87f80000000000000000000000000
0000000000000000000000000000000000092d2a088
0000000000000000000000000000000000000000000
0000000000000000000000000000000000000000000
0000000000015008380000000000000000000000000
0000000000000000000000000000000000093532088
0000000000000000000000000000000000000000000
0000000000000000000000000000000000000000000
0000000000015088780000000000000000000000000
0000000000000000000000000000000000093d3a088
0000000000000000000000000000000000000000000
0000000000000000000000000000000000000000000
0000000000015108b80000000000000000000000000
0000000000000000000000000000000000094542088
0000000000000000000000000000000000000000000
0000000000000000000000000000000000000000000
0000000000015188f80000000000000000000000000
0000000000000000000000000000000000094d4a088
0000000000000000000000000000000000000000000
0000000000000000000000000000000000000000000
0000000000015209380000000000000000000000000
0000000000000000000000000000000000095552088
0000000000000000000000000000000000000000000
0000000000000000000000000000000000000000000
0000000000015289780000000000000000000000000
0000000000000000000000000000000000095d5a088
0000000000000000000000000000000000000000000
0000000000000000000000000000000000000000000
0000000000015309b80000000000000000000000000
0000000000000000000000000000000000096562088
0000000000000000000000000000000000000000000
0000000000000000000000000000000000000000000
0000000000015389f80000000000000000000000000
0000000000000000000000000000000000096d6a088
0000000000000000000000000000000000000000000
0000000000000000000000000000000000000000000
000000000001540a380000000000000000000000000
0000000000000000000000000000000000097572088
0000000000000000000000000000000000000000000
0000000000000000000000000000000000000000000
000000000001548a780000000000000000000000000
0000000000000000000000000000000000097d7a088
0000000000000000000000000000000000000000000
0000000000000000000000000000000000000000000
000000000001550ab80000000000000000000000000
0000000000000000000000000000000000098582088
0000000000000000000000000000000000000000000
0000000000000000000000000000000000000000000
000000000001558af80000000000000000000000000
0000000000000000000000000000000000098d8a088
0000000000000000000000000000000000000000000
0000000000000000000000000000000000000000000
000000000001560b380000000000000000000000000
0000000000000000000000000000000000099592088
0000000000000000000000000000000000000000000
0000000000000000000000000000000000000000000
000000000001568b780000000000000000000000000
0000000000000000000000000000000000099d9a088
0000000000000000000000000000000000000000000
0000000000000000000000000000000000000000000
000000000001570bb80000000000000000000000000
000000000000000000000000000000000009a5a2088
0000000000000000000000000000000000000000000
0000000000000000000000000000000000000000000
000000000001578bf80000000000000000000000000
000000000000000000000000000000000009adaa088
0000000000000000000000000000000000000000000
0000000000000000000000000000000000000000000
000000000001580c380000000000000000000000000
000000000000000000000000000000000009b5b2088
0000000000000000000000000000000000000000000
0000000000000000000000000000000000000000000
000000000001588c780000000000000000000000000
000000000000000000000000000000000009bdba088
0000000000000000000000000000000000000000000
0000000000000000000000000000000000000000000
000000000001590cb80000000000000000000000000
000000000000000000000000000000000009c5c2088
0000000000000000000000000000000000000000000
0000000000000000000000000000000000000000000
000000000001598cf80000000000000000000000000
000000000000000000000000000000000009cdca088
0000000000000000000000000000000000000000000
0000000000000000000000000000000000000000000
0000000000015a0d380000000000000000000000000
000000000000000000000000000000000009d5d2088
0000000000000000000000000000000000000000000
0000000000000000000000000000000000000000000
0000000000015a8d780000000000000000000000000
000000000000000000000000000000000009ddda088
0000000000000000000000000000000000000000000
0000000000000000000000000000000000000000000
0000000000015b0db80000000000000000000000000
000000000000000000000000000000000009e5e2088
0000000000000000000000000000000000000000000
0000000000000000000000000000000000000000000
0000000000015b8df80000000000000000000000000
000000000000000000000000000000000009edea088
0000000000000000000000000000000000000000000
0000000000000000000000000000000000000000000
0000000000015c0e380000000000000000000000000
000000000000000000000000000000000009f5f2088
0000000000000000000000000000000000000000000
0000000000000000000000000000000000000000000
0000000000015c8e780000000000000000000000000
000000000000000000000000000000000009fdfa088
0000000000000000000000000000000000000000000
0000000000000000000000000000000000000000000
0000000000015d0eb80000000000000000000000000
00000000000000000000000000000000000a0602088
0000000000000000000000000000000000000000000
0000000000000000000000000000000000000000000
0000000000015d8ef80000000000000000000000000
00000000000000000000000000000000000a0e0a088
0000000000000000000000000000000000000000000
0000000000000000000000000000000000000000000
0000000000015e0f380000000000000000000000000
00000000000000000000000000000000000a1612088
0000000000000000000000000000000000000000000
0000000000000000000000000000000000000000000
0000000000015e8f780000000000000000000000000
00000000000000000000000000000000000a1e1a088
0000000000000000000000000000000000000000000
0000000000000000000000000000000000000000000
0000000000015f0fb80000000000000000000000000
00000000000000000000000000000000000a2622088
0000000000000000000000000000000000000000000
0000000000000000000000000000000000000000000
0000000000015f8ff80000000000000000000000000
00000000000000000000000000000000000a2e2a088
0000000000000000000000000000000000000000000
0000000000000000000000000000000000000000000
0000000000016010380000000000000000000000000
00000000000000000000000000000000000a3632088
0000000000000000000000000000000000000000000
0000000000000000000000000000000000000000000
0000000000016090780000000000000000000000000
00000000000000000000000000000000000a3e3a088
0000000000000000000000000000000000000000000
0000000000000000000000000000000000000000000
0000000000016110b80000000000000000000000000
00000000000000000000000000000000000a4642088
0000000000000000000000000000000000000000000
0000000000000000000000000000000000000000000
0000000000016190f80000000000000000000000000
00000000000000000000000000000000000a4e4a088
0000000000000000000000000000000000000000000
0000000000000000000000000000000000000000000
0000000000016211380000000000000000000000000
00000000000000000000000000000000000a5652088
0000000000000000000000000000000000000000000
0000000000000000000000000000000000000000000
0000000000016291780000000000000000000000000
00000000000000000000000000000000000a5e5a088
0000000000000000000000000000000000000000000
0000000000000000000000000000000000000000000
0000000000016311b80000000000000000000000000
00000000000000000000000000000000000a6662088
0000000000000000000000000000000000000000000
0000000000000000000000000000000000000000000
0000000000016391f80000000000000000000000000
00000000000000000000000000000000000a6e6a088
0000000000000000000000000000000000000000000
0000000000000000000000000000000000000000000
0000000000016412380000000000000000000000000
00000000000000000000000000000000000a7672088
0000000000000000000000000000000000000000000
0000000000000000000000000000000000000000000
0000000000016492780000000000000000000000000
00000000000000000000000000000000000a7e7a088
0000000000000000000000000000000000000000000
0000000000000000000000000000000000000000000
0000000000016512b80000000000000000000000000
00000000000000000000000000000000000a8682088
0000000000000000000000000000000000000000000
0000000000000000000000000000000000000000000
0000000000016592f80000000000000000000000000
00000000000000000000000000000000000a8e8a088
0000000000000000000000000000000000000000000
0000000000000000000000000000000000000000000
0000000000016613380000000000000000000000000
00000000000000000000000000000000000a9692088
0000000000000000000000000000000000000000000
0000000000000000000000000000000000000000000
0000000000016693780000000000000000000000000
00000000000000000000000000000000000a9e9a088
0000000000000000000000000000000000000000000
0000000000000000000000000000000000000000000
0000000000016713b80000000000000000000000000
00000000000000000000000000000000000aa6a2088
0000000000000000000000000000000000000000000
0000000000000000000000000000000000000000000
0000000000016793f80000000000000000000000000
00000000000000000000000000000000000aaeaa088
0000000000000000000000000000000000000000000
0000000000000000000000000000000000000000000
0000000000016814380000000000000000000000000
00000000000000000000000000000000000ab6b2088
0000000000000000000000000000000000000000000
0000000000000000000000000000000000000000000
0000000000016894780000000000000000000000000
00000000000000000000000000000000000abeba088
0000000000000000000000000000000000000000000
0000000000000000000000000000000000000000000
0000000000016914b80000000000000000000000000
00000000000000000000000000000000000ac6c2088
0000000000000000000000000000000000000000000
0000000000000000000000000000000000000000000
0000000000016994f80000000000000000000000000
00000000000000000000000000000000000aceca088
0000000000000000000000000000000000000000000
0000000000000000000000000000000000000000000
0000000000016a15380000000000000000000000000
00000000000000000000000000000000000ad6d2088
0000000000000000000000000000000000000000000
0000000000000000000000000000000000000000000
0000000000016a95780000000000000000000000000
00000000000000000000000000000000000adeda088
0000000000000000000000000000000000000000000
0000000000000000000000000000000000000000000
0000000000016b15b80000000000000000000000000
00000000000000000000000000000000000ae6e2088
0000000000000000000000000000000000000000000
0000000000000000000000000000000000000000000
0000000000016b95f80000000000000000000000000
00000000000000000000000000000000000aeeea088
0000000000000000000000000000000000000000000
0000000000000000000000000000000000000000000
0000000000016c16380000000000000000000000000
00000000000000000000000000000000000af6f2088
0000000000000000000000000000000000000000000
0000000000000000000000000000000000000000000
0000000000016c96780000000000000000000000000
00000000000000000000000000000000000afefa088
0000000000000000000000000000000000000000000
0000000000000000000000000000000000000000000
0000000000016d16b80000000000000000000000000
00000000000000000000000000000000000b0702088
0000000000000000000000000000000000000000000
0000000000000000000000000000000000000000000
0000000000016d96f80000000000000000000000000
00000000000000000000000000000000000b0f0a088
0000000000000000000000000000000000000000000
0000000000000000000000000000000000000000000
0000000000016e17380000000000000000000000000
00000000000000000000000000000000000b1712088
0000000000000000000000000000000000000000000
0000000000000000000000000000000000000000000
0000000000016e97780000000000000000000000000
00000000000000000000000000000000000b1f1a088
0000000000000000000000000000000000000000000
0000000000000000000000000000000000000000000
0000000000016f17b80000000000000000000000000
00000000000000000000000000000000000b2722088
0000000000000000000000000000000000000000000
0000000000000000000000000000000000000000000
0000000000016f97f80000000000000000000000000
00000000000000000000000000000000000b2f2a088
0000000000000000000000000000000000000000000
0000000000000000000000000000000000000000000
0000000000017018380000000000000000000000000
00000000000000000000000000000000000b3732088
0000000000000000000000000000000000000000000
0000000000000000000000000000000000000000000
0000000000017098780000000000000000000000000
00000000000000000000000000000000000b3f3a088
0000000000000000000000000000000000000000000
0000000000000000000000000000000000000000000
0000000000017118b80000000000000000000000000
00000000000000000000000000000000000b4742088
0000000000000000000000000000000000000000000
0000000000000000000000000000000000000000000
0000000000017198f80000000000000000000000000
00000000000000000000000000000000000b4f4a088
0000000000000000000000000000000000000000000
0000000000000000000000000000000000000000000
0000000000017219380000000000000000000000000
00000000000000000000000000000000000b5752088
0000000000000000000000000000000000000000000
0000000000000000000000000000000000000000000
0000000000017299780000000000000000000000000
00000000000000000000000000000000000b5f5a088
0000000000000000000000000000000000000000000
0000000000000000000000000000000000000000000
0000000000017319b80000000000000000000000000
00000000000000000000000000000000000b6762088
0000000000000000000000000000000000000000000
0000000000000000000000000000000000000000000
0000000000017399f80000000000000000000000000
00000000000000000000000000000000000b6f6a088
0000000000000000000000000000000000000000000
0000000000000000000000000000000000000000000
000000000001741a380000000000000000000000000
00000000000000000000000000000000000b7772088
0000000000000000000000000000000000000000000
0000000000000000000000000000000000000000000
000000000001749a780000000000000000000000000
00000000000000000000000000000000000b7f7a088
0000000000000000000000000000000000000000000
0000000000000000000000000000000000000000000
000000000001751ab80000000000000000000000000
00000000000000000000000000000000000b8782088
0000000000000000000000000000000000000000000
0000000000000000000000000000000000000000000
000000000001759af80000000000000000000000000
00000000000000000000000000000000000b8f8a088
0000000000000000000000000000000000000000000
0000000000000000000000000000000000000000000
000000000001761b380000000000000000000000000
00000000000000000000000000000000000b9792088
0000000000000000000000000000000000000000000
0000000000000000000000000000000000000000000
000000000001769b780000000000000000000000000
00000000000000000000000000000000000b9f9a088
0000000000000000000000000000000000000000000
0000000000000000000000000000000000000000000
000000000001771bb80000000000000000000000000
00000000000000000000000000000000000ba7a2088
0000000000000000000000000000000000000000000
0000000000000000000000000000000000000000000
000000000001779bf80000000000000000000000000
00000000000000000000000000000000000bafaa088
0000000000000000000000000000000000000000000
0000000000000000000000000000000000000000000
000000000001781c380000000000000000000000000
00000000000000000000000000000000000bb7b2088
0000000000000000000000000000000000000000000
0000000000000000000000000000000000000000000
000000000001789c780000000000000000000000000
00000000000000000000000000000000000bbfba088
0000000000000000000000000000000000000000000
0000000000000000000000000000000000000000000
000000000001791cb80000000000000000000000000
00000000000000000000000000000000000bc7c2088
0000000000000000000000000000000000000000000
0000000000000000000000000000000000000000000
000000000001799cf80000000000000000000000000
00000000000000000000000000000000000bcfca088
0000000000000000000000000000000000000000000
0000000000000000000000000000000000000000000
0000000000017a1d380000000000000000000000000
00000000000000000000000000000000000bd7d2088
0000000000000000000000000000000000000000000
0000000000000000000000000000000000000000000
0000000000017a9d780000000000000000000000000
00000000000000000000000000000000000bdfda088
0000000000000000000000000000000000000000000
0000000000000000000000000000000000000000000
0000000000017b1db80000000000000000000000000
00000000000000000000000000000000000be7e2088
0000000000000000000000000000000000000000000
0000000000000000000000000000000000000000000
0000000000017b9df80000000000000000000000000
00000000000000000000000000000000000befea088
0000000000000000000000000000000000000000000
0000000000000000000000000000000000000000000
0000000000017c1e380000000000000000000000000
00000000000000000000000000000000000bf7f2088
0000000000000000000000000000000000000000000
0000000000000000000000000000000000000000000
0000000000017c9e780000000000000000000000000
00000000000000000000000000000000000bfffa088
0000000000000000000000000000000000000000000
0000000000000000000000000000000000000000000
0000000000017d1eb80000000000000000000000000
0000000000000000000000000000000000000000000
0000000000000000000000000000000000000000000
0000000000000000000000000000000000000000000
0000000000017d9ef80000000000000000000000000
0000000000000000000000000000000000000000000
0000000000000000000000000000000000000000000
0000000000000000000000000000000000000000000
0000000000017e1f380000000000000000000000000
0000000000000000000000000000000000000000000
0000000000000000000000000000000000000000000
0000000000000000000000000000000000000000000
0000000000017e9f780000000000000000000000000
0000000000000000000000000000000000000000000
0000000000000000000000000000000000000000000
0000000000000000000000000000000000000000000
0000000000017f1fb80000000000000000000000000
0000000000000000000000000000000000000000000
0000000000000000000000000000000000000000000
0000000000000000000000000000000000000000000
0000000000017f9ff80000000000000000000000000
0000000000000000000000000000000000000000001
