000000003 000000000 000000000 000000000 000000000 0
00000100b 000000000 000000000 000000000 000000000 0
000002013 000000000 000000000 000000000 000000000 0
00000301b 000000000 000000000 000000000 040201044 0
000004023 000000000 000000000 000000000 000000000 0
00000502b 000000000 000000000 000000000 000000000 0
000006033 000000000 000000000 000000000 000000000 0
00000703b 000000000 000000000 000000000 040605044 0
000008043 000000000 000000000 000000000 000000000 0
00000904b 000000000 000000000 000000000 000000000 0
00000a053 000000000 000000000 000000000 000000000 0
00000b05b 000000000 000000000 000000000 040a09044 0
00000c063 000000000 000000000 000000000 000000000 0
00000d06b 000000000 000000000 000000000 000000000 0
00000e073 000000000 000000000 000000000 000000000 0
00000f07b 000000000 000000000 000000000 040e0d044 0
000010083 000000000 000000000 000000000 000000000 0
00001108b 000000000 000000000 000000000 000000000 0
000012093 000000000 000000000 000000000 000000000 0
00001309b 000000000 000000000 000000000 041211044 0
0000140a3 000000000 000000000 000000000 000000000 0
0000150ab 000000000 000000000 000000000 000000000 0
0000160b3 000000000 000000000 000000000 000000000 0
0000170bb 000000000 000000000 000000000 041615044 0
0000180c3 000000000 000000000 000000000 000000000 0
0000190cb 000000000 000000000 000000000 000000000 0
00001a0d3 000000007 000000000 000000000 000000000 0
00001b0db 000000000 000000000 000000000 041a19044 0
00001c0e3 000000000 000000000 000000000 000000000 0
00001d0eb 000000000 000000000 000000000 000000000 0
00001e0f3 00000100f 000000000 000000000 000000000 0
00001f0fb 000000000 000000000 000000000 041e1d044 0
000020103 000000000 000000000 000000000 000000000 0
00002110b 000000000 000000000 000000000 000000000 0
000022113 000002017 000000000 000000000 000000000 0
00002311b 000000000 000000000 000000000 042221044 0
000024123 000000000 000000000 000000000 000000000 0
00002512b 000000000 000000000 000000000 000000000 0
000026133 00000301f 000000000 000000000 000000000 0
00002713b 000000000 000000000 000000000 042625044 0
000028143 000000000 000000000 000000000 000000000 0
00002914b 000000000 000000000 000000000 000000000 0
00002a153 000004027 000000000 000000000 000000000 0
00002b15b 000000000 000000000 000000000 042a29044 0
00002c163 000000000 000000000 000000000 000000000 0
00002d16b 000000000 000000000 000000000 000000000 0
00002e173 00000502f 000000000 000000000 000000000 0
00002f17b 000000000 000000000 000000000 042e2d044 0
000030183 000000000 000000000 000000000 000000000 0
00003118b 000000000 000000000 000000000 000000000 0
000032193 000006037 000000000 000000000 000000000 0
00003319b 000000000 000000000 000000000 043231044 0
0000341a3 000000000 000000000 000000000 000000000 0
0000351ab 000000000 000000000 000000000 000000000 0
0000361b3 00000703f 000000000 000000000 000000000 0
0000371bb 000000000 000000000 000000000 043635044 0
0000381c3 000000000 000000000 000000000 000000000 0
0000391cb 000000000 000000000 000000000 000000000 0
00003a1d3 000008047 000000000 000000000 000000000 0
00003b1db 000000000 000000000 000000000 043a39044 0
00003c1e3 000000000 000000000 000000000 000000000 0
00003d1eb 000000000 000000000 000000000 000000000 0
00003e1f3 00000904f 000000000 000000000 000000000 0
00003f1fb 000000000 000000000 000000000 043e3d044 0
000040203 000000000 000000000 000000000 000000000 0
00004120b 000000000 000000000 000000000 000000000 0
000042213 00000a057 000000000 000000000 000000000 0
00004321b 000000000 000000000 000000000 044241044 0
000044223 000000000 000000000 000000000 000000000 0
00004522b 000000000 000000000 000000000 000000000 0
000046233 00000b05f 000000000 000000000 000000000 0
00004723b 000000000 000000000 000000000 044645044 0
000048243 000000000 000000000 000000000 000000000 0
00004924b 000000000 000000000 000000000 000000000 0
00004a253 00000c067 000000000 000000000 000000000 0
00004b25b 000000000 000000000 000000000 044a49044 0
00004c263 000000000 000000000 000000000 000000000 0
00004d26b 000000000 000000000 000000000 000000000 0
00004e273 00000d06f 000000000 000000000 000000000 0
00004f27b 000000000 000000000 000000000 044e4d044 0
000050283 000000000 000000000 000000000 000000000 0
00005128b 000000000 000000000 000000000 000000000 0
000052293 00000e077 000000000 000000000 000000000 0
00005329b 000000000 000000000 000000000 045251044 0
0000542a3 000000000 000000000 000000000 000000000 0
0000552ab 000000000 000000000 000000000 000000000 0
0000562b3 00000f07f 000000000 000000000 000000000 0
0000572bb 000000000 000000000 000000000 045655044 0
0000582c3 000000000 000000000 000000000 000000000 0
0000592cb 000000000 000000000 000000000 000000000 0
00005a2d3 000010087 000000000 000000000 000000000 0
00005b2db 000000000 000000000 000000000 045a59044 0
00005c2e3 000000000 000000000 000000000 000000000 0
00005d2eb 000000000 000000000 000000000 000000000 0
00005e2f3 00001108f 000000000 000000000 000000000 0
00005f2fb 000000000 000000000 000000000 045e5d044 0
000060303 000000000 000000000 000000000 000000000 0
00006130b 000000000 000000000 000000000 000000000 0
000062313 000012097 000000000 000000000 000000000 0
00006331b 000000000 000000000 000000000 046261044 0
000064323 000000000 000000000 000000000 000000000 0
00006532b 000000000 000000000 000000000 000000000 0
000066333 00001309f 000000000 000000000 000000000 0
00006733b 000000000 000000000 000000000 046665044 0
000068343 000000000 000000000 000000000 000000000 0
00006934b 000000000 000000000 000000000 000000000 0
00006a353 0000140a7 000000000 000000000 000000000 0
00006b35b 000000000 000000000 000000000 046a69044 0
00006c363 000000000 000000000 000000000 000000000 0
00006d36b 000000000 000000000 000000000 000000000 0
00006e373 0000150af 000000000 000000000 000000000 0
00006f37b 000000000 000000000 000000000 046e6d044 0
000070383 000000000 000000000 000000000 000000000 0
00007138b 000000000 000000000 000000000 000000000 0
000072393 0000160b7 000000000 000000000 000000000 0
00007339b 000000000 000000000 000000000 047271044 0
0000743a3 000000000 000000000 000000000 000000000 0
0000753ab 000000000 000000000 000000000 000000000 0
0000763b3 0000170bf 000000000 000000000 000000000 0
0000773bb 000000000 000000000 000000000 047675044 0
0000783c3 000000000 000000000 000000000 000000000 0
0000793cb 000000000 000000000 000000000 000000000 0
00007a3d3 0000180c7 000000000 000000000 000000000 0
00007b3db 000000000 000000000 000000000 047a79044 0
00007c3e3 000000000 000000000 000000000 000000000 0
00007d3eb 000000000 000000000 000000000 000000000 0
00007e3f3 0000190cf 000000000 000000000 000000000 0
00007f3fb 000000000 000000000 000000000 047e7d044 0
000080003 000000000 000000000 000000000 000000000 0
00008100b 000000000 000000000 000000000 000000000 0
000082013 00001a0d7 000000000 000000000 000000000 0
00008301b 000000000 000000000 000000000 048281044 0
000084023 000000000 000000000 000000000 000000000 0
00008502b 000000000 000000000 000000000 000000000 0
000086033 00001b0df 000000000 000000000 000000000 0
00008703b 000000000 000000000 000000000 048685044 0
000088043 000000000 000000000 000000000 000000000 0
00008904b 000000000 000000000 000000000 000000000 0
00008a053 00001c0e7 000000000 000000000 000000000 0
00008b05b 000000000 000000000 000000000 048a89044 0
00008c063 000000000 000000000 000000000 000000000 0
00008d06b 000000000 000000000 000000000 000000000 0
00008e073 00001d0ef 000000000 000000000 000000000 0
00008f07b 000000000 000000000 000000000 048e8d044 0
000000000 000000000 000000000 000000000 000000000 0
000000000 000000000 000000000 000000000 000000000 0
000000000 00001e0f7 000000000 000000000 000000000 0
000000000 000000000 000000000 000000000 049291044 0
000000000 000000000 000000000 000000000 000000000 0
000000000 000000000 000000000 000000000 000000000 0
000000000 00001f0ff 000000000 000000000 000000000 0
000000000 000000000 000000000 000000000 049695044 0
000000000 000000000 000000000 000000000 000000000 0
000000000 000000000 000000000 000000000 000000000 0
000000000 000020107 000000000 000000000 000000000 0
000000000 000000000 000000000 000000000 049a99044 0
000000000 000000000 000000000 000000000 000000000 0
000000000 000000000 000000000 000000000 000000000 0
000000000 00002110f 000000000 000000000 000000000 0
000000000 000000000 000000000 000000000 049e9d044 0
000000000 000000000 000000000 000000000 000000000 0
000000000 000000000 000000000 000000000 000000000 0
000000000 000022117 000000000 000000000 000000000 0
000000000 000000000 000000000 000000000 04a2a1044 0
000000000 000000000 000000000 000000000 000000000 0
000000000 000000000 000000000 000000000 000000000 0
000090083 00002311f 000000000 000000000 000000000 0
00009108b 000000000 000000000 000000000 04a6a5044 0
000092093 000000000 000000000 000000000 000000000 0
00009309b 000000000 000000000 000000000 000000000 0
0000940a3 000024127 000000000 000000000 000000000 0
0000950ab 000000000 000000000 000000000 04aaa9044 0
0000960b3 000000000 000000000 000000000 000000000 0
0000970bb 000000000 000000000 000000000 000000000 0
0000980c3 00002512f 000000000 000000000 000000000 0
0000990cb 000000000 000000000 000000000 04aead044 0
00009a0d3 000000000 000000000 000000000 000000000 0
00009b0db 000000000 000000000 000000000 000000000 0
000000000 000026137 000000000 000000000 000000000 0
000000000 000000000 000000000 000000000 04b2b1044 0
000000000 000000000 000000000 000000000 000000000 0
000000000 000000000 000000000 000000000 000000000 0
000000000 00002713f 000000000 000000000 000000000 0
000000000 000000000 000000000 000000000 04b6b5044 0
000000000 000000000 000000000 000000000 000000000 0
000000000 000000000 000000000 000000000 000000000 0
000000000 000028147 000000000 000000000 000000000 0
000000000 000000000 000000000 000000000 04bab9044 0
000000000 000000000 000000000 000000000 000000000 0
000000000 000000000 000000000 000000000 000000000 0
000000000 00002914f 000000000 000000000 000000000 0
000000000 000000000 000000000 000000000 04bebd044 0
000000000 000000000 000000000 000000000 000000000 0
000000000 000000000 000000000 000000000 000000000 0
000000000 00002a157 000000000 000000000 000000000 0
000000000 000000000 000000000 000000000 04c2c1044 0
000000000 000000000 000000000 000000000 000000000 0
000000000 000000000 000000000 000000000 000000000 0
000000000 00002b15f 000000000 000000000 000000000 0
000000000 000000000 000000000 000000000 04c6c5044 0
000000000 000000000 000000000 000000000 000000000 0
000000000 000000000 000000000 000000000 000000000 0
000000000 00002c167 000000000 000000000 000000000 0
000000000 000000000 000000000 000000000 04cac9044 0
000000000 000000000 000000000 000000000 000000000 0
000000000 000000000 000000000 000000000 000000000 0
000000000 00002d16f 000000000 000000000 000000000 0
000000000 000000000 000000000 000000000 04cecd044 0
000000000 000000000 000000000 000000000 000000000 0
000000000 000000000 000000000 000000000 000000000 0
000000000 00002e177 000000000 000000000 000000000 0
000000000 000000000 000000000 000000000 04d2d1044 0
000000000 000000000 000000000 000000000 000000000 0
000000000 000000000 000000000 000000000 000000000 0
00009c0e3 00002f17f 000000000 000000000 000000000 0
00009d0eb 000000000 000000000 000000000 04d6d5044 0
00009e0f3 000000000 000000000 000000000 000000000 0
00009f0fb 000000000 000000000 000000000 000000000 0
0000a0103 000030187 000000000 000000000 000000000 0
0000a110b 000000000 000000000 000000000 04dad9044 0
0000a2113 000000000 000000000 000000000 000000000 0
0000a311b 000000000 000000000 000000000 000000000 0
0000a4123 00003118f 000000000 000000000 000000000 0
0000a512b 000000000 000000000 000000000 04dedd044 0
0000a6133 000000000 000000000 000000000 000000000 0
0000a713b 000000000 000000000 000000000 000000000 0
000000000 000032197 000000000 000000000 000000000 0
000000000 000000000 000000000 000000000 04e2e1044 0
000000000 000000000 000000000 000000000 000000000 0
000000000 000000000 000000000 000000000 000000000 0
000000000 00003319f 000000000 000000000 000000000 0
000000000 000000000 000000000 000000000 04e6e5044 0
000000000 000000000 000000000 000000000 000000000 0
000000000 000000000 000000000 000000000 000000000 0
000000000 0000341a7 000000000 000000000 000000000 0
000000000 000000000 000000000 000000000 04eae9044 0
000000000 000000000 000000000 000000000 000000000 0
000000000 000000000 000000000 000000000 000000000 0
000000000 0000351af 000000000 000000000 000000000 0
000000000 000000000 000000000 000000000 04eeed044 0
000000000 000000000 000000000 000000000 000000000 0
000000000 000000000 000000000 000000000 000000000 0
000000000 0000361b7 000000000 000000000 000000000 0
000000000 000000000 000000000 000000000 04f2f1044 0
000000000 000000000 000000000 000000000 000000000 0
000000000 000000000 000000000 000000000 000000000 0
000000000 0000371bf 000000000 000000000 000000000 0
000000000 000000000 000000000 000000000 04f6f5044 0
000000000 000000000 000000000 000000000 000000000 0
000000000 000000000 000000000 000000000 000000000 0
000000000 0000381c7 000000000 000000000 000000000 0
000000000 000000000 000000000 000000000 04faf9044 0
000000000 000000000 000000000 000000000 000000000 0
000000000 000000000 000000000 000000000 000000000 0
000000000 0000391cf 000000000 000000000 000000000 0
000000000 000000000 000000000 000000000 04fefd044 0
000000000 000000000 000000000 000000000 000000000 0
000000000 000000000 000000000 000000000 000000000 0
000000000 00003a1d7 000000000 000000000 000000000 0
000000000 000000000 000000000 000000000 050301044 0
000000000 000000000 000000000 000000000 000000000 0
000000000 000000000 000000000 000000000 000000000 0
0000a8143 00003b1df 000000000 000000000 000000000 0
0000a914b 000000000 000000000 000000000 050705044 0
0000aa153 000000000 000000000 000000000 000000000 0
0000ab15b 000000000 000000000 000000000 000000000 0
0000ac163 00003c1e7 000000000 000000000 000000000 0
0000ad16b 000000000 000000000 000000000 050b09044 0
0000ae173 000000000 000000000 000000000 000000000 0
0000af17b 000000000 000000000 000000000 000000000 0
0000b0183 00003d1ef 000000000 000000000 000000000 0
0000b118b 000000000 000000000 000000000 050f0d044 0
0000b2193 000000000 000000000 000000000 000000000 0
0000b319b 000000000 000000000 000000000 000000000 0
000000000 00003e1f7 000000000 000000000 000000000 0
000000000 000000000 000000000 000000000 051311044 0
000000000 000000000 000000000 000000000 000000000 0
000000000 000000000 000000000 000000000 000000000 0
000000000 00003f1ff 000000000 000000000 000000000 0
000000000 000000000 000000000 000000000 051715044 0
000000000 000000000 000000000 000000000 000000000 0
000000000 000000000 000000000 000000000 000000000 0
000000000 000040207 000000000 000000000 000000000 0
000000000 000000000 000000000 000000000 051b19044 0
000000000 000000000 000000000 000000000 000000000 0
000000000 000000000 000000000 000000000 000000000 0
000000000 00004120f 000000000 000000000 000000000 0
000000000 000000000 000000000 000000000 051f1d044 0
000000000 000000000 000000000 000000000 000000000 0
000000000 000000000 000000000 000000000 000000000 0
000000000 000042217 000000000 000000000 000000000 0
000000000 000000000 000000000 000000000 052321044 0
000000000 000000000 000000000 000000000 000000000 0
000000000 000000000 000000000 000000000 000000000 0
000000000 00004321f 000000000 000000000 000000000 0
000000000 000000000 000000000 000000000 052725044 0
000000000 000000000 000000000 000000000 000000000 0
000000000 000000000 000000000 000000000 000000000 0
000000000 000044227 000000000 000000000 000000000 0
000000000 000000000 000000000 000000000 052b29044 0
000000000 000000000 000000000 000000000 000000000 0
000000000 000000000 000000000 000000000 000000000 0
000000000 00004522f 000000000 000000000 000000000 0
000000000 000000000 000000000 000000000 052f2d044 0
000000000 000000000 000000000 000000000 000000000 0
000000000 000000000 000000000 000000000 000000000 0
000000000 000046237 000000000 000000000 000000000 0
000000000 000000000 000000000 000000000 053331044 0
000000000 000000000 000000000 000000000 000000000 0
000000000 000000000 000000000 000000000 000000000 0
0000b41a3 00004723f 000000000 000000000 000000000 0
0000b51ab 000000000 000000000 000000000 053735044 0
0000b61b3 000000000 000000000 000000000 000000000 0
0000b71bb 000000000 000000000 000000000 000000000 0
0000b81c3 000048247 000000000 000000000 000000000 0
0000b91cb 000000000 000000000 000000000 053b39044 0
0000ba1d3 000000000 000000000 000000000 000000000 0
0000bb1db 000000000 000000000 000000000 000000000 0
0000bc1e3 00004924f 000000000 000000000 000000000 0
0000bd1eb 000000000 000000000 000000000 053f3d044 0
0000be1f3 000000000 000000000 000000000 000000000 0
0000bf1fb 000000000 000000000 000000000 000000000 0
000000000 00004a257 000000000 000000000 000000000 0
000000000 000000000 000000000 000000000 054341044 0
000000000 000000000 000000000 000000000 000000000 0
000000000 000000000 000000000 000000000 000000000 0
000000000 00004b25f 000000000 000000000 000000000 0
000000000 000000000 000000000 000000000 054745044 0
000000000 000000000 000000000 000000000 000000000 0
000000000 000000000 000000000 000000000 000000000 0
000000000 00004c267 000000000 000000000 000000000 0
000000000 000000000 000000000 000000000 054b49044 0
000000000 000000000 000000000 000000000 000000000 0
000000000 000000000 000000000 000000000 000000000 0
000000000 00004d26f 000000000 000000000 000000000 0
000000000 000000000 000000000 000000000 054f4d044 0
000000000 000000000 000000000 000000000 000000000 0
000000000 000000000 000000000 000000000 000000000 0
000000000 00004e277 000000000 000000000 000000000 0
000000000 000000000 000000000 000000000 055351044 0
000000000 000000000 000000000 000000000 000000000 0
000000000 000000000 000000000 000000000 000000000 0
000000000 00004f27f 000000000 000000000 000000000 0
000000000 000000000 000000000 000000000 055755044 0
000000000 000000000 000000000 000000000 000000000 0
000000000 000000000 000000000 000000000 000000000 0
000000000 000050287 000000000 000000000 000000000 0
000000000 000000000 000000000 000000000 055b59044 0
000000000 000000000 000000000 000000000 000000000 0
000000000 000000000 000000000 000000000 000000000 0
000000000 00005128f 000000000 000000000 000000000 0
000000000 000000000 000000000 000000000 055f5d044 0
000000000 000000000 000000000 000000000 000000000 0
000000000 000000000 000000000 000000000 000000000 0
000000000 000052297 000000000 000000000 000000000 0
000000000 000000000 000000000 000000000 056361044 0
000000000 000000000 000000000 000000000 000000000 0
000000000 000000000 000000000 000000000 000000000 0
0000c0203 00005329f 000000000 000000000 000000000 0
0000c120b 000000000 000000000 000000000 056765044 0
0000c2213 000000000 000000000 000000000 000000000 0
0000c321b 000000000 000000000 000000000 000000000 0
0000c4223 0000542a7 000000000 000000000 000000000 0
0000c522b 000000000 000000000 000000000 056b69044 0
0000c6233 000000000 000000000 000000000 000000000 0
0000c723b 000000000 000000000 000000000 000000000 0
0000c8243 0000552af 000000000 000000000 000000000 0
0000c924b 000000000 000000000 000000000 056f6d044 0
0000ca253 000000000 000000000 000000000 000000000 0
0000cb25b 000000000 000000000 000000000 000000000 0
000000000 0000562b7 000000000 000000000 000000000 0
000000000 000000000 000000000 000000000 057371044 0
000000000 000000000 000000000 000000000 000000000 0
000000000 000000000 000000000 000000000 000000000 0
000000000 0000572bf 000000000 000000000 000000000 0
000000000 000000000 000000000 000000000 057775044 0
000000000 000000000 000000000 000000000 000000000 0
000000000 000000000 000000000 000000000 000000000 0
000000000 0000582c7 000000000 000000000 000000000 0
000000000 000000000 000000000 000000000 057b79044 0
000000000 000000000 000000000 000000000 000000000 0
000000000 000000000 000000000 000000000 000000000 0
000000000 0000592cf 000000000 000000000 000000000 0
000000000 000000000 000000000 000000000 057f7d044 0
000000000 000000000 000000000 000000000 000000000 0
000000000 000000000 000000000 000000000 000000000 0
000000000 00005a2d7 000000000 000000000 000000000 0
000000000 000000000 000000000 000000000 058381044 0
000000000 000000000 000000000 000000000 000000000 0
000000000 000000000 000000000 000000000 000000000 0
000000000 00005b2df 000000000 000000000 000000000 0
000000000 000000000 000000000 000000000 058785044 0
000000000 000000000 000000000 000000000 000000000 0
000000000 000000000 000000000 000000000 000000000 0
000000000 00005c2e7 000000000 000000000 000000000 0
000000000 000000000 000000000 000000000 058b89044 0
000000000 000000000 000000000 000000000 000000000 0
000000000 000000000 000000000 000000000 000000000 0
000000000 00005d2ef 000000000 000000000 000000000 0
000000000 000000000 000000000 000000000 058f8d044 0
000000000 000000000 000000000 000000000 000000000 0
000000000 000000000 000000000 000000000 000000000 0
000000000 00005e2f7 000000000 000000000 000000000 0
000000000 000000000 000000000 000000000 059391044 0
000000000 000000000 000000000 000000000 000000000 0
000000000 000000000 000000000 000000000 000000000 0
0000cc263 00005f2ff 000000000 000000000 000000000 0
0000cd26b 000000000 000000000 000000000 059795044 0
0000ce273 000000000 000000000 000000000 000000000 0
0000cf27b 000000000 000000000 000000000 000000000 0
0000d0283 000060307 000000000 000000000 000000000 0
0000d128b 000000000 000000000 000000000 059b99044 0
0000d2293 000000000 000000000 000000000 000000000 0
0000d329b 000000000 000000000 000000000 000000000 0
0000d42a3 00006130f 000000000 000000000 000000000 0
0000d52ab 000000000 000000000 000000000 059f9d044 0
0000d62b3 000000000 000000000 000000000 000000000 0
0000d72bb 000000000 000000000 000000000 000000000 0
000000000 000062317 000000000 000000000 000000000 0
000000000 000000000 000000000 000000000 05a3a1044 0
000000000 000000000 000000000 000000000 000000000 0
000000000 000000000 000000000 000000000 000000000 0
000000000 00006331f 000000000 000000000 000000000 0
000000000 000000000 000000000 000000000 05a7a5044 0
000000000 000000000 000000000 000000000 000000000 0
000000000 000000000 000000000 000000000 000000000 0
000000000 000064327 000000000 000000000 000000000 0
000000000 000000000 000000000 000000000 05aba9044 0
000000000 000000000 000000000 000000000 000000000 0
000000000 000000000 000000000 000000000 000000000 0
000000000 00006532f 000000000 000000000 000000000 0
000000000 000000000 000000000 000000000 05afad044 0
000000000 000000000 000000000 000000000 000000000 0
000000000 000000000 000000000 000000000 000000000 0
000000000 000066337 000000000 000000000 000000000 0
000000000 000000000 000000000 000000000 05b3b1044 0
000000000 000000000 000000000 000000000 000000000 0
000000000 000000000 000000000 000000000 000000000 0
000000000 00006733f 000000000 000000000 000000000 0
000000000 000000000 000000000 000000000 05b7b5044 0
000000000 000000000 000000000 000000000 000000000 0
000000000 000000000 000000000 000000000 000000000 0
000000000 000068347 000000000 000000000 000000000 0
000000000 000000000 000000000 000000000 05bbb9044 0
000000000 000000000 000000000 000000000 000000000 0
000000000 000000000 000000000 000000000 000000000 0
000000000 00006934f 000000000 000000000 000000000 0
000000000 000000000 000000000 000000000 05bfbd044 0
000000000 000000000 000000000 000000000 000000000 0
000000000 000000000 000000000 000000000 000000000 0
000000000 00006a357 000000000 000000000 000000000 0
000000000 000000000 000000000 000000000 05c3c1044 0
000000000 000000000 000000000 000000000 000000000 0
000000000 000000000 000000000 000000000 000000000 0
0000d82c3 00006b35f 000000000 000000000 000000000 0
0000d92cb 000000000 000000000 000000000 05c7c5044 0
0000da2d3 000000000 000000000 000000000 000000000 0
0000db2db 000000000 000000000 000000000 000000000 0
0000dc2e3 00006c367 000000000 000000000 000000000 0
0000dd2eb 000000000 000000000 000000000 05cbc9044 0
0000de2f3 000000000 000000000 000000000 000000000 0
0000df2fb 000000000 000000000 000000000 000000000 0
0000e0303 00006d36f 000000000 000000000 000000000 0
0000e130b 000000000 000000000 000000000 05cfcd044 0
0000e2313 000000000 000000000 000000000 000000000 0
0000e331b 000000000 000000000 000000000 000000000 0
000000000 00006e377 000000000 000000000 000000000 0
000000000 000000000 000000000 000000000 05d3d1044 0
000000000 000000000 000000000 000000000 000000000 0
000000000 000000000 000000000 000000000 000000000 0
000000000 00006f37f 000000000 000000000 000000000 0
000000000 000000000 000000000 000000000 05d7d5044 0
000000000 000000000 000000000 000000000 000000000 0
000000000 000000000 000000000 000000000 000000000 0
000000000 000070387 000000000 000000000 000000000 0
000000000 000000000 000000000 000000000 05dbd9044 0
000000000 000000000 000000000 000000000 000000000 0
000000000 000000000 000000000 000000000 000000000 0
000000000 00007138f 000000000 000000000 000000000 0
000000000 000000000 000000000 000000000 05dfdd044 0
000000000 000000000 000000000 000000000 000000000 0
000000000 000000000 000000000 000000000 000000000 0
000000000 000072397 000000000 000000000 000000000 0
000000000 000000000 000000000 000000000 05e3e1044 0
000000000 000000000 000000000 000000000 000000000 0
000000000 000000000 000000000 000000000 000000000 0
000000000 00007339f 000000000 000000000 000000000 0
000000000 000000000 000000000 000000000 05e7e5044 0
000000000 000000000 000000000 000000000 000000000 0
000000000 000000000 000000000 000000000 000000000 0
000000000 0000743a7 000000000 000000000 000000000 0
000000000 000000000 000000000 000000000 05ebe9044 0
000000000 000000000 000000000 000000000 000000000 0
000000000 000000000 000000000 000000000 000000000 0
000000000 0000753af 000000000 000000000 000000000 0
000000000 000000000 000000000 000000000 05efed044 0
000000000 000000000 000000000 000000000 000000000 0
000000000 000000000 000000000 000000000 000000000 0
000000000 0000763b7 000000000 000000000 000000000 0
000000000 000000000 000000000 000000000 05f3f1044 0
000000000 000000000 000000000 000000000 000000000 0
000000000 000000000 000000000 000000000 000000000 0
0000e4323 0000773bf 000000000 000000000 000000000 0
0000e532b 000000000 000000000 000000000 05f7f5044 0
0000e6333 000000000 000000000 000000000 000000000 0
0000e733b 000000000 000000000 000000000 000000000 0
0000e8343 0000783c7 000000000 000000000 000000000 0
0000e934b 000000000 000000000 000000000 05fbf9044 0
0000ea353 000000000 000000000 000000000 000000000 0
0000eb35b 000000000 000000000 000000000 000000000 0
0000ec363 0000793cf 000000000 000000000 000000000 0
0000ed36b 000000000 000000000 000000000 05fffd044 0
0000ee373 000000000 000000000 000000000 000000000 0
0000ef37b 000000000 000000000 000000000 000000000 0
000000000 00007a3d7 000000000 000000000 000000000 0
000000000 000000000 000000000 000000000 040201044 0
000000000 000000000 000000000 000000000 000000000 0
000000000 000000000 000000000 000000000 000000000 0
000000000 00007b3df 000000000 000000000 000000000 0
000000000 000000000 000000000 000000000 040605044 0
000000000 000000000 000000000 000000000 000000000 0
000000000 000000000 000000000 000000000 000000000 0
000000000 00007c3e7 000000000 000000000 000000000 0
000000000 000000000 000000000 000000000 040a09044 0
000000000 000000000 000000000 000000000 000000000 0
000000000 000000000 000000000 000000000 000000000 0
000000000 00007d3ef 000000000 000000000 000000000 0
000000000 000000000 000000000 000000000 040e0d044 0
000000000 000000000 000000000 000000000 000000000 0
000000000 000000000 000000000 000000000 000000000 0
000000000 00007e3f7 000000000 000000000 000000000 0
000000000 000000000 000000000 000000000 041211044 0
000000000 000000000 000000000 000000000 000000000 0
000000000 000000000 000000000 000000000 000000000 0
000000000 00007f3ff 000000000 000000000 000000000 0
000000000 000000000 000000000 000000000 041615044 0
000000000 000000000 000000000 000000000 000000000 0
000000000 000000000 000000000 000000000 000000000 0
000000000 000080007 000000000 000000000 000000000 0
000000000 000000000 000000000 000000000 041a19044 0
000000000 000000000 000000000 000000000 000000000 0
000000000 000000000 000000000 000000000 000000000 0
000000000 00008100f 000000000 000000000 000000000 0
000000000 000000000 000000000 000000000 041e1d044 0
000000000 000000000 000000000 000000000 000000000 0
000000000 000000000 000000000 000000000 000000000 0
000000000 000082017 000000000 000000000 000000000 0
000000000 000000000 000000000 000000000 042221044 0
000000000 000000000 000000000 000000000 000000000 0
000000000 000000000 000000000 000000000 000000000 0
0000f0383 00008301f 000000000 000000000 000000000 0
0000f138b 000000000 000000000 000000000 042625044 0
0000f2393 000000000 000000000 000000000 000000000 0
0000f339b 000000000 000000000 000000000 000000000 0
0000f43a3 000084027 000000000 000000000 000000000 0
0000f53ab 000000000 000000000 000000000 042a29044 0
0000f63b3 000000000 000000000 000000000 000000000 0
0000f73bb 000000000 000000000 000000000 000000000 0
0000f83c3 00008502f 000000000 000000000 000000000 0
0000f93cb 000000000 000000000 000000000 042e2d044 0
0000fa3d3 000000000 000000000 000000000 000000000 0
0000fb3db 000000000 000000000 000000000 000000000 0
000000000 000086037 000000000 000000000 000000000 0
000000000 000000000 000000000 000000000 043231044 0
000000000 000000000 000000000 000000000 000000000 0
000000000 000000000 000000000 000000000 000000000 0
000000000 00008703f 000000000 000000000 000000000 0
000000000 000000000 000000000 000000000 043635044 0
000000000 000000000 000000000 000000000 000000000 0
000000000 000000000 000000000 000000000 000000000 0
000000000 000088047 000000000 000000000 000000000 0
000000000 000000000 000000000 000000000 043a39044 0
000000000 000000000 000000000 000000000 000000000 0
000000000 000000000 000000000 000000000 000000000 0
000000000 00008904f 000000000 000000000 000000000 0
000000000 000000000 000000000 000000000 043e3d044 0
000000000 000000000 000000000 000000000 000000000 0
000000000 000000000 000000000 000000000 000000000 0
000000000 00008a057 000000000 000000000 000000000 0
000000000 000000000 000000000 000000000 044241044 0
000000000 000000000 000000000 000000000 000000000 0
000000000 000000000 000000000 000000000 000000000 0
000000000 00008b05f 000000000 000000000 000000000 0
000000000 000000000 000000000 000000000 044645044 0
000000000 000000000 000000000 000000000 000000000 0
000000000 000000000 000000000 000000000 000000000 0
000000000 00008c067 000000000 000000000 000000000 0
000000000 000000000 000000000 000000000 044a49044 0
000000000 000000000 000000000 000000000 000000000 0
000000000 000000000 000000000 000000000 000000000 0
000000000 00008d06f 000000000 000000000 000000000 0
000000000 000000000 000000000 000000000 044e4d044 0
000000000 000000000 000000000 000000000 000000000 0
000000000 000000000 000000000 000000000 000000000 0
000000000 00008e077 000000000 000000000 000000000 0
000000000 000000000 000000000 000000000 045251044 0
000000000 000000000 000000000 000000000 000000000 0
000000000 000000000 000000000 000000000 000000000 0
0000fc3e3 00008f07f 000000000 000000000 000000000 0
0000fd3eb 000000000 000000000 000000000 045655044 0
0000fe3f3 000000000 000000000 000000000 000000000 0
0000ff3fb 000000000 000000000 000000000 000000000 0
000100003 000090087 000000000 000000000 000000000 0
00010100b 000000000 000000000 000000000 045a59044 0
000102013 000000000 000000000 000000000 000000000 0
00010301b 000000000 000000000 000000000 000000000 0
000104023 00009108f 000000000 000000000 000000000 0
00010502b 000000000 000000000 000000000 045e5d044 0
000106033 000000000 000000000 000000000 000000000 0
00010703b 000000000 000000000 000000000 000000000 0
000000000 000092097 000000000 000000000 000000000 0
000000000 000000000 000000000 000000000 046261044 0
000000000 000000000 000000000 000000000 000000000 0
000000000 000000000 000000000 000000000 000000000 0
000000000 00009309f 000000000 000000000 000000000 0
000000000 000000000 000000000 000000000 046665044 0
000000000 000000000 000000000 000000000 000000000 0
000000000 000000000 000000000 000000000 000000000 0
000000000 0000940a7 000000000 000000000 000000000 0
000000000 000000000 000000000 000000000 046a69044 0
000000000 000000000 000000000 000000000 000000000 0
000000000 000000000 000000000 000000000 000000000 0
000000000 0000950af 000000000 000000000 000000000 0
000000000 000000000 000000000 000000000 046e6d044 0
000000000 000000000 000000000 000000000 000000000 0
000000000 000000000 000000000 000000000 000000000 0
000000000 0000960b7 000000000 000000000 000000000 0
000000000 000000000 000000000 000000000 047271044 0
000000000 000000000 000000000 000000000 000000000 0
000000000 000000000 000000000 000000000 000000000 0
000000000 0000970bf 000000000 000000000 000000000 0
000000000 000000000 000000000 000000000 047675044 0
000000000 000000000 000000000 000000000 000000000 0
000000000 000000000 000000000 000000000 000000000 0
000000000 0000980c7 000000000 000000000 000000000 0
000000000 000000000 000000000 000000000 047a79044 0
000000000 000000000 000000000 000000000 000000000 0
000000000 000000000 000000000 000000000 000000000 0
000000000 0000990cf 000000000 000000000 000000000 0
000000000 000000000 000000000 000000000 047e7d044 0
000000000 000000000 000000000 000000000 000000000 0
000000000 000000000 000000000 000000000 000000000 0
000000000 00009a0d7 000000000 000000000 000000000 0
000000000 000000000 000000000 000000000 048281044 0
000000000 000000000 000000000 000000000 000000000 0
000000000 000000000 000000000 000000000 000000000 0
000108043 00009b0df 000000000 000000000 000000000 0
00010904b 000000000 000000000 000000000 048685044 0
00010a053 000000000 000000000 000000000 000000000 0
00010b05b 000000000 000000000 000000000 000000000 0
00010c063 00009c0e7 000000000 000000000 000000000 0
00010d06b 000000000 000000000 000000000 048a89044 0
00010e073 000000000 000000000 000000000 000000000 0
00010f07b 000000000 000000000 000000000 000000000 0
000110083 00009d0ef 000000000 000000000 000000000 0
00011108b 000000000 000000000 000000000 048e8d044 0
000112093 000000000 000000000 000000000 000000000 0
00011309b 000000000 000000000 000000000 000000000 0
000000000 00009e0f7 000000000 000000000 000000000 0
000000000 000000000 000000000 000000000 049291044 0
000000000 000000000 000000000 000000000 000000000 0
000000000 000000000 000000000 000000000 000000000 0
000000000 00009f0ff 000000000 000000000 000000000 0
000000000 000000000 000000000 000000000 049695044 0
000000000 000000000 000000000 000000000 000000000 0
000000000 000000000 000000000 000000000 000000000 0
000000000 0000a0107 000000000 000000000 000000000 0
000000000 000000000 000000000 000000000 049a99044 0
000000000 000000000 000000000 000000000 000000000 0
000000000 000000000 000000000 000000000 000000000 0
000000000 0000a110f 000000000 000000000 000000000 0
000000000 000000000 000000000 000000000 049e9d044 0
000000000 000000000 000000000 000000000 000000000 0
000000000 000000000 000000000 000000000 000000000 0
000000000 0000a2117 000000000 000000000 000000000 0
000000000 000000000 000000000 000000000 04a2a1044 0
000000000 000000000 000000000 000000000 000000000 0
000000000 000000000 000000000 000000000 000000000 0
000000000 0000a311f 000000000 000000000 000000000 0
000000000 000000000 000000000 000000000 04a6a5044 0
000000000 000000000 000000000 000000000 000000000 0
000000000 000000000 000000000 000000000 000000000 0
000000000 0000a4127 000000000 000000000 000000000 0
000000000 000000000 000000000 000000000 04aaa9044 0
000000000 000000000 000000000 000000000 000000000 0
000000000 000000000 000000000 000000000 000000000 0
000000000 0000a512f 000000000 000000000 000000000 0
000000000 000000000 000000000 000000000 04aead044 0
000000000 000000000 000000000 000000000 000000000 0
000000000 000000000 000000000 000000000 000000000 0
000000000 0000a6137 000000000 000000000 000000000 0
000000000 000000000 000000000 000000000 04b2b1044 0
000000000 000000000 000000000 000000000 000000000 0
000000000 000000000 000000000 000000000 000000000 0
0001140a3 0000a713f 000000000 000000000 000000000 0
0001150ab 000000000 000000000 000000000 04b6b5044 0
0001160b3 000000000 000000000 000000000 000000000 0
0001170bb 000000000 000000000 000000000 000000000 0
0001180c3 0000a8147 000000000 000000000 000000000 0
0001190cb 000000000 000000000 000000000 04bab9044 0
00011a0d3 000000000 000000000 000000000 000000000 0
00011b0db 000000000 000000000 000000000 000000000 0
00011c0e3 0000a914f 000000000 000000000 000000000 0
00011d0eb 000000000 000000000 000000000 04bebd044 0
00011e0f3 000000000 000000000 000000000 000000000 0
00011f0fb 000000000 000000000 000000000 000000000 0
000000000 0000aa157 000000000 000000000 000000000 0
000000000 000000000 000000000 000000000 04c2c1044 0
000000000 000000000 000000000 000000000 000000000 0
000000000 000000000 000000000 000000000 000000000 0
000000000 0000ab15f 000000000 000000000 000000000 0
000000000 000000000 000000000 000000000 04c6c5044 0
000000000 000000000 000000000 000000000 000000000 0
000000000 000000000 000000000 000000000 000000000 0
000000000 0000ac167 000000000 000000000 000000000 0
000000000 000000000 000000000 000000000 04cac9044 0
000000000 000000000 000000000 000000000 000000000 0
000000000 000000000 000000000 000000000 000000000 0
000000000 0000ad16f 000000000 000000000 000000000 0
000000000 000000000 000000000 000000000 04cecd044 0
000000000 000000000 000000000 000000000 000000000 0
000000000 000000000 000000000 000000000 000000000 0
000000000 0000ae177 000000000 000000000 000000000 0
000000000 000000000 000000000 000000000 04d2d1044 0
000000000 000000000 000000000 000000000 000000000 0
000000000 000000000 000000000 000000000 000000000 0
000000000 0000af17f 000000000 000000000 000000000 0
000000000 000000000 000000000 000000000 04d6d5044 0
000000000 000000000 000000000 000000000 000000000 0
000000000 000000000 000000000 000000000 000000000 0
000000000 0000b0187 000000000 000000000 000000000 0
000000000 000000000 000000000 000000000 04dad9044 0
000000000 000000000 000000000 000000000 000000000 0
000000000 000000000 000000000 000000000 000000000 0
000000000 0000b118f 000000000 000000000 000000000 0
000000000 000000000 000000000 000000000 04dedd044 0
000000000 000000000 000000000 000000000 000000000 0
000000000 000000000 000000000 000000000 000000000 0
000000000 0000b2197 000000000 000000000 000000000 0
000000000 000000000 000000000 000000000 04e2e1044 0
000000000 000000000 000000000 000000000 000000000 0
000000000 000000000 000000000 000000000 000000000 0
000120103 0000b319f 000000000 000000000 000000000 0
00012110b 000000000 000000000 000000000 04e6e5044 0
000122113 000000000 000000000 000000000 000000000 0
00012311b 000000000 000000000 000000000 000000000 0
000124123 0000b41a7 000000000 000000000 000000000 0
00012512b 000000000 000000000 000000000 04eae9044 0
000126133 000000000 000000000 000000000 000000000 0
00012713b 000000000 000000000 000000000 000000000 0
000128143 0000b51af 000000000 000000000 000000000 0
00012914b 000000000 000000000 000000000 04eeed044 0
00012a153 000000000 000000000 000000000 000000000 0
00012b15b 000000000 000000000 000000000 000000000 0
000000000 0000b61b7 000000000 000000000 000000000 0
000000000 000000000 000000000 000000000 04f2f1044 0
000000000 000000000 000000000 000000000 000000000 0
000000000 000000000 000000000 000000000 000000000 0
000000000 0000b71bf 000000000 000000000 000000000 0
000000000 000000000 000000000 000000000 04f6f5044 0
000000000 000000000 000000000 000000000 000000000 0
000000000 000000000 000000000 000000000 000000000 0
000000000 0000b81c7 000000000 000000000 000000000 0
000000000 000000000 000000000 000000000 04faf9044 0
000000000 000000000 000000000 000000000 000000000 0
000000000 000000000 000000000 000000000 000000000 0
000000000 0000b91cf 000000000 000000000 000000000 0
000000000 000000000 000000000 000000000 04fefd044 0
000000000 000000000 000000000 000000000 000000000 0
000000000 000000000 000000000 000000000 000000000 0
000000000 0000ba1d7 000000000 000000000 000000000 0
000000000 000000000 000000000 000000000 050301044 0
000000000 000000000 000000000 000000000 000000000 0
000000000 000000000 000000000 000000000 000000000 0
000000000 0000bb1df 000000000 000000000 000000000 0
000000000 000000000 000000000 000000000 050705044 0
000000000 000000000 000000000 000000000 000000000 0
000000000 000000000 000000000 000000000 000000000 0
000000000 0000bc1e7 000000000 000000000 000000000 0
000000000 000000000 000000000 000000000 050b09044 0
000000000 000000000 000000000 000000000 000000000 0
000000000 000000000 000000000 000000000 000000000 0
000000000 0000bd1ef 000000000 000000000 000000000 0
000000000 000000000 000000000 000000000 050f0d044 0
000000000 000000000 000000000 000000000 000000000 0
000000000 000000000 000000000 000000000 000000000 0
000000000 0000be1f7 000000000 000000000 000000000 0
000000000 000000000 000000000 000000000 051311044 0
000000000 000000000 000000000 000000000 000000000 0
000000000 000000000 000000000 000000000 000000000 0
00012c163 0000bf1ff 000000000 000000000 000000000 0
00012d16b 000000000 000000000 000000000 051715044 0
00012e173 000000000 000000000 000000000 000000000 0
00012f17b 000000000 000000000 000000000 000000000 0
000130183 0000c0207 000000000 000000000 000000000 0
00013118b 000000000 000000000 000000000 051b19044 0
000132193 000000000 000000000 000000000 000000000 0
00013319b 000000000 000000000 000000000 000000000 0
0001341a3 0000c120f 000000000 000000000 000000000 0
0001351ab 000000000 000000000 000000000 051f1d044 0
0001361b3 000000000 000000000 000000000 000000000 0
0001371bb 000000000 000000000 000000000 000000000 0
000000000 0000c2217 000000000 000000000 000000000 0
000000000 000000000 000000000 000000000 052321044 0
000000000 000000000 000000000 000000000 000000000 0
000000000 000000000 000000000 000000000 000000000 0
000000000 0000c321f 000000000 000000000 000000000 0
000000000 000000000 000000000 000000000 052725044 0
000000000 000000000 000000000 000000000 000000000 0
000000000 000000000 000000000 000000000 000000000 0
000000000 0000c4227 000000000 000000000 000000000 0
000000000 000000000 000000000 000000000 052b29044 0
000000000 000000000 000000000 000000000 000000000 0
000000000 000000000 000000000 000000000 000000000 0
000000000 0000c522f 000000000 000000000 000000000 0
000000000 000000000 000000000 000000000 052f2d044 0
000000000 000000000 000000000 000000000 000000000 0
000000000 000000000 000000000 000000000 000000000 0
000000000 0000c6237 000000000 000000000 000000000 0
000000000 000000000 000000000 000000000 053331044 0
000000000 000000000 000000000 000000000 000000000 0
000000000 000000000 000000000 000000000 000000000 0
000000000 0000c723f 000000000 000000000 000000000 0
000000000 000000000 000000000 000000000 053735044 0
000000000 000000000 000000000 000000000 000000000 0
000000000 000000000 000000000 000000000 000000000 0
000000000 0000c8247 000000000 000000000 000000000 0
000000000 000000000 000000000 000000000 053b39044 0
000000000 000000000 000000000 000000000 000000000 0
000000000 000000000 000000000 000000000 000000000 0
000000000 0000c924f 000000000 000000000 000000000 0
000000000 000000000 000000000 000000000 053f3d044 0
000000000 000000000 000000000 000000000 000000000 0
000000000 000000000 000000000 000000000 000000000 0
000000000 0000ca257 000000000 000000000 000000000 0
000000000 000000000 000000000 000000000 054341044 0
000000000 000000000 000000000 000000000 000000000 0
000000000 000000000 000000000 000000000 000000000 0
0001381c3 0000cb25f 000000000 000000000 000000000 0
0001391cb 000000000 000000000 000000000 054745044 0
00013a1d3 000000000 000000000 000000000 000000000 0
00013b1db 000000000 000000000 000000000 000000000 0
00013c1e3 0000cc267 000000000 000000000 000000000 0
00013d1eb 000000000 000000000 000000000 054b49044 0
00013e1f3 000000000 000000000 000000000 000000000 0
00013f1fb 000000000 000000000 000000000 000000000 0
000140203 0000cd26f 000000000 000000000 000000000 0
00014120b 000000000 000000000 000000000 054f4d044 0
000142213 000000000 000000000 000000000 000000000 0
00014321b 000000000 000000000 000000000 000000000 0
000000000 0000ce277 000000000 000000000 000000000 0
000000000 000000000 000000000 000000000 055351044 0
000000000 000000000 000000000 000000000 000000000 0
000000000 000000000 000000000 000000000 000000000 0
000000000 0000cf27f 000000000 000000000 000000000 0
000000000 000000000 000000000 000000000 055755044 0
000000000 000000000 000000000 000000000 000000000 0
000000000 000000000 000000000 000000000 000000000 0
000000000 0000d0287 000000000 000000000 000000000 0
000000000 000000000 000000000 000000000 055b59044 0
000000000 000000000 000000000 000000000 000000000 0
000000000 000000000 000000000 000000000 000000000 0
000000000 0000d128f 000000000 000000000 000000000 0
000000000 000000000 000000000 000000000 055f5d044 0
000000000 000000000 000000000 000000000 000000000 0
000000000 000000000 000000000 000000000 000000000 0
000000000 0000d2297 000000000 000000000 000000000 0
000000000 000000000 000000000 000000000 056361044 0
000000000 000000000 000000000 000000000 000000000 0
000000000 000000000 000000000 000000000 000000000 0
000000000 0000d329f 000000000 000000000 000000000 0
000000000 000000000 000000000 000000000 056765044 0
000000000 000000000 000000000 000000000 000000000 0
000000000 000000000 000000000 000000000 000000000 0
000000000 0000d42a7 000000000 000000000 000000000 0
000000000 000000000 000000000 000000000 056b69044 0
000000000 000000000 000000000 000000000 000000000 0
000000000 000000000 000000000 000000000 000000000 0
000000000 0000d52af 000000000 000000000 000000000 0
000000000 000000000 000000000 000000000 056f6d044 0
000000000 000000000 000000000 000000000 000000000 0
000000000 000000000 000000000 000000000 000000000 0
000000000 0000d62b7 000000000 000000000 000000000 0
000000000 000000000 000000000 000000000 057371044 0
000000000 000000000 000000000 000000000 000000000 0
000000000 000000000 000000000 000000000 000000000 0
000144223 0000d72bf 000000000 000000000 000000000 0
00014522b 000000000 000000000 000000000 057775044 0
000146233 000000000 000000000 000000000 000000000 0
00014723b 000000000 000000000 000000000 000000000 0
000148243 0000d82c7 000000000 000000000 000000000 0
00014924b 000000000 000000000 000000000 057b79044 0
00014a253 000000000 000000000 000000000 000000000 0
00014b25b 000000000 000000000 000000000 000000000 0
00014c263 0000d92cf 000000000 000000000 000000000 0
00014d26b 000000000 000000000 000000000 057f7d044 0
00014e273 000000000 000000000 000000000 000000000 0
00014f27b 000000000 000000000 000000000 000000000 0
000000000 0000da2d7 000000000 000000000 000000000 0
000000000 000000000 000000000 000000000 058381044 0
000000000 000000000 000000000 000000000 000000000 0
000000000 000000000 000000000 000000000 000000000 0
000000000 0000db2df 000000000 000000000 000000000 0
000000000 000000000 000000000 000000000 058785044 0
000000000 000000000 000000000 000000000 000000000 0
000000000 000000000 000000000 000000000 000000000 0
000000000 0000dc2e7 000000000 000000000 000000000 0
000000000 000000000 000000000 000000000 058b89044 0
000000000 000000000 000000000 000000000 000000000 0
000000000 000000000 000000000 000000000 000000000 0
000000000 0000dd2ef 000000000 000000000 000000000 0
000000000 000000000 000000000 000000000 058f8d044 0
000000000 000000000 000000000 000000000 000000000 0
000000000 000000000 000000000 000000000 000000000 0
000000000 0000de2f7 000000000 000000000 000000000 0
000000000 000000000 000000000 000000000 059391044 0
000000000 000000000 000000000 000000000 000000000 0
000000000 000000000 000000000 000000000 000000000 0
000000000 0000df2ff 000000000 000000000 000000000 0
000000000 000000000 000000000 000000000 059795044 0
000000000 000000000 000000000 000000000 000000000 0
000000000 000000000 000000000 000000000 000000000 0
000000000 0000e0307 000000000 000000000 000000000 0
000000000 000000000 000000000 000000000 059b99044 0
000000000 000000000 000000000 000000000 000000000 0
000000000 000000000 000000000 000000000 000000000 0
000000000 0000e130f 000000000 000000000 000000000 0
000000000 000000000 000000000 000000000 059f9d044 0
000000000 000000000 000000000 000000000 000000000 0
000000000 000000000 000000000 000000000 000000000 0
000000000 0000e2317 000000000 000000000 000000000 0
000000000 000000000 000000000 000000000 05a3a1044 0
000000000 000000000 000000000 000000000 000000000 0
000000000 000000000 000000000 000000000 000000000 0
000150283 0000e331f 000000000 000000000 000000000 0
00015128b 000000000 000000000 000000000 05a7a5044 0
000152293 000000000 000000000 000000000 000000000 0
00015329b 000000000 000000000 000000000 000000000 0
0001542a3 0000e4327 000000000 000000000 000000000 0
0001552ab 000000000 000000000 000000000 05aba9044 0
0001562b3 000000000 000000000 000000000 000000000 0
0001572bb 000000000 000000000 000000000 000000000 0
0001582c3 0000e532f 000000000 000000000 000000000 0
0001592cb 000000000 000000000 000000000 05afad044 0
00015a2d3 000000000 000000000 000000000 000000000 0
00015b2db 000000000 000000000 000000000 000000000 0
000000000 0000e6337 000000000 000000000 000000000 0
000000000 000000000 000000000 000000000 05b3b1044 0
000000000 000000000 000000000 000000000 000000000 0
000000000 000000000 000000000 000000000 000000000 0
000000000 0000e733f 000000000 000000000 000000000 0
000000000 000000000 000000000 000000000 05b7b5044 0
000000000 000000000 000000000 000000000 000000000 0
000000000 000000000 000000000 000000000 000000000 0
000000000 0000e8347 000000000 000000000 000000000 0
000000000 000000000 000000000 000000000 05bbb9044 0
000000000 000000000 000000000 000000000 000000000 0
000000000 000000000 000000000 000000000 000000000 0
000000000 0000e934f 000000000 000000000 000000000 0
000000000 000000000 000000000 000000000 05bfbd044 0
000000000 000000000 000000000 000000000 000000000 0
000000000 000000000 000000000 000000000 000000000 0
000000000 0000ea357 000000000 000000000 000000000 0
000000000 000000000 000000000 000000000 05c3c1044 0
000000000 000000000 000000000 000000000 000000000 0
000000000 000000000 000000000 000000000 000000000 0
000000000 0000eb35f 000000000 000000000 000000000 0
000000000 000000000 000000000 000000000 05c7c5044 0
000000000 000000000 000000000 000000000 000000000 0
000000000 000000000 000000000 000000000 000000000 0
000000000 0000ec367 000000000 000000000 000000000 0
000000000 000000000 000000000 000000000 05cbc9044 0
000000000 000000000 000000000 000000000 000000000 0
000000000 000000000 000000000 000000000 000000000 0
000000000 0000ed36f 000000000 000000000 000000000 0
000000000 000000000 000000000 000000000 05cfcd044 0
000000000 000000000 000000000 000000000 000000000 0
000000000 000000000 000000000 000000000 000000000 0
000000000 0000ee377 000000000 000000000 000000000 0
000000000 000000000 000000000 000000000 05d3d1044 0
000000000 000000000 000000000 000000000 000000000 0
000000000 000000000 000000000 000000000 000000000 0
00015c2e3 0000ef37f 000000000 000000000 000000000 0
00015d2eb 000000000 000000000 000000000 05d7d5044 0
00015e2f3 000000000 000000000 000000000 000000000 0
00015f2fb 000000000 000000000 000000000 000000000 0
000160303 0000f0387 000000000 000000000 000000000 0
00016130b 000000000 000000000 000000000 05dbd9044 0
000162313 000000000 000000000 000000000 000000000 0
00016331b 000000000 000000000 000000000 000000000 0
000164323 0000f138f 000000000 000000000 000000000 0
00016532b 000000000 000000000 000000000 05dfdd044 0
000166333 000000000 000000000 000000000 000000000 0
00016733b 000000000 000000000 000000000 000000000 0
000000000 0000f2397 000000000 000000000 000000000 0
000000000 000000000 000000000 000000000 05e3e1044 0
000000000 000000000 000000000 000000000 000000000 0
000000000 000000000 000000000 000000000 000000000 0
000000000 0000f339f 000000000 000000000 000000000 0
000000000 000000000 000000000 000000000 05e7e5044 0
000000000 000000000 000000000 000000000 000000000 0
000000000 000000000 000000000 000000000 000000000 0
000000000 0000f43a7 000000000 000000000 000000000 0
000000000 000000000 000000000 000000000 05ebe9044 0
000000000 000000000 000000000 000000000 000000000 0
000000000 000000000 000000000 000000000 000000000 0
000000000 0000f53af 000000000 000000000 000000000 0
000000000 000000000 000000000 000000000 05efed044 0
000000000 000000000 000000000 000000000 000000000 0
000000000 000000000 000000000 000000000 000000000 0
000000000 0000f63b7 000000000 000000000 000000000 0
000000000 000000000 000000000 000000000 05f3f1044 0
000000000 000000000 000000000 000000000 000000000 0
000000000 000000000 000000000 000000000 000000000 0
000000000 0000f73bf 000000000 000000000 000000000 0
000000000 000000000 000000000 000000000 05f7f5044 0
000000000 000000000 000000000 000000000 000000000 0
000000000 000000000 000000000 000000000 000000000 0
000000000 0000f83c7 000000000 000000000 000000000 0
000000000 000000000 000000000 000000000 05fbf9044 0
000000000 000000000 000000000 000000000 000000000 0
000000000 000000000 000000000 000000000 000000000 0
000000000 0000f93cf 000000000 000000000 000000000 0
000000000 000000000 000000000 000000000 05fffd044 0
000000000 000000000 000000000 000000000 000000000 0
000000000 000000000 000000000 000000000 000000000 0
000000000 0000fa3d7 000000000 000000000 000000000 0
000000000 000000000 000000000 000000000 040201044 0
000000000 000000000 000000000 000000000 000000000 0
000000000 000000000 000000000 000000000 000000000 0
000168343 0000fb3df 000000000 000000000 000000000 0
00016934b 000000000 000000000 000000000 040605044 0
00016a353 000000000 000000000 000000000 000000000 0
00016b35b 000000000 000000000 000000000 000000000 0
00016c363 0000fc3e7 000000000 000000000 000000000 0
00016d36b 000000000 000000000 000000000 040a09044 0
00016e373 000000000 000000000 000000000 000000000 0
00016f37b 000000000 000000000 000000000 000000000 0
000170383 0000fd3ef 000000000 000000000 000000000 0
00017138b 000000000 000000000 000000000 040e0d044 0
000172393 000000000 000000000 000000000 000000000 0
00017339b 000000000 000000000 000000000 000000000 0
000000000 0000fe3f7 000000000 000000000 000000000 0
000000000 000000000 000000000 000000000 041211044 0
000000000 000000000 000000000 000000000 000000000 0
000000000 000000000 000000000 000000000 000000000 0
000000000 0000ff3ff 000000000 000000000 000000000 0
000000000 000000000 000000000 000000000 041615044 0
000000000 000000000 000000000 000000000 000000000 0
000000000 000000000 000000000 000000000 000000000 0
000000000 000100007 000000000 000000000 000000000 0
000000000 000000000 000000000 000000000 041a19044 0
000000000 000000000 000000000 000000000 000000000 0
000000000 000000000 000000000 000000000 000000000 0
000000000 00010100f 000000000 000000000 000000000 0
000000000 000000000 000000000 000000000 041e1d044 0
000000000 000000000 000000000 000000000 000000000 0
000000000 000000000 000000000 000000000 000000000 0
000000000 000102017 000000000 000000000 000000000 0
000000000 000000000 000000000 000000000 042221044 0
000000000 000000000 000000000 000000000 000000000 0
000000000 000000000 000000000 000000000 000000000 0
000000000 00010301f 000000000 000000000 000000000 0
000000000 000000000 000000000 000000000 042625044 0
000000000 000000000 000000000 000000000 000000000 0
000000000 000000000 000000000 000000000 000000000 0
000000000 000104027 000000000 000000000 000000000 0
000000000 000000000 000000000 000000000 042a29044 0
000000000 000000000 000000000 000000000 000000000 0
000000000 000000000 000000000 000000000 000000000 0
000000000 00010502f 000000000 000000000 000000000 0
000000000 000000000 000000000 000000000 042e2d044 0
000000000 000000000 000000000 000000000 000000000 0
000000000 000000000 000000000 000000000 000000000 0
000000000 000106037 000000000 000000000 000000000 0
000000000 000000000 000000000 000000000 043231044 0
000000000 000000000 000000000 000000000 000000000 0
000000000 000000000 000000000 000000000 000000000 0
0001743a3 00010703f 000000000 000000000 000000000 0
0001753ab 000000000 000000000 000000000 043635044 0
0001763b3 000000000 000000000 000000000 000000000 0
0001773bb 000000000 000000000 000000000 000000000 0
0001783c3 000108047 000000000 000000000 000000000 0
0001793cb 000000000 000000000 000000000 043a39044 0
00017a3d3 000000000 000000000 000000000 000000000 0
00017b3db 000000000 000000000 000000000 000000000 0
00017c3e3 00010904f 000000000 000000000 000000000 0
00017d3eb 000000000 000000000 000000000 043e3d044 0
00017e3f3 000000000 000000000 000000000 000000000 0
00017f3fb 000000000 000000000 000000000 000000000 0
000000000 00010a057 000000000 000000000 000000000 0
000000000 000000000 000000000 000000000 044241044 0
000000000 000000000 000000000 000000000 000000000 0
000000000 000000000 000000000 000000000 000000000 0
000000000 00010b05f 000000000 000000000 000000000 0
000000000 000000000 000000000 000000000 044645044 0
000000000 000000000 000000000 000000000 000000000 0
000000000 000000000 000000000 000000000 000000000 0
000000000 00010c067 000000000 000000000 000000000 0
000000000 000000000 000000000 000000000 044a49044 0
000000000 000000000 000000000 000000000 000000000 0
000000000 000000000 000000000 000000000 000000000 0
000000000 00010d06f 000000000 000000000 000000000 0
000000000 000000000 000000000 000000000 044e4d044 0
000000000 000000000 000000000 000000000 000000000 0
000000000 000000000 000000000 000000000 000000000 0
000000000 00010e077 000000000 000000000 000000000 0
000000000 000000000 000000000 000000000 045251044 0
000000000 000000000 000000000 000000000 000000000 0
000000000 000000000 000000000 000000000 000000000 0
000000000 00010f07f 000000000 000000000 000000000 0
000000000 000000000 000000000 000000000 045655044 0
000000000 000000000 000000000 000000000 000000000 0
000000000 000000000 000000000 000000000 000000000 0
000000000 000110087 000000000 000000000 000000000 0
000000000 000000000 000000000 000000000 045a59044 0
000000000 000000000 000000000 000000000 000000000 0
000000000 000000000 000000000 000000000 000000000 0
000000000 00011108f 000000000 000000000 000000000 0
000000000 000000000 000000000 000000000 045e5d044 0
000000000 000000000 000000000 000000000 000000000 0
000000000 000000000 000000000 000000000 000000000 0
000000000 000112097 000000000 000000000 000000000 0
000000000 000000000 000000000 000000000 046261044 0
000000000 000000000 000000000 000000000 000000000 0
000000000 000000000 000000000 000000000 000000000 0
000180003 00011309f 000000000 000000000 000000000 0
00018100b 000000000 000000000 000000000 046665044 0
000182013 000000000 000000000 000000000 000000000 0
00018301b 000000000 000000000 000000000 000000000 0
000184023 0001140a7 000000000 000000000 000000000 0
00018502b 000000000 000000000 000000000 046a69044 0
000186033 000000000 000000000 000000000 000000000 0
00018703b 000000000 000000000 000000000 000000000 0
000188043 0001150af 000000000 000000000 000000000 0
00018904b 000000000 000000000 000000000 046e6d044 0
00018a053 000000000 000000000 000000000 000000000 0
00018b05b 000000000 000000000 000000000 000000000 0
000000000 0001160b7 000000000 000000000 000000000 0
000000000 000000000 000000000 000000000 047271044 0
000000000 000000000 000000000 000000000 000000000 0
000000000 000000000 000000000 000000000 000000000 0
000000000 0001170bf 000000000 000000000 000000000 0
000000000 000000000 000000000 000000000 047675044 0
000000000 000000000 000000000 000000000 000000000 0
000000000 000000000 000000000 000000000 000000000 0
000000000 0001180c7 000000000 000000000 000000000 0
000000000 000000000 000000000 000000000 047a79044 0
000000000 000000000 000000000 000000000 000000000 0
000000000 000000000 000000000 000000000 000000000 0
000000000 0001190cf 000000000 000000000 000000000 0
000000000 000000000 000000000 000000000 047e7d044 0
000000000 000000000 000000000 000000000 000000000 0
000000000 000000000 000000000 000000000 000000000 0
000000000 00011a0d7 000000000 000000000 000000000 0
000000000 000000000 000000000 000000000 048281044 0
000000000 000000000 000000000 000000000 000000000 0
000000000 000000000 000000000 000000000 000000000 0
000000000 00011b0df 000000000 000000000 000000000 0
000000000 000000000 000000000 000000000 048685044 0
000000000 000000000 000000000 000000000 000000000 0
000000000 000000000 000000000 000000000 000000000 0
000000000 00011c0e7 000000000 000000000 000000000 0
000000000 000000000 000000000 000000000 048a89044 0
000000000 000000000 000000000 000000000 000000000 0
000000000 000000000 000000000 000000000 000000000 0
000000000 00011d0ef 000000000 000000000 000000000 0
000000000 000000000 000000000 000000000 048e8d044 0
000000000 000000000 000000000 000000000 000000000 0
000000000 000000000 000000000 000000000 000000000 0
000000000 00011e0f7 000000000 000000000 000000000 0
000000000 000000000 000000000 000000000 049291044 0
000000000 000000000 000000000 000000000 000000000 0
000000000 000000000 000000000 000000000 000000000 0
00018c063 00011f0ff 000000000 000000000 000000000 0
00018d06b 000000000 000000000 000000000 049695044 0
00018e073 000000000 000000000 000000000 000000000 0
00018f07b 000000000 000000000 000000000 000000000 0
000190083 000120107 000000000 000000000 000000000 0
00019108b 000000000 000000000 000000000 049a99044 0
000192093 000000000 000000000 000000000 000000000 0
00019309b 000000000 000000000 000000000 000000000 0
0001940a3 00012110f 000000000 000000000 000000000 0
0001950ab 000000000 000000000 000000000 049e9d044 0
0001960b3 000000000 000000000 000000000 000000000 0
0001970bb 000000000 000000000 000000000 000000000 0
000000000 000122117 000000000 000000000 000000000 0
000000000 000000000 000000000 000000000 04a2a1044 0
000000000 000000000 000000000 000000000 000000000 0
000000000 000000000 000000000 000000000 000000000 0
000000000 00012311f 000000000 000000000 000000000 0
000000000 000000000 000000000 000000000 04a6a5044 0
000000000 000000000 000000000 000000000 000000000 0
000000000 000000000 000000000 000000000 000000000 0
000000000 000124127 000000000 000000000 000000000 0
000000000 000000000 000000000 000000000 04aaa9044 0
000000000 000000000 000000000 000000000 000000000 0
000000000 000000000 000000000 000000000 000000000 0
000000000 00012512f 000000000 000000000 000000000 0
000000000 000000000 000000000 000000000 04aead044 0
000000000 000000000 000000000 000000000 000000000 0
000000000 000000000 000000000 000000000 000000000 0
000000000 000126137 000000000 000000000 000000000 0
000000000 000000000 000000000 000000000 04b2b1044 0
000000000 000000000 000000000 000000000 000000000 0
000000000 000000000 000000000 000000000 000000000 0
000000000 00012713f 000000000 000000000 000000000 0
000000000 000000000 000000000 000000000 04b6b5044 0
000000000 000000000 000000000 000000000 000000000 0
000000000 000000000 000000000 000000000 000000000 0
000000000 000128147 000000000 000000000 000000000 0
000000000 000000000 000000000 000000000 04bab9044 0
000000000 000000000 000000000 000000000 000000000 0
000000000 000000000 000000000 000000000 000000000 0
000000000 00012914f 000000000 000000000 000000000 0
000000000 000000000 000000000 000000000 04bebd044 0
000000000 000000000 000000000 000000000 000000000 0
000000000 000000000 000000000 000000000 000000000 0
000000000 00012a157 000000000 000000000 000000000 0
000000000 000000000 000000000 000000000 04c2c1044 0
000000000 000000000 000000000 000000000 000000000 0
000000000 000000000 000000000 000000000 000000000 0
0001980c3 00012b15f 000000000 000000000 000000000 0
0001990cb 000000000 000000000 000000000 04c6c5044 0
00019a0d3 000000000 000000000 000000000 000000000 0
00019b0db 000000000 000000000 000000000 000000000 0
00019c0e3 00012c167 000000000 000000000 000000000 0
00019d0eb 000000000 000000000 000000000 04cac9044 0
00019e0f3 000000000 000000000 000000000 000000000 0
00019f0fb 000000000 000000000 000000000 000000000 0
0001a0103 00012d16f 000000000 000000000 000000000 0
0001a110b 000000000 000000000 000000000 04cecd044 0
0001a2113 000000000 000000000 000000000 000000000 0
0001a311b 000000000 000000000 000000000 000000000 0
000000000 00012e177 000000000 000000000 000000000 0
000000000 000000000 000000000 000000000 04d2d1044 0
000000000 000000000 000000000 000000000 000000000 0
000000000 000000000 000000000 000000000 000000000 0
000000000 00012f17f 000000000 000000000 000000000 0
000000000 000000000 000000000 000000000 04d6d5044 0
000000000 000000000 000000000 000000000 000000000 0
000000000 000000000 000000000 000000000 000000000 0
000000000 000130187 000000000 000000000 000000000 0
000000000 000000000 000000000 000000000 04dad9044 0
000000000 000000000 000000000 000000000 000000000 0
000000000 000000000 000000000 000000000 000000000 0
000000000 00013118f 000000000 000000000 000000000 0
000000000 000000000 000000000 000000000 04dedd044 0
000000000 000000000 000000000 000000000 000000000 0
000000000 000000000 000000000 000000000 000000000 0
000000000 000132197 000000000 000000000 000000000 0
000000000 000000000 000000000 000000000 04e2e1044 0
000000000 000000000 000000000 000000000 000000000 0
000000000 000000000 000000000 000000000 000000000 0
000000000 00013319f 000000000 000000000 000000000 0
000000000 000000000 000000000 000000000 04e6e5044 0
000000000 000000000 000000000 000000000 000000000 0
000000000 000000000 000000000 000000000 000000000 0
000000000 0001341a7 000000000 000000000 000000000 0
000000000 000000000 000000000 000000000 04eae9044 0
000000000 000000000 000000000 000000000 000000000 0
000000000 000000000 000000000 000000000 000000000 0
000000000 0001351af 000000000 000000000 000000000 0
000000000 000000000 000000000 000000000 04eeed044 0
000000000 000000000 000000000 000000000 000000000 0
000000000 000000000 000000000 000000000 000000000 0
000000000 0001361b7 000000000 000000000 000000000 0
000000000 000000000 000000000 000000000 04f2f1044 0
000000000 000000000 000000000 000000000 000000000 0
000000000 000000000 000000000 000000000 000000000 0
0001a4123 0001371bf 000000000 000000000 000000000 0
0001a512b 000000000 000000000 000000000 04f6f5044 0
0001a6133 000000000 000000000 000000000 000000000 0
0001a713b 000000000 000000000 000000000 000000000 0
0001a8143 0001381c7 000000000 000000000 000000000 0
0001a914b 000000000 000000000 000000000 04faf9044 0
0001aa153 000000000 000000000 000000000 000000000 0
0001ab15b 000000000 000000000 000000000 000000000 0
0001ac163 0001391cf 000000000 000000000 000000000 0
0001ad16b 000000000 000000000 000000000 04fefd044 0
0001ae173 000000000 000000000 000000000 000000000 0
0001af17b 000000000 000000000 000000000 000000000 0
000000000 00013a1d7 000000000 000000000 000000000 0
000000000 000000000 000000000 000000000 050301044 0
000000000 000000000 000000000 000000000 000000000 0
000000000 000000000 000000000 000000000 000000000 0
000000000 00013b1df 000000000 000000000 000000000 0
000000000 000000000 000000000 000000000 050705044 0
000000000 000000000 000000000 000000000 000000000 0
000000000 000000000 000000000 000000000 000000000 0
000000000 00013c1e7 000000000 000000000 000000000 0
000000000 000000000 000000000 000000000 050b09044 0
000000000 000000000 000000000 000000000 000000000 0
000000000 000000000 000000000 000000000 000000000 0
000000000 00013d1ef 000000000 000000000 000000000 0
000000000 000000000 000000000 000000000 050f0d044 0
000000000 000000000 000000000 000000000 000000000 0
000000000 000000000 000000000 000000000 000000000 0
000000000 00013e1f7 000000000 000000000 000000000 0
000000000 000000000 000000000 000000000 051311044 0
000000000 000000000 000000000 000000000 000000000 0
000000000 000000000 000000000 000000000 000000000 0
000000000 00013f1ff 000000000 000000000 000000000 0
000000000 000000000 000000000 000000000 051715044 0
000000000 000000000 000000000 000000000 000000000 0
000000000 000000000 000000000 000000000 000000000 0
000000000 000140207 000000000 000000000 000000000 0
000000000 000000000 000000000 000000000 051b19044 0
000000000 000000000 000000000 000000000 000000000 0
000000000 000000000 000000000 000000000 000000000 0
000000000 00014120f 000000000 000000000 000000000 0
000000000 000000000 000000000 000000000 051f1d044 0
000000000 000000000 000000000 000000000 000000000 0
000000000 000000000 000000000 000000000 000000000 0
000000000 000142217 000000000 000000000 000000000 0
000000000 000000000 000000000 000000000 052321044 0
000000000 000000000 000000000 000000000 000000000 0
000000000 000000000 000000000 000000000 000000000 0
0001b0183 00014321f 000000000 000000000 000000000 0
0001b118b 000000000 000000000 000000000 052725044 0
0001b2193 000000000 000000000 000000000 000000000 0
0001b319b 000000000 000000000 000000000 000000000 0
0001b41a3 000144227 000000000 000000000 000000000 0
0001b51ab 000000000 000000000 000000000 052b29044 0
0001b61b3 000000000 000000000 000000000 000000000 0
0001b71bb 000000000 000000000 000000000 000000000 0
0001b81c3 00014522f 000000000 000000000 000000000 0
0001b91cb 000000000 000000000 000000000 052f2d044 0
0001ba1d3 000000000 000000000 000000000 000000000 0
0001bb1db 000000000 000000000 000000000 000000000 0
000000000 000146237 000000000 000000000 000000000 0
000000000 000000000 000000000 000000000 053331044 0
000000000 000000000 000000000 000000000 000000000 0
000000000 000000000 000000000 000000000 000000000 0
000000000 00014723f 000000000 000000000 000000000 0
000000000 000000000 000000000 000000000 053735044 0
000000000 000000000 000000000 000000000 000000000 0
000000000 000000000 000000000 000000000 000000000 0
000000000 000148247 000000000 000000000 000000000 0
000000000 000000000 000000000 000000000 053b39044 0
000000000 000000000 000000000 000000000 000000000 0
000000000 000000000 000000000 000000000 000000000 0
000000000 00014924f 000000000 000000000 000000000 0
000000000 000000000 000000000 000000000 053f3d044 0
000000000 000000000 000000000 000000000 000000000 0
000000000 000000000 000000000 000000000 000000000 0
000000000 00014a257 000000000 000000000 000000000 0
000000000 000000000 000000000 000000000 054341044 0
000000000 000000000 000000000 000000000 000000000 0
000000000 000000000 000000000 000000000 000000000 0
000000000 00014b25f 000000000 000000000 000000000 0
000000000 000000000 000000000 000000000 054745044 0
000000000 000000000 000000000 000000000 000000000 0
000000000 000000000 000000000 000000000 000000000 0
000000000 00014c267 000000000 000000000 000000000 0
000000000 000000000 000000000 000000000 054b49044 0
000000000 000000000 000000000 000000000 000000000 0
000000000 000000000 000000000 000000000 000000000 0
000000000 00014d26f 000000000 000000000 000000000 0
000000000 000000000 000000000 000000000 054f4d044 0
000000000 000000000 000000000 000000000 000000000 0
000000000 000000000 000000000 000000000 000000000 0
000000000 00014e277 000000000 000000000 000000000 0
000000000 000000000 000000000 000000000 055351044 0
000000000 000000000 000000000 000000000 000000000 0
000000000 000000000 000000000 000000000 000000000 0
0001bc1e3 00014f27f 000000000 000000000 000000000 0
0001bd1eb 000000000 000000000 000000000 055755044 0
0001be1f3 000000000 000000000 000000000 000000000 0
0001bf1fb 000000000 000000000 000000000 000000000 0
0001c0203 000150287 000000000 000000000 000000000 0
0001c120b 000000000 000000000 000000000 055b59044 0
0001c2213 000000000 000000000 000000000 000000000 0
0001c321b 000000000 000000000 000000000 000000000 0
0001c4223 00015128f 000000000 000000000 000000000 0
0001c522b 000000000 000000000 000000000 055f5d044 0
0001c6233 000000000 000000000 000000000 000000000 0
0001c723b 000000000 000000000 000000000 000000000 0
000000000 000152297 000000000 000000000 000000000 0
000000000 000000000 000000000 000000000 056361044 0
000000000 000000000 000000000 000000000 000000000 0
000000000 000000000 000000000 000000000 000000000 0
000000000 00015329f 000000000 000000000 000000000 0
000000000 000000000 000000000 000000000 056765044 0
000000000 000000000 000000000 000000000 000000000 0
000000000 000000000 000000000 000000000 000000000 0
000000000 0001542a7 000000000 000000000 000000000 0
000000000 000000000 000000000 000000000 056b69044 0
000000000 000000000 000000000 000000000 000000000 0
000000000 000000000 000000000 000000000 000000000 0
000000000 0001552af 000000000 000000000 000000000 0
000000000 000000000 000000000 000000000 056f6d044 0
000000000 000000000 000000000 000000000 000000000 0
000000000 000000000 000000000 000000000 000000000 0
000000000 0001562b7 000000000 000000000 000000000 0
000000000 000000000 000000000 000000000 057371044 0
000000000 000000000 000000000 000000000 000000000 0
000000000 000000000 000000000 000000000 000000000 0
000000000 0001572bf 000000000 000000000 000000000 0
000000000 000000000 000000000 000000000 057775044 0
000000000 000000000 000000000 000000000 000000000 0
000000000 000000000 000000000 000000000 000000000 0
000000000 0001582c7 000000000 000000000 000000000 0
000000000 000000000 000000000 000000000 057b79044 0
000000000 000000000 000000000 000000000 000000000 0
000000000 000000000 000000000 000000000 000000000 0
000000000 0001592cf 000000000 000000000 000000000 0
000000000 000000000 000000000 000000000 057f7d044 0
000000000 000000000 000000000 000000000 000000000 0
000000000 000000000 000000000 000000000 000000000 0
000000000 00015a2d7 000000000 000000000 000000000 0
000000000 000000000 000000000 000000000 058381044 0
000000000 000000000 000000000 000000000 000000000 0
000000000 000000000 000000000 000000000 000000000 0
0001c8243 00015b2df 000000000 000000000 000000000 0
0001c924b 000000000 000000000 000000000 058785044 0
0001ca253 000000000 000000000 000000000 000000000 0
0001cb25b 000000000 000000000 000000000 000000000 0
0001cc263 00015c2e7 000000000 000000000 000000000 0
0001cd26b 000000000 000000000 000000000 058b89044 0
0001ce273 000000000 000000000 000000000 000000000 0
0001cf27b 000000000 000000000 000000000 000000000 0
0001d0283 00015d2ef 000000000 000000000 000000000 0
0001d128b 000000000 000000000 000000000 058f8d044 0
0001d2293 000000000 000000000 000000000 000000000 0
0001d329b 000000000 000000000 000000000 000000000 0
000000000 00015e2f7 000000000 000000000 000000000 0
000000000 000000000 000000000 000000000 059391044 0
000000000 000000000 000000000 000000000 000000000 0
000000000 000000000 000000000 000000000 000000000 0
000000000 00015f2ff 000000000 000000000 000000000 0
000000000 000000000 000000000 000000000 059795044 0
000000000 000000000 000000000 000000000 000000000 0
000000000 000000000 000000000 000000000 000000000 0
000000000 000160307 000000000 000000000 000000000 0
000000000 000000000 000000000 000000000 059b99044 0
000000000 000000000 000000000 000000000 000000000 0
000000000 000000000 000000000 000000000 000000000 0
000000000 00016130f 000000000 000000000 000000000 0
000000000 000000000 000000000 000000000 059f9d044 0
000000000 000000000 000000000 000000000 000000000 0
000000000 000000000 000000000 000000000 000000000 0
000000000 000162317 000000000 000000000 000000000 0
000000000 000000000 000000000 000000000 05a3a1044 0
000000000 000000000 000000000 000000000 000000000 0
000000000 000000000 000000000 000000000 000000000 0
000000000 00016331f 000000000 000000000 000000000 0
000000000 000000000 000000000 000000000 05a7a5044 0
000000000 000000000 000000000 000000000 000000000 0
000000000 000000000 000000000 000000000 000000000 0
000000000 000164327 000000000 000000000 000000000 0
000000000 000000000 000000000 000000000 05aba9044 0
000000000 000000000 000000000 000000000 000000000 0
000000000 000000000 000000000 000000000 000000000 0
000000000 00016532f 000000000 000000000 000000000 0
000000000 000000000 000000000 000000000 05afad044 0
000000000 000000000 000000000 000000000 000000000 0
000000000 000000000 000000000 000000000 000000000 0
000000000 000166337 000000000 000000000 000000000 0
000000000 000000000 000000000 000000000 05b3b1044 0
000000000 000000000 000000000 000000000 000000000 0
000000000 000000000 000000000 000000000 000000000 0
0001d42a3 00016733f 000000000 000000000 000000000 0
0001d52ab 000000000 000000000 000000000 05b7b5044 0
0001d62b3 000000000 000000000 000000000 000000000 0
0001d72bb 000000000 000000000 000000000 000000000 0
0001d82c3 000168347 000000000 000000000 000000000 0
0001d92cb 000000000 000000000 000000000 05bbb9044 0
0001da2d3 000000000 000000000 000000000 000000000 0
0001db2db 000000000 000000000 000000000 000000000 0
0001dc2e3 00016934f 000000000 000000000 000000000 0
0001dd2eb 000000000 000000000 000000000 05bfbd044 0
0001de2f3 000000000 000000000 000000000 000000000 0
0001df2fb 000000000 000000000 000000000 000000000 0
000000000 00016a357 000000000 000000000 000000000 0
000000000 000000000 000000000 000000000 05c3c1044 0
000000000 000000000 000000000 000000000 000000000 0
000000000 000000000 000000000 000000000 000000000 0
000000000 00016b35f 000000000 000000000 000000000 0
000000000 000000000 000000000 000000000 05c7c5044 0
000000000 000000000 000000000 000000000 000000000 0
000000000 000000000 000000000 000000000 000000000 0
000000000 00016c367 000000000 000000000 000000000 0
000000000 000000000 000000000 000000000 05cbc9044 0
000000000 000000000 000000000 000000000 000000000 0
000000000 000000000 000000000 000000000 000000000 0
000000000 00016d36f 000000000 000000000 000000000 0
000000000 000000000 000000000 000000000 05cfcd044 0
000000000 000000000 000000000 000000000 000000000 0
000000000 000000000 000000000 000000000 000000000 0
000000000 00016e377 000000000 000000000 000000000 0
000000000 000000000 000000000 000000000 05d3d1044 0
000000000 000000000 000000000 000000000 000000000 0
000000000 000000000 000000000 000000000 000000000 0
000000000 00016f37f 000000000 000000000 000000000 0
000000000 000000000 000000000 000000000 05d7d5044 0
000000000 000000000 000000000 000000000 000000000 0
000000000 000000000 000000000 000000000 000000000 0
000000000 000170387 000000000 000000000 000000000 0
000000000 000000000 000000000 000000000 05dbd9044 0
000000000 000000000 000000000 000000000 000000000 0
000000000 000000000 000000000 000000000 000000000 0
000000000 00017138f 000000000 000000000 000000000 0
000000000 000000000 000000000 000000000 05dfdd044 0
000000000 000000000 000000000 000000000 000000000 0
000000000 000000000 000000000 000000000 000000000 0
000000000 000172397 000000000 000000000 000000000 0
000000000 000000000 000000000 000000000 05e3e1044 0
000000000 000000000 000000000 000000000 000000000 0
000000000 000000000 000000000 000000000 000000000 0
0001e0303 00017339f 000000000 000000000 000000000 0
0001e130b 000000000 000000000 000000000 05e7e5044 0
0001e2313 000000000 000000000 000000000 000000000 0
0001e331b 000000000 000000000 000000000 000000000 0
0001e4323 0001743a7 000000000 000000000 000000000 0
0001e532b 000000000 000000000 000000000 05ebe9044 0
0001e6333 000000000 000000000 000000000 000000000 0
0001e733b 000000000 000000000 000000000 000000000 0
0001e8343 0001753af 000000000 000000000 000000000 0
0001e934b 000000000 000000000 000000000 05efed044 0
0001ea353 000000000 000000000 000000000 000000000 0
0001eb35b 000000000 000000000 000000000 000000000 0
000000000 0001763b7 000000000 000000000 000000000 0
000000000 000000000 000000000 000000000 05f3f1044 0
000000000 000000000 000000000 000000000 000000000 0
000000000 000000000 000000000 000000000 000000000 0
000000000 0001773bf 000000000 000000000 000000000 0
000000000 000000000 000000000 000000000 05f7f5044 0
000000000 000000000 000000000 000000000 000000000 0
000000000 000000000 000000000 000000000 000000000 0
000000000 0001783c7 000000000 000000000 000000000 0
000000000 000000000 000000000 000000000 05fbf9044 0
000000000 000000000 000000000 000000000 000000000 0
000000000 000000000 000000000 000000000 000000000 0
000000000 0001793cf 000000000 000000000 000000000 0
000000000 000000000 000000000 000000000 05fffd044 0
000000000 000000000 000000000 000000000 000000000 0
000000000 000000000 000000000 000000000 000000000 0
000000000 00017a3d7 000000000 000000000 000000000 0
000000000 000000000 000000000 000000000 040201044 0
000000000 000000000 000000000 000000000 000000000 0
000000000 000000000 000000000 000000000 000000000 0
000000000 00017b3df 000000000 000000000 000000000 0
000000000 000000000 000000000 000000000 040605044 0
000000000 000000000 000000000 000000000 000000000 0
000000000 000000000 000000000 000000000 000000000 0
000000000 00017c3e7 000000000 000000000 000000000 0
000000000 000000000 000000000 000000000 040a09044 0
000000000 000000000 000000000 000000000 000000000 0
000000000 000000000 000000000 000000000 000000000 0
000000000 00017d3ef 000000000 000000000 000000000 0
000000000 000000000 000000000 000000000 040e0d044 0
000000000 000000000 000000000 000000000 000000000 0
000000000 000000000 000000000 000000000 000000000 0
000000000 00017e3f7 000000000 000000000 000000000 0
000000000 000000000 000000000 000000000 041211044 0
000000000 000000000 000000000 000000000 000000000 0
000000000 000000000 000000000 000000000 000000000 0
0001ec363 00017f3ff 000000000 000000000 000000000 0
0001ed36b 000000000 000000000 000000000 041615044 0
0001ee373 000000000 000000000 000000000 000000000 0
0001ef37b 000000000 000000000 000000000 000000000 0
0001f0383 000180007 000000000 000000000 000000000 0
0001f138b 000000000 000000000 000000000 041a19044 0
0001f2393 000000000 000000000 000000000 000000000 0
0001f339b 000000000 000000000 000000000 000000000 0
0001f43a3 00018100f 000000000 000000000 000000000 0
0001f53ab 000000000 000000000 000000000 041e1d044 0
0001f63b3 000000000 000000000 000000000 000000000 0
0001f73bb 000000000 000000000 000000000 000000000 0
000000000 000182017 000000000 000000000 000000000 0
000000000 000000000 000000000 000000000 042221044 0
000000000 000000000 000000000 000000000 000000000 0
000000000 000000000 000000000 000000000 000000000 0
000000000 00018301f 000000000 000000000 000000000 0
000000000 000000000 000000000 000000000 042625044 0
000000000 000000000 000000000 000000000 000000000 0
000000000 000000000 000000000 000000000 000000000 0
000000000 000184027 000000000 000000000 000000000 0
000000000 000000000 000000000 000000000 042a29044 0
000000000 000000000 000000000 000000000 000000000 0
000000000 000000000 000000000 000000000 000000000 0
000000000 00018502f 000000000 000000000 000000000 0
000000000 000000000 000000000 000000000 042e2d044 0
000000000 000000000 000000000 000000000 000000000 0
000000000 000000000 000000000 000000000 000000000 0
000000000 000186037 000000000 000000000 000000000 0
000000000 000000000 000000000 000000000 043231044 0
000000000 000000000 000000000 000000000 000000000 0
000000000 000000000 000000000 000000000 000000000 0
000000000 00018703f 000000000 000000000 000000000 0
000000000 000000000 000000000 000000000 043635044 0
000000000 000000000 000000000 000000000 000000000 0
000000000 000000000 000000000 000000000 000000000 0
000000000 000188047 000000000 000000000 000000000 0
000000000 000000000 000000000 000000000 043a39044 0
000000000 000000000 000000000 000000000 000000000 0
000000000 000000000 000000000 000000000 000000000 0
000000000 00018904f 000000000 000000000 000000000 0
000000000 000000000 000000000 000000000 043e3d044 0
000000000 000000000 000000000 000000000 000000000 0
000000000 000000000 000000000 000000000 000000000 0
000000000 00018a057 000000000 000000000 000000000 0
000000000 000000000 000000000 000000000 044241044 0
000000000 000000000 000000000 000000000 000000000 0
000000000 000000000 000000000 000000000 000000000 0
0001f83c3 00018b05f 000000000 000000000 000000000 0
0001f93cb 000000000 000000000 000000000 044645044 0
0001fa3d3 000000000 000000000 000000000 000000000 0
0001fb3db 000000000 000000000 000000000 000000000 0
0001fc3e3 00018c067 000000000 000000000 000000000 0
0001fd3eb 000000000 000000000 000000000 044a49044 0
0001fe3f3 000000000 000000000 000000000 000000000 0
0001ff3fb 000000000 000000000 000000000 000000000 0
000200003 00018d06f 000000000 000000000 000000000 0
00020100b 000000000 000000000 000000000 044e4d044 0
000202013 000000000 000000000 000000000 000000000 0
00020301b 000000000 000000000 000000000 000000000 0
000000000 00018e077 000000000 000000000 000000000 0
000000000 000000000 000000000 000000000 045251044 0
000000000 000000000 000000000 000000000 000000000 0
000000000 000000000 000000000 000000000 000000000 0
000000000 00018f07f 000000000 000000000 000000000 0
000000000 000000000 000000000 000000000 045655044 0
000000000 000000000 000000000 000000000 000000000 0
000000000 000000000 000000000 000000000 000000000 0
000000000 000190087 000000000 000000000 000000000 0
000000000 000000000 000000000 000000000 045a59044 0
000000000 000000000 000000000 000000000 000000000 0
000000000 000000000 000000000 000000000 000000000 0
000000000 00019108f 000000000 000000000 000000000 0
000000000 000000000 000000000 000000000 045e5d044 0
000000000 000000000 000000000 000000000 000000000 0
000000000 000000000 000000000 000000000 000000000 0
000000000 000192097 000000000 000000000 000000000 0
000000000 000000000 000000000 000000000 046261044 0
000000000 000000000 000000000 000000000 000000000 0
000000000 000000000 000000000 000000000 000000000 0
000000000 00019309f 000000000 000000000 000000000 0
000000000 000000000 000000000 000000000 046665044 0
000000000 000000000 000000000 000000000 000000000 0
000000000 000000000 000000000 000000000 000000000 0
000000000 0001940a7 000000000 000000000 000000000 0
000000000 000000000 000000000 000000000 046a69044 0
000000000 000000000 000000000 000000000 000000000 0
000000000 000000000 000000000 000000000 000000000 0
000000000 0001950af 000000000 000000000 000000000 0
000000000 000000000 000000000 000000000 046e6d044 0
000000000 000000000 000000000 000000000 000000000 0
000000000 000000000 000000000 000000000 000000000 0
000000000 0001960b7 000000000 000000000 000000000 0
000000000 000000000 000000000 000000000 047271044 0
000000000 000000000 000000000 000000000 000000000 0
000000000 000000000 000000000 000000000 000000000 0
000204023 0001970bf 000000000 000000000 000000000 0
00020502b 000000000 000000000 000000000 047675044 0
000206033 000000000 000000000 000000000 000000000 0
00020703b 000000000 000000000 000000000 000000000 0
000208043 0001980c7 000000000 000000000 000000000 0
00020904b 000000000 000000000 000000000 047a79044 0
00020a053 000000000 000000000 000000000 000000000 0
00020b05b 000000000 000000000 000000000 000000000 0
00020c063 0001990cf 000000000 000000000 000000000 0
00020d06b 000000000 000000000 000000000 047e7d044 0
00020e073 000000000 000000000 000000000 000000000 0
00020f07b 000000000 000000000 000000000 000000000 0
000000000 00019a0d7 000000000 000000000 000000000 0
000000000 000000000 000000000 000000000 048281044 0
000000000 000000000 000000000 000000000 000000000 0
000000000 000000000 000000000 000000000 000000000 0
000000000 00019b0df 000000000 000000000 000000000 0
000000000 000000000 000000000 000000000 048685044 0
000000000 000000000 000000000 000000000 000000000 0
000000000 000000000 000000000 000000000 000000000 0
000000000 00019c0e7 000000000 000000000 000000000 0
000000000 000000000 000000000 000000000 048a89044 0
000000000 000000000 000000000 000000000 000000000 0
000000000 000000000 000000000 000000000 000000000 0
000000000 00019d0ef 000000000 000000000 000000000 0
000000000 000000000 000000000 000000000 048e8d044 0
000000000 000000000 000000000 000000000 000000000 0
000000000 000000000 000000000 000000000 000000000 0
000000000 00019e0f7 000000000 000000000 000000000 0
000000000 000000000 000000000 000000000 049291044 0
000000000 000000000 000000000 000000000 000000000 0
000000000 000000000 000000000 000000000 000000000 0
000000000 00019f0ff 000000000 000000000 000000000 0
000000000 000000000 000000000 000000000 049695044 0
000000000 000000000 000000000 000000000 000000000 0
000000000 000000000 000000000 000000000 000000000 0
000000000 0001a0107 000000000 000000000 000000000 0
000000000 000000000 000000000 000000000 049a99044 0
000000000 000000000 000000000 000000000 000000000 0
000000000 000000000 000000000 000000000 000000000 0
000000000 0001a110f 000000000 000000000 000000000 0
000000000 000000000 000000000 000000000 049e9d044 0
000000000 000000000 000000000 000000000 000000000 0
000000000 000000000 000000000 000000000 000000000 0
000000000 0001a2117 000000000 000000000 000000000 0
000000000 000000000 000000000 000000000 04a2a1044 0
000000000 000000000 000000000 000000000 000000000 0
000000000 000000000 000000000 000000000 000000000 0
000210083 0001a311f 000000000 000000000 000000000 0
00021108b 000000000 000000000 000000000 04a6a5044 0
000212093 000000000 000000000 000000000 000000000 0
00021309b 000000000 000000000 000000000 000000000 0
0002140a3 0001a4127 000000000 000000000 000000000 0
0002150ab 000000000 000000000 000000000 04aaa9044 0
0002160b3 000000000 000000000 000000000 000000000 0
0002170bb 000000000 000000000 000000000 000000000 0
0002180c3 0001a512f 000000000 000000000 000000000 0
0002190cb 000000000 000000000 000000000 04aead044 0
00021a0d3 000000000 000000000 000000000 000000000 0
00021b0db 000000000 000000000 000000000 000000000 0
000000000 0001a6137 000000000 000000000 000000000 0
000000000 000000000 000000000 000000000 04b2b1044 0
000000000 000000000 000000000 000000000 000000000 0
000000000 000000000 000000000 000000000 000000000 0
000000000 0001a713f 000000000 000000000 000000000 0
000000000 000000000 000000000 000000000 04b6b5044 0
000000000 000000000 000000000 000000000 000000000 0
000000000 000000000 000000000 000000000 000000000 0
000000000 0001a8147 000000000 000000000 000000000 0
000000000 000000000 000000000 000000000 04bab9044 0
000000000 000000000 000000000 000000000 000000000 0
000000000 000000000 000000000 000000000 000000000 0
000000000 0001a914f 000000000 000000000 000000000 0
000000000 000000000 000000000 000000000 04bebd044 0
000000000 000000000 000000000 000000000 000000000 0
000000000 000000000 000000000 000000000 000000000 0
000000000 0001aa157 000000000 000000000 000000000 0
000000000 000000000 000000000 000000000 04c2c1044 0
000000000 000000000 000000000 000000000 000000000 0
000000000 000000000 000000000 000000000 000000000 0
000000000 0001ab15f 000000000 000000000 000000000 0
000000000 000000000 000000000 000000000 04c6c5044 0
000000000 000000000 000000000 000000000 000000000 0
000000000 000000000 000000000 000000000 000000000 0
000000000 0001ac167 000000000 000000000 000000000 0
000000000 000000000 000000000 000000000 04cac9044 0
000000000 000000000 000000000 000000000 000000000 0
000000000 000000000 000000000 000000000 000000000 0
000000000 0001ad16f 000000000 000000000 000000000 0
000000000 000000000 000000000 000000000 04cecd044 0
000000000 000000000 000000000 000000000 000000000 0
000000000 000000000 000000000 000000000 000000000 0
000000000 0001ae177 000000000 000000000 000000000 0
000000000 000000000 000000000 000000000 04d2d1044 0
000000000 000000000 000000000 000000000 000000000 0
000000000 000000000 000000000 000000000 000000000 0
00021c0e3 0001af17f 000000000 000000000 000000000 0
00021d0eb 000000000 000000000 000000000 04d6d5044 0
00021e0f3 000000000 000000000 000000000 000000000 0
00021f0fb 000000000 000000000 000000000 000000000 0
000220103 0001b0187 000000000 000000000 000000000 0
00022110b 000000000 000000000 000000000 04dad9044 0
000222113 000000000 000000000 000000000 000000000 0
00022311b 000000000 000000000 000000000 000000000 0
000224123 0001b118f 000000000 000000000 000000000 0
00022512b 000000000 000000000 000000000 04dedd044 0
000226133 000000000 000000000 000000000 000000000 0
00022713b 000000000 000000000 000000000 000000000 0
000000000 0001b2197 000000000 000000000 000000000 0
000000000 000000000 000000000 000000000 04e2e1044 0
000000000 000000000 000000000 000000000 000000000 0
000000000 000000000 000000000 000000000 000000000 0
000000000 0001b319f 000000000 000000000 000000000 0
000000000 000000000 000000000 000000000 04e6e5044 0
000000000 000000000 000000000 000000000 000000000 0
000000000 000000000 000000000 000000000 000000000 0
000000000 0001b41a7 000000000 000000000 000000000 0
000000000 000000000 000000000 000000000 04eae9044 0
000000000 000000000 000000000 000000000 000000000 0
000000000 000000000 000000000 000000000 000000000 0
000000000 0001b51af 000000000 000000000 000000000 0
000000000 000000000 000000000 000000000 04eeed044 0
000000000 000000000 000000000 000000000 000000000 0
000000000 000000000 000000000 000000000 000000000 0
000000000 0001b61b7 000000000 000000000 000000000 0
000000000 000000000 000000000 000000000 04f2f1044 0
000000000 000000000 000000000 000000000 000000000 0
000000000 000000000 000000000 000000000 000000000 0
000000000 0001b71bf 000000000 000000000 000000000 0
000000000 000000000 000000000 000000000 04f6f5044 0
000000000 000000000 000000000 000000000 000000000 0
000000000 000000000 000000000 000000000 000000000 0
000000000 0001b81c7 000000000 000000000 000000000 0
000000000 000000000 000000000 000000000 04faf9044 0
000000000 000000000 000000000 000000000 000000000 0
000000000 000000000 000000000 000000000 000000000 0
000000000 0001b91cf 000000000 000000000 000000000 0
000000000 000000000 000000000 000000000 04fefd044 0
000000000 000000000 000000000 000000000 000000000 0
000000000 000000000 000000000 000000000 000000000 0
000000000 0001ba1d7 000000000 000000000 000000000 0
000000000 000000000 000000000 000000000 050301044 0
000000000 000000000 000000000 000000000 000000000 0
000000000 000000000 000000000 000000000 000000000 0
000228143 0001bb1df 000000000 000000000 000000000 0
00022914b 000000000 000000000 000000000 050705044 0
00022a153 000000000 000000000 000000000 000000000 0
00022b15b 000000000 000000000 000000000 000000000 0
00022c163 0001bc1e7 000000000 000000000 000000000 0
00022d16b 000000000 000000000 000000000 050b09044 0
00022e173 000000000 000000000 000000000 000000000 0
00022f17b 000000000 000000000 000000000 000000000 0
000230183 0001bd1ef 000000000 000000000 000000000 0
00023118b 000000000 000000000 000000000 050f0d044 0
000232193 000000000 000000000 000000000 000000000 0
00023319b 000000000 000000000 000000000 000000000 0
000000000 0001be1f7 000000000 000000000 000000000 0
000000000 000000000 000000000 000000000 051311044 0
000000000 000000000 000000000 000000000 000000000 0
000000000 000000000 000000000 000000000 000000000 0
000000000 0001bf1ff 000000000 000000000 000000000 0
000000000 000000000 000000000 000000000 051715044 0
000000000 000000000 000000000 000000000 000000000 0
000000000 000000000 000000000 000000000 000000000 0
000000000 0001c0207 000000000 000000000 000000000 0
000000000 000000000 000000000 000000000 051b19044 0
000000000 000000000 000000000 000000000 000000000 0
000000000 000000000 000000000 000000000 000000000 0
000000000 0001c120f 000000000 000000000 000000000 0
000000000 000000000 000000000 000000000 051f1d044 0
000000000 000000000 000000000 000000000 000000000 0
000000000 000000000 000000000 000000000 000000000 0
000000000 0001c2217 000000000 000000000 000000000 0
000000000 000000000 000000000 000000000 052321044 0
000000000 000000000 000000000 000000000 000000000 0
000000000 000000000 000000000 000000000 000000000 0
000000000 0001c321f 000000000 000000000 000000000 0
000000000 000000000 000000000 000000000 052725044 0
000000000 000000000 000000000 000000000 000000000 0
000000000 000000000 000000000 000000000 000000000 0
000000000 0001c4227 000000000 000000000 000000000 0
000000000 000000000 000000000 000000000 052b29044 0
000000000 000000000 000000000 000000000 000000000 0
000000000 000000000 000000000 000000000 000000000 0
000000000 0001c522f 000000000 000000000 000000000 0
000000000 000000000 000000000 000000000 052f2d044 0
000000000 000000000 000000000 000000000 000000000 0
000000000 000000000 000000000 000000000 000000000 0
000000000 0001c6237 000000000 000000000 000000000 0
000000000 000000000 000000000 000000000 053331044 0
000000000 000000000 000000000 000000000 000000000 0
000000000 000000000 000000000 000000000 000000000 0
0002341a3 0001c723f 000000000 000000000 000000000 0
0002351ab 000000000 000000000 000000000 053735044 0
0002361b3 000000000 000000000 000000000 000000000 0
0002371bb 000000000 000000000 000000000 000000000 0
0002381c3 0001c8247 000000000 000000000 000000000 0
0002391cb 000000000 000000000 000000000 053b39044 0
00023a1d3 000000000 000000000 000000000 000000000 0
00023b1db 000000000 000000000 000000000 000000000 0
00023c1e3 0001c924f 000000000 000000000 000000000 0
00023d1eb 000000000 000000000 000000000 053f3d044 0
00023e1f3 000000000 000000000 000000000 000000000 0
00023f1fb 000000000 000000000 000000000 000000000 0
000000000 0001ca257 000000000 000000000 000000000 0
000000000 000000000 000000000 000000000 054341044 0
000000000 000000000 000000000 000000000 000000000 0
000000000 000000000 000000000 000000000 000000000 0
000000000 0001cb25f 000000000 000000000 000000000 0
000000000 000000000 000000000 000000000 054745044 0
000000000 000000000 000000000 000000000 000000000 0
000000000 000000000 000000000 000000000 000000000 0
000000000 0001cc267 000000000 000000000 000000000 0
000000000 000000000 000000000 000000000 054b49044 0
000000000 000000000 000000000 000000000 000000000 0
000000000 000000000 000000000 000000000 000000000 0
000000000 0001cd26f 000000000 000000000 000000000 0
000000000 000000000 000000000 000000000 054f4d044 0
000000000 000000000 000000000 000000000 000000000 0
000000000 000000000 000000000 000000000 000000000 0
000000000 0001ce277 000000000 000000000 000000000 0
000000000 000000000 000000000 000000000 055351044 0
000000000 000000000 000000000 000000000 000000000 0
000000000 000000000 000000000 000000000 000000000 0
000000000 0001cf27f 000000000 000000000 000000000 0
000000000 000000000 000000000 000000000 055755044 0
000000000 000000000 000000000 000000000 000000000 0
000000000 000000000 000000000 000000000 000000000 0
000000000 0001d0287 000000000 000000000 000000000 0
000000000 000000000 000000000 000000000 055b59044 0
000000000 000000000 000000000 000000000 000000000 0
000000000 000000000 000000000 000000000 000000000 0
000000000 0001d128f 000000000 000000000 000000000 0
000000000 000000000 000000000 000000000 055f5d044 0
000000000 000000000 000000000 000000000 000000000 0
000000000 000000000 000000000 000000000 000000000 0
000000000 0001d2297 000000000 000000000 000000000 0
000000000 000000000 000000000 000000000 056361044 0
000000000 000000000 000000000 000000000 000000000 0
000000000 000000000 000000000 000000000 000000000 0
000240203 0001d329f 000000000 000000000 000000000 0
00024120b 000000000 000000000 000000000 056765044 0
000242213 000000000 000000000 000000000 000000000 0
00024321b 000000000 000000000 000000000 000000000 0
000244223 0001d42a7 000000000 000000000 000000000 0
00024522b 000000000 000000000 000000000 056b69044 0
000246233 000000000 000000000 000000000 000000000 0
00024723b 000000000 000000000 000000000 000000000 0
000248243 0001d52af 000000000 000000000 000000000 0
00024924b 000000000 000000000 000000000 056f6d044 0
00024a253 000000000 000000000 000000000 000000000 0
00024b25b 000000000 000000000 000000000 000000000 0
000000000 0001d62b7 000000000 000000000 000000000 0
000000000 000000000 000000000 000000000 057371044 0
000000000 000000000 000000000 000000000 000000000 0
000000000 000000000 000000000 000000000 000000000 0
000000000 0001d72bf 000000000 000000000 000000000 0
000000000 000000000 000000000 000000000 057775044 0
000000000 000000000 000000000 000000000 000000000 0
000000000 000000000 000000000 000000000 000000000 0
000000000 0001d82c7 000000000 000000000 000000000 0
000000000 000000000 000000000 000000000 057b79044 0
000000000 000000000 000000000 000000000 000000000 0
000000000 000000000 000000000 000000000 000000000 0
000000000 0001d92cf 000000000 000000000 000000000 0
000000000 000000000 000000000 000000000 057f7d044 0
000000000 000000000 000000000 000000000 000000000 0
000000000 000000000 000000000 000000000 000000000 0
000000000 0001da2d7 000000000 000000000 000000000 0
000000000 000000000 000000000 000000000 058381044 0
000000000 000000000 000000000 000000000 000000000 0
000000000 000000000 000000000 000000000 000000000 0
000000000 0001db2df 000000000 000000000 000000000 0
000000000 000000000 000000000 000000000 058785044 0
000000000 000000000 000000000 000000000 000000000 0
000000000 000000000 000000000 000000000 000000000 0
000000000 0001dc2e7 000000000 000000000 000000000 0
000000000 000000000 000000000 000000000 058b89044 0
000000000 000000000 000000000 000000000 000000000 0
000000000 000000000 000000000 000000000 000000000 0
000000000 0001dd2ef 000000000 000000000 000000000 0
000000000 000000000 000000000 000000000 058f8d044 0
000000000 000000000 000000000 000000000 000000000 0
000000000 000000000 000000000 000000000 000000000 0
000000000 0001de2f7 000000000 000000000 000000000 0
000000000 000000000 000000000 000000000 059391044 0
000000000 000000000 000000000 000000000 000000000 0
000000000 000000000 000000000 000000000 000000000 0
00024c263 0001df2ff 000000000 000000000 000000000 0
00024d26b 000000000 000000000 000000000 059795044 0
00024e273 000000000 000000000 000000000 000000000 0
00024f27b 000000000 000000000 000000000 000000000 0
000250283 0001e0307 000000000 000000000 000000000 0
00025128b 000000000 000000000 000000000 059b99044 0
000252293 000000000 000000000 000000000 000000000 0
00025329b 000000000 000000000 000000000 000000000 0
0002542a3 0001e130f 000000000 000000000 000000000 0
0002552ab 000000000 000000000 000000000 059f9d044 0
0002562b3 000000000 000000000 000000000 000000000 0
0002572bb 000000000 000000000 000000000 000000000 0
000000000 0001e2317 000000000 000000000 000000000 0
000000000 000000000 000000000 000000000 05a3a1044 0
000000000 000000000 000000000 000000000 000000000 0
000000000 000000000 000000000 000000000 000000000 0
000000000 0001e331f 000000000 000000000 000000000 0
000000000 000000000 000000000 000000000 05a7a5044 0
000000000 000000000 000000000 000000000 000000000 0
000000000 000000000 000000000 000000000 000000000 0
000000000 0001e4327 000000000 000000000 000000000 0
000000000 000000000 000000000 000000000 05aba9044 0
000000000 000000000 000000000 000000000 000000000 0
000000000 000000000 000000000 000000000 000000000 0
000000000 0001e532f 000000000 000000000 000000000 0
000000000 000000000 000000000 000000000 05afad044 0
000000000 000000000 000000000 000000000 000000000 0
000000000 000000000 000000000 000000000 000000000 0
000000000 0001e6337 000000000 000000000 000000000 0
000000000 000000000 000000000 000000000 05b3b1044 0
000000000 000000000 000000000 000000000 000000000 0
000000000 000000000 000000000 000000000 000000000 0
000000000 0001e733f 000000000 000000000 000000000 0
000000000 000000000 000000000 000000000 05b7b5044 0
000000000 000000000 000000000 000000000 000000000 0
000000000 000000000 000000000 000000000 000000000 0
000000000 0001e8347 000000000 000000000 000000000 0
000000000 000000000 000000000 000000000 05bbb9044 0
000000000 000000000 000000000 000000000 000000000 0
000000000 000000000 000000000 000000000 000000000 0
000000000 0001e934f 000000000 000000000 000000000 0
000000000 000000000 000000000 000000000 05bfbd044 0
000000000 000000000 000000000 000000000 000000000 0
000000000 000000000 000000000 000000000 000000000 0
000000000 0001ea357 000000000 000000000 000000000 0
000000000 000000000 000000000 000000000 05c3c1044 0
000000000 000000000 000000000 000000000 000000000 0
000000000 000000000 000000000 000000000 000000000 0
0002582c3 0001eb35f 000000000 000000000 000000000 0
0002592cb 000000000 000000000 000000000 05c7c5044 0
00025a2d3 000000000 000000000 000000000 000000000 0
00025b2db 000000000 000000000 000000000 000000000 0
00025c2e3 0001ec367 000000000 000000000 000000000 0
00025d2eb 000000000 000000000 000000000 05cbc9044 0
00025e2f3 000000000 000000000 000000000 000000000 0
00025f2fb 000000000 000000000 000000000 000000000 0
000260303 0001ed36f 000000000 000000000 000000000 0
00026130b 000000000 000000000 000000000 05cfcd044 0
000262313 000000000 000000000 000000000 000000000 0
00026331b 000000000 000000000 000000000 000000000 0
000000000 0001ee377 000000000 000000000 000000000 0
000000000 000000000 000000000 000000000 05d3d1044 0
000000000 000000000 000000000 000000000 000000000 0
000000000 000000000 000000000 000000000 000000000 0
000000000 0001ef37f 000000000 000000000 000000000 0
000000000 000000000 000000000 000000000 05d7d5044 0
000000000 000000000 000000000 000000000 000000000 0
000000000 000000000 000000000 000000000 000000000 0
000000000 0001f0387 000000000 000000000 000000000 0
000000000 000000000 000000000 000000000 05dbd9044 0
000000000 000000000 000000000 000000000 000000000 0
000000000 000000000 000000000 000000000 000000000 0
000000000 0001f138f 000000000 000000000 000000000 0
000000000 000000000 000000000 000000000 05dfdd044 0
000000000 000000000 000000000 000000000 000000000 0
000000000 000000000 000000000 000000000 000000000 0
000000000 0001f2397 000000000 000000000 000000000 0
000000000 000000000 000000000 000000000 05e3e1044 0
000000000 000000000 000000000 000000000 000000000 0
000000000 000000000 000000000 000000000 000000000 0
000000000 0001f339f 000000000 000000000 000000000 0
000000000 000000000 000000000 000000000 05e7e5044 0
000000000 000000000 000000000 000000000 000000000 0
000000000 000000000 000000000 000000000 000000000 0
000000000 0001f43a7 000000000 000000000 000000000 0
000000000 000000000 000000000 000000000 05ebe9044 0
000000000 000000000 000000000 000000000 000000000 0
000000000 000000000 000000000 000000000 000000000 0
000000000 0001f53af 000000000 000000000 000000000 0
000000000 000000000 000000000 000000000 05efed044 0
000000000 000000000 000000000 000000000 000000000 0
000000000 000000000 000000000 000000000 000000000 0
000000000 0001f63b7 000000000 000000000 000000000 0
000000000 000000000 000000000 000000000 05f3f1044 0
000000000 000000000 000000000 000000000 000000000 0
000000000 000000000 000000000 000000000 000000000 0
000264323 0001f73bf 000000000 000000000 000000000 0
00026532b 000000000 000000000 000000000 05f7f5044 0
000266333 000000000 000000000 000000000 000000000 0
00026733b 000000000 000000000 000000000 000000000 0
000268343 0001f83c7 000000000 000000000 000000000 0
00026934b 000000000 000000000 000000000 05fbf9044 0
00026a353 000000000 000000000 000000000 000000000 0
00026b35b 000000000 000000000 000000000 000000000 0
00026c363 0001f93cf 000000000 000000000 000000000 0
00026d36b 000000000 000000000 000000000 05fffd044 0
00026e373 000000000 000000000 000000000 000000000 0
00026f37b 000000000 000000000 000000000 000000000 0
000000000 0001fa3d7 000000000 000000000 000000000 0
000000000 000000000 000000000 000000000 040201044 0
000000000 000000000 000000000 000000000 000000000 0
000000000 000000000 000000000 000000000 000000000 0
000000000 0001fb3df 000000000 000000000 000000000 0
000000000 000000000 000000000 000000000 040605044 0
000000000 000000000 000000000 000000000 000000000 0
000000000 000000000 000000000 000000000 000000000 0
000000000 0001fc3e7 000000000 000000000 000000000 0
000000000 000000000 000000000 000000000 040a09044 0
000000000 000000000 000000000 000000000 000000000 0
000000000 000000000 000000000 000000000 000000000 0
000000000 0001fd3ef 000000000 000000000 000000000 0
000000000 000000000 000000000 000000000 040e0d044 0
000000000 000000000 000000000 000000000 000000000 0
000000000 000000000 000000000 000000000 000000000 0
000000000 0001fe3f7 000000000 000000000 000000000 0
000000000 000000000 000000000 000000000 041211044 0
000000000 000000000 000000000 000000000 000000000 0
000000000 000000000 000000000 000000000 000000000 0
000000000 0001ff3ff 000000000 000000000 000000000 0
000000000 000000000 000000000 000000000 041615044 0
000000000 000000000 000000000 000000000 000000000 0
000000000 000000000 000000000 000000000 000000000 0
000000000 000200007 000000000 000000000 000000000 0
000000000 000000000 000000000 000000000 041a19044 0
000000000 000000000 000000000 000000000 000000000 0
000000000 000000000 000000000 000000000 000000000 0
000000000 00020100f 000000000 000000000 000000000 0
000000000 000000000 000000000 000000000 041e1d044 0
000000000 000000000 000000000 000000000 000000000 0
000000000 000000000 000000000 000000000 000000000 0
000000000 000202017 000000000 000000000 000000000 0
000000000 000000000 000000000 000000000 042221044 0
000000000 000000000 000000000 000000000 000000000 0
000000000 000000000 000000000 000000000 000000000 0
000270383 00020301f 000000000 000000000 000000000 0
00027138b 000000000 000000000 000000000 042625044 0
000272393 000000000 000000000 000000000 000000000 0
00027339b 000000000 000000000 000000000 000000000 0
0002743a3 000204027 000000000 000000000 000000000 0
0002753ab 000000000 000000000 000000000 042a29044 0
0002763b3 000000000 000000000 000000000 000000000 0
0002773bb 000000000 000000000 000000000 000000000 0
0002783c3 00020502f 000000000 000000000 000000000 0
0002793cb 000000000 000000000 000000000 042e2d044 0
00027a3d3 000000000 000000000 000000000 000000000 0
00027b3db 000000000 000000000 000000000 000000000 0
000000000 000206037 000000000 000000000 000000000 0
000000000 000000000 000000000 000000000 043231044 0
000000000 000000000 000000000 000000000 000000000 0
000000000 000000000 000000000 000000000 000000000 0
000000000 00020703f 000000000 000000000 000000000 0
000000000 000000000 000000000 000000000 043635044 0
000000000 000000000 000000000 000000000 000000000 0
000000000 000000000 000000000 000000000 000000000 0
000000000 000208047 000000000 000000000 000000000 0
000000000 000000000 000000000 000000000 043a39044 0
000000000 000000000 000000000 000000000 000000000 0
000000000 000000000 000000000 000000000 000000000 0
000000000 00020904f 000000000 000000000 000000000 0
000000000 000000000 000000000 000000000 043e3d044 0
000000000 000000000 000000000 000000000 000000000 0
000000000 000000000 000000000 000000000 000000000 0
000000000 00020a057 000000000 000000000 000000000 0
000000000 000000000 000000000 000000000 044241044 0
000000000 000000000 000000000 000000000 000000000 0
000000000 000000000 000000000 000000000 000000000 0
000000000 00020b05f 000000000 000000000 000000000 0
000000000 000000000 000000000 000000000 044645044 0
000000000 000000000 000000000 000000000 000000000 0
000000000 000000000 000000000 000000000 000000000 0
000000000 00020c067 000000000 000000000 000000000 0
000000000 000000000 000000000 000000000 044a49044 0
000000000 000000000 000000000 000000000 000000000 0
000000000 000000000 000000000 000000000 000000000 0
000000000 00020d06f 000000000 000000000 000000000 0
000000000 000000000 000000000 000000000 044e4d044 0
000000000 000000000 000000000 000000000 000000000 0
000000000 000000000 000000000 000000000 000000000 0
000000000 00020e077 000000000 000000000 000000000 0
000000000 000000000 000000000 000000000 045251044 0
000000000 000000000 000000000 000000000 000000000 0
000000000 000000000 000000000 000000000 000000000 0
00027c3e3 00020f07f 000000000 000000000 000000000 0
00027d3eb 000000000 000000000 000000000 045655044 0
00027e3f3 000000000 000000000 000000000 000000000 0
00027f3fb 000000000 000000000 000000000 000000000 0
000280003 000210087 000000000 000000000 000000000 0
00028100b 000000000 000000000 000000000 045a59044 0
000282013 000000000 000000000 000000000 000000000 0
00028301b 000000000 000000000 000000000 000000000 0
000284023 00021108f 000000000 000000000 000000000 0
00028502b 000000000 000000000 000000000 045e5d044 0
000286033 000000000 000000000 000000000 000000000 0
00028703b 000000000 000000000 000000000 000000000 0
000000000 000212097 000000000 000000000 000000000 0
000000000 000000000 000000000 000000000 046261044 0
000000000 000000000 000000000 000000000 000000000 0
000000000 000000000 000000000 000000000 000000000 0
000000000 00021309f 000000000 000000000 000000000 0
000000000 000000000 000000000 000000000 046665044 0
000000000 000000000 000000000 000000000 000000000 0
000000000 000000000 000000000 000000000 000000000 0
000000000 0002140a7 000000000 000000000 000000000 0
000000000 000000000 000000000 000000000 046a69044 0
000000000 000000000 000000000 000000000 000000000 0
000000000 000000000 000000000 000000000 000000000 0
000000000 0002150af 000000000 000000000 000000000 0
000000000 000000000 000000000 000000000 046e6d044 0
000000000 000000000 000000000 000000000 000000000 0
000000000 000000000 000000000 000000000 000000000 0
000000000 0002160b7 000000000 000000000 000000000 0
000000000 000000000 000000000 000000000 047271044 0
000000000 000000000 000000000 000000000 000000000 0
000000000 000000000 000000000 000000000 000000000 0
000000000 0002170bf 000000000 000000000 000000000 0
000000000 000000000 000000000 000000000 047675044 0
000000000 000000000 000000000 000000000 000000000 0
000000000 000000000 000000000 000000000 000000000 0
000000000 0002180c7 000000000 000000000 000000000 0
000000000 000000000 000000000 000000000 047a79044 0
000000000 000000000 000000000 000000000 000000000 0
000000000 000000000 000000000 000000000 000000000 0
000000000 0002190cf 000000000 000000000 000000000 0
000000000 000000000 000000000 000000000 047e7d044 0
000000000 000000000 000000000 000000000 000000000 0
000000000 000000000 000000000 000000000 000000000 0
000000000 00021a0d7 000000000 000000000 000000000 0
000000000 000000000 000000000 000000000 048281044 0
000000000 000000000 000000000 000000000 000000000 0
000000000 000000000 000000000 000000000 000000000 0
000288043 00021b0df 000000000 000000000 000000000 0
00028904b 000000000 000000000 000000000 048685044 0
00028a053 000000000 000000000 000000000 000000000 0
00028b05b 000000000 000000000 000000000 000000000 0
00028c063 00021c0e7 000000000 000000000 000000000 0
00028d06b 000000000 000000000 000000000 048a89044 0
00028e073 000000000 000000000 000000000 000000000 0
00028f07b 000000000 000000000 000000000 000000000 0
000290083 00021d0ef 000000000 000000000 000000000 0
00029108b 000000000 000000000 000000000 048e8d044 0
000292093 000000000 000000000 000000000 000000000 0
00029309b 000000000 000000000 000000000 000000000 0
000000000 00021e0f7 000000000 000000000 000000000 0
000000000 000000000 000000000 000000000 049291044 0
000000000 000000000 000000000 000000000 000000000 0
000000000 000000000 000000000 000000000 000000000 0
000000000 00021f0ff 000000000 000000000 000000000 0
000000000 000000000 000000000 000000000 049695044 0
000000000 000000000 000000000 000000000 000000000 0
000000000 000000000 000000000 000000000 000000000 0
000000000 000220107 000000000 000000000 000000000 0
000000000 000000000 000000000 000000000 049a99044 0
000000000 000000000 000000000 000000000 000000000 0
000000000 000000000 000000000 000000000 000000000 0
000000000 00022110f 000000000 000000000 000000000 0
000000000 000000000 000000000 000000000 049e9d044 0
000000000 000000000 000000000 000000000 000000000 0
000000000 000000000 000000000 000000000 000000000 0
000000000 000222117 000000000 000000000 000000000 0
000000000 000000000 000000000 000000000 04a2a1044 0
000000000 000000000 000000000 000000000 000000000 0
000000000 000000000 000000000 000000000 000000000 0
000000000 00022311f 000000000 000000000 000000000 0
000000000 000000000 000000000 000000000 04a6a5044 0
000000000 000000000 000000000 000000000 000000000 0
000000000 000000000 000000000 000000000 000000000 0
000000000 000224127 000000000 000000000 000000000 0
000000000 000000000 000000000 000000000 04aaa9044 0
000000000 000000000 000000000 000000000 000000000 0
000000000 000000000 000000000 000000000 000000000 0
000000000 00022512f 000000000 000000000 000000000 0
000000000 000000000 000000000 000000000 04aead044 0
000000000 000000000 000000000 000000000 000000000 0
000000000 000000000 000000000 000000000 000000000 0
000000000 000226137 000000000 000000000 000000000 0
000000000 000000000 000000000 000000000 04b2b1044 0
000000000 000000000 000000000 000000000 000000000 0
000000000 000000000 000000000 000000000 000000000 0
0002940a3 00022713f 000000000 000000000 000000000 0
0002950ab 000000000 000000000 000000000 04b6b5044 0
0002960b3 000000000 000000000 000000000 000000000 0
0002970bb 000000000 000000000 000000000 000000000 0
0002980c3 000228147 000000000 000000000 000000000 0
0002990cb 000000000 000000000 000000000 04bab9044 0
00029a0d3 000000000 000000000 000000000 000000000 0
00029b0db 000000000 000000000 000000000 000000000 0
00029c0e3 00022914f 000000000 000000000 000000000 0
00029d0eb 000000000 000000000 000000000 04bebd044 0
00029e0f3 000000000 000000000 000000000 000000000 0
00029f0fb 000000000 000000000 000000000 000000000 0
000000000 00022a157 000000000 000000000 000000000 0
000000000 000000000 000000000 000000000 04c2c1044 0
000000000 000000000 000000000 000000000 000000000 0
000000000 000000000 000000000 000000000 000000000 0
000000000 00022b15f 000000000 000000000 000000000 0
000000000 000000000 000000000 000000000 04c6c5044 0
000000000 000000000 000000000 000000000 000000000 0
000000000 000000000 000000000 000000000 000000000 0
000000000 00022c167 000000000 000000000 000000000 0
000000000 000000000 000000000 000000000 04cac9044 0
000000000 000000000 000000000 000000000 000000000 0
000000000 000000000 000000000 000000000 000000000 0
000000000 00022d16f 000000000 000000000 000000000 0
000000000 000000000 000000000 000000000 04cecd044 0
000000000 000000000 000000000 000000000 000000000 0
000000000 000000000 000000000 000000000 000000000 0
000000000 00022e177 000000000 000000000 000000000 0
000000000 000000000 000000000 000000000 04d2d1044 0
000000000 000000000 000000000 000000000 000000000 0
000000000 000000000 000000000 000000000 000000000 0
000000000 00022f17f 000000000 000000000 000000000 0
000000000 000000000 000000000 000000000 04d6d5044 0
000000000 000000000 000000000 000000000 000000000 0
000000000 000000000 000000000 000000000 000000000 0
000000000 000230187 000000000 000000000 000000000 0
000000000 000000000 000000000 000000000 04dad9044 0
000000000 000000000 000000000 000000000 000000000 0
000000000 000000000 000000000 000000000 000000000 0
000000000 00023118f 000000000 000000000 000000000 0
000000000 000000000 000000000 000000000 04dedd044 0
000000000 000000000 000000000 000000000 000000000 0
000000000 000000000 000000000 000000000 000000000 0
000000000 000232197 000000000 000000000 000000000 0
000000000 000000000 000000000 000000000 04e2e1044 0
000000000 000000000 000000000 000000000 000000000 0
000000000 000000000 000000000 000000000 000000000 0
0002a0103 00023319f 000000000 000000000 000000000 0
0002a110b 000000000 000000000 000000000 04e6e5044 0
0002a2113 000000000 000000000 000000000 000000000 0
0002a311b 000000000 000000000 000000000 000000000 0
0002a4123 0002341a7 000000000 000000000 000000000 0
0002a512b 000000000 000000000 000000000 04eae9044 0
0002a6133 000000000 000000000 000000000 000000000 0
0002a713b 000000000 000000000 000000000 000000000 0
0002a8143 0002351af 000000000 000000000 000000000 0
0002a914b 000000000 000000000 000000000 04eeed044 0
0002aa153 000000000 000000000 000000000 000000000 0
0002ab15b 000000000 000000000 000000000 000000000 0
000000000 0002361b7 000000000 000000000 000000000 0
000000000 000000000 000000000 000000000 04f2f1044 0
000000000 000000000 000000000 000000000 000000000 0
000000000 000000000 000000000 000000000 000000000 0
000000000 0002371bf 000000000 000000000 000000000 0
000000000 000000000 000000000 000000000 04f6f5044 0
000000000 000000000 000000000 000000000 000000000 0
000000000 000000000 000000000 000000000 000000000 0
000000000 0002381c7 000000000 000000000 000000000 0
000000000 000000000 000000000 000000000 04faf9044 0
000000000 000000000 000000000 000000000 000000000 0
000000000 000000000 000000000 000000000 000000000 0
000000000 0002391cf 000000000 000000000 000000000 0
000000000 000000000 000000000 000000000 04fefd044 0
000000000 000000000 000000000 000000000 000000000 0
000000000 000000000 000000000 000000000 000000000 0
000000000 00023a1d7 000000000 000000000 000000000 0
000000000 000000000 000000000 000000000 050301044 0
000000000 000000000 000000000 000000000 000000000 0
000000000 000000000 000000000 000000000 000000000 0
000000000 00023b1df 000000000 000000000 000000000 0
000000000 000000000 000000000 000000000 050705044 0
000000000 000000000 000000000 000000000 000000000 0
000000000 000000000 000000000 000000000 000000000 0
000000000 00023c1e7 000000000 000000000 000000000 0
000000000 000000000 000000000 000000000 050b09044 0
000000000 000000000 000000000 000000000 000000000 0
000000000 000000000 000000000 000000000 000000000 0
000000000 00023d1ef 000000000 000000000 000000000 0
000000000 000000000 000000000 000000000 050f0d044 0
000000000 000000000 000000000 000000000 000000000 0
000000000 000000000 000000000 000000000 000000000 0
000000000 00023e1f7 000000000 000000000 000000000 0
000000000 000000000 000000000 000000000 051311044 0
000000000 000000000 000000000 000000000 000000000 0
000000000 000000000 000000000 000000000 000000000 0
0002ac163 00023f1ff 000000000 000000000 000000000 0
0002ad16b 000000000 000000000 000000000 051715044 0
0002ae173 000000000 000000000 000000000 000000000 0
0002af17b 000000000 000000000 000000000 000000000 0
0002b0183 000240207 000000000 000000000 000000000 0
0002b118b 000000000 000000000 000000000 051b19044 0
0002b2193 000000000 000000000 000000000 000000000 0
0002b319b 000000000 000000000 000000000 000000000 0
0002b41a3 00024120f 000000000 000000000 000000000 0
0002b51ab 000000000 000000000 000000000 051f1d044 0
0002b61b3 000000000 000000000 000000000 000000000 0
0002b71bb 000000000 000000000 000000000 000000000 0
000000000 000242217 000000000 000000000 000000000 0
000000000 000000000 000000000 000000000 052321044 0
000000000 000000000 000000000 000000000 000000000 0
000000000 000000000 000000000 000000000 000000000 0
000000000 00024321f 000000000 000000000 000000000 0
000000000 000000000 000000000 000000000 052725044 0
000000000 000000000 000000000 000000000 000000000 0
000000000 000000000 000000000 000000000 000000000 0
000000000 000244227 000000000 000000000 000000000 0
000000000 000000000 000000000 000000000 052b29044 0
000000000 000000000 000000000 000000000 000000000 0
000000000 000000000 000000000 000000000 000000000 0
000000000 00024522f 000000000 000000000 000000000 0
000000000 000000000 000000000 000000000 052f2d044 0
000000000 000000000 000000000 000000000 000000000 0
000000000 000000000 000000000 000000000 000000000 0
000000000 000246237 000000000 000000000 000000000 0
000000000 000000000 000000000 000000000 053331044 0
000000000 000000000 000000000 000000000 000000000 0
000000000 000000000 000000000 000000000 000000000 0
000000000 00024723f 000000000 000000000 000000000 0
000000000 000000000 000000000 000000000 053735044 0
000000000 000000000 000000000 000000000 000000000 0
000000000 000000000 000000000 000000000 000000000 0
000000000 000248247 000000000 000000000 000000000 0
000000000 000000000 000000000 000000000 053b39044 0
000000000 000000000 000000000 000000000 000000000 0
000000000 000000000 000000000 000000000 000000000 0
000000000 00024924f 000000000 000000000 000000000 0
000000000 000000000 000000000 000000000 053f3d044 0
000000000 000000000 000000000 000000000 000000000 0
000000000 000000000 000000000 000000000 000000000 0
000000000 00024a257 000000000 000000000 000000000 0
000000000 000000000 000000000 000000000 054341044 0
000000000 000000000 000000000 000000000 000000000 0
000000000 000000000 000000000 000000000 000000000 0
0002b81c3 00024b25f 000000000 000000000 000000000 0
0002b91cb 000000000 000000000 000000000 054745044 0
0002ba1d3 000000000 000000000 000000000 000000000 0
0002bb1db 000000000 000000000 000000000 000000000 0
0002bc1e3 00024c267 000000000 000000000 000000000 0
0002bd1eb 000000000 000000000 000000000 054b49044 0
0002be1f3 000000000 000000000 000000000 000000000 0
0002bf1fb 000000000 000000000 000000000 000000000 0
0002c0203 00024d26f 000000000 000000000 000000000 0
0002c120b 000000000 000000000 000000000 054f4d044 0
0002c2213 000000000 000000000 000000000 000000000 0
0002c321b 000000000 000000000 000000000 000000000 0
000000000 00024e277 000000000 000000000 000000000 0
000000000 000000000 000000000 000000000 055351044 0
000000000 000000000 000000000 000000000 000000000 0
000000000 000000000 000000000 000000000 000000000 0
000000000 00024f27f 000000000 000000000 000000000 0
000000000 000000000 000000000 000000000 055755044 0
000000000 000000000 000000000 000000000 000000000 0
000000000 000000000 000000000 000000000 000000000 0
000000000 000250287 000000000 000000000 000000000 0
000000000 000000000 000000000 000000000 055b59044 0
000000000 000000000 000000000 000000000 000000000 0
000000000 000000000 000000000 000000000 000000000 0
000000000 00025128f 000000000 000000000 000000000 0
000000000 000000000 000000000 000000000 055f5d044 0
000000000 000000000 000000000 000000000 000000000 0
000000000 000000000 000000000 000000000 000000000 0
000000000 000252297 000000000 000000000 000000000 0
000000000 000000000 000000000 000000000 056361044 0
000000000 000000000 000000000 000000000 000000000 0
000000000 000000000 000000000 000000000 000000000 0
000000000 00025329f 000000000 000000000 000000000 0
000000000 000000000 000000000 000000000 056765044 0
000000000 000000000 000000000 000000000 000000000 0
000000000 000000000 000000000 000000000 000000000 0
000000000 0002542a7 000000000 000000000 000000000 0
000000000 000000000 000000000 000000000 056b69044 0
000000000 000000000 000000000 000000000 000000000 0
000000000 000000000 000000000 000000000 000000000 0
000000000 0002552af 000000000 000000000 000000000 0
000000000 000000000 000000000 000000000 056f6d044 0
000000000 000000000 000000000 000000000 000000000 0
000000000 000000000 000000000 000000000 000000000 0
000000000 0002562b7 000000000 000000000 000000000 0
000000000 000000000 000000000 000000000 057371044 0
000000000 000000000 000000000 000000000 000000000 0
000000000 000000000 000000000 000000000 000000000 0
0002c4223 0002572bf 000000000 000000000 000000000 0
0002c522b 000000000 000000000 000000000 057775044 0
0002c6233 000000000 000000000 000000000 000000000 0
0002c723b 000000000 000000000 000000000 000000000 0
0002c8243 0002582c7 000000000 000000000 000000000 0
0002c924b 000000000 000000000 000000000 057b79044 0
0002ca253 000000000 000000000 000000000 000000000 0
0002cb25b 000000000 000000000 000000000 000000000 0
0002cc263 0002592cf 000000000 000000000 000000000 0
0002cd26b 000000000 000000000 000000000 057f7d044 0
0002ce273 000000000 000000000 000000000 000000000 0
0002cf27b 000000000 000000000 000000000 000000000 0
000000000 00025a2d7 000000000 000000000 000000000 0
000000000 000000000 000000000 000000000 058381044 0
000000000 000000000 000000000 000000000 000000000 0
000000000 000000000 000000000 000000000 000000000 0
000000000 00025b2df 000000000 000000000 000000000 0
000000000 000000000 000000000 000000000 058785044 0
000000000 000000000 000000000 000000000 000000000 0
000000000 000000000 000000000 000000000 000000000 0
000000000 00025c2e7 000000000 000000000 000000000 0
000000000 000000000 000000000 000000000 058b89044 0
000000000 000000000 000000000 000000000 000000000 0
000000000 000000000 000000000 000000000 000000000 0
000000000 00025d2ef 000000000 000000000 000000000 0
000000000 000000000 000000000 000000000 058f8d044 0
000000000 000000000 000000000 000000000 000000000 0
000000000 000000000 000000000 000000000 000000000 0
000000000 00025e2f7 000000000 000000000 000000000 0
000000000 000000000 000000000 000000000 059391044 0
000000000 000000000 000000000 000000000 000000000 0
000000000 000000000 000000000 000000000 000000000 0
000000000 00025f2ff 000000000 000000000 000000000 0
000000000 000000000 000000000 000000000 059795044 0
000000000 000000000 000000000 000000000 000000000 0
000000000 000000000 000000000 000000000 000000000 0
000000000 000260307 000000000 000000000 000000000 0
000000000 000000000 000000000 000000000 059b99044 0
000000000 000000000 000000000 000000000 000000000 0
000000000 000000000 000000000 000000000 000000000 0
000000000 00026130f 000000000 000000000 000000000 0
000000000 000000000 000000000 000000000 059f9d044 0
000000000 000000000 000000000 000000000 000000000 0
000000000 000000000 000000000 000000000 000000000 0
000000000 000262317 000000000 000000000 000000000 0
000000000 000000000 000000000 000000000 05a3a1044 0
000000000 000000000 000000000 000000000 000000000 0
000000000 000000000 000000000 000000000 000000000 0
0002d0283 00026331f 000000000 000000000 000000000 0
0002d128b 000000000 000000000 000000000 05a7a5044 0
0002d2293 000000000 000000000 000000000 000000000 0
0002d329b 000000000 000000000 000000000 000000000 0
0002d42a3 000264327 000000000 000000000 000000000 0
0002d52ab 000000000 000000000 000000000 05aba9044 0
0002d62b3 000000000 000000000 000000000 000000000 0
0002d72bb 000000000 000000000 000000000 000000000 0
0002d82c3 00026532f 000000000 000000000 000000000 0
0002d92cb 000000000 000000000 000000000 05afad044 0
0002da2d3 000000000 000000000 000000000 000000000 0
0002db2db 000000000 000000000 000000000 000000000 0
000000000 000266337 000000000 000000000 000000000 0
000000000 000000000 000000000 000000000 05b3b1044 0
000000000 000000000 000000000 000000000 000000000 0
000000000 000000000 000000000 000000000 000000000 0
000000000 00026733f 000000000 000000000 000000000 0
000000000 000000000 000000000 000000000 05b7b5044 0
000000000 000000000 000000000 000000000 000000000 0
000000000 000000000 000000000 000000000 000000000 0
000000000 000268347 000000000 000000000 000000000 0
000000000 000000000 000000000 000000000 05bbb9044 0
000000000 000000000 000000000 000000000 000000000 0
000000000 000000000 000000000 000000000 000000000 0
000000000 00026934f 000000000 000000000 000000000 0
000000000 000000000 000000000 000000000 05bfbd044 0
000000000 000000000 000000000 000000000 000000000 0
000000000 000000000 000000000 000000000 000000000 0
000000000 00026a357 000000000 000000000 000000000 0
000000000 000000000 000000000 000000000 05c3c1044 0
000000000 000000000 000000000 000000000 000000000 0
000000000 000000000 000000000 000000000 000000000 0
000000000 00026b35f 000000000 000000000 000000000 0
000000000 000000000 000000000 000000000 05c7c5044 0
000000000 000000000 000000000 000000000 000000000 0
000000000 000000000 000000000 000000000 000000000 0
000000000 00026c367 000000000 000000000 000000000 0
000000000 000000000 000000000 000000000 05cbc9044 0
000000000 000000000 000000000 000000000 000000000 0
000000000 000000000 000000000 000000000 000000000 0
000000000 00026d36f 000000000 000000000 000000000 0
000000000 000000000 000000000 000000000 05cfcd044 0
000000000 000000000 000000000 000000000 000000000 0
000000000 000000000 000000000 000000000 000000000 0
000000000 00026e377 000000000 000000000 000000000 0
000000000 000000000 000000000 000000000 05d3d1044 0
000000000 000000000 000000000 000000000 000000000 0
000000000 000000000 000000000 000000000 000000000 0
0002dc2e3 00026f37f 000000000 000000000 000000000 0
0002dd2eb 000000000 000000000 000000000 05d7d5044 0
0002de2f3 000000000 000000000 000000000 000000000 0
0002df2fb 000000000 000000000 000000000 000000000 0
0002e0303 000270387 000000000 000000000 000000000 0
0002e130b 000000000 000000000 000000000 05dbd9044 0
0002e2313 000000000 000000000 000000000 000000000 0
0002e331b 000000000 000000000 000000000 000000000 0
0002e4323 00027138f 000000000 000000000 000000000 0
0002e532b 000000000 000000000 000000000 05dfdd044 0
0002e6333 000000000 000000000 000000000 000000000 0
0002e733b 000000000 000000000 000000000 000000000 0
000000000 000272397 000000000 000000000 000000000 0
000000000 000000000 000000000 000000000 05e3e1044 0
000000000 000000000 000000000 000000000 000000000 0
000000000 000000000 000000000 000000000 000000000 0
000000000 00027339f 000000000 000000000 000000000 0
000000000 000000000 000000000 000000000 05e7e5044 0
000000000 000000000 000000000 000000000 000000000 0
000000000 000000000 000000000 000000000 000000000 0
000000000 0002743a7 000000000 000000000 000000000 0
000000000 000000000 000000000 000000000 05ebe9044 0
000000000 000000000 000000000 000000000 000000000 0
000000000 000000000 000000000 000000000 000000000 0
000000000 0002753af 000000000 000000000 000000000 0
000000000 000000000 000000000 000000000 05efed044 0
000000000 000000000 000000000 000000000 000000000 0
000000000 000000000 000000000 000000000 000000000 0
000000000 0002763b7 000000000 000000000 000000000 0
000000000 000000000 000000000 000000000 05f3f1044 0
000000000 000000000 000000000 000000000 000000000 0
000000000 000000000 000000000 000000000 000000000 0
000000000 0002773bf 000000000 000000000 000000000 0
000000000 000000000 000000000 000000000 05f7f5044 0
000000000 000000000 000000000 000000000 000000000 0
000000000 000000000 000000000 000000000 000000000 0
000000000 0002783c7 000000000 000000000 000000000 0
000000000 000000000 000000000 000000000 05fbf9044 0
000000000 000000000 000000000 000000000 000000000 0
000000000 000000000 000000000 000000000 000000000 0
000000000 0002793cf 000000000 000000000 000000000 0
000000000 000000000 000000000 000000000 05fffd044 0
000000000 000000000 000000000 000000000 000000000 0
000000000 000000000 000000000 000000000 000000000 0
000000000 00027a3d7 000000000 000000000 000000000 0
000000000 000000000 000000000 000000000 040201044 0
000000000 000000000 000000000 000000000 000000000 0
000000000 000000000 000000000 000000000 000000000 0
0002e8343 00027b3df 000000000 000000000 000000000 0
0002e934b 000000000 000000000 000000000 040605044 0
0002ea353 000000000 000000000 000000000 000000000 0
0002eb35b 000000000 000000000 000000000 000000000 0
0002ec363 00027c3e7 000000000 000000000 000000000 0
0002ed36b 000000000 000000000 000000000 040a09044 0
0002ee373 000000000 000000000 000000000 000000000 0
0002ef37b 000000000 000000000 000000000 000000000 0
0002f0383 00027d3ef 000000000 000000000 000000000 0
0002f138b 000000000 000000000 000000000 040e0d044 0
0002f2393 000000000 000000000 000000000 000000000 0
0002f339b 000000000 000000000 000000000 000000000 0
000000000 00027e3f7 000000000 000000000 000000000 0
000000000 000000000 000000000 000000000 041211044 0
000000000 000000000 000000000 000000000 000000000 0
000000000 000000000 000000000 000000000 000000000 0
000000000 00027f3ff 000000000 000000000 000000000 0
000000000 000000000 000000000 000000000 041615044 0
000000000 000000000 000000000 000000000 000000000 0
000000000 000000000 000000000 000000000 000000000 0
000000000 000280007 000000000 000000000 000000000 0
000000000 000000000 000000000 000000000 041a19044 0
000000000 000000000 000000000 000000000 000000000 0
000000000 000000000 000000000 000000000 000000000 0
000000000 00028100f 000000000 000000000 000000000 0
000000000 000000000 000000000 000000000 041e1d044 0
000000000 000000000 000000000 000000000 000000000 0
000000000 000000000 000000000 000000000 000000000 0
000000000 000282017 000000000 000000000 000000000 0
000000000 000000000 000000000 000000000 042221044 0
000000000 000000000 000000000 000000000 000000000 0
000000000 000000000 000000000 000000000 000000000 0
000000000 00028301f 000000000 000000000 000000000 0
000000000 000000000 000000000 000000000 042625044 0
000000000 000000000 000000000 000000000 000000000 0
000000000 000000000 000000000 000000000 000000000 0
000000000 000284027 000000000 000000000 000000000 0
000000000 000000000 000000000 000000000 042a29044 0
000000000 000000000 000000000 000000000 000000000 0
000000000 000000000 000000000 000000000 000000000 0
000000000 00028502f 000000000 000000000 000000000 0
000000000 000000000 000000000 000000000 042e2d044 0
000000000 000000000 000000000 000000000 000000000 0
000000000 000000000 000000000 000000000 000000000 0
000000000 000286037 000000000 000000000 000000000 0
000000000 000000000 000000000 000000000 043231044 0
000000000 000000000 000000000 000000000 000000000 0
000000000 000000000 000000000 000000000 000000000 0
0002f43a3 00028703f 000000000 000000000 000000000 0
0002f53ab 000000000 000000000 000000000 043635044 0
0002f63b3 000000000 000000000 000000000 000000000 0
0002f73bb 000000000 000000000 000000000 000000000 0
0002f83c3 000288047 000000000 000000000 000000000 0
0002f93cb 000000000 000000000 000000000 043a39044 0
0002fa3d3 000000000 000000000 000000000 000000000 0
0002fb3db 000000000 000000000 000000000 000000000 0
0002fc3e3 00028904f 000000000 000000000 000000000 0
0002fd3eb 000000000 000000000 000000000 043e3d044 0
0002fe3f3 000000000 000000000 000000000 000000000 0
0002ff3fb 000000000 000000000 000000000 000000000 0
000000000 00028a057 000000000 000000000 000000000 0
000000000 000000000 000000000 000000000 044241044 0
000000000 000000000 000000000 000000000 000000000 0
000000000 000000000 000000000 000000000 000000000 0
000000000 00028b05f 000000000 000000000 000000000 0
000000000 000000000 000000000 000000000 044645044 0
000000000 000000000 000000000 000000000 000000000 0
000000000 000000000 000000000 000000000 000000000 0
000000000 00028c067 000000000 000000000 000000000 0
000000000 000000000 000000000 000000000 044a49044 0
000000000 000000000 000000000 000000000 000000000 0
000000000 000000000 000000000 000000000 000000000 0
000000000 00028d06f 000000000 000000000 000000000 0
000000000 000000000 000000000 000000000 044e4d044 0
000000000 000000000 000000000 000000000 000000000 0
000000000 000000000 000000000 000000000 000000000 0
000000000 00028e077 000000000 000000000 000000000 0
000000000 000000000 000000000 000000000 045251044 0
000000000 000000000 000000000 000000000 000000000 0
000000000 000000000 000000000 000000000 000000000 0
000000000 00028f07f 000000000 000000000 000000000 0
000000000 000000000 000000000 000000000 045655044 0
000000000 000000000 000000000 000000000 000000000 0
000000000 000000000 000000000 000000000 000000000 0
000000000 000290087 000000000 000000000 000000000 0
000000000 000000000 000000000 000000000 045a59044 0
000000000 000000000 000000000 000000000 000000000 0
000000000 000000000 000000000 000000000 000000000 0
000000000 00029108f 000000000 000000000 000000000 0
000000000 000000000 000000000 000000000 045e5d044 0
000000000 000000000 000000000 000000000 000000000 0
000000000 000000000 000000000 000000000 000000000 0
000000000 000292097 000000000 000000000 000000000 0
000000000 000000000 000000000 000000000 046261044 0
000000000 000000000 000000000 000000000 000000000 0
000000000 000000000 000000000 000000000 000000000 0
000000000 00029309f 000000000 000000000 000000000 0
000000000 000000000 000000000 000000000 046665044 0
000000000 000000000 000000000 000000000 000000000 0
000000000 000000000 000000000 000000000 000000000 0
000000000 0002940a7 000000000 000000000 000000000 0
000000000 000000000 000000000 000000000 046a69044 0
000000000 000000000 000000000 000000000 000000000 0
000000000 000000000 000000000 000000000 000000000 0
000000000 0002950af 000000000 000000000 000000000 0
000000000 000000000 000000000 000000000 046e6d044 0
000000000 000000000 000000000 000000000 000000000 0
000000000 000000000 000000000 000000000 000000000 0
000000000 0002960b7 000000000 000000000 000000000 0
000000000 000000000 000000000 000000000 047271044 0
000000000 000000000 000000000 000000000 000000000 0
000000000 000000000 000000000 000000000 000000000 0
000000000 0002970bf 000000000 000000000 000000000 0
000000000 000000000 000000000 000000000 047675044 0
000000000 000000000 000000000 000000000 000000000 0
000000000 000000000 000000000 000000000 000000000 0
000000000 0002980c7 000000000 000000000 000000000 0
000000000 000000000 000000000 000000000 047a79044 0
000000000 000000000 000000000 000000000 000000000 0
000000000 000000000 000000000 000000000 000000000 0
000000000 0002990cf 000000000 000000000 000000000 0
000000000 000000000 000000000 000000000 047e7d044 0
000000000 000000000 000000000 000000000 000000000 0
000000000 000000000 000000000 000000000 000000000 0
000000000 00029a0d7 000000000 000000000 000000000 0
000000000 000000000 000000000 000000000 048281044 0
000000000 000000000 000000000 000000000 000000000 0
000000000 000000000 000000000 000000000 000000000 0
000000000 00029b0df 000000000 000000000 000000000 0
000000000 000000000 000000000 000000000 048685044 0
000000000 000000000 000000000 000000000 000000000 0
000000000 000000000 000000000 000000000 000000000 0
000000000 00029c0e7 000000000 000000000 000000000 0
000000000 000000000 000000000 000000000 048a89044 0
000000000 000000000 000000000 000000000 000000000 0
000000000 000000000 000000000 000000000 000000000 0
000000000 00029d0ef 000000000 000000000 000000000 0
000000000 000000000 000000000 000000000 048e8d044 0
000000000 000000000 000000000 000000000 000000000 0
000000000 000000000 000000000 000000000 000000000 0
000000000 00029e0f7 000000000 000000000 000000000 0
000000000 000000000 000000000 000000000 049291044 0
000000000 000000000 000000000 000000000 000000000 0
000000000 000000000 000000000 000000000 000000000 0
000000000 00029f0ff 000000000 000000000 000000000 0
000000000 000000000 000000000 000000000 049695044 0
000000000 000000000 000000000 000000000 000000000 0
000000000 000000000 000000000 000000000 000000000 0
000000000 0002a0107 000000000 000000000 000000000 0
000000000 000000000 000000000 000000000 049a99044 0
000000000 000000000 000000000 000000000 000000000 0
000000000 000000000 000000000 000000000 000000000 0
000000000 0002a110f 000000000 000000000 000000000 0
000000000 000000000 000000000 000000000 049e9d044 0
000000000 000000000 000000000 000000000 000000000 0
000000000 000000000 000000000 000000000 000000000 0
000000000 0002a2117 000000000 000000000 000000000 0
000000000 000000000 000000000 000000000 04a2a1044 0
000000000 000000000 000000000 000000000 000000000 0
000000000 000000000 000000000 000000000 000000000 0
000000000 0002a311f 000000000 000000000 000000000 0
000000000 000000000 000000000 000000000 04a6a5044 0
000000000 000000000 000000000 000000000 000000000 0
000000000 000000000 000000000 000000000 000000000 0
000000000 0002a4127 000000000 000000000 000000000 0
000000000 000000000 000000000 000000000 04aaa9044 0
000000000 000000000 000000000 000000000 000000000 0
000000000 000000000 000000000 000000000 000000000 0
000000000 0002a512f 000000000 000000000 000000000 0
000000000 000000000 000000000 000000000 04aead044 0
000000000 000000000 000000000 000000000 000000000 0
000000000 000000000 000000000 000000000 000000000 0
000000000 0002a6137 000000000 000000000 000000000 0
000000000 000000000 000000000 000000000 04b2b1044 0
000000000 000000000 000000000 000000000 000000000 0
000000000 000000000 000000000 000000000 000000000 0
000000000 0002a713f 000000000 000000000 000000000 0
000000000 000000000 000000000 000000000 04b6b5044 0
000000000 000000000 000000000 000000000 000000000 0
000000000 000000000 000000000 000000000 000000000 0
000000000 0002a8147 000000000 000000000 000000000 0
000000000 000000000 000000000 000000000 04bab9044 0
000000000 000000000 000000000 000000000 000000000 0
000000000 000000000 000000000 000000000 000000000 0
000000000 0002a914f 000000000 000000000 000000000 0
000000000 000000000 000000000 000000000 04bebd044 0
000000000 000000000 000000000 000000000 000000000 0
000000000 000000000 000000000 000000000 000000000 0
000000000 0002aa157 000000000 000000000 000000000 0
000000000 000000000 000000000 000000000 04c2c1044 0
000000000 000000000 000000000 000000000 000000000 0
000000000 000000000 000000000 000000000 000000000 0
000000000 0002ab15f 000000000 000000000 000000000 0
000000000 000000000 000000000 000000000 04c6c5044 0
000000000 000000000 000000000 000000000 000000000 0
000000000 000000000 000000000 000000000 000000000 0
000000000 0002ac167 000000000 000000000 000000000 0
000000000 000000000 000000000 000000000 04cac9044 0
000000000 000000000 000000000 000000000 000000000 0
000000000 000000000 000000000 000000000 000000000 0
000000000 0002ad16f 000000000 000000000 000000000 0
000000000 000000000 000000000 000000000 04cecd044 0
000000000 000000000 000000000 000000000 000000000 0
000000000 000000000 000000000 000000000 000000000 0
000000000 0002ae177 000000000 000000000 000000000 0
000000000 000000000 000000000 000000000 04d2d1044 0
000000000 000000000 000000000 000000000 000000000 0
000000000 000000000 000000000 000000000 000000000 0
000000000 0002af17f 000000000 000000000 000000000 0
000000000 000000000 000000000 000000000 04d6d5044 0
000000000 000000000 000000000 000000000 000000000 0
000000000 000000000 000000000 000000000 000000000 0
000000000 0002b0187 000000000 000000000 000000000 0
000000000 000000000 000000000 000000000 04dad9044 0
000000000 000000000 000000000 000000000 000000000 0
000000000 000000000 000000000 000000000 000000000 0
000000000 0002b118f 000000000 000000000 000000000 0
000000000 000000000 000000000 000000000 04dedd044 0
000000000 000000000 000000000 000000000 000000000 0
000000000 000000000 000000000 000000000 000000000 0
000000000 0002b2197 000000000 000000000 000000000 0
000000000 000000000 000000000 000000000 04e2e1044 0
000000000 000000000 000000000 000000000 000000000 0
000000000 000000000 000000000 000000000 000000000 0
000000000 0002b319f 000000000 000000000 000000000 0
000000000 000000000 000000000 000000000 04e6e5044 0
000000000 000000000 000000000 000000000 000000000 0
000000000 000000000 000000000 000000000 000000000 0
000000000 0002b41a7 000000000 000000000 000000000 0
000000000 000000000 000000000 000000000 04eae9044 0
000000000 000000000 000000000 000000000 000000000 0
000000000 000000000 000000000 000000000 000000000 0
000000000 0002b51af 000000000 000000000 000000000 0
000000000 000000000 000000000 000000000 04eeed044 0
000000000 000000000 000000000 000000000 000000000 0
000000000 000000000 000000000 000000000 000000000 0
000000000 0002b61b7 000000000 000000000 000000000 0
000000000 000000000 000000000 000000000 04f2f1044 0
000000000 000000000 000000000 000000000 000000000 0
000000000 000000000 000000000 000000000 000000000 0
000000000 0002b71bf 000000000 000000000 000000000 0
000000000 000000000 000000000 000000000 04f6f5044 0
000000000 000000000 000000000 000000000 000000000 0
000000000 000000000 000000000 000000000 000000000 0
000000000 0002b81c7 000000000 000000000 000000000 0
000000000 000000000 000000000 000000000 04faf9044 0
000000000 000000000 000000000 000000000 000000000 0
000000000 000000000 000000000 000000000 000000000 0
000000000 0002b91cf 000000000 000000000 000000000 0
000000000 000000000 000000000 000000000 04fefd044 0
000000000 000000000 000000000 000000000 000000000 0
000000000 000000000 000000000 000000000 000000000 0
000000000 0002ba1d7 000000000 000000000 000000000 0
000000000 000000000 000000000 000000000 050301044 0
000000000 000000000 000000000 000000000 000000000 0
000000000 000000000 000000000 000000000 000000000 0
000000000 0002bb1df 000000000 000000000 000000000 0
000000000 000000000 000000000 000000000 050705044 0
000000000 000000000 000000000 000000000 000000000 0
000000000 000000000 000000000 000000000 000000000 0
000000000 0002bc1e7 000000000 000000000 000000000 0
000000000 000000000 000000000 000000000 050b09044 0
000000000 000000000 000000000 000000000 000000000 0
000000000 000000000 000000000 000000000 000000000 0
000000000 0002bd1ef 000000000 000000000 000000000 0
000000000 000000000 000000000 000000000 050f0d044 0
000000000 000000000 000000000 000000000 000000000 0
000000000 000000000 000000000 000000000 000000000 0
000000000 0002be1f7 000000000 000000000 000000000 0
000000000 000000000 000000000 000000000 051311044 0
000000000 000000000 000000000 000000000 000000000 0
000000000 000000000 000000000 000000000 000000000 0
000000000 0002bf1ff 000000000 000000000 000000000 0
000000000 000000000 000000000 000000000 051715044 0
000000000 000000000 000000000 000000000 000000000 0
000000000 000000000 000000000 000000000 000000000 0
000000000 0002c0207 000000000 000000000 000000000 0
000000000 000000000 000000000 000000000 051b19044 0
000000000 000000000 000000000 000000000 000000000 0
000000000 000000000 000000000 000000000 000000000 0
000000000 0002c120f 000000000 000000000 000000000 0
000000000 000000000 000000000 000000000 051f1d044 0
000000000 000000000 000000000 000000000 000000000 0
000000000 000000000 000000000 000000000 000000000 0
000000000 0002c2217 000000000 000000000 000000000 0
000000000 000000000 000000000 000000000 052321044 0
000000000 000000000 000000000 000000000 000000000 0
000000000 000000000 000000000 000000000 000000000 0
000000000 0002c321f 000000000 000000000 000000000 0
000000000 000000000 000000000 000000000 052725044 0
000000000 000000000 000000000 000000000 000000000 0
000000000 000000000 000000000 000000000 000000000 0
000000000 0002c4227 000000000 000000000 000000000 0
000000000 000000000 000000000 000000000 052b29044 0
000000000 000000000 000000000 000000000 000000000 0
000000000 000000000 000000000 000000000 000000000 0
000000000 0002c522f 000000000 000000000 000000000 0
000000000 000000000 000000000 000000000 052f2d044 0
000000000 000000000 000000000 000000000 000000000 0
000000000 000000000 000000000 000000000 000000000 0
000000000 0002c6237 000000000 000000000 000000000 0
000000000 000000000 000000000 000000000 053331044 0
000000000 000000000 000000000 000000000 000000000 0
000000000 000000000 000000000 000000000 000000000 0
000000000 0002c723f 000000000 000000000 000000000 0
000000000 000000000 000000000 000000000 053735044 0
000000000 000000000 000000000 000000000 000000000 0
000000000 000000000 000000000 000000000 000000000 0
000000000 0002c8247 000000000 000000000 000000000 0
000000000 000000000 000000000 000000000 053b39044 0
000000000 000000000 000000000 000000000 000000000 0
000000000 000000000 000000000 000000000 000000000 0
000000000 0002c924f 000000000 000000000 000000000 0
000000000 000000000 000000000 000000000 053f3d044 0
000000000 000000000 000000000 000000000 000000000 0
000000000 000000000 000000000 000000000 000000000 0
000000000 0002ca257 000000000 000000000 000000000 0
000000000 000000000 000000000 000000000 054341044 0
000000000 000000000 000000000 000000000 000000000 0
000000000 000000000 000000000 000000000 000000000 0
000000000 0002cb25f 000000000 000000000 000000000 0
000000000 000000000 000000000 000000000 054745044 0
000000000 000000000 000000000 000000000 000000000 0
000000000 000000000 000000000 000000000 000000000 0
000000000 0002cc267 000000000 000000000 000000000 0
000000000 000000000 000000000 000000000 054b49044 0
000000000 000000000 000000000 000000000 000000000 0
000000000 000000000 000000000 000000000 000000000 0
000000000 0002cd26f 000000000 000000000 000000000 0
000000000 000000000 000000000 000000000 054f4d044 0
000000000 000000000 000000000 000000000 000000000 0
000000000 000000000 000000000 000000000 000000000 0
000000000 0002ce277 000000000 000000000 000000000 0
000000000 000000000 000000000 000000000 055351044 0
000000000 000000000 000000000 000000000 000000000 0
000000000 000000000 000000000 000000000 000000000 0
000000000 0002cf27f 000000000 000000000 000000000 0
000000000 000000000 000000000 000000000 055755044 0
000000000 000000000 000000000 000000000 000000000 0
000000000 000000000 000000000 000000000 000000000 0
000000000 0002d0287 000000000 000000000 000000000 0
000000000 000000000 000000000 000000000 055b59044 0
000000000 000000000 000000000 000000000 000000000 0
000000000 000000000 000000000 000000000 000000000 0
000000000 0002d128f 000000000 000000000 000000000 0
000000000 000000000 000000000 000000000 055f5d044 0
000000000 000000000 000000000 000000000 000000000 0
000000000 000000000 000000000 000000000 000000000 0
000000000 0002d2297 000000000 000000000 000000000 0
000000000 000000000 000000000 000000000 056361044 0
000000000 000000000 000000000 000000000 000000000 0
000000000 000000000 000000000 000000000 000000000 0
000000000 0002d329f 000000000 000000000 000000000 0
000000000 000000000 000000000 000000000 056765044 0
000000000 000000000 000000000 000000000 000000000 0
000000000 000000000 000000000 000000000 000000000 0
000000000 0002d42a7 000000000 000000000 000000000 0
000000000 000000000 000000000 000000000 056b69044 0
000000000 000000000 000000000 000000000 000000000 0
000000000 000000000 000000000 000000000 000000000 0
000000000 0002d52af 000000000 000000000 000000000 0
000000000 000000000 000000000 000000000 056f6d044 0
000000000 000000000 000000000 000000000 000000000 0
000000000 000000000 000000000 000000000 000000000 0
000000000 0002d62b7 000000000 000000000 000000000 0
000000000 000000000 000000000 000000000 057371044 0
000000000 000000000 000000000 000000000 000000000 0
000000000 000000000 000000000 000000000 000000000 0
000000000 0002d72bf 000000000 000000000 000000000 0
000000000 000000000 000000000 000000000 057775044 0
000000000 000000000 000000000 000000000 000000000 0
000000000 000000000 000000000 000000000 000000000 0
000000000 0002d82c7 000000000 000000000 000000000 0
000000000 000000000 000000000 000000000 057b79044 0
000000000 000000000 000000000 000000000 000000000 0
000000000 000000000 000000000 000000000 000000000 0
000000000 0002d92cf 000000000 000000000 000000000 0
000000000 000000000 000000000 000000000 057f7d044 0
000000000 000000000 000000000 000000000 000000000 0
000000000 000000000 000000000 000000000 000000000 0
000000000 0002da2d7 000000000 000000000 000000000 0
000000000 000000000 000000000 000000000 058381044 0
000000000 000000000 000000000 000000000 000000000 0
000000000 000000000 000000000 000000000 000000000 0
000000000 0002db2df 000000000 000000000 000000000 0
000000000 000000000 000000000 000000000 058785044 0
000000000 000000000 000000000 000000000 000000000 0
000000000 000000000 000000000 000000000 000000000 0
000000000 0002dc2e7 000000000 000000000 000000000 0
000000000 000000000 000000000 000000000 058b89044 0
000000000 000000000 000000000 000000000 000000000 0
000000000 000000000 000000000 000000000 000000000 0
000000000 0002dd2ef 000000000 000000000 000000000 0
000000000 000000000 000000000 000000000 058f8d044 0
000000000 000000000 000000000 000000000 000000000 0
000000000 000000000 000000000 000000000 000000000 0
000000000 0002de2f7 000000000 000000000 000000000 0
000000000 000000000 000000000 000000000 059391044 0
000000000 000000000 000000000 000000000 000000000 0
000000000 000000000 000000000 000000000 000000000 0
000000000 0002df2ff 000000000 000000000 000000000 0
000000000 000000000 000000000 000000000 059795044 0
000000000 000000000 000000000 000000000 000000000 0
000000000 000000000 000000000 000000000 000000000 0
000000000 0002e0307 000000000 000000000 000000000 0
000000000 000000000 000000000 000000000 059b99044 0
000000000 000000000 000000000 000000000 000000000 0
000000000 000000000 000000000 000000000 000000000 0
000000000 0002e130f 000000000 000000000 000000000 0
000000000 000000000 000000000 000000000 059f9d044 0
000000000 000000000 000000000 000000000 000000000 0
000000000 000000000 000000000 000000000 000000000 0
000000000 0002e2317 000000000 000000000 000000000 0
000000000 000000000 000000000 000000000 05a3a1044 0
000000000 000000000 000000000 000000000 000000000 0
000000000 000000000 000000000 000000000 000000000 0
000000000 0002e331f 000000000 000000000 000000000 0
000000000 000000000 000000000 000000000 05a7a5044 0
000000000 000000000 000000000 000000000 000000000 0
000000000 000000000 000000000 000000000 000000000 0
000000000 0002e4327 000000000 000000000 000000000 0
000000000 000000000 000000000 000000000 05aba9044 0
000000000 000000000 000000000 000000000 000000000 0
000000000 000000000 000000000 000000000 000000000 0
000000000 0002e532f 000000000 000000000 000000000 0
000000000 000000000 000000000 000000000 05afad044 0
000000000 000000000 000000000 000000000 000000000 0
000000000 000000000 000000000 000000000 000000000 0
000000000 0002e6337 000000000 000000000 000000000 0
000000000 000000000 000000000 000000000 05b3b1044 0
000000000 000000000 000000000 000000000 000000000 0
000000000 000000000 000000000 000000000 000000000 0
000000000 0002e733f 000000000 000000000 000000000 0
000000000 000000000 000000000 000000000 05b7b5044 0
000000000 000000000 000000000 000000000 000000000 0
000000000 000000000 000000000 000000000 000000000 0
000000000 0002e8347 000000000 000000000 000000000 0
000000000 000000000 000000000 000000000 05bbb9044 0
000000000 000000000 000000000 000000000 000000000 0
000000000 000000000 000000000 000000000 000000000 0
000000000 0002e934f 000000000 000000000 000000000 0
000000000 000000000 000000000 000000000 05bfbd044 0
000000000 000000000 000000000 000000000 000000000 0
000000000 000000000 000000000 000000000 000000000 0
000000000 0002ea357 000000000 000000000 000000000 0
000000000 000000000 000000000 000000000 05c3c1044 0
000000000 000000000 000000000 000000000 000000000 0
000000000 000000000 000000000 000000000 000000000 0
000000000 0002eb35f 000000000 000000000 000000000 0
000000000 000000000 000000000 000000000 05c7c5044 0
000000000 000000000 000000000 000000000 000000000 0
000000000 000000000 000000000 000000000 000000000 0
000000000 0002ec367 000000000 000000000 000000000 0
000000000 000000000 000000000 000000000 05cbc9044 0
000000000 000000000 000000000 000000000 000000000 0
000000000 000000000 000000000 000000000 000000000 0
000000000 0002ed36f 000000000 000000000 000000000 0
000000000 000000000 000000000 000000000 05cfcd044 0
000000000 000000000 000000000 000000000 000000000 0
000000000 000000000 000000000 000000000 000000000 0
000000000 0002ee377 000000000 000000000 000000000 0
000000000 000000000 000000000 000000000 05d3d1044 0
000000000 000000000 000000000 000000000 000000000 0
000000000 000000000 000000000 000000000 000000000 0
000000000 0002ef37f 000000000 000000000 000000000 0
000000000 000000000 000000000 000000000 05d7d5044 0
000000000 000000000 000000000 000000000 000000000 0
000000000 000000000 000000000 000000000 000000000 0
000000000 0002f0387 000000000 000000000 000000000 0
000000000 000000000 000000000 000000000 05dbd9044 0
000000000 000000000 000000000 000000000 000000000 0
000000000 000000000 000000000 000000000 000000000 0
000000000 0002f138f 000000000 000000000 000000000 0
000000000 000000000 000000000 000000000 05dfdd044 0
000000000 000000000 000000000 000000000 000000000 0
000000000 000000000 000000000 000000000 000000000 0
000000000 0002f2397 000000000 000000000 000000000 0
000000000 000000000 000000000 000000000 05e3e1044 0
000000000 000000000 000000000 000000000 000000000 0
000000000 000000000 000000000 000000000 000000000 0
000000000 0002f339f 000000000 000000000 000000000 0
000000000 000000000 000000000 000000000 05e7e5044 0
000000000 000000000 000000000 000000000 000000000 0
000000000 000000000 000000000 000000000 000000000 0
000000000 0002f43a7 000000000 000000000 000000000 0
000000000 000000000 000000000 000000000 05ebe9044 0
000000000 000000000 000000000 000000000 000000000 0
000000000 000000000 000000000 000000000 000000000 0
000000000 0002f53af 000000000 000000000 000000000 0
000000000 000000000 000000000 000000000 05efed044 0
000000000 000000000 000000000 000000000 000000000 0
000000000 000000000 000000000 000000000 000000000 0
000000000 0002f63b7 000000000 000000000 000000000 0
000000000 000000000 000000000 000000000 05f3f1044 0
000000000 000000000 000000000 000000000 000000000 0
000000000 000000000 000000000 000000000 000000000 0
000000000 0002f73bf 000000000 000000000 000000000 0
000000000 000000000 000000000 000000000 05f7f5044 0
000000000 000000000 000000000 000000000 000000000 0
000000000 000000000 000000000 000000000 000000000 0
000000000 0002f83c7 000000000 000000000 000000000 0
000000000 000000000 000000000 000000000 05fbf9044 0
000000000 000000000 000000000 000000000 000000000 0
000000000 000000000 000000000 000000000 000000000 0
000000000 0002f93cf 000000000 000000000 000000000 0
000000000 000000000 000000000 000000000 05fffd044 0
000000000 000000000 000000000 000000000 000000000 0
000000000 000000000 000000000 000000000 000000000 0
000000000 0002fa3d7 000000000 000000000 000000000 0
000000000 000000000 000000000 000000000 000000000 0
000000000 000000000 000000000 000000000 000000000 0
000000000 000000000 000000000 000000000 000000000 0
000000000 0002fb3df 000000000 000000000 000000000 0
000000000 000000000 000000000 000000000 000000000 0
000000000 000000000 000000000 000000000 000000000 0
000000000 000000000 000000000 000000000 000000000 0
000000000 0002fc3e7 000000000 000000000 000000000 0
000000000 000000000 000000000 000000000 000000000 0
000000000 000000000 000000000 000000000 000000000 0
000000000 000000000 000000000 000000000 000000000 0
000000000 0002fd3ef 000000000 000000000 000000000 0
000000000 000000000 000000000 000000000 000000000 0
000000000 000000000 000000000 000000000 000000000 0
000000000 000000000 000000000 000000000 000000000 0
000000000 0002fe3f7 000000000 000000000 000000000 0
000000000 000000000 000000000 000000000 000000000 0
000000000 000000000 000000000 000000000 000000000 0
000000000 000000000 000000000 000000000 000000000 0
000000000 0002ff3ff 000000000 000000000 000000000 0
000000000 000000000 000000000 000000000 000000000 1
