cycle,load,store,vector,scalar,sfu,reserved,eop,word_hex
0,0x00000000003,0x00000000000,0x000000000,0x00000000,0x00000000,0,0,0000000000c00000000000000000000000000000000000
1,0x0000000100b,0x00000000000,0x000000000,0x00000000,0x00000000,0,0,0000000402c00000000000000000000000000000000000
2,0x00000002013,0x00000000000,0x000000000,0x00000000,0x00000000,0,0,0000000804c00000000000000000000000000000000000
3,0x0000000301b,0x00000000000,0x000000000,0x00000000,0x40201044,0,0,0000000c06c00000000000000000000000000402010440
4,0x00000004023,0x00000000000,0x000000000,0x00000000,0x00000000,0,0,0000001008c00000000000000000000000000000000000
5,0x0000000502b,0x00000000000,0x000000000,0x00000000,0x00000000,0,0,000000140ac00000000000000000000000000000000000
6,0x00000006033,0x00000000000,0x000000000,0x00000000,0x00000000,0,0,000000180cc00000000000000000000000000000000000
7,0x0000000703b,0x00000000000,0x000000000,0x00000000,0x40605044,0,0,0000001c0ec00000000000000000000000000406050440
8,0x00000008043,0x00000000000,0x000000000,0x00000000,0x00000000,0,0,0000002010c00000000000000000000000000000000000
9,0x0000000904b,0x00000000000,0x000000000,0x00000000,0x00000000,0,0,0000002412c00000000000000000000000000000000000
10,0x0000000a053,0x00000000000,0x000000000,0x00000000,0x00000000,0,0,0000002814c00000000000000000000000000000000000
11,0x0000000b05b,0x00000000000,0x000000000,0x00000000,0x40a09044,0,0,0000002c16c0000000000000000000000000040a090440
12,0x0000000c063,0x00000000000,0x000000000,0x00000000,0x00000000,0,0,0000003018c00000000000000000000000000000000000
13,0x0000000d06b,0x00000000000,0x000000000,0x00000000,0x00000000,0,0,000000341ac00000000000000000000000000000000000
14,0x0000000e073,0x00000000000,0x000000000,0x00000000,0x00000000,0,0,000000381cc00000000000000000000000000000000000
15,0x0000000f07b,0x00000000000,0x000000000,0x00000000,0x40e0d044,0,0,0000003c1ec0000000000000000000000000040e0d0440
16,0x00000010083,0x00000000000,0x000000000,0x00000000,0x00000000,0,0,0000004020c00000000000000000000000000000000000
17,0x0000001108b,0x00000000000,0x000000000,0x00000000,0x00000000,0,0,0000004422c00000000000000000000000000000000000
18,0x00000012093,0x00000000000,0x000000000,0x00000000,0x00000000,0,0,0000004824c00000000000000000000000000000000000
19,0x0000001309b,0x00000000000,0x000000000,0x00000000,0x41211044,0,0,0000004c26c00000000000000000000000000412110440
20,0x000000140a3,0x00000000000,0x000000000,0x00000000,0x00000000,0,0,0000005028c00000000000000000000000000000000000
21,0x000000150ab,0x00000000000,0x000000000,0x00000000,0x00000000,0,0,000000542ac00000000000000000000000000000000000
22,0x000000160b3,0x00000000000,0x000000000,0x00000000,0x00000000,0,0,000000582cc00000000000000000000000000000000000
23,0x000000170bb,0x00000000000,0x000000000,0x00000000,0x41615044,0,0,0000005c2ec00000000000000000000000000416150440
24,0x000000180c3,0x00000000000,0x000000000,0x00000000,0x00000000,0,0,0000006030c00000000000000000000000000000000000
25,0x000000190cb,0x00000000000,0x000000000,0x00000000,0x00000000,0,0,0000006432c00000000000000000000000000000000000
26,0x0000001a0d3,0x00000000007,0x000000000,0x00000000,0x00000000,0,0,0000006834c00000000070000000000000000000000000
27,0x0000001b0db,0x00000000000,0x000000000,0x00000000,0x41a19044,0,0,0000006c36c0000000000000000000000000041a190440
28,0x0000001c0e3,0x00000000000,0x000000000,0x00000000,0x00000000,0,0,0000007038c00000000000000000000000000000000000
29,0x0000001d0eb,0x00000000000,0x000000000,0x00000000,0x00000000,0,0,000000743ac00000000000000000000000000000000000
30,0x0000001e0f3,0x0000000100f,0x000000000,0x00000000,0x00000000,0,0,000000783cc000000100f0000000000000000000000000
31,0x0000001f0fb,0x00000000000,0x000000000,0x00000000,0x41e1d044,0,0,0000007c3ec0000000000000000000000000041e1d0440
32,0x00000020103,0x00000000000,0x000000000,0x00000000,0x00000000,0,0,0000008040c00000000000000000000000000000000000
33,0x0000002110b,0x00000000000,0x000000000,0x00000000,0x00000000,0,0,0000008442c00000000000000000000000000000000000
34,0x00000022113,0x00000002017,0x000000000,0x00000000,0x00000000,0,0,0000008844c00000020170000000000000000000000000
35,0x0000002311b,0x00000000000,0x000000000,0x00000000,0x42221044,0,0,0000008c46c00000000000000000000000000422210440
36,0x00000024123,0x00000000000,0x000000000,0x00000000,0x00000000,0,0,0000009048c00000000000000000000000000000000000
37,0x0000002512b,0x00000000000,0x000000000,0x00000000,0x00000000,0,0,000000944ac00000000000000000000000000000000000
38,0x00000026133,0x0000000301f,0x000000000,0x00000000,0x00000000,0,0,000000984cc000000301f0000000000000000000000000
39,0x0000002713b,0x00000000000,0x000000000,0x00000000,0x42625044,0,0,0000009c4ec00000000000000000000000000426250440
40,0x00000028143,0x00000000000,0x000000000,0x00000000,0x00000000,0,0,000000a050c00000000000000000000000000000000000
41,0x0000002914b,0x00000000000,0x000000000,0x00000000,0x00000000,0,0,000000a452c00000000000000000000000000000000000
42,0x0000002a153,0x00000004027,0x000000000,0x00000000,0x00000000,0,0,000000a854c00000040270000000000000000000000000
43,0x0000002b15b,0x00000000000,0x000000000,0x00000000,0x42a29044,0,0,000000ac56c0000000000000000000000000042a290440
44,0x0000002c163,0x00000000000,0x000000000,0x00000000,0x00000000,0,0,000000b058c00000000000000000000000000000000000
45,0x0000002d16b,0x00000000000,0x000000000,0x00000000,0x00000000,0,0,000000b45ac00000000000000000000000000000000000
46,0x0000002e173,0x0000000502f,0x000000000,0x00000000,0x00000000,0,0,000000b85cc000000502f0000000000000000000000000
47,0x0000002f17b,0x00000000000,0x000000000,0x00000000,0x42e2d044,0,0,000000bc5ec0000000000000000000000000042e2d0440
48,0x00000030183,0x00000000000,0x000000000,0x00000000,0x00000000,0,0,000000c060c00000000000000000000000000000000000
49,0x0000003118b,0x00000000000,0x000000000,0x00000000,0x00000000,0,0,000000c462c00000000000000000000000000000000000
50,0x00000032193,0x00000006037,0x000000000,0x00000000,0x00000000,0,0,000000c864c00000060370000000000000000000000000
51,0x0000003319b,0x00000000000,0x000000000,0x00000000,0x43231044,0,0,000000cc66c00000000000000000000000000432310440
52,0x000000341a3,0x00000000000,0x000000000,0x00000000,0x00000000,0,0,000000d068c00000000000000000000000000000000000
53,0x000000351ab,0x00000000000,0x000000000,0x00000000,0x00000000,0,0,000000d46ac00000000000000000000000000000000000
54,0x000000361b3,0x0000000703f,0x000000000,0x00000000,0x00000000,0,0,000000d86cc000000703f0000000000000000000000000
55,0x000000371bb,0x00000000000,0x000000000,0x00000000,0x43635044,0,0,000000dc6ec00000000000000000000000000436350440
56,0x000000381c3,0x00000000000,0x000000000,0x00000000,0x00000000,0,0,000000e070c00000000000000000000000000000000000
57,0x000000391cb,0x00000000000,0x000000000,0x00000000,0x00000000,0,0,000000e472c00000000000000000000000000000000000
58,0x0000003a1d3,0x00000008047,0x000000000,0x00000000,0x00000000,0,0,000000e874c00000080470000000000000000000000000
59,0x0000003b1db,0x00000000000,0x000000000,0x00000000,0x43a39044,0,0,000000ec76c0000000000000000000000000043a390440
60,0x0000003c1e3,0x00000000000,0x000000000,0x00000000,0x00000000,0,0,000000f078c00000000000000000000000000000000000
61,0x0000003d1eb,0x00000000000,0x000000000,0x00000000,0x00000000,0,0,000000f47ac00000000000000000000000000000000000
62,0x0000003e1f3,0x0000000904f,0x000000000,0x00000000,0x00000000,0,0,000000f87cc000000904f0000000000000000000000000
63,0x0000003f1fb,0x00000000000,0x000000000,0x00000000,0x43e3d044,0,0,000000fc7ec0000000000000000000000000043e3d0440
64,0x00000040203,0x00000000000,0x000000000,0x00000000,0x00000000,0,0,0000010080c00000000000000000000000000000000000
65,0x0000004120b,0x00000000000,0x000000000,0x00000000,0x00000000,0,0,0000010482c00000000000000000000000000000000000
66,0x00000042213,0x0000000a057,0x000000000,0x00000000,0x00000000,0,0,0000010884c000000a0570000000000000000000000000
67,0x0000004321b,0x00000000000,0x000000000,0x00000000,0x44241044,0,0,0000010c86c00000000000000000000000000442410440
68,0x00000044223,0x00000000000,0x000000000,0x00000000,0x00000000,0,0,0000011088c00000000000000000000000000000000000
69,0x0000004522b,0x00000000000,0x000000000,0x00000000,0x00000000,0,0,000001148ac00000000000000000000000000000000000
70,0x00000046233,0x0000000b05f,0x000000000,0x00000000,0x00000000,0,0,000001188cc000000b05f0000000000000000000000000
71,0x0000004723b,0x00000000000,0x000000000,0x00000000,0x44645044,0,0,0000011c8ec00000000000000000000000000446450440
72,0x00000048243,0x00000000000,0x000000000,0x00000000,0x00000000,0,0,0000012090c00000000000000000000000000000000000
73,0x0000004924b,0x00000000000,0x000000000,0x00000000,0x00000000,0,0,0000012492c00000000000000000000000000000000000
74,0x0000004a253,0x0000000c067,0x000000000,0x00000000,0x00000000,0,0,0000012894c000000c0670000000000000000000000000
75,0x0000004b25b,0x00000000000,0x000000000,0x00000000,0x44a49044,0,0,0000012c96c0000000000000000000000000044a490440
76,0x0000004c263,0x00000000000,0x000000000,0x00000000,0x00000000,0,0,0000013098c00000000000000000000000000000000000
77,0x0000004d26b,0x00000000000,0x000000000,0x00000000,0x00000000,0,0,000001349ac00000000000000000000000000000000000
78,0x0000004e273,0x0000000d06f,0x000000000,0x00000000,0x00000000,0,0,000001389cc000000d06f0000000000000000000000000
79,0x0000004f27b,0x00000000000,0x000000000,0x00000000,0x44e4d044,0,0,0000013c9ec0000000000000000000000000044e4d0440
80,0x00000050283,0x00000000000,0x000000000,0x00000000,0x00000000,0,0,00000140a0c00000000000000000000000000000000000
81,0x0000005128b,0x00000000000,0x000000000,0x00000000,0x00000000,0,0,00000144a2c00000000000000000000000000000000000
82,0x00000052293,0x0000000e077,0x000000000,0x00000000,0x00000000,0,0,00000148a4c000000e0770000000000000000000000000
83,0x0000005329b,0x00000000000,0x000000000,0x00000000,0x45251044,0,0,0000014ca6c00000000000000000000000000452510440
84,0x000000542a3,0x00000000000,0x000000000,0x00000000,0x00000000,0,0,00000150a8c00000000000000000000000000000000000
85,0x000000552ab,0x00000000000,0x000000000,0x00000000,0x00000000,0,0,00000154aac00000000000000000000000000000000000
86,0x000000562b3,0x0000000f07f,0x000000000,0x00000000,0x00000000,0,0,00000158acc000000f07f0000000000000000000000000
87,0x000000572bb,0x00000000000,0x000000000,0x00000000,0x45655044,0,0,0000015caec00000000000000000000000000456550440
88,0x000000582c3,0x00000000000,0x000000000,0x00000000,0x00000000,0,0,00000160b0c00000000000000000000000000000000000
89,0x000000592cb,0x00000000000,0x000000000,0x00000000,0x00000000,0,0,00000164b2c00000000000000000000000000000000000
90,0x0000005a2d3,0x00000010087,0x000000000,0x00000000,0x00000000,0,0,00000168b4c00000100870000000000000000000000000
91,0x0000005b2db,0x00000000000,0x000000000,0x00000000,0x45a59044,0,0,0000016cb6c0000000000000000000000000045a590440
92,0x0000005c2e3,0x00000000000,0x000000000,0x00000000,0x00000000,0,0,00000170b8c00000000000000000000000000000000000
93,0x0000005d2eb,0x00000000000,0x000000000,0x00000000,0x00000000,0,0,00000174bac00000000000000000000000000000000000
94,0x0000005e2f3,0x0000001108f,0x000000000,0x00000000,0x00000000,0,0,00000178bcc000001108f0000000000000000000000000
95,0x0000005f2fb,0x00000000000,0x000000000,0x00000000,0x45e5d044,0,0,0000017cbec0000000000000000000000000045e5d0440
96,0x00000060303,0x00000000000,0x000000000,0x00000000,0x00000000,0,0,00000180c0c00000000000000000000000000000000000
97,0x0000006130b,0x00000000000,0x000000000,0x00000000,0x00000000,0,0,00000184c2c00000000000000000000000000000000000
98,0x00000062313,0x00000012097,0x000000000,0x00000000,0x00000000,0,0,00000188c4c00000120970000000000000000000000000
99,0x0000006331b,0x00000000000,0x000000000,0x00000000,0x46261044,0,0,0000018cc6c00000000000000000000000000462610440
100,0x00000064323,0x00000000000,0x000000000,0x00000000,0x00000000,0,0,00000190c8c00000000000000000000000000000000000
101,0x0000006532b,0x00000000000,0x000000000,0x00000000,0x00000000,0,0,00000194cac00000000000000000000000000000000000
102,0x00000066333,0x0000001309f,0x000000000,0x00000000,0x00000000,0,0,00000198ccc000001309f0000000000000000000000000
103,0x0000006733b,0x00000000000,0x000000000,0x00000000,0x46665044,0,0,0000019ccec00000000000000000000000000466650440
104,0x00000068343,0x00000000000,0x000000000,0x00000000,0x00000000,0,0,000001a0d0c00000000000000000000000000000000000
105,0x0000006934b,0x00000000000,0x000000000,0x00000000,0x00000000,0,0,000001a4d2c00000000000000000000000000000000000
106,0x0000006a353,0x000000140a7,0x000000000,0x00000000,0x00000000,0,0,000001a8d4c00000140a70000000000000000000000000
107,0x0000006b35b,0x00000000000,0x000000000,0x00000000,0x46a69044,0,0,000001acd6c0000000000000000000000000046a690440
108,0x0000006c363,0x00000000000,0x000000000,0x00000000,0x00000000,0,0,000001b0d8c00000000000000000000000000000000000
109,0x0000006d36b,0x00000000000,0x000000000,0x00000000,0x00000000,0,0,000001b4dac00000000000000000000000000000000000
110,0x0000006e373,0x000000150af,0x000000000,0x00000000,0x00000000,0,0,000001b8dcc00000150af0000000000000000000000000
111,0x0000006f37b,0x00000000000,0x000000000,0x00000000,0x46e6d044,0,0,000001bcdec0000000000000000000000000046e6d0440
112,0x00000070383,0x00000000000,0x000000000,0x00000000,0x00000000,0,0,000001c0e0c00000000000000000000000000000000000
113,0x0000007138b,0x00000000000,0x000000000,0x00000000,0x00000000,0,0,000001c4e2c00000000000000000000000000000000000
114,0x00000072393,0x000000160b7,0x000000000,0x00000000,0x00000000,0,0,000001c8e4c00000160b70000000000000000000000000
115,0x0000007339b,0x00000000000,0x000000000,0x00000000,0x47271044,0,0,000001cce6c00000000000000000000000000472710440
116,0x000000743a3,0x00000000000,0x000000000,0x00000000,0x00000000,0,0,000001d0e8c00000000000000000000000000000000000
117,0x000000753ab,0x00000000000,0x000000000,0x00000000,0x00000000,0,0,000001d4eac00000000000000000000000000000000000
118,0x000000763b3,0x000000170bf,0x000000000,0x00000000,0x00000000,0,0,000001d8ecc00000170bf0000000000000000000000000
119,0x000000773bb,0x00000000000,0x000000000,0x00000000,0x47675044,0,0,000001dceec00000000000000000000000000476750440
120,0x000000783c3,0x00000000000,0x000000000,0x00000000,0x00000000,0,0,000001e0f0c00000000000000000000000000000000000
121,0x000000793cb,0x00000000000,0x000000000,0x00000000,0x00000000,0,0,000001e4f2c00000000000000000000000000000000000
122,0x0000007a3d3,0x000000180c7,0x000000000,0x00000000,0x00000000,0,0,000001e8f4c00000180c70000000000000000000000000
123,0x0000007b3db,0x00000000000,0x000000000,0x00000000,0x47a79044,0,0,000001ecf6c0000000000000000000000000047a790440
124,0x0000007c3e3,0x00000000000,0x000000000,0x00000000,0x00000000,0,0,000001f0f8c00000000000000000000000000000000000
125,0x0000007d3eb,0x00000000000,0x000000000,0x00000000,0x00000000,0,0,000001f4fac00000000000000000000000000000000000
126,0x0000007e3f3,0x000000190cf,0x000000000,0x00000000,0x00000000,0,0,000001f8fcc00000190cf0000000000000000000000000
127,0x0000007f3fb,0x00000000000,0x000000000,0x00000000,0x47e7d044,0,0,000001fcfec0000000000000000000000000047e7d0440
128,0x00000080003,0x00000000000,0x000000000,0x00000000,0x00000000,0,0,0000020000c00000000000000000000000000000000000
129,0x0000008100b,0x00000000000,0x000000000,0x00000000,0x00000000,0,0,0000020402c00000000000000000000000000000000000
130,0x00000082013,0x0000001a0d7,0x000000000,0x00000000,0x00000000,0,0,0000020804c000001a0d70000000000000000000000000
131,0x0000008301b,0x00000000000,0x000000000,0x00000000,0x48281044,0,0,0000020c06c00000000000000000000000000482810440
132,0x00000084023,0x00000000000,0x000000000,0x00000000,0x00000000,0,0,0000021008c00000000000000000000000000000000000
133,0x0000008502b,0x00000000000,0x000000000,0x00000000,0x00000000,0,0,000002140ac00000000000000000000000000000000000
134,0x00000086033,0x0000001b0df,0x000000000,0x00000000,0x00000000,0,0,000002180cc000001b0df0000000000000000000000000
135,0x0000008703b,0x00000000000,0x000000000,0x00000000,0x48685044,0,0,0000021c0ec00000000000000000000000000486850440
136,0x00000088043,0x00000000000,0x000000000,0x00000000,0x00000000,0,0,0000022010c00000000000000000000000000000000000
137,0x0000008904b,0x00000000000,0x000000000,0x00000000,0x00000000,0,0,0000022412c00000000000000000000000000000000000
138,0x0000008a053,0x0000001c0e7,0x000000000,0x00000000,0x00000000,0,0,0000022814c000001c0e70000000000000000000000000
139,0x0000008b05b,0x00000000000,0x000000000,0x00000000,0x48a89044,0,0,0000022c16c0000000000000000000000000048a890440
140,0x0000008c063,0x00000000000,0x000000000,0x00000000,0x00000000,0,0,0000023018c00000000000000000000000000000000000
141,0x0000008d06b,0x00000000000,0x000000000,0x00000000,0x00000000,0,0,000002341ac00000000000000000000000000000000000
142,0x0000008e073,0x0000001d0ef,0x000000000,0x00000000,0x00000000,0,0,000002381cc000001d0ef0000000000000000000000000
143,0x0000008f07b,0x00000000000,0x000000000,0x00000000,0x48e8d044,0,0,0000023c1ec0000000000000000000000000048e8d0440
144,0x00000000000,0x00000000000,0x000000000,0x00000000,0x00000000,0,0,0000000000000000000000000000000000000000000000
145,0x00000000000,0x00000000000,0x000000000,0x00000000,0x00000000,0,0,0000000000000000000000000000000000000000000000
146,0x00000000000,0x0000001e0f7,0x000000000,0x00000000,0x00000000,0,0,00000000000000001e0f70000000000000000000000000
147,0x00000000000,0x00000000000,0x000000000,0x00000000,0x49291044,0,0,0000000000000000000000000000000000000492910440
148,0x00000000000,0x00000000000,0x000000000,0x00000000,0x00000000,0,0,0000000000000000000000000000000000000000000000
149,0x00000000000,0x00000000000,0x000000000,0x00000000,0x00000000,0,0,0000000000000000000000000000000000000000000000
150,0x00000000000,0x0000001f0ff,0x000000000,0x00000000,0x00000000,0,0,00000000000000001f0ff0000000000000000000000000
151,0x00000000000,0x00000000000,0x000000000,0x00000000,0x49695044,0,0,0000000000000000000000000000000000000496950440
152,0x00000000000,0x00000000000,0x000000000,0x00000000,0x00000000,0,0,0000000000000000000000000000000000000000000000
153,0x00000000000,0x00000000000,0x000000000,0x00000000,0x00000000,0,0,0000000000000000000000000000000000000000000000
154,0x00000000000,0x00000020107,0x000000000,0x00000000,0x00000000,0,0,0000000000000000201070000000000000000000000000
155,0x00000000000,0x00000000000,0x000000000,0x00000000,0x49a99044,0,0,000000000000000000000000000000000000049a990440
156,0x00000000000,0x00000000000,0x000000000,0x00000000,0x00000000,0,0,0000000000000000000000000000000000000000000000
157,0x00000000000,0x00000000000,0x000000000,0x00000000,0x00000000,0,0,0000000000000000000000000000000000000000000000
158,0x00000000000,0x0000002110f,0x000000000,0x00000000,0x00000000,0,0,00000000000000002110f0000000000000000000000000
159,0x00000000000,0x00000000000,0x000000000,0x00000000,0x49e9d044,0,0,000000000000000000000000000000000000049e9d0440
160,0x00000000000,0x00000000000,0x000000000,0x00000000,0x00000000,0,0,0000000000000000000000000000000000000000000000
161,0x00000000000,0x00000000000,0x000000000,0x00000000,0x00000000,0,0,0000000000000000000000000000000000000000000000
162,0x00000000000,0x00000022117,0x000000000,0x00000000,0x00000000,0,0,0000000000000000221170000000000000000000000000
163,0x00000000000,0x00000000000,0x000000000,0x00000000,0x4a2a1044,0,0,00000000000000000000000000000000000004a2a10440
164,0x00000000000,0x00000000000,0x000000000,0x00000000,0x00000000,0,0,0000000000000000000000000000000000000000000000
165,0x00000000000,0x00000000000,0x000000000,0x00000000,0x00000000,0,0,0000000000000000000000000000000000000000000000
166,0x00000090083,0x0000002311f,0x000000000,0x00000000,0x00000000,0,0,0000024020c000002311f0000000000000000000000000
167,0x0000009108b,0x00000000000,0x000000000,0x00000000,0x4a6a5044,0,0,0000024422c000000000000000000000000004a6a50440
168,0x00000092093,0x00000000000,0x000000000,0x00000000,0x00000000,0,0,0000024824c00000000000000000000000000000000000
169,0x0000009309b,0x00000000000,0x000000000,0x00000000,0x00000000,0,0,0000024c26c00000000000000000000000000000000000
170,0x000000940a3,0x00000024127,0x000000000,0x00000000,0x00000000,0,0,0000025028c00000241270000000000000000000000000
171,0x000000950ab,0x00000000000,0x000000000,0x00000000,0x4aaa9044,0,0,000002542ac000000000000000000000000004aaa90440
172,0x000000960b3,0x00000000000,0x000000000,0x00000000,0x00000000,0,0,000002582cc00000000000000000000000000000000000
173,0x000000970bb,0x00000000000,0x000000000,0x00000000,0x00000000,0,0,0000025c2ec00000000000000000000000000000000000
174,0x000000980c3,0x0000002512f,0x000000000,0x00000000,0x00000000,0,0,0000026030c000002512f0000000000000000000000000
175,0x000000990cb,0x00000000000,0x000000000,0x00000000,0x4aead044,0,0,0000026432c000000000000000000000000004aead0440
176,0x0000009a0d3,0x00000000000,0x000000000,0x00000000,0x00000000,0,0,0000026834c00000000000000000000000000000000000
177,0x0000009b0db,0x00000000000,0x000000000,0x00000000,0x00000000,0,0,0000026c36c00000000000000000000000000000000000
178,0x00000000000,0x00000026137,0x000000000,0x00000000,0x00000000,0,0,0000000000000000261370000000000000000000000000
179,0x00000000000,0x00000000000,0x000000000,0x00000000,0x4b2b1044,0,0,00000000000000000000000000000000000004b2b10440
180,0x00000000000,0x00000000000,0x000000000,0x00000000,0x00000000,0,0,0000000000000000000000000000000000000000000000
181,0x00000000000,0x00000000000,0x000000000,0x00000000,0x00000000,0,0,0000000000000000000000000000000000000000000000
182,0x00000000000,0x0000002713f,0x000000000,0x00000000,0x00000000,0,0,00000000000000002713f0000000000000000000000000
183,0x00000000000,0x00000000000,0x000000000,0x00000000,0x4b6b5044,0,0,00000000000000000000000000000000000004b6b50440
184,0x00000000000,0x00000000000,0x000000000,0x00000000,0x00000000,0,0,0000000000000000000000000000000000000000000000
185,0x00000000000,0x00000000000,0x000000000,0x00000000,0x00000000,0,0,0000000000000000000000000000000000000000000000
186,0x00000000000,0x00000028147,0x000000000,0x00000000,0x00000000,0,0,0000000000000000281470000000000000000000000000
187,0x00000000000,0x00000000000,0x000000000,0x00000000,0x4bab9044,0,0,00000000000000000000000000000000000004bab90440
188,0x00000000000,0x00000000000,0x000000000,0x00000000,0x00000000,0,0,0000000000000000000000000000000000000000000000
189,0x00000000000,0x00000000000,0x000000000,0x00000000,0x00000000,0,0,0000000000000000000000000000000000000000000000
190,0x00000000000,0x0000002914f,0x000000000,0x00000000,0x00000000,0,0,00000000000000002914f0000000000000000000000000
191,0x00000000000,0x00000000000,0x000000000,0x00000000,0x4bebd044,0,0,00000000000000000000000000000000000004bebd0440
192,0x00000000000,0x00000000000,0x000000000,0x00000000,0x00000000,0,0,0000000000000000000000000000000000000000000000
193,0x00000000000,0x00000000000,0x000000000,0x00000000,0x00000000,0,0,0000000000000000000000000000000000000000000000
194,0x00000000000,0x0000002a157,0x000000000,0x00000000,0x00000000,0,0,00000000000000002a1570000000000000000000000000
195,0x00000000000,0x00000000000,0x000000000,0x00000000,0x4c2c1044,0,0,00000000000000000000000000000000000004c2c10440
196,0x00000000000,0x00000000000,0x000000000,0x00000000,0x00000000,0,0,0000000000000000000000000000000000000000000000
197,0x00000000000,0x00000000000,0x000000000,0x00000000,0x00000000,0,0,0000000000000000000000000000000000000000000000
198,0x00000000000,0x0000002b15f,0x000000000,0x00000000,0x00000000,0,0,00000000000000002b15f0000000000000000000000000
199,0x00000000000,0x00000000000,0x000000000,0x00000000,0x4c6c5044,0,0,00000000000000000000000000000000000004c6c50440
200,0x00000000000,0x00000000000,0x000000000,0x00000000,0x00000000,0,0,0000000000000000000000000000000000000000000000
201,0x00000000000,0x00000000000,0x000000000,0x00000000,0x00000000,0,0,0000000000000000000000000000000000000000000000
202,0x00000000000,0x0000002c167,0x000000000,0x00000000,0x00000000,0,0,00000000000000002c1670000000000000000000000000
203,0x00000000000,0x00000000000,0x000000000,0x00000000,0x4cac9044,0,0,00000000000000000000000000000000000004cac90440
204,0x00000000000,0x00000000000,0x000000000,0x00000000,0x00000000,0,0,0000000000000000000000000000000000000000000000
205,0x00000000000,0x00000000000,0x000000000,0x00000000,0x00000000,0,0,0000000000000000000000000000000000000000000000
206,0x00000000000,0x0000002d16f,0x000000000,0x00000000,0x00000000,0,0,00000000000000002d16f0000000000000000000000000
207,0x00000000000,0x00000000000,0x000000000,0x00000000,0x4cecd044,0,0,00000000000000000000000000000000000004cecd0440
208,0x00000000000,0x00000000000,0x000000000,0x00000000,0x00000000,0,0,0000000000000000000000000000000000000000000000
209,0x00000000000,0x00000000000,0x000000000,0x00000000,0x00000000,0,0,0000000000000000000000000000000000000000000000
210,0x00000000000,0x0000002e177,0x000000000,0x00000000,0x00000000,0,0,00000000000000002e1770000000000000000000000000
211,0x00000000000,0x00000000000,0x000000000,0x00000000,0x4d2d1044,0,0,00000000000000000000000000000000000004d2d10440
212,0x00000000000,0x00000000000,0x000000000,0x00000000,0x00000000,0,0,0000000000000000000000000000000000000000000000
213,0x00000000000,0x00000000000,0x000000000,0x00000000,0x00000000,0,0,0000000000000000000000000000000000000000000000
214,0x0000009c0e3,0x0000002f17f,0x000000000,0x00000000,0x00000000,0,0,0000027038c000002f17f0000000000000000000000000
215,0x0000009d0eb,0x00000000000,0x000000000,0x00000000,0x4d6d5044,0,0,000002743ac000000000000000000000000004d6d50440
216,0x0000009e0f3,0x00000000000,0x000000000,0x00000000,0x00000000,0,0,000002783cc00000000000000000000000000000000000
217,0x0000009f0fb,0x00000000000,0x000000000,0x00000000,0x00000000,0,0,0000027c3ec00000000000000000000000000000000000
218,0x000000a0103,0x00000030187,0x000000000,0x00000000,0x00000000,0,0,0000028040c00000301870000000000000000000000000
219,0x000000a110b,0x00000000000,0x000000000,0x00000000,0x4dad9044,0,0,0000028442c000000000000000000000000004dad90440
220,0x000000a2113,0x00000000000,0x000000000,0x00000000,0x00000000,0,0,0000028844c00000000000000000000000000000000000
221,0x000000a311b,0x00000000000,0x000000000,0x00000000,0x00000000,0,0,0000028c46c00000000000000000000000000000000000
222,0x000000a4123,0x0000003118f,0x000000000,0x00000000,0x00000000,0,0,0000029048c000003118f0000000000000000000000000
223,0x000000a512b,0x00000000000,0x000000000,0x00000000,0x4dedd044,0,0,000002944ac000000000000000000000000004dedd0440
224,0x000000a6133,0x00000000000,0x000000000,0x00000000,0x00000000,0,0,000002984cc00000000000000000000000000000000000
225,0x000000a713b,0x00000000000,0x000000000,0x00000000,0x00000000,0,0,0000029c4ec00000000000000000000000000000000000
226,0x00000000000,0x00000032197,0x000000000,0x00000000,0x00000000,0,0,0000000000000000321970000000000000000000000000
227,0x00000000000,0x00000000000,0x000000000,0x00000000,0x4e2e1044,0,0,00000000000000000000000000000000000004e2e10440
228,0x00000000000,0x00000000000,0x000000000,0x00000000,0x00000000,0,0,0000000000000000000000000000000000000000000000
229,0x00000000000,0x00000000000,0x000000000,0x00000000,0x00000000,0,0,0000000000000000000000000000000000000000000000
230,0x00000000000,0x0000003319f,0x000000000,0x00000000,0x00000000,0,0,00000000000000003319f0000000000000000000000000
231,0x00000000000,0x00000000000,0x000000000,0x00000000,0x4e6e5044,0,0,00000000000000000000000000000000000004e6e50440
232,0x00000000000,0x00000000000,0x000000000,0x00000000,0x00000000,0,0,0000000000000000000000000000000000000000000000
233,0x00000000000,0x00000000000,0x000000000,0x00000000,0x00000000,0,0,0000000000000000000000000000000000000000000000
234,0x00000000000,0x000000341a7,0x000000000,0x00000000,0x00000000,0,0,0000000000000000341a70000000000000000000000000
235,0x00000000000,0x00000000000,0x000000000,0x00000000,0x4eae9044,0,0,00000000000000000000000000000000000004eae90440
236,0x00000000000,0x00000000000,0x000000000,0x00000000,0x00000000,0,0,0000000000000000000000000000000000000000000000
237,0x00000000000,0x00000000000,0x000000000,0x00000000,0x00000000,0,0,0000000000000000000000000000000000000000000000
238,0x00000000000,0x000000351af,0x000000000,0x00000000,0x00000000,0,0,0000000000000000351af0000000000000000000000000
239,0x00000000000,0x00000000000,0x000000000,0x00000000,0x4eeed044,0,0,00000000000000000000000000000000000004eeed0440
240,0x00000000000,0x00000000000,0x000000000,0x00000000,0x00000000,0,0,0000000000000000000000000000000000000000000000
241,0x00000000000,0x00000000000,0x000000000,0x00000000,0x00000000,0,0,0000000000000000000000000000000000000000000000
242,0x00000000000,0x000000361b7,0x000000000,0x00000000,0x00000000,0,0,0000000000000000361b70000000000000000000000000
243,0x00000000000,0x00000000000,0x000000000,0x00000000,0x4f2f1044,0,0,00000000000000000000000000000000000004f2f10440
244,0x00000000000,0x00000000000,0x000000000,0x00000000,0x00000000,0,0,0000000000000000000000000000000000000000000000
245,0x00000000000,0x00000000000,0x000000000,0x00000000,0x00000000,0,0,0000000000000000000000000000000000000000000000
246,0x00000000000,0x000000371bf,0x000000000,0x00000000,0x00000000,0,0,0000000000000000371bf0000000000000000000000000
247,0x00000000000,0x00000000000,0x000000000,0x00000000,0x4f6f5044,0,0,00000000000000000000000000000000000004f6f50440
248,0x00000000000,0x00000000000,0x000000000,0x00000000,0x00000000,0,0,0000000000000000000000000000000000000000000000
249,0x00000000000,0x00000000000,0x000000000,0x00000000,0x00000000,0,0,0000000000000000000000000000000000000000000000
250,0x00000000000,0x000000381c7,0x000000000,0x00000000,0x00000000,0,0,0000000000000000381c70000000000000000000000000
251,0x00000000000,0x00000000000,0x000000000,0x00000000,0x4faf9044,0,0,00000000000000000000000000000000000004faf90440
252,0x00000000000,0x00000000000,0x000000000,0x00000000,0x00000000,0,0,0000000000000000000000000000000000000000000000
253,0x00000000000,0x00000000000,0x000000000,0x00000000,0x00000000,0,0,0000000000000000000000000000000000000000000000
254,0x00000000000,0x000000391cf,0x000000000,0x00000000,0x00000000,0,0,0000000000000000391cf0000000000000000000000000
255,0x00000000000,0x00000000000,0x000000000,0x00000000,0x4fefd044,0,0,00000000000000000000000000000000000004fefd0440
256,0x00000000000,0x00000000000,0x000000000,0x00000000,0x00000000,0,0,0000000000000000000000000000000000000000000000
257,0x00000000000,0x00000000000,0x000000000,0x00000000,0x00000000,0,0,0000000000000000000000000000000000000000000000
258,0x00000000000,0x0000003a1d7,0x000000000,0x00000000,0x00000000,0,0,00000000000000003a1d70000000000000000000000000
259,0x00000000000,0x00000000000,0x000000000,0x00000000,0x50301044,0,0,0000000000000000000000000000000000000503010440
260,0x00000000000,0x00000000000,0x000000000,0x00000000,0x00000000,0,0,0000000000000000000000000000000000000000000000
261,0x00000000000,0x00000000000,0x000000000,0x00000000,0x00000000,0,0,0000000000000000000000000000000000000000000000
262,0x000000a8143,0x0000003b1df,0x000000000,0x00000000,0x00000000,0,0,000002a050c000003b1df0000000000000000000000000
263,0x000000a914b,0x00000000000,0x000000000,0x00000000,0x50705044,0,0,000002a452c00000000000000000000000000507050440
264,0x000000aa153,0x00000000000,0x000000000,0x00000000,0x00000000,0,0,000002a854c00000000000000000000000000000000000
265,0x000000ab15b,0x00000000000,0x000000000,0x00000000,0x00000000,0,0,000002ac56c00000000000000000000000000000000000
266,0x000000ac163,0x0000003c1e7,0x000000000,0x00000000,0x00000000,0,0,000002b058c000003c1e70000000000000000000000000
267,0x000000ad16b,0x00000000000,0x000000000,0x00000000,0x50b09044,0,0,000002b45ac0000000000000000000000000050b090440
268,0x000000ae173,0x00000000000,0x000000000,0x00000000,0x00000000,0,0,000002b85cc00000000000000000000000000000000000
269,0x000000af17b,0x00000000000,0x000000000,0x00000000,0x00000000,0,0,000002bc5ec00000000000000000000000000000000000
270,0x000000b0183,0x0000003d1ef,0x000000000,0x00000000,0x00000000,0,0,000002c060c000003d1ef0000000000000000000000000
271,0x000000b118b,0x00000000000,0x000000000,0x00000000,0x50f0d044,0,0,000002c462c0000000000000000000000000050f0d0440
272,0x000000b2193,0x00000000000,0x000000000,0x00000000,0x00000000,0,0,000002c864c00000000000000000000000000000000000
273,0x000000b319b,0x00000000000,0x000000000,0x00000000,0x00000000,0,0,000002cc66c00000000000000000000000000000000000
274,0x00000000000,0x0000003e1f7,0x000000000,0x00000000,0x00000000,0,0,00000000000000003e1f70000000000000000000000000
275,0x00000000000,0x00000000000,0x000000000,0x00000000,0x51311044,0,0,0000000000000000000000000000000000000513110440
276,0x00000000000,0x00000000000,0x000000000,0x00000000,0x00000000,0,0,0000000000000000000000000000000000000000000000
277,0x00000000000,0x00000000000,0x000000000,0x00000000,0x00000000,0,0,0000000000000000000000000000000000000000000000
278,0x00000000000,0x0000003f1ff,0x000000000,0x00000000,0x00000000,0,0,00000000000000003f1ff0000000000000000000000000
279,0x00000000000,0x00000000000,0x000000000,0x00000000,0x51715044,0,0,0000000000000000000000000000000000000517150440
280,0x00000000000,0x00000000000,0x000000000,0x00000000,0x00000000,0,0,0000000000000000000000000000000000000000000000
281,0x00000000000,0x00000000000,0x000000000,0x00000000,0x00000000,0,0,0000000000000000000000000000000000000000000000
282,0x00000000000,0x00000040207,0x000000000,0x00000000,0x00000000,0,0,0000000000000000402070000000000000000000000000
283,0x00000000000,0x00000000000,0x000000000,0x00000000,0x51b19044,0,0,000000000000000000000000000000000000051b190440
284,0x00000000000,0x00000000000,0x000000000,0x00000000,0x00000000,0,0,0000000000000000000000000000000000000000000000
285,0x00000000000,0x00000000000,0x000000000,0x00000000,0x00000000,0,0,0000000000000000000000000000000000000000000000
286,0x00000000000,0x0000004120f,0x000000000,0x00000000,0x00000000,0,0,00000000000000004120f0000000000000000000000000
287,0x00000000000,0x00000000000,0x000000000,0x00000000,0x51f1d044,0,0,000000000000000000000000000000000000051f1d0440
288,0x00000000000,0x00000000000,0x000000000,0x00000000,0x00000000,0,0,0000000000000000000000000000000000000000000000
289,0x00000000000,0x00000000000,0x000000000,0x00000000,0x00000000,0,0,0000000000000000000000000000000000000000000000
290,0x00000000000,0x00000042217,0x000000000,0x00000000,0x00000000,0,0,0000000000000000422170000000000000000000000000
291,0x00000000000,0x00000000000,0x000000000,0x00000000,0x52321044,0,0,0000000000000000000000000000000000000523210440
292,0x00000000000,0x00000000000,0x000000000,0x00000000,0x00000000,0,0,0000000000000000000000000000000000000000000000
293,0x00000000000,0x00000000000,0x000000000,0x00000000,0x00000000,0,0,0000000000000000000000000000000000000000000000
294,0x00000000000,0x0000004321f,0x000000000,0x00000000,0x00000000,0,0,00000000000000004321f0000000000000000000000000
295,0x00000000000,0x00000000000,0x000000000,0x00000000,0x52725044,0,0,0000000000000000000000000000000000000527250440
296,0x00000000000,0x00000000000,0x000000000,0x00000000,0x00000000,0,0,0000000000000000000000000000000000000000000000
297,0x00000000000,0x00000000000,0x000000000,0x00000000,0x00000000,0,0,0000000000000000000000000000000000000000000000
298,0x00000000000,0x00000044227,0x000000000,0x00000000,0x00000000,0,0,0000000000000000442270000000000000000000000000
299,0x00000000000,0x00000000000,0x000000000,0x00000000,0x52b29044,0,0,000000000000000000000000000000000000052b290440
300,0x00000000000,0x00000000000,0x000000000,0x00000000,0x00000000,0,0,0000000000000000000000000000000000000000000000
301,0x00000000000,0x00000000000,0x000000000,0x00000000,0x00000000,0,0,0000000000000000000000000000000000000000000000
302,0x00000000000,0x0000004522f,0x000000000,0x00000000,0x00000000,0,0,00000000000000004522f0000000000000000000000000
303,0x00000000000,0x00000000000,0x000000000,0x00000000,0x52f2d044,0,0,000000000000000000000000000000000000052f2d0440
304,0x00000000000,0x00000000000,0x000000000,0x00000000,0x00000000,0,0,0000000000000000000000000000000000000000000000
305,0x00000000000,0x00000000000,0x000000000,0x00000000,0x00000000,0,0,0000000000000000000000000000000000000000000000
306,0x00000000000,0x00000046237,0x000000000,0x00000000,0x00000000,0,0,0000000000000000462370000000000000000000000000
307,0x00000000000,0x00000000000,0x000000000,0x00000000,0x53331044,0,0,0000000000000000000000000000000000000533310440
308,0x00000000000,0x00000000000,0x000000000,0x00000000,0x00000000,0,0,0000000000000000000000000000000000000000000000
309,0x00000000000,0x00000000000,0x000000000,0x00000000,0x00000000,0,0,0000000000000000000000000000000000000000000000
310,0x000000b41a3,0x0000004723f,0x000000000,0x00000000,0x00000000,0,0,000002d068c000004723f0000000000000000000000000
311,0x000000b51ab,0x00000000000,0x000000000,0x00000000,0x53735044,0,0,000002d46ac00000000000000000000000000537350440
312,0x000000b61b3,0x00000000000,0x000000000,0x00000000,0x00000000,0,0,000002d86cc00000000000000000000000000000000000
313,0x000000b71bb,0x00000000000,0x000000000,0x00000000,0x00000000,0,0,000002dc6ec00000000000000000000000000000000000
314,0x000000b81c3,0x00000048247,0x000000000,0x00000000,0x00000000,0,0,000002e070c00000482470000000000000000000000000
315,0x000000b91cb,0x00000000000,0x000000000,0x00000000,0x53b39044,0,0,000002e472c0000000000000000000000000053b390440
316,0x000000ba1d3,0x00000000000,0x000000000,0x00000000,0x00000000,0,0,000002e874c00000000000000000000000000000000000
317,0x000000bb1db,0x00000000000,0x000000000,0x00000000,0x00000000,0,0,000002ec76c00000000000000000000000000000000000
318,0x000000bc1e3,0x0000004924f,0x000000000,0x00000000,0x00000000,0,0,000002f078c000004924f0000000000000000000000000
319,0x000000bd1eb,0x00000000000,0x000000000,0x00000000,0x53f3d044,0,0,000002f47ac0000000000000000000000000053f3d0440
320,0x000000be1f3,0x00000000000,0x000000000,0x00000000,0x00000000,0,0,000002f87cc00000000000000000000000000000000000
321,0x000000bf1fb,0x00000000000,0x000000000,0x00000000,0x00000000,0,0,000002fc7ec00000000000000000000000000000000000
322,0x00000000000,0x0000004a257,0x000000000,0x00000000,0x00000000,0,0,00000000000000004a2570000000000000000000000000
323,0x00000000000,0x00000000000,0x000000000,0x00000000,0x54341044,0,0,0000000000000000000000000000000000000543410440
324,0x00000000000,0x00000000000,0x000000000,0x00000000,0x00000000,0,0,0000000000000000000000000000000000000000000000
325,0x00000000000,0x00000000000,0x000000000,0x00000000,0x00000000,0,0,0000000000000000000000000000000000000000000000
326,0x00000000000,0x0000004b25f,0x000000000,0x00000000,0x00000000,0,0,00000000000000004b25f0000000000000000000000000
327,0x00000000000,0x00000000000,0x000000000,0x00000000,0x54745044,0,0,0000000000000000000000000000000000000547450440
328,0x00000000000,0x00000000000,0x000000000,0x00000000,0x00000000,0,0,0000000000000000000000000000000000000000000000
329,0x00000000000,0x00000000000,0x000000000,0x00000000,0x00000000,0,0,0000000000000000000000000000000000000000000000
330,0x00000000000,0x0000004c267,0x000000000,0x00000000,0x00000000,0,0,00000000000000004c2670000000000000000000000000
331,0x00000000000,0x00000000000,0x000000000,0x00000000,0x54b49044,0,0,000000000000000000000000000000000000054b490440
332,0x00000000000,0x00000000000,0x000000000,0x00000000,0x00000000,0,0,0000000000000000000000000000000000000000000000
333,0x00000000000,0x00000000000,0x000000000,0x00000000,0x00000000,0,0,0000000000000000000000000000000000000000000000
334,0x00000000000,0x0000004d26f,0x000000000,0x00000000,0x00000000,0,0,00000000000000004d26f0000000000000000000000000
335,0x00000000000,0x00000000000,0x000000000,0x00000000,0x54f4d044,0,0,000000000000000000000000000000000000054f4d0440
336,0x00000000000,0x00000000000,0x000000000,0x00000000,0x00000000,0,0,0000000000000000000000000000000000000000000000
337,0x00000000000,0x00000000000,0x000000000,0x00000000,0x00000000,0,0,0000000000000000000000000000000000000000000000
338,0x00000000000,0x0000004e277,0x000000000,0x00000000,0x00000000,0,0,00000000000000004e2770000000000000000000000000
339,0x00000000000,0x00000000000,0x000000000,0x00000000,0x55351044,0,0,0000000000000000000000000000000000000553510440
340,0x00000000000,0x00000000000,0x000000000,0x00000000,0x00000000,0,0,0000000000000000000000000000000000000000000000
341,0x00000000000,0x00000000000,0x000000000,0x00000000,0x00000000,0,0,0000000000000000000000000000000000000000000000
342,0x00000000000,0x0000004f27f,0x000000000,0x00000000,0x00000000,0,0,00000000000000004f27f0000000000000000000000000
343,0x00000000000,0x00000000000,0x000000000,0x00000000,0x55755044,0,0,0000000000000000000000000000000000000557550440
344,0x00000000000,0x00000000000,0x000000000,0x00000000,0x00000000,0,0,0000000000000000000000000000000000000000000000
345,0x00000000000,0x00000000000,0x000000000,0x00000000,0x00000000,0,0,0000000000000000000000000000000000000000000000
346,0x00000000000,0x00000050287,0x000000000,0x00000000,0x00000000,0,0,0000000000000000502870000000000000000000000000
347,0x00000000000,0x00000000000,0x000000000,0x00000000,0x55b59044,0,0,000000000000000000000000000000000000055b590440
348,0x00000000000,0x00000000000,0x000000000,0x00000000,0x00000000,0,0,0000000000000000000000000000000000000000000000
349,0x00000000000,0x00000000000,0x000000000,0x00000000,0x00000000,0,0,0000000000000000000000000000000000000000000000
350,0x00000000000,0x0000005128f,0x000000000,0x00000000,0x00000000,0,0,00000000000000005128f0000000000000000000000000
351,0x00000000000,0x00000000000,0x000000000,0x00000000,0x55f5d044,0,0,000000000000000000000000000000000000055f5d0440
352,0x00000000000,0x00000000000,0x000000000,0x00000000,0x00000000,0,0,0000000000000000000000000000000000000000000000
353,0x00000000000,0x00000000000,0x000000000,0x00000000,0x00000000,0,0,0000000000000000000000000000000000000000000000
354,0x00000000000,0x00000052297,0x000000000,0x00000000,0x00000000,0,0,0000000000000000522970000000000000000000000000
355,0x00000000000,0x00000000000,0x000000000,0x00000000,0x56361044,0,0,0000000000000000000000000000000000000563610440
356,0x00000000000,0x00000000000,0x000000000,0x00000000,0x00000000,0,0,0000000000000000000000000000000000000000000000
357,0x00000000000,0x00000000000,0x000000000,0x00000000,0x00000000,0,0,0000000000000000000000000000000000000000000000
358,0x000000c0203,0x0000005329f,0x000000000,0x00000000,0x00000000,0,0,0000030080c000005329f0000000000000000000000000
359,0x000000c120b,0x00000000000,0x000000000,0x00000000,0x56765044,0,0,0000030482c00000000000000000000000000567650440
360,0x000000c2213,0x00000000000,0x000000000,0x00000000,0x00000000,0,0,0000030884c00000000000000000000000000000000000
361,0x000000c321b,0x00000000000,0x000000000,0x00000000,0x00000000,0,0,0000030c86c00000000000000000000000000000000000
362,0x000000c4223,0x000000542a7,0x000000000,0x00000000,0x00000000,0,0,0000031088c00000542a70000000000000000000000000
363,0x000000c522b,0x00000000000,0x000000000,0x00000000,0x56b69044,0,0,000003148ac0000000000000000000000000056b690440
364,0x000000c6233,0x00000000000,0x000000000,0x00000000,0x00000000,0,0,000003188cc00000000000000000000000000000000000
365,0x000000c723b,0x00000000000,0x000000000,0x00000000,0x00000000,0,0,0000031c8ec00000000000000000000000000000000000
366,0x000000c8243,0x000000552af,0x000000000,0x00000000,0x00000000,0,0,0000032090c00000552af0000000000000000000000000
367,0x000000c924b,0x00000000000,0x000000000,0x00000000,0x56f6d044,0,0,0000032492c0000000000000000000000000056f6d0440
368,0x000000ca253,0x00000000000,0x000000000,0x00000000,0x00000000,0,0,0000032894c00000000000000000000000000000000000
369,0x000000cb25b,0x00000000000,0x000000000,0x00000000,0x00000000,0,0,0000032c96c00000000000000000000000000000000000
370,0x00000000000,0x000000562b7,0x000000000,0x00000000,0x00000000,0,0,0000000000000000562b70000000000000000000000000
371,0x00000000000,0x00000000000,0x000000000,0x00000000,0x57371044,0,0,0000000000000000000000000000000000000573710440
372,0x00000000000,0x00000000000,0x000000000,0x00000000,0x00000000,0,0,0000000000000000000000000000000000000000000000
373,0x00000000000,0x00000000000,0x000000000,0x00000000,0x00000000,0,0,0000000000000000000000000000000000000000000000
374,0x00000000000,0x000000572bf,0x000000000,0x00000000,0x00000000,0,0,0000000000000000572bf0000000000000000000000000
375,0x00000000000,0x00000000000,0x000000000,0x00000000,0x57775044,0,0,0000000000000000000000000000000000000577750440
376,0x00000000000,0x00000000000,0x000000000,0x00000000,0x00000000,0,0,0000000000000000000000000000000000000000000000
377,0x00000000000,0x00000000000,0x000000000,0x00000000,0x00000000,0,0,0000000000000000000000000000000000000000000000
378,0x00000000000,0x000000582c7,0x000000000,0x00000000,0x00000000,0,0,0000000000000000582c70000000000000000000000000
379,0x00000000000,0x00000000000,0x000000000,0x00000000,0x57b79044,0,0,000000000000000000000000000000000000057b790440
380,0x00000000000,0x00000000000,0x000000000,0x00000000,0x00000000,0,0,0000000000000000000000000000000000000000000000
381,0x00000000000,0x00000000000,0x000000000,0x00000000,0x00000000,0,0,0000000000000000000000000000000000000000000000
382,0x00000000000,0x000000592cf,0x000000000,0x00000000,0x00000000,0,0,0000000000000000592cf0000000000000000000000000
383,0x00000000000,0x00000000000,0x000000000,0x00000000,0x57f7d044,0,0,000000000000000000000000000000000000057f7d0440
384,0x00000000000,0x00000000000,0x000000000,0x00000000,0x00000000,0,0,0000000000000000000000000000000000000000000000
385,0x00000000000,0x00000000000,0x000000000,0x00000000,0x00000000,0,0,0000000000000000000000000000000000000000000000
386,0x00000000000,0x0000005a2d7,0x000000000,0x00000000,0x00000000,0,0,00000000000000005a2d70000000000000000000000000
387,0x00000000000,0x00000000000,0x000000000,0x00000000,0x58381044,0,0,0000000000000000000000000000000000000583810440
388,0x00000000000,0x00000000000,0x000000000,0x00000000,0x00000000,0,0,0000000000000000000000000000000000000000000000
389,0x00000000000,0x00000000000,0x000000000,0x00000000,0x00000000,0,0,0000000000000000000000000000000000000000000000
390,0x00000000000,0x0000005b2df,0x000000000,0x00000000,0x00000000,0,0,00000000000000005b2df0000000000000000000000000
391,0x00000000000,0x00000000000,0x000000000,0x00000000,0x58785044,0,0,0000000000000000000000000000000000000587850440
392,0x00000000000,0x00000000000,0x000000000,0x00000000,0x00000000,0,0,0000000000000000000000000000000000000000000000
393,0x00000000000,0x00000000000,0x000000000,0x00000000,0x00000000,0,0,0000000000000000000000000000000000000000000000
394,0x00000000000,0x0000005c2e7,0x000000000,0x00000000,0x00000000,0,0,00000000000000005c2e70000000000000000000000000
395,0x00000000000,0x00000000000,0x000000000,0x00000000,0x58b89044,0,0,000000000000000000000000000000000000058b890440
396,0x00000000000,0x00000000000,0x000000000,0x00000000,0x00000000,0,0,0000000000000000000000000000000000000000000000
397,0x00000000000,0x00000000000,0x000000000,0x00000000,0x00000000,0,0,0000000000000000000000000000000000000000000000
398,0x00000000000,0x0000005d2ef,0x000000000,0x00000000,0x00000000,0,0,00000000000000005d2ef0000000000000000000000000
399,0x00000000000,0x00000000000,0x000000000,0x00000000,0x58f8d044,0,0,000000000000000000000000000000000000058f8d0440
400,0x00000000000,0x00000000000,0x000000000,0x00000000,0x00000000,0,0,0000000000000000000000000000000000000000000000
401,0x00000000000,0x00000000000,0x000000000,0x00000000,0x00000000,0,0,0000000000000000000000000000000000000000000000
402,0x00000000000,0x0000005e2f7,0x000000000,0x00000000,0x00000000,0,0,00000000000000005e2f70000000000000000000000000
403,0x00000000000,0x00000000000,0x000000000,0x00000000,0x59391044,0,0,0000000000000000000000000000000000000593910440
404,0x00000000000,0x00000000000,0x000000000,0x00000000,0x00000000,0,0,0000000000000000000000000000000000000000000000
405,0x00000000000,0x00000000000,0x000000000,0x00000000,0x00000000,0,0,0000000000000000000000000000000000000000000000
406,0x000000cc263,0x0000005f2ff,0x000000000,0x00000000,0x00000000,0,0,0000033098c000005f2ff0000000000000000000000000
407,0x000000cd26b,0x00000000000,0x000000000,0x00000000,0x59795044,0,0,000003349ac00000000000000000000000000597950440
408,0x000000ce273,0x00000000000,0x000000000,0x00000000,0x00000000,0,0,000003389cc00000000000000000000000000000000000
409,0x000000cf27b,0x00000000000,0x000000000,0x00000000,0x00000000,0,0,0000033c9ec00000000000000000000000000000000000
410,0x000000d0283,0x00000060307,0x000000000,0x00000000,0x00000000,0,0,00000340a0c00000603070000000000000000000000000
411,0x000000d128b,0x00000000000,0x000000000,0x00000000,0x59b99044,0,0,00000344a2c0000000000000000000000000059b990440
412,0x000000d2293,0x00000000000,0x000000000,0x00000000,0x00000000,0,0,00000348a4c00000000000000000000000000000000000
413,0x000000d329b,0x00000000000,0x000000000,0x00000000,0x00000000,0,0,0000034ca6c00000000000000000000000000000000000
414,0x000000d42a3,0x0000006130f,0x000000000,0x00000000,0x00000000,0,0,00000350a8c000006130f0000000000000000000000000
415,0x000000d52ab,0x00000000000,0x000000000,0x00000000,0x59f9d044,0,0,00000354aac0000000000000000000000000059f9d0440
416,0x000000d62b3,0x00000000000,0x000000000,0x00000000,0x00000000,0,0,00000358acc00000000000000000000000000000000000
417,0x000000d72bb,0x00000000000,0x000000000,0x00000000,0x00000000,0,0,0000035caec00000000000000000000000000000000000
418,0x00000000000,0x00000062317,0x000000000,0x00000000,0x00000000,0,0,0000000000000000623170000000000000000000000000
419,0x00000000000,0x00000000000,0x000000000,0x00000000,0x5a3a1044,0,0,00000000000000000000000000000000000005a3a10440
420,0x00000000000,0x00000000000,0x000000000,0x00000000,0x00000000,0,0,0000000000000000000000000000000000000000000000
421,0x00000000000,0x00000000000,0x000000000,0x00000000,0x00000000,0,0,0000000000000000000000000000000000000000000000
422,0x00000000000,0x0000006331f,0x000000000,0x00000000,0x00000000,0,0,00000000000000006331f0000000000000000000000000
423,0x00000000000,0x00000000000,0x000000000,0x00000000,0x5a7a5044,0,0,00000000000000000000000000000000000005a7a50440
424,0x00000000000,0x00000000000,0x000000000,0x00000000,0x00000000,0,0,0000000000000000000000000000000000000000000000
425,0x00000000000,0x00000000000,0x000000000,0x00000000,0x00000000,0,0,0000000000000000000000000000000000000000000000
426,0x00000000000,0x00000064327,0x000000000,0x00000000,0x00000000,0,0,0000000000000000643270000000000000000000000000
427,0x00000000000,0x00000000000,0x000000000,0x00000000,0x5aba9044,0,0,00000000000000000000000000000000000005aba90440
428,0x00000000000,0x00000000000,0x000000000,0x00000000,0x00000000,0,0,0000000000000000000000000000000000000000000000
429,0x00000000000,0x00000000000,0x000000000,0x00000000,0x00000000,0,0,0000000000000000000000000000000000000000000000
430,0x00000000000,0x0000006532f,0x000000000,0x00000000,0x00000000,0,0,00000000000000006532f0000000000000000000000000
431,0x00000000000,0x00000000000,0x000000000,0x00000000,0x5afad044,0,0,00000000000000000000000000000000000005afad0440
432,0x00000000000,0x00000000000,0x000000000,0x00000000,0x00000000,0,0,0000000000000000000000000000000000000000000000
433,0x00000000000,0x00000000000,0x000000000,0x00000000,0x00000000,0,0,0000000000000000000000000000000000000000000000
434,0x00000000000,0x00000066337,0x000000000,0x00000000,0x00000000,0,0,0000000000000000663370000000000000000000000000
435,0x00000000000,0x00000000000,0x000000000,0x00000000,0x5b3b1044,0,0,00000000000000000000000000000000000005b3b10440
436,0x00000000000,0x00000000000,0x000000000,0x00000000,0x00000000,0,0,0000000000000000000000000000000000000000000000
437,0x00000000000,0x00000000000,0x000000000,0x00000000,0x00000000,0,0,0000000000000000000000000000000000000000000000
438,0x00000000000,0x0000006733f,0x000000000,0x00000000,0x00000000,0,0,00000000000000006733f0000000000000000000000000
439,0x00000000000,0x00000000000,0x000000000,0x00000000,0x5b7b5044,0,0,00000000000000000000000000000000000005b7b50440
440,0x00000000000,0x00000000000,0x000000000,0x00000000,0x00000000,0,0,0000000000000000000000000000000000000000000000
441,0x00000000000,0x00000000000,0x000000000,0x00000000,0x00000000,0,0,0000000000000000000000000000000000000000000000
442,0x00000000000,0x00000068347,0x000000000,0x00000000,0x00000000,0,0,0000000000000000683470000000000000000000000000
443,0x00000000000,0x00000000000,0x000000000,0x00000000,0x5bbb9044,0,0,00000000000000000000000000000000000005bbb90440
444,0x00000000000,0x00000000000,0x000000000,0x00000000,0x00000000,0,0,0000000000000000000000000000000000000000000000
445,0x00000000000,0x00000000000,0x000000000,0x00000000,0x00000000,0,0,0000000000000000000000000000000000000000000000
446,0x00000000000,0x0000006934f,0x000000000,0x00000000,0x00000000,0,0,00000000000000006934f0000000000000000000000000
447,0x00000000000,0x00000000000,0x000000000,0x00000000,0x5bfbd044,0,0,00000000000000000000000000000000000005bfbd0440
448,0x00000000000,0x00000000000,0x000000000,0x00000000,0x00000000,0,0,0000000000000000000000000000000000000000000000
449,0x00000000000,0x00000000000,0x000000000,0x00000000,0x00000000,0,0,0000000000000000000000000000000000000000000000
450,0x00000000000,0x0000006a357,0x000000000,0x00000000,0x00000000,0,0,00000000000000006a3570000000000000000000000000
451,0x00000000000,0x00000000000,0x000000000,0x00000000,0x5c3c1044,0,0,00000000000000000000000000000000000005c3c10440
452,0x00000000000,0x00000000000,0x000000000,0x00000000,0x00000000,0,0,0000000000000000000000000000000000000000000000
453,0x00000000000,0x00000000000,0x000000000,0x00000000,0x00000000,0,0,0000000000000000000000000000000000000000000000
454,0x000000d82c3,0x0000006b35f,0x000000000,0x00000000,0x00000000,0,0,00000360b0c000006b35f0000000000000000000000000
455,0x000000d92cb,0x00000000000,0x000000000,0x00000000,0x5c7c5044,0,0,00000364b2c000000000000000000000000005c7c50440
456,0x000000da2d3,0x00000000000,0x000000000,0x00000000,0x00000000,0,0,00000368b4c00000000000000000000000000000000000
457,0x000000db2db,0x00000000000,0x000000000,0x00000000,0x00000000,0,0,0000036cb6c00000000000000000000000000000000000
458,0x000000dc2e3,0x0000006c367,0x000000000,0x00000000,0x00000000,0,0,00000370b8c000006c3670000000000000000000000000
459,0x000000dd2eb,0x00000000000,0x000000000,0x00000000,0x5cbc9044,0,0,00000374bac000000000000000000000000005cbc90440
460,0x000000de2f3,0x00000000000,0x000000000,0x00000000,0x00000000,0,0,00000378bcc00000000000000000000000000000000000
461,0x000000df2fb,0x00000000000,0x000000000,0x00000000,0x00000000,0,0,0000037cbec00000000000000000000000000000000000
462,0x000000e0303,0x0000006d36f,0x000000000,0x00000000,0x00000000,0,0,00000380c0c000006d36f0000000000000000000000000
463,0x000000e130b,0x00000000000,0x000000000,0x00000000,0x5cfcd044,0,0,00000384c2c000000000000000000000000005cfcd0440
464,0x000000e2313,0x00000000000,0x000000000,0x00000000,0x00000000,0,0,00000388c4c00000000000000000000000000000000000
465,0x000000e331b,0x00000000000,0x000000000,0x00000000,0x00000000,0,0,0000038cc6c00000000000000000000000000000000000
466,0x00000000000,0x0000006e377,0x000000000,0x00000000,0x00000000,0,0,00000000000000006e3770000000000000000000000000
467,0x00000000000,0x00000000000,0x000000000,0x00000000,0x5d3d1044,0,0,00000000000000000000000000000000000005d3d10440
468,0x00000000000,0x00000000000,0x000000000,0x00000000,0x00000000,0,0,0000000000000000000000000000000000000000000000
469,0x00000000000,0x00000000000,0x000000000,0x00000000,0x00000000,0,0,0000000000000000000000000000000000000000000000
470,0x00000000000,0x0000006f37f,0x000000000,0x00000000,0x00000000,0,0,00000000000000006f37f0000000000000000000000000
471,0x00000000000,0x00000000000,0x000000000,0x00000000,0x5d7d5044,0,0,00000000000000000000000000000000000005d7d50440
472,0x00000000000,0x00000000000,0x000000000,0x00000000,0x00000000,0,0,0000000000000000000000000000000000000000000000
473,0x00000000000,0x00000000000,0x000000000,0x00000000,0x00000000,0,0,0000000000000000000000000000000000000000000000
474,0x00000000000,0x00000070387,0x000000000,0x00000000,0x00000000,0,0,0000000000000000703870000000000000000000000000
475,0x00000000000,0x00000000000,0x000000000,0x00000000,0x5dbd9044,0,0,00000000000000000000000000000000000005dbd90440
476,0x00000000000,0x00000000000,0x000000000,0x00000000,0x00000000,0,0,0000000000000000000000000000000000000000000000
477,0x00000000000,0x00000000000,0x000000000,0x00000000,0x00000000,0,0,0000000000000000000000000000000000000000000000
478,0x00000000000,0x0000007138f,0x000000000,0x00000000,0x00000000,0,0,00000000000000007138f0000000000000000000000000
479,0x00000000000,0x00000000000,0x000000000,0x00000000,0x5dfdd044,0,0,00000000000000000000000000000000000005dfdd0440
480,0x00000000000,0x00000000000,0x000000000,0x00000000,0x00000000,0,0,0000000000000000000000000000000000000000000000
481,0x00000000000,0x00000000000,0x000000000,0x00000000,0x00000000,0,0,0000000000000000000000000000000000000000000000
482,0x00000000000,0x00000072397,0x000000000,0x00000000,0x00000000,0,0,0000000000000000723970000000000000000000000000
483,0x00000000000,0x00000000000,0x000000000,0x00000000,0x5e3e1044,0,0,00000000000000000000000000000000000005e3e10440
484,0x00000000000,0x00000000000,0x000000000,0x00000000,0x00000000,0,0,0000000000000000000000000000000000000000000000
485,0x00000000000,0x00000000000,0x000000000,0x00000000,0x00000000,0,0,0000000000000000000000000000000000000000000000
486,0x00000000000,0x0000007339f,0x000000000,0x00000000,0x00000000,0,0,00000000000000007339f0000000000000000000000000
487,0x00000000000,0x00000000000,0x000000000,0x00000000,0x5e7e5044,0,0,00000000000000000000000000000000000005e7e50440
488,0x00000000000,0x00000000000,0x000000000,0x00000000,0x00000000,0,0,0000000000000000000000000000000000000000000000
489,0x00000000000,0x00000000000,0x000000000,0x00000000,0x00000000,0,0,0000000000000000000000000000000000000000000000
490,0x00000000000,0x000000743a7,0x000000000,0x00000000,0x00000000,0,0,0000000000000000743a70000000000000000000000000
491,0x00000000000,0x00000000000,0x000000000,0x00000000,0x5ebe9044,0,0,00000000000000000000000000000000000005ebe90440
492,0x00000000000,0x00000000000,0x000000000,0x00000000,0x00000000,0,0,0000000000000000000000000000000000000000000000
493,0x00000000000,0x00000000000,0x000000000,0x00000000,0x00000000,0,0,0000000000000000000000000000000000000000000000
494,0x00000000000,0x000000753af,0x000000000,0x00000000,0x00000000,0,0,0000000000000000753af0000000000000000000000000
495,0x00000000000,0x00000000000,0x000000000,0x00000000,0x5efed044,0,0,00000000000000000000000000000000000005efed0440
496,0x00000000000,0x00000000000,0x000000000,0x00000000,0x00000000,0,0,0000000000000000000000000000000000000000000000
497,0x00000000000,0x00000000000,0x000000000,0x00000000,0x00000000,0,0,0000000000000000000000000000000000000000000000
498,0x00000000000,0x000000763b7,0x000000000,0x00000000,0x00000000,0,0,0000000000000000763b70000000000000000000000000
499,0x00000000000,0x00000000000,0x000000000,0x00000000,0x5f3f1044,0,0,00000000000000000000000000000000000005f3f10440
500,0x00000000000,0x00000000000,0x000000000,0x00000000,0x00000000,0,0,0000000000000000000000000000000000000000000000
501,0x00000000000,0x00000000000,0x000000000,0x00000000,0x00000000,0,0,0000000000000000000000000000000000000000000000
502,0x000000e4323,0x000000773bf,0x000000000,0x00000000,0x00000000,0,0,00000390c8c00000773bf0000000000000000000000000
503,0x000000e532b,0x00000000000,0x000000000,0x00000000,0x5f7f5044,0,0,00000394cac000000000000000000000000005f7f50440
504,0x000000e6333,0x00000000000,0x000000000,0x00000000,0x00000000,0,0,00000398ccc00000000000000000000000000000000000
505,0x000000e733b,0x00000000000,0x000000000,0x00000000,0x00000000,0,0,0000039ccec00000000000000000000000000000000000
506,0x000000e8343,0x000000783c7,0x000000000,0x00000000,0x00000000,0,0,000003a0d0c00000783c70000000000000000000000000
507,0x000000e934b,0x00000000000,0x000000000,0x00000000,0x5fbf9044,0,0,000003a4d2c000000000000000000000000005fbf90440
508,0x000000ea353,0x00000000000,0x000000000,0x00000000,0x00000000,0,0,000003a8d4c00000000000000000000000000000000000
509,0x000000eb35b,0x00000000000,0x000000000,0x00000000,0x00000000,0,0,000003acd6c00000000000000000000000000000000000
510,0x000000ec363,0x000000793cf,0x000000000,0x00000000,0x00000000,0,0,000003b0d8c00000793cf0000000000000000000000000
511,0x000000ed36b,0x00000000000,0x000000000,0x00000000,0x5fffd044,0,0,000003b4dac000000000000000000000000005fffd0440
512,0x000000ee373,0x00000000000,0x000000000,0x00000000,0x00000000,0,0,000003b8dcc00000000000000000000000000000000000
513,0x000000ef37b,0x00000000000,0x000000000,0x00000000,0x00000000,0,0,000003bcdec00000000000000000000000000000000000
514,0x00000000000,0x0000007a3d7,0x000000000,0x00000000,0x00000000,0,0,00000000000000007a3d70000000000000000000000000
515,0x00000000000,0x00000000000,0x000000000,0x00000000,0x40201044,0,0,0000000000000000000000000000000000000402010440
516,0x00000000000,0x00000000000,0x000000000,0x00000000,0x00000000,0,0,0000000000000000000000000000000000000000000000
517,0x00000000000,0x00000000000,0x000000000,0x00000000,0x00000000,0,0,0000000000000000000000000000000000000000000000
518,0x00000000000,0x0000007b3df,0x000000000,0x00000000,0x00000000,0,0,00000000000000007b3df0000000000000000000000000
519,0x00000000000,0x00000000000,0x000000000,0x00000000,0x40605044,0,0,0000000000000000000000000000000000000406050440
520,0x00000000000,0x00000000000,0x000000000,0x00000000,0x00000000,0,0,0000000000000000000000000000000000000000000000
521,0x00000000000,0x00000000000,0x000000000,0x00000000,0x00000000,0,0,0000000000000000000000000000000000000000000000
522,0x00000000000,0x0000007c3e7,0x000000000,0x00000000,0x00000000,0,0,00000000000000007c3e70000000000000000000000000
523,0x00000000000,0x00000000000,0x000000000,0x00000000,0x40a09044,0,0,000000000000000000000000000000000000040a090440
524,0x00000000000,0x00000000000,0x000000000,0x00000000,0x00000000,0,0,0000000000000000000000000000000000000000000000
525,0x00000000000,0x00000000000,0x000000000,0x00000000,0x00000000,0,0,0000000000000000000000000000000000000000000000
526,0x00000000000,0x0000007d3ef,0x000000000,0x00000000,0x00000000,0,0,00000000000000007d3ef0000000000000000000000000
527,0x00000000000,0x00000000000,0x000000000,0x00000000,0x40e0d044,0,0,000000000000000000000000000000000000040e0d0440
528,0x00000000000,0x00000000000,0x000000000,0x00000000,0x00000000,0,0,0000000000000000000000000000000000000000000000
529,0x00000000000,0x00000000000,0x000000000,0x00000000,0x00000000,0,0,0000000000000000000000000000000000000000000000
530,0x00000000000,0x0000007e3f7,0x000000000,0x00000000,0x00000000,0,0,00000000000000007e3f70000000000000000000000000
531,0x00000000000,0x00000000000,0x000000000,0x00000000,0x41211044,0,0,0000000000000000000000000000000000000412110440
532,0x00000000000,0x00000000000,0x000000000,0x00000000,0x00000000,0,0,0000000000000000000000000000000000000000000000
533,0x00000000000,0x00000000000,0x000000000,0x00000000,0x00000000,0,0,0000000000000000000000000000000000000000000000
534,0x00000000000,0x0000007f3ff,0x000000000,0x00000000,0x00000000,0,0,00000000000000007f3ff0000000000000000000000000
535,0x00000000000,0x00000000000,0x000000000,0x00000000,0x41615044,0,0,0000000000000000000000000000000000000416150440
536,0x00000000000,0x00000000000,0x000000000,0x00000000,0x00000000,0,0,0000000000000000000000000000000000000000000000
537,0x00000000000,0x00000000000,0x000000000,0x00000000,0x00000000,0,0,0000000000000000000000000000000000000000000000
538,0x00000000000,0x00000080007,0x000000000,0x00000000,0x00000000,0,0,0000000000000000800070000000000000000000000000
539,0x00000000000,0x00000000000,0x000000000,0x00000000,0x41a19044,0,0,000000000000000000000000000000000000041a190440
540,0x00000000000,0x00000000000,0x000000000,0x00000000,0x00000000,0,0,0000000000000000000000000000000000000000000000
541,0x00000000000,0x00000000000,0x000000000,0x00000000,0x00000000,0,0,0000000000000000000000000000000000000000000000
542,0x00000000000,0x0000008100f,0x000000000,0x00000000,0x00000000,0,0,00000000000000008100f0000000000000000000000000
543,0x00000000000,0x00000000000,0x000000000,0x00000000,0x41e1d044,0,0,000000000000000000000000000000000000041e1d0440
544,0x00000000000,0x00000000000,0x000000000,0x00000000,0x00000000,0,0,0000000000000000000000000000000000000000000000
545,0x00000000000,0x00000000000,0x000000000,0x00000000,0x00000000,0,0,0000000000000000000000000000000000000000000000
546,0x00000000000,0x00000082017,0x000000000,0x00000000,0x00000000,0,0,0000000000000000820170000000000000000000000000
547,0x00000000000,0x00000000000,0x000000000,0x00000000,0x42221044,0,0,0000000000000000000000000000000000000422210440
548,0x00000000000,0x00000000000,0x000000000,0x00000000,0x00000000,0,0,0000000000000000000000000000000000000000000000
549,0x00000000000,0x00000000000,0x000000000,0x00000000,0x00000000,0,0,0000000000000000000000000000000000000000000000
550,0x000000f0383,0x0000008301f,0x000000000,0x00000000,0x00000000,0,0,000003c0e0c000008301f0000000000000000000000000
551,0x000000f138b,0x00000000000,0x000000000,0x00000000,0x42625044,0,0,000003c4e2c00000000000000000000000000426250440
552,0x000000f2393,0x00000000000,0x000000000,0x00000000,0x00000000,0,0,000003c8e4c00000000000000000000000000000000000
553,0x000000f339b,0x00000000000,0x000000000,0x00000000,0x00000000,0,0,000003cce6c00000000000000000000000000000000000
554,0x000000f43a3,0x00000084027,0x000000000,0x00000000,0x00000000,0,0,000003d0e8c00000840270000000000000000000000000
555,0x000000f53ab,0x00000000000,0x000000000,0x00000000,0x42a29044,0,0,000003d4eac0000000000000000000000000042a290440
556,0x000000f63b3,0x00000000000,0x000000000,0x00000000,0x00000000,0,0,000003d8ecc00000000000000000000000000000000000
557,0x000000f73bb,0x00000000000,0x000000000,0x00000000,0x00000000,0,0,000003dceec00000000000000000000000000000000000
558,0x000000f83c3,0x0000008502f,0x000000000,0x00000000,0x00000000,0,0,000003e0f0c000008502f0000000000000000000000000
559,0x000000f93cb,0x00000000000,0x000000000,0x00000000,0x42e2d044,0,0,000003e4f2c0000000000000000000000000042e2d0440
560,0x000000fa3d3,0x00000000000,0x000000000,0x00000000,0x00000000,0,0,000003e8f4c00000000000000000000000000000000000
561,0x000000fb3db,0x00000000000,0x000000000,0x00000000,0x00000000,0,0,000003ecf6c00000000000000000000000000000000000
562,0x00000000000,0x00000086037,0x000000000,0x00000000,0x00000000,0,0,0000000000000000860370000000000000000000000000
563,0x00000000000,0x00000000000,0x000000000,0x00000000,0x43231044,0,0,0000000000000000000000000000000000000432310440
564,0x00000000000,0x00000000000,0x000000000,0x00000000,0x00000000,0,0,0000000000000000000000000000000000000000000000
565,0x00000000000,0x00000000000,0x000000000,0x00000000,0x00000000,0,0,0000000000000000000000000000000000000000000000
566,0x00000000000,0x0000008703f,0x000000000,0x00000000,0x00000000,0,0,00000000000000008703f0000000000000000000000000
567,0x00000000000,0x00000000000,0x000000000,0x00000000,0x43635044,0,0,0000000000000000000000000000000000000436350440
568,0x00000000000,0x00000000000,0x000000000,0x00000000,0x00000000,0,0,0000000000000000000000000000000000000000000000
569,0x00000000000,0x00000000000,0x000000000,0x00000000,0x00000000,0,0,0000000000000000000000000000000000000000000000
570,0x00000000000,0x00000088047,0x000000000,0x00000000,0x00000000,0,0,0000000000000000880470000000000000000000000000
571,0x00000000000,0x00000000000,0x000000000,0x00000000,0x43a39044,0,0,000000000000000000000000000000000000043a390440
572,0x00000000000,0x00000000000,0x000000000,0x00000000,0x00000000,0,0,0000000000000000000000000000000000000000000000
573,0x00000000000,0x00000000000,0x000000000,0x00000000,0x00000000,0,0,0000000000000000000000000000000000000000000000
574,0x00000000000,0x0000008904f,0x000000000,0x00000000,0x00000000,0,0,00000000000000008904f0000000000000000000000000
575,0x00000000000,0x00000000000,0x000000000,0x00000000,0x43e3d044,0,0,000000000000000000000000000000000000043e3d0440
576,0x00000000000,0x00000000000,0x000000000,0x00000000,0x00000000,0,0,0000000000000000000000000000000000000000000000
577,0x00000000000,0x00000000000,0x000000000,0x00000000,0x00000000,0,0,0000000000000000000000000000000000000000000000
578,0x00000000000,0x0000008a057,0x000000000,0x00000000,0x00000000,0,0,00000000000000008a0570000000000000000000000000
579,0x00000000000,0x00000000000,0x000000000,0x00000000,0x44241044,0,0,0000000000000000000000000000000000000442410440
580,0x00000000000,0x00000000000,0x000000000,0x00000000,0x00000000,0,0,0000000000000000000000000000000000000000000000
581,0x00000000000,0x00000000000,0x000000000,0x00000000,0x00000000,0,0,0000000000000000000000000000000000000000000000
582,0x00000000000,0x0000008b05f,0x000000000,0x00000000,0x00000000,0,0,00000000000000008b05f0000000000000000000000000
583,0x00000000000,0x00000000000,0x000000000,0x00000000,0x44645044,0,0,0000000000000000000000000000000000000446450440
584,0x00000000000,0x00000000000,0x000000000,0x00000000,0x00000000,0,0,0000000000000000000000000000000000000000000000
585,0x00000000000,0x00000000000,0x000000000,0x00000000,0x00000000,0,0,0000000000000000000000000000000000000000000000
586,0x00000000000,0x0000008c067,0x000000000,0x00000000,0x00000000,0,0,00000000000000008c0670000000000000000000000000
587,0x00000000000,0x00000000000,0x000000000,0x00000000,0x44a49044,0,0,000000000000000000000000000000000000044a490440
588,0x00000000000,0x00000000000,0x000000000,0x00000000,0x00000000,0,0,0000000000000000000000000000000000000000000000
589,0x00000000000,0x00000000000,0x000000000,0x00000000,0x00000000,0,0,0000000000000000000000000000000000000000000000
590,0x00000000000,0x0000008d06f,0x000000000,0x00000000,0x00000000,0,0,00000000000000008d06f0000000000000000000000000
591,0x00000000000,0x00000000000,0x000000000,0x00000000,0x44e4d044,0,0,000000000000000000000000000000000000044e4d0440
592,0x00000000000,0x00000000000,0x000000000,0x00000000,0x00000000,0,0,0000000000000000000000000000000000000000000000
593,0x00000000000,0x00000000000,0x000000000,0x00000000,0x00000000,0,0,0000000000000000000000000000000000000000000000
594,0x00000000000,0x0000008e077,0x000000000,0x00000000,0x00000000,0,0,00000000000000008e0770000000000000000000000000
595,0x00000000000,0x00000000000,0x000000000,0x00000000,0x45251044,0,0,0000000000000000000000000000000000000452510440
596,0x00000000000,0x00000000000,0x000000000,0x00000000,0x00000000,0,0,0000000000000000000000000000000000000000000000
597,0x00000000000,0x00000000000,0x000000000,0x00000000,0x00000000,0,0,0000000000000000000000000000000000000000000000
598,0x000000fc3e3,0x0000008f07f,0x000000000,0x00000000,0x00000000,0,0,000003f0f8c000008f07f0000000000000000000000000
599,0x000000fd3eb,0x00000000000,0x000000000,0x00000000,0x45655044,0,0,000003f4fac00000000000000000000000000456550440
600,0x000000fe3f3,0x00000000000,0x000000000,0x00000000,0x00000000,0,0,000003f8fcc00000000000000000000000000000000000
601,0x000000ff3fb,0x00000000000,0x000000000,0x00000000,0x00000000,0,0,000003fcfec00000000000000000000000000000000000
602,0x00000100003,0x00000090087,0x000000000,0x00000000,0x00000000,0,0,0000040000c00000900870000000000000000000000000
603,0x0000010100b,0x00000000000,0x000000000,0x00000000,0x45a59044,0,0,0000040402c0000000000000000000000000045a590440
604,0x00000102013,0x00000000000,0x000000000,0x00000000,0x00000000,0,0,0000040804c00000000000000000000000000000000000
605,0x0000010301b,0x00000000000,0x000000000,0x00000000,0x00000000,0,0,0000040c06c00000000000000000000000000000000000
606,0x00000104023,0x0000009108f,0x000000000,0x00000000,0x00000000,0,0,0000041008c000009108f0000000000000000000000000
607,0x0000010502b,0x00000000000,0x000000000,0x00000000,0x45e5d044,0,0,000004140ac0000000000000000000000000045e5d0440
608,0x00000106033,0x00000000000,0x000000000,0x00000000,0x00000000,0,0,000004180cc00000000000000000000000000000000000
609,0x0000010703b,0x00000000000,0x000000000,0x00000000,0x00000000,0,0,0000041c0ec00000000000000000000000000000000000
610,0x00000000000,0x00000092097,0x000000000,0x00000000,0x00000000,0,0,0000000000000000920970000000000000000000000000
611,0x00000000000,0x00000000000,0x000000000,0x00000000,0x46261044,0,0,0000000000000000000000000000000000000462610440
612,0x00000000000,0x00000000000,0x000000000,0x00000000,0x00000000,0,0,0000000000000000000000000000000000000000000000
613,0x00000000000,0x00000000000,0x000000000,0x00000000,0x00000000,0,0,0000000000000000000000000000000000000000000000
614,0x00000000000,0x0000009309f,0x000000000,0x00000000,0x00000000,0,0,00000000000000009309f0000000000000000000000000
615,0x00000000000,0x00000000000,0x000000000,0x00000000,0x46665044,0,0,0000000000000000000000000000000000000466650440
616,0x00000000000,0x00000000000,0x000000000,0x00000000,0x00000000,0,0,0000000000000000000000000000000000000000000000
617,0x00000000000,0x00000000000,0x000000000,0x00000000,0x00000000,0,0,0000000000000000000000000000000000000000000000
618,0x00000000000,0x000000940a7,0x000000000,0x00000000,0x00000000,0,0,0000000000000000940a70000000000000000000000000
619,0x00000000000,0x00000000000,0x000000000,0x00000000,0x46a69044,0,0,000000000000000000000000000000000000046a690440
620,0x00000000000,0x00000000000,0x000000000,0x00000000,0x00000000,0,0,0000000000000000000000000000000000000000000000
621,0x00000000000,0x00000000000,0x000000000,0x00000000,0x00000000,0,0,0000000000000000000000000000000000000000000000
622,0x00000000000,0x000000950af,0x000000000,0x00000000,0x00000000,0,0,0000000000000000950af0000000000000000000000000
623,0x00000000000,0x00000000000,0x000000000,0x00000000,0x46e6d044,0,0,000000000000000000000000000000000000046e6d0440
624,0x00000000000,0x00000000000,0x000000000,0x00000000,0x00000000,0,0,0000000000000000000000000000000000000000000000
625,0x00000000000,0x00000000000,0x000000000,0x00000000,0x00000000,0,0,0000000000000000000000000000000000000000000000
626,0x00000000000,0x000000960b7,0x000000000,0x00000000,0x00000000,0,0,0000000000000000960b70000000000000000000000000
627,0x00000000000,0x00000000000,0x000000000,0x00000000,0x47271044,0,0,0000000000000000000000000000000000000472710440
628,0x00000000000,0x00000000000,0x000000000,0x00000000,0x00000000,0,0,0000000000000000000000000000000000000000000000
629,0x00000000000,0x00000000000,0x000000000,0x00000000,0x00000000,0,0,0000000000000000000000000000000000000000000000
630,0x00000000000,0x000000970bf,0x000000000,0x00000000,0x00000000,0,0,0000000000000000970bf0000000000000000000000000
631,0x00000000000,0x00000000000,0x000000000,0x00000000,0x47675044,0,0,0000000000000000000000000000000000000476750440
632,0x00000000000,0x00000000000,0x000000000,0x00000000,0x00000000,0,0,0000000000000000000000000000000000000000000000
633,0x00000000000,0x00000000000,0x000000000,0x00000000,0x00000000,0,0,0000000000000000000000000000000000000000000000
634,0x00000000000,0x000000980c7,0x000000000,0x00000000,0x00000000,0,0,0000000000000000980c70000000000000000000000000
635,0x00000000000,0x00000000000,0x000000000,0x00000000,0x47a79044,0,0,000000000000000000000000000000000000047a790440
636,0x00000000000,0x00000000000,0x000000000,0x00000000,0x00000000,0,0,0000000000000000000000000000000000000000000000
637,0x00000000000,0x00000000000,0x000000000,0x00000000,0x00000000,0,0,0000000000000000000000000000000000000000000000
638,0x00000000000,0x000000990cf,0x000000000,0x00000000,0x00000000,0,0,0000000000000000990cf0000000000000000000000000
639,0x00000000000,0x00000000000,0x000000000,0x00000000,0x47e7d044,0,0,000000000000000000000000000000000000047e7d0440
640,0x00000000000,0x00000000000,0x000000000,0x00000000,0x00000000,0,0,0000000000000000000000000000000000000000000000
641,0x00000000000,0x00000000000,0x000000000,0x00000000,0x00000000,0,0,0000000000000000000000000000000000000000000000
642,0x00000000000,0x0000009a0d7,0x000000000,0x00000000,0x00000000,0,0,00000000000000009a0d70000000000000000000000000
643,0x00000000000,0x00000000000,0x000000000,0x00000000,0x48281044,0,0,0000000000000000000000000000000000000482810440
644,0x00000000000,0x00000000000,0x000000000,0x00000000,0x00000000,0,0,0000000000000000000000000000000000000000000000
645,0x00000000000,0x00000000000,0x000000000,0x00000000,0x00000000,0,0,0000000000000000000000000000000000000000000000
646,0x00000108043,0x0000009b0df,0x000000000,0x00000000,0x00000000,0,0,0000042010c000009b0df0000000000000000000000000
647,0x0000010904b,0x00000000000,0x000000000,0x00000000,0x48685044,0,0,0000042412c00000000000000000000000000486850440
648,0x0000010a053,0x00000000000,0x000000000,0x00000000,0x00000000,0,0,0000042814c00000000000000000000000000000000000
649,0x0000010b05b,0x00000000000,0x000000000,0x00000000,0x00000000,0,0,0000042c16c00000000000000000000000000000000000
650,0x0000010c063,0x0000009c0e7,0x000000000,0x00000000,0x00000000,0,0,0000043018c000009c0e70000000000000000000000000
651,0x0000010d06b,0x00000000000,0x000000000,0x00000000,0x48a89044,0,0,000004341ac0000000000000000000000000048a890440
652,0x0000010e073,0x00000000000,0x000000000,0x00000000,0x00000000,0,0,000004381cc00000000000000000000000000000000000
653,0x0000010f07b,0x00000000000,0x000000000,0x00000000,0x00000000,0,0,0000043c1ec00000000000000000000000000000000000
654,0x00000110083,0x0000009d0ef,0x000000000,0x00000000,0x00000000,0,0,0000044020c000009d0ef0000000000000000000000000
655,0x0000011108b,0x00000000000,0x000000000,0x00000000,0x48e8d044,0,0,0000044422c0000000000000000000000000048e8d0440
656,0x00000112093,0x00000000000,0x000000000,0x00000000,0x00000000,0,0,0000044824c00000000000000000000000000000000000
657,0x0000011309b,0x00000000000,0x000000000,0x00000000,0x00000000,0,0,0000044c26c00000000000000000000000000000000000
658,0x00000000000,0x0000009e0f7,0x000000000,0x00000000,0x00000000,0,0,00000000000000009e0f70000000000000000000000000
659,0x00000000000,0x00000000000,0x000000000,0x00000000,0x49291044,0,0,0000000000000000000000000000000000000492910440
660,0x00000000000,0x00000000000,0x000000000,0x00000000,0x00000000,0,0,0000000000000000000000000000000000000000000000
661,0x00000000000,0x00000000000,0x000000000,0x00000000,0x00000000,0,0,0000000000000000000000000000000000000000000000
662,0x00000000000,0x0000009f0ff,0x000000000,0x00000000,0x00000000,0,0,00000000000000009f0ff0000000000000000000000000
663,0x00000000000,0x00000000000,0x000000000,0x00000000,0x49695044,0,0,0000000000000000000000000000000000000496950440
664,0x00000000000,0x00000000000,0x000000000,0x00000000,0x00000000,0,0,0000000000000000000000000000000000000000000000
665,0x00000000000,0x00000000000,0x000000000,0x00000000,0x00000000,0,0,0000000000000000000000000000000000000000000000
666,0x00000000000,0x000000a0107,0x000000000,0x00000000,0x00000000,0,0,0000000000000000a01070000000000000000000000000
667,0x00000000000,0x00000000000,0x000000000,0x00000000,0x49a99044,0,0,000000000000000000000000000000000000049a990440
668,0x00000000000,0x00000000000,0x000000000,0x00000000,0x00000000,0,0,0000000000000000000000000000000000000000000000
669,0x00000000000,0x00000000000,0x000000000,0x00000000,0x00000000,0,0,0000000000000000000000000000000000000000000000
670,0x00000000000,0x000000a110f,0x000000000,0x00000000,0x00000000,0,0,0000000000000000a110f0000000000000000000000000
671,0x00000000000,0x00000000000,0x000000000,0x00000000,0x49e9d044,0,0,000000000000000000000000000000000000049e9d0440
672,0x00000000000,0x00000000000,0x000000000,0x00000000,0x00000000,0,0,0000000000000000000000000000000000000000000000
673,0x00000000000,0x00000000000,0x000000000,0x00000000,0x00000000,0,0,0000000000000000000000000000000000000000000000
674,0x00000000000,0x000000a2117,0x000000000,0x00000000,0x00000000,0,0,0000000000000000a21170000000000000000000000000
675,0x00000000000,0x00000000000,0x000000000,0x00000000,0x4a2a1044,0,0,00000000000000000000000000000000000004a2a10440
676,0x00000000000,0x00000000000,0x000000000,0x00000000,0x00000000,0,0,0000000000000000000000000000000000000000000000
677,0x00000000000,0x00000000000,0x000000000,0x00000000,0x00000000,0,0,0000000000000000000000000000000000000000000000
678,0x00000000000,0x000000a311f,0x000000000,0x00000000,0x00000000,0,0,0000000000000000a311f0000000000000000000000000
679,0x00000000000,0x00000000000,0x000000000,0x00000000,0x4a6a5044,0,0,00000000000000000000000000000000000004a6a50440
680,0x00000000000,0x00000000000,0x000000000,0x00000000,0x00000000,0,0,0000000000000000000000000000000000000000000000
681,0x00000000000,0x00000000000,0x000000000,0x00000000,0x00000000,0,0,0000000000000000000000000000000000000000000000
682,0x00000000000,0x000000a4127,0x000000000,0x00000000,0x00000000,0,0,0000000000000000a41270000000000000000000000000
683,0x00000000000,0x00000000000,0x000000000,0x00000000,0x4aaa9044,0,0,00000000000000000000000000000000000004aaa90440
684,0x00000000000,0x00000000000,0x000000000,0x00000000,0x00000000,0,0,0000000000000000000000000000000000000000000000
685,0x00000000000,0x00000000000,0x000000000,0x00000000,0x00000000,0,0,0000000000000000000000000000000000000000000000
686,0x00000000000,0x000000a512f,0x000000000,0x00000000,0x00000000,0,0,0000000000000000a512f0000000000000000000000000
687,0x00000000000,0x00000000000,0x000000000,0x00000000,0x4aead044,0,0,00000000000000000000000000000000000004aead0440
688,0x00000000000,0x00000000000,0x000000000,0x00000000,0x00000000,0,0,0000000000000000000000000000000000000000000000
689,0x00000000000,0x00000000000,0x000000000,0x00000000,0x00000000,0,0,0000000000000000000000000000000000000000000000
690,0x00000000000,0x000000a6137,0x000000000,0x00000000,0x00000000,0,0,0000000000000000a61370000000000000000000000000
691,0x00000000000,0x00000000000,0x000000000,0x00000000,0x4b2b1044,0,0,00000000000000000000000000000000000004b2b10440
692,0x00000000000,0x00000000000,0x000000000,0x00000000,0x00000000,0,0,0000000000000000000000000000000000000000000000
693,0x00000000000,0x00000000000,0x000000000,0x00000000,0x00000000,0,0,0000000000000000000000000000000000000000000000
694,0x000001140a3,0x000000a713f,0x000000000,0x00000000,0x00000000,0,0,0000045028c00000a713f0000000000000000000000000
695,0x000001150ab,0x00000000000,0x000000000,0x00000000,0x4b6b5044,0,0,000004542ac000000000000000000000000004b6b50440
696,0x000001160b3,0x00000000000,0x000000000,0x00000000,0x00000000,0,0,000004582cc00000000000000000000000000000000000
697,0x000001170bb,0x00000000000,0x000000000,0x00000000,0x00000000,0,0,0000045c2ec00000000000000000000000000000000000
698,0x000001180c3,0x000000a8147,0x000000000,0x00000000,0x00000000,0,0,0000046030c00000a81470000000000000000000000000
699,0x000001190cb,0x00000000000,0x000000000,0x00000000,0x4bab9044,0,0,0000046432c000000000000000000000000004bab90440
700,0x0000011a0d3,0x00000000000,0x000000000,0x00000000,0x00000000,0,0,0000046834c00000000000000000000000000000000000
701,0x0000011b0db,0x00000000000,0x000000000,0x00000000,0x00000000,0,0,0000046c36c00000000000000000000000000000000000
702,0x0000011c0e3,0x000000a914f,0x000000000,0x00000000,0x00000000,0,0,0000047038c00000a914f0000000000000000000000000
703,0x0000011d0eb,0x00000000000,0x000000000,0x00000000,0x4bebd044,0,0,000004743ac000000000000000000000000004bebd0440
704,0x0000011e0f3,0x00000000000,0x000000000,0x00000000,0x00000000,0,0,000004783cc00000000000000000000000000000000000
705,0x0000011f0fb,0x00000000000,0x000000000,0x00000000,0x00000000,0,0,0000047c3ec00000000000000000000000000000000000
706,0x00000000000,0x000000aa157,0x000000000,0x00000000,0x00000000,0,0,0000000000000000aa1570000000000000000000000000
707,0x00000000000,0x00000000000,0x000000000,0x00000000,0x4c2c1044,0,0,00000000000000000000000000000000000004c2c10440
708,0x00000000000,0x00000000000,0x000000000,0x00000000,0x00000000,0,0,0000000000000000000000000000000000000000000000
709,0x00000000000,0x00000000000,0x000000000,0x00000000,0x00000000,0,0,0000000000000000000000000000000000000000000000
710,0x00000000000,0x000000ab15f,0x000000000,0x00000000,0x00000000,0,0,0000000000000000ab15f0000000000000000000000000
711,0x00000000000,0x00000000000,0x000000000,0x00000000,0x4c6c5044,0,0,00000000000000000000000000000000000004c6c50440
712,0x00000000000,0x00000000000,0x000000000,0x00000000,0x00000000,0,0,0000000000000000000000000000000000000000000000
713,0x00000000000,0x00000000000,0x000000000,0x00000000,0x00000000,0,0,0000000000000000000000000000000000000000000000
714,0x00000000000,0x000000ac167,0x000000000,0x00000000,0x00000000,0,0,0000000000000000ac1670000000000000000000000000
715,0x00000000000,0x00000000000,0x000000000,0x00000000,0x4cac9044,0,0,00000000000000000000000000000000000004cac90440
716,0x00000000000,0x00000000000,0x000000000,0x00000000,0x00000000,0,0,0000000000000000000000000000000000000000000000
717,0x00000000000,0x00000000000,0x000000000,0x00000000,0x00000000,0,0,0000000000000000000000000000000000000000000000
718,0x00000000000,0x000000ad16f,0x000000000,0x00000000,0x00000000,0,0,0000000000000000ad16f0000000000000000000000000
719,0x00000000000,0x00000000000,0x000000000,0x00000000,0x4cecd044,0,0,00000000000000000000000000000000000004cecd0440
720,0x00000000000,0x00000000000,0x000000000,0x00000000,0x00000000,0,0,0000000000000000000000000000000000000000000000
721,0x00000000000,0x00000000000,0x000000000,0x00000000,0x00000000,0,0,0000000000000000000000000000000000000000000000
722,0x00000000000,0x000000ae177,0x000000000,0x00000000,0x00000000,0,0,0000000000000000ae1770000000000000000000000000
723,0x00000000000,0x00000000000,0x000000000,0x00000000,0x4d2d1044,0,0,00000000000000000000000000000000000004d2d10440
724,0x00000000000,0x00000000000,0x000000000,0x00000000,0x00000000,0,0,0000000000000000000000000000000000000000000000
725,0x00000000000,0x00000000000,0x000000000,0x00000000,0x00000000,0,0,0000000000000000000000000000000000000000000000
726,0x00000000000,0x000000af17f,0x000000000,0x00000000,0x00000000,0,0,0000000000000000af17f0000000000000000000000000
727,0x00000000000,0x00000000000,0x000000000,0x00000000,0x4d6d5044,0,0,00000000000000000000000000000000000004d6d50440
728,0x00000000000,0x00000000000,0x000000000,0x00000000,0x00000000,0,0,0000000000000000000000000000000000000000000000
729,0x00000000000,0x00000000000,0x000000000,0x00000000,0x00000000,0,0,0000000000000000000000000000000000000000000000
730,0x00000000000,0x000000b0187,0x000000000,0x00000000,0x00000000,0,0,0000000000000000b01870000000000000000000000000
731,0x00000000000,0x00000000000,0x000000000,0x00000000,0x4dad9044,0,0,00000000000000000000000000000000000004dad90440
732,0x00000000000,0x00000000000,0x000000000,0x00000000,0x00000000,0,0,0000000000000000000000000000000000000000000000
733,0x00000000000,0x00000000000,0x000000000,0x00000000,0x00000000,0,0,0000000000000000000000000000000000000000000000
734,0x00000000000,0x000000b118f,0x000000000,0x00000000,0x00000000,0,0,0000000000000000b118f0000000000000000000000000
735,0x00000000000,0x00000000000,0x000000000,0x00000000,0x4dedd044,0,0,00000000000000000000000000000000000004dedd0440
736,0x00000000000,0x00000000000,0x000000000,0x00000000,0x00000000,0,0,0000000000000000000000000000000000000000000000
737,0x00000000000,0x00000000000,0x000000000,0x00000000,0x00000000,0,0,0000000000000000000000000000000000000000000000
738,0x00000000000,0x000000b2197,0x000000000,0x00000000,0x00000000,0,0,0000000000000000b21970000000000000000000000000
739,0x00000000000,0x00000000000,0x000000000,0x00000000,0x4e2e1044,0,0,00000000000000000000000000000000000004e2e10440
740,0x00000000000,0x00000000000,0x000000000,0x00000000,0x00000000,0,0,0000000000000000000000000000000000000000000000
741,0x00000000000,0x00000000000,0x000000000,0x00000000,0x00000000,0,0,0000000000000000000000000000000000000000000000
742,0x00000120103,0x000000b319f,0x000000000,0x00000000,0x00000000,0,0,0000048040c00000b319f0000000000000000000000000
743,0x0000012110b,0x00000000000,0x000000000,0x00000000,0x4e6e5044,0,0,0000048442c000000000000000000000000004e6e50440
744,0x00000122113,0x00000000000,0x000000000,0x00000000,0x00000000,0,0,0000048844c00000000000000000000000000000000000
745,0x0000012311b,0x00000000000,0x000000000,0x00000000,0x00000000,0,0,0000048c46c00000000000000000000000000000000000
746,0x00000124123,0x000000b41a7,0x000000000,0x00000000,0x00000000,0,0,0000049048c00000b41a70000000000000000000000000
747,0x0000012512b,0x00000000000,0x000000000,0x00000000,0x4eae9044,0,0,000004944ac000000000000000000000000004eae90440
748,0x00000126133,0x00000000000,0x000000000,0x00000000,0x00000000,0,0,000004984cc00000000000000000000000000000000000
749,0x0000012713b,0x00000000000,0x000000000,0x00000000,0x00000000,0,0,0000049c4ec00000000000000000000000000000000000
750,0x00000128143,0x000000b51af,0x000000000,0x00000000,0x00000000,0,0,000004a050c00000b51af0000000000000000000000000
751,0x0000012914b,0x00000000000,0x000000000,0x00000000,0x4eeed044,0,0,000004a452c000000000000000000000000004eeed0440
752,0x0000012a153,0x00000000000,0x000000000,0x00000000,0x00000000,0,0,000004a854c00000000000000000000000000000000000
753,0x0000012b15b,0x00000000000,0x000000000,0x00000000,0x00000000,0,0,000004ac56c00000000000000000000000000000000000
754,0x00000000000,0x000000b61b7,0x000000000,0x00000000,0x00000000,0,0,0000000000000000b61b70000000000000000000000000
755,0x00000000000,0x00000000000,0x000000000,0x00000000,0x4f2f1044,0,0,00000000000000000000000000000000000004f2f10440
756,0x00000000000,0x00000000000,0x000000000,0x00000000,0x00000000,0,0,0000000000000000000000000000000000000000000000
757,0x00000000000,0x00000000000,0x000000000,0x00000000,0x00000000,0,0,0000000000000000000000000000000000000000000000
758,0x00000000000,0x000000b71bf,0x000000000,0x00000000,0x00000000,0,0,0000000000000000b71bf0000000000000000000000000
759,0x00000000000,0x00000000000,0x000000000,0x00000000,0x4f6f5044,0,0,00000000000000000000000000000000000004f6f50440
760,0x00000000000,0x00000000000,0x000000000,0x00000000,0x00000000,0,0,0000000000000000000000000000000000000000000000
761,0x00000000000,0x00000000000,0x000000000,0x00000000,0x00000000,0,0,0000000000000000000000000000000000000000000000
762,0x00000000000,0x000000b81c7,0x000000000,0x00000000,0x00000000,0,0,0000000000000000b81c70000000000000000000000000
763,0x00000000000,0x00000000000,0x000000000,0x00000000,0x4faf9044,0,0,00000000000000000000000000000000000004faf90440
764,0x00000000000,0x00000000000,0x000000000,0x00000000,0x00000000,0,0,0000000000000000000000000000000000000000000000
765,0x00000000000,0x00000000000,0x000000000,0x00000000,0x00000000,0,0,0000000000000000000000000000000000000000000000
766,0x00000000000,0x000000b91cf,0x000000000,0x00000000,0x00000000,0,0,0000000000000000b91cf0000000000000000000000000
767,0x00000000000,0x00000000000,0x000000000,0x00000000,0x4fefd044,0,0,00000000000000000000000000000000000004fefd0440
768,0x00000000000,0x00000000000,0x000000000,0x00000000,0x00000000,0,0,0000000000000000000000000000000000000000000000
769,0x00000000000,0x00000000000,0x000000000,0x00000000,0x00000000,0,0,0000000000000000000000000000000000000000000000
770,0x00000000000,0x000000ba1d7,0x000000000,0x00000000,0x00000000,0,0,0000000000000000ba1d70000000000000000000000000
771,0x00000000000,0x00000000000,0x000000000,0x00000000,0x50301044,0,0,0000000000000000000000000000000000000503010440
772,0x00000000000,0x00000000000,0x000000000,0x00000000,0x00000000,0,0,0000000000000000000000000000000000000000000000
773,0x00000000000,0x00000000000,0x000000000,0x00000000,0x00000000,0,0,0000000000000000000000000000000000000000000000
774,0x00000000000,0x000000bb1df,0x000000000,0x00000000,0x00000000,0,0,0000000000000000bb1df0000000000000000000000000
775,0x00000000000,0x00000000000,0x000000000,0x00000000,0x50705044,0,0,0000000000000000000000000000000000000507050440
776,0x00000000000,0x00000000000,0x000000000,0x00000000,0x00000000,0,0,0000000000000000000000000000000000000000000000
777,0x00000000000,0x00000000000,0x000000000,0x00000000,0x00000000,0,0,0000000000000000000000000000000000000000000000
778,0x00000000000,0x000000bc1e7,0x000000000,0x00000000,0x00000000,0,0,0000000000000000bc1e70000000000000000000000000
779,0x00000000000,0x00000000000,0x000000000,0x00000000,0x50b09044,0,0,000000000000000000000000000000000000050b090440
780,0x00000000000,0x00000000000,0x000000000,0x00000000,0x00000000,0,0,0000000000000000000000000000000000000000000000
781,0x00000000000,0x00000000000,0x000000000,0x00000000,0x00000000,0,0,0000000000000000000000000000000000000000000000
782,0x00000000000,0x000000bd1ef,0x000000000,0x00000000,0x00000000,0,0,0000000000000000bd1ef0000000000000000000000000
783,0x00000000000,0x00000000000,0x000000000,0x00000000,0x50f0d044,0,0,000000000000000000000000000000000000050f0d0440
784,0x00000000000,0x00000000000,0x000000000,0x00000000,0x00000000,0,0,0000000000000000000000000000000000000000000000
785,0x00000000000,0x00000000000,0x000000000,0x00000000,0x00000000,0,0,0000000000000000000000000000000000000000000000
786,0x00000000000,0x000000be1f7,0x000000000,0x00000000,0x00000000,0,0,0000000000000000be1f70000000000000000000000000
787,0x00000000000,0x00000000000,0x000000000,0x00000000,0x51311044,0,0,0000000000000000000000000000000000000513110440
788,0x00000000000,0x00000000000,0x000000000,0x00000000,0x00000000,0,0,0000000000000000000000000000000000000000000000
789,0x00000000000,0x00000000000,0x000000000,0x00000000,0x00000000,0,0,0000000000000000000000000000000000000000000000
790,0x0000012c163,0x000000bf1ff,0x000000000,0x00000000,0x00000000,0,0,000004b058c00000bf1ff0000000000000000000000000
791,0x0000012d16b,0x00000000000,0x000000000,0x00000000,0x51715044,0,0,000004b45ac00000000000000000000000000517150440
792,0x0000012e173,0x00000000000,0x000000000,0x00000000,0x00000000,0,0,000004b85cc00000000000000000000000000000000000
793,0x0000012f17b,0x00000000000,0x000000000,0x00000000,0x00000000,0,0,000004bc5ec00000000000000000000000000000000000
794,0x00000130183,0x000000c0207,0x000000000,0x00000000,0x00000000,0,0,000004c060c00000c02070000000000000000000000000
795,0x0000013118b,0x00000000000,0x000000000,0x00000000,0x51b19044,0,0,000004c462c0000000000000000000000000051b190440
796,0x00000132193,0x00000000000,0x000000000,0x00000000,0x00000000,0,0,000004c864c00000000000000000000000000000000000
797,0x0000013319b,0x00000000000,0x000000000,0x00000000,0x00000000,0,0,000004cc66c00000000000000000000000000000000000
798,0x000001341a3,0x000000c120f,0x000000000,0x00000000,0x00000000,0,0,000004d068c00000c120f0000000000000000000000000
799,0x000001351ab,0x00000000000,0x000000000,0x00000000,0x51f1d044,0,0,000004d46ac0000000000000000000000000051f1d0440
800,0x000001361b3,0x00000000000,0x000000000,0x00000000,0x00000000,0,0,000004d86cc00000000000000000000000000000000000
801,0x000001371bb,0x00000000000,0x000000000,0x00000000,0x00000000,0,0,000004dc6ec00000000000000000000000000000000000
802,0x00000000000,0x000000c2217,0x000000000,0x00000000,0x00000000,0,0,0000000000000000c22170000000000000000000000000
803,0x00000000000,0x00000000000,0x000000000,0x00000000,0x52321044,0,0,0000000000000000000000000000000000000523210440
804,0x00000000000,0x00000000000,0x000000000,0x00000000,0x00000000,0,0,0000000000000000000000000000000000000000000000
805,0x00000000000,0x00000000000,0x000000000,0x00000000,0x00000000,0,0,0000000000000000000000000000000000000000000000
806,0x00000000000,0x000000c321f,0x000000000,0x00000000,0x00000000,0,0,0000000000000000c321f0000000000000000000000000
807,0x00000000000,0x00000000000,0x000000000,0x00000000,0x52725044,0,0,0000000000000000000000000000000000000527250440
808,0x00000000000,0x00000000000,0x000000000,0x00000000,0x00000000,0,0,0000000000000000000000000000000000000000000000
809,0x00000000000,0x00000000000,0x000000000,0x00000000,0x00000000,0,0,0000000000000000000000000000000000000000000000
810,0x00000000000,0x000000c4227,0x000000000,0x00000000,0x00000000,0,0,0000000000000000c42270000000000000000000000000
811,0x00000000000,0x00000000000,0x000000000,0x00000000,0x52b29044,0,0,000000000000000000000000000000000000052b290440
812,0x00000000000,0x00000000000,0x000000000,0x00000000,0x00000000,0,0,0000000000000000000000000000000000000000000000
813,0x00000000000,0x00000000000,0x000000000,0x00000000,0x00000000,0,0,0000000000000000000000000000000000000000000000
814,0x00000000000,0x000000c522f,0x000000000,0x00000000,0x00000000,0,0,0000000000000000c522f0000000000000000000000000
815,0x00000000000,0x00000000000,0x000000000,0x00000000,0x52f2d044,0,0,000000000000000000000000000000000000052f2d0440
816,0x00000000000,0x00000000000,0x000000000,0x00000000,0x00000000,0,0,0000000000000000000000000000000000000000000000
817,0x00000000000,0x00000000000,0x000000000,0x00000000,0x00000000,0,0,0000000000000000000000000000000000000000000000
818,0x00000000000,0x000000c6237,0x000000000,0x00000000,0x00000000,0,0,0000000000000000c62370000000000000000000000000
819,0x00000000000,0x00000000000,0x000000000,0x00000000,0x53331044,0,0,0000000000000000000000000000000000000533310440
820,0x00000000000,0x00000000000,0x000000000,0x00000000,0x00000000,0,0,0000000000000000000000000000000000000000000000
821,0x00000000000,0x00000000000,0x000000000,0x00000000,0x00000000,0,0,0000000000000000000000000000000000000000000000
822,0x00000000000,0x000000c723f,0x000000000,0x00000000,0x00000000,0,0,0000000000000000c723f0000000000000000000000000
823,0x00000000000,0x00000000000,0x000000000,0x00000000,0x53735044,0,0,0000000000000000000000000000000000000537350440
824,0x00000000000,0x00000000000,0x000000000,0x00000000,0x00000000,0,0,0000000000000000000000000000000000000000000000
825,0x00000000000,0x00000000000,0x000000000,0x00000000,0x00000000,0,0,0000000000000000000000000000000000000000000000
826,0x00000000000,0x000000c8247,0x000000000,0x00000000,0x00000000,0,0,0000000000000000c82470000000000000000000000000
827,0x00000000000,0x00000000000,0x000000000,0x00000000,0x53b39044,0,0,000000000000000000000000000000000000053b390440
828,0x00000000000,0x00000000000,0x000000000,0x00000000,0x00000000,0,0,0000000000000000000000000000000000000000000000
829,0x00000000000,0x00000000000,0x000000000,0x00000000,0x00000000,0,0,0000000000000000000000000000000000000000000000
830,0x00000000000,0x000000c924f,0x000000000,0x00000000,0x00000000,0,0,0000000000000000c924f0000000000000000000000000
831,0x00000000000,0x00000000000,0x000000000,0x00000000,0x53f3d044,0,0,000000000000000000000000000000000000053f3d0440
832,0x00000000000,0x00000000000,0x000000000,0x00000000,0x00000000,0,0,0000000000000000000000000000000000000000000000
833,0x00000000000,0x00000000000,0x000000000,0x00000000,0x00000000,0,0,0000000000000000000000000000000000000000000000
834,0x00000000000,0x000000ca257,0x000000000,0x00000000,0x00000000,0,0,0000000000000000ca2570000000000000000000000000
835,0x00000000000,0x00000000000,0x000000000,0x00000000,0x54341044,0,0,0000000000000000000000000000000000000543410440
836,0x00000000000,0x00000000000,0x000000000,0x00000000,0x00000000,0,0,0000000000000000000000000000000000000000000000
837,0x00000000000,0x00000000000,0x000000000,0x00000000,0x00000000,0,0,0000000000000000000000000000000000000000000000
838,0x000001381c3,0x000000cb25f,0x000000000,0x00000000,0x00000000,0,0,000004e070c00000cb25f0000000000000000000000000
839,0x000001391cb,0x00000000000,0x000000000,0x00000000,0x54745044,0,0,000004e472c00000000000000000000000000547450440
840,0x0000013a1d3,0x00000000000,0x000000000,0x00000000,0x00000000,0,0,000004e874c00000000000000000000000000000000000
841,0x0000013b1db,0x00000000000,0x000000000,0x00000000,0x00000000,0,0,000004ec76c00000000000000000000000000000000000
842,0x0000013c1e3,0x000000cc267,0x000000000,0x00000000,0x00000000,0,0,000004f078c00000cc2670000000000000000000000000
843,0x0000013d1eb,0x00000000000,0x000000000,0x00000000,0x54b49044,0,0,000004f47ac0000000000000000000000000054b490440
844,0x0000013e1f3,0x00000000000,0x000000000,0x00000000,0x00000000,0,0,000004f87cc00000000000000000000000000000000000
845,0x0000013f1fb,0x00000000000,0x000000000,0x00000000,0x00000000,0,0,000004fc7ec00000000000000000000000000000000000
846,0x00000140203,0x000000cd26f,0x000000000,0x00000000,0x00000000,0,0,0000050080c00000cd26f0000000000000000000000000
847,0x0000014120b,0x00000000000,0x000000000,0x00000000,0x54f4d044,0,0,0000050482c0000000000000000000000000054f4d0440
848,0x00000142213,0x00000000000,0x000000000,0x00000000,0x00000000,0,0,0000050884c00000000000000000000000000000000000
849,0x0000014321b,0x00000000000,0x000000000,0x00000000,0x00000000,0,0,0000050c86c00000000000000000000000000000000000
850,0x00000000000,0x000000ce277,0x000000000,0x00000000,0x00000000,0,0,0000000000000000ce2770000000000000000000000000
851,0x00000000000,0x00000000000,0x000000000,0x00000000,0x55351044,0,0,0000000000000000000000000000000000000553510440
852,0x00000000000,0x00000000000,0x000000000,0x00000000,0x00000000,0,0,0000000000000000000000000000000000000000000000
853,0x00000000000,0x00000000000,0x000000000,0x00000000,0x00000000,0,0,0000000000000000000000000000000000000000000000
854,0x00000000000,0x000000cf27f,0x000000000,0x00000000,0x00000000,0,0,0000000000000000cf27f0000000000000000000000000
855,0x00000000000,0x00000000000,0x000000000,0x00000000,0x55755044,0,0,0000000000000000000000000000000000000557550440
856,0x00000000000,0x00000000000,0x000000000,0x00000000,0x00000000,0,0,0000000000000000000000000000000000000000000000
857,0x00000000000,0x00000000000,0x000000000,0x00000000,0x00000000,0,0,0000000000000000000000000000000000000000000000
858,0x00000000000,0x000000d0287,0x000000000,0x00000000,0x00000000,0,0,0000000000000000d02870000000000000000000000000
859,0x00000000000,0x00000000000,0x000000000,0x00000000,0x55b59044,0,0,000000000000000000000000000000000000055b590440
860,0x00000000000,0x00000000000,0x000000000,0x00000000,0x00000000,0,0,0000000000000000000000000000000000000000000000
861,0x00000000000,0x00000000000,0x000000000,0x00000000,0x00000000,0,0,0000000000000000000000000000000000000000000000
862,0x00000000000,0x000000d128f,0x000000000,0x00000000,0x00000000,0,0,0000000000000000d128f0000000000000000000000000
863,0x00000000000,0x00000000000,0x000000000,0x00000000,0x55f5d044,0,0,000000000000000000000000000000000000055f5d0440
864,0x00000000000,0x00000000000,0x000000000,0x00000000,0x00000000,0,0,0000000000000000000000000000000000000000000000
865,0x00000000000,0x00000000000,0x000000000,0x00000000,0x00000000,0,0,0000000000000000000000000000000000000000000000
866,0x00000000000,0x000000d2297,0x000000000,0x00000000,0x00000000,0,0,0000000000000000d22970000000000000000000000000
867,0x00000000000,0x00000000000,0x000000000,0x00000000,0x56361044,0,0,0000000000000000000000000000000000000563610440
868,0x00000000000,0x00000000000,0x000000000,0x00000000,0x00000000,0,0,0000000000000000000000000000000000000000000000
869,0x00000000000,0x00000000000,0x000000000,0x00000000,0x00000000,0,0,0000000000000000000000000000000000000000000000
870,0x00000000000,0x000000d329f,0x000000000,0x00000000,0x00000000,0,0,0000000000000000d329f0000000000000000000000000
871,0x00000000000,0x00000000000,0x000000000,0x00000000,0x56765044,0,0,0000000000000000000000000000000000000567650440
872,0x00000000000,0x00000000000,0x000000000,0x00000000,0x00000000,0,0,0000000000000000000000000000000000000000000000
873,0x00000000000,0x00000000000,0x000000000,0x00000000,0x00000000,0,0,0000000000000000000000000000000000000000000000
874,0x00000000000,0x000000d42a7,0x000000000,0x00000000,0x00000000,0,0,0000000000000000d42a70000000000000000000000000
875,0x00000000000,0x00000000000,0x000000000,0x00000000,0x56b69044,0,0,000000000000000000000000000000000000056b690440
876,0x00000000000,0x00000000000,0x000000000,0x00000000,0x00000000,0,0,0000000000000000000000000000000000000000000000
877,0x00000000000,0x00000000000,0x000000000,0x00000000,0x00000000,0,0,0000000000000000000000000000000000000000000000
878,0x00000000000,0x000000d52af,0x000000000,0x00000000,0x00000000,0,0,0000000000000000d52af0000000000000000000000000
879,0x00000000000,0x00000000000,0x000000000,0x00000000,0x56f6d044,0,0,000000000000000000000000000000000000056f6d0440
880,0x00000000000,0x00000000000,0x000000000,0x00000000,0x00000000,0,0,0000000000000000000000000000000000000000000000
881,0x00000000000,0x00000000000,0x000000000,0x00000000,0x00000000,0,0,0000000000000000000000000000000000000000000000
882,0x00000000000,0x000000d62b7,0x000000000,0x00000000,0x00000000,0,0,0000000000000000d62b70000000000000000000000000
883,0x00000000000,0x00000000000,0x000000000,0x00000000,0x57371044,0,0,0000000000000000000000000000000000000573710440
884,0x00000000000,0x00000000000,0x000000000,0x00000000,0x00000000,0,0,0000000000000000000000000000000000000000000000
885,0x00000000000,0x00000000000,0x000000000,0x00000000,0x00000000,0,0,0000000000000000000000000000000000000000000000
886,0x00000144223,0x000000d72bf,0x000000000,0x00000000,0x00000000,0,0,0000051088c00000d72bf0000000000000000000000000
887,0x0000014522b,0x00000000000,0x000000000,0x00000000,0x57775044,0,0,000005148ac00000000000000000000000000577750440
888,0x00000146233,0x00000000000,0x000000000,0x00000000,0x00000000,0,0,000005188cc00000000000000000000000000000000000
889,0x0000014723b,0x00000000000,0x000000000,0x00000000,0x00000000,0,0,0000051c8ec00000000000000000000000000000000000
890,0x00000148243,0x000000d82c7,0x000000000,0x00000000,0x00000000,0,0,0000052090c00000d82c70000000000000000000000000
891,0x0000014924b,0x00000000000,0x000000000,0x00000000,0x57b79044,0,0,0000052492c0000000000000000000000000057b790440
892,0x0000014a253,0x00000000000,0x000000000,0x00000000,0x00000000,0,0,0000052894c00000000000000000000000000000000000
893,0x0000014b25b,0x00000000000,0x000000000,0x00000000,0x00000000,0,0,0000052c96c00000000000000000000000000000000000
894,0x0000014c263,0x000000d92cf,0x000000000,0x00000000,0x00000000,0,0,0000053098c00000d92cf0000000000000000000000000
895,0x0000014d26b,0x00000000000,0x000000000,0x00000000,0x57f7d044,0,0,000005349ac0000000000000000000000000057f7d0440
896,0x0000014e273,0x00000000000,0x000000000,0x00000000,0x00000000,0,0,000005389cc00000000000000000000000000000000000
897,0x0000014f27b,0x00000000000,0x000000000,0x00000000,0x00000000,0,0,0000053c9ec00000000000000000000000000000000000
898,0x00000000000,0x000000da2d7,0x000000000,0x00000000,0x00000000,0,0,0000000000000000da2d70000000000000000000000000
899,0x00000000000,0x00000000000,0x000000000,0x00000000,0x58381044,0,0,0000000000000000000000000000000000000583810440
900,0x00000000000,0x00000000000,0x000000000,0x00000000,0x00000000,0,0,0000000000000000000000000000000000000000000000
901,0x00000000000,0x00000000000,0x000000000,0x00000000,0x00000000,0,0,0000000000000000000000000000000000000000000000
902,0x00000000000,0x000000db2df,0x000000000,0x00000000,0x00000000,0,0,0000000000000000db2df0000000000000000000000000
903,0x00000000000,0x00000000000,0x000000000,0x00000000,0x58785044,0,0,0000000000000000000000000000000000000587850440
904,0x00000000000,0x00000000000,0x000000000,0x00000000,0x00000000,0,0,0000000000000000000000000000000000000000000000
905,0x00000000000,0x00000000000,0x000000000,0x00000000,0x00000000,0,0,0000000000000000000000000000000000000000000000
906,0x00000000000,0x000000dc2e7,0x000000000,0x00000000,0x00000000,0,0,0000000000000000dc2e70000000000000000000000000
907,0x00000000000,0x00000000000,0x000000000,0x00000000,0x58b89044,0,0,000000000000000000000000000000000000058b890440
908,0x00000000000,0x00000000000,0x000000000,0x00000000,0x00000000,0,0,0000000000000000000000000000000000000000000000
909,0x00000000000,0x00000000000,0x000000000,0x00000000,0x00000000,0,0,0000000000000000000000000000000000000000000000
910,0x00000000000,0x000000dd2ef,0x000000000,0x00000000,0x00000000,0,0,0000000000000000dd2ef0000000000000000000000000
911,0x00000000000,0x00000000000,0x000000000,0x00000000,0x58f8d044,0,0,000000000000000000000000000000000000058f8d0440
912,0x00000000000,0x00000000000,0x000000000,0x00000000,0x00000000,0,0,0000000000000000000000000000000000000000000000
913,0x00000000000,0x00000000000,0x000000000,0x00000000,0x00000000,0,0,0000000000000000000000000000000000000000000000
914,0x00000000000,0x000000de2f7,0x000000000,0x00000000,0x00000000,0,0,0000000000000000de2f70000000000000000000000000
915,0x00000000000,0x00000000000,0x000000000,0x00000000,0x59391044,0,0,0000000000000000000000000000000000000593910440
916,0x00000000000,0x00000000000,0x000000000,0x00000000,0x00000000,0,0,0000000000000000000000000000000000000000000000
917,0x00000000000,0x00000000000,0x000000000,0x00000000,0x00000000,0,0,0000000000000000000000000000000000000000000000
918,0x00000000000,0x000000df2ff,0x000000000,0x00000000,0x00000000,0,0,0000000000000000df2ff0000000000000000000000000
919,0x00000000000,0x00000000000,0x000000000,0x00000000,0x59795044,0,0,0000000000000000000000000000000000000597950440
920,0x00000000000,0x00000000000,0x000000000,0x00000000,0x00000000,0,0,0000000000000000000000000000000000000000000000
921,0x00000000000,0x00000000000,0x000000000,0x00000000,0x00000000,0,0,0000000000000000000000000000000000000000000000
922,0x00000000000,0x000000e0307,0x000000000,0x00000000,0x00000000,0,0,0000000000000000e03070000000000000000000000000
923,0x00000000000,0x00000000000,0x000000000,0x00000000,0x59b99044,0,0,000000000000000000000000000000000000059b990440
924,0x00000000000,0x00000000000,0x000000000,0x00000000,0x00000000,0,0,0000000000000000000000000000000000000000000000
925,0x00000000000,0x00000000000,0x000000000,0x00000000,0x00000000,0,0,0000000000000000000000000000000000000000000000
926,0x00000000000,0x000000e130f,0x000000000,0x00000000,0x00000000,0,0,0000000000000000e130f0000000000000000000000000
927,0x00000000000,0x00000000000,0x000000000,0x00000000,0x59f9d044,0,0,000000000000000000000000000000000000059f9d0440
928,0x00000000000,0x00000000000,0x000000000,0x00000000,0x00000000,0,0,0000000000000000000000000000000000000000000000
929,0x00000000000,0x00000000000,0x000000000,0x00000000,0x00000000,0,0,0000000000000000000000000000000000000000000000
930,0x00000000000,0x000000e2317,0x000000000,0x00000000,0x00000000,0,0,0000000000000000e23170000000000000000000000000
931,0x00000000000,0x00000000000,0x000000000,0x00000000,0x5a3a1044,0,0,00000000000000000000000000000000000005a3a10440
932,0x00000000000,0x00000000000,0x000000000,0x00000000,0x00000000,0,0,0000000000000000000000000000000000000000000000
933,0x00000000000,0x00000000000,0x000000000,0x00000000,0x00000000,0,0,0000000000000000000000000000000000000000000000
934,0x00000150283,0x000000e331f,0x000000000,0x00000000,0x00000000,0,0,00000540a0c00000e331f0000000000000000000000000
935,0x0000015128b,0x00000000000,0x000000000,0x00000000,0x5a7a5044,0,0,00000544a2c000000000000000000000000005a7a50440
936,0x00000152293,0x00000000000,0x000000000,0x00000000,0x00000000,0,0,00000548a4c00000000000000000000000000000000000
937,0x0000015329b,0x00000000000,0x000000000,0x00000000,0x00000000,0,0,0000054ca6c00000000000000000000000000000000000
938,0x000001542a3,0x000000e4327,0x000000000,0x00000000,0x00000000,0,0,00000550a8c00000e43270000000000000000000000000
939,0x000001552ab,0x00000000000,0x000000000,0x00000000,0x5aba9044,0,0,00000554aac000000000000000000000000005aba90440
940,0x000001562b3,0x00000000000,0x000000000,0x00000000,0x00000000,0,0,00000558acc00000000000000000000000000000000000
941,0x000001572bb,0x00000000000,0x000000000,0x00000000,0x00000000,0,0,0000055caec00000000000000000000000000000000000
942,0x000001582c3,0x000000e532f,0x000000000,0x00000000,0x00000000,0,0,00000560b0c00000e532f0000000000000000000000000
943,0x000001592cb,0x00000000000,0x000000000,0x00000000,0x5afad044,0,0,00000564b2c000000000000000000000000005afad0440
944,0x0000015a2d3,0x00000000000,0x000000000,0x00000000,0x00000000,0,0,00000568b4c00000000000000000000000000000000000
945,0x0000015b2db,0x00000000000,0x000000000,0x00000000,0x00000000,0,0,0000056cb6c00000000000000000000000000000000000
946,0x00000000000,0x000000e6337,0x000000000,0x00000000,0x00000000,0,0,0000000000000000e63370000000000000000000000000
947,0x00000000000,0x00000000000,0x000000000,0x00000000,0x5b3b1044,0,0,00000000000000000000000000000000000005b3b10440
948,0x00000000000,0x00000000000,0x000000000,0x00000000,0x00000000,0,0,0000000000000000000000000000000000000000000000
949,0x00000000000,0x00000000000,0x000000000,0x00000000,0x00000000,0,0,0000000000000000000000000000000000000000000000
950,0x00000000000,0x000000e733f,0x000000000,0x00000000,0x00000000,0,0,0000000000000000e733f0000000000000000000000000
951,0x00000000000,0x00000000000,0x000000000,0x00000000,0x5b7b5044,0,0,00000000000000000000000000000000000005b7b50440
952,0x00000000000,0x00000000000,0x000000000,0x00000000,0x00000000,0,0,0000000000000000000000000000000000000000000000
953,0x00000000000,0x00000000000,0x000000000,0x00000000,0x00000000,0,0,0000000000000000000000000000000000000000000000
954,0x00000000000,0x000000e8347,0x000000000,0x00000000,0x00000000,0,0,0000000000000000e83470000000000000000000000000
955,0x00000000000,0x00000000000,0x000000000,0x00000000,0x5bbb9044,0,0,00000000000000000000000000000000000005bbb90440
956,0x00000000000,0x00000000000,0x000000000,0x00000000,0x00000000,0,0,0000000000000000000000000000000000000000000000
957,0x00000000000,0x00000000000,0x000000000,0x00000000,0x00000000,0,0,0000000000000000000000000000000000000000000000
958,0x00000000000,0x000000e934f,0x000000000,0x00000000,0x00000000,0,0,0000000000000000e934f0000000000000000000000000
959,0x00000000000,0x00000000000,0x000000000,0x00000000,0x5bfbd044,0,0,00000000000000000000000000000000000005bfbd0440
960,0x00000000000,0x00000000000,0x000000000,0x00000000,0x00000000,0,0,0000000000000000000000000000000000000000000000
961,0x00000000000,0x00000000000,0x000000000,0x00000000,0x00000000,0,0,0000000000000000000000000000000000000000000000
962,0x00000000000,0x000000ea357,0x000000000,0x00000000,0x00000000,0,0,0000000000000000ea3570000000000000000000000000
963,0x00000000000,0x00000000000,0x000000000,0x00000000,0x5c3c1044,0,0,00000000000000000000000000000000000005c3c10440
964,0x00000000000,0x00000000000,0x000000000,0x00000000,0x00000000,0,0,0000000000000000000000000000000000000000000000
965,0x00000000000,0x00000000000,0x000000000,0x00000000,0x00000000,0,0,0000000000000000000000000000000000000000000000
966,0x00000000000,0x000000eb35f,0x000000000,0x00000000,0x00000000,0,0,0000000000000000eb35f0000000000000000000000000
967,0x00000000000,0x00000000000,0x000000000,0x00000000,0x5c7c5044,0,0,00000000000000000000000000000000000005c7c50440
968,0x00000000000,0x00000000000,0x000000000,0x00000000,0x00000000,0,0,0000000000000000000000000000000000000000000000
969,0x00000000000,0x00000000000,0x000000000,0x00000000,0x00000000,0,0,0000000000000000000000000000000000000000000000
970,0x00000000000,0x000000ec367,0x000000000,0x00000000,0x00000000,0,0,0000000000000000ec3670000000000000000000000000
971,0x00000000000,0x00000000000,0x000000000,0x00000000,0x5cbc9044,0,0,00000000000000000000000000000000000005cbc90440
972,0x00000000000,0x00000000000,0x000000000,0x00000000,0x00000000,0,0,0000000000000000000000000000000000000000000000
973,0x00000000000,0x00000000000,0x000000000,0x00000000,0x00000000,0,0,0000000000000000000000000000000000000000000000
974,0x00000000000,0x000000ed36f,0x000000000,0x00000000,0x00000000,0,0,0000000000000000ed36f0000000000000000000000000
975,0x00000000000,0x00000000000,0x000000000,0x00000000,0x5cfcd044,0,0,00000000000000000000000000000000000005cfcd0440
976,0x00000000000,0x00000000000,0x000000000,0x00000000,0x00000000,0,0,0000000000000000000000000000000000000000000000
977,0x00000000000,0x00000000000,0x000000000,0x00000000,0x00000000,0,0,0000000000000000000000000000000000000000000000
978,0x00000000000,0x000000ee377,0x000000000,0x00000000,0x00000000,0,0,0000000000000000ee3770000000000000000000000000
979,0x00000000000,0x00000000000,0x000000000,0x00000000,0x5d3d1044,0,0,00000000000000000000000000000000000005d3d10440
980,0x00000000000,0x00000000000,0x000000000,0x00000000,0x00000000,0,0,0000000000000000000000000000000000000000000000
981,0x00000000000,0x00000000000,0x000000000,0x00000000,0x00000000,0,0,0000000000000000000000000000000000000000000000
982,0x0000015c2e3,0x000000ef37f,0x000000000,0x00000000,0x00000000,0,0,00000570b8c00000ef37f0000000000000000000000000
983,0x0000015d2eb,0x00000000000,0x000000000,0x00000000,0x5d7d5044,0,0,00000574bac000000000000000000000000005d7d50440
984,0x0000015e2f3,0x00000000000,0x000000000,0x00000000,0x00000000,0,0,00000578bcc00000000000000000000000000000000000
985,0x0000015f2fb,0x00000000000,0x000000000,0x00000000,0x00000000,0,0,0000057cbec00000000000000000000000000000000000
986,0x00000160303,0x000000f0387,0x000000000,0x00000000,0x00000000,0,0,00000580c0c00000f03870000000000000000000000000
987,0x0000016130b,0x00000000000,0x000000000,0x00000000,0x5dbd9044,0,0,00000584c2c000000000000000000000000005dbd90440
988,0x00000162313,0x00000000000,0x000000000,0x00000000,0x00000000,0,0,00000588c4c00000000000000000000000000000000000
989,0x0000016331b,0x00000000000,0x000000000,0x00000000,0x00000000,0,0,0000058cc6c00000000000000000000000000000000000
990,0x00000164323,0x000000f138f,0x000000000,0x00000000,0x00000000,0,0,00000590c8c00000f138f0000000000000000000000000
991,0x0000016532b,0x00000000000,0x000000000,0x00000000,0x5dfdd044,0,0,00000594cac000000000000000000000000005dfdd0440
992,0x00000166333,0x00000000000,0x000000000,0x00000000,0x00000000,0,0,00000598ccc00000000000000000000000000000000000
993,0x0000016733b,0x00000000000,0x000000000,0x00000000,0x00000000,0,0,0000059ccec00000000000000000000000000000000000
994,0x00000000000,0x000000f2397,0x000000000,0x00000000,0x00000000,0,0,0000000000000000f23970000000000000000000000000
995,0x00000000000,0x00000000000,0x000000000,0x00000000,0x5e3e1044,0,0,00000000000000000000000000000000000005e3e10440
996,0x00000000000,0x00000000000,0x000000000,0x00000000,0x00000000,0,0,0000000000000000000000000000000000000000000000
997,0x00000000000,0x00000000000,0x000000000,0x00000000,0x00000000,0,0,0000000000000000000000000000000000000000000000
998,0x00000000000,0x000000f339f,0x000000000,0x00000000,0x00000000,0,0,0000000000000000f339f0000000000000000000000000
999,0x00000000000,0x00000000000,0x000000000,0x00000000,0x5e7e5044,0,0,00000000000000000000000000000000000005e7e50440
1000,0x00000000000,0x00000000000,0x000000000,0x00000000,0x00000000,0,0,0000000000000000000000000000000000000000000000
1001,0x00000000000,0x00000000000,0x000000000,0x00000000,0x00000000,0,0,0000000000000000000000000000000000000000000000
1002,0x00000000000,0x000000f43a7,0x000000000,0x00000000,0x00000000,0,0,0000000000000000f43a70000000000000000000000000
1003,0x00000000000,0x00000000000,0x000000000,0x00000000,0x5ebe9044,0,0,00000000000000000000000000000000000005ebe90440
1004,0x00000000000,0x00000000000,0x000000000,0x00000000,0x00000000,0,0,0000000000000000000000000000000000000000000000
1005,0x00000000000,0x00000000000,0x000000000,0x00000000,0x00000000,0,0,0000000000000000000000000000000000000000000000
1006,0x00000000000,0x000000f53af,0x000000000,0x00000000,0x00000000,0,0,0000000000000000f53af0000000000000000000000000
1007,0x00000000000,0x00000000000,0x000000000,0x00000000,0x5efed044,0,0,00000000000000000000000000000000000005efed0440
1008,0x00000000000,0x00000000000,0x000000000,0x00000000,0x00000000,0,0,0000000000000000000000000000000000000000000000
1009,0x00000000000,0x00000000000,0x000000000,0x00000000,0x00000000,0,0,0000000000000000000000000000000000000000000000
1010,0x00000000000,0x000000f63b7,0x000000000,0x00000000,0x00000000,0,0,0000000000000000f63b70000000000000000000000000
1011,0x00000000000,0x00000000000,0x000000000,0x00000000,0x5f3f1044,0,0,00000000000000000000000000000000000005f3f10440
1012,0x00000000000,0x00000000000,0x000000000,0x00000000,0x00000000,0,0,0000000000000000000000000000000000000000000000
1013,0x00000000000,0x00000000000,0x000000000,0x00000000,0x00000000,0,0,0000000000000000000000000000000000000000000000
1014,0x00000000000,0x000000f73bf,0x000000000,0x00000000,0x00000000,0,0,0000000000000000f73bf0000000000000000000000000
1015,0x00000000000,0x00000000000,0x000000000,0x00000000,0x5f7f5044,0,0,00000000000000000000000000000000000005f7f50440
1016,0x00000000000,0x00000000000,0x000000000,0x00000000,0x00000000,0,0,0000000000000000000000000000000000000000000000
1017,0x00000000000,0x00000000000,0x000000000,0x00000000,0x00000000,0,0,0000000000000000000000000000000000000000000000
1018,0x00000000000,0x000000f83c7,0x000000000,0x00000000,0x00000000,0,0,0000000000000000f83c70000000000000000000000000
1019,0x00000000000,0x00000000000,0x000000000,0x00000000,0x5fbf9044,0,0,00000000000000000000000000000000000005fbf90440
1020,0x00000000000,0x00000000000,0x000000000,0x00000000,0x00000000,0,0,0000000000000000000000000000000000000000000000
1021,0x00000000000,0x00000000000,0x000000000,0x00000000,0x00000000,0,0,0000000000000000000000000000000000000000000000
1022,0x00000000000,0x000000f93cf,0x000000000,0x00000000,0x00000000,0,0,0000000000000000f93cf0000000000000000000000000
1023,0x00000000000,0x00000000000,0x000000000,0x00000000,0x5fffd044,0,0,00000000000000000000000000000000000005fffd0440
1024,0x00000000000,0x00000000000,0x000000000,0x00000000,0x00000000,0,0,0000000000000000000000000000000000000000000000
1025,0x00000000000,0x00000000000,0x000000000,0x00000000,0x00000000,0,0,0000000000000000000000000000000000000000000000
1026,0x00000000000,0x000000fa3d7,0x000000000,0x00000000,0x00000000,0,0,0000000000000000fa3d70000000000000000000000000
1027,0x00000000000,0x00000000000,0x000000000,0x00000000,0x40201044,0,0,0000000000000000000000000000000000000402010440
1028,0x00000000000,0x00000000000,0x000000000,0x00000000,0x00000000,0,0,0000000000000000000000000000000000000000000000
1029,0x00000000000,0x00000000000,0x000000000,0x00000000,0x00000000,0,0,0000000000000000000000000000000000000000000000
1030,0x00000168343,0x000000fb3df,0x000000000,0x00000000,0x00000000,0,0,000005a0d0c00000fb3df0000000000000000000000000
1031,0x0000016934b,0x00000000000,0x000000000,0x00000000,0x40605044,0,0,000005a4d2c00000000000000000000000000406050440
1032,0x0000016a353,0x00000000000,0x000000000,0x00000000,0x00000000,0,0,000005a8d4c00000000000000000000000000000000000
1033,0x0000016b35b,0x00000000000,0x000000000,0x00000000,0x00000000,0,0,000005acd6c00000000000000000000000000000000000
1034,0x0000016c363,0x000000fc3e7,0x000000000,0x00000000,0x00000000,0,0,000005b0d8c00000fc3e70000000000000000000000000
1035,0x0000016d36b,0x00000000000,0x000000000,0x00000000,0x40a09044,0,0,000005b4dac0000000000000000000000000040a090440
1036,0x0000016e373,0x00000000000,0x000000000,0x00000000,0x00000000,0,0,000005b8dcc00000000000000000000000000000000000
1037,0x0000016f37b,0x00000000000,0x000000000,0x00000000,0x00000000,0,0,000005bcdec00000000000000000000000000000000000
1038,0x00000170383,0x000000fd3ef,0x000000000,0x00000000,0x00000000,0,0,000005c0e0c00000fd3ef0000000000000000000000000
1039,0x0000017138b,0x00000000000,0x000000000,0x00000000,0x40e0d044,0,0,000005c4e2c0000000000000000000000000040e0d0440
1040,0x00000172393,0x00000000000,0x000000000,0x00000000,0x00000000,0,0,000005c8e4c00000000000000000000000000000000000
1041,0x0000017339b,0x00000000000,0x000000000,0x00000000,0x00000000,0,0,000005cce6c00000000000000000000000000000000000
1042,0x00000000000,0x000000fe3f7,0x000000000,0x00000000,0x00000000,0,0,0000000000000000fe3f70000000000000000000000000
1043,0x00000000000,0x00000000000,0x000000000,0x00000000,0x41211044,0,0,0000000000000000000000000000000000000412110440
1044,0x00000000000,0x00000000000,0x000000000,0x00000000,0x00000000,0,0,0000000000000000000000000000000000000000000000
1045,0x00000000000,0x00000000000,0x000000000,0x00000000,0x00000000,0,0,0000000000000000000000000000000000000000000000
1046,0x00000000000,0x000000ff3ff,0x000000000,0x00000000,0x00000000,0,0,0000000000000000ff3ff0000000000000000000000000
1047,0x00000000000,0x00000000000,0x000000000,0x00000000,0x41615044,0,0,0000000000000000000000000000000000000416150440
1048,0x00000000000,0x00000000000,0x000000000,0x00000000,0x00000000,0,0,0000000000000000000000000000000000000000000000
1049,0x00000000000,0x00000000000,0x000000000,0x00000000,0x00000000,0,0,0000000000000000000000000000000000000000000000
1050,0x00000000000,0x00000100007,0x000000000,0x00000000,0x00000000,0,0,0000000000000001000070000000000000000000000000
1051,0x00000000000,0x00000000000,0x000000000,0x00000000,0x41a19044,0,0,000000000000000000000000000000000000041a190440
1052,0x00000000000,0x00000000000,0x000000000,0x00000000,0x00000000,0,0,0000000000000000000000000000000000000000000000
1053,0x00000000000,0x00000000000,0x000000000,0x00000000,0x00000000,0,0,0000000000000000000000000000000000000000000000
1054,0x00000000000,0x0000010100f,0x000000000,0x00000000,0x00000000,0,0,00000000000000010100f0000000000000000000000000
1055,0x00000000000,0x00000000000,0x000000000,0x00000000,0x41e1d044,0,0,000000000000000000000000000000000000041e1d0440
1056,0x00000000000,0x00000000000,0x000000000,0x00000000,0x00000000,0,0,0000000000000000000000000000000000000000000000
1057,0x00000000000,0x00000000000,0x000000000,0x00000000,0x00000000,0,0,0000000000000000000000000000000000000000000000
1058,0x00000000000,0x00000102017,0x000000000,0x00000000,0x00000000,0,0,0000000000000001020170000000000000000000000000
1059,0x00000000000,0x00000000000,0x000000000,0x00000000,0x42221044,0,0,0000000000000000000000000000000000000422210440
1060,0x00000000000,0x00000000000,0x000000000,0x00000000,0x00000000,0,0,0000000000000000000000000000000000000000000000
1061,0x00000000000,0x00000000000,0x000000000,0x00000000,0x00000000,0,0,0000000000000000000000000000000000000000000000
1062,0x00000000000,0x0000010301f,0x000000000,0x00000000,0x00000000,0,0,00000000000000010301f0000000000000000000000000
1063,0x00000000000,0x00000000000,0x000000000,0x00000000,0x42625044,0,0,0000000000000000000000000000000000000426250440
1064,0x00000000000,0x00000000000,0x000000000,0x00000000,0x00000000,0,0,0000000000000000000000000000000000000000000000
1065,0x00000000000,0x00000000000,0x000000000,0x00000000,0x00000000,0,0,0000000000000000000000000000000000000000000000
1066,0x00000000000,0x00000104027,0x000000000,0x00000000,0x00000000,0,0,0000000000000001040270000000000000000000000000
1067,0x00000000000,0x00000000000,0x000000000,0x00000000,0x42a29044,0,0,000000000000000000000000000000000000042a290440
1068,0x00000000000,0x00000000000,0x000000000,0x00000000,0x00000000,0,0,0000000000000000000000000000000000000000000000
1069,0x00000000000,0x00000000000,0x000000000,0x00000000,0x00000000,0,0,0000000000000000000000000000000000000000000000
1070,0x00000000000,0x0000010502f,0x000000000,0x00000000,0x00000000,0,0,00000000000000010502f0000000000000000000000000
1071,0x00000000000,0x00000000000,0x000000000,0x00000000,0x42e2d044,0,0,000000000000000000000000000000000000042e2d0440
1072,0x00000000000,0x00000000000,0x000000000,0x00000000,0x00000000,0,0,0000000000000000000000000000000000000000000000
1073,0x00000000000,0x00000000000,0x000000000,0x00000000,0x00000000,0,0,0000000000000000000000000000000000000000000000
1074,0x00000000000,0x00000106037,0x000000000,0x00000000,0x00000000,0,0,0000000000000001060370000000000000000000000000
1075,0x00000000000,0x00000000000,0x000000000,0x00000000,0x43231044,0,0,0000000000000000000000000000000000000432310440
1076,0x00000000000,0x00000000000,0x000000000,0x00000000,0x00000000,0,0,0000000000000000000000000000000000000000000000
1077,0x00000000000,0x00000000000,0x000000000,0x00000000,0x00000000,0,0,0000000000000000000000000000000000000000000000
1078,0x000001743a3,0x0000010703f,0x000000000,0x00000000,0x00000000,0,0,000005d0e8c000010703f0000000000000000000000000
1079,0x000001753ab,0x00000000000,0x000000000,0x00000000,0x43635044,0,0,000005d4eac00000000000000000000000000436350440
1080,0x000001763b3,0x00000000000,0x000000000,0x00000000,0x00000000,0,0,000005d8ecc00000000000000000000000000000000000
1081,0x000001773bb,0x00000000000,0x000000000,0x00000000,0x00000000,0,0,000005dceec00000000000000000000000000000000000
1082,0x000001783c3,0x00000108047,0x000000000,0x00000000,0x00000000,0,0,000005e0f0c00001080470000000000000000000000000
1083,0x000001793cb,0x00000000000,0x000000000,0x00000000,0x43a39044,0,0,000005e4f2c0000000000000000000000000043a390440
1084,0x0000017a3d3,0x00000000000,0x000000000,0x00000000,0x00000000,0,0,000005e8f4c00000000000000000000000000000000000
1085,0x0000017b3db,0x00000000000,0x000000000,0x00000000,0x00000000,0,0,000005ecf6c00000000000000000000000000000000000
1086,0x0000017c3e3,0x0000010904f,0x000000000,0x00000000,0x00000000,0,0,000005f0f8c000010904f0000000000000000000000000
1087,0x0000017d3eb,0x00000000000,0x000000000,0x00000000,0x43e3d044,0,0,000005f4fac0000000000000000000000000043e3d0440
1088,0x0000017e3f3,0x00000000000,0x000000000,0x00000000,0x00000000,0,0,000005f8fcc00000000000000000000000000000000000
1089,0x0000017f3fb,0x00000000000,0x000000000,0x00000000,0x00000000,0,0,000005fcfec00000000000000000000000000000000000
1090,0x00000000000,0x0000010a057,0x000000000,0x00000000,0x00000000,0,0,00000000000000010a0570000000000000000000000000
1091,0x00000000000,0x00000000000,0x000000000,0x00000000,0x44241044,0,0,0000000000000000000000000000000000000442410440
1092,0x00000000000,0x00000000000,0x000000000,0x00000000,0x00000000,0,0,0000000000000000000000000000000000000000000000
1093,0x00000000000,0x00000000000,0x000000000,0x00000000,0x00000000,0,0,0000000000000000000000000000000000000000000000
1094,0x00000000000,0x0000010b05f,0x000000000,0x00000000,0x00000000,0,0,00000000000000010b05f0000000000000000000000000
1095,0x00000000000,0x00000000000,0x000000000,0x00000000,0x44645044,0,0,0000000000000000000000000000000000000446450440
1096,0x00000000000,0x00000000000,0x000000000,0x00000000,0x00000000,0,0,0000000000000000000000000000000000000000000000
1097,0x00000000000,0x00000000000,0x000000000,0x00000000,0x00000000,0,0,0000000000000000000000000000000000000000000000
1098,0x00000000000,0x0000010c067,0x000000000,0x00000000,0x00000000,0,0,00000000000000010c0670000000000000000000000000
1099,0x00000000000,0x00000000000,0x000000000,0x00000000,0x44a49044,0,0,000000000000000000000000000000000000044a490440
1100,0x00000000000,0x00000000000,0x000000000,0x00000000,0x00000000,0,0,0000000000000000000000000000000000000000000000
1101,0x00000000000,0x00000000000,0x000000000,0x00000000,0x00000000,0,0,0000000000000000000000000000000000000000000000
1102,0x00000000000,0x0000010d06f,0x000000000,0x00000000,0x00000000,0,0,00000000000000010d06f0000000000000000000000000
1103,0x00000000000,0x00000000000,0x000000000,0x00000000,0x44e4d044,0,0,000000000000000000000000000000000000044e4d0440
1104,0x00000000000,0x00000000000,0x000000000,0x00000000,0x00000000,0,0,0000000000000000000000000000000000000000000000
1105,0x00000000000,0x00000000000,0x000000000,0x00000000,0x00000000,0,0,0000000000000000000000000000000000000000000000
1106,0x00000000000,0x0000010e077,0x000000000,0x00000000,0x00000000,0,0,00000000000000010e0770000000000000000000000000
1107,0x00000000000,0x00000000000,0x000000000,0x00000000,0x45251044,0,0,0000000000000000000000000000000000000452510440
1108,0x00000000000,0x00000000000,0x000000000,0x00000000,0x00000000,0,0,0000000000000000000000000000000000000000000000
1109,0x00000000000,0x00000000000,0x000000000,0x00000000,0x00000000,0,0,0000000000000000000000000000000000000000000000
1110,0x00000000000,0x0000010f07f,0x000000000,0x00000000,0x00000000,0,0,00000000000000010f07f0000000000000000000000000
1111,0x00000000000,0x00000000000,0x000000000,0x00000000,0x45655044,0,0,0000000000000000000000000000000000000456550440
1112,0x00000000000,0x00000000000,0x000000000,0x00000000,0x00000000,0,0,0000000000000000000000000000000000000000000000
1113,0x00000000000,0x00000000000,0x000000000,0x00000000,0x00000000,0,0,0000000000000000000000000000000000000000000000
1114,0x00000000000,0x00000110087,0x000000000,0x00000000,0x00000000,0,0,0000000000000001100870000000000000000000000000
1115,0x00000000000,0x00000000000,0x000000000,0x00000000,0x45a59044,0,0,000000000000000000000000000000000000045a590440
1116,0x00000000000,0x00000000000,0x000000000,0x00000000,0x00000000,0,0,0000000000000000000000000000000000000000000000
1117,0x00000000000,0x00000000000,0x000000000,0x00000000,0x00000000,0,0,0000000000000000000000000000000000000000000000
1118,0x00000000000,0x0000011108f,0x000000000,0x00000000,0x00000000,0,0,00000000000000011108f0000000000000000000000000
1119,0x00000000000,0x00000000000,0x000000000,0x00000000,0x45e5d044,0,0,000000000000000000000000000000000000045e5d0440
1120,0x00000000000,0x00000000000,0x000000000,0x00000000,0x00000000,0,0,0000000000000000000000000000000000000000000000
1121,0x00000000000,0x00000000000,0x000000000,0x00000000,0x00000000,0,0,0000000000000000000000000000000000000000000000
1122,0x00000000000,0x00000112097,0x000000000,0x00000000,0x00000000,0,0,0000000000000001120970000000000000000000000000
1123,0x00000000000,0x00000000000,0x000000000,0x00000000,0x46261044,0,0,0000000000000000000000000000000000000462610440
1124,0x00000000000,0x00000000000,0x000000000,0x00000000,0x00000000,0,0,0000000000000000000000000000000000000000000000
1125,0x00000000000,0x00000000000,0x000000000,0x00000000,0x00000000,0,0,0000000000000000000000000000000000000000000000
1126,0x00000000000,0x0000011309f,0x000000000,0x00000000,0x00000000,0,0,00000000000000011309f0000000000000000000000000
1127,0x00000000000,0x00000000000,0x000000000,0x00000000,0x46665044,0,0,0000000000000000000000000000000000000466650440
1128,0x00000000000,0x00000000000,0x000000000,0x00000000,0x00000000,0,0,0000000000000000000000000000000000000000000000
1129,0x00000000000,0x00000000000,0x000000000,0x00000000,0x00000000,0,0,0000000000000000000000000000000000000000000000
1130,0x00000000000,0x000001140a7,0x000000000,0x00000000,0x00000000,0,0,0000000000000001140a70000000000000000000000000
1131,0x00000000000,0x00000000000,0x000000000,0x00000000,0x46a69044,0,0,000000000000000000000000000000000000046a690440
1132,0x00000000000,0x00000000000,0x000000000,0x00000000,0x00000000,0,0,0000000000000000000000000000000000000000000000
1133,0x00000000000,0x00000000000,0x000000000,0x00000000,0x00000000,0,0,0000000000000000000000000000000000000000000000
1134,0x00000000000,0x000001150af,0x000000000,0x00000000,0x00000000,0,0,0000000000000001150af0000000000000000000000000
1135,0x00000000000,0x00000000000,0x000000000,0x00000000,0x46e6d044,0,0,000000000000000000000000000000000000046e6d0440
1136,0x00000000000,0x00000000000,0x000000000,0x00000000,0x00000000,0,0,0000000000000000000000000000000000000000000000
1137,0x00000000000,0x00000000000,0x000000000,0x00000000,0x00000000,0,0,0000000000000000000000000000000000000000000000
1138,0x00000000000,0x000001160b7,0x000000000,0x00000000,0x00000000,0,0,0000000000000001160b70000000000000000000000000
1139,0x00000000000,0x00000000000,0x000000000,0x00000000,0x47271044,0,0,0000000000000000000000000000000000000472710440
1140,0x00000000000,0x00000000000,0x000000000,0x00000000,0x00000000,0,0,0000000000000000000000000000000000000000000000
1141,0x00000000000,0x00000000000,0x000000000,0x00000000,0x00000000,0,0,0000000000000000000000000000000000000000000000
1142,0x00000000000,0x000001170bf,0x000000000,0x00000000,0x00000000,0,0,0000000000000001170bf0000000000000000000000000
1143,0x00000000000,0x00000000000,0x000000000,0x00000000,0x47675044,0,0,0000000000000000000000000000000000000476750440
1144,0x00000000000,0x00000000000,0x000000000,0x00000000,0x00000000,0,0,0000000000000000000000000000000000000000000000
1145,0x00000000000,0x00000000000,0x000000000,0x00000000,0x00000000,0,0,0000000000000000000000000000000000000000000000
1146,0x00000000000,0x000001180c7,0x000000000,0x00000000,0x00000000,0,0,0000000000000001180c70000000000000000000000000
1147,0x00000000000,0x00000000000,0x000000000,0x00000000,0x47a79044,0,0,000000000000000000000000000000000000047a790440
1148,0x00000000000,0x00000000000,0x000000000,0x00000000,0x00000000,0,0,0000000000000000000000000000000000000000000000
1149,0x00000000000,0x00000000000,0x000000000,0x00000000,0x00000000,0,0,0000000000000000000000000000000000000000000000
1150,0x00000000000,0x000001190cf,0x000000000,0x00000000,0x00000000,0,0,0000000000000001190cf0000000000000000000000000
1151,0x00000000000,0x00000000000,0x000000000,0x00000000,0x47e7d044,0,0,000000000000000000000000000000000000047e7d0440
1152,0x00000000000,0x00000000000,0x000000000,0x00000000,0x00000000,0,0,0000000000000000000000000000000000000000000000
1153,0x00000000000,0x00000000000,0x000000000,0x00000000,0x00000000,0,0,0000000000000000000000000000000000000000000000
1154,0x00000000000,0x0000011a0d7,0x000000000,0x00000000,0x00000000,0,0,00000000000000011a0d70000000000000000000000000
1155,0x00000000000,0x00000000000,0x000000000,0x00000000,0x48281044,0,0,0000000000000000000000000000000000000482810440
1156,0x00000000000,0x00000000000,0x000000000,0x00000000,0x00000000,0,0,0000000000000000000000000000000000000000000000
1157,0x00000000000,0x00000000000,0x000000000,0x00000000,0x00000000,0,0,0000000000000000000000000000000000000000000000
1158,0x00000000000,0x0000011b0df,0x000000000,0x00000000,0x00000000,0,0,00000000000000011b0df0000000000000000000000000
1159,0x00000000000,0x00000000000,0x000000000,0x00000000,0x48685044,0,0,0000000000000000000000000000000000000486850440
1160,0x00000000000,0x00000000000,0x000000000,0x00000000,0x00000000,0,0,0000000000000000000000000000000000000000000000
1161,0x00000000000,0x00000000000,0x000000000,0x00000000,0x00000000,0,0,0000000000000000000000000000000000000000000000
1162,0x00000000000,0x0000011c0e7,0x000000000,0x00000000,0x00000000,0,0,00000000000000011c0e70000000000000000000000000
1163,0x00000000000,0x00000000000,0x000000000,0x00000000,0x48a89044,0,0,000000000000000000000000000000000000048a890440
1164,0x00000000000,0x00000000000,0x000000000,0x00000000,0x00000000,0,0,0000000000000000000000000000000000000000000000
1165,0x00000000000,0x00000000000,0x000000000,0x00000000,0x00000000,0,0,0000000000000000000000000000000000000000000000
1166,0x00000000000,0x0000011d0ef,0x000000000,0x00000000,0x00000000,0,0,00000000000000011d0ef0000000000000000000000000
1167,0x00000000000,0x00000000000,0x000000000,0x00000000,0x48e8d044,0,0,000000000000000000000000000000000000048e8d0440
1168,0x00000000000,0x00000000000,0x000000000,0x00000000,0x00000000,0,0,0000000000000000000000000000000000000000000000
1169,0x00000000000,0x00000000000,0x000000000,0x00000000,0x00000000,0,0,0000000000000000000000000000000000000000000000
1170,0x00000000000,0x0000011e0f7,0x000000000,0x00000000,0x00000000,0,0,00000000000000011e0f70000000000000000000000000
1171,0x00000000000,0x00000000000,0x000000000,0x00000000,0x49291044,0,0,0000000000000000000000000000000000000492910440
1172,0x00000000000,0x00000000000,0x000000000,0x00000000,0x00000000,0,0,0000000000000000000000000000000000000000000000
1173,0x00000000000,0x00000000000,0x000000000,0x00000000,0x00000000,0,0,0000000000000000000000000000000000000000000000
1174,0x00000000000,0x0000011f0ff,0x000000000,0x00000000,0x00000000,0,0,00000000000000011f0ff0000000000000000000000000
1175,0x00000000000,0x00000000000,0x000000000,0x00000000,0x49695044,0,0,0000000000000000000000000000000000000496950440
1176,0x00000000000,0x00000000000,0x000000000,0x00000000,0x00000000,0,0,0000000000000000000000000000000000000000000000
1177,0x00000000000,0x00000000000,0x000000000,0x00000000,0x00000000,0,0,0000000000000000000000000000000000000000000000
1178,0x00000000000,0x00000120107,0x000000000,0x00000000,0x00000000,0,0,0000000000000001201070000000000000000000000000
1179,0x00000000000,0x00000000000,0x000000000,0x00000000,0x49a99044,0,0,000000000000000000000000000000000000049a990440
1180,0x00000000000,0x00000000000,0x000000000,0x00000000,0x00000000,0,0,0000000000000000000000000000000000000000000000
1181,0x00000000000,0x00000000000,0x000000000,0x00000000,0x00000000,0,0,0000000000000000000000000000000000000000000000
1182,0x00000000000,0x0000012110f,0x000000000,0x00000000,0x00000000,0,0,00000000000000012110f0000000000000000000000000
1183,0x00000000000,0x00000000000,0x000000000,0x00000000,0x49e9d044,0,0,000000000000000000000000000000000000049e9d0440
1184,0x00000000000,0x00000000000,0x000000000,0x00000000,0x00000000,0,0,0000000000000000000000000000000000000000000000
1185,0x00000000000,0x00000000000,0x000000000,0x00000000,0x00000000,0,0,0000000000000000000000000000000000000000000000
1186,0x00000000000,0x00000122117,0x000000000,0x00000000,0x00000000,0,0,0000000000000001221170000000000000000000000000
1187,0x00000000000,0x00000000000,0x000000000,0x00000000,0x4a2a1044,0,0,00000000000000000000000000000000000004a2a10440
1188,0x00000000000,0x00000000000,0x000000000,0x00000000,0x00000000,0,0,0000000000000000000000000000000000000000000000
1189,0x00000000000,0x00000000000,0x000000000,0x00000000,0x00000000,0,0,0000000000000000000000000000000000000000000000
1190,0x00000000000,0x0000012311f,0x000000000,0x00000000,0x00000000,0,0,00000000000000012311f0000000000000000000000000
1191,0x00000000000,0x00000000000,0x000000000,0x00000000,0x4a6a5044,0,0,00000000000000000000000000000000000004a6a50440
1192,0x00000000000,0x00000000000,0x000000000,0x00000000,0x00000000,0,0,0000000000000000000000000000000000000000000000
1193,0x00000000000,0x00000000000,0x000000000,0x00000000,0x00000000,0,0,0000000000000000000000000000000000000000000000
1194,0x00000000000,0x00000124127,0x000000000,0x00000000,0x00000000,0,0,0000000000000001241270000000000000000000000000
1195,0x00000000000,0x00000000000,0x000000000,0x00000000,0x4aaa9044,0,0,00000000000000000000000000000000000004aaa90440
1196,0x00000000000,0x00000000000,0x000000000,0x00000000,0x00000000,0,0,0000000000000000000000000000000000000000000000
1197,0x00000000000,0x00000000000,0x000000000,0x00000000,0x00000000,0,0,0000000000000000000000000000000000000000000000
1198,0x00000000000,0x0000012512f,0x000000000,0x00000000,0x00000000,0,0,00000000000000012512f0000000000000000000000000
1199,0x00000000000,0x00000000000,0x000000000,0x00000000,0x4aead044,0,0,00000000000000000000000000000000000004aead0440
1200,0x00000000000,0x00000000000,0x000000000,0x00000000,0x00000000,0,0,0000000000000000000000000000000000000000000000
1201,0x00000000000,0x00000000000,0x000000000,0x00000000,0x00000000,0,0,0000000000000000000000000000000000000000000000
1202,0x00000000000,0x00000126137,0x000000000,0x00000000,0x00000000,0,0,0000000000000001261370000000000000000000000000
1203,0x00000000000,0x00000000000,0x000000000,0x00000000,0x4b2b1044,0,0,00000000000000000000000000000000000004b2b10440
1204,0x00000000000,0x00000000000,0x000000000,0x00000000,0x00000000,0,0,0000000000000000000000000000000000000000000000
1205,0x00000000000,0x00000000000,0x000000000,0x00000000,0x00000000,0,0,0000000000000000000000000000000000000000000000
1206,0x00000000000,0x0000012713f,0x000000000,0x00000000,0x00000000,0,0,00000000000000012713f0000000000000000000000000
1207,0x00000000000,0x00000000000,0x000000000,0x00000000,0x4b6b5044,0,0,00000000000000000000000000000000000004b6b50440
1208,0x00000000000,0x00000000000,0x000000000,0x00000000,0x00000000,0,0,0000000000000000000000000000000000000000000000
1209,0x00000000000,0x00000000000,0x000000000,0x00000000,0x00000000,0,0,0000000000000000000000000000000000000000000000
1210,0x00000000000,0x00000128147,0x000000000,0x00000000,0x00000000,0,0,0000000000000001281470000000000000000000000000
1211,0x00000000000,0x00000000000,0x000000000,0x00000000,0x4bab9044,0,0,00000000000000000000000000000000000004bab90440
1212,0x00000000000,0x00000000000,0x000000000,0x00000000,0x00000000,0,0,0000000000000000000000000000000000000000000000
1213,0x00000000000,0x00000000000,0x000000000,0x00000000,0x00000000,0,0,0000000000000000000000000000000000000000000000
1214,0x00000000000,0x0000012914f,0x000000000,0x00000000,0x00000000,0,0,00000000000000012914f0000000000000000000000000
1215,0x00000000000,0x00000000000,0x000000000,0x00000000,0x4bebd044,0,0,00000000000000000000000000000000000004bebd0440
1216,0x00000000000,0x00000000000,0x000000000,0x00000000,0x00000000,0,0,0000000000000000000000000000000000000000000000
1217,0x00000000000,0x00000000000,0x000000000,0x00000000,0x00000000,0,0,0000000000000000000000000000000000000000000000
1218,0x00000000000,0x0000012a157,0x000000000,0x00000000,0x00000000,0,0,00000000000000012a1570000000000000000000000000
1219,0x00000000000,0x00000000000,0x000000000,0x00000000,0x4c2c1044,0,0,00000000000000000000000000000000000004c2c10440
1220,0x00000000000,0x00000000000,0x000000000,0x00000000,0x00000000,0,0,0000000000000000000000000000000000000000000000
1221,0x00000000000,0x00000000000,0x000000000,0x00000000,0x00000000,0,0,0000000000000000000000000000000000000000000000
1222,0x00000000000,0x0000012b15f,0x000000000,0x00000000,0x00000000,0,0,00000000000000012b15f0000000000000000000000000
1223,0x00000000000,0x00000000000,0x000000000,0x00000000,0x4c6c5044,0,0,00000000000000000000000000000000000004c6c50440
1224,0x00000000000,0x00000000000,0x000000000,0x00000000,0x00000000,0,0,0000000000000000000000000000000000000000000000
1225,0x00000000000,0x00000000000,0x000000000,0x00000000,0x00000000,0,0,0000000000000000000000000000000000000000000000
1226,0x00000000000,0x0000012c167,0x000000000,0x00000000,0x00000000,0,0,00000000000000012c1670000000000000000000000000
1227,0x00000000000,0x00000000000,0x000000000,0x00000000,0x4cac9044,0,0,00000000000000000000000000000000000004cac90440
1228,0x00000000000,0x00000000000,0x000000000,0x00000000,0x00000000,0,0,0000000000000000000000000000000000000000000000
1229,0x00000000000,0x00000000000,0x000000000,0x00000000,0x00000000,0,0,0000000000000000000000000000000000000000000000
1230,0x00000000000,0x0000012d16f,0x000000000,0x00000000,0x00000000,0,0,00000000000000012d16f0000000000000000000000000
1231,0x00000000000,0x00000000000,0x000000000,0x00000000,0x4cecd044,0,0,00000000000000000000000000000000000004cecd0440
1232,0x00000000000,0x00000000000,0x000000000,0x00000000,0x00000000,0,0,0000000000000000000000000000000000000000000000
1233,0x00000000000,0x00000000000,0x000000000,0x00000000,0x00000000,0,0,0000000000000000000000000000000000000000000000
1234,0x00000000000,0x0000012e177,0x000000000,0x00000000,0x00000000,0,0,00000000000000012e1770000000000000000000000000
1235,0x00000000000,0x00000000000,0x000000000,0x00000000,0x4d2d1044,0,0,00000000000000000000000000000000000004d2d10440
1236,0x00000000000,0x00000000000,0x000000000,0x00000000,0x00000000,0,0,0000000000000000000000000000000000000000000000
1237,0x00000000000,0x00000000000,0x000000000,0x00000000,0x00000000,0,0,0000000000000000000000000000000000000000000000
1238,0x00000000000,0x0000012f17f,0x000000000,0x00000000,0x00000000,0,0,00000000000000012f17f0000000000000000000000000
1239,0x00000000000,0x00000000000,0x000000000,0x00000000,0x4d6d5044,0,0,00000000000000000000000000000000000004d6d50440
1240,0x00000000000,0x00000000000,0x000000000,0x00000000,0x00000000,0,0,0000000000000000000000000000000000000000000000
1241,0x00000000000,0x00000000000,0x000000000,0x00000000,0x00000000,0,0,0000000000000000000000000000000000000000000000
1242,0x00000000000,0x00000130187,0x000000000,0x00000000,0x00000000,0,0,0000000000000001301870000000000000000000000000
1243,0x00000000000,0x00000000000,0x000000000,0x00000000,0x4dad9044,0,0,00000000000000000000000000000000000004dad90440
1244,0x00000000000,0x00000000000,0x000000000,0x00000000,0x00000000,0,0,0000000000000000000000000000000000000000000000
1245,0x00000000000,0x00000000000,0x000000000,0x00000000,0x00000000,0,0,0000000000000000000000000000000000000000000000
1246,0x00000000000,0x0000013118f,0x000000000,0x00000000,0x00000000,0,0,00000000000000013118f0000000000000000000000000
1247,0x00000000000,0x00000000000,0x000000000,0x00000000,0x4dedd044,0,0,00000000000000000000000000000000000004dedd0440
1248,0x00000000000,0x00000000000,0x000000000,0x00000000,0x00000000,0,0,0000000000000000000000000000000000000000000000
1249,0x00000000000,0x00000000000,0x000000000,0x00000000,0x00000000,0,0,0000000000000000000000000000000000000000000000
1250,0x00000000000,0x00000132197,0x000000000,0x00000000,0x00000000,0,0,0000000000000001321970000000000000000000000000
1251,0x00000000000,0x00000000000,0x000000000,0x00000000,0x4e2e1044,0,0,00000000000000000000000000000000000004e2e10440
1252,0x00000000000,0x00000000000,0x000000000,0x00000000,0x00000000,0,0,0000000000000000000000000000000000000000000000
1253,0x00000000000,0x00000000000,0x000000000,0x00000000,0x00000000,0,0,0000000000000000000000000000000000000000000000
1254,0x00000000000,0x0000013319f,0x000000000,0x00000000,0x00000000,0,0,00000000000000013319f0000000000000000000000000
1255,0x00000000000,0x00000000000,0x000000000,0x00000000,0x4e6e5044,0,0,00000000000000000000000000000000000004e6e50440
1256,0x00000000000,0x00000000000,0x000000000,0x00000000,0x00000000,0,0,0000000000000000000000000000000000000000000000
1257,0x00000000000,0x00000000000,0x000000000,0x00000000,0x00000000,0,0,0000000000000000000000000000000000000000000000
1258,0x00000000000,0x000001341a7,0x000000000,0x00000000,0x00000000,0,0,0000000000000001341a70000000000000000000000000
1259,0x00000000000,0x00000000000,0x000000000,0x00000000,0x4eae9044,0,0,00000000000000000000000000000000000004eae90440
1260,0x00000000000,0x00000000000,0x000000000,0x00000000,0x00000000,0,0,0000000000000000000000000000000000000000000000
1261,0x00000000000,0x00000000000,0x000000000,0x00000000,0x00000000,0,0,0000000000000000000000000000000000000000000000
1262,0x00000000000,0x000001351af,0x000000000,0x00000000,0x00000000,0,0,0000000000000001351af0000000000000000000000000
1263,0x00000000000,0x00000000000,0x000000000,0x00000000,0x4eeed044,0,0,00000000000000000000000000000000000004eeed0440
1264,0x00000000000,0x00000000000,0x000000000,0x00000000,0x00000000,0,0,0000000000000000000000000000000000000000000000
1265,0x00000000000,0x00000000000,0x000000000,0x00000000,0x00000000,0,0,0000000000000000000000000000000000000000000000
1266,0x00000000000,0x000001361b7,0x000000000,0x00000000,0x00000000,0,0,0000000000000001361b70000000000000000000000000
1267,0x00000000000,0x00000000000,0x000000000,0x00000000,0x4f2f1044,0,0,00000000000000000000000000000000000004f2f10440
1268,0x00000000000,0x00000000000,0x000000000,0x00000000,0x00000000,0,0,0000000000000000000000000000000000000000000000
1269,0x00000000000,0x00000000000,0x000000000,0x00000000,0x00000000,0,0,0000000000000000000000000000000000000000000000
1270,0x00000000000,0x000001371bf,0x000000000,0x00000000,0x00000000,0,0,0000000000000001371bf0000000000000000000000000
1271,0x00000000000,0x00000000000,0x000000000,0x00000000,0x4f6f5044,0,0,00000000000000000000000000000000000004f6f50440
1272,0x00000000000,0x00000000000,0x000000000,0x00000000,0x00000000,0,0,0000000000000000000000000000000000000000000000
1273,0x00000000000,0x00000000000,0x000000000,0x00000000,0x00000000,0,0,0000000000000000000000000000000000000000000000
1274,0x00000000000,0x000001381c7,0x000000000,0x00000000,0x00000000,0,0,0000000000000001381c70000000000000000000000000
1275,0x00000000000,0x00000000000,0x000000000,0x00000000,0x4faf9044,0,0,00000000000000000000000000000000000004faf90440
1276,0x00000000000,0x00000000000,0x000000000,0x00000000,0x00000000,0,0,0000000000000000000000000000000000000000000000
1277,0x00000000000,0x00000000000,0x000000000,0x00000000,0x00000000,0,0,0000000000000000000000000000000000000000000000
1278,0x00000000000,0x000001391cf,0x000000000,0x00000000,0x00000000,0,0,0000000000000001391cf0000000000000000000000000
1279,0x00000000000,0x00000000000,0x000000000,0x00000000,0x4fefd044,0,0,00000000000000000000000000000000000004fefd0440
1280,0x00000000000,0x00000000000,0x000000000,0x00000000,0x00000000,0,0,0000000000000000000000000000000000000000000000
1281,0x00000000000,0x00000000000,0x000000000,0x00000000,0x00000000,0,0,0000000000000000000000000000000000000000000000
1282,0x00000000000,0x0000013a1d7,0x000000000,0x00000000,0x00000000,0,0,00000000000000013a1d70000000000000000000000000
1283,0x00000000000,0x00000000000,0x000000000,0x00000000,0x50301044,0,0,0000000000000000000000000000000000000503010440
1284,0x00000000000,0x00000000000,0x000000000,0x00000000,0x00000000,0,0,0000000000000000000000000000000000000000000000
1285,0x00000000000,0x00000000000,0x000000000,0x00000000,0x00000000,0,0,0000000000000000000000000000000000000000000000
1286,0x00000000000,0x0000013b1df,0x000000000,0x00000000,0x00000000,0,0,00000000000000013b1df0000000000000000000000000
1287,0x00000000000,0x00000000000,0x000000000,0x00000000,0x50705044,0,0,0000000000000000000000000000000000000507050440
1288,0x00000000000,0x00000000000,0x000000000,0x00000000,0x00000000,0,0,0000000000000000000000000000000000000000000000
1289,0x00000000000,0x00000000000,0x000000000,0x00000000,0x00000000,0,0,0000000000000000000000000000000000000000000000
1290,0x00000000000,0x0000013c1e7,0x000000000,0x00000000,0x00000000,0,0,00000000000000013c1e70000000000000000000000000
1291,0x00000000000,0x00000000000,0x000000000,0x00000000,0x50b09044,0,0,000000000000000000000000000000000000050b090440
1292,0x00000000000,0x00000000000,0x000000000,0x00000000,0x00000000,0,0,0000000000000000000000000000000000000000000000
1293,0x00000000000,0x00000000000,0x000000000,0x00000000,0x00000000,0,0,0000000000000000000000000000000000000000000000
1294,0x00000000000,0x0000013d1ef,0x000000000,0x00000000,0x00000000,0,0,00000000000000013d1ef0000000000000000000000000
1295,0x00000000000,0x00000000000,0x000000000,0x00000000,0x50f0d044,0,0,000000000000000000000000000000000000050f0d0440
1296,0x00000000000,0x00000000000,0x000000000,0x00000000,0x00000000,0,0,0000000000000000000000000000000000000000000000
1297,0x00000000000,0x00000000000,0x000000000,0x00000000,0x00000000,0,0,0000000000000000000000000000000000000000000000
1298,0x00000000000,0x0000013e1f7,0x000000000,0x00000000,0x00000000,0,0,00000000000000013e1f70000000000000000000000000
1299,0x00000000000,0x00000000000,0x000000000,0x00000000,0x51311044,0,0,0000000000000000000000000000000000000513110440
1300,0x00000000000,0x00000000000,0x000000000,0x00000000,0x00000000,0,0,0000000000000000000000000000000000000000000000
1301,0x00000000000,0x00000000000,0x000000000,0x00000000,0x00000000,0,0,0000000000000000000000000000000000000000000000
1302,0x00000000000,0x0000013f1ff,0x000000000,0x00000000,0x00000000,0,0,00000000000000013f1ff0000000000000000000000000
1303,0x00000000000,0x00000000000,0x000000000,0x00000000,0x51715044,0,0,0000000000000000000000000000000000000517150440
1304,0x00000000000,0x00000000000,0x000000000,0x00000000,0x00000000,0,0,0000000000000000000000000000000000000000000000
1305,0x00000000000,0x00000000000,0x000000000,0x00000000,0x00000000,0,0,0000000000000000000000000000000000000000000000
1306,0x00000000000,0x00000140207,0x000000000,0x00000000,0x00000000,0,0,0000000000000001402070000000000000000000000000
1307,0x00000000000,0x00000000000,0x000000000,0x00000000,0x51b19044,0,0,000000000000000000000000000000000000051b190440
1308,0x00000000000,0x00000000000,0x000000000,0x00000000,0x00000000,0,0,0000000000000000000000000000000000000000000000
1309,0x00000000000,0x00000000000,0x000000000,0x00000000,0x00000000,0,0,0000000000000000000000000000000000000000000000
1310,0x00000000000,0x0000014120f,0x000000000,0x00000000,0x00000000,0,0,00000000000000014120f0000000000000000000000000
1311,0x00000000000,0x00000000000,0x000000000,0x00000000,0x51f1d044,0,0,000000000000000000000000000000000000051f1d0440
1312,0x00000000000,0x00000000000,0x000000000,0x00000000,0x00000000,0,0,0000000000000000000000000000000000000000000000
1313,0x00000000000,0x00000000000,0x000000000,0x00000000,0x00000000,0,0,0000000000000000000000000000000000000000000000
1314,0x00000000000,0x00000142217,0x000000000,0x00000000,0x00000000,0,0,0000000000000001422170000000000000000000000000
1315,0x00000000000,0x00000000000,0x000000000,0x00000000,0x52321044,0,0,0000000000000000000000000000000000000523210440
1316,0x00000000000,0x00000000000,0x000000000,0x00000000,0x00000000,0,0,0000000000000000000000000000000000000000000000
1317,0x00000000000,0x00000000000,0x000000000,0x00000000,0x00000000,0,0,0000000000000000000000000000000000000000000000
1318,0x00000000000,0x0000014321f,0x000000000,0x00000000,0x00000000,0,0,00000000000000014321f0000000000000000000000000
1319,0x00000000000,0x00000000000,0x000000000,0x00000000,0x52725044,0,0,0000000000000000000000000000000000000527250440
1320,0x00000000000,0x00000000000,0x000000000,0x00000000,0x00000000,0,0,0000000000000000000000000000000000000000000000
1321,0x00000000000,0x00000000000,0x000000000,0x00000000,0x00000000,0,0,0000000000000000000000000000000000000000000000
1322,0x00000000000,0x00000144227,0x000000000,0x00000000,0x00000000,0,0,0000000000000001442270000000000000000000000000
1323,0x00000000000,0x00000000000,0x000000000,0x00000000,0x52b29044,0,0,000000000000000000000000000000000000052b290440
1324,0x00000000000,0x00000000000,0x000000000,0x00000000,0x00000000,0,0,0000000000000000000000000000000000000000000000
1325,0x00000000000,0x00000000000,0x000000000,0x00000000,0x00000000,0,0,0000000000000000000000000000000000000000000000
1326,0x00000000000,0x0000014522f,0x000000000,0x00000000,0x00000000,0,0,00000000000000014522f0000000000000000000000000
1327,0x00000000000,0x00000000000,0x000000000,0x00000000,0x52f2d044,0,0,000000000000000000000000000000000000052f2d0440
1328,0x00000000000,0x00000000000,0x000000000,0x00000000,0x00000000,0,0,0000000000000000000000000000000000000000000000
1329,0x00000000000,0x00000000000,0x000000000,0x00000000,0x00000000,0,0,0000000000000000000000000000000000000000000000
1330,0x00000000000,0x00000146237,0x000000000,0x00000000,0x00000000,0,0,0000000000000001462370000000000000000000000000
1331,0x00000000000,0x00000000000,0x000000000,0x00000000,0x53331044,0,0,0000000000000000000000000000000000000533310440
1332,0x00000000000,0x00000000000,0x000000000,0x00000000,0x00000000,0,0,0000000000000000000000000000000000000000000000
1333,0x00000000000,0x00000000000,0x000000000,0x00000000,0x00000000,0,0,0000000000000000000000000000000000000000000000
1334,0x00000000000,0x0000014723f,0x000000000,0x00000000,0x00000000,0,0,00000000000000014723f0000000000000000000000000
1335,0x00000000000,0x00000000000,0x000000000,0x00000000,0x53735044,0,0,0000000000000000000000000000000000000537350440
1336,0x00000000000,0x00000000000,0x000000000,0x00000000,0x00000000,0,0,0000000000000000000000000000000000000000000000
1337,0x00000000000,0x00000000000,0x000000000,0x00000000,0x00000000,0,0,0000000000000000000000000000000000000000000000
1338,0x00000000000,0x00000148247,0x000000000,0x00000000,0x00000000,0,0,0000000000000001482470000000000000000000000000
1339,0x00000000000,0x00000000000,0x000000000,0x00000000,0x53b39044,0,0,000000000000000000000000000000000000053b390440
1340,0x00000000000,0x00000000000,0x000000000,0x00000000,0x00000000,0,0,0000000000000000000000000000000000000000000000
1341,0x00000000000,0x00000000000,0x000000000,0x00000000,0x00000000,0,0,0000000000000000000000000000000000000000000000
1342,0x00000000000,0x0000014924f,0x000000000,0x00000000,0x00000000,0,0,00000000000000014924f0000000000000000000000000
1343,0x00000000000,0x00000000000,0x000000000,0x00000000,0x53f3d044,0,0,000000000000000000000000000000000000053f3d0440
1344,0x00000000000,0x00000000000,0x000000000,0x00000000,0x00000000,0,0,0000000000000000000000000000000000000000000000
1345,0x00000000000,0x00000000000,0x000000000,0x00000000,0x00000000,0,0,0000000000000000000000000000000000000000000000
1346,0x00000000000,0x0000014a257,0x000000000,0x00000000,0x00000000,0,0,00000000000000014a2570000000000000000000000000
1347,0x00000000000,0x00000000000,0x000000000,0x00000000,0x54341044,0,0,0000000000000000000000000000000000000543410440
1348,0x00000000000,0x00000000000,0x000000000,0x00000000,0x00000000,0,0,0000000000000000000000000000000000000000000000
1349,0x00000000000,0x00000000000,0x000000000,0x00000000,0x00000000,0,0,0000000000000000000000000000000000000000000000
1350,0x00000000000,0x0000014b25f,0x000000000,0x00000000,0x00000000,0,0,00000000000000014b25f0000000000000000000000000
1351,0x00000000000,0x00000000000,0x000000000,0x00000000,0x54745044,0,0,0000000000000000000000000000000000000547450440
1352,0x00000000000,0x00000000000,0x000000000,0x00000000,0x00000000,0,0,0000000000000000000000000000000000000000000000
1353,0x00000000000,0x00000000000,0x000000000,0x00000000,0x00000000,0,0,0000000000000000000000000000000000000000000000
1354,0x00000000000,0x0000014c267,0x000000000,0x00000000,0x00000000,0,0,00000000000000014c2670000000000000000000000000
1355,0x00000000000,0x00000000000,0x000000000,0x00000000,0x54b49044,0,0,000000000000000000000000000000000000054b490440
1356,0x00000000000,0x00000000000,0x000000000,0x00000000,0x00000000,0,0,0000000000000000000000000000000000000000000000
1357,0x00000000000,0x00000000000,0x000000000,0x00000000,0x00000000,0,0,0000000000000000000000000000000000000000000000
1358,0x00000000000,0x0000014d26f,0x000000000,0x00000000,0x00000000,0,0,00000000000000014d26f0000000000000000000000000
1359,0x00000000000,0x00000000000,0x000000000,0x00000000,0x54f4d044,0,0,000000000000000000000000000000000000054f4d0440
1360,0x00000000000,0x00000000000,0x000000000,0x00000000,0x00000000,0,0,0000000000000000000000000000000000000000000000
1361,0x00000000000,0x00000000000,0x000000000,0x00000000,0x00000000,0,0,0000000000000000000000000000000000000000000000
1362,0x00000000000,0x0000014e277,0x000000000,0x00000000,0x00000000,0,0,00000000000000014e2770000000000000000000000000
1363,0x00000000000,0x00000000000,0x000000000,0x00000000,0x55351044,0,0,0000000000000000000000000000000000000553510440
1364,0x00000000000,0x00000000000,0x000000000,0x00000000,0x00000000,0,0,0000000000000000000000000000000000000000000000
1365,0x00000000000,0x00000000000,0x000000000,0x00000000,0x00000000,0,0,0000000000000000000000000000000000000000000000
1366,0x00000000000,0x0000014f27f,0x000000000,0x00000000,0x00000000,0,0,00000000000000014f27f0000000000000000000000000
1367,0x00000000000,0x00000000000,0x000000000,0x00000000,0x55755044,0,0,0000000000000000000000000000000000000557550440
1368,0x00000000000,0x00000000000,0x000000000,0x00000000,0x00000000,0,0,0000000000000000000000000000000000000000000000
1369,0x00000000000,0x00000000000,0x000000000,0x00000000,0x00000000,0,0,0000000000000000000000000000000000000000000000
1370,0x00000000000,0x00000150287,0x000000000,0x00000000,0x00000000,0,0,0000000000000001502870000000000000000000000000
1371,0x00000000000,0x00000000000,0x000000000,0x00000000,0x55b59044,0,0,000000000000000000000000000000000000055b590440
1372,0x00000000000,0x00000000000,0x000000000,0x00000000,0x00000000,0,0,0000000000000000000000000000000000000000000000
1373,0x00000000000,0x00000000000,0x000000000,0x00000000,0x00000000,0,0,0000000000000000000000000000000000000000000000
1374,0x00000000000,0x0000015128f,0x000000000,0x00000000,0x00000000,0,0,00000000000000015128f0000000000000000000000000
1375,0x00000000000,0x00000000000,0x000000000,0x00000000,0x55f5d044,0,0,000000000000000000000000000000000000055f5d0440
1376,0x00000000000,0x00000000000,0x000000000,0x00000000,0x00000000,0,0,0000000000000000000000000000000000000000000000
1377,0x00000000000,0x00000000000,0x000000000,0x00000000,0x00000000,0,0,0000000000000000000000000000000000000000000000
1378,0x00000000000,0x00000152297,0x000000000,0x00000000,0x00000000,0,0,0000000000000001522970000000000000000000000000
1379,0x00000000000,0x00000000000,0x000000000,0x00000000,0x56361044,0,0,0000000000000000000000000000000000000563610440
1380,0x00000000000,0x00000000000,0x000000000,0x00000000,0x00000000,0,0,0000000000000000000000000000000000000000000000
1381,0x00000000000,0x00000000000,0x000000000,0x00000000,0x00000000,0,0,0000000000000000000000000000000000000000000000
1382,0x00000000000,0x0000015329f,0x000000000,0x00000000,0x00000000,0,0,00000000000000015329f0000000000000000000000000
1383,0x00000000000,0x00000000000,0x000000000,0x00000000,0x56765044,0,0,0000000000000000000000000000000000000567650440
1384,0x00000000000,0x00000000000,0x000000000,0x00000000,0x00000000,0,0,0000000000000000000000000000000000000000000000
1385,0x00000000000,0x00000000000,0x000000000,0x00000000,0x00000000,0,0,0000000000000000000000000000000000000000000000
1386,0x00000000000,0x000001542a7,0x000000000,0x00000000,0x00000000,0,0,0000000000000001542a70000000000000000000000000
1387,0x00000000000,0x00000000000,0x000000000,0x00000000,0x56b69044,0,0,000000000000000000000000000000000000056b690440
1388,0x00000000000,0x00000000000,0x000000000,0x00000000,0x00000000,0,0,0000000000000000000000000000000000000000000000
1389,0x00000000000,0x00000000000,0x000000000,0x00000000,0x00000000,0,0,0000000000000000000000000000000000000000000000
1390,0x00000000000,0x000001552af,0x000000000,0x00000000,0x00000000,0,0,0000000000000001552af0000000000000000000000000
1391,0x00000000000,0x00000000000,0x000000000,0x00000000,0x56f6d044,0,0,000000000000000000000000000000000000056f6d0440
1392,0x00000000000,0x00000000000,0x000000000,0x00000000,0x00000000,0,0,0000000000000000000000000000000000000000000000
1393,0x00000000000,0x00000000000,0x000000000,0x00000000,0x00000000,0,0,0000000000000000000000000000000000000000000000
1394,0x00000000000,0x000001562b7,0x000000000,0x00000000,0x00000000,0,0,0000000000000001562b70000000000000000000000000
1395,0x00000000000,0x00000000000,0x000000000,0x00000000,0x57371044,0,0,0000000000000000000000000000000000000573710440
1396,0x00000000000,0x00000000000,0x000000000,0x00000000,0x00000000,0,0,0000000000000000000000000000000000000000000000
1397,0x00000000000,0x00000000000,0x000000000,0x00000000,0x00000000,0,0,0000000000000000000000000000000000000000000000
1398,0x00000000000,0x000001572bf,0x000000000,0x00000000,0x00000000,0,0,0000000000000001572bf0000000000000000000000000
1399,0x00000000000,0x00000000000,0x000000000,0x00000000,0x57775044,0,0,0000000000000000000000000000000000000577750440
1400,0x00000000000,0x00000000000,0x000000000,0x00000000,0x00000000,0,0,0000000000000000000000000000000000000000000000
1401,0x00000000000,0x00000000000,0x000000000,0x00000000,0x00000000,0,0,0000000000000000000000000000000000000000000000
1402,0x00000000000,0x000001582c7,0x000000000,0x00000000,0x00000000,0,0,0000000000000001582c70000000000000000000000000
1403,0x00000000000,0x00000000000,0x000000000,0x00000000,0x57b79044,0,0,000000000000000000000000000000000000057b790440
1404,0x00000000000,0x00000000000,0x000000000,0x00000000,0x00000000,0,0,0000000000000000000000000000000000000000000000
1405,0x00000000000,0x00000000000,0x000000000,0x00000000,0x00000000,0,0,0000000000000000000000000000000000000000000000
1406,0x00000000000,0x000001592cf,0x000000000,0x00000000,0x00000000,0,0,0000000000000001592cf0000000000000000000000000
1407,0x00000000000,0x00000000000,0x000000000,0x00000000,0x57f7d044,0,0,000000000000000000000000000000000000057f7d0440
1408,0x00000000000,0x00000000000,0x000000000,0x00000000,0x00000000,0,0,0000000000000000000000000000000000000000000000
1409,0x00000000000,0x00000000000,0x000000000,0x00000000,0x00000000,0,0,0000000000000000000000000000000000000000000000
1410,0x00000000000,0x0000015a2d7,0x000000000,0x00000000,0x00000000,0,0,00000000000000015a2d70000000000000000000000000
1411,0x00000000000,0x00000000000,0x000000000,0x00000000,0x58381044,0,0,0000000000000000000000000000000000000583810440
1412,0x00000000000,0x00000000000,0x000000000,0x00000000,0x00000000,0,0,0000000000000000000000000000000000000000000000
1413,0x00000000000,0x00000000000,0x000000000,0x00000000,0x00000000,0,0,0000000000000000000000000000000000000000000000
1414,0x00000000000,0x0000015b2df,0x000000000,0x00000000,0x00000000,0,0,00000000000000015b2df0000000000000000000000000
1415,0x00000000000,0x00000000000,0x000000000,0x00000000,0x58785044,0,0,0000000000000000000000000000000000000587850440
1416,0x00000000000,0x00000000000,0x000000000,0x00000000,0x00000000,0,0,0000000000000000000000000000000000000000000000
1417,0x00000000000,0x00000000000,0x000000000,0x00000000,0x00000000,0,0,0000000000000000000000000000000000000000000000
1418,0x00000000000,0x0000015c2e7,0x000000000,0x00000000,0x00000000,0,0,00000000000000015c2e70000000000000000000000000
1419,0x00000000000,0x00000000000,0x000000000,0x00000000,0x58b89044,0,0,000000000000000000000000000000000000058b890440
1420,0x00000000000,0x00000000000,0x000000000,0x00000000,0x00000000,0,0,0000000000000000000000000000000000000000000000
1421,0x00000000000,0x00000000000,0x000000000,0x00000000,0x00000000,0,0,0000000000000000000000000000000000000000000000
1422,0x00000000000,0x0000015d2ef,0x000000000,0x00000000,0x00000000,0,0,00000000000000015d2ef0000000000000000000000000
1423,0x00000000000,0x00000000000,0x000000000,0x00000000,0x58f8d044,0,0,000000000000000000000000000000000000058f8d0440
1424,0x00000000000,0x00000000000,0x000000000,0x00000000,0x00000000,0,0,0000000000000000000000000000000000000000000000
1425,0x00000000000,0x00000000000,0x000000000,0x00000000,0x00000000,0,0,0000000000000000000000000000000000000000000000
1426,0x00000000000,0x0000015e2f7,0x000000000,0x00000000,0x00000000,0,0,00000000000000015e2f70000000000000000000000000
1427,0x00000000000,0x00000000000,0x000000000,0x00000000,0x59391044,0,0,0000000000000000000000000000000000000593910440
1428,0x00000000000,0x00000000000,0x000000000,0x00000000,0x00000000,0,0,0000000000000000000000000000000000000000000000
1429,0x00000000000,0x00000000000,0x000000000,0x00000000,0x00000000,0,0,0000000000000000000000000000000000000000000000
1430,0x00000000000,0x0000015f2ff,0x000000000,0x00000000,0x00000000,0,0,00000000000000015f2ff0000000000000000000000000
1431,0x00000000000,0x00000000000,0x000000000,0x00000000,0x59795044,0,0,0000000000000000000000000000000000000597950440
1432,0x00000000000,0x00000000000,0x000000000,0x00000000,0x00000000,0,0,0000000000000000000000000000000000000000000000
1433,0x00000000000,0x00000000000,0x000000000,0x00000000,0x00000000,0,0,0000000000000000000000000000000000000000000000
1434,0x00000000000,0x00000160307,0x000000000,0x00000000,0x00000000,0,0,0000000000000001603070000000000000000000000000
1435,0x00000000000,0x00000000000,0x000000000,0x00000000,0x59b99044,0,0,000000000000000000000000000000000000059b990440
1436,0x00000000000,0x00000000000,0x000000000,0x00000000,0x00000000,0,0,0000000000000000000000000000000000000000000000
1437,0x00000000000,0x00000000000,0x000000000,0x00000000,0x00000000,0,0,0000000000000000000000000000000000000000000000
1438,0x00000000000,0x0000016130f,0x000000000,0x00000000,0x00000000,0,0,00000000000000016130f0000000000000000000000000
1439,0x00000000000,0x00000000000,0x000000000,0x00000000,0x59f9d044,0,0,000000000000000000000000000000000000059f9d0440
1440,0x00000000000,0x00000000000,0x000000000,0x00000000,0x00000000,0,0,0000000000000000000000000000000000000000000000
1441,0x00000000000,0x00000000000,0x000000000,0x00000000,0x00000000,0,0,0000000000000000000000000000000000000000000000
1442,0x00000000000,0x00000162317,0x000000000,0x00000000,0x00000000,0,0,0000000000000001623170000000000000000000000000
1443,0x00000000000,0x00000000000,0x000000000,0x00000000,0x5a3a1044,0,0,00000000000000000000000000000000000005a3a10440
1444,0x00000000000,0x00000000000,0x000000000,0x00000000,0x00000000,0,0,0000000000000000000000000000000000000000000000
1445,0x00000000000,0x00000000000,0x000000000,0x00000000,0x00000000,0,0,0000000000000000000000000000000000000000000000
1446,0x00000000000,0x0000016331f,0x000000000,0x00000000,0x00000000,0,0,00000000000000016331f0000000000000000000000000
1447,0x00000000000,0x00000000000,0x000000000,0x00000000,0x5a7a5044,0,0,00000000000000000000000000000000000005a7a50440
1448,0x00000000000,0x00000000000,0x000000000,0x00000000,0x00000000,0,0,0000000000000000000000000000000000000000000000
1449,0x00000000000,0x00000000000,0x000000000,0x00000000,0x00000000,0,0,0000000000000000000000000000000000000000000000
1450,0x00000000000,0x00000164327,0x000000000,0x00000000,0x00000000,0,0,0000000000000001643270000000000000000000000000
1451,0x00000000000,0x00000000000,0x000000000,0x00000000,0x5aba9044,0,0,00000000000000000000000000000000000005aba90440
1452,0x00000000000,0x00000000000,0x000000000,0x00000000,0x00000000,0,0,0000000000000000000000000000000000000000000000
1453,0x00000000000,0x00000000000,0x000000000,0x00000000,0x00000000,0,0,0000000000000000000000000000000000000000000000
1454,0x00000000000,0x0000016532f,0x000000000,0x00000000,0x00000000,0,0,00000000000000016532f0000000000000000000000000
1455,0x00000000000,0x00000000000,0x000000000,0x00000000,0x5afad044,0,0,00000000000000000000000000000000000005afad0440
1456,0x00000000000,0x00000000000,0x000000000,0x00000000,0x00000000,0,0,0000000000000000000000000000000000000000000000
1457,0x00000000000,0x00000000000,0x000000000,0x00000000,0x00000000,0,0,0000000000000000000000000000000000000000000000
1458,0x00000000000,0x00000166337,0x000000000,0x00000000,0x00000000,0,0,0000000000000001663370000000000000000000000000
1459,0x00000000000,0x00000000000,0x000000000,0x00000000,0x5b3b1044,0,0,00000000000000000000000000000000000005b3b10440
1460,0x00000000000,0x00000000000,0x000000000,0x00000000,0x00000000,0,0,0000000000000000000000000000000000000000000000
1461,0x00000000000,0x00000000000,0x000000000,0x00000000,0x00000000,0,0,0000000000000000000000000000000000000000000000
1462,0x00000000000,0x0000016733f,0x000000000,0x00000000,0x00000000,0,0,00000000000000016733f0000000000000000000000000
1463,0x00000000000,0x00000000000,0x000000000,0x00000000,0x5b7b5044,0,0,00000000000000000000000000000000000005b7b50440
1464,0x00000000000,0x00000000000,0x000000000,0x00000000,0x00000000,0,0,0000000000000000000000000000000000000000000000
1465,0x00000000000,0x00000000000,0x000000000,0x00000000,0x00000000,0,0,0000000000000000000000000000000000000000000000
1466,0x00000000000,0x00000168347,0x000000000,0x00000000,0x00000000,0,0,0000000000000001683470000000000000000000000000
1467,0x00000000000,0x00000000000,0x000000000,0x00000000,0x5bbb9044,0,0,00000000000000000000000000000000000005bbb90440
1468,0x00000000000,0x00000000000,0x000000000,0x00000000,0x00000000,0,0,0000000000000000000000000000000000000000000000
1469,0x00000000000,0x00000000000,0x000000000,0x00000000,0x00000000,0,0,0000000000000000000000000000000000000000000000
1470,0x00000000000,0x0000016934f,0x000000000,0x00000000,0x00000000,0,0,00000000000000016934f0000000000000000000000000
1471,0x00000000000,0x00000000000,0x000000000,0x00000000,0x5bfbd044,0,0,00000000000000000000000000000000000005bfbd0440
1472,0x00000000000,0x00000000000,0x000000000,0x00000000,0x00000000,0,0,0000000000000000000000000000000000000000000000
1473,0x00000000000,0x00000000000,0x000000000,0x00000000,0x00000000,0,0,0000000000000000000000000000000000000000000000
1474,0x00000000000,0x0000016a357,0x000000000,0x00000000,0x00000000,0,0,00000000000000016a3570000000000000000000000000
1475,0x00000000000,0x00000000000,0x000000000,0x00000000,0x5c3c1044,0,0,00000000000000000000000000000000000005c3c10440
1476,0x00000000000,0x00000000000,0x000000000,0x00000000,0x00000000,0,0,0000000000000000000000000000000000000000000000
1477,0x00000000000,0x00000000000,0x000000000,0x00000000,0x00000000,0,0,0000000000000000000000000000000000000000000000
1478,0x00000000000,0x0000016b35f,0x000000000,0x00000000,0x00000000,0,0,00000000000000016b35f0000000000000000000000000
1479,0x00000000000,0x00000000000,0x000000000,0x00000000,0x5c7c5044,0,0,00000000000000000000000000000000000005c7c50440
1480,0x00000000000,0x00000000000,0x000000000,0x00000000,0x00000000,0,0,0000000000000000000000000000000000000000000000
1481,0x00000000000,0x00000000000,0x000000000,0x00000000,0x00000000,0,0,0000000000000000000000000000000000000000000000
1482,0x00000000000,0x0000016c367,0x000000000,0x00000000,0x00000000,0,0,00000000000000016c3670000000000000000000000000
1483,0x00000000000,0x00000000000,0x000000000,0x00000000,0x5cbc9044,0,0,00000000000000000000000000000000000005cbc90440
1484,0x00000000000,0x00000000000,0x000000000,0x00000000,0x00000000,0,0,0000000000000000000000000000000000000000000000
1485,0x00000000000,0x00000000000,0x000000000,0x00000000,0x00000000,0,0,0000000000000000000000000000000000000000000000
1486,0x00000000000,0x0000016d36f,0x000000000,0x00000000,0x00000000,0,0,00000000000000016d36f0000000000000000000000000
1487,0x00000000000,0x00000000000,0x000000000,0x00000000,0x5cfcd044,0,0,00000000000000000000000000000000000005cfcd0440
1488,0x00000000000,0x00000000000,0x000000000,0x00000000,0x00000000,0,0,0000000000000000000000000000000000000000000000
1489,0x00000000000,0x00000000000,0x000000000,0x00000000,0x00000000,0,0,0000000000000000000000000000000000000000000000
1490,0x00000000000,0x0000016e377,0x000000000,0x00000000,0x00000000,0,0,00000000000000016e3770000000000000000000000000
1491,0x00000000000,0x00000000000,0x000000000,0x00000000,0x5d3d1044,0,0,00000000000000000000000000000000000005d3d10440
1492,0x00000000000,0x00000000000,0x000000000,0x00000000,0x00000000,0,0,0000000000000000000000000000000000000000000000
1493,0x00000000000,0x00000000000,0x000000000,0x00000000,0x00000000,0,0,0000000000000000000000000000000000000000000000
1494,0x00000000000,0x0000016f37f,0x000000000,0x00000000,0x00000000,0,0,00000000000000016f37f0000000000000000000000000
1495,0x00000000000,0x00000000000,0x000000000,0x00000000,0x5d7d5044,0,0,00000000000000000000000000000000000005d7d50440
1496,0x00000000000,0x00000000000,0x000000000,0x00000000,0x00000000,0,0,0000000000000000000000000000000000000000000000
1497,0x00000000000,0x00000000000,0x000000000,0x00000000,0x00000000,0,0,0000000000000000000000000000000000000000000000
1498,0x00000000000,0x00000170387,0x000000000,0x00000000,0x00000000,0,0,0000000000000001703870000000000000000000000000
1499,0x00000000000,0x00000000000,0x000000000,0x00000000,0x5dbd9044,0,0,00000000000000000000000000000000000005dbd90440
1500,0x00000000000,0x00000000000,0x000000000,0x00000000,0x00000000,0,0,0000000000000000000000000000000000000000000000
1501,0x00000000000,0x00000000000,0x000000000,0x00000000,0x00000000,0,0,0000000000000000000000000000000000000000000000
1502,0x00000000000,0x0000017138f,0x000000000,0x00000000,0x00000000,0,0,00000000000000017138f0000000000000000000000000
1503,0x00000000000,0x00000000000,0x000000000,0x00000000,0x5dfdd044,0,0,00000000000000000000000000000000000005dfdd0440
1504,0x00000000000,0x00000000000,0x000000000,0x00000000,0x00000000,0,0,0000000000000000000000000000000000000000000000
1505,0x00000000000,0x00000000000,0x000000000,0x00000000,0x00000000,0,0,0000000000000000000000000000000000000000000000
1506,0x00000000000,0x00000172397,0x000000000,0x00000000,0x00000000,0,0,0000000000000001723970000000000000000000000000
1507,0x00000000000,0x00000000000,0x000000000,0x00000000,0x5e3e1044,0,0,00000000000000000000000000000000000005e3e10440
1508,0x00000000000,0x00000000000,0x000000000,0x00000000,0x00000000,0,0,0000000000000000000000000000000000000000000000
1509,0x00000000000,0x00000000000,0x000000000,0x00000000,0x00000000,0,0,0000000000000000000000000000000000000000000000
1510,0x00000000000,0x0000017339f,0x000000000,0x00000000,0x00000000,0,0,00000000000000017339f0000000000000000000000000
1511,0x00000000000,0x00000000000,0x000000000,0x00000000,0x5e7e5044,0,0,00000000000000000000000000000000000005e7e50440
1512,0x00000000000,0x00000000000,0x000000000,0x00000000,0x00000000,0,0,0000000000000000000000000000000000000000000000
1513,0x00000000000,0x00000000000,0x000000000,0x00000000,0x00000000,0,0,0000000000000000000000000000000000000000000000
1514,0x00000000000,0x000001743a7,0x000000000,0x00000000,0x00000000,0,0,0000000000000001743a70000000000000000000000000
1515,0x00000000000,0x00000000000,0x000000000,0x00000000,0x5ebe9044,0,0,00000000000000000000000000000000000005ebe90440
1516,0x00000000000,0x00000000000,0x000000000,0x00000000,0x00000000,0,0,0000000000000000000000000000000000000000000000
1517,0x00000000000,0x00000000000,0x000000000,0x00000000,0x00000000,0,0,0000000000000000000000000000000000000000000000
1518,0x00000000000,0x000001753af,0x000000000,0x00000000,0x00000000,0,0,0000000000000001753af0000000000000000000000000
1519,0x00000000000,0x00000000000,0x000000000,0x00000000,0x5efed044,0,0,00000000000000000000000000000000000005efed0440
1520,0x00000000000,0x00000000000,0x000000000,0x00000000,0x00000000,0,0,0000000000000000000000000000000000000000000000
1521,0x00000000000,0x00000000000,0x000000000,0x00000000,0x00000000,0,0,0000000000000000000000000000000000000000000000
1522,0x00000000000,0x000001763b7,0x000000000,0x00000000,0x00000000,0,0,0000000000000001763b70000000000000000000000000
1523,0x00000000000,0x00000000000,0x000000000,0x00000000,0x5f3f1044,0,0,00000000000000000000000000000000000005f3f10440
1524,0x00000000000,0x00000000000,0x000000000,0x00000000,0x00000000,0,0,0000000000000000000000000000000000000000000000
1525,0x00000000000,0x00000000000,0x000000000,0x00000000,0x00000000,0,0,0000000000000000000000000000000000000000000000
1526,0x00000000000,0x000001773bf,0x000000000,0x00000000,0x00000000,0,0,0000000000000001773bf0000000000000000000000000
1527,0x00000000000,0x00000000000,0x000000000,0x00000000,0x5f7f5044,0,0,00000000000000000000000000000000000005f7f50440
1528,0x00000000000,0x00000000000,0x000000000,0x00000000,0x00000000,0,0,0000000000000000000000000000000000000000000000
1529,0x00000000000,0x00000000000,0x000000000,0x00000000,0x00000000,0,0,0000000000000000000000000000000000000000000000
1530,0x00000000000,0x000001783c7,0x000000000,0x00000000,0x00000000,0,0,0000000000000001783c70000000000000000000000000
1531,0x00000000000,0x00000000000,0x000000000,0x00000000,0x5fbf9044,0,0,00000000000000000000000000000000000005fbf90440
1532,0x00000000000,0x00000000000,0x000000000,0x00000000,0x00000000,0,0,0000000000000000000000000000000000000000000000
1533,0x00000000000,0x00000000000,0x000000000,0x00000000,0x00000000,0,0,0000000000000000000000000000000000000000000000
1534,0x00000000000,0x000001793cf,0x000000000,0x00000000,0x00000000,0,0,0000000000000001793cf0000000000000000000000000
1535,0x00000000000,0x00000000000,0x000000000,0x00000000,0x5fffd044,0,0,00000000000000000000000000000000000005fffd0440
1536,0x00000000000,0x00000000000,0x000000000,0x00000000,0x00000000,0,0,0000000000000000000000000000000000000000000000
1537,0x00000000000,0x00000000000,0x000000000,0x00000000,0x00000000,0,0,0000000000000000000000000000000000000000000000
1538,0x00000000000,0x0000017a3d7,0x000000000,0x00000000,0x00000000,0,0,00000000000000017a3d70000000000000000000000000
1539,0x00000000000,0x00000000000,0x000000000,0x00000000,0x00000000,0,0,0000000000000000000000000000000000000000000000
1540,0x00000000000,0x00000000000,0x000000000,0x00000000,0x00000000,0,0,0000000000000000000000000000000000000000000000
1541,0x00000000000,0x00000000000,0x000000000,0x00000000,0x00000000,0,0,0000000000000000000000000000000000000000000000
1542,0x00000000000,0x0000017b3df,0x000000000,0x00000000,0x00000000,0,0,00000000000000017b3df0000000000000000000000000
1543,0x00000000000,0x00000000000,0x000000000,0x00000000,0x00000000,0,0,0000000000000000000000000000000000000000000000
1544,0x00000000000,0x00000000000,0x000000000,0x00000000,0x00000000,0,0,0000000000000000000000000000000000000000000000
1545,0x00000000000,0x00000000000,0x000000000,0x00000000,0x00000000,0,0,0000000000000000000000000000000000000000000000
1546,0x00000000000,0x0000017c3e7,0x000000000,0x00000000,0x00000000,0,0,00000000000000017c3e70000000000000000000000000
1547,0x00000000000,0x00000000000,0x000000000,0x00000000,0x00000000,0,0,0000000000000000000000000000000000000000000000
1548,0x00000000000,0x00000000000,0x000000000,0x00000000,0x00000000,0,0,0000000000000000000000000000000000000000000000
1549,0x00000000000,0x00000000000,0x000000000,0x00000000,0x00000000,0,0,0000000000000000000000000000000000000000000000
1550,0x00000000000,0x0000017d3ef,0x000000000,0x00000000,0x00000000,0,0,00000000000000017d3ef0000000000000000000000000
1551,0x00000000000,0x00000000000,0x000000000,0x00000000,0x00000000,0,0,0000000000000000000000000000000000000000000000
1552,0x00000000000,0x00000000000,0x000000000,0x00000000,0x00000000,0,0,0000000000000000000000000000000000000000000000
1553,0x00000000000,0x00000000000,0x000000000,0x00000000,0x00000000,0,0,0000000000000000000000000000000000000000000000
1554,0x00000000000,0x0000017e3f7,0x000000000,0x00000000,0x00000000,0,0,00000000000000017e3f70000000000000000000000000
1555,0x00000000000,0x00000000000,0x000000000,0x00000000,0x00000000,0,0,0000000000000000000000000000000000000000000000
1556,0x00000000000,0x00000000000,0x000000000,0x00000000,0x00000000,0,0,0000000000000000000000000000000000000000000000
1557,0x00000000000,0x00000000000,0x000000000,0x00000000,0x00000000,0,0,0000000000000000000000000000000000000000000000
1558,0x00000000000,0x0000017f3ff,0x000000000,0x00000000,0x00000000,0,0,00000000000000017f3ff0000000000000000000000000
1559,0x00000000000,0x00000000000,0x000000000,0x00000000,0x00000000,0,1,0000000000000000000000000000000000000000000001
