t,borrow,dst,src,is_vector,rounds,optype
0,00,00000000,00000000,0,00000000,0000
1,00,00000000,00000000,0,00000000,0000
2,00,00000000,00000000,0,00000000,0000
3,10,00000001,00000000,1,00000100,0100
4,00,00000000,00000000,0,00000000,0000
5,00,00000000,00000000,0,00000000,0000
6,00,00000000,00000000,0,00000000,0000
7,10,00000011,00000010,1,00000100,0100
8,00,00000000,00000000,0,00000000,0000
9,00,00000000,00000000,0,00000000,0000
10,00,00000000,00000000,0,00000000,0000
11,10,00000101,00000100,1,00000100,0100
12,00,00000000,00000000,0,00000000,0000
13,00,00000000,00000000,0,00000000,0000
14,00,00000000,00000000,0,00000000,0000
15,10,00000111,00000110,1,00000100,0100
16,00,00000000,00000000,0,00000000,0000
17,00,00000000,00000000,0,00000000,0000
18,00,00000000,00000000,0,00000000,0000
19,10,00001001,00001000,1,00000100,0100
20,00,00000000,00000000,0,00000000,0000
21,00,00000000,00000000,0,00000000,0000
22,00,00000000,00000000,0,00000000,0000
23,10,00001011,00001010,1,00000100,0100
24,00,00000000,00000000,0,00000000,0000
25,00,00000000,00000000,0,00000000,0000
26,00,00000000,00000000,0,00000000,0000
27,10,00001101,00001100,1,00000100,0100
28,00,00000000,00000000,0,00000000,0000
29,00,00000000,00000000,0,00000000,0000
30,00,00000000,00000000,0,00000000,0000
31,10,00001111,00001110,1,00000100,0100
32,00,00000000,00000000,0,00000000,0000
33,00,00000000,00000000,0,00000000,0000
34,00,00000000,00000000,0,00000000,0000
35,10,00010001,00010000,1,00000100,0100
36,00,00000000,00000000,0,00000000,0000
37,00,00000000,00000000,0,00000000,0000
38,00,00000000,00000000,0,00000000,0000
39,10,00010011,00010010,1,00000100,0100
40,00,00000000,00000000,0,00000000,0000
41,00,00000000,00000000,0,00000000,0000
42,00,00000000,00000000,0,00000000,0000
43,10,00010101,00010100,1,00000100,0100
44,00,00000000,00000000,0,00000000,0000
45,00,00000000,00000000,0,00000000,0000
46,00,00000000,00000000,0,00000000,0000
47,10,00010111,00010110,1,00000100,0100
48,00,00000000,00000000,0,00000000,0000
49,00,00000000,00000000,0,00000000,0000
50,00,00000000,00000000,0,00000000,0000
51,10,00011001,00011000,1,00000100,0100
52,00,00000000,00000000,0,00000000,0000
53,00,00000000,00000000,0,00000000,0000
54,00,00000000,00000000,0,00000000,0000
55,10,00011011,00011010,1,00000100,0100
56,00,00000000,00000000,0,00000000,0000
57,00,00000000,00000000,0,00000000,0000
58,00,00000000,00000000,0,00000000,0000
59,10,00011101,00011100,1,00000100,0100
60,00,00000000,00000000,0,00000000,0000
61,00,00000000,00000000,0,00000000,0000
62,00,00000000,00000000,0,00000000,0000
63,10,00011111,00011110,1,00000100,0100
64,00,00000000,00000000,0,00000000,0000
65,00,00000000,00000000,0,00000000,0000
66,00,00000000,00000000,0,00000000,0000
67,10,00100001,00100000,1,00000100,0100
68,00,00000000,00000000,0,00000000,0000
69,00,00000000,00000000,0,00000000,0000
70,00,00000000,00000000,0,00000000,0000
71,10,00100011,00100010,1,00000100,0100
72,00,00000000,00000000,0,00000000,0000
73,00,00000000,00000000,0,00000000,0000
74,00,00000000,00000000,0,00000000,0000
75,10,00100101,00100100,1,00000100,0100
76,00,00000000,00000000,0,00000000,0000
77,00,00000000,00000000,0,00000000,0000
78,00,00000000,00000000,0,00000000,0000
79,10,00100111,00100110,1,00000100,0100
80,00,00000000,00000000,0,00000000,0000
81,00,00000000,00000000,0,00000000,0000
82,00,00000000,00000000,0,00000000,0000
83,10,00101001,00101000,1,00000100,0100
84,00,00000000,00000000,0,00000000,0000
85,00,00000000,00000000,0,00000000,0000
86,00,00000000,00000000,0,00000000,0000
87,10,00101011,00101010,1,00000100,0100
88,00,00000000,00000000,0,00000000,0000
89,00,00000000,00000000,0,00000000,0000
90,00,00000000,00000000,0,00000000,0000
91,10,00101101,00101100,1,00000100,0100
92,00,00000000,00000000,0,00000000,0000
93,00,00000000,00000000,0,00000000,0000
94,00,00000000,00000000,0,00000000,0000
95,10,00101111,00101110,1,00000100,0100
96,00,00000000,00000000,0,00000000,0000
97,00,00000000,00000000,0,00000000,0000
98,00,00000000,00000000,0,00000000,0000
99,10,00110001,00110000,1,00000100,0100
100,00,00000000,00000000,0,00000000,0000
101,00,00000000,00000000,0,00000000,0000
102,00,00000000,00000000,0,00000000,0000
103,10,00110011,00110010,1,00000100,0100
104,00,00000000,00000000,0,00000000,0000
105,00,00000000,00000000,0,00000000,0000
106,00,00000000,00000000,0,00000000,0000
107,10,00110101,00110100,1,00000100,0100
108,00,00000000,00000000,0,00000000,0000
109,00,00000000,00000000,0,00000000,0000
110,00,00000000,00000000,0,00000000,0000
111,10,00110111,00110110,1,00000100,0100
112,00,00000000,00000000,0,00000000,0000
113,00,00000000,00000000,0,00000000,0000
114,00,00000000,00000000,0,00000000,0000
115,10,00111001,00111000,1,00000100,0100
116,00,00000000,00000000,0,00000000,0000
117,00,00000000,00000000,0,00000000,0000
118,00,00000000,00000000,0,00000000,0000
119,10,00111011,00111010,1,00000100,0100
120,00,00000000,00000000,0,00000000,0000
121,00,00000000,00000000,0,00000000,0000
122,00,00000000,00000000,0,00000000,0000
123,10,00111101,00111100,1,00000100,0100
124,00,00000000,00000000,0,00000000,0000
125,00,00000000,00000000,0,00000000,0000
126,00,00000000,00000000,0,00000000,0000
127,10,00111111,00111110,1,00000100,0100
128,00,00000000,00000000,0,00000000,0000
129,00,00000000,00000000,0,00000000,0000
130,00,00000000,00000000,0,00000000,0000
131,10,01000001,01000000,1,00000100,0100
132,00,00000000,00000000,0,00000000,0000
133,00,00000000,00000000,0,00000000,0000
134,00,00000000,00000000,0,00000000,0000
135,10,01000011,01000010,1,00000100,0100
136,00,00000000,00000000,0,00000000,0000
137,00,00000000,00000000,0,00000000,0000
138,00,00000000,00000000,0,00000000,0000
139,10,01000101,01000100,1,00000100,0100
140,00,00000000,00000000,0,00000000,0000
141,00,00000000,00000000,0,00000000,0000
142,00,00000000,00000000,0,00000000,0000
143,10,01000111,01000110,1,00000100,0100
144,00,00000000,00000000,0,00000000,0000
145,00,00000000,00000000,0,00000000,0000
146,00,00000000,00000000,0,00000000,0000
147,10,01001001,01001000,1,00000100,0100
148,00,00000000,00000000,0,00000000,0000
149,00,00000000,00000000,0,00000000,0000
150,00,00000000,00000000,0,00000000,0000
151,10,01001011,01001010,1,00000100,0100
152,00,00000000,00000000,0,00000000,0000
153,00,00000000,00000000,0,00000000,0000
154,00,00000000,00000000,0,00000000,0000
155,10,01001101,01001100,1,00000100,0100
156,00,00000000,00000000,0,00000000,0000
157,00,00000000,00000000,0,00000000,0000
158,00,00000000,00000000,0,00000000,0000
159,10,01001111,01001110,1,00000100,0100
160,00,00000000,00000000,0,00000000,0000
161,00,00000000,00000000,0,00000000,0000
162,00,00000000,00000000,0,00000000,0000
163,10,01010001,01010000,1,00000100,0100
164,00,00000000,00000000,0,00000000,0000
165,00,00000000,00000000,0,00000000,0000
166,00,00000000,00000000,0,00000000,0000
167,10,01010011,01010010,1,00000100,0100
168,00,00000000,00000000,0,00000000,0000
169,00,00000000,00000000,0,00000000,0000
170,00,00000000,00000000,0,00000000,0000
171,10,01010101,01010100,1,00000100,0100
172,00,00000000,00000000,0,00000000,0000
173,00,00000000,00000000,0,00000000,0000
174,00,00000000,00000000,0,00000000,0000
175,10,01010111,01010110,1,00000100,0100
176,00,00000000,00000000,0,00000000,0000
177,00,00000000,00000000,0,00000000,0000
178,00,00000000,00000000,0,00000000,0000
179,10,01011001,01011000,1,00000100,0100
180,00,00000000,00000000,0,00000000,0000
181,00,00000000,00000000,0,00000000,0000
182,00,00000000,00000000,0,00000000,0000
183,10,01011011,01011010,1,00000100,0100
184,00,00000000,00000000,0,00000000,0000
185,00,00000000,00000000,0,00000000,0000
186,00,00000000,00000000,0,00000000,0000
187,10,01011101,01011100,1,00000100,0100
188,00,00000000,00000000,0,00000000,0000
189,00,00000000,00000000,0,00000000,0000
190,00,00000000,00000000,0,00000000,0000
191,10,01011111,01011110,1,00000100,0100
192,00,00000000,00000000,0,00000000,0000
193,00,00000000,00000000,0,00000000,0000
194,00,00000000,00000000,0,00000000,0000
195,10,01100001,01100000,1,00000100,0100
196,00,00000000,00000000,0,00000000,0000
197,00,00000000,00000000,0,00000000,0000
198,00,00000000,00000000,0,00000000,0000
199,10,01100011,01100010,1,00000100,0100
200,00,00000000,00000000,0,00000000,0000
201,00,00000000,00000000,0,00000000,0000
202,00,00000000,00000000,0,00000000,0000
203,10,01100101,01100100,1,00000100,0100
204,00,00000000,00000000,0,00000000,0000
205,00,00000000,00000000,0,00000000,0000
206,00,00000000,00000000,0,00000000,0000
207,10,01100111,01100110,1,00000100,0100
208,00,00000000,00000000,0,00000000,0000
209,00,00000000,00000000,0,00000000,0000
210,00,00000000,00000000,0,00000000,0000
211,10,01101001,01101000,1,00000100,0100
212,00,00000000,00000000,0,00000000,0000
213,00,00000000,00000000,0,00000000,0000
214,00,00000000,00000000,0,00000000,0000
215,10,01101011,01101010,1,00000100,0100
216,00,00000000,00000000,0,00000000,0000
217,00,00000000,00000000,0,00000000,0000
218,00,00000000,00000000,0,00000000,0000
219,10,01101101,01101100,1,00000100,0100
220,00,00000000,00000000,0,00000000,0000
221,00,00000000,00000000,0,00000000,0000
222,00,00000000,00000000,0,00000000,0000
223,10,01101111,01101110,1,00000100,0100
224,00,00000000,00000000,0,00000000,0000
225,00,00000000,00000000,0,00000000,0000
226,00,00000000,00000000,0,00000000,0000
227,10,01110001,01110000,1,00000100,0100
228,00,00000000,00000000,0,00000000,0000
229,00,00000000,00000000,0,00000000,0000
230,00,00000000,00000000,0,00000000,0000
231,10,01110011,01110010,1,00000100,0100
232,00,00000000,00000000,0,00000000,0000
233,00,00000000,00000000,0,00000000,0000
234,00,00000000,00000000,0,00000000,0000
235,10,01110101,01110100,1,00000100,0100
236,00,00000000,00000000,0,00000000,0000
237,00,00000000,00000000,0,00000000,0000
238,00,00000000,00000000,0,00000000,0000
239,10,01110111,01110110,1,00000100,0100
240,00,00000000,00000000,0,00000000,0000
241,00,00000000,00000000,0,00000000,0000
242,00,00000000,00000000,0,00000000,0000
243,10,01111001,01111000,1,00000100,0100
244,00,00000000,00000000,0,00000000,0000
245,00,00000000,00000000,0,00000000,0000
246,00,00000000,00000000,0,00000000,0000
247,10,01111011,01111010,1,00000100,0100
248,00,00000000,00000000,0,00000000,0000
249,00,00000000,00000000,0,00000000,0000
250,00,00000000,00000000,0,00000000,0000
251,10,01111101,01111100,1,00000100,0100
252,00,00000000,00000000,0,00000000,0000
253,00,00000000,00000000,0,00000000,0000
254,00,00000000,00000000,0,00000000,0000
255,10,01111111,01111110,1,00000100,0100
256,00,00000000,00000000,0,00000000,0000
257,00,00000000,00000000,0,00000000,0000
258,00,00000000,00000000,0,00000000,0000
259,10,10000001,10000000,1,00000100,0100
260,00,00000000,00000000,0,00000000,0000
261,00,00000000,00000000,0,00000000,0000
262,00,00000000,00000000,0,00000000,0000
263,10,10000011,10000010,1,00000100,0100
264,00,00000000,00000000,0,00000000,0000
265,00,00000000,00000000,0,00000000,0000
266,00,00000000,00000000,0,00000000,0000
267,10,10000101,10000100,1,00000100,0100
268,00,00000000,00000000,0,00000000,0000
269,00,00000000,00000000,0,00000000,0000
270,00,00000000,00000000,0,00000000,0000
271,10,10000111,10000110,1,00000100,0100
272,00,00000000,00000000,0,00000000,0000
273,00,00000000,00000000,0,00000000,0000
274,00,00000000,00000000,0,00000000,0000
275,10,10001001,10001000,1,00000100,0100
276,00,00000000,00000000,0,00000000,0000
277,00,00000000,00000000,0,00000000,0000
278,00,00000000,00000000,0,00000000,0000
279,10,10001011,10001010,1,00000100,0100
280,00,00000000,00000000,0,00000000,0000
281,00,00000000,00000000,0,00000000,0000
282,00,00000000,00000000,0,00000000,0000
283,10,10001101,10001100,1,00000100,0100
284,00,00000000,00000000,0,00000000,0000
285,00,00000000,00000000,0,00000000,0000
286,00,00000000,00000000,0,00000000,0000
287,10,10001111,10001110,1,00000100,0100
288,00,00000000,00000000,0,00000000,0000
289,00,00000000,00000000,0,00000000,0000
290,00,00000000,00000000,0,00000000,0000
291,10,10010001,10010000,1,00000100,0100
292,00,00000000,00000000,0,00000000,0000
293,00,00000000,00000000,0,00000000,0000
294,00,00000000,00000000,0,00000000,0000
295,10,10010011,10010010,1,00000100,0100
296,00,00000000,00000000,0,00000000,0000
297,00,00000000,00000000,0,00000000,0000
298,00,00000000,00000000,0,00000000,0000
299,10,10010101,10010100,1,00000100,0100
300,00,00000000,00000000,0,00000000,0000
301,00,00000000,00000000,0,00000000,0000
302,00,00000000,00000000,0,00000000,0000
303,10,10010111,10010110,1,00000100,0100
304,00,00000000,00000000,0,00000000,0000
305,00,00000000,00000000,0,00000000,0000
306,00,00000000,00000000,0,00000000,0000
307,10,10011001,10011000,1,00000100,0100
308,00,00000000,00000000,0,00000000,0000
309,00,00000000,00000000,0,00000000,0000
310,00,00000000,00000000,0,00000000,0000
311,10,10011011,10011010,1,00000100,0100
312,00,00000000,00000000,0,00000000,0000
313,00,00000000,00000000,0,00000000,0000
314,00,00000000,00000000,0,00000000,0000
315,10,10011101,10011100,1,00000100,0100
316,00,00000000,00000000,0,00000000,0000
317,00,00000000,00000000,0,00000000,0000
318,00,00000000,00000000,0,00000000,0000
319,10,10011111,10011110,1,00000100,0100
320,00,00000000,00000000,0,00000000,0000
321,00,00000000,00000000,0,00000000,0000
322,00,00000000,00000000,0,00000000,0000
323,10,10100001,10100000,1,00000100,0100
324,00,00000000,00000000,0,00000000,0000
325,00,00000000,00000000,0,00000000,0000
326,00,00000000,00000000,0,00000000,0000
327,10,10100011,10100010,1,00000100,0100
328,00,00000000,00000000,0,00000000,0000
329,00,00000000,00000000,0,00000000,0000
330,00,00000000,00000000,0,00000000,0000
331,10,10100101,10100100,1,00000100,0100
332,00,00000000,00000000,0,00000000,0000
333,00,00000000,00000000,0,00000000,0000
334,00,00000000,00000000,0,00000000,0000
335,10,10100111,10100110,1,00000100,0100
336,00,00000000,00000000,0,00000000,0000
337,00,00000000,00000000,0,00000000,0000
338,00,00000000,00000000,0,00000000,0000
339,10,10101001,10101000,1,00000100,0100
340,00,00000000,00000000,0,00000000,0000
341,00,00000000,00000000,0,00000000,0000
342,00,00000000,00000000,0,00000000,0000
343,10,10101011,10101010,1,00000100,0100
344,00,00000000,00000000,0,00000000,0000
345,00,00000000,00000000,0,00000000,0000
346,00,00000000,00000000,0,00000000,0000
347,10,10101101,10101100,1,00000100,0100
348,00,00000000,00000000,0,00000000,0000
349,00,00000000,00000000,0,00000000,0000
350,00,00000000,00000000,0,00000000,0000
351,10,10101111,10101110,1,00000100,0100
352,00,00000000,00000000,0,00000000,0000
353,00,00000000,00000000,0,00000000,0000
354,00,00000000,00000000,0,00000000,0000
355,10,10110001,10110000,1,00000100,0100
356,00,00000000,00000000,0,00000000,0000
357,00,00000000,00000000,0,00000000,0000
358,00,00000000,00000000,0,00000000,0000
359,10,10110011,10110010,1,00000100,0100
360,00,00000000,00000000,0,00000000,0000
361,00,00000000,00000000,0,00000000,0000
362,00,00000000,00000000,0,00000000,0000
363,10,10110101,10110100,1,00000100,0100
364,00,00000000,00000000,0,00000000,0000
365,00,00000000,00000000,0,00000000,0000
366,00,00000000,00000000,0,00000000,0000
367,10,10110111,10110110,1,00000100,0100
368,00,00000000,00000000,0,00000000,0000
369,00,00000000,00000000,0,00000000,0000
370,00,00000000,00000000,0,00000000,0000
371,10,10111001,10111000,1,00000100,0100
372,00,00000000,00000000,0,00000000,0000
373,00,00000000,00000000,0,00000000,0000
374,00,00000000,00000000,0,00000000,0000
375,10,10111011,10111010,1,00000100,0100
376,00,00000000,00000000,0,00000000,0000
377,00,00000000,00000000,0,00000000,0000
378,00,00000000,00000000,0,00000000,0000
379,10,10111101,10111100,1,00000100,0100
380,00,00000000,00000000,0,00000000,0000
381,00,00000000,00000000,0,00000000,0000
382,00,00000000,00000000,0,00000000,0000
383,10,10111111,10111110,1,00000100,0100
384,00,00000000,00000000,0,00000000,0000
385,00,00000000,00000000,0,00000000,0000
386,00,00000000,00000000,0,00000000,0000
387,10,11000001,11000000,1,00000100,0100
388,00,00000000,00000000,0,00000000,0000
389,00,00000000,00000000,0,00000000,0000
390,00,00000000,00000000,0,00000000,0000
391,10,11000011,11000010,1,00000100,0100
392,00,00000000,00000000,0,00000000,0000
393,00,00000000,00000000,0,00000000,0000
394,00,00000000,00000000,0,00000000,0000
395,10,11000101,11000100,1,00000100,0100
396,00,00000000,00000000,0,00000000,0000
397,00,00000000,00000000,0,00000000,0000
398,00,00000000,00000000,0,00000000,0000
399,10,11000111,11000110,1,00000100,0100
400,00,00000000,00000000,0,00000000,0000
401,00,00000000,00000000,0,00000000,0000
402,00,00000000,00000000,0,00000000,0000
403,10,11001001,11001000,1,00000100,0100
404,00,00000000,00000000,0,00000000,0000
405,00,00000000,00000000,0,00000000,0000
406,00,00000000,00000000,0,00000000,0000
407,10,11001011,11001010,1,00000100,0100
408,00,00000000,00000000,0,00000000,0000
409,00,00000000,00000000,0,00000000,0000
410,00,00000000,00000000,0,00000000,0000
411,10,11001101,11001100,1,00000100,0100
412,00,00000000,00000000,0,00000000,0000
413,00,00000000,00000000,0,00000000,0000
414,00,00000000,00000000,0,00000000,0000
415,10,11001111,11001110,1,00000100,0100
416,00,00000000,00000000,0,00000000,0000
417,00,00000000,00000000,0,00000000,0000
418,00,00000000,00000000,0,00000000,0000
419,10,11010001,11010000,1,00000100,0100
420,00,00000000,00000000,0,00000000,0000
421,00,00000000,00000000,0,00000000,0000
422,00,00000000,00000000,0,00000000,0000
423,10,11010011,11010010,1,00000100,0100
424,00,00000000,00000000,0,00000000,0000
425,00,00000000,00000000,0,00000000,0000
426,00,00000000,00000000,0,00000000,0000
427,10,11010101,11010100,1,00000100,0100
428,00,00000000,00000000,0,00000000,0000
429,00,00000000,00000000,0,00000000,0000
430,00,00000000,00000000,0,00000000,0000
431,10,11010111,11010110,1,00000100,0100
432,00,00000000,00000000,0,00000000,0000
433,00,00000000,00000000,0,00000000,0000
434,00,00000000,00000000,0,00000000,0000
435,10,11011001,11011000,1,00000100,0100
436,00,00000000,00000000,0,00000000,0000
437,00,00000000,00000000,0,00000000,0000
438,00,00000000,00000000,0,00000000,0000
439,10,11011011,11011010,1,00000100,0100
440,00,00000000,00000000,0,00000000,0000
441,00,00000000,00000000,0,00000000,0000
442,00,00000000,00000000,0,00000000,0000
443,10,11011101,11011100,1,00000100,0100
444,00,00000000,00000000,0,00000000,0000
445,00,00000000,00000000,0,00000000,0000
446,00,00000000,00000000,0,00000000,0000
447,10,11011111,11011110,1,00000100,0100
448,00,00000000,00000000,0,00000000,0000
449,00,00000000,00000000,0,00000000,0000
450,00,00000000,00000000,0,00000000,0000
451,10,11100001,11100000,1,00000100,0100
452,00,00000000,00000000,0,00000000,0000
453,00,00000000,00000000,0,00000000,0000
454,00,00000000,00000000,0,00000000,0000
455,10,11100011,11100010,1,00000100,0100
456,00,00000000,00000000,0,00000000,0000
457,00,00000000,00000000,0,00000000,0000
458,00,00000000,00000000,0,00000000,0000
459,10,11100101,11100100,1,00000100,0100
460,00,00000000,00000000,0,00000000,0000
461,00,00000000,00000000,0,00000000,0000
462,00,00000000,00000000,0,00000000,0000
463,10,11100111,11100110,1,00000100,0100
464,00,00000000,00000000,0,00000000,0000
465,00,00000000,00000000,0,00000000,0000
466,00,00000000,00000000,0,00000000,0000
467,10,11101001,11101000,1,00000100,0100
468,00,00000000,00000000,0,00000000,0000
469,00,00000000,00000000,0,00000000,0000
470,00,00000000,00000000,0,00000000,0000
471,10,11101011,11101010,1,00000100,0100
472,00,00000000,00000000,0,00000000,0000
473,00,00000000,00000000,0,00000000,0000
474,00,00000000,00000000,0,00000000,0000
475,10,11101101,11101100,1,00000100,0100
476,00,00000000,00000000,0,00000000,0000
477,00,00000000,00000000,0,00000000,0000
478,00,00000000,00000000,0,00000000,0000
479,10,11101111,11101110,1,00000100,0100
480,00,00000000,00000000,0,00000000,0000
481,00,00000000,00000000,0,00000000,0000
482,00,00000000,00000000,0,00000000,0000
483,10,11110001,11110000,1,00000100,0100
484,00,00000000,00000000,0,00000000,0000
485,00,00000000,00000000,0,00000000,0000
486,00,00000000,00000000,0,00000000,0000
487,10,11110011,11110010,1,00000100,0100
488,00,00000000,00000000,0,00000000,0000
489,00,00000000,00000000,0,00000000,0000
490,00,00000000,00000000,0,00000000,0000
491,10,11110101,11110100,1,00000100,0100
492,00,00000000,00000000,0,00000000,0000
493,00,00000000,00000000,0,00000000,0000
494,00,00000000,00000000,0,00000000,0000
495,10,11110111,11110110,1,00000100,0100
496,00,00000000,00000000,0,00000000,0000
497,00,00000000,00000000,0,00000000,0000
498,00,00000000,00000000,0,00000000,0000
499,10,11111001,11111000,1,00000100,0100
500,00,00000000,00000000,0,00000000,0000
501,00,00000000,00000000,0,00000000,0000
502,00,00000000,00000000,0,00000000,0000
503,10,11111011,11111010,1,00000100,0100
504,00,00000000,00000000,0,00000000,0000
505,00,00000000,00000000,0,00000000,0000
506,00,00000000,00000000,0,00000000,0000
507,10,11111101,11111100,1,00000100,0100
508,00,00000000,00000000,0,00000000,0000
509,00,00000000,00000000,0,00000000,0000
510,00,00000000,00000000,0,00000000,0000
511,10,11111111,11111110,1,00000100,0100
512,00,00000000,00000000,0,00000000,0000
513,00,00000000,00000000,0,00000000,0000
514,00,00000000,00000000,0,00000000,0000
515,10,00000001,00000000,1,00000100,0100
516,00,00000000,00000000,0,00000000,0000
517,00,00000000,00000000,0,00000000,0000
518,00,00000000,00000000,0,00000000,0000
519,10,00000011,00000010,1,00000100,0100
520,00,00000000,00000000,0,00000000,0000
521,00,00000000,00000000,0,00000000,0000
522,00,00000000,00000000,0,00000000,0000
523,10,00000101,00000100,1,00000100,0100
524,00,00000000,00000000,0,00000000,0000
525,00,00000000,00000000,0,00000000,0000
526,00,00000000,00000000,0,00000000,0000
527,10,00000111,00000110,1,00000100,0100
528,00,00000000,00000000,0,00000000,0000
529,00,00000000,00000000,0,00000000,0000
530,00,00000000,00000000,0,00000000,0000
531,10,00001001,00001000,1,00000100,0100
532,00,00000000,00000000,0,00000000,0000
533,00,00000000,00000000,0,00000000,0000
534,00,00000000,00000000,0,00000000,0000
535,10,00001011,00001010,1,00000100,0100
536,00,00000000,00000000,0,00000000,0000
537,00,00000000,00000000,0,00000000,0000
538,00,00000000,00000000,0,00000000,0000
539,10,00001101,00001100,1,00000100,0100
540,00,00000000,00000000,0,00000000,0000
541,00,00000000,00000000,0,00000000,0000
542,00,00000000,00000000,0,00000000,0000
543,10,00001111,00001110,1,00000100,0100
544,00,00000000,00000000,0,00000000,0000
545,00,00000000,00000000,0,00000000,0000
546,00,00000000,00000000,0,00000000,0000
547,10,00010001,00010000,1,00000100,0100
548,00,00000000,00000000,0,00000000,0000
549,00,00000000,00000000,0,00000000,0000
550,00,00000000,00000000,0,00000000,0000
551,10,00010011,00010010,1,00000100,0100
552,00,00000000,00000000,0,00000000,0000
553,00,00000000,00000000,0,00000000,0000
554,00,00000000,00000000,0,00000000,0000
555,10,00010101,00010100,1,00000100,0100
556,00,00000000,00000000,0,00000000,0000
557,00,00000000,00000000,0,00000000,0000
558,00,00000000,00000000,0,00000000,0000
559,10,00010111,00010110,1,00000100,0100
560,00,00000000,00000000,0,00000000,0000
561,00,00000000,00000000,0,00000000,0000
562,00,00000000,00000000,0,00000000,0000
563,10,00011001,00011000,1,00000100,0100
564,00,00000000,00000000,0,00000000,0000
565,00,00000000,00000000,0,00000000,0000
566,00,00000000,00000000,0,00000000,0000
567,10,00011011,00011010,1,00000100,0100
568,00,00000000,00000000,0,00000000,0000
569,00,00000000,00000000,0,00000000,0000
570,00,00000000,00000000,0,00000000,0000
571,10,00011101,00011100,1,00000100,0100
572,00,00000000,00000000,0,00000000,0000
573,00,00000000,00000000,0,00000000,0000
574,00,00000000,00000000,0,00000000,0000
575,10,00011111,00011110,1,00000100,0100
576,00,00000000,00000000,0,00000000,0000
577,00,00000000,00000000,0,00000000,0000
578,00,00000000,00000000,0,00000000,0000
579,10,00100001,00100000,1,00000100,0100
580,00,00000000,00000000,0,00000000,0000
581,00,00000000,00000000,0,00000000,0000
582,00,00000000,00000000,0,00000000,0000
583,10,00100011,00100010,1,00000100,0100
584,00,00000000,00000000,0,00000000,0000
585,00,00000000,00000000,0,00000000,0000
586,00,00000000,00000000,0,00000000,0000
587,10,00100101,00100100,1,00000100,0100
588,00,00000000,00000000,0,00000000,0000
589,00,00000000,00000000,0,00000000,0000
590,00,00000000,00000000,0,00000000,0000
591,10,00100111,00100110,1,00000100,0100
592,00,00000000,00000000,0,00000000,0000
593,00,00000000,00000000,0,00000000,0000
594,00,00000000,00000000,0,00000000,0000
595,10,00101001,00101000,1,00000100,0100
596,00,00000000,00000000,0,00000000,0000
597,00,00000000,00000000,0,00000000,0000
598,00,00000000,00000000,0,00000000,0000
599,10,00101011,00101010,1,00000100,0100
600,00,00000000,00000000,0,00000000,0000
601,00,00000000,00000000,0,00000000,0000
602,00,00000000,00000000,0,00000000,0000
603,10,00101101,00101100,1,00000100,0100
604,00,00000000,00000000,0,00000000,0000
605,00,00000000,00000000,0,00000000,0000
606,00,00000000,00000000,0,00000000,0000
607,10,00101111,00101110,1,00000100,0100
608,00,00000000,00000000,0,00000000,0000
609,00,00000000,00000000,0,00000000,0000
610,00,00000000,00000000,0,00000000,0000
611,10,00110001,00110000,1,00000100,0100
612,00,00000000,00000000,0,00000000,0000
613,00,00000000,00000000,0,00000000,0000
614,00,00000000,00000000,0,00000000,0000
615,10,00110011,00110010,1,00000100,0100
616,00,00000000,00000000,0,00000000,0000
617,00,00000000,00000000,0,00000000,0000
618,00,00000000,00000000,0,00000000,0000
619,10,00110101,00110100,1,00000100,0100
620,00,00000000,00000000,0,00000000,0000
621,00,00000000,00000000,0,00000000,0000
622,00,00000000,00000000,0,00000000,0000
623,10,00110111,00110110,1,00000100,0100
624,00,00000000,00000000,0,00000000,0000
625,00,00000000,00000000,0,00000000,0000
626,00,00000000,00000000,0,00000000,0000
627,10,00111001,00111000,1,00000100,0100
628,00,00000000,00000000,0,00000000,0000
629,00,00000000,00000000,0,00000000,0000
630,00,00000000,00000000,0,00000000,0000
631,10,00111011,00111010,1,00000100,0100
632,00,00000000,00000000,0,00000000,0000
633,00,00000000,00000000,0,00000000,0000
634,00,00000000,00000000,0,00000000,0000
635,10,00111101,00111100,1,00000100,0100
636,00,00000000,00000000,0,00000000,0000
637,00,00000000,00000000,0,00000000,0000
638,00,00000000,00000000,0,00000000,0000
639,10,00111111,00111110,1,00000100,0100
640,00,00000000,00000000,0,00000000,0000
641,00,00000000,00000000,0,00000000,0000
642,00,00000000,00000000,0,00000000,0000
643,10,01000001,01000000,1,00000100,0100
644,00,00000000,00000000,0,00000000,0000
645,00,00000000,00000000,0,00000000,0000
646,00,00000000,00000000,0,00000000,0000
647,10,01000011,01000010,1,00000100,0100
648,00,00000000,00000000,0,00000000,0000
649,00,00000000,00000000,0,00000000,0000
650,00,00000000,00000000,0,00000000,0000
651,10,01000101,01000100,1,00000100,0100
652,00,00000000,00000000,0,00000000,0000
653,00,00000000,00000000,0,00000000,0000
654,00,00000000,00000000,0,00000000,0000
655,10,01000111,01000110,1,00000100,0100
656,00,00000000,00000000,0,00000000,0000
657,00,00000000,00000000,0,00000000,0000
658,00,00000000,00000000,0,00000000,0000
659,10,01001001,01001000,1,00000100,0100
660,00,00000000,00000000,0,00000000,0000
661,00,00000000,00000000,0,00000000,0000
662,00,00000000,00000000,0,00000000,0000
663,10,01001011,01001010,1,00000100,0100
664,00,00000000,00000000,0,00000000,0000
665,00,00000000,00000000,0,00000000,0000
666,00,00000000,00000000,0,00000000,0000
667,10,01001101,01001100,1,00000100,0100
668,00,00000000,00000000,0,00000000,0000
669,00,00000000,00000000,0,00000000,0000
670,00,00000000,00000000,0,00000000,0000
671,10,01001111,01001110,1,00000100,0100
672,00,00000000,00000000,0,00000000,0000
673,00,00000000,00000000,0,00000000,0000
674,00,00000000,00000000,0,00000000,0000
675,10,01010001,01010000,1,00000100,0100
676,00,00000000,00000000,0,00000000,0000
677,00,00000000,00000000,0,00000000,0000
678,00,00000000,00000000,0,00000000,0000
679,10,01010011,01010010,1,00000100,0100
680,00,00000000,00000000,0,00000000,0000
681,00,00000000,00000000,0,00000000,0000
682,00,00000000,00000000,0,00000000,0000
683,10,01010101,01010100,1,00000100,0100
684,00,00000000,00000000,0,00000000,0000
685,00,00000000,00000000,0,00000000,0000
686,00,00000000,00000000,0,00000000,0000
687,10,01010111,01010110,1,00000100,0100
688,00,00000000,00000000,0,00000000,0000
689,00,00000000,00000000,0,00000000,0000
690,00,00000000,00000000,0,00000000,0000
691,10,01011001,01011000,1,00000100,0100
692,00,00000000,00000000,0,00000000,0000
693,00,00000000,00000000,0,00000000,0000
694,00,00000000,00000000,0,00000000,0000
695,10,01011011,01011010,1,00000100,0100
696,00,00000000,00000000,0,00000000,0000
697,00,00000000,00000000,0,00000000,0000
698,00,00000000,00000000,0,00000000,0000
699,10,01011101,01011100,1,00000100,0100
700,00,00000000,00000000,0,00000000,0000
701,00,00000000,00000000,0,00000000,0000
702,00,00000000,00000000,0,00000000,0000
703,10,01011111,01011110,1,00000100,0100
704,00,00000000,00000000,0,00000000,0000
705,00,00000000,00000000,0,00000000,0000
706,00,00000000,00000000,0,00000000,0000
707,10,01100001,01100000,1,00000100,0100
708,00,00000000,00000000,0,00000000,0000
709,00,00000000,00000000,0,00000000,0000
710,00,00000000,00000000,0,00000000,0000
711,10,01100011,01100010,1,00000100,0100
712,00,00000000,00000000,0,00000000,0000
713,00,00000000,00000000,0,00000000,0000
714,00,00000000,00000000,0,00000000,0000
715,10,01100101,01100100,1,00000100,0100
716,00,00000000,00000000,0,00000000,0000
717,00,00000000,00000000,0,00000000,0000
718,00,00000000,00000000,0,00000000,0000
719,10,01100111,01100110,1,00000100,0100
720,00,00000000,00000000,0,00000000,0000
721,00,00000000,00000000,0,00000000,0000
722,00,00000000,00000000,0,00000000,0000
723,10,01101001,01101000,1,00000100,0100
724,00,00000000,00000000,0,00000000,0000
725,00,00000000,00000000,0,00000000,0000
726,00,00000000,00000000,0,00000000,0000
727,10,01101011,01101010,1,00000100,0100
728,00,00000000,00000000,0,00000000,0000
729,00,00000000,00000000,0,00000000,0000
730,00,00000000,00000000,0,00000000,0000
731,10,01101101,01101100,1,00000100,0100
732,00,00000000,00000000,0,00000000,0000
733,00,00000000,00000000,0,00000000,0000
734,00,00000000,00000000,0,00000000,0000
735,10,01101111,01101110,1,00000100,0100
736,00,00000000,00000000,0,00000000,0000
737,00,00000000,00000000,0,00000000,0000
738,00,00000000,00000000,0,00000000,0000
739,10,01110001,01110000,1,00000100,0100
740,00,00000000,00000000,0,00000000,0000
741,00,00000000,00000000,0,00000000,0000
742,00,00000000,00000000,0,00000000,0000
743,10,01110011,01110010,1,00000100,0100
744,00,00000000,00000000,0,00000000,0000
745,00,00000000,00000000,0,00000000,0000
746,00,00000000,00000000,0,00000000,0000
747,10,01110101,01110100,1,00000100,0100
748,00,00000000,00000000,0,00000000,0000
749,00,00000000,00000000,0,00000000,0000
750,00,00000000,00000000,0,00000000,0000
751,10,01110111,01110110,1,00000100,0100
752,00,00000000,00000000,0,00000000,0000
753,00,00000000,00000000,0,00000000,0000
754,00,00000000,00000000,0,00000000,0000
755,10,01111001,01111000,1,00000100,0100
756,00,00000000,00000000,0,00000000,0000
757,00,00000000,00000000,0,00000000,0000
758,00,00000000,00000000,0,00000000,0000
759,10,01111011,01111010,1,00000100,0100
760,00,00000000,00000000,0,00000000,0000
761,00,00000000,00000000,0,00000000,0000
762,00,00000000,00000000,0,00000000,0000
763,10,01111101,01111100,1,00000100,0100
764,00,00000000,00000000,0,00000000,0000
765,00,00000000,00000000,0,00000000,0000
766,00,00000000,00000000,0,00000000,0000
767,10,01111111,01111110,1,00000100,0100
768,00,00000000,00000000,0,00000000,0000
769,00,00000000,00000000,0,00000000,0000
770,00,00000000,00000000,0,00000000,0000
771,10,10000001,10000000,1,00000100,0100
772,00,00000000,00000000,0,00000000,0000
773,00,00000000,00000000,0,00000000,0000
774,00,00000000,00000000,0,00000000,0000
775,10,10000011,10000010,1,00000100,0100
776,00,00000000,00000000,0,00000000,0000
777,00,00000000,00000000,0,00000000,0000
778,00,00000000,00000000,0,00000000,0000
779,10,10000101,10000100,1,00000100,0100
780,00,00000000,00000000,0,00000000,0000
781,00,00000000,00000000,0,00000000,0000
782,00,00000000,00000000,0,00000000,0000
783,10,10000111,10000110,1,00000100,0100
784,00,00000000,00000000,0,00000000,0000
785,00,00000000,00000000,0,00000000,0000
786,00,00000000,00000000,0,00000000,0000
787,10,10001001,10001000,1,00000100,0100
788,00,00000000,00000000,0,00000000,0000
789,00,00000000,00000000,0,00000000,0000
790,00,00000000,00000000,0,00000000,0000
791,10,10001011,10001010,1,00000100,0100
792,00,00000000,00000000,0,00000000,0000
793,00,00000000,00000000,0,00000000,0000
794,00,00000000,00000000,0,00000000,0000
795,10,10001101,10001100,1,00000100,0100
796,00,00000000,00000000,0,00000000,0000
797,00,00000000,00000000,0,00000000,0000
798,00,00000000,00000000,0,00000000,0000
799,10,10001111,10001110,1,00000100,0100
800,00,00000000,00000000,0,00000000,0000
801,00,00000000,00000000,0,00000000,0000
802,00,00000000,00000000,0,00000000,0000
803,10,10010001,10010000,1,00000100,0100
804,00,00000000,00000000,0,00000000,0000
805,00,00000000,00000000,0,00000000,0000
806,00,00000000,00000000,0,00000000,0000
807,10,10010011,10010010,1,00000100,0100
808,00,00000000,00000000,0,00000000,0000
809,00,00000000,00000000,0,00000000,0000
810,00,00000000,00000000,0,00000000,0000
811,10,10010101,10010100,1,00000100,0100
812,00,00000000,00000000,0,00000000,0000
813,00,00000000,00000000,0,00000000,0000
814,00,00000000,00000000,0,00000000,0000
815,10,10010111,10010110,1,00000100,0100
816,00,00000000,00000000,0,00000000,0000
817,00,00000000,00000000,0,00000000,0000
818,00,00000000,00000000,0,00000000,0000
819,10,10011001,10011000,1,00000100,0100
820,00,00000000,00000000,0,00000000,0000
821,00,00000000,00000000,0,00000000,0000
822,00,00000000,00000000,0,00000000,0000
823,10,10011011,10011010,1,00000100,0100
824,00,00000000,00000000,0,00000000,0000
825,00,00000000,00000000,0,00000000,0000
826,00,00000000,00000000,0,00000000,0000
827,10,10011101,10011100,1,00000100,0100
828,00,00000000,00000000,0,00000000,0000
829,00,00000000,00000000,0,00000000,0000
830,00,00000000,00000000,0,00000000,0000
831,10,10011111,10011110,1,00000100,0100
832,00,00000000,00000000,0,00000000,0000
833,00,00000000,00000000,0,00000000,0000
834,00,00000000,00000000,0,00000000,0000
835,10,10100001,10100000,1,00000100,0100
836,00,00000000,00000000,0,00000000,0000
837,00,00000000,00000000,0,00000000,0000
838,00,00000000,00000000,0,00000000,0000
839,10,10100011,10100010,1,00000100,0100
840,00,00000000,00000000,0,00000000,0000
841,00,00000000,00000000,0,00000000,0000
842,00,00000000,00000000,0,00000000,0000
843,10,10100101,10100100,1,00000100,0100
844,00,00000000,00000000,0,00000000,0000
845,00,00000000,00000000,0,00000000,0000
846,00,00000000,00000000,0,00000000,0000
847,10,10100111,10100110,1,00000100,0100
848,00,00000000,00000000,0,00000000,0000
849,00,00000000,00000000,0,00000000,0000
850,00,00000000,00000000,0,00000000,0000
851,10,10101001,10101000,1,00000100,0100
852,00,00000000,00000000,0,00000000,0000
853,00,00000000,00000000,0,00000000,0000
854,00,00000000,00000000,0,00000000,0000
855,10,10101011,10101010,1,00000100,0100
856,00,00000000,00000000,0,00000000,0000
857,00,00000000,00000000,0,00000000,0000
858,00,00000000,00000000,0,00000000,0000
859,10,10101101,10101100,1,00000100,0100
860,00,00000000,00000000,0,00000000,0000
861,00,00000000,00000000,0,00000000,0000
862,00,00000000,00000000,0,00000000,0000
863,10,10101111,10101110,1,00000100,0100
864,00,00000000,00000000,0,00000000,0000
865,00,00000000,00000000,0,00000000,0000
866,00,00000000,00000000,0,00000000,0000
867,10,10110001,10110000,1,00000100,0100
868,00,00000000,00000000,0,00000000,0000
869,00,00000000,00000000,0,00000000,0000
870,00,00000000,00000000,0,00000000,0000
871,10,10110011,10110010,1,00000100,0100
872,00,00000000,00000000,0,00000000,0000
873,00,00000000,00000000,0,00000000,0000
874,00,00000000,00000000,0,00000000,0000
875,10,10110101,10110100,1,00000100,0100
876,00,00000000,00000000,0,00000000,0000
877,00,00000000,00000000,0,00000000,0000
878,00,00000000,00000000,0,00000000,0000
879,10,10110111,10110110,1,00000100,0100
880,00,00000000,00000000,0,00000000,0000
881,00,00000000,00000000,0,00000000,0000
882,00,00000000,00000000,0,00000000,0000
883,10,10111001,10111000,1,00000100,0100
884,00,00000000,00000000,0,00000000,0000
885,00,00000000,00000000,0,00000000,0000
886,00,00000000,00000000,0,00000000,0000
887,10,10111011,10111010,1,00000100,0100
888,00,00000000,00000000,0,00000000,0000
889,00,00000000,00000000,0,00000000,0000
890,00,00000000,00000000,0,00000000,0000
891,10,10111101,10111100,1,00000100,0100
892,00,00000000,00000000,0,00000000,0000
893,00,00000000,00000000,0,00000000,0000
894,00,00000000,00000000,0,00000000,0000
895,10,10111111,10111110,1,00000100,0100
896,00,00000000,00000000,0,00000000,0000
897,00,00000000,00000000,0,00000000,0000
898,00,00000000,00000000,0,00000000,0000
899,10,11000001,11000000,1,00000100,0100
900,00,00000000,00000000,0,00000000,0000
901,00,00000000,00000000,0,00000000,0000
902,00,00000000,00000000,0,00000000,0000
903,10,11000011,11000010,1,00000100,0100
904,00,00000000,00000000,0,00000000,0000
905,00,00000000,00000000,0,00000000,0000
906,00,00000000,00000000,0,00000000,0000
907,10,11000101,11000100,1,00000100,0100
908,00,00000000,00000000,0,00000000,0000
909,00,00000000,00000000,0,00000000,0000
910,00,00000000,00000000,0,00000000,0000
911,10,11000111,11000110,1,00000100,0100
912,00,00000000,00000000,0,00000000,0000
913,00,00000000,00000000,0,00000000,0000
914,00,00000000,00000000,0,00000000,0000
915,10,11001001,11001000,1,00000100,0100
916,00,00000000,00000000,0,00000000,0000
917,00,00000000,00000000,0,00000000,0000
918,00,00000000,00000000,0,00000000,0000
919,10,11001011,11001010,1,00000100,0100
920,00,00000000,00000000,0,00000000,0000
921,00,00000000,00000000,0,00000000,0000
922,00,00000000,00000000,0,00000000,0000
923,10,11001101,11001100,1,00000100,0100
924,00,00000000,00000000,0,00000000,0000
925,00,00000000,00000000,0,00000000,0000
926,00,00000000,00000000,0,00000000,0000
927,10,11001111,11001110,1,00000100,0100
928,00,00000000,00000000,0,00000000,0000
929,00,00000000,00000000,0,00000000,0000
930,00,00000000,00000000,0,00000000,0000
931,10,11010001,11010000,1,00000100,0100
932,00,00000000,00000000,0,00000000,0000
933,00,00000000,00000000,0,00000000,0000
934,00,00000000,00000000,0,00000000,0000
935,10,11010011,11010010,1,00000100,0100
936,00,00000000,00000000,0,00000000,0000
937,00,00000000,00000000,0,00000000,0000
938,00,00000000,00000000,0,00000000,0000
939,10,11010101,11010100,1,00000100,0100
940,00,00000000,00000000,0,00000000,0000
941,00,00000000,00000000,0,00000000,0000
942,00,00000000,00000000,0,00000000,0000
943,10,11010111,11010110,1,00000100,0100
944,00,00000000,00000000,0,00000000,0000
945,00,00000000,00000000,0,00000000,0000
946,00,00000000,00000000,0,00000000,0000
947,10,11011001,11011000,1,00000100,0100
948,00,00000000,00000000,0,00000000,0000
949,00,00000000,00000000,0,00000000,0000
950,00,00000000,00000000,0,00000000,0000
951,10,11011011,11011010,1,00000100,0100
952,00,00000000,00000000,0,00000000,0000
953,00,00000000,00000000,0,00000000,0000
954,00,00000000,00000000,0,00000000,0000
955,10,11011101,11011100,1,00000100,0100
956,00,00000000,00000000,0,00000000,0000
957,00,00000000,00000000,0,00000000,0000
958,00,00000000,00000000,0,00000000,0000
959,10,11011111,11011110,1,00000100,0100
960,00,00000000,00000000,0,00000000,0000
961,00,00000000,00000000,0,00000000,0000
962,00,00000000,00000000,0,00000000,0000
963,10,11100001,11100000,1,00000100,0100
964,00,00000000,00000000,0,00000000,0000
965,00,00000000,00000000,0,00000000,0000
966,00,00000000,00000000,0,00000000,0000
967,10,11100011,11100010,1,00000100,0100
968,00,00000000,00000000,0,00000000,0000
969,00,00000000,00000000,0,00000000,0000
970,00,00000000,00000000,0,00000000,0000
971,10,11100101,11100100,1,00000100,0100
972,00,00000000,00000000,0,00000000,0000
973,00,00000000,00000000,0,00000000,0000
974,00,00000000,00000000,0,00000000,0000
975,10,11100111,11100110,1,00000100,0100
976,00,00000000,00000000,0,00000000,0000
977,00,00000000,00000000,0,00000000,0000
978,00,00000000,00000000,0,00000000,0000
979,10,11101001,11101000,1,00000100,0100
980,00,00000000,00000000,0,00000000,0000
981,00,00000000,00000000,0,00000000,0000
982,00,00000000,00000000,0,00000000,0000
983,10,11101011,11101010,1,00000100,0100
984,00,00000000,00000000,0,00000000,0000
985,00,00000000,00000000,0,00000000,0000
986,00,00000000,00000000,0,00000000,0000
987,10,11101101,11101100,1,00000100,0100
988,00,00000000,00000000,0,00000000,0000
989,00,00000000,00000000,0,00000000,0000
990,00,00000000,00000000,0,00000000,0000
991,10,11101111,11101110,1,00000100,0100
992,00,00000000,00000000,0,00000000,0000
993,00,00000000,00000000,0,00000000,0000
994,00,00000000,00000000,0,00000000,0000
995,10,11110001,11110000,1,00000100,0100
996,00,00000000,00000000,0,00000000,0000
997,00,00000000,00000000,0,00000000,0000
998,00,00000000,00000000,0,00000000,0000
999,10,11110011,11110010,1,00000100,0100
1000,00,00000000,00000000,0,00000000,0000
1001,00,00000000,00000000,0,00000000,0000
1002,00,00000000,00000000,0,00000000,0000
1003,10,11110101,11110100,1,00000100,0100
1004,00,00000000,00000000,0,00000000,0000
1005,00,00000000,00000000,0,00000000,0000
1006,00,00000000,00000000,0,00000000,0000
1007,10,11110111,11110110,1,00000100,0100
1008,00,00000000,00000000,0,00000000,0000
1009,00,00000000,00000000,0,00000000,0000
1010,00,00000000,00000000,0,00000000,0000
1011,10,11111001,11111000,1,00000100,0100
1012,00,00000000,00000000,0,00000000,0000
1013,00,00000000,00000000,0,00000000,0000
1014,00,00000000,00000000,0,00000000,0000
1015,10,11111011,11111010,1,00000100,0100
1016,00,00000000,00000000,0,00000000,0000
1017,00,00000000,00000000,0,00000000,0000
1018,00,00000000,00000000,0,00000000,0000
1019,10,11111101,11111100,1,00000100,0100
1020,00,00000000,00000000,0,00000000,0000
1021,00,00000000,00000000,0,00000000,0000
1022,00,00000000,00000000,0,00000000,0000
1023,10,11111111,11111110,1,00000100,0100
1024,00,00000000,00000000,0,00000000,0000
1025,00,00000000,00000000,0,00000000,0000
1026,00,00000000,00000000,0,00000000,0000
1027,10,00000001,00000000,1,00000100,0100
1028,00,00000000,00000000,0,00000000,0000
1029,00,00000000,00000000,0,00000000,0000
1030,00,00000000,00000000,0,00000000,0000
1031,10,00000011,00000010,1,00000100,0100
1032,00,00000000,00000000,0,00000000,0000
1033,00,00000000,00000000,0,00000000,0000
1034,00,00000000,00000000,0,00000000,0000
1035,10,00000101,00000100,1,00000100,0100
1036,00,00000000,00000000,0,00000000,0000
1037,00,00000000,00000000,0,00000000,0000
1038,00,00000000,00000000,0,00000000,0000
1039,10,00000111,00000110,1,00000100,0100
1040,00,00000000,00000000,0,00000000,0000
1041,00,00000000,00000000,0,00000000,0000
1042,00,00000000,00000000,0,00000000,0000
1043,10,00001001,00001000,1,00000100,0100
1044,00,00000000,00000000,0,00000000,0000
1045,00,00000000,00000000,0,00000000,0000
1046,00,00000000,00000000,0,00000000,0000
1047,10,00001011,00001010,1,00000100,0100
1048,00,00000000,00000000,0,00000000,0000
1049,00,00000000,00000000,0,00000000,0000
1050,00,00000000,00000000,0,00000000,0000
1051,10,00001101,00001100,1,00000100,0100
1052,00,00000000,00000000,0,00000000,0000
1053,00,00000000,00000000,0,00000000,0000
1054,00,00000000,00000000,0,00000000,0000
1055,10,00001111,00001110,1,00000100,0100
1056,00,00000000,00000000,0,00000000,0000
1057,00,00000000,00000000,0,00000000,0000
1058,00,00000000,00000000,0,00000000,0000
1059,10,00010001,00010000,1,00000100,0100
1060,00,00000000,00000000,0,00000000,0000
1061,00,00000000,00000000,0,00000000,0000
1062,00,00000000,00000000,0,00000000,0000
1063,10,00010011,00010010,1,00000100,0100
1064,00,00000000,00000000,0,00000000,0000
1065,00,00000000,00000000,0,00000000,0000
1066,00,00000000,00000000,0,00000000,0000
1067,10,00010101,00010100,1,00000100,0100
1068,00,00000000,00000000,0,00000000,0000
1069,00,00000000,00000000,0,00000000,0000
1070,00,00000000,00000000,0,00000000,0000
1071,10,00010111,00010110,1,00000100,0100
1072,00,00000000,00000000,0,00000000,0000
1073,00,00000000,00000000,0,00000000,0000
1074,00,00000000,00000000,0,00000000,0000
1075,10,00011001,00011000,1,00000100,0100
1076,00,00000000,00000000,0,00000000,0000
1077,00,00000000,00000000,0,00000000,0000
1078,00,00000000,00000000,0,00000000,0000
1079,10,00011011,00011010,1,00000100,0100
1080,00,00000000,00000000,0,00000000,0000
1081,00,00000000,00000000,0,00000000,0000
1082,00,00000000,00000000,0,00000000,0000
1083,10,00011101,00011100,1,00000100,0100
1084,00,00000000,00000000,0,00000000,0000
1085,00,00000000,00000000,0,00000000,0000
1086,00,00000000,00000000,0,00000000,0000
1087,10,00011111,00011110,1,00000100,0100
1088,00,00000000,00000000,0,00000000,0000
1089,00,00000000,00000000,0,00000000,0000
1090,00,00000000,00000000,0,00000000,0000
1091,10,00100001,00100000,1,00000100,0100
1092,00,00000000,00000000,0,00000000,0000
1093,00,00000000,00000000,0,00000000,0000
1094,00,00000000,00000000,0,00000000,0000
1095,10,00100011,00100010,1,00000100,0100
1096,00,00000000,00000000,0,00000000,0000
1097,00,00000000,00000000,0,00000000,0000
1098,00,00000000,00000000,0,00000000,0000
1099,10,00100101,00100100,1,00000100,0100
1100,00,00000000,00000000,0,00000000,0000
1101,00,00000000,00000000,0,00000000,0000
1102,00,00000000,00000000,0,00000000,0000
1103,10,00100111,00100110,1,00000100,0100
1104,00,00000000,00000000,0,00000000,0000
1105,00,00000000,00000000,0,00000000,0000
1106,00,00000000,00000000,0,00000000,0000
1107,10,00101001,00101000,1,00000100,0100
1108,00,00000000,00000000,0,00000000,0000
1109,00,00000000,00000000,0,00000000,0000
1110,00,00000000,00000000,0,00000000,0000
1111,10,00101011,00101010,1,00000100,0100
1112,00,00000000,00000000,0,00000000,0000
1113,00,00000000,00000000,0,00000000,0000
1114,00,00000000,00000000,0,00000000,0000
1115,10,00101101,00101100,1,00000100,0100
1116,00,00000000,00000000,0,00000000,0000
1117,00,00000000,00000000,0,00000000,0000
1118,00,00000000,00000000,0,00000000,0000
1119,10,00101111,00101110,1,00000100,0100
1120,00,00000000,00000000,0,00000000,0000
1121,00,00000000,00000000,0,00000000,0000
1122,00,00000000,00000000,0,00000000,0000
1123,10,00110001,00110000,1,00000100,0100
1124,00,00000000,00000000,0,00000000,0000
1125,00,00000000,00000000,0,00000000,0000
1126,00,00000000,00000000,0,00000000,0000
1127,10,00110011,00110010,1,00000100,0100
1128,00,00000000,00000000,0,00000000,0000
1129,00,00000000,00000000,0,00000000,0000
1130,00,00000000,00000000,0,00000000,0000
1131,10,00110101,00110100,1,00000100,0100
1132,00,00000000,00000000,0,00000000,0000
1133,00,00000000,00000000,0,00000000,0000
1134,00,00000000,00000000,0,00000000,0000
1135,10,00110111,00110110,1,00000100,0100
1136,00,00000000,00000000,0,00000000,0000
1137,00,00000000,00000000,0,00000000,0000
1138,00,00000000,00000000,0,00000000,0000
1139,10,00111001,00111000,1,00000100,0100
1140,00,00000000,00000000,0,00000000,0000
1141,00,00000000,00000000,0,00000000,0000
1142,00,00000000,00000000,0,00000000,0000
1143,10,00111011,00111010,1,00000100,0100
1144,00,00000000,00000000,0,00000000,0000
1145,00,00000000,00000000,0,00000000,0000
1146,00,00000000,00000000,0,00000000,0000
1147,10,00111101,00111100,1,00000100,0100
1148,00,00000000,00000000,0,00000000,0000
1149,00,00000000,00000000,0,00000000,0000
1150,00,00000000,00000000,0,00000000,0000
1151,10,00111111,00111110,1,00000100,0100
1152,00,00000000,00000000,0,00000000,0000
1153,00,00000000,00000000,0,00000000,0000
1154,00,00000000,00000000,0,00000000,0000
1155,10,01000001,01000000,1,00000100,0100
1156,00,00000000,00000000,0,00000000,0000
1157,00,00000000,00000000,0,00000000,0000
1158,00,00000000,00000000,0,00000000,0000
1159,10,01000011,01000010,1,00000100,0100
1160,00,00000000,00000000,0,00000000,0000
1161,00,00000000,00000000,0,00000000,0000
1162,00,00000000,00000000,0,00000000,0000
1163,10,01000101,01000100,1,00000100,0100
1164,00,00000000,00000000,0,00000000,0000
1165,00,00000000,00000000,0,00000000,0000
1166,00,00000000,00000000,0,00000000,0000
1167,10,01000111,01000110,1,00000100,0100
1168,00,00000000,00000000,0,00000000,0000
1169,00,00000000,00000000,0,00000000,0000
1170,00,00000000,00000000,0,00000000,0000
1171,10,01001001,01001000,1,00000100,0100
1172,00,00000000,00000000,0,00000000,0000
1173,00,00000000,00000000,0,00000000,0000
1174,00,00000000,00000000,0,00000000,0000
1175,10,01001011,01001010,1,00000100,0100
1176,00,00000000,00000000,0,00000000,0000
1177,00,00000000,00000000,0,00000000,0000
1178,00,00000000,00000000,0,00000000,0000
1179,10,01001101,01001100,1,00000100,0100
1180,00,00000000,00000000,0,00000000,0000
1181,00,00000000,00000000,0,00000000,0000
1182,00,00000000,00000000,0,00000000,0000
1183,10,01001111,01001110,1,00000100,0100
1184,00,00000000,00000000,0,00000000,0000
1185,00,00000000,00000000,0,00000000,0000
1186,00,00000000,00000000,0,00000000,0000
1187,10,01010001,01010000,1,00000100,0100
1188,00,00000000,00000000,0,00000000,0000
1189,00,00000000,00000000,0,00000000,0000
1190,00,00000000,00000000,0,00000000,0000
1191,10,01010011,01010010,1,00000100,0100
1192,00,00000000,00000000,0,00000000,0000
1193,00,00000000,00000000,0,00000000,0000
1194,00,00000000,00000000,0,00000000,0000
1195,10,01010101,01010100,1,00000100,0100
1196,00,00000000,00000000,0,00000000,0000
1197,00,00000000,00000000,0,00000000,0000
1198,00,00000000,00000000,0,00000000,0000
1199,10,01010111,01010110,1,00000100,0100
1200,00,00000000,00000000,0,00000000,0000
1201,00,00000000,00000000,0,00000000,0000
1202,00,00000000,00000000,0,00000000,0000
1203,10,01011001,01011000,1,00000100,0100
1204,00,00000000,00000000,0,00000000,0000
1205,00,00000000,00000000,0,00000000,0000
1206,00,00000000,00000000,0,00000000,0000
1207,10,01011011,01011010,1,00000100,0100
1208,00,00000000,00000000,0,00000000,0000
1209,00,00000000,00000000,0,00000000,0000
1210,00,00000000,00000000,0,00000000,0000
1211,10,01011101,01011100,1,00000100,0100
1212,00,00000000,00000000,0,00000000,0000
1213,00,00000000,00000000,0,00000000,0000
1214,00,00000000,00000000,0,00000000,0000
1215,10,01011111,01011110,1,00000100,0100
1216,00,00000000,00000000,0,00000000,0000
1217,00,00000000,00000000,0,00000000,0000
1218,00,00000000,00000000,0,00000000,0000
1219,10,01100001,01100000,1,00000100,0100
1220,00,00000000,00000000,0,00000000,0000
1221,00,00000000,00000000,0,00000000,0000
1222,00,00000000,00000000,0,00000000,0000
1223,10,01100011,01100010,1,00000100,0100
1224,00,00000000,00000000,0,00000000,0000
1225,00,00000000,00000000,0,00000000,0000
1226,00,00000000,00000000,0,00000000,0000
1227,10,01100101,01100100,1,00000100,0100
1228,00,00000000,00000000,0,00000000,0000
1229,00,00000000,00000000,0,00000000,0000
1230,00,00000000,00000000,0,00000000,0000
1231,10,01100111,01100110,1,00000100,0100
1232,00,00000000,00000000,0,00000000,0000
1233,00,00000000,00000000,0,00000000,0000
1234,00,00000000,00000000,0,00000000,0000
1235,10,01101001,01101000,1,00000100,0100
1236,00,00000000,00000000,0,00000000,0000
1237,00,00000000,00000000,0,00000000,0000
1238,00,00000000,00000000,0,00000000,0000
1239,10,01101011,01101010,1,00000100,0100
1240,00,00000000,00000000,0,00000000,0000
1241,00,00000000,00000000,0,00000000,0000
1242,00,00000000,00000000,0,00000000,0000
1243,10,01101101,01101100,1,00000100,0100
1244,00,00000000,00000000,0,00000000,0000
1245,00,00000000,00000000,0,00000000,0000
1246,00,00000000,00000000,0,00000000,0000
1247,10,01101111,01101110,1,00000100,0100
1248,00,00000000,00000000,0,00000000,0000
1249,00,00000000,00000000,0,00000000,0000
1250,00,00000000,00000000,0,00000000,0000
1251,10,01110001,01110000,1,00000100,0100
1252,00,00000000,00000000,0,00000000,0000
1253,00,00000000,00000000,0,00000000,0000
1254,00,00000000,00000000,0,00000000,0000
1255,10,01110011,01110010,1,00000100,0100
1256,00,00000000,00000000,0,00000000,0000
1257,00,00000000,00000000,0,00000000,0000
1258,00,00000000,00000000,0,00000000,0000
1259,10,01110101,01110100,1,00000100,0100
1260,00,00000000,00000000,0,00000000,0000
1261,00,00000000,00000000,0,00000000,0000
1262,00,00000000,00000000,0,00000000,0000
1263,10,01110111,01110110,1,00000100,0100
1264,00,00000000,00000000,0,00000000,0000
1265,00,00000000,00000000,0,00000000,0000
1266,00,00000000,00000000,0,00000000,0000
1267,10,01111001,01111000,1,00000100,0100
1268,00,00000000,00000000,0,00000000,0000
1269,00,00000000,00000000,0,00000000,0000
1270,00,00000000,00000000,0,00000000,0000
1271,10,01111011,01111010,1,00000100,0100
1272,00,00000000,00000000,0,00000000,0000
1273,00,00000000,00000000,0,00000000,0000
1274,00,00000000,00000000,0,00000000,0000
1275,10,01111101,01111100,1,00000100,0100
1276,00,00000000,00000000,0,00000000,0000
1277,00,00000000,00000000,0,00000000,0000
1278,00,00000000,00000000,0,00000000,0000
1279,10,01111111,01111110,1,00000100,0100
1280,00,00000000,00000000,0,00000000,0000
1281,00,00000000,00000000,0,00000000,0000
1282,00,00000000,00000000,0,00000000,0000
1283,10,10000001,10000000,1,00000100,0100
1284,00,00000000,00000000,0,00000000,0000
1285,00,00000000,00000000,0,00000000,0000
1286,00,00000000,00000000,0,00000000,0000
1287,10,10000011,10000010,1,00000100,0100
1288,00,00000000,00000000,0,00000000,0000
1289,00,00000000,00000000,0,00000000,0000
1290,00,00000000,00000000,0,00000000,0000
1291,10,10000101,10000100,1,00000100,0100
1292,00,00000000,00000000,0,00000000,0000
1293,00,00000000,00000000,0,00000000,0000
1294,00,00000000,00000000,0,00000000,0000
1295,10,10000111,10000110,1,00000100,0100
1296,00,00000000,00000000,0,00000000,0000
1297,00,00000000,00000000,0,00000000,0000
1298,00,00000000,00000000,0,00000000,0000
1299,10,10001001,10001000,1,00000100,0100
1300,00,00000000,00000000,0,00000000,0000
1301,00,00000000,00000000,0,00000000,0000
1302,00,00000000,00000000,0,00000000,0000
1303,10,10001011,10001010,1,00000100,0100
1304,00,00000000,00000000,0,00000000,0000
1305,00,00000000,00000000,0,00000000,0000
1306,00,00000000,00000000,0,00000000,0000
1307,10,10001101,10001100,1,00000100,0100
1308,00,00000000,00000000,0,00000000,0000
1309,00,00000000,00000000,0,00000000,0000
1310,00,00000000,00000000,0,00000000,0000
1311,10,10001111,10001110,1,00000100,0100
1312,00,00000000,00000000,0,00000000,0000
1313,00,00000000,00000000,0,00000000,0000
1314,00,00000000,00000000,0,00000000,0000
1315,10,10010001,10010000,1,00000100,0100
1316,00,00000000,00000000,0,00000000,0000
1317,00,00000000,00000000,0,00000000,0000
1318,00,00000000,00000000,0,00000000,0000
1319,10,10010011,10010010,1,00000100,0100
1320,00,00000000,00000000,0,00000000,0000
1321,00,00000000,00000000,0,00000000,0000
1322,00,00000000,00000000,0,00000000,0000
1323,10,10010101,10010100,1,00000100,0100
1324,00,00000000,00000000,0,00000000,0000
1325,00,00000000,00000000,0,00000000,0000
1326,00,00000000,00000000,0,00000000,0000
1327,10,10010111,10010110,1,00000100,0100
1328,00,00000000,00000000,0,00000000,0000
1329,00,00000000,00000000,0,00000000,0000
1330,00,00000000,00000000,0,00000000,0000
1331,10,10011001,10011000,1,00000100,0100
1332,00,00000000,00000000,0,00000000,0000
1333,00,00000000,00000000,0,00000000,0000
1334,00,00000000,00000000,0,00000000,0000
1335,10,10011011,10011010,1,00000100,0100
1336,00,00000000,00000000,0,00000000,0000
1337,00,00000000,00000000,0,00000000,0000
1338,00,00000000,00000000,0,00000000,0000
1339,10,10011101,10011100,1,00000100,0100
1340,00,00000000,00000000,0,00000000,0000
1341,00,00000000,00000000,0,00000000,0000
1342,00,00000000,00000000,0,00000000,0000
1343,10,10011111,10011110,1,00000100,0100
1344,00,00000000,00000000,0,00000000,0000
1345,00,00000000,00000000,0,00000000,0000
1346,00,00000000,00000000,0,00000000,0000
1347,10,10100001,10100000,1,00000100,0100
1348,00,00000000,00000000,0,00000000,0000
1349,00,00000000,00000000,0,00000000,0000
1350,00,00000000,00000000,0,00000000,0000
1351,10,10100011,10100010,1,00000100,0100
1352,00,00000000,00000000,0,00000000,0000
1353,00,00000000,00000000,0,00000000,0000
1354,00,00000000,00000000,0,00000000,0000
1355,10,10100101,10100100,1,00000100,0100
1356,00,00000000,00000000,0,00000000,0000
1357,00,00000000,00000000,0,00000000,0000
1358,00,00000000,00000000,0,00000000,0000
1359,10,10100111,10100110,1,00000100,0100
1360,00,00000000,00000000,0,00000000,0000
1361,00,00000000,00000000,0,00000000,0000
1362,00,00000000,00000000,0,00000000,0000
1363,10,10101001,10101000,1,00000100,0100
1364,00,00000000,00000000,0,00000000,0000
1365,00,00000000,00000000,0,00000000,0000
1366,00,00000000,00000000,0,00000000,0000
1367,10,10101011,10101010,1,00000100,0100
1368,00,00000000,00000000,0,00000000,0000
1369,00,00000000,00000000,0,00000000,0000
1370,00,00000000,00000000,0,00000000,0000
1371,10,10101101,10101100,1,00000100,0100
1372,00,00000000,00000000,0,00000000,0000
1373,00,00000000,00000000,0,00000000,0000
1374,00,00000000,00000000,0,00000000,0000
1375,10,10101111,10101110,1,00000100,0100
1376,00,00000000,00000000,0,00000000,0000
1377,00,00000000,00000000,0,00000000,0000
1378,00,00000000,00000000,0,00000000,0000
1379,10,10110001,10110000,1,00000100,0100
1380,00,00000000,00000000,0,00000000,0000
1381,00,00000000,00000000,0,00000000,0000
1382,00,00000000,00000000,0,00000000,0000
1383,10,10110011,10110010,1,00000100,0100
1384,00,00000000,00000000,0,00000000,0000
1385,00,00000000,00000000,0,00000000,0000
1386,00,00000000,00000000,0,00000000,0000
1387,10,10110101,10110100,1,00000100,0100
1388,00,00000000,00000000,0,00000000,0000
1389,00,00000000,00000000,0,00000000,0000
1390,00,00000000,00000000,0,00000000,0000
1391,10,10110111,10110110,1,00000100,0100
1392,00,00000000,00000000,0,00000000,0000
1393,00,00000000,00000000,0,00000000,0000
1394,00,00000000,00000000,0,00000000,0000
1395,10,10111001,10111000,1,00000100,0100
1396,00,00000000,00000000,0,00000000,0000
1397,00,00000000,00000000,0,00000000,0000
1398,00,00000000,00000000,0,00000000,0000
1399,10,10111011,10111010,1,00000100,0100
1400,00,00000000,00000000,0,00000000,0000
1401,00,00000000,00000000,0,00000000,0000
1402,00,00000000,00000000,0,00000000,0000
1403,10,10111101,10111100,1,00000100,0100
1404,00,00000000,00000000,0,00000000,0000
1405,00,00000000,00000000,0,00000000,0000
1406,00,00000000,00000000,0,00000000,0000
1407,10,10111111,10111110,1,00000100,0100
1408,00,00000000,00000000,0,00000000,0000
1409,00,00000000,00000000,0,00000000,0000
1410,00,00000000,00000000,0,00000000,0000
1411,10,11000001,11000000,1,00000100,0100
1412,00,00000000,00000000,0,00000000,0000
1413,00,00000000,00000000,0,00000000,0000
1414,00,00000000,00000000,0,00000000,0000
1415,10,11000011,11000010,1,00000100,0100
1416,00,00000000,00000000,0,00000000,0000
1417,00,00000000,00000000,0,00000000,0000
1418,00,00000000,00000000,0,00000000,0000
1419,10,11000101,11000100,1,00000100,0100
1420,00,00000000,00000000,0,00000000,0000
1421,00,00000000,00000000,0,00000000,0000
1422,00,00000000,00000000,0,00000000,0000
1423,10,11000111,11000110,1,00000100,0100
1424,00,00000000,00000000,0,00000000,0000
1425,00,00000000,00000000,0,00000000,0000
1426,00,00000000,00000000,0,00000000,0000
1427,10,11001001,11001000,1,00000100,0100
1428,00,00000000,00000000,0,00000000,0000
1429,00,00000000,00000000,0,00000000,0000
1430,00,00000000,00000000,0,00000000,0000
1431,10,11001011,11001010,1,00000100,0100
1432,00,00000000,00000000,0,00000000,0000
1433,00,00000000,00000000,0,00000000,0000
1434,00,00000000,00000000,0,00000000,0000
1435,10,11001101,11001100,1,00000100,0100
1436,00,00000000,00000000,0,00000000,0000
1437,00,00000000,00000000,0,00000000,0000
1438,00,00000000,00000000,0,00000000,0000
1439,10,11001111,11001110,1,00000100,0100
1440,00,00000000,00000000,0,00000000,0000
1441,00,00000000,00000000,0,00000000,0000
1442,00,00000000,00000000,0,00000000,0000
1443,10,11010001,11010000,1,00000100,0100
1444,00,00000000,00000000,0,00000000,0000
1445,00,00000000,00000000,0,00000000,0000
1446,00,00000000,00000000,0,00000000,0000
1447,10,11010011,11010010,1,00000100,0100
1448,00,00000000,00000000,0,00000000,0000
1449,00,00000000,00000000,0,00000000,0000
1450,00,00000000,00000000,0,00000000,0000
1451,10,11010101,11010100,1,00000100,0100
1452,00,00000000,00000000,0,00000000,0000
1453,00,00000000,00000000,0,00000000,0000
1454,00,00000000,00000000,0,00000000,0000
1455,10,11010111,11010110,1,00000100,0100
1456,00,00000000,00000000,0,00000000,0000
1457,00,00000000,00000000,0,00000000,0000
1458,00,00000000,00000000,0,00000000,0000
1459,10,11011001,11011000,1,00000100,0100
1460,00,00000000,00000000,0,00000000,0000
1461,00,00000000,00000000,0,00000000,0000
1462,00,00000000,00000000,0,00000000,0000
1463,10,11011011,11011010,1,00000100,0100
1464,00,00000000,00000000,0,00000000,0000
1465,00,00000000,00000000,0,00000000,0000
1466,00,00000000,00000000,0,00000000,0000
1467,10,11011101,11011100,1,00000100,0100
1468,00,00000000,00000000,0,00000000,0000
1469,00,00000000,00000000,0,00000000,0000
1470,00,00000000,00000000,0,00000000,0000
1471,10,11011111,11011110,1,00000100,0100
1472,00,00000000,00000000,0,00000000,0000
1473,00,00000000,00000000,0,00000000,0000
1474,00,00000000,00000000,0,00000000,0000
1475,10,11100001,11100000,1,00000100,0100
1476,00,00000000,00000000,0,00000000,0000
1477,00,00000000,00000000,0,00000000,0000
1478,00,00000000,00000000,0,00000000,0000
1479,10,11100011,11100010,1,00000100,0100
1480,00,00000000,00000000,0,00000000,0000
1481,00,00000000,00000000,0,00000000,0000
1482,00,00000000,00000000,0,00000000,0000
1483,10,11100101,11100100,1,00000100,0100
1484,00,00000000,00000000,0,00000000,0000
1485,00,00000000,00000000,0,00000000,0000
1486,00,00000000,00000000,0,00000000,0000
1487,10,11100111,11100110,1,00000100,0100
1488,00,00000000,00000000,0,00000000,0000
1489,00,00000000,00000000,0,00000000,0000
1490,00,00000000,00000000,0,00000000,0000
1491,10,11101001,11101000,1,00000100,0100
1492,00,00000000,00000000,0,00000000,0000
1493,00,00000000,00000000,0,00000000,0000
1494,00,00000000,00000000,0,00000000,0000
1495,10,11101011,11101010,1,00000100,0100
1496,00,00000000,00000000,0,00000000,0000
1497,00,00000000,00000000,0,00000000,0000
1498,00,00000000,00000000,0,00000000,0000
1499,10,11101101,11101100,1,00000100,0100
1500,00,00000000,00000000,0,00000000,0000
1501,00,00000000,00000000,0,00000000,0000
1502,00,00000000,00000000,0,00000000,0000
1503,10,11101111,11101110,1,00000100,0100
1504,00,00000000,00000000,0,00000000,0000
1505,00,00000000,00000000,0,00000000,0000
1506,00,00000000,00000000,0,00000000,0000
1507,10,11110001,11110000,1,00000100,0100
1508,00,00000000,00000000,0,00000000,0000
1509,00,00000000,00000000,0,00000000,0000
1510,00,00000000,00000000,0,00000000,0000
1511,10,11110011,11110010,1,00000100,0100
1512,00,00000000,00000000,0,00000000,0000
1513,00,00000000,00000000,0,00000000,0000
1514,00,00000000,00000000,0,00000000,0000
1515,10,11110101,11110100,1,00000100,0100
1516,00,00000000,00000000,0,00000000,0000
1517,00,00000000,00000000,0,00000000,0000
1518,00,00000000,00000000,0,00000000,0000
1519,10,11110111,11110110,1,00000100,0100
1520,00,00000000,00000000,0,00000000,0000
1521,00,00000000,00000000,0,00000000,0000
1522,00,00000000,00000000,0,00000000,0000
1523,10,11111001,11111000,1,00000100,0100
1524,00,00000000,00000000,0,00000000,0000
1525,00,00000000,00000000,0,00000000,0000
1526,00,00000000,00000000,0,00000000,0000
1527,10,11111011,11111010,1,00000100,0100
1528,00,00000000,00000000,0,00000000,0000
1529,00,00000000,00000000,0,00000000,0000
1530,00,00000000,00000000,0,00000000,0000
1531,10,11111101,11111100,1,00000100,0100
1532,00,00000000,00000000,0,00000000,0000
1533,00,00000000,00000000,0,00000000,0000
1534,00,00000000,00000000,0,00000000,0000
1535,10,11111111,11111110,1,00000100,0100
1536,00,00000000,00000000,0,00000000,0000
1537,00,00000000,00000000,0,00000000,0000
1538,00,00000000,00000000,0,00000000,0000
1539,10,00000001,00000000,1,00000100,0100
1540,00,00000000,00000000,0,00000000,0000
1541,00,00000000,00000000,0,00000000,0000
1542,00,00000000,00000000,0,00000000,0000
1543,10,00000011,00000010,1,00000100,0100
1544,00,00000000,00000000,0,00000000,0000
1545,00,00000000,00000000,0,00000000,0000
1546,00,00000000,00000000,0,00000000,0000
1547,10,00000101,00000100,1,00000100,0100
1548,00,00000000,00000000,0,00000000,0000
1549,00,00000000,00000000,0,00000000,0000
1550,00,00000000,00000000,0,00000000,0000
1551,10,00000111,00000110,1,00000100,0100
1552,00,00000000,00000000,0,00000000,0000
1553,00,00000000,00000000,0,00000000,0000
1554,00,00000000,00000000,0,00000000,0000
1555,10,00001001,00001000,1,00000100,0100
1556,00,00000000,00000000,0,00000000,0000
1557,00,00000000,00000000,0,00000000,0000
1558,00,00000000,00000000,0,00000000,0000
1559,10,00001011,00001010,1,00000100,0100
1560,00,00000000,00000000,0,00000000,0000
1561,00,00000000,00000000,0,00000000,0000
1562,00,00000000,00000000,0,00000000,0000
1563,10,00001101,00001100,1,00000100,0100
1564,00,00000000,00000000,0,00000000,0000
1565,00,00000000,00000000,0,00000000,0000
1566,00,00000000,00000000,0,00000000,0000
1567,10,00001111,00001110,1,00000100,0100
1568,00,00000000,00000000,0,00000000,0000
1569,00,00000000,00000000,0,00000000,0000
1570,00,00000000,00000000,0,00000000,0000
1571,10,00010001,00010000,1,00000100,0100
1572,00,00000000,00000000,0,00000000,0000
1573,00,00000000,00000000,0,00000000,0000
1574,00,00000000,00000000,0,00000000,0000
1575,10,00010011,00010010,1,00000100,0100
1576,00,00000000,00000000,0,00000000,0000
1577,00,00000000,00000000,0,00000000,0000
1578,00,00000000,00000000,0,00000000,0000
1579,10,00010101,00010100,1,00000100,0100
1580,00,00000000,00000000,0,00000000,0000
1581,00,00000000,00000000,0,00000000,0000
1582,00,00000000,00000000,0,00000000,0000
1583,10,00010111,00010110,1,00000100,0100
1584,00,00000000,00000000,0,00000000,0000
1585,00,00000000,00000000,0,00000000,0000
1586,00,00000000,00000000,0,00000000,0000
1587,10,00011001,00011000,1,00000100,0100
1588,00,00000000,00000000,0,00000000,0000
1589,00,00000000,00000000,0,00000000,0000
1590,00,00000000,00000000,0,00000000,0000
1591,10,00011011,00011010,1,00000100,0100
1592,00,00000000,00000000,0,00000000,0000
1593,00,00000000,00000000,0,00000000,0000
1594,00,00000000,00000000,0,00000000,0000
1595,10,00011101,00011100,1,00000100,0100
1596,00,00000000,00000000,0,00000000,0000
1597,00,00000000,00000000,0,00000000,0000
1598,00,00000000,00000000,0,00000000,0000
1599,10,00011111,00011110,1,00000100,0100
1600,00,00000000,00000000,0,00000000,0000
1601,00,00000000,00000000,0,00000000,0000
1602,00,00000000,00000000,0,00000000,0000
1603,10,00100001,00100000,1,00000100,0100
1604,00,00000000,00000000,0,00000000,0000
1605,00,00000000,00000000,0,00000000,0000
1606,00,00000000,00000000,0,00000000,0000
1607,10,00100011,00100010,1,00000100,0100
1608,00,00000000,00000000,0,00000000,0000
1609,00,00000000,00000000,0,00000000,0000
1610,00,00000000,00000000,0,00000000,0000
1611,10,00100101,00100100,1,00000100,0100
1612,00,00000000,00000000,0,00000000,0000
1613,00,00000000,00000000,0,00000000,0000
1614,00,00000000,00000000,0,00000000,0000
1615,10,00100111,00100110,1,00000100,0100
1616,00,00000000,00000000,0,00000000,0000
1617,00,00000000,00000000,0,00000000,0000
1618,00,00000000,00000000,0,00000000,0000
1619,10,00101001,00101000,1,00000100,0100
1620,00,00000000,00000000,0,00000000,0000
1621,00,00000000,00000000,0,00000000,0000
1622,00,00000000,00000000,0,00000000,0000
1623,10,00101011,00101010,1,00000100,0100
1624,00,00000000,00000000,0,00000000,0000
1625,00,00000000,00000000,0,00000000,0000
1626,00,00000000,00000000,0,00000000,0000
1627,10,00101101,00101100,1,00000100,0100
1628,00,00000000,00000000,0,00000000,0000
1629,00,00000000,00000000,0,00000000,0000
1630,00,00000000,00000000,0,00000000,0000
1631,10,00101111,00101110,1,00000100,0100
1632,00,00000000,00000000,0,00000000,0000
1633,00,00000000,00000000,0,00000000,0000
1634,00,00000000,00000000,0,00000000,0000
1635,10,00110001,00110000,1,00000100,0100
1636,00,00000000,00000000,0,00000000,0000
1637,00,00000000,00000000,0,00000000,0000
1638,00,00000000,00000000,0,00000000,0000
1639,10,00110011,00110010,1,00000100,0100
1640,00,00000000,00000000,0,00000000,0000
1641,00,00000000,00000000,0,00000000,0000
1642,00,00000000,00000000,0,00000000,0000
1643,10,00110101,00110100,1,00000100,0100
1644,00,00000000,00000000,0,00000000,0000
1645,00,00000000,00000000,0,00000000,0000
1646,00,00000000,00000000,0,00000000,0000
1647,10,00110111,00110110,1,00000100,0100
1648,00,00000000,00000000,0,00000000,0000
1649,00,00000000,00000000,0,00000000,0000
1650,00,00000000,00000000,0,00000000,0000
1651,10,00111001,00111000,1,00000100,0100
1652,00,00000000,00000000,0,00000000,0000
1653,00,00000000,00000000,0,00000000,0000
1654,00,00000000,00000000,0,00000000,0000
1655,10,00111011,00111010,1,00000100,0100
1656,00,00000000,00000000,0,00000000,0000
1657,00,00000000,00000000,0,00000000,0000
1658,00,00000000,00000000,0,00000000,0000
1659,10,00111101,00111100,1,00000100,0100
1660,00,00000000,00000000,0,00000000,0000
1661,00,00000000,00000000,0,00000000,0000
1662,00,00000000,00000000,0,00000000,0000
1663,10,00111111,00111110,1,00000100,0100
1664,00,00000000,00000000,0,00000000,0000
1665,00,00000000,00000000,0,00000000,0000
1666,00,00000000,00000000,0,00000000,0000
1667,10,01000001,01000000,1,00000100,0100
1668,00,00000000,00000000,0,00000000,0000
1669,00,00000000,00000000,0,00000000,0000
1670,00,00000000,00000000,0,00000000,0000
1671,10,01000011,01000010,1,00000100,0100
1672,00,00000000,00000000,0,00000000,0000
1673,00,00000000,00000000,0,00000000,0000
1674,00,00000000,00000000,0,00000000,0000
1675,10,01000101,01000100,1,00000100,0100
1676,00,00000000,00000000,0,00000000,0000
1677,00,00000000,00000000,0,00000000,0000
1678,00,00000000,00000000,0,00000000,0000
1679,10,01000111,01000110,1,00000100,0100
1680,00,00000000,00000000,0,00000000,0000
1681,00,00000000,00000000,0,00000000,0000
1682,00,00000000,00000000,0,00000000,0000
1683,10,01001001,01001000,1,00000100,0100
1684,00,00000000,00000000,0,00000000,0000
1685,00,00000000,00000000,0,00000000,0000
1686,00,00000000,00000000,0,00000000,0000
1687,10,01001011,01001010,1,00000100,0100
1688,00,00000000,00000000,0,00000000,0000
1689,00,00000000,00000000,0,00000000,0000
1690,00,00000000,00000000,0,00000000,0000
1691,10,01001101,01001100,1,00000100,0100
1692,00,00000000,00000000,0,00000000,0000
1693,00,00000000,00000000,0,00000000,0000
1694,00,00000000,00000000,0,00000000,0000
1695,10,01001111,01001110,1,00000100,0100
1696,00,00000000,00000000,0,00000000,0000
1697,00,00000000,00000000,0,00000000,0000
1698,00,00000000,00000000,0,00000000,0000
1699,10,01010001,01010000,1,00000100,0100
1700,00,00000000,00000000,0,00000000,0000
1701,00,00000000,00000000,0,00000000,0000
1702,00,00000000,00000000,0,00000000,0000
1703,10,01010011,01010010,1,00000100,0100
1704,00,00000000,00000000,0,00000000,0000
1705,00,00000000,00000000,0,00000000,0000
1706,00,00000000,00000000,0,00000000,0000
1707,10,01010101,01010100,1,00000100,0100
1708,00,00000000,00000000,0,00000000,0000
1709,00,00000000,00000000,0,00000000,0000
1710,00,00000000,00000000,0,00000000,0000
1711,10,01010111,01010110,1,00000100,0100
1712,00,00000000,00000000,0,00000000,0000
1713,00,00000000,00000000,0,00000000,0000
1714,00,00000000,00000000,0,00000000,0000
1715,10,01011001,01011000,1,00000100,0100
1716,00,00000000,00000000,0,00000000,0000
1717,00,00000000,00000000,0,00000000,0000
1718,00,00000000,00000000,0,00000000,0000
1719,10,01011011,01011010,1,00000100,0100
1720,00,00000000,00000000,0,00000000,0000
1721,00,00000000,00000000,0,00000000,0000
1722,00,00000000,00000000,0,00000000,0000
1723,10,01011101,01011100,1,00000100,0100
1724,00,00000000,00000000,0,00000000,0000
1725,00,00000000,00000000,0,00000000,0000
1726,00,00000000,00000000,0,00000000,0000
1727,10,01011111,01011110,1,00000100,0100
1728,00,00000000,00000000,0,00000000,0000
1729,00,00000000,00000000,0,00000000,0000
1730,00,00000000,00000000,0,00000000,0000
1731,10,01100001,01100000,1,00000100,0100
1732,00,00000000,00000000,0,00000000,0000
1733,00,00000000,00000000,0,00000000,0000
1734,00,00000000,00000000,0,00000000,0000
1735,10,01100011,01100010,1,00000100,0100
1736,00,00000000,00000000,0,00000000,0000
1737,00,00000000,00000000,0,00000000,0000
1738,00,00000000,00000000,0,00000000,0000
1739,10,01100101,01100100,1,00000100,0100
1740,00,00000000,00000000,0,00000000,0000
1741,00,00000000,00000000,0,00000000,0000
1742,00,00000000,00000000,0,00000000,0000
1743,10,01100111,01100110,1,00000100,0100
1744,00,00000000,00000000,0,00000000,0000
1745,00,00000000,00000000,0,00000000,0000
1746,00,00000000,00000000,0,00000000,0000
1747,10,01101001,01101000,1,00000100,0100
1748,00,00000000,00000000,0,00000000,0000
1749,00,00000000,00000000,0,00000000,0000
1750,00,00000000,00000000,0,00000000,0000
1751,10,01101011,01101010,1,00000100,0100
1752,00,00000000,00000000,0,00000000,0000
1753,00,00000000,00000000,0,00000000,0000
1754,00,00000000,00000000,0,00000000,0000
1755,10,01101101,01101100,1,00000100,0100
1756,00,00000000,00000000,0,00000000,0000
1757,00,00000000,00000000,0,00000000,0000
1758,00,00000000,00000000,0,00000000,0000
1759,10,01101111,01101110,1,00000100,0100
1760,00,00000000,00000000,0,00000000,0000
1761,00,00000000,00000000,0,00000000,0000
1762,00,00000000,00000000,0,00000000,0000
1763,10,01110001,01110000,1,00000100,0100
1764,00,00000000,00000000,0,00000000,0000
1765,00,00000000,00000000,0,00000000,0000
1766,00,00000000,00000000,0,00000000,0000
1767,10,01110011,01110010,1,00000100,0100
1768,00,00000000,00000000,0,00000000,0000
1769,00,00000000,00000000,0,00000000,0000
1770,00,00000000,00000000,0,00000000,0000
1771,10,01110101,01110100,1,00000100,0100
1772,00,00000000,00000000,0,00000000,0000
1773,00,00000000,00000000,0,00000000,0000
1774,00,00000000,00000000,0,00000000,0000
1775,10,01110111,01110110,1,00000100,0100
1776,00,00000000,00000000,0,00000000,0000
1777,00,00000000,00000000,0,00000000,0000
1778,00,00000000,00000000,0,00000000,0000
1779,10,01111001,01111000,1,00000100,0100
1780,00,00000000,00000000,0,00000000,0000
1781,00,00000000,00000000,0,00000000,0000
1782,00,00000000,00000000,0,00000000,0000
1783,10,01111011,01111010,1,00000100,0100
1784,00,00000000,00000000,0,00000000,0000
1785,00,00000000,00000000,0,00000000,0000
1786,00,00000000,00000000,0,00000000,0000
1787,10,01111101,01111100,1,00000100,0100
1788,00,00000000,00000000,0,00000000,0000
1789,00,00000000,00000000,0,00000000,0000
1790,00,00000000,00000000,0,00000000,0000
1791,10,01111111,01111110,1,00000100,0100
1792,00,00000000,00000000,0,00000000,0000
1793,00,00000000,00000000,0,00000000,0000
1794,00,00000000,00000000,0,00000000,0000
1795,10,10000001,10000000,1,00000100,0100
1796,00,00000000,00000000,0,00000000,0000
1797,00,00000000,00000000,0,00000000,0000
1798,00,00000000,00000000,0,00000000,0000
1799,10,10000011,10000010,1,00000100,0100
1800,00,00000000,00000000,0,00000000,0000
1801,00,00000000,00000000,0,00000000,0000
1802,00,00000000,00000000,0,00000000,0000
1803,10,10000101,10000100,1,00000100,0100
1804,00,00000000,00000000,0,00000000,0000
1805,00,00000000,00000000,0,00000000,0000
1806,00,00000000,00000000,0,00000000,0000
1807,10,10000111,10000110,1,00000100,0100
1808,00,00000000,00000000,0,00000000,0000
1809,00,00000000,00000000,0,00000000,0000
1810,00,00000000,00000000,0,00000000,0000
1811,10,10001001,10001000,1,00000100,0100
1812,00,00000000,00000000,0,00000000,0000
1813,00,00000000,00000000,0,00000000,0000
1814,00,00000000,00000000,0,00000000,0000
1815,10,10001011,10001010,1,00000100,0100
1816,00,00000000,00000000,0,00000000,0000
1817,00,00000000,00000000,0,00000000,0000
1818,00,00000000,00000000,0,00000000,0000
1819,10,10001101,10001100,1,00000100,0100
1820,00,00000000,00000000,0,00000000,0000
1821,00,00000000,00000000,0,00000000,0000
1822,00,00000000,00000000,0,00000000,0000
1823,10,10001111,10001110,1,00000100,0100
1824,00,00000000,00000000,0,00000000,0000
1825,00,00000000,00000000,0,00000000,0000
1826,00,00000000,00000000,0,00000000,0000
1827,10,10010001,10010000,1,00000100,0100
1828,00,00000000,00000000,0,00000000,0000
1829,00,00000000,00000000,0,00000000,0000
1830,00,00000000,00000000,0,00000000,0000
1831,10,10010011,10010010,1,00000100,0100
1832,00,00000000,00000000,0,00000000,0000
1833,00,00000000,00000000,0,00000000,0000
1834,00,00000000,00000000,0,00000000,0000
1835,10,10010101,10010100,1,00000100,0100
1836,00,00000000,00000000,0,00000000,0000
1837,00,00000000,00000000,0,00000000,0000
1838,00,00000000,00000000,0,00000000,0000
1839,10,10010111,10010110,1,00000100,0100
1840,00,00000000,00000000,0,00000000,0000
1841,00,00000000,00000000,0,00000000,0000
1842,00,00000000,00000000,0,00000000,0000
1843,10,10011001,10011000,1,00000100,0100
1844,00,00000000,00000000,0,00000000,0000
1845,00,00000000,00000000,0,00000000,0000
1846,00,00000000,00000000,0,00000000,0000
1847,10,10011011,10011010,1,00000100,0100
1848,00,00000000,00000000,0,00000000,0000
1849,00,00000000,00000000,0,00000000,0000
1850,00,00000000,00000000,0,00000000,0000
1851,10,10011101,10011100,1,00000100,0100
1852,00,00000000,00000000,0,00000000,0000
1853,00,00000000,00000000,0,00000000,0000
1854,00,00000000,00000000,0,00000000,0000
1855,10,10011111,10011110,1,00000100,0100
1856,00,00000000,00000000,0,00000000,0000
1857,00,00000000,00000000,0,00000000,0000
1858,00,00000000,00000000,0,00000000,0000
1859,10,10100001,10100000,1,00000100,0100
1860,00,00000000,00000000,0,00000000,0000
1861,00,00000000,00000000,0,00000000,0000
1862,00,00000000,00000000,0,00000000,0000
1863,10,10100011,10100010,1,00000100,0100
1864,00,00000000,00000000,0,00000000,0000
1865,00,00000000,00000000,0,00000000,0000
1866,00,00000000,00000000,0,00000000,0000
1867,10,10100101,10100100,1,00000100,0100
1868,00,00000000,00000000,0,00000000,0000
1869,00,00000000,00000000,0,00000000,0000
1870,00,00000000,00000000,0,00000000,0000
1871,10,10100111,10100110,1,00000100,0100
1872,00,00000000,00000000,0,00000000,0000
1873,00,00000000,00000000,0,00000000,0000
1874,00,00000000,00000000,0,00000000,0000
1875,10,10101001,10101000,1,00000100,0100
1876,00,00000000,00000000,0,00000000,0000
1877,00,00000000,00000000,0,00000000,0000
1878,00,00000000,00000000,0,00000000,0000
1879,10,10101011,10101010,1,00000100,0100
1880,00,00000000,00000000,0,00000000,0000
1881,00,00000000,00000000,0,00000000,0000
1882,00,00000000,00000000,0,00000000,0000
1883,10,10101101,10101100,1,00000100,0100
1884,00,00000000,00000000,0,00000000,0000
1885,00,00000000,00000000,0,00000000,0000
1886,00,00000000,00000000,0,00000000,0000
1887,10,10101111,10101110,1,00000100,0100
1888,00,00000000,00000000,0,00000000,0000
1889,00,00000000,00000000,0,00000000,0000
1890,00,00000000,00000000,0,00000000,0000
1891,10,10110001,10110000,1,00000100,0100
1892,00,00000000,00000000,0,00000000,0000
1893,00,00000000,00000000,0,00000000,0000
1894,00,00000000,00000000,0,00000000,0000
1895,10,10110011,10110010,1,00000100,0100
1896,00,00000000,00000000,0,00000000,0000
1897,00,00000000,00000000,0,00000000,0000
1898,00,00000000,00000000,0,00000000,0000
1899,10,10110101,10110100,1,00000100,0100
1900,00,00000000,00000000,0,00000000,0000
1901,00,00000000,00000000,0,00000000,0000
1902,00,00000000,00000000,0,00000000,0000
1903,10,10110111,10110110,1,00000100,0100
1904,00,00000000,00000000,0,00000000,0000
1905,00,00000000,00000000,0,00000000,0000
1906,00,00000000,00000000,0,00000000,0000
1907,10,10111001,10111000,1,00000100,0100
1908,00,00000000,00000000,0,00000000,0000
1909,00,00000000,00000000,0,00000000,0000
1910,00,00000000,00000000,0,00000000,0000
1911,10,10111011,10111010,1,00000100,0100
1912,00,00000000,00000000,0,00000000,0000
1913,00,00000000,00000000,0,00000000,0000
1914,00,00000000,00000000,0,00000000,0000
1915,10,10111101,10111100,1,00000100,0100
1916,00,00000000,00000000,0,00000000,0000
1917,00,00000000,00000000,0,00000000,0000
1918,00,00000000,00000000,0,00000000,0000
1919,10,10111111,10111110,1,00000100,0100
1920,00,00000000,00000000,0,00000000,0000
1921,00,00000000,00000000,0,00000000,0000
1922,00,00000000,00000000,0,00000000,0000
1923,10,11000001,11000000,1,00000100,0100
1924,00,00000000,00000000,0,00000000,0000
1925,00,00000000,00000000,0,00000000,0000
1926,00,00000000,00000000,0,00000000,0000
1927,10,11000011,11000010,1,00000100,0100
1928,00,00000000,00000000,0,00000000,0000
1929,00,00000000,00000000,0,00000000,0000
1930,00,00000000,00000000,0,00000000,0000
1931,10,11000101,11000100,1,00000100,0100
1932,00,00000000,00000000,0,00000000,0000
1933,00,00000000,00000000,0,00000000,0000
1934,00,00000000,00000000,0,00000000,0000
1935,10,11000111,11000110,1,00000100,0100
1936,00,00000000,00000000,0,00000000,0000
1937,00,00000000,00000000,0,00000000,0000
1938,00,00000000,00000000,0,00000000,0000
1939,10,11001001,11001000,1,00000100,0100
1940,00,00000000,00000000,0,00000000,0000
1941,00,00000000,00000000,0,00000000,0000
1942,00,00000000,00000000,0,00000000,0000
1943,10,11001011,11001010,1,00000100,0100
1944,00,00000000,00000000,0,00000000,0000
1945,00,00000000,00000000,0,00000000,0000
1946,00,00000000,00000000,0,00000000,0000
1947,10,11001101,11001100,1,00000100,0100
1948,00,00000000,00000000,0,00000000,0000
1949,00,00000000,00000000,0,00000000,0000
1950,00,00000000,00000000,0,00000000,0000
1951,10,11001111,11001110,1,00000100,0100
1952,00,00000000,00000000,0,00000000,0000
1953,00,00000000,00000000,0,00000000,0000
1954,00,00000000,00000000,0,00000000,0000
1955,10,11010001,11010000,1,00000100,0100
1956,00,00000000,00000000,0,00000000,0000
1957,00,00000000,00000000,0,00000000,0000
1958,00,00000000,00000000,0,00000000,0000
1959,10,11010011,11010010,1,00000100,0100
1960,00,00000000,00000000,0,00000000,0000
1961,00,00000000,00000000,0,00000000,0000
1962,00,00000000,00000000,0,00000000,0000
1963,10,11010101,11010100,1,00000100,0100
1964,00,00000000,00000000,0,00000000,0000
1965,00,00000000,00000000,0,00000000,0000
1966,00,00000000,00000000,0,00000000,0000
1967,10,11010111,11010110,1,00000100,0100
1968,00,00000000,00000000,0,00000000,0000
1969,00,00000000,00000000,0,00000000,0000
1970,00,00000000,00000000,0,00000000,0000
1971,10,11011001,11011000,1,00000100,0100
1972,00,00000000,00000000,0,00000000,0000
1973,00,00000000,00000000,0,00000000,0000
1974,00,00000000,00000000,0,00000000,0000
1975,10,11011011,11011010,1,00000100,0100
1976,00,00000000,00000000,0,00000000,0000
1977,00,00000000,00000000,0,00000000,0000
1978,00,00000000,00000000,0,00000000,0000
1979,10,11011101,11011100,1,00000100,0100
1980,00,00000000,00000000,0,00000000,0000
1981,00,00000000,00000000,0,00000000,0000
1982,00,00000000,00000000,0,00000000,0000
1983,10,11011111,11011110,1,00000100,0100
1984,00,00000000,00000000,0,00000000,0000
1985,00,00000000,00000000,0,00000000,0000
1986,00,00000000,00000000,0,00000000,0000
1987,10,11100001,11100000,1,00000100,0100
1988,00,00000000,00000000,0,00000000,0000
1989,00,00000000,00000000,0,00000000,0000
1990,00,00000000,00000000,0,00000000,0000
1991,10,11100011,11100010,1,00000100,0100
1992,00,00000000,00000000,0,00000000,0000
1993,00,00000000,00000000,0,00000000,0000
1994,00,00000000,00000000,0,00000000,0000
1995,10,11100101,11100100,1,00000100,0100
1996,00,00000000,00000000,0,00000000,0000
1997,00,00000000,00000000,0,00000000,0000
1998,00,00000000,00000000,0,00000000,0000
1999,10,11100111,11100110,1,00000100,0100
2000,00,00000000,00000000,0,00000000,0000
2001,00,00000000,00000000,0,00000000,0000
2002,00,00000000,00000000,0,00000000,0000
2003,10,11101001,11101000,1,00000100,0100
2004,00,00000000,00000000,0,00000000,0000
2005,00,00000000,00000000,0,00000000,0000
2006,00,00000000,00000000,0,00000000,0000
2007,10,11101011,11101010,1,00000100,0100
2008,00,00000000,00000000,0,00000000,0000
2009,00,00000000,00000000,0,00000000,0000
2010,00,00000000,00000000,0,00000000,0000
2011,10,11101101,11101100,1,00000100,0100
2012,00,00000000,00000000,0,00000000,0000
2013,00,00000000,00000000,0,00000000,0000
2014,00,00000000,00000000,0,00000000,0000
2015,10,11101111,11101110,1,00000100,0100
2016,00,00000000,00000000,0,00000000,0000
2017,00,00000000,00000000,0,00000000,0000
2018,00,00000000,00000000,0,00000000,0000
2019,10,11110001,11110000,1,00000100,0100
2020,00,00000000,00000000,0,00000000,0000
2021,00,00000000,00000000,0,00000000,0000
2022,00,00000000,00000000,0,00000000,0000
2023,10,11110011,11110010,1,00000100,0100
2024,00,00000000,00000000,0,00000000,0000
2025,00,00000000,00000000,0,00000000,0000
2026,00,00000000,00000000,0,00000000,0000
2027,10,11110101,11110100,1,00000100,0100
2028,00,00000000,00000000,0,00000000,0000
2029,00,00000000,00000000,0,00000000,0000
2030,00,00000000,00000000,0,00000000,0000
2031,10,11110111,11110110,1,00000100,0100
2032,00,00000000,00000000,0,00000000,0000
2033,00,00000000,00000000,0,00000000,0000
2034,00,00000000,00000000,0,00000000,0000
2035,10,11111001,11111000,1,00000100,0100
2036,00,00000000,00000000,0,00000000,0000
2037,00,00000000,00000000,0,00000000,0000
2038,00,00000000,00000000,0,00000000,0000
2039,10,11111011,11111010,1,00000100,0100
2040,00,00000000,00000000,0,00000000,0000
2041,00,00000000,00000000,0,00000000,0000
2042,00,00000000,00000000,0,00000000,0000
2043,10,11111101,11111100,1,00000100,0100
2044,00,00000000,00000000,0,00000000,0000
2045,00,00000000,00000000,0,00000000,0000
2046,00,00000000,00000000,0,00000000,0000
2047,10,11111111,11111110,1,00000100,0100
2048,00,00000000,00000000,0,00000000,0000
2049,00,00000000,00000000,0,00000000,0000
2050,00,00000000,00000000,0,00000000,0000
2051,10,00000001,00000000,1,00000100,0100
2052,00,00000000,00000000,0,00000000,0000
2053,00,00000000,00000000,0,00000000,0000
2054,00,00000000,00000000,0,00000000,0000
2055,10,00000011,00000010,1,00000100,0100
2056,00,00000000,00000000,0,00000000,0000
2057,00,00000000,00000000,0,00000000,0000
2058,00,00000000,00000000,0,00000000,0000
2059,10,00000101,00000100,1,00000100,0100
2060,00,00000000,00000000,0,00000000,0000
2061,00,00000000,00000000,0,00000000,0000
2062,00,00000000,00000000,0,00000000,0000
2063,10,00000111,00000110,1,00000100,0100
2064,00,00000000,00000000,0,00000000,0000
2065,00,00000000,00000000,0,00000000,0000
2066,00,00000000,00000000,0,00000000,0000
2067,10,00001001,00001000,1,00000100,0100
2068,00,00000000,00000000,0,00000000,0000
2069,00,00000000,00000000,0,00000000,0000
2070,00,00000000,00000000,0,00000000,0000
2071,10,00001011,00001010,1,00000100,0100
2072,00,00000000,00000000,0,00000000,0000
2073,00,00000000,00000000,0,00000000,0000
2074,00,00000000,00000000,0,00000000,0000
2075,10,00001101,00001100,1,00000100,0100
2076,00,00000000,00000000,0,00000000,0000
2077,00,00000000,00000000,0,00000000,0000
2078,00,00000000,00000000,0,00000000,0000
2079,10,00001111,00001110,1,00000100,0100
2080,00,00000000,00000000,0,00000000,0000
2081,00,00000000,00000000,0,00000000,0000
2082,00,00000000,00000000,0,00000000,0000
2083,10,00010001,00010000,1,00000100,0100
2084,00,00000000,00000000,0,00000000,0000
2085,00,00000000,00000000,0,00000000,0000
2086,00,00000000,00000000,0,00000000,0000
2087,10,00010011,00010010,1,00000100,0100
2088,00,00000000,00000000,0,00000000,0000
2089,00,00000000,00000000,0,00000000,0000
2090,00,00000000,00000000,0,00000000,0000
2091,10,00010101,00010100,1,00000100,0100
2092,00,00000000,00000000,0,00000000,0000
2093,00,00000000,00000000,0,00000000,0000
2094,00,00000000,00000000,0,00000000,0000
2095,10,00010111,00010110,1,00000100,0100
2096,00,00000000,00000000,0,00000000,0000
2097,00,00000000,00000000,0,00000000,0000
2098,00,00000000,00000000,0,00000000,0000
2099,10,00011001,00011000,1,00000100,0100
2100,00,00000000,00000000,0,00000000,0000
2101,00,00000000,00000000,0,00000000,0000
2102,00,00000000,00000000,0,00000000,0000
2103,10,00011011,00011010,1,00000100,0100
2104,00,00000000,00000000,0,00000000,0000
2105,00,00000000,00000000,0,00000000,0000
2106,00,00000000,00000000,0,00000000,0000
2107,10,00011101,00011100,1,00000100,0100
2108,00,00000000,00000000,0,00000000,0000
2109,00,00000000,00000000,0,00000000,0000
2110,00,00000000,00000000,0,00000000,0000
2111,10,00011111,00011110,1,00000100,0100
2112,00,00000000,00000000,0,00000000,0000
2113,00,00000000,00000000,0,00000000,0000
2114,00,00000000,00000000,0,00000000,0000
2115,10,00100001,00100000,1,00000100,0100
2116,00,00000000,00000000,0,00000000,0000
2117,00,00000000,00000000,0,00000000,0000
2118,00,00000000,00000000,0,00000000,0000
2119,10,00100011,00100010,1,00000100,0100
2120,00,00000000,00000000,0,00000000,0000
2121,00,00000000,00000000,0,00000000,0000
2122,00,00000000,00000000,0,00000000,0000
2123,10,00100101,00100100,1,00000100,0100
2124,00,00000000,00000000,0,00000000,0000
2125,00,00000000,00000000,0,00000000,0000
2126,00,00000000,00000000,0,00000000,0000
2127,10,00100111,00100110,1,00000100,0100
2128,00,00000000,00000000,0,00000000,0000
2129,00,00000000,00000000,0,00000000,0000
2130,00,00000000,00000000,0,00000000,0000
2131,10,00101001,00101000,1,00000100,0100
2132,00,00000000,00000000,0,00000000,0000
2133,00,00000000,00000000,0,00000000,0000
2134,00,00000000,00000000,0,00000000,0000
2135,10,00101011,00101010,1,00000100,0100
2136,00,00000000,00000000,0,00000000,0000
2137,00,00000000,00000000,0,00000000,0000
2138,00,00000000,00000000,0,00000000,0000
2139,10,00101101,00101100,1,00000100,0100
2140,00,00000000,00000000,0,00000000,0000
2141,00,00000000,00000000,0,00000000,0000
2142,00,00000000,00000000,0,00000000,0000
2143,10,00101111,00101110,1,00000100,0100
2144,00,00000000,00000000,0,00000000,0000
2145,00,00000000,00000000,0,00000000,0000
2146,00,00000000,00000000,0,00000000,0000
2147,10,00110001,00110000,1,00000100,0100
2148,00,00000000,00000000,0,00000000,0000
2149,00,00000000,00000000,0,00000000,0000
2150,00,00000000,00000000,0,00000000,0000
2151,10,00110011,00110010,1,00000100,0100
2152,00,00000000,00000000,0,00000000,0000
2153,00,00000000,00000000,0,00000000,0000
2154,00,00000000,00000000,0,00000000,0000
2155,10,00110101,00110100,1,00000100,0100
2156,00,00000000,00000000,0,00000000,0000
2157,00,00000000,00000000,0,00000000,0000
2158,00,00000000,00000000,0,00000000,0000
2159,10,00110111,00110110,1,00000100,0100
2160,00,00000000,00000000,0,00000000,0000
2161,00,00000000,00000000,0,00000000,0000
2162,00,00000000,00000000,0,00000000,0000
2163,10,00111001,00111000,1,00000100,0100
2164,00,00000000,00000000,0,00000000,0000
2165,00,00000000,00000000,0,00000000,0000
2166,00,00000000,00000000,0,00000000,0000
2167,10,00111011,00111010,1,00000100,0100
2168,00,00000000,00000000,0,00000000,0000
2169,00,00000000,00000000,0,00000000,0000
2170,00,00000000,00000000,0,00000000,0000
2171,10,00111101,00111100,1,00000100,0100
2172,00,00000000,00000000,0,00000000,0000
2173,00,00000000,00000000,0,00000000,0000
2174,00,00000000,00000000,0,00000000,0000
2175,10,00111111,00111110,1,00000100,0100
2176,00,00000000,00000000,0,00000000,0000
2177,00,00000000,00000000,0,00000000,0000
2178,00,00000000,00000000,0,00000000,0000
2179,10,01000001,01000000,1,00000100,0100
2180,00,00000000,00000000,0,00000000,0000
2181,00,00000000,00000000,0,00000000,0000
2182,00,00000000,00000000,0,00000000,0000
2183,10,01000011,01000010,1,00000100,0100
2184,00,00000000,00000000,0,00000000,0000
2185,00,00000000,00000000,0,00000000,0000
2186,00,00000000,00000000,0,00000000,0000
2187,10,01000101,01000100,1,00000100,0100
2188,00,00000000,00000000,0,00000000,0000
2189,00,00000000,00000000,0,00000000,0000
2190,00,00000000,00000000,0,00000000,0000
2191,10,01000111,01000110,1,00000100,0100
2192,00,00000000,00000000,0,00000000,0000
2193,00,00000000,00000000,0,00000000,0000
2194,00,00000000,00000000,0,00000000,0000
2195,10,01001001,01001000,1,00000100,0100
2196,00,00000000,00000000,0,00000000,0000
2197,00,00000000,00000000,0,00000000,0000
2198,00,00000000,00000000,0,00000000,0000
2199,10,01001011,01001010,1,00000100,0100
2200,00,00000000,00000000,0,00000000,0000
2201,00,00000000,00000000,0,00000000,0000
2202,00,00000000,00000000,0,00000000,0000
2203,10,01001101,01001100,1,00000100,0100
2204,00,00000000,00000000,0,00000000,0000
2205,00,00000000,00000000,0,00000000,0000
2206,00,00000000,00000000,0,00000000,0000
2207,10,01001111,01001110,1,00000100,0100
2208,00,00000000,00000000,0,00000000,0000
2209,00,00000000,00000000,0,00000000,0000
2210,00,00000000,00000000,0,00000000,0000
2211,10,01010001,01010000,1,00000100,0100
2212,00,00000000,00000000,0,00000000,0000
2213,00,00000000,00000000,0,00000000,0000
2214,00,00000000,00000000,0,00000000,0000
2215,10,01010011,01010010,1,00000100,0100
2216,00,00000000,00000000,0,00000000,0000
2217,00,00000000,00000000,0,00000000,0000
2218,00,00000000,00000000,0,00000000,0000
2219,10,01010101,01010100,1,00000100,0100
2220,00,00000000,00000000,0,00000000,0000
2221,00,00000000,00000000,0,00000000,0000
2222,00,00000000,00000000,0,00000000,0000
2223,10,01010111,01010110,1,00000100,0100
2224,00,00000000,00000000,0,00000000,0000
2225,00,00000000,00000000,0,00000000,0000
2226,00,00000000,00000000,0,00000000,0000
2227,10,01011001,01011000,1,00000100,0100
2228,00,00000000,00000000,0,00000000,0000
2229,00,00000000,00000000,0,00000000,0000
2230,00,00000000,00000000,0,00000000,0000
2231,10,01011011,01011010,1,00000100,0100
2232,00,00000000,00000000,0,00000000,0000
2233,00,00000000,00000000,0,00000000,0000
2234,00,00000000,00000000,0,00000000,0000
2235,10,01011101,01011100,1,00000100,0100
2236,00,00000000,00000000,0,00000000,0000
2237,00,00000000,00000000,0,00000000,0000
2238,00,00000000,00000000,0,00000000,0000
2239,10,01011111,01011110,1,00000100,0100
2240,00,00000000,00000000,0,00000000,0000
2241,00,00000000,00000000,0,00000000,0000
2242,00,00000000,00000000,0,00000000,0000
2243,10,01100001,01100000,1,00000100,0100
2244,00,00000000,00000000,0,00000000,0000
2245,00,00000000,00000000,0,00000000,0000
2246,00,00000000,00000000,0,00000000,0000
2247,10,01100011,01100010,1,00000100,0100
2248,00,00000000,00000000,0,00000000,0000
2249,00,00000000,00000000,0,00000000,0000
2250,00,00000000,00000000,0,00000000,0000
2251,10,01100101,01100100,1,00000100,0100
2252,00,00000000,00000000,0,00000000,0000
2253,00,00000000,00000000,0,00000000,0000
2254,00,00000000,00000000,0,00000000,0000
2255,10,01100111,01100110,1,00000100,0100
2256,00,00000000,00000000,0,00000000,0000
2257,00,00000000,00000000,0,00000000,0000
2258,00,00000000,00000000,0,00000000,0000
2259,10,01101001,01101000,1,00000100,0100
2260,00,00000000,00000000,0,00000000,0000
2261,00,00000000,00000000,0,00000000,0000
2262,00,00000000,00000000,0,00000000,0000
2263,10,01101011,01101010,1,00000100,0100
2264,00,00000000,00000000,0,00000000,0000
2265,00,00000000,00000000,0,00000000,0000
2266,00,00000000,00000000,0,00000000,0000
2267,10,01101101,01101100,1,00000100,0100
2268,00,00000000,00000000,0,00000000,0000
2269,00,00000000,00000000,0,00000000,0000
2270,00,00000000,00000000,0,00000000,0000
2271,10,01101111,01101110,1,00000100,0100
2272,00,00000000,00000000,0,00000000,0000
2273,00,00000000,00000000,0,00000000,0000
2274,00,00000000,00000000,0,00000000,0000
2275,10,01110001,01110000,1,00000100,0100
2276,00,00000000,00000000,0,00000000,0000
2277,00,00000000,00000000,0,00000000,0000
2278,00,00000000,00000000,0,00000000,0000
2279,10,01110011,01110010,1,00000100,0100
2280,00,00000000,00000000,0,00000000,0000
2281,00,00000000,00000000,0,00000000,0000
2282,00,00000000,00000000,0,00000000,0000
2283,10,01110101,01110100,1,00000100,0100
2284,00,00000000,00000000,0,00000000,0000
2285,00,00000000,00000000,0,00000000,0000
2286,00,00000000,00000000,0,00000000,0000
2287,10,01110111,01110110,1,00000100,0100
2288,00,00000000,00000000,0,00000000,0000
2289,00,00000000,00000000,0,00000000,0000
2290,00,00000000,00000000,0,00000000,0000
2291,10,01111001,01111000,1,00000100,0100
2292,00,00000000,00000000,0,00000000,0000
2293,00,00000000,00000000,0,00000000,0000
2294,00,00000000,00000000,0,00000000,0000
2295,10,01111011,01111010,1,00000100,0100
2296,00,00000000,00000000,0,00000000,0000
2297,00,00000000,00000000,0,00000000,0000
2298,00,00000000,00000000,0,00000000,0000
2299,10,01111101,01111100,1,00000100,0100
2300,00,00000000,00000000,0,00000000,0000
2301,00,00000000,00000000,0,00000000,0000
2302,00,00000000,00000000,0,00000000,0000
2303,10,01111111,01111110,1,00000100,0100
2304,00,00000000,00000000,0,00000000,0000
2305,00,00000000,00000000,0,00000000,0000
2306,00,00000000,00000000,0,00000000,0000
2307,10,10000001,10000000,1,00000100,0100
2308,00,00000000,00000000,0,00000000,0000
2309,00,00000000,00000000,0,00000000,0000
2310,00,00000000,00000000,0,00000000,0000
2311,10,10000011,10000010,1,00000100,0100
2312,00,00000000,00000000,0,00000000,0000
2313,00,00000000,00000000,0,00000000,0000
2314,00,00000000,00000000,0,00000000,0000
2315,10,10000101,10000100,1,00000100,0100
2316,00,00000000,00000000,0,00000000,0000
2317,00,00000000,00000000,0,00000000,0000
2318,00,00000000,00000000,0,00000000,0000
2319,10,10000111,10000110,1,00000100,0100
2320,00,00000000,00000000,0,00000000,0000
2321,00,00000000,00000000,0,00000000,0000
2322,00,00000000,00000000,0,00000000,0000
2323,10,10001001,10001000,1,00000100,0100
2324,00,00000000,00000000,0,00000000,0000
2325,00,00000000,00000000,0,00000000,0000
2326,00,00000000,00000000,0,00000000,0000
2327,10,10001011,10001010,1,00000100,0100
2328,00,00000000,00000000,0,00000000,0000
2329,00,00000000,00000000,0,00000000,0000
2330,00,00000000,00000000,0,00000000,0000
2331,10,10001101,10001100,1,00000100,0100
2332,00,00000000,00000000,0,00000000,0000
2333,00,00000000,00000000,0,00000000,0000
2334,00,00000000,00000000,0,00000000,0000
2335,10,10001111,10001110,1,00000100,0100
2336,00,00000000,00000000,0,00000000,0000
2337,00,00000000,00000000,0,00000000,0000
2338,00,00000000,00000000,0,00000000,0000
2339,10,10010001,10010000,1,00000100,0100
2340,00,00000000,00000000,0,00000000,0000
2341,00,00000000,00000000,0,00000000,0000
2342,00,00000000,00000000,0,00000000,0000
2343,10,10010011,10010010,1,00000100,0100
2344,00,00000000,00000000,0,00000000,0000
2345,00,00000000,00000000,0,00000000,0000
2346,00,00000000,00000000,0,00000000,0000
2347,10,10010101,10010100,1,00000100,0100
2348,00,00000000,00000000,0,00000000,0000
2349,00,00000000,00000000,0,00000000,0000
2350,00,00000000,00000000,0,00000000,0000
2351,10,10010111,10010110,1,00000100,0100
2352,00,00000000,00000000,0,00000000,0000
2353,00,00000000,00000000,0,00000000,0000
2354,00,00000000,00000000,0,00000000,0000
2355,10,10011001,10011000,1,00000100,0100
2356,00,00000000,00000000,0,00000000,0000
2357,00,00000000,00000000,0,00000000,0000
2358,00,00000000,00000000,0,00000000,0000
2359,10,10011011,10011010,1,00000100,0100
2360,00,00000000,00000000,0,00000000,0000
2361,00,00000000,00000000,0,00000000,0000
2362,00,00000000,00000000,0,00000000,0000
2363,10,10011101,10011100,1,00000100,0100
2364,00,00000000,00000000,0,00000000,0000
2365,00,00000000,00000000,0,00000000,0000
2366,00,00000000,00000000,0,00000000,0000
2367,10,10011111,10011110,1,00000100,0100
2368,00,00000000,00000000,0,00000000,0000
2369,00,00000000,00000000,0,00000000,0000
2370,00,00000000,00000000,0,00000000,0000
2371,10,10100001,10100000,1,00000100,0100
2372,00,00000000,00000000,0,00000000,0000
2373,00,00000000,00000000,0,00000000,0000
2374,00,00000000,00000000,0,00000000,0000
2375,10,10100011,10100010,1,00000100,0100
2376,00,00000000,00000000,0,00000000,0000
2377,00,00000000,00000000,0,00000000,0000
2378,00,00000000,00000000,0,00000000,0000
2379,10,10100101,10100100,1,00000100,0100
2380,00,00000000,00000000,0,00000000,0000
2381,00,00000000,00000000,0,00000000,0000
2382,00,00000000,00000000,0,00000000,0000
2383,10,10100111,10100110,1,00000100,0100
2384,00,00000000,00000000,0,00000000,0000
2385,00,00000000,00000000,0,00000000,0000
2386,00,00000000,00000000,0,00000000,0000
2387,10,10101001,10101000,1,00000100,0100
2388,00,00000000,00000000,0,00000000,0000
2389,00,00000000,00000000,0,00000000,0000
2390,00,00000000,00000000,0,00000000,0000
2391,10,10101011,10101010,1,00000100,0100
2392,00,00000000,00000000,0,00000000,0000
2393,00,00000000,00000000,0,00000000,0000
2394,00,00000000,00000000,0,00000000,0000
2395,10,10101101,10101100,1,00000100,0100
2396,00,00000000,00000000,0,00000000,0000
2397,00,00000000,00000000,0,00000000,0000
2398,00,00000000,00000000,0,00000000,0000
2399,10,10101111,10101110,1,00000100,0100
2400,00,00000000,00000000,0,00000000,0000
2401,00,00000000,00000000,0,00000000,0000
2402,00,00000000,00000000,0,00000000,0000
2403,10,10110001,10110000,1,00000100,0100
2404,00,00000000,00000000,0,00000000,0000
2405,00,00000000,00000000,0,00000000,0000
2406,00,00000000,00000000,0,00000000,0000
2407,10,10110011,10110010,1,00000100,0100
2408,00,00000000,00000000,0,00000000,0000
2409,00,00000000,00000000,0,00000000,0000
2410,00,00000000,00000000,0,00000000,0000
2411,10,10110101,10110100,1,00000100,0100
2412,00,00000000,00000000,0,00000000,0000
2413,00,00000000,00000000,0,00000000,0000
2414,00,00000000,00000000,0,00000000,0000
2415,10,10110111,10110110,1,00000100,0100
2416,00,00000000,00000000,0,00000000,0000
2417,00,00000000,00000000,0,00000000,0000
2418,00,00000000,00000000,0,00000000,0000
2419,10,10111001,10111000,1,00000100,0100
2420,00,00000000,00000000,0,00000000,0000
2421,00,00000000,00000000,0,00000000,0000
2422,00,00000000,00000000,0,00000000,0000
2423,10,10111011,10111010,1,00000100,0100
2424,00,00000000,00000000,0,00000000,0000
2425,00,00000000,00000000,0,00000000,0000
2426,00,00000000,00000000,0,00000000,0000
2427,10,10111101,10111100,1,00000100,0100
2428,00,00000000,00000000,0,00000000,0000
2429,00,00000000,00000000,0,00000000,0000
2430,00,00000000,00000000,0,00000000,0000
2431,10,10111111,10111110,1,00000100,0100
2432,00,00000000,00000000,0,00000000,0000
2433,00,00000000,00000000,0,00000000,0000
2434,00,00000000,00000000,0,00000000,0000
2435,10,11000001,11000000,1,00000100,0100
2436,00,00000000,00000000,0,00000000,0000
2437,00,00000000,00000000,0,00000000,0000
2438,00,00000000,00000000,0,00000000,0000
2439,10,11000011,11000010,1,00000100,0100
2440,00,00000000,00000000,0,00000000,0000
2441,00,00000000,00000000,0,00000000,0000
2442,00,00000000,00000000,0,00000000,0000
2443,10,11000101,11000100,1,00000100,0100
2444,00,00000000,00000000,0,00000000,0000
2445,00,00000000,00000000,0,00000000,0000
2446,00,00000000,00000000,0,00000000,0000
2447,10,11000111,11000110,1,00000100,0100
2448,00,00000000,00000000,0,00000000,0000
2449,00,00000000,00000000,0,00000000,0000
2450,00,00000000,00000000,0,00000000,0000
2451,10,11001001,11001000,1,00000100,0100
2452,00,00000000,00000000,0,00000000,0000
2453,00,00000000,00000000,0,00000000,0000
2454,00,00000000,00000000,0,00000000,0000
2455,10,11001011,11001010,1,00000100,0100
2456,00,00000000,00000000,0,00000000,0000
2457,00,00000000,00000000,0,00000000,0000
2458,00,00000000,00000000,0,00000000,0000
2459,10,11001101,11001100,1,00000100,0100
2460,00,00000000,00000000,0,00000000,0000
2461,00,00000000,00000000,0,00000000,0000
2462,00,00000000,00000000,0,00000000,0000
2463,10,11001111,11001110,1,00000100,0100
2464,00,00000000,00000000,0,00000000,0000
2465,00,00000000,00000000,0,00000000,0000
2466,00,00000000,00000000,0,00000000,0000
2467,10,11010001,11010000,1,00000100,0100
2468,00,00000000,00000000,0,00000000,0000
2469,00,00000000,00000000,0,00000000,0000
2470,00,00000000,00000000,0,00000000,0000
2471,10,11010011,11010010,1,00000100,0100
2472,00,00000000,00000000,0,00000000,0000
2473,00,00000000,00000000,0,00000000,0000
2474,00,00000000,00000000,0,00000000,0000
2475,10,11010101,11010100,1,00000100,0100
2476,00,00000000,00000000,0,00000000,0000
2477,00,00000000,00000000,0,00000000,0000
2478,00,00000000,00000000,0,00000000,0000
2479,10,11010111,11010110,1,00000100,0100
2480,00,00000000,00000000,0,00000000,0000
2481,00,00000000,00000000,0,00000000,0000
2482,00,00000000,00000000,0,00000000,0000
2483,10,11011001,11011000,1,00000100,0100
2484,00,00000000,00000000,0,00000000,0000
2485,00,00000000,00000000,0,00000000,0000
2486,00,00000000,00000000,0,00000000,0000
2487,10,11011011,11011010,1,00000100,0100
2488,00,00000000,00000000,0,00000000,0000
2489,00,00000000,00000000,0,00000000,0000
2490,00,00000000,00000000,0,00000000,0000
2491,10,11011101,11011100,1,00000100,0100
2492,00,00000000,00000000,0,00000000,0000
2493,00,00000000,00000000,0,00000000,0000
2494,00,00000000,00000000,0,00000000,0000
2495,10,11011111,11011110,1,00000100,0100
2496,00,00000000,00000000,0,00000000,0000
2497,00,00000000,00000000,0,00000000,0000
2498,00,00000000,00000000,0,00000000,0000
2499,10,11100001,11100000,1,00000100,0100
2500,00,00000000,00000000,0,00000000,0000
2501,00,00000000,00000000,0,00000000,0000
2502,00,00000000,00000000,0,00000000,0000
2503,10,11100011,11100010,1,00000100,0100
2504,00,00000000,00000000,0,00000000,0000
2505,00,00000000,00000000,0,00000000,0000
2506,00,00000000,00000000,0,00000000,0000
2507,10,11100101,11100100,1,00000100,0100
2508,00,00000000,00000000,0,00000000,0000
2509,00,00000000,00000000,0,00000000,0000
2510,00,00000000,00000000,0,00000000,0000
2511,10,11100111,11100110,1,00000100,0100
2512,00,00000000,00000000,0,00000000,0000
2513,00,00000000,00000000,0,00000000,0000
2514,00,00000000,00000000,0,00000000,0000
2515,10,11101001,11101000,1,00000100,0100
2516,00,00000000,00000000,0,00000000,0000
2517,00,00000000,00000000,0,00000000,0000
2518,00,00000000,00000000,0,00000000,0000
2519,10,11101011,11101010,1,00000100,0100
2520,00,00000000,00000000,0,00000000,0000
2521,00,00000000,00000000,0,00000000,0000
2522,00,00000000,00000000,0,00000000,0000
2523,10,11101101,11101100,1,00000100,0100
2524,00,00000000,00000000,0,00000000,0000
2525,00,00000000,00000000,0,00000000,0000
2526,00,00000000,00000000,0,00000000,0000
2527,10,11101111,11101110,1,00000100,0100
2528,00,00000000,00000000,0,00000000,0000
2529,00,00000000,00000000,0,00000000,0000
2530,00,00000000,00000000,0,00000000,0000
2531,10,11110001,11110000,1,00000100,0100
2532,00,00000000,00000000,0,00000000,0000
2533,00,00000000,00000000,0,00000000,0000
2534,00,00000000,00000000,0,00000000,0000
2535,10,11110011,11110010,1,00000100,0100
2536,00,00000000,00000000,0,00000000,0000
2537,00,00000000,00000000,0,00000000,0000
2538,00,00000000,00000000,0,00000000,0000
2539,10,11110101,11110100,1,00000100,0100
2540,00,00000000,00000000,0,00000000,0000
2541,00,00000000,00000000,0,00000000,0000
2542,00,00000000,00000000,0,00000000,0000
2543,10,11110111,11110110,1,00000100,0100
2544,00,00000000,00000000,0,00000000,0000
2545,00,00000000,00000000,0,00000000,0000
2546,00,00000000,00000000,0,00000000,0000
2547,10,11111001,11111000,1,00000100,0100
2548,00,00000000,00000000,0,00000000,0000
2549,00,00000000,00000000,0,00000000,0000
2550,00,00000000,00000000,0,00000000,0000
2551,10,11111011,11111010,1,00000100,0100
2552,00,00000000,00000000,0,00000000,0000
2553,00,00000000,00000000,0,00000000,0000
2554,00,00000000,00000000,0,00000000,0000
2555,10,11111101,11111100,1,00000100,0100
2556,00,00000000,00000000,0,00000000,0000
2557,00,00000000,00000000,0,00000000,0000
2558,00,00000000,00000000,0,00000000,0000
2559,10,11111111,11111110,1,00000100,0100
2560,00,00000000,00000000,0,00000000,0000
2561,00,00000000,00000000,0,00000000,0000
2562,00,00000000,00000000,0,00000000,0000
2563,10,00000001,00000000,1,00000100,0100
2564,00,00000000,00000000,0,00000000,0000
2565,00,00000000,00000000,0,00000000,0000
2566,00,00000000,00000000,0,00000000,0000
2567,10,00000011,00000010,1,00000100,0100
2568,00,00000000,00000000,0,00000000,0000
2569,00,00000000,00000000,0,00000000,0000
2570,00,00000000,00000000,0,00000000,0000
2571,10,00000101,00000100,1,00000100,0100
2572,00,00000000,00000000,0,00000000,0000
2573,00,00000000,00000000,0,00000000,0000
2574,00,00000000,00000000,0,00000000,0000
2575,10,00000111,00000110,1,00000100,0100
2576,00,00000000,00000000,0,00000000,0000
2577,00,00000000,00000000,0,00000000,0000
2578,00,00000000,00000000,0,00000000,0000
2579,10,00001001,00001000,1,00000100,0100
2580,00,00000000,00000000,0,00000000,0000
2581,00,00000000,00000000,0,00000000,0000
2582,00,00000000,00000000,0,00000000,0000
2583,10,00001011,00001010,1,00000100,0100
2584,00,00000000,00000000,0,00000000,0000
2585,00,00000000,00000000,0,00000000,0000
2586,00,00000000,00000000,0,00000000,0000
2587,10,00001101,00001100,1,00000100,0100
2588,00,00000000,00000000,0,00000000,0000
2589,00,00000000,00000000,0,00000000,0000
2590,00,00000000,00000000,0,00000000,0000
2591,10,00001111,00001110,1,00000100,0100
2592,00,00000000,00000000,0,00000000,0000
2593,00,00000000,00000000,0,00000000,0000
2594,00,00000000,00000000,0,00000000,0000
2595,10,00010001,00010000,1,00000100,0100
2596,00,00000000,00000000,0,00000000,0000
2597,00,00000000,00000000,0,00000000,0000
2598,00,00000000,00000000,0,00000000,0000
2599,10,00010011,00010010,1,00000100,0100
2600,00,00000000,00000000,0,00000000,0000
2601,00,00000000,00000000,0,00000000,0000
2602,00,00000000,00000000,0,00000000,0000
2603,10,00010101,00010100,1,00000100,0100
2604,00,00000000,00000000,0,00000000,0000
2605,00,00000000,00000000,0,00000000,0000
2606,00,00000000,00000000,0,00000000,0000
2607,10,00010111,00010110,1,00000100,0100
2608,00,00000000,00000000,0,00000000,0000
2609,00,00000000,00000000,0,00000000,0000
2610,00,00000000,00000000,0,00000000,0000
2611,10,00011001,00011000,1,00000100,0100
2612,00,00000000,00000000,0,00000000,0000
2613,00,00000000,00000000,0,00000000,0000
2614,00,00000000,00000000,0,00000000,0000
2615,10,00011011,00011010,1,00000100,0100
2616,00,00000000,00000000,0,00000000,0000
2617,00,00000000,00000000,0,00000000,0000
2618,00,00000000,00000000,0,00000000,0000
2619,10,00011101,00011100,1,00000100,0100
2620,00,00000000,00000000,0,00000000,0000
2621,00,00000000,00000000,0,00000000,0000
2622,00,00000000,00000000,0,00000000,0000
2623,10,00011111,00011110,1,00000100,0100
2624,00,00000000,00000000,0,00000000,0000
2625,00,00000000,00000000,0,00000000,0000
2626,00,00000000,00000000,0,00000000,0000
2627,10,00100001,00100000,1,00000100,0100
2628,00,00000000,00000000,0,00000000,0000
2629,00,00000000,00000000,0,00000000,0000
2630,00,00000000,00000000,0,00000000,0000
2631,10,00100011,00100010,1,00000100,0100
2632,00,00000000,00000000,0,00000000,0000
2633,00,00000000,00000000,0,00000000,0000
2634,00,00000000,00000000,0,00000000,0000
2635,10,00100101,00100100,1,00000100,0100
2636,00,00000000,00000000,0,00000000,0000
2637,00,00000000,00000000,0,00000000,0000
2638,00,00000000,00000000,0,00000000,0000
2639,10,00100111,00100110,1,00000100,0100
2640,00,00000000,00000000,0,00000000,0000
2641,00,00000000,00000000,0,00000000,0000
2642,00,00000000,00000000,0,00000000,0000
2643,10,00101001,00101000,1,00000100,0100
2644,00,00000000,00000000,0,00000000,0000
2645,00,00000000,00000000,0,00000000,0000
2646,00,00000000,00000000,0,00000000,0000
2647,10,00101011,00101010,1,00000100,0100
2648,00,00000000,00000000,0,00000000,0000
2649,00,00000000,00000000,0,00000000,0000
2650,00,00000000,00000000,0,00000000,0000
2651,10,00101101,00101100,1,00000100,0100
2652,00,00000000,00000000,0,00000000,0000
2653,00,00000000,00000000,0,00000000,0000
2654,00,00000000,00000000,0,00000000,0000
2655,10,00101111,00101110,1,00000100,0100
2656,00,00000000,00000000,0,00000000,0000
2657,00,00000000,00000000,0,00000000,0000
2658,00,00000000,00000000,0,00000000,0000
2659,10,00110001,00110000,1,00000100,0100
2660,00,00000000,00000000,0,00000000,0000
2661,00,00000000,00000000,0,00000000,0000
2662,00,00000000,00000000,0,00000000,0000
2663,10,00110011,00110010,1,00000100,0100
2664,00,00000000,00000000,0,00000000,0000
2665,00,00000000,00000000,0,00000000,0000
2666,00,00000000,00000000,0,00000000,0000
2667,10,00110101,00110100,1,00000100,0100
2668,00,00000000,00000000,0,00000000,0000
2669,00,00000000,00000000,0,00000000,0000
2670,00,00000000,00000000,0,00000000,0000
2671,10,00110111,00110110,1,00000100,0100
2672,00,00000000,00000000,0,00000000,0000
2673,00,00000000,00000000,0,00000000,0000
2674,00,00000000,00000000,0,00000000,0000
2675,10,00111001,00111000,1,00000100,0100
2676,00,00000000,00000000,0,00000000,0000
2677,00,00000000,00000000,0,00000000,0000
2678,00,00000000,00000000,0,00000000,0000
2679,10,00111011,00111010,1,00000100,0100
2680,00,00000000,00000000,0,00000000,0000
2681,00,00000000,00000000,0,00000000,0000
2682,00,00000000,00000000,0,00000000,0000
2683,10,00111101,00111100,1,00000100,0100
2684,00,00000000,00000000,0,00000000,0000
2685,00,00000000,00000000,0,00000000,0000
2686,00,00000000,00000000,0,00000000,0000
2687,10,00111111,00111110,1,00000100,0100
2688,00,00000000,00000000,0,00000000,0000
2689,00,00000000,00000000,0,00000000,0000
2690,00,00000000,00000000,0,00000000,0000
2691,10,01000001,01000000,1,00000100,0100
2692,00,00000000,00000000,0,00000000,0000
2693,00,00000000,00000000,0,00000000,0000
2694,00,00000000,00000000,0,00000000,0000
2695,10,01000011,01000010,1,00000100,0100
2696,00,00000000,00000000,0,00000000,0000
2697,00,00000000,00000000,0,00000000,0000
2698,00,00000000,00000000,0,00000000,0000
2699,10,01000101,01000100,1,00000100,0100
2700,00,00000000,00000000,0,00000000,0000
2701,00,00000000,00000000,0,00000000,0000
2702,00,00000000,00000000,0,00000000,0000
2703,10,01000111,01000110,1,00000100,0100
2704,00,00000000,00000000,0,00000000,0000
2705,00,00000000,00000000,0,00000000,0000
2706,00,00000000,00000000,0,00000000,0000
2707,10,01001001,01001000,1,00000100,0100
2708,00,00000000,00000000,0,00000000,0000
2709,00,00000000,00000000,0,00000000,0000
2710,00,00000000,00000000,0,00000000,0000
2711,10,01001011,01001010,1,00000100,0100
2712,00,00000000,00000000,0,00000000,0000
2713,00,00000000,00000000,0,00000000,0000
2714,00,00000000,00000000,0,00000000,0000
2715,10,01001101,01001100,1,00000100,0100
2716,00,00000000,00000000,0,00000000,0000
2717,00,00000000,00000000,0,00000000,0000
2718,00,00000000,00000000,0,00000000,0000
2719,10,01001111,01001110,1,00000100,0100
2720,00,00000000,00000000,0,00000000,0000
2721,00,00000000,00000000,0,00000000,0000
2722,00,00000000,00000000,0,00000000,0000
2723,10,01010001,01010000,1,00000100,0100
2724,00,00000000,00000000,0,00000000,0000
2725,00,00000000,00000000,0,00000000,0000
2726,00,00000000,00000000,0,00000000,0000
2727,10,01010011,01010010,1,00000100,0100
2728,00,00000000,00000000,0,00000000,0000
2729,00,00000000,00000000,0,00000000,0000
2730,00,00000000,00000000,0,00000000,0000
2731,10,01010101,01010100,1,00000100,0100
2732,00,00000000,00000000,0,00000000,0000
2733,00,00000000,00000000,0,00000000,0000
2734,00,00000000,00000000,0,00000000,0000
2735,10,01010111,01010110,1,00000100,0100
2736,00,00000000,00000000,0,00000000,0000
2737,00,00000000,00000000,0,00000000,0000
2738,00,00000000,00000000,0,00000000,0000
2739,10,01011001,01011000,1,00000100,0100
2740,00,00000000,00000000,0,00000000,0000
2741,00,00000000,00000000,0,00000000,0000
2742,00,00000000,00000000,0,00000000,0000
2743,10,01011011,01011010,1,00000100,0100
2744,00,00000000,00000000,0,00000000,0000
2745,00,00000000,00000000,0,00000000,0000
2746,00,00000000,00000000,0,00000000,0000
2747,10,01011101,01011100,1,00000100,0100
2748,00,00000000,00000000,0,00000000,0000
2749,00,00000000,00000000,0,00000000,0000
2750,00,00000000,00000000,0,00000000,0000
2751,10,01011111,01011110,1,00000100,0100
2752,00,00000000,00000000,0,00000000,0000
2753,00,00000000,00000000,0,00000000,0000
2754,00,00000000,00000000,0,00000000,0000
2755,10,01100001,01100000,1,00000100,0100
2756,00,00000000,00000000,0,00000000,0000
2757,00,00000000,00000000,0,00000000,0000
2758,00,00000000,00000000,0,00000000,0000
2759,10,01100011,01100010,1,00000100,0100
2760,00,00000000,00000000,0,00000000,0000
2761,00,00000000,00000000,0,00000000,0000
2762,00,00000000,00000000,0,00000000,0000
2763,10,01100101,01100100,1,00000100,0100
2764,00,00000000,00000000,0,00000000,0000
2765,00,00000000,00000000,0,00000000,0000
2766,00,00000000,00000000,0,00000000,0000
2767,10,01100111,01100110,1,00000100,0100
2768,00,00000000,00000000,0,00000000,0000
2769,00,00000000,00000000,0,00000000,0000
2770,00,00000000,00000000,0,00000000,0000
2771,10,01101001,01101000,1,00000100,0100
2772,00,00000000,00000000,0,00000000,0000
2773,00,00000000,00000000,0,00000000,0000
2774,00,00000000,00000000,0,00000000,0000
2775,10,01101011,01101010,1,00000100,0100
2776,00,00000000,00000000,0,00000000,0000
2777,00,00000000,00000000,0,00000000,0000
2778,00,00000000,00000000,0,00000000,0000
2779,10,01101101,01101100,1,00000100,0100
2780,00,00000000,00000000,0,00000000,0000
2781,00,00000000,00000000,0,00000000,0000
2782,00,00000000,00000000,0,00000000,0000
2783,10,01101111,01101110,1,00000100,0100
2784,00,00000000,00000000,0,00000000,0000
2785,00,00000000,00000000,0,00000000,0000
2786,00,00000000,00000000,0,00000000,0000
2787,10,01110001,01110000,1,00000100,0100
2788,00,00000000,00000000,0,00000000,0000
2789,00,00000000,00000000,0,00000000,0000
2790,00,00000000,00000000,0,00000000,0000
2791,10,01110011,01110010,1,00000100,0100
2792,00,00000000,00000000,0,00000000,0000
2793,00,00000000,00000000,0,00000000,0000
2794,00,00000000,00000000,0,00000000,0000
2795,10,01110101,01110100,1,00000100,0100
2796,00,00000000,00000000,0,00000000,0000
2797,00,00000000,00000000,0,00000000,0000
2798,00,00000000,00000000,0,00000000,0000
2799,10,01110111,01110110,1,00000100,0100
2800,00,00000000,00000000,0,00000000,0000
2801,00,00000000,00000000,0,00000000,0000
2802,00,00000000,00000000,0,00000000,0000
2803,10,01111001,01111000,1,00000100,0100
2804,00,00000000,00000000,0,00000000,0000
2805,00,00000000,00000000,0,00000000,0000
2806,00,00000000,00000000,0,00000000,0000
2807,10,01111011,01111010,1,00000100,0100
2808,00,00000000,00000000,0,00000000,0000
2809,00,00000000,00000000,0,00000000,0000
2810,00,00000000,00000000,0,00000000,0000
2811,10,01111101,01111100,1,00000100,0100
2812,00,00000000,00000000,0,00000000,0000
2813,00,00000000,00000000,0,00000000,0000
2814,00,00000000,00000000,0,00000000,0000
2815,10,01111111,01111110,1,00000100,0100
2816,00,00000000,00000000,0,00000000,0000
2817,00,00000000,00000000,0,00000000,0000
2818,00,00000000,00000000,0,00000000,0000
2819,10,10000001,10000000,1,00000100,0100
2820,00,00000000,00000000,0,00000000,0000
2821,00,00000000,00000000,0,00000000,0000
2822,00,00000000,00000000,0,00000000,0000
2823,10,10000011,10000010,1,00000100,0100
2824,00,00000000,00000000,0,00000000,0000
2825,00,00000000,00000000,0,00000000,0000
2826,00,00000000,00000000,0,00000000,0000
2827,10,10000101,10000100,1,00000100,0100
2828,00,00000000,00000000,0,00000000,0000
2829,00,00000000,00000000,0,00000000,0000
2830,00,00000000,00000000,0,00000000,0000
2831,10,10000111,10000110,1,00000100,0100
2832,00,00000000,00000000,0,00000000,0000
2833,00,00000000,00000000,0,00000000,0000
2834,00,00000000,00000000,0,00000000,0000
2835,10,10001001,10001000,1,00000100,0100
2836,00,00000000,00000000,0,00000000,0000
2837,00,00000000,00000000,0,00000000,0000
2838,00,00000000,00000000,0,00000000,0000
2839,10,10001011,10001010,1,00000100,0100
2840,00,00000000,00000000,0,00000000,0000
2841,00,00000000,00000000,0,00000000,0000
2842,00,00000000,00000000,0,00000000,0000
2843,10,10001101,10001100,1,00000100,0100
2844,00,00000000,00000000,0,00000000,0000
2845,00,00000000,00000000,0,00000000,0000
2846,00,00000000,00000000,0,00000000,0000
2847,10,10001111,10001110,1,00000100,0100
2848,00,00000000,00000000,0,00000000,0000
2849,00,00000000,00000000,0,00000000,0000
2850,00,00000000,00000000,0,00000000,0000
2851,10,10010001,10010000,1,00000100,0100
2852,00,00000000,00000000,0,00000000,0000
2853,00,00000000,00000000,0,00000000,0000
2854,00,00000000,00000000,0,00000000,0000
2855,10,10010011,10010010,1,00000100,0100
2856,00,00000000,00000000,0,00000000,0000
2857,00,00000000,00000000,0,00000000,0000
2858,00,00000000,00000000,0,00000000,0000
2859,10,10010101,10010100,1,00000100,0100
2860,00,00000000,00000000,0,00000000,0000
2861,00,00000000,00000000,0,00000000,0000
2862,00,00000000,00000000,0,00000000,0000
2863,10,10010111,10010110,1,00000100,0100
2864,00,00000000,00000000,0,00000000,0000
2865,00,00000000,00000000,0,00000000,0000
2866,00,00000000,00000000,0,00000000,0000
2867,10,10011001,10011000,1,00000100,0100
2868,00,00000000,00000000,0,00000000,0000
2869,00,00000000,00000000,0,00000000,0000
2870,00,00000000,00000000,0,00000000,0000
2871,10,10011011,10011010,1,00000100,0100
2872,00,00000000,00000000,0,00000000,0000
2873,00,00000000,00000000,0,00000000,0000
2874,00,00000000,00000000,0,00000000,0000
2875,10,10011101,10011100,1,00000100,0100
2876,00,00000000,00000000,0,00000000,0000
2877,00,00000000,00000000,0,00000000,0000
2878,00,00000000,00000000,0,00000000,0000
2879,10,10011111,10011110,1,00000100,0100
2880,00,00000000,00000000,0,00000000,0000
2881,00,00000000,00000000,0,00000000,0000
2882,00,00000000,00000000,0,00000000,0000
2883,10,10100001,10100000,1,00000100,0100
2884,00,00000000,00000000,0,00000000,0000
2885,00,00000000,00000000,0,00000000,0000
2886,00,00000000,00000000,0,00000000,0000
2887,10,10100011,10100010,1,00000100,0100
2888,00,00000000,00000000,0,00000000,0000
2889,00,00000000,00000000,0,00000000,0000
2890,00,00000000,00000000,0,00000000,0000
2891,10,10100101,10100100,1,00000100,0100
2892,00,00000000,00000000,0,00000000,0000
2893,00,00000000,00000000,0,00000000,0000
2894,00,00000000,00000000,0,00000000,0000
2895,10,10100111,10100110,1,00000100,0100
2896,00,00000000,00000000,0,00000000,0000
2897,00,00000000,00000000,0,00000000,0000
2898,00,00000000,00000000,0,00000000,0000
2899,10,10101001,10101000,1,00000100,0100
2900,00,00000000,00000000,0,00000000,0000
2901,00,00000000,00000000,0,00000000,0000
2902,00,00000000,00000000,0,00000000,0000
2903,10,10101011,10101010,1,00000100,0100
2904,00,00000000,00000000,0,00000000,0000
2905,00,00000000,00000000,0,00000000,0000
2906,00,00000000,00000000,0,00000000,0000
2907,10,10101101,10101100,1,00000100,0100
2908,00,00000000,00000000,0,00000000,0000
2909,00,00000000,00000000,0,00000000,0000
2910,00,00000000,00000000,0,00000000,0000
2911,10,10101111,10101110,1,00000100,0100
2912,00,00000000,00000000,0,00000000,0000
2913,00,00000000,00000000,0,00000000,0000
2914,00,00000000,00000000,0,00000000,0000
2915,10,10110001,10110000,1,00000100,0100
2916,00,00000000,00000000,0,00000000,0000
2917,00,00000000,00000000,0,00000000,0000
2918,00,00000000,00000000,0,00000000,0000
2919,10,10110011,10110010,1,00000100,0100
2920,00,00000000,00000000,0,00000000,0000
2921,00,00000000,00000000,0,00000000,0000
2922,00,00000000,00000000,0,00000000,0000
2923,10,10110101,10110100,1,00000100,0100
2924,00,00000000,00000000,0,00000000,0000
2925,00,00000000,00000000,0,00000000,0000
2926,00,00000000,00000000,0,00000000,0000
2927,10,10110111,10110110,1,00000100,0100
2928,00,00000000,00000000,0,00000000,0000
2929,00,00000000,00000000,0,00000000,0000
2930,00,00000000,00000000,0,00000000,0000
2931,10,10111001,10111000,1,00000100,0100
2932,00,00000000,00000000,0,00000000,0000
2933,00,00000000,00000000,0,00000000,0000
2934,00,00000000,00000000,0,00000000,0000
2935,10,10111011,10111010,1,00000100,0100
2936,00,00000000,00000000,0,00000000,0000
2937,00,00000000,00000000,0,00000000,0000
2938,00,00000000,00000000,0,00000000,0000
2939,10,10111101,10111100,1,00000100,0100
2940,00,00000000,00000000,0,00000000,0000
2941,00,00000000,00000000,0,00000000,0000
2942,00,00000000,00000000,0,00000000,0000
2943,10,10111111,10111110,1,00000100,0100
2944,00,00000000,00000000,0,00000000,0000
2945,00,00000000,00000000,0,00000000,0000
2946,00,00000000,00000000,0,00000000,0000
2947,10,11000001,11000000,1,00000100,0100
2948,00,00000000,00000000,0,00000000,0000
2949,00,00000000,00000000,0,00000000,0000
2950,00,00000000,00000000,0,00000000,0000
2951,10,11000011,11000010,1,00000100,0100
2952,00,00000000,00000000,0,00000000,0000
2953,00,00000000,00000000,0,00000000,0000
2954,00,00000000,00000000,0,00000000,0000
2955,10,11000101,11000100,1,00000100,0100
2956,00,00000000,00000000,0,00000000,0000
2957,00,00000000,00000000,0,00000000,0000
2958,00,00000000,00000000,0,00000000,0000
2959,10,11000111,11000110,1,00000100,0100
2960,00,00000000,00000000,0,00000000,0000
2961,00,00000000,00000000,0,00000000,0000
2962,00,00000000,00000000,0,00000000,0000
2963,10,11001001,11001000,1,00000100,0100
2964,00,00000000,00000000,0,00000000,0000
2965,00,00000000,00000000,0,00000000,0000
2966,00,00000000,00000000,0,00000000,0000
2967,10,11001011,11001010,1,00000100,0100
2968,00,00000000,00000000,0,00000000,0000
2969,00,00000000,00000000,0,00000000,0000
2970,00,00000000,00000000,0,00000000,0000
2971,10,11001101,11001100,1,00000100,0100
2972,00,00000000,00000000,0,00000000,0000
2973,00,00000000,00000000,0,00000000,0000
2974,00,00000000,00000000,0,00000000,0000
2975,10,11001111,11001110,1,00000100,0100
2976,00,00000000,00000000,0,00000000,0000
2977,00,00000000,00000000,0,00000000,0000
2978,00,00000000,00000000,0,00000000,0000
2979,10,11010001,11010000,1,00000100,0100
2980,00,00000000,00000000,0,00000000,0000
2981,00,00000000,00000000,0,00000000,0000
2982,00,00000000,00000000,0,00000000,0000
2983,10,11010011,11010010,1,00000100,0100
2984,00,00000000,00000000,0,00000000,0000
2985,00,00000000,00000000,0,00000000,0000
2986,00,00000000,00000000,0,00000000,0000
2987,10,11010101,11010100,1,00000100,0100
2988,00,00000000,00000000,0,00000000,0000
2989,00,00000000,00000000,0,00000000,0000
2990,00,00000000,00000000,0,00000000,0000
2991,10,11010111,11010110,1,00000100,0100
2992,00,00000000,00000000,0,00000000,0000
2993,00,00000000,00000000,0,00000000,0000
2994,00,00000000,00000000,0,00000000,0000
2995,10,11011001,11011000,1,00000100,0100
2996,00,00000000,00000000,0,00000000,0000
2997,00,00000000,00000000,0,00000000,0000
2998,00,00000000,00000000,0,00000000,0000
2999,10,11011011,11011010,1,00000100,0100
3000,00,00000000,00000000,0,00000000,0000
3001,00,00000000,00000000,0,00000000,0000
3002,00,00000000,00000000,0,00000000,0000
3003,10,11011101,11011100,1,00000100,0100
3004,00,00000000,00000000,0,00000000,0000
3005,00,00000000,00000000,0,00000000,0000
3006,00,00000000,00000000,0,00000000,0000
3007,10,11011111,11011110,1,00000100,0100
3008,00,00000000,00000000,0,00000000,0000
3009,00,00000000,00000000,0,00000000,0000
3010,00,00000000,00000000,0,00000000,0000
3011,10,11100001,11100000,1,00000100,0100
3012,00,00000000,00000000,0,00000000,0000
3013,00,00000000,00000000,0,00000000,0000
3014,00,00000000,00000000,0,00000000,0000
3015,10,11100011,11100010,1,00000100,0100
3016,00,00000000,00000000,0,00000000,0000
3017,00,00000000,00000000,0,00000000,0000
3018,00,00000000,00000000,0,00000000,0000
3019,10,11100101,11100100,1,00000100,0100
3020,00,00000000,00000000,0,00000000,0000
3021,00,00000000,00000000,0,00000000,0000
3022,00,00000000,00000000,0,00000000,0000
3023,10,11100111,11100110,1,00000100,0100
3024,00,00000000,00000000,0,00000000,0000
3025,00,00000000,00000000,0,00000000,0000
3026,00,00000000,00000000,0,00000000,0000
3027,10,11101001,11101000,1,00000100,0100
3028,00,00000000,00000000,0,00000000,0000
3029,00,00000000,00000000,0,00000000,0000
3030,00,00000000,00000000,0,00000000,0000
3031,10,11101011,11101010,1,00000100,0100
3032,00,00000000,00000000,0,00000000,0000
3033,00,00000000,00000000,0,00000000,0000
3034,00,00000000,00000000,0,00000000,0000
3035,10,11101101,11101100,1,00000100,0100
3036,00,00000000,00000000,0,00000000,0000
3037,00,00000000,00000000,0,00000000,0000
3038,00,00000000,00000000,0,00000000,0000
3039,10,11101111,11101110,1,00000100,0100
3040,00,00000000,00000000,0,00000000,0000
3041,00,00000000,00000000,0,00000000,0000
3042,00,00000000,00000000,0,00000000,0000
3043,10,11110001,11110000,1,00000100,0100
3044,00,00000000,00000000,0,00000000,0000
3045,00,00000000,00000000,0,00000000,0000
3046,00,00000000,00000000,0,00000000,0000
3047,10,11110011,11110010,1,00000100,0100
3048,00,00000000,00000000,0,00000000,0000
3049,00,00000000,00000000,0,00000000,0000
3050,00,00000000,00000000,0,00000000,0000
3051,10,11110101,11110100,1,00000100,0100
3052,00,00000000,00000000,0,00000000,0000
3053,00,00000000,00000000,0,00000000,0000
3054,00,00000000,00000000,0,00000000,0000
3055,10,11110111,11110110,1,00000100,0100
3056,00,00000000,00000000,0,00000000,0000
3057,00,00000000,00000000,0,00000000,0000
3058,00,00000000,00000000,0,00000000,0000
3059,10,11111001,11111000,1,00000100,0100
3060,00,00000000,00000000,0,00000000,0000
3061,00,00000000,00000000,0,00000000,0000
3062,00,00000000,00000000,0,00000000,0000
3063,10,11111011,11111010,1,00000100,0100
3064,00,00000000,00000000,0,00000000,0000
3065,00,00000000,00000000,0,00000000,0000
3066,00,00000000,00000000,0,00000000,0000
3067,10,11111101,11111100,1,00000100,0100
3068,00,00000000,00000000,0,00000000,0000
3069,00,00000000,00000000,0,00000000,0000
3070,00,00000000,00000000,0,00000000,0000
3071,10,11111111,11111110,1,00000100,0100
3072,00,00000000,00000000,0,00000000,0000
3073,00,00000000,00000000,0,00000000,0000
3074,00,00000000,00000000,0,00000000,0000
3075,00,00000000,00000000,0,00000000,0000
3076,00,00000000,00000000,0,00000000,0000
3077,00,00000000,00000000,0,00000000,0000
3078,00,00000000,00000000,0,00000000,0000
3079,00,00000000,00000000,0,00000000,0000
3080,00,00000000,00000000,0,00000000,0000
3081,00,00000000,00000000,0,00000000,0000
3082,00,00000000,00000000,0,00000000,0000
3083,00,00000000,00000000,0,00000000,0000
3084,00,00000000,00000000,0,00000000,0000
3085,00,00000000,00000000,0,00000000,0000
3086,00,00000000,00000000,0,00000000,0000
3087,00,00000000,00000000,0,00000000,0000
3088,00,00000000,00000000,0,00000000,0000
3089,00,00000000,00000000,0,00000000,0000
3090,00,00000000,00000000,0,00000000,0000
3091,00,00000000,00000000,0,00000000,0000
3092,00,00000000,00000000,0,00000000,0000
3093,00,00000000,00000000,0,00000000,0000
3094,00,00000000,00000000,0,00000000,0000
3095,00,00000000,00000000,0,00000000,0000
