t,half,imm,connect,dst,src1,src0,mask,optype
0,00,0,00,00000000,00000000,00000000,0,0000
1,00,0,00,00000000,00000000,00000000,0,0000
2,00,0,00,00000000,00000000,00000000,0,0000
3,00,0,01,00000000,00000000,00000000,0,1100
4,00,0,01,00000001,00000000,00000001,0,1100
5,00,0,01,00000010,00000000,00000010,0,1100
6,00,0,01,00000011,00000000,00000011,0,1100
7,00,0,01,00000100,00000000,00000100,0,1100
8,00,0,01,00000101,00000000,00000101,0,1100
9,00,0,01,00000110,00000000,00000110,0,1100
10,00,0,01,00000111,00000000,00000111,0,1100
11,00,0,00,00000000,00000000,00000000,0,0000
12,00,0,01,00011111,00000000,00100000,0,1100
13,00,0,00,00000000,00000000,00000000,0,0000
14,00,0,01,00100000,00000000,00100001,0,1100
15,00,0,00,00000000,00000000,00000000,0,0000
16,00,0,01,00100001,00000000,00100010,0,1100
17,00,0,00,00000000,00000000,00000000,0,0000
18,00,0,01,00100010,00000000,00100011,0,1100
19,00,0,01,00100011,00000000,00100100,0,1100
20,00,0,00,00000000,00000000,00000000,0,0000
21,00,0,01,00100100,00000000,00100101,0,1100
22,00,0,01,00100101,00000000,00100110,0,1100
23,00,0,01,00100110,00000000,00100111,0,1100
24,00,0,00,00000000,00000000,00000000,0,0000
25,00,0,00,00000000,00000000,00000000,0,0000
26,00,0,00,00000000,00000000,00000000,0,0000
27,00,0,01,00111110,00000000,01000000,0,1100
28,00,0,00,00000000,00000000,00000000,0,0000
29,00,0,01,00111111,00000000,01000001,0,1100
30,00,0,00,00000000,00000000,00000000,0,0000
31,00,0,00,00000000,00000000,00000000,0,0000
32,00,0,01,01000000,00000000,01000010,0,1100
33,00,0,00,00000000,00000000,00000000,0,0000
34,00,0,01,01000001,00000000,01000011,0,1100
35,00,0,01,01000010,00000000,01000100,0,1100
36,00,0,01,01000011,00000000,01000101,0,1100
37,00,0,00,00000000,00000000,00000000,0,0000
38,00,0,10,00001000,00001110,00000000,0,0011
39,00,0,10,00001010,00001110,00000001,0,0011
40,00,0,10,00001100,00001110,00000010,0,0011
41,00,0,10,00001110,00001110,00000011,0,0011
42,00,0,10,00010000,00001110,00000100,0,0011
43,00,0,10,00010010,00001110,00000101,0,0011
44,00,0,10,00010100,00001110,00000110,0,0011
45,00,0,10,00010110,00001110,00000111,0,0011
46,00,0,01,01000100,00000000,01000110,0,1100
47,00,0,01,01000101,00000000,01000111,0,1100
48,00,0,01,01011101,00000000,01100000,0,1100
49,00,0,01,01011110,00000000,01100001,0,1100
50,00,0,01,01011111,00000000,01100010,0,1100
51,00,0,10,00101000,00101101,00100000,0,0011
52,00,0,10,00101010,00101101,00100001,0,0011
53,10,0,10,00101100,00101101,00100010,0,0011
54,00,0,01,01100000,00000000,01100011,0,1100
55,00,0,01,01100001,00000000,01100100,0,1100
56,00,0,01,01100010,00000000,01100101,0,1100
57,10,0,10,00101110,00101101,00100011,0,0011
58,00,0,01,01100011,00000000,01100110,0,1100
59,00,0,01,01100100,00000000,01100111,0,1100
60,00,0,01,01111100,00000000,10000000,0,1100
61,10,0,10,00110000,00101101,00100100,0,0011
62,00,0,01,01111101,00000000,10000001,0,1100
63,00,0,00,00000000,00000000,00000000,0,0000
64,00,0,01,01111110,00000000,10000010,0,1100
65,10,0,10,00110010,00101101,00100101,0,0011
66,00,0,01,01111111,00000000,10000011,0,1100
67,00,0,01,10000000,00000000,10000100,0,1100
68,00,0,01,10000010,00000000,10000110,0,1100
69,00,0,00,00000000,00000000,00000000,0,0000
70,10,0,10,00110100,00101101,00100110,0,0011
71,00,0,01,10000001,00000000,10000101,0,1100
72,00,0,01,10000011,00000000,10000111,0,1100
73,00,0,01,10011011,00000000,10100000,0,1100
74,10,0,10,00110110,00101101,00100111,0,0011
75,00,0,01,00001111,00000000,00001001,0,1011
76,00,0,01,10011100,00000000,10100001,0,1100
77,00,0,01,10011101,00000000,10100010,0,1100
78,10,0,10,01001000,01001100,01000000,0,0011
79,00,0,01,10011111,00000000,10100100,0,1100
80,00,0,01,10011110,00000000,10100011,0,1100
81,00,0,01,00010000,00000000,00001011,0,1011
82,10,0,10,01001010,01001100,01000001,0,0011
83,00,0,01,10100000,00000000,10100101,0,1100
84,00,0,01,10100001,00000000,10100110,0,1100
85,00,0,01,10100010,00000000,10100111,0,1100
86,10,0,10,01001100,01001100,01000010,0,0011
87,00,0,01,00010001,00000000,00001101,0,1011
88,00,0,01,10111010,00000000,11000000,0,1100
89,00,0,01,10111011,00000000,11000001,0,1100
90,10,0,10,01001110,01001100,01000011,0,0011
91,00,0,01,10111100,00000000,11000010,0,1100
92,00,0,01,10111111,00000000,11000101,0,1100
93,00,0,01,00010010,00000000,00001111,0,1011
94,00,0,01,10111101,00000000,11000011,0,1100
95,10,0,10,01010000,01001100,01000100,0,0011
96,00,0,01,10111110,00000000,11000100,0,1100
97,00,0,01,11000000,00000000,11000110,0,1100
98,00,0,01,11000001,00000000,11000111,0,1100
99,00,0,01,00010011,00000000,00010001,0,1011
100,10,0,10,01010010,01001100,01000101,0,0011
101,00,0,01,11011001,00000000,11100000,0,1100
102,00,0,01,11011010,00000000,11100001,0,1100
103,00,0,01,11011011,00000000,11100010,0,1100
104,10,0,10,01010100,01001100,01000110,0,0011
105,00,0,01,00010100,00000000,00010011,0,1011
106,00,0,01,11011101,00000000,11100100,0,1100
107,00,0,01,11011100,00000000,11100011,0,1100
108,10,0,10,01010110,01001100,01000111,0,0011
109,00,0,01,11011110,00000000,11100101,0,1100
110,00,0,01,11011111,00000000,11100110,0,1100
111,00,0,01,00010101,00000000,00010101,0,1011
112,10,0,10,01101000,01101011,01100000,0,0011
113,00,0,01,11100000,00000000,11100111,0,1100
114,00,0,00,00000000,00000000,00000000,0,0000
115,00,0,00,00000000,00000000,00000000,0,0000
116,10,0,10,01101010,01101011,01100001,0,0011
117,00,0,01,00010110,00000000,00010111,0,1011
118,00,0,00,00000000,00000000,00000000,0,0000
119,00,0,00,00000000,00000000,00000000,0,0000
120,10,0,10,01101100,01101011,01100010,0,0011
121,00,0,00,00000000,00000000,00000000,0,0000
122,00,0,00,00000000,00000000,00000000,0,0000
123,00,0,01,00101110,00000000,00101001,0,1011
124,10,0,10,01101110,01101011,01100011,0,0011
125,00,0,00,00000000,00000000,00000000,0,0000
126,00,0,00,00000000,00000000,00000000,0,0000
127,00,0,00,00000000,00000000,00000000,0,0000
128,10,0,10,01110000,01101011,01100100,0,0011
129,00,0,01,00101111,00000000,00101011,0,1011
130,00,0,00,00000000,00000000,00000000,0,0000
131,00,0,00,00000000,00000000,00000000,0,0000
132,10,0,10,01110010,01101011,01100101,0,0011
133,00,0,00,00000000,00000000,00000000,0,0000
134,00,0,00,00000000,00000000,00000000,0,0000
135,00,0,01,00110000,00000000,00101101,0,1011
136,10,0,10,01110100,01101011,01100110,0,0011
137,00,0,00,00000000,00000000,00000000,0,0000
138,00,0,00,00000000,00000000,00000000,0,0000
139,00,0,00,00000000,00000000,00000000,0,0000
140,10,0,10,01110110,01101011,01100111,0,0011
141,00,0,01,00110001,00000000,00101111,0,1011
142,00,0,00,00000000,00000000,00000000,0,0000
143,00,0,00,00000000,00000000,00000000,0,0000
144,10,0,10,10001000,10001010,10000000,0,0011
145,00,0,00,00000000,00000000,00000000,0,0000
146,00,0,00,00000000,00000000,00000000,0,0000
147,00,0,01,00110010,00000000,00110001,0,1011
148,10,0,10,10001010,10001010,10000001,0,0011
149,00,0,00,00000000,00000000,00000000,0,0000
150,00,0,00,00000000,00000000,00000000,0,0000
151,00,0,00,00000000,00000000,00000000,0,0000
152,10,0,10,10001100,10001010,10000010,0,0011
153,00,0,01,00110011,00000000,00110011,0,1011
154,00,0,00,00000000,00000000,00000000,0,0000
155,00,0,00,00000000,00000000,00000000,0,0000
156,10,0,10,10001110,10001010,10000011,0,0011
157,00,0,00,00000000,00000000,00000000,0,0000
158,00,0,00,00000000,00000000,00000000,0,0000
159,00,0,01,00110100,00000000,00110101,0,1011
160,10,0,10,10010000,10001010,10000100,0,0011
161,00,0,00,00000000,00000000,00000000,0,0000
162,00,0,00,00000000,00000000,00000000,0,0000
163,00,0,00,00000000,00000000,00000000,0,0000
164,10,0,10,10010010,10001010,10000101,0,0011
165,00,0,01,00110101,00000000,00110111,0,1011
166,00,0,00,00000000,00000000,00000000,0,0000
167,00,0,00,00000000,00000000,00000000,0,0000
168,10,0,10,10010100,10001010,10000110,0,0011
169,00,0,00,00000000,00000000,00000000,0,0000
170,00,0,00,00000000,00000000,00000000,0,0000
171,00,0,01,01001101,00000000,01001001,0,1011
172,10,0,10,10010110,10001010,10000111,0,0011
173,00,0,00,00000000,00000000,00000000,0,0000
174,00,0,00,00000000,00000000,00000000,0,0000
175,00,0,00,00000000,00000000,00000000,0,0000
176,10,0,10,00011000,00011110,00001000,0,0011
177,00,0,00,00000000,00000000,00000000,0,0000
178,00,0,01,01001110,00000000,01001011,0,1011
179,00,0,00,00000000,00000000,00000000,0,0000
180,10,0,10,00011001,00011110,00001010,0,0011
181,00,0,00,00000000,00000000,00000000,0,0000
182,00,0,00,00000000,00000000,00000000,0,0000
183,00,0,01,01001111,00000000,01001101,0,1011
184,10,0,10,00011010,00011110,00001100,0,0011
185,00,0,00,00000000,00000000,00000000,0,0000
186,00,0,00,00000000,00000000,00000000,0,0000
187,00,0,00,00000000,00000000,00000000,0,0000
188,10,0,10,00011011,00011110,00001110,0,0011
189,00,0,01,01010000,00000000,01001111,0,1011
190,00,0,00,00000000,00000000,00000000,0,0000
191,00,0,00,00000000,00000000,00000000,0,0000
192,10,0,10,00011100,00011110,00010000,0,0011
193,00,0,00,00000000,00000000,00000000,0,0000
194,00,0,00,00000000,00000000,00000000,0,0000
195,00,0,01,01010001,00000000,01010001,0,1011
196,10,0,10,00011101,00011110,00010010,0,0011
197,00,0,00,00000000,00000000,00000000,0,0000
198,00,0,00,00000000,00000000,00000000,0,0000
199,00,0,00,00000000,00000000,00000000,0,0000
200,10,0,10,00011110,00011110,00010100,0,0011
201,00,0,01,01010010,00000000,01010011,0,1011
202,00,0,00,00000000,00000000,00000000,0,0000
203,00,0,00,00000000,00000000,00000000,0,0000
204,10,0,10,00011111,00011110,00010110,0,0011
205,00,0,00,00000000,00000000,00000000,0,0000
206,00,0,00,00000000,00000000,00000000,0,0000
207,00,0,01,01010011,00000000,01010101,0,1011
208,10,0,10,10101000,10101001,10100000,0,0011
209,00,0,00,00000000,00000000,00000000,0,0000
210,00,0,00,00000000,00000000,00000000,0,0000
211,00,0,00,00000000,00000000,00000000,0,0000
212,10,0,10,10101010,10101001,10100001,0,0011
213,00,0,01,01010100,00000000,01010111,0,1011
214,00,0,00,00000000,00000000,00000000,0,0000
215,00,0,00,00000000,00000000,00000000,0,0000
216,10,0,10,10101100,10101001,10100010,0,0011
217,00,0,00,00000000,00000000,00000000,0,0000
218,00,0,01,11111001,00000000,00000001,0,1100
219,00,0,01,01101100,00000000,01101001,0,1011
220,10,0,10,00111000,00111101,00101000,0,0011
221,00,0,01,11111000,00000000,00000000,0,1100
222,00,0,01,11111010,00000000,00000010,0,1100
223,00,0,01,11111011,00000000,00000011,0,1100
224,10,0,10,00111001,00111101,00101010,0,0011
225,00,0,00,00000000,00000000,00000000,0,0000
226,00,0,01,01101101,00000000,01101011,0,1011
227,00,0,01,11111100,00000000,00000100,0,1100
228,10,0,10,00111010,00111101,00101100,0,0011
229,00,0,01,11111101,00000000,00000101,0,1100
230,00,0,01,11111110,00000000,00000110,0,1100
231,00,0,01,01101110,00000000,01101101,0,1011
232,10,0,10,00111011,00111101,00101110,0,0011
233,00,0,01,11111111,00000000,00000111,0,1100
234,00,0,00,00000000,00000000,00000000,0,0000
235,00,0,00,00000000,00000000,00000000,0,0000
236,10,0,10,00111100,00111101,00110000,0,0011
237,00,0,01,01101111,00000000,01101111,0,1011
238,00,0,00,00000000,00000000,00000000,0,0000
239,00,0,00,00000000,00000000,00000000,0,0000
240,10,0,10,00111101,00111101,00110010,0,0011
241,00,0,00,00000000,00000000,00000000,0,0000
242,00,0,00,00000000,00000000,00000000,0,0000
243,00,0,01,01110000,00000000,01110001,0,1011
244,10,0,10,00111110,00111101,00110100,0,0011
245,00,0,00,00000000,00000000,00000000,0,0000
246,00,0,00,00000000,00000000,00000000,0,0000
247,00,0,00,00000000,00000000,00000000,0,0000
248,10,0,10,00111111,00111101,00110110,0,0011
249,00,0,01,01110001,00000000,01110011,0,1011
250,00,0,00,00000000,00000000,00000000,0,0000
251,00,0,00,00000000,00000000,00000000,0,0000
252,10,0,10,10101110,10101001,10100011,0,0011
253,00,0,00,00000000,00000000,00000000,0,0000
254,00,0,00,00000000,00000000,00000000,0,0000
255,00,0,01,01110010,00000000,01110101,0,1011
256,10,0,10,10110000,10101001,10100100,0,0011
257,00,0,00,00000000,00000000,00000000,0,0000
258,00,0,00,00000000,00000000,00000000,0,0000
259,00,0,00,00000000,00000000,00000000,0,0000
260,10,0,10,10110010,10101001,10100101,0,0011
261,00,0,01,01110011,00000000,01110111,0,1011
262,00,0,01,00010111,00000000,00100000,0,1100
263,00,0,01,00011000,00000000,00100001,0,1100
264,10,0,10,10110100,10101001,10100110,0,0011
265,00,0,00,00000000,00000000,00000000,0,0000
266,00,0,01,00011001,00000000,00100010,0,1100
267,00,0,01,10001011,00000000,10001001,0,1011
268,10,0,10,01011000,01011100,01001000,0,0011
269,00,0,01,00011010,00000000,00100011,0,1100
270,00,0,01,00011011,00000000,00100100,0,1100
271,00,0,01,00011100,00000000,00100101,0,1100
272,10,0,10,01011001,01011100,01001010,0,0011
273,00,0,00,00000000,00000000,00000000,0,0000
274,00,0,01,10001100,00000000,10001011,0,1011
275,00,0,01,00011101,00000000,00100110,0,1100
276,10,0,10,01011010,01011100,01001100,0,0011
277,00,0,01,00011110,00000000,00100111,0,1100
278,00,0,00,00000000,00000000,00000000,0,0000
279,00,0,01,10001101,00000000,10001101,0,1011
280,10,0,10,01011011,01011100,01001110,0,0011
281,00,0,00,00000000,00000000,00000000,0,0000
282,00,0,00,00000000,00000000,00000000,0,0000
283,00,0,00,00000000,00000000,00000000,0,0000
284,10,0,10,01011100,01011100,01010000,0,0011
285,00,0,01,10001110,00000000,10001111,0,1011
286,00,0,00,00000000,00000000,00000000,0,0000
287,00,0,00,00000000,00000000,00000000,0,0000
288,10,0,10,01011101,01011100,01010010,0,0011
289,00,0,00,00000000,00000000,00000000,0,0000
290,00,0,00,00000000,00000000,00000000,0,0000
291,00,0,01,10001111,00000000,10010001,0,1011
292,10,0,10,01011110,01011100,01010100,0,0011
293,00,0,00,00000000,00000000,00000000,0,0000
294,00,0,00,00000000,00000000,00000000,0,0000
295,00,0,00,00000000,00000000,00000000,0,0000
296,10,0,10,01011111,01011100,01010110,0,0011
297,00,0,01,10010000,00000000,10010011,0,1011
298,00,0,00,00000000,00000000,00000000,0,0000
299,00,0,00,00000000,00000000,00000000,0,0000
300,10,0,10,10110110,10101001,10100111,0,0011
301,00,0,00,00000000,00000000,00000000,0,0000
302,00,0,00,00000000,00000000,00000000,0,0000
303,00,0,01,10010001,00000000,10010101,0,1011
304,10,0,10,11001000,11001000,11000000,0,0011
305,00,0,00,00000000,00000000,00000000,0,0000
306,00,0,00,00000000,00000000,00000000,0,0000
307,00,0,00,00000000,00000000,00000000,0,0000
308,10,0,10,11001010,11001000,11000001,0,0011
309,00,0,01,10010010,00000000,10010111,0,1011
310,00,0,01,00110110,00000000,01000000,0,1100
311,00,0,01,00110111,00000000,01000001,0,1100
312,10,0,10,11001100,11001000,11000010,0,0011
313,00,0,01,00111000,00000000,01000010,0,1100
314,00,0,01,00111001,00000000,01000011,0,1100
315,00,0,01,10101010,00000000,10101001,0,1011
316,10,0,10,01111000,01111011,01101000,0,0011
317,00,0,01,00111010,00000000,01000100,0,1100
318,00,0,01,00111011,00000000,01000101,0,1100
319,00,0,01,00111100,00000000,01000110,0,1100
320,10,0,10,01111001,01111011,01101010,0,0011
321,00,0,00,00000000,00000000,00000000,0,0000
322,00,0,01,10101011,00000000,10101011,0,1011
323,00,0,01,00111101,00000000,01000111,0,1100
324,10,0,10,01111010,01111011,01101100,0,0011
325,00,0,00,00000000,00000000,00000000,0,0000
326,00,0,00,00000000,00000000,00000000,0,0000
327,00,0,01,10101100,00000000,10101101,0,1011
328,10,0,10,01111011,01111011,01101110,0,0011
329,00,0,00,00000000,00000000,00000000,0,0000
330,00,0,00,00000000,00000000,00000000,0,0000
331,00,0,00,00000000,00000000,00000000,0,0000
332,10,0,10,01111100,01111011,01110000,0,0011
333,00,0,01,10101101,00000000,10101111,0,1011
334,00,0,00,00000000,00000000,00000000,0,0000
335,00,0,00,00000000,00000000,00000000,0,0000
336,10,0,10,01111101,01111011,01110010,0,0011
337,00,0,00,00000000,00000000,00000000,0,0000
338,00,0,00,00000000,00000000,00000000,0,0000
339,00,0,01,10101110,00000000,10110001,0,1011
340,10,0,10,01111110,01111011,01110100,0,0011
341,00,0,00,00000000,00000000,00000000,0,0000
342,00,0,00,00000000,00000000,00000000,0,0000
343,00,0,00,00000000,00000000,00000000,0,0000
344,10,0,10,01111111,01111011,01110110,0,0011
345,00,0,01,10101111,00000000,10110011,0,1011
346,00,0,00,00000000,00000000,00000000,0,0000
347,00,0,00,00000000,00000000,00000000,0,0000
348,10,0,10,11001110,11001000,11000011,0,0011
349,00,0,00,00000000,00000000,00000000,0,0000
350,00,0,00,00000000,00000000,00000000,0,0000
351,00,0,01,10110000,00000000,10110101,0,1011
352,10,0,10,11010000,11001000,11000100,0,0011
353,00,0,00,00000000,00000000,00000000,0,0000
354,00,0,00,00000000,00000000,00000000,0,0000
355,00,0,00,00000000,00000000,00000000,0,0000
356,10,0,10,11010010,11001000,11000101,0,0011
357,00,0,01,10110001,00000000,10110111,0,1011
358,00,0,01,01010101,00000000,01100000,0,1100
359,00,0,01,01010110,00000000,01100001,0,1100
360,00,0,01,01010111,00000000,01100010,0,1100
361,00,0,00,00000000,00000000,00000000,0,0000
362,00,0,01,01011000,00000000,01100011,0,1100
363,00,0,01,11001001,00000000,11001001,0,1011
364,00,0,01,01011010,00000000,01100101,0,1100
365,00,0,01,01011001,00000000,01100100,0,1100
366,10,0,10,10011000,10011010,10001000,0,0011
367,00,0,01,01011011,00000000,01100110,0,1100
368,00,0,01,01011100,00000000,01100111,0,1100
369,00,0,01,11001010,00000000,11001011,0,1011
370,10,0,10,10011001,10011010,10001010,0,0011
371,00,0,00,00000000,00000000,00000000,0,0000
372,00,0,00,00000000,00000000,00000000,0,0000
373,00,0,00,00000000,00000000,00000000,0,0000
374,10,0,10,10011010,10011010,10001100,0,0011
375,00,0,01,11001011,00000000,11001101,0,1011
376,00,0,00,00000000,00000000,00000000,0,0000
377,00,0,00,00000000,00000000,00000000,0,0000
378,00,0,00,00000000,00000000,00000000,0,0000
379,10,0,10,10011011,10011010,10001110,0,0011
380,00,0,00,00000000,00000000,00000000,0,0000
381,00,0,00,00000000,00000000,00000000,0,0000
382,00,0,00,00000000,00000000,00000000,0,0000
383,10,0,10,10011100,10011010,10010000,0,0011
384,00,0,00,00000000,00000000,00000000,0,0000
385,00,0,00,00000000,00000000,00000000,0,0000
386,00,0,00,00000000,00000000,00000000,0,0000
387,00,0,00,00000000,00000000,00000000,0,0000
388,00,0,01,11001100,00000000,11001111,0,1011
389,00,0,00,00000000,00000000,00000000,0,0000
390,00,0,00,00000000,00000000,00000000,0,0000
391,00,0,00,00000000,00000000,00000000,0,0000
392,00,0,00,00000000,00000000,00000000,0,0000
393,00,0,00,00000000,00000000,00000000,0,0000
394,00,0,10,10011101,10011010,10010010,0,0011
395,00,0,10,10011110,10011010,10010100,0,0011
396,00,0,10,10011111,10011010,10010110,0,0011
397,00,0,01,11001101,00000000,11010001,0,1011
398,00,0,10,11010100,11001000,11000110,0,0011
399,00,0,10,11010110,11001000,11000111,0,0011
400,00,0,10,00001000,00000110,00000000,0,0011
401,00,0,01,11001110,00000000,11010011,0,1011
402,00,0,10,11101000,11100111,11100000,0,0011
403,00,0,10,11101010,11100111,11100001,0,0011
404,00,0,10,11101100,11100111,11100010,0,0011
405,00,0,10,11101110,11100111,11100011,0,0011
406,00,0,10,11110000,11100111,11100100,0,0011
407,00,0,10,11110010,11100111,11100101,0,0011
408,00,0,10,11110100,11100111,11100110,0,0011
409,00,0,10,11110110,11100111,11100111,0,0011
410,00,0,10,00001010,00000110,00000001,0,0011
411,00,0,10,00001110,00000110,00000011,0,0011
412,00,0,10,00001100,00000110,00000010,0,0011
413,10,0,10,10111000,10111001,10101000,0,0011
414,00,0,01,01110100,00000000,10000000,0,1100
415,00,0,01,01110101,00000000,10000001,0,1100
416,00,0,01,01110110,00000000,10000010,0,1100
417,10,0,10,10111001,10111001,10101010,0,0011
418,00,0,01,01110111,00000000,10000011,0,1100
419,00,0,01,01111000,00000000,10000100,0,1100
420,00,0,01,01111001,00000000,10000101,0,1100
421,10,0,10,10111010,10111001,10101100,0,0011
422,00,0,01,01111010,00000000,10000110,0,1100
423,00,0,00,00000000,00000000,00000000,0,0000
424,00,0,01,01111011,00000000,10000111,0,1100
425,10,0,10,10111011,10111001,10101110,0,0011
426,00,0,00,00000000,00000000,00000000,0,0000
427,00,0,00,00000000,00000000,00000000,0,0000
428,00,0,00,00000000,00000000,00000000,0,0000
429,10,0,10,10111100,10111001,10110000,0,0011
430,00,0,00,00000000,00000000,00000000,0,0000
431,00,0,00,00000000,00000000,00000000,0,0000
432,00,0,00,00000000,00000000,00000000,0,0000
433,10,0,10,10111101,10111001,10110010,0,0011
434,00,0,00,00000000,00000000,00000000,0,0000
435,00,0,00,00000000,00000000,00000000,0,0000
436,00,0,01,11001111,00000000,11010101,0,1011
437,10,0,10,10111110,10111001,10110100,0,0011
438,00,0,00,00000000,00000000,00000000,0,0000
439,00,0,00,00000000,00000000,00000000,0,0000
440,00,0,00,00000000,00000000,00000000,0,0000
441,00,0,01,11010000,00000000,11010111,0,1011
442,10,0,10,10111111,10111001,10110110,0,0011
443,00,0,00,00000000,00000000,00000000,0,0000
444,00,0,00,00000000,00000000,00000000,0,0000
445,00,0,00,00000000,00000000,00000000,0,0000
446,10,0,10,00010000,00000110,00000100,0,0011
447,00,0,01,11101000,00000000,11101001,0,1011
448,00,0,00,00000000,00000000,00000000,0,0000
449,00,0,00,00000000,00000000,00000000,0,0000
450,10,0,10,00010010,00000110,00000101,0,0011
451,00,0,00,00000000,00000000,00000000,0,0000
452,00,0,00,00000000,00000000,00000000,0,0000
453,00,0,01,11101001,00000000,11101011,0,1011
454,10,0,10,00010100,00000110,00000110,0,0011
455,00,0,01,10010011,00000000,10100000,0,1100
456,00,0,00,00000000,00000000,00000000,0,0000
457,00,0,00,00000000,00000000,00000000,0,0000
458,10,0,10,00010110,00000110,00000111,0,0011
459,00,0,01,11101011,00000000,11101111,0,1011
460,00,0,01,10010100,00000000,10100001,0,1100
461,00,0,01,10010101,00000000,10100010,0,1100
462,10,0,10,00101000,00100101,00100000,0,0011
463,00,0,01,10010110,00000000,10100011,0,1100
464,00,0,01,10011000,00000000,10100101,0,1100
465,00,0,01,11101010,00000000,11101101,0,1011
466,10,0,10,01101000,01100011,01100000,0,0011
467,00,0,01,10010111,00000000,10100100,0,1100
468,00,0,01,10011001,00000000,10100110,0,1100
469,00,0,01,10011010,00000000,10100111,0,1100
470,10,0,10,00101010,00100101,00100001,0,0011
471,00,0,01,11101100,00000000,11110001,0,1011
472,00,0,00,00000000,00000000,00000000,0,0000
473,00,0,00,00000000,00000000,00000000,0,0000
474,10,0,10,00101100,00100101,00100010,0,0011
475,00,0,00,00000000,00000000,00000000,0,0000
476,00,0,00,00000000,00000000,00000000,0,0000
477,00,0,01,11101101,00000000,11110011,0,1011
478,10,0,10,00101110,00100101,00100011,0,0011
479,00,0,00,00000000,00000000,00000000,0,0000
480,00,0,00,00000000,00000000,00000000,0,0000
481,00,0,00,00000000,00000000,00000000,0,0000
482,10,0,10,00110000,00100101,00100100,0,0011
483,00,0,01,11101110,00000000,11110101,0,1011
484,00,0,00,00000000,00000000,00000000,0,0000
485,00,0,00,00000000,00000000,00000000,0,0000
486,10,0,10,00110010,00100101,00100101,0,0011
487,00,0,00,00000000,00000000,00000000,0,0000
488,00,0,00,00000000,00000000,00000000,0,0000
489,00,0,01,11101111,00000000,11110111,0,1011
490,10,0,10,01101010,01100011,01100001,0,0011
491,00,0,00,00000000,00000000,00000000,0,0000
492,00,0,00,00000000,00000000,00000000,0,0000
493,00,0,00,00000000,00000000,00000000,0,0000
494,10,0,10,00110100,00100101,00100110,0,0011
495,00,0,01,00000111,00000000,00001001,0,1011
496,00,0,00,00000000,00000000,00000000,0,0000
497,00,0,00,00000000,00000000,00000000,0,0000
498,10,0,10,11011000,11011000,11001000,0,0011
499,00,0,00,00000000,00000000,00000000,0,0000
500,00,0,00,00000000,00000000,00000000,0,0000
501,00,0,00,00000000,00000000,00000000,0,0000
502,10,0,10,11011001,11011000,11001010,0,0011
503,00,0,01,00001000,00000000,00001011,0,1011
504,00,0,00,00000000,00000000,00000000,0,0000
505,00,0,00,00000000,00000000,00000000,0,0000
506,10,0,10,11011010,11011000,11001100,0,0011
507,00,0,01,00001001,00000000,00001101,0,1011
508,00,0,00,00000000,00000000,00000000,0,0000
509,00,0,00,00000000,00000000,00000000,0,0000
510,10,0,10,11011011,11011000,11001110,0,0011
511,00,0,00,00000000,00000000,00000000,0,0000
512,00,0,00,00000000,00000000,00000000,0,0000
513,00,0,01,00001010,00000000,00001111,0,1011
514,10,0,10,11011100,11011000,11010000,0,0011
515,00,0,00,00000000,00000000,00000000,0,0000
516,00,0,00,00000000,00000000,00000000,0,0000
517,00,0,00,00000000,00000000,00000000,0,0000
518,10,0,10,11011101,11011000,11010010,0,0011
519,00,0,01,00001011,00000000,00010001,0,1011
520,00,0,00,00000000,00000000,00000000,0,0000
521,00,0,00,00000000,00000000,00000000,0,0000
522,10,0,10,11011110,11011000,11010100,0,0011
523,00,0,00,00000000,00000000,00000000,0,0000
524,00,0,00,00000000,00000000,00000000,0,0000
525,00,0,01,00001100,00000000,00010011,0,1011
526,10,0,10,11011111,11011000,11010110,0,0011
527,00,0,00,00000000,00000000,00000000,0,0000
528,00,0,00,00000000,00000000,00000000,0,0000
529,00,0,00,00000000,00000000,00000000,0,0000
530,10,0,10,00110110,00100101,00100111,0,0011
531,00,0,01,00001101,00000000,00010101,0,1011
532,00,0,00,00000000,00000000,00000000,0,0000
533,00,0,00,00000000,00000000,00000000,0,0000
534,10,0,10,01001000,01000100,01000000,0,0011
535,00,0,00,00000000,00000000,00000000,0,0000
536,00,0,00,00000000,00000000,00000000,0,0000
537,00,0,01,00001110,00000000,00010111,0,1011
538,10,0,10,10001000,10000010,10000000,0,0011
539,00,0,01,10110010,00000000,11000000,0,1100
540,00,0,00,00000000,00000000,00000000,0,0000
541,00,0,00,00000000,00000000,00000000,0,0000
542,10,0,10,01001010,01000100,01000001,0,0011
543,00,0,01,00100110,00000000,00101001,0,1011
544,00,0,01,10110011,00000000,11000001,0,1100
545,00,0,01,10110100,00000000,11000010,0,1100
546,10,0,10,11111000,11110111,11101000,0,0011
547,00,0,01,10110101,00000000,11000011,0,1100
548,00,0,01,10110111,00000000,11000101,0,1100
549,00,0,00,00000000,00000000,00000000,0,0000
550,10,0,10,11111001,11110111,11101010,0,0011
551,00,0,01,00100111,00000000,00101011,0,1011
552,00,0,01,10110110,00000000,11000100,0,1100
553,00,0,01,10111000,00000000,11000110,0,1100
554,10,0,10,11111010,11110111,11101100,0,0011
555,00,0,01,00101000,00000000,00101101,0,1011
556,00,0,00,00000000,00000000,00000000,0,0000
557,00,0,01,10111001,00000000,11000111,0,1100
558,10,0,10,11111011,11110111,11101110,0,0011
559,00,0,00,00000000,00000000,00000000,0,0000
560,00,0,00,00000000,00000000,00000000,0,0000
561,00,0,01,00101001,00000000,00101111,0,1011
562,10,0,10,11111100,11110111,11110000,0,0011
563,00,0,00,00000000,00000000,00000000,0,0000
564,00,0,00,00000000,00000000,00000000,0,0000
565,00,0,00,00000000,00000000,00000000,0,0000
566,10,0,10,11111101,11110111,11110010,0,0011
567,00,0,01,00101010,00000000,00110001,0,1011
568,00,0,00,00000000,00000000,00000000,0,0000
569,00,0,00,00000000,00000000,00000000,0,0000
570,10,0,10,11111110,11110111,11110100,0,0011
571,00,0,00,00000000,00000000,00000000,0,0000
572,00,0,00,00000000,00000000,00000000,0,0000
573,00,0,01,00101011,00000000,00110011,0,1011
574,10,0,10,11111111,11110111,11110110,0,0011
575,00,0,00,00000000,00000000,00000000,0,0000
576,00,0,00,00000000,00000000,00000000,0,0000
577,00,0,00,00000000,00000000,00000000,0,0000
578,10,0,10,01001100,01000100,01000010,0,0011
579,00,0,01,00101100,00000000,00110101,0,1011
580,00,0,00,00000000,00000000,00000000,0,0000
581,00,0,00,00000000,00000000,00000000,0,0000
582,10,0,10,01001110,01000100,01000011,0,0011
583,00,0,00,00000000,00000000,00000000,0,0000
584,00,0,00,00000000,00000000,00000000,0,0000
585,00,0,01,00101101,00000000,00110111,0,1011
586,10,0,10,01010000,01000100,01000100,0,0011
587,00,0,00,00000000,00000000,00000000,0,0000
588,00,0,01,11010001,00000000,11100000,0,1100
589,00,0,01,11010010,00000000,11100001,0,1100
590,10,0,10,01010010,01000100,01000101,0,0011
591,00,0,01,01000101,00000000,01001001,0,1011
592,00,0,01,11010011,00000000,11100010,0,1100
593,00,0,01,11010100,00000000,11100011,0,1100
594,00,0,01,11010101,00000000,11100100,0,1100
595,10,0,10,00011000,00010110,00001000,0,0011
596,00,0,01,11010110,00000000,11100101,0,1100
597,00,0,01,01000110,00000000,01001011,0,1011
598,00,0,01,11010111,00000000,11100110,0,1100
599,10,0,10,00011001,00010110,00001010,0,0011
600,00,0,01,11011000,00000000,11100111,0,1100
601,00,0,00,00000000,00000000,00000000,0,0000
602,00,0,00,00000000,00000000,00000000,0,0000
603,10,0,10,00011010,00010110,00001100,0,0011
604,00,0,01,01100100,00000000,01101001,0,1011
605,00,0,00,00000000,00000000,00000000,0,0000
606,00,0,00,00000000,00000000,00000000,0,0000
607,10,0,10,00011011,00010110,00001110,0,0011
608,00,0,00,00000000,00000000,00000000,0,0000
609,00,0,00,00000000,00000000,00000000,0,0000
610,00,0,01,01100101,00000000,01101011,0,1011
611,10,0,10,00011100,00010110,00010000,0,0011
612,00,0,00,00000000,00000000,00000000,0,0000
613,00,0,00,00000000,00000000,00000000,0,0000
614,00,0,00,00000000,00000000,00000000,0,0000
615,10,0,10,00011101,00010110,00010010,0,0011
616,00,0,00,00000000,00000000,00000000,0,0000
617,00,0,01,10000011,00000000,10001001,0,1011
618,00,0,00,00000000,00000000,00000000,0,0000
619,10,0,10,00011110,00010110,00010100,0,0011
620,00,0,00,00000000,00000000,00000000,0,0000
621,00,0,00,00000000,00000000,00000000,0,0000
622,00,0,00,00000000,00000000,00000000,0,0000
623,10,0,10,00011111,00010110,00010110,0,0011
624,00,0,01,01000111,00000000,01001101,0,1011
625,00,0,00,00000000,00000000,00000000,0,0000
626,00,0,00,00000000,00000000,00000000,0,0000
627,00,0,00,00000000,00000000,00000000,0,0000
628,00,0,00,00000000,00000000,00000000,0,0000
629,00,0,00,00000000,00000000,00000000,0,0000
630,00,0,01,01001001,00000000,01010001,0,1011
631,00,0,00,00000000,00000000,00000000,0,0000
632,00,0,00,00000000,00000000,00000000,0,0000
633,00,0,00,00000000,00000000,00000000,0,0000
634,00,0,10,01010100,01000100,01000110,0,0011
635,00,0,01,01001000,00000000,01001111,0,1011
636,00,0,10,01010110,01000100,01000111,0,0011
637,00,0,10,01101100,01100011,01100010,0,0011
638,00,0,10,01101110,01100011,01100011,0,0011
639,00,0,10,01110000,01100011,01100100,0,0011
640,00,0,10,01110010,01100011,01100101,0,0011
641,00,0,10,00111000,00110101,00101000,0,0011
642,00,0,10,00111001,00110101,00101010,0,0011
643,00,0,10,00111010,00110101,00101100,0,0011
644,00,0,10,00111011,00110101,00101110,0,0011
645,00,0,10,00111100,00110101,00110000,0,0011
646,00,0,10,00111101,00110101,00110010,0,0011
647,00,0,10,00111110,00110101,00110100,0,0011
648,00,0,01,01001010,00000000,01010011,0,1011
649,00,0,10,00111111,00110101,00110110,0,0011
650,10,0,10,01110100,01100011,01100110,0,0011
651,00,0,01,11110000,00000000,00000000,0,1100
652,00,0,01,11110001,00000000,00000001,0,1100
653,00,0,01,11110011,00000000,00000011,0,1100
654,00,0,00,00000000,00000000,00000000,0,0000
655,10,0,10,01110110,01100011,01100111,0,0011
656,00,0,01,11110100,00000000,00000100,0,1100
657,00,0,01,11110010,00000000,00000010,0,1100
658,00,0,01,11110101,00000000,00000101,0,1100
659,10,0,10,10001010,10000010,10000001,0,0011
660,00,0,00,00000000,00000000,00000000,0,0000
661,00,0,01,11110110,00000000,00000110,0,1100
662,00,0,01,11110111,00000000,00000111,0,1100
663,10,0,10,10001100,10000010,10000010,0,0011
664,00,0,01,00001111,00000000,00100000,0,1100
665,00,0,01,00010000,00000000,00100001,0,1100
666,00,0,01,00010001,00000000,00100010,0,1100
667,10,0,10,10001110,10000010,10000011,0,0011
668,00,0,01,00010010,00000000,00100011,0,1100
669,00,0,00,00000000,00000000,00000000,0,0000
670,00,0,01,00010011,00000000,00100100,0,1100
671,10,0,10,10010000,10000010,10000100,0,0011
672,00,0,01,01001011,00000000,01010101,0,1011
673,00,0,01,00010100,00000000,00100101,0,1100
674,00,0,01,00010101,00000000,00100110,0,1100
675,10,0,10,10010010,10000010,10000101,0,0011
676,00,0,01,00010110,00000000,00100111,0,1100
677,00,0,00,00000000,00000000,00000000,0,0000
678,00,0,01,01001100,00000000,01010111,0,1011
679,10,0,10,10010100,10000010,10000110,0,0011
680,00,0,00,00000000,00000000,00000000,0,0000
681,00,0,00,00000000,00000000,00000000,0,0000
682,00,0,00,00000000,00000000,00000000,0,0000
683,10,0,10,10010110,10000010,10000111,0,0011
684,00,0,01,01100110,00000000,01101101,0,1011
685,00,0,00,00000000,00000000,00000000,0,0000
686,00,0,00,00000000,00000000,00000000,0,0000
687,10,0,10,10101000,10100001,10100000,0,0011
688,00,0,00,00000000,00000000,00000000,0,0000
689,00,0,00,00000000,00000000,00000000,0,0000
690,00,0,01,01100111,00000000,01101111,0,1011
691,10,0,10,10101010,10100001,10100001,0,0011
692,00,0,00,00000000,00000000,00000000,0,0000
693,00,0,00,00000000,00000000,00000000,0,0000
694,00,0,00,00000000,00000000,00000000,0,0000
695,10,0,10,10101100,10100001,10100010,0,0011
696,00,0,01,01101000,00000000,01110001,0,1011
697,00,0,00,00000000,00000000,00000000,0,0000
698,00,0,00,00000000,00000000,00000000,0,0000
699,10,0,10,10101110,10100001,10100011,0,0011
700,00,0,00,00000000,00000000,00000000,0,0000
701,00,0,00,00000000,00000000,00000000,0,0000
702,00,0,01,01101001,00000000,01110011,0,1011
703,10,0,10,10110000,10100001,10100100,0,0011
704,00,0,00,00000000,00000000,00000000,0,0000
705,00,0,00,00000000,00000000,00000000,0,0000
706,00,0,00,00000000,00000000,00000000,0,0000
707,10,0,10,10110010,10100001,10100101,0,0011
708,00,0,01,01101010,00000000,01110101,0,1011
709,00,0,00,00000000,00000000,00000000,0,0000
710,00,0,00,00000000,00000000,00000000,0,0000
711,10,0,10,10110100,10100001,10100110,0,0011
712,00,0,00,00000000,00000000,00000000,0,0000
713,00,0,00,00000000,00000000,00000000,0,0000
714,00,0,01,01101011,00000000,01110111,0,1011
715,10,0,10,11101000,11011111,11100000,0,0011
716,00,0,00,00000000,00000000,00000000,0,0000
717,00,0,00,00000000,00000000,00000000,0,0000
718,00,0,00,00000000,00000000,00000000,0,0000
719,10,0,10,10110110,10100001,10100111,0,0011
720,00,0,01,10000100,00000000,10001011,0,1011
721,00,0,00,00000000,00000000,00000000,0,0000
722,00,0,00,00000000,00000000,00000000,0,0000
723,10,0,10,11001000,11000000,11000000,0,0011
724,00,0,00,00000000,00000000,00000000,0,0000
725,00,0,00,00000000,00000000,00000000,0,0000
726,00,0,01,10000101,00000000,10001101,0,1011
727,10,0,10,11001010,11000000,11000001,0,0011
728,00,0,00,00000000,00000000,00000000,0,0000
729,00,0,00,00000000,00000000,00000000,0,0000
730,00,0,00,00000000,00000000,00000000,0,0000
731,10,0,10,11001100,11000000,11000010,0,0011
732,00,0,01,10000110,00000000,10001111,0,1011
733,00,0,00,00000000,00000000,00000000,0,0000
734,00,0,00,00000000,00000000,00000000,0,0000
735,10,0,10,01011000,01010100,01001000,0,0011
736,00,0,00,00000000,00000000,00000000,0,0000
737,00,0,00,00000000,00000000,00000000,0,0000
738,00,0,01,10000111,00000000,10010001,0,1011
739,10,0,10,01011001,01010100,01001010,0,0011
740,00,0,00,00000000,00000000,00000000,0,0000
741,00,0,00,00000000,00000000,00000000,0,0000
742,00,0,00,00000000,00000000,00000000,0,0000
743,10,0,10,01011010,01010100,01001100,0,0011
744,00,0,01,10001000,00000000,10010011,0,1011
745,00,0,00,00000000,00000000,00000000,0,0000
746,00,0,00,00000000,00000000,00000000,0,0000
747,10,0,10,01011011,01010100,01001110,0,0011
748,00,0,00,00000000,00000000,00000000,0,0000
749,00,0,00,00000000,00000000,00000000,0,0000
750,00,0,01,10001001,00000000,10010101,0,1011
751,10,0,10,01011100,01010100,01010000,0,0011
752,00,0,00,00000000,00000000,00000000,0,0000
753,00,0,00,00000000,00000000,00000000,0,0000
754,00,0,00,00000000,00000000,00000000,0,0000
755,10,0,10,01011101,01010100,01010010,0,0011
756,00,0,01,10001010,00000000,10010111,0,1011
757,00,0,00,00000000,00000000,00000000,0,0000
758,00,0,00,00000000,00000000,00000000,0,0000
759,10,0,10,01011110,01010100,01010100,0,0011
760,00,0,00,00000000,00000000,00000000,0,0000
761,00,0,00,00000000,00000000,00000000,0,0000
762,00,0,01,10100010,00000000,10101001,0,1011
763,10,0,10,01011111,01010100,01010110,0,0011
764,00,0,00,00000000,00000000,00000000,0,0000
765,00,0,00,00000000,00000000,00000000,0,0000
766,00,0,00,00000000,00000000,00000000,0,0000
767,10,0,10,11001110,11000000,11000011,0,0011
768,00,0,01,10100011,00000000,10101011,0,1011
769,00,0,00,00000000,00000000,00000000,0,0000
770,00,0,00,00000000,00000000,00000000,0,0000
771,10,0,10,01111000,01110011,01101000,0,0011
772,00,0,00,00000000,00000000,00000000,0,0000
773,00,0,00,00000000,00000000,00000000,0,0000
774,00,0,01,10100100,00000000,10101101,0,1011
775,10,0,10,01111001,01110011,01101010,0,0011
776,00,0,01,00101110,00000000,01000000,0,1100
777,00,0,00,00000000,00000000,00000000,0,0000
778,00,0,01,00101111,00000000,01000001,0,1100
779,10,0,10,01111010,01110011,01101100,0,0011
780,00,0,01,10100101,00000000,10101111,0,1011
781,00,0,00,00000000,00000000,00000000,0,0000
782,00,0,01,00110000,00000000,01000010,0,1100
783,10,0,10,01111011,01110011,01101110,0,0011
784,00,0,01,00110010,00000000,01000100,0,1100
785,00,0,00,00000000,00000000,00000000,0,0000
786,00,0,01,10100110,00000000,10110001,0,1011
787,10,0,10,01111100,01110011,01110000,0,0011
788,00,0,01,00110001,00000000,01000011,0,1100
789,00,0,01,00110011,00000000,01000101,0,1100
790,00,0,01,00110100,00000000,01000110,0,1100
791,10,0,10,01111101,01110011,01110010,0,0011
792,00,0,01,10100111,00000000,10110011,0,1011
793,00,0,00,00000000,00000000,00000000,0,0000
794,00,0,01,00110101,00000000,01000111,0,1100
795,10,0,10,01111110,01110011,01110100,0,0011
796,00,0,00,00000000,00000000,00000000,0,0000
797,00,0,00,00000000,00000000,00000000,0,0000
798,00,0,01,10101000,00000000,10110101,0,1011
799,10,0,10,01111111,01110011,01110110,0,0011
800,00,0,00,00000000,00000000,00000000,0,0000
801,00,0,00,00000000,00000000,00000000,0,0000
802,00,0,00,00000000,00000000,00000000,0,0000
803,10,0,10,11010000,11000000,11000100,0,0011
804,00,0,01,10101001,00000000,10110111,0,1011
805,00,0,00,00000000,00000000,00000000,0,0000
806,00,0,00,00000000,00000000,00000000,0,0000
807,10,0,10,11010010,11000000,11000101,0,0011
808,00,0,00,00000000,00000000,00000000,0,0000
809,00,0,00,00000000,00000000,00000000,0,0000
810,00,0,01,11000001,00000000,11001001,0,1011
811,10,0,10,11010100,11000000,11000110,0,0011
812,00,0,01,01001101,00000000,01100000,0,1100
813,00,0,01,01001110,00000000,01100001,0,1100
814,00,0,01,01001111,00000000,01100010,0,1100
815,10,0,10,10011000,10010010,10001000,0,0011
816,00,0,01,11000010,00000000,11001011,0,1011
817,00,0,01,01010001,00000000,01100100,0,1100
818,00,0,01,01010000,00000000,01100011,0,1100
819,00,0,01,01010010,00000000,01100101,0,1100
820,00,0,00,00000000,00000000,00000000,0,0000
821,10,0,10,10011001,10010010,10001010,0,0011
822,00,0,01,11000011,00000000,11001101,0,1011
823,00,0,01,01010100,00000000,01100111,0,1100
824,00,0,01,01010011,00000000,01100110,0,1100
825,10,0,10,10011010,10010010,10001100,0,0011
826,00,0,00,00000000,00000000,00000000,0,0000
827,00,0,00,00000000,00000000,00000000,0,0000
828,00,0,01,11000100,00000000,11001111,0,1011
829,10,0,10,10011011,10010010,10001110,0,0011
830,00,0,00,00000000,00000000,00000000,0,0000
831,00,0,00,00000000,00000000,00000000,0,0000
832,00,0,00,00000000,00000000,00000000,0,0000
833,00,0,00,00000000,00000000,00000000,0,0000
834,10,0,10,10011100,10010010,10010000,0,0011
835,00,0,01,11100000,00000000,11101001,0,1011
836,00,0,00,00000000,00000000,00000000,0,0000
837,00,0,00,00000000,00000000,00000000,0,0000
838,10,0,10,10011101,10010010,10010010,0,0011
839,00,0,00,00000000,00000000,00000000,0,0000
840,00,0,00,00000000,00000000,00000000,0,0000
841,00,0,00,00000000,00000000,00000000,0,0000
842,00,0,00,00000000,00000000,00000000,0,0000
843,00,0,01,11000101,00000000,11010001,0,1011
844,00,0,00,00000000,00000000,00000000,0,0000
845,00,0,00,00000000,00000000,00000000,0,0000
846,00,0,00,00000000,00000000,00000000,0,0000
847,00,0,00,00000000,00000000,00000000,0,0000
848,00,0,00,00000000,00000000,00000000,0,0000
849,00,0,10,10011110,10010010,10010100,0,0011
850,00,0,10,10011111,10010010,10010110,0,0011
851,00,0,01,11000110,00000000,11010011,0,1011
852,00,0,10,11010110,11000000,11000111,0,0011
853,00,0,10,11101010,11011111,11100001,0,0011
854,00,0,10,11101100,11011111,11100010,0,0011
855,00,0,10,11101110,11011111,11100011,0,0011
856,00,0,01,11000111,00000000,11010101,0,1011
857,00,0,10,11110000,11011111,11100100,0,0011
858,00,0,10,11110010,11011111,11100101,0,0011
859,00,0,10,10111000,10110001,10101000,0,0011
860,00,0,10,10111001,10110001,10101010,0,0011
861,00,0,10,10111010,10110001,10101100,0,0011
862,00,0,10,10111011,10110001,10101110,0,0011
863,00,0,10,10111100,10110001,10110000,0,0011
864,00,0,10,10111101,10110001,10110010,0,0011
865,00,0,10,10111110,10110001,10110100,0,0011
866,00,0,10,10111111,10110001,10110110,0,0011
867,00,0,00,00000000,00000000,00000000,0,0000
868,10,0,10,11110110,11011111,11100111,0,0011
869,00,0,01,01101100,00000000,10000000,0,1100
870,00,0,01,01101101,00000000,10000001,0,1100
871,00,0,00,00000000,00000000,00000000,0,0000
872,10,0,10,00001000,11111110,00000000,0,0011
873,00,0,01,01101110,00000000,10000010,0,1100
874,00,0,01,01101111,00000000,10000011,0,1100
875,00,0,01,01110000,00000000,10000100,0,1100
876,10,0,10,11110100,11011111,11100110,0,0011
877,00,0,01,01110001,00000000,10000101,0,1100
878,00,0,01,01110010,00000000,10000110,0,1100
879,00,0,01,01110011,00000000,10000111,0,1100
880,10,0,10,00001010,11111110,00000001,0,0011
881,00,0,01,10001011,00000000,10100000,0,1100
882,00,0,01,10001100,00000000,10100001,0,1100
883,00,0,01,10001101,00000000,10100010,0,1100
884,10,0,10,00001100,11111110,00000010,0,0011
885,00,0,01,10001110,00000000,10100011,0,1100
886,00,0,00,00000000,00000000,00000000,0,0000
887,00,0,00,00000000,00000000,00000000,0,0000
888,10,0,10,00001110,11111110,00000011,0,0011
889,00,0,01,11001000,00000000,11010111,0,1011
890,00,0,01,10001111,00000000,10100100,0,1100
891,00,0,01,10010000,00000000,10100101,0,1100
892,10,0,10,00010000,11111110,00000100,0,0011
893,00,0,01,10010010,00000000,10100111,0,1100
894,00,0,01,10010001,00000000,10100110,0,1100
895,00,0,01,11100001,00000000,11101011,0,1011
896,10,0,10,00010010,11111110,00000101,0,0011
897,00,0,00,00000000,00000000,00000000,0,0000
898,00,0,00,00000000,00000000,00000000,0,0000
899,00,0,00,00000000,00000000,00000000,0,0000
900,10,0,10,00010100,11111110,00000110,0,0011
901,00,0,01,11100010,00000000,11101101,0,1011
902,00,0,00,00000000,00000000,00000000,0,0000
903,00,0,00,00000000,00000000,00000000,0,0000
904,10,0,10,00010110,11111110,00000111,0,0011
905,00,0,00,00000000,00000000,00000000,0,0000
906,00,0,00,00000000,00000000,00000000,0,0000
907,00,0,01,11100011,00000000,11101111,0,1011
908,10,0,10,01101000,01011011,01100000,0,0011
909,00,0,00,00000000,00000000,00000000,0,0000
910,00,0,00,00000000,00000000,00000000,0,0000
911,00,0,00,00000000,00000000,00000000,0,0000
912,10,0,10,00101000,00011101,00100000,0,0011
913,00,0,01,11100100,00000000,11110001,0,1011
914,00,0,00,00000000,00000000,00000000,0,0000
915,00,0,00,00000000,00000000,00000000,0,0000
916,10,0,10,01001000,00111100,01000000,0,0011
917,00,0,00,00000000,00000000,00000000,0,0000
918,00,0,00,00000000,00000000,00000000,0,0000
919,00,0,01,11100101,00000000,11110011,0,1011
920,10,0,10,00101010,00011101,00100001,0,0011
921,00,0,00,00000000,00000000,00000000,0,0000
922,00,0,00,00000000,00000000,00000000,0,0000
923,00,0,00,00000000,00000000,00000000,0,0000
924,10,0,10,00101100,00011101,00100010,0,0011
925,00,0,01,11100110,00000000,11110101,0,1011
926,00,0,00,00000000,00000000,00000000,0,0000
927,00,0,00,00000000,00000000,00000000,0,0000
928,10,0,10,00101110,00011101,00100011,0,0011
929,00,0,00,00000000,00000000,00000000,0,0000
930,00,0,00,00000000,00000000,00000000,0,0000
931,00,0,01,11100111,00000000,11110111,0,1011
932,10,0,10,01101010,01011011,01100001,0,0011
933,00,0,00,00000000,00000000,00000000,0,0000
934,00,0,00,00000000,00000000,00000000,0,0000
935,00,0,00,00000000,00000000,00000000,0,0000
936,10,0,10,00110000,00011101,00100100,0,0011
937,00,0,01,11111111,00000000,00001001,0,1011
938,00,0,00,00000000,00000000,00000000,0,0000
939,00,0,00,00000000,00000000,00000000,0,0000
940,10,0,10,00110010,00011101,00100101,0,0011
941,00,0,00,00000000,00000000,00000000,0,0000
942,00,0,00,00000000,00000000,00000000,0,0000
943,00,0,01,00000000,00000000,00001011,0,1011
944,10,0,10,00110100,00011101,00100110,0,0011
945,00,0,00,00000000,00000000,00000000,0,0000
946,00,0,00,00000000,00000000,00000000,0,0000
947,00,0,00,00000000,00000000,00000000,0,0000
948,10,0,10,11011000,11010000,11001000,0,0011
949,00,0,01,00000001,00000000,00001101,0,1011
950,00,0,00,00000000,00000000,00000000,0,0000
951,00,0,00,00000000,00000000,00000000,0,0000
952,10,0,10,11011001,11010000,11001010,0,0011
953,00,0,00,00000000,00000000,00000000,0,0000
954,00,0,00,00000000,00000000,00000000,0,0000
955,00,0,01,00000010,00000000,00001111,0,1011
956,10,0,10,11011010,11010000,11001100,0,0011
957,00,0,00,00000000,00000000,00000000,0,0000
958,00,0,00,00000000,00000000,00000000,0,0000
959,00,0,00,00000000,00000000,00000000,0,0000
960,10,0,10,11011011,11010000,11001110,0,0011
961,00,0,01,00000011,00000000,00010001,0,1011
962,00,0,00,00000000,00000000,00000000,0,0000
963,00,0,00,00000000,00000000,00000000,0,0000
964,10,0,10,11011100,11010000,11010000,0,0011
965,00,0,00,00000000,00000000,00000000,0,0000
966,00,0,00,00000000,00000000,00000000,0,0000
967,00,0,01,00000100,00000000,00010011,0,1011
968,10,0,10,11011101,11010000,11010010,0,0011
969,00,0,00,00000000,00000000,00000000,0,0000
970,00,0,00,00000000,00000000,00000000,0,0000
971,00,0,00,00000000,00000000,00000000,0,0000
972,10,0,10,11011110,11010000,11010100,0,0011
973,00,0,01,00000101,00000000,00010101,0,1011
974,00,0,00,00000000,00000000,00000000,0,0000
975,00,0,00,00000000,00000000,00000000,0,0000
976,10,0,10,11011111,11010000,11010110,0,0011
977,00,0,00,00000000,00000000,00000000,0,0000
978,00,0,00,00000000,00000000,00000000,0,0000
979,00,0,01,00000110,00000000,00010111,0,1011
980,10,0,10,00110110,00011101,00100111,0,0011
981,00,0,00,00000000,00000000,00000000,0,0000
982,00,0,00,00000000,00000000,00000000,0,0000
983,00,0,00,00000000,00000000,00000000,0,0000
984,10,0,10,01001010,00111100,01000001,0,0011
985,00,0,01,00011110,00000000,00101001,0,1011
986,00,0,00,00000000,00000000,00000000,0,0000
987,00,0,00,00000000,00000000,00000000,0,0000
988,10,0,10,11111000,11101111,11101000,0,0011
989,00,0,01,10101010,00000000,11000000,0,1100
990,00,0,01,10101011,00000000,11000001,0,1100
991,00,0,00,00000000,00000000,00000000,0,0000
992,10,0,10,11111001,11101111,11101010,0,0011
993,00,0,01,00011111,00000000,00101011,0,1011
994,00,0,01,10101100,00000000,11000010,0,1100
995,00,0,01,10101101,00000000,11000011,0,1100
996,10,0,10,11111010,11101111,11101100,0,0011
997,00,0,01,00100000,00000000,00101101,0,1011
998,00,0,00,00000000,00000000,00000000,0,0000
999,00,0,01,10101110,00000000,11000100,0,1100
1000,10,0,10,11111011,11101111,11101110,0,0011
1001,00,0,01,10101111,00000000,11000101,0,1100
1002,00,0,01,10110001,00000000,11000111,0,1100
1003,00,0,01,00100001,00000000,00101111,0,1011
1004,10,0,10,11111100,11101111,11110000,0,0011
1005,00,0,01,10110000,00000000,11000110,0,1100
1006,00,0,00,00000000,00000000,00000000,0,0000
1007,00,0,00,00000000,00000000,00000000,0,0000
1008,10,0,10,11111101,11101111,11110010,0,0011
1009,00,0,01,00100010,00000000,00110001,0,1011
1010,00,0,00,00000000,00000000,00000000,0,0000
1011,00,0,00,00000000,00000000,00000000,0,0000
1012,10,0,10,11111110,11101111,11110100,0,0011
1013,00,0,00,00000000,00000000,00000000,0,0000
1014,00,0,00,00000000,00000000,00000000,0,0000
1015,00,0,01,00100011,00000000,00110011,0,1011
1016,10,0,10,11111111,11101111,11110110,0,0011
1017,00,0,00,00000000,00000000,00000000,0,0000
1018,00,0,00,00000000,00000000,00000000,0,0000
1019,00,0,00,00000000,00000000,00000000,0,0000
1020,10,0,10,01001100,00111100,01000010,0,0011
1021,00,0,01,00100100,00000000,00110101,0,1011
1022,00,0,00,00000000,00000000,00000000,0,0000
1023,00,0,00,00000000,00000000,00000000,0,0000
1024,10,0,10,01001110,00111100,01000011,0,0011
1025,00,0,00,00000000,00000000,00000000,0,0000
1026,00,0,00,00000000,00000000,00000000,0,0000
1027,00,0,01,00100101,00000000,00110111,0,1011
1028,10,0,10,01010000,00111100,01000100,0,0011
1029,00,0,01,11001001,00000000,11100000,0,1100
1030,00,0,00,00000000,00000000,00000000,0,0000
1031,00,0,00,00000000,00000000,00000000,0,0000
1032,10,0,10,01010010,00111100,01000101,0,0011
1033,00,0,01,00111101,00000000,01001001,0,1011
1034,00,0,01,11001010,00000000,11100001,0,1100
1035,00,0,01,11001011,00000000,11100010,0,1100
1036,00,0,01,11001100,00000000,11100011,0,1100
1037,00,0,01,11001101,00000000,11100100,0,1100
1038,10,0,10,00011000,00001110,00001000,0,0011
1039,00,0,01,00111110,00000000,01001011,0,1011
1040,00,0,01,11001110,00000000,11100101,0,1100
1041,00,0,01,11001111,00000000,11100110,0,1100
1042,10,0,10,00011001,00001110,00001010,0,0011
1043,00,0,01,11010000,00000000,11100111,0,1100
1044,00,0,00,00000000,00000000,00000000,0,0000
1045,00,0,00,00000000,00000000,00000000,0,0000
1046,10,0,10,00011010,00001110,00001100,0,0011
1047,00,0,01,01011100,00000000,01101001,0,1011
1048,00,0,00,00000000,00000000,00000000,0,0000
1049,00,0,00,00000000,00000000,00000000,0,0000
1050,10,0,10,00011011,00001110,00001110,0,0011
1051,00,0,00,00000000,00000000,00000000,0,0000
1052,00,0,01,01011101,00000000,01101011,0,1011
1053,00,0,00,00000000,00000000,00000000,0,0000
1054,10,0,10,00011100,00001110,00010000,0,0011
1055,00,0,00,00000000,00000000,00000000,0,0000
1056,00,0,00,00000000,00000000,00000000,0,0000
1057,00,0,00,00000000,00000000,00000000,0,0000
1058,10,0,10,00011101,00001110,00010010,0,0011
1059,00,0,00,00000000,00000000,00000000,0,0000
1060,00,0,00,00000000,00000000,00000000,0,0000
1061,00,0,01,00111111,00000000,01001101,0,1011
1062,00,0,00,00000000,00000000,00000000,0,0000
1063,00,0,00,00000000,00000000,00000000,0,0000
1064,00,0,00,00000000,00000000,00000000,0,0000
1065,00,0,00,00000000,00000000,00000000,0,0000
1066,00,0,01,01000000,00000000,01001111,0,1011
1067,00,0,00,00000000,00000000,00000000,0,0000
1068,00,0,00,00000000,00000000,00000000,0,0000
1069,00,0,00,00000000,00000000,00000000,0,0000
1070,00,0,00,00000000,00000000,00000000,0,0000
1071,00,0,10,00011110,00001110,00010100,0,0011
1072,00,0,10,00011111,00001110,00010110,0,0011
1073,00,0,01,01000001,00000000,01010001,0,1011
1074,00,0,10,01010100,00111100,01000110,0,0011
1075,00,0,10,01010110,00111100,01000111,0,0011
1076,00,0,10,01101100,01011011,01100010,0,0011
1077,00,0,10,01101110,01011011,01100011,0,0011
1078,00,0,01,01000010,00000000,01010011,0,1011
1079,00,0,00,00000000,00000000,00000000,0,0000
1080,00,0,10,01110000,01011011,01100100,0,0011
1081,00,0,10,01110010,01011011,01100101,0,0011
1082,00,0,10,00111000,00101101,00101000,0,0011
1083,00,0,10,00111001,00101101,00101010,0,0011
1084,00,0,10,00111010,00101101,00101100,0,0011
1085,00,0,10,00111011,00101101,00101110,0,0011
1086,00,0,10,00111100,00101101,00110000,0,0011
1087,00,0,10,00111101,00101101,00110010,0,0011
1088,00,0,10,00111110,00101101,00110100,0,0011
1089,10,0,10,00111111,00101101,00110110,0,0011
1090,00,0,00,00000000,00000000,00000000,0,0000
1091,00,0,00,00000000,00000000,00000000,0,0000
1092,00,0,01,11101000,00000000,00000000,0,1100
1093,00,0,00,00000000,00000000,00000000,0,0000
1094,10,0,10,01110100,01011011,01100110,0,0011
1095,00,0,01,11101001,00000000,00000001,0,1100
1096,00,0,01,11101010,00000000,00000010,0,1100
1097,00,0,01,11101011,00000000,00000011,0,1100
1098,10,0,10,01110110,01011011,01100111,0,0011
1099,00,0,00,00000000,00000000,00000000,0,0000
1100,00,0,01,11101100,00000000,00000100,0,1100
1101,00,0,01,11101101,00000000,00000101,0,1100
1102,10,0,10,10001000,01111010,10000000,0,0011
1103,00,0,01,11101110,00000000,00000110,0,1100
1104,00,0,01,11101111,00000000,00000111,0,1100
1105,00,0,01,00001000,00000000,00100001,0,1100
1106,10,0,10,10001010,01111010,10000001,0,0011
1107,00,0,01,00000111,00000000,00100000,0,1100
1108,00,0,01,00001001,00000000,00100010,0,1100
1109,00,0,01,00001010,00000000,00100011,0,1100
1110,10,0,10,10001100,01111010,10000010,0,0011
1111,00,0,01,01000011,00000000,01010101,0,1011
1112,00,0,01,00001100,00000000,00100101,0,1100
1113,00,0,01,00001011,00000000,00100100,0,1100
1114,10,0,10,10001110,01111010,10000011,0,0011
1115,00,0,01,00001101,00000000,00100110,0,1100
1116,00,0,00,00000000,00000000,00000000,0,0000
1117,00,0,01,01011110,00000000,01101101,0,1011
1118,10,0,10,10010000,01111010,10000100,0,0011
1119,00,0,01,00001110,00000000,00100111,0,1100
1120,00,0,00,00000000,00000000,00000000,0,0000
1121,00,0,00,00000000,00000000,00000000,0,0000
1122,10,0,10,10010010,01111010,10000101,0,0011
1123,00,0,01,01000100,00000000,01010111,0,1011
1124,00,0,00,00000000,00000000,00000000,0,0000
1125,00,0,00,00000000,00000000,00000000,0,0000
1126,10,0,10,10010100,01111010,10000110,0,0011
1127,00,0,00,00000000,00000000,00000000,0,0000
1128,00,0,00,00000000,00000000,00000000,0,0000
1129,00,0,01,01011111,00000000,01101111,0,1011
1130,10,0,10,10010110,01111010,10000111,0,0011
1131,00,0,00,00000000,00000000,00000000,0,0000
1132,00,0,00,00000000,00000000,00000000,0,0000
1133,00,0,00,00000000,00000000,00000000,0,0000
1134,10,0,10,10101000,10011001,10100000,0,0011
1135,00,0,01,01100000,00000000,01110001,0,1011
1136,00,0,00,00000000,00000000,00000000,0,0000
1137,00,0,00,00000000,00000000,00000000,0,0000
1138,10,0,10,10101010,10011001,10100001,0,0011
1139,00,0,00,00000000,00000000,00000000,0,0000
1140,00,0,00,00000000,00000000,00000000,0,0000
1141,00,0,01,01100001,00000000,01110011,0,1011
1142,10,0,10,10101100,10011001,10100010,0,0011
1143,00,0,00,00000000,00000000,00000000,0,0000
1144,00,0,00,00000000,00000000,00000000,0,0000
1145,00,0,00,00000000,00000000,00000000,0,0000
1146,10,0,10,10101110,10011001,10100011,0,0011
1147,00,0,01,01100010,00000000,01110101,0,1011
1148,00,0,00,00000000,00000000,00000000,0,0000
1149,00,0,00,00000000,00000000,00000000,0,0000
1150,10,0,10,11001000,10111000,11000000,0,0011
1151,00,0,00,00000000,00000000,00000000,0,0000
1152,00,0,00,00000000,00000000,00000000,0,0000
1153,00,0,01,01100011,00000000,01110111,0,1011
1154,10,0,10,11101000,11010111,11100000,0,0011
1155,00,0,00,00000000,00000000,00000000,0,0000
1156,00,0,00,00000000,00000000,00000000,0,0000
1157,00,0,00,00000000,00000000,00000000,0,0000
1158,10,0,10,10110000,10011001,10100100,0,0011
1159,00,0,01,01111011,00000000,10001001,0,1011
1160,00,0,00,00000000,00000000,00000000,0,0000
1161,00,0,00,00000000,00000000,00000000,0,0000
1162,10,0,10,10110010,10011001,10100101,0,0011
1163,00,0,00,00000000,00000000,00000000,0,0000
1164,00,0,00,00000000,00000000,00000000,0,0000
1165,00,0,01,01111100,00000000,10001011,0,1011
1166,10,0,10,10110100,10011001,10100110,0,0011
1167,00,0,00,00000000,00000000,00000000,0,0000
1168,00,0,00,00000000,00000000,00000000,0,0000
1169,00,0,00,00000000,00000000,00000000,0,0000
1170,10,0,10,10110110,10011001,10100111,0,0011
1171,00,0,01,01111101,00000000,10001101,0,1011
1172,00,0,00,00000000,00000000,00000000,0,0000
1173,00,0,00,00000000,00000000,00000000,0,0000
1174,10,0,10,11001010,10111000,11000001,0,0011
1175,00,0,00,00000000,00000000,00000000,0,0000
1176,00,0,00,00000000,00000000,00000000,0,0000
1177,00,0,01,01111110,00000000,10001111,0,1011
1178,10,0,10,00001000,11110110,00000000,0,0011
1179,00,0,00,00000000,00000000,00000000,0,0000
1180,00,0,00,00000000,00000000,00000000,0,0000
1181,00,0,00,00000000,00000000,00000000,0,0000
1182,10,0,10,01011000,01001100,01001000,0,0011
1183,00,0,01,01111111,00000000,10010001,0,1011
1184,00,0,00,00000000,00000000,00000000,0,0000
1185,00,0,00,00000000,00000000,00000000,0,0000
1186,10,0,10,01011001,01001100,01001010,0,0011
1187,00,0,00,00000000,00000000,00000000,0,0000
1188,00,0,00,00000000,00000000,00000000,0,0000
1189,00,0,01,10000000,00000000,10010011,0,1011
1190,10,0,10,01011010,01001100,01001100,0,0011
1191,00,0,00,00000000,00000000,00000000,0,0000
1192,00,0,00,00000000,00000000,00000000,0,0000
1193,00,0,00,00000000,00000000,00000000,0,0000
1194,10,0,10,01011011,01001100,01001110,0,0011
1195,00,0,01,10000001,00000000,10010101,0,1011
1196,00,0,00,00000000,00000000,00000000,0,0000
1197,00,0,00,00000000,00000000,00000000,0,0000
1198,10,0,10,01011100,01001100,01010000,0,0011
1199,00,0,00,00000000,00000000,00000000,0,0000
1200,00,0,00,00000000,00000000,00000000,0,0000
1201,00,0,01,10000010,00000000,10010111,0,1011
1202,10,0,10,01011101,01001100,01010010,0,0011
1203,00,0,00,00000000,00000000,00000000,0,0000
1204,00,0,00,00000000,00000000,00000000,0,0000
1205,00,0,00,00000000,00000000,00000000,0,0000
1206,10,0,10,01011110,01001100,01010100,0,0011
1207,00,0,01,10011010,00000000,10101001,0,1011
1208,00,0,00,00000000,00000000,00000000,0,0000
1209,00,0,00,00000000,00000000,00000000,0,0000
1210,10,0,10,01011111,01001100,01010110,0,0011
1211,00,0,00,00000000,00000000,00000000,0,0000
1212,00,0,00,00000000,00000000,00000000,0,0000
1213,00,0,00,00000000,00000000,00000000,0,0000
1214,10,0,10,01111000,01101011,01101000,0,0011
1215,00,0,01,10011011,00000000,10101011,0,1011
1216,00,0,00,00000000,00000000,00000000,0,0000
1217,00,0,00,00000000,00000000,00000000,0,0000
1218,10,0,10,01111001,01101011,01101010,0,0011
1219,00,0,01,10011100,00000000,10101101,0,1011
1220,00,0,00,00000000,00000000,00000000,0,0000
1221,00,0,00,00000000,00000000,00000000,0,0000
1222,10,0,10,01111010,01101011,01101100,0,0011
1223,00,0,00,00000000,00000000,00000000,0,0000
1224,00,0,01,00100111,00000000,01000001,0,1100
1225,00,0,01,10011101,00000000,10101111,0,1011
1226,10,0,10,01111011,01101011,01101110,0,0011
1227,00,0,01,00100110,00000000,01000000,0,1100
1228,00,0,00,00000000,00000000,00000000,0,0000
1229,00,0,01,00101000,00000000,01000010,0,1100
1230,10,0,10,01111100,01101011,01110000,0,0011
1231,00,0,01,10011110,00000000,10110001,0,1011
1232,00,0,01,00101001,00000000,01000011,0,1100
1233,00,0,01,00101010,00000000,01000100,0,1100
1234,10,0,10,01111101,01101011,01110010,0,0011
1235,00,0,01,00101011,00000000,01000101,0,1100
1236,00,0,01,00101100,00000000,01000110,0,1100
1237,00,0,01,10011111,00000000,10110011,0,1011
1238,10,0,10,01111110,01101011,01110100,0,0011
1239,00,0,01,00101101,00000000,01000111,0,1100
1240,00,0,00,00000000,00000000,00000000,0,0000
1241,00,0,00,00000000,00000000,00000000,0,0000
1242,10,0,10,01111111,01101011,01110110,0,0011
1243,00,0,01,10100000,00000000,10110101,0,1011
1244,00,0,00,00000000,00000000,00000000,0,0000
1245,00,0,00,00000000,00000000,00000000,0,0000
1246,00,0,00,00000000,00000000,00000000,0,0000
1247,10,0,10,11001100,10111000,11000010,0,0011
1248,00,0,00,00000000,00000000,00000000,0,0000
1249,00,0,01,10100001,00000000,10110111,0,1011
1250,00,0,00,00000000,00000000,00000000,0,0000
1251,10,0,10,11001110,10111000,11000011,0,0011
1252,00,0,00,00000000,00000000,00000000,0,0000
1253,00,0,00,00000000,00000000,00000000,0,0000
1254,00,0,00,00000000,00000000,00000000,0,0000
1255,00,0,01,10111001,00000000,11001001,0,1011
1256,10,0,10,10011000,10001010,10001000,0,0011
1257,00,0,01,01000110,00000000,01100001,0,1100
1258,00,0,01,01000101,00000000,01100000,0,1100
1259,00,0,01,01000111,00000000,01100010,0,1100
1260,00,0,00,00000000,00000000,00000000,0,0000
1261,00,0,01,10111010,00000000,11001011,0,1011
1262,00,0,01,01001000,00000000,01100011,0,1100
1263,00,0,01,01001001,00000000,01100100,0,1100
1264,00,0,01,01001010,00000000,01100101,0,1100
1265,10,0,10,10011010,10001010,10001100,0,0011
1266,00,0,01,01001011,00000000,01100110,0,1100
1267,00,0,01,01001100,00000000,01100111,0,1100
1268,00,0,00,00000000,00000000,00000000,0,0000
1269,10,0,10,10011001,10001010,10001010,0,0011
1270,00,0,01,11011000,00000000,11101001,0,1011
1271,00,0,00,00000000,00000000,00000000,0,0000
1272,00,0,00,00000000,00000000,00000000,0,0000
1273,10,0,10,10011011,10001010,10001110,0,0011
1274,00,0,00,00000000,00000000,00000000,0,0000
1275,00,0,01,11110111,00000000,00001001,0,1011
1276,00,0,00,00000000,00000000,00000000,0,0000
1277,00,0,00,00000000,00000000,00000000,0,0000
1278,00,0,00,00000000,00000000,00000000,0,0000
1279,00,0,00,00000000,00000000,00000000,0,0000
1280,00,0,00,00000000,00000000,00000000,0,0000
1281,00,0,00,00000000,00000000,00000000,0,0000
1282,00,0,00,00000000,00000000,00000000,0,0000
1283,00,0,00,00000000,00000000,00000000,0,0000
1284,00,0,00,00000000,00000000,00000000,0,0000
1285,00,0,00,00000000,00000000,00000000,0,0000
1286,00,0,10,10011100,10001010,10010000,0,0011
1287,00,0,10,10011101,10001010,10010010,0,0011
1288,00,0,10,10011110,10001010,10010100,0,0011
1289,00,0,10,10011111,10001010,10010110,0,0011
1290,00,0,01,10111011,00000000,11001101,0,1011
1291,00,0,10,11010000,10111000,11000100,0,0011
1292,00,0,10,11010010,10111000,11000101,0,0011
1293,00,0,01,10111100,00000000,11001111,0,1011
1294,00,0,10,11010100,10111000,11000110,0,0011
1295,00,0,10,11010110,10111000,11000111,0,0011
1296,00,0,10,11101010,11010111,11100001,0,0011
1297,00,0,10,11101100,11010111,11100010,0,0011
1298,00,0,10,11101110,11010111,11100011,0,0011
1299,00,0,10,11110000,11010111,11100100,0,0011
1300,00,0,10,11110010,11010111,11100101,0,0011
1301,00,0,10,11110100,11010111,11100110,0,0011
1302,00,0,10,11110110,11010111,11100111,0,0011
1303,00,0,10,00001010,11110110,00000001,0,0011
1304,00,0,10,00001110,11110110,00000011,0,0011
1305,00,0,10,10111000,10101001,10101000,0,0011
1306,10,0,10,10111001,10101001,10101010,0,0011
1307,00,0,01,01100100,00000000,10000000,0,1100
1308,00,0,01,01100101,00000000,10000001,0,1100
1309,00,0,01,01100110,00000000,10000010,0,1100
1310,10,0,10,10111010,10101001,10101100,0,0011
1311,00,0,01,01100111,00000000,10000011,0,1100
1312,00,0,00,00000000,00000000,00000000,0,0000
1313,00,0,01,01101000,00000000,10000100,0,1100
1314,10,0,10,10111011,10101001,10101110,0,0011
1315,00,0,01,01101001,00000000,10000101,0,1100
1316,00,0,00,00000000,00000000,00000000,0,0000
1317,00,0,01,01101010,00000000,10000110,0,1100
1318,10,0,10,10111100,10101001,10110000,0,0011
1319,00,0,01,01101011,00000000,10000111,0,1100
1320,00,0,00,00000000,00000000,00000000,0,0000
1321,00,0,00,00000000,00000000,00000000,0,0000
1322,10,0,10,10111101,10101001,10110010,0,0011
1323,00,0,00,00000000,00000000,00000000,0,0000
1324,00,0,00,00000000,00000000,00000000,0,0000
1325,00,0,00,00000000,00000000,00000000,0,0000
1326,10,0,10,10111110,10101001,10110100,0,0011
1327,00,0,00,00000000,00000000,00000000,0,0000
1328,00,0,01,10111101,00000000,11010001,0,1011
1329,00,0,00,00000000,00000000,00000000,0,0000
1330,10,0,10,00001100,11110110,00000010,0,0011
1331,00,0,00,00000000,00000000,00000000,0,0000
1332,00,0,00,00000000,00000000,00000000,0,0000
1333,00,0,00,00000000,00000000,00000000,0,0000
1334,00,0,01,10111110,00000000,11010011,0,1011
1335,10,0,10,10111111,10101001,10110110,0,0011
1336,00,0,00,00000000,00000000,00000000,0,0000
1337,00,0,00,00000000,00000000,00000000,0,0000
1338,00,0,00,00000000,00000000,00000000,0,0000
1339,10,0,10,00010000,11110110,00000100,0,0011
1340,00,0,01,11000000,00000000,11010111,0,1011
1341,00,0,00,00000000,00000000,00000000,0,0000
1342,00,0,00,00000000,00000000,00000000,0,0000
1343,10,0,10,00010010,11110110,00000101,0,0011
1344,00,0,00,00000000,00000000,00000000,0,0000
1345,00,0,00,00000000,00000000,00000000,0,0000
1346,00,0,01,10111111,00000000,11010101,0,1011
1347,10,0,10,01001000,00110100,01000000,0,0011
1348,00,0,01,10000011,00000000,10100000,0,1100
1349,00,0,00,00000000,00000000,00000000,0,0000
1350,00,0,00,00000000,00000000,00000000,0,0000
1351,10,0,10,00010100,11110110,00000110,0,0011
1352,00,0,01,11011010,00000000,11101101,0,1011
1353,00,0,01,10000100,00000000,10100001,0,1100
1354,00,0,01,10000101,00000000,10100010,0,1100
1355,10,0,10,00010110,11110110,00000111,0,0011
1356,00,0,01,10000110,00000000,10100011,0,1100
1357,00,0,01,10000111,00000000,10100100,0,1100
1358,00,0,01,11011001,00000000,11101011,0,1011
1359,10,0,10,00101000,00010101,00100000,0,0011
1360,00,0,01,10001000,00000000,10100101,0,1100
1361,00,0,01,10001001,00000000,10100110,0,1100
1362,00,0,01,10001010,00000000,10100111,0,1100
1363,10,0,10,00101010,00010101,00100001,0,0011
1364,00,0,01,11011011,00000000,11101111,0,1011
1365,00,0,00,00000000,00000000,00000000,0,0000
1366,00,0,00,00000000,00000000,00000000,0,0000
1367,10,0,10,00101100,00010101,00100010,0,0011
1368,00,0,00,00000000,00000000,00000000,0,0000
1369,00,0,00,00000000,00000000,00000000,0,0000
1370,00,0,01,11011100,00000000,11110001,0,1011
1371,10,0,10,01101000,01010011,01100000,0,0011
1372,00,0,00,00000000,00000000,00000000,0,0000
1373,00,0,00,00000000,00000000,00000000,0,0000
1374,00,0,00,00000000,00000000,00000000,0,0000
1375,10,0,10,00101110,00010101,00100011,0,0011
1376,00,0,01,11011101,00000000,11110011,0,1011
1377,00,0,00,00000000,00000000,00000000,0,0000
1378,00,0,00,00000000,00000000,00000000,0,0000
1379,10,0,10,00110000,00010101,00100100,0,0011
1380,00,0,00,00000000,00000000,00000000,0,0000
1381,00,0,00,00000000,00000000,00000000,0,0000
1382,00,0,01,11011110,00000000,11110101,0,1011
1383,10,0,10,00110010,00010101,00100101,0,0011
1384,00,0,00,00000000,00000000,00000000,0,0000
1385,00,0,00,00000000,00000000,00000000,0,0000
1386,00,0,00,00000000,00000000,00000000,0,0000
1387,10,0,10,00110100,00010101,00100110,0,0011
1388,00,0,01,11011111,00000000,11110111,0,1011
1389,00,0,00,00000000,00000000,00000000,0,0000
1390,00,0,00,00000000,00000000,00000000,0,0000
1391,10,0,10,00110110,00010101,00100111,0,0011
1392,00,0,00,00000000,00000000,00000000,0,0000
1393,00,0,00,00000000,00000000,00000000,0,0000
1394,00,0,01,11111000,00000000,00001011,0,1011
1395,10,0,10,01001010,00110100,01000001,0,0011
1396,00,0,00,00000000,00000000,00000000,0,0000
1397,00,0,00,00000000,00000000,00000000,0,0000
1398,00,0,00,00000000,00000000,00000000,0,0000
1399,10,0,10,01001100,00110100,01000010,0,0011
1400,00,0,01,11111001,00000000,00001101,0,1011
1401,00,0,00,00000000,00000000,00000000,0,0000
1402,00,0,00,00000000,00000000,00000000,0,0000
1403,10,0,10,11011000,11001000,11001000,0,0011
1404,00,0,00,00000000,00000000,00000000,0,0000
1405,00,0,00,00000000,00000000,00000000,0,0000
1406,00,0,01,11111010,00000000,00001111,0,1011
1407,10,0,10,11011001,11001000,11001010,0,0011
1408,00,0,00,00000000,00000000,00000000,0,0000
1409,00,0,00,00000000,00000000,00000000,0,0000
1410,00,0,00,00000000,00000000,00000000,0,0000
1411,10,0,10,11011010,11001000,11001100,0,0011
1412,00,0,01,11111011,00000000,00010001,0,1011
1413,00,0,00,00000000,00000000,00000000,0,0000
1414,00,0,00,00000000,00000000,00000000,0,0000
1415,10,0,10,11011011,11001000,11001110,0,0011
1416,00,0,00,00000000,00000000,00000000,0,0000
1417,00,0,00,00000000,00000000,00000000,0,0000
1418,00,0,01,11111100,00000000,00010011,0,1011
1419,10,0,10,11011100,11001000,11010000,0,0011
1420,00,0,00,00000000,00000000,00000000,0,0000
1421,00,0,00,00000000,00000000,00000000,0,0000
1422,00,0,00,00000000,00000000,00000000,0,0000
1423,10,0,10,11011101,11001000,11010010,0,0011
1424,00,0,01,11111101,00000000,00010101,0,1011
1425,00,0,00,00000000,00000000,00000000,0,0000
1426,00,0,00,00000000,00000000,00000000,0,0000
1427,10,0,10,11011110,11001000,11010100,0,0011
1428,00,0,00,00000000,00000000,00000000,0,0000
1429,00,0,00,00000000,00000000,00000000,0,0000
1430,00,0,01,11111110,00000000,00010111,0,1011
1431,10,0,10,11011111,11001000,11010110,0,0011
1432,00,0,00,00000000,00000000,00000000,0,0000
1433,00,0,00,00000000,00000000,00000000,0,0000
1434,00,0,00,00000000,00000000,00000000,0,0000
1435,10,0,10,01001110,00110100,01000011,0,0011
1436,00,0,01,00010110,00000000,00101001,0,1011
1437,00,0,00,00000000,00000000,00000000,0,0000
1438,00,0,00,00000000,00000000,00000000,0,0000
1439,10,0,10,01010000,00110100,01000100,0,0011
1440,00,0,00,00000000,00000000,00000000,0,0000
1441,00,0,00,00000000,00000000,00000000,0,0000
1442,00,0,01,00010111,00000000,00101011,0,1011
1443,10,0,10,01010010,00110100,01000101,0,0011
1444,00,0,01,10100010,00000000,11000000,0,1100
1445,00,0,00,00000000,00000000,00000000,0,0000
1446,00,0,00,00000000,00000000,00000000,0,0000
1447,10,0,10,11111000,11100111,11101000,0,0011
1448,00,0,01,00011000,00000000,00101101,0,1011
1449,00,0,01,10100011,00000000,11000001,0,1100
1450,00,0,01,10100101,00000000,11000011,0,1100
1451,10,0,10,11111001,11100111,11101010,0,0011
1452,00,0,01,10100100,00000000,11000010,0,1100
1453,00,0,01,10100110,00000000,11000100,0,1100
1454,00,0,01,00011001,00000000,00101111,0,1011
1455,10,0,10,11111010,11100111,11101100,0,0011
1456,00,0,01,10100111,00000000,11000101,0,1100
1457,00,0,00,00000000,00000000,00000000,0,0000
1458,00,0,01,10101000,00000000,11000110,0,1100
1459,10,0,10,11111011,11100111,11101110,0,0011
1460,00,0,01,00011010,00000000,00110001,0,1011
1461,00,0,01,10101001,00000000,11000111,0,1100
1462,00,0,00,00000000,00000000,00000000,0,0000
1463,10,0,10,11111100,11100111,11110000,0,0011
1464,00,0,00,00000000,00000000,00000000,0,0000
1465,00,0,00,00000000,00000000,00000000,0,0000
1466,00,0,01,00011011,00000000,00110011,0,1011
1467,10,0,10,11111101,11100111,11110010,0,0011
1468,00,0,00,00000000,00000000,00000000,0,0000
1469,00,0,00,00000000,00000000,00000000,0,0000
1470,00,0,00,00000000,00000000,00000000,0,0000
1471,10,0,10,11111110,11100111,11110100,0,0011
1472,00,0,01,00011100,00000000,00110101,0,1011
1473,00,0,00,00000000,00000000,00000000,0,0000
1474,00,0,00,00000000,00000000,00000000,0,0000
1475,10,0,10,11111111,11100111,11110110,0,0011
1476,00,0,00,00000000,00000000,00000000,0,0000
1477,00,0,00,00000000,00000000,00000000,0,0000
1478,00,0,01,00011101,00000000,00110111,0,1011
1479,10,0,10,01010100,00110100,01000110,0,0011
1480,00,0,00,00000000,00000000,00000000,0,0000
1481,00,0,00,00000000,00000000,00000000,0,0000
1482,00,0,00,00000000,00000000,00000000,0,0000
1483,10,0,10,01010110,00110100,01000111,0,0011
1484,00,0,01,00110101,00000000,01001001,0,1011
1485,00,0,00,00000000,00000000,00000000,0,0000
1486,00,0,00,00000000,00000000,00000000,0,0000
1487,10,0,10,00011000,00000110,00001000,0,0011
1488,00,0,01,11000001,00000000,11100000,0,1100
1489,00,0,01,11000010,00000000,11100001,0,1100
1490,00,0,00,00000000,00000000,00000000,0,0000
1491,10,0,10,00011001,00000110,00001010,0,0011
1492,00,0,01,00110110,00000000,01001011,0,1011
1493,00,0,01,11000011,00000000,11100010,0,1100
1494,00,0,01,11000100,00000000,11100011,0,1100
1495,10,0,10,00011010,00000110,00001100,0,0011
1496,00,0,01,00110111,00000000,01001101,0,1011
1497,00,0,00,00000000,00000000,00000000,0,0000
1498,00,0,01,11000101,00000000,11100100,0,1100
1499,10,0,10,00011011,00000110,00001110,0,0011
1500,00,0,01,11000110,00000000,11100101,0,1100
1501,00,0,01,11001000,00000000,11100111,0,1100
1502,00,0,01,00111000,00000000,01001111,0,1011
1503,10,0,10,00011100,00000110,00010000,0,0011
1504,00,0,01,11000111,00000000,11100110,0,1100
1505,00,0,00,00000000,00000000,00000000,0,0000
1506,00,0,00,00000000,00000000,00000000,0,0000
1507,10,0,10,00011101,00000110,00010010,0,0011
1508,00,0,01,00111001,00000000,01010001,0,1011
1509,00,0,00,00000000,00000000,00000000,0,0000
1510,00,0,00,00000000,00000000,00000000,0,0000
1511,10,0,10,00011110,00000110,00010100,0,0011
1512,00,0,00,00000000,00000000,00000000,0,0000
1513,00,0,00,00000000,00000000,00000000,0,0000
1514,00,0,01,00111010,00000000,01010011,0,1011
1515,10,0,10,00011111,00000110,00010110,0,0011
1516,00,0,00,00000000,00000000,00000000,0,0000
1517,00,0,00,00000000,00000000,00000000,0,0000
1518,00,0,00,00000000,00000000,00000000,0,0000
1519,00,0,00,00000000,00000000,00000000,0,0000
1520,00,0,01,00111011,00000000,01010101,0,1011
1521,00,0,00,00000000,00000000,00000000,0,0000
1522,00,0,00,00000000,00000000,00000000,0,0000
1523,00,0,00,00000000,00000000,00000000,0,0000
1524,00,0,00,00000000,00000000,00000000,0,0000
1525,00,0,10,01101010,01010011,01100001,0,0011
1526,00,0,01,00111100,00000000,01010111,0,1011
1527,00,0,10,01101100,01010011,01100010,0,0011
1528,00,0,10,01101110,01010011,01100011,0,0011
1529,00,0,10,01110000,01010011,01100100,0,0011
1530,00,0,10,01110010,01010011,01100101,0,0011
1531,00,0,10,01110100,01010011,01100110,0,0011
1532,00,0,01,01010100,00000000,01101001,0,1011
1533,00,0,10,00111000,00100101,00101000,0,0011
1534,00,0,10,00111001,00100101,00101010,0,0011
1535,00,0,10,00111010,00100101,00101100,0,0011
1536,00,0,10,00111011,00100101,00101110,0,0011
1537,00,0,10,00111100,00100101,00110000,0,0011
1538,00,0,10,00111101,00100101,00110010,0,0011
1539,00,0,10,00111110,00100101,00110100,0,0011
1540,10,0,10,00111111,00100101,00110110,0,0011
1541,00,0,01,11100000,00000000,00000000,0,1100
1542,00,0,01,11100001,00000000,00000001,0,1100
1543,00,0,01,11100010,00000000,00000010,0,1100
1544,00,0,00,00000000,00000000,00000000,0,0000
1545,10,0,10,01110110,01010011,01100111,0,0011
1546,00,0,00,00000000,00000000,00000000,0,0000
1547,00,0,01,11100011,00000000,00000011,0,1100
1548,00,0,01,11100100,00000000,00000100,0,1100
1549,10,0,10,10001000,01110010,10000000,0,0011
1550,00,0,00,00000000,00000000,00000000,0,0000
1551,00,0,01,11100101,00000000,00000101,0,1100
1552,00,0,01,11100110,00000000,00000110,0,1100
1553,10,0,10,11001000,10110000,11000000,0,0011
1554,00,0,01,11100111,00000000,00000111,0,1100
1555,00,0,01,11111111,00000000,00100000,0,1100
1556,00,0,01,00000000,00000000,00100001,0,1100
1557,10,0,10,10001010,01110010,10000001,0,0011
1558,00,0,01,00000001,00000000,00100010,0,1100
1559,00,0,00,00000000,00000000,00000000,0,0000
1560,00,0,01,00000010,00000000,00100011,0,1100
1561,10,0,10,10001100,01110010,10000010,0,0011
1562,00,0,01,01010101,00000000,01101011,0,1011
1563,00,0,00,00000000,00000000,00000000,0,0000
1564,00,0,01,00000011,00000000,00100100,0,1100
1565,10,0,10,10001110,01110010,10000011,0,0011
1566,00,0,01,00000100,00000000,00100101,0,1100
1567,00,0,01,00000110,00000000,00100111,0,1100
1568,00,0,01,01010110,00000000,01101101,0,1011
1569,10,0,10,10010000,01110010,10000100,0,0011
1570,00,0,00,00000000,00000000,00000000,0,0000
1571,00,0,01,00000101,00000000,00100110,0,1100
1572,00,0,00,00000000,00000000,00000000,0,0000
1573,10,0,10,10010010,01110010,10000101,0,0011
1574,00,0,01,01010111,00000000,01101111,0,1011
1575,00,0,00,00000000,00000000,00000000,0,0000
1576,00,0,00,00000000,00000000,00000000,0,0000
1577,10,0,10,10010100,01110010,10000110,0,0011
1578,00,0,00,00000000,00000000,00000000,0,0000
1579,00,0,00,00000000,00000000,00000000,0,0000
1580,00,0,01,01011000,00000000,01110001,0,1011
1581,10,0,10,10010110,01110010,10000111,0,0011
1582,00,0,00,00000000,00000000,00000000,0,0000
1583,00,0,00,00000000,00000000,00000000,0,0000
1584,00,0,00,00000000,00000000,00000000,0,0000
1585,10,0,10,01011000,01000100,01001000,0,0011
1586,00,0,01,01011001,00000000,01110011,0,1011
1587,00,0,00,00000000,00000000,00000000,0,0000
1588,00,0,00,00000000,00000000,00000000,0,0000
1589,10,0,10,01011001,01000100,01001010,0,0011
1590,00,0,00,00000000,00000000,00000000,0,0000
1591,00,0,00,00000000,00000000,00000000,0,0000
1592,00,0,01,01011010,00000000,01110101,0,1011
1593,10,0,10,01011010,01000100,01001100,0,0011
1594,00,0,00,00000000,00000000,00000000,0,0000
1595,00,0,00,00000000,00000000,00000000,0,0000
1596,00,0,00,00000000,00000000,00000000,0,0000
1597,10,0,10,01011011,01000100,01001110,0,0011
1598,00,0,01,01011011,00000000,01110111,0,1011
1599,00,0,00,00000000,00000000,00000000,0,0000
1600,00,0,00,00000000,00000000,00000000,0,0000
1601,10,0,10,01011100,01000100,01010000,0,0011
1602,00,0,00,00000000,00000000,00000000,0,0000
1603,00,0,00,00000000,00000000,00000000,0,0000
1604,00,0,01,01110011,00000000,10001001,0,1011
1605,10,0,10,01011101,01000100,01010010,0,0011
1606,00,0,00,00000000,00000000,00000000,0,0000
1607,00,0,00,00000000,00000000,00000000,0,0000
1608,00,0,00,00000000,00000000,00000000,0,0000
1609,10,0,10,01011110,01000100,01010100,0,0011
1610,00,0,00,00000000,00000000,00000000,0,0000
1611,00,0,01,01110100,00000000,10001011,0,1011
1612,00,0,00,00000000,00000000,00000000,0,0000
1613,10,0,10,01011111,01000100,01010110,0,0011
1614,00,0,00,00000000,00000000,00000000,0,0000
1615,00,0,00,00000000,00000000,00000000,0,0000
1616,00,0,01,01110101,00000000,10001101,0,1011
1617,10,0,10,10101000,10010001,10100000,0,0011
1618,00,0,00,00000000,00000000,00000000,0,0000
1619,00,0,00,00000000,00000000,00000000,0,0000
1620,00,0,00,00000000,00000000,00000000,0,0000
1621,10,0,10,10101010,10010001,10100001,0,0011
1622,00,0,01,01110110,00000000,10001111,0,1011
1623,00,0,00,00000000,00000000,00000000,0,0000
1624,00,0,00,00000000,00000000,00000000,0,0000
1625,10,0,10,10101100,10010001,10100010,0,0011
1626,00,0,00,00000000,00000000,00000000,0,0000
1627,00,0,01,00011111,00000000,01000001,0,1100
1628,00,0,01,01110111,00000000,10010001,0,1011
1629,10,0,10,10101110,10010001,10100011,0,0011
1630,00,0,01,00011110,00000000,01000000,0,1100
1631,00,0,01,00100000,00000000,01000010,0,1100
1632,00,0,01,00100001,00000000,01000011,0,1100
1633,10,0,10,10110000,10010001,10100100,0,0011
1634,00,0,01,01111000,00000000,10010011,0,1011
1635,00,0,01,00100010,00000000,01000100,0,1100
1636,00,0,01,00100011,00000000,01000101,0,1100
1637,10,0,10,10110010,10010001,10100101,0,0011
1638,00,0,01,00100100,00000000,01000110,0,1100
1639,00,0,01,00100101,00000000,01000111,0,1100
1640,00,0,01,01111001,00000000,10010101,0,1011
1641,10,0,10,10110100,10010001,10100110,0,0011
1642,00,0,00,00000000,00000000,00000000,0,0000
1643,00,0,00,00000000,00000000,00000000,0,0000
1644,00,0,00,00000000,00000000,00000000,0,0000
1645,10,0,10,10110110,10010001,10100111,0,0011
1646,00,0,01,01111010,00000000,10010111,0,1011
1647,00,0,00,00000000,00000000,00000000,0,0000
1648,00,0,00,00000000,00000000,00000000,0,0000
1649,10,0,10,11001010,10110000,11000001,0,0011
1650,00,0,00,00000000,00000000,00000000,0,0000
1651,00,0,00,00000000,00000000,00000000,0,0000
1652,00,0,01,10110001,00000000,11001001,0,1011
1653,10,0,10,01111000,01100011,01101000,0,0011
1654,00,0,00,00000000,00000000,00000000,0,0000
1655,00,0,00,00000000,00000000,00000000,0,0000
1656,00,0,00,00000000,00000000,00000000,0,0000
1657,10,0,10,01111001,01100011,01101010,0,0011
1658,00,0,00,00000000,00000000,00000000,0,0000
1659,00,0,01,10010010,00000000,10101001,0,1011
1660,00,0,00,00000000,00000000,00000000,0,0000
1661,10,0,10,01111010,01100011,01101100,0,0011
1662,00,0,00,00000000,00000000,00000000,0,0000
1663,00,0,00,00000000,00000000,00000000,0,0000
1664,00,0,01,10010011,00000000,10101011,0,1011
1665,10,0,10,01111011,01100011,01101110,0,0011
1666,00,0,00,00000000,00000000,00000000,0,0000
1667,00,0,00,00000000,00000000,00000000,0,0000
1668,00,0,00,00000000,00000000,00000000,0,0000
1669,10,0,10,01111100,01100011,01110000,0,0011
1670,00,0,01,10010100,00000000,10101101,0,1011
1671,00,0,00,00000000,00000000,00000000,0,0000
1672,00,0,00,00000000,00000000,00000000,0,0000
1673,10,0,10,01111101,01100011,01110010,0,0011
1674,00,0,00,00000000,00000000,00000000,0,0000
1675,00,0,00,00000000,00000000,00000000,0,0000
1676,00,0,01,10010101,00000000,10101111,0,1011
1677,10,0,10,01111110,01100011,01110100,0,0011
1678,00,0,00,00000000,00000000,00000000,0,0000
1679,00,0,00,00000000,00000000,00000000,0,0000
1680,00,0,00,00000000,00000000,00000000,0,0000
1681,10,0,10,01111111,01100011,01110110,0,0011
1682,00,0,01,10010110,00000000,10110001,0,1011
1683,00,0,00,00000000,00000000,00000000,0,0000
1684,00,0,00,00000000,00000000,00000000,0,0000
1685,10,0,10,11001100,10110000,11000010,0,0011
1686,00,0,00,00000000,00000000,00000000,0,0000
1687,00,0,00,00000000,00000000,00000000,0,0000
1688,00,0,01,10010111,00000000,10110011,0,1011
1689,10,0,10,11001110,10110000,11000011,0,0011
1690,00,0,00,00000000,00000000,00000000,0,0000
1691,00,0,00,00000000,00000000,00000000,0,0000
1692,00,0,00,00000000,00000000,00000000,0,0000
1693,00,0,00,00000000,00000000,00000000,0,0000
1694,00,0,01,10011000,00000000,10110101,0,1011
1695,00,0,00,00000000,00000000,00000000,0,0000
1696,00,0,01,00111101,00000000,01100000,0,1100
1697,00,0,01,00111110,00000000,01100001,0,1100
1698,00,0,01,00111111,00000000,01100010,0,1100
1699,00,0,10,11010000,10110000,11000100,0,0011
1700,00,0,01,10011001,00000000,10110111,0,1011
1701,00,0,10,10011000,10000010,10001000,0,0011
1702,00,0,10,10011001,10000010,10001010,0,0011
1703,10,0,10,10011010,10000010,10001100,0,0011
1704,00,0,01,01000000,00000000,01100011,0,1100
1705,00,0,01,01000010,00000000,01100101,0,1100
1706,00,0,01,10110010,00000000,11001011,0,1011
1707,10,0,10,10011011,10000010,10001110,0,0011
1708,00,0,01,01000011,00000000,01100110,0,1100
1709,00,0,01,01000001,00000000,01100100,0,1100
1710,00,0,01,01000100,00000000,01100111,0,1100
1711,10,0,10,10011100,10000010,10010000,0,0011
1712,00,0,00,00000000,00000000,00000000,0,0000
1713,00,0,00,00000000,00000000,00000000,0,0000
1714,00,0,00,00000000,00000000,00000000,0,0000
1715,10,0,10,10011110,10000010,10010100,0,0011
1716,00,0,00,00000000,00000000,00000000,0,0000
1717,00,0,00,00000000,00000000,00000000,0,0000
1718,00,0,00,00000000,00000000,00000000,0,0000
1719,10,0,10,10011101,10000010,10010010,0,0011
1720,00,0,00,00000000,00000000,00000000,0,0000
1721,00,0,00,00000000,00000000,00000000,0,0000
1722,00,0,00,00000000,00000000,00000000,0,0000
1723,00,0,00,00000000,00000000,00000000,0,0000
1724,00,0,00,00000000,00000000,00000000,0,0000
1725,00,0,01,10110011,00000000,11001101,0,1011
1726,00,0,00,00000000,00000000,00000000,0,0000
1727,00,0,00,00000000,00000000,00000000,0,0000
1728,00,0,00,00000000,00000000,00000000,0,0000
1729,00,0,00,00000000,00000000,00000000,0,0000
1730,00,0,10,10011111,10000010,10010110,0,0011
1731,00,0,01,10110100,00000000,11001111,0,1011
1732,00,0,10,11010010,10110000,11000101,0,0011
1733,00,0,10,11101000,11001111,11100000,0,0011
1734,00,0,10,11010100,10110000,11000110,0,0011
1735,00,0,10,11010110,10110000,11000111,0,0011
1736,00,0,10,11101010,11001111,11100001,0,0011
1737,00,0,01,10110101,00000000,11010001,0,1011
1738,00,0,10,11101100,11001111,11100010,0,0011
1739,00,0,10,11101110,11001111,11100011,0,0011
1740,00,0,10,11110000,11001111,11100100,0,0011
1741,00,0,10,11110010,11001111,11100101,0,0011
1742,00,0,10,11110100,11001111,11100110,0,0011
1743,00,0,10,00001000,11101110,00000000,0,0011
1744,00,0,10,11110110,11001111,11100111,0,0011
1745,00,0,10,00001010,11101110,00000001,0,0011
1746,00,0,10,00001100,11101110,00000010,0,0011
1747,10,0,10,00001110,11101110,00000011,0,0011
1748,00,0,01,01011100,00000000,10000000,0,1100
1749,00,0,01,01011101,00000000,10000001,0,1100
1750,00,0,01,01011110,00000000,10000010,0,1100
1751,10,0,10,00010000,11101110,00000100,0,0011
1752,00,0,01,01011111,00000000,10000011,0,1100
1753,00,0,01,01100000,00000000,10000100,0,1100
1754,00,0,01,01100001,00000000,10000101,0,1100
1755,10,0,10,10111000,10100001,10101000,0,0011
1756,00,0,01,01100010,00000000,10000110,0,1100
1757,00,0,01,01100011,00000000,10000111,0,1100
1758,00,0,00,00000000,00000000,00000000,0,0000
1759,10,0,10,10111001,10100001,10101010,0,0011
1760,00,0,00,00000000,00000000,00000000,0,0000
1761,00,0,00,00000000,00000000,00000000,0,0000
1762,00,0,00,00000000,00000000,00000000,0,0000
1763,10,0,10,10111010,10100001,10101100,0,0011
1764,00,0,00,00000000,00000000,00000000,0,0000
1765,00,0,00,00000000,00000000,00000000,0,0000
1766,00,0,00,00000000,00000000,00000000,0,0000
1767,10,0,10,10111011,10100001,10101110,0,0011
1768,00,0,00,00000000,00000000,00000000,0,0000
1769,00,0,00,00000000,00000000,00000000,0,0000
1770,00,0,01,10110110,00000000,11010011,0,1011
1771,10,0,10,10111100,10100001,10110000,0,0011
1772,00,0,00,00000000,00000000,00000000,0,0000
1773,00,0,00,00000000,00000000,00000000,0,0000
1774,00,0,00,00000000,00000000,00000000,0,0000
1775,10,0,10,10111101,10100001,10110010,0,0011
1776,00,0,01,10110111,00000000,11010101,0,1011
1777,00,0,00,00000000,00000000,00000000,0,0000
1778,00,0,00,00000000,00000000,00000000,0,0000
1779,10,0,10,10111110,10100001,10110100,0,0011
1780,00,0,00,00000000,00000000,00000000,0,0000
1781,00,0,01,10111000,00000000,11010111,0,1011
1782,00,0,00,00000000,00000000,00000000,0,0000
1783,10,0,10,00010010,11101110,00000101,0,0011
1784,00,0,00,00000000,00000000,00000000,0,0000
1785,00,0,00,00000000,00000000,00000000,0,0000
1786,00,0,00,00000000,00000000,00000000,0,0000
1787,00,0,01,11010000,00000000,11101001,0,1011
1788,10,0,10,10111111,10100001,10110110,0,0011
1789,00,0,00,00000000,00000000,00000000,0,0000
1790,00,0,00,00000000,00000000,00000000,0,0000
1791,00,0,00,00000000,00000000,00000000,0,0000
1792,10,0,10,00010100,11101110,00000110,0,0011
1793,00,0,01,11010001,00000000,11101011,0,1011
1794,00,0,00,00000000,00000000,00000000,0,0000
1795,00,0,00,00000000,00000000,00000000,0,0000
1796,10,0,10,00010110,11101110,00000111,0,0011
1797,00,0,00,00000000,00000000,00000000,0,0000
1798,00,0,00,00000000,00000000,00000000,0,0000
1799,00,0,01,11010010,00000000,11101101,0,1011
1800,10,0,10,00101000,00001101,00100000,0,0011
1801,00,0,01,01111011,00000000,10100000,0,1100
1802,00,0,00,00000000,00000000,00000000,0,0000
1803,00,0,01,01111100,00000000,10100001,0,1100
1804,10,0,10,00101010,00001101,00100001,0,0011
1805,00,0,01,11010100,00000000,11110001,0,1011
1806,00,0,01,01111101,00000000,10100010,0,1100
1807,00,0,01,01111110,00000000,10100011,0,1100
1808,10,0,10,01001000,00101100,01000000,0,0011
1809,00,0,01,01111111,00000000,10100100,0,1100
1810,00,0,00,00000000,00000000,00000000,0,0000
1811,00,0,01,11010011,00000000,11101111,0,1011
1812,10,0,10,00101100,00001101,00100010,0,0011
1813,00,0,01,10000000,00000000,10100101,0,1100
1814,00,0,01,10000001,00000000,10100110,0,1100
1815,00,0,01,10000010,00000000,10100111,0,1100
1816,10,0,10,00101110,00001101,00100011,0,0011
1817,00,0,01,11010101,00000000,11110011,0,1011
1818,00,0,00,00000000,00000000,00000000,0,0000
1819,00,0,00,00000000,00000000,00000000,0,0000
1820,10,0,10,00110000,00001101,00100100,0,0011
1821,00,0,00,00000000,00000000,00000000,0,0000
1822,00,0,00,00000000,00000000,00000000,0,0000
1823,00,0,01,11010110,00000000,11110101,0,1011
1824,10,0,10,00110010,00001101,00100101,0,0011
1825,00,0,00,00000000,00000000,00000000,0,0000
1826,00,0,00,00000000,00000000,00000000,0,0000
1827,00,0,00,00000000,00000000,00000000,0,0000
1828,10,0,10,00110100,00001101,00100110,0,0011
1829,00,0,01,11010111,00000000,11110111,0,1011
1830,00,0,00,00000000,00000000,00000000,0,0000
1831,00,0,00,00000000,00000000,00000000,0,0000
1832,10,0,10,00110110,00001101,00100111,0,0011
1833,00,0,00,00000000,00000000,00000000,0,0000
1834,00,0,00,00000000,00000000,00000000,0,0000
1835,00,0,01,11101111,00000000,00001001,0,1011
1836,10,0,10,01001010,00101100,01000001,0,0011
1837,00,0,00,00000000,00000000,00000000,0,0000
1838,00,0,00,00000000,00000000,00000000,0,0000
1839,00,0,00,00000000,00000000,00000000,0,0000
1840,10,0,10,11011000,11000000,11001000,0,0011
1841,00,0,00,00000000,00000000,00000000,0,0000
1842,00,0,01,11110000,00000000,00001011,0,1011
1843,00,0,00,00000000,00000000,00000000,0,0000
1844,10,0,10,11011001,11000000,11001010,0,0011
1845,00,0,00,00000000,00000000,00000000,0,0000
1846,00,0,00,00000000,00000000,00000000,0,0000
1847,00,0,01,11110001,00000000,00001101,0,1011
1848,10,0,10,11011010,11000000,11001100,0,0011
1849,00,0,00,00000000,00000000,00000000,0,0000
1850,00,0,00,00000000,00000000,00000000,0,0000
1851,00,0,00,00000000,00000000,00000000,0,0000
1852,10,0,10,11011011,11000000,11001110,0,0011
1853,00,0,01,11110010,00000000,00001111,0,1011
1854,00,0,00,00000000,00000000,00000000,0,0000
1855,00,0,00,00000000,00000000,00000000,0,0000
1856,10,0,10,11011100,11000000,11010000,0,0011
1857,00,0,00,00000000,00000000,00000000,0,0000
1858,00,0,00,00000000,00000000,00000000,0,0000
1859,00,0,01,11110011,00000000,00010001,0,1011
1860,10,0,10,11011101,11000000,11010010,0,0011
1861,00,0,00,00000000,00000000,00000000,0,0000
1862,00,0,00,00000000,00000000,00000000,0,0000
1863,00,0,00,00000000,00000000,00000000,0,0000
1864,10,0,10,11011110,11000000,11010100,0,0011
1865,00,0,01,11110100,00000000,00010011,0,1011
1866,00,0,00,00000000,00000000,00000000,0,0000
1867,00,0,00,00000000,00000000,00000000,0,0000
1868,10,0,10,11011111,11000000,11010110,0,0011
1869,00,0,00,00000000,00000000,00000000,0,0000
1870,00,0,00,00000000,00000000,00000000,0,0000
1871,00,0,01,11110101,00000000,00010101,0,1011
1872,10,0,10,01001100,00101100,01000010,0,0011
1873,00,0,00,00000000,00000000,00000000,0,0000
1874,00,0,00,00000000,00000000,00000000,0,0000
1875,00,0,00,00000000,00000000,00000000,0,0000
1876,10,0,10,01001110,00101100,01000011,0,0011
1877,00,0,01,11110110,00000000,00010111,0,1011
1878,00,0,00,00000000,00000000,00000000,0,0000
1879,00,0,00,00000000,00000000,00000000,0,0000
1880,10,0,10,01010000,00101100,01000100,0,0011
1881,00,0,00,00000000,00000000,00000000,0,0000
1882,00,0,01,10011011,00000000,11000001,0,1100
1883,00,0,01,00001110,00000000,00101001,0,1011
1884,10,0,10,11111000,11011111,11101000,0,0011
1885,00,0,01,10011010,00000000,11000000,0,1100
1886,00,0,01,10011100,00000000,11000010,0,1100
1887,00,0,01,10011101,00000000,11000011,0,1100
1888,10,0,10,11111001,11011111,11101010,0,0011
1889,00,0,00,00000000,00000000,00000000,0,0000
1890,00,0,01,00001111,00000000,00101011,0,1011
1891,00,0,01,10011110,00000000,11000100,0,1100
1892,10,0,10,11111010,11011111,11101100,0,0011
1893,00,0,01,10011111,00000000,11000101,0,1100
1894,00,0,01,10100000,00000000,11000110,0,1100
1895,00,0,01,00010000,00000000,00101101,0,1011
1896,10,0,10,11111011,11011111,11101110,0,0011
1897,00,0,01,10100001,00000000,11000111,0,1100
1898,00,0,00,00000000,00000000,00000000,0,0000
1899,00,0,00,00000000,00000000,00000000,0,0000
1900,10,0,10,11111100,11011111,11110000,0,0011
1901,00,0,01,00010001,00000000,00101111,0,1011
1902,00,0,00,00000000,00000000,00000000,0,0000
1903,00,0,00,00000000,00000000,00000000,0,0000
1904,10,0,10,11111101,11011111,11110010,0,0011
1905,00,0,00,00000000,00000000,00000000,0,0000
1906,00,0,00,00000000,00000000,00000000,0,0000
1907,00,0,01,00010010,00000000,00110001,0,1011
1908,10,0,10,11111110,11011111,11110100,0,0011
1909,00,0,00,00000000,00000000,00000000,0,0000
1910,00,0,00,00000000,00000000,00000000,0,0000
1911,00,0,00,00000000,00000000,00000000,0,0000
1912,10,0,10,11111111,11011111,11110110,0,0011
1913,00,0,01,00010011,00000000,00110011,0,1011
1914,00,0,00,00000000,00000000,00000000,0,0000
1915,00,0,00,00000000,00000000,00000000,0,0000
1916,10,0,10,01010010,00101100,01000101,0,0011
1917,00,0,00,00000000,00000000,00000000,0,0000
1918,00,0,00,00000000,00000000,00000000,0,0000
1919,00,0,01,00010100,00000000,00110101,0,1011
1920,10,0,10,01010100,00101100,01000110,0,0011
1921,00,0,00,00000000,00000000,00000000,0,0000
1922,00,0,00,00000000,00000000,00000000,0,0000
1923,00,0,00,00000000,00000000,00000000,0,0000
1924,10,0,10,01010110,00101100,01000111,0,0011
1925,00,0,01,00010101,00000000,00110111,0,1011
1926,00,0,01,10111001,00000000,11100000,0,1100
1927,00,0,01,10111010,00000000,11100001,0,1100
1928,10,0,10,01101000,01001011,01100000,0,0011
1929,00,0,01,10111011,00000000,11100010,0,1100
1930,00,0,01,10111100,00000000,11100011,0,1100
1931,00,0,01,00101101,00000000,01001001,0,1011
1932,10,0,10,00011000,11111110,00001000,0,0011
1933,00,0,01,10111101,00000000,11100100,0,1100
1934,00,0,01,10111110,00000000,11100101,0,1100
1935,00,0,01,10111111,00000000,11100110,0,1100
1936,10,0,10,00011001,11111110,00001010,0,0011
1937,00,0,00,00000000,00000000,00000000,0,0000
1938,00,0,01,00101110,00000000,01001011,0,1011
1939,00,0,01,11000000,00000000,11100111,0,1100
1940,10,0,10,00011010,11111110,00001100,0,0011
1941,00,0,00,00000000,00000000,00000000,0,0000
1942,00,0,00,00000000,00000000,00000000,0,0000
1943,00,0,01,00101111,00000000,01001101,0,1011
1944,10,0,10,00011011,11111110,00001110,0,0011
1945,00,0,00,00000000,00000000,00000000,0,0000
1946,00,0,00,00000000,00000000,00000000,0,0000
1947,00,0,00,00000000,00000000,00000000,0,0000
1948,10,0,10,00011100,11111110,00010000,0,0011
1949,00,0,01,00110000,00000000,01001111,0,1011
1950,00,0,00,00000000,00000000,00000000,0,0000
1951,00,0,00,00000000,00000000,00000000,0,0000
1952,10,0,10,00011101,11111110,00010010,0,0011
1953,00,0,00,00000000,00000000,00000000,0,0000
1954,00,0,00,00000000,00000000,00000000,0,0000
1955,00,0,01,00110001,00000000,01010001,0,1011
1956,10,0,10,00011110,11111110,00010100,0,0011
1957,00,0,00,00000000,00000000,00000000,0,0000
1958,00,0,00,00000000,00000000,00000000,0,0000
1959,00,0,00,00000000,00000000,00000000,0,0000
1960,10,0,10,00011111,11111110,00010110,0,0011
1961,00,0,01,00110010,00000000,01010011,0,1011
1962,00,0,00,00000000,00000000,00000000,0,0000
1963,00,0,00,00000000,00000000,00000000,0,0000
1964,00,0,00,00000000,00000000,00000000,0,0000
1965,00,0,00,00000000,00000000,00000000,0,0000
1966,00,0,00,00000000,00000000,00000000,0,0000
1967,00,0,01,00110011,00000000,01010101,0,1011
1968,00,0,00,00000000,00000000,00000000,0,0000
1969,00,0,00,00000000,00000000,00000000,0,0000
1970,00,0,00,00000000,00000000,00000000,0,0000
1971,00,0,00,00000000,00000000,00000000,0,0000
1972,00,0,10,01101010,01001011,01100001,0,0011
1973,00,0,01,00110100,00000000,01010111,0,1011
1974,00,0,10,01101100,01001011,01100010,0,0011
1975,00,0,10,01101110,01001011,01100011,0,0011
1976,00,0,10,01110000,01001011,01100100,0,0011
1977,00,0,10,01110010,01001011,01100101,0,0011
1978,00,0,10,01110100,01001011,01100110,0,0011
1979,00,0,01,01001100,00000000,01101001,0,1011
1980,00,0,10,00111000,00011101,00101000,0,0011
1981,00,0,10,00111001,00011101,00101010,0,0011
1982,00,0,10,00111010,00011101,00101100,0,0011
1983,00,0,10,00111011,00011101,00101110,0,0011
1984,00,0,10,00111100,00011101,00110000,0,0011
1985,00,0,10,00111101,00011101,00110010,0,0011
1986,00,0,10,00111110,00011101,00110100,0,0011
1987,10,0,10,00111111,00011101,00110110,0,0011
1988,00,0,01,11011000,00000000,00000000,0,1100
1989,00,0,01,11011001,00000000,00000001,0,1100
1990,00,0,01,11011010,00000000,00000010,0,1100
1991,00,0,00,00000000,00000000,00000000,0,0000
1992,10,0,10,01110110,01001011,01100111,0,0011
1993,00,0,00,00000000,00000000,00000000,0,0000
1994,00,0,01,11011011,00000000,00000011,0,1100
1995,00,0,01,11011100,00000000,00000100,0,1100
1996,10,0,10,10001000,01101010,10000000,0,0011
1997,00,0,00,00000000,00000000,00000000,0,0000
1998,00,0,01,11011101,00000000,00000101,0,1100
1999,00,0,01,11011110,00000000,00000110,0,1100
2000,10,0,10,11001000,10101000,11000000,0,0011
2001,00,0,01,11011111,00000000,00000111,0,1100
2002,00,0,01,11110111,00000000,00100000,0,1100
2003,00,0,01,11111000,00000000,00100001,0,1100
2004,10,0,10,10001010,01101010,10000001,0,0011
2005,00,0,01,11111001,00000000,00100010,0,1100
2006,00,0,00,00000000,00000000,00000000,0,0000
2007,00,0,01,11111010,00000000,00100011,0,1100
2008,10,0,10,10001100,01101010,10000010,0,0011
2009,00,0,01,01001101,00000000,01101011,0,1011
2010,00,0,00,00000000,00000000,00000000,0,0000
2011,00,0,01,11111011,00000000,00100100,0,1100
2012,10,0,10,10001110,01101010,10000011,0,0011
2013,00,0,01,11111100,00000000,00100101,0,1100
2014,00,0,01,11111110,00000000,00100111,0,1100
2015,00,0,01,01001110,00000000,01101101,0,1011
2016,10,0,10,10010000,01101010,10000100,0,0011
2017,00,0,00,00000000,00000000,00000000,0,0000
2018,00,0,01,11111101,00000000,00100110,0,1100
2019,00,0,00,00000000,00000000,00000000,0,0000
2020,10,0,10,10010010,01101010,10000101,0,0011
2021,00,0,01,01001111,00000000,01101111,0,1011
2022,00,0,00,00000000,00000000,00000000,0,0000
2023,00,0,00,00000000,00000000,00000000,0,0000
2024,10,0,10,10010100,01101010,10000110,0,0011
2025,00,0,00,00000000,00000000,00000000,0,0000
2026,00,0,00,00000000,00000000,00000000,0,0000
2027,00,0,01,01010000,00000000,01110001,0,1011
2028,10,0,10,10010110,01101010,10000111,0,0011
2029,00,0,00,00000000,00000000,00000000,0,0000
2030,00,0,00,00000000,00000000,00000000,0,0000
2031,00,0,00,00000000,00000000,00000000,0,0000
2032,10,0,10,01011000,00111100,01001000,0,0011
2033,00,0,01,01010001,00000000,01110011,0,1011
2034,00,0,00,00000000,00000000,00000000,0,0000
2035,00,0,00,00000000,00000000,00000000,0,0000
2036,10,0,10,01011001,00111100,01001010,0,0011
2037,00,0,00,00000000,00000000,00000000,0,0000
2038,00,0,00,00000000,00000000,00000000,0,0000
2039,00,0,01,01010010,00000000,01110101,0,1011
2040,10,0,10,01011010,00111100,01001100,0,0011
2041,00,0,00,00000000,00000000,00000000,0,0000
2042,00,0,00,00000000,00000000,00000000,0,0000
2043,00,0,00,00000000,00000000,00000000,0,0000
2044,10,0,10,01011011,00111100,01001110,0,0011
2045,00,0,01,01010011,00000000,01110111,0,1011
2046,00,0,00,00000000,00000000,00000000,0,0000
2047,00,0,00,00000000,00000000,00000000,0,0000
2048,10,0,10,01011100,00111100,01010000,0,0011
2049,00,0,00,00000000,00000000,00000000,0,0000
2050,00,0,00,00000000,00000000,00000000,0,0000
2051,00,0,01,01101011,00000000,10001001,0,1011
2052,10,0,10,01011101,00111100,01010010,0,0011
2053,00,0,00,00000000,00000000,00000000,0,0000
2054,00,0,00,00000000,00000000,00000000,0,0000
2055,00,0,00,00000000,00000000,00000000,0,0000
2056,10,0,10,01011110,00111100,01010100,0,0011
2057,00,0,00,00000000,00000000,00000000,0,0000
2058,00,0,01,01101100,00000000,10001011,0,1011
2059,00,0,00,00000000,00000000,00000000,0,0000
2060,10,0,10,01011111,00111100,01010110,0,0011
2061,00,0,00,00000000,00000000,00000000,0,0000
2062,00,0,00,00000000,00000000,00000000,0,0000
2063,00,0,01,01101101,00000000,10001101,0,1011
2064,10,0,10,10101000,10001001,10100000,0,0011
2065,00,0,00,00000000,00000000,00000000,0,0000
2066,00,0,00,00000000,00000000,00000000,0,0000
2067,00,0,00,00000000,00000000,00000000,0,0000
2068,10,0,10,10101010,10001001,10100001,0,0011
2069,00,0,01,01101110,00000000,10001111,0,1011
2070,00,0,00,00000000,00000000,00000000,0,0000
2071,00,0,00,00000000,00000000,00000000,0,0000
2072,10,0,10,10101100,10001001,10100010,0,0011
2073,00,0,00,00000000,00000000,00000000,0,0000
2074,00,0,01,00010111,00000000,01000001,0,1100
2075,00,0,01,01101111,00000000,10010001,0,1011
2076,10,0,10,10101110,10001001,10100011,0,0011
2077,00,0,01,00010110,00000000,01000000,0,1100
2078,00,0,01,00011000,00000000,01000010,0,1100
2079,00,0,01,00011001,00000000,01000011,0,1100
2080,10,0,10,10110000,10001001,10100100,0,0011
2081,00,0,01,01110000,00000000,10010011,0,1011
2082,00,0,01,00011010,00000000,01000100,0,1100
2083,00,0,01,00011011,00000000,01000101,0,1100
2084,10,0,10,10110010,10001001,10100101,0,0011
2085,00,0,01,00011100,00000000,01000110,0,1100
2086,00,0,01,00011101,00000000,01000111,0,1100
2087,00,0,01,01110001,00000000,10010101,0,1011
2088,10,0,10,10110100,10001001,10100110,0,0011
2089,00,0,00,00000000,00000000,00000000,0,0000
2090,00,0,00,00000000,00000000,00000000,0,0000
2091,00,0,00,00000000,00000000,00000000,0,0000
2092,10,0,10,10110110,10001001,10100111,0,0011
2093,00,0,01,01110010,00000000,10010111,0,1011
2094,00,0,00,00000000,00000000,00000000,0,0000
2095,00,0,00,00000000,00000000,00000000,0,0000
2096,10,0,10,11001010,10101000,11000001,0,0011
2097,00,0,00,00000000,00000000,00000000,0,0000
2098,00,0,00,00000000,00000000,00000000,0,0000
2099,00,0,01,10101001,00000000,11001001,0,1011
2100,10,0,10,01111000,01011011,01101000,0,0011
2101,00,0,00,00000000,00000000,00000000,0,0000
2102,00,0,00,00000000,00000000,00000000,0,0000
2103,00,0,00,00000000,00000000,00000000,0,0000
2104,10,0,10,01111001,01011011,01101010,0,0011
2105,00,0,00,00000000,00000000,00000000,0,0000
2106,00,0,01,10001010,00000000,10101001,0,1011
2107,00,0,00,00000000,00000000,00000000,0,0000
2108,10,0,10,01111010,01011011,01101100,0,0011
2109,00,0,00,00000000,00000000,00000000,0,0000
2110,00,0,00,00000000,00000000,00000000,0,0000
2111,00,0,01,10001011,00000000,10101011,0,1011
2112,10,0,10,01111011,01011011,01101110,0,0011
2113,00,0,00,00000000,00000000,00000000,0,0000
2114,00,0,00,00000000,00000000,00000000,0,0000
2115,00,0,00,00000000,00000000,00000000,0,0000
2116,10,0,10,01111100,01011011,01110000,0,0011
2117,00,0,01,10001100,00000000,10101101,0,1011
2118,00,0,00,00000000,00000000,00000000,0,0000
2119,00,0,00,00000000,00000000,00000000,0,0000
2120,10,0,10,01111101,01011011,01110010,0,0011
2121,00,0,00,00000000,00000000,00000000,0,0000
2122,00,0,00,00000000,00000000,00000000,0,0000
2123,00,0,01,10001101,00000000,10101111,0,1011
2124,10,0,10,01111110,01011011,01110100,0,0011
2125,00,0,00,00000000,00000000,00000000,0,0000
2126,00,0,00,00000000,00000000,00000000,0,0000
2127,00,0,00,00000000,00000000,00000000,0,0000
2128,10,0,10,01111111,01011011,01110110,0,0011
2129,00,0,01,10001110,00000000,10110001,0,1011
2130,00,0,00,00000000,00000000,00000000,0,0000
2131,00,0,00,00000000,00000000,00000000,0,0000
2132,10,0,10,11001100,10101000,11000010,0,0011
2133,00,0,00,00000000,00000000,00000000,0,0000
2134,00,0,00,00000000,00000000,00000000,0,0000
2135,00,0,01,10001111,00000000,10110011,0,1011
2136,10,0,10,11001110,10101000,11000011,0,0011
2137,00,0,00,00000000,00000000,00000000,0,0000
2138,00,0,00,00000000,00000000,00000000,0,0000
2139,00,0,00,00000000,00000000,00000000,0,0000
2140,00,0,00,00000000,00000000,00000000,0,0000
2141,00,0,01,10010000,00000000,10110101,0,1011
2142,00,0,00,00000000,00000000,00000000,0,0000
2143,00,0,01,00110101,00000000,01100000,0,1100
2144,00,0,01,00110110,00000000,01100001,0,1100
2145,00,0,01,00110111,00000000,01100010,0,1100
2146,00,0,10,11010000,10101000,11000100,0,0011
2147,00,0,01,10010001,00000000,10110111,0,1011
2148,00,0,10,10011000,01111010,10001000,0,0011
2149,00,0,10,10011001,01111010,10001010,0,0011
2150,10,0,10,10011010,01111010,10001100,0,0011
2151,00,0,01,00111000,00000000,01100011,0,1100
2152,00,0,01,00111010,00000000,01100101,0,1100
2153,00,0,01,10101010,00000000,11001011,0,1011
2154,10,0,10,10011011,01111010,10001110,0,0011
2155,00,0,01,00111011,00000000,01100110,0,1100
2156,00,0,01,00111001,00000000,01100100,0,1100
2157,00,0,01,00111100,00000000,01100111,0,1100
2158,10,0,10,10011100,01111010,10010000,0,0011
2159,00,0,00,00000000,00000000,00000000,0,0000
2160,00,0,00,00000000,00000000,00000000,0,0000
2161,00,0,00,00000000,00000000,00000000,0,0000
2162,10,0,10,10011110,01111010,10010100,0,0011
2163,00,0,00,00000000,00000000,00000000,0,0000
2164,00,0,00,00000000,00000000,00000000,0,0000
2165,00,0,00,00000000,00000000,00000000,0,0000
2166,10,0,10,10011101,01111010,10010010,0,0011
2167,00,0,00,00000000,00000000,00000000,0,0000
2168,00,0,00,00000000,00000000,00000000,0,0000
2169,00,0,00,00000000,00000000,00000000,0,0000
2170,00,0,00,00000000,00000000,00000000,0,0000
2171,00,0,00,00000000,00000000,00000000,0,0000
2172,00,0,01,10101011,00000000,11001101,0,1011
2173,00,0,00,00000000,00000000,00000000,0,0000
2174,00,0,00,00000000,00000000,00000000,0,0000
2175,00,0,00,00000000,00000000,00000000,0,0000
2176,00,0,00,00000000,00000000,00000000,0,0000
2177,00,0,10,10011111,01111010,10010110,0,0011
2178,00,0,01,10101100,00000000,11001111,0,1011
2179,00,0,10,11010010,10101000,11000101,0,0011
2180,00,0,10,11101000,11000111,11100000,0,0011
2181,00,0,10,11010100,10101000,11000110,0,0011
2182,00,0,10,11010110,10101000,11000111,0,0011
2183,00,0,10,11101010,11000111,11100001,0,0011
2184,00,0,01,10101101,00000000,11010001,0,1011
2185,00,0,10,11101100,11000111,11100010,0,0011
2186,00,0,10,11101110,11000111,11100011,0,0011
2187,00,0,10,11110000,11000111,11100100,0,0011
2188,00,0,10,11110010,11000111,11100101,0,0011
2189,00,0,10,11110100,11000111,11100110,0,0011
2190,00,0,10,00001000,11100110,00000000,0,0011
2191,00,0,10,11110110,11000111,11100111,0,0011
2192,00,0,10,00001010,11100110,00000001,0,0011
2193,00,0,10,00001100,11100110,00000010,0,0011
2194,10,0,10,00001110,11100110,00000011,0,0011
2195,00,0,01,01010100,00000000,10000000,0,1100
2196,00,0,01,01010101,00000000,10000001,0,1100
2197,00,0,01,01010110,00000000,10000010,0,1100
2198,10,0,10,00010000,11100110,00000100,0,0011
2199,00,0,01,01010111,00000000,10000011,0,1100
2200,00,0,01,01011000,00000000,10000100,0,1100
2201,00,0,01,01011001,00000000,10000101,0,1100
2202,10,0,10,10111000,10011001,10101000,0,0011
2203,00,0,01,01011010,00000000,10000110,0,1100
2204,00,0,01,01011011,00000000,10000111,0,1100
2205,00,0,00,00000000,00000000,00000000,0,0000
2206,10,0,10,10111001,10011001,10101010,0,0011
2207,00,0,00,00000000,00000000,00000000,0,0000
2208,00,0,00,00000000,00000000,00000000,0,0000
2209,00,0,00,00000000,00000000,00000000,0,0000
2210,10,0,10,10111010,10011001,10101100,0,0011
2211,00,0,00,00000000,00000000,00000000,0,0000
2212,00,0,00,00000000,00000000,00000000,0,0000
2213,00,0,00,00000000,00000000,00000000,0,0000
2214,10,0,10,10111011,10011001,10101110,0,0011
2215,00,0,00,00000000,00000000,00000000,0,0000
2216,00,0,00,00000000,00000000,00000000,0,0000
2217,00,0,01,10101110,00000000,11010011,0,1011
2218,10,0,10,10111100,10011001,10110000,0,0011
2219,00,0,00,00000000,00000000,00000000,0,0000
2220,00,0,00,00000000,00000000,00000000,0,0000
2221,00,0,00,00000000,00000000,00000000,0,0000
2222,10,0,10,10111101,10011001,10110010,0,0011
2223,00,0,01,10101111,00000000,11010101,0,1011
2224,00,0,00,00000000,00000000,00000000,0,0000
2225,00,0,00,00000000,00000000,00000000,0,0000
2226,10,0,10,10111110,10011001,10110100,0,0011
2227,00,0,00,00000000,00000000,00000000,0,0000
2228,00,0,01,10110000,00000000,11010111,0,1011
2229,00,0,00,00000000,00000000,00000000,0,0000
2230,10,0,10,00010010,11100110,00000101,0,0011
2231,00,0,00,00000000,00000000,00000000,0,0000
2232,00,0,00,00000000,00000000,00000000,0,0000
2233,00,0,00,00000000,00000000,00000000,0,0000
2234,00,0,01,11001000,00000000,11101001,0,1011
2235,10,0,10,10111111,10011001,10110110,0,0011
2236,00,0,00,00000000,00000000,00000000,0,0000
2237,00,0,00,00000000,00000000,00000000,0,0000
2238,00,0,00,00000000,00000000,00000000,0,0000
2239,10,0,10,00010100,11100110,00000110,0,0011
2240,00,0,01,11001001,00000000,11101011,0,1011
2241,00,0,00,00000000,00000000,00000000,0,0000
2242,00,0,00,00000000,00000000,00000000,0,0000
2243,10,0,10,00010110,11100110,00000111,0,0011
2244,00,0,00,00000000,00000000,00000000,0,0000
2245,00,0,00,00000000,00000000,00000000,0,0000
2246,00,0,01,11001010,00000000,11101101,0,1011
2247,10,0,10,00101000,00000101,00100000,0,0011
2248,00,0,01,01110011,00000000,10100000,0,1100
2249,00,0,00,00000000,00000000,00000000,0,0000
2250,00,0,01,01110100,00000000,10100001,0,1100
2251,10,0,10,00101010,00000101,00100001,0,0011
2252,00,0,01,11001100,00000000,11110001,0,1011
2253,00,0,01,01110101,00000000,10100010,0,1100
2254,00,0,01,01110110,00000000,10100011,0,1100
2255,10,0,10,01001000,00100100,01000000,0,0011
2256,00,0,01,01110111,00000000,10100100,0,1100
2257,00,0,00,00000000,00000000,00000000,0,0000
2258,00,0,01,11001011,00000000,11101111,0,1011
2259,10,0,10,00101100,00000101,00100010,0,0011
2260,00,0,01,01111000,00000000,10100101,0,1100
2261,00,0,01,01111001,00000000,10100110,0,1100
2262,00,0,01,01111010,00000000,10100111,0,1100
2263,10,0,10,00101110,00000101,00100011,0,0011
2264,00,0,01,11001101,00000000,11110011,0,1011
2265,00,0,00,00000000,00000000,00000000,0,0000
2266,00,0,00,00000000,00000000,00000000,0,0000
2267,10,0,10,00110000,00000101,00100100,0,0011
2268,00,0,00,00000000,00000000,00000000,0,0000
2269,00,0,00,00000000,00000000,00000000,0,0000
2270,00,0,01,11001110,00000000,11110101,0,1011
2271,10,0,10,00110010,00000101,00100101,0,0011
2272,00,0,00,00000000,00000000,00000000,0,0000
2273,00,0,00,00000000,00000000,00000000,0,0000
2274,00,0,00,00000000,00000000,00000000,0,0000
2275,10,0,10,00110100,00000101,00100110,0,0011
2276,00,0,01,11001111,00000000,11110111,0,1011
2277,00,0,00,00000000,00000000,00000000,0,0000
2278,00,0,00,00000000,00000000,00000000,0,0000
2279,10,0,10,00110110,00000101,00100111,0,0011
2280,00,0,00,00000000,00000000,00000000,0,0000
2281,00,0,00,00000000,00000000,00000000,0,0000
2282,00,0,01,11100111,00000000,00001001,0,1011
2283,10,0,10,01001010,00100100,01000001,0,0011
2284,00,0,00,00000000,00000000,00000000,0,0000
2285,00,0,00,00000000,00000000,00000000,0,0000
2286,00,0,00,00000000,00000000,00000000,0,0000
2287,10,0,10,11011000,10111000,11001000,0,0011
2288,00,0,00,00000000,00000000,00000000,0,0000
2289,00,0,01,11101000,00000000,00001011,0,1011
2290,00,0,00,00000000,00000000,00000000,0,0000
2291,10,0,10,11011001,10111000,11001010,0,0011
2292,00,0,00,00000000,00000000,00000000,0,0000
2293,00,0,00,00000000,00000000,00000000,0,0000
2294,00,0,01,11101001,00000000,00001101,0,1011
2295,10,0,10,11011010,10111000,11001100,0,0011
2296,00,0,00,00000000,00000000,00000000,0,0000
2297,00,0,00,00000000,00000000,00000000,0,0000
2298,00,0,00,00000000,00000000,00000000,0,0000
2299,10,0,10,11011011,10111000,11001110,0,0011
2300,00,0,01,11101010,00000000,00001111,0,1011
2301,00,0,00,00000000,00000000,00000000,0,0000
2302,00,0,00,00000000,00000000,00000000,0,0000
2303,10,0,10,11011100,10111000,11010000,0,0011
2304,00,0,00,00000000,00000000,00000000,0,0000
2305,00,0,00,00000000,00000000,00000000,0,0000
2306,00,0,01,11101011,00000000,00010001,0,1011
2307,10,0,10,11011101,10111000,11010010,0,0011
2308,00,0,00,00000000,00000000,00000000,0,0000
2309,00,0,00,00000000,00000000,00000000,0,0000
2310,00,0,00,00000000,00000000,00000000,0,0000
2311,10,0,10,11011110,10111000,11010100,0,0011
2312,00,0,01,11101100,00000000,00010011,0,1011
2313,00,0,00,00000000,00000000,00000000,0,0000
2314,00,0,00,00000000,00000000,00000000,0,0000
2315,10,0,10,11011111,10111000,11010110,0,0011
2316,00,0,00,00000000,00000000,00000000,0,0000
2317,00,0,00,00000000,00000000,00000000,0,0000
2318,00,0,01,11101101,00000000,00010101,0,1011
2319,10,0,10,01001100,00100100,01000010,0,0011
2320,00,0,00,00000000,00000000,00000000,0,0000
2321,00,0,00,00000000,00000000,00000000,0,0000
2322,00,0,00,00000000,00000000,00000000,0,0000
2323,10,0,10,01001110,00100100,01000011,0,0011
2324,00,0,01,11101110,00000000,00010111,0,1011
2325,00,0,00,00000000,00000000,00000000,0,0000
2326,00,0,00,00000000,00000000,00000000,0,0000
2327,10,0,10,01010000,00100100,01000100,0,0011
2328,00,0,00,00000000,00000000,00000000,0,0000
2329,00,0,01,10010011,00000000,11000001,0,1100
2330,00,0,01,00000110,00000000,00101001,0,1011
2331,10,0,10,11111000,11010111,11101000,0,0011
2332,00,0,01,10010010,00000000,11000000,0,1100
2333,00,0,01,10010100,00000000,11000010,0,1100
2334,00,0,01,10010101,00000000,11000011,0,1100
2335,10,0,10,11111001,11010111,11101010,0,0011
2336,00,0,00,00000000,00000000,00000000,0,0000
2337,00,0,01,00000111,00000000,00101011,0,1011
2338,00,0,01,10010110,00000000,11000100,0,1100
2339,10,0,10,11111010,11010111,11101100,0,0011
2340,00,0,01,10010111,00000000,11000101,0,1100
2341,00,0,01,10011000,00000000,11000110,0,1100
2342,00,0,01,00001000,00000000,00101101,0,1011
2343,10,0,10,11111011,11010111,11101110,0,0011
2344,00,0,01,10011001,00000000,11000111,0,1100
2345,00,0,00,00000000,00000000,00000000,0,0000
2346,00,0,00,00000000,00000000,00000000,0,0000
2347,10,0,10,11111100,11010111,11110000,0,0011
2348,00,0,01,00001001,00000000,00101111,0,1011
2349,00,0,00,00000000,00000000,00000000,0,0000
2350,00,0,00,00000000,00000000,00000000,0,0000
2351,10,0,10,11111101,11010111,11110010,0,0011
2352,00,0,00,00000000,00000000,00000000,0,0000
2353,00,0,00,00000000,00000000,00000000,0,0000
2354,00,0,01,00001010,00000000,00110001,0,1011
2355,10,0,10,11111110,11010111,11110100,0,0011
2356,00,0,00,00000000,00000000,00000000,0,0000
2357,00,0,00,00000000,00000000,00000000,0,0000
2358,00,0,00,00000000,00000000,00000000,0,0000
2359,10,0,10,11111111,11010111,11110110,0,0011
2360,00,0,01,00001011,00000000,00110011,0,1011
2361,00,0,00,00000000,00000000,00000000,0,0000
2362,00,0,00,00000000,00000000,00000000,0,0000
2363,10,0,10,01010010,00100100,01000101,0,0011
2364,00,0,00,00000000,00000000,00000000,0,0000
2365,00,0,00,00000000,00000000,00000000,0,0000
2366,00,0,01,00001100,00000000,00110101,0,1011
2367,10,0,10,01010100,00100100,01000110,0,0011
2368,00,0,00,00000000,00000000,00000000,0,0000
2369,00,0,00,00000000,00000000,00000000,0,0000
2370,00,0,00,00000000,00000000,00000000,0,0000
2371,10,0,10,01010110,00100100,01000111,0,0011
2372,00,0,01,00001101,00000000,00110111,0,1011
2373,00,0,01,10110001,00000000,11100000,0,1100
2374,00,0,01,10110010,00000000,11100001,0,1100
2375,10,0,10,01101000,01000011,01100000,0,0011
2376,00,0,01,10110011,00000000,11100010,0,1100
2377,00,0,01,10110100,00000000,11100011,0,1100
2378,00,0,01,00100101,00000000,01001001,0,1011
2379,10,0,10,00011000,11110110,00001000,0,0011
2380,00,0,01,10110101,00000000,11100100,0,1100
2381,00,0,01,10110110,00000000,11100101,0,1100
2382,00,0,01,10110111,00000000,11100110,0,1100
2383,10,0,10,00011001,11110110,00001010,0,0011
2384,00,0,00,00000000,00000000,00000000,0,0000
2385,00,0,01,00100110,00000000,01001011,0,1011
2386,00,0,01,10111000,00000000,11100111,0,1100
2387,10,0,10,00011010,11110110,00001100,0,0011
2388,00,0,00,00000000,00000000,00000000,0,0000
2389,00,0,00,00000000,00000000,00000000,0,0000
2390,00,0,01,00100111,00000000,01001101,0,1011
2391,10,0,10,00011011,11110110,00001110,0,0011
2392,00,0,00,00000000,00000000,00000000,0,0000
2393,00,0,00,00000000,00000000,00000000,0,0000
2394,00,0,00,00000000,00000000,00000000,0,0000
2395,10,0,10,00011100,11110110,00010000,0,0011
2396,00,0,01,00101000,00000000,01001111,0,1011
2397,00,0,00,00000000,00000000,00000000,0,0000
2398,00,0,00,00000000,00000000,00000000,0,0000
2399,10,0,10,00011101,11110110,00010010,0,0011
2400,00,0,00,00000000,00000000,00000000,0,0000
2401,00,0,00,00000000,00000000,00000000,0,0000
2402,00,0,01,00101001,00000000,01010001,0,1011
2403,10,0,10,00011110,11110110,00010100,0,0011
2404,00,0,00,00000000,00000000,00000000,0,0000
2405,00,0,00,00000000,00000000,00000000,0,0000
2406,00,0,00,00000000,00000000,00000000,0,0000
2407,10,0,10,00011111,11110110,00010110,0,0011
2408,00,0,01,00101010,00000000,01010011,0,1011
2409,00,0,00,00000000,00000000,00000000,0,0000
2410,00,0,00,00000000,00000000,00000000,0,0000
2411,00,0,00,00000000,00000000,00000000,0,0000
2412,00,0,00,00000000,00000000,00000000,0,0000
2413,00,0,00,00000000,00000000,00000000,0,0000
2414,00,0,01,00101011,00000000,01010101,0,1011
2415,00,0,00,00000000,00000000,00000000,0,0000
2416,00,0,00,00000000,00000000,00000000,0,0000
2417,00,0,00,00000000,00000000,00000000,0,0000
2418,00,0,00,00000000,00000000,00000000,0,0000
2419,00,0,10,01101010,01000011,01100001,0,0011
2420,00,0,01,00101100,00000000,01010111,0,1011
2421,00,0,10,01101100,01000011,01100010,0,0011
2422,00,0,10,01101110,01000011,01100011,0,0011
2423,00,0,10,01110000,01000011,01100100,0,0011
2424,00,0,10,01110010,01000011,01100101,0,0011
2425,00,0,10,01110100,01000011,01100110,0,0011
2426,00,0,01,01000100,00000000,01101001,0,1011
2427,00,0,10,00111000,00010101,00101000,0,0011
2428,00,0,10,00111001,00010101,00101010,0,0011
2429,00,0,10,00111010,00010101,00101100,0,0011
2430,00,0,10,00111011,00010101,00101110,0,0011
2431,00,0,10,00111100,00010101,00110000,0,0011
2432,00,0,10,00111101,00010101,00110010,0,0011
2433,00,0,10,00111110,00010101,00110100,0,0011
2434,10,0,10,00111111,00010101,00110110,0,0011
2435,00,0,01,11010000,00000000,00000000,0,1100
2436,00,0,01,11010001,00000000,00000001,0,1100
2437,00,0,01,11010010,00000000,00000010,0,1100
2438,00,0,00,00000000,00000000,00000000,0,0000
2439,10,0,10,01110110,01000011,01100111,0,0011
2440,00,0,00,00000000,00000000,00000000,0,0000
2441,00,0,01,11010011,00000000,00000011,0,1100
2442,00,0,01,11010100,00000000,00000100,0,1100
2443,10,0,10,10001000,01100010,10000000,0,0011
2444,00,0,00,00000000,00000000,00000000,0,0000
2445,00,0,01,11010101,00000000,00000101,0,1100
2446,00,0,01,11010110,00000000,00000110,0,1100
2447,10,0,10,11001000,10100000,11000000,0,0011
2448,00,0,01,11010111,00000000,00000111,0,1100
2449,00,0,01,11101111,00000000,00100000,0,1100
2450,00,0,01,11110000,00000000,00100001,0,1100
2451,10,0,10,10001010,01100010,10000001,0,0011
2452,00,0,01,11110001,00000000,00100010,0,1100
2453,00,0,00,00000000,00000000,00000000,0,0000
2454,00,0,01,11110010,00000000,00100011,0,1100
2455,10,0,10,10001100,01100010,10000010,0,0011
2456,00,0,01,01000101,00000000,01101011,0,1011
2457,00,0,00,00000000,00000000,00000000,0,0000
2458,00,0,01,11110011,00000000,00100100,0,1100
2459,10,0,10,10001110,01100010,10000011,0,0011
2460,00,0,01,11110100,00000000,00100101,0,1100
2461,00,0,01,11110110,00000000,00100111,0,1100
2462,00,0,01,01000110,00000000,01101101,0,1011
2463,10,0,10,10010000,01100010,10000100,0,0011
2464,00,0,00,00000000,00000000,00000000,0,0000
2465,00,0,01,11110101,00000000,00100110,0,1100
2466,00,0,00,00000000,00000000,00000000,0,0000
2467,10,0,10,10010010,01100010,10000101,0,0011
2468,00,0,01,01000111,00000000,01101111,0,1011
2469,00,0,00,00000000,00000000,00000000,0,0000
2470,00,0,00,00000000,00000000,00000000,0,0000
2471,10,0,10,10010100,01100010,10000110,0,0011
2472,00,0,00,00000000,00000000,00000000,0,0000
2473,00,0,00,00000000,00000000,00000000,0,0000
2474,00,0,01,01001000,00000000,01110001,0,1011
2475,10,0,10,10010110,01100010,10000111,0,0011
2476,00,0,00,00000000,00000000,00000000,0,0000
2477,00,0,00,00000000,00000000,00000000,0,0000
2478,00,0,00,00000000,00000000,00000000,0,0000
2479,10,0,10,01011000,00110100,01001000,0,0011
2480,00,0,01,01001001,00000000,01110011,0,1011
2481,00,0,00,00000000,00000000,00000000,0,0000
2482,00,0,00,00000000,00000000,00000000,0,0000
2483,10,0,10,01011001,00110100,01001010,0,0011
2484,00,0,00,00000000,00000000,00000000,0,0000
2485,00,0,00,00000000,00000000,00000000,0,0000
2486,00,0,01,01001010,00000000,01110101,0,1011
2487,10,0,10,01011010,00110100,01001100,0,0011
2488,00,0,00,00000000,00000000,00000000,0,0000
2489,00,0,00,00000000,00000000,00000000,0,0000
2490,00,0,00,00000000,00000000,00000000,0,0000
2491,10,0,10,01011011,00110100,01001110,0,0011
2492,00,0,01,01001011,00000000,01110111,0,1011
2493,00,0,00,00000000,00000000,00000000,0,0000
2494,00,0,00,00000000,00000000,00000000,0,0000
2495,10,0,10,01011100,00110100,01010000,0,0011
2496,00,0,00,00000000,00000000,00000000,0,0000
2497,00,0,00,00000000,00000000,00000000,0,0000
2498,00,0,01,01100011,00000000,10001001,0,1011
2499,10,0,10,01011101,00110100,01010010,0,0011
2500,00,0,00,00000000,00000000,00000000,0,0000
2501,00,0,00,00000000,00000000,00000000,0,0000
2502,00,0,00,00000000,00000000,00000000,0,0000
2503,10,0,10,01011110,00110100,01010100,0,0011
2504,00,0,00,00000000,00000000,00000000,0,0000
2505,00,0,01,01100100,00000000,10001011,0,1011
2506,00,0,00,00000000,00000000,00000000,0,0000
2507,10,0,10,01011111,00110100,01010110,0,0011
2508,00,0,00,00000000,00000000,00000000,0,0000
2509,00,0,00,00000000,00000000,00000000,0,0000
2510,00,0,01,01100101,00000000,10001101,0,1011
2511,10,0,10,10101000,10000001,10100000,0,0011
2512,00,0,00,00000000,00000000,00000000,0,0000
2513,00,0,00,00000000,00000000,00000000,0,0000
2514,00,0,00,00000000,00000000,00000000,0,0000
2515,10,0,10,10101010,10000001,10100001,0,0011
2516,00,0,01,01100110,00000000,10001111,0,1011
2517,00,0,00,00000000,00000000,00000000,0,0000
2518,00,0,00,00000000,00000000,00000000,0,0000
2519,10,0,10,10101100,10000001,10100010,0,0011
2520,00,0,00,00000000,00000000,00000000,0,0000
2521,00,0,01,00001111,00000000,01000001,0,1100
2522,00,0,01,01100111,00000000,10010001,0,1011
2523,10,0,10,10101110,10000001,10100011,0,0011
2524,00,0,01,00001110,00000000,01000000,0,1100
2525,00,0,01,00010000,00000000,01000010,0,1100
2526,00,0,01,00010001,00000000,01000011,0,1100
2527,10,0,10,10110000,10000001,10100100,0,0011
2528,00,0,01,01101000,00000000,10010011,0,1011
2529,00,0,01,00010010,00000000,01000100,0,1100
2530,00,0,01,00010011,00000000,01000101,0,1100
2531,10,0,10,10110010,10000001,10100101,0,0011
2532,00,0,01,00010100,00000000,01000110,0,1100
2533,00,0,01,00010101,00000000,01000111,0,1100
2534,00,0,01,01101001,00000000,10010101,0,1011
2535,10,0,10,10110100,10000001,10100110,0,0011
2536,00,0,00,00000000,00000000,00000000,0,0000
2537,00,0,00,00000000,00000000,00000000,0,0000
2538,00,0,00,00000000,00000000,00000000,0,0000
2539,10,0,10,10110110,10000001,10100111,0,0011
2540,00,0,01,01101010,00000000,10010111,0,1011
2541,00,0,00,00000000,00000000,00000000,0,0000
2542,00,0,00,00000000,00000000,00000000,0,0000
2543,10,0,10,11001010,10100000,11000001,0,0011
2544,00,0,00,00000000,00000000,00000000,0,0000
2545,00,0,00,00000000,00000000,00000000,0,0000
2546,00,0,01,10100001,00000000,11001001,0,1011
2547,10,0,10,01111000,01010011,01101000,0,0011
2548,00,0,00,00000000,00000000,00000000,0,0000
2549,00,0,00,00000000,00000000,00000000,0,0000
2550,00,0,00,00000000,00000000,00000000,0,0000
2551,10,0,10,01111001,01010011,01101010,0,0011
2552,00,0,00,00000000,00000000,00000000,0,0000
2553,00,0,01,10000010,00000000,10101001,0,1011
2554,00,0,00,00000000,00000000,00000000,0,0000
2555,10,0,10,01111010,01010011,01101100,0,0011
2556,00,0,00,00000000,00000000,00000000,0,0000
2557,00,0,00,00000000,00000000,00000000,0,0000
2558,00,0,01,10000011,00000000,10101011,0,1011
2559,10,0,10,01111011,01010011,01101110,0,0011
2560,00,0,00,00000000,00000000,00000000,0,0000
2561,00,0,00,00000000,00000000,00000000,0,0000
2562,00,0,00,00000000,00000000,00000000,0,0000
2563,10,0,10,01111100,01010011,01110000,0,0011
2564,00,0,01,10000100,00000000,10101101,0,1011
2565,00,0,00,00000000,00000000,00000000,0,0000
2566,00,0,00,00000000,00000000,00000000,0,0000
2567,10,0,10,01111101,01010011,01110010,0,0011
2568,00,0,00,00000000,00000000,00000000,0,0000
2569,00,0,00,00000000,00000000,00000000,0,0000
2570,00,0,01,10000101,00000000,10101111,0,1011
2571,10,0,10,01111110,01010011,01110100,0,0011
2572,00,0,00,00000000,00000000,00000000,0,0000
2573,00,0,00,00000000,00000000,00000000,0,0000
2574,00,0,00,00000000,00000000,00000000,0,0000
2575,10,0,10,01111111,01010011,01110110,0,0011
2576,00,0,01,10000110,00000000,10110001,0,1011
2577,00,0,00,00000000,00000000,00000000,0,0000
2578,00,0,00,00000000,00000000,00000000,0,0000
2579,10,0,10,11001100,10100000,11000010,0,0011
2580,00,0,00,00000000,00000000,00000000,0,0000
2581,00,0,00,00000000,00000000,00000000,0,0000
2582,00,0,01,10000111,00000000,10110011,0,1011
2583,10,0,10,11001110,10100000,11000011,0,0011
2584,00,0,00,00000000,00000000,00000000,0,0000
2585,00,0,00,00000000,00000000,00000000,0,0000
2586,00,0,00,00000000,00000000,00000000,0,0000
2587,00,0,00,00000000,00000000,00000000,0,0000
2588,00,0,01,10001000,00000000,10110101,0,1011
2589,00,0,00,00000000,00000000,00000000,0,0000
2590,00,0,01,00101101,00000000,01100000,0,1100
2591,00,0,01,00101110,00000000,01100001,0,1100
2592,00,0,01,00101111,00000000,01100010,0,1100
2593,00,0,10,11010000,10100000,11000100,0,0011
2594,00,0,01,10001001,00000000,10110111,0,1011
2595,00,0,10,10011000,01110010,10001000,0,0011
2596,00,0,10,10011001,01110010,10001010,0,0011
2597,10,0,10,10011010,01110010,10001100,0,0011
2598,00,0,01,00110000,00000000,01100011,0,1100
2599,00,0,01,00110010,00000000,01100101,0,1100
2600,00,0,01,10100010,00000000,11001011,0,1011
2601,10,0,10,10011011,01110010,10001110,0,0011
2602,00,0,01,00110011,00000000,01100110,0,1100
2603,00,0,01,00110001,00000000,01100100,0,1100
2604,00,0,01,00110100,00000000,01100111,0,1100
2605,10,0,10,10011100,01110010,10010000,0,0011
2606,00,0,00,00000000,00000000,00000000,0,0000
2607,00,0,00,00000000,00000000,00000000,0,0000
2608,00,0,00,00000000,00000000,00000000,0,0000
2609,10,0,10,10011110,01110010,10010100,0,0011
2610,00,0,00,00000000,00000000,00000000,0,0000
2611,00,0,00,00000000,00000000,00000000,0,0000
2612,00,0,00,00000000,00000000,00000000,0,0000
2613,10,0,10,10011101,01110010,10010010,0,0011
2614,00,0,00,00000000,00000000,00000000,0,0000
2615,00,0,00,00000000,00000000,00000000,0,0000
2616,00,0,00,00000000,00000000,00000000,0,0000
2617,00,0,00,00000000,00000000,00000000,0,0000
2618,00,0,00,00000000,00000000,00000000,0,0000
2619,00,0,01,10100011,00000000,11001101,0,1011
2620,00,0,00,00000000,00000000,00000000,0,0000
2621,00,0,00,00000000,00000000,00000000,0,0000
2622,00,0,00,00000000,00000000,00000000,0,0000
2623,00,0,00,00000000,00000000,00000000,0,0000
2624,00,0,10,10011111,01110010,10010110,0,0011
2625,00,0,01,10100100,00000000,11001111,0,1011
2626,00,0,10,11010010,10100000,11000101,0,0011
2627,00,0,10,11101000,10111111,11100000,0,0011
2628,00,0,10,11010100,10100000,11000110,0,0011
2629,00,0,10,11010110,10100000,11000111,0,0011
2630,00,0,10,11101010,10111111,11100001,0,0011
2631,00,0,01,10100101,00000000,11010001,0,1011
2632,00,0,10,11101100,10111111,11100010,0,0011
2633,00,0,10,11101110,10111111,11100011,0,0011
2634,00,0,10,11110000,10111111,11100100,0,0011
2635,00,0,10,11110010,10111111,11100101,0,0011
2636,00,0,10,11110100,10111111,11100110,0,0011
2637,00,0,10,00001000,11011110,00000000,0,0011
2638,00,0,10,11110110,10111111,11100111,0,0011
2639,00,0,10,00001010,11011110,00000001,0,0011
2640,00,0,10,00001100,11011110,00000010,0,0011
2641,10,0,10,00001110,11011110,00000011,0,0011
2642,00,0,01,01001100,00000000,10000000,0,1100
2643,00,0,01,01001101,00000000,10000001,0,1100
2644,00,0,01,01001110,00000000,10000010,0,1100
2645,10,0,10,00010000,11011110,00000100,0,0011
2646,00,0,01,01001111,00000000,10000011,0,1100
2647,00,0,01,01010000,00000000,10000100,0,1100
2648,00,0,01,01010001,00000000,10000101,0,1100
2649,10,0,10,10111000,10010001,10101000,0,0011
2650,00,0,01,01010010,00000000,10000110,0,1100
2651,00,0,01,01010011,00000000,10000111,0,1100
2652,00,0,00,00000000,00000000,00000000,0,0000
2653,10,0,10,10111001,10010001,10101010,0,0011
2654,00,0,00,00000000,00000000,00000000,0,0000
2655,00,0,00,00000000,00000000,00000000,0,0000
2656,00,0,00,00000000,00000000,00000000,0,0000
2657,10,0,10,10111010,10010001,10101100,0,0011
2658,00,0,00,00000000,00000000,00000000,0,0000
2659,00,0,00,00000000,00000000,00000000,0,0000
2660,00,0,00,00000000,00000000,00000000,0,0000
2661,10,0,10,10111011,10010001,10101110,0,0011
2662,00,0,00,00000000,00000000,00000000,0,0000
2663,00,0,00,00000000,00000000,00000000,0,0000
2664,00,0,01,10100110,00000000,11010011,0,1011
2665,10,0,10,10111100,10010001,10110000,0,0011
2666,00,0,00,00000000,00000000,00000000,0,0000
2667,00,0,00,00000000,00000000,00000000,0,0000
2668,00,0,00,00000000,00000000,00000000,0,0000
2669,10,0,10,10111101,10010001,10110010,0,0011
2670,00,0,01,10100111,00000000,11010101,0,1011
2671,00,0,00,00000000,00000000,00000000,0,0000
2672,00,0,00,00000000,00000000,00000000,0,0000
2673,10,0,10,10111110,10010001,10110100,0,0011
2674,00,0,00,00000000,00000000,00000000,0,0000
2675,00,0,01,10101000,00000000,11010111,0,1011
2676,00,0,00,00000000,00000000,00000000,0,0000
2677,10,0,10,00010010,11011110,00000101,0,0011
2678,00,0,00,00000000,00000000,00000000,0,0000
2679,00,0,00,00000000,00000000,00000000,0,0000
2680,00,0,00,00000000,00000000,00000000,0,0000
2681,00,0,01,11000000,00000000,11101001,0,1011
2682,10,0,10,10111111,10010001,10110110,0,0011
2683,00,0,00,00000000,00000000,00000000,0,0000
2684,00,0,00,00000000,00000000,00000000,0,0000
2685,00,0,00,00000000,00000000,00000000,0,0000
2686,10,0,10,00010100,11011110,00000110,0,0011
2687,00,0,01,11000001,00000000,11101011,0,1011
2688,00,0,00,00000000,00000000,00000000,0,0000
2689,00,0,00,00000000,00000000,00000000,0,0000
2690,10,0,10,00010110,11011110,00000111,0,0011
2691,00,0,00,00000000,00000000,00000000,0,0000
2692,00,0,00,00000000,00000000,00000000,0,0000
2693,00,0,01,11000010,00000000,11101101,0,1011
2694,10,0,10,00101000,11111101,00100000,0,0011
2695,00,0,01,01101011,00000000,10100000,0,1100
2696,00,0,00,00000000,00000000,00000000,0,0000
2697,00,0,01,01101100,00000000,10100001,0,1100
2698,10,0,10,00101010,11111101,00100001,0,0011
2699,00,0,01,11000100,00000000,11110001,0,1011
2700,00,0,01,01101101,00000000,10100010,0,1100
2701,00,0,01,01101110,00000000,10100011,0,1100
2702,10,0,10,01001000,00011100,01000000,0,0011
2703,00,0,01,01101111,00000000,10100100,0,1100
2704,00,0,00,00000000,00000000,00000000,0,0000
2705,00,0,01,11000011,00000000,11101111,0,1011
2706,10,0,10,00101100,11111101,00100010,0,0011
2707,00,0,01,01110000,00000000,10100101,0,1100
2708,00,0,01,01110001,00000000,10100110,0,1100
2709,00,0,01,01110010,00000000,10100111,0,1100
2710,10,0,10,00101110,11111101,00100011,0,0011
2711,00,0,01,11000101,00000000,11110011,0,1011
2712,00,0,00,00000000,00000000,00000000,0,0000
2713,00,0,00,00000000,00000000,00000000,0,0000
2714,10,0,10,00110000,11111101,00100100,0,0011
2715,00,0,00,00000000,00000000,00000000,0,0000
2716,00,0,00,00000000,00000000,00000000,0,0000
2717,00,0,01,11000110,00000000,11110101,0,1011
2718,10,0,10,00110010,11111101,00100101,0,0011
2719,00,0,00,00000000,00000000,00000000,0,0000
2720,00,0,00,00000000,00000000,00000000,0,0000
2721,00,0,00,00000000,00000000,00000000,0,0000
2722,10,0,10,00110100,11111101,00100110,0,0011
2723,00,0,01,11000111,00000000,11110111,0,1011
2724,00,0,00,00000000,00000000,00000000,0,0000
2725,00,0,00,00000000,00000000,00000000,0,0000
2726,10,0,10,00110110,11111101,00100111,0,0011
2727,00,0,00,00000000,00000000,00000000,0,0000
2728,00,0,00,00000000,00000000,00000000,0,0000
2729,00,0,01,11011111,00000000,00001001,0,1011
2730,10,0,10,01001010,00011100,01000001,0,0011
2731,00,0,00,00000000,00000000,00000000,0,0000
2732,00,0,00,00000000,00000000,00000000,0,0000
2733,00,0,00,00000000,00000000,00000000,0,0000
2734,10,0,10,11011000,10110000,11001000,0,0011
2735,00,0,00,00000000,00000000,00000000,0,0000
2736,00,0,01,11100000,00000000,00001011,0,1011
2737,00,0,00,00000000,00000000,00000000,0,0000
2738,10,0,10,11011001,10110000,11001010,0,0011
2739,00,0,00,00000000,00000000,00000000,0,0000
2740,00,0,00,00000000,00000000,00000000,0,0000
2741,00,0,01,11100001,00000000,00001101,0,1011
2742,10,0,10,11011010,10110000,11001100,0,0011
2743,00,0,00,00000000,00000000,00000000,0,0000
2744,00,0,00,00000000,00000000,00000000,0,0000
2745,00,0,00,00000000,00000000,00000000,0,0000
2746,10,0,10,11011011,10110000,11001110,0,0011
2747,00,0,01,11100010,00000000,00001111,0,1011
2748,00,0,00,00000000,00000000,00000000,0,0000
2749,00,0,00,00000000,00000000,00000000,0,0000
2750,10,0,10,11011100,10110000,11010000,0,0011
2751,00,0,00,00000000,00000000,00000000,0,0000
2752,00,0,00,00000000,00000000,00000000,0,0000
2753,00,0,01,11100011,00000000,00010001,0,1011
2754,10,0,10,11011101,10110000,11010010,0,0011
2755,00,0,00,00000000,00000000,00000000,0,0000
2756,00,0,00,00000000,00000000,00000000,0,0000
2757,00,0,00,00000000,00000000,00000000,0,0000
2758,10,0,10,11011110,10110000,11010100,0,0011
2759,00,0,01,11100100,00000000,00010011,0,1011
2760,00,0,00,00000000,00000000,00000000,0,0000
2761,00,0,00,00000000,00000000,00000000,0,0000
2762,10,0,10,11011111,10110000,11010110,0,0011
2763,00,0,00,00000000,00000000,00000000,0,0000
2764,00,0,00,00000000,00000000,00000000,0,0000
2765,00,0,01,11100101,00000000,00010101,0,1011
2766,10,0,10,01001100,00011100,01000010,0,0011
2767,00,0,00,00000000,00000000,00000000,0,0000
2768,00,0,00,00000000,00000000,00000000,0,0000
2769,00,0,00,00000000,00000000,00000000,0,0000
2770,10,0,10,01001110,00011100,01000011,0,0011
2771,00,0,01,11100110,00000000,00010111,0,1011
2772,00,0,00,00000000,00000000,00000000,0,0000
2773,00,0,00,00000000,00000000,00000000,0,0000
2774,10,0,10,01010000,00011100,01000100,0,0011
2775,00,0,00,00000000,00000000,00000000,0,0000
2776,00,0,01,10001011,00000000,11000001,0,1100
2777,00,0,01,11111110,00000000,00101001,0,1011
2778,10,0,10,11111000,11001111,11101000,0,0011
2779,00,0,01,10001010,00000000,11000000,0,1100
2780,00,0,01,10001100,00000000,11000010,0,1100
2781,00,0,01,10001101,00000000,11000011,0,1100
2782,10,0,10,11111001,11001111,11101010,0,0011
2783,00,0,00,00000000,00000000,00000000,0,0000
2784,00,0,01,11111111,00000000,00101011,0,1011
2785,00,0,01,10001110,00000000,11000100,0,1100
2786,10,0,10,11111010,11001111,11101100,0,0011
2787,00,0,01,10001111,00000000,11000101,0,1100
2788,00,0,01,10010000,00000000,11000110,0,1100
2789,00,0,01,00000000,00000000,00101101,0,1011
2790,10,0,10,11111011,11001111,11101110,0,0011
2791,00,0,01,10010001,00000000,11000111,0,1100
2792,00,0,00,00000000,00000000,00000000,0,0000
2793,00,0,00,00000000,00000000,00000000,0,0000
2794,10,0,10,11111100,11001111,11110000,0,0011
2795,00,0,01,00000001,00000000,00101111,0,1011
2796,00,0,00,00000000,00000000,00000000,0,0000
2797,00,0,00,00000000,00000000,00000000,0,0000
2798,10,0,10,11111101,11001111,11110010,0,0011
2799,00,0,00,00000000,00000000,00000000,0,0000
2800,00,0,00,00000000,00000000,00000000,0,0000
2801,00,0,01,00000010,00000000,00110001,0,1011
2802,10,0,10,11111110,11001111,11110100,0,0011
2803,00,0,00,00000000,00000000,00000000,0,0000
2804,00,0,00,00000000,00000000,00000000,0,0000
2805,00,0,00,00000000,00000000,00000000,0,0000
2806,10,0,10,11111111,11001111,11110110,0,0011
2807,00,0,01,00000011,00000000,00110011,0,1011
2808,00,0,00,00000000,00000000,00000000,0,0000
2809,00,0,00,00000000,00000000,00000000,0,0000
2810,10,0,10,01010010,00011100,01000101,0,0011
2811,00,0,00,00000000,00000000,00000000,0,0000
2812,00,0,00,00000000,00000000,00000000,0,0000
2813,00,0,01,00000100,00000000,00110101,0,1011
2814,10,0,10,01010100,00011100,01000110,0,0011
2815,00,0,00,00000000,00000000,00000000,0,0000
2816,00,0,00,00000000,00000000,00000000,0,0000
2817,00,0,00,00000000,00000000,00000000,0,0000
2818,10,0,10,01010110,00011100,01000111,0,0011
2819,00,0,01,00000101,00000000,00110111,0,1011
2820,00,0,01,10101001,00000000,11100000,0,1100
2821,00,0,01,10101010,00000000,11100001,0,1100
2822,10,0,10,01101000,00111011,01100000,0,0011
2823,00,0,01,10101011,00000000,11100010,0,1100
2824,00,0,01,10101100,00000000,11100011,0,1100
2825,00,0,01,00011101,00000000,01001001,0,1011
2826,10,0,10,00011000,11101110,00001000,0,0011
2827,00,0,01,10101101,00000000,11100100,0,1100
2828,00,0,01,10101110,00000000,11100101,0,1100
2829,00,0,01,10101111,00000000,11100110,0,1100
2830,10,0,10,00011001,11101110,00001010,0,0011
2831,00,0,00,00000000,00000000,00000000,0,0000
2832,00,0,01,00011110,00000000,01001011,0,1011
2833,00,0,01,10110000,00000000,11100111,0,1100
2834,10,0,10,00011010,11101110,00001100,0,0011
2835,00,0,00,00000000,00000000,00000000,0,0000
2836,00,0,00,00000000,00000000,00000000,0,0000
2837,00,0,01,00011111,00000000,01001101,0,1011
2838,10,0,10,00011011,11101110,00001110,0,0011
2839,00,0,00,00000000,00000000,00000000,0,0000
2840,00,0,00,00000000,00000000,00000000,0,0000
2841,00,0,00,00000000,00000000,00000000,0,0000
2842,10,0,10,00011100,11101110,00010000,0,0011
2843,00,0,01,00100000,00000000,01001111,0,1011
2844,00,0,00,00000000,00000000,00000000,0,0000
2845,00,0,00,00000000,00000000,00000000,0,0000
2846,10,0,10,00011101,11101110,00010010,0,0011
2847,00,0,00,00000000,00000000,00000000,0,0000
2848,00,0,00,00000000,00000000,00000000,0,0000
2849,00,0,01,00100001,00000000,01010001,0,1011
2850,10,0,10,00011110,11101110,00010100,0,0011
2851,00,0,00,00000000,00000000,00000000,0,0000
2852,00,0,00,00000000,00000000,00000000,0,0000
2853,00,0,00,00000000,00000000,00000000,0,0000
2854,10,0,10,00011111,11101110,00010110,0,0011
2855,00,0,01,00100010,00000000,01010011,0,1011
2856,00,0,00,00000000,00000000,00000000,0,0000
2857,00,0,00,00000000,00000000,00000000,0,0000
2858,00,0,00,00000000,00000000,00000000,0,0000
2859,00,0,00,00000000,00000000,00000000,0,0000
2860,00,0,00,00000000,00000000,00000000,0,0000
2861,00,0,01,00100011,00000000,01010101,0,1011
2862,00,0,00,00000000,00000000,00000000,0,0000
2863,00,0,00,00000000,00000000,00000000,0,0000
2864,00,0,00,00000000,00000000,00000000,0,0000
2865,00,0,00,00000000,00000000,00000000,0,0000
2866,00,0,10,01101010,00111011,01100001,0,0011
2867,00,0,01,00100100,00000000,01010111,0,1011
2868,00,0,10,01101100,00111011,01100010,0,0011
2869,00,0,10,01101110,00111011,01100011,0,0011
2870,00,0,10,01110000,00111011,01100100,0,0011
2871,00,0,10,01110010,00111011,01100101,0,0011
2872,00,0,10,01110100,00111011,01100110,0,0011
2873,00,0,01,00111100,00000000,01101001,0,1011
2874,00,0,10,00111000,00001101,00101000,0,0011
2875,00,0,10,00111001,00001101,00101010,0,0011
2876,00,0,10,00111010,00001101,00101100,0,0011
2877,00,0,10,00111011,00001101,00101110,0,0011
2878,00,0,10,00111100,00001101,00110000,0,0011
2879,00,0,10,00111101,00001101,00110010,0,0011
2880,00,0,10,00111110,00001101,00110100,0,0011
2881,10,0,10,00111111,00001101,00110110,0,0011
2882,00,0,01,11001000,00000000,00000000,0,1100
2883,00,0,01,11001001,00000000,00000001,0,1100
2884,00,0,01,11001010,00000000,00000010,0,1100
2885,00,0,00,00000000,00000000,00000000,0,0000
2886,10,0,10,01110110,00111011,01100111,0,0011
2887,00,0,00,00000000,00000000,00000000,0,0000
2888,00,0,01,11001011,00000000,00000011,0,1100
2889,00,0,01,11001100,00000000,00000100,0,1100
2890,10,0,10,10001000,01011010,10000000,0,0011
2891,00,0,00,00000000,00000000,00000000,0,0000
2892,00,0,01,11001101,00000000,00000101,0,1100
2893,00,0,01,11001110,00000000,00000110,0,1100
2894,10,0,10,11001000,10011000,11000000,0,0011
2895,00,0,01,11001111,00000000,00000111,0,1100
2896,00,0,01,11100111,00000000,00100000,0,1100
2897,00,0,01,11101000,00000000,00100001,0,1100
2898,10,0,10,10001010,01011010,10000001,0,0011
2899,00,0,01,11101001,00000000,00100010,0,1100
2900,00,0,00,00000000,00000000,00000000,0,0000
2901,00,0,01,11101010,00000000,00100011,0,1100
2902,10,0,10,10001100,01011010,10000010,0,0011
2903,00,0,01,00111101,00000000,01101011,0,1011
2904,00,0,00,00000000,00000000,00000000,0,0000
2905,00,0,01,11101011,00000000,00100100,0,1100
2906,10,0,10,10001110,01011010,10000011,0,0011
2907,00,0,01,11101100,00000000,00100101,0,1100
2908,00,0,01,11101110,00000000,00100111,0,1100
2909,00,0,01,00111110,00000000,01101101,0,1011
2910,10,0,10,10010000,01011010,10000100,0,0011
2911,00,0,00,00000000,00000000,00000000,0,0000
2912,00,0,01,11101101,00000000,00100110,0,1100
2913,00,0,00,00000000,00000000,00000000,0,0000
2914,10,0,10,10010010,01011010,10000101,0,0011
2915,00,0,01,00111111,00000000,01101111,0,1011
2916,00,0,00,00000000,00000000,00000000,0,0000
2917,00,0,00,00000000,00000000,00000000,0,0000
2918,10,0,10,10010100,01011010,10000110,0,0011
2919,00,0,00,00000000,00000000,00000000,0,0000
2920,00,0,00,00000000,00000000,00000000,0,0000
2921,00,0,01,01000000,00000000,01110001,0,1011
2922,10,0,10,10010110,01011010,10000111,0,0011
2923,00,0,00,00000000,00000000,00000000,0,0000
2924,00,0,00,00000000,00000000,00000000,0,0000
2925,00,0,00,00000000,00000000,00000000,0,0000
2926,10,0,10,01011000,00101100,01001000,0,0011
2927,00,0,01,01000001,00000000,01110011,0,1011
2928,00,0,00,00000000,00000000,00000000,0,0000
2929,00,0,00,00000000,00000000,00000000,0,0000
2930,10,0,10,01011001,00101100,01001010,0,0011
2931,00,0,00,00000000,00000000,00000000,0,0000
2932,00,0,00,00000000,00000000,00000000,0,0000
2933,00,0,01,01000010,00000000,01110101,0,1011
2934,10,0,10,01011010,00101100,01001100,0,0011
2935,00,0,00,00000000,00000000,00000000,0,0000
2936,00,0,00,00000000,00000000,00000000,0,0000
2937,00,0,00,00000000,00000000,00000000,0,0000
2938,10,0,10,01011011,00101100,01001110,0,0011
2939,00,0,01,01000011,00000000,01110111,0,1011
2940,00,0,00,00000000,00000000,00000000,0,0000
2941,00,0,00,00000000,00000000,00000000,0,0000
2942,10,0,10,01011100,00101100,01010000,0,0011
2943,00,0,00,00000000,00000000,00000000,0,0000
2944,00,0,00,00000000,00000000,00000000,0,0000
2945,00,0,01,01011011,00000000,10001001,0,1011
2946,10,0,10,01011101,00101100,01010010,0,0011
2947,00,0,00,00000000,00000000,00000000,0,0000
2948,00,0,00,00000000,00000000,00000000,0,0000
2949,00,0,00,00000000,00000000,00000000,0,0000
2950,10,0,10,01011110,00101100,01010100,0,0011
2951,00,0,00,00000000,00000000,00000000,0,0000
2952,00,0,01,01011100,00000000,10001011,0,1011
2953,00,0,00,00000000,00000000,00000000,0,0000
2954,10,0,10,01011111,00101100,01010110,0,0011
2955,00,0,00,00000000,00000000,00000000,0,0000
2956,00,0,00,00000000,00000000,00000000,0,0000
2957,00,0,01,01011101,00000000,10001101,0,1011
2958,10,0,10,10101000,01111001,10100000,0,0011
2959,00,0,00,00000000,00000000,00000000,0,0000
2960,00,0,00,00000000,00000000,00000000,0,0000
2961,00,0,00,00000000,00000000,00000000,0,0000
2962,10,0,10,10101010,01111001,10100001,0,0011
2963,00,0,01,01011110,00000000,10001111,0,1011
2964,00,0,00,00000000,00000000,00000000,0,0000
2965,00,0,00,00000000,00000000,00000000,0,0000
2966,10,0,10,10101100,01111001,10100010,0,0011
2967,00,0,00,00000000,00000000,00000000,0,0000
2968,00,0,01,00000111,00000000,01000001,0,1100
2969,00,0,01,01011111,00000000,10010001,0,1011
2970,10,0,10,10101110,01111001,10100011,0,0011
2971,00,0,01,00000110,00000000,01000000,0,1100
2972,00,0,01,00001000,00000000,01000010,0,1100
2973,00,0,01,00001001,00000000,01000011,0,1100
2974,10,0,10,10110000,01111001,10100100,0,0011
2975,00,0,01,01100000,00000000,10010011,0,1011
2976,00,0,01,00001010,00000000,01000100,0,1100
2977,00,0,01,00001011,00000000,01000101,0,1100
2978,10,0,10,10110010,01111001,10100101,0,0011
2979,00,0,01,00001100,00000000,01000110,0,1100
2980,00,0,01,00001101,00000000,01000111,0,1100
2981,00,0,01,01100001,00000000,10010101,0,1011
2982,10,0,10,10110100,01111001,10100110,0,0011
2983,00,0,00,00000000,00000000,00000000,0,0000
2984,00,0,00,00000000,00000000,00000000,0,0000
2985,00,0,00,00000000,00000000,00000000,0,0000
2986,10,0,10,10110110,01111001,10100111,0,0011
2987,00,0,01,01100010,00000000,10010111,0,1011
2988,00,0,00,00000000,00000000,00000000,0,0000
2989,00,0,00,00000000,00000000,00000000,0,0000
2990,10,0,10,11001010,10011000,11000001,0,0011
2991,00,0,00,00000000,00000000,00000000,0,0000
2992,00,0,00,00000000,00000000,00000000,0,0000
2993,00,0,01,10011001,00000000,11001001,0,1011
2994,10,0,10,01111000,01001011,01101000,0,0011
2995,00,0,00,00000000,00000000,00000000,0,0000
2996,00,0,00,00000000,00000000,00000000,0,0000
2997,00,0,00,00000000,00000000,00000000,0,0000
2998,10,0,10,01111001,01001011,01101010,0,0011
2999,00,0,00,00000000,00000000,00000000,0,0000
3000,00,0,01,01111010,00000000,10101001,0,1011
3001,00,0,00,00000000,00000000,00000000,0,0000
3002,10,0,10,01111010,01001011,01101100,0,0011
3003,00,0,00,00000000,00000000,00000000,0,0000
3004,00,0,00,00000000,00000000,00000000,0,0000
3005,00,0,01,01111011,00000000,10101011,0,1011
3006,10,0,10,01111011,01001011,01101110,0,0011
3007,00,0,00,00000000,00000000,00000000,0,0000
3008,00,0,00,00000000,00000000,00000000,0,0000
3009,00,0,00,00000000,00000000,00000000,0,0000
3010,10,0,10,01111100,01001011,01110000,0,0011
3011,00,0,01,01111100,00000000,10101101,0,1011
3012,00,0,00,00000000,00000000,00000000,0,0000
3013,00,0,00,00000000,00000000,00000000,0,0000
3014,10,0,10,01111101,01001011,01110010,0,0011
3015,00,0,00,00000000,00000000,00000000,0,0000
3016,00,0,00,00000000,00000000,00000000,0,0000
3017,00,0,01,01111101,00000000,10101111,0,1011
3018,10,0,10,01111110,01001011,01110100,0,0011
3019,00,0,00,00000000,00000000,00000000,0,0000
3020,00,0,00,00000000,00000000,00000000,0,0000
3021,00,0,00,00000000,00000000,00000000,0,0000
3022,10,0,10,01111111,01001011,01110110,0,0011
3023,00,0,01,01111110,00000000,10110001,0,1011
3024,00,0,00,00000000,00000000,00000000,0,0000
3025,00,0,00,00000000,00000000,00000000,0,0000
3026,10,0,10,11001100,10011000,11000010,0,0011
3027,00,0,00,00000000,00000000,00000000,0,0000
3028,00,0,00,00000000,00000000,00000000,0,0000
3029,00,0,01,01111111,00000000,10110011,0,1011
3030,10,0,10,11001110,10011000,11000011,0,0011
3031,00,0,00,00000000,00000000,00000000,0,0000
3032,00,0,00,00000000,00000000,00000000,0,0000
3033,00,0,00,00000000,00000000,00000000,0,0000
3034,00,0,00,00000000,00000000,00000000,0,0000
3035,00,0,01,10000000,00000000,10110101,0,1011
3036,00,0,00,00000000,00000000,00000000,0,0000
3037,00,0,01,00100101,00000000,01100000,0,1100
3038,00,0,01,00100110,00000000,01100001,0,1100
3039,00,0,01,00100111,00000000,01100010,0,1100
3040,00,0,10,11010000,10011000,11000100,0,0011
3041,00,0,01,10000001,00000000,10110111,0,1011
3042,00,0,10,10011000,01101010,10001000,0,0011
3043,00,0,10,10011001,01101010,10001010,0,0011
3044,10,0,10,10011010,01101010,10001100,0,0011
3045,00,0,01,00101000,00000000,01100011,0,1100
3046,00,0,01,00101010,00000000,01100101,0,1100
3047,00,0,01,10011010,00000000,11001011,0,1011
3048,10,0,10,10011011,01101010,10001110,0,0011
3049,00,0,01,00101011,00000000,01100110,0,1100
3050,00,0,01,00101001,00000000,01100100,0,1100
3051,00,0,01,00101100,00000000,01100111,0,1100
3052,10,0,10,10011100,01101010,10010000,0,0011
3053,00,0,00,00000000,00000000,00000000,0,0000
3054,00,0,00,00000000,00000000,00000000,0,0000
3055,00,0,00,00000000,00000000,00000000,0,0000
3056,10,0,10,10011110,01101010,10010100,0,0011
3057,00,0,00,00000000,00000000,00000000,0,0000
3058,00,0,00,00000000,00000000,00000000,0,0000
3059,00,0,00,00000000,00000000,00000000,0,0000
3060,10,0,10,10011101,01101010,10010010,0,0011
3061,00,0,00,00000000,00000000,00000000,0,0000
3062,00,0,00,00000000,00000000,00000000,0,0000
3063,00,0,00,00000000,00000000,00000000,0,0000
3064,00,0,00,00000000,00000000,00000000,0,0000
3065,00,0,00,00000000,00000000,00000000,0,0000
3066,00,0,01,10011011,00000000,11001101,0,1011
3067,00,0,00,00000000,00000000,00000000,0,0000
3068,00,0,00,00000000,00000000,00000000,0,0000
3069,00,0,00,00000000,00000000,00000000,0,0000
3070,00,0,00,00000000,00000000,00000000,0,0000
3071,00,0,10,10011111,01101010,10010110,0,0011
3072,00,0,01,10011100,00000000,11001111,0,1011
3073,00,0,10,11010010,10011000,11000101,0,0011
3074,00,0,10,11101000,10110111,11100000,0,0011
3075,00,0,10,11010100,10011000,11000110,0,0011
3076,00,0,10,11010110,10011000,11000111,0,0011
3077,00,0,10,11101010,10110111,11100001,0,0011
3078,00,0,01,10011101,00000000,11010001,0,1011
3079,00,0,10,11101100,10110111,11100010,0,0011
3080,00,0,10,11101110,10110111,11100011,0,0011
3081,00,0,10,11110000,10110111,11100100,0,0011
3082,00,0,10,11110010,10110111,11100101,0,0011
3083,00,0,10,11110100,10110111,11100110,0,0011
3084,00,0,10,00001000,11010110,00000000,0,0011
3085,00,0,10,11110110,10110111,11100111,0,0011
3086,00,0,10,00001010,11010110,00000001,0,0011
3087,00,0,10,00001100,11010110,00000010,0,0011
3088,10,0,10,00001110,11010110,00000011,0,0011
3089,00,0,01,01000100,00000000,10000000,0,1100
3090,00,0,01,01000101,00000000,10000001,0,1100
3091,00,0,01,01000110,00000000,10000010,0,1100
3092,10,0,10,00010000,11010110,00000100,0,0011
3093,00,0,01,01000111,00000000,10000011,0,1100
3094,00,0,01,01001000,00000000,10000100,0,1100
3095,00,0,01,01001001,00000000,10000101,0,1100
3096,10,0,10,10111000,10001001,10101000,0,0011
3097,00,0,01,01001010,00000000,10000110,0,1100
3098,00,0,01,01001011,00000000,10000111,0,1100
3099,00,0,00,00000000,00000000,00000000,0,0000
3100,10,0,10,10111001,10001001,10101010,0,0011
3101,00,0,00,00000000,00000000,00000000,0,0000
3102,00,0,00,00000000,00000000,00000000,0,0000
3103,00,0,00,00000000,00000000,00000000,0,0000
3104,10,0,10,10111010,10001001,10101100,0,0011
3105,00,0,00,00000000,00000000,00000000,0,0000
3106,00,0,00,00000000,00000000,00000000,0,0000
3107,00,0,00,00000000,00000000,00000000,0,0000
3108,10,0,10,10111011,10001001,10101110,0,0011
3109,00,0,00,00000000,00000000,00000000,0,0000
3110,00,0,00,00000000,00000000,00000000,0,0000
3111,00,0,01,10011110,00000000,11010011,0,1011
3112,10,0,10,10111100,10001001,10110000,0,0011
3113,00,0,00,00000000,00000000,00000000,0,0000
3114,00,0,00,00000000,00000000,00000000,0,0000
3115,00,0,00,00000000,00000000,00000000,0,0000
3116,10,0,10,10111101,10001001,10110010,0,0011
3117,00,0,01,10011111,00000000,11010101,0,1011
3118,00,0,00,00000000,00000000,00000000,0,0000
3119,00,0,00,00000000,00000000,00000000,0,0000
3120,10,0,10,10111110,10001001,10110100,0,0011
3121,00,0,00,00000000,00000000,00000000,0,0000
3122,00,0,01,10100000,00000000,11010111,0,1011
3123,00,0,00,00000000,00000000,00000000,0,0000
3124,10,0,10,00010010,11010110,00000101,0,0011
3125,00,0,00,00000000,00000000,00000000,0,0000
3126,00,0,00,00000000,00000000,00000000,0,0000
3127,00,0,00,00000000,00000000,00000000,0,0000
3128,00,0,01,10111000,00000000,11101001,0,1011
3129,10,0,10,10111111,10001001,10110110,0,0011
3130,00,0,00,00000000,00000000,00000000,0,0000
3131,00,0,00,00000000,00000000,00000000,0,0000
3132,00,0,00,00000000,00000000,00000000,0,0000
3133,10,0,10,00010100,11010110,00000110,0,0011
3134,00,0,01,10111001,00000000,11101011,0,1011
3135,00,0,00,00000000,00000000,00000000,0,0000
3136,00,0,00,00000000,00000000,00000000,0,0000
3137,10,0,10,00010110,11010110,00000111,0,0011
3138,00,0,00,00000000,00000000,00000000,0,0000
3139,00,0,00,00000000,00000000,00000000,0,0000
3140,00,0,01,10111010,00000000,11101101,0,1011
3141,10,0,10,00101000,11110101,00100000,0,0011
3142,00,0,01,01100011,00000000,10100000,0,1100
3143,00,0,00,00000000,00000000,00000000,0,0000
3144,00,0,01,01100100,00000000,10100001,0,1100
3145,10,0,10,00101010,11110101,00100001,0,0011
3146,00,0,01,10111100,00000000,11110001,0,1011
3147,00,0,01,01100101,00000000,10100010,0,1100
3148,00,0,01,01100110,00000000,10100011,0,1100
3149,10,0,10,01001000,00010100,01000000,0,0011
3150,00,0,01,01100111,00000000,10100100,0,1100
3151,00,0,00,00000000,00000000,00000000,0,0000
3152,00,0,01,10111011,00000000,11101111,0,1011
3153,10,0,10,00101100,11110101,00100010,0,0011
3154,00,0,01,01101000,00000000,10100101,0,1100
3155,00,0,01,01101001,00000000,10100110,0,1100
3156,00,0,01,01101010,00000000,10100111,0,1100
3157,10,0,10,00101110,11110101,00100011,0,0011
3158,00,0,01,10111101,00000000,11110011,0,1011
3159,00,0,00,00000000,00000000,00000000,0,0000
3160,00,0,00,00000000,00000000,00000000,0,0000
3161,10,0,10,00110000,11110101,00100100,0,0011
3162,00,0,00,00000000,00000000,00000000,0,0000
3163,00,0,00,00000000,00000000,00000000,0,0000
3164,00,0,01,10111110,00000000,11110101,0,1011
3165,10,0,10,00110010,11110101,00100101,0,0011
3166,00,0,00,00000000,00000000,00000000,0,0000
3167,00,0,00,00000000,00000000,00000000,0,0000
3168,00,0,00,00000000,00000000,00000000,0,0000
3169,10,0,10,00110100,11110101,00100110,0,0011
3170,00,0,01,10111111,00000000,11110111,0,1011
3171,00,0,00,00000000,00000000,00000000,0,0000
3172,00,0,00,00000000,00000000,00000000,0,0000
3173,10,0,10,00110110,11110101,00100111,0,0011
3174,00,0,00,00000000,00000000,00000000,0,0000
3175,00,0,00,00000000,00000000,00000000,0,0000
3176,00,0,01,11010111,00000000,00001001,0,1011
3177,10,0,10,01001010,00010100,01000001,0,0011
3178,00,0,00,00000000,00000000,00000000,0,0000
3179,00,0,00,00000000,00000000,00000000,0,0000
3180,00,0,00,00000000,00000000,00000000,0,0000
3181,10,0,10,11011000,10101000,11001000,0,0011
3182,00,0,00,00000000,00000000,00000000,0,0000
3183,00,0,01,11011000,00000000,00001011,0,1011
3184,00,0,00,00000000,00000000,00000000,0,0000
3185,10,0,10,11011001,10101000,11001010,0,0011
3186,00,0,00,00000000,00000000,00000000,0,0000
3187,00,0,00,00000000,00000000,00000000,0,0000
3188,00,0,01,11011001,00000000,00001101,0,1011
3189,10,0,10,11011010,10101000,11001100,0,0011
3190,00,0,00,00000000,00000000,00000000,0,0000
3191,00,0,00,00000000,00000000,00000000,0,0000
3192,00,0,00,00000000,00000000,00000000,0,0000
3193,10,0,10,11011011,10101000,11001110,0,0011
3194,00,0,01,11011010,00000000,00001111,0,1011
3195,00,0,00,00000000,00000000,00000000,0,0000
3196,00,0,00,00000000,00000000,00000000,0,0000
3197,10,0,10,11011100,10101000,11010000,0,0011
3198,00,0,00,00000000,00000000,00000000,0,0000
3199,00,0,00,00000000,00000000,00000000,0,0000
3200,00,0,01,11011011,00000000,00010001,0,1011
3201,10,0,10,11011101,10101000,11010010,0,0011
3202,00,0,00,00000000,00000000,00000000,0,0000
3203,00,0,00,00000000,00000000,00000000,0,0000
3204,00,0,00,00000000,00000000,00000000,0,0000
3205,10,0,10,11011110,10101000,11010100,0,0011
3206,00,0,01,11011100,00000000,00010011,0,1011
3207,00,0,00,00000000,00000000,00000000,0,0000
3208,00,0,00,00000000,00000000,00000000,0,0000
3209,10,0,10,11011111,10101000,11010110,0,0011
3210,00,0,00,00000000,00000000,00000000,0,0000
3211,00,0,00,00000000,00000000,00000000,0,0000
3212,00,0,01,11011101,00000000,00010101,0,1011
3213,10,0,10,01001100,00010100,01000010,0,0011
3214,00,0,00,00000000,00000000,00000000,0,0000
3215,00,0,00,00000000,00000000,00000000,0,0000
3216,00,0,00,00000000,00000000,00000000,0,0000
3217,10,0,10,01001110,00010100,01000011,0,0011
3218,00,0,01,11011110,00000000,00010111,0,1011
3219,00,0,00,00000000,00000000,00000000,0,0000
3220,00,0,00,00000000,00000000,00000000,0,0000
3221,10,0,10,01010000,00010100,01000100,0,0011
3222,00,0,00,00000000,00000000,00000000,0,0000
3223,00,0,01,10000011,00000000,11000001,0,1100
3224,00,0,01,11110110,00000000,00101001,0,1011
3225,10,0,10,11111000,11000111,11101000,0,0011
3226,00,0,01,10000010,00000000,11000000,0,1100
3227,00,0,01,10000100,00000000,11000010,0,1100
3228,00,0,01,10000101,00000000,11000011,0,1100
3229,10,0,10,11111001,11000111,11101010,0,0011
3230,00,0,00,00000000,00000000,00000000,0,0000
3231,00,0,01,11110111,00000000,00101011,0,1011
3232,00,0,01,10000110,00000000,11000100,0,1100
3233,10,0,10,11111010,11000111,11101100,0,0011
3234,00,0,01,10000111,00000000,11000101,0,1100
3235,00,0,01,10001000,00000000,11000110,0,1100
3236,00,0,01,11111000,00000000,00101101,0,1011
3237,10,0,10,11111011,11000111,11101110,0,0011
3238,00,0,01,10001001,00000000,11000111,0,1100
3239,00,0,00,00000000,00000000,00000000,0,0000
3240,00,0,00,00000000,00000000,00000000,0,0000
3241,10,0,10,11111100,11000111,11110000,0,0011
3242,00,0,01,11111001,00000000,00101111,0,1011
3243,00,0,00,00000000,00000000,00000000,0,0000
3244,00,0,00,00000000,00000000,00000000,0,0000
3245,10,0,10,11111101,11000111,11110010,0,0011
3246,00,0,00,00000000,00000000,00000000,0,0000
3247,00,0,00,00000000,00000000,00000000,0,0000
3248,00,0,01,11111010,00000000,00110001,0,1011
3249,10,0,10,11111110,11000111,11110100,0,0011
3250,00,0,00,00000000,00000000,00000000,0,0000
3251,00,0,00,00000000,00000000,00000000,0,0000
3252,00,0,00,00000000,00000000,00000000,0,0000
3253,10,0,10,11111111,11000111,11110110,0,0011
3254,00,0,01,11111011,00000000,00110011,0,1011
3255,00,0,00,00000000,00000000,00000000,0,0000
3256,00,0,00,00000000,00000000,00000000,0,0000
3257,10,0,10,01010010,00010100,01000101,0,0011
3258,00,0,00,00000000,00000000,00000000,0,0000
3259,00,0,00,00000000,00000000,00000000,0,0000
3260,00,0,01,11111100,00000000,00110101,0,1011
3261,10,0,10,01010100,00010100,01000110,0,0011
3262,00,0,00,00000000,00000000,00000000,0,0000
3263,00,0,00,00000000,00000000,00000000,0,0000
3264,00,0,00,00000000,00000000,00000000,0,0000
3265,10,0,10,01010110,00010100,01000111,0,0011
3266,00,0,01,11111101,00000000,00110111,0,1011
3267,00,0,01,10100001,00000000,11100000,0,1100
3268,00,0,01,10100010,00000000,11100001,0,1100
3269,10,0,10,01101000,00110011,01100000,0,0011
3270,00,0,01,10100011,00000000,11100010,0,1100
3271,00,0,01,10100100,00000000,11100011,0,1100
3272,00,0,01,00010101,00000000,01001001,0,1011
3273,10,0,10,00011000,11100110,00001000,0,0011
3274,00,0,01,10100101,00000000,11100100,0,1100
3275,00,0,01,10100110,00000000,11100101,0,1100
3276,00,0,01,10100111,00000000,11100110,0,1100
3277,10,0,10,00011001,11100110,00001010,0,0011
3278,00,0,00,00000000,00000000,00000000,0,0000
3279,00,0,01,00010110,00000000,01001011,0,1011
3280,00,0,01,10101000,00000000,11100111,0,1100
3281,10,0,10,00011010,11100110,00001100,0,0011
3282,00,0,00,00000000,00000000,00000000,0,0000
3283,00,0,00,00000000,00000000,00000000,0,0000
3284,00,0,01,00010111,00000000,01001101,0,1011
3285,10,0,10,00011011,11100110,00001110,0,0011
3286,00,0,00,00000000,00000000,00000000,0,0000
3287,00,0,00,00000000,00000000,00000000,0,0000
3288,00,0,00,00000000,00000000,00000000,0,0000
3289,10,0,10,00011100,11100110,00010000,0,0011
3290,00,0,01,00011000,00000000,01001111,0,1011
3291,00,0,00,00000000,00000000,00000000,0,0000
3292,00,0,00,00000000,00000000,00000000,0,0000
3293,10,0,10,00011101,11100110,00010010,0,0011
3294,00,0,00,00000000,00000000,00000000,0,0000
3295,00,0,00,00000000,00000000,00000000,0,0000
3296,00,0,01,00011001,00000000,01010001,0,1011
3297,10,0,10,00011110,11100110,00010100,0,0011
3298,00,0,00,00000000,00000000,00000000,0,0000
3299,00,0,00,00000000,00000000,00000000,0,0000
3300,00,0,00,00000000,00000000,00000000,0,0000
3301,10,0,10,00011111,11100110,00010110,0,0011
3302,00,0,01,00011010,00000000,01010011,0,1011
3303,00,0,00,00000000,00000000,00000000,0,0000
3304,00,0,00,00000000,00000000,00000000,0,0000
3305,00,0,00,00000000,00000000,00000000,0,0000
3306,00,0,00,00000000,00000000,00000000,0,0000
3307,00,0,00,00000000,00000000,00000000,0,0000
3308,00,0,01,00011011,00000000,01010101,0,1011
3309,00,0,00,00000000,00000000,00000000,0,0000
3310,00,0,00,00000000,00000000,00000000,0,0000
3311,00,0,00,00000000,00000000,00000000,0,0000
3312,00,0,00,00000000,00000000,00000000,0,0000
3313,00,0,10,01101010,00110011,01100001,0,0011
3314,00,0,01,00011100,00000000,01010111,0,1011
3315,00,0,10,01101100,00110011,01100010,0,0011
3316,00,0,10,01101110,00110011,01100011,0,0011
3317,00,0,10,01110000,00110011,01100100,0,0011
3318,00,0,10,01110010,00110011,01100101,0,0011
3319,00,0,10,01110100,00110011,01100110,0,0011
3320,00,0,01,00110100,00000000,01101001,0,1011
3321,00,0,10,00111000,00000101,00101000,0,0011
3322,00,0,10,00111001,00000101,00101010,0,0011
3323,00,0,10,00111010,00000101,00101100,0,0011
3324,00,0,10,00111011,00000101,00101110,0,0011
3325,00,0,10,00111100,00000101,00110000,0,0011
3326,00,0,10,00111101,00000101,00110010,0,0011
3327,00,0,10,00111110,00000101,00110100,0,0011
3328,10,0,10,00111111,00000101,00110110,0,0011
3329,00,0,00,00000000,00000000,00000000,0,0000
3330,00,0,00,00000000,00000000,00000000,0,0000
3331,00,0,00,00000000,00000000,00000000,0,0000
3332,00,0,00,00000000,00000000,00000000,0,0000
3333,10,0,10,01110110,00110011,01100111,0,0011
3334,00,0,00,00000000,00000000,00000000,0,0000
3335,00,0,00,00000000,00000000,00000000,0,0000
3336,00,0,00,00000000,00000000,00000000,0,0000
3337,10,0,10,10001000,01010010,10000000,0,0011
3338,00,0,00,00000000,00000000,00000000,0,0000
3339,00,0,00,00000000,00000000,00000000,0,0000
3340,00,0,00,00000000,00000000,00000000,0,0000
3341,10,0,10,11001000,10010000,11000000,0,0011
3342,00,0,00,00000000,00000000,00000000,0,0000
3343,00,0,00,00000000,00000000,00000000,0,0000
3344,00,0,00,00000000,00000000,00000000,0,0000
3345,10,0,10,10001010,01010010,10000001,0,0011
3346,00,0,00,00000000,00000000,00000000,0,0000
3347,00,0,00,00000000,00000000,00000000,0,0000
3348,00,0,00,00000000,00000000,00000000,0,0000
3349,10,0,10,10001100,01010010,10000010,0,0011
3350,00,0,01,00110101,00000000,01101011,0,1011
3351,00,0,00,00000000,00000000,00000000,0,0000
3352,00,0,00,00000000,00000000,00000000,0,0000
3353,10,0,10,10001110,01010010,10000011,0,0011
3354,00,0,00,00000000,00000000,00000000,0,0000
3355,00,0,00,00000000,00000000,00000000,0,0000
3356,00,0,01,00110110,00000000,01101101,0,1011
3357,10,0,10,10010000,01010010,10000100,0,0011
3358,00,0,00,00000000,00000000,00000000,0,0000
3359,00,0,00,00000000,00000000,00000000,0,0000
3360,00,0,00,00000000,00000000,00000000,0,0000
3361,10,0,10,10010010,01010010,10000101,0,0011
3362,00,0,01,00110111,00000000,01101111,0,1011
3363,00,0,00,00000000,00000000,00000000,0,0000
3364,00,0,00,00000000,00000000,00000000,0,0000
3365,10,0,10,10010100,01010010,10000110,0,0011
3366,00,0,00,00000000,00000000,00000000,0,0000
3367,00,0,00,00000000,00000000,00000000,0,0000
3368,00,0,01,00111000,00000000,01110001,0,1011
3369,10,0,10,10010110,01010010,10000111,0,0011
3370,00,0,00,00000000,00000000,00000000,0,0000
3371,00,0,00,00000000,00000000,00000000,0,0000
3372,00,0,00,00000000,00000000,00000000,0,0000
3373,10,0,10,01011000,00100100,01001000,0,0011
3374,00,0,01,00111001,00000000,01110011,0,1011
3375,00,0,00,00000000,00000000,00000000,0,0000
3376,00,0,00,00000000,00000000,00000000,0,0000
3377,10,0,10,01011001,00100100,01001010,0,0011
3378,00,0,00,00000000,00000000,00000000,0,0000
3379,00,0,00,00000000,00000000,00000000,0,0000
3380,00,0,01,00111010,00000000,01110101,0,1011
3381,10,0,10,01011010,00100100,01001100,0,0011
3382,00,0,00,00000000,00000000,00000000,0,0000
3383,00,0,00,00000000,00000000,00000000,0,0000
3384,00,0,00,00000000,00000000,00000000,0,0000
3385,10,0,10,01011011,00100100,01001110,0,0011
3386,00,0,01,00111011,00000000,01110111,0,1011
3387,00,0,00,00000000,00000000,00000000,0,0000
3388,00,0,00,00000000,00000000,00000000,0,0000
3389,10,0,10,01011100,00100100,01010000,0,0011
3390,00,0,00,00000000,00000000,00000000,0,0000
3391,00,0,00,00000000,00000000,00000000,0,0000
3392,00,0,01,01010011,00000000,10001001,0,1011
3393,10,0,10,01011101,00100100,01010010,0,0011
3394,00,0,00,00000000,00000000,00000000,0,0000
3395,00,0,00,00000000,00000000,00000000,0,0000
3396,00,0,00,00000000,00000000,00000000,0,0000
3397,10,0,10,01011110,00100100,01010100,0,0011
3398,00,0,00,00000000,00000000,00000000,0,0000
3399,00,0,01,01010100,00000000,10001011,0,1011
3400,00,0,00,00000000,00000000,00000000,0,0000
3401,10,0,10,01011111,00100100,01010110,0,0011
3402,00,0,00,00000000,00000000,00000000,0,0000
3403,00,0,00,00000000,00000000,00000000,0,0000
3404,00,0,01,01010101,00000000,10001101,0,1011
3405,10,0,10,10101000,01110001,10100000,0,0011
3406,00,0,00,00000000,00000000,00000000,0,0000
3407,00,0,00,00000000,00000000,00000000,0,0000
3408,00,0,00,00000000,00000000,00000000,0,0000
3409,10,0,10,10101010,01110001,10100001,0,0011
3410,00,0,01,01010110,00000000,10001111,0,1011
3411,00,0,00,00000000,00000000,00000000,0,0000
3412,00,0,00,00000000,00000000,00000000,0,0000
3413,10,0,10,10101100,01110001,10100010,0,0011
3414,00,0,00,00000000,00000000,00000000,0,0000
3415,00,0,00,00000000,00000000,00000000,0,0000
3416,00,0,01,01010111,00000000,10010001,0,1011
3417,10,0,10,10101110,01110001,10100011,0,0011
3418,00,0,00,00000000,00000000,00000000,0,0000
3419,00,0,00,00000000,00000000,00000000,0,0000
3420,00,0,00,00000000,00000000,00000000,0,0000
3421,10,0,10,10110000,01110001,10100100,0,0011
3422,00,0,01,01011000,00000000,10010011,0,1011
3423,00,0,00,00000000,00000000,00000000,0,0000
3424,00,0,00,00000000,00000000,00000000,0,0000
3425,10,0,10,10110010,01110001,10100101,0,0011
3426,00,0,00,00000000,00000000,00000000,0,0000
3427,00,0,00,00000000,00000000,00000000,0,0000
3428,00,0,01,01011001,00000000,10010101,0,1011
3429,10,0,10,10110100,01110001,10100110,0,0011
3430,00,0,00,00000000,00000000,00000000,0,0000
3431,00,0,00,00000000,00000000,00000000,0,0000
3432,00,0,00,00000000,00000000,00000000,0,0000
3433,10,0,10,10110110,01110001,10100111,0,0011
3434,00,0,01,01011010,00000000,10010111,0,1011
3435,00,0,00,00000000,00000000,00000000,0,0000
3436,00,0,00,00000000,00000000,00000000,0,0000
3437,10,0,10,11001010,10010000,11000001,0,0011
3438,00,0,00,00000000,00000000,00000000,0,0000
3439,00,0,00,00000000,00000000,00000000,0,0000
3440,00,0,01,10010001,00000000,11001001,0,1011
3441,10,0,10,01111000,01000011,01101000,0,0011
3442,00,0,00,00000000,00000000,00000000,0,0000
3443,00,0,00,00000000,00000000,00000000,0,0000
3444,00,0,00,00000000,00000000,00000000,0,0000
3445,10,0,10,01111001,01000011,01101010,0,0011
3446,00,0,00,00000000,00000000,00000000,0,0000
3447,00,0,01,01110010,00000000,10101001,0,1011
3448,00,0,00,00000000,00000000,00000000,0,0000
3449,10,0,10,01111010,01000011,01101100,0,0011
3450,00,0,00,00000000,00000000,00000000,0,0000
3451,00,0,00,00000000,00000000,00000000,0,0000
3452,00,0,01,01110011,00000000,10101011,0,1011
3453,10,0,10,01111011,01000011,01101110,0,0011
3454,00,0,00,00000000,00000000,00000000,0,0000
3455,00,0,00,00000000,00000000,00000000,0,0000
3456,00,0,00,00000000,00000000,00000000,0,0000
3457,10,0,10,01111100,01000011,01110000,0,0011
3458,00,0,01,01110100,00000000,10101101,0,1011
3459,00,0,00,00000000,00000000,00000000,0,0000
3460,00,0,00,00000000,00000000,00000000,0,0000
3461,10,0,10,01111101,01000011,01110010,0,0011
3462,00,0,00,00000000,00000000,00000000,0,0000
3463,00,0,00,00000000,00000000,00000000,0,0000
3464,00,0,01,01110101,00000000,10101111,0,1011
3465,10,0,10,01111110,01000011,01110100,0,0011
3466,00,0,00,00000000,00000000,00000000,0,0000
3467,00,0,00,00000000,00000000,00000000,0,0000
3468,00,0,00,00000000,00000000,00000000,0,0000
3469,10,0,10,01111111,01000011,01110110,0,0011
3470,00,0,01,01110110,00000000,10110001,0,1011
3471,00,0,00,00000000,00000000,00000000,0,0000
3472,00,0,00,00000000,00000000,00000000,0,0000
3473,10,0,10,11001100,10010000,11000010,0,0011
3474,00,0,00,00000000,00000000,00000000,0,0000
3475,00,0,00,00000000,00000000,00000000,0,0000
3476,00,0,01,01110111,00000000,10110011,0,1011
3477,10,0,10,11001110,10010000,11000011,0,0011
3478,00,0,00,00000000,00000000,00000000,0,0000
3479,00,0,00,00000000,00000000,00000000,0,0000
3480,00,0,00,00000000,00000000,00000000,0,0000
3481,00,0,00,00000000,00000000,00000000,0,0000
3482,00,0,01,01111000,00000000,10110101,0,1011
3483,00,0,00,00000000,00000000,00000000,0,0000
3484,00,0,00,00000000,00000000,00000000,0,0000
3485,00,0,00,00000000,00000000,00000000,0,0000
3486,00,0,00,00000000,00000000,00000000,0,0000
3487,00,0,10,11010000,10010000,11000100,0,0011
3488,00,0,01,01111001,00000000,10110111,0,1011
3489,00,0,10,10011000,01100010,10001000,0,0011
3490,00,0,10,10011001,01100010,10001010,0,0011
3491,10,0,10,10011010,01100010,10001100,0,0011
3492,00,0,00,00000000,00000000,00000000,0,0000
3493,00,0,00,00000000,00000000,00000000,0,0000
3494,00,0,01,10010010,00000000,11001011,0,1011
3495,10,0,10,10011011,01100010,10001110,0,0011
3496,00,0,00,00000000,00000000,00000000,0,0000
3497,00,0,00,00000000,00000000,00000000,0,0000
3498,00,0,00,00000000,00000000,00000000,0,0000
3499,10,0,10,10011100,01100010,10010000,0,0011
3500,00,0,00,00000000,00000000,00000000,0,0000
3501,00,0,00,00000000,00000000,00000000,0,0000
3502,00,0,00,00000000,00000000,00000000,0,0000
3503,10,0,10,10011110,01100010,10010100,0,0011
3504,00,0,00,00000000,00000000,00000000,0,0000
3505,00,0,00,00000000,00000000,00000000,0,0000
3506,00,0,00,00000000,00000000,00000000,0,0000
3507,10,0,10,10011101,01100010,10010010,0,0011
3508,00,0,00,00000000,00000000,00000000,0,0000
3509,00,0,00,00000000,00000000,00000000,0,0000
3510,00,0,00,00000000,00000000,00000000,0,0000
3511,00,0,00,00000000,00000000,00000000,0,0000
3512,00,0,00,00000000,00000000,00000000,0,0000
3513,00,0,01,10010011,00000000,11001101,0,1011
3514,00,0,00,00000000,00000000,00000000,0,0000
3515,00,0,00,00000000,00000000,00000000,0,0000
3516,00,0,00,00000000,00000000,00000000,0,0000
3517,00,0,00,00000000,00000000,00000000,0,0000
3518,00,0,10,10011111,01100010,10010110,0,0011
3519,00,0,01,10010100,00000000,11001111,0,1011
3520,00,0,10,11010010,10010000,11000101,0,0011
3521,00,0,10,11101000,10101111,11100000,0,0011
3522,00,0,10,11010100,10010000,11000110,0,0011
3523,00,0,10,11010110,10010000,11000111,0,0011
3524,00,0,10,11101010,10101111,11100001,0,0011
3525,00,0,01,10010101,00000000,11010001,0,1011
3526,00,0,10,11101100,10101111,11100010,0,0011
3527,00,0,10,11101110,10101111,11100011,0,0011
3528,00,0,10,11110000,10101111,11100100,0,0011
3529,00,0,10,11110010,10101111,11100101,0,0011
3530,00,0,10,11110100,10101111,11100110,0,0011
3531,00,0,00,00000000,00000000,00000000,0,0000
3532,00,0,10,11110110,10101111,11100111,0,0011
3533,00,0,00,00000000,00000000,00000000,0,0000
3534,00,0,00,00000000,00000000,00000000,0,0000
3535,00,0,00,00000000,00000000,00000000,0,0000
3536,00,0,00,00000000,00000000,00000000,0,0000
3537,00,0,00,00000000,00000000,00000000,0,0000
3538,00,0,00,00000000,00000000,00000000,0,0000
3539,00,0,00,00000000,00000000,00000000,0,0000
3540,00,0,00,00000000,00000000,00000000,0,0000
3541,00,0,00,00000000,00000000,00000000,0,0000
3542,00,0,00,00000000,00000000,00000000,0,0000
3543,10,0,10,10111000,10000001,10101000,0,0011
3544,00,0,00,00000000,00000000,00000000,0,0000
3545,00,0,00,00000000,00000000,00000000,0,0000
3546,00,0,00,00000000,00000000,00000000,0,0000
3547,10,0,10,10111001,10000001,10101010,0,0011
3548,00,0,00,00000000,00000000,00000000,0,0000
3549,00,0,00,00000000,00000000,00000000,0,0000
3550,00,0,00,00000000,00000000,00000000,0,0000
3551,10,0,10,10111010,10000001,10101100,0,0011
3552,00,0,00,00000000,00000000,00000000,0,0000
3553,00,0,00,00000000,00000000,00000000,0,0000
3554,00,0,00,00000000,00000000,00000000,0,0000
3555,10,0,10,10111011,10000001,10101110,0,0011
3556,00,0,00,00000000,00000000,00000000,0,0000
3557,00,0,00,00000000,00000000,00000000,0,0000
3558,00,0,01,10010110,00000000,11010011,0,1011
3559,10,0,10,10111100,10000001,10110000,0,0011
3560,00,0,00,00000000,00000000,00000000,0,0000
3561,00,0,00,00000000,00000000,00000000,0,0000
3562,00,0,00,00000000,00000000,00000000,0,0000
3563,10,0,10,10111101,10000001,10110010,0,0011
3564,00,0,01,10010111,00000000,11010101,0,1011
3565,00,0,00,00000000,00000000,00000000,0,0000
3566,00,0,00,00000000,00000000,00000000,0,0000
3567,10,0,10,10111110,10000001,10110100,0,0011
3568,00,0,00,00000000,00000000,00000000,0,0000
3569,00,0,01,10011000,00000000,11010111,0,1011
3570,00,0,00,00000000,00000000,00000000,0,0000
3571,00,0,00,00000000,00000000,00000000,0,0000
3572,10,0,10,10111111,10000001,10110110,0,0011
3573,00,0,00,00000000,00000000,00000000,0,0000
3574,00,0,00,00000000,00000000,00000000,0,0000
3575,00,0,01,10110000,00000000,11101001,0,1011
3576,00,0,00,00000000,00000000,00000000,0,0000
3577,00,0,00,00000000,00000000,00000000,0,0000
3578,00,0,00,00000000,00000000,00000000,0,0000
3579,00,0,00,00000000,00000000,00000000,0,0000
3580,00,0,00,00000000,00000000,00000000,0,0000
3581,00,0,01,10110001,00000000,11101011,0,1011
3582,00,0,00,00000000,00000000,00000000,0,0000
3583,00,0,00,00000000,00000000,00000000,0,0000
3584,00,0,00,00000000,00000000,00000000,0,0000
3585,00,0,00,00000000,00000000,00000000,0,0000
3586,00,0,00,00000000,00000000,00000000,0,0000
3587,00,0,01,10110010,00000000,11101101,0,1011
3588,00,0,00,00000000,00000000,00000000,0,0000
3589,00,0,00,00000000,00000000,00000000,0,0000
3590,00,0,00,00000000,00000000,00000000,0,0000
3591,00,0,00,00000000,00000000,00000000,0,0000
3592,00,0,00,00000000,00000000,00000000,0,0000
3593,00,0,01,10110100,00000000,11110001,0,1011
3594,00,0,00,00000000,00000000,00000000,0,0000
3595,00,0,00,00000000,00000000,00000000,0,0000
3596,00,0,00,00000000,00000000,00000000,0,0000
3597,00,0,00,00000000,00000000,00000000,0,0000
3598,00,0,00,00000000,00000000,00000000,0,0000
3599,00,0,01,10110011,00000000,11101111,0,1011
3600,00,0,00,00000000,00000000,00000000,0,0000
3601,00,0,00,00000000,00000000,00000000,0,0000
3602,00,0,00,00000000,00000000,00000000,0,0000
3603,00,0,00,00000000,00000000,00000000,0,0000
3604,00,0,00,00000000,00000000,00000000,0,0000
3605,00,0,01,10110101,00000000,11110011,0,1011
3606,00,0,00,00000000,00000000,00000000,0,0000
3607,00,0,00,00000000,00000000,00000000,0,0000
3608,00,0,00,00000000,00000000,00000000,0,0000
3609,00,0,00,00000000,00000000,00000000,0,0000
3610,00,0,00,00000000,00000000,00000000,0,0000
3611,00,0,01,10110110,00000000,11110101,0,1011
3612,00,0,00,00000000,00000000,00000000,0,0000
3613,00,0,00,00000000,00000000,00000000,0,0000
3614,00,0,00,00000000,00000000,00000000,0,0000
3615,00,0,00,00000000,00000000,00000000,0,0000
3616,00,0,00,00000000,00000000,00000000,0,0000
3617,00,0,01,10110111,00000000,11110111,0,1011
3618,00,0,00,00000000,00000000,00000000,0,0000
3619,00,0,00,00000000,00000000,00000000,0,0000
3620,00,0,00,00000000,00000000,00000000,0,0000
3621,00,0,00,00000000,00000000,00000000,0,0000
3622,00,0,00,00000000,00000000,00000000,0,0000
3623,00,0,00,00000000,00000000,00000000,0,0000
3624,00,0,00,00000000,00000000,00000000,0,0000
3625,00,0,10,11011000,10100000,11001000,0,0011
3626,00,0,10,11011001,10100000,11001010,0,0011
3627,00,0,10,11011010,10100000,11001100,0,0011
3628,00,0,10,11011011,10100000,11001110,0,0011
3629,00,0,10,11011100,10100000,11010000,0,0011
3630,00,0,10,11011101,10100000,11010010,0,0011
3631,00,0,10,11011110,10100000,11010100,0,0011
3632,00,0,10,11011111,10100000,11010110,0,0011
3633,00,0,00,00000000,00000000,00000000,0,0000
3634,00,0,00,00000000,00000000,00000000,0,0000
3635,00,0,00,00000000,00000000,00000000,0,0000
3636,00,0,00,00000000,00000000,00000000,0,0000
3637,00,0,00,00000000,00000000,00000000,0,0000
3638,00,0,00,00000000,00000000,00000000,0,0000
3639,00,0,00,00000000,00000000,00000000,0,0000
3640,00,0,00,00000000,00000000,00000000,0,0000
3641,00,0,00,00000000,00000000,00000000,0,0000
3642,00,0,00,00000000,00000000,00000000,0,0000
3643,00,0,00,00000000,00000000,00000000,0,0000
3644,00,0,00,00000000,00000000,00000000,0,0000
3645,00,0,00,00000000,00000000,00000000,0,0000
3646,00,0,00,00000000,00000000,00000000,0,0000
3647,00,0,00,00000000,00000000,00000000,0,0000
3648,00,0,00,00000000,00000000,00000000,0,0000
3649,00,0,00,00000000,00000000,00000000,0,0000
3650,00,0,00,00000000,00000000,00000000,0,0000
3651,00,0,00,00000000,00000000,00000000,0,0000
3652,00,0,00,00000000,00000000,00000000,0,0000
3653,00,0,00,00000000,00000000,00000000,0,0000
3654,00,0,00,00000000,00000000,00000000,0,0000
3655,00,0,00,00000000,00000000,00000000,0,0000
3656,00,0,00,00000000,00000000,00000000,0,0000
3657,00,0,00,00000000,00000000,00000000,0,0000
3658,00,0,00,00000000,00000000,00000000,0,0000
3659,00,0,00,00000000,00000000,00000000,0,0000
3660,00,0,00,00000000,00000000,00000000,0,0000
3661,00,0,00,00000000,00000000,00000000,0,0000
3662,00,0,00,00000000,00000000,00000000,0,0000
3663,00,0,00,00000000,00000000,00000000,0,0000
3664,00,0,00,00000000,00000000,00000000,0,0000
3665,00,0,00,00000000,00000000,00000000,0,0000
3666,00,0,00,00000000,00000000,00000000,0,0000
3667,00,0,00,00000000,00000000,00000000,0,0000
3668,00,0,00,00000000,00000000,00000000,0,0000
3669,00,0,00,00000000,00000000,00000000,0,0000
3670,00,0,00,00000000,00000000,00000000,0,0000
3671,00,0,00,00000000,00000000,00000000,0,0000
3672,00,0,10,11111000,10111111,11101000,0,0011
3673,00,0,10,11111001,10111111,11101010,0,0011
3674,00,0,10,11111010,10111111,11101100,0,0011
3675,00,0,10,11111011,10111111,11101110,0,0011
3676,00,0,10,11111100,10111111,11110000,0,0011
3677,00,0,10,11111101,10111111,11110010,0,0011
3678,00,0,10,11111110,10111111,11110100,0,0011
3679,00,0,10,11111111,10111111,11110110,0,0011
3680,00,0,00,00000000,00000000,00000000,0,0000
3681,00,0,00,00000000,00000000,00000000,0,0000
3682,00,0,00,00000000,00000000,00000000,0,0000
3683,00,0,00,00000000,00000000,00000000,0,0000
3684,00,0,00,00000000,00000000,00000000,0,0000
3685,00,0,00,00000000,00000000,00000000,0,0000
3686,00,0,00,00000000,00000000,00000000,0,0000
3687,00,0,00,00000000,00000000,00000000,0,0000
