Node,Operation,src0,src1,Layer,Vector ID,Segment ID,Group ID,Vector Len,Type,Children,Wait_to_load,mask,GPR Addr,Mem Addr,importance
0,root,,,0,,,-1,0,None,"1, 4, 7, 10, 13, 16, 19, 22, 25, 28, 31, 34, 37, 40, 43, 46, 49, 52, 55, 58, 61, 64, 67, 70, 73, 76, 79, 82, 85, 88, 91, 94, 97, 100, 103, 106, 109, 112, 115, 118, 121, 124, 127, 130, 133, 136, 139, 142, 145, 148, 151, 154, 157, 160, 163, 166, 169, 172, 175, 178, 181, 184, 187, 190, 193, 196, 199, 202, 205, 208, 211, 214, 217, 220, 223, 226, 229, 232, 235, 238, 241, 244, 247, 250, 253, 256, 259, 262, 265, 268, 271, 274, 277, 280, 283, 286, 289, 292, 295, 298, 301, 304, 307, 310, 313, 316, 319, 322, 325, 328, 331, 334, 337, 340, 343, 346, 349, 352, 355, 358, 361, 364, 367, 370, 373, 376, 379, 382, 385, 388, 391, 394, 397, 400, 403, 406, 409, 412, 415, 418, 421, 424, 427, 430, 433, 436, 439, 442, 445, 448, 451, 454, 457, 460, 463, 466, 469, 472, 475, 478, 481, 484, 487, 490, 493, 496, 499, 502, 505, 508, 511, 514, 517, 520, 523, 526, 529, 532, 535, 538, 541, 544, 547, 550, 553, 556, 559, 562, 565, 568, 571, 574, 577, 580, 583, 586, 589, 592, 595, 598, 601, 604, 607, 610, 613, 616, 619, 622, 625, 628, 631, 634, 637, 640, 643, 646, 649, 652, 655, 658, 661, 664, 667, 670, 673, 676, 679, 682, 685, 688, 691, 694, 697, 700, 703, 706, 709, 712, 715, 718, 721, 724, 727, 730, 733, 736, 739, 742, 745, 748, 751, 754, 757, 760, 763, 766, 769, 772, 775, 778, 781, 784, 787, 790, 793, 796, 799, 802, 805, 808, 811, 814, 817, 820, 823, 826, 829, 832, 835, 838, 841, 844, 847, 850, 853, 856, 859, 862, 865, 868, 871, 874, 877, 880, 883, 886, 889, 892, 895, 898, 901, 904, 907, 910, 913, 916, 919, 922, 925, 928, 931, 934, 937, 940, 943, 946, 949, 952, 955, 958, 961, 964, 967, 970, 973, 976, 979, 982, 985, 988, 991, 994, 997, 1000, 1003, 1006, 1009, 1012, 1015, 1018, 1021, 1024, 1027, 1030, 1033, 1036, 1039, 1042, 1045, 1048, 1051, 1054, 1057, 1060, 1063, 1066, 1069, 1072, 1075, 1078, 1081, 1084, 1087, 1090, 1093, 1096, 1099, 1102, 1105, 1108, 1111, 1114, 1117, 1120, 1123, 1126, 1129, 1132, 1135, 1138, 1141, 1144, 1147, 1150, 1153, 1156, 1159, 1162, 1165, 1168, 1171, 1174, 1177, 1180, 1183, 1186, 1189, 1192, 1195, 1198, 1201, 1204, 1207, 1210, 1213, 1216, 1219, 1222, 1225, 1228, 1231, 1234, 1237, 1240, 1243, 1246, 1249, 1252, 1255, 1258, 1261, 1264, 1267, 1270, 1273, 1276, 1279, 1282, 1285, 1288, 1291, 1294, 1297, 1300, 1303, 1306, 1309, 1312, 1315, 1318, 1321, 1324, 1327, 1330, 1333, 1336, 1339, 1342, 1345, 1348, 1351, 1354, 1357, 1360, 1363, 1366, 1369, 1372, 1375, 1378, 1381, 1384, 1387, 1390, 1393, 1396, 1399, 1402, 1405, 1408, 1411, 1414, 1417, 1420, 1423, 1426, 1429, 1432, 1435, 1438, 1441, 1444, 1447, 1450, 1453, 1456, 1459, 1462, 1465, 1468, 1471, 1474, 1477, 1480, 1483, 1486, 1489, 1492, 1495, 1498, 1501, 1504, 1507, 1510, 1513, 1516, 1519, 1522, 1525, 1528, 1531, 1534, 1537, 1540, 1543, 1546, 1549, 1552, 1555, 1558, 1561, 1564, 1567, 1570, 1573, 1576, 1579, 1582, 1585, 1588, 1591, 1594, 1597, 1600, 1603, 1606, 1609, 1612, 1615, 1618, 1621, 1624, 1627, 1630, 1633, 1636, 1639, 1642, 1645, 1648, 1651, 1654, 1657, 1660, 1663, 1666, 1669, 1672, 1675, 1678, 1681, 1684, 1687, 1690, 1693, 1696, 1699, 1702, 1705, 1708, 1711, 1714, 1717, 1720, 1723, 1726, 1729, 1732, 1735, 1738, 1741, 1744, 1747, 1750, 1753, 1756, 1759, 1762, 1765, 1768, 1771, 1774, 1777, 1780, 1783, 1786, 1789, 1792, 1795, 1798, 1801, 1804, 1807, 1810, 1813, 1816, 1819, 1822, 1825, 1828, 1831, 1834, 1837, 1840, 1843, 1846, 1849, 1852, 1855, 1858, 1861, 1864, 1867, 1870, 1873, 1876, 1879, 1882, 1885, 1888, 1891, 1894, 1897, 1900, 1903, 1906, 1909, 1912, 1915, 1918, 1921, 1924, 1927, 1930, 1933, 1936, 1939, 1942, 1945, 1948, 1951, 1954, 1957, 1960, 1963, 1966, 1969, 1972, 1975, 1978, 1981, 1984, 1987, 1990, 1993, 1996, 1999, 2002, 2005, 2008, 2011, 2014, 2017, 2020, 2023, 2026, 2029, 2032, 2035, 2038, 2041, 2044, 2047, 2050, 2053, 2056, 2059, 2062, 2065, 2068, 2071, 2074, 2077, 2080, 2083, 2086, 2089, 2092, 2095, 2098, 2101, 2104, 2107, 2110, 2113, 2116, 2119, 2122, 2125, 2128, 2131, 2134, 2137, 2140, 2143, 2146, 2149, 2152, 2155, 2158, 2161, 2164, 2167, 2170, 2173, 2176, 2179, 2182, 2185, 2188, 2191, 2194, 2197, 2200, 2203, 2206, 2209, 2212, 2215, 2218, 2221, 2224, 2227, 2230, 2233, 2236, 2239, 2242, 2245, 2248, 2251, 2254, 2257, 2260, 2263, 2266, 2269, 2272, 2275, 2278, 2281, 2284, 2287, 2290, 2293, 2296, 2299, 2302",False,0,,,0
1,load,0,,1,0.0,0,0,256,Vector,2,True,0,0,0,-1
2,gelu,1,,2,0.0,0,0,256,Vector,3,False,0,1,,-2
3,store,2,0,3,0.0,0,0,256,Vector,,False,0,,0,-3
4,load,1,,1,0.0,1,0,256,Vector,5,True,0,2,1,-4
5,gelu,4,,2,0.0,1,0,256,Vector,6,False,0,3,,-5
6,store,5,1,3,0.0,1,0,256,Vector,,False,0,,1,-6
7,load,2,,1,0.0,2,0,256,Vector,8,True,0,4,2,-7
8,gelu,7,,2,0.0,2,0,256,Vector,9,False,0,5,,-8
9,store,8,2,3,0.0,2,0,256,Vector,,False,0,,2,-9
10,load,3,,1,0.0,3,0,256,Vector,11,True,0,6,3,-10
11,gelu,10,,2,0.0,3,0,256,Vector,12,False,0,7,,-11
12,store,11,3,3,0.0,3,0,256,Vector,,False,0,,3,-12
13,load,4,,1,0.0,4,0,256,Vector,14,True,0,8,4,-13
14,gelu,13,,2,0.0,4,0,256,Vector,15,False,0,9,,-14
15,store,14,4,3,0.0,4,0,256,Vector,,False,0,,4,-15
16,load,5,,1,0.0,5,0,256,Vector,17,True,0,10,5,-16
17,gelu,16,,2,0.0,5,0,256,Vector,18,False,0,11,,-17
18,store,17,5,3,0.0,5,0,256,Vector,,False,0,,5,-18
19,load,6,,1,0.0,6,0,256,Vector,20,True,0,12,6,-19
20,gelu,19,,2,0.0,6,0,256,Vector,21,False,0,13,,-20
21,store,20,6,3,0.0,6,0,256,Vector,,False,0,,6,-21
22,load,7,,1,0.0,7,0,256,Vector,23,True,0,14,7,-22
23,gelu,22,,2,0.0,7,0,256,Vector,24,False,0,15,,-23
24,store,23,7,3,0.0,7,0,256,Vector,,False,0,,7,-24
25,load,8,,1,0.0,8,0,256,Vector,26,True,0,16,8,-25
26,gelu,25,,2,0.0,8,0,256,Vector,27,False,0,17,,-26
27,store,26,8,3,0.0,8,0,256,Vector,,False,0,,8,-27
28,load,9,,1,0.0,9,0,256,Vector,29,True,0,18,9,-28
29,gelu,28,,2,0.0,9,0,256,Vector,30,False,0,19,,-29
30,store,29,9,3,0.0,9,0,256,Vector,,False,0,,9,-30
31,load,10,,1,0.0,10,0,256,Vector,32,True,0,20,10,-31
32,gelu,31,,2,0.0,10,0,256,Vector,33,False,0,21,,-32
33,store,32,10,3,0.0,10,0,256,Vector,,False,0,,10,-33
34,load,11,,1,0.0,11,0,256,Vector,35,True,0,22,11,-34
35,gelu,34,,2,0.0,11,0,256,Vector,36,False,0,23,,-35
36,store,35,11,3,0.0,11,0,256,Vector,,False,0,,11,-36
37,load,12,,1,1.0,0,1,256,Vector,38,True,0,24,12,-37
38,gelu,37,,2,1.0,0,1,256,Vector,39,False,0,25,,-38
39,store,38,12,3,1.0,0,1,256,Vector,,False,0,,12,-39
40,load,13,,1,1.0,1,1,256,Vector,41,True,0,26,13,-40
41,gelu,40,,2,1.0,1,1,256,Vector,42,False,0,27,,-41
42,store,41,13,3,1.0,1,1,256,Vector,,False,0,,13,-42
43,load,14,,1,1.0,2,1,256,Vector,44,True,0,28,14,-43
44,gelu,43,,2,1.0,2,1,256,Vector,45,False,0,29,,-44
45,store,44,14,3,1.0,2,1,256,Vector,,False,0,,14,-45
46,load,15,,1,1.0,3,1,256,Vector,47,True,0,30,15,-46
47,gelu,46,,2,1.0,3,1,256,Vector,48,False,0,31,,-47
48,store,47,15,3,1.0,3,1,256,Vector,,False,0,,15,-48
49,load,16,,1,1.0,4,1,256,Vector,50,True,0,32,16,-49
50,gelu,49,,2,1.0,4,1,256,Vector,51,False,0,33,,-50
51,store,50,16,3,1.0,4,1,256,Vector,,False,0,,16,-51
52,load,17,,1,1.0,5,1,256,Vector,53,True,0,34,17,-52
53,gelu,52,,2,1.0,5,1,256,Vector,54,False,0,35,,-53
54,store,53,17,3,1.0,5,1,256,Vector,,False,0,,17,-54
55,load,18,,1,1.0,6,1,256,Vector,56,True,0,36,18,-55
56,gelu,55,,2,1.0,6,1,256,Vector,57,False,0,37,,-56
57,store,56,18,3,1.0,6,1,256,Vector,,False,0,,18,-57
58,load,19,,1,1.0,7,1,256,Vector,59,True,0,38,19,-58
59,gelu,58,,2,1.0,7,1,256,Vector,60,False,0,39,,-59
60,store,59,19,3,1.0,7,1,256,Vector,,False,0,,19,-60
61,load,20,,1,1.0,8,1,256,Vector,62,True,0,40,20,-61
62,gelu,61,,2,1.0,8,1,256,Vector,63,False,0,41,,-62
63,store,62,20,3,1.0,8,1,256,Vector,,False,0,,20,-63
64,load,21,,1,1.0,9,1,256,Vector,65,True,0,42,21,-64
65,gelu,64,,2,1.0,9,1,256,Vector,66,False,0,43,,-65
66,store,65,21,3,1.0,9,1,256,Vector,,False,0,,21,-66
67,load,22,,1,1.0,10,1,256,Vector,68,True,0,44,22,-67
68,gelu,67,,2,1.0,10,1,256,Vector,69,False,0,45,,-68
69,store,68,22,3,1.0,10,1,256,Vector,,False,0,,22,-69
70,load,23,,1,1.0,11,1,256,Vector,71,True,0,46,23,-70
71,gelu,70,,2,1.0,11,1,256,Vector,72,False,0,47,,-71
72,store,71,23,3,1.0,11,1,256,Vector,,False,0,,23,-72
73,load,24,,1,2.0,0,2,256,Vector,74,True,0,48,24,-73
74,gelu,73,,2,2.0,0,2,256,Vector,75,False,0,49,,-74
75,store,74,24,3,2.0,0,2,256,Vector,,False,0,,24,-75
76,load,25,,1,2.0,1,2,256,Vector,77,True,0,50,25,-76
77,gelu,76,,2,2.0,1,2,256,Vector,78,False,0,51,,-77
78,store,77,25,3,2.0,1,2,256,Vector,,False,0,,25,-78
79,load,26,,1,2.0,2,2,256,Vector,80,True,0,52,26,-79
80,gelu,79,,2,2.0,2,2,256,Vector,81,False,0,53,,-80
81,store,80,26,3,2.0,2,2,256,Vector,,False,0,,26,-81
82,load,27,,1,2.0,3,2,256,Vector,83,True,0,54,27,-82
83,gelu,82,,2,2.0,3,2,256,Vector,84,False,0,55,,-83
84,store,83,27,3,2.0,3,2,256,Vector,,False,0,,27,-84
85,load,28,,1,2.0,4,2,256,Vector,86,True,0,56,28,-85
86,gelu,85,,2,2.0,4,2,256,Vector,87,False,0,57,,-86
87,store,86,28,3,2.0,4,2,256,Vector,,False,0,,28,-87
88,load,29,,1,2.0,5,2,256,Vector,89,True,0,58,29,-88
89,gelu,88,,2,2.0,5,2,256,Vector,90,False,0,59,,-89
90,store,89,29,3,2.0,5,2,256,Vector,,False,0,,29,-90
91,load,30,,1,2.0,6,2,256,Vector,92,True,0,60,30,-91
92,gelu,91,,2,2.0,6,2,256,Vector,93,False,0,61,,-92
93,store,92,30,3,2.0,6,2,256,Vector,,False,0,,30,-93
94,load,31,,1,2.0,7,2,256,Vector,95,True,0,62,31,-94
95,gelu,94,,2,2.0,7,2,256,Vector,96,False,0,63,,-95
96,store,95,31,3,2.0,7,2,256,Vector,,False,0,,31,-96
97,load,32,,1,2.0,8,2,256,Vector,98,True,0,64,32,-97
98,gelu,97,,2,2.0,8,2,256,Vector,99,False,0,65,,-98
99,store,98,32,3,2.0,8,2,256,Vector,,False,0,,32,-99
100,load,33,,1,2.0,9,2,256,Vector,101,True,0,66,33,-100
101,gelu,100,,2,2.0,9,2,256,Vector,102,False,0,67,,-101
102,store,101,33,3,2.0,9,2,256,Vector,,False,0,,33,-102
103,load,34,,1,2.0,10,2,256,Vector,104,True,0,68,34,-103
104,gelu,103,,2,2.0,10,2,256,Vector,105,False,0,69,,-104
105,store,104,34,3,2.0,10,2,256,Vector,,False,0,,34,-105
106,load,35,,1,2.0,11,2,256,Vector,107,True,0,70,35,-106
107,gelu,106,,2,2.0,11,2,256,Vector,108,False,0,71,,-107
108,store,107,35,3,2.0,11,2,256,Vector,,False,0,,35,-108
109,load,36,,1,3.0,0,3,256,Vector,110,True,0,72,36,-109
110,gelu,109,,2,3.0,0,3,256,Vector,111,False,0,73,,-110
111,store,110,36,3,3.0,0,3,256,Vector,,False,0,,36,-111
112,load,37,,1,3.0,1,3,256,Vector,113,True,0,74,37,-112
113,gelu,112,,2,3.0,1,3,256,Vector,114,False,0,75,,-113
114,store,113,37,3,3.0,1,3,256,Vector,,False,0,,37,-114
115,load,38,,1,3.0,2,3,256,Vector,116,True,0,76,38,-115
116,gelu,115,,2,3.0,2,3,256,Vector,117,False,0,77,,-116
117,store,116,38,3,3.0,2,3,256,Vector,,False,0,,38,-117
118,load,39,,1,3.0,3,3,256,Vector,119,True,0,78,39,-118
119,gelu,118,,2,3.0,3,3,256,Vector,120,False,0,79,,-119
120,store,119,39,3,3.0,3,3,256,Vector,,False,0,,39,-120
121,load,40,,1,3.0,4,3,256,Vector,122,True,0,80,40,-121
122,gelu,121,,2,3.0,4,3,256,Vector,123,False,0,81,,-122
123,store,122,40,3,3.0,4,3,256,Vector,,False,0,,40,-123
124,load,41,,1,3.0,5,3,256,Vector,125,True,0,82,41,-124
125,gelu,124,,2,3.0,5,3,256,Vector,126,False,0,83,,-125
126,store,125,41,3,3.0,5,3,256,Vector,,False,0,,41,-126
127,load,42,,1,3.0,6,3,256,Vector,128,True,0,84,42,-127
128,gelu,127,,2,3.0,6,3,256,Vector,129,False,0,85,,-128
129,store,128,42,3,3.0,6,3,256,Vector,,False,0,,42,-129
130,load,43,,1,3.0,7,3,256,Vector,131,True,0,86,43,-130
131,gelu,130,,2,3.0,7,3,256,Vector,132,False,0,87,,-131
132,store,131,43,3,3.0,7,3,256,Vector,,False,0,,43,-132
133,load,44,,1,3.0,8,3,256,Vector,134,True,0,88,44,-133
134,gelu,133,,2,3.0,8,3,256,Vector,135,False,0,89,,-134
135,store,134,44,3,3.0,8,3,256,Vector,,False,0,,44,-135
136,load,45,,1,3.0,9,3,256,Vector,137,True,0,90,45,-136
137,gelu,136,,2,3.0,9,3,256,Vector,138,False,0,91,,-137
138,store,137,45,3,3.0,9,3,256,Vector,,False,0,,45,-138
139,load,46,,1,3.0,10,3,256,Vector,140,True,0,92,46,-139
140,gelu,139,,2,3.0,10,3,256,Vector,141,False,0,93,,-140
141,store,140,46,3,3.0,10,3,256,Vector,,False,0,,46,-141
142,load,47,,1,3.0,11,3,256,Vector,143,True,0,94,47,-142
143,gelu,142,,2,3.0,11,3,256,Vector,144,False,0,95,,-143
144,store,143,47,3,3.0,11,3,256,Vector,,False,0,,47,-144
145,load,48,,1,4.0,0,4,256,Vector,146,True,0,96,48,-145
146,gelu,145,,2,4.0,0,4,256,Vector,147,False,0,97,,-146
147,store,146,48,3,4.0,0,4,256,Vector,,False,0,,48,-147
148,load,49,,1,4.0,1,4,256,Vector,149,True,0,98,49,-148
149,gelu,148,,2,4.0,1,4,256,Vector,150,False,0,99,,-149
150,store,149,49,3,4.0,1,4,256,Vector,,False,0,,49,-150
151,load,50,,1,4.0,2,4,256,Vector,152,True,0,100,50,-151
152,gelu,151,,2,4.0,2,4,256,Vector,153,False,0,101,,-152
153,store,152,50,3,4.0,2,4,256,Vector,,False,0,,50,-153
154,load,51,,1,4.0,3,4,256,Vector,155,True,0,102,51,-154
155,gelu,154,,2,4.0,3,4,256,Vector,156,False,0,103,,-155
156,store,155,51,3,4.0,3,4,256,Vector,,False,0,,51,-156
157,load,52,,1,4.0,4,4,256,Vector,158,True,0,104,52,-157
158,gelu,157,,2,4.0,4,4,256,Vector,159,False,0,105,,-158
159,store,158,52,3,4.0,4,4,256,Vector,,False,0,,52,-159
160,load,53,,1,4.0,5,4,256,Vector,161,True,0,106,53,-160
161,gelu,160,,2,4.0,5,4,256,Vector,162,False,0,107,,-161
162,store,161,53,3,4.0,5,4,256,Vector,,False,0,,53,-162
163,load,54,,1,4.0,6,4,256,Vector,164,True,0,108,54,-163
164,gelu,163,,2,4.0,6,4,256,Vector,165,False,0,109,,-164
165,store,164,54,3,4.0,6,4,256,Vector,,False,0,,54,-165
166,load,55,,1,4.0,7,4,256,Vector,167,True,0,110,55,-166
167,gelu,166,,2,4.0,7,4,256,Vector,168,False,0,111,,-167
168,store,167,55,3,4.0,7,4,256,Vector,,False,0,,55,-168
169,load,56,,1,4.0,8,4,256,Vector,170,True,0,112,56,-169
170,gelu,169,,2,4.0,8,4,256,Vector,171,False,0,113,,-170
171,store,170,56,3,4.0,8,4,256,Vector,,False,0,,56,-171
172,load,57,,1,4.0,9,4,256,Vector,173,True,0,114,57,-172
173,gelu,172,,2,4.0,9,4,256,Vector,174,False,0,115,,-173
174,store,173,57,3,4.0,9,4,256,Vector,,False,0,,57,-174
175,load,58,,1,4.0,10,4,256,Vector,176,True,0,116,58,-175
176,gelu,175,,2,4.0,10,4,256,Vector,177,False,0,117,,-176
177,store,176,58,3,4.0,10,4,256,Vector,,False,0,,58,-177
178,load,59,,1,4.0,11,4,256,Vector,179,True,0,118,59,-178
179,gelu,178,,2,4.0,11,4,256,Vector,180,False,0,119,,-179
180,store,179,59,3,4.0,11,4,256,Vector,,False,0,,59,-180
181,load,60,,1,5.0,0,5,256,Vector,182,True,0,120,60,-181
182,gelu,181,,2,5.0,0,5,256,Vector,183,False,0,121,,-182
183,store,182,60,3,5.0,0,5,256,Vector,,False,0,,60,-183
184,load,61,,1,5.0,1,5,256,Vector,185,True,0,122,61,-184
185,gelu,184,,2,5.0,1,5,256,Vector,186,False,0,123,,-185
186,store,185,61,3,5.0,1,5,256,Vector,,False,0,,61,-186
187,load,62,,1,5.0,2,5,256,Vector,188,True,0,124,62,-187
188,gelu,187,,2,5.0,2,5,256,Vector,189,False,0,125,,-188
189,store,188,62,3,5.0,2,5,256,Vector,,False,0,,62,-189
190,load,63,,1,5.0,3,5,256,Vector,191,True,0,126,63,-190
191,gelu,190,,2,5.0,3,5,256,Vector,192,False,0,127,,-191
192,store,191,63,3,5.0,3,5,256,Vector,,False,0,,63,-192
193,load,64,,1,5.0,4,5,256,Vector,194,True,0,128,64,-193
194,gelu,193,,2,5.0,4,5,256,Vector,195,False,0,129,,-194
195,store,194,64,3,5.0,4,5,256,Vector,,False,0,,64,-195
196,load,65,,1,5.0,5,5,256,Vector,197,True,0,130,65,-196
197,gelu,196,,2,5.0,5,5,256,Vector,198,False,0,131,,-197
198,store,197,65,3,5.0,5,5,256,Vector,,False,0,,65,-198
199,load,66,,1,5.0,6,5,256,Vector,200,True,0,132,66,-199
200,gelu,199,,2,5.0,6,5,256,Vector,201,False,0,133,,-200
201,store,200,66,3,5.0,6,5,256,Vector,,False,0,,66,-201
202,load,67,,1,5.0,7,5,256,Vector,203,True,0,134,67,-202
203,gelu,202,,2,5.0,7,5,256,Vector,204,False,0,135,,-203
204,store,203,67,3,5.0,7,5,256,Vector,,False,0,,67,-204
205,load,68,,1,5.0,8,5,256,Vector,206,True,0,136,68,-205
206,gelu,205,,2,5.0,8,5,256,Vector,207,False,0,137,,-206
207,store,206,68,3,5.0,8,5,256,Vector,,False,0,,68,-207
208,load,69,,1,5.0,9,5,256,Vector,209,True,0,138,69,-208
209,gelu,208,,2,5.0,9,5,256,Vector,210,False,0,139,,-209
210,store,209,69,3,5.0,9,5,256,Vector,,False,0,,69,-210
211,load,70,,1,5.0,10,5,256,Vector,212,True,0,140,70,-211
212,gelu,211,,2,5.0,10,5,256,Vector,213,False,0,141,,-212
213,store,212,70,3,5.0,10,5,256,Vector,,False,0,,70,-213
214,load,71,,1,5.0,11,5,256,Vector,215,True,0,142,71,-214
215,gelu,214,,2,5.0,11,5,256,Vector,216,False,0,143,,-215
216,store,215,71,3,5.0,11,5,256,Vector,,False,0,,71,-216
217,load,72,,1,6.0,0,6,256,Vector,218,True,0,144,72,-217
218,gelu,217,,2,6.0,0,6,256,Vector,219,False,0,145,,-218
219,store,218,72,3,6.0,0,6,256,Vector,,False,0,,72,-219
220,load,73,,1,6.0,1,6,256,Vector,221,True,0,146,73,-220
221,gelu,220,,2,6.0,1,6,256,Vector,222,False,0,147,,-221
222,store,221,73,3,6.0,1,6,256,Vector,,False,0,,73,-222
223,load,74,,1,6.0,2,6,256,Vector,224,True,0,148,74,-223
224,gelu,223,,2,6.0,2,6,256,Vector,225,False,0,149,,-224
225,store,224,74,3,6.0,2,6,256,Vector,,False,0,,74,-225
226,load,75,,1,6.0,3,6,256,Vector,227,True,0,150,75,-226
227,gelu,226,,2,6.0,3,6,256,Vector,228,False,0,151,,-227
228,store,227,75,3,6.0,3,6,256,Vector,,False,0,,75,-228
229,load,76,,1,6.0,4,6,256,Vector,230,True,0,152,76,-229
230,gelu,229,,2,6.0,4,6,256,Vector,231,False,0,153,,-230
231,store,230,76,3,6.0,4,6,256,Vector,,False,0,,76,-231
232,load,77,,1,6.0,5,6,256,Vector,233,True,0,154,77,-232
233,gelu,232,,2,6.0,5,6,256,Vector,234,False,0,155,,-233
234,store,233,77,3,6.0,5,6,256,Vector,,False,0,,77,-234
235,load,78,,1,6.0,6,6,256,Vector,236,True,0,156,78,-235
236,gelu,235,,2,6.0,6,6,256,Vector,237,False,0,157,,-236
237,store,236,78,3,6.0,6,6,256,Vector,,False,0,,78,-237
238,load,79,,1,6.0,7,6,256,Vector,239,True,0,158,79,-238
239,gelu,238,,2,6.0,7,6,256,Vector,240,False,0,159,,-239
240,store,239,79,3,6.0,7,6,256,Vector,,False,0,,79,-240
241,load,80,,1,6.0,8,6,256,Vector,242,True,0,160,80,-241
242,gelu,241,,2,6.0,8,6,256,Vector,243,False,0,161,,-242
243,store,242,80,3,6.0,8,6,256,Vector,,False,0,,80,-243
244,load,81,,1,6.0,9,6,256,Vector,245,True,0,162,81,-244
245,gelu,244,,2,6.0,9,6,256,Vector,246,False,0,163,,-245
246,store,245,81,3,6.0,9,6,256,Vector,,False,0,,81,-246
247,load,82,,1,6.0,10,6,256,Vector,248,True,0,164,82,-247
248,gelu,247,,2,6.0,10,6,256,Vector,249,False,0,165,,-248
249,store,248,82,3,6.0,10,6,256,Vector,,False,0,,82,-249
250,load,83,,1,6.0,11,6,256,Vector,251,True,0,166,83,-250
251,gelu,250,,2,6.0,11,6,256,Vector,252,False,0,167,,-251
252,store,251,83,3,6.0,11,6,256,Vector,,False,0,,83,-252
253,load,84,,1,7.0,0,7,256,Vector,254,True,0,168,84,-253
254,gelu,253,,2,7.0,0,7,256,Vector,255,False,0,169,,-254
255,store,254,84,3,7.0,0,7,256,Vector,,False,0,,84,-255
256,load,85,,1,7.0,1,7,256,Vector,257,True,0,170,85,-256
257,gelu,256,,2,7.0,1,7,256,Vector,258,False,0,171,,-257
258,store,257,85,3,7.0,1,7,256,Vector,,False,0,,85,-258
259,load,86,,1,7.0,2,7,256,Vector,260,True,0,172,86,-259
260,gelu,259,,2,7.0,2,7,256,Vector,261,False,0,173,,-260
261,store,260,86,3,7.0,2,7,256,Vector,,False,0,,86,-261
262,load,87,,1,7.0,3,7,256,Vector,263,True,0,174,87,-262
263,gelu,262,,2,7.0,3,7,256,Vector,264,False,0,175,,-263
264,store,263,87,3,7.0,3,7,256,Vector,,False,0,,87,-264
265,load,88,,1,7.0,4,7,256,Vector,266,True,0,176,88,-265
266,gelu,265,,2,7.0,4,7,256,Vector,267,False,0,177,,-266
267,store,266,88,3,7.0,4,7,256,Vector,,False,0,,88,-267
268,load,89,,1,7.0,5,7,256,Vector,269,True,0,178,89,-268
269,gelu,268,,2,7.0,5,7,256,Vector,270,False,0,179,,-269
270,store,269,89,3,7.0,5,7,256,Vector,,False,0,,89,-270
271,load,90,,1,7.0,6,7,256,Vector,272,True,0,180,90,-271
272,gelu,271,,2,7.0,6,7,256,Vector,273,False,0,181,,-272
273,store,272,90,3,7.0,6,7,256,Vector,,False,0,,90,-273
274,load,91,,1,7.0,7,7,256,Vector,275,True,0,182,91,-274
275,gelu,274,,2,7.0,7,7,256,Vector,276,False,0,183,,-275
276,store,275,91,3,7.0,7,7,256,Vector,,False,0,,91,-276
277,load,92,,1,7.0,8,7,256,Vector,278,True,0,184,92,-277
278,gelu,277,,2,7.0,8,7,256,Vector,279,False,0,185,,-278
279,store,278,92,3,7.0,8,7,256,Vector,,False,0,,92,-279
280,load,93,,1,7.0,9,7,256,Vector,281,True,0,186,93,-280
281,gelu,280,,2,7.0,9,7,256,Vector,282,False,0,187,,-281
282,store,281,93,3,7.0,9,7,256,Vector,,False,0,,93,-282
283,load,94,,1,7.0,10,7,256,Vector,284,True,0,188,94,-283
284,gelu,283,,2,7.0,10,7,256,Vector,285,False,0,189,,-284
285,store,284,94,3,7.0,10,7,256,Vector,,False,0,,94,-285
286,load,95,,1,7.0,11,7,256,Vector,287,True,0,190,95,-286
287,gelu,286,,2,7.0,11,7,256,Vector,288,False,0,191,,-287
288,store,287,95,3,7.0,11,7,256,Vector,,False,0,,95,-288
289,load,96,,1,8.0,0,8,256,Vector,290,True,0,192,96,-289
290,gelu,289,,2,8.0,0,8,256,Vector,291,False,0,193,,-290
291,store,290,96,3,8.0,0,8,256,Vector,,False,0,,96,-291
292,load,97,,1,8.0,1,8,256,Vector,293,True,0,194,97,-292
293,gelu,292,,2,8.0,1,8,256,Vector,294,False,0,195,,-293
294,store,293,97,3,8.0,1,8,256,Vector,,False,0,,97,-294
295,load,98,,1,8.0,2,8,256,Vector,296,True,0,196,98,-295
296,gelu,295,,2,8.0,2,8,256,Vector,297,False,0,197,,-296
297,store,296,98,3,8.0,2,8,256,Vector,,False,0,,98,-297
298,load,99,,1,8.0,3,8,256,Vector,299,True,0,198,99,-298
299,gelu,298,,2,8.0,3,8,256,Vector,300,False,0,199,,-299
300,store,299,99,3,8.0,3,8,256,Vector,,False,0,,99,-300
301,load,100,,1,8.0,4,8,256,Vector,302,True,0,200,100,-301
302,gelu,301,,2,8.0,4,8,256,Vector,303,False,0,201,,-302
303,store,302,100,3,8.0,4,8,256,Vector,,False,0,,100,-303
304,load,101,,1,8.0,5,8,256,Vector,305,True,0,202,101,-304
305,gelu,304,,2,8.0,5,8,256,Vector,306,False,0,203,,-305
306,store,305,101,3,8.0,5,8,256,Vector,,False,0,,101,-306
307,load,102,,1,8.0,6,8,256,Vector,308,True,0,204,102,-307
308,gelu,307,,2,8.0,6,8,256,Vector,309,False,0,205,,-308
309,store,308,102,3,8.0,6,8,256,Vector,,False,0,,102,-309
310,load,103,,1,8.0,7,8,256,Vector,311,True,0,206,103,-310
311,gelu,310,,2,8.0,7,8,256,Vector,312,False,0,207,,-311
312,store,311,103,3,8.0,7,8,256,Vector,,False,0,,103,-312
313,load,104,,1,8.0,8,8,256,Vector,314,True,0,208,104,-313
314,gelu,313,,2,8.0,8,8,256,Vector,315,False,0,209,,-314
315,store,314,104,3,8.0,8,8,256,Vector,,False,0,,104,-315
316,load,105,,1,8.0,9,8,256,Vector,317,True,0,210,105,-316
317,gelu,316,,2,8.0,9,8,256,Vector,318,False,0,211,,-317
318,store,317,105,3,8.0,9,8,256,Vector,,False,0,,105,-318
319,load,106,,1,8.0,10,8,256,Vector,320,True,0,212,106,-319
320,gelu,319,,2,8.0,10,8,256,Vector,321,False,0,213,,-320
321,store,320,106,3,8.0,10,8,256,Vector,,False,0,,106,-321
322,load,107,,1,8.0,11,8,256,Vector,323,True,0,214,107,-322
323,gelu,322,,2,8.0,11,8,256,Vector,324,False,0,215,,-323
324,store,323,107,3,8.0,11,8,256,Vector,,False,0,,107,-324
325,load,108,,1,9.0,0,9,256,Vector,326,True,0,216,108,-325
326,gelu,325,,2,9.0,0,9,256,Vector,327,False,0,217,,-326
327,store,326,108,3,9.0,0,9,256,Vector,,False,0,,108,-327
328,load,109,,1,9.0,1,9,256,Vector,329,True,0,218,109,-328
329,gelu,328,,2,9.0,1,9,256,Vector,330,False,0,219,,-329
330,store,329,109,3,9.0,1,9,256,Vector,,False,0,,109,-330
331,load,110,,1,9.0,2,9,256,Vector,332,True,0,220,110,-331
332,gelu,331,,2,9.0,2,9,256,Vector,333,False,0,221,,-332
333,store,332,110,3,9.0,2,9,256,Vector,,False,0,,110,-333
334,load,111,,1,9.0,3,9,256,Vector,335,True,0,222,111,-334
335,gelu,334,,2,9.0,3,9,256,Vector,336,False,0,223,,-335
336,store,335,111,3,9.0,3,9,256,Vector,,False,0,,111,-336
337,load,112,,1,9.0,4,9,256,Vector,338,True,0,224,112,-337
338,gelu,337,,2,9.0,4,9,256,Vector,339,False,0,225,,-338
339,store,338,112,3,9.0,4,9,256,Vector,,False,0,,112,-339
340,load,113,,1,9.0,5,9,256,Vector,341,True,0,226,113,-340
341,gelu,340,,2,9.0,5,9,256,Vector,342,False,0,227,,-341
342,store,341,113,3,9.0,5,9,256,Vector,,False,0,,113,-342
343,load,114,,1,9.0,6,9,256,Vector,344,True,0,228,114,-343
344,gelu,343,,2,9.0,6,9,256,Vector,345,False,0,229,,-344
345,store,344,114,3,9.0,6,9,256,Vector,,False,0,,114,-345
346,load,115,,1,9.0,7,9,256,Vector,347,True,0,230,115,-346
347,gelu,346,,2,9.0,7,9,256,Vector,348,False,0,231,,-347
348,store,347,115,3,9.0,7,9,256,Vector,,False,0,,115,-348
349,load,116,,1,9.0,8,9,256,Vector,350,True,0,232,116,-349
350,gelu,349,,2,9.0,8,9,256,Vector,351,False,0,233,,-350
351,store,350,116,3,9.0,8,9,256,Vector,,False,0,,116,-351
352,load,117,,1,9.0,9,9,256,Vector,353,True,0,234,117,-352
353,gelu,352,,2,9.0,9,9,256,Vector,354,False,0,235,,-353
354,store,353,117,3,9.0,9,9,256,Vector,,False,0,,117,-354
355,load,118,,1,9.0,10,9,256,Vector,356,True,0,236,118,-355
356,gelu,355,,2,9.0,10,9,256,Vector,357,False,0,237,,-356
357,store,356,118,3,9.0,10,9,256,Vector,,False,0,,118,-357
358,load,119,,1,9.0,11,9,256,Vector,359,True,0,238,119,-358
359,gelu,358,,2,9.0,11,9,256,Vector,360,False,0,239,,-359
360,store,359,119,3,9.0,11,9,256,Vector,,False,0,,119,-360
361,load,120,,1,10.0,0,10,256,Vector,362,True,0,240,120,-361
362,gelu,361,,2,10.0,0,10,256,Vector,363,False,0,241,,-362
363,store,362,120,3,10.0,0,10,256,Vector,,False,0,,120,-363
364,load,121,,1,10.0,1,10,256,Vector,365,True,0,242,121,-364
365,gelu,364,,2,10.0,1,10,256,Vector,366,False,0,243,,-365
366,store,365,121,3,10.0,1,10,256,Vector,,False,0,,121,-366
367,load,122,,1,10.0,2,10,256,Vector,368,True,0,244,122,-367
368,gelu,367,,2,10.0,2,10,256,Vector,369,False,0,245,,-368
369,store,368,122,3,10.0,2,10,256,Vector,,False,0,,122,-369
370,load,123,,1,10.0,3,10,256,Vector,371,True,0,246,123,-370
371,gelu,370,,2,10.0,3,10,256,Vector,372,False,0,247,,-371
372,store,371,123,3,10.0,3,10,256,Vector,,False,0,,123,-372
373,load,124,,1,10.0,4,10,256,Vector,374,True,0,248,124,-373
374,gelu,373,,2,10.0,4,10,256,Vector,375,False,0,249,,-374
375,store,374,124,3,10.0,4,10,256,Vector,,False,0,,124,-375
376,load,125,,1,10.0,5,10,256,Vector,377,True,0,250,125,-376
377,gelu,376,,2,10.0,5,10,256,Vector,378,False,0,251,,-377
378,store,377,125,3,10.0,5,10,256,Vector,,False,0,,125,-378
379,load,126,,1,10.0,6,10,256,Vector,380,True,0,252,126,-379
380,gelu,379,,2,10.0,6,10,256,Vector,381,False,0,253,,-380
381,store,380,126,3,10.0,6,10,256,Vector,,False,0,,126,-381
382,load,127,,1,10.0,7,10,256,Vector,383,True,0,254,127,-382
383,gelu,382,,2,10.0,7,10,256,Vector,384,False,0,255,,-383
384,store,383,127,3,10.0,7,10,256,Vector,,False,0,,127,-384
385,load,128,,1,10.0,8,10,256,Vector,386,True,0,0,128,-385
386,gelu,385,,2,10.0,8,10,256,Vector,387,False,0,1,,-386
387,store,386,128,3,10.0,8,10,256,Vector,,False,0,,128,-387
388,load,129,,1,10.0,9,10,256,Vector,389,True,0,2,129,-388
389,gelu,388,,2,10.0,9,10,256,Vector,390,False,0,3,,-389
390,store,389,129,3,10.0,9,10,256,Vector,,False,0,,129,-390
391,load,130,,1,10.0,10,10,256,Vector,392,True,0,4,130,-391
392,gelu,391,,2,10.0,10,10,256,Vector,393,False,0,5,,-392
393,store,392,130,3,10.0,10,10,256,Vector,,False,0,,130,-393
394,load,131,,1,10.0,11,10,256,Vector,395,True,0,6,131,-394
395,gelu,394,,2,10.0,11,10,256,Vector,396,False,0,7,,-395
396,store,395,131,3,10.0,11,10,256,Vector,,False,0,,131,-396
397,load,132,,1,11.0,0,11,256,Vector,398,True,0,8,132,-397
398,gelu,397,,2,11.0,0,11,256,Vector,399,False,0,9,,-398
399,store,398,132,3,11.0,0,11,256,Vector,,False,0,,132,-399
400,load,133,,1,11.0,1,11,256,Vector,401,True,0,10,133,-400
401,gelu,400,,2,11.0,1,11,256,Vector,402,False,0,11,,-401
402,store,401,133,3,11.0,1,11,256,Vector,,False,0,,133,-402
403,load,134,,1,11.0,2,11,256,Vector,404,True,0,12,134,-403
404,gelu,403,,2,11.0,2,11,256,Vector,405,False,0,13,,-404
405,store,404,134,3,11.0,2,11,256,Vector,,False,0,,134,-405
406,load,135,,1,11.0,3,11,256,Vector,407,True,0,14,135,-406
407,gelu,406,,2,11.0,3,11,256,Vector,408,False,0,15,,-407
408,store,407,135,3,11.0,3,11,256,Vector,,False,0,,135,-408
409,load,136,,1,11.0,4,11,256,Vector,410,True,0,16,136,-409
410,gelu,409,,2,11.0,4,11,256,Vector,411,False,0,17,,-410
411,store,410,136,3,11.0,4,11,256,Vector,,False,0,,136,-411
412,load,137,,1,11.0,5,11,256,Vector,413,True,0,18,137,-412
413,gelu,412,,2,11.0,5,11,256,Vector,414,False,0,19,,-413
414,store,413,137,3,11.0,5,11,256,Vector,,False,0,,137,-414
415,load,138,,1,11.0,6,11,256,Vector,416,True,0,20,138,-415
416,gelu,415,,2,11.0,6,11,256,Vector,417,False,0,21,,-416
417,store,416,138,3,11.0,6,11,256,Vector,,False,0,,138,-417
418,load,139,,1,11.0,7,11,256,Vector,419,True,0,22,139,-418
419,gelu,418,,2,11.0,7,11,256,Vector,420,False,0,23,,-419
420,store,419,139,3,11.0,7,11,256,Vector,,False,0,,139,-420
421,load,140,,1,11.0,8,11,256,Vector,422,True,0,24,140,-421
422,gelu,421,,2,11.0,8,11,256,Vector,423,False,0,25,,-422
423,store,422,140,3,11.0,8,11,256,Vector,,False,0,,140,-423
424,load,141,,1,11.0,9,11,256,Vector,425,True,0,26,141,-424
425,gelu,424,,2,11.0,9,11,256,Vector,426,False,0,27,,-425
426,store,425,141,3,11.0,9,11,256,Vector,,False,0,,141,-426
427,load,142,,1,11.0,10,11,256,Vector,428,True,0,28,142,-427
428,gelu,427,,2,11.0,10,11,256,Vector,429,False,0,29,,-428
429,store,428,142,3,11.0,10,11,256,Vector,,False,0,,142,-429
430,load,143,,1,11.0,11,11,256,Vector,431,True,0,30,143,-430
431,gelu,430,,2,11.0,11,11,256,Vector,432,False,0,31,,-431
432,store,431,143,3,11.0,11,11,256,Vector,,False,0,,143,-432
433,load,144,,1,12.0,0,12,256,Vector,434,True,0,32,144,-433
434,gelu,433,,2,12.0,0,12,256,Vector,435,False,0,33,,-434
435,store,434,144,3,12.0,0,12,256,Vector,,False,0,,144,-435
436,load,145,,1,12.0,1,12,256,Vector,437,True,0,34,145,-436
437,gelu,436,,2,12.0,1,12,256,Vector,438,False,0,35,,-437
438,store,437,145,3,12.0,1,12,256,Vector,,False,0,,145,-438
439,load,146,,1,12.0,2,12,256,Vector,440,True,0,36,146,-439
440,gelu,439,,2,12.0,2,12,256,Vector,441,False,0,37,,-440
441,store,440,146,3,12.0,2,12,256,Vector,,False,0,,146,-441
442,load,147,,1,12.0,3,12,256,Vector,443,True,0,38,147,-442
443,gelu,442,,2,12.0,3,12,256,Vector,444,False,0,39,,-443
444,store,443,147,3,12.0,3,12,256,Vector,,False,0,,147,-444
445,load,148,,1,12.0,4,12,256,Vector,446,True,0,40,148,-445
446,gelu,445,,2,12.0,4,12,256,Vector,447,False,0,41,,-446
447,store,446,148,3,12.0,4,12,256,Vector,,False,0,,148,-447
448,load,149,,1,12.0,5,12,256,Vector,449,True,0,42,149,-448
449,gelu,448,,2,12.0,5,12,256,Vector,450,False,0,43,,-449
450,store,449,149,3,12.0,5,12,256,Vector,,False,0,,149,-450
451,load,150,,1,12.0,6,12,256,Vector,452,True,0,44,150,-451
452,gelu,451,,2,12.0,6,12,256,Vector,453,False,0,45,,-452
453,store,452,150,3,12.0,6,12,256,Vector,,False,0,,150,-453
454,load,151,,1,12.0,7,12,256,Vector,455,True,0,46,151,-454
455,gelu,454,,2,12.0,7,12,256,Vector,456,False,0,47,,-455
456,store,455,151,3,12.0,7,12,256,Vector,,False,0,,151,-456
457,load,152,,1,12.0,8,12,256,Vector,458,True,0,48,152,-457
458,gelu,457,,2,12.0,8,12,256,Vector,459,False,0,49,,-458
459,store,458,152,3,12.0,8,12,256,Vector,,False,0,,152,-459
460,load,153,,1,12.0,9,12,256,Vector,461,True,0,50,153,-460
461,gelu,460,,2,12.0,9,12,256,Vector,462,False,0,51,,-461
462,store,461,153,3,12.0,9,12,256,Vector,,False,0,,153,-462
463,load,154,,1,12.0,10,12,256,Vector,464,True,0,52,154,-463
464,gelu,463,,2,12.0,10,12,256,Vector,465,False,0,53,,-464
465,store,464,154,3,12.0,10,12,256,Vector,,False,0,,154,-465
466,load,155,,1,12.0,11,12,256,Vector,467,True,0,54,155,-466
467,gelu,466,,2,12.0,11,12,256,Vector,468,False,0,55,,-467
468,store,467,155,3,12.0,11,12,256,Vector,,False,0,,155,-468
469,load,156,,1,13.0,0,13,256,Vector,470,True,0,56,156,-469
470,gelu,469,,2,13.0,0,13,256,Vector,471,False,0,57,,-470
471,store,470,156,3,13.0,0,13,256,Vector,,False,0,,156,-471
472,load,157,,1,13.0,1,13,256,Vector,473,True,0,58,157,-472
473,gelu,472,,2,13.0,1,13,256,Vector,474,False,0,59,,-473
474,store,473,157,3,13.0,1,13,256,Vector,,False,0,,157,-474
475,load,158,,1,13.0,2,13,256,Vector,476,True,0,60,158,-475
476,gelu,475,,2,13.0,2,13,256,Vector,477,False,0,61,,-476
477,store,476,158,3,13.0,2,13,256,Vector,,False,0,,158,-477
478,load,159,,1,13.0,3,13,256,Vector,479,True,0,62,159,-478
479,gelu,478,,2,13.0,3,13,256,Vector,480,False,0,63,,-479
480,store,479,159,3,13.0,3,13,256,Vector,,False,0,,159,-480
481,load,160,,1,13.0,4,13,256,Vector,482,True,0,64,160,-481
482,gelu,481,,2,13.0,4,13,256,Vector,483,False,0,65,,-482
483,store,482,160,3,13.0,4,13,256,Vector,,False,0,,160,-483
484,load,161,,1,13.0,5,13,256,Vector,485,True,0,66,161,-484
485,gelu,484,,2,13.0,5,13,256,Vector,486,False,0,67,,-485
486,store,485,161,3,13.0,5,13,256,Vector,,False,0,,161,-486
487,load,162,,1,13.0,6,13,256,Vector,488,True,0,68,162,-487
488,gelu,487,,2,13.0,6,13,256,Vector,489,False,0,69,,-488
489,store,488,162,3,13.0,6,13,256,Vector,,False,0,,162,-489
490,load,163,,1,13.0,7,13,256,Vector,491,True,0,70,163,-490
491,gelu,490,,2,13.0,7,13,256,Vector,492,False,0,71,,-491
492,store,491,163,3,13.0,7,13,256,Vector,,False,0,,163,-492
493,load,164,,1,13.0,8,13,256,Vector,494,True,0,72,164,-493
494,gelu,493,,2,13.0,8,13,256,Vector,495,False,0,73,,-494
495,store,494,164,3,13.0,8,13,256,Vector,,False,0,,164,-495
496,load,165,,1,13.0,9,13,256,Vector,497,True,0,74,165,-496
497,gelu,496,,2,13.0,9,13,256,Vector,498,False,0,75,,-497
498,store,497,165,3,13.0,9,13,256,Vector,,False,0,,165,-498
499,load,166,,1,13.0,10,13,256,Vector,500,True,0,76,166,-499
500,gelu,499,,2,13.0,10,13,256,Vector,501,False,0,77,,-500
501,store,500,166,3,13.0,10,13,256,Vector,,False,0,,166,-501
502,load,167,,1,13.0,11,13,256,Vector,503,True,0,78,167,-502
503,gelu,502,,2,13.0,11,13,256,Vector,504,False,0,79,,-503
504,store,503,167,3,13.0,11,13,256,Vector,,False,0,,167,-504
505,load,168,,1,14.0,0,14,256,Vector,506,True,0,80,168,-505
506,gelu,505,,2,14.0,0,14,256,Vector,507,False,0,81,,-506
507,store,506,168,3,14.0,0,14,256,Vector,,False,0,,168,-507
508,load,169,,1,14.0,1,14,256,Vector,509,True,0,82,169,-508
509,gelu,508,,2,14.0,1,14,256,Vector,510,False,0,83,,-509
510,store,509,169,3,14.0,1,14,256,Vector,,False,0,,169,-510
511,load,170,,1,14.0,2,14,256,Vector,512,True,0,84,170,-511
512,gelu,511,,2,14.0,2,14,256,Vector,513,False,0,85,,-512
513,store,512,170,3,14.0,2,14,256,Vector,,False,0,,170,-513
514,load,171,,1,14.0,3,14,256,Vector,515,True,0,86,171,-514
515,gelu,514,,2,14.0,3,14,256,Vector,516,False,0,87,,-515
516,store,515,171,3,14.0,3,14,256,Vector,,False,0,,171,-516
517,load,172,,1,14.0,4,14,256,Vector,518,True,0,88,172,-517
518,gelu,517,,2,14.0,4,14,256,Vector,519,False,0,89,,-518
519,store,518,172,3,14.0,4,14,256,Vector,,False,0,,172,-519
520,load,173,,1,14.0,5,14,256,Vector,521,True,0,90,173,-520
521,gelu,520,,2,14.0,5,14,256,Vector,522,False,0,91,,-521
522,store,521,173,3,14.0,5,14,256,Vector,,False,0,,173,-522
523,load,174,,1,14.0,6,14,256,Vector,524,True,0,92,174,-523
524,gelu,523,,2,14.0,6,14,256,Vector,525,False,0,93,,-524
525,store,524,174,3,14.0,6,14,256,Vector,,False,0,,174,-525
526,load,175,,1,14.0,7,14,256,Vector,527,True,0,94,175,-526
527,gelu,526,,2,14.0,7,14,256,Vector,528,False,0,95,,-527
528,store,527,175,3,14.0,7,14,256,Vector,,False,0,,175,-528
529,load,176,,1,14.0,8,14,256,Vector,530,True,0,96,176,-529
530,gelu,529,,2,14.0,8,14,256,Vector,531,False,0,97,,-530
531,store,530,176,3,14.0,8,14,256,Vector,,False,0,,176,-531
532,load,177,,1,14.0,9,14,256,Vector,533,True,0,98,177,-532
533,gelu,532,,2,14.0,9,14,256,Vector,534,False,0,99,,-533
534,store,533,177,3,14.0,9,14,256,Vector,,False,0,,177,-534
535,load,178,,1,14.0,10,14,256,Vector,536,True,0,100,178,-535
536,gelu,535,,2,14.0,10,14,256,Vector,537,False,0,101,,-536
537,store,536,178,3,14.0,10,14,256,Vector,,False,0,,178,-537
538,load,179,,1,14.0,11,14,256,Vector,539,True,0,102,179,-538
539,gelu,538,,2,14.0,11,14,256,Vector,540,False,0,103,,-539
540,store,539,179,3,14.0,11,14,256,Vector,,False,0,,179,-540
541,load,180,,1,15.0,0,15,256,Vector,542,True,0,104,180,-541
542,gelu,541,,2,15.0,0,15,256,Vector,543,False,0,105,,-542
543,store,542,180,3,15.0,0,15,256,Vector,,False,0,,180,-543
544,load,181,,1,15.0,1,15,256,Vector,545,True,0,106,181,-544
545,gelu,544,,2,15.0,1,15,256,Vector,546,False,0,107,,-545
546,store,545,181,3,15.0,1,15,256,Vector,,False,0,,181,-546
547,load,182,,1,15.0,2,15,256,Vector,548,True,0,108,182,-547
548,gelu,547,,2,15.0,2,15,256,Vector,549,False,0,109,,-548
549,store,548,182,3,15.0,2,15,256,Vector,,False,0,,182,-549
550,load,183,,1,15.0,3,15,256,Vector,551,True,0,110,183,-550
551,gelu,550,,2,15.0,3,15,256,Vector,552,False,0,111,,-551
552,store,551,183,3,15.0,3,15,256,Vector,,False,0,,183,-552
553,load,184,,1,15.0,4,15,256,Vector,554,True,0,112,184,-553
554,gelu,553,,2,15.0,4,15,256,Vector,555,False,0,113,,-554
555,store,554,184,3,15.0,4,15,256,Vector,,False,0,,184,-555
556,load,185,,1,15.0,5,15,256,Vector,557,True,0,114,185,-556
557,gelu,556,,2,15.0,5,15,256,Vector,558,False,0,115,,-557
558,store,557,185,3,15.0,5,15,256,Vector,,False,0,,185,-558
559,load,186,,1,15.0,6,15,256,Vector,560,True,0,116,186,-559
560,gelu,559,,2,15.0,6,15,256,Vector,561,False,0,117,,-560
561,store,560,186,3,15.0,6,15,256,Vector,,False,0,,186,-561
562,load,187,,1,15.0,7,15,256,Vector,563,True,0,118,187,-562
563,gelu,562,,2,15.0,7,15,256,Vector,564,False,0,119,,-563
564,store,563,187,3,15.0,7,15,256,Vector,,False,0,,187,-564
565,load,188,,1,15.0,8,15,256,Vector,566,True,0,120,188,-565
566,gelu,565,,2,15.0,8,15,256,Vector,567,False,0,121,,-566
567,store,566,188,3,15.0,8,15,256,Vector,,False,0,,188,-567
568,load,189,,1,15.0,9,15,256,Vector,569,True,0,122,189,-568
569,gelu,568,,2,15.0,9,15,256,Vector,570,False,0,123,,-569
570,store,569,189,3,15.0,9,15,256,Vector,,False,0,,189,-570
571,load,190,,1,15.0,10,15,256,Vector,572,True,0,124,190,-571
572,gelu,571,,2,15.0,10,15,256,Vector,573,False,0,125,,-572
573,store,572,190,3,15.0,10,15,256,Vector,,False,0,,190,-573
574,load,191,,1,15.0,11,15,256,Vector,575,True,0,126,191,-574
575,gelu,574,,2,15.0,11,15,256,Vector,576,False,0,127,,-575
576,store,575,191,3,15.0,11,15,256,Vector,,False,0,,191,-576
577,load,192,,1,16.0,0,16,256,Vector,578,True,0,128,192,-577
578,gelu,577,,2,16.0,0,16,256,Vector,579,False,0,129,,-578
579,store,578,192,3,16.0,0,16,256,Vector,,False,0,,192,-579
580,load,193,,1,16.0,1,16,256,Vector,581,True,0,130,193,-580
581,gelu,580,,2,16.0,1,16,256,Vector,582,False,0,131,,-581
582,store,581,193,3,16.0,1,16,256,Vector,,False,0,,193,-582
583,load,194,,1,16.0,2,16,256,Vector,584,True,0,132,194,-583
584,gelu,583,,2,16.0,2,16,256,Vector,585,False,0,133,,-584
585,store,584,194,3,16.0,2,16,256,Vector,,False,0,,194,-585
586,load,195,,1,16.0,3,16,256,Vector,587,True,0,134,195,-586
587,gelu,586,,2,16.0,3,16,256,Vector,588,False,0,135,,-587
588,store,587,195,3,16.0,3,16,256,Vector,,False,0,,195,-588
589,load,196,,1,16.0,4,16,256,Vector,590,True,0,136,196,-589
590,gelu,589,,2,16.0,4,16,256,Vector,591,False,0,137,,-590
591,store,590,196,3,16.0,4,16,256,Vector,,False,0,,196,-591
592,load,197,,1,16.0,5,16,256,Vector,593,True,0,138,197,-592
593,gelu,592,,2,16.0,5,16,256,Vector,594,False,0,139,,-593
594,store,593,197,3,16.0,5,16,256,Vector,,False,0,,197,-594
595,load,198,,1,16.0,6,16,256,Vector,596,True,0,140,198,-595
596,gelu,595,,2,16.0,6,16,256,Vector,597,False,0,141,,-596
597,store,596,198,3,16.0,6,16,256,Vector,,False,0,,198,-597
598,load,199,,1,16.0,7,16,256,Vector,599,True,0,142,199,-598
599,gelu,598,,2,16.0,7,16,256,Vector,600,False,0,143,,-599
600,store,599,199,3,16.0,7,16,256,Vector,,False,0,,199,-600
601,load,200,,1,16.0,8,16,256,Vector,602,True,0,144,200,-601
602,gelu,601,,2,16.0,8,16,256,Vector,603,False,0,145,,-602
603,store,602,200,3,16.0,8,16,256,Vector,,False,0,,200,-603
604,load,201,,1,16.0,9,16,256,Vector,605,True,0,146,201,-604
605,gelu,604,,2,16.0,9,16,256,Vector,606,False,0,147,,-605
606,store,605,201,3,16.0,9,16,256,Vector,,False,0,,201,-606
607,load,202,,1,16.0,10,16,256,Vector,608,True,0,148,202,-607
608,gelu,607,,2,16.0,10,16,256,Vector,609,False,0,149,,-608
609,store,608,202,3,16.0,10,16,256,Vector,,False,0,,202,-609
610,load,203,,1,16.0,11,16,256,Vector,611,True,0,150,203,-610
611,gelu,610,,2,16.0,11,16,256,Vector,612,False,0,151,,-611
612,store,611,203,3,16.0,11,16,256,Vector,,False,0,,203,-612
613,load,204,,1,17.0,0,17,256,Vector,614,True,0,152,204,-613
614,gelu,613,,2,17.0,0,17,256,Vector,615,False,0,153,,-614
615,store,614,204,3,17.0,0,17,256,Vector,,False,0,,204,-615
616,load,205,,1,17.0,1,17,256,Vector,617,True,0,154,205,-616
617,gelu,616,,2,17.0,1,17,256,Vector,618,False,0,155,,-617
618,store,617,205,3,17.0,1,17,256,Vector,,False,0,,205,-618
619,load,206,,1,17.0,2,17,256,Vector,620,True,0,156,206,-619
620,gelu,619,,2,17.0,2,17,256,Vector,621,False,0,157,,-620
621,store,620,206,3,17.0,2,17,256,Vector,,False,0,,206,-621
622,load,207,,1,17.0,3,17,256,Vector,623,True,0,158,207,-622
623,gelu,622,,2,17.0,3,17,256,Vector,624,False,0,159,,-623
624,store,623,207,3,17.0,3,17,256,Vector,,False,0,,207,-624
625,load,208,,1,17.0,4,17,256,Vector,626,True,0,160,208,-625
626,gelu,625,,2,17.0,4,17,256,Vector,627,False,0,161,,-626
627,store,626,208,3,17.0,4,17,256,Vector,,False,0,,208,-627
628,load,209,,1,17.0,5,17,256,Vector,629,True,0,162,209,-628
629,gelu,628,,2,17.0,5,17,256,Vector,630,False,0,163,,-629
630,store,629,209,3,17.0,5,17,256,Vector,,False,0,,209,-630
631,load,210,,1,17.0,6,17,256,Vector,632,True,0,164,210,-631
632,gelu,631,,2,17.0,6,17,256,Vector,633,False,0,165,,-632
633,store,632,210,3,17.0,6,17,256,Vector,,False,0,,210,-633
634,load,211,,1,17.0,7,17,256,Vector,635,True,0,166,211,-634
635,gelu,634,,2,17.0,7,17,256,Vector,636,False,0,167,,-635
636,store,635,211,3,17.0,7,17,256,Vector,,False,0,,211,-636
637,load,212,,1,17.0,8,17,256,Vector,638,True,0,168,212,-637
638,gelu,637,,2,17.0,8,17,256,Vector,639,False,0,169,,-638
639,store,638,212,3,17.0,8,17,256,Vector,,False,0,,212,-639
640,load,213,,1,17.0,9,17,256,Vector,641,True,0,170,213,-640
641,gelu,640,,2,17.0,9,17,256,Vector,642,False,0,171,,-641
642,store,641,213,3,17.0,9,17,256,Vector,,False,0,,213,-642
643,load,214,,1,17.0,10,17,256,Vector,644,True,0,172,214,-643
644,gelu,643,,2,17.0,10,17,256,Vector,645,False,0,173,,-644
645,store,644,214,3,17.0,10,17,256,Vector,,False,0,,214,-645
646,load,215,,1,17.0,11,17,256,Vector,647,True,0,174,215,-646
647,gelu,646,,2,17.0,11,17,256,Vector,648,False,0,175,,-647
648,store,647,215,3,17.0,11,17,256,Vector,,False,0,,215,-648
649,load,216,,1,18.0,0,18,256,Vector,650,True,0,176,216,-649
650,gelu,649,,2,18.0,0,18,256,Vector,651,False,0,177,,-650
651,store,650,216,3,18.0,0,18,256,Vector,,False,0,,216,-651
652,load,217,,1,18.0,1,18,256,Vector,653,True,0,178,217,-652
653,gelu,652,,2,18.0,1,18,256,Vector,654,False,0,179,,-653
654,store,653,217,3,18.0,1,18,256,Vector,,False,0,,217,-654
655,load,218,,1,18.0,2,18,256,Vector,656,True,0,180,218,-655
656,gelu,655,,2,18.0,2,18,256,Vector,657,False,0,181,,-656
657,store,656,218,3,18.0,2,18,256,Vector,,False,0,,218,-657
658,load,219,,1,18.0,3,18,256,Vector,659,True,0,182,219,-658
659,gelu,658,,2,18.0,3,18,256,Vector,660,False,0,183,,-659
660,store,659,219,3,18.0,3,18,256,Vector,,False,0,,219,-660
661,load,220,,1,18.0,4,18,256,Vector,662,True,0,184,220,-661
662,gelu,661,,2,18.0,4,18,256,Vector,663,False,0,185,,-662
663,store,662,220,3,18.0,4,18,256,Vector,,False,0,,220,-663
664,load,221,,1,18.0,5,18,256,Vector,665,True,0,186,221,-664
665,gelu,664,,2,18.0,5,18,256,Vector,666,False,0,187,,-665
666,store,665,221,3,18.0,5,18,256,Vector,,False,0,,221,-666
667,load,222,,1,18.0,6,18,256,Vector,668,True,0,188,222,-667
668,gelu,667,,2,18.0,6,18,256,Vector,669,False,0,189,,-668
669,store,668,222,3,18.0,6,18,256,Vector,,False,0,,222,-669
670,load,223,,1,18.0,7,18,256,Vector,671,True,0,190,223,-670
671,gelu,670,,2,18.0,7,18,256,Vector,672,False,0,191,,-671
672,store,671,223,3,18.0,7,18,256,Vector,,False,0,,223,-672
673,load,224,,1,18.0,8,18,256,Vector,674,True,0,192,224,-673
674,gelu,673,,2,18.0,8,18,256,Vector,675,False,0,193,,-674
675,store,674,224,3,18.0,8,18,256,Vector,,False,0,,224,-675
676,load,225,,1,18.0,9,18,256,Vector,677,True,0,194,225,-676
677,gelu,676,,2,18.0,9,18,256,Vector,678,False,0,195,,-677
678,store,677,225,3,18.0,9,18,256,Vector,,False,0,,225,-678
679,load,226,,1,18.0,10,18,256,Vector,680,True,0,196,226,-679
680,gelu,679,,2,18.0,10,18,256,Vector,681,False,0,197,,-680
681,store,680,226,3,18.0,10,18,256,Vector,,False,0,,226,-681
682,load,227,,1,18.0,11,18,256,Vector,683,True,0,198,227,-682
683,gelu,682,,2,18.0,11,18,256,Vector,684,False,0,199,,-683
684,store,683,227,3,18.0,11,18,256,Vector,,False,0,,227,-684
685,load,228,,1,19.0,0,19,256,Vector,686,True,0,200,228,-685
686,gelu,685,,2,19.0,0,19,256,Vector,687,False,0,201,,-686
687,store,686,228,3,19.0,0,19,256,Vector,,False,0,,228,-687
688,load,229,,1,19.0,1,19,256,Vector,689,True,0,202,229,-688
689,gelu,688,,2,19.0,1,19,256,Vector,690,False,0,203,,-689
690,store,689,229,3,19.0,1,19,256,Vector,,False,0,,229,-690
691,load,230,,1,19.0,2,19,256,Vector,692,True,0,204,230,-691
692,gelu,691,,2,19.0,2,19,256,Vector,693,False,0,205,,-692
693,store,692,230,3,19.0,2,19,256,Vector,,False,0,,230,-693
694,load,231,,1,19.0,3,19,256,Vector,695,True,0,206,231,-694
695,gelu,694,,2,19.0,3,19,256,Vector,696,False,0,207,,-695
696,store,695,231,3,19.0,3,19,256,Vector,,False,0,,231,-696
697,load,232,,1,19.0,4,19,256,Vector,698,True,0,208,232,-697
698,gelu,697,,2,19.0,4,19,256,Vector,699,False,0,209,,-698
699,store,698,232,3,19.0,4,19,256,Vector,,False,0,,232,-699
700,load,233,,1,19.0,5,19,256,Vector,701,True,0,210,233,-700
701,gelu,700,,2,19.0,5,19,256,Vector,702,False,0,211,,-701
702,store,701,233,3,19.0,5,19,256,Vector,,False,0,,233,-702
703,load,234,,1,19.0,6,19,256,Vector,704,True,0,212,234,-703
704,gelu,703,,2,19.0,6,19,256,Vector,705,False,0,213,,-704
705,store,704,234,3,19.0,6,19,256,Vector,,False,0,,234,-705
706,load,235,,1,19.0,7,19,256,Vector,707,True,0,214,235,-706
707,gelu,706,,2,19.0,7,19,256,Vector,708,False,0,215,,-707
708,store,707,235,3,19.0,7,19,256,Vector,,False,0,,235,-708
709,load,236,,1,19.0,8,19,256,Vector,710,True,0,216,236,-709
710,gelu,709,,2,19.0,8,19,256,Vector,711,False,0,217,,-710
711,store,710,236,3,19.0,8,19,256,Vector,,False,0,,236,-711
712,load,237,,1,19.0,9,19,256,Vector,713,True,0,218,237,-712
713,gelu,712,,2,19.0,9,19,256,Vector,714,False,0,219,,-713
714,store,713,237,3,19.0,9,19,256,Vector,,False,0,,237,-714
715,load,238,,1,19.0,10,19,256,Vector,716,True,0,220,238,-715
716,gelu,715,,2,19.0,10,19,256,Vector,717,False,0,221,,-716
717,store,716,238,3,19.0,10,19,256,Vector,,False,0,,238,-717
718,load,239,,1,19.0,11,19,256,Vector,719,True,0,222,239,-718
719,gelu,718,,2,19.0,11,19,256,Vector,720,False,0,223,,-719
720,store,719,239,3,19.0,11,19,256,Vector,,False,0,,239,-720
721,load,240,,1,20.0,0,20,256,Vector,722,True,0,224,240,-721
722,gelu,721,,2,20.0,0,20,256,Vector,723,False,0,225,,-722
723,store,722,240,3,20.0,0,20,256,Vector,,False,0,,240,-723
724,load,241,,1,20.0,1,20,256,Vector,725,True,0,226,241,-724
725,gelu,724,,2,20.0,1,20,256,Vector,726,False,0,227,,-725
726,store,725,241,3,20.0,1,20,256,Vector,,False,0,,241,-726
727,load,242,,1,20.0,2,20,256,Vector,728,True,0,228,242,-727
728,gelu,727,,2,20.0,2,20,256,Vector,729,False,0,229,,-728
729,store,728,242,3,20.0,2,20,256,Vector,,False,0,,242,-729
730,load,243,,1,20.0,3,20,256,Vector,731,True,0,230,243,-730
731,gelu,730,,2,20.0,3,20,256,Vector,732,False,0,231,,-731
732,store,731,243,3,20.0,3,20,256,Vector,,False,0,,243,-732
733,load,244,,1,20.0,4,20,256,Vector,734,True,0,232,244,-733
734,gelu,733,,2,20.0,4,20,256,Vector,735,False,0,233,,-734
735,store,734,244,3,20.0,4,20,256,Vector,,False,0,,244,-735
736,load,245,,1,20.0,5,20,256,Vector,737,True,0,234,245,-736
737,gelu,736,,2,20.0,5,20,256,Vector,738,False,0,235,,-737
738,store,737,245,3,20.0,5,20,256,Vector,,False,0,,245,-738
739,load,246,,1,20.0,6,20,256,Vector,740,True,0,236,246,-739
740,gelu,739,,2,20.0,6,20,256,Vector,741,False,0,237,,-740
741,store,740,246,3,20.0,6,20,256,Vector,,False,0,,246,-741
742,load,247,,1,20.0,7,20,256,Vector,743,True,0,238,247,-742
743,gelu,742,,2,20.0,7,20,256,Vector,744,False,0,239,,-743
744,store,743,247,3,20.0,7,20,256,Vector,,False,0,,247,-744
745,load,248,,1,20.0,8,20,256,Vector,746,True,0,240,248,-745
746,gelu,745,,2,20.0,8,20,256,Vector,747,False,0,241,,-746
747,store,746,248,3,20.0,8,20,256,Vector,,False,0,,248,-747
748,load,249,,1,20.0,9,20,256,Vector,749,True,0,242,249,-748
749,gelu,748,,2,20.0,9,20,256,Vector,750,False,0,243,,-749
750,store,749,249,3,20.0,9,20,256,Vector,,False,0,,249,-750
751,load,250,,1,20.0,10,20,256,Vector,752,True,0,244,250,-751
752,gelu,751,,2,20.0,10,20,256,Vector,753,False,0,245,,-752
753,store,752,250,3,20.0,10,20,256,Vector,,False,0,,250,-753
754,load,251,,1,20.0,11,20,256,Vector,755,True,0,246,251,-754
755,gelu,754,,2,20.0,11,20,256,Vector,756,False,0,247,,-755
756,store,755,251,3,20.0,11,20,256,Vector,,False,0,,251,-756
757,load,252,,1,21.0,0,21,256,Vector,758,True,0,248,252,-757
758,gelu,757,,2,21.0,0,21,256,Vector,759,False,0,249,,-758
759,store,758,252,3,21.0,0,21,256,Vector,,False,0,,252,-759
760,load,253,,1,21.0,1,21,256,Vector,761,True,0,250,253,-760
761,gelu,760,,2,21.0,1,21,256,Vector,762,False,0,251,,-761
762,store,761,253,3,21.0,1,21,256,Vector,,False,0,,253,-762
763,load,254,,1,21.0,2,21,256,Vector,764,True,0,252,254,-763
764,gelu,763,,2,21.0,2,21,256,Vector,765,False,0,253,,-764
765,store,764,254,3,21.0,2,21,256,Vector,,False,0,,254,-765
766,load,255,,1,21.0,3,21,256,Vector,767,True,0,254,255,-766
767,gelu,766,,2,21.0,3,21,256,Vector,768,False,0,255,,-767
768,store,767,255,3,21.0,3,21,256,Vector,,False,0,,255,-768
769,load,256,,1,21.0,4,21,256,Vector,770,True,0,0,256,-769
770,gelu,769,,2,21.0,4,21,256,Vector,771,False,0,1,,-770
771,store,770,256,3,21.0,4,21,256,Vector,,False,0,,256,-771
772,load,257,,1,21.0,5,21,256,Vector,773,True,0,2,257,-772
773,gelu,772,,2,21.0,5,21,256,Vector,774,False,0,3,,-773
774,store,773,257,3,21.0,5,21,256,Vector,,False,0,,257,-774
775,load,258,,1,21.0,6,21,256,Vector,776,True,0,4,258,-775
776,gelu,775,,2,21.0,6,21,256,Vector,777,False,0,5,,-776
777,store,776,258,3,21.0,6,21,256,Vector,,False,0,,258,-777
778,load,259,,1,21.0,7,21,256,Vector,779,True,0,6,259,-778
779,gelu,778,,2,21.0,7,21,256,Vector,780,False,0,7,,-779
780,store,779,259,3,21.0,7,21,256,Vector,,False,0,,259,-780
781,load,260,,1,21.0,8,21,256,Vector,782,True,0,8,260,-781
782,gelu,781,,2,21.0,8,21,256,Vector,783,False,0,9,,-782
783,store,782,260,3,21.0,8,21,256,Vector,,False,0,,260,-783
784,load,261,,1,21.0,9,21,256,Vector,785,True,0,10,261,-784
785,gelu,784,,2,21.0,9,21,256,Vector,786,False,0,11,,-785
786,store,785,261,3,21.0,9,21,256,Vector,,False,0,,261,-786
787,load,262,,1,21.0,10,21,256,Vector,788,True,0,12,262,-787
788,gelu,787,,2,21.0,10,21,256,Vector,789,False,0,13,,-788
789,store,788,262,3,21.0,10,21,256,Vector,,False,0,,262,-789
790,load,263,,1,21.0,11,21,256,Vector,791,True,0,14,263,-790
791,gelu,790,,2,21.0,11,21,256,Vector,792,False,0,15,,-791
792,store,791,263,3,21.0,11,21,256,Vector,,False,0,,263,-792
793,load,264,,1,22.0,0,22,256,Vector,794,True,0,16,264,-793
794,gelu,793,,2,22.0,0,22,256,Vector,795,False,0,17,,-794
795,store,794,264,3,22.0,0,22,256,Vector,,False,0,,264,-795
796,load,265,,1,22.0,1,22,256,Vector,797,True,0,18,265,-796
797,gelu,796,,2,22.0,1,22,256,Vector,798,False,0,19,,-797
798,store,797,265,3,22.0,1,22,256,Vector,,False,0,,265,-798
799,load,266,,1,22.0,2,22,256,Vector,800,True,0,20,266,-799
800,gelu,799,,2,22.0,2,22,256,Vector,801,False,0,21,,-800
801,store,800,266,3,22.0,2,22,256,Vector,,False,0,,266,-801
802,load,267,,1,22.0,3,22,256,Vector,803,True,0,22,267,-802
803,gelu,802,,2,22.0,3,22,256,Vector,804,False,0,23,,-803
804,store,803,267,3,22.0,3,22,256,Vector,,False,0,,267,-804
805,load,268,,1,22.0,4,22,256,Vector,806,True,0,24,268,-805
806,gelu,805,,2,22.0,4,22,256,Vector,807,False,0,25,,-806
807,store,806,268,3,22.0,4,22,256,Vector,,False,0,,268,-807
808,load,269,,1,22.0,5,22,256,Vector,809,True,0,26,269,-808
809,gelu,808,,2,22.0,5,22,256,Vector,810,False,0,27,,-809
810,store,809,269,3,22.0,5,22,256,Vector,,False,0,,269,-810
811,load,270,,1,22.0,6,22,256,Vector,812,True,0,28,270,-811
812,gelu,811,,2,22.0,6,22,256,Vector,813,False,0,29,,-812
813,store,812,270,3,22.0,6,22,256,Vector,,False,0,,270,-813
814,load,271,,1,22.0,7,22,256,Vector,815,True,0,30,271,-814
815,gelu,814,,2,22.0,7,22,256,Vector,816,False,0,31,,-815
816,store,815,271,3,22.0,7,22,256,Vector,,False,0,,271,-816
817,load,272,,1,22.0,8,22,256,Vector,818,True,0,32,272,-817
818,gelu,817,,2,22.0,8,22,256,Vector,819,False,0,33,,-818
819,store,818,272,3,22.0,8,22,256,Vector,,False,0,,272,-819
820,load,273,,1,22.0,9,22,256,Vector,821,True,0,34,273,-820
821,gelu,820,,2,22.0,9,22,256,Vector,822,False,0,35,,-821
822,store,821,273,3,22.0,9,22,256,Vector,,False,0,,273,-822
823,load,274,,1,22.0,10,22,256,Vector,824,True,0,36,274,-823
824,gelu,823,,2,22.0,10,22,256,Vector,825,False,0,37,,-824
825,store,824,274,3,22.0,10,22,256,Vector,,False,0,,274,-825
826,load,275,,1,22.0,11,22,256,Vector,827,True,0,38,275,-826
827,gelu,826,,2,22.0,11,22,256,Vector,828,False,0,39,,-827
828,store,827,275,3,22.0,11,22,256,Vector,,False,0,,275,-828
829,load,276,,1,23.0,0,23,256,Vector,830,True,0,40,276,-829
830,gelu,829,,2,23.0,0,23,256,Vector,831,False,0,41,,-830
831,store,830,276,3,23.0,0,23,256,Vector,,False,0,,276,-831
832,load,277,,1,23.0,1,23,256,Vector,833,True,0,42,277,-832
833,gelu,832,,2,23.0,1,23,256,Vector,834,False,0,43,,-833
834,store,833,277,3,23.0,1,23,256,Vector,,False,0,,277,-834
835,load,278,,1,23.0,2,23,256,Vector,836,True,0,44,278,-835
836,gelu,835,,2,23.0,2,23,256,Vector,837,False,0,45,,-836
837,store,836,278,3,23.0,2,23,256,Vector,,False,0,,278,-837
838,load,279,,1,23.0,3,23,256,Vector,839,True,0,46,279,-838
839,gelu,838,,2,23.0,3,23,256,Vector,840,False,0,47,,-839
840,store,839,279,3,23.0,3,23,256,Vector,,False,0,,279,-840
841,load,280,,1,23.0,4,23,256,Vector,842,True,0,48,280,-841
842,gelu,841,,2,23.0,4,23,256,Vector,843,False,0,49,,-842
843,store,842,280,3,23.0,4,23,256,Vector,,False,0,,280,-843
844,load,281,,1,23.0,5,23,256,Vector,845,True,0,50,281,-844
845,gelu,844,,2,23.0,5,23,256,Vector,846,False,0,51,,-845
846,store,845,281,3,23.0,5,23,256,Vector,,False,0,,281,-846
847,load,282,,1,23.0,6,23,256,Vector,848,True,0,52,282,-847
848,gelu,847,,2,23.0,6,23,256,Vector,849,False,0,53,,-848
849,store,848,282,3,23.0,6,23,256,Vector,,False,0,,282,-849
850,load,283,,1,23.0,7,23,256,Vector,851,True,0,54,283,-850
851,gelu,850,,2,23.0,7,23,256,Vector,852,False,0,55,,-851
852,store,851,283,3,23.0,7,23,256,Vector,,False,0,,283,-852
853,load,284,,1,23.0,8,23,256,Vector,854,True,0,56,284,-853
854,gelu,853,,2,23.0,8,23,256,Vector,855,False,0,57,,-854
855,store,854,284,3,23.0,8,23,256,Vector,,False,0,,284,-855
856,load,285,,1,23.0,9,23,256,Vector,857,True,0,58,285,-856
857,gelu,856,,2,23.0,9,23,256,Vector,858,False,0,59,,-857
858,store,857,285,3,23.0,9,23,256,Vector,,False,0,,285,-858
859,load,286,,1,23.0,10,23,256,Vector,860,True,0,60,286,-859
860,gelu,859,,2,23.0,10,23,256,Vector,861,False,0,61,,-860
861,store,860,286,3,23.0,10,23,256,Vector,,False,0,,286,-861
862,load,287,,1,23.0,11,23,256,Vector,863,True,0,62,287,-862
863,gelu,862,,2,23.0,11,23,256,Vector,864,False,0,63,,-863
864,store,863,287,3,23.0,11,23,256,Vector,,False,0,,287,-864
865,load,288,,1,24.0,0,24,256,Vector,866,True,0,64,288,-865
866,gelu,865,,2,24.0,0,24,256,Vector,867,False,0,65,,-866
867,store,866,288,3,24.0,0,24,256,Vector,,False,0,,288,-867
868,load,289,,1,24.0,1,24,256,Vector,869,True,0,66,289,-868
869,gelu,868,,2,24.0,1,24,256,Vector,870,False,0,67,,-869
870,store,869,289,3,24.0,1,24,256,Vector,,False,0,,289,-870
871,load,290,,1,24.0,2,24,256,Vector,872,True,0,68,290,-871
872,gelu,871,,2,24.0,2,24,256,Vector,873,False,0,69,,-872
873,store,872,290,3,24.0,2,24,256,Vector,,False,0,,290,-873
874,load,291,,1,24.0,3,24,256,Vector,875,True,0,70,291,-874
875,gelu,874,,2,24.0,3,24,256,Vector,876,False,0,71,,-875
876,store,875,291,3,24.0,3,24,256,Vector,,False,0,,291,-876
877,load,292,,1,24.0,4,24,256,Vector,878,True,0,72,292,-877
878,gelu,877,,2,24.0,4,24,256,Vector,879,False,0,73,,-878
879,store,878,292,3,24.0,4,24,256,Vector,,False,0,,292,-879
880,load,293,,1,24.0,5,24,256,Vector,881,True,0,74,293,-880
881,gelu,880,,2,24.0,5,24,256,Vector,882,False,0,75,,-881
882,store,881,293,3,24.0,5,24,256,Vector,,False,0,,293,-882
883,load,294,,1,24.0,6,24,256,Vector,884,True,0,76,294,-883
884,gelu,883,,2,24.0,6,24,256,Vector,885,False,0,77,,-884
885,store,884,294,3,24.0,6,24,256,Vector,,False,0,,294,-885
886,load,295,,1,24.0,7,24,256,Vector,887,True,0,78,295,-886
887,gelu,886,,2,24.0,7,24,256,Vector,888,False,0,79,,-887
888,store,887,295,3,24.0,7,24,256,Vector,,False,0,,295,-888
889,load,296,,1,24.0,8,24,256,Vector,890,True,0,80,296,-889
890,gelu,889,,2,24.0,8,24,256,Vector,891,False,0,81,,-890
891,store,890,296,3,24.0,8,24,256,Vector,,False,0,,296,-891
892,load,297,,1,24.0,9,24,256,Vector,893,True,0,82,297,-892
893,gelu,892,,2,24.0,9,24,256,Vector,894,False,0,83,,-893
894,store,893,297,3,24.0,9,24,256,Vector,,False,0,,297,-894
895,load,298,,1,24.0,10,24,256,Vector,896,True,0,84,298,-895
896,gelu,895,,2,24.0,10,24,256,Vector,897,False,0,85,,-896
897,store,896,298,3,24.0,10,24,256,Vector,,False,0,,298,-897
898,load,299,,1,24.0,11,24,256,Vector,899,True,0,86,299,-898
899,gelu,898,,2,24.0,11,24,256,Vector,900,False,0,87,,-899
900,store,899,299,3,24.0,11,24,256,Vector,,False,0,,299,-900
901,load,300,,1,25.0,0,25,256,Vector,902,True,0,88,300,-901
902,gelu,901,,2,25.0,0,25,256,Vector,903,False,0,89,,-902
903,store,902,300,3,25.0,0,25,256,Vector,,False,0,,300,-903
904,load,301,,1,25.0,1,25,256,Vector,905,True,0,90,301,-904
905,gelu,904,,2,25.0,1,25,256,Vector,906,False,0,91,,-905
906,store,905,301,3,25.0,1,25,256,Vector,,False,0,,301,-906
907,load,302,,1,25.0,2,25,256,Vector,908,True,0,92,302,-907
908,gelu,907,,2,25.0,2,25,256,Vector,909,False,0,93,,-908
909,store,908,302,3,25.0,2,25,256,Vector,,False,0,,302,-909
910,load,303,,1,25.0,3,25,256,Vector,911,True,0,94,303,-910
911,gelu,910,,2,25.0,3,25,256,Vector,912,False,0,95,,-911
912,store,911,303,3,25.0,3,25,256,Vector,,False,0,,303,-912
913,load,304,,1,25.0,4,25,256,Vector,914,True,0,96,304,-913
914,gelu,913,,2,25.0,4,25,256,Vector,915,False,0,97,,-914
915,store,914,304,3,25.0,4,25,256,Vector,,False,0,,304,-915
916,load,305,,1,25.0,5,25,256,Vector,917,True,0,98,305,-916
917,gelu,916,,2,25.0,5,25,256,Vector,918,False,0,99,,-917
918,store,917,305,3,25.0,5,25,256,Vector,,False,0,,305,-918
919,load,306,,1,25.0,6,25,256,Vector,920,True,0,100,306,-919
920,gelu,919,,2,25.0,6,25,256,Vector,921,False,0,101,,-920
921,store,920,306,3,25.0,6,25,256,Vector,,False,0,,306,-921
922,load,307,,1,25.0,7,25,256,Vector,923,True,0,102,307,-922
923,gelu,922,,2,25.0,7,25,256,Vector,924,False,0,103,,-923
924,store,923,307,3,25.0,7,25,256,Vector,,False,0,,307,-924
925,load,308,,1,25.0,8,25,256,Vector,926,True,0,104,308,-925
926,gelu,925,,2,25.0,8,25,256,Vector,927,False,0,105,,-926
927,store,926,308,3,25.0,8,25,256,Vector,,False,0,,308,-927
928,load,309,,1,25.0,9,25,256,Vector,929,True,0,106,309,-928
929,gelu,928,,2,25.0,9,25,256,Vector,930,False,0,107,,-929
930,store,929,309,3,25.0,9,25,256,Vector,,False,0,,309,-930
931,load,310,,1,25.0,10,25,256,Vector,932,True,0,108,310,-931
932,gelu,931,,2,25.0,10,25,256,Vector,933,False,0,109,,-932
933,store,932,310,3,25.0,10,25,256,Vector,,False,0,,310,-933
934,load,311,,1,25.0,11,25,256,Vector,935,True,0,110,311,-934
935,gelu,934,,2,25.0,11,25,256,Vector,936,False,0,111,,-935
936,store,935,311,3,25.0,11,25,256,Vector,,False,0,,311,-936
937,load,312,,1,26.0,0,26,256,Vector,938,True,0,112,312,-937
938,gelu,937,,2,26.0,0,26,256,Vector,939,False,0,113,,-938
939,store,938,312,3,26.0,0,26,256,Vector,,False,0,,312,-939
940,load,313,,1,26.0,1,26,256,Vector,941,True,0,114,313,-940
941,gelu,940,,2,26.0,1,26,256,Vector,942,False,0,115,,-941
942,store,941,313,3,26.0,1,26,256,Vector,,False,0,,313,-942
943,load,314,,1,26.0,2,26,256,Vector,944,True,0,116,314,-943
944,gelu,943,,2,26.0,2,26,256,Vector,945,False,0,117,,-944
945,store,944,314,3,26.0,2,26,256,Vector,,False,0,,314,-945
946,load,315,,1,26.0,3,26,256,Vector,947,True,0,118,315,-946
947,gelu,946,,2,26.0,3,26,256,Vector,948,False,0,119,,-947
948,store,947,315,3,26.0,3,26,256,Vector,,False,0,,315,-948
949,load,316,,1,26.0,4,26,256,Vector,950,True,0,120,316,-949
950,gelu,949,,2,26.0,4,26,256,Vector,951,False,0,121,,-950
951,store,950,316,3,26.0,4,26,256,Vector,,False,0,,316,-951
952,load,317,,1,26.0,5,26,256,Vector,953,True,0,122,317,-952
953,gelu,952,,2,26.0,5,26,256,Vector,954,False,0,123,,-953
954,store,953,317,3,26.0,5,26,256,Vector,,False,0,,317,-954
955,load,318,,1,26.0,6,26,256,Vector,956,True,0,124,318,-955
956,gelu,955,,2,26.0,6,26,256,Vector,957,False,0,125,,-956
957,store,956,318,3,26.0,6,26,256,Vector,,False,0,,318,-957
958,load,319,,1,26.0,7,26,256,Vector,959,True,0,126,319,-958
959,gelu,958,,2,26.0,7,26,256,Vector,960,False,0,127,,-959
960,store,959,319,3,26.0,7,26,256,Vector,,False,0,,319,-960
961,load,320,,1,26.0,8,26,256,Vector,962,True,0,128,320,-961
962,gelu,961,,2,26.0,8,26,256,Vector,963,False,0,129,,-962
963,store,962,320,3,26.0,8,26,256,Vector,,False,0,,320,-963
964,load,321,,1,26.0,9,26,256,Vector,965,True,0,130,321,-964
965,gelu,964,,2,26.0,9,26,256,Vector,966,False,0,131,,-965
966,store,965,321,3,26.0,9,26,256,Vector,,False,0,,321,-966
967,load,322,,1,26.0,10,26,256,Vector,968,True,0,132,322,-967
968,gelu,967,,2,26.0,10,26,256,Vector,969,False,0,133,,-968
969,store,968,322,3,26.0,10,26,256,Vector,,False,0,,322,-969
970,load,323,,1,26.0,11,26,256,Vector,971,True,0,134,323,-970
971,gelu,970,,2,26.0,11,26,256,Vector,972,False,0,135,,-971
972,store,971,323,3,26.0,11,26,256,Vector,,False,0,,323,-972
973,load,324,,1,27.0,0,27,256,Vector,974,True,0,136,324,-973
974,gelu,973,,2,27.0,0,27,256,Vector,975,False,0,137,,-974
975,store,974,324,3,27.0,0,27,256,Vector,,False,0,,324,-975
976,load,325,,1,27.0,1,27,256,Vector,977,True,0,138,325,-976
977,gelu,976,,2,27.0,1,27,256,Vector,978,False,0,139,,-977
978,store,977,325,3,27.0,1,27,256,Vector,,False,0,,325,-978
979,load,326,,1,27.0,2,27,256,Vector,980,True,0,140,326,-979
980,gelu,979,,2,27.0,2,27,256,Vector,981,False,0,141,,-980
981,store,980,326,3,27.0,2,27,256,Vector,,False,0,,326,-981
982,load,327,,1,27.0,3,27,256,Vector,983,True,0,142,327,-982
983,gelu,982,,2,27.0,3,27,256,Vector,984,False,0,143,,-983
984,store,983,327,3,27.0,3,27,256,Vector,,False,0,,327,-984
985,load,328,,1,27.0,4,27,256,Vector,986,True,0,144,328,-985
986,gelu,985,,2,27.0,4,27,256,Vector,987,False,0,145,,-986
987,store,986,328,3,27.0,4,27,256,Vector,,False,0,,328,-987
988,load,329,,1,27.0,5,27,256,Vector,989,True,0,146,329,-988
989,gelu,988,,2,27.0,5,27,256,Vector,990,False,0,147,,-989
990,store,989,329,3,27.0,5,27,256,Vector,,False,0,,329,-990
991,load,330,,1,27.0,6,27,256,Vector,992,True,0,148,330,-991
992,gelu,991,,2,27.0,6,27,256,Vector,993,False,0,149,,-992
993,store,992,330,3,27.0,6,27,256,Vector,,False,0,,330,-993
994,load,331,,1,27.0,7,27,256,Vector,995,True,0,150,331,-994
995,gelu,994,,2,27.0,7,27,256,Vector,996,False,0,151,,-995
996,store,995,331,3,27.0,7,27,256,Vector,,False,0,,331,-996
997,load,332,,1,27.0,8,27,256,Vector,998,True,0,152,332,-997
998,gelu,997,,2,27.0,8,27,256,Vector,999,False,0,153,,-998
999,store,998,332,3,27.0,8,27,256,Vector,,False,0,,332,-999
1000,load,333,,1,27.0,9,27,256,Vector,1001,True,0,154,333,-1000
1001,gelu,1000,,2,27.0,9,27,256,Vector,1002,False,0,155,,-1001
1002,store,1001,333,3,27.0,9,27,256,Vector,,False,0,,333,-1002
1003,load,334,,1,27.0,10,27,256,Vector,1004,True,0,156,334,-1003
1004,gelu,1003,,2,27.0,10,27,256,Vector,1005,False,0,157,,-1004
1005,store,1004,334,3,27.0,10,27,256,Vector,,False,0,,334,-1005
1006,load,335,,1,27.0,11,27,256,Vector,1007,True,0,158,335,-1006
1007,gelu,1006,,2,27.0,11,27,256,Vector,1008,False,0,159,,-1007
1008,store,1007,335,3,27.0,11,27,256,Vector,,False,0,,335,-1008
1009,load,336,,1,28.0,0,28,256,Vector,1010,True,0,160,336,-1009
1010,gelu,1009,,2,28.0,0,28,256,Vector,1011,False,0,161,,-1010
1011,store,1010,336,3,28.0,0,28,256,Vector,,False,0,,336,-1011
1012,load,337,,1,28.0,1,28,256,Vector,1013,True,0,162,337,-1012
1013,gelu,1012,,2,28.0,1,28,256,Vector,1014,False,0,163,,-1013
1014,store,1013,337,3,28.0,1,28,256,Vector,,False,0,,337,-1014
1015,load,338,,1,28.0,2,28,256,Vector,1016,True,0,164,338,-1015
1016,gelu,1015,,2,28.0,2,28,256,Vector,1017,False,0,165,,-1016
1017,store,1016,338,3,28.0,2,28,256,Vector,,False,0,,338,-1017
1018,load,339,,1,28.0,3,28,256,Vector,1019,True,0,166,339,-1018
1019,gelu,1018,,2,28.0,3,28,256,Vector,1020,False,0,167,,-1019
1020,store,1019,339,3,28.0,3,28,256,Vector,,False,0,,339,-1020
1021,load,340,,1,28.0,4,28,256,Vector,1022,True,0,168,340,-1021
1022,gelu,1021,,2,28.0,4,28,256,Vector,1023,False,0,169,,-1022
1023,store,1022,340,3,28.0,4,28,256,Vector,,False,0,,340,-1023
1024,load,341,,1,28.0,5,28,256,Vector,1025,True,0,170,341,-1024
1025,gelu,1024,,2,28.0,5,28,256,Vector,1026,False,0,171,,-1025
1026,store,1025,341,3,28.0,5,28,256,Vector,,False,0,,341,-1026
1027,load,342,,1,28.0,6,28,256,Vector,1028,True,0,172,342,-1027
1028,gelu,1027,,2,28.0,6,28,256,Vector,1029,False,0,173,,-1028
1029,store,1028,342,3,28.0,6,28,256,Vector,,False,0,,342,-1029
1030,load,343,,1,28.0,7,28,256,Vector,1031,True,0,174,343,-1030
1031,gelu,1030,,2,28.0,7,28,256,Vector,1032,False,0,175,,-1031
1032,store,1031,343,3,28.0,7,28,256,Vector,,False,0,,343,-1032
1033,load,344,,1,28.0,8,28,256,Vector,1034,True,0,176,344,-1033
1034,gelu,1033,,2,28.0,8,28,256,Vector,1035,False,0,177,,-1034
1035,store,1034,344,3,28.0,8,28,256,Vector,,False,0,,344,-1035
1036,load,345,,1,28.0,9,28,256,Vector,1037,True,0,178,345,-1036
1037,gelu,1036,,2,28.0,9,28,256,Vector,1038,False,0,179,,-1037
1038,store,1037,345,3,28.0,9,28,256,Vector,,False,0,,345,-1038
1039,load,346,,1,28.0,10,28,256,Vector,1040,True,0,180,346,-1039
1040,gelu,1039,,2,28.0,10,28,256,Vector,1041,False,0,181,,-1040
1041,store,1040,346,3,28.0,10,28,256,Vector,,False,0,,346,-1041
1042,load,347,,1,28.0,11,28,256,Vector,1043,True,0,182,347,-1042
1043,gelu,1042,,2,28.0,11,28,256,Vector,1044,False,0,183,,-1043
1044,store,1043,347,3,28.0,11,28,256,Vector,,False,0,,347,-1044
1045,load,348,,1,29.0,0,29,256,Vector,1046,True,0,184,348,-1045
1046,gelu,1045,,2,29.0,0,29,256,Vector,1047,False,0,185,,-1046
1047,store,1046,348,3,29.0,0,29,256,Vector,,False,0,,348,-1047
1048,load,349,,1,29.0,1,29,256,Vector,1049,True,0,186,349,-1048
1049,gelu,1048,,2,29.0,1,29,256,Vector,1050,False,0,187,,-1049
1050,store,1049,349,3,29.0,1,29,256,Vector,,False,0,,349,-1050
1051,load,350,,1,29.0,2,29,256,Vector,1052,True,0,188,350,-1051
1052,gelu,1051,,2,29.0,2,29,256,Vector,1053,False,0,189,,-1052
1053,store,1052,350,3,29.0,2,29,256,Vector,,False,0,,350,-1053
1054,load,351,,1,29.0,3,29,256,Vector,1055,True,0,190,351,-1054
1055,gelu,1054,,2,29.0,3,29,256,Vector,1056,False,0,191,,-1055
1056,store,1055,351,3,29.0,3,29,256,Vector,,False,0,,351,-1056
1057,load,352,,1,29.0,4,29,256,Vector,1058,True,0,192,352,-1057
1058,gelu,1057,,2,29.0,4,29,256,Vector,1059,False,0,193,,-1058
1059,store,1058,352,3,29.0,4,29,256,Vector,,False,0,,352,-1059
1060,load,353,,1,29.0,5,29,256,Vector,1061,True,0,194,353,-1060
1061,gelu,1060,,2,29.0,5,29,256,Vector,1062,False,0,195,,-1061
1062,store,1061,353,3,29.0,5,29,256,Vector,,False,0,,353,-1062
1063,load,354,,1,29.0,6,29,256,Vector,1064,True,0,196,354,-1063
1064,gelu,1063,,2,29.0,6,29,256,Vector,1065,False,0,197,,-1064
1065,store,1064,354,3,29.0,6,29,256,Vector,,False,0,,354,-1065
1066,load,355,,1,29.0,7,29,256,Vector,1067,True,0,198,355,-1066
1067,gelu,1066,,2,29.0,7,29,256,Vector,1068,False,0,199,,-1067
1068,store,1067,355,3,29.0,7,29,256,Vector,,False,0,,355,-1068
1069,load,356,,1,29.0,8,29,256,Vector,1070,True,0,200,356,-1069
1070,gelu,1069,,2,29.0,8,29,256,Vector,1071,False,0,201,,-1070
1071,store,1070,356,3,29.0,8,29,256,Vector,,False,0,,356,-1071
1072,load,357,,1,29.0,9,29,256,Vector,1073,True,0,202,357,-1072
1073,gelu,1072,,2,29.0,9,29,256,Vector,1074,False,0,203,,-1073
1074,store,1073,357,3,29.0,9,29,256,Vector,,False,0,,357,-1074
1075,load,358,,1,29.0,10,29,256,Vector,1076,True,0,204,358,-1075
1076,gelu,1075,,2,29.0,10,29,256,Vector,1077,False,0,205,,-1076
1077,store,1076,358,3,29.0,10,29,256,Vector,,False,0,,358,-1077
1078,load,359,,1,29.0,11,29,256,Vector,1079,True,0,206,359,-1078
1079,gelu,1078,,2,29.0,11,29,256,Vector,1080,False,0,207,,-1079
1080,store,1079,359,3,29.0,11,29,256,Vector,,False,0,,359,-1080
1081,load,360,,1,30.0,0,30,256,Vector,1082,True,0,208,360,-1081
1082,gelu,1081,,2,30.0,0,30,256,Vector,1083,False,0,209,,-1082
1083,store,1082,360,3,30.0,0,30,256,Vector,,False,0,,360,-1083
1084,load,361,,1,30.0,1,30,256,Vector,1085,True,0,210,361,-1084
1085,gelu,1084,,2,30.0,1,30,256,Vector,1086,False,0,211,,-1085
1086,store,1085,361,3,30.0,1,30,256,Vector,,False,0,,361,-1086
1087,load,362,,1,30.0,2,30,256,Vector,1088,True,0,212,362,-1087
1088,gelu,1087,,2,30.0,2,30,256,Vector,1089,False,0,213,,-1088
1089,store,1088,362,3,30.0,2,30,256,Vector,,False,0,,362,-1089
1090,load,363,,1,30.0,3,30,256,Vector,1091,True,0,214,363,-1090
1091,gelu,1090,,2,30.0,3,30,256,Vector,1092,False,0,215,,-1091
1092,store,1091,363,3,30.0,3,30,256,Vector,,False,0,,363,-1092
1093,load,364,,1,30.0,4,30,256,Vector,1094,True,0,216,364,-1093
1094,gelu,1093,,2,30.0,4,30,256,Vector,1095,False,0,217,,-1094
1095,store,1094,364,3,30.0,4,30,256,Vector,,False,0,,364,-1095
1096,load,365,,1,30.0,5,30,256,Vector,1097,True,0,218,365,-1096
1097,gelu,1096,,2,30.0,5,30,256,Vector,1098,False,0,219,,-1097
1098,store,1097,365,3,30.0,5,30,256,Vector,,False,0,,365,-1098
1099,load,366,,1,30.0,6,30,256,Vector,1100,True,0,220,366,-1099
1100,gelu,1099,,2,30.0,6,30,256,Vector,1101,False,0,221,,-1100
1101,store,1100,366,3,30.0,6,30,256,Vector,,False,0,,366,-1101
1102,load,367,,1,30.0,7,30,256,Vector,1103,True,0,222,367,-1102
1103,gelu,1102,,2,30.0,7,30,256,Vector,1104,False,0,223,,-1103
1104,store,1103,367,3,30.0,7,30,256,Vector,,False,0,,367,-1104
1105,load,368,,1,30.0,8,30,256,Vector,1106,True,0,224,368,-1105
1106,gelu,1105,,2,30.0,8,30,256,Vector,1107,False,0,225,,-1106
1107,store,1106,368,3,30.0,8,30,256,Vector,,False,0,,368,-1107
1108,load,369,,1,30.0,9,30,256,Vector,1109,True,0,226,369,-1108
1109,gelu,1108,,2,30.0,9,30,256,Vector,1110,False,0,227,,-1109
1110,store,1109,369,3,30.0,9,30,256,Vector,,False,0,,369,-1110
1111,load,370,,1,30.0,10,30,256,Vector,1112,True,0,228,370,-1111
1112,gelu,1111,,2,30.0,10,30,256,Vector,1113,False,0,229,,-1112
1113,store,1112,370,3,30.0,10,30,256,Vector,,False,0,,370,-1113
1114,load,371,,1,30.0,11,30,256,Vector,1115,True,0,230,371,-1114
1115,gelu,1114,,2,30.0,11,30,256,Vector,1116,False,0,231,,-1115
1116,store,1115,371,3,30.0,11,30,256,Vector,,False,0,,371,-1116
1117,load,372,,1,31.0,0,31,256,Vector,1118,True,0,232,372,-1117
1118,gelu,1117,,2,31.0,0,31,256,Vector,1119,False,0,233,,-1118
1119,store,1118,372,3,31.0,0,31,256,Vector,,False,0,,372,-1119
1120,load,373,,1,31.0,1,31,256,Vector,1121,True,0,234,373,-1120
1121,gelu,1120,,2,31.0,1,31,256,Vector,1122,False,0,235,,-1121
1122,store,1121,373,3,31.0,1,31,256,Vector,,False,0,,373,-1122
1123,load,374,,1,31.0,2,31,256,Vector,1124,True,0,236,374,-1123
1124,gelu,1123,,2,31.0,2,31,256,Vector,1125,False,0,237,,-1124
1125,store,1124,374,3,31.0,2,31,256,Vector,,False,0,,374,-1125
1126,load,375,,1,31.0,3,31,256,Vector,1127,True,0,238,375,-1126
1127,gelu,1126,,2,31.0,3,31,256,Vector,1128,False,0,239,,-1127
1128,store,1127,375,3,31.0,3,31,256,Vector,,False,0,,375,-1128
1129,load,376,,1,31.0,4,31,256,Vector,1130,True,0,240,376,-1129
1130,gelu,1129,,2,31.0,4,31,256,Vector,1131,False,0,241,,-1130
1131,store,1130,376,3,31.0,4,31,256,Vector,,False,0,,376,-1131
1132,load,377,,1,31.0,5,31,256,Vector,1133,True,0,242,377,-1132
1133,gelu,1132,,2,31.0,5,31,256,Vector,1134,False,0,243,,-1133
1134,store,1133,377,3,31.0,5,31,256,Vector,,False,0,,377,-1134
1135,load,378,,1,31.0,6,31,256,Vector,1136,True,0,244,378,-1135
1136,gelu,1135,,2,31.0,6,31,256,Vector,1137,False,0,245,,-1136
1137,store,1136,378,3,31.0,6,31,256,Vector,,False,0,,378,-1137
1138,load,379,,1,31.0,7,31,256,Vector,1139,True,0,246,379,-1138
1139,gelu,1138,,2,31.0,7,31,256,Vector,1140,False,0,247,,-1139
1140,store,1139,379,3,31.0,7,31,256,Vector,,False,0,,379,-1140
1141,load,380,,1,31.0,8,31,256,Vector,1142,True,0,248,380,-1141
1142,gelu,1141,,2,31.0,8,31,256,Vector,1143,False,0,249,,-1142
1143,store,1142,380,3,31.0,8,31,256,Vector,,False,0,,380,-1143
1144,load,381,,1,31.0,9,31,256,Vector,1145,True,0,250,381,-1144
1145,gelu,1144,,2,31.0,9,31,256,Vector,1146,False,0,251,,-1145
1146,store,1145,381,3,31.0,9,31,256,Vector,,False,0,,381,-1146
1147,load,382,,1,31.0,10,31,256,Vector,1148,True,0,252,382,-1147
1148,gelu,1147,,2,31.0,10,31,256,Vector,1149,False,0,253,,-1148
1149,store,1148,382,3,31.0,10,31,256,Vector,,False,0,,382,-1149
1150,load,383,,1,31.0,11,31,256,Vector,1151,True,0,254,383,-1150
1151,gelu,1150,,2,31.0,11,31,256,Vector,1152,False,0,255,,-1151
1152,store,1151,383,3,31.0,11,31,256,Vector,,False,0,,383,-1152
1153,load,384,,1,32.0,0,32,256,Vector,1154,True,0,0,384,-1153
1154,gelu,1153,,2,32.0,0,32,256,Vector,1155,False,0,1,,-1154
1155,store,1154,384,3,32.0,0,32,256,Vector,,False,0,,384,-1155
1156,load,385,,1,32.0,1,32,256,Vector,1157,True,0,2,385,-1156
1157,gelu,1156,,2,32.0,1,32,256,Vector,1158,False,0,3,,-1157
1158,store,1157,385,3,32.0,1,32,256,Vector,,False,0,,385,-1158
1159,load,386,,1,32.0,2,32,256,Vector,1160,True,0,4,386,-1159
1160,gelu,1159,,2,32.0,2,32,256,Vector,1161,False,0,5,,-1160
1161,store,1160,386,3,32.0,2,32,256,Vector,,False,0,,386,-1161
1162,load,387,,1,32.0,3,32,256,Vector,1163,True,0,6,387,-1162
1163,gelu,1162,,2,32.0,3,32,256,Vector,1164,False,0,7,,-1163
1164,store,1163,387,3,32.0,3,32,256,Vector,,False,0,,387,-1164
1165,load,388,,1,32.0,4,32,256,Vector,1166,True,0,8,388,-1165
1166,gelu,1165,,2,32.0,4,32,256,Vector,1167,False,0,9,,-1166
1167,store,1166,388,3,32.0,4,32,256,Vector,,False,0,,388,-1167
1168,load,389,,1,32.0,5,32,256,Vector,1169,True,0,10,389,-1168
1169,gelu,1168,,2,32.0,5,32,256,Vector,1170,False,0,11,,-1169
1170,store,1169,389,3,32.0,5,32,256,Vector,,False,0,,389,-1170
1171,load,390,,1,32.0,6,32,256,Vector,1172,True,0,12,390,-1171
1172,gelu,1171,,2,32.0,6,32,256,Vector,1173,False,0,13,,-1172
1173,store,1172,390,3,32.0,6,32,256,Vector,,False,0,,390,-1173
1174,load,391,,1,32.0,7,32,256,Vector,1175,True,0,14,391,-1174
1175,gelu,1174,,2,32.0,7,32,256,Vector,1176,False,0,15,,-1175
1176,store,1175,391,3,32.0,7,32,256,Vector,,False,0,,391,-1176
1177,load,392,,1,32.0,8,32,256,Vector,1178,True,0,16,392,-1177
1178,gelu,1177,,2,32.0,8,32,256,Vector,1179,False,0,17,,-1178
1179,store,1178,392,3,32.0,8,32,256,Vector,,False,0,,392,-1179
1180,load,393,,1,32.0,9,32,256,Vector,1181,True,0,18,393,-1180
1181,gelu,1180,,2,32.0,9,32,256,Vector,1182,False,0,19,,-1181
1182,store,1181,393,3,32.0,9,32,256,Vector,,False,0,,393,-1182
1183,load,394,,1,32.0,10,32,256,Vector,1184,True,0,20,394,-1183
1184,gelu,1183,,2,32.0,10,32,256,Vector,1185,False,0,21,,-1184
1185,store,1184,394,3,32.0,10,32,256,Vector,,False,0,,394,-1185
1186,load,395,,1,32.0,11,32,256,Vector,1187,True,0,22,395,-1186
1187,gelu,1186,,2,32.0,11,32,256,Vector,1188,False,0,23,,-1187
1188,store,1187,395,3,32.0,11,32,256,Vector,,False,0,,395,-1188
1189,load,396,,1,33.0,0,33,256,Vector,1190,True,0,24,396,-1189
1190,gelu,1189,,2,33.0,0,33,256,Vector,1191,False,0,25,,-1190
1191,store,1190,396,3,33.0,0,33,256,Vector,,False,0,,396,-1191
1192,load,397,,1,33.0,1,33,256,Vector,1193,True,0,26,397,-1192
1193,gelu,1192,,2,33.0,1,33,256,Vector,1194,False,0,27,,-1193
1194,store,1193,397,3,33.0,1,33,256,Vector,,False,0,,397,-1194
1195,load,398,,1,33.0,2,33,256,Vector,1196,True,0,28,398,-1195
1196,gelu,1195,,2,33.0,2,33,256,Vector,1197,False,0,29,,-1196
1197,store,1196,398,3,33.0,2,33,256,Vector,,False,0,,398,-1197
1198,load,399,,1,33.0,3,33,256,Vector,1199,True,0,30,399,-1198
1199,gelu,1198,,2,33.0,3,33,256,Vector,1200,False,0,31,,-1199
1200,store,1199,399,3,33.0,3,33,256,Vector,,False,0,,399,-1200
1201,load,400,,1,33.0,4,33,256,Vector,1202,True,0,32,400,-1201
1202,gelu,1201,,2,33.0,4,33,256,Vector,1203,False,0,33,,-1202
1203,store,1202,400,3,33.0,4,33,256,Vector,,False,0,,400,-1203
1204,load,401,,1,33.0,5,33,256,Vector,1205,True,0,34,401,-1204
1205,gelu,1204,,2,33.0,5,33,256,Vector,1206,False,0,35,,-1205
1206,store,1205,401,3,33.0,5,33,256,Vector,,False,0,,401,-1206
1207,load,402,,1,33.0,6,33,256,Vector,1208,True,0,36,402,-1207
1208,gelu,1207,,2,33.0,6,33,256,Vector,1209,False,0,37,,-1208
1209,store,1208,402,3,33.0,6,33,256,Vector,,False,0,,402,-1209
1210,load,403,,1,33.0,7,33,256,Vector,1211,True,0,38,403,-1210
1211,gelu,1210,,2,33.0,7,33,256,Vector,1212,False,0,39,,-1211
1212,store,1211,403,3,33.0,7,33,256,Vector,,False,0,,403,-1212
1213,load,404,,1,33.0,8,33,256,Vector,1214,True,0,40,404,-1213
1214,gelu,1213,,2,33.0,8,33,256,Vector,1215,False,0,41,,-1214
1215,store,1214,404,3,33.0,8,33,256,Vector,,False,0,,404,-1215
1216,load,405,,1,33.0,9,33,256,Vector,1217,True,0,42,405,-1216
1217,gelu,1216,,2,33.0,9,33,256,Vector,1218,False,0,43,,-1217
1218,store,1217,405,3,33.0,9,33,256,Vector,,False,0,,405,-1218
1219,load,406,,1,33.0,10,33,256,Vector,1220,True,0,44,406,-1219
1220,gelu,1219,,2,33.0,10,33,256,Vector,1221,False,0,45,,-1220
1221,store,1220,406,3,33.0,10,33,256,Vector,,False,0,,406,-1221
1222,load,407,,1,33.0,11,33,256,Vector,1223,True,0,46,407,-1222
1223,gelu,1222,,2,33.0,11,33,256,Vector,1224,False,0,47,,-1223
1224,store,1223,407,3,33.0,11,33,256,Vector,,False,0,,407,-1224
1225,load,408,,1,34.0,0,34,256,Vector,1226,True,0,48,408,-1225
1226,gelu,1225,,2,34.0,0,34,256,Vector,1227,False,0,49,,-1226
1227,store,1226,408,3,34.0,0,34,256,Vector,,False,0,,408,-1227
1228,load,409,,1,34.0,1,34,256,Vector,1229,True,0,50,409,-1228
1229,gelu,1228,,2,34.0,1,34,256,Vector,1230,False,0,51,,-1229
1230,store,1229,409,3,34.0,1,34,256,Vector,,False,0,,409,-1230
1231,load,410,,1,34.0,2,34,256,Vector,1232,True,0,52,410,-1231
1232,gelu,1231,,2,34.0,2,34,256,Vector,1233,False,0,53,,-1232
1233,store,1232,410,3,34.0,2,34,256,Vector,,False,0,,410,-1233
1234,load,411,,1,34.0,3,34,256,Vector,1235,True,0,54,411,-1234
1235,gelu,1234,,2,34.0,3,34,256,Vector,1236,False,0,55,,-1235
1236,store,1235,411,3,34.0,3,34,256,Vector,,False,0,,411,-1236
1237,load,412,,1,34.0,4,34,256,Vector,1238,True,0,56,412,-1237
1238,gelu,1237,,2,34.0,4,34,256,Vector,1239,False,0,57,,-1238
1239,store,1238,412,3,34.0,4,34,256,Vector,,False,0,,412,-1239
1240,load,413,,1,34.0,5,34,256,Vector,1241,True,0,58,413,-1240
1241,gelu,1240,,2,34.0,5,34,256,Vector,1242,False,0,59,,-1241
1242,store,1241,413,3,34.0,5,34,256,Vector,,False,0,,413,-1242
1243,load,414,,1,34.0,6,34,256,Vector,1244,True,0,60,414,-1243
1244,gelu,1243,,2,34.0,6,34,256,Vector,1245,False,0,61,,-1244
1245,store,1244,414,3,34.0,6,34,256,Vector,,False,0,,414,-1245
1246,load,415,,1,34.0,7,34,256,Vector,1247,True,0,62,415,-1246
1247,gelu,1246,,2,34.0,7,34,256,Vector,1248,False,0,63,,-1247
1248,store,1247,415,3,34.0,7,34,256,Vector,,False,0,,415,-1248
1249,load,416,,1,34.0,8,34,256,Vector,1250,True,0,64,416,-1249
1250,gelu,1249,,2,34.0,8,34,256,Vector,1251,False,0,65,,-1250
1251,store,1250,416,3,34.0,8,34,256,Vector,,False,0,,416,-1251
1252,load,417,,1,34.0,9,34,256,Vector,1253,True,0,66,417,-1252
1253,gelu,1252,,2,34.0,9,34,256,Vector,1254,False,0,67,,-1253
1254,store,1253,417,3,34.0,9,34,256,Vector,,False,0,,417,-1254
1255,load,418,,1,34.0,10,34,256,Vector,1256,True,0,68,418,-1255
1256,gelu,1255,,2,34.0,10,34,256,Vector,1257,False,0,69,,-1256
1257,store,1256,418,3,34.0,10,34,256,Vector,,False,0,,418,-1257
1258,load,419,,1,34.0,11,34,256,Vector,1259,True,0,70,419,-1258
1259,gelu,1258,,2,34.0,11,34,256,Vector,1260,False,0,71,,-1259
1260,store,1259,419,3,34.0,11,34,256,Vector,,False,0,,419,-1260
1261,load,420,,1,35.0,0,35,256,Vector,1262,True,0,72,420,-1261
1262,gelu,1261,,2,35.0,0,35,256,Vector,1263,False,0,73,,-1262
1263,store,1262,420,3,35.0,0,35,256,Vector,,False,0,,420,-1263
1264,load,421,,1,35.0,1,35,256,Vector,1265,True,0,74,421,-1264
1265,gelu,1264,,2,35.0,1,35,256,Vector,1266,False,0,75,,-1265
1266,store,1265,421,3,35.0,1,35,256,Vector,,False,0,,421,-1266
1267,load,422,,1,35.0,2,35,256,Vector,1268,True,0,76,422,-1267
1268,gelu,1267,,2,35.0,2,35,256,Vector,1269,False,0,77,,-1268
1269,store,1268,422,3,35.0,2,35,256,Vector,,False,0,,422,-1269
1270,load,423,,1,35.0,3,35,256,Vector,1271,True,0,78,423,-1270
1271,gelu,1270,,2,35.0,3,35,256,Vector,1272,False,0,79,,-1271
1272,store,1271,423,3,35.0,3,35,256,Vector,,False,0,,423,-1272
1273,load,424,,1,35.0,4,35,256,Vector,1274,True,0,80,424,-1273
1274,gelu,1273,,2,35.0,4,35,256,Vector,1275,False,0,81,,-1274
1275,store,1274,424,3,35.0,4,35,256,Vector,,False,0,,424,-1275
1276,load,425,,1,35.0,5,35,256,Vector,1277,True,0,82,425,-1276
1277,gelu,1276,,2,35.0,5,35,256,Vector,1278,False,0,83,,-1277
1278,store,1277,425,3,35.0,5,35,256,Vector,,False,0,,425,-1278
1279,load,426,,1,35.0,6,35,256,Vector,1280,True,0,84,426,-1279
1280,gelu,1279,,2,35.0,6,35,256,Vector,1281,False,0,85,,-1280
1281,store,1280,426,3,35.0,6,35,256,Vector,,False,0,,426,-1281
1282,load,427,,1,35.0,7,35,256,Vector,1283,True,0,86,427,-1282
1283,gelu,1282,,2,35.0,7,35,256,Vector,1284,False,0,87,,-1283
1284,store,1283,427,3,35.0,7,35,256,Vector,,False,0,,427,-1284
1285,load,428,,1,35.0,8,35,256,Vector,1286,True,0,88,428,-1285
1286,gelu,1285,,2,35.0,8,35,256,Vector,1287,False,0,89,,-1286
1287,store,1286,428,3,35.0,8,35,256,Vector,,False,0,,428,-1287
1288,load,429,,1,35.0,9,35,256,Vector,1289,True,0,90,429,-1288
1289,gelu,1288,,2,35.0,9,35,256,Vector,1290,False,0,91,,-1289
1290,store,1289,429,3,35.0,9,35,256,Vector,,False,0,,429,-1290
1291,load,430,,1,35.0,10,35,256,Vector,1292,True,0,92,430,-1291
1292,gelu,1291,,2,35.0,10,35,256,Vector,1293,False,0,93,,-1292
1293,store,1292,430,3,35.0,10,35,256,Vector,,False,0,,430,-1293
1294,load,431,,1,35.0,11,35,256,Vector,1295,True,0,94,431,-1294
1295,gelu,1294,,2,35.0,11,35,256,Vector,1296,False,0,95,,-1295
1296,store,1295,431,3,35.0,11,35,256,Vector,,False,0,,431,-1296
1297,load,432,,1,36.0,0,36,256,Vector,1298,True,0,96,432,-1297
1298,gelu,1297,,2,36.0,0,36,256,Vector,1299,False,0,97,,-1298
1299,store,1298,432,3,36.0,0,36,256,Vector,,False,0,,432,-1299
1300,load,433,,1,36.0,1,36,256,Vector,1301,True,0,98,433,-1300
1301,gelu,1300,,2,36.0,1,36,256,Vector,1302,False,0,99,,-1301
1302,store,1301,433,3,36.0,1,36,256,Vector,,False,0,,433,-1302
1303,load,434,,1,36.0,2,36,256,Vector,1304,True,0,100,434,-1303
1304,gelu,1303,,2,36.0,2,36,256,Vector,1305,False,0,101,,-1304
1305,store,1304,434,3,36.0,2,36,256,Vector,,False,0,,434,-1305
1306,load,435,,1,36.0,3,36,256,Vector,1307,True,0,102,435,-1306
1307,gelu,1306,,2,36.0,3,36,256,Vector,1308,False,0,103,,-1307
1308,store,1307,435,3,36.0,3,36,256,Vector,,False,0,,435,-1308
1309,load,436,,1,36.0,4,36,256,Vector,1310,True,0,104,436,-1309
1310,gelu,1309,,2,36.0,4,36,256,Vector,1311,False,0,105,,-1310
1311,store,1310,436,3,36.0,4,36,256,Vector,,False,0,,436,-1311
1312,load,437,,1,36.0,5,36,256,Vector,1313,True,0,106,437,-1312
1313,gelu,1312,,2,36.0,5,36,256,Vector,1314,False,0,107,,-1313
1314,store,1313,437,3,36.0,5,36,256,Vector,,False,0,,437,-1314
1315,load,438,,1,36.0,6,36,256,Vector,1316,True,0,108,438,-1315
1316,gelu,1315,,2,36.0,6,36,256,Vector,1317,False,0,109,,-1316
1317,store,1316,438,3,36.0,6,36,256,Vector,,False,0,,438,-1317
1318,load,439,,1,36.0,7,36,256,Vector,1319,True,0,110,439,-1318
1319,gelu,1318,,2,36.0,7,36,256,Vector,1320,False,0,111,,-1319
1320,store,1319,439,3,36.0,7,36,256,Vector,,False,0,,439,-1320
1321,load,440,,1,36.0,8,36,256,Vector,1322,True,0,112,440,-1321
1322,gelu,1321,,2,36.0,8,36,256,Vector,1323,False,0,113,,-1322
1323,store,1322,440,3,36.0,8,36,256,Vector,,False,0,,440,-1323
1324,load,441,,1,36.0,9,36,256,Vector,1325,True,0,114,441,-1324
1325,gelu,1324,,2,36.0,9,36,256,Vector,1326,False,0,115,,-1325
1326,store,1325,441,3,36.0,9,36,256,Vector,,False,0,,441,-1326
1327,load,442,,1,36.0,10,36,256,Vector,1328,True,0,116,442,-1327
1328,gelu,1327,,2,36.0,10,36,256,Vector,1329,False,0,117,,-1328
1329,store,1328,442,3,36.0,10,36,256,Vector,,False,0,,442,-1329
1330,load,443,,1,36.0,11,36,256,Vector,1331,True,0,118,443,-1330
1331,gelu,1330,,2,36.0,11,36,256,Vector,1332,False,0,119,,-1331
1332,store,1331,443,3,36.0,11,36,256,Vector,,False,0,,443,-1332
1333,load,444,,1,37.0,0,37,256,Vector,1334,True,0,120,444,-1333
1334,gelu,1333,,2,37.0,0,37,256,Vector,1335,False,0,121,,-1334
1335,store,1334,444,3,37.0,0,37,256,Vector,,False,0,,444,-1335
1336,load,445,,1,37.0,1,37,256,Vector,1337,True,0,122,445,-1336
1337,gelu,1336,,2,37.0,1,37,256,Vector,1338,False,0,123,,-1337
1338,store,1337,445,3,37.0,1,37,256,Vector,,False,0,,445,-1338
1339,load,446,,1,37.0,2,37,256,Vector,1340,True,0,124,446,-1339
1340,gelu,1339,,2,37.0,2,37,256,Vector,1341,False,0,125,,-1340
1341,store,1340,446,3,37.0,2,37,256,Vector,,False,0,,446,-1341
1342,load,447,,1,37.0,3,37,256,Vector,1343,True,0,126,447,-1342
1343,gelu,1342,,2,37.0,3,37,256,Vector,1344,False,0,127,,-1343
1344,store,1343,447,3,37.0,3,37,256,Vector,,False,0,,447,-1344
1345,load,448,,1,37.0,4,37,256,Vector,1346,True,0,128,448,-1345
1346,gelu,1345,,2,37.0,4,37,256,Vector,1347,False,0,129,,-1346
1347,store,1346,448,3,37.0,4,37,256,Vector,,False,0,,448,-1347
1348,load,449,,1,37.0,5,37,256,Vector,1349,True,0,130,449,-1348
1349,gelu,1348,,2,37.0,5,37,256,Vector,1350,False,0,131,,-1349
1350,store,1349,449,3,37.0,5,37,256,Vector,,False,0,,449,-1350
1351,load,450,,1,37.0,6,37,256,Vector,1352,True,0,132,450,-1351
1352,gelu,1351,,2,37.0,6,37,256,Vector,1353,False,0,133,,-1352
1353,store,1352,450,3,37.0,6,37,256,Vector,,False,0,,450,-1353
1354,load,451,,1,37.0,7,37,256,Vector,1355,True,0,134,451,-1354
1355,gelu,1354,,2,37.0,7,37,256,Vector,1356,False,0,135,,-1355
1356,store,1355,451,3,37.0,7,37,256,Vector,,False,0,,451,-1356
1357,load,452,,1,37.0,8,37,256,Vector,1358,True,0,136,452,-1357
1358,gelu,1357,,2,37.0,8,37,256,Vector,1359,False,0,137,,-1358
1359,store,1358,452,3,37.0,8,37,256,Vector,,False,0,,452,-1359
1360,load,453,,1,37.0,9,37,256,Vector,1361,True,0,138,453,-1360
1361,gelu,1360,,2,37.0,9,37,256,Vector,1362,False,0,139,,-1361
1362,store,1361,453,3,37.0,9,37,256,Vector,,False,0,,453,-1362
1363,load,454,,1,37.0,10,37,256,Vector,1364,True,0,140,454,-1363
1364,gelu,1363,,2,37.0,10,37,256,Vector,1365,False,0,141,,-1364
1365,store,1364,454,3,37.0,10,37,256,Vector,,False,0,,454,-1365
1366,load,455,,1,37.0,11,37,256,Vector,1367,True,0,142,455,-1366
1367,gelu,1366,,2,37.0,11,37,256,Vector,1368,False,0,143,,-1367
1368,store,1367,455,3,37.0,11,37,256,Vector,,False,0,,455,-1368
1369,load,456,,1,38.0,0,38,256,Vector,1370,True,0,144,456,-1369
1370,gelu,1369,,2,38.0,0,38,256,Vector,1371,False,0,145,,-1370
1371,store,1370,456,3,38.0,0,38,256,Vector,,False,0,,456,-1371
1372,load,457,,1,38.0,1,38,256,Vector,1373,True,0,146,457,-1372
1373,gelu,1372,,2,38.0,1,38,256,Vector,1374,False,0,147,,-1373
1374,store,1373,457,3,38.0,1,38,256,Vector,,False,0,,457,-1374
1375,load,458,,1,38.0,2,38,256,Vector,1376,True,0,148,458,-1375
1376,gelu,1375,,2,38.0,2,38,256,Vector,1377,False,0,149,,-1376
1377,store,1376,458,3,38.0,2,38,256,Vector,,False,0,,458,-1377
1378,load,459,,1,38.0,3,38,256,Vector,1379,True,0,150,459,-1378
1379,gelu,1378,,2,38.0,3,38,256,Vector,1380,False,0,151,,-1379
1380,store,1379,459,3,38.0,3,38,256,Vector,,False,0,,459,-1380
1381,load,460,,1,38.0,4,38,256,Vector,1382,True,0,152,460,-1381
1382,gelu,1381,,2,38.0,4,38,256,Vector,1383,False,0,153,,-1382
1383,store,1382,460,3,38.0,4,38,256,Vector,,False,0,,460,-1383
1384,load,461,,1,38.0,5,38,256,Vector,1385,True,0,154,461,-1384
1385,gelu,1384,,2,38.0,5,38,256,Vector,1386,False,0,155,,-1385
1386,store,1385,461,3,38.0,5,38,256,Vector,,False,0,,461,-1386
1387,load,462,,1,38.0,6,38,256,Vector,1388,True,0,156,462,-1387
1388,gelu,1387,,2,38.0,6,38,256,Vector,1389,False,0,157,,-1388
1389,store,1388,462,3,38.0,6,38,256,Vector,,False,0,,462,-1389
1390,load,463,,1,38.0,7,38,256,Vector,1391,True,0,158,463,-1390
1391,gelu,1390,,2,38.0,7,38,256,Vector,1392,False,0,159,,-1391
1392,store,1391,463,3,38.0,7,38,256,Vector,,False,0,,463,-1392
1393,load,464,,1,38.0,8,38,256,Vector,1394,True,0,160,464,-1393
1394,gelu,1393,,2,38.0,8,38,256,Vector,1395,False,0,161,,-1394
1395,store,1394,464,3,38.0,8,38,256,Vector,,False,0,,464,-1395
1396,load,465,,1,38.0,9,38,256,Vector,1397,True,0,162,465,-1396
1397,gelu,1396,,2,38.0,9,38,256,Vector,1398,False,0,163,,-1397
1398,store,1397,465,3,38.0,9,38,256,Vector,,False,0,,465,-1398
1399,load,466,,1,38.0,10,38,256,Vector,1400,True,0,164,466,-1399
1400,gelu,1399,,2,38.0,10,38,256,Vector,1401,False,0,165,,-1400
1401,store,1400,466,3,38.0,10,38,256,Vector,,False,0,,466,-1401
1402,load,467,,1,38.0,11,38,256,Vector,1403,True,0,166,467,-1402
1403,gelu,1402,,2,38.0,11,38,256,Vector,1404,False,0,167,,-1403
1404,store,1403,467,3,38.0,11,38,256,Vector,,False,0,,467,-1404
1405,load,468,,1,39.0,0,39,256,Vector,1406,True,0,168,468,-1405
1406,gelu,1405,,2,39.0,0,39,256,Vector,1407,False,0,169,,-1406
1407,store,1406,468,3,39.0,0,39,256,Vector,,False,0,,468,-1407
1408,load,469,,1,39.0,1,39,256,Vector,1409,True,0,170,469,-1408
1409,gelu,1408,,2,39.0,1,39,256,Vector,1410,False,0,171,,-1409
1410,store,1409,469,3,39.0,1,39,256,Vector,,False,0,,469,-1410
1411,load,470,,1,39.0,2,39,256,Vector,1412,True,0,172,470,-1411
1412,gelu,1411,,2,39.0,2,39,256,Vector,1413,False,0,173,,-1412
1413,store,1412,470,3,39.0,2,39,256,Vector,,False,0,,470,-1413
1414,load,471,,1,39.0,3,39,256,Vector,1415,True,0,174,471,-1414
1415,gelu,1414,,2,39.0,3,39,256,Vector,1416,False,0,175,,-1415
1416,store,1415,471,3,39.0,3,39,256,Vector,,False,0,,471,-1416
1417,load,472,,1,39.0,4,39,256,Vector,1418,True,0,176,472,-1417
1418,gelu,1417,,2,39.0,4,39,256,Vector,1419,False,0,177,,-1418
1419,store,1418,472,3,39.0,4,39,256,Vector,,False,0,,472,-1419
1420,load,473,,1,39.0,5,39,256,Vector,1421,True,0,178,473,-1420
1421,gelu,1420,,2,39.0,5,39,256,Vector,1422,False,0,179,,-1421
1422,store,1421,473,3,39.0,5,39,256,Vector,,False,0,,473,-1422
1423,load,474,,1,39.0,6,39,256,Vector,1424,True,0,180,474,-1423
1424,gelu,1423,,2,39.0,6,39,256,Vector,1425,False,0,181,,-1424
1425,store,1424,474,3,39.0,6,39,256,Vector,,False,0,,474,-1425
1426,load,475,,1,39.0,7,39,256,Vector,1427,True,0,182,475,-1426
1427,gelu,1426,,2,39.0,7,39,256,Vector,1428,False,0,183,,-1427
1428,store,1427,475,3,39.0,7,39,256,Vector,,False,0,,475,-1428
1429,load,476,,1,39.0,8,39,256,Vector,1430,True,0,184,476,-1429
1430,gelu,1429,,2,39.0,8,39,256,Vector,1431,False,0,185,,-1430
1431,store,1430,476,3,39.0,8,39,256,Vector,,False,0,,476,-1431
1432,load,477,,1,39.0,9,39,256,Vector,1433,True,0,186,477,-1432
1433,gelu,1432,,2,39.0,9,39,256,Vector,1434,False,0,187,,-1433
1434,store,1433,477,3,39.0,9,39,256,Vector,,False,0,,477,-1434
1435,load,478,,1,39.0,10,39,256,Vector,1436,True,0,188,478,-1435
1436,gelu,1435,,2,39.0,10,39,256,Vector,1437,False,0,189,,-1436
1437,store,1436,478,3,39.0,10,39,256,Vector,,False,0,,478,-1437
1438,load,479,,1,39.0,11,39,256,Vector,1439,True,0,190,479,-1438
1439,gelu,1438,,2,39.0,11,39,256,Vector,1440,False,0,191,,-1439
1440,store,1439,479,3,39.0,11,39,256,Vector,,False,0,,479,-1440
1441,load,480,,1,40.0,0,40,256,Vector,1442,True,0,192,480,-1441
1442,gelu,1441,,2,40.0,0,40,256,Vector,1443,False,0,193,,-1442
1443,store,1442,480,3,40.0,0,40,256,Vector,,False,0,,480,-1443
1444,load,481,,1,40.0,1,40,256,Vector,1445,True,0,194,481,-1444
1445,gelu,1444,,2,40.0,1,40,256,Vector,1446,False,0,195,,-1445
1446,store,1445,481,3,40.0,1,40,256,Vector,,False,0,,481,-1446
1447,load,482,,1,40.0,2,40,256,Vector,1448,True,0,196,482,-1447
1448,gelu,1447,,2,40.0,2,40,256,Vector,1449,False,0,197,,-1448
1449,store,1448,482,3,40.0,2,40,256,Vector,,False,0,,482,-1449
1450,load,483,,1,40.0,3,40,256,Vector,1451,True,0,198,483,-1450
1451,gelu,1450,,2,40.0,3,40,256,Vector,1452,False,0,199,,-1451
1452,store,1451,483,3,40.0,3,40,256,Vector,,False,0,,483,-1452
1453,load,484,,1,40.0,4,40,256,Vector,1454,True,0,200,484,-1453
1454,gelu,1453,,2,40.0,4,40,256,Vector,1455,False,0,201,,-1454
1455,store,1454,484,3,40.0,4,40,256,Vector,,False,0,,484,-1455
1456,load,485,,1,40.0,5,40,256,Vector,1457,True,0,202,485,-1456
1457,gelu,1456,,2,40.0,5,40,256,Vector,1458,False,0,203,,-1457
1458,store,1457,485,3,40.0,5,40,256,Vector,,False,0,,485,-1458
1459,load,486,,1,40.0,6,40,256,Vector,1460,True,0,204,486,-1459
1460,gelu,1459,,2,40.0,6,40,256,Vector,1461,False,0,205,,-1460
1461,store,1460,486,3,40.0,6,40,256,Vector,,False,0,,486,-1461
1462,load,487,,1,40.0,7,40,256,Vector,1463,True,0,206,487,-1462
1463,gelu,1462,,2,40.0,7,40,256,Vector,1464,False,0,207,,-1463
1464,store,1463,487,3,40.0,7,40,256,Vector,,False,0,,487,-1464
1465,load,488,,1,40.0,8,40,256,Vector,1466,True,0,208,488,-1465
1466,gelu,1465,,2,40.0,8,40,256,Vector,1467,False,0,209,,-1466
1467,store,1466,488,3,40.0,8,40,256,Vector,,False,0,,488,-1467
1468,load,489,,1,40.0,9,40,256,Vector,1469,True,0,210,489,-1468
1469,gelu,1468,,2,40.0,9,40,256,Vector,1470,False,0,211,,-1469
1470,store,1469,489,3,40.0,9,40,256,Vector,,False,0,,489,-1470
1471,load,490,,1,40.0,10,40,256,Vector,1472,True,0,212,490,-1471
1472,gelu,1471,,2,40.0,10,40,256,Vector,1473,False,0,213,,-1472
1473,store,1472,490,3,40.0,10,40,256,Vector,,False,0,,490,-1473
1474,load,491,,1,40.0,11,40,256,Vector,1475,True,0,214,491,-1474
1475,gelu,1474,,2,40.0,11,40,256,Vector,1476,False,0,215,,-1475
1476,store,1475,491,3,40.0,11,40,256,Vector,,False,0,,491,-1476
1477,load,492,,1,41.0,0,41,256,Vector,1478,True,0,216,492,-1477
1478,gelu,1477,,2,41.0,0,41,256,Vector,1479,False,0,217,,-1478
1479,store,1478,492,3,41.0,0,41,256,Vector,,False,0,,492,-1479
1480,load,493,,1,41.0,1,41,256,Vector,1481,True,0,218,493,-1480
1481,gelu,1480,,2,41.0,1,41,256,Vector,1482,False,0,219,,-1481
1482,store,1481,493,3,41.0,1,41,256,Vector,,False,0,,493,-1482
1483,load,494,,1,41.0,2,41,256,Vector,1484,True,0,220,494,-1483
1484,gelu,1483,,2,41.0,2,41,256,Vector,1485,False,0,221,,-1484
1485,store,1484,494,3,41.0,2,41,256,Vector,,False,0,,494,-1485
1486,load,495,,1,41.0,3,41,256,Vector,1487,True,0,222,495,-1486
1487,gelu,1486,,2,41.0,3,41,256,Vector,1488,False,0,223,,-1487
1488,store,1487,495,3,41.0,3,41,256,Vector,,False,0,,495,-1488
1489,load,496,,1,41.0,4,41,256,Vector,1490,True,0,224,496,-1489
1490,gelu,1489,,2,41.0,4,41,256,Vector,1491,False,0,225,,-1490
1491,store,1490,496,3,41.0,4,41,256,Vector,,False,0,,496,-1491
1492,load,497,,1,41.0,5,41,256,Vector,1493,True,0,226,497,-1492
1493,gelu,1492,,2,41.0,5,41,256,Vector,1494,False,0,227,,-1493
1494,store,1493,497,3,41.0,5,41,256,Vector,,False,0,,497,-1494
1495,load,498,,1,41.0,6,41,256,Vector,1496,True,0,228,498,-1495
1496,gelu,1495,,2,41.0,6,41,256,Vector,1497,False,0,229,,-1496
1497,store,1496,498,3,41.0,6,41,256,Vector,,False,0,,498,-1497
1498,load,499,,1,41.0,7,41,256,Vector,1499,True,0,230,499,-1498
1499,gelu,1498,,2,41.0,7,41,256,Vector,1500,False,0,231,,-1499
1500,store,1499,499,3,41.0,7,41,256,Vector,,False,0,,499,-1500
1501,load,500,,1,41.0,8,41,256,Vector,1502,True,0,232,500,-1501
1502,gelu,1501,,2,41.0,8,41,256,Vector,1503,False,0,233,,-1502
1503,store,1502,500,3,41.0,8,41,256,Vector,,False,0,,500,-1503
1504,load,501,,1,41.0,9,41,256,Vector,1505,True,0,234,501,-1504
1505,gelu,1504,,2,41.0,9,41,256,Vector,1506,False,0,235,,-1505
1506,store,1505,501,3,41.0,9,41,256,Vector,,False,0,,501,-1506
1507,load,502,,1,41.0,10,41,256,Vector,1508,True,0,236,502,-1507
1508,gelu,1507,,2,41.0,10,41,256,Vector,1509,False,0,237,,-1508
1509,store,1508,502,3,41.0,10,41,256,Vector,,False,0,,502,-1509
1510,load,503,,1,41.0,11,41,256,Vector,1511,True,0,238,503,-1510
1511,gelu,1510,,2,41.0,11,41,256,Vector,1512,False,0,239,,-1511
1512,store,1511,503,3,41.0,11,41,256,Vector,,False,0,,503,-1512
1513,load,504,,1,42.0,0,42,256,Vector,1514,True,0,240,504,-1513
1514,gelu,1513,,2,42.0,0,42,256,Vector,1515,False,0,241,,-1514
1515,store,1514,504,3,42.0,0,42,256,Vector,,False,0,,504,-1515
1516,load,505,,1,42.0,1,42,256,Vector,1517,True,0,242,505,-1516
1517,gelu,1516,,2,42.0,1,42,256,Vector,1518,False,0,243,,-1517
1518,store,1517,505,3,42.0,1,42,256,Vector,,False,0,,505,-1518
1519,load,506,,1,42.0,2,42,256,Vector,1520,True,0,244,506,-1519
1520,gelu,1519,,2,42.0,2,42,256,Vector,1521,False,0,245,,-1520
1521,store,1520,506,3,42.0,2,42,256,Vector,,False,0,,506,-1521
1522,load,507,,1,42.0,3,42,256,Vector,1523,True,0,246,507,-1522
1523,gelu,1522,,2,42.0,3,42,256,Vector,1524,False,0,247,,-1523
1524,store,1523,507,3,42.0,3,42,256,Vector,,False,0,,507,-1524
1525,load,508,,1,42.0,4,42,256,Vector,1526,True,0,248,508,-1525
1526,gelu,1525,,2,42.0,4,42,256,Vector,1527,False,0,249,,-1526
1527,store,1526,508,3,42.0,4,42,256,Vector,,False,0,,508,-1527
1528,load,509,,1,42.0,5,42,256,Vector,1529,True,0,250,509,-1528
1529,gelu,1528,,2,42.0,5,42,256,Vector,1530,False,0,251,,-1529
1530,store,1529,509,3,42.0,5,42,256,Vector,,False,0,,509,-1530
1531,load,510,,1,42.0,6,42,256,Vector,1532,True,0,252,510,-1531
1532,gelu,1531,,2,42.0,6,42,256,Vector,1533,False,0,253,,-1532
1533,store,1532,510,3,42.0,6,42,256,Vector,,False,0,,510,-1533
1534,load,511,,1,42.0,7,42,256,Vector,1535,True,0,254,511,-1534
1535,gelu,1534,,2,42.0,7,42,256,Vector,1536,False,0,255,,-1535
1536,store,1535,511,3,42.0,7,42,256,Vector,,False,0,,511,-1536
1537,load,512,,1,42.0,8,42,256,Vector,1538,True,0,0,512,-1537
1538,gelu,1537,,2,42.0,8,42,256,Vector,1539,False,0,1,,-1538
1539,store,1538,512,3,42.0,8,42,256,Vector,,False,0,,512,-1539
1540,load,513,,1,42.0,9,42,256,Vector,1541,True,0,2,513,-1540
1541,gelu,1540,,2,42.0,9,42,256,Vector,1542,False,0,3,,-1541
1542,store,1541,513,3,42.0,9,42,256,Vector,,False,0,,513,-1542
1543,load,514,,1,42.0,10,42,256,Vector,1544,True,0,4,514,-1543
1544,gelu,1543,,2,42.0,10,42,256,Vector,1545,False,0,5,,-1544
1545,store,1544,514,3,42.0,10,42,256,Vector,,False,0,,514,-1545
1546,load,515,,1,42.0,11,42,256,Vector,1547,True,0,6,515,-1546
1547,gelu,1546,,2,42.0,11,42,256,Vector,1548,False,0,7,,-1547
1548,store,1547,515,3,42.0,11,42,256,Vector,,False,0,,515,-1548
1549,load,516,,1,43.0,0,43,256,Vector,1550,True,0,8,516,-1549
1550,gelu,1549,,2,43.0,0,43,256,Vector,1551,False,0,9,,-1550
1551,store,1550,516,3,43.0,0,43,256,Vector,,False,0,,516,-1551
1552,load,517,,1,43.0,1,43,256,Vector,1553,True,0,10,517,-1552
1553,gelu,1552,,2,43.0,1,43,256,Vector,1554,False,0,11,,-1553
1554,store,1553,517,3,43.0,1,43,256,Vector,,False,0,,517,-1554
1555,load,518,,1,43.0,2,43,256,Vector,1556,True,0,12,518,-1555
1556,gelu,1555,,2,43.0,2,43,256,Vector,1557,False,0,13,,-1556
1557,store,1556,518,3,43.0,2,43,256,Vector,,False,0,,518,-1557
1558,load,519,,1,43.0,3,43,256,Vector,1559,True,0,14,519,-1558
1559,gelu,1558,,2,43.0,3,43,256,Vector,1560,False,0,15,,-1559
1560,store,1559,519,3,43.0,3,43,256,Vector,,False,0,,519,-1560
1561,load,520,,1,43.0,4,43,256,Vector,1562,True,0,16,520,-1561
1562,gelu,1561,,2,43.0,4,43,256,Vector,1563,False,0,17,,-1562
1563,store,1562,520,3,43.0,4,43,256,Vector,,False,0,,520,-1563
1564,load,521,,1,43.0,5,43,256,Vector,1565,True,0,18,521,-1564
1565,gelu,1564,,2,43.0,5,43,256,Vector,1566,False,0,19,,-1565
1566,store,1565,521,3,43.0,5,43,256,Vector,,False,0,,521,-1566
1567,load,522,,1,43.0,6,43,256,Vector,1568,True,0,20,522,-1567
1568,gelu,1567,,2,43.0,6,43,256,Vector,1569,False,0,21,,-1568
1569,store,1568,522,3,43.0,6,43,256,Vector,,False,0,,522,-1569
1570,load,523,,1,43.0,7,43,256,Vector,1571,True,0,22,523,-1570
1571,gelu,1570,,2,43.0,7,43,256,Vector,1572,False,0,23,,-1571
1572,store,1571,523,3,43.0,7,43,256,Vector,,False,0,,523,-1572
1573,load,524,,1,43.0,8,43,256,Vector,1574,True,0,24,524,-1573
1574,gelu,1573,,2,43.0,8,43,256,Vector,1575,False,0,25,,-1574
1575,store,1574,524,3,43.0,8,43,256,Vector,,False,0,,524,-1575
1576,load,525,,1,43.0,9,43,256,Vector,1577,True,0,26,525,-1576
1577,gelu,1576,,2,43.0,9,43,256,Vector,1578,False,0,27,,-1577
1578,store,1577,525,3,43.0,9,43,256,Vector,,False,0,,525,-1578
1579,load,526,,1,43.0,10,43,256,Vector,1580,True,0,28,526,-1579
1580,gelu,1579,,2,43.0,10,43,256,Vector,1581,False,0,29,,-1580
1581,store,1580,526,3,43.0,10,43,256,Vector,,False,0,,526,-1581
1582,load,527,,1,43.0,11,43,256,Vector,1583,True,0,30,527,-1582
1583,gelu,1582,,2,43.0,11,43,256,Vector,1584,False,0,31,,-1583
1584,store,1583,527,3,43.0,11,43,256,Vector,,False,0,,527,-1584
1585,load,528,,1,44.0,0,44,256,Vector,1586,True,0,32,528,-1585
1586,gelu,1585,,2,44.0,0,44,256,Vector,1587,False,0,33,,-1586
1587,store,1586,528,3,44.0,0,44,256,Vector,,False,0,,528,-1587
1588,load,529,,1,44.0,1,44,256,Vector,1589,True,0,34,529,-1588
1589,gelu,1588,,2,44.0,1,44,256,Vector,1590,False,0,35,,-1589
1590,store,1589,529,3,44.0,1,44,256,Vector,,False,0,,529,-1590
1591,load,530,,1,44.0,2,44,256,Vector,1592,True,0,36,530,-1591
1592,gelu,1591,,2,44.0,2,44,256,Vector,1593,False,0,37,,-1592
1593,store,1592,530,3,44.0,2,44,256,Vector,,False,0,,530,-1593
1594,load,531,,1,44.0,3,44,256,Vector,1595,True,0,38,531,-1594
1595,gelu,1594,,2,44.0,3,44,256,Vector,1596,False,0,39,,-1595
1596,store,1595,531,3,44.0,3,44,256,Vector,,False,0,,531,-1596
1597,load,532,,1,44.0,4,44,256,Vector,1598,True,0,40,532,-1597
1598,gelu,1597,,2,44.0,4,44,256,Vector,1599,False,0,41,,-1598
1599,store,1598,532,3,44.0,4,44,256,Vector,,False,0,,532,-1599
1600,load,533,,1,44.0,5,44,256,Vector,1601,True,0,42,533,-1600
1601,gelu,1600,,2,44.0,5,44,256,Vector,1602,False,0,43,,-1601
1602,store,1601,533,3,44.0,5,44,256,Vector,,False,0,,533,-1602
1603,load,534,,1,44.0,6,44,256,Vector,1604,True,0,44,534,-1603
1604,gelu,1603,,2,44.0,6,44,256,Vector,1605,False,0,45,,-1604
1605,store,1604,534,3,44.0,6,44,256,Vector,,False,0,,534,-1605
1606,load,535,,1,44.0,7,44,256,Vector,1607,True,0,46,535,-1606
1607,gelu,1606,,2,44.0,7,44,256,Vector,1608,False,0,47,,-1607
1608,store,1607,535,3,44.0,7,44,256,Vector,,False,0,,535,-1608
1609,load,536,,1,44.0,8,44,256,Vector,1610,True,0,48,536,-1609
1610,gelu,1609,,2,44.0,8,44,256,Vector,1611,False,0,49,,-1610
1611,store,1610,536,3,44.0,8,44,256,Vector,,False,0,,536,-1611
1612,load,537,,1,44.0,9,44,256,Vector,1613,True,0,50,537,-1612
1613,gelu,1612,,2,44.0,9,44,256,Vector,1614,False,0,51,,-1613
1614,store,1613,537,3,44.0,9,44,256,Vector,,False,0,,537,-1614
1615,load,538,,1,44.0,10,44,256,Vector,1616,True,0,52,538,-1615
1616,gelu,1615,,2,44.0,10,44,256,Vector,1617,False,0,53,,-1616
1617,store,1616,538,3,44.0,10,44,256,Vector,,False,0,,538,-1617
1618,load,539,,1,44.0,11,44,256,Vector,1619,True,0,54,539,-1618
1619,gelu,1618,,2,44.0,11,44,256,Vector,1620,False,0,55,,-1619
1620,store,1619,539,3,44.0,11,44,256,Vector,,False,0,,539,-1620
1621,load,540,,1,45.0,0,45,256,Vector,1622,True,0,56,540,-1621
1622,gelu,1621,,2,45.0,0,45,256,Vector,1623,False,0,57,,-1622
1623,store,1622,540,3,45.0,0,45,256,Vector,,False,0,,540,-1623
1624,load,541,,1,45.0,1,45,256,Vector,1625,True,0,58,541,-1624
1625,gelu,1624,,2,45.0,1,45,256,Vector,1626,False,0,59,,-1625
1626,store,1625,541,3,45.0,1,45,256,Vector,,False,0,,541,-1626
1627,load,542,,1,45.0,2,45,256,Vector,1628,True,0,60,542,-1627
1628,gelu,1627,,2,45.0,2,45,256,Vector,1629,False,0,61,,-1628
1629,store,1628,542,3,45.0,2,45,256,Vector,,False,0,,542,-1629
1630,load,543,,1,45.0,3,45,256,Vector,1631,True,0,62,543,-1630
1631,gelu,1630,,2,45.0,3,45,256,Vector,1632,False,0,63,,-1631
1632,store,1631,543,3,45.0,3,45,256,Vector,,False,0,,543,-1632
1633,load,544,,1,45.0,4,45,256,Vector,1634,True,0,64,544,-1633
1634,gelu,1633,,2,45.0,4,45,256,Vector,1635,False,0,65,,-1634
1635,store,1634,544,3,45.0,4,45,256,Vector,,False,0,,544,-1635
1636,load,545,,1,45.0,5,45,256,Vector,1637,True,0,66,545,-1636
1637,gelu,1636,,2,45.0,5,45,256,Vector,1638,False,0,67,,-1637
1638,store,1637,545,3,45.0,5,45,256,Vector,,False,0,,545,-1638
1639,load,546,,1,45.0,6,45,256,Vector,1640,True,0,68,546,-1639
1640,gelu,1639,,2,45.0,6,45,256,Vector,1641,False,0,69,,-1640
1641,store,1640,546,3,45.0,6,45,256,Vector,,False,0,,546,-1641
1642,load,547,,1,45.0,7,45,256,Vector,1643,True,0,70,547,-1642
1643,gelu,1642,,2,45.0,7,45,256,Vector,1644,False,0,71,,-1643
1644,store,1643,547,3,45.0,7,45,256,Vector,,False,0,,547,-1644
1645,load,548,,1,45.0,8,45,256,Vector,1646,True,0,72,548,-1645
1646,gelu,1645,,2,45.0,8,45,256,Vector,1647,False,0,73,,-1646
1647,store,1646,548,3,45.0,8,45,256,Vector,,False,0,,548,-1647
1648,load,549,,1,45.0,9,45,256,Vector,1649,True,0,74,549,-1648
1649,gelu,1648,,2,45.0,9,45,256,Vector,1650,False,0,75,,-1649
1650,store,1649,549,3,45.0,9,45,256,Vector,,False,0,,549,-1650
1651,load,550,,1,45.0,10,45,256,Vector,1652,True,0,76,550,-1651
1652,gelu,1651,,2,45.0,10,45,256,Vector,1653,False,0,77,,-1652
1653,store,1652,550,3,45.0,10,45,256,Vector,,False,0,,550,-1653
1654,load,551,,1,45.0,11,45,256,Vector,1655,True,0,78,551,-1654
1655,gelu,1654,,2,45.0,11,45,256,Vector,1656,False,0,79,,-1655
1656,store,1655,551,3,45.0,11,45,256,Vector,,False,0,,551,-1656
1657,load,552,,1,46.0,0,46,256,Vector,1658,True,0,80,552,-1657
1658,gelu,1657,,2,46.0,0,46,256,Vector,1659,False,0,81,,-1658
1659,store,1658,552,3,46.0,0,46,256,Vector,,False,0,,552,-1659
1660,load,553,,1,46.0,1,46,256,Vector,1661,True,0,82,553,-1660
1661,gelu,1660,,2,46.0,1,46,256,Vector,1662,False,0,83,,-1661
1662,store,1661,553,3,46.0,1,46,256,Vector,,False,0,,553,-1662
1663,load,554,,1,46.0,2,46,256,Vector,1664,True,0,84,554,-1663
1664,gelu,1663,,2,46.0,2,46,256,Vector,1665,False,0,85,,-1664
1665,store,1664,554,3,46.0,2,46,256,Vector,,False,0,,554,-1665
1666,load,555,,1,46.0,3,46,256,Vector,1667,True,0,86,555,-1666
1667,gelu,1666,,2,46.0,3,46,256,Vector,1668,False,0,87,,-1667
1668,store,1667,555,3,46.0,3,46,256,Vector,,False,0,,555,-1668
1669,load,556,,1,46.0,4,46,256,Vector,1670,True,0,88,556,-1669
1670,gelu,1669,,2,46.0,4,46,256,Vector,1671,False,0,89,,-1670
1671,store,1670,556,3,46.0,4,46,256,Vector,,False,0,,556,-1671
1672,load,557,,1,46.0,5,46,256,Vector,1673,True,0,90,557,-1672
1673,gelu,1672,,2,46.0,5,46,256,Vector,1674,False,0,91,,-1673
1674,store,1673,557,3,46.0,5,46,256,Vector,,False,0,,557,-1674
1675,load,558,,1,46.0,6,46,256,Vector,1676,True,0,92,558,-1675
1676,gelu,1675,,2,46.0,6,46,256,Vector,1677,False,0,93,,-1676
1677,store,1676,558,3,46.0,6,46,256,Vector,,False,0,,558,-1677
1678,load,559,,1,46.0,7,46,256,Vector,1679,True,0,94,559,-1678
1679,gelu,1678,,2,46.0,7,46,256,Vector,1680,False,0,95,,-1679
1680,store,1679,559,3,46.0,7,46,256,Vector,,False,0,,559,-1680
1681,load,560,,1,46.0,8,46,256,Vector,1682,True,0,96,560,-1681
1682,gelu,1681,,2,46.0,8,46,256,Vector,1683,False,0,97,,-1682
1683,store,1682,560,3,46.0,8,46,256,Vector,,False,0,,560,-1683
1684,load,561,,1,46.0,9,46,256,Vector,1685,True,0,98,561,-1684
1685,gelu,1684,,2,46.0,9,46,256,Vector,1686,False,0,99,,-1685
1686,store,1685,561,3,46.0,9,46,256,Vector,,False,0,,561,-1686
1687,load,562,,1,46.0,10,46,256,Vector,1688,True,0,100,562,-1687
1688,gelu,1687,,2,46.0,10,46,256,Vector,1689,False,0,101,,-1688
1689,store,1688,562,3,46.0,10,46,256,Vector,,False,0,,562,-1689
1690,load,563,,1,46.0,11,46,256,Vector,1691,True,0,102,563,-1690
1691,gelu,1690,,2,46.0,11,46,256,Vector,1692,False,0,103,,-1691
1692,store,1691,563,3,46.0,11,46,256,Vector,,False,0,,563,-1692
1693,load,564,,1,47.0,0,47,256,Vector,1694,True,0,104,564,-1693
1694,gelu,1693,,2,47.0,0,47,256,Vector,1695,False,0,105,,-1694
1695,store,1694,564,3,47.0,0,47,256,Vector,,False,0,,564,-1695
1696,load,565,,1,47.0,1,47,256,Vector,1697,True,0,106,565,-1696
1697,gelu,1696,,2,47.0,1,47,256,Vector,1698,False,0,107,,-1697
1698,store,1697,565,3,47.0,1,47,256,Vector,,False,0,,565,-1698
1699,load,566,,1,47.0,2,47,256,Vector,1700,True,0,108,566,-1699
1700,gelu,1699,,2,47.0,2,47,256,Vector,1701,False,0,109,,-1700
1701,store,1700,566,3,47.0,2,47,256,Vector,,False,0,,566,-1701
1702,load,567,,1,47.0,3,47,256,Vector,1703,True,0,110,567,-1702
1703,gelu,1702,,2,47.0,3,47,256,Vector,1704,False,0,111,,-1703
1704,store,1703,567,3,47.0,3,47,256,Vector,,False,0,,567,-1704
1705,load,568,,1,47.0,4,47,256,Vector,1706,True,0,112,568,-1705
1706,gelu,1705,,2,47.0,4,47,256,Vector,1707,False,0,113,,-1706
1707,store,1706,568,3,47.0,4,47,256,Vector,,False,0,,568,-1707
1708,load,569,,1,47.0,5,47,256,Vector,1709,True,0,114,569,-1708
1709,gelu,1708,,2,47.0,5,47,256,Vector,1710,False,0,115,,-1709
1710,store,1709,569,3,47.0,5,47,256,Vector,,False,0,,569,-1710
1711,load,570,,1,47.0,6,47,256,Vector,1712,True,0,116,570,-1711
1712,gelu,1711,,2,47.0,6,47,256,Vector,1713,False,0,117,,-1712
1713,store,1712,570,3,47.0,6,47,256,Vector,,False,0,,570,-1713
1714,load,571,,1,47.0,7,47,256,Vector,1715,True,0,118,571,-1714
1715,gelu,1714,,2,47.0,7,47,256,Vector,1716,False,0,119,,-1715
1716,store,1715,571,3,47.0,7,47,256,Vector,,False,0,,571,-1716
1717,load,572,,1,47.0,8,47,256,Vector,1718,True,0,120,572,-1717
1718,gelu,1717,,2,47.0,8,47,256,Vector,1719,False,0,121,,-1718
1719,store,1718,572,3,47.0,8,47,256,Vector,,False,0,,572,-1719
1720,load,573,,1,47.0,9,47,256,Vector,1721,True,0,122,573,-1720
1721,gelu,1720,,2,47.0,9,47,256,Vector,1722,False,0,123,,-1721
1722,store,1721,573,3,47.0,9,47,256,Vector,,False,0,,573,-1722
1723,load,574,,1,47.0,10,47,256,Vector,1724,True,0,124,574,-1723
1724,gelu,1723,,2,47.0,10,47,256,Vector,1725,False,0,125,,-1724
1725,store,1724,574,3,47.0,10,47,256,Vector,,False,0,,574,-1725
1726,load,575,,1,47.0,11,47,256,Vector,1727,True,0,126,575,-1726
1727,gelu,1726,,2,47.0,11,47,256,Vector,1728,False,0,127,,-1727
1728,store,1727,575,3,47.0,11,47,256,Vector,,False,0,,575,-1728
1729,load,576,,1,48.0,0,48,256,Vector,1730,True,0,128,576,-1729
1730,gelu,1729,,2,48.0,0,48,256,Vector,1731,False,0,129,,-1730
1731,store,1730,576,3,48.0,0,48,256,Vector,,False,0,,576,-1731
1732,load,577,,1,48.0,1,48,256,Vector,1733,True,0,130,577,-1732
1733,gelu,1732,,2,48.0,1,48,256,Vector,1734,False,0,131,,-1733
1734,store,1733,577,3,48.0,1,48,256,Vector,,False,0,,577,-1734
1735,load,578,,1,48.0,2,48,256,Vector,1736,True,0,132,578,-1735
1736,gelu,1735,,2,48.0,2,48,256,Vector,1737,False,0,133,,-1736
1737,store,1736,578,3,48.0,2,48,256,Vector,,False,0,,578,-1737
1738,load,579,,1,48.0,3,48,256,Vector,1739,True,0,134,579,-1738
1739,gelu,1738,,2,48.0,3,48,256,Vector,1740,False,0,135,,-1739
1740,store,1739,579,3,48.0,3,48,256,Vector,,False,0,,579,-1740
1741,load,580,,1,48.0,4,48,256,Vector,1742,True,0,136,580,-1741
1742,gelu,1741,,2,48.0,4,48,256,Vector,1743,False,0,137,,-1742
1743,store,1742,580,3,48.0,4,48,256,Vector,,False,0,,580,-1743
1744,load,581,,1,48.0,5,48,256,Vector,1745,True,0,138,581,-1744
1745,gelu,1744,,2,48.0,5,48,256,Vector,1746,False,0,139,,-1745
1746,store,1745,581,3,48.0,5,48,256,Vector,,False,0,,581,-1746
1747,load,582,,1,48.0,6,48,256,Vector,1748,True,0,140,582,-1747
1748,gelu,1747,,2,48.0,6,48,256,Vector,1749,False,0,141,,-1748
1749,store,1748,582,3,48.0,6,48,256,Vector,,False,0,,582,-1749
1750,load,583,,1,48.0,7,48,256,Vector,1751,True,0,142,583,-1750
1751,gelu,1750,,2,48.0,7,48,256,Vector,1752,False,0,143,,-1751
1752,store,1751,583,3,48.0,7,48,256,Vector,,False,0,,583,-1752
1753,load,584,,1,48.0,8,48,256,Vector,1754,True,0,144,584,-1753
1754,gelu,1753,,2,48.0,8,48,256,Vector,1755,False,0,145,,-1754
1755,store,1754,584,3,48.0,8,48,256,Vector,,False,0,,584,-1755
1756,load,585,,1,48.0,9,48,256,Vector,1757,True,0,146,585,-1756
1757,gelu,1756,,2,48.0,9,48,256,Vector,1758,False,0,147,,-1757
1758,store,1757,585,3,48.0,9,48,256,Vector,,False,0,,585,-1758
1759,load,586,,1,48.0,10,48,256,Vector,1760,True,0,148,586,-1759
1760,gelu,1759,,2,48.0,10,48,256,Vector,1761,False,0,149,,-1760
1761,store,1760,586,3,48.0,10,48,256,Vector,,False,0,,586,-1761
1762,load,587,,1,48.0,11,48,256,Vector,1763,True,0,150,587,-1762
1763,gelu,1762,,2,48.0,11,48,256,Vector,1764,False,0,151,,-1763
1764,store,1763,587,3,48.0,11,48,256,Vector,,False,0,,587,-1764
1765,load,588,,1,49.0,0,49,256,Vector,1766,True,0,152,588,-1765
1766,gelu,1765,,2,49.0,0,49,256,Vector,1767,False,0,153,,-1766
1767,store,1766,588,3,49.0,0,49,256,Vector,,False,0,,588,-1767
1768,load,589,,1,49.0,1,49,256,Vector,1769,True,0,154,589,-1768
1769,gelu,1768,,2,49.0,1,49,256,Vector,1770,False,0,155,,-1769
1770,store,1769,589,3,49.0,1,49,256,Vector,,False,0,,589,-1770
1771,load,590,,1,49.0,2,49,256,Vector,1772,True,0,156,590,-1771
1772,gelu,1771,,2,49.0,2,49,256,Vector,1773,False,0,157,,-1772
1773,store,1772,590,3,49.0,2,49,256,Vector,,False,0,,590,-1773
1774,load,591,,1,49.0,3,49,256,Vector,1775,True,0,158,591,-1774
1775,gelu,1774,,2,49.0,3,49,256,Vector,1776,False,0,159,,-1775
1776,store,1775,591,3,49.0,3,49,256,Vector,,False,0,,591,-1776
1777,load,592,,1,49.0,4,49,256,Vector,1778,True,0,160,592,-1777
1778,gelu,1777,,2,49.0,4,49,256,Vector,1779,False,0,161,,-1778
1779,store,1778,592,3,49.0,4,49,256,Vector,,False,0,,592,-1779
1780,load,593,,1,49.0,5,49,256,Vector,1781,True,0,162,593,-1780
1781,gelu,1780,,2,49.0,5,49,256,Vector,1782,False,0,163,,-1781
1782,store,1781,593,3,49.0,5,49,256,Vector,,False,0,,593,-1782
1783,load,594,,1,49.0,6,49,256,Vector,1784,True,0,164,594,-1783
1784,gelu,1783,,2,49.0,6,49,256,Vector,1785,False,0,165,,-1784
1785,store,1784,594,3,49.0,6,49,256,Vector,,False,0,,594,-1785
1786,load,595,,1,49.0,7,49,256,Vector,1787,True,0,166,595,-1786
1787,gelu,1786,,2,49.0,7,49,256,Vector,1788,False,0,167,,-1787
1788,store,1787,595,3,49.0,7,49,256,Vector,,False,0,,595,-1788
1789,load,596,,1,49.0,8,49,256,Vector,1790,True,0,168,596,-1789
1790,gelu,1789,,2,49.0,8,49,256,Vector,1791,False,0,169,,-1790
1791,store,1790,596,3,49.0,8,49,256,Vector,,False,0,,596,-1791
1792,load,597,,1,49.0,9,49,256,Vector,1793,True,0,170,597,-1792
1793,gelu,1792,,2,49.0,9,49,256,Vector,1794,False,0,171,,-1793
1794,store,1793,597,3,49.0,9,49,256,Vector,,False,0,,597,-1794
1795,load,598,,1,49.0,10,49,256,Vector,1796,True,0,172,598,-1795
1796,gelu,1795,,2,49.0,10,49,256,Vector,1797,False,0,173,,-1796
1797,store,1796,598,3,49.0,10,49,256,Vector,,False,0,,598,-1797
1798,load,599,,1,49.0,11,49,256,Vector,1799,True,0,174,599,-1798
1799,gelu,1798,,2,49.0,11,49,256,Vector,1800,False,0,175,,-1799
1800,store,1799,599,3,49.0,11,49,256,Vector,,False,0,,599,-1800
1801,load,600,,1,50.0,0,50,256,Vector,1802,True,0,176,600,-1801
1802,gelu,1801,,2,50.0,0,50,256,Vector,1803,False,0,177,,-1802
1803,store,1802,600,3,50.0,0,50,256,Vector,,False,0,,600,-1803
1804,load,601,,1,50.0,1,50,256,Vector,1805,True,0,178,601,-1804
1805,gelu,1804,,2,50.0,1,50,256,Vector,1806,False,0,179,,-1805
1806,store,1805,601,3,50.0,1,50,256,Vector,,False,0,,601,-1806
1807,load,602,,1,50.0,2,50,256,Vector,1808,True,0,180,602,-1807
1808,gelu,1807,,2,50.0,2,50,256,Vector,1809,False,0,181,,-1808
1809,store,1808,602,3,50.0,2,50,256,Vector,,False,0,,602,-1809
1810,load,603,,1,50.0,3,50,256,Vector,1811,True,0,182,603,-1810
1811,gelu,1810,,2,50.0,3,50,256,Vector,1812,False,0,183,,-1811
1812,store,1811,603,3,50.0,3,50,256,Vector,,False,0,,603,-1812
1813,load,604,,1,50.0,4,50,256,Vector,1814,True,0,184,604,-1813
1814,gelu,1813,,2,50.0,4,50,256,Vector,1815,False,0,185,,-1814
1815,store,1814,604,3,50.0,4,50,256,Vector,,False,0,,604,-1815
1816,load,605,,1,50.0,5,50,256,Vector,1817,True,0,186,605,-1816
1817,gelu,1816,,2,50.0,5,50,256,Vector,1818,False,0,187,,-1817
1818,store,1817,605,3,50.0,5,50,256,Vector,,False,0,,605,-1818
1819,load,606,,1,50.0,6,50,256,Vector,1820,True,0,188,606,-1819
1820,gelu,1819,,2,50.0,6,50,256,Vector,1821,False,0,189,,-1820
1821,store,1820,606,3,50.0,6,50,256,Vector,,False,0,,606,-1821
1822,load,607,,1,50.0,7,50,256,Vector,1823,True,0,190,607,-1822
1823,gelu,1822,,2,50.0,7,50,256,Vector,1824,False,0,191,,-1823
1824,store,1823,607,3,50.0,7,50,256,Vector,,False,0,,607,-1824
1825,load,608,,1,50.0,8,50,256,Vector,1826,True,0,192,608,-1825
1826,gelu,1825,,2,50.0,8,50,256,Vector,1827,False,0,193,,-1826
1827,store,1826,608,3,50.0,8,50,256,Vector,,False,0,,608,-1827
1828,load,609,,1,50.0,9,50,256,Vector,1829,True,0,194,609,-1828
1829,gelu,1828,,2,50.0,9,50,256,Vector,1830,False,0,195,,-1829
1830,store,1829,609,3,50.0,9,50,256,Vector,,False,0,,609,-1830
1831,load,610,,1,50.0,10,50,256,Vector,1832,True,0,196,610,-1831
1832,gelu,1831,,2,50.0,10,50,256,Vector,1833,False,0,197,,-1832
1833,store,1832,610,3,50.0,10,50,256,Vector,,False,0,,610,-1833
1834,load,611,,1,50.0,11,50,256,Vector,1835,True,0,198,611,-1834
1835,gelu,1834,,2,50.0,11,50,256,Vector,1836,False,0,199,,-1835
1836,store,1835,611,3,50.0,11,50,256,Vector,,False,0,,611,-1836
1837,load,612,,1,51.0,0,51,256,Vector,1838,True,0,200,612,-1837
1838,gelu,1837,,2,51.0,0,51,256,Vector,1839,False,0,201,,-1838
1839,store,1838,612,3,51.0,0,51,256,Vector,,False,0,,612,-1839
1840,load,613,,1,51.0,1,51,256,Vector,1841,True,0,202,613,-1840
1841,gelu,1840,,2,51.0,1,51,256,Vector,1842,False,0,203,,-1841
1842,store,1841,613,3,51.0,1,51,256,Vector,,False,0,,613,-1842
1843,load,614,,1,51.0,2,51,256,Vector,1844,True,0,204,614,-1843
1844,gelu,1843,,2,51.0,2,51,256,Vector,1845,False,0,205,,-1844
1845,store,1844,614,3,51.0,2,51,256,Vector,,False,0,,614,-1845
1846,load,615,,1,51.0,3,51,256,Vector,1847,True,0,206,615,-1846
1847,gelu,1846,,2,51.0,3,51,256,Vector,1848,False,0,207,,-1847
1848,store,1847,615,3,51.0,3,51,256,Vector,,False,0,,615,-1848
1849,load,616,,1,51.0,4,51,256,Vector,1850,True,0,208,616,-1849
1850,gelu,1849,,2,51.0,4,51,256,Vector,1851,False,0,209,,-1850
1851,store,1850,616,3,51.0,4,51,256,Vector,,False,0,,616,-1851
1852,load,617,,1,51.0,5,51,256,Vector,1853,True,0,210,617,-1852
1853,gelu,1852,,2,51.0,5,51,256,Vector,1854,False,0,211,,-1853
1854,store,1853,617,3,51.0,5,51,256,Vector,,False,0,,617,-1854
1855,load,618,,1,51.0,6,51,256,Vector,1856,True,0,212,618,-1855
1856,gelu,1855,,2,51.0,6,51,256,Vector,1857,False,0,213,,-1856
1857,store,1856,618,3,51.0,6,51,256,Vector,,False,0,,618,-1857
1858,load,619,,1,51.0,7,51,256,Vector,1859,True,0,214,619,-1858
1859,gelu,1858,,2,51.0,7,51,256,Vector,1860,False,0,215,,-1859
1860,store,1859,619,3,51.0,7,51,256,Vector,,False,0,,619,-1860
1861,load,620,,1,51.0,8,51,256,Vector,1862,True,0,216,620,-1861
1862,gelu,1861,,2,51.0,8,51,256,Vector,1863,False,0,217,,-1862
1863,store,1862,620,3,51.0,8,51,256,Vector,,False,0,,620,-1863
1864,load,621,,1,51.0,9,51,256,Vector,1865,True,0,218,621,-1864
1865,gelu,1864,,2,51.0,9,51,256,Vector,1866,False,0,219,,-1865
1866,store,1865,621,3,51.0,9,51,256,Vector,,False,0,,621,-1866
1867,load,622,,1,51.0,10,51,256,Vector,1868,True,0,220,622,-1867
1868,gelu,1867,,2,51.0,10,51,256,Vector,1869,False,0,221,,-1868
1869,store,1868,622,3,51.0,10,51,256,Vector,,False,0,,622,-1869
1870,load,623,,1,51.0,11,51,256,Vector,1871,True,0,222,623,-1870
1871,gelu,1870,,2,51.0,11,51,256,Vector,1872,False,0,223,,-1871
1872,store,1871,623,3,51.0,11,51,256,Vector,,False,0,,623,-1872
1873,load,624,,1,52.0,0,52,256,Vector,1874,True,0,224,624,-1873
1874,gelu,1873,,2,52.0,0,52,256,Vector,1875,False,0,225,,-1874
1875,store,1874,624,3,52.0,0,52,256,Vector,,False,0,,624,-1875
1876,load,625,,1,52.0,1,52,256,Vector,1877,True,0,226,625,-1876
1877,gelu,1876,,2,52.0,1,52,256,Vector,1878,False,0,227,,-1877
1878,store,1877,625,3,52.0,1,52,256,Vector,,False,0,,625,-1878
1879,load,626,,1,52.0,2,52,256,Vector,1880,True,0,228,626,-1879
1880,gelu,1879,,2,52.0,2,52,256,Vector,1881,False,0,229,,-1880
1881,store,1880,626,3,52.0,2,52,256,Vector,,False,0,,626,-1881
1882,load,627,,1,52.0,3,52,256,Vector,1883,True,0,230,627,-1882
1883,gelu,1882,,2,52.0,3,52,256,Vector,1884,False,0,231,,-1883
1884,store,1883,627,3,52.0,3,52,256,Vector,,False,0,,627,-1884
1885,load,628,,1,52.0,4,52,256,Vector,1886,True,0,232,628,-1885
1886,gelu,1885,,2,52.0,4,52,256,Vector,1887,False,0,233,,-1886
1887,store,1886,628,3,52.0,4,52,256,Vector,,False,0,,628,-1887
1888,load,629,,1,52.0,5,52,256,Vector,1889,True,0,234,629,-1888
1889,gelu,1888,,2,52.0,5,52,256,Vector,1890,False,0,235,,-1889
1890,store,1889,629,3,52.0,5,52,256,Vector,,False,0,,629,-1890
1891,load,630,,1,52.0,6,52,256,Vector,1892,True,0,236,630,-1891
1892,gelu,1891,,2,52.0,6,52,256,Vector,1893,False,0,237,,-1892
1893,store,1892,630,3,52.0,6,52,256,Vector,,False,0,,630,-1893
1894,load,631,,1,52.0,7,52,256,Vector,1895,True,0,238,631,-1894
1895,gelu,1894,,2,52.0,7,52,256,Vector,1896,False,0,239,,-1895
1896,store,1895,631,3,52.0,7,52,256,Vector,,False,0,,631,-1896
1897,load,632,,1,52.0,8,52,256,Vector,1898,True,0,240,632,-1897
1898,gelu,1897,,2,52.0,8,52,256,Vector,1899,False,0,241,,-1898
1899,store,1898,632,3,52.0,8,52,256,Vector,,False,0,,632,-1899
1900,load,633,,1,52.0,9,52,256,Vector,1901,True,0,242,633,-1900
1901,gelu,1900,,2,52.0,9,52,256,Vector,1902,False,0,243,,-1901
1902,store,1901,633,3,52.0,9,52,256,Vector,,False,0,,633,-1902
1903,load,634,,1,52.0,10,52,256,Vector,1904,True,0,244,634,-1903
1904,gelu,1903,,2,52.0,10,52,256,Vector,1905,False,0,245,,-1904
1905,store,1904,634,3,52.0,10,52,256,Vector,,False,0,,634,-1905
1906,load,635,,1,52.0,11,52,256,Vector,1907,True,0,246,635,-1906
1907,gelu,1906,,2,52.0,11,52,256,Vector,1908,False,0,247,,-1907
1908,store,1907,635,3,52.0,11,52,256,Vector,,False,0,,635,-1908
1909,load,636,,1,53.0,0,53,256,Vector,1910,True,0,248,636,-1909
1910,gelu,1909,,2,53.0,0,53,256,Vector,1911,False,0,249,,-1910
1911,store,1910,636,3,53.0,0,53,256,Vector,,False,0,,636,-1911
1912,load,637,,1,53.0,1,53,256,Vector,1913,True,0,250,637,-1912
1913,gelu,1912,,2,53.0,1,53,256,Vector,1914,False,0,251,,-1913
1914,store,1913,637,3,53.0,1,53,256,Vector,,False,0,,637,-1914
1915,load,638,,1,53.0,2,53,256,Vector,1916,True,0,252,638,-1915
1916,gelu,1915,,2,53.0,2,53,256,Vector,1917,False,0,253,,-1916
1917,store,1916,638,3,53.0,2,53,256,Vector,,False,0,,638,-1917
1918,load,639,,1,53.0,3,53,256,Vector,1919,True,0,254,639,-1918
1919,gelu,1918,,2,53.0,3,53,256,Vector,1920,False,0,255,,-1919
1920,store,1919,639,3,53.0,3,53,256,Vector,,False,0,,639,-1920
1921,load,640,,1,53.0,4,53,256,Vector,1922,True,0,0,640,-1921
1922,gelu,1921,,2,53.0,4,53,256,Vector,1923,False,0,1,,-1922
1923,store,1922,640,3,53.0,4,53,256,Vector,,False,0,,640,-1923
1924,load,641,,1,53.0,5,53,256,Vector,1925,True,0,2,641,-1924
1925,gelu,1924,,2,53.0,5,53,256,Vector,1926,False,0,3,,-1925
1926,store,1925,641,3,53.0,5,53,256,Vector,,False,0,,641,-1926
1927,load,642,,1,53.0,6,53,256,Vector,1928,True,0,4,642,-1927
1928,gelu,1927,,2,53.0,6,53,256,Vector,1929,False,0,5,,-1928
1929,store,1928,642,3,53.0,6,53,256,Vector,,False,0,,642,-1929
1930,load,643,,1,53.0,7,53,256,Vector,1931,True,0,6,643,-1930
1931,gelu,1930,,2,53.0,7,53,256,Vector,1932,False,0,7,,-1931
1932,store,1931,643,3,53.0,7,53,256,Vector,,False,0,,643,-1932
1933,load,644,,1,53.0,8,53,256,Vector,1934,True,0,8,644,-1933
1934,gelu,1933,,2,53.0,8,53,256,Vector,1935,False,0,9,,-1934
1935,store,1934,644,3,53.0,8,53,256,Vector,,False,0,,644,-1935
1936,load,645,,1,53.0,9,53,256,Vector,1937,True,0,10,645,-1936
1937,gelu,1936,,2,53.0,9,53,256,Vector,1938,False,0,11,,-1937
1938,store,1937,645,3,53.0,9,53,256,Vector,,False,0,,645,-1938
1939,load,646,,1,53.0,10,53,256,Vector,1940,True,0,12,646,-1939
1940,gelu,1939,,2,53.0,10,53,256,Vector,1941,False,0,13,,-1940
1941,store,1940,646,3,53.0,10,53,256,Vector,,False,0,,646,-1941
1942,load,647,,1,53.0,11,53,256,Vector,1943,True,0,14,647,-1942
1943,gelu,1942,,2,53.0,11,53,256,Vector,1944,False,0,15,,-1943
1944,store,1943,647,3,53.0,11,53,256,Vector,,False,0,,647,-1944
1945,load,648,,1,54.0,0,54,256,Vector,1946,True,0,16,648,-1945
1946,gelu,1945,,2,54.0,0,54,256,Vector,1947,False,0,17,,-1946
1947,store,1946,648,3,54.0,0,54,256,Vector,,False,0,,648,-1947
1948,load,649,,1,54.0,1,54,256,Vector,1949,True,0,18,649,-1948
1949,gelu,1948,,2,54.0,1,54,256,Vector,1950,False,0,19,,-1949
1950,store,1949,649,3,54.0,1,54,256,Vector,,False,0,,649,-1950
1951,load,650,,1,54.0,2,54,256,Vector,1952,True,0,20,650,-1951
1952,gelu,1951,,2,54.0,2,54,256,Vector,1953,False,0,21,,-1952
1953,store,1952,650,3,54.0,2,54,256,Vector,,False,0,,650,-1953
1954,load,651,,1,54.0,3,54,256,Vector,1955,True,0,22,651,-1954
1955,gelu,1954,,2,54.0,3,54,256,Vector,1956,False,0,23,,-1955
1956,store,1955,651,3,54.0,3,54,256,Vector,,False,0,,651,-1956
1957,load,652,,1,54.0,4,54,256,Vector,1958,True,0,24,652,-1957
1958,gelu,1957,,2,54.0,4,54,256,Vector,1959,False,0,25,,-1958
1959,store,1958,652,3,54.0,4,54,256,Vector,,False,0,,652,-1959
1960,load,653,,1,54.0,5,54,256,Vector,1961,True,0,26,653,-1960
1961,gelu,1960,,2,54.0,5,54,256,Vector,1962,False,0,27,,-1961
1962,store,1961,653,3,54.0,5,54,256,Vector,,False,0,,653,-1962
1963,load,654,,1,54.0,6,54,256,Vector,1964,True,0,28,654,-1963
1964,gelu,1963,,2,54.0,6,54,256,Vector,1965,False,0,29,,-1964
1965,store,1964,654,3,54.0,6,54,256,Vector,,False,0,,654,-1965
1966,load,655,,1,54.0,7,54,256,Vector,1967,True,0,30,655,-1966
1967,gelu,1966,,2,54.0,7,54,256,Vector,1968,False,0,31,,-1967
1968,store,1967,655,3,54.0,7,54,256,Vector,,False,0,,655,-1968
1969,load,656,,1,54.0,8,54,256,Vector,1970,True,0,32,656,-1969
1970,gelu,1969,,2,54.0,8,54,256,Vector,1971,False,0,33,,-1970
1971,store,1970,656,3,54.0,8,54,256,Vector,,False,0,,656,-1971
1972,load,657,,1,54.0,9,54,256,Vector,1973,True,0,34,657,-1972
1973,gelu,1972,,2,54.0,9,54,256,Vector,1974,False,0,35,,-1973
1974,store,1973,657,3,54.0,9,54,256,Vector,,False,0,,657,-1974
1975,load,658,,1,54.0,10,54,256,Vector,1976,True,0,36,658,-1975
1976,gelu,1975,,2,54.0,10,54,256,Vector,1977,False,0,37,,-1976
1977,store,1976,658,3,54.0,10,54,256,Vector,,False,0,,658,-1977
1978,load,659,,1,54.0,11,54,256,Vector,1979,True,0,38,659,-1978
1979,gelu,1978,,2,54.0,11,54,256,Vector,1980,False,0,39,,-1979
1980,store,1979,659,3,54.0,11,54,256,Vector,,False,0,,659,-1980
1981,load,660,,1,55.0,0,55,256,Vector,1982,True,0,40,660,-1981
1982,gelu,1981,,2,55.0,0,55,256,Vector,1983,False,0,41,,-1982
1983,store,1982,660,3,55.0,0,55,256,Vector,,False,0,,660,-1983
1984,load,661,,1,55.0,1,55,256,Vector,1985,True,0,42,661,-1984
1985,gelu,1984,,2,55.0,1,55,256,Vector,1986,False,0,43,,-1985
1986,store,1985,661,3,55.0,1,55,256,Vector,,False,0,,661,-1986
1987,load,662,,1,55.0,2,55,256,Vector,1988,True,0,44,662,-1987
1988,gelu,1987,,2,55.0,2,55,256,Vector,1989,False,0,45,,-1988
1989,store,1988,662,3,55.0,2,55,256,Vector,,False,0,,662,-1989
1990,load,663,,1,55.0,3,55,256,Vector,1991,True,0,46,663,-1990
1991,gelu,1990,,2,55.0,3,55,256,Vector,1992,False,0,47,,-1991
1992,store,1991,663,3,55.0,3,55,256,Vector,,False,0,,663,-1992
1993,load,664,,1,55.0,4,55,256,Vector,1994,True,0,48,664,-1993
1994,gelu,1993,,2,55.0,4,55,256,Vector,1995,False,0,49,,-1994
1995,store,1994,664,3,55.0,4,55,256,Vector,,False,0,,664,-1995
1996,load,665,,1,55.0,5,55,256,Vector,1997,True,0,50,665,-1996
1997,gelu,1996,,2,55.0,5,55,256,Vector,1998,False,0,51,,-1997
1998,store,1997,665,3,55.0,5,55,256,Vector,,False,0,,665,-1998
1999,load,666,,1,55.0,6,55,256,Vector,2000,True,0,52,666,-1999
2000,gelu,1999,,2,55.0,6,55,256,Vector,2001,False,0,53,,-2000
2001,store,2000,666,3,55.0,6,55,256,Vector,,False,0,,666,-2001
2002,load,667,,1,55.0,7,55,256,Vector,2003,True,0,54,667,-2002
2003,gelu,2002,,2,55.0,7,55,256,Vector,2004,False,0,55,,-2003
2004,store,2003,667,3,55.0,7,55,256,Vector,,False,0,,667,-2004
2005,load,668,,1,55.0,8,55,256,Vector,2006,True,0,56,668,-2005
2006,gelu,2005,,2,55.0,8,55,256,Vector,2007,False,0,57,,-2006
2007,store,2006,668,3,55.0,8,55,256,Vector,,False,0,,668,-2007
2008,load,669,,1,55.0,9,55,256,Vector,2009,True,0,58,669,-2008
2009,gelu,2008,,2,55.0,9,55,256,Vector,2010,False,0,59,,-2009
2010,store,2009,669,3,55.0,9,55,256,Vector,,False,0,,669,-2010
2011,load,670,,1,55.0,10,55,256,Vector,2012,True,0,60,670,-2011
2012,gelu,2011,,2,55.0,10,55,256,Vector,2013,False,0,61,,-2012
2013,store,2012,670,3,55.0,10,55,256,Vector,,False,0,,670,-2013
2014,load,671,,1,55.0,11,55,256,Vector,2015,True,0,62,671,-2014
2015,gelu,2014,,2,55.0,11,55,256,Vector,2016,False,0,63,,-2015
2016,store,2015,671,3,55.0,11,55,256,Vector,,False,0,,671,-2016
2017,load,672,,1,56.0,0,56,256,Vector,2018,True,0,64,672,-2017
2018,gelu,2017,,2,56.0,0,56,256,Vector,2019,False,0,65,,-2018
2019,store,2018,672,3,56.0,0,56,256,Vector,,False,0,,672,-2019
2020,load,673,,1,56.0,1,56,256,Vector,2021,True,0,66,673,-2020
2021,gelu,2020,,2,56.0,1,56,256,Vector,2022,False,0,67,,-2021
2022,store,2021,673,3,56.0,1,56,256,Vector,,False,0,,673,-2022
2023,load,674,,1,56.0,2,56,256,Vector,2024,True,0,68,674,-2023
2024,gelu,2023,,2,56.0,2,56,256,Vector,2025,False,0,69,,-2024
2025,store,2024,674,3,56.0,2,56,256,Vector,,False,0,,674,-2025
2026,load,675,,1,56.0,3,56,256,Vector,2027,True,0,70,675,-2026
2027,gelu,2026,,2,56.0,3,56,256,Vector,2028,False,0,71,,-2027
2028,store,2027,675,3,56.0,3,56,256,Vector,,False,0,,675,-2028
2029,load,676,,1,56.0,4,56,256,Vector,2030,True,0,72,676,-2029
2030,gelu,2029,,2,56.0,4,56,256,Vector,2031,False,0,73,,-2030
2031,store,2030,676,3,56.0,4,56,256,Vector,,False,0,,676,-2031
2032,load,677,,1,56.0,5,56,256,Vector,2033,True,0,74,677,-2032
2033,gelu,2032,,2,56.0,5,56,256,Vector,2034,False,0,75,,-2033
2034,store,2033,677,3,56.0,5,56,256,Vector,,False,0,,677,-2034
2035,load,678,,1,56.0,6,56,256,Vector,2036,True,0,76,678,-2035
2036,gelu,2035,,2,56.0,6,56,256,Vector,2037,False,0,77,,-2036
2037,store,2036,678,3,56.0,6,56,256,Vector,,False,0,,678,-2037
2038,load,679,,1,56.0,7,56,256,Vector,2039,True,0,78,679,-2038
2039,gelu,2038,,2,56.0,7,56,256,Vector,2040,False,0,79,,-2039
2040,store,2039,679,3,56.0,7,56,256,Vector,,False,0,,679,-2040
2041,load,680,,1,56.0,8,56,256,Vector,2042,True,0,80,680,-2041
2042,gelu,2041,,2,56.0,8,56,256,Vector,2043,False,0,81,,-2042
2043,store,2042,680,3,56.0,8,56,256,Vector,,False,0,,680,-2043
2044,load,681,,1,56.0,9,56,256,Vector,2045,True,0,82,681,-2044
2045,gelu,2044,,2,56.0,9,56,256,Vector,2046,False,0,83,,-2045
2046,store,2045,681,3,56.0,9,56,256,Vector,,False,0,,681,-2046
2047,load,682,,1,56.0,10,56,256,Vector,2048,True,0,84,682,-2047
2048,gelu,2047,,2,56.0,10,56,256,Vector,2049,False,0,85,,-2048
2049,store,2048,682,3,56.0,10,56,256,Vector,,False,0,,682,-2049
2050,load,683,,1,56.0,11,56,256,Vector,2051,True,0,86,683,-2050
2051,gelu,2050,,2,56.0,11,56,256,Vector,2052,False,0,87,,-2051
2052,store,2051,683,3,56.0,11,56,256,Vector,,False,0,,683,-2052
2053,load,684,,1,57.0,0,57,256,Vector,2054,True,0,88,684,-2053
2054,gelu,2053,,2,57.0,0,57,256,Vector,2055,False,0,89,,-2054
2055,store,2054,684,3,57.0,0,57,256,Vector,,False,0,,684,-2055
2056,load,685,,1,57.0,1,57,256,Vector,2057,True,0,90,685,-2056
2057,gelu,2056,,2,57.0,1,57,256,Vector,2058,False,0,91,,-2057
2058,store,2057,685,3,57.0,1,57,256,Vector,,False,0,,685,-2058
2059,load,686,,1,57.0,2,57,256,Vector,2060,True,0,92,686,-2059
2060,gelu,2059,,2,57.0,2,57,256,Vector,2061,False,0,93,,-2060
2061,store,2060,686,3,57.0,2,57,256,Vector,,False,0,,686,-2061
2062,load,687,,1,57.0,3,57,256,Vector,2063,True,0,94,687,-2062
2063,gelu,2062,,2,57.0,3,57,256,Vector,2064,False,0,95,,-2063
2064,store,2063,687,3,57.0,3,57,256,Vector,,False,0,,687,-2064
2065,load,688,,1,57.0,4,57,256,Vector,2066,True,0,96,688,-2065
2066,gelu,2065,,2,57.0,4,57,256,Vector,2067,False,0,97,,-2066
2067,store,2066,688,3,57.0,4,57,256,Vector,,False,0,,688,-2067
2068,load,689,,1,57.0,5,57,256,Vector,2069,True,0,98,689,-2068
2069,gelu,2068,,2,57.0,5,57,256,Vector,2070,False,0,99,,-2069
2070,store,2069,689,3,57.0,5,57,256,Vector,,False,0,,689,-2070
2071,load,690,,1,57.0,6,57,256,Vector,2072,True,0,100,690,-2071
2072,gelu,2071,,2,57.0,6,57,256,Vector,2073,False,0,101,,-2072
2073,store,2072,690,3,57.0,6,57,256,Vector,,False,0,,690,-2073
2074,load,691,,1,57.0,7,57,256,Vector,2075,True,0,102,691,-2074
2075,gelu,2074,,2,57.0,7,57,256,Vector,2076,False,0,103,,-2075
2076,store,2075,691,3,57.0,7,57,256,Vector,,False,0,,691,-2076
2077,load,692,,1,57.0,8,57,256,Vector,2078,True,0,104,692,-2077
2078,gelu,2077,,2,57.0,8,57,256,Vector,2079,False,0,105,,-2078
2079,store,2078,692,3,57.0,8,57,256,Vector,,False,0,,692,-2079
2080,load,693,,1,57.0,9,57,256,Vector,2081,True,0,106,693,-2080
2081,gelu,2080,,2,57.0,9,57,256,Vector,2082,False,0,107,,-2081
2082,store,2081,693,3,57.0,9,57,256,Vector,,False,0,,693,-2082
2083,load,694,,1,57.0,10,57,256,Vector,2084,True,0,108,694,-2083
2084,gelu,2083,,2,57.0,10,57,256,Vector,2085,False,0,109,,-2084
2085,store,2084,694,3,57.0,10,57,256,Vector,,False,0,,694,-2085
2086,load,695,,1,57.0,11,57,256,Vector,2087,True,0,110,695,-2086
2087,gelu,2086,,2,57.0,11,57,256,Vector,2088,False,0,111,,-2087
2088,store,2087,695,3,57.0,11,57,256,Vector,,False,0,,695,-2088
2089,load,696,,1,58.0,0,58,256,Vector,2090,True,0,112,696,-2089
2090,gelu,2089,,2,58.0,0,58,256,Vector,2091,False,0,113,,-2090
2091,store,2090,696,3,58.0,0,58,256,Vector,,False,0,,696,-2091
2092,load,697,,1,58.0,1,58,256,Vector,2093,True,0,114,697,-2092
2093,gelu,2092,,2,58.0,1,58,256,Vector,2094,False,0,115,,-2093
2094,store,2093,697,3,58.0,1,58,256,Vector,,False,0,,697,-2094
2095,load,698,,1,58.0,2,58,256,Vector,2096,True,0,116,698,-2095
2096,gelu,2095,,2,58.0,2,58,256,Vector,2097,False,0,117,,-2096
2097,store,2096,698,3,58.0,2,58,256,Vector,,False,0,,698,-2097
2098,load,699,,1,58.0,3,58,256,Vector,2099,True,0,118,699,-2098
2099,gelu,2098,,2,58.0,3,58,256,Vector,2100,False,0,119,,-2099
2100,store,2099,699,3,58.0,3,58,256,Vector,,False,0,,699,-2100
2101,load,700,,1,58.0,4,58,256,Vector,2102,True,0,120,700,-2101
2102,gelu,2101,,2,58.0,4,58,256,Vector,2103,False,0,121,,-2102
2103,store,2102,700,3,58.0,4,58,256,Vector,,False,0,,700,-2103
2104,load,701,,1,58.0,5,58,256,Vector,2105,True,0,122,701,-2104
2105,gelu,2104,,2,58.0,5,58,256,Vector,2106,False,0,123,,-2105
2106,store,2105,701,3,58.0,5,58,256,Vector,,False,0,,701,-2106
2107,load,702,,1,58.0,6,58,256,Vector,2108,True,0,124,702,-2107
2108,gelu,2107,,2,58.0,6,58,256,Vector,2109,False,0,125,,-2108
2109,store,2108,702,3,58.0,6,58,256,Vector,,False,0,,702,-2109
2110,load,703,,1,58.0,7,58,256,Vector,2111,True,0,126,703,-2110
2111,gelu,2110,,2,58.0,7,58,256,Vector,2112,False,0,127,,-2111
2112,store,2111,703,3,58.0,7,58,256,Vector,,False,0,,703,-2112
2113,load,704,,1,58.0,8,58,256,Vector,2114,True,0,128,704,-2113
2114,gelu,2113,,2,58.0,8,58,256,Vector,2115,False,0,129,,-2114
2115,store,2114,704,3,58.0,8,58,256,Vector,,False,0,,704,-2115
2116,load,705,,1,58.0,9,58,256,Vector,2117,True,0,130,705,-2116
2117,gelu,2116,,2,58.0,9,58,256,Vector,2118,False,0,131,,-2117
2118,store,2117,705,3,58.0,9,58,256,Vector,,False,0,,705,-2118
2119,load,706,,1,58.0,10,58,256,Vector,2120,True,0,132,706,-2119
2120,gelu,2119,,2,58.0,10,58,256,Vector,2121,False,0,133,,-2120
2121,store,2120,706,3,58.0,10,58,256,Vector,,False,0,,706,-2121
2122,load,707,,1,58.0,11,58,256,Vector,2123,True,0,134,707,-2122
2123,gelu,2122,,2,58.0,11,58,256,Vector,2124,False,0,135,,-2123
2124,store,2123,707,3,58.0,11,58,256,Vector,,False,0,,707,-2124
2125,load,708,,1,59.0,0,59,256,Vector,2126,True,0,136,708,-2125
2126,gelu,2125,,2,59.0,0,59,256,Vector,2127,False,0,137,,-2126
2127,store,2126,708,3,59.0,0,59,256,Vector,,False,0,,708,-2127
2128,load,709,,1,59.0,1,59,256,Vector,2129,True,0,138,709,-2128
2129,gelu,2128,,2,59.0,1,59,256,Vector,2130,False,0,139,,-2129
2130,store,2129,709,3,59.0,1,59,256,Vector,,False,0,,709,-2130
2131,load,710,,1,59.0,2,59,256,Vector,2132,True,0,140,710,-2131
2132,gelu,2131,,2,59.0,2,59,256,Vector,2133,False,0,141,,-2132
2133,store,2132,710,3,59.0,2,59,256,Vector,,False,0,,710,-2133
2134,load,711,,1,59.0,3,59,256,Vector,2135,True,0,142,711,-2134
2135,gelu,2134,,2,59.0,3,59,256,Vector,2136,False,0,143,,-2135
2136,store,2135,711,3,59.0,3,59,256,Vector,,False,0,,711,-2136
2137,load,712,,1,59.0,4,59,256,Vector,2138,True,0,144,712,-2137
2138,gelu,2137,,2,59.0,4,59,256,Vector,2139,False,0,145,,-2138
2139,store,2138,712,3,59.0,4,59,256,Vector,,False,0,,712,-2139
2140,load,713,,1,59.0,5,59,256,Vector,2141,True,0,146,713,-2140
2141,gelu,2140,,2,59.0,5,59,256,Vector,2142,False,0,147,,-2141
2142,store,2141,713,3,59.0,5,59,256,Vector,,False,0,,713,-2142
2143,load,714,,1,59.0,6,59,256,Vector,2144,True,0,148,714,-2143
2144,gelu,2143,,2,59.0,6,59,256,Vector,2145,False,0,149,,-2144
2145,store,2144,714,3,59.0,6,59,256,Vector,,False,0,,714,-2145
2146,load,715,,1,59.0,7,59,256,Vector,2147,True,0,150,715,-2146
2147,gelu,2146,,2,59.0,7,59,256,Vector,2148,False,0,151,,-2147
2148,store,2147,715,3,59.0,7,59,256,Vector,,False,0,,715,-2148
2149,load,716,,1,59.0,8,59,256,Vector,2150,True,0,152,716,-2149
2150,gelu,2149,,2,59.0,8,59,256,Vector,2151,False,0,153,,-2150
2151,store,2150,716,3,59.0,8,59,256,Vector,,False,0,,716,-2151
2152,load,717,,1,59.0,9,59,256,Vector,2153,True,0,154,717,-2152
2153,gelu,2152,,2,59.0,9,59,256,Vector,2154,False,0,155,,-2153
2154,store,2153,717,3,59.0,9,59,256,Vector,,False,0,,717,-2154
2155,load,718,,1,59.0,10,59,256,Vector,2156,True,0,156,718,-2155
2156,gelu,2155,,2,59.0,10,59,256,Vector,2157,False,0,157,,-2156
2157,store,2156,718,3,59.0,10,59,256,Vector,,False,0,,718,-2157
2158,load,719,,1,59.0,11,59,256,Vector,2159,True,0,158,719,-2158
2159,gelu,2158,,2,59.0,11,59,256,Vector,2160,False,0,159,,-2159
2160,store,2159,719,3,59.0,11,59,256,Vector,,False,0,,719,-2160
2161,load,720,,1,60.0,0,60,256,Vector,2162,True,0,160,720,-2161
2162,gelu,2161,,2,60.0,0,60,256,Vector,2163,False,0,161,,-2162
2163,store,2162,720,3,60.0,0,60,256,Vector,,False,0,,720,-2163
2164,load,721,,1,60.0,1,60,256,Vector,2165,True,0,162,721,-2164
2165,gelu,2164,,2,60.0,1,60,256,Vector,2166,False,0,163,,-2165
2166,store,2165,721,3,60.0,1,60,256,Vector,,False,0,,721,-2166
2167,load,722,,1,60.0,2,60,256,Vector,2168,True,0,164,722,-2167
2168,gelu,2167,,2,60.0,2,60,256,Vector,2169,False,0,165,,-2168
2169,store,2168,722,3,60.0,2,60,256,Vector,,False,0,,722,-2169
2170,load,723,,1,60.0,3,60,256,Vector,2171,True,0,166,723,-2170
2171,gelu,2170,,2,60.0,3,60,256,Vector,2172,False,0,167,,-2171
2172,store,2171,723,3,60.0,3,60,256,Vector,,False,0,,723,-2172
2173,load,724,,1,60.0,4,60,256,Vector,2174,True,0,168,724,-2173
2174,gelu,2173,,2,60.0,4,60,256,Vector,2175,False,0,169,,-2174
2175,store,2174,724,3,60.0,4,60,256,Vector,,False,0,,724,-2175
2176,load,725,,1,60.0,5,60,256,Vector,2177,True,0,170,725,-2176
2177,gelu,2176,,2,60.0,5,60,256,Vector,2178,False,0,171,,-2177
2178,store,2177,725,3,60.0,5,60,256,Vector,,False,0,,725,-2178
2179,load,726,,1,60.0,6,60,256,Vector,2180,True,0,172,726,-2179
2180,gelu,2179,,2,60.0,6,60,256,Vector,2181,False,0,173,,-2180
2181,store,2180,726,3,60.0,6,60,256,Vector,,False,0,,726,-2181
2182,load,727,,1,60.0,7,60,256,Vector,2183,True,0,174,727,-2182
2183,gelu,2182,,2,60.0,7,60,256,Vector,2184,False,0,175,,-2183
2184,store,2183,727,3,60.0,7,60,256,Vector,,False,0,,727,-2184
2185,load,728,,1,60.0,8,60,256,Vector,2186,True,0,176,728,-2185
2186,gelu,2185,,2,60.0,8,60,256,Vector,2187,False,0,177,,-2186
2187,store,2186,728,3,60.0,8,60,256,Vector,,False,0,,728,-2187
2188,load,729,,1,60.0,9,60,256,Vector,2189,True,0,178,729,-2188
2189,gelu,2188,,2,60.0,9,60,256,Vector,2190,False,0,179,,-2189
2190,store,2189,729,3,60.0,9,60,256,Vector,,False,0,,729,-2190
2191,load,730,,1,60.0,10,60,256,Vector,2192,True,0,180,730,-2191
2192,gelu,2191,,2,60.0,10,60,256,Vector,2193,False,0,181,,-2192
2193,store,2192,730,3,60.0,10,60,256,Vector,,False,0,,730,-2193
2194,load,731,,1,60.0,11,60,256,Vector,2195,True,0,182,731,-2194
2195,gelu,2194,,2,60.0,11,60,256,Vector,2196,False,0,183,,-2195
2196,store,2195,731,3,60.0,11,60,256,Vector,,False,0,,731,-2196
2197,load,732,,1,61.0,0,61,256,Vector,2198,True,0,184,732,-2197
2198,gelu,2197,,2,61.0,0,61,256,Vector,2199,False,0,185,,-2198
2199,store,2198,732,3,61.0,0,61,256,Vector,,False,0,,732,-2199
2200,load,733,,1,61.0,1,61,256,Vector,2201,True,0,186,733,-2200
2201,gelu,2200,,2,61.0,1,61,256,Vector,2202,False,0,187,,-2201
2202,store,2201,733,3,61.0,1,61,256,Vector,,False,0,,733,-2202
2203,load,734,,1,61.0,2,61,256,Vector,2204,True,0,188,734,-2203
2204,gelu,2203,,2,61.0,2,61,256,Vector,2205,False,0,189,,-2204
2205,store,2204,734,3,61.0,2,61,256,Vector,,False,0,,734,-2205
2206,load,735,,1,61.0,3,61,256,Vector,2207,True,0,190,735,-2206
2207,gelu,2206,,2,61.0,3,61,256,Vector,2208,False,0,191,,-2207
2208,store,2207,735,3,61.0,3,61,256,Vector,,False,0,,735,-2208
2209,load,736,,1,61.0,4,61,256,Vector,2210,True,0,192,736,-2209
2210,gelu,2209,,2,61.0,4,61,256,Vector,2211,False,0,193,,-2210
2211,store,2210,736,3,61.0,4,61,256,Vector,,False,0,,736,-2211
2212,load,737,,1,61.0,5,61,256,Vector,2213,True,0,194,737,-2212
2213,gelu,2212,,2,61.0,5,61,256,Vector,2214,False,0,195,,-2213
2214,store,2213,737,3,61.0,5,61,256,Vector,,False,0,,737,-2214
2215,load,738,,1,61.0,6,61,256,Vector,2216,True,0,196,738,-2215
2216,gelu,2215,,2,61.0,6,61,256,Vector,2217,False,0,197,,-2216
2217,store,2216,738,3,61.0,6,61,256,Vector,,False,0,,738,-2217
2218,load,739,,1,61.0,7,61,256,Vector,2219,True,0,198,739,-2218
2219,gelu,2218,,2,61.0,7,61,256,Vector,2220,False,0,199,,-2219
2220,store,2219,739,3,61.0,7,61,256,Vector,,False,0,,739,-2220
2221,load,740,,1,61.0,8,61,256,Vector,2222,True,0,200,740,-2221
2222,gelu,2221,,2,61.0,8,61,256,Vector,2223,False,0,201,,-2222
2223,store,2222,740,3,61.0,8,61,256,Vector,,False,0,,740,-2223
2224,load,741,,1,61.0,9,61,256,Vector,2225,True,0,202,741,-2224
2225,gelu,2224,,2,61.0,9,61,256,Vector,2226,False,0,203,,-2225
2226,store,2225,741,3,61.0,9,61,256,Vector,,False,0,,741,-2226
2227,load,742,,1,61.0,10,61,256,Vector,2228,True,0,204,742,-2227
2228,gelu,2227,,2,61.0,10,61,256,Vector,2229,False,0,205,,-2228
2229,store,2228,742,3,61.0,10,61,256,Vector,,False,0,,742,-2229
2230,load,743,,1,61.0,11,61,256,Vector,2231,True,0,206,743,-2230
2231,gelu,2230,,2,61.0,11,61,256,Vector,2232,False,0,207,,-2231
2232,store,2231,743,3,61.0,11,61,256,Vector,,False,0,,743,-2232
2233,load,744,,1,62.0,0,62,256,Vector,2234,True,0,208,744,-2233
2234,gelu,2233,,2,62.0,0,62,256,Vector,2235,False,0,209,,-2234
2235,store,2234,744,3,62.0,0,62,256,Vector,,False,0,,744,-2235
2236,load,745,,1,62.0,1,62,256,Vector,2237,True,0,210,745,-2236
2237,gelu,2236,,2,62.0,1,62,256,Vector,2238,False,0,211,,-2237
2238,store,2237,745,3,62.0,1,62,256,Vector,,False,0,,745,-2238
2239,load,746,,1,62.0,2,62,256,Vector,2240,True,0,212,746,-2239
2240,gelu,2239,,2,62.0,2,62,256,Vector,2241,False,0,213,,-2240
2241,store,2240,746,3,62.0,2,62,256,Vector,,False,0,,746,-2241
2242,load,747,,1,62.0,3,62,256,Vector,2243,True,0,214,747,-2242
2243,gelu,2242,,2,62.0,3,62,256,Vector,2244,False,0,215,,-2243
2244,store,2243,747,3,62.0,3,62,256,Vector,,False,0,,747,-2244
2245,load,748,,1,62.0,4,62,256,Vector,2246,True,0,216,748,-2245
2246,gelu,2245,,2,62.0,4,62,256,Vector,2247,False,0,217,,-2246
2247,store,2246,748,3,62.0,4,62,256,Vector,,False,0,,748,-2247
2248,load,749,,1,62.0,5,62,256,Vector,2249,True,0,218,749,-2248
2249,gelu,2248,,2,62.0,5,62,256,Vector,2250,False,0,219,,-2249
2250,store,2249,749,3,62.0,5,62,256,Vector,,False,0,,749,-2250
2251,load,750,,1,62.0,6,62,256,Vector,2252,True,0,220,750,-2251
2252,gelu,2251,,2,62.0,6,62,256,Vector,2253,False,0,221,,-2252
2253,store,2252,750,3,62.0,6,62,256,Vector,,False,0,,750,-2253
2254,load,751,,1,62.0,7,62,256,Vector,2255,True,0,222,751,-2254
2255,gelu,2254,,2,62.0,7,62,256,Vector,2256,False,0,223,,-2255
2256,store,2255,751,3,62.0,7,62,256,Vector,,False,0,,751,-2256
2257,load,752,,1,62.0,8,62,256,Vector,2258,True,0,224,752,-2257
2258,gelu,2257,,2,62.0,8,62,256,Vector,2259,False,0,225,,-2258
2259,store,2258,752,3,62.0,8,62,256,Vector,,False,0,,752,-2259
2260,load,753,,1,62.0,9,62,256,Vector,2261,True,0,226,753,-2260
2261,gelu,2260,,2,62.0,9,62,256,Vector,2262,False,0,227,,-2261
2262,store,2261,753,3,62.0,9,62,256,Vector,,False,0,,753,-2262
2263,load,754,,1,62.0,10,62,256,Vector,2264,True,0,228,754,-2263
2264,gelu,2263,,2,62.0,10,62,256,Vector,2265,False,0,229,,-2264
2265,store,2264,754,3,62.0,10,62,256,Vector,,False,0,,754,-2265
2266,load,755,,1,62.0,11,62,256,Vector,2267,True,0,230,755,-2266
2267,gelu,2266,,2,62.0,11,62,256,Vector,2268,False,0,231,,-2267
2268,store,2267,755,3,62.0,11,62,256,Vector,,False,0,,755,-2268
2269,load,756,,1,63.0,0,63,256,Vector,2270,True,0,232,756,-2269
2270,gelu,2269,,2,63.0,0,63,256,Vector,2271,False,0,233,,-2270
2271,store,2270,756,3,63.0,0,63,256,Vector,,False,0,,756,-2271
2272,load,757,,1,63.0,1,63,256,Vector,2273,True,0,234,757,-2272
2273,gelu,2272,,2,63.0,1,63,256,Vector,2274,False,0,235,,-2273
2274,store,2273,757,3,63.0,1,63,256,Vector,,False,0,,757,-2274
2275,load,758,,1,63.0,2,63,256,Vector,2276,True,0,236,758,-2275
2276,gelu,2275,,2,63.0,2,63,256,Vector,2277,False,0,237,,-2276
2277,store,2276,758,3,63.0,2,63,256,Vector,,False,0,,758,-2277
2278,load,759,,1,63.0,3,63,256,Vector,2279,True,0,238,759,-2278
2279,gelu,2278,,2,63.0,3,63,256,Vector,2280,False,0,239,,-2279
2280,store,2279,759,3,63.0,3,63,256,Vector,,False,0,,759,-2280
2281,load,760,,1,63.0,4,63,256,Vector,2282,True,0,240,760,-2281
2282,gelu,2281,,2,63.0,4,63,256,Vector,2283,False,0,241,,-2282
2283,store,2282,760,3,63.0,4,63,256,Vector,,False,0,,760,-2283
2284,load,761,,1,63.0,5,63,256,Vector,2285,True,0,242,761,-2284
2285,gelu,2284,,2,63.0,5,63,256,Vector,2286,False,0,243,,-2285
2286,store,2285,761,3,63.0,5,63,256,Vector,,False,0,,761,-2286
2287,load,762,,1,63.0,6,63,256,Vector,2288,True,0,244,762,-2287
2288,gelu,2287,,2,63.0,6,63,256,Vector,2289,False,0,245,,-2288
2289,store,2288,762,3,63.0,6,63,256,Vector,,False,0,,762,-2289
2290,load,763,,1,63.0,7,63,256,Vector,2291,True,0,246,763,-2290
2291,gelu,2290,,2,63.0,7,63,256,Vector,2292,False,0,247,,-2291
2292,store,2291,763,3,63.0,7,63,256,Vector,,False,0,,763,-2292
2293,load,764,,1,63.0,8,63,256,Vector,2294,True,0,248,764,-2293
2294,gelu,2293,,2,63.0,8,63,256,Vector,2295,False,0,249,,-2294
2295,store,2294,764,3,63.0,8,63,256,Vector,,False,0,,764,-2295
2296,load,765,,1,63.0,9,63,256,Vector,2297,True,0,250,765,-2296
2297,gelu,2296,,2,63.0,9,63,256,Vector,2298,False,0,251,,-2297
2298,store,2297,765,3,63.0,9,63,256,Vector,,False,0,,765,-2298
2299,load,766,,1,63.0,10,63,256,Vector,2300,True,0,252,766,-2299
2300,gelu,2299,,2,63.0,10,63,256,Vector,2301,False,0,253,,-2300
2301,store,2300,766,3,63.0,10,63,256,Vector,,False,0,,766,-2301
2302,load,767,,1,63.0,11,63,256,Vector,2303,True,0,254,767,-2302
2303,gelu,2302,,2,63.0,11,63,256,Vector,2304,False,0,255,,-2303
2304,store,2303,767,3,63.0,11,63,256,Vector,,False,0,,767,-2304
