Node,Operation,src0,src1,Layer,Vector ID,Segment ID,Group ID,Vector Len,Type,Children,Wait_to_load,mask,GPR Addr,Mem Addr,importance
0,root,,,0,,,-1.0,0,None,"1, 2, 3, 4, 5, 6, 7, 8, 9, 10, 12, 14, 47, 49, 51, 84, 86, 88, 121, 123, 125, 158, 160, 162, 195, 197, 199, 232, 234, 236, 269, 271, 273, 306, 308, 310, 343, 345, 347, 380, 382, 384, 417, 419, 421, 454, 456, 458, 491, 493, 495, 528, 530, 532, 565, 567, 569, 602, 604, 606, 639, 641, 643, 676, 678, 680, 713, 715, 717, 750, 752, 754, 787, 789, 791, 824, 826, 828, 861, 863, 865, 898, 900, 902, 935, 937, 939, 972, 974, 976, 1009, 1011, 1013, 1046, 1048, 1050, 1083, 1085, 1087, 1120, 1122, 1124, 1157, 1159, 1161, 1194, 1196, 1198, 1231, 1233, 1235, 1268, 1270, 1272, 1305, 1307, 1309, 1342, 1344, 1346, 1379, 1381, 1383, 1416, 1418, 1420, 1453, 1455, 1457, 1490, 1492, 1494, 1527, 1529, 1531, 1564, 1566, 1568, 1601, 1603, 1605, 1638, 1640, 1642, 1675, 1677, 1679, 1712, 1714, 1716, 1749, 1751, 1753, 1786, 1788, 1790, 1823, 1825, 1827, 1860, 1862, 1864, 1897, 1899, 1901, 1934, 1936, 1938, 1971, 1973, 1975, 2008, 2010, 2012, 2045, 2047, 2049, 2082, 2084, 2086, 2119, 2121, 2123, 2156, 2158, 2160, 2193, 2195, 2197, 2230, 2232, 2234, 2267, 2269, 2271, 2304, 2306, 2308, 2341, 2343, 2345",False,0,,,0
1,const,,,1,,,-1.0,1,Scalar,"31, 68, 105, 142, 179, 216, 253, 290, 327, 364, 401, 438, 475, 512, 549, 586, 623, 660, 697, 734, 771, 808, 845, 882, 919, 956, 993, 1030, 1067, 1104, 1141, 1178, 1215, 1252, 1289, 1326, 1363, 1400, 1437, 1474, 1511, 1548, 1585, 1622, 1659, 1696, 1733, 1770, 1807, 1844, 1881, 1918, 1955, 1992, 2029, 2066, 2103, 2140, 2177, 2214, 2251, 2288, 2325, 2362",False,0,4,,-1
2,const,,,1,,,-1.0,1,Scalar,"33, 70, 107, 144, 181, 218, 255, 292, 329, 366, 403, 440, 477, 514, 551, 588, 625, 662, 699, 736, 773, 810, 847, 884, 921, 958, 995, 1032, 1069, 1106, 1143, 1180, 1217, 1254, 1291, 1328, 1365, 1402, 1439, 1476, 1513, 1550, 1587, 1624, 1661, 1698, 1735, 1772, 1809, 1846, 1883, 1920, 1957, 1994, 2031, 2068, 2105, 2142, 2179, 2216, 2253, 2290, 2327, 2364",False,0,5,,-2
3,const,,,1,,,-1.0,1,Scalar,"18, 30, 55, 67, 92, 104, 129, 141, 166, 178, 203, 215, 240, 252, 277, 289, 314, 326, 351, 363, 388, 400, 425, 437, 462, 474, 499, 511, 536, 548, 573, 585, 610, 622, 647, 659, 684, 696, 721, 733, 758, 770, 795, 807, 832, 844, 869, 881, 906, 918, 943, 955, 980, 992, 1017, 1029, 1054, 1066, 1091, 1103, 1128, 1140, 1165, 1177, 1202, 1214, 1239, 1251, 1276, 1288, 1313, 1325, 1350, 1362, 1387, 1399, 1424, 1436, 1461, 1473, 1498, 1510, 1535, 1547, 1572, 1584, 1609, 1621, 1646, 1658, 1683, 1695, 1720, 1732, 1757, 1769, 1794, 1806, 1831, 1843, 1868, 1880, 1905, 1917, 1942, 1954, 1979, 1991, 2016, 2028, 2053, 2065, 2090, 2102, 2127, 2139, 2164, 2176, 2201, 2213, 2238, 2250, 2275, 2287, 2312, 2324, 2349, 2361",False,0,6,,-3
4,load,0,,1,,0,,256,Vector,"36, 73, 110, 147, 184, 221, 258, 295, 332, 369, 406, 443, 480, 517, 554, 591, 628, 665, 702, 739, 776, 813, 850, 887, 924, 961, 998, 1035, 1072, 1109, 1146, 1183, 1220, 1257, 1294, 1331, 1368, 1405, 1442, 1479, 1516, 1553, 1590, 1627, 1664, 1701, 1738, 1775, 1812, 1849, 1886, 1923, 1960, 1997, 2034, 2071, 2108, 2145, 2182, 2219, 2256, 2293, 2330, 2367",True,0,0,0,-4
5,load,1,,1,,0,,256,Vector,"37, 74, 111, 148, 185, 222, 259, 296, 333, 370, 407, 444, 481, 518, 555, 592, 629, 666, 703, 740, 777, 814, 851, 888, 925, 962, 999, 1036, 1073, 1110, 1147, 1184, 1221, 1258, 1295, 1332, 1369, 1406, 1443, 1480, 1517, 1554, 1591, 1628, 1665, 1702, 1739, 1776, 1813, 1850, 1887, 1924, 1961, 1998, 2035, 2072, 2109, 2146, 2183, 2220, 2257, 2294, 2331, 2368",True,0,1,1,-5
6,load,2,,1,,1,,256,Vector,"40, 77, 114, 151, 188, 225, 262, 299, 336, 373, 410, 447, 484, 521, 558, 595, 632, 669, 706, 743, 780, 817, 854, 891, 928, 965, 1002, 1039, 1076, 1113, 1150, 1187, 1224, 1261, 1298, 1335, 1372, 1409, 1446, 1483, 1520, 1557, 1594, 1631, 1668, 1705, 1742, 1779, 1816, 1853, 1890, 1927, 1964, 2001, 2038, 2075, 2112, 2149, 2186, 2223, 2260, 2297, 2334, 2371",True,0,2,2,-6
7,load,3,,1,,1,,256,Vector,"41, 78, 115, 152, 189, 226, 263, 300, 337, 374, 411, 448, 485, 522, 559, 596, 633, 670, 707, 744, 781, 818, 855, 892, 929, 966, 1003, 1040, 1077, 1114, 1151, 1188, 1225, 1262, 1299, 1336, 1373, 1410, 1447, 1484, 1521, 1558, 1595, 1632, 1669, 1706, 1743, 1780, 1817, 1854, 1891, 1928, 1965, 2002, 2039, 2076, 2113, 2150, 2187, 2224, 2261, 2298, 2335, 2372",True,0,3,3,-7
8,load,4,,1,,2,,256,Vector,"44, 81, 118, 155, 192, 229, 266, 303, 340, 377, 414, 451, 488, 525, 562, 599, 636, 673, 710, 747, 784, 821, 858, 895, 932, 969, 1006, 1043, 1080, 1117, 1154, 1191, 1228, 1265, 1302, 1339, 1376, 1413, 1450, 1487, 1524, 1561, 1598, 1635, 1672, 1709, 1746, 1783, 1820, 1857, 1894, 1931, 1968, 2005, 2042, 2079, 2116, 2153, 2190, 2227, 2264, 2301, 2338, 2375",True,0,4,4,-8
9,load,5,,1,,2,,256,Vector,"45, 82, 119, 156, 193, 230, 267, 304, 341, 378, 415, 452, 489, 526, 563, 600, 637, 674, 711, 748, 785, 822, 859, 896, 933, 970, 1007, 1044, 1081, 1118, 1155, 1192, 1229, 1266, 1303, 1340, 1377, 1414, 1451, 1488, 1525, 1562, 1599, 1636, 1673, 1710, 1747, 1784, 1821, 1858, 1895, 1932, 1969, 2006, 2043, 2080, 2117, 2154, 2191, 2228, 2265, 2302, 2339, 2376",True,0,5,5,-9
10,load,6,,1,0.0,0,0.0,256,Vector,"11, 19",True,0,6,6,-10
11,reduce_sum,10,,2,0.0,0,0.0,1,Scalar,16,False,0,0,,-11
12,load,7,,1,0.0,1,0.0,256,Vector,"13, 22",True,0,7,7,-12
13,reduce_sum,12,,2,0.0,1,0.0,1,Scalar,16,False,0,1,,-13
14,load,8,,1,0.0,2,0.0,256,Vector,"15, 25",True,0,8,8,-14
15,reduce_sum,14,,2,0.0,2,0.0,1,Scalar,17,False,0,2,,-15
16,add,11,13,3,,,0.0,1,Scalar,17,False,0,3,,-16
17,add,16,15,4,,,0.0,1,Scalar,18,False,0,4,,-17
18,mul,17,3,5,0.0,,0.0,1,Scalar,"19, 22, 25",False,0,5,,-18
19,sub,10,18,6,0.0,0,0.0,256,Vector,"20, 35",False,0,9,,-19
20,square_fp16_fp16_bf16,19,,7,0.0,0,0.0,256,Vector,21,False,0,10,,-20
21,reduce_sum_bf16,20,,8,0.0,0,0.0,1,Scalar,28,False,0,6,,-21
22,sub,12,18,6,0.0,1,0.0,256,Vector,"23, 39",False,0,11,,-22
23,square_fp16_fp16_bf16,22,,7,0.0,1,0.0,256,Vector,24,False,0,12,,-23
24,reduce_sum_bf16,23,,8,0.0,1,0.0,1,Scalar,28,False,0,7,,-24
25,sub,14,18,6,0.0,2,0.0,256,Vector,"26, 43",False,0,13,,-25
26,square_fp16_fp16_bf16,25,,7,0.0,2,0.0,256,Vector,27,False,0,14,,-26
27,reduce_sum_bf16,26,,8,0.0,2,0.0,1,Scalar,29,False,0,8,,-27
28,add_bf16,21,24,9,,,0.0,1,Scalar,29,False,0,9,,-28
29,add_bf16,28,27,10,,,0.0,1,Scalar,30,False,0,10,,-29
30,mul_bf16_fp16_fp16,29,3,11,0.0,,0.0,1,Scalar,31,False,0,11,,-30
31,add,30,1,12,0.0,,0.0,1,Scalar,32,False,0,12,,-31
32,sqrt,31,,13,0.0,,0.0,1,Scalar,33,False,0,13,,-32
33,mul,32,2,14,0.0,,0.0,1,Scalar,34,False,1,14,,-33
34,inv,33,,15,0.0,,0.0,1,Scalar,"35, 39, 43",False,0,15,,-34
35,mul,19,34,16,0.0,0,0.0,256,Vector,36,False,0,15,,-35
36,mul,35,4,17,0.0,0,0.0,256,Vector,37,False,0,16,,-36
37,add,36,5,18,0.0,0,0.0,256,Vector,38,False,0,17,,-37
38,store,37,0,19,0.0,0,0.0,256,Vector,,False,0,,0,-38
39,mul,22,34,16,0.0,1,0.0,256,Vector,40,False,0,18,,-39
40,mul,39,6,17,0.0,1,0.0,256,Vector,41,False,0,19,,-40
41,add,40,7,18,0.0,1,0.0,256,Vector,42,False,0,20,,-41
42,store,41,1,19,0.0,1,0.0,256,Vector,,False,0,,1,-42
43,mul,25,34,16,0.0,2,0.0,256,Vector,44,False,0,21,,-43
44,mul,43,8,17,0.0,2,0.0,256,Vector,45,False,0,22,,-44
45,add,44,9,18,0.0,2,0.0,256,Vector,46,False,0,23,,-45
46,store,45,2,19,0.0,2,0.0,256,Vector,,False,0,,2,-46
47,load,9,,1,1.0,0,1.0,256,Vector,"48, 56",True,0,24,9,-47
48,reduce_sum,47,,2,1.0,0,1.0,1,Scalar,53,False,0,16,,-48
49,load,10,,1,1.0,1,1.0,256,Vector,"50, 59",True,0,25,10,-49
50,reduce_sum,49,,2,1.0,1,1.0,1,Scalar,53,False,0,17,,-50
51,load,11,,1,1.0,2,1.0,256,Vector,"52, 62",True,0,26,11,-51
52,reduce_sum,51,,2,1.0,2,1.0,1,Scalar,54,False,0,18,,-52
53,add,48,50,3,,,1.0,1,Scalar,54,False,0,19,,-53
54,add,53,52,4,,,1.0,1,Scalar,55,False,0,20,,-54
55,mul,54,3,5,1.0,,1.0,1,Scalar,"56, 59, 62",False,0,21,,-55
56,sub,47,55,6,1.0,0,1.0,256,Vector,"57, 72",False,0,27,,-56
57,square_fp16_fp16_bf16,56,,7,1.0,0,1.0,256,Vector,58,False,0,28,,-57
58,reduce_sum_bf16,57,,8,1.0,0,1.0,1,Scalar,65,False,0,22,,-58
59,sub,49,55,6,1.0,1,1.0,256,Vector,"60, 76",False,0,29,,-59
60,square_fp16_fp16_bf16,59,,7,1.0,1,1.0,256,Vector,61,False,0,30,,-60
61,reduce_sum_bf16,60,,8,1.0,1,1.0,1,Scalar,65,False,0,23,,-61
62,sub,51,55,6,1.0,2,1.0,256,Vector,"63, 80",False,0,31,,-62
63,square_fp16_fp16_bf16,62,,7,1.0,2,1.0,256,Vector,64,False,0,32,,-63
64,reduce_sum_bf16,63,,8,1.0,2,1.0,1,Scalar,66,False,0,24,,-64
65,add_bf16,58,61,9,,,1.0,1,Scalar,66,False,0,25,,-65
66,add_bf16,65,64,10,,,1.0,1,Scalar,67,False,0,26,,-66
67,mul_bf16_fp16_fp16,66,3,11,1.0,,1.0,1,Scalar,68,False,0,27,,-67
68,add,67,1,12,1.0,,1.0,1,Scalar,69,False,0,28,,-68
69,sqrt,68,,13,1.0,,1.0,1,Scalar,70,False,0,29,,-69
70,mul,69,2,14,1.0,,1.0,1,Scalar,71,False,1,30,,-70
71,inv,70,,15,1.0,,1.0,1,Scalar,"72, 76, 80",False,0,31,,-71
72,mul,56,71,16,1.0,0,1.0,256,Vector,73,False,0,33,,-72
73,mul,72,4,17,1.0,0,1.0,256,Vector,74,False,0,34,,-73
74,add,73,5,18,1.0,0,1.0,256,Vector,75,False,0,35,,-74
75,store,74,3,19,1.0,0,1.0,256,Vector,,False,0,,3,-75
76,mul,59,71,16,1.0,1,1.0,256,Vector,77,False,0,36,,-76
77,mul,76,6,17,1.0,1,1.0,256,Vector,78,False,0,37,,-77
78,add,77,7,18,1.0,1,1.0,256,Vector,79,False,0,38,,-78
79,store,78,4,19,1.0,1,1.0,256,Vector,,False,0,,4,-79
80,mul,62,71,16,1.0,2,1.0,256,Vector,81,False,0,39,,-80
81,mul,80,8,17,1.0,2,1.0,256,Vector,82,False,0,40,,-81
82,add,81,9,18,1.0,2,1.0,256,Vector,83,False,0,41,,-82
83,store,82,5,19,1.0,2,1.0,256,Vector,,False,0,,5,-83
84,load,12,,1,2.0,0,2.0,256,Vector,"85, 93",True,0,42,12,-84
85,reduce_sum,84,,2,2.0,0,2.0,1,Scalar,90,False,0,32,,-85
86,load,13,,1,2.0,1,2.0,256,Vector,"87, 96",True,0,43,13,-86
87,reduce_sum,86,,2,2.0,1,2.0,1,Scalar,90,False,0,33,,-87
88,load,14,,1,2.0,2,2.0,256,Vector,"89, 99",True,0,44,14,-88
89,reduce_sum,88,,2,2.0,2,2.0,1,Scalar,91,False,0,34,,-89
90,add,85,87,3,,,2.0,1,Scalar,91,False,0,35,,-90
91,add,90,89,4,,,2.0,1,Scalar,92,False,0,36,,-91
92,mul,91,3,5,2.0,,2.0,1,Scalar,"93, 96, 99",False,0,37,,-92
93,sub,84,92,6,2.0,0,2.0,256,Vector,"94, 109",False,0,45,,-93
94,square_fp16_fp16_bf16,93,,7,2.0,0,2.0,256,Vector,95,False,0,46,,-94
95,reduce_sum_bf16,94,,8,2.0,0,2.0,1,Scalar,102,False,0,38,,-95
96,sub,86,92,6,2.0,1,2.0,256,Vector,"97, 113",False,0,47,,-96
97,square_fp16_fp16_bf16,96,,7,2.0,1,2.0,256,Vector,98,False,0,48,,-97
98,reduce_sum_bf16,97,,8,2.0,1,2.0,1,Scalar,102,False,0,39,,-98
99,sub,88,92,6,2.0,2,2.0,256,Vector,"100, 117",False,0,49,,-99
100,square_fp16_fp16_bf16,99,,7,2.0,2,2.0,256,Vector,101,False,0,50,,-100
101,reduce_sum_bf16,100,,8,2.0,2,2.0,1,Scalar,103,False,0,40,,-101
102,add_bf16,95,98,9,,,2.0,1,Scalar,103,False,0,41,,-102
103,add_bf16,102,101,10,,,2.0,1,Scalar,104,False,0,42,,-103
104,mul_bf16_fp16_fp16,103,3,11,2.0,,2.0,1,Scalar,105,False,0,43,,-104
105,add,104,1,12,2.0,,2.0,1,Scalar,106,False,0,44,,-105
106,sqrt,105,,13,2.0,,2.0,1,Scalar,107,False,0,45,,-106
107,mul,106,2,14,2.0,,2.0,1,Scalar,108,False,1,46,,-107
108,inv,107,,15,2.0,,2.0,1,Scalar,"109, 113, 117",False,0,47,,-108
109,mul,93,108,16,2.0,0,2.0,256,Vector,110,False,0,51,,-109
110,mul,109,4,17,2.0,0,2.0,256,Vector,111,False,0,52,,-110
111,add,110,5,18,2.0,0,2.0,256,Vector,112,False,0,53,,-111
112,store,111,6,19,2.0,0,2.0,256,Vector,,False,0,,6,-112
113,mul,96,108,16,2.0,1,2.0,256,Vector,114,False,0,54,,-113
114,mul,113,6,17,2.0,1,2.0,256,Vector,115,False,0,55,,-114
115,add,114,7,18,2.0,1,2.0,256,Vector,116,False,0,56,,-115
116,store,115,7,19,2.0,1,2.0,256,Vector,,False,0,,7,-116
117,mul,99,108,16,2.0,2,2.0,256,Vector,118,False,0,57,,-117
118,mul,117,8,17,2.0,2,2.0,256,Vector,119,False,0,58,,-118
119,add,118,9,18,2.0,2,2.0,256,Vector,120,False,0,59,,-119
120,store,119,8,19,2.0,2,2.0,256,Vector,,False,0,,8,-120
121,load,15,,1,3.0,0,3.0,256,Vector,"122, 130",True,0,60,15,-121
122,reduce_sum,121,,2,3.0,0,3.0,1,Scalar,127,False,0,48,,-122
123,load,16,,1,3.0,1,3.0,256,Vector,"124, 133",True,0,61,16,-123
124,reduce_sum,123,,2,3.0,1,3.0,1,Scalar,127,False,0,49,,-124
125,load,17,,1,3.0,2,3.0,256,Vector,"126, 136",True,0,62,17,-125
126,reduce_sum,125,,2,3.0,2,3.0,1,Scalar,128,False,0,50,,-126
127,add,122,124,3,,,3.0,1,Scalar,128,False,0,51,,-127
128,add,127,126,4,,,3.0,1,Scalar,129,False,0,52,,-128
129,mul,128,3,5,3.0,,3.0,1,Scalar,"130, 133, 136",False,0,53,,-129
130,sub,121,129,6,3.0,0,3.0,256,Vector,"131, 146",False,0,63,,-130
131,square_fp16_fp16_bf16,130,,7,3.0,0,3.0,256,Vector,132,False,0,64,,-131
132,reduce_sum_bf16,131,,8,3.0,0,3.0,1,Scalar,139,False,0,54,,-132
133,sub,123,129,6,3.0,1,3.0,256,Vector,"134, 150",False,0,65,,-133
134,square_fp16_fp16_bf16,133,,7,3.0,1,3.0,256,Vector,135,False,0,66,,-134
135,reduce_sum_bf16,134,,8,3.0,1,3.0,1,Scalar,139,False,0,55,,-135
136,sub,125,129,6,3.0,2,3.0,256,Vector,"137, 154",False,0,67,,-136
137,square_fp16_fp16_bf16,136,,7,3.0,2,3.0,256,Vector,138,False,0,68,,-137
138,reduce_sum_bf16,137,,8,3.0,2,3.0,1,Scalar,140,False,0,56,,-138
139,add_bf16,132,135,9,,,3.0,1,Scalar,140,False,0,57,,-139
140,add_bf16,139,138,10,,,3.0,1,Scalar,141,False,0,58,,-140
141,mul_bf16_fp16_fp16,140,3,11,3.0,,3.0,1,Scalar,142,False,0,59,,-141
142,add,141,1,12,3.0,,3.0,1,Scalar,143,False,0,60,,-142
143,sqrt,142,,13,3.0,,3.0,1,Scalar,144,False,0,61,,-143
144,mul,143,2,14,3.0,,3.0,1,Scalar,145,False,1,62,,-144
145,inv,144,,15,3.0,,3.0,1,Scalar,"146, 150, 154",False,0,63,,-145
146,mul,130,145,16,3.0,0,3.0,256,Vector,147,False,0,69,,-146
147,mul,146,4,17,3.0,0,3.0,256,Vector,148,False,0,70,,-147
148,add,147,5,18,3.0,0,3.0,256,Vector,149,False,0,71,,-148
149,store,148,9,19,3.0,0,3.0,256,Vector,,False,0,,9,-149
150,mul,133,145,16,3.0,1,3.0,256,Vector,151,False,0,72,,-150
151,mul,150,6,17,3.0,1,3.0,256,Vector,152,False,0,73,,-151
152,add,151,7,18,3.0,1,3.0,256,Vector,153,False,0,74,,-152
153,store,152,10,19,3.0,1,3.0,256,Vector,,False,0,,10,-153
154,mul,136,145,16,3.0,2,3.0,256,Vector,155,False,0,75,,-154
155,mul,154,8,17,3.0,2,3.0,256,Vector,156,False,0,76,,-155
156,add,155,9,18,3.0,2,3.0,256,Vector,157,False,0,77,,-156
157,store,156,11,19,3.0,2,3.0,256,Vector,,False,0,,11,-157
158,load,18,,1,4.0,0,4.0,256,Vector,"159, 167",True,0,78,18,-158
159,reduce_sum,158,,2,4.0,0,4.0,1,Scalar,164,False,0,64,,-159
160,load,19,,1,4.0,1,4.0,256,Vector,"161, 170",True,0,79,19,-160
161,reduce_sum,160,,2,4.0,1,4.0,1,Scalar,164,False,0,65,,-161
162,load,20,,1,4.0,2,4.0,256,Vector,"163, 173",True,0,80,20,-162
163,reduce_sum,162,,2,4.0,2,4.0,1,Scalar,165,False,0,66,,-163
164,add,159,161,3,,,4.0,1,Scalar,165,False,0,67,,-164
165,add,164,163,4,,,4.0,1,Scalar,166,False,0,68,,-165
166,mul,165,3,5,4.0,,4.0,1,Scalar,"167, 170, 173",False,0,69,,-166
167,sub,158,166,6,4.0,0,4.0,256,Vector,"168, 183",False,0,81,,-167
168,square_fp16_fp16_bf16,167,,7,4.0,0,4.0,256,Vector,169,False,0,82,,-168
169,reduce_sum_bf16,168,,8,4.0,0,4.0,1,Scalar,176,False,0,70,,-169
170,sub,160,166,6,4.0,1,4.0,256,Vector,"171, 187",False,0,83,,-170
171,square_fp16_fp16_bf16,170,,7,4.0,1,4.0,256,Vector,172,False,0,84,,-171
172,reduce_sum_bf16,171,,8,4.0,1,4.0,1,Scalar,176,False,0,71,,-172
173,sub,162,166,6,4.0,2,4.0,256,Vector,"174, 191",False,0,85,,-173
174,square_fp16_fp16_bf16,173,,7,4.0,2,4.0,256,Vector,175,False,0,86,,-174
175,reduce_sum_bf16,174,,8,4.0,2,4.0,1,Scalar,177,False,0,72,,-175
176,add_bf16,169,172,9,,,4.0,1,Scalar,177,False,0,73,,-176
177,add_bf16,176,175,10,,,4.0,1,Scalar,178,False,0,74,,-177
178,mul_bf16_fp16_fp16,177,3,11,4.0,,4.0,1,Scalar,179,False,0,75,,-178
179,add,178,1,12,4.0,,4.0,1,Scalar,180,False,0,76,,-179
180,sqrt,179,,13,4.0,,4.0,1,Scalar,181,False,0,77,,-180
181,mul,180,2,14,4.0,,4.0,1,Scalar,182,False,1,78,,-181
182,inv,181,,15,4.0,,4.0,1,Scalar,"183, 187, 191",False,0,79,,-182
183,mul,167,182,16,4.0,0,4.0,256,Vector,184,False,0,87,,-183
184,mul,183,4,17,4.0,0,4.0,256,Vector,185,False,0,88,,-184
185,add,184,5,18,4.0,0,4.0,256,Vector,186,False,0,89,,-185
186,store,185,12,19,4.0,0,4.0,256,Vector,,False,0,,12,-186
187,mul,170,182,16,4.0,1,4.0,256,Vector,188,False,0,90,,-187
188,mul,187,6,17,4.0,1,4.0,256,Vector,189,False,0,91,,-188
189,add,188,7,18,4.0,1,4.0,256,Vector,190,False,0,92,,-189
190,store,189,13,19,4.0,1,4.0,256,Vector,,False,0,,13,-190
191,mul,173,182,16,4.0,2,4.0,256,Vector,192,False,0,93,,-191
192,mul,191,8,17,4.0,2,4.0,256,Vector,193,False,0,94,,-192
193,add,192,9,18,4.0,2,4.0,256,Vector,194,False,0,95,,-193
194,store,193,14,19,4.0,2,4.0,256,Vector,,False,0,,14,-194
195,load,21,,1,5.0,0,5.0,256,Vector,"196, 204",True,0,96,21,-195
196,reduce_sum,195,,2,5.0,0,5.0,1,Scalar,201,False,0,80,,-196
197,load,22,,1,5.0,1,5.0,256,Vector,"198, 207",True,0,97,22,-197
198,reduce_sum,197,,2,5.0,1,5.0,1,Scalar,201,False,0,81,,-198
199,load,23,,1,5.0,2,5.0,256,Vector,"200, 210",True,0,98,23,-199
200,reduce_sum,199,,2,5.0,2,5.0,1,Scalar,202,False,0,82,,-200
201,add,196,198,3,,,5.0,1,Scalar,202,False,0,83,,-201
202,add,201,200,4,,,5.0,1,Scalar,203,False,0,84,,-202
203,mul,202,3,5,5.0,,5.0,1,Scalar,"204, 207, 210",False,0,85,,-203
204,sub,195,203,6,5.0,0,5.0,256,Vector,"205, 220",False,0,99,,-204
205,square_fp16_fp16_bf16,204,,7,5.0,0,5.0,256,Vector,206,False,0,100,,-205
206,reduce_sum_bf16,205,,8,5.0,0,5.0,1,Scalar,213,False,0,86,,-206
207,sub,197,203,6,5.0,1,5.0,256,Vector,"208, 224",False,0,101,,-207
208,square_fp16_fp16_bf16,207,,7,5.0,1,5.0,256,Vector,209,False,0,102,,-208
209,reduce_sum_bf16,208,,8,5.0,1,5.0,1,Scalar,213,False,0,87,,-209
210,sub,199,203,6,5.0,2,5.0,256,Vector,"211, 228",False,0,103,,-210
211,square_fp16_fp16_bf16,210,,7,5.0,2,5.0,256,Vector,212,False,0,104,,-211
212,reduce_sum_bf16,211,,8,5.0,2,5.0,1,Scalar,214,False,0,88,,-212
213,add_bf16,206,209,9,,,5.0,1,Scalar,214,False,0,89,,-213
214,add_bf16,213,212,10,,,5.0,1,Scalar,215,False,0,90,,-214
215,mul_bf16_fp16_fp16,214,3,11,5.0,,5.0,1,Scalar,216,False,0,91,,-215
216,add,215,1,12,5.0,,5.0,1,Scalar,217,False,0,92,,-216
217,sqrt,216,,13,5.0,,5.0,1,Scalar,218,False,0,93,,-217
218,mul,217,2,14,5.0,,5.0,1,Scalar,219,False,1,94,,-218
219,inv,218,,15,5.0,,5.0,1,Scalar,"220, 224, 228",False,0,95,,-219
220,mul,204,219,16,5.0,0,5.0,256,Vector,221,False,0,105,,-220
221,mul,220,4,17,5.0,0,5.0,256,Vector,222,False,0,106,,-221
222,add,221,5,18,5.0,0,5.0,256,Vector,223,False,0,107,,-222
223,store,222,15,19,5.0,0,5.0,256,Vector,,False,0,,15,-223
224,mul,207,219,16,5.0,1,5.0,256,Vector,225,False,0,108,,-224
225,mul,224,6,17,5.0,1,5.0,256,Vector,226,False,0,109,,-225
226,add,225,7,18,5.0,1,5.0,256,Vector,227,False,0,110,,-226
227,store,226,16,19,5.0,1,5.0,256,Vector,,False,0,,16,-227
228,mul,210,219,16,5.0,2,5.0,256,Vector,229,False,0,111,,-228
229,mul,228,8,17,5.0,2,5.0,256,Vector,230,False,0,112,,-229
230,add,229,9,18,5.0,2,5.0,256,Vector,231,False,0,113,,-230
231,store,230,17,19,5.0,2,5.0,256,Vector,,False,0,,17,-231
232,load,24,,1,6.0,0,6.0,256,Vector,"233, 241",True,0,114,24,-232
233,reduce_sum,232,,2,6.0,0,6.0,1,Scalar,238,False,0,96,,-233
234,load,25,,1,6.0,1,6.0,256,Vector,"235, 244",True,0,115,25,-234
235,reduce_sum,234,,2,6.0,1,6.0,1,Scalar,238,False,0,97,,-235
236,load,26,,1,6.0,2,6.0,256,Vector,"237, 247",True,0,116,26,-236
237,reduce_sum,236,,2,6.0,2,6.0,1,Scalar,239,False,0,98,,-237
238,add,233,235,3,,,6.0,1,Scalar,239,False,0,99,,-238
239,add,238,237,4,,,6.0,1,Scalar,240,False,0,100,,-239
240,mul,239,3,5,6.0,,6.0,1,Scalar,"241, 244, 247",False,0,101,,-240
241,sub,232,240,6,6.0,0,6.0,256,Vector,"242, 257",False,0,117,,-241
242,square_fp16_fp16_bf16,241,,7,6.0,0,6.0,256,Vector,243,False,0,118,,-242
243,reduce_sum_bf16,242,,8,6.0,0,6.0,1,Scalar,250,False,0,102,,-243
244,sub,234,240,6,6.0,1,6.0,256,Vector,"245, 261",False,0,119,,-244
245,square_fp16_fp16_bf16,244,,7,6.0,1,6.0,256,Vector,246,False,0,120,,-245
246,reduce_sum_bf16,245,,8,6.0,1,6.0,1,Scalar,250,False,0,103,,-246
247,sub,236,240,6,6.0,2,6.0,256,Vector,"248, 265",False,0,121,,-247
248,square_fp16_fp16_bf16,247,,7,6.0,2,6.0,256,Vector,249,False,0,122,,-248
249,reduce_sum_bf16,248,,8,6.0,2,6.0,1,Scalar,251,False,0,104,,-249
250,add_bf16,243,246,9,,,6.0,1,Scalar,251,False,0,105,,-250
251,add_bf16,250,249,10,,,6.0,1,Scalar,252,False,0,106,,-251
252,mul_bf16_fp16_fp16,251,3,11,6.0,,6.0,1,Scalar,253,False,0,107,,-252
253,add,252,1,12,6.0,,6.0,1,Scalar,254,False,0,108,,-253
254,sqrt,253,,13,6.0,,6.0,1,Scalar,255,False,0,109,,-254
255,mul,254,2,14,6.0,,6.0,1,Scalar,256,False,1,110,,-255
256,inv,255,,15,6.0,,6.0,1,Scalar,"257, 261, 265",False,0,111,,-256
257,mul,241,256,16,6.0,0,6.0,256,Vector,258,False,0,123,,-257
258,mul,257,4,17,6.0,0,6.0,256,Vector,259,False,0,124,,-258
259,add,258,5,18,6.0,0,6.0,256,Vector,260,False,0,125,,-259
260,store,259,18,19,6.0,0,6.0,256,Vector,,False,0,,18,-260
261,mul,244,256,16,6.0,1,6.0,256,Vector,262,False,0,126,,-261
262,mul,261,6,17,6.0,1,6.0,256,Vector,263,False,0,127,,-262
263,add,262,7,18,6.0,1,6.0,256,Vector,264,False,0,128,,-263
264,store,263,19,19,6.0,1,6.0,256,Vector,,False,0,,19,-264
265,mul,247,256,16,6.0,2,6.0,256,Vector,266,False,0,129,,-265
266,mul,265,8,17,6.0,2,6.0,256,Vector,267,False,0,130,,-266
267,add,266,9,18,6.0,2,6.0,256,Vector,268,False,0,131,,-267
268,store,267,20,19,6.0,2,6.0,256,Vector,,False,0,,20,-268
269,load,27,,1,7.0,0,7.0,256,Vector,"270, 278",True,0,132,27,-269
270,reduce_sum,269,,2,7.0,0,7.0,1,Scalar,275,False,0,112,,-270
271,load,28,,1,7.0,1,7.0,256,Vector,"272, 281",True,0,133,28,-271
272,reduce_sum,271,,2,7.0,1,7.0,1,Scalar,275,False,0,113,,-272
273,load,29,,1,7.0,2,7.0,256,Vector,"274, 284",True,0,134,29,-273
274,reduce_sum,273,,2,7.0,2,7.0,1,Scalar,276,False,0,114,,-274
275,add,270,272,3,,,7.0,1,Scalar,276,False,0,115,,-275
276,add,275,274,4,,,7.0,1,Scalar,277,False,0,116,,-276
277,mul,276,3,5,7.0,,7.0,1,Scalar,"278, 281, 284",False,0,117,,-277
278,sub,269,277,6,7.0,0,7.0,256,Vector,"279, 294",False,0,135,,-278
279,square_fp16_fp16_bf16,278,,7,7.0,0,7.0,256,Vector,280,False,0,136,,-279
280,reduce_sum_bf16,279,,8,7.0,0,7.0,1,Scalar,287,False,0,118,,-280
281,sub,271,277,6,7.0,1,7.0,256,Vector,"282, 298",False,0,137,,-281
282,square_fp16_fp16_bf16,281,,7,7.0,1,7.0,256,Vector,283,False,0,138,,-282
283,reduce_sum_bf16,282,,8,7.0,1,7.0,1,Scalar,287,False,0,119,,-283
284,sub,273,277,6,7.0,2,7.0,256,Vector,"285, 302",False,0,139,,-284
285,square_fp16_fp16_bf16,284,,7,7.0,2,7.0,256,Vector,286,False,0,140,,-285
286,reduce_sum_bf16,285,,8,7.0,2,7.0,1,Scalar,288,False,0,120,,-286
287,add_bf16,280,283,9,,,7.0,1,Scalar,288,False,0,121,,-287
288,add_bf16,287,286,10,,,7.0,1,Scalar,289,False,0,122,,-288
289,mul_bf16_fp16_fp16,288,3,11,7.0,,7.0,1,Scalar,290,False,0,123,,-289
290,add,289,1,12,7.0,,7.0,1,Scalar,291,False,0,124,,-290
291,sqrt,290,,13,7.0,,7.0,1,Scalar,292,False,0,125,,-291
292,mul,291,2,14,7.0,,7.0,1,Scalar,293,False,1,126,,-292
293,inv,292,,15,7.0,,7.0,1,Scalar,"294, 298, 302",False,0,127,,-293
294,mul,278,293,16,7.0,0,7.0,256,Vector,295,False,0,141,,-294
295,mul,294,4,17,7.0,0,7.0,256,Vector,296,False,0,142,,-295
296,add,295,5,18,7.0,0,7.0,256,Vector,297,False,0,143,,-296
297,store,296,21,19,7.0,0,7.0,256,Vector,,False,0,,21,-297
298,mul,281,293,16,7.0,1,7.0,256,Vector,299,False,0,144,,-298
299,mul,298,6,17,7.0,1,7.0,256,Vector,300,False,0,145,,-299
300,add,299,7,18,7.0,1,7.0,256,Vector,301,False,0,146,,-300
301,store,300,22,19,7.0,1,7.0,256,Vector,,False,0,,22,-301
302,mul,284,293,16,7.0,2,7.0,256,Vector,303,False,0,147,,-302
303,mul,302,8,17,7.0,2,7.0,256,Vector,304,False,0,148,,-303
304,add,303,9,18,7.0,2,7.0,256,Vector,305,False,0,149,,-304
305,store,304,23,19,7.0,2,7.0,256,Vector,,False,0,,23,-305
306,load,30,,1,8.0,0,8.0,256,Vector,"307, 315",True,0,150,30,-306
307,reduce_sum,306,,2,8.0,0,8.0,1,Scalar,312,False,0,128,,-307
308,load,31,,1,8.0,1,8.0,256,Vector,"309, 318",True,0,151,31,-308
309,reduce_sum,308,,2,8.0,1,8.0,1,Scalar,312,False,0,129,,-309
310,load,32,,1,8.0,2,8.0,256,Vector,"311, 321",True,0,152,32,-310
311,reduce_sum,310,,2,8.0,2,8.0,1,Scalar,313,False,0,130,,-311
312,add,307,309,3,,,8.0,1,Scalar,313,False,0,131,,-312
313,add,312,311,4,,,8.0,1,Scalar,314,False,0,132,,-313
314,mul,313,3,5,8.0,,8.0,1,Scalar,"315, 318, 321",False,0,133,,-314
315,sub,306,314,6,8.0,0,8.0,256,Vector,"316, 331",False,0,153,,-315
316,square_fp16_fp16_bf16,315,,7,8.0,0,8.0,256,Vector,317,False,0,154,,-316
317,reduce_sum_bf16,316,,8,8.0,0,8.0,1,Scalar,324,False,0,134,,-317
318,sub,308,314,6,8.0,1,8.0,256,Vector,"319, 335",False,0,155,,-318
319,square_fp16_fp16_bf16,318,,7,8.0,1,8.0,256,Vector,320,False,0,156,,-319
320,reduce_sum_bf16,319,,8,8.0,1,8.0,1,Scalar,324,False,0,135,,-320
321,sub,310,314,6,8.0,2,8.0,256,Vector,"322, 339",False,0,157,,-321
322,square_fp16_fp16_bf16,321,,7,8.0,2,8.0,256,Vector,323,False,0,158,,-322
323,reduce_sum_bf16,322,,8,8.0,2,8.0,1,Scalar,325,False,0,136,,-323
324,add_bf16,317,320,9,,,8.0,1,Scalar,325,False,0,137,,-324
325,add_bf16,324,323,10,,,8.0,1,Scalar,326,False,0,138,,-325
326,mul_bf16_fp16_fp16,325,3,11,8.0,,8.0,1,Scalar,327,False,0,139,,-326
327,add,326,1,12,8.0,,8.0,1,Scalar,328,False,0,140,,-327
328,sqrt,327,,13,8.0,,8.0,1,Scalar,329,False,0,141,,-328
329,mul,328,2,14,8.0,,8.0,1,Scalar,330,False,1,142,,-329
330,inv,329,,15,8.0,,8.0,1,Scalar,"331, 335, 339",False,0,143,,-330
331,mul,315,330,16,8.0,0,8.0,256,Vector,332,False,0,159,,-331
332,mul,331,4,17,8.0,0,8.0,256,Vector,333,False,0,160,,-332
333,add,332,5,18,8.0,0,8.0,256,Vector,334,False,0,161,,-333
334,store,333,24,19,8.0,0,8.0,256,Vector,,False,0,,24,-334
335,mul,318,330,16,8.0,1,8.0,256,Vector,336,False,0,162,,-335
336,mul,335,6,17,8.0,1,8.0,256,Vector,337,False,0,163,,-336
337,add,336,7,18,8.0,1,8.0,256,Vector,338,False,0,164,,-337
338,store,337,25,19,8.0,1,8.0,256,Vector,,False,0,,25,-338
339,mul,321,330,16,8.0,2,8.0,256,Vector,340,False,0,165,,-339
340,mul,339,8,17,8.0,2,8.0,256,Vector,341,False,0,166,,-340
341,add,340,9,18,8.0,2,8.0,256,Vector,342,False,0,167,,-341
342,store,341,26,19,8.0,2,8.0,256,Vector,,False,0,,26,-342
343,load,33,,1,9.0,0,9.0,256,Vector,"344, 352",True,0,168,33,-343
344,reduce_sum,343,,2,9.0,0,9.0,1,Scalar,349,False,0,144,,-344
345,load,34,,1,9.0,1,9.0,256,Vector,"346, 355",True,0,169,34,-345
346,reduce_sum,345,,2,9.0,1,9.0,1,Scalar,349,False,0,145,,-346
347,load,35,,1,9.0,2,9.0,256,Vector,"348, 358",True,0,170,35,-347
348,reduce_sum,347,,2,9.0,2,9.0,1,Scalar,350,False,0,146,,-348
349,add,344,346,3,,,9.0,1,Scalar,350,False,0,147,,-349
350,add,349,348,4,,,9.0,1,Scalar,351,False,0,148,,-350
351,mul,350,3,5,9.0,,9.0,1,Scalar,"352, 355, 358",False,0,149,,-351
352,sub,343,351,6,9.0,0,9.0,256,Vector,"353, 368",False,0,171,,-352
353,square_fp16_fp16_bf16,352,,7,9.0,0,9.0,256,Vector,354,False,0,172,,-353
354,reduce_sum_bf16,353,,8,9.0,0,9.0,1,Scalar,361,False,0,150,,-354
355,sub,345,351,6,9.0,1,9.0,256,Vector,"356, 372",False,0,173,,-355
356,square_fp16_fp16_bf16,355,,7,9.0,1,9.0,256,Vector,357,False,0,174,,-356
357,reduce_sum_bf16,356,,8,9.0,1,9.0,1,Scalar,361,False,0,151,,-357
358,sub,347,351,6,9.0,2,9.0,256,Vector,"359, 376",False,0,175,,-358
359,square_fp16_fp16_bf16,358,,7,9.0,2,9.0,256,Vector,360,False,0,176,,-359
360,reduce_sum_bf16,359,,8,9.0,2,9.0,1,Scalar,362,False,0,152,,-360
361,add_bf16,354,357,9,,,9.0,1,Scalar,362,False,0,153,,-361
362,add_bf16,361,360,10,,,9.0,1,Scalar,363,False,0,154,,-362
363,mul_bf16_fp16_fp16,362,3,11,9.0,,9.0,1,Scalar,364,False,0,155,,-363
364,add,363,1,12,9.0,,9.0,1,Scalar,365,False,0,156,,-364
365,sqrt,364,,13,9.0,,9.0,1,Scalar,366,False,0,157,,-365
366,mul,365,2,14,9.0,,9.0,1,Scalar,367,False,1,158,,-366
367,inv,366,,15,9.0,,9.0,1,Scalar,"368, 372, 376",False,0,159,,-367
368,mul,352,367,16,9.0,0,9.0,256,Vector,369,False,0,177,,-368
369,mul,368,4,17,9.0,0,9.0,256,Vector,370,False,0,178,,-369
370,add,369,5,18,9.0,0,9.0,256,Vector,371,False,0,179,,-370
371,store,370,27,19,9.0,0,9.0,256,Vector,,False,0,,27,-371
372,mul,355,367,16,9.0,1,9.0,256,Vector,373,False,0,180,,-372
373,mul,372,6,17,9.0,1,9.0,256,Vector,374,False,0,181,,-373
374,add,373,7,18,9.0,1,9.0,256,Vector,375,False,0,182,,-374
375,store,374,28,19,9.0,1,9.0,256,Vector,,False,0,,28,-375
376,mul,358,367,16,9.0,2,9.0,256,Vector,377,False,0,183,,-376
377,mul,376,8,17,9.0,2,9.0,256,Vector,378,False,0,184,,-377
378,add,377,9,18,9.0,2,9.0,256,Vector,379,False,0,185,,-378
379,store,378,29,19,9.0,2,9.0,256,Vector,,False,0,,29,-379
380,load,36,,1,10.0,0,10.0,256,Vector,"381, 389",True,0,186,36,-380
381,reduce_sum,380,,2,10.0,0,10.0,1,Scalar,386,False,0,160,,-381
382,load,37,,1,10.0,1,10.0,256,Vector,"383, 392",True,0,187,37,-382
383,reduce_sum,382,,2,10.0,1,10.0,1,Scalar,386,False,0,161,,-383
384,load,38,,1,10.0,2,10.0,256,Vector,"385, 395",True,0,188,38,-384
385,reduce_sum,384,,2,10.0,2,10.0,1,Scalar,387,False,0,162,,-385
386,add,381,383,3,,,10.0,1,Scalar,387,False,0,163,,-386
387,add,386,385,4,,,10.0,1,Scalar,388,False,0,164,,-387
388,mul,387,3,5,10.0,,10.0,1,Scalar,"389, 392, 395",False,0,165,,-388
389,sub,380,388,6,10.0,0,10.0,256,Vector,"390, 405",False,0,189,,-389
390,square_fp16_fp16_bf16,389,,7,10.0,0,10.0,256,Vector,391,False,0,190,,-390
391,reduce_sum_bf16,390,,8,10.0,0,10.0,1,Scalar,398,False,0,166,,-391
392,sub,382,388,6,10.0,1,10.0,256,Vector,"393, 409",False,0,191,,-392
393,square_fp16_fp16_bf16,392,,7,10.0,1,10.0,256,Vector,394,False,0,192,,-393
394,reduce_sum_bf16,393,,8,10.0,1,10.0,1,Scalar,398,False,0,167,,-394
395,sub,384,388,6,10.0,2,10.0,256,Vector,"396, 413",False,0,193,,-395
396,square_fp16_fp16_bf16,395,,7,10.0,2,10.0,256,Vector,397,False,0,194,,-396
397,reduce_sum_bf16,396,,8,10.0,2,10.0,1,Scalar,399,False,0,168,,-397
398,add_bf16,391,394,9,,,10.0,1,Scalar,399,False,0,169,,-398
399,add_bf16,398,397,10,,,10.0,1,Scalar,400,False,0,170,,-399
400,mul_bf16_fp16_fp16,399,3,11,10.0,,10.0,1,Scalar,401,False,0,171,,-400
401,add,400,1,12,10.0,,10.0,1,Scalar,402,False,0,172,,-401
402,sqrt,401,,13,10.0,,10.0,1,Scalar,403,False,0,173,,-402
403,mul,402,2,14,10.0,,10.0,1,Scalar,404,False,1,174,,-403
404,inv,403,,15,10.0,,10.0,1,Scalar,"405, 409, 413",False,0,175,,-404
405,mul,389,404,16,10.0,0,10.0,256,Vector,406,False,0,195,,-405
406,mul,405,4,17,10.0,0,10.0,256,Vector,407,False,0,196,,-406
407,add,406,5,18,10.0,0,10.0,256,Vector,408,False,0,197,,-407
408,store,407,30,19,10.0,0,10.0,256,Vector,,False,0,,30,-408
409,mul,392,404,16,10.0,1,10.0,256,Vector,410,False,0,198,,-409
410,mul,409,6,17,10.0,1,10.0,256,Vector,411,False,0,199,,-410
411,add,410,7,18,10.0,1,10.0,256,Vector,412,False,0,200,,-411
412,store,411,31,19,10.0,1,10.0,256,Vector,,False,0,,31,-412
413,mul,395,404,16,10.0,2,10.0,256,Vector,414,False,0,201,,-413
414,mul,413,8,17,10.0,2,10.0,256,Vector,415,False,0,202,,-414
415,add,414,9,18,10.0,2,10.0,256,Vector,416,False,0,203,,-415
416,store,415,32,19,10.0,2,10.0,256,Vector,,False,0,,32,-416
417,load,39,,1,11.0,0,11.0,256,Vector,"418, 426",True,0,204,39,-417
418,reduce_sum,417,,2,11.0,0,11.0,1,Scalar,423,False,0,176,,-418
419,load,40,,1,11.0,1,11.0,256,Vector,"420, 429",True,0,205,40,-419
420,reduce_sum,419,,2,11.0,1,11.0,1,Scalar,423,False,0,177,,-420
421,load,41,,1,11.0,2,11.0,256,Vector,"422, 432",True,0,206,41,-421
422,reduce_sum,421,,2,11.0,2,11.0,1,Scalar,424,False,0,178,,-422
423,add,418,420,3,,,11.0,1,Scalar,424,False,0,179,,-423
424,add,423,422,4,,,11.0,1,Scalar,425,False,0,180,,-424
425,mul,424,3,5,11.0,,11.0,1,Scalar,"426, 429, 432",False,0,181,,-425
426,sub,417,425,6,11.0,0,11.0,256,Vector,"427, 442",False,0,207,,-426
427,square_fp16_fp16_bf16,426,,7,11.0,0,11.0,256,Vector,428,False,0,208,,-427
428,reduce_sum_bf16,427,,8,11.0,0,11.0,1,Scalar,435,False,0,182,,-428
429,sub,419,425,6,11.0,1,11.0,256,Vector,"430, 446",False,0,209,,-429
430,square_fp16_fp16_bf16,429,,7,11.0,1,11.0,256,Vector,431,False,0,210,,-430
431,reduce_sum_bf16,430,,8,11.0,1,11.0,1,Scalar,435,False,0,183,,-431
432,sub,421,425,6,11.0,2,11.0,256,Vector,"433, 450",False,0,211,,-432
433,square_fp16_fp16_bf16,432,,7,11.0,2,11.0,256,Vector,434,False,0,212,,-433
434,reduce_sum_bf16,433,,8,11.0,2,11.0,1,Scalar,436,False,0,184,,-434
435,add_bf16,428,431,9,,,11.0,1,Scalar,436,False,0,185,,-435
436,add_bf16,435,434,10,,,11.0,1,Scalar,437,False,0,186,,-436
437,mul_bf16_fp16_fp16,436,3,11,11.0,,11.0,1,Scalar,438,False,0,187,,-437
438,add,437,1,12,11.0,,11.0,1,Scalar,439,False,0,188,,-438
439,sqrt,438,,13,11.0,,11.0,1,Scalar,440,False,0,189,,-439
440,mul,439,2,14,11.0,,11.0,1,Scalar,441,False,1,190,,-440
441,inv,440,,15,11.0,,11.0,1,Scalar,"442, 446, 450",False,0,191,,-441
442,mul,426,441,16,11.0,0,11.0,256,Vector,443,False,0,213,,-442
443,mul,442,4,17,11.0,0,11.0,256,Vector,444,False,0,214,,-443
444,add,443,5,18,11.0,0,11.0,256,Vector,445,False,0,215,,-444
445,store,444,33,19,11.0,0,11.0,256,Vector,,False,0,,33,-445
446,mul,429,441,16,11.0,1,11.0,256,Vector,447,False,0,216,,-446
447,mul,446,6,17,11.0,1,11.0,256,Vector,448,False,0,217,,-447
448,add,447,7,18,11.0,1,11.0,256,Vector,449,False,0,218,,-448
449,store,448,34,19,11.0,1,11.0,256,Vector,,False,0,,34,-449
450,mul,432,441,16,11.0,2,11.0,256,Vector,451,False,0,219,,-450
451,mul,450,8,17,11.0,2,11.0,256,Vector,452,False,0,220,,-451
452,add,451,9,18,11.0,2,11.0,256,Vector,453,False,0,221,,-452
453,store,452,35,19,11.0,2,11.0,256,Vector,,False,0,,35,-453
454,load,42,,1,12.0,0,12.0,256,Vector,"455, 463",True,0,222,42,-454
455,reduce_sum,454,,2,12.0,0,12.0,1,Scalar,460,False,0,192,,-455
456,load,43,,1,12.0,1,12.0,256,Vector,"457, 466",True,0,223,43,-456
457,reduce_sum,456,,2,12.0,1,12.0,1,Scalar,460,False,0,193,,-457
458,load,44,,1,12.0,2,12.0,256,Vector,"459, 469",True,0,224,44,-458
459,reduce_sum,458,,2,12.0,2,12.0,1,Scalar,461,False,0,194,,-459
460,add,455,457,3,,,12.0,1,Scalar,461,False,0,195,,-460
461,add,460,459,4,,,12.0,1,Scalar,462,False,0,196,,-461
462,mul,461,3,5,12.0,,12.0,1,Scalar,"463, 466, 469",False,0,197,,-462
463,sub,454,462,6,12.0,0,12.0,256,Vector,"464, 479",False,0,225,,-463
464,square_fp16_fp16_bf16,463,,7,12.0,0,12.0,256,Vector,465,False,0,226,,-464
465,reduce_sum_bf16,464,,8,12.0,0,12.0,1,Scalar,472,False,0,198,,-465
466,sub,456,462,6,12.0,1,12.0,256,Vector,"467, 483",False,0,227,,-466
467,square_fp16_fp16_bf16,466,,7,12.0,1,12.0,256,Vector,468,False,0,228,,-467
468,reduce_sum_bf16,467,,8,12.0,1,12.0,1,Scalar,472,False,0,199,,-468
469,sub,458,462,6,12.0,2,12.0,256,Vector,"470, 487",False,0,229,,-469
470,square_fp16_fp16_bf16,469,,7,12.0,2,12.0,256,Vector,471,False,0,230,,-470
471,reduce_sum_bf16,470,,8,12.0,2,12.0,1,Scalar,473,False,0,200,,-471
472,add_bf16,465,468,9,,,12.0,1,Scalar,473,False,0,201,,-472
473,add_bf16,472,471,10,,,12.0,1,Scalar,474,False,0,202,,-473
474,mul_bf16_fp16_fp16,473,3,11,12.0,,12.0,1,Scalar,475,False,0,203,,-474
475,add,474,1,12,12.0,,12.0,1,Scalar,476,False,0,204,,-475
476,sqrt,475,,13,12.0,,12.0,1,Scalar,477,False,0,205,,-476
477,mul,476,2,14,12.0,,12.0,1,Scalar,478,False,1,206,,-477
478,inv,477,,15,12.0,,12.0,1,Scalar,"479, 483, 487",False,0,207,,-478
479,mul,463,478,16,12.0,0,12.0,256,Vector,480,False,0,231,,-479
480,mul,479,4,17,12.0,0,12.0,256,Vector,481,False,0,232,,-480
481,add,480,5,18,12.0,0,12.0,256,Vector,482,False,0,233,,-481
482,store,481,36,19,12.0,0,12.0,256,Vector,,False,0,,36,-482
483,mul,466,478,16,12.0,1,12.0,256,Vector,484,False,0,234,,-483
484,mul,483,6,17,12.0,1,12.0,256,Vector,485,False,0,235,,-484
485,add,484,7,18,12.0,1,12.0,256,Vector,486,False,0,236,,-485
486,store,485,37,19,12.0,1,12.0,256,Vector,,False,0,,37,-486
487,mul,469,478,16,12.0,2,12.0,256,Vector,488,False,0,237,,-487
488,mul,487,8,17,12.0,2,12.0,256,Vector,489,False,0,238,,-488
489,add,488,9,18,12.0,2,12.0,256,Vector,490,False,0,239,,-489
490,store,489,38,19,12.0,2,12.0,256,Vector,,False,0,,38,-490
491,load,45,,1,13.0,0,13.0,256,Vector,"492, 500",True,0,240,45,-491
492,reduce_sum,491,,2,13.0,0,13.0,1,Scalar,497,False,0,208,,-492
493,load,46,,1,13.0,1,13.0,256,Vector,"494, 503",True,0,241,46,-493
494,reduce_sum,493,,2,13.0,1,13.0,1,Scalar,497,False,0,209,,-494
495,load,47,,1,13.0,2,13.0,256,Vector,"496, 506",True,0,242,47,-495
496,reduce_sum,495,,2,13.0,2,13.0,1,Scalar,498,False,0,210,,-496
497,add,492,494,3,,,13.0,1,Scalar,498,False,0,211,,-497
498,add,497,496,4,,,13.0,1,Scalar,499,False,0,212,,-498
499,mul,498,3,5,13.0,,13.0,1,Scalar,"500, 503, 506",False,0,213,,-499
500,sub,491,499,6,13.0,0,13.0,256,Vector,"501, 516",False,0,243,,-500
501,square_fp16_fp16_bf16,500,,7,13.0,0,13.0,256,Vector,502,False,0,244,,-501
502,reduce_sum_bf16,501,,8,13.0,0,13.0,1,Scalar,509,False,0,214,,-502
503,sub,493,499,6,13.0,1,13.0,256,Vector,"504, 520",False,0,245,,-503
504,square_fp16_fp16_bf16,503,,7,13.0,1,13.0,256,Vector,505,False,0,246,,-504
505,reduce_sum_bf16,504,,8,13.0,1,13.0,1,Scalar,509,False,0,215,,-505
506,sub,495,499,6,13.0,2,13.0,256,Vector,"507, 524",False,0,247,,-506
507,square_fp16_fp16_bf16,506,,7,13.0,2,13.0,256,Vector,508,False,0,248,,-507
508,reduce_sum_bf16,507,,8,13.0,2,13.0,1,Scalar,510,False,0,216,,-508
509,add_bf16,502,505,9,,,13.0,1,Scalar,510,False,0,217,,-509
510,add_bf16,509,508,10,,,13.0,1,Scalar,511,False,0,218,,-510
511,mul_bf16_fp16_fp16,510,3,11,13.0,,13.0,1,Scalar,512,False,0,219,,-511
512,add,511,1,12,13.0,,13.0,1,Scalar,513,False,0,220,,-512
513,sqrt,512,,13,13.0,,13.0,1,Scalar,514,False,0,221,,-513
514,mul,513,2,14,13.0,,13.0,1,Scalar,515,False,1,222,,-514
515,inv,514,,15,13.0,,13.0,1,Scalar,"516, 520, 524",False,0,223,,-515
516,mul,500,515,16,13.0,0,13.0,256,Vector,517,False,0,249,,-516
517,mul,516,4,17,13.0,0,13.0,256,Vector,518,False,0,250,,-517
518,add,517,5,18,13.0,0,13.0,256,Vector,519,False,0,251,,-518
519,store,518,39,19,13.0,0,13.0,256,Vector,,False,0,,39,-519
520,mul,503,515,16,13.0,1,13.0,256,Vector,521,False,0,252,,-520
521,mul,520,6,17,13.0,1,13.0,256,Vector,522,False,0,253,,-521
522,add,521,7,18,13.0,1,13.0,256,Vector,523,False,0,254,,-522
523,store,522,40,19,13.0,1,13.0,256,Vector,,False,0,,40,-523
524,mul,506,515,16,13.0,2,13.0,256,Vector,525,False,0,255,,-524
525,mul,524,8,17,13.0,2,13.0,256,Vector,526,False,0,6,,-525
526,add,525,9,18,13.0,2,13.0,256,Vector,527,False,0,7,,-526
527,store,526,41,19,13.0,2,13.0,256,Vector,,False,0,,41,-527
528,load,48,,1,14.0,0,14.0,256,Vector,"529, 537",True,0,8,48,-528
529,reduce_sum,528,,2,14.0,0,14.0,1,Scalar,534,False,0,224,,-529
530,load,49,,1,14.0,1,14.0,256,Vector,"531, 540",True,0,9,49,-530
531,reduce_sum,530,,2,14.0,1,14.0,1,Scalar,534,False,0,225,,-531
532,load,50,,1,14.0,2,14.0,256,Vector,"533, 543",True,0,10,50,-532
533,reduce_sum,532,,2,14.0,2,14.0,1,Scalar,535,False,0,226,,-533
534,add,529,531,3,,,14.0,1,Scalar,535,False,0,227,,-534
535,add,534,533,4,,,14.0,1,Scalar,536,False,0,228,,-535
536,mul,535,3,5,14.0,,14.0,1,Scalar,"537, 540, 543",False,0,229,,-536
537,sub,528,536,6,14.0,0,14.0,256,Vector,"538, 553",False,0,11,,-537
538,square_fp16_fp16_bf16,537,,7,14.0,0,14.0,256,Vector,539,False,0,12,,-538
539,reduce_sum_bf16,538,,8,14.0,0,14.0,1,Scalar,546,False,0,230,,-539
540,sub,530,536,6,14.0,1,14.0,256,Vector,"541, 557",False,0,13,,-540
541,square_fp16_fp16_bf16,540,,7,14.0,1,14.0,256,Vector,542,False,0,14,,-541
542,reduce_sum_bf16,541,,8,14.0,1,14.0,1,Scalar,546,False,0,231,,-542
543,sub,532,536,6,14.0,2,14.0,256,Vector,"544, 561",False,0,15,,-543
544,square_fp16_fp16_bf16,543,,7,14.0,2,14.0,256,Vector,545,False,0,16,,-544
545,reduce_sum_bf16,544,,8,14.0,2,14.0,1,Scalar,547,False,0,232,,-545
546,add_bf16,539,542,9,,,14.0,1,Scalar,547,False,0,233,,-546
547,add_bf16,546,545,10,,,14.0,1,Scalar,548,False,0,234,,-547
548,mul_bf16_fp16_fp16,547,3,11,14.0,,14.0,1,Scalar,549,False,0,235,,-548
549,add,548,1,12,14.0,,14.0,1,Scalar,550,False,0,236,,-549
550,sqrt,549,,13,14.0,,14.0,1,Scalar,551,False,0,237,,-550
551,mul,550,2,14,14.0,,14.0,1,Scalar,552,False,1,238,,-551
552,inv,551,,15,14.0,,14.0,1,Scalar,"553, 557, 561",False,0,239,,-552
553,mul,537,552,16,14.0,0,14.0,256,Vector,554,False,0,17,,-553
554,mul,553,4,17,14.0,0,14.0,256,Vector,555,False,0,18,,-554
555,add,554,5,18,14.0,0,14.0,256,Vector,556,False,0,19,,-555
556,store,555,42,19,14.0,0,14.0,256,Vector,,False,0,,42,-556
557,mul,540,552,16,14.0,1,14.0,256,Vector,558,False,0,20,,-557
558,mul,557,6,17,14.0,1,14.0,256,Vector,559,False,0,21,,-558
559,add,558,7,18,14.0,1,14.0,256,Vector,560,False,0,22,,-559
560,store,559,43,19,14.0,1,14.0,256,Vector,,False,0,,43,-560
561,mul,543,552,16,14.0,2,14.0,256,Vector,562,False,0,23,,-561
562,mul,561,8,17,14.0,2,14.0,256,Vector,563,False,0,24,,-562
563,add,562,9,18,14.0,2,14.0,256,Vector,564,False,0,25,,-563
564,store,563,44,19,14.0,2,14.0,256,Vector,,False,0,,44,-564
565,load,51,,1,15.0,0,15.0,256,Vector,"566, 574",True,0,26,51,-565
566,reduce_sum,565,,2,15.0,0,15.0,1,Scalar,571,False,0,240,,-566
567,load,52,,1,15.0,1,15.0,256,Vector,"568, 577",True,0,27,52,-567
568,reduce_sum,567,,2,15.0,1,15.0,1,Scalar,571,False,0,241,,-568
569,load,53,,1,15.0,2,15.0,256,Vector,"570, 580",True,0,28,53,-569
570,reduce_sum,569,,2,15.0,2,15.0,1,Scalar,572,False,0,242,,-570
571,add,566,568,3,,,15.0,1,Scalar,572,False,0,243,,-571
572,add,571,570,4,,,15.0,1,Scalar,573,False,0,244,,-572
573,mul,572,3,5,15.0,,15.0,1,Scalar,"574, 577, 580",False,0,245,,-573
574,sub,565,573,6,15.0,0,15.0,256,Vector,"575, 590",False,0,29,,-574
575,square_fp16_fp16_bf16,574,,7,15.0,0,15.0,256,Vector,576,False,0,30,,-575
576,reduce_sum_bf16,575,,8,15.0,0,15.0,1,Scalar,583,False,0,246,,-576
577,sub,567,573,6,15.0,1,15.0,256,Vector,"578, 594",False,0,31,,-577
578,square_fp16_fp16_bf16,577,,7,15.0,1,15.0,256,Vector,579,False,0,32,,-578
579,reduce_sum_bf16,578,,8,15.0,1,15.0,1,Scalar,583,False,0,247,,-579
580,sub,569,573,6,15.0,2,15.0,256,Vector,"581, 598",False,0,33,,-580
581,square_fp16_fp16_bf16,580,,7,15.0,2,15.0,256,Vector,582,False,0,34,,-581
582,reduce_sum_bf16,581,,8,15.0,2,15.0,1,Scalar,584,False,0,248,,-582
583,add_bf16,576,579,9,,,15.0,1,Scalar,584,False,0,249,,-583
584,add_bf16,583,582,10,,,15.0,1,Scalar,585,False,0,250,,-584
585,mul_bf16_fp16_fp16,584,3,11,15.0,,15.0,1,Scalar,586,False,0,251,,-585
586,add,585,1,12,15.0,,15.0,1,Scalar,587,False,0,252,,-586
587,sqrt,586,,13,15.0,,15.0,1,Scalar,588,False,0,253,,-587
588,mul,587,2,14,15.0,,15.0,1,Scalar,589,False,1,254,,-588
589,inv,588,,15,15.0,,15.0,1,Scalar,"590, 594, 598",False,0,255,,-589
590,mul,574,589,16,15.0,0,15.0,256,Vector,591,False,0,35,,-590
591,mul,590,4,17,15.0,0,15.0,256,Vector,592,False,0,36,,-591
592,add,591,5,18,15.0,0,15.0,256,Vector,593,False,0,37,,-592
593,store,592,45,19,15.0,0,15.0,256,Vector,,False,0,,45,-593
594,mul,577,589,16,15.0,1,15.0,256,Vector,595,False,0,38,,-594
595,mul,594,6,17,15.0,1,15.0,256,Vector,596,False,0,39,,-595
596,add,595,7,18,15.0,1,15.0,256,Vector,597,False,0,40,,-596
597,store,596,46,19,15.0,1,15.0,256,Vector,,False,0,,46,-597
598,mul,580,589,16,15.0,2,15.0,256,Vector,599,False,0,41,,-598
599,mul,598,8,17,15.0,2,15.0,256,Vector,600,False,0,42,,-599
600,add,599,9,18,15.0,2,15.0,256,Vector,601,False,0,43,,-600
601,store,600,47,19,15.0,2,15.0,256,Vector,,False,0,,47,-601
602,load,54,,1,16.0,0,16.0,256,Vector,"603, 611",True,0,44,54,-602
603,reduce_sum,602,,2,16.0,0,16.0,1,Scalar,608,False,0,0,,-603
604,load,55,,1,16.0,1,16.0,256,Vector,"605, 614",True,0,45,55,-604
605,reduce_sum,604,,2,16.0,1,16.0,1,Scalar,608,False,0,1,,-605
606,load,56,,1,16.0,2,16.0,256,Vector,"607, 617",True,0,46,56,-606
607,reduce_sum,606,,2,16.0,2,16.0,1,Scalar,609,False,0,2,,-607
608,add,603,605,3,,,16.0,1,Scalar,609,False,0,3,,-608
609,add,608,607,4,,,16.0,1,Scalar,610,False,0,4,,-609
610,mul,609,3,5,16.0,,16.0,1,Scalar,"611, 614, 617",False,0,5,,-610
611,sub,602,610,6,16.0,0,16.0,256,Vector,"612, 627",False,0,47,,-611
612,square_fp16_fp16_bf16,611,,7,16.0,0,16.0,256,Vector,613,False,0,48,,-612
613,reduce_sum_bf16,612,,8,16.0,0,16.0,1,Scalar,620,False,0,6,,-613
614,sub,604,610,6,16.0,1,16.0,256,Vector,"615, 631",False,0,49,,-614
615,square_fp16_fp16_bf16,614,,7,16.0,1,16.0,256,Vector,616,False,0,50,,-615
616,reduce_sum_bf16,615,,8,16.0,1,16.0,1,Scalar,620,False,0,7,,-616
617,sub,606,610,6,16.0,2,16.0,256,Vector,"618, 635",False,0,51,,-617
618,square_fp16_fp16_bf16,617,,7,16.0,2,16.0,256,Vector,619,False,0,52,,-618
619,reduce_sum_bf16,618,,8,16.0,2,16.0,1,Scalar,621,False,0,8,,-619
620,add_bf16,613,616,9,,,16.0,1,Scalar,621,False,0,9,,-620
621,add_bf16,620,619,10,,,16.0,1,Scalar,622,False,0,10,,-621
622,mul_bf16_fp16_fp16,621,3,11,16.0,,16.0,1,Scalar,623,False,0,11,,-622
623,add,622,1,12,16.0,,16.0,1,Scalar,624,False,0,12,,-623
624,sqrt,623,,13,16.0,,16.0,1,Scalar,625,False,0,13,,-624
625,mul,624,2,14,16.0,,16.0,1,Scalar,626,False,1,14,,-625
626,inv,625,,15,16.0,,16.0,1,Scalar,"627, 631, 635",False,0,15,,-626
627,mul,611,626,16,16.0,0,16.0,256,Vector,628,False,0,53,,-627
628,mul,627,4,17,16.0,0,16.0,256,Vector,629,False,0,54,,-628
629,add,628,5,18,16.0,0,16.0,256,Vector,630,False,0,55,,-629
630,store,629,48,19,16.0,0,16.0,256,Vector,,False,0,,48,-630
631,mul,614,626,16,16.0,1,16.0,256,Vector,632,False,0,56,,-631
632,mul,631,6,17,16.0,1,16.0,256,Vector,633,False,0,57,,-632
633,add,632,7,18,16.0,1,16.0,256,Vector,634,False,0,58,,-633
634,store,633,49,19,16.0,1,16.0,256,Vector,,False,0,,49,-634
635,mul,617,626,16,16.0,2,16.0,256,Vector,636,False,0,59,,-635
636,mul,635,8,17,16.0,2,16.0,256,Vector,637,False,0,60,,-636
637,add,636,9,18,16.0,2,16.0,256,Vector,638,False,0,61,,-637
638,store,637,50,19,16.0,2,16.0,256,Vector,,False,0,,50,-638
639,load,57,,1,17.0,0,17.0,256,Vector,"640, 648",True,0,62,57,-639
640,reduce_sum,639,,2,17.0,0,17.0,1,Scalar,645,False,0,16,,-640
641,load,58,,1,17.0,1,17.0,256,Vector,"642, 651",True,0,63,58,-641
642,reduce_sum,641,,2,17.0,1,17.0,1,Scalar,645,False,0,17,,-642
643,load,59,,1,17.0,2,17.0,256,Vector,"644, 654",True,0,64,59,-643
644,reduce_sum,643,,2,17.0,2,17.0,1,Scalar,646,False,0,18,,-644
645,add,640,642,3,,,17.0,1,Scalar,646,False,0,19,,-645
646,add,645,644,4,,,17.0,1,Scalar,647,False,0,20,,-646
647,mul,646,3,5,17.0,,17.0,1,Scalar,"648, 651, 654",False,0,21,,-647
648,sub,639,647,6,17.0,0,17.0,256,Vector,"649, 664",False,0,65,,-648
649,square_fp16_fp16_bf16,648,,7,17.0,0,17.0,256,Vector,650,False,0,66,,-649
650,reduce_sum_bf16,649,,8,17.0,0,17.0,1,Scalar,657,False,0,22,,-650
651,sub,641,647,6,17.0,1,17.0,256,Vector,"652, 668",False,0,67,,-651
652,square_fp16_fp16_bf16,651,,7,17.0,1,17.0,256,Vector,653,False,0,68,,-652
653,reduce_sum_bf16,652,,8,17.0,1,17.0,1,Scalar,657,False,0,23,,-653
654,sub,643,647,6,17.0,2,17.0,256,Vector,"655, 672",False,0,69,,-654
655,square_fp16_fp16_bf16,654,,7,17.0,2,17.0,256,Vector,656,False,0,70,,-655
656,reduce_sum_bf16,655,,8,17.0,2,17.0,1,Scalar,658,False,0,24,,-656
657,add_bf16,650,653,9,,,17.0,1,Scalar,658,False,0,25,,-657
658,add_bf16,657,656,10,,,17.0,1,Scalar,659,False,0,26,,-658
659,mul_bf16_fp16_fp16,658,3,11,17.0,,17.0,1,Scalar,660,False,0,27,,-659
660,add,659,1,12,17.0,,17.0,1,Scalar,661,False,0,28,,-660
661,sqrt,660,,13,17.0,,17.0,1,Scalar,662,False,0,29,,-661
662,mul,661,2,14,17.0,,17.0,1,Scalar,663,False,1,30,,-662
663,inv,662,,15,17.0,,17.0,1,Scalar,"664, 668, 672",False,0,31,,-663
664,mul,648,663,16,17.0,0,17.0,256,Vector,665,False,0,71,,-664
665,mul,664,4,17,17.0,0,17.0,256,Vector,666,False,0,72,,-665
666,add,665,5,18,17.0,0,17.0,256,Vector,667,False,0,73,,-666
667,store,666,51,19,17.0,0,17.0,256,Vector,,False,0,,51,-667
668,mul,651,663,16,17.0,1,17.0,256,Vector,669,False,0,74,,-668
669,mul,668,6,17,17.0,1,17.0,256,Vector,670,False,0,75,,-669
670,add,669,7,18,17.0,1,17.0,256,Vector,671,False,0,76,,-670
671,store,670,52,19,17.0,1,17.0,256,Vector,,False,0,,52,-671
672,mul,654,663,16,17.0,2,17.0,256,Vector,673,False,0,77,,-672
673,mul,672,8,17,17.0,2,17.0,256,Vector,674,False,0,78,,-673
674,add,673,9,18,17.0,2,17.0,256,Vector,675,False,0,79,,-674
675,store,674,53,19,17.0,2,17.0,256,Vector,,False,0,,53,-675
676,load,60,,1,18.0,0,18.0,256,Vector,"677, 685",True,0,80,60,-676
677,reduce_sum,676,,2,18.0,0,18.0,1,Scalar,682,False,0,32,,-677
678,load,61,,1,18.0,1,18.0,256,Vector,"679, 688",True,0,81,61,-678
679,reduce_sum,678,,2,18.0,1,18.0,1,Scalar,682,False,0,33,,-679
680,load,62,,1,18.0,2,18.0,256,Vector,"681, 691",True,0,82,62,-680
681,reduce_sum,680,,2,18.0,2,18.0,1,Scalar,683,False,0,34,,-681
682,add,677,679,3,,,18.0,1,Scalar,683,False,0,35,,-682
683,add,682,681,4,,,18.0,1,Scalar,684,False,0,36,,-683
684,mul,683,3,5,18.0,,18.0,1,Scalar,"685, 688, 691",False,0,37,,-684
685,sub,676,684,6,18.0,0,18.0,256,Vector,"686, 701",False,0,83,,-685
686,square_fp16_fp16_bf16,685,,7,18.0,0,18.0,256,Vector,687,False,0,84,,-686
687,reduce_sum_bf16,686,,8,18.0,0,18.0,1,Scalar,694,False,0,38,,-687
688,sub,678,684,6,18.0,1,18.0,256,Vector,"689, 705",False,0,85,,-688
689,square_fp16_fp16_bf16,688,,7,18.0,1,18.0,256,Vector,690,False,0,86,,-689
690,reduce_sum_bf16,689,,8,18.0,1,18.0,1,Scalar,694,False,0,39,,-690
691,sub,680,684,6,18.0,2,18.0,256,Vector,"692, 709",False,0,87,,-691
692,square_fp16_fp16_bf16,691,,7,18.0,2,18.0,256,Vector,693,False,0,88,,-692
693,reduce_sum_bf16,692,,8,18.0,2,18.0,1,Scalar,695,False,0,40,,-693
694,add_bf16,687,690,9,,,18.0,1,Scalar,695,False,0,41,,-694
695,add_bf16,694,693,10,,,18.0,1,Scalar,696,False,0,42,,-695
696,mul_bf16_fp16_fp16,695,3,11,18.0,,18.0,1,Scalar,697,False,0,43,,-696
697,add,696,1,12,18.0,,18.0,1,Scalar,698,False,0,44,,-697
698,sqrt,697,,13,18.0,,18.0,1,Scalar,699,False,0,45,,-698
699,mul,698,2,14,18.0,,18.0,1,Scalar,700,False,1,46,,-699
700,inv,699,,15,18.0,,18.0,1,Scalar,"701, 705, 709",False,0,47,,-700
701,mul,685,700,16,18.0,0,18.0,256,Vector,702,False,0,89,,-701
702,mul,701,4,17,18.0,0,18.0,256,Vector,703,False,0,90,,-702
703,add,702,5,18,18.0,0,18.0,256,Vector,704,False,0,91,,-703
704,store,703,54,19,18.0,0,18.0,256,Vector,,False,0,,54,-704
705,mul,688,700,16,18.0,1,18.0,256,Vector,706,False,0,92,,-705
706,mul,705,6,17,18.0,1,18.0,256,Vector,707,False,0,93,,-706
707,add,706,7,18,18.0,1,18.0,256,Vector,708,False,0,94,,-707
708,store,707,55,19,18.0,1,18.0,256,Vector,,False,0,,55,-708
709,mul,691,700,16,18.0,2,18.0,256,Vector,710,False,0,95,,-709
710,mul,709,8,17,18.0,2,18.0,256,Vector,711,False,0,96,,-710
711,add,710,9,18,18.0,2,18.0,256,Vector,712,False,0,97,,-711
712,store,711,56,19,18.0,2,18.0,256,Vector,,False,0,,56,-712
713,load,63,,1,19.0,0,19.0,256,Vector,"714, 722",True,0,98,63,-713
714,reduce_sum,713,,2,19.0,0,19.0,1,Scalar,719,False,0,48,,-714
715,load,64,,1,19.0,1,19.0,256,Vector,"716, 725",True,0,99,64,-715
716,reduce_sum,715,,2,19.0,1,19.0,1,Scalar,719,False,0,49,,-716
717,load,65,,1,19.0,2,19.0,256,Vector,"718, 728",True,0,100,65,-717
718,reduce_sum,717,,2,19.0,2,19.0,1,Scalar,720,False,0,50,,-718
719,add,714,716,3,,,19.0,1,Scalar,720,False,0,51,,-719
720,add,719,718,4,,,19.0,1,Scalar,721,False,0,52,,-720
721,mul,720,3,5,19.0,,19.0,1,Scalar,"722, 725, 728",False,0,53,,-721
722,sub,713,721,6,19.0,0,19.0,256,Vector,"723, 738",False,0,101,,-722
723,square_fp16_fp16_bf16,722,,7,19.0,0,19.0,256,Vector,724,False,0,102,,-723
724,reduce_sum_bf16,723,,8,19.0,0,19.0,1,Scalar,731,False,0,54,,-724
725,sub,715,721,6,19.0,1,19.0,256,Vector,"726, 742",False,0,103,,-725
726,square_fp16_fp16_bf16,725,,7,19.0,1,19.0,256,Vector,727,False,0,104,,-726
727,reduce_sum_bf16,726,,8,19.0,1,19.0,1,Scalar,731,False,0,55,,-727
728,sub,717,721,6,19.0,2,19.0,256,Vector,"729, 746",False,0,105,,-728
729,square_fp16_fp16_bf16,728,,7,19.0,2,19.0,256,Vector,730,False,0,106,,-729
730,reduce_sum_bf16,729,,8,19.0,2,19.0,1,Scalar,732,False,0,56,,-730
731,add_bf16,724,727,9,,,19.0,1,Scalar,732,False,0,57,,-731
732,add_bf16,731,730,10,,,19.0,1,Scalar,733,False,0,58,,-732
733,mul_bf16_fp16_fp16,732,3,11,19.0,,19.0,1,Scalar,734,False,0,59,,-733
734,add,733,1,12,19.0,,19.0,1,Scalar,735,False,0,60,,-734
735,sqrt,734,,13,19.0,,19.0,1,Scalar,736,False,0,61,,-735
736,mul,735,2,14,19.0,,19.0,1,Scalar,737,False,1,62,,-736
737,inv,736,,15,19.0,,19.0,1,Scalar,"738, 742, 746",False,0,63,,-737
738,mul,722,737,16,19.0,0,19.0,256,Vector,739,False,0,107,,-738
739,mul,738,4,17,19.0,0,19.0,256,Vector,740,False,0,108,,-739
740,add,739,5,18,19.0,0,19.0,256,Vector,741,False,0,109,,-740
741,store,740,57,19,19.0,0,19.0,256,Vector,,False,0,,57,-741
742,mul,725,737,16,19.0,1,19.0,256,Vector,743,False,0,110,,-742
743,mul,742,6,17,19.0,1,19.0,256,Vector,744,False,0,111,,-743
744,add,743,7,18,19.0,1,19.0,256,Vector,745,False,0,112,,-744
745,store,744,58,19,19.0,1,19.0,256,Vector,,False,0,,58,-745
746,mul,728,737,16,19.0,2,19.0,256,Vector,747,False,0,113,,-746
747,mul,746,8,17,19.0,2,19.0,256,Vector,748,False,0,114,,-747
748,add,747,9,18,19.0,2,19.0,256,Vector,749,False,0,115,,-748
749,store,748,59,19,19.0,2,19.0,256,Vector,,False,0,,59,-749
750,load,66,,1,20.0,0,20.0,256,Vector,"751, 759",True,0,116,66,-750
751,reduce_sum,750,,2,20.0,0,20.0,1,Scalar,756,False,0,64,,-751
752,load,67,,1,20.0,1,20.0,256,Vector,"753, 762",True,0,117,67,-752
753,reduce_sum,752,,2,20.0,1,20.0,1,Scalar,756,False,0,65,,-753
754,load,68,,1,20.0,2,20.0,256,Vector,"755, 765",True,0,118,68,-754
755,reduce_sum,754,,2,20.0,2,20.0,1,Scalar,757,False,0,66,,-755
756,add,751,753,3,,,20.0,1,Scalar,757,False,0,67,,-756
757,add,756,755,4,,,20.0,1,Scalar,758,False,0,68,,-757
758,mul,757,3,5,20.0,,20.0,1,Scalar,"759, 762, 765",False,0,69,,-758
759,sub,750,758,6,20.0,0,20.0,256,Vector,"760, 775",False,0,119,,-759
760,square_fp16_fp16_bf16,759,,7,20.0,0,20.0,256,Vector,761,False,0,120,,-760
761,reduce_sum_bf16,760,,8,20.0,0,20.0,1,Scalar,768,False,0,70,,-761
762,sub,752,758,6,20.0,1,20.0,256,Vector,"763, 779",False,0,121,,-762
763,square_fp16_fp16_bf16,762,,7,20.0,1,20.0,256,Vector,764,False,0,122,,-763
764,reduce_sum_bf16,763,,8,20.0,1,20.0,1,Scalar,768,False,0,71,,-764
765,sub,754,758,6,20.0,2,20.0,256,Vector,"766, 783",False,0,123,,-765
766,square_fp16_fp16_bf16,765,,7,20.0,2,20.0,256,Vector,767,False,0,124,,-766
767,reduce_sum_bf16,766,,8,20.0,2,20.0,1,Scalar,769,False,0,72,,-767
768,add_bf16,761,764,9,,,20.0,1,Scalar,769,False,0,73,,-768
769,add_bf16,768,767,10,,,20.0,1,Scalar,770,False,0,74,,-769
770,mul_bf16_fp16_fp16,769,3,11,20.0,,20.0,1,Scalar,771,False,0,75,,-770
771,add,770,1,12,20.0,,20.0,1,Scalar,772,False,0,76,,-771
772,sqrt,771,,13,20.0,,20.0,1,Scalar,773,False,0,77,,-772
773,mul,772,2,14,20.0,,20.0,1,Scalar,774,False,1,78,,-773
774,inv,773,,15,20.0,,20.0,1,Scalar,"775, 779, 783",False,0,79,,-774
775,mul,759,774,16,20.0,0,20.0,256,Vector,776,False,0,125,,-775
776,mul,775,4,17,20.0,0,20.0,256,Vector,777,False,0,126,,-776
777,add,776,5,18,20.0,0,20.0,256,Vector,778,False,0,127,,-777
778,store,777,60,19,20.0,0,20.0,256,Vector,,False,0,,60,-778
779,mul,762,774,16,20.0,1,20.0,256,Vector,780,False,0,128,,-779
780,mul,779,6,17,20.0,1,20.0,256,Vector,781,False,0,129,,-780
781,add,780,7,18,20.0,1,20.0,256,Vector,782,False,0,130,,-781
782,store,781,61,19,20.0,1,20.0,256,Vector,,False,0,,61,-782
783,mul,765,774,16,20.0,2,20.0,256,Vector,784,False,0,131,,-783
784,mul,783,8,17,20.0,2,20.0,256,Vector,785,False,0,132,,-784
785,add,784,9,18,20.0,2,20.0,256,Vector,786,False,0,133,,-785
786,store,785,62,19,20.0,2,20.0,256,Vector,,False,0,,62,-786
787,load,69,,1,21.0,0,21.0,256,Vector,"788, 796",True,0,134,69,-787
788,reduce_sum,787,,2,21.0,0,21.0,1,Scalar,793,False,0,80,,-788
789,load,70,,1,21.0,1,21.0,256,Vector,"790, 799",True,0,135,70,-789
790,reduce_sum,789,,2,21.0,1,21.0,1,Scalar,793,False,0,81,,-790
791,load,71,,1,21.0,2,21.0,256,Vector,"792, 802",True,0,136,71,-791
792,reduce_sum,791,,2,21.0,2,21.0,1,Scalar,794,False,0,82,,-792
793,add,788,790,3,,,21.0,1,Scalar,794,False,0,83,,-793
794,add,793,792,4,,,21.0,1,Scalar,795,False,0,84,,-794
795,mul,794,3,5,21.0,,21.0,1,Scalar,"796, 799, 802",False,0,85,,-795
796,sub,787,795,6,21.0,0,21.0,256,Vector,"797, 812",False,0,137,,-796
797,square_fp16_fp16_bf16,796,,7,21.0,0,21.0,256,Vector,798,False,0,138,,-797
798,reduce_sum_bf16,797,,8,21.0,0,21.0,1,Scalar,805,False,0,86,,-798
799,sub,789,795,6,21.0,1,21.0,256,Vector,"800, 816",False,0,139,,-799
800,square_fp16_fp16_bf16,799,,7,21.0,1,21.0,256,Vector,801,False,0,140,,-800
801,reduce_sum_bf16,800,,8,21.0,1,21.0,1,Scalar,805,False,0,87,,-801
802,sub,791,795,6,21.0,2,21.0,256,Vector,"803, 820",False,0,141,,-802
803,square_fp16_fp16_bf16,802,,7,21.0,2,21.0,256,Vector,804,False,0,142,,-803
804,reduce_sum_bf16,803,,8,21.0,2,21.0,1,Scalar,806,False,0,88,,-804
805,add_bf16,798,801,9,,,21.0,1,Scalar,806,False,0,89,,-805
806,add_bf16,805,804,10,,,21.0,1,Scalar,807,False,0,90,,-806
807,mul_bf16_fp16_fp16,806,3,11,21.0,,21.0,1,Scalar,808,False,0,91,,-807
808,add,807,1,12,21.0,,21.0,1,Scalar,809,False,0,92,,-808
809,sqrt,808,,13,21.0,,21.0,1,Scalar,810,False,0,93,,-809
810,mul,809,2,14,21.0,,21.0,1,Scalar,811,False,1,94,,-810
811,inv,810,,15,21.0,,21.0,1,Scalar,"812, 816, 820",False,0,95,,-811
812,mul,796,811,16,21.0,0,21.0,256,Vector,813,False,0,143,,-812
813,mul,812,4,17,21.0,0,21.0,256,Vector,814,False,0,144,,-813
814,add,813,5,18,21.0,0,21.0,256,Vector,815,False,0,145,,-814
815,store,814,63,19,21.0,0,21.0,256,Vector,,False,0,,63,-815
816,mul,799,811,16,21.0,1,21.0,256,Vector,817,False,0,146,,-816
817,mul,816,6,17,21.0,1,21.0,256,Vector,818,False,0,147,,-817
818,add,817,7,18,21.0,1,21.0,256,Vector,819,False,0,148,,-818
819,store,818,64,19,21.0,1,21.0,256,Vector,,False,0,,64,-819
820,mul,802,811,16,21.0,2,21.0,256,Vector,821,False,0,149,,-820
821,mul,820,8,17,21.0,2,21.0,256,Vector,822,False,0,150,,-821
822,add,821,9,18,21.0,2,21.0,256,Vector,823,False,0,151,,-822
823,store,822,65,19,21.0,2,21.0,256,Vector,,False,0,,65,-823
824,load,72,,1,22.0,0,22.0,256,Vector,"825, 833",True,0,152,72,-824
825,reduce_sum,824,,2,22.0,0,22.0,1,Scalar,830,False,0,96,,-825
826,load,73,,1,22.0,1,22.0,256,Vector,"827, 836",True,0,153,73,-826
827,reduce_sum,826,,2,22.0,1,22.0,1,Scalar,830,False,0,97,,-827
828,load,74,,1,22.0,2,22.0,256,Vector,"829, 839",True,0,154,74,-828
829,reduce_sum,828,,2,22.0,2,22.0,1,Scalar,831,False,0,98,,-829
830,add,825,827,3,,,22.0,1,Scalar,831,False,0,99,,-830
831,add,830,829,4,,,22.0,1,Scalar,832,False,0,100,,-831
832,mul,831,3,5,22.0,,22.0,1,Scalar,"833, 836, 839",False,0,101,,-832
833,sub,824,832,6,22.0,0,22.0,256,Vector,"834, 849",False,0,155,,-833
834,square_fp16_fp16_bf16,833,,7,22.0,0,22.0,256,Vector,835,False,0,156,,-834
835,reduce_sum_bf16,834,,8,22.0,0,22.0,1,Scalar,842,False,0,102,,-835
836,sub,826,832,6,22.0,1,22.0,256,Vector,"837, 853",False,0,157,,-836
837,square_fp16_fp16_bf16,836,,7,22.0,1,22.0,256,Vector,838,False,0,158,,-837
838,reduce_sum_bf16,837,,8,22.0,1,22.0,1,Scalar,842,False,0,103,,-838
839,sub,828,832,6,22.0,2,22.0,256,Vector,"840, 857",False,0,159,,-839
840,square_fp16_fp16_bf16,839,,7,22.0,2,22.0,256,Vector,841,False,0,160,,-840
841,reduce_sum_bf16,840,,8,22.0,2,22.0,1,Scalar,843,False,0,104,,-841
842,add_bf16,835,838,9,,,22.0,1,Scalar,843,False,0,105,,-842
843,add_bf16,842,841,10,,,22.0,1,Scalar,844,False,0,106,,-843
844,mul_bf16_fp16_fp16,843,3,11,22.0,,22.0,1,Scalar,845,False,0,107,,-844
845,add,844,1,12,22.0,,22.0,1,Scalar,846,False,0,108,,-845
846,sqrt,845,,13,22.0,,22.0,1,Scalar,847,False,0,109,,-846
847,mul,846,2,14,22.0,,22.0,1,Scalar,848,False,1,110,,-847
848,inv,847,,15,22.0,,22.0,1,Scalar,"849, 853, 857",False,0,111,,-848
849,mul,833,848,16,22.0,0,22.0,256,Vector,850,False,0,161,,-849
850,mul,849,4,17,22.0,0,22.0,256,Vector,851,False,0,162,,-850
851,add,850,5,18,22.0,0,22.0,256,Vector,852,False,0,163,,-851
852,store,851,66,19,22.0,0,22.0,256,Vector,,False,0,,66,-852
853,mul,836,848,16,22.0,1,22.0,256,Vector,854,False,0,164,,-853
854,mul,853,6,17,22.0,1,22.0,256,Vector,855,False,0,165,,-854
855,add,854,7,18,22.0,1,22.0,256,Vector,856,False,0,166,,-855
856,store,855,67,19,22.0,1,22.0,256,Vector,,False,0,,67,-856
857,mul,839,848,16,22.0,2,22.0,256,Vector,858,False,0,167,,-857
858,mul,857,8,17,22.0,2,22.0,256,Vector,859,False,0,168,,-858
859,add,858,9,18,22.0,2,22.0,256,Vector,860,False,0,169,,-859
860,store,859,68,19,22.0,2,22.0,256,Vector,,False,0,,68,-860
861,load,75,,1,23.0,0,23.0,256,Vector,"862, 870",True,0,170,75,-861
862,reduce_sum,861,,2,23.0,0,23.0,1,Scalar,867,False,0,112,,-862
863,load,76,,1,23.0,1,23.0,256,Vector,"864, 873",True,0,171,76,-863
864,reduce_sum,863,,2,23.0,1,23.0,1,Scalar,867,False,0,113,,-864
865,load,77,,1,23.0,2,23.0,256,Vector,"866, 876",True,0,172,77,-865
866,reduce_sum,865,,2,23.0,2,23.0,1,Scalar,868,False,0,114,,-866
867,add,862,864,3,,,23.0,1,Scalar,868,False,0,115,,-867
868,add,867,866,4,,,23.0,1,Scalar,869,False,0,116,,-868
869,mul,868,3,5,23.0,,23.0,1,Scalar,"870, 873, 876",False,0,117,,-869
870,sub,861,869,6,23.0,0,23.0,256,Vector,"871, 886",False,0,173,,-870
871,square_fp16_fp16_bf16,870,,7,23.0,0,23.0,256,Vector,872,False,0,174,,-871
872,reduce_sum_bf16,871,,8,23.0,0,23.0,1,Scalar,879,False,0,118,,-872
873,sub,863,869,6,23.0,1,23.0,256,Vector,"874, 890",False,0,175,,-873
874,square_fp16_fp16_bf16,873,,7,23.0,1,23.0,256,Vector,875,False,0,176,,-874
875,reduce_sum_bf16,874,,8,23.0,1,23.0,1,Scalar,879,False,0,119,,-875
876,sub,865,869,6,23.0,2,23.0,256,Vector,"877, 894",False,0,177,,-876
877,square_fp16_fp16_bf16,876,,7,23.0,2,23.0,256,Vector,878,False,0,178,,-877
878,reduce_sum_bf16,877,,8,23.0,2,23.0,1,Scalar,880,False,0,120,,-878
879,add_bf16,872,875,9,,,23.0,1,Scalar,880,False,0,121,,-879
880,add_bf16,879,878,10,,,23.0,1,Scalar,881,False,0,122,,-880
881,mul_bf16_fp16_fp16,880,3,11,23.0,,23.0,1,Scalar,882,False,0,123,,-881
882,add,881,1,12,23.0,,23.0,1,Scalar,883,False,0,124,,-882
883,sqrt,882,,13,23.0,,23.0,1,Scalar,884,False,0,125,,-883
884,mul,883,2,14,23.0,,23.0,1,Scalar,885,False,1,126,,-884
885,inv,884,,15,23.0,,23.0,1,Scalar,"886, 890, 894",False,0,127,,-885
886,mul,870,885,16,23.0,0,23.0,256,Vector,887,False,0,179,,-886
887,mul,886,4,17,23.0,0,23.0,256,Vector,888,False,0,180,,-887
888,add,887,5,18,23.0,0,23.0,256,Vector,889,False,0,181,,-888
889,store,888,69,19,23.0,0,23.0,256,Vector,,False,0,,69,-889
890,mul,873,885,16,23.0,1,23.0,256,Vector,891,False,0,182,,-890
891,mul,890,6,17,23.0,1,23.0,256,Vector,892,False,0,183,,-891
892,add,891,7,18,23.0,1,23.0,256,Vector,893,False,0,184,,-892
893,store,892,70,19,23.0,1,23.0,256,Vector,,False,0,,70,-893
894,mul,876,885,16,23.0,2,23.0,256,Vector,895,False,0,185,,-894
895,mul,894,8,17,23.0,2,23.0,256,Vector,896,False,0,186,,-895
896,add,895,9,18,23.0,2,23.0,256,Vector,897,False,0,187,,-896
897,store,896,71,19,23.0,2,23.0,256,Vector,,False,0,,71,-897
898,load,78,,1,24.0,0,24.0,256,Vector,"899, 907",True,0,188,78,-898
899,reduce_sum,898,,2,24.0,0,24.0,1,Scalar,904,False,0,128,,-899
900,load,79,,1,24.0,1,24.0,256,Vector,"901, 910",True,0,189,79,-900
901,reduce_sum,900,,2,24.0,1,24.0,1,Scalar,904,False,0,129,,-901
902,load,80,,1,24.0,2,24.0,256,Vector,"903, 913",True,0,190,80,-902
903,reduce_sum,902,,2,24.0,2,24.0,1,Scalar,905,False,0,130,,-903
904,add,899,901,3,,,24.0,1,Scalar,905,False,0,131,,-904
905,add,904,903,4,,,24.0,1,Scalar,906,False,0,132,,-905
906,mul,905,3,5,24.0,,24.0,1,Scalar,"907, 910, 913",False,0,133,,-906
907,sub,898,906,6,24.0,0,24.0,256,Vector,"908, 923",False,0,191,,-907
908,square_fp16_fp16_bf16,907,,7,24.0,0,24.0,256,Vector,909,False,0,192,,-908
909,reduce_sum_bf16,908,,8,24.0,0,24.0,1,Scalar,916,False,0,134,,-909
910,sub,900,906,6,24.0,1,24.0,256,Vector,"911, 927",False,0,193,,-910
911,square_fp16_fp16_bf16,910,,7,24.0,1,24.0,256,Vector,912,False,0,194,,-911
912,reduce_sum_bf16,911,,8,24.0,1,24.0,1,Scalar,916,False,0,135,,-912
913,sub,902,906,6,24.0,2,24.0,256,Vector,"914, 931",False,0,195,,-913
914,square_fp16_fp16_bf16,913,,7,24.0,2,24.0,256,Vector,915,False,0,196,,-914
915,reduce_sum_bf16,914,,8,24.0,2,24.0,1,Scalar,917,False,0,136,,-915
916,add_bf16,909,912,9,,,24.0,1,Scalar,917,False,0,137,,-916
917,add_bf16,916,915,10,,,24.0,1,Scalar,918,False,0,138,,-917
918,mul_bf16_fp16_fp16,917,3,11,24.0,,24.0,1,Scalar,919,False,0,139,,-918
919,add,918,1,12,24.0,,24.0,1,Scalar,920,False,0,140,,-919
920,sqrt,919,,13,24.0,,24.0,1,Scalar,921,False,0,141,,-920
921,mul,920,2,14,24.0,,24.0,1,Scalar,922,False,1,142,,-921
922,inv,921,,15,24.0,,24.0,1,Scalar,"923, 927, 931",False,0,143,,-922
923,mul,907,922,16,24.0,0,24.0,256,Vector,924,False,0,197,,-923
924,mul,923,4,17,24.0,0,24.0,256,Vector,925,False,0,198,,-924
925,add,924,5,18,24.0,0,24.0,256,Vector,926,False,0,199,,-925
926,store,925,72,19,24.0,0,24.0,256,Vector,,False,0,,72,-926
927,mul,910,922,16,24.0,1,24.0,256,Vector,928,False,0,200,,-927
928,mul,927,6,17,24.0,1,24.0,256,Vector,929,False,0,201,,-928
929,add,928,7,18,24.0,1,24.0,256,Vector,930,False,0,202,,-929
930,store,929,73,19,24.0,1,24.0,256,Vector,,False,0,,73,-930
931,mul,913,922,16,24.0,2,24.0,256,Vector,932,False,0,203,,-931
932,mul,931,8,17,24.0,2,24.0,256,Vector,933,False,0,204,,-932
933,add,932,9,18,24.0,2,24.0,256,Vector,934,False,0,205,,-933
934,store,933,74,19,24.0,2,24.0,256,Vector,,False,0,,74,-934
935,load,81,,1,25.0,0,25.0,256,Vector,"936, 944",True,0,206,81,-935
936,reduce_sum,935,,2,25.0,0,25.0,1,Scalar,941,False,0,144,,-936
937,load,82,,1,25.0,1,25.0,256,Vector,"938, 947",True,0,207,82,-937
938,reduce_sum,937,,2,25.0,1,25.0,1,Scalar,941,False,0,145,,-938
939,load,83,,1,25.0,2,25.0,256,Vector,"940, 950",True,0,208,83,-939
940,reduce_sum,939,,2,25.0,2,25.0,1,Scalar,942,False,0,146,,-940
941,add,936,938,3,,,25.0,1,Scalar,942,False,0,147,,-941
942,add,941,940,4,,,25.0,1,Scalar,943,False,0,148,,-942
943,mul,942,3,5,25.0,,25.0,1,Scalar,"944, 947, 950",False,0,149,,-943
944,sub,935,943,6,25.0,0,25.0,256,Vector,"945, 960",False,0,209,,-944
945,square_fp16_fp16_bf16,944,,7,25.0,0,25.0,256,Vector,946,False,0,210,,-945
946,reduce_sum_bf16,945,,8,25.0,0,25.0,1,Scalar,953,False,0,150,,-946
947,sub,937,943,6,25.0,1,25.0,256,Vector,"948, 964",False,0,211,,-947
948,square_fp16_fp16_bf16,947,,7,25.0,1,25.0,256,Vector,949,False,0,212,,-948
949,reduce_sum_bf16,948,,8,25.0,1,25.0,1,Scalar,953,False,0,151,,-949
950,sub,939,943,6,25.0,2,25.0,256,Vector,"951, 968",False,0,213,,-950
951,square_fp16_fp16_bf16,950,,7,25.0,2,25.0,256,Vector,952,False,0,214,,-951
952,reduce_sum_bf16,951,,8,25.0,2,25.0,1,Scalar,954,False,0,152,,-952
953,add_bf16,946,949,9,,,25.0,1,Scalar,954,False,0,153,,-953
954,add_bf16,953,952,10,,,25.0,1,Scalar,955,False,0,154,,-954
955,mul_bf16_fp16_fp16,954,3,11,25.0,,25.0,1,Scalar,956,False,0,155,,-955
956,add,955,1,12,25.0,,25.0,1,Scalar,957,False,0,156,,-956
957,sqrt,956,,13,25.0,,25.0,1,Scalar,958,False,0,157,,-957
958,mul,957,2,14,25.0,,25.0,1,Scalar,959,False,1,158,,-958
959,inv,958,,15,25.0,,25.0,1,Scalar,"960, 964, 968",False,0,159,,-959
960,mul,944,959,16,25.0,0,25.0,256,Vector,961,False,0,215,,-960
961,mul,960,4,17,25.0,0,25.0,256,Vector,962,False,0,216,,-961
962,add,961,5,18,25.0,0,25.0,256,Vector,963,False,0,217,,-962
963,store,962,75,19,25.0,0,25.0,256,Vector,,False,0,,75,-963
964,mul,947,959,16,25.0,1,25.0,256,Vector,965,False,0,218,,-964
965,mul,964,6,17,25.0,1,25.0,256,Vector,966,False,0,219,,-965
966,add,965,7,18,25.0,1,25.0,256,Vector,967,False,0,220,,-966
967,store,966,76,19,25.0,1,25.0,256,Vector,,False,0,,76,-967
968,mul,950,959,16,25.0,2,25.0,256,Vector,969,False,0,221,,-968
969,mul,968,8,17,25.0,2,25.0,256,Vector,970,False,0,222,,-969
970,add,969,9,18,25.0,2,25.0,256,Vector,971,False,0,223,,-970
971,store,970,77,19,25.0,2,25.0,256,Vector,,False,0,,77,-971
972,load,84,,1,26.0,0,26.0,256,Vector,"973, 981",True,0,224,84,-972
973,reduce_sum,972,,2,26.0,0,26.0,1,Scalar,978,False,0,160,,-973
974,load,85,,1,26.0,1,26.0,256,Vector,"975, 984",True,0,225,85,-974
975,reduce_sum,974,,2,26.0,1,26.0,1,Scalar,978,False,0,161,,-975
976,load,86,,1,26.0,2,26.0,256,Vector,"977, 987",True,0,226,86,-976
977,reduce_sum,976,,2,26.0,2,26.0,1,Scalar,979,False,0,162,,-977
978,add,973,975,3,,,26.0,1,Scalar,979,False,0,163,,-978
979,add,978,977,4,,,26.0,1,Scalar,980,False,0,164,,-979
980,mul,979,3,5,26.0,,26.0,1,Scalar,"981, 984, 987",False,0,165,,-980
981,sub,972,980,6,26.0,0,26.0,256,Vector,"982, 997",False,0,227,,-981
982,square_fp16_fp16_bf16,981,,7,26.0,0,26.0,256,Vector,983,False,0,228,,-982
983,reduce_sum_bf16,982,,8,26.0,0,26.0,1,Scalar,990,False,0,166,,-983
984,sub,974,980,6,26.0,1,26.0,256,Vector,"985, 1001",False,0,229,,-984
985,square_fp16_fp16_bf16,984,,7,26.0,1,26.0,256,Vector,986,False,0,230,,-985
986,reduce_sum_bf16,985,,8,26.0,1,26.0,1,Scalar,990,False,0,167,,-986
987,sub,976,980,6,26.0,2,26.0,256,Vector,"988, 1005",False,0,231,,-987
988,square_fp16_fp16_bf16,987,,7,26.0,2,26.0,256,Vector,989,False,0,232,,-988
989,reduce_sum_bf16,988,,8,26.0,2,26.0,1,Scalar,991,False,0,168,,-989
990,add_bf16,983,986,9,,,26.0,1,Scalar,991,False,0,169,,-990
991,add_bf16,990,989,10,,,26.0,1,Scalar,992,False,0,170,,-991
992,mul_bf16_fp16_fp16,991,3,11,26.0,,26.0,1,Scalar,993,False,0,171,,-992
993,add,992,1,12,26.0,,26.0,1,Scalar,994,False,0,172,,-993
994,sqrt,993,,13,26.0,,26.0,1,Scalar,995,False,0,173,,-994
995,mul,994,2,14,26.0,,26.0,1,Scalar,996,False,1,174,,-995
996,inv,995,,15,26.0,,26.0,1,Scalar,"997, 1001, 1005",False,0,175,,-996
997,mul,981,996,16,26.0,0,26.0,256,Vector,998,False,0,233,,-997
998,mul,997,4,17,26.0,0,26.0,256,Vector,999,False,0,234,,-998
999,add,998,5,18,26.0,0,26.0,256,Vector,1000,False,0,235,,-999
1000,store,999,78,19,26.0,0,26.0,256,Vector,,False,0,,78,-1000
1001,mul,984,996,16,26.0,1,26.0,256,Vector,1002,False,0,236,,-1001
1002,mul,1001,6,17,26.0,1,26.0,256,Vector,1003,False,0,237,,-1002
1003,add,1002,7,18,26.0,1,26.0,256,Vector,1004,False,0,238,,-1003
1004,store,1003,79,19,26.0,1,26.0,256,Vector,,False,0,,79,-1004
1005,mul,987,996,16,26.0,2,26.0,256,Vector,1006,False,0,239,,-1005
1006,mul,1005,8,17,26.0,2,26.0,256,Vector,1007,False,0,240,,-1006
1007,add,1006,9,18,26.0,2,26.0,256,Vector,1008,False,0,241,,-1007
1008,store,1007,80,19,26.0,2,26.0,256,Vector,,False,0,,80,-1008
1009,load,87,,1,27.0,0,27.0,256,Vector,"1010, 1018",True,0,242,87,-1009
1010,reduce_sum,1009,,2,27.0,0,27.0,1,Scalar,1015,False,0,176,,-1010
1011,load,88,,1,27.0,1,27.0,256,Vector,"1012, 1021",True,0,243,88,-1011
1012,reduce_sum,1011,,2,27.0,1,27.0,1,Scalar,1015,False,0,177,,-1012
1013,load,89,,1,27.0,2,27.0,256,Vector,"1014, 1024",True,0,244,89,-1013
1014,reduce_sum,1013,,2,27.0,2,27.0,1,Scalar,1016,False,0,178,,-1014
1015,add,1010,1012,3,,,27.0,1,Scalar,1016,False,0,179,,-1015
1016,add,1015,1014,4,,,27.0,1,Scalar,1017,False,0,180,,-1016
1017,mul,1016,3,5,27.0,,27.0,1,Scalar,"1018, 1021, 1024",False,0,181,,-1017
1018,sub,1009,1017,6,27.0,0,27.0,256,Vector,"1019, 1034",False,0,245,,-1018
1019,square_fp16_fp16_bf16,1018,,7,27.0,0,27.0,256,Vector,1020,False,0,246,,-1019
1020,reduce_sum_bf16,1019,,8,27.0,0,27.0,1,Scalar,1027,False,0,182,,-1020
1021,sub,1011,1017,6,27.0,1,27.0,256,Vector,"1022, 1038",False,0,247,,-1021
1022,square_fp16_fp16_bf16,1021,,7,27.0,1,27.0,256,Vector,1023,False,0,248,,-1022
1023,reduce_sum_bf16,1022,,8,27.0,1,27.0,1,Scalar,1027,False,0,183,,-1023
1024,sub,1013,1017,6,27.0,2,27.0,256,Vector,"1025, 1042",False,0,249,,-1024
1025,square_fp16_fp16_bf16,1024,,7,27.0,2,27.0,256,Vector,1026,False,0,250,,-1025
1026,reduce_sum_bf16,1025,,8,27.0,2,27.0,1,Scalar,1028,False,0,184,,-1026
1027,add_bf16,1020,1023,9,,,27.0,1,Scalar,1028,False,0,185,,-1027
1028,add_bf16,1027,1026,10,,,27.0,1,Scalar,1029,False,0,186,,-1028
1029,mul_bf16_fp16_fp16,1028,3,11,27.0,,27.0,1,Scalar,1030,False,0,187,,-1029
1030,add,1029,1,12,27.0,,27.0,1,Scalar,1031,False,0,188,,-1030
1031,sqrt,1030,,13,27.0,,27.0,1,Scalar,1032,False,0,189,,-1031
1032,mul,1031,2,14,27.0,,27.0,1,Scalar,1033,False,1,190,,-1032
1033,inv,1032,,15,27.0,,27.0,1,Scalar,"1034, 1038, 1042",False,0,191,,-1033
1034,mul,1018,1033,16,27.0,0,27.0,256,Vector,1035,False,0,251,,-1034
1035,mul,1034,4,17,27.0,0,27.0,256,Vector,1036,False,0,252,,-1035
1036,add,1035,5,18,27.0,0,27.0,256,Vector,1037,False,0,253,,-1036
1037,store,1036,81,19,27.0,0,27.0,256,Vector,,False,0,,81,-1037
1038,mul,1021,1033,16,27.0,1,27.0,256,Vector,1039,False,0,254,,-1038
1039,mul,1038,6,17,27.0,1,27.0,256,Vector,1040,False,0,255,,-1039
1040,add,1039,7,18,27.0,1,27.0,256,Vector,1041,False,0,6,,-1040
1041,store,1040,82,19,27.0,1,27.0,256,Vector,,False,0,,82,-1041
1042,mul,1024,1033,16,27.0,2,27.0,256,Vector,1043,False,0,7,,-1042
1043,mul,1042,8,17,27.0,2,27.0,256,Vector,1044,False,0,8,,-1043
1044,add,1043,9,18,27.0,2,27.0,256,Vector,1045,False,0,9,,-1044
1045,store,1044,83,19,27.0,2,27.0,256,Vector,,False,0,,83,-1045
1046,load,90,,1,28.0,0,28.0,256,Vector,"1047, 1055",True,0,10,90,-1046
1047,reduce_sum,1046,,2,28.0,0,28.0,1,Scalar,1052,False,0,192,,-1047
1048,load,91,,1,28.0,1,28.0,256,Vector,"1049, 1058",True,0,11,91,-1048
1049,reduce_sum,1048,,2,28.0,1,28.0,1,Scalar,1052,False,0,193,,-1049
1050,load,92,,1,28.0,2,28.0,256,Vector,"1051, 1061",True,0,12,92,-1050
1051,reduce_sum,1050,,2,28.0,2,28.0,1,Scalar,1053,False,0,194,,-1051
1052,add,1047,1049,3,,,28.0,1,Scalar,1053,False,0,195,,-1052
1053,add,1052,1051,4,,,28.0,1,Scalar,1054,False,0,196,,-1053
1054,mul,1053,3,5,28.0,,28.0,1,Scalar,"1055, 1058, 1061",False,0,197,,-1054
1055,sub,1046,1054,6,28.0,0,28.0,256,Vector,"1056, 1071",False,0,13,,-1055
1056,square_fp16_fp16_bf16,1055,,7,28.0,0,28.0,256,Vector,1057,False,0,14,,-1056
1057,reduce_sum_bf16,1056,,8,28.0,0,28.0,1,Scalar,1064,False,0,198,,-1057
1058,sub,1048,1054,6,28.0,1,28.0,256,Vector,"1059, 1075",False,0,15,,-1058
1059,square_fp16_fp16_bf16,1058,,7,28.0,1,28.0,256,Vector,1060,False,0,16,,-1059
1060,reduce_sum_bf16,1059,,8,28.0,1,28.0,1,Scalar,1064,False,0,199,,-1060
1061,sub,1050,1054,6,28.0,2,28.0,256,Vector,"1062, 1079",False,0,17,,-1061
1062,square_fp16_fp16_bf16,1061,,7,28.0,2,28.0,256,Vector,1063,False,0,18,,-1062
1063,reduce_sum_bf16,1062,,8,28.0,2,28.0,1,Scalar,1065,False,0,200,,-1063
1064,add_bf16,1057,1060,9,,,28.0,1,Scalar,1065,False,0,201,,-1064
1065,add_bf16,1064,1063,10,,,28.0,1,Scalar,1066,False,0,202,,-1065
1066,mul_bf16_fp16_fp16,1065,3,11,28.0,,28.0,1,Scalar,1067,False,0,203,,-1066
1067,add,1066,1,12,28.0,,28.0,1,Scalar,1068,False,0,204,,-1067
1068,sqrt,1067,,13,28.0,,28.0,1,Scalar,1069,False,0,205,,-1068
1069,mul,1068,2,14,28.0,,28.0,1,Scalar,1070,False,1,206,,-1069
1070,inv,1069,,15,28.0,,28.0,1,Scalar,"1071, 1075, 1079",False,0,207,,-1070
1071,mul,1055,1070,16,28.0,0,28.0,256,Vector,1072,False,0,19,,-1071
1072,mul,1071,4,17,28.0,0,28.0,256,Vector,1073,False,0,20,,-1072
1073,add,1072,5,18,28.0,0,28.0,256,Vector,1074,False,0,21,,-1073
1074,store,1073,84,19,28.0,0,28.0,256,Vector,,False,0,,84,-1074
1075,mul,1058,1070,16,28.0,1,28.0,256,Vector,1076,False,0,22,,-1075
1076,mul,1075,6,17,28.0,1,28.0,256,Vector,1077,False,0,23,,-1076
1077,add,1076,7,18,28.0,1,28.0,256,Vector,1078,False,0,24,,-1077
1078,store,1077,85,19,28.0,1,28.0,256,Vector,,False,0,,85,-1078
1079,mul,1061,1070,16,28.0,2,28.0,256,Vector,1080,False,0,25,,-1079
1080,mul,1079,8,17,28.0,2,28.0,256,Vector,1081,False,0,26,,-1080
1081,add,1080,9,18,28.0,2,28.0,256,Vector,1082,False,0,27,,-1081
1082,store,1081,86,19,28.0,2,28.0,256,Vector,,False,0,,86,-1082
1083,load,93,,1,29.0,0,29.0,256,Vector,"1084, 1092",True,0,28,93,-1083
1084,reduce_sum,1083,,2,29.0,0,29.0,1,Scalar,1089,False,0,208,,-1084
1085,load,94,,1,29.0,1,29.0,256,Vector,"1086, 1095",True,0,29,94,-1085
1086,reduce_sum,1085,,2,29.0,1,29.0,1,Scalar,1089,False,0,209,,-1086
1087,load,95,,1,29.0,2,29.0,256,Vector,"1088, 1098",True,0,30,95,-1087
1088,reduce_sum,1087,,2,29.0,2,29.0,1,Scalar,1090,False,0,210,,-1088
1089,add,1084,1086,3,,,29.0,1,Scalar,1090,False,0,211,,-1089
1090,add,1089,1088,4,,,29.0,1,Scalar,1091,False,0,212,,-1090
1091,mul,1090,3,5,29.0,,29.0,1,Scalar,"1092, 1095, 1098",False,0,213,,-1091
1092,sub,1083,1091,6,29.0,0,29.0,256,Vector,"1093, 1108",False,0,31,,-1092
1093,square_fp16_fp16_bf16,1092,,7,29.0,0,29.0,256,Vector,1094,False,0,32,,-1093
1094,reduce_sum_bf16,1093,,8,29.0,0,29.0,1,Scalar,1101,False,0,214,,-1094
1095,sub,1085,1091,6,29.0,1,29.0,256,Vector,"1096, 1112",False,0,33,,-1095
1096,square_fp16_fp16_bf16,1095,,7,29.0,1,29.0,256,Vector,1097,False,0,34,,-1096
1097,reduce_sum_bf16,1096,,8,29.0,1,29.0,1,Scalar,1101,False,0,215,,-1097
1098,sub,1087,1091,6,29.0,2,29.0,256,Vector,"1099, 1116",False,0,35,,-1098
1099,square_fp16_fp16_bf16,1098,,7,29.0,2,29.0,256,Vector,1100,False,0,36,,-1099
1100,reduce_sum_bf16,1099,,8,29.0,2,29.0,1,Scalar,1102,False,0,216,,-1100
1101,add_bf16,1094,1097,9,,,29.0,1,Scalar,1102,False,0,217,,-1101
1102,add_bf16,1101,1100,10,,,29.0,1,Scalar,1103,False,0,218,,-1102
1103,mul_bf16_fp16_fp16,1102,3,11,29.0,,29.0,1,Scalar,1104,False,0,219,,-1103
1104,add,1103,1,12,29.0,,29.0,1,Scalar,1105,False,0,220,,-1104
1105,sqrt,1104,,13,29.0,,29.0,1,Scalar,1106,False,0,221,,-1105
1106,mul,1105,2,14,29.0,,29.0,1,Scalar,1107,False,1,222,,-1106
1107,inv,1106,,15,29.0,,29.0,1,Scalar,"1108, 1112, 1116",False,0,223,,-1107
1108,mul,1092,1107,16,29.0,0,29.0,256,Vector,1109,False,0,37,,-1108
1109,mul,1108,4,17,29.0,0,29.0,256,Vector,1110,False,0,38,,-1109
1110,add,1109,5,18,29.0,0,29.0,256,Vector,1111,False,0,39,,-1110
1111,store,1110,87,19,29.0,0,29.0,256,Vector,,False,0,,87,-1111
1112,mul,1095,1107,16,29.0,1,29.0,256,Vector,1113,False,0,40,,-1112
1113,mul,1112,6,17,29.0,1,29.0,256,Vector,1114,False,0,41,,-1113
1114,add,1113,7,18,29.0,1,29.0,256,Vector,1115,False,0,42,,-1114
1115,store,1114,88,19,29.0,1,29.0,256,Vector,,False,0,,88,-1115
1116,mul,1098,1107,16,29.0,2,29.0,256,Vector,1117,False,0,43,,-1116
1117,mul,1116,8,17,29.0,2,29.0,256,Vector,1118,False,0,44,,-1117
1118,add,1117,9,18,29.0,2,29.0,256,Vector,1119,False,0,45,,-1118
1119,store,1118,89,19,29.0,2,29.0,256,Vector,,False,0,,89,-1119
1120,load,96,,1,30.0,0,30.0,256,Vector,"1121, 1129",True,0,46,96,-1120
1121,reduce_sum,1120,,2,30.0,0,30.0,1,Scalar,1126,False,0,224,,-1121
1122,load,97,,1,30.0,1,30.0,256,Vector,"1123, 1132",True,0,47,97,-1122
1123,reduce_sum,1122,,2,30.0,1,30.0,1,Scalar,1126,False,0,225,,-1123
1124,load,98,,1,30.0,2,30.0,256,Vector,"1125, 1135",True,0,48,98,-1124
1125,reduce_sum,1124,,2,30.0,2,30.0,1,Scalar,1127,False,0,226,,-1125
1126,add,1121,1123,3,,,30.0,1,Scalar,1127,False,0,227,,-1126
1127,add,1126,1125,4,,,30.0,1,Scalar,1128,False,0,228,,-1127
1128,mul,1127,3,5,30.0,,30.0,1,Scalar,"1129, 1132, 1135",False,0,229,,-1128
1129,sub,1120,1128,6,30.0,0,30.0,256,Vector,"1130, 1145",False,0,49,,-1129
1130,square_fp16_fp16_bf16,1129,,7,30.0,0,30.0,256,Vector,1131,False,0,50,,-1130
1131,reduce_sum_bf16,1130,,8,30.0,0,30.0,1,Scalar,1138,False,0,230,,-1131
1132,sub,1122,1128,6,30.0,1,30.0,256,Vector,"1133, 1149",False,0,51,,-1132
1133,square_fp16_fp16_bf16,1132,,7,30.0,1,30.0,256,Vector,1134,False,0,52,,-1133
1134,reduce_sum_bf16,1133,,8,30.0,1,30.0,1,Scalar,1138,False,0,231,,-1134
1135,sub,1124,1128,6,30.0,2,30.0,256,Vector,"1136, 1153",False,0,53,,-1135
1136,square_fp16_fp16_bf16,1135,,7,30.0,2,30.0,256,Vector,1137,False,0,54,,-1136
1137,reduce_sum_bf16,1136,,8,30.0,2,30.0,1,Scalar,1139,False,0,232,,-1137
1138,add_bf16,1131,1134,9,,,30.0,1,Scalar,1139,False,0,233,,-1138
1139,add_bf16,1138,1137,10,,,30.0,1,Scalar,1140,False,0,234,,-1139
1140,mul_bf16_fp16_fp16,1139,3,11,30.0,,30.0,1,Scalar,1141,False,0,235,,-1140
1141,add,1140,1,12,30.0,,30.0,1,Scalar,1142,False,0,236,,-1141
1142,sqrt,1141,,13,30.0,,30.0,1,Scalar,1143,False,0,237,,-1142
1143,mul,1142,2,14,30.0,,30.0,1,Scalar,1144,False,1,238,,-1143
1144,inv,1143,,15,30.0,,30.0,1,Scalar,"1145, 1149, 1153",False,0,239,,-1144
1145,mul,1129,1144,16,30.0,0,30.0,256,Vector,1146,False,0,55,,-1145
1146,mul,1145,4,17,30.0,0,30.0,256,Vector,1147,False,0,56,,-1146
1147,add,1146,5,18,30.0,0,30.0,256,Vector,1148,False,0,57,,-1147
1148,store,1147,90,19,30.0,0,30.0,256,Vector,,False,0,,90,-1148
1149,mul,1132,1144,16,30.0,1,30.0,256,Vector,1150,False,0,58,,-1149
1150,mul,1149,6,17,30.0,1,30.0,256,Vector,1151,False,0,59,,-1150
1151,add,1150,7,18,30.0,1,30.0,256,Vector,1152,False,0,60,,-1151
1152,store,1151,91,19,30.0,1,30.0,256,Vector,,False,0,,91,-1152
1153,mul,1135,1144,16,30.0,2,30.0,256,Vector,1154,False,0,61,,-1153
1154,mul,1153,8,17,30.0,2,30.0,256,Vector,1155,False,0,62,,-1154
1155,add,1154,9,18,30.0,2,30.0,256,Vector,1156,False,0,63,,-1155
1156,store,1155,92,19,30.0,2,30.0,256,Vector,,False,0,,92,-1156
1157,load,99,,1,31.0,0,31.0,256,Vector,"1158, 1166",True,0,64,99,-1157
1158,reduce_sum,1157,,2,31.0,0,31.0,1,Scalar,1163,False,0,240,,-1158
1159,load,100,,1,31.0,1,31.0,256,Vector,"1160, 1169",True,0,65,100,-1159
1160,reduce_sum,1159,,2,31.0,1,31.0,1,Scalar,1163,False,0,241,,-1160
1161,load,101,,1,31.0,2,31.0,256,Vector,"1162, 1172",True,0,66,101,-1161
1162,reduce_sum,1161,,2,31.0,2,31.0,1,Scalar,1164,False,0,242,,-1162
1163,add,1158,1160,3,,,31.0,1,Scalar,1164,False,0,243,,-1163
1164,add,1163,1162,4,,,31.0,1,Scalar,1165,False,0,244,,-1164
1165,mul,1164,3,5,31.0,,31.0,1,Scalar,"1166, 1169, 1172",False,0,245,,-1165
1166,sub,1157,1165,6,31.0,0,31.0,256,Vector,"1167, 1182",False,0,67,,-1166
1167,square_fp16_fp16_bf16,1166,,7,31.0,0,31.0,256,Vector,1168,False,0,68,,-1167
1168,reduce_sum_bf16,1167,,8,31.0,0,31.0,1,Scalar,1175,False,0,246,,-1168
1169,sub,1159,1165,6,31.0,1,31.0,256,Vector,"1170, 1186",False,0,69,,-1169
1170,square_fp16_fp16_bf16,1169,,7,31.0,1,31.0,256,Vector,1171,False,0,70,,-1170
1171,reduce_sum_bf16,1170,,8,31.0,1,31.0,1,Scalar,1175,False,0,247,,-1171
1172,sub,1161,1165,6,31.0,2,31.0,256,Vector,"1173, 1190",False,0,71,,-1172
1173,square_fp16_fp16_bf16,1172,,7,31.0,2,31.0,256,Vector,1174,False,0,72,,-1173
1174,reduce_sum_bf16,1173,,8,31.0,2,31.0,1,Scalar,1176,False,0,248,,-1174
1175,add_bf16,1168,1171,9,,,31.0,1,Scalar,1176,False,0,249,,-1175
1176,add_bf16,1175,1174,10,,,31.0,1,Scalar,1177,False,0,250,,-1176
1177,mul_bf16_fp16_fp16,1176,3,11,31.0,,31.0,1,Scalar,1178,False,0,251,,-1177
1178,add,1177,1,12,31.0,,31.0,1,Scalar,1179,False,0,252,,-1178
1179,sqrt,1178,,13,31.0,,31.0,1,Scalar,1180,False,0,253,,-1179
1180,mul,1179,2,14,31.0,,31.0,1,Scalar,1181,False,1,254,,-1180
1181,inv,1180,,15,31.0,,31.0,1,Scalar,"1182, 1186, 1190",False,0,255,,-1181
1182,mul,1166,1181,16,31.0,0,31.0,256,Vector,1183,False,0,73,,-1182
1183,mul,1182,4,17,31.0,0,31.0,256,Vector,1184,False,0,74,,-1183
1184,add,1183,5,18,31.0,0,31.0,256,Vector,1185,False,0,75,,-1184
1185,store,1184,93,19,31.0,0,31.0,256,Vector,,False,0,,93,-1185
1186,mul,1169,1181,16,31.0,1,31.0,256,Vector,1187,False,0,76,,-1186
1187,mul,1186,6,17,31.0,1,31.0,256,Vector,1188,False,0,77,,-1187
1188,add,1187,7,18,31.0,1,31.0,256,Vector,1189,False,0,78,,-1188
1189,store,1188,94,19,31.0,1,31.0,256,Vector,,False,0,,94,-1189
1190,mul,1172,1181,16,31.0,2,31.0,256,Vector,1191,False,0,79,,-1190
1191,mul,1190,8,17,31.0,2,31.0,256,Vector,1192,False,0,80,,-1191
1192,add,1191,9,18,31.0,2,31.0,256,Vector,1193,False,0,81,,-1192
1193,store,1192,95,19,31.0,2,31.0,256,Vector,,False,0,,95,-1193
1194,load,102,,1,32.0,0,32.0,256,Vector,"1195, 1203",True,0,82,102,-1194
1195,reduce_sum,1194,,2,32.0,0,32.0,1,Scalar,1200,False,0,0,,-1195
1196,load,103,,1,32.0,1,32.0,256,Vector,"1197, 1206",True,0,83,103,-1196
1197,reduce_sum,1196,,2,32.0,1,32.0,1,Scalar,1200,False,0,1,,-1197
1198,load,104,,1,32.0,2,32.0,256,Vector,"1199, 1209",True,0,84,104,-1198
1199,reduce_sum,1198,,2,32.0,2,32.0,1,Scalar,1201,False,0,2,,-1199
1200,add,1195,1197,3,,,32.0,1,Scalar,1201,False,0,3,,-1200
1201,add,1200,1199,4,,,32.0,1,Scalar,1202,False,0,4,,-1201
1202,mul,1201,3,5,32.0,,32.0,1,Scalar,"1203, 1206, 1209",False,0,5,,-1202
1203,sub,1194,1202,6,32.0,0,32.0,256,Vector,"1204, 1219",False,0,85,,-1203
1204,square_fp16_fp16_bf16,1203,,7,32.0,0,32.0,256,Vector,1205,False,0,86,,-1204
1205,reduce_sum_bf16,1204,,8,32.0,0,32.0,1,Scalar,1212,False,0,6,,-1205
1206,sub,1196,1202,6,32.0,1,32.0,256,Vector,"1207, 1223",False,0,87,,-1206
1207,square_fp16_fp16_bf16,1206,,7,32.0,1,32.0,256,Vector,1208,False,0,88,,-1207
1208,reduce_sum_bf16,1207,,8,32.0,1,32.0,1,Scalar,1212,False,0,7,,-1208
1209,sub,1198,1202,6,32.0,2,32.0,256,Vector,"1210, 1227",False,0,89,,-1209
1210,square_fp16_fp16_bf16,1209,,7,32.0,2,32.0,256,Vector,1211,False,0,90,,-1210
1211,reduce_sum_bf16,1210,,8,32.0,2,32.0,1,Scalar,1213,False,0,8,,-1211
1212,add_bf16,1205,1208,9,,,32.0,1,Scalar,1213,False,0,9,,-1212
1213,add_bf16,1212,1211,10,,,32.0,1,Scalar,1214,False,0,10,,-1213
1214,mul_bf16_fp16_fp16,1213,3,11,32.0,,32.0,1,Scalar,1215,False,0,11,,-1214
1215,add,1214,1,12,32.0,,32.0,1,Scalar,1216,False,0,12,,-1215
1216,sqrt,1215,,13,32.0,,32.0,1,Scalar,1217,False,0,13,,-1216
1217,mul,1216,2,14,32.0,,32.0,1,Scalar,1218,False,1,14,,-1217
1218,inv,1217,,15,32.0,,32.0,1,Scalar,"1219, 1223, 1227",False,0,15,,-1218
1219,mul,1203,1218,16,32.0,0,32.0,256,Vector,1220,False,0,91,,-1219
1220,mul,1219,4,17,32.0,0,32.0,256,Vector,1221,False,0,92,,-1220
1221,add,1220,5,18,32.0,0,32.0,256,Vector,1222,False,0,93,,-1221
1222,store,1221,96,19,32.0,0,32.0,256,Vector,,False,0,,96,-1222
1223,mul,1206,1218,16,32.0,1,32.0,256,Vector,1224,False,0,94,,-1223
1224,mul,1223,6,17,32.0,1,32.0,256,Vector,1225,False,0,95,,-1224
1225,add,1224,7,18,32.0,1,32.0,256,Vector,1226,False,0,96,,-1225
1226,store,1225,97,19,32.0,1,32.0,256,Vector,,False,0,,97,-1226
1227,mul,1209,1218,16,32.0,2,32.0,256,Vector,1228,False,0,97,,-1227
1228,mul,1227,8,17,32.0,2,32.0,256,Vector,1229,False,0,98,,-1228
1229,add,1228,9,18,32.0,2,32.0,256,Vector,1230,False,0,99,,-1229
1230,store,1229,98,19,32.0,2,32.0,256,Vector,,False,0,,98,-1230
1231,load,105,,1,33.0,0,33.0,256,Vector,"1232, 1240",True,0,100,105,-1231
1232,reduce_sum,1231,,2,33.0,0,33.0,1,Scalar,1237,False,0,16,,-1232
1233,load,106,,1,33.0,1,33.0,256,Vector,"1234, 1243",True,0,101,106,-1233
1234,reduce_sum,1233,,2,33.0,1,33.0,1,Scalar,1237,False,0,17,,-1234
1235,load,107,,1,33.0,2,33.0,256,Vector,"1236, 1246",True,0,102,107,-1235
1236,reduce_sum,1235,,2,33.0,2,33.0,1,Scalar,1238,False,0,18,,-1236
1237,add,1232,1234,3,,,33.0,1,Scalar,1238,False,0,19,,-1237
1238,add,1237,1236,4,,,33.0,1,Scalar,1239,False,0,20,,-1238
1239,mul,1238,3,5,33.0,,33.0,1,Scalar,"1240, 1243, 1246",False,0,21,,-1239
1240,sub,1231,1239,6,33.0,0,33.0,256,Vector,"1241, 1256",False,0,103,,-1240
1241,square_fp16_fp16_bf16,1240,,7,33.0,0,33.0,256,Vector,1242,False,0,104,,-1241
1242,reduce_sum_bf16,1241,,8,33.0,0,33.0,1,Scalar,1249,False,0,22,,-1242
1243,sub,1233,1239,6,33.0,1,33.0,256,Vector,"1244, 1260",False,0,105,,-1243
1244,square_fp16_fp16_bf16,1243,,7,33.0,1,33.0,256,Vector,1245,False,0,106,,-1244
1245,reduce_sum_bf16,1244,,8,33.0,1,33.0,1,Scalar,1249,False,0,23,,-1245
1246,sub,1235,1239,6,33.0,2,33.0,256,Vector,"1247, 1264",False,0,107,,-1246
1247,square_fp16_fp16_bf16,1246,,7,33.0,2,33.0,256,Vector,1248,False,0,108,,-1247
1248,reduce_sum_bf16,1247,,8,33.0,2,33.0,1,Scalar,1250,False,0,24,,-1248
1249,add_bf16,1242,1245,9,,,33.0,1,Scalar,1250,False,0,25,,-1249
1250,add_bf16,1249,1248,10,,,33.0,1,Scalar,1251,False,0,26,,-1250
1251,mul_bf16_fp16_fp16,1250,3,11,33.0,,33.0,1,Scalar,1252,False,0,27,,-1251
1252,add,1251,1,12,33.0,,33.0,1,Scalar,1253,False,0,28,,-1252
1253,sqrt,1252,,13,33.0,,33.0,1,Scalar,1254,False,0,29,,-1253
1254,mul,1253,2,14,33.0,,33.0,1,Scalar,1255,False,1,30,,-1254
1255,inv,1254,,15,33.0,,33.0,1,Scalar,"1256, 1260, 1264",False,0,31,,-1255
1256,mul,1240,1255,16,33.0,0,33.0,256,Vector,1257,False,0,109,,-1256
1257,mul,1256,4,17,33.0,0,33.0,256,Vector,1258,False,0,110,,-1257
1258,add,1257,5,18,33.0,0,33.0,256,Vector,1259,False,0,111,,-1258
1259,store,1258,99,19,33.0,0,33.0,256,Vector,,False,0,,99,-1259
1260,mul,1243,1255,16,33.0,1,33.0,256,Vector,1261,False,0,112,,-1260
1261,mul,1260,6,17,33.0,1,33.0,256,Vector,1262,False,0,113,,-1261
1262,add,1261,7,18,33.0,1,33.0,256,Vector,1263,False,0,114,,-1262
1263,store,1262,100,19,33.0,1,33.0,256,Vector,,False,0,,100,-1263
1264,mul,1246,1255,16,33.0,2,33.0,256,Vector,1265,False,0,115,,-1264
1265,mul,1264,8,17,33.0,2,33.0,256,Vector,1266,False,0,116,,-1265
1266,add,1265,9,18,33.0,2,33.0,256,Vector,1267,False,0,117,,-1266
1267,store,1266,101,19,33.0,2,33.0,256,Vector,,False,0,,101,-1267
1268,load,108,,1,34.0,0,34.0,256,Vector,"1269, 1277",True,0,118,108,-1268
1269,reduce_sum,1268,,2,34.0,0,34.0,1,Scalar,1274,False,0,32,,-1269
1270,load,109,,1,34.0,1,34.0,256,Vector,"1271, 1280",True,0,119,109,-1270
1271,reduce_sum,1270,,2,34.0,1,34.0,1,Scalar,1274,False,0,33,,-1271
1272,load,110,,1,34.0,2,34.0,256,Vector,"1273, 1283",True,0,120,110,-1272
1273,reduce_sum,1272,,2,34.0,2,34.0,1,Scalar,1275,False,0,34,,-1273
1274,add,1269,1271,3,,,34.0,1,Scalar,1275,False,0,35,,-1274
1275,add,1274,1273,4,,,34.0,1,Scalar,1276,False,0,36,,-1275
1276,mul,1275,3,5,34.0,,34.0,1,Scalar,"1277, 1280, 1283",False,0,37,,-1276
1277,sub,1268,1276,6,34.0,0,34.0,256,Vector,"1278, 1293",False,0,121,,-1277
1278,square_fp16_fp16_bf16,1277,,7,34.0,0,34.0,256,Vector,1279,False,0,122,,-1278
1279,reduce_sum_bf16,1278,,8,34.0,0,34.0,1,Scalar,1286,False,0,38,,-1279
1280,sub,1270,1276,6,34.0,1,34.0,256,Vector,"1281, 1297",False,0,123,,-1280
1281,square_fp16_fp16_bf16,1280,,7,34.0,1,34.0,256,Vector,1282,False,0,124,,-1281
1282,reduce_sum_bf16,1281,,8,34.0,1,34.0,1,Scalar,1286,False,0,39,,-1282
1283,sub,1272,1276,6,34.0,2,34.0,256,Vector,"1284, 1301",False,0,125,,-1283
1284,square_fp16_fp16_bf16,1283,,7,34.0,2,34.0,256,Vector,1285,False,0,126,,-1284
1285,reduce_sum_bf16,1284,,8,34.0,2,34.0,1,Scalar,1287,False,0,40,,-1285
1286,add_bf16,1279,1282,9,,,34.0,1,Scalar,1287,False,0,41,,-1286
1287,add_bf16,1286,1285,10,,,34.0,1,Scalar,1288,False,0,42,,-1287
1288,mul_bf16_fp16_fp16,1287,3,11,34.0,,34.0,1,Scalar,1289,False,0,43,,-1288
1289,add,1288,1,12,34.0,,34.0,1,Scalar,1290,False,0,44,,-1289
1290,sqrt,1289,,13,34.0,,34.0,1,Scalar,1291,False,0,45,,-1290
1291,mul,1290,2,14,34.0,,34.0,1,Scalar,1292,False,1,46,,-1291
1292,inv,1291,,15,34.0,,34.0,1,Scalar,"1293, 1297, 1301",False,0,47,,-1292
1293,mul,1277,1292,16,34.0,0,34.0,256,Vector,1294,False,0,127,,-1293
1294,mul,1293,4,17,34.0,0,34.0,256,Vector,1295,False,0,128,,-1294
1295,add,1294,5,18,34.0,0,34.0,256,Vector,1296,False,0,129,,-1295
1296,store,1295,102,19,34.0,0,34.0,256,Vector,,False,0,,102,-1296
1297,mul,1280,1292,16,34.0,1,34.0,256,Vector,1298,False,0,130,,-1297
1298,mul,1297,6,17,34.0,1,34.0,256,Vector,1299,False,0,131,,-1298
1299,add,1298,7,18,34.0,1,34.0,256,Vector,1300,False,0,132,,-1299
1300,store,1299,103,19,34.0,1,34.0,256,Vector,,False,0,,103,-1300
1301,mul,1283,1292,16,34.0,2,34.0,256,Vector,1302,False,0,133,,-1301
1302,mul,1301,8,17,34.0,2,34.0,256,Vector,1303,False,0,134,,-1302
1303,add,1302,9,18,34.0,2,34.0,256,Vector,1304,False,0,135,,-1303
1304,store,1303,104,19,34.0,2,34.0,256,Vector,,False,0,,104,-1304
1305,load,111,,1,35.0,0,35.0,256,Vector,"1306, 1314",True,0,136,111,-1305
1306,reduce_sum,1305,,2,35.0,0,35.0,1,Scalar,1311,False,0,48,,-1306
1307,load,112,,1,35.0,1,35.0,256,Vector,"1308, 1317",True,0,137,112,-1307
1308,reduce_sum,1307,,2,35.0,1,35.0,1,Scalar,1311,False,0,49,,-1308
1309,load,113,,1,35.0,2,35.0,256,Vector,"1310, 1320",True,0,138,113,-1309
1310,reduce_sum,1309,,2,35.0,2,35.0,1,Scalar,1312,False,0,50,,-1310
1311,add,1306,1308,3,,,35.0,1,Scalar,1312,False,0,51,,-1311
1312,add,1311,1310,4,,,35.0,1,Scalar,1313,False,0,52,,-1312
1313,mul,1312,3,5,35.0,,35.0,1,Scalar,"1314, 1317, 1320",False,0,53,,-1313
1314,sub,1305,1313,6,35.0,0,35.0,256,Vector,"1315, 1330",False,0,139,,-1314
1315,square_fp16_fp16_bf16,1314,,7,35.0,0,35.0,256,Vector,1316,False,0,140,,-1315
1316,reduce_sum_bf16,1315,,8,35.0,0,35.0,1,Scalar,1323,False,0,54,,-1316
1317,sub,1307,1313,6,35.0,1,35.0,256,Vector,"1318, 1334",False,0,141,,-1317
1318,square_fp16_fp16_bf16,1317,,7,35.0,1,35.0,256,Vector,1319,False,0,142,,-1318
1319,reduce_sum_bf16,1318,,8,35.0,1,35.0,1,Scalar,1323,False,0,55,,-1319
1320,sub,1309,1313,6,35.0,2,35.0,256,Vector,"1321, 1338",False,0,143,,-1320
1321,square_fp16_fp16_bf16,1320,,7,35.0,2,35.0,256,Vector,1322,False,0,144,,-1321
1322,reduce_sum_bf16,1321,,8,35.0,2,35.0,1,Scalar,1324,False,0,56,,-1322
1323,add_bf16,1316,1319,9,,,35.0,1,Scalar,1324,False,0,57,,-1323
1324,add_bf16,1323,1322,10,,,35.0,1,Scalar,1325,False,0,58,,-1324
1325,mul_bf16_fp16_fp16,1324,3,11,35.0,,35.0,1,Scalar,1326,False,0,59,,-1325
1326,add,1325,1,12,35.0,,35.0,1,Scalar,1327,False,0,60,,-1326
1327,sqrt,1326,,13,35.0,,35.0,1,Scalar,1328,False,0,61,,-1327
1328,mul,1327,2,14,35.0,,35.0,1,Scalar,1329,False,1,62,,-1328
1329,inv,1328,,15,35.0,,35.0,1,Scalar,"1330, 1334, 1338",False,0,63,,-1329
1330,mul,1314,1329,16,35.0,0,35.0,256,Vector,1331,False,0,145,,-1330
1331,mul,1330,4,17,35.0,0,35.0,256,Vector,1332,False,0,146,,-1331
1332,add,1331,5,18,35.0,0,35.0,256,Vector,1333,False,0,147,,-1332
1333,store,1332,105,19,35.0,0,35.0,256,Vector,,False,0,,105,-1333
1334,mul,1317,1329,16,35.0,1,35.0,256,Vector,1335,False,0,148,,-1334
1335,mul,1334,6,17,35.0,1,35.0,256,Vector,1336,False,0,149,,-1335
1336,add,1335,7,18,35.0,1,35.0,256,Vector,1337,False,0,150,,-1336
1337,store,1336,106,19,35.0,1,35.0,256,Vector,,False,0,,106,-1337
1338,mul,1320,1329,16,35.0,2,35.0,256,Vector,1339,False,0,151,,-1338
1339,mul,1338,8,17,35.0,2,35.0,256,Vector,1340,False,0,152,,-1339
1340,add,1339,9,18,35.0,2,35.0,256,Vector,1341,False,0,153,,-1340
1341,store,1340,107,19,35.0,2,35.0,256,Vector,,False,0,,107,-1341
1342,load,114,,1,36.0,0,36.0,256,Vector,"1343, 1351",True,0,154,114,-1342
1343,reduce_sum,1342,,2,36.0,0,36.0,1,Scalar,1348,False,0,64,,-1343
1344,load,115,,1,36.0,1,36.0,256,Vector,"1345, 1354",True,0,155,115,-1344
1345,reduce_sum,1344,,2,36.0,1,36.0,1,Scalar,1348,False,0,65,,-1345
1346,load,116,,1,36.0,2,36.0,256,Vector,"1347, 1357",True,0,156,116,-1346
1347,reduce_sum,1346,,2,36.0,2,36.0,1,Scalar,1349,False,0,66,,-1347
1348,add,1343,1345,3,,,36.0,1,Scalar,1349,False,0,67,,-1348
1349,add,1348,1347,4,,,36.0,1,Scalar,1350,False,0,68,,-1349
1350,mul,1349,3,5,36.0,,36.0,1,Scalar,"1351, 1354, 1357",False,0,69,,-1350
1351,sub,1342,1350,6,36.0,0,36.0,256,Vector,"1352, 1367",False,0,157,,-1351
1352,square_fp16_fp16_bf16,1351,,7,36.0,0,36.0,256,Vector,1353,False,0,158,,-1352
1353,reduce_sum_bf16,1352,,8,36.0,0,36.0,1,Scalar,1360,False,0,70,,-1353
1354,sub,1344,1350,6,36.0,1,36.0,256,Vector,"1355, 1371",False,0,159,,-1354
1355,square_fp16_fp16_bf16,1354,,7,36.0,1,36.0,256,Vector,1356,False,0,160,,-1355
1356,reduce_sum_bf16,1355,,8,36.0,1,36.0,1,Scalar,1360,False,0,71,,-1356
1357,sub,1346,1350,6,36.0,2,36.0,256,Vector,"1358, 1375",False,0,161,,-1357
1358,square_fp16_fp16_bf16,1357,,7,36.0,2,36.0,256,Vector,1359,False,0,162,,-1358
1359,reduce_sum_bf16,1358,,8,36.0,2,36.0,1,Scalar,1361,False,0,72,,-1359
1360,add_bf16,1353,1356,9,,,36.0,1,Scalar,1361,False,0,73,,-1360
1361,add_bf16,1360,1359,10,,,36.0,1,Scalar,1362,False,0,74,,-1361
1362,mul_bf16_fp16_fp16,1361,3,11,36.0,,36.0,1,Scalar,1363,False,0,75,,-1362
1363,add,1362,1,12,36.0,,36.0,1,Scalar,1364,False,0,76,,-1363
1364,sqrt,1363,,13,36.0,,36.0,1,Scalar,1365,False,0,77,,-1364
1365,mul,1364,2,14,36.0,,36.0,1,Scalar,1366,False,1,78,,-1365
1366,inv,1365,,15,36.0,,36.0,1,Scalar,"1367, 1371, 1375",False,0,79,,-1366
1367,mul,1351,1366,16,36.0,0,36.0,256,Vector,1368,False,0,163,,-1367
1368,mul,1367,4,17,36.0,0,36.0,256,Vector,1369,False,0,164,,-1368
1369,add,1368,5,18,36.0,0,36.0,256,Vector,1370,False,0,165,,-1369
1370,store,1369,108,19,36.0,0,36.0,256,Vector,,False,0,,108,-1370
1371,mul,1354,1366,16,36.0,1,36.0,256,Vector,1372,False,0,166,,-1371
1372,mul,1371,6,17,36.0,1,36.0,256,Vector,1373,False,0,167,,-1372
1373,add,1372,7,18,36.0,1,36.0,256,Vector,1374,False,0,168,,-1373
1374,store,1373,109,19,36.0,1,36.0,256,Vector,,False,0,,109,-1374
1375,mul,1357,1366,16,36.0,2,36.0,256,Vector,1376,False,0,169,,-1375
1376,mul,1375,8,17,36.0,2,36.0,256,Vector,1377,False,0,170,,-1376
1377,add,1376,9,18,36.0,2,36.0,256,Vector,1378,False,0,171,,-1377
1378,store,1377,110,19,36.0,2,36.0,256,Vector,,False,0,,110,-1378
1379,load,117,,1,37.0,0,37.0,256,Vector,"1380, 1388",True,0,172,117,-1379
1380,reduce_sum,1379,,2,37.0,0,37.0,1,Scalar,1385,False,0,80,,-1380
1381,load,118,,1,37.0,1,37.0,256,Vector,"1382, 1391",True,0,173,118,-1381
1382,reduce_sum,1381,,2,37.0,1,37.0,1,Scalar,1385,False,0,81,,-1382
1383,load,119,,1,37.0,2,37.0,256,Vector,"1384, 1394",True,0,174,119,-1383
1384,reduce_sum,1383,,2,37.0,2,37.0,1,Scalar,1386,False,0,82,,-1384
1385,add,1380,1382,3,,,37.0,1,Scalar,1386,False,0,83,,-1385
1386,add,1385,1384,4,,,37.0,1,Scalar,1387,False,0,84,,-1386
1387,mul,1386,3,5,37.0,,37.0,1,Scalar,"1388, 1391, 1394",False,0,85,,-1387
1388,sub,1379,1387,6,37.0,0,37.0,256,Vector,"1389, 1404",False,0,175,,-1388
1389,square_fp16_fp16_bf16,1388,,7,37.0,0,37.0,256,Vector,1390,False,0,176,,-1389
1390,reduce_sum_bf16,1389,,8,37.0,0,37.0,1,Scalar,1397,False,0,86,,-1390
1391,sub,1381,1387,6,37.0,1,37.0,256,Vector,"1392, 1408",False,0,177,,-1391
1392,square_fp16_fp16_bf16,1391,,7,37.0,1,37.0,256,Vector,1393,False,0,178,,-1392
1393,reduce_sum_bf16,1392,,8,37.0,1,37.0,1,Scalar,1397,False,0,87,,-1393
1394,sub,1383,1387,6,37.0,2,37.0,256,Vector,"1395, 1412",False,0,179,,-1394
1395,square_fp16_fp16_bf16,1394,,7,37.0,2,37.0,256,Vector,1396,False,0,180,,-1395
1396,reduce_sum_bf16,1395,,8,37.0,2,37.0,1,Scalar,1398,False,0,88,,-1396
1397,add_bf16,1390,1393,9,,,37.0,1,Scalar,1398,False,0,89,,-1397
1398,add_bf16,1397,1396,10,,,37.0,1,Scalar,1399,False,0,90,,-1398
1399,mul_bf16_fp16_fp16,1398,3,11,37.0,,37.0,1,Scalar,1400,False,0,91,,-1399
1400,add,1399,1,12,37.0,,37.0,1,Scalar,1401,False,0,92,,-1400
1401,sqrt,1400,,13,37.0,,37.0,1,Scalar,1402,False,0,93,,-1401
1402,mul,1401,2,14,37.0,,37.0,1,Scalar,1403,False,1,94,,-1402
1403,inv,1402,,15,37.0,,37.0,1,Scalar,"1404, 1408, 1412",False,0,95,,-1403
1404,mul,1388,1403,16,37.0,0,37.0,256,Vector,1405,False,0,181,,-1404
1405,mul,1404,4,17,37.0,0,37.0,256,Vector,1406,False,0,182,,-1405
1406,add,1405,5,18,37.0,0,37.0,256,Vector,1407,False,0,183,,-1406
1407,store,1406,111,19,37.0,0,37.0,256,Vector,,False,0,,111,-1407
1408,mul,1391,1403,16,37.0,1,37.0,256,Vector,1409,False,0,184,,-1408
1409,mul,1408,6,17,37.0,1,37.0,256,Vector,1410,False,0,185,,-1409
1410,add,1409,7,18,37.0,1,37.0,256,Vector,1411,False,0,186,,-1410
1411,store,1410,112,19,37.0,1,37.0,256,Vector,,False,0,,112,-1411
1412,mul,1394,1403,16,37.0,2,37.0,256,Vector,1413,False,0,187,,-1412
1413,mul,1412,8,17,37.0,2,37.0,256,Vector,1414,False,0,188,,-1413
1414,add,1413,9,18,37.0,2,37.0,256,Vector,1415,False,0,189,,-1414
1415,store,1414,113,19,37.0,2,37.0,256,Vector,,False,0,,113,-1415
1416,load,120,,1,38.0,0,38.0,256,Vector,"1417, 1425",True,0,190,120,-1416
1417,reduce_sum,1416,,2,38.0,0,38.0,1,Scalar,1422,False,0,96,,-1417
1418,load,121,,1,38.0,1,38.0,256,Vector,"1419, 1428",True,0,191,121,-1418
1419,reduce_sum,1418,,2,38.0,1,38.0,1,Scalar,1422,False,0,97,,-1419
1420,load,122,,1,38.0,2,38.0,256,Vector,"1421, 1431",True,0,192,122,-1420
1421,reduce_sum,1420,,2,38.0,2,38.0,1,Scalar,1423,False,0,98,,-1421
1422,add,1417,1419,3,,,38.0,1,Scalar,1423,False,0,99,,-1422
1423,add,1422,1421,4,,,38.0,1,Scalar,1424,False,0,100,,-1423
1424,mul,1423,3,5,38.0,,38.0,1,Scalar,"1425, 1428, 1431",False,0,101,,-1424
1425,sub,1416,1424,6,38.0,0,38.0,256,Vector,"1426, 1441",False,0,193,,-1425
1426,square_fp16_fp16_bf16,1425,,7,38.0,0,38.0,256,Vector,1427,False,0,194,,-1426
1427,reduce_sum_bf16,1426,,8,38.0,0,38.0,1,Scalar,1434,False,0,102,,-1427
1428,sub,1418,1424,6,38.0,1,38.0,256,Vector,"1429, 1445",False,0,195,,-1428
1429,square_fp16_fp16_bf16,1428,,7,38.0,1,38.0,256,Vector,1430,False,0,196,,-1429
1430,reduce_sum_bf16,1429,,8,38.0,1,38.0,1,Scalar,1434,False,0,103,,-1430
1431,sub,1420,1424,6,38.0,2,38.0,256,Vector,"1432, 1449",False,0,197,,-1431
1432,square_fp16_fp16_bf16,1431,,7,38.0,2,38.0,256,Vector,1433,False,0,198,,-1432
1433,reduce_sum_bf16,1432,,8,38.0,2,38.0,1,Scalar,1435,False,0,104,,-1433
1434,add_bf16,1427,1430,9,,,38.0,1,Scalar,1435,False,0,105,,-1434
1435,add_bf16,1434,1433,10,,,38.0,1,Scalar,1436,False,0,106,,-1435
1436,mul_bf16_fp16_fp16,1435,3,11,38.0,,38.0,1,Scalar,1437,False,0,107,,-1436
1437,add,1436,1,12,38.0,,38.0,1,Scalar,1438,False,0,108,,-1437
1438,sqrt,1437,,13,38.0,,38.0,1,Scalar,1439,False,0,109,,-1438
1439,mul,1438,2,14,38.0,,38.0,1,Scalar,1440,False,1,110,,-1439
1440,inv,1439,,15,38.0,,38.0,1,Scalar,"1441, 1445, 1449",False,0,111,,-1440
1441,mul,1425,1440,16,38.0,0,38.0,256,Vector,1442,False,0,199,,-1441
1442,mul,1441,4,17,38.0,0,38.0,256,Vector,1443,False,0,200,,-1442
1443,add,1442,5,18,38.0,0,38.0,256,Vector,1444,False,0,201,,-1443
1444,store,1443,114,19,38.0,0,38.0,256,Vector,,False,0,,114,-1444
1445,mul,1428,1440,16,38.0,1,38.0,256,Vector,1446,False,0,202,,-1445
1446,mul,1445,6,17,38.0,1,38.0,256,Vector,1447,False,0,203,,-1446
1447,add,1446,7,18,38.0,1,38.0,256,Vector,1448,False,0,204,,-1447
1448,store,1447,115,19,38.0,1,38.0,256,Vector,,False,0,,115,-1448
1449,mul,1431,1440,16,38.0,2,38.0,256,Vector,1450,False,0,205,,-1449
1450,mul,1449,8,17,38.0,2,38.0,256,Vector,1451,False,0,206,,-1450
1451,add,1450,9,18,38.0,2,38.0,256,Vector,1452,False,0,207,,-1451
1452,store,1451,116,19,38.0,2,38.0,256,Vector,,False,0,,116,-1452
1453,load,123,,1,39.0,0,39.0,256,Vector,"1454, 1462",True,0,208,123,-1453
1454,reduce_sum,1453,,2,39.0,0,39.0,1,Scalar,1459,False,0,112,,-1454
1455,load,124,,1,39.0,1,39.0,256,Vector,"1456, 1465",True,0,209,124,-1455
1456,reduce_sum,1455,,2,39.0,1,39.0,1,Scalar,1459,False,0,113,,-1456
1457,load,125,,1,39.0,2,39.0,256,Vector,"1458, 1468",True,0,210,125,-1457
1458,reduce_sum,1457,,2,39.0,2,39.0,1,Scalar,1460,False,0,114,,-1458
1459,add,1454,1456,3,,,39.0,1,Scalar,1460,False,0,115,,-1459
1460,add,1459,1458,4,,,39.0,1,Scalar,1461,False,0,116,,-1460
1461,mul,1460,3,5,39.0,,39.0,1,Scalar,"1462, 1465, 1468",False,0,117,,-1461
1462,sub,1453,1461,6,39.0,0,39.0,256,Vector,"1463, 1478",False,0,211,,-1462
1463,square_fp16_fp16_bf16,1462,,7,39.0,0,39.0,256,Vector,1464,False,0,212,,-1463
1464,reduce_sum_bf16,1463,,8,39.0,0,39.0,1,Scalar,1471,False,0,118,,-1464
1465,sub,1455,1461,6,39.0,1,39.0,256,Vector,"1466, 1482",False,0,213,,-1465
1466,square_fp16_fp16_bf16,1465,,7,39.0,1,39.0,256,Vector,1467,False,0,214,,-1466
1467,reduce_sum_bf16,1466,,8,39.0,1,39.0,1,Scalar,1471,False,0,119,,-1467
1468,sub,1457,1461,6,39.0,2,39.0,256,Vector,"1469, 1486",False,0,215,,-1468
1469,square_fp16_fp16_bf16,1468,,7,39.0,2,39.0,256,Vector,1470,False,0,216,,-1469
1470,reduce_sum_bf16,1469,,8,39.0,2,39.0,1,Scalar,1472,False,0,120,,-1470
1471,add_bf16,1464,1467,9,,,39.0,1,Scalar,1472,False,0,121,,-1471
1472,add_bf16,1471,1470,10,,,39.0,1,Scalar,1473,False,0,122,,-1472
1473,mul_bf16_fp16_fp16,1472,3,11,39.0,,39.0,1,Scalar,1474,False,0,123,,-1473
1474,add,1473,1,12,39.0,,39.0,1,Scalar,1475,False,0,124,,-1474
1475,sqrt,1474,,13,39.0,,39.0,1,Scalar,1476,False,0,125,,-1475
1476,mul,1475,2,14,39.0,,39.0,1,Scalar,1477,False,1,126,,-1476
1477,inv,1476,,15,39.0,,39.0,1,Scalar,"1478, 1482, 1486",False,0,127,,-1477
1478,mul,1462,1477,16,39.0,0,39.0,256,Vector,1479,False,0,217,,-1478
1479,mul,1478,4,17,39.0,0,39.0,256,Vector,1480,False,0,218,,-1479
1480,add,1479,5,18,39.0,0,39.0,256,Vector,1481,False,0,219,,-1480
1481,store,1480,117,19,39.0,0,39.0,256,Vector,,False,0,,117,-1481
1482,mul,1465,1477,16,39.0,1,39.0,256,Vector,1483,False,0,220,,-1482
1483,mul,1482,6,17,39.0,1,39.0,256,Vector,1484,False,0,221,,-1483
1484,add,1483,7,18,39.0,1,39.0,256,Vector,1485,False,0,222,,-1484
1485,store,1484,118,19,39.0,1,39.0,256,Vector,,False,0,,118,-1485
1486,mul,1468,1477,16,39.0,2,39.0,256,Vector,1487,False,0,223,,-1486
1487,mul,1486,8,17,39.0,2,39.0,256,Vector,1488,False,0,224,,-1487
1488,add,1487,9,18,39.0,2,39.0,256,Vector,1489,False,0,225,,-1488
1489,store,1488,119,19,39.0,2,39.0,256,Vector,,False,0,,119,-1489
1490,load,126,,1,40.0,0,40.0,256,Vector,"1491, 1499",True,0,226,126,-1490
1491,reduce_sum,1490,,2,40.0,0,40.0,1,Scalar,1496,False,0,128,,-1491
1492,load,127,,1,40.0,1,40.0,256,Vector,"1493, 1502",True,0,227,127,-1492
1493,reduce_sum,1492,,2,40.0,1,40.0,1,Scalar,1496,False,0,129,,-1493
1494,load,128,,1,40.0,2,40.0,256,Vector,"1495, 1505",True,0,228,128,-1494
1495,reduce_sum,1494,,2,40.0,2,40.0,1,Scalar,1497,False,0,130,,-1495
1496,add,1491,1493,3,,,40.0,1,Scalar,1497,False,0,131,,-1496
1497,add,1496,1495,4,,,40.0,1,Scalar,1498,False,0,132,,-1497
1498,mul,1497,3,5,40.0,,40.0,1,Scalar,"1499, 1502, 1505",False,0,133,,-1498
1499,sub,1490,1498,6,40.0,0,40.0,256,Vector,"1500, 1515",False,0,229,,-1499
1500,square_fp16_fp16_bf16,1499,,7,40.0,0,40.0,256,Vector,1501,False,0,230,,-1500
1501,reduce_sum_bf16,1500,,8,40.0,0,40.0,1,Scalar,1508,False,0,134,,-1501
1502,sub,1492,1498,6,40.0,1,40.0,256,Vector,"1503, 1519",False,0,231,,-1502
1503,square_fp16_fp16_bf16,1502,,7,40.0,1,40.0,256,Vector,1504,False,0,232,,-1503
1504,reduce_sum_bf16,1503,,8,40.0,1,40.0,1,Scalar,1508,False,0,135,,-1504
1505,sub,1494,1498,6,40.0,2,40.0,256,Vector,"1506, 1523",False,0,233,,-1505
1506,square_fp16_fp16_bf16,1505,,7,40.0,2,40.0,256,Vector,1507,False,0,234,,-1506
1507,reduce_sum_bf16,1506,,8,40.0,2,40.0,1,Scalar,1509,False,0,136,,-1507
1508,add_bf16,1501,1504,9,,,40.0,1,Scalar,1509,False,0,137,,-1508
1509,add_bf16,1508,1507,10,,,40.0,1,Scalar,1510,False,0,138,,-1509
1510,mul_bf16_fp16_fp16,1509,3,11,40.0,,40.0,1,Scalar,1511,False,0,139,,-1510
1511,add,1510,1,12,40.0,,40.0,1,Scalar,1512,False,0,140,,-1511
1512,sqrt,1511,,13,40.0,,40.0,1,Scalar,1513,False,0,141,,-1512
1513,mul,1512,2,14,40.0,,40.0,1,Scalar,1514,False,1,142,,-1513
1514,inv,1513,,15,40.0,,40.0,1,Scalar,"1515, 1519, 1523",False,0,143,,-1514
1515,mul,1499,1514,16,40.0,0,40.0,256,Vector,1516,False,0,235,,-1515
1516,mul,1515,4,17,40.0,0,40.0,256,Vector,1517,False,0,236,,-1516
1517,add,1516,5,18,40.0,0,40.0,256,Vector,1518,False,0,237,,-1517
1518,store,1517,120,19,40.0,0,40.0,256,Vector,,False,0,,120,-1518
1519,mul,1502,1514,16,40.0,1,40.0,256,Vector,1520,False,0,238,,-1519
1520,mul,1519,6,17,40.0,1,40.0,256,Vector,1521,False,0,239,,-1520
1521,add,1520,7,18,40.0,1,40.0,256,Vector,1522,False,0,240,,-1521
1522,store,1521,121,19,40.0,1,40.0,256,Vector,,False,0,,121,-1522
1523,mul,1505,1514,16,40.0,2,40.0,256,Vector,1524,False,0,241,,-1523
1524,mul,1523,8,17,40.0,2,40.0,256,Vector,1525,False,0,242,,-1524
1525,add,1524,9,18,40.0,2,40.0,256,Vector,1526,False,0,243,,-1525
1526,store,1525,122,19,40.0,2,40.0,256,Vector,,False,0,,122,-1526
1527,load,129,,1,41.0,0,41.0,256,Vector,"1528, 1536",True,0,244,129,-1527
1528,reduce_sum,1527,,2,41.0,0,41.0,1,Scalar,1533,False,0,144,,-1528
1529,load,130,,1,41.0,1,41.0,256,Vector,"1530, 1539",True,0,245,130,-1529
1530,reduce_sum,1529,,2,41.0,1,41.0,1,Scalar,1533,False,0,145,,-1530
1531,load,131,,1,41.0,2,41.0,256,Vector,"1532, 1542",True,0,246,131,-1531
1532,reduce_sum,1531,,2,41.0,2,41.0,1,Scalar,1534,False,0,146,,-1532
1533,add,1528,1530,3,,,41.0,1,Scalar,1534,False,0,147,,-1533
1534,add,1533,1532,4,,,41.0,1,Scalar,1535,False,0,148,,-1534
1535,mul,1534,3,5,41.0,,41.0,1,Scalar,"1536, 1539, 1542",False,0,149,,-1535
1536,sub,1527,1535,6,41.0,0,41.0,256,Vector,"1537, 1552",False,0,247,,-1536
1537,square_fp16_fp16_bf16,1536,,7,41.0,0,41.0,256,Vector,1538,False,0,248,,-1537
1538,reduce_sum_bf16,1537,,8,41.0,0,41.0,1,Scalar,1545,False,0,150,,-1538
1539,sub,1529,1535,6,41.0,1,41.0,256,Vector,"1540, 1556",False,0,249,,-1539
1540,square_fp16_fp16_bf16,1539,,7,41.0,1,41.0,256,Vector,1541,False,0,250,,-1540
1541,reduce_sum_bf16,1540,,8,41.0,1,41.0,1,Scalar,1545,False,0,151,,-1541
1542,sub,1531,1535,6,41.0,2,41.0,256,Vector,"1543, 1560",False,0,251,,-1542
1543,square_fp16_fp16_bf16,1542,,7,41.0,2,41.0,256,Vector,1544,False,0,252,,-1543
1544,reduce_sum_bf16,1543,,8,41.0,2,41.0,1,Scalar,1546,False,0,152,,-1544
1545,add_bf16,1538,1541,9,,,41.0,1,Scalar,1546,False,0,153,,-1545
1546,add_bf16,1545,1544,10,,,41.0,1,Scalar,1547,False,0,154,,-1546
1547,mul_bf16_fp16_fp16,1546,3,11,41.0,,41.0,1,Scalar,1548,False,0,155,,-1547
1548,add,1547,1,12,41.0,,41.0,1,Scalar,1549,False,0,156,,-1548
1549,sqrt,1548,,13,41.0,,41.0,1,Scalar,1550,False,0,157,,-1549
1550,mul,1549,2,14,41.0,,41.0,1,Scalar,1551,False,1,158,,-1550
1551,inv,1550,,15,41.0,,41.0,1,Scalar,"1552, 1556, 1560",False,0,159,,-1551
1552,mul,1536,1551,16,41.0,0,41.0,256,Vector,1553,False,0,253,,-1552
1553,mul,1552,4,17,41.0,0,41.0,256,Vector,1554,False,0,254,,-1553
1554,add,1553,5,18,41.0,0,41.0,256,Vector,1555,False,0,255,,-1554
1555,store,1554,123,19,41.0,0,41.0,256,Vector,,False,0,,123,-1555
1556,mul,1539,1551,16,41.0,1,41.0,256,Vector,1557,False,0,6,,-1556
1557,mul,1556,6,17,41.0,1,41.0,256,Vector,1558,False,0,7,,-1557
1558,add,1557,7,18,41.0,1,41.0,256,Vector,1559,False,0,8,,-1558
1559,store,1558,124,19,41.0,1,41.0,256,Vector,,False,0,,124,-1559
1560,mul,1542,1551,16,41.0,2,41.0,256,Vector,1561,False,0,9,,-1560
1561,mul,1560,8,17,41.0,2,41.0,256,Vector,1562,False,0,10,,-1561
1562,add,1561,9,18,41.0,2,41.0,256,Vector,1563,False,0,11,,-1562
1563,store,1562,125,19,41.0,2,41.0,256,Vector,,False,0,,125,-1563
1564,load,132,,1,42.0,0,42.0,256,Vector,"1565, 1573",True,0,12,132,-1564
1565,reduce_sum,1564,,2,42.0,0,42.0,1,Scalar,1570,False,0,160,,-1565
1566,load,133,,1,42.0,1,42.0,256,Vector,"1567, 1576",True,0,13,133,-1566
1567,reduce_sum,1566,,2,42.0,1,42.0,1,Scalar,1570,False,0,161,,-1567
1568,load,134,,1,42.0,2,42.0,256,Vector,"1569, 1579",True,0,14,134,-1568
1569,reduce_sum,1568,,2,42.0,2,42.0,1,Scalar,1571,False,0,162,,-1569
1570,add,1565,1567,3,,,42.0,1,Scalar,1571,False,0,163,,-1570
1571,add,1570,1569,4,,,42.0,1,Scalar,1572,False,0,164,,-1571
1572,mul,1571,3,5,42.0,,42.0,1,Scalar,"1573, 1576, 1579",False,0,165,,-1572
1573,sub,1564,1572,6,42.0,0,42.0,256,Vector,"1574, 1589",False,0,15,,-1573
1574,square_fp16_fp16_bf16,1573,,7,42.0,0,42.0,256,Vector,1575,False,0,16,,-1574
1575,reduce_sum_bf16,1574,,8,42.0,0,42.0,1,Scalar,1582,False,0,166,,-1575
1576,sub,1566,1572,6,42.0,1,42.0,256,Vector,"1577, 1593",False,0,17,,-1576
1577,square_fp16_fp16_bf16,1576,,7,42.0,1,42.0,256,Vector,1578,False,0,18,,-1577
1578,reduce_sum_bf16,1577,,8,42.0,1,42.0,1,Scalar,1582,False,0,167,,-1578
1579,sub,1568,1572,6,42.0,2,42.0,256,Vector,"1580, 1597",False,0,19,,-1579
1580,square_fp16_fp16_bf16,1579,,7,42.0,2,42.0,256,Vector,1581,False,0,20,,-1580
1581,reduce_sum_bf16,1580,,8,42.0,2,42.0,1,Scalar,1583,False,0,168,,-1581
1582,add_bf16,1575,1578,9,,,42.0,1,Scalar,1583,False,0,169,,-1582
1583,add_bf16,1582,1581,10,,,42.0,1,Scalar,1584,False,0,170,,-1583
1584,mul_bf16_fp16_fp16,1583,3,11,42.0,,42.0,1,Scalar,1585,False,0,171,,-1584
1585,add,1584,1,12,42.0,,42.0,1,Scalar,1586,False,0,172,,-1585
1586,sqrt,1585,,13,42.0,,42.0,1,Scalar,1587,False,0,173,,-1586
1587,mul,1586,2,14,42.0,,42.0,1,Scalar,1588,False,1,174,,-1587
1588,inv,1587,,15,42.0,,42.0,1,Scalar,"1589, 1593, 1597",False,0,175,,-1588
1589,mul,1573,1588,16,42.0,0,42.0,256,Vector,1590,False,0,21,,-1589
1590,mul,1589,4,17,42.0,0,42.0,256,Vector,1591,False,0,22,,-1590
1591,add,1590,5,18,42.0,0,42.0,256,Vector,1592,False,0,23,,-1591
1592,store,1591,126,19,42.0,0,42.0,256,Vector,,False,0,,126,-1592
1593,mul,1576,1588,16,42.0,1,42.0,256,Vector,1594,False,0,24,,-1593
1594,mul,1593,6,17,42.0,1,42.0,256,Vector,1595,False,0,25,,-1594
1595,add,1594,7,18,42.0,1,42.0,256,Vector,1596,False,0,26,,-1595
1596,store,1595,127,19,42.0,1,42.0,256,Vector,,False,0,,127,-1596
1597,mul,1579,1588,16,42.0,2,42.0,256,Vector,1598,False,0,27,,-1597
1598,mul,1597,8,17,42.0,2,42.0,256,Vector,1599,False,0,28,,-1598
1599,add,1598,9,18,42.0,2,42.0,256,Vector,1600,False,0,29,,-1599
1600,store,1599,128,19,42.0,2,42.0,256,Vector,,False,0,,128,-1600
1601,load,135,,1,43.0,0,43.0,256,Vector,"1602, 1610",True,0,30,135,-1601
1602,reduce_sum,1601,,2,43.0,0,43.0,1,Scalar,1607,False,0,176,,-1602
1603,load,136,,1,43.0,1,43.0,256,Vector,"1604, 1613",True,0,31,136,-1603
1604,reduce_sum,1603,,2,43.0,1,43.0,1,Scalar,1607,False,0,177,,-1604
1605,load,137,,1,43.0,2,43.0,256,Vector,"1606, 1616",True,0,32,137,-1605
1606,reduce_sum,1605,,2,43.0,2,43.0,1,Scalar,1608,False,0,178,,-1606
1607,add,1602,1604,3,,,43.0,1,Scalar,1608,False,0,179,,-1607
1608,add,1607,1606,4,,,43.0,1,Scalar,1609,False,0,180,,-1608
1609,mul,1608,3,5,43.0,,43.0,1,Scalar,"1610, 1613, 1616",False,0,181,,-1609
1610,sub,1601,1609,6,43.0,0,43.0,256,Vector,"1611, 1626",False,0,33,,-1610
1611,square_fp16_fp16_bf16,1610,,7,43.0,0,43.0,256,Vector,1612,False,0,34,,-1611
1612,reduce_sum_bf16,1611,,8,43.0,0,43.0,1,Scalar,1619,False,0,182,,-1612
1613,sub,1603,1609,6,43.0,1,43.0,256,Vector,"1614, 1630",False,0,35,,-1613
1614,square_fp16_fp16_bf16,1613,,7,43.0,1,43.0,256,Vector,1615,False,0,36,,-1614
1615,reduce_sum_bf16,1614,,8,43.0,1,43.0,1,Scalar,1619,False,0,183,,-1615
1616,sub,1605,1609,6,43.0,2,43.0,256,Vector,"1617, 1634",False,0,37,,-1616
1617,square_fp16_fp16_bf16,1616,,7,43.0,2,43.0,256,Vector,1618,False,0,38,,-1617
1618,reduce_sum_bf16,1617,,8,43.0,2,43.0,1,Scalar,1620,False,0,184,,-1618
1619,add_bf16,1612,1615,9,,,43.0,1,Scalar,1620,False,0,185,,-1619
1620,add_bf16,1619,1618,10,,,43.0,1,Scalar,1621,False,0,186,,-1620
1621,mul_bf16_fp16_fp16,1620,3,11,43.0,,43.0,1,Scalar,1622,False,0,187,,-1621
1622,add,1621,1,12,43.0,,43.0,1,Scalar,1623,False,0,188,,-1622
1623,sqrt,1622,,13,43.0,,43.0,1,Scalar,1624,False,0,189,,-1623
1624,mul,1623,2,14,43.0,,43.0,1,Scalar,1625,False,1,190,,-1624
1625,inv,1624,,15,43.0,,43.0,1,Scalar,"1626, 1630, 1634",False,0,191,,-1625
1626,mul,1610,1625,16,43.0,0,43.0,256,Vector,1627,False,0,39,,-1626
1627,mul,1626,4,17,43.0,0,43.0,256,Vector,1628,False,0,40,,-1627
1628,add,1627,5,18,43.0,0,43.0,256,Vector,1629,False,0,41,,-1628
1629,store,1628,129,19,43.0,0,43.0,256,Vector,,False,0,,129,-1629
1630,mul,1613,1625,16,43.0,1,43.0,256,Vector,1631,False,0,42,,-1630
1631,mul,1630,6,17,43.0,1,43.0,256,Vector,1632,False,0,43,,-1631
1632,add,1631,7,18,43.0,1,43.0,256,Vector,1633,False,0,44,,-1632
1633,store,1632,130,19,43.0,1,43.0,256,Vector,,False,0,,130,-1633
1634,mul,1616,1625,16,43.0,2,43.0,256,Vector,1635,False,0,45,,-1634
1635,mul,1634,8,17,43.0,2,43.0,256,Vector,1636,False,0,46,,-1635
1636,add,1635,9,18,43.0,2,43.0,256,Vector,1637,False,0,47,,-1636
1637,store,1636,131,19,43.0,2,43.0,256,Vector,,False,0,,131,-1637
1638,load,138,,1,44.0,0,44.0,256,Vector,"1639, 1647",True,0,48,138,-1638
1639,reduce_sum,1638,,2,44.0,0,44.0,1,Scalar,1644,False,0,192,,-1639
1640,load,139,,1,44.0,1,44.0,256,Vector,"1641, 1650",True,0,49,139,-1640
1641,reduce_sum,1640,,2,44.0,1,44.0,1,Scalar,1644,False,0,193,,-1641
1642,load,140,,1,44.0,2,44.0,256,Vector,"1643, 1653",True,0,50,140,-1642
1643,reduce_sum,1642,,2,44.0,2,44.0,1,Scalar,1645,False,0,194,,-1643
1644,add,1639,1641,3,,,44.0,1,Scalar,1645,False,0,195,,-1644
1645,add,1644,1643,4,,,44.0,1,Scalar,1646,False,0,196,,-1645
1646,mul,1645,3,5,44.0,,44.0,1,Scalar,"1647, 1650, 1653",False,0,197,,-1646
1647,sub,1638,1646,6,44.0,0,44.0,256,Vector,"1648, 1663",False,0,51,,-1647
1648,square_fp16_fp16_bf16,1647,,7,44.0,0,44.0,256,Vector,1649,False,0,52,,-1648
1649,reduce_sum_bf16,1648,,8,44.0,0,44.0,1,Scalar,1656,False,0,198,,-1649
1650,sub,1640,1646,6,44.0,1,44.0,256,Vector,"1651, 1667",False,0,53,,-1650
1651,square_fp16_fp16_bf16,1650,,7,44.0,1,44.0,256,Vector,1652,False,0,54,,-1651
1652,reduce_sum_bf16,1651,,8,44.0,1,44.0,1,Scalar,1656,False,0,199,,-1652
1653,sub,1642,1646,6,44.0,2,44.0,256,Vector,"1654, 1671",False,0,55,,-1653
1654,square_fp16_fp16_bf16,1653,,7,44.0,2,44.0,256,Vector,1655,False,0,56,,-1654
1655,reduce_sum_bf16,1654,,8,44.0,2,44.0,1,Scalar,1657,False,0,200,,-1655
1656,add_bf16,1649,1652,9,,,44.0,1,Scalar,1657,False,0,201,,-1656
1657,add_bf16,1656,1655,10,,,44.0,1,Scalar,1658,False,0,202,,-1657
1658,mul_bf16_fp16_fp16,1657,3,11,44.0,,44.0,1,Scalar,1659,False,0,203,,-1658
1659,add,1658,1,12,44.0,,44.0,1,Scalar,1660,False,0,204,,-1659
1660,sqrt,1659,,13,44.0,,44.0,1,Scalar,1661,False,0,205,,-1660
1661,mul,1660,2,14,44.0,,44.0,1,Scalar,1662,False,1,206,,-1661
1662,inv,1661,,15,44.0,,44.0,1,Scalar,"1663, 1667, 1671",False,0,207,,-1662
1663,mul,1647,1662,16,44.0,0,44.0,256,Vector,1664,False,0,57,,-1663
1664,mul,1663,4,17,44.0,0,44.0,256,Vector,1665,False,0,58,,-1664
1665,add,1664,5,18,44.0,0,44.0,256,Vector,1666,False,0,59,,-1665
1666,store,1665,132,19,44.0,0,44.0,256,Vector,,False,0,,132,-1666
1667,mul,1650,1662,16,44.0,1,44.0,256,Vector,1668,False,0,60,,-1667
1668,mul,1667,6,17,44.0,1,44.0,256,Vector,1669,False,0,61,,-1668
1669,add,1668,7,18,44.0,1,44.0,256,Vector,1670,False,0,62,,-1669
1670,store,1669,133,19,44.0,1,44.0,256,Vector,,False,0,,133,-1670
1671,mul,1653,1662,16,44.0,2,44.0,256,Vector,1672,False,0,63,,-1671
1672,mul,1671,8,17,44.0,2,44.0,256,Vector,1673,False,0,64,,-1672
1673,add,1672,9,18,44.0,2,44.0,256,Vector,1674,False,0,65,,-1673
1674,store,1673,134,19,44.0,2,44.0,256,Vector,,False,0,,134,-1674
1675,load,141,,1,45.0,0,45.0,256,Vector,"1676, 1684",True,0,66,141,-1675
1676,reduce_sum,1675,,2,45.0,0,45.0,1,Scalar,1681,False,0,208,,-1676
1677,load,142,,1,45.0,1,45.0,256,Vector,"1678, 1687",True,0,67,142,-1677
1678,reduce_sum,1677,,2,45.0,1,45.0,1,Scalar,1681,False,0,209,,-1678
1679,load,143,,1,45.0,2,45.0,256,Vector,"1680, 1690",True,0,68,143,-1679
1680,reduce_sum,1679,,2,45.0,2,45.0,1,Scalar,1682,False,0,210,,-1680
1681,add,1676,1678,3,,,45.0,1,Scalar,1682,False,0,211,,-1681
1682,add,1681,1680,4,,,45.0,1,Scalar,1683,False,0,212,,-1682
1683,mul,1682,3,5,45.0,,45.0,1,Scalar,"1684, 1687, 1690",False,0,213,,-1683
1684,sub,1675,1683,6,45.0,0,45.0,256,Vector,"1685, 1700",False,0,69,,-1684
1685,square_fp16_fp16_bf16,1684,,7,45.0,0,45.0,256,Vector,1686,False,0,70,,-1685
1686,reduce_sum_bf16,1685,,8,45.0,0,45.0,1,Scalar,1693,False,0,214,,-1686
1687,sub,1677,1683,6,45.0,1,45.0,256,Vector,"1688, 1704",False,0,71,,-1687
1688,square_fp16_fp16_bf16,1687,,7,45.0,1,45.0,256,Vector,1689,False,0,72,,-1688
1689,reduce_sum_bf16,1688,,8,45.0,1,45.0,1,Scalar,1693,False,0,215,,-1689
1690,sub,1679,1683,6,45.0,2,45.0,256,Vector,"1691, 1708",False,0,73,,-1690
1691,square_fp16_fp16_bf16,1690,,7,45.0,2,45.0,256,Vector,1692,False,0,74,,-1691
1692,reduce_sum_bf16,1691,,8,45.0,2,45.0,1,Scalar,1694,False,0,216,,-1692
1693,add_bf16,1686,1689,9,,,45.0,1,Scalar,1694,False,0,217,,-1693
1694,add_bf16,1693,1692,10,,,45.0,1,Scalar,1695,False,0,218,,-1694
1695,mul_bf16_fp16_fp16,1694,3,11,45.0,,45.0,1,Scalar,1696,False,0,219,,-1695
1696,add,1695,1,12,45.0,,45.0,1,Scalar,1697,False,0,220,,-1696
1697,sqrt,1696,,13,45.0,,45.0,1,Scalar,1698,False,0,221,,-1697
1698,mul,1697,2,14,45.0,,45.0,1,Scalar,1699,False,1,222,,-1698
1699,inv,1698,,15,45.0,,45.0,1,Scalar,"1700, 1704, 1708",False,0,223,,-1699
1700,mul,1684,1699,16,45.0,0,45.0,256,Vector,1701,False,0,75,,-1700
1701,mul,1700,4,17,45.0,0,45.0,256,Vector,1702,False,0,76,,-1701
1702,add,1701,5,18,45.0,0,45.0,256,Vector,1703,False,0,77,,-1702
1703,store,1702,135,19,45.0,0,45.0,256,Vector,,False,0,,135,-1703
1704,mul,1687,1699,16,45.0,1,45.0,256,Vector,1705,False,0,78,,-1704
1705,mul,1704,6,17,45.0,1,45.0,256,Vector,1706,False,0,79,,-1705
1706,add,1705,7,18,45.0,1,45.0,256,Vector,1707,False,0,80,,-1706
1707,store,1706,136,19,45.0,1,45.0,256,Vector,,False,0,,136,-1707
1708,mul,1690,1699,16,45.0,2,45.0,256,Vector,1709,False,0,81,,-1708
1709,mul,1708,8,17,45.0,2,45.0,256,Vector,1710,False,0,82,,-1709
1710,add,1709,9,18,45.0,2,45.0,256,Vector,1711,False,0,83,,-1710
1711,store,1710,137,19,45.0,2,45.0,256,Vector,,False,0,,137,-1711
1712,load,144,,1,46.0,0,46.0,256,Vector,"1713, 1721",True,0,84,144,-1712
1713,reduce_sum,1712,,2,46.0,0,46.0,1,Scalar,1718,False,0,224,,-1713
1714,load,145,,1,46.0,1,46.0,256,Vector,"1715, 1724",True,0,85,145,-1714
1715,reduce_sum,1714,,2,46.0,1,46.0,1,Scalar,1718,False,0,225,,-1715
1716,load,146,,1,46.0,2,46.0,256,Vector,"1717, 1727",True,0,86,146,-1716
1717,reduce_sum,1716,,2,46.0,2,46.0,1,Scalar,1719,False,0,226,,-1717
1718,add,1713,1715,3,,,46.0,1,Scalar,1719,False,0,227,,-1718
1719,add,1718,1717,4,,,46.0,1,Scalar,1720,False,0,228,,-1719
1720,mul,1719,3,5,46.0,,46.0,1,Scalar,"1721, 1724, 1727",False,0,229,,-1720
1721,sub,1712,1720,6,46.0,0,46.0,256,Vector,"1722, 1737",False,0,87,,-1721
1722,square_fp16_fp16_bf16,1721,,7,46.0,0,46.0,256,Vector,1723,False,0,88,,-1722
1723,reduce_sum_bf16,1722,,8,46.0,0,46.0,1,Scalar,1730,False,0,230,,-1723
1724,sub,1714,1720,6,46.0,1,46.0,256,Vector,"1725, 1741",False,0,89,,-1724
1725,square_fp16_fp16_bf16,1724,,7,46.0,1,46.0,256,Vector,1726,False,0,90,,-1725
1726,reduce_sum_bf16,1725,,8,46.0,1,46.0,1,Scalar,1730,False,0,231,,-1726
1727,sub,1716,1720,6,46.0,2,46.0,256,Vector,"1728, 1745",False,0,91,,-1727
1728,square_fp16_fp16_bf16,1727,,7,46.0,2,46.0,256,Vector,1729,False,0,92,,-1728
1729,reduce_sum_bf16,1728,,8,46.0,2,46.0,1,Scalar,1731,False,0,232,,-1729
1730,add_bf16,1723,1726,9,,,46.0,1,Scalar,1731,False,0,233,,-1730
1731,add_bf16,1730,1729,10,,,46.0,1,Scalar,1732,False,0,234,,-1731
1732,mul_bf16_fp16_fp16,1731,3,11,46.0,,46.0,1,Scalar,1733,False,0,235,,-1732
1733,add,1732,1,12,46.0,,46.0,1,Scalar,1734,False,0,236,,-1733
1734,sqrt,1733,,13,46.0,,46.0,1,Scalar,1735,False,0,237,,-1734
1735,mul,1734,2,14,46.0,,46.0,1,Scalar,1736,False,1,238,,-1735
1736,inv,1735,,15,46.0,,46.0,1,Scalar,"1737, 1741, 1745",False,0,239,,-1736
1737,mul,1721,1736,16,46.0,0,46.0,256,Vector,1738,False,0,93,,-1737
1738,mul,1737,4,17,46.0,0,46.0,256,Vector,1739,False,0,94,,-1738
1739,add,1738,5,18,46.0,0,46.0,256,Vector,1740,False,0,95,,-1739
1740,store,1739,138,19,46.0,0,46.0,256,Vector,,False,0,,138,-1740
1741,mul,1724,1736,16,46.0,1,46.0,256,Vector,1742,False,0,96,,-1741
1742,mul,1741,6,17,46.0,1,46.0,256,Vector,1743,False,0,97,,-1742
1743,add,1742,7,18,46.0,1,46.0,256,Vector,1744,False,0,98,,-1743
1744,store,1743,139,19,46.0,1,46.0,256,Vector,,False,0,,139,-1744
1745,mul,1727,1736,16,46.0,2,46.0,256,Vector,1746,False,0,99,,-1745
1746,mul,1745,8,17,46.0,2,46.0,256,Vector,1747,False,0,100,,-1746
1747,add,1746,9,18,46.0,2,46.0,256,Vector,1748,False,0,101,,-1747
1748,store,1747,140,19,46.0,2,46.0,256,Vector,,False,0,,140,-1748
1749,load,147,,1,47.0,0,47.0,256,Vector,"1750, 1758",True,0,102,147,-1749
1750,reduce_sum,1749,,2,47.0,0,47.0,1,Scalar,1755,False,0,240,,-1750
1751,load,148,,1,47.0,1,47.0,256,Vector,"1752, 1761",True,0,103,148,-1751
1752,reduce_sum,1751,,2,47.0,1,47.0,1,Scalar,1755,False,0,241,,-1752
1753,load,149,,1,47.0,2,47.0,256,Vector,"1754, 1764",True,0,104,149,-1753
1754,reduce_sum,1753,,2,47.0,2,47.0,1,Scalar,1756,False,0,242,,-1754
1755,add,1750,1752,3,,,47.0,1,Scalar,1756,False,0,243,,-1755
1756,add,1755,1754,4,,,47.0,1,Scalar,1757,False,0,244,,-1756
1757,mul,1756,3,5,47.0,,47.0,1,Scalar,"1758, 1761, 1764",False,0,245,,-1757
1758,sub,1749,1757,6,47.0,0,47.0,256,Vector,"1759, 1774",False,0,105,,-1758
1759,square_fp16_fp16_bf16,1758,,7,47.0,0,47.0,256,Vector,1760,False,0,106,,-1759
1760,reduce_sum_bf16,1759,,8,47.0,0,47.0,1,Scalar,1767,False,0,246,,-1760
1761,sub,1751,1757,6,47.0,1,47.0,256,Vector,"1762, 1778",False,0,107,,-1761
1762,square_fp16_fp16_bf16,1761,,7,47.0,1,47.0,256,Vector,1763,False,0,108,,-1762
1763,reduce_sum_bf16,1762,,8,47.0,1,47.0,1,Scalar,1767,False,0,247,,-1763
1764,sub,1753,1757,6,47.0,2,47.0,256,Vector,"1765, 1782",False,0,109,,-1764
1765,square_fp16_fp16_bf16,1764,,7,47.0,2,47.0,256,Vector,1766,False,0,110,,-1765
1766,reduce_sum_bf16,1765,,8,47.0,2,47.0,1,Scalar,1768,False,0,248,,-1766
1767,add_bf16,1760,1763,9,,,47.0,1,Scalar,1768,False,0,249,,-1767
1768,add_bf16,1767,1766,10,,,47.0,1,Scalar,1769,False,0,250,,-1768
1769,mul_bf16_fp16_fp16,1768,3,11,47.0,,47.0,1,Scalar,1770,False,0,251,,-1769
1770,add,1769,1,12,47.0,,47.0,1,Scalar,1771,False,0,252,,-1770
1771,sqrt,1770,,13,47.0,,47.0,1,Scalar,1772,False,0,253,,-1771
1772,mul,1771,2,14,47.0,,47.0,1,Scalar,1773,False,1,254,,-1772
1773,inv,1772,,15,47.0,,47.0,1,Scalar,"1774, 1778, 1782",False,0,255,,-1773
1774,mul,1758,1773,16,47.0,0,47.0,256,Vector,1775,False,0,111,,-1774
1775,mul,1774,4,17,47.0,0,47.0,256,Vector,1776,False,0,112,,-1775
1776,add,1775,5,18,47.0,0,47.0,256,Vector,1777,False,0,113,,-1776
1777,store,1776,141,19,47.0,0,47.0,256,Vector,,False,0,,141,-1777
1778,mul,1761,1773,16,47.0,1,47.0,256,Vector,1779,False,0,114,,-1778
1779,mul,1778,6,17,47.0,1,47.0,256,Vector,1780,False,0,115,,-1779
1780,add,1779,7,18,47.0,1,47.0,256,Vector,1781,False,0,116,,-1780
1781,store,1780,142,19,47.0,1,47.0,256,Vector,,False,0,,142,-1781
1782,mul,1764,1773,16,47.0,2,47.0,256,Vector,1783,False,0,117,,-1782
1783,mul,1782,8,17,47.0,2,47.0,256,Vector,1784,False,0,118,,-1783
1784,add,1783,9,18,47.0,2,47.0,256,Vector,1785,False,0,119,,-1784
1785,store,1784,143,19,47.0,2,47.0,256,Vector,,False,0,,143,-1785
1786,load,150,,1,48.0,0,48.0,256,Vector,"1787, 1795",True,0,120,150,-1786
1787,reduce_sum,1786,,2,48.0,0,48.0,1,Scalar,1792,False,0,0,,-1787
1788,load,151,,1,48.0,1,48.0,256,Vector,"1789, 1798",True,0,121,151,-1788
1789,reduce_sum,1788,,2,48.0,1,48.0,1,Scalar,1792,False,0,1,,-1789
1790,load,152,,1,48.0,2,48.0,256,Vector,"1791, 1801",True,0,122,152,-1790
1791,reduce_sum,1790,,2,48.0,2,48.0,1,Scalar,1793,False,0,2,,-1791
1792,add,1787,1789,3,,,48.0,1,Scalar,1793,False,0,3,,-1792
1793,add,1792,1791,4,,,48.0,1,Scalar,1794,False,0,4,,-1793
1794,mul,1793,3,5,48.0,,48.0,1,Scalar,"1795, 1798, 1801",False,0,5,,-1794
1795,sub,1786,1794,6,48.0,0,48.0,256,Vector,"1796, 1811",False,0,123,,-1795
1796,square_fp16_fp16_bf16,1795,,7,48.0,0,48.0,256,Vector,1797,False,0,124,,-1796
1797,reduce_sum_bf16,1796,,8,48.0,0,48.0,1,Scalar,1804,False,0,6,,-1797
1798,sub,1788,1794,6,48.0,1,48.0,256,Vector,"1799, 1815",False,0,125,,-1798
1799,square_fp16_fp16_bf16,1798,,7,48.0,1,48.0,256,Vector,1800,False,0,126,,-1799
1800,reduce_sum_bf16,1799,,8,48.0,1,48.0,1,Scalar,1804,False,0,7,,-1800
1801,sub,1790,1794,6,48.0,2,48.0,256,Vector,"1802, 1819",False,0,127,,-1801
1802,square_fp16_fp16_bf16,1801,,7,48.0,2,48.0,256,Vector,1803,False,0,128,,-1802
1803,reduce_sum_bf16,1802,,8,48.0,2,48.0,1,Scalar,1805,False,0,8,,-1803
1804,add_bf16,1797,1800,9,,,48.0,1,Scalar,1805,False,0,9,,-1804
1805,add_bf16,1804,1803,10,,,48.0,1,Scalar,1806,False,0,10,,-1805
1806,mul_bf16_fp16_fp16,1805,3,11,48.0,,48.0,1,Scalar,1807,False,0,11,,-1806
1807,add,1806,1,12,48.0,,48.0,1,Scalar,1808,False,0,12,,-1807
1808,sqrt,1807,,13,48.0,,48.0,1,Scalar,1809,False,0,13,,-1808
1809,mul,1808,2,14,48.0,,48.0,1,Scalar,1810,False,1,14,,-1809
1810,inv,1809,,15,48.0,,48.0,1,Scalar,"1811, 1815, 1819",False,0,15,,-1810
1811,mul,1795,1810,16,48.0,0,48.0,256,Vector,1812,False,0,129,,-1811
1812,mul,1811,4,17,48.0,0,48.0,256,Vector,1813,False,0,130,,-1812
1813,add,1812,5,18,48.0,0,48.0,256,Vector,1814,False,0,131,,-1813
1814,store,1813,144,19,48.0,0,48.0,256,Vector,,False,0,,144,-1814
1815,mul,1798,1810,16,48.0,1,48.0,256,Vector,1816,False,0,132,,-1815
1816,mul,1815,6,17,48.0,1,48.0,256,Vector,1817,False,0,133,,-1816
1817,add,1816,7,18,48.0,1,48.0,256,Vector,1818,False,0,134,,-1817
1818,store,1817,145,19,48.0,1,48.0,256,Vector,,False,0,,145,-1818
1819,mul,1801,1810,16,48.0,2,48.0,256,Vector,1820,False,0,135,,-1819
1820,mul,1819,8,17,48.0,2,48.0,256,Vector,1821,False,0,136,,-1820
1821,add,1820,9,18,48.0,2,48.0,256,Vector,1822,False,0,137,,-1821
1822,store,1821,146,19,48.0,2,48.0,256,Vector,,False,0,,146,-1822
1823,load,153,,1,49.0,0,49.0,256,Vector,"1824, 1832",True,0,138,153,-1823
1824,reduce_sum,1823,,2,49.0,0,49.0,1,Scalar,1829,False,0,16,,-1824
1825,load,154,,1,49.0,1,49.0,256,Vector,"1826, 1835",True,0,139,154,-1825
1826,reduce_sum,1825,,2,49.0,1,49.0,1,Scalar,1829,False,0,17,,-1826
1827,load,155,,1,49.0,2,49.0,256,Vector,"1828, 1838",True,0,140,155,-1827
1828,reduce_sum,1827,,2,49.0,2,49.0,1,Scalar,1830,False,0,18,,-1828
1829,add,1824,1826,3,,,49.0,1,Scalar,1830,False,0,19,,-1829
1830,add,1829,1828,4,,,49.0,1,Scalar,1831,False,0,20,,-1830
1831,mul,1830,3,5,49.0,,49.0,1,Scalar,"1832, 1835, 1838",False,0,21,,-1831
1832,sub,1823,1831,6,49.0,0,49.0,256,Vector,"1833, 1848",False,0,141,,-1832
1833,square_fp16_fp16_bf16,1832,,7,49.0,0,49.0,256,Vector,1834,False,0,142,,-1833
1834,reduce_sum_bf16,1833,,8,49.0,0,49.0,1,Scalar,1841,False,0,22,,-1834
1835,sub,1825,1831,6,49.0,1,49.0,256,Vector,"1836, 1852",False,0,143,,-1835
1836,square_fp16_fp16_bf16,1835,,7,49.0,1,49.0,256,Vector,1837,False,0,144,,-1836
1837,reduce_sum_bf16,1836,,8,49.0,1,49.0,1,Scalar,1841,False,0,23,,-1837
1838,sub,1827,1831,6,49.0,2,49.0,256,Vector,"1839, 1856",False,0,145,,-1838
1839,square_fp16_fp16_bf16,1838,,7,49.0,2,49.0,256,Vector,1840,False,0,146,,-1839
1840,reduce_sum_bf16,1839,,8,49.0,2,49.0,1,Scalar,1842,False,0,24,,-1840
1841,add_bf16,1834,1837,9,,,49.0,1,Scalar,1842,False,0,25,,-1841
1842,add_bf16,1841,1840,10,,,49.0,1,Scalar,1843,False,0,26,,-1842
1843,mul_bf16_fp16_fp16,1842,3,11,49.0,,49.0,1,Scalar,1844,False,0,27,,-1843
1844,add,1843,1,12,49.0,,49.0,1,Scalar,1845,False,0,28,,-1844
1845,sqrt,1844,,13,49.0,,49.0,1,Scalar,1846,False,0,29,,-1845
1846,mul,1845,2,14,49.0,,49.0,1,Scalar,1847,False,1,30,,-1846
1847,inv,1846,,15,49.0,,49.0,1,Scalar,"1848, 1852, 1856",False,0,31,,-1847
1848,mul,1832,1847,16,49.0,0,49.0,256,Vector,1849,False,0,147,,-1848
1849,mul,1848,4,17,49.0,0,49.0,256,Vector,1850,False,0,148,,-1849
1850,add,1849,5,18,49.0,0,49.0,256,Vector,1851,False,0,149,,-1850
1851,store,1850,147,19,49.0,0,49.0,256,Vector,,False,0,,147,-1851
1852,mul,1835,1847,16,49.0,1,49.0,256,Vector,1853,False,0,150,,-1852
1853,mul,1852,6,17,49.0,1,49.0,256,Vector,1854,False,0,151,,-1853
1854,add,1853,7,18,49.0,1,49.0,256,Vector,1855,False,0,152,,-1854
1855,store,1854,148,19,49.0,1,49.0,256,Vector,,False,0,,148,-1855
1856,mul,1838,1847,16,49.0,2,49.0,256,Vector,1857,False,0,153,,-1856
1857,mul,1856,8,17,49.0,2,49.0,256,Vector,1858,False,0,154,,-1857
1858,add,1857,9,18,49.0,2,49.0,256,Vector,1859,False,0,155,,-1858
1859,store,1858,149,19,49.0,2,49.0,256,Vector,,False,0,,149,-1859
1860,load,156,,1,50.0,0,50.0,256,Vector,"1861, 1869",True,0,156,156,-1860
1861,reduce_sum,1860,,2,50.0,0,50.0,1,Scalar,1866,False,0,32,,-1861
1862,load,157,,1,50.0,1,50.0,256,Vector,"1863, 1872",True,0,157,157,-1862
1863,reduce_sum,1862,,2,50.0,1,50.0,1,Scalar,1866,False,0,33,,-1863
1864,load,158,,1,50.0,2,50.0,256,Vector,"1865, 1875",True,0,158,158,-1864
1865,reduce_sum,1864,,2,50.0,2,50.0,1,Scalar,1867,False,0,34,,-1865
1866,add,1861,1863,3,,,50.0,1,Scalar,1867,False,0,35,,-1866
1867,add,1866,1865,4,,,50.0,1,Scalar,1868,False,0,36,,-1867
1868,mul,1867,3,5,50.0,,50.0,1,Scalar,"1869, 1872, 1875",False,0,37,,-1868
1869,sub,1860,1868,6,50.0,0,50.0,256,Vector,"1870, 1885",False,0,159,,-1869
1870,square_fp16_fp16_bf16,1869,,7,50.0,0,50.0,256,Vector,1871,False,0,160,,-1870
1871,reduce_sum_bf16,1870,,8,50.0,0,50.0,1,Scalar,1878,False,0,38,,-1871
1872,sub,1862,1868,6,50.0,1,50.0,256,Vector,"1873, 1889",False,0,161,,-1872
1873,square_fp16_fp16_bf16,1872,,7,50.0,1,50.0,256,Vector,1874,False,0,162,,-1873
1874,reduce_sum_bf16,1873,,8,50.0,1,50.0,1,Scalar,1878,False,0,39,,-1874
1875,sub,1864,1868,6,50.0,2,50.0,256,Vector,"1876, 1893",False,0,163,,-1875
1876,square_fp16_fp16_bf16,1875,,7,50.0,2,50.0,256,Vector,1877,False,0,164,,-1876
1877,reduce_sum_bf16,1876,,8,50.0,2,50.0,1,Scalar,1879,False,0,40,,-1877
1878,add_bf16,1871,1874,9,,,50.0,1,Scalar,1879,False,0,41,,-1878
1879,add_bf16,1878,1877,10,,,50.0,1,Scalar,1880,False,0,42,,-1879
1880,mul_bf16_fp16_fp16,1879,3,11,50.0,,50.0,1,Scalar,1881,False,0,43,,-1880
1881,add,1880,1,12,50.0,,50.0,1,Scalar,1882,False,0,44,,-1881
1882,sqrt,1881,,13,50.0,,50.0,1,Scalar,1883,False,0,45,,-1882
1883,mul,1882,2,14,50.0,,50.0,1,Scalar,1884,False,1,46,,-1883
1884,inv,1883,,15,50.0,,50.0,1,Scalar,"1885, 1889, 1893",False,0,47,,-1884
1885,mul,1869,1884,16,50.0,0,50.0,256,Vector,1886,False,0,165,,-1885
1886,mul,1885,4,17,50.0,0,50.0,256,Vector,1887,False,0,166,,-1886
1887,add,1886,5,18,50.0,0,50.0,256,Vector,1888,False,0,167,,-1887
1888,store,1887,150,19,50.0,0,50.0,256,Vector,,False,0,,150,-1888
1889,mul,1872,1884,16,50.0,1,50.0,256,Vector,1890,False,0,168,,-1889
1890,mul,1889,6,17,50.0,1,50.0,256,Vector,1891,False,0,169,,-1890
1891,add,1890,7,18,50.0,1,50.0,256,Vector,1892,False,0,170,,-1891
1892,store,1891,151,19,50.0,1,50.0,256,Vector,,False,0,,151,-1892
1893,mul,1875,1884,16,50.0,2,50.0,256,Vector,1894,False,0,171,,-1893
1894,mul,1893,8,17,50.0,2,50.0,256,Vector,1895,False,0,172,,-1894
1895,add,1894,9,18,50.0,2,50.0,256,Vector,1896,False,0,173,,-1895
1896,store,1895,152,19,50.0,2,50.0,256,Vector,,False,0,,152,-1896
1897,load,159,,1,51.0,0,51.0,256,Vector,"1898, 1906",True,0,174,159,-1897
1898,reduce_sum,1897,,2,51.0,0,51.0,1,Scalar,1903,False,0,48,,-1898
1899,load,160,,1,51.0,1,51.0,256,Vector,"1900, 1909",True,0,175,160,-1899
1900,reduce_sum,1899,,2,51.0,1,51.0,1,Scalar,1903,False,0,49,,-1900
1901,load,161,,1,51.0,2,51.0,256,Vector,"1902, 1912",True,0,176,161,-1901
1902,reduce_sum,1901,,2,51.0,2,51.0,1,Scalar,1904,False,0,50,,-1902
1903,add,1898,1900,3,,,51.0,1,Scalar,1904,False,0,51,,-1903
1904,add,1903,1902,4,,,51.0,1,Scalar,1905,False,0,52,,-1904
1905,mul,1904,3,5,51.0,,51.0,1,Scalar,"1906, 1909, 1912",False,0,53,,-1905
1906,sub,1897,1905,6,51.0,0,51.0,256,Vector,"1907, 1922",False,0,177,,-1906
1907,square_fp16_fp16_bf16,1906,,7,51.0,0,51.0,256,Vector,1908,False,0,178,,-1907
1908,reduce_sum_bf16,1907,,8,51.0,0,51.0,1,Scalar,1915,False,0,54,,-1908
1909,sub,1899,1905,6,51.0,1,51.0,256,Vector,"1910, 1926",False,0,179,,-1909
1910,square_fp16_fp16_bf16,1909,,7,51.0,1,51.0,256,Vector,1911,False,0,180,,-1910
1911,reduce_sum_bf16,1910,,8,51.0,1,51.0,1,Scalar,1915,False,0,55,,-1911
1912,sub,1901,1905,6,51.0,2,51.0,256,Vector,"1913, 1930",False,0,181,,-1912
1913,square_fp16_fp16_bf16,1912,,7,51.0,2,51.0,256,Vector,1914,False,0,182,,-1913
1914,reduce_sum_bf16,1913,,8,51.0,2,51.0,1,Scalar,1916,False,0,56,,-1914
1915,add_bf16,1908,1911,9,,,51.0,1,Scalar,1916,False,0,57,,-1915
1916,add_bf16,1915,1914,10,,,51.0,1,Scalar,1917,False,0,58,,-1916
1917,mul_bf16_fp16_fp16,1916,3,11,51.0,,51.0,1,Scalar,1918,False,0,59,,-1917
1918,add,1917,1,12,51.0,,51.0,1,Scalar,1919,False,0,60,,-1918
1919,sqrt,1918,,13,51.0,,51.0,1,Scalar,1920,False,0,61,,-1919
1920,mul,1919,2,14,51.0,,51.0,1,Scalar,1921,False,1,62,,-1920
1921,inv,1920,,15,51.0,,51.0,1,Scalar,"1922, 1926, 1930",False,0,63,,-1921
1922,mul,1906,1921,16,51.0,0,51.0,256,Vector,1923,False,0,183,,-1922
1923,mul,1922,4,17,51.0,0,51.0,256,Vector,1924,False,0,184,,-1923
1924,add,1923,5,18,51.0,0,51.0,256,Vector,1925,False,0,185,,-1924
1925,store,1924,153,19,51.0,0,51.0,256,Vector,,False,0,,153,-1925
1926,mul,1909,1921,16,51.0,1,51.0,256,Vector,1927,False,0,186,,-1926
1927,mul,1926,6,17,51.0,1,51.0,256,Vector,1928,False,0,187,,-1927
1928,add,1927,7,18,51.0,1,51.0,256,Vector,1929,False,0,188,,-1928
1929,store,1928,154,19,51.0,1,51.0,256,Vector,,False,0,,154,-1929
1930,mul,1912,1921,16,51.0,2,51.0,256,Vector,1931,False,0,189,,-1930
1931,mul,1930,8,17,51.0,2,51.0,256,Vector,1932,False,0,190,,-1931
1932,add,1931,9,18,51.0,2,51.0,256,Vector,1933,False,0,191,,-1932
1933,store,1932,155,19,51.0,2,51.0,256,Vector,,False,0,,155,-1933
1934,load,162,,1,52.0,0,52.0,256,Vector,"1935, 1943",True,0,192,162,-1934
1935,reduce_sum,1934,,2,52.0,0,52.0,1,Scalar,1940,False,0,64,,-1935
1936,load,163,,1,52.0,1,52.0,256,Vector,"1937, 1946",True,0,193,163,-1936
1937,reduce_sum,1936,,2,52.0,1,52.0,1,Scalar,1940,False,0,65,,-1937
1938,load,164,,1,52.0,2,52.0,256,Vector,"1939, 1949",True,0,194,164,-1938
1939,reduce_sum,1938,,2,52.0,2,52.0,1,Scalar,1941,False,0,66,,-1939
1940,add,1935,1937,3,,,52.0,1,Scalar,1941,False,0,67,,-1940
1941,add,1940,1939,4,,,52.0,1,Scalar,1942,False,0,68,,-1941
1942,mul,1941,3,5,52.0,,52.0,1,Scalar,"1943, 1946, 1949",False,0,69,,-1942
1943,sub,1934,1942,6,52.0,0,52.0,256,Vector,"1944, 1959",False,0,195,,-1943
1944,square_fp16_fp16_bf16,1943,,7,52.0,0,52.0,256,Vector,1945,False,0,196,,-1944
1945,reduce_sum_bf16,1944,,8,52.0,0,52.0,1,Scalar,1952,False,0,70,,-1945
1946,sub,1936,1942,6,52.0,1,52.0,256,Vector,"1947, 1963",False,0,197,,-1946
1947,square_fp16_fp16_bf16,1946,,7,52.0,1,52.0,256,Vector,1948,False,0,198,,-1947
1948,reduce_sum_bf16,1947,,8,52.0,1,52.0,1,Scalar,1952,False,0,71,,-1948
1949,sub,1938,1942,6,52.0,2,52.0,256,Vector,"1950, 1967",False,0,199,,-1949
1950,square_fp16_fp16_bf16,1949,,7,52.0,2,52.0,256,Vector,1951,False,0,200,,-1950
1951,reduce_sum_bf16,1950,,8,52.0,2,52.0,1,Scalar,1953,False,0,72,,-1951
1952,add_bf16,1945,1948,9,,,52.0,1,Scalar,1953,False,0,73,,-1952
1953,add_bf16,1952,1951,10,,,52.0,1,Scalar,1954,False,0,74,,-1953
1954,mul_bf16_fp16_fp16,1953,3,11,52.0,,52.0,1,Scalar,1955,False,0,75,,-1954
1955,add,1954,1,12,52.0,,52.0,1,Scalar,1956,False,0,76,,-1955
1956,sqrt,1955,,13,52.0,,52.0,1,Scalar,1957,False,0,77,,-1956
1957,mul,1956,2,14,52.0,,52.0,1,Scalar,1958,False,1,78,,-1957
1958,inv,1957,,15,52.0,,52.0,1,Scalar,"1959, 1963, 1967",False,0,79,,-1958
1959,mul,1943,1958,16,52.0,0,52.0,256,Vector,1960,False,0,201,,-1959
1960,mul,1959,4,17,52.0,0,52.0,256,Vector,1961,False,0,202,,-1960
1961,add,1960,5,18,52.0,0,52.0,256,Vector,1962,False,0,203,,-1961
1962,store,1961,156,19,52.0,0,52.0,256,Vector,,False,0,,156,-1962
1963,mul,1946,1958,16,52.0,1,52.0,256,Vector,1964,False,0,204,,-1963
1964,mul,1963,6,17,52.0,1,52.0,256,Vector,1965,False,0,205,,-1964
1965,add,1964,7,18,52.0,1,52.0,256,Vector,1966,False,0,206,,-1965
1966,store,1965,157,19,52.0,1,52.0,256,Vector,,False,0,,157,-1966
1967,mul,1949,1958,16,52.0,2,52.0,256,Vector,1968,False,0,207,,-1967
1968,mul,1967,8,17,52.0,2,52.0,256,Vector,1969,False,0,208,,-1968
1969,add,1968,9,18,52.0,2,52.0,256,Vector,1970,False,0,209,,-1969
1970,store,1969,158,19,52.0,2,52.0,256,Vector,,False,0,,158,-1970
1971,load,165,,1,53.0,0,53.0,256,Vector,"1972, 1980",True,0,210,165,-1971
1972,reduce_sum,1971,,2,53.0,0,53.0,1,Scalar,1977,False,0,80,,-1972
1973,load,166,,1,53.0,1,53.0,256,Vector,"1974, 1983",True,0,211,166,-1973
1974,reduce_sum,1973,,2,53.0,1,53.0,1,Scalar,1977,False,0,81,,-1974
1975,load,167,,1,53.0,2,53.0,256,Vector,"1976, 1986",True,0,212,167,-1975
1976,reduce_sum,1975,,2,53.0,2,53.0,1,Scalar,1978,False,0,82,,-1976
1977,add,1972,1974,3,,,53.0,1,Scalar,1978,False,0,83,,-1977
1978,add,1977,1976,4,,,53.0,1,Scalar,1979,False,0,84,,-1978
1979,mul,1978,3,5,53.0,,53.0,1,Scalar,"1980, 1983, 1986",False,0,85,,-1979
1980,sub,1971,1979,6,53.0,0,53.0,256,Vector,"1981, 1996",False,0,213,,-1980
1981,square_fp16_fp16_bf16,1980,,7,53.0,0,53.0,256,Vector,1982,False,0,214,,-1981
1982,reduce_sum_bf16,1981,,8,53.0,0,53.0,1,Scalar,1989,False,0,86,,-1982
1983,sub,1973,1979,6,53.0,1,53.0,256,Vector,"1984, 2000",False,0,215,,-1983
1984,square_fp16_fp16_bf16,1983,,7,53.0,1,53.0,256,Vector,1985,False,0,216,,-1984
1985,reduce_sum_bf16,1984,,8,53.0,1,53.0,1,Scalar,1989,False,0,87,,-1985
1986,sub,1975,1979,6,53.0,2,53.0,256,Vector,"1987, 2004",False,0,217,,-1986
1987,square_fp16_fp16_bf16,1986,,7,53.0,2,53.0,256,Vector,1988,False,0,218,,-1987
1988,reduce_sum_bf16,1987,,8,53.0,2,53.0,1,Scalar,1990,False,0,88,,-1988
1989,add_bf16,1982,1985,9,,,53.0,1,Scalar,1990,False,0,89,,-1989
1990,add_bf16,1989,1988,10,,,53.0,1,Scalar,1991,False,0,90,,-1990
1991,mul_bf16_fp16_fp16,1990,3,11,53.0,,53.0,1,Scalar,1992,False,0,91,,-1991
1992,add,1991,1,12,53.0,,53.0,1,Scalar,1993,False,0,92,,-1992
1993,sqrt,1992,,13,53.0,,53.0,1,Scalar,1994,False,0,93,,-1993
1994,mul,1993,2,14,53.0,,53.0,1,Scalar,1995,False,1,94,,-1994
1995,inv,1994,,15,53.0,,53.0,1,Scalar,"1996, 2000, 2004",False,0,95,,-1995
1996,mul,1980,1995,16,53.0,0,53.0,256,Vector,1997,False,0,219,,-1996
1997,mul,1996,4,17,53.0,0,53.0,256,Vector,1998,False,0,220,,-1997
1998,add,1997,5,18,53.0,0,53.0,256,Vector,1999,False,0,221,,-1998
1999,store,1998,159,19,53.0,0,53.0,256,Vector,,False,0,,159,-1999
2000,mul,1983,1995,16,53.0,1,53.0,256,Vector,2001,False,0,222,,-2000
2001,mul,2000,6,17,53.0,1,53.0,256,Vector,2002,False,0,223,,-2001
2002,add,2001,7,18,53.0,1,53.0,256,Vector,2003,False,0,224,,-2002
2003,store,2002,160,19,53.0,1,53.0,256,Vector,,False,0,,160,-2003
2004,mul,1986,1995,16,53.0,2,53.0,256,Vector,2005,False,0,225,,-2004
2005,mul,2004,8,17,53.0,2,53.0,256,Vector,2006,False,0,226,,-2005
2006,add,2005,9,18,53.0,2,53.0,256,Vector,2007,False,0,227,,-2006
2007,store,2006,161,19,53.0,2,53.0,256,Vector,,False,0,,161,-2007
2008,load,168,,1,54.0,0,54.0,256,Vector,"2009, 2017",True,0,228,168,-2008
2009,reduce_sum,2008,,2,54.0,0,54.0,1,Scalar,2014,False,0,96,,-2009
2010,load,169,,1,54.0,1,54.0,256,Vector,"2011, 2020",True,0,229,169,-2010
2011,reduce_sum,2010,,2,54.0,1,54.0,1,Scalar,2014,False,0,97,,-2011
2012,load,170,,1,54.0,2,54.0,256,Vector,"2013, 2023",True,0,230,170,-2012
2013,reduce_sum,2012,,2,54.0,2,54.0,1,Scalar,2015,False,0,98,,-2013
2014,add,2009,2011,3,,,54.0,1,Scalar,2015,False,0,99,,-2014
2015,add,2014,2013,4,,,54.0,1,Scalar,2016,False,0,100,,-2015
2016,mul,2015,3,5,54.0,,54.0,1,Scalar,"2017, 2020, 2023",False,0,101,,-2016
2017,sub,2008,2016,6,54.0,0,54.0,256,Vector,"2018, 2033",False,0,231,,-2017
2018,square_fp16_fp16_bf16,2017,,7,54.0,0,54.0,256,Vector,2019,False,0,232,,-2018
2019,reduce_sum_bf16,2018,,8,54.0,0,54.0,1,Scalar,2026,False,0,102,,-2019
2020,sub,2010,2016,6,54.0,1,54.0,256,Vector,"2021, 2037",False,0,233,,-2020
2021,square_fp16_fp16_bf16,2020,,7,54.0,1,54.0,256,Vector,2022,False,0,234,,-2021
2022,reduce_sum_bf16,2021,,8,54.0,1,54.0,1,Scalar,2026,False,0,103,,-2022
2023,sub,2012,2016,6,54.0,2,54.0,256,Vector,"2024, 2041",False,0,235,,-2023
2024,square_fp16_fp16_bf16,2023,,7,54.0,2,54.0,256,Vector,2025,False,0,236,,-2024
2025,reduce_sum_bf16,2024,,8,54.0,2,54.0,1,Scalar,2027,False,0,104,,-2025
2026,add_bf16,2019,2022,9,,,54.0,1,Scalar,2027,False,0,105,,-2026
2027,add_bf16,2026,2025,10,,,54.0,1,Scalar,2028,False,0,106,,-2027
2028,mul_bf16_fp16_fp16,2027,3,11,54.0,,54.0,1,Scalar,2029,False,0,107,,-2028
2029,add,2028,1,12,54.0,,54.0,1,Scalar,2030,False,0,108,,-2029
2030,sqrt,2029,,13,54.0,,54.0,1,Scalar,2031,False,0,109,,-2030
2031,mul,2030,2,14,54.0,,54.0,1,Scalar,2032,False,1,110,,-2031
2032,inv,2031,,15,54.0,,54.0,1,Scalar,"2033, 2037, 2041",False,0,111,,-2032
2033,mul,2017,2032,16,54.0,0,54.0,256,Vector,2034,False,0,237,,-2033
2034,mul,2033,4,17,54.0,0,54.0,256,Vector,2035,False,0,238,,-2034
2035,add,2034,5,18,54.0,0,54.0,256,Vector,2036,False,0,239,,-2035
2036,store,2035,162,19,54.0,0,54.0,256,Vector,,False,0,,162,-2036
2037,mul,2020,2032,16,54.0,1,54.0,256,Vector,2038,False,0,240,,-2037
2038,mul,2037,6,17,54.0,1,54.0,256,Vector,2039,False,0,241,,-2038
2039,add,2038,7,18,54.0,1,54.0,256,Vector,2040,False,0,242,,-2039
2040,store,2039,163,19,54.0,1,54.0,256,Vector,,False,0,,163,-2040
2041,mul,2023,2032,16,54.0,2,54.0,256,Vector,2042,False,0,243,,-2041
2042,mul,2041,8,17,54.0,2,54.0,256,Vector,2043,False,0,244,,-2042
2043,add,2042,9,18,54.0,2,54.0,256,Vector,2044,False,0,245,,-2043
2044,store,2043,164,19,54.0,2,54.0,256,Vector,,False,0,,164,-2044
2045,load,171,,1,55.0,0,55.0,256,Vector,"2046, 2054",True,0,246,171,-2045
2046,reduce_sum,2045,,2,55.0,0,55.0,1,Scalar,2051,False,0,112,,-2046
2047,load,172,,1,55.0,1,55.0,256,Vector,"2048, 2057",True,0,247,172,-2047
2048,reduce_sum,2047,,2,55.0,1,55.0,1,Scalar,2051,False,0,113,,-2048
2049,load,173,,1,55.0,2,55.0,256,Vector,"2050, 2060",True,0,248,173,-2049
2050,reduce_sum,2049,,2,55.0,2,55.0,1,Scalar,2052,False,0,114,,-2050
2051,add,2046,2048,3,,,55.0,1,Scalar,2052,False,0,115,,-2051
2052,add,2051,2050,4,,,55.0,1,Scalar,2053,False,0,116,,-2052
2053,mul,2052,3,5,55.0,,55.0,1,Scalar,"2054, 2057, 2060",False,0,117,,-2053
2054,sub,2045,2053,6,55.0,0,55.0,256,Vector,"2055, 2070",False,0,249,,-2054
2055,square_fp16_fp16_bf16,2054,,7,55.0,0,55.0,256,Vector,2056,False,0,250,,-2055
2056,reduce_sum_bf16,2055,,8,55.0,0,55.0,1,Scalar,2063,False,0,118,,-2056
2057,sub,2047,2053,6,55.0,1,55.0,256,Vector,"2058, 2074",False,0,251,,-2057
2058,square_fp16_fp16_bf16,2057,,7,55.0,1,55.0,256,Vector,2059,False,0,252,,-2058
2059,reduce_sum_bf16,2058,,8,55.0,1,55.0,1,Scalar,2063,False,0,119,,-2059
2060,sub,2049,2053,6,55.0,2,55.0,256,Vector,"2061, 2078",False,0,253,,-2060
2061,square_fp16_fp16_bf16,2060,,7,55.0,2,55.0,256,Vector,2062,False,0,254,,-2061
2062,reduce_sum_bf16,2061,,8,55.0,2,55.0,1,Scalar,2064,False,0,120,,-2062
2063,add_bf16,2056,2059,9,,,55.0,1,Scalar,2064,False,0,121,,-2063
2064,add_bf16,2063,2062,10,,,55.0,1,Scalar,2065,False,0,122,,-2064
2065,mul_bf16_fp16_fp16,2064,3,11,55.0,,55.0,1,Scalar,2066,False,0,123,,-2065
2066,add,2065,1,12,55.0,,55.0,1,Scalar,2067,False,0,124,,-2066
2067,sqrt,2066,,13,55.0,,55.0,1,Scalar,2068,False,0,125,,-2067
2068,mul,2067,2,14,55.0,,55.0,1,Scalar,2069,False,1,126,,-2068
2069,inv,2068,,15,55.0,,55.0,1,Scalar,"2070, 2074, 2078",False,0,127,,-2069
2070,mul,2054,2069,16,55.0,0,55.0,256,Vector,2071,False,0,255,,-2070
2071,mul,2070,4,17,55.0,0,55.0,256,Vector,2072,False,0,6,,-2071
2072,add,2071,5,18,55.0,0,55.0,256,Vector,2073,False,0,7,,-2072
2073,store,2072,165,19,55.0,0,55.0,256,Vector,,False,0,,165,-2073
2074,mul,2057,2069,16,55.0,1,55.0,256,Vector,2075,False,0,8,,-2074
2075,mul,2074,6,17,55.0,1,55.0,256,Vector,2076,False,0,9,,-2075
2076,add,2075,7,18,55.0,1,55.0,256,Vector,2077,False,0,10,,-2076
2077,store,2076,166,19,55.0,1,55.0,256,Vector,,False,0,,166,-2077
2078,mul,2060,2069,16,55.0,2,55.0,256,Vector,2079,False,0,11,,-2078
2079,mul,2078,8,17,55.0,2,55.0,256,Vector,2080,False,0,12,,-2079
2080,add,2079,9,18,55.0,2,55.0,256,Vector,2081,False,0,13,,-2080
2081,store,2080,167,19,55.0,2,55.0,256,Vector,,False,0,,167,-2081
2082,load,174,,1,56.0,0,56.0,256,Vector,"2083, 2091",True,0,14,174,-2082
2083,reduce_sum,2082,,2,56.0,0,56.0,1,Scalar,2088,False,0,128,,-2083
2084,load,175,,1,56.0,1,56.0,256,Vector,"2085, 2094",True,0,15,175,-2084
2085,reduce_sum,2084,,2,56.0,1,56.0,1,Scalar,2088,False,0,129,,-2085
2086,load,176,,1,56.0,2,56.0,256,Vector,"2087, 2097",True,0,16,176,-2086
2087,reduce_sum,2086,,2,56.0,2,56.0,1,Scalar,2089,False,0,130,,-2087
2088,add,2083,2085,3,,,56.0,1,Scalar,2089,False,0,131,,-2088
2089,add,2088,2087,4,,,56.0,1,Scalar,2090,False,0,132,,-2089
2090,mul,2089,3,5,56.0,,56.0,1,Scalar,"2091, 2094, 2097",False,0,133,,-2090
2091,sub,2082,2090,6,56.0,0,56.0,256,Vector,"2092, 2107",False,0,17,,-2091
2092,square_fp16_fp16_bf16,2091,,7,56.0,0,56.0,256,Vector,2093,False,0,18,,-2092
2093,reduce_sum_bf16,2092,,8,56.0,0,56.0,1,Scalar,2100,False,0,134,,-2093
2094,sub,2084,2090,6,56.0,1,56.0,256,Vector,"2095, 2111",False,0,19,,-2094
2095,square_fp16_fp16_bf16,2094,,7,56.0,1,56.0,256,Vector,2096,False,0,20,,-2095
2096,reduce_sum_bf16,2095,,8,56.0,1,56.0,1,Scalar,2100,False,0,135,,-2096
2097,sub,2086,2090,6,56.0,2,56.0,256,Vector,"2098, 2115",False,0,21,,-2097
2098,square_fp16_fp16_bf16,2097,,7,56.0,2,56.0,256,Vector,2099,False,0,22,,-2098
2099,reduce_sum_bf16,2098,,8,56.0,2,56.0,1,Scalar,2101,False,0,136,,-2099
2100,add_bf16,2093,2096,9,,,56.0,1,Scalar,2101,False,0,137,,-2100
2101,add_bf16,2100,2099,10,,,56.0,1,Scalar,2102,False,0,138,,-2101
2102,mul_bf16_fp16_fp16,2101,3,11,56.0,,56.0,1,Scalar,2103,False,0,139,,-2102
2103,add,2102,1,12,56.0,,56.0,1,Scalar,2104,False,0,140,,-2103
2104,sqrt,2103,,13,56.0,,56.0,1,Scalar,2105,False,0,141,,-2104
2105,mul,2104,2,14,56.0,,56.0,1,Scalar,2106,False,1,142,,-2105
2106,inv,2105,,15,56.0,,56.0,1,Scalar,"2107, 2111, 2115",False,0,143,,-2106
2107,mul,2091,2106,16,56.0,0,56.0,256,Vector,2108,False,0,23,,-2107
2108,mul,2107,4,17,56.0,0,56.0,256,Vector,2109,False,0,24,,-2108
2109,add,2108,5,18,56.0,0,56.0,256,Vector,2110,False,0,25,,-2109
2110,store,2109,168,19,56.0,0,56.0,256,Vector,,False,0,,168,-2110
2111,mul,2094,2106,16,56.0,1,56.0,256,Vector,2112,False,0,26,,-2111
2112,mul,2111,6,17,56.0,1,56.0,256,Vector,2113,False,0,27,,-2112
2113,add,2112,7,18,56.0,1,56.0,256,Vector,2114,False,0,28,,-2113
2114,store,2113,169,19,56.0,1,56.0,256,Vector,,False,0,,169,-2114
2115,mul,2097,2106,16,56.0,2,56.0,256,Vector,2116,False,0,29,,-2115
2116,mul,2115,8,17,56.0,2,56.0,256,Vector,2117,False,0,30,,-2116
2117,add,2116,9,18,56.0,2,56.0,256,Vector,2118,False,0,31,,-2117
2118,store,2117,170,19,56.0,2,56.0,256,Vector,,False,0,,170,-2118
2119,load,177,,1,57.0,0,57.0,256,Vector,"2120, 2128",True,0,32,177,-2119
2120,reduce_sum,2119,,2,57.0,0,57.0,1,Scalar,2125,False,0,144,,-2120
2121,load,178,,1,57.0,1,57.0,256,Vector,"2122, 2131",True,0,33,178,-2121
2122,reduce_sum,2121,,2,57.0,1,57.0,1,Scalar,2125,False,0,145,,-2122
2123,load,179,,1,57.0,2,57.0,256,Vector,"2124, 2134",True,0,34,179,-2123
2124,reduce_sum,2123,,2,57.0,2,57.0,1,Scalar,2126,False,0,146,,-2124
2125,add,2120,2122,3,,,57.0,1,Scalar,2126,False,0,147,,-2125
2126,add,2125,2124,4,,,57.0,1,Scalar,2127,False,0,148,,-2126
2127,mul,2126,3,5,57.0,,57.0,1,Scalar,"2128, 2131, 2134",False,0,149,,-2127
2128,sub,2119,2127,6,57.0,0,57.0,256,Vector,"2129, 2144",False,0,35,,-2128
2129,square_fp16_fp16_bf16,2128,,7,57.0,0,57.0,256,Vector,2130,False,0,36,,-2129
2130,reduce_sum_bf16,2129,,8,57.0,0,57.0,1,Scalar,2137,False,0,150,,-2130
2131,sub,2121,2127,6,57.0,1,57.0,256,Vector,"2132, 2148",False,0,37,,-2131
2132,square_fp16_fp16_bf16,2131,,7,57.0,1,57.0,256,Vector,2133,False,0,38,,-2132
2133,reduce_sum_bf16,2132,,8,57.0,1,57.0,1,Scalar,2137,False,0,151,,-2133
2134,sub,2123,2127,6,57.0,2,57.0,256,Vector,"2135, 2152",False,0,39,,-2134
2135,square_fp16_fp16_bf16,2134,,7,57.0,2,57.0,256,Vector,2136,False,0,40,,-2135
2136,reduce_sum_bf16,2135,,8,57.0,2,57.0,1,Scalar,2138,False,0,152,,-2136
2137,add_bf16,2130,2133,9,,,57.0,1,Scalar,2138,False,0,153,,-2137
2138,add_bf16,2137,2136,10,,,57.0,1,Scalar,2139,False,0,154,,-2138
2139,mul_bf16_fp16_fp16,2138,3,11,57.0,,57.0,1,Scalar,2140,False,0,155,,-2139
2140,add,2139,1,12,57.0,,57.0,1,Scalar,2141,False,0,156,,-2140
2141,sqrt,2140,,13,57.0,,57.0,1,Scalar,2142,False,0,157,,-2141
2142,mul,2141,2,14,57.0,,57.0,1,Scalar,2143,False,1,158,,-2142
2143,inv,2142,,15,57.0,,57.0,1,Scalar,"2144, 2148, 2152",False,0,159,,-2143
2144,mul,2128,2143,16,57.0,0,57.0,256,Vector,2145,False,0,41,,-2144
2145,mul,2144,4,17,57.0,0,57.0,256,Vector,2146,False,0,42,,-2145
2146,add,2145,5,18,57.0,0,57.0,256,Vector,2147,False,0,43,,-2146
2147,store,2146,171,19,57.0,0,57.0,256,Vector,,False,0,,171,-2147
2148,mul,2131,2143,16,57.0,1,57.0,256,Vector,2149,False,0,44,,-2148
2149,mul,2148,6,17,57.0,1,57.0,256,Vector,2150,False,0,45,,-2149
2150,add,2149,7,18,57.0,1,57.0,256,Vector,2151,False,0,46,,-2150
2151,store,2150,172,19,57.0,1,57.0,256,Vector,,False,0,,172,-2151
2152,mul,2134,2143,16,57.0,2,57.0,256,Vector,2153,False,0,47,,-2152
2153,mul,2152,8,17,57.0,2,57.0,256,Vector,2154,False,0,48,,-2153
2154,add,2153,9,18,57.0,2,57.0,256,Vector,2155,False,0,49,,-2154
2155,store,2154,173,19,57.0,2,57.0,256,Vector,,False,0,,173,-2155
2156,load,180,,1,58.0,0,58.0,256,Vector,"2157, 2165",True,0,50,180,-2156
2157,reduce_sum,2156,,2,58.0,0,58.0,1,Scalar,2162,False,0,160,,-2157
2158,load,181,,1,58.0,1,58.0,256,Vector,"2159, 2168",True,0,51,181,-2158
2159,reduce_sum,2158,,2,58.0,1,58.0,1,Scalar,2162,False,0,161,,-2159
2160,load,182,,1,58.0,2,58.0,256,Vector,"2161, 2171",True,0,52,182,-2160
2161,reduce_sum,2160,,2,58.0,2,58.0,1,Scalar,2163,False,0,162,,-2161
2162,add,2157,2159,3,,,58.0,1,Scalar,2163,False,0,163,,-2162
2163,add,2162,2161,4,,,58.0,1,Scalar,2164,False,0,164,,-2163
2164,mul,2163,3,5,58.0,,58.0,1,Scalar,"2165, 2168, 2171",False,0,165,,-2164
2165,sub,2156,2164,6,58.0,0,58.0,256,Vector,"2166, 2181",False,0,53,,-2165
2166,square_fp16_fp16_bf16,2165,,7,58.0,0,58.0,256,Vector,2167,False,0,54,,-2166
2167,reduce_sum_bf16,2166,,8,58.0,0,58.0,1,Scalar,2174,False,0,166,,-2167
2168,sub,2158,2164,6,58.0,1,58.0,256,Vector,"2169, 2185",False,0,55,,-2168
2169,square_fp16_fp16_bf16,2168,,7,58.0,1,58.0,256,Vector,2170,False,0,56,,-2169
2170,reduce_sum_bf16,2169,,8,58.0,1,58.0,1,Scalar,2174,False,0,167,,-2170
2171,sub,2160,2164,6,58.0,2,58.0,256,Vector,"2172, 2189",False,0,57,,-2171
2172,square_fp16_fp16_bf16,2171,,7,58.0,2,58.0,256,Vector,2173,False,0,58,,-2172
2173,reduce_sum_bf16,2172,,8,58.0,2,58.0,1,Scalar,2175,False,0,168,,-2173
2174,add_bf16,2167,2170,9,,,58.0,1,Scalar,2175,False,0,169,,-2174
2175,add_bf16,2174,2173,10,,,58.0,1,Scalar,2176,False,0,170,,-2175
2176,mul_bf16_fp16_fp16,2175,3,11,58.0,,58.0,1,Scalar,2177,False,0,171,,-2176
2177,add,2176,1,12,58.0,,58.0,1,Scalar,2178,False,0,172,,-2177
2178,sqrt,2177,,13,58.0,,58.0,1,Scalar,2179,False,0,173,,-2178
2179,mul,2178,2,14,58.0,,58.0,1,Scalar,2180,False,1,174,,-2179
2180,inv,2179,,15,58.0,,58.0,1,Scalar,"2181, 2185, 2189",False,0,175,,-2180
2181,mul,2165,2180,16,58.0,0,58.0,256,Vector,2182,False,0,59,,-2181
2182,mul,2181,4,17,58.0,0,58.0,256,Vector,2183,False,0,60,,-2182
2183,add,2182,5,18,58.0,0,58.0,256,Vector,2184,False,0,61,,-2183
2184,store,2183,174,19,58.0,0,58.0,256,Vector,,False,0,,174,-2184
2185,mul,2168,2180,16,58.0,1,58.0,256,Vector,2186,False,0,62,,-2185
2186,mul,2185,6,17,58.0,1,58.0,256,Vector,2187,False,0,63,,-2186
2187,add,2186,7,18,58.0,1,58.0,256,Vector,2188,False,0,64,,-2187
2188,store,2187,175,19,58.0,1,58.0,256,Vector,,False,0,,175,-2188
2189,mul,2171,2180,16,58.0,2,58.0,256,Vector,2190,False,0,65,,-2189
2190,mul,2189,8,17,58.0,2,58.0,256,Vector,2191,False,0,66,,-2190
2191,add,2190,9,18,58.0,2,58.0,256,Vector,2192,False,0,67,,-2191
2192,store,2191,176,19,58.0,2,58.0,256,Vector,,False,0,,176,-2192
2193,load,183,,1,59.0,0,59.0,256,Vector,"2194, 2202",True,0,68,183,-2193
2194,reduce_sum,2193,,2,59.0,0,59.0,1,Scalar,2199,False,0,176,,-2194
2195,load,184,,1,59.0,1,59.0,256,Vector,"2196, 2205",True,0,69,184,-2195
2196,reduce_sum,2195,,2,59.0,1,59.0,1,Scalar,2199,False,0,177,,-2196
2197,load,185,,1,59.0,2,59.0,256,Vector,"2198, 2208",True,0,70,185,-2197
2198,reduce_sum,2197,,2,59.0,2,59.0,1,Scalar,2200,False,0,178,,-2198
2199,add,2194,2196,3,,,59.0,1,Scalar,2200,False,0,179,,-2199
2200,add,2199,2198,4,,,59.0,1,Scalar,2201,False,0,180,,-2200
2201,mul,2200,3,5,59.0,,59.0,1,Scalar,"2202, 2205, 2208",False,0,181,,-2201
2202,sub,2193,2201,6,59.0,0,59.0,256,Vector,"2203, 2218",False,0,71,,-2202
2203,square_fp16_fp16_bf16,2202,,7,59.0,0,59.0,256,Vector,2204,False,0,72,,-2203
2204,reduce_sum_bf16,2203,,8,59.0,0,59.0,1,Scalar,2211,False,0,182,,-2204
2205,sub,2195,2201,6,59.0,1,59.0,256,Vector,"2206, 2222",False,0,73,,-2205
2206,square_fp16_fp16_bf16,2205,,7,59.0,1,59.0,256,Vector,2207,False,0,74,,-2206
2207,reduce_sum_bf16,2206,,8,59.0,1,59.0,1,Scalar,2211,False,0,183,,-2207
2208,sub,2197,2201,6,59.0,2,59.0,256,Vector,"2209, 2226",False,0,75,,-2208
2209,square_fp16_fp16_bf16,2208,,7,59.0,2,59.0,256,Vector,2210,False,0,76,,-2209
2210,reduce_sum_bf16,2209,,8,59.0,2,59.0,1,Scalar,2212,False,0,184,,-2210
2211,add_bf16,2204,2207,9,,,59.0,1,Scalar,2212,False,0,185,,-2211
2212,add_bf16,2211,2210,10,,,59.0,1,Scalar,2213,False,0,186,,-2212
2213,mul_bf16_fp16_fp16,2212,3,11,59.0,,59.0,1,Scalar,2214,False,0,187,,-2213
2214,add,2213,1,12,59.0,,59.0,1,Scalar,2215,False,0,188,,-2214
2215,sqrt,2214,,13,59.0,,59.0,1,Scalar,2216,False,0,189,,-2215
2216,mul,2215,2,14,59.0,,59.0,1,Scalar,2217,False,1,190,,-2216
2217,inv,2216,,15,59.0,,59.0,1,Scalar,"2218, 2222, 2226",False,0,191,,-2217
2218,mul,2202,2217,16,59.0,0,59.0,256,Vector,2219,False,0,77,,-2218
2219,mul,2218,4,17,59.0,0,59.0,256,Vector,2220,False,0,78,,-2219
2220,add,2219,5,18,59.0,0,59.0,256,Vector,2221,False,0,79,,-2220
2221,store,2220,177,19,59.0,0,59.0,256,Vector,,False,0,,177,-2221
2222,mul,2205,2217,16,59.0,1,59.0,256,Vector,2223,False,0,80,,-2222
2223,mul,2222,6,17,59.0,1,59.0,256,Vector,2224,False,0,81,,-2223
2224,add,2223,7,18,59.0,1,59.0,256,Vector,2225,False,0,82,,-2224
2225,store,2224,178,19,59.0,1,59.0,256,Vector,,False,0,,178,-2225
2226,mul,2208,2217,16,59.0,2,59.0,256,Vector,2227,False,0,83,,-2226
2227,mul,2226,8,17,59.0,2,59.0,256,Vector,2228,False,0,84,,-2227
2228,add,2227,9,18,59.0,2,59.0,256,Vector,2229,False,0,85,,-2228
2229,store,2228,179,19,59.0,2,59.0,256,Vector,,False,0,,179,-2229
2230,load,186,,1,60.0,0,60.0,256,Vector,"2231, 2239",True,0,86,186,-2230
2231,reduce_sum,2230,,2,60.0,0,60.0,1,Scalar,2236,False,0,192,,-2231
2232,load,187,,1,60.0,1,60.0,256,Vector,"2233, 2242",True,0,87,187,-2232
2233,reduce_sum,2232,,2,60.0,1,60.0,1,Scalar,2236,False,0,193,,-2233
2234,load,188,,1,60.0,2,60.0,256,Vector,"2235, 2245",True,0,88,188,-2234
2235,reduce_sum,2234,,2,60.0,2,60.0,1,Scalar,2237,False,0,194,,-2235
2236,add,2231,2233,3,,,60.0,1,Scalar,2237,False,0,195,,-2236
2237,add,2236,2235,4,,,60.0,1,Scalar,2238,False,0,196,,-2237
2238,mul,2237,3,5,60.0,,60.0,1,Scalar,"2239, 2242, 2245",False,0,197,,-2238
2239,sub,2230,2238,6,60.0,0,60.0,256,Vector,"2240, 2255",False,0,89,,-2239
2240,square_fp16_fp16_bf16,2239,,7,60.0,0,60.0,256,Vector,2241,False,0,90,,-2240
2241,reduce_sum_bf16,2240,,8,60.0,0,60.0,1,Scalar,2248,False,0,198,,-2241
2242,sub,2232,2238,6,60.0,1,60.0,256,Vector,"2243, 2259",False,0,91,,-2242
2243,square_fp16_fp16_bf16,2242,,7,60.0,1,60.0,256,Vector,2244,False,0,92,,-2243
2244,reduce_sum_bf16,2243,,8,60.0,1,60.0,1,Scalar,2248,False,0,199,,-2244
2245,sub,2234,2238,6,60.0,2,60.0,256,Vector,"2246, 2263",False,0,93,,-2245
2246,square_fp16_fp16_bf16,2245,,7,60.0,2,60.0,256,Vector,2247,False,0,94,,-2246
2247,reduce_sum_bf16,2246,,8,60.0,2,60.0,1,Scalar,2249,False,0,200,,-2247
2248,add_bf16,2241,2244,9,,,60.0,1,Scalar,2249,False,0,201,,-2248
2249,add_bf16,2248,2247,10,,,60.0,1,Scalar,2250,False,0,202,,-2249
2250,mul_bf16_fp16_fp16,2249,3,11,60.0,,60.0,1,Scalar,2251,False,0,203,,-2250
2251,add,2250,1,12,60.0,,60.0,1,Scalar,2252,False,0,204,,-2251
2252,sqrt,2251,,13,60.0,,60.0,1,Scalar,2253,False,0,205,,-2252
2253,mul,2252,2,14,60.0,,60.0,1,Scalar,2254,False,1,206,,-2253
2254,inv,2253,,15,60.0,,60.0,1,Scalar,"2255, 2259, 2263",False,0,207,,-2254
2255,mul,2239,2254,16,60.0,0,60.0,256,Vector,2256,False,0,95,,-2255
2256,mul,2255,4,17,60.0,0,60.0,256,Vector,2257,False,0,96,,-2256
2257,add,2256,5,18,60.0,0,60.0,256,Vector,2258,False,0,97,,-2257
2258,store,2257,180,19,60.0,0,60.0,256,Vector,,False,0,,180,-2258
2259,mul,2242,2254,16,60.0,1,60.0,256,Vector,2260,False,0,98,,-2259
2260,mul,2259,6,17,60.0,1,60.0,256,Vector,2261,False,0,99,,-2260
2261,add,2260,7,18,60.0,1,60.0,256,Vector,2262,False,0,100,,-2261
2262,store,2261,181,19,60.0,1,60.0,256,Vector,,False,0,,181,-2262
2263,mul,2245,2254,16,60.0,2,60.0,256,Vector,2264,False,0,101,,-2263
2264,mul,2263,8,17,60.0,2,60.0,256,Vector,2265,False,0,102,,-2264
2265,add,2264,9,18,60.0,2,60.0,256,Vector,2266,False,0,103,,-2265
2266,store,2265,182,19,60.0,2,60.0,256,Vector,,False,0,,182,-2266
2267,load,189,,1,61.0,0,61.0,256,Vector,"2268, 2276",True,0,104,189,-2267
2268,reduce_sum,2267,,2,61.0,0,61.0,1,Scalar,2273,False,0,208,,-2268
2269,load,190,,1,61.0,1,61.0,256,Vector,"2270, 2279",True,0,105,190,-2269
2270,reduce_sum,2269,,2,61.0,1,61.0,1,Scalar,2273,False,0,209,,-2270
2271,load,191,,1,61.0,2,61.0,256,Vector,"2272, 2282",True,0,106,191,-2271
2272,reduce_sum,2271,,2,61.0,2,61.0,1,Scalar,2274,False,0,210,,-2272
2273,add,2268,2270,3,,,61.0,1,Scalar,2274,False,0,211,,-2273
2274,add,2273,2272,4,,,61.0,1,Scalar,2275,False,0,212,,-2274
2275,mul,2274,3,5,61.0,,61.0,1,Scalar,"2276, 2279, 2282",False,0,213,,-2275
2276,sub,2267,2275,6,61.0,0,61.0,256,Vector,"2277, 2292",False,0,107,,-2276
2277,square_fp16_fp16_bf16,2276,,7,61.0,0,61.0,256,Vector,2278,False,0,108,,-2277
2278,reduce_sum_bf16,2277,,8,61.0,0,61.0,1,Scalar,2285,False,0,214,,-2278
2279,sub,2269,2275,6,61.0,1,61.0,256,Vector,"2280, 2296",False,0,109,,-2279
2280,square_fp16_fp16_bf16,2279,,7,61.0,1,61.0,256,Vector,2281,False,0,110,,-2280
2281,reduce_sum_bf16,2280,,8,61.0,1,61.0,1,Scalar,2285,False,0,215,,-2281
2282,sub,2271,2275,6,61.0,2,61.0,256,Vector,"2283, 2300",False,0,111,,-2282
2283,square_fp16_fp16_bf16,2282,,7,61.0,2,61.0,256,Vector,2284,False,0,112,,-2283
2284,reduce_sum_bf16,2283,,8,61.0,2,61.0,1,Scalar,2286,False,0,216,,-2284
2285,add_bf16,2278,2281,9,,,61.0,1,Scalar,2286,False,0,217,,-2285
2286,add_bf16,2285,2284,10,,,61.0,1,Scalar,2287,False,0,218,,-2286
2287,mul_bf16_fp16_fp16,2286,3,11,61.0,,61.0,1,Scalar,2288,False,0,219,,-2287
2288,add,2287,1,12,61.0,,61.0,1,Scalar,2289,False,0,220,,-2288
2289,sqrt,2288,,13,61.0,,61.0,1,Scalar,2290,False,0,221,,-2289
2290,mul,2289,2,14,61.0,,61.0,1,Scalar,2291,False,1,222,,-2290
2291,inv,2290,,15,61.0,,61.0,1,Scalar,"2292, 2296, 2300",False,0,223,,-2291
2292,mul,2276,2291,16,61.0,0,61.0,256,Vector,2293,False,0,113,,-2292
2293,mul,2292,4,17,61.0,0,61.0,256,Vector,2294,False,0,114,,-2293
2294,add,2293,5,18,61.0,0,61.0,256,Vector,2295,False,0,115,,-2294
2295,store,2294,183,19,61.0,0,61.0,256,Vector,,False,0,,183,-2295
2296,mul,2279,2291,16,61.0,1,61.0,256,Vector,2297,False,0,116,,-2296
2297,mul,2296,6,17,61.0,1,61.0,256,Vector,2298,False,0,117,,-2297
2298,add,2297,7,18,61.0,1,61.0,256,Vector,2299,False,0,118,,-2298
2299,store,2298,184,19,61.0,1,61.0,256,Vector,,False,0,,184,-2299
2300,mul,2282,2291,16,61.0,2,61.0,256,Vector,2301,False,0,119,,-2300
2301,mul,2300,8,17,61.0,2,61.0,256,Vector,2302,False,0,120,,-2301
2302,add,2301,9,18,61.0,2,61.0,256,Vector,2303,False,0,121,,-2302
2303,store,2302,185,19,61.0,2,61.0,256,Vector,,False,0,,185,-2303
2304,load,192,,1,62.0,0,62.0,256,Vector,"2305, 2313",True,0,122,192,-2304
2305,reduce_sum,2304,,2,62.0,0,62.0,1,Scalar,2310,False,0,224,,-2305
2306,load,193,,1,62.0,1,62.0,256,Vector,"2307, 2316",True,0,123,193,-2306
2307,reduce_sum,2306,,2,62.0,1,62.0,1,Scalar,2310,False,0,225,,-2307
2308,load,194,,1,62.0,2,62.0,256,Vector,"2309, 2319",True,0,124,194,-2308
2309,reduce_sum,2308,,2,62.0,2,62.0,1,Scalar,2311,False,0,226,,-2309
2310,add,2305,2307,3,,,62.0,1,Scalar,2311,False,0,227,,-2310
2311,add,2310,2309,4,,,62.0,1,Scalar,2312,False,0,228,,-2311
2312,mul,2311,3,5,62.0,,62.0,1,Scalar,"2313, 2316, 2319",False,0,229,,-2312
2313,sub,2304,2312,6,62.0,0,62.0,256,Vector,"2314, 2329",False,0,125,,-2313
2314,square_fp16_fp16_bf16,2313,,7,62.0,0,62.0,256,Vector,2315,False,0,126,,-2314
2315,reduce_sum_bf16,2314,,8,62.0,0,62.0,1,Scalar,2322,False,0,230,,-2315
2316,sub,2306,2312,6,62.0,1,62.0,256,Vector,"2317, 2333",False,0,127,,-2316
2317,square_fp16_fp16_bf16,2316,,7,62.0,1,62.0,256,Vector,2318,False,0,128,,-2317
2318,reduce_sum_bf16,2317,,8,62.0,1,62.0,1,Scalar,2322,False,0,231,,-2318
2319,sub,2308,2312,6,62.0,2,62.0,256,Vector,"2320, 2337",False,0,129,,-2319
2320,square_fp16_fp16_bf16,2319,,7,62.0,2,62.0,256,Vector,2321,False,0,130,,-2320
2321,reduce_sum_bf16,2320,,8,62.0,2,62.0,1,Scalar,2323,False,0,232,,-2321
2322,add_bf16,2315,2318,9,,,62.0,1,Scalar,2323,False,0,233,,-2322
2323,add_bf16,2322,2321,10,,,62.0,1,Scalar,2324,False,0,234,,-2323
2324,mul_bf16_fp16_fp16,2323,3,11,62.0,,62.0,1,Scalar,2325,False,0,235,,-2324
2325,add,2324,1,12,62.0,,62.0,1,Scalar,2326,False,0,236,,-2325
2326,sqrt,2325,,13,62.0,,62.0,1,Scalar,2327,False,0,237,,-2326
2327,mul,2326,2,14,62.0,,62.0,1,Scalar,2328,False,1,238,,-2327
2328,inv,2327,,15,62.0,,62.0,1,Scalar,"2329, 2333, 2337",False,0,239,,-2328
2329,mul,2313,2328,16,62.0,0,62.0,256,Vector,2330,False,0,131,,-2329
2330,mul,2329,4,17,62.0,0,62.0,256,Vector,2331,False,0,132,,-2330
2331,add,2330,5,18,62.0,0,62.0,256,Vector,2332,False,0,133,,-2331
2332,store,2331,186,19,62.0,0,62.0,256,Vector,,False,0,,186,-2332
2333,mul,2316,2328,16,62.0,1,62.0,256,Vector,2334,False,0,134,,-2333
2334,mul,2333,6,17,62.0,1,62.0,256,Vector,2335,False,0,135,,-2334
2335,add,2334,7,18,62.0,1,62.0,256,Vector,2336,False,0,136,,-2335
2336,store,2335,187,19,62.0,1,62.0,256,Vector,,False,0,,187,-2336
2337,mul,2319,2328,16,62.0,2,62.0,256,Vector,2338,False,0,137,,-2337
2338,mul,2337,8,17,62.0,2,62.0,256,Vector,2339,False,0,138,,-2338
2339,add,2338,9,18,62.0,2,62.0,256,Vector,2340,False,0,139,,-2339
2340,store,2339,188,19,62.0,2,62.0,256,Vector,,False,0,,188,-2340
2341,load,195,,1,63.0,0,63.0,256,Vector,"2342, 2350",True,0,140,195,-2341
2342,reduce_sum,2341,,2,63.0,0,63.0,1,Scalar,2347,False,0,240,,-2342
2343,load,196,,1,63.0,1,63.0,256,Vector,"2344, 2353",True,0,141,196,-2343
2344,reduce_sum,2343,,2,63.0,1,63.0,1,Scalar,2347,False,0,241,,-2344
2345,load,197,,1,63.0,2,63.0,256,Vector,"2346, 2356",True,0,142,197,-2345
2346,reduce_sum,2345,,2,63.0,2,63.0,1,Scalar,2348,False,0,242,,-2346
2347,add,2342,2344,3,,,63.0,1,Scalar,2348,False,0,243,,-2347
2348,add,2347,2346,4,,,63.0,1,Scalar,2349,False,0,244,,-2348
2349,mul,2348,3,5,63.0,,63.0,1,Scalar,"2350, 2353, 2356",False,0,245,,-2349
2350,sub,2341,2349,6,63.0,0,63.0,256,Vector,"2351, 2366",False,0,143,,-2350
2351,square_fp16_fp16_bf16,2350,,7,63.0,0,63.0,256,Vector,2352,False,0,144,,-2351
2352,reduce_sum_bf16,2351,,8,63.0,0,63.0,1,Scalar,2359,False,0,246,,-2352
2353,sub,2343,2349,6,63.0,1,63.0,256,Vector,"2354, 2370",False,0,145,,-2353
2354,square_fp16_fp16_bf16,2353,,7,63.0,1,63.0,256,Vector,2355,False,0,146,,-2354
2355,reduce_sum_bf16,2354,,8,63.0,1,63.0,1,Scalar,2359,False,0,247,,-2355
2356,sub,2345,2349,6,63.0,2,63.0,256,Vector,"2357, 2374",False,0,147,,-2356
2357,square_fp16_fp16_bf16,2356,,7,63.0,2,63.0,256,Vector,2358,False,0,148,,-2357
2358,reduce_sum_bf16,2357,,8,63.0,2,63.0,1,Scalar,2360,False,0,248,,-2358
2359,add_bf16,2352,2355,9,,,63.0,1,Scalar,2360,False,0,249,,-2359
2360,add_bf16,2359,2358,10,,,63.0,1,Scalar,2361,False,0,250,,-2360
2361,mul_bf16_fp16_fp16,2360,3,11,63.0,,63.0,1,Scalar,2362,False,0,251,,-2361
2362,add,2361,1,12,63.0,,63.0,1,Scalar,2363,False,0,252,,-2362
2363,sqrt,2362,,13,63.0,,63.0,1,Scalar,2364,False,0,253,,-2363
2364,mul,2363,2,14,63.0,,63.0,1,Scalar,2365,False,1,254,,-2364
2365,inv,2364,,15,63.0,,63.0,1,Scalar,"2366, 2370, 2374",False,0,255,,-2365
2366,mul,2350,2365,16,63.0,0,63.0,256,Vector,2367,False,0,149,,-2366
2367,mul,2366,4,17,63.0,0,63.0,256,Vector,2368,False,0,150,,-2367
2368,add,2367,5,18,63.0,0,63.0,256,Vector,2369,False,0,151,,-2368
2369,store,2368,189,19,63.0,0,63.0,256,Vector,,False,0,,189,-2369
2370,mul,2353,2365,16,63.0,1,63.0,256,Vector,2371,False,0,152,,-2370
2371,mul,2370,6,17,63.0,1,63.0,256,Vector,2372,False,0,153,,-2371
2372,add,2371,7,18,63.0,1,63.0,256,Vector,2373,False,0,154,,-2372
2373,store,2372,190,19,63.0,1,63.0,256,Vector,,False,0,,190,-2373
2374,mul,2356,2365,16,63.0,2,63.0,256,Vector,2375,False,0,155,,-2374
2375,mul,2374,8,17,63.0,2,63.0,256,Vector,2376,False,0,156,,-2375
2376,add,2375,9,18,63.0,2,63.0,256,Vector,2377,False,0,157,,-2376
2377,store,2376,191,19,63.0,2,63.0,256,Vector,,False,0,,191,-2377
