Total DAG nodes: 2378
vgpr_start_addr = 6
Group ID = 0 使用的 SGPR 数量 = 16, VGPR 数量 = 18
sgpr_count = 16	vgpr_count = 18
最大活跃 SGPR 数量 = 16
最大活跃 VGPR 数量 = 13
最大活跃状态数量 = 13
t=0, issue load node 4 gpr=0 mem=0 latency=3
t=1, issue load node 5 gpr=1 mem=1 latency=3
t=2, issue load node 6 gpr=2 mem=2 latency=3
t=3, issue load node 7 gpr=3 mem=3 latency=3
t=4, issue load node 8 gpr=4 mem=4 latency=3
t=5, issue load node 9 gpr=5 mem=5 latency=3
t=6, issue load node 10 gpr=6 mem=6 latency=3
t=7, issue load node 12 gpr=7 mem=7 latency=3
t=8, issue load node 14 gpr=8 mem=8 latency=3
t=9, issue ve node 11 with op reduce_sum src0=6 src1=-1 dst=0 latency=12 penalty=0
t=9, issue load node 47 gpr=24 mem=9 latency=3
t=10, issue ve node 13 with op reduce_sum src0=7 src1=-1 dst=1 latency=12 penalty=0
t=10, issue load node 49 gpr=25 mem=10 latency=3
t=11, issue ve node 15 with op reduce_sum src0=8 src1=-1 dst=2 latency=12 penalty=0
t=11, issue load node 51 gpr=26 mem=11 latency=3
t=12, issue ve node 48 with op reduce_sum src0=24 src1=-1 dst=16 latency=12 penalty=0
t=12, issue load node 84 gpr=42 mem=12 latency=3
t=13, issue ve node 50 with op reduce_sum src0=25 src1=-1 dst=17 latency=12 penalty=0
t=13, issue load node 86 gpr=43 mem=13 latency=3
t=14, issue ve node 52 with op reduce_sum src0=26 src1=-1 dst=18 latency=12 penalty=0
t=14, issue load node 88 gpr=44 mem=14 latency=3
t=15, issue ve node 85 with op reduce_sum src0=42 src1=-1 dst=32 latency=12 penalty=0
t=15, issue load node 121 gpr=60 mem=15 latency=3
t=16, issue ve node 87 with op reduce_sum src0=43 src1=-1 dst=33 latency=12 penalty=0
t=16, issue load node 123 gpr=61 mem=16 latency=3
t=17, issue ve node 89 with op reduce_sum src0=44 src1=-1 dst=34 latency=12 penalty=0
t=17, issue load node 125 gpr=62 mem=17 latency=3
t=18, issue ve node 122 with op reduce_sum src0=60 src1=-1 dst=48 latency=12 penalty=0
t=18, issue load node 158 gpr=78 mem=18 latency=3
t=19, issue ve node 124 with op reduce_sum src0=61 src1=-1 dst=49 latency=12 penalty=0
t=19, issue load node 160 gpr=79 mem=19 latency=3
t=20, issue ve node 126 with op reduce_sum src0=62 src1=-1 dst=50 latency=12 penalty=0
t=20, issue load node 162 gpr=80 mem=20 latency=3
t=21, issue ve node 159 with op reduce_sum src0=78 src1=-1 dst=64 latency=12 penalty=0
t=21, issue load node 195 gpr=96 mem=21 latency=3
t=22, issue ve node 161 with op reduce_sum src0=79 src1=-1 dst=65 latency=12 penalty=0
t=22, issue scalar node 16 with op add src0=0 src1=1 dst=3 latency=7 penalty=0
t=23, issue ve node 163 with op reduce_sum src0=80 src1=-1 dst=66 latency=12 penalty=0
t=23, issue load node 197 gpr=97 mem=22 latency=3
t=24, issue ve node 196 with op reduce_sum src0=96 src1=-1 dst=80 latency=12 penalty=0
t=24, issue load node 199 gpr=98 mem=23 latency=3
t=25, issue scalar node 53 with op add src0=16 src1=17 dst=19 latency=7 penalty=0
t=25, issue load node 232 gpr=114 mem=24 latency=3
t=26, issue ve node 198 with op reduce_sum src0=97 src1=-1 dst=81 latency=12 penalty=0
t=26, issue load node 234 gpr=115 mem=25 latency=3
t=27, issue ve node 200 with op reduce_sum src0=98 src1=-1 dst=82 latency=12 penalty=0
t=27, issue load node 236 gpr=116 mem=26 latency=3
t=28, issue ve node 233 with op reduce_sum src0=114 src1=-1 dst=96 latency=12 penalty=0
t=28, issue scalar node 90 with op add src0=32 src1=33 dst=35 latency=7 penalty=0
t=29, issue ve node 235 with op reduce_sum src0=115 src1=-1 dst=97 latency=12 penalty=0
t=29, issue load node 269 gpr=132 mem=27 latency=3
t=30, issue ve node 237 with op reduce_sum src0=116 src1=-1 dst=98 latency=12 penalty=0
t=30, issue scalar node 17 with op add src0=3 src1=2 dst=4 latency=7 penalty=0
t=31, issue scalar node 127 with op add src0=48 src1=49 dst=51 latency=7 penalty=0
t=31, issue load node 271 gpr=133 mem=28 latency=3
t=32, issue ve node 270 with op reduce_sum src0=132 src1=-1 dst=112 latency=12 penalty=0
t=32, issue scalar node 54 with op add src0=19 src1=18 dst=20 latency=7 penalty=0
t=33, issue load node 273 gpr=134 mem=29 latency=3
t=34, issue ve node 272 with op reduce_sum src0=133 src1=-1 dst=113 latency=12 penalty=0
t=34, issue scalar node 164 with op add src0=64 src1=65 dst=67 latency=7 penalty=0
t=35, issue scalar node 91 with op add src0=35 src1=34 dst=36 latency=7 penalty=0
t=35, issue load node 306 gpr=150 mem=30 latency=3
t=36, issue ve node 274 with op reduce_sum src0=134 src1=-1 dst=114 latency=12 penalty=0
t=36, issue load node 308 gpr=151 mem=31 latency=3
t=37, issue scalar node 18 with op mul src0=4 src1=6 dst=5 latency=7 penalty=0
t=37, issue load node 310 gpr=152 mem=32 latency=3
t=38, issue ve node 307 with op reduce_sum src0=150 src1=-1 dst=128 latency=12 penalty=0
t=38, issue scalar node 128 with op add src0=51 src1=50 dst=52 latency=7 penalty=0
t=39, issue ve node 309 with op reduce_sum src0=151 src1=-1 dst=129 latency=12 penalty=0
t=39, issue scalar node 201 with op add src0=80 src1=81 dst=83 latency=7 penalty=0
t=40, issue ve node 311 with op reduce_sum src0=152 src1=-1 dst=130 latency=12 penalty=0
t=40, issue scalar node 55 with op mul src0=20 src1=6 dst=21 latency=7 penalty=0
t=41, issue scalar node 165 with op add src0=67 src1=66 dst=68 latency=7 penalty=0
t=41, issue load node 343 gpr=168 mem=33 latency=3
t=42, issue scalar node 92 with op mul src0=36 src1=6 dst=37 latency=7 penalty=0
t=42, issue load node 345 gpr=169 mem=34 latency=3
t=43, issue scalar node 238 with op add src0=96 src1=97 dst=99 latency=7 penalty=0
t=43, issue load node 347 gpr=170 mem=35 latency=3
t=44, issue ve node 344 with op reduce_sum src0=168 src1=-1 dst=144 latency=12 penalty=0
t=44, issue load node 380 gpr=186 mem=36 latency=3
t=45, issue ve node 346 with op reduce_sum src0=169 src1=-1 dst=145 latency=12 penalty=0
t=45, issue scalar node 129 with op mul src0=52 src1=6 dst=53 latency=7 penalty=0
t=46, issue ve node 348 with op reduce_sum src0=170 src1=-1 dst=146 latency=12 penalty=0
t=46, issue scalar node 202 with op add src0=83 src1=82 dst=84 latency=7 penalty=0
t=47, issue ve node 381 with op reduce_sum src0=186 src1=-1 dst=160 latency=12 penalty=0
t=47, issue scalar node 275 with op add src0=112 src1=113 dst=115 latency=7 penalty=0
t=48, issue scalar node 166 with op mul src0=68 src1=6 dst=69 latency=7 penalty=0
t=48, issue ve node 19 with op sub src0=6 src1=5 dst=9 latency=7 penalty=0 half=0
t=49, issue ve node 22 with op sub src0=7 src1=5 dst=11 latency=7 penalty=0 half=0
t=49, issue load node 382 gpr=187 mem=37 latency=3
t=50, issue ve node 25 with op sub src0=8 src1=5 dst=13 latency=7 penalty=0 half=0
t=50, issue scalar node 239 with op add src0=99 src1=98 dst=100 latency=7 penalty=0
t=51, issue ve node 56 with op sub src0=24 src1=21 dst=27 latency=7 penalty=0 half=0
t=51, issue load node 384 gpr=188 mem=38 latency=3
t=52, issue ve node 59 with op sub src0=25 src1=21 dst=29 latency=7 penalty=0 half=0
t=52, issue load node 417 gpr=204 mem=39 latency=3
t=53, issue scalar node 203 with op mul src0=84 src1=6 dst=85 latency=7 penalty=0
t=53, issue ve node 62 with op sub src0=26 src1=21 dst=31 latency=7 penalty=0 half=0
t=54, issue ve node 93 with op sub src0=42 src1=37 dst=45 latency=7 penalty=0 half=0
t=54, issue scalar node 276 with op add src0=115 src1=114 dst=116 latency=7 penalty=0
t=55, issue ve node 96 with op sub src0=43 src1=37 dst=47 latency=7 penalty=0 half=0
t=55, issue load node 419 gpr=205 mem=40 latency=3
t=56, issue ve node 99 with op sub src0=44 src1=37 dst=49 latency=7 penalty=0 half=0
t=56, issue load node 421 gpr=206 mem=41 latency=3
t=57, issue ve node 130 with op sub src0=60 src1=53 dst=63 latency=7 penalty=0 half=0
t=57, issue scalar node 240 with op mul src0=100 src1=6 dst=101 latency=7 penalty=0
t=58, issue ve node 133 with op sub src0=61 src1=53 dst=65 latency=7 penalty=0 half=0
t=58, issue load node 454 gpr=222 mem=42 latency=3
t=59, issue ve node 136 with op sub src0=62 src1=53 dst=67 latency=7 penalty=0 half=0
t=59, issue load node 458 gpr=224 mem=44 latency=3
t=60, issue ve node 167 with op sub src0=78 src1=69 dst=81 latency=7 penalty=0 half=0
t=60, issue load node 456 gpr=223 mem=43 latency=3
t=61, issue ve node 170 with op sub src0=79 src1=69 dst=83 latency=7 penalty=0 half=0
t=61, issue scalar node 277 with op mul src0=116 src1=6 dst=117 latency=7 penalty=0
t=62, issue ve node 20 with op square_fp16_fp16_bf16 src0=9 src1=-1 dst=10 latency=7 penalty=0 half=0
t=62, issue scalar node 312 with op add src0=128 src1=129 dst=131 latency=7 penalty=0
t=63, issue ve node 23 with op square_fp16_fp16_bf16 src0=11 src1=-1 dst=12 latency=7 penalty=0 half=0
t=63, issue scalar node 349 with op add src0=144 src1=145 dst=147 latency=7 penalty=0
t=64, issue ve node 26 with op square_fp16_fp16_bf16 src0=13 src1=-1 dst=14 latency=7 penalty=0 half=0
t=65, issue ve node 57 with op square_fp16_fp16_bf16 src0=27 src1=-1 dst=28 latency=7 penalty=0 half=0
t=66, issue ve node 60 with op square_fp16_fp16_bf16 src0=29 src1=-1 dst=30 latency=7 penalty=0 half=0
t=67, issue ve node 63 with op square_fp16_fp16_bf16 src0=31 src1=-1 dst=32 latency=7 penalty=0 half=0
t=68, issue ve node 94 with op square_fp16_fp16_bf16 src0=45 src1=-1 dst=46 latency=7 penalty=0 half=0
t=69, issue ve node 21 with op reduce_sum_bf16 src0=10 src1=-1 dst=6 latency=12 penalty=0
t=69, issue scalar node 313 with op add src0=131 src1=130 dst=132 latency=7 penalty=0
t=70, issue ve node 24 with op reduce_sum_bf16 src0=12 src1=-1 dst=7 latency=12 penalty=0
t=70, issue scalar node 350 with op add src0=147 src1=146 dst=148 latency=7 penalty=0
t=71, issue ve node 27 with op reduce_sum_bf16 src0=14 src1=-1 dst=8 latency=12 penalty=0
t=72, issue ve node 58 with op reduce_sum_bf16 src0=28 src1=-1 dst=22 latency=12 penalty=0
t=73, issue ve node 61 with op reduce_sum_bf16 src0=30 src1=-1 dst=23 latency=12 penalty=0
t=74, issue ve node 64 with op reduce_sum_bf16 src0=32 src1=-1 dst=24 latency=12 penalty=0
t=75, issue ve node 95 with op reduce_sum_bf16 src0=46 src1=-1 dst=38 latency=12 penalty=0
t=76, issue ve node 173 with op sub src0=80 src1=69 dst=85 latency=7 penalty=0 half=0
t=76, issue scalar node 314 with op mul src0=132 src1=6 dst=133 latency=7 penalty=0
t=77, issue ve node 204 with op sub src0=96 src1=85 dst=99 latency=7 penalty=0 half=0
t=77, issue scalar node 351 with op mul src0=148 src1=6 dst=149 latency=7 penalty=0
t=78, issue ve node 207 with op sub src0=97 src1=85 dst=101 latency=7 penalty=0 half=0
t=79, issue ve node 210 with op sub src0=98 src1=85 dst=103 latency=7 penalty=0 half=0
t=80, issue ve node 241 with op sub src0=114 src1=101 dst=117 latency=7 penalty=0 half=0
t=81, issue ve node 244 with op sub src0=115 src1=101 dst=119 latency=7 penalty=0 half=0
t=82, issue scalar node 28 with op add_bf16 src0=6 src1=7 dst=9 latency=7 penalty=0
t=82, issue ve node 97 with op square_fp16_fp16_bf16 src0=47 src1=-1 dst=48 latency=7 penalty=0 half=0
t=83, issue ve node 247 with op sub src0=116 src1=101 dst=121 latency=7 penalty=0 half=0
t=84, issue ve node 100 with op square_fp16_fp16_bf16 src0=49 src1=-1 dst=50 latency=7 penalty=0 half=0
t=85, issue scalar node 65 with op add_bf16 src0=22 src1=23 dst=25 latency=7 penalty=0
t=85, issue ve node 131 with op square_fp16_fp16_bf16 src0=63 src1=-1 dst=64 latency=7 penalty=0 half=0
t=86, issue ve node 134 with op square_fp16_fp16_bf16 src0=65 src1=-1 dst=66 latency=7 penalty=0 half=0
t=87, issue ve node 137 with op square_fp16_fp16_bf16 src0=67 src1=-1 dst=68 latency=7 penalty=0 half=0
t=88, issue ve node 168 with op square_fp16_fp16_bf16 src0=81 src1=-1 dst=82 latency=7 penalty=0 half=0
t=89, issue ve node 98 with op reduce_sum_bf16 src0=48 src1=-1 dst=39 latency=12 penalty=0
t=89, issue scalar node 29 with op add_bf16 src0=9 src1=8 dst=10 latency=7 penalty=0
t=90, issue ve node 171 with op square_fp16_fp16_bf16 src0=83 src1=-1 dst=84 latency=7 penalty=0 half=0
t=91, issue ve node 101 with op reduce_sum_bf16 src0=50 src1=-1 dst=40 latency=12 penalty=0
t=92, issue ve node 132 with op reduce_sum_bf16 src0=64 src1=-1 dst=54 latency=12 penalty=0
t=92, issue scalar node 66 with op add_bf16 src0=25 src1=24 dst=26 latency=7 penalty=0
t=93, issue ve node 135 with op reduce_sum_bf16 src0=66 src1=-1 dst=55 latency=12 penalty=0
t=94, issue ve node 138 with op reduce_sum_bf16 src0=68 src1=-1 dst=56 latency=12 penalty=0
t=95, issue ve node 169 with op reduce_sum_bf16 src0=82 src1=-1 dst=70 latency=12 penalty=0
t=96, issue scalar node 30 with op mul_bf16_fp16_fp16 src0=10 src1=6 dst=11 latency=7 penalty=0
t=96, issue ve node 174 with op square_fp16_fp16_bf16 src0=85 src1=-1 dst=86 latency=7 penalty=0 half=0
t=97, issue ve node 172 with op reduce_sum_bf16 src0=84 src1=-1 dst=71 latency=12 penalty=0
t=98, issue ve node 278 with op sub src0=132 src1=117 dst=135 latency=7 penalty=0 half=0
t=99, issue ve node 281 with op sub src0=133 src1=117 dst=137 latency=7 penalty=0 half=0
t=99, issue scalar node 67 with op mul_bf16_fp16_fp16 src0=26 src1=6 dst=27 latency=7 penalty=0
t=100, issue ve node 284 with op sub src0=134 src1=117 dst=139 latency=7 penalty=0 half=0
t=101, issue ve node 315 with op sub src0=150 src1=133 dst=153 latency=7 penalty=0 half=0
t=101, issue scalar node 102 with op add_bf16 src0=38 src1=39 dst=41 latency=7 penalty=0
t=102, issue ve node 318 with op sub src0=151 src1=133 dst=155 latency=7 penalty=0 half=0
t=103, issue ve node 175 with op reduce_sum_bf16 src0=86 src1=-1 dst=72 latency=12 penalty=0
t=103, issue scalar node 31 with op add src0=11 src1=4 dst=12 latency=7 penalty=0
t=104, issue ve node 321 with op sub src0=152 src1=133 dst=157 latency=7 penalty=0 half=0
t=105, issue scalar node 139 with op add_bf16 src0=54 src1=55 dst=57 latency=7 penalty=0
t=105, issue ve node 205 with op square_fp16_fp16_bf16 src0=99 src1=-1 dst=100 latency=7 penalty=0 half=0
t=106, issue scalar node 68 with op add src0=27 src1=4 dst=28 latency=7 penalty=0
t=106, issue ve node 208 with op square_fp16_fp16_bf16 src0=101 src1=-1 dst=102 latency=7 penalty=0 half=0
t=107, issue ve node 352 with op sub src0=168 src1=149 dst=171 latency=7 penalty=0 half=0
t=108, issue scalar node 103 with op add_bf16 src0=41 src1=40 dst=42 latency=7 penalty=0
t=108, issue ve node 211 with op square_fp16_fp16_bf16 src0=103 src1=-1 dst=104 latency=7 penalty=0 half=0
t=109, issue scalar node 176 with op add_bf16 src0=70 src1=71 dst=73 latency=7 penalty=0
t=109, issue ve node 242 with op square_fp16_fp16_bf16 src0=117 src1=-1 dst=118 latency=7 penalty=0 half=0
t=110, issue sfu node 32 with op sqrt src0=12 src1=-1 dst=13 latency=19 rounds=0 penalty=0 borrow=0
t=110, issue ve node 245 with op square_fp16_fp16_bf16 src0=119 src1=-1 dst=120 latency=7 penalty=0 half=0
t=111, issue ve node 355 with op sub src0=169 src1=149 dst=173 latency=7 penalty=0 half=0
t=112, issue ve node 206 with op reduce_sum_bf16 src0=100 src1=-1 dst=86 latency=12 penalty=0
t=112, issue scalar node 140 with op add_bf16 src0=57 src1=56 dst=58 latency=7 penalty=0
t=113, issue sfu node 69 with op sqrt src0=28 src1=-1 dst=29 latency=19 rounds=0 penalty=0 borrow=0
t=113, issue ve node 209 with op reduce_sum_bf16 src0=102 src1=-1 dst=87 latency=12 penalty=0
t=114, issue ve node 248 with op square_fp16_fp16_bf16 src0=121 src1=-1 dst=122 latency=7 penalty=0 half=0
t=115, issue ve node 212 with op reduce_sum_bf16 src0=104 src1=-1 dst=88 latency=12 penalty=0
t=115, issue scalar node 104 with op mul_bf16_fp16_fp16 src0=42 src1=6 dst=43 latency=7 penalty=0
t=116, issue ve node 243 with op reduce_sum_bf16 src0=118 src1=-1 dst=102 latency=12 penalty=0
t=116, issue scalar node 177 with op add_bf16 src0=73 src1=72 dst=74 latency=7 penalty=0
t=117, issue ve node 246 with op reduce_sum_bf16 src0=120 src1=-1 dst=103 latency=12 penalty=0
t=118, issue ve node 279 with op square_fp16_fp16_bf16 src0=135 src1=-1 dst=136 latency=7 penalty=0 half=0
t=119, issue scalar node 141 with op mul_bf16_fp16_fp16 src0=58 src1=6 dst=59 latency=7 penalty=0
t=119, issue ve node 282 with op square_fp16_fp16_bf16 src0=137 src1=-1 dst=138 latency=7 penalty=0 half=0
t=120, issue ve node 358 with op sub src0=170 src1=149 dst=175 latency=7 penalty=0 half=0
t=121, issue ve node 249 with op reduce_sum_bf16 src0=122 src1=-1 dst=104 latency=12 penalty=0
t=122, issue ve node 383 with op reduce_sum src0=187 src1=-1 dst=161 latency=12 penalty=0
t=122, issue scalar node 105 with op add src0=43 src1=4 dst=44 latency=7 penalty=0
t=123, issue ve node 385 with op reduce_sum src0=188 src1=-1 dst=162 latency=12 penalty=0
t=123, issue scalar node 178 with op mul_bf16_fp16_fp16 src0=74 src1=6 dst=75 latency=7 penalty=0
t=124, issue ve node 418 with op reduce_sum src0=204 src1=-1 dst=176 latency=12 penalty=0
t=125, issue ve node 280 with op reduce_sum_bf16 src0=136 src1=-1 dst=118 latency=12 penalty=0
t=126, issue ve node 283 with op reduce_sum_bf16 src0=138 src1=-1 dst=119 latency=12 penalty=0
t=126, issue scalar node 213 with op add_bf16 src0=86 src1=87 dst=89 latency=7 penalty=0
t=127, issue scalar node 142 with op add src0=59 src1=4 dst=60 latency=7 penalty=0
t=127, issue ve node 285 with op square_fp16_fp16_bf16 src0=139 src1=-1 dst=140 latency=7 penalty=0 half=0
t=128, issue ve node 420 with op reduce_sum src0=205 src1=-1 dst=177 latency=12 penalty=0
t=129, issue scalar node 33 with op mul src0=13 src1=5 dst=14 latency=7 penalty=0
t=129, issue sfu node 106 with op sqrt src0=44 src1=-1 dst=45 latency=19 rounds=0 penalty=0 borrow=0
t=130, issue scalar node 179 with op add src0=75 src1=4 dst=76 latency=7 penalty=0
t=130, issue ve node 316 with op square_fp16_fp16_bf16 src0=153 src1=-1 dst=154 latency=7 penalty=0 half=0
t=131, issue ve node 422 with op reduce_sum src0=206 src1=-1 dst=178 latency=12 penalty=0
t=131, issue scalar node 250 with op add_bf16 src0=102 src1=103 dst=105 latency=7 penalty=0
t=132, issue scalar node 70 with op mul src0=29 src1=5 dst=30 latency=7 penalty=0
t=132, issue ve node 455 with op reduce_sum src0=222 src1=-1 dst=192 latency=12 penalty=0
t=133, issue ve node 457 with op reduce_sum src0=223 src1=-1 dst=193 latency=12 penalty=0
t=133, issue scalar node 214 with op add_bf16 src0=89 src1=88 dst=90 latency=7 penalty=0
t=134, issue sfu node 143 with op sqrt src0=60 src1=-1 dst=61 latency=19 rounds=0 penalty=0 borrow=0
t=134, issue ve node 286 with op reduce_sum_bf16 src0=140 src1=-1 dst=120 latency=12 penalty=0
t=135, issue ve node 459 with op reduce_sum src0=224 src1=-1 dst=194 latency=12 penalty=0
t=135, issue scalar node 386 with op add src0=160 src1=161 dst=163 latency=7 penalty=0
t=136, issue sfu node 34 with op inv src0=14 src1=-1 dst=15 latency=19 rounds=0 penalty=0 borrow=0
t=136, issue ve node 319 with op square_fp16_fp16_bf16 src0=155 src1=-1 dst=156 latency=7 penalty=0 half=0
t=137, issue sfu node 180 with op sqrt src0=76 src1=-1 dst=77 latency=19 rounds=0 penalty=0 borrow=0
t=137, issue ve node 317 with op reduce_sum_bf16 src0=154 src1=-1 dst=134 latency=12 penalty=0
t=138, issue scalar node 251 with op add_bf16 src0=105 src1=104 dst=106 latency=7 penalty=0
t=138, issue ve node 322 with op square_fp16_fp16_bf16 src0=157 src1=-1 dst=158 latency=7 penalty=0 half=0
t=139, issue sfu node 71 with op inv src0=30 src1=-1 dst=31 latency=19 rounds=0 penalty=0 borrow=0
t=139, issue ve node 353 with op square_fp16_fp16_bf16 src0=171 src1=-1 dst=172 latency=7 penalty=0 half=0
t=140, issue scalar node 215 with op mul_bf16_fp16_fp16 src0=90 src1=6 dst=91 latency=7 penalty=0
t=140, issue ve node 356 with op square_fp16_fp16_bf16 src0=173 src1=-1 dst=174 latency=7 penalty=0 half=0
t=141, issue ve node 359 with op square_fp16_fp16_bf16 src0=175 src1=-1 dst=176 latency=7 penalty=0 half=0
t=141, issue scalar node 423 with op add src0=176 src1=177 dst=179 latency=7 penalty=0
t=142, issue scalar node 287 with op add_bf16 src0=118 src1=119 dst=121 latency=7 penalty=0
t=143, issue scalar node 387 with op add src0=163 src1=162 dst=164 latency=7 penalty=0
t=144, issue ve node 320 with op reduce_sum_bf16 src0=156 src1=-1 dst=135 latency=12 penalty=0
t=145, issue ve node 323 with op reduce_sum_bf16 src0=158 src1=-1 dst=136 latency=12 penalty=0
t=145, issue scalar node 252 with op mul_bf16_fp16_fp16 src0=106 src1=6 dst=107 latency=7 penalty=0
t=146, issue ve node 354 with op reduce_sum_bf16 src0=172 src1=-1 dst=150 latency=12 penalty=0
t=146, issue scalar node 460 with op add src0=192 src1=193 dst=195 latency=7 penalty=0
t=147, issue ve node 357 with op reduce_sum_bf16 src0=174 src1=-1 dst=151 latency=12 penalty=0
t=147, issue scalar node 216 with op add src0=91 src1=4 dst=92 latency=7 penalty=0
t=148, issue scalar node 107 with op mul src0=45 src1=5 dst=46 latency=7 penalty=0
t=148, issue ve node 360 with op reduce_sum_bf16 src0=176 src1=-1 dst=152 latency=12 penalty=0
t=149, issue scalar node 288 with op add_bf16 src0=121 src1=120 dst=122 latency=7 penalty=0
t=150, issue scalar node 388 with op mul src0=164 src1=6 dst=165 latency=7 penalty=0
t=151, issue scalar node 424 with op add src0=179 src1=178 dst=180 latency=7 penalty=0
t=152, issue scalar node 253 with op add src0=107 src1=4 dst=108 latency=7 penalty=0
t=153, issue scalar node 144 with op mul src0=61 src1=5 dst=62 latency=7 penalty=0
t=154, issue sfu node 217 with op sqrt src0=92 src1=-1 dst=93 latency=19 rounds=0 penalty=0 borrow=0
t=154, issue scalar node 461 with op add src0=195 src1=194 dst=196 latency=7 penalty=0
t=155, issue sfu node 108 with op inv src0=46 src1=-1 dst=47 latency=19 rounds=0 penalty=0 borrow=0
t=155, issue ve node 35 with op mul src0=9 src1=15 dst=15 latency=7 penalty=0 half=0
t=156, issue scalar node 181 with op mul src0=77 src1=5 dst=78 latency=7 penalty=0
t=156, issue ve node 39 with op mul src0=11 src1=15 dst=18 latency=7 penalty=0 half=0
t=157, issue ve node 389 with op sub src0=186 src1=165 dst=189 latency=7 penalty=0 half=0
t=157, issue scalar node 289 with op mul_bf16_fp16_fp16 src0=122 src1=6 dst=123 latency=7 penalty=0
t=158, issue scalar node 425 with op mul src0=180 src1=6 dst=181 latency=7 penalty=0
t=158, issue ve node 392 with op sub src0=187 src1=165 dst=191 latency=7 penalty=0 half=0
t=159, issue sfu node 254 with op sqrt src0=108 src1=-1 dst=109 latency=19 rounds=0 penalty=0 borrow=0
t=159, issue ve node 395 with op sub src0=188 src1=165 dst=193 latency=7 penalty=0 half=0
t=160, issue sfu node 145 with op inv src0=62 src1=-1 dst=63 latency=19 rounds=0 penalty=0 borrow=0
t=160, issue ve node 43 with op mul src0=13 src1=15 dst=21 latency=7 penalty=0 half=0
t=161, issue scalar node 462 with op mul src0=196 src1=6 dst=197 latency=7 penalty=0
t=161, issue ve node 72 with op mul src0=27 src1=31 dst=33 latency=7 penalty=0 half=0
t=162, issue ve node 36 with op mul src0=15 src1=0 dst=16 latency=7 penalty=0 half=0
t=162, issue scalar node 324 with op add_bf16 src0=134 src1=135 dst=137 latency=7 penalty=0
t=163, issue sfu node 182 with op inv src0=78 src1=-1 dst=79 latency=19 rounds=0 penalty=0 borrow=0
t=163, issue ve node 40 with op mul src0=18 src1=2 dst=19 latency=7 penalty=1 half=0
t=164, issue scalar node 290 with op add src0=123 src1=4 dst=124 latency=7 penalty=0
t=165, issue ve node 426 with op sub src0=204 src1=181 dst=207 latency=7 penalty=0 half=0
t=165, issue scalar node 361 with op add_bf16 src0=150 src1=151 dst=153 latency=7 penalty=0
t=166, issue ve node 429 with op sub src0=205 src1=181 dst=209 latency=7 penalty=0 half=0
t=167, issue ve node 432 with op sub src0=206 src1=181 dst=211 latency=7 penalty=0 half=0
t=168, issue ve node 463 with op sub src0=222 src1=197 dst=225 latency=7 penalty=0 half=0
t=169, issue ve node 37 with op add src0=16 src1=1 dst=17 latency=7 penalty=0 half=0
t=169, issue scalar node 325 with op add_bf16 src0=137 src1=136 dst=138 latency=7 penalty=0
t=170, issue ve node 466 with op sub src0=223 src1=197 dst=227 latency=7 penalty=0 half=0
t=171, issue sfu node 291 with op sqrt src0=124 src1=-1 dst=125 latency=19 rounds=0 penalty=0 borrow=0
t=171, issue ve node 41 with op add src0=19 src1=3 dst=20 latency=7 penalty=1 half=0
t=172, issue scalar node 362 with op add_bf16 src0=153 src1=152 dst=154 latency=7 penalty=0
t=173, issue scalar node 218 with op mul src0=93 src1=5 dst=94 latency=7 penalty=0
t=173, issue ve node 44 with op mul src0=21 src1=4 dst=22 latency=7 penalty=0 half=0
t=174, issue ve node 73 with op mul src0=33 src1=0 dst=34 latency=7 penalty=0 half=0
t=175, issue ve node 76 with op mul src0=29 src1=31 dst=36 latency=7 penalty=0 half=0
t=176, issue ve node 80 with op mul src0=31 src1=31 dst=39 latency=7 penalty=0 half=0
t=176, issue scalar node 326 with op mul_bf16_fp16_fp16 src0=138 src1=6 dst=139 latency=7 penalty=0
t=177, issue ve node 109 with op mul src0=45 src1=47 dst=51 latency=7 penalty=0 half=0
t=178, issue scalar node 255 with op mul src0=109 src1=5 dst=110 latency=7 penalty=0
t=178, issue ve node 113 with op mul src0=47 src1=47 dst=54 latency=7 penalty=0 half=0
t=179, issue ve node 117 with op mul src0=49 src1=47 dst=57 latency=7 penalty=0 half=0
t=179, issue scalar node 363 with op mul_bf16_fp16_fp16 src0=154 src1=6 dst=155 latency=7 penalty=0
t=180, issue sfu node 219 with op inv src0=94 src1=-1 dst=95 latency=19 rounds=0 penalty=0 borrow=0
t=180, issue ve node 45 with op add src0=22 src1=5 dst=23 latency=7 penalty=0 half=0
t=181, issue ve node 74 with op add src0=34 src1=1 dst=35 latency=7 penalty=0 half=0
t=181, issue store node 42 mem=1 latency=0
t=182, issue ve node 77 with op mul src0=36 src1=2 dst=37 latency=7 penalty=0 half=0
t=182, issue store node 38 mem=0 latency=0
t=183, issue ve node 81 with op mul src0=39 src1=4 dst=40 latency=7 penalty=0 half=0
t=183, issue scalar node 327 with op add src0=139 src1=4 dst=140 latency=7 penalty=0
t=184, issue ve node 110 with op mul src0=51 src1=0 dst=52 latency=7 penalty=0 half=0
t=185, issue sfu node 256 with op inv src0=110 src1=-1 dst=111 latency=19 rounds=0 penalty=0 borrow=0
t=185, issue ve node 114 with op mul src0=54 src1=2 dst=55 latency=7 penalty=1 half=0
t=186, issue scalar node 364 with op add src0=155 src1=4 dst=156 latency=7 penalty=0
t=187, issue ve node 118 with op mul src0=57 src1=4 dst=58 latency=7 penalty=0 half=0
t=187, issue store node 46 mem=2 latency=0
t=188, issue ve node 146 with op mul src0=63 src1=63 dst=69 latency=7 penalty=0 half=0
t=188, issue load node 493 gpr=241 mem=46 latency=3
t=189, issue ve node 78 with op add src0=37 src1=3 dst=38 latency=7 penalty=0 half=0
t=189, issue load node 491 gpr=240 mem=45 latency=3
t=190, issue scalar node 292 with op mul src0=125 src1=5 dst=126 latency=7 penalty=0
t=190, issue sfu node 328 with op sqrt src0=140 src1=-1 dst=141 latency=19 rounds=0 penalty=0 borrow=0
t=191, issue ve node 82 with op add src0=40 src1=5 dst=41 latency=7 penalty=0 half=0
t=191, issue store node 75 mem=3 latency=0
t=192, issue ve node 111 with op add src0=52 src1=1 dst=53 latency=7 penalty=0 half=0
t=192, issue load node 495 gpr=242 mem=47 latency=3
t=193, issue sfu node 365 with op sqrt src0=156 src1=-1 dst=157 latency=19 rounds=0 penalty=0 borrow=0
t=193, issue ve node 115 with op add src0=55 src1=3 dst=56 latency=7 penalty=1 half=0
t=194, issue ve node 492 with op reduce_sum src0=240 src1=-1 dst=208 latency=12 penalty=0
t=195, issue ve node 119 with op add src0=58 src1=5 dst=59 latency=7 penalty=0 half=0
t=196, issue ve node 147 with op mul src0=69 src1=0 dst=70 latency=7 penalty=0 half=0
t=196, issue store node 79 mem=4 latency=0
t=197, issue sfu node 293 with op inv src0=126 src1=-1 dst=127 latency=19 rounds=0 penalty=0 borrow=0
t=197, issue ve node 150 with op mul src0=65 src1=63 dst=72 latency=7 penalty=0 half=0
t=198, issue ve node 154 with op mul src0=67 src1=63 dst=75 latency=7 penalty=0 half=0
t=198, issue store node 83 mem=5 latency=0
t=199, issue ve node 183 with op mul src0=81 src1=79 dst=87 latency=7 penalty=0 half=0
t=199, issue load node 528 gpr=8 mem=48 latency=3
t=200, issue ve node 187 with op mul src0=83 src1=79 dst=90 latency=7 penalty=0 half=0
t=200, issue store node 112 mem=6 latency=0
t=201, issue ve node 191 with op mul src0=85 src1=79 dst=93 latency=7 penalty=0 half=0
t=201, issue store node 116 mem=7 latency=0
t=202, issue ve node 220 with op mul src0=99 src1=95 dst=105 latency=7 penalty=0 half=0
t=202, issue load node 530 gpr=9 mem=49 latency=3
t=203, issue ve node 148 with op add src0=70 src1=1 dst=71 latency=7 penalty=0 half=0
t=203, issue store node 120 mem=8 latency=0
t=204, issue ve node 151 with op mul src0=72 src1=2 dst=73 latency=7 penalty=0 half=0
t=204, issue load node 567 gpr=27 mem=52 latency=3
t=205, issue ve node 155 with op mul src0=75 src1=4 dst=76 latency=7 penalty=0 half=0
t=205, issue load node 532 gpr=10 mem=50 latency=3
t=206, issue ve node 184 with op mul src0=87 src1=0 dst=88 latency=7 penalty=0 half=0
t=206, issue load node 565 gpr=26 mem=51 latency=3
t=207, issue ve node 188 with op mul src0=90 src1=2 dst=91 latency=7 penalty=1 half=0
t=207, issue load node 569 gpr=28 mem=53 latency=3
t=208, issue ve node 494 with op reduce_sum src0=241 src1=-1 dst=209 latency=12 penalty=0
t=209, issue scalar node 329 with op mul src0=141 src1=5 dst=142 latency=7 penalty=0
t=209, issue ve node 192 with op mul src0=93 src1=4 dst=94 latency=7 penalty=0 half=0
t=210, issue ve node 221 with op mul src0=105 src1=0 dst=106 latency=7 penalty=0 half=0
t=210, issue store node 149 mem=9 latency=0
t=211, issue ve node 152 with op add src0=73 src1=3 dst=74 latency=7 penalty=0 half=0
t=212, issue scalar node 366 with op mul src0=157 src1=5 dst=158 latency=7 penalty=0
t=212, issue ve node 156 with op add src0=76 src1=5 dst=77 latency=7 penalty=0 half=0
t=213, issue ve node 185 with op add src0=88 src1=1 dst=89 latency=7 penalty=0 half=0
t=214, issue ve node 224 with op mul src0=101 src1=95 dst=108 latency=7 penalty=0 half=0
t=215, issue ve node 189 with op add src0=91 src1=3 dst=92 latency=7 penalty=1 half=0
t=216, issue sfu node 330 with op inv src0=142 src1=-1 dst=143 latency=19 rounds=0 penalty=0 borrow=0
t=216, issue ve node 496 with op reduce_sum src0=242 src1=-1 dst=210 latency=12 penalty=0
t=217, issue ve node 193 with op add src0=94 src1=5 dst=95 latency=7 penalty=0 half=0
t=218, issue ve node 222 with op add src0=106 src1=1 dst=107 latency=7 penalty=0 half=0
t=219, issue ve node 228 with op mul src0=103 src1=95 dst=111 latency=7 penalty=0 half=0
t=219, issue store node 153 mem=10 latency=0
t=220, issue ve node 257 with op mul src0=117 src1=111 dst=123 latency=7 penalty=0 half=0
t=220, issue sfu node 367 with op inv src0=158 src1=-1 dst=159 latency=19 rounds=0 penalty=0 borrow=0
t=221, issue ve node 225 with op mul src0=108 src1=2 dst=109 latency=7 penalty=0 half=0
t=221, issue store node 157 mem=11 latency=0
t=222, issue ve node 261 with op mul src0=119 src1=111 dst=126 latency=7 penalty=0 half=0
t=222, issue store node 186 mem=12 latency=0
t=223, issue ve node 265 with op mul src0=121 src1=111 dst=129 latency=7 penalty=0 half=0
t=223, issue store node 190 mem=13 latency=0
t=224, issue ve node 294 with op mul src0=135 src1=127 dst=141 latency=7 penalty=0 half=0
t=224, issue scalar node 497 with op add src0=208 src1=209 dst=211 latency=7 penalty=0
t=225, issue ve node 298 with op mul src0=137 src1=127 dst=144 latency=7 penalty=0 half=0
t=225, issue store node 194 mem=14 latency=0
t=226, issue ve node 229 with op mul src0=111 src1=4 dst=112 latency=7 penalty=0 half=0
t=226, issue load node 602 gpr=44 mem=54 latency=3
t=227, issue ve node 258 with op mul src0=123 src1=0 dst=124 latency=7 penalty=0 half=0
t=227, issue load node 606 gpr=46 mem=56 latency=3
t=228, issue ve node 226 with op add src0=109 src1=3 dst=110 latency=7 penalty=0 half=0
t=228, issue load node 639 gpr=62 mem=57 latency=3
t=229, issue ve node 262 with op mul src0=126 src1=2 dst=127 latency=7 penalty=1 half=0
t=229, issue store node 223 mem=15 latency=0
t=230, issue ve node 529 with op reduce_sum src0=8 src1=-1 dst=224 latency=12 penalty=0
t=230, issue load node 604 gpr=45 mem=55 latency=3
t=231, issue ve node 266 with op mul src0=129 src1=4 dst=130 latency=7 penalty=0 half=0
t=231, issue scalar node 498 with op add src0=211 src1=210 dst=212 latency=7 penalty=0
t=232, issue ve node 295 with op mul src0=141 src1=0 dst=142 latency=7 penalty=0 half=0
t=232, issue load node 641 gpr=63 mem=58 latency=3
t=233, issue ve node 230 with op add src0=112 src1=5 dst=113 latency=7 penalty=0 half=0
t=233, issue load node 643 gpr=64 mem=59 latency=3
t=234, issue ve node 259 with op add src0=124 src1=1 dst=125 latency=7 penalty=0 half=0
t=235, issue ve node 299 with op mul src0=144 src1=2 dst=145 latency=7 penalty=0 half=0
t=236, issue ve node 302 with op mul src0=139 src1=127 dst=147 latency=7 penalty=0 half=0
t=236, issue store node 227 mem=16 latency=0
t=237, issue ve node 263 with op add src0=127 src1=3 dst=128 latency=7 penalty=1 half=0
t=238, issue scalar node 499 with op mul src0=212 src1=6 dst=213 latency=7 penalty=0
t=238, issue ve node 531 with op reduce_sum src0=9 src1=-1 dst=225 latency=12 penalty=0
t=239, issue ve node 267 with op add src0=130 src1=5 dst=131 latency=7 penalty=0 half=0
t=240, issue ve node 296 with op add src0=142 src1=1 dst=143 latency=7 penalty=0 half=0
t=241, issue ve node 331 with op mul src0=153 src1=143 dst=159 latency=7 penalty=0 half=0
t=242, issue ve node 300 with op add src0=145 src1=3 dst=146 latency=7 penalty=0 half=0
t=243, issue ve node 303 with op mul src0=147 src1=4 dst=148 latency=7 penalty=0 half=0
t=243, issue store node 231 mem=17 latency=0
t=244, issue ve node 335 with op mul src0=155 src1=143 dst=162 latency=7 penalty=0 half=0
t=244, issue store node 260 mem=18 latency=0
t=245, issue ve node 339 with op mul src0=157 src1=143 dst=165 latency=7 penalty=0 half=0
t=245, issue store node 264 mem=19 latency=0
t=246, issue ve node 368 with op mul src0=171 src1=159 dst=177 latency=7 penalty=0 half=0
t=246, issue load node 676 gpr=80 mem=60 latency=3
t=247, issue ve node 372 with op mul src0=173 src1=159 dst=180 latency=7 penalty=0 half=0
t=247, issue store node 268 mem=20 latency=0
t=248, issue ve node 332 with op mul src0=159 src1=0 dst=160 latency=7 penalty=0 half=0
t=248, issue load node 678 gpr=81 mem=61 latency=3
t=249, issue ve node 376 with op mul src0=175 src1=159 dst=183 latency=7 penalty=0 half=0
t=249, issue store node 301 mem=22 latency=0
t=250, issue ve node 304 with op add src0=148 src1=5 dst=149 latency=7 penalty=0 half=0
t=250, issue store node 297 mem=21 latency=0
t=251, issue ve node 336 with op mul src0=162 src1=2 dst=163 latency=7 penalty=1 half=0
t=251, issue scalar node 534 with op add src0=224 src1=225 dst=227 latency=7 penalty=0
t=252, issue ve node 568 with op reduce_sum src0=27 src1=-1 dst=241 latency=12 penalty=0
t=252, issue load node 680 gpr=82 mem=62 latency=3
t=253, issue ve node 340 with op mul src0=165 src1=4 dst=166 latency=7 penalty=0 half=0
t=253, issue load node 713 gpr=98 mem=63 latency=3
t=254, issue ve node 369 with op mul src0=177 src1=0 dst=178 latency=7 penalty=0 half=0
t=254, issue load node 715 gpr=99 mem=64 latency=3
t=255, issue ve node 333 with op add src0=160 src1=1 dst=161 latency=7 penalty=0 half=0
t=255, issue load node 717 gpr=100 mem=65 latency=3
t=256, issue ve node 373 with op mul src0=180 src1=2 dst=181 latency=7 penalty=0 half=0
t=257, issue ve node 377 with op mul src0=183 src1=4 dst=184 latency=7 penalty=0 half=0
t=257, issue store node 305 mem=23 latency=0
t=258, issue ve node 390 with op square_fp16_fp16_bf16 src0=189 src1=-1 dst=190 latency=7 penalty=0 half=0
t=258, issue load node 750 gpr=116 mem=66 latency=3
t=259, issue ve node 337 with op add src0=163 src1=3 dst=164 latency=7 penalty=1 half=0
t=259, issue load node 754 gpr=118 mem=68 latency=3
t=260, issue ve node 533 with op reduce_sum src0=10 src1=-1 dst=226 latency=12 penalty=0
t=261, issue ve node 341 with op add src0=166 src1=5 dst=167 latency=7 penalty=0 half=0
t=261, issue load node 752 gpr=117 mem=67 latency=3
t=262, issue ve node 370 with op add src0=178 src1=1 dst=179 latency=7 penalty=0 half=0
t=263, issue ve node 374 with op add src0=181 src1=3 dst=182 latency=7 penalty=0 half=0
t=264, issue ve node 378 with op add src0=184 src1=5 dst=185 latency=7 penalty=0 half=0
t=265, issue ve node 391 with op reduce_sum_bf16 src0=190 src1=-1 dst=166 latency=12 penalty=0
t=265, issue store node 334 mem=24 latency=0
t=266, issue ve node 469 with op sub src0=224 src1=197 dst=229 latency=7 penalty=0 half=0
t=267, issue ve node 393 with op square_fp16_fp16_bf16 src0=191 src1=-1 dst=192 latency=7 penalty=0 half=0
t=267, issue store node 338 mem=25 latency=0
t=268, issue ve node 500 with op sub src0=240 src1=213 dst=243 latency=7 penalty=0 half=0
t=268, issue store node 342 mem=26 latency=0
t=269, issue ve node 503 with op sub src0=241 src1=213 dst=245 latency=7 penalty=0 half=0
t=269, issue store node 371 mem=27 latency=0
t=270, issue ve node 506 with op sub src0=242 src1=213 dst=247 latency=7 penalty=0 half=0
t=270, issue load node 787 gpr=134 mem=69 latency=3
t=271, issue ve node 396 with op square_fp16_fp16_bf16 src0=193 src1=-1 dst=194 latency=7 penalty=0 half=0
t=271, issue store node 375 mem=28 latency=0
t=272, issue ve node 566 with op reduce_sum src0=26 src1=-1 dst=240 latency=12 penalty=0
t=272, issue scalar node 535 with op add src0=227 src1=226 dst=228 latency=7 penalty=0
t=273, issue ve node 570 with op reduce_sum src0=28 src1=-1 dst=242 latency=12 penalty=0
t=273, issue store node 379 mem=29 latency=0
t=274, issue ve node 394 with op reduce_sum_bf16 src0=192 src1=-1 dst=167 latency=12 penalty=0
t=274, issue load node 791 gpr=136 mem=71 latency=3
t=275, issue ve node 603 with op reduce_sum src0=44 src1=-1 dst=0 latency=12 penalty=0
t=275, issue load node 789 gpr=135 mem=70 latency=3
t=276, issue ve node 427 with op square_fp16_fp16_bf16 src0=207 src1=-1 dst=208 latency=7 penalty=0 half=0
t=276, issue load node 824 gpr=152 mem=72 latency=3
t=277, issue ve node 430 with op square_fp16_fp16_bf16 src0=209 src1=-1 dst=210 latency=7 penalty=0 half=0
t=277, issue load node 826 gpr=153 mem=73 latency=3
t=278, issue ve node 397 with op reduce_sum_bf16 src0=194 src1=-1 dst=168 latency=12 penalty=0
t=278, issue load node 828 gpr=154 mem=74 latency=3
t=279, issue scalar node 536 with op mul src0=228 src1=6 dst=229 latency=7 penalty=0
t=279, issue ve node 433 with op square_fp16_fp16_bf16 src0=211 src1=-1 dst=212 latency=7 penalty=0 half=0
t=280, issue ve node 605 with op reduce_sum src0=45 src1=-1 dst=1 latency=12 penalty=0
t=281, issue ve node 607 with op reduce_sum src0=46 src1=-1 dst=2 latency=12 penalty=0
t=282, issue ve node 640 with op reduce_sum src0=62 src1=-1 dst=16 latency=12 penalty=0
t=283, issue ve node 428 with op reduce_sum_bf16 src0=208 src1=-1 dst=182 latency=12 penalty=0
t=284, issue ve node 431 with op reduce_sum_bf16 src0=210 src1=-1 dst=183 latency=12 penalty=0
t=284, issue scalar node 571 with op add src0=240 src1=241 dst=243 latency=7 penalty=0
t=285, issue ve node 642 with op reduce_sum src0=63 src1=-1 dst=17 latency=12 penalty=0
t=286, issue ve node 434 with op reduce_sum_bf16 src0=212 src1=-1 dst=184 latency=12 penalty=0
t=286, issue scalar node 398 with op add_bf16 src0=166 src1=167 dst=169 latency=7 penalty=0
t=287, issue ve node 537 with op sub src0=8 src1=229 dst=11 latency=7 penalty=0 half=0
t=288, issue ve node 540 with op sub src0=9 src1=229 dst=13 latency=7 penalty=0 half=0
t=289, issue ve node 644 with op reduce_sum src0=64 src1=-1 dst=18 latency=12 penalty=0
t=290, issue ve node 677 with op reduce_sum src0=80 src1=-1 dst=32 latency=12 penalty=0
t=291, issue ve node 543 with op sub src0=10 src1=229 dst=15 latency=7 penalty=0 half=0
t=292, issue ve node 464 with op square_fp16_fp16_bf16 src0=225 src1=-1 dst=226 latency=7 penalty=0 half=0
t=292, issue scalar node 572 with op add src0=243 src1=242 dst=244 latency=7 penalty=0
t=293, issue ve node 679 with op reduce_sum src0=81 src1=-1 dst=33 latency=12 penalty=0
t=293, issue scalar node 399 with op add_bf16 src0=169 src1=168 dst=170 latency=7 penalty=0
t=294, issue ve node 681 with op reduce_sum src0=82 src1=-1 dst=34 latency=12 penalty=0
t=294, issue scalar node 608 with op add src0=0 src1=1 dst=3 latency=7 penalty=0
t=295, issue ve node 714 with op reduce_sum src0=98 src1=-1 dst=48 latency=12 penalty=0
t=296, issue scalar node 435 with op add_bf16 src0=182 src1=183 dst=185 latency=7 penalty=0
t=296, issue ve node 467 with op square_fp16_fp16_bf16 src0=227 src1=-1 dst=228 latency=7 penalty=0 half=0
t=297, issue ve node 716 with op reduce_sum src0=99 src1=-1 dst=49 latency=12 penalty=0
t=297, issue scalar node 645 with op add src0=16 src1=17 dst=19 latency=7 penalty=0
t=298, issue ve node 718 with op reduce_sum src0=100 src1=-1 dst=50 latency=12 penalty=0
t=299, issue ve node 465 with op reduce_sum_bf16 src0=226 src1=-1 dst=198 latency=12 penalty=0
t=299, issue scalar node 573 with op mul src0=244 src1=6 dst=245 latency=7 penalty=0
t=300, issue scalar node 400 with op mul_bf16_fp16_fp16 src0=170 src1=6 dst=171 latency=7 penalty=0
t=300, issue ve node 470 with op square_fp16_fp16_bf16 src0=229 src1=-1 dst=230 latency=7 penalty=0 half=0
t=301, issue ve node 751 with op reduce_sum src0=116 src1=-1 dst=64 latency=12 penalty=0
t=301, issue scalar node 609 with op add src0=3 src1=2 dst=4 latency=7 penalty=0
t=302, issue ve node 753 with op reduce_sum src0=117 src1=-1 dst=65 latency=12 penalty=0
t=303, issue ve node 468 with op reduce_sum_bf16 src0=228 src1=-1 dst=199 latency=12 penalty=0
t=304, issue ve node 501 with op square_fp16_fp16_bf16 src0=243 src1=-1 dst=244 latency=7 penalty=0 half=0
t=304, issue scalar node 646 with op add src0=19 src1=18 dst=20 latency=7 penalty=0
t=305, issue ve node 755 with op reduce_sum src0=118 src1=-1 dst=66 latency=12 penalty=0
t=305, issue scalar node 436 with op add_bf16 src0=185 src1=184 dst=186 latency=7 penalty=0
t=306, issue ve node 574 with op sub src0=26 src1=245 dst=29 latency=7 penalty=0 half=0
t=307, issue ve node 471 with op reduce_sum_bf16 src0=230 src1=-1 dst=200 latency=12 penalty=0
t=307, issue scalar node 401 with op add src0=171 src1=4 dst=172 latency=7 penalty=0
t=308, issue scalar node 610 with op mul src0=4 src1=6 dst=5 latency=7 penalty=0
t=308, issue ve node 577 with op sub src0=27 src1=245 dst=31 latency=7 penalty=0 half=0
t=309, issue ve node 580 with op sub src0=28 src1=245 dst=33 latency=7 penalty=0 half=0
t=310, issue ve node 788 with op reduce_sum src0=134 src1=-1 dst=80 latency=12 penalty=0
t=310, issue scalar node 682 with op add src0=32 src1=33 dst=35 latency=7 penalty=0
t=311, issue ve node 502 with op reduce_sum_bf16 src0=244 src1=-1 dst=214 latency=12 penalty=0
t=311, issue scalar node 647 with op mul src0=20 src1=6 dst=21 latency=7 penalty=0
t=312, issue ve node 790 with op reduce_sum src0=135 src1=-1 dst=81 latency=12 penalty=0
t=312, issue scalar node 437 with op mul_bf16_fp16_fp16 src0=186 src1=6 dst=187 latency=7 penalty=0
t=313, issue ve node 792 with op reduce_sum src0=136 src1=-1 dst=82 latency=12 penalty=0
t=313, issue scalar node 719 with op add src0=48 src1=49 dst=51 latency=7 penalty=0
t=314, issue sfu node 402 with op sqrt src0=172 src1=-1 dst=173 latency=19 rounds=0 penalty=0 borrow=0
t=314, issue ve node 504 with op square_fp16_fp16_bf16 src0=245 src1=-1 dst=246 latency=7 penalty=0 half=0
t=315, issue ve node 611 with op sub src0=44 src1=5 dst=47 latency=7 penalty=0 half=0
t=315, issue scalar node 472 with op add_bf16 src0=198 src1=199 dst=201 latency=7 penalty=0
t=316, issue ve node 614 with op sub src0=45 src1=5 dst=49 latency=7 penalty=0 half=0
t=317, issue ve node 617 with op sub src0=46 src1=5 dst=51 latency=7 penalty=0 half=0
t=317, issue scalar node 683 with op add src0=35 src1=34 dst=36 latency=7 penalty=0
t=318, issue ve node 648 with op sub src0=62 src1=21 dst=65 latency=7 penalty=0 half=0
t=319, issue scalar node 438 with op add src0=187 src1=4 dst=188 latency=7 penalty=0
t=319, issue ve node 507 with op square_fp16_fp16_bf16 src0=247 src1=-1 dst=248 latency=7 penalty=0 half=0
t=320, issue ve node 651 with op sub src0=63 src1=21 dst=67 latency=7 penalty=0 half=0
t=320, issue scalar node 720 with op add src0=51 src1=50 dst=52 latency=7 penalty=0
t=321, issue ve node 505 with op reduce_sum_bf16 src0=246 src1=-1 dst=215 latency=12 penalty=0
t=321, issue scalar node 756 with op add src0=64 src1=65 dst=67 latency=7 penalty=0
t=322, issue scalar node 473 with op add_bf16 src0=201 src1=200 dst=202 latency=7 penalty=0
t=322, issue ve node 538 with op square_fp16_fp16_bf16 src0=11 src1=-1 dst=12 latency=7 penalty=0 half=0
t=323, issue ve node 654 with op sub src0=64 src1=21 dst=69 latency=7 penalty=0 half=0
t=324, issue ve node 541 with op square_fp16_fp16_bf16 src0=13 src1=-1 dst=14 latency=7 penalty=0 half=0
t=324, issue scalar node 684 with op mul src0=36 src1=6 dst=37 latency=7 penalty=0
t=325, issue ve node 544 with op square_fp16_fp16_bf16 src0=15 src1=-1 dst=16 latency=7 penalty=0 half=0
t=325, issue scalar node 793 with op add src0=80 src1=81 dst=83 latency=7 penalty=0
t=326, issue sfu node 439 with op sqrt src0=188 src1=-1 dst=189 latency=19 rounds=0 penalty=0 borrow=0
t=326, issue ve node 508 with op reduce_sum_bf16 src0=248 src1=-1 dst=216 latency=12 penalty=0
t=327, issue ve node 575 with op square_fp16_fp16_bf16 src0=29 src1=-1 dst=30 latency=7 penalty=0 half=0
t=327, issue scalar node 721 with op mul src0=52 src1=6 dst=53 latency=7 penalty=0
t=328, issue ve node 578 with op square_fp16_fp16_bf16 src0=31 src1=-1 dst=32 latency=7 penalty=0 half=0
t=328, issue scalar node 757 with op add src0=67 src1=66 dst=68 latency=7 penalty=0
t=329, issue ve node 539 with op reduce_sum_bf16 src0=12 src1=-1 dst=230 latency=12 penalty=0
t=329, issue scalar node 474 with op mul_bf16_fp16_fp16 src0=202 src1=6 dst=203 latency=7 penalty=0
t=330, issue ve node 825 with op reduce_sum src0=152 src1=-1 dst=96 latency=12 penalty=0
t=331, issue ve node 542 with op reduce_sum_bf16 src0=14 src1=-1 dst=231 latency=12 penalty=0
t=332, issue ve node 545 with op reduce_sum_bf16 src0=16 src1=-1 dst=232 latency=12 penalty=0
t=332, issue scalar node 794 with op add src0=83 src1=82 dst=84 latency=7 penalty=0
t=333, issue scalar node 403 with op mul src0=173 src1=5 dst=174 latency=7 penalty=0
t=333, issue ve node 581 with op square_fp16_fp16_bf16 src0=33 src1=-1 dst=34 latency=7 penalty=0 half=0
t=334, issue ve node 576 with op reduce_sum_bf16 src0=30 src1=-1 dst=246 latency=12 penalty=0
t=334, issue scalar node 509 with op add_bf16 src0=214 src1=215 dst=217 latency=7 penalty=0
t=335, issue ve node 579 with op reduce_sum_bf16 src0=32 src1=-1 dst=247 latency=12 penalty=0
t=335, issue scalar node 758 with op mul src0=68 src1=6 dst=69 latency=7 penalty=0
t=336, issue ve node 685 with op sub src0=80 src1=37 dst=83 latency=7 penalty=0 half=0
t=336, issue scalar node 475 with op add src0=203 src1=4 dst=204 latency=7 penalty=0
t=337, issue ve node 688 with op sub src0=81 src1=37 dst=85 latency=7 penalty=0 half=0
t=338, issue ve node 691 with op sub src0=82 src1=37 dst=87 latency=7 penalty=0 half=0
t=339, issue ve node 722 with op sub src0=98 src1=53 dst=101 latency=7 penalty=0 half=0
t=339, issue scalar node 795 with op mul src0=84 src1=6 dst=85 latency=7 penalty=0
t=340, issue sfu node 404 with op inv src0=174 src1=-1 dst=175 latency=19 rounds=0 penalty=0 borrow=0
t=340, issue ve node 582 with op reduce_sum_bf16 src0=34 src1=-1 dst=248 latency=12 penalty=0
t=341, issue ve node 725 with op sub src0=99 src1=53 dst=103 latency=7 penalty=0 half=0
t=342, issue ve node 728 with op sub src0=100 src1=53 dst=105 latency=7 penalty=0 half=0
t=343, issue sfu node 476 with op sqrt src0=204 src1=-1 dst=205 latency=19 rounds=0 penalty=0 borrow=0
t=343, issue scalar node 546 with op add_bf16 src0=230 src1=231 dst=233 latency=7 penalty=0
t=344, issue scalar node 510 with op add_bf16 src0=217 src1=216 dst=218 latency=7 penalty=0
t=344, issue ve node 612 with op square_fp16_fp16_bf16 src0=47 src1=-1 dst=48 latency=7 penalty=0 half=0
t=345, issue scalar node 440 with op mul src0=189 src1=5 dst=190 latency=7 penalty=0
t=345, issue ve node 615 with op square_fp16_fp16_bf16 src0=49 src1=-1 dst=50 latency=7 penalty=0 half=0
t=346, issue ve node 618 with op square_fp16_fp16_bf16 src0=51 src1=-1 dst=52 latency=7 penalty=0 half=0
t=347, issue scalar node 583 with op add_bf16 src0=246 src1=247 dst=249 latency=7 penalty=0
t=347, issue ve node 649 with op square_fp16_fp16_bf16 src0=65 src1=-1 dst=66 latency=7 penalty=0 half=0
t=348, issue ve node 759 with op sub src0=116 src1=69 dst=119 latency=7 penalty=0 half=0
t=349, issue ve node 652 with op square_fp16_fp16_bf16 src0=67 src1=-1 dst=68 latency=7 penalty=0 half=0
t=350, issue scalar node 547 with op add_bf16 src0=233 src1=232 dst=234 latency=7 penalty=0
t=350, issue ve node 655 with op square_fp16_fp16_bf16 src0=69 src1=-1 dst=70 latency=7 penalty=0 half=0
t=351, issue ve node 613 with op reduce_sum_bf16 src0=48 src1=-1 dst=6 latency=12 penalty=0
t=351, issue scalar node 511 with op mul_bf16_fp16_fp16 src0=218 src1=6 dst=219 latency=7 penalty=0
t=352, issue sfu node 441 with op inv src0=190 src1=-1 dst=191 latency=19 rounds=0 penalty=0 borrow=0
t=352, issue ve node 616 with op reduce_sum_bf16 src0=50 src1=-1 dst=7 latency=12 penalty=0
t=353, issue ve node 619 with op reduce_sum_bf16 src0=52 src1=-1 dst=8 latency=12 penalty=0
t=354, issue ve node 650 with op reduce_sum_bf16 src0=66 src1=-1 dst=22 latency=12 penalty=0
t=354, issue scalar node 584 with op add_bf16 src0=249 src1=248 dst=250 latency=7 penalty=0
t=355, issue ve node 762 with op sub src0=117 src1=69 dst=121 latency=7 penalty=0 half=0
t=356, issue ve node 653 with op reduce_sum_bf16 src0=68 src1=-1 dst=23 latency=12 penalty=0
t=357, issue ve node 656 with op reduce_sum_bf16 src0=70 src1=-1 dst=24 latency=12 penalty=0
t=358, issue scalar node 548 with op mul_bf16_fp16_fp16 src0=234 src1=6 dst=235 latency=7 penalty=0
t=358, issue ve node 686 with op square_fp16_fp16_bf16 src0=83 src1=-1 dst=84 latency=7 penalty=0 half=0
t=359, issue ve node 405 with op mul src0=189 src1=175 dst=195 latency=7 penalty=0 half=0
t=360, issue ve node 409 with op mul src0=191 src1=175 dst=198 latency=7 penalty=0 half=0
t=361, issue ve node 413 with op mul src0=193 src1=175 dst=201 latency=7 penalty=0 half=0
t=362, issue scalar node 477 with op mul src0=205 src1=5 dst=206 latency=7 penalty=0
t=362, issue ve node 689 with op square_fp16_fp16_bf16 src0=85 src1=-1 dst=86 latency=7 penalty=0 half=0
t=363, issue scalar node 512 with op add src0=219 src1=4 dst=220 latency=7 penalty=0
t=363, issue ve node 692 with op square_fp16_fp16_bf16 src0=87 src1=-1 dst=88 latency=7 penalty=0 half=0
t=364, issue ve node 765 with op sub src0=118 src1=69 dst=123 latency=7 penalty=0 half=0
t=364, issue scalar node 620 with op add_bf16 src0=6 src1=7 dst=9 latency=7 penalty=0
t=365, issue ve node 687 with op reduce_sum_bf16 src0=84 src1=-1 dst=38 latency=12 penalty=0
t=365, issue scalar node 549 with op add src0=235 src1=4 dst=236 latency=7 penalty=0
t=366, issue ve node 796 with op sub src0=134 src1=85 dst=137 latency=7 penalty=0 half=0
t=366, issue scalar node 585 with op mul_bf16_fp16_fp16 src0=250 src1=6 dst=251 latency=7 penalty=0
t=367, issue ve node 799 with op sub src0=135 src1=85 dst=139 latency=7 penalty=0 half=0
t=368, issue ve node 406 with op mul src0=195 src1=0 dst=196 latency=7 penalty=0 half=0
t=368, issue scalar node 657 with op add_bf16 src0=22 src1=23 dst=25 latency=7 penalty=0
t=369, issue sfu node 478 with op inv src0=206 src1=-1 dst=207 latency=19 rounds=0 penalty=0 borrow=0
t=369, issue ve node 690 with op reduce_sum_bf16 src0=86 src1=-1 dst=39 latency=12 penalty=0
t=370, issue sfu node 513 with op sqrt src0=220 src1=-1 dst=221 latency=19 rounds=0 penalty=0 borrow=0
t=370, issue ve node 693 with op reduce_sum_bf16 src0=88 src1=-1 dst=40 latency=12 penalty=0
t=371, issue ve node 410 with op mul src0=198 src1=2 dst=199 latency=7 penalty=1 half=0
t=371, issue scalar node 621 with op add_bf16 src0=9 src1=8 dst=10 latency=7 penalty=0
t=372, issue sfu node 550 with op sqrt src0=236 src1=-1 dst=237 latency=19 rounds=0 penalty=0 borrow=0
t=372, issue ve node 827 with op reduce_sum src0=153 src1=-1 dst=97 latency=12 penalty=0
t=373, issue ve node 414 with op mul src0=201 src1=4 dst=202 latency=7 penalty=0 half=0
t=373, issue scalar node 586 with op add src0=251 src1=4 dst=252 latency=7 penalty=0
t=374, issue ve node 442 with op mul src0=207 src1=191 dst=213 latency=7 penalty=0 half=0
t=375, issue ve node 407 with op add src0=196 src1=1 dst=197 latency=7 penalty=0 half=0
t=375, issue scalar node 658 with op add_bf16 src0=25 src1=24 dst=26 latency=7 penalty=0
t=376, issue ve node 446 with op mul src0=209 src1=191 dst=216 latency=7 penalty=0 half=0
t=377, issue ve node 450 with op mul src0=211 src1=191 dst=219 latency=7 penalty=0 half=0
t=378, issue scalar node 622 with op mul_bf16_fp16_fp16 src0=10 src1=6 dst=11 latency=7 penalty=0
t=378, issue ve node 723 with op square_fp16_fp16_bf16 src0=101 src1=-1 dst=102 latency=7 penalty=0 half=0
t=379, issue ve node 411 with op add src0=199 src1=3 dst=200 latency=7 penalty=1 half=0
t=380, issue sfu node 587 with op sqrt src0=252 src1=-1 dst=253 latency=19 rounds=0 penalty=0 borrow=0
t=380, issue ve node 829 with op reduce_sum src0=154 src1=-1 dst=98 latency=12 penalty=0
t=381, issue ve node 415 with op add src0=202 src1=5 dst=203 latency=7 penalty=0 half=0
t=381, issue scalar node 694 with op add_bf16 src0=38 src1=39 dst=41 latency=7 penalty=0
t=382, issue ve node 443 with op mul src0=213 src1=0 dst=214 latency=7 penalty=0 half=0
t=382, issue scalar node 659 with op mul_bf16_fp16_fp16 src0=26 src1=6 dst=27 latency=7 penalty=0
t=383, issue ve node 447 with op mul src0=216 src1=2 dst=217 latency=7 penalty=0 half=0
t=383, issue store node 408 mem=30 latency=0
t=384, issue ve node 451 with op mul src0=219 src1=4 dst=220 latency=7 penalty=0 half=0
t=384, issue scalar node 830 with op add src0=96 src1=97 dst=99 latency=7 penalty=0
t=385, issue ve node 724 with op reduce_sum_bf16 src0=102 src1=-1 dst=54 latency=12 penalty=0
t=385, issue scalar node 623 with op add src0=11 src1=4 dst=12 latency=7 penalty=0
t=386, issue ve node 802 with op sub src0=136 src1=85 dst=141 latency=7 penalty=0 half=0
t=387, issue ve node 726 with op square_fp16_fp16_bf16 src0=103 src1=-1 dst=104 latency=7 penalty=0 half=0
t=387, issue store node 412 mem=31 latency=0
t=388, issue ve node 479 with op mul src0=225 src1=207 dst=231 latency=7 penalty=0 half=0
t=388, issue scalar node 695 with op add_bf16 src0=41 src1=40 dst=42 latency=7 penalty=0
t=389, issue scalar node 514 with op mul src0=221 src1=5 dst=222 latency=7 penalty=0
t=389, issue ve node 444 with op add src0=214 src1=1 dst=215 latency=7 penalty=0 half=0
t=390, issue ve node 448 with op add src0=217 src1=3 dst=218 latency=7 penalty=0 half=0
t=390, issue scalar node 660 with op add src0=27 src1=4 dst=28 latency=7 penalty=0
t=391, issue scalar node 551 with op mul src0=237 src1=5 dst=238 latency=7 penalty=0
t=391, issue ve node 452 with op add src0=220 src1=5 dst=221 latency=7 penalty=0 half=0
t=392, issue sfu node 624 with op sqrt src0=12 src1=-1 dst=13 latency=19 rounds=0 penalty=0 borrow=0
t=392, issue ve node 483 with op mul src0=227 src1=207 dst=234 latency=7 penalty=0 half=0
t=393, issue ve node 487 with op mul src0=229 src1=207 dst=237 latency=7 penalty=0 half=0
t=393, issue store node 416 mem=32 latency=0
t=394, issue ve node 727 with op reduce_sum_bf16 src0=104 src1=-1 dst=55 latency=12 penalty=0
t=394, issue scalar node 831 with op add src0=99 src1=98 dst=100 latency=7 penalty=0
t=395, issue ve node 480 with op mul src0=231 src1=0 dst=232 latency=7 penalty=0 half=0
t=395, issue scalar node 696 with op mul_bf16_fp16_fp16 src0=42 src1=6 dst=43 latency=7 penalty=0
t=396, issue sfu node 515 with op inv src0=222 src1=-1 dst=223 latency=19 rounds=0 penalty=0 borrow=0
t=396, issue ve node 729 with op square_fp16_fp16_bf16 src0=105 src1=-1 dst=106 latency=7 penalty=0 half=0
t=397, issue sfu node 661 with op sqrt src0=28 src1=-1 dst=29 latency=19 rounds=0 penalty=0 borrow=0
t=397, issue ve node 760 with op square_fp16_fp16_bf16 src0=119 src1=-1 dst=120 latency=7 penalty=0 half=0
t=398, issue sfu node 552 with op inv src0=238 src1=-1 dst=239 latency=19 rounds=0 penalty=0 borrow=0
t=398, issue ve node 763 with op square_fp16_fp16_bf16 src0=121 src1=-1 dst=122 latency=7 penalty=0 half=0
t=399, issue scalar node 588 with op mul src0=253 src1=5 dst=254 latency=7 penalty=0
t=399, issue ve node 484 with op mul src0=234 src1=2 dst=235 latency=7 penalty=1 half=0
t=400, issue store node 445 mem=33 latency=0
t=400, issue load node 863 gpr=171 mem=76 latency=3
t=401, issue scalar node 832 with op mul src0=100 src1=6 dst=101 latency=7 penalty=0
t=401, issue ve node 488 with op mul src0=237 src1=4 dst=238 latency=7 penalty=0 half=0
t=402, issue ve node 481 with op add src0=232 src1=1 dst=233 latency=7 penalty=0 half=0
t=402, issue scalar node 697 with op add src0=43 src1=4 dst=44 latency=7 penalty=0
t=403, issue ve node 730 with op reduce_sum_bf16 src0=106 src1=-1 dst=56 latency=12 penalty=0
t=403, issue load node 861 gpr=170 mem=75 latency=3
t=404, issue ve node 761 with op reduce_sum_bf16 src0=120 src1=-1 dst=70 latency=12 penalty=0
t=404, issue store node 449 mem=34 latency=0
t=405, issue ve node 864 with op reduce_sum src0=171 src1=-1 dst=113 latency=12 penalty=0
t=405, issue load node 865 gpr=172 mem=77 latency=3
t=406, issue sfu node 589 with op inv src0=254 src1=-1 dst=255 latency=19 rounds=0 penalty=0 borrow=0
t=406, issue ve node 764 with op reduce_sum_bf16 src0=122 src1=-1 dst=71 latency=12 penalty=0
t=407, issue ve node 862 with op reduce_sum src0=170 src1=-1 dst=112 latency=12 penalty=0
t=407, issue scalar node 731 with op add_bf16 src0=54 src1=55 dst=57 latency=7 penalty=0
t=408, issue ve node 833 with op sub src0=152 src1=101 dst=155 latency=7 penalty=0 half=0
t=408, issue store node 453 mem=35 latency=0
t=409, issue sfu node 698 with op sqrt src0=44 src1=-1 dst=45 latency=19 rounds=0 penalty=0 borrow=0
t=409, issue ve node 485 with op add src0=235 src1=3 dst=236 latency=7 penalty=1 half=0
t=410, issue store node 482 mem=36 latency=0
t=410, issue ve node 866 with op reduce_sum src0=172 src1=-1 dst=114 latency=12 penalty=0
t=411, issue scalar node 625 with op mul src0=13 src1=5 dst=14 latency=7 penalty=0
t=411, issue ve node 489 with op add src0=238 src1=5 dst=239 latency=7 penalty=0 half=0
t=412, issue ve node 836 with op sub src0=153 src1=101 dst=157 latency=7 penalty=0 half=0
t=412, issue load node 898 gpr=188 mem=78 latency=3
t=413, issue ve node 839 with op sub src0=154 src1=101 dst=159 latency=7 penalty=0 half=0
t=413, issue load node 900 gpr=189 mem=79 latency=3
t=414, issue ve node 766 with op square_fp16_fp16_bf16 src0=123 src1=-1 dst=124 latency=7 penalty=0 half=0
t=414, issue load node 902 gpr=190 mem=80 latency=3
t=415, issue ve node 516 with op mul src0=243 src1=223 dst=249 latency=7 penalty=0 half=0
t=416, issue scalar node 662 with op mul src0=29 src1=5 dst=30 latency=7 penalty=0
t=416, issue ve node 899 with op reduce_sum src0=188 src1=-1 dst=128 latency=12 penalty=0
t=417, issue ve node 520 with op mul src0=245 src1=223 dst=252 latency=7 penalty=0 half=0
t=417, issue scalar node 732 with op add_bf16 src0=57 src1=56 dst=58 latency=7 penalty=0
t=418, issue sfu node 626 with op inv src0=14 src1=-1 dst=15 latency=19 rounds=0 penalty=0 borrow=0
t=418, issue ve node 524 with op mul src0=247 src1=223 dst=255 latency=7 penalty=0 half=0
t=419, issue ve node 553 with op mul src0=11 src1=239 dst=17 latency=7 penalty=0 half=0
t=419, issue store node 486 mem=37 latency=0
t=420, issue ve node 557 with op mul src0=13 src1=239 dst=20 latency=7 penalty=0 half=0
t=420, issue store node 490 mem=38 latency=0
t=421, issue ve node 767 with op reduce_sum_bf16 src0=124 src1=-1 dst=72 latency=12 penalty=0
t=421, issue scalar node 867 with op add src0=112 src1=113 dst=115 latency=7 penalty=0
t=422, issue ve node 517 with op mul src0=249 src1=0 dst=250 latency=7 penalty=0 half=0
t=422, issue scalar node 768 with op add_bf16 src0=70 src1=71 dst=73 latency=7 penalty=0
t=423, issue sfu node 663 with op inv src0=30 src1=-1 dst=31 latency=19 rounds=0 penalty=0 borrow=0
t=423, issue ve node 561 with op mul src0=15 src1=239 dst=23 latency=7 penalty=0 half=0
t=424, issue ve node 521 with op mul src0=252 src1=2 dst=253 latency=7 penalty=0 half=0
t=424, issue scalar node 733 with op mul_bf16_fp16_fp16 src0=58 src1=6 dst=59 latency=7 penalty=0
t=425, issue ve node 525 with op mul src0=255 src1=4 dst=6 latency=7 penalty=0 half=0
t=425, issue load node 935 gpr=206 mem=81 latency=3
t=426, issue ve node 554 with op mul src0=17 src1=0 dst=18 latency=7 penalty=0 half=0
t=426, issue load node 937 gpr=207 mem=82 latency=3
t=427, issue ve node 558 with op mul src0=20 src1=2 dst=21 latency=7 penalty=0 half=0
t=427, issue load node 939 gpr=208 mem=83 latency=3
t=428, issue scalar node 699 with op mul src0=45 src1=5 dst=46 latency=7 penalty=0
t=428, issue ve node 590 with op mul src0=29 src1=255 dst=35 latency=7 penalty=0 half=0
t=429, issue ve node 518 with op add src0=250 src1=1 dst=251 latency=7 penalty=0 half=0
t=429, issue scalar node 868 with op add src0=115 src1=114 dst=116 latency=7 penalty=0
t=430, issue ve node 562 with op mul src0=23 src1=4 dst=24 latency=7 penalty=0 half=0
t=431, issue ve node 522 with op add src0=253 src1=3 dst=254 latency=7 penalty=0 half=0
t=431, issue scalar node 734 with op add src0=59 src1=4 dst=60 latency=7 penalty=0
t=432, issue ve node 526 with op add src0=6 src1=5 dst=7 latency=7 penalty=0 half=0
t=433, issue ve node 555 with op add src0=18 src1=1 dst=19 latency=7 penalty=0 half=0
t=433, issue scalar node 769 with op add_bf16 src0=73 src1=72 dst=74 latency=7 penalty=0
t=434, issue ve node 559 with op add src0=21 src1=3 dst=22 latency=7 penalty=0 half=0
t=435, issue sfu node 700 with op inv src0=46 src1=-1 dst=47 latency=19 rounds=0 penalty=0 borrow=0
t=435, issue ve node 591 with op mul src0=35 src1=0 dst=36 latency=7 penalty=0 half=0
t=436, issue ve node 594 with op mul src0=31 src1=255 dst=38 latency=7 penalty=0 half=0
t=436, issue scalar node 869 with op mul src0=116 src1=6 dst=117 latency=7 penalty=0
t=437, issue ve node 563 with op add src0=24 src1=5 dst=25 latency=7 penalty=0 half=0
t=437, issue store node 519 mem=39 latency=0
t=438, issue sfu node 735 with op sqrt src0=60 src1=-1 dst=61 latency=19 rounds=0 penalty=0 borrow=0
t=438, issue ve node 598 with op mul src0=33 src1=255 dst=41 latency=7 penalty=0 half=0
t=439, issue ve node 627 with op mul src0=47 src1=15 dst=53 latency=7 penalty=0 half=0
t=439, issue store node 523 mem=40 latency=0
t=440, issue ve node 631 with op mul src0=49 src1=15 dst=56 latency=7 penalty=0 half=0
t=440, issue scalar node 770 with op mul_bf16_fp16_fp16 src0=74 src1=6 dst=75 latency=7 penalty=0
t=441, issue ve node 635 with op mul src0=51 src1=15 dst=59 latency=7 penalty=0 half=0
t=441, issue store node 560 mem=43 latency=0
t=442, issue ve node 592 with op add src0=36 src1=1 dst=37 latency=7 penalty=0 half=0
t=442, issue store node 527 mem=41 latency=0
t=443, issue ve node 595 with op mul src0=38 src1=2 dst=39 latency=7 penalty=1 half=0
t=443, issue store node 556 mem=42 latency=0
t=444, issue store node 564 mem=44 latency=0
t=444, issue ve node 938 with op reduce_sum src0=207 src1=-1 dst=145 latency=12 penalty=0
t=445, issue ve node 599 with op mul src0=41 src1=4 dst=42 latency=7 penalty=0 half=0
t=445, issue load node 972 gpr=224 mem=84 latency=3
t=446, issue ve node 628 with op mul src0=53 src1=0 dst=54 latency=7 penalty=0 half=0
t=446, issue load node 976 gpr=226 mem=86 latency=3
t=447, issue ve node 632 with op mul src0=56 src1=2 dst=57 latency=7 penalty=0 half=0
t=447, issue scalar node 771 with op add src0=75 src1=4 dst=76 latency=7 penalty=0
t=448, issue ve node 636 with op mul src0=59 src1=4 dst=60 latency=7 penalty=0 half=0
t=448, issue load node 974 gpr=225 mem=85 latency=3
t=449, issue ve node 664 with op mul src0=65 src1=31 dst=71 latency=7 penalty=0 half=0
t=449, issue load node 1011 gpr=243 mem=88 latency=3
t=450, issue ve node 668 with op mul src0=67 src1=31 dst=74 latency=7 penalty=0 half=0
t=450, issue store node 593 mem=45 latency=0
t=451, issue ve node 596 with op add src0=39 src1=3 dst=40 latency=7 penalty=1 half=0
t=451, issue load node 1009 gpr=242 mem=87 latency=3
t=452, issue ve node 901 with op reduce_sum src0=189 src1=-1 dst=129 latency=12 penalty=0
t=453, issue ve node 600 with op add src0=42 src1=5 dst=43 latency=7 penalty=0 half=0
t=453, issue load node 1013 gpr=244 mem=89 latency=3
t=454, issue sfu node 772 with op sqrt src0=76 src1=-1 dst=77 latency=19 rounds=0 penalty=0 borrow=0
t=454, issue ve node 629 with op add src0=54 src1=1 dst=55 latency=7 penalty=0 half=0
t=455, issue ve node 633 with op add src0=57 src1=3 dst=58 latency=7 penalty=0 half=0
t=456, issue ve node 637 with op add src0=60 src1=5 dst=61 latency=7 penalty=0 half=0
t=457, issue scalar node 736 with op mul src0=61 src1=5 dst=62 latency=7 penalty=0
t=457, issue ve node 665 with op mul src0=71 src1=0 dst=72 latency=7 penalty=0 half=0
t=458, issue ve node 669 with op mul src0=74 src1=2 dst=75 latency=7 penalty=1 half=0
t=459, issue store node 597 mem=46 latency=0
t=459, issue ve node 975 with op reduce_sum src0=225 src1=-1 dst=161 latency=12 penalty=0
t=460, issue ve node 672 with op mul src0=69 src1=31 dst=77 latency=7 penalty=0 half=0
t=460, issue store node 601 mem=47 latency=0
t=461, issue ve node 701 with op mul src0=83 src1=47 dst=89 latency=7 penalty=0 half=0
t=461, issue load node 1046 gpr=10 mem=90 latency=3
t=462, issue ve node 705 with op mul src0=85 src1=47 dst=92 latency=7 penalty=0 half=0
t=462, issue store node 630 mem=48 latency=0
t=463, issue ve node 709 with op mul src0=87 src1=47 dst=95 latency=7 penalty=0 half=0
t=463, issue store node 634 mem=49 latency=0
t=464, issue sfu node 737 with op inv src0=62 src1=-1 dst=63 latency=19 rounds=0 penalty=0 borrow=0
t=464, issue ve node 666 with op add src0=72 src1=1 dst=73 latency=7 penalty=0 half=0
t=465, issue ve node 870 with op sub src0=170 src1=117 dst=173 latency=7 penalty=0 half=0
t=465, issue store node 638 mem=50 latency=0
t=466, issue ve node 873 with op sub src0=171 src1=117 dst=175 latency=7 penalty=0 half=0
t=466, issue load node 1048 gpr=11 mem=91 latency=3
t=467, issue ve node 670 with op add src0=75 src1=3 dst=76 latency=7 penalty=1 half=0
t=467, issue scalar node 904 with op add src0=128 src1=129 dst=131 latency=7 penalty=0
t=468, issue ve node 903 with op reduce_sum src0=190 src1=-1 dst=130 latency=12 penalty=0
t=468, issue load node 1050 gpr=12 mem=92 latency=3
t=469, issue ve node 673 with op mul src0=77 src1=4 dst=78 latency=7 penalty=0 half=0
t=469, issue load node 1083 gpr=28 mem=93 latency=3
t=470, issue ve node 702 with op mul src0=89 src1=0 dst=90 latency=7 penalty=0 half=0
t=470, issue load node 1085 gpr=29 mem=94 latency=3
t=471, issue ve node 706 with op mul src0=92 src1=2 dst=93 latency=7 penalty=0 half=0
t=471, issue store node 667 mem=51 latency=0
t=472, issue ve node 710 with op mul src0=95 src1=4 dst=96 latency=7 penalty=0 half=0
t=472, issue load node 1087 gpr=30 mem=95 latency=3
t=473, issue ve node 797 with op square_fp16_fp16_bf16 src0=137 src1=-1 dst=138 latency=7 penalty=0 half=0
t=474, issue scalar node 773 with op mul src0=77 src1=5 dst=78 latency=7 penalty=0
t=474, issue ve node 800 with op square_fp16_fp16_bf16 src0=139 src1=-1 dst=140 latency=7 penalty=0 half=0
t=475, issue ve node 876 with op sub src0=172 src1=117 dst=177 latency=7 penalty=0 half=0
t=476, issue ve node 674 with op add src0=78 src1=5 dst=79 latency=7 penalty=0 half=0
t=476, issue store node 671 mem=52 latency=0
t=477, issue ve node 936 with op reduce_sum src0=206 src1=-1 dst=144 latency=12 penalty=0
t=478, issue ve node 703 with op add src0=90 src1=1 dst=91 latency=7 penalty=0 half=0
t=479, issue ve node 707 with op add src0=93 src1=3 dst=94 latency=7 penalty=0 half=0
t=480, issue ve node 798 with op reduce_sum_bf16 src0=138 src1=-1 dst=86 latency=12 penalty=0
t=480, issue scalar node 905 with op add src0=131 src1=130 dst=132 latency=7 penalty=0
t=481, issue sfu node 774 with op inv src0=78 src1=-1 dst=79 latency=19 rounds=0 penalty=0 borrow=0
t=481, issue ve node 801 with op reduce_sum_bf16 src0=140 src1=-1 dst=87 latency=12 penalty=0
t=482, issue ve node 711 with op add src0=96 src1=5 dst=97 latency=7 penalty=0 half=0
t=483, issue ve node 738 with op mul src0=101 src1=63 dst=107 latency=7 penalty=0 half=0
t=483, issue store node 675 mem=53 latency=0
t=484, issue ve node 742 with op mul src0=103 src1=63 dst=110 latency=7 penalty=0 half=0
t=484, issue load node 1120 gpr=46 mem=96 latency=3
t=485, issue ve node 746 with op mul src0=105 src1=63 dst=113 latency=7 penalty=0 half=0
t=485, issue store node 704 mem=54 latency=0
t=486, issue ve node 803 with op square_fp16_fp16_bf16 src0=141 src1=-1 dst=142 latency=7 penalty=0 half=0
t=486, issue store node 708 mem=55 latency=0
t=487, issue ve node 940 with op reduce_sum src0=208 src1=-1 dst=146 latency=12 penalty=0
t=487, issue scalar node 906 with op mul src0=132 src1=6 dst=133 latency=7 penalty=0
t=488, issue ve node 973 with op reduce_sum src0=224 src1=-1 dst=160 latency=12 penalty=0
t=488, issue load node 1122 gpr=47 mem=97 latency=3
t=489, issue ve node 834 with op square_fp16_fp16_bf16 src0=155 src1=-1 dst=156 latency=7 penalty=0 half=0
t=489, issue scalar node 941 with op add src0=144 src1=145 dst=147 latency=7 penalty=0
t=490, issue ve node 977 with op reduce_sum src0=226 src1=-1 dst=162 latency=12 penalty=0
t=490, issue store node 712 mem=56 latency=0
t=491, issue ve node 1010 with op reduce_sum src0=242 src1=-1 dst=176 latency=12 penalty=0
t=491, issue load node 1124 gpr=48 mem=98 latency=3
t=492, issue ve node 739 with op mul src0=107 src1=0 dst=108 latency=7 penalty=0 half=0
t=492, issue load node 1157 gpr=64 mem=99 latency=3
t=493, issue ve node 804 with op reduce_sum_bf16 src0=142 src1=-1 dst=88 latency=12 penalty=0
t=493, issue scalar node 805 with op add_bf16 src0=86 src1=87 dst=89 latency=7 penalty=0
t=494, issue ve node 907 with op sub src0=188 src1=133 dst=191 latency=7 penalty=0 half=0
t=494, issue load node 1159 gpr=65 mem=100 latency=3
t=495, issue ve node 910 with op sub src0=189 src1=133 dst=193 latency=7 penalty=0 half=0
t=495, issue load node 1161 gpr=66 mem=101 latency=3
t=496, issue ve node 835 with op reduce_sum_bf16 src0=156 src1=-1 dst=102 latency=12 penalty=0
t=497, issue ve node 913 with op sub src0=190 src1=133 dst=195 latency=7 penalty=0 half=0
t=498, issue ve node 1012 with op reduce_sum src0=243 src1=-1 dst=177 latency=12 penalty=0
t=499, issue ve node 740 with op add src0=108 src1=1 dst=109 latency=7 penalty=0 half=0
t=499, issue scalar node 942 with op add src0=147 src1=146 dst=148 latency=7 penalty=0
t=500, issue ve node 743 with op mul src0=110 src1=2 dst=111 latency=7 penalty=1 half=0
t=500, issue scalar node 978 with op add src0=160 src1=161 dst=163 latency=7 penalty=0
t=501, issue ve node 1014 with op reduce_sum src0=244 src1=-1 dst=178 latency=12 penalty=0
t=502, issue ve node 747 with op mul src0=113 src1=4 dst=114 latency=7 penalty=0 half=0
t=503, issue ve node 775 with op mul src0=119 src1=79 dst=125 latency=7 penalty=0 half=0
t=504, issue ve node 779 with op mul src0=121 src1=79 dst=128 latency=7 penalty=0 half=0
t=505, issue ve node 783 with op mul src0=123 src1=79 dst=131 latency=7 penalty=0 half=0
t=505, issue scalar node 806 with op add_bf16 src0=89 src1=88 dst=90 latency=7 penalty=0
t=506, issue ve node 837 with op square_fp16_fp16_bf16 src0=157 src1=-1 dst=158 latency=7 penalty=0 half=0
t=506, issue scalar node 943 with op mul src0=148 src1=6 dst=149 latency=7 penalty=0
t=507, issue ve node 840 with op square_fp16_fp16_bf16 src0=159 src1=-1 dst=160 latency=7 penalty=0 half=0
t=507, issue store node 741 mem=57 latency=0
t=508, issue ve node 744 with op add src0=111 src1=3 dst=112 latency=7 penalty=1 half=0
t=508, issue scalar node 979 with op add src0=163 src1=162 dst=164 latency=7 penalty=0
t=509, issue ve node 1047 with op reduce_sum src0=10 src1=-1 dst=192 latency=12 penalty=0
t=510, issue ve node 748 with op add src0=114 src1=5 dst=115 latency=7 penalty=0 half=0
t=510, issue scalar node 1015 with op add src0=176 src1=177 dst=179 latency=7 penalty=0
t=511, issue ve node 776 with op mul src0=125 src1=0 dst=126 latency=7 penalty=0 half=0
t=512, issue ve node 780 with op mul src0=128 src1=2 dst=129 latency=7 penalty=0 half=0
t=512, issue scalar node 807 with op mul_bf16_fp16_fp16 src0=90 src1=6 dst=91 latency=7 penalty=0
t=513, issue ve node 838 with op reduce_sum_bf16 src0=158 src1=-1 dst=103 latency=12 penalty=0
t=514, issue ve node 841 with op reduce_sum_bf16 src0=160 src1=-1 dst=104 latency=12 penalty=0
t=515, issue ve node 944 with op sub src0=206 src1=149 dst=209 latency=7 penalty=0 half=0
t=515, issue scalar node 980 with op mul src0=164 src1=6 dst=165 latency=7 penalty=0
t=516, issue ve node 784 with op mul src0=131 src1=4 dst=132 latency=7 penalty=0 half=0
t=517, issue ve node 871 with op square_fp16_fp16_bf16 src0=173 src1=-1 dst=174 latency=7 penalty=0 half=0
t=517, issue store node 745 mem=58 latency=0
t=518, issue ve node 947 with op sub src0=207 src1=149 dst=211 latency=7 penalty=0 half=0
t=518, issue scalar node 1016 with op add src0=179 src1=178 dst=180 latency=7 penalty=0
t=519, issue ve node 777 with op add src0=126 src1=1 dst=127 latency=7 penalty=0 half=0
t=519, issue store node 749 mem=59 latency=0
t=520, issue ve node 950 with op sub src0=208 src1=149 dst=213 latency=7 penalty=0 half=0
t=520, issue scalar node 808 with op add src0=91 src1=4 dst=92 latency=7 penalty=0
t=521, issue ve node 1049 with op reduce_sum src0=11 src1=-1 dst=193 latency=12 penalty=0
t=521, issue load node 1196 gpr=83 mem=103 latency=3
t=522, issue ve node 981 with op sub src0=224 src1=165 dst=227 latency=7 penalty=0 half=0
t=522, issue load node 1194 gpr=82 mem=102 latency=3
t=523, issue ve node 781 with op add src0=129 src1=3 dst=130 latency=7 penalty=0 half=0
t=523, issue load node 1198 gpr=84 mem=104 latency=3
t=524, issue ve node 872 with op reduce_sum_bf16 src0=174 src1=-1 dst=118 latency=12 penalty=0
t=525, issue ve node 785 with op add src0=132 src1=5 dst=133 latency=7 penalty=0 half=0
t=525, issue scalar node 842 with op add_bf16 src0=102 src1=103 dst=105 latency=7 penalty=0
t=526, issue ve node 874 with op square_fp16_fp16_bf16 src0=175 src1=-1 dst=176 latency=7 penalty=0 half=0
t=527, issue sfu node 809 with op sqrt src0=92 src1=-1 dst=93 latency=19 rounds=0 penalty=0 borrow=0
t=527, issue ve node 877 with op square_fp16_fp16_bf16 src0=177 src1=-1 dst=178 latency=7 penalty=0 half=0
t=528, issue ve node 984 with op sub src0=225 src1=165 dst=229 latency=7 penalty=0 half=0
t=528, issue store node 778 mem=60 latency=0
t=529, issue ve node 987 with op sub src0=226 src1=165 dst=231 latency=7 penalty=0 half=0
t=529, issue scalar node 1017 with op mul src0=180 src1=6 dst=181 latency=7 penalty=0
t=530, issue ve node 908 with op square_fp16_fp16_bf16 src0=191 src1=-1 dst=192 latency=7 penalty=0 half=0
t=530, issue store node 782 mem=61 latency=0
t=531, issue ve node 1051 with op reduce_sum src0=12 src1=-1 dst=194 latency=12 penalty=0
t=532, issue scalar node 843 with op add_bf16 src0=105 src1=104 dst=106 latency=7 penalty=0
t=532, issue ve node 911 with op square_fp16_fp16_bf16 src0=193 src1=-1 dst=194 latency=7 penalty=0 half=0
t=533, issue ve node 875 with op reduce_sum_bf16 src0=176 src1=-1 dst=119 latency=12 penalty=0
t=533, issue scalar node 1052 with op add src0=192 src1=193 dst=195 latency=7 penalty=0
t=534, issue ve node 878 with op reduce_sum_bf16 src0=178 src1=-1 dst=120 latency=12 penalty=0
t=534, issue store node 786 mem=62 latency=0
t=535, issue ve node 1084 with op reduce_sum src0=28 src1=-1 dst=208 latency=12 penalty=0
t=535, issue load node 1231 gpr=100 mem=105 latency=3
t=536, issue ve node 1018 with op sub src0=242 src1=181 dst=245 latency=7 penalty=0 half=0
t=536, issue load node 1233 gpr=101 mem=106 latency=3
t=537, issue ve node 909 with op reduce_sum_bf16 src0=192 src1=-1 dst=134 latency=12 penalty=0
t=537, issue load node 1235 gpr=102 mem=107 latency=3
t=538, issue ve node 1021 with op sub src0=243 src1=181 dst=247 latency=7 penalty=0 half=0
t=539, issue ve node 912 with op reduce_sum_bf16 src0=194 src1=-1 dst=135 latency=12 penalty=0
t=539, issue scalar node 844 with op mul_bf16_fp16_fp16 src0=106 src1=6 dst=107 latency=7 penalty=0
t=540, issue ve node 1024 with op sub src0=244 src1=181 dst=249 latency=7 penalty=0 half=0
t=541, issue ve node 1086 with op reduce_sum src0=29 src1=-1 dst=209 latency=12 penalty=0
t=542, issue ve node 1088 with op reduce_sum src0=30 src1=-1 dst=210 latency=12 penalty=0
t=543, issue ve node 914 with op square_fp16_fp16_bf16 src0=195 src1=-1 dst=196 latency=7 penalty=0 half=0
t=543, issue scalar node 1053 with op add src0=195 src1=194 dst=196 latency=7 penalty=0
t=544, issue ve node 1121 with op reduce_sum src0=46 src1=-1 dst=224 latency=12 penalty=0
t=545, issue scalar node 879 with op add_bf16 src0=118 src1=119 dst=121 latency=7 penalty=0
t=545, issue ve node 945 with op square_fp16_fp16_bf16 src0=209 src1=-1 dst=210 latency=7 penalty=0 half=0
t=546, issue scalar node 810 with op mul src0=93 src1=5 dst=94 latency=7 penalty=0
t=546, issue ve node 948 with op square_fp16_fp16_bf16 src0=211 src1=-1 dst=212 latency=7 penalty=0 half=0
t=547, issue scalar node 845 with op add src0=107 src1=4 dst=108 latency=7 penalty=0
t=547, issue ve node 951 with op square_fp16_fp16_bf16 src0=213 src1=-1 dst=214 latency=7 penalty=0 half=0
t=548, issue ve node 1123 with op reduce_sum src0=47 src1=-1 dst=225 latency=12 penalty=0
t=549, issue ve node 1125 with op reduce_sum src0=48 src1=-1 dst=226 latency=12 penalty=0
t=550, issue ve node 915 with op reduce_sum_bf16 src0=196 src1=-1 dst=136 latency=12 penalty=0
t=550, issue scalar node 1054 with op mul src0=196 src1=6 dst=197 latency=7 penalty=0
t=551, issue ve node 1158 with op reduce_sum src0=64 src1=-1 dst=240 latency=12 penalty=0
t=551, issue scalar node 916 with op add_bf16 src0=134 src1=135 dst=137 latency=7 penalty=0
t=552, issue ve node 946 with op reduce_sum_bf16 src0=210 src1=-1 dst=150 latency=12 penalty=0
t=552, issue scalar node 880 with op add_bf16 src0=121 src1=120 dst=122 latency=7 penalty=0
t=553, issue sfu node 811 with op inv src0=94 src1=-1 dst=95 latency=19 rounds=0 penalty=0 borrow=0
t=553, issue ve node 949 with op reduce_sum_bf16 src0=212 src1=-1 dst=151 latency=12 penalty=0
t=554, issue sfu node 846 with op sqrt src0=108 src1=-1 dst=109 latency=19 rounds=0 penalty=0 borrow=0
t=554, issue ve node 952 with op reduce_sum_bf16 src0=214 src1=-1 dst=152 latency=12 penalty=0
t=555, issue ve node 1160 with op reduce_sum src0=65 src1=-1 dst=241 latency=12 penalty=0
t=555, issue scalar node 1089 with op add src0=208 src1=209 dst=211 latency=7 penalty=0
t=556, issue ve node 1162 with op reduce_sum src0=66 src1=-1 dst=242 latency=12 penalty=0
t=557, issue ve node 1055 with op sub src0=10 src1=197 dst=13 latency=7 penalty=0 half=0
t=558, issue ve node 1058 with op sub src0=11 src1=197 dst=15 latency=7 penalty=0 half=0
t=559, issue ve node 1061 with op sub src0=12 src1=197 dst=17 latency=7 penalty=0 half=0
t=559, issue scalar node 881 with op mul_bf16_fp16_fp16 src0=122 src1=6 dst=123 latency=7 penalty=0
t=560, issue ve node 1195 with op reduce_sum src0=82 src1=-1 dst=0 latency=12 penalty=0
t=560, issue scalar node 1126 with op add src0=224 src1=225 dst=227 latency=7 penalty=0
t=561, issue ve node 1199 with op reduce_sum src0=84 src1=-1 dst=2 latency=12 penalty=0
t=562, issue scalar node 917 with op add_bf16 src0=137 src1=136 dst=138 latency=7 penalty=0
t=562, issue ve node 982 with op square_fp16_fp16_bf16 src0=227 src1=-1 dst=228 latency=7 penalty=0 half=0
t=563, issue ve node 1197 with op reduce_sum src0=83 src1=-1 dst=1 latency=12 penalty=0
t=563, issue scalar node 1090 with op add src0=211 src1=210 dst=212 latency=7 penalty=0
t=564, issue ve node 1232 with op reduce_sum src0=100 src1=-1 dst=16 latency=12 penalty=0
t=565, issue scalar node 953 with op add_bf16 src0=150 src1=151 dst=153 latency=7 penalty=0
t=565, issue ve node 985 with op square_fp16_fp16_bf16 src0=229 src1=-1 dst=230 latency=7 penalty=0 half=0
t=566, issue scalar node 882 with op add src0=123 src1=4 dst=124 latency=7 penalty=0
t=566, issue ve node 988 with op square_fp16_fp16_bf16 src0=231 src1=-1 dst=232 latency=7 penalty=0 half=0
t=567, issue ve node 1019 with op square_fp16_fp16_bf16 src0=245 src1=-1 dst=246 latency=7 penalty=0 half=0
t=567, issue scalar node 1127 with op add src0=227 src1=226 dst=228 latency=7 penalty=0
t=568, issue ve node 1234 with op reduce_sum src0=101 src1=-1 dst=17 latency=12 penalty=0
t=568, issue scalar node 1163 with op add src0=240 src1=241 dst=243 latency=7 penalty=0
t=569, issue ve node 983 with op reduce_sum_bf16 src0=228 src1=-1 dst=166 latency=12 penalty=0
t=569, issue scalar node 918 with op mul_bf16_fp16_fp16 src0=138 src1=6 dst=139 latency=7 penalty=0
t=570, issue ve node 1236 with op reduce_sum src0=102 src1=-1 dst=18 latency=12 penalty=0
t=570, issue scalar node 1091 with op mul src0=212 src1=6 dst=213 latency=7 penalty=0
t=571, issue ve node 1022 with op square_fp16_fp16_bf16 src0=247 src1=-1 dst=248 latency=7 penalty=0 half=0
t=572, issue ve node 986 with op reduce_sum_bf16 src0=230 src1=-1 dst=167 latency=12 penalty=0
t=572, issue scalar node 954 with op add_bf16 src0=153 src1=152 dst=154 latency=7 penalty=0
t=573, issue scalar node 847 with op mul src0=109 src1=5 dst=110 latency=7 penalty=0
t=573, issue sfu node 883 with op sqrt src0=124 src1=-1 dst=125 latency=19 rounds=0 penalty=0 borrow=0
t=574, issue ve node 989 with op reduce_sum_bf16 src0=232 src1=-1 dst=168 latency=12 penalty=0
t=574, issue scalar node 1128 with op mul src0=228 src1=6 dst=229 latency=7 penalty=0
t=575, issue ve node 1020 with op reduce_sum_bf16 src0=246 src1=-1 dst=182 latency=12 penalty=0
t=575, issue scalar node 1164 with op add src0=243 src1=242 dst=244 latency=7 penalty=0
t=576, issue ve node 812 with op mul src0=137 src1=95 dst=143 latency=7 penalty=0 half=0
t=576, issue scalar node 1200 with op add src0=0 src1=1 dst=3 latency=7 penalty=0
t=577, issue ve node 1092 with op sub src0=28 src1=213 dst=31 latency=7 penalty=0 half=0
t=577, issue scalar node 919 with op add src0=139 src1=4 dst=140 latency=7 penalty=0
t=578, issue ve node 1023 with op reduce_sum_bf16 src0=248 src1=-1 dst=183 latency=12 penalty=0
t=579, issue ve node 1095 with op sub src0=29 src1=213 dst=33 latency=7 penalty=0 half=0
t=579, issue scalar node 955 with op mul_bf16_fp16_fp16 src0=154 src1=6 dst=155 latency=7 penalty=0
t=580, issue sfu node 848 with op inv src0=110 src1=-1 dst=111 latency=19 rounds=0 penalty=0 borrow=0
t=580, issue ve node 1098 with op sub src0=30 src1=213 dst=35 latency=7 penalty=0 half=0
t=581, issue ve node 1129 with op sub src0=46 src1=229 dst=49 latency=7 penalty=0 half=0
t=582, issue ve node 1132 with op sub src0=47 src1=229 dst=51 latency=7 penalty=0 half=0
t=582, issue scalar node 1165 with op mul src0=244 src1=6 dst=245 latency=7 penalty=0
t=583, issue ve node 1135 with op sub src0=48 src1=229 dst=53 latency=7 penalty=0 half=0
t=583, issue scalar node 1201 with op add src0=3 src1=2 dst=4 latency=7 penalty=0
t=584, issue sfu node 920 with op sqrt src0=140 src1=-1 dst=141 latency=19 rounds=0 penalty=0 borrow=0
t=584, issue ve node 813 with op mul src0=143 src1=0 dst=144 latency=7 penalty=0 half=0
t=585, issue ve node 816 with op mul src0=139 src1=95 dst=146 latency=7 penalty=0 half=0
t=585, issue scalar node 1237 with op add src0=16 src1=17 dst=19 latency=7 penalty=0
t=586, issue ve node 820 with op mul src0=141 src1=95 dst=149 latency=7 penalty=0 half=0
t=587, issue scalar node 956 with op add src0=155 src1=4 dst=156 latency=7 penalty=0
t=587, issue ve node 1025 with op square_fp16_fp16_bf16 src0=249 src1=-1 dst=250 latency=7 penalty=0 half=0
t=588, issue scalar node 990 with op add_bf16 src0=166 src1=167 dst=169 latency=7 penalty=0
t=588, issue ve node 1056 with op square_fp16_fp16_bf16 src0=13 src1=-1 dst=14 latency=7 penalty=0 half=0
t=589, issue ve node 1166 with op sub src0=64 src1=245 dst=67 latency=7 penalty=0 half=0
t=590, issue scalar node 1027 with op add_bf16 src0=182 src1=183 dst=185 latency=7 penalty=0
t=590, issue ve node 1059 with op square_fp16_fp16_bf16 src0=15 src1=-1 dst=16 latency=7 penalty=0 half=0
t=591, issue ve node 814 with op add src0=144 src1=1 dst=145 latency=7 penalty=0 half=0
t=591, issue scalar node 1202 with op mul src0=4 src1=6 dst=5 latency=7 penalty=0
t=592, issue scalar node 884 with op mul src0=125 src1=5 dst=126 latency=7 penalty=0
t=592, issue ve node 817 with op mul src0=146 src1=2 dst=147 latency=7 penalty=1 half=0
t=593, issue scalar node 1238 with op add src0=19 src1=18 dst=20 latency=7 penalty=0
t=594, issue sfu node 957 with op sqrt src0=156 src1=-1 dst=157 latency=19 rounds=0 penalty=0 borrow=0
t=594, issue ve node 1026 with op reduce_sum_bf16 src0=250 src1=-1 dst=184 latency=12 penalty=0
t=595, issue ve node 1057 with op reduce_sum_bf16 src0=14 src1=-1 dst=198 latency=12 penalty=0
t=595, issue scalar node 991 with op add_bf16 src0=169 src1=168 dst=170 latency=7 penalty=0
t=596, issue ve node 821 with op mul src0=149 src1=4 dst=150 latency=7 penalty=0 half=0
t=597, issue ve node 1060 with op reduce_sum_bf16 src0=16 src1=-1 dst=199 latency=12 penalty=0
t=598, issue ve node 1062 with op square_fp16_fp16_bf16 src0=17 src1=-1 dst=18 latency=7 penalty=0 half=0
t=599, issue sfu node 885 with op inv src0=126 src1=-1 dst=127 latency=19 rounds=0 penalty=0 borrow=0
t=599, issue ve node 849 with op mul src0=155 src1=111 dst=161 latency=7 penalty=0 half=0
t=600, issue ve node 818 with op add src0=147 src1=3 dst=148 latency=7 penalty=1 half=0
t=600, issue store node 815 mem=63 latency=0
t=601, issue scalar node 1239 with op mul src0=20 src1=6 dst=21 latency=7 penalty=0
t=602, issue ve node 853 with op mul src0=157 src1=111 dst=164 latency=7 penalty=0 half=0
t=603, issue scalar node 921 with op mul src0=141 src1=5 dst=142 latency=7 penalty=0
t=603, issue ve node 822 with op add src0=150 src1=5 dst=151 latency=7 penalty=0 half=0
t=604, issue ve node 857 with op mul src0=159 src1=111 dst=167 latency=7 penalty=0 half=0
t=604, issue scalar node 992 with op mul_bf16_fp16_fp16 src0=170 src1=6 dst=171 latency=7 penalty=0
t=605, issue ve node 1063 with op reduce_sum_bf16 src0=18 src1=-1 dst=200 latency=12 penalty=0
t=606, issue ve node 850 with op mul src0=161 src1=0 dst=162 latency=7 penalty=0 half=0
t=606, issue scalar node 1028 with op add_bf16 src0=185 src1=184 dst=186 latency=7 penalty=0
t=607, issue ve node 1169 with op sub src0=65 src1=245 dst=69 latency=7 penalty=0 half=0
t=608, issue ve node 1093 with op square_fp16_fp16_bf16 src0=31 src1=-1 dst=32 latency=7 penalty=0 half=0
t=608, issue store node 819 mem=64 latency=0
t=609, issue ve node 854 with op mul src0=164 src1=2 dst=165 latency=7 penalty=0 half=0
t=609, issue scalar node 1064 with op add_bf16 src0=198 src1=199 dst=201 latency=7 penalty=0
t=610, issue sfu node 922 with op inv src0=142 src1=-1 dst=143 latency=19 rounds=0 penalty=0 borrow=0
t=610, issue ve node 1096 with op square_fp16_fp16_bf16 src0=33 src1=-1 dst=34 latency=7 penalty=0 half=0
t=611, issue ve node 858 with op mul src0=167 src1=4 dst=168 latency=7 penalty=0 half=0
t=611, issue scalar node 993 with op add src0=171 src1=4 dst=172 latency=7 penalty=0
t=612, issue ve node 1172 with op sub src0=66 src1=245 dst=71 latency=7 penalty=0 half=0
t=612, issue store node 823 mem=65 latency=0
t=613, issue scalar node 958 with op mul src0=157 src1=5 dst=158 latency=7 penalty=0
t=613, issue ve node 851 with op add src0=162 src1=1 dst=163 latency=7 penalty=0 half=0
t=614, issue ve node 1203 with op sub src0=82 src1=5 dst=85 latency=7 penalty=0 half=0
t=614, issue scalar node 1029 with op mul_bf16_fp16_fp16 src0=186 src1=6 dst=187 latency=7 penalty=0
t=615, issue ve node 1094 with op reduce_sum_bf16 src0=32 src1=-1 dst=214 latency=12 penalty=0
t=615, issue load node 1268 gpr=118 mem=108 latency=3
t=616, issue ve node 1206 with op sub src0=83 src1=5 dst=87 latency=7 penalty=0 half=0
t=616, issue load node 1272 gpr=120 mem=110 latency=3
t=617, issue ve node 855 with op add src0=165 src1=3 dst=166 latency=7 penalty=0 half=0
t=617, issue scalar node 1065 with op add_bf16 src0=201 src1=200 dst=202 latency=7 penalty=0
t=618, issue sfu node 994 with op sqrt src0=172 src1=-1 dst=173 latency=19 rounds=0 penalty=0 borrow=0
t=618, issue ve node 1097 with op reduce_sum_bf16 src0=34 src1=-1 dst=215 latency=12 penalty=0
t=619, issue ve node 859 with op add src0=168 src1=5 dst=169 latency=7 penalty=0 half=0
t=619, issue load node 1270 gpr=119 mem=109 latency=3
t=620, issue sfu node 959 with op inv src0=158 src1=-1 dst=159 latency=19 rounds=0 penalty=0 borrow=0
t=620, issue ve node 886 with op mul src0=173 src1=127 dst=179 latency=7 penalty=0 half=0
t=621, issue ve node 890 with op mul src0=175 src1=127 dst=182 latency=7 penalty=0 half=0
t=622, issue ve node 894 with op mul src0=177 src1=127 dst=185 latency=7 penalty=0 half=0
t=622, issue store node 852 mem=66 latency=0
t=623, issue scalar node 1030 with op add src0=187 src1=4 dst=188 latency=7 penalty=0
t=623, issue ve node 1099 with op square_fp16_fp16_bf16 src0=35 src1=-1 dst=36 latency=7 penalty=0 half=0
t=624, issue scalar node 1066 with op mul_bf16_fp16_fp16 src0=202 src1=6 dst=203 latency=7 penalty=0
t=624, issue ve node 1130 with op square_fp16_fp16_bf16 src0=49 src1=-1 dst=50 latency=7 penalty=0 half=0
t=625, issue ve node 1133 with op square_fp16_fp16_bf16 src0=51 src1=-1 dst=52 latency=7 penalty=0 half=0
t=625, issue store node 856 mem=67 latency=0
t=626, issue ve node 1209 with op sub src0=84 src1=5 dst=89 latency=7 penalty=0 half=0
t=626, issue store node 860 mem=68 latency=0
t=627, issue ve node 1240 with op sub src0=100 src1=21 dst=103 latency=7 penalty=0 half=0
t=627, issue load node 1307 gpr=137 mem=112 latency=3
t=628, issue ve node 887 with op mul src0=179 src1=0 dst=180 latency=7 penalty=0 half=0
t=628, issue load node 1305 gpr=136 mem=111 latency=3
t=629, issue ve node 891 with op mul src0=182 src1=2 dst=183 latency=7 penalty=1 half=0
t=629, issue load node 1309 gpr=138 mem=113 latency=3
t=630, issue sfu node 1031 with op sqrt src0=188 src1=-1 dst=189 latency=19 rounds=0 penalty=0 borrow=0
t=630, issue ve node 1100 with op reduce_sum_bf16 src0=36 src1=-1 dst=216 latency=12 penalty=0
t=631, issue ve node 1131 with op reduce_sum_bf16 src0=50 src1=-1 dst=230 latency=12 penalty=0
t=631, issue scalar node 1067 with op add src0=203 src1=4 dst=204 latency=7 penalty=0
t=632, issue ve node 1134 with op reduce_sum_bf16 src0=52 src1=-1 dst=231 latency=12 penalty=0
t=632, issue scalar node 1101 with op add_bf16 src0=214 src1=215 dst=217 latency=7 penalty=0
t=633, issue ve node 895 with op mul src0=185 src1=4 dst=186 latency=7 penalty=0 half=0
t=634, issue ve node 923 with op mul src0=191 src1=143 dst=197 latency=7 penalty=0 half=0
t=635, issue ve node 888 with op add src0=180 src1=1 dst=181 latency=7 penalty=0 half=0
t=636, issue ve node 927 with op mul src0=193 src1=143 dst=200 latency=7 penalty=0 half=0
t=637, issue scalar node 995 with op mul src0=173 src1=5 dst=174 latency=7 penalty=0
t=637, issue ve node 892 with op add src0=183 src1=3 dst=184 latency=7 penalty=1 half=0
t=638, issue sfu node 1068 with op sqrt src0=204 src1=-1 dst=205 latency=19 rounds=0 penalty=0 borrow=0
t=638, issue ve node 1269 with op reduce_sum src0=118 src1=-1 dst=32 latency=12 penalty=0
t=639, issue ve node 931 with op mul src0=195 src1=143 dst=203 latency=7 penalty=0 half=0
t=640, issue ve node 896 with op add src0=186 src1=5 dst=187 latency=7 penalty=0 half=0
t=641, issue ve node 924 with op mul src0=197 src1=0 dst=198 latency=7 penalty=0 half=0
t=642, issue ve node 960 with op mul src0=209 src1=159 dst=215 latency=7 penalty=0 half=0
t=642, issue scalar node 1102 with op add_bf16 src0=217 src1=216 dst=218 latency=7 penalty=0
t=643, issue ve node 928 with op mul src0=200 src1=2 dst=201 latency=7 penalty=0 half=0
t=643, issue store node 889 mem=69 latency=0
t=644, issue sfu node 996 with op inv src0=174 src1=-1 dst=175 latency=19 rounds=0 penalty=0 borrow=0
t=644, issue ve node 964 with op mul src0=211 src1=159 dst=218 latency=7 penalty=0 half=0
t=645, issue ve node 968 with op mul src0=213 src1=159 dst=221 latency=7 penalty=0 half=0
t=645, issue store node 893 mem=70 latency=0
t=646, issue ve node 932 with op mul src0=203 src1=4 dst=204 latency=7 penalty=0 half=0
t=646, issue scalar node 1138 with op add_bf16 src0=230 src1=231 dst=233 latency=7 penalty=0
t=647, issue ve node 1136 with op square_fp16_fp16_bf16 src0=53 src1=-1 dst=54 latency=7 penalty=0 half=0
t=647, issue store node 897 mem=71 latency=0
t=648, issue ve node 925 with op add src0=198 src1=1 dst=199 latency=7 penalty=0 half=0
t=648, issue load node 1344 gpr=155 mem=115 latency=3
t=649, issue scalar node 1032 with op mul src0=189 src1=5 dst=190 latency=7 penalty=0
t=649, issue ve node 961 with op mul src0=215 src1=0 dst=216 latency=7 penalty=0 half=0
t=650, issue ve node 929 with op add src0=201 src1=3 dst=202 latency=7 penalty=0 half=0
t=650, issue scalar node 1103 with op mul_bf16_fp16_fp16 src0=218 src1=6 dst=219 latency=7 penalty=0
t=651, issue ve node 965 with op mul src0=218 src1=2 dst=219 latency=7 penalty=1 half=0
t=651, issue load node 1346 gpr=156 mem=116 latency=3
t=652, issue ve node 1271 with op reduce_sum src0=119 src1=-1 dst=33 latency=12 penalty=0
t=652, issue load node 1342 gpr=154 mem=114 latency=3
t=653, issue ve node 933 with op add src0=204 src1=5 dst=205 latency=7 penalty=0 half=0
t=654, issue ve node 1137 with op reduce_sum_bf16 src0=54 src1=-1 dst=232 latency=12 penalty=0
t=655, issue ve node 969 with op mul src0=221 src1=4 dst=222 latency=7 penalty=0 half=0
t=655, issue store node 926 mem=72 latency=0
t=656, issue sfu node 1033 with op inv src0=190 src1=-1 dst=191 latency=19 rounds=0 penalty=0 borrow=0
t=656, issue ve node 962 with op add src0=216 src1=1 dst=217 latency=7 penalty=0 half=0
t=657, issue scalar node 1069 with op mul src0=205 src1=5 dst=206 latency=7 penalty=0
t=657, issue ve node 1167 with op square_fp16_fp16_bf16 src0=67 src1=-1 dst=68 latency=7 penalty=0 half=0
t=658, issue scalar node 1104 with op add src0=219 src1=4 dst=220 latency=7 penalty=0
t=658, issue ve node 1170 with op square_fp16_fp16_bf16 src0=69 src1=-1 dst=70 latency=7 penalty=0 half=0
t=659, issue ve node 1243 with op sub src0=101 src1=21 dst=105 latency=7 penalty=0 half=0
t=659, issue store node 930 mem=73 latency=0
t=660, issue ve node 1246 with op sub src0=102 src1=21 dst=107 latency=7 penalty=0 half=0
t=660, issue store node 934 mem=74 latency=0
t=661, issue ve node 1273 with op reduce_sum src0=120 src1=-1 dst=34 latency=12 penalty=0
t=661, issue load node 1381 gpr=173 mem=118 latency=3
t=662, issue ve node 1306 with op reduce_sum src0=136 src1=-1 dst=48 latency=12 penalty=0
t=662, issue load node 1379 gpr=172 mem=117 latency=3
t=663, issue ve node 966 with op add src0=219 src1=3 dst=220 latency=7 penalty=1 half=0
t=663, issue store node 963 mem=75 latency=0
t=664, issue sfu node 1070 with op inv src0=206 src1=-1 dst=207 latency=19 rounds=0 penalty=0 borrow=0
t=664, issue ve node 1168 with op reduce_sum_bf16 src0=68 src1=-1 dst=246 latency=12 penalty=0
t=665, issue sfu node 1105 with op sqrt src0=220 src1=-1 dst=221 latency=19 rounds=0 penalty=0 borrow=0
t=665, issue ve node 1171 with op reduce_sum_bf16 src0=70 src1=-1 dst=247 latency=12 penalty=0
t=666, issue ve node 970 with op add src0=222 src1=5 dst=223 latency=7 penalty=0 half=0
t=666, issue scalar node 1274 with op add src0=32 src1=33 dst=35 latency=7 penalty=0
t=667, issue ve node 997 with op mul src0=227 src1=175 dst=233 latency=7 penalty=0 half=0
t=667, issue scalar node 1139 with op add_bf16 src0=233 src1=232 dst=234 latency=7 penalty=0
t=668, issue ve node 1001 with op mul src0=229 src1=175 dst=236 latency=7 penalty=0 half=0
t=668, issue load node 1383 gpr=174 mem=119 latency=3
t=669, issue ve node 1005 with op mul src0=231 src1=175 dst=239 latency=7 penalty=0 half=0
t=670, issue ve node 1308 with op reduce_sum src0=137 src1=-1 dst=49 latency=12 penalty=0
t=671, issue ve node 1173 with op square_fp16_fp16_bf16 src0=71 src1=-1 dst=72 latency=7 penalty=0 half=0
t=671, issue store node 967 mem=76 latency=0
t=672, issue ve node 1310 with op reduce_sum src0=138 src1=-1 dst=50 latency=12 penalty=0
t=673, issue ve node 1204 with op square_fp16_fp16_bf16 src0=85 src1=-1 dst=86 latency=7 penalty=0 half=0
t=673, issue scalar node 1275 with op add src0=35 src1=34 dst=36 latency=7 penalty=0
t=674, issue ve node 998 with op mul src0=233 src1=0 dst=234 latency=7 penalty=0 half=0
t=674, issue scalar node 1140 with op mul_bf16_fp16_fp16 src0=234 src1=6 dst=235 latency=7 penalty=0
t=675, issue ve node 1002 with op mul src0=236 src1=2 dst=237 latency=7 penalty=0 half=0
t=675, issue store node 971 mem=77 latency=0
t=676, issue ve node 1006 with op mul src0=239 src1=4 dst=240 latency=7 penalty=0 half=0
t=676, issue load node 1416 gpr=190 mem=120 latency=3
t=677, issue ve node 1034 with op mul src0=245 src1=191 dst=251 latency=7 penalty=0 half=0
t=677, issue load node 1418 gpr=191 mem=121 latency=3
t=678, issue ve node 1174 with op reduce_sum_bf16 src0=72 src1=-1 dst=248 latency=12 penalty=0
t=678, issue scalar node 1175 with op add_bf16 src0=246 src1=247 dst=249 latency=7 penalty=0
t=679, issue ve node 1343 with op reduce_sum src0=154 src1=-1 dst=64 latency=12 penalty=0
t=679, issue load node 1420 gpr=192 mem=122 latency=3
t=680, issue ve node 1205 with op reduce_sum_bf16 src0=86 src1=-1 dst=6 latency=12 penalty=0
t=680, issue scalar node 1276 with op mul src0=36 src1=6 dst=37 latency=7 penalty=0
t=681, issue ve node 999 with op add src0=234 src1=1 dst=235 latency=7 penalty=0 half=0
t=681, issue scalar node 1141 with op add src0=235 src1=4 dst=236 latency=7 penalty=0
t=682, issue ve node 1003 with op add src0=237 src1=3 dst=238 latency=7 penalty=0 half=0
t=682, issue scalar node 1311 with op add src0=48 src1=49 dst=51 latency=7 penalty=0
t=683, issue ve node 1007 with op add src0=240 src1=5 dst=241 latency=7 penalty=0 half=0
t=684, issue scalar node 1106 with op mul src0=221 src1=5 dst=222 latency=7 penalty=0
t=684, issue ve node 1035 with op mul src0=251 src1=0 dst=252 latency=7 penalty=0 half=0
t=685, issue ve node 1038 with op mul src0=247 src1=191 dst=254 latency=7 penalty=0 half=0
t=686, issue ve node 1042 with op mul src0=249 src1=191 dst=7 latency=7 penalty=0 half=0
t=687, issue ve node 1071 with op mul src0=13 src1=207 dst=19 latency=7 penalty=0 half=0
t=688, issue sfu node 1142 with op sqrt src0=236 src1=-1 dst=237 latency=19 rounds=0 penalty=0 borrow=0
t=688, issue ve node 1075 with op mul src0=15 src1=207 dst=22 latency=7 penalty=0 half=0
t=689, issue ve node 1079 with op mul src0=17 src1=207 dst=25 latency=7 penalty=0 half=0
t=689, issue store node 1000 mem=78 latency=0
t=690, issue scalar node 1176 with op add_bf16 src0=249 src1=248 dst=250 latency=7 penalty=0
t=690, issue ve node 1207 with op square_fp16_fp16_bf16 src0=87 src1=-1 dst=88 latency=7 penalty=0 half=0
t=691, issue sfu node 1107 with op inv src0=222 src1=-1 dst=223 latency=19 rounds=0 penalty=0 borrow=0
t=691, issue ve node 1036 with op add src0=252 src1=1 dst=253 latency=7 penalty=0 half=0
t=692, issue ve node 1277 with op sub src0=118 src1=37 dst=121 latency=7 penalty=0 half=0
t=692, issue store node 1008 mem=80 latency=0
t=693, issue ve node 1280 with op sub src0=119 src1=37 dst=123 latency=7 penalty=0 half=0
t=693, issue store node 1004 mem=79 latency=0
t=694, issue ve node 1283 with op sub src0=120 src1=37 dst=125 latency=7 penalty=0 half=0
t=694, issue scalar node 1312 with op add src0=51 src1=50 dst=52 latency=7 penalty=0
t=695, issue ve node 1039 with op mul src0=254 src1=2 dst=255 latency=7 penalty=1 half=0
t=695, issue load node 1453 gpr=208 mem=123 latency=3
t=696, issue ve node 1345 with op reduce_sum src0=155 src1=-1 dst=65 latency=12 penalty=0
t=696, issue load node 1457 gpr=210 mem=125 latency=3
t=697, issue ve node 1208 with op reduce_sum_bf16 src0=88 src1=-1 dst=7 latency=12 penalty=0
t=697, issue scalar node 1177 with op mul_bf16_fp16_fp16 src0=250 src1=6 dst=251 latency=7 penalty=0
t=698, issue ve node 1043 with op mul src0=7 src1=4 dst=8 latency=7 penalty=0 half=0
t=698, issue store node 1037 mem=81 latency=0
t=699, issue ve node 1072 with op mul src0=19 src1=0 dst=20 latency=7 penalty=0 half=0
t=699, issue load node 1455 gpr=209 mem=124 latency=3
t=700, issue ve node 1076 with op mul src0=22 src1=2 dst=23 latency=7 penalty=1 half=0
t=701, issue ve node 1347 with op reduce_sum src0=156 src1=-1 dst=66 latency=12 penalty=0
t=702, issue ve node 1080 with op mul src0=25 src1=4 dst=26 latency=7 penalty=0 half=0
t=702, issue scalar node 1313 with op mul src0=52 src1=6 dst=53 latency=7 penalty=0
t=703, issue ve node 1040 with op add src0=255 src1=3 dst=6 latency=7 penalty=1 half=0
t=704, issue scalar node 1178 with op add src0=251 src1=4 dst=252 latency=7 penalty=0
t=704, issue ve node 1380 with op reduce_sum src0=172 src1=-1 dst=80 latency=12 penalty=0
t=705, issue ve node 1044 with op add src0=8 src1=5 dst=9 latency=7 penalty=0 half=0
t=706, issue ve node 1073 with op add src0=20 src1=1 dst=21 latency=7 penalty=0 half=0
t=707, issue scalar node 1143 with op mul src0=237 src1=5 dst=238 latency=7 penalty=0
t=707, issue ve node 1382 with op reduce_sum src0=173 src1=-1 dst=81 latency=12 penalty=0
t=708, issue ve node 1077 with op add src0=23 src1=3 dst=24 latency=7 penalty=1 half=0
t=708, issue scalar node 1348 with op add src0=64 src1=65 dst=67 latency=7 penalty=0
t=709, issue scalar node 1212 with op add_bf16 src0=6 src1=7 dst=9 latency=7 penalty=0
t=709, issue ve node 1384 with op reduce_sum src0=174 src1=-1 dst=82 latency=12 penalty=0
t=710, issue ve node 1081 with op add src0=26 src1=5 dst=27 latency=7 penalty=0 half=0
t=711, issue sfu node 1179 with op sqrt src0=252 src1=-1 dst=253 latency=19 rounds=0 penalty=0 borrow=0
t=711, issue ve node 1108 with op mul src0=31 src1=223 dst=37 latency=7 penalty=0 half=0
t=712, issue ve node 1112 with op mul src0=33 src1=223 dst=40 latency=7 penalty=0 half=0
t=712, issue store node 1041 mem=82 latency=0
t=713, issue ve node 1116 with op mul src0=35 src1=223 dst=43 latency=7 penalty=0 half=0
t=713, issue store node 1045 mem=83 latency=0
t=714, issue sfu node 1144 with op inv src0=238 src1=-1 dst=239 latency=19 rounds=0 penalty=0 borrow=0
t=714, issue ve node 1210 with op square_fp16_fp16_bf16 src0=89 src1=-1 dst=90 latency=7 penalty=0 half=0
t=715, issue ve node 1314 with op sub src0=136 src1=53 dst=139 latency=7 penalty=0 half=0
t=715, issue store node 1074 mem=84 latency=0
t=716, issue ve node 1317 with op sub src0=137 src1=53 dst=141 latency=7 penalty=0 half=0
t=716, issue store node 1078 mem=85 latency=0
t=717, issue ve node 1320 with op sub src0=138 src1=53 dst=143 latency=7 penalty=0 half=0
t=717, issue store node 1082 mem=86 latency=0
t=718, issue ve node 1109 with op mul src0=37 src1=0 dst=38 latency=7 penalty=0 half=0
t=718, issue scalar node 1349 with op add src0=67 src1=66 dst=68 latency=7 penalty=0
t=719, issue ve node 1113 with op mul src0=40 src1=2 dst=41 latency=7 penalty=0 half=0
t=719, issue scalar node 1385 with op add src0=80 src1=81 dst=83 latency=7 penalty=0
t=720, issue ve node 1417 with op reduce_sum src0=190 src1=-1 dst=96 latency=12 penalty=0
t=720, issue load node 1490 gpr=226 mem=126 latency=3
t=721, issue ve node 1211 with op reduce_sum_bf16 src0=90 src1=-1 dst=8 latency=12 penalty=0
t=721, issue load node 1494 gpr=228 mem=128 latency=3
t=722, issue ve node 1117 with op mul src0=43 src1=4 dst=44 latency=7 penalty=0 half=0
t=722, issue load node 1492 gpr=227 mem=127 latency=3
t=723, issue ve node 1241 with op square_fp16_fp16_bf16 src0=103 src1=-1 dst=104 latency=7 penalty=0 half=0
t=723, issue load node 1527 gpr=244 mem=129 latency=3
t=724, issue ve node 1244 with op square_fp16_fp16_bf16 src0=105 src1=-1 dst=106 latency=7 penalty=0 half=0
t=724, issue load node 1529 gpr=245 mem=130 latency=3
t=725, issue ve node 1110 with op add src0=38 src1=1 dst=39 latency=7 penalty=0 half=0
t=725, issue scalar node 1350 with op mul src0=68 src1=6 dst=69 latency=7 penalty=0
t=726, issue ve node 1114 with op add src0=41 src1=3 dst=42 latency=7 penalty=0 half=0
t=726, issue load node 1531 gpr=246 mem=131 latency=3
t=727, issue ve node 1247 with op square_fp16_fp16_bf16 src0=107 src1=-1 dst=108 latency=7 penalty=0 half=0
t=727, issue scalar node 1386 with op add src0=83 src1=82 dst=84 latency=7 penalty=0
t=728, issue ve node 1419 with op reduce_sum src0=191 src1=-1 dst=97 latency=12 penalty=0
t=729, issue ve node 1421 with op reduce_sum src0=192 src1=-1 dst=98 latency=12 penalty=0
t=730, issue scalar node 1180 with op mul src0=253 src1=5 dst=254 latency=7 penalty=0
t=730, issue ve node 1242 with op reduce_sum_bf16 src0=104 src1=-1 dst=22 latency=12 penalty=0
t=731, issue ve node 1245 with op reduce_sum_bf16 src0=106 src1=-1 dst=23 latency=12 penalty=0
t=732, issue ve node 1118 with op add src0=44 src1=5 dst=45 latency=7 penalty=0 half=0
t=732, issue store node 1111 mem=87 latency=0
t=733, issue ve node 1145 with op mul src0=49 src1=239 dst=55 latency=7 penalty=0 half=0
t=733, issue scalar node 1213 with op add_bf16 src0=9 src1=8 dst=10 latency=7 penalty=0
t=734, issue ve node 1248 with op reduce_sum_bf16 src0=108 src1=-1 dst=24 latency=12 penalty=0
t=734, issue store node 1115 mem=88 latency=0
t=735, issue ve node 1149 with op mul src0=51 src1=239 dst=58 latency=7 penalty=0 half=0
t=735, issue scalar node 1387 with op mul src0=84 src1=6 dst=85 latency=7 penalty=0
t=736, issue ve node 1351 with op sub src0=154 src1=69 dst=157 latency=7 penalty=0 half=0
t=737, issue sfu node 1181 with op inv src0=254 src1=-1 dst=255 latency=19 rounds=0 penalty=0 borrow=0
t=737, issue ve node 1153 with op mul src0=53 src1=239 dst=61 latency=7 penalty=0 half=0
t=738, issue ve node 1354 with op sub src0=155 src1=69 dst=159 latency=7 penalty=0 half=0
t=739, issue ve node 1357 with op sub src0=156 src1=69 dst=161 latency=7 penalty=0 half=0
t=739, issue store node 1119 mem=89 latency=0
t=740, issue ve node 1146 with op mul src0=55 src1=0 dst=56 latency=7 penalty=0 half=0
t=740, issue scalar node 1214 with op mul_bf16_fp16_fp16 src0=10 src1=6 dst=11 latency=7 penalty=0
t=741, issue ve node 1454 with op reduce_sum src0=208 src1=-1 dst=112 latency=12 penalty=0
t=741, issue scalar node 1422 with op add src0=96 src1=97 dst=99 latency=7 penalty=0
t=742, issue ve node 1388 with op sub src0=172 src1=85 dst=175 latency=7 penalty=0 half=0
t=742, issue load node 1564 gpr=12 mem=132 latency=3
t=743, issue ve node 1150 with op mul src0=58 src1=2 dst=59 latency=7 penalty=1 half=0
t=743, issue scalar node 1249 with op add_bf16 src0=22 src1=23 dst=25 latency=7 penalty=0
t=744, issue ve node 1456 with op reduce_sum src0=209 src1=-1 dst=113 latency=12 penalty=0
t=744, issue load node 1566 gpr=13 mem=133 latency=3
t=745, issue ve node 1154 with op mul src0=61 src1=4 dst=62 latency=7 penalty=0 half=0
t=745, issue load node 1568 gpr=14 mem=134 latency=3
t=746, issue ve node 1278 with op square_fp16_fp16_bf16 src0=121 src1=-1 dst=122 latency=7 penalty=0 half=0
t=747, issue ve node 1147 with op add src0=56 src1=1 dst=57 latency=7 penalty=0 half=0
t=747, issue scalar node 1215 with op add src0=11 src1=4 dst=12 latency=7 penalty=0
t=748, issue ve node 1281 with op square_fp16_fp16_bf16 src0=123 src1=-1 dst=124 latency=7 penalty=0 half=0
t=748, issue scalar node 1423 with op add src0=99 src1=98 dst=100 latency=7 penalty=0
t=749, issue ve node 1284 with op square_fp16_fp16_bf16 src0=125 src1=-1 dst=126 latency=7 penalty=0 half=0
t=750, issue scalar node 1250 with op add_bf16 src0=25 src1=24 dst=26 latency=7 penalty=0
t=750, issue ve node 1315 with op square_fp16_fp16_bf16 src0=139 src1=-1 dst=140 latency=7 penalty=0 half=0
t=751, issue ve node 1391 with op sub src0=173 src1=85 dst=177 latency=7 penalty=0 half=0
t=752, issue ve node 1151 with op add src0=59 src1=3 dst=60 latency=7 penalty=1 half=0
t=753, issue ve node 1279 with op reduce_sum_bf16 src0=122 src1=-1 dst=38 latency=12 penalty=0
t=754, issue sfu node 1216 with op sqrt src0=12 src1=-1 dst=13 latency=19 rounds=0 penalty=0 borrow=0
t=754, issue ve node 1155 with op add src0=62 src1=5 dst=63 latency=7 penalty=0 half=0
t=755, issue ve node 1282 with op reduce_sum_bf16 src0=124 src1=-1 dst=39 latency=12 penalty=0
t=755, issue store node 1148 mem=90 latency=0
t=756, issue ve node 1285 with op reduce_sum_bf16 src0=126 src1=-1 dst=40 latency=12 penalty=0
t=756, issue scalar node 1424 with op mul src0=100 src1=6 dst=101 latency=7 penalty=0
t=757, issue ve node 1316 with op reduce_sum_bf16 src0=140 src1=-1 dst=54 latency=12 penalty=0
t=757, issue scalar node 1251 with op mul_bf16_fp16_fp16 src0=26 src1=6 dst=27 latency=7 penalty=0
t=758, issue ve node 1182 with op mul src0=67 src1=255 dst=73 latency=7 penalty=0 half=0
t=758, issue scalar node 1459 with op add src0=112 src1=113 dst=115 latency=7 penalty=0
t=759, issue ve node 1186 with op mul src0=69 src1=255 dst=76 latency=7 penalty=0 half=0
t=760, issue ve node 1190 with op mul src0=71 src1=255 dst=79 latency=7 penalty=0 half=0
t=760, issue store node 1152 mem=91 latency=0
t=761, issue ve node 1318 with op square_fp16_fp16_bf16 src0=141 src1=-1 dst=142 latency=7 penalty=0 half=0
t=761, issue store node 1156 mem=92 latency=0
t=762, issue ve node 1458 with op reduce_sum src0=210 src1=-1 dst=114 latency=12 penalty=0
t=762, issue load node 1601 gpr=30 mem=135 latency=3
t=763, issue ve node 1394 with op sub src0=174 src1=85 dst=179 latency=7 penalty=0 half=0
t=763, issue load node 1603 gpr=31 mem=136 latency=3
t=764, issue ve node 1425 with op sub src0=190 src1=101 dst=193 latency=7 penalty=0 half=0
t=764, issue scalar node 1252 with op add src0=27 src1=4 dst=28 latency=7 penalty=0
t=765, issue ve node 1428 with op sub src0=191 src1=101 dst=195 latency=7 penalty=0 half=0
t=765, issue load node 1605 gpr=32 mem=137 latency=3
t=766, issue ve node 1183 with op mul src0=73 src1=0 dst=74 latency=7 penalty=0 half=0
t=767, issue ve node 1187 with op mul src0=76 src1=2 dst=77 latency=7 penalty=0 half=0
t=767, issue scalar node 1286 with op add_bf16 src0=38 src1=39 dst=41 latency=7 penalty=0
t=768, issue ve node 1319 with op reduce_sum_bf16 src0=142 src1=-1 dst=55 latency=12 penalty=0
t=769, issue ve node 1431 with op sub src0=192 src1=101 dst=197 latency=7 penalty=0 half=0
t=770, issue ve node 1191 with op mul src0=79 src1=4 dst=80 latency=7 penalty=0 half=0
t=771, issue sfu node 1253 with op sqrt src0=28 src1=-1 dst=29 latency=19 rounds=0 penalty=0 borrow=0
t=771, issue ve node 1321 with op square_fp16_fp16_bf16 src0=143 src1=-1 dst=144 latency=7 penalty=0 half=0
t=772, issue ve node 1352 with op square_fp16_fp16_bf16 src0=157 src1=-1 dst=158 latency=7 penalty=0 half=0
t=773, issue scalar node 1217 with op mul src0=13 src1=5 dst=14 latency=7 penalty=0
t=773, issue ve node 1184 with op add src0=74 src1=1 dst=75 latency=7 penalty=0 half=0
t=774, issue ve node 1188 with op add src0=77 src1=3 dst=78 latency=7 penalty=0 half=0
t=774, issue scalar node 1287 with op add_bf16 src0=41 src1=40 dst=42 latency=7 penalty=0
t=775, issue ve node 1355 with op square_fp16_fp16_bf16 src0=159 src1=-1 dst=160 latency=7 penalty=0 half=0
t=775, issue scalar node 1460 with op add src0=115 src1=114 dst=116 latency=7 penalty=0
t=776, issue ve node 1491 with op reduce_sum src0=226 src1=-1 dst=128 latency=12 penalty=0
t=777, issue ve node 1192 with op add src0=80 src1=5 dst=81 latency=7 penalty=0 half=0
t=778, issue ve node 1322 with op reduce_sum_bf16 src0=144 src1=-1 dst=56 latency=12 penalty=0
t=779, issue ve node 1353 with op reduce_sum_bf16 src0=158 src1=-1 dst=70 latency=12 penalty=0
t=780, issue sfu node 1218 with op inv src0=14 src1=-1 dst=15 latency=19 rounds=0 penalty=0 borrow=0
t=780, issue ve node 1358 with op square_fp16_fp16_bf16 src0=161 src1=-1 dst=162 latency=7 penalty=0 half=0
t=781, issue scalar node 1288 with op mul_bf16_fp16_fp16 src0=42 src1=6 dst=43 latency=7 penalty=0
t=781, issue ve node 1389 with op square_fp16_fp16_bf16 src0=175 src1=-1 dst=176 latency=7 penalty=0 half=0
t=782, issue ve node 1356 with op reduce_sum_bf16 src0=160 src1=-1 dst=71 latency=12 penalty=0
t=782, issue scalar node 1323 with op add_bf16 src0=54 src1=55 dst=57 latency=7 penalty=0
t=783, issue ve node 1392 with op square_fp16_fp16_bf16 src0=177 src1=-1 dst=178 latency=7 penalty=0 half=0
t=783, issue store node 1185 mem=93 latency=0
t=784, issue ve node 1493 with op reduce_sum src0=227 src1=-1 dst=129 latency=12 penalty=0
t=784, issue scalar node 1461 with op mul src0=116 src1=6 dst=117 latency=7 penalty=0
t=785, issue ve node 1495 with op reduce_sum src0=228 src1=-1 dst=130 latency=12 penalty=0
t=785, issue store node 1189 mem=94 latency=0
t=786, issue ve node 1528 with op reduce_sum src0=244 src1=-1 dst=144 latency=12 penalty=0
t=786, issue store node 1193 mem=95 latency=0
t=787, issue ve node 1359 with op reduce_sum_bf16 src0=162 src1=-1 dst=72 latency=12 penalty=0
t=787, issue load node 1638 gpr=48 mem=138 latency=3
t=788, issue ve node 1390 with op reduce_sum_bf16 src0=176 src1=-1 dst=86 latency=12 penalty=0
t=788, issue scalar node 1289 with op add src0=43 src1=4 dst=44 latency=7 penalty=0
t=789, issue ve node 1530 with op reduce_sum src0=245 src1=-1 dst=145 latency=12 penalty=0
t=789, issue load node 1640 gpr=49 mem=139 latency=3
t=790, issue ve node 1393 with op reduce_sum_bf16 src0=178 src1=-1 dst=87 latency=12 penalty=0
t=790, issue load node 1642 gpr=50 mem=140 latency=3
t=791, issue scalar node 1254 with op mul src0=29 src1=5 dst=30 latency=7 penalty=0
t=791, issue ve node 1395 with op square_fp16_fp16_bf16 src0=179 src1=-1 dst=180 latency=7 penalty=0 half=0
t=792, issue ve node 1532 with op reduce_sum src0=246 src1=-1 dst=146 latency=12 penalty=0
t=792, issue scalar node 1324 with op add_bf16 src0=57 src1=56 dst=58 latency=7 penalty=0
t=793, issue ve node 1565 with op reduce_sum src0=12 src1=-1 dst=160 latency=12 penalty=0
t=794, issue ve node 1567 with op reduce_sum src0=13 src1=-1 dst=161 latency=12 penalty=0
t=795, issue sfu node 1290 with op sqrt src0=44 src1=-1 dst=45 latency=19 rounds=0 penalty=0 borrow=0
t=795, issue ve node 1462 with op sub src0=208 src1=117 dst=211 latency=7 penalty=0 half=0
t=796, issue ve node 1569 with op reduce_sum src0=14 src1=-1 dst=162 latency=12 penalty=0
t=796, issue scalar node 1360 with op add_bf16 src0=70 src1=71 dst=73 latency=7 penalty=0
t=797, issue ve node 1602 with op reduce_sum src0=30 src1=-1 dst=176 latency=12 penalty=0
t=797, issue scalar node 1496 with op add src0=128 src1=129 dst=131 latency=7 penalty=0
t=798, issue sfu node 1255 with op inv src0=30 src1=-1 dst=31 latency=19 rounds=0 penalty=0 borrow=0
t=798, issue ve node 1396 with op reduce_sum_bf16 src0=180 src1=-1 dst=88 latency=12 penalty=0
t=799, issue ve node 1465 with op sub src0=209 src1=117 dst=213 latency=7 penalty=0 half=0
t=799, issue scalar node 1325 with op mul_bf16_fp16_fp16 src0=58 src1=6 dst=59 latency=7 penalty=0
t=800, issue ve node 1604 with op reduce_sum src0=31 src1=-1 dst=177 latency=12 penalty=0
t=801, issue ve node 1468 with op sub src0=210 src1=117 dst=215 latency=7 penalty=0 half=0
t=802, issue ve node 1219 with op mul src0=85 src1=15 dst=91 latency=7 penalty=0 half=0
t=802, issue scalar node 1533 with op add src0=144 src1=145 dst=147 latency=7 penalty=0
t=803, issue ve node 1223 with op mul src0=87 src1=15 dst=94 latency=7 penalty=0 half=0
t=803, issue scalar node 1361 with op add_bf16 src0=73 src1=72 dst=74 latency=7 penalty=0
t=804, issue ve node 1606 with op reduce_sum src0=32 src1=-1 dst=178 latency=12 penalty=0
t=804, issue scalar node 1397 with op add_bf16 src0=86 src1=87 dst=89 latency=7 penalty=0
t=805, issue ve node 1639 with op reduce_sum src0=48 src1=-1 dst=192 latency=12 penalty=0
t=805, issue scalar node 1497 with op add src0=131 src1=130 dst=132 latency=7 penalty=0
t=806, issue ve node 1227 with op mul src0=89 src1=15 dst=97 latency=7 penalty=0 half=0
t=806, issue scalar node 1570 with op add src0=160 src1=161 dst=163 latency=7 penalty=0
t=807, issue ve node 1641 with op reduce_sum src0=49 src1=-1 dst=193 latency=12 penalty=0
t=807, issue scalar node 1326 with op add src0=59 src1=4 dst=60 latency=7 penalty=0
t=808, issue ve node 1643 with op reduce_sum src0=50 src1=-1 dst=194 latency=12 penalty=0
t=809, issue ve node 1220 with op mul src0=91 src1=0 dst=92 latency=7 penalty=0 half=0
t=809, issue scalar node 1534 with op add src0=147 src1=146 dst=148 latency=7 penalty=0
t=810, issue ve node 1224 with op mul src0=94 src1=2 dst=95 latency=7 penalty=1 half=0
t=811, issue scalar node 1362 with op mul_bf16_fp16_fp16 src0=74 src1=6 dst=75 latency=7 penalty=0
t=812, issue scalar node 1398 with op add_bf16 src0=89 src1=88 dst=90 latency=7 penalty=0
t=812, issue ve node 1426 with op square_fp16_fp16_bf16 src0=193 src1=-1 dst=194 latency=7 penalty=0 half=0
t=813, issue scalar node 1498 with op mul src0=132 src1=6 dst=133 latency=7 penalty=0
t=813, issue ve node 1228 with op mul src0=97 src1=4 dst=98 latency=7 penalty=0 half=0
t=814, issue scalar node 1291 with op mul src0=45 src1=5 dst=46 latency=7 penalty=0
t=814, issue sfu node 1327 with op sqrt src0=60 src1=-1 dst=61 latency=19 rounds=0 penalty=0 borrow=0
t=815, issue ve node 1429 with op square_fp16_fp16_bf16 src0=195 src1=-1 dst=196 latency=7 penalty=0 half=0
t=815, issue scalar node 1571 with op add src0=163 src1=162 dst=164 latency=7 penalty=0
t=816, issue scalar node 1535 with op mul src0=148 src1=6 dst=149 latency=7 penalty=0
t=816, issue ve node 1221 with op add src0=92 src1=1 dst=93 latency=7 penalty=0 half=0
t=817, issue ve node 1256 with op mul src0=103 src1=31 dst=109 latency=7 penalty=0 half=0
t=817, issue scalar node 1607 with op add src0=176 src1=177 dst=179 latency=7 penalty=0
t=818, issue ve node 1225 with op add src0=95 src1=3 dst=96 latency=7 penalty=1 half=0
t=818, issue scalar node 1363 with op add src0=75 src1=4 dst=76 latency=7 penalty=0
t=819, issue ve node 1427 with op reduce_sum_bf16 src0=194 src1=-1 dst=102 latency=12 penalty=0
t=819, issue scalar node 1399 with op mul_bf16_fp16_fp16 src0=90 src1=6 dst=91 latency=7 penalty=0
t=820, issue ve node 1499 with op sub src0=226 src1=133 dst=229 latency=7 penalty=0 half=0
t=821, issue sfu node 1292 with op inv src0=46 src1=-1 dst=47 latency=19 rounds=0 penalty=0 borrow=0
t=821, issue ve node 1229 with op add src0=98 src1=5 dst=99 latency=7 penalty=0 half=0
t=822, issue ve node 1430 with op reduce_sum_bf16 src0=196 src1=-1 dst=103 latency=12 penalty=0
t=822, issue scalar node 1572 with op mul src0=164 src1=6 dst=165 latency=7 penalty=0
t=823, issue ve node 1502 with op sub src0=227 src1=133 dst=231 latency=7 penalty=0 half=0
t=823, issue store node 1222 mem=96 latency=0
t=824, issue ve node 1505 with op sub src0=228 src1=133 dst=233 latency=7 penalty=0 half=0
t=824, issue scalar node 1608 with op add src0=179 src1=178 dst=180 latency=7 penalty=0
t=825, issue sfu node 1364 with op sqrt src0=76 src1=-1 dst=77 latency=19 rounds=0 penalty=0 borrow=0
t=825, issue ve node 1257 with op mul src0=109 src1=0 dst=110 latency=7 penalty=0 half=0
t=826, issue ve node 1260 with op mul src0=105 src1=31 dst=112 latency=7 penalty=0 half=0
t=826, issue store node 1226 mem=97 latency=0
t=827, issue ve node 1536 with op sub src0=244 src1=149 dst=247 latency=7 penalty=0 half=0
t=827, issue scalar node 1400 with op add src0=91 src1=4 dst=92 latency=7 penalty=0
t=828, issue ve node 1539 with op sub src0=245 src1=149 dst=249 latency=7 penalty=0 half=0
t=828, issue store node 1230 mem=98 latency=0
t=829, issue ve node 1542 with op sub src0=246 src1=149 dst=251 latency=7 penalty=0 half=0
t=829, issue load node 1677 gpr=67 mem=142 latency=3
t=830, issue ve node 1573 with op sub src0=12 src1=165 dst=15 latency=7 penalty=0 half=0
t=830, issue load node 1675 gpr=66 mem=141 latency=3
t=831, issue ve node 1264 with op mul src0=107 src1=31 dst=115 latency=7 penalty=0 half=0
t=831, issue scalar node 1609 with op mul src0=180 src1=6 dst=181 latency=7 penalty=0
t=832, issue ve node 1258 with op add src0=110 src1=1 dst=111 latency=7 penalty=0 half=0
t=832, issue scalar node 1644 with op add src0=192 src1=193 dst=195 latency=7 penalty=0
t=833, issue scalar node 1328 with op mul src0=61 src1=5 dst=62 latency=7 penalty=0
t=833, issue ve node 1261 with op mul src0=112 src1=2 dst=113 latency=7 penalty=0 half=0
t=834, issue sfu node 1401 with op sqrt src0=92 src1=-1 dst=93 latency=19 rounds=0 penalty=0 borrow=0
t=834, issue ve node 1432 with op square_fp16_fp16_bf16 src0=197 src1=-1 dst=198 latency=7 penalty=0 half=0
t=835, issue scalar node 1434 with op add_bf16 src0=102 src1=103 dst=105 latency=7 penalty=0
t=835, issue ve node 1463 with op square_fp16_fp16_bf16 src0=211 src1=-1 dst=212 latency=7 penalty=0 half=0
t=836, issue ve node 1466 with op square_fp16_fp16_bf16 src0=213 src1=-1 dst=214 latency=7 penalty=0 half=0
t=836, issue load node 1679 gpr=68 mem=143 latency=3
t=837, issue ve node 1469 with op square_fp16_fp16_bf16 src0=215 src1=-1 dst=216 latency=7 penalty=0 half=0
t=838, issue ve node 1265 with op mul src0=115 src1=4 dst=116 latency=7 penalty=0 half=0
t=839, issue ve node 1500 with op square_fp16_fp16_bf16 src0=229 src1=-1 dst=230 latency=7 penalty=0 half=0
t=839, issue store node 1259 mem=99 latency=0
t=840, issue sfu node 1329 with op inv src0=62 src1=-1 dst=63 latency=19 rounds=0 penalty=0 borrow=0
t=840, issue ve node 1262 with op add src0=113 src1=3 dst=114 latency=7 penalty=0 half=0
t=841, issue ve node 1433 with op reduce_sum_bf16 src0=198 src1=-1 dst=104 latency=12 penalty=0
t=841, issue scalar node 1645 with op add src0=195 src1=194 dst=196 latency=7 penalty=0
t=842, issue ve node 1464 with op reduce_sum_bf16 src0=212 src1=-1 dst=118 latency=12 penalty=0
t=843, issue ve node 1467 with op reduce_sum_bf16 src0=214 src1=-1 dst=119 latency=12 penalty=0
t=844, issue scalar node 1365 with op mul src0=77 src1=5 dst=78 latency=7 penalty=0
t=844, issue ve node 1470 with op reduce_sum_bf16 src0=216 src1=-1 dst=120 latency=12 penalty=0
t=845, issue ve node 1266 with op add src0=116 src1=5 dst=117 latency=7 penalty=0 half=0
t=846, issue ve node 1501 with op reduce_sum_bf16 src0=230 src1=-1 dst=134 latency=12 penalty=0
t=847, issue ve node 1293 with op mul src0=121 src1=47 dst=127 latency=7 penalty=0 half=0
t=847, issue store node 1263 mem=100 latency=0
t=848, issue ve node 1297 with op mul src0=123 src1=47 dst=130 latency=7 penalty=0 half=0
t=848, issue scalar node 1646 with op mul src0=196 src1=6 dst=197 latency=7 penalty=0
t=849, issue ve node 1576 with op sub src0=13 src1=165 dst=17 latency=7 penalty=0 half=0
t=850, issue ve node 1579 with op sub src0=14 src1=165 dst=19 latency=7 penalty=0 half=0
t=851, issue sfu node 1366 with op inv src0=78 src1=-1 dst=79 latency=19 rounds=0 penalty=0 borrow=0
t=851, issue ve node 1301 with op mul src0=125 src1=47 dst=133 latency=7 penalty=0 half=0
t=852, issue ve node 1610 with op sub src0=30 src1=181 dst=33 latency=7 penalty=0 half=0
t=852, issue store node 1267 mem=101 latency=0
t=853, issue scalar node 1402 with op mul src0=93 src1=5 dst=94 latency=7 penalty=0
t=853, issue ve node 1503 with op square_fp16_fp16_bf16 src0=231 src1=-1 dst=232 latency=7 penalty=0 half=0
t=854, issue ve node 1613 with op sub src0=31 src1=181 dst=35 latency=7 penalty=0 half=0
t=854, issue load node 1712 gpr=84 mem=144 latency=3
t=855, issue ve node 1294 with op mul src0=127 src1=0 dst=128 latency=7 penalty=0 half=0
t=855, issue scalar node 1435 with op add_bf16 src0=105 src1=104 dst=106 latency=7 penalty=0
t=856, issue ve node 1298 with op mul src0=130 src1=2 dst=131 latency=7 penalty=1 half=0
t=856, issue scalar node 1471 with op add_bf16 src0=118 src1=119 dst=121 latency=7 penalty=0
t=857, issue ve node 1678 with op reduce_sum src0=67 src1=-1 dst=209 latency=12 penalty=0
t=857, issue load node 1714 gpr=85 mem=145 latency=3
t=858, issue ve node 1302 with op mul src0=133 src1=4 dst=134 latency=7 penalty=0 half=0
t=858, issue load node 1716 gpr=86 mem=146 latency=3
t=859, issue ve node 1330 with op mul src0=139 src1=63 dst=145 latency=7 penalty=0 half=0
t=860, issue sfu node 1403 with op inv src0=94 src1=-1 dst=95 latency=19 rounds=0 penalty=0 borrow=0
t=860, issue ve node 1504 with op reduce_sum_bf16 src0=232 src1=-1 dst=135 latency=12 penalty=0
t=861, issue ve node 1334 with op mul src0=141 src1=63 dst=148 latency=7 penalty=0 half=0
t=862, issue ve node 1295 with op add src0=128 src1=1 dst=129 latency=7 penalty=0 half=0
t=862, issue scalar node 1436 with op mul_bf16_fp16_fp16 src0=106 src1=6 dst=107 latency=7 penalty=0
t=863, issue ve node 1338 with op mul src0=143 src1=63 dst=151 latency=7 penalty=0 half=0
t=863, issue scalar node 1472 with op add_bf16 src0=121 src1=120 dst=122 latency=7 penalty=0
t=864, issue ve node 1299 with op add src0=131 src1=3 dst=132 latency=7 penalty=1 half=0
t=865, issue ve node 1676 with op reduce_sum src0=66 src1=-1 dst=208 latency=12 penalty=0
t=866, issue ve node 1303 with op add src0=134 src1=5 dst=135 latency=7 penalty=0 half=0
t=867, issue ve node 1331 with op mul src0=145 src1=0 dst=146 latency=7 penalty=0 half=0
t=868, issue ve node 1335 with op mul src0=148 src1=2 dst=149 latency=7 penalty=0 half=0
t=869, issue scalar node 1437 with op add src0=107 src1=4 dst=108 latency=7 penalty=0
t=869, issue ve node 1506 with op square_fp16_fp16_bf16 src0=233 src1=-1 dst=234 latency=7 penalty=0 half=0
t=870, issue ve node 1339 with op mul src0=151 src1=4 dst=152 latency=7 penalty=0 half=0
t=870, issue scalar node 1473 with op mul_bf16_fp16_fp16 src0=122 src1=6 dst=123 latency=7 penalty=0
t=871, issue ve node 1367 with op mul src0=157 src1=79 dst=163 latency=7 penalty=0 half=0
t=872, issue ve node 1371 with op mul src0=159 src1=79 dst=166 latency=7 penalty=0 half=0
t=872, issue store node 1296 mem=102 latency=0
t=873, issue ve node 1375 with op mul src0=161 src1=79 dst=169 latency=7 penalty=0 half=0
t=873, issue store node 1300 mem=103 latency=0
t=874, issue ve node 1332 with op add src0=146 src1=1 dst=147 latency=7 penalty=0 half=0
t=874, issue scalar node 1508 with op add_bf16 src0=134 src1=135 dst=137 latency=7 penalty=0
t=875, issue ve node 1336 with op add src0=149 src1=3 dst=150 latency=7 penalty=0 half=0
t=876, issue sfu node 1438 with op sqrt src0=108 src1=-1 dst=109 latency=19 rounds=0 penalty=0 borrow=0
t=876, issue ve node 1507 with op reduce_sum_bf16 src0=234 src1=-1 dst=136 latency=12 penalty=0
t=877, issue ve node 1340 with op add src0=152 src1=5 dst=153 latency=7 penalty=0 half=0
t=877, issue scalar node 1474 with op add src0=123 src1=4 dst=124 latency=7 penalty=0
t=878, issue ve node 1368 with op mul src0=163 src1=0 dst=164 latency=7 penalty=0 half=0
t=878, issue scalar node 1681 with op add src0=208 src1=209 dst=211 latency=7 penalty=0
t=879, issue ve node 1372 with op mul src0=166 src1=2 dst=167 latency=7 penalty=1 half=0
t=879, issue store node 1304 mem=104 latency=0
t=880, issue ve node 1680 with op reduce_sum src0=68 src1=-1 dst=210 latency=12 penalty=0
t=880, issue load node 1749 gpr=102 mem=147 latency=3
t=881, issue ve node 1376 with op mul src0=169 src1=4 dst=170 latency=7 penalty=0 half=0
t=881, issue store node 1333 mem=105 latency=0
t=882, issue ve node 1404 with op mul src0=175 src1=95 dst=181 latency=7 penalty=0 half=0
t=882, issue store node 1337 mem=106 latency=0
t=883, issue ve node 1408 with op mul src0=177 src1=95 dst=184 latency=7 penalty=0 half=0
t=883, issue load node 1751 gpr=103 mem=148 latency=3
t=884, issue sfu node 1475 with op sqrt src0=124 src1=-1 dst=125 latency=19 rounds=0 penalty=0 borrow=0
t=884, issue ve node 1412 with op mul src0=179 src1=95 dst=187 latency=7 penalty=0 half=0
t=885, issue ve node 1369 with op add src0=164 src1=1 dst=165 latency=7 penalty=0 half=0
t=885, issue load node 1753 gpr=104 mem=149 latency=3
t=886, issue ve node 1537 with op square_fp16_fp16_bf16 src0=247 src1=-1 dst=248 latency=7 penalty=0 half=0
t=886, issue store node 1341 mem=107 latency=0
t=887, issue ve node 1373 with op add src0=167 src1=3 dst=168 latency=7 penalty=1 half=0
t=887, issue load node 1788 gpr=121 mem=151 latency=3
t=888, issue scalar node 1509 with op add_bf16 src0=137 src1=136 dst=138 latency=7 penalty=0
t=888, issue ve node 1713 with op reduce_sum src0=84 src1=-1 dst=224 latency=12 penalty=0
t=889, issue ve node 1377 with op add src0=170 src1=5 dst=171 latency=7 penalty=0 half=0
t=889, issue load node 1786 gpr=120 mem=150 latency=3
t=890, issue ve node 1405 with op mul src0=181 src1=0 dst=182 latency=7 penalty=0 half=0
t=890, issue load node 1790 gpr=122 mem=152 latency=3
t=891, issue ve node 1409 with op mul src0=184 src1=2 dst=185 latency=7 penalty=0 half=0
t=892, issue ve node 1413 with op mul src0=187 src1=4 dst=188 latency=7 penalty=0 half=0
t=892, issue store node 1370 mem=108 latency=0
t=893, issue ve node 1538 with op reduce_sum_bf16 src0=248 src1=-1 dst=150 latency=12 penalty=0
t=894, issue ve node 1616 with op sub src0=32 src1=181 dst=37 latency=7 penalty=0 half=0
t=894, issue scalar node 1682 with op add src0=211 src1=210 dst=212 latency=7 penalty=0
t=895, issue scalar node 1439 with op mul src0=109 src1=5 dst=110 latency=7 penalty=0
t=895, issue ve node 1540 with op square_fp16_fp16_bf16 src0=249 src1=-1 dst=250 latency=7 penalty=0 half=0
t=896, issue scalar node 1510 with op mul_bf16_fp16_fp16 src0=138 src1=6 dst=139 latency=7 penalty=0
t=896, issue ve node 1543 with op square_fp16_fp16_bf16 src0=251 src1=-1 dst=252 latency=7 penalty=0 half=0
t=897, issue ve node 1406 with op add src0=182 src1=1 dst=183 latency=7 penalty=0 half=0
t=897, issue store node 1374 mem=109 latency=0
t=898, issue ve node 1647 with op sub src0=48 src1=197 dst=51 latency=7 penalty=0 half=0
t=898, issue store node 1378 mem=110 latency=0
t=899, issue ve node 1650 with op sub src0=49 src1=197 dst=53 latency=7 penalty=0 half=0
t=899, issue load node 1825 gpr=139 mem=154 latency=3
t=900, issue ve node 1653 with op sub src0=50 src1=197 dst=55 latency=7 penalty=0 half=0
t=900, issue load node 1823 gpr=138 mem=153 latency=3
t=901, issue ve node 1410 with op add src0=185 src1=3 dst=186 latency=7 penalty=0 half=0
t=901, issue scalar node 1683 with op mul src0=212 src1=6 dst=213 latency=7 penalty=0
t=902, issue sfu node 1440 with op inv src0=110 src1=-1 dst=111 latency=19 rounds=0 penalty=0 borrow=0
t=902, issue ve node 1541 with op reduce_sum_bf16 src0=250 src1=-1 dst=151 latency=12 penalty=0
t=903, issue scalar node 1476 with op mul src0=125 src1=5 dst=126 latency=7 penalty=0
t=903, issue ve node 1544 with op reduce_sum_bf16 src0=252 src1=-1 dst=152 latency=12 penalty=0
t=904, issue ve node 1414 with op add src0=188 src1=5 dst=189 latency=7 penalty=0 half=0
t=904, issue scalar node 1511 with op add src0=139 src1=4 dst=140 latency=7 penalty=0
t=905, issue ve node 1574 with op square_fp16_fp16_bf16 src0=15 src1=-1 dst=16 latency=7 penalty=0 half=0
t=905, issue load node 1827 gpr=140 mem=155 latency=3
t=906, issue ve node 1577 with op square_fp16_fp16_bf16 src0=17 src1=-1 dst=18 latency=7 penalty=0 half=0
t=906, issue store node 1407 mem=111 latency=0
t=907, issue ve node 1715 with op reduce_sum src0=85 src1=-1 dst=225 latency=12 penalty=0
t=908, issue ve node 1580 with op square_fp16_fp16_bf16 src0=19 src1=-1 dst=20 latency=7 penalty=0 half=0
t=908, issue store node 1411 mem=112 latency=0
t=909, issue ve node 1684 with op sub src0=66 src1=213 dst=69 latency=7 penalty=0 half=0
t=910, issue sfu node 1477 with op inv src0=126 src1=-1 dst=127 latency=19 rounds=0 penalty=0 borrow=0
t=910, issue ve node 1687 with op sub src0=67 src1=213 dst=71 latency=7 penalty=0 half=0
t=911, issue sfu node 1512 with op sqrt src0=140 src1=-1 dst=141 latency=19 rounds=0 penalty=0 borrow=0
t=911, issue ve node 1611 with op square_fp16_fp16_bf16 src0=33 src1=-1 dst=34 latency=7 penalty=0 half=0
t=912, issue ve node 1575 with op reduce_sum_bf16 src0=16 src1=-1 dst=166 latency=12 penalty=0
t=912, issue store node 1415 mem=113 latency=0
t=913, issue ve node 1578 with op reduce_sum_bf16 src0=18 src1=-1 dst=167 latency=12 penalty=0
t=913, issue load node 1860 gpr=156 mem=156 latency=3
t=914, issue ve node 1717 with op reduce_sum src0=86 src1=-1 dst=226 latency=12 penalty=0
t=914, issue scalar node 1545 with op add_bf16 src0=150 src1=151 dst=153 latency=7 penalty=0
t=915, issue ve node 1581 with op reduce_sum_bf16 src0=20 src1=-1 dst=168 latency=12 penalty=0
t=915, issue load node 1862 gpr=157 mem=157 latency=3
t=916, issue ve node 1750 with op reduce_sum src0=102 src1=-1 dst=240 latency=12 penalty=0
t=916, issue load node 1864 gpr=158 mem=158 latency=3
t=917, issue ve node 1690 with op sub src0=68 src1=213 dst=73 latency=7 penalty=0 half=0
t=918, issue ve node 1612 with op reduce_sum_bf16 src0=34 src1=-1 dst=182 latency=12 penalty=0
t=919, issue ve node 1614 with op square_fp16_fp16_bf16 src0=35 src1=-1 dst=36 latency=7 penalty=0 half=0
t=919, issue scalar node 1718 with op add src0=224 src1=225 dst=227 latency=7 penalty=0
t=920, issue ve node 1752 with op reduce_sum src0=103 src1=-1 dst=241 latency=12 penalty=0
t=921, issue ve node 1441 with op mul src0=193 src1=111 dst=199 latency=7 penalty=0 half=0
t=921, issue scalar node 1546 with op add_bf16 src0=153 src1=152 dst=154 latency=7 penalty=0
t=922, issue ve node 1445 with op mul src0=195 src1=111 dst=202 latency=7 penalty=0 half=0
t=923, issue ve node 1754 with op reduce_sum src0=104 src1=-1 dst=242 latency=12 penalty=0
t=924, issue ve node 1449 with op mul src0=197 src1=111 dst=205 latency=7 penalty=0 half=0
t=925, issue ve node 1617 with op square_fp16_fp16_bf16 src0=37 src1=-1 dst=38 latency=7 penalty=0 half=0
t=926, issue ve node 1615 with op reduce_sum_bf16 src0=36 src1=-1 dst=183 latency=12 penalty=0
t=926, issue scalar node 1582 with op add_bf16 src0=166 src1=167 dst=169 latency=7 penalty=0
t=927, issue ve node 1787 with op reduce_sum src0=120 src1=-1 dst=0 latency=12 penalty=0
t=927, issue scalar node 1719 with op add src0=227 src1=226 dst=228 latency=7 penalty=0
t=928, issue ve node 1442 with op mul src0=199 src1=0 dst=200 latency=7 penalty=0 half=0
t=928, issue scalar node 1547 with op mul_bf16_fp16_fp16 src0=154 src1=6 dst=155 latency=7 penalty=0
t=929, issue ve node 1446 with op mul src0=202 src1=2 dst=203 latency=7 penalty=1 half=0
t=930, issue scalar node 1513 with op mul src0=141 src1=5 dst=142 latency=7 penalty=0
t=930, issue ve node 1789 with op reduce_sum src0=121 src1=-1 dst=1 latency=12 penalty=0
t=931, issue ve node 1450 with op mul src0=205 src1=4 dst=206 latency=7 penalty=0 half=0
t=932, issue ve node 1618 with op reduce_sum_bf16 src0=38 src1=-1 dst=184 latency=12 penalty=0
t=932, issue scalar node 1755 with op add src0=240 src1=241 dst=243 latency=7 penalty=0
t=933, issue ve node 1478 with op mul src0=211 src1=127 dst=217 latency=7 penalty=0 half=0
t=933, issue scalar node 1583 with op add_bf16 src0=169 src1=168 dst=170 latency=7 penalty=0
t=934, issue ve node 1482 with op mul src0=213 src1=127 dst=220 latency=7 penalty=0 half=0
t=934, issue scalar node 1720 with op mul src0=228 src1=6 dst=229 latency=7 penalty=0
t=935, issue ve node 1443 with op add src0=200 src1=1 dst=201 latency=7 penalty=0 half=0
t=935, issue scalar node 1548 with op add src0=155 src1=4 dst=156 latency=7 penalty=0
t=936, issue ve node 1791 with op reduce_sum src0=122 src1=-1 dst=2 latency=12 penalty=0
t=937, issue sfu node 1514 with op inv src0=142 src1=-1 dst=143 latency=19 rounds=0 penalty=0 borrow=0
t=937, issue ve node 1447 with op add src0=203 src1=3 dst=204 latency=7 penalty=1 half=0
t=938, issue scalar node 1619 with op add_bf16 src0=182 src1=183 dst=185 latency=7 penalty=0
t=938, issue ve node 1824 with op reduce_sum src0=138 src1=-1 dst=16 latency=12 penalty=0
t=939, issue ve node 1451 with op add src0=206 src1=5 dst=207 latency=7 penalty=0 half=0
t=939, issue scalar node 1756 with op add src0=243 src1=242 dst=244 latency=7 penalty=0
t=940, issue ve node 1479 with op mul src0=217 src1=0 dst=218 latency=7 penalty=0 half=0
t=940, issue scalar node 1584 with op mul_bf16_fp16_fp16 src0=170 src1=6 dst=171 latency=7 penalty=0
t=941, issue ve node 1483 with op mul src0=220 src1=2 dst=221 latency=7 penalty=0 half=0
t=942, issue sfu node 1549 with op sqrt src0=156 src1=-1 dst=157 latency=19 rounds=0 penalty=0 borrow=0
t=942, issue ve node 1486 with op mul src0=215 src1=127 dst=223 latency=7 penalty=0 half=0
t=943, issue ve node 1721 with op sub src0=84 src1=229 dst=87 latency=7 penalty=0 half=0
t=943, issue store node 1444 mem=114 latency=0
t=944, issue ve node 1724 with op sub src0=85 src1=229 dst=89 latency=7 penalty=0 half=0
t=945, issue scalar node 1620 with op add_bf16 src0=185 src1=184 dst=186 latency=7 penalty=0
t=945, issue ve node 1648 with op square_fp16_fp16_bf16 src0=51 src1=-1 dst=52 latency=7 penalty=0 half=0
t=946, issue ve node 1727 with op sub src0=86 src1=229 dst=91 latency=7 penalty=0 half=0
t=946, issue store node 1448 mem=115 latency=0
t=947, issue ve node 1480 with op add src0=218 src1=1 dst=219 latency=7 penalty=0 half=0
t=947, issue scalar node 1585 with op add src0=171 src1=4 dst=172 latency=7 penalty=0
t=948, issue scalar node 1757 with op mul src0=244 src1=6 dst=245 latency=7 penalty=0
t=948, issue ve node 1484 with op add src0=221 src1=3 dst=222 latency=7 penalty=0 half=0
t=949, issue ve node 1487 with op mul src0=223 src1=4 dst=224 latency=7 penalty=0 half=0
t=950, issue ve node 1651 with op square_fp16_fp16_bf16 src0=53 src1=-1 dst=54 latency=7 penalty=0 half=0
t=950, issue scalar node 1792 with op add src0=0 src1=1 dst=3 latency=7 penalty=0
t=951, issue ve node 1826 with op reduce_sum src0=139 src1=-1 dst=17 latency=12 penalty=0
t=952, issue ve node 1649 with op reduce_sum_bf16 src0=52 src1=-1 dst=198 latency=12 penalty=0
t=952, issue scalar node 1621 with op mul_bf16_fp16_fp16 src0=186 src1=6 dst=187 latency=7 penalty=0
t=953, issue ve node 1654 with op square_fp16_fp16_bf16 src0=55 src1=-1 dst=56 latency=7 penalty=0 half=0
t=954, issue sfu node 1586 with op sqrt src0=172 src1=-1 dst=173 latency=19 rounds=0 penalty=0 borrow=0
t=954, issue ve node 1685 with op square_fp16_fp16_bf16 src0=69 src1=-1 dst=70 latency=7 penalty=0 half=0
t=955, issue ve node 1688 with op square_fp16_fp16_bf16 src0=71 src1=-1 dst=72 latency=7 penalty=0 half=0
t=955, issue store node 1485 mem=118 latency=0
t=956, issue ve node 1488 with op add src0=224 src1=5 dst=225 latency=7 penalty=0 half=0
t=956, issue store node 1452 mem=116 latency=0
t=957, issue ve node 1652 with op reduce_sum_bf16 src0=54 src1=-1 dst=199 latency=12 penalty=0
t=957, issue store node 1481 mem=117 latency=0
t=958, issue ve node 1758 with op sub src0=102 src1=245 dst=105 latency=7 penalty=0 half=0
t=958, issue scalar node 1793 with op add src0=3 src1=2 dst=4 latency=7 penalty=0
t=959, issue ve node 1515 with op mul src0=229 src1=143 dst=235 latency=7 penalty=0 half=0
t=959, issue load node 1897 gpr=174 mem=159 latency=3
t=960, issue ve node 1655 with op reduce_sum_bf16 src0=56 src1=-1 dst=200 latency=12 penalty=0
t=960, issue scalar node 1622 with op add src0=187 src1=4 dst=188 latency=7 penalty=0
t=961, issue scalar node 1550 with op mul src0=157 src1=5 dst=158 latency=7 penalty=0
t=961, issue ve node 1686 with op reduce_sum_bf16 src0=70 src1=-1 dst=214 latency=12 penalty=0
t=962, issue ve node 1689 with op reduce_sum_bf16 src0=72 src1=-1 dst=215 latency=12 penalty=0
t=962, issue load node 1899 gpr=175 mem=160 latency=3
t=963, issue ve node 1761 with op sub src0=103 src1=245 dst=107 latency=7 penalty=0 half=0
t=963, issue store node 1489 mem=119 latency=0
t=964, issue ve node 1828 with op reduce_sum src0=140 src1=-1 dst=18 latency=12 penalty=0
t=964, issue scalar node 1829 with op add src0=16 src1=17 dst=19 latency=7 penalty=0
t=965, issue ve node 1764 with op sub src0=104 src1=245 dst=109 latency=7 penalty=0 half=0
t=965, issue scalar node 1794 with op mul src0=4 src1=6 dst=5 latency=7 penalty=0
t=966, issue ve node 1516 with op mul src0=235 src1=0 dst=236 latency=7 penalty=0 half=0
t=966, issue load node 1901 gpr=176 mem=161 latency=3
t=967, issue sfu node 1623 with op sqrt src0=188 src1=-1 dst=189 latency=19 rounds=0 penalty=0 borrow=0
t=967, issue ve node 1519 with op mul src0=231 src1=143 dst=238 latency=7 penalty=0 half=0
t=968, issue sfu node 1551 with op inv src0=158 src1=-1 dst=159 latency=19 rounds=0 penalty=0 borrow=0
t=968, issue ve node 1861 with op reduce_sum src0=156 src1=-1 dst=32 latency=12 penalty=0
t=969, issue ve node 1863 with op reduce_sum src0=157 src1=-1 dst=33 latency=12 penalty=0
t=969, issue scalar node 1656 with op add_bf16 src0=198 src1=199 dst=201 latency=7 penalty=0
t=970, issue ve node 1865 with op reduce_sum src0=158 src1=-1 dst=34 latency=12 penalty=0
t=970, issue load node 1936 gpr=193 mem=163 latency=3
t=971, issue ve node 1898 with op reduce_sum src0=174 src1=-1 dst=48 latency=12 penalty=0
t=971, issue load node 1934 gpr=192 mem=162 latency=3
t=972, issue ve node 1523 with op mul src0=233 src1=143 dst=241 latency=7 penalty=0 half=0
t=972, issue load node 1938 gpr=194 mem=164 latency=3
t=973, issue scalar node 1587 with op mul src0=173 src1=5 dst=174 latency=7 penalty=0
t=973, issue ve node 1517 with op add src0=236 src1=1 dst=237 latency=7 penalty=0 half=0
t=974, issue ve node 1520 with op mul src0=238 src1=2 dst=239 latency=7 penalty=1 half=0
t=975, issue scalar node 1693 with op add_bf16 src0=214 src1=215 dst=217 latency=7 penalty=0
t=975, issue ve node 1900 with op reduce_sum src0=175 src1=-1 dst=49 latency=12 penalty=0
t=976, issue scalar node 1657 with op add_bf16 src0=201 src1=200 dst=202 latency=7 penalty=0
t=976, issue ve node 1691 with op square_fp16_fp16_bf16 src0=73 src1=-1 dst=74 latency=7 penalty=0 half=0
t=977, issue ve node 1795 with op sub src0=120 src1=5 dst=123 latency=7 penalty=0 half=0
t=977, issue scalar node 1830 with op add src0=19 src1=18 dst=20 latency=7 penalty=0
t=978, issue ve node 1798 with op sub src0=121 src1=5 dst=125 latency=7 penalty=0 half=0
t=979, issue ve node 1801 with op sub src0=122 src1=5 dst=127 latency=7 penalty=0 half=0
t=980, issue sfu node 1588 with op inv src0=174 src1=-1 dst=175 latency=19 rounds=0 penalty=0 borrow=0
t=980, issue ve node 1524 with op mul src0=241 src1=4 dst=242 latency=7 penalty=0 half=0
t=981, issue ve node 1722 with op square_fp16_fp16_bf16 src0=87 src1=-1 dst=88 latency=7 penalty=0 half=0
t=981, issue scalar node 1866 with op add src0=32 src1=33 dst=35 latency=7 penalty=0
t=982, issue ve node 1902 with op reduce_sum src0=176 src1=-1 dst=50 latency=12 penalty=0
t=982, issue store node 1518 mem=120 latency=0
t=983, issue ve node 1692 with op reduce_sum_bf16 src0=74 src1=-1 dst=216 latency=12 penalty=0
t=983, issue scalar node 1658 with op mul_bf16_fp16_fp16 src0=202 src1=6 dst=203 latency=7 penalty=0
t=984, issue scalar node 1831 with op mul src0=20 src1=6 dst=21 latency=7 penalty=0
t=984, issue ve node 1521 with op add src0=239 src1=3 dst=240 latency=7 penalty=1 half=0
t=985, issue ve node 1935 with op reduce_sum src0=192 src1=-1 dst=64 latency=12 penalty=0
t=986, issue scalar node 1624 with op mul src0=189 src1=5 dst=190 latency=7 penalty=0
t=986, issue ve node 1725 with op square_fp16_fp16_bf16 src0=89 src1=-1 dst=90 latency=7 penalty=0 half=0
t=987, issue ve node 1525 with op add src0=242 src1=5 dst=243 latency=7 penalty=0 half=0
t=987, issue scalar node 1903 with op add src0=48 src1=49 dst=51 latency=7 penalty=0
t=988, issue ve node 1723 with op reduce_sum_bf16 src0=88 src1=-1 dst=230 latency=12 penalty=0
t=989, issue ve node 1552 with op mul src0=247 src1=159 dst=253 latency=7 penalty=0 half=0
t=990, issue ve node 1556 with op mul src0=249 src1=159 dst=6 latency=7 penalty=0 half=0
t=991, issue ve node 1560 with op mul src0=251 src1=159 dst=9 latency=7 penalty=0 half=0
t=992, issue scalar node 1659 with op add src0=203 src1=4 dst=204 latency=7 penalty=0
t=992, issue ve node 1728 with op square_fp16_fp16_bf16 src0=91 src1=-1 dst=92 latency=7 penalty=0 half=0
t=993, issue sfu node 1625 with op inv src0=190 src1=-1 dst=191 latency=19 rounds=0 penalty=0 borrow=0
t=993, issue ve node 1726 with op reduce_sum_bf16 src0=90 src1=-1 dst=231 latency=12 penalty=0
t=994, issue ve node 1759 with op square_fp16_fp16_bf16 src0=105 src1=-1 dst=106 latency=7 penalty=0 half=0
t=994, issue store node 1522 mem=121 latency=0
t=995, issue ve node 1832 with op sub src0=138 src1=21 dst=141 latency=7 penalty=0 half=0
t=995, issue store node 1526 mem=122 latency=0
t=996, issue ve node 1835 with op sub src0=139 src1=21 dst=143 latency=7 penalty=0 half=0
t=996, issue scalar node 1867 with op add src0=35 src1=34 dst=36 latency=7 penalty=0
t=997, issue ve node 1553 with op mul src0=253 src1=0 dst=254 latency=7 penalty=0 half=0
t=997, issue scalar node 1694 with op add_bf16 src0=217 src1=216 dst=218 latency=7 penalty=0
t=998, issue ve node 1838 with op sub src0=140 src1=21 dst=145 latency=7 penalty=0 half=0
t=998, issue scalar node 1904 with op add src0=51 src1=50 dst=52 latency=7 penalty=0
t=999, issue sfu node 1660 with op sqrt src0=204 src1=-1 dst=205 latency=19 rounds=0 penalty=0 borrow=0
t=999, issue ve node 1729 with op reduce_sum_bf16 src0=92 src1=-1 dst=232 latency=12 penalty=0
t=1000, issue ve node 1557 with op mul src0=6 src1=2 dst=7 latency=7 penalty=1 half=0
t=1000, issue load node 1971 gpr=210 mem=165 latency=3
t=1001, issue ve node 1937 with op reduce_sum src0=193 src1=-1 dst=65 latency=12 penalty=0
t=1001, issue load node 1973 gpr=211 mem=166 latency=3
t=1002, issue ve node 1760 with op reduce_sum_bf16 src0=106 src1=-1 dst=246 latency=12 penalty=0
t=1002, issue load node 1975 gpr=212 mem=167 latency=3
t=1003, issue ve node 1561 with op mul src0=9 src1=4 dst=10 latency=7 penalty=0 half=0
t=1003, issue scalar node 1868 with op mul src0=36 src1=6 dst=37 latency=7 penalty=0
t=1004, issue ve node 1554 with op add src0=254 src1=1 dst=255 latency=7 penalty=0 half=0
t=1004, issue scalar node 1695 with op mul_bf16_fp16_fp16 src0=218 src1=6 dst=219 latency=7 penalty=0
t=1005, issue ve node 1589 with op mul src0=15 src1=175 dst=21 latency=7 penalty=0 half=0
t=1005, issue scalar node 1905 with op mul src0=52 src1=6 dst=53 latency=7 penalty=0
t=1006, issue ve node 1593 with op mul src0=17 src1=175 dst=24 latency=7 penalty=0 half=0
t=1007, issue ve node 1597 with op mul src0=19 src1=175 dst=27 latency=7 penalty=0 half=0
t=1008, issue ve node 1558 with op add src0=7 src1=3 dst=8 latency=7 penalty=1 half=0
t=1008, issue scalar node 1730 with op add_bf16 src0=230 src1=231 dst=233 latency=7 penalty=0
t=1009, issue ve node 1939 with op reduce_sum src0=194 src1=-1 dst=66 latency=12 penalty=0
t=1010, issue ve node 1562 with op add src0=10 src1=5 dst=11 latency=7 penalty=0 half=0
t=1011, issue scalar node 1696 with op add src0=219 src1=4 dst=220 latency=7 penalty=0
t=1011, issue ve node 1762 with op square_fp16_fp16_bf16 src0=107 src1=-1 dst=108 latency=7 penalty=0 half=0
t=1012, issue ve node 1590 with op mul src0=21 src1=0 dst=22 latency=7 penalty=0 half=0
t=1012, issue store node 1555 mem=123 latency=0
t=1013, issue ve node 1594 with op mul src0=24 src1=2 dst=25 latency=7 penalty=0 half=0
t=1013, issue scalar node 1940 with op add src0=64 src1=65 dst=67 latency=7 penalty=0
t=1014, issue ve node 1598 with op mul src0=27 src1=4 dst=28 latency=7 penalty=0 half=0
t=1015, issue ve node 1626 with op mul src0=33 src1=191 dst=39 latency=7 penalty=0 half=0
t=1015, issue scalar node 1731 with op add_bf16 src0=233 src1=232 dst=234 latency=7 penalty=0
t=1016, issue ve node 1630 with op mul src0=35 src1=191 dst=42 latency=7 penalty=0 half=0
t=1016, issue store node 1559 mem=124 latency=0
t=1017, issue ve node 1634 with op mul src0=37 src1=191 dst=45 latency=7 penalty=0 half=0
t=1017, issue store node 1563 mem=125 latency=0
t=1018, issue scalar node 1661 with op mul src0=205 src1=5 dst=206 latency=7 penalty=0
t=1018, issue sfu node 1697 with op sqrt src0=220 src1=-1 dst=221 latency=19 rounds=0 penalty=0 borrow=0
t=1019, issue ve node 1763 with op reduce_sum_bf16 src0=108 src1=-1 dst=247 latency=12 penalty=0
t=1019, issue load node 2008 gpr=228 mem=168 latency=3
t=1020, issue ve node 1591 with op add src0=22 src1=1 dst=23 latency=7 penalty=0 half=0
t=1020, issue load node 2010 gpr=229 mem=169 latency=3
t=1021, issue ve node 1595 with op add src0=25 src1=3 dst=26 latency=7 penalty=0 half=0
t=1021, issue scalar node 1941 with op add src0=67 src1=66 dst=68 latency=7 penalty=0
t=1022, issue ve node 1599 with op add src0=28 src1=5 dst=29 latency=7 penalty=0 half=0
t=1022, issue scalar node 1732 with op mul_bf16_fp16_fp16 src0=234 src1=6 dst=235 latency=7 penalty=0
t=1023, issue ve node 1627 with op mul src0=39 src1=0 dst=40 latency=7 penalty=0 half=0
t=1023, issue load node 2012 gpr=230 mem=170 latency=3
t=1024, issue ve node 1631 with op mul src0=42 src1=2 dst=43 latency=7 penalty=1 half=0
t=1025, issue sfu node 1662 with op inv src0=206 src1=-1 dst=207 latency=19 rounds=0 penalty=0 borrow=0
t=1025, issue ve node 1976 with op reduce_sum src0=212 src1=-1 dst=82 latency=12 penalty=0
t=1026, issue ve node 1635 with op mul src0=45 src1=4 dst=46 latency=7 penalty=0 half=0
t=1027, issue ve node 1765 with op square_fp16_fp16_bf16 src0=109 src1=-1 dst=110 latency=7 penalty=0 half=0
t=1027, issue store node 1592 mem=126 latency=0
t=1028, issue ve node 1869 with op sub src0=156 src1=37 dst=159 latency=7 penalty=0 half=0
t=1028, issue store node 1596 mem=127 latency=0
t=1029, issue scalar node 1733 with op add src0=235 src1=4 dst=236 latency=7 penalty=0
t=1029, issue ve node 1796 with op square_fp16_fp16_bf16 src0=123 src1=-1 dst=124 latency=7 penalty=0 half=0
t=1030, issue ve node 1872 with op sub src0=157 src1=37 dst=161 latency=7 penalty=0 half=0
t=1031, issue ve node 1628 with op add src0=40 src1=1 dst=41 latency=7 penalty=0 half=0
t=1031, issue scalar node 1767 with op add_bf16 src0=246 src1=247 dst=249 latency=7 penalty=0
t=1032, issue ve node 1875 with op sub src0=158 src1=37 dst=163 latency=7 penalty=0 half=0
t=1032, issue store node 1600 mem=128 latency=0
t=1033, issue ve node 1906 with op sub src0=174 src1=53 dst=177 latency=7 penalty=0 half=0
t=1033, issue scalar node 1942 with op mul src0=68 src1=6 dst=69 latency=7 penalty=0
t=1034, issue ve node 1766 with op reduce_sum_bf16 src0=110 src1=-1 dst=248 latency=12 penalty=0
t=1034, issue load node 2045 gpr=246 mem=171 latency=3
t=1035, issue ve node 1632 with op add src0=43 src1=3 dst=44 latency=7 penalty=1 half=0
t=1035, issue load node 2047 gpr=247 mem=172 latency=3
t=1036, issue sfu node 1734 with op sqrt src0=236 src1=-1 dst=237 latency=19 rounds=0 penalty=0 borrow=0
t=1036, issue ve node 1797 with op reduce_sum_bf16 src0=124 src1=-1 dst=6 latency=12 penalty=0
t=1037, issue scalar node 1698 with op mul src0=221 src1=5 dst=222 latency=7 penalty=0
t=1037, issue ve node 1636 with op add src0=46 src1=5 dst=47 latency=7 penalty=0 half=0
t=1038, issue ve node 1799 with op square_fp16_fp16_bf16 src0=125 src1=-1 dst=126 latency=7 penalty=0 half=0
t=1038, issue load node 2049 gpr=248 mem=173 latency=3
t=1039, issue ve node 1802 with op square_fp16_fp16_bf16 src0=127 src1=-1 dst=128 latency=7 penalty=0 half=0
t=1039, issue store node 1629 mem=129 latency=0
t=1040, issue ve node 1909 with op sub src0=175 src1=53 dst=179 latency=7 penalty=0 half=0
t=1041, issue ve node 1912 with op sub src0=176 src1=53 dst=181 latency=7 penalty=0 half=0
t=1042, issue ve node 1943 with op sub src0=192 src1=69 dst=195 latency=7 penalty=0 half=0
t=1043, issue ve node 1833 with op square_fp16_fp16_bf16 src0=141 src1=-1 dst=142 latency=7 penalty=0 half=0
t=1043, issue store node 1633 mem=130 latency=0
t=1044, issue sfu node 1699 with op inv src0=222 src1=-1 dst=223 latency=19 rounds=0 penalty=0 borrow=0
t=1044, issue ve node 1663 with op mul src0=51 src1=207 dst=57 latency=7 penalty=0 half=0
t=1045, issue ve node 1800 with op reduce_sum_bf16 src0=126 src1=-1 dst=7 latency=12 penalty=0
t=1045, issue store node 1637 mem=131 latency=0
t=1046, issue ve node 1803 with op reduce_sum_bf16 src0=128 src1=-1 dst=8 latency=12 penalty=0
t=1046, issue scalar node 1768 with op add_bf16 src0=249 src1=248 dst=250 latency=7 penalty=0
t=1047, issue ve node 1667 with op mul src0=53 src1=207 dst=60 latency=7 penalty=0 half=0
t=1047, issue load node 2084 gpr=15 mem=175 latency=3
t=1048, issue ve node 1671 with op mul src0=55 src1=207 dst=63 latency=7 penalty=0 half=0
t=1048, issue load node 2082 gpr=14 mem=174 latency=3
t=1049, issue ve node 1836 with op square_fp16_fp16_bf16 src0=143 src1=-1 dst=144 latency=7 penalty=0 half=0
t=1049, issue load node 2086 gpr=16 mem=176 latency=3
t=1050, issue ve node 1834 with op reduce_sum_bf16 src0=142 src1=-1 dst=22 latency=12 penalty=0
t=1051, issue ve node 1664 with op mul src0=57 src1=0 dst=58 latency=7 penalty=0 half=0
t=1052, issue ve node 1839 with op square_fp16_fp16_bf16 src0=145 src1=-1 dst=146 latency=7 penalty=0 half=0
t=1053, issue scalar node 1769 with op mul_bf16_fp16_fp16 src0=250 src1=6 dst=251 latency=7 penalty=0
t=1053, issue ve node 1870 with op square_fp16_fp16_bf16 src0=159 src1=-1 dst=160 latency=7 penalty=0 half=0
t=1054, issue ve node 1946 with op sub src0=193 src1=69 dst=197 latency=7 penalty=0 half=0
t=1055, issue ve node 1668 with op mul src0=60 src1=2 dst=61 latency=7 penalty=0 half=0
t=1056, issue scalar node 1735 with op mul src0=237 src1=5 dst=238 latency=7 penalty=0
t=1056, issue ve node 1837 with op reduce_sum_bf16 src0=144 src1=-1 dst=23 latency=12 penalty=0
t=1057, issue ve node 1672 with op mul src0=63 src1=4 dst=64 latency=7 penalty=0 half=0
t=1057, issue scalar node 1804 with op add_bf16 src0=6 src1=7 dst=9 latency=7 penalty=0
t=1058, issue ve node 1949 with op sub src0=194 src1=69 dst=199 latency=7 penalty=0 half=0
t=1059, issue ve node 1840 with op reduce_sum_bf16 src0=146 src1=-1 dst=24 latency=12 penalty=0
t=1060, issue ve node 1871 with op reduce_sum_bf16 src0=160 src1=-1 dst=38 latency=12 penalty=0
t=1060, issue scalar node 1770 with op add src0=251 src1=4 dst=252 latency=7 penalty=0
t=1061, issue ve node 1665 with op add src0=58 src1=1 dst=59 latency=7 penalty=0 half=0
t=1062, issue ve node 1669 with op add src0=61 src1=3 dst=62 latency=7 penalty=0 half=0
t=1063, issue sfu node 1736 with op inv src0=238 src1=-1 dst=239 latency=19 rounds=0 penalty=0 borrow=0
t=1063, issue ve node 1700 with op mul src0=69 src1=223 dst=75 latency=7 penalty=0 half=0
t=1064, issue ve node 1673 with op add src0=64 src1=5 dst=65 latency=7 penalty=0 half=0
t=1064, issue scalar node 1805 with op add_bf16 src0=9 src1=8 dst=10 latency=7 penalty=0
t=1065, issue ve node 1704 with op mul src0=71 src1=223 dst=78 latency=7 penalty=0 half=0
t=1066, issue ve node 1708 with op mul src0=73 src1=223 dst=81 latency=7 penalty=0 half=0
t=1067, issue sfu node 1771 with op sqrt src0=252 src1=-1 dst=253 latency=19 rounds=0 penalty=0 borrow=0
t=1067, issue ve node 1873 with op square_fp16_fp16_bf16 src0=161 src1=-1 dst=162 latency=7 penalty=0 half=0
t=1068, issue scalar node 1841 with op add_bf16 src0=22 src1=23 dst=25 latency=7 penalty=0
t=1068, issue ve node 1876 with op square_fp16_fp16_bf16 src0=163 src1=-1 dst=164 latency=7 penalty=0 half=0
t=1069, issue ve node 1907 with op square_fp16_fp16_bf16 src0=177 src1=-1 dst=178 latency=7 penalty=0 half=0
t=1069, issue store node 1666 mem=132 latency=0
t=1070, issue ve node 1972 with op reduce_sum src0=210 src1=-1 dst=80 latency=12 penalty=0
t=1071, issue ve node 1701 with op mul src0=75 src1=0 dst=76 latency=7 penalty=0 half=0
t=1071, issue scalar node 1806 with op mul_bf16_fp16_fp16 src0=10 src1=6 dst=11 latency=7 penalty=0
t=1072, issue ve node 1705 with op mul src0=78 src1=2 dst=79 latency=7 penalty=1 half=0
t=1072, issue store node 1674 mem=134 latency=0
t=1073, issue ve node 1974 with op reduce_sum src0=211 src1=-1 dst=81 latency=12 penalty=0
t=1074, issue ve node 1874 with op reduce_sum_bf16 src0=162 src1=-1 dst=39 latency=12 penalty=0
t=1075, issue ve node 1877 with op reduce_sum_bf16 src0=164 src1=-1 dst=40 latency=12 penalty=0
t=1075, issue scalar node 1842 with op add_bf16 src0=25 src1=24 dst=26 latency=7 penalty=0
t=1076, issue ve node 1908 with op reduce_sum_bf16 src0=178 src1=-1 dst=54 latency=12 penalty=0
t=1077, issue ve node 2009 with op reduce_sum src0=228 src1=-1 dst=96 latency=12 penalty=0
t=1077, issue store node 1670 mem=133 latency=0
t=1078, issue ve node 1702 with op add src0=76 src1=1 dst=77 latency=7 penalty=0 half=0
t=1078, issue scalar node 1807 with op add src0=11 src1=4 dst=12 latency=7 penalty=0
t=1079, issue ve node 2011 with op reduce_sum src0=229 src1=-1 dst=97 latency=12 penalty=0
t=1079, issue load node 2119 gpr=32 mem=177 latency=3
t=1080, issue ve node 2013 with op reduce_sum src0=230 src1=-1 dst=98 latency=12 penalty=0
t=1080, issue load node 2121 gpr=33 mem=178 latency=3
t=1081, issue ve node 2046 with op reduce_sum src0=246 src1=-1 dst=112 latency=12 penalty=0
t=1081, issue load node 2123 gpr=34 mem=179 latency=3
t=1082, issue ve node 1706 with op add src0=79 src1=3 dst=80 latency=7 penalty=1 half=0
t=1082, issue scalar node 1843 with op mul_bf16_fp16_fp16 src0=26 src1=6 dst=27 latency=7 penalty=0
t=1083, issue ve node 2050 with op reduce_sum src0=248 src1=-1 dst=114 latency=12 penalty=0
t=1084, issue ve node 1709 with op mul src0=81 src1=4 dst=82 latency=7 penalty=0 half=0
t=1085, issue sfu node 1808 with op sqrt src0=12 src1=-1 dst=13 latency=19 rounds=0 penalty=0 borrow=0
t=1085, issue ve node 1737 with op mul src0=87 src1=239 dst=93 latency=7 penalty=0 half=0
t=1086, issue scalar node 1772 with op mul src0=253 src1=5 dst=254 latency=7 penalty=0
t=1086, issue ve node 1741 with op mul src0=89 src1=239 dst=96 latency=7 penalty=0 half=0
t=1087, issue ve node 1745 with op mul src0=91 src1=239 dst=99 latency=7 penalty=0 half=0
t=1087, issue store node 1703 mem=135 latency=0
t=1088, issue ve node 2048 with op reduce_sum src0=247 src1=-1 dst=113 latency=12 penalty=0
t=1088, issue scalar node 1878 with op add_bf16 src0=38 src1=39 dst=41 latency=7 penalty=0
t=1089, issue ve node 2083 with op reduce_sum src0=14 src1=-1 dst=128 latency=12 penalty=0
t=1089, issue scalar node 1844 with op add src0=27 src1=4 dst=28 latency=7 penalty=0
t=1090, issue ve node 2085 with op reduce_sum src0=15 src1=-1 dst=129 latency=12 penalty=0
t=1090, issue scalar node 1977 with op add src0=80 src1=81 dst=83 latency=7 penalty=0
t=1091, issue ve node 1710 with op add src0=82 src1=5 dst=83 latency=7 penalty=0 half=0
t=1091, issue scalar node 2014 with op add src0=96 src1=97 dst=99 latency=7 penalty=0
t=1092, issue ve node 2087 with op reduce_sum src0=16 src1=-1 dst=130 latency=12 penalty=0
t=1093, issue sfu node 1773 with op inv src0=254 src1=-1 dst=255 latency=19 rounds=0 penalty=0 borrow=0
t=1093, issue ve node 1738 with op mul src0=93 src1=0 dst=94 latency=7 penalty=0 half=0
t=1094, issue ve node 1742 with op mul src0=96 src1=2 dst=97 latency=7 penalty=0 half=0
t=1095, issue ve node 1746 with op mul src0=99 src1=4 dst=100 latency=7 penalty=0 half=0
t=1095, issue scalar node 1879 with op add_bf16 src0=41 src1=40 dst=42 latency=7 penalty=0
t=1096, issue sfu node 1845 with op sqrt src0=28 src1=-1 dst=29 latency=19 rounds=0 penalty=0 borrow=0
t=1096, issue ve node 2120 with op reduce_sum src0=32 src1=-1 dst=144 latency=12 penalty=0
t=1097, issue ve node 2122 with op reduce_sum src0=33 src1=-1 dst=145 latency=12 penalty=0
t=1097, issue scalar node 1978 with op add src0=83 src1=82 dst=84 latency=7 penalty=0
t=1098, issue ve node 1910 with op square_fp16_fp16_bf16 src0=179 src1=-1 dst=180 latency=7 penalty=0 half=0
t=1098, issue scalar node 2015 with op add src0=99 src1=98 dst=100 latency=7 penalty=0
t=1099, issue ve node 2124 with op reduce_sum src0=34 src1=-1 dst=146 latency=12 penalty=0
t=1099, issue store node 1707 mem=136 latency=0
t=1100, issue ve node 1739 with op add src0=94 src1=1 dst=95 latency=7 penalty=0 half=0
t=1100, issue scalar node 2051 with op add src0=112 src1=113 dst=115 latency=7 penalty=0
t=1101, issue ve node 1743 with op add src0=97 src1=3 dst=98 latency=7 penalty=0 half=0
t=1102, issue ve node 1747 with op add src0=100 src1=5 dst=101 latency=7 penalty=0 half=0
t=1102, issue scalar node 1880 with op mul_bf16_fp16_fp16 src0=42 src1=6 dst=43 latency=7 penalty=0
t=1103, issue ve node 1913 with op square_fp16_fp16_bf16 src0=181 src1=-1 dst=182 latency=7 penalty=0 half=0
t=1103, issue scalar node 2088 with op add src0=128 src1=129 dst=131 latency=7 penalty=0
t=1104, issue scalar node 1979 with op mul src0=84 src1=6 dst=85 latency=7 penalty=0
t=1104, issue ve node 1944 with op square_fp16_fp16_bf16 src0=195 src1=-1 dst=196 latency=7 penalty=0 half=0
t=1105, issue scalar node 1809 with op mul src0=13 src1=5 dst=14 latency=7 penalty=0
t=1105, issue ve node 1911 with op reduce_sum_bf16 src0=180 src1=-1 dst=55 latency=12 penalty=0
t=1106, issue scalar node 2016 with op mul src0=100 src1=6 dst=101 latency=7 penalty=0
t=1106, issue ve node 1947 with op square_fp16_fp16_bf16 src0=197 src1=-1 dst=198 latency=7 penalty=0 half=0
t=1107, issue ve node 1950 with op square_fp16_fp16_bf16 src0=199 src1=-1 dst=200 latency=7 penalty=0 half=0
t=1107, issue scalar node 2052 with op add src0=115 src1=114 dst=116 latency=7 penalty=0
t=1108, issue store node 1711 mem=137 latency=0
t=1108, issue load node 2197 gpr=70 mem=185 latency=3
t=1109, issue scalar node 1881 with op add src0=43 src1=4 dst=44 latency=7 penalty=0
t=1109, issue store node 1740 mem=138 latency=0
t=1110, issue ve node 1914 with op reduce_sum_bf16 src0=182 src1=-1 dst=56 latency=12 penalty=0
t=1110, issue scalar node 2089 with op add src0=131 src1=130 dst=132 latency=7 penalty=0
t=1111, issue ve node 1945 with op reduce_sum_bf16 src0=196 src1=-1 dst=70 latency=12 penalty=0
t=1111, issue scalar node 2125 with op add src0=144 src1=145 dst=147 latency=7 penalty=0
t=1112, issue sfu node 1810 with op inv src0=14 src1=-1 dst=15 latency=19 rounds=0 penalty=0 borrow=0
t=1112, issue ve node 1980 with op sub src0=210 src1=85 dst=213 latency=7 penalty=0 half=0
t=1113, issue ve node 1948 with op reduce_sum_bf16 src0=198 src1=-1 dst=71 latency=12 penalty=0
t=1113, issue store node 1748 mem=140 latency=0
t=1114, issue ve node 1951 with op reduce_sum_bf16 src0=200 src1=-1 dst=72 latency=12 penalty=0
t=1114, issue store node 1744 mem=139 latency=0
t=1115, issue scalar node 1846 with op mul src0=29 src1=5 dst=30 latency=7 penalty=0
t=1115, issue ve node 1774 with op mul src0=105 src1=255 dst=111 latency=7 penalty=0 half=0
t=1116, issue sfu node 1882 with op sqrt src0=44 src1=-1 dst=45 latency=19 rounds=0 penalty=0 borrow=0
t=1116, issue ve node 1983 with op sub src0=211 src1=85 dst=215 latency=7 penalty=0 half=0
t=1117, issue scalar node 2053 with op mul src0=116 src1=6 dst=117 latency=7 penalty=0
t=1117, issue ve node 1986 with op sub src0=212 src1=85 dst=217 latency=7 penalty=0 half=0
t=1118, issue scalar node 2090 with op mul src0=132 src1=6 dst=133 latency=7 penalty=0
t=1118, issue ve node 2017 with op sub src0=228 src1=101 dst=231 latency=7 penalty=0 half=0
t=1119, issue ve node 2020 with op sub src0=229 src1=101 dst=233 latency=7 penalty=0 half=0
t=1119, issue scalar node 1915 with op add_bf16 src0=54 src1=55 dst=57 latency=7 penalty=0
t=1120, issue ve node 2023 with op sub src0=230 src1=101 dst=235 latency=7 penalty=0 half=0
t=1120, issue scalar node 2126 with op add src0=147 src1=146 dst=148 latency=7 penalty=0
t=1121, issue ve node 1778 with op mul src0=107 src1=255 dst=114 latency=7 penalty=0 half=0
t=1121, issue load node 2156 gpr=50 mem=180 latency=3
t=1122, issue sfu node 1847 with op inv src0=30 src1=-1 dst=31 latency=19 rounds=0 penalty=0 borrow=0
t=1122, issue ve node 1775 with op mul src0=111 src1=0 dst=112 latency=7 penalty=0 half=0
t=1123, issue ve node 2198 with op reduce_sum src0=70 src1=-1 dst=178 latency=12 penalty=0
t=1123, issue load node 2158 gpr=51 mem=181 latency=3
t=1124, issue ve node 2157 with op reduce_sum src0=50 src1=-1 dst=160 latency=12 penalty=0
t=1124, issue load node 2160 gpr=52 mem=182 latency=3
t=1125, issue ve node 2054 with op sub src0=246 src1=117 dst=249 latency=7 penalty=0 half=0
t=1125, issue scalar node 1952 with op add_bf16 src0=70 src1=71 dst=73 latency=7 penalty=0
t=1126, issue ve node 2057 with op sub src0=247 src1=117 dst=251 latency=7 penalty=0 half=0
t=1126, issue load node 2195 gpr=69 mem=184 latency=3
t=1127, issue ve node 1782 with op mul src0=109 src1=255 dst=117 latency=7 penalty=0 half=0
t=1127, issue scalar node 1916 with op add_bf16 src0=57 src1=56 dst=58 latency=7 penalty=0
t=1128, issue ve node 2060 with op sub src0=248 src1=117 dst=253 latency=7 penalty=0 half=0
t=1128, issue load node 2193 gpr=68 mem=183 latency=3
t=1129, issue ve node 1776 with op add src0=112 src1=1 dst=113 latency=7 penalty=0 half=0
t=1129, issue scalar node 2127 with op mul src0=148 src1=6 dst=149 latency=7 penalty=0
t=1130, issue ve node 2091 with op sub src0=14 src1=133 dst=17 latency=7 penalty=0 half=0
t=1131, issue ve node 1779 with op mul src0=114 src1=2 dst=115 latency=7 penalty=1 half=0
t=1132, issue scalar node 1953 with op add_bf16 src0=73 src1=72 dst=74 latency=7 penalty=0
t=1132, issue ve node 2159 with op reduce_sum src0=51 src1=-1 dst=161 latency=12 penalty=0
t=1133, issue ve node 1811 with op mul src0=123 src1=15 dst=129 latency=7 penalty=0 half=0
t=1134, issue ve node 1783 with op mul src0=117 src1=4 dst=118 latency=7 penalty=0 half=0
t=1135, issue scalar node 1883 with op mul src0=45 src1=5 dst=46 latency=7 penalty=0
t=1135, issue ve node 1815 with op mul src0=125 src1=15 dst=132 latency=7 penalty=0 half=0
t=1136, issue ve node 1819 with op mul src0=127 src1=15 dst=135 latency=7 penalty=0 half=0
t=1136, issue scalar node 1917 with op mul_bf16_fp16_fp16 src0=58 src1=6 dst=59 latency=7 penalty=0
t=1137, issue ve node 1981 with op square_fp16_fp16_bf16 src0=213 src1=-1 dst=214 latency=7 penalty=0 half=0
t=1138, issue ve node 1984 with op square_fp16_fp16_bf16 src0=215 src1=-1 dst=216 latency=7 penalty=0 half=0
t=1138, issue store node 1777 mem=141 latency=0
t=1139, issue ve node 1780 with op add src0=115 src1=3 dst=116 latency=7 penalty=1 half=0
t=1139, issue scalar node 1954 with op mul_bf16_fp16_fp16 src0=74 src1=6 dst=75 latency=7 penalty=0
t=1140, issue ve node 2161 with op reduce_sum src0=52 src1=-1 dst=162 latency=12 penalty=0
t=1141, issue ve node 1784 with op add src0=118 src1=5 dst=119 latency=7 penalty=0 half=0
t=1142, issue sfu node 1884 with op inv src0=46 src1=-1 dst=47 latency=19 rounds=0 penalty=0 borrow=0
t=1142, issue ve node 1812 with op mul src0=129 src1=0 dst=130 latency=7 penalty=0 half=0
t=1143, issue ve node 1816 with op mul src0=132 src1=2 dst=133 latency=7 penalty=0 half=0
t=1143, issue scalar node 1918 with op add src0=59 src1=4 dst=60 latency=7 penalty=0
t=1144, issue ve node 1982 with op reduce_sum_bf16 src0=214 src1=-1 dst=86 latency=12 penalty=0
t=1144, issue scalar node 2162 with op add src0=160 src1=161 dst=163 latency=7 penalty=0
t=1145, issue ve node 1985 with op reduce_sum_bf16 src0=216 src1=-1 dst=87 latency=12 penalty=0
t=1146, issue ve node 1820 with op mul src0=135 src1=4 dst=136 latency=7 penalty=0 half=0
t=1146, issue scalar node 1955 with op add src0=75 src1=4 dst=76 latency=7 penalty=0
t=1147, issue ve node 1848 with op mul src0=141 src1=31 dst=147 latency=7 penalty=0 half=0
t=1147, issue store node 1781 mem=142 latency=0
t=1148, issue ve node 1852 with op mul src0=143 src1=31 dst=150 latency=7 penalty=0 half=0
t=1149, issue ve node 1813 with op add src0=130 src1=1 dst=131 latency=7 penalty=0 half=0
t=1149, issue store node 1785 mem=143 latency=0
t=1150, issue sfu node 1919 with op sqrt src0=60 src1=-1 dst=61 latency=19 rounds=0 penalty=0 borrow=0
t=1150, issue ve node 1817 with op add src0=133 src1=3 dst=134 latency=7 penalty=0 half=0
t=1151, issue ve node 1856 with op mul src0=145 src1=31 dst=153 latency=7 penalty=0 half=0
t=1151, issue load node 2230 gpr=86 mem=186 latency=3
t=1152, issue ve node 1987 with op square_fp16_fp16_bf16 src0=217 src1=-1 dst=218 latency=7 penalty=0 half=0
t=1152, issue scalar node 2163 with op add src0=163 src1=162 dst=164 latency=7 penalty=0
t=1153, issue sfu node 1956 with op sqrt src0=76 src1=-1 dst=77 latency=19 rounds=0 penalty=0 borrow=0
t=1153, issue ve node 1821 with op add src0=136 src1=5 dst=137 latency=7 penalty=0 half=0
t=1154, issue ve node 1849 with op mul src0=147 src1=0 dst=148 latency=7 penalty=0 half=0
t=1154, issue load node 2232 gpr=87 mem=187 latency=3
t=1155, issue ve node 1853 with op mul src0=150 src1=2 dst=151 latency=7 penalty=1 half=0
t=1155, issue load node 2234 gpr=88 mem=188 latency=3
t=1156, issue store node 1814 mem=144 latency=0
t=1156, issue ve node 2194 with op reduce_sum src0=68 src1=-1 dst=176 latency=12 penalty=0
t=1157, issue scalar node 1989 with op add_bf16 src0=86 src1=87 dst=89 latency=7 penalty=0
t=1157, issue ve node 2018 with op square_fp16_fp16_bf16 src0=231 src1=-1 dst=232 latency=7 penalty=0 half=0
t=1158, issue ve node 1857 with op mul src0=153 src1=4 dst=154 latency=7 penalty=0 half=0
t=1158, issue store node 1818 mem=145 latency=0
t=1159, issue ve node 1988 with op reduce_sum_bf16 src0=218 src1=-1 dst=88 latency=12 penalty=0
t=1159, issue scalar node 2164 with op mul src0=164 src1=6 dst=165 latency=7 penalty=0
t=1160, issue ve node 2094 with op sub src0=15 src1=133 dst=19 latency=7 penalty=0 half=0
t=1160, issue store node 1822 mem=146 latency=0
t=1161, issue ve node 1850 with op add src0=148 src1=1 dst=149 latency=7 penalty=0 half=0
t=1161, issue load node 2269 gpr=105 mem=190 latency=3
t=1162, issue ve node 1885 with op mul src0=159 src1=47 dst=165 latency=7 penalty=0 half=0
t=1162, issue load node 2267 gpr=104 mem=189 latency=3
t=1163, issue ve node 1854 with op add src0=151 src1=3 dst=152 latency=7 penalty=1 half=0
t=1163, issue load node 2271 gpr=106 mem=191 latency=3
t=1164, issue ve node 2019 with op reduce_sum_bf16 src0=232 src1=-1 dst=102 latency=12 penalty=0
t=1165, issue ve node 1858 with op add src0=154 src1=5 dst=155 latency=7 penalty=0 half=0
t=1166, issue ve node 1889 with op mul src0=161 src1=47 dst=168 latency=7 penalty=0 half=0
t=1167, issue ve node 1893 with op mul src0=163 src1=47 dst=171 latency=7 penalty=0 half=0
t=1168, issue ve node 2021 with op square_fp16_fp16_bf16 src0=233 src1=-1 dst=234 latency=7 penalty=0 half=0
t=1169, issue ve node 1886 with op mul src0=165 src1=0 dst=166 latency=7 penalty=0 half=0
t=1170, issue scalar node 1920 with op mul src0=61 src1=5 dst=62 latency=7 penalty=0
t=1170, issue ve node 2024 with op square_fp16_fp16_bf16 src0=235 src1=-1 dst=236 latency=7 penalty=0 half=0
t=1171, issue scalar node 1990 with op add_bf16 src0=89 src1=88 dst=90 latency=7 penalty=0
t=1171, issue ve node 2055 with op square_fp16_fp16_bf16 src0=249 src1=-1 dst=250 latency=7 penalty=0 half=0
t=1172, issue scalar node 1957 with op mul src0=77 src1=5 dst=78 latency=7 penalty=0
t=1172, issue ve node 2058 with op square_fp16_fp16_bf16 src0=251 src1=-1 dst=252 latency=7 penalty=0 half=0
t=1173, issue ve node 2097 with op sub src0=16 src1=133 dst=21 latency=7 penalty=0 half=0
t=1173, issue store node 1851 mem=147 latency=0
t=1174, issue ve node 2128 with op sub src0=32 src1=149 dst=35 latency=7 penalty=0 half=0
t=1174, issue store node 1859 mem=149 latency=0
t=1175, issue ve node 2022 with op reduce_sum_bf16 src0=234 src1=-1 dst=103 latency=12 penalty=0
t=1175, issue store node 1855 mem=148 latency=0
t=1176, issue ve node 2131 with op sub src0=33 src1=149 dst=37 latency=7 penalty=0 half=0
t=1176, issue load node 2304 gpr=122 mem=192 latency=3
t=1177, issue sfu node 1921 with op inv src0=62 src1=-1 dst=63 latency=19 rounds=0 penalty=0 borrow=0
t=1177, issue ve node 2025 with op reduce_sum_bf16 src0=236 src1=-1 dst=104 latency=12 penalty=0
t=1178, issue ve node 2056 with op reduce_sum_bf16 src0=250 src1=-1 dst=118 latency=12 penalty=0
t=1178, issue scalar node 1991 with op mul_bf16_fp16_fp16 src0=90 src1=6 dst=91 latency=7 penalty=0
t=1179, issue sfu node 1958 with op inv src0=78 src1=-1 dst=79 latency=19 rounds=0 penalty=0 borrow=0
t=1179, issue ve node 2059 with op reduce_sum_bf16 src0=252 src1=-1 dst=119 latency=12 penalty=0
t=1180, issue ve node 2134 with op sub src0=34 src1=149 dst=39 latency=7 penalty=0 half=0
t=1180, issue load node 2306 gpr=123 mem=193 latency=3
t=1181, issue ve node 1887 with op add src0=166 src1=1 dst=167 latency=7 penalty=0 half=0
t=1181, issue load node 2308 gpr=124 mem=194 latency=3
t=1182, issue ve node 2165 with op sub src0=50 src1=165 dst=53 latency=7 penalty=0 half=0
t=1183, issue ve node 1890 with op mul src0=168 src1=2 dst=169 latency=7 penalty=0 half=0
t=1184, issue ve node 2168 with op sub src0=51 src1=165 dst=55 latency=7 penalty=0 half=0
t=1185, issue ve node 1894 with op mul src0=171 src1=4 dst=172 latency=7 penalty=0 half=0
t=1185, issue scalar node 1992 with op add src0=91 src1=4 dst=92 latency=7 penalty=0
t=1186, issue ve node 2196 with op reduce_sum src0=69 src1=-1 dst=177 latency=12 penalty=0
t=1187, issue scalar node 2026 with op add_bf16 src0=102 src1=103 dst=105 latency=7 penalty=0
t=1187, issue ve node 2061 with op square_fp16_fp16_bf16 src0=253 src1=-1 dst=254 latency=7 penalty=0 half=0
t=1188, issue ve node 2171 with op sub src0=52 src1=165 dst=57 latency=7 penalty=0 half=0
t=1188, issue store node 1888 mem=150 latency=0
t=1189, issue ve node 2231 with op reduce_sum src0=86 src1=-1 dst=192 latency=12 penalty=0
t=1190, issue ve node 1891 with op add src0=169 src1=3 dst=170 latency=7 penalty=0 half=0
t=1191, issue ve node 2092 with op square_fp16_fp16_bf16 src0=17 src1=-1 dst=18 latency=7 penalty=0 half=0
t=1192, issue sfu node 1993 with op sqrt src0=92 src1=-1 dst=93 latency=19 rounds=0 penalty=0 borrow=0
t=1192, issue ve node 1895 with op add src0=172 src1=5 dst=173 latency=7 penalty=0 half=0
t=1193, issue scalar node 2063 with op add_bf16 src0=118 src1=119 dst=121 latency=7 penalty=0
t=1193, issue ve node 2095 with op square_fp16_fp16_bf16 src0=19 src1=-1 dst=20 latency=7 penalty=0 half=0
t=1194, issue ve node 2062 with op reduce_sum_bf16 src0=254 src1=-1 dst=120 latency=12 penalty=0
t=1194, issue scalar node 2027 with op add_bf16 src0=105 src1=104 dst=106 latency=7 penalty=0
t=1195, issue ve node 2233 with op reduce_sum src0=87 src1=-1 dst=193 latency=12 penalty=0
t=1196, issue ve node 1922 with op mul src0=177 src1=63 dst=183 latency=7 penalty=0 half=0
t=1197, issue ve node 1926 with op mul src0=179 src1=63 dst=186 latency=7 penalty=0 half=0
t=1197, issue store node 1892 mem=151 latency=0
t=1198, issue ve node 2093 with op reduce_sum_bf16 src0=18 src1=-1 dst=134 latency=12 penalty=0
t=1198, issue scalar node 2199 with op add src0=176 src1=177 dst=179 latency=7 penalty=0
t=1199, issue ve node 1930 with op mul src0=181 src1=63 dst=189 latency=7 penalty=0 half=0
t=1200, issue ve node 2096 with op reduce_sum_bf16 src0=20 src1=-1 dst=135 latency=12 penalty=0
t=1200, issue store node 1896 mem=152 latency=0
t=1201, issue ve node 1959 with op mul src0=195 src1=79 dst=201 latency=7 penalty=0 half=0
t=1201, issue scalar node 2028 with op mul_bf16_fp16_fp16 src0=106 src1=6 dst=107 latency=7 penalty=0
t=1202, issue ve node 1963 with op mul src0=197 src1=79 dst=204 latency=7 penalty=0 half=0
t=1202, issue load node 2341 gpr=140 mem=195 latency=3
t=1203, issue ve node 1923 with op mul src0=183 src1=0 dst=184 latency=7 penalty=0 half=0
t=1203, issue load node 2345 gpr=142 mem=197 latency=3
t=1204, issue ve node 1927 with op mul src0=186 src1=2 dst=187 latency=7 penalty=1 half=0
t=1204, issue load node 2343 gpr=141 mem=196 latency=3
t=1205, issue scalar node 2200 with op add src0=179 src1=178 dst=180 latency=7 penalty=0
t=1205, issue ve node 2235 with op reduce_sum src0=88 src1=-1 dst=194 latency=12 penalty=0
t=1206, issue ve node 1931 with op mul src0=189 src1=4 dst=190 latency=7 penalty=0 half=0
t=1206, issue scalar node 2064 with op add_bf16 src0=121 src1=120 dst=122 latency=7 penalty=0
t=1207, issue ve node 1967 with op mul src0=199 src1=79 dst=207 latency=7 penalty=0 half=0
t=1207, issue scalar node 2236 with op add src0=192 src1=193 dst=195 latency=7 penalty=0
t=1208, issue ve node 1960 with op mul src0=201 src1=0 dst=202 latency=7 penalty=0 half=0
t=1208, issue scalar node 2029 with op add src0=107 src1=4 dst=108 latency=7 penalty=0
t=1209, issue ve node 1964 with op mul src0=204 src1=2 dst=205 latency=7 penalty=0 half=0
t=1210, issue ve node 1924 with op add src0=184 src1=1 dst=185 latency=7 penalty=0 half=0
t=1211, issue scalar node 1994 with op mul src0=93 src1=5 dst=94 latency=7 penalty=0
t=1211, issue ve node 2268 with op reduce_sum src0=104 src1=-1 dst=208 latency=12 penalty=0
t=1212, issue ve node 1928 with op add src0=187 src1=3 dst=188 latency=7 penalty=1 half=0
t=1212, issue scalar node 2100 with op add_bf16 src0=134 src1=135 dst=137 latency=7 penalty=0
t=1213, issue scalar node 2065 with op mul_bf16_fp16_fp16 src0=122 src1=6 dst=123 latency=7 penalty=0
t=1213, issue ve node 2270 with op reduce_sum src0=105 src1=-1 dst=209 latency=12 penalty=0
t=1214, issue ve node 1932 with op add src0=190 src1=5 dst=191 latency=7 penalty=0 half=0
t=1214, issue scalar node 2201 with op mul src0=180 src1=6 dst=181 latency=7 penalty=0
t=1215, issue sfu node 2030 with op sqrt src0=108 src1=-1 dst=109 latency=19 rounds=0 penalty=0 borrow=0
t=1215, issue ve node 1961 with op add src0=202 src1=1 dst=203 latency=7 penalty=0 half=0
t=1216, issue ve node 1965 with op add src0=205 src1=3 dst=206 latency=7 penalty=0 half=0
t=1217, issue ve node 1968 with op mul src0=207 src1=4 dst=208 latency=7 penalty=0 half=0
t=1217, issue store node 1925 mem=153 latency=0
t=1218, issue sfu node 1995 with op inv src0=94 src1=-1 dst=95 latency=19 rounds=0 penalty=0 borrow=0
t=1218, issue ve node 2098 with op square_fp16_fp16_bf16 src0=21 src1=-1 dst=22 latency=7 penalty=0 half=0
t=1219, issue ve node 2272 with op reduce_sum src0=106 src1=-1 dst=210 latency=12 penalty=0
t=1219, issue scalar node 2237 with op add src0=195 src1=194 dst=196 latency=7 penalty=0
t=1220, issue scalar node 2066 with op add src0=123 src1=4 dst=124 latency=7 penalty=0
t=1220, issue ve node 2129 with op square_fp16_fp16_bf16 src0=35 src1=-1 dst=36 latency=7 penalty=0 half=0
t=1221, issue ve node 2202 with op sub src0=68 src1=181 dst=71 latency=7 penalty=0 half=0
t=1221, issue store node 1933 mem=155 latency=0
t=1222, issue ve node 2205 with op sub src0=69 src1=181 dst=73 latency=7 penalty=0 half=0
t=1222, issue store node 1929 mem=154 latency=0
t=1223, issue ve node 2208 with op sub src0=70 src1=181 dst=75 latency=7 penalty=0 half=0
t=1223, issue store node 1962 mem=156 latency=0
t=1224, issue ve node 2305 with op reduce_sum src0=122 src1=-1 dst=224 latency=12 penalty=0
t=1225, issue ve node 2099 with op reduce_sum_bf16 src0=22 src1=-1 dst=136 latency=12 penalty=0
t=1225, issue scalar node 2273 with op add src0=208 src1=209 dst=211 latency=7 penalty=0
t=1226, issue scalar node 2238 with op mul src0=196 src1=6 dst=197 latency=7 penalty=0
t=1226, issue ve node 1969 with op add src0=208 src1=5 dst=209 latency=7 penalty=0 half=0
t=1227, issue sfu node 2067 with op sqrt src0=124 src1=-1 dst=125 latency=19 rounds=0 penalty=0 borrow=0
t=1227, issue ve node 2130 with op reduce_sum_bf16 src0=36 src1=-1 dst=150 latency=12 penalty=0
t=1228, issue ve node 2307 with op reduce_sum src0=123 src1=-1 dst=225 latency=12 penalty=0
t=1228, issue store node 1966 mem=157 latency=0
t=1229, issue ve node 2309 with op reduce_sum src0=124 src1=-1 dst=226 latency=12 penalty=0
t=1230, issue ve node 2132 with op square_fp16_fp16_bf16 src0=37 src1=-1 dst=38 latency=7 penalty=0 half=0
t=1231, issue ve node 2342 with op reduce_sum src0=140 src1=-1 dst=240 latency=12 penalty=0
t=1232, issue ve node 2135 with op square_fp16_fp16_bf16 src0=39 src1=-1 dst=40 latency=7 penalty=0 half=0
t=1232, issue scalar node 2274 with op add src0=211 src1=210 dst=212 latency=7 penalty=0
t=1233, issue ve node 2239 with op sub src0=86 src1=197 dst=89 latency=7 penalty=0 half=0
t=1233, issue store node 1970 mem=158 latency=0
t=1234, issue ve node 2242 with op sub src0=87 src1=197 dst=91 latency=7 penalty=0 half=0
t=1235, issue scalar node 2031 with op mul src0=109 src1=5 dst=110 latency=7 penalty=0
t=1235, issue ve node 2344 with op reduce_sum src0=141 src1=-1 dst=241 latency=12 penalty=0
t=1236, issue ve node 2346 with op reduce_sum src0=142 src1=-1 dst=242 latency=12 penalty=0
t=1237, issue ve node 2133 with op reduce_sum_bf16 src0=38 src1=-1 dst=151 latency=12 penalty=0
t=1237, issue scalar node 2101 with op add_bf16 src0=137 src1=136 dst=138 latency=7 penalty=0
t=1238, issue ve node 1996 with op mul src0=213 src1=95 dst=219 latency=7 penalty=0 half=0
t=1239, issue ve node 2136 with op reduce_sum_bf16 src0=40 src1=-1 dst=152 latency=12 penalty=0
t=1240, issue ve node 2000 with op mul src0=215 src1=95 dst=222 latency=7 penalty=0 half=0
t=1240, issue scalar node 2310 with op add src0=224 src1=225 dst=227 latency=7 penalty=0
t=1241, issue ve node 2004 with op mul src0=217 src1=95 dst=225 latency=7 penalty=0 half=0
t=1241, issue scalar node 2275 with op mul src0=212 src1=6 dst=213 latency=7 penalty=0
t=1242, issue sfu node 2032 with op inv src0=110 src1=-1 dst=111 latency=19 rounds=0 penalty=0 borrow=0
t=1242, issue ve node 2166 with op square_fp16_fp16_bf16 src0=53 src1=-1 dst=54 latency=7 penalty=0 half=0
t=1243, issue ve node 2245 with op sub src0=88 src1=197 dst=93 latency=7 penalty=0 half=0
t=1244, issue scalar node 2102 with op mul_bf16_fp16_fp16 src0=138 src1=6 dst=139 latency=7 penalty=0
t=1244, issue ve node 2169 with op square_fp16_fp16_bf16 src0=55 src1=-1 dst=56 latency=7 penalty=0 half=0
t=1245, issue ve node 1997 with op mul src0=219 src1=0 dst=220 latency=7 penalty=0 half=0
t=1246, issue scalar node 2068 with op mul src0=125 src1=5 dst=126 latency=7 penalty=0
t=1246, issue ve node 2172 with op square_fp16_fp16_bf16 src0=57 src1=-1 dst=58 latency=7 penalty=0 half=0
t=1247, issue ve node 2001 with op mul src0=222 src1=2 dst=223 latency=7 penalty=1 half=0
t=1247, issue scalar node 2311 with op add src0=227 src1=226 dst=228 latency=7 penalty=0
t=1248, issue scalar node 2347 with op add src0=240 src1=241 dst=243 latency=7 penalty=0
t=1249, issue ve node 2167 with op reduce_sum_bf16 src0=54 src1=-1 dst=166 latency=12 penalty=0
t=1249, issue scalar node 2137 with op add_bf16 src0=150 src1=151 dst=153 latency=7 penalty=0
t=1250, issue ve node 2276 with op sub src0=104 src1=213 dst=107 latency=7 penalty=0 half=0
t=1251, issue ve node 2170 with op reduce_sum_bf16 src0=56 src1=-1 dst=167 latency=12 penalty=0
t=1251, issue scalar node 2103 with op add src0=139 src1=4 dst=140 latency=7 penalty=0
t=1252, issue ve node 1998 with op add src0=220 src1=1 dst=221 latency=7 penalty=0 half=0
t=1253, issue sfu node 2069 with op inv src0=126 src1=-1 dst=127 latency=19 rounds=0 penalty=0 borrow=0
t=1253, issue ve node 2173 with op reduce_sum_bf16 src0=58 src1=-1 dst=168 latency=12 penalty=0
t=1254, issue ve node 2279 with op sub src0=105 src1=213 dst=109 latency=7 penalty=0 half=0
t=1254, issue scalar node 2312 with op mul src0=228 src1=6 dst=229 latency=7 penalty=0
t=1255, issue ve node 2002 with op add src0=223 src1=3 dst=224 latency=7 penalty=1 half=0
t=1255, issue scalar node 2348 with op add src0=243 src1=242 dst=244 latency=7 penalty=0
t=1256, issue scalar node 2138 with op add_bf16 src0=153 src1=152 dst=154 latency=7 penalty=0
t=1257, issue ve node 2005 with op mul src0=225 src1=4 dst=226 latency=7 penalty=0 half=0
t=1258, issue sfu node 2104 with op sqrt src0=140 src1=-1 dst=141 latency=19 rounds=0 penalty=0 borrow=0
t=1258, issue ve node 2203 with op square_fp16_fp16_bf16 src0=71 src1=-1 dst=72 latency=7 penalty=0 half=0
t=1259, issue ve node 2282 with op sub src0=106 src1=213 dst=111 latency=7 penalty=0 half=0
t=1259, issue store node 1999 mem=159 latency=0
t=1260, issue ve node 2206 with op square_fp16_fp16_bf16 src0=73 src1=-1 dst=74 latency=7 penalty=0 half=0
t=1261, issue ve node 2033 with op mul src0=231 src1=111 dst=237 latency=7 penalty=0 half=0
t=1262, issue ve node 2037 with op mul src0=233 src1=111 dst=240 latency=7 penalty=0 half=0
t=1262, issue scalar node 2349 with op mul src0=244 src1=6 dst=245 latency=7 penalty=0
t=1263, issue ve node 2041 with op mul src0=235 src1=111 dst=243 latency=7 penalty=0 half=0
t=1263, issue scalar node 2139 with op mul_bf16_fp16_fp16 src0=154 src1=6 dst=155 latency=7 penalty=0
t=1264, issue ve node 2006 with op add src0=226 src1=5 dst=227 latency=7 penalty=0 half=0
t=1264, issue scalar node 2174 with op add_bf16 src0=166 src1=167 dst=169 latency=7 penalty=0
t=1265, issue ve node 2204 with op reduce_sum_bf16 src0=72 src1=-1 dst=182 latency=12 penalty=0
t=1266, issue ve node 2209 with op square_fp16_fp16_bf16 src0=75 src1=-1 dst=76 latency=7 penalty=0 half=0
t=1266, issue store node 2003 mem=160 latency=0
t=1267, issue ve node 2207 with op reduce_sum_bf16 src0=74 src1=-1 dst=183 latency=12 penalty=0
t=1268, issue ve node 2313 with op sub src0=122 src1=229 dst=125 latency=7 penalty=0 half=0
t=1269, issue ve node 2034 with op mul src0=237 src1=0 dst=238 latency=7 penalty=0 half=0
t=1270, issue ve node 2038 with op mul src0=240 src1=2 dst=241 latency=7 penalty=0 half=0
t=1270, issue scalar node 2140 with op add src0=155 src1=4 dst=156 latency=7 penalty=0
t=1271, issue ve node 2042 with op mul src0=243 src1=4 dst=244 latency=7 penalty=0 half=0
t=1271, issue scalar node 2175 with op add_bf16 src0=169 src1=168 dst=170 latency=7 penalty=0
t=1272, issue ve node 2070 with op mul src0=249 src1=127 dst=255 latency=7 penalty=0 half=0
t=1272, issue store node 2007 mem=161 latency=0
t=1273, issue ve node 2210 with op reduce_sum_bf16 src0=76 src1=-1 dst=184 latency=12 penalty=0
t=1274, issue ve node 2074 with op mul src0=251 src1=127 dst=8 latency=7 penalty=0 half=0
t=1275, issue ve node 2078 with op mul src0=253 src1=127 dst=11 latency=7 penalty=0 half=0
t=1276, issue ve node 2035 with op add src0=238 src1=1 dst=239 latency=7 penalty=0 half=0
t=1277, issue scalar node 2105 with op mul src0=141 src1=5 dst=142 latency=7 penalty=0
t=1277, issue sfu node 2141 with op sqrt src0=156 src1=-1 dst=157 latency=19 rounds=0 penalty=0 borrow=0
t=1278, issue ve node 2039 with op add src0=241 src1=3 dst=242 latency=7 penalty=0 half=0
t=1278, issue scalar node 2176 with op mul_bf16_fp16_fp16 src0=170 src1=6 dst=171 latency=7 penalty=0
t=1279, issue ve node 2043 with op add src0=244 src1=5 dst=245 latency=7 penalty=0 half=0
t=1279, issue scalar node 2211 with op add_bf16 src0=182 src1=183 dst=185 latency=7 penalty=0
t=1280, issue ve node 2071 with op mul src0=255 src1=0 dst=6 latency=7 penalty=0 half=0
t=1281, issue ve node 2075 with op mul src0=8 src1=2 dst=9 latency=7 penalty=0 half=0
t=1282, issue ve node 2079 with op mul src0=11 src1=4 dst=12 latency=7 penalty=0 half=0
t=1283, issue ve node 2240 with op square_fp16_fp16_bf16 src0=89 src1=-1 dst=90 latency=7 penalty=0 half=0
t=1283, issue store node 2036 mem=162 latency=0
t=1284, issue sfu node 2106 with op inv src0=142 src1=-1 dst=143 latency=19 rounds=0 penalty=0 borrow=0
t=1284, issue ve node 2316 with op sub src0=123 src1=229 dst=127 latency=7 penalty=0 half=0
t=1285, issue scalar node 2177 with op add src0=171 src1=4 dst=172 latency=7 penalty=0
t=1285, issue ve node 2243 with op square_fp16_fp16_bf16 src0=91 src1=-1 dst=92 latency=7 penalty=0 half=0
t=1286, issue scalar node 2212 with op add_bf16 src0=185 src1=184 dst=186 latency=7 penalty=0
t=1286, issue ve node 2246 with op square_fp16_fp16_bf16 src0=93 src1=-1 dst=94 latency=7 penalty=0 half=0
t=1287, issue ve node 2319 with op sub src0=124 src1=229 dst=129 latency=7 penalty=0 half=0
t=1287, issue store node 2040 mem=163 latency=0
t=1288, issue ve node 2350 with op sub src0=140 src1=245 dst=143 latency=7 penalty=0 half=0
t=1288, issue store node 2044 mem=164 latency=0
t=1289, issue ve node 2353 with op sub src0=141 src1=245 dst=145 latency=7 penalty=0 half=0
t=1290, issue ve node 2241 with op reduce_sum_bf16 src0=90 src1=-1 dst=198 latency=12 penalty=0
t=1291, issue ve node 2072 with op add src0=6 src1=1 dst=7 latency=7 penalty=0 half=0
t=1292, issue sfu node 2178 with op sqrt src0=172 src1=-1 dst=173 latency=19 rounds=0 penalty=0 borrow=0
t=1292, issue ve node 2244 with op reduce_sum_bf16 src0=92 src1=-1 dst=199 latency=12 penalty=0
t=1293, issue ve node 2247 with op reduce_sum_bf16 src0=94 src1=-1 dst=200 latency=12 penalty=0
t=1293, issue scalar node 2213 with op mul_bf16_fp16_fp16 src0=186 src1=6 dst=187 latency=7 penalty=0
t=1294, issue ve node 2076 with op add src0=9 src1=3 dst=10 latency=7 penalty=0 half=0
t=1295, issue ve node 2080 with op add src0=12 src1=5 dst=13 latency=7 penalty=0 half=0
t=1296, issue scalar node 2142 with op mul src0=157 src1=5 dst=158 latency=7 penalty=0
t=1296, issue ve node 2277 with op square_fp16_fp16_bf16 src0=107 src1=-1 dst=108 latency=7 penalty=0 half=0
t=1297, issue ve node 2356 with op sub src0=142 src1=245 dst=147 latency=7 penalty=0 half=0
t=1298, issue ve node 2280 with op square_fp16_fp16_bf16 src0=109 src1=-1 dst=110 latency=7 penalty=0 half=0
t=1298, issue store node 2073 mem=165 latency=0
t=1299, issue ve node 2283 with op square_fp16_fp16_bf16 src0=111 src1=-1 dst=112 latency=7 penalty=0 half=0
t=1300, issue scalar node 2214 with op add src0=187 src1=4 dst=188 latency=7 penalty=0
t=1300, issue ve node 2314 with op square_fp16_fp16_bf16 src0=125 src1=-1 dst=126 latency=7 penalty=0 half=0
t=1301, issue ve node 2317 with op square_fp16_fp16_bf16 src0=127 src1=-1 dst=128 latency=7 penalty=0 half=0
t=1301, issue store node 2077 mem=166 latency=0
t=1302, issue ve node 2320 with op square_fp16_fp16_bf16 src0=129 src1=-1 dst=130 latency=7 penalty=0 half=0
t=1303, issue sfu node 2143 with op inv src0=158 src1=-1 dst=159 latency=19 rounds=0 penalty=0 borrow=0
t=1303, issue ve node 2278 with op reduce_sum_bf16 src0=108 src1=-1 dst=214 latency=12 penalty=0
t=1304, issue ve node 2107 with op mul src0=17 src1=143 dst=23 latency=7 penalty=0 half=0
t=1305, issue ve node 2281 with op reduce_sum_bf16 src0=110 src1=-1 dst=215 latency=12 penalty=0
t=1305, issue scalar node 2248 with op add_bf16 src0=198 src1=199 dst=201 latency=7 penalty=0
t=1306, issue ve node 2284 with op reduce_sum_bf16 src0=112 src1=-1 dst=216 latency=12 penalty=0
t=1306, issue store node 2081 mem=167 latency=0
t=1307, issue sfu node 2215 with op sqrt src0=188 src1=-1 dst=189 latency=19 rounds=0 penalty=0 borrow=0
t=1307, issue ve node 2315 with op reduce_sum_bf16 src0=126 src1=-1 dst=230 latency=12 penalty=0
t=1308, issue ve node 2318 with op reduce_sum_bf16 src0=128 src1=-1 dst=231 latency=12 penalty=0
t=1309, issue ve node 2321 with op reduce_sum_bf16 src0=130 src1=-1 dst=232 latency=12 penalty=0
t=1310, issue ve node 2111 with op mul src0=19 src1=143 dst=26 latency=7 penalty=0 half=0
t=1311, issue scalar node 2179 with op mul src0=173 src1=5 dst=174 latency=7 penalty=0
t=1311, issue ve node 2108 with op mul src0=23 src1=0 dst=24 latency=7 penalty=0 half=0
t=1312, issue ve node 2115 with op mul src0=21 src1=143 dst=29 latency=7 penalty=0 half=0
t=1313, issue scalar node 2249 with op add_bf16 src0=201 src1=200 dst=202 latency=7 penalty=0
t=1313, issue ve node 2351 with op square_fp16_fp16_bf16 src0=143 src1=-1 dst=144 latency=7 penalty=0 half=0
t=1314, issue ve node 2354 with op square_fp16_fp16_bf16 src0=145 src1=-1 dst=146 latency=7 penalty=0 half=0
t=1315, issue ve node 2357 with op square_fp16_fp16_bf16 src0=147 src1=-1 dst=148 latency=7 penalty=0 half=0
t=1317, issue ve node 2112 with op mul src0=26 src1=2 dst=27 latency=7 penalty=1 half=0
t=1317, issue scalar node 2285 with op add_bf16 src0=214 src1=215 dst=217 latency=7 penalty=0
t=1318, issue sfu node 2180 with op inv src0=174 src1=-1 dst=175 latency=19 rounds=0 penalty=0 borrow=0
t=1319, issue ve node 2109 with op add src0=24 src1=1 dst=25 latency=7 penalty=0 half=0
t=1320, issue ve node 2352 with op reduce_sum_bf16 src0=144 src1=-1 dst=246 latency=12 penalty=0
t=1320, issue scalar node 2250 with op mul_bf16_fp16_fp16 src0=202 src1=6 dst=203 latency=7 penalty=0
t=1321, issue ve node 2355 with op reduce_sum_bf16 src0=146 src1=-1 dst=247 latency=12 penalty=0
t=1321, issue scalar node 2322 with op add_bf16 src0=230 src1=231 dst=233 latency=7 penalty=0
t=1322, issue ve node 2358 with op reduce_sum_bf16 src0=148 src1=-1 dst=248 latency=12 penalty=0
t=1323, issue ve node 2116 with op mul src0=29 src1=4 dst=30 latency=7 penalty=0 half=0
t=1324, issue ve node 2144 with op mul src0=35 src1=159 dst=41 latency=7 penalty=0 half=0
t=1324, issue scalar node 2286 with op add_bf16 src0=217 src1=216 dst=218 latency=7 penalty=0
t=1325, issue ve node 2113 with op add src0=27 src1=3 dst=28 latency=7 penalty=1 half=0
t=1326, issue scalar node 2216 with op mul src0=189 src1=5 dst=190 latency=7 penalty=0
t=1326, issue store node 2110 mem=168 latency=0
t=1327, issue ve node 2148 with op mul src0=37 src1=159 dst=44 latency=7 penalty=0 half=0
t=1328, issue ve node 2152 with op mul src0=39 src1=159 dst=47 latency=7 penalty=0 half=0
t=1328, issue scalar node 2323 with op add_bf16 src0=233 src1=232 dst=234 latency=7 penalty=0
t=1329, issue scalar node 2251 with op add src0=203 src1=4 dst=204 latency=7 penalty=0
t=1330, issue ve node 2117 with op add src0=30 src1=5 dst=31 latency=7 penalty=0 half=0
t=1331, issue ve node 2145 with op mul src0=41 src1=0 dst=42 latency=7 penalty=0 half=0
t=1331, issue scalar node 2287 with op mul_bf16_fp16_fp16 src0=218 src1=6 dst=219 latency=7 penalty=0
t=1333, issue sfu node 2217 with op inv src0=190 src1=-1 dst=191 latency=19 rounds=0 penalty=0 borrow=0
t=1333, issue store node 2114 mem=169 latency=0
t=1334, issue ve node 2149 with op mul src0=44 src1=2 dst=45 latency=7 penalty=0 half=0
t=1334, issue scalar node 2359 with op add_bf16 src0=246 src1=247 dst=249 latency=7 penalty=0
t=1335, issue ve node 2153 with op mul src0=47 src1=4 dst=48 latency=7 penalty=0 half=0
t=1335, issue scalar node 2324 with op mul_bf16_fp16_fp16 src0=234 src1=6 dst=235 latency=7 penalty=0
t=1336, issue sfu node 2252 with op sqrt src0=204 src1=-1 dst=205 latency=19 rounds=0 penalty=0 borrow=0
t=1337, issue ve node 2181 with op mul src0=53 src1=175 dst=59 latency=7 penalty=0 half=0
t=1337, issue store node 2118 mem=170 latency=0
t=1338, issue ve node 2146 with op add src0=42 src1=1 dst=43 latency=7 penalty=0 half=0
t=1338, issue scalar node 2288 with op add src0=219 src1=4 dst=220 latency=7 penalty=0
t=1339, issue ve node 2185 with op mul src0=55 src1=175 dst=62 latency=7 penalty=0 half=0
t=1340, issue ve node 2189 with op mul src0=57 src1=175 dst=65 latency=7 penalty=0 half=0
t=1341, issue ve node 2150 with op add src0=45 src1=3 dst=46 latency=7 penalty=0 half=0
t=1341, issue scalar node 2360 with op add_bf16 src0=249 src1=248 dst=250 latency=7 penalty=0
t=1342, issue ve node 2154 with op add src0=48 src1=5 dst=49 latency=7 penalty=0 half=0
t=1342, issue scalar node 2325 with op add src0=235 src1=4 dst=236 latency=7 penalty=0
t=1344, issue ve node 2182 with op mul src0=59 src1=0 dst=60 latency=7 penalty=0 half=0
t=1345, issue sfu node 2289 with op sqrt src0=220 src1=-1 dst=221 latency=19 rounds=0 penalty=0 borrow=0
t=1345, issue store node 2147 mem=171 latency=0
t=1346, issue ve node 2186 with op mul src0=62 src1=2 dst=63 latency=7 penalty=1 half=0
t=1348, issue ve node 2190 with op mul src0=65 src1=4 dst=66 latency=7 penalty=0 half=0
t=1348, issue scalar node 2361 with op mul_bf16_fp16_fp16 src0=250 src1=6 dst=251 latency=7 penalty=0
t=1349, issue sfu node 2326 with op sqrt src0=236 src1=-1 dst=237 latency=19 rounds=0 penalty=0 borrow=0
t=1349, issue store node 2151 mem=172 latency=0
t=1350, issue store node 2155 mem=173 latency=0
t=1351, issue ve node 2183 with op add src0=60 src1=1 dst=61 latency=7 penalty=0 half=0
t=1352, issue ve node 2218 with op mul src0=71 src1=191 dst=77 latency=7 penalty=0 half=0
t=1353, issue ve node 2222 with op mul src0=73 src1=191 dst=80 latency=7 penalty=0 half=0
t=1354, issue ve node 2187 with op add src0=63 src1=3 dst=64 latency=7 penalty=1 half=0
t=1355, issue scalar node 2253 with op mul src0=205 src1=5 dst=206 latency=7 penalty=0
t=1356, issue ve node 2191 with op add src0=66 src1=5 dst=67 latency=7 penalty=0 half=0
t=1356, issue scalar node 2362 with op add src0=251 src1=4 dst=252 latency=7 penalty=0
t=1357, issue ve node 2226 with op mul src0=75 src1=191 dst=83 latency=7 penalty=0 half=0
t=1358, issue store node 2184 mem=174 latency=0
t=1359, issue ve node 2219 with op mul src0=77 src1=0 dst=78 latency=7 penalty=0 half=0
t=1360, issue ve node 2223 with op mul src0=80 src1=2 dst=81 latency=7 penalty=0 half=0
t=1362, issue sfu node 2254 with op inv src0=206 src1=-1 dst=207 latency=19 rounds=0 penalty=0 borrow=0
t=1362, issue store node 2188 mem=175 latency=0
t=1363, issue sfu node 2363 with op sqrt src0=252 src1=-1 dst=253 latency=19 rounds=0 penalty=0 borrow=0
t=1363, issue store node 2192 mem=176 latency=0
t=1364, issue scalar node 2290 with op mul src0=221 src1=5 dst=222 latency=7 penalty=0
t=1364, issue ve node 2227 with op mul src0=83 src1=4 dst=84 latency=7 penalty=0 half=0
t=1366, issue ve node 2220 with op add src0=78 src1=1 dst=79 latency=7 penalty=0 half=0
t=1367, issue ve node 2224 with op add src0=81 src1=3 dst=82 latency=7 penalty=0 half=0
t=1368, issue scalar node 2327 with op mul src0=237 src1=5 dst=238 latency=7 penalty=0
t=1371, issue sfu node 2291 with op inv src0=222 src1=-1 dst=223 latency=19 rounds=0 penalty=0 borrow=0
t=1371, issue ve node 2228 with op add src0=84 src1=5 dst=85 latency=7 penalty=0 half=0
t=1373, issue store node 2221 mem=177 latency=0
t=1374, issue store node 2225 mem=178 latency=0
t=1375, issue sfu node 2328 with op inv src0=238 src1=-1 dst=239 latency=19 rounds=0 penalty=0 borrow=0
t=1378, issue store node 2229 mem=179 latency=0
t=1381, issue ve node 2255 with op mul src0=89 src1=207 dst=95 latency=7 penalty=0 half=0
t=1382, issue scalar node 2364 with op mul src0=253 src1=5 dst=254 latency=7 penalty=0
t=1382, issue ve node 2259 with op mul src0=91 src1=207 dst=98 latency=7 penalty=0 half=0
t=1383, issue ve node 2263 with op mul src0=93 src1=207 dst=101 latency=7 penalty=0 half=0
t=1388, issue ve node 2256 with op mul src0=95 src1=0 dst=96 latency=7 penalty=0 half=0
t=1389, issue sfu node 2365 with op inv src0=254 src1=-1 dst=255 latency=19 rounds=0 penalty=0 borrow=0
t=1389, issue ve node 2260 with op mul src0=98 src1=2 dst=99 latency=7 penalty=1 half=0
t=1391, issue ve node 2264 with op mul src0=101 src1=4 dst=102 latency=7 penalty=0 half=0
t=1392, issue ve node 2292 with op mul src0=107 src1=223 dst=113 latency=7 penalty=0 half=0
t=1393, issue ve node 2296 with op mul src0=109 src1=223 dst=116 latency=7 penalty=0 half=0
t=1394, issue ve node 2300 with op mul src0=111 src1=223 dst=119 latency=7 penalty=0 half=0
t=1395, issue ve node 2257 with op add src0=96 src1=1 dst=97 latency=7 penalty=0 half=0
t=1396, issue ve node 2329 with op mul src0=125 src1=239 dst=131 latency=7 penalty=0 half=0
t=1397, issue ve node 2261 with op add src0=99 src1=3 dst=100 latency=7 penalty=1 half=0
t=1399, issue ve node 2265 with op add src0=102 src1=5 dst=103 latency=7 penalty=0 half=0
t=1400, issue ve node 2293 with op mul src0=113 src1=0 dst=114 latency=7 penalty=0 half=0
t=1401, issue ve node 2297 with op mul src0=116 src1=2 dst=117 latency=7 penalty=0 half=0
t=1402, issue ve node 2301 with op mul src0=119 src1=4 dst=120 latency=7 penalty=0 half=0
t=1402, issue store node 2258 mem=180 latency=0
t=1403, issue ve node 2330 with op mul src0=131 src1=0 dst=132 latency=7 penalty=0 half=0
t=1404, issue ve node 2333 with op mul src0=127 src1=239 dst=134 latency=7 penalty=0 half=0
t=1405, issue ve node 2337 with op mul src0=129 src1=239 dst=137 latency=7 penalty=0 half=0
t=1405, issue store node 2262 mem=181 latency=0
t=1406, issue store node 2266 mem=182 latency=0
t=1407, issue ve node 2294 with op add src0=114 src1=1 dst=115 latency=7 penalty=0 half=0
t=1408, issue ve node 2298 with op add src0=117 src1=3 dst=118 latency=7 penalty=0 half=0
t=1409, issue ve node 2302 with op add src0=120 src1=5 dst=121 latency=7 penalty=0 half=0
t=1410, issue ve node 2331 with op add src0=132 src1=1 dst=133 latency=7 penalty=0 half=0
t=1411, issue ve node 2334 with op mul src0=134 src1=2 dst=135 latency=7 penalty=1 half=0
t=1413, issue ve node 2338 with op mul src0=137 src1=4 dst=138 latency=7 penalty=0 half=0
t=1414, issue ve node 2366 with op mul src0=143 src1=255 dst=149 latency=7 penalty=0 half=0
t=1415, issue ve node 2370 with op mul src0=145 src1=255 dst=152 latency=7 penalty=0 half=0
t=1415, issue store node 2295 mem=183 latency=0
t=1416, issue ve node 2374 with op mul src0=147 src1=255 dst=155 latency=7 penalty=0 half=0
t=1416, issue store node 2299 mem=184 latency=0
t=1417, issue store node 2303 mem=185 latency=0
t=1418, issue store node 2332 mem=186 latency=0
t=1419, issue ve node 2335 with op add src0=135 src1=3 dst=136 latency=7 penalty=1 half=0
t=1421, issue ve node 2339 with op add src0=138 src1=5 dst=139 latency=7 penalty=0 half=0
t=1422, issue ve node 2367 with op mul src0=149 src1=0 dst=150 latency=7 penalty=0 half=0
t=1423, issue ve node 2371 with op mul src0=152 src1=2 dst=153 latency=7 penalty=0 half=0
t=1424, issue ve node 2375 with op mul src0=155 src1=4 dst=156 latency=7 penalty=0 half=0
t=1427, issue store node 2336 mem=187 latency=0
t=1428, issue store node 2340 mem=188 latency=0
t=1429, issue ve node 2368 with op add src0=150 src1=1 dst=151 latency=7 penalty=0 half=0
t=1430, issue ve node 2372 with op add src0=153 src1=3 dst=154 latency=7 penalty=0 half=0
t=1431, issue ve node 2376 with op add src0=156 src1=5 dst=157 latency=7 penalty=0 half=0
t=1436, issue store node 2369 mem=189 latency=0
t=1437, issue store node 2373 mem=190 latency=0
t=1438, issue store node 2377 mem=191 latency=0
调度完成，周期数 = 1440
统计已完成，结果已输出到 /Users/maghu/Desktop/work at school/compress/compress-vliw/analysis_output_issue2_174_priority/final_selected/layernorm_x64_y768_mode0_window8_latencyperformance.txt
Saved VE usage to: /Users/maghu/Desktop/work at school/compress/compress-vliw/analysis_output_issue2_174_priority/final_selected/layernorm_x64_y768_mode0_window8_latency/ve_usage.csv
Saved SFU usage to: /Users/maghu/Desktop/work at school/compress/compress-vliw/analysis_output_issue2_174_priority/final_selected/layernorm_x64_y768_mode0_window8_latency/sfu_usage.csv
