0000000060000000000000000000000000000000000
00000200e0000000000000000000000000000000000
0000040160000000000000000000000000000000000
00000601e0000000000000000000000000000000000
0000080260000000000000000000000000000000000
00000a02e0000000000000000000000000000000000
00000c0360000000000000000000000000000000000
00000e03e0000000000000000000000000000000000
0000100460000000000000000000000000000000000
00001204e0000000000000000000000000000000000
0000140560000000000000000000000000000000000
00001605e0000000000000000000000000000000000
0000180660000000000000000000000000000000000
00001a06e0000000004000029600000000000000000
00001c076000000000404002d600000000000000000
00001e1460000000004080031600000000000000000
00002014e00000000040c0035600000000000000000
0000221560000000004100039600000000000000000
00002415e00000000046000a1600000000000000000
00002616600000000046400a5600000000000000000
00002823600000000046800a9600000000000000000
00002a23e00000000046c00ad600000000000000000
00002c24600000000047000b1600000000000000000
00002e24e0000000004c00119600000000000000000
0000302560000000004c4011d600000000000000000
0000323260000000004c80121600000000000000000
00003432e0000000004cc0125600501001000000000
0000363360000000004d00129600000000000000000
00003833e0000000005200191600603021000000000
00003a3460000000005240195600000000000000000
00003c4160000000005280199600000000000000000
00003e41e00000000052c019d601d19181000000000
00004042600000000053001a1600000000000000000
00004242e0000000005800209601e1b1a1000000000
000044436000000000584020d600000000000000000
0000465060000000005880211600706051000000000
00004850e00000000058c0215603531301000000000
00004a5160000000005900219600000000000000000
00004c51e0000000005e00281603633321000000000
00004e5260000000005e40285600000000000000000
0000505f60000000005e80289601f1e1d1000000000
0000525fe0000000005ec028d604d49481000000000
0000546060000000005f00291600000000000000000
00005660e00000000064002f9604e4b4a1000000000
00005861600000000064402fd600804071000000000
00005a6e60000000006480301603736351000000000
00005c6ee00000000064c0305606561601000000000
00005e6f60000000006500309600000000000000000
0000606fe0000000006a00371606663621000000000
0000627060000000006a4037560201c1f1000000000
0000000000000000006a80379604f4e4d1000000000
0000000000000000006ac037d620906080800000000
0000000000000000006b00381607d79781000000000
0000000000000000000000000007e7b7a1000000000
0000000000000000000000000003834371000000000
0000000000000000000000000006766651000000000
0000000000000000000000000022106200800000000
0000000000000000000000000009591901000000000
00000000000000000083c242860504c4f1000000000
000000000000000000844242c609693921000000000
00000000000000000084c2430600000000000000000
0000000000000000008542434623906380800000000
00000000000000000085c2438606864671000000000
0000000000000000008b484a060aeabaa1000000000
0000000000000000008bc84a4600000000000000000
000000000000000000440003dc25106500800000000
0000000000000000004480045c07f7e7d1000000000
000000000000000000450004dc09796951000000000
0000000000000000004580055c0ada9a81000000000
000000000000000000460005dc26906680800000000
0000000000000000004b800b5c00000000000000000
0000000000000000004c000bdc00000000000000000
0000000000000000004280041a00000000000000000
00000000000000000042c0049a0807c7f1000000000
0000000000000000004300051a09894971000000000
0000000000000000004340059a0afaead1000000000
0000000000000000004380061a00000000000000000
00000000000000000048800b9a00000000000000000
00000000000000000048c00c1a00000000000000000
0000000000000000008c484a8600000000000000000
0000000000000000008cc84ac600000000000000000
0000000000000000008d484b0628106800800000000
00000000000000000092ce518629906980800000000
000000000000000000934e51c60b0acaf1000000000
00000000000000000093ce520600000000000000000
000000000000000000944e524600f0b0a5800000000
0000000000000000004c800c5c00000000000000000
0000000000000000004d000cdc0100d0c5800000000
0000000000000000004d800d5c00000000000000000
000000000000000000530012dc00000000000000000
0000000000000000005380135c02723225800000000
000000000000000000540013dc2b106b00800000000
0000000000000000005480145c00000000000000000
00000000000000000049000c9a00000000000000000
00000000000000000049400d1a011100f5800000000
00000000000000000049800d9a00000000000000000
0000000000000000004e80131a00000000000000000
0000000000000000004ec0139a00000000000000000
0000000000000000004f00141a00000000000000000
0000000000000000004f40149a00000000000000000
00000000000000000094ce528600000000000000000
0000000000000000009a54590600000000000000000
000000000000000000000000000120e115800000000
0000000000000000009ad4594600000000000000000
0000000000000000009b54598600000000000000000
0000000000000000009bd459c600000000000000000
0000000000000000000000000002825245800000000
000000000000000000550014dc00000000000000000
0000000000000000005a801a5c00000000000000000
0000000000000000009c545a0621306127800000000
0000000000000000005b001adc03f3b3a5800000000
0000000000000000005b801b5c0403d3c5800000000
0000000000000000005c001bdc00000000000000000
000000000000000000a1da608602928275800000000
0000000000000000004f80151a00000000000000000
00000000000000000054801a9a00000000000000000
0000000000000000005c801c5c21404131000000000
00000000000000000054c01b1a00000000000000000
00000000000000000055001b9a041403f5800000000
00000000000000000055401c1a00000000000000000
000000000000000000620021dc00000000000000000
0000000000000000000000000002a26295800000000
000000000000000000a25a60c600000000000000000
00000000000000000055801c9a00000000005450004
000000000000000000a2da610600000000000000000
000000000000000000a35a614600000000000000000
000000000000000000000000000423e415800000000
0000000000000000005a80221a00000000000000000
000000000000000000a3da618622b062a7800000000
0000000000000000006280225c05753525800000000
000000000000000000a960680600000000000000000
000000000000000000630022dc05855545800000000
0000000000000000006380235c00000000000000000
000000000000000000a9e0684624306427800000000
000000000000000000aa60688600000000000000000
000000000000000000640023dc22c042b1000000000
0000000000000000005ac0229a00000000000000000
0000000000000000006980295c00000000000000000
0000000000000000005b00231a05958575800000000
0000000000000000005b40239a00000000000000000
0000000000000000006a0029dc24404431000000000
0000000000000000006a802a5c00000000000000000
0000000000000000005b80241a2160515880b4b0004
000000000000000000aae068c600000000000000000
0000000000000000006080299a00000000000000000
0000000000000000000000000005a56595800000000
000000000000000000ab60690600000000000000000
00000000000000000060c02a1a00000000011510004
00000000000000000061002a9a06f6b6a5800000000
000000000000000000b0e66f8600000000005c58006
0000000000000000006b002adc00000000000000000
000000000000000000000000000706d6c5800000000
000000000000000000b1666fc600000000000000000
0000000000000000006b802b5c25b065a7800000000
000000000000000000b1e6700600000000000000000
000000000000000000b266704600000000000000000
000000000000000000710030dc00000000000000000
00000000000000000061402b1a00000000000000000
000000000000000000b2e67086071706f5800000000
0000000000000000007180315c08783825800000000
00000000000000000061802b9a25c045b1000000000
000000000000000000720031dc22e052d8800000000
0000000000000000007280325c00000000000000000
0000000000000000006680311a00000000000000000
000000000000000000b86c770600000000000000000
000000000000000000730032dc00000000000000000
00000000000000000066c0319a24605458800000000
000000000000000000000000000726e715817570004
0000000000000000008645c3c20000000000bcb8006
0000000000000000008705c44208885845800000000
00000000000000000087c5c4c200000000000000000
0000000000000000008885c54200000000000000000
0000000000000000008945c5c200000000000000000
0000000000000000006700321a00000000011d18006
0000000000000000006780331a27306727800000000
0000000000000000000680064200000000000000000
0000000000000000000740470208988875800000000
000000000000000000080087c200000000000000000
00000000000000000008c0c88209f9b9a5800000000
0000000000000000000981094200000000000000000
0000000000000000006740329a00000000000000000
0000000000000000007880385c27404731000000000
00000000000000000006c1468400000000000000000
0000000000000000000781874408a86895800000000
0000000000000000000841c80400000000000000000
000000000000000000090208c400000000000000000
00000000000000000009c2498425e055d8800000000
0000000000000000008dcbcb4200000000000000000
0000000000000000008e8bcbc20000000001d5d0004
0000000000000003788f4bcc4200000000000000000
0000000000000083d8900bccc228b068a7800000000
0000000000000104386c80389a00000000000000000
00000000000001849890cbcd420a09d9c5800000000
0000647d60000204f89611d34200000000017d78006
0000667de0000000000e000dc200000000000000000
0000687e60000000000ec04e8200000000000000000
00006a7ee0000000000f808f4200000000000000000
00006c7f60000000001040d00228c048b1000000000
0000000000000000009551d2c200000000000000000
000000000000000000110110c20a1a09f5800000000
0000000000000000001640560200000000000000000
0000000000000000000e414e0400000000000000000
0000000000000000000f018ec400000000000000000
0000000000000000000fc1cf8400000000000000000
0000000000000000001082104400000000023630004
0000000000000000001580154200000000000000000
000000000000000000114251040a29ea15800000000
0000000000000000001681964427605758800000000
00000000000002873896d1d3c200000000000000000
0000000000000307989791d44200000000000000000
0000000000000387f8b8ec774600000000000000000
0000000000000408589851d4c200000000000000000
00000000000000000015c1558400000000000000000
00007011e0000488b89d97dac22a306a27800000000
00006e116000058b589cd7da420000000001ddd8006
000072126000000000170096c200000000000000000
00007412e00000000017c0d78200000000000000000
0000000000000000009e57db4200000000000000000
0000761360000000001881184200000000000000000
000000000000050af89fd7dc4200000000000000000
0000000000000000001dc05d822a404a31000000000
0000000000000000001d001cc200000000000000000
0000000000000000001741d70400000000000000000
000000000000000000180217c428e058d8800000000
0000000000000000001e809e4200000000000000000
00000000000000000018c2588400000000000000000
0000000000000000009f17dbc200000000000000000
0000000000000000001e019dc400000000029690004
0000000000000000001d415d0400000000000000000
000000000000060bb820011fc200000000000000000
000000000000068c18790038dc00000000023e38006
0000000000000000001ec1de8400000000000000000
000078206000070c78b96c778600000000000000000
00007a20e0000000001f40df0200000000000000000
00007c216000080f18a45de1c200000000000000000
000080226000078eb8a5dde2c200000000000000000
00007e21e0000000002042600400000000000000000
000000000000000000a51de24200000000000000000
000000000000088f78a69de34200000000000000000
000000000000000000a75de3c200000000000000000
0000000000000000001f821f4400000000000000000
0000000000000000002480244200000000000000000
0000000000000000002600a5c200000000000000000
0000000000000990386cc0391a00000000000000000
0000000000000000002540650200000000000000000
00000000000000000026c0e68200000000000000000
000000000000000000278127422a605a58800000000
0000822f6000090fd87980395c00000000000000000
0000842fe00000000024c1648400000000000000000
0000863060000000002641e60400000000000000000
00008830e000000000abe3e94200000000000000000
0000000000000000002581a54400000000000000000
00008a316000000000270226c400000000000000000
00000000000000000027c2678400000000029e98006
000000000000000000aca3e9c200000000000000000
0000000000000a1278ad63ea4200000000000000000
0000000000000b1338ae23eac200000000000000000
0000000000000000002c002bc20b7b3b25800000000
0000000000000a92d8aee3eb4200000000000000000
0000000000000b93986d00399a00000000000000000
00008e3ee0000c13f8ba6c780600000000000000000
0000903f60000000002cc06c8200000000000000000
00008c3e60000000002d80ad4200000000000000000
0000923fe0000000002e40ee0200000000000000000
0000944060000000002c416c0400000000000000000
0000000000000000002f012ec200000000000000000
000000000000000000b9ec77c600000000000000000
0000000000000000007a803a5c00000000000000000
0000000000000000002d01acc400000000000000000
0000000000000000002dc1ed8400000000000000000
0000000000000000002e822e4400000000000000000
0000000000000c963870003e9600000000000000000
0000000000000000002f426f0400000000000000000
000000000000000000b369f0c200000000000000000
000000000000000000b429f14200000000000000000
0000000000000d1698b4e9f1c200000000000000000
0000000000000d96f8b5a9f24200000000000000000
0000000000000e1758b669f2c200000000000000000
0000000000000000007a0039dc00000000000000000
0000964d60000e97b86d803a9a00000000000000000
0000984de0000000003380334200000000000000000
00009a4e60000000003440740200000000000000000
00009c4ee0000000003500b4c200000000000000000
00009e4f600000000035c0f58200000000000000000
0000000000000000003681364200000000000000000
0000000000000000006d403a1a00000000000000000
00000000000000000070403ed600000000000000000
00000000000000000033c1738400000000000000000
0000000000000000003481b44400000000000000000
0000000000000000003541f50400000000000000000
000000000000000000360235c400000000000000000
00000000000000000036c2768400000000000000000
00000000000000000070803f1600000000000000000
00000000000000000070c03f5600000000000000000
0000000000000f19f871003f9600000000000000000
0000000000000f9a58764008d600000000000000000
000000000000101ab87600089600000000000000000
000000000000109b1876c009560b8b5b45800000000
0000a05c6000111b78768009160c5c1c01000000000
0000a25ce0000000007700099600000000000000000
0000a45d60000000007c00101600000000000000000
0000a65de0000000007c40105600000000000000000
0000a85e60000000007c80109600000000000000000
0000000000000000007cc010d600000000000000000
0000000000000000007d0011160b9b8b75800000000
000000000000000000420017960c6c3c21000000000
000000000000000000424017d600000000000000000
0000000000000000004280181600000000000000000
00000000000000000042c018560ddd9d81000000000
0000000000000000004300189600000000000000000
00000000000000000048001f160dedbda1000000000
00000000000000000048401f560bab6b95800000000
00000000000000000048801f960c7c6c51000000000
00000000000000000048c01fd60f5f1f01000000000
0000000000000000004900201600000000000000000
0000000000000000004e0026960f6f3f21000000000
0000000000000000004e4026d600000000000000000
0000000000000000004e8027160dfdedd1000000000
0000000000000000004ec0275600d09081000000000
0000000000000000004f0027962bb06ba7800000000
00000000000000000054002e1600e0b0a1000000000
00000000000000000054402e560c8c4c71000000000
00000000000000000054802e960f7f6f51000000000
00000000000000000054c02ed602521201000000000
00000000000000000055002f1600000000000000000
0000000000000000000000000002623221000000000
000000000000000000000000002bc04bb1000000000
000000000000000000000000000e0dcdf1000000000
000000000000000000000000002c906c80800000000
0000000000000000000000000000f0e0d1000000000
000000000000000000000000000f8f4f71000000000
0000000000000000000000000003d39381000000000
0000000000000000000000000002726251000000000
0000000000000000000000000003e3b3a102f6f0004
000000000000000000000000002e106e00800000000
000000000000000000bff27e8605653521000000000
00000000000000000082f27ec60100c0f1000000000
00000000000000000083727f062f906f80800000000
00000000000000000083f27f4600000000000000000
00000000000000000084727f8602824271000000000
0000000000000000000000000003f3e3d1000000000
00000000000000000089f8488600000000000000000
00000000000000000042803fdc05551501000000000
000000000000000000430002dc21106100800000000
0000000000000000004380035c00000000000000000
000000000000000000440003dc00000000000000000
0000000000000000004480045c22906280800000000
0000000000000000008a7848c60403c3f1000000000
0000000000000000004a0009dc00000000000000000
0000000000000000007280029a05756551000000000
00000000000000000072c0031a00000000000000000
0000000000000000007300039a00000000000000000
0000000000000000007340041a2be05bd8800000000
0000000000000000007380049a00000000000000000
0000000000000000004a800a5c24106400800000000
00000000000000000078800a1a00000000000000000
0000000000000000008af8490600000000000000000
0000000000000000008b78494605854571000000000
0000000000000000008bf8498600000000000000000
000000000000000000917e50060000000002fef8006
00000000000000000091fe504600000000000000000
00000000000000000078c00a9a00000000000000000
000000000000000000927e50860cfcbca5800000000
0000000000000000004b000adc00000000000000000
0000000000000000004b800b5c0d0cdcc5800000000
0000000000000000004c000bdc25906580800000000
0000000000000000005180115c00000000000000000
000000000000000000520011dc00000000000000000
00000000000000000092fe50c600000000000000000
0000000000000000005280125c00000000000000000
00000000000000000079000b1a00000000000000000
00000000000000000079400b9a0d1d0cf5800000000
00000000000000000079800c1a00000000000000000
0000000000000000007e80119a0e7e3e25800000000
0000000000000000007ec0121a00000000000000000
000000000000000000530012dc00000000000000000
0000000000000000007f00129a00000000000000000
000000000000000000937e510600000000000000000
000000000000000000baeff84200000000000000000
000000000000000000bbaff8c20d2ced15800000000
000000000000000000bc6ff94200000000000000000
000000000000000000bd2ff9c200000000000000000
000000000000000000bdeffa4200000000000000000
0000000000000000007f40131a0e8e5e45800000000
0000000000000000005380135c00000000000000000
0000000000000000003b003ac200000000000000000
0000000000000000003bc07b822d306d27800000000
0000000000000000003c80bc420fffbfa5800000000
0000000000000000003d40fd0200000000000000000
0000000000000000003e013dc200000000000000000
00000000000000000098c457860e9e8e75800000000
0000000000000000007f80139a00000000000000000
0000000000000000003b417b0400000000000000000
0000000000000000003c01bbc42d404d31000000000
0000000000000000003cc1fc8400000000000000000
0000000000000000003d823d44000fdfc5800000000
0000000000000000003e427e0400000000000000000
000000000000000000590018dc0eae6e95800000000
000000000000000000994457c600000000000000000
000000000000119db899c4580600000000000000000
000000000000121e189a44584600000000035750004
000000000000129e789ac4588600000000000000000
000000000000131ed8a04a5f0600100ff5800000000
0000aa6b6000139f38a14a5f8600000000000000000
0000ac6be0000000004480191a2eb06ea7800000000
0000ae6c60000000005980195c00000000000000000
0000b26d60000000005a0019dc00000000000000000
0000000000000000005a801a5c00000000000000000
0000b06ce0000000005b001adc00000000000000000
0000000000000000006080205c00000000000000000
0000000000000000006180215c002fe015800000000
000000000000000000a0ca5f462ec04eb1000000000
00000000000000000044c0199a00000000000000000
00000000000000000045001a1a00000000000000000
00000000000000000045401a9a00000000000000000
00000000000000000045801b1a00000000000000000
0000000000000000004a80209a00000000000000000
0000000000000000004b00219a00000000000000000
000000000000000000610020dc2030602783b7b0004
0000000000000000005a0035962d605d58800000000
000000000000000000a1ca5fc600000000000000000
000000000000000000a24a600600000000000000000
000000000000000000a7d0668600000000000000000
000000000000000000a85066c600000000000000000
000000000000000000a8d0670601713125800000000
0000000000000000004ac0211a20404031000000000
0000000000000000005a4035d601815145835f58006
000000000000000000620021dc00000000000000000
0000000000000000006280225c00000000000000000
000000000000000000680027dc00000000000000000
0000000000000000006880285c00000000000000000
000000000000000000690028dc00000000000000000
000000000000000000a950674600000000001410004
000000000000000000a9d0678601918175800000000
0000000000000000004b40221a00000000000000000
0000000000000000004b80229a00000000000000000
0000000000000000005080281a00000000000000000
00000000000000000050c0289a2ee05ed8800000000
0000000000000000005100291a06d69681000000000
0000000000000000006980295c02f2b2a5800000000
0000000000000000006a0029dc00000000000000000
000000000000000000af566e0600000000000000000
0000000000000000005a80361601a16195800000000
000000000000000000afd66e4600000000000000000
000000000000000000b0566e860000000003bfb8006
00000000000000000084f5ffc200000000000000000
00000000000000000085b5c2c20302d2c5800000000
0000000000000000008675c34200000000000000000
0000000000000000008735c3c200000000000000000
00000000000000000087f5c44221b061a7800000000
0000000000000000005140299a04743425800000000
00000000000000000051802a1a20605058800000000
000000000000000000050004c200000000000000000
00000000000000000005c04582031302f5800000000
0000000000000000000680864200000000000000000
0000000000000000000740c70200000000000000000
000000000000000000080107c221c041b1000000000
0000000000000000006f802f5c00000000000000000
00000000000000000070002fdc00000000001c18006
0000000000000000000541450400000000000000000
000000000000000000060185c40322e315800000000
00000000000000000006c1c68400000000000000000
0000000000000000000782074404845445800000000
0000000000000000000842480400000000007470004
0000000000000000008c7bc9c200000000000000000
0000000000000000008d3bca4200000000000000000
0000000000001402b88dfbcac200000000000000000
0000000000001483188ebbcb4223306327800000000
00000000000015037856802f9a00000000000000000
0000000000001583d88f7bcbc200000000000000000
0000b47a600016043856c0301a04948475800000000
0000b67ae0000000000c800c4200000000000000000
0000b87b60000000000d404d0200000000000000000
0000ba7be0000000000e008dc200000000000000000
0000bc7c60000000000ec0ce8223404331000000000
0000000000000000007080305c00000000000000000
0000000000000000000f810f4200000000000000000
00000000000000000093c1d14204a46495800000000
0000000000000000000cc14c8400000000000000000
0000000000000000000d818d4400000000000000000
0000000000000000000e41ce0400000000000000000
0000000000000000000f020ec40000000000d4d0004
0000000000000000009481d1c221e051d8800000000
0000000000000000000fc24f8405f5b5a5800000000
000000000000000000140013c224b064a7800000000
0000000000001686789541d24200000000000000000
0000000000001706d89601d2c200000000000000000
0000000000001787385700309a00000000000000000
00000000000018079896c1d34200000000000000000
00000000000000000014c0548200000000007c78006
0000c00ee0001887f8b1566f0600000000000000000
0000be0e60000000001441540424c044b1000000000
0000c20f60000000001580954200000000000000000
0000c61060000000001640d60200000000000000000
0000c40fe000000000b0d66ec600000000000000000
000000000000000000170116c200000000000000000
000000000000000000150194c400000000000000000
0000000000000000007180315c00000000000000000
000000000000190a385b00369600000000013530004
00000000000000000015c1d58400000000000000000
0000000000000000001682164423605358800000000
000000000000000000710030dc00000000000000000
0000000000000000001742570400000000000000000
000000000000198a985ac0365600000000000000000
0000000000000000005780319a00000000000000000
00000000000000000060003d1600000000000000000
0000000000001a0af860403d5600000000000000000
0000000000001a8b5860c03dd60000000000dcd8006
0000000000000000009b47d8c200000000000000000
0000c81d60001b0bb89cc7d9c200000000000000000
0000ca1de0000000009c07d94200000000000000000
0000cc1e60000000009d87da4200000000000000000
0000d01f60000000009e47dac200000000000000000
0000ce1ee0000000005740311a00000000000000000
00000000000000000060803d9600000000000000000
0000000000000000001b801b4206e6b6a1000000000
0000000000000000001d009cc200000000000000000
0000000000000000001c405c0224e054d8800000000
0000000000000000001dc0dd8200000000000000000
0000000000000000001e811e4208581801000000000
00000000000000000061003e1600000000000000000
0000000000000000006600071600000000000000000
0000000000000000001bc15b8406f6e6d1000000000
0000000000000000001d41dd0400000000000000000
0000000000000000001c819c4400000000013d38006
0000000000000000001e021dc400000000000000000
0000000000000000001ec25e8408683821000000000
000000000000000000a2cde0420605d5c5800000000
000000000000000000a38de0c200000000000000000
0000000000001b8df8a44de14200000000000000000
0000000000001c8eb8a50de1c200000000000000000
0000000000001c0e58a5cde24200000000000000000
0000000000001d0f18664007560706c6f1000000000
0000d22c60001d8f786680079608786851000000000
0000d42ce000000000230022c2061605f5800000000
0000d62d600000000023c0638200000000000000000
0000d82de0000000002480a44200000000000000000
0000da2e60000000002540e50200000000000000000
000000000000000000260125c200000000000000000
00000000000000000066c007d627106700800000000
0000000000000000006700081608884871000000000
000000000000000000234163040625e615800000000
0000000000000000002401a3c400000000000000000
00000000000000000024c1e48400000000000000000
0000000000000000002582254409d99981000000000
0000000000000000002642660400000000000000000
000000000000000000aa53e7c200000000000000000
000000000000000000ab13e84228906880800000000
0000000000001e11b8abd3e8c226306627800000000
0000000000001e9218ac93e94200000000000000000
0000000000001f1278b6dc758600000000000000000
0000000000001f92d8ad53e9c200000000000000000
0000dc3b6000201338b75c75c609e9b9a1000000000
0000de3be0000000002a802a4200000000000000000
0000e03c60000000002b406b0200000000000000000
0000e43d60000000002c00abc226404631000000000
0000000000000000002cc0ec8200000000000000000
0000e23ce000000000770036dc00000000000000000
0000000000000000002d812d4200000000000000000
0000000000000000007780375c09f9e9d1000000000
0000000000000000002ac16a8400000000000000000
0000000000000000002b81ab4400000000000000000
0000000000000000002c41ec0400000000019590004
0000000000000000002d022cc400000000000000000
0000000000000000005c80371a00000000000000000
0000000000000000002dc26d8400000000000000000
0000000000000000005cc0379a0a09c9f1000000000
000000000000209578b7dc760600000000000000000
0000000000002115d8b85c764600000000000000000
000000000000219638b8dc768600000000000000000
000000000000221698bee27d4600000000000000000
000000000000000000be627d0600000000000000000
0000e64a60002296f8bf627d8600000000000000000
0000e84ae000000000bfe27dc62a106a00800000000
0000ea4b6000000000780037dc00000000000000000
0000ec4be0000000007880385c00000000000000000
0000ee4c6000000000790038dc00000000000000000
0000000000000000007f003edc00000000000000000
0000000000000000007e803e5c07773725800000000
0000000000000000007f803f5c00000000000000000
00000000000000000042803fdc00000000000000000
0000000000000000005d00381a26605658800000000
0000000000000000005d40389a00000000000000000
0000000000000000005d80391a00000000000000000
00000000000000000062c03f1a00000000000000000
00000000000000000062803e9a00000000000000000
00000000000000000063003f9a00000000000000000
0000000000000000006340029a00000000000000000
00000000000000000082e27e0600000000019d98006
0000000000000000008868470600000000000000000
00000000000000000088e8474600000000000000000
0000000000000000008968478600000000000000000
00000000000000000089e847c600000000000000000
0000000000000000008a68480600000000000000000
0000000000000000006c000e9607875745800000000
000000000000000000430002dc00000000000000000
0000000000000000004880085c00000000000000000
000000000000000000490008dc08f8b8a5800000000
0000000000000000004980095c00000000000000000
0000000000000000004a0009dc00000000000000000
0000000000000000004a800a5c0908d8c5800000000
0000000000000000006c400ed607978775800000000
0000000000000000006380031a00000000000000000
0000000000000000006880089a00000000000000000
00000000000000000068c0091a00000000000000000
0000000000000000006900099a00000000000000000
00000000000000000069400a1a00000000000000000
000000000000000000b1d9ef4200000000000000000
000000000000000000b299efc200000000000000000
000000000000000000b359f04207a76795800000000
000000000000000000b419f0c200000000000000000
000000000000000000b4d9f14200000000000000000
00000000000000000069800a9a091908f5800000000
0000000000000000006c800f160b5b1b01000000000
000000000000000000320031c200000000000000000
00000000000000000032c0728200000000000000000
0000000000000000003380b34227b067a7800000000
0000000000000000003440f4020a7a3a25800000000
000000000000000000350134c20a8a5a45800000000
0000000000000000006cc00f560928e915800000000
0000000000000000006d000f9600000000000000000
0000000000000000003241720400000000000000000
0000000000000000003301b2c400000000000000000
00000000000000000033c1f38427c047b1000000000
0000000000000000003482344400000000000000000
000000000000000000354275040a9a8a75800000000
0000000000000000007200161629306927800000000
0000000000000000007240165600000000000000000
0000000000002319387280169600000000000000000
00000000000023999872c016d600000000000000000
0000000000002419f8730017160000000001f5f0004
000000000000249a5878401dd60b6b3b21000000000
0000f0596000251ab878001d960aaa6a95800000000
0000f259e00000000078801e1629404931000000000
0000f45a600000000078c01e5600000000000000000
0000f65ae00000000079001e9600000000000000000
0000f85b60000000007e00251600000000000000000
0000000000000000007e80259600000000000000000
0000000000000000007e4025560b7b6b51000000000
0000000000000000007ec025d60cdc9c81000000000
0000000000000000007f0026162ab06aa7825650004
00000000000000000044002c960cecbca1000000000
00000000000000000044402cd600000000000000000
00000000000000000044802d1600000000000000000
00000000000000000044c02d560e5e1e01000000000
00000000000000000045002d9600000000000000000
000000000000000000000000000e6e3e21000000000
000000000000000000000000002ac04ab1000000000
000000000000000000000000000b8b4b71000000000
0000000000000000000000000027e057d8800000000
000000000000000000000000000cfcecd1000000000
000000000000000000000000000fdf9f81000000000
000000000000000000000000000fefbfa1000000000
000000000000000000000000000e7e6e51000000000
000000000000000000000000000000000002b6b0004
000000000000000000000000002b906b80800000000
000000000000000000000000000151110101fdf8006
000000000000000000000000000d0cccf1000000000
0000000000000000000000000001613121000000000
0000000000000000000000000029605958800000000
000000000000000000000000000e8e4e71000000000
000000000000000000000000000fffefd1000000000
0000000000000000008fee4e8600000000000000000
000000000000000000906e4ec600000000000000000
00000000000000000090ee4f062d106d00800000000
000000000000000000916e4f4600000000000000000
00000000000000000091ee4f8600000000025e58006
000000000000000000000000002e906e80800000000
00000000000000000000000000000fcff1000000000
00000000000000000050000fdc01716151000000000
0000000000000000005080105c00000000000000000
000000000000000000510010dc00000000000000000
0000000000000000005180115c00000000000000000
000000000000000000520011dc2ae05ad8800000000
0000000000000000009774560600000000000000000
000000000000000000b95ff6c220106000800000000
000000000000000000ba1ff74200000000000000000
000000000000000000badff7c200000000000000000
000000000000000000bb9ff84200000000000000000
000000000000000000bc5ff8c200000000000000000
0000000000000000006e80101a0181417102beb8006
0000000000000000006ec0109a00000000000000000
0000000000000000003980394200000000000000000
0000000000000000003a407a0200000000000000000
0000000000000000003b00bac200000000000000000
0000000000000000003bc0fb8200000000000000000
0000000000000000003c813c4200000000000000000
0000000000000000008365fe4221906180800000000
0000000000000000008425fec200000000000000000
00000000000000000039c1798400000000000000000
0000000000000000003a81ba4400000000000000000
0000000000000000003b41fb0400000000000000000
0000000000000000003c023bc400000000000000000
0000000000000000003cc27c840bfbbba5800000000
0000000000000000000380034200000000000000000
0000000000000000000440440200000000000000000
000000000000259cf884e5ff4200000000000000000
000000000000261d5885a5ffc200000000000000000
000000000000269db88665c2c200000000000000000
000000000000271e188aebc84200000000000000000
0000fa686000279e788c6bc94200000000000000000
0000fc68e00000000003c1438400000000000000000
0000fe6960000000000481844400000000000000000
0001026a6000000000050084c200000000000000000
00010069e00000000005c0c58200000000000000000
0000000000000000000681064200000000000000000
0000000000000000000b000ac200000000000000000
0000000000000000008babc8c200000000000000000
0000000000002801f80c808c4200000000000000000
0000000000002882588d2bc9c200000000000000000
0000000000000000000541c50400000000000000000
000000000000000000060205c400000000000000000
00000000000000000006c2468400000000000000000
0000000000000000000b414b0400000000000000000
0000000000000000000bc04b8200000000000000000
0000000000000000000cc1cc8400000000000000000
0000000000000000000d40cd0200000000000000000
0000000000002902b86f00111a00000000000000000
0000000000002983188debca4200000000000000000
0001047760002a03786f40119a00000000000000000
00010677e0002a85b86f80121a00000000000000000
0001087860000000000c018bc400000000000000000
00010a78e0002b86785780175c00000000000000000
00010c7960000000000d820d4400000000000000000
00000000000000000097f4564600000000000000000
0000000000000000000e010dc200000000000000000
0000000000000000009874568600000000000000000
00000000000000000098f456c600000000000000000
0000000000002b06189efa5d8600000000000000000
0000000000000000007480179a00000000000000000
0000000000002c06d89974570600000000000000000
000000000000000000580017dc0c0bdbc5800000000
0000000000000000000e424e0400000000000000000
0000000000000000005880185c00000000000000000
000000000000000000590018dc00000000000000000
0000000000000000005f001edc00000000000000000
0000000000000000009f7a5dc600000000000000000
0000000000000000005980195c00000000000000000
00000000000000000074c0181a0c1c0bf5800000000
00010e0b60002c87389ffa5e0600000000000000000
0001100be0000000007500189a00000000000000000
0001120c60000000007540191a00000000000000000
0001140ce0000000007a801f1a00000000000000000
0001160d60000000005f801f5c00000000000000000
0000000000000000007580199a00000000000000000
0000000000000000004a0034160c2bec15800000000
00000000000000000060001fdc00000000000000000
000000000000000000a07a5e4600000000000000000
000000000000000000a0fa5e8600000000000000000
000000000000000000a640650600000000000000000
0000000000000000007ac01f9a0d7d3d25800000000
000000000000000000a6c0654600000000000000000
000000000000000000a74065862c306c27800000000
0000000000000000007b00201a0d8d5d45800000000
0000000000000000006080205c00000000000000000
000000000000000000610020dc00000000000000000
0000000000000000006680265c00000000000000000
000000000000000000a7c065c600000000000000000
000000000000000000670026dc00000000000000000
0000000000000000006780275c2c404c31000000000
000000000000000000a84066060d9d8d75800000000
0000000000000000007b40209a00000000000000000
0000000000000000007b80211a0efebea5800000000
0000000000000000004080269a00000000000000000
000000000000000000680027dc00000000000000000
00000000000000000040c0271a00000000000000000
0000000000000000004100279a00000000031710004
0000000000000000006880285c00000000000000000
000000000000000000adc66c8600000000000000000
0000000000000000004a4034560dad6d95800000000
000000000000000000ae466cc600000000000000000
0000000000000000004140281a00000000000000000
000000000000000000aec66d0600000000000000000
0000000000000000004a8034960f0edec5800000000
0000000000000000004180289a00000000000000000
0000000000000000006e002ddc00000000000000000
000000000000000000af466d462db06da7800000000
0000000000000000006e802e5c00703025800000000
000000000000000000afc66d8600000000000000000
0000000000000000006f002edc00000000000000000
0000000000000000004ac034d60f1f0ef5800000000
0000000000000000004b00351602d29281000000000
00000000000000000046802e1a00000000000000000
0000000000000000006f802f5c2dc04db1000000000
00000000000000000046c02e9a00805045800000000
00000000000000000070002fdc2c605c58800000000
00000000000000000047002f1a00000000000000000
00000000000000000050003b9600000000000000000
00000000000000000050403bd60f2eef15800000000
00000000000000000050803c1600000000000000000
00000000000000000047402f9a00000000037770004
00000000000000000050c03c5600908075800000000
0000000000000000004780301a00000000031f18006
00000000000000000051003c9602e2b2a1000000000
0000000000000000005600059600000000000000000
000000000000000000564005d62f306f27800000000
0000000000000000005680061600000000000000000
00000000000000000056c0065601f1b1a5800000000
0000000000000000005700069600a06095800000000
0000000000000000000000000000000000000000000
0000000000000000000000000002f2e2d1000000000
0000000000000000000000000004541401000000000
000000000000000000000000002f404f31000000000
0000000000000000000000000004643421000000000
000000000000000000000000000201d1c5800000000
0000000000000000000000000020b060a7800000000
0000000000000000000000000000000000000000000
000000000000000000000000000302c2f1000000000
0000000000000000000000000005d59581000000000
000000000000000000000000002de05dd883d7d0004
0000000000000000000000000004746451000000000
0000000000000000009271cfc200000000000000000
0000000000000000009331d04200000000000000000
00000000000000000093f1d0c200000000000000000
00000000000000000094b1d14223106300800000000
0000000000000000009571d1c200000000000000000
0000000000000000000000000020c040b1037f78006
00000000000000000000000000021201f5800000000
0000000000000000001280124204844471000000000
0000000000000000001340530205e5b5a1000000000
000000000000000000140093c200000000000000000
00000000000000000014c0d48200000000000000000
0000000000000000001581154200000000000000000
000000000000000000b54c740600000000003430004
000000000000000000000000000221e215800000000
00000000000000000012c1528424906480800000000
0000000000000000001381934405f5e5d1000000000
0000000000000000001441d40400000000000000000
000000000000000000150214c42f605f58800000000
00000000000000000015c2558400000000000000000
0000000000000000007580355c00000000000000000
000000000000000000b5cc744622306227800000000
0000000000002d0978b64c748600000000000000000
0000000000002d89d8b6cc74c60605c5f1000000000
0000000000002e0a38b74c750600000000000000000
0000000000002e8a9899f7d7420000000003dfd8006
0001181a60002f0af89b77d84200000000000000000
00011a1ae0000000009ab7d7c200000000000000000
00011c1b60000000009c37d8c200000000000000000
0001201c60000000009cf7d94200000000000000000
00011e1be0000000004c80359a22404231000000000
000000000000000000760035dc26106600800000000
0000000000000000001a0019c220e050d8800000000
0000000000000000001b809b4200000000000000000
0000000000000000001ac05a8200000000000000000
0000000000000000001c40dc0200000000000000000
0000000000000000001d011cc200000000000000000
0000000000000000007680365c00000000009490004
0000000000000000004cc0361a00000000000000000
0000000000000000001a415a0400000000003c38006
0000000000000000001bc1db8400000000000000000
0000000000000000001b019ac400000000000000000
0000000000000000001c821c4400000000000000000
0000000000000000001d425d0400000000000000000
000000000000000000a17ddec200000000000000000
000000000000000000a23ddf4200000000000000000
0000000000002f8d38a2fddfc200000000000000000
000000000000308df8a3bde04200000000000000000
000000000000300d98a47de0c200000000000000000
000000000000310e58770036dc00000000000000000
000122296000318eb84d00369a03733325800000000
00012429e0000000002180214200000000000000000
0001262a60000000002240620200000000000000000
0001282ae0000000002300a2c200000000000000000
00012a2b600000000023c0e38200000000000000000
0000000000000000002481244200000000000000000
0000000000000000004d40371a22605258800000000
0000000000000000007780375c00000000000000000
00000000000000000021c1618400000000000000000
0000000000000000002281a24400000000000000000
0000000000000000002341e30400000000000000000
000000000000000000240223c400000000000000000
00000000000000000024c2648400000000000000000
000000000000000000a8c3e64200000000009c98006
000000000000000000a983e6c200000000000000000
0000000000003210f8aa43e74200000000000000000
000000000000329158ab03e7c200000000000000000
0000000000003311b84d80379a00000000000000000
000000000000339218abc3e84203835345800000000
00012c386000341278bcd27b8600000000000000000
00012e38e000000000290028c200000000000000000
00013039600000000029c0698200000000000000000
0001343a60000000002a80aa4200000000000000000
0000000000000000002b40eb0200000000000000000
00013239e000000000bd527bc600000000000000000
0000000000000000002c012bc203938375800000000
0000000000000000007d003cdc00000000000000000
0000000000000000002941690400000000000000000
0000000000000000002a01a9c400000000000000000
0000000000000000002ac1ea8400000000000000000
0000000000000000002b822b4400000000000000000
0000000000000000007d803d5c00000000000000000
0000000000000000002c426c0403a36395800000000
000000000000000000b049edc200000000000000000
0000000000003494b8b1c9eec200000000000000000
000000000000351518b109ee4200000000000000000
000000000000359578b289ef4200000000000000000
0000000000003615d8b349efc200000000000000000
00000000000000000052803d1a00000000000000000
00013647600036963852c03d9a23b063a7800000000
00013847e0000000003080304200000000000000000
00013a4860000000003200b1c200000000000000000
00013c48e0000000003140710200000000000000000
00013e49600000000032c0f28200000000000000000
0000000000000000003381334200000000000000000
000000000000000000bdd27c0600000000000000000
000000000000000000be527c4623c043b1000000000
00000000000000000030c1708400000000000000000
0000000000000000003241f20400000000000000000
0000000000000000003181b14400000000000000000
000000000000000000330232c400000000000000000
00000000000000000033c2738404f4b4a5800000000
0000000000000000007e003ddc00000000000000000
0000000000000000007e803e5c0000000000f4f0004
000000000000371878bed27c8600000000000000000
00000000000038193886d8458600000000000000000
0000000000003798d8875845c600000000000000000
0000000000003899988858464600000000000000000
0001405660003919f887d8460600000000000000000
00014256e00000000053003e1a00000000000000000
00014457600000000088d8468600000000000000000
00014657e00000000053403e9a00000000000000000
0001485860000000007f003edc00000000000000000
000000000000000000470006dc00000000000000000
0000000000000000004780075c00000000000000000
000000000000000000480007dc00000000000000000
0000000000000000004880085c00000000000000000
000000000000000000490008dc00000000000000000
0000000000000000005c000d1600000000000000000
00000000000000000053803f1a00000000000000000
0000000000000000005880071a00000000000000000
00000000000000000058c0079a00000000000000000
0000000000000000005900081a23e053d8800000000
0000000000000000005940089a00000000000000000
0000000000000000005980091a0504d4c5800000000
0000000000000000005c400d5600000000000000000
0000000000000000005c800d9600000000000000000
0000000000000000005cc00dd600000000000000000
0000000000000000005d000e1600000000000000000
000000000000000000620014960000000000fcf8006
000000000000000000624014d600000000000000000
00000000000000000062801516051504f5800000000
00000000000000000062c0155600000000000000000
0000000000000000006300159606763625800000000
00000000000000000068001c1600000000000000000
00000000000000000068401c5606865645800000000
00000000000000000068801c9600000000000000000
00000000000000000068c01cd607571701000000000
00000000000000000069001d160524e515800000000
0000000000000000006e00239607673721000000000
0000000000000000006e4023d600000000000000000
0000000000000000006e80241600000000000000000
0000000000000000006ec0245606968675800000000
0000000000000000006f00249608d89881000000000
00000000000000000074002b1608e8b8a1000000000
00000000000000000074402b5625306527800000000
00000000000000000074802b9607776751000000000
00000000000000000074c02bd60a5a1a01000000000
000000000000000000b7cff54200000000000000000
000000000000000000b88ff5c206a66695800000000
000000000000000000b94ff64200000000000000000
000000000000000000ba0ff6c208f8e8d1000000000
000000000000000000bacff7420bdb9b81000000000
00000000000000000075002c1625404531000000000
0000000000000000000000000007874771000000000
000000000000000000380037c20a6a3a21000000000
00000000000000000038c0788226b066a7800000000
0000000000000000003980b9420bebbba1000000000
0000000000000000003a40fa020d5d1d01000000000
0000000000000000003b013ac20908c8f1000000000
000000000000000000000000000d6d3d21015550004
0000000000000000000000000027906780800000000
000000000000000000384178040a7a6a51000000000
0000000000000000003901b8c426c046b1000000000
00000000000000000039c1f9840bfbebd1000000000
0000000000000000003a823a4400000000000000000
0000000000000000003b427b0429106900800000000
000000000000000000000000000d7d6d51000000000
0000000000000000008e5e4d0600000000000000000
000000000000399c388f5e4d860a8a4a71000000000
0000000000003a1c988ede4d460000000001b5b0004
0000000000003a9cf8905e4e060c0bcbf1000000000
0000000000003b1d588fde4dc600000000000000000
00014a6560003b9db895e4548600000000000000000
00014e666000000000966454c60d8d4d71000000000
00014c65e0000000004e800e5c00000000000000000
00015066e0000000004f800f5c2a906a80800000000
0001526760000000004f000edc00000000000000000
0000000000000000005080105c2c106c00800000000
00000000000000000050000fdc25605558800000000
000000000000000000560015dc00000000000000000
0000000000000000005680165c2d906d80800000000
0000000000000000005e800e9a00000000000000000
0000000000000000005f000f9a00000000000000000
0000000000000000005ec00f1a00000000000000000
0000000000000000005f80109a00000000000000000
0000000000000000005f40101a00000000015d58006
0000000000000000006480161a00000000000000000
00000000000000000064c0169a00000000000000000
0000000000000000007a00329626e056d8800000000
00000000000000000096e4550600000000000000000
0000000000000000009764554600000000000000000
00000000000000000097e4558600000000000000000
0000000000000000009d6a5c0600000000000000000
0000000000000000009dea5c4600000000000000000
0000000000000000009e6a5c8600000000000000000
0000000000000000009eea5cc60000000001bdb8006
000000000000000000570016dc07f7b7a5800000000
0000000000000000005780175c0807d7c5800000000
000000000000000000580017dc00000000000000000
0000000000000000005d801d5c09793925800000000
0000000000000000005e001ddc00000000000000000
0000000000000000005e801e5c00000000000000000
0000000000000000005f001edc00000000000000000
0000000000000000006500171a00000000000000000
000000000000000000bf55fcc200000000000000000
0000000000000000008295fd4200000000000000000
0000000000000000008355fdc200000000000000000
0000000000000000008415fe4200000000000000000
00000000000000000084d5fec200000000000000000
0000000000000000006540179a081807f5800000000
0000000000000000006580181a00000000000000000
0000000000000000003f803f4200000000000000000
00000000000000000002c0428200000000000000000
0000000000000000000380834200000000000000000
0000000000000000000440c40200000000000000000
000000000000000000050104c200000000000000000
000000000000000000895bc6c20827e815800000000
0000000000000000008a1bc74200000000000000000
0000000000000000003fc17f8400000000000000000
000000000000000000030182c400000000000000000
00000000000000000003c1c38400000000000000000
0000000000000000000482044409895945800000000
0000000000000000000542450400000000000000000
0000000000000000000980094228306827800000000
0000000000000000000a404a0200000000000000000
0000000000003c1ff88b9bc84200000000000000000
0000000000003c81988adbc7c200000000000000000
0000000000003d01f86a801d9a00000000000000000
0000000000003d82588c5bc8c200000000000000000
0001547460003e02b86ac01e1a09998975800000000
00015674e00000000009c1498428404831000000000
0001587560000000000a818a4400000000000000000
00015a75e0000000000bc0cb8200000000000000000
00015c7660000000000b008ac200000000000000000
0000000000000000006b001e9a00000000000000000
0000000000000000000c810c4200000000000000000
0000000000000000006b401f1a09a96995800000000
0000000000003e84f89f6a5d0600000000021610004
0000000000003f0558a57063c600000000000000000
0000000000000000000c020bc400000000000000000
0000000000000000000b41cb0400000000000000000
000000000000000000a4f063860afabaa5800000000
0000000000000000000cc24c8400000000000000000
000000000000000000a5f0640629b069a7800000000
0000000000000000005f801f5c00000000000000000
0000000000000000006580255c00000000000000000
000000000000400618a670644600000000000000000
0000000000003f85b8a6f0648600000000000000000
000000000000000000650024dc0b0adac5800000000
00015e086000408678ac766b0600000000000000000
000162096000000000660025dc29c049b1000000000
00016008e0000000006b801f9a00000000000000000
00016409e00000000070c0259a00000000000000000
0001660a60000000006680265c00000000000000000
000000000000000000670026dc00000000000000000
0000000000000000007080251a0b1b0af5800000000
0000000000000000006c802c5c00000000000000000
0000000000000000007100261a28605858827670004
000000000000000000acf66b4600000000000000000
000000000000000000ad766b8600000000000000000
0000000000000000007140269a00000000000000000
0000000000000000007180271a00000000000000000
000000000000000000adf66bc600000000000000000
00000000000000000076802c9a0b2aeb15800000000
000000000000000000ae766c0600000000021e18006
0000000000000000006d002cdc00000000000000000
0000000000000000006d802d5c00000000000000000
0000000000000000007a4032d60c7c3c25800000000
0000000000000000007a80331600000000000000000
0000000000000000006e002ddc00000000000000000
0000000000000000007ac033562b306b27800000000
0000000000000000006e802e5c00000000000000000
00000000000000000076c02d1a0c8c5c45800000000
00000000000000000077002d9a00000000000000000
0000000000000000007b00339600000000000000000
00000000000000000040003a1600000000000000000
00000000000000000077402e1a29e059d8800000000
00000000000000000040403a562b404b31000000000
00000000000000000077802e9a00000000000000000
00000000000000000040803a960c9c8c75800000000
00000000000000000040c03ad60ede9e81000000000
00000000000000000041003b1600000000000000000
000000000000000000460004160eeebea1000000000
00000000000000000090e1ce4200000000027e78006
00000000000000000091a1cec20000000002d6d0004
0000000000000000009261cf4200000000000000000
0000000000000000009321cfc20cac6c95800000000
00000000000000000093e1d04200000000000000000
000000000000000000464004560dfdbda5800000000
000000000000000000468004960e0dddc5800000000
000000000000000000110010c20efeeed1000000000
00000000000000000011c0518200501001000000000
0000000000000000001280924200603021000000000
0000000000000000001340d3022cb06ca7800000000
000000000000000000140113c200000000000000000
00000000000000000046c004d600000000000000000
0000000000000000004700051600000000000000000
000000000000000000114151040e1e0df5800000000
000000000000000000120191c40f0ecef1000000000
00000000000000000012c1d28400706051000000000
000000000000000000138213442cc04cb1000000000
0000000000000000001442540401d19181000000000
0000000000000000009867d5c200000000000000000
0000000000000000009927d6422b605b58800000000
0000000000004108b899e7d6c20e2dee15800000000
0000000000004189189aa7d7422f106f00800000000
0000000000004209780000000000804071000000000
0000000000004289d89b67d7c200000000033730004
000168176000430a380000000001e1b1a1000000000
00016a17e0000000001880184200000000000000000
00016c186000000000194059020000000002ded8006
0001701960000000001a0099c22e306e27800000000
00016e18e0000000001ac0da8200000000000000000
000000000000000000b3fc728620906080800000000
0000000000000000001b811b4200000000000000000
000000000000000000b47c72c600000000000000000
00000000000000000018c1588401f1e1d1000000000
0000000000000000001981994400000000000000000
0000000000000000001a41da042e404e31000000000
0000000000000000001b021ac400000000000000000
000000000000000000740033dc00000000000000000
0000000000000000001bc25b8400000000000000000
0000000000000000007480345c00000000000000000
000000000000438c78b4fc73060201c1f1000000000
000000000000440cd8b57c734600000000000000000
000000000000448d38b5fc738600000000039790004
000000000000450d984c000b962ce05cd8800000000
0000000000000000007c80341a00000000000000000
000172266000458df8bb427a0600000000000000000
00017426e0000000009feddd4200000000000000000
000176276000000000a0adddc222106200800000000
00017827e000000000a16dde4200000000000000000
00017a286000000000a22ddec200000000000000000
000000000000000000a2eddf4200000000033f38006
0000000000000000007cc0349a00000000000000000
000000000000000000750034dc00000000000000000
00000000000000000020001fc200000000000000000
00000000000000000020c0608200000000000000000
0000000000000000002180a14200000000000000000
0000000000000000002240e20200000000000000000
000000000000000000230122c200000000000000000
0000000000000000007580355c00000000000000000
0000000000000000007d00351a00000000000000000
0000000000000000002041600400000000000000000
0000000000000000002101a0c42e605e58800000000
00000000000000000021c1e18400000000000000000
000000000000000000228222440f7f3f25800000000
0000000000000000002342630400000000000000000
0000000000000000007d40359a00000000000000000
000000000000000000760035dc00000000000000000
000000000000461038bc427a8600000000000000000
0000000000004690987b803b5c00000000039f98006
0000000000004710f8a833e54200000000000000000
000000000000479158a773e4c200000000000000000
00017c3560004811b8a8f3e5c200000000000000000
00017e35e000000000a9b3e64200000000000000000
00018236e000000000aa73e6c200000000000000000
0001803660000000007d80361a00000000000000000
00018437600000000042803b9a00000000000000000
0000000000000000002840680200000000000000000
000000000000000000278027420f8f5f45800000000
0000000000000000002900a8c200000000000000000
00000000000000000029c0e98200000000000000000
0000000000000000002a812a4200000000000000000
000000000000000000bbc27a4600000000000000000
0000000000000000007c803c5c00000000000000000
0000000000000000002881a84400000000000000000
00000000000000000027c167840f9f8f75800000000
0000000000000000002941e90400000000000000000
0000000000000000002a0229c400000000000000000
0000000000000000002ac26a8400000000000000000
000000000000000000aef9ec4200000000000000000
000000000000000000afb9ecc200000000000000000
000000000000491458b079ed4200000000000000000
0000000000004893f8b1f9ee420faf6f95800000000
0000000000004994b8b139edc200000000000000000
0000000000004a15187c003bdc00000000000000000
0001864460004a957843003c9a00000000000000000
00018844e0000000002f002ec200000000000000000
00018a4560000000002fc06f8200000000000000000
00018c45e0000000003080b04200000000000000000
00018e466000000000320131c22fb06fa7800000000
0000000000000000003140f10200000000000000000
00000000000000000042c03c1a00000000000000000
000000000000000000bcc27ac600000000000000000
0000000000000000002f416f0400000000000000000
0000000000000000003001afc400000000000000000
00000000000000000030c1f08400000000000000000
000000000000000000324272042fc04fb1000000000
0000000000000000003182314400000000000000000
000000000000000000bd427b0600000000000000000
0000000000000000007d003cdc00000000000000000
0000000000004b17b88548440600000000000000000
0000000000004b981885c8444600000000000000000
0000000000004c18788648448600000000000000000
0000000000004d193886c844c600f0b0a583f7f0004
0001905360004c98d88748450600000000000000000
0001945460000000007d803d5c00000000000000000
00019253e00000000043403d1a00000000000000000
00019654e0000000004580055c00000000000000000
000198556000000000460005dc00000000000000000
0000000000000000004680065c00000000000000000
000000000000000000470006dc00000000000000000
0000000000000000004780075c00000000000000000
00000000000000000043803d9a00000000000000000
0000000000000000004c400bd600000000000000000
0000000000000000004880059a00000000000000000
00000000000000000048c0061a00000000000000000
0000000000000000004900069a00000000000000000
0000000000000000004940071a00000000000000000
0000000000000000004980079a0100d0c5800000000
0000000000000000004c800c1600000000000000000
0000000000000000004cc00c5600000000000000000
0000000000000000004d000c9600000000000000000
000000000000000000520013162fe05fd8800000000
0000000000000000005240135600000000000000000
0000000000000000005280139600000000000000000
00000000000000000052c013d6011100f5800000000
0000000000000000005300141603531301000000000
00000000000000000058001a9602723225800000000
00000000000000000058401ad600000000000000000
00000000000000000058801b160282524583fff8006
00000000000000000058c01b5600000000000000000
00000000000000000059001b9600000000000000000
0000000000000000005e0022160120e115800000000
0000000000000000005e40225603633321000000000
0000000000000000005e80229600000000000000000
0000000000000000005ec022d604d49481000000000
0000000000000000005f00231602928275800000000
0000000000000000006400299604e4b4a1000000000
000000000000000000644029d600000000000000000
00000000000000000064802a1621306127800000000
00000000000000000064c02a5606561601000000000
00000000000000000065002a9600000000000000000
0000000000000000000000000003736351000000000
0000000000000000000000000002a26295800000000
0000000000000000000000000004f4e4d1000000000
0000000000000000000000000006663621000000000
0000000000000000000000000007d79781000000000
0000000000000000000000000021404131000000000
000000000000000000b67ff3c200000000000000000
000000000000000000b73ff44200000000000000000
000000000000000000b7fff4c222b062a7800000000
000000000000000000b8bff54209591901000000000
000000000000000000b97ff5c206766651000000000
0000000000000000000000000003834371000000000
0000000000000000000000000007e7b7a1005450004
000000000000000000368036420504c4f1000000000
0000000000000000003740770209693921000000000
0000000000000000003800b7c222c042b1000000000
00000000000000000038c0f88200000000000000000
0000000000000000003981394206864671000000000
0000000000000000000000000023906380800000000
0000000000000000000000000007f7e7d1000000000
00000000000000000036c1768425106500800000000
0000000000000000003781b74409796951000000000
0000000000000000003841f8040000000000b4b0004
000000000000000000390238c400000000000000000
00000000000000000039c2798400000000000000000
0000000000000000008cce4b8626906680800000000
0000000000000000008d4e4bc60807c7f1000000000
0000000000004d9b788dce4c0600000000000000000
0000000000004e1bd88e4e4c4609894971000000000
0000000000004e9c388ece4c8600000000000000000
0000000000004f1c9894d4534600000000000000000
00019a6260004f9cf80000000021605158800000000
00019e6360000000004d000cdc00000000000000000
00019c62e0000000004d800d5c28106800800000000
0001a26460000000004e000ddc00000000000000000
0001a063e0000000004e800e5c29906980800000000
0000000000000000004f000edc00000000000000000
0000000000000000009454530600000000000000000
000000000000000000550014dc00000000005c58006
0000000000000000004e800d1a00000000000000000
0000000000000000004ec00d9a00000000000000000
0000000000000000004f000e1a22e052d8800000000
0000000000000000004f400e9a00000000000000000
0000000000000000004f800f1a00000000000000000
0000000000000000005480145c00000000000000000
0000000000000000009554538600000000000000000
00000000000000000054c0151a00000000000000000
00000000000000000095d453c600000000000000000
000000000000000000965454060000000000bcb8006
0000000000000000009bda5a8600000000000000000
0000000000000000009c5a5ac600000000000000000
0000000000000000005480149a00000000000000000
0000000000000000005580155c03f3b3a5800000000
0000000000000000009cda5b0600000000000000000
000000000000000000560015dc0403d3c5800000000
0000000000000000005680165c00000000000000000
0000000000000000005c001bdc00000000000000000
000000000000000000bdc5fb4200000000000000000
000000000000000000be85fbc200000000000000000
000000000000000000bf45fc4200000000000000000
0000000000000000008285fcc200000000000000000
0000000000000000008345fd4200000000000000000
0000000000000000005500159a041403f5800000000
0000000000000000005540161a05753525800000000
0000000000000000003e003dc200000000000000000
0000000000000000003ec07e8200000000000000000
0000000000000000003f80bf4200000000000000000
00000000000000000002c0c28200000000000000000
0000000000000000000381034200000000000000000
00000000000000000087cbc5420423e415800000000
000000000000000000888bc5c200000000000000000
0000000000000000003e417e0400000000000000000
0000000000000000003f01bec400000000000000000
0000000000000000003fc1ff8400000000000000000
000000000000000000030202c400000000000000000
00000000000000000003c2438405855545800000000
000000000000000000080007c224306427800000000
00000000000000000008c0488200000000000000000
000000000000501f388a0bc6c200000000000000000
000000000000509f98894bc64200000000000000000
000000000000511ff88acbc74200000000000000000
0000000000005181985580169a00000000000000000
0001a47160005201f85a801c1a05958575800000000
0001a671e0000000000841480424404431000000000
0001a8726000000000090188c400000000000000000
0001aa72e0000000000a40ca0200000000000000000
0001ac7360000000000980894200000000000000000
0000000000000000000b010ac200000000000000000
0000000000000000005c801c5c00000000000000000
0000000000000000005d001cdc00000000000000000
0000000000005284389dda5b8600000000011510004
0000000000005304989d5a5b4600000000000000000
0000000000000000000a820a4400000000000000000
00000000000000000009c1c98405a56595800000000
0000000000000000000b424b0400000000000000000
0000000000000000005ac01c9a00000000000000000
0000000000000000005b001d1a00000000000000000
0000000000000000005e001ddc00000000000000000
0000000000000000005d801d5c00000000000000000
000000000000540558a360620600000000000000000
0000000000005384f8a3e0624600000000000000000
0001ae0560005485b8a460628625b065a7800000000
0001b005e000000000a4e062c600000000000000000
0001b2066000000000a560630600000000000000000
0001b406e0000000005b801e1a00000000000000000
0001b60760000000005b401d9a00000000000000000
0000000000000000006380235c00000000000000000
000000000000000000640023dc06f6b6a5800000000
0000000000000000006480245c25c045b1000000000
000000000000000000650024dc00000000000000000
0000000000000000006580255c24605458800000000
000000000000000000aae6698600000000000000000
000000000000000000ab6669c600000000000000000
0000000000000000006080239a00000000000000000
00000000000000000060c0241a00000000000000000
0000000000000000006100249a00000000017570004
0000000000000000006140251a00000000000000000
0000000000000000006180259a0706d6c5811d18006
0000000000000000006b002adc00000000000000000
0000000000000000006b802b5c00000000000000000
000000000000000000abe66a0600000000000000000
000000000000000000ac666a4600000000000000000
000000000000000000ace66a8600000000000000000
0000000000000000006a00311600000000000000000
0000000000000000006a403156071706f5800000000
00000000000000000066802b1a00000000000000000
00000000000000000066c02b9a08783825800000000
0000000000000000006c002bdc00000000000000000
0000000000000000006c802c5c00000000000000000
0000000000000000006d002cdc08885845800000000
0000000000000000006a80319600000000000000000
0000000000000000006ac031d60726e715800000000
0000000000000000006b00321600000000000000000
0000000000000000007000389600000000000000000
00000000000000000067002c1a25e055d8800000000
00000000000000000067402c9a00000000000000000
0000000000000000008f51ccc20ada9a81000000000
0000000000000000009011cd4200000000000000000
00000000000000000090d1cdc227306727800000000
0000000000000000009191ce4200000000000000000
0000000000000000009251cec200000000000000000
00000000000000000067802d1a08988875817d78006
000000000000000000704038d609f9b9a5800000000
0000000000000000000f800f420aeabaa1000000000
0000000000000000001040500200000000000000000
000000000000000000110090c227404731000000000
00000000000000000011c0d18200000000000000000
000000000000000000128112420a09d9c5800000000
0000000000000000007080391608a86895800000000
00000000000000000070c0395600000000000000000
0000000000000000000fc14f840afaead1000000000
0000000000000000001081904400000000000000000
0000000000000000001141d1040000000001d5d0004
000000000000000000120211c400000000000000000
00000000000000000012c252840a1a09f5800000000
0000000000000000007100399628b068a7800000000
000000000000000000760002960c5c1c01000000000
0000000000005507f8768003160b0acaf1000000000
000000000000558858764002d600000000000000000
0000000000005608b87700039600000000000000000
00000000000056891896d7d44200000000000000000
0001b81460005709789857d5420a29ea15800000000
0001ba14e0000000009797d4c200000000000000000
0001bc1560000000009917d5c200000000000000000
0001c016600000000099d7d64200000000000000000
0001be15e00000000076c0035628c048b1000000000
0000000000000000007c000a162b106b00800000000
000000000000000000170016c20c6c3c21000000000
000000000000000000188098422a306a27800000000
00000000000000000017c0578200000000000000000
0000000000000000001940d9020ddd9d81000000000
0000000000000000001a0119c227605758800000000
0000000000000000007c400a5600000000023630004
000000000000000000b26c710600000000000000000
000000000000000000174157040c7c6c51000000000
00000000000000000018c1d8842a404a31000000000
000000000000000000180197c400000000000000000
000000000000000000198219440dedbda1000000000
0000000000000000001a425a040000000001ddd8006
000000000000000000b2ec714600000000000000000
0000000000000000007280325c00000000000000000
000000000000578bb8b36c71860c8c4c71000000000
000000000000588c78b46c720600000000029690004
000000000000580c18b3ec71c600000000000000000
000000000000590cd87cc00ad60dfdedd1000000000
0001c2236000598d387c800a960f5f1f01000000000
0001c423e000000000730032dc00000000000000000
0001c62460000000006c80329a00000000000000000
0001c824e0000000007380335c2c906c80800000000
0001ca2560000000007480345c00000000000000000
000000000000000000740033dc00000000000000000
0000000000000000007d000b1628e058d8800000000
000000000000000000420011960e0dcdf1000000000
0000000000000000006cc0331a00000000000000000
000000000000000000424011d600000000000000000
0000000000000000006d00339a00000000000000000
0000000000000000006d80349a00000000000000000
0000000000000000009e5ddbc200000000000000000
0000000000000000009f1ddc4200000000023e38006
0000000000000000009fdddcc200000000000000000
000000000000000000a09ddd422e106e00800000000
000000000000000000a15dddc200000000000000000
0000000000000000006d40341a2a605a58800000000
000000000000000000b9f278860f6f3f21000000000
0000000000000000001e801e4200000000000000000
0000000000000000001f405f020b7b3b25800000000
00000000000000000020009fc200d09081000000000
00000000000000000020c0e08200000000000000000
0000000000000000002181214200000000000000000
000000000000000000ba7278c600000000029e98006
0000000000000000007a0039dc00000000000000000
0000000000000000001ec15e840f7f6f51000000000
0000000000000000001f819f4400000000000000000
0000000000000000002041e00400000000000000000
000000000000000000210220c40b8b5b45800000000
00000000000000000021c2618400000000000000000
0000000000000000007a803a5c00000000000000000
000000000000000000a5e3e34200000000000000000
0000000000005a0f78a763e44200000000000000000
0000000000005a8fd8a6a3e3c200000000000000000
0000000000005b1038a823e4c200000000000000000
0000000000005b9098a8e3e54200000000000000000
0001cc3260005c10f872803a1a0b9b8b75800000000
0001ce32e00000000072c03a9a0f8f4f71000000000
0001d0336000000000260025c200000000000000000
0001d43460000000002780a74200000000000000000
0001d233e00000000026c0668200000000000000000
0000000000000000002840e80200000000000000000
000000000000000000290128c200000000000000000
000000000000000000ad69eac20bab6b95800000000
000000000000000000ae29eb422f906f80800000000
0000000000000000002641660400000000000000000
00000000000000000027c1e78400000000000000000
0000000000000000002701a6c400000000000000000
0000000000000000002882284400000000000000000
000000000000000000294269040cfcbca5800000000
0000000000000000002d802d422bb06ba7800000000
0000000000000000002e406e0200000000000000000
0000000000005c9338aee9ebc200000000000000000
0000000000005d93f8afa9ec4200000000000000000
0000000000005d1398b069ecc200000000000000000
0000000000005e1458baf2790600000000000000000
0001d64160005e94b8bbf2798600000000000000000
0001d841e0000000002dc16d842bc04bb1000000000
0001da4260000000002e81ae4400000000000000000
0001dc42e0000000002f00aec200000000000000000
0001de4360000000002fc0ef8200000000000000000
0000000000000000003081304200000000000000000
0000000000000000007b003adc00000000000000000
000000000000000000bb72794600000000000000000
0000000000005f16f883f842860000000002f6f0004
0000000000005f97587c003bdc00000000000000000
0000000000000000002f41ef0400000000000000000
00000000000000000030022fc400000000000000000
00000000000000000030c2708400000000000000000
00000000000000000073003b1a00000000000000000
0000000000000000007b803b5c00000000000000000
000000000000000000440003dc00000000000000000
00000000000000000073803c1a00000000000000000
0000000000006017b8847842c600000000000000000
0000000000006098188578434600000000000000000
0001e250e00061187884f8430600000000000000000
0001e050600000000085f8438600000000000000000
0001e451600000000073403b9a00000000000000000
0001e651e0000000007880041a00000000000000000
0001e85260000000008b7e4a0600000000000000000
0000000000000000004480045c00000000000000000
0000000000000000004580055c00000000000000000
000000000000000000450004dc00000000000000000
000000000000000000460005dc00000000000000000
000000000000000000428012162be05bd8800000000
0000000000000000008bfe4a4600000000000000000
0000000000000000004b800b5c00000000000000000
00000000000000000078c0049a00000000000000000
0000000000000000007940059a00000000000000000
0000000000000000007900051a0d0cdcc5800000000
0000000000000000007980061a00000000000000000
0000000000000000008c7e4a860000000002fef8006
0000000000000000004c000bdc00000000000000000
0000000000000000007e800b9a00000000000000000
0000000000000000008cfe4ac600000000000000000
0000000000000000008d7e4b0600000000000000000
00000000000000000042c012560d1d0cf5800000000
0000000000000000004300129600000000000000000
0000000000000000004c800c5c00000000000000000
0000000000000000007ec00c1a0e7e3e25800000000
0000000000000000004800191600000000000000000
0000000000000000004d000cdc0e8e5e45800000000
0000000000000000004d800d5c00000000000000000
000000000000000000484019560d2ced15800000000
0000000000000000004880199600000000000000000
0000000000000000007f000c9a00000000000000000
00000000000000000048c019d600000000000000000
00000000000000000049001a1600000000000000000
0000000000000000007f400d1a00e0b0a1000000000
0000000000000000007f800d9a0e9e8e75800000000
000000000000000000b4eff2422d306d27800000000
000000000000000000b5aff2c200000000000000000
000000000000000000b66ff34200000000000000000
000000000000000000b72ff3c200000000000000000
000000000000000000b7eff44200000000000000000
0000000000000000004e0020960fffbfa5800000000
0000000000000000004e4020d60eae6e95800000000
000000000000000000350034c22d404d31000000000
00000000000000000035c0758200f0e0d1000000000
0000000000000000003680b64202521201000000000
0000000000000000003740f70202623221000000000
000000000000000000380137c2000fdfc5800000000
0000000000000000004e80211600000000000000000
0000000000000000004ec021562eb06ea7800000000
0000000000000000003541750400000000035750004
0000000000000000003601b5c40100c0f1000000000
00000000000000000036c1f68400000000000000000
0000000000000000003782374402726251000000000
0000000000000000003842780400100ff5800000000
0000000000000000004f00219603d39381000000000
000000000000000000540028162ec04eb1000000000
000000000000619ab85480289600000000000000000
000000000000621b185440285621106100800000000
000000000000629b785500291600000000000000000
000000000000631bd854c028d600000000000000000
0001ea5f6000639c3800000000002fe015800000000
0001ec5fe0000000000000000002824271000000000
0001ee6060000000000000000003e3b3a103b7b0004
0001f060e0000000005a002f9600000000000000000
0001f261600000000092c4518600000000000000000
000000000000000000934451c600000000000000000
00000000000000000093c4520600000000000000000
0000000000000000009444524620306027800000000
0000000000000000005a402fd62d605d58800000000
00000000000000000094c4528622906280800000000
0000000000000000005a80301603f3e3d1000000000
000000000000000000530012dc05551501000000000
0000000000000000005380135c05653521000000000
000000000000000000540013dc00000000000000000
0000000000000000005480145c20404031000000000
0000000000000000005ac0305600000000035f58006
000000000000000000550014dc00000000000000000
0000000000000000009a4a59060403c3f1000000000
0000000000000000004480131a00000000000000000
00000000000000000044c0139a05756551000000000
0000000000000000004500141a06d69681000000000
0000000000000000004540149a2ee05ed8801410004
0000000000000000009aca594600000000000000000
0000000000000000004580151a00000000000000000
0000000000000000005a801a5c24106400800000000
0000000000000000009b4a598600000000000000000
0000000000000000009bca59c605854571000000000
0000000000000000009c4a5a0606e6b6a1000000000
0000000000000000005b0030960000000003bfb8006
0000000000000000005b001adc00000000000000000
0000000000000000000000000000000000000000000
0000000000000000004a801a9a01713125800000000
0000000000000000005b801b5c00000000000000000
0000000000000000005c001bdc00000000000000000
000000000000000000bc75f9c201815145800000000
000000000000000000bd35fa4225906580800000000
000000000000000000bdf5fac206f6e6d1000000000
000000000000000000beb5fb4200000000000000000
000000000000000000bf75fbc200000000000000000
0000000000000000004ac01b1a00000000000000000
0000000000000000004b001b9a20605058800000000
0000000000000000003c803c4201918175800000000
0000000000000000003d407d0200000000000000000
0000000000000000003e00bdc20706c6f1000000000
0000000000000000003ec0fe8200000000000000000
0000000000000000003f813f4200000000000000000
0000000000000000004b401c1a00000000000000000
000000000000000000867bc3c200000000001c18006
0000000000000000003cc17c8401a16195800000000
0000000000000000003d81bd4400000000000000000
0000000000000000003e41fe0427106700800000000
0000000000000000003f023ec402f2b2a5800000000
0000000000000000003fc27f8400000000000000000
000000000000000000873bc44200000000000000000
0000000000000000000680064200000000000000000
000000000000641e7888bbc54221b061a7800000000
000000000000649ed887fbc4c200000000000000000
000000000000651f38897bc5c200000000000000000
000000000000659f985c801c5c0302d2c5800000000
0001f46e6000661ff8a1d0608600000000000000000
0001f66ee0000000000740470200000000000000000
0001f86f600000000006c1468400000000000000000
0001fa6fe00000000008c0c88221c041b1000000000
0001fc706000000000080087c200000000000000000
0000000000000000000981094200000000000000000
0000000000000000004b801c9a031302f5800000000
0000000000000000008dc1cb4200000000000000000
0000000000000000000781874400000000000000000
0000000000006683788f41cc4200000000000000000
000000000000000000090208c400000000007470004
0000000000000000000841c80400000000000000000
00000000000000000009c2498400000000000000000
0000000000000000008e81cbc200000000000000000
0000000000000000000e000dc200000000000000000
0000000000006703d89001ccc200000000000000000
0000000000000000000f808f4200000000000000000
00000000000068049890c1cd4200000000000000000
000000000000678438620021dc0322e315800000000
0001fe7d60006884f8a2d0610600000000000000000
0002007de0000000000ec04e8200000000000000000
0002027e60000000000e414e0400000000000000000
0002047ee0000000001040d00200000000000000000
0002067f60000000000fc1cf8400000000000000000
000000000000000000110110c200000000000000000
0000000000000000005080221a23306327800000000
000000000000000000a25060c600000000000000000
0000000000000000000f018ec400000000000000000
000000000000690738630022dc00000000000000000
0000000000000000001082104421e051d8800000000
0000000000006a07f8a350614600000000000000000
0000000000000000001142510400000000000000000
000000000000000000a3d0618623404331000000000
0000000000000000006280225c00000000000000000
000000000000698798a9d6684600000000000000000
0000000000000000005100231a00000000000000000
0000000000006a8858a956680600000000007c78006
0000000000000000006380235c00000000000000000
0002081160006b08b8aa56688600000000000000000
00020a11e000000000640023dc0000000000d4d0004
00020c12600000000050c0229a00000000000000000
00020e12e0000000006a0029dc00000000000000000
000210136000000000aad668c600000000000000000
0000000000000000006980295c00000000000000000
0000000000000000005140239a00000000000000000
0000000000000000006a802a5c00000000000000000
0000000000000000005180241a00000000000000000
000000000000000000ab56690600000000000000000
00000000000000000056c02a1a00000000000000000
0000000000000000006b002adc00000000000000000
0000000000000000005680299a00000000000000000
000000000000000000b0dc6f8600000000000000000
00000000000000000057002a9a04743425800000000
000000000000000000b15c6fc600000000000000000
0000000000000000006b802b5c00000000000000000
0000000000000000009547d2c200000000000000000
0000000000000000009607d34204845445800000000
00000000000000000096c7d3c200000000000000000
0000000000000000009787d44223605358800000000
0000000000000000009847d4c200000000000000000
00000000000000000057402b1a00000000000000000
00000000000000000057802b9a00000000000000000
0000000000000000001580154205f5b5a5800000000
0000000000000000001640560204948475800000000
000000000000000000170096c200000000000000000
00000000000000000017c0d7820000000000dcd8006
0000000000000000001881184200000000000000000
000000000000000000710030dc00000000000000000
0000000000000000007180315c00000000000000000
00000000000000000015c1558400000000000000000
0000000000000000001681964404a46495800000000
0000000000000000001741d70400000000000000000
000000000000000000180217c40605d5c5800000000
00000000000000000018c2588400000000000000000
0000000000000000005c80311a00000000000000000
0000000000000000005cc0319a00000000000000000
0000000000006b8af8b1dc700600000000000000000
0000000000006c0b58b25c704600000000000000000
0000000000006c8bb8b2dc708624b064a7800000000
0000000000006d0c1860403756061605f5800000000
0002122060006d8c786000371600000000000000000
0002162160000000006080379600000000000000000
00021420e00000000060c037d600000000000000000
00021821e000000000720031dc00000000000000000
00021a2260000000009ccdda4200000000000000000
0000000000000000009d8ddac200000000000000000
0000000000000000009e4ddb4200000000000000000
0000000000000000009f0ddbc20625e615800000000
0000000000000000009fcddc4200000000000000000
0000000000000000007280325c24c044b1000000000
0000000000000000005d00321a07773725800000000
0000000000000000001d001cc200000000000000000
0000000000000000001dc05d8208581801000000000
0000000000000000001e809e4200000000000000000
0000000000000000001f40df0226306627800000000
00000000000000000020011fc208683821000000000
0000000000000000005d40329a00000000013530004
000000000000000000730032dc00000000000000000
0000000000000000001d415d0400000000000000000
0000000000000000001e019dc400000000000000000
0000000000000000001ec1de8400000000000000000
0000000000000000001f821f4426404631000000000
0000000000000000002042600408786851000000000
0000000000000000006100381600000000000000000
0000000000000000005d80331a00000000000000000
0000000000006e0eb866003e9600000000000000000
0000000000006e8f1866403ed600000000000000000
0000000000006f0f7866803f1600000000000000000
0000000000006f8fd866c03f5600000000019590004
00021c2f600070103867003f9607875745800000000
00021e2fe0000000006c00089600000000000000000
0002203060000000006c4008d600000000000000000
00022230e0000000006c80091600000000000000000
0002243160000000006cc0095600000000000000000
0000000000000000006d00099600000000000000000
0000000000000000007200101624e054d8800000000
0000000000000000007240105608884871000000000
0000000000000000007280109607978775800000000
00000000000000000072c010d609d99981000000000
0000000000000000007300111600000000000000000
0000000000000000007800179609e9b9a1000000000
000000000000000000784017d600000000000000000
0000000000000000007880181600000000013d38006
00000000000000000078c0185628906880800000000
0000000000000000007900189607a76795800000000
000000000000000000000000000b5b1b01000000000
000000000000000000000000000b6b3b21000000000
0000000000000000000000000009f9e9d1000000000
0000000000000000000000000026605658800000000
000000000000000000000000000cdc9c81000000000
000000000000000000b86277060cecbca1000000000
000000000000000000b8e2774627b067a7800000000
000000000000000000b962778600000000000000000
000000000000000000b9e277c600000000000000000
000000000000000000ba6278060a09c9f1000000000
000000000000000000000000000e5e1e01019d98006
000000000000000000000000000b7b6b51000000000
0000000000000000007880385c0cfcecd1000000000
000000000000000000790038dc27c047b1000000000
0000000000000000007980395c0e6e3e21000000000
0000000000000000007a0039dc00000000000000000
000000000000000000a453e1c22a106a00800000000
000000000000000000a513e24200000000000000000
000000000000000000a5d3e2c200000000000000000
000000000000000000a693e34200000000000000000
000000000000000000a753e3c20000000001f5f0004
0000000000000000006280389a0b8b4b71000000000
00000000000000000062c0391a0d0cccf1000000000
000000000000000000248024420e7e6e51000000000
0000000000000000002540650200000000000000000
0000000000000000002600a5c200000000000000000
00000000000000000026c0e68200000000000000000
0000000000000000002781274200000000000000000
0000000000000000006300399a2b906b80800000000
000000000000000000abd9e9422d106d00800000000
00000000000000000024c164840e8e4e71000000000
0000000000000000002581a54400000000000000000
0000000000000000002641e60400000000000000000
000000000000000000270226c400000000000000000
00000000000000000027c2678408f8b8a5800000000
000000000000000000ac99e9c200000000000000000
0000000000000000002c002bc200000000000000000
000000000000709278ad59ea422e906e80800000000
0000000000007112d8ae19eac200000000000000000
00000000000071933863403a1a27e057d8800000000
000000000000721398aed9eb4200000000000000000
0002263e60007293f87a803a5c00000000000000000
0002283ee0000000002cc06c8200000000000000000
00022a3f60000000002c416c0400000000000000000
00022e4060000000002d80ad4200000000000000000
00022c3fe0000000002e40ee0200000000000000000
000000000000000000bfe87e860000000001fdf8006
0000000000000000002f012ec200000000000000000
00000000000000000063803a9a00000000000000000
0000000000000000002d01acc400000000000000000
00000000000073163882e87ec600000000000000000
0000000000000000002dc1ed840908d8c5800000000
0000000000000000002e822e4400000000000000000
00000000000000000042803fdc00000000000000000
0000000000000000002f426f0400000000000000000
00000000000000000083687f0600000000000000000
00000000000073969883e87f4600000000000000000
000000000000000000430002dc00000000000000000
0000000000007416f884687f86091908f5800000000
0000000000007497588a6e48c600000000000000000
0000000000000000006880029a00000000000000000
0002304d60007517b889ee488600000000000000000
0002324de0000000004380035c00000000000000000
0002344e6000000000440003dc00000000000000000
0002364ee00000000068c0031a00000000000000000
0002384f6000000000b35ff0c200000000000000000
000000000000000000b41ff1420928e915800000000
000000000000000000b4dff1c200000000000000000
000000000000000000b59ff24200000000000000000
000000000000000000b65ff2c200000000000000000
0000000000000000006900039a00000000000000000
0000000000000000006940041a00000000000000000
0000000000000000003380334200000000000000000
0000000000000000003440740229306927800000000
0000000000000000003500b4c200000000000000000
00000000000000000035c0f58200000000000000000
000000000000000000368136420a7a3a25800000000
0000000000000000004480045c00000000000000000
0000000000000000004a0009dc00000000000000000
00000000000000000033c1738400000000000000000
0000000000000000003481b44429404931000000000
0000000000000000003541f50400000000000000000
000000000000000000360235c400000000000000000
00000000000000000036c276840a8a5a45800000000
0000000000000000006980049a00000000000000000
0000000000000000006e800a1a00000000000000000
0000000000007599f84a800a5c00000000000000000
000000000000761a588aee490600000000025650004
000000000000769ab88bee498600000000000000000
000000000000771b188b6e494600000000000000000
00023a5c6000779b78917450060a9a8a75800000000
00023c5ce00000000091f4504600000000000000000
00023e5d60000000009274508600000000000000000
0002405de0000000006ec00a9a00000000000000000
0002425e60000000004b000adc00000000000000000
0000000000000000004c000bdc00000000000000000
0000000000000000004b800b5c00000000000000000
0000000000000000005180115c0aaa6a95800000000
000000000000000000520011dc00000000000000000
0000000000000000005280125c00000000000000000
00000000000000000092f450c600000000000000000
0000000000000000006f000b1a00000000000000000
0000000000000000006f800c1a00000000000000000
0000000000000000006f400b9a00000000000000000
0000000000000000007480119a2ab06aa7800000000
00000000000000000074c0121a0bfbbba5800000000
0000000000000000007500129a29605958800000000
000000000000000000530012dc00000000000000000
0000000000000000009374510600000000000000000
00000000000000000098fa578600000000000000000
000000000000000000997a57c600000000000000000
00000000000000000099fa580600000000000000000
0000000000000000009a7a58462ac04ab1000000000
0000000000000000009afa588600000000025e58006
0000000000000000007540131a00000000000000000
0000000000000000005380135c0c0bdbc5800000000
000000000000000000590018dc00000000000000000
0000000000000000005980195c0d7d3d25800000000
0000000000000000005a0019dc00000000000000000
0000000000000000005a801a5c0000000002b6b0004
0000000000000000005b001adc00000000000000000
0000000000000000007e001f1600000000000000000
0000000000000000007580139a0c1c0bf5800000000
0000000000000000007a80191a00000000000000000
0000000000000000007ac0199a00000000000000000
0000000000000000007b001a1a00000000000000000
0000000000000000007e801f9600000000000000000
0000000000000000007b401a9a0d8d5d45800000000
0000000000000000007b801b1a00000000000000000
0000000000000000007e401f560c2bec15800000000
0000000000000000007ec01fd600000000000000000
0000000000000000007f00201600000000000000000
000000000000000000bae5f84200000000000000000
000000000000000000bba5f8c200000000000000000
000000000000000000bc65f94200000000000000000
000000000000000000bd25f9c200000000000000000
000000000000000000bde5fa422c306c27800000000
000000000000000000440026960d9d8d75800000000
000000000000000000444026d62ae05ad8800000000
0000000000000000003b003ac20efebea5800000000
0000000000000000003bc07b820f0edec5800000000
0000000000000000003c80bc420fdf9f81000000000
0000000000000000003d40fd020fefbfa1000000000
0000000000000000003e013dc22c404c31000000000
000000000000000000448027160dad6d95800000000
00000000000000000044c027560000000002beb8006
0000000000000000003b417b0400000000000000000
0000000000000000003c01bbc40f1f0ef5800000000
0000000000000000003cc1fc8400000000000000000
0000000000000000003d823d440fffefd1000000000
0000000000000000003e427e0400000000031710004
000000000000000000450027962db06da7800000000
0000000000000000004a002e1601511101000000000
000000000000781db84a802e9600000000000000000
000000000000789e184a402e560f2eef15800000000
000000000000791e784b002f1600000000000000000
000000000000799ed84ac02ed600000000000000000
0002446b60007a1f380000000001613121000000000
0002466be000000000000000002dc04db1000000000
0002486c600000000000000000000fcff1000000000
00024a6ce0000000005000359600000000000000000
00024c6d6000000000504035d600000000000000000
000000000000000000508036162f306f27800000000
00000000000000000050c0365600000000000000000
00000000000000000084ebffc201716151000000000
00000000000000000085abc2c200000000037770004
000000000000000000866bc34200000000000000000
000000000000000000872bc3c220106000800000000
00000000000000000087ebc44202d29281000000000
000000000000000000510036962c605c58800000000
000000000000000000000000002f404f31000000000
000000000000000000050004c201814171000000000
00000000000000000005c0458202e2b2a1000000000
0000000000000000000680864204541401000000000
0000000000000000000740c70200000000000000000
000000000000000000080107c204643421000000000
000000000000000000a0405f0600000000031f18006
000000000000000000a0c05f460000000003d7d0004
0000000000000000000541450421906180800000000
000000000000000000060185c402f2e2d1000000000
00000000000000000006c1c68400000000000000000
0000000000000000000782074400000000000000000
0000000000000000000842480404746451000000000
0000000000000000006080205c00000000000000000
000000000000000000610020dc2de05dd8800000000
0000000000007a82b8a1405f8600000000000000000
0000000000007b0318a1c05fc60302c2f1000000000
0000000000007b8378a240600600000000000000000
0000000000007c03d8a84666c600000000000000000
00024e7a60007c8438a7c6668604844471000000000
0002507ae0000000004080209a00000000000000000
0002527b600000000040c0211a00000000037f78006
0002547be0000000006180215c00000000000000000
0002567c6000000000620021dc23106300800000000
0000000000000000006280225c00000000000000000
0000000000000000008c71c9c200000000000000000
0000000000000000008d31ca422f605f58800000000
0000000000000000008df1cac224906480800000000
0000000000000000008eb1cb4200000000000000000
0000000000000000008f71cbc200000000000000000
0000000000000000004100219a00000000000000000
0000000000000000004140221a00000000000000000
0000000000000000000c800c4200000000000000000
0000000000000000000d404d020000000003dfd8006
0000000000000000000e008dc200703025800000000
0000000000000000000ec0ce8200000000000000000
0000000000000000000f810f4200000000000000000
0000000000000000004180229a00000000000000000
000000000000000000680027dc00000000000000000
0000000000000000000cc14c8400000000000000000
0000000000000000000d818d4400000000000000000
0000000000000000000e41ce0400000000000000000
0000000000000000000f020ec400000000000000000
0000000000000000000fc24f8400805045800000000
00000000000000000093f7d14200000000000000000
00000000000000000094b7d1c200000000000000000
0000000000007d06789577d24200000000000000000
0000000000007d86d89637d2c200000000000000000
0000000000007e07384680281a00000000000000000
0000000000007e879896f7d34200000000000000000
0002580e60007f07f86880285c00908075800000000
00025a0ee000000000140013c200000000000000000
00025c0f600000000014c0548200000000000000000
0002601060000000001580954200000000000000000
00025e0fe0000000001640d60200000000000000000
0000000000000000009b7dd8c200000000000000000
000000000000000000170116c200000000000000000
0000000000000000009c3dd94200a06095800000000
0000000000000000001441540400000000000000000
000000000000000000150194c400000000000000000
00000000000000000015c1d58400000000000000000
0000000000000000001682164400000000000000000
0000000000000000001b801b4200000000000000000
0000000000000000001742570400000000000000000
0000000000000000001c405c0220b060a7800000000
0000000000007f8a389cfdd9c200000000000000000
000000000000800a989dbdda4200000000000000000
000000000000808af846c0289a00000000000000000
000000000000810b589e7ddac200000000000000000
0000000000000000001bc15b8400000000000000000
0002641de000818bb8a8c6670600000000000000000
0002621d60000000001c819c4420c040b1000000000
0002661e60000000001d009cc200000000000000000
0002681ee0000000001dc0dd8200000000000000000
00026a1f6000000000a946674600000000000000000
0000000000000000001e811e4200000000000000000
000000000000820df8a9c6678600000000000000000
000000000000000000690028dc00000000000000000
000000000000828e58af4c6e0600000000003430004
0000000000000000001d41dd0401f1b1a5800000000
0000000000000000001e021dc400000000000000000
0000000000000000006980295c00000000000000000
0000000000000000001ec25e8400000000000000000
0000000000000000006a0029dc00000000000000000
0000000000000000004700291a00000000000000000
0000000000000000006f802f5c00000000000000000
000000000000830eb8b04c6e8600000000000000000
000000000000838f18afcc6e4600000000000000000
0000000000000000004740299a00000000000000000
00026c2c6000840f78b14c6f0600000000000000000
0002702d600000000047802a1a00000000000000000
00026e2ce000000000b0cc6ec600000000000000000
0002722de0000000004c802f9a00000000000000000
0002742e60000000007080305c00000000000000000
00000000000000000070002fdc00000000000000000
000000000000000000b6d2758600000000000000000
0000000000000000007180315c00000000000000000
000000000000000000b75275c600000000000000000
000000000000000000710030dc20e050d8800000000
000000000000000000b7d2760600000000000000000
0000000000000000004d00309a0201d1c5800000000
0000000000000000004cc0301a00000000000000000
000000000000000000770036dc00000000000000000
0000000000000000004d80319a00000000000000000
0000000000000000007780375c00000000000000000
0000000000000000004d40311a00000000003c38006
000000000000000000780037dc00000000000000000
000000000000000000b8527646021201f5800000000
000000000000000000b8d2768600000000000000000
0000000000000000005280371a00000000000000000
00000000000000000056003d1600000000000000000
00000000000000000052c0379a00000000000000000
00000000000000000056403d5600000000000000000
0000000000000000005300381a03733325800000000
0000000000000000007880385c00000000000000000
000000000000000000790038dc0221e215800000000
00000000000000000056803d9600000000000000000
00000000000000000056c03dd603835345800000000
00000000000000000057003e1600000000000000000
0000000000000000005c00071600000000000000000
0000000000000000005c40075600000000000000000
0000000000000000005340389a00000000000000000
0000000000000000005380391a00000000000000000
0000000000000000005c80079622306227800000000
000000000000000000a2c3e04205d59581000000000
000000000000000000a383e0c200000000000000000
000000000000000000a443e14200000000000000000
000000000000000000a503e1c200000000000000000
000000000000000000a5c3e24200000000000000000
0000000000000000005cc007d603938375800000000
0000000000000000005d00081622404231000000000
000000000000000000230022c204f4b4a5800000000
00000000000000000023c0638205e5b5a1000000000
0000000000000000002480a4420504d4c5800000000
0000000000000000002540e50207571701000000000
000000000000000000260125c200000000000000000
00000000000000000062000e9603a36395800000000
00000000000000000062400ed600000000009490004
0000000000000000002341630400000000000000000
0000000000000000002401a3c405f5e5d1000000000
00000000000000000024c1e484051504f5800000000
0000000000000000002582254407673721000000000
0000000000000000002642660400000000000000000
00000000000000000062800f1623b063a7800000000
00000000000000000062c00f5600000000000000000
0000000000008491b863000f9600000000000000000
000000000000851218684016560605c5f1000000000
000000000000859278680016160524e515800000000
0000000000008612d868c016d607776751000000000
0002763b60008693386880169600000000000000000
0002783be0000000006900171608d89881000000000
00027a3c60000000000000000023c043b1000000000
00027c3ce0000000006e001d9600000000000000000
00027e3d60000000006e401dd626106600800000000
0000000000000000006e801e1625306527800000000
0000000000000000006ec01e5600000000000000000
0000000000000000006f001e9622605258800000000
0000000000000000000000000008e8b8a1000000000
000000000000000000000000000000000000f4f0004
0000000000000000000000000007874771000000000
000000000000000000be587d0600000000000000000
000000000000000000bed87d460a6a3a21000000000
000000000000000000bf587d8625404531000000000
000000000000000000bfd87dc600000000009c98006
00000000000000000082d87e0600000000000000000
0000000000000000000000000008f8e8d1000000000
0000000000000000000000000027906780800000000
0000000000000000007e803e5c0a5a1a01000000000
0000000000000000007f003edc0bdb9b81000000000
0000000000000000007f803f5c0bebbba1015550004
00000000000000000042803fdc00000000000000000
000000000000000000430002dc00000000000000000
000000000000000000000000000908c8f1000000000
000000000000000000885e470600000000000000000
00000000000000000058803e9a0a7a6a51000000000
00000000000000000058c03f1a00000000000000000
00000000000000000059003f9a0bfbebd1000000000
0000000000000000005940029a23e053d8800000000
0000000000000000005980031a00000000000000000
00000000000000000088de474629106900800000000
0000000000000000004880085c00000000000000000
000000000000000000895e478600000000000000000
000000000000000000aa49e7c200000000000000000
000000000000000000ab09e84200000000000000000
000000000000000000abc9e8c20000000000fcf8006
000000000000000000ac89e94200000000000000000
000000000000000000ad49e9c200000000000000000
0000000000000000005e80089a06763625800000000
000000000000000000490008dc25605558800000000
0000000000000000002a802a4206865645800000000
0000000000000000002b406b020a8a4a71000000000
0000000000000000002c00abc20c0bcbf1000000000
0000000000000000002cc0ec8200000000000000000
0000000000000000002d812d4200000000000000000
0000000000000000004980095c00000000000000000
0000000000000000005ec0091a00000000015d58006
0000000000000000002ac16a8406968675800000000
0000000000000000002b81ab442a906a80800000000
0000000000000000002c41ec042c106c00800000000
0000000000000000002d022cc400000000000000000
0000000000000000002dc26d8400000000000000000
0000000000000000005f00099a00000000000000000
00000000000000000089de47c600000000000000000
000000000000871578b1cfef4206a66695800000000
0000000000008795d8b28fefc200000000000000000
000000000000881638b40ff0c200000000000000000
000000000000889698b34ff04200000000000000000
0002804a60008916f8b4cff14200000000000000000
0002824ae0000000008a5e480607f7b7a5800000000
0002844b60000000004a0009dc00000000000000000
0002864be000000000320031c226b066a7800000000
0002884c600000000032c0728200000000000000000
0000000000000000003440f40200000000000000000
0000000000000000003380b34200000000000000000
000000000000000000350134c200000000000000000
000000000000000000b955f6c200000000000000000
000000000000000000ba15f74200000000000000000
0000000000000000003241720426c046b1000000000
0000000000000000003301b2c400000000000000000
0000000000000000003482344400000000000000000
00000000000000000033c1f38400000000000000000
0000000000000000003542750400000000000000000
0000000000000000003980394200000000000000000
0000000000000000003a407a0200000000000000000
000000000000899938bad5f7c20000000001b5b0004
0000000000008a1998bb95f84200000000000000000
0000000000008b1a58bc55f8c200000000000000000
0000000000008a99f85f400a1a00000000000000000
00028a5960008b9ab88fe44e8600000000000000000
00028c59e00000000039c1798400000000000000000
00028e5a60000000003a81ba4400000000000000000
0002905ae0000000003b00bac200000000000000000
0002925b60000000003bc0fb8200000000000000000
0000000000000000003c813c4200000000000000000
0000000000000000004a800a5c00000000000000000
00000000000000000050000fdc00000000000000000
0000000000008c1cf890e44f0600000000000000000
0000000000008c9d5890644ec600000000000000000
0000000000000000003b41fb0400000000000000000
0000000000000000003c023bc40807d7c5800000000
0000000000000000003cc27c8400000000000000000
0000000000000000005f800a9a00000000000000000
0000000000000000006480101a00000000000000000
000000000000000000510010dc26e056d8800000000
0000000000000000005080105c00000000000000000
0000000000008d1db891e44f8600000000000000000
0000000000008d9e1891644f46081807f5800000000
0000000000008e1e78976a560600000000000000000
00000000000000000097ea564600000000000000000
000000000000000000986a568600000000000000000
0000000000000000006500111a0000000001bdb8006
00000000000000000064c0109a00000000000000000
000000000000000000520011dc00000000000000000
0000000000000000005180115c0827e815800000000
0000000000000000005780175c00000000000000000
000000000000000000580017dc00000000000000000
0000000000000000005880185c00000000000000000
00000000000000000098ea56c600000000000000000
000000000000000000996a570600000000000000000
0000000000000000006580121a00000000000000000
0000000000000000006540119a28306827800000000
0000000000000000006a80179a00000000000000000
0000000000000000006ac0181a00000000000000000
0000000000000000006b00189a09793925800000000
000000000000000000590018dc00000000000000000
0000000000000000005980195c00000000000000000
0000000000000000009ef05d8600000000000000000
0000000000000000009f705dc628404831000000000
0000000000000000009ff05e0600000000000000000
000000000000000000835bfe4200000000000000000
000000000000000000841bfec200000000000000000
00000000000000000084dbff4200000000000000000
000000000000000000859bffc209895945800000000
000000000000000000865bc2c200000000000000000
0000000000000000006b40191a0afabaa5821610004
0000000000000000006b80199a00000000000000000
0000000000000000000380034200000000000000000
0000000000000000000440440200000000000000000
000000000000000000050084c200000000000000000
00000000000000000005c0c58200000000000000000
0000000000000000000681064209998975800000000
0000000000000000005f001edc00000000000000000
0000000000000000005f801f5c00000000000000000
00000000000000000003c1438400000000000000000
0000000000000000000481844400000000000000000
0000000000000000000541c50400000000000000000
000000000000000000060205c40b0adac5800000000
00000000000000000006c2468409a96995800000000
00000000000000000070801f1a00000000000000000
00000000000000000070c01f9a00000000000000000
0000000000008e81f8a0705e4600000000000000000
0000000000008f025860001fdc00000000000000000
0000000000008f82b8a0f05e8600000000000000000
000000000000900318744025560b1b0af5800000000
0000000000009083787400251628605858800000000
0000000000000000007480259629b069a7800000000
00000000000000000074c025d600000000000000000
0000000000000000006080205c00000000000000000
0000000000000000007100201a00000000000000000
000000000000000000610020dc00000000000000000
0000000000000000007500261600000000000000000
0000000000000000007a002c9600000000021e18006
0000000000000000007a402cd629c049b1000000000
0000000000000000007a802d160b2aeb15800000000
0000000000000000007140209a0c7c3c25800000000
0000000000000000007ac02d5600000000000000000
0000000000000000007180211a0d5d1d01000000000
0000000000000000007b002d9600000000000000000
0000000000000000000000000000000000000000000
000000000000000000000000000d6d3d21027670004
0000000000000000000000000000000000000000000
000000000000000000000000002b306b27800000000
0000000000000000000000000000000000000000000
0000000000000000000000000000000000000000000
000000000000000000000000000ede9e81000000000
0000000000000000000000000000000000000000000
000000000000000000000000000c8c5c45800000000
000000000000000000000000000d7d6d51000000000
000000000000000000000000002b404b31000000000
000000000000000000000000000eeebea1000000000
0000000000000000008ae1c84200000000000000000
0000000000000000008ba1c8c200000000000000000
0000000000000000008c61c94200000000000000000
0000000000000000008d21c9c200000000000000000
0000000000000000008de1ca4200000000000000000
000000000000000000000000000000000002d6d0004
000000000000000000000000000c9c8c75800000000
0000000000000000000b000ac20d8d4d71000000000
0000000000000000000bc04b8229e059d8800000000
0000000000000000000c808c420efeeed1000000000
0000000000000000000d40cd0200000000000000000
0000000000000000000e010dc200000000000000000
0000000000000000000000000000000000000000000
000000000000000000000000000cac6c95800000000
0000000000000000000b414b042d906d80800000000
0000000000000000000c018bc400000000027e78006
0000000000000000000cc1cc840f0ecef1000000000
0000000000000000000d820d4400000000000000000
0000000000000000000e424e0400000000000000000
0000000000000000000000000000000000000000000
000000000000000000000000002cb06ca7800000000
0000000000009105b8a676650600000000000000000
000000000000918618a6f6654600000000000000000
000000000000920678a77665862f106f00800000000
0000000000009286d8000000002b605b58800000000
000000000000930738a7f665c600000000000000000
000000000000000000a876660600000000000000000
000000000000000000000000002cc04cb1000000000
0000000000000000006680265c00000000000000000
000000000000000000670026dc00000000000000000
0000000000000000006780275c00000000000000000
000000000000000000adfc6c860000000002ded8006
000000000000000000680027dc00000000000000000
0000000000000000006880285c00000000000000000
0000000000000000009267cfc200000000033730004
0000000000000000009327d04200000000000000000
00000000000000000093e7d0c200000000000000000
00000000000000000094a7d14200000000000000000
0000000000000000009567d1c200000000000000000
0000000000000000007680269a00000000000000000
00000000000000000076c0271a00000000000000000
0000000000000000001280124200000000000000000
0000000000000000001340530200000000000000000
000000000000000000140093c200000000000000000
00000000000000000014c0d48200000000000000000
0000000000000000001581154200000000000000000
0000000000000000007700279a00000000000000000
0000000000000000007740281a00000000000000000
00000000000000000012c1528400000000000000000
0000000000000000001381934400000000000000000
0000000000000000001441d40400000000000000000
000000000000000000150214c400000000000000000
00000000000000000015c255840dfdbda5800000000
00000000000000000099edd7422ce05cd8800000000
0000000000000000009aadd7c200000000000000000
0000000000009389789b6dd84200000000000000000
0000000000009409d89c2dd8c200000000000000000
000000000000948a387780289a00000000000000000
000000000000950a989cedd94200000000000000000
000000000000958af8000000000e0dddc5800000000
0000000000000000001a0019c200000000033f38006
0000000000000000001ac05a8200000000000000000
0000000000000000001b809b4200000000000000000
0000000000000000001c40dc0200000000000000000
0000000000000000006e002ddc00000000000000000
0000000000000000001d011cc200000000000000000
000000000000000000ae7c6cc60e1e0df5800000000
0000000000000000001a415a0400000000000000000
0000000000000000001b019ac400000000000000000
0000000000000000001bc1db8400000000000000000
0000000000000000001c821c4400000000000000000
0000000000000000007c802e1a00000000000000000
0000000000000000001d425d0400000000000000000
0000000000000000006e802e5c0e2dee15800000000
000000000000960d38aefc6d0600000000000000000
000000000000968d98af7c6d4600000000000000000
000000000000970df8affc6d8600000000000000000
000000000000978e580000000000000000000000000
0000000000000000000000000000000000000000000
000000000000980eb8a173dec200000000000000000
000000000000000000a233df422e306e27800000000
000000000000000000a2f3dfc200000000000000000
000000000000000000a3b3e04200000000000000000
000000000000000000a473e0c200000000000000000
0000000000000000007cc02e9a00000000000000000
0000000000000000006f002edc00000000000000000
0000000000000000002180214200000000000000000
000000000000000000224062022e404e31000000000
0000000000000000002300a2c200000000000000000
00000000000000000023c0e38200000000000000000
0000000000000000002481244200000000000000000
0000000000000000006f802f5c00000000000000000
0000000000000000007d002f1a00000000000000000
00000000000000000021c1618400000000000000000
0000000000000000002281a24400000000039790004
0000000000000000002341e30400000000000000000
000000000000000000240223c40f7f3f25800000000
00000000000000000024c2648400000000000000000
0000000000000000007d402f9a00000000000000000
00000000000000000070002fdc00000000000000000
0000000000009890f80000000000000000000000000
0000000000009911580000000000000000000000000
0000000000009991b80000000000000000000000000
0000000000009a12180000000000000000000000000
0000000000009a92780000000000000000000000000
0000000000000000000000000000000000000000000
0000000000000000007d80301a00000000000000000
0000000000000000000000000000000000000000000
0000000000000000000000000000000000000000000
0000000000000000000000000000000000000000000
000000000000000000000000000f8f5f45800000000
0000000000000000000000000000000000000000000
0000000000000000000000000000000000000000000
000000000000000000000000002e605e58800000000
0000000000000000000000000000000000000000000
0000000000000000000000000000000000000000000
0000000000000000000000000000000000000000000
000000000000000000000000000f9f8f75800000000
0000000000000000000000000000000000000000000
0000000000000000000000000000000000000000000
0000000000000000000000000000000000039f98006
0000000000000000000000000000000000000000000
0000000000000000000000000000000000000000000
0000000000000000000000000000000000000000000
000000000000000000000000000faf6f95800000000
0000000000000000000000000000000000000000000
0000000000000000000000000000000000000000000
0000000000000000000000000000000000000000000
0000000000000000000000000000000000000000000
0000000000000000000000000000000000000000000
0000000000000000000000000000000000000000000
000000000000000000000000002fb06fa7800000000
0000000000000000000000000000000000000000000
0000000000000000000000000000000000000000000
0000000000000000000000000000000000000000000
0000000000000000000000000000000000000000000
0000000000000000000000000000000000000000000
0000000000000000000000000000000000000000000
000000000000000000000000002fc04fb1000000000
000000000000000000a8f9e64200000000000000000
000000000000000000a9b9e6c200000000000000000
000000000000000000aa79e74200000000000000000
000000000000000000ab39e7c200000000000000000
000000000000000000abf9e84200000000000000000
0000000000000000000000000000000000000000000
000000000000000000000000000000000003f7f0004
000000000000000000290028c200000000000000000
00000000000000000029c0698200000000000000000
0000000000000000002a80aa4200000000000000000
0000000000000000002b40eb0200000000000000000
0000000000000000002c012bc200000000000000000
0000000000000000000000000000000000000000000
0000000000000000000000000000000000000000000
0000000000000000002941690400000000000000000
0000000000000000002a01a9c400000000000000000
0000000000000000002ac1ea8400000000000000000
0000000000000000002b822b4400000000000000000
0000000000000000002c426c0400000000000000000
0000000000000000000000000000000000000000000
0000000000000000000000000000000000000000000
0000000000009b14b80000000000000000000000000
0000000000009b95180000000000000000000000000
0000000000009c15780000000000000000000000000
0000000000009c95d80000000000000000000000000
0000000000009d1638000000002fe05fd8800000000
0000000000000000000000000000000000000000000
0000000000000000000000000000000000000000000
0000000000000000000000000000000000000000000
0000000000000000000000000000000000000000000
0000000000000000000000000000000000000000000
0000000000000000000000000000000000000000000
000000000000000000000000000000000003fff8006
0000000000000000000000000000000000000000000
0000000000000000000000000000000000000000000
0000000000000000000000000000000000000000000
0000000000000000000000000000000000000000000
0000000000000000000000000000000000000000000
0000000000000000000000000000000000000000000
0000000000000000000000000000000000000000000
0000000000000000000000000000000000000000000
0000000000000000000000000000000000000000000
0000000000000000000000000000000000000000000
0000000000000000000000000000000000000000000
0000000000000000000000000000000000000000000
0000000000000000000000000000000000000000000
0000000000000000000000000000000000000000000
0000000000000000000000000000000000000000000
0000000000000000000000000000000000000000000
0000000000000000000000000000000000000000000
0000000000000000000000000000000000000000000
000000000000000000b07fedc200000000000000000
000000000000000000b13fee4200000000000000000
000000000000000000b1ffeec200000000000000000
000000000000000000b2bfef4200000000000000000
000000000000000000b37fefc200000000000000000
0000000000000000000000000000000000000000000
0000000000000000000000000000000000000000000
0000000000000000003080304200000000000000000
0000000000000000003140710200000000000000000
0000000000000000003200b1c200000000000000000
00000000000000000032c0f28200000000000000000
0000000000000000003381334200000000000000000
0000000000000000000000000000000000000000000
0000000000000000000000000000000000000000000
00000000000000000030c1708400000000000000000
0000000000000000003181b14400000000000000000
0000000000000000003241f20400000000000000000
000000000000000000330232c400000000000000000
00000000000000000033c2738400000000000000000
0000000000000000000000000000000000000000000
0000000000000000000000000000000000000000000
0000000000009d98780000000000000000000000000
0000000000009e18d80000000000000000000000000
0000000000009e99380000000000000000000000000
0000000000009f19980000000000000000000000000
0000000000009f99f80000000000000000000000000
0000000000000000000000000000000000000000001
0000000060000000000000000000000000000000000
00000201e0000000000000000000000000000000000
0000040360000000000000000000000000000000000
00000604e000000000000000000000000008040208a
0000080660000000000000000000000000000000000
00000a07e0000000000000000000000000000000000
00000c0960000000000000000000000000000000000
00000e0ae000000000000000000000000008100e08a
0000100c60000000000000000000000000000000000
0000120de0000000000000000000000000000000000
0000140f60000000000000000000000000000000000
00001610e0000000000000000000000000081c1a08a
0000181260000000000000000000000000000000000
00001a13e0000000000000000000000000000000000
00001c1560000000000000000000000000000000000
00001e16e000000000000000000000000008282608a
0000201860000000000000000000000000000000000
00002219e0000000000000000000000000000000000
0000241b60000000000000000000000000000000000
0000261ce000000000000000000000000008343208a
0000281e60000000000000000000000000000000000
00002a1fe0000000000000000000000000000000000
00002c2160000000000000000000000000000000000
000030246000000000000000000000000008403e08a
00002e22e0000000000000000000000000000000000
00003225e0000000000000000000000000000000000
0000342760000000000000000000000000000000000
00003628e0000000000000000000000000084c4a08a
0000382a60000000000000000000000000000000000
00003a2be0000000000000000000000000000000000
00003c2d60000000000000000000000000000000000
00003e2ee000000000000000000000000008585608a
0000403060000000000000000000000000000000000
00004231e0000000000000000000000000000000000
0000443360000000000000000000000000000000000
00004634e000000000000000000000000008646208a
0000483660000000000000000000000000000000000
00004a37e0000000000000000000000000000000000
00004c3960000000000000000000000000000000000
0000503c6000000000000000000000000008706e08a
00004e3ae0000000000000000000000000000000000
0000523de0000000000000000000000000000000000
0000543f60000000000000000000000000000000000
00005640e0000000000000000000000000087c7a08a
0000584260000000000000000000000000000000000
00005a43e0000000000000000000000000000000000
00005c4560000000000000000000000000000000000
00005e46e000000000000000000000000008888608a
0000604860000000000000000000000000000000000
00006249e0000000000000000000000000000000000
0000644b60000000000000000000000000000000000
0000664ce000000000000000000000000008949208a
0000684e60000000000000000000000000000000000
00006a4fe0000000000000000000000000000000000
00006c5160000000000000000000000000000000000
000070546000000000000000000000000008a09e08a
00006e52e0000000000000000000000000000000000
00007255e0000000000000000000000000000000000
0000745760000000000000000000000000000000000
00007658e000000000000000000000000008acaa08a
0000785a60000000000000000000000000000000000
00007a5be0000000000000000000000000000000000
00007c5d60000000000000000000000000000000000
00007e5ee000000000000000000000000008b8b608a
0000806060000000000000000000000000000000000
00008261e0000000000000000000000000000000000
0000846360000000000000000000000000000000000
00008664e000000000000000000000000008c4c208a
0000886660000000000000000000000000000000000
00008a67e0000000000000000000000000000000000
00008c6960000000000000000000000000000000000
0000906c6000000000000000000000000008d0ce08a
00008e6ae0000000000000000000000000000000000
0000926de0000000000000000000000000000000000
0000946f60000000000000000000000000000000000
00009670e000000000000000000000000008dcda08a
0000987260000000000000000000000000000000000
00009a73e0000000000000000000000000000000000
00009c7560000000000000000000000000000000000
00009e76e000000000000000000000000008e8e608a
0000a07860000000000000000000000000000000000
0000a279e0000000000000000000000000000000000
0000a47b60000000000000000000000000000000000
0000a67ce000000000000000000000000008f4f208a
0000a87e60000000000000000000000000000000000
0000000000000000000000000000000000000000000
0000000000000000000000000000000000000000000
00000000000000000000000000000000000900fe08a
0000000000000000000000000000000000000000000
0000000000000000000000000000000000000000000
0000000000000000000000000000000000000000000
0000000000000000000000000000000000090d0a08a
0000000000000000000000000000000000000000000
0000000000000000000000000000000000000000000
0000000000000000000000000000000000000000000
000000000000000000000000000000000009191608a
0000000000000000000000000000000000000000000
0000000000000000000000000000000000000000000
0000000000000000000000000000000000000000000
000000000000000000000000000000000009252208a
0000000000000000000000000000000000000000000
0000000000000000000000000000000000000000000
0000000000000000000000000000000000000000000
000000000000000000000000000000000009312e08a
0000000000000000000000000000000000000000000
0000000000000000000000000000000000000000000
0000000000000000000000000000000000000000000
0000000000000000000000000000000000093d3a08a
0000000000000000000000000000000000000000000
0000000000000000000000000000000000000000000
0000000000000000000000000000000000000000000
000000000000000000000000000000000009494608a
0000000000000000000000000000000000000000000
0000000000000000000000000000000000000000000
0000000000000000000000000000000000000000000
000000000000000000000000000000000009555208a
0000000000000000000000000000000000000000000
0000000000000000000000000000000000000000000
0000000000000000000000000000000000000000000
000000000000000000000000000000000009615e08a
0000000000000000000000000000000000000000000
0000000000000000000000000000000000000000000
0000000000000000000000000000000000000000000
0000000000000000000000000000000000096d6a08a
0000000000000000000000000000000000000000000
0000000000000000000000000000000000000000000
0000000000000000000000000000000000000000000
000000000000000000000000000000000009797608a
0000000000000000000000000000000000000000000
0000000000000000000000000000000000000000000
0000000000000000000000000000000000000000000
000000000000000000000000000000000009858208a
0000000000000000000000000000000000000000000
0000000000000000000000000000000000000000000
0000000000000000000000000000000000000000000
000000000000000000000000000000000009918e08a
0000000000000000000000000000000000000000000
0000000000000000000000000000000000000000000
0000000000000000000000000000000000000000000
0000000000000000000000000000000000099d9a08a
0000000000000000000000000000000000000000000
0000000000000000000000000000000000000000000
0000000000000000000000000000000000000000000
000000000000000000000000000000000009a9a608a
0000000000000000000000000000000000000000000
0000000000000000000000000000000000000000000
0000000000000000000000000000000000000000000
000000000000000000000000000000000009b5b208a
0000000000000000000000000000000000000000000
0000000000000000000000000000000000000000000
0000000000000000000000000000000000000000000
000000000000000000000000000000000009c1be08a
0000000000000000000000000000000000000000000
0000000000000000000000000000000000000000000
0000000000000000000000000000000000000000000
000000000000000000000000000000000009cdca08a
0000000000000000000000000000000000000000000
0000000000000000000000000000000000000000000
0000000000000000000000000000000000000000000
000000000000000000000000000000000009d9d608a
0000000000000000000000000000000000000000000
0000000000000000000000000000000000000000000
0000000000000000000000000000000000000000000
000000000000000000000000000000000009e5e208a
0000000000000000000000000000000000000000000
0000000000000000000000000000000000000000000
0000000000000000000000000000000000000000000
000000000000000000000000000000000009f1ee08a
0000000000000000000000000000000000000000000
0000000000000000000000000000000000000000000
0000000000000000000000000000000000000000000
000000000000000000000000000000000009fdfa08a
0000000000000000000000000000000000000000000
0000000000000000000000000000000000000000000
0000000000000000000000000000000000000000000
00000000000000000000000000000000000a0a0608a
0000000000000000000000000000000000000000000
0000000000000000000000000000000000000000000
0000000000000000000000000000000000000000000
00000000000000000000000000000000000a161208a
0000000000000000000000000000000000000000000
0000000000000000000000000000000000000000000
0000000000000000000000000000000000000000000
00000000000000000000000000000000000a221e08a
0000000000000000000000000000000000000000000
0000000000000000000000000000000000000000000
0000000000000000000000000000000000000000000
00000000000000000000000000000000000a2e2a08a
0000000000000000000000000000000000000000000
0000000000000000000000000000000000000000000
0000000000000000000000000000000000000000000
00000000000000000000000000000000000a3a3608a
0000000000000000000000000000000000000000000
0000000000000000000000000000000000000000000
0000000000000000000000000000000000000000000
00000000000000000000000000000000000a464208a
0000000000000000000000000000000000000000000
0000000000000000000000000000000000000000000
0000000000000000000000000000000000000000000
00000000000000000000000000000000000a524e08a
0000000000000000000000000000000000000000000
0000000000000000000000000000000000000000000
0000000000000000000000000000000000000000000
00000000000000000000000000000000000a5e5a08a
0000000000000000000000000000000000000000000
0000000000000000000000000000000000000000000
0000000000000000000000000000000000000000000
00000000000000000000000000000000000a6a6608a
0000000000000000000000000000000000000000000
0000000000000000000000000000000000000000000
0000000000000000000000000000000000000000000
00000000000000000000000000000000000a767208a
0000000000000000000000000000000000000000000
0000000000000000000000000000000000000000000
0000000000000000000000000000000000000000000
00000000000000000000000000000000000a827e08a
0000000000000000000000000000000000000000000
0000000000000000000000000000000000000000000
0000000000000000000000000000000000000000000
00000000000000000000000000000000000a8e8a08a
0000000000000000000000000000000000000000000
0000000000000000000000000000000000000000000
0000000000000000000000000000000000000000000
00000000000000000000000000000000000a9a9608a
0000000000000000000000000000000000000000000
0000000000000000000000000000000000000000000
0000000000000000000000000000000000000000000
00000000000000000000000000000000000aa6a208a
0000000000000000000000000000000000000000000
0000000000000000000000000000000000000000000
0000000000000000000000000000000000000000000
00000000000000000000000000000000000ab2ae08a
0000000000000000000000000000000000000000000
0000000000000000000000000000000000000000000
0000000000000000000000000000000000000000000
00000000000000000000000000000000000abeba08a
0000000000000000000000000000000000000000000
0000000000000000000000000000000000000000000
0000000000000000000000000000000000000000000
00000000000000000000000000000000000acac608a
0000000000000000000000000000000000000000000
0000000000000000000000000000000000000000000
0000000000000000000000000000000000000000000
00000000000000000000000000000000000ad6d208a
0000000000000000000000000000000000000000000
0000000000000000000000000000000000000000000
0000000000000000000000000000000000000000000
00000000000000000000000000000000000ae2de08a
0000000000000000000000000000000000000000000
0000000000000000000000000000000000000000000
0000000000000000000000000000000000000000000
00000000000000000000000000000000000aeeea08a
0000000000000000000000000000000000000000000
0000000000000000000000000000000000000000000
0000000000000000000000000000000000000000000
00000000000000000000000000000000000afaf608a
0000000000000000000000000000000000000000000
0000000000000000000000000000000000000000000
0000000000000000000000000000000000000000000
00000000000000000000000000000000000b070208a
0000000000000000000000000000000000000000000
0000000000000000000000000000000000000000000
0000000000000000000000000000000000000000000
00000000000000000000000000000000000b130e08a
0000000000000000000000000000000000000000000
0000000000000000000000000000000000000000000
0000000000000000000000000000000000000000000
00000000000000000000000000000000000b1f1a08a
0000000000000000000000000000000000000000000
0000000000000000000000000000000000000000000
0000000000000000000000000000000000000000000
00000000000000000000000000000000000b2b2608a
0000000000000000000000000000000000000000000
0000000000000000000000000000000000000000000
0000000000000000000000000000000000000000000
00000000000000000000000000000000000b373208a
0000000000000000000000000000000000000000000
0000000000000000000000000000000000000000000
0000000000000000000000000000000000000000000
00000000000000000000000000000000000b433e08a
0000000000000000000000000000000000000000000
0000000000000000000000000000000000000000000
0000000000000000000000000000000000000000000
00000000000000000000000000000000000b4f4a08a
0000000000000000000000000000000000000000000
0000000000000000000000000000000000000000000
0000000000000000000000000000000000000000000
00000000000000000000000000000000000b5b5608a
0000000000000000000000000000000000000000000
0000000000000000000000000000000000000000000
0000000000000000000000000000000000000000000
00000000000000000000000000000000000b676208a
0000000000000000000000000000000000000000000
0000000000000000000000000000000000000000000
0000000000000000000000000000000000000000000
00000000000000000000000000000000000b736e08a
0000000000000000000000000000000000000000000
0000000000000000000000000000000000000000000
0000000000000000000000000000000000000000000
00000000000000000000000000000000000b7f7a08a
0000000000000000000000000000000000000000000
0000000000000000000000000000000000000000000
0000000000000000000000000000000000000000000
00000000000000000000000000000000000b8b8608a
0000000000000000000000000000000000000000000
0000000000000000000000000000000000000000000
0000000000000000000000000000000000000000000
00000000000000000000000000000000000b979208a
0000000000000000000000000000000000000000000
0000000000000000000000000000000000000000000
0000000000000000000000000000000000000000000
00000000000000000000000000000000000ba39e08a
0000000000000000000000000000000000000000000
0000000000000000000000000000000000000000000
0000000000000000000000000000000000000000000
00000000000000000000000000000000000bafaa08a
0000000000000000000000000000000000000000000
0000000000000000000000000000000000000000000
0000000000000000000000000000000000000000000
00000000000000000000000000000000000bbbb608a
0000000000000000000000000000000000000000000
0000000000000000000000000000000000000000000
0000000000000000000000000000000000000000000
00000000000000000000000000000000000bc7c208a
0000000000000000000000000000000000000000000
0000000000000000000000000000000000000000000
0000000000000000000000000000000000000000000
00000000000000000000000000000000000bd3ce08a
0000000000000000000000000000000000000000000
0000000000000000000000000000000000000000000
0000000000000000000000000000000000000000000
00000000000000000000000000000000000bdfda08a
0000000000000000000000000000000000000000000
0000000000000000000000000000000000000000000
0000000000000000000000000000000000000000000
00000000000000000000000000000000000bebe608a
0000000000000000000000000000000000000000000
0000000000000000000000000000000000000000000
0000000000000000000000000000000000000000000
00000000000000000000000000000000000bf7f208a
0000000000000000000000000000000000000000000
0000000000000000000000000000000000000000000
0000000000000000000000000000000000000000000
0000000000000000000000000000000000000000000
0000000000000000000000000000000000000000000
0000000000000000000000000000000000000000000
0000000000000000000000000000000000000000000
0000000000000000000000000000000000000000000
0000000000000000000000000000000000000000000
0000000000000000000000000000000000000000000
0000000000000000000000000000000000000000000
0000000000000000000000000000000000000000000
0000000000000000000000000000000000000000000
0000000000000000000000000000000000000000000
0000000000000000000000000000000000000000000
0000000000000000000080400200000000000000000
000000000000000000014100c200000000000000000
0000000000000000000201c18200000000000000000
00000000000000000002c2824200000000000000000
0000000000000000000383430200000000000000000
000000000000000000044403c200000000000000000
0000000000000000000504c48200000000000000000
0000000000000000580686460200000000000000000
0000000000000080b8074706c200000000000000000
00000000000001011805c5854200000000000000000
00000000000001817808c8884200000000000000000
0000aa7fe0000201d80989490200000000000000000
0000ac0160000282380807c78200000000000000000
0000ae02e0000302980b0aca8200000000000000000
0000b00460000403580a4a09c200000000000000000
0000b205e0000483b80d4d0cc200000000080c0a08a
0000b40760000382f80bcb8b4200000000000000000
0000b608e0000584780c8c4c0200000000000000000
0000b80a60000604d80000000000000000000000000
0000ba0be00005041800000000000000000803fe08a
0000bc0d60000705980000000000000000000000000
0000be0ee0000685380000000000000000000000000
0000c01060000886b80000000000000000000000000
0000c211e0000785f8000000000000000008181608a
0000c41360000806580000000000000000000000000
0000c614e0000000000000000000000000000000000
0000000000000000000000000000000000000000000
000000000000000000000000000000000008242208a
0000000000000000000000000000000000000000000
0000000000000000000000000000000000000000000
0000000000000000000000000000000000000000000
000000000000000000000000000000000008302e08a
0000000000000000000000000000000000000000000
0000000000000000000000000000000000000000000
0000000000000000000000000000000000000000000
0000000000000000000000000000000000083c3a08a
0000000000000000000000000000000000000000000
0000000000000000000000000000000000000000000
0000000000000000000000000000000000000000000
000000000000000000000000000000000008484608a
0000000000000000000000000000000000000000000
0000000000000000000000000000000000000000000
0000000000000000000000000000000000000000000
000000000000000000000000000000000008545208a
0000000000000000000000000000000000000000000
0000000000000000000000000000000000000000000
0000000000000000000000000000000000000000000
000000000000000000000000000000000008605e08a
0000000000000000000000000000000000000000000
0000000000000000000000000000000000000000000
0000000000000000000000000000000000000000000
0000000000000000000000000000000000086c6a08a
0000000000000000000000000000000000000000000
0000000000000000000000000000000000000000000
0000000000000000000000000000000000000000000
000000000000000000000000000000000008787608a
0000000000000000000000000000000000000000000
0000000000000000000000000000000000000000000
0000000000000000000000000000000000000000000
000000000000000000000000000000000008848208a
0000000000000000000000000000000000000000000
0000000000000000000000000000000000000000000
0000000000000000000000000000000000000000000
000000000000000000000000000000000008908e08a
0000000000000000000000000000000000000000000
0000000000000000000000000000000000000000000
0000000000000000000000000000000000000000000
0000000000000000000000000000000000089c9a08a
0000000000000000000000000000000000000000000
0000000000000000000000000000000000000000000
0000000000000000000000000000000000000000000
000000000000000000000000000000000008a8a608a
0000000000000000000000000000000000000000000
0000000000000000000000000000000000000000000
0000000000000000000000000000000000000000000
0000000000000000000000000000000000000000000
0000000000000000000000000000000000000000000
0000000000000000000000000000000000000000000
0000000000000000000000000000000000000000000
0000000000000000000000000000000000000000000
0000000000000000000000000000000000000000000
0000000000000000000000000000000000000000000
0000000000000000000000000000000000000000000
0000000000000000000000000000000000000000000
0000000000000000000000000000000000000000000
0000000000000000000000000000000000000000000
0000000000000000000000000000000000000000000
0000000000000000000e0dcd8200000000000000000
0000000000000000000ece8e4200000000000000000
0000000000000000000f8f4f0200000000000000000
00000000000000000010500fc200000000000000000
0000000000000000001110d08200000000000000000
00000000000000000011d1914200000000000000000
0000000000000000001292520200000000000000000
0000000000000907181413d38200000000000000000
0000ca17e00009877814d4944200000000000000000
0000c81660000a07d8135312c200000000000000000
0000ce1ae0000a8838165615c200000000000000000
0000cc1960000b08981716d68200000000000000000
0000d01c60000b88f81595550200000000000000000
0000d21de0000c0958189858020000000008c0be08a
0000d41f60000d0a1817d7974200000000000000000
0000d620e0000d8a781ada9a4200000000000000000
0000d82260000c89b80000000000000000000000000
0000da23e0000e8b38000000000000000008b4b208a
0000000000000f0b980000000000000000000000000
0000dc2560000e0ad80000000000000000000000000
0000de26e000100c580000000000000000000000000
0000e02860000f8bf8000000000000000008ccca08a
0000e229e000118d780000000000000000000000000
0000e42b60000000000000000000000000000000000
0000000000000000000000000000000000000000000
000000000000000000000000000000000008d8d608a
0000000000000000000000000000000000000000000
0000000000000000000000000000000000000000000
0000000000000000000000000000000000000000000
000000000000000000000000000000000008e4e208a
0000000000000000000000000000000000000000000
0000000000000000000000000000000000000000000
0000000000000000000000000000000000000000000
000000000000000000000000000000000008f0ee08a
0000000000000000000000000000000000000000000
0000000000000000000000000000000000000000000
0000000000000000000000000000000000000000000
000000000000000000000000000000000008fcfa08a
0000000000000000000000000000000000000000000
0000000000000000000000000000000000000000000
0000000000000000000000000000000000000000000
000000000000000000000000000000000009090608a
0000000000000000000000000000000000000000000
0000000000000000000000000000000000000000000
0000000000000000000000000000000000000000000
000000000000000000000000000000000009151208a
0000000000000000000000000000000000000000000
0000000000000000000000000000000000000000000
0000000000000000000000000000000000000000000
000000000000000000000000000000000009211e08a
0000000000000000000000000000000000000000000
0000000000000000000000000000000000000000000
0000000000000000000000000000000000000000000
0000000000000000000000000000000000092d2a08a
0000000000000000000000000000000000000000000
0000000000000000000000000000000000000000000
0000000000000000000000000000000000000000000
000000000000000000000000000000000009393608a
0000000000000000000000000000000000000000000
0000000000000000000000000000000000000000000
0000000000000000000000000000000000000000000
000000000000000000000000000000000009454208a
0000000000000000000000000000000000000000000
0000000000000000000000000000000000000000000
0000000000000000000000000000000000000000000
000000000000000000000000000000000009514e08a
0000000000000000000000000000000000000000000
0000000000000000000000000000000000000000000
0000000000000000000000000000000000000000000
0000000000000000000000000000000000095d5a08a
0000000000000000000000000000000000000000000
0000000000000000000000000000000000000000000
0000000000000000000000000000000000000000000
0000000000000000000000000000000000000000000
0000000000000000000000000000000000000000000
0000000000000000000000000000000000000000000
0000000000000000000000000000000000000000000
0000000000000000000000000000000000000000000
0000000000000000000000000000000000000000000
0000000000000000000000000000000000000000000
0000000000000000000000000000000000000000000
0000000000000000000000000000000000000000000
0000000000000000000000000000000000000000000
0000000000000000000000000000000000000000000
0000000000000000000000000000000000000000000
000000000000000000195918c200000000000000000
0000000000000000001a19d98200000000000000000
0000000000000000001b9b5b0200000000000000000
0000000000000000001c5c1bc200000000000000000
0000000000000000001d1cdc8200000000000000000
0000000000000000001ddd9d4200000000000000000
0000000000000000001e9e5e0200000000000000000
000000000000108cb81f5f1ec200000000000000000
0000e62ce000110d18201fdf8200000000000000000
0000e82e6000120dd821a1610200000000000000000
0000ea2fe000128e38226221c200000000000000000
0000ec316000130e9820e0a04200000000000000000
0000ee32e000138ef823e3a3420000000009757208a
0000f0346000140f5824a4640200000000000000000
0000f235e000148fb82322e28200000000000000000
0000f43760001510180000000000000000000000000
0000f638e0001610d8000000000000000009696608a
0000f83a60001691380000000000000000000000000
0000fa3be0001590780000000000000000000000000
0000fc3d60001791f80000000000000000000000000
0000fe3ee000181258000000000000000009817e08a
0001004060001711980000000000000000000000000
00010241e0000000000000000000000000000000000
0000000000000000000000000000000000000000000
0000000000000000000000000000000000098d8a08a
0000000000000000000000000000000000000000000
0000000000000000000000000000000000000000000
0000000000000000000000000000000000000000000
000000000000000000000000000000000009999608a
0000000000000000000000000000000000000000000
0000000000000000000000000000000000000000000
0000000000000000000000000000000000000000000
000000000000000000000000000000000009a5a208a
0000000000000000000000000000000000000000000
0000000000000000000000000000000000000000000
0000000000000000000000000000000000000000000
000000000000000000000000000000000009b1ae08a
0000000000000000000000000000000000000000000
0000000000000000000000000000000000000000000
0000000000000000000000000000000000000000000
000000000000000000000000000000000009bdba08a
0000000000000000000000000000000000000000000
0000000000000000000000000000000000000000000
0000000000000000000000000000000000000000000
000000000000000000000000000000000009c9c608a
0000000000000000000000000000000000000000000
0000000000000000000000000000000000000000000
0000000000000000000000000000000000000000000
000000000000000000000000000000000009d5d208a
0000000000000000000000000000000000000000000
0000000000000000000000000000000000000000000
0000000000000000000000000000000000000000000
000000000000000000000000000000000009e1de08a
0000000000000000000000000000000000000000000
0000000000000000000000000000000000000000000
0000000000000000000000000000000000000000000
000000000000000000000000000000000009edea08a
0000000000000000000000000000000000000000000
0000000000000000000000000000000000000000000
0000000000000000000000000000000000000000000
000000000000000000000000000000000009f9f608a
0000000000000000000000000000000000000000000
0000000000000000000000000000000000000000000
0000000000000000000000000000000000000000000
00000000000000000000000000000000000a060208a
0000000000000000000000000000000000000000000
0000000000000000000000000000000000000000000
0000000000000000000000000000000000000000000
00000000000000000000000000000000000a120e08a
0000000000000000000000000000000000000000000
0000000000000000000000000000000000000000000
0000000000000000000000000000000000000000000
0000000000000000000000000000000000000000000
0000000000000000000000000000000000000000000
0000000000000000000000000000000000000000000
0000000000000000000000000000000000000000000
0000000000000000000000000000000000000000000
0000000000000000000000000000000000000000000
0000000000000000000000000000000000000000000
0000000000000000000000000000000000000000000
0000000000000000000000000000000000000000000
0000000000000000000000000000000000000000000
0000000000000000000000000000000000000000000
0000000000000000000000000000000000000000000
000000000000000000256524c200000000000000000
0000000000000000002625e58200000000000000000
00000000000000000026e6a64200000000000000000
00000000000000000027a7670200000000000000000
000000000000000000286827c200000000000000000
0000000000000000002928e88200000000000000000
00000000000000000029e9a94200000000000000000
00010644e0001892b82b6b2ac200000000000000000
0001044360001913182c2beb8200000000000000000
00010a47e0001993782aaa6a0200000000000000000
0001084660001a13d82dad6d0200000000000000000
00010c4960001a94382e6e2dc2000000000a1e1a08a
00010e4ae0001b14982cecac4200000000000000000
0001104c60001b94f82fefaf4200000000000000000
0001124de0001c95b80000000000000000000000000
0001144f60001d161800000000000000000a2a2608a
00011650e0001c15580000000000000000000000000
0000000000001e16d80000000000000000000000000
0000000000001e97380000000000000000000000000
0001185260001d967800000000000000000a363208a
00011a53e0001f97f80000000000000000000000000
00011c5560000000000000000000000000000000000
00011e56e0000000000000000000000000000000000
00012058600000000000000000000000000a423e08a
0000000000000000000000000000000000000000000
0000000000000000000000000000000000000000000
0000000000000000000000000000000000000000000
00000000000000000000000000000000000a4e4a08a
0000000000000000000000000000000000000000000
0000000000000000000000000000000000000000000
0000000000000000000000000000000000000000000
00000000000000000000000000000000000a5a5608a
0000000000000000000000000000000000000000000
0000000000000000000000000000000000000000000
0000000000000000000000000000000000000000000
00000000000000000000000000000000000a666208a
0000000000000000000000000000000000000000000
0000000000000000000000000000000000000000000
0000000000000000000000000000000000000000000
00000000000000000000000000000000000a726e08a
0000000000000000000000000000000000000000000
0000000000000000000000000000000000000000000
0000000000000000000000000000000000000000000
00000000000000000000000000000000000a7e7a08a
0000000000000000000000000000000000000000000
0000000000000000000000000000000000000000000
0000000000000000000000000000000000000000000
00000000000000000000000000000000000a8a8608a
0000000000000000000000000000000000000000000
0000000000000000000000000000000000000000000
0000000000000000000000000000000000000000000
00000000000000000000000000000000000a969208a
0000000000000000000000000000000000000000000
0000000000000000000000000000000000000000000
0000000000000000000000000000000000000000000
00000000000000000000000000000000000aa29e08a
0000000000000000000000000000000000000000000
0000000000000000000000000000000000000000000
0000000000000000000000000000000000000000000
00000000000000000000000000000000000aaeaa08a
0000000000000000000000000000000000000000000
0000000000000000000000000000000000000000000
0000000000000000000000000000000000000000000
00000000000000000000000000000000000abab608a
0000000000000000000000000000000000000000000
0000000000000000000000000000000000000000000
0000000000000000000000000000000000000000000
00000000000000000000000000000000000ac6c208a
0000000000000000000000000000000000000000000
0000000000000000000000000000000000000000000
0000000000000000000000000000000000000000000
0000000000000000000000000000000000000000000
0000000000000000000000000000000000000000000
0000000000000000000000000000000000000000000
0000000000000000000000000000000000000000000
0000000000000000000000000000000000000000000
0000000000000000000000000000000000000000000
0000000000000000000000000000000000000000000
0000000000000000000000000000000000000000000
0000000000000000000000000000000000000000000
0000000000000000000000000000000000000000000
0000000000000000000000000000000000000000000
0000000000000000000000000000000000000000000
0000000000000000002f2eee8200000000000000000
00000000000000000030b0700200000000000000000
000000000000000000317130c200000000000000000
0000000000000000003231f18200000000000000000
00000000000000000032f2b24200000000000000000
00000000000000000033b3730200000000000000000
000000000000000000347433c200000000000000000
0000000000001f17983534f48200000000000000000
0001245b600020185836b6760200000000000000000
00012259e0002098b8377736c200000000000000000
0001285e600021191835f5b54200000000000000000
0001265ce00021997838f8b84200000000000000000
00012a5fe0002219d839b97902000000000ad2ce08a
00012c616000229a383837f78200000000000000000
00012e62e000231a983b3afa8200000000000000000
000130646000241b580000000000000000000000000
00013265e000249bb800000000000000000adeda08a
000134676000239af80000000000000000000000000
000000000000259c780000000000000000000000000
000000000000261cd80000000000000000000000000
00013668e000251c1800000000000000000aeae608a
0001386a6000271d980000000000000000000000000
00013a6be0000000000000000000000000000000000
00013c6d60000000000000000000000000000000000
00013e6ee00000000000000000000000000af6f208a
0000000000000000000000000000000000000000000
0000000000000000000000000000000000000000000
0000000000000000000000000000000000000000000
00000000000000000000000000000000000b02fe08a
0000000000000000000000000000000000000000000
0000000000000000000000000000000000000000000
0000000000000000000000000000000000000000000
00000000000000000000000000000000000b0f0a08a
0000000000000000000000000000000000000000000
0000000000000000000000000000000000000000000
0000000000000000000000000000000000000000000
00000000000000000000000000000000000b1b1608a
0000000000000000000000000000000000000000000
0000000000000000000000000000000000000000000
0000000000000000000000000000000000000000000
00000000000000000000000000000000000b272208a
0000000000000000000000000000000000000000000
0000000000000000000000000000000000000000000
0000000000000000000000000000000000000000000
00000000000000000000000000000000000b332e08a
0000000000000000000000000000000000000000000
0000000000000000000000000000000000000000000
0000000000000000000000000000000000000000000
00000000000000000000000000000000000b3f3a08a
0000000000000000000000000000000000000000000
0000000000000000000000000000000000000000000
0000000000000000000000000000000000000000000
00000000000000000000000000000000000b4b4608a
0000000000000000000000000000000000000000000
0000000000000000000000000000000000000000000
0000000000000000000000000000000000000000000
00000000000000000000000000000000000b575208a
0000000000000000000000000000000000000000000
0000000000000000000000000000000000000000000
0000000000000000000000000000000000000000000
00000000000000000000000000000000000b635e08a
0000000000000000000000000000000000000000000
0000000000000000000000000000000000000000000
0000000000000000000000000000000000000000000
00000000000000000000000000000000000b6f6a08a
0000000000000000000000000000000000000000000
0000000000000000000000000000000000000000000
0000000000000000000000000000000000000000000
00000000000000000000000000000000000b7b7608a
0000000000000000000000000000000000000000000
0000000000000000000000000000000000000000000
0000000000000000000000000000000000000000000
0000000000000000000000000000000000000000000
0000000000000000000000000000000000000000000
0000000000000000000000000000000000000000000
0000000000000000000000000000000000000000000
0000000000000000000000000000000000000000000
0000000000000000000000000000000000000000000
0000000000000000000000000000000000000000000
0000000000000000000000000000000000000000000
0000000000000000000000000000000000000000000
0000000000000000000000000000000000000000000
0000000000000000000000000000000000000000000
0000000000000000000000000000000000000000000
0000000000000000003a7a39c200000000000000000
0000000000000000003bfbbb4200000000000000000
0000000000000000003cbc7c0200000000000000000
0000000000000000003d7d3cc200000000000000000
0000000000000000003e3dfd8200000000000000000
0000000000000000003efebe4200000000000000000
0000000000000000003fbf7f0200000000000000000
000000000000269d3800403fc200000000000000000
00014271e000279df801c1814200000000000000000
000140706000281e580282420200000000000000000
00014674e000289eb80100c08200000000000000000
000144736000291f180403c38200000000000000000
000148766000299f7804c48442000000000b878208a
00014a77e0002a1fd8034302c200000000000000000
00014c7960002a8038064605c200000000000000000
00014e7ae0002b80f80000000000000000000000000
0001507c60002c015800000000000000000b938e08a
0001527de0002b00980000000000000000000000000
0000000000002d02180000000000000000000000000
0000000000002d82780000000000000000000000000
0001547f60002c81b800000000000000000b9f9a08a
00015600e0002e83380000000000000000000000000
0001580260000000000000000000000000000000000
00015a03e0000000000000000000000000000000000
00015c05600000000000000000000000000baba608a
0000000000000000000000000000000000000000000
0000000000000000000000000000000000000000000
0000000000000000000000000000000000000000000
00000000000000000000000000000000000bb7b208a
0000000000000000000000000000000000000000000
0000000000000000000000000000000000000000000
0000000000000000000000000000000000000000000
00000000000000000000000000000000000bc3be08a
0000000000000000000000000000000000000000000
0000000000000000000000000000000000000000000
0000000000000000000000000000000000000000000
00000000000000000000000000000000000bcfca08a
0000000000000000000000000000000000000000000
0000000000000000000000000000000000000000000
0000000000000000000000000000000000000000000
00000000000000000000000000000000000bdbd608a
0000000000000000000000000000000000000000000
0000000000000000000000000000000000000000000
0000000000000000000000000000000000000000000
00000000000000000000000000000000000be7e208a
0000000000000000000000000000000000000000000
0000000000000000000000000000000000000000000
0000000000000000000000000000000000000000000
00000000000000000000000000000000000bf3ee08a
0000000000000000000000000000000000000000000
0000000000000000000000000000000000000000000
0000000000000000000000000000000000000000000
00000000000000000000000000000000000bfffa08a
0000000000000000000000000000000000000000000
0000000000000000000000000000000000000000000
0000000000000000000000000000000000000000000
000000000000000000000000000000000008080608a
0000000000000000000000000000000000000000000
0000000000000000000000000000000000000000000
0000000000000000000000000000000000000000000
000000000000000000000000000000000008141208a
0000000000000000000000000000000000000000000
0000000000000000000000000000000000000000000
0000000000000000000000000000000000000000000
000000000000000000000000000000000008201e08a
0000000000000000000000000000000000000000000
0000000000000000000000000000000000000000000
0000000000000000000000000000000000000000000
0000000000000000000000000000000000082c2a08a
0000000000000000000000000000000000000000000
0000000000000000000000000000000000000000000
0000000000000000000000000000000000000000000
0000000000000000000000000000000000000000000
0000000000000000000000000000000000000000000
0000000000000000000000000000000000000000000
0000000000000000000000000000000000000000000
0000000000000000000000000000000000000000000
0000000000000000000000000000000000000000000
0000000000000000000000000000000000000000000
0000000000000000000000000000000000000000000
0000000000000000000000000000000000000000000
0000000000000000000000000000000000000000000
0000000000000000000000000000000000000000000
0000000000000000000000000000000000000000000
0000000000000000000585450200000000000000000
0000000000000000000706c68200000000000000000
00000000000000000007c7874200000000000000000
0000000000000000000888480200000000000000000
000000000000000000094908c200000000000000000
0000000000000000000a09c98200000000000000000
0000000000000000000aca8a4200000000000000000
0000000000002e02d80b8b4b0200000000000000000
0001600860002f03980d0ccc8200000000000000000
00015e06e0002f83f80dcd8d4200000000000000000
0001640b60003004580c4c0bc200000000000000000
00016209e0003084b80f4f0ec200000000000000000
0001660ce000310518100fcf820000000008383608a
0001680e60003185780e8e4e0200000000000000000
00016a0fe0003205d81191510200000000000000000
00016c1160003306980000000000000000000000000
00016e12e0003386f8000000000000000008444208a
0001701460003286380000000000000000000000000
0000000000003487b80000000000000000000000000
0000000000003508180000000000000000000000000
00017215e000340758000000000000000008504e08a
0001741760003608d80000000000000000000000000
00017618e0000000000000000000000000000000000
0001781a60000000000000000000000000000000000
00017a1be0000000000000000000000000085c5a08a
0000000000000000000000000000000000000000000
0000000000000000000000000000000000000000000
0000000000000000000000000000000000000000000
000000000000000000000000000000000008686608a
0000000000000000000000000000000000000000000
0000000000000000000000000000000000000000000
0000000000000000000000000000000000000000000
000000000000000000000000000000000008747208a
0000000000000000000000000000000000000000000
0000000000000000000000000000000000000000000
0000000000000000000000000000000000000000000
000000000000000000000000000000000008807e08a
0000000000000000000000000000000000000000000
0000000000000000000000000000000000000000000
0000000000000000000000000000000000000000000
0000000000000000000000000000000000088c8a08a
0000000000000000000000000000000000000000000
0000000000000000000000000000000000000000000
0000000000000000000000000000000000000000000
000000000000000000000000000000000008989608a
0000000000000000000000000000000000000000000
0000000000000000000000000000000000000000000
0000000000000000000000000000000000000000000
000000000000000000000000000000000008a4a208a
0000000000000000000000000000000000000000000
0000000000000000000000000000000000000000000
0000000000000000000000000000000000000000000
000000000000000000000000000000000008b0ae08a
0000000000000000000000000000000000000000000
0000000000000000000000000000000000000000000
0000000000000000000000000000000000000000000
000000000000000000000000000000000008bcba08a
0000000000000000000000000000000000000000000
0000000000000000000000000000000000000000000
0000000000000000000000000000000000000000000
000000000000000000000000000000000008c8c608a
0000000000000000000000000000000000000000000
0000000000000000000000000000000000000000000
0000000000000000000000000000000000000000000
000000000000000000000000000000000008d4d208a
0000000000000000000000000000000000000000000
0000000000000000000000000000000000000000000
0000000000000000000000000000000000000000000
000000000000000000000000000000000008e0de08a
0000000000000000000000000000000000000000000
0000000000000000000000000000000000000000000
0000000000000000000000000000000000000000000
0000000000000000000000000000000000000000000
0000000000000000000000000000000000000000000
0000000000000000000000000000000000000000000
0000000000000000000000000000000000000000000
0000000000000000000000000000000000000000000
0000000000000000000000000000000000000000000
0000000000000000000000000000000000000000000
0000000000000000000000000000000000000000000
0000000000000000000000000000000000000000000
0000000000000000000000000000000000000000000
0000000000000000000000000000000000000000000
0000000000000000000000000000000000000000000
00000000000000000010d0904200000000000000000
000000000000000000125211c200000000000000000
0000000000000000001312d28200000000000000000
00000000000000000013d3934200000000000000000
0000000000000000001494540200000000000000000
000000000000000000155514c200000000000000000
0000000000000000001615d58200000000000000000
00000000000035887816d6964200000000000000000
00017e1ee000368938185817c200000000000000000
00017c1d60003709981918d88200000000000000000
00018221e0003789f81797570200000000000000000
000180206000380a581a9a5a0200000000000000000
000184236000388ab81b5b1ac20000000008ecea08a
00018624e000390b1819d9994200000000000000000
000188266000398b781cdc9c4200000000000000000
00018a27e0003a8c380000000000000000000000000
00018c2960003b0c98000000000000000008f8f608a
00018e2ae0003a0bd80000000000000000000000000
0000000000003c0d580000000000000000000000000
0000000000003c8db80000000000000000000000000
0001902c60003b8cf8000000000000000009050208a
0001922de0003d8e780000000000000000000000000
0001942f60000000000000000000000000000000000
00019630e0000000000000000000000000000000000
000198326000000000000000000000000009110e08a
0000000000000000000000000000000000000000000
0000000000000000000000000000000000000000000
0000000000000000000000000000000000000000000
0000000000000000000000000000000000091d1a08a
0000000000000000000000000000000000000000000
0000000000000000000000000000000000000000000
0000000000000000000000000000000000000000000
000000000000000000000000000000000009292608a
0000000000000000000000000000000000000000000
0000000000000000000000000000000000000000000
0000000000000000000000000000000000000000000
000000000000000000000000000000000009353208a
0000000000000000000000000000000000000000000
0000000000000000000000000000000000000000000
0000000000000000000000000000000000000000000
000000000000000000000000000000000009413e08a
0000000000000000000000000000000000000000000
0000000000000000000000000000000000000000000
0000000000000000000000000000000000000000000
0000000000000000000000000000000000094d4a08a
0000000000000000000000000000000000000000000
0000000000000000000000000000000000000000000
0000000000000000000000000000000000000000000
000000000000000000000000000000000009595608a
0000000000000000000000000000000000000000000
0000000000000000000000000000000000000000000
0000000000000000000000000000000000000000000
000000000000000000000000000000000009656208a
0000000000000000000000000000000000000000000
0000000000000000000000000000000000000000000
0000000000000000000000000000000000000000000
000000000000000000000000000000000009716e08a
0000000000000000000000000000000000000000000
0000000000000000000000000000000000000000000
0000000000000000000000000000000000000000000
0000000000000000000000000000000000097d7a08a
0000000000000000000000000000000000000000000
0000000000000000000000000000000000000000000
0000000000000000000000000000000000000000000
000000000000000000000000000000000009898608a
0000000000000000000000000000000000000000000
0000000000000000000000000000000000000000000
0000000000000000000000000000000000000000000
000000000000000000000000000000000009959208a
0000000000000000000000000000000000000000000
0000000000000000000000000000000000000000000
0000000000000000000000000000000000000000000
0000000000000000000000000000000000000000000
0000000000000000000000000000000000000000000
0000000000000000000000000000000000000000000
0000000000000000000000000000000000000000000
0000000000000000000000000000000000000000000
0000000000000000000000000000000000000000000
0000000000000000000000000000000000000000000
0000000000000000000000000000000000000000000
0000000000000000000000000000000000000000000
0000000000000000000000000000000000000000000
0000000000000000000000000000000000000000000
0000000000000000000000000000000000000000000
0000000000000000001c1bdb8200000000000000000
0000000000000000001d9d5d0200000000000000000
0000000000000000001e5e1dc200000000000000000
0000000000000000001f1ede8200000000000000000
0000000000000000001fdf9f4200000000000000000
00000000000000000020a0600200000000000000000
000000000000000000216120c200000000000000000
0000000000003d0e182221e18200000000000000000
00019c3560003e0ed823a3630200000000000000000
00019a33e0003e8f38246423c200000000000000000
0001a03860003f0f9822e2a24200000000000000000
00019e36e0003f8ff825e5a54200000000000000000
0001a239e00040105826a666020000000009a19e08a
0001a43b60004090b82524e48200000000000000000
0001a63ce0004111182827e78200000000000000000
0001a83e60004211d80000000000000000000000000
0001aa3fe000429238000000000000000009adaa08a
0001ac4160004191780000000000000000000000000
0000000000004392f80000000000000000000000000
0000000000004413580000000000000000000000000
0001ae42e000431298000000000000000009b9b608a
0001b04460004514180000000000000000000000000
0001b245e0000000000000000000000000000000000
0001b44760000000000000000000000000000000000
0001b648e000000000000000000000000009c5c208a
0000000000000000000000000000000000000000000
0000000000000000000000000000000000000000000
0000000000000000000000000000000000000000000
000000000000000000000000000000000009d1ce08a
0000000000000000000000000000000000000000000
0000000000000000000000000000000000000000000
0000000000000000000000000000000000000000000
000000000000000000000000000000000009ddda08a
0000000000000000000000000000000000000000000
0000000000000000000000000000000000000000000
0000000000000000000000000000000000000000000
000000000000000000000000000000000009e9e608a
0000000000000000000000000000000000000000000
0000000000000000000000000000000000000000000
0000000000000000000000000000000000000000000
000000000000000000000000000000000009f5f208a
0000000000000000000000000000000000000000000
0000000000000000000000000000000000000000000
0000000000000000000000000000000000000000000
00000000000000000000000000000000000a01fe08a
0000000000000000000000000000000000000000000
0000000000000000000000000000000000000000000
0000000000000000000000000000000000000000000
00000000000000000000000000000000000a0e0a08a
0000000000000000000000000000000000000000000
0000000000000000000000000000000000000000000
0000000000000000000000000000000000000000000
00000000000000000000000000000000000a1a1608a
0000000000000000000000000000000000000000000
0000000000000000000000000000000000000000000
0000000000000000000000000000000000000000000
00000000000000000000000000000000000a262208a
0000000000000000000000000000000000000000000
0000000000000000000000000000000000000000000
0000000000000000000000000000000000000000000
00000000000000000000000000000000000a322e08a
0000000000000000000000000000000000000000000
0000000000000000000000000000000000000000000
0000000000000000000000000000000000000000000
00000000000000000000000000000000000a3e3a08a
0000000000000000000000000000000000000000000
0000000000000000000000000000000000000000000
0000000000000000000000000000000000000000000
00000000000000000000000000000000000a4a4608a
0000000000000000000000000000000000000000000
0000000000000000000000000000000000000000000
0000000000000000000000000000000000000000000
0000000000000000000000000000000000000000000
0000000000000000000000000000000000000000000
0000000000000000000000000000000000000000000
0000000000000000000000000000000000000000000
0000000000000000000000000000000000000000000
0000000000000000000000000000000000000000000
0000000000000000000000000000000000000000000
0000000000000000000000000000000000000000000
0000000000000000000000000000000000000000000
0000000000000000000000000000000000000000000
0000000000000000000000000000000000000000000
0000000000000000000000000000000000000000000
000000000000000000276726c200000000000000000
00000000000000000028e8a84200000000000000000
00000000000000000029a9690200000000000000000
0000000000000000002a6a29c200000000000000000
0000000000000000002b2aea8200000000000000000
0000000000000000002bebab4200000000000000000
0000000000000000002cac6c0200000000000000000
0000000000004493b82d6d2cc200000000000000000
0001ba4be0004594782eeeae4200000000000000000
0001b84a60004614d82faf6f0200000000000000000
0001be4ee0004695382e2ded8200000000000000000
0001bc4d60004715983130f08200000000000000000
0001c05060004795f831f1b142000000000a565208a
0001c251e00048165830702fc200000000000000000
0001c45360004896b8337332c200000000000000000
0001c654e0004997780000000000000000000000000
0001c85660004a17d800000000000000000a625e08a
0001ca57e0004917180000000000000000000000000
0000000000004b18980000000000000000000000000
0000000000004b98f80000000000000000000000000
0001cc5960004a983800000000000000000a6e6a08a
0001ce5ae0004c99b80000000000000000000000000
0001d05c60000000000000000000000000000000000
0001d25de0000000000000000000000000000000000
0001d45f600000000000000000000000000a7a7608a
0000000000000000000000000000000000000000000
0000000000000000000000000000000000000000000
0000000000000000000000000000000000000000000
00000000000000000000000000000000000a868208a
0000000000000000000000000000000000000000000
0000000000000000000000000000000000000000000
0000000000000000000000000000000000000000000
00000000000000000000000000000000000a928e08a
0000000000000000000000000000000000000000000
0000000000000000000000000000000000000000000
0000000000000000000000000000000000000000000
00000000000000000000000000000000000a9e9a08a
0000000000000000000000000000000000000000000
0000000000000000000000000000000000000000000
0000000000000000000000000000000000000000000
00000000000000000000000000000000000aaaa608a
0000000000000000000000000000000000000000000
0000000000000000000000000000000000000000000
0000000000000000000000000000000000000000000
00000000000000000000000000000000000ab6b208a
0000000000000000000000000000000000000000000
0000000000000000000000000000000000000000000
0000000000000000000000000000000000000000000
00000000000000000000000000000000000ac2be08a
0000000000000000000000000000000000000000000
0000000000000000000000000000000000000000000
0000000000000000000000000000000000000000000
00000000000000000000000000000000000aceca08a
0000000000000000000000000000000000000000000
0000000000000000000000000000000000000000000
0000000000000000000000000000000000000000000
00000000000000000000000000000000000adad608a
0000000000000000000000000000000000000000000
0000000000000000000000000000000000000000000
0000000000000000000000000000000000000000000
00000000000000000000000000000000000ae6e208a
0000000000000000000000000000000000000000000
0000000000000000000000000000000000000000000
0000000000000000000000000000000000000000000
00000000000000000000000000000000000af2ee08a
0000000000000000000000000000000000000000000
0000000000000000000000000000000000000000000
0000000000000000000000000000000000000000000
00000000000000000000000000000000000afefa08a
0000000000000000000000000000000000000000000
0000000000000000000000000000000000000000000
0000000000000000000000000000000000000000000
0000000000000000000000000000000000000000000
0000000000000000000000000000000000000000000
0000000000000000000000000000000000000000000
0000000000000000000000000000000000000000000
0000000000000000000000000000000000000000000
0000000000000000000000000000000000000000000
0000000000000000000000000000000000000000000
0000000000000000000000000000000000000000000
0000000000000000000000000000000000000000000
0000000000000000000000000000000000000000000
0000000000000000000000000000000000000000000
0000000000000000000000000000000000000000000
00000000000000000032b2720200000000000000000
0000000000000000003433f38200000000000000000
00000000000000000034f4b44200000000000000000
00000000000000000035b5750200000000000000000
000000000000000000367635c200000000000000000
0000000000000000003736f68200000000000000000
00000000000000000037f7b74200000000000000000
0000000000004c195838b8780200000000000000000
0001d86260004d1a183a39f98200000000000000000
0001d660e0004d9a783afaba4200000000000000000
0001dc6560004e1ad8397938c200000000000000000
0001da63e0004e9b383c7c3bc200000000000000000
0001de66e0004f1b983d3cfc82000000000b0b0608a
0001e06860004f9bf83bbb7b0200000000000000000
0001e269e000501c583ebe7e0200000000000000000
0001e46b6000511d180000000000000000000000000
0001e66ce000519d7800000000000000000b171208a
0001e86e6000509cb80000000000000000000000000
000000000000529e380000000000000000000000000
000000000000531e980000000000000000000000000
0001ea6fe000521dd800000000000000000b231e08a
0001ec716000541f580000000000000000000000000
0001ee72e0000000000000000000000000000000000
0001f07460000000000000000000000000000000000
0001f275e00000000000000000000000000b2f2a08a
0000000000000000000000000000000000000000000
0000000000000000000000000000000000000000000
0000000000000000000000000000000000000000000
00000000000000000000000000000000000b3b3608a
0000000000000000000000000000000000000000000
0000000000000000000000000000000000000000000
0000000000000000000000000000000000000000000
00000000000000000000000000000000000b474208a
0000000000000000000000000000000000000000000
0000000000000000000000000000000000000000000
0000000000000000000000000000000000000000000
00000000000000000000000000000000000b534e08a
0000000000000000000000000000000000000000000
0000000000000000000000000000000000000000000
0000000000000000000000000000000000000000000
00000000000000000000000000000000000b5f5a08a
0000000000000000000000000000000000000000000
0000000000000000000000000000000000000000000
0000000000000000000000000000000000000000000
00000000000000000000000000000000000b6b6608a
0000000000000000000000000000000000000000000
0000000000000000000000000000000000000000000
0000000000000000000000000000000000000000000
00000000000000000000000000000000000b777208a
0000000000000000000000000000000000000000000
0000000000000000000000000000000000000000000
0000000000000000000000000000000000000000000
00000000000000000000000000000000000b837e08a
0000000000000000000000000000000000000000000
0000000000000000000000000000000000000000000
0000000000000000000000000000000000000000000
00000000000000000000000000000000000b8f8a08a
0000000000000000000000000000000000000000000
0000000000000000000000000000000000000000000
0000000000000000000000000000000000000000000
00000000000000000000000000000000000b9b9608a
0000000000000000000000000000000000000000000
0000000000000000000000000000000000000000000
0000000000000000000000000000000000000000000
00000000000000000000000000000000000ba7a208a
0000000000000000000000000000000000000000000
0000000000000000000000000000000000000000000
0000000000000000000000000000000000000000000
00000000000000000000000000000000000bb3ae08a
0000000000000000000000000000000000000000000
0000000000000000000000000000000000000000000
0000000000000000000000000000000000000000000
0000000000000000000000000000000000000000000
0000000000000000000000000000000000000000000
0000000000000000000000000000000000000000000
0000000000000000000000000000000000000000000
0000000000000000000000000000000000000000000
0000000000000000000000000000000000000000000
0000000000000000000000000000000000000000000
0000000000000000000000000000000000000000000
0000000000000000000000000000000000000000000
0000000000000000000000000000000000000000000
0000000000000000000000000000000000000000000
0000000000000000000000000000000000000000000
0000000000000000003dfdbd4200000000000000000
0000000000000000003f7f3ec200000000000000000
000000000000000000003fff8200000000000000000
00000000000000000000c0804200000000000000000
0000000000000000000181410200000000000000000
000000000000000000024201c200000000000000000
0000000000000000000302c28200000000000000000
000000000000539ef803c3834200000000000000000
0001f678e000549fb8054504c200000000000000000
0001f47760005500180605c58200000000000000000
0001fa7be0005580780484440200000000000000000
0001f87a60005600d80787470200000000000000000
0001fc7d6000568138084807c2000000000bbfba08a
0001fe7ee00057019806c6864200000000000000000
0002000060005781f809c9894200000000000000000
00020201e0005882b80000000000000000000000000
00020403600059031800000000000000000bcbc608a
00020604e0005802580000000000000000000000000
0000000000005a03d80000000000000000000000000
0000000000005a84380000000000000000000000000
00020806600059837800000000000000000bd7d208a
00020a07e0005b84f80000000000000000000000000
00020c0960000000000000000000000000000000000
00020e0ae0000000000000000000000000000000000
0002100c600000000000000000000000000be3de08a
0000000000000000000000000000000000000000000
0000000000000000000000000000000000000000000
0000000000000000000000000000000000000000000
00000000000000000000000000000000000befea08a
0000000000000000000000000000000000000000000
0000000000000000000000000000000000000000000
0000000000000000000000000000000000000000000
00000000000000000000000000000000000bfbf608a
0000000000000000000000000000000000000000000
0000000000000000000000000000000000000000000
0000000000000000000000000000000000000000000
000000000000000000000000000000000008040208a
0000000000000000000000000000000000000000000
0000000000000000000000000000000000000000000
0000000000000000000000000000000000000000000
000000000000000000000000000000000008100e08a
0000000000000000000000000000000000000000000
0000000000000000000000000000000000000000000
0000000000000000000000000000000000000000000
0000000000000000000000000000000000081c1a08a
0000000000000000000000000000000000000000000
0000000000000000000000000000000000000000000
0000000000000000000000000000000000000000000
000000000000000000000000000000000008282608a
0000000000000000000000000000000000000000000
0000000000000000000000000000000000000000000
0000000000000000000000000000000000000000000
000000000000000000000000000000000008343208a
0000000000000000000000000000000000000000000
0000000000000000000000000000000000000000000
0000000000000000000000000000000000000000000
000000000000000000000000000000000008403e08a
0000000000000000000000000000000000000000000
0000000000000000000000000000000000000000000
0000000000000000000000000000000000000000000
0000000000000000000000000000000000084c4a08a
0000000000000000000000000000000000000000000
0000000000000000000000000000000000000000000
0000000000000000000000000000000000000000000
000000000000000000000000000000000008585608a
0000000000000000000000000000000000000000000
0000000000000000000000000000000000000000000
0000000000000000000000000000000000000000000
000000000000000000000000000000000008646208a
0000000000000000000000000000000000000000000
0000000000000000000000000000000000000000000
0000000000000000000000000000000000000000000
0000000000000000000000000000000000000000000
0000000000000000000000000000000000000000000
0000000000000000000000000000000000000000000
0000000000000000000000000000000000000000000
0000000000000000000000000000000000000000000
0000000000000000000000000000000000000000000
0000000000000000000000000000000000000000000
0000000000000000000000000000000000000000000
0000000000000000000000000000000000000000000
0000000000000000000000000000000000000000000
0000000000000000000000000000000000000000000
0000000000000000000000000000000000000000000
0000000000000000000908c88200000000000000000
0000000000000000000a8a4a0200000000000000000
0000000000000000000b4b0ac200000000000000000
0000000000000000000c0bcb8200000000000000000
0000000000000000000ccc8c4200000000000000000
0000000000000000000d8d4d0200000000000000000
0000000000000000000e4e0dc200000000000000000
0000000000005b04980f0ece8200000000000000000
0002140f60005c05581090500200000000000000000
0002120de0005c85b8115110c200000000000000000
0002181260005d06180fcf8f4200000000000000000
00021610e0005d867812d2924200000000000000000
00021a13e0005e06d8139353020000000008706e08a
00021c1560005e87381211d18200000000000000000
00021e16e0005f07981514d48200000000000000000
0002201860006008580000000000000000000000000
00022219e0006088b80000000000000000087c7a08a
0002241b60005f87f80000000000000000000000000
0000000000006189780000000000000000000000000
0000000000006209d80000000000000000000000000
0002261ce000610918000000000000000008888608a
0002281e6000630a980000000000000000000000000
00022a1fe0000000000000000000000000000000000
00022c2160000000000000000000000000000000000
00022e22e000000000000000000000000008949208a
0000000000000000000000000000000000000000000
0000000000000000000000000000000000000000000
0000000000000000000000000000000000000000000
000000000000000000000000000000000008a09e08a
0000000000000000000000000000000000000000000
0000000000000000000000000000000000000000000
0000000000000000000000000000000000000000000
000000000000000000000000000000000008acaa08a
0000000000000000000000000000000000000000000
0000000000000000000000000000000000000000000
0000000000000000000000000000000000000000000
000000000000000000000000000000000008b8b608a
0000000000000000000000000000000000000000000
0000000000000000000000000000000000000000000
0000000000000000000000000000000000000000000
000000000000000000000000000000000008c4c208a
0000000000000000000000000000000000000000000
0000000000000000000000000000000000000000000
0000000000000000000000000000000000000000000
000000000000000000000000000000000008d0ce08a
0000000000000000000000000000000000000000000
0000000000000000000000000000000000000000000
0000000000000000000000000000000000000000000
000000000000000000000000000000000008dcda08a
0000000000000000000000000000000000000000000
0000000000000000000000000000000000000000000
0000000000000000000000000000000000000000000
000000000000000000000000000000000008e8e608a
0000000000000000000000000000000000000000000
0000000000000000000000000000000000000000000
0000000000000000000000000000000000000000000
000000000000000000000000000000000008f4f208a
0000000000000000000000000000000000000000000
0000000000000000000000000000000000000000000
0000000000000000000000000000000000000000000
00000000000000000000000000000000000900fe08a
0000000000000000000000000000000000000000000
0000000000000000000000000000000000000000000
0000000000000000000000000000000000000000000
0000000000000000000000000000000000090d0a08a
0000000000000000000000000000000000000000000
0000000000000000000000000000000000000000000
0000000000000000000000000000000000000000000
000000000000000000000000000000000009191608a
0000000000000000000000000000000000000000000
0000000000000000000000000000000000000000000
0000000000000000000000000000000000000000000
0000000000000000000000000000000000000000000
0000000000000000000000000000000000000000000
0000000000000000000000000000000000000000000
0000000000000000000000000000000000000000000
0000000000000000000000000000000000000000000
0000000000000000000000000000000000000000000
0000000000000000000000000000000000000000000
0000000000000000000000000000000000000000000
0000000000000000000000000000000000000000000
0000000000000000000000000000000000000000000
0000000000000000000000000000000000000000000
0000000000000000000000000000000000000000000
000000000000000000145413c200000000000000000
00000000000000000015d5954200000000000000000
0000000000000000001696560200000000000000000
000000000000000000175716c200000000000000000
0000000000000000001817d78200000000000000000
00000000000000000018d8984200000000000000000
0000000000000000001999590200000000000000000
000000000000628a381a5a19c200000000000000000
00023225e000638af81bdb9b4200000000000000000
000230246000640b581c9c5c0200000000000000000
00023628e000648bb81b1ada8200000000000000000
000234276000650c181e1ddd8200000000000000000
0002382a6000658c781ede9e420000000009252208a
00023a2be000660cd81d5d1cc200000000000000000
00023c2d6000668d3820601fc200000000000000000
00023e2ee000678df80000000000000000000000000
000240306000680e58000000000000000009312e08a
00024231e000670d980000000000000000000000000
000000000000690f180000000000000000000000000
000000000000698f780000000000000000000000000
000244336000688eb80000000000000000093d3a08a
00024634e0006a90380000000000000000000000000
0002483660000000000000000000000000000000000
00024a37e0000000000000000000000000000000000
00024c396000000000000000000000000009494608a
0000000000000000000000000000000000000000000
0000000000000000000000000000000000000000000
0000000000000000000000000000000000000000000
000000000000000000000000000000000009555208a
0000000000000000000000000000000000000000000
0000000000000000000000000000000000000000000
0000000000000000000000000000000000000000000
000000000000000000000000000000000009615e08a
0000000000000000000000000000000000000000000
0000000000000000000000000000000000000000000
0000000000000000000000000000000000000000000
0000000000000000000000000000000000096d6a08a
0000000000000000000000000000000000000000000
0000000000000000000000000000000000000000000
0000000000000000000000000000000000000000000
000000000000000000000000000000000009797608a
0000000000000000000000000000000000000000000
0000000000000000000000000000000000000000000
0000000000000000000000000000000000000000000
000000000000000000000000000000000009858208a
0000000000000000000000000000000000000000000
0000000000000000000000000000000000000000000
0000000000000000000000000000000000000000000
000000000000000000000000000000000009918e08a
0000000000000000000000000000000000000000000
0000000000000000000000000000000000000000000
0000000000000000000000000000000000000000000
0000000000000000000000000000000000099d9a08a
0000000000000000000000000000000000000000000
0000000000000000000000000000000000000000000
0000000000000000000000000000000000000000000
000000000000000000000000000000000009a9a608a
0000000000000000000000000000000000000000000
0000000000000000000000000000000000000000000
0000000000000000000000000000000000000000000
000000000000000000000000000000000009b5b208a
0000000000000000000000000000000000000000000
0000000000000000000000000000000000000000000
0000000000000000000000000000000000000000000
000000000000000000000000000000000009c1be08a
0000000000000000000000000000000000000000000
0000000000000000000000000000000000000000000
0000000000000000000000000000000000000000000
000000000000000000000000000000000009cdca08a
0000000000000000000000000000000000000000000
0000000000000000000000000000000000000000000
0000000000000000000000000000000000000000000
0000000000000000000000000000000000000000000
0000000000000000000000000000000000000000000
0000000000000000000000000000000000000000000
0000000000000000000000000000000000000000000
0000000000000000000000000000000000000000000
0000000000000000000000000000000000000000000
0000000000000000000000000000000000000000000
0000000000000000000000000000000000000000000
0000000000000000000000000000000000000000000
0000000000000000000000000000000000000000000
0000000000000000000000000000000000000000000
0000000000000000000000000000000000000000000
0000000000000000001f9f5f0200000000000000000
0000000000000000002120e08200000000000000000
00000000000000000021e1a14200000000000000000
00000000000000000022a2620200000000000000000
000000000000000000236322c200000000000000000
0000000000000000002423e38200000000000000000
00000000000000000024e4a44200000000000000000
0000000000006a0fd825a5650200000000000000000
0002503c60006b10982726e68200000000000000000
00024e3ae0006b90f827e7a74200000000000000000
0002543f60006c1158266625c200000000000000000
0002523de0006c91b8296928c200000000000000000
00025640e0006d12182a29e9820000000009d9d608a
0002584260006d927828a8680200000000000000000
00025a43e0006e12d82bab6b0200000000000000000
00025c4560006f13980000000000000000000000000
00025e46e0006f93f8000000000000000009e5e208a
0002604860006e93380000000000000000000000000
0000000000007094b80000000000000000000000000
0000000000007115180000000000000000000000000
00026249e000701458000000000000000009f1ee08a
0002644b60007215d80000000000000000000000000
0002664ce0000000000000000000000000000000000
0002684e60000000000000000000000000000000000
00026a4fe000000000000000000000000009fdfa08a
0000000000000000000000000000000000000000000
0000000000000000000000000000000000000000000
0000000000000000000000000000000000000000000
00000000000000000000000000000000000a0a0608a
0000000000000000000000000000000000000000000
0000000000000000000000000000000000000000000
0000000000000000000000000000000000000000000
00000000000000000000000000000000000a161208a
0000000000000000000000000000000000000000000
0000000000000000000000000000000000000000000
0000000000000000000000000000000000000000000
00000000000000000000000000000000000a221e08a
0000000000000000000000000000000000000000000
0000000000000000000000000000000000000000000
0000000000000000000000000000000000000000000
00000000000000000000000000000000000a2e2a08a
0000000000000000000000000000000000000000000
0000000000000000000000000000000000000000000
0000000000000000000000000000000000000000000
00000000000000000000000000000000000a3a3608a
0000000000000000000000000000000000000000000
0000000000000000000000000000000000000000000
0000000000000000000000000000000000000000000
00000000000000000000000000000000000a464208a
0000000000000000000000000000000000000000000
0000000000000000000000000000000000000000000
0000000000000000000000000000000000000000000
00000000000000000000000000000000000a524e08a
0000000000000000000000000000000000000000000
0000000000000000000000000000000000000000000
0000000000000000000000000000000000000000000
00000000000000000000000000000000000a5e5a08a
0000000000000000000000000000000000000000000
0000000000000000000000000000000000000000000
0000000000000000000000000000000000000000000
00000000000000000000000000000000000a6a6608a
0000000000000000000000000000000000000000000
0000000000000000000000000000000000000000000
0000000000000000000000000000000000000000000
00000000000000000000000000000000000a767208a
0000000000000000000000000000000000000000000
0000000000000000000000000000000000000000000
0000000000000000000000000000000000000000000
00000000000000000000000000000000000a827e08a
0000000000000000000000000000000000000000000
0000000000000000000000000000000000000000000
0000000000000000000000000000000000000000000
0000000000000000000000000000000000000000000
0000000000000000000000000000000000000000000
0000000000000000000000000000000000000000000
0000000000000000000000000000000000000000000
0000000000000000000000000000000000000000000
0000000000000000000000000000000000000000000
0000000000000000000000000000000000000000000
0000000000000000000000000000000000000000000
0000000000000000000000000000000000000000000
0000000000000000000000000000000000000000000
0000000000000000000000000000000000000000000
0000000000000000000000000000000000000000000
0000000000000000002aeaaa4200000000000000000
0000000000000000002c6c2bc200000000000000000
0000000000000000002d2cec8200000000000000000
0000000000000000002dedad4200000000000000000
0000000000000000002eae6e0200000000000000000
0000000000000000002f6f2ec200000000000000000
000000000000000000302fef8200000000000000000
00000000000071957830f0b04200000000000000000
00026e52e000729638327231c200000000000000000
00026c5160007316983332f28200000000000000000
00027255e0007396f831b1710200000000000000000
00027054600074175834b4740200000000000000000
0002745760007497b8357534c2000000000a8e8a08a
00027658e00075181833f3b34200000000000000000
0002785a600075987836f6b64200000000000000000
00027a5be0007699380000000000000000000000000
00027c5d600077199800000000000000000a9a9608a
00027e5ee0007618d80000000000000000000000000
000000000000781a580000000000000000000000000
000000000000789ab80000000000000000000000000
0000000000007799f800000000000000000aa6a208a
000000000000799b780000000000000000000000000
0000000000000000000000000000000000000000000
0000000000000000000000000000000000000000000
00000000000000000000000000000000000ab2ae08a
0000000000000000000000000000000000000000000
0000000000000000000000000000000000000000000
0000000000000000000000000000000000000000000
00000000000000000000000000000000000abeba08a
0000000000000000000000000000000000000000000
0000000000000000000000000000000000000000000
0000000000000000000000000000000000000000000
00000000000000000000000000000000000acac608a
0000000000000000000000000000000000000000000
0000000000000000000000000000000000000000000
0000000000000000000000000000000000000000000
00000000000000000000000000000000000ad6d208a
0000000000000000000000000000000000000000000
0000000000000000000000000000000000000000000
0000000000000000000000000000000000000000000
00000000000000000000000000000000000ae2de08a
0000000000000000000000000000000000000000000
0000000000000000000000000000000000000000000
0000000000000000000000000000000000000000000
00000000000000000000000000000000000aeeea08a
0000000000000000000000000000000000000000000
0000000000000000000000000000000000000000000
0000000000000000000000000000000000000000000
00000000000000000000000000000000000afaf608a
0000000000000000000000000000000000000000000
0000000000000000000000000000000000000000000
0000000000000000000000000000000000000000000
0000000000000000000000000000000000000000000
0000000000000000000000000000000000000000000
0000000000000000000000000000000000000000000
0000000000000000000000000000000000000000000
0000000000000000000000000000000000000000000
0000000000000000000000000000000000000000000
0000000000000000000000000000000000000000000
0000000000000000000000000000000000000000000
0000000000000000000000000000000000000000000
0000000000000000000000000000000000000000000
0000000000000000000000000000000000000000000
0000000000000000000000000000000000000000000
0000000000000000003635f58200000000000000000
00000000000000000037b7770200000000000000000
000000000000000000387837c200000000000000000
0000000000000000003938f88200000000000000000
00000000000000000039f9b94200000000000000000
0000000000000000003aba7a0200000000000000000
0000000000000000003b7b3ac200000000000000000
000000000000791b183c3bfb8200000000000000000
0000000000007a1bd83dbd7d0200000000000000000
0000000000007a9c383e7e3dc200000000000000000
0000000000007b1c983cfcbc4200000000000000000
0000000000007b9cf83fffbf4200000000000000000
0000000000007c1d580080400200000000000000000
0000000000007c9db83f3efe8200000000000000000
0000000000007d1e180201c18200000000000000000
0000000000007e1ed8014100c200000000000000000
0000000000007e9f38044403c200000000000000000
0000000000007d9e7802c2824200000000000000000
0000000000007f9ff80383430200000000000000000
0000000000008000580686460200000000000000000
0000000000007f1f980504c48200000000000000000
00000000000081011805c5854200000000000000000
0000000000008080b8074706c200000000000000000
0000000000008282380807c78200000000000000000
00000000000081817808c8884200000000000000000
0000000000008201d80989490200000000000000000
0000000000008403580a4a09c200000000000000000
0000000000008302980b0aca8200000000000000000
0000000000008382f80bcb8b4200000000000000000
0000000000008483b80d4d0cc200000000000000000
0000000000008504180e0dcd8200000000000000000
0000000000008584780c8c4c0200000000000000000
0000000000008604d80f8f4f0200000000000000000
00000000000086853810500fc200000000000000000
0000000000008705980ece8e4200000000000000000
0000000000008785f811d1914200000000000000000
0000000000008886b81110d08200000000000000000
0000000000008907181413d38200000000000000000
0000000000008806581292520200000000000000000
0000000000008a07d8135312c200000000000000000
0000000000008a8838165615c200000000000000000
00000000000089877814d4944200000000000000000
0000000000008b88f81595550200000000000000000
0000000000008b08981716d68200000000000000000
0000000000008d0a1817d7974200000000000000000
0000000000008c09581898580200000000000000000
0000000000008c89b8195918c200000000000000000
0000000000008e8b381a19d98200000000000000000
0000000000008d8a781ada9a4200000000000000000
0000000000008e0ad81b9b5b0200000000000000000
0000000000008f0b981d1cdc8200000000000000000
0000000000008f8bf81ddd9d4200000000000000000
000000000000900c581c5c1bc200000000000000000
000000000000908cb81f5f1ec200000000000000000
000000000000910d18201fdf8200000000000000000
000000000000918d781e9e5e0200000000000000000
000000000000920dd821a1610200000000000000000
000000000000930e9820e0a04200000000000000000
000000000000938ef823e3a34200000000000000000
000000000000928e38226221c200000000000000000
000000000000948fb82322e28200000000000000000
0000000000009510182625e58200000000000000000
000000000000940f5824a4640200000000000000000
0000000000009610d8256524c200000000000000000
00000000000095907826e6a64200000000000000000
0000000000009791f827a7670200000000000000000
000000000000969138286827c200000000000000000
0000000000009711982928e88200000000000000000
00000000000099131829e9a94200000000000000000
0000000000009812582aaa6a0200000000000000000
0000000000009892b82b6b2ac200000000000000000
0000000000009993782cecac4200000000000000000
0000000000009a13d82dad6d0200000000000000000
0000000000009a94382c2beb8200000000000000000
0000000000009b14982f2eee8200000000000000000
0000000000009b94f82fefaf4200000000000000000
0000000000009c15582e6e2dc200000000000000000
0000000000009c95b80000000000000000000000000
0000000000009d96780000000000000000000000000
0000000000009e16d80000000000000000000000000
0000000000009d16180000000000000000000000000
0000000000009f17980000000000000000000000000
0000000000009f97f80000000000000000000000000
0000000000009e97380000000000000000000000000
0000000000000000000000000000000000000000001
0000000060000000000000000000000000000000000
00000200e0000000000000000000000000000000000
0000040160000000000000000000000000000000000
00000601e0000000000000000000000000000000000
0000080260000000000000000000000000000000000
00000a02e0000000000000000000000000000000000
00000c0360000000000000000000000000000000000
00000e03e0000000000000000000000000000000000
0000100460000000000000000000000000000000000
0000120c60000000004000019600000000000000000
0000140ce000000000404001d600000000000000000
0000160d60000000004080021600000000000000000
0000181560000000004400061600000000000000000
00001a15e0000000004440065600000000000000000
00001c1660000000004480069600000000000000000
00001e1e600000000048000a9600000000000000000
0000201ee00000000048400ad600000000000000000
0000221f600000000048800b1600000000000000000
0000242760000000004c000f1600000000000000000
00002627e0000000004c400f5600000000000000000
0000282860000000004c800f9600000000000000000
00002a3060000000005000139600000000000000000
00002c30e000000000504013d600301001000000000
00002e3160000000005080141600000000000000000
0000303960000000005400181600000000000000000
00003239e0000000005440185601311101000000000
0000343a60000000005480189600000000000000000
00003642600000000058001c9600000000000000000
00003842e00000000058401cd602321201000000000
00003a43600000000058801d1600000000000000000
00003c4b60000000005c00211600402031000000000
00003e4be0000000005c40215603331301000000000
0000404c60000000005c80219600000000000000000
0000425460000000006000259601412131000000000
00004454e000000000604025d604341401000000000
0000465560000000006080261600000000000000000
0000485d600000000064002a1602422231000000000
00004a5de00000000064402a5620506040800000000
00004c5e600000000064802a9605351501000000000
00004e66600000000068002e9603432331000000000
00005066e00000000068402ed621506140800000000
00005267600000000068802f1606361601000000000
0000546f60000000006c00331604442431000000000
0000566fe0000000006c40335622506240800000000
0000587060000000008241418600000000000000000
00000000000000000082c141c605452531000000000
0000000000000000008341420623506340800000000
00000000000000000086c5460600000000000000000
0000000000000000008745464606462631000000000
00000000000000000087c5468624506440800000000
0000000000000000008b494a8600000000000000000
0000000000000000004280025c07371701000000000
000000000000000000430002dc25506540800000000
0000000000000000004380035c08381801000000000
000000000000000000470006dc09391901000000000
0000000000000000004780075c26506640800000000
000000000000000000480007dc0a3a1a01000000000
0000000000000000004b800b5c0b3b1b01000000000
0000000000000000004180029a07472731000000000
00000000000000000041c0031a00000000000000000
0000000000000000004200039a08482831000000000
0000000000000000004580071a09492931000000000
00000000000000000045c0079a00000000000000000
0000000000000000004600081a0a4a2a31000000000
00000000000000000049800b9a00000000000000000
0000000000000000008bc94ac627506740800000000
0000000000000000008c494b0600000000000000000
0000000000000000008fcd4f0628506840800000000
000000000000000000904d4f4629506940800000000
00000000000000000090cd4f8600000000000000000
000000000000000000945153862a506a40800000000
00000000000000000094d153c600907065800000000
0000000000000000004c000bdc00000000000000000
0000000000000000004c800c5c00000000000000000
00000000000000000050000fdc01917165800000000
0000000000000000005080105c00000000000000000
000000000000000000510010dc00000000000000000
0000000000000000005480145c00000000000000000
000000000000000000550014dc00a08095800000000
00000000000000000049c00c1a00000000000000000
0000000000000000004a000c9a00000000000000000
0000000000000000004d80101a01a18195800000000
0000000000000000004dc0109a00000000000000000
0000000000000000004e00111a00000000000000000
0000000000000000005180149a00000000000000000
00000000000000000051c0151a20b060a7800000000
0000000000000000009551540600000000000000000
00000000000000000098d5580600000000000000000
0000000000000000009955584621b061a7800000000
00000000000000000099d5588600000000000000000
0000000000000000009d595c8600000000000000000
0000000000000000009dd95cc602927265800000000
0000000000000000009e595d0620c040b1000000000
0000000000000000005580155c00000000000000000
000000000000000000590018dc03937365800000000
0000000000000000005980195c21c041b1000000000
0000000000000000005a0019dc00000000000000000
0000000000000000005d801d5c04947465800000000
0000000000000000005e001ddc02a28295800000000
0000000000000000005e801e5c00000000003430004
0000000000000000005200159a00000000000000000
0000000000000000005580191a03a38395800000000
00000000000000000055c0199a00000000007470004
00000000000000000056001a1a00000000000000000
00000000000000000059801d9a00000000000000000
00000000000000000059c01e1a22b062a7800000000
0000000000000000005a001e9a00000000000000000
000000000000000000a1dd610600000000000000000
000000000000000000a25d614623b063a7800000000
000000000000000000a2dd618600000000000000000
000000000000000000a661658600000000000000000
000000000000000000a6e165c600000000000000000
000000000000000000a761660622c042b1000000000
0000000000000000006c80339604a48495800000000
000000000000000000620021dc00000000000000000
0000000000000000006280225c23c043b1000000000
000000000000000000630022dc05957565800000000
0000000000000000006680265c06967665800000000
000000000000000000670026dc00000000000000000
0000000000000000006780275c20e050d880b4b0004
000000000000000000aae56a0624b064a7800000000
0000000000000000005d80221a21e051d8800000000
0000000000000000005dc0229a0000000000f4f0004
0000000000000000005e00231a05a58595800000000
0000000000000000006180269a06a68695800000000
00000000000000000061c0271a0b4b2b31000000000
0000000000000000006200279a00000000003c38006
0000000000000000006b002adc24c044b1000000000
000000000000000000ab656a4600000000007c78006
000000000000000000abe56a8600000000000000000
000000000000000000af696e8600000000000000000
000000000000000000afe96ec625b065a7800000000
000000000000000000b0696f0626b066a7800000000
000000000000000000700037962b506b40800000000
00000000000000000065802b1a00000000013530004
0000000000000000006b802b5c07977765800000000
0000000000000000006c002bdc00000000000000000
0000000000000000006f802f5c08987865800000000
00000000000000000070002fdc22e052d8800000000
0000000000000000007080305c25c045b1000000000
000000000000000000b3ed730626c046b1000000000
0000000000000000007080381623e053d8800000000
00000000000000000065c02b9a07a78795800000000
00000000000000000066002c1a00000000000000000
00000000000000000069802f9a08a88895800000000
00000000000000000083c3c2420000000000bcb8006
0000000000000000008483c2c200000000017570004
0000000000000000008543c3420000000001b5b0004
0000000000000000008847c6c20000000000fcf8006
0000000000000000008907c74227b067a7800000000
00000000000000000089c7c7c200000000000000000
00000000000000000069c0301a28b068a7800000000
000000000000000000040003c200000000000000000
00000000000000000004c0848224e054d8800000000
0000000000000000000000000009997965800000000
0000000000000000000581054200000000000000000
0000000000000000000880084227c047b1000000000
0000000000000000000940890200000000000000000
0000000000000000000a0109c228c048b1000000000
0000000000000000000440440400000000000000000
0000000000000000006a00309a00000000013d38006
0000000000000000000500c4c409a98995800000000
0000000000000000000000000000000000000000000
00000000000000000005c145840a9a7a6581f5f0004
00000000000000000008c0488400000000000000000
0000000000000000000980c94425e055d8823630004
0000000000000002388d8bcbc226e056d8800000000
0000000000000000000a414a0400000000000000000
0000000000000000008ccbcb4229b069a7800000000
0000000000000082988e4bcc4200000000000000000
00005a7860000102f8920fd04200000000000000000
00005e796000018478b46d734600000000000000000
00005c78e0000204d8914fcfc20aaa8a95817d78006
0000000000000000000dc08d820000000001bdb8006
00006204e000028538704037d600000000000000000
0000600460000000000d000cc229c049b1000000000
0000640560000000000e810e4200000000000000000
0000000000000000001240920200000000000000000
00000000000000000092cfd0c200000000000000000
000000000000000000118011422ab06aa7800000000
00000000000000000095d3d44200000000000000000
0000000000000000000e00cdc400000000000000000
00000000000000000074003c1627e057d8827670004
0000000000000000000d404d0400000000000000000
0000000000000000000ec14e8428e058d8800000000
0000000000000000001280d24400000000000000000
00000000000000000011c051842ac04ab1000000000
000000000000000000130112c20c3c1c01000000000
000000000000000000160015c200000000000000000
0000000000000387189693d4c20000000001fdf8006
0000000000000306b8740033dc00000000000000000
0000660d60000407789753d54200000000023e38006
0000680de0000509589a57d8c200000000000000000
00006a0e60000488f89b17d9420000000002b6b0004
000000000000000000134153040c4c2c31000000000
0000000000000000001640560400000000000000000
00000000000000000016c0968200000000000000000
0000000000000000006d80341a00000000000000000
0000000000000000001781174200000000000000000
0000000000000000001a801a4200000000000000000
0000000000000000001b409b0200000000000000000
00006c1660000589b89bd7d9c229e059d8800000000
00006e16e000060b389f9bddc22c506c40800000000
0000000000000000009edbdd4200000000000000000
0000701760000000001700d6c400000000000000000
00000000000000000074403c5600000000000000000
00000000000000000017c1578400000000000000000
0000000000000000001ac05a8400000000000000000
0000000000000000001b80db4400000000027e78006
0000000000000000001c011bc200000000000000000
0000000000000000001f001ec200000000000000000
0000000000000000001fc09f8200000000000000000
000000000000068b98784002562ae05ad8800000000
0000721f6000070bf8a05bde4200000000000000000
0000741fe000078d78a41fe24200000000000000000
000076206000080dd8a35fe1c200000000000000000
0000000000000000001c415c0400000000000000000
0000000000000000001f405f040d3d1d01000000000
000000000000000000a4dfe2c200000000000000000
0000000000000000002000dfc40000000002beb8006
00000000000000000074803c9600000000000000000
0000000000000000002081204200000000000000000
0000000000000000002380234200000000000000000
000078286000088e382440a40200000000000000000
00007a28e000090fb8a8a3e6c200000000000000000
000000000000000000250124c200000000000000000
000000000000000000a7e3e64200000000000000000
00007c296000099018a963e74200000000000000000
00000000000000000020c1608400000000000000000
00000000000000000023c0638400000000000000000
0000000000000000002480e44400000000000000000
00000000000000000028c0a88200000000000000000
000000000000000000780002160d4d2d31000000000
0000000000000000002541650400000000000000000
000000000000000000280027c200000000000000000
00007e3160000a10782981294200000000000000000
0000823260000a91f8ad27eb4200000000000000000
00008031e0000b1258ac67eac200000000000000000
000000000000000000ade7ebc200000000000000000
0000000000000000002900e8c42d506d40800000000
0000863ae0000b92b87880029600000000000000000
0000843a60000000002840680400000000000000000
0000883b600000000029c1698400000000000000000
0000000000000000002d40ad0200000000000000000
0000000000000000002c802c420e3e1e01000000000
0000000000000000002e012dc200000000000000000
000000000000000000b0ebef4200000000000000000
0000000000000c9498b1abefc200000000000000000
0000000000000c1438b4ed738600000000000000000
00008a4360000d14f8b26bf04200000000000000000
00008e4460000000002d80ed4400000000000000000
00008c43e0000000002cc06c8400000000000000000
0000000000000000002e416e040e4e2e31000000000
000000000000000000310030c200000000000000000
00000000000000000031c0b18200000000000000000
0000000000000000007c4006d600000000000000000
0000000000000000003281324200000000000000000
0000000000000e16d87480345c00000000000000000
0000000000000d9678b871778600000000000000000
0000904c60000e9738750034dc2e506e40800000000
0000924ce0000000003140710400000000000000000
000000000000000000b8f177c600000000000000000
0000944d60000000003200f1c400000000000000000
0000000000000000007c00069600000000000000000
00000000000000000032c1728400000000000000000
0000000000000000006dc0349a00000000000000000
0000000000000000006e00351a00000000000000000
0000000000000f18b8b971780600000000000000000
0000000000000000007880385c00000000000000000
000000000000000000790038dc00000000000000000
0000000000000f9918bd757c4600000000000000000
000096556000101978bcf57c0600000000000000000
00009855e000000000bdf57c8600000000000000000
00000000000000000082f9420600000000000000000
00009a5660000000007980395c00000000000000000
0000000000000000007180389a0f3f1f01000000000
00000000000000000071c0391a00000000000000000
0000000000000000007d803d5c0b9b7b65800000000
0000000000000000007d003cdc00000000000000000
0000000000000000007e003ddc00000000000000000
000000000000000000430002dc00000000000000000
0000000000000000007200399a00000000000000000
0000000000000000008379424600000000000000000
00000000000000000083f9428600000000000000000
00000000000000000075c03d9a0bab8b95800000000
00000000000000000075803d1a00000000000000000
00000000000000000076003e1a00000000000000000
0000000000000000007980031a00000000000000000
0000000000000000007c8007160c9c7c65800000000
0000000000000000004380035c00000000000000000
000000000000000000440003dc00000000000000000
00000000000000000040000b162bb06ba7800000000
00000000000000000040400b5600000000000000000
00000000000000000040800b9600000000000000000
00000000000000000044000f9600000000000000000
00000000000000000044400fd60cac8c95800000000
00000000000000000079c0039a00000000000000000
0000000000000000007a00041a00000000000000000
000000000000000000448010162bc04bb1000000000
000000000000000000480014160d9d7d65800000000
000000000000000000484014560f4f2f31000000000
0000000000000000004880149600000000000000000
0000000000000000004c0018962cb06ca7800000000
0000000000000000004c4018d600000000000000000
0000000000000000004c80191600301001000000000
00000000000000000050001d160000000002f6f0004
00000000000000000050401d5600000000000000000
00000000000000000050801d960dad8d95800000000
0000000000000000005400219601311101000000000
000000000000000000544021d62cc04cb1000000000
000000000000000000548022160e9e7e65800000000
0000000000000000005800261600402031000000000
000000000000000000588026962f506f40800000000
0000000000000000005840265602321201000000000
0000000000000000005c002a962db06da7800000000
0000000000000000005c402ad601412131000000000
0000000000000000005c802b1600000000033730004
0000000000000000000000000003331301000000000
000000000000000000000000000eae8e95800000000
000000000000000000877d468620506040800000000
00000000000000000087fd46c602422231000000000
000000000000000000887d47062dc04db1000000000
0000000000000000000000000021506140800000000
0000000000000000000000000004341401000000000
000000000000000000000000002be05bd8800000000
000000000000000000000000002eb06ea7800000000
0000000000000000004780075c03432331000000000
000000000000000000480007dc22506240800000000
0000000000000000004880085c00000000037770004
0000000000000000008bc14b0600000000000000000
0000000000000000008c414b4604442431000000000
0000000000000000008cc14b860000000002fef8006
00000000000000000090454f862ec04eb1000000000
0000000000000000007d80079a23506340800000000
0000000000000000007dc0081a05351501000000000
0000000000000000007e00089a2ce05cd8800000000
0000000000000000004c000bdc06361601000000000
0000000000000000004c800c5c24506440800000000
0000000000000000004d000cdc07371701000000000
0000000000000000005080105c0000000003b7b0004
00000000000000000090c54fc600000000000000000
0000000000000000009145500605452531000000000
00000000000000000094c9540600000000033f38006
00000000000000000041800c1a06462631000000000
00000000000000000041c00c9a00000000000000000
00000000000000000042000d1a07472731000000000
0000000000000000004580109a0f9f7f65800000000
000000000000000000510010dc2de05dd8800000000
0000000000000000005180115c25506540800000000
000000000000000000550014dc00000000000000000
000000000000000000b56ff3c226506640800000000
000000000000000000b62ff44200000000000000000
000000000000000000b6eff4c227506740800000000
000000000000000000000000000faf8f95800000000
00000000000000000045c0111a00000000037f78006
0000000000000000004600119a00000000000000000
0000000000000000004980151a00907065800000000
0000000000000000003580354200000000000000000
0000000000000000003640b6022ee05ed8800000000
000000000000000000370136c200000000000000000
000000000000000000954954462fb06fa7800000000
000000000000000000b9f3f84200000000000000000
000000000000000000bab3f8c200000000000000000
000000000000000000bb73f94200a08095800000000
00000000000000000035c0758400000000000000000
0000000000000000003680f6440000000003bfb8006
0000000000000000003741770401917165800000000
0000000000000000005580155c2fc04fb1000000000
0000000000000000003a0039c200000000000000000
0000000000000000003ac0ba8200000000000000000
0000000000000000000000000020b060a7800000000
000000000000109af83b813b4200000000000000000
000000000000111b5899cd58c600000000000000000
00009c5e6000119bb8be77fcc201a18195800000000
00009e5ee000000000bf37fd420000000003f7f0004
0000000000000000003a407a0400000000000000000
0000a05f6000000000bff7fdc200000000000000000
0000000000000000003b00fac420c040b1000000000
00000000000000000049c0159a00000000000000000
0000000000000000003bc17b8400000000000000000
0000000000000000003e803e4221b061a7800000000
0000000000000000003f40bf0200000000000000000
000000000000121d3895c9548600000000000000000
00000000000000000001813fc200000000000000000
000000000000000000847bc2c200000000003430004
000000000000129d98853bc34200000000000000000
0000a2676000131df8994d588600000000000000000
0000a467e0000000003ec07e8421c041b1000000000
0000a66860000000003f80ff4400000000000000000
00000000000000000085fbc3c200000000000000000
00000000000000000001c1418402927265800000000
0000000000000000000480044200000000000000000
0000000000000000000540850200000000000000000
000000000000000000560015dc2fe05fd8800000000
000000000000139f785980195c00000000007470004
000000000000141fd85a0019dc00000000000000000
000000000000000000060105c200000000000000000
0000aa70e0001480f89a4d590600000000000000000
0000a870600000000004c0448400000000000000000
0000ac7160000000000580c54400000000000000000
0000000000000000004a00161a0000000003fff8006
0000000000000000004d80199a00000000000000000
0000000000000000004dc01a1a00000000000000000
0000000000000000000641460420e050d8800000000
0000000000000000005a801a5c00000000000000000
0000000000001502789dd15d0600000000000000000
0000000000001582d89e515d4600000000000000000
0000000000000000009ed15d8600000000000000000
000000000000000000a255618600000000000000000
000000000000000000a2d561c600000000000000000
0000ae796000160338a355620600000000003c38006
0000b27a60000000004e001a9a00000000000000000
0000b079e0000000005e001ddc02a28295800000000
0000000000000000005e801e5c21e051d8800000000
0000000000000000005f001edc03937365800000000
0000000000000000006280225c00000000000000000
000000000000000000630022dc00000000000000000
0000000000000000006380235c00000000000000000
000000000000000000a6d9660600000000000000000
00000000000000000088ffc74222b062a7800000000
00000000000000000089bfc7c200000000007c78006
0000000000000000008a7fc84200000000000000000
00000000000000000051801e1a00000000000000000
00000000000000000051c01e9a03a38395800000000
00000000000000000052001f1a00000000000000000
0000000000000000005580229a00000000000000000
000000000000000000090008c222c042b1000000000
00000000000000000009c0898200000000000000000
00000000000000000055c0231a00000000000000000
0000000000000000000a810a4200000000000000000
0000000000000000008d43cbc223b063a7800000000
0000000000000000008e03cc4200000000000000000
0000000000000000008ec3ccc200000000000000000
000000000000000000094049040000000000b4b0004
0000000000000000005600239a00000000000000000
0000000000000000000a00c9c404947465800000000
00000000000000000060002f1600000000000000000
0000000000000000000ac14a8423c043b1000000000
0000000000000000000d800d4200000000000000000
0000000000000000000e408e0200000000000000000
0000000000001684b80f010ec205957565800000000
00000000000000000091c7d04200000000000000000
0000000000000000009287d0c204a48495800000000
0000000000001705189347d14200000000000000000
0000b4056000178578a75966460000000000f4f0004
0000b80660000000000dc04d8400000000000000000
0000b605e0000000000e80ce4400000000000000000
0000000000000000000f414f0405a58595800000000
000000000000000000120011c200000000000000000
00000000000000000012c0928224b064a7800000000
00000000000000000060402f5600000000000000000
0000000000000000001381134200000000000000000
0000000000001806f86780275c22e052d8800000000
000000000000188758670026dc00000000000000000
0000ba0e60001907b8a7d9668625b065a7800000000
0000bc0ee0000000001240520400000000000000000
000000000000000000ab5d6a8624c044b1000000000
0000be0f60000000001300d2c400000000000000000
00000000000000000060802f9600000000000000000
00000000000000000013c153840000000000bcb8006
0000000000000000005980271a00000000000000000
00000000000000000059c0279a25c045b1000000000
000000000000198938680027dc08381801000000000
0000000000000000006b802b5c00000000013530004
0000000000000000006400339623e053d8800000000
0000000000001a0998abdd6ac600000000000000000
0000c01760001a89f8ac5d6b0600000000000000000
0000c217e000000000644033d600000000000000000
0000c41860000000006480341600000000017570004
0000000000000000005a00281a00000000000000000
0000000000000000005d802b9a08482831000000000
000000000000000000680038160000000000fcf8006
0000000000000000006c002bdc00000000000000000
0000000000000000006c802c5c06967665800000000
0000000000000000006840385600000000000000000
0000000000000000006880389600000000000000000
0000000000000000006c003c9600000000000000000
0000000000000000006c403cd628506840800000000
000000000000000000964bd4c200000000000000000
000000000000000000970bd54209391901000000000
00000000000000000097cbd5c200000000000000000
0000000000000000005dc02c1a06a68695800000000
0000000000000000005e002c9a24e054d8800000000
0000000000000000006c803d1600000000000000000
000000000000000000afe16f0600000000000000000
0000000000000000001680164200000000000000000
0000000000000000001740970209492931000000000
000000000000000000180117c225e055d8800000000
000000000000000000b0616f4626b066a7800000000
000000000000000000b0e16f8600000000013d38006
0000000000000000009acfd9420a3a1a01000000000
0000000000000000009b8fd9c20b3b1b01000000000
00000000000000000016c0568400000000000000000
0000000000000000001780d74407977765800000000
0000000000000000001841580429506940817d78006
0000000000000000009c4fda4200000000000000000
00000000000000000070002fdc26c046b1000000000
0000000000000000001b001ac20a4a2a31000000000
0000000000000000001bc09b820b4b2b31000000000
0000000000001b0b787080031600000000000000000
0000000000001b8bd87080305c07a78795800000000
0000c820e0001c0c38710030dc00000000000000000
0000c62060000000001c811c4200000000000000000
0000ca2160000000006180301a0000000001b5b0004
0000000000000000001b405b042a506a40800000000
000000000000000000b46573862b506b40800000000
0000000000000000001c00dbc400000000000000000
00000000000000000061c0309a27b067a7800000000
0000000000000000009f53ddc200000000000000000
0000000000000000001cc15c8400000000000000000
000000000000000000a013de4200000000000000000
0000000000001c8db8a0d3dec200000000000000000
0000000000000000006200311a00000000000000000
000000000000000000a3d7e24200000000000000000
0000000000001d0e18a497e2c200000000000000000
0000000000000000001f801f4227c047b1000000000
0000cc2960001d8e78a557e34200000000000000000
0000d02a60000000002040a00200000000000000000
0000ce29e000000000210120c200000000000000000
0000000000000000007480345c08987865800000000
000000000000000000240023c200000000000000000
00000000000000000024c0a48200000000000000000
000000000000000000704002d626e056d881f5f0004
0000000000000000001fc05f8400000000000000000
0000000000000000002080e04400000000000000000
0000000000000000002141610400000000000000000
0000000000000000002581254208a88895800000000
0000000000000000002440640400000000000000000
0000000000000000006580349a00000000000000000
0000000000000000002500e4c40000000001bdb8006
0000000000000000007000029600000000000000000
0000000000001e0ff8b565740600000000000000000
0000000000001e9058b4e573c600000000000000000
0000d23260001f10b8b8e9780628b068a7800000000
0000d432e0001f9238b9e9788600000000000000000
0000d633600000000025c1658400000000000000000
000000000000000000b969784600000000000000000
000000000000201298bd6d7c8600000000000000000
0000000000000000007580355c00000000000000000
000000000000000000750034dc00000000000000000
000000000000000000790038dc28c048b1000000000
0000000000000000007a0039dc27e057d8800000000
0000da3be0002092f8be6d7d0600000000000000000
0000d83b60000000007980395c0c3c1c01000000000
0000000000000000007d803d5c00000000000000000
0000000000000000006600359a00000000000000000
0000dc3c600000000065c0351a00000000000000000
0000000000000000006980391a00000000023630004
000000000000000000a85be6c20000000001fdf8006
000000000000000000a91be74200000000000000000
000000000000000000a9dbe7c200000000000000000
00000000000000000069c0399a0c4c2c31000000000
0000000000000000006a003a1a00000000000000000
0000000000000000006d803d9a00000000000000000
000000000000000000bded7cc600000000000000000
0000000000000000002880284200000000000000000
0000000000000000002940a90200000000000000000
0000000000000000002a0129c200000000000000000
0000000000000000007e803e5c09997965800000000
0000000000000000007400071600000000000000000
000000000000000000744007562c506c40800000000
0000000000000000007e003ddc00000000000000000
00000000000000000028c0688400000000000000000
0000000000000000002980e9440a9a7a65800000000
0000000000000000002a416a0400000000000000000
0000000000000000006e003e9a09a98995800000000
0000000000000000007480079628e058d8800000000
000000000000000000acdfeb4200000000000000000
000000000000000000ad9febc200000000000000000
000000000000211478ae5fec4200000000000000000
0000000000002194d86dc03e1a0aaa8a95800000000
0000de4460002215388371428600000000000000000
0000e044e00000000083f142c629b069a7800000000
0000e24560000000008471430600000000023e38006
0000000000000000002d002cc20d3d1d01000000000
0000000000000000002dc0ad8200000000000000000
00000000000000000078400bd600000000000000000
0000000000000000002e812e422ab06aa7800000000
0000000000000000004380035c00000000000000000
000000000000000000440003dc29c049b1000000000
0000000000000000004480045c00000000000000000
0000000000000000002d406d040d4d2d31000000000
00000000000000000078000b960b9b7b65800000000
0000000000000000002e00edc400000000000000000
00000000000000000078800c162ac04ab1000000000
0000000000000000002ec16e8400000000000000000
0000000000000000007180039a00000000027670004
00000000000000000071c0041a00000000000000000
0000000000002296b87200049a2d506d40800000000
0000000000000000007c00101600000000000000000
0000000000000000007c4010560bab8b95800000000
0000000000002317187c8010960000000002b6b0004
0000e44d6000239778b223f04200000000000000000
0000e64de000000000b163efc200000000000000000
0000e84e6000000000b2e3f0c20e3e1e01000000000
00000000000000000087f5470600000000000000000
0000000000000000008875474600000000000000000
00000000000000000088f547862bb06ba7800000000
0000000000000000004000149600000000000000000
0000000000000000003240b2020c9c7c65800000000
0000000000000000003180314200000000000000000
000000000000000000330132c20e4e2e31000000000
000000000000000000480007dc0f3f1f01000000000
0000000000000000004880085c00000000000000000
000000000000000000490008dc2bc04bb1000000000
000000000000000000404014d629e059d8800000000
0000000000000000003280f2440cac8c95800000000
00000000000000000031c0718400000000000000000
000000000000000000334173042e506e40800000000
0000000000000000007580081a0f4f2f31000000000
00000000000000000075c0089a2ae05ad8800000000
0000000000000000007600091a0000000002f6f0004
0000000000000000004080151600000000027e78006
000000000000249958440019162cb06ca7800000000
0000000000002418f84440195600000000000000000
0000ea5660002519b88c794b8600000000000000000
0000ec56e0000000008cf94bc62f506f40800000000
0000ee5760000000008d794c060000000002beb8006
0000000000000000004480199600301001000000000
00000000000000000048001d9600000000000000000
00000000000000000048401dd62cc04cb1000000000
00000000000000000048801e1600000000000000000
0000000000000000004c800c5c0d9d7d65800000000
0000000000000000004d000cdc00000000000000000
0000000000000000004d800d5c00000000000000000
00000000000000000090fd500600402031000000000
000000000000000000917d504600000000000000000
00000000000000000091fd508600000000033730004
0000000000000000004c00221601311101000000000
00000000000000000079800c9a0dad8d95800000000
00000000000000000079c00d1a2be05bd8800000000
000000000000000000b5e7f44200000000000000000
000000000000000000b6a7f4c220506040800000000
000000000000000000b767f54202321201000000000
0000000000000000007a000d9a00000000000000000
000000000000000000510010dc01412131000000000
000000000000000000ba6bf8c22db06da7800000000
000000000000000000bb2bf9420000000002fef8006
000000000000000000360035c200000000000000000
00000000000000000036c0b68200000000000000000
0000000000000000004c40225602422231000000000
0000000000000000003781374200000000000000000
000000000000000000bbebf9c221506140800000000
0000000000000000003a803a422dc04db1000000000
0000000000000000003b40bb020e9e7e65800000000
0000000000000000003640760400000000000000000
0000000000000000007d80111a2ce05cd8800000000
0000000000000000003700f6c422506240800000000
0000000000000000004c80229600000000000000000
00000000000000000037c1778400000000000000000
0000000000000000003ac07a8400000000037770004
0000000000000000003b80fb4400000000000000000
000000000000259b383c013bc20eae8e95800000000
0000000000000000005180115c03331301033f38006
000000000000000000520011dc00000000000000000
000000000000261b989541548600000000000000000
0000f05f6000269bf8beeffd4200000000000000000
0000f25fe000271d7881effe4200000000000000000
000000000000279dd8bfaffdc200000000000000000
0000f46060000000003c417c042eb06ea7800000000
00000000000000000095c154c603432331000000000
0000000000000000007dc0119a00000000000000000
0000000000000000007e00121a00000000000000000
0000000000000000003f003ec200000000000000000
000000000000000000020101c200000000000000000
0000000000000000003fc0bf8200000000000000000
0000f6686000281e38504026d62ec04eb1000000000
0000f868e0000000005580155c23506340800000000
0000fa696000000000560015dc00000000000000000
000000000000000000500026962de05dd8800000000
0000000000000000003f407f0400000000000000000
0000000000000000000241420400000000000000000
00000000000000000084f3c34200000000000000000
0000000000000000000180ffc40f9f7f6583b7b0004
0000000000000000004180159a00000000000000000
00000000000000000085b3c3c200000000000000000
0000000000000000008673c44200000000037f78006
000000000000289fb841c0161a00000000000000000
0000000000002981389641550600000000000000000
000000000000000000050004c200000000000000000
000000000000000000508027160faf8f95800000000
0000fc7160002900d899c5590600000000000000000
0000fe71e00000000005c0858200000000000000000
00000000000000000054002b1604341401000000000
0001007260000000000681064200000000000000000
0000000000000000005680165c00000000000000000
0000000000000000000540450400000000000000000
0000000000000000009a4559462fb06fa7800000000
0000000000000000005a0019dc00000000000000000
0000000000000000009ac5598600907065800000000
0000000000000000000600c5c400000000000000000
00000000000000000054402b5600000000000000000
00000000000000000006c146842ee05ed8800000000
0000000000002a02b84200169a04442431000000000
0000000000000000005a801a5c2fc04fb1000000000
0000000000000000008977c7c200000000000000000
0000000000000000008a37c84200000000000000000
0000000000000000008af7c8c200000000000000000
0000000000002a83185b001adc00000000000000000
0001027a60002b037845801a1a0000000003bfb8006
0001047ae0000000009e495d8624506440800000000
0001067b600000000045c01a9a0000000003f7f0004
0000000000000000000980094200000000000000000
0000000000000000000a408a0205351501000000000
0000000000000000000b010ac200000000000000000
00000000000000000046001b1a00a08095800000000
0000000000000000009ec95dc600000000000000000
0000000000000000005e801e5c00000000000000000
0000000000000000009f495e0600000000000000000
00000000000000000009c0498400000000000000000
0000000000000000000a80ca4400000000000000000
0000000000000000000b414b0400000000000000000
000000000000000000a2cd620620b060a7800000000
0000000000000000005f001edc00000000000000000
00000000000000000049801e9a01917165800000000
0000000000000000005f801f5c00000000000000000
0000000000002b84f8a34d624600000000000000000
0000000000002c0558a7d166c600000000000000000
0001080660002c85b88ebbccc200000000000000000
00010a06e0000000008dfbcc4200000000000000000
00010c0760000000008f7bcd422fe05fd8800000000
00000000000000000049c01f1a20c040b1000000000
0000000000000000004a001f9a01a18195800000000
000000000000000000630022dc00000000000000000
0000000000000000006380235c00000000000000000
0000000000000000000ec08e8200000000000000000
00000000000000000058402fd600000000000000000
0000000000000000000e000dc20000000003fff8006
0000000000000000000f810f4200000000003430004
000000000000000000a3cd628621b061a7800000000
0000000000000000004d80231a00000000000000000
0000000000000000004dc0239a00000000000000000
000000000000000000a751668600000000000000000
0000000000000000000f00cec402927265800000000
00000000000000000054802b9600000000000000000
0000000000000000000e404e0400000000000000000
0000000000000000000fc14f8421c041b1000000000
000000000000000000640023dc00000000000000000
000000000000000000680027dc00000000000000000
0000000000000000006780275c00000000000000000
00000000000000000058002f9602a28295800000000
0000000000002d87985c40345600000000000000000
0000000000002d0738a851670600000000000000000
0001100fe0002e07f85880301603937365807470004
00010e0f60000000004e00241a00000000000000000
00011210600000000051c0281a00000000000000000
000000000000000000927fd0c200000000000000000
000000000000000000933fd14220e050d8800000000
00000000000000000093ffd1c222b062a7800000000
0000000000000000005180279a00000000000000000
0000000000000000006880285c05452531000000000
0000000000000000005c00341600000000000000000
0000000000000000005c80349606361601000000000
0000000000000000001280124200000000000000000
0000000000000000001340930200000000003c38006
000000000000000000140113c222c042b1000000000
0000000000000000006000389603a38395800000000
0000000000000000005200289a25506540800000000
000000000000000000604038d600000000000000000
0000000000000000006080391606462631000000000
00000000000000000012c0528400000000000000000
0000000000000000001380d34404947465800000000
0000000000000000001441540421e051d880b4b0004
00000000000000000064003d1623b063a7800000000
000000000000000000abd56b0600000000000000000
000000000000000000ac556b4600000000000000000
000000000000000000acd56b8626506640800000000
0000000000002e897864403d5607371701000000000
0000000000002f09d86800031600000000000000000
0001141860002f8a3864803d9604a48495807c78006
00011618e0000000006840035623c043b1000000000
0001181960000000006c002bdc08381801000000000
0000000000000000006c802c5c00000000000000000
00000000000000000096c3d54200000000000000000
0000000000000000009783d5c200000000000000000
0000000000000000009843d64200000000000000000
0000000000000000006d002cdc24b064a7800000000
000000000000000000b0596f860747273100f4f0004
00000000000000000055802c1a08482831000000000
00000000000000000055c02c9a09391901000000000
000000000000000000170016c200000000000000000
00000000000000000017c0978222e052d8800000000
0000000000000000006c4007d60a3a1a01000000000
0000000000000000001881184224c044b1000000000
00000000000000000056002d1a27506740800000000
0000000000000000007080305c28506840800000000
000000000000000000b0d96fc609492931000000000
0000000000000000001740570400000000000000000
0000000000000000009b47d9c20000000000bcb8006
0000000000000000001800d7c400000000000000000
0000000000000000006880039600000000013530004
00000000000000000018c1588405957565800000000
0000000000000000009c07da4200000000000000000
0000000000000000009cc7dac229506940800000000
000000000000300bb85980309a00000000000000000
0000000000000000001b801b4200000000000000000
000000000000000000710030dc23e053d8800000000
000000000000308c18b55d744600000000000000000
00011a216000310c786c00079605a58595800000000
00011c21e0000000001c409c0200000000000000000
0000000000000000001d011cc200000000000000000
00011e226000000000b159700600000000000000000
0000000000000000001bc05b840a4a2a31000000000
00000000000000000059c0311a0000000000fcf8006
000000000000000000b4dd740600000000000000000
0000000000000000007580355c25b065a7800000000
0000000000000000001c80dc4400000000000000000
0000000000000000001d415d0400000000000000000
0000000000000000009fcbde4200000000000000000
000000000000318df8a14bdf4224e054d8800000000
000000000000000000a08bdec22a506a40800000000
0000000000000000007180315c0b3b1b01000000000
000000000000000000750034dc25c045b1000000000
000000000000320e58b9e178c600000000000000000
0001202a6000328eb85dc0359a00000000000000000
0001222ae00000000020001fc206967665800000000
0001242b60000000002181214200000000013d38006
00000000000000000020c0a08200000000000000000
0000000000000000006c80081600000000000000000
0000000000000000005a00319a00000000017570004
0000000000000000005d80351a00000000000000000
000000000000000000b5dd748600000000000000000
0000000000000000002040600400000000000000000
00000000000000000021c1618400000000000000000
000000000000000000a44fe2c200000000000000000
0000000000000000002100e0c400000000000000000
00000000000000000070000c1600000000000000000
000000000000000000a50fe34200000000000000000
000000000000000000a5cfe3c200000000000000000
000000000000331038760035dc00000000000000000
0000000000003410f8b96178860b4b2b31000000000
0000000000000000002480244206a68695800000000
0000000000000000007a0039dc07977765800000000
000126336000339098be657d4600000000000000000
00012833e0000000002540a50200000000000000000
00012a346000000000260125c200000000000000000
000000000000000000a8d3e74200000000000000000
000000000000000000a993e7c22b506b40800000000
00000000000000000024c0648425e055d8800000000
000000000000000000aa53e84226b066a7800000000
0000000000000000005e00361a00000000000000000
0000000000000000002580e54400000000000000000
0000000000000000002641660400000000000000000
000000000000000000290028c200000000000000000
00000000000000000029c0a98200000000000000000
00000000000034927861c03a1a00000000017d78006
0000000000000000002a812a4226c046b1000000000
0000000000000000007980395c00000000000000000
0000000000003512d8ba61790600000000000000000
00012c3c6000359338bde57d0600000000000000000
00012e3ce0000000002940690400000000000000000
0000000000000000007e803e5c00000000000000000
0001303d60000000002a00e9c407a78795800000000
00000000000000000070400c560000000001b5b0004
0000000000000000002ac16a8400000000000000000
0000000000000000006180399a00000000000000000
0000000000000000007a803a5c00000000000000000
0000000000003614b87e003ddc00000000000000000
00000000000000000065c03e9a00000000000000000
000000000000000000bee57d8627b067a7800000000
0000000000003695188469434600000000000000000
00013245600037157883e9430600000000000000000
00013445e00000000084e9438600000000000000000
00013646600000000062003a9a00000000000000000
000000000000000000ad57ebc200000000000000000
000000000000000000ae17ec420c3c1c01000000000
000000000000000000aed7ecc200000000000000000
00000000000000000065803e1a27c047b1000000000
0000000000000000007f003edc08987865800000000
000000000000000000440003dc00000000000000000
0000000000000000004480045c00000000000000000
0000000000000000002d802d4200000000000000000
0000000000000000002e40ae0200000000000000000
0000000000000000002f012ec226e056d8800000000
000000000000000000450004dc0000000001f5f0004
00000000000000000066003f1a08a88895800000000
0000000000000000006980041a00000000000000000
00000000000000000069c0049a00000000000000000
0000000000000000002dc06d8400000000000000000
0000000000000000002e80ee4409997965800000000
0000000000000000002f416f040000000001bdb8006
0000000000000000006a00051a00000000000000000
000000000000000000886d478600000000000000000
00000000000000000088ed47c628b068a7800000000
000000000000000000896d480600000000000000000
0000000000003796f870800c9600000000000000000
000000000000381758744010d600000000000000000
0001384e60003897b87400109609a98995800000000
00013c4f60000000007480111600000000000000000
00013a4ee0000000004880085c0a9a7a65800000000
000000000000000000490008dc28c048b1000000000
0000000000000000004980095c00000000000000000
0000000000000000007800151600000000000000000
0000000000000000007840155600000000000000000
0000000000000000007880159627e057d8800000000
0000000000000000007c00199629b069a7800000000
0000000000000000006d80089a0aaa8a95800000000
0000000000000000006dc0091a00000000023630004
0000000000000000006e00099a0c4c2c31000000000
000000000000000000b1dbf0420d3d1d01000000000
000000000000000000b29bf0c200000000000000000
000000000000000000b35bf1420000000001fdf8006
0000000000000000007c4019d629c049b1000000000
0000000000000000007c801a162ab06aa7800000000
00000000000000000040001e1600000000000000000
00000000000000000040401e562c506c40800000000
000000000000000000320031c20d4d2d31000000000
00000000000000000032c0b2820e3e1e01000000000
000000000000000000444022d600000000000000000
0000000000000000003381334200000000027670004
00000000000000000040801e962ac04ab1000000000
000000000000000000440022960b9b7b65800000000
0000000000000000008cf14c0600000000000000000
0000000000000000003240720400000000000000000
0000000000000000008d714c462d506d40800000000
0000000000000000003300f2c40e4e2e31000000000
0000000000000000004480231628e058d8800000000
00000000000000000033c173840000000002b6b0004
000000000000000000480027160bab8b95800000000
0000000000000000004d000cdc0f3f1f01000000000
000000000000391938b65ff4c200301001000000000
000000000000000000b71ff54200000000000000000
000000000000000000b7dff5c22e506e40800000000
0000000000003999984d800d5c01311101023e38006
00013e5760003a19f88df14c8600000000000000000
00014057e000000000917550862bb06ba7800000000
00014258600000000071800d1a0f4f2f31000000000
0000000000000000003680364200402031000000000
0000000000000000003740b70229e059d8800000000
000000000000000000380137c200000000000000000
00000000000000000091f550c601412131000000000
00000000000000000071c00d9a00000000000000000
0000000000000000004e000ddc2bc04bb1000000000
0000000000000000005180115c2f506f40800000000
00000000000000000036c0768420506040800000000
0000000000000000003780f74400000000027e78006
000000000000000000384178042ae05ad8800000000
000000000000000000520011dc21506140800000000
0000000000000000009275510600000000000000000
00000000000000000072000e1a0000000002f6f0004
0000000000000000007580119a00000000000000000
0000000000003a9b7895f9550600000000000000000
0000000000003b1bd8bae3f94200000000000000000
0001446060003b9c38bba3f9c20000000002beb8006
00014660e000000000bc63fa4200000000000000000
00014861600000000075c0121a0c9c7c65800000000
0000000000000000005280125c00000000000000000
0000000000000000009679554600000000000000000
000000000000000000560015dc00000000000000000
0000000000000000003b003ac200000000000000000
0000000000000000003bc0bb8200000000000000000
0000000000000000004840275600000000000000000
0000000000000000003c813c420cac8c95800000000
0000000000000000007600129a00000000000000000
000000000000000000bf67fdc200000000000000000
00000000000000000081a7fe4200000000000000000
0000000000000000003b407b0400000000000000000
0000000000000000008267fec200000000000000000
0000000000000000003c00fbc42be05bd8800000000
0000000000000000007980161a2cb06ca7800000000
0000000000000000003cc17c840d9d7d65800000000
0000000000000000003f803f4200000000000000000
00000000000000000001c0818200000000000000000
0000000000003c1db84c402bd602321201000000000
0000000000000000000281024200000000000000000
000000000000000000856bc3c20000000002fef8006
0000000000003c9e18862bc44200000000000000000
00014a6960003d1e785680165c2cc04cb1000000000
00014c69e0000000003fc07f840dad8d95800000000
00014e6a600000000086ebc4c200000000000000000
0000000000000000000200c1c400000000000000000
0000000000000000004880279600000000000000000
00000000000000000002c1428400000000000000000
0000000000000000000580054200000000000000000
0000000000000000000640860200000000033730004
0000000000003d9ff879c0169a2db06da7800000000
000000000000000000070106c200000000000000000
00000000000000000096f9558600000000000000000
0000000000003e01189a7d598600000000000000000
0001507260003e81789b7d5a0600000000000000000
00015272e00000000005c0458400000000000000000
0001547360000000000680c64400000000000000000
0000000000000000009afd59c62dc04db1000000000
0000000000000000000741470402422231000000000
00000000000000000089efc84200000000000000000
0000000000000000008aafc8c200000000000000000
0000000000000000008b6fc94200000000000000000
0000000000003f02f85a801a5c0e9e7e65800000000
0000000000003f8358570016dc00000000000000000
0000000000000000005b001adc00000000037770004
0001567b60004003b89ec15e0622506240800000000
0001587be0000000000a0009c200000000000000000
0000000000000000000ac08a8200000000000000000
0000000000000000004c802c162ce05cd8800000000
00015a7c60000000000b810b4200000000000000000
0000000000000000007a00171a00000000000000000
0000000000000000007d801a9a00000000000000000
0000000000000000007dc01b1a00000000000000000
0000000000000000000a404a0400000000000000000
0000000000000000005b801b5c00000000000000000
0000000000000000000b00cac400000000033f38006
0000000000000000004c002b9600000000000000000
0000000000000000000bc14b8400000000000000000
0000000000000000005f001edc00000000000000000
0000000000000000009f415e4600000000000000000
0000000000004085389fc15e8600000000000000000
0000000000000000007e001b9a00000000000000000
000000000000000000500030160eae8e95800000000
000000000000410598504030562de05dd8800000000
00015c0760004185f8a34562860f9f7f65800000000
00015e07e00000000041801f1a00000000000000000
0001600860000000005f801f5c00000000000000000
00000000000000000060001fdc00000000000000000
000000000000000000a3c562c600000000000000000
000000000000000000a44563062eb06ea7800000000
000000000000000000a7c9670600000000037f78006
0000000000000000006380235c03331301000000000
000000000000000000a849674600000000000000000
00000000000000000041c01f9a0faf8f95800000000
0000000000000000008e73ccc200000000000000000
0000000000000000008f33cd4204341401000000000
0000000000000000008ff3cdc200000000000000000
0000000000000000004200201a2ec04eb1000000000
0000000000000000004580239a03432331000000000
000000000000000000640023dc00000000000000000
0000000000000000006480245c2fb06fa7800000000
0000000000000000000e800e4200000000000000000
0000000000000000000f408f0200000000000000000
00000000000000000010010fc200000000000000000
000000000000000000680027dc0000000003b7b0004
0000000000000000006880285c00907065800000000
00000000000000000045c0241a23506340800000000
0000000000000000004600249a2fc04fb1000000000
0000000000000000000ec04e8400000000000000000
0000000000000000000f80cf4400000000000000000
0000000000000000001041500400000000000000000
00000000000000000092f7d14200000000000000000
00000000000000000093b7d1c200a08095800000000
0000000000000000009477d24200000000000000000
0000000000000000004980281a0000000003f7f0004
00000000000042077849c0289a00000000000000000
0000000000004287d8accd6bc600000000000000000
000162106000430838a8c9678600000000000000000
00016410e000000000130012c201917165800000000
00016611600000000013c0938220b060a7800000000
000000000000000000544034d600000000000000000
0000000000000000001481144200000000000000000
000000000000000000ac4d6b8600000000000000000
0000000000000000006d002cdc2ee05ed8800000000
000000000000000000690028dc00000000000000000
0000000000000000001340530401a18195800000000
000000000000000000ad4d6c0620c040b1000000000
0000000000000000001400d3c402927265800000000
0000000000000000005080309600000000000000000
00000000000000000014c1548400000000000000000
0000000000000000006c802c5c0000000003bfb8006
0000000000000000004a00291a00000000000000000
0000000000004389b84dc02d1a21b061a7800000000
0000000000000000006d802d5c00000000003430004
000000000000000000540034962fe05fd8800000000
000000000000440a185840395600000000000000000
000168196000448a785480351600000000000000000
00016a19e0000000004d802c9a00000000000000000
00016c1a60000000005800391600000000000000000
0000000000000000005880399600000000000000000
0000000000000000004e002d9a21c041b1000000000
0000000000000000005c003d960000000003fff8006
0000000000000000005c403dd604442431000000000
0000000000000000005c803e1602a28295800000000
0000000000000000006000039600000000000000000
000000000000000000604003d600000000000000000
0000000000000000006080041605351501000000000
0000000000000000006400081600000000007470004
0000000000000000006440085600000000000000000
000000000000000000977bd5c224506440800000000
000000000000000000983bd64222b062a7800000000
00000000000000000098fbd6c206361601000000000
0000000000000000006480089620e050d8800000000
00000000000000000068000c9605452531000000000
00000000000000000068800d1603937365800000000
00000000000000000068400cd607371701000000000
0000000000000000001780174200000000000000000
0000000000000000001840980222c042b1000000000
000000000000000000190118c208381801000000000
000000000000000000b0d1700600000000003c38006
0000000000000000009bffda4209391901000000000
0000000000000000009cbfdac203a38395800000000
0000000000000000009d7fdb4225506540800000000
00000000000000000017c0578406462631000000000
0000000000000000001880d8440747273100b4b0004
0000000000000000001941590408482831000000000
000000000000000000710030dc21e051d8800000000
0000000000000000001c001bc209492931000000000
0000000000000000001cc09c8223b063a7800000000
000000000000000000000000000a3a1a01000000000
000000000000450bf81d811d4226506640800000000
000000000000458c58b151704627506740800000000
00016e226000460cb8b1d1708628506840800000000
00017022e0000000005180311a00000000007c78006
0000000000000000001c405c0429506940800000000
000172236000000000b555748623c043b1000000000
0000000000000000001d00dcc40a4a2a31000000000
0000000000000000006c00111600000000000000000
0000000000000000001dc15d8400000000000000000
000000000000000000a043dec200000000000000000
000000000000000000a103df4200000000000000000
000000000000468e38a1c3dfc200000000000000000
0000000000000000007180315c0000000000f4f0004
000000000000000000720031dc22e052d8800000000
000000000000470e987580355c2a506a40800000000
0001742b6000478ef8b655750600000000000000000
0001762be0000000002080204200000000000000000
0000000000000000002140a10200000000000000000
0001782c6000000000220121c200000000000000000
00000000000000000051c0319a00000000000000000
0000000000000000005200321a0000000000bcb8006
0000000000000000005580359a00000000000000000
000000000000000000a4c7e34200000000000000000
00000000000000000020c0608400000000000000000
0000000000000000002180e14400000000000000000
0000000000000000002241620400000000000000000
000000000000000000a587e3c200000000000000000
000000000000000000a647e44200000000000000000
000000000000000000b5d574c600000000000000000
000000000000000000250024c200000000000000000
0000000000004810787680365c00000000000000000
0000000000004890d86c40115623e053d8800000000
00017a346000491138b9d9790604947465800000000
00017c34e00000000025c0a58200000000000000000
000000000000000000704015d600000000000000000
00017e3560000000002681264200000000000000000
0000000000000000002540650400000000000000000
000000000000000000760035dc00000000000000000
0000000000000000005600369a0000000000fcf8006
000000000000000000a94be7c204a48495800000000
000000000000000000aa0be84200000000000000000
0000000000000000002600e5c400000000000000000
0000000000000000006c80119600000000000000000
0000000000004992b8aacbe8c20b3b1b01000000000
00000000000000000026c1668400000000000000000
0000000000000000007a0039dc00000000000000000
0000000000000000002980294224b064a7800000000
0000000000000000002a40aa0200000000000000000
00000000000000000055c0361a00000000000000000
0000000000004a1318ba59794600000000000000000
0000000000000000002b012ac200000000000000000
0001803d60004a9378bad9798600000000000000000
0001823de00000000059803a1a00000000000000000
0001843e600000000029c0698424c044b1000000000
0000000000000000002a80ea440b4b2b31000000000
000000000000000000be5d7d8600000000000000000
0000000000000000007a803a5c00000000000000000
0000000000000000002b416b0400000000000000000
000000000000000000adcfec4200000000000000000
000000000000000000ae8fecc200000000000000000
0000000000004b14f8af4fed4200000000013530004
0000000000004b95587b003adc05957565800000000
0000000000000000007e803e5c2b506b40800000000
00000000000000000059c03a9a00000000000000000
0001864660004c15b8bedd7dc600000000000000000
00018846e0000000002e002dc200000000000000000
0000000000000000002ec0ae8200000000000000000
00018a4760000000007080161600000000000000000
0000000000000000002f812f4205a58595800000000
0000000000000000005a003b1a00000000000000000
0000000000000000005d803e9a00000000000000000
0000000000000000007f003edc00000000000000000
0000000000000000002e406e0400000000000000000
000000000000000000bf5d7e0600000000000000000
0000000000000000002f00eec400000000000000000
0000000000000000007000159625b065a7800000000
0000000000000000002fc16f8406967665800000000
0000000000000000008461438600000000000000000
0000000000000000005dc03f1a00000000000000000
0000000000004c973874001a1624e054d8800000000
0000000000000000007f803f5c00000000000000000
00000000000000000084e143c600000000000000000
0000000000004d17988965484625c045b1000000000
0000000000004d97f874401a5606a68695800000000
0000000000000000004480045c00000000000000000
0000000000000000008561440600000000000000000
00000000000000000088e5480600000000013d38006
0000000000000000005e003f9a0c3c1c01000000000
000000000000000000450004dc00000000000000000
0000000000000000004980095c00000000017570004
00000000000000000089e5488626b066a7800000000
0000000000000000006180049a07977765800000000
0000000000000000004580055c00000000000000000
000000000000000000490008dc00000000000000000
0000000000000000008d694c860c4c2c31000000000
00000000000000000061c0051a0d3d1d01000000000
00000000000000000065c0099a00000000000000000
0000000000000000004a0009dc26c046b1000000000
0000000000000000008de94cc600000000000000000
0000000000000000006200059a07a78795800000000
0000000000000000006580091a00000000000000000
0000000000000000004d800d5c00000000000000000
0000000000000000008e694d062c506c40800000000
00000000000000000091ed510600000000000000000
00000000000000000066000a1a0000000001b5b0004
000000000000000000b253f0c200000000000000000
000000000000000000b313f14227b067a7800000000
000000000000000000b3d3f1c200000000000000000
00000000000000000069800d9a25e055d8800000000
0000000000000000004e000ddc08987865800000000
0000000000000000004e800e5c00000000000000000
000000000000000000520011dc00000000000000000
0000000000000000003280324209997965800000000
0000000000000000003340b30227c047b1000000000
000000000000000000340133c200000000000000000
000000000000000000926d514600000000017d78006
00000000000000000069c00e1a08a88895800000000
0000000000000000006a000e9a00000000000000000
0000000000000000006d80121a00000000000000000
00000000000000000032c0728409a98995800000000
0000000000000000003380f3440000000001f5f0004
0000000000000000003441740400000000000000000
0000000000000000005280125c00000000000000000
00000000000000000092ed518628b068a7800000000
00000000000000000074801a9626e056d8800000000
0000000000000000009671558600000000000000000
0000000000004e19789771560629b069a7800000000
0000000000004e99d896f155c600000000000000000
0000000000004f1a3878001e960a9a7a65800000000
0000000000000000006dc0129a00000000000000000
000000000000000000530012dc28c048b1000000000
00000000000000000078401ed60000000001bdb8006
0000000000000000005680165c00000000000000000
0000000000000000005780175c00000000000000000
000000000000000000b6d7f54200000000000000000
000000000000000000b797f5c20aaa8a95800000000
000000000000000000b857f64200000000000000000
0000000000000000006e00131a29c049b1023630004
000000000000000000570016dc0d4d2d31000000000
0000000000000000007180169a27e057d8800000000
0000000000000000007200179a00000000000000000
000000000000000000370036c20b9b7b65800000000
00000000000000000037c0b7822ab06aa7800000000
00000000000000000078801f1600000000000000000
0000000000000000003881384200000000027670004
00000000000000000071c0171a2d506d40800000000
0000000000000000007c0023160e3e1e0101fdf8006
0000000000000000007c40235600000000000000000
0000000000000000003740770400000000000000000
0000000000000000007c8023962ac04ab1000000000
0000000000000000003800f7c40bab8b95800000000
0000000000000000000000000000000000000000000
00000000000000000038c1788400000000000000000
000000000000000000bb5bf9c200000000000000000
000000000000000000bc1bfa4200000000000000000
0000000000004f9bb8bcdbfac200000000000000000
0000000000000000000000000028e058d882b6b0004
0000000000000000009af55a062bb06ba7800000000
000000000000501c189b755a460c9c7c65800000000
000000000000509c789bf55a860e4e2e31000000000
0000000000000000003b803b420f3f1f01000000000
0000000000000000003c40bc0200000000000000000
0000000000000000003d013cc200000000000000000
0000000000000000000000000029e059d8823e38006
0000000000000000005b001adc2bc04bb1000000000
000000000000000000bfdffe420cac8c95800000000
000000000000000000821ffec22e506e40800000000
0000000000000000003bc07b840f4f2f31000000000
0000000000000000003c80fc4400000000000000000
0000000000000000003d417d0400000000000000000
00000000000000000082dfff4200000000027e78006
00000000000000000075801b1a0000000002f6f0004
00000000000000000001803fc22cb06ca7800000000
0000000000000000000240820200000000000000000
000000000000511df85b801b5c2f506f40800000000
000000000000519e585c001bdc2ae05ad8800000000
000000000000521eb89f795e8600000000000000000
000000000000000000030102c200000000000000000
0000000000000000009ff95ec600000000000000000
00000000000000000001c041842cc04cb1000000000
0000000000000000000280c24400000000000000000
00000000000000000075c01b9a00000000000000000
00000000000000000085e3c4420000000002beb8006
00000000000000000086a3c4c200000000000000000
0000000000000000000341430400000000000000000
0000000000000000008763c54200000000000000000
0000000000005280f876001c1a00000000033730004
0000000000005301585f801f5c00000000000000000
00000000000000000060001fdc00000000000000000
000000000000000000060005c200000000000000000
00000000000000000006c086822be05bd8800000000
0000000000005381b80000000000000000000000000
0000000000000000000781074200000000000000000
0000000000000000008a67c8c200000000000000000
0000000000000000008b27c94200000000000000000
0000000000000000008be7c9c200000000000000000
000000000000000000064046040d9d7d65800000000
00000000000000000079801f9a0000000002fef8006
0000000000000000000700c6c400000000000000000
00000000000000000079c0201a00000000000000000
00000000000000000007c1478400000000000000000
0000000000000000000a800a4200000000000000000
0000000000000000000b408b0200000000000000000
0000000000005403380c010bc20dad8d95800000000
0000000000000000008eebcd4200000000000000000
0000000000000000008fabcdc22ce05cd8800000000
000000000000548398906bce4200000000000000000
0000000000005503f8a0795f0600000000000000000
0000000000000000000ac04a8400000000000000000
0000000000000000000b80cb4400000000000000000
0000000000000000000c414c042db06da7800000000
0000000000000000000f000ec20e9e7e65800000000
0000000000000000000fc08f8200000000033f38006
0000000000000000000000000000000000000000000
0000000000000000001081104200000000000000000
0000000000005585786080205c00000000000000000
0000000000005605d8936fd1c200000000000000000
00000000000056863894efd2c200000000000000000
0000000000000000000f404f042dc04db1000000000
000000000000000000942fd24200000000000000000
0000000000000000001000cfc400000000000000000
0000000000000000000000000000000000000000000
00000000000000000010c1508400000000000000000
0000000000000000001380134200000000000000000
000000000000000000150114c200000000000000000
0000000000005707b87a00209a00000000037770004
0000000000000000001440940200000000000000000
000000000000000000a3fd630600000000000000000
000000000000578818a47d634600000000000000000
000000000000580878a4fd638600000000000000000
00000000000000000013c0538400000000000000000
0000000000000000001541550400000000000000000
00000000000000000097f3d64200000000000000000
0000000000000000001480d44400000000000000000
00000000000000000098b3d6c200000000000000000
0000000000000000009973d74200000000000000000
000000000000000000640023dc00000000000000000
0000000000005889f86480245c0eae8e95800000000
000000000000598ab8650024dc00000000000000000
000000000000000000180017c200000000000000000
000000000000590a580000000000000000000000000
00000000000000000018c0988200000000000000000
0000000000000000000000000000000000000000000
0000000000000000001981194200000000000000000
0000000000000000007d80241a2de05dd8800000000
0000000000000000007dc0249a2eb06ea7800000000
0000000000000000001840580400000000000000000
0000000000000000007e00251a00000000000000000
0000000000000000000000000000000000000000000
0000000000000000001900d8c400000000000000000
0000000000000000000000000000000000000000000
00000000000000000019c1598400000000037f78006
0000000000000000000000000000000000000000000
0000000000005a0c38000000002ec04eb1000000000
0000000000000000000000000000000000000000000
0000000000000000000000000000000000000000000
0000000000000000000000000000000000000000000
0000000000005a8c98000000000f9f7f65800000000
0000000000005b0cf80000000000000000000000000
0000000000000000000000000000000000000000000
000000000000000000000000000000000003b7b0004
0000000000000000000000000000000000000000000
0000000000000000000000000000000000000000000
0000000000000000000000000000000000000000000
000000000000000000000000000faf8f95800000000
0000000000000000000000000000000000000000000
0000000000000000000000000000000000000000000
0000000000000000000000000000000000000000000
0000000000000000000000000000000000000000000
0000000000000000000000000000000000000000000
0000000000000000009c77dac200000000000000000
0000000000000000009d37db422fb06fa7800000000
0000000000000000009df7dbc200000000000000000
0000000000000000000000000000000000000000000
0000000000000000000000000000000000000000000
0000000000000000000000000000000000000000000
0000000000000000000000000000000000000000000
0000000000000000001c801c4200000000000000000
0000000000000000001d409d022fc04fb1000000000
0000000000000000001e011dc22ee05ed8800000000
0000000000000000000000000000000000000000000
0000000000000000000000000000000000000000000
0000000000000000000000000000000000000000000
0000000000000000000000000000000000000000000
0000000000000000001cc05c8400000000000000000
0000000000000000001d80dd440000000003f7f0004
0000000000000000001e415e040000000003bfb8006
0000000000000000000000000000000000000000000
0000000000000000000000000000000000000000000
0000000000000000000000000000000000000000000
0000000000000000000000000000000000000000000
0000000000005b8e780000000000000000000000000
0000000000005c0ed80000000000000000000000000
0000000000005c8f380000000000000000000000000
0000000000000000000000000000000000000000000
0000000000000000000000000000000000000000000
0000000000000000000000000000000000000000000
0000000000000000000000000000000000000000000
0000000000000000000000000000000000000000000
0000000000000000000000000000000000000000000
0000000000000000000000000000000000000000000
0000000000000000000000000000000000000000000
0000000000000000000000000000000000000000000
0000000000000000000000000000000000000000000
000000000000000000000000002fe05fd8800000000
000000000000000000a0fbdf4200000000000000000
000000000000000000a1bbdfc200000000000000000
000000000000000000a27be04200000000000000000
0000000000000000000000000000000000000000000
0000000000000000000000000000000000000000000
0000000000000000000000000000000000000000000
000000000000000000000000000000000003fff8006
000000000000000000210020c200000000000000000
00000000000000000021c0a18200000000000000000
0000000000000000000000000000000000000000000
0000000000000000002281224200000000000000000
0000000000000000000000000000000000000000000
0000000000000000000000000000000000000000000
0000000000000000000000000000000000000000000
0000000000000000002140610400000000000000000
0000000000000000000000000000000000000000000
0000000000000000002200e1c400000000000000000
0000000000000000000000000000000000000000000
00000000000000000022c1628400000000000000000
0000000000000000000000000000000000000000000
0000000000000000000000000000000000000000000
0000000000005d10b80000000000000000000000000
0000000000000000000000000000000000000000000
0000000000000000000000000000000000000000000
0000000000005d91180000000000000000000000000
0000000000005e1178a63fe44200000000000000000
000000000000000000a57fe3c200000000000000000
000000000000000000a6ffe4c200000000000000000
0000000000000000000000000000000000000000000
0000000000000000000000000000000000000000000
0000000000000000000000000000000000000000000
0000000000000000000000000000000000000000000
0000000000000000002640a60200000000000000000
0000000000000000002580254200000000000000000
000000000000000000270126c200000000000000000
0000000000000000000000000000000000000000000
0000000000000000000000000000000000000000000
0000000000000000000000000000000000000000000
0000000000000000000000000000000000000000000
0000000000000000002680e64400000000000000000
00000000000000000025c0658400000000000000000
0000000000000000002741670400000000000000000
0000000000000000000000000000000000000000000
0000000000000000000000000000000000000000000
0000000000000000000000000000000000000000000
0000000000000000000000000000000000000000000
0000000000005f13580000000000000000000000000
0000000000005e92f80000000000000000000000000
0000000000005f93b80000000000000000000000000
0000000000000000000000000000000000000000001
0000000060000000000000000000000000000000000
00000200e0000000000000000000000000000000000
0000040160000000000000000000000000000000000
00000601e0000000004000001800000000000000000
0000080860000000004040005800000000000000000
00000a08e0000000004080009800000000000000000
00000c09600000000040c000d800000000000000000
00000e09e00000000043c0041800000000000000000
0000101060000000004400045800000000000000000
00001210e0000000004440049800000000000000000
000014116000000000448004d800000000000000000
00001611e0000000004780081800401002000000000
00001818600000000047c0085800000000000000000
00001a18e0000000004800089800503022000000000
00001c196000000000484008d800000000000000000
00001e19e0000000004b400c18013100f2000000000
0000202060000000004b800c5800000000000000000
00002220e0000000004bc00c9801412112000000000
0000242160000000004c000cd800000000000000000
00002621e0000000004f0010180221f1e2000000000
0000282860000000004f40105800605042000000000
00002a28e0000000004f80109802321202000000000
00002c2960000000004fc010d800000000000000000
00002e29e00000000052c014180312e2d2000000000
0000303060000000005300145801514132000000000
00003230e00000000053401498032302f2000000000
000034316000000000538014d800000000000000000
00003631e000000000810180060403d3c2000000000
0000383860000000008181804600000000000000000
00003a38e0000000008201808600000000000000000
00003c396000000000828180c600000000000000000
00003e39e0000000008505440602423222000000000
000040406000000000858544460413f3e2000000000
00004240e0000000008605448604f4c4b2000000000
00004641e000000000868544c600000000081412082
0000444160000000005680181803332312000000000
00004848600000000056c018580504e4d2000000000
00004a48e0000000005700189800000000000000000
00004e49e0000000008909080600000000081c1a082
00004c4960000000008989084600000000000000000
0000505060000000008a09088600000000000000000
00005250e0000000008a8908c600000000000000000
000054516000000000574018d804241402082422082
00005651e0000000005a801c58051504f2000000000
00005a58e0000000005a401c1805e5b5a2000000000
0000585860000000005ac01c9800000000000000000
00005c5960000000005b001cd800000000082c2a082
00005e59e0000000005e00201800000000000000000
0000606060000000005e40205800000000000000000
00006260e0000000005e80209805f5d5c2000000000
0000646160000000005ec020d800000000085452082
00006661e00000000061c0241806d6a692000000000
0000686860000000006200245800000000000000000
00006a68e0000000006240249806e6c6b2000000000
00006c696000000000628024d800000000085c5a082
00006e69e0000000006580281807c79782000000000
00007070600000000065c028580605f5e2000000000
00007270e0000000006600289807d7b7a2000000000
000074716000000000664028d800000000086462082
00007671e00000000069402c1808b88872000000000
00007878600000000069802c5806f6e6d2000000000
00007a78e00000000069c02c9808c8a892000000000
00007c79600000000041c0015600000000086c6a082
0000000000000000006a002cd809a97962000000000
00007e79e0000000006d00301807e7d7c2000000000
0000000000000000006d40305809b99982000000000
000000000000000000420001d600000000089492082
0000000000000000006d8030980a9a6a52000000000
0000000000000000006dc030d808d8c8b2000000000
00000000000000000070c0341800000000000000000
000000000000000000424002560aaa8a72089c9a082
0000000000000000007140349800000000000000000
000000000000000000718034d809c9b9a2000000000
000000000000000000748038180b8b5b42000000000
000000000000000000428002d60000000008a4a2082
0000000000000000007100345800000000000000000
00000000000000000074c038580b9b7b62000000000
000000000000000000750038980abaaa92000000000
0000000000000000004580055600b0807108acaa082
000000000000000000754038d80c8c6c52000000000
00000000000000000078403c1800000000000000000
00000000000000000078803c5800000000000000000
00000000000000000045c005d60c7c4c32000000000
00000000000000000078c03c9800000000000000000
00000000000000000079003cd80bab9b82000000000
000000000000000000000000000d6d3d22000000000
0000000000000000004600065600c0a091000000000
0000000000000000000000000000000000000000000
000000000000000000000000000d7d5d42000000000
000000000000000000000000000c9c8c72000000000
000000000000000000464006d60e5e2e12000000000
000000000000000000000000000e6e4e32000000000
0000000000000000000000000000000000000000000
0000000000000000000000000000d0c0b1000000000
0000000000000000004940095601a17161000000000
000000000000000000000000000d8d7d62000000000
0000000000000000000000000000000000000000000
0000000000000000000000000000000000000000000
000000000000000000498009d60e7e6e52000000000
0000000000000000008d0ccc0600000000000000000
0000000000000000008d8ccc4600000000083834006
0000000000000000008e0ccc8600000000000000000
00000000000000000049c00a5601b19181000000000
0000000000000000008e8cccc600000000000000000
0000000000000000009110900600000000000000000
0000000000000000009190904600000000000000000
0000000000000000004a000ad60000000008d4d2082
0000000000000000009210908600000000000000000
000000000000000000929090c600000000000000000
0000000000000000009514540601c1b1a1000000000
000000000000000000991818060292625108dcda082
0000000000000000009594544600000000000000000
0000000000000000009614548600000000000000000
000000000000000000969454c600000000000000000
000000000000000000000000000000000008e4e2082
0000000000000000000000000000000000000000000
0000000000000000000000000000000000087470006
0000000000000000000000000000000000000000000
0000000000000000000000000002a2827108ecea082
0000000000000000000000000000000000000000000
0000000000000000000000000000000000000000000
0000000000000000000000000000000000000000000
0000000000000000000000000000000000091512082
0000000000000000000000000000000000000000000
0000000000000000000000000000000000000000000
0000000000000000000000000002b2a291000000000
0000000000000000000000000000000000091d1a082
0000000000000000000000000000000000000000000
0000000000000000000000000000000000000000000
0000000000000000000000000000000000000000000
0000000000000000000000000000000000092522082
0000000000000000000000000000000000000000000
000000000000000000000000000000000008b0ac006
0000000000000000000000000000000000000000000
0000000000000000004d000d5600000000092d2a082
0000000000000000000000000000000000000000000
0000000000000000000000000000000000000000000
0000000000000000000000000000000000000000000
0000000000000000004d400dd600000000095552082
0000000000000000000000000000000000000000000
0000000000000000000000000000000000000000000
0000000000000000000000000000000000000000000
0000000000000000004d800e5600000000095d5a082
0000000000000000000000000000000000000000000
0000000000000000000000000000000000000000000
0000000000000000000000000000000000000000000
0000000000000000004dc00ed600000000096562082
0000000000000000000000000000000000000000000
0000000000000000000000000000000000000000000
0000000000000000000000000000000000000000000
00000000000000000050c0115603835341096d6a082
0000000000000000000000000000000000000000000
0000000000000000000000000000000000000000000
0000000000000000000000000000000000000000000
000000000000000000510011d600000000099592082
0000000000000000000000000000000000000000000
0000000000000000000000000000000000000000000
0000000000000000000000000000000000000000000
0000000000000000005140125603937361000000000
0000000000000000000000000000000000000000000
0000000000000000000000000000000000000000000
0000000000000000000000000000000000000000000
000000000000000000518012d600000000000000000
0000000000000000000000000000000000000000000
0000000000000000000000000000000000000000000
0000000000000000000000000003a39381000000000
0000000000000000005480155604744431000000000
0000000000000000000000000000000000000000000
0000000000000000000000000000000000000000000
0000000000000000000000000000000000000000000
00000000000000000054c015d600000000000000000
0000000000000000000000000000000000000000000
000000000000000000000000000000000008ece8006
0000000000000000000000000000000000000000000
0000000000000000005500165604846451000000000
0000000000000000008303814200000000000000000
000000000000000000834381c200000000000000000
0000000000000000008383824200000000000000000
00000000000000000083c382c200000000000000000
0000000000000000008707454200000000000000000
000000000000000000874745c200000000000000000
0000000000000000008787464204948471000000000
00000000000000019887c746c205653521000000000
0000000000000081b88b4b09c200000000000000000
0000000000000101d88b0b094200000000000000000
0000800060000181f88b8b0a4200000000000000000
00008200e0000203988bcb0ac200000000000000000
0000840160000283b8554016d600000000000000000
00008601e0000303d85840195600000000092924006
0000880860000383f89998184600000000000000000
00008a08e0000485b89a18188600000000000000000
00008c0960000405988f0ecd4200000000000000000
00008e09e0000505d88f4ecdc200000000000000000
0000901060000585f88f8ece4200000000000000000
00009210e0000000008fcecec200000000000000000
0000941160000000009a9818c600000000000000000
00009611e0000000009d1bdc0600000000099d9a082
0000000000000000009d9bdc4600000000000000000
0000000000000607989e1bdc8600000000000000000
0000000000000687b89e9bdcc605755541000000000
0000000000000707d8a19fa0460000000009a5a2082
0000981860000787f8a11fa00600000000000000000
00009a18e000000000a21fa08600000000000000000
00009e19e000000000a29fa0c600000000000000000
0000000000000000007c0000180000000009adaa082
00009c1960000000007c40005800000000000000000
0000000000000000007c80009805857561000000000
0000000000000000007cc000d800000000000000000
000000000000000000400004580000000009d5d2082
0000000000000000007fc0041800000000000000000
0000000000000000004040049800000000000000000
000000000000000000408004d800000000000000000
000000000000000000438008180f4f1f0209ddda082
00000000000000000043c0085800000000096560006
000000000000000000440008980f5f3f22000000000
000000000000000000444008d800000000000000000
00000000000000000047800c5800300ff209e5e2082
00000000000000000047400c1800000000000000000
00000000000000000047c00c9800402012000000000
00000000000000000048000cd800000000000000000
000000000000000000000000000120f0e209edea082
000000000000000000000000000f6f5f42000000000
0000000000000000000000000001311102000000000
0000000000000000000000000000000000000000000
000000000000000000588019d60211e1d20a1612082
0000000000000000000000000000000000000000000
0000000000000000000000000000504032000000000
00000000000000000000000000022201f2000000000
00000000000000000058c01a56000000000a1e1a082
0000000000000000000000000001413122000000000
0000000000000000000000000000000000000000000
0000000000000000000000000000000000000000000
00000000000000000059001ad6000000000a2622082
0000000000000000000000000000000000000000000
0000000000000000000000000002322212000000000
0000000000000000000000000000000000000000000
0000000000000000005c001d56065626110a2e2a082
0000000000000000000000000000000000000000000
0000000000000000000000000000000000000000000
0000000000000000000000000000000000000000000
0000000000000000005c401dd600000000000000000
0000000000000000000000000000000000000000000
0000000000000000000000000000000000000000000
0000000000000000000000000000000000000000000
0000000000000000005c801e5606664631000000000
0000000000000000000000000000000000000000000
0000000000000000000000000000000000000000000
0000000000000000000000000000000000000000000
0000000000000000005cc01ed600000000000000000
0000000000000000000000000000000000000000000
0000000000000000000000000000000000000000000
0000000000000000000000000006766651000000000
0000000000000000005fc0215607471701000000000
0000000000000000000000000000000000000000000
0000000000000000000000000000000000000000000
0000000000000000000000000000000000000000000
000000000000000000600021d600000000000000000
0000000000000000009312914200000000000000000
000000000000000000935291c20000000009a19c006
0000000000000000009392924200000000000000000
00000000000000000093d292c200000000000000000
0000000000000000009716554207573721000000000
000000000000000000975655c200000000000000000
0000000000000000009796564200000000000000000
00000000000008099897d656c200000000000000000
0000000000000889b8608022d600000000000000000
0000000000000909d86040225600000000000000000
0000a02060000989f8a523640600000000000000000
0000a220e0000a0b98adaaec4607675741000000000
0000a42160000a8bb8a6236486083807f1000000000
0000a621e0000b0bd8a5a3644600000000000000000
0000aa28e0000b8bf8a927280600000000000000000
0000a8286000000000a6a364c600000000000000000
0000ac296000000000a9a7284600000000000000000
0000ae29e000000000aa272886000000000a5652082
000000000000000000aaa728c60000000009ddd8006
000000000000000000ad2aec0600000000000000000
0000000000000000009b1a194200000000000000000
0000000000000000009b5a19c2084828110a5e5a082
0000000000000000009b9a1a4200000000000000000
0000000000000000009bda1ac200000000000000000
000000000000000000ae2aec8600000000000000000
0000000000000000004b401058000000000a6662082
0000000000000000004b00101800000000000000000
0000000000000c0d984b80109800000000000000000
0000000000000c8db84bc010d808584831000000000
0000000000000d0dd84f001458000000000a9692082
0000b03060000d8df84f40149800000000000000000
0000b230e0000000004ec0141800000000000000000
0000b43160000000004f8014d800000000000000000
0000b631e000000000528018180302d2c20a6e6a082
00000000000000000052c0185800000000000000000
000000000000000000530018980312f2e20a1a14006
000000000000000000534018d800000000000000000
00000000000000000000000000000000000a9e9a082
0000000000000000000000000003f3c3b2000000000
000000000000000000000000000403e3d2000000000
0000000000000000000000000000000000000000000
0000000000000000000000000004e4b4a20aa6a2082
0000000000000000000000000003231302000000000
0000000000000000000000000004f4d4c2000000000
0000000000000000000000000000000000000000000
00000000000000000063802556000000000aaeaa082
00000000000000000000000000041403f2000000000
0000000000000000000000000000000000000000000
0000000000000000000000000000000000000000000
00000000000000000063c025d6000000000ad6d2082
000000000000000000000000000504f4e2000000000
0000000000000000000000000000000000000000000
0000000000000000000000000000000000000000000
00000000000000000064002656000000000adeda082
0000000000000000000000000000000000000000000
0000000000000000000000000000000000000000000
0000000000000000000000000000000000000000000
00000000000000000067402956000000000ae6e2082
0000000000000000000000000000000000000000000
0000000000000000000000000000000000000000000
0000000000000000000000000000000000000000000
000000000000000000644026d60928f8e1000000000
0000000000000000000000000000000000000000000
0000000000000000000000000000000000000000000
0000000000000000000000000000000000000000000
000000000000000000678029d600000000000000000
0000000000000000000000000000000000000000000
0000000000000000000000000000000000000000000
0000000000000000000000000000000000000000000
00000000000000000067c02a5600000000000000000
0000000000000000000000000000000000000000000
0000000000000000000000000000000000000000000
0000000000000000000000000000000000000000000
00000000000000000068002ad609391901000000000
0000000000000000000000000000000000000000000
0000000000000000000000000000000000000000000
0000000000000000000000000000000000000000000
0000000000000000006b002d560a19e9d1000000000
0000000000000000009f1ddd4200000000000000000
0000000000000000009f5dddc200000000000000000
0000000000000000009f9dde4200000000000000000
0000000000000000009fdddec200000000000000000
000000000000000000a321a14200000000000000000
000000000000000000a361a1c200000000000000000
000000000000000000a3a1a24200000000000000000
0000000000000e0f98a3e1a2c20a2a09f1000000000
0000000000000e8fb86b402dd609493921000000000
0000000000000f0fd86b802e5600000000000000000
0000b83860000f8ff8b12eb00600000000000000000
0000ba38e000101198aeaaecc600000000000000000
0000bc3960001091b8b22eb08600000000000000000
0000be39e0001111d8b1aeb04600000000000000000
0000c240e0001191f8b93638060a3a2a11000000000
0000c0406000000000b2aeb0c6000000000a5650006
0000c4416000000000b532740600000000000000000
0000c641e000000000b5b27446000000000b1712082
000000000000000000b632748600000000000000000
000000000000000000b6b274c600000000000000000
000000000000000000bd39fc060b0adac1000000000
000000000000000000b9b63846000000000a928c006
000000000000000000bab638c6000000000aeeea082
000000000000000000ba36388600000000000000000
000000000000000000bdb9fc4600000000000000000
00000000000000000056401c1800000000000000000
00000000000000000056801c58000000000b1f1a082
00000000000000000056c01c9800000000000000000
00000000000000000057001cd800000000000000000
0000000000000000005a00201800000000000000000
0000000000000000005a402058000000000b2722082
0000000000000000005a80209800000000000000000
0000000000000000005ac020d800000000000000000
0000000000000000000000000005d5a592000000000
00000000000000000000000000000000000b2f2a082
0000000000000000000000000005e5c5b2000000000
0000000000000000000000000000000000000000000
0000000000000000000000000006c69682000000000
00000000000000000000000000000000000b5752082
0000000000000000000000000006d6b6a2000000000
0000000000000000000000000000000000000000000
0000000000000000000000000000000000000000000
0000000000000000000000000005f5e5d20b5f5a082
0000000000000000000000000000000000000000000
0000000000000000000000000000000000000000000
0000000000000000006ec0315600000000000000000
0000000000000000000000000006e6d6c20b6762082
0000000000000000000000000000000000000000000
0000000000000000000000000000000000000000000
0000000000000000000000000000000000000000000
0000000000000000006bc02ed6000000000b6f6a082
0000000000000000000000000000000000000000000
0000000000000000000000000000000000000000000
0000000000000000000000000000000000000000000
0000000000000000006f0031d6000000000b9792082
0000000000000000000000000000000000000000000
0000000000000000000000000000000000000000000
0000000000000000000000000000000000000000000
0000000000000000006f403256000000000b9f9a082
0000000000000000000000000000000000000000000
0000000000000000000000000000000000000000000
0000000000000000000000000000000000000000000
0000000000000000006f8032d60b1afae10ba7a2082
0000000000000000000000000000000000000000000
0000000000000000000000000000000000000000000
0000000000000000000000000000000000000000000
000000000000000000728035560bfbcbb10bafaa082
0000000000000000000000000000000000000000000
0000000000000000000000000000000000000000000
000000000000000000000000000b2b1b01000000000
00000000000000000072c035d6000000000bd7d2082
0000000000000000000000000000000000000000000
0000000000000000000000000000000000000000000
0000000000000000000000000000000000000000000
000000000000000000730036560c0bebd10bdfda082
0000000000000000000000000000000000000000000
00000000000000000000000000000000000acec8006
0000000000000000000000000000000000000000000
000000000000000000734036d600000000000000000
0000000000000000000000000000000000000000000
0000000000000000000000000000000000000000000
000000000000000000000000000c1c0bf1000000000
000000000000000000764039560cecbca1000000000
0000000000000000000000000000000000000000000
0000000000000000000000000000000000000000000
0000000000000000000000000000000000000000000
000000000000000000768039d600000000000000000
0000000000000000000000000000000000000000000
00000000000000000000000000000000000b0b04006
0000000000000000000000000000000000000000000
00000000000000000076c03a560cfcdcc1000000000
0000000000000000000000000000000000000000000
0000000000000000000000000000000000000000000
0000000000000000000000000000000000000000000
00000000000000000077003ad600000000000000000
000000000000000000a725654200000000000000000
000000000000000000a76565c200000000000000000
000000000000000000a7a566420d0cfce1000000000
000000000000000000a7e566c200000000000000000
000000000000000000ab2929420dddad91000000000
000000000000000000ab6929c200000000000000000
000000000000000000aba92a4200000000000000000
000000000000121398abe92ac200000000000000000
0000000000001293b8af6cedc200000000000000000
0000000000001313d8af2ced42000000000b4740006
0000c84860001393f8afacee4200000000000000000
0000ca48e000141598afeceec200000000000000000
0000cc4960001495b8b370b1c20dedcdb1000000000
0000ce49e0001515d8b330b14200000000000000000
0000d05060001595f8b3b0b24200000000000000000
0000d250e0001697b8b3f0b2c200000000000000000
0000d45160001617987a003d5600000000000000000
0000d651e0001717d87a403dd600000000000000000
0000d85860001797f8be39fc8600000000000000000
0000da58e0001899b8beb9fcc60dfdedd1000000000
0000dc59600018199881bd804600000000000000000
0000de59e0001919d8813d800600000000000000000
0000e260e0001999f8823d808600000000000000000
0000e060600000000082bd80c600000000000000000
0000e661e0000000008501440600000000000000000
0000e461600000000085814446000000000be7e2082
00000000000000000086014486000000000b837c006
000000000000000000868144c600000000000000000
000000000000000000b734754200000000000000000
000000000000000000b77475c2000000000befea082
000000000000000000b7b4764200000000000000000
000000000000000000b7f476c200000000000000000
0000000000000000008d08cc060ece9e81000000000
0000000000000000005e00245800000000081412082
0000000000000000005dc0241800000000000000000
0000000000001a1b985e40249800000000000000000
0000000000001a9bb85e8024d800000000000000000
0000000000001b1bd861c0285800000000082422082
0000e86860001b9bf86180281800000000000000000
0000ea68e0000000006200289800000000000000000
0000ec696000000000624028d800000000000000000
0000ee69e00000000065402c1807b78772081c1a082
00000000000000000065802c5800000000000000000
00000000000000000065c02c9807c7a792000000000
00000000000000000066002cd800000000000000000
0000000000000000006900301808a87862082c2a082
0000000000000000006940305800000000000000000
0000000000000000006980309808b89882000000000
00000000000000000069c030d800000000000000000
0000000000000000006d00345809996952085452082
0000000000000000006cc0341807d7c7b2000000000
0000000000000000006d40349809a98972000000000
0000000000000000006d8034d800000000000000000
0000000000000000007a803e560a8a5a42085c5a082
0000000000000000000000000008c8b8a2000000000
000000000000000000000000000a9a7a62000000000
0000000000000000000000000000000000000000000
0000000000000000007ac03ed60b7b4b32086462082
0000000000000000000000000009b9a992000000000
000000000000000000000000000b8b6b52000000000
0000000000000000000000000000000000000000000
0000000000000000007dc0015600000000086c6a082
000000000000000000000000000aaa9a82000000000
0000000000000000000000000000000000000000000
0000000000000000000000000000000000000000000
0000000000000000007e4002560000000008d4d2082
000000000000000000000000000b9b8b72000000000
0000000000000000000000000000000000000000000
0000000000000000000000000000000000000000000
0000000000000000007e0001d60edebea1000000000
0000000000000000000000000000000000000000000
0000000000000000000000000000000000000000000
0000000000000000000000000000000000000000000
0000000000000000007e8002d600000000000000000
0000000000000000000000000000000000000000000
0000000000000000000000000000000000000000000
000000000000000000000000000eeedec1000000000
0000000000000000004180055600000000000000000
0000000000000000000000000000000000000000000
0000000000000000000000000000000000000000000
0000000000000000000000000000000000000000000
00000000000000000041c005d60fbf8f71000000000
0000000000000000000000000000000000000000000
00000000000000000000000000000000000bbfb8006
0000000000000000000000000000000000000000000
000000000000000000420006560fcfaf91000000000
000000000000000000bb38394200000000000000000
000000000000000000bb7839c200000000000000000
000000000000000000bbb83a4200000000000000000
000000000000000000bbf83ac200000000000000000
000000000000000000424006d600000000000000000
0000000000000000008905080600000000000000000
000000000000000000910c90060fdfcfb1000000000
0000000000001c1d988985084600a07061000000000
0000000000001c9db88a05088600000000000000000
0000000000001d1dd88a8508c600000000000000000
0000f270e0001d9df849000d5600000000000000000
0000f07060000000008d88cc4600000000000000000
0000f47160000000008e08cc8600000000089492082
0000f671e0000000008e88ccc6000000000bfbf4006
000000000000000000918c904600000000000000000
000000000000000000920c908600000000000000000
000000000000000000bf3bfd4200b09081089c9a082
000000000000000000bf7bfdc200000000000000000
000000000000000000bfbbfe4200000000000000000
000000000000000000bffbfec200000000000000000
00000000000000000070c038580000000008a4a2082
0000000000000000007080381800000000000000000
0000000000000000007100389800000000000000000
0000000000001e1f98714038d800c0b0a1000000000
0000000000001e9fb8000000000000000008acaa082
0000000000001f1fd80000000000000000000000000
0000f87860001f9ff80000000000000000000000000
0000fa78e0000000000000000000000000000000000
0000fc796000000000000000000c6c3c2208dcda082
0000fe79e00000000074403c1800000000000000000
00000000000000000074803c5800000000083430006
000000000000000000000000000c7c5c42000000000
00000000000000000074c03c980000000008e4e2082
00000000000000000075003cd800000000000000000
0000000000000000000000000000000000000000000
0000000000000000000000000000000000000000000
000000000000000000000000000000000008ecea082
000000000000000000000000000d5d2d12000000000
000000000000000000000000000c8c7c62000000000
0000000000000000000000000000000000000000000
000000000000000000454009560d6d4d32091512082
0000000000000000000000000000000000000000000
0000000000000000000000000000000000000000000
0000000000000000000000000000000000000000000
000000000000000000458009d600000000091d1a082
0000000000000000000000000000000000000000000
0000000000000000000000000000000000000000000
000000000000000000000000000d7d6d52000000000
00000000000000000045c00a5600000000092522082
0000000000000000000000000000000000000000000
0000000000000000000000000000000000000000000
0000000000000000000000000000000000000000000
00000000000000000046000ad600000000000000000
0000000000000000000000000000000000000000000
0000000000000000000000000000000000000000000
0000000000000000000000000000000000000000000
00000000000000000049400dd601916151000000000
0000000000000000000000000000000000000000000
0000000000000000000000000000000000000000000
0000000000000000000000000000000000000000000
00000000000000000049800e5600000000000000000
0000000000000000000000000000000000000000000
0000000000000000000000000000000000000000000
0000000000000000000000000000000000000000000
00000000000000000049c00ed601a18171000000000
0000000000000000000000000000000000000000000
0000000000000000000000000000000000000000000
0000000000000000000000000000000000000000000
0000000000000000004cc0115602825241000000000
000000000000000000833f814200000000000000000
000000000000000000837f81c200000000000000000
00000000000000000083bf824200000000000000000
00000000000000000083ff82c200000000000000000
0000000000000000008703454200000000000000000
000000000000000000874345c200000000000000000
0000000000000000008783464200000000000000000
00000000000020019887c346c202927261000000000
0000000000002081b84d0011d601b1a191000000000
0000000000002101d84d40125600000000000000000
0001000060002181f89510540600000000000000000
00010200e000220398928c90c600000000000000000
0001040160002283b89610548600000000000000000
00010601e0002303d89590544600000000000000000
00010a08e0002383f89d17dc0602a29281000000000
000108086000000000969054c60000000008706c006
00010c0960000000009914180600000000000000000
00010e09e0000000009994184600000000095552082
0000000000000000009a14188600000000000000000
0000000000000000009a9418c600000000000000000
000000000000000000a11ba00603734331000000000
0000000000000000009d97dc460000000008aca8006
0000000000000000009e97dcc600000000092d2a082
0000000000000000009e17dc8600000000000000000
000000000000000000a19ba04600000000000000000
0000000000000000007800001800000000000000000
0000000000000000007840005800000000095d5a082
0000000000000000007880009800000000000000000
00000000000000000078c000d800000000000000000
0000000000000000007bc0041800000000000000000
0000000000000000007c00045800000000096562082
0000000000000000007c40049800000000000000000
0000000000000000007c8004d800000000000000000
000000000000000000000000000e4e1e02000000000
0000000000000000000000000000000000096d6a082
000000000000000000000000000e5e3e22000000000
0000000000000000000000000000000000000000000
000000000000000000000000000f3f0ef2000000000
0000000000000000000000000000000000099592082
000000000000000000000000000f4f2f12000000000
0000000000000000000000000000000000000000000
0000000000000000000000000000000000000000000
000000000000000000000000000e6e5e42099d9a082
0000000000000000000000000000000000000000000
0000000000000000000000000000000000000000000
0000000000000000005080155600000000000000000
000000000000000000000000000f5f4f3209a5a2082
0000000000000000000000000000000000000000000
0000000000000000000000000000000000000000000
0000000000000000000000000000000000000000000
0000000000000000004d8012d60000000009adaa082
0000000000000000000000000000000000000000000
0000000000000000000000000000000000000000000
0000000000000000000000000000000000000000000
00000000000000000050c015d60000000009d5d2082
0000000000000000000000000000000000000000000
0000000000000000000000000000000000000000000
0000000000000000000000000000000000000000000
000000000000000000510016560000000009ddda082
0000000000000000000000000000000000000000000
0000000000000000000000000000000000000000000
0000000000000000000000000000000000000000000
000000000000000000514016d60383635109e5e2082
0000000000000000000000000000000000000000000
0000000000000000000000000000000000000000000
0000000000000000000000000000000000000000000
000000000000000000544019560464342109edea082
0000000000000000000000000000000000000000000
0000000000000000000000000000000000000000000
0000000000000000000000000003938371000000000
000000000000000000548019d6000000000a1612082
0000000000000000000000000000000000000000000
0000000000000000000000000000000000000000000
0000000000000000000000000000000000000000000
00000000000000000054c01a56047454410a1e1a082
0000000000000000000000000000000000000000000
000000000000000000000000000000000008e8e4006
0000000000000000000000000000000000000000000
00000000000000000055001ad600000000000000000
0000000000000000000000000000000000000000000
0000000000000000000000000000000000000000000
0000000000000000000000000004847461000000000
00000000000000000058001d5605552511000000000
0000000000000000000000000000000000000000000
0000000000000000000000000000000000000000000
0000000000000000000000000000000000000000000
00000000000000000058401dd600000000000000000
0000000000000000000000000000000000000000000
0000000000000000000000000000000000092520006
0000000000000000000000000000000000000000000
00000000000000000058801e5605654531000000000
0000000000000000000000000000000000000000000
0000000000000000000000000000000000000000000
0000000000000000000000000000000000000000000
00000000000000000058c01ed600000000000000000
0000000000000000008b07094200000000000000000
0000000000000000008b4709c200000000000000000
0000000000000000008b870a4205756551000000000
0000000000000000008bc70ac200000000000000000
0000000000000000008f0acd4206461601000000000
0000000000000000008f4acdc200000000000000000
0000000000000000008f8ace4200000000000000000
0000000000002405988fcacec200000000000000000
0000000000002485b8934e91c200000000000000000
0000000000002505d8930e91420000000009615c006
0001101060002585f8938e924200000000000000000
00011210e00026079893ce92c200000000000000000
0001141160002687b8975255c206563621000000000
00011611e0002707d89712554200000000000000000
0001181860002787f89792564200000000000000000
00011a18e0002889b897d256c200000000000000000
00011c1960002809985bc0215600000000000000000
00011e19e0002909d85c0021d600000000000000000
0001202060002989f8a21ba08600000000000000000
00012220e0002a8bb8a29ba0c606665641000000000
0001242160002a0b98a59f644600000000000000000
00012621e0002b0bd8a51f640600000000000000000
00012a28e0002b8bf8a61f648600000000000000000
000128286000000000a69f64c600000000000000000
00012e29e000000000a923280600000000000000000
00012c296000000000a9a32846000000000a2622082
000000000000000000aa23288600000000099d98006
000000000000000000aaa328c600000000000000000
0000000000000000009b16194200000000000000000
0000000000000000009b5619c2000000000a2e2a082
0000000000000000009b961a4200000000000000000
0000000000000000009bd61ac200000000000000000
000000000000000000b12ab006073706f1000000000
0000000000000000007fc00858000000000a5652082
0000000000000000007f80081800000000000000000
0000000000002c0d984000089800000000000000000
0000000000002c8db8404008d800000000000000000
0000000000002d0dd843800c58000000000a6662082
0001303060002d8df843400c1800000000000000000
00013230e00000000043c00c9800000000000000000
00013431600000000044000cd800000000000000000
00013631e00000000047001018002fffe20a5e5a082
0000000000000000004740105800000000000000000
0000000000000000004780109800301002000000000
00000000000000000047c010d800000000000000000
0000000000000000004ac014180110e0d20a6e6a082
0000000000000000004b00145800000000000000000
0000000000000000004b401498012100f2000000000
0000000000000000004b8014d800000000000000000
0000000000000000004ec018580201d1c20a9692082
0000000000000000004e80181800403022000000000
0000000000000000004f0018980211f1e2000000000
0000000000000000004f4018d800000000000000000
0000000000000000005c40225602f2c2b20a9e9a082
0000000000000000000000000001312112000000000
000000000000000000000000000302e2d2000000000
0000000000000000000000000000000000000000000
0000000000000000005c8022d603e3b3a20aa6a2082
0000000000000000000000000002221202000000000
0000000000000000000000000003f3d3c2000000000
0000000000000000000000000000000000000000000
0000000000000000005f802556000000000aaeaa082
00000000000000000000000000031302f2000000000
0000000000000000000000000000000000000000000
0000000000000000000000000000000000000000000
00000000000000000060002656000000000b1712082
000000000000000000000000000403f3e2000000000
0000000000000000000000000000000000000000000
0000000000000000000000000000000000000000000
0000000000000000005fc025d607472711000000000
0000000000000000000000000000000000000000000
0000000000000000000000000000000000000000000
0000000000000000000000000000000000000000000
000000000000000000604026d600000000000000000
0000000000000000000000000000000000000000000
0000000000000000000000000000000000000000000
0000000000000000000000000007574731000000000
0000000000000000006340295600000000000000000
0000000000000000000000000000000000000000000
0000000000000000000000000000000000000000000
0000000000000000000000000000000000000000000
000000000000000000638029d60827f7e1000000000
0000000000000000000000000000000000000000000
000000000000000000000000000000000009d9d4006
0000000000000000000000000000000000000000000
00000000000000000063c02a5608381801000000000
0000000000000000009f19dd4200000000000000000
0000000000000000009f59ddc200000000000000000
0000000000000000009f99de4200000000000000000
0000000000000000009fd9dec200000000000000000
00000000000000000064002ad600000000000000000
000000000000000000ad26ec0600000000000000000
000000000000000000b52e740608483821000000000
0000000000002e0f98ada6ec460918e8d1000000000
0000000000002e8fb8ae26ec8600000000000000000
0000000000002f0fd8aea6ecc600000000000000000
00013a38e0002f8ff86ac0315600000000000000000
000138386000000000b1aab04600000000000000000
00013c396000000000b22ab086000000000ad6d2082
00013e39e000000000b2aab0c6000000000a1610006
000000000000000000b5ae744600000000000000000
000000000000000000b62e748600000000000000000
000000000000000000a31da142092908f10adeda082
000000000000000000a35da1c200000000000000000
000000000000000000a39da24200000000000000000
000000000000000000a3dda2c200000000000000000
00000000000000000052801c58000000000ae6e2082
00000000000000000052401c1800000000000000000
00000000000000000052c01c9800000000000000000
00000000000030119853001cd809392911000000000
0000000000003091b800000000000000000aeeea082
0000000000003111d80000000000000000000000000
0001404060003191f80000000000000000000000000
00014240e0000000000000000000000000000000000
0001444160000000000000000004d4a4920b1f1a082
00014641e0000000005600201800000000000000000
00000000000000000056402058000000000a524c006
0000000000000000000000000004e4c4b2000000000
00000000000000000056802098000000000b2722082
00000000000000000056c020d800000000000000000
0000000000000000000000000000000000000000000
0000000000000000000000000000000000000000000
00000000000000000000000000000000000b2f2a082
0000000000000000000000000005c59582000000000
0000000000000000000000000004f4e4d2000000000
0000000000000000000000000000000000000000000
00000000000000000067002d5605d5b5a20b5752082
0000000000000000000000000000000000000000000
0000000000000000000000000000000000000000000
0000000000000000000000000000000000000000000
00000000000000000067402dd6000000000b5f5a082
0000000000000000000000000000000000000000000
0000000000000000000000000000000000000000000
0000000000000000000000000005e5d5c2000000000
00000000000000000067802e56000000000b6762082
0000000000000000000000000000000000000000000
0000000000000000000000000000000000000000000
0000000000000000000000000000000000000000000
00000000000000000067c02ed600000000000000000
0000000000000000000000000000000000000000000
0000000000000000000000000000000000000000000
0000000000000000000000000000000000000000000
0000000000000000006b0031d60a09d9c1000000000
0000000000000000000000000000000000000000000
0000000000000000000000000000000000000000000
0000000000000000000000000000000000000000000
0000000000000000006b40325600000000000000000
0000000000000000000000000000000000000000000
0000000000000000000000000000000000000000000
0000000000000000000000000000000000000000000
0000000000000000006b8032d60a19f9e1000000000
0000000000000000000000000000000000000000000
0000000000000000000000000000000000000000000
0000000000000000000000000000000000000000000
0000000000000000006e8035560afacab1000000000
000000000000000000a721654200000000000000000
000000000000000000a76165c200000000000000000
000000000000000000a7a1664200000000000000000
000000000000000000a7e166c200000000000000000
000000000000000000ab25294200000000000000000
000000000000000000ab6529c200000000000000000
000000000000000000aba52a4200000000000000000
000000000000321398abe52ac20b0aead1000000000
0000000000003293b86ec035d60a2a1a01000000000
0000000000003313d86f00365600000000000000000
0001484860003393f8b932380600000000000000000
00014a48e000341598b6ae74c600000000000000000
00014c4960003495b8ba32388600000000000000000
00014e49e0003515d8b9b2384600000000000000000
00015250e0003595f8813980060b1b0af1000000000
000150506000000000bab238c6000000000a8e88006
000154516000000000bd35fc0600000000000000000
00015651e000000000bdb5fc46000000000b9792082
000000000000000000be35fc8600000000000000000
000000000000000000beb5fcc600000000000000000
000000000000000000853d44060bebbba1000000000
00000000000000000081b98046000000000acac4006
00000000000000000082b980c6000000000b6f6a082
0000000000000000008239808600000000000000000
00000000000000000085bd444600000000000000000
00000000000000000059c0241800000000000000000
0000000000000000005a002458000000000b9f9a082
0000000000000000005a40249800000000000000000
0000000000000000005a8024d800000000000000000
0000000000000000005d80281800000000000000000
0000000000000000005dc02858000000000ba7a2082
0000000000000000005e00289800000000000000000
0000000000000000005e4028d800000000000000000
0000000000000000000000000006b68672000000000
00000000000000000000000000000000000bafaa082
0000000000000000000000000006c6a692000000000
0000000000000000000000000000000000000000000
0000000000000000000000000007a77762000000000
00000000000000000000000000000000000bd7d2082
0000000000000000000000000007b79782000000000
0000000000000000000000000000000000000000000
0000000000000000000000000000000000000000000
0000000000000000000000000006d6c6b20bdfda082
0000000000000000000000000000000000000000000
0000000000000000000000000000000000000000000
0000000000000000007240395600000000000000000
0000000000000000000000000007c7b7a20be7e2082
0000000000000000000000000000000000000000000
0000000000000000000000000000000000000000000
0000000000000000000000000000000000000000000
0000000000000000006f4036d6000000000befea082
0000000000000000000000000000000000000000000
0000000000000000000000000000000000000000000
0000000000000000000000000000000000000000000
000000000000000000728039d600000000081412082
0000000000000000000000000000000000000000000
0000000000000000000000000000000000000000000
0000000000000000000000000000000000000000000
00000000000000000072c03a5600000000081c1a082
0000000000000000000000000000000000000000000
0000000000000000000000000000000000000000000
0000000000000000000000000000000000000000000
00000000000000000073003ad60bfbdbc1082422082
0000000000000000000000000000000000000000000
0000000000000000000000000000000000000000000
0000000000000000000000000000000000000000000
00000000000000000076003d560cdcac91082c2a082
0000000000000000000000000000000000000000000
0000000000000000000000000000000000000000000
000000000000000000000000000c0bfbe1000000000
00000000000000000076403dd600000000085452082
0000000000000000000000000000000000000000000
0000000000000000000000000000000000000000000
0000000000000000000000000000000000000000000
00000000000000000076803e560cecccb1085c5a082
0000000000000000000000000000000000000000000
00000000000000000000000000000000000b0700006
0000000000000000000000000000000000000000000
00000000000000000076c03ed600000000000000000
0000000000000000000000000000000000000000000
0000000000000000000000000000000000000000000
000000000000000000000000000cfcecd1000000000
00000000000000000079c001560dcd9d81000000000
0000000000000000000000000000000000000000000
0000000000000000000000000000000000000000000
0000000000000000000000000000000000000000000
0000000000000000007a0001d600000000000000000
0000000000000000000000000000000000000000000
00000000000000000000000000000000000b433c006
0000000000000000000000000000000000000000000
0000000000000000007a4002560dddbda1000000000
0000000000000000000000000000000000000000000
0000000000000000000000000000000000000000000
0000000000000000000000000000000000000000000
0000000000000000007a8002d600000000000000000
000000000000000000af28ed4200000000000000000
000000000000000000af68edc200000000000000000
000000000000000000afa8ee420dedddc1000000000
000000000000000000afe8eec200000000000000000
000000000000000000b32cb1420ebe8e71000000000
000000000000000000b36cb1c200000000000000000
000000000000000000b3acb24200000000000000000
000000000000361798b3ecb2c200000000000000000
0000000000003697b8b77075c200000000000000000
0000000000003717d8b7307542000000000b7f78006
0001585860003797f8b7b0764200000000000000000
00015a58e000381998b7f076c200000000000000000
00015c5960003899b8bb7439c20eceae91000000000
00015e59e0003919d8bb34394200000000000000000
0001606060003999f8bbb43a4200000000000000000
00016260e0003a9bb8bbf43ac200000000000000000
0001646160003a1b987d80055600000000000000000
00016661e0003b1bd87dc005d600000000000000000
0001686860003b9bf8863d448600000000000000000
00016a68e0003c9db886bd44c60edeceb1000000000
00016c6960003c1d988981084600000000000000000
00016e69e0003d1dd88901080600000000000000000
00017270e0003d9df88a01088600000000000000000
0001707060000000008a8108c600000000000000000
00017671e0000000008d04cc0600000000000000000
0001747160000000008d84cc4600000000086462082
0000000000000000008e04cc86000000000bbbb4006
0000000000000000008e84ccc600000000000000000
000000000000000000bf37fd4200000000000000000
000000000000000000bf77fdc200000000086c6a082
000000000000000000bfb7fe4200000000000000000
000000000000000000bff7fec200000000000000000
000000000000000000950c54060faf7f61000000000
00000000000000000061802c5800000000089492082
00000000000000000061402c1800000000000000000
0000000000003e1f9861c02c9800000000000000000
0000000000003e9fb862002cd800000000000000000
0000000000003f1fd8654030580000000008a4a2082
0001787860003f9ff86500301800000000000000000
00017a78e0000000006580309800000000000000000
00017c79600000000065c030d800000000000000000
00017e79e00000000068c0341808986852089c9a082
0000000000000000006900345800000000000000000
0000000000000000006940349808a88872000000000
000000000000000000698034d800000000000000000
0000000000000000006c8038180989594208acaa082
0000000000000000006cc0385800000000000000000
0000000000000000006d00389809997962000000000
0000000000000000006d4038d800000000000000000
00000000000000000070803c580a7a4a3208d4d2082
00000000000000000070403c1808b8a892000000000
00000000000000000070c03c980a8a6a52000000000
00000000000000000071003cd800000000000000000
0000000000000000007e0006560b6b3b2208dcda082
0000000000000000000000000009a99982000000000
000000000000000000000000000b7b5b42000000000
0000000000000000000000000000000000000000000
0000000000000000007e4006d60c5c2c1208e4e2082
000000000000000000000000000a9a8a72000000000
000000000000000000000000000c6c4c32000000000
0000000000000000000000000000000000000000000
000000000000000000414009560000000008ecea082
000000000000000000000000000b8b7b62000000000
0000000000000000000000000000000000000000000
0000000000000000000000000000000000000000000
00000000000000000041c00a5600000000095552082
000000000000000000000000000c7c6c52000000000
0000000000000000000000000000000000000000000
0000000000000000000000000000000000000000000
000000000000000000418009d60fbf9f81000000000
0000000000000000000000000000000000000000000
0000000000000000000000000000000000000000000
0000000000000000000000000000000000000000000
00000000000000000042000ad600000000000000000
0000000000000000000000000000000000000000000
0000000000000000000000000000000000000000000
000000000000000000000000000fcfbfa1000000000
00000000000000000045000d5600000000000000000
0000000000000000000000000000000000000000000
0000000000000000000000000000000000000000000
0000000000000000000000000000000000000000000
00000000000000000045400dd600906051000000000
0000000000000000000000000000000000000000000
00000000000000000000000000000000000bf7f0006
0000000000000000000000000000000000000000000
00000000000000000045800e5600a08071000000000
000000000000000000833b814200000000000000000
000000000000000000837b81c200000000000000000
00000000000000000083bb824200000000000000000
00000000000000000083fb82c200000000000000000
00000000000000000045c00ed600000000000000000
0000000000000000009108900600000000000000000
0000000000000000009910180600b0a091000000000
0000000000004001989188904601815141000000000
0000000000004081b89208908600000000000000000
0000000000004101d8928890c600000000000000000
00018200e0004181f84c80155600000000000000000
000180006000000000958c544600000000000000000
000184016000000000960c548600000000091512082
00018601e000000000968c54c60000000008302c006
0000000000000000009990184600000000000000000
0000000000000000009a10188600000000000000000
000000000000000000873f454201917161091d1a082
000000000000000000877f45c200000000000000000
00000000000000000087bf464200000000000000000
00000000000000000087ff46c200000000000000000
0000000000000000007440005800000000092522082
0000000000000000007400001800000000000000000
0000000000000000007480009800000000000000000
00000000000042039874c000d801a19181000000000
0000000000004283b80000000000000000092d2a082
0000000000004303d80000000000000000000000000
0001880860004383f80000000000000000000000000
00018a08e0000000000000000000000000000000000
00018c096000000000000000000d4d1d02095d5a082
00018e09e00000000077c0041800000000000000000
0000000000000000007800045800000000086c68006
000000000000000000000000000d5d3d22000000000
0000000000000000007840049800000000096562082
000000000000000000788004d800000000000000000
0000000000000000000000000000000000000000000
0000000000000000000000000000000000000000000
0000000000000000000000000000000000096d6a082
000000000000000000000000000e3e0df2000000000
000000000000000000000000000d6d5d42000000000
0000000000000000000000000000000000000000000
00000000000000000048c011560e4e2e12099592082
0000000000000000000000000000000000000000000
0000000000000000000000000000000000000000000
0000000000000000000000000000000000000000000
000000000000000000490011d600000000099d9a082
0000000000000000000000000000000000000000000
0000000000000000000000000000000000000000000
000000000000000000000000000e5e4e32000000000
000000000000000000494012560000000009a5a2082
0000000000000000000000000000000000000000000
0000000000000000000000000000000000000000000
0000000000000000000000000000000000000000000
000000000000000000498012d600000000000000000
0000000000000000000000000000000000000000000
0000000000000000000000000000000000000000000
0000000000000000000000000000000000000000000
0000000000000000004cc015d602724231000000000
0000000000000000000000000000000000000000000
0000000000000000000000000000000000000000000
0000000000000000000000000000000000000000000
0000000000000000004d00165600000000000000000
0000000000000000000000000000000000000000000
0000000000000000000000000000000000000000000
0000000000000000000000000000000000000000000
0000000000000000004d4016d602826251000000000
0000000000000000000000000000000000000000000
0000000000000000000000000000000000000000000
0000000000000000000000000000000000000000000
0000000000000000005040195603633321000000000
0000000000000000008b03094200000000000000000
0000000000000000008b4309c200000000000000000
0000000000000000008b830a4200000000000000000
0000000000000000008bc30ac200000000000000000
0000000000000000008f06cd4200000000000000000
0000000000000000008f46cdc200000000000000000
0000000000000000008f86ce4200000000000000000
0000000000004405988fc6cec203735341000000000
0000000000004485b8508019d602928271000000000
0000000000004505d850c01a5600000000000000000
0001901060004585f89d13dc0600000000000000000
00019210e0004607989a9018c600000000000000000
0001941160004687b89e13dc8600000000000000000
00019611e0004707d89d93dc4600000000000000000
00019a18e0004787f8a51b640603837361000000000
0001981860000000009e93dcc60000000008a8a4006
00019c196000000000a117a00600000000000000000
00019e19e000000000a197a0460000000009d5d2082
000000000000000000a217a08600000000000000000
000000000000000000a297a0c600000000000000000
000000000000000000a91f280604542411000000000
000000000000000000a59b64460000000008e4e0006
000000000000000000a69b64c60000000009adaa082
000000000000000000a61b648600000000000000000
000000000000000000a99f284600000000000000000
0000000000000000007b80081800000000000000000
0000000000000000007bc008580000000009ddda082
0000000000000000007c00089800000000000000000
0000000000000000007c4008d800000000000000000
0000000000000000007f400c1800000000000000000
0000000000000000007f800c580000000009e5e2082
0000000000000000007fc00c9800000000000000000
00000000000000000040000cd800000000000000000
000000000000000000000000000f2efee2000000000
000000000000000000000000000000000009edea082
000000000000000000000000000f3f1f02000000000
0000000000000000000000000000000000000000000
00000000000000000000000000001fefd2000000000
00000000000000000000000000000000000a1612082
0000000000000000000000000000200ff2000000000
0000000000000000000000000000000000000000000
0000000000000000000000000000000000000000000
000000000000000000000000000f4f3f220a1e1a082
0000000000000000000000000000000000000000000
0000000000000000000000000000000000000000000
00000000000000000054001d5600000000000000000
00000000000000000000000000003020120a2622082
0000000000000000000000000000000000000000000
0000000000000000000000000000000000000000000
0000000000000000000000000000000000000000000
00000000000000000051001ad6000000000a2e2a082
0000000000000000000000000000000000000000000
0000000000000000000000000000000000000000000
0000000000000000000000000000000000000000000
00000000000000000054401dd6000000000a5652082
0000000000000000000000000000000000000000000
0000000000000000000000000000000000000000000
0000000000000000000000000000000000000000000
00000000000000000054801e56000000000a5e5a082
0000000000000000000000000000000000000000000
0000000000000000000000000000000000000000000
0000000000000000000000000000000000000000000
00000000000000000054c01ed6046444310a6662082
0000000000000000000000000000000000000000000
0000000000000000000000000000000000000000000
0000000000000000000000000000000000000000000
00000000000000000057c02156054515010a6e6a082
0000000000000000000000000000000000000000000
0000000000000000000000000000000000000000000
0000000000000000000000000004746451000000000
000000000000000000580021d6000000000a9692082
0000000000000000000000000000000000000000000
0000000000000000000000000000000000000000000
0000000000000000000000000000000000000000000
00000000000000000058402256055535210a9e9a082
0000000000000000000000000000000000000000000
000000000000000000000000000000000009211c006
0000000000000000000000000000000000000000000
000000000000000000588022d600000000000000000
0000000000000000000000000000000000000000000
0000000000000000000000000000000000000000000
0000000000000000000000000005655541000000000
0000000000000000005b802556063605f1000000000
0000000000000000000000000000000000000000000
0000000000000000000000000000000000000000000
0000000000000000000000000000000000000000000
0000000000000000005bc025d600000000000000000
0000000000000000000000000000000000000000000
0000000000000000000000000000000000095d58006
0000000000000000000000000000000000000000000
0000000000000000005c00265606462611000000000
0000000000000000000000000000000000000000000
0000000000000000000000000000000000000000000
0000000000000000000000000000000000000000000
0000000000000000005c4026d600000000000000000
000000000000000000930a914200000000000000000
000000000000000000934a91c200000000000000000
000000000000000000938a924206564631000000000
00000000000000000093ca92c200000000000000000
000000000000000000970e55420726f6e1000000000
000000000000000000974e55c200000000000000000
000000000000000000978e564200000000000000000
00000000000048099897ce56c200000000000000000
0000000000004889b89b5219c200000000000000000
0000000000004909d89b12194200000000099994006
0001a02060004989f89b921a4200000000000000000
0001a220e0004a0b989bd21ac200000000000000000
0001a42160004a8bb89f55ddc207371701000000000
0001a621e0004b0bd89f15dd4200000000000000000
0001a82860004b8bf89f95de4200000000000000000
0001aa28e0004c8db89fd5dec200000000000000000
0001ac2960004c0d985f40295600000000000000000
0001ae29e0004d0dd85f8029d600000000000000000
0001b03060004d8df8aa1f288600000000000000000
0001b230e0004e8fb8aa9f28c607473721000000000
0001b43160004e0f98ada2ec4600000000000000000
0001b631e0004f0fd8ad22ec0600000000000000000
0001ba38e0004f8ff8ae22ec8600000000000000000
0001b8386000000000aea2ecc600000000000000000
0001be39e000000000b126b00600000000000000000
0001bc396000000000b1a6b046000000000aa6a2082
000000000000000000b226b0860000000009d5d0006
000000000000000000b2a6b0c600000000000000000
000000000000000000a319a14200000000000000000
000000000000000000a359a1c2000000000aaeaa082
000000000000000000a399a24200000000000000000
000000000000000000a3d9a2c200000000000000000
000000000000000000b92e38060817e7d1000000000
00000000000000000043401058000000000ad6d2082
0000000000000000004300101800000000000000000
0000000000005011984380109800000000000000000
0000000000005091b843c010d800000000000000000
0000000000005111d847001458000000000ae6e2082
0001c04060005191f846c0141800000000000000000
0001c240e0000000004740149800000000000000000
0001c4416000000000478014d800000000000000000
0001c641e0000000004a8018180100d0c20adeda082
0000000000000000004ac0185800000000000000000
0000000000000000004b0018980110f0e2000000000
0000000000000000004b4018d800000000000000000
0000000000000000004e401c1801f1c1b20aeeea082
0000000000000000004e801c5800000000000000000
0000000000000000004ec01c980201e1d2000000000
0000000000000000004f001cd800000000000000000
0000000000000000005240205802e2b2a20b1712082
0000000000000000005200201801211102000000000
0000000000000000005280209802f2d2c2000000000
00000000000000000052c020d800000000000000000
0000000000000000005fc02a5603d3a3920b1f1a082
00000000000000000000000000021201f2000000000
0000000000000000000000000003e3c3b2000000000
0000000000000000000000000000000000000000000
00000000000000000060002ad604c494820b2722082
000000000000000000000000000302f2e2000000000
0000000000000000000000000004d4b4a2000000000
0000000000000000000000000000000000000000000
00000000000000000063002d56000000000b2f2a082
0000000000000000000000000003f3e3d2000000000
0000000000000000000000000000000000000000000
0000000000000000000000000000000000000000000
00000000000000000063802e56000000000b9792082
0000000000000000000000000004e4d4c2000000000
0000000000000000000000000000000000000000000
0000000000000000000000000000000000000000000
00000000000000000063402dd6082807f1000000000
0000000000000000000000000000000000000000000
0000000000000000000000000000000000000000000
0000000000000000000000000000000000000000000
00000000000000000063c02ed600000000000000000
0000000000000000000000000000000000000000000
0000000000000000000000000000000000000000000
0000000000000000000000000008382811000000000
00000000000000000066c0315600000000000000000
0000000000000000000000000000000000000000000
0000000000000000000000000000000000000000000
0000000000000000000000000000000000000000000
000000000000000000670031d60908d8c1000000000
0000000000000000000000000000000000000000000
00000000000000000000000000000000000a120c006
0000000000000000000000000000000000000000000
000000000000000000674032560918f8e1000000000
000000000000000000a71d654200000000000000000
000000000000000000a75d65c200000000000000000
000000000000000000a79d664200000000000000000
000000000000000000a7dd66c200000000000000000
000000000000000000678032d600000000000000000
000000000000000000b52a740600000000000000000
000000000000000000bd31fc0609291901000000000
000000000000521398b5aa744609f9c9b1000000000
0000000000005293b8b62a748600000000000000000
0000000000005313d8b6aa74c600000000000000000
0001ca48e0005393f86e40395600000000000000000
0001c8486000000000b9ae384600000000000000000
0001cc496000000000ba2e3886000000000b5752082
0001ce49e000000000baae38c6000000000a4e48006
000000000000000000bdb1fc4600000000000000000
000000000000000000be31fc8600000000000000000
000000000000000000ab2129420a09e9d10b5f5a082
000000000000000000ab6129c200000000000000000
000000000000000000aba12a4200000000000000000
000000000000000000abe12ac200000000000000000
00000000000000000056002458000000000b6762082
00000000000000000055c0241800000000000000000
0000000000000000005640249800000000000000000
000000000000541598568024d80a1a09f1000000000
0000000000005495b800000000000000000b6f6a082
0000000000005515d80000000000000000000000000
0001d05060005595f80000000000000000000000000
0001d250e0000000000000000000000000000000000
0001d45160000000000000000005b585720b9f9a082
0001d651e0000000005980281800000000000000000
00000000000000000059c02858000000000a8a84006
0000000000000000000000000005c5a592000000000
0000000000000000005a002898000000000ba7a2082
0000000000000000005a4028d800000000000000000
0000000000000000000000000000000000000000000
0000000000000000000000000000000000000000000
00000000000000000000000000000000000bafaa082
0000000000000000000000000006a67662000000000
0000000000000000000000000005d5c5b2000000000
0000000000000000000000000000000000000000000
0000000000000000006a80355606b696820bd7d2082
0000000000000000000000000000000000000000000
0000000000000000000000000000000000000000000
0000000000000000000000000000000000000000000
0000000000000000006ac035d6000000000bdfda082
0000000000000000000000000000000000000000000
0000000000000000000000000000000000000000000
0000000000000000000000000006c6b6a2000000000
0000000000000000006b003656000000000be7e2082
0000000000000000000000000000000000000000000
0000000000000000000000000000000000000000000
0000000000000000000000000000000000000000000
0000000000000000006b4036d600000000000000000
0000000000000000000000000000000000000000000
0000000000000000000000000000000000000000000
0000000000000000000000000000000000000000000
0000000000000000006e8039d60aeabaa1000000000
0000000000000000000000000000000000000000000
0000000000000000000000000000000000000000000
0000000000000000000000000000000000000000000
0000000000000000006ec03a5600000000000000000
0000000000000000000000000000000000000000000
0000000000000000000000000000000000000000000
0000000000000000000000000000000000000000000
0000000000000000006f003ad60afadac1000000000
0000000000000000000000000000000000000000000
0000000000000000000000000000000000000000000
0000000000000000000000000000000000000000000
00000000000000000072003d560bdbab91000000000
000000000000000000af24ed4200000000000000000
000000000000000000af64edc200000000000000000
000000000000000000afa4ee4200000000000000000
000000000000000000afe4eec200000000000000000
000000000000000000b328b14200000000000000000
000000000000000000b368b1c200000000000000000
000000000000000000b3a8b24200000000000000000
000000000000561798b3e8b2c20bebcbb1000000000
0000000000005697b872403dd60b0afae1000000000
0000000000005717d872803e5600000000000000000
0001d85860005797f88135800600000000000000000
0001da58e000581998beb1fcc600000000000000000
0001dc5960005899b88235808600000000000000000
0001de59e0005919d881b5804600000000000000000
0001e260e0005999f8893d08060bfbebd1000000000
0001e060600000000082b580c6000000000ac6c0006
0001e46160000000008539440600000000000000000
0001e661e00000000085b9444600000000081412082
0000000000000000008639448600000000000000000
00000000000000000086b944c600000000000000000
0000000000000000008d00cc060ccc9c81000000000
00000000000000000089bd0846000000000b02fc006
0000000000000000008abd08c6000000000befea082
0000000000000000008a3d088600000000000000000
0000000000000000008d80cc4600000000000000000
0000000000000000005d402c1800000000000000000
0000000000000000005d802c5800000000081c1a082
0000000000000000005dc02c9800000000000000000
0000000000000000005e002cd800000000000000000
0000000000000000006100301800000000000000000
0000000000000000006140305800000000082422082
0000000000000000006180309800000000000000000
00000000000000000061c030d800000000000000000
0000000000000000000000000007976752000000000
0000000000000000000000000000000000082c2a082
0000000000000000000000000007a78772000000000
0000000000000000000000000000000000000000000
0000000000000000000000000008885842000000000
0000000000000000000000000000000000085452082
0000000000000000000000000008987862000000000
0000000000000000000000000000000000000000000
0000000000000000000000000000000000000000000
0000000000000000000000000007b7a792085c5a082
0000000000000000000000000000000000000000000
0000000000000000000000000000000000000000000
00000000000000000075c0015600000000000000000
0000000000000000000000000008a89882086462082
0000000000000000000000000000000000000000000
0000000000000000000000000000000000000000000
0000000000000000000000000000000000000000000
00000000000000000072c03ed600000000086c6a082
0000000000000000000000000000000000000000000
0000000000000000000000000000000000000000000
0000000000000000000000000000000000000000000
000000000000000000760001d600000000089492082
0000000000000000000000000000000000000000000
0000000000000000000000000000000000000000000
0000000000000000000000000000000000000000000
0000000000000000007640025600000000089c9a082
0000000000000000000000000000000000000000000
0000000000000000000000000000000000000000000
0000000000000000000000000000000000000000000
000000000000000000768002d60cdcbca108a4a2082
0000000000000000000000000000000000000000000
0000000000000000000000000000000000000000000
0000000000000000000000000000000000000000000
000000000000000000798005560dbd8d7108acaa082
0000000000000000000000000000000000000000000
0000000000000000000000000000000000000000000
000000000000000000000000000cecdcc1000000000
00000000000000000079c005d60000000008d4d2082
0000000000000000000000000000000000000000000
0000000000000000000000000000000000000000000
0000000000000000000000000000000000000000000
0000000000000000007a0006560dcdad9108dcda082
0000000000000000000000000000000000000000000
00000000000000000000000000000000000b3f38006
0000000000000000000000000000000000000000000
0000000000000000007a4006d600000000000000000
0000000000000000000000000000000000000000000
0000000000000000000000000000000000000000000
000000000000000000000000000dddcdb1000000000
0000000000000000007d4009560eae7e61000000000
0000000000000000000000000000000000000000000
0000000000000000000000000000000000000000000
0000000000000000000000000000000000000000000
0000000000000000007d8009d600000000000000000
0000000000000000000000000000000000000000000
00000000000000000000000000000000000b7b74006
0000000000000000000000000000000000000000000
0000000000000000007dc00a560ebe9e81000000000
0000000000000000000000000000000000000000000
0000000000000000000000000000000000000000000
0000000000000000000000000000000000000000000
0000000000000000007e000ad600000000000000000
000000000000000000b72c754200000000000000000
000000000000000000b76c75c200000000000000000
000000000000000000b7ac76420ecebea1000000000
000000000000000000b7ec76c200000000000000000
000000000000000000bb3039420f9f6f51000000000
000000000000000000bb7039c200000000000000000
000000000000000000bbb03a4200000000000000000
0000000000005a1b98bbf03ac200000000000000000
0000000000005a9bb8bf73fdc200000000000000000
0000000000005b1bd8bf33fd42000000000bb7b0006
0001e86860005b9bf8bfb3fe4200000000000000000
0001ea68e0005c1d98bff3fec200000000000000000
0001ec6960005c9db8837781c20faf8f71000000000
0001ee69e0005d1dd88337814200000000000000000
0001f07060005d9df883b7824200000000000000000
0001f270e0005e9fb883f782c200000000000000000
0001f47160005e1f9841000d5600000000000000000
0001f671e0005f1fd841400dd600000000000000000
0001f87860005f9ff88e00cc8600000000000000000
0001fa78e0006081b88e80ccc60fbfaf91000000000
0001fc7960006001989184904600000000000000000
0001fe79e0006101d89104900600000000000000000
0000000000006181f89204908600000000000000000
000000000000000000928490c600000000000000000
0000000000000000009508540600000000000000000
000000000000000000958854460000000008e4e2082
00000000000000000096085486000000000bf3ec006
000000000000000000968854c600000000000000000
000000000000000000873b454200000000000000000
000000000000000000877b45c20000000008ecea082
00000000000000000087bb464200000000000000000
00000000000000000087fb46c200000000000000000
0000000000000000009d0fdc0600805041000000000
0000000000000000006500345800000000091512082
00000000000000000064c0341800000000000000000
0000000000006203986540349800000000000000000
0000000000006283b8658034d800000000000000000
0000000000006303d868c0385800000000092522082
0000000000006383f86880381800000000000000000
0000000000000000006900389800000000000000000
000000000000000000694038d800000000000000000
0000000000000000006c403c1809794932091d1a082
0000000000000000006c803c5800000000000000000
0000000000000000006cc03c9809896952000000000
0000000000000000006d003cd800000000000000000
000000000000000000000000000a6a3a22092d2a082
0000000000000000000000000000000000000000000
000000000000000000000000000a7a5a42000000000
0000000000000000000000000000000000000000000
000000000000000000000000000b5b2b12095552082
0000000000000000000000000009998972000000000
000000000000000000000000000b6b4b32000000000
0000000000000000000000000000000000000000000
00000000000000000041800e5600000000095d5a082
000000000000000000000000000a8a7a62000000000
0000000000000000000000000000000000000000000
0000000000000000000000000000000000000000000
00000000000000000041c00ed600000000096562082
000000000000000000000000000b7b6b52000000000
0000000000000000000000000000000000000000000
0000000000000000000000000000000000000000000
00000000000000000044c0115600000000096d6a082
0000000000000000000000000000000000000000000
0000000000000000000000000000000000000000000
0000000000000000000000000000000000000000000
000000000000000000454012560000000009d5d2082
0000000000000000000000000000000000000000000
0000000000000000000000000000000000000000000
0000000000000000000000000000000000000000000
000000000000000000450011d600907061000000000
0000000000000000000000000000000000000000000
0000000000000000000000000000000000000000000
0000000000000000000000000000000000000000000
000000000000000000458012d600000000000000000
0000000000000000000000000000000000000000000
0000000000000000000000000000000000000000000
0000000000000000000000000000a09081000000000
0000000000000000004880155600000000000000000
0000000000000000000000000000000000000000000
0000000000000000000000000000000000000000000
0000000000000000000000000000000000000000000
00000000000000000048c015d601714131000000000
0000000000000000000000000000000000000000000
0000000000000000000000000000000000082c28006
0000000000000000000000000000000000000000000
0000000000000000004900165601816151000000000
0000000000000000008b3f094200000000000000000
0000000000000000008b7f09c200000000000000000
0000000000000000008bbf0a4200000000000000000
0000000000000000008bff0ac200000000000000000
000000000000000000494016d600000000000000000
000000000000000000990c180600000000000000000
000000000000000000a113a00601918171000000000
000000000000640598998c184602623221000000000
0000000000006485b89a0c188600000000000000000
0000000000006505d89a8c18c600000000000000000
0000000000006585f850001d5600000000000000000
0000000000000000009d8fdc4600000000000000000
0000000000000000009e0fdc8600000000099592082
0000000000000000009e8fdcc600000000086864006
000000000000000000a193a04600000000000000000
000000000000000000a213a08600000000000000000
0000000000000000008f02cd4202725241099d9a082
0000000000000000008f42cdc200000000000000000
0000000000000000008f82ce4200000000000000000
0000000000000000008fc2cec200000000000000000
000000000000000000000000000000000009a5a2082
0000000000000000000000000000000000000000000
0000000000000000000000000000000000000000000
0000000000006607980000000002827261000000000
0000000000006687b8000000000000000009adaa082
0000000000006707d80000000000000000000000000
0000000000006787f80000000000000000000000000
0000000000000000000000000000000000000000000
000000000000000000000000000000000009ddda082
0000000000000000000000000000000000000000000
000000000000000000000000000000000008a4a0006
0000000000000000000000000000000000000000000
000000000000000000000000000000000009e5e2082
0000000000000000000000000000000000000000000
0000000000000000000000000000000000000000000
0000000000000000000000000000000000000000000
000000000000000000000000000000000009edea082
0000000000000000000000000000000000000000000
0000000000000000000000000000000000000000000
0000000000000000000000000000000000000000000
0000000000000000004c401956000000000a1612082
0000000000000000000000000000000000000000000
0000000000000000000000000000000000000000000
0000000000000000000000000000000000000000000
0000000000000000004c8019d6000000000a1e1a082
0000000000000000000000000000000000000000000
0000000000000000000000000000000000000000000
0000000000000000000000000000000000000000000
0000000000000000004cc01a56000000000a2622082
0000000000000000000000000000000000000000000
0000000000000000000000000000000000000000000
0000000000000000000000000000000000000000000
0000000000000000004d001ad600000000000000000
0000000000000000000000000000000000000000000
0000000000000000000000000000000000000000000
0000000000000000000000000000000000000000000
00000000000000000050401dd603532311000000000
0000000000000000000000000000000000000000000
0000000000000000000000000000000000000000000
0000000000000000000000000000000000000000000
00000000000000000050801e5600000000000000000
0000000000000000000000000000000000000000000
0000000000000000000000000000000000000000000
0000000000000000000000000000000000000000000
00000000000000000050c01ed603634331000000000
0000000000000000000000000000000000000000000
0000000000000000000000000000000000000000000
0000000000000000000000000000000000000000000
00000000000000000053c0215604441401000000000
0000000000000000009306914200000000000000000
000000000000000000934691c200000000000000000
0000000000000000009386924200000000000000000
00000000000000000093c692c200000000000000000
000000000000000000970a554200000000000000000
000000000000000000974a55c200000000000000000
000000000000000000978a564200000000000000000
00000000000068099897ca56c204543421000000000
0000000000006889b8540021d603736351000000000
0000000000006909d85440225600000000000000000
0000000000006989f8a517640600000000000000000
0000000000006a0b98a293a0c600000000000000000
0000000000006a8bb8a617648600000000000000000
0000000000006b0bd8a597644600000000000000000
0000000000006b8bf8ad1eec0604645441000000000
000000000000000000a69764c60000000008e0dc006
000000000000000000a91b280600000000000000000
000000000000000000a99b2846000000000a5652082
000000000000000000aa1b288600000000000000000
000000000000000000aa9b28c600000000000000000
000000000000000000b122b006053504f1000000000
000000000000000000ad9eec4600000000091d18006
000000000000000000ae9eecc6000000000a2e2a082
000000000000000000ae1eec8600000000000000000
000000000000000000b1a2b04600000000000000000
0000000000000000000000000000000000000000000
00000000000000000000000000000000000a5e5a082
0000000000000000000000000000000000000000000
0000000000000000000000000000000000000000000
0000000000000000000000000000000000000000000
00000000000000000000000000000000000a6662082
0000000000000000000000000000000000000000000
0000000000000000000000000000000000000000000
0000000000000000000000000000000000000000000
00000000000000000000000000000000000a6e6a082
0000000000000000000000000000000000000000000
0000000000000000000000000000000000000000000
0000000000000000000000000000000000000000000
00000000000000000000000000000000000a9692082
0000000000000000000000000000000000000000000
0000000000000000000000000000000000000000000
0000000000000000000000000000000000000000000
00000000000000000000000000000000000a9e9a082
0000000000000000000000000000000000000000000
0000000000000000000000000000000000000000000
0000000000000000005780255600000000000000000
00000000000000000000000000000000000aa6a2082
0000000000000000000000000000000000000000000
0000000000000000000000000000000000000000000
0000000000000000000000000000000000000000000
000000000000000000548022d6000000000aaeaa082
0000000000000000000000000000000000000000000
0000000000000000000000000000000000000000000
0000000000000000000000000000000000000000000
00000000000000000057c025d6000000000ad6d2082
0000000000000000000000000000000000000000000
0000000000000000000000000000000000000000000
0000000000000000000000000000000000000000000
00000000000000000058002656000000000adeda082
0000000000000000000000000000000000000000000
0000000000000000000000000000000000000000000
0000000000000000000000000000000000000000000
000000000000000000584026d6054525110ae6e2082
0000000000000000000000000000000000000000000
0000000000000000000000000000000000000000000
0000000000000000000000000000000000000000000
0000000000000000005b4029560625f5e10aeeea082
0000000000000000000000000000000000000000000
0000000000000000000000000000000000000000000
0000000000000000000000000005554531000000000
0000000000000000005b8029d6000000000b1712082
0000000000000000000000000000000000000000000
0000000000000000000000000000000000000000000
0000000000000000000000000000000000000000000
0000000000000000005bc02a56063616010b1f1a082
0000000000000000000000000000000000000000000
0000000000000000000000000000000000095954006
0000000000000000000000000000000000000000000
0000000000000000005c002ad600000000000000000
0000000000000000000000000000000000000000000
0000000000000000000000000000000000000000000
0000000000000000000000000006463621000000000
0000000000000000005f002d560716e6d1000000000
0000000000000000000000000000000000000000000
0000000000000000000000000000000000000000000
0000000000000000000000000000000000000000000
0000000000000000005f402dd600000000000000000
0000000000000000000000000000000000000000000
0000000000000000000000000000000000099590006
0000000000000000000000000000000000000000000
0000000000000000005f802e56072706f1000000000
0000000000000000000000000000000000000000000
0000000000000000000000000000000000000000000
0000000000000000000000000000000000000000000
0000000000000000005fc02ed600000000000000000
0000000000000000009b0e194200000000000000000
0000000000000000009b4e19c200000000000000000
0000000000000000009b8e1a4207372711000000000
0000000000000000009bce1ac200000000000000000
0000000000000000009f11dd420807d7c1000000000
0000000000000000009f51ddc200000000000000000
0000000000000000009f91de4200000000000000000
0000000000006c0d989fd1dec200000000000000000
0000000000006c8db8a355a1c200000000000000000
0000000000006d0dd8a315a1420000000009d1cc006
0000000000006d8df8a395a24200000000000000000
0000000000006e0f98a3d5a2c200000000000000000
0000000000006e8fb8a75965c20817f7e1000000000
0000000000006f0fd8a719654200000000000000000
0000000000006f8ff8a799664200000000000000000
0000000000007091b8a7d966c200000000000000000
00000000000070119862c0315600000000000000000
0000000000007111d8630031d600000000000000000
0000000000007191f8b222b08600000000000000000
0000000000007293b8b2a2b0c608281801000000000
000000000000721398b5a6744600000000000000000
0000000000007313d8b526740600000000000000000
0000000000007393f8b626748600000000000000000
000000000000000000b6a674c600000000000000000
000000000000000000b92a380600000000000000000
000000000000000000b9aa3846000000000b2722082
000000000000000000ba2a3886000000000a0e08006
000000000000000000baaa38c600000000000000000
000000000000000000ab1d294200000000000000000
000000000000000000ab5d29c2000000000b2f2a082
000000000000000000ab9d2a4200000000000000000
000000000000000000abdd2ac200000000000000000
0000000000000000000000000008f8c8b1000000000
00000000000000000000000000000000000b5752082
0000000000000000000000000000000000000000000
0000000000007415980000000000000000000000000
0000000000007495b80000000000000000000000000
0000000000007515d800000000000000000b6762082
0000000000007595f80000000000000000000000000
0000000000000000000000000000000000000000000
0000000000000000000000000000000000000000000
00000000000000000000000000000000000b5f5a082
0000000000000000000000000000000000000000000
0000000000000000000000000000000000000000000
0000000000000000000000000000000000000000000
00000000000000000000000000000000000b6f6a082
0000000000000000000000000000000000000000000
0000000000000000000000000000000000000000000
0000000000000000000000000000000000000000000
00000000000000000000000000000000000b9792082
0000000000000000000000000000000000000000000
0000000000000000000000000000000000000000000
0000000000000000000000000000000000000000000
00000000000000000063403256000000000b9f9a082
0000000000000000000000000000000000000000000
0000000000000000000000000000000000000000000
0000000000000000000000000000000000000000000
000000000000000000638032d6000000000ba7a2082
0000000000000000000000000000000000000000000
0000000000000000000000000000000000000000000
0000000000000000000000000000000000000000000
00000000000000000066803556000000000bafaa082
0000000000000000000000000000000000000000000
0000000000000000000000000000000000000000000
0000000000000000000000000000000000000000000
0000000000000000006700365600000000000000000
0000000000000000000000000000000000000000000
0000000000000000000000000000000000000000000
0000000000000000000000000000000000000000000
00000000000000000066c035d60908e8d1000000000
0000000000000000000000000000000000000000000
0000000000000000000000000000000000000000000
0000000000000000000000000000000000000000000
000000000000000000674036d600000000000000000
0000000000000000000000000000000000000000000
0000000000000000000000000000000000000000000
00000000000000000000000000091908f1000000000
0000000000000000006a40395600000000000000000
0000000000000000000000000000000000000000000
0000000000000000000000000000000000000000000
0000000000000000000000000000000000000000000
0000000000000000006a8039d609e9b9a1000000000
000000000000000000af20ed4200000000000000000
000000000000000000af60edc2000000000a4a44006
000000000000000000afa0ee4200000000000000000
000000000000000000afe0eec209f9d9c1000000000
0000000000000000006ac03a5600000000000000000
000000000000000000bd2dfc0600000000000000000
000000000000000000bdadfc4600000000000000000
0000000000007617986b003ad600000000000000000
0000000000007697b8be2dfc8600000000000000000
0000000000007717d8beadfcc600000000000000000
0000000000007797f8000000000a09f9e1000000000
000000000000000000000000000adaaa91000000000
00000000000000000000000000000000000bd7d2082
0000000000000000000000000000000000000000000
0000000000000000000000000000000000000000000
0000000000000000000000000000000000000000000
00000000000000000000000000000000000bdfda082
00000000000000000000000000000000000a8680006
0000000000000000000000000000000000000000000
000000000000000000000000000aeacab1000000000
00000000000000000000000000000000000be7e2082
0000000000000000000000000000000000000000000
0000000000000000000000000000000000000000000
0000000000000000000000000000000000000000000
00000000000000000000000000000000000befea082
0000000000000000000000000000000000000000000
000000000000000000000000000afaead1000000000
0000000000000000000000000000000000000000000
0000000000000000000000000000000000000000000
0000000000000000000000000000000000000000000
0000000000000000000000000000000000000000000
0000000000000000000000000000000000000000000
0000000000000000000000000000000000000000000
00000000000000000000000000000000000ac2bc006
0000000000000000000000000000000000000000000
0000000000000000000000000000000000000000000
0000000000000000000000000000000000000000000
0000000000000000000000000000000000000000000
0000000000000000000000000000000000000000000
0000000000000000000000000000000000000000000
0000000000000000000000000000000000000000000
0000000000000000006e003d5600000000000000000
0000000000000000000000000000000000000000000
0000000000000000000000000000000000000000000
0000000000000000006e403dd600000000000000000
000000000000000000b324b14200000000000000000
000000000000000000b364b1c200000000000000000
000000000000000000b3a4b24200000000000000000
000000000000000000b3e4b2c200000000000000000
000000000000000000b728754200000000000000000
000000000000000000b76875c200000000000000000
000000000000000000b7a8764200000000000000000
000000000000781998b7e876c200000000000000000
0000000000007899b8bb6c39c200000000000000000
0000000000007919d8bb2c394200000000000000000
0000000000007999f8bbac3a4200000000000000000
0000000000007a1b98bbec3ac200000000000000000
0000000000007a9bb86ec03ed60bcb9b81000000000
0000000000007b1bd86e803e5600000000000000000
0000000000007b9bf80000000000000000000000000
0000000000007c9db80000000000000000000000000
0000000000007c1d980000000000000000000000000
0000000000007d1dd80000000000000000000000000
0000000000007d9df80000000000000000000000000
0000000000000000000000000000000000000000000
0000000000000000000000000000000000000000000
0000000000000000000000000000000000000000000
0000000000000000000000000000000000000000000
0000000000000000000000000000000000000000000
0000000000000000000000000000000000000000000
000000000000000000000000000bdbbba1000000000
0000000000000000000000000000000000000000000
0000000000000000000000000000000000000000000
0000000000000000000000000000000000000000000
0000000000000000000000000000000000000000000
0000000000000000000000000000000000000000000
0000000000000000000000000000000000000000000
000000000000000000000000000bebdbc1000000000
0000000000000000000000000000000000000000000
0000000000000000000000000000000000000000000
0000000000000000000000000000000000000000000
0000000000000000000000000000000000000000000
0000000000000000000000000000000000000000000
0000000000000000000000000000000000000000000
00000000000000000000000000000000000afef8006
0000000000000000000000000000000000000000000
0000000000000000000000000000000000000000000
0000000000000000000000000000000000000000000
0000000000000000000000000000000000000000000
0000000000000000000000000000000000000000000
0000000000000000000000000000000000000000000
0000000000000000000000000000000000000000000
0000000000000000000000000000000000000000000
0000000000000000000000000000000000000000000
0000000000000000000000000000000000000000000
0000000000000000000000000000000000000000000
0000000000000000000000000000000000000000000
0000000000000000000000000000000000000000000
0000000000000000000000000000000000000000000
0000000000000000000000000000000000000000000
0000000000000000000000000000000000000000000
0000000000000000000000000000000000000000000
0000000000000000000000000000000000000000000
000000000000000000bf2ffd4200000000000000000
000000000000000000bf6ffdc200000000000000000
000000000000000000bfaffe4200000000000000000
000000000000000000bfeffec200000000000000000
0000000000000000000000000000000000000000000
0000000000000000000000000000000000000000000
0000000000000000000000000000000000000000000
0000000000007e1f980000000000000000000000000
0000000000007e9fb80000000000000000000000000
0000000000007f1fd80000000000000000000000000
0000000000007f9ff80000000000000000000000000
0000000000000000000000000000000000000000001
0000000060000000000000000000000000000000000
00000200e0000000000000000000000000000000000
0000040260000000000000000000000000000000000
00000602e0000000000000000000000000080802088
0000080460000000000000000000000000000000000
00000a04e0000000000000000000000000000000000
00000c0660000000000000000000000000000000000
00000e06e0000000000000000000000000081812088
0000100860000000000000000000000000000000000
00001208e0000000000000000000000000000000000
0000140a60000000000000000000000000000000000
0000160ae0000000000000000000000000082822088
0000180c60000000000000000000000000000000000
00001a0ce0000000000000000000000000000000000
00001c0e60000000000000000000000000000000000
00001e0ee0000000000000000000000000083832088
0000201060000000000000000000000000000000000
00002210e0000000000000000000000000000000000
0000241260000000000000000000000000000000000
00002612e0000000000000000000000000084842088
0000281460000000000000000000000000000000000
00002a14e0000000000000000000000000000000000
00002c1660000000000000000000000000000000000
00002e16e0000000000000000000000000085852088
0000301860000000000000000000000000000000000
00003218e0000000000000000000000000000000000
0000341a60000000000000000000000000000000000
0000361ae0000000000000000000000000086862088
0000381c60000000000000000000000000000000000
00003a1ce0000000000000000000000000000000000
00003c1e60000000000000000000000000000000000
00003e1ee0000000000000000000000000087872088
0000402060000000000000000000000000000000000
00004220e0000000000000000000000000000000000
0000442260000000000000000000000000000000000
00004622e0000000000000000000000000088882088
0000482460000000000000000000000000000000000
00004a24e0000000000000000000000000000000000
00004c2660000000000000000000000000000000000
00004e26e0000000000000000000000000089892088
0000502860000000000000000000000000000000000
00005228e0000000000000000000000000000000000
0000542a60000000000000000000000000000000000
0000562ae000000000000000000000000008a8a2088
0000582c60000000000000000000000000000000000
00005a2ce0000000000000000000000000000000000
00005c2e60000000000000000000000000000000000
00005e2ee000000000000000000000000008b8b2088
0000603060000000000000000000000000000000000
00006230e0000000000000000000000000000000000
0000643260000000000000000000000000000000000
00006632e000000000000000000000000008c8c2088
0000683460000000000000000000000000000000000
00006a34e0000000000000000000000000000000000
00006c3660000000000000000000000000000000000
00006e36e000000000000000000000000008d8d2088
0000703860000000000000000000000000000000000
00007238e0000000000000000000000000000000000
0000743a60000000000000000000000000000000000
0000763ae000000000000000000000000008e8e2088
0000783c60000000000000000000000000000000000
00007a3ce0000000000000000000000000000000000
00007c3e60000000000000000000000000000000000
00007e3ee000000000000000000000000008f8f2088
0000804060000000000000000000000000000000000
00008240e0000000000000000000000000000000000
0000844260000000000000000000000000000000000
00008642e0000000000000000000000000090902088
0000884460000000000000000000000000000000000
00008a44e0000000000000000000000000000000000
00008c4660000000000000000000000000000000000
00008e46e0000000000000000000000000091912088
0000904860000000000000000000000000000000000
00009248e0000000000000000000000000000000000
0000944a60000000000000000000000000000000000
0000964ae0000000000000000000000000092922088
0000984c60000000000000000000000000000000000
00009a4ce0000000000000000000000000000000000
00009c4e60000000000000000000000000000000000
00009e4ee0000000000000000000000000093932088
0000a05060000000000000000000000000000000000
0000a250e0000000000000000000000000000000000
0000a45260000000000000000000000000000000000
0000a652e0000000000000000000000000094942088
0000a85460000000000000000000000000000000000
0000aa54e0000000000000000000000000000000000
0000ac5660000000000000000000000000000000000
0000ae56e0000000000000000000000000095952088
0000b05860000000000000000000000000000000000
0000b258e0000000000000000000000000000000000
0000b45a60000000000000000000000000000000000
0000b65ae0000000000000000000000000096962088
0000b85c60000000000000000000000000000000000
0000ba5ce0000000000000000000000000000000000
0000bc5e60000000000000000000000000000000000
0000be5ee0000000000000000000000000097972088
0000c06060000000000000000000000000000000000
0000c260e0000000000000000000000000000000000
0000c46260000000000000000000000000000000000
0000c662e0000000000000000000000000098982088
0000c86460000000000000000000000000000000000
0000ca64e0000000000000000000000000000000000
0000cc6660000000000000000000000000000000000
0000ce66e0000000000000000000000000099992088
0000d06860000000000000000000000000000000000
0000d268e0000000000000000000000000000000000
0000d46a60000000000000000000000000000000000
0000d66ae000000000000000000000000009a9a2088
0000d86c60000000000000000000000000000000000
0000da6ce0000000000000000000000000000000000
0000dc6e60000000000000000000000000000000000
0000de6ee000000000000000000000000009b9b2088
0000e07060000000000000000000000000000000000
0000e270e0000000000000000000000000000000000
0000e47260000000000000000000000000000000000
0000e672e000000000000000000000000009c9c2088
0000e87460000000000000000000000000000000000
0000ea74e0000000000000000000000000000000000
0000ec7660000000000000000000000000000000000
0000ee76e000000000000000000000000009d9d2088
0000000000000000000000000000000000000000000
0000000000000000000000000000000000000000000
0000000000000000000000000000000000000000000
000000000000000000000000000000000009e9e2088
0000000000000000000000000000000000000000000
0000000000000000000000000000000000000000000
0000000000000000000000000000000000000000000
000000000000000000000000000000000009f9f2088
0000000000000000000000000000000000000000000
0000000000000000000000000000000000000000000
0000000000000000000000000000000000000000000
00000000000000000000000000000000000a0a02088
0000000000000000000000000000000000000000000
0000000000000000000000000000000000000000000
0000000000000000000000000000000000000000000
00000000000000000000000000000000000a1a12088
0000000000000000000000000000000000000000000
0000000000000000000000000000000000000000000
0000000000000000000000000000000000000000000
00000000000000000000000000000000000a2a22088
0000000000000000000000000000000000000000000
0000000000000000000000000000000000000000000
0000000000000000000000000000000000000000000
00000000000000000000000000000000000a3a32088
0000000000000000000000000000000000000000000
0000000000000000000000000000000000000000000
0000000000000000000000000000000000000000000
00000000000000000000000000000000000a4a42088
0000000000000000000000000000000000000000000
0000000000000000000000000000000000000000000
0000000000000000000000000000000000000000000
00000000000000000000000000000000000a5a52088
0000000000000000000000000000000000000000000
0000000000000000000000000000000000000000000
0000000000000000000000000000000000000000000
00000000000000000000000000000000000a6a62088
0000000000000000000000000000000000000000000
0000000000000000000000000000000000000000000
0000000000000000000000000000000000000000000
00000000000000000000000000000000000a7a72088
0000000000000000000000000000000000000000000
0000000000000000000000000000000000000000000
0000000000000000000000000000000000000000000
00000000000000000000000000000000000a8a82088
0000000000000000000000000000000000000000000
0000000000000000000000000000000000000000000
0000000000000000000000000000000000000000000
00000000000000000000000000000000000a9a92088
0000000000000000000000000000000000000000000
0000000000000000000000000000000000000000000
0000000000000000000000000000000000000000000
00000000000000000000000000000000000aaaa2088
0000000000000000000000000000000000000000000
0000000000000000000000000000000000000000000
0000000000000000000000000000000000000000000
00000000000000000000000000000000000abab2088
0000000000000000000000000000000000000000000
0000000000000000000000000000000000000000000
0000000000000000000000000000000000000000000
00000000000000000000000000000000000acac2088
0000000000000000000000000000000000000000000
0000000000000000000000000000000000000000000
0000000000000000000000000000000000000000000
00000000000000000000000000000000000adad2088
0000000000000000000000000000000000000000000
0000000000000000000000000000000000000000000
0000000000000000000000000000000000000000000
00000000000000000000000000000000000aeae2088
0000000000000000000000000000000000000000000
0000000000000000000000000000000000000000000
0000000000000000000000000000000000000000000
00000000000000000000000000000000000afaf2088
0000000000000000000000000000000000000000000
0000000000000000000000000000000000000000000
0000000000000000000000000000000000000000000
00000000000000000000000000000000000b0b02088
0000000000000000000000000000000000000000000
0000000000000000000000000000000000000000000
0000000000000000000000000000000000000000000
00000000000000000000000000000000000b1b12088
0000000000000000000000000000000000000000000
0000000000000000000000000000000000000000000
0000000000000000000000000000000000000000000
00000000000000000000000000000000000b2b22088
0000000000000000000000000000000000000000000
0000000000000000000000000000000000000000000
0000000000000000000000000000000000000000000
00000000000000000000000000000000000b3b32088
0000000000000000000000000000000000000000000
0000000000000000000000000000000000000000000
0000000000000000000000000000000000000000000
00000000000000000000000000000000000b4b42088
0000000000000000000000000000000000000000000
0000000000000000000000000000000000000000000
0000000000000000000000000000000000000000000
00000000000000000000000000000000000b5b52088
0000000000000000000000000000000000000000000
0000000000000000000000000000000000000000000
0000000000000000000000000000000000000000000
00000000000000000000000000000000000b6b62088
0000000000000000000000000000000000000000000
0000000000000000000000000000000000000000000
0000000000000000000000000000000000000000000
00000000000000000000000000000000000b7b72088
0000000000000000000000000000000000000000000
0000000000000000000000000000000000000000000
0000000000000000000000000000000000000000000
00000000000000000000000000000000000b8b82088
0000000000000000000000000000000000000000000
0000000000000000000000000000000000000000000
0000000000000000000000000000000000000000000
00000000000000000000000000000000000b9b92088
0000000000000000000000000000000000000000000
0000000000000000000000000000000000000000000
0000000000000000000000000000000000000000000
00000000000000000000000000000000000baba2088
0000000000000000000000000000000000000000000
0000000000000000000000000000000000000000000
0000000000000000000000000000000000000000000
00000000000000000000000000000000000bbbb2088
0000000000000000000000000000000000000000000
0000000000000000000000000000000000000000000
0000000000000000000000000000000000000000000
0000000000000000000000000000000000000000000
0000000000000000000000000000000000000000000
0000000000000000000000000000000000000000000
0000000000000000000000000000000000000000000
0000000000000000000000000000000000000000000
0000000000000000000000000000000000000000000
0000000000000000000000000000000000000000000
0000000000000000000000000000000000000000000
0000000000000000000000000000000000000000000
0000000000000000000000000000000000000000000
0000000000000000000000000000000000000000000
0000000000000000000000000000000000000000000
00000000000000000000c0804200000000000000000
00000000000000000001c1814200000000000000000
00000000000000000002c2824200000000000000000
00000000000000000003c3834200000000000000000
00000000000000000004c4844200000000000000000
00000000000000000005c5854200000000000000000
00000000000000000006c6864200000000000000000
00000000000000007807c7874200000000000000000
0000000000000080f808c8884200000000000000000
00000000000001017809c9894200000000000000000
0000000000000181f80aca8a4200000000000000000
0000000000000202780bcb8b4200000000000000000
0000000000000282f80ccc8c4200000000000000000
0000000000000303780dcd8d4200000000000000000
0000000000000383f80ece8e4200000000000000000
0000000000000404780fcf8f4200000000000000000
0000000000000484f810d0904200000000000000000
00000000000005057811d1914200000000000000000
0000f07860000585f812d2924200000000000000000
0000f278e00006067813d3934200000000000000000
0000f47a60000686f814d4944200000000000000000
0000f67ae00007077815d59542000000000bcbc2088
0000f87c60000787f816d6964200000000000000000
0000fa7ce00008087817d7974200000000000000000
0000fc7e60000888f80000000000000000000000000
0000fe7ee00009097800000000000000000bdbd2088
0001000060000989f80000000000000000000000000
00010200e0000a0a780000000000000000000000000
0001040260000a8af80000000000000000000000000
00010602e0000b0b7800000000000000000bebe2088
0001080460000b8bf80000000000000000000000000
00010a04e0000000000000000000000000000000000
00010c0660000000000000000000000000000000000
00010e06e00000000000000000000000000bfbf2088
0001100860000000000000000000000000000000000
00011208e0000000000000000000000000000000000
0001140a60000000000000000000000000000000000
0001160ae0000000000000000000000000080802088
0001180c60000000000000000000000000000000000
00011a0ce0000000000000000000000000000000000
00011c0e60000000000000000000000000000000000
00011e0ee0000000000000000000000000081812088
0001201060000000000000000000000000000000000
00012210e0000000000000000000000000000000000
0001241260000000000000000000000000000000000
00012612e0000000000000000000000000082822088
0001281460000000000000000000000000000000000
00012a14e0000000000000000000000000000000000
00012c1660000000000000000000000000000000000
00012e16e0000000000000000000000000083832088
0001301860000000000000000000000000000000000
00013218e0000000000000000000000000000000000
0001341a60000000000000000000000000000000000
0001361ae0000000000000000000000000084842088
0001381c60000000000000000000000000000000000
00013a1ce0000000000000000000000000000000000
00013c1e60000000000000000000000000000000000
00013e1ee0000000000000000000000000085852088
0001402060000000000000000000000000000000000
00014220e0000000000000000000000000000000000
0001442260000000000000000000000000000000000
00014622e0000000000000000000000000086862088
0001482460000000000000000000000000000000000
00014a24e0000000000000000000000000000000000
00014c2660000000000000000000000000000000000
00014e26e0000000000000000000000000087872088
0000000000000000000000000000000000000000000
0000000000000000000000000000000000000000000
0000000000000000000000000000000000000000000
0000000000000000000000000000000000088882088
0000000000000000000000000000000000000000000
0000000000000000000000000000000000000000000
0000000000000000000000000000000000000000000
0000000000000000000000000000000000089892088
0000000000000000000000000000000000000000000
0000000000000000000000000000000000000000000
0000000000000000000000000000000000000000000
000000000000000000000000000000000008a8a2088
0000000000000000000000000000000000000000000
0000000000000000000000000000000000000000000
0000000000000000000000000000000000000000000
000000000000000000000000000000000008b8b2088
0000000000000000000000000000000000000000000
0000000000000000000000000000000000000000000
0000000000000000000000000000000000000000000
000000000000000000000000000000000008c8c2088
0000000000000000000000000000000000000000000
0000000000000000000000000000000000000000000
0000000000000000000000000000000000000000000
000000000000000000000000000000000008d8d2088
0000000000000000000000000000000000000000000
0000000000000000000000000000000000000000000
0000000000000000000000000000000000000000000
000000000000000000000000000000000008e8e2088
0000000000000000000000000000000000000000000
0000000000000000000000000000000000000000000
0000000000000000000000000000000000000000000
000000000000000000000000000000000008f8f2088
0000000000000000000000000000000000000000000
0000000000000000000000000000000000000000000
0000000000000000000000000000000000000000000
0000000000000000000000000000000000090902088
0000000000000000000000000000000000000000000
0000000000000000000000000000000000000000000
0000000000000000000000000000000000000000000
0000000000000000000000000000000000091912088
0000000000000000000000000000000000000000000
0000000000000000000000000000000000000000000
0000000000000000000000000000000000000000000
0000000000000000000000000000000000092922088
0000000000000000000000000000000000000000000
0000000000000000000000000000000000000000000
0000000000000000000000000000000000000000000
0000000000000000000000000000000000093932088
0000000000000000000000000000000000000000000
0000000000000000000000000000000000000000000
0000000000000000000000000000000000000000000
0000000000000000000000000000000000000000000
0000000000000000000000000000000000000000000
0000000000000000000000000000000000000000000
0000000000000000000000000000000000000000000
0000000000000000000000000000000000000000000
0000000000000000000000000000000000000000000
0000000000000000000000000000000000000000000
0000000000000000000000000000000000000000000
0000000000000000000000000000000000000000000
0000000000000000000000000000000000000000000
0000000000000000000000000000000000000000000
0000000000000000000000000000000000000000000
00000000000000000018d8984200000000000000000
00000000000000000019d9994200000000000000000
0000000000000000001ada9a4200000000000000000
0000000000000000001bdb9b4200000000000000000
0000000000000000001cdc9c4200000000000000000
0000000000000000001ddd9d4200000000000000000
0000000000000000001ede9e4200000000000000000
0000000000000c0c781fdf9f4200000000000000000
0000000000000c8cf820e0a04200000000000000000
0000000000000d0d7821e1a14200000000000000000
0000000000000d8df822e2a24200000000000000000
0000000000000e0e7823e3a34200000000000000000
0000000000000e8ef824e4a44200000000000000000
0000000000000f0f7825e5a54200000000000000000
0000000000000f8ff826e6a64200000000000000000
00000000000010107827e7a74200000000000000000
0000000000001090f828e8a84200000000000000000
00000000000011117829e9a94200000000000000000
0001502860001191f82aeaaa4200000000000000000
00015228e0001212782bebab4200000000000000000
0001542a60001292f82cecac4200000000000000000
0001562ae0001313782dedad4200000000094942088
0001582c60001393f82eeeae4200000000000000000
00015a2ce0001414782fefaf4200000000000000000
00015c2e60001494f80000000000000000000000000
00015e2ee0001515780000000000000000095952088
0001603060001595f80000000000000000000000000
00016230e0001616780000000000000000000000000
0001643260001696f80000000000000000000000000
00016632e0001717780000000000000000096962088
0001683460001797f80000000000000000000000000
00016a34e0000000000000000000000000000000000
00016c3660000000000000000000000000000000000
00016e36e0000000000000000000000000097972088
0001703860000000000000000000000000000000000
00017238e0000000000000000000000000000000000
0001743a60000000000000000000000000000000000
0001763ae0000000000000000000000000098982088
0001783c60000000000000000000000000000000000
00017a3ce0000000000000000000000000000000000
00017c3e60000000000000000000000000000000000
00017e3ee0000000000000000000000000099992088
0001804060000000000000000000000000000000000
00018240e0000000000000000000000000000000000
0001844260000000000000000000000000000000000
00018642e000000000000000000000000009a9a2088
0001884460000000000000000000000000000000000
00018a44e0000000000000000000000000000000000
00018c4660000000000000000000000000000000000
00018e46e000000000000000000000000009b9b2088
0001904860000000000000000000000000000000000
00019248e0000000000000000000000000000000000
0001944a60000000000000000000000000000000000
0001964ae000000000000000000000000009c9c2088
0001984c60000000000000000000000000000000000
00019a4ce0000000000000000000000000000000000
00019c4e60000000000000000000000000000000000
00019e4ee000000000000000000000000009d9d2088
0001a05060000000000000000000000000000000000
0001a250e0000000000000000000000000000000000
0001a45260000000000000000000000000000000000
0001a652e000000000000000000000000009e9e2088
0001a85460000000000000000000000000000000000
0001aa54e0000000000000000000000000000000000
0001ac5660000000000000000000000000000000000
0001ae56e000000000000000000000000009f9f2088
0000000000000000000000000000000000000000000
0000000000000000000000000000000000000000000
0000000000000000000000000000000000000000000
00000000000000000000000000000000000a0a02088
0000000000000000000000000000000000000000000
0000000000000000000000000000000000000000000
0000000000000000000000000000000000000000000
00000000000000000000000000000000000a1a12088
0000000000000000000000000000000000000000000
0000000000000000000000000000000000000000000
0000000000000000000000000000000000000000000
00000000000000000000000000000000000a2a22088
0000000000000000000000000000000000000000000
0000000000000000000000000000000000000000000
0000000000000000000000000000000000000000000
00000000000000000000000000000000000a3a32088
0000000000000000000000000000000000000000000
0000000000000000000000000000000000000000000
0000000000000000000000000000000000000000000
00000000000000000000000000000000000a4a42088
0000000000000000000000000000000000000000000
0000000000000000000000000000000000000000000
0000000000000000000000000000000000000000000
00000000000000000000000000000000000a5a52088
0000000000000000000000000000000000000000000
0000000000000000000000000000000000000000000
0000000000000000000000000000000000000000000
00000000000000000000000000000000000a6a62088
0000000000000000000000000000000000000000000
0000000000000000000000000000000000000000000
0000000000000000000000000000000000000000000
00000000000000000000000000000000000a7a72088
0000000000000000000000000000000000000000000
0000000000000000000000000000000000000000000
0000000000000000000000000000000000000000000
00000000000000000000000000000000000a8a82088
0000000000000000000000000000000000000000000
0000000000000000000000000000000000000000000
0000000000000000000000000000000000000000000
00000000000000000000000000000000000a9a92088
0000000000000000000000000000000000000000000
0000000000000000000000000000000000000000000
0000000000000000000000000000000000000000000
00000000000000000000000000000000000aaaa2088
0000000000000000000000000000000000000000000
0000000000000000000000000000000000000000000
0000000000000000000000000000000000000000000
00000000000000000000000000000000000abab2088
0000000000000000000000000000000000000000000
0000000000000000000000000000000000000000000
0000000000000000000000000000000000000000000
0000000000000000000000000000000000000000000
0000000000000000000000000000000000000000000
0000000000000000000000000000000000000000000
0000000000000000000000000000000000000000000
0000000000000000000000000000000000000000000
0000000000000000000000000000000000000000000
0000000000000000000000000000000000000000000
0000000000000000000000000000000000000000000
0000000000000000000000000000000000000000000
0000000000000000000000000000000000000000000
0000000000000000000000000000000000000000000
0000000000000000000000000000000000000000000
00000000000000000030f0b04200000000000000000
00000000000000000031f1b14200000000000000000
00000000000000000032f2b24200000000000000000
00000000000000000033f3b34200000000000000000
00000000000000000034f4b44200000000000000000
00000000000000000035f5b54200000000000000000
00000000000000000036f6b64200000000000000000
00000000000018187837f7b74200000000000000000
0000000000001898f838f8b84200000000000000000
00000000000019197839f9b94200000000000000000
0000000000001999f83afaba4200000000000000000
0000000000001a1a783bfbbb4200000000000000000
0000000000001a9af83cfcbc4200000000000000000
0000000000001b1b783dfdbd4200000000000000000
0000000000001b9bf83efebe4200000000000000000
0000000000001c1c783fffbf4200000000000000000
0000000000001c9cf800c0804200000000000000000
0000000000001d1d7801c1814200000000000000000
0001b05860001d9df802c2824200000000000000000
0001b258e0001e1e7803c3834200000000000000000
0001b45a60001e9ef804c4844200000000000000000
0001b65ae0001f1f7805c58542000000000acac2088
0001b85c60001f9ff806c6864200000000000000000
0001ba5ce00020007807c7874200000000000000000
0001bc5e60002080f80000000000000000000000000
0001be5ee00021017800000000000000000adad2088
0001c06060002181f80000000000000000000000000
0001c260e0002202780000000000000000000000000
0001c46260002282f80000000000000000000000000
0001c662e00023037800000000000000000aeae2088
0001c86460002383f80000000000000000000000000
0001ca64e0000000000000000000000000000000000
0001cc6660000000000000000000000000000000000
0001ce66e00000000000000000000000000afaf2088
0001d06860000000000000000000000000000000000
0001d268e0000000000000000000000000000000000
0001d46a60000000000000000000000000000000000
0001d66ae00000000000000000000000000b0b02088
0001d86c60000000000000000000000000000000000
0001da6ce0000000000000000000000000000000000
0001dc6e60000000000000000000000000000000000
0001de6ee00000000000000000000000000b1b12088
0001e07060000000000000000000000000000000000
0001e270e0000000000000000000000000000000000
0001e47260000000000000000000000000000000000
0001e672e00000000000000000000000000b2b22088
0001e87460000000000000000000000000000000000
0001ea74e0000000000000000000000000000000000
0001ec7660000000000000000000000000000000000
0001ee76e00000000000000000000000000b3b32088
0001f07860000000000000000000000000000000000
0001f278e0000000000000000000000000000000000
0001f47a60000000000000000000000000000000000
0001f67ae00000000000000000000000000b4b42088
0001f87c60000000000000000000000000000000000
0001fa7ce0000000000000000000000000000000000
0001fc7e60000000000000000000000000000000000
0001fe7ee00000000000000000000000000b5b52088
0002000060000000000000000000000000000000000
00020200e0000000000000000000000000000000000
0002040260000000000000000000000000000000000
00020602e00000000000000000000000000b6b62088
0002080460000000000000000000000000000000000
00020a04e0000000000000000000000000000000000
00020c0660000000000000000000000000000000000
00020e06e00000000000000000000000000b7b72088
0000000000000000000000000000000000000000000
0000000000000000000000000000000000000000000
0000000000000000000000000000000000000000000
00000000000000000000000000000000000b8b82088
0000000000000000000000000000000000000000000
0000000000000000000000000000000000000000000
0000000000000000000000000000000000000000000
00000000000000000000000000000000000b9b92088
0000000000000000000000000000000000000000000
0000000000000000000000000000000000000000000
0000000000000000000000000000000000000000000
00000000000000000000000000000000000baba2088
0000000000000000000000000000000000000000000
0000000000000000000000000000000000000000000
0000000000000000000000000000000000000000000
00000000000000000000000000000000000bbbb2088
0000000000000000000000000000000000000000000
0000000000000000000000000000000000000000000
0000000000000000000000000000000000000000000
00000000000000000000000000000000000bcbc2088
0000000000000000000000000000000000000000000
0000000000000000000000000000000000000000000
0000000000000000000000000000000000000000000
00000000000000000000000000000000000bdbd2088
0000000000000000000000000000000000000000000
0000000000000000000000000000000000000000000
0000000000000000000000000000000000000000000
00000000000000000000000000000000000bebe2088
0000000000000000000000000000000000000000000
0000000000000000000000000000000000000000000
0000000000000000000000000000000000000000000
00000000000000000000000000000000000bfbf2088
0000000000000000000000000000000000000000000
0000000000000000000000000000000000000000000
0000000000000000000000000000000000000000000
0000000000000000000000000000000000080802088
0000000000000000000000000000000000000000000
0000000000000000000000000000000000000000000
0000000000000000000000000000000000000000000
0000000000000000000000000000000000081812088
0000000000000000000000000000000000000000000
0000000000000000000000000000000000000000000
0000000000000000000000000000000000000000000
0000000000000000000000000000000000082822088
0000000000000000000000000000000000000000000
0000000000000000000000000000000000000000000
0000000000000000000000000000000000000000000
0000000000000000000000000000000000083832088
0000000000000000000000000000000000000000000
0000000000000000000000000000000000000000000
0000000000000000000000000000000000000000000
0000000000000000000000000000000000000000000
0000000000000000000000000000000000000000000
0000000000000000000000000000000000000000000
0000000000000000000000000000000000000000000
0000000000000000000000000000000000000000000
0000000000000000000000000000000000000000000
0000000000000000000000000000000000000000000
0000000000000000000000000000000000000000000
0000000000000000000000000000000000000000000
0000000000000000000000000000000000000000000
0000000000000000000000000000000000000000000
0000000000000000000000000000000000000000000
00000000000000000008c8884200000000000000000
00000000000000000009c9894200000000000000000
0000000000000000000aca8a4200000000000000000
0000000000000000000bcb8b4200000000000000000
0000000000000000000ccc8c4200000000000000000
0000000000000000000dcd8d4200000000000000000
0000000000000000000ece8e4200000000000000000
0000000000002404780fcf8f4200000000000000000
0000000000002484f810d0904200000000000000000
00000000000025057811d1914200000000000000000
0000000000002585f812d2924200000000000000000
00000000000026067813d3934200000000000000000
0000000000002686f814d4944200000000000000000
00000000000027077815d5954200000000000000000
0000000000002787f816d6964200000000000000000
00000000000028087817d7974200000000000000000
0000000000002888f818d8984200000000000000000
00000000000029097819d9994200000000000000000
0002100860002989f81ada9a4200000000000000000
00021208e0002a0a781bdb9b4200000000000000000
0002140a60002a8af81cdc9c4200000000000000000
0002160ae0002b0b781ddd9d4200000000084842088
0002180c60002b8bf81ede9e4200000000000000000
00021a0ce0002c0c781fdf9f4200000000000000000
00021c0e60002c8cf80000000000000000000000000
00021e0ee0002d0d780000000000000000085852088
0002201060002d8df80000000000000000000000000
00022210e0002e0e780000000000000000000000000
0002241260002e8ef80000000000000000000000000
00022612e0002f0f780000000000000000086862088
0002281460002f8ff80000000000000000000000000
00022a14e0000000000000000000000000000000000
00022c1660000000000000000000000000000000000
00022e16e0000000000000000000000000087872088
0002301860000000000000000000000000000000000
00023218e0000000000000000000000000000000000
0002341a60000000000000000000000000000000000
0002361ae0000000000000000000000000088882088
0002381c60000000000000000000000000000000000
00023a1ce0000000000000000000000000000000000
00023c1e60000000000000000000000000000000000
00023e1ee0000000000000000000000000089892088
0002402060000000000000000000000000000000000
00024220e0000000000000000000000000000000000
0002442260000000000000000000000000000000000
00024622e000000000000000000000000008a8a2088
0002482460000000000000000000000000000000000
00024a24e0000000000000000000000000000000000
00024c2660000000000000000000000000000000000
00024e26e000000000000000000000000008b8b2088
0002502860000000000000000000000000000000000
00025228e0000000000000000000000000000000000
0002542a60000000000000000000000000000000000
0002562ae000000000000000000000000008c8c2088
0002582c60000000000000000000000000000000000
00025a2ce0000000000000000000000000000000000
00025c2e60000000000000000000000000000000000
00025e2ee000000000000000000000000008d8d2088
0002603060000000000000000000000000000000000
00026230e0000000000000000000000000000000000
0002643260000000000000000000000000000000000
00026632e000000000000000000000000008e8e2088
0002683460000000000000000000000000000000000
00026a34e0000000000000000000000000000000000
00026c3660000000000000000000000000000000000
00026e36e000000000000000000000000008f8f2088
0000000000000000000000000000000000000000000
0000000000000000000000000000000000000000000
0000000000000000000000000000000000000000000
0000000000000000000000000000000000090902088
0000000000000000000000000000000000000000000
0000000000000000000000000000000000000000000
0000000000000000000000000000000000000000000
0000000000000000000000000000000000091912088
0000000000000000000000000000000000000000000
0000000000000000000000000000000000000000000
0000000000000000000000000000000000000000000
0000000000000000000000000000000000092922088
0000000000000000000000000000000000000000000
0000000000000000000000000000000000000000000
0000000000000000000000000000000000000000000
0000000000000000000000000000000000093932088
0000000000000000000000000000000000000000000
0000000000000000000000000000000000000000000
0000000000000000000000000000000000000000000
0000000000000000000000000000000000094942088
0000000000000000000000000000000000000000000
0000000000000000000000000000000000000000000
0000000000000000000000000000000000000000000
0000000000000000000000000000000000095952088
0000000000000000000000000000000000000000000
0000000000000000000000000000000000000000000
0000000000000000000000000000000000000000000
0000000000000000000000000000000000096962088
0000000000000000000000000000000000000000000
0000000000000000000000000000000000000000000
0000000000000000000000000000000000000000000
0000000000000000000000000000000000097972088
0000000000000000000000000000000000000000000
0000000000000000000000000000000000000000000
0000000000000000000000000000000000000000000
0000000000000000000000000000000000098982088
0000000000000000000000000000000000000000000
0000000000000000000000000000000000000000000
0000000000000000000000000000000000000000000
0000000000000000000000000000000000099992088
0000000000000000000000000000000000000000000
0000000000000000000000000000000000000000000
0000000000000000000000000000000000000000000
000000000000000000000000000000000009a9a2088
0000000000000000000000000000000000000000000
0000000000000000000000000000000000000000000
0000000000000000000000000000000000000000000
000000000000000000000000000000000009b9b2088
0000000000000000000000000000000000000000000
0000000000000000000000000000000000000000000
0000000000000000000000000000000000000000000
0000000000000000000000000000000000000000000
0000000000000000000000000000000000000000000
0000000000000000000000000000000000000000000
0000000000000000000000000000000000000000000
0000000000000000000000000000000000000000000
0000000000000000000000000000000000000000000
0000000000000000000000000000000000000000000
0000000000000000000000000000000000000000000
0000000000000000000000000000000000000000000
0000000000000000000000000000000000000000000
0000000000000000000000000000000000000000000
0000000000000000000000000000000000000000000
00000000000000000020e0a04200000000000000000
00000000000000000021e1a14200000000000000000
00000000000000000022e2a24200000000000000000
00000000000000000023e3a34200000000000000000
00000000000000000024e4a44200000000000000000
00000000000000000025e5a54200000000000000000
00000000000000000026e6a64200000000000000000
00000000000030107827e7a74200000000000000000
0000000000003090f828e8a84200000000000000000
00000000000031117829e9a94200000000000000000
0000000000003191f82aeaaa4200000000000000000
0000000000003212782bebab4200000000000000000
0000000000003292f82cecac4200000000000000000
0000000000003313782dedad4200000000000000000
0000000000003393f82eeeae4200000000000000000
0000000000003414782fefaf4200000000000000000
0000000000003494f830f0b04200000000000000000
00000000000035157831f1b14200000000000000000
0002703860003595f832f2b24200000000000000000
00027238e00036167833f3b34200000000000000000
0002743a60003696f834f4b44200000000000000000
0002763ae00037177835f5b5420000000009c9c2088
0002783c60003797f836f6b64200000000000000000
00027a3ce00038187837f7b74200000000000000000
00027c3e60003898f80000000000000000000000000
00027e3ee000391978000000000000000009d9d2088
0002804060003999f80000000000000000000000000
00028240e0003a1a780000000000000000000000000
0002844260003a9af80000000000000000000000000
00028642e0003b1b78000000000000000009e9e2088
0002884460003b9bf80000000000000000000000000
00028a44e0000000000000000000000000000000000
00028c4660000000000000000000000000000000000
00028e46e000000000000000000000000009f9f2088
0002904860000000000000000000000000000000000
00029248e0000000000000000000000000000000000
0002944a60000000000000000000000000000000000
0002964ae00000000000000000000000000a0a02088
0002984c60000000000000000000000000000000000
00029a4ce0000000000000000000000000000000000
00029c4e60000000000000000000000000000000000
00029e4ee00000000000000000000000000a1a12088
0002a05060000000000000000000000000000000000
0002a250e0000000000000000000000000000000000
0002a45260000000000000000000000000000000000
0002a652e00000000000000000000000000a2a22088
0002a85460000000000000000000000000000000000
0002aa54e0000000000000000000000000000000000
0002ac5660000000000000000000000000000000000
0002ae56e00000000000000000000000000a3a32088
0002b05860000000000000000000000000000000000
0002b258e0000000000000000000000000000000000
0002b45a60000000000000000000000000000000000
0002b65ae00000000000000000000000000a4a42088
0002b85c60000000000000000000000000000000000
0002ba5ce0000000000000000000000000000000000
0002bc5e60000000000000000000000000000000000
0002be5ee00000000000000000000000000a5a52088
0002c06060000000000000000000000000000000000
0002c260e0000000000000000000000000000000000
0002c46260000000000000000000000000000000000
0002c662e00000000000000000000000000a6a62088
0002c86460000000000000000000000000000000000
0002ca64e0000000000000000000000000000000000
0002cc6660000000000000000000000000000000000
0002ce66e00000000000000000000000000a7a72088
0000000000000000000000000000000000000000000
0000000000000000000000000000000000000000000
0000000000000000000000000000000000000000000
00000000000000000000000000000000000a8a82088
0000000000000000000000000000000000000000000
0000000000000000000000000000000000000000000
0000000000000000000000000000000000000000000
00000000000000000000000000000000000a9a92088
0000000000000000000000000000000000000000000
0000000000000000000000000000000000000000000
0000000000000000000000000000000000000000000
00000000000000000000000000000000000aaaa2088
0000000000000000000000000000000000000000000
0000000000000000000000000000000000000000000
0000000000000000000000000000000000000000000
00000000000000000000000000000000000abab2088
0000000000000000000000000000000000000000000
0000000000000000000000000000000000000000000
0000000000000000000000000000000000000000000
00000000000000000000000000000000000acac2088
0000000000000000000000000000000000000000000
0000000000000000000000000000000000000000000
0000000000000000000000000000000000000000000
00000000000000000000000000000000000adad2088
0000000000000000000000000000000000000000000
0000000000000000000000000000000000000000000
0000000000000000000000000000000000000000000
00000000000000000000000000000000000aeae2088
0000000000000000000000000000000000000000000
0000000000000000000000000000000000000000000
0000000000000000000000000000000000000000000
00000000000000000000000000000000000afaf2088
0000000000000000000000000000000000000000000
0000000000000000000000000000000000000000000
0000000000000000000000000000000000000000000
00000000000000000000000000000000000b0b02088
0000000000000000000000000000000000000000000
0000000000000000000000000000000000000000000
0000000000000000000000000000000000000000000
00000000000000000000000000000000000b1b12088
0000000000000000000000000000000000000000000
0000000000000000000000000000000000000000000
0000000000000000000000000000000000000000000
00000000000000000000000000000000000b2b22088
0000000000000000000000000000000000000000000
0000000000000000000000000000000000000000000
0000000000000000000000000000000000000000000
00000000000000000000000000000000000b3b32088
0000000000000000000000000000000000000000000
0000000000000000000000000000000000000000000
0000000000000000000000000000000000000000000
0000000000000000000000000000000000000000000
0000000000000000000000000000000000000000000
0000000000000000000000000000000000000000000
0000000000000000000000000000000000000000000
0000000000000000000000000000000000000000000
0000000000000000000000000000000000000000000
0000000000000000000000000000000000000000000
0000000000000000000000000000000000000000000
0000000000000000000000000000000000000000000
0000000000000000000000000000000000000000000
0000000000000000000000000000000000000000000
0000000000000000000000000000000000000000000
00000000000000000038f8b84200000000000000000
00000000000000000039f9b94200000000000000000
0000000000000000003afaba4200000000000000000
0000000000000000003bfbbb4200000000000000000
0000000000000000003cfcbc4200000000000000000
0000000000000000003dfdbd4200000000000000000
0000000000000000003efebe4200000000000000000
0000000000003c1c783fffbf4200000000000000000
0000000000003c9cf800c0804200000000000000000
0000000000003d1d7801c1814200000000000000000
0000000000003d9df802c2824200000000000000000
0000000000003e1e7803c3834200000000000000000
0000000000003e9ef804c4844200000000000000000
0000000000003f1f7805c5854200000000000000000
0000000000003f9ff806c6864200000000000000000
00000000000040007807c7874200000000000000000
0000000000004080f808c8884200000000000000000
00000000000041017809c9894200000000000000000
0002d06860004181f80aca8a4200000000000000000
0002d268e0004202780bcb8b4200000000000000000
0002d46a60004282f80ccc8c4200000000000000000
0002d66ae0004303780dcd8d42000000000b4b42088
0002d86c60004383f80ece8e4200000000000000000
0002da6ce0004404780fcf8f4200000000000000000
0002dc6e60004484f80000000000000000000000000
0002de6ee00045057800000000000000000b5b52088
0002e07060004585f80000000000000000000000000
0002e270e0004606780000000000000000000000000
0002e47260004686f80000000000000000000000000
0002e672e00047077800000000000000000b6b62088
0002e87460004787f80000000000000000000000000
0002ea74e0000000000000000000000000000000000
0002ec7660000000000000000000000000000000000
0002ee76e00000000000000000000000000b7b72088
0002f07860000000000000000000000000000000000
0002f278e0000000000000000000000000000000000
0002f47a60000000000000000000000000000000000
0002f67ae00000000000000000000000000b8b82088
0002f87c60000000000000000000000000000000000
0002fa7ce0000000000000000000000000000000000
0002fc7e60000000000000000000000000000000000
0002fe7ee00000000000000000000000000b9b92088
0003000060000000000000000000000000000000000
00030200e0000000000000000000000000000000000
0003040260000000000000000000000000000000000
00030602e00000000000000000000000000baba2088
0003080460000000000000000000000000000000000
00030a04e0000000000000000000000000000000000
00030c0660000000000000000000000000000000000
00030e06e00000000000000000000000000bbbb2088
0003100860000000000000000000000000000000000
00031208e0000000000000000000000000000000000
0003140a60000000000000000000000000000000000
0003160ae00000000000000000000000000bcbc2088
0003180c60000000000000000000000000000000000
00031a0ce0000000000000000000000000000000000
00031c0e60000000000000000000000000000000000
00031e0ee00000000000000000000000000bdbd2088
0003201060000000000000000000000000000000000
00032210e0000000000000000000000000000000000
0003241260000000000000000000000000000000000
00032612e00000000000000000000000000bebe2088
0003281460000000000000000000000000000000000
00032a14e0000000000000000000000000000000000
00032c1660000000000000000000000000000000000
00032e16e00000000000000000000000000bfbf2088
0000000000000000000000000000000000000000000
0000000000000000000000000000000000000000000
0000000000000000000000000000000000000000000
0000000000000000000000000000000000080802088
0000000000000000000000000000000000000000000
0000000000000000000000000000000000000000000
0000000000000000000000000000000000000000000
0000000000000000000000000000000000081812088
0000000000000000000000000000000000000000000
0000000000000000000000000000000000000000000
0000000000000000000000000000000000000000000
0000000000000000000000000000000000082822088
0000000000000000000000000000000000000000000
0000000000000000000000000000000000000000000
0000000000000000000000000000000000000000000
0000000000000000000000000000000000083832088
0000000000000000000000000000000000000000000
0000000000000000000000000000000000000000000
0000000000000000000000000000000000000000000
0000000000000000000000000000000000084842088
0000000000000000000000000000000000000000000
0000000000000000000000000000000000000000000
0000000000000000000000000000000000000000000
0000000000000000000000000000000000085852088
0000000000000000000000000000000000000000000
0000000000000000000000000000000000000000000
0000000000000000000000000000000000000000000
0000000000000000000000000000000000086862088
0000000000000000000000000000000000000000000
0000000000000000000000000000000000000000000
0000000000000000000000000000000000000000000
0000000000000000000000000000000000087872088
0000000000000000000000000000000000000000000
0000000000000000000000000000000000000000000
0000000000000000000000000000000000000000000
0000000000000000000000000000000000088882088
0000000000000000000000000000000000000000000
0000000000000000000000000000000000000000000
0000000000000000000000000000000000000000000
0000000000000000000000000000000000089892088
0000000000000000000000000000000000000000000
0000000000000000000000000000000000000000000
0000000000000000000000000000000000000000000
000000000000000000000000000000000008a8a2088
0000000000000000000000000000000000000000000
0000000000000000000000000000000000000000000
0000000000000000000000000000000000000000000
000000000000000000000000000000000008b8b2088
0000000000000000000000000000000000000000000
0000000000000000000000000000000000000000000
0000000000000000000000000000000000000000000
0000000000000000000000000000000000000000000
0000000000000000000000000000000000000000000
0000000000000000000000000000000000000000000
0000000000000000000000000000000000000000000
0000000000000000000000000000000000000000000
0000000000000000000000000000000000000000000
0000000000000000000000000000000000000000000
0000000000000000000000000000000000000000000
0000000000000000000000000000000000000000000
0000000000000000000000000000000000000000000
0000000000000000000000000000000000000000000
0000000000000000000000000000000000000000000
00000000000000000010d0904200000000000000000
00000000000000000011d1914200000000000000000
00000000000000000012d2924200000000000000000
00000000000000000013d3934200000000000000000
00000000000000000014d4944200000000000000000
00000000000000000015d5954200000000000000000
00000000000000000016d6964200000000000000000
00000000000048087817d7974200000000000000000
0000000000004888f818d8984200000000000000000
00000000000049097819d9994200000000000000000
0000000000004989f81ada9a4200000000000000000
0000000000004a0a781bdb9b4200000000000000000
0000000000004a8af81cdc9c4200000000000000000
0000000000004b0b781ddd9d4200000000000000000
0000000000004b8bf81ede9e4200000000000000000
0000000000004c0c781fdf9f4200000000000000000
0000000000004c8cf820e0a04200000000000000000
0000000000004d0d7821e1a14200000000000000000
0003301860004d8df822e2a24200000000000000000
00033218e0004e0e7823e3a34200000000000000000
0003341a60004e8ef824e4a44200000000000000000
0003361ae0004f0f7825e5a5420000000008c8c2088
0003381c60004f8ff826e6a64200000000000000000
00033a1ce00050107827e7a74200000000000000000
00033c1e60005090f80000000000000000000000000
00033e1ee000511178000000000000000008d8d2088
0003402060005191f80000000000000000000000000
00034220e0005212780000000000000000000000000
0003442260005292f80000000000000000000000000
00034622e000531378000000000000000008e8e2088
0003482460005393f80000000000000000000000000
00034a24e0000000000000000000000000000000000
00034c2660000000000000000000000000000000000
00034e26e000000000000000000000000008f8f2088
0003502860000000000000000000000000000000000
00035228e0000000000000000000000000000000000
0003542a60000000000000000000000000000000000
0003562ae0000000000000000000000000090902088
0003582c60000000000000000000000000000000000
00035a2ce0000000000000000000000000000000000
00035c2e60000000000000000000000000000000000
00035e2ee0000000000000000000000000091912088
0003603060000000000000000000000000000000000
00036230e0000000000000000000000000000000000
0003643260000000000000000000000000000000000
00036632e0000000000000000000000000092922088
0003683460000000000000000000000000000000000
00036a34e0000000000000000000000000000000000
00036c3660000000000000000000000000000000000
00036e36e0000000000000000000000000093932088
0003703860000000000000000000000000000000000
00037238e0000000000000000000000000000000000
0003743a60000000000000000000000000000000000
0003763ae0000000000000000000000000094942088
0003783c60000000000000000000000000000000000
00037a3ce0000000000000000000000000000000000
00037c3e60000000000000000000000000000000000
00037e3ee0000000000000000000000000095952088
0003804060000000000000000000000000000000000
00038240e0000000000000000000000000000000000
0003844260000000000000000000000000000000000
00038642e0000000000000000000000000096962088
0003884460000000000000000000000000000000000
00038a44e0000000000000000000000000000000000
00038c4660000000000000000000000000000000000
00038e46e0000000000000000000000000097972088
0000000000000000000000000000000000000000000
0000000000000000000000000000000000000000000
0000000000000000000000000000000000000000000
0000000000000000000000000000000000098982088
0000000000000000000000000000000000000000000
0000000000000000000000000000000000000000000
0000000000000000000000000000000000000000000
0000000000000000000000000000000000099992088
0000000000000000000000000000000000000000000
0000000000000000000000000000000000000000000
0000000000000000000000000000000000000000000
000000000000000000000000000000000009a9a2088
0000000000000000000000000000000000000000000
0000000000000000000000000000000000000000000
0000000000000000000000000000000000000000000
000000000000000000000000000000000009b9b2088
0000000000000000000000000000000000000000000
0000000000000000000000000000000000000000000
0000000000000000000000000000000000000000000
000000000000000000000000000000000009c9c2088
0000000000000000000000000000000000000000000
0000000000000000000000000000000000000000000
0000000000000000000000000000000000000000000
000000000000000000000000000000000009d9d2088
0000000000000000000000000000000000000000000
0000000000000000000000000000000000000000000
0000000000000000000000000000000000000000000
000000000000000000000000000000000009e9e2088
0000000000000000000000000000000000000000000
0000000000000000000000000000000000000000000
0000000000000000000000000000000000000000000
000000000000000000000000000000000009f9f2088
0000000000000000000000000000000000000000000
0000000000000000000000000000000000000000000
0000000000000000000000000000000000000000000
00000000000000000000000000000000000a0a02088
0000000000000000000000000000000000000000000
0000000000000000000000000000000000000000000
0000000000000000000000000000000000000000000
00000000000000000000000000000000000a1a12088
0000000000000000000000000000000000000000000
0000000000000000000000000000000000000000000
0000000000000000000000000000000000000000000
00000000000000000000000000000000000a2a22088
0000000000000000000000000000000000000000000
0000000000000000000000000000000000000000000
0000000000000000000000000000000000000000000
00000000000000000000000000000000000a3a32088
0000000000000000000000000000000000000000000
0000000000000000000000000000000000000000000
0000000000000000000000000000000000000000000
0000000000000000000000000000000000000000000
0000000000000000000000000000000000000000000
0000000000000000000000000000000000000000000
0000000000000000000000000000000000000000000
0000000000000000000000000000000000000000000
0000000000000000000000000000000000000000000
0000000000000000000000000000000000000000000
0000000000000000000000000000000000000000000
0000000000000000000000000000000000000000000
0000000000000000000000000000000000000000000
0000000000000000000000000000000000000000000
0000000000000000000000000000000000000000000
00000000000000000028e8a84200000000000000000
00000000000000000029e9a94200000000000000000
0000000000000000002aeaaa4200000000000000000
0000000000000000002bebab4200000000000000000
0000000000000000002cecac4200000000000000000
0000000000000000002dedad4200000000000000000
0000000000000000002eeeae4200000000000000000
0000000000005414782fefaf4200000000000000000
0000000000005494f830f0b04200000000000000000
00000000000055157831f1b14200000000000000000
0000000000005595f832f2b24200000000000000000
00000000000056167833f3b34200000000000000000
0000000000005696f834f4b44200000000000000000
00000000000057177835f5b54200000000000000000
0000000000005797f836f6b64200000000000000000
00000000000058187837f7b74200000000000000000
0000000000005898f838f8b84200000000000000000
00000000000059197839f9b94200000000000000000
0003904860005999f83afaba4200000000000000000
00039248e0005a1a783bfbbb4200000000000000000
0003944a60005a9af83cfcbc4200000000000000000
0003964ae0005b1b783dfdbd42000000000a4a42088
0003984c60005b9bf83efebe4200000000000000000
00039a4ce0005c1c783fffbf4200000000000000000
00039c4e60005c9cf80000000000000000000000000
00039e4ee0005d1d7800000000000000000a5a52088
0003a05060005d9df80000000000000000000000000
0003a250e0005e1e780000000000000000000000000
0003a45260005e9ef80000000000000000000000000
0003a652e0005f1f7800000000000000000a6a62088
0003a85460005f9ff80000000000000000000000000
0003aa54e0000000000000000000000000000000000
0003ac5660000000000000000000000000000000000
0003ae56e00000000000000000000000000a7a72088
0003b05860000000000000000000000000000000000
0003b258e0000000000000000000000000000000000
0003b45a60000000000000000000000000000000000
0003b65ae00000000000000000000000000a8a82088
0003b85c60000000000000000000000000000000000
0003ba5ce0000000000000000000000000000000000
0003bc5e60000000000000000000000000000000000
0003be5ee00000000000000000000000000a9a92088
0003c06060000000000000000000000000000000000
0003c260e0000000000000000000000000000000000
0003c46260000000000000000000000000000000000
0003c662e00000000000000000000000000aaaa2088
0003c86460000000000000000000000000000000000
0003ca64e0000000000000000000000000000000000
0003cc6660000000000000000000000000000000000
0003ce66e00000000000000000000000000abab2088
0003d06860000000000000000000000000000000000
0003d268e0000000000000000000000000000000000
0003d46a60000000000000000000000000000000000
0003d66ae00000000000000000000000000acac2088
0003d86c60000000000000000000000000000000000
0003da6ce0000000000000000000000000000000000
0003dc6e60000000000000000000000000000000000
0003de6ee00000000000000000000000000adad2088
0003e07060000000000000000000000000000000000
0003e270e0000000000000000000000000000000000
0003e47260000000000000000000000000000000000
0003e672e00000000000000000000000000aeae2088
0003e87460000000000000000000000000000000000
0003ea74e0000000000000000000000000000000000
0003ec7660000000000000000000000000000000000
0003ee76e00000000000000000000000000afaf2088
0000000000000000000000000000000000000000000
0000000000000000000000000000000000000000000
0000000000000000000000000000000000000000000
00000000000000000000000000000000000b0b02088
0000000000000000000000000000000000000000000
0000000000000000000000000000000000000000000
0000000000000000000000000000000000000000000
00000000000000000000000000000000000b1b12088
0000000000000000000000000000000000000000000
0000000000000000000000000000000000000000000
0000000000000000000000000000000000000000000
00000000000000000000000000000000000b2b22088
0000000000000000000000000000000000000000000
0000000000000000000000000000000000000000000
0000000000000000000000000000000000000000000
00000000000000000000000000000000000b3b32088
0000000000000000000000000000000000000000000
0000000000000000000000000000000000000000000
0000000000000000000000000000000000000000000
00000000000000000000000000000000000b4b42088
0000000000000000000000000000000000000000000
0000000000000000000000000000000000000000000
0000000000000000000000000000000000000000000
00000000000000000000000000000000000b5b52088
0000000000000000000000000000000000000000000
0000000000000000000000000000000000000000000
0000000000000000000000000000000000000000000
00000000000000000000000000000000000b6b62088
0000000000000000000000000000000000000000000
0000000000000000000000000000000000000000000
0000000000000000000000000000000000000000000
00000000000000000000000000000000000b7b72088
0000000000000000000000000000000000000000000
0000000000000000000000000000000000000000000
0000000000000000000000000000000000000000000
00000000000000000000000000000000000b8b82088
0000000000000000000000000000000000000000000
0000000000000000000000000000000000000000000
0000000000000000000000000000000000000000000
00000000000000000000000000000000000b9b92088
0000000000000000000000000000000000000000000
0000000000000000000000000000000000000000000
0000000000000000000000000000000000000000000
00000000000000000000000000000000000baba2088
0000000000000000000000000000000000000000000
0000000000000000000000000000000000000000000
0000000000000000000000000000000000000000000
00000000000000000000000000000000000bbbb2088
0000000000000000000000000000000000000000000
0000000000000000000000000000000000000000000
0000000000000000000000000000000000000000000
0000000000000000000000000000000000000000000
0000000000000000000000000000000000000000000
0000000000000000000000000000000000000000000
0000000000000000000000000000000000000000000
0000000000000000000000000000000000000000000
0000000000000000000000000000000000000000000
0000000000000000000000000000000000000000000
0000000000000000000000000000000000000000000
0000000000000000000000000000000000000000000
0000000000000000000000000000000000000000000
0000000000000000000000000000000000000000000
0000000000000000000000000000000000000000000
00000000000000000000c0804200000000000000000
00000000000000000001c1814200000000000000000
00000000000000000002c2824200000000000000000
00000000000000000003c3834200000000000000000
00000000000000000004c4844200000000000000000
00000000000000000005c5854200000000000000000
00000000000000000006c6864200000000000000000
00000000000060007807c7874200000000000000000
0000000000006080f808c8884200000000000000000
00000000000061017809c9894200000000000000000
0000000000006181f80aca8a4200000000000000000
0000000000006202780bcb8b4200000000000000000
0000000000006282f80ccc8c4200000000000000000
0000000000006303780dcd8d4200000000000000000
0000000000006383f80ece8e4200000000000000000
0000000000006404780fcf8f4200000000000000000
0000000000006484f810d0904200000000000000000
00000000000065057811d1914200000000000000000
0003f07860006585f812d2924200000000000000000
0003f278e00066067813d3934200000000000000000
0003f47a60006686f814d4944200000000000000000
0003f67ae00067077815d59542000000000bcbc2088
0003f87c60006787f816d6964200000000000000000
0003fa7ce00068087817d7974200000000000000000
0003fc7e60006888f80000000000000000000000000
0003fe7ee00069097800000000000000000bdbd2088
0004000060006989f80000000000000000000000000
00040200e0006a0a780000000000000000000000000
0004040260006a8af80000000000000000000000000
00040602e0006b0b7800000000000000000bebe2088
0004080460006b8bf80000000000000000000000000
00040a04e0000000000000000000000000000000000
00040c0660000000000000000000000000000000000
00040e06e00000000000000000000000000bfbf2088
0004100860000000000000000000000000000000000
00041208e0000000000000000000000000000000000
0004140a60000000000000000000000000000000000
0004160ae0000000000000000000000000080802088
0004180c60000000000000000000000000000000000
00041a0ce0000000000000000000000000000000000
00041c0e60000000000000000000000000000000000
00041e0ee0000000000000000000000000081812088
0004201060000000000000000000000000000000000
00042210e0000000000000000000000000000000000
0004241260000000000000000000000000000000000
00042612e0000000000000000000000000082822088
0004281460000000000000000000000000000000000
00042a14e0000000000000000000000000000000000
00042c1660000000000000000000000000000000000
00042e16e0000000000000000000000000083832088
0004301860000000000000000000000000000000000
00043218e0000000000000000000000000000000000
0004341a60000000000000000000000000000000000
0004361ae0000000000000000000000000084842088
0004381c60000000000000000000000000000000000
00043a1ce0000000000000000000000000000000000
00043c1e60000000000000000000000000000000000
00043e1ee0000000000000000000000000085852088
0004402060000000000000000000000000000000000
00044220e0000000000000000000000000000000000
0004442260000000000000000000000000000000000
00044622e0000000000000000000000000086862088
0004482460000000000000000000000000000000000
00044a24e0000000000000000000000000000000000
00044c2660000000000000000000000000000000000
00044e26e0000000000000000000000000087872088
0000000000000000000000000000000000000000000
0000000000000000000000000000000000000000000
0000000000000000000000000000000000000000000
0000000000000000000000000000000000088882088
0000000000000000000000000000000000000000000
0000000000000000000000000000000000000000000
0000000000000000000000000000000000000000000
0000000000000000000000000000000000089892088
0000000000000000000000000000000000000000000
0000000000000000000000000000000000000000000
0000000000000000000000000000000000000000000
000000000000000000000000000000000008a8a2088
0000000000000000000000000000000000000000000
0000000000000000000000000000000000000000000
0000000000000000000000000000000000000000000
000000000000000000000000000000000008b8b2088
0000000000000000000000000000000000000000000
0000000000000000000000000000000000000000000
0000000000000000000000000000000000000000000
000000000000000000000000000000000008c8c2088
0000000000000000000000000000000000000000000
0000000000000000000000000000000000000000000
0000000000000000000000000000000000000000000
000000000000000000000000000000000008d8d2088
0000000000000000000000000000000000000000000
0000000000000000000000000000000000000000000
0000000000000000000000000000000000000000000
000000000000000000000000000000000008e8e2088
0000000000000000000000000000000000000000000
0000000000000000000000000000000000000000000
0000000000000000000000000000000000000000000
000000000000000000000000000000000008f8f2088
0000000000000000000000000000000000000000000
0000000000000000000000000000000000000000000
0000000000000000000000000000000000000000000
0000000000000000000000000000000000090902088
0000000000000000000000000000000000000000000
0000000000000000000000000000000000000000000
0000000000000000000000000000000000000000000
0000000000000000000000000000000000091912088
0000000000000000000000000000000000000000000
0000000000000000000000000000000000000000000
0000000000000000000000000000000000000000000
0000000000000000000000000000000000092922088
0000000000000000000000000000000000000000000
0000000000000000000000000000000000000000000
0000000000000000000000000000000000000000000
0000000000000000000000000000000000093932088
0000000000000000000000000000000000000000000
0000000000000000000000000000000000000000000
0000000000000000000000000000000000000000000
0000000000000000000000000000000000000000000
0000000000000000000000000000000000000000000
0000000000000000000000000000000000000000000
0000000000000000000000000000000000000000000
0000000000000000000000000000000000000000000
0000000000000000000000000000000000000000000
0000000000000000000000000000000000000000000
0000000000000000000000000000000000000000000
0000000000000000000000000000000000000000000
0000000000000000000000000000000000000000000
0000000000000000000000000000000000000000000
0000000000000000000000000000000000000000000
00000000000000000018d8984200000000000000000
00000000000000000019d9994200000000000000000
0000000000000000001ada9a4200000000000000000
0000000000000000001bdb9b4200000000000000000
0000000000000000001cdc9c4200000000000000000
0000000000000000001ddd9d4200000000000000000
0000000000000000001ede9e4200000000000000000
0000000000006c0c781fdf9f4200000000000000000
0000000000006c8cf820e0a04200000000000000000
0000000000006d0d7821e1a14200000000000000000
0000000000006d8df822e2a24200000000000000000
0000000000006e0e7823e3a34200000000000000000
0000000000006e8ef824e4a44200000000000000000
0000000000006f0f7825e5a54200000000000000000
0000000000006f8ff826e6a64200000000000000000
00000000000070107827e7a74200000000000000000
0000000000007090f828e8a84200000000000000000
00000000000071117829e9a94200000000000000000
0004502860007191f82aeaaa4200000000000000000
00045228e0007212782bebab4200000000000000000
0004542a60007292f82cecac4200000000000000000
0004562ae0007313782dedad4200000000094942088
0004582c60007393f82eeeae4200000000000000000
00045a2ce0007414782fefaf4200000000000000000
00045c2e60007494f80000000000000000000000000
00045e2ee0007515780000000000000000095952088
0004603060007595f80000000000000000000000000
00046230e0007616780000000000000000000000000
0004643260007696f80000000000000000000000000
00046632e0007717780000000000000000096962088
0004683460007797f80000000000000000000000000
00046a34e0000000000000000000000000000000000
00046c3660000000000000000000000000000000000
00046e36e0000000000000000000000000097972088
0004703860000000000000000000000000000000000
00047238e0000000000000000000000000000000000
0004743a60000000000000000000000000000000000
0004763ae0000000000000000000000000098982088
0004783c60000000000000000000000000000000000
00047a3ce0000000000000000000000000000000000
00047c3e60000000000000000000000000000000000
00047e3ee0000000000000000000000000099992088
0004804060000000000000000000000000000000000
00048240e0000000000000000000000000000000000
0004844260000000000000000000000000000000000
00048642e000000000000000000000000009a9a2088
0004884460000000000000000000000000000000000
00048a44e0000000000000000000000000000000000
00048c4660000000000000000000000000000000000
00048e46e000000000000000000000000009b9b2088
0004904860000000000000000000000000000000000
00049248e0000000000000000000000000000000000
0004944a60000000000000000000000000000000000
0004964ae000000000000000000000000009c9c2088
0004984c60000000000000000000000000000000000
00049a4ce0000000000000000000000000000000000
00049c4e60000000000000000000000000000000000
00049e4ee000000000000000000000000009d9d2088
0004a05060000000000000000000000000000000000
0004a250e0000000000000000000000000000000000
0004a45260000000000000000000000000000000000
0004a652e000000000000000000000000009e9e2088
0004a85460000000000000000000000000000000000
0004aa54e0000000000000000000000000000000000
0004ac5660000000000000000000000000000000000
0004ae56e000000000000000000000000009f9f2088
0000000000000000000000000000000000000000000
0000000000000000000000000000000000000000000
0000000000000000000000000000000000000000000
00000000000000000000000000000000000a0a02088
0000000000000000000000000000000000000000000
0000000000000000000000000000000000000000000
0000000000000000000000000000000000000000000
00000000000000000000000000000000000a1a12088
0000000000000000000000000000000000000000000
0000000000000000000000000000000000000000000
0000000000000000000000000000000000000000000
00000000000000000000000000000000000a2a22088
0000000000000000000000000000000000000000000
0000000000000000000000000000000000000000000
0000000000000000000000000000000000000000000
00000000000000000000000000000000000a3a32088
0000000000000000000000000000000000000000000
0000000000000000000000000000000000000000000
0000000000000000000000000000000000000000000
00000000000000000000000000000000000a4a42088
0000000000000000000000000000000000000000000
0000000000000000000000000000000000000000000
0000000000000000000000000000000000000000000
00000000000000000000000000000000000a5a52088
0000000000000000000000000000000000000000000
0000000000000000000000000000000000000000000
0000000000000000000000000000000000000000000
00000000000000000000000000000000000a6a62088
0000000000000000000000000000000000000000000
0000000000000000000000000000000000000000000
0000000000000000000000000000000000000000000
00000000000000000000000000000000000a7a72088
0000000000000000000000000000000000000000000
0000000000000000000000000000000000000000000
0000000000000000000000000000000000000000000
00000000000000000000000000000000000a8a82088
0000000000000000000000000000000000000000000
0000000000000000000000000000000000000000000
0000000000000000000000000000000000000000000
00000000000000000000000000000000000a9a92088
0000000000000000000000000000000000000000000
0000000000000000000000000000000000000000000
0000000000000000000000000000000000000000000
00000000000000000000000000000000000aaaa2088
0000000000000000000000000000000000000000000
0000000000000000000000000000000000000000000
0000000000000000000000000000000000000000000
00000000000000000000000000000000000abab2088
0000000000000000000000000000000000000000000
0000000000000000000000000000000000000000000
0000000000000000000000000000000000000000000
0000000000000000000000000000000000000000000
0000000000000000000000000000000000000000000
0000000000000000000000000000000000000000000
0000000000000000000000000000000000000000000
0000000000000000000000000000000000000000000
0000000000000000000000000000000000000000000
0000000000000000000000000000000000000000000
0000000000000000000000000000000000000000000
0000000000000000000000000000000000000000000
0000000000000000000000000000000000000000000
0000000000000000000000000000000000000000000
0000000000000000000000000000000000000000000
00000000000000000030f0b04200000000000000000
00000000000000000031f1b14200000000000000000
00000000000000000032f2b24200000000000000000
00000000000000000033f3b34200000000000000000
00000000000000000034f4b44200000000000000000
00000000000000000035f5b54200000000000000000
00000000000000000036f6b64200000000000000000
00000000000078187837f7b74200000000000000000
0000000000007898f838f8b84200000000000000000
00000000000079197839f9b94200000000000000000
0000000000007999f83afaba4200000000000000000
0000000000007a1a783bfbbb4200000000000000000
0000000000007a9af83cfcbc4200000000000000000
0000000000007b1b783dfdbd4200000000000000000
0000000000007b9bf83efebe4200000000000000000
0000000000007c1c783fffbf4200000000000000000
0000000000007c9cf800c0804200000000000000000
0000000000007d1d7801c1814200000000000000000
0004b05860007d9df802c2824200000000000000000
0004b258e0007e1e7803c3834200000000000000000
0004b45a60007e9ef804c4844200000000000000000
0004b65ae0007f1f7805c58542000000000acac2088
0004b85c60007f9ff806c6864200000000000000000
0004ba5ce00080007807c7874200000000000000000
0004bc5e60008080f80000000000000000000000000
0004be5ee00081017800000000000000000adad2088
0004c06060008181f80000000000000000000000000
0004c260e0008202780000000000000000000000000
0004c46260008282f80000000000000000000000000
0004c662e00083037800000000000000000aeae2088
0004c86460008383f80000000000000000000000000
0004ca64e0000000000000000000000000000000000
0004cc6660000000000000000000000000000000000
0004ce66e00000000000000000000000000afaf2088
0004d06860000000000000000000000000000000000
0004d268e0000000000000000000000000000000000
0004d46a60000000000000000000000000000000000
0004d66ae00000000000000000000000000b0b02088
0004d86c60000000000000000000000000000000000
0004da6ce0000000000000000000000000000000000
0004dc6e60000000000000000000000000000000000
0004de6ee00000000000000000000000000b1b12088
0004e07060000000000000000000000000000000000
0004e270e0000000000000000000000000000000000
0004e47260000000000000000000000000000000000
0004e672e00000000000000000000000000b2b22088
0004e87460000000000000000000000000000000000
0004ea74e0000000000000000000000000000000000
0004ec7660000000000000000000000000000000000
0004ee76e00000000000000000000000000b3b32088
0004f07860000000000000000000000000000000000
0004f278e0000000000000000000000000000000000
0004f47a60000000000000000000000000000000000
0004f67ae00000000000000000000000000b4b42088
0004f87c60000000000000000000000000000000000
0004fa7ce0000000000000000000000000000000000
0004fc7e60000000000000000000000000000000000
0004fe7ee00000000000000000000000000b5b52088
0005000060000000000000000000000000000000000
00050200e0000000000000000000000000000000000
0005040260000000000000000000000000000000000
00050602e00000000000000000000000000b6b62088
0005080460000000000000000000000000000000000
00050a04e0000000000000000000000000000000000
00050c0660000000000000000000000000000000000
00050e06e00000000000000000000000000b7b72088
0000000000000000000000000000000000000000000
0000000000000000000000000000000000000000000
0000000000000000000000000000000000000000000
00000000000000000000000000000000000b8b82088
0000000000000000000000000000000000000000000
0000000000000000000000000000000000000000000
0000000000000000000000000000000000000000000
00000000000000000000000000000000000b9b92088
0000000000000000000000000000000000000000000
0000000000000000000000000000000000000000000
0000000000000000000000000000000000000000000
00000000000000000000000000000000000baba2088
0000000000000000000000000000000000000000000
0000000000000000000000000000000000000000000
0000000000000000000000000000000000000000000
00000000000000000000000000000000000bbbb2088
0000000000000000000000000000000000000000000
0000000000000000000000000000000000000000000
0000000000000000000000000000000000000000000
00000000000000000000000000000000000bcbc2088
0000000000000000000000000000000000000000000
0000000000000000000000000000000000000000000
0000000000000000000000000000000000000000000
00000000000000000000000000000000000bdbd2088
0000000000000000000000000000000000000000000
0000000000000000000000000000000000000000000
0000000000000000000000000000000000000000000
00000000000000000000000000000000000bebe2088
0000000000000000000000000000000000000000000
0000000000000000000000000000000000000000000
0000000000000000000000000000000000000000000
00000000000000000000000000000000000bfbf2088
0000000000000000000000000000000000000000000
0000000000000000000000000000000000000000000
0000000000000000000000000000000000000000000
0000000000000000000000000000000000080802088
0000000000000000000000000000000000000000000
0000000000000000000000000000000000000000000
0000000000000000000000000000000000000000000
0000000000000000000000000000000000081812088
0000000000000000000000000000000000000000000
0000000000000000000000000000000000000000000
0000000000000000000000000000000000000000000
0000000000000000000000000000000000082822088
0000000000000000000000000000000000000000000
0000000000000000000000000000000000000000000
0000000000000000000000000000000000000000000
0000000000000000000000000000000000083832088
0000000000000000000000000000000000000000000
0000000000000000000000000000000000000000000
0000000000000000000000000000000000000000000
0000000000000000000000000000000000000000000
0000000000000000000000000000000000000000000
0000000000000000000000000000000000000000000
0000000000000000000000000000000000000000000
0000000000000000000000000000000000000000000
0000000000000000000000000000000000000000000
0000000000000000000000000000000000000000000
0000000000000000000000000000000000000000000
0000000000000000000000000000000000000000000
0000000000000000000000000000000000000000000
0000000000000000000000000000000000000000000
0000000000000000000000000000000000000000000
00000000000000000008c8884200000000000000000
00000000000000000009c9894200000000000000000
0000000000000000000aca8a4200000000000000000
0000000000000000000bcb8b4200000000000000000
0000000000000000000ccc8c4200000000000000000
0000000000000000000dcd8d4200000000000000000
0000000000000000000ece8e4200000000000000000
0000000000008404780fcf8f4200000000000000000
0000000000008484f810d0904200000000000000000
00000000000085057811d1914200000000000000000
0000000000008585f812d2924200000000000000000
00000000000086067813d3934200000000000000000
0000000000008686f814d4944200000000000000000
00000000000087077815d5954200000000000000000
0000000000008787f816d6964200000000000000000
00000000000088087817d7974200000000000000000
0000000000008888f818d8984200000000000000000
00000000000089097819d9994200000000000000000
0005100860008989f81ada9a4200000000000000000
00051208e0008a0a781bdb9b4200000000000000000
0005140a60008a8af81cdc9c4200000000000000000
0005160ae0008b0b781ddd9d4200000000084842088
0005180c60008b8bf81ede9e4200000000000000000
00051a0ce0008c0c781fdf9f4200000000000000000
00051c0e60008c8cf80000000000000000000000000
00051e0ee0008d0d780000000000000000085852088
0005201060008d8df80000000000000000000000000
00052210e0008e0e780000000000000000000000000
0005241260008e8ef80000000000000000000000000
00052612e0008f0f780000000000000000086862088
0005281460008f8ff80000000000000000000000000
00052a14e0000000000000000000000000000000000
00052c1660000000000000000000000000000000000
00052e16e0000000000000000000000000087872088
0005301860000000000000000000000000000000000
00053218e0000000000000000000000000000000000
0005341a60000000000000000000000000000000000
0005361ae0000000000000000000000000088882088
0005381c60000000000000000000000000000000000
00053a1ce0000000000000000000000000000000000
00053c1e60000000000000000000000000000000000
00053e1ee0000000000000000000000000089892088
0005402060000000000000000000000000000000000
00054220e0000000000000000000000000000000000
0005442260000000000000000000000000000000000
00054622e000000000000000000000000008a8a2088
0005482460000000000000000000000000000000000
00054a24e0000000000000000000000000000000000
00054c2660000000000000000000000000000000000
00054e26e000000000000000000000000008b8b2088
0005502860000000000000000000000000000000000
00055228e0000000000000000000000000000000000
0005542a60000000000000000000000000000000000
0005562ae000000000000000000000000008c8c2088
0005582c60000000000000000000000000000000000
00055a2ce0000000000000000000000000000000000
00055c2e60000000000000000000000000000000000
00055e2ee000000000000000000000000008d8d2088
0005603060000000000000000000000000000000000
00056230e0000000000000000000000000000000000
0005643260000000000000000000000000000000000
00056632e000000000000000000000000008e8e2088
0005683460000000000000000000000000000000000
00056a34e0000000000000000000000000000000000
00056c3660000000000000000000000000000000000
00056e36e000000000000000000000000008f8f2088
0000000000000000000000000000000000000000000
0000000000000000000000000000000000000000000
0000000000000000000000000000000000000000000
0000000000000000000000000000000000090902088
0000000000000000000000000000000000000000000
0000000000000000000000000000000000000000000
0000000000000000000000000000000000000000000
0000000000000000000000000000000000091912088
0000000000000000000000000000000000000000000
0000000000000000000000000000000000000000000
0000000000000000000000000000000000000000000
0000000000000000000000000000000000092922088
0000000000000000000000000000000000000000000
0000000000000000000000000000000000000000000
0000000000000000000000000000000000000000000
0000000000000000000000000000000000093932088
0000000000000000000000000000000000000000000
0000000000000000000000000000000000000000000
0000000000000000000000000000000000000000000
0000000000000000000000000000000000094942088
0000000000000000000000000000000000000000000
0000000000000000000000000000000000000000000
0000000000000000000000000000000000000000000
0000000000000000000000000000000000095952088
0000000000000000000000000000000000000000000
0000000000000000000000000000000000000000000
0000000000000000000000000000000000000000000
0000000000000000000000000000000000096962088
0000000000000000000000000000000000000000000
0000000000000000000000000000000000000000000
0000000000000000000000000000000000000000000
0000000000000000000000000000000000097972088
0000000000000000000000000000000000000000000
0000000000000000000000000000000000000000000
0000000000000000000000000000000000000000000
0000000000000000000000000000000000098982088
0000000000000000000000000000000000000000000
0000000000000000000000000000000000000000000
0000000000000000000000000000000000000000000
0000000000000000000000000000000000099992088
0000000000000000000000000000000000000000000
0000000000000000000000000000000000000000000
0000000000000000000000000000000000000000000
000000000000000000000000000000000009a9a2088
0000000000000000000000000000000000000000000
0000000000000000000000000000000000000000000
0000000000000000000000000000000000000000000
000000000000000000000000000000000009b9b2088
0000000000000000000000000000000000000000000
0000000000000000000000000000000000000000000
0000000000000000000000000000000000000000000
0000000000000000000000000000000000000000000
0000000000000000000000000000000000000000000
0000000000000000000000000000000000000000000
0000000000000000000000000000000000000000000
0000000000000000000000000000000000000000000
0000000000000000000000000000000000000000000
0000000000000000000000000000000000000000000
0000000000000000000000000000000000000000000
0000000000000000000000000000000000000000000
0000000000000000000000000000000000000000000
0000000000000000000000000000000000000000000
0000000000000000000000000000000000000000000
00000000000000000020e0a04200000000000000000
00000000000000000021e1a14200000000000000000
00000000000000000022e2a24200000000000000000
00000000000000000023e3a34200000000000000000
00000000000000000024e4a44200000000000000000
00000000000000000025e5a54200000000000000000
00000000000000000026e6a64200000000000000000
00000000000090107827e7a74200000000000000000
0000000000009090f828e8a84200000000000000000
00000000000091117829e9a94200000000000000000
0000000000009191f82aeaaa4200000000000000000
0000000000009212782bebab4200000000000000000
0000000000009292f82cecac4200000000000000000
0000000000009313782dedad4200000000000000000
0000000000009393f82eeeae4200000000000000000
0000000000009414782fefaf4200000000000000000
0000000000009494f830f0b04200000000000000000
00000000000095157831f1b14200000000000000000
0005703860009595f832f2b24200000000000000000
00057238e00096167833f3b34200000000000000000
0005743a60009696f834f4b44200000000000000000
0005763ae00097177835f5b5420000000009c9c2088
0005783c60009797f836f6b64200000000000000000
00057a3ce00098187837f7b74200000000000000000
00057c3e60009898f80000000000000000000000000
00057e3ee000991978000000000000000009d9d2088
0005804060009999f80000000000000000000000000
00058240e0009a1a780000000000000000000000000
0005844260009a9af80000000000000000000000000
00058642e0009b1b78000000000000000009e9e2088
0005884460009b9bf80000000000000000000000000
00058a44e0000000000000000000000000000000000
00058c4660000000000000000000000000000000000
00058e46e000000000000000000000000009f9f2088
0005904860000000000000000000000000000000000
00059248e0000000000000000000000000000000000
0005944a60000000000000000000000000000000000
0005964ae00000000000000000000000000a0a02088
0005984c60000000000000000000000000000000000
00059a4ce0000000000000000000000000000000000
00059c4e60000000000000000000000000000000000
00059e4ee00000000000000000000000000a1a12088
0005a05060000000000000000000000000000000000
0005a250e0000000000000000000000000000000000
0005a45260000000000000000000000000000000000
0005a652e00000000000000000000000000a2a22088
0005a85460000000000000000000000000000000000
0005aa54e0000000000000000000000000000000000
0005ac5660000000000000000000000000000000000
0005ae56e00000000000000000000000000a3a32088
0005b05860000000000000000000000000000000000
0005b258e0000000000000000000000000000000000
0005b45a60000000000000000000000000000000000
0005b65ae00000000000000000000000000a4a42088
0005b85c60000000000000000000000000000000000
0005ba5ce0000000000000000000000000000000000
0005bc5e60000000000000000000000000000000000
0005be5ee00000000000000000000000000a5a52088
0005c06060000000000000000000000000000000000
0005c260e0000000000000000000000000000000000
0005c46260000000000000000000000000000000000
0005c662e00000000000000000000000000a6a62088
0005c86460000000000000000000000000000000000
0005ca64e0000000000000000000000000000000000
0005cc6660000000000000000000000000000000000
0005ce66e00000000000000000000000000a7a72088
0000000000000000000000000000000000000000000
0000000000000000000000000000000000000000000
0000000000000000000000000000000000000000000
00000000000000000000000000000000000a8a82088
0000000000000000000000000000000000000000000
0000000000000000000000000000000000000000000
0000000000000000000000000000000000000000000
00000000000000000000000000000000000a9a92088
0000000000000000000000000000000000000000000
0000000000000000000000000000000000000000000
0000000000000000000000000000000000000000000
00000000000000000000000000000000000aaaa2088
0000000000000000000000000000000000000000000
0000000000000000000000000000000000000000000
0000000000000000000000000000000000000000000
00000000000000000000000000000000000abab2088
0000000000000000000000000000000000000000000
0000000000000000000000000000000000000000000
0000000000000000000000000000000000000000000
00000000000000000000000000000000000acac2088
0000000000000000000000000000000000000000000
0000000000000000000000000000000000000000000
0000000000000000000000000000000000000000000
00000000000000000000000000000000000adad2088
0000000000000000000000000000000000000000000
0000000000000000000000000000000000000000000
0000000000000000000000000000000000000000000
00000000000000000000000000000000000aeae2088
0000000000000000000000000000000000000000000
0000000000000000000000000000000000000000000
0000000000000000000000000000000000000000000
00000000000000000000000000000000000afaf2088
0000000000000000000000000000000000000000000
0000000000000000000000000000000000000000000
0000000000000000000000000000000000000000000
00000000000000000000000000000000000b0b02088
0000000000000000000000000000000000000000000
0000000000000000000000000000000000000000000
0000000000000000000000000000000000000000000
00000000000000000000000000000000000b1b12088
0000000000000000000000000000000000000000000
0000000000000000000000000000000000000000000
0000000000000000000000000000000000000000000
00000000000000000000000000000000000b2b22088
0000000000000000000000000000000000000000000
0000000000000000000000000000000000000000000
0000000000000000000000000000000000000000000
00000000000000000000000000000000000b3b32088
0000000000000000000000000000000000000000000
0000000000000000000000000000000000000000000
0000000000000000000000000000000000000000000
0000000000000000000000000000000000000000000
0000000000000000000000000000000000000000000
0000000000000000000000000000000000000000000
0000000000000000000000000000000000000000000
0000000000000000000000000000000000000000000
0000000000000000000000000000000000000000000
0000000000000000000000000000000000000000000
0000000000000000000000000000000000000000000
0000000000000000000000000000000000000000000
0000000000000000000000000000000000000000000
0000000000000000000000000000000000000000000
0000000000000000000000000000000000000000000
00000000000000000038f8b84200000000000000000
00000000000000000039f9b94200000000000000000
0000000000000000003afaba4200000000000000000
0000000000000000003bfbbb4200000000000000000
0000000000000000003cfcbc4200000000000000000
0000000000000000003dfdbd4200000000000000000
0000000000000000003efebe4200000000000000000
0000000000009c1c783fffbf4200000000000000000
0000000000009c9cf800c0804200000000000000000
0000000000009d1d7801c1814200000000000000000
0000000000009d9df802c2824200000000000000000
0000000000009e1e7803c3834200000000000000000
0000000000009e9ef804c4844200000000000000000
0000000000009f1f7805c5854200000000000000000
0000000000009f9ff806c6864200000000000000000
000000000000a0007807c7874200000000000000000
000000000000a080f808c8884200000000000000000
000000000000a1017809c9894200000000000000000
0005d0686000a181f80aca8a4200000000000000000
0005d268e000a202780bcb8b4200000000000000000
0005d46a6000a282f80ccc8c4200000000000000000
0005d66ae000a303780dcd8d42000000000b4b42088
0005d86c6000a383f80ece8e4200000000000000000
0005da6ce000a404780fcf8f4200000000000000000
0005dc6e6000a484f80000000000000000000000000
0005de6ee000a5057800000000000000000b5b52088
0005e0706000a585f80000000000000000000000000
0005e270e000a606780000000000000000000000000
0005e4726000a686f80000000000000000000000000
0005e672e000a7077800000000000000000b6b62088
0005e8746000a787f80000000000000000000000000
0005ea74e0000000000000000000000000000000000
0005ec7660000000000000000000000000000000000
0005ee76e00000000000000000000000000b7b72088
0005f07860000000000000000000000000000000000
0005f278e0000000000000000000000000000000000
0005f47a60000000000000000000000000000000000
0005f67ae00000000000000000000000000b8b82088
0005f87c60000000000000000000000000000000000
0005fa7ce0000000000000000000000000000000000
0005fc7e60000000000000000000000000000000000
0005fe7ee00000000000000000000000000b9b92088
0006000060000000000000000000000000000000000
00060200e0000000000000000000000000000000000
0006040260000000000000000000000000000000000
00060602e00000000000000000000000000baba2088
0006080460000000000000000000000000000000000
00060a04e0000000000000000000000000000000000
00060c0660000000000000000000000000000000000
00060e06e00000000000000000000000000bbbb2088
0006100860000000000000000000000000000000000
00061208e0000000000000000000000000000000000
0006140a60000000000000000000000000000000000
0006160ae00000000000000000000000000bcbc2088
0006180c60000000000000000000000000000000000
00061a0ce0000000000000000000000000000000000
00061c0e60000000000000000000000000000000000
00061e0ee00000000000000000000000000bdbd2088
0006201060000000000000000000000000000000000
00062210e0000000000000000000000000000000000
0006241260000000000000000000000000000000000
00062612e00000000000000000000000000bebe2088
0006281460000000000000000000000000000000000
00062a14e0000000000000000000000000000000000
00062c1660000000000000000000000000000000000
00062e16e00000000000000000000000000bfbf2088
0000000000000000000000000000000000000000000
0000000000000000000000000000000000000000000
0000000000000000000000000000000000000000000
0000000000000000000000000000000000080802088
0000000000000000000000000000000000000000000
0000000000000000000000000000000000000000000
0000000000000000000000000000000000000000000
0000000000000000000000000000000000081812088
0000000000000000000000000000000000000000000
0000000000000000000000000000000000000000000
0000000000000000000000000000000000000000000
0000000000000000000000000000000000082822088
0000000000000000000000000000000000000000000
0000000000000000000000000000000000000000000
0000000000000000000000000000000000000000000
0000000000000000000000000000000000083832088
0000000000000000000000000000000000000000000
0000000000000000000000000000000000000000000
0000000000000000000000000000000000000000000
0000000000000000000000000000000000084842088
0000000000000000000000000000000000000000000
0000000000000000000000000000000000000000000
0000000000000000000000000000000000000000000
0000000000000000000000000000000000085852088
0000000000000000000000000000000000000000000
0000000000000000000000000000000000000000000
0000000000000000000000000000000000000000000
0000000000000000000000000000000000086862088
0000000000000000000000000000000000000000000
0000000000000000000000000000000000000000000
0000000000000000000000000000000000000000000
0000000000000000000000000000000000087872088
0000000000000000000000000000000000000000000
0000000000000000000000000000000000000000000
0000000000000000000000000000000000000000000
0000000000000000000000000000000000088882088
0000000000000000000000000000000000000000000
0000000000000000000000000000000000000000000
0000000000000000000000000000000000000000000
0000000000000000000000000000000000089892088
0000000000000000000000000000000000000000000
0000000000000000000000000000000000000000000
0000000000000000000000000000000000000000000
000000000000000000000000000000000008a8a2088
0000000000000000000000000000000000000000000
0000000000000000000000000000000000000000000
0000000000000000000000000000000000000000000
000000000000000000000000000000000008b8b2088
0000000000000000000000000000000000000000000
0000000000000000000000000000000000000000000
0000000000000000000000000000000000000000000
0000000000000000000000000000000000000000000
0000000000000000000000000000000000000000000
0000000000000000000000000000000000000000000
0000000000000000000000000000000000000000000
0000000000000000000000000000000000000000000
0000000000000000000000000000000000000000000
0000000000000000000000000000000000000000000
0000000000000000000000000000000000000000000
0000000000000000000000000000000000000000000
0000000000000000000000000000000000000000000
0000000000000000000000000000000000000000000
0000000000000000000000000000000000000000000
00000000000000000010d0904200000000000000000
00000000000000000011d1914200000000000000000
00000000000000000012d2924200000000000000000
00000000000000000013d3934200000000000000000
00000000000000000014d4944200000000000000000
00000000000000000015d5954200000000000000000
00000000000000000016d6964200000000000000000
000000000000a8087817d7974200000000000000000
000000000000a888f818d8984200000000000000000
000000000000a9097819d9994200000000000000000
000000000000a989f81ada9a4200000000000000000
000000000000aa0a781bdb9b4200000000000000000
000000000000aa8af81cdc9c4200000000000000000
000000000000ab0b781ddd9d4200000000000000000
000000000000ab8bf81ede9e4200000000000000000
000000000000ac0c781fdf9f4200000000000000000
000000000000ac8cf820e0a04200000000000000000
000000000000ad0d7821e1a14200000000000000000
000630186000ad8df822e2a24200000000000000000
00063218e000ae0e7823e3a34200000000000000000
0006341a6000ae8ef824e4a44200000000000000000
0006361ae000af0f7825e5a5420000000008c8c2088
0006381c6000af8ff826e6a64200000000000000000
00063a1ce000b0107827e7a74200000000000000000
00063c1e6000b090f80000000000000000000000000
00063e1ee000b11178000000000000000008d8d2088
000640206000b191f80000000000000000000000000
00064220e000b212780000000000000000000000000
000644226000b292f80000000000000000000000000
00064622e000b31378000000000000000008e8e2088
000648246000b393f80000000000000000000000000
00064a24e0000000000000000000000000000000000
00064c2660000000000000000000000000000000000
00064e26e000000000000000000000000008f8f2088
0006502860000000000000000000000000000000000
00065228e0000000000000000000000000000000000
0006542a60000000000000000000000000000000000
0006562ae0000000000000000000000000090902088
0006582c60000000000000000000000000000000000
00065a2ce0000000000000000000000000000000000
00065c2e60000000000000000000000000000000000
00065e2ee0000000000000000000000000091912088
0006603060000000000000000000000000000000000
00066230e0000000000000000000000000000000000
0006643260000000000000000000000000000000000
00066632e0000000000000000000000000092922088
0006683460000000000000000000000000000000000
00066a34e0000000000000000000000000000000000
00066c3660000000000000000000000000000000000
00066e36e0000000000000000000000000093932088
0006703860000000000000000000000000000000000
00067238e0000000000000000000000000000000000
0006743a60000000000000000000000000000000000
0006763ae0000000000000000000000000094942088
0006783c60000000000000000000000000000000000
00067a3ce0000000000000000000000000000000000
00067c3e60000000000000000000000000000000000
00067e3ee0000000000000000000000000095952088
0006804060000000000000000000000000000000000
00068240e0000000000000000000000000000000000
0006844260000000000000000000000000000000000
00068642e0000000000000000000000000096962088
0006884460000000000000000000000000000000000
00068a44e0000000000000000000000000000000000
00068c4660000000000000000000000000000000000
00068e46e0000000000000000000000000097972088
0000000000000000000000000000000000000000000
0000000000000000000000000000000000000000000
0000000000000000000000000000000000000000000
0000000000000000000000000000000000098982088
0000000000000000000000000000000000000000000
0000000000000000000000000000000000000000000
0000000000000000000000000000000000000000000
0000000000000000000000000000000000099992088
0000000000000000000000000000000000000000000
0000000000000000000000000000000000000000000
0000000000000000000000000000000000000000000
000000000000000000000000000000000009a9a2088
0000000000000000000000000000000000000000000
0000000000000000000000000000000000000000000
0000000000000000000000000000000000000000000
000000000000000000000000000000000009b9b2088
0000000000000000000000000000000000000000000
0000000000000000000000000000000000000000000
0000000000000000000000000000000000000000000
000000000000000000000000000000000009c9c2088
0000000000000000000000000000000000000000000
0000000000000000000000000000000000000000000
0000000000000000000000000000000000000000000
000000000000000000000000000000000009d9d2088
0000000000000000000000000000000000000000000
0000000000000000000000000000000000000000000
0000000000000000000000000000000000000000000
000000000000000000000000000000000009e9e2088
0000000000000000000000000000000000000000000
0000000000000000000000000000000000000000000
0000000000000000000000000000000000000000000
000000000000000000000000000000000009f9f2088
0000000000000000000000000000000000000000000
0000000000000000000000000000000000000000000
0000000000000000000000000000000000000000000
00000000000000000000000000000000000a0a02088
0000000000000000000000000000000000000000000
0000000000000000000000000000000000000000000
0000000000000000000000000000000000000000000
00000000000000000000000000000000000a1a12088
0000000000000000000000000000000000000000000
0000000000000000000000000000000000000000000
0000000000000000000000000000000000000000000
00000000000000000000000000000000000a2a22088
0000000000000000000000000000000000000000000
0000000000000000000000000000000000000000000
0000000000000000000000000000000000000000000
00000000000000000000000000000000000a3a32088
0000000000000000000000000000000000000000000
0000000000000000000000000000000000000000000
0000000000000000000000000000000000000000000
0000000000000000000000000000000000000000000
0000000000000000000000000000000000000000000
0000000000000000000000000000000000000000000
0000000000000000000000000000000000000000000
0000000000000000000000000000000000000000000
0000000000000000000000000000000000000000000
0000000000000000000000000000000000000000000
0000000000000000000000000000000000000000000
0000000000000000000000000000000000000000000
0000000000000000000000000000000000000000000
0000000000000000000000000000000000000000000
0000000000000000000000000000000000000000000
00000000000000000028e8a84200000000000000000
00000000000000000029e9a94200000000000000000
0000000000000000002aeaaa4200000000000000000
0000000000000000002bebab4200000000000000000
0000000000000000002cecac4200000000000000000
0000000000000000002dedad4200000000000000000
0000000000000000002eeeae4200000000000000000
000000000000b414782fefaf4200000000000000000
000000000000b494f830f0b04200000000000000000
000000000000b5157831f1b14200000000000000000
000000000000b595f832f2b24200000000000000000
000000000000b6167833f3b34200000000000000000
000000000000b696f834f4b44200000000000000000
000000000000b7177835f5b54200000000000000000
000000000000b797f836f6b64200000000000000000
000000000000b8187837f7b74200000000000000000
000000000000b898f838f8b84200000000000000000
000000000000b9197839f9b94200000000000000000
000690486000b999f83afaba4200000000000000000
00069248e000ba1a783bfbbb4200000000000000000
0006944a6000ba9af83cfcbc4200000000000000000
0006964ae000bb1b783dfdbd42000000000a4a42088
0006984c6000bb9bf83efebe4200000000000000000
00069a4ce000bc1c783fffbf4200000000000000000
00069c4e6000bc9cf80000000000000000000000000
00069e4ee000bd1d7800000000000000000a5a52088
0006a0506000bd9df80000000000000000000000000
0006a250e000be1e780000000000000000000000000
0006a4526000be9ef80000000000000000000000000
0006a652e000bf1f7800000000000000000a6a62088
0006a8546000bf9ff80000000000000000000000000
0006aa54e0000000000000000000000000000000000
0006ac5660000000000000000000000000000000000
0006ae56e00000000000000000000000000a7a72088
0006b05860000000000000000000000000000000000
0006b258e0000000000000000000000000000000000
0006b45a60000000000000000000000000000000000
0006b65ae00000000000000000000000000a8a82088
0006b85c60000000000000000000000000000000000
0006ba5ce0000000000000000000000000000000000
0006bc5e60000000000000000000000000000000000
0006be5ee00000000000000000000000000a9a92088
0006c06060000000000000000000000000000000000
0006c260e0000000000000000000000000000000000
0006c46260000000000000000000000000000000000
0006c662e00000000000000000000000000aaaa2088
0006c86460000000000000000000000000000000000
0006ca64e0000000000000000000000000000000000
0006cc6660000000000000000000000000000000000
0006ce66e00000000000000000000000000abab2088
0006d06860000000000000000000000000000000000
0006d268e0000000000000000000000000000000000
0006d46a60000000000000000000000000000000000
0006d66ae00000000000000000000000000acac2088
0006d86c60000000000000000000000000000000000
0006da6ce0000000000000000000000000000000000
0006dc6e60000000000000000000000000000000000
0006de6ee00000000000000000000000000adad2088
0006e07060000000000000000000000000000000000
0006e270e0000000000000000000000000000000000
0006e47260000000000000000000000000000000000
0006e672e00000000000000000000000000aeae2088
0006e87460000000000000000000000000000000000
0006ea74e0000000000000000000000000000000000
0006ec7660000000000000000000000000000000000
0006ee76e00000000000000000000000000afaf2088
0000000000000000000000000000000000000000000
0000000000000000000000000000000000000000000
0000000000000000000000000000000000000000000
00000000000000000000000000000000000b0b02088
0000000000000000000000000000000000000000000
0000000000000000000000000000000000000000000
0000000000000000000000000000000000000000000
00000000000000000000000000000000000b1b12088
0000000000000000000000000000000000000000000
0000000000000000000000000000000000000000000
0000000000000000000000000000000000000000000
00000000000000000000000000000000000b2b22088
0000000000000000000000000000000000000000000
0000000000000000000000000000000000000000000
0000000000000000000000000000000000000000000
00000000000000000000000000000000000b3b32088
0000000000000000000000000000000000000000000
0000000000000000000000000000000000000000000
0000000000000000000000000000000000000000000
00000000000000000000000000000000000b4b42088
0000000000000000000000000000000000000000000
0000000000000000000000000000000000000000000
0000000000000000000000000000000000000000000
00000000000000000000000000000000000b5b52088
0000000000000000000000000000000000000000000
0000000000000000000000000000000000000000000
0000000000000000000000000000000000000000000
00000000000000000000000000000000000b6b62088
0000000000000000000000000000000000000000000
0000000000000000000000000000000000000000000
0000000000000000000000000000000000000000000
00000000000000000000000000000000000b7b72088
0000000000000000000000000000000000000000000
0000000000000000000000000000000000000000000
0000000000000000000000000000000000000000000
00000000000000000000000000000000000b8b82088
0000000000000000000000000000000000000000000
0000000000000000000000000000000000000000000
0000000000000000000000000000000000000000000
00000000000000000000000000000000000b9b92088
0000000000000000000000000000000000000000000
0000000000000000000000000000000000000000000
0000000000000000000000000000000000000000000
00000000000000000000000000000000000baba2088
0000000000000000000000000000000000000000000
0000000000000000000000000000000000000000000
0000000000000000000000000000000000000000000
00000000000000000000000000000000000bbbb2088
0000000000000000000000000000000000000000000
0000000000000000000000000000000000000000000
0000000000000000000000000000000000000000000
0000000000000000000000000000000000000000000
0000000000000000000000000000000000000000000
0000000000000000000000000000000000000000000
0000000000000000000000000000000000000000000
0000000000000000000000000000000000000000000
0000000000000000000000000000000000000000000
0000000000000000000000000000000000000000000
0000000000000000000000000000000000000000000
0000000000000000000000000000000000000000000
0000000000000000000000000000000000000000000
0000000000000000000000000000000000000000000
0000000000000000000000000000000000000000000
00000000000000000000c0804200000000000000000
00000000000000000001c1814200000000000000000
00000000000000000002c2824200000000000000000
00000000000000000003c3834200000000000000000
00000000000000000004c4844200000000000000000
00000000000000000005c5854200000000000000000
00000000000000000006c6864200000000000000000
000000000000c0007807c7874200000000000000000
000000000000c080f808c8884200000000000000000
000000000000c1017809c9894200000000000000000
000000000000c181f80aca8a4200000000000000000
000000000000c202780bcb8b4200000000000000000
000000000000c282f80ccc8c4200000000000000000
000000000000c303780dcd8d4200000000000000000
000000000000c383f80ece8e4200000000000000000
000000000000c404780fcf8f4200000000000000000
000000000000c484f810d0904200000000000000000
000000000000c5057811d1914200000000000000000
0006f0786000c585f812d2924200000000000000000
0006f278e000c6067813d3934200000000000000000
0006f47a6000c686f814d4944200000000000000000
0006f67ae000c7077815d59542000000000bcbc2088
0006f87c6000c787f816d6964200000000000000000
0006fa7ce000c8087817d7974200000000000000000
0006fc7e6000c888f80000000000000000000000000
0006fe7ee000c9097800000000000000000bdbd2088
000700006000c989f80000000000000000000000000
00070200e000ca0a780000000000000000000000000
000704026000ca8af80000000000000000000000000
00070602e000cb0b7800000000000000000bebe2088
000708046000cb8bf80000000000000000000000000
00070a04e0000000000000000000000000000000000
00070c0660000000000000000000000000000000000
00070e06e00000000000000000000000000bfbf2088
0007100860000000000000000000000000000000000
00071208e0000000000000000000000000000000000
0007140a60000000000000000000000000000000000
0007160ae0000000000000000000000000080802088
0007180c60000000000000000000000000000000000
00071a0ce0000000000000000000000000000000000
00071c0e60000000000000000000000000000000000
00071e0ee0000000000000000000000000081812088
0007201060000000000000000000000000000000000
00072210e0000000000000000000000000000000000
0007241260000000000000000000000000000000000
00072612e0000000000000000000000000082822088
0007281460000000000000000000000000000000000
00072a14e0000000000000000000000000000000000
00072c1660000000000000000000000000000000000
00072e16e0000000000000000000000000083832088
0007301860000000000000000000000000000000000
00073218e0000000000000000000000000000000000
0007341a60000000000000000000000000000000000
0007361ae0000000000000000000000000084842088
0007381c60000000000000000000000000000000000
00073a1ce0000000000000000000000000000000000
00073c1e60000000000000000000000000000000000
00073e1ee0000000000000000000000000085852088
0007402060000000000000000000000000000000000
00074220e0000000000000000000000000000000000
0007442260000000000000000000000000000000000
00074622e0000000000000000000000000086862088
0007482460000000000000000000000000000000000
00074a24e0000000000000000000000000000000000
00074c2660000000000000000000000000000000000
00074e26e0000000000000000000000000087872088
0000000000000000000000000000000000000000000
0000000000000000000000000000000000000000000
0000000000000000000000000000000000000000000
0000000000000000000000000000000000088882088
0000000000000000000000000000000000000000000
0000000000000000000000000000000000000000000
0000000000000000000000000000000000000000000
0000000000000000000000000000000000089892088
0000000000000000000000000000000000000000000
0000000000000000000000000000000000000000000
0000000000000000000000000000000000000000000
000000000000000000000000000000000008a8a2088
0000000000000000000000000000000000000000000
0000000000000000000000000000000000000000000
0000000000000000000000000000000000000000000
000000000000000000000000000000000008b8b2088
0000000000000000000000000000000000000000000
0000000000000000000000000000000000000000000
0000000000000000000000000000000000000000000
000000000000000000000000000000000008c8c2088
0000000000000000000000000000000000000000000
0000000000000000000000000000000000000000000
0000000000000000000000000000000000000000000
000000000000000000000000000000000008d8d2088
0000000000000000000000000000000000000000000
0000000000000000000000000000000000000000000
0000000000000000000000000000000000000000000
000000000000000000000000000000000008e8e2088
0000000000000000000000000000000000000000000
0000000000000000000000000000000000000000000
0000000000000000000000000000000000000000000
000000000000000000000000000000000008f8f2088
0000000000000000000000000000000000000000000
0000000000000000000000000000000000000000000
0000000000000000000000000000000000000000000
0000000000000000000000000000000000090902088
0000000000000000000000000000000000000000000
0000000000000000000000000000000000000000000
0000000000000000000000000000000000000000000
0000000000000000000000000000000000091912088
0000000000000000000000000000000000000000000
0000000000000000000000000000000000000000000
0000000000000000000000000000000000000000000
0000000000000000000000000000000000092922088
0000000000000000000000000000000000000000000
0000000000000000000000000000000000000000000
0000000000000000000000000000000000000000000
0000000000000000000000000000000000093932088
0000000000000000000000000000000000000000000
0000000000000000000000000000000000000000000
0000000000000000000000000000000000000000000
0000000000000000000000000000000000000000000
0000000000000000000000000000000000000000000
0000000000000000000000000000000000000000000
0000000000000000000000000000000000000000000
0000000000000000000000000000000000000000000
0000000000000000000000000000000000000000000
0000000000000000000000000000000000000000000
0000000000000000000000000000000000000000000
0000000000000000000000000000000000000000000
0000000000000000000000000000000000000000000
0000000000000000000000000000000000000000000
0000000000000000000000000000000000000000000
00000000000000000018d8984200000000000000000
00000000000000000019d9994200000000000000000
0000000000000000001ada9a4200000000000000000
0000000000000000001bdb9b4200000000000000000
0000000000000000001cdc9c4200000000000000000
0000000000000000001ddd9d4200000000000000000
0000000000000000001ede9e4200000000000000000
000000000000cc0c781fdf9f4200000000000000000
000000000000cc8cf820e0a04200000000000000000
000000000000cd0d7821e1a14200000000000000000
000000000000cd8df822e2a24200000000000000000
000000000000ce0e7823e3a34200000000000000000
000000000000ce8ef824e4a44200000000000000000
000000000000cf0f7825e5a54200000000000000000
000000000000cf8ff826e6a64200000000000000000
000000000000d0107827e7a74200000000000000000
000000000000d090f828e8a84200000000000000000
000000000000d1117829e9a94200000000000000000
000750286000d191f82aeaaa4200000000000000000
00075228e000d212782bebab4200000000000000000
0007542a6000d292f82cecac4200000000000000000
0007562ae000d313782dedad4200000000094942088
0007582c6000d393f82eeeae4200000000000000000
00075a2ce000d414782fefaf4200000000000000000
00075c2e6000d494f80000000000000000000000000
00075e2ee000d515780000000000000000095952088
000760306000d595f80000000000000000000000000
00076230e000d616780000000000000000000000000
000764326000d696f80000000000000000000000000
00076632e000d717780000000000000000096962088
000768346000d797f80000000000000000000000000
00076a34e0000000000000000000000000000000000
00076c3660000000000000000000000000000000000
00076e36e0000000000000000000000000097972088
0007703860000000000000000000000000000000000
00077238e0000000000000000000000000000000000
0007743a60000000000000000000000000000000000
0007763ae0000000000000000000000000098982088
0007783c60000000000000000000000000000000000
00077a3ce0000000000000000000000000000000000
00077c3e60000000000000000000000000000000000
00077e3ee0000000000000000000000000099992088
0007804060000000000000000000000000000000000
00078240e0000000000000000000000000000000000
0007844260000000000000000000000000000000000
00078642e000000000000000000000000009a9a2088
0007884460000000000000000000000000000000000
00078a44e0000000000000000000000000000000000
00078c4660000000000000000000000000000000000
00078e46e000000000000000000000000009b9b2088
0007904860000000000000000000000000000000000
00079248e0000000000000000000000000000000000
0007944a60000000000000000000000000000000000
0007964ae000000000000000000000000009c9c2088
0007984c60000000000000000000000000000000000
00079a4ce0000000000000000000000000000000000
00079c4e60000000000000000000000000000000000
00079e4ee000000000000000000000000009d9d2088
0007a05060000000000000000000000000000000000
0007a250e0000000000000000000000000000000000
0007a45260000000000000000000000000000000000
0007a652e000000000000000000000000009e9e2088
0007a85460000000000000000000000000000000000
0007aa54e0000000000000000000000000000000000
0007ac5660000000000000000000000000000000000
0007ae56e000000000000000000000000009f9f2088
0000000000000000000000000000000000000000000
0000000000000000000000000000000000000000000
0000000000000000000000000000000000000000000
00000000000000000000000000000000000a0a02088
0000000000000000000000000000000000000000000
0000000000000000000000000000000000000000000
0000000000000000000000000000000000000000000
00000000000000000000000000000000000a1a12088
0000000000000000000000000000000000000000000
0000000000000000000000000000000000000000000
0000000000000000000000000000000000000000000
00000000000000000000000000000000000a2a22088
0000000000000000000000000000000000000000000
0000000000000000000000000000000000000000000
0000000000000000000000000000000000000000000
00000000000000000000000000000000000a3a32088
0000000000000000000000000000000000000000000
0000000000000000000000000000000000000000000
0000000000000000000000000000000000000000000
00000000000000000000000000000000000a4a42088
0000000000000000000000000000000000000000000
0000000000000000000000000000000000000000000
0000000000000000000000000000000000000000000
00000000000000000000000000000000000a5a52088
0000000000000000000000000000000000000000000
0000000000000000000000000000000000000000000
0000000000000000000000000000000000000000000
00000000000000000000000000000000000a6a62088
0000000000000000000000000000000000000000000
0000000000000000000000000000000000000000000
0000000000000000000000000000000000000000000
00000000000000000000000000000000000a7a72088
0000000000000000000000000000000000000000000
0000000000000000000000000000000000000000000
0000000000000000000000000000000000000000000
00000000000000000000000000000000000a8a82088
0000000000000000000000000000000000000000000
0000000000000000000000000000000000000000000
0000000000000000000000000000000000000000000
00000000000000000000000000000000000a9a92088
0000000000000000000000000000000000000000000
0000000000000000000000000000000000000000000
0000000000000000000000000000000000000000000
00000000000000000000000000000000000aaaa2088
0000000000000000000000000000000000000000000
0000000000000000000000000000000000000000000
0000000000000000000000000000000000000000000
00000000000000000000000000000000000abab2088
0000000000000000000000000000000000000000000
0000000000000000000000000000000000000000000
0000000000000000000000000000000000000000000
0000000000000000000000000000000000000000000
0000000000000000000000000000000000000000000
0000000000000000000000000000000000000000000
0000000000000000000000000000000000000000000
0000000000000000000000000000000000000000000
0000000000000000000000000000000000000000000
0000000000000000000000000000000000000000000
0000000000000000000000000000000000000000000
0000000000000000000000000000000000000000000
0000000000000000000000000000000000000000000
0000000000000000000000000000000000000000000
0000000000000000000000000000000000000000000
00000000000000000030f0b04200000000000000000
00000000000000000031f1b14200000000000000000
00000000000000000032f2b24200000000000000000
00000000000000000033f3b34200000000000000000
00000000000000000034f4b44200000000000000000
00000000000000000035f5b54200000000000000000
00000000000000000036f6b64200000000000000000
000000000000d8187837f7b74200000000000000000
000000000000d898f838f8b84200000000000000000
000000000000d9197839f9b94200000000000000000
000000000000d999f83afaba4200000000000000000
000000000000da1a783bfbbb4200000000000000000
000000000000da9af83cfcbc4200000000000000000
000000000000db1b783dfdbd4200000000000000000
000000000000db9bf83efebe4200000000000000000
000000000000dc1c783fffbf4200000000000000000
000000000000dc9cf800c0804200000000000000000
000000000000dd1d7801c1814200000000000000000
0007b0586000dd9df802c2824200000000000000000
0007b258e000de1e7803c3834200000000000000000
0007b45a6000de9ef804c4844200000000000000000
0007b65ae000df1f7805c58542000000000acac2088
0007b85c6000df9ff806c6864200000000000000000
0007ba5ce000e0007807c7874200000000000000000
0007bc5e6000e080f80000000000000000000000000
0007be5ee000e1017800000000000000000adad2088
0007c0606000e181f80000000000000000000000000
0007c260e000e202780000000000000000000000000
0007c4626000e282f80000000000000000000000000
0007c662e000e3037800000000000000000aeae2088
0007c8646000e383f80000000000000000000000000
0007ca64e0000000000000000000000000000000000
0007cc6660000000000000000000000000000000000
0007ce66e00000000000000000000000000afaf2088
0007d06860000000000000000000000000000000000
0007d268e0000000000000000000000000000000000
0007d46a60000000000000000000000000000000000
0007d66ae00000000000000000000000000b0b02088
0007d86c60000000000000000000000000000000000
0007da6ce0000000000000000000000000000000000
0007dc6e60000000000000000000000000000000000
0007de6ee00000000000000000000000000b1b12088
0007e07060000000000000000000000000000000000
0007e270e0000000000000000000000000000000000
0007e47260000000000000000000000000000000000
0007e672e00000000000000000000000000b2b22088
0007e87460000000000000000000000000000000000
0007ea74e0000000000000000000000000000000000
0007ec7660000000000000000000000000000000000
0007ee76e00000000000000000000000000b3b32088
0007f07860000000000000000000000000000000000
0007f278e0000000000000000000000000000000000
0007f47a60000000000000000000000000000000000
0007f67ae00000000000000000000000000b4b42088
0007f87c60000000000000000000000000000000000
0007fa7ce0000000000000000000000000000000000
0007fc7e60000000000000000000000000000000000
0007fe7ee00000000000000000000000000b5b52088
0008000060000000000000000000000000000000000
00080200e0000000000000000000000000000000000
0008040260000000000000000000000000000000000
00080602e00000000000000000000000000b6b62088
0008080460000000000000000000000000000000000
00080a04e0000000000000000000000000000000000
00080c0660000000000000000000000000000000000
00080e06e00000000000000000000000000b7b72088
0000000000000000000000000000000000000000000
0000000000000000000000000000000000000000000
0000000000000000000000000000000000000000000
00000000000000000000000000000000000b8b82088
0000000000000000000000000000000000000000000
0000000000000000000000000000000000000000000
0000000000000000000000000000000000000000000
00000000000000000000000000000000000b9b92088
0000000000000000000000000000000000000000000
0000000000000000000000000000000000000000000
0000000000000000000000000000000000000000000
00000000000000000000000000000000000baba2088
0000000000000000000000000000000000000000000
0000000000000000000000000000000000000000000
0000000000000000000000000000000000000000000
00000000000000000000000000000000000bbbb2088
0000000000000000000000000000000000000000000
0000000000000000000000000000000000000000000
0000000000000000000000000000000000000000000
00000000000000000000000000000000000bcbc2088
0000000000000000000000000000000000000000000
0000000000000000000000000000000000000000000
0000000000000000000000000000000000000000000
00000000000000000000000000000000000bdbd2088
0000000000000000000000000000000000000000000
0000000000000000000000000000000000000000000
0000000000000000000000000000000000000000000
00000000000000000000000000000000000bebe2088
0000000000000000000000000000000000000000000
0000000000000000000000000000000000000000000
0000000000000000000000000000000000000000000
00000000000000000000000000000000000bfbf2088
0000000000000000000000000000000000000000000
0000000000000000000000000000000000000000000
0000000000000000000000000000000000000000000
0000000000000000000000000000000000080802088
0000000000000000000000000000000000000000000
0000000000000000000000000000000000000000000
0000000000000000000000000000000000000000000
0000000000000000000000000000000000081812088
0000000000000000000000000000000000000000000
0000000000000000000000000000000000000000000
0000000000000000000000000000000000000000000
0000000000000000000000000000000000082822088
0000000000000000000000000000000000000000000
0000000000000000000000000000000000000000000
0000000000000000000000000000000000000000000
0000000000000000000000000000000000083832088
0000000000000000000000000000000000000000000
0000000000000000000000000000000000000000000
0000000000000000000000000000000000000000000
0000000000000000000000000000000000000000000
0000000000000000000000000000000000000000000
0000000000000000000000000000000000000000000
0000000000000000000000000000000000000000000
0000000000000000000000000000000000000000000
0000000000000000000000000000000000000000000
0000000000000000000000000000000000000000000
0000000000000000000000000000000000000000000
0000000000000000000000000000000000000000000
0000000000000000000000000000000000000000000
0000000000000000000000000000000000000000000
0000000000000000000000000000000000000000000
00000000000000000008c8884200000000000000000
00000000000000000009c9894200000000000000000
0000000000000000000aca8a4200000000000000000
0000000000000000000bcb8b4200000000000000000
0000000000000000000ccc8c4200000000000000000
0000000000000000000dcd8d4200000000000000000
0000000000000000000ece8e4200000000000000000
000000000000e404780fcf8f4200000000000000000
000000000000e484f810d0904200000000000000000
000000000000e5057811d1914200000000000000000
000000000000e585f812d2924200000000000000000
000000000000e6067813d3934200000000000000000
000000000000e686f814d4944200000000000000000
000000000000e7077815d5954200000000000000000
000000000000e787f816d6964200000000000000000
000000000000e8087817d7974200000000000000000
000000000000e888f818d8984200000000000000000
000000000000e9097819d9994200000000000000000
000810086000e989f81ada9a4200000000000000000
00081208e000ea0a781bdb9b4200000000000000000
0008140a6000ea8af81cdc9c4200000000000000000
0008160ae000eb0b781ddd9d4200000000084842088
0008180c6000eb8bf81ede9e4200000000000000000
00081a0ce000ec0c781fdf9f4200000000000000000
00081c0e6000ec8cf80000000000000000000000000
00081e0ee000ed0d780000000000000000085852088
000820106000ed8df80000000000000000000000000
00082210e000ee0e780000000000000000000000000
000824126000ee8ef80000000000000000000000000
00082612e000ef0f780000000000000000086862088
000828146000ef8ff80000000000000000000000000
00082a14e0000000000000000000000000000000000
00082c1660000000000000000000000000000000000
00082e16e0000000000000000000000000087872088
0008301860000000000000000000000000000000000
00083218e0000000000000000000000000000000000
0008341a60000000000000000000000000000000000
0008361ae0000000000000000000000000088882088
0008381c60000000000000000000000000000000000
00083a1ce0000000000000000000000000000000000
00083c1e60000000000000000000000000000000000
00083e1ee0000000000000000000000000089892088
0008402060000000000000000000000000000000000
00084220e0000000000000000000000000000000000
0008442260000000000000000000000000000000000
00084622e000000000000000000000000008a8a2088
0008482460000000000000000000000000000000000
00084a24e0000000000000000000000000000000000
00084c2660000000000000000000000000000000000
00084e26e000000000000000000000000008b8b2088
0008502860000000000000000000000000000000000
00085228e0000000000000000000000000000000000
0008542a60000000000000000000000000000000000
0008562ae000000000000000000000000008c8c2088
0008582c60000000000000000000000000000000000
00085a2ce0000000000000000000000000000000000
00085c2e60000000000000000000000000000000000
00085e2ee000000000000000000000000008d8d2088
0008603060000000000000000000000000000000000
00086230e0000000000000000000000000000000000
0008643260000000000000000000000000000000000
00086632e000000000000000000000000008e8e2088
0008683460000000000000000000000000000000000
00086a34e0000000000000000000000000000000000
00086c3660000000000000000000000000000000000
00086e36e000000000000000000000000008f8f2088
0000000000000000000000000000000000000000000
0000000000000000000000000000000000000000000
0000000000000000000000000000000000000000000
0000000000000000000000000000000000090902088
0000000000000000000000000000000000000000000
0000000000000000000000000000000000000000000
0000000000000000000000000000000000000000000
0000000000000000000000000000000000091912088
0000000000000000000000000000000000000000000
0000000000000000000000000000000000000000000
0000000000000000000000000000000000000000000
0000000000000000000000000000000000092922088
0000000000000000000000000000000000000000000
0000000000000000000000000000000000000000000
0000000000000000000000000000000000000000000
0000000000000000000000000000000000093932088
0000000000000000000000000000000000000000000
0000000000000000000000000000000000000000000
0000000000000000000000000000000000000000000
0000000000000000000000000000000000094942088
0000000000000000000000000000000000000000000
0000000000000000000000000000000000000000000
0000000000000000000000000000000000000000000
0000000000000000000000000000000000095952088
0000000000000000000000000000000000000000000
0000000000000000000000000000000000000000000
0000000000000000000000000000000000000000000
0000000000000000000000000000000000096962088
0000000000000000000000000000000000000000000
0000000000000000000000000000000000000000000
0000000000000000000000000000000000000000000
0000000000000000000000000000000000097972088
0000000000000000000000000000000000000000000
0000000000000000000000000000000000000000000
0000000000000000000000000000000000000000000
0000000000000000000000000000000000098982088
0000000000000000000000000000000000000000000
0000000000000000000000000000000000000000000
0000000000000000000000000000000000000000000
0000000000000000000000000000000000099992088
0000000000000000000000000000000000000000000
0000000000000000000000000000000000000000000
0000000000000000000000000000000000000000000
000000000000000000000000000000000009a9a2088
0000000000000000000000000000000000000000000
0000000000000000000000000000000000000000000
0000000000000000000000000000000000000000000
000000000000000000000000000000000009b9b2088
0000000000000000000000000000000000000000000
0000000000000000000000000000000000000000000
0000000000000000000000000000000000000000000
0000000000000000000000000000000000000000000
0000000000000000000000000000000000000000000
0000000000000000000000000000000000000000000
0000000000000000000000000000000000000000000
0000000000000000000000000000000000000000000
0000000000000000000000000000000000000000000
0000000000000000000000000000000000000000000
0000000000000000000000000000000000000000000
0000000000000000000000000000000000000000000
0000000000000000000000000000000000000000000
0000000000000000000000000000000000000000000
0000000000000000000000000000000000000000000
00000000000000000020e0a04200000000000000000
00000000000000000021e1a14200000000000000000
00000000000000000022e2a24200000000000000000
00000000000000000023e3a34200000000000000000
00000000000000000024e4a44200000000000000000
00000000000000000025e5a54200000000000000000
00000000000000000026e6a64200000000000000000
000000000000f0107827e7a74200000000000000000
000000000000f090f828e8a84200000000000000000
000000000000f1117829e9a94200000000000000000
000000000000f191f82aeaaa4200000000000000000
000000000000f212782bebab4200000000000000000
000000000000f292f82cecac4200000000000000000
000000000000f313782dedad4200000000000000000
000000000000f393f82eeeae4200000000000000000
000000000000f414782fefaf4200000000000000000
000000000000f494f830f0b04200000000000000000
000000000000f5157831f1b14200000000000000000
000870386000f595f832f2b24200000000000000000
00087238e000f6167833f3b34200000000000000000
0008743a6000f696f834f4b44200000000000000000
0008763ae000f7177835f5b5420000000009c9c2088
0008783c6000f797f836f6b64200000000000000000
00087a3ce000f8187837f7b74200000000000000000
00087c3e6000f898f80000000000000000000000000
00087e3ee000f91978000000000000000009d9d2088
000880406000f999f80000000000000000000000000
00088240e000fa1a780000000000000000000000000
000884426000fa9af80000000000000000000000000
00088642e000fb1b78000000000000000009e9e2088
000888446000fb9bf80000000000000000000000000
00088a44e0000000000000000000000000000000000
00088c4660000000000000000000000000000000000
00088e46e000000000000000000000000009f9f2088
0008904860000000000000000000000000000000000
00089248e0000000000000000000000000000000000
0008944a60000000000000000000000000000000000
0008964ae00000000000000000000000000a0a02088
0008984c60000000000000000000000000000000000
00089a4ce0000000000000000000000000000000000
00089c4e60000000000000000000000000000000000
00089e4ee00000000000000000000000000a1a12088
0008a05060000000000000000000000000000000000
0008a250e0000000000000000000000000000000000
0008a45260000000000000000000000000000000000
0008a652e00000000000000000000000000a2a22088
0008a85460000000000000000000000000000000000
0008aa54e0000000000000000000000000000000000
0008ac5660000000000000000000000000000000000
0008ae56e00000000000000000000000000a3a32088
0008b05860000000000000000000000000000000000
0008b258e0000000000000000000000000000000000
0008b45a60000000000000000000000000000000000
0008b65ae00000000000000000000000000a4a42088
0008b85c60000000000000000000000000000000000
0008ba5ce0000000000000000000000000000000000
0008bc5e60000000000000000000000000000000000
0008be5ee00000000000000000000000000a5a52088
0008c06060000000000000000000000000000000000
0008c260e0000000000000000000000000000000000
0008c46260000000000000000000000000000000000
0008c662e00000000000000000000000000a6a62088
0008c86460000000000000000000000000000000000
0008ca64e0000000000000000000000000000000000
0008cc6660000000000000000000000000000000000
0008ce66e00000000000000000000000000a7a72088
0000000000000000000000000000000000000000000
0000000000000000000000000000000000000000000
0000000000000000000000000000000000000000000
00000000000000000000000000000000000a8a82088
0000000000000000000000000000000000000000000
0000000000000000000000000000000000000000000
0000000000000000000000000000000000000000000
00000000000000000000000000000000000a9a92088
0000000000000000000000000000000000000000000
0000000000000000000000000000000000000000000
0000000000000000000000000000000000000000000
00000000000000000000000000000000000aaaa2088
0000000000000000000000000000000000000000000
0000000000000000000000000000000000000000000
0000000000000000000000000000000000000000000
00000000000000000000000000000000000abab2088
0000000000000000000000000000000000000000000
0000000000000000000000000000000000000000000
0000000000000000000000000000000000000000000
00000000000000000000000000000000000acac2088
0000000000000000000000000000000000000000000
0000000000000000000000000000000000000000000
0000000000000000000000000000000000000000000
00000000000000000000000000000000000adad2088
0000000000000000000000000000000000000000000
0000000000000000000000000000000000000000000
0000000000000000000000000000000000000000000
00000000000000000000000000000000000aeae2088
0000000000000000000000000000000000000000000
0000000000000000000000000000000000000000000
0000000000000000000000000000000000000000000
00000000000000000000000000000000000afaf2088
0000000000000000000000000000000000000000000
0000000000000000000000000000000000000000000
0000000000000000000000000000000000000000000
00000000000000000000000000000000000b0b02088
0000000000000000000000000000000000000000000
0000000000000000000000000000000000000000000
0000000000000000000000000000000000000000000
00000000000000000000000000000000000b1b12088
0000000000000000000000000000000000000000000
0000000000000000000000000000000000000000000
0000000000000000000000000000000000000000000
00000000000000000000000000000000000b2b22088
0000000000000000000000000000000000000000000
0000000000000000000000000000000000000000000
0000000000000000000000000000000000000000000
00000000000000000000000000000000000b3b32088
0000000000000000000000000000000000000000000
0000000000000000000000000000000000000000000
0000000000000000000000000000000000000000000
0000000000000000000000000000000000000000000
0000000000000000000000000000000000000000000
0000000000000000000000000000000000000000000
0000000000000000000000000000000000000000000
0000000000000000000000000000000000000000000
0000000000000000000000000000000000000000000
0000000000000000000000000000000000000000000
0000000000000000000000000000000000000000000
0000000000000000000000000000000000000000000
0000000000000000000000000000000000000000000
0000000000000000000000000000000000000000000
0000000000000000000000000000000000000000000
00000000000000000038f8b84200000000000000000
00000000000000000039f9b94200000000000000000
0000000000000000003afaba4200000000000000000
0000000000000000003bfbbb4200000000000000000
0000000000000000003cfcbc4200000000000000000
0000000000000000003dfdbd4200000000000000000
0000000000000000003efebe4200000000000000000
000000000000fc1c783fffbf4200000000000000000
000000000000fc9cf800c0804200000000000000000
000000000000fd1d7801c1814200000000000000000
000000000000fd9df802c2824200000000000000000
000000000000fe1e7803c3834200000000000000000
000000000000fe9ef804c4844200000000000000000
000000000000ff1f7805c5854200000000000000000
000000000000ff9ff806c6864200000000000000000
00000000000100007807c7874200000000000000000
0000000000010080f808c8884200000000000000000
00000000000101017809c9894200000000000000000
0008d06860010181f80aca8a4200000000000000000
0008d268e0010202780bcb8b4200000000000000000
0008d46a60010282f80ccc8c4200000000000000000
0008d66ae0010303780dcd8d42000000000b4b42088
0008d86c60010383f80ece8e4200000000000000000
0008da6ce0010404780fcf8f4200000000000000000
0008dc6e60010484f80000000000000000000000000
0008de6ee00105057800000000000000000b5b52088
0008e07060010585f80000000000000000000000000
0008e270e0010606780000000000000000000000000
0008e47260010686f80000000000000000000000000
0008e672e00107077800000000000000000b6b62088
0008e87460010787f80000000000000000000000000
0008ea74e0000000000000000000000000000000000
0008ec7660000000000000000000000000000000000
0008ee76e00000000000000000000000000b7b72088
0008f07860000000000000000000000000000000000
0008f278e0000000000000000000000000000000000
0008f47a60000000000000000000000000000000000
0008f67ae00000000000000000000000000b8b82088
0008f87c60000000000000000000000000000000000
0008fa7ce0000000000000000000000000000000000
0008fc7e60000000000000000000000000000000000
0008fe7ee00000000000000000000000000b9b92088
0009000060000000000000000000000000000000000
00090200e0000000000000000000000000000000000
0009040260000000000000000000000000000000000
00090602e00000000000000000000000000baba2088
0009080460000000000000000000000000000000000
00090a04e0000000000000000000000000000000000
00090c0660000000000000000000000000000000000
00090e06e00000000000000000000000000bbbb2088
0009100860000000000000000000000000000000000
00091208e0000000000000000000000000000000000
0009140a60000000000000000000000000000000000
0009160ae00000000000000000000000000bcbc2088
0009180c60000000000000000000000000000000000
00091a0ce0000000000000000000000000000000000
00091c0e60000000000000000000000000000000000
00091e0ee00000000000000000000000000bdbd2088
0009201060000000000000000000000000000000000
00092210e0000000000000000000000000000000000
0009241260000000000000000000000000000000000
00092612e00000000000000000000000000bebe2088
0009281460000000000000000000000000000000000
00092a14e0000000000000000000000000000000000
00092c1660000000000000000000000000000000000
00092e16e00000000000000000000000000bfbf2088
0000000000000000000000000000000000000000000
0000000000000000000000000000000000000000000
0000000000000000000000000000000000000000000
0000000000000000000000000000000000080802088
0000000000000000000000000000000000000000000
0000000000000000000000000000000000000000000
0000000000000000000000000000000000000000000
0000000000000000000000000000000000081812088
0000000000000000000000000000000000000000000
0000000000000000000000000000000000000000000
0000000000000000000000000000000000000000000
0000000000000000000000000000000000082822088
0000000000000000000000000000000000000000000
0000000000000000000000000000000000000000000
0000000000000000000000000000000000000000000
0000000000000000000000000000000000083832088
0000000000000000000000000000000000000000000
0000000000000000000000000000000000000000000
0000000000000000000000000000000000000000000
0000000000000000000000000000000000084842088
0000000000000000000000000000000000000000000
0000000000000000000000000000000000000000000
0000000000000000000000000000000000000000000
0000000000000000000000000000000000085852088
0000000000000000000000000000000000000000000
0000000000000000000000000000000000000000000
0000000000000000000000000000000000000000000
0000000000000000000000000000000000086862088
0000000000000000000000000000000000000000000
0000000000000000000000000000000000000000000
0000000000000000000000000000000000000000000
0000000000000000000000000000000000087872088
0000000000000000000000000000000000000000000
0000000000000000000000000000000000000000000
0000000000000000000000000000000000000000000
0000000000000000000000000000000000088882088
0000000000000000000000000000000000000000000
0000000000000000000000000000000000000000000
0000000000000000000000000000000000000000000
0000000000000000000000000000000000089892088
0000000000000000000000000000000000000000000
0000000000000000000000000000000000000000000
0000000000000000000000000000000000000000000
000000000000000000000000000000000008a8a2088
0000000000000000000000000000000000000000000
0000000000000000000000000000000000000000000
0000000000000000000000000000000000000000000
000000000000000000000000000000000008b8b2088
0000000000000000000000000000000000000000000
0000000000000000000000000000000000000000000
0000000000000000000000000000000000000000000
0000000000000000000000000000000000000000000
0000000000000000000000000000000000000000000
0000000000000000000000000000000000000000000
0000000000000000000000000000000000000000000
0000000000000000000000000000000000000000000
0000000000000000000000000000000000000000000
0000000000000000000000000000000000000000000
0000000000000000000000000000000000000000000
0000000000000000000000000000000000000000000
0000000000000000000000000000000000000000000
0000000000000000000000000000000000000000000
0000000000000000000000000000000000000000000
00000000000000000010d0904200000000000000000
00000000000000000011d1914200000000000000000
00000000000000000012d2924200000000000000000
00000000000000000013d3934200000000000000000
00000000000000000014d4944200000000000000000
00000000000000000015d5954200000000000000000
00000000000000000016d6964200000000000000000
00000000000108087817d7974200000000000000000
0000000000010888f818d8984200000000000000000
00000000000109097819d9994200000000000000000
0000000000010989f81ada9a4200000000000000000
0000000000010a0a781bdb9b4200000000000000000
0000000000010a8af81cdc9c4200000000000000000
0000000000010b0b781ddd9d4200000000000000000
0000000000010b8bf81ede9e4200000000000000000
0000000000010c0c781fdf9f4200000000000000000
0000000000010c8cf820e0a04200000000000000000
0000000000010d0d7821e1a14200000000000000000
0009301860010d8df822e2a24200000000000000000
00093218e0010e0e7823e3a34200000000000000000
0009341a60010e8ef824e4a44200000000000000000
0009361ae0010f0f7825e5a5420000000008c8c2088
0009381c60010f8ff826e6a64200000000000000000
00093a1ce00110107827e7a74200000000000000000
00093c1e60011090f80000000000000000000000000
00093e1ee001111178000000000000000008d8d2088
0009402060011191f80000000000000000000000000
00094220e0011212780000000000000000000000000
0009442260011292f80000000000000000000000000
00094622e001131378000000000000000008e8e2088
0009482460011393f80000000000000000000000000
00094a24e0000000000000000000000000000000000
00094c2660000000000000000000000000000000000
00094e26e000000000000000000000000008f8f2088
0009502860000000000000000000000000000000000
00095228e0000000000000000000000000000000000
0009542a60000000000000000000000000000000000
0009562ae0000000000000000000000000090902088
0009582c60000000000000000000000000000000000
00095a2ce0000000000000000000000000000000000
00095c2e60000000000000000000000000000000000
00095e2ee0000000000000000000000000091912088
0009603060000000000000000000000000000000000
00096230e0000000000000000000000000000000000
0009643260000000000000000000000000000000000
00096632e0000000000000000000000000092922088
0009683460000000000000000000000000000000000
00096a34e0000000000000000000000000000000000
00096c3660000000000000000000000000000000000
00096e36e0000000000000000000000000093932088
0009703860000000000000000000000000000000000
00097238e0000000000000000000000000000000000
0009743a60000000000000000000000000000000000
0009763ae0000000000000000000000000094942088
0009783c60000000000000000000000000000000000
00097a3ce0000000000000000000000000000000000
00097c3e60000000000000000000000000000000000
00097e3ee0000000000000000000000000095952088
0009804060000000000000000000000000000000000
00098240e0000000000000000000000000000000000
0009844260000000000000000000000000000000000
00098642e0000000000000000000000000096962088
0009884460000000000000000000000000000000000
00098a44e0000000000000000000000000000000000
00098c4660000000000000000000000000000000000
00098e46e0000000000000000000000000097972088
0000000000000000000000000000000000000000000
0000000000000000000000000000000000000000000
0000000000000000000000000000000000000000000
0000000000000000000000000000000000098982088
0000000000000000000000000000000000000000000
0000000000000000000000000000000000000000000
0000000000000000000000000000000000000000000
0000000000000000000000000000000000099992088
0000000000000000000000000000000000000000000
0000000000000000000000000000000000000000000
0000000000000000000000000000000000000000000
000000000000000000000000000000000009a9a2088
0000000000000000000000000000000000000000000
0000000000000000000000000000000000000000000
0000000000000000000000000000000000000000000
000000000000000000000000000000000009b9b2088
0000000000000000000000000000000000000000000
0000000000000000000000000000000000000000000
0000000000000000000000000000000000000000000
000000000000000000000000000000000009c9c2088
0000000000000000000000000000000000000000000
0000000000000000000000000000000000000000000
0000000000000000000000000000000000000000000
000000000000000000000000000000000009d9d2088
0000000000000000000000000000000000000000000
0000000000000000000000000000000000000000000
0000000000000000000000000000000000000000000
000000000000000000000000000000000009e9e2088
0000000000000000000000000000000000000000000
0000000000000000000000000000000000000000000
0000000000000000000000000000000000000000000
000000000000000000000000000000000009f9f2088
0000000000000000000000000000000000000000000
0000000000000000000000000000000000000000000
0000000000000000000000000000000000000000000
00000000000000000000000000000000000a0a02088
0000000000000000000000000000000000000000000
0000000000000000000000000000000000000000000
0000000000000000000000000000000000000000000
00000000000000000000000000000000000a1a12088
0000000000000000000000000000000000000000000
0000000000000000000000000000000000000000000
0000000000000000000000000000000000000000000
00000000000000000000000000000000000a2a22088
0000000000000000000000000000000000000000000
0000000000000000000000000000000000000000000
0000000000000000000000000000000000000000000
00000000000000000000000000000000000a3a32088
0000000000000000000000000000000000000000000
0000000000000000000000000000000000000000000
0000000000000000000000000000000000000000000
0000000000000000000000000000000000000000000
0000000000000000000000000000000000000000000
0000000000000000000000000000000000000000000
0000000000000000000000000000000000000000000
0000000000000000000000000000000000000000000
0000000000000000000000000000000000000000000
0000000000000000000000000000000000000000000
0000000000000000000000000000000000000000000
0000000000000000000000000000000000000000000
0000000000000000000000000000000000000000000
0000000000000000000000000000000000000000000
0000000000000000000000000000000000000000000
00000000000000000028e8a84200000000000000000
00000000000000000029e9a94200000000000000000
0000000000000000002aeaaa4200000000000000000
0000000000000000002bebab4200000000000000000
0000000000000000002cecac4200000000000000000
0000000000000000002dedad4200000000000000000
0000000000000000002eeeae4200000000000000000
0000000000011414782fefaf4200000000000000000
0000000000011494f830f0b04200000000000000000
00000000000115157831f1b14200000000000000000
0000000000011595f832f2b24200000000000000000
00000000000116167833f3b34200000000000000000
0000000000011696f834f4b44200000000000000000
00000000000117177835f5b54200000000000000000
0000000000011797f836f6b64200000000000000000
00000000000118187837f7b74200000000000000000
0000000000011898f838f8b84200000000000000000
00000000000119197839f9b94200000000000000000
0009904860011999f83afaba4200000000000000000
00099248e0011a1a783bfbbb4200000000000000000
0009944a60011a9af83cfcbc4200000000000000000
0009964ae0011b1b783dfdbd42000000000a4a42088
0009984c60011b9bf83efebe4200000000000000000
00099a4ce0011c1c783fffbf4200000000000000000
00099c4e60011c9cf80000000000000000000000000
00099e4ee0011d1d7800000000000000000a5a52088
0009a05060011d9df80000000000000000000000000
0009a250e0011e1e780000000000000000000000000
0009a45260011e9ef80000000000000000000000000
0009a652e0011f1f7800000000000000000a6a62088
0009a85460011f9ff80000000000000000000000000
0009aa54e0000000000000000000000000000000000
0009ac5660000000000000000000000000000000000
0009ae56e00000000000000000000000000a7a72088
0009b05860000000000000000000000000000000000
0009b258e0000000000000000000000000000000000
0009b45a60000000000000000000000000000000000
0009b65ae00000000000000000000000000a8a82088
0009b85c60000000000000000000000000000000000
0009ba5ce0000000000000000000000000000000000
0009bc5e60000000000000000000000000000000000
0009be5ee00000000000000000000000000a9a92088
0009c06060000000000000000000000000000000000
0009c260e0000000000000000000000000000000000
0009c46260000000000000000000000000000000000
0009c662e00000000000000000000000000aaaa2088
0009c86460000000000000000000000000000000000
0009ca64e0000000000000000000000000000000000
0009cc6660000000000000000000000000000000000
0009ce66e00000000000000000000000000abab2088
0009d06860000000000000000000000000000000000
0009d268e0000000000000000000000000000000000
0009d46a60000000000000000000000000000000000
0009d66ae00000000000000000000000000acac2088
0009d86c60000000000000000000000000000000000
0009da6ce0000000000000000000000000000000000
0009dc6e60000000000000000000000000000000000
0009de6ee00000000000000000000000000adad2088
0009e07060000000000000000000000000000000000
0009e270e0000000000000000000000000000000000
0009e47260000000000000000000000000000000000
0009e672e00000000000000000000000000aeae2088
0009e87460000000000000000000000000000000000
0009ea74e0000000000000000000000000000000000
0009ec7660000000000000000000000000000000000
0009ee76e00000000000000000000000000afaf2088
0000000000000000000000000000000000000000000
0000000000000000000000000000000000000000000
0000000000000000000000000000000000000000000
00000000000000000000000000000000000b0b02088
0000000000000000000000000000000000000000000
0000000000000000000000000000000000000000000
0000000000000000000000000000000000000000000
00000000000000000000000000000000000b1b12088
0000000000000000000000000000000000000000000
0000000000000000000000000000000000000000000
0000000000000000000000000000000000000000000
00000000000000000000000000000000000b2b22088
0000000000000000000000000000000000000000000
0000000000000000000000000000000000000000000
0000000000000000000000000000000000000000000
00000000000000000000000000000000000b3b32088
0000000000000000000000000000000000000000000
0000000000000000000000000000000000000000000
0000000000000000000000000000000000000000000
00000000000000000000000000000000000b4b42088
0000000000000000000000000000000000000000000
0000000000000000000000000000000000000000000
0000000000000000000000000000000000000000000
00000000000000000000000000000000000b5b52088
0000000000000000000000000000000000000000000
0000000000000000000000000000000000000000000
0000000000000000000000000000000000000000000
00000000000000000000000000000000000b6b62088
0000000000000000000000000000000000000000000
0000000000000000000000000000000000000000000
0000000000000000000000000000000000000000000
00000000000000000000000000000000000b7b72088
0000000000000000000000000000000000000000000
0000000000000000000000000000000000000000000
0000000000000000000000000000000000000000000
00000000000000000000000000000000000b8b82088
0000000000000000000000000000000000000000000
0000000000000000000000000000000000000000000
0000000000000000000000000000000000000000000
00000000000000000000000000000000000b9b92088
0000000000000000000000000000000000000000000
0000000000000000000000000000000000000000000
0000000000000000000000000000000000000000000
00000000000000000000000000000000000baba2088
0000000000000000000000000000000000000000000
0000000000000000000000000000000000000000000
0000000000000000000000000000000000000000000
00000000000000000000000000000000000bbbb2088
0000000000000000000000000000000000000000000
0000000000000000000000000000000000000000000
0000000000000000000000000000000000000000000
0000000000000000000000000000000000000000000
0000000000000000000000000000000000000000000
0000000000000000000000000000000000000000000
0000000000000000000000000000000000000000000
0000000000000000000000000000000000000000000
0000000000000000000000000000000000000000000
0000000000000000000000000000000000000000000
0000000000000000000000000000000000000000000
0000000000000000000000000000000000000000000
0000000000000000000000000000000000000000000
0000000000000000000000000000000000000000000
0000000000000000000000000000000000000000000
00000000000000000000c0804200000000000000000
00000000000000000001c1814200000000000000000
00000000000000000002c2824200000000000000000
00000000000000000003c3834200000000000000000
00000000000000000004c4844200000000000000000
00000000000000000005c5854200000000000000000
00000000000000000006c6864200000000000000000
00000000000120007807c7874200000000000000000
0000000000012080f808c8884200000000000000000
00000000000121017809c9894200000000000000000
0000000000012181f80aca8a4200000000000000000
0000000000012202780bcb8b4200000000000000000
0000000000012282f80ccc8c4200000000000000000
0000000000012303780dcd8d4200000000000000000
0000000000012383f80ece8e4200000000000000000
0000000000012404780fcf8f4200000000000000000
0000000000012484f810d0904200000000000000000
00000000000125057811d1914200000000000000000
0009f07860012585f812d2924200000000000000000
0009f278e00126067813d3934200000000000000000
0009f47a60012686f814d4944200000000000000000
0009f67ae00127077815d59542000000000bcbc2088
0009f87c60012787f816d6964200000000000000000
0009fa7ce00128087817d7974200000000000000000
0009fc7e60012888f80000000000000000000000000
0009fe7ee00129097800000000000000000bdbd2088
000a000060012989f80000000000000000000000000
000a0200e0012a0a780000000000000000000000000
000a040260012a8af80000000000000000000000000
000a0602e0012b0b7800000000000000000bebe2088
000a080460012b8bf80000000000000000000000000
000a0a04e0000000000000000000000000000000000
000a0c0660000000000000000000000000000000000
000a0e06e00000000000000000000000000bfbf2088
000a100860000000000000000000000000000000000
000a1208e0000000000000000000000000000000000
000a140a60000000000000000000000000000000000
000a160ae0000000000000000000000000080802088
000a180c60000000000000000000000000000000000
000a1a0ce0000000000000000000000000000000000
000a1c0e60000000000000000000000000000000000
000a1e0ee0000000000000000000000000081812088
000a201060000000000000000000000000000000000
000a2210e0000000000000000000000000000000000
000a241260000000000000000000000000000000000
000a2612e0000000000000000000000000082822088
000a281460000000000000000000000000000000000
000a2a14e0000000000000000000000000000000000
000a2c1660000000000000000000000000000000000
000a2e16e0000000000000000000000000083832088
000a301860000000000000000000000000000000000
000a3218e0000000000000000000000000000000000
000a341a60000000000000000000000000000000000
000a361ae0000000000000000000000000084842088
000a381c60000000000000000000000000000000000
000a3a1ce0000000000000000000000000000000000
000a3c1e60000000000000000000000000000000000
000a3e1ee0000000000000000000000000085852088
000a402060000000000000000000000000000000000
000a4220e0000000000000000000000000000000000
000a442260000000000000000000000000000000000
000a4622e0000000000000000000000000086862088
000a482460000000000000000000000000000000000
000a4a24e0000000000000000000000000000000000
000a4c2660000000000000000000000000000000000
000a4e26e0000000000000000000000000087872088
0000000000000000000000000000000000000000000
0000000000000000000000000000000000000000000
0000000000000000000000000000000000000000000
0000000000000000000000000000000000088882088
0000000000000000000000000000000000000000000
0000000000000000000000000000000000000000000
0000000000000000000000000000000000000000000
0000000000000000000000000000000000089892088
0000000000000000000000000000000000000000000
0000000000000000000000000000000000000000000
0000000000000000000000000000000000000000000
000000000000000000000000000000000008a8a2088
0000000000000000000000000000000000000000000
0000000000000000000000000000000000000000000
0000000000000000000000000000000000000000000
000000000000000000000000000000000008b8b2088
0000000000000000000000000000000000000000000
0000000000000000000000000000000000000000000
0000000000000000000000000000000000000000000
000000000000000000000000000000000008c8c2088
0000000000000000000000000000000000000000000
0000000000000000000000000000000000000000000
0000000000000000000000000000000000000000000
000000000000000000000000000000000008d8d2088
0000000000000000000000000000000000000000000
0000000000000000000000000000000000000000000
0000000000000000000000000000000000000000000
000000000000000000000000000000000008e8e2088
0000000000000000000000000000000000000000000
0000000000000000000000000000000000000000000
0000000000000000000000000000000000000000000
000000000000000000000000000000000008f8f2088
0000000000000000000000000000000000000000000
0000000000000000000000000000000000000000000
0000000000000000000000000000000000000000000
0000000000000000000000000000000000090902088
0000000000000000000000000000000000000000000
0000000000000000000000000000000000000000000
0000000000000000000000000000000000000000000
0000000000000000000000000000000000091912088
0000000000000000000000000000000000000000000
0000000000000000000000000000000000000000000
0000000000000000000000000000000000000000000
0000000000000000000000000000000000092922088
0000000000000000000000000000000000000000000
0000000000000000000000000000000000000000000
0000000000000000000000000000000000000000000
0000000000000000000000000000000000093932088
0000000000000000000000000000000000000000000
0000000000000000000000000000000000000000000
0000000000000000000000000000000000000000000
0000000000000000000000000000000000000000000
0000000000000000000000000000000000000000000
0000000000000000000000000000000000000000000
0000000000000000000000000000000000000000000
0000000000000000000000000000000000000000000
0000000000000000000000000000000000000000000
0000000000000000000000000000000000000000000
0000000000000000000000000000000000000000000
0000000000000000000000000000000000000000000
0000000000000000000000000000000000000000000
0000000000000000000000000000000000000000000
0000000000000000000000000000000000000000000
00000000000000000018d8984200000000000000000
00000000000000000019d9994200000000000000000
0000000000000000001ada9a4200000000000000000
0000000000000000001bdb9b4200000000000000000
0000000000000000001cdc9c4200000000000000000
0000000000000000001ddd9d4200000000000000000
0000000000000000001ede9e4200000000000000000
0000000000012c0c781fdf9f4200000000000000000
0000000000012c8cf820e0a04200000000000000000
0000000000012d0d7821e1a14200000000000000000
0000000000012d8df822e2a24200000000000000000
0000000000012e0e7823e3a34200000000000000000
0000000000012e8ef824e4a44200000000000000000
0000000000012f0f7825e5a54200000000000000000
0000000000012f8ff826e6a64200000000000000000
00000000000130107827e7a74200000000000000000
0000000000013090f828e8a84200000000000000000
00000000000131117829e9a94200000000000000000
000a502860013191f82aeaaa4200000000000000000
000a5228e0013212782bebab4200000000000000000
000a542a60013292f82cecac4200000000000000000
000a562ae0013313782dedad4200000000094942088
000a582c60013393f82eeeae4200000000000000000
000a5a2ce0013414782fefaf4200000000000000000
000a5c2e60013494f80000000000000000000000000
000a5e2ee0013515780000000000000000095952088
000a603060013595f80000000000000000000000000
000a6230e0013616780000000000000000000000000
000a643260013696f80000000000000000000000000
000a6632e0013717780000000000000000096962088
000a683460013797f80000000000000000000000000
000a6a34e0000000000000000000000000000000000
000a6c3660000000000000000000000000000000000
000a6e36e0000000000000000000000000097972088
000a703860000000000000000000000000000000000
000a7238e0000000000000000000000000000000000
000a743a60000000000000000000000000000000000
000a763ae0000000000000000000000000098982088
000a783c60000000000000000000000000000000000
000a7a3ce0000000000000000000000000000000000
000a7c3e60000000000000000000000000000000000
000a7e3ee0000000000000000000000000099992088
000a804060000000000000000000000000000000000
000a8240e0000000000000000000000000000000000
000a844260000000000000000000000000000000000
000a8642e000000000000000000000000009a9a2088
000a884460000000000000000000000000000000000
000a8a44e0000000000000000000000000000000000
000a8c4660000000000000000000000000000000000
000a8e46e000000000000000000000000009b9b2088
000a904860000000000000000000000000000000000
000a9248e0000000000000000000000000000000000
000a944a60000000000000000000000000000000000
000a964ae000000000000000000000000009c9c2088
000a984c60000000000000000000000000000000000
000a9a4ce0000000000000000000000000000000000
000a9c4e60000000000000000000000000000000000
000a9e4ee000000000000000000000000009d9d2088
000aa05060000000000000000000000000000000000
000aa250e0000000000000000000000000000000000
000aa45260000000000000000000000000000000000
000aa652e000000000000000000000000009e9e2088
000aa85460000000000000000000000000000000000
000aaa54e0000000000000000000000000000000000
000aac5660000000000000000000000000000000000
000aae56e000000000000000000000000009f9f2088
0000000000000000000000000000000000000000000
0000000000000000000000000000000000000000000
0000000000000000000000000000000000000000000
00000000000000000000000000000000000a0a02088
0000000000000000000000000000000000000000000
0000000000000000000000000000000000000000000
0000000000000000000000000000000000000000000
00000000000000000000000000000000000a1a12088
0000000000000000000000000000000000000000000
0000000000000000000000000000000000000000000
0000000000000000000000000000000000000000000
00000000000000000000000000000000000a2a22088
0000000000000000000000000000000000000000000
0000000000000000000000000000000000000000000
0000000000000000000000000000000000000000000
00000000000000000000000000000000000a3a32088
0000000000000000000000000000000000000000000
0000000000000000000000000000000000000000000
0000000000000000000000000000000000000000000
00000000000000000000000000000000000a4a42088
0000000000000000000000000000000000000000000
0000000000000000000000000000000000000000000
0000000000000000000000000000000000000000000
00000000000000000000000000000000000a5a52088
0000000000000000000000000000000000000000000
0000000000000000000000000000000000000000000
0000000000000000000000000000000000000000000
00000000000000000000000000000000000a6a62088
0000000000000000000000000000000000000000000
0000000000000000000000000000000000000000000
0000000000000000000000000000000000000000000
00000000000000000000000000000000000a7a72088
0000000000000000000000000000000000000000000
0000000000000000000000000000000000000000000
0000000000000000000000000000000000000000000
00000000000000000000000000000000000a8a82088
0000000000000000000000000000000000000000000
0000000000000000000000000000000000000000000
0000000000000000000000000000000000000000000
00000000000000000000000000000000000a9a92088
0000000000000000000000000000000000000000000
0000000000000000000000000000000000000000000
0000000000000000000000000000000000000000000
00000000000000000000000000000000000aaaa2088
0000000000000000000000000000000000000000000
0000000000000000000000000000000000000000000
0000000000000000000000000000000000000000000
00000000000000000000000000000000000abab2088
0000000000000000000000000000000000000000000
0000000000000000000000000000000000000000000
0000000000000000000000000000000000000000000
0000000000000000000000000000000000000000000
0000000000000000000000000000000000000000000
0000000000000000000000000000000000000000000
0000000000000000000000000000000000000000000
0000000000000000000000000000000000000000000
0000000000000000000000000000000000000000000
0000000000000000000000000000000000000000000
0000000000000000000000000000000000000000000
0000000000000000000000000000000000000000000
0000000000000000000000000000000000000000000
0000000000000000000000000000000000000000000
0000000000000000000000000000000000000000000
00000000000000000030f0b04200000000000000000
00000000000000000031f1b14200000000000000000
00000000000000000032f2b24200000000000000000
00000000000000000033f3b34200000000000000000
00000000000000000034f4b44200000000000000000
00000000000000000035f5b54200000000000000000
00000000000000000036f6b64200000000000000000
00000000000138187837f7b74200000000000000000
0000000000013898f838f8b84200000000000000000
00000000000139197839f9b94200000000000000000
0000000000013999f83afaba4200000000000000000
0000000000013a1a783bfbbb4200000000000000000
0000000000013a9af83cfcbc4200000000000000000
0000000000013b1b783dfdbd4200000000000000000
0000000000013b9bf83efebe4200000000000000000
0000000000013c1c783fffbf4200000000000000000
0000000000013c9cf800c0804200000000000000000
0000000000013d1d7801c1814200000000000000000
000ab05860013d9df802c2824200000000000000000
000ab258e0013e1e7803c3834200000000000000000
000ab45a60013e9ef804c4844200000000000000000
000ab65ae0013f1f7805c58542000000000acac2088
000ab85c60013f9ff806c6864200000000000000000
000aba5ce00140007807c7874200000000000000000
000abc5e60014080f80000000000000000000000000
000abe5ee00141017800000000000000000adad2088
000ac06060014181f80000000000000000000000000
000ac260e0014202780000000000000000000000000
000ac46260014282f80000000000000000000000000
000ac662e00143037800000000000000000aeae2088
000ac86460014383f80000000000000000000000000
000aca64e0000000000000000000000000000000000
000acc6660000000000000000000000000000000000
000ace66e00000000000000000000000000afaf2088
000ad06860000000000000000000000000000000000
000ad268e0000000000000000000000000000000000
000ad46a60000000000000000000000000000000000
000ad66ae00000000000000000000000000b0b02088
000ad86c60000000000000000000000000000000000
000ada6ce0000000000000000000000000000000000
000adc6e60000000000000000000000000000000000
000ade6ee00000000000000000000000000b1b12088
000ae07060000000000000000000000000000000000
000ae270e0000000000000000000000000000000000
000ae47260000000000000000000000000000000000
000ae672e00000000000000000000000000b2b22088
000ae87460000000000000000000000000000000000
000aea74e0000000000000000000000000000000000
000aec7660000000000000000000000000000000000
000aee76e00000000000000000000000000b3b32088
000af07860000000000000000000000000000000000
000af278e0000000000000000000000000000000000
000af47a60000000000000000000000000000000000
000af67ae00000000000000000000000000b4b42088
000af87c60000000000000000000000000000000000
000afa7ce0000000000000000000000000000000000
000afc7e60000000000000000000000000000000000
000afe7ee00000000000000000000000000b5b52088
000b000060000000000000000000000000000000000
000b0200e0000000000000000000000000000000000
000b040260000000000000000000000000000000000
000b0602e00000000000000000000000000b6b62088
000b080460000000000000000000000000000000000
000b0a04e0000000000000000000000000000000000
000b0c0660000000000000000000000000000000000
000b0e06e00000000000000000000000000b7b72088
0000000000000000000000000000000000000000000
0000000000000000000000000000000000000000000
0000000000000000000000000000000000000000000
00000000000000000000000000000000000b8b82088
0000000000000000000000000000000000000000000
0000000000000000000000000000000000000000000
0000000000000000000000000000000000000000000
00000000000000000000000000000000000b9b92088
0000000000000000000000000000000000000000000
0000000000000000000000000000000000000000000
0000000000000000000000000000000000000000000
00000000000000000000000000000000000baba2088
0000000000000000000000000000000000000000000
0000000000000000000000000000000000000000000
0000000000000000000000000000000000000000000
00000000000000000000000000000000000bbbb2088
0000000000000000000000000000000000000000000
0000000000000000000000000000000000000000000
0000000000000000000000000000000000000000000
00000000000000000000000000000000000bcbc2088
0000000000000000000000000000000000000000000
0000000000000000000000000000000000000000000
0000000000000000000000000000000000000000000
00000000000000000000000000000000000bdbd2088
0000000000000000000000000000000000000000000
0000000000000000000000000000000000000000000
0000000000000000000000000000000000000000000
00000000000000000000000000000000000bebe2088
0000000000000000000000000000000000000000000
0000000000000000000000000000000000000000000
0000000000000000000000000000000000000000000
00000000000000000000000000000000000bfbf2088
0000000000000000000000000000000000000000000
0000000000000000000000000000000000000000000
0000000000000000000000000000000000000000000
0000000000000000000000000000000000080802088
0000000000000000000000000000000000000000000
0000000000000000000000000000000000000000000
0000000000000000000000000000000000000000000
0000000000000000000000000000000000081812088
0000000000000000000000000000000000000000000
0000000000000000000000000000000000000000000
0000000000000000000000000000000000000000000
0000000000000000000000000000000000082822088
0000000000000000000000000000000000000000000
0000000000000000000000000000000000000000000
0000000000000000000000000000000000000000000
0000000000000000000000000000000000083832088
0000000000000000000000000000000000000000000
0000000000000000000000000000000000000000000
0000000000000000000000000000000000000000000
0000000000000000000000000000000000000000000
0000000000000000000000000000000000000000000
0000000000000000000000000000000000000000000
0000000000000000000000000000000000000000000
0000000000000000000000000000000000000000000
0000000000000000000000000000000000000000000
0000000000000000000000000000000000000000000
0000000000000000000000000000000000000000000
0000000000000000000000000000000000000000000
0000000000000000000000000000000000000000000
0000000000000000000000000000000000000000000
0000000000000000000000000000000000000000000
00000000000000000008c8884200000000000000000
00000000000000000009c9894200000000000000000
0000000000000000000aca8a4200000000000000000
0000000000000000000bcb8b4200000000000000000
0000000000000000000ccc8c4200000000000000000
0000000000000000000dcd8d4200000000000000000
0000000000000000000ece8e4200000000000000000
0000000000014404780fcf8f4200000000000000000
0000000000014484f810d0904200000000000000000
00000000000145057811d1914200000000000000000
0000000000014585f812d2924200000000000000000
00000000000146067813d3934200000000000000000
0000000000014686f814d4944200000000000000000
00000000000147077815d5954200000000000000000
0000000000014787f816d6964200000000000000000
00000000000148087817d7974200000000000000000
0000000000014888f818d8984200000000000000000
00000000000149097819d9994200000000000000000
000b100860014989f81ada9a4200000000000000000
000b1208e0014a0a781bdb9b4200000000000000000
000b140a60014a8af81cdc9c4200000000000000000
000b160ae0014b0b781ddd9d4200000000084842088
000b180c60014b8bf81ede9e4200000000000000000
000b1a0ce0014c0c781fdf9f4200000000000000000
000b1c0e60014c8cf80000000000000000000000000
000b1e0ee0014d0d780000000000000000085852088
000b201060014d8df80000000000000000000000000
000b2210e0014e0e780000000000000000000000000
000b241260014e8ef80000000000000000000000000
000b2612e0014f0f780000000000000000086862088
000b281460014f8ff80000000000000000000000000
000b2a14e0000000000000000000000000000000000
000b2c1660000000000000000000000000000000000
000b2e16e0000000000000000000000000087872088
000b301860000000000000000000000000000000000
000b3218e0000000000000000000000000000000000
000b341a60000000000000000000000000000000000
000b361ae0000000000000000000000000088882088
000b381c60000000000000000000000000000000000
000b3a1ce0000000000000000000000000000000000
000b3c1e60000000000000000000000000000000000
000b3e1ee0000000000000000000000000089892088
000b402060000000000000000000000000000000000
000b4220e0000000000000000000000000000000000
000b442260000000000000000000000000000000000
000b4622e000000000000000000000000008a8a2088
000b482460000000000000000000000000000000000
000b4a24e0000000000000000000000000000000000
000b4c2660000000000000000000000000000000000
000b4e26e000000000000000000000000008b8b2088
000b502860000000000000000000000000000000000
000b5228e0000000000000000000000000000000000
000b542a60000000000000000000000000000000000
000b562ae000000000000000000000000008c8c2088
000b582c60000000000000000000000000000000000
000b5a2ce0000000000000000000000000000000000
000b5c2e60000000000000000000000000000000000
000b5e2ee000000000000000000000000008d8d2088
000b603060000000000000000000000000000000000
000b6230e0000000000000000000000000000000000
000b643260000000000000000000000000000000000
000b6632e000000000000000000000000008e8e2088
000b683460000000000000000000000000000000000
000b6a34e0000000000000000000000000000000000
000b6c3660000000000000000000000000000000000
000b6e36e000000000000000000000000008f8f2088
0000000000000000000000000000000000000000000
0000000000000000000000000000000000000000000
0000000000000000000000000000000000000000000
0000000000000000000000000000000000090902088
0000000000000000000000000000000000000000000
0000000000000000000000000000000000000000000
0000000000000000000000000000000000000000000
0000000000000000000000000000000000091912088
0000000000000000000000000000000000000000000
0000000000000000000000000000000000000000000
0000000000000000000000000000000000000000000
0000000000000000000000000000000000092922088
0000000000000000000000000000000000000000000
0000000000000000000000000000000000000000000
0000000000000000000000000000000000000000000
0000000000000000000000000000000000093932088
0000000000000000000000000000000000000000000
0000000000000000000000000000000000000000000
0000000000000000000000000000000000000000000
0000000000000000000000000000000000094942088
0000000000000000000000000000000000000000000
0000000000000000000000000000000000000000000
0000000000000000000000000000000000000000000
0000000000000000000000000000000000095952088
0000000000000000000000000000000000000000000
0000000000000000000000000000000000000000000
0000000000000000000000000000000000000000000
0000000000000000000000000000000000096962088
0000000000000000000000000000000000000000000
0000000000000000000000000000000000000000000
0000000000000000000000000000000000000000000
0000000000000000000000000000000000097972088
0000000000000000000000000000000000000000000
0000000000000000000000000000000000000000000
0000000000000000000000000000000000000000000
0000000000000000000000000000000000098982088
0000000000000000000000000000000000000000000
0000000000000000000000000000000000000000000
0000000000000000000000000000000000000000000
0000000000000000000000000000000000099992088
0000000000000000000000000000000000000000000
0000000000000000000000000000000000000000000
0000000000000000000000000000000000000000000
000000000000000000000000000000000009a9a2088
0000000000000000000000000000000000000000000
0000000000000000000000000000000000000000000
0000000000000000000000000000000000000000000
000000000000000000000000000000000009b9b2088
0000000000000000000000000000000000000000000
0000000000000000000000000000000000000000000
0000000000000000000000000000000000000000000
0000000000000000000000000000000000000000000
0000000000000000000000000000000000000000000
0000000000000000000000000000000000000000000
0000000000000000000000000000000000000000000
0000000000000000000000000000000000000000000
0000000000000000000000000000000000000000000
0000000000000000000000000000000000000000000
0000000000000000000000000000000000000000000
0000000000000000000000000000000000000000000
0000000000000000000000000000000000000000000
0000000000000000000000000000000000000000000
0000000000000000000000000000000000000000000
00000000000000000020e0a04200000000000000000
00000000000000000021e1a14200000000000000000
00000000000000000022e2a24200000000000000000
00000000000000000023e3a34200000000000000000
00000000000000000024e4a44200000000000000000
00000000000000000025e5a54200000000000000000
00000000000000000026e6a64200000000000000000
00000000000150107827e7a74200000000000000000
0000000000015090f828e8a84200000000000000000
00000000000151117829e9a94200000000000000000
0000000000015191f82aeaaa4200000000000000000
0000000000015212782bebab4200000000000000000
0000000000015292f82cecac4200000000000000000
0000000000015313782dedad4200000000000000000
0000000000015393f82eeeae4200000000000000000
0000000000015414782fefaf4200000000000000000
0000000000015494f830f0b04200000000000000000
00000000000155157831f1b14200000000000000000
000b703860015595f832f2b24200000000000000000
000b7238e00156167833f3b34200000000000000000
000b743a60015696f834f4b44200000000000000000
000b763ae00157177835f5b5420000000009c9c2088
000b783c60015797f836f6b64200000000000000000
000b7a3ce00158187837f7b74200000000000000000
000b7c3e60015898f80000000000000000000000000
000b7e3ee001591978000000000000000009d9d2088
000b804060015999f80000000000000000000000000
000b8240e0015a1a780000000000000000000000000
000b844260015a9af80000000000000000000000000
000b8642e0015b1b78000000000000000009e9e2088
000b884460015b9bf80000000000000000000000000
000b8a44e0000000000000000000000000000000000
000b8c4660000000000000000000000000000000000
000b8e46e000000000000000000000000009f9f2088
000b904860000000000000000000000000000000000
000b9248e0000000000000000000000000000000000
000b944a60000000000000000000000000000000000
000b964ae00000000000000000000000000a0a02088
000b984c60000000000000000000000000000000000
000b9a4ce0000000000000000000000000000000000
000b9c4e60000000000000000000000000000000000
000b9e4ee00000000000000000000000000a1a12088
000ba05060000000000000000000000000000000000
000ba250e0000000000000000000000000000000000
000ba45260000000000000000000000000000000000
000ba652e00000000000000000000000000a2a22088
000ba85460000000000000000000000000000000000
000baa54e0000000000000000000000000000000000
000bac5660000000000000000000000000000000000
000bae56e00000000000000000000000000a3a32088
000bb05860000000000000000000000000000000000
000bb258e0000000000000000000000000000000000
000bb45a60000000000000000000000000000000000
000bb65ae00000000000000000000000000a4a42088
000bb85c60000000000000000000000000000000000
000bba5ce0000000000000000000000000000000000
000bbc5e60000000000000000000000000000000000
000bbe5ee00000000000000000000000000a5a52088
000bc06060000000000000000000000000000000000
000bc260e0000000000000000000000000000000000
000bc46260000000000000000000000000000000000
000bc662e00000000000000000000000000a6a62088
000bc86460000000000000000000000000000000000
000bca64e0000000000000000000000000000000000
000bcc6660000000000000000000000000000000000
000bce66e00000000000000000000000000a7a72088
0000000000000000000000000000000000000000000
0000000000000000000000000000000000000000000
0000000000000000000000000000000000000000000
00000000000000000000000000000000000a8a82088
0000000000000000000000000000000000000000000
0000000000000000000000000000000000000000000
0000000000000000000000000000000000000000000
00000000000000000000000000000000000a9a92088
0000000000000000000000000000000000000000000
0000000000000000000000000000000000000000000
0000000000000000000000000000000000000000000
00000000000000000000000000000000000aaaa2088
0000000000000000000000000000000000000000000
0000000000000000000000000000000000000000000
0000000000000000000000000000000000000000000
00000000000000000000000000000000000abab2088
0000000000000000000000000000000000000000000
0000000000000000000000000000000000000000000
0000000000000000000000000000000000000000000
00000000000000000000000000000000000acac2088
0000000000000000000000000000000000000000000
0000000000000000000000000000000000000000000
0000000000000000000000000000000000000000000
00000000000000000000000000000000000adad2088
0000000000000000000000000000000000000000000
0000000000000000000000000000000000000000000
0000000000000000000000000000000000000000000
00000000000000000000000000000000000aeae2088
0000000000000000000000000000000000000000000
0000000000000000000000000000000000000000000
0000000000000000000000000000000000000000000
00000000000000000000000000000000000afaf2088
0000000000000000000000000000000000000000000
0000000000000000000000000000000000000000000
0000000000000000000000000000000000000000000
00000000000000000000000000000000000b0b02088
0000000000000000000000000000000000000000000
0000000000000000000000000000000000000000000
0000000000000000000000000000000000000000000
00000000000000000000000000000000000b1b12088
0000000000000000000000000000000000000000000
0000000000000000000000000000000000000000000
0000000000000000000000000000000000000000000
00000000000000000000000000000000000b2b22088
0000000000000000000000000000000000000000000
0000000000000000000000000000000000000000000
0000000000000000000000000000000000000000000
00000000000000000000000000000000000b3b32088
0000000000000000000000000000000000000000000
0000000000000000000000000000000000000000000
0000000000000000000000000000000000000000000
0000000000000000000000000000000000000000000
0000000000000000000000000000000000000000000
0000000000000000000000000000000000000000000
0000000000000000000000000000000000000000000
0000000000000000000000000000000000000000000
0000000000000000000000000000000000000000000
0000000000000000000000000000000000000000000
0000000000000000000000000000000000000000000
0000000000000000000000000000000000000000000
0000000000000000000000000000000000000000000
0000000000000000000000000000000000000000000
0000000000000000000000000000000000000000000
00000000000000000038f8b84200000000000000000
00000000000000000039f9b94200000000000000000
0000000000000000003afaba4200000000000000000
0000000000000000003bfbbb4200000000000000000
0000000000000000003cfcbc4200000000000000000
0000000000000000003dfdbd4200000000000000000
0000000000000000003efebe4200000000000000000
0000000000015c1c783fffbf4200000000000000000
0000000000015c9cf800c0804200000000000000000
0000000000015d1d7801c1814200000000000000000
0000000000015d9df802c2824200000000000000000
0000000000015e1e7803c3834200000000000000000
0000000000015e9ef804c4844200000000000000000
0000000000015f1f7805c5854200000000000000000
0000000000015f9ff806c6864200000000000000000
00000000000160007807c7874200000000000000000
0000000000016080f808c8884200000000000000000
00000000000161017809c9894200000000000000000
000bd06860016181f80aca8a4200000000000000000
000bd268e0016202780bcb8b4200000000000000000
000bd46a60016282f80ccc8c4200000000000000000
000bd66ae0016303780dcd8d42000000000b4b42088
000bd86c60016383f80ece8e4200000000000000000
000bda6ce0016404780fcf8f4200000000000000000
000bdc6e60016484f80000000000000000000000000
000bde6ee00165057800000000000000000b5b52088
000be07060016585f80000000000000000000000000
000be270e0016606780000000000000000000000000
000be47260016686f80000000000000000000000000
000be672e00167077800000000000000000b6b62088
000be87460016787f80000000000000000000000000
000bea74e0000000000000000000000000000000000
000bec7660000000000000000000000000000000000
000bee76e00000000000000000000000000b7b72088
000bf07860000000000000000000000000000000000
000bf278e0000000000000000000000000000000000
000bf47a60000000000000000000000000000000000
000bf67ae00000000000000000000000000b8b82088
000bf87c60000000000000000000000000000000000
000bfa7ce0000000000000000000000000000000000
000bfc7e60000000000000000000000000000000000
000bfe7ee00000000000000000000000000b9b92088
0000000000000000000000000000000000000000000
0000000000000000000000000000000000000000000
0000000000000000000000000000000000000000000
00000000000000000000000000000000000baba2088
0000000000000000000000000000000000000000000
0000000000000000000000000000000000000000000
0000000000000000000000000000000000000000000
00000000000000000000000000000000000bbbb2088
0000000000000000000000000000000000000000000
0000000000000000000000000000000000000000000
0000000000000000000000000000000000000000000
00000000000000000000000000000000000bcbc2088
0000000000000000000000000000000000000000000
0000000000000000000000000000000000000000000
0000000000000000000000000000000000000000000
00000000000000000000000000000000000bdbd2088
0000000000000000000000000000000000000000000
0000000000000000000000000000000000000000000
0000000000000000000000000000000000000000000
00000000000000000000000000000000000bebe2088
0000000000000000000000000000000000000000000
0000000000000000000000000000000000000000000
0000000000000000000000000000000000000000000
00000000000000000000000000000000000bfbf2088
0000000000000000000000000000000000000000000
0000000000000000000000000000000000000000000
0000000000000000000000000000000000000000000
0000000000000000000000000000000000000000000
0000000000000000000000000000000000000000000
0000000000000000000000000000000000000000000
0000000000000000000000000000000000000000000
0000000000000000000000000000000000000000000
0000000000000000000000000000000000000000000
0000000000000000000000000000000000000000000
0000000000000000000000000000000000000000000
0000000000000000000000000000000000000000000
0000000000000000000000000000000000000000000
0000000000000000000000000000000000000000000
0000000000000000000000000000000000000000000
00000000000000000010d0904200000000000000000
00000000000000000011d1914200000000000000000
00000000000000000012d2924200000000000000000
00000000000000000013d3934200000000000000000
00000000000000000014d4944200000000000000000
00000000000000000015d5954200000000000000000
00000000000000000016d6964200000000000000000
00000000000168087817d7974200000000000000000
0000000000016888f818d8984200000000000000000
00000000000169097819d9994200000000000000000
0000000000016989f81ada9a4200000000000000000
0000000000016a0a781bdb9b4200000000000000000
0000000000016a8af81cdc9c4200000000000000000
0000000000016b0b781ddd9d4200000000000000000
0000000000016b8bf81ede9e4200000000000000000
0000000000016c0c781fdf9f4200000000000000000
0000000000016c8cf820e0a04200000000000000000
0000000000016d0d7821e1a14200000000000000000
0000000000016d8df822e2a24200000000000000000
0000000000016e0e7823e3a34200000000000000000
0000000000016e8ef824e4a44200000000000000000
0000000000016f0f7825e5a54200000000000000000
0000000000016f8ff826e6a64200000000000000000
00000000000170107827e7a74200000000000000000
0000000000017090f828e8a84200000000000000000
00000000000171117829e9a94200000000000000000
0000000000017191f82aeaaa4200000000000000000
0000000000017212782bebab4200000000000000000
0000000000017292f82cecac4200000000000000000
0000000000017313782dedad4200000000000000000
0000000000017393f82eeeae4200000000000000000
0000000000017414782fefaf4200000000000000000
0000000000017494f830f0b04200000000000000000
00000000000175157831f1b14200000000000000000
0000000000017595f832f2b24200000000000000000
00000000000176167833f3b34200000000000000000
0000000000017696f834f4b44200000000000000000
00000000000177177835f5b54200000000000000000
0000000000017797f836f6b64200000000000000000
00000000000178187837f7b74200000000000000000
0000000000017898f838f8b84200000000000000000
00000000000179197839f9b94200000000000000000
0000000000017999f83afaba4200000000000000000
0000000000017a1a783bfbbb4200000000000000000
0000000000017a9af83cfcbc4200000000000000000
0000000000017b1b783dfdbd4200000000000000000
0000000000017b9bf83efebe4200000000000000000
0000000000017c1c783fffbf4200000000000000000
0000000000017c9cf80000000000000000000000000
0000000000017d1d780000000000000000000000000
0000000000017d9df80000000000000000000000000
0000000000017e1e780000000000000000000000000
0000000000017e9ef80000000000000000000000000
0000000000017f1f780000000000000000000000000
0000000000017f9ff80000000000000000000000000
0000000000000000000000000000000000000000001
