02220020e
02260024e
022a0028e
022e002ce
02320030e
02360034e
023a0038e
02000022d
02020026d
0204002ad
0206002ed
02080032d
020a0036d
020c003ad
023e003ce
02420040e
02460044e
024a0048e
024e004ce
02520050e
02560054e
020e003ed
02100042d
02120046d
0214004ad
0216004ed
02180052d
021a0056d
025a0058e
025e005ce
02a200a0e
02a600a4e
02aa00a8e
02ae00ace
02b200b0e
021c005ad
021e005ed
024800a2d
024a00a6d
024c00aad
024e00aed
025000b2d
02b600b4e
02ba00b8e
02be00bce
02c200c0e
02c600c4e
02ca00c8e
02ce00cce
025200b6d
025400bad
025600bed
025800c2d
025a00c6d
025c00cad
025e00ced
02d200d0e
02d600d4e
02da00d8e
02de00dce
03220120e
03260124e
032a0128e
026000d2d
026200d6d
026400dad
026600ded
02900122d
02920126d
0294012ad
032e012ce
03320130e
03360134e
033a0138e
033e013ce
03420140e
03460144e
0296012ed
02980132d
029a0136d
029c013ad
029e013ed
02a00142d
02a20146d
034a0148e
034e014ce
03520150e
03560154e
035a0158e
035e015ce
02a4014ad
02a6014ed
02a80152d
02aa0156d
02ac015ad
02ae015ed
046046201
046446241
046846281
046c462c1
047046301
047446341
047846381
006200601
006602641
006a04681
006e066c1
007208701
00760a741
007a0c781
047c463c1
048046401
048446441
048846481
048c464c1
049046501
049446541
007e0e7c1
008210801
008612841
008a14881
008e168c1
009218901
00961a941
049846581
049c465c1
04e08ea01
04e48ea41
04e88ea81
04ec8eac1
04f08eb01
009a1c981
009e1e9c1
00e200e01
00e602e41
00ea04e81
00ee06ec1
00f208f01
04f48eb41
04f88eb81
04fc8ebc1
05008ec01
05048ec41
05088ec81
050c8ecc1
00f60af41
00fa0cf81
00fe0efc1
010211001
010613041
010a15081
05108ed01
010e170c1
05148ed41
05188ed81
051c8edc1
0560d7201
0564d7241
011219101
01161b141
011a1d181
011e1f1c1
016201601
016603641
0568d7281
056cd72c1
0570d7301
0574d7341
0578d7381
057cd73c1
0580d7401
016a05681
016e076c1
017209701
01760b741
017a0d781
017e0f7c1
018211801
0584d7441
0588d7481
058cd74c1
0590d7501
0594d7541
0598d7581
059cd75c1
018613841
018a15881
018e178c1
019219901
01961b941
019a1d981
03a201a0e
019e1f9c1
03a601a4e
03aa01a8e
03ae01ace
03b201b0e
03b601b4e
02d801a2d
03ba01b8e
02da01a6d
02dc01aad
02de01aed
02e001b2d
02e201b6d
03be01bce
02e401bad
03c201c0e
03c601c4e
03ca01c8e
03ce01cce
03d201d0e
02e601bed
03d601d4e
02e801c2d
02ea01c6d
02ec01cad
02ee01ced
02f001d2d
03da01d8e
02f201d6d
03de01dce
02420040e
02460044e
024a0048e
024e004ce
02f401dad
02520050e
02f601ded
03200042d
03220046d
0324004ad
0326004ed
02560054e
03280052d
025a0058e
025e005ce
02620060e
02660064e
026a0068e
032a0056d
026e006ce
032c005ad
032e005ed
03300062d
03320066d
0334006ad
02720070e
0336006ed
02760074e
027a0078e
027e007ce
02c200c0e
02c600c4e
03380072d
02ca00c8e
033a0076d
033c007ad
033e007ed
036800c2d
036a00c6d
02ce00cce
036c00cad
02d200d0e
02d600d4e
02da00d8e
02de00dce
02e200e0e
036e00ced
02e600e4e
037000d2d
037200d6d
037400dad
037600ded
037800e2d
02ea00e8e
037a00e6d
02ee00ece
02f200f0e
02f600f4e
02fa00f8e
02fe00fce
037c00ead
037e00eed
038000f2d
038200f6d
038400fad
038600fed
05e11fa01
05e51fa41
05e91fa81
05ed1fac1
05f11fb01
05f51fb41
05f91fb81
01e201e01
01e603e41
01ea05e81
01ee07ec1
01f209f01
01f60bf41
01fa0df81
05fd1fbc1
04211fc01
04251fc41
04291fc81
042d1fcc1
04311fd01
04351fd41
01fe0ffc1
002210201
002612241
002a14281
002e162c1
003218301
00361a341
04391fd81
043d1fdc1
048166401
048566441
048966481
048d664c1
049166501
003a1c381
003e1e3c1
008200801
008602841
008a04881
008e068c1
009208901
049566541
049966581
049d665c1
04a166601
04a566641
04a966681
04ad666c1
00960a941
009a0c981
009e0e9c1
00a210a01
00a612a41
00aa14a81
04b166701
00ae16ac1
04b566741
04b966781
04bd667c1
0501aec01
0505aec41
00b218b01
00b61ab41
00ba1cb81
00be1ebc1
010201001
010603041
0509aec81
050daecc1
0511aed01
0515aed41
0519aed81
051daedc1
0521aee01
010a05081
010e070c1
011209101
01160b141
011a0d181
011e0f1c1
012211201
0525aee41
0529aee81
052daeec1
0531aef01
0535aef41
0539aef81
053daefc1
012613241
012a15281
012e172c1
013219301
01361b341
013a1d381
03420140e
013e1f3c1
03460144e
034a0148e
034e014ce
03520150e
03560154e
03b00142d
035a0158e
03b20146d
03b4014ad
03b6014ed
03b80152d
03ba0156d
035e015ce
03bc015ad
03620160e
03660164e
036a0168e
036e016ce
03720170e
03be015ed
03760174e
03c00162d
03c20166d
03c4016ad
03c6016ed
03c80172d
037a0178e
03ca0176d
037e017ce
03c201c0e
03c601c4e
03ca01c8e
03ce01cce
03cc017ad
03d201d0e
03ce017ed
03f801c2d
03fa01c6d
03fc01cad
03fe01ced
03d601d4e
020001d2d
03da01d8e
03de01dce
03e201e0e
03e601e4e
03ea01e8e
020201d6d
03ee01ece
020401dad
020601ded
020801e2d
020a01e6d
020c01ead
03f201f0e
020e01eed
03f601f4e
03fa01f8e
03fe01fce
02620060e
02660064e
021001f2d
026a0068e
021201f6d
021401fad
021601fed
02400062d
02420066d
026e006ce
0244006ad
02720070e
02760074e
027a0078e
027e007ce
02820080e
0246006ed
02860084e
02480072d
024a0076d
024c007ad
024e007ed
02500082d
028a0088e
02520086d
028e008ce
02920090e
02960094e
029a0098e
029e009ce
0254008ad
0256008ed
02580092d
025a0096d
025c009ad
025e009ed
0581f7401
0585f7441
0589f7481
058df74c1
0591f7501
0595f7541
0599f7581
018201801
018603841
018a05881
018e078c1
019209901
01960b941
019a0d981
059df75c1
05a1f7601
05a5f7641
05a9f7681
05adf76c1
05b1f7701
05b5f7741
019e0f9c1
01a211a01
01a613a41
01aa15a81
01ae17ac1
01b219b01
01b61bb41
05b9f7781
05bdf77c1
04203fc01
04243fc41
04283fc81
042c3fcc1
04303fd01
01ba1db81
01be1fbc1
002200201
002602241
002a04281
002e062c1
003208301
04343fd41
04383fd81
043c3fdc1
04403fe01
04443fe41
04483fe81
044c3fec1
00360a341
003a0c381
003e0e3c1
004210401
004612441
004a14481
04503ff01
004e164c1
04543ff41
04583ff81
045c3ffc1
04a086601
04a486641
005218501
00561a541
005a1c581
005e1e5c1
00a200a01
00a602a41
04a886681
04ac866c1
04b086701
04b486741
04b886781
04bc867c1
04c086801
00aa04a81
00ae06ac1
00b208b01
00b60ab41
00ba0cb81
00be0ebc1
00c210c01
04c486841
04c886881
04cc868c1
04d086901
04d486941
04d886981
04dc869c1
00c612c41
00ca14c81
00ce16cc1
00d218d01
00d61ad41
00da1cd81
02e200e0e
00de1edc1
02e600e4e
02ea00e8e
02ee00ece
02f200f0e
02f600f4e
028800e2d
02fa00f8e
028a00e6d
028c00ead
028e00eed
029000f2d
029200f6d
02fe00fce
029400fad
03020100e
03060104e
030a0108e
030e010ce
03120110e
029600fed
03160114e
02980102d
029a0106d
029c010ad
029e010ed
02a00112d
031a0118e
02a20116d
031e011ce
03620160e
03660164e
036a0168e
036e016ce
02a4011ad
03720170e
02a6011ed
02d00162d
02d20166d
02d4016ad
02d6016ed
03760174e
02d80172d
037a0178e
037e017ce
03820180e
03860184e
038a0188e
02da0176d
038e018ce
02dc017ad
02de017ed
02e00182d
02e20186d
02e4018ad
03920190e
02e6018ed
03960194e
039a0198e
039e019ce
03e201e0e
03e601e4e
02e80192d
03ea01e8e
02ea0196d
02ec019ad
02ee019ed
031801e2d
031a01e6d
03ee01ece
031c01ead
03f201f0e
03f601f4e
03fa01f8e
03fe01fce
02220020e
031e01eed
02260024e
032001f2d
032201f6d
032401fad
032601fed
03280022d
022a0028e
032a0026d
022e002ce
02320030e
02360034e
023a0038e
023e003ce
032c002ad
032e002ed
03300032d
03320036d
0334003ad
0336003ed
0520cee01
0524cee41
0528cee81
052cceec1
0530cef01
0534cef41
0538cef81
012201201
012603241
012a05281
012e072c1
013209301
01360b341
013a0d381
053ccefc1
0540cf001
0544cf041
0548cf081
054ccf0c1
0550cf101
0554cf141
013e0f3c1
014211401
014613441
014a15481
014e174c1
015219501
01561b541
0558cf181
055ccf1c1
05a117601
05a517641
05a917681
05ad176c1
05b117701
015a1d581
015e1f5c1
01a201a01
01a603a41
01aa05a81
01ae07ac1
01b209b01
05b517741
05b917781
05bd177c1
05c117801
05c517841
05c917881
05cd178c1
01b60bb41
01ba0db81
01be0fbc1
01c211c01
01c613c41
01ca15c81
05d117901
01ce17cc1
05d517941
05d917981
05dd179c1
04415fe01
04455fe41
01d219d01
01d61bd41
01da1dd81
01de1fdc1
004200401
004602441
04495fe81
044d5fec1
04515ff01
04555ff41
04595ff81
045d5ffc1
04615e201
004a04481
004e064c1
005208501
00560a541
005a0c581
005e0e5c1
006210601
04655e241
04695e281
046d5e2c1
04715e301
04755e341
04795e381
047d5e3c1
006612641
006a14681
006e166c1
007218701
00761a741
007a1c781
02820080e
007e1e7c1
02860084e
028a0088e
028e008ce
02920090e
02960094e
03600082d
029a0098e
03620086d
0364008ad
0366008ed
03680092d
036a0096d
029e009ce
036c009ad
02a200a0e
02a600a4e
02aa00a8e
02ae00ace
02b200b0e
036e009ed
02b600b4e
037000a2d
037200a6d
037400aad
037600aed
037800b2d
02ba00b8e
037a00b6d
02be00bce
03020100e
03060104e
030a0108e
030e010ce
037c00bad
03120110e
037e00bed
03a80102d
03aa0106d
03ac010ad
03ae010ed
03160114e
03b00112d
031a0118e
031e011ce
03220120e
03260124e
032a0128e
03b20116d
032e012ce
03b4011ad
03b6011ed
03b80122d
03ba0126d
03bc012ad
03320130e
03be012ed
03360134e
033a0138e
033e013ce
03820180e
03860184e
03c00132d
038a0188e
03c20136d
03c4013ad
03c6013ed
03f00182d
03f20186d
038e018ce
03f4018ad
03920190e
03960194e
039a0198e
039e019ce
03a201a0e
03f6018ed
03a601a4e
03f80192d
03fa0196d
03fc019ad
03fe019ed
020001a2d
03aa01a8e
020201a6d
03ae01ace
03b201b0e
03b601b4e
03ba01b8e
03be01bce
020401aad
020601aed
020801b2d
020a01b6d
020c01bad
020e01bed
04c1a6801
04c5a6841
04c9a6881
04cda68c1
04d1a6901
04d5a6941
04d9a6981
00c200c01
00c602c41
00ca04c81
00ce06cc1
00d208d01
00d60ad41
00da0cd81
04dda69c1
04e1a6a01
04e5a6a41
04e9a6a81
04eda6ac1
04f1a6b01
04f5a6b41
00de0edc1
00e210e01
00e612e41
00ea14e81
00ee16ec1
00f218f01
00f61af41
04f9a6b81
04fda6bc1
0541ef001
0545ef041
0549ef081
054def0c1
0551ef101
00fa1cf81
00fe1efc1
014201401
014603441
014a05481
014e074c1
015209501
0555ef141
0559ef181
055def1c1
0561ef201
0565ef241
0569ef281
056def2c1
01560b541
015a0d581
015e0f5c1
016211601
016613641
016a15681
0571ef301
016e176c1
0575ef341
0579ef381
057def3c1
05c037801
05c437841
017219701
01761b741
017a1d781
017e1f7c1
01c201c01
01c603c41
05c837881
05cc378c1
05d037901
05d437941
05d837981
05dc379c1
05e037a01
01ca05c81
01ce07cc1
01d209d01
01d60bd41
01da0dd81
01de0fdc1
01e211e01
05e437a41
05e837a81
05ec37ac1
05f037b01
05f437b41
05f837b81
05fc37bc1
01e613e41
01ea15e81
01ee17ec1
01f219f01
01f61bf41
01fa1df81
02220020e
01fe1ffc1
02260024e
022a0028e
022e002ce
02320030e
02360034e
02380022d
023a0038e
023a0026d
023c002ad
023e002ed
02400032d
02420036d
023e003ce
0244003ad
02420040e
02460044e
024a0048e
024e004ce
02520050e
0246003ed
02560054e
02480042d
024a0046d
024c004ad
024e004ed
02500052d
025a0058e
02520056d
025e005ce
02a200a0e
02a600a4e
02aa00a8e
02ae00ace
0254005ad
02b200b0e
0256005ed
028000a2d
028200a6d
028400aad
028600aed
02b600b4e
028800b2d
02ba00b8e
02be00bce
02c200c0e
02c600c4e
02ca00c8e
028a00b6d
02ce00cce
028c00bad
028e00bed
029000c2d
029200c6d
029400cad
02d200d0e
029600ced
02d600d4e
02da00d8e
02de00dce
03220120e
03260124e
029800d2d
032a0128e
029a00d6d
029c00dad
029e00ded
02c80122d
02ca0126d
032e012ce
02cc012ad
03320130e
03360134e
033a0138e
033e013ce
03420140e
02ce012ed
03460144e
02d00132d
02d20136d
02d4013ad
02d6013ed
02d80142d
034a0148e
02da0146d
034e014ce
03520150e
03560154e
035a0158e
035e015ce
02dc014ad
02de014ed
02e00152d
02e20156d
02e4015ad
02e6015ed
04607e201
04647e241
04687e281
046c7e2c1
04707e301
04747e341
04787e381
006200601
006602641
006a04681
006e066c1
007208701
00760a741
007a0c781
047c7e3c1
04807e401
04847e441
04887e481
048c7e4c1
04907e501
04947e541
007e0e7c1
008210801
008612841
008a14881
008e168c1
009218901
00961a941
04987e581
049c7e5c1
04e0c6a01
04e4c6a41
04e8c6a81
04ecc6ac1
04f0c6b01
009a1c981
009e1e9c1
00e200e01
00e602e41
00ea04e81
00ee06ec1
00f208f01
04f4c6b41
04f8c6b81
04fcc6bc1
0500c6c01
0504c6c41
0508c6c81
050cc6cc1
00f60af41
00fa0cf81
00fe0efc1
010211001
010613041
010a15081
0510c6d01
010e170c1
0514c6d41
0518c6d81
051cc6dc1
05610f201
05650f241
011219101
01161b141
011a1d181
011e1f1c1
016201601
016603641
05690f281
056d0f2c1
05710f301
05750f341
05790f381
057d0f3c1
05810f401
016a05681
016e076c1
017209701
01760b741
017a0d781
017e0f7c1
018211801
05850f441
05890f481
058d0f4c1
05910f501
05950f541
05990f581
059d0f5c1
018613841
018a15881
018e178c1
019219901
01961b941
019a1d981
03a201a0e
019e1f9c1
03a601a4e
03aa01a8e
03ae01ace
03b201b0e
03b601b4e
031001a2d
03ba01b8e
031201a6d
031401aad
031601aed
031801b2d
031a01b6d
03be01bce
031c01bad
03c201c0e
03c601c4e
03ca01c8e
03ce01cce
03d201d0e
031e01bed
03d601d4e
032001c2d
032201c6d
032401cad
032601ced
032801d2d
03da01d8e
032a01d6d
03de01dce
02420040e
02460044e
024a0048e
024e004ce
032c01dad
02520050e
032e01ded
03580042d
035a0046d
035c004ad
035e004ed
02560054e
03600052d
025a0058e
025e005ce
02620060e
02660064e
026a0068e
03620056d
026e006ce
0364005ad
0366005ed
03680062d
036a0066d
036c006ad
02720070e
036e006ed
02760074e
027a0078e
027e007ce
02c200c0e
02c600c4e
03700072d
02ca00c8e
03720076d
0374007ad
0376007ed
03a000c2d
03a200c6d
02ce00cce
03a400cad
02d200d0e
02d600d4e
02da00d8e
02de00dce
02e200e0e
03a600ced
02e600e4e
03a800d2d
03aa00d6d
03ac00dad
03ae00ded
03b000e2d
02ea00e8e
03b200e6d
02ee00ece
02f200f0e
02f600f4e
02fa00f8e
02fe00fce
03b400ead
03b600eed
03b800f2d
03ba00f6d
03bc00fad
03be00fed
05e157a01
05e557a41
05e957a81
05ed57ac1
05f157b01
05f557b41
05f957b81
01e201e01
01e603e41
01ea05e81
01ee07ec1
01f209f01
01f60bf41
01fa0df81
05fd57bc1
042157c01
042557c41
042957c81
042d57cc1
043157d01
043557d41
01fe0ffc1
002210201
002612241
002a14281
002e162c1
003218301
00361a341
043957d81
043d57dc1
04819e401
04859e441
04899e481
048d9e4c1
04919e501
003a1c381
003e1e3c1
008200801
008602841
008a04881
008e068c1
009208901
04959e541
04999e581
049d9e5c1
04a19e601
04a59e641
04a99e681
04ad9e6c1
00960a941
009a0c981
009e0e9c1
00a210a01
00a612a41
00aa14a81
04b19e701
00ae16ac1
04b59e741
04b99e781
04bd9e7c1
0501e6c01
0505e6c41
00b218b01
00b61ab41
00ba1cb81
00be1ebc1
010201001
010603041
0509e6c81
050de6cc1
0511e6d01
0515e6d41
0519e6d81
051de6dc1
0521e6e01
010a05081
010e070c1
011209101
01160b141
011a0d181
011e0f1c1
012211201
0525e6e41
0529e6e81
052de6ec1
0531e6f01
0535e6f41
0539e6f81
053de6fc1
012613241
012a15281
012e172c1
013219301
01361b341
013a1d381
03420140e
013e1f3c1
03460144e
034a0148e
034e014ce
03520150e
03560154e
03e80142d
035a0158e
03ea0146d
03ec014ad
03ee014ed
03f00152d
03f20156d
035e015ce
03f4015ad
03620160e
03660164e
036a0168e
036e016ce
03720170e
03f6015ed
03760174e
03f80162d
03fa0166d
03fc016ad
03fe016ed
02000172d
037a0178e
02020176d
037e017ce
03c201c0e
03c601c4e
03ca01c8e
03ce01cce
0204017ad
03d201d0e
0206017ed
023001c2d
023201c6d
023401cad
023601ced
03d601d4e
023801d2d
03da01d8e
03de01dce
03e201e0e
03e601e4e
03ea01e8e
023a01d6d
03ee01ece
023c01dad
023e01ded
024001e2d
024201e6d
024401ead
03f201f0e
024601eed
03f601f4e
03fa01f8e
03fe01fce
02620060e
02660064e
024801f2d
026a0068e
024a01f6d
024c01fad
024e01fed
02780062d
027a0066d
026e006ce
027c006ad
02720070e
02760074e
027a0078e
027e007ce
02820080e
027e006ed
02860084e
02800072d
02820076d
0284007ad
0286007ed
02880082d
028a0088e
028a0086d
028e008ce
02920090e
02960094e
029a0098e
029e009ce
028c008ad
028e008ed
02900092d
02920096d
0294009ad
0296009ed
05802f401
05842f441
05882f481
058c2f4c1
05902f501
05942f541
05982f581
018201801
018603841
018a05881
018e078c1
019209901
01960b941
019a0d981
059c2f5c1
05a02f601
05a42f641
05a82f681
05ac2f6c1
05b02f701
05b42f741
019e0f9c1
01a211a01
01a613a41
01aa15a81
01ae17ac1
01b219b01
01b61bb41
05b82f781
05bc2f7c1
042077c01
042477c41
042877c81
042c77cc1
043077d01
01ba1db81
01be1fbc1
002200201
002602241
002a04281
002e062c1
003208301
043477d41
043877d81
043c77dc1
044077e01
044477e41
044877e81
044c77ec1
00360a341
003a0c381
003e0e3c1
004210401
004612441
004a14481
045077f01
004e164c1
045477f41
045877f81
045c77fc1
04a0be601
04a4be641
005218501
00561a541
005a1c581
005e1e5c1
00a200a01
00a602a41
04a8be681
04acbe6c1
04b0be701
04b4be741
04b8be781
04bcbe7c1
04c0be801
00aa04a81
00ae06ac1
00b208b01
00b60ab41
00ba0cb81
00be0ebc1
00c210c01
04c4be841
04c8be881
04ccbe8c1
04d0be901
04d4be941
04d8be981
04dcbe9c1
00c612c41
00ca14c81
00ce16cc1
00d218d01
00d61ad41
00da1cd81
02e200e0e
00de1edc1
02e600e4e
02ea00e8e
02ee00ece
02f200f0e
02f600f4e
02c000e2d
02fa00f8e
02c200e6d
02c400ead
02c600eed
02c800f2d
02ca00f6d
02fe00fce
02cc00fad
03020100e
03060104e
030a0108e
030e010ce
03120110e
02ce00fed
03160114e
02d00102d
02d20106d
02d4010ad
02d6010ed
02d80112d
031a0118e
02da0116d
031e011ce
03620160e
03660164e
036a0168e
036e016ce
02dc011ad
03720170e
02de011ed
03080162d
030a0166d
030c016ad
030e016ed
03760174e
03100172d
037a0178e
037e017ce
03820180e
03860184e
038a0188e
03120176d
038e018ce
0314017ad
0316017ed
03180182d
031a0186d
031c018ad
03920190e
031e018ed
03960194e
039a0198e
039e019ce
03e201e0e
03e601e4e
03200192d
03ea01e8e
03220196d
0324019ad
0326019ed
035001e2d
035201e6d
03ee01ece
035401ead
03f201f0e
03f601f4e
03fa01f8e
03fe01fce
02220020e
035601eed
02260024e
035801f2d
035a01f6d
035c01fad
035e01fed
03600022d
022a0028e
03620026d
022e002ce
02320030e
02360034e
023a0038e
023e003ce
0364002ad
0366002ed
03680032d
036a0036d
036c003ad
036e003ed
052106e01
052506e41
052906e81
052d06ec1
053106f01
053506f41
053906f81
012201201
012603241
012a05281
012e072c1
013209301
01360b341
013a0d381
053d06fc1
054107001
054507041
054907081
054d070c1
055107101
055507141
013e0f3c1
014211401
014613441
014a15481
014e174c1
015219501
01561b541
055907181
055d071c1
05a14f601
05a54f641
05a94f681
05ad4f6c1
05b14f701
015a1d581
015e1f5c1
01a201a01
01a603a41
01aa05a81
01ae07ac1
01b209b01
05b54f741
05b94f781
05bd4f7c1
05c14f801
05c54f841
05c94f881
05cd4f8c1
01b60bb41
01ba0db81
01be0fbc1
01c211c01
01c613c41
01ca15c81
05d14f901
01ce17cc1
05d54f941
05d94f981
05dd4f9c1
044197e01
044597e41
01d219d01
01d61bd41
01da1dd81
01de1fdc1
004200401
004602441
044997e81
044d97ec1
045197f01
045597f41
045997f81
045d97fc1
046196201
004a04481
004e064c1
005208501
00560a541
005a0c581
005e0e5c1
006210601
046596241
046996281
046d962c1
047196301
047596341
047996381
047d963c1
006612641
006a14681
006e166c1
007218701
00761a741
007a1c781
02820080e
007e1e7c1
02860084e
028a0088e
028e008ce
02920090e
02960094e
03980082d
029a0098e
039a0086d
039c008ad
039e008ed
03a00092d
03a20096d
029e009ce
03a4009ad
02a200a0e
02a600a4e
02aa00a8e
02ae00ace
02b200b0e
03a6009ed
02b600b4e
03a800a2d
03aa00a6d
03ac00aad
03ae00aed
03b000b2d
02ba00b8e
03b200b6d
02be00bce
03020100e
03060104e
030a0108e
030e010ce
03b400bad
03120110e
03b600bed
03e00102d
03e20106d
03e4010ad
03e6010ed
03160114e
03e80112d
031a0118e
031e011ce
03220120e
03260124e
032a0128e
03ea0116d
032e012ce
03ec011ad
03ee011ed
03f00122d
03f20126d
03f4012ad
03320130e
03f6012ed
03360134e
033a0138e
033e013ce
03820180e
03860184e
03f80132d
038a0188e
03fa0136d
03fc013ad
03fe013ed
02280182d
022a0186d
038e018ce
022c018ad
03920190e
03960194e
039a0198e
039e019ce
03a201a0e
022e018ed
03a601a4e
02300192d
02320196d
0234019ad
0236019ed
023801a2d
03aa01a8e
023a01a6d
03ae01ace
03b201b0e
03b601b4e
03ba01b8e
03be01bce
023c01aad
023e01aed
024001b2d
024201b6d
024401bad
024601bed
04c1de801
04c5de841
04c9de881
04cdde8c1
04d1de901
04d5de941
04d9de981
00c200c01
00c602c41
00ca04c81
00ce06cc1
00d208d01
00d60ad41
00da0cd81
04ddde9c1
04e1dea01
04e5dea41
04e9dea81
04eddeac1
04f1deb01
04f5deb41
00de0edc1
00e210e01
00e612e41
00ea14e81
00ee16ec1
00f218f01
00f61af41
04f9deb81
04fddebc1
054027001
054427041
054827081
054c270c1
055027101
00fa1cf81
00fe1efc1
014201401
014603441
014a05481
014e074c1
015209501
055427141
055827181
055c271c1
056027201
056427241
056827281
056c272c1
01560b541
015a0d581
015e0f5c1
016211601
016613641
016a15681
057027301
016e176c1
057427341
057827381
057c273c1
05c06f801
05c46f841
017219701
01761b741
017a1d781
017e1f7c1
01c201c01
01c603c41
05c86f881
05cc6f8c1
05d06f901
05d46f941
05d86f981
05dc6f9c1
05e06fa01
01ca05c81
01ce07cc1
01d209d01
01d60bd41
01da0dd81
01de0fdc1
01e211e01
05e46fa41
05e86fa81
05ec6fac1
05f06fb01
05f46fb41
05f86fb81
05fc6fbc1
01e613e41
01ea15e81
01ee17ec1
01f219f01
01f61bf41
01fa1df81
02220020e
01fe1ffc1
02260024e
022a0028e
022e002ce
02320030e
02360034e
02700022d
023a0038e
02720026d
0274002ad
0276002ed
02780032d
027a0036d
023e003ce
027c003ad
02420040e
02460044e
024a0048e
024e004ce
02520050e
027e003ed
02560054e
02800042d
02820046d
0284004ad
0286004ed
02880052d
025a0058e
028a0056d
025e005ce
02a200a0e
02a600a4e
02aa00a8e
02ae00ace
028c005ad
02b200b0e
028e005ed
02b800a2d
02ba00a6d
02bc00aad
02be00aed
02b600b4e
02c000b2d
02ba00b8e
02be00bce
02c200c0e
02c600c4e
02ca00c8e
02c200b6d
02ce00cce
02c400bad
02c600bed
02c800c2d
02ca00c6d
02cc00cad
02d200d0e
02ce00ced
02d600d4e
02da00d8e
02de00dce
03220120e
03260124e
02d000d2d
032a0128e
02d200d6d
02d400dad
02d600ded
03000122d
03020126d
032e012ce
0304012ad
03320130e
03360134e
033a0138e
033e013ce
03420140e
0306012ed
03460144e
03080132d
030a0136d
030c013ad
030e013ed
03100142d
034a0148e
03120146d
034e014ce
03520150e
03560154e
035a0158e
035e015ce
0314014ad
0316014ed
03180152d
031a0156d
031c015ad
031e015ed
0460b6201
0464b6241
0468b6281
046cb62c1
0470b6301
0474b6341
0478b6381
006200601
006602641
006a04681
006e066c1
007208701
00760a741
007a0c781
047cb63c1
0480b6401
0484b6441
0488b6481
048cb64c1
0490b6501
0494b6541
007e0e7c1
008210801
008612841
008a14881
008e168c1
009218901
00961a941
0498b6581
049cb65c1
04e0fea01
04e4fea41
04e8fea81
04ecfeac1
04f0feb01
009a1c981
009e1e9c1
00e200e01
00e602e41
00ea04e81
00ee06ec1
00f208f01
04f4feb41
04f8feb81
04fcfebc1
0500fec01
0504fec41
0508fec81
050cfecc1
00f60af41
00fa0cf81
00fe0efc1
010211001
010613041
010a15081
0510fed01
010e170c1
0514fed41
0518fed81
051cfedc1
056147201
056547241
011219101
01161b141
011a1d181
011e1f1c1
016201601
016603641
056947281
056d472c1
057147301
057547341
057947381
057d473c1
058147401
016a05681
016e076c1
017209701
01760b741
017a0d781
017e0f7c1
018211801
058547441
058947481
058d474c1
059147501
059547541
059947581
059d475c1
018613841
018a15881
018e178c1
019219901
01961b941
019a1d981
03a201a0e
019e1f9c1
03a601a4e
03aa01a8e
03ae01ace
03b201b0e
03b601b4e
034801a2d
03ba01b8e
034a01a6d
034c01aad
034e01aed
035001b2d
035201b6d
03be01bce
035401bad
03c201c0e
03c601c4e
03ca01c8e
03ce01cce
03d201d0e
035601bed
03d601d4e
035801c2d
035a01c6d
035c01cad
035e01ced
036001d2d
03da01d8e
036201d6d
03de01dce
02420040e
02460044e
024a0048e
024e004ce
036401dad
02520050e
036601ded
03900042d
03920046d
0394004ad
0396004ed
02560054e
03980052d
025a0058e
025e005ce
02620060e
02660064e
026a0068e
039a0056d
026e006ce
039c005ad
039e005ed
03a00062d
03a20066d
03a4006ad
02720070e
03a6006ed
02760074e
027a0078e
027e007ce
02c200c0e
02c600c4e
03a80072d
02ca00c8e
03aa0076d
03ac007ad
03ae007ed
03d800c2d
03da00c6d
02ce00cce
03dc00cad
02d200d0e
02d600d4e
02da00d8e
02de00dce
02e200e0e
03de00ced
02e600e4e
03e000d2d
03e200d6d
03e400dad
03e600ded
03e800e2d
02ea00e8e
03ea00e6d
02ee00ece
02f200f0e
02f600f4e
02fa00f8e
02fe00fce
03ec00ead
03ee00eed
03f000f2d
03f200f6d
03f400fad
03f600fed
05e18fa01
05e58fa41
05e98fa81
05ed8fac1
05f18fb01
05f58fb41
05f98fb81
01e201e01
01e603e41
01ea05e81
01ee07ec1
01f209f01
01f60bf41
01fa0df81
05fd8fbc1
04218fc01
04258fc41
04298fc81
042d8fcc1
04318fd01
04358fd41
01fe0ffc1
002210201
002612241
002a14281
002e162c1
003218301
00361a341
04398fd81
043d8fdc1
0481d6401
0485d6441
0489d6481
048dd64c1
0491d6501
003a1c381
003e1e3c1
008200801
008602841
008a04881
008e068c1
009208901
0495d6541
0499d6581
049dd65c1
04a1d6601
04a5d6641
04a9d6681
04add66c1
00960a941
009a0c981
009e0e9c1
00a210a01
00a612a41
00aa14a81
04b1d6701
00ae16ac1
04b5d6741
04b9d6781
04bdd67c1
05001ec01
05041ec41
00b218b01
00b61ab41
00ba1cb81
00be1ebc1
010201001
010603041
05081ec81
050c1ecc1
05101ed01
05141ed41
05181ed81
051c1edc1
05201ee01
010a05081
010e070c1
011209101
01160b141
011a0d181
011e0f1c1
012211201
05241ee41
05281ee81
052c1eec1
05301ef01
05341ef41
05381ef81
053c1efc1
012613241
012a15281
012e172c1
013219301
01361b341
013a1d381
03420140e
013e1f3c1
03460144e
034a0148e
034e014ce
03520150e
03560154e
02200142d
035a0158e
02220146d
0224014ad
0226014ed
02280152d
022a0156d
035e015ce
022c015ad
03620160e
03660164e
036a0168e
036e016ce
03720170e
022e015ed
03760174e
02300162d
02320166d
0234016ad
0236016ed
02380172d
037a0178e
023a0176d
037e017ce
03c201c0e
03c601c4e
03ca01c8e
03ce01cce
023c017ad
03d201d0e
023e017ed
026801c2d
026a01c6d
026c01cad
026e01ced
03d601d4e
027001d2d
03da01d8e
03de01dce
03e201e0e
03e601e4e
03ea01e8e
027201d6d
03ee01ece
027401dad
027601ded
027801e2d
027a01e6d
027c01ead
03f201f0e
027e01eed
03f601f4e
03fa01f8e
03fe01fce
02620060e
02660064e
028001f2d
026a0068e
028201f6d
028401fad
028601fed
02b00062d
02b20066d
026e006ce
02b4006ad
02720070e
02760074e
027a0078e
027e007ce
02820080e
02b6006ed
02860084e
02b80072d
02ba0076d
02bc007ad
02be007ed
02c00082d
028a0088e
02c20086d
028e008ce
02920090e
02960094e
029a0098e
029e009ce
02c4008ad
02c6008ed
02c80092d
02ca0096d
02cc009ad
02ce009ed
058067401
058467441
058867481
058c674c1
059067501
059467541
059867581
018201801
018603841
018a05881
018e078c1
019209901
01960b941
019a0d981
059c675c1
05a067601
05a467641
05a867681
05ac676c1
05b067701
05b467741
019e0f9c1
01a211a01
01a613a41
01aa15a81
01ae17ac1
01b219b01
01b61bb41
05b867781
05bc677c1
0420afc01
0424afc41
0428afc81
042cafcc1
0430afd01
01ba1db81
01be1fbc1
002200201
002602241
002a04281
002e062c1
003208301
0434afd41
0438afd81
043cafdc1
0440afe01
0444afe41
0448afe81
044cafec1
00360a341
003a0c381
003e0e3c1
004210401
004612441
004a14481
0450aff01
004e164c1
0454aff41
0458aff81
045caffc1
04a0f6601
04a4f6641
005218501
00561a541
005a1c581
005e1e5c1
00a200a01
00a602a41
04a8f6681
04acf66c1
04b0f6701
04b4f6741
04b8f6781
04bcf67c1
04c0f6801
00aa04a81
00ae06ac1
00b208b01
00b60ab41
00ba0cb81
00be0ebc1
00c210c01
04c4f6841
04c8f6881
04ccf68c1
04d0f6901
04d4f6941
04d8f6981
04dcf69c1
00c612c41
00ca14c81
00ce16cc1
00d218d01
00d61ad41
00da1cd81
02e200e0e
00de1edc1
02e600e4e
02ea00e8e
02ee00ece
02f200f0e
02f600f4e
02f800e2d
02fa00f8e
02fa00e6d
02fc00ead
02fe00eed
030000f2d
030200f6d
02fe00fce
030400fad
03020100e
03060104e
030a0108e
030e010ce
03120110e
030600fed
03160114e
03080102d
030a0106d
030c010ad
030e010ed
03100112d
031a0118e
03120116d
031e011ce
03620160e
03660164e
036a0168e
036e016ce
0314011ad
03720170e
0316011ed
03400162d
03420166d
0344016ad
0346016ed
03760174e
03480172d
037a0178e
037e017ce
03820180e
03860184e
038a0188e
034a0176d
038e018ce
034c017ad
034e017ed
03500182d
03520186d
0354018ad
03920190e
0356018ed
03960194e
039a0198e
039e019ce
03e201e0e
03e601e4e
03580192d
03ea01e8e
035a0196d
035c019ad
035e019ed
038801e2d
038a01e6d
03ee01ece
038c01ead
03f201f0e
03f601f4e
03fa01f8e
03fe01fce
02220020e
038e01eed
02260024e
039001f2d
039201f6d
039401fad
039601fed
03980022d
022a0028e
039a0026d
022e002ce
02320030e
02360034e
023a0038e
023e003ce
039c002ad
039e002ed
03a00032d
03a20036d
03a4003ad
03a6003ed
05213ee01
05253ee41
05293ee81
052d3eec1
05313ef01
05353ef41
05393ef81
012201201
012603241
012a05281
012e072c1
013209301
01360b341
013a0d381
053d3efc1
05413f001
05453f041
05493f081
054d3f0c1
05513f101
05553f141
013e0f3c1
014211401
014613441
014a15481
014e174c1
015219501
01561b541
05593f181
055d3f1c1
05a187601
05a587641
05a987681
05ad876c1
05b187701
015a1d581
015e1f5c1
01a201a01
01a603a41
01aa05a81
01ae07ac1
01b209b01
05b587741
05b987781
05bd877c1
05c187801
05c587841
05c987881
05cd878c1
01b60bb41
01ba0db81
01be0fbc1
01c211c01
01c613c41
01ca15c81
05d187901
01ce17cc1
05d587941
05d987981
05dd879c1
0441cfe01
0445cfe41
01d219d01
01d61bd41
01da1dd81
01de1fdc1
004200401
004602441
0449cfe81
044dcfec1
0451cff01
0455cff41
0459cff81
045dcffc1
0461ce201
004a04481
004e064c1
005208501
00560a541
005a0c581
005e0e5c1
006210601
0465ce241
0469ce281
046dce2c1
0471ce301
0475ce341
0479ce381
047dce3c1
006612641
006a14681
006e166c1
007218701
00761a741
007a1c781
02820080e
007e1e7c1
02860084e
028a0088e
028e008ce
02920090e
02960094e
03d00082d
029a0098e
03d20086d
03d4008ad
03d6008ed
03d80092d
03da0096d
029e009ce
03dc009ad
02a200a0e
02a600a4e
02aa00a8e
02ae00ace
02b200b0e
03de009ed
02b600b4e
03e000a2d
03e200a6d
03e400aad
03e600aed
03e800b2d
02ba00b8e
03ea00b6d
02be00bce
03020100e
03060104e
030a0108e
030e010ce
03ec00bad
03120110e
03ee00bed
02180102d
021a0106d
021c010ad
021e010ed
03160114e
02200112d
031a0118e
031e011ce
03220120e
03260124e
032a0128e
02220116d
032e012ce
0224011ad
0226011ed
02280122d
022a0126d
022c012ad
03320130e
022e012ed
03360134e
033a0138e
033e013ce
03820180e
03860184e
02300132d
038a0188e
02320136d
0234013ad
0236013ed
02600182d
02620186d
038e018ce
0264018ad
03920190e
03960194e
039a0198e
039e019ce
03a201a0e
0266018ed
03a601a4e
02680192d
026a0196d
026c019ad
026e019ed
027001a2d
03aa01a8e
027201a6d
03ae01ace
03b201b0e
03b601b4e
03ba01b8e
03be01bce
027401aad
027601aed
027801b2d
027a01b6d
027c01bad
027e01bed
04c016801
04c416841
04c816881
04cc168c1
04d016901
04d416941
04d816981
00c200c01
00c602c41
00ca04c81
00ce06cc1
00d208d01
00d60ad41
00da0cd81
04dc169c1
04e016a01
04e416a41
04e816a81
04ec16ac1
04f016b01
04f416b41
00de0edc1
00e210e01
00e612e41
00ea14e81
00ee16ec1
00f218f01
00f61af41
04f816b81
04fc16bc1
05405f001
05445f041
05485f081
054c5f0c1
05505f101
00fa1cf81
00fe1efc1
014201401
014603441
014a05481
014e074c1
015209501
05545f141
05585f181
055c5f1c1
05605f201
05645f241
05685f281
056c5f2c1
01560b541
015a0d581
015e0f5c1
016211601
016613641
016a15681
05705f301
016e176c1
05745f341
05785f381
057c5f3c1
05c0a7801
05c4a7841
017219701
01761b741
017a1d781
017e1f7c1
01c201c01
01c603c41
05c8a7881
05cca78c1
05d0a7901
05d4a7941
05d8a7981
05dca79c1
05e0a7a01
01ca05c81
01ce07cc1
01d209d01
01d60bd41
01da0dd81
01de0fdc1
01e211e01
05e4a7a41
05e8a7a81
05eca7ac1
05f0a7b01
05f4a7b41
05f8a7b81
05fca7bc1
01e613e41
01ea15e81
01ee17ec1
01f219f01
01f61bf41
01fa1df81
02220020e
01fe1ffc1
02260024e
022a0028e
022e002ce
02320030e
02360034e
02a80022d
023a0038e
02aa0026d
02ac002ad
02ae002ed
02b00032d
02b20036d
023e003ce
02b4003ad
02420040e
02460044e
024a0048e
024e004ce
02520050e
02b6003ed
02560054e
02b80042d
02ba0046d
02bc004ad
02be004ed
02c00052d
025a0058e
02c20056d
025e005ce
02a200a0e
02a600a4e
02aa00a8e
02ae00ace
02c4005ad
02b200b0e
02c6005ed
02f000a2d
02f200a6d
02f400aad
02f600aed
02b600b4e
02f800b2d
02ba00b8e
02be00bce
02c200c0e
02c600c4e
02ca00c8e
02fa00b6d
02ce00cce
02fc00bad
02fe00bed
030000c2d
030200c6d
030400cad
02d200d0e
030600ced
02d600d4e
02da00d8e
02de00dce
03220120e
03260124e
030800d2d
032a0128e
030a00d6d
030c00dad
030e00ded
03380122d
033a0126d
032e012ce
033c012ad
03320130e
03360134e
033a0138e
033e013ce
03420140e
033e012ed
03460144e
03400132d
03420136d
0344013ad
0346013ed
03480142d
034a0148e
034a0146d
034e014ce
03520150e
03560154e
035a0158e
035e015ce
034c014ad
034e014ed
03500152d
03520156d
0354015ad
0356015ed
0460ee201
0464ee241
0468ee281
046cee2c1
0470ee301
0474ee341
0478ee381
006200601
006602641
006a04681
006e066c1
007208701
00760a741
007a0c781
047cee3c1
0480ee401
0484ee441
0488ee481
048cee4c1
0490ee501
0494ee541
007e0e7c1
008210801
008612841
008a14881
008e168c1
009218901
00961a941
0498ee581
049cee5c1
04e136a01
04e536a41
04e936a81
04ed36ac1
04f136b01
009a1c981
009e1e9c1
00e200e01
00e602e41
00ea04e81
00ee06ec1
00f208f01
04f536b41
04f936b81
04fd36bc1
050136c01
050536c41
050936c81
050d36cc1
00f60af41
00fa0cf81
00fe0efc1
010211001
010613041
010a15081
051136d01
010e170c1
051536d41
051936d81
051d36dc1
05617f201
05657f241
011219101
01161b141
011a1d181
011e1f1c1
016201601
016603641
05697f281
056d7f2c1
05717f301
05757f341
05797f381
057d7f3c1
05817f401
016a05681
016e076c1
017209701
01760b741
017a0d781
017e0f7c1
018211801
05857f441
05897f481
058d7f4c1
05917f501
05957f541
05997f581
059d7f5c1
018613841
018a15881
018e178c1
019219901
01961b941
019a1d981
03a201a0e
019e1f9c1
03a601a4e
03aa01a8e
03ae01ace
03b201b0e
03b601b4e
038001a2d
03ba01b8e
038201a6d
038401aad
038601aed
038801b2d
038a01b6d
03be01bce
038c01bad
03c201c0e
03c601c4e
03ca01c8e
03ce01cce
03d201d0e
038e01bed
03d601d4e
039001c2d
039201c6d
039401cad
039601ced
039801d2d
03da01d8e
039a01d6d
03de01dce
02420040e
02460044e
024a0048e
024e004ce
039c01dad
02520050e
039e01ded
03c80042d
03ca0046d
03cc004ad
03ce004ed
02560054e
03d00052d
025a0058e
025e005ce
02620060e
02660064e
026a0068e
03d20056d
026e006ce
03d4005ad
03d6005ed
03d80062d
03da0066d
03dc006ad
02720070e
03de006ed
02760074e
027a0078e
027e007ce
02c200c0e
02c600c4e
03e00072d
02ca00c8e
03e20076d
03e4007ad
03e6007ed
021000c2d
021200c6d
02ce00cce
021400cad
02d200d0e
02d600d4e
02da00d8e
02de00dce
02e200e0e
021600ced
02e600e4e
021800d2d
021a00d6d
021c00dad
021e00ded
022000e2d
02ea00e8e
022200e6d
02ee00ece
02f200f0e
02f600f4e
02fa00f8e
02fe00fce
022400ead
022600eed
022800f2d
022a00f6d
022c00fad
022e00fed
05e1c7a01
05e5c7a41
05e9c7a81
05edc7ac1
05f1c7b01
05f5c7b41
05f9c7b81
01e201e01
01e603e41
01ea05e81
01ee07ec1
01f209f01
01f60bf41
01fa0df81
05fdc7bc1
0421c7c01
0425c7c41
0429c7c81
042dc7cc1
0431c7d01
0435c7d41
01fe0ffc1
002210201
002612241
002a14281
002e162c1
003218301
00361a341
0439c7d81
043dc7dc1
04800e401
04840e441
04880e481
048c0e4c1
04900e501
003a1c381
003e1e3c1
008200801
008602841
008a04881
008e068c1
009208901
04940e541
04980e581
049c0e5c1
04a00e601
04a40e641
04a80e681
04ac0e6c1
00960a941
009a0c981
009e0e9c1
00a210a01
00a612a41
00aa14a81
04b00e701
00ae16ac1
04b40e741
04b80e781
04bc0e7c1
050056c01
050456c41
00b218b01
00b61ab41
00ba1cb81
00be1ebc1
010201001
010603041
050856c81
050c56cc1
051056d01
051456d41
051856d81
051c56dc1
052056e01
010a05081
010e070c1
011209101
01160b141
011a0d181
011e0f1c1
012211201
052456e41
052856e81
052c56ec1
053056f01
053456f41
053856f81
053c56fc1
012613241
012a15281
012e172c1
013219301
01361b341
013a1d381
03420140e
013e1f3c1
03460144e
034a0148e
034e014ce
03520150e
03560154e
02580142d
035a0158e
025a0146d
025c014ad
025e014ed
02600152d
02620156d
035e015ce
0264015ad
03620160e
03660164e
036a0168e
036e016ce
03720170e
0266015ed
03760174e
02680162d
026a0166d
026c016ad
026e016ed
02700172d
037a0178e
02720176d
037e017ce
03c201c0e
03c601c4e
03ca01c8e
03ce01cce
0274017ad
03d201d0e
0276017ed
02a001c2d
02a201c6d
02a401cad
02a601ced
03d601d4e
02a801d2d
03da01d8e
03de01dce
03e201e0e
03e601e4e
03ea01e8e
02aa01d6d
03ee01ece
02ac01dad
02ae01ded
02b001e2d
02b201e6d
02b401ead
03f201f0e
02b601eed
03f601f4e
03fa01f8e
03fe01fce
02620060e
02660064e
02b801f2d
026a0068e
02ba01f6d
02bc01fad
02be01fed
02e80062d
02ea0066d
026e006ce
02ec006ad
02720070e
02760074e
027a0078e
027e007ce
02820080e
02ee006ed
02860084e
02f00072d
02f20076d
02f4007ad
02f6007ed
02f80082d
028a0088e
02fa0086d
028e008ce
02920090e
02960094e
029a0098e
029e009ce
02fc008ad
02fe008ed
03000092d
03020096d
0304009ad
0306009ed
05809f401
05849f441
05889f481
058c9f4c1
05909f501
05949f541
05989f581
018201801
018603841
018a05881
018e078c1
019209901
01960b941
019a0d981
059c9f5c1
05a09f601
05a49f641
05a89f681
05ac9f6c1
05b09f701
05b49f741
019e0f9c1
01a211a01
01a613a41
01aa15a81
01ae17ac1
01b219b01
01b61bb41
05b89f781
05bc9f7c1
0420e7c01
0424e7c41
0428e7c81
042ce7cc1
0430e7d01
01ba1db81
01be1fbc1
002200201
002602241
002a04281
002e062c1
003208301
0434e7d41
0438e7d81
043ce7dc1
0440e7e01
0444e7e41
0448e7e81
044ce7ec1
00360a341
003a0c381
003e0e3c1
004210401
004612441
004a14481
0450e7f01
004e164c1
0454e7f41
0458e7f81
045ce7fc1
04a12e601
04a52e641
005218501
00561a541
005a1c581
005e1e5c1
00a200a01
00a602a41
04a92e681
04ad2e6c1
04b12e701
04b52e741
04b92e781
04bd2e7c1
04c12e801
00aa04a81
00ae06ac1
00b208b01
00b60ab41
00ba0cb81
00be0ebc1
00c210c01
04c52e841
04c92e881
04cd2e8c1
04d12e901
04d52e941
04d92e981
04dd2e9c1
00c612c41
00ca14c81
00ce16cc1
00d218d01
00d61ad41
00da1cd81
02e200e0e
00de1edc1
02e600e4e
02ea00e8e
02ee00ece
02f200f0e
02f600f4e
033000e2d
02fa00f8e
033200e6d
033400ead
033600eed
033800f2d
033a00f6d
02fe00fce
033c00fad
03020100e
03060104e
030a0108e
030e010ce
03120110e
033e00fed
03160114e
03400102d
03420106d
0344010ad
0346010ed
03480112d
031a0118e
034a0116d
031e011ce
03620160e
03660164e
036a0168e
036e016ce
034c011ad
03720170e
034e011ed
03780162d
037a0166d
037c016ad
037e016ed
03760174e
03800172d
037a0178e
037e017ce
03820180e
03860184e
038a0188e
03820176d
038e018ce
0384017ad
0386017ed
03880182d
038a0186d
038c018ad
03920190e
038e018ed
03960194e
039a0198e
039e019ce
03e201e0e
03e601e4e
03900192d
03ea01e8e
03920196d
0394019ad
0396019ed
03c001e2d
03c201e6d
03ee01ece
03c401ead
03f201f0e
03f601f4e
03fa01f8e
03fe01fce
02220020e
03c601eed
02260024e
03c801f2d
03ca01f6d
03cc01fad
03ce01fed
03d00022d
022a0028e
03d20026d
022e002ce
02320030e
02360034e
023a0038e
023e003ce
03d4002ad
03d6002ed
03d80032d
03da0036d
03dc003ad
03de003ed
052176e01
052576e41
052976e81
052d76ec1
053176f01
053576f41
053976f81
012201201
012603241
012a05281
012e072c1
013209301
01360b341
013a0d381
053d76fc1
054177001
054577041
054977081
054d770c1
055177101
055577141
013e0f3c1
014211401
014613441
014a15481
014e174c1
015219501
01561b541
055977181
055d771c1
05a1bf601
05a5bf641
05a9bf681
05adbf6c1
05b1bf701
015a1d581
015e1f5c1
01a201a01
01a603a41
01aa05a81
01ae07ac1
01b209b01
05b5bf741
05b9bf781
05bdbf7c1
05c1bf801
05c5bf841
05c9bf881
05cdbf8c1
01b60bb41
01ba0db81
01be0fbc1
01c211c01
01c613c41
01ca15c81
05d1bf901
01ce17cc1
05d5bf941
05d9bf981
05ddbf9c1
044007e01
044407e41
01d219d01
01d61bd41
01da1dd81
01de1fdc1
004200401
004602441
044807e81
044c07ec1
045007f01
045407f41
045807f81
045c07fc1
046006201
004a04481
004e064c1
005208501
00560a541
005a0c581
005e0e5c1
006210601
046406241
046806281
046c062c1
047006301
047406341
047806381
047c063c1
006612641
006a14681
006e166c1
007218701
00761a741
007a1c781
02820080e
007e1e7c1
02860084e
028a0088e
028e008ce
02920090e
02960094e
02080082d
029a0098e
020a0086d
020c008ad
020e008ed
02100092d
02120096d
029e009ce
0214009ad
02a200a0e
02a600a4e
02aa00a8e
02ae00ace
02b200b0e
0216009ed
02b600b4e
021800a2d
021a00a6d
021c00aad
021e00aed
022000b2d
02ba00b8e
022200b6d
02be00bce
03020100e
03060104e
030a0108e
030e010ce
022400bad
03120110e
022600bed
02500102d
02520106d
0254010ad
0256010ed
03160114e
02580112d
031a0118e
031e011ce
03220120e
03260124e
032a0128e
025a0116d
032e012ce
025c011ad
025e011ed
02600122d
02620126d
0264012ad
03320130e
0266012ed
03360134e
033a0138e
033e013ce
03820180e
03860184e
02680132d
038a0188e
026a0136d
026c013ad
026e013ed
02980182d
029a0186d
038e018ce
029c018ad
03920190e
03960194e
039a0198e
039e019ce
03a201a0e
029e018ed
03a601a4e
02a00192d
02a20196d
02a4019ad
02a6019ed
02a801a2d
03aa01a8e
02aa01a6d
03ae01ace
03b201b0e
03b601b4e
03ba01b8e
03be01bce
02ac01aad
02ae01aed
02b001b2d
02b201b6d
02b401bad
02b601bed
04c04e801
04c44e841
04c84e881
04cc4e8c1
04d04e901
04d44e941
04d84e981
00c200c01
00c602c41
00ca04c81
00ce06cc1
00d208d01
00d60ad41
00da0cd81
04dc4e9c1
04e04ea01
04e44ea41
04e84ea81
04ec4eac1
04f04eb01
04f44eb41
00de0edc1
00e210e01
00e612e41
00ea14e81
00ee16ec1
00f218f01
00f61af41
04f84eb81
04fc4ebc1
054097001
054497041
054897081
054c970c1
055097101
00fa1cf81
00fe1efc1
014201401
014603441
014a05481
014e074c1
015209501
055497141
055897181
055c971c1
056097201
056497241
056897281
056c972c1
01560b541
015a0d581
015e0f5c1
016211601
016613641
016a15681
057097301
016e176c1
057497341
057897381
057c973c1
05c0df801
05c4df841
017219701
01761b741
017a1d781
017e1f7c1
01c201c01
01c603c41
05c8df881
05ccdf8c1
05d0df901
05d4df941
05d8df981
05dcdf9c1
05e0dfa01
01ca05c81
01ce07cc1
01d209d01
01d60bd41
01da0dd81
01de0fdc1
01e211e01
05e4dfa41
05e8dfa81
05ecdfac1
05f0dfb01
05f4dfb41
05f8dfb81
05fcdfbc1
01e613e41
01ea15e81
01ee17ec1
01f219f01
01f61bf41
01fa1df81
02220020e
01fe1ffc1
02260024e
022a0028e
022e002ce
02320030e
02360034e
02e00022d
023a0038e
02e20026d
02e4002ad
02e6002ed
02e80032d
02ea0036d
023e003ce
02ec003ad
02420040e
02460044e
024a0048e
024e004ce
02520050e
02ee003ed
02560054e
02f00042d
02f20046d
02f4004ad
02f6004ed
02f80052d
025a0058e
02fa0056d
025e005ce
02a200a0e
02a600a4e
02aa00a8e
02ae00ace
02fc005ad
02b200b0e
02fe005ed
032800a2d
032a00a6d
032c00aad
032e00aed
02b600b4e
033000b2d
02ba00b8e
02be00bce
02c200c0e
02c600c4e
02ca00c8e
033200b6d
02ce00cce
033400bad
033600bed
033800c2d
033a00c6d
033c00cad
02d200d0e
033e00ced
02d600d4e
02da00d8e
02de00dce
03220120e
03260124e
034000d2d
032a0128e
034200d6d
034400dad
034600ded
03700122d
03720126d
032e012ce
0374012ad
03320130e
03360134e
033a0138e
033e013ce
03420140e
0376012ed
03460144e
03780132d
037a0136d
037c013ad
037e013ed
03800142d
034a0148e
03820146d
034e014ce
03520150e
03560154e
035a0158e
035e015ce
0384014ad
0386014ed
03880152d
038a0156d
038c015ad
038e015ed
046126201
046526241
046926281
046d262c1
047126301
047526341
047926381
006200601
006602641
006a04681
006e066c1
007208701
00760a741
007a0c781
047d263c1
048126401
048526441
048926481
048d264c1
049126501
049526541
007e0e7c1
008210801
008612841
008a14881
008e168c1
009218901
00961a941
049926581
049d265c1
04e16ea01
04e56ea41
04e96ea81
04ed6eac1
04f16eb01
009a1c981
009e1e9c1
00e200e01
00e602e41
00ea04e81
00ee06ec1
00f208f01
04f56eb41
04f96eb81
04fd6ebc1
05016ec01
05056ec41
05096ec81
050d6ecc1
00f60af41
00fa0cf81
00fe0efc1
010211001
010613041
010a15081
05116ed01
010e170c1
05156ed41
05196ed81
051d6edc1
0561b7201
0565b7241
011219101
01161b141
011a1d181
011e1f1c1
016201601
016603641
0569b7281
056db72c1
0571b7301
0575b7341
0579b7381
057db73c1
0581b7401
016a05681
016e076c1
017209701
01760b741
017a0d781
017e0f7c1
018211801
0585b7441
0589b7481
058db74c1
0591b7501
0595b7541
0599b7581
059db75c1
018613841
018a15881
018e178c1
019219901
01961b941
019a1d981
03a201a0e
019e1f9c1
03a601a4e
03aa01a8e
03ae01ace
03b201b0e
03b601b4e
03b801a2d
03ba01b8e
03ba01a6d
03bc01aad
03be01aed
03c001b2d
03c201b6d
03be01bce
03c401bad
03c201c0e
03c601c4e
03ca01c8e
03ce01cce
03d201d0e
03c601bed
03d601d4e
03c801c2d
03ca01c6d
03cc01cad
03ce01ced
03d001d2d
03da01d8e
03d201d6d
03de01dce
03d401dad
03d601ded
05e1ffa01
05e5ffa41
05e9ffa81
05edffac1
05f1ffb01
05f5ffb41
05f9ffb81
01e201e01
01e603e41
01ea05e81
01ee07ec1
01f209f01
01f60bf41
01fa0df81
05fdffbc1
0421ffc01
0425ffc41
0429ffc81
042dffcc1
0431ffd01
0435ffd41
01fe0ffc1
002210201
002612241
002a14281
002e162c1
003218301
00361a341
0439ffd81
043dffdc1
003a1c381
003e1e3c1
02000000c
02020002c
02040004c
02060006c
02080008c
020a000ac
020c000cc
020e000ec
02100010c
02120012c
02140014c
02160016c
02180018c
021a001ac
021c001cc
021e001ec
027e0080c
02800082c
02820084c
02860088c
02840086c
0288008ac
028a008cc
028c008ec
028e0090c
02900092c
02920094c
02940096c
0298009ac
02960098c
029a009cc
029c009ec
02fc0100c
02fe0102c
03020106c
03000104c
03040108c
0308010cc
0306010ac
030a010ec
030c0110c
030e0112c
03100114c
03120116c
03140118c
0316011ac
0318011cc
031a011ec
037c0182c
04203c003
04243c023
04283c043
042c3c063
04303c083
04343c0a3
04383c0c3
043c3c0e3
04403c103
04443c123
04483c143
044c3c163
04503c183
04543c1a3
04583c1c3
245c3c1e3
037a0180c
037e0184c
03820188c
03800186c
0384018ac
0386018cc
0388018ec
038c0192c
038a0190c
03900196c
038e0194c
03920198c
0394019ac
0396019cc
24a0ba803
0398019ec
24a4ba823
023e0022b
24a8ba843
24acba863
02400026b
24b0ba883
0242002ab
24b4ba8a3
24b8ba8c3
0244002eb
24bcba8e3
02460032b
24c0ba903
24c4ba923
02480036b
24c8ba943
024a003ab
24ccba963
24d0ba983
024c003eb
24d4ba9a3
024e0042b
24d8ba9c3
24dcba9e3
02500046b
252139003
0252004ab
252539023
252939043
0254004eb
252d39063
02560052b
253139083
2535390a3
02580056b
2539390c3
025a005ab
253d390e3
025c005eb
254139103
254539123
02bc00a2b
254939143
02be00a6b
254d39163
255139183
02c000aab
2555391a3
02c200aeb
2559391c3
255d391e3
02c400b2b
25a1b7803
02c600b6b
25a5b7823
02c800bab
25a9b7843
02ca00beb
25adb7863
25b1b7883
02cc00c2b
25b5b78a3
02ce00c6b
24607c221
24627c261
02d000cab
24647c2a1
02d200ceb
24667c2e1
24687c321
02d400d2b
246a7c361
02d600d6b
246c7c3a1
246e7c3e1
02d800dab
24707c421
02da00deb
24727c461
24747c4a1
033a0122b
24767c4e1
033c0126b
24787c521
247a7c561
033e012ab
247c7c5a1
0340012eb
247e7c5e1
25b9b78c3
03420132b
25bdb78e3
03440136b
25c1b7903
03f80000c
03fa0002c
03fe0006c
0346013ab
25c5b7923
03fc0004c
02000008c
0202000ac
25c9b7943
0348013eb
0204000cc
0206000ec
25cdb7963
02080010c
020a0012c
034a0142b
25d1b7983
020c0014c
020e0016c
02100018c
24e0faa21
034c0146b
0212001ac
0214001cc
24e2faa61
0216001ec
034e014ab
24e4faaa1
24e6faae1
0350014eb
24e8fab21
03520152b
24eafab61
24ecfaba1
03540156b
24eefabe1
0356015ab
24f0fac21
24f2fac61
0358015eb
24f4faca1
03b801a2b
24f6face1
24f8fad21
03ba01a6b
24fafad61
03bc01aab
24fcfada1
24fefade1
03be01aeb
25d5b79a3
03c001b2b
25d9b79c3
25ddb79e3
03c201b6b
02760080c
02780082c
242034003
027a0084c
027c0086c
03c401bab
242434023
027e0088c
0280008ac
0282008cc
242834043
03c601beb
0284008ec
02860090c
242c34063
028a0094c
02880092c
03c801c2b
243034083
028c0096c
028e0098c
0290009ac
256179221
03ca01c6b
0292009cc
0294009ec
256379261
03cc01cab
2565792a1
2567792e1
03ce01ceb
256979321
03d001d2b
256b79361
256d793a1
03d201d6b
256f793e1
03d401dab
257179421
257379461
03d601deb
2575794a1
02360022b
2577794e1
257979521
02380026b
023a002ab
057d795a1
057b79561
057f795e1
023c002eb
0434340a3
0438340c3
043c340e3
023e0032b
044034103
044434123
044834143
044c34163
045034183
0454341a3
0458341c3
045c341e3
02f40100c
04a0b2803
04a4b2823
24a8b2843
02f60102c
02f80104c
02fa0106c
24acb2863
02fc0108c
02fe010ac
0300010cc
24b0b2883
0302010ec
03040110c
03060112c
24b4b28a3
03080114c
030a0116c
030c0118c
24b8b28c3
030e011ac
0310011cc
0312011ec
25e1f7a21
02400036b
25e3f7a61
25e5f7aa1
0242003ab
25e7f7ae1
0244003eb
25e9f7b21
25ebf7b61
02460042b
25edf7ba1
02480046b
25eff7be1
25f1f7c21
024a004ab
25f3f7c61
024c004eb
25f5f7ca1
25f7f7ce1
024e0052b
25f9f7d21
02500056b
25fbf7d61
25fdf7da1
0252005ab
25fff7de1
0254005eb
24bcb28e3
24c0b2903
02b400a2b
24c4b2923
03720180c
02b600a6b
24c8b2943
03740182c
03760184c
03780186c
24ccb2963
02b800aab
037a0188c
037c018ac
24d0b2983
037e018cc
03820190c
02ba00aeb
24d4b29a3
03840192c
0380018ec
03860194c
24d8b29c3
02bc00b2b
03880196c
038a0198c
24dcb29e3
038c019ac
038e019cc
02be00b6b
252131003
0390019ec
252531023
02c000bab
252931043
02c200beb
252d31063
253131083
02c400c2b
2535310a3
02c600c6b
246074221
246274261
02c800cab
2464742a1
02ca00ceb
2466742e1
246874321
02cc00d2b
246a74361
02ce00d6b
246c743a1
246e743e1
02d000dab
247074421
02d200deb
247274461
2474744a1
03320122b
2476744e1
03340126b
247874521
247a74561
0336012ab
0338012eb
047c745a1
047e745e1
033a0132b
0539310c3
053d310e3
054131103
054531123
033c0136b
054931143
054d31163
0555311a3
05a1af803
055131183
0559311c3
055d311e3
05a5af823
05adaf863
05a9af843
25b1af883
03f00000c
03f20002c
03f40004c
25b5af8a3
03f60006c
03f80008c
03fa000ac
25b9af8c3
03fc000cc
03fe000ec
02000010c
24e0f2a21
02020012c
02040014c
02060016c
24e2f2a61
02080018c
020a001ac
020c001cc
24e4f2aa1
020e001ec
033e013ab
24e6f2ae1
24e8f2b21
0340013eb
24eaf2b61
03420142b
24ecf2ba1
24eef2be1
03440146b
24f0f2c21
0346014ab
24f4f2ca1
24f2f2c61
0348014eb
24f6f2ce1
034a0152b
24f8f2d21
24faf2d61
034c0156b
24fcf2da1
034e015ab
25bdaf8e3
24fef2de1
03b001a2b
25c1af903
0350015eb
25c5af923
03b401aab
25c9af943
026e0080c
02700082c
02720084c
25cdaf963
03b201a6b
02740086c
02760088c
25d1af983
0278008ac
027c008ec
03b601aeb
24202c003
027a008cc
027e0090c
02800092c
25d5af9a3
03b801b2b
02820094c
02860098c
25d9af9c3
02840096c
028a009cc
03ba01b6b
25ddaf9e3
0288009ac
028c009ec
24242c023
03bc01bab
24282c043
03be01beb
242c2c063
24302c083
03c001c2b
24342c0a3
03c201c6b
24382c0c3
256171221
03c401cab
256371261
03c601ceb
2565712a1
2567712e1
03c801d2b
256971321
03ca01d6b
256b71361
256d713a1
03cc01dab
256f713e1
03ce01deb
257171421
257371461
022e0022b
2575714a1
02300026b
2577714e1
257971521
0232002ab
257b71561
0234002eb
257d715a1
02360032b
057f715e1
02380036b
043c2c0e3
04402c103
04442c123
04a0aa803
04482c143
023a003ab
044c2c163
04502c183
04542c1a3
04582c1c3
045c2c1e3
04a4aa823
04a8aa843
04acaa863
04b0aa883
24b4aa8a3
02ec0100c
02ee0102c
02f00104c
24bcaa8e3
02f20106c
02f40108c
02f6010ac
25e1efa21
02f8010cc
02fa010ec
02fc0110c
25e3efa61
02fe0112c
03000114c
03020116c
25e5efaa1
03040118c
0306011ac
0308011cc
25e7efae1
030a011ec
023c003eb
25e9efb21
25ebefb61
023e0042b
25edefba1
02400046b
25f1efc21
25efefbe1
0242004ab
25f3efc61
0244004eb
25f5efca1
25f7efce1
02460052b
25f9efd21
02480056b
25fdefda1
25fbefd61
024c005eb
25ffefde1
024a005ab
24b8aa8c3
02ae00a6b
24c0aa903
24c4aa923
02ac00a2b
036a0180c
036c0182c
24c8aa943
036e0184c
03700186c
02b000aab
252129003
03720188c
0374018ac
0376018cc
24ccaa963
02b200aeb
0378018ec
037a0190c
24d0aa983
037c0192c
037e0194c
02b400b2b
24d4aa9a3
03800196c
0384019ac
03820198c
24d8aa9c3
02b600b6b
0386019cc
0388019ec
24dcaa9e3
02b800bab
252529023
252929043
02ba00beb
252d29063
02bc00c2b
253129083
24606c221
02be00c6b
24626c261
02c000cab
24646c2a1
24666c2e1
02c200ceb
24686c321
02c400d2b
246a6c361
246c6c3a1
02c600d6b
246e6c3e1
02c800dab
24706c421
24726c461
02ca00deb
24746c4a1
032a0122b
24766c4e1
24786c521
032c0126b
032e012ab
047c6c5a1
047a6c561
047e6c5e1
0330012eb
0535290a3
0539290c3
053d290e3
03320132b
054129103
054529123
054929143
054d29163
055129183
0555291a3
0559291c3
055d291e3
03e80000c
05a1a7803
05a5a7823
25a9a7843
03ea0002c
03ec0004c
03ee0006c
25ada7863
03f00008c
03f2000ac
03f4000cc
25b1a7883
03f6000ec
03f80010c
03fa0012c
25b5a78a3
03fc0014c
03fe0016c
02000018c
25b9a78c3
0202001ac
0204001cc
0206001ec
24e0eaa21
03340136b
24e2eaa61
24e4eaaa1
0336013ab
24e6eaae1
0338013eb
24e8eab21
24eaeab61
033a0142b
24eceaba1
033c0146b
24eeeabe1
24f0eac21
033e014ab
24f2eac61
0340014eb
24f4eaca1
24f6eace1
03420152b
24f8ead21
03440156b
24faead61
24fceada1
0346015ab
24feeade1
0348015eb
25bda78e3
25c1a7903
03a801a2b
25c5a7923
02660080c
03aa01a6b
25c9a7943
02680082c
026a0084c
026c0086c
25cda7963
03ac01aab
026e0088c
0270008ac
25d1a7983
0272008cc
02760090c
03ae01aeb
25d5a79a3
02780092c
0274008ec
027a0094c
25d9a79c3
03b001b2b
027c0096c
027e0098c
25dda79e3
0280009ac
0282009cc
03b201b6b
242024003
0284009ec
242424023
03b401bab
242824043
03b601beb
242c24063
243024083
03b801c2b
2434240a3
03ba01c6b
256169221
256369261
03bc01cab
2565692a1
03be01ceb
2567692e1
256969321
03c001d2b
256b69361
03c201d6b
256d693a1
256f693e1
03c401dab
257169421
03c601deb
257369461
2575694a1
02260022b
2577694e1
02280026b
257969521
257b69561
022a002ab
022c002eb
057d695a1
057f695e1
022e0032b
0438240c3
043c240e3
044024103
044424123
02300036b
044824143
044c24163
0454241a3
04a0a2803
045024183
0458241c3
045c241e3
04a4a2823
04aca2863
04a8a2843
24b0a2883
02e40100c
02e60102c
02e80104c
24b4a28a3
02ea0106c
02ec0108c
02ee010ac
24b8a28c3
02f0010cc
02f2010ec
02f40110c
25e1e7a21
02f60112c
02f80114c
02fa0116c
25e3e7a61
02fc0118c
02fe011ac
0300011cc
25e5e7aa1
0302011ec
0232003ab
25e7e7ae1
25e9e7b21
0234003eb
25ebe7b61
02360042b
25ede7ba1
25efe7be1
02380046b
25f1e7c21
023a004ab
25f5e7ca1
25f3e7c61
023c004eb
25f7e7ce1
023e0052b
25f9e7d21
25fbe7d61
02400056b
25fde7da1
0242005ab
24bca28e3
25ffe7de1
02a400a2b
24c0a2903
0244005eb
24c4a2923
02a800aab
24c8a2943
03620180c
03640182c
03660184c
24cca2963
02a600a6b
03680186c
036a0188c
24d0a2983
036c018ac
0370018ec
02aa00aeb
252121003
036e018cc
03720190c
03740192c
24d4a29a3
02ac00b2b
03760194c
037a0198c
24d8a29c3
03780196c
037e019cc
02ae00b6b
24dca29e3
037c019ac
0380019ec
252521023
02b000bab
252921043
02b200beb
252d21063
253121083
02b400c2b
2535210a3
02b600c6b
2539210c3
246064221
02b800cab
246264261
02ba00ceb
2464642a1
2466642e1
02bc00d2b
246864321
02be00d6b
246a64361
246c643a1
02c000dab
246e643e1
02c200deb
247064421
247264461
03220122b
2474644a1
03240126b
2476644e1
247864521
0326012ab
247a64561
0328012eb
247c645a1
032a0132b
047e645e1
032c0136b
053d210e3
054121103
054521123
05a19f803
054921143
032e013ab
054d21163
055121183
0555211a3
0559211c3
055d211e3
05a59f823
05a99f843
05ad9f863
05b19f883
25b59f8a3
03e00000c
03e20002c
03e40004c
25bd9f8e3
03e60006c
03e80008c
03ea000ac
24e0e2a21
03ec000cc
03ee000ec
03f00010c
24e2e2a61
03f20012c
03f40014c
03f60016c
24e4e2aa1
03f80018c
03fa001ac
03fc001cc
24e6e2ae1
03fe001ec
0330013eb
24e8e2b21
24eae2b61
03320142b
24ece2ba1
03340146b
24f0e2c21
24eee2be1
0336014ab
24f2e2c61
0338014eb
24f4e2ca1
24f6e2ce1
033a0152b
24f8e2d21
033c0156b
24fce2da1
24fae2d61
0340015eb
24fee2de1
033e015ab
25b99f8c3
03a201a6b
25c19f903
25c59f923
03a001a2b
025e0080c
02600082c
25c99f943
02620084c
02640086c
03a401aab
24201c003
02660088c
0268008ac
026a008cc
25cd9f963
03a601aeb
026c008ec
026e0090c
25d19f983
02700092c
02720094c
03a801b2b
25d59f9a3
02740096c
0278009ac
02760098c
25d99f9c3
03aa01b6b
027a009cc
027c009ec
25dd9f9e3
03ac01bab
24241c023
24281c043
03ae01beb
242c1c063
03b001c2b
24301c083
256161221
03b201c6b
256361261
03b401cab
2565612a1
2567612e1
03b601ceb
256961321
03b801d2b
256b61361
256d613a1
03ba01d6b
256f613e1
03bc01dab
257161421
257361461
03be01deb
2575614a1
021e0022b
2577614e1
257961521
02200026b
0222002ab
057d615a1
057b61561
057f615e1
0224002eb
04341c0a3
04381c0c3
043c1c0e3
02260032b
04401c103
04441c123
04481c143
044c1c163
04501c183
04541c1a3
04581c1c3
045c1c1e3
02dc0100c
04a09a803
04a49a823
24a89a843
02de0102c
02e00104c
02e20106c
24ac9a863
02e40108c
02e6010ac
02e8010cc
24b09a883
02ea010ec
02ec0110c
02ee0112c
24b49a8a3
02f00114c
02f20116c
02f40118c
24b89a8c3
02f6011ac
02f8011cc
02fa011ec
25e1dfa21
02280036b
25e3dfa61
25e5dfaa1
022a003ab
25e7dfae1
022c003eb
25e9dfb21
25ebdfb61
022e0042b
25eddfba1
02300046b
25efdfbe1
25f1dfc21
0232004ab
25f3dfc61
0234004eb
25f5dfca1
25f7dfce1
02360052b
25f9dfd21
02380056b
25fbdfd61
25fddfda1
023a005ab
25ffdfde1
023c005eb
24bc9a8e3
24c09a903
029c00a2b
24c49a923
035a0180c
029e00a6b
24c89a943
035c0182c
035e0184c
03600186c
24cc9a963
02a000aab
03620188c
0364018ac
24d09a983
0366018cc
036a0190c
02a200aeb
24d49a9a3
036c0192c
0368018ec
036e0194c
24d89a9c3
02a400b2b
03700196c
03720198c
24dc9a9e3
0374019ac
0376019cc
02a600b6b
252119003
0378019ec
252519023
02a800bab
252919043
02aa00beb
252d19063
253119083
02ac00c2b
2535190a3
02ae00c6b
24605c221
24625c261
02b000cab
24645c2a1
02b200ceb
24665c2e1
24685c321
02b400d2b
246a5c361
02b600d6b
246c5c3a1
246e5c3e1
02b800dab
24705c421
02ba00deb
24725c461
24745c4a1
031a0122b
24765c4e1
031c0126b
24785c521
247a5c561
031e012ab
0320012eb
047c5c5a1
047e5c5e1
03220132b
0539190c3
053d190e3
054119103
054519123
03240136b
054919143
054d19163
0555191a3
05a197803
055119183
0559191c3
055d191e3
05a597823
05ad97863
05a997843
25b197883
03d80000c
03da0002c
03dc0004c
25b5978a3
03de0006c
03e00008c
03e2000ac
25b9978c3
03e4000cc
03e6000ec
03e80010c
24e0daa21
03ea0012c
03ec0014c
03ee0016c
24e2daa61
03f00018c
03f2001ac
03f4001cc
24e4daaa1
03f6001ec
0326013ab
24e6daae1
24e8dab21
0328013eb
24eadab61
032a0142b
24ecdaba1
24eedabe1
032c0146b
24f0dac21
032e014ab
24f4daca1
24f2dac61
0330014eb
24f6dace1
03320152b
24f8dad21
24fadad61
03340156b
24fcdada1
0336015ab
25bd978e3
24fedade1
039801a2b
25c197903
0338015eb
25c597923
039c01aab
25c997943
02560080c
02580082c
025a0084c
25cd97963
039a01a6b
025c0086c
025e0088c
25d197983
0260008ac
0264008ec
039e01aeb
242014003
0262008cc
02660090c
02680092c
25d5979a3
03a001b2b
026a0094c
026e0098c
25d9979c3
026c0096c
0272009cc
03a201b6b
25dd979e3
0270009ac
0274009ec
242414023
03a401bab
242814043
03a601beb
242c14063
243014083
03a801c2b
2434140a3
03aa01c6b
2438140c3
256159221
03ac01cab
256359261
03ae01ceb
2565592a1
2567592e1
03b001d2b
256959321
03b201d6b
256b59361
256d593a1
03b401dab
256f593e1
03b601deb
257159421
257359461
02160022b
2575594a1
02180026b
2577594e1
257959521
021a002ab
257b59561
021c002eb
257d595a1
021e0032b
057f595e1
02200036b
043c140e3
044014103
044414123
04a092803
044814143
0222003ab
044c14163
045014183
0454141a3
0458141c3
045c141e3
04a492823
04a892843
04ac92863
04b092883
24b4928a3
02d40100c
02d60102c
02d80104c
24bc928e3
02da0106c
02dc0108c
02de010ac
25e1d7a21
02e0010cc
02e2010ec
02e40110c
25e3d7a61
02e60112c
02e80114c
02ea0116c
25e5d7aa1
02ec0118c
02ee011ac
02f0011cc
25e7d7ae1
02f2011ec
0224003eb
25e9d7b21
25ebd7b61
02260042b
25edd7ba1
02280046b
25f1d7c21
25efd7be1
022a004ab
25f3d7c61
022c004eb
25f5d7ca1
25f7d7ce1
022e0052b
25f9d7d21
02300056b
25fdd7da1
25fbd7d61
0234005eb
25ffd7de1
0232005ab
24b8928c3
029600a6b
24c092903
24c492923
029400a2b
03520180c
03540182c
24c892943
03560184c
03580186c
029800aab
252111003
035a0188c
035c018ac
035e018cc
24cc92963
029a00aeb
0360018ec
03620190c
24d092983
03640192c
03660194c
029c00b2b
24d4929a3
03680196c
036c019ac
036a0198c
24d8929c3
029e00b6b
036e019cc
0370019ec
24dc929e3
02a000bab
252511023
252911043
02a200beb
252d11063
02a400c2b
253111083
246054221
02a600c6b
246254261
02a800cab
2464542a1
2466542e1
02aa00ceb
246854321
02ac00d2b
246a54361
246c543a1
02ae00d6b
246e543e1
02b000dab
247054421
247254461
02b200deb
2474544a1
03120122b
2476544e1
247854521
03140126b
0316012ab
047c545a1
047a54561
047e545e1
0318012eb
0535110a3
0539110c3
053d110e3
031a0132b
054111103
054511123
054911143
054d11163
055111183
0555111a3
0559111c3
055d111e3
03d00000c
05a18f803
05a58f823
25a98f843
03d20002c
03d40004c
03d60006c
25ad8f863
03d80008c
03da000ac
03dc000cc
25b18f883
03de000ec
03e00010c
03e20012c
25b58f8a3
03e40014c
03e60016c
03e80018c
25b98f8c3
03ea001ac
03ec001cc
03ee001ec
24e0d2a21
031c0136b
24e2d2a61
24e4d2aa1
031e013ab
24e6d2ae1
0320013eb
24e8d2b21
24ead2b61
03220142b
24ecd2ba1
03240146b
24eed2be1
24f0d2c21
0326014ab
24f2d2c61
0328014eb
24f4d2ca1
24f6d2ce1
032a0152b
24f8d2d21
032c0156b
24fad2d61
24fcd2da1
032e015ab
24fed2de1
0330015eb
25bd8f8e3
25c18f903
039001a2b
25c58f923
024e0080c
039201a6b
25c98f943
02500082c
02520084c
02540086c
25cd8f963
039401aab
02560088c
0258008ac
25d18f983
025a008cc
025e0090c
039601aeb
25d58f9a3
02600092c
025c008ec
02620094c
25d98f9c3
039801b2b
02640096c
02660098c
25dd8f9e3
0268009ac
026a009cc
039a01b6b
24200c003
026c009ec
24240c023
039c01bab
24280c043
039e01beb
242c0c063
24300c083
03a001c2b
24340c0a3
03a201c6b
256151221
256351261
03a401cab
2565512a1
03a601ceb
2567512e1
256951321
03a801d2b
256b51361
03aa01d6b
256d513a1
256f513e1
03ac01dab
257151421
03ae01deb
257351461
2575514a1
020e0022b
2577514e1
02100026b
257951521
257b51561
0212002ab
0214002eb
057d515a1
057f515e1
02160032b
04380c0c3
043c0c0e3
04400c103
04440c123
02180036b
04480c143
044c0c163
04540c1a3
04a08a803
04500c183
04580c1c3
045c0c1e3
04a48a823
04ac8a863
04a88a843
24b08a883
02cc0100c
02ce0102c
02d00104c
24b48a8a3
02d20106c
02d40108c
02d6010ac
24b88a8c3
02d8010cc
02da010ec
02dc0110c
25e1cfa21
02de0112c
02e00114c
02e20116c
25e3cfa61
02e40118c
02e6011ac
02e8011cc
25e5cfaa1
02ea011ec
021a003ab
25e7cfae1
25e9cfb21
021c003eb
25ebcfb61
021e0042b
25edcfba1
25efcfbe1
02200046b
25f1cfc21
0222004ab
25f5cfca1
25f3cfc61
0224004eb
25f7cfce1
02260052b
25f9cfd21
25fbcfd61
02280056b
25fdcfda1
022a005ab
24bc8a8e3
25ffcfde1
028c00a2b
24c08a903
022c005eb
24c48a923
029000aab
24c88a943
034a0180c
034c0182c
034e0184c
24cc8a963
028e00a6b
03500186c
03520188c
24d08a983
0354018ac
0358018ec
029200aeb
252109003
0356018cc
035a0190c
035c0192c
24d48a9a3
029400b2b
035e0194c
03620198c
24d88a9c3
03600196c
0366019cc
029600b6b
24dc8a9e3
0364019ac
0368019ec
252509023
029800bab
252909043
029a00beb
252d09063
253109083
029c00c2b
2535090a3
029e00c6b
2539090c3
24604c221
02a000cab
24624c261
02a200ceb
24644c2a1
24664c2e1
02a400d2b
24684c321
02a600d6b
246a4c361
246c4c3a1
02a800dab
246e4c3e1
02aa00deb
24704c421
24724c461
030a0122b
24744c4a1
030c0126b
24764c4e1
24784c521
030e012ab
247a4c561
0310012eb
247c4c5a1
03120132b
047e4c5e1
03140136b
053d090e3
054109103
054509123
05a187803
054909143
0316013ab
054d09163
055109183
0555091a3
0559091c3
055d091e3
05a587823
05a987843
05ad87863
05b187883
25b5878a3
03c80000c
03ca0002c
03cc0004c
25bd878e3
03ce0006c
03d00008c
03d2000ac
24e0caa21
03d4000cc
03d6000ec
03d80010c
24e2caa61
03da0012c
03dc0014c
03de0016c
24e4caaa1
03e00018c
03e2001ac
03e4001cc
24e6caae1
03e6001ec
0318013eb
24e8cab21
24eacab61
031a0142b
24eccaba1
031c0146b
24f0cac21
24eecabe1
031e014ab
24f2cac61
0320014eb
24f4caca1
24f6cace1
03220152b
24f8cad21
03240156b
24fccada1
24facad61
0328015eb
24fecade1
0326015ab
25b9878c3
038a01a6b
25c187903
25c587923
038801a2b
02460080c
02480082c
25c987943
024a0084c
024c0086c
038c01aab
242004003
024e0088c
0250008ac
0252008cc
25cd87963
038e01aeb
0254008ec
02560090c
25d187983
02580092c
025a0094c
039001b2b
25d5879a3
025c0096c
0260009ac
025e0098c
25d9879c3
039201b6b
0262009cc
0264009ec
25dd879e3
039401bab
242404023
242804043
039601beb
242c04063
039801c2b
243004083
256149221
039a01c6b
256349261
039c01cab
2565492a1
2567492e1
039e01ceb
256949321
03a001d2b
256b49361
256d493a1
03a201d6b
256f493e1
03a401dab
257149421
257349461
03a601deb
2575494a1
02060022b
2577494e1
257949521
02080026b
020a002ab
057d495a1
057b49561
057f495e1
020c002eb
0434040a3
0438040c3
043c040e3
020e0032b
044004103
044404123
044804143
044c04163
045004183
0454041a3
0458041c3
045c041e3
02c40100c
04a082803
04a482823
24a882843
02c60102c
02c80104c
02ca0106c
24ac82863
02cc0108c
02ce010ac
02d0010cc
24b082883
02d2010ec
02d40110c
02d60112c
24b4828a3
02d80114c
02da0116c
02dc0118c
24b8828c3
02de011ac
02e0011cc
02e2011ec
25e1c7a21
02100036b
25e3c7a61
25e5c7aa1
0212003ab
25e7c7ae1
0214003eb
25e9c7b21
25ebc7b61
02160042b
25edc7ba1
02180046b
25efc7be1
25f1c7c21
021a004ab
25f3c7c61
021c004eb
25f5c7ca1
25f7c7ce1
021e0052b
25f9c7d21
02200056b
25fbc7d61
25fdc7da1
0222005ab
25ffc7de1
0224005eb
24bc828e3
24c082903
028400a2b
24c482923
03420180c
028600a6b
24c882943
03440182c
03460184c
03480186c
24cc82963
028800aab
034a0188c
034c018ac
24d082983
034e018cc
03520190c
028a00aeb
24d4829a3
03540192c
0350018ec
03560194c
24d8829c3
028c00b2b
03580196c
035a0198c
24dc829e3
035c019ac
035e019cc
028e00b6b
252101003
0360019ec
252501023
029000bab
252901043
029200beb
252d01063
253101083
029400c2b
2535010a3
029600c6b
246044221
246244261
029800cab
2464442a1
029a00ceb
2466442e1
246844321
029c00d2b
246a44361
029e00d6b
246c443a1
246e443e1
02a000dab
247044421
02a200deb
247244461
2474444a1
03020122b
2476444e1
03040126b
247844521
247a44561
0306012ab
0308012eb
047c445a1
047e445e1
030a0132b
0539010c3
053d010e3
054101103
054501123
030c0136b
054901143
054d01163
0555011a3
05a17f803
055101183
0559011c3
055d011e3
05a57f823
05ad7f863
05a97f843
25b17f883
03c00000c
03c20002c
03c40004c
25b57f8a3
03c60006c
03c80008c
03ca000ac
25b97f8c3
03cc000cc
03ce000ec
03d00010c
24e0c2a21
03d20012c
03d40014c
03d60016c
24e2c2a61
03d80018c
03da001ac
03dc001cc
24e4c2aa1
03de001ec
030e013ab
24e6c2ae1
24e8c2b21
0310013eb
24eac2b61
03120142b
24ecc2ba1
24eec2be1
03140146b
24f0c2c21
0316014ab
24f4c2ca1
24f2c2c61
0318014eb
24f6c2ce1
031a0152b
24f8c2d21
24fac2d61
031c0156b
24fcc2da1
031e015ab
25bd7f8e3
24fec2de1
038001a2b
25c17f903
0320015eb
25c57f923
038401aab
25c97f943
023e0080c
02400082c
02420084c
25cd7f963
038201a6b
02440086c
02460088c
25d17f983
0248008ac
024c008ec
038601aeb
2421fc003
024a008cc
024e0090c
02500092c
25d57f9a3
038801b2b
02520094c
02560098c
25d97f9c3
02540096c
025a009cc
038a01b6b
25dd7f9e3
0258009ac
025c009ec
2425fc023
038c01bab
2429fc043
038e01beb
242dfc063
2431fc083
039001c2b
2435fc0a3
039201c6b
2439fc0c3
256141221
039401cab
256341261
039601ceb
2565412a1
2567412e1
039801d2b
256941321
039a01d6b
256b41361
256d413a1
039c01dab
256f413e1
039e01deb
257141421
257341461
03fe0022b
2575414a1
02000026b
2577414e1
257941521
0202002ab
257b41561
0204002eb
257d415a1
02060032b
057f415e1
02080036b
043dfc0e3
0441fc103
0445fc123
04a07a803
0449fc143
020a003ab
044dfc163
0451fc183
0455fc1a3
0459fc1c3
045dfc1e3
04a47a823
04a87a843
04ac7a863
04b07a883
24b47a8a3
02bc0100c
02be0102c
02c00104c
24bc7a8e3
02c20106c
02c40108c
02c6010ac
25e1bfa21
02c8010cc
02ca010ec
02cc0110c
25e3bfa61
02ce0112c
02d00114c
02d20116c
25e5bfaa1
02d40118c
02d6011ac
02d8011cc
25e7bfae1
02da011ec
020c003eb
25e9bfb21
25ebbfb61
020e0042b
25edbfba1
02100046b
25f1bfc21
25efbfbe1
0212004ab
25f3bfc61
0214004eb
25f5bfca1
25f7bfce1
02160052b
25f9bfd21
02180056b
25fdbfda1
25fbbfd61
021c005eb
25ffbfde1
021a005ab
24b87a8c3
027e00a6b
24c07a903
24c47a923
027c00a2b
033a0180c
033c0182c
24c87a943
033e0184c
03400186c
028000aab
2520f9003
03420188c
0344018ac
0346018cc
24cc7a963
028200aeb
0348018ec
034a0190c
24d07a983
034c0192c
034e0194c
028400b2b
24d47a9a3
03500196c
0354019ac
03520198c
24d87a9c3
028600b6b
0356019cc
0358019ec
24dc7a9e3
028800bab
2524f9023
2528f9043
028a00beb
252cf9063
028c00c2b
2530f9083
24603c221
028e00c6b
24623c261
029000cab
24643c2a1
24663c2e1
029200ceb
24683c321
029400d2b
246a3c361
246c3c3a1
029600d6b
246e3c3e1
029800dab
24703c421
24723c461
029a00deb
24743c4a1
02fa0122b
24763c4e1
24783c521
02fc0126b
02fe012ab
047c3c5a1
047a3c561
047e3c5e1
0300012eb
0534f90a3
0538f90c3
053cf90e3
03020132b
0540f9103
0544f9123
0548f9143
054cf9163
0550f9183
0554f91a3
0558f91c3
055cf91e3
03b80000c
05a177803
05a577823
25a977843
03ba0002c
03bc0004c
03be0006c
25ad77863
03c00008c
03c2000ac
03c4000cc
25b177883
03c6000ec
03c80010c
03ca0012c
25b5778a3
03cc0014c
03ce0016c
03d00018c
25b9778c3
03d2001ac
03d4001cc
03d6001ec
24e0baa21
03040136b
24e2baa61
24e4baaa1
0306013ab
24e6baae1
0308013eb
24e8bab21
24eabab61
030a0142b
24ecbaba1
030c0146b
24eebabe1
24f0bac21
030e014ab
24f2bac61
0310014eb
24f4baca1
24f6bace1
03120152b
24f8bad21
03140156b
24fabad61
24fcbada1
0316015ab
24febade1
0318015eb
25bd778e3
25c177903
037801a2b
25c577923
02360080c
037a01a6b
25c977943
02380082c
023a0084c
023c0086c
25cd77963
037c01aab
023e0088c
0240008ac
25d177983
0242008cc
02460090c
037e01aeb
25d5779a3
02480092c
0244008ec
024a0094c
25d9779c3
038001b2b
024c0096c
024e0098c
25dd779e3
0250009ac
0252009cc
038201b6b
2421f4003
0254009ec
2425f4023
038401bab
2429f4043
038601beb
242df4063
2431f4083
038801c2b
2435f40a3
038a01c6b
256139221
256339261
038c01cab
2565392a1
038e01ceb
2567392e1
256939321
039001d2b
256b39361
039201d6b
256d393a1
256f393e1
039401dab
257139421
039601deb
257339461
2575394a1
03f60022b
2577394e1
03f80026b
257939521
257b39561
03fa002ab
03fc002eb
057d395a1
057f395e1
03fe0032b
0439f40c3
043df40e3
0441f4103
0445f4123
02000036b
0449f4143
044df4163
0455f41a3
04a072803
0451f4183
0459f41c3
045df41e3
04a472823
04ac72863
04a872843
24b072883
02b40100c
02b60102c
02b80104c
24b4728a3
02ba0106c
02bc0108c
02be010ac
24b8728c3
02c0010cc
02c2010ec
02c40110c
25e1b7a21
02c60112c
02c80114c
02ca0116c
25e3b7a61
02cc0118c
02ce011ac
02d0011cc
25e5b7aa1
02d2011ec
0202003ab
25e7b7ae1
25e9b7b21
0204003eb
25ebb7b61
02060042b
25edb7ba1
25efb7be1
02080046b
25f1b7c21
020a004ab
25f5b7ca1
25f3b7c61
020c004eb
25f7b7ce1
020e0052b
25f9b7d21
25fbb7d61
02100056b
25fdb7da1
0212005ab
24bc728e3
25ffb7de1
027400a2b
24c072903
0214005eb
24c472923
027800aab
24c872943
03320180c
03340182c
03360184c
24cc72963
027600a6b
03380186c
033a0188c
24d072983
033c018ac
0340018ec
027a00aeb
2520f1003
033e018cc
03420190c
03440192c
24d4729a3
027c00b2b
03460194c
034a0198c
24d8729c3
03480196c
034e019cc
027e00b6b
24dc729e3
034c019ac
0350019ec
2524f1023
028000bab
2528f1043
028200beb
252cf1063
2530f1083
028400c2b
2534f10a3
028600c6b
2538f10c3
246034221
028800cab
246234261
028a00ceb
2464342a1
2466342e1
028c00d2b
246834321
028e00d6b
246a34361
246c343a1
029000dab
246e343e1
029200deb
247034421
247234461
02f20122b
2474344a1
02f40126b
2476344e1
247834521
02f6012ab
247a34561
02f8012eb
247c345a1
02fa0132b
047e345e1
02fc0136b
053cf10e3
0540f1103
0544f1123
05a16f803
0548f1143
02fe013ab
054cf1163
0550f1183
0554f11a3
0558f11c3
055cf11e3
05a56f823
05a96f843
05ad6f863
05b16f883
25b56f8a3
03b00000c
03b20002c
03b40004c
25bd6f8e3
03b60006c
03b80008c
03ba000ac
24e0b2a21
03bc000cc
03be000ec
03c00010c
24e2b2a61
03c20012c
03c40014c
03c60016c
24e4b2aa1
03c80018c
03ca001ac
03cc001cc
24e6b2ae1
03ce001ec
0300013eb
24e8b2b21
24eab2b61
03020142b
24ecb2ba1
03040146b
24f0b2c21
24eeb2be1
0306014ab
24f2b2c61
0308014eb
24f4b2ca1
24f6b2ce1
030a0152b
24f8b2d21
030c0156b
24fcb2da1
24fab2d61
0310015eb
24feb2de1
030e015ab
25b96f8c3
037201a6b
25c16f903
25c56f923
037001a2b
022e0080c
02300082c
25c96f943
02320084c
02340086c
037401aab
2421ec003
02360088c
0238008ac
023a008cc
25cd6f963
037601aeb
023c008ec
023e0090c
25d16f983
02400092c
02420094c
037801b2b
25d56f9a3
02440096c
0248009ac
02460098c
25d96f9c3
037a01b6b
024a009cc
024c009ec
25dd6f9e3
037c01bab
2425ec023
2429ec043
037e01beb
242dec063
038001c2b
2431ec083
256131221
038201c6b
256331261
038401cab
2565312a1
2567312e1
038601ceb
256931321
038801d2b
256b31361
256d313a1
038a01d6b
256f313e1
038c01dab
257131421
257331461
038e01deb
2575314a1
03ee0022b
2577314e1
257931521
03f00026b
03f2002ab
057d315a1
057b31561
057f315e1
03f4002eb
0435ec0a3
0439ec0c3
043dec0e3
03f60032b
0441ec103
0445ec123
0449ec143
044dec163
0451ec183
0455ec1a3
0459ec1c3
045dec1e3
02ac0100c
04a06a803
04a46a823
24a86a843
02ae0102c
02b00104c
02b20106c
24ac6a863
02b40108c
02b6010ac
02b8010cc
24b06a883
02ba010ec
02bc0110c
02be0112c
24b46a8a3
02c00114c
02c20116c
02c40118c
24b86a8c3
02c6011ac
02c8011cc
02ca011ec
25e1afa21
03f80036b
25e3afa61
25e5afaa1
03fa003ab
25e7afae1
03fc003eb
25e9afb21
25ebafb61
03fe0042b
25edafba1
02000046b
25efafbe1
25f1afc21
0202004ab
25f3afc61
0204004eb
25f5afca1
25f7afce1
02060052b
25f9afd21
02080056b
25fbafd61
25fdafda1
020a005ab
25ffafde1
020c005eb
24bc6a8e3
24c06a903
026c00a2b
24c46a923
032a0180c
026e00a6b
24c86a943
032c0182c
032e0184c
03300186c
24cc6a963
027000aab
03320188c
0334018ac
24d06a983
0336018cc
033a0190c
027200aeb
24d46a9a3
033c0192c
0338018ec
033e0194c
24d86a9c3
027400b2b
03400196c
03420198c
24dc6a9e3
0344019ac
0346019cc
027600b6b
2520e9003
0348019ec
2524e9023
027800bab
2528e9043
027a00beb
252ce9063
2530e9083
027c00c2b
2534e90a3
027e00c6b
24602c221
24622c261
028000cab
24642c2a1
028200ceb
24662c2e1
24682c321
028400d2b
246a2c361
028600d6b
246c2c3a1
246e2c3e1
028800dab
24702c421
028a00deb
24722c461
24742c4a1
02ea0122b
24762c4e1
02ec0126b
24782c521
247a2c561
02ee012ab
02f0012eb
047c2c5a1
047e2c5e1
02f20132b
0538e90c3
053ce90e3
0540e9103
0544e9123
02f40136b
0548e9143
054ce9163
0554e91a3
05a167803
0550e9183
0558e91c3
055ce91e3
05a567823
05ad67863
05a967843
25b167883
03a80000c
03aa0002c
03ac0004c
25b5678a3
03ae0006c
03b00008c
03b2000ac
25b9678c3
03b4000cc
03b6000ec
03b80010c
24e0aaa21
03ba0012c
03bc0014c
03be0016c
24e2aaa61
03c00018c
03c2001ac
03c4001cc
24e4aaaa1
03c6001ec
02f6013ab
24e6aaae1
24e8aab21
02f8013eb
24eaaab61
02fa0142b
24ecaaba1
24eeaabe1
02fc0146b
24f0aac21
02fe014ab
24f4aaca1
24f2aac61
0300014eb
24f6aace1
03020152b
24f8aad21
24faaad61
03040156b
24fcaada1
0306015ab
25bd678e3
24feaade1
036801a2b
25c167903
0308015eb
25c567923
036c01aab
25c967943
02260080c
02280082c
022a0084c
25cd67963
036a01a6b
022c0086c
022e0088c
25d167983
0230008ac
0234008ec
036e01aeb
2421e4003
0232008cc
02360090c
02380092c
25d5679a3
037001b2b
023a0094c
023e0098c
25d9679c3
023c0096c
0242009cc
037201b6b
25dd679e3
0240009ac
0244009ec
2425e4023
037401bab
2429e4043
037601beb
242de4063
2431e4083
037801c2b
2435e40a3
037a01c6b
2439e40c3
256129221
037c01cab
256329261
037e01ceb
2565292a1
2567292e1
038001d2b
256929321
038201d6b
256b29361
256d293a1
038401dab
256f293e1
038601deb
257129421
257329461
03e60022b
2575294a1
03e80026b
2577294e1
257929521
03ea002ab
257b29561
03ec002eb
257d295a1
03ee0032b
057f295e1
03f00036b
043de40e3
0441e4103
0445e4123
04a062803
0449e4143
03f2003ab
044de4163
0451e4183
0455e41a3
0459e41c3
045de41e3
04a462823
04a862843
04ac62863
04b062883
24b4628a3
02a40100c
02a60102c
02a80104c
24bc628e3
02aa0106c
02ac0108c
02ae010ac
25e1a7a21
02b0010cc
02b2010ec
02b40110c
25e3a7a61
02b60112c
02b80114c
02ba0116c
25e5a7aa1
02bc0118c
02be011ac
02c0011cc
25e7a7ae1
02c2011ec
03f4003eb
25e9a7b21
25eba7b61
03f60042b
25eda7ba1
03f80046b
25f1a7c21
25efa7be1
03fa004ab
25f3a7c61
03fc004eb
25f5a7ca1
25f7a7ce1
03fe0052b
25f9a7d21
02000056b
25fda7da1
25fba7d61
0204005eb
25ffa7de1
0202005ab
24b8628c3
026600a6b
24c062903
24c462923
026400a2b
03220180c
03240182c
24c862943
03260184c
03280186c
026800aab
2520e1003
032a0188c
032c018ac
032e018cc
24cc62963
026a00aeb
0330018ec
03320190c
24d062983
03340192c
03360194c
026c00b2b
24d4629a3
03380196c
033c019ac
033a0198c
24d8629c3
026e00b6b
033e019cc
0340019ec
24dc629e3
027000bab
2524e1023
2528e1043
027200beb
252ce1063
027400c2b
2530e1083
246024221
027600c6b
246224261
027800cab
2464242a1
2466242e1
027a00ceb
246824321
027c00d2b
246a24361
246c243a1
027e00d6b
246e243e1
028000dab
247024421
247224461
028200deb
2474244a1
02e20122b
2476244e1
247824521
02e40126b
02e6012ab
047c245a1
047a24561
047e245e1
02e8012eb
0534e10a3
0538e10c3
053ce10e3
02ea0132b
0540e1103
0544e1123
0548e1143
054ce1163
0550e1183
0554e11a3
0558e11c3
055ce11e3
03a00000c
05a15f803
05a55f823
25a95f843
03a20002c
03a40004c
03a60006c
25ad5f863
03a80008c
03aa000ac
03ac000cc
25b15f883
03ae000ec
03b00010c
03b20012c
25b55f8a3
03b40014c
03b60016c
03b80018c
25b95f8c3
03ba001ac
03bc001cc
03be001ec
24e0a2a21
02ec0136b
24e2a2a61
24e4a2aa1
02ee013ab
24e6a2ae1
02f0013eb
24e8a2b21
24eaa2b61
02f20142b
24eca2ba1
02f40146b
24eea2be1
24f0a2c21
02f6014ab
24f2a2c61
02f8014eb
24f4a2ca1
24f6a2ce1
02fa0152b
24f8a2d21
02fc0156b
24faa2d61
24fca2da1
02fe015ab
24fea2de1
0300015eb
25bd5f8e3
25c15f903
036001a2b
25c55f923
021e0080c
036201a6b
25c95f943
02200082c
02220084c
02240086c
25cd5f963
036401aab
02260088c
0228008ac
25d15f983
022a008cc
022e0090c
036601aeb
25d55f9a3
02300092c
022c008ec
02320094c
25d95f9c3
036801b2b
02340096c
02360098c
25dd5f9e3
0238009ac
023a009cc
036a01b6b
2421dc003
023c009ec
2425dc023
036c01bab
2429dc043
036e01beb
242ddc063
2431dc083
037001c2b
2435dc0a3
037201c6b
256121221
256321261
037401cab
2565212a1
037601ceb
2567212e1
256921321
037801d2b
256b21361
037a01d6b
256d213a1
256f213e1
037c01dab
257121421
037e01deb
257321461
2575214a1
03de0022b
2577214e1
03e00026b
257921521
257b21561
03e2002ab
03e4002eb
057d215a1
057f215e1
03e60032b
0439dc0c3
043ddc0e3
0441dc103
0445dc123
03e80036b
0449dc143
044ddc163
0455dc1a3
04a05a803
0451dc183
0459dc1c3
045ddc1e3
04a45a823
04ac5a863
04a85a843
24b05a883
029c0100c
029e0102c
02a00104c
24b45a8a3
02a20106c
02a40108c
02a6010ac
24b85a8c3
02a8010cc
02aa010ec
02ac0110c
25e19fa21
02ae0112c
02b00114c
02b20116c
25e39fa61
02b40118c
02b6011ac
02b8011cc
25e59faa1
02ba011ec
03ea003ab
25e79fae1
25e99fb21
03ec003eb
25eb9fb61
03ee0042b
25ed9fba1
25ef9fbe1
03f00046b
25f19fc21
03f2004ab
25f59fca1
25f39fc61
03f4004eb
25f79fce1
03f60052b
25f99fd21
25fb9fd61
03f80056b
25fd9fda1
03fa005ab
24bc5a8e3
25ff9fde1
025c00a2b
24c05a903
03fc005eb
24c45a923
026000aab
24c85a943
031a0180c
031c0182c
031e0184c
24cc5a963
025e00a6b
03200186c
03220188c
24d05a983
0324018ac
0328018ec
026200aeb
2520d9003
0326018cc
032a0190c
032c0192c
24d45a9a3
026400b2b
032e0194c
03320198c
24d85a9c3
03300196c
0336019cc
026600b6b
24dc5a9e3
0334019ac
0338019ec
2524d9023
026800bab
2528d9043
026a00beb
252cd9063
2530d9083
026c00c2b
2534d90a3
026e00c6b
2538d90c3
24601c221
027000cab
24621c261
027200ceb
24641c2a1
24661c2e1
027400d2b
24681c321
027600d6b
246a1c361
246c1c3a1
027800dab
246e1c3e1
027a00deb
24701c421
24721c461
02da0122b
24741c4a1
02dc0126b
24761c4e1
24781c521
02de012ab
247a1c561
02e0012eb
247c1c5a1
02e20132b
047e1c5e1
02e40136b
053cd90e3
0540d9103
0544d9123
05a157803
0548d9143
02e6013ab
054cd9163
0550d9183
0554d91a3
0558d91c3
055cd91e3
05a557823
05a957843
05ad57863
05b157883
25b5578a3
03980000c
039a0002c
039c0004c
25bd578e3
039e0006c
03a00008c
03a2000ac
24e09aa21
03a4000cc
03a6000ec
03a80010c
24e29aa61
03aa0012c
03ac0014c
03ae0016c
24e49aaa1
03b00018c
03b2001ac
03b4001cc
24e69aae1
03b6001ec
02e8013eb
24e89ab21
24ea9ab61
02ea0142b
24ec9aba1
02ec0146b
24f09ac21
24ee9abe1
02ee014ab
24f29ac61
02f0014eb
24f49aca1
24f69ace1
02f20152b
24f89ad21
02f40156b
24fc9ada1
24fa9ad61
02f8015eb
24fe9ade1
02f6015ab
25b9578c3
035a01a6b
25c157903
25c557923
035801a2b
02160080c
02180082c
25c957943
021a0084c
021c0086c
035c01aab
2421d4003
021e0088c
0220008ac
0222008cc
25cd57963
035e01aeb
0224008ec
02260090c
25d157983
02280092c
022a0094c
036001b2b
25d5579a3
022c0096c
0230009ac
022e0098c
25d9579c3
036201b6b
0232009cc
0234009ec
25dd579e3
036401bab
2425d4023
2429d4043
036601beb
242dd4063
036801c2b
2431d4083
256119221
036a01c6b
256319261
036c01cab
2565192a1
2567192e1
036e01ceb
256919321
037001d2b
256b19361
256d193a1
037201d6b
256f193e1
037401dab
257119421
257319461
037601deb
2575194a1
03d60022b
2577194e1
257919521
03d80026b
03da002ab
057d195a1
057b19561
057f195e1
03dc002eb
0435d40a3
0439d40c3
043dd40e3
03de0032b
0441d4103
0445d4123
0449d4143
044dd4163
0451d4183
0455d41a3
0459d41c3
045dd41e3
02940100c
04a052803
04a452823
24a852843
02960102c
02980104c
029a0106c
24ac52863
029c0108c
029e010ac
02a0010cc
24b052883
02a2010ec
02a40110c
02a60112c
24b4528a3
02a80114c
02aa0116c
02ac0118c
24b8528c3
02ae011ac
02b0011cc
02b2011ec
25e197a21
03e00036b
25e397a61
25e597aa1
03e2003ab
25e797ae1
03e4003eb
25e997b21
25eb97b61
03e60042b
25ed97ba1
03e80046b
25ef97be1
25f197c21
03ea004ab
25f397c61
03ec004eb
25f597ca1
25f797ce1
03ee0052b
25f997d21
03f00056b
25fb97d61
25fd97da1
03f2005ab
25ff97de1
03f4005eb
24bc528e3
24c052903
025400a2b
24c452923
03120180c
025600a6b
24c852943
03140182c
03160184c
03180186c
24cc52963
025800aab
031a0188c
031c018ac
24d052983
031e018cc
03220190c
025a00aeb
24d4529a3
03240192c
0320018ec
03260194c
24d8529c3
025c00b2b
03280196c
032a0198c
24dc529e3
032c019ac
032e019cc
025e00b6b
2520d1003
0330019ec
2524d1023
026000bab
2528d1043
026200beb
252cd1063
2530d1083
026400c2b
2534d10a3
026600c6b
246014221
246214261
026800cab
2464142a1
026a00ceb
2466142e1
246814321
026c00d2b
246a14361
026e00d6b
246c143a1
246e143e1
027000dab
247014421
027200deb
247214461
2474144a1
02d20122b
2476144e1
02d40126b
247814521
247a14561
02d6012ab
02d8012eb
047c145a1
047e145e1
02da0132b
0538d10c3
053cd10e3
0540d1103
0544d1123
02dc0136b
0548d1143
054cd1163
0554d11a3
05a14f803
0550d1183
0558d11c3
055cd11e3
05a54f823
05ad4f863
05a94f843
25b14f883
03900000c
03920002c
03940004c
25b54f8a3
03960006c
03980008c
039a000ac
25b94f8c3
039c000cc
039e000ec
03a00010c
24e092a21
03a20012c
03a40014c
03a60016c
24e292a61
03a80018c
03aa001ac
03ac001cc
24e492aa1
03ae001ec
02de013ab
24e692ae1
24e892b21
02e0013eb
24ea92b61
02e20142b
24ec92ba1
24ee92be1
02e40146b
24f092c21
02e6014ab
24f492ca1
24f292c61
02e8014eb
24f692ce1
02ea0152b
24f892d21
24fa92d61
02ec0156b
24fc92da1
02ee015ab
25bd4f8e3
24fe92de1
035001a2b
25c14f903
02f0015eb
25c54f923
035401aab
25c94f943
020e0080c
02100082c
02120084c
25cd4f963
035201a6b
02140086c
02160088c
25d14f983
0218008ac
021c008ec
035601aeb
2421cc003
021a008cc
021e0090c
02200092c
25d54f9a3
035801b2b
02220094c
02260098c
25d94f9c3
02240096c
022a009cc
035a01b6b
25dd4f9e3
0228009ac
022c009ec
2425cc023
035c01bab
2429cc043
035e01beb
242dcc063
2431cc083
036001c2b
2435cc0a3
036201c6b
2439cc0c3
256111221
036401cab
256311261
036601ceb
2565112a1
2567112e1
036801d2b
256911321
036a01d6b
256b11361
256d113a1
036c01dab
256f113e1
036e01deb
257111421
257311461
03ce0022b
2575114a1
03d00026b
2577114e1
257911521
03d2002ab
257b11561
03d4002eb
257d115a1
03d60032b
057f115e1
03d80036b
043dcc0e3
0441cc103
0445cc123
04a04a803
0449cc143
03da003ab
044dcc163
0451cc183
0455cc1a3
0459cc1c3
045dcc1e3
04a44a823
04a84a843
04ac4a863
04b04a883
24b44a8a3
028c0100c
028e0102c
02900104c
24bc4a8e3
02920106c
02940108c
0296010ac
25e18fa21
0298010cc
029a010ec
029c0110c
25e38fa61
029e0112c
02a00114c
02a20116c
25e58faa1
02a40118c
02a6011ac
02a8011cc
25e78fae1
02aa011ec
03dc003eb
25e98fb21
25eb8fb61
03de0042b
25ed8fba1
03e00046b
25f18fc21
25ef8fbe1
03e2004ab
25f38fc61
03e4004eb
25f58fca1
25f78fce1
03e60052b
25f98fd21
03e80056b
25fd8fda1
25fb8fd61
03ec005eb
25ff8fde1
03ea005ab
24b84a8c3
024e00a6b
24c04a903
24c44a923
024c00a2b
030a0180c
030c0182c
24c84a943
030e0184c
03100186c
025000aab
2520c9003
03120188c
0314018ac
0316018cc
24cc4a963
025200aeb
0318018ec
031a0190c
24d04a983
031c0192c
031e0194c
025400b2b
24d44a9a3
03200196c
0324019ac
03220198c
24d84a9c3
025600b6b
0326019cc
0328019ec
24dc4a9e3
025800bab
2524c9023
2528c9043
025a00beb
252cc9063
025c00c2b
2530c9083
24600c221
025e00c6b
24620c261
026000cab
24640c2a1
24660c2e1
026200ceb
24680c321
026400d2b
246a0c361
246c0c3a1
026600d6b
246e0c3e1
026800dab
24700c421
24720c461
026a00deb
24740c4a1
02ca0122b
24760c4e1
24780c521
02cc0126b
02ce012ab
047c0c5a1
047a0c561
047e0c5e1
02d0012eb
0534c90a3
0538c90c3
053cc90e3
02d20132b
0540c9103
0544c9123
0548c9143
054cc9163
0550c9183
0554c91a3
0558c91c3
055cc91e3
03880000c
05a147803
05a547823
25a947843
038a0002c
038c0004c
038e0006c
25ad47863
03900008c
0392000ac
0394000cc
25b147883
0396000ec
03980010c
039a0012c
25b5478a3
039c0014c
039e0016c
03a00018c
25b9478c3
03a2001ac
03a4001cc
03a6001ec
24e08aa21
02d40136b
24e28aa61
24e48aaa1
02d6013ab
24e68aae1
02d8013eb
24e88ab21
24ea8ab61
02da0142b
24ec8aba1
02dc0146b
24ee8abe1
24f08ac21
02de014ab
24f28ac61
02e0014eb
24f48aca1
24f68ace1
02e20152b
24f88ad21
02e40156b
24fa8ad61
24fc8ada1
02e6015ab
24fe8ade1
02e8015eb
25bd478e3
25c147903
034801a2b
25c547923
02060080c
034a01a6b
25c947943
02080082c
020a0084c
020c0086c
25cd47963
034c01aab
020e0088c
0210008ac
25d147983
0212008cc
02160090c
034e01aeb
25d5479a3
02180092c
0214008ec
021a0094c
25d9479c3
035001b2b
021c0096c
021e0098c
25dd479e3
0220009ac
0222009cc
035201b6b
2421c4003
0224009ec
2425c4023
035401bab
2429c4043
035601beb
242dc4063
2431c4083
035801c2b
2435c40a3
035a01c6b
256109221
256309261
035c01cab
2565092a1
035e01ceb
2567092e1
256909321
036001d2b
256b09361
036201d6b
256d093a1
256f093e1
036401dab
257109421
036601deb
257309461
2575094a1
03c60022b
2577094e1
03c80026b
257909521
257b09561
03ca002ab
03cc002eb
057d095a1
057f095e1
03ce0032b
0439c40c3
043dc40e3
0441c4103
0445c4123
03d00036b
0449c4143
044dc4163
0455c41a3
04a042803
0451c4183
0459c41c3
045dc41e3
04a442823
04ac42863
04a842843
24b042883
02840100c
02860102c
02880104c
24b4428a3
028a0106c
028c0108c
028e010ac
24b8428c3
0290010cc
0292010ec
02940110c
25e187a21
02960112c
02980114c
029a0116c
25e387a61
029c0118c
029e011ac
02a0011cc
25e587aa1
02a2011ec
03d2003ab
25e787ae1
25e987b21
03d4003eb
25eb87b61
03d60042b
25ed87ba1
25ef87be1
03d80046b
25f187c21
03da004ab
25f587ca1
25f387c61
03dc004eb
25f787ce1
03de0052b
25f987d21
25fb87d61
03e00056b
25fd87da1
03e2005ab
24bc428e3
25ff87de1
024400a2b
24c042903
03e4005eb
24c442923
024800aab
24c842943
03020180c
03040182c
03060184c
24cc42963
024600a6b
03080186c
030a0188c
24d042983
030c018ac
0310018ec
024a00aeb
2520c1003
030e018cc
03120190c
03140192c
24d4429a3
024c00b2b
03160194c
031a0198c
24d8429c3
03180196c
031e019cc
024e00b6b
24dc429e3
031c019ac
0320019ec
2524c1023
025000bab
2528c1043
025200beb
252cc1063
2530c1083
025400c2b
2534c10a3
025600c6b
2538c10c3
246004221
025800cab
246204261
025a00ceb
2464042a1
2466042e1
025c00d2b
246804321
025e00d6b
246a04361
246c043a1
026000dab
246e043e1
026200deb
247004421
247204461
02c20122b
2474044a1
02c40126b
2476044e1
247804521
02c6012ab
247a04561
02c8012eb
247c045a1
02ca0132b
047e045e1
02cc0136b
053cc10e3
0540c1103
0544c1123
05a13f803
0548c1143
02ce013ab
054cc1163
0550c1183
0554c11a3
0558c11c3
055cc11e3
05a53f823
05a93f843
05ad3f863
05b13f883
25b53f8a3
25bd3f8e3
24e082a21
24e282a61
24e482aa1
24e682ae1
02d0013eb
24e882b21
24ea82b61
02d20142b
24ec82ba1
02d40146b
24f082c21
24ee82be1
02d6014ab
24f282c61
02d8014eb
24f482ca1
24f682ce1
02da0152b
24f882d21
02dc0156b
24fc82da1
24fa82d61
02e0015eb
24fe82de1
02de015ab
25b93f8c3
034201a6b
25c13f903
25c53f923
034001a2b
25c93f943
034401aab
25cd3f963
034601aeb
25d13f983
25d53f9a3
034801b2b
25d93f9c3
034a01b6b
25dd3f9e3
034c01bab
034e01beb
035001c2b
256101221
035201c6b
256301261
035401cab
2565012a1
2567012e1
035601ceb
256901321
035801d2b
256b01361
035a01d6b
057301461
056d013a1
056f013e1
057101421
0575014a1
0577014e1
057901521
057b01561
057d015a1
035c01dab
057f015e1
035e01deb
05e17fa21
05e37fa61
05e57faa1
05e77fae1
05e97fb21
05eb7fb61
05ed7fba1
05ef7fbe1
05f37fc61
05f17fc21
05f57fca1
05f77fce1
05fb7fd61
05f97fd21
05fd7fda1
05ff7fde1
000604001
00100e0a1
001a18141
0024221e1
002e2c281
003836321
0042403c1
000806021
0012100c1
001c1a161
002624201
00302e2a1
003a38341
0044423e1
004c4a461
005654501
00605e5a1
006a68641
0074726e1
007e7c781
008886821
004e4c481
005856521
0062605c1
006c6a661
007674701
00807e7a1
008a88841
0092908c1
009c9a961
00a6a4a01
00b0aeaa1
00bab8b41
00c4c2be1
00ceccc81
0094928e1
009e9c981
00a8a6a21
00b2b0ac1
00bcbab61
00c6c4c01
00d0ceca1
00d8d6d21
00e2e0dc1
00eceae61
00f6f4f01
0100fefa1
010b09041
0115130e1
00dad8d41
00e4e2de1
00eeece81
00f8f6f21
010300fc1
010d0b061
011715101
011f1d181
012927221
0133312c1
013d3b361
014745401
01514f4a1
015b59541
01211f1a1
012b29241
0135332e1
013f3d381
014947421
0153514c1
015d5b561
0165635e1
016f6d681
017977721
0183817c1
018d8b861
019795901
01a19f9a1
016765601
01716f6a1
017b79741
0185837e1
018f8d881
019997921
01a3a19c1
01aba9a41
01adaba61
01b5b3ae1
01bfbdb81
01c9c7c21
01d3d1cc1
01dddbd61
01e7e5e01
01f1efea1
01b7b5b01
01c1bfba1
01cbc9c41
01d5d3ce1
01dfddd81
01e9e7e21
01f3f1ec1
01fbf9f41
000403fe1
000e0c081
001816121
0022201c1
002c2a261
003634301
01fdfbf61
000604001
00100e0a1
001a18141
0024221e1
002e2c281
003836321
00403e3a1
004a48441
0054524e1
005e5c581
006866621
0072706c1
007c7a761
0042403c1
004c4a461
005654501
00605e5a1
006a68641
0074726e1
007e7c781
008684801
00908e8a1
009a98941
00a4a29e1
00aeaca81
00b8b6b21
00c2c0bc1
008886821
0092908c1
009c9a961
00a6a4a01
00b0aeaa1
00bab8b41
00c4c2be1
00cccac61
00d6d4d01
00e0deda1
00eae8e41
00f4f2ee1
00fefcf81
010907021
00ceccc81
00d8d6d21
00e2e0dc1
00eceae61
00f6f4f01
0100fefa1
010b09041
0113110c1
011d1b161
012725201
01312f2a1
013b39341
0145433e1
014f4d481
0115130e1
011f1d181
012927221
0133312c1
013d3b361
014745401
01514f4a1
015957521
015b59541
0163615c1
016d6b661
017775701
01817f7a1
018b89841
0195938e1
019f9d981
0165635e1
016f6d681
017977721
0183817c1
018d8b861
019795901
01a19f9a1
01a9a7a21
01b3b1ac1
01bdbbb61
01c7c5c01
01d1cfca1
01dbd9d41
01e5e3de1
01aba9a41
01b5b3ae1
01bfbdb81
01c9c7c21
01d3d1cc1
01dddbd61
01e7e5e01
01efede81
01f9f7f21
000201fc1
000c0a061
001614101
00201e1a1
002a28241
01f1efea1
01fbf9f41
000403fe1
000e0c081
001816121
0022201c1
002c2a261
0034322e1
003e3c381
004846421
0052504c1
005c5a561
006664601
00706e6a1
003634301
00403e3a1
004a48441
0054524e1
005e5c581
006866621
0072706c1
007a78741
0084827e1
008e8c881
009896921
00a2a09c1
00acaaa61
00b6b4b01
007c7a761
008684801
00908e8a1
009a98941
00a4a29e1
00aeaca81
00b8b6b21
00c0beba1
00cac8c41
00d4d2ce1
00dedcd81
00e8e6e21
00f2f0ec1
00fcfaf61
00c2c0bc1
00cccac61
00d6d4d01
00e0deda1
00eae8e41
00f4f2ee1
00fefcf81
010705001
010907021
01110f0a1
011b19141
0125231e1
012f2d281
013937321
0143413c1
014d4b461
0113110c1
011d1b161
012725201
01312f2a1
013b39341
0145433e1
014f4d481
015755501
01615f5a1
016b69641
0175736e1
017f7d781
018987821
0193918c1
015957521
0163615c1
016d6b661
017775701
01817f7a1
018b89841
0195938e1
019d9b961
01a7a5a01
01b1afaa1
01bbb9b41
01c5c3be1
01cfcdc81
01d9d7d21
019f9d981
01a9a7a21
01b3b1ac1
01bdbbb61
01c7c5c01
01d1cfca1
01dbd9d41
01e3e1dc1
01edebe61
01f7f5f01
0001fffa1
000a08041
0014120e1
001e1c181
01e5e3de1
01efede81
01f9f7f21
000201fc1
000c0a061
001614101
00201e1a1
002826221
0032302c1
003c3a361
004644401
00504e4a1
005a58541
0064625e1
002a28241
0034322e1
003e3c381
004846421
0052504c1
005c5a561
006664601
006e6c681
007876721
0082807c1
008c8a861
009694901
00a09e9a1
00aaa8a41
00706e6a1
007a78741
0084827e1
008e8c881
009896921
00a2a09c1
00acaaa61
00b4b2ae1
00b6b4b01
00bebcb81
00c8c6c21
00d2d0cc1
00dcdad61
00e6e4e01
00f0eeea1
00faf8f41
00c0beba1
00cac8c41
00d4d2ce1
00dedcd81
00e8e6e21
00f2f0ec1
00fcfaf61
010502fe1
010f0d081
011917121
0123211c1
012d2b261
013735301
01413f3a1
010705001
01110f0a1
011b19141
0125231e1
012f2d281
013937321
0143413c1
014b49441
0155534e1
015f5d581
016967621
0173716c1
017d7b761
018785801
014d4b461
015755501
01615f5a1
016b69641
0175736e1
017f7d781
018987821
01918f8a1
019b99941
01a5a39e1
01afada81
01b9b7b21
01c3c1bc1
01cdcbc61
0193918c1
019d9b961
01a7a5a01
01b1afaa1
01bbb9b41
01c5c3be1
01cfcdc81
01d7d5d01
01e1dfda1
01ebe9e41
01f5f3ee1
01fffdf81
000806021
0012100c1
01d9d7d21
01e3e1dc1
01edebe61
01f7f5f01
0001fffa1
000a08041
0014120e1
001c1a161
002624201
00302e2a1
003a38341
0044423e1
004e4c481
005856521
001e1c181
002826221
0032302c1
003c3a361
004644401
00504e4a1
005a58541
0062605c1
0064625e1
006c6a661
007674701
00807e7a1
008a88841
0094928e1
009e9c981
00a8a6a21
006e6c681
007876721
0082807c1
008c8a861
009694901
00a09e9a1
00aaa8a41
00b2b0ac1
00bcbab61
00c6c4c01
00d0ceca1
00dad8d41
00e4e2de1
00eeece81
00b4b2ae1
00bebcb81
00c8c6c21
00d2d0cc1
00dcdad61
00e6e4e01
00f0eeea1
00f8f6f21
010300fc1
010d0b061
011715101
01211f1a1
012b29241
0135332e1
00faf8f41
010502fe1
010f0d081
011917121
0123211c1
012d2b261
013735301
013f3d381
014947421
0153514c1
015d5b561
016765601
01716f6a1
017b79741
01413f3a1
014b49441
0155534e1
015f5d581
016967621
0173716c1
017d7b761
0185837e1
018f8d881
019997921
01a3a19c1
01adaba61
01b7b5b01
01c1bfba1
018785801
01918f8a1
019b99941
01a5a39e1
01afada81
01b9b7b21
01c3c1bc1
01cbc9c41
01d5d3ce1
01dfddd81
01e9e7e21
01f3f1ec1
01fdfbf61
000604001
01cdcbc61
01d7d5d01
01e1dfda1
01ebe9e41
01f5f3ee1
01fffdf81
000806021
00100e0a1
0012100c1
001a18141
0024221e1
002e2c281
003836321
0042403c1
004c4a461
005654501
001c1a161
002624201
00302e2a1
003a38341
0044423e1
004e4c481
005856521
00605e5a1
006a68641
0074726e1
007e7c781
008886821
0092908c1
009c9a961
0062605c1
006c6a661
007674701
00807e7a1
008a88841
0094928e1
009e9c981
00a6a4a01
00b0aeaa1
00bab8b41
00c4c2be1
00ceccc81
00d8d6d21
00e2e0dc1
00a8a6a21
00b2b0ac1
00bcbab61
00c6c4c01
00d0ceca1
00dad8d41
00e4e2de1
00eceae61
00f6f4f01
0100fefa1
010b09041
0115130e1
011f1d181
012927221
00eeece81
00f8f6f21
010300fc1
010d0b061
011715101
01211f1a1
012b29241
0133312c1
013d3b361
014745401
01514f4a1
015b59541
0165635e1
016f6d681
0135332e1
013f3d381
014947421
0153514c1
015d5b561
016765601
01716f6a1
017977721
0183817c1
018d8b861
019795901
01a19f9a1
01aba9a41
01b5b3ae1
017b79741
0185837e1
018f8d881
019997921
01a3a19c1
01adaba61
01b7b5b01
01bfbdb81
01c1bfba1
01c9c7c21
01d3d1cc1
01dddbd61
01e7e5e01
01f1efea1
01fbf9f41
000403fe1
01cbc9c41
01d5d3ce1
01dfddd81
01e9e7e21
01f3f1ec1
01fdfbf61
000604001
000e0c081
001816121
0022201c1
002c2a261
003634301
00403e3a1
004a48441
00100e0a1
001a18141
0024221e1
002e2c281
003836321
0042403c1
004c4a461
0054524e1
005e5c581
006866621
0072706c1
007c7a761
008684801
00908e8a1
005654501
00605e5a1
006a68641
0074726e1
007e7c781
008886821
0092908c1
009a98941
00a4a29e1
00aeaca81
00b8b6b21
00c2c0bc1
00cccac61
00d6d4d01
009c9a961
00a6a4a01
00b0aeaa1
00bab8b41
00c4c2be1
00ceccc81
00d8d6d21
00e0deda1
00eae8e41
00f4f2ee1
00fefcf81
010907021
0113110c1
011d1b161
00e2e0dc1
00eceae61
00f6f4f01
0100fefa1
010b09041
0115130e1
011f1d181
012725201
01312f2a1
013b39341
0145433e1
014f4d481
015957521
0163615c1
012927221
0133312c1
013d3b361
014745401
01514f4a1
015b59541
0165635e1
016d6b661
016f6d681
017775701
01817f7a1
018b89841
0195938e1
019f9d981
01a9a7a21
01b3b1ac1
017977721
0183817c1
018d8b861
019795901
01a19f9a1
01aba9a41
01b5b3ae1
01bdbbb61
01c7c5c01
01d1cfca1
01dbd9d41
01e5e3de1
01efede81
01f9f7f21
01bfbdb81
01c9c7c21
01d3d1cc1
01dddbd61
01e7e5e01
01f1efea1
01fbf9f41
000201fc1
000c0a061
001614101
00201e1a1
002a28241
0034322e1
003e3c381
000403fe1
000e0c081
001816121
0022201c1
002c2a261
003634301
00403e3a1
004846421
0052504c1
005c5a561
006664601
00706e6a1
007a78741
0084827e1
004a48441
0054524e1
005e5c581
006866621
0072706c1
007c7a761
008684801
008e8c881
009896921
00a2a09c1
00acaaa61
00b6b4b01
00c0beba1
00cac8c41
00908e8a1
009a98941
00a4a29e1
00aeaca81
00b8b6b21
00c2c0bc1
00cccac61
00d4d2ce1
00dedcd81
00e8e6e21
00f2f0ec1
00fcfaf61
010705001
01110f0a1
00d6d4d01
00e0deda1
00eae8e41
00f4f2ee1
00fefcf81
010907021
0113110c1
011b19141
011d1b161
0125231e1
012f2d281
013937321
0143413c1
014d4b461
015755501
01615f5a1
012725201
01312f2a1
013b39341
0145433e1
014f4d481
015957521
0163615c1
016b69641
0175736e1
017f7d781
018987821
0193918c1
019d9b961
01a7a5a01
016d6b661
017775701
01817f7a1
018b89841
0195938e1
019f9d981
01a9a7a21
01b1afaa1
01bbb9b41
01c5c3be1
01cfcdc81
01d9d7d21
01e3e1dc1
01edebe61
01b3b1ac1
01bdbbb61
01c7c5c01
01d1cfca1
01dbd9d41
01e5e3de1
01efede81
01f7f5f01
0001fffa1
000a08041
0014120e1
001e1c181
002826221
0032302c1
01f9f7f21
000201fc1
000c0a061
001614101
00201e1a1
002a28241
0034322e1
003c3a361
004644401
00504e4a1
005a58541
0064625e1
006e6c681
007876721
003e3c381
004846421
0052504c1
005c5a561
006664601
00706e6a1
007a78741
0082807c1
008c8a861
009694901
00a09e9a1
00aaa8a41
00b4b2ae1
00bebcb81
0084827e1
008e8c881
009896921
00a2a09c1
00acaaa61
00b6b4b01
00c0beba1
00c8c6c21
00cac8c41
00d2d0cc1
00dcdad61
00e6e4e01
00f0eeea1
00faf8f41
010502fe1
010f0d081
00d4d2ce1
00dedcd81
00e8e6e21
00f2f0ec1
00fcfaf61
010705001
01110f0a1
011917121
0123211c1
012d2b261
013735301
01413f3a1
014b49441
0155534e1
011b19141
0125231e1
012f2d281
013937321
0143413c1
014d4b461
015755501
015f5d581
016967621
0173716c1
017d7b761
018785801
01918f8a1
019b99941
01615f5a1
016b69641
0175736e1
017f7d781
018987821
0193918c1
019d9b961
01a5a39e1
01afada81
01b9b7b21
01c3c1bc1
01cdcbc61
01d7d5d01
01e1dfda1
01a7a5a01
01b1afaa1
01bbb9b41
01c5c3be1
01cfcdc81
01d9d7d21
01e3e1dc1
01ebe9e41
01f5f3ee1
01fffdf81
000806021
0012100c1
001c1a161
002624201
01edebe61
01f7f5f01
0001fffa1
000a08041
0014120e1
001e1c181
002826221
00302e2a1
003a38341
0044423e1
004e4c481
005856521
0062605c1
006c6a661
0032302c1
003c3a361
004644401
00504e4a1
005a58541
0064625e1
006e6c681
007674701
007876721
00807e7a1
008a88841
0094928e1
009e9c981
00a8a6a21
00b2b0ac1
00bcbab61
0082807c1
008c8a861
009694901
00a09e9a1
00aaa8a41
00b4b2ae1
00bebcb81
00c6c4c01
00d0ceca1
00dad8d41
00e4e2de1
00eeece81
00f8f6f21
010300fc1
00c8c6c21
00d2d0cc1
00dcdad61
00e6e4e01
00f0eeea1
00faf8f41
010502fe1
010d0b061
011715101
01211f1a1
012b29241
0135332e1
013f3d381
014947421
010f0d081
011917121
0123211c1
012d2b261
013735301
01413f3a1
014b49441
0153514c1
015d5b561
016765601
01716f6a1
017b79741
0185837e1
018f8d881
0155534e1
015f5d581
016967621
0173716c1
017d7b761
018785801
01918f8a1
019997921
01a3a19c1
01adaba61
01b7b5b01
01c1bfba1
01cbc9c41
01d5d3ce1
019b99941
01a5a39e1
01afada81
01b9b7b21
01c3c1bc1
01cdcbc61
01d7d5d01
01dfddd81
01e9e7e21
01f3f1ec1
01fdfbf61
000604001
00100e0a1
001a18141
01e1dfda1
01ebe9e41
01f5f3ee1
01fffdf81
000806021
0012100c1
001c1a161
0024221e1
002624201
002e2c281
003836321
0042403c1
004c4a461
005654501
00605e5a1
006a68641
00302e2a1
003a38341
0044423e1
004e4c481
005856521
0062605c1
006c6a661
0074726e1
007e7c781
008886821
0092908c1
009c9a961
00a6a4a01
00b0aeaa1
007674701
00807e7a1
008a88841
0094928e1
009e9c981
00a8a6a21
00b2b0ac1
00bab8b41
00c4c2be1
00ceccc81
00d8d6d21
00e2e0dc1
00eceae61
00f6f4f01
00bcbab61
00c6c4c01
00d0ceca1
00dad8d41
00e4e2de1
00eeece81
00f8f6f21
0100fefa1
010b09041
0115130e1
011f1d181
012927221
0133312c1
013d3b361
010300fc1
010d0b061
011715101
01211f1a1
012b29241
0135332e1
013f3d381
014745401
01514f4a1
015b59541
0165635e1
016f6d681
017977721
0183817c1
014947421
0153514c1
015d5b561
016765601
01716f6a1
017b79741
0185837e1
018d8b861
019795901
01a19f9a1
01aba9a41
01b5b3ae1
01bfbdb81
01c9c7c21
018f8d881
019997921
01a3a19c1
01adaba61
01b7b5b01
01c1bfba1
01cbc9c41
01d3d1cc1
01d5d3ce1
01dddbd61
01e7e5e01
01f1efea1
01fbf9f41
000403fe1
000e0c081
001816121
01dfddd81
01e9e7e21
01f3f1ec1
01fdfbf61
000604001
00100e0a1
001a18141
0022201c1
002c2a261
003634301
00403e3a1
004a48441
0054524e1
005e5c581
0024221e1
002e2c281
003836321
0042403c1
004c4a461
005654501
00605e5a1
006866621
0072706c1
007c7a761
008684801
00908e8a1
009a98941
00a4a29e1
006a68641
0074726e1
007e7c781
008886821
0092908c1
009c9a961
00a6a4a01
00aeaca81
00b8b6b21
00c2c0bc1
00cccac61
00d6d4d01
00e0deda1
00eae8e41
00b0aeaa1
00bab8b41
00c4c2be1
00ceccc81
00d8d6d21
00e2e0dc1
00eceae61
00f4f2ee1
00fefcf81
010907021
0113110c1
011d1b161
012725201
01312f2a1
00f6f4f01
0100fefa1
010b09041
0115130e1
011f1d181
012927221
0133312c1
013b39341
0145433e1
014f4d481
015957521
0163615c1
016d6b661
017775701
013d3b361
014745401
01514f4a1
015b59541
0165635e1
016f6d681
017977721
01817f7a1
0183817c1
018b89841
0195938e1
019f9d981
01a9a7a21
01b3b1ac1
01bdbbb61
01c7c5c01
018d8b861
019795901
01a19f9a1
01aba9a41
01b5b3ae1
01bfbdb81
01c9c7c21
01d1cfca1
01dbd9d41
01e5e3de1
01efede81
01f9f7f21
000201fc1
000c0a061
01d3d1cc1
01dddbd61
01e7e5e01
01f1efea1
01fbf9f41
000403fe1
000e0c081
001614101
00201e1a1
002a28241
0034322e1
003e3c381
004846421
0052504c1
001816121
0022201c1
002c2a261
003634301
00403e3a1
004a48441
0054524e1
005c5a561
006664601
00706e6a1
007a78741
0084827e1
008e8c881
009896921
005e5c581
006866621
0072706c1
007c7a761
008684801
00908e8a1
009a98941
00a2a09c1
00acaaa61
00b6b4b01
00c0beba1
00cac8c41
00d4d2ce1
00dedcd81
00a4a29e1
00aeaca81
00b8b6b21
00c2c0bc1
00cccac61
00d6d4d01
00e0deda1
00e8e6e21
00f2f0ec1
00fcfaf61
010705001
01110f0a1
011b19141
0125231e1
00eae8e41
00f4f2ee1
00fefcf81
010907021
0113110c1
011d1b161
012725201
012f2d281
01312f2a1
013937321
0143413c1
014d4b461
015755501
01615f5a1
016b69641
0175736e1
013b39341
0145433e1
014f4d481
015957521
0163615c1
016d6b661
017775701
017f7d781
018987821
0193918c1
019d9b961
01a7a5a01
01b1afaa1
01bbb9b41
01817f7a1
018b89841
0195938e1
019f9d981
01a9a7a21
01b3b1ac1
01bdbbb61
01c5c3be1
01cfcdc81
01d9d7d21
01e3e1dc1
01edebe61
01f7f5f01
0001fffa1
01c7c5c01
01d1cfca1
01dbd9d41
01e5e3de1
01efede81
01f9f7f21
000201fc1
000a08041
0014120e1
001e1c181
002826221
0032302c1
003c3a361
004644401
000c0a061
001614101
00201e1a1
002a28241
0034322e1
003e3c381
004846421
00504e4a1
005a58541
0064625e1
006e6c681
007876721
0082807c1
008c8a861
0052504c1
005c5a561
006664601
00706e6a1
007a78741
0084827e1
008e8c881
009694901
00a09e9a1
00aaa8a41
00b4b2ae1
00bebcb81
00c8c6c21
00d2d0cc1
009896921
00a2a09c1
00acaaa61
00b6b4b01
00c0beba1
00cac8c41
00d4d2ce1
00dcdad61
00dedcd81
00e6e4e01
00f0eeea1
00faf8f41
010502fe1
010f0d081
011917121
0123211c1
00e8e6e21
00f2f0ec1
00fcfaf61
010705001
01110f0a1
011b19141
0125231e1
012d2b261
013735301
01413f3a1
014b49441
0155534e1
015f5d581
016967621
012f2d281
013937321
0143413c1
014d4b461
015755501
01615f5a1
016b69641
0173716c1
017d7b761
018785801
01918f8a1
019b99941
01a5a39e1
01afada81
0175736e1
017f7d781
018987821
0193918c1
019d9b961
01a7a5a01
01b1afaa1
01b9b7b21
01c3c1bc1
01cdcbc61
01d7d5d01
01e1dfda1
01ebe9e41
01f5f3ee1
01bbb9b41
01c5c3be1
01cfcdc81
01d9d7d21
01e3e1dc1
01edebe61
01f7f5f01
01fffdf81
000806021
0012100c1
001c1a161
002624201
00302e2a1
003a38341
0001fffa1
000a08041
0014120e1
001e1c181
002826221
0032302c1
003c3a361
0044423e1
004e4c481
005856521
0062605c1
006c6a661
007674701
00807e7a1
004644401
00504e4a1
005a58541
0064625e1
006e6c681
007876721
0082807c1
008a88841
008c8a861
0094928e1
009e9c981
00a8a6a21
00b2b0ac1
00bcbab61
00c6c4c01
00d0ceca1
009694901
00a09e9a1
00aaa8a41
00b4b2ae1
00bebcb81
00c8c6c21
00d2d0cc1
00dad8d41
00e4e2de1
00eeece81
00f8f6f21
010300fc1
010d0b061
011715101
00dcdad61
00e6e4e01
00f0eeea1
00faf8f41
010502fe1
010f0d081
011917121
01211f1a1
012b29241
0135332e1
013f3d381
014947421
0153514c1
015d5b561
0123211c1
012d2b261
013735301
01413f3a1
014b49441
0155534e1
015f5d581
016765601
01716f6a1
017b79741
0185837e1
018f8d881
019997921
01a3a19c1
016967621
0173716c1
017d7b761
018785801
01918f8a1
019b99941
01a5a39e1
01adaba61
01b7b5b01
01c1bfba1
01cbc9c41
01d5d3ce1
01dfddd81
01e9e7e21
01afada81
01b9b7b21
01c3c1bc1
01cdcbc61
01d7d5d01
01e1dfda1
01ebe9e41
01f3f1ec1
01fdfbf61
000604001
00100e0a1
001a18141
0024221e1
002e2c281
01f5f3ee1
01fffdf81
000806021
0012100c1
001c1a161
002624201
00302e2a1
003836321
003a38341
0042403c1
004c4a461
005654501
00605e5a1
006a68641
0074726e1
007e7c781
0044423e1
004e4c481
005856521
0062605c1
006c6a661
007674701
00807e7a1
008886821
0092908c1
009c9a961
00a6a4a01
00b0aeaa1
00bab8b41
00c4c2be1
008a88841
0094928e1
009e9c981
00a8a6a21
00b2b0ac1
00bcbab61
00c6c4c01
00ceccc81
00d8d6d21
00e2e0dc1
00eceae61
00f6f4f01
0100fefa1
010b09041
00d0ceca1
00dad8d41
00e4e2de1
00eeece81
00f8f6f21
010300fc1
010d0b061
0115130e1
011f1d181
012927221
0133312c1
013d3b361
014745401
01514f4a1
011715101
01211f1a1
012b29241
0135332e1
013f3d381
014947421
0153514c1
015b59541
0165635e1
016f6d681
017977721
0183817c1
018d8b861
019795901
015d5b561
016765601
01716f6a1
017b79741
0185837e1
018f8d881
019997921
01a19f9a1
01aba9a41
01b5b3ae1
01bfbdb81
01c9c7c21
01d3d1cc1
01dddbd61
01a3a19c1
01adaba61
01b7b5b01
01c1bfba1
01cbc9c41
01d5d3ce1
01dfddd81
01e7e5e01
01e9e7e21
01f1efea1
01fbf9f41
000403fe1
000e0c081
001816121
0022201c1
002c2a261
01f3f1ec1
01fdfbf61
000604001
00100e0a1
001a18141
0024221e1
002e2c281
003634301
00403e3a1
004a48441
0054524e1
005e5c581
006866621
0072706c1
003836321
0042403c1
004c4a461
005654501
00605e5a1
006a68641
0074726e1
007c7a761
008684801
00908e8a1
009a98941
00a4a29e1
00aeaca81
00b8b6b21
007e7c781
008886821
0092908c1
009c9a961
00a6a4a01
00b0aeaa1
00bab8b41
00c2c0bc1
00cccac61
00d6d4d01
00e0deda1
00eae8e41
00f4f2ee1
00fefcf81
00c4c2be1
00ceccc81
00d8d6d21
00e2e0dc1
00eceae61
00f6f4f01
0100fefa1
010907021
0113110c1
011d1b161
012725201
01312f2a1
013b39341
0145433e1
010b09041
0115130e1
011f1d181
012927221
0133312c1
013d3b361
014745401
014f4d481
015957521
0163615c1
016d6b661
017775701
01817f7a1
018b89841
01514f4a1
015b59541
0165635e1
016f6d681
017977721
0183817c1
018d8b861
0195938e1
019795901
019f9d981
01a9a7a21
01b3b1ac1
01bdbbb61
01c7c5c01
01d1cfca1
01dbd9d41
01a19f9a1
01aba9a41
01b5b3ae1
01bfbdb81
01c9c7c21
01d3d1cc1
01dddbd61
01e5e3de1
01efede81
01f9f7f21
000201fc1
000c0a061
001614101
00201e1a1
01e7e5e01
01f1efea1
01fbf9f41
000403fe1
000e0c081
001816121
0022201c1
002a28241
0034322e1
003e3c381
004846421
0052504c1
005c5a561
006664601
002c2a261
003634301
00403e3a1
004a48441
0054524e1
005e5c581
006866621
00706e6a1
007a78741
0084827e1
008e8c881
009896921
00a2a09c1
00acaaa61
0072706c1
007c7a761
008684801
00908e8a1
009a98941
00a4a29e1
00aeaca81
00b6b4b01
00c0beba1
00cac8c41
00d4d2ce1
00dedcd81
00e8e6e21
00f2f0ec1
00b8b6b21
00c2c0bc1
00cccac61
00d6d4d01
00e0deda1
00eae8e41
00f4f2ee1
00fcfaf61
010705001
01110f0a1
011b19141
0125231e1
012f2d281
013937321
00fefcf81
010907021
0113110c1
011d1b161
012725201
01312f2a1
013b39341
0143413c1
0145433e1
014d4b461
015755501
01615f5a1
016b69641
0175736e1
017f7d781
018987821
014f4d481
015957521
0163615c1
016d6b661
017775701
01817f7a1
018b89841
0193918c1
019d9b961
01a7a5a01
01b1afaa1
01bbb9b41
01c5c3be1
01cfcdc81
0195938e1
019f9d981
01a9a7a21
01b3b1ac1
01bdbbb61
01c7c5c01
01d1cfca1
01d9d7d21
01e3e1dc1
01edebe61
01f7f5f01
0001fffa1
000a08041
0014120e1
01dbd9d41
01e5e3de1
01efede81
01f9f7f21
000201fc1
000c0a061
001614101
001e1c181
002826221
0032302c1
003c3a361
004644401
00504e4a1
005a58541
00201e1a1
002a28241
0034322e1
003e3c381
004846421
0052504c1
005c5a561
0064625e1
006e6c681
007876721
0082807c1
008c8a861
009694901
00a09e9a1
006664601
00706e6a1
007a78741
0084827e1
008e8c881
009896921
00a2a09c1
00aaa8a41
00b4b2ae1
00bebcb81
00c8c6c21
00d2d0cc1
00dcdad61
00e6e4e01
00acaaa61
00b6b4b01
00c0beba1
00cac8c41
00d4d2ce1
00dedcd81
00e8e6e21
00f0eeea1
00f2f0ec1
00faf8f41
010502fe1
010f0d081
011917121
0123211c1
012d2b261
013735301
00fcfaf61
010705001
01110f0a1
011b19141
0125231e1
012f2d281
013937321
01413f3a1
014b49441
0155534e1
015f5d581
016967621
0173716c1
017d7b761
0143413c1
014d4b461
015755501
01615f5a1
016b69641
0175736e1
017f7d781
018785801
01918f8a1
019b99941
01a5a39e1
01afada81
01b9b7b21
01c3c1bc1
018987821
0193918c1
019d9b961
01a7a5a01
01b1afaa1
01bbb9b41
01c5c3be1
01cdcbc61
01d7d5d01
01e1dfda1
01ebe9e41
01f5f3ee1
01fffdf81
000806021
01cfcdc81
01d9d7d21
01e3e1dc1
01edebe61
01f7f5f01
0001fffa1
000a08041
0012100c1
001c1a161
002624201
00302e2a1
003a38341
0044423e1
004e4c481
0014120e1
001e1c181
002826221
0032302c1
003c3a361
004644401
00504e4a1
005856521
0062605c1
006c6a661
007674701
00807e7a1
008a88841
0094928e1
005a58541
0064625e1
006e6c681
007876721
0082807c1
008c8a861
009694901
009e9c981
00a09e9a1
00a8a6a21
00b2b0ac1
00bcbab61
00c6c4c01
00d0ceca1
00dad8d41
00e4e2de1
00aaa8a41
00b4b2ae1
00bebcb81
00c8c6c21
00d2d0cc1
00dcdad61
00e6e4e01
00eeece81
00f8f6f21
010300fc1
010d0b061
011715101
01211f1a1
012b29241
00f0eeea1
00faf8f41
010502fe1
010f0d081
011917121
0123211c1
012d2b261
0135332e1
013f3d381
014947421
0153514c1
015d5b561
016765601
01716f6a1
013735301
01413f3a1
014b49441
0155534e1
015f5d581
016967621
0173716c1
017b79741
0185837e1
018f8d881
019997921
01a3a19c1
01adaba61
01b7b5b01
017d7b761
018785801
01918f8a1
019b99941
01a5a39e1
01afada81
01b9b7b21
01c1bfba1
01cbc9c41
01d5d3ce1
01dfddd81
01e9e7e21
01f3f1ec1
01fdfbf61
01c3c1bc1
01cdcbc61
01d7d5d01
01e1dfda1
01ebe9e41
01f5f3ee1
01fffdf81
000604001
00100e0a1
001a18141
0024221e1
002e2c281
003836321
0042403c1
000806021
0012100c1
001c1a161
002624201
00302e2a1
003a38341
0044423e1
004c4a461
004e4c481
005654501
00605e5a1
006a68641
0074726e1
007e7c781
008886821
0092908c1
005856521
0062605c1
006c6a661
007674701
00807e7a1
008a88841
0094928e1
009c9a961
00a6a4a01
00b0aeaa1
00bab8b41
00c4c2be1
00ceccc81
00d8d6d21
009e9c981
00a8a6a21
00b2b0ac1
00bcbab61
00c6c4c01
00d0ceca1
00dad8d41
00e2e0dc1
00eceae61
00f6f4f01
0100fefa1
010b09041
0115130e1
011f1d181
00e4e2de1
00eeece81
00f8f6f21
010300fc1
010d0b061
011715101
01211f1a1
012927221
0133312c1
013d3b361
014745401
01514f4a1
015b59541
0165635e1
012b29241
0135332e1
013f3d381
014947421
0153514c1
015d5b561
016765601
016f6d681
017977721
0183817c1
018d8b861
019795901
01a19f9a1
01aba9a41
01716f6a1
017b79741
0185837e1
018f8d881
019997921
01a3a19c1
01adaba61
01b5b3ae1
01bfbdb81
01c9c7c21
01d3d1cc1
01dddbd61
01e7e5e01
01f1efea1
01b7b5b01
01c1bfba1
01cbc9c41
01d5d3ce1
01dfddd81
01e9e7e21
01f3f1ec1
01fbf9f41
01fdfbf61
000403fe1
000e0c081
001816121
0022201c1
002c2a261
003634301
00403e3a1
000604001
00100e0a1
001a18141
0024221e1
002e2c281
003836321
0042403c1
004a48441
0054524e1
005e5c581
006866621
0072706c1
007c7a761
008684801
004c4a461
005654501
00605e5a1
006a68641
0074726e1
007e7c781
008886821
00908e8a1
009a98941
00a4a29e1
00aeaca81
00b8b6b21
00c2c0bc1
00cccac61
0092908c1
009c9a961
00a6a4a01
00b0aeaa1
00bab8b41
00c4c2be1
00ceccc81
00d6d4d01
00e0deda1
00eae8e41
00f4f2ee1
00fefcf81
010907021
0113110c1
00d8d6d21
00e2e0dc1
00eceae61
00f6f4f01
0100fefa1
010b09041
0115130e1
011d1b161
012725201
01312f2a1
013b39341
0145433e1
014f4d481
015957521
011f1d181
012927221
0133312c1
013d3b361
014745401
01514f4a1
015b59541
0163615c1
016d6b661
017775701
01817f7a1
018b89841
0195938e1
019f9d981
0165635e1
016f6d681
017977721
0183817c1
018d8b861
019795901
01a19f9a1
01a9a7a21
01aba9a41
01b3b1ac1
01bdbbb61
01c7c5c01
01d1cfca1
01dbd9d41
01e5e3de1
01efede81
01b5b3ae1
01bfbdb81
01c9c7c21
01d3d1cc1
01dddbd61
01e7e5e01
01f1efea1
01f9f7f21
000201fc1
000c0a061
001614101
00201e1a1
002a28241
0034322e1
01fbf9f41
000403fe1
000e0c081
001816121
0022201c1
002c2a261
003634301
003e3c381
004846421
0052504c1
005c5a561
006664601
00706e6a1
007a78741
00403e3a1
004a48441
0054524e1
005e5c581
006866621
0072706c1
007c7a761
0084827e1
008e8c881
009896921
00a2a09c1
00acaaa61
00b6b4b01
00c0beba1
008684801
00908e8a1
009a98941
00a4a29e1
00aeaca81
00b8b6b21
00c2c0bc1
00cac8c41
00d4d2ce1
00dedcd81
00e8e6e21
00f2f0ec1
00fcfaf61
010705001
00cccac61
00d6d4d01
00e0deda1
00eae8e41
00f4f2ee1
00fefcf81
010907021
01110f0a1
011b19141
0125231e1
012f2d281
013937321
0143413c1
014d4b461
0113110c1
011d1b161
012725201
01312f2a1
013b39341
0145433e1
014f4d481
015755501
015957521
01615f5a1
016b69641
0175736e1
017f7d781
018987821
0193918c1
019d9b961
0163615c1
016d6b661
017775701
01817f7a1
018b89841
0195938e1
019f9d981
01a7a5a01
01b1afaa1
01bbb9b41
01c5c3be1
01cfcdc81
01d9d7d21
01e3e1dc1
01a9a7a21
01b3b1ac1
01bdbbb61
01c7c5c01
01d1cfca1
01dbd9d41
01e5e3de1
01edebe61
01f7f5f01
0001fffa1
000a08041
0014120e1
001e1c181
002826221
01efede81
01f9f7f21
000201fc1
000c0a061
001614101
00201e1a1
002a28241
0032302c1
003c3a361
004644401
00504e4a1
005a58541
0064625e1
006e6c681
0034322e1
003e3c381
004846421
0052504c1
005c5a561
006664601
00706e6a1
007876721
0082807c1
008c8a861
009694901
00a09e9a1
00aaa8a41
00b4b2ae1
007a78741
0084827e1
008e8c881
009896921
00a2a09c1
00acaaa61
00b6b4b01
00bebcb81
00c8c6c21
00d2d0cc1
00dcdad61
00e6e4e01
00f0eeea1
00faf8f41
00c0beba1
00cac8c41
00d4d2ce1
00dedcd81
00e8e6e21
00f2f0ec1
00fcfaf61
010502fe1
010705001
010f0d081
011917121
0123211c1
012d2b261
013735301
01413f3a1
014b49441
01110f0a1
011b19141
0125231e1
012f2d281
013937321
0143413c1
014d4b461
0155534e1
015f5d581
016967621
0173716c1
017d7b761
018785801
01918f8a1
015755501
01615f5a1
016b69641
0175736e1
017f7d781
018987821
0193918c1
019b99941
01a5a39e1
01afada81
01b9b7b21
01c3c1bc1
01cdcbc61
01d7d5d01
019d9b961
01a7a5a01
01b1afaa1
01bbb9b41
01c5c3be1
01cfcdc81
01d9d7d21
01e1dfda1
01ebe9e41
01f5f3ee1
01fffdf81
000806021
0012100c1
001c1a161
01e3e1dc1
01edebe61
01f7f5f01
0001fffa1
000a08041
0014120e1
001e1c181
002624201
00302e2a1
003a38341
0044423e1
004e4c481
005856521
0062605c1
002826221
0032302c1
003c3a361
004644401
00504e4a1
005a58541
0064625e1
006c6a661
007674701
00807e7a1
008a88841
0094928e1
009e9c981
00a8a6a21
006e6c681
007876721
0082807c1
008c8a861
009694901
00a09e9a1
00aaa8a41
00b2b0ac1
00b4b2ae1
00bcbab61
00c6c4c01
00d0ceca1
00dad8d41
00e4e2de1
00eeece81
00f8f6f21
00bebcb81
00c8c6c21
00d2d0cc1
00dcdad61
00e6e4e01
00f0eeea1
00faf8f41
010300fc1
010d0b061
011715101
01211f1a1
012b29241
0135332e1
013f3d381
010502fe1
010f0d081
011917121
0123211c1
012d2b261
013735301
01413f3a1
014947421
0153514c1
015d5b561
016765601
01716f6a1
017b79741
0185837e1
014b49441
0155534e1
015f5d581
016967621
0173716c1
017d7b761
018785801
018f8d881
019997921
01a3a19c1
01adaba61
01b7b5b01
01c1bfba1
01cbc9c41
01918f8a1
019b99941
01a5a39e1
01afada81
01b9b7b21
01c3c1bc1
01cdcbc61
01d5d3ce1
01dfddd81
01e9e7e21
01f3f1ec1
01fdfbf61
000604001
00100e0a1
01d7d5d01
01e1dfda1
01ebe9e41
01f5f3ee1
01fffdf81
000806021
0012100c1
001a18141
0024221e1
002e2c281
003836321
0042403c1
004c4a461
005654501
001c1a161
002624201
00302e2a1
003a38341
0044423e1
004e4c481
005856521
00605e5a1
0062605c1
006a68641
0074726e1
007e7c781
008886821
0092908c1
009c9a961
00a6a4a01
006c6a661
007674701
00807e7a1
008a88841
0094928e1
009e9c981
00a8a6a21
00b0aeaa1
00bab8b41
00c4c2be1
00ceccc81
00d8d6d21
00e2e0dc1
00eceae61
00b2b0ac1
00bcbab61
00c6c4c01
00d0ceca1
00dad8d41
00e4e2de1
00eeece81
00f6f4f01
0100fefa1
010b09041
0115130e1
011f1d181
012927221
0133312c1
00f8f6f21
010300fc1
010d0b061
011715101
01211f1a1
012b29241
0135332e1
013d3b361
014745401
01514f4a1
015b59541
0165635e1
016f6d681
017977721
013f3d381
014947421
0153514c1
015d5b561
016765601
01716f6a1
017b79741
0183817c1
018d8b861
019795901
01a19f9a1
01aba9a41
01b5b3ae1
01bfbdb81
0185837e1
018f8d881
019997921
01a3a19c1
01adaba61
01b7b5b01
01c1bfba1
01c9c7c21
01d3d1cc1
01dddbd61
01e7e5e01
01f1efea1
01fbf9f41
000403fe1
01cbc9c41
01d5d3ce1
01dfddd81
01e9e7e21
01f3f1ec1
01fdfbf61
000604001
000e0c081
00100e0a1
001816121
0022201c1
002c2a261
003634301
00403e3a1
004a48441
0054524e1
001a18141
0024221e1
002e2c281
003836321
0042403c1
004c4a461
005654501
005e5c581
006866621
0072706c1
007c7a761
008684801
00908e8a1
009a98941
00605e5a1
006a68641
0074726e1
007e7c781
008886821
0092908c1
009c9a961
00a4a29e1
00aeaca81
00b8b6b21
00c2c0bc1
00cccac61
00d6d4d01
00e0deda1
00a6a4a01
00b0aeaa1
00bab8b41
00c4c2be1
00ceccc81
00d8d6d21
00e2e0dc1
00eae8e41
00f4f2ee1
00fefcf81
010907021
0113110c1
011d1b161
012725201
00eceae61
00f6f4f01
0100fefa1
010b09041
0115130e1
011f1d181
012927221
01312f2a1
013b39341
0145433e1
014f4d481
015957521
0163615c1
016d6b661
0133312c1
013d3b361
014745401
01514f4a1
015b59541
0165635e1
016f6d681
017775701
01817f7a1
018b89841
0195938e1
019f9d981
01a9a7a21
01b3b1ac1
017977721
0183817c1
018d8b861
019795901
01a19f9a1
01aba9a41
01b5b3ae1
01bdbbb61
01bfbdb81
01c7c5c01
01d1cfca1
01dbd9d41
01e5e3de1
01efede81
01f9f7f21
000201fc1
01c9c7c21
01d3d1cc1
01dddbd61
01e7e5e01
01f1efea1
01fbf9f41
000403fe1
000c0a061
001614101
00201e1a1
002a28241
0034322e1
003e3c381
004846421
000e0c081
001816121
0022201c1
002c2a261
003634301
00403e3a1
004a48441
0052504c1
005c5a561
006664601
00706e6a1
007a78741
0084827e1
008e8c881
0054524e1
005e5c581
006866621
0072706c1
007c7a761
008684801
00908e8a1
009896921
00a2a09c1
00acaaa61
00b6b4b01
00c0beba1
00cac8c41
00d4d2ce1
009a98941
00a4a29e1
00aeaca81
00b8b6b21
00c2c0bc1
00cccac61
00d6d4d01
00dedcd81
00e8e6e21
00f2f0ec1
00fcfaf61
010705001
01110f0a1
011b19141
00e0deda1
00eae8e41
00f4f2ee1
00fefcf81
010907021
0113110c1
011d1b161
0125231e1
012f2d281
013937321
0143413c1
014d4b461
015755501
01615f5a1
012725201
01312f2a1
013b39341
0145433e1
014f4d481
015957521
0163615c1
016b69641
016d6b661
0175736e1
017f7d781
018987821
0193918c1
019d9b961
01a7a5a01
01b1afaa1
017775701
01817f7a1
018b89841
0195938e1
019f9d981
01a9a7a21
01b3b1ac1
01bbb9b41
01c5c3be1
01cfcdc81
01d9d7d21
01e3e1dc1
01edebe61
01f7f5f01
01bdbbb61
01c7c5c01
01d1cfca1
01dbd9d41
01e5e3de1
01efede81
01f9f7f21
0001fffa1
000a08041
0014120e1
001e1c181
002826221
0032302c1
003c3a361
000201fc1
000c0a061
001614101
00201e1a1
002a28241
0034322e1
003e3c381
004644401
00504e4a1
005a58541
0064625e1
006e6c681
007876721
0082807c1
004846421
0052504c1
005c5a561
006664601
00706e6a1
007a78741
0084827e1
008c8a861
009694901
00a09e9a1
00aaa8a41
00b4b2ae1
00bebcb81
00c8c6c21
008e8c881
009896921
00a2a09c1
00acaaa61
00b6b4b01
00c0beba1
00cac8c41
00d2d0cc1
00dcdad61
00e6e4e01
00f0eeea1
00faf8f41
010502fe1
010f0d081
00d4d2ce1
00dedcd81
00e8e6e21
00f2f0ec1
00fcfaf61
010705001
01110f0a1
011917121
011b19141
0123211c1
012d2b261
013735301
01413f3a1
014b49441
0155534e1
015f5d581
0125231e1
012f2d281
013937321
0143413c1
014d4b461
015755501
01615f5a1
016967621
0173716c1
017d7b761
018785801
01918f8a1
019b99941
01a5a39e1
016b69641
0175736e1
017f7d781
018987821
0193918c1
019d9b961
01a7a5a01
01afada81
01b9b7b21
01c3c1bc1
01cdcbc61
01d7d5d01
01e1dfda1
01ebe9e41
01b1afaa1
01bbb9b41
01c5c3be1
01cfcdc81
01d9d7d21
01e3e1dc1
01edebe61
01f5f3ee1
01fffdf81
000806021
0012100c1
001c1a161
002624201
00302e2a1
01f7f5f01
0001fffa1
000a08041
0014120e1
001e1c181
002826221
0032302c1
003a38341
0044423e1
004e4c481
005856521
0062605c1
006c6a661
007674701
003c3a361
004644401
00504e4a1
005a58541
0064625e1
006e6c681
007876721
00807e7a1
008a88841
0094928e1
009e9c981
00a8a6a21
00b2b0ac1
00bcbab61
0082807c1
008c8a861
009694901
00a09e9a1
00aaa8a41
00b4b2ae1
00bebcb81
00c6c4c01
00c8c6c21
00d0ceca1
00dad8d41
00e4e2de1
00eeece81
00f8f6f21
010300fc1
010d0b061
00d2d0cc1
00dcdad61
00e6e4e01
00f0eeea1
00faf8f41
010502fe1
010f0d081
011715101
01211f1a1
012b29241
0135332e1
013f3d381
014947421
0153514c1
011917121
0123211c1
012d2b261
013735301
01413f3a1
014b49441
0155534e1
015d5b561
016765601
01716f6a1
017b79741
0185837e1
018f8d881
019997921
015f5d581
016967621
0173716c1
017d7b761
018785801
01918f8a1
019b99941
01a3a19c1
01adaba61
01b7b5b01
01c1bfba1
01cbc9c41
01d5d3ce1
01dfddd81
01a5a39e1
01afada81
01b9b7b21
01c3c1bc1
01cdcbc61
01d7d5d01
01e1dfda1
01e9e7e21
01f3f1ec1
01fdfbf61
000604001
00100e0a1
001a18141
0024221e1
01ebe9e41
01f5f3ee1
01fffdf81
000806021
0012100c1
001c1a161
002624201
002e2c281
003836321
0042403c1
004c4a461
005654501
00605e5a1
006a68641
00302e2a1
003a38341
0044423e1
004e4c481
005856521
0062605c1
006c6a661
0074726e1
007674701
007e7c781
008886821
0092908c1
009c9a961
00a6a4a01
00b0aeaa1
00bab8b41
00807e7a1
008a88841
0094928e1
009e9c981
00a8a6a21
00b2b0ac1
00bcbab61
00c4c2be1
00ceccc81
00d8d6d21
00e2e0dc1
00eceae61
00f6f4f01
0100fefa1
00c6c4c01
00d0ceca1
00dad8d41
00e4e2de1
00eeece81
00f8f6f21
010300fc1
010b09041
0115130e1
011f1d181
012927221
0133312c1
013d3b361
014745401
010d0b061
011715101
01211f1a1
012b29241
0135332e1
013f3d381
014947421
01514f4a1
015b59541
0165635e1
016f6d681
017977721
0183817c1
018d8b861
0153514c1
015d5b561
016765601
01716f6a1
017b79741
0185837e1
018f8d881
019795901
01a19f9a1
01aba9a41
01b5b3ae1
01bfbdb81
01c9c7c21
01d3d1cc1
019997921
01a3a19c1
01adaba61
01b7b5b01
01c1bfba1
01cbc9c41
01d5d3ce1
01dddbd61
01e7e5e01
01f1efea1
01fbf9f41
000403fe1
000e0c081
001816121
01dfddd81
01e9e7e21
01f3f1ec1
01fdfbf61
000604001
00100e0a1
001a18141
0022201c1
0024221e1
002c2a261
003634301
00403e3a1
004a48441
0054524e1
005e5c581
006866621
002e2c281
003836321
0042403c1
004c4a461
005654501
00605e5a1
006a68641
0072706c1
007c7a761
008684801
00908e8a1
009a98941
00a4a29e1
00aeaca81
0074726e1
007e7c781
008886821
0092908c1
009c9a961
00a6a4a01
00b0aeaa1
00b8b6b21
00c2c0bc1
00cccac61
00d6d4d01
00e0deda1
00eae8e41
00f4f2ee1
00bab8b41
00c4c2be1
00ceccc81
00d8d6d21
00e2e0dc1
00eceae61
00f6f4f01
00fefcf81
010907021
0113110c1
011d1b161
012725201
01312f2a1
013b39341
0100fefa1
010b09041
0115130e1
011f1d181
012927221
0133312c1
013d3b361
0145433e1
014f4d481
015957521
0163615c1
016d6b661
017775701
01817f7a1
014745401
01514f4a1
015b59541
0165635e1
016f6d681
017977721
0183817c1
018b89841
0195938e1
019f9d981
01a9a7a21
01b3b1ac1
01bdbbb61
01c7c5c01
018d8b861
019795901
01a19f9a1
01aba9a41
01b5b3ae1
01bfbdb81
01c9c7c21
01d1cfca1
01d3d1cc1
01dbd9d41
01e5e3de1
01efede81
01f9f7f21
000201fc1
000c0a061
001614101
01dddbd61
01e7e5e01
01f1efea1
01fbf9f41
000403fe1
000e0c081
001816121
00201e1a1
002a28241
0034322e1
003e3c381
004846421
0052504c1
005c5a561
0022201c1
002c2a261
003634301
00403e3a1
004a48441
0054524e1
005e5c581
006664601
00706e6a1
007a78741
0084827e1
008e8c881
009896921
00a2a09c1
006866621
0072706c1
007c7a761
008684801
00908e8a1
009a98941
00a4a29e1
00acaaa61
00b6b4b01
00c0beba1
00cac8c41
00d4d2ce1
00dedcd81
00e8e6e21
00aeaca81
00b8b6b21
00c2c0bc1
00cccac61
00d6d4d01
00e0deda1
00eae8e41
00f2f0ec1
00fcfaf61
010705001
01110f0a1
011b19141
0125231e1
012f2d281
00f4f2ee1
00fefcf81
010907021
0113110c1
011d1b161
012725201
01312f2a1
013937321
0143413c1
014d4b461
015755501
01615f5a1
016b69641
0175736e1
013b39341
0145433e1
014f4d481
015957521
0163615c1
016d6b661
017775701
017f7d781
01817f7a1
018987821
0193918c1
019d9b961
01a7a5a01
01b1afaa1
01bbb9b41
01c5c3be1
018b89841
0195938e1
019f9d981
01a9a7a21
01b3b1ac1
01bdbbb61
01c7c5c01
01cfcdc81
01d9d7d21
01e3e1dc1
01edebe61
01f7f5f01
0001fffa1
000a08041
01d1cfca1
01dbd9d41
01e5e3de1
01efede81
01f9f7f21
000201fc1
000c0a061
0014120e1
001e1c181
002826221
0032302c1
003c3a361
004644401
00504e4a1
001614101
00201e1a1
002a28241
0034322e1
003e3c381
004846421
0052504c1
005a58541
0064625e1
006e6c681
007876721
0082807c1
008c8a861
009694901
005c5a561
006664601
00706e6a1
007a78741
0084827e1
008e8c881
009896921
00a09e9a1
00aaa8a41
00b4b2ae1
00bebcb81
00c8c6c21
00d2d0cc1
00dcdad61
00a2a09c1
00acaaa61
00b6b4b01
00c0beba1
00cac8c41
00d4d2ce1
00dedcd81
00e6e4e01
00f0eeea1
00faf8f41
010502fe1
010f0d081
011917121
0123211c1
00e8e6e21
00f2f0ec1
00fcfaf61
010705001
01110f0a1
011b19141
0125231e1
012d2b261
012f2d281
013735301
01413f3a1
014b49441
0155534e1
015f5d581
016967621
0173716c1
013937321
0143413c1
014d4b461
015755501
01615f5a1
016b69641
0175736e1
017d7b761
018785801
01918f8a1
019b99941
01a5a39e1
01afada81
01b9b7b21
017f7d781
018987821
0193918c1
019d9b961
01a7a5a01
01b1afaa1
01bbb9b41
01c3c1bc1
01cdcbc61
01d7d5d01
01e1dfda1
01ebe9e41
01f5f3ee1
01fffdf81
01c5c3be1
01cfcdc81
01d9d7d21
01e3e1dc1
01edebe61
01f7f5f01
0001fffa1
000806021
0012100c1
001c1a161
002624201
00302e2a1
003a38341
0044423e1
000a08041
0014120e1
001e1c181
002826221
0032302c1
003c3a361
004644401
004e4c481
005856521
0062605c1
006c6a661
007674701
00807e7a1
008a88841
00504e4a1
005a58541
0064625e1
006e6c681
007876721
0082807c1
008c8a861
0094928e1
009e9c981
00a8a6a21
00b2b0ac1
00bcbab61
00c6c4c01
00d0ceca1
009694901
00a09e9a1
00aaa8a41
00b4b2ae1
00bebcb81
00c8c6c21
00d2d0cc1
00dad8d41
00dcdad61
00e4e2de1
00eeece81
00f8f6f21
010300fc1
010d0b061
011715101
01211f1a1
00e6e4e01
00f0eeea1
00faf8f41
010502fe1
010f0d081
011917121
0123211c1
012b29241
0135332e1
013f3d381
014947421
0153514c1
015d5b561
016765601
012d2b261
013735301
01413f3a1
014b49441
0155534e1
015f5d581
016967621
01716f6a1
017b79741
0185837e1
018f8d881
019997921
01a3a19c1
01adaba61
0173716c1
017d7b761
018785801
01918f8a1
019b99941
01a5a39e1
01afada81
01b7b5b01
01c1bfba1
01cbc9c41
01d5d3ce1
01dfddd81
01e9e7e21
01f3f1ec1
01b9b7b21
01c3c1bc1
01cdcbc61
01d7d5d01
01e1dfda1
01ebe9e41
01f5f3ee1
01fdfbf61
000604001
00100e0a1
001a18141
0024221e1
002e2c281
003836321
01fffdf81
000806021
0012100c1
001c1a161
002624201
00302e2a1
003a38341
0042403c1
004c4a461
005654501
00605e5a1
006a68641
0074726e1
007e7c781
0044423e1
004e4c481
005856521
0062605c1
006c6a661
007674701
00807e7a1
008886821
008a88841
0092908c1
009c9a961
00a6a4a01
00b0aeaa1
00bab8b41
00c4c2be1
00ceccc81
0094928e1
009e9c981
00a8a6a21
00b2b0ac1
00bcbab61
00c6c4c01
00d0ceca1
00d8d6d21
00e2e0dc1
00eceae61
00f6f4f01
0100fefa1
010b09041
0115130e1
00dad8d41
00e4e2de1
00eeece81
00f8f6f21
010300fc1
010d0b061
011715101
011f1d181
012927221
0133312c1
013d3b361
014745401
01514f4a1
015b59541
01211f1a1
012b29241
0135332e1
013f3d381
014947421
0153514c1
015d5b561
0165635e1
016f6d681
017977721
0183817c1
018d8b861
019795901
01a19f9a1
016765601
01716f6a1
017b79741
0185837e1
018f8d881
019997921
01a3a19c1
01aba9a41
01b5b3ae1
01bfbdb81
01c9c7c21
01d3d1cc1
01dddbd61
01e7e5e01
01adaba61
01b7b5b01
01c1bfba1
01cbc9c41
01d5d3ce1
01dfddd81
01e9e7e21
01f1efea1
01fbf9f41
000403fe1
000e0c081
001816121
0022201c1
002c2a261
01f3f1ec1
01fdfbf61
000604001
00100e0a1
001a18141
0024221e1
002e2c281
003634301
003836321
00403e3a1
004a48441
0054524e1
005e5c581
006866621
0072706c1
007c7a761
0042403c1
004c4a461
005654501
00605e5a1
006a68641
0074726e1
007e7c781
008684801
00908e8a1
009a98941
00a4a29e1
00aeaca81
00b8b6b21
00c2c0bc1
008886821
0092908c1
009c9a961
00a6a4a01
00b0aeaa1
00bab8b41
00c4c2be1
00cccac61
00d6d4d01
00e0deda1
00eae8e41
00f4f2ee1
00fefcf81
010907021
00ceccc81
00d8d6d21
00e2e0dc1
00eceae61
00f6f4f01
0100fefa1
010b09041
0113110c1
011d1b161
012725201
01312f2a1
013b39341
0145433e1
014f4d481
0115130e1
011f1d181
012927221
0133312c1
013d3b361
014745401
01514f4a1
015957521
0163615c1
016d6b661
017775701
01817f7a1
018b89841
0195938e1
015b59541
0165635e1
016f6d681
017977721
0183817c1
018d8b861
019795901
019f9d981
01a9a7a21
01b3b1ac1
01bdbbb61
01c7c5c01
01d1cfca1
01dbd9d41
01a19f9a1
01aba9a41
01b5b3ae1
01bfbdb81
01c9c7c21
01d3d1cc1
01dddbd61
01e5e3de1
01e7e5e01
01efede81
01f9f7f21
000201fc1
000c0a061
001614101
00201e1a1
002a28241
01f1efea1
01fbf9f41
000403fe1
000e0c081
001816121
0022201c1
002c2a261
0034322e1
003e3c381
004846421
0052504c1
005c5a561
006664601
00706e6a1
003634301
00403e3a1
004a48441
0054524e1
005e5c581
006866621
0072706c1
007a78741
0084827e1
008e8c881
009896921
00a2a09c1
00acaaa61
00b6b4b01
007c7a761
008684801
00908e8a1
009a98941
00a4a29e1
00aeaca81
00b8b6b21
00c0beba1
00cac8c41
00d4d2ce1
00dedcd81
00e8e6e21
00f2f0ec1
00fcfaf61
00c2c0bc1
00cccac61
00d6d4d01
00e0deda1
00eae8e41
00f4f2ee1
00fefcf81
010705001
01110f0a1
011b19141
0125231e1
012f2d281
013937321
0143413c1
010907021
0113110c1
011d1b161
012725201
01312f2a1
013b39341
0145433e1
014d4b461
015755501
01615f5a1
016b69641
0175736e1
017f7d781
018987821
014f4d481
015957521
0163615c1
016d6b661
017775701
01817f7a1
018b89841
0193918c1
0195938e1
019d9b961
01a7a5a01
01b1afaa1
01bbb9b41
01c5c3be1
01cfcdc81
01d9d7d21
019f9d981
01a9a7a21
01b3b1ac1
01bdbbb61
01c7c5c01
01d1cfca1
01dbd9d41
01e3e1dc1
01edebe61
01f7f5f01
0001fffa1
000a08041
0014120e1
001e1c181
01e5e3de1
01efede81
01f9f7f21
000201fc1
000c0a061
001614101
00201e1a1
002826221
0032302c1
003c3a361
004644401
00504e4a1
005a58541
0064625e1
002a28241
0034322e1
003e3c381
004846421
0052504c1
005c5a561
006664601
006e6c681
007876721
0082807c1
008c8a861
009694901
00a09e9a1
00aaa8a41
00706e6a1
007a78741
0084827e1
008e8c881
009896921
00a2a09c1
00acaaa61
00b4b2ae1
00bebcb81
00c8c6c21
00d2d0cc1
00dcdad61
00e6e4e01
00f0eeea1
00b6b4b01
00c0beba1
00cac8c41
00d4d2ce1
00dedcd81
00e8e6e21
00f2f0ec1
00faf8f41
010502fe1
010f0d081
011917121
0123211c1
012d2b261
013735301
00fcfaf61
010705001
01110f0a1
011b19141
0125231e1
012f2d281
013937321
01413f3a1
0143413c1
014b49441
0155534e1
015f5d581
016967621
0173716c1
017d7b761
018785801
014d4b461
015755501
01615f5a1
016b69641
0175736e1
017f7d781
018987821
01918f8a1
019b99941
01a5a39e1
01afada81
01b9b7b21
01c3c1bc1
01cdcbc61
0193918c1
019d9b961
01a7a5a01
01b1afaa1
01bbb9b41
01c5c3be1
01cfcdc81
01d7d5d01
01e1dfda1
01ebe9e41
01f5f3ee1
01fffdf81
000806021
0012100c1
01d9d7d21
01e3e1dc1
01edebe61
01f7f5f01
0001fffa1
000a08041
0014120e1
001c1a161
002624201
00302e2a1
003a38341
0044423e1
004e4c481
005856521
001e1c181
002826221
0032302c1
003c3a361
004644401
00504e4a1
005a58541
0062605c1
006c6a661
007674701
00807e7a1
008a88841
0094928e1
009e9c981
0064625e1
006e6c681
007876721
0082807c1
008c8a861
009694901
00a09e9a1
00a8a6a21
00b2b0ac1
00bcbab61
00c6c4c01
00d0ceca1
00dad8d41
00e4e2de1
00aaa8a41
00b4b2ae1
00bebcb81
00c8c6c21
00d2d0cc1
00dcdad61
00e6e4e01
00eeece81
00f0eeea1
00f8f6f21
010300fc1
010d0b061
011715101
01211f1a1
012b29241
0135332e1
00faf8f41
010502fe1
010f0d081
011917121
0123211c1
012d2b261
013735301
013f3d381
014947421
0153514c1
015d5b561
016765601
01716f6a1
017b79741
01413f3a1
014b49441
0155534e1
015f5d581
016967621
0173716c1
017d7b761
0185837e1
018f8d881
019997921
01a3a19c1
01adaba61
01b7b5b01
01c1bfba1
018785801
01918f8a1
019b99941
01a5a39e1
01afada81
01b9b7b21
01c3c1bc1
01cbc9c41
01d5d3ce1
01dfddd81
01e9e7e21
01f3f1ec1
01fdfbf61
000604001
01cdcbc61
01d7d5d01
01e1dfda1
01ebe9e41
01f5f3ee1
01fffdf81
000806021
00100e0a1
001a18141
0024221e1
002e2c281
003836321
0042403c1
004c4a461
0012100c1
001c1a161
002624201
00302e2a1
003a38341
0044423e1
004e4c481
005654501
00605e5a1
006a68641
0074726e1
007e7c781
008886821
0092908c1
005856521
0062605c1
006c6a661
007674701
00807e7a1
008a88841
0094928e1
009c9a961
009e9c981
00a6a4a01
00b0aeaa1
00bab8b41
00c4c2be1
00ceccc81
00d8d6d21
00e2e0dc1
00a8a6a21
00b2b0ac1
00bcbab61
00c6c4c01
00d0ceca1
00dad8d41
00e4e2de1
00eceae61
00f6f4f01
0100fefa1
010b09041
0115130e1
011f1d181
012927221
00eeece81
00f8f6f21
010300fc1
010d0b061
011715101
01211f1a1
012b29241
0133312c1
013d3b361
014745401
01514f4a1
015b59541
0165635e1
016f6d681
0135332e1
013f3d381
014947421
0153514c1
015d5b561
016765601
01716f6a1
017977721
0183817c1
018d8b861
019795901
01a19f9a1
01aba9a41
01b5b3ae1
017b79741
0185837e1
018f8d881
019997921
01a3a19c1
01adaba61
01b7b5b01
01bfbdb81
01c9c7c21
01d3d1cc1
01dddbd61
01e7e5e01
01f1efea1
01fbf9f41
01c1bfba1
01cbc9c41
01d5d3ce1
01dfddd81
01e9e7e21
01f3f1ec1
01fdfbf61
000403fe1
000e0c081
001816121
0022201c1
002c2a261
003634301
00403e3a1
000604001
00100e0a1
001a18141
0024221e1
002e2c281
003836321
0042403c1
004a48441
004c4a461
0054524e1
005e5c581
006866621
0072706c1
007c7a761
008684801
00908e8a1
005654501
00605e5a1
006a68641
0074726e1
007e7c781
008886821
0092908c1
009a98941
00a4a29e1
00aeaca81
00b8b6b21
00c2c0bc1
00cccac61
00d6d4d01
009c9a961
00a6a4a01
00b0aeaa1
00bab8b41
00c4c2be1
00ceccc81
00d8d6d21
00e0deda1
00eae8e41
00f4f2ee1
00fefcf81
010907021
0113110c1
011d1b161
00e2e0dc1
00eceae61
00f6f4f01
0100fefa1
010b09041
0115130e1
011f1d181
012725201
01312f2a1
013b39341
0145433e1
014f4d481
015957521
0163615c1
012927221
0133312c1
013d3b361
014745401
01514f4a1
015b59541
0165635e1
016d6b661
017775701
01817f7a1
018b89841
0195938e1
019f9d981
01a9a7a21
016f6d681
017977721
0183817c1
018d8b861
019795901
01a19f9a1
01aba9a41
01b3b1ac1
01bdbbb61
01c7c5c01
01d1cfca1
01dbd9d41
01e5e3de1
01efede81
01b5b3ae1
01bfbdb81
01c9c7c21
01d3d1cc1
01dddbd61
01e7e5e01
01f1efea1
01f9f7f21
01fbf9f41
000201fc1
000c0a061
001614101
00201e1a1
002a28241
0034322e1
003e3c381
000403fe1
000e0c081
001816121
0022201c1
002c2a261
003634301
00403e3a1
004846421
0052504c1
005c5a561
006664601
00706e6a1
007a78741
0084827e1
004a48441
0054524e1
005e5c581
006866621
0072706c1
007c7a761
008684801
008e8c881
009896921
00a2a09c1
00acaaa61
00b6b4b01
00c0beba1
00cac8c41
00908e8a1
009a98941
00a4a29e1
00aeaca81
00b8b6b21
00c2c0bc1
00cccac61
00d4d2ce1
00dedcd81
00e8e6e21
00f2f0ec1
00fcfaf61
010705001
01110f0a1
00d6d4d01
00e0deda1
00eae8e41
00f4f2ee1
00fefcf81
010907021
0113110c1
011b19141
0125231e1
012f2d281
013937321
0143413c1
014d4b461
015755501
011d1b161
012725201
01312f2a1
013b39341
0145433e1
014f4d481
015957521
01615f5a1
016b69641
0175736e1
017f7d781
018987821
0193918c1
019d9b961
0163615c1
016d6b661
017775701
01817f7a1
018b89841
0195938e1
019f9d981
01a7a5a01
01a9a7a21
01b1afaa1
01bbb9b41
01c5c3be1
01cfcdc81
01d9d7d21
01e3e1dc1
01edebe61
01b3b1ac1
01bdbbb61
01c7c5c01
01d1cfca1
01dbd9d41
01e5e3de1
01efede81
01f7f5f01
0001fffa1
000a08041
0014120e1
001e1c181
002826221
0032302c1
01f9f7f21
000201fc1
000c0a061
001614101
00201e1a1
002a28241
0034322e1
003c3a361
004644401
00504e4a1
005a58541
0064625e1
006e6c681
007876721
003e3c381
004846421
0052504c1
005c5a561
006664601
00706e6a1
007a78741
0082807c1
008c8a861
009694901
00a09e9a1
00aaa8a41
00b4b2ae1
00bebcb81
0084827e1
008e8c881
009896921
00a2a09c1
00acaaa61
00b6b4b01
00c0beba1
00c8c6c21
00d2d0cc1
00dcdad61
00e6e4e01
00f0eeea1
00faf8f41
010502fe1
00cac8c41
00d4d2ce1
00dedcd81
00e8e6e21
00f2f0ec1
00fcfaf61
010705001
010f0d081
011917121
0123211c1
012d2b261
013735301
01413f3a1
014b49441
01110f0a1
011b19141
0125231e1
012f2d281
013937321
0143413c1
014d4b461
0155534e1
015755501
015f5d581
016967621
0173716c1
017d7b761
018785801
01918f8a1
019b99941
01615f5a1
016b69641
0175736e1
017f7d781
018987821
0193918c1
019d9b961
01a5a39e1
01afada81
01b9b7b21
01c3c1bc1
01cdcbc61
01d7d5d01
01e1dfda1
01a7a5a01
01b1afaa1
01bbb9b41
01c5c3be1
01cfcdc81
01d9d7d21
01e3e1dc1
01ebe9e41
01f5f3ee1
01fffdf81
000806021
0012100c1
001c1a161
002624201
01edebe61
01f7f5f01
0001fffa1
000a08041
0014120e1
001e1c181
002826221
00302e2a1
003a38341
0044423e1
004e4c481
005856521
0062605c1
006c6a661
0032302c1
003c3a361
004644401
00504e4a1
005a58541
0064625e1
006e6c681
007674701
00807e7a1
008a88841
0094928e1
009e9c981
00a8a6a21
00b2b0ac1
007876721
0082807c1
008c8a861
009694901
00a09e9a1
00aaa8a41
00b4b2ae1
00bcbab61
00c6c4c01
00d0ceca1
00dad8d41
00e4e2de1
00eeece81
00f8f6f21
00bebcb81
00c8c6c21
00d2d0cc1
00dcdad61
00e6e4e01
00f0eeea1
00faf8f41
010300fc1
010502fe1
010d0b061
011715101
01211f1a1
012b29241
0135332e1
013f3d381
014947421
010f0d081
011917121
0123211c1
012d2b261
013735301
01413f3a1
014b49441
0153514c1
015d5b561
016765601
01716f6a1
017b79741
0185837e1
018f8d881
0155534e1
015f5d581
016967621
0173716c1
017d7b761
018785801
01918f8a1
019997921
01a3a19c1
01adaba61
01b7b5b01
01c1bfba1
01cbc9c41
01d5d3ce1
019b99941
01a5a39e1
01afada81
01b9b7b21
01c3c1bc1
01cdcbc61
01d7d5d01
01dfddd81
01e9e7e21
01f3f1ec1
01fdfbf61
000604001
00100e0a1
001a18141
01e1dfda1
01ebe9e41
01f5f3ee1
01fffdf81
000806021
0012100c1
001c1a161
0024221e1
002e2c281
003836321
0042403c1
004c4a461
005654501
00605e5a1
002624201
00302e2a1
003a38341
0044423e1
004e4c481
005856521
0062605c1
006a68641
0074726e1
007e7c781
008886821
0092908c1
009c9a961
00a6a4a01
006c6a661
007674701
00807e7a1
008a88841
0094928e1
009e9c981
00a8a6a21
00b0aeaa1
00b2b0ac1
00bab8b41
00c4c2be1
00ceccc81
00d8d6d21
00e2e0dc1
00eceae61
00f6f4f01
00bcbab61
00c6c4c01
00d0ceca1
00dad8d41
00e4e2de1
00eeece81
00f8f6f21
0100fefa1
010b09041
0115130e1
011f1d181
012927221
0133312c1
013d3b361
010300fc1
010d0b061
011715101
01211f1a1
012b29241
0135332e1
013f3d381
014745401
01514f4a1
015b59541
0165635e1
016f6d681
017977721
0183817c1
014947421
0153514c1
015d5b561
016765601
01716f6a1
017b79741
0185837e1
018d8b861
019795901
01a19f9a1
01aba9a41
01b5b3ae1
01bfbdb81
01c9c7c21
018f8d881
019997921
01a3a19c1
01adaba61
01b7b5b01
01c1bfba1
01cbc9c41
01d3d1cc1
01dddbd61
01e7e5e01
01f1efea1
01fbf9f41
000403fe1
000e0c081
01d5d3ce1
01dfddd81
01e9e7e21
01f3f1ec1
01fdfbf61
000604001
00100e0a1
001816121
0022201c1
002c2a261
003634301
00403e3a1
004a48441
0054524e1
001a18141
0024221e1
002e2c281
003836321
0042403c1
004c4a461
005654501
005e5c581
00605e5a1
006866621
0072706c1
007c7a761
008684801
00908e8a1
009a98941
00a4a29e1
006a68641
0074726e1
007e7c781
008886821
0092908c1
009c9a961
00a6a4a01
00aeaca81
00b8b6b21
00c2c0bc1
00cccac61
00d6d4d01
00e0deda1
00eae8e41
00b0aeaa1
00bab8b41
00c4c2be1
00ceccc81
00d8d6d21
00e2e0dc1
00eceae61
00f4f2ee1
00fefcf81
010907021
0113110c1
011d1b161
012725201
01312f2a1
00f6f4f01
0100fefa1
010b09041
0115130e1
011f1d181
012927221
0133312c1
013b39341
0145433e1
014f4d481
015957521
0163615c1
016d6b661
017775701
013d3b361
014745401
01514f4a1
015b59541
0165635e1
016f6d681
017977721
01817f7a1
018b89841
0195938e1
019f9d981
01a9a7a21
01b3b1ac1
01bdbbb61
0183817c1
018d8b861
019795901
01a19f9a1
01aba9a41
01b5b3ae1
01bfbdb81
01c7c5c01
01d1cfca1
01dbd9d41
01e5e3de1
01efede81
01f9f7f21
000201fc1
01c9c7c21
01d3d1cc1
01dddbd61
01e7e5e01
01f1efea1
01fbf9f41
000403fe1
000c0a061
000e0c081
001614101
00201e1a1
002a28241
0034322e1
003e3c381
004846421
0052504c1
001816121
0022201c1
002c2a261
003634301
00403e3a1
004a48441
0054524e1
005c5a561
006664601
00706e6a1
007a78741
0084827e1
008e8c881
009896921
005e5c581
006866621
0072706c1
007c7a761
008684801
00908e8a1
009a98941
00a2a09c1
00acaaa61
00b6b4b01
00c0beba1
00cac8c41
00d4d2ce1
00dedcd81
00a4a29e1
00aeaca81
00b8b6b21
00c2c0bc1
00cccac61
00d6d4d01
00e0deda1
00e8e6e21
00f2f0ec1
00fcfaf61
010705001
01110f0a1
011b19141
0125231e1
00eae8e41
00f4f2ee1
00fefcf81
010907021
0113110c1
011d1b161
012725201
012f2d281
013937321
0143413c1
014d4b461
015755501
01615f5a1
016b69641
01312f2a1
013b39341
0145433e1
014f4d481
015957521
0163615c1
016d6b661
0175736e1
017f7d781
018987821
0193918c1
019d9b961
01a7a5a01
01b1afaa1
017775701
01817f7a1
018b89841
0195938e1
019f9d981
01a9a7a21
01b3b1ac1
01bbb9b41
01bdbbb61
01c5c3be1
01cfcdc81
01d9d7d21
01e3e1dc1
01edebe61
01f7f5f01
0001fffa1
01c7c5c01
01d1cfca1
01dbd9d41
01e5e3de1
01efede81
01f9f7f21
000201fc1
000a08041
0014120e1
001e1c181
002826221
0032302c1
003c3a361
004644401
000c0a061
001614101
00201e1a1
002a28241
0034322e1
003e3c381
004846421
00504e4a1
005a58541
0064625e1
006e6c681
007876721
0082807c1
008c8a861
0052504c1
005c5a561
006664601
00706e6a1
007a78741
0084827e1
008e8c881
009694901
00a09e9a1
00aaa8a41
00b4b2ae1
00bebcb81
00c8c6c21
00d2d0cc1
009896921
00a2a09c1
00acaaa61
00b6b4b01
00c0beba1
00cac8c41
00d4d2ce1
00dcdad61
00e6e4e01
00f0eeea1
00faf8f41
010502fe1
010f0d081
011917121
00dedcd81
00e8e6e21
00f2f0ec1
00fcfaf61
010705001
01110f0a1
011b19141
0123211c1
012d2b261
013735301
01413f3a1
014b49441
0155534e1
015f5d581
0125231e1
012f2d281
013937321
0143413c1
014d4b461
015755501
01615f5a1
016967621
016b69641
0173716c1
017d7b761
018785801
01918f8a1
019b99941
01a5a39e1
01afada81
0175736e1
017f7d781
018987821
0193918c1
019d9b961
01a7a5a01
01b1afaa1
01b9b7b21
01c3c1bc1
01cdcbc61
01d7d5d01
01e1dfda1
01ebe9e41
01f5f3ee1
01bbb9b41
01c5c3be1
01cfcdc81
01d9d7d21
01e3e1dc1
01edebe61
01f7f5f01
01fffdf81
000806021
0012100c1
001c1a161
002624201
00302e2a1
003a38341
0001fffa1
000a08041
0014120e1
001e1c181
002826221
0032302c1
003c3a361
0044423e1
004e4c481
005856521
0062605c1
006c6a661
007674701
00807e7a1
004644401
00504e4a1
005a58541
0064625e1
006e6c681
007876721
0082807c1
008a88841
0094928e1
009e9c981
00a8a6a21
00b2b0ac1
00bcbab61
00c6c4c01
008c8a861
009694901
00a09e9a1
00aaa8a41
00b4b2ae1
00bebcb81
00c8c6c21
00d0ceca1
00dad8d41
00e4e2de1
00eeece81
00f8f6f21
010300fc1
010d0b061
00d2d0cc1
00dcdad61
00e6e4e01
00f0eeea1
00faf8f41
010502fe1
010f0d081
011715101
011917121
01211f1a1
012b29241
0135332e1
013f3d381
014947421
0153514c1
015d5b561
0123211c1
012d2b261
013735301
01413f3a1
014b49441
0155534e1
015f5d581
016765601
01716f6a1
017b79741
0185837e1
018f8d881
019997921
01a3a19c1
016967621
0173716c1
017d7b761
018785801
01918f8a1
019b99941
01a5a39e1
01adaba61
01b7b5b01
01c1bfba1
01cbc9c41
01d5d3ce1
01dfddd81
01e9e7e21
01afada81
01b9b7b21
01c3c1bc1
01cdcbc61
01d7d5d01
01e1dfda1
01ebe9e41
01f3f1ec1
01fdfbf61
000604001
00100e0a1
001a18141
0024221e1
002e2c281
01f5f3ee1
01fffdf81
000806021
0012100c1
001c1a161
002624201
00302e2a1
003836321
0042403c1
004c4a461
005654501
00605e5a1
006a68641
0074726e1
003a38341
0044423e1
004e4c481
005856521
0062605c1
006c6a661
007674701
007e7c781
008886821
0092908c1
009c9a961
00a6a4a01
00b0aeaa1
00bab8b41
00807e7a1
008a88841
0094928e1
009e9c981
00a8a6a21
00b2b0ac1
00bcbab61
00c4c2be1
00c6c4c01
00ceccc81
00d8d6d21
00e2e0dc1
00eceae61
00f6f4f01
0100fefa1
010b09041
00d0ceca1
00dad8d41
00e4e2de1
00eeece81
00f8f6f21
010300fc1
010d0b061
0115130e1
011f1d181
012927221
0133312c1
013d3b361
014745401
01514f4a1
011715101
01211f1a1
012b29241
0135332e1
013f3d381
014947421
0153514c1
015b59541
0165635e1
016f6d681
017977721
0183817c1
018d8b861
019795901
015d5b561
016765601
01716f6a1
017b79741
0185837e1
018f8d881
019997921
01a19f9a1
01aba9a41
01b5b3ae1
01bfbdb81
01c9c7c21
01d3d1cc1
01dddbd61
01a3a19c1
01adaba61
01b7b5b01
01c1bfba1
01cbc9c41
01d5d3ce1
01dfddd81
01e7e5e01
01f1efea1
01fbf9f41
000403fe1
000e0c081
001816121
0022201c1
01e9e7e21
01f3f1ec1
01fdfbf61
000604001
00100e0a1
001a18141
0024221e1
002c2a261
003634301
00403e3a1
004a48441
0054524e1
005e5c581
006866621
002e2c281
003836321
0042403c1
004c4a461
005654501
00605e5a1
006a68641
0072706c1
0074726e1
007c7a761
008684801
00908e8a1
009a98941
00a4a29e1
00aeaca81
00b8b6b21
007e7c781
008886821
0092908c1
009c9a961
00a6a4a01
00b0aeaa1
00bab8b41
00c2c0bc1
00cccac61
00d6d4d01
00e0deda1
00eae8e41
00f4f2ee1
00fefcf81
00c4c2be1
00ceccc81
00d8d6d21
00e2e0dc1
00eceae61
00f6f4f01
0100fefa1
010907021
0113110c1
011d1b161
012725201
01312f2a1
013b39341
0145433e1
010b09041
0115130e1
011f1d181
012927221
0133312c1
013d3b361
014745401
014f4d481
015957521
0163615c1
016d6b661
017775701
01817f7a1
018b89841
01514f4a1
015b59541
0165635e1
016f6d681
017977721
0183817c1
018d8b861
0195938e1
019f9d981
01a9a7a21
01b3b1ac1
01bdbbb61
01c7c5c01
01d1cfca1
019795901
01a19f9a1
01aba9a41
01b5b3ae1
01bfbdb81
01c9c7c21
01d3d1cc1
01dbd9d41
01e5e3de1
01efede81
01f9f7f21
000201fc1
000c0a061
001614101
01dddbd61
01e7e5e01
01f1efea1
01fbf9f41
000403fe1
000e0c081
001816121
00201e1a1
0022201c1
002a28241
0034322e1
003e3c381
004846421
0052504c1
005c5a561
006664601
002c2a261
003634301
00403e3a1
004a48441
0054524e1
005e5c581
006866621
00706e6a1
007a78741
0084827e1
008e8c881
009896921
00a2a09c1
00acaaa61
0072706c1
007c7a761
008684801
00908e8a1
009a98941
00a4a29e1
00aeaca81
00b6b4b01
00c0beba1
00cac8c41
00d4d2ce1
00dedcd81
00e8e6e21
00f2f0ec1
00b8b6b21
00c2c0bc1
00cccac61
00d6d4d01
00e0deda1
00eae8e41
00f4f2ee1
00fcfaf61
010705001
01110f0a1
011b19141
0125231e1
012f2d281
013937321
00fefcf81
010907021
0113110c1
011d1b161
012725201
01312f2a1
013b39341
0143413c1
014d4b461
015755501
01615f5a1
016b69641
0175736e1
017f7d781
0145433e1
014f4d481
015957521
0163615c1
016d6b661
017775701
01817f7a1
018987821
0193918c1
019d9b961
01a7a5a01
01b1afaa1
01bbb9b41
01c5c3be1
018b89841
0195938e1
019f9d981
01a9a7a21
01b3b1ac1
01bdbbb61
01c7c5c01
01cfcdc81
01d1cfca1
01d9d7d21
01e3e1dc1
01edebe61
01f7f5f01
0001fffa1
000a08041
0014120e1
01dbd9d41
01e5e3de1
01efede81
01f9f7f21
000201fc1
000c0a061
001614101
001e1c181
002826221
0032302c1
003c3a361
004644401
00504e4a1
005a58541
00201e1a1
002a28241
0034322e1
003e3c381
004846421
0052504c1
005c5a561
0064625e1
006e6c681
007876721
0082807c1
008c8a861
009694901
00a09e9a1
006664601
00706e6a1
007a78741
0084827e1
008e8c881
009896921
00a2a09c1
00aaa8a41
00b4b2ae1
00bebcb81
00c8c6c21
00d2d0cc1
00dcdad61
00e6e4e01
00acaaa61
00b6b4b01
00c0beba1
00cac8c41
00d4d2ce1
00dedcd81
00e8e6e21
00f0eeea1
00faf8f41
010502fe1
010f0d081
011917121
0123211c1
012d2b261
00f2f0ec1
00fcfaf61
010705001
01110f0a1
011b19141
0125231e1
012f2d281
013735301
01413f3a1
014b49441
0155534e1
015f5d581
016967621
0173716c1
013937321
0143413c1
014d4b461
015755501
01615f5a1
016b69641
0175736e1
017d7b761
017f7d781
