000001007
00000300f
000005017
00000701f
000009027
00000b02f
00000d037
00000f03f
00001104b
00001305b
000014063
00001506b
000016073
00001707b
000018083
00001908b
00001a093
00001b09b
00001c0a3
00001d0ab
00001e0b3
00001f0bb
000020143
00002114b
000022153
00002315b
000024163
00002516b
000026173
02560054e
00002717b
02100042d
000028183
0214004ad
00002918b
00002a193
00002b19b
00002c1a3
025e005ce
00002d1ab
00002e1b3
00002f1bb
02ae00ace
000030243
021c005ad
00003124b
024800a2d
000032253
024c00aad
024e00aed
00003325b
000034263
00003526b
000036273
02c200c0e
00003727b
02ca00c8e
02ce00cce
000038283
025400bad
00003928b
025800c2d
00003a293
00003b29b
025e00ced
00003c2a3
00003d2ab
00003e2b3
02de00dce
00003f2bb
03260124e
032a0128e
026000d2d
026200d6d
00705a58b
02900122d
02920126d
003c3a38b
007a6e6cb
03360134e
033e013ce
007c7270b
043e0c3cf
00746260b
00766664b
00807a78b
00b09290b
02a00142d
034a0148e
034e014ce
03520150e
035a0158e
00b29694b
004240002
00827e7cb
00b49a98b
00b69e9cb
00b8a2a0b
00c0b2b0b
00c2b6b4b
04860c84f
00beaeacb
04440a431
048808862
004644003
00cac6c4b
046046201
046446241
046c462c1
047046301
047846381
04d008ce2
006a04681
006e066c1
00760a741
0000000c7
0000010cf
0000020d7
0000030df
048846481
048c464c1
049046501
049446541
008210801
008a14881
009218901
00961a941
049846581
04d40ad31
049c465c1
04e08ea01
00000c127
00000d12f
009a1c981
00d6d4003
00e200e01
00ea04e81
00ee06ec1
000040343
00004134b
0000101c7
0000111cf
0000121d7
0000131df
00004335b
0000141e7
00004536b
000042353
00004737b
000044363
000046373
010613041
010a15081
05108ed01
010e170c1
05148ed41
05188ed81
051c8edc1
0560d7201
0564d7241
011219101
00001b21f
01161b141
011a1d181
011e1f1c1
016603641
0568d7281
056cd72c1
0570d7301
0574d7341
0578d7381
057cd73c1
0580d7401
016a05681
016e076c1
017209701
0000540a3
0000560b3
0000570bb
0000222d7
0000580c3
0000590cb
0000242e7
0000252ef
0000262f7
0000272ff
00005b0db
000028307
00005d0eb
00005a0d3
00005f0fb
00005c0e3
00005e0f3
019a1d981
03a201a0e
019e1f9c1
03a601a4e
00002c327
00002d32f
00002e337
02d801a2d
03ba01b8e
02da01a6d
02dc01aad
02de01aed
02e001b2d
02e201b6d
03be01bce
02e401bad
03c201c0e
03c601c4e
03ca01c8e
03ce01cce
03d201d0e
00f8dad8b
03d601d4e
00fadedcb
02ea01c6d
00fce2e0b
02ee01ced
02f001d2d
02f201d6d
0108faf8b
02460044e
00fee6e4b
02f401dad
0100eae8b
03200042d
03220046d
010afefcb
0104f2f0b
03280052d
025e005ce
010d0300b
01110b08b
032a0056d
026e006ce
01412320b
03300062d
03320066d
02720070e
0336006ed
027a0078e
01514340b
01452b28b
03380072d
02ca00c8e
033a0076d
01493330b
036800c2d
014b3734b
01151310b
01534744b
02d600d4e
02de00dce
036e00ced
02e600e4e
037000d2d
037200d6d
037400dad
037600ded
037800e2d
037a00e6d
02ee00ece
02f200f0e
02fa00f8e
02fe00fce
011b18002
015b5754b
018d7370b
018f7774b
01998b88b
01917b78b
019b8f8cb
055e0d5cf
01978784b
051c0b1b1
0560095e2
011f1c003
01a39f9cb
05e11fa01
05e51fa41
05ed1fac1
05f11fb01
05f91fb81
05a809a62
01ea05e81
01ee07ec1
01f60bf41
0000303c7
0000313cf
0000323d7
0000333df
04291fc81
042d1fcc1
04311fd01
04351fd41
002210201
002a14281
003218301
00361a341
04391fd81
05ac0bab1
043d1fdc1
048166401
00003c067
00003d06f
003a1c381
01afac003
008200801
008a04881
008e068c1
000070283
00007128b
000040107
00004110f
000042117
00004311f
00007329b
000044127
0000752ab
000072293
0000772bb
0000742a3
0000762b3
00a612a41
00aa14a81
04b166701
00ae16ac1
04b566741
04b966781
04bd667c1
0501aec01
0505aec41
00b218b01
00004b15f
00b61ab41
00ba1cb81
00be1ebc1
010603041
0509aec81
050daecc1
0511aed01
0515aed41
0519aed81
051daedc1
0521aee01
010a05081
010e070c1
011209101
0000843a3
0000863b3
0000873bb
000052217
0000883c3
0000893cb
000054227
00005522f
000056237
00005723f
00008b3db
000058247
00008d3eb
00008a3d3
00008f3fb
00008c3e3
00008e3f3
013a1d381
03420140e
013e1f3c1
03460144e
00005c267
00005d26f
00005e277
03b00142d
035a0158e
03b20146d
03b4014ad
03b6014ed
03b80152d
03ba0156d
035e015ce
03bc015ad
03620160e
03660164e
036a0168e
036e016ce
03720170e
01d1b3b0b
03760174e
01d3b7b4b
03c20166d
01d5bbb8b
03c6016ed
03c80172d
03ca0176d
01e1d3d0b
03c601c4e
01d7bfbcb
03cc017ad
01d9c3c0b
03f801c2d
03fa01c6d
01e3d7d4b
01ddcbc8b
020001d2d
03de01dce
01e5dbd8b
01e9e3e0b
020201d6d
03ee01ece
0019fbf8b
020801e2d
020a01e6d
03f201f0e
020e01eed
03fa01f8e
00281a18b
001c0200b
021001f2d
026a0068e
021201f6d
00200a08b
02400062d
00220e0cb
01edebe8b
002a1e1cb
02760074e
027e007ce
0246006ed
02860084e
02480072d
024a0076d
024c007ad
024e007ed
02500082d
02520086d
028e008ce
02920090e
029a0098e
029e009ce
01f3f0002
00322e2cb
00644a48b
00664e4cb
00706260b
00685250b
00726664b
04360c34f
006e5e5cb
05f40bf31
043808362
01f7f4003
007a7674b
0581f7401
0585f7441
058df74c1
0591f7501
0599f7581
0480087e2
018a05881
018e078c1
01960b941
000060307
00006130f
000062317
00006331f
05a9f7681
05adf76c1
05b1f7701
05b5f7741
01a211a01
01aa15a81
01b219b01
01b61bb41
05b9f7781
04840a831
05bdf77c1
04203fc01
00006c367
00006d36f
01ba1db81
008684003
002200201
002a04281
002e062c1
0000a01c3
0000a11cb
000070047
00007104f
000072057
00007305f
0000a31db
000074067
0000a51eb
0000a21d3
0000a71fb
0000a41e3
0000a61f3
004612441
004a14481
04503ff01
004e164c1
04543ff41
04583ff81
045c3ffc1
04a086601
04a486641
005218501
00007b09f
00561a541
005a1c581
005e1e5c1
00a602a41
04a886681
04ac866c1
04b086701
04b486741
04b886781
04bc867c1
04c086801
00aa04a81
00ae06ac1
00b208b01
0000b42e3
0000b62f3
0000b72fb
000082157
0000b8303
0000b930b
000084167
00008516f
000086177
00008717f
0000bb31b
000088187
0000bd32b
0000ba313
0000bf33b
0000bc323
0000be333
00da1cd81
02e200e0e
00de1edc1
02e600e4e
00008c1a7
00008d1af
00008e1b7
028800e2d
02fa00f8e
028a00e6d
028c00ead
028e00eed
029000f2d
029200f6d
02fe00fce
029400fad
03020100e
03060104e
030a0108e
030e010ce
03120110e
00a88a88b
03160114e
00aa8e8cb
029a0106d
00ac9290b
029e010ed
02a00112d
02a20116d
00b8aaa8b
03660164e
00ae9694b
02a4011ad
00b09a98b
02d00162d
02d20166d
00baaeacb
00b4a2a0b
02d80172d
037e017ce
00bcb2b0b
00c0bab8b
02da0176d
038e018ce
00f0d2d0b
02e00182d
02e20186d
03920190e
02e6018ed
039a0198e
0100f2f0b
00f4dad8b
02e80192d
03ea01e8e
02ea0196d
00f8e2e0b
031801e2d
00fae6e4b
00c4c2c0b
0102f6f4b
03f601f4e
03fe01fce
031e01eed
02260024e
032001f2d
032201f6d
032401fad
032601fed
03280022d
032a0026d
022e002ce
02320030e
023a0038e
023e003ce
00cac8002
010b0704b
013d2320b
013f2724b
01493b38b
01412b28b
014b3f3cb
050e0d0cf
01473734b
04cc0acb1
0510090e2
00cecc003
01534f4cb
0520cee01
0524cee41
052cceec1
0530cef01
0538cef81
055809562
012a05281
012e072c1
01360b341
000090247
00009124f
000092257
00009325f
0548cf081
054ccf0c1
0550cf101
0554cf141
014211401
014a15481
015219501
01561b541
0558cf181
055c0b5b1
055ccf1c1
05a117601
00009c2a7
00009d2af
015a1d581
015f5c003
01a201a01
01aa05a81
01ae07ac1
0000d0103
0000d110b
0000a0347
0000a134f
0000a2357
0000a335f
0000d311b
0000a4367
0000d512b
0000d2113
0000d713b
0000d4123
0000d6133
01c613c41
01ca15c81
05d117901
01ce17cc1
05d517941
05d917981
05dd179c1
04415fe01
04455fe41
01d219d01
0000ab39f
01d61bd41
01da1dd81
01de1fdc1
004602441
04495fe81
044d5fec1
04515ff01
04555ff41
04595ff81
045d5ffc1
04615e201
004a04481
004e064c1
005208501
0000e4223
0000e6233
0000e723b
0000b2097
0000e8243
0000e924b
0000b40a7
0000b50af
0000b60b7
0000b70bf
0000eb25b
0000b80c7
0000ed26b
0000ea253
0000ef27b
0000ec263
0000ee273
007a1c781
02820080e
007e1e7c1
02860084e
0000bc0e7
0000bd0ef
0000be0f7
03600082d
029a0098e
03620086d
0364008ad
0366008ed
03680092d
036a0096d
029e009ce
036c009ad
02a200a0e
02a600a4e
02aa00a8e
02ae00ace
02b200b0e
01816360b
02b600b4e
01836764b
037200a6d
01856b68b
037600aed
037800b2d
037a00b6d
01918380b
03060104e
01876f6cb
037c00bad
01897370b
03a80102d
03aa0106d
01938784b
018d7b78b
03b00112d
031e011ce
01958b88b
01999390b
03b20116d
032e012ce
01c9aba8b
03b80122d
03ba0126d
03320130e
03be012ed
033a0138e
01d9cbc8b
01cdb3b0b
03c00132d
038a0188e
03c20136d
01d1bbb8b
03f00182d
01d3bfbcb
019d9b98b
01dbcfccb
03960194e
039e019ce
03f6018ed
03a601a4e
03f80192d
03fa0196d
03fc019ad
03fe019ed
020001a2d
020201a6d
03ae01ace
03b201b0e
03ba01b8e
03be01bce
01a3a0002
01e3dfdcb
0015fbf8b
0017fffcb
00201210b
00180200b
00221614b
05e60de4f
001e0e0cb
05a40ba31
05e809e62
01a7a4003
002a2624b
04c1a6801
04c5a6841
04cda68c1
04d1a6901
04d9a6981
0430082e2
00ca04c81
00ce06cc1
00d60ad41
0000c0187
0000c118f
0000c2197
0000c319f
04e9a6a81
04eda6ac1
04f1a6b01
04f5a6b41
00e210e01
00ea14e81
00f218f01
00f61af41
04f9a6b81
04340a331
04fda6bc1
0541ef001
0000cc1e7
0000cd1ef
00fa1cf81
003634003
014201401
014a05481
014e074c1
000100043
00010104b
0000d0287
0000d128f
0000d2297
0000d329f
00010305b
0000d42a7
00010506b
000102053
00010707b
000104063
000106073
016613641
016a15681
0571ef301
016e176c1
0575ef341
0579ef381
057def3c1
05c037801
05c437841
017219701
0000db2df
01761b741
017a1d781
017e1f7c1
01c603c41
05c837881
05cc378c1
05d037901
05d437941
05d837981
05dc379c1
05e037a01
01ca05c81
01ce07cc1
01d209d01
000114163
000116173
00011717b
0000e2397
000118183
00011918b
0000e43a7
0000e53af
0000e63b7
0000e73bf
00011b19b
0000e83c7
00011d1ab
00011a193
00011f1bb
00011c1a3
00011e1b3
01fa1df81
02220020e
01fe1ffc1
02260024e
0000ec3e7
0000ed3ef
0000ee3f7
02380022d
023a0038e
023a0026d
023c002ad
023e002ed
02400032d
02420036d
023e003ce
0244003ad
02420040e
02460044e
024a0048e
024e004ce
02520050e
00583a38b
02560054e
005a3e3cb
024a0046d
005c4240b
024e004ed
02500052d
02520056d
00685a58b
02a600a4e
005e4644b
0254005ad
00604a48b
028000a2d
028200a6d
006a5e5cb
00645250b
028800b2d
02be00bce
006c6260b
00706a68b
028a00b6d
02ce00cce
00a08280b
029000c2d
029200c6d
02d200d0e
029600ced
02da00d8e
00b0a2a0b
00a48a88b
029800d2d
032a0128e
029a00d6d
00a89290b
02c80122d
00aa9694b
00747270b
00b2a6a4b
03360134e
033e013ce
02ce012ed
03460144e
02d00132d
02d20136d
02d4013ad
02d6013ed
02d80142d
02da0146d
034e014ce
03520150e
035a0158e
035e015ce
007a78002
00bab6b4b
00ecd2d0b
00eed6d4b
00f8eae8b
00f0dad8b
00faeeecb
04be0cbcf
00f6e6e4b
047c0a7b1
04c008be2
007e7c003
0102fefcb
04607e201
04647e241
046c7e2c1
04707e301
04787e381
050809062
006a04681
006e066c1
00760a741
0000f00c7
0000f10cf
0000f20d7
0000f30df
04887e481
048c7e4c1
04907e501
04947e541
008210801
008a14881
009218901
00961a941
04987e581
050c0b0b1
049c7e5c1
04e0c6a01
0000fc127
0000fd12f
009a1c981
010f0c003
00e200e01
00ea04e81
00ee06ec1
000130343
00013134b
0001001c7
0001011cf
0001021d7
0001031df
00013335b
0001041e7
00013536b
000132353
00013737b
000134363
000136373
010613041
010a15081
0510c6d01
010e170c1
0514c6d41
0518c6d81
051cc6dc1
05610f201
05650f241
011219101
00010b21f
01161b141
011a1d181
011e1f1c1
016603641
05690f281
056d0f2c1
05710f301
05750f341
05790f381
057d0f3c1
05810f401
016a05681
016e076c1
017209701
0001440a3
0001460b3
0001470bb
0001122d7
0001480c3
0001490cb
0001142e7
0001152ef
0001162f7
0001172ff
00014b0db
000118307
00014d0eb
00014a0d3
00014f0fb
00014c0e3
00014e0f3
019a1d981
03a201a0e
019e1f9c1
03a601a4e
00011c327
00011d32f
00011e337
031001a2d
03ba01b8e
031201a6d
031401aad
031601aed
031801b2d
031a01b6d
03be01bce
031c01bad
03c201c0e
03c601c4e
03ca01c8e
03ce01cce
03d201d0e
01311310b
03d601d4e
01331714b
032201c6d
01351b18b
032601ced
032801d2d
032a01d6d
01413330b
02460044e
01371f1cb
032c01dad
01392320b
03580042d
035a0046d
01433734b
013d2b28b
03600052d
025e005ce
01453b38b
01494340b
03620056d
026e006ce
01795b58b
03680062d
036a0066d
02720070e
036e006ed
027a0078e
01897b78b
017d6360b
03700072d
02ca00c8e
03720076d
01816b68b
03a000c2d
01836f6cb
014d4b48b
018b7f7cb
02d600d4e
02de00dce
03a600ced
02e600e4e
03a800d2d
03aa00d6d
03ac00dad
03ae00ded
03b000e2d
03b200e6d
02ee00ece
02f200f0e
02fa00f8e
02fe00fce
015350002
01938f8cb
01c5aba8b
01c7afacb
01d1c3c0b
01c9b3b0b
01d3c7c4b
05960d94f
01cfbfbcb
05540b531
059809962
015754003
01dbd7d4b
05e157a01
05e557a41
05ed57ac1
05f157b01
05f957b81
05e009de2
01ea05e81
01ee07ec1
01f60bf41
0001203c7
0001213cf
0001223d7
0001233df
042957c81
042d57cc1
043157d01
043557d41
002210201
002a14281
003218301
00361a341
043957d81
05e40be31
043d57dc1
04819e401
00012c067
00012d06f
003a1c381
01e7e4003
008200801
008a04881
008e068c1
000160283
00016128b
000130107
00013110f
000132117
00013311f
00016329b
000134127
0001652ab
000162293
0001672bb
0001642a3
0001662b3
00a612a41
00aa14a81
04b19e701
00ae16ac1
04b59e741
04b99e781
04bd9e7c1
0501e6c01
0505e6c41
00b218b01
00013b15f
00b61ab41
00ba1cb81
00be1ebc1
010603041
0509e6c81
050de6cc1
0511e6d01
0515e6d41
0519e6d81
051de6dc1
0521e6e01
010a05081
010e070c1
011209101
0001743a3
0001763b3
0001773bb
000142217
0001783c3
0001793cb
000144227
00014522f
000146237
00014723f
00017b3db
000148247
00017d3eb
00017a3d3
00017f3fb
00017c3e3
00017e3f3
013a1d381
03420140e
013e1f3c1
03460144e
00014c267
00014d26f
00014e277
03e80142d
035a0158e
03ea0146d
03ec014ad
03ee014ed
03f00152d
03f20156d
035e015ce
03f4015ad
03620160e
03660164e
036a0168e
036e016ce
03720170e
0009ebe8b
03760174e
000befecb
03fa0166d
000df3f0b
03fe016ed
02000172d
02020176d
00180a08b
03c601c4e
000ff7f4b
0204017ad
0011fbf8b
023001c2d
023201c6d
001a0e0cb
00140200b
023801d2d
03de01dce
001c1210b
00201a18b
023a01d6d
03ee01ece
00503230b
024001e2d
024201e6d
03f201f0e
024601eed
03fa01f8e
00605250b
00543a38b
024801f2d
026a0068e
024a01f6d
00584240b
02780062d
005a4644b
00242220b
00625654b
02760074e
027e007ce
027e006ed
02860084e
02800072d
02820076d
0284007ad
0286007ed
02880082d
028a0086d
028e008ce
02920090e
029a0098e
029e009ce
002a28002
006a6664b
009c8280b
009e8684b
00a89a98b
00a08a88b
00aa9e9cb
046e0c6cf
00a69694b
042c0a2b1
0470086e2
002e2c003
00b2aeacb
05802f401
05842f441
058c2f4c1
05902f501
05982f581
04b808b62
018a05881
018e078c1
01960b941
000150307
00015130f
000152317
00015331f
05a82f681
05ac2f6c1
05b02f701
05b42f741
01a211a01
01aa15a81
01b219b01
01b61bb41
05b82f781
04bc0abb1
05bc2f7c1
042077c01
00015c367
00015d36f
01ba1db81
00bebc003
002200201
002a04281
002e062c1
0001901c3
0001911cb
000160047
00016104f
000162057
00016305f
0001931db
000164067
0001951eb
0001921d3
0001971fb
0001941e3
0001961f3
004612441
004a14481
045077f01
004e164c1
045477f41
045877f81
045c77fc1
04a0be601
04a4be641
005218501
00016b09f
00561a541
005a1c581
005e1e5c1
00a602a41
04a8be681
04acbe6c1
04b0be701
04b4be741
04b8be781
04bcbe7c1
04c0be801
00aa04a81
00ae06ac1
00b208b01
0001a42e3
0001a62f3
0001a72fb
000172157
0001a8303
0001a930b
000174167
00017516f
000176177
00017717f
0001ab31b
000178187
0001ad32b
0001aa313
0001af33b
0001ac323
0001ae333
00da1cd81
02e200e0e
00de1edc1
02e600e4e
00017c1a7
00017d1af
00017e1b7
02c000e2d
02fa00f8e
02c200e6d
02c400ead
02c600eed
02c800f2d
02ca00f6d
02fe00fce
02cc00fad
03020100e
03060104e
030a0108e
030e010ce
03120110e
00e0c2c0b
03160114e
00e2c6c4b
02d20106d
00e4cac8b
02d6010ed
02d80112d
02da0116d
00f0e2e0b
03660164e
00e6ceccb
02dc011ad
00e8d2d0b
03080162d
030a0166d
00f2e6e4b
00ecdad8b
03100172d
037e017ce
00f4eae8b
00f8f2f0b
03120176d
038e018ce
01290b08b
03180182d
031a0186d
03920190e
031e018ed
039a0198e
01392b28b
012d1310b
03200192d
03ea01e8e
03220196d
01311b18b
035001e2d
01331f1cb
00fcfaf8b
013b2f2cb
03f601f4e
03fe01fce
035601eed
02260024e
035801f2d
035a01f6d
035c01fad
035e01fed
03600022d
03620026d
022e002ce
02320030e
023a0038e
023e003ce
010300002
01433f3cb
01755b58b
01775f5cb
01817370b
01796360b
01837774b
05460d44f
017f6f6cb
05040b031
054809462
010704003
018b8784b
052106e01
052506e41
052d06ec1
053106f01
053906f81
0590098e2
012a05281
012e072c1
01360b341
000180247
00018124f
000182257
00018325f
054907081
054d070c1
055107101
055507141
014211401
014a15481
015219501
01561b541
055907181
05940b931
055d071c1
05a14f601
00018c2a7
00018d2af
015a1d581
019794003
01a201a01
01aa05a81
01ae07ac1
0001c0103
0001c110b
000190347
00019134f
000192357
00019335f
0001c311b
000194367
0001c512b
0001c2113
0001c713b
0001c4123
0001c6133
01c613c41
01ca15c81
05d14f901
01ce17cc1
05d54f941
05d94f981
05dd4f9c1
044197e01
044597e41
01d219d01
00019b39f
01d61bd41
01da1dd81
01de1fdc1
004602441
044997e81
044d97ec1
045197f01
045597f41
045997f81
045d97fc1
046196201
004a04481
004e064c1
005208501
0001d4223
0001d6233
0001d723b
0001a2097
0001d8243
0001d924b
0001a40a7
0001a50af
0001a60b7
0001a70bf
0001db25b
0001a80c7
0001dd26b
0001da253
0001df27b
0001dc263
0001de273
007a1c781
02820080e
007e1e7c1
02860084e
0001ac0e7
0001ad0ef
0001ae0f7
03980082d
029a0098e
039a0086d
039c008ad
039e008ed
03a00092d
03a20096d
029e009ce
03a4009ad
02a200a0e
02a600a4e
02aa00a8e
02ae00ace
02b200b0e
01b99b98b
02b600b4e
01bb9f9cb
03aa00a6d
01bda3a0b
03ae00aed
03b000b2d
03b200b6d
01c9bbb8b
03060104e
01bfa7a4b
03b400bad
01c1aba8b
03e00102d
03e20106d
01cbbfbcb
01c5b3b0b
03e80112d
031e011ce
01cdc3c0b
01d1cbc8b
03ea0116d
032e012ce
0001e3e0b
03f00122d
03f20126d
03320130e
03f6012ed
033a0138e
00100200b
0005ebe8b
03f80132d
038a0188e
03fa0136d
0009f3f0b
02280182d
000bf7f4b
01d5d3d0b
00120604b
03960194e
039e019ce
022e018ed
03a601a4e
02300192d
02320196d
0234019ad
0236019ed
023801a2d
023a01a6d
03ae01ace
03b201b0e
03ba01b8e
03be01bce
01dbd8002
001a1614b
004c3230b
004e3634b
00584a48b
00503a38b
005a4e4cb
041e0c1cf
00564644b
05dc0bdb1
0420081e2
01dfdc003
00625e5cb
04c1de801
04c5de841
04cdde8c1
04d1de901
04d9de981
046808662
00ca04c81
00ce06cc1
00d60ad41
0001b0187
0001b118f
0001b2197
0001b319f
04e9dea81
04eddeac1
04f1deb01
04f5deb41
00e210e01
00ea14e81
00f218f01
00f61af41
04f9deb81
046c0a6b1
04fddebc1
054027001
0001bc1e7
0001bd1ef
00fa1cf81
006e6c003
014201401
014a05481
014e074c1
0001f0043
0001f104b
0001c0287
0001c128f
0001c2297
0001c329f
0001f305b
0001c42a7
0001f506b
0001f2053
0001f707b
0001f4063
0001f6073
016613641
016a15681
057027301
016e176c1
057427341
057827381
057c273c1
05c06f801
05c46f841
017219701
0001cb2df
01761b741
017a1d781
017e1f7c1
01c603c41
05c86f881
05cc6f8c1
05d06f901
05d46f941
05d86f981
05dc6f9c1
05e06fa01
01ca05c81
01ce07cc1
01d209d01
000204163
000206173
00020717b
0001d2397
000208183
00020918b
0001d43a7
0001d53af
0001d63b7
0001d73bf
00020b19b
0001d83c7
00020d1ab
00020a193
00020f1bb
00020c1a3
00020e1b3
01fa1df81
02220020e
01fe1ffc1
02260024e
0001dc3e7
0001dd3ef
0001de3f7
02700022d
023a0038e
02720026d
0274002ad
0276002ed
02780032d
027a0036d
023e003ce
027c003ad
02420040e
02460044e
024a0048e
024e004ce
02520050e
00907270b
02560054e
00927674b
02820046d
00947a78b
0286004ed
02880052d
028a0056d
00a09290b
02a600a4e
00967e7cb
028c005ad
00988280b
02b800a2d
02ba00a6d
00a29694b
009c8a88b
02c000b2d
02be00bce
00a49a98b
00a8a2a0b
02c200b6d
02ce00cce
00d8bab8b
02c800c2d
02ca00c6d
02d200d0e
02ce00ced
02da00d8e
00e8dad8b
00dcc2c0b
02d000d2d
032a0128e
02d200d6d
00e0cac8b
03000122d
00e2ceccb
00acaaa8b
00eadedcb
03360134e
033e013ce
0306012ed
03460144e
03080132d
030a0136d
030c013ad
030e013ed
03100142d
03120146d
034e014ce
03520150e
035a0158e
035e015ce
00b2b0002
00f2eeecb
01250b08b
01270f0cb
01312320b
01291310b
01332724b
04f60cf4f
012f1f1cb
04b40ab31
04f808f62
00b6b4003
013b3734b
0460b6201
0464b6241
046cb62c1
0470b6301
0478b6381
0540093e2
006a04681
006e066c1
00760a741
0001e00c7
0001e10cf
0001e20d7
0001e30df
0488b6481
048cb64c1
0490b6501
0494b6541
008210801
008a14881
009218901
00961a941
0498b6581
05440b431
049cb65c1
04e0fea01
0001ec127
0001ed12f
009a1c981
014744003
00e200e01
00ea04e81
00ee06ec1
000220343
00022134b
0001f01c7
0001f11cf
0001f21d7
0001f31df
00022335b
0001f41e7
00022536b
000222353
00022737b
000224363
000226373
010613041
010a15081
0510fed01
010e170c1
0514fed41
0518fed81
051cfedc1
056147201
056547241
011219101
0001fb21f
01161b141
011a1d181
011e1f1c1
016603641
056947281
056d472c1
057147301
057547341
057947381
057d473c1
058147401
016a05681
016e076c1
017209701
0002340a3
0002360b3
0002370bb
0002022d7
0002380c3
0002390cb
0002042e7
0002052ef
0002062f7
0002072ff
00023b0db
000208307
00023d0eb
00023a0d3
00023f0fb
00023c0e3
00023e0f3
019a1d981
03a201a0e
019e1f9c1
03a601a4e
00020c327
00020d32f
00020e337
034801a2d
03ba01b8e
034a01a6d
034c01aad
034e01aed
035001b2d
035201b6d
03be01bce
035401bad
03c201c0e
03c601c4e
03ca01c8e
03ce01cce
03d201d0e
01694b48b
03d601d4e
016b4f4cb
035a01c6d
016d5350b
035e01ced
036001d2d
036201d6d
01796b68b
02460044e
016f5754b
036401dad
01715b58b
03900042d
03920046d
017b6f6cb
01756360b
03980052d
025e005ce
017d7370b
01817b78b
039a0056d
026e006ce
01b19390b
03a00062d
03a20066d
02720070e
03a6006ed
027a0078e
01c1b3b0b
01b59b98b
03a80072d
02ca00c8e
03aa0076d
01b9a3a0b
03d800c2d
01bba7a4b
01858380b
01c3b7b4b
02d600d4e
02de00dce
03de00ced
02e600e4e
03e000d2d
03e200d6d
03e400dad
03e600ded
03e800e2d
03ea00e6d
02ee00ece
02f200f0e
02fa00f8e
02fe00fce
018b88002
01cbc7c4b
01fde3e0b
01ffe7e4b
0009fbf8b
0001ebe8b
000bfffcb
05ce0dccf
0007f7f4b
058c0b8b1
05d009ce2
018f8c003
00120e0cb
05e18fa01
05e58fa41
05ed8fac1
05f18fb01
05f98fb81
041808162
01ea05e81
01ee07ec1
01f60bf41
0002103c7
0002113cf
0002123d7
0002133df
04298fc81
042d8fcc1
04318fd01
04358fd41
002210201
002a14281
003218301
00361a341
04398fd81
041c0a1b1
043d8fdc1
0481d6401
00021c067
00021d06f
003a1c381
001e1c003
008200801
008a04881
008e068c1
000250283
00025128b
000220107
00022110f
000222117
00022311f
00025329b
000224127
0002552ab
000252293
0002572bb
0002542a3
0002562b3
00a612a41
00aa14a81
04b1d6701
00ae16ac1
04b5d6741
04b9d6781
04bdd67c1
05001ec01
05041ec41
00b218b01
00022b15f
00b61ab41
00ba1cb81
00be1ebc1
010603041
05081ec81
050c1ecc1
05101ed01
05141ed41
05181ed81
051c1edc1
05201ee01
010a05081
010e070c1
011209101
0002643a3
0002663b3
0002673bb
000232217
0002683c3
0002693cb
000234227
00023522f
000236237
00023723f
00026b3db
000238247
00026d3eb
00026a3d3
00026f3fb
00026c3e3
00026e3f3
013a1d381
03420140e
013e1f3c1
03460144e
00023c267
00023d26f
00023e277
02200142d
035a0158e
02220146d
0224014ad
0226014ed
02280152d
022a0156d
035e015ce
022c015ad
03620160e
03660164e
036a0168e
036e016ce
03720170e
00402220b
03760174e
00422624b
02320166d
00442a28b
0236016ed
02380172d
023a0176d
00504240b
03c601c4e
00462e2cb
023c017ad
00483230b
026801c2d
026a01c6d
00524644b
004c3a38b
027001d2d
03de01dce
00544a48b
00585250b
027201d6d
03ee01ece
00886a68b
027801e2d
027a01e6d
03f201f0e
027e01eed
03fa01f8e
00988a88b
008c7270b
028001f2d
026a0068e
028201f6d
00907a78b
02b00062d
00927e7cb
005c5a58b
009a8e8cb
02760074e
027e007ce
02b6006ed
02860084e
02b80072d
02ba0076d
02bc007ad
02be007ed
02c00082d
02c20086d
028e008ce
02920090e
029a0098e
029e009ce
006260002
00a29e9cb
00d4bab8b
00d6bebcb
00e0d2d0b
00d8c2c0b
00e2d6d4b
04a60ca4f
00dececcb
04640a631
04a808a62
006664003
00eae6e4b
058067401
058467441
058c674c1
059067501
059867581
04f008ee2
018a05881
018e078c1
01960b941
000240307
00024130f
000242317
00024331f
05a867681
05ac676c1
05b067701
05b467741
01a211a01
01aa15a81
01b219b01
01b61bb41
05b867781
04f40af31
05bc677c1
0420afc01
00024c367
00024d36f
01ba1db81
00f6f4003
002200201
002a04281
002e062c1
0002801c3
0002811cb
000250047
00025104f
000252057
00025305f
0002831db
000254067
0002851eb
0002821d3
0002871fb
0002841e3
0002861f3
004612441
004a14481
0450aff01
004e164c1
0454aff41
0458aff81
045caffc1
04a0f6601
04a4f6641
005218501
00025b09f
00561a541
005a1c581
005e1e5c1
00a602a41
04a8f6681
04acf66c1
04b0f6701
04b4f6741
04b8f6781
04bcf67c1
04c0f6801
00aa04a81
00ae06ac1
00b208b01
0002942e3
0002962f3
0002972fb
000262157
000298303
00029930b
000264167
00026516f
000266177
00026717f
00029b31b
000268187
00029d32b
00029a313
00029f33b
00029c323
00029e333
00da1cd81
02e200e0e
00de1edc1
02e600e4e
00026c1a7
00026d1af
00026e1b7
02f800e2d
02fa00f8e
02fa00e6d
02fc00ead
02fe00eed
030000f2d
030200f6d
02fe00fce
030400fad
03020100e
03060104e
030a0108e
030e010ce
03120110e
0118faf8b
03160114e
011afefcb
030a0106d
011d0300b
030e010ed
03100112d
03120116d
01291b18b
03660164e
011f0704b
0314011ad
01210b08b
03400162d
03420166d
012b1f1cb
01251310b
03480172d
037e017ce
012d2320b
01312b28b
034a0176d
038e018ce
01614340b
03500182d
03520186d
03920190e
0356018ed
039a0198e
01716360b
01654b48b
03580192d
03ea01e8e
035a0196d
01695350b
038801e2d
016b5754b
01353330b
01736764b
03f601f4e
03fe01fce
038e01eed
02260024e
039001f2d
039201f6d
039401fad
039601fed
03980022d
039a0026d
022e002ce
02320030e
023a0038e
023e003ce
013b38002
017b7774b
01ad9390b
01af9794b
01b9aba8b
01b19b98b
01bbafacb
057e0d7cf
01b7a7a4b
053c0b3b1
0580097e2
013f3c003
01c3bfbcb
05213ee01
05253ee41
052d3eec1
05313ef01
05393ef81
05c809c62
012a05281
012e072c1
01360b341
000270247
00027124f
000272257
00027325f
05493f081
054d3f0c1
05513f101
05553f141
014211401
014a15481
015219501
01561b541
05593f181
05cc0bcb1
055d3f1c1
05a187601
00027c2a7
00027d2af
015a1d581
01cfcc003
01a201a01
01aa05a81
01ae07ac1
0002b0103
0002b110b
000280347
00028134f
000282357
00028335f
0002b311b
000284367
0002b512b
0002b2113
0002b713b
0002b4123
0002b6133
01c613c41
01ca15c81
05d187901
01ce17cc1
05d587941
05d987981
05dd879c1
0441cfe01
0445cfe41
01d219d01
00028b39f
01d61bd41
01da1dd81
01de1fdc1
004602441
0449cfe81
044dcfec1
0451cff01
0455cff41
0459cff81
045dcffc1
0461ce201
004a04481
004e064c1
005208501
0002c4223
0002c6233
0002c723b
000292097
0002c8243
0002c924b
0002940a7
0002950af
0002960b7
0002970bf
0002cb25b
0002980c7
0002cd26b
0002ca253
0002cf27b
0002cc263
0002ce273
007a1c781
02820080e
007e1e7c1
02860084e
00029c0e7
00029d0ef
00029e0f7
03d00082d
029a0098e
03d20086d
03d4008ad
03d6008ed
03d80092d
03da0096d
029e009ce
03dc009ad
02a200a0e
02a600a4e
02aa00a8e
02ae00ace
02b200b0e
01f1d3d0b
02b600b4e
01f3d7d4b
03e200a6d
01f5dbd8b
03e600aed
03e800b2d
03ea00b6d
0001f3f0b
03060104e
01f7dfdcb
03ec00bad
01f9e3e0b
02180102d
021a0106d
0003f7f4b
01fdebe8b
02200112d
031e011ce
0005fbf8b
00080200b
02220116d
032e012ce
00381a18b
02280122d
022a0126d
03320130e
022e012ed
033a0138e
00483a38b
003c2220b
02300132d
038a0188e
02320136d
00402a28b
02600182d
00422e2cb
000c0a08b
004a3e3cb
03960194e
039e019ce
0266018ed
03a601a4e
02680192d
026a0196d
026c019ad
026e019ed
027001a2d
027201a6d
03ae01ace
03b201b0e
03ba01b8e
03be01bce
001210002
00524e4cb
00846a68b
00866e6cb
00908280b
00887270b
00928684b
04560c54f
008e7e7cb
04140a131
045808562
001614003
009a9694b
04c016801
04c416841
04cc168c1
04d016901
04d816981
04a0089e2
00ca04c81
00ce06cc1
00d60ad41
0002a0187
0002a118f
0002a2197
0002a319f
04e816a81
04ec16ac1
04f016b01
04f416b41
00e210e01
00ea14e81
00f218f01
00f61af41
04f816b81
04a40aa31
04fc16bc1
05405f001
0002ac1e7
0002ad1ef
00fa1cf81
00a6a4003
014201401
014a05481
014e074c1
0002e0043
0002e104b
0002b0287
0002b128f
0002b2297
0002b329f
0002e305b
0002b42a7
0002e506b
0002e2053
0002e707b
0002e4063
0002e6073
016613641
016a15681
05705f301
016e176c1
05745f341
05785f381
057c5f3c1
05c0a7801
05c4a7841
017219701
0002bb2df
01761b741
017a1d781
017e1f7c1
01c603c41
05c8a7881
05cca78c1
05d0a7901
05d4a7941
05d8a7981
05dca79c1
05e0a7a01
01ca05c81
01ce07cc1
01d209d01
0002f4163
0002f6173
0002f717b
0002c2397
0002f8183
0002f918b
0002c43a7
0002c53af
0002c63b7
0002c73bf
0002fb19b
0002c83c7
0002fd1ab
0002fa193
0002ff1bb
0002fc1a3
0002fe1b3
01fa1df81
02220020e
01fe1ffc1
02260024e
0002cc3e7
0002cd3ef
0002ce3f7
02a80022d
023a0038e
02aa0026d
02ac002ad
02ae002ed
02b00032d
02b20036d
023e003ce
02b4003ad
02420040e
02460044e
024a0048e
024e004ce
02520050e
00c8aaa8b
02560054e
00caaeacb
02ba0046d
00ccb2b0b
02be004ed
02c00052d
02c20056d
00d8cac8b
02a600a4e
00ceb6b4b
02c4005ad
00d0bab8b
02f000a2d
02f200a6d
00daceccb
00d4c2c0b
02f800b2d
02be00bce
00dcd2d0b
00e0dad8b
02fa00b6d
02ce00cce
0110f2f0b
030000c2d
030200c6d
02d200d0e
030600ced
02da00d8e
01211310b
0114faf8b
030800d2d
032a0128e
030a00d6d
01190300b
03380122d
011b0704b
00e4e2e0b
01231714b
03360134e
033e013ce
033e012ed
03460144e
03400132d
03420136d
0344013ad
0346013ed
03480142d
034a0146d
034e014ce
03520150e
035a0158e
035e015ce
00eae8002
012b2724b
015d4340b
015f4744b
01695b58b
01614b48b
016b5f5cb
052e0d2cf
01675754b
04ec0aeb1
0530092e2
00eeec003
01736f6cb
0460ee201
0464ee241
046cee2c1
0470ee301
0478ee381
057809762
006a04681
006e066c1
00760a741
0002d00c7
0002d10cf
0002d20d7
0002d30df
0488ee481
048cee4c1
0490ee501
0494ee541
008210801
008a14881
009218901
00961a941
0498ee581
057c0b7b1
049cee5c1
04e136a01
0002dc127
0002dd12f
009a1c981
017f7c003
00e200e01
00ea04e81
00ee06ec1
000310343
00031134b
0002e01c7
0002e11cf
0002e21d7
0002e31df
00031335b
0002e41e7
00031536b
000312353
00031737b
000314363
000316373
010613041
010a15081
051136d01
010e170c1
051536d41
051936d81
051d36dc1
05617f201
05657f241
011219101
0002eb21f
01161b141
011a1d181
011e1f1c1
016603641
05697f281
056d7f2c1
05717f301
05757f341
05797f381
057d7f3c1
05817f401
016a05681
016e076c1
017209701
0003240a3
0003260b3
0003270bb
0002f22d7
0003280c3
0003290cb
0002f42e7
0002f52ef
0002f62f7
0002f72ff
00032b0db
0002f8307
00032d0eb
00032a0d3
00032f0fb
00032c0e3
00032e0f3
019a1d981
03a201a0e
019e1f9c1
03a601a4e
0002fc327
0002fd32f
0002fe337
038001a2d
03ba01b8e
038201a6d
038401aad
038601aed
038801b2d
038a01b6d
03be01bce
038c01bad
03c201c0e
03c601c4e
03ca01c8e
03ce01cce
03d201d0e
01a18380b
03d601d4e
01a38784b
039201c6d
01a58b88b
039601ced
039801d2d
039a01d6d
01b1a3a0b
02460044e
01a78f8cb
039c01dad
01a99390b
03c80042d
03ca0046d
01b3a7a4b
01ad9b98b
03d00052d
025e005ce
01b5aba8b
01b9b3b0b
03d20056d
026e006ce
01e9cbc8b
03d80062d
03da0066d
02720070e
03de006ed
027a0078e
01f9ebe8b
01edd3d0b
03e00072d
02ca00c8e
03e20076d
01f1dbd8b
021000c2d
01f3dfdcb
01bdbbb8b
01fbefecb
02d600d4e
02de00dce
021600ced
02e600e4e
021800d2d
021a00d6d
021c00dad
021e00ded
022000e2d
022200e6d
02ee00ece
02f200f0e
02fa00f8e
02fe00fce
01c3c0002
0003fffcb
00341a18b
00361e1cb
00403230b
00382220b
00423634b
04060c04f
003e2e2cb
05c40bc31
040808062
01c7c4003
004a4644b
05e1c7a01
05e5c7a41
05edc7ac1
05f1c7b01
05f9c7b81
0450084e2
01ea05e81
01ee07ec1
01f60bf41
0003003c7
0003013cf
0003023d7
0003033df
0429c7c81
042dc7cc1
0431c7d01
0435c7d41
002210201
002a14281
003218301
00361a341
0439c7d81
04540a531
043dc7dc1
04800e401
00030c067
00030d06f
003a1c381
005654003
008200801
008a04881
008e068c1
000340283
00034128b
000310107
00031110f
000312117
00031311f
00034329b
000314127
0003452ab
000342293
0003472bb
0003442a3
0003462b3
00a612a41
00aa14a81
04b00e701
00ae16ac1
04b40e741
04b80e781
04bc0e7c1
050056c01
050456c41
00b218b01
00031b15f
00b61ab41
00ba1cb81
00be1ebc1
010603041
050856c81
050c56cc1
051056d01
051456d41
051856d81
051c56dc1
052056e01
010a05081
010e070c1
011209101
0003543a3
0003563b3
0003573bb
000322217
0003583c3
0003593cb
000324227
00032522f
000326237
00032723f
00035b3db
000328247
00035d3eb
00035a3d3
00035f3fb
00035c3e3
00035e3f3
013a1d381
03420140e
013e1f3c1
03460144e
00032c267
00032d26f
00032e277
02580142d
035a0158e
025a0146d
025c014ad
025e014ed
02600152d
02620156d
035e015ce
0264015ad
03620160e
03660164e
036a0168e
036e016ce
03720170e
00785a58b
03760174e
007a5e5cb
026a0166d
007c6260b
026e016ed
02700172d
02720176d
00887a78b
03c601c4e
007e6664b
0274017ad
00806a68b
02a001c2d
02a201c6d
008a7e7cb
00847270b
02a801d2d
03de01dce
008c8280b
00908a88b
02aa01d6d
03ee01ece
00c0a2a0b
02b001e2d
02b201e6d
03f201f0e
02b601eed
03fa01f8e
00d0c2c0b
00c4aaa8b
02b801f2d
026a0068e
02ba01f6d
00c8b2b0b
02e80062d
00cab6b4b
00949290b
00d2c6c4b
02760074e
027e007ce
02ee006ed
02860084e
02f00072d
02f20076d
02f4007ad
02f6007ed
02f80082d
02fa0086d
028e008ce
02920090e
029a0098e
029e009ce
009a98002
00dad6d4b
010cf2f0b
010ef6f4b
01190b08b
0110faf8b
011b0f0cb
04de0cdcf
01170704b
049c0a9b1
04e008de2
009e9c003
01231f1cb
05809f401
05849f441
058c9f4c1
05909f501
05989f581
052809262
018a05881
018e078c1
01960b941
000330307
00033130f
000332317
00033331f
05a89f681
05ac9f6c1
05b09f701
05b49f741
01a211a01
01aa15a81
01b219b01
01b61bb41
05b89f781
052c0b2b1
05bc9f7c1
0420e7c01
00033c367
00033d36f
01ba1db81
012f2c003
002200201
002a04281
002e062c1
0003701c3
0003711cb
000340047
00034104f
000342057
00034305f
0003731db
000344067
0003751eb
0003721d3
0003771fb
0003741e3
0003761f3
004612441
004a14481
0450e7f01
004e164c1
0454e7f41
0458e7f81
045ce7fc1
04a12e601
04a52e641
005218501
00034b09f
00561a541
005a1c581
005e1e5c1
00a602a41
04a92e681
04ad2e6c1
04b12e701
04b52e741
04b92e781
04bd2e7c1
04c12e801
00aa04a81
00ae06ac1
00b208b01
0003842e3
0003862f3
0003872fb
000352157
000388303
00038930b
000354167
00035516f
000356177
00035717f
00038b31b
000358187
00038d32b
00038a313
00038f33b
00038c323
00038e333
00da1cd81
02e200e0e
00de1edc1
02e600e4e
00035c1a7
00035d1af
00035e1b7
033000e2d
02fa00f8e
033200e6d
033400ead
033600eed
033800f2d
033a00f6d
02fe00fce
033c00fad
03020100e
03060104e
030a0108e
030e010ce
03120110e
01513330b
03160114e
01533734b
03420106d
01553b38b
0346010ed
03480112d
034a0116d
01615350b
03660164e
01573f3cb
034c011ad
01594340b
03780162d
037a0166d
01635754b
015d4b48b
03800172d
037e017ce
01655b58b
01696360b
03820176d
038e018ce
01997b78b
03880182d
038a0186d
03920190e
038e018ed
039a0198e
01a99b98b
019d8380b
03900192d
03ea01e8e
03920196d
01a18b88b
03c001e2d
01a38f8cb
016d6b68b
01ab9f9cb
03f601f4e
03fe01fce
03c601eed
02260024e
03c801f2d
03ca01f6d
03cc01fad
03ce01fed
03d00022d
03d20026d
022e002ce
02320030e
023a0038e
023e003ce
017370002
01b3afacb
01e5cbc8b
01e7cfccb
01f1e3e0b
01e9d3d0b
01f3e7e4b
05b60db4f
01efdfdcb
05740b731
05b809b62
017774003
01fbf7f4b
052176e01
052576e41
052d76ec1
053176f01
053976f81
040009fe2
012a05281
012e072c1
01360b341
000360247
00036124f
000362257
00036325f
054977081
054d770c1
055177101
055577141
014211401
014a15481
015219501
01561b541
055977181
04040a031
055d771c1
05a1bf601
00036c2a7
00036d2af
015a1d581
000604003
01a201a01
01aa05a81
01ae07ac1
0003a0103
0003a110b
000370347
00037134f
000372357
00037335f
0003a311b
000374367
0003a512b
0003a2113
0003a713b
0003a4123
0003a6133
01c613c41
01ca15c81
05d1bf901
01ce17cc1
05d5bf941
05d9bf981
05ddbf9c1
044007e01
044407e41
01d219d01
00037b39f
01d61bd41
01da1dd81
01de1fdc1
004602441
044807e81
044c07ec1
045007f01
045407f41
045807f81
045c07fc1
046006201
004a04481
004e064c1
005208501
0003b4223
0003b6233
0003b723b
000382097
0003b8243
0003b924b
0003840a7
0003850af
0003860b7
0003870bf
0003bb25b
0003880c7
0003bd26b
0003ba253
0003bf27b
0003bc263
0003be273
007a1c781
02820080e
007e1e7c1
02860084e
00038c0e7
00038d0ef
00038e0f7
02080082d
029a0098e
020a0086d
020c008ad
020e008ed
02100092d
02120096d
029e009ce
0214009ad
02a200a0e
02a600a4e
02aa00a8e
02ae00ace
02b200b0e
00280a08b
02b600b4e
002a0e0cb
021a00a6d
002c1210b
021e00aed
022000b2d
022200b6d
00382a28b
03060104e
002e1614b
022400bad
00301a18b
02500102d
02520106d
003a2e2cb
00342220b
02580112d
031e011ce
003c3230b
00403a38b
025a0116d
032e012ce
00705250b
02600122d
02620126d
03320130e
0266012ed
033a0138e
00807270b
00745a58b
02680132d
038a0188e
026a0136d
00786260b
02980182d
007a6664b
00444240b
00827674b
03960194e
039e019ce
029e018ed
03a601a4e
02a00192d
02a20196d
02a4019ad
02a6019ed
02a801a2d
02aa01a6d
03ae01ace
03b201b0e
03ba01b8e
03be01bce
004a48002
008a8684b
00bca2a0b
00bea6a4b
00c8bab8b
00c0aaa8b
00cabebcb
048e0c8cf
00c6b6b4b
044c0a4b1
0490088e2
004e4c003
00d2ceccb
04c04e801
04c44e841
04cc4e8c1
04d04e901
04d84e981
04d808d62
00ca04c81
00ce06cc1
00d60ad41
000390187
00039118f
000392197
00039319f
04e84ea81
04ec4eac1
04f04eb01
04f44eb41
00e210e01
00ea14e81
00f218f01
00f61af41
04f84eb81
04dc0adb1
04fc4ebc1
054097001
00039c1e7
00039d1ef
00fa1cf81
00dedc003
014201401
014a05481
014e074c1
0003d0043
0003d104b
0003a0287
0003a128f
0003a2297
0003a329f
0003d305b
0003a42a7
0003d506b
0003d2053
0003d707b
0003d4063
0003d6073
016613641
016a15681
057097301
016e176c1
057497341
057897381
057c973c1
05c0df801
05c4df841
017219701
0003ab2df
01761b741
017a1d781
017e1f7c1
01c603c41
05c8df881
05ccdf8c1
05d0df901
05d4df941
05d8df981
05dcdf9c1
05e0dfa01
01ca05c81
01ce07cc1
01d209d01
0003e4163
0003e6173
0003e717b
0003b2397
0003e8183
0003e918b
0003b43a7
0003b53af
0003b63b7
0003b73bf
0003eb19b
0003b83c7
0003ed1ab
0003ea193
0003ef1bb
0003ec1a3
0003ee1b3
01fa1df81
02220020e
01fe1ffc1
02260024e
0003bc3e7
0003bd3ef
0003be3f7
02e00022d
023a0038e
02e20026d
02e4002ad
02e6002ed
02e80032d
02ea0036d
023e003ce
02ec003ad
02420040e
02460044e
024a0048e
024e004ce
02520050e
0100e2e0b
02560054e
0102e6e4b
02f20046d
0104eae8b
02f6004ed
02f80052d
02fa0056d
01110300b
02a600a4e
0106eeecb
02fc005ad
0108f2f0b
032800a2d
032a00a6d
01130704b
010cfaf8b
033000b2d
02be00bce
01150b08b
01191310b
033200b6d
02ce00cce
01492b28b
033800c2d
033a00c6d
02d200d0e
033e00ced
02da00d8e
01594b48b
014d3330b
034000d2d
032a0128e
034200d6d
01513b38b
03700122d
01533f3cb
011d1b18b
015b4f4cb
03360134e
033e013ce
0376012ed
03460144e
03780132d
037a0136d
037c013ad
037e013ed
03800142d
03820146d
034e014ce
03520150e
035a0158e
035e015ce
012320002
01635f5cb
01957b78b
01977f7cb
01a19390b
01998380b
01a39794b
05660d64f
019f8f8cb
05240b231
056809662
012724003
01aba7a4b
046126201
046526241
046d262c1
047126301
047926381
05b009ae2
006a04681
006e066c1
00760a741
0003c00c7
0003c10cf
0003c20d7
0003c30df
048926481
048d264c1
049126501
049526541
008210801
008a14881
009218901
00961a941
049926581
05b40bb31
049d265c1
04e16ea01
0003cc127
0003cd12f
009a1c981
01b7b4003
00e200e01
00ea04e81
00ee06ec1
000400343
00040134b
0003d01c7
0003d11cf
0003d21d7
0003d31df
00040335b
0003d41e7
00040536b
000402353
00040737b
000404363
000406373
010613041
010a15081
05116ed01
010e170c1
05156ed41
05196ed81
051d6edc1
0561b7201
0565b7241
011219101
0003db21f
01161b141
011a1d181
011e1f1c1
016603641
0569b7281
056db72c1
0571b7301
0575b7341
0003e02c7
0003e12cf
016a05681
017209701
017a0d781
0003e22d7
0003e32df
0003e42e7
0003e52ef
0003e62f7
0003e72ff
0599b7581
059db75c1
018a15881
019219901
019a1d981
03a201a0e
019e1f9c1
03a601a4e
0003ec327
0003ed32f
0003ee337
03b801a2d
03ba01b8e
03bc01aad
03c001b2d
03be01bce
03c201c0e
03ca01c8e
03d201d0e
01d9bbb8b
03c801c2d
03ca01c6d
01ddc3c0b
03d001d2d
03d201d6d
01e9dbd8b
03d401dad
03d601ded
01ebdfdcb
01ede3e0b
01e7d7d4b
01f3efecb
05f60df4f
01fbf8002
01fffc003
05e5ffa41
05edffac1
05f5ffb41
01e201e01
01ea05e81
01f209f01
0003f03c7
0003f13cf
0003f23d7
0003f33df
0429ffc81
042dffcc1
0431ffd01
0435ffd41
002210201
002a14281
003218301
00361a341
0439ffd81
043dffdc1
0003fb05f
0003fd06f
003e1e3c1
0003ff07f
000001007
00000300f
000004013
000005017
00000601b
00000701f
000008023
000009027
00000a02b
00000b02f
00000c033
00000d037
00000e03b
00000f03f
021a001ac
021c001cc
021e001ec
000010103
000011107
00001210b
00001310f
02800082c
02820084c
02840086c
000014113
000015117
00342a284
02860088c
0288008ac
028a008cc
00362e2c4
003832304
02900092c
009e807e4
00a084824
02920094c
02940096c
003a36344
0298009ac
00a48c8a4
00a288864
00a6908e4
00aea09e4
00a894924
003c3a384
00aa98964
000024213
03000104c
000025217
03040108c
00002621b
00002721f
000028223
042c3c063
000029227
00002b22f
00002a22b
043c3c0e3
00002d237
00002c233
00002e23b
00002f23f
04503c183
04543c1a3
000031307
000030303
0306010ac
0308010cc
00003230b
030e0112c
00003330f
000034313
000035317
03140118c
0316011ac
031a011ec
0318011cc
037a0180c
037e0184c
037c0182c
03800186c
012917144
00003631b
0384018ac
00003731f
000038323
000039327
023e0022b
00003a32b
00003b32f
038c0192c
038a0190c
00003c333
02400026b
00003d337
00003e33b
00003f33f
03920198c
0394019ac
0242002ab
24acba863
0396019cc
0398019ec
01a38d8a4
013937344
024241061
01a5918e4
01a795924
02460032b
24b8ba8c3
01ab9d9a4
24bcba8e3
024a49061
01b1a9a64
01b3adaa4
024e4d061
006e605e2
24c8ba943
025251061
24ccba963
024e0042b
24d0ba983
02500046b
00644c4a2
0252004ab
24dcba9e3
252139003
0066504e2
0076706e2
02560052b
252939043
006854522
02aaa9061
025a005ab
02aead061
025c005eb
2539390c3
253d390e3
02b6b5061
02be00a6b
254539123
254939143
00746c6a2
254d39163
00dcbebc2
02c2c1061
255139183
02c6c5061
2559391c3
00dec2c02
255d391e3
25a1b7803
02cecd061
25a5b7823
02d2d1061
25a9b7843
02d6d5061
24607c221
02dad9061
24627c261
02dedd061
00eee2e02
24667c2e1
00e4cecc2
032321061
00f4eeec2
02d400d2b
032725061
246c7c3a1
00e6d2d02
032f2d061
0000050d7
24707c421
00f0e6e42
24727c461
00e8d6d42
033331061
0000080e3
033735061
0000090e7
00eadad82
033c0126b
247c7c5a1
247a7c561
0340012eb
00000c0f3
00000e0fb
00f6f2f02
25b1b7883
00000d0f7
25b5b78a3
00000f0ff
000041007
00004200b
03440136b
03fa0002c
00004300f
25bdb78e3
000044013
000045017
00004601b
034f4d061
016b5d5a2
02000008c
0202000ac
0204000cc
25c5b7923
035351061
015f45422
0206000ec
25c9b7943
020a0012c
020c0014c
035755061
25cdb7963
0019fbf84
001bfffc4
001c02004
001e06044
035b59061
016149462
00200a084
00220e0c4
034e014ab
24e4faaa1
016d615e2
002412104
24e6faae1
01634d4a2
03a3a1061
24e8fab21
0000121cb
03520152b
24eafab61
0000131cf
03540156b
0000141d3
00322e2c4
0000151d7
24f0fac21
016f65622
003432304
0358015eb
0000171df
24f4faca1
24f6face1
03b801a2b
24f8fad21
00001a1eb
03bbb9061
00001b1ef
017169662
03bfbd061
24fefade1
03bc01aab
03c3c1061
01d9bbb82
03c001b2b
03c7c5061
017775722
000050103
25d9b79c3
01dbbfbc2
03cbc9061
02760080c
037976003
027a0084c
027c0086c
03c401bab
25ddb79e3
00005711f
000059127
000058123
00005a12b
03c601beb
02860090c
00005b12f
00005c133
00005d137
00005e13b
03c801c2b
00005f13f
028c0096c
028e0098c
0290009ac
256179221
03ca01c6b
0292009cc
0294009ec
256379261
00a698964
03dfdd061
00a89c9a4
0000202c3
00a494924
03ce01ceb
0000212c7
00aaa09e4
01f1ebe82
00aca4a24
00aea8a64
022625061
256d793a1
01e3cfcc2
022e2d061
256f793e1
03d401dab
022a29061
0000262db
257379461
01e5d3d02
2575794a1
2577794e1
0000292e7
00002a2eb
00002b2ef
057b79561
057d795a1
023c002eb
0434340a3
023a002ab
01f3efec2
043c340e3
0438340c3
005638362
023231061
044834143
044c34163
01f5f3f02
0454341a3
0458341c3
023635061
00583c3a2
24a0b2803
02f60102c
03f7f4003
02fa0106c
023a39061
02fc0108c
006658562
02fe010ac
24a8b2843
0302010ec
023e3d061
03040110c
24acb2863
03080114c
030a0116c
030c0118c
024241061
0114f6f44
0116faf84
0118fefc4
011d07044
023e0032b
011f0b084
01210f0c4
012517144
024a49061
01271b184
25e5f7aa1
0000303c3
024e4d061
012d27244
25e9f7b21
0244003eb
0000323cb
25ebf7b61
02460042b
025655061
0000343d3
02480046b
0000353d7
25f1f7c21
024a004ab
25f3f7c61
0000373df
024c004eb
0000383e3
25f7f7ce1
0000393e7
25f9f7d21
00003a3eb
02500056b
00003b3ef
25fdf7da1
0252005ab
02aead061
00003d3f7
0254005eb
00003e3fb
24bcb28e3
00003f3ff
02b600a6b
00007230b
00007330f
000074313
000075317
252131003
02b400a2b
00007631b
00007731f
000078323
000079327
00007a32b
02b800aab
24ccb2963
00007b32f
00007c333
00007d337
00007e33b
02ba00aeb
00706c6a2
00007f33f
24d0b2983
03880196c
038c019ac
02bc00b2b
24d4b29a3
038e019cc
038a0198c
019b85824
02be00b6b
019d89864
01a395924
027472003
01a1918e4
01a599964
02cecd061
01a79d9a4
00d8bebc2
02d2d1061
252d31063
02c400c2b
253131083
246074221
02dad9061
246274261
02c800cab
2464742a1
0000400c3
02ca00ceb
0000410c7
246874321
0000420cb
246a74361
0000430cf
02ce00d6b
0000440d3
246e743e1
02d000dab
032b29061
0000460db
02d200deb
0000470df
2474744a1
2476744e1
0000490e7
00e2d2d02
03340126b
0338012eb
00004c0f3
047a74561
00eeeae82
015335322
0539310c3
00004e0fb
00004d0f7
00004f0ff
000080003
054d31163
000081007
00008200b
00008300f
000084013
05a1af803
055d311e3
03f00000c
000085017
00008601b
00008701f
000088023
25adaf863
000089027
03fc000cc
00008b02f
00008a02b
00008c033
02020012c
00008d037
00008e03b
00008f03f
02060016c
02080018c
24e0f2a21
020a001ac
020c001cc
020e001ec
24e2f2a61
033c0136b
002012104
001c0a084
001e0e0c4
24e6f2ae1
033e013ab
0000511c7
00261e1c4
0340013eb
035351061
002822204
24ecf2ba1
03420142b
0000541d3
0000551d7
0159413e2
24f0f2c21
0000561db
0346014ab
0000571df
24f4f2ca1
0348014eb
03a3a1061
016b65622
24f8f2d21
03a7a5061
24faf2d61
015d49462
03aba9061
00005c1f3
034e015ab
00005d1f7
25b5af8a3
0350015eb
25b9af8c3
000090103
000091107
25bdaf8e3
03b001a2b
03b7b5061
02700082c
25c1af903
02720084c
02740086c
0161514e2
03bbb9061
02760088c
0278008ac
027a008cc
25c9af943
03b401aab
03bfbd061
027c008ec
25cdaf963
009074724
02800092c
01d1b3b02
03c3c1061
016d69662
008e706e4
009278764
00947c7a4
03b801b2b
028a009cc
028c009ec
25d5af9a3
009e908e4
03ba01b6b
25d9af9c3
01d3b7b42
03716e003
25ddaf9e3
03cfcd061
24242c023
00a49c9a4
03d3d1061
01d5bbb82
03c001c2b
00a8a4a24
03c201c6b
256171221
00aaa8a64
03c401cab
01e3d7d42
0000602c3
01d9c3c02
022221061
01e9e3e02
03c801d2b
022a29061
0000632cf
01dbc7c42
022625061
256f713e1
0000652d7
022e2d061
0000662db
01ddcbc82
023231061
2575714a1
022e0022b
0000692e7
01dfcfcc2
00006a2eb
02300026b
00006b2ef
057b71561
01ebe7e42
04342c0a3
043c2c0e3
00006e2fb
00006d2f7
00006f2ff
0000a0203
044c2c163
0000a1207
0000a220b
0000a320f
0000a4213
04a0aa803
045c2c1e3
02ec0100c
0000a5217
0000a621b
0000a721f
0000a8223
24acaa863
0000a9227
02f8010cc
0000ab22f
0000aa22b
0000ac233
02fe0112c
0000ad237
0000ae23b
0000af23f
03020116c
03040118c
25e1efa21
0306011ac
0308011cc
030a011ec
25e3efa61
02380036b
011d0f0c4
011907044
011b0b084
25e7efae1
023a003ab
0000713c7
01231b184
023c003eb
025251061
01251f1c4
25edefba1
023e0042b
0000743d3
0000753d7
00543c3a2
25f1efc21
0000763db
0242004ab
0000773df
25f5efca1
0244004eb
02a2a1061
0066605e2
25f9efd21
02a6a5061
25fbefd61
005844422
02aaa9061
00007c3f3
024a005ab
00007d3f7
24b4aa8a3
024c005eb
24b8aa8c3
0000b0303
0000b1307
24bcaa8e3
02ac00a2b
02b6b5061
036c0182c
24c0aa903
036e0184c
03700186c
005c4c4a2
02bab9061
03720188c
0374018ac
0376018cc
24c8aa943
02b000aab
02bebd061
0378018ec
24ccaa963
018d716e4
037c0192c
00ccaeac2
02c2c1061
006864622
018b6d6a4
018f75724
019179764
02b400b2b
0386019cc
0388019ec
24d4aa9a3
019b8d8a4
02b600b6b
24d8aa9c3
00ceb2b02
026c6a003
24dcaa9e3
02cecd061
252529023
01a199964
02d2d1061
00d0b6b42
02bc00c2b
01a5a19e4
02be00c6b
24606c221
01a7a5a24
02c000cab
00ded2d02
0000800c3
00d4bebc2
032321061
00e4dedc2
02c400d2b
032b29061
0000830cf
00d6c2c02
032725061
246e6c3e1
0000850d7
032f2d061
0000860db
00d8c6c42
033331061
24746c4a1
032a0122b
0000890e7
00dacac82
00008a0eb
032c0126b
00008b0ef
047a6c561
00e6e2e02
0535290a3
053d290e3
00008e0fb
00008d0f7
00008f0ff
0000c0003
054d29163
0000c1007
0000c200b
0000c300f
0000c4013
05a1a7803
055d291e3
03e80000c
0000c5017
0000c601b
0000c701f
0000c8023
25ada7863
0000c9027
03f4000cc
0000cb02f
0000ca02b
0000cc033
03fa0012c
0000cd037
0000ce03b
0000cf03f
03fe0016c
02000018c
24e0eaa21
0202001ac
0204001cc
0206001ec
24e2eaa61
03340136b
00180a084
001402004
001606044
24e6eaae1
0336013ab
0000911c7
001e16144
0338013eb
035351061
00201a184
24eceaba1
033a0142b
0000941d3
0000951d7
015139362
24f0eac21
0000961db
033e014ab
0000971df
24f4eaca1
0340014eb
03a3a1061
01635d5a2
24f8ead21
03a7a5061
24faead61
0155413e2
03aba9061
00009c1f3
0346015ab
00009d1f7
25b5a78a3
0348015eb
25b9a78c3
0000d0103
0000d1107
25bda78e3
03a801a2b
03b7b5061
02680082c
25c1a7903
026a0084c
026c0086c
015949462
03bbb9061
026e0088c
0270008ac
0272008cc
25c9a7943
03ac01aab
03bfbd061
0274008ec
25cda7963
00886c6a4
02780092c
01c9aba82
03c3c1061
0165615e2
008668664
008a706e4
008c74724
03b001b2b
0282009cc
0284009ec
25d5a79a3
009688864
03b201b6b
25d9a79c3
01cbafac2
036966003
25dda79e3
03cfcd061
242424023
009c94924
03d3d1061
01cdb3b02
03b801c2b
00a09c9a4
03ba01c6b
256169221
00a2a09e4
03bc01cab
01dbcfcc2
0000a02c3
01d1bbb82
022221061
01e1dbd82
03c001d2b
022a29061
0000a32cf
01d3bfbc2
022625061
256f693e1
0000a52d7
022e2d061
0000a62db
01d5c3c02
023231061
2575694a1
02260022b
0000a92e7
01d7c7c42
0000aa2eb
02280026b
0000ab2ef
057b69561
01e3dfdc2
0434240a3
043c240e3
0000ae2fb
0000ad2f7
0000af2ff
0000e0203
044c24163
0000e1207
0000e220b
0000e320f
0000e4213
04a0a2803
045c241e3
02e40100c
0000e5217
0000e621b
0000e721f
0000e8223
24aca2863
0000e9227
02f0010cc
0000eb22f
0000ea22b
0000ec233
02f60112c
0000ed237
0000ee23b
0000ef23f
02fa0116c
02fc0118c
25e1e7a21
02fe011ac
0300011cc
0302011ec
25e3e7a61
02300036b
011507044
0110fefc4
011303004
25e7e7ae1
0232003ab
0000b13c7
011b13104
0234003eb
025251061
011d17144
25ede7ba1
02360042b
0000b43d3
0000b53d7
004c34322
25f1e7c21
0000b63db
023a004ab
0000b73df
25f5e7ca1
023c004eb
02a2a1061
005e58562
25f9e7d21
02a6a5061
25fbe7d61
00503c3a2
02aaa9061
0000bc3f3
0242005ab
0000bd3f7
24b4a28a3
0244005eb
24b8a28c3
0000f0303
0000f1307
24bca28e3
02a400a2b
02b6b5061
03640182c
24c0a2903
03660184c
03680186c
005444422
02bab9061
036a0188c
036c018ac
036e018cc
24c8a2943
02a800aab
02bebd061
0370018ec
24cca2963
018569664
03740192c
00c4a6a42
02c2c1061
00605c5a2
018365624
01876d6a4
0189716e4
02ac00b2b
037e019cc
0380019ec
24d4a29a3
019385824
02ae00b6b
24d8a29c3
00c6aaa82
026462003
24dca29e3
02cecd061
252521023
0199918e4
02d2d1061
00c8aeac2
02b400c2b
019d99964
02b600c6b
246064221
019f9d9a4
02b800cab
00d6cac82
0000c00c3
00ccb6b42
032321061
00dcd6d42
02bc00d2b
032b29061
0000c30cf
00cebab82
032725061
246e643e1
0000c50d7
032f2d061
0000c60db
00d0bebc2
033331061
2474644a1
03220122b
0000c90e7
00d2c2c02
0000ca0eb
03240126b
0000cb0ef
047a64561
00dedad82
0535210a3
053d210e3
0000ce0fb
0000cd0f7
0000cf0ff
000100003
054d21163
000101007
00010200b
00010300f
000104013
05a19f803
055d211e3
03e00000c
000105017
00010601b
00010701f
000108023
25ad9f863
000109027
03ec000cc
00010b02f
00010a02b
00010c033
03f20012c
00010d037
00010e03b
00010f03f
03f60016c
03f80018c
24e0e2a21
03fa001ac
03fc001cc
03fe001ec
24e2e2a61
032c0136b
001002004
000dfbf84
000ffffc4
24e6e2ae1
032e013ab
0000d11c7
00160e0c4
0330013eb
035351061
001812104
24ece2ba1
03320142b
0000d41d3
0000d51d7
0149312e2
24f0e2c21
0000d61db
0336014ab
0000d71df
24f4e2ca1
0338014eb
03a3a1061
015b55522
24f8e2d21
03a7a5061
24fae2d61
014d39362
03aba9061
0000dc1f3
033e015ab
0000dd1f7
25b59f8a3
0340015eb
25b99f8c3
000110103
000111107
25bd9f8e3
03a001a2b
03b7b5061
02600082c
25c19f903
02620084c
02640086c
0151413e2
03bbb9061
02660088c
0268008ac
026a008cc
25c99f943
03a401aab
03bfbd061
026c008ec
25cd9f963
008064624
02700092c
01c1a3a02
03c3c1061
015d59562
007e605e4
008268664
00846c6a4
03a801b2b
027a009cc
027c009ec
25d59f9a3
008e807e4
03aa01b6b
25d99f9c3
01c3a7a42
03615e003
25dd9f9e3
03cfcd061
24241c023
00948c8a4
03d3d1061
01c5aba82
03b001c2b
009894924
03b201c6b
256161221
009a98964
03b401cab
01d3c7c42
0000e02c3
01c9b3b02
022221061
01d9d3d02
03b801d2b
022a29061
0000e32cf
01cbb7b42
022625061
256f613e1
0000e52d7
022e2d061
0000e62db
01cdbbb82
023231061
2575614a1
021e0022b
0000e92e7
01cfbfbc2
0000ea2eb
02200026b
0000eb2ef
057b61561
01dbd7d42
04341c0a3
043c1c0e3
0000ee2fb
0000ed2f7
0000ef2ff
000120203
044c1c163
000121207
00012220b
00012320f
000124213
04a09a803
045c1c1e3
02dc0100c
000125217
00012621b
00012721f
000128223
24ac9a863
000129227
02e8010cc
00012b22f
00012a22b
00012c233
02ee0112c
00012d237
00012e23b
00012f23f
02f20116c
02f40118c
25e1dfa21
02f6011ac
02f8011cc
02fa011ec
25e3dfa61
02280036b
010cfefc4
0108f6f44
010afaf84
25e7dfae1
022a003ab
0000f13c7
01130b084
022c003eb
025251061
01150f0c4
25eddfba1
022e0042b
0000f43d3
0000f53d7
00442c2a2
25f1dfc21
0000f63db
0232004ab
0000f73df
25f5dfca1
0234004eb
02a2a1061
0056504e2
25f9dfd21
02a6a5061
25fbdfd61
004834322
02aaa9061
0000fc3f3
023a005ab
0000fd3f7
24b49a8a3
023c005eb
24b89a8c3
000130303
000131307
24bc9a8e3
029c00a2b
02b6b5061
035c0182c
24c09a903
035e0184c
03600186c
004c3c3a2
02bab9061
03620188c
0364018ac
0366018cc
24c89a943
02a000aab
02bebd061
0368018ec
24cc9a963
017d615e4
036c0192c
00bc9e9c2
02c2c1061
005854522
017b5d5a4
017f65624
018169664
02a400b2b
0376019cc
0378019ec
24d49a9a3
018b7d7a4
02a600b6b
24d89a9c3
00bea2a02
025c5a003
24dc9a9e3
02cecd061
252519023
019189864
02d2d1061
00c0a6a42
02ac00c2b
0195918e4
02ae00c6b
24605c221
019795924
02b000cab
00cec2c02
0001000c3
00c4aeac2
032321061
00d4cecc2
02b400d2b
032b29061
0001030cf
00c6b2b02
032725061
246e5c3e1
0001050d7
032f2d061
0001060db
00c8b6b42
033331061
24745c4a1
031a0122b
0001090e7
00cabab82
00010a0eb
031c0126b
00010b0ef
047a5c561
00d6d2d02
0535190a3
053d190e3
00010e0fb
00010d0f7
00010f0ff
000140003
054d19163
000141007
00014200b
00014300f
000144013
05a197803
055d191e3
03d80000c
000145017
00014601b
00014701f
000148023
25ad97863
000149027
03e4000cc
00014b02f
00014a02b
00014c033
03ea0012c
00014d037
00014e03b
00014f03f
03ee0016c
03f00018c
24e0daa21
03f2001ac
03f4001cc
03f6001ec
24e2daa61
03240136b
0009fbf84
0005f3f04
0007f7f44
24e6daae1
0326013ab
0001111c7
000e06044
0328013eb
035351061
00100a084
24ecdaba1
032a0142b
0001141d3
0001151d7
014129262
24f0dac21
0001161db
032e014ab
0001171df
24f4daca1
0330014eb
03a3a1061
01534d4a2
24f8dad21
03a7a5061
24fadad61
0145312e2
03aba9061
00011c1f3
0336015ab
00011d1f7
25b5978a3
0338015eb
25b9978c3
000150103
000151107
25bd978e3
039801a2b
03b7b5061
02580082c
25c197903
025a0084c
025c0086c
014939362
03bbb9061
025e0088c
0260008ac
0262008cc
25c997943
039c01aab
03bfbd061
0264008ec
25cd97963
00785c5a4
02680092c
01b99b982
03c3c1061
0155514e2
007658564
007a605e4
007c64624
03a001b2b
0272009cc
0274009ec
25d5979a3
008678764
03a201b6b
25d9979c3
01bb9f9c2
035956003
25dd979e3
03cfcd061
242414023
008c84824
03d3d1061
01bda3a02
03a801c2b
00908c8a4
03aa01c6b
256159221
0092908e4
03ac01cab
01cbbfbc2
0001202c3
01c1aba82
022221061
01d1cbc82
03b001d2b
022a29061
0001232cf
01c3afac2
022625061
256f593e1
0001252d7
022e2d061
0001262db
01c5b3b02
023231061
2575594a1
02160022b
0001292e7
01c7b7b42
00012a2eb
02180026b
00012b2ef
057b59561
01d3cfcc2
0434140a3
043c140e3
00012e2fb
00012d2f7
00012f2ff
000160203
044c14163
000161207
00016220b
00016320f
000164213
04a092803
045c141e3
02d40100c
000165217
00016621b
00016721f
000168223
24ac92863
000169227
02e0010cc
00016b22f
00016a22b
00016c233
02e60112c
00016d237
00016e23b
00016f23f
02ea0116c
02ec0118c
25e1d7a21
02ee011ac
02f0011cc
02f2011ec
25e3d7a61
02200036b
0104f6f44
0100eeec4
0102f2f04
25e7d7ae1
0222003ab
0001313c7
010b03004
0224003eb
025251061
010d07044
25edd7ba1
02260042b
0001343d3
0001353d7
003c24222
25f1d7c21
0001363db
022a004ab
0001373df
25f5d7ca1
022c004eb
02a2a1061
004e48462
25f9d7d21
02a6a5061
25fbd7d61
00402c2a2
02aaa9061
00013c3f3
0232005ab
00013d3f7
24b4928a3
0234005eb
24b8928c3
000170303
000171307
24bc928e3
029400a2b
02b6b5061
03540182c
24c092903
03560184c
03580186c
004434322
02bab9061
035a0188c
035c018ac
035e018cc
24c892943
029800aab
02bebd061
0360018ec
24cc92963
017559564
03640192c
00b496942
02c2c1061
00504c4a2
017355524
01775d5a4
0179615e4
029c00b2b
036e019cc
0370019ec
24d4929a3
018375724
029e00b6b
24d8929c3
00b69a982
025452003
24dc929e3
02cecd061
252511023
0189817e4
02d2d1061
00b89e9c2
02a400c2b
018d89864
02a600c6b
246054221
018f8d8a4
02a800cab
00c6bab82
0001400c3
00bca6a42
032321061
00ccc6c42
02ac00d2b
032b29061
0001430cf
00beaaa82
032725061
246e543e1
0001450d7
032f2d061
0001460db
00c0aeac2
033331061
2474544a1
03120122b
0001490e7
00c2b2b02
00014a0eb
03140126b
00014b0ef
047a54561
00cecac82
0535110a3
053d110e3
00014e0fb
00014d0f7
00014f0ff
000180003
054d11163
000181007
00018200b
00018300f
000184013
05a18f803
055d111e3
03d00000c
000185017
00018601b
00018701f
000188023
25ad8f863
000189027
03dc000cc
00018b02f
00018a02b
00018c033
03e20012c
00018d037
00018e03b
00018f03f
03e60016c
03e80018c
24e0d2a21
03ea001ac
03ec001cc
03ee001ec
24e2d2a61
031c0136b
0001f3f04
01fdebe84
01ffefec4
24e6d2ae1
031e013ab
0001511c7
0007fffc4
0320013eb
035351061
000802004
24ecd2ba1
03220142b
0001541d3
0001551d7
0139211e2
24f0d2c21
0001561db
0326014ab
0001571df
24f4d2ca1
0328014eb
03a3a1061
014b45422
24f8d2d21
03a7a5061
24fad2d61
013d29262
03aba9061
00015c1f3
032e015ab
00015d1f7
25b58f8a3
0330015eb
25b98f8c3
000190103
000191107
25bd8f8e3
039001a2b
03b7b5061
02500082c
25c18f903
02520084c
02540086c
0141312e2
03bbb9061
02560088c
0258008ac
025a008cc
25c98f943
039401aab
03bfbd061
025c008ec
25cd8f963
007054524
02600092c
01b193902
03c3c1061
014d49462
006e504e4
007258564
00745c5a4
039801b2b
026a009cc
026c009ec
25d58f9a3
007e706e4
039a01b6b
25d98f9c3
01b397942
03514e003
25dd8f9e3
03cfcd061
24240c023
00847c7a4
03d3d1061
01b59b982
03a001c2b
008884824
03a201c6b
256151221
008a88864
03a401cab
01c3b7b42
0001602c3
01b9a3a02
022221061
01c9c3c02
03a801d2b
022a29061
0001632cf
01bba7a42
022625061
256f513e1
0001652d7
022e2d061
0001662db
01bdaba82
023231061
2575514a1
020e0022b
0001692e7
01bfafac2
00016a2eb
02100026b
00016b2ef
057b51561
01cbc7c42
04340c0a3
043c0c0e3
00016e2fb
00016d2f7
00016f2ff
0001a0203
044c0c163
0001a1207
0001a220b
0001a320f
0001a4213
04a08a803
045c0c1e3
02cc0100c
0001a5217
0001a621b
0001a721f
0001a8223
24ac8a863
0001a9227
02d8010cc
0001ab22f
0001aa22b
0001ac233
02de0112c
0001ad237
0001ae23b
0001af23f
02e20116c
02e40118c
25e1cfa21
02e6011ac
02e8011cc
02ea011ec
25e3cfa61
02180036b
00fceeec4
00f8e6e44
00faeae84
25e7cfae1
021a003ab
0001713c7
0102faf84
021c003eb
025251061
0104fefc4
25edcfba1
021e0042b
0001743d3
0001753d7
00341c1a2
25f1cfc21
0001763db
0222004ab
0001773df
25f5cfca1
0224004eb
02a2a1061
0046403e2
25f9cfd21
02a6a5061
25fbcfd61
003824222
02aaa9061
00017c3f3
022a005ab
00017d3f7
24b48a8a3
022c005eb
24b88a8c3
0001b0303
0001b1307
24bc8a8e3
028c00a2b
02b6b5061
034c0182c
24c08a903
034e0184c
03500186c
003c2c2a2
02bab9061
03520188c
0354018ac
0356018cc
24c88a943
029000aab
02bebd061
0358018ec
24cc8a963
016d514e4
035c0192c
00ac8e8c2
02c2c1061
004844422
016b4d4a4
016f55524
017159564
029400b2b
0366019cc
0368019ec
24d48a9a3
017b6d6a4
029600b6b
24d88a9c3
00ae92902
024c4a003
24dc8a9e3
02cecd061
252509023
018179764
02d2d1061
00b096942
029c00c2b
0185817e4
029e00c6b
24604c221
018785824
02a000cab
00beb2b02
0001800c3
00b49e9c2
032321061
00c4bebc2
02a400d2b
032b29061
0001830cf
00b6a2a02
032725061
246e4c3e1
0001850d7
032f2d061
0001860db
00b8a6a42
033331061
24744c4a1
030a0122b
0001890e7
00baaaa82
00018a0eb
030c0126b
00018b0ef
047a4c561
00c6c2c02
0535090a3
053d090e3
00018e0fb
00018d0f7
00018f0ff
0001c0003
054d09163
0001c1007
0001c200b
0001c300f
0001c4013
05a187803
055d091e3
03c80000c
0001c5017
0001c601b
0001c701f
0001c8023
25ad87863
0001c9027
03d4000cc
0001cb02f
0001ca02b
0001cc033
03da0012c
0001cd037
0001ce03b
0001cf03f
03de0016c
03e00018c
24e0caa21
03e2001ac
03e4001cc
03e6001ec
24e2caa61
03140136b
01f9ebe84
01f5e3e04
01f7e7e44
24e6caae1
0316013ab
0001911c7
01fff7f44
0318013eb
035351061
0001fbf84
24eccaba1
031a0142b
0001941d3
0001951d7
013119162
24f0cac21
0001961db
031e014ab
0001971df
24f4caca1
0320014eb
03a3a1061
01433d3a2
24f8cad21
03a7a5061
24facad61
0135211e2
03aba9061
00019c1f3
0326015ab
00019d1f7
25b5878a3
0328015eb
25b9878c3
0001d0103
0001d1107
25bd878e3
038801a2b
03b7b5061
02480082c
25c187903
024a0084c
024c0086c
013929262
03bbb9061
024e0088c
0250008ac
0252008cc
25c987943
038c01aab
03bfbd061
0254008ec
25cd87963
00684c4a4
02580092c
01a98b882
03c3c1061
0145413e2
006648464
006a504e4
006c54524
039001b2b
0262009cc
0264009ec
25d5879a3
007668664
039201b6b
25d9879c3
01ab8f8c2
034946003
25dd879e3
03cfcd061
242404023
007c74724
03d3d1061
01ad93902
039801c2b
00807c7a4
039a01c6b
256149221
0082807e4
039c01cab
01bbafac2
0001a02c3
01b19b982
022221061
01c1bbb82
03a001d2b
022a29061
0001a32cf
01b39f9c2
022625061
256f493e1
0001a52d7
022e2d061
0001a62db
01b5a3a02
023231061
2575494a1
02060022b
0001a92e7
01b7a7a42
0001aa2eb
02080026b
0001ab2ef
057b49561
01c3bfbc2
0434040a3
043c040e3
0001ae2fb
0001ad2f7
0001af2ff
0001e0203
044c04163
0001e1207
0001e220b
0001e320f
0001e4213
04a082803
045c041e3
02c40100c
0001e5217
0001e621b
0001e721f
0001e8223
24ac82863
0001e9227
02d0010cc
0001eb22f
0001ea22b
0001ec233
02d60112c
0001ed237
0001ee23b
0001ef23f
02da0116c
02dc0118c
25e1c7a21
02de011ac
02e0011cc
02e2011ec
25e3c7a61
02100036b
00f4e6e44
00f0dedc4
00f2e2e04
25e7c7ae1
0212003ab
0001b13c7
00faf2f04
0214003eb
025251061
00fcf6f44
25edc7ba1
02160042b
0001b43d3
0001b53d7
002c14122
25f1c7c21
0001b63db
021a004ab
0001b73df
25f5c7ca1
021c004eb
02a2a1061
003e38362
25f9c7d21
02a6a5061
25fbc7d61
00301c1a2
02aaa9061
0001bc3f3
0222005ab
0001bd3f7
24b4828a3
0224005eb
24b8828c3
0001f0303
0001f1307
24bc828e3
028400a2b
02b6b5061
03440182c
24c082903
03460184c
03480186c
003424222
02bab9061
034a0188c
034c018ac
034e018cc
24c882943
028800aab
02bebd061
0350018ec
24cc82963
016549464
03540192c
00a486842
02c2c1061
00403c3a2
016345424
01674d4a4
0169514e4
028c00b2b
035e019cc
0360019ec
24d4829a3
017365624
028e00b6b
24d8829c3
00a68a882
024442003
24dc829e3
02cecd061
252501023
0179716e4
02d2d1061
00a88e8c2
029400c2b
017d79764
029600c6b
246044221
017f7d7a4
029800cab
00b6aaa82
0001c00c3
00ac96942
032321061
00bcb6b42
029c00d2b
032b29061
0001c30cf
00ae9a982
032725061
246e443e1
0001c50d7
032f2d061
0001c60db
00b09e9c2
033331061
2474444a1
03020122b
0001c90e7
00b2a2a02
0001ca0eb
03040126b
0001cb0ef
047a44561
00bebab82
0535010a3
053d010e3
0001ce0fb
0001cd0f7
0001cf0ff
000200003
054d01163
000201007
00020200b
00020300f
000204013
05a17f803
055d011e3
03c00000c
000205017
00020601b
00020701f
000208023
25ad7f863
000209027
03cc000cc
00020b02f
00020a02b
00020c033
03d20012c
00020d037
00020e03b
00020f03f
03d60016c
03d80018c
24e0c2a21
03da001ac
03dc001cc
03de001ec
24e2c2a61
030c0136b
01f1e3e04
01eddbd84
01efdfdc4
24e6c2ae1
030e013ab
0001d11c7
01f7efec4
0310013eb
035351061
01f9f3f04
24ecc2ba1
03120142b
0001d41d3
0001d51d7
0129110e2
24f0c2c21
0001d61db
0316014ab
0001d71df
24f4c2ca1
0318014eb
03a3a1061
013b35322
24f8c2d21
03a7a5061
24fac2d61
012d19162
03aba9061
0001dc1f3
031e015ab
0001dd1f7
25b57f8a3
0320015eb
25b97f8c3
000210103
000211107
25bd7f8e3
038001a2b
03b7b5061
02400082c
25c17f903
02420084c
02440086c
0131211e2
03bbb9061
02460088c
0248008ac
024a008cc
25c97f943
038401aab
03bfbd061
024c008ec
25cd7f963
006044424
02500092c
01a183802
03c3c1061
013d39362
005e403e4
006248464
00644c4a4
038801b2b
025a009cc
025c009ec
25d57f9a3
006e605e4
038a01b6b
25d97f9c3
01a387842
03413e003
25dd7f9e3
03cfcd061
2425fc023
00746c6a4
03d3d1061
01a58b882
039001c2b
007874724
039201c6b
256141221
007a78764
039401cab
01b3a7a42
0001e02c3
01a993902
022221061
01b9b3b02
039801d2b
022a29061
0001e32cf
01ab97942
022625061
256f413e1
0001e52d7
022e2d061
0001e62db
01ad9b982
023231061
2575414a1
03fe0022b
0001e92e7
01af9f9c2
0001ea2eb
02000026b
0001eb2ef
057b41561
01bbb7b42
0435fc0a3
043dfc0e3
0001ee2fb
0001ed2f7
0001ef2ff
000220203
044dfc163
000221207
00022220b
00022320f
000224213
04a07a803
045dfc1e3
02bc0100c
000225217
00022621b
00022721f
000228223
24ac7a863
000229227
02c8010cc
00022b22f
00022a22b
00022c233
02ce0112c
00022d237
00022e23b
00022f23f
02d20116c
02d40118c
25e1bfa21
02d6011ac
02d8011cc
02da011ec
25e3bfa61
02080036b
00ecdedc4
00e8d6d44
00eadad84
25e7bfae1
020a003ab
0001f13c7
00f2eae84
020c003eb
025251061
00f4eeec4
25edbfba1
020e0042b
0001f43d3
0001f53d7
00240c0a2
25f1bfc21
0001f63db
0212004ab
0001f73df
25f5bfca1
0214004eb
02a2a1061
0036302e2
25f9bfd21
02a6a5061
25fbbfd61
002814122
02aaa9061
0001fc3f3
021a005ab
0001fd3f7
24b47a8a3
021c005eb
24b87a8c3
000230303
000231307
24bc7a8e3
027c00a2b
02b6b5061
033c0182c
24c07a903
033e0184c
03400186c
002c1c1a2
02bab9061
03420188c
0344018ac
0346018cc
24c87a943
028000aab
02bebd061
0348018ec
24cc7a963
015d413e4
034c0192c
009c7e7c2
02c2c1061
003834322
015b3d3a4
015f45424
016149464
028400b2b
0356019cc
0358019ec
24d47a9a3
016b5d5a4
028600b6b
24d87a9c3
009e82802
023c3a003
24dc7a9e3
02cecd061
2524f9023
017169664
02d2d1061
00a086842
028c00c2b
0175716e4
028e00c6b
24603c221
017775724
029000cab
00aea2a02
0002000c3
00a48e8c2
032321061
00b4aeac2
029400d2b
032b29061
0002030cf
00a692902
032725061
246e3c3e1
0002050d7
032f2d061
0002060db
00a896942
033331061
24743c4a1
02fa0122b
0002090e7
00aa9a982
00020a0eb
02fc0126b
00020b0ef
047a3c561
00b6b2b02
0534f90a3
053cf90e3
00020e0fb
00020d0f7
00020f0ff
000240003
054cf9163
000241007
00024200b
00024300f
000244013
05a177803
055cf91e3
03b80000c
000245017
00024601b
00024701f
000248023
25ad77863
000249027
03c4000cc
00024b02f
00024a02b
00024c033
03ca0012c
00024d037
00024e03b
00024f03f
03ce0016c
03d00018c
24e0baa21
03d2001ac
03d4001cc
03d6001ec
24e2baa61
03040136b
01e9dbd84
01e5d3d04
01e7d7d44
24e6baae1
0306013ab
0002111c7
01efe7e44
0308013eb
035351061
01f1ebe84
24ecbaba1
030a0142b
0002141d3
0002151d7
012109062
24f0bac21
0002161db
030e014ab
0002171df
24f4baca1
0310014eb
03a3a1061
01332d2a2
24f8bad21
03a7a5061
24fabad61
0125110e2
03aba9061
00021c1f3
0316015ab
00021d1f7
25b5778a3
0318015eb
25b9778c3
000250103
000251107
25bd778e3
037801a2b
03b7b5061
02380082c
25c177903
023a0084c
023c0086c
012919162
03bbb9061
023e0088c
0240008ac
0242008cc
25c977943
037c01aab
03bfbd061
0244008ec
25cd77963
00583c3a4
02480092c
01997b782
03c3c1061
0135312e2
005638364
005a403e4
005c44424
038001b2b
0252009cc
0254009ec
25d5779a3
006658564
038201b6b
25d9779c3
019b7f7c2
033936003
25dd779e3
03cfcd061
2425f4023
006c64624
03d3d1061
019d83802
038801c2b
00706c6a4
038a01c6b
256139221
0072706e4
038c01cab
01ab9f9c2
0002202c3
01a18b882
022221061
01b1aba82
039001d2b
022a29061
0002232cf
01a38f8c2
022625061
256f393e1
0002252d7
022e2d061
0002262db
01a593902
023231061
2575394a1
03f60022b
0002292e7
01a797942
00022a2eb
03f80026b
00022b2ef
057b39561
01b3afac2
0435f40a3
043df40e3
00022e2fb
00022d2f7
00022f2ff
000260203
044df4163
000261207
00026220b
00026320f
000264213
04a072803
045df41e3
02b40100c
000265217
00026621b
00026721f
000268223
24ac72863
000269227
02c0010cc
00026b22f
00026a22b
00026c233
02c60112c
00026d237
00026e23b
00026f23f
02ca0116c
02cc0118c
25e1b7a21
02ce011ac
02d0011cc
02d2011ec
25e3b7a61
02000036b
00e4d6d44
00e0cecc4
00e2d2d04
25e7b7ae1
0202003ab
0002313c7
00eae2e04
0204003eb
025251061
00ece6e44
25edb7ba1
02060042b
0002343d3
0002353d7
001c04022
25f1b7c21
0002363db
020a004ab
0002373df
25f5b7ca1
020c004eb
02a2a1061
002e28262
25f9b7d21
02a6a5061
25fbb7d61
00200c0a2
02aaa9061
00023c3f3
0212005ab
00023d3f7
24b4728a3
0214005eb
24b8728c3
000270303
000271307
24bc728e3
027400a2b
02b6b5061
03340182c
24c072903
03360184c
03380186c
002414122
02bab9061
033a0188c
033c018ac
033e018cc
24c872943
027800aab
02bebd061
0340018ec
24cc72963
015539364
03440192c
009476742
02c2c1061
00302c2a2
015335324
01573d3a4
0159413e4
027c00b2b
034e019cc
0350019ec
24d4729a3
016355524
027e00b6b
24d8729c3
00967a782
023432003
24dc729e3
02cecd061
2524f1023
0169615e4
02d2d1061
00987e7c2
028400c2b
016d69664
028600c6b
246034221
016f6d6a4
028800cab
00a69a982
0002400c3
009c86842
032321061
00aca6a42
028c00d2b
032b29061
0002430cf
009e8a882
032725061
246e343e1
0002450d7
032f2d061
0002460db
00a08e8c2
033331061
2474344a1
02f20122b
0002490e7
00a292902
00024a0eb
02f40126b
00024b0ef
047a34561
00aeaaa82
0534f10a3
053cf10e3
00024e0fb
00024d0f7
00024f0ff
000280003
054cf1163
000281007
00028200b
00028300f
000284013
05a16f803
055cf11e3
03b00000c
000285017
00028601b
00028701f
000288023
25ad6f863
000289027
03bc000cc
00028b02f
00028a02b
00028c033
03c20012c
00028d037
00028e03b
00028f03f
03c60016c
03c80018c
24e0b2a21
03ca001ac
03cc001cc
03ce001ec
24e2b2a61
02fc0136b
01e1d3d04
01ddcbc84
01dfcfcc4
24e6b2ae1
02fe013ab
0002511c7
01e7dfdc4
0300013eb
035351061
01e9e3e04
24ecb2ba1
03020142b
0002541d3
0002551d7
011900fe2
24f0b2c21
0002561db
0306014ab
0002571df
24f4b2ca1
0308014eb
03a3a1061
012b25222
24f8b2d21
03a7a5061
24fab2d61
011d09062
03aba9061
00025c1f3
030e015ab
00025d1f7
25b56f8a3
0310015eb
25b96f8c3
000290103
000291107
25bd6f8e3
037001a2b
03b7b5061
02300082c
25c16f903
02320084c
02340086c
0121110e2
03bbb9061
02360088c
0238008ac
023a008cc
25c96f943
037401aab
03bfbd061
023c008ec
25cd6f963
005034324
02400092c
019173702
03c3c1061
012d29262
004e302e4
005238364
00543c3a4
037801b2b
024a009cc
024c009ec
25d56f9a3
005e504e4
037a01b6b
25d96f9c3
019377742
03312e003
25dd6f9e3
03cfcd061
2425ec023
00645c5a4
03d3d1061
01957b782
038001c2b
006864624
038201c6b
256131221
006a68664
038401cab
01a397942
0002602c3
019983802
022221061
01a9a3a02
038801d2b
022a29061
0002632cf
019b87842
022625061
256f313e1
0002652d7
022e2d061
0002662db
019d8b882
023231061
2575314a1
03ee0022b
0002692e7
019f8f8c2
00026a2eb
03f00026b
00026b2ef
057b31561
01aba7a42
0435ec0a3
043dec0e3
00026e2fb
00026d2f7
00026f2ff
0002a0203
044dec163
0002a1207
0002a220b
0002a320f
0002a4213
04a06a803
045dec1e3
02ac0100c
0002a5217
0002a621b
0002a721f
0002a8223
24ac6a863
0002a9227
02b8010cc
0002ab22f
0002aa22b
0002ac233
02be0112c
0002ad237
0002ae23b
0002af23f
02c20116c
02c40118c
25e1afa21
02c6011ac
02c8011cc
02ca011ec
25e3afa61
03f80036b
00dccecc4
00d8c6c44
00dacac84
25e7afae1
03fa003ab
0002713c7
00e2dad84
03fc003eb
025251061
00e4dedc4
25edafba1
03fe0042b
0002743d3
0002753d7
0015fdfa2
25f1afc21
0002763db
0202004ab
0002773df
25f5afca1
0204004eb
02a2a1061
0026201e2
25f9afd21
02a6a5061
25fbafd61
001804022
02aaa9061
00027c3f3
020a005ab
00027d3f7
24b46a8a3
020c005eb
24b86a8c3
0002b0303
0002b1307
24bc6a8e3
026c00a2b
02b6b5061
032c0182c
24c06a903
032e0184c
03300186c
001c0c0a2
02bab9061
03320188c
0334018ac
0336018cc
24c86a943
027000aab
02bebd061
0338018ec
24cc6a963
014d312e4
033c0192c
008c6e6c2
02c2c1061
002824222
014b2d2a4
014f35324
015139364
027400b2b
0346019cc
0348019ec
24d46a9a3
015b4d4a4
027600b6b
24d86a9c3
008e72702
022c2a003
24dc6a9e3
02cecd061
2524e9023
016159564
02d2d1061
009076742
027c00c2b
0165615e4
027e00c6b
24602c221
016765624
028000cab
009e92902
0002800c3
00947e7c2
032321061
00a49e9c2
028400d2b
032b29061
0002830cf
009682802
032725061
246e2c3e1
0002850d7
032f2d061
0002860db
009886842
033331061
24742c4a1
02ea0122b
0002890e7
009a8a882
00028a0eb
02ec0126b
00028b0ef
047a2c561
00a6a2a02
0534e90a3
053ce90e3
00028e0fb
00028d0f7
00028f0ff
0002c0003
054ce9163
0002c1007
0002c200b
0002c300f
0002c4013
05a167803
055ce91e3
03a80000c
0002c5017
0002c601b
0002c701f
0002c8023
25ad67863
0002c9027
03b4000cc
0002cb02f
0002ca02b
0002cc033
03ba0012c
0002cd037
0002ce03b
0002cf03f
03be0016c
03c00018c
24e0aaa21
03c2001ac
03c4001cc
03c6001ec
24e2aaa61
02f40136b
01d9cbc84
01d5c3c04
01d7c7c44
24e6aaae1
02f6013ab
0002911c7
01dfd7d44
02f8013eb
035351061
01e1dbd84
24ecaaba1
02fa0142b
0002941d3
0002951d7
0110f8f62
24f0aac21
0002961db
02fe014ab
0002971df
24f4aaca1
0300014eb
03a3a1061
01231d1a2
24f8aad21
03a7a5061
24faaad61
011500fe2
03aba9061
00029c1f3
0306015ab
00029d1f7
25b5678a3
0308015eb
25b9678c3
0002d0103
0002d1107
25bd678e3
036801a2b
03b7b5061
02280082c
25c167903
022a0084c
022c0086c
011909062
03bbb9061
022e0088c
0230008ac
0232008cc
25c967943
036c01aab
03bfbd061
0234008ec
25cd67963
00482c2a4
02380092c
01896b682
03c3c1061
0125211e2
004628264
004a302e4
004c34324
037001b2b
0242009cc
0244009ec
25d5679a3
005648464
037201b6b
25d9679c3
018b6f6c2
032926003
25dd679e3
03cfcd061
2425e4023
005c54524
03d3d1061
018d73702
037801c2b
00605c5a4
037a01c6b
256129221
0062605e4
037c01cab
019b8f8c2
0002a02c3
01917b782
022221061
01a19b982
038001d2b
022a29061
0002a32cf
01937f7c2
022625061
256f293e1
0002a52d7
022e2d061
0002a62db
019583802
023231061
2575294a1
03e60022b
0002a92e7
019787842
0002aa2eb
03e80026b
0002ab2ef
057b29561
01a39f9c2
0435e40a3
043de40e3
0002ae2fb
0002ad2f7
0002af2ff
0002e0203
044de4163
0002e1207
0002e220b
0002e320f
0002e4213
04a062803
045de41e3
02a40100c
0002e5217
0002e621b
0002e721f
0002e8223
24ac62863
0002e9227
02b0010cc
0002eb22f
0002ea22b
0002ec233
02b60112c
0002ed237
0002ee23b
0002ef23f
02ba0116c
02bc0118c
25e1a7a21
02be011ac
02c0011cc
02c2011ec
25e3a7a61
03f00036b
00d4c6c44
00d0bebc4
00d2c2c04
25e7a7ae1
03f2003ab
0002b13c7
00dad2d04
03f4003eb
025251061
00dcd6d44
25eda7ba1
03f60042b
0002b43d3
0002b53d7
000df5f22
25f1a7c21
0002b63db
03fa004ab
0002b73df
25f5a7ca1
03fc004eb
02a2a1061
001e18162
25f9a7d21
02a6a5061
25fba7d61
0011fdfa2
02aaa9061
0002bc3f3
0202005ab
0002bd3f7
24b4628a3
0204005eb
24b8628c3
0002f0303
0002f1307
24bc628e3
026400a2b
02b6b5061
03240182c
24c062903
03260184c
03280186c
001404022
02bab9061
032a0188c
032c018ac
032e018cc
24c862943
026800aab
02bebd061
0330018ec
24cc62963
014529264
03340192c
008466642
02c2c1061
00201c1a2
014325224
01472d2a4
0149312e4
026c00b2b
033e019cc
0340019ec
24d4629a3
015345424
026e00b6b
24d8629c3
00866a682
022422003
24dc629e3
02cecd061
2524e1023
0159514e4
02d2d1061
00886e6c2
027400c2b
015d59564
027600c6b
246024221
015f5d5a4
027800cab
00968a882
0002c00c3
008c76742
032321061
009c96942
027c00d2b
032b29061
0002c30cf
008e7a782
032725061
246e243e1
0002c50d7
032f2d061
0002c60db
00907e7c2
033331061
2474244a1
02e20122b
0002c90e7
009282802
0002ca0eb
02e40126b
0002cb0ef
047a24561
009e9a982
0534e10a3
053ce10e3
0002ce0fb
0002cd0f7
0002cf0ff
000300003
054ce1163
000301007
00030200b
00030300f
000304013
05a15f803
055ce11e3
03a00000c
000305017
00030601b
00030701f
000308023
25ad5f863
000309027
03ac000cc
00030b02f
00030a02b
00030c033
03b20012c
00030d037
00030e03b
00030f03f
03b60016c
03b80018c
24e0a2a21
03ba001ac
03bc001cc
03be001ec
24e2a2a61
02ec0136b
01d1c3c04
01cdbbb84
01cfbfbc4
24e6a2ae1
02ee013ab
0002d11c7
01d7cfcc4
02f0013eb
035351061
01d9d3d04
24eca2ba1
02f20142b
0002d41d3
0002d51d7
0108f0ee2
24f0a2c21
0002d61db
02f6014ab
0002d71df
24f4a2ca1
02f8014eb
03a3a1061
011b15122
24f8a2d21
03a7a5061
24faa2d61
010cf8f62
03aba9061
0002dc1f3
02fe015ab
0002dd1f7
25b55f8a3
0300015eb
25b95f8c3
000310103
000311107
25bd5f8e3
036001a2b
03b7b5061
02200082c
25c15f903
02220084c
02240086c
011100fe2
03bbb9061
02260088c
0228008ac
022a008cc
25c95f943
036401aab
03bfbd061
022c008ec
25cd5f963
004024224
02300092c
018163602
03c3c1061
011d19162
003e201e4
004228264
00442c2a4
036801b2b
023a009cc
023c009ec
25d55f9a3
004e403e4
036a01b6b
25d95f9c3
018367642
03211e003
25dd5f9e3
03cfcd061
2425dc023
00544c4a4
03d3d1061
01856b682
037001c2b
005854524
037201c6b
256121221
005a58564
037401cab
019387842
0002e02c3
018973702
022221061
019993902
037801d2b
022a29061
0002e32cf
018b77742
022625061
256f213e1
0002e52d7
022e2d061
0002e62db
018d7b782
023231061
2575214a1
03de0022b
0002e92e7
018f7f7c2
0002ea2eb
03e00026b
0002eb2ef
057b21561
019b97942
0435dc0a3
043ddc0e3
0002ee2fb
0002ed2f7
0002ef2ff
000320203
044ddc163
000321207
00032220b
00032320f
000324213
04a05a803
045ddc1e3
029c0100c
000325217
00032621b
00032721f
000328223
24ac5a863
000329227
02a8010cc
00032b22f
00032a22b
00032c233
02ae0112c
00032d237
00032e23b
00032f23f
02b20116c
02b40118c
25e19fa21
02b6011ac
02b8011cc
02ba011ec
25e39fa61
03e80036b
00ccbebc4
00c8b6b44
00cabab84
25e79fae1
03ea003ab
0002f13c7
00d2cac84
03ec003eb
025251061
00d4cecc4
25ed9fba1
03ee0042b
0002f43d3
0002f53d7
0005edea2
25f19fc21
0002f63db
03f2004ab
0002f73df
25f59fca1
03f4004eb
02a2a1061
0016100e2
25f99fd21
02a6a5061
25fb9fd61
0009f5f22
02aaa9061
0002fc3f3
03fa005ab
0002fd3f7
24b45a8a3
03fc005eb
24b85a8c3
000330303
000331307
24bc5a8e3
025c00a2b
02b6b5061
031c0182c
24c05a903
031e0184c
03200186c
000dfdfa2
02bab9061
03220188c
0324018ac
0326018cc
24c85a943
026000aab
02bebd061
0328018ec
24cc5a963
013d211e4
032c0192c
007c5e5c2
02c2c1061
001814122
013b1d1a4
013f25224
014129264
026400b2b
0336019cc
0338019ec
24d45a9a3
014b3d3a4
026600b6b
24d85a9c3
007e62602
021c1a003
24dc5a9e3
02cecd061
2524d9023
015149464
02d2d1061
008066642
026c00c2b
0155514e4
026e00c6b
24601c221
015755524
027000cab
008e82802
0003000c3
00846e6c2
032321061
00948e8c2
027400d2b
032b29061
0003030cf
008672702
032725061
246e1c3e1
0003050d7
032f2d061
0003060db
008876742
033331061
24741c4a1
02da0122b
0003090e7
008a7a782
00030a0eb
02dc0126b
00030b0ef
047a1c561
009692902
0534d90a3
053cd90e3
00030e0fb
00030d0f7
00030f0ff
000340003
054cd9163
000341007
00034200b
00034300f
000344013
05a157803
055cd91e3
03980000c
000345017
00034601b
00034701f
000348023
25ad57863
000349027
03a4000cc
00034b02f
00034a02b
00034c033
03aa0012c
00034d037
00034e03b
00034f03f
03ae0016c
03b00018c
24e09aa21
03b2001ac
03b4001cc
03b6001ec
24e29aa61
02e40136b
01c9bbb84
01c5b3b04
01c7b7b44
24e69aae1
02e6013ab
0003111c7
01cfc7c44
02e8013eb
035351061
01d1cbc84
24ec9aba1
02ea0142b
0003141d3
0003151d7
0100e8e62
24f09ac21
0003161db
02ee014ab
0003171df
24f49aca1
02f0014eb
03a3a1061
01130d0a2
24f89ad21
03a7a5061
24fa9ad61
0104f0ee2
03aba9061
00031c1f3
02f6015ab
00031d1f7
25b5578a3
02f8015eb
25b9578c3
000350103
000351107
25bd578e3
035801a2b
03b7b5061
02180082c
25c157903
021a0084c
021c0086c
0108f8f62
03bbb9061
021e0088c
0220008ac
0222008cc
25c957943
035c01aab
03bfbd061
0224008ec
25cd57963
00381c1a4
02280092c
01795b582
03c3c1061
0115110e2
003618164
003a201e4
003c24224
036001b2b
0232009cc
0234009ec
25d5579a3
004638364
036201b6b
25d9579c3
017b5f5c2
031916003
25dd579e3
03cfcd061
2425d4023
004c44424
03d3d1061
017d63602
036801c2b
00504c4a4
036a01c6b
256119221
0052504e4
036c01cab
018b7f7c2
0003202c3
01816b682
022221061
01918b882
037001d2b
022a29061
0003232cf
01836f6c2
022625061
256f193e1
0003252d7
022e2d061
0003262db
018573702
023231061
2575194a1
03d60022b
0003292e7
018777742
00032a2eb
03d80026b
00032b2ef
057b19561
01938f8c2
0435d40a3
043dd40e3
00032e2fb
00032d2f7
00032f2ff
000360203
044dd4163
000361207
00036220b
00036320f
000364213
04a052803
045dd41e3
02940100c
000365217
00036621b
00036721f
000368223
24ac52863
000369227
02a0010cc
00036b22f
00036a22b
00036c233
02a60112c
00036d237
00036e23b
00036f23f
02aa0116c
02ac0118c
25e197a21
02ae011ac
02b0011cc
02b2011ec
25e397a61
03e00036b
00c4b6b44
00c0aeac4
00c2b2b04
25e797ae1
03e2003ab
0003313c7
00cac2c04
03e4003eb
025251061
00ccc6c44
25ed97ba1
03e60042b
0003343d3
0003353d7
01fde5e22
25f197c21
0003363db
03ea004ab
0003373df
25f597ca1
03ec004eb
02a2a1061
000e08062
25f997d21
02a6a5061
25fb97d61
0001edea2
02aaa9061
00033c3f3
03f2005ab
00033d3f7
24b4528a3
03f4005eb
24b8528c3
000370303
000371307
24bc528e3
025400a2b
02b6b5061
03140182c
24c052903
03160184c
03180186c
0005f5f22
02bab9061
031a0188c
031c018ac
031e018cc
24c852943
025800aab
02bebd061
0320018ec
24cc52963
013519164
03240192c
007456542
02c2c1061
00100c0a2
013315124
01371d1a4
0139211e4
025c00b2b
032e019cc
0330019ec
24d4529a3
014335324
025e00b6b
24d8529c3
00765a582
021412003
24dc529e3
02cecd061
2524d1023
0149413e4
02d2d1061
00785e5c2
026400c2b
014d49464
026600c6b
246014221
014f4d4a4
026800cab
00867a782
0003400c3
007c66642
032321061
008c86842
026c00d2b
032b29061
0003430cf
007e6a682
032725061
246e143e1
0003450d7
032f2d061
0003460db
00806e6c2
033331061
2474144a1
02d20122b
0003490e7
008272702
00034a0eb
02d40126b
00034b0ef
047a14561
008e8a882
0534d10a3
053cd10e3
00034e0fb
00034d0f7
00034f0ff
000380003
054cd1163
000381007
00038200b
00038300f
000384013
05a14f803
055cd11e3
03900000c
000385017
00038601b
00038701f
000388023
25ad4f863
000389027
039c000cc
00038b02f
00038a02b
00038c033
03a20012c
00038d037
00038e03b
00038f03f
03a60016c
03a80018c
24e092a21
03aa001ac
03ac001cc
03ae001ec
24e292a61
02dc0136b
01c1b3b04
01bdaba84
01bfafac4
24e692ae1
02de013ab
0003511c7
01c7bfbc4
02e0013eb
035351061
01c9c3c04
24ec92ba1
02e20142b
0003541d3
0003551d7
00f8e0de2
24f092c21
0003561db
02e6014ab
0003571df
24f492ca1
02e8014eb
03a3a1061
010b05022
24f892d21
03a7a5061
24fa92d61
00fce8e62
03aba9061
00035c1f3
02ee015ab
00035d1f7
25b54f8a3
02f0015eb
25b94f8c3
000390103
000391107
25bd4f8e3
035001a2b
03b7b5061
02100082c
25c14f903
02120084c
02140086c
0100f0ee2
03bbb9061
02160088c
0218008ac
021a008cc
25c94f943
035401aab
03bfbd061
021c008ec
25cd4f963
003014124
02200092c
017153502
03c3c1061
010d09062
002e100e4
003218164
00341c1a4
035801b2b
022a009cc
022c009ec
25d54f9a3
003e302e4
035a01b6b
25d94f9c3
017357542
03110e003
25dd4f9e3
03cfcd061
2425cc023
00443c3a4
03d3d1061
01755b582
036001c2b
004844424
036201c6b
256111221
004a48464
036401cab
018377742
0003602c3
017963602
022221061
018983802
036801d2b
022a29061
0003632cf
017b67642
022625061
256f113e1
0003652d7
022e2d061
0003662db
017d6b682
023231061
2575114a1
03ce0022b
0003692e7
017f6f6c2
00036a2eb
03d00026b
00036b2ef
057b11561
018b87842
0435cc0a3
043dcc0e3
00036e2fb
00036d2f7
00036f2ff
0003a0203
044dcc163
0003a1207
0003a220b
0003a320f
0003a4213
04a04a803
045dcc1e3
028c0100c
0003a5217
0003a621b
0003a721f
0003a8223
24ac4a863
0003a9227
0298010cc
0003ab22f
0003aa22b
0003ac233
029e0112c
0003ad237
0003ae23b
0003af23f
02a20116c
02a40118c
25e18fa21
02a6011ac
02a8011cc
02aa011ec
25e38fa61
03d80036b
00bcaeac4
00b8a6a44
00baaaa84
25e78fae1
03da003ab
0003713c7
00c2bab84
03dc003eb
025251061
00c4bebc4
25ed8fba1
03de0042b
0003743d3
0003753d7
01f5ddda2
25f18fc21
0003763db
03e2004ab
0003773df
25f58fca1
03e4004eb
02a2a1061
000601fe2
25f98fd21
02a6a5061
25fb8fd61
01f9e5e22
02aaa9061
00037c3f3
03ea005ab
00037d3f7
24b44a8a3
03ec005eb
24b84a8c3
0003b0303
0003b1307
24bc4a8e3
024c00a2b
02b6b5061
030c0182c
24c04a903
030e0184c
03100186c
01fdedea2
02bab9061
03120188c
0314018ac
0316018cc
24c84a943
025000aab
02bebd061
0318018ec
24cc4a963
012d110e4
031c0192c
006c4e4c2
02c2c1061
000804022
012b0d0a4
012f15124
013119164
025400b2b
0326019cc
0328019ec
24d44a9a3
013b2d2a4
025600b6b
24d84a9c3
006e52502
020c0a003
24dc4a9e3
02cecd061
2524c9023
014139364
02d2d1061
007056542
025c00c2b
0145413e4
025e00c6b
24600c221
014745424
026000cab
007e72702
0003800c3
00745e5c2
032321061
00847e7c2
026400d2b
032b29061
0003830cf
007662602
032725061
246e0c3e1
0003850d7
032f2d061
0003860db
007866642
033331061
24740c4a1
02ca0122b
0003890e7
007a6a682
00038a0eb
02cc0126b
00038b0ef
047a0c561
008682802
0534c90a3
053cc90e3
00038e0fb
00038d0f7
00038f0ff
0003c0003
054cc9163
0003c1007
0003c200b
0003c300f
0003c4013
05a147803
055cc91e3
03880000c
0003c5017
0003c601b
0003c701f
0003c8023
25ad47863
0003c9027
0394000cc
0003cb02f
0003ca02b
0003cc033
039a0012c
0003cd037
0003ce03b
0003cf03f
039e0016c
03a00018c
24e08aa21
03a2001ac
03a4001cc
03a6001ec
24e28aa61
02d40136b
01b9aba84
01b5a3a04
01b7a7a44
24e68aae1
02d6013ab
0003911c7
01bfb7b44
02d8013eb
035351061
01c1bbb84
24ec8aba1
02da0142b
0003941d3
0003951d7
00f0d8d62
24f08ac21
0003961db
02de014ab
0003971df
24f48aca1
02e0014eb
03a3a1061
0102fcfa2
24f88ad21
03a7a5061
24fa8ad61
00f4e0de2
03aba9061
00039c1f3
02e6015ab
00039d1f7
25b5478a3
02e8015eb
25b9478c3
0003d0103
0003d1107
25bd478e3
034801a2b
03b7b5061
02080082c
25c147903
020a0084c
020c0086c
00f8e8e62
03bbb9061
020e0088c
0210008ac
0212008cc
25c947943
034c01aab
03bfbd061
0214008ec
25cd47963
00280c0a4
02180092c
01694b482
03c3c1061
010500fe2
002608064
002a100e4
002c14124
035001b2b
0222009cc
0224009ec
25d5479a3
003628264
035201b6b
25d9479c3
016b4f4c2
030906003
25dd479e3
03cfcd061
2425c4023
003c34324
03d3d1061
016d53502
035801c2b
00403c3a4
035a01c6b
256109221
0042403e4
035c01cab
017b6f6c2
0003a02c3
01715b582
022221061
01817b782
036001d2b
022a29061
0003a32cf
01735f5c2
022625061
256f093e1
0003a52d7
022e2d061
0003a62db
017563602
023231061
2575094a1
03c60022b
0003a92e7
017767642
0003aa2eb
03c80026b
0003ab2ef
057b09561
01837f7c2
0435c40a3
043dc40e3
0003ae2fb
0003ad2f7
0003af2ff
0003e0203
044dc4163
0003e1207
0003e220b
0003e320f
0003e4213
04a042803
045dc41e3
02840100c
0003e5217
0003e621b
0003e721f
0003e8223
24ac42863
0003e9227
0290010cc
0003eb22f
0003ea22b
0003ec233
02960112c
0003ed237
0003ee23b
0003ef23f
029a0116c
029c0118c
25e187a21
029e011ac
02a0011cc
02a2011ec
25e387a61
03d00036b
00b4a6a44
00b09e9c4
00b2a2a04
25e787ae1
03d2003ab
0003b13c7
00bab2b04
03d4003eb
025251061
00bcb6b44
25ed87ba1
03d60042b
0003b43d3
0003b53d7
01edd5d22
25f187c21
0003b63db
03da004ab
0003b73df
25f587ca1
03dc004eb
02a2a1061
01fff9f62
25f987d21
02a6a5061
25fb87d61
01f1ddda2
02aaa9061
0003bc3f3
03e2005ab
0003bd3f7
24b4428a3
03e4005eb
24b8428c3
0003f0303
0003f1307
24bc428e3
024400a2b
02b6b5061
03040182c
24c042903
03060184c
03080186c
01f5e5e22
02bab9061
030a0188c
030c018ac
030e018cc
24c842943
024800aab
02bebd061
0310018ec
24cc42963
012509064
03140192c
006446442
02c2c1061
0001fdfa2
012305024
01270d0a4
0129110e4
024c00b2b
031e019cc
0320019ec
24d4429a3
013325224
024e00b6b
24d8429c3
00664a482
020402003
24dc429e3
02cecd061
2524c1023
0139312e4
02d2d1061
00684e4c2
025400c2b
013d39364
025600c6b
246004221
013f3d3a4
025800cab
00766a682
0003c00c3
006c56542
032321061
007c76742
025c00d2b
032b29061
0003c30cf
006e5a582
032725061
246e043e1
0003c50d7
032f2d061
0003c60db
00705e5c2
033331061
2474044a1
02c20122b
0003c90e7
007262602
0003ca0eb
02c40126b
0003cb0ef
047a04561
007e7a782
0534c10a3
053cc10e3
0003ce0fb
0003cd0f7
0003cf0ff
0544c1123
033735061
0550c1183
0558c11c3
028280003
033b39061
25a53f823
033f3d061
25a93f843
25b13f883
034745061
02cc0136b
24e482aa1
24e682ae1
02ce013ab
24e882b21
02d0013eb
035351061
0003d31cf
02d20142b
0003d41d3
0003d51d7
00e8d0ce2
24f082c21
24f282c61
035f5d061
00f4e8e62
0003d81e3
00ead4d22
24f682ce1
0003d91e7
02da0152b
0003da1eb
0003db1ef
02dc0156b
24fc82da1
24fe82de1
00f6ecea2
03afad061
0003de1fb
00eedcda2
03b3b1061
25bd3f8e3
03b7b5061
034201a6b
25c53f923
25c93f943
00f8f0ee2
25cd3f963
034601aeb
00fcf8f62
034801b2b
25d53f9a3
25d93f9c3
03cbc9061
0300fe003
034c01bab
017163602
03d3d1061
035001c2b
256101221
03dbd9061
256301261
03dfdd061
0003e02c3
2567012e1
035601ceb
256901321
0003e22cb
035801d2b
0003e42d3
016b57542
056d013a1
057101421
0575014a1
057901521
057b01561
057d015a1
057f015e1
035e01deb
035c01dab
016d5b582
01756b682
0003ee2fb
016f5f5c2
017b77742
037f7c003
05e37fa61
05e77fae1
05eb7fb61
0003f03c3
0003f13c7
0003f23cb
0003f33cf
0003f43d3
0003f53d7
0003f63db
0003f73df
0003f93e7
0003f83e3
0003fb3ef
0003fc3f3
0003ff3ff
000001007
00000301b
00000402b
00000603f
040e0b045
000009057
00000b06b
00000c07b
00000e08f
04221f045
0000110a7
0000130bb
0000140cb
0000160df
043633045
0000190f7
00001b10b
00001c11b
00001e12f
044a47045
000020143
00002315b
00002416b
00002617f
045e5b045
000029197
00002b1ab
00002c1bb
00002e1cf
04726f045
0000301e3
0000331fb
00003420b
00003621f
048683045
000039237
00003b24b
00003c25b
00003e26f
049a97045
000040283
00004329b
0000442ab
0000462bf
04aeab045
0000492d7
00004b2eb
00004c2fb
00004e30f
04c2bf045
000050323
00005333b
00005434b
04d6d3045
04eae7045
04fefb045
05130f045
052723045
053b37045
054f4b045
05635f045
057773045
058b87045
059f9b045
000604001
001a18141
002e2c281
0042403c1
0012100c1
002624201
003a38341
000000013
000001027
00000203b
00000304f
000004063
000005077
00000608b
004e4c481
0062605c1
007674701
008a88841
0092908c1
009c9a961
00a6a4a01
00b0aeaa1
00bab8b41
00c4c2be1
00ceccc81
009e9c981
00b2b0ac1
00c6c4c01
00000e12b
00000f13f
000010153
000011167
00001217b
00001318f
0000141a3
00dad8d41
00eeece81
010300fc1
011715101
011f1d181
012927221
0133312c1
013d3b361
014745401
01514f4a1
015b59541
012b29241
013f3d381
0153514c1
00001c243
00001d257
00001e26b
00001f27f
000020293
0000212a7
0000222bb
016765601
017b79741
018f8d881
01a3a19c1
01aba9a41
0000252f7
00002731f
000029347
00005635f
000057363
000059377
00005a387
00005c39b
05bdb9045
00005f3b3
0000613c7
0000623d7
0000643eb
05d1cd045
000067003
000069017
00006a027
00006c03b
05e5e1045
00006f053
000071067
000072077
00007408b
05f9f5045
00007609f
0000790b7
00007a0c7
00007c0db
040c09045
00007f0f3
000081107
000082117
00008412b
04201d045
00008613f
000089157
00008a167
00008c17b
043431045
00008f193
0000911a7
0000921b7
0000941cb
044845045
0000961df
0000991f7
00009a207
00009c21b
045c59045
00009f233
0000a1247
0000a2257
0000a426b
04706d045
0000a627f
0000a9297
0000aa2a7
048481045
049895045
04aca9045
04c0bd045
04d4d1045
04e8e5045
04fcf9045
05110d045
052521045
053935045
054d49045
01b5b3ae1
01c9c7c21
01dddbd61
01f1efea1
01c1bfba1
01d5d3ce1
01e9e7e21
00002b36f
00002c383
00002d397
00002e3ab
00002f3bf
0000303d3
0000313e7
01fdfbf61
00100e0a1
0024221e1
003836321
00403e3a1
004a48441
0054524e1
005e5c581
006866621
0072706c1
007c7a761
004c4a461
00605e5a1
0074726e1
000039087
00003a09b
00003b0af
00003c0c3
00003d0d7
00003e0eb
00003f0ff
008886821
009c9a961
00b0aeaa1
00c4c2be1
00cccac61
00d6d4d01
00e0deda1
00eae8e41
00f4f2ee1
00fefcf81
010907021
00d8d6d21
00eceae61
0100fefa1
00004719f
0000481b3
0000491c7
00004a1db
00004b1ef
00004c203
00004d217
0115130e1
012927221
013d3b361
01514f4a1
015957521
000050253
00005227b
0000542a3
0000ac2bb
0000ad2bf
0000af2d3
0000b02e3
0000b22f7
056b67045
0000b530f
0000b7323
0000b8333
0000ba347
057f7b045
0000bd35f
0000bf373
0000c0383
0000c2397
05938f045
0000c53af
0000c73c3
0000c83d3
0000ca3e7
05a7a3045
0000cc3fb
0000cf013
0000d0023
0000d2037
05bbb7045
0000d504f
0000d7063
0000d8073
0000da087
05cfcb045
0000dc09b
0000df0b3
0000e00c3
0000e20d7
05e3df045
0000e50ef
0000e7103
0000e8113
0000ea127
05f7f3045
0000ec13b
0000ef153
0000f0163
0000f2177
040a07045
0000f518f
0000f71a3
0000f81b3
0000fa1c7
041e1b045
0000fc1db
0000ff1f3
000100203
04322f045
044643045
045a57045
046e6b045
04827f045
049693045
04aaa7045
04bebb045
04d2cf045
04e6e3045
04faf7045
0163615c1
017775701
018b89841
019f9d981
016f6d681
0183817c1
019795901
0000562cb
0000572df
0000582f3
000059307
00005a31b
00005b32f
00005c343
01aba9a41
01bfbdb81
01d3d1cc1
01e7e5e01
01efede81
01f9f7f21
000201fc1
000c0a061
001614101
00201e1a1
002a28241
01fbf9f41
000e0c081
0022201c1
0000643e3
0000653f7
00006600b
00006701f
000068033
000069047
00006a05b
003634301
004a48441
005e5c581
0072706c1
007a78741
0084827e1
008e8c881
009896921
00a2a09c1
00acaaa61
00b6b4b01
008684801
009a98941
00aeaca81
0000720fb
00007310f
000074123
000075137
00007614b
00007715f
000078173
00c2c0bc1
00d6d4d01
00eae8e41
00fefcf81
010705001
00007b1af
00007d1d7
00007f1ff
000102217
00010321b
00010522f
00010623f
000108253
051915045
00010b26b
00010d27f
00010e28f
0001102a3
052d29045
0001132bb
0001152cf
0001162df
0001182f3
05413d045
00011b30b
00011d31f
00011e32f
000120343
055551045
000122357
00012536f
00012637f
000128393
056965045
00012b3ab
00012d3bf
00012e3cf
0001303e3
057d79045
0001323f7
00013500f
00013601f
000138033
05918d045
00013b04b
00013d05f
00013e06f
000140083
05a5a1045
000142097
0001450af
0001460bf
0001480d3
05b9b5045
00014b0eb
00014d0ff
00014e10f
000150123
05cdc9045
000152137
00015514f
00015615f
05e1dd045
05f5f1045
040805045
041c19045
04302d045
044441045
045855045
046c69045
04807d045
049491045
04a8a5045
01110f0a1
0125231e1
013937321
014d4b461
011d1b161
01312f2a1
0145433e1
000081227
00008223b
00008324f
000084263
000085277
00008628b
00008729f
015957521
016d6b661
01817f7a1
0195938e1
019d9b961
01a7a5a01
01b1afaa1
01bbb9b41
01c5c3be1
01cfcdc81
01d9d7d21
01a9a7a21
01bdbbb61
01d1cfca1
00008f33f
000090353
000091367
00009237b
00009338f
0000943a3
0000953b7
01e5e3de1
01f9f7f21
000c0a061
00201e1a1
002826221
0032302c1
003c3a361
004644401
00504e4a1
005a58541
0064625e1
0034322e1
004846421
005c5a561
00009d057
00009e06b
00009f07f
0000a0093
0000a10a7
0000a20bb
0000a30cf
00706e6a1
0084827e1
009896921
00acaaa61
00b4b2ae1
0000a610b
0000a8133
0000aa15b
000158173
000159177
00015b18b
00015c19b
00015e1af
04c6c3045
0001611c7
0001631db
0001641eb
0001661ff
04dad7045
000169217
00016b22b
00016c23b
00016e24f
04eeeb045
000171267
00017327b
00017428b
00017629f
0502ff045
0001782b3
00017b2cb
00017c2db
00017e2ef
051713045
000181307
00018331b
00018432b
00018633f
052b27045
000188353
00018b36b
00018c37b
00018e38f
053f3b045
0001913a7
0001933bb
0001943cb
0001963df
05534f045
0001983f3
00019b00b
00019c01b
00019e02f
056763045
0001a1047
0001a305b
0001a406b
0001a607f
057b77045
0001a8093
0001ab0ab
0001ac0bb
058f8b045
05a39f045
05b7b3045
05cbc7045
05dfdb045
05f3ef045
040603045
041a17045
042e2b045
04423f045
045653045
00bebcb81
00d2d0cc1
00e6e4e01
00faf8f41
00cac8c41
00dedcd81
00f2f0ec1
0000ac183
0000ad197
0000ae1ab
0000af1bf
0000b01d3
0000b11e7
0000b21fb
010705001
011b19141
012f2d281
0143413c1
014b49441
0155534e1
015f5d581
016967621
0173716c1
017d7b761
018785801
015755501
016b69641
017f7d781
0000ba29b
0000bb2af
0000bc2c3
0000bd2d7
0000be2eb
0000bf2ff
0000c0313
0193918c1
01a7a5a01
01bbb9b41
01cfcdc81
01d7d5d01
01e1dfda1
01ebe9e41
01f5f3ee1
01fffdf81
000806021
0012100c1
01e3e1dc1
01f7f5f01
000a08041
0000c83b3
0000c93c7
0000ca3db
0000cb3ef
0000cc003
0000cd017
0000ce02b
001e1c181
0032302c1
004644401
005a58541
0062605c1
0000d1067
0000d308f
0000d50b7
0001ae0cf
0001af0d3
0001b10e7
0001b20f7
0001b410b
047471045
0001b7123
0001b9137
0001ba147
0001bc15b
048885045
0001bf173
0001c1187
0001c2197
0001c41ab
049c99045
0001c71c3
0001c91d7
0001ca1e7
0001cc1fb
04b0ad045
0001ce20f
0001d1227
0001d2237
0001d424b
04c4c1045
0001d7263
0001d9277
0001da287
0001dc29b
04d8d5045
0001de2af
0001e12c7
0001e22d7
0001e42eb
04ece9045
0001e7303
0001e9317
0001ea327
0001ec33b
0500fd045
0001ee34f
0001f1367
0001f2377
0001f438b
051511045
0001f73a3
0001f93b7
0001fa3c7
0001fc3db
052925045
0001fe3ef
000201007
000202017
053d39045
05514d045
056561045
057975045
058d89045
05a19d045
05b5b1045
05c9c5045
05ddd9045
05f1ed045
040401045
006c6a661
00807e7a1
0094928e1
00a8a6a21
007876721
008c8a861
00a09e9a1
0000d70df
0000d80f3
0000d9107
0000da11b
0000db12f
0000dc143
0000dd157
00b4b2ae1
00c8c6c21
00dcdad61
00f0eeea1
00f8f6f21
010300fc1
010d0b061
011715101
01211f1a1
012b29241
0135332e1
010502fe1
011917121
012d2b261
0000e51f7
0000e620b
0000e721f
0000e8233
0000e9247
0000ea25b
0000eb26f
01413f3a1
0155534e1
016967621
017d7b761
0185837e1
018f8d881
019997921
01a3a19c1
01adaba61
01b7b5b01
01c1bfba1
01918f8a1
01a5a39e1
01b9b7b21
0000f330f
0000f4323
0000f5337
0000f634b
0000f735f
0000f8373
0000f9387
01cdcbc61
01e1dfda1
01f5f3ee1
000806021
00100e0a1
0000fc3c3
0000fe3eb
000100013
00020402b
00020502f
000207043
000208053
00020a067
04221f045
00020d07f
00020f093
0002100a3
0002120b7
043633045
0002150cf
0002170e3
0002180f3
00021a107
044a47045
00021d11f
00021f133
000220143
000222157
045e5b045
00022416b
000227183
000228193
00022a1a7
04726f045
00022d1bf
00022f1d3
0002301e3
0002321f7
048683045
00023420b
000237223
000238233
00023a247
049a97045
00023d25f
00023f273
000240283
000242297
04aeab045
0002442ab
0002472c3
0002482d3
00024a2e7
04c2bf045
00024d2ff
00024f313
000250323
000252337
04d6d3045
00025434b
000257363
000258373
04eae7045
04fefb045
05130f045
052723045
053b37045
054f4b045
05635f045
057773045
058b87045
059f9b045
05b3af045
001a18141
002e2c281
0042403c1
005654501
002624201
003a38341
004e4c481
00010203b
00010304f
000104063
000105077
00010608b
00010709f
0001080b3
0062605c1
007674701
008a88841
009e9c981
00a6a4a01
00b0aeaa1
00bab8b41
00c4c2be1
00ceccc81
00d8d6d21
00e2e0dc1
00b2b0ac1
00c6c4c01
00dad8d41
000110153
000111167
00011217b
00011318f
0001141a3
0001151b7
0001161cb
00eeece81
010300fc1
011715101
012b29241
0133312c1
013d3b361
014745401
01514f4a1
015b59541
0165635e1
016f6d681
013f3d381
0153514c1
016765601
00011e26b
00011f27f
000120293
0001212a7
0001222bb
0001232cf
0001242e3
017b79741
018f8d881
01a3a19c1
01b7b5b01
01bfbdb81
00012731f
000129347
00012b36f
00025a387
00025b38b
00025d39f
00025e3af
0002603c3
05d1cd045
0002633db
0002653ef
0002663ff
000268013
05e5e1045
00026b02b
00026d03f
00026e04f
000270063
05f9f5045
00027307b
00027508f
00027609f
0002780b3
040c09045
00027a0c7
00027d0df
00027e0ef
000280103
04201d045
00028311b
00028512f
00028613f
000288153
043431045
00028a167
00028d17f
00028e18f
0002901a3
044845045
0002931bb
0002951cf
0002961df
0002981f3
045c59045
00029a207
00029d21f
00029e22f
0002a0243
04706d045
0002a325b
0002a526f
0002a627f
0002a8293
048481045
0002aa2a7
0002ad2bf
0002ae2cf
049895045
04aca9045
04c0bd045
04d4d1045
04e8e5045
04fcf9045
05110d045
052521045
053935045
054d49045
05615d045
01c9c7c21
01dddbd61
01f1efea1
000403fe1
01d5d3ce1
01e9e7e21
01fdfbf61
00012d397
00012e3ab
00012f3bf
0001303d3
0001313e7
0001323fb
00013300f
00100e0a1
0024221e1
003836321
004c4a461
0054524e1
005e5c581
006866621
0072706c1
007c7a761
008684801
00908e8a1
00605e5a1
0074726e1
008886821
00013b0af
00013c0c3
00013d0d7
00013e0eb
00013f0ff
000140113
000141127
009c9a961
00b0aeaa1
00c4c2be1
00d8d6d21
00e0deda1
00eae8e41
00f4f2ee1
00fefcf81
010907021
0113110c1
011d1b161
00eceae61
0100fefa1
0115130e1
0001491c7
00014a1db
00014b1ef
00014c203
00014d217
00014e22b
00014f23f
012927221
013d3b361
01514f4a1
0165635e1
016d6b661
00015227b
0001542a3
0001562cb
0002b02e3
0002b12e7
0002b32fb
0002b430b
0002b631f
057f7b045
0002b9337
0002bb34b
0002bc35b
0002be36f
05938f045
0002c1387
0002c339b
0002c43ab
0002c63bf
05a7a3045
0002c93d7
0002cb3eb
0002cc3fb
0002ce00f
05bbb7045
0002d0023
0002d303b
0002d404b
0002d605f
05cfcb045
0002d9077
0002db08b
0002dc09b
0002de0af
05e3df045
0002e00c3
0002e30db
0002e40eb
0002e60ff
05f7f3045
0002e9117
0002eb12b
0002ec13b
0002ee14f
040a07045
0002f0163
0002f317b
0002f418b
0002f619f
041e1b045
0002f91b7
0002fb1cb
0002fc1db
0002fe1ef
04322f045
000300203
00030321b
00030422b
044643045
045a57045
046e6b045
04827f045
049693045
04aaa7045
04bebb045
04d2cf045
04e6e3045
04faf7045
050f0b045
017775701
018b89841
019f9d981
01b3b1ac1
0183817c1
019795901
01aba9a41
0001582f3
000159307
00015a31b
00015b32f
00015c343
00015d357
00015e36b
01bfbdb81
01d3d1cc1
01e7e5e01
01fbf9f41
000201fc1
000c0a061
001614101
00201e1a1
002a28241
0034322e1
003e3c381
000e0c081
0022201c1
003634301
00016600b
00016701f
000168033
000169047
00016a05b
00016b06f
00016c083
004a48441
005e5c581
0072706c1
008684801
008e8c881
009896921
00a2a09c1
00acaaa61
00b6b4b01
00c0beba1
00cac8c41
009a98941
00aeaca81
00c2c0bc1
000174123
000175137
00017614b
00017715f
000178173
000179187
00017a19b
00d6d4d01
00eae8e41
00fefcf81
0113110c1
011b19141
00017d1d7
00017f1ff
000181227
00030623f
000307243
000309257
00030a267
00030c27b
052d29045
00030f293
0003112a7
0003122b7
0003142cb
05413d045
0003172e3
0003192f7
00031a307
00031c31b
055551045
00031f333
000321347
000322357
00032436b
056965045
00032637f
000329397
00032a3a7
00032c3bb
057d79045
00032f3d3
0003313e7
0003323f7
00033400b
05918d045
00033601f
000339037
00033a047
00033c05b
05a5a1045
00033f073
000341087
000342097
0003440ab
05b9b5045
0003460bf
0003490d7
00034a0e7
00034c0fb
05cdc9045
00034f113
000351127
000352137
00035414b
05e1dd045
00035615f
000359177
00035a187
05f5f1045
040805045
041c19045
04302d045
044441045
045855045
046c69045
04807d045
049491045
04a8a5045
04bcb9045
0125231e1
013937321
014d4b461
01615f5a1
01312f2a1
0145433e1
015957521
00018324f
000184263
000185277
00018628b
00018729f
0001882b3
0001892c7
016d6b661
01817f7a1
0195938e1
01a9a7a21
01b1afaa1
01bbb9b41
01c5c3be1
01cfcdc81
01d9d7d21
01e3e1dc1
01edebe61
01bdbbb61
01d1cfca1
01e5e3de1
000191367
00019237b
00019338f
0001943a3
0001953b7
0001963cb
0001973df
01f9f7f21
000c0a061
00201e1a1
0034322e1
003c3a361
004644401
00504e4a1
005a58541
0064625e1
006e6c681
007876721
004846421
005c5a561
00706e6a1
00019f07f
0001a0093
0001a10a7
0001a20bb
0001a30cf
0001a40e3
0001a50f7
0084827e1
009896921
00acaaa61
00c0beba1
00c8c6c21
0001a8133
0001aa15b
0001ac183
00035c19b
00035d19f
00035f1b3
0003601c3
0003621d7
04dad7045
0003651ef
000367203
000368213
00036a227
04eeeb045
00036d23f
00036f253
000370263
000372277
0502ff045
00037528f
0003772a3
0003782b3
00037a2c7
051713045
00037c2db
00037f2f3
000380303
000382317
052b27045
00038532f
000387343
000388353
00038a367
053f3b045
00038c37b
00038f393
0003903a3
0003923b7
05534f045
0003953cf
0003973e3
0003983f3
00039a007
056763045
00039c01b
00039f033
0003a0043
0003a2057
057b77045
0003a506f
0003a7083
0003a8093
0003aa0a7
058f8b045
0003ac0bb
0003af0d3
0003b00e3
05a39f045
05b7b3045
05cbc7045
05dfdb045
05f3ef045
040603045
041a17045
042e2b045
04423f045
045653045
046a67045
00d2d0cc1
00e6e4e01
00faf8f41
010f0d081
00dedcd81
00f2f0ec1
010705001
0001ae1ab
0001af1bf
0001b01d3
0001b11e7
0001b21fb
0001b320f
0001b4223
011b19141
012f2d281
0143413c1
015755501
015f5d581
016967621
0173716c1
017d7b761
018785801
01918f8a1
019b99941
016b69641
017f7d781
0193918c1
0001bc2c3
0001bd2d7
0001be2eb
0001bf2ff
0001c0313
0001c1327
0001c233b
01a7a5a01
01bbb9b41
01cfcdc81
01e3e1dc1
01ebe9e41
01f5f3ee1
01fffdf81
000806021
0012100c1
001c1a161
002624201
01f7f5f01
000a08041
001e1c181
0001ca3db
0001cb3ef
0001cc003
0001cd017
0001ce02b
0001cf03f
0001d0053
0032302c1
004644401
005a58541
006e6c681
007674701
0001d308f
0001d50b7
0001d70df
0003b20f7
0003b30fb
0003b510f
0003b611f
0003b8133
048885045
0003bb14b
0003bd15f
0003be16f
0003c0183
049c99045
0003c319b
0003c51af
0003c61bf
0003c81d3
04b0ad045
0003cb1eb
0003cd1ff
0003ce20f
0003d0223
04c4c1045
0003d2237
0003d524f
0003d625f
0003d8273
04d8d5045
0003db28b
0003dd29f
0003de2af
0003e02c3
04ece9045
0003e22d7
0003e52ef
0003e62ff
0003e8313
0500fd045
0003eb32b
0003ed33f
0003ee34f
0003f0363
051511045
0003f2377
0003f538f
0003f639f
0003f83b3
052925045
0003fb3cb
0003fd3df
0003fe3ef
000400003
053d39045
000402017
00040502f
00040603f
05514d045
056561045
057975045
058d89045
05a19d045
05b5b1045
05c9c5045
05ddd9045
05f1ed045
040401045
041815045
00807e7a1
0094928e1
00a8a6a21
00bcbab61
008c8a861
00a09e9a1
00b4b2ae1
0001d9107
0001da11b
0001db12f
0001dc143
0001dd157
0001de16b
0001df17f
00c8c6c21
00dcdad61
00f0eeea1
010502fe1
010d0b061
011715101
01211f1a1
012b29241
0135332e1
013f3d381
014947421
011917121
012d2b261
01413f3a1
0001e721f
0001e8233
0001e9247
0001ea25b
0001eb26f
0001ec283
0001ed297
0155534e1
016967621
017d7b761
01918f8a1
019997921
01a3a19c1
01adaba61
01b7b5b01
01c1bfba1
01cbc9c41
01d5d3ce1
01a5a39e1
01b9b7b21
01cdcbc61
0001f5337
0001f634b
0001f735f
0001f8373
0001f9387
0001fa39b
0001fb3af
01e1dfda1
01f5f3ee1
000806021
001c1a161
0024221e1
0001fe3eb
000200013
00020203b
000408053
000409057
00040b06b
00040c07b
00040e08f
043633045
0004110a7
0004130bb
0004140cb
0004160df
044a47045
0004190f7
00041b10b
00041c11b
00041e12f
045e5b045
000421147
00042315b
00042416b
00042617f
04726f045
000428193
00042b1ab
00042c1bb
00042e1cf
048683045
0004311e7
0004331fb
00043420b
00043621f
049a97045
000438233
00043b24b
00043c25b
00043e26f
04aeab045
000441287
00044329b
0004442ab
0004462bf
04c2bf045
0004482d3
00044b2eb
00044c2fb
00044e30f
04d6d3045
000451327
00045333b
00045434b
00045635f
04eae7045
000458373
00045b38b
00045c39b
04fefb045
05130f045
052723045
053b37045
054f4b045
05635f045
057773045
058b87045
059f9b045
05b3af045
05c7c3045
002e2c281
0042403c1
005654501
006a68641
003a38341
004e4c481
0062605c1
000204063
000205077
00020608b
00020709f
0002080b3
0002090c7
00020a0db
007674701
008a88841
009e9c981
00b2b0ac1
00bab8b41
00c4c2be1
00ceccc81
00d8d6d21
00e2e0dc1
00eceae61
00f6f4f01
00c6c4c01
00dad8d41
00eeece81
00021217b
00021318f
0002141a3
0002151b7
0002161cb
0002171df
0002181f3
010300fc1
011715101
012b29241
013f3d381
014745401
01514f4a1
015b59541
0165635e1
016f6d681
017977721
0183817c1
0153514c1
016765601
017b79741
000220293
0002212a7
0002222bb
0002232cf
0002242e3
0002252f7
00022630b
018f8d881
01a3a19c1
01b7b5b01
01cbc9c41
01d3d1cc1
000229347
00022b36f
00022d397
00045e3af
00045f3b3
0004613c7
0004623d7
0004643eb
05e5e1045
000467003
000469017
00046a027
00046c03b
05f9f5045
00046f053
000471067
000472077
00047408b
040c09045
0004770a3
0004790b7
00047a0c7
00047c0db
04201d045
00047e0ef
000481107
000482117
00048412b
043431045
000487143
000489157
00048a167
00048c17b
044845045
00048e18f
0004911a7
0004921b7
0004941cb
045c59045
0004971e3
0004991f7
00049a207
00049c21b
04706d045
00049e22f
0004a1247
0004a2257
0004a426b
048481045
0004a7283
0004a9297
0004aa2a7
0004ac2bb
049895045
0004ae2cf
0004b12e7
0004b22f7
04aca9045
04c0bd045
04d4d1045
04e8e5045
04fcf9045
05110d045
052521045
053935045
054d49045
05615d045
057571045
01dddbd61
01f1efea1
000403fe1
001816121
01e9e7e21
01fdfbf61
00100e0a1
00022f3bf
0002303d3
0002313e7
0002323fb
00023300f
000234023
000235037
0024221e1
003836321
004c4a461
00605e5a1
006866621
0072706c1
007c7a761
008684801
00908e8a1
009a98941
00a4a29e1
0074726e1
008886821
009c9a961
00023d0d7
00023e0eb
00023f0ff
000240113
000241127
00024213b
00024314f
00b0aeaa1
00c4c2be1
00d8d6d21
00eceae61
00f4f2ee1
00fefcf81
010907021
0113110c1
011d1b161
012725201
01312f2a1
0100fefa1
0115130e1
012927221
00024b1ef
00024c203
00024d217
00024e22b
00024f23f
000250253
000251267
013d3b361
01514f4a1
0165635e1
017977721
01817f7a1
0002542a3
0002562cb
0002582f3
0004b430b
0004b530f
0004b7323
0004b8333
0004ba347
05938f045
0004bd35f
0004bf373
0004c0383
0004c2397
05a7a3045
0004c53af
0004c73c3
0004c83d3
0004ca3e7
05bbb7045
0004cd3ff
0004cf013
0004d0023
0004d2037
05cfcb045
0004d404b
0004d7063
0004d8073
0004da087
05e3df045
0004dd09f
0004df0b3
0004e00c3
0004e20d7
05f7f3045
0004e40eb
0004e7103
0004e8113
0004ea127
040a07045
0004ed13f
0004ef153
0004f0163
0004f2177
041e1b045
0004f418b
0004f71a3
0004f81b3
0004fa1c7
04322f045
0004fd1df
0004ff1f3
000500203
000502217
044643045
00050422b
000507243
000508253
045a57045
046e6b045
04827f045
049693045
04aaa7045
04bebb045
04d2cf045
04e6e3045
04faf7045
050f0b045
05231f045
018b89841
019f9d981
01b3b1ac1
01c7c5c01
019795901
01aba9a41
01bfbdb81
00025a31b
00025b32f
00025c343
00025d357
00025e36b
00025f37f
000260393
01d3d1cc1
01e7e5e01
01fbf9f41
000e0c081
001614101
00201e1a1
002a28241
0034322e1
003e3c381
004846421
0052504c1
0022201c1
003634301
004a48441
000268033
000269047
00026a05b
00026b06f
00026c083
00026d097
00026e0ab
005e5c581
0072706c1
008684801
009a98941
00a2a09c1
00acaaa61
00b6b4b01
00c0beba1
00cac8c41
00d4d2ce1
00dedcd81
00aeaca81
00c2c0bc1
00d6d4d01
00027614b
00027715f
000278173
000279187
00027a19b
00027b1af
00027c1c3
00eae8e41
00fefcf81
0113110c1
012725201
012f2d281
00027f1ff
000281227
00028324f
00050a267
00050b26b
00050d27f
00050e28f
0005102a3
05413d045
0005132bb
0005152cf
0005162df
0005182f3
055551045
00051b30b
00051d31f
00051e32f
000520343
056965045
00052335b
00052536f
00052637f
000528393
057d79045
00052a3a7
00052d3bf
00052e3cf
0005303e3
05918d045
0005333fb
00053500f
00053601f
000538033
05a5a1045
00053a047
00053d05f
00053e06f
000540083
05b9b5045
00054309b
0005450af
0005460bf
0005480d3
05cdc9045
00054a0e7
00054d0ff
00054e10f
000550123
05e1dd045
00055313b
00055514f
00055615f
000558173
05f5f1045
00055a187
00055d19f
00055e1af
040805045
041c19045
04302d045
044441045
045855045
046c69045
04807d045
049491045
04a8a5045
04bcb9045
04d0cd045
013937321
014d4b461
01615f5a1
0175736e1
0145433e1
015957521
016d6b661
000285277
00028628b
00028729f
0002882b3
0002892c7
00028a2db
00028b2ef
01817f7a1
0195938e1
01a9a7a21
01bdbbb61
01c5c3be1
01cfcdc81
01d9d7d21
01e3e1dc1
01edebe61
01f7f5f01
0001fffa1
01d1cfca1
01e5e3de1
01f9f7f21
00029338f
0002943a3
0002953b7
0002963cb
0002973df
0002983f3
000299007
000c0a061
00201e1a1
0034322e1
004846421
00504e4a1
005a58541
0064625e1
006e6c681
007876721
0082807c1
008c8a861
005c5a561
00706e6a1
0084827e1
0002a10a7
0002a20bb
0002a30cf
0002a40e3
0002a50f7
0002a610b
0002a711f
009896921
00acaaa61
00c0beba1
00d4d2ce1
00dcdad61
0002aa15b
0002ac183
0002ae1ab
0005601c3
0005611c7
0005631db
0005641eb
0005661ff
04eeeb045
000569217
00056b22b
00056c23b
00056e24f
0502ff045
000571267
00057327b
00057428b
00057629f
051713045
0005792b7
00057b2cb
00057c2db
00057e2ef
052b27045
000580303
00058331b
00058432b
00058633f
053f3b045
000589357
00058b36b
00058c37b
00058e38f
05534f045
0005903a3
0005933bb
0005943cb
0005963df
056763045
0005993f7
00059b00b
00059c01b
00059e02f
057b77045
0005a0043
0005a305b
0005a406b
0005a607f
058f8b045
0005a9097
0005ab0ab
0005ac0bb
0005ae0cf
05a39f045
0005b00e3
0005b30fb
0005b410b
05b7b3045
05cbc7045
05dfdb045
05f3ef045
040603045
041a17045
042e2b045
04423f045
045653045
046a67045
047e7b045
00e6e4e01
00faf8f41
010f0d081
0123211c1
00f2f0ec1
010705001
011b19141
0002b01d3
0002b11e7
0002b21fb
0002b320f
0002b4223
0002b5237
0002b624b
012f2d281
0143413c1
015755501
016b69641
0173716c1
017d7b761
018785801
01918f8a1
019b99941
01a5a39e1
01afada81
017f7d781
0193918c1
01a7a5a01
0002be2eb
0002bf2ff
0002c0313
0002c1327
0002c233b
0002c334f
0002c4363
01bbb9b41
01cfcdc81
01e3e1dc1
01f7f5f01
01fffdf81
000806021
0012100c1
001c1a161
002624201
00302e2a1
003a38341
000a08041
001e1c181
0032302c1
0002cc003
0002cd017
0002ce02b
0002cf03f
0002d0053
0002d1067
0002d207b
004644401
005a58541
006e6c681
0082807c1
008a88841
0002d50b7
0002d70df
0002d9107
0005b611f
0005b7123
0005b9137
0005ba147
0005bc15b
049c99045
0005bf173
0005c1187
0005c2197
0005c41ab
04b0ad045
0005c71c3
0005c91d7
0005ca1e7
0005cc1fb
04c4c1045
0005cf213
0005d1227
0005d2237
0005d424b
04d8d5045
0005d625f
0005d9277
0005da287
0005dc29b
04ece9045
0005df2b3
0005e12c7
0005e22d7
0005e42eb
0500fd045
0005e62ff
0005e9317
0005ea327
0005ec33b
051511045
0005ef353
0005f1367
0005f2377
0005f438b
052925045
0005f639f
0005f93b7
0005fa3c7
0005fc3db
053d39045
0005ff3f3
000601007
000602017
00060402b
05514d045
00060603f
000609057
00060a067
056561045
057975045
058d89045
05a19d045
05b5b1045
05c9c5045
05ddd9045
05f1ed045
040401045
041815045
042c29045
0094928e1
00a8a6a21
00bcbab61
00d0ceca1
00a09e9a1
00b4b2ae1
00c8c6c21
0002db12f
0002dc143
0002dd157
0002de16b
0002df17f
0002e0193
0002e11a7
00dcdad61
00f0eeea1
010502fe1
011917121
01211f1a1
012b29241
0135332e1
013f3d381
014947421
0153514c1
015d5b561
012d2b261
01413f3a1
0155534e1
0002e9247
0002ea25b
0002eb26f
0002ec283
0002ed297
0002ee2ab
0002ef2bf
016967621
017d7b761
01918f8a1
01a5a39e1
01adaba61
01b7b5b01
01c1bfba1
01cbc9c41
01d5d3ce1
01dfddd81
01e9e7e21
01b9b7b21
01cdcbc61
01e1dfda1
0002f735f
0002f8373
0002f9387
0002fa39b
0002fb3af
0002fc3c3
0002fd3d7
01f5f3ee1
000806021
001c1a161
00302e2a1
003836321
000300013
00030203b
000304063
00060c07b
00060d07f
00060f093
0006100a3
0006120b7
044a47045
0006150cf
0006170e3
0006180f3
00061a107
045e5b045
00061d11f
00061f133
000620143
000622157
04726f045
00062516f
000627183
000628193
00062a1a7
048683045
00062c1bb
00062f1d3
0006301e3
0006321f7
049a97045
00063520f
000637223
000638233
00063a247
04aeab045
00063c25b
00063f273
000640283
000642297
04c2bf045
0006452af
0006472c3
0006482d3
00064a2e7
04d6d3045
00064c2fb
00064f313
000650323
000652337
04eae7045
00065534f
000657363
000658373
00065a387
04fefb045
00065c39b
00065f3b3
0006603c3
05130f045
052723045
053b37045
054f4b045
05635f045
057773045
058b87045
059f9b045
05b3af045
05c7c3045
05dbd7045
0042403c1
005654501
006a68641
007e7c781
004e4c481
0062605c1
007674701
00030608b
00030709f
0003080b3
0003090c7
00030a0db
00030b0ef
00030c103
008a88841
009e9c981
00b2b0ac1
00c6c4c01
00ceccc81
00d8d6d21
00e2e0dc1
00eceae61
00f6f4f01
0100fefa1
010b09041
00dad8d41
00eeece81
010300fc1
0003141a3
0003151b7
0003161cb
0003171df
0003181f3
000319207
00031a21b
011715101
012b29241
013f3d381
0153514c1
015b59541
0165635e1
016f6d681
017977721
0183817c1
018d8b861
019795901
016765601
017b79741
018f8d881
0003222bb
0003232cf
0003242e3
0003252f7
00032630b
00032731f
000328333
01a3a19c1
01b7b5b01
01cbc9c41
01dfddd81
01e7e5e01
00032b36f
00032d397
00032f3bf
0006623d7
0006633db
0006653ef
0006663ff
000668013
05f9f5045
00066b02b
00066d03f
00066e04f
000670063
040c09045
00067307b
00067508f
00067609f
0006780b3
04201d045
00067b0cb
00067d0df
00067e0ef
000680103
043431045
000682117
00068512f
00068613f
000688153
044845045
00068b16b
00068d17f
00068e18f
0006901a3
045c59045
0006921b7
0006951cf
0006961df
0006981f3
04706d045
00069b20b
00069d21f
00069e22f
0006a0243
048481045
0006a2257
0006a526f
0006a627f
0006a8293
049895045
0006ab2ab
0006ad2bf
0006ae2cf
0006b02e3
04aca9045
0006b22f7
0006b530f
0006b631f
04c0bd045
04d4d1045
04e8e5045
04fcf9045
05110d045
052521045
053935045
054d49045
05615d045
057571045
058985045
01f1efea1
000403fe1
001816121
002c2a261
01fdfbf61
00100e0a1
0024221e1
0003313e7
0003323fb
00033300f
000334023
000335037
00033604b
00033705f
003836321
004c4a461
00605e5a1
0074726e1
007c7a761
008684801
00908e8a1
009a98941
00a4a29e1
00aeaca81
00b8b6b21
008886821
009c9a961
00b0aeaa1
00033f0ff
000340113
000341127
00034213b
00034314f
000344163
000345177
00c4c2be1
00d8d6d21
00eceae61
0100fefa1
010907021
0113110c1
011d1b161
012725201
01312f2a1
013b39341
0145433e1
0115130e1
012927221
013d3b361
00034d217
00034e22b
00034f23f
000350253
000351267
00035227b
00035328f
01514f4a1
0165635e1
017977721
018d8b861
0195938e1
0003562cb
0003582f3
00035a31b
0006b8333
0006b9337
0006bb34b
0006bc35b
0006be36f
05a7a3045
0006c1387
0006c339b
0006c43ab
0006c63bf
05bbb7045
0006c93d7
0006cb3eb
0006cc3fb
0006ce00f
05cfcb045
0006d1027
0006d303b
0006d404b
0006d605f
05e3df045
0006d8073
0006db08b
0006dc09b
0006de0af
05f7f3045
0006e10c7
0006e30db
0006e40eb
0006e60ff
040a07045
0006e8113
0006eb12b
0006ec13b
0006ee14f
041e1b045
0006f1167
0006f317b
0006f418b
0006f619f
04322f045
0006f81b3
0006fb1cb
0006fc1db
0006fe1ef
044643045
000701207
00070321b
00070422b
00070623f
045a57045
000708253
00070b26b
00070c27b
046e6b045
04827f045
049693045
04aaa7045
04bebb045
04d2cf045
04e6e3045
04faf7045
050f0b045
05231f045
053733045
019f9d981
01b3b1ac1
01c7c5c01
01dbd9d41
01aba9a41
01bfbdb81
01d3d1cc1
00035c343
00035d357
00035e36b
00035f37f
000360393
0003613a7
0003623bb
01e7e5e01
01fbf9f41
000e0c081
0022201c1
002a28241
0034322e1
003e3c381
004846421
0052504c1
005c5a561
006664601
003634301
004a48441
005e5c581
00036a05b
00036b06f
00036c083
00036d097
00036e0ab
00036f0bf
0003700d3
0072706c1
008684801
009a98941
00aeaca81
00b6b4b01
00c0beba1
00cac8c41
00d4d2ce1
00dedcd81
00e8e6e21
00f2f0ec1
00c2c0bc1
00d6d4d01
00eae8e41
000378173
000379187
00037a19b
00037b1af
00037c1c3
00037d1d7
00037e1eb
00fefcf81
0113110c1
012725201
013b39341
0143413c1
000381227
00038324f
000385277
00070e28f
00070f293
0007112a7
0007122b7
0007142cb
055551045
0007172e3
0007192f7
00071a307
00071c31b
056965045
00071f333
000721347
000722357
00072436b
057d79045
000727383
000729397
00072a3a7
00072c3bb
05918d045
00072e3cf
0007313e7
0007323f7
00073400b
05a5a1045
000737023
000739037
00073a047
00073c05b
05b9b5045
00073e06f
000741087
000742097
0007440ab
05cdc9045
0007470c3
0007490d7
00074a0e7
00074c0fb
05e1dd045
00074e10f
000751127
000752137
00075414b
05f5f1045
000757163
000759177
00075a187
00075c19b
040805045
00075e1af
0007611c7
0007621d7
041c19045
04302d045
044441045
045855045
046c69045
04807d045
049491045
04a8a5045
04bcb9045
04d0cd045
04e4e1045
014d4b461
01615f5a1
0175736e1
018987821
015957521
016d6b661
01817f7a1
00038729f
0003882b3
0003892c7
00038a2db
00038b2ef
00038c303
00038d317
0195938e1
01a9a7a21
01bdbbb61
01d1cfca1
01d9d7d21
01e3e1dc1
01edebe61
01f7f5f01
0001fffa1
000a08041
0014120e1
01e5e3de1
01f9f7f21
000c0a061
0003953b7
0003963cb
0003973df
0003983f3
000399007
00039a01b
00039b02f
00201e1a1
0034322e1
004846421
005c5a561
0064625e1
006e6c681
007876721
0082807c1
008c8a861
009694901
00a09e9a1
00706e6a1
0084827e1
009896921
0003a30cf
0003a40e3
0003a50f7
0003a610b
0003a711f
0003a8133
0003a9147
00acaaa61
00c0beba1
00d4d2ce1
00e8e6e21
00f0eeea1
0003ac183
0003ae1ab
0003b01d3
0007641eb
0007651ef
000767203
000768213
00076a227
0502ff045
00076d23f
00076f253
000770263
000772277
051713045
00077528f
0007772a3
0007782b3
00077a2c7
052b27045
00077d2df
00077f2f3
000780303
000782317
053f3b045
00078432b
000787343
000788353
00078a367
05534f045
00078d37f
00078f393
0007903a3
0007923b7
056763045
0007943cb
0007973e3
0007983f3
00079a007
057b77045
00079d01f
00079f033
0007a0043
0007a2057
058f8b045
0007a406b
0007a7083
0007a8093
0007aa0a7
05a39f045
0007ad0bf
0007af0d3
0007b00e3
0007b20f7
05b7b3045
0007b410b
0007b7123
0007b8133
05cbc7045
05dfdb045
05f3ef045
040603045
041a17045
042e2b045
04423f045
045653045
046a67045
047e7b045
04928f045
00faf8f41
010f0d081
0123211c1
013735301
010705001
011b19141
012f2d281
0003b21fb
0003b320f
0003b4223
0003b5237
0003b624b
0003b725f
0003b8273
0143413c1
015755501
016b69641
017f7d781
018785801
01918f8a1
019b99941
01a5a39e1
01afada81
01b9b7b21
01c3c1bc1
0193918c1
01a7a5a01
01bbb9b41
0003c0313
0003c1327
0003c233b
0003c334f
0003c4363
0003c5377
0003c638b
01cfcdc81
01e3e1dc1
01f7f5f01
000a08041
0012100c1
001c1a161
002624201
00302e2a1
003a38341
0044423e1
004e4c481
001e1c181
0032302c1
004644401
0003ce02b
0003cf03f
0003d0053
0003d1067
0003d207b
0003d308f
0003d40a3
005a58541
006e6c681
0082807c1
009694901
009e9c981
0003d70df
0003d9107
0003db12f
0007ba147
0007bb14b
0007bd15f
0007be16f
0007c0183
04b0ad045
0007c319b
0007c51af
0007c61bf
0007c81d3
04c4c1045
0007cb1eb
0007cd1ff
0007ce20f
0007d0223
04d8d5045
0007d323b
0007d524f
0007d625f
0007d8273
04ece9045
0007da287
0007dd29f
0007de2af
0007e02c3
0500fd045
0007e32db
0007e52ef
0007e62ff
0007e8313
051511045
0007ea327
0007ed33f
0007ee34f
0007f0363
052925045
0007f337b
0007f538f
0007f639f
0007f83b3
053d39045
0007fa3c7
0007fd3df
0007fe3ef
000800003
05514d045
00080301b
00080502f
00080603f
000808053
056561045
00080a067
00080d07f
00080e08f
057975045
058d89045
05a19d045
05b5b1045
05c9c5045
05ddd9045
05f1ed045
040401045
041815045
042c29045
04403d045
00a8a6a21
00bcbab61
00d0ceca1
00e4e2de1
00b4b2ae1
00c8c6c21
00dcdad61
0003dd157
0003de16b
0003df17f
0003e0193
0003e11a7
0003e21bb
0003e31cf
00f0eeea1
010502fe1
011917121
012d2b261
0135332e1
013f3d381
014947421
0153514c1
015d5b561
016765601
01716f6a1
01413f3a1
0155534e1
016967621
0003eb26f
0003ec283
0003ed297
0003ee2ab
0003ef2bf
0003f02d3
0003f12e7
017d7b761
01918f8a1
01a5a39e1
01b9b7b21
01c1bfba1
01cbc9c41
01d5d3ce1
01dfddd81
01e9e7e21
01f3f1ec1
01fdfbf61
01cdcbc61
01e1dfda1
01f5f3ee1
0003f9387
0003fa39b
0003fb3af
0003fc3c3
0003fd3d7
0003fe3eb
0003ff3ff
000806021
001c1a161
00302e2a1
0044423e1
004c4a461
00040203b
000404063
00040608b
0008100a3
0008110a7
0008130bb
0008140cb
0008160df
045e5b045
0008190f7
00081b10b
00081c11b
00081e12f
04726f045
000821147
00082315b
00082416b
00082617f
048683045
000829197
00082b1ab
00082c1bb
00082e1cf
049a97045
0008301e3
0008331fb
00083420b
00083621f
04aeab045
000839237
00083b24b
00083c25b
00083e26f
04c2bf045
000840283
00084329b
0008442ab
0008462bf
04d6d3045
0008492d7
00084b2eb
00084c2fb
00084e30f
04eae7045
000850323
00085333b
00085434b
00085635f
04fefb045
000859377
00085b38b
00085c39b
00085e3af
05130f045
0008603c3
0008633db
0008643eb
052723045
053b37045
054f4b045
05635f045
057773045
058b87045
059f9b045
05b3af045
05c7c3045
05dbd7045
05efeb045
005654501
006a68641
007e7c781
0092908c1
0062605c1
007674701
008a88841
0004080b3
0004090c7
00040a0db
00040b0ef
00040c103
00040d117
00040e12b
009e9c981
00b2b0ac1
00c6c4c01
00dad8d41
00e2e0dc1
00eceae61
00f6f4f01
0100fefa1
010b09041
0115130e1
011f1d181
00eeece81
010300fc1
011715101
0004161cb
0004171df
0004181f3
000419207
00041a21b
00041b22f
00041c243
012b29241
013f3d381
0153514c1
016765601
016f6d681
017977721
0183817c1
018d8b861
019795901
01a19f9a1
01aba9a41
017b79741
018f8d881
01a3a19c1
0004242e3
0004252f7
00042630b
00042731f
000428333
000429347
00042a35b
01b7b5b01
01cbc9c41
01dfddd81
01f3f1ec1
01fbf9f41
00042d397
00042f3bf
0004313e7
0008663ff
000867003
000869017
00086a027
00086c03b
040c09045
00086f053
000871067
000872077
00087408b
04201d045
0008770a3
0008790b7
00087a0c7
00087c0db
043431045
00087f0f3
000881107
000882117
00088412b
044845045
00088613f
000889157
00088a167
00088c17b
045c59045
00088f193
0008911a7
0008921b7
0008941cb
04706d045
0008961df
0008991f7
00089a207
00089c21b
048481045
00089f233
0008a1247
0008a2257
0008a426b
049895045
0008a627f
0008a9297
0008aa2a7
0008ac2bb
04aca9045
0008af2d3
0008b12e7
0008b22f7
0008b430b
04c0bd045
0008b631f
0008b9337
0008ba347
04d4d1045
04e8e5045
04fcf9045
05110d045
052521045
053935045
054d49045
05615d045
057571045
058985045
059d99045
000403fe1
001816121
002c2a261
00403e3a1
00100e0a1
0024221e1
003836321
00043300f
000434023
000435037
00043604b
00043705f
000438073
000439087
004c4a461
00605e5a1
0074726e1
008886821
00908e8a1
009a98941
00a4a29e1
00aeaca81
00b8b6b21
00c2c0bc1
00cccac61
009c9a961
00b0aeaa1
00c4c2be1
000441127
00044213b
00044314f
000444163
000445177
00044618b
00044719f
00d8d6d21
00eceae61
0100fefa1
0115130e1
011d1b161
012725201
01312f2a1
013b39341
0145433e1
014f4d481
015957521
012927221
013d3b361
01514f4a1
00044f23f
000450253
000451267
00045227b
00045328f
0004542a3
0004552b7
0165635e1
017977721
018d8b861
01a19f9a1
01a9a7a21
0004582f3
00045a31b
00045c343
0008bc35b
0008bd35f
0008bf373
0008c0383
0008c2397
05bbb7045
0008c53af
0008c73c3
0008c83d3
0008ca3e7
05cfcb045
0008cd3ff
0008cf013
0008d0023
0008d2037
05e3df045
0008d504f
0008d7063
0008d8073
0008da087
05f7f3045
0008dc09b
0008df0b3
0008e00c3
0008e20d7
040a07045
0008e50ef
0008e7103
0008e8113
0008ea127
041e1b045
0008ec13b
0008ef153
0008f0163
0008f2177
04322f045
0008f518f
0008f71a3
0008f81b3
0008fa1c7
044643045
0008fc1db
0008ff1f3
000900203
000902217
045a57045
00090522f
000907243
000908253
00090a267
046e6b045
00090c27b
00090f293
0009102a3
04827f045
049693045
04aaa7045
04bebb045
04d2cf045
04e6e3045
04faf7045
050f0b045
05231f045
053733045
054b47045
01b3b1ac1
01c7c5c01
01dbd9d41
01efede81
01bfbdb81
01d3d1cc1
01e7e5e01
00045e36b
00045f37f
000460393
0004613a7
0004623bb
0004633cf
0004643e3
01fbf9f41
000e0c081
0022201c1
003634301
003e3c381
004846421
0052504c1
005c5a561
006664601
00706e6a1
007a78741
004a48441
005e5c581
0072706c1
00046c083
00046d097
00046e0ab
00046f0bf
0004700d3
0004710e7
0004720fb
008684801
009a98941
00aeaca81
00c2c0bc1
00cac8c41
00d4d2ce1
00dedcd81
00e8e6e21
00f2f0ec1
00fcfaf61
010705001
00d6d4d01
00eae8e41
00fefcf81
00047a19b
00047b1af
00047c1c3
00047d1d7
00047e1eb
00047f1ff
000480213
0113110c1
012725201
013b39341
014f4d481
015755501
00048324f
000485277
00048729f
0009122b7
0009132bb
0009152cf
0009162df
0009182f3
056965045
00091b30b
00091d31f
00091e32f
000920343
057d79045
00092335b
00092536f
00092637f
000928393
05918d045
00092b3ab
00092d3bf
00092e3cf
0009303e3
05a5a1045
0009323f7
00093500f
00093601f
000938033
05b9b5045
00093b04b
00093d05f
00093e06f
000940083
05cdc9045
000942097
0009450af
0009460bf
0009480d3
05e1dd045
00094b0eb
00094d0ff
00094e10f
000950123
05f5f1045
000952137
00095514f
00095615f
000958173
040805045
00095b18b
00095d19f
00095e1af
0009601c3
041c19045
0009621d7
0009651ef
0009661ff
04302d045
044441045
045855045
046c69045
04807d045
049491045
04a8a5045
04bcb9045
04d0cd045
04e4e1045
04f8f5045
01615f5a1
0175736e1
018987821
019d9b961
016d6b661
01817f7a1
0195938e1
0004892c7
00048a2db
00048b2ef
00048c303
00048d317
00048e32b
00048f33f
01a9a7a21
01bdbbb61
01d1cfca1
01e5e3de1
01edebe61
01f7f5f01
0001fffa1
000a08041
0014120e1
001e1c181
002826221
01f9f7f21
000c0a061
00201e1a1
0004973df
0004983f3
000499007
00049a01b
00049b02f
00049c043
00049d057
0034322e1
004846421
005c5a561
00706e6a1
007876721
0082807c1
008c8a861
009694901
00a09e9a1
00aaa8a41
00b4b2ae1
0084827e1
009896921
00acaaa61
0004a50f7
0004a610b
0004a711f
0004a8133
0004a9147
0004aa15b
0004ab16f
00c0beba1
00d4d2ce1
00e8e6e21
00fcfaf61
010502fe1
0004ae1ab
0004b01d3
0004b21fb
000968213
000969217
00096b22b
00096c23b
00096e24f
051713045
000971267
00097327b
00097428b
00097629f
052b27045
0009792b7
00097b2cb
00097c2db
00097e2ef
053f3b045
000981307
00098331b
00098432b
00098633f
05534f045
000988353
00098b36b
00098c37b
00098e38f
056763045
0009913a7
0009933bb
0009943cb
0009963df
057b77045
0009983f3
00099b00b
00099c01b
00099e02f
058f8b045
0009a1047
0009a305b
0009a406b
0009a607f
05a39f045
0009a8093
0009ab0ab
0009ac0bb
0009ae0cf
05b7b3045
0009b10e7
0009b30fb
0009b410b
0009b611f
05cbc7045
0009b8133
0009bb14b
0009bc15b
05dfdb045
05f3ef045
040603045
041a17045
042e2b045
04423f045
045653045
046a67045
047e7b045
04928f045
04a6a3045
010f0d081
0123211c1
013735301
014b49441
011b19141
012f2d281
0143413c1
0004b4223
0004b5237
0004b624b
0004b725f
0004b8273
0004b9287
0004ba29b
015755501
016b69641
017f7d781
0193918c1
019b99941
01a5a39e1
01afada81
01b9b7b21
01c3c1bc1
01cdcbc61
01d7d5d01
01a7a5a01
01bbb9b41
01cfcdc81
0004c233b
0004c334f
0004c4363
0004c5377
0004c638b
0004c739f
0004c83b3
01e3e1dc1
01f7f5f01
000a08041
001e1c181
002624201
00302e2a1
003a38341
0044423e1
004e4c481
005856521
0062605c1
0032302c1
004644401
005a58541
0004d0053
0004d1067
0004d207b
0004d308f
0004d40a3
0004d50b7
0004d60cb
006e6c681
0082807c1
009694901
00aaa8a41
00b2b0ac1
0004d9107
0004db12f
0004dd157
0009be16f
0009bf173
0009c1187
0009c2197
0009c41ab
04c4c1045
0009c71c3
0009c91d7
0009ca1e7
0009cc1fb
04d8d5045
0009cf213
0009d1227
0009d2237
0009d424b
04ece9045
0009d7263
0009d9277
0009da287
0009dc29b
0500fd045
0009de2af
0009e12c7
0009e22d7
0009e42eb
051511045
0009e7303
0009e9317
0009ea327
0009ec33b
052925045
0009ee34f
0009f1367
0009f2377
0009f438b
053d39045
0009f73a3
0009f93b7
0009fa3c7
0009fc3db
05514d045
0009fe3ef
000a01007
000a02017
000a0402b
056561045
000a07043
000a09057
000a0a067
000a0c07b
057975045
000a0e08f
000a110a7
000a120b7
058d89045
05a19d045
05b5b1045
05c9c5045
05ddd9045
05f1ed045
040401045
041815045
042c29045
04403d045
045451045
00bcbab61
00d0ceca1
00e4e2de1
00f8f6f21
00c8c6c21
00dcdad61
00f0eeea1
0004df17f
0004e0193
0004e11a7
0004e21bb
0004e31cf
0004e41e3
0004e51f7
010502fe1
011917121
012d2b261
01413f3a1
014947421
0153514c1
015d5b561
016765601
01716f6a1
017b79741
0185837e1
0155534e1
016967621
017d7b761
0004ed297
0004ee2ab
0004ef2bf
0004f02d3
0004f12e7
0004f22fb
0004f330f
01918f8a1
01a5a39e1
01b9b7b21
01cdcbc61
01d5d3ce1
01dfddd81
01e9e7e21
01f3f1ec1
01fdfbf61
000604001
00100e0a1
01e1dfda1
01f5f3ee1
000806021
0004fb3af
0004fc3c3
0004fd3d7
0004fe3eb
0004ff3ff
000500013
000501027
001c1a161
00302e2a1
0044423e1
005856521
00605e5a1
000504063
00050608b
0005080b3
000a140cb
000a150cf
000a170e3
000a180f3
000a1a107
04726f045
000a1d11f
000a1f133
000a20143
000a22157
048683045
000a2516f
000a27183
000a28193
000a2a1a7
049a97045
000a2d1bf
000a2f1d3
000a301e3
000a321f7
04aeab045
000a3420b
000a37223
000a38233
000a3a247
04c2bf045
000a3d25f
000a3f273
000a40283
000a42297
04d6d3045
000a442ab
000a472c3
000a482d3
000a4a2e7
04eae7045
000a4d2ff
000a4f313
000a50323
000a52337
04fefb045
000a5434b
000a57363
000a58373
000a5a387
05130f045
000a5d39f
000a5f3b3
000a603c3
000a623d7
052723045
000a643eb
000a67003
000a68013
053b37045
054f4b045
05635f045
057773045
058b87045
059f9b045
05b3af045
05c7c3045
05dbd7045
05efeb045
0403ff045
006a68641
007e7c781
0092908c1
00a6a4a01
007674701
008a88841
009e9c981
00050a0db
00050b0ef
00050c103
00050d117
00050e12b
00050f13f
000510153
00b2b0ac1
00c6c4c01
00dad8d41
00eeece81
00f6f4f01
0100fefa1
010b09041
0115130e1
011f1d181
012927221
0133312c1
010300fc1
011715101
012b29241
0005181f3
000519207
00051a21b
00051b22f
00051c243
00051d257
00051e26b
013f3d381
0153514c1
016765601
017b79741
0183817c1
018d8b861
019795901
01a19f9a1
01aba9a41
01b5b3ae1
01bfbdb81
018f8d881
01a3a19c1
01b7b5b01
00052630b
00052731f
000528333
000529347
00052a35b
00052b36f
00052c383
01cbc9c41
01dfddd81
01f3f1ec1
000604001
000e0c081
00052f3bf
0005313e7
00053300f
000a6a027
000a6b02b
000a6d03f
000a6e04f
000a70063
04201d045
000a7307b
000a7508f
000a7609f
000a780b3
043431045
000a7b0cb
000a7d0df
000a7e0ef
000a80103
044845045
000a8311b
000a8512f
000a8613f
000a88153
045c59045
000a8a167
000a8d17f
000a8e18f
000a901a3
04706d045
000a931bb
000a951cf
000a961df
000a981f3
048481045
000a9a207
000a9d21f
000a9e22f
000aa0243
049895045
000aa325b
000aa526f
000aa627f
000aa8293
04aca9045
000aaa2a7
000aad2bf
000aae2cf
000ab02e3
04c0bd045
000ab32fb
000ab530f
000ab631f
000ab8333
04d4d1045
000aba347
000abd35f
000abe36f
04e8e5045
04fcf9045
05110d045
052521045
053935045
054d49045
05615d045
057571045
058985045
059d99045
05b1ad045
001816121
002c2a261
00403e3a1
0054524e1
0024221e1
003836321
004c4a461
000535037
00053604b
00053705f
000538073
000539087
00053a09b
00053b0af
00605e5a1
0074726e1
008886821
009c9a961
00a4a29e1
00aeaca81
00b8b6b21
00c2c0bc1
00cccac61
00d6d4d01
00e0deda1
00b0aeaa1
00c4c2be1
00d8d6d21
00054314f
000544163
000545177
00054618b
00054719f
0005481b3
0005491c7
00eceae61
0100fefa1
0115130e1
012927221
01312f2a1
013b39341
0145433e1
014f4d481
015957521
0163615c1
016d6b661
013d3b361
01514f4a1
0165635e1
000551267
00055227b
00055328f
0005542a3
0005552b7
0005562cb
0005572df
017977721
018d8b861
01a19f9a1
01b5b3ae1
01bdbbb61
00055a31b
00055c343
00055e36b
000ac0383
000ac1387
000ac339b
000ac43ab
000ac63bf
05cfcb045
000ac93d7
000acb3eb
000acc3fb
000ace00f
05e3df045
000ad1027
000ad303b
000ad404b
000ad605f
05f7f3045
000ad9077
000adb08b
000adc09b
000ade0af
040a07045
000ae00c3
000ae30db
000ae40eb
000ae60ff
041e1b045
000ae9117
000aeb12b
000aec13b
000aee14f
04322f045
000af0163
000af317b
000af418b
000af619f
044643045
000af91b7
000afb1cb
000afc1db
000afe1ef
045a57045
000b00203
000b0321b
000b0422b
000b0623f
046e6b045
000b09257
000b0b26b
000b0c27b
000b0e28f
04827f045
000b102a3
000b132bb
000b142cb
049693045
04aaa7045
04bebb045
04d2cf045
04e6e3045
04faf7045
050f0b045
05231f045
053733045
054b47045
055f5b045
01c7c5c01
01dbd9d41
01efede81
000201fc1
01d3d1cc1
01e7e5e01
01fbf9f41
000560393
0005613a7
0005623bb
0005633cf
0005643e3
0005653f7
00056600b
000e0c081
0022201c1
003634301
004a48441
0052504c1
005c5a561
006664601
00706e6a1
007a78741
0084827e1
008e8c881
005e5c581
0072706c1
008684801
00056e0ab
00056f0bf
0005700d3
0005710e7
0005720fb
00057310f
000574123
009a98941
00aeaca81
00c2c0bc1
00d6d4d01
00dedcd81
00e8e6e21
00f2f0ec1
00fcfaf61
010705001
01110f0a1
011b19141
00eae8e41
00fefcf81
0113110c1
00057c1c3
00057d1d7
00057e1eb
00057f1ff
000580213
000581227
00058223b
012725201
013b39341
014f4d481
0163615c1
016b69641
000585277
00058729f
0005892c7
000b162df
000b172e3
000b192f7
000b1a307
000b1c31b
057d79045
000b1f333
000b21347
000b22357
000b2436b
05918d045
000b27383
000b29397
000b2a3a7
000b2c3bb
05a5a1045
000b2f3d3
000b313e7
000b323f7
000b3400b
05b9b5045
000b3601f
000b39037
000b3a047
000b3c05b
05cdc9045
000b3f073
000b41087
000b42097
000b440ab
05e1dd045
000b460bf
000b490d7
000b4a0e7
000b4c0fb
05f5f1045
000b4f113
000b51127
000b52137
000b5414b
040805045
000b5615f
000b59177
000b5a187
000b5c19b
041c19045
000b5f1b3
000b611c7
000b621d7
000b641eb
04302d045
000b661ff
000b69217
000b6a227
044441045
045855045
046c69045
04807d045
049491045
04a8a5045
04bcb9045
04d0cd045
04e4e1045
04f8f5045
050d09045
0175736e1
018987821
019d9b961
01b1afaa1
01817f7a1
0195938e1
01a9a7a21
00058b2ef
00058c303
00058d317
00058e32b
00058f33f
000590353
000591367
01bdbbb61
01d1cfca1
01e5e3de1
01f9f7f21
0001fffa1
000a08041
0014120e1
001e1c181
002826221
0032302c1
003c3a361
000c0a061
00201e1a1
0034322e1
000599007
00059a01b
00059b02f
00059c043
00059d057
00059e06b
00059f07f
004846421
005c5a561
00706e6a1
0084827e1
008c8a861
009694901
00a09e9a1
00aaa8a41
00b4b2ae1
00bebcb81
00c8c6c21
009896921
00acaaa61
00c0beba1
0005a711f
0005a8133
0005a9147
0005aa15b
0005ab16f
0005ac183
0005ad197
00d4d2ce1
00e8e6e21
00fcfaf61
01110f0a1
011917121
0005b01d3
0005b21fb
0005b4223
000b6c23b
000b6d23f
000b6f253
000b70263
000b72277
052b27045
000b7528f
000b772a3
000b782b3
000b7a2c7
053f3b045
000b7d2df
000b7f2f3
000b80303
000b82317
05534f045
000b8532f
000b87343
000b88353
000b8a367
056763045
000b8c37b
000b8f393
000b903a3
000b923b7
057b77045
000b953cf
000b973e3
000b983f3
000b9a007
058f8b045
000b9c01b
000b9f033
000ba0043
000ba2057
05a39f045
000ba506f
000ba7083
000ba8093
000baa0a7
05b7b3045
000bac0bb
000baf0d3
000bb00e3
000bb20f7
05cbc7045
000bb510f
000bb7123
000bb8133
000bba147
05dfdb045
000bbc15b
000bbf173
000bc0183
05f3ef045
040603045
041a17045
042e2b045
04423f045
045653045
046a67045
047e7b045
04928f045
04a6a3045
04bab7045
0123211c1
013735301
014b49441
015f5d581
012f2d281
0143413c1
015755501
0005b624b
0005b725f
0005b8273
0005b9287
0005ba29b
0005bb2af
0005bc2c3
016b69641
017f7d781
0193918c1
01a7a5a01
01afada81
01b9b7b21
01c3c1bc1
01cdcbc61
01d7d5d01
01e1dfda1
01ebe9e41
01bbb9b41
01cfcdc81
01e3e1dc1
0005c4363
0005c5377
0005c638b
0005c739f
0005c83b3
0005c93c7
0005ca3db
01f7f5f01
000a08041
001e1c181
0032302c1
003a38341
0044423e1
004e4c481
005856521
0062605c1
006c6a661
007674701
004644401
005a58541
006e6c681
0005d207b
0005d308f
0005d40a3
0005d50b7
0005d60cb
0005d70df
0005d80f3
0082807c1
009694901
00aaa8a41
00bebcb81
00c6c4c01
0005db12f
0005dd157
0005df17f
000bc2197
000bc319b
000bc51af
000bc61bf
000bc81d3
04d8d5045
000bcb1eb
000bcd1ff
000bce20f
000bd0223
04ece9045
000bd323b
000bd524f
000bd625f
000bd8273
0500fd045
000bdb28b
000bdd29f
000bde2af
000be02c3
051511045
000be22d7
000be52ef
000be62ff
000be8313
052925045
000beb32b
000bed33f
000bee34f
000bf0363
053d39045
000bf2377
000bf538f
000bf639f
000bf83b3
05514d045
000bfb3cb
000bfd3df
000bfe3ef
000c00003
056561045
000c02017
000c0502f
000c0603f
000c08053
057975045
000c0b06b
000c0d07f
000c0e08f
000c100a3
058d89045
000c120b7
000c150cf
000c160df
05a19d045
05b5b1045
05c9c5045
05ddd9045
05f1ed045
040401045
041815045
042c29045
04403d045
045451045
046865045
00d0ceca1
00e4e2de1
00f8f6f21
010d0b061
00dcdad61
00f0eeea1
010502fe1
0005e11a7
0005e21bb
0005e31cf
0005e41e3
0005e51f7
0005e620b
0005e721f
011917121
012d2b261
01413f3a1
0155534e1
015d5b561
016765601
01716f6a1
017b79741
0185837e1
018f8d881
019997921
016967621
017d7b761
01918f8a1
0005ef2bf
0005f02d3
0005f12e7
0005f22fb
0005f330f
0005f4323
0005f5337
01a5a39e1
01b9b7b21
01cdcbc61
01e1dfda1
01e9e7e21
01f3f1ec1
01fdfbf61
000604001
00100e0a1
001a18141
0024221e1
01f5f3ee1
000806021
001c1a161
0005fd3d7
0005fe3eb
0005ff3ff
000600013
000601027
00060203b
00060304f
00302e2a1
0044423e1
005856521
006c6a661
0074726e1
00060608b
0006080b3
00060a0db
000c180f3
000c190f7
000c1b10b
000c1c11b
000c1e12f
048683045
000c21147
000c2315b
000c2416b
000c2617f
049a97045
000c29197
000c2b1ab
000c2c1bb
000c2e1cf
04aeab045
000c311e7
000c331fb
000c3420b
000c3621f
04c2bf045
000c38233
000c3b24b
000c3c25b
000c3e26f
04d6d3045
000c41287
000c4329b
000c442ab
000c462bf
04eae7045
000c482d3
000c4b2eb
000c4c2fb
000c4e30f
04fefb045
000c51327
000c5333b
000c5434b
000c5635f
05130f045
000c58373
000c5b38b
000c5c39b
000c5e3af
052723045
000c613c7
000c633db
000c643eb
000c663ff
053b37045
000c68013
000c6b02b
000c6c03b
054f4b045
05635f045
057773045
058b87045
059f9b045
05b3af045
05c7c3045
05dbd7045
05efeb045
0403ff045
041613045
007e7c781
0092908c1
00a6a4a01
00bab8b41
008a88841
009e9c981
00b2b0ac1
00060c103
00060d117
00060e12b
00060f13f
000610153
000611167
00061217b
00c6c4c01
00dad8d41
00eeece81
010300fc1
010b09041
0115130e1
011f1d181
012927221
0133312c1
013d3b361
014745401
011715101
012b29241
013f3d381
00061a21b
00061b22f
00061c243
00061d257
00061e26b
00061f27f
000620293
0153514c1
016765601
017b79741
018f8d881
019795901
01a19f9a1
01aba9a41
01b5b3ae1
01bfbdb81
01c9c7c21
01d3d1cc1
01a3a19c1
01b7b5b01
01cbc9c41
000628333
000629347
00062a35b
00062b36f
00062c383
00062d397
00062e3ab
01dfddd81
01f3f1ec1
000604001
001a18141
0022201c1
0006313e7
00063300f
000635037
000c6e04f
000c6f053
000c71067
000c72077
000c7408b
043431045
000c770a3
000c790b7
000c7a0c7
000c7c0db
044845045
000c7f0f3
000c81107
000c82117
000c8412b
045c59045
000c87143
000c89157
000c8a167
000c8c17b
04706d045
000c8e18f
000c911a7
000c921b7
000c941cb
048481045
000c971e3
000c991f7
000c9a207
000c9c21b
049895045
000c9e22f
000ca1247
000ca2257
000ca426b
04aca9045
000ca7283
000ca9297
000caa2a7
000cac2bb
04c0bd045
000cae2cf
000cb12e7
000cb22f7
000cb430b
04d4d1045
000cb7323
000cb9337
000cba347
000cbc35b
04e8e5045
000cbe36f
000cc1387
000cc2397
04fcf9045
05110d045
052521045
053935045
054d49045
05615d045
057571045
058985045
059d99045
05b1ad045
05c5c1045
002c2a261
00403e3a1
0054524e1
006866621
003836321
004c4a461
00605e5a1
00063705f
000638073
000639087
00063a09b
00063b0af
00063c0c3
00063d0d7
0074726e1
008886821
009c9a961
00b0aeaa1
00b8b6b21
00c2c0bc1
00cccac61
00d6d4d01
00e0deda1
00eae8e41
00f4f2ee1
00c4c2be1
00d8d6d21
00eceae61
000645177
00064618b
00064719f
0006481b3
0006491c7
00064a1db
00064b1ef
0100fefa1
0115130e1
012927221
013d3b361
0145433e1
014f4d481
015957521
0163615c1
016d6b661
017775701
01817f7a1
01514f4a1
0165635e1
017977721
00065328f
0006542a3
0006552b7
0006562cb
0006572df
0006582f3
000659307
018d8b861
01a19f9a1
01b5b3ae1
01c9c7c21
01d1cfca1
00065c343
00065e36b
000660393
000cc43ab
000cc53af
000cc73c3
000cc83d3
000cca3e7
05e3df045
000ccd3ff
000ccf013
000cd0023
000cd2037
05f7f3045
000cd504f
000cd7063
000cd8073
000cda087
040a07045
000cdd09f
000cdf0b3
000ce00c3
000ce20d7
041e1b045
000ce40eb
000ce7103
000ce8113
000cea127
04322f045
000ced13f
000cef153
000cf0163
000cf2177
044643045
000cf418b
000cf71a3
000cf81b3
000cfa1c7
045a57045
000cfd1df
000cff1f3
000d00203
000d02217
046e6b045
000d0422b
000d07243
000d08253
000d0a267
04827f045
000d0d27f
000d0f293
000d102a3
000d122b7
049693045
000d142cb
000d172e3
000d182f3
04aaa7045
04bebb045
04d2cf045
04e6e3045
04faf7045
050f0b045
05231f045
053733045
054b47045
055f5b045
05736f045
01dbd9d41
01efede81
000201fc1
001614101
01e7e5e01
01fbf9f41
000e0c081
0006623bb
0006633cf
0006643e3
0006653f7
00066600b
00066701f
000668033
0022201c1
003634301
004a48441
005e5c581
006664601
00706e6a1
007a78741
0084827e1
008e8c881
009896921
00a2a09c1
0072706c1
008684801
009a98941
0006700d3
0006710e7
0006720fb
00067310f
000674123
000675137
00067614b
00aeaca81
00c2c0bc1
00d6d4d01
00eae8e41
00f2f0ec1
00fcfaf61
010705001
01110f0a1
011b19141
0125231e1
012f2d281
00fefcf81
0113110c1
012725201
00067e1eb
00067f1ff
000680213
000681227
00068223b
00068324f
000684263
013b39341
014f4d481
0163615c1
017775701
017f7d781
00068729f
0006892c7
00068b2ef
000d1a307
000d1b30b
000d1d31f
000d1e32f
000d20343
05918d045
000d2335b
000d2536f
000d2637f
000d28393
05a5a1045
000d2b3ab
000d2d3bf
000d2e3cf
000d303e3
05b9b5045
000d333fb
000d3500f
000d3601f
000d38033
05cdc9045
000d3a047
000d3d05f
000d3e06f
000d40083
05e1dd045
000d4309b
000d450af
000d460bf
000d480d3
05f5f1045
000d4a0e7
000d4d0ff
000d4e10f
000d50123
040805045
000d5313b
000d5514f
000d5615f
000d58173
041c19045
000d5a187
000d5d19f
000d5e1af
000d601c3
04302d045
000d631db
000d651ef
000d661ff
000d68213
044441045
000d6a227
000d6d23f
000d6e24f
045855045
046c69045
04807d045
049491045
04a8a5045
04bcb9045
04d0cd045
04e4e1045
04f8f5045
050d09045
05211d045
018987821
019d9b961
01b1afaa1
01c5c3be1
0195938e1
01a9a7a21
01bdbbb61
00068d317
00068e32b
00068f33f
000690353
000691367
00069237b
00069338f
01d1cfca1
01e5e3de1
01f9f7f21
000c0a061
0014120e1
001e1c181
002826221
0032302c1
003c3a361
004644401
00504e4a1
00201e1a1
0034322e1
004846421
00069b02f
00069c043
00069d057
00069e06b
00069f07f
0006a0093
0006a10a7
005c5a561
00706e6a1
0084827e1
009896921
00a09e9a1
00aaa8a41
00b4b2ae1
00bebcb81
00c8c6c21
00d2d0cc1
00dcdad61
00acaaa61
00c0beba1
00d4d2ce1
0006a9147
0006aa15b
0006ab16f
0006ac183
0006ad197
0006ae1ab
0006af1bf
00e8e6e21
00fcfaf61
01110f0a1
0125231e1
012d2b261
0006b21fb
0006b4223
0006b624b
000d70263
000d71267
000d7327b
000d7428b
000d7629f
053f3b045
000d792b7
000d7b2cb
000d7c2db
000d7e2ef
05534f045
000d81307
000d8331b
000d8432b
000d8633f
056763045
000d89357
000d8b36b
000d8c37b
000d8e38f
057b77045
000d903a3
000d933bb
000d943cb
000d963df
058f8b045
000d993f7
000d9b00b
000d9c01b
000d9e02f
05a39f045
000da0043
000da305b
000da406b
000da607f
05b7b3045
000da9097
000dab0ab
000dac0bb
000dae0cf
05cbc7045
000db00e3
000db30fb
000db410b
000db611f
05dfdb045
000db9137
000dbb14b
000dbc15b
000dbe16f
05f3ef045
000dc0183
000dc319b
000dc41ab
040603045
041a17045
042e2b045
04423f045
045653045
046a67045
047e7b045
04928f045
04a6a3045
04bab7045
04cecb045
013735301
014b49441
015f5d581
0173716c1
0143413c1
015755501
016b69641
0006b8273
0006b9287
0006ba29b
0006bb2af
0006bc2c3
0006bd2d7
0006be2eb
017f7d781
0193918c1
01a7a5a01
01bbb9b41
01c3c1bc1
01cdcbc61
01d7d5d01
01e1dfda1
01ebe9e41
01f5f3ee1
01fffdf81
01cfcdc81
01e3e1dc1
01f7f5f01
0006c638b
0006c739f
0006c83b3
0006c93c7
0006ca3db
0006cb3ef
0006cc003
000a08041
001e1c181
0032302c1
004644401
004e4c481
005856521
0062605c1
006c6a661
007674701
00807e7a1
008a88841
005a58541
006e6c681
0082807c1
0006d40a3
0006d50b7
0006d60cb
0006d70df
0006d80f3
0006d9107
0006da11b
009694901
00aaa8a41
00bebcb81
00d2d0cc1
00dad8d41
0006dd157
0006df17f
0006e11a7
000dc61bf
000dc71c3
000dc91d7
000dca1e7
000dcc1fb
04ece9045
000dcf213
000dd1227
000dd2237
000dd424b
0500fd045
000dd7263
000dd9277
000dda287
000ddc29b
051511045
000ddf2b3
000de12c7
000de22d7
000de42eb
052925045
000de62ff
000de9317
000dea327
000dec33b
053d39045
000def353
000df1367
000df2377
000df438b
05514d045
000df639f
000df93b7
000dfa3c7
000dfc3db
056561045
000dff3f3
000e01007
000e02017
000e0402b
057975045
000e0603f
000e09057
000e0a067
000e0c07b
058d89045
000e0f093
000e110a7
000e120b7
000e140cb
05a19d045
000e160df
000e190f7
000e1a107
05b5b1045
05c9c5045
05ddd9045
05f1ed045
040401045
041815045
042c29045
04403d045
045451045
046865045
047c79045
00e4e2de1
00f8f6f21
010d0b061
01211f1a1
00f0eeea1
010502fe1
011917121
0006e31cf
0006e41e3
0006e51f7
0006e620b
0006e721f
0006e8233
0006e9247
012d2b261
01413f3a1
0155534e1
016967621
01716f6a1
017b79741
0185837e1
018f8d881
019997921
01a3a19c1
01adaba61
017d7b761
01918f8a1
01a5a39e1
0006f12e7
0006f22fb
0006f330f
0006f4323
0006f5337
0006f634b
0006f735f
01b9b7b21
01cdcbc61
01e1dfda1
01f5f3ee1
01fdfbf61
000604001
00100e0a1
001a18141
0024221e1
002e2c281
003836321
000806021
001c1a161
00302e2a1
0006ff3ff
000700013
000701027
00070203b
00070304f
000704063
000705077
0044423e1
005856521
006c6a661
00807e7a1
008886821
0007080b3
00070a0db
00070c103
000e1c11b
000e1d11f
000e1f133
000e20143
000e22157
049a97045
000e2516f
000e27183
000e28193
000e2a1a7
04aeab045
000e2d1bf
000e2f1d3
000e301e3
000e321f7
04c2bf045
000e3520f
000e37223
000e38233
000e3a247
04d6d3045
000e3c25b
000e3f273
000e40283
000e42297
04eae7045
000e452af
000e472c3
000e482d3
000e4a2e7
04fefb045
000e4c2fb
000e4f313
000e50323
000e52337
05130f045
000e5534f
000e57363
000e58373
000e5a387
052723045
000e5c39b
000e5f3b3
000e603c3
000e623d7
053b37045
000e653ef
000e67003
000e68013
000e6a027
054f4b045
000e6c03b
000e6f053
000e70063
05635f045
057773045
058b87045
059f9b045
05b3af045
05c7c3045
05dbd7045
05efeb045
0403ff045
041613045
042a27045
0092908c1
00a6a4a01
00bab8b41
00ceccc81
009e9c981
00b2b0ac1
00c6c4c01
00070e12b
00070f13f
000710153
000711167
00071217b
00071318f
0007141a3
00dad8d41
00eeece81
010300fc1
011715101
011f1d181
012927221
0133312c1
013d3b361
014745401
01514f4a1
015b59541
012b29241
013f3d381
0153514c1
00071c243
00071d257
00071e26b
00071f27f
000720293
0007212a7
0007222bb
016765601
017b79741
018f8d881
01a3a19c1
01aba9a41
01b5b3ae1
01bfbdb81
01c9c7c21
01d3d1cc1
01dddbd61
01e7e5e01
01b7b5b01
01cbc9c41
01dfddd81
00072a35b
00072b36f
00072c383
00072d397
00072e3ab
00072f3bf
0007303d3
01f3f1ec1
000604001
001a18141
002e2c281
003634301
00073300f
000735037
00073705f
000e72077
000e7307b
000e7508f
000e7609f
000e780b3
044845045
000e7b0cb
000e7d0df
000e7e0ef
000e80103
045c59045
000e8311b
000e8512f
000e8613f
000e88153
04706d045
000e8b16b
000e8d17f
000e8e18f
000e901a3
048481045
000e921b7
000e951cf
000e961df
000e981f3
049895045
000e9b20b
000e9d21f
000e9e22f
000ea0243
04aca9045
000ea2257
000ea526f
000ea627f
000ea8293
04c0bd045
000eab2ab
000ead2bf
000eae2cf
000eb02e3
04d4d1045
000eb22f7
000eb530f
000eb631f
000eb8333
04e8e5045
000ebb34b
000ebd35f
000ebe36f
000ec0383
04fcf9045
000ec2397
000ec53af
000ec63bf
05110d045
052521045
053935045
054d49045
05615d045
057571045
058985045
059d99045
05b1ad045
05c5c1045
05d9d5045
00403e3a1
0054524e1
006866621
007c7a761
004c4a461
00605e5a1
0074726e1
000739087
00073a09b
00073b0af
00073c0c3
00073d0d7
00073e0eb
00073f0ff
008886821
009c9a961
00b0aeaa1
00c4c2be1
00cccac61
00d6d4d01
00e0deda1
00eae8e41
00f4f2ee1
00fefcf81
010907021
00d8d6d21
00eceae61
0100fefa1
00074719f
0007481b3
0007491c7
00074a1db
00074b1ef
00074c203
00074d217
0115130e1
012927221
013d3b361
01514f4a1
015957521
0163615c1
016d6b661
017775701
01817f7a1
018b89841
0195938e1
0165635e1
017977721
018d8b861
0007552b7
0007562cb
0007572df
0007582f3
000759307
00075a31b
00075b32f
01a19f9a1
01b5b3ae1
01c9c7c21
01dddbd61
01e5e3de1
00075e36b
000760393
0007623bb
000ec83d3
000ec93d7
000ecb3eb
000ecc3fb
000ece00f
05f7f3045
000ed1027
000ed303b
000ed404b
000ed605f
040a07045
000ed9077
000edb08b
000edc09b
000ede0af
041e1b045
000ee10c7
000ee30db
000ee40eb
000ee60ff
04322f045
000ee8113
000eeb12b
000eec13b
000eee14f
044643045
000ef1167
000ef317b
000ef418b
000ef619f
045a57045
000ef81b3
000efb1cb
000efc1db
000efe1ef
046e6b045
000f01207
000f0321b
000f0422b
000f0623f
04827f045
000f08253
000f0b26b
000f0c27b
000f0e28f
049693045
000f112a7
000f132bb
000f142cb
000f162df
04aaa7045
000f182f3
000f1b30b
000f1c31b
04bebb045
04d2cf045
04e6e3045
04faf7045
050f0b045
05231f045
053733045
054b47045
055f5b045
05736f045
058783045
01efede81
000201fc1
001614101
002a28241
01fbf9f41
000e0c081
0022201c1
0007643e3
0007653f7
00076600b
00076701f
000768033
000769047
00076a05b
003634301
004a48441
005e5c581
0072706c1
007a78741
0084827e1
008e8c881
009896921
00a2a09c1
00acaaa61
00b6b4b01
008684801
009a98941
00aeaca81
0007720fb
00077310f
000774123
000775137
00077614b
00077715f
000778173
00c2c0bc1
00d6d4d01
00eae8e41
00fefcf81
010705001
01110f0a1
011b19141
0125231e1
012f2d281
013937321
0143413c1
0113110c1
012725201
013b39341
000780213
000781227
00078223b
00078324f
000784263
000785277
00078628b
014f4d481
0163615c1
017775701
018b89841
0193918c1
0007892c7
00078b2ef
00078d317
000f1e32f
000f1f333
000f21347
000f22357
000f2436b
05a5a1045
000f27383
000f29397
000f2a3a7
000f2c3bb
05b9b5045
000f2f3d3
000f313e7
000f323f7
000f3400b
05cdc9045
000f37023
000f39037
000f3a047
000f3c05b
05e1dd045
000f3e06f
000f41087
000f42097
000f440ab
05f5f1045
000f470c3
000f490d7
000f4a0e7
000f4c0fb
040805045
000f4e10f
000f51127
000f52137
000f5414b
041c19045
000f57163
000f59177
000f5a187
000f5c19b
04302d045
000f5e1af
000f611c7
000f621d7
000f641eb
044441045
000f67203
000f69217
000f6a227
000f6c23b
045855045
000f6e24f
000f71267
000f72277
046c69045
04807d045
049491045
04a8a5045
04bcb9045
04d0cd045
04e4e1045
04f8f5045
050d09045
05211d045
053531045
019d9b961
01b1afaa1
01c5c3be1
01d9d7d21
01a9a7a21
01bdbbb61
01d1cfca1
00078f33f
000790353
000791367
00079237b
00079338f
0007943a3
0007953b7
01e5e3de1
01f9f7f21
000c0a061
00201e1a1
002826221
0032302c1
003c3a361
004644401
00504e4a1
005a58541
0064625e1
0034322e1
004846421
005c5a561
00079d057
00079e06b
00079f07f
0007a0093
0007a10a7
0007a20bb
0007a30cf
00706e6a1
0084827e1
009896921
00acaaa61
00b4b2ae1
00bebcb81
00c8c6c21
00d2d0cc1
00dcdad61
00e6e4e01
00f0eeea1
00c0beba1
00d4d2ce1
00e8e6e21
0007ab16f
0007ac183
0007ad197
0007ae1ab
0007af1bf
0007b01d3
0007b11e7
00fcfaf61
01110f0a1
0125231e1
013937321
01413f3a1
0007b4223
0007b624b
0007b8273
000f7428b
000f7528f
000f772a3
000f782b3
000f7a2c7
05534f045
000f7d2df
000f7f2f3
000f80303
000f82317
056763045
000f8532f
000f87343
000f88353
000f8a367
057b77045
000f8d37f
000f8f393
000f903a3
000f923b7
058f8b045
000f943cb
000f973e3
000f983f3
000f9a007
05a39f045
000f9d01f
000f9f033
000fa0043
000fa2057
05b7b3045
000fa406b
000fa7083
000fa8093
000faa0a7
05cbc7045
000fad0bf
000faf0d3
000fb00e3
000fb20f7
05dfdb045
000fb410b
000fb7123
000fb8133
000fba147
05f3ef045
000fbd15f
000fbf173
000fc0183
000fc2197
040603045
000fc41ab
000fc71c3
000fc81d3
041a17045
042e2b045
04423f045
045653045
046a67045
047e7b045
04928f045
04a6a3045
04bab7045
04cecb045
04e2df045
014b49441
015f5d581
0173716c1
018785801
015755501
016b69641
017f7d781
0007ba29b
0007bb2af
0007bc2c3
0007bd2d7
0007be2eb
0007bf2ff
0007c0313
0193918c1
01a7a5a01
01bbb9b41
01cfcdc81
01d7d5d01
01e1dfda1
01ebe9e41
01f5f3ee1
01fffdf81
000806021
0012100c1
01e3e1dc1
01f7f5f01
000a08041
0007c83b3
0007c93c7
0007ca3db
0007cb3ef
0007cc003
0007cd017
0007ce02b
001e1c181
0032302c1
004644401
005a58541
0062605c1
006c6a661
007674701
00807e7a1
008a88841
0094928e1
009e9c981
006e6c681
0082807c1
009694901
0007d60cb
0007d70df
0007d80f3
0007d9107
0007da11b
0007db12f
0007dc143
00aaa8a41
00bebcb81
00d2d0cc1
00e6e4e01
00eeece81
0007df17f
0007e11a7
0007e31cf
000fca1e7
000fcb1eb
000fcd1ff
000fce20f
000fd0223
0500fd045
000fd323b
000fd524f
000fd625f
000fd8273
051511045
000fdb28b
000fdd29f
000fde2af
000fe02c3
052925045
000fe32db
000fe52ef
000fe62ff
000fe8313
053d39045
000fea327
000fed33f
000fee34f
000ff0363
05514d045
000ff337b
000ff538f
000ff639f
000ff83b3
056561045
000ffa3c7
000ffd3df
000ffe3ef
001000003
057975045
00100301b
00100502f
00100603f
001008053
058d89045
00100a067
00100d07f
00100e08f
0010100a3
05a19d045
0010130bb
0010150cf
0010160df
0010180f3
05b5b1045
00101a107
00101d11f
00101e12f
05c9c5045
05ddd9045
05f1ed045
040401045
041815045
042c29045
04403d045
045451045
046865045
047c79045
04908d045
00f8f6f21
010d0b061
01211f1a1
0135332e1
010502fe1
011917121
012d2b261
0007e51f7
0007e620b
0007e721f
0007e8233
0007e9247
0007ea25b
0007eb26f
01413f3a1
0155534e1
016967621
017d7b761
0185837e1
018f8d881
019997921
01a3a19c1
01adaba61
01b7b5b01
01c1bfba1
01918f8a1
01a5a39e1
01b9b7b21
0007f330f
0007f4323
0007f5337
0007f634b
0007f735f
0007f8373
0007f9387
01cdcbc61
01e1dfda1
01f5f3ee1
000806021
00100e0a1
001a18141
0024221e1
002e2c281
003836321
0042403c1
004c4a461
001c1a161
00302e2a1
0044423e1
000801027
00080203b
00080304f
000804063
000805077
00080608b
00080709f
005856521
006c6a661
00807e7a1
0094928e1
009c9a961
00080a0db
00080c103
00080e12b
001020143
001021147
00102315b
00102416b
00102617f
04aeab045
001029197
00102b1ab
00102c1bb
00102e1cf
04c2bf045
0010311e7
0010331fb
00103420b
00103621f
04d6d3045
001039237
00103b24b
00103c25b
00103e26f
04eae7045
001040283
00104329b
0010442ab
0010462bf
04fefb045
0010492d7
00104b2eb
00104c2fb
00104e30f
05130f045
001050323
00105333b
00105434b
00105635f
052723045
001059377
00105b38b
00105c39b
00105e3af
053b37045
0010603c3
0010633db
0010643eb
0010663ff
054f4b045
001069017
00106b02b
00106c03b
00106e04f
05635f045
001070063
00107307b
00107408b
057773045
058b87045
059f9b045
05b3af045
05c7c3045
05dbd7045
05efeb045
0403ff045
041613045
042a27045
043e3b045
00a6a4a01
00bab8b41
00ceccc81
00e2e0dc1
00b2b0ac1
00c6c4c01
00dad8d41
000810153
000811167
00081217b
00081318f
0008141a3
0008151b7
0008161cb
00eeece81
010300fc1
011715101
012b29241
0133312c1
013d3b361
014745401
01514f4a1
015b59541
0165635e1
016f6d681
013f3d381
0153514c1
016765601
00081e26b
00081f27f
000820293
0008212a7
0008222bb
0008232cf
0008242e3
017b79741
018f8d881
01a3a19c1
01b7b5b01
01bfbdb81
01c9c7c21
01d3d1cc1
01dddbd61
01e7e5e01
01f1efea1
01fbf9f41
01cbc9c41
01dfddd81
01f3f1ec1
00082c383
00082d397
00082e3ab
00082f3bf
0008303d3
0008313e7
0008323fb
000604001
001a18141
002e2c281
0042403c1
004a48441
000835037
00083705f
000839087
00107609f
0010770a3
0010790b7
00107a0c7
00107c0db
045c59045
00107f0f3
001081107
001082117
00108412b
04706d045
001087143
001089157
00108a167
00108c17b
048481045
00108f193
0010911a7
0010921b7
0010941cb
049895045
0010961df
0010991f7
00109a207
00109c21b
04aca9045
00109f233
0010a1247
0010a2257
0010a426b
04c0bd045
0010a627f
0010a9297
0010aa2a7
0010ac2bb
04d4d1045
0010af2d3
0010b12e7
0010b22f7
0010b430b
04e8e5045
0010b631f
0010b9337
0010ba347
0010bc35b
04fcf9045
0010bf373
0010c1387
0010c2397
0010c43ab
05110d045
0010c63bf
0010c93d7
0010ca3e7
052521045
053935045
054d49045
05615d045
057571045
058985045
059d99045
05b1ad045
05c5c1045
05d9d5045
05ede9045
0054524e1
006866621
007c7a761
00908e8a1
00605e5a1
0074726e1
008886821
00083b0af
00083c0c3
00083d0d7
00083e0eb
00083f0ff
000840113
000841127
009c9a961
00b0aeaa1
00c4c2be1
00d8d6d21
00e0deda1
00eae8e41
00f4f2ee1
00fefcf81
010907021
0113110c1
011d1b161
00eceae61
0100fefa1
0115130e1
0008491c7
00084a1db
00084b1ef
00084c203
00084d217
00084e22b
00084f23f
012927221
013d3b361
01514f4a1
0165635e1
016d6b661
017775701
01817f7a1
018b89841
0195938e1
019f9d981
01a9a7a21
017977721
018d8b861
01a19f9a1
0008572df
0008582f3
000859307
00085a31b
00085b32f
00085c343
00085d357
01b5b3ae1
01c9c7c21
01dddbd61
01f1efea1
01f9f7f21
000860393
0008623bb
0008643e3
0010cc3fb
0010cd3ff
0010cf013
0010d0023
0010d2037
040a07045
0010d504f
0010d7063
0010d8073
0010da087
041e1b045
0010dd09f
0010df0b3
0010e00c3
0010e20d7
04322f045
0010e50ef
0010e7103
0010e8113
0010ea127
044643045
0010ec13b
0010ef153
0010f0163
0010f2177
045a57045
0010f518f
0010f71a3
0010f81b3
0010fa1c7
046e6b045
0010fc1db
0010ff1f3
001100203
001102217
04827f045
00110522f
001107243
001108253
00110a267
049693045
00110c27b
00110f293
0011102a3
0011122b7
04aaa7045
0011152cf
0011172e3
0011182f3
00111a307
04bebb045
00111c31b
00111f333
001120343
04d2cf045
04e6e3045
04faf7045
050f0b045
05231f045
053733045
054b47045
055f5b045
05736f045
058783045
059b97045
000201fc1
001614101
002a28241
003e3c381
000e0c081
0022201c1
003634301
00086600b
00086701f
000868033
000869047
00086a05b
00086b06f
00086c083
004a48441
005e5c581
0072706c1
008684801
008e8c881
009896921
00a2a09c1
00acaaa61
00b6b4b01
00c0beba1
00cac8c41
009a98941
00aeaca81
00c2c0bc1
000874123
000875137
00087614b
00087715f
000878173
000879187
00087a19b
00d6d4d01
00eae8e41
00fefcf81
0113110c1
011b19141
0125231e1
012f2d281
013937321
0143413c1
014d4b461
015755501
012725201
013b39341
014f4d481
00088223b
00088324f
000884263
000885277
00088628b
00088729f
0008882b3
0163615c1
017775701
018b89841
019f9d981
01a7a5a01
00088b2ef
00088d317
00088f33f
001122357
00112335b
00112536f
00112637f
001128393
05b9b5045
00112b3ab
00112d3bf
00112e3cf
0011303e3
05cdc9045
0011333fb
00113500f
00113601f
001138033
05e1dd045
00113b04b
00113d05f
00113e06f
001140083
05f5f1045
001142097
0011450af
0011460bf
0011480d3
040805045
00114b0eb
00114d0ff
00114e10f
001150123
041c19045
001152137
00115514f
00115615f
001158173
04302d045
00115b18b
00115d19f
00115e1af
0011601c3
044441045
0011621d7
0011651ef
0011661ff
001168213
045855045
00116b22b
00116d23f
00116e24f
001170263
046c69045
001172277
00117528f
00117629f
04807d045
049491045
04a8a5045
04bcb9045
04d0cd045
04e4e1045
04f8f5045
050d09045
05211d045
053531045
054945045
01b1afaa1
01c5c3be1
01d9d7d21
01edebe61
01bdbbb61
01d1cfca1
01e5e3de1
000891367
00089237b
00089338f
0008943a3
0008953b7
0008963cb
0008973df
01f9f7f21
000c0a061
00201e1a1
0034322e1
003c3a361
004644401
00504e4a1
005a58541
0064625e1
006e6c681
007876721
004846421
005c5a561
00706e6a1
00089f07f
0008a0093
0008a10a7
0008a20bb
0008a30cf
0008a40e3
0008a50f7
0084827e1
009896921
00acaaa61
00c0beba1
00c8c6c21
00d2d0cc1
00dcdad61
00e6e4e01
00f0eeea1
00faf8f41
010502fe1
00d4d2ce1
00e8e6e21
00fcfaf61
0008ad197
0008ae1ab
0008af1bf
0008b01d3
0008b11e7
0008b21fb
0008b320f
01110f0a1
0125231e1
013937321
014d4b461
0155534e1
0008b624b
0008b8273
0008ba29b
0011782b3
0011792b7
00117b2cb
00117c2db
00117e2ef
056763045
001181307
00118331b
00118432b
00118633f
057b77045
001189357
00118b36b
00118c37b
00118e38f
058f8b045
0011913a7
0011933bb
0011943cb
0011963df
05a39f045
0011983f3
00119b00b
00119c01b
00119e02f
05b7b3045
0011a1047
0011a305b
0011a406b
0011a607f
05cbc7045
0011a8093
0011ab0ab
0011ac0bb
0011ae0cf
05dfdb045
0011b10e7
0011b30fb
0011b410b
0011b611f
05f3ef045
0011b8133
0011bb14b
0011bc15b
0011be16f
040603045
0011c1187
0011c319b
0011c41ab
0011c61bf
041a17045
0011c81d3
0011cb1eb
0011cc1fb
042e2b045
04423f045
045653045
046a67045
047e7b045
04928f045
04a6a3045
04bab7045
04cecb045
04e2df045
04f6f3045
015f5d581
0173716c1
018785801
019b99941
016b69641
017f7d781
0193918c1
0008bc2c3
0008bd2d7
0008be2eb
0008bf2ff
0008c0313
0008c1327
0008c233b
01a7a5a01
01bbb9b41
01cfcdc81
01e3e1dc1
01ebe9e41
01f5f3ee1
01fffdf81
000806021
0012100c1
001c1a161
002624201
01f7f5f01
000a08041
001e1c181
0008ca3db
0008cb3ef
0008cc003
0008cd017
0008ce02b
0008cf03f
0008d0053
0032302c1
004644401
005a58541
006e6c681
007674701
00807e7a1
008a88841
0094928e1
009e9c981
00a8a6a21
00b2b0ac1
0082807c1
009694901
00aaa8a41
0008d80f3
0008d9107
0008da11b
0008db12f
0008dc143
0008dd157
0008de16b
00bebcb81
00d2d0cc1
00e6e4e01
00faf8f41
010300fc1
0008e11a7
0008e31cf
0008e51f7
0011ce20f
0011cf213
0011d1227
0011d2237
0011d424b
051511045
0011d7263
0011d9277
0011da287
0011dc29b
052925045
0011df2b3
0011e12c7
0011e22d7
0011e42eb
053d39045
0011e7303
0011e9317
0011ea327
0011ec33b
05514d045
0011ee34f
0011f1367
0011f2377
0011f438b
056561045
0011f73a3
0011f93b7
0011fa3c7
0011fc3db
057975045
0011fe3ef
001201007
001202017
00120402b
058d89045
001207043
001209057
00120a067
00120c07b
05a19d045
00120e08f
0012110a7
0012120b7
0012140cb
05b5b1045
0012170e3
0012190f7
00121a107
00121c11b
05c9c5045
00121e12f
001221147
001222157
05ddd9045
05f1ed045
040401045
041815045
042c29045
04403d045
045451045
046865045
047c79045
04908d045
04a4a1045
010d0b061
01211f1a1
0135332e1
014947421
011917121
012d2b261
01413f3a1
0008e721f
0008e8233
0008e9247
0008ea25b
0008eb26f
0008ec283
0008ed297
0155534e1
016967621
017d7b761
01918f8a1
019997921
01a3a19c1
01adaba61
01b7b5b01
01c1bfba1
01cbc9c41
01d5d3ce1
01a5a39e1
01b9b7b21
01cdcbc61
0008f5337
0008f634b
0008f735f
0008f8373
0008f9387
0008fa39b
0008fb3af
01e1dfda1
01f5f3ee1
000806021
001c1a161
0024221e1
002e2c281
003836321
0042403c1
004c4a461
005654501
00605e5a1
00302e2a1
0044423e1
005856521
00090304f
000904063
000905077
00090608b
00090709f
0009080b3
0009090c7
006c6a661
00807e7a1
0094928e1
00a8a6a21
00b0aeaa1
00090c103
00090e12b
000910153
00122416b
00122516f
001227183
001228193
00122a1a7
04c2bf045
00122d1bf
00122f1d3
0012301e3
0012321f7
04d6d3045
00123520f
001237223
001238233
00123a247
04eae7045
00123d25f
00123f273
001240283
001242297
04fefb045
0012442ab
0012472c3
0012482d3
00124a2e7
05130f045
00124d2ff
00124f313
001250323
001252337
052723045
00125434b
001257363
001258373
00125a387
053b37045
00125d39f
00125f3b3
0012603c3
0012623d7
054f4b045
0012643eb
001267003
001268013
00126a027
05635f045
00126d03f
00126f053
001270063
001272077
057773045
00127408b
0012770a3
0012780b3
058b87045
059f9b045
05b3af045
05c7c3045
05dbd7045
05efeb045
0403ff045
041613045
042a27045
043e3b045
04524f045
00bab8b41
00ceccc81
00e2e0dc1
00f6f4f01
00c6c4c01
00dad8d41
00eeece81
00091217b
00091318f
0009141a3
0009151b7
0009161cb
0009171df
0009181f3
010300fc1
011715101
012b29241
013f3d381
014745401
01514f4a1
015b59541
0165635e1
016f6d681
017977721
0183817c1
0153514c1
016765601
017b79741
000920293
0009212a7
0009222bb
0009232cf
0009242e3
0009252f7
00092630b
018f8d881
01a3a19c1
01b7b5b01
01cbc9c41
01d3d1cc1
01dddbd61
01e7e5e01
01f1efea1
01fbf9f41
000403fe1
000e0c081
01dfddd81
01f3f1ec1
000604001
00092e3ab
00092f3bf
0009303d3
0009313e7
0009323fb
00093300f
000934023
001a18141
002e2c281
0042403c1
005654501
005e5c581
00093705f
000939087
00093b0af
00127a0c7
00127b0cb
00127d0df
00127e0ef
001280103
04706d045
00128311b
00128512f
00128613f
001288153
048481045
00128b16b
00128d17f
00128e18f
0012901a3
049895045
0012931bb
0012951cf
0012961df
0012981f3
04aca9045
00129a207
00129d21f
00129e22f
0012a0243
04c0bd045
0012a325b
0012a526f
0012a627f
0012a8293
04d4d1045
0012aa2a7
0012ad2bf
0012ae2cf
0012b02e3
04e8e5045
0012b32fb
0012b530f
0012b631f
0012b8333
04fcf9045
0012ba347
0012bd35f
0012be36f
0012c0383
05110d045
0012c339b
0012c53af
0012c63bf
0012c83d3
052521045
0012ca3e7
0012cd3ff
0012ce00f
053935045
054d49045
05615d045
057571045
058985045
059d99045
05b1ad045
05c5c1045
05d9d5045
05ede9045
0401fd045
006866621
007c7a761
00908e8a1
00a4a29e1
0074726e1
008886821
009c9a961
00093d0d7
00093e0eb
00093f0ff
000940113
000941127
00094213b
00094314f
00b0aeaa1
00c4c2be1
00d8d6d21
00eceae61
00f4f2ee1
00fefcf81
010907021
0113110c1
011d1b161
012725201
01312f2a1
0100fefa1
0115130e1
012927221
00094b1ef
00094c203
00094d217
00094e22b
00094f23f
000950253
000951267
013d3b361
01514f4a1
0165635e1
017977721
01817f7a1
018b89841
0195938e1
019f9d981
01a9a7a21
01b3b1ac1
01bdbbb61
018d8b861
01a19f9a1
01b5b3ae1
000959307
00095a31b
00095b32f
00095c343
00095d357
00095e36b
00095f37f
01c9c7c21
01dddbd61
01f1efea1
000403fe1
000c0a061
0009623bb
0009643e3
00096600b
0012d0023
0012d1027
0012d303b
0012d404b
0012d605f
041e1b045
0012d9077
0012db08b
0012dc09b
0012de0af
04322f045
0012e10c7
0012e30db
0012e40eb
0012e60ff
044643045
0012e9117
0012eb12b
0012ec13b
0012ee14f
045a57045
0012f0163
0012f317b
0012f418b
0012f619f
046e6b045
0012f91b7
0012fb1cb
0012fc1db
0012fe1ef
04827f045
001300203
00130321b
00130422b
00130623f
049693045
001309257
00130b26b
00130c27b
00130e28f
04aaa7045
0013102a3
0013132bb
0013142cb
0013162df
04bebb045
0013192f7
00131b30b
00131c31b
00131e32f
04d2cf045
001320343
00132335b
00132436b
04e6e3045
04faf7045
050f0b045
05231f045
053733045
054b47045
055f5b045
05736f045
058783045
059b97045
05afab045
001614101
002a28241
003e3c381
0052504c1
0022201c1
003634301
004a48441
000968033
000969047
00096a05b
00096b06f
00096c083
00096d097
00096e0ab
005e5c581
0072706c1
008684801
009a98941
00a2a09c1
00acaaa61
00b6b4b01
00c0beba1
00cac8c41
00d4d2ce1
00dedcd81
00aeaca81
00c2c0bc1
00d6d4d01
00097614b
00097715f
000978173
000979187
00097a19b
00097b1af
00097c1c3
00eae8e41
00fefcf81
0113110c1
012725201
012f2d281
013937321
0143413c1
014d4b461
015755501
01615f5a1
016b69641
013b39341
014f4d481
0163615c1
000984263
000985277
00098628b
00098729f
0009882b3
0009892c7
00098a2db
017775701
018b89841
019f9d981
01b3b1ac1
01bbb9b41
00098d317
00098f33f
000991367
00132637f
001327383
001329397
00132a3a7
00132c3bb
05cdc9045
00132f3d3
0013313e7
0013323f7
00133400b
05e1dd045
001337023
001339037
00133a047
00133c05b
05f5f1045
00133f073
001341087
001342097
0013440ab
040805045
0013460bf
0013490d7
00134a0e7
00134c0fb
041c19045
00134f113
001351127
001352137
00135414b
04302d045
00135615f
001359177
00135a187
00135c19b
044441045
00135f1b3
0013611c7
0013621d7
0013641eb
045855045
0013661ff
001369217
00136a227
00136c23b
046c69045
00136f253
001371267
001372277
00137428b
04807d045
00137629f
0013792b7
00137a2c7
049491045
04a8a5045
04bcb9045
04d0cd045
04e4e1045
04f8f5045
050d09045
05211d045
053531045
054945045
055d59045
01c5c3be1
01d9d7d21
01edebe61
0001fffa1
01d1cfca1
01e5e3de1
01f9f7f21
00099338f
0009943a3
0009953b7
0009963cb
0009973df
0009983f3
000999007
000c0a061
00201e1a1
0034322e1
004846421
00504e4a1
005a58541
0064625e1
006e6c681
007876721
0082807c1
008c8a861
005c5a561
00706e6a1
0084827e1
0009a10a7
0009a20bb
0009a30cf
0009a40e3
0009a50f7
0009a610b
0009a711f
009896921
00acaaa61
00c0beba1
00d4d2ce1
00dcdad61
00e6e4e01
00f0eeea1
00faf8f41
010502fe1
010f0d081
011917121
00e8e6e21
00fcfaf61
01110f0a1
0009af1bf
0009b01d3
0009b11e7
0009b21fb
0009b320f
0009b4223
0009b5237
0125231e1
013937321
014d4b461
01615f5a1
016967621
0009b8273
0009ba29b
0009bc2c3
00137c2db
00137d2df
00137f2f3
001380303
001382317
057b77045
00138532f
001387343
001388353
00138a367
058f8b045
00138d37f
00138f393
0013903a3
0013923b7
05a39f045
0013953cf
0013973e3
0013983f3
00139a007
05b7b3045
00139c01b
00139f033
0013a0043
0013a2057
05cbc7045
0013a506f
0013a7083
0013a8093
0013aa0a7
05dfdb045
0013ac0bb
0013af0d3
0013b00e3
0013b20f7
05f3ef045
0013b510f
0013b7123
0013b8133
0013ba147
040603045
0013bc15b
0013bf173
0013c0183
0013c2197
041a17045
0013c51af
0013c71c3
0013c81d3
0013ca1e7
042e2b045
0013cc1fb
0013cf213
0013d0223
04423f045
045653045
046a67045
047e7b045
04928f045
04a6a3045
04bab7045
04cecb045
04e2df045
04f6f3045
050b07045
0173716c1
018785801
019b99941
01afada81
017f7d781
0193918c1
01a7a5a01
0009be2eb
0009bf2ff
0009c0313
0009c1327
0009c233b
0009c334f
0009c4363
01bbb9b41
01cfcdc81
01e3e1dc1
01f7f5f01
01fffdf81
000806021
0012100c1
001c1a161
002624201
00302e2a1
003a38341
000a08041
001e1c181
0032302c1
0009cc003
0009cd017
0009ce02b
0009cf03f
0009d0053
0009d1067
0009d207b
004644401
005a58541
006e6c681
0082807c1
008a88841
0094928e1
009e9c981
00a8a6a21
00b2b0ac1
00bcbab61
00c6c4c01
009694901
00aaa8a41
00bebcb81
0009da11b
0009db12f
0009dc143
0009dd157
0009de16b
0009df17f
0009e0193
00d2d0cc1
00e6e4e01
00faf8f41
010f0d081
011715101
0009e31cf
0009e51f7
0009e721f
0013d2237
0013d323b
0013d524f
0013d625f
0013d8273
052925045
0013db28b
0013dd29f
0013de2af
0013e02c3
053d39045
0013e32db
0013e52ef
0013e62ff
0013e8313
05514d045
0013eb32b
0013ed33f
0013ee34f
0013f0363
056561045
0013f2377
0013f538f
0013f639f
0013f83b3
057975045
0013fb3cb
0013fd3df
0013fe3ef
001400003
058d89045
001402017
00140502f
00140603f
001408053
05a19d045
00140b06b
00140d07f
00140e08f
0014100a3
05b5b1045
0014120b7
0014150cf
0014160df
0014180f3
05c9c5045
00141b10b
00141d11f
00141e12f
001420143
05ddd9045
001422157
00142516f
00142617f
05f1ed045
040401045
041815045
042c29045
04403d045
045451045
046865045
047c79045
04908d045
04a4a1045
04b8b5045
01211f1a1
0135332e1
014947421
015d5b561
012d2b261
01413f3a1
0155534e1
0009e9247
0009ea25b
0009eb26f
0009ec283
0009ed297
0009ee2ab
0009ef2bf
016967621
017d7b761
01918f8a1
01a5a39e1
01adaba61
01b7b5b01
01c1bfba1
01cbc9c41
01d5d3ce1
01dfddd81
01e9e7e21
01b9b7b21
01cdcbc61
01e1dfda1
0009f735f
0009f8373
0009f9387
0009fa39b
0009fb3af
0009fc3c3
0009fd3d7
01f5f3ee1
000806021
001c1a161
00302e2a1
003836321
0042403c1
004c4a461
005654501
00605e5a1
006a68641
0074726e1
0044423e1
005856521
006c6a661
000a05077
000a0608b
000a0709f
000a080b3
000a090c7
000a0a0db
000a0b0ef
00807e7a1
0094928e1
00a8a6a21
00bcbab61
00c4c2be1
000a0e12b
000a10153
000a1217b
001428193
001429197
00142b1ab
00142c1bb
00142e1cf
04d6d3045
0014311e7
0014331fb
00143420b
00143621f
04eae7045
001439237
00143b24b
00143c25b
00143e26f
04fefb045
001441287
00144329b
0014442ab
0014462bf
05130f045
0014482d3
00144b2eb
00144c2fb
00144e30f
052723045
001451327
00145333b
00145434b
00145635f
053b37045
001458373
00145b38b
00145c39b
00145e3af
054f4b045
0014613c7
0014633db
0014643eb
0014663ff
05635f045
001468013
00146b02b
00146c03b
00146e04f
057773045
001471067
00147307b
00147408b
00147609f
058b87045
0014780b3
00147b0cb
00147c0db
059f9b045
05b3af045
05c7c3045
05dbd7045
05efeb045
0403ff045
041613045
042a27045
043e3b045
04524f045
046663045
00ceccc81
00e2e0dc1
00f6f4f01
010b09041
00dad8d41
00eeece81
010300fc1
000a141a3
000a151b7
000a161cb
000a171df
000a181f3
000a19207
000a1a21b
011715101
012b29241
013f3d381
0153514c1
015b59541
0165635e1
016f6d681
017977721
0183817c1
018d8b861
019795901
016765601
017b79741
018f8d881
000a222bb
000a232cf
000a242e3
000a252f7
000a2630b
000a2731f
000a28333
01a3a19c1
01b7b5b01
01cbc9c41
01dfddd81
01e7e5e01
01f1efea1
01fbf9f41
000403fe1
000e0c081
001816121
0022201c1
01f3f1ec1
000604001
001a18141
000a303d3
000a313e7
000a323fb
000a3300f
000a34023
000a35037
000a3604b
002e2c281
0042403c1
005654501
006a68641
0072706c1
000a39087
000a3b0af
000a3d0d7
00147e0ef
00147f0f3
001481107
001482117
00148412b
048481045
001487143
001489157
00148a167
00148c17b
049895045
00148f193
0014911a7
0014921b7
0014941cb
04aca9045
0014971e3
0014991f7
00149a207
00149c21b
04c0bd045
00149e22f
0014a1247
0014a2257
0014a426b
04d4d1045
0014a7283
0014a9297
0014aa2a7
0014ac2bb
04e8e5045
0014ae2cf
0014b12e7
0014b22f7
0014b430b
04fcf9045
0014b7323
0014b9337
0014ba347
0014bc35b
05110d045
0014be36f
0014c1387
0014c2397
0014c43ab
052521045
0014c73c3
0014c93d7
0014ca3e7
0014cc3fb
053935045
0014ce00f
0014d1027
0014d2037
054d49045
05615d045
057571045
058985045
059d99045
05b1ad045
05c5c1045
05d9d5045
05ede9045
0401fd045
041411045
007c7a761
00908e8a1
00a4a29e1
00b8b6b21
008886821
009c9a961
00b0aeaa1
000a3f0ff
000a40113
000a41127
000a4213b
000a4314f
000a44163
000a45177
00c4c2be1
00d8d6d21
00eceae61
0100fefa1
010907021
0113110c1
011d1b161
012725201
01312f2a1
013b39341
0145433e1
0115130e1
012927221
013d3b361
000a4d217
000a4e22b
000a4f23f
000a50253
000a51267
000a5227b
000a5328f
01514f4a1
0165635e1
017977721
018d8b861
0195938e1
019f9d981
01a9a7a21
01b3b1ac1
01bdbbb61
01c7c5c01
01d1cfca1
01a19f9a1
01b5b3ae1
01c9c7c21
000a5b32f
000a5c343
000a5d357
000a5e36b
000a5f37f
000a60393
000a613a7
01dddbd61
01f1efea1
000403fe1
001816121
00201e1a1
000a643e3
000a6600b
000a68033
0014d404b
0014d504f
0014d7063
0014d8073
0014da087
04322f045
0014dd09f
0014df0b3
0014e00c3
0014e20d7
044643045
0014e50ef
0014e7103
0014e8113
0014ea127
045a57045
0014ed13f
0014ef153
0014f0163
0014f2177
046e6b045
0014f418b
0014f71a3
0014f81b3
0014fa1c7
04827f045
0014fd1df
0014ff1f3
001500203
001502217
049693045
00150422b
001507243
001508253
00150a267
04aaa7045
00150d27f
00150f293
0015102a3
0015122b7
04bebb045
0015142cb
0015172e3
0015182f3
00151a307
04d2cf045
00151d31f
00151f333
001520343
001522357
04e6e3045
00152436b
001527383
001528393
04faf7045
050f0b045
05231f045
053733045
054b47045
055f5b045
05736f045
058783045
059b97045
05afab045
05c3bf045
002a28241
003e3c381
0052504c1
006664601
003634301
004a48441
005e5c581
000a6a05b
000a6b06f
000a6c083
000a6d097
000a6e0ab
000a6f0bf
000a700d3
0072706c1
008684801
009a98941
00aeaca81
00b6b4b01
00c0beba1
00cac8c41
00d4d2ce1
00dedcd81
00e8e6e21
00f2f0ec1
00c2c0bc1
00d6d4d01
00eae8e41
000a78173
000a79187
000a7a19b
000a7b1af
000a7c1c3
000a7d1d7
000a7e1eb
00fefcf81
0113110c1
012725201
013b39341
0143413c1
014d4b461
015755501
01615f5a1
016b69641
0175736e1
017f7d781
014f4d481
0163615c1
017775701
000a8628b
000a8729f
000a882b3
000a892c7
000a8a2db
000a8b2ef
000a8c303
018b89841
019f9d981
01b3b1ac1
01c7c5c01
01cfcdc81
000a8f33f
000a91367
000a9338f
00152a3a7
00152b3ab
00152d3bf
00152e3cf
0015303e3
05e1dd045
0015333fb
00153500f
00153601f
001538033
05f5f1045
00153b04b
00153d05f
00153e06f
001540083
040805045
00154309b
0015450af
0015460bf
0015480d3
041c19045
00154a0e7
00154d0ff
00154e10f
001550123
04302d045
00155313b
00155514f
00155615f
001558173
044441045
00155a187
00155d19f
00155e1af
0015601c3
045855045
0015631db
0015651ef
0015661ff
001568213
046c69045
00156a227
00156d23f
00156e24f
001570263
04807d045
00157327b
00157528f
00157629f
0015782b3
049491045
00157a2c7
00157d2df
00157e2ef
04a8a5045
04bcb9045
04d0cd045
04e4e1045
04f8f5045
050d09045
05211d045
053531045
054945045
055d59045
05716d045
01d9d7d21
01edebe61
0001fffa1
0014120e1
01e5e3de1
01f9f7f21
000c0a061
000a953b7
000a963cb
000a973df
000a983f3
000a99007
000a9a01b
000a9b02f
00201e1a1
0034322e1
004846421
005c5a561
0064625e1
006e6c681
007876721
0082807c1
008c8a861
009694901
00a09e9a1
00706e6a1
0084827e1
009896921
000aa30cf
000aa40e3
000aa50f7
000aa610b
000aa711f
000aa8133
000aa9147
00acaaa61
00c0beba1
00d4d2ce1
00e8e6e21
00f0eeea1
00faf8f41
010502fe1
010f0d081
011917121
0123211c1
012d2b261
00fcfaf61
01110f0a1
0125231e1
000ab11e7
000ab21fb
000ab320f
000ab4223
000ab5237
000ab624b
000ab725f
013937321
014d4b461
01615f5a1
0175736e1
017d7b761
000aba29b
000abc2c3
000abe2eb
000abf2ff
