000000003
00000200b
000004013
00000601b
000008023
00000a02b
00000c033
00000e03b
000010043
000012053
02220020e
02260024e
022a0028e
022e002ce
02320030e
02360034e
023a0038e
02000022d
02020026d
0204002ad
0206002ed
02080032d
020a0036d
020c003ad
023e003ce
02420040e
02460044e
024a0048e
024e004ce
02520050e
00200200b
020e003ed
00220604b
02120046d
00240a08b
0216004ed
02180052d
021a0056d
025a0058e
00302220b
02a200a0e
02a600a4e
02aa00a8e
00260e0cb
02b200b0e
00281210b
021e005ed
002a1614b
024a00a6d
002c1a18b
00322624b
025000b2d
02b600b4e
02ba00b8e
02be00bce
00342a28b
02c600c4e
00383230b
002e1e1cb
025200b6d
00684a48b
025600bed
006a4e4cb
025a00c6d
025c00cad
00362e2cb
02d200d0e
02d600d4e
02da00d8e
00786a68b
03220120e
006c5250b
003a3634b
006e5654b
026400dad
026600ded
00725e5cb
0294012ad
032e012ce
03320130e
033a0138e
03420140e
03460144e
0296012ed
02980132d
029a0136d
029c013ad
029e013ed
02a20146d
0440083e2
007e7674b
03560154e
035e015ce
02a4014ad
02a6014ed
02a80152d
02aa0156d
02ac015ad
02ae015ed
00848280b
00baa6a4b
00bcaaa8b
00c8c2c0b
00c4bab8b
00c6bebcb
008a88002
00cccac8b
04ce0cccf
046846281
048c0a8b1
047446341
006200601
006602641
008e8c003
007208701
00d2d0002
007a0c781
047c463c1
048046401
048446441
0000040e7
0000050ef
0000060f7
007e0e7c1
008612841
008e168c1
0000070ff
000008107
00000910f
00000a117
00000b11f
04e48ea41
04e88ea81
04ec8eac1
04f08eb01
009e1e9c1
00e602e41
00000e137
00f208f01
00000f13f
04f48eb41
04f88eb81
04fc8ebc1
05008ec01
05048ec41
05088ec81
050c8ecc1
00f60af41
00fa0cf81
00fe0efc1
010211001
000048383
00004938b
0000151ef
0000161f7
0000171ff
00004a393
000018207
00001920f
00001a217
00004b39b
00004c3a3
00004d3ab
00004e3b3
00004f3bb
016201601
00001c227
00001d22f
00001e237
00001f23f
00005108b
0000202c7
0000212cf
000050083
00005309b
000052093
0000550ab
01760b741
017a0d781
017e0f7c1
018211801
0000232df
0584d7441
0588d7481
058cd74c1
0590d7501
0594d7541
0598d7581
059cd75c1
018613841
018a15881
018e178c1
019219901
01961b941
00002930f
00002a317
00002b31f
03aa01a8e
03ae01ace
03b201b0e
03b601b4e
00002f33f
000060183
00006118b
000062193
00006319b
0000641a3
0000651ab
0000661b3
0000671bb
0000681c3
0000691cb
00006a1d3
00006b1db
02e601bed
00006c1e3
02e801c2d
00006d1eb
02ec01cad
00006e1f3
00006f1fb
03da01d8e
03de01dce
02420040e
024a0048e
024e004ce
02520050e
02f601ded
0102eeecb
0324004ad
0326004ed
02560054e
025a0058e
02620060e
02660064e
026a0068e
0106f6f4b
032c005ad
032e005ed
01432724b
0334006ad
010f0704b
02760074e
027e007ce
02c200c0e
02c600c4e
01130f0cb
01472f2cb
033c007ad
033e007ed
036a00c6d
02ce00cce
036c00cad
02d200d0e
02da00d8e
02e200e0e
05160d14f
014d3b38b
014f3f3cb
01554b48b
01595350b
01896b68b
02ea00e8e
051809162
01574f4cb
02f600f4e
018b6f6cb
037c00ead
037e00eed
038000f2d
038200f6d
038400fad
038600fed
015d5b58b
01937f7cb
01958380b
01a19b98b
019d9390b
019f9794b
016360002
01a5a3a0b
05a60da4f
05e91fa81
05640b631
05f51fb41
01e201e01
01e603e41
016764003
01f209f01
01aba8002
01fa0df81
05fd1fbc1
04211fc01
04251fc41
0000343e7
0000353ef
0000363f7
01fe0ffc1
002612241
002e162c1
0000373ff
000038047
00003904f
00003a057
00003b05f
048566441
048966481
048d664c1
049166501
003e1e3c1
008602841
00003e077
009208901
00003f07f
049566541
049966581
049d665c1
04a166601
04a566641
04a966681
04ad666c1
00960a941
009a0c981
009e0e9c1
00a210a01
0000782c3
0000792cb
00004512f
000046137
00004713f
00007a2d3
000048147
00004914f
00004a157
00007b2db
00007c2e3
00007d2eb
00007e2f3
00007f2fb
010201001
00004c167
00004d16f
00004e177
00004f17f
00008138b
000050207
00005120f
000080383
00008339b
000082393
0000853ab
01160b141
011a0d181
011e0f1c1
012211201
00005321f
0525aee41
0529aee81
052daeec1
0531aef01
0535aef41
0539aef81
053daefc1
012613241
012a15281
012e172c1
013219301
01361b341
00005924f
00005a257
00005b25f
034a0148e
034e014ce
03520150e
03560154e
00005f27f
0000900c3
0000910cb
0000920d3
0000930db
0000940e3
0000950eb
0000960f3
0000970fb
000098103
00009910b
00009a113
00009b11b
03be015ed
00009c123
03c00162d
00009d12b
03c4016ad
00009e133
00009f13b
037a0178e
037e017ce
03c201c0e
03ca01c8e
03ce01cce
03d201d0e
03ce017ed
01dbc7c4b
03fc01cad
03fe01ced
03d601d4e
03da01d8e
03e201e0e
03e601e4e
03ea01e8e
01dfcfccb
020401dad
020601ded
001bfffcb
020c01ead
01e7dfdcb
03f601f4e
03fe01fce
02620060e
02660064e
01ebe7e4b
001e0604b
021401fad
021601fed
02420066d
026e006ce
0244006ad
02720070e
027a0078e
02820080e
05ee0decf
00241210b
00261614b
002c2220b
00302a28b
00604240b
028a0088e
05f009ee2
002e2624b
02960094e
00624644b
0254008ad
0256008ed
02580092d
025a0096d
025c009ad
025e009ed
00343230b
006a5654b
006c5a58b
00787270b
00746a68b
00766e6cb
003a38002
007c7a78b
047e0c7cf
0589f7481
043c0a3b1
0595f7541
018201801
018603841
003e3c003
019209901
008280002
019a0d981
059df75c1
05a1f7601
05a5f7641
000064327
00006532f
000066337
019e0f9c1
01a613a41
01ae17ac1
00006733f
000068347
00006934f
00006a357
00006b35f
04243fc41
04283fc81
042c3fcc1
04303fd01
01be1fbc1
002602241
00006e377
003208301
00006f37f
04343fd41
04383fd81
043c3fdc1
04403fe01
04443fe41
04483fe81
044c3fec1
00360a341
003a0c381
003e0e3c1
004210401
0000a8203
0000a920b
00007506f
000076077
00007707f
0000aa213
000078087
00007908f
00007a097
0000ab21b
0000ac223
0000ad22b
0000ae233
0000af23b
00a200a01
00007c0a7
00007d0af
00007e0b7
00007f0bf
0000b12cb
000080147
00008114f
0000b02c3
0000b32db
0000b22d3
0000b52eb
00b60ab41
00ba0cb81
00be0ebc1
00c210c01
00008315f
04c486841
04c886881
04cc868c1
04d086901
04d486941
04d886981
04dc869c1
00c612c41
00ca14c81
00ce16cc1
00d218d01
00d61ad41
00008918f
00008a197
00008b19f
02ea00e8e
02ee00ece
02f200f0e
02f600f4e
00008f1bf
0000c03c3
0000c13cb
0000c23d3
0000c33db
0000c43e3
0000c53eb
0000c63f3
0000c73fb
0000c8043
0000c904b
0000ca053
0000cb05b
029600fed
0000cc063
02980102d
0000cd06b
029c010ad
0000ce073
0000cf07b
031a0118e
031e011ce
03620160e
036a0168e
036e016ce
03720170e
02a6011ed
00b29e9cb
02d4016ad
02d6016ed
03760174e
037a0178e
03820180e
03860184e
038a0188e
00b6a6a4b
02dc017ad
02de017ed
00f2d6d4b
02e4018ad
00beb6b4b
03960194e
039e019ce
03e201e0e
03e601e4e
00c2bebcb
00f6dedcb
02ec019ad
02ee019ed
031a01e6d
03ee01ece
031c01ead
03f201f0e
03fa01f8e
02220020e
04c60cc4f
00fceae8b
00feeeecb
0104faf8b
01090300b
01391b18b
022a0028e
04c808c62
0106fefcb
02360034e
013b1f1cb
032c002ad
032e002ed
03300032d
03320036d
0334003ad
0336003ed
010d0b08b
01432f2cb
01453330b
01514b48b
014d4340b
014f4744b
011310002
01555350b
05560d54f
0528cee81
05140b131
0534cef41
012201201
012603241
011714003
013209301
015b58002
013a0d381
053ccefc1
0540cf001
0544cf041
000094267
00009526f
000096277
013e0f3c1
014613441
014e174c1
00009727f
000098287
00009928f
00009a297
00009b29f
05a517641
05a917681
05ad176c1
05b117701
015e1f5c1
01a603a41
00009e2b7
01b209b01
00009f2bf
05b517741
05b917781
05bd177c1
05c117801
05c517841
05c917881
05cd178c1
01b60bb41
01ba0db81
01be0fbc1
01c211c01
0000d8143
0000d914b
0000a536f
0000a6377
0000a737f
0000da153
0000a8387
0000a938f
0000aa397
0000db15b
0000dc163
0000dd16b
0000de173
0000df17b
004200401
0000ac3a7
0000ad3af
0000ae3b7
0000af3bf
0000e120b
0000b0087
0000b108f
0000e0203
0000e321b
0000e2213
0000e522b
00560a541
005a0c581
005e0e5c1
006210601
0000b309f
04655e241
04695e281
046d5e2c1
04715e301
04755e341
04795e381
047d5e3c1
006612641
006a14681
006e166c1
007218701
00761a741
0000b90cf
0000ba0d7
0000bb0df
028a0088e
028e008ce
02920090e
02960094e
0000bf0ff
0000f0303
0000f130b
0000f2313
0000f331b
0000f4323
0000f532b
0000f6333
0000f733b
0000f8343
0000f934b
0000fa353
0000fb35b
036e009ed
0000fc363
037000a2d
0000fd36b
037400aad
0000fe373
0000ff37b
02ba00b8e
02be00bce
03020100e
030a0108e
030e010ce
03120110e
037e00bed
018b7774b
03ac010ad
03ae010ed
03160114e
031a0118e
03220120e
03260124e
032a0128e
018f7f7cb
03b4011ad
03b6011ed
01cbafacb
03bc012ad
01978f8cb
03360134e
033e013ce
03820180e
03860184e
019b9794b
01cfb7b4b
03c4013ad
03c6013ed
03f20186d
038e018ce
03f4018ad
03920190e
039a0198e
03a201a0e
059e0d9cf
01d5c3c0b
01d7c7c4b
01ddd3d0b
01e1dbd8b
0011f3f0b
03aa01a8e
05a0099e2
01dfd7d4b
03b601b4e
0013f7f4b
020401aad
020601aed
020801b2d
020a01b6d
020c01bad
020e01bed
01e5e3e0b
001a0604b
001c0a08b
00282220b
00241a18b
00261e1cb
01ebe8002
002c2a28b
042e0c2cf
04c9a6881
05ec0beb1
04d5a6941
00c200c01
00c602c41
01efec003
00d208d01
003230002
00da0cd81
04dda69c1
04e1a6a01
04e5a6a41
0000c41a7
0000c51af
0000c61b7
00de0edc1
00e612e41
00ee16ec1
0000c71bf
0000c81c7
0000c91cf
0000ca1d7
0000cb1df
0545ef041
0549ef081
054def0c1
0551ef101
00fe1efc1
014603441
0000ce1f7
015209501
0000cf1ff
0555ef141
0559ef181
055def1c1
0561ef201
0565ef241
0569ef281
056def2c1
01560b541
015a0d581
015e0f5c1
016211601
000108083
00010908b
0000d52af
0000d62b7
0000d72bf
00010a093
0000d82c7
0000d92cf
0000da2d7
00010b09b
00010c0a3
00010d0ab
00010e0b3
00010f0bb
01c201c01
0000dc2e7
0000dd2ef
0000de2f7
0000df2ff
00011114b
0000e0387
0000e138f
000110143
00011315b
000112153
00011516b
01d60bd41
01da0dd81
01de0fdc1
01e211e01
0000e339f
05e437a41
05e837a81
05ec37ac1
05f037b01
05f437b41
05f837b81
05fc37bc1
01e613e41
01ea15e81
01ee17ec1
01f219f01
01f61bf41
0000e93cf
0000ea3d7
0000eb3df
022a0028e
022e002ce
02320030e
02360034e
0000ef3ff
000120243
00012124b
000122253
00012325b
000124263
00012526b
000126273
00012727b
000128283
00012928b
00012a293
00012b29b
0246003ed
00012c2a3
02480042d
00012d2ab
024c004ad
00012e2b3
00012f2bb
025a0058e
025e005ce
02a200a0e
02aa00a8e
02ae00ace
02b200b0e
0256005ed
00624e4cb
028400aad
028600aed
02b600b4e
02ba00b8e
02c200c0e
02c600c4e
02ca00c8e
00665654b
028c00bad
028e00bed
00a28684b
029400cad
006e6664b
02d600d4e
02de00dce
03220120e
03260124e
00726e6cb
00a68e8cb
029c00dad
029e00ded
02ca0126d
032e012ce
02cc012ad
03320130e
033a0138e
03420140e
04760c74f
00ac9a98b
00ae9e9cb
00b4aaa8b
00b8b2b0b
00e8cac8b
034a0148e
047808762
00b6aeacb
03560154e
00eaceccb
02dc014ad
02de014ed
02e00152d
02e20156d
02e4015ad
02e6015ed
00bcbab8b
00f2dedcb
00f4e2e0b
0100faf8b
00fcf2f0b
00fef6f4b
00c2c0002
01050300b
05060d04f
04687e281
04c40ac31
04747e341
006200601
006602641
00c6c4003
007208701
010b08002
007a0c781
047c7e3c1
04807e401
04847e441
0000f40e7
0000f50ef
0000f60f7
007e0e7c1
008612841
008e168c1
0000f70ff
0000f8107
0000f910f
0000fa117
0000fb11f
04e4c6a41
04e8c6a81
04ecc6ac1
04f0c6b01
009e1e9c1
00e602e41
0000fe137
00f208f01
0000ff13f
04f4c6b41
04f8c6b81
04fcc6bc1
0500c6c01
0504c6c41
0508c6c81
050cc6cc1
00f60af41
00fa0cf81
00fe0efc1
010211001
000138383
00013938b
0001051ef
0001061f7
0001071ff
00013a393
000108207
00010920f
00010a217
00013b39b
00013c3a3
00013d3ab
00013e3b3
00013f3bb
016201601
00010c227
00010d22f
00010e237
00010f23f
00014108b
0001102c7
0001112cf
000140083
00014309b
000142093
0001450ab
01760b741
017a0d781
017e0f7c1
018211801
0001132df
05850f441
05890f481
058d0f4c1
05910f501
05950f541
05990f581
059d0f5c1
018613841
018a15881
018e178c1
019219901
01961b941
00011930f
00011a317
00011b31f
03aa01a8e
03ae01ace
03b201b0e
03b601b4e
00011f33f
000150183
00015118b
000152193
00015319b
0001541a3
0001551ab
0001561b3
0001571bb
0001581c3
0001591cb
00015a1d3
00015b1db
031e01bed
00015c1e3
032001c2d
00015d1eb
032401cad
00015e1f3
00015f1fb
03da01d8e
03de01dce
02420040e
024a0048e
024e004ce
02520050e
032e01ded
013b2724b
035c004ad
035e004ed
02560054e
025a0058e
02620060e
02660064e
026a0068e
013f2f2cb
0364005ad
0366005ed
017b5f5cb
036c006ad
01473f3cb
02760074e
027e007ce
02c200c0e
02c600c4e
014b4744b
017f6764b
0374007ad
0376007ed
03a200c6d
02ce00cce
03a400cad
02d200d0e
02da00d8e
02e200e0e
054e0d4cf
01857370b
01877774b
018d8380b
01918b88b
01c1a3a0b
02ea00e8e
0550094e2
018f8784b
02f600f4e
01c3a7a4b
03b400ead
03b600eed
03b800f2d
03ba00f6d
03bc00fad
03be00fed
01959390b
01cbb7b4b
01cdbbb8b
01d9d3d0b
01d5cbc8b
01d7cfccb
019b98002
01dddbd8b
05de0ddcf
05e957a81
059c0b9b1
05f557b41
01e201e01
01e603e41
019f9c003
01f209f01
01e3e0002
01fa0df81
05fd57bc1
042157c01
042557c41
0001243e7
0001253ef
0001263f7
01fe0ffc1
002612241
002e162c1
0001273ff
000128047
00012904f
00012a057
00012b05f
04859e441
04899e481
048d9e4c1
04919e501
003e1e3c1
008602841
00012e077
009208901
00012f07f
04959e541
04999e581
049d9e5c1
04a19e601
04a59e641
04a99e681
04ad9e6c1
00960a941
009a0c981
009e0e9c1
00a210a01
0001682c3
0001692cb
00013512f
000136137
00013713f
00016a2d3
000138147
00013914f
00013a157
00016b2db
00016c2e3
00016d2eb
00016e2f3
00016f2fb
010201001
00013c167
00013d16f
00013e177
00013f17f
00017138b
000140207
00014120f
000170383
00017339b
000172393
0001753ab
01160b141
011a0d181
011e0f1c1
012211201
00014321f
0525e6e41
0529e6e81
052de6ec1
0531e6f01
0535e6f41
0539e6f81
053de6fc1
012613241
012a15281
012e172c1
013219301
01361b341
00014924f
00014a257
00014b25f
034a0148e
034e014ce
03520150e
03560154e
00014f27f
0001800c3
0001810cb
0001820d3
0001830db
0001840e3
0001850eb
0001860f3
0001870fb
000188103
00018910b
00018a113
00018b11b
03f6015ed
00018c123
03f80162d
00018d12b
03fc016ad
00018e133
00018f13b
037a0178e
037e017ce
03c201c0e
03ca01c8e
03ce01cce
03d201d0e
0206017ed
0013fffcb
023401cad
023601ced
03d601d4e
03da01d8e
03e201e0e
03e601e4e
03ea01e8e
00160604b
023c01dad
023e01ded
00523634b
024401ead
001e1614b
03f601f4e
03fe01fce
02620060e
02660064e
00221e1cb
00563e3cb
024c01fad
024e01fed
027a0066d
026e006ce
027c006ad
02720070e
027a0078e
02820080e
04260c24f
005c4a48b
005e4e4cb
00645a58b
00686260b
00987a78b
028a0088e
042808262
00665e5cb
02960094e
009a7e7cb
028c008ad
028e008ed
02900092d
02920096d
0294009ad
0296009ed
006c6a68b
00a28e8cb
00a49290b
00b0aaa8b
00aca2a0b
00aea6a4b
007270002
00b4b2b0b
04b60cb4f
05882f481
04740a731
05942f541
018201801
018603841
007674003
019209901
00bab8002
019a0d981
059c2f5c1
05a02f601
05a42f641
000154327
00015532f
000156337
019e0f9c1
01a613a41
01ae17ac1
00015733f
000158347
00015934f
00015a357
00015b35f
042477c41
042877c81
042c77cc1
043077d01
01be1fbc1
002602241
00015e377
003208301
00015f37f
043477d41
043877d81
043c77dc1
044077e01
044477e41
044877e81
044c77ec1
00360a341
003a0c381
003e0e3c1
004210401
000198203
00019920b
00016506f
000166077
00016707f
00019a213
000168087
00016908f
00016a097
00019b21b
00019c223
00019d22b
00019e233
00019f23b
00a200a01
00016c0a7
00016d0af
00016e0b7
00016f0bf
0001a12cb
000170147
00017114f
0001a02c3
0001a32db
0001a22d3
0001a52eb
00b60ab41
00ba0cb81
00be0ebc1
00c210c01
00017315f
04c4be841
04c8be881
04ccbe8c1
04d0be901
04d4be941
04d8be981
04dcbe9c1
00c612c41
00ca14c81
00ce16cc1
00d218d01
00d61ad41
00017918f
00017a197
00017b19f
02ea00e8e
02ee00ece
02f200f0e
02f600f4e
00017f1bf
0001b03c3
0001b13cb
0001b23d3
0001b33db
0001b43e3
0001b53eb
0001b63f3
0001b73fb
0001b8043
0001b904b
0001ba053
0001bb05b
02ce00fed
0001bc063
02d00102d
0001bd06b
02d4010ad
0001be073
0001bf07b
031a0118e
031e011ce
03620160e
036a0168e
036e016ce
03720170e
02de011ed
00ead6d4b
030c016ad
030e016ed
03760174e
037a0178e
03820180e
03860184e
038a0188e
00eededcb
0314017ad
0316017ed
012b0f0cb
031c018ad
00f6eeecb
03960194e
039e019ce
03e201e0e
03e601e4e
00faf6f4b
012f1714b
0324019ad
0326019ed
035201e6d
03ee01ece
035401ead
03f201f0e
03fa01f8e
02220020e
04fe0cfcf
01352320b
01372724b
013d3330b
01413b38b
01715350b
022a0028e
050008fe2
013f3734b
02360034e
01735754b
0364002ad
0366002ed
03680032d
036a0036d
036c003ad
036e003ed
01454340b
017b6764b
017d6b68b
01898380b
01857b78b
01877f7cb
014b48002
018d8b88b
058e0d8cf
052906e81
054c0b4b1
053506f41
012201201
012603241
014f4c003
013209301
019390002
013a0d381
053d06fc1
054107001
054507041
000184267
00018526f
000186277
013e0f3c1
014613441
014e174c1
00018727f
000188287
00018928f
00018a297
00018b29f
05a54f641
05a94f681
05ad4f6c1
05b14f701
015e1f5c1
01a603a41
00018e2b7
01b209b01
00018f2bf
05b54f741
05b94f781
05bd4f7c1
05c14f801
05c54f841
05c94f881
05cd4f8c1
01b60bb41
01ba0db81
01be0fbc1
01c211c01
0001c8143
0001c914b
00019536f
000196377
00019737f
0001ca153
000198387
00019938f
00019a397
0001cb15b
0001cc163
0001cd16b
0001ce173
0001cf17b
004200401
00019c3a7
00019d3af
00019e3b7
00019f3bf
0001d120b
0001a0087
0001a108f
0001d0203
0001d321b
0001d2213
0001d522b
00560a541
005a0c581
005e0e5c1
006210601
0001a309f
046596241
046996281
046d962c1
047196301
047596341
047996381
047d963c1
006612641
006a14681
006e166c1
007218701
00761a741
0001a90cf
0001aa0d7
0001ab0df
028a0088e
028e008ce
02920090e
02960094e
0001af0ff
0001e0303
0001e130b
0001e2313
0001e331b
0001e4323
0001e532b
0001e6333
0001e733b
0001e8343
0001e934b
0001ea353
0001eb35b
03a6009ed
0001ec363
03a800a2d
0001ed36b
03ac00aad
0001ee373
0001ef37b
02ba00b8e
02be00bce
03020100e
030a0108e
030e010ce
03120110e
03b600bed
01c3afacb
03e4010ad
03e6010ed
03160114e
031a0118e
03220120e
03260124e
032a0128e
01c7b7b4b
03ec011ad
03ee011ed
0003e7e4b
03f4012ad
01cfc7c4b
03360134e
033e013ce
03820180e
03860184e
01d3cfccb
0007efecb
03fc013ad
03fe013ed
022a0186d
038e018ce
022c018ad
03920190e
039a0198e
03a201a0e
05d60dd4f
000dfbf8b
000ffffcb
00140a08b
00181210b
00482a28b
03aa01a8e
05d809d62
00160e0cb
03b601b4e
004a2e2cb
023c01aad
023e01aed
024001b2d
024201b6d
024401bad
024601bed
001c1a18b
00523e3cb
00544240b
00605a58b
005c5250b
005e5654b
002220002
00646260b
04660c64f
04c9de881
04240a231
04d5de941
00c200c01
00c602c41
002624003
00d208d01
006a68002
00da0cd81
04ddde9c1
04e1dea01
04e5dea41
0001b41a7
0001b51af
0001b61b7
00de0edc1
00e612e41
00ee16ec1
0001b71bf
0001b81c7
0001b91cf
0001ba1d7
0001bb1df
054427041
054827081
054c270c1
055027101
00fe1efc1
014603441
0001be1f7
015209501
0001bf1ff
055427141
055827181
055c271c1
056027201
056427241
056827281
056c272c1
01560b541
015a0d581
015e0f5c1
016211601
0001f8083
0001f908b
0001c52af
0001c62b7
0001c72bf
0001fa093
0001c82c7
0001c92cf
0001ca2d7
0001fb09b
0001fc0a3
0001fd0ab
0001fe0b3
0001ff0bb
01c201c01
0001cc2e7
0001cd2ef
0001ce2f7
0001cf2ff
00020114b
0001d0387
0001d138f
000200143
00020315b
000202153
00020516b
01d60bd41
01da0dd81
01de0fdc1
01e211e01
0001d339f
05e46fa41
05e86fa81
05ec6fac1
05f06fb01
05f46fb41
05f86fb81
05fc6fbc1
01e613e41
01ea15e81
01ee17ec1
01f219f01
01f61bf41
0001d93cf
0001da3d7
0001db3df
022a0028e
022e002ce
02320030e
02360034e
0001df3ff
000210243
00021124b
000212253
00021325b
000214263
00021526b
000216273
00021727b
000218283
00021928b
00021a293
00021b29b
027e003ed
00021c2a3
02800042d
00021d2ab
0284004ad
00021e2b3
00021f2bb
025a0058e
025e005ce
02a200a0e
02aa00a8e
02ae00ace
02b200b0e
028e005ed
009a8684b
02bc00aad
02be00aed
02b600b4e
02ba00b8e
02c200c0e
02c600c4e
02ca00c8e
009e8e8cb
02c400bad
02c600bed
00dabebcb
02cc00cad
00a69e9cb
02d600d4e
02de00dce
03220120e
03260124e
00aaa6a4b
00dec6c4b
02d400dad
02d600ded
03020126d
032e012ce
0304012ad
03320130e
033a0138e
03420140e
04ae0cacf
00e4d2d0b
00e6d6d4b
00ece2e0b
00f0eae8b
01210300b
034a0148e
04b008ae2
00eee6e4b
03560154e
01230704b
0314014ad
0316014ed
03180152d
031a0156d
031c015ad
031e015ed
00f4f2f0b
012b1714b
012d1b18b
01393330b
01352b28b
01372f2cb
00faf8002
013d3b38b
053e0d3cf
0468b6281
04fc0afb1
0474b6341
006200601
006602641
00fefc003
007208701
014340002
007a0c781
047cb63c1
0480b6401
0484b6441
0001e40e7
0001e50ef
0001e60f7
007e0e7c1
008612841
008e168c1
0001e70ff
0001e8107
0001e910f
0001ea117
0001eb11f
04e4fea41
04e8fea81
04ecfeac1
04f0feb01
009e1e9c1
00e602e41
0001ee137
00f208f01
0001ef13f
04f4feb41
04f8feb81
04fcfebc1
0500fec01
0504fec41
0508fec81
050cfecc1
00f60af41
00fa0cf81
00fe0efc1
010211001
000228383
00022938b
0001f51ef
0001f61f7
0001f71ff
00022a393
0001f8207
0001f920f
0001fa217
00022b39b
00022c3a3
00022d3ab
00022e3b3
00022f3bb
016201601
0001fc227
0001fd22f
0001fe237
0001ff23f
00023108b
0002002c7
0002012cf
000230083
00023309b
000232093
0002350ab
01760b741
017a0d781
017e0f7c1
018211801
0002032df
058547441
058947481
058d474c1
059147501
059547541
059947581
059d475c1
018613841
018a15881
018e178c1
019219901
01961b941
00020930f
00020a317
00020b31f
03aa01a8e
03ae01ace
03b201b0e
03b601b4e
00020f33f
000240183
00024118b
000242193
00024319b
0002441a3
0002451ab
0002461b3
0002471bb
0002481c3
0002491cb
00024a1d3
00024b1db
035601bed
00024c1e3
035801c2d
00024d1eb
035c01cad
00024e1f3
00024f1fb
03da01d8e
03de01dce
02420040e
024a0048e
024e004ce
02520050e
036601ded
01735f5cb
0394004ad
0396004ed
02560054e
025a0058e
02620060e
02660064e
026a0068e
01776764b
039c005ad
039e005ed
01b39794b
03a4006ad
017f7774b
02760074e
027e007ce
02c200c0e
02c600c4e
01837f7cb
01b79f9cb
03ac007ad
03ae007ed
03da00c6d
02ce00cce
03dc00cad
02d200d0e
02da00d8e
02e200e0e
05860d84f
01bdaba8b
01bfafacb
01c5bbb8b
01c9c3c0b
01f9dbd8b
02ea00e8e
058809862
01c7bfbcb
02f600f4e
01fbdfdcb
03ec00ead
03ee00eed
03f000f2d
03f200f6d
03f400fad
03f600fed
01cdcbc8b
0003efecb
0005f3f0b
00100a08b
000c0200b
000e0604b
01d3d0002
00141210b
04160c14f
05e98fa81
05d40bd31
05f58fb41
01e201e01
01e603e41
01d7d4003
01f209f01
001a18002
01fa0df81
05fd8fbc1
04218fc01
04258fc41
0002143e7
0002153ef
0002163f7
01fe0ffc1
002612241
002e162c1
0002173ff
000218047
00021904f
00021a057
00021b05f
0485d6441
0489d6481
048dd64c1
0491d6501
003e1e3c1
008602841
00021e077
009208901
00021f07f
0495d6541
0499d6581
049dd65c1
04a1d6601
04a5d6641
04a9d6681
04add66c1
00960a941
009a0c981
009e0e9c1
00a210a01
0002582c3
0002592cb
00022512f
000226137
00022713f
00025a2d3
000228147
00022914f
00022a157
00025b2db
00025c2e3
00025d2eb
00025e2f3
00025f2fb
010201001
00022c167
00022d16f
00022e177
00022f17f
00026138b
000230207
00023120f
000260383
00026339b
000262393
0002653ab
01160b141
011a0d181
011e0f1c1
012211201
00023321f
05241ee41
05281ee81
052c1eec1
05301ef01
05341ef41
05381ef81
053c1efc1
012613241
012a15281
012e172c1
013219301
01361b341
00023924f
00023a257
00023b25f
034a0148e
034e014ce
03520150e
03560154e
00023f27f
0002700c3
0002710cb
0002720d3
0002730db
0002740e3
0002750eb
0002760f3
0002770fb
000278103
00027910b
00027a113
00027b11b
022e015ed
00027c123
02300162d
00027d12b
0234016ad
00027e133
00027f13b
037a0178e
037e017ce
03c201c0e
03ca01c8e
03ce01cce
03d201d0e
023e017ed
004a3634b
026c01cad
026e01ced
03d601d4e
03da01d8e
03e201e0e
03e601e4e
03ea01e8e
004e3e3cb
027401dad
027601ded
008a6e6cb
027c01ead
00564e4cb
03f601f4e
03fe01fce
02620060e
02660064e
005a5654b
008e7674b
028401fad
028601fed
02b20066d
026e006ce
02b4006ad
02720070e
027a0078e
02820080e
045e0c5cf
00948280b
00968684b
009c9290b
00a09a98b
00d0b2b0b
028a0088e
0460085e2
009e9694b
02960094e
00d2b6b4b
02c4008ad
02c6008ed
02c80092d
02ca0096d
02cc009ad
02ce009ed
00a4a2a0b
00dac6c4b
00dccac8b
00e8e2e0b
00e4dad8b
00e6dedcb
00aaa8002
00eceae8b
04ee0cecf
058867481
04ac0aab1
059467541
018201801
018603841
00aeac003
019209901
00f2f0002
019a0d981
059c675c1
05a067601
05a467641
000244327
00024532f
000246337
019e0f9c1
01a613a41
01ae17ac1
00024733f
000248347
00024934f
00024a357
00024b35f
0424afc41
0428afc81
042cafcc1
0430afd01
01be1fbc1
002602241
00024e377
003208301
00024f37f
0434afd41
0438afd81
043cafdc1
0440afe01
0444afe41
0448afe81
044cafec1
00360a341
003a0c381
003e0e3c1
004210401
000288203
00028920b
00025506f
000256077
00025707f
00028a213
000258087
00025908f
00025a097
00028b21b
00028c223
00028d22b
00028e233
00028f23b
00a200a01
00025c0a7
00025d0af
00025e0b7
00025f0bf
0002912cb
000260147
00026114f
0002902c3
0002932db
0002922d3
0002952eb
00b60ab41
00ba0cb81
00be0ebc1
00c210c01
00026315f
04c4f6841
04c8f6881
04ccf68c1
04d0f6901
04d4f6941
04d8f6981
04dcf69c1
00c612c41
00ca14c81
00ce16cc1
00d218d01
00d61ad41
00026918f
00026a197
00026b19f
02ea00e8e
02ee00ece
02f200f0e
02f600f4e
00026f1bf
0002a03c3
0002a13cb
0002a23d3
0002a33db
0002a43e3
0002a53eb
0002a63f3
0002a73fb
0002a8043
0002a904b
0002aa053
0002ab05b
030600fed
0002ac063
03080102d
0002ad06b
030c010ad
0002ae073
0002af07b
031a0118e
031e011ce
03620160e
036a0168e
036e016ce
03720170e
0316011ed
01230f0cb
0344016ad
0346016ed
03760174e
037a0178e
03820180e
03860184e
038a0188e
01271714b
034c017ad
034e017ed
01634744b
0354018ad
012f2724b
03960194e
039e019ce
03e201e0e
03e601e4e
01332f2cb
01674f4cb
035c019ad
035e019ed
038a01e6d
03ee01ece
038c01ead
03f201f0e
03fa01f8e
02220020e
05360d34f
016d5b58b
016f5f5cb
01756b68b
01797370b
01a98b88b
022a0028e
053809362
01776f6cb
02360034e
01ab8f8cb
039c002ad
039e002ed
03a00032d
03a20036d
03a4003ad
03a6003ed
017d7b78b
01b39f9cb
01b5a3a0b
01c1bbb8b
01bdb3b0b
01bfb7b4b
018380002
01c5c3c0b
05c60dc4f
05293ee81
05840b831
05353ef41
012201201
012603241
018784003
013209301
01cbc8002
013a0d381
053d3efc1
05413f001
05453f041
000274267
00027526f
000276277
013e0f3c1
014613441
014e174c1
00027727f
000278287
00027928f
00027a297
00027b29f
05a587641
05a987681
05ad876c1
05b187701
015e1f5c1
01a603a41
00027e2b7
01b209b01
00027f2bf
05b587741
05b987781
05bd877c1
05c187801
05c587841
05c987881
05cd878c1
01b60bb41
01ba0db81
01be0fbc1
01c211c01
0002b8143
0002b914b
00028536f
000286377
00028737f
0002ba153
000288387
00028938f
00028a397
0002bb15b
0002bc163
0002bd16b
0002be173
0002bf17b
004200401
00028c3a7
00028d3af
00028e3b7
00028f3bf
0002c120b
000290087
00029108f
0002c0203
0002c321b
0002c2213
0002c522b
00560a541
005a0c581
005e0e5c1
006210601
00029309f
0465ce241
0469ce281
046dce2c1
0471ce301
0475ce341
0479ce381
047dce3c1
006612641
006a14681
006e166c1
007218701
00761a741
0002990cf
00029a0d7
00029b0df
028a0088e
028e008ce
02920090e
02960094e
00029f0ff
0002d0303
0002d130b
0002d2313
0002d331b
0002d4323
0002d532b
0002d6333
0002d733b
0002d8343
0002d934b
0002da353
0002db35b
03de009ed
0002dc363
03e000a2d
0002dd36b
03e400aad
0002de373
0002df37b
02ba00b8e
02be00bce
03020100e
030a0108e
030e010ce
03120110e
03ee00bed
01fbe7e4b
021c010ad
021e010ed
03160114e
031a0118e
03220120e
03260124e
032a0128e
01ffefecb
0224011ad
0226011ed
003a1e1cb
022c012ad
0007fffcb
03360134e
033e013ce
03820180e
03860184e
000a0604b
003e2624b
0234013ad
0236013ed
02620186d
038e018ce
0264018ad
03920190e
039a0198e
03a201a0e
040e0c0cf
00443230b
00463634b
004c4240b
00504a48b
00806260b
03aa01a8e
0410080e2
004e4644b
03b601b4e
00826664b
027401aad
027601aed
027801b2d
027a01b6d
027c01bad
027e01bed
00545250b
008a7674b
008c7a78b
00989290b
00948a88b
00968e8cb
005a58002
009c9a98b
049e0c9cf
04c816881
045c0a5b1
04d416941
00c200c01
00c602c41
005e5c003
00d208d01
00a2a0002
00da0cd81
04dc169c1
04e016a01
04e416a41
0002a41a7
0002a51af
0002a61b7
00de0edc1
00e612e41
00ee16ec1
0002a71bf
0002a81c7
0002a91cf
0002aa1d7
0002ab1df
05445f041
05485f081
054c5f0c1
05505f101
00fe1efc1
014603441
0002ae1f7
015209501
0002af1ff
05545f141
05585f181
055c5f1c1
05605f201
05645f241
05685f281
056c5f2c1
01560b541
015a0d581
015e0f5c1
016211601
0002e8083
0002e908b
0002b52af
0002b62b7
0002b72bf
0002ea093
0002b82c7
0002b92cf
0002ba2d7
0002eb09b
0002ec0a3
0002ed0ab
0002ee0b3
0002ef0bb
01c201c01
0002bc2e7
0002bd2ef
0002be2f7
0002bf2ff
0002f114b
0002c0387
0002c138f
0002f0143
0002f315b
0002f2153
0002f516b
01d60bd41
01da0dd81
01de0fdc1
01e211e01
0002c339f
05e4a7a41
05e8a7a81
05eca7ac1
05f0a7b01
05f4a7b41
05f8a7b81
05fca7bc1
01e613e41
01ea15e81
01ee17ec1
01f219f01
01f61bf41
0002c93cf
0002ca3d7
0002cb3df
022a0028e
022e002ce
02320030e
02360034e
0002cf3ff
000300243
00030124b
000302253
00030325b
000304263
00030526b
000306273
00030727b
000308283
00030928b
00030a293
00030b29b
02b6003ed
00030c2a3
02b80042d
00030d2ab
02bc004ad
00030e2b3
00030f2bb
025a0058e
025e005ce
02a200a0e
02aa00a8e
02ae00ace
02b200b0e
02c6005ed
00d2bebcb
02f400aad
02f600aed
02b600b4e
02ba00b8e
02c200c0e
02c600c4e
02ca00c8e
00d6c6c4b
02fc00bad
02fe00bed
0112f6f4b
030400cad
00ded6d4b
02d600d4e
02de00dce
03220120e
03260124e
00e2dedcb
0116fefcb
030c00dad
030e00ded
033a0126d
032e012ce
033c012ad
03320130e
033a0138e
03420140e
04e60ce4f
011d0b08b
011f0f0cb
01251b18b
01292320b
01593b38b
034a0148e
04e808e62
01271f1cb
03560154e
015b3f3cb
034c014ad
034e014ed
03500152d
03520156d
0354015ad
0356015ed
012d2b28b
01634f4cb
01655350b
01716b68b
016d6360b
016f6764b
013330002
01757370b
05760d74f
0468ee281
05340b331
0474ee341
006200601
006602641
013734003
007208701
017b78002
007a0c781
047cee3c1
0480ee401
0484ee441
0002d40e7
0002d50ef
0002d60f7
007e0e7c1
008612841
008e168c1
0002d70ff
0002d8107
0002d910f
0002da117
0002db11f
04e536a41
04e936a81
04ed36ac1
04f136b01
009e1e9c1
00e602e41
0002de137
00f208f01
0002df13f
04f536b41
04f936b81
04fd36bc1
050136c01
050536c41
050936c81
050d36cc1
00f60af41
00fa0cf81
00fe0efc1
010211001
000318383
00031938b
0002e51ef
0002e61f7
0002e71ff
00031a393
0002e8207
0002e920f
0002ea217
00031b39b
00031c3a3
00031d3ab
00031e3b3
00031f3bb
016201601
0002ec227
0002ed22f
0002ee237
0002ef23f
00032108b
0002f02c7
0002f12cf
000320083
00032309b
000322093
0003250ab
01760b741
017a0d781
017e0f7c1
018211801
0002f32df
05857f441
05897f481
058d7f4c1
05917f501
05957f541
05997f581
059d7f5c1
018613841
018a15881
018e178c1
019219901
01961b941
0002f930f
0002fa317
0002fb31f
03aa01a8e
03ae01ace
03b201b0e
03b601b4e
0002ff33f
000330183
00033118b
000332193
00033319b
0003341a3
0003351ab
0003361b3
0003371bb
0003381c3
0003391cb
00033a1d3
00033b1db
038e01bed
00033c1e3
039001c2d
00033d1eb
039401cad
00033e1f3
00033f1fb
03da01d8e
03de01dce
02420040e
024a0048e
024e004ce
02520050e
039e01ded
01ab9794b
03cc004ad
03ce004ed
02560054e
025a0058e
02620060e
02660064e
026a0068e
01af9f9cb
03d4005ad
03d6005ed
01ebcfccb
03dc006ad
01b7afacb
02760074e
027e007ce
02c200c0e
02c600c4e
01bbb7b4b
01efd7d4b
03e4007ad
03e6007ed
021200c6d
02ce00cce
021400cad
02d200d0e
02da00d8e
02e200e0e
05be0dbcf
01f5e3e0b
01f7e7e4b
01fdf3f0b
0001fbf8b
00301210b
02ea00e8e
05c009be2
01fff7f4b
02f600f4e
00321614b
022400ead
022600eed
022800f2d
022a00f6d
022c00fad
022e00fed
00040200b
003a2624b
003c2a28b
00484240b
00443a38b
00463e3cb
000a08002
004c4a48b
044e0c4cf
05e9c7a81
040c0a0b1
05f5c7b41
01e201e01
01e603e41
000e0c003
01f209f01
005250002
01fa0df81
05fdc7bc1
0421c7c01
0425c7c41
0003043e7
0003053ef
0003063f7
01fe0ffc1
002612241
002e162c1
0003073ff
000308047
00030904f
00030a057
00030b05f
04840e441
04880e481
048c0e4c1
04900e501
003e1e3c1
008602841
00030e077
009208901
00030f07f
04940e541
04980e581
049c0e5c1
04a00e601
04a40e641
04a80e681
04ac0e6c1
00960a941
009a0c981
009e0e9c1
00a210a01
0003482c3
0003492cb
00031512f
000316137
00031713f
00034a2d3
000318147
00031914f
00031a157
00034b2db
00034c2e3
00034d2eb
00034e2f3
00034f2fb
010201001
00031c167
00031d16f
00031e177
00031f17f
00035138b
000320207
00032120f
000350383
00035339b
000352393
0003553ab
01160b141
011a0d181
011e0f1c1
012211201
00032321f
052456e41
052856e81
052c56ec1
053056f01
053456f41
053856f81
053c56fc1
012613241
012a15281
012e172c1
013219301
01361b341
00032924f
00032a257
00032b25f
034a0148e
034e014ce
03520150e
03560154e
00032f27f
0003600c3
0003610cb
0003620d3
0003630db
0003640e3
0003650eb
0003660f3
0003670fb
000368103
00036910b
00036a113
00036b11b
0266015ed
00036c123
02680162d
00036d12b
026c016ad
00036e133
00036f13b
037a0178e
037e017ce
03c201c0e
03ca01c8e
03ce01cce
03d201d0e
0276017ed
00826e6cb
02a401cad
02a601ced
03d601d4e
03da01d8e
03e201e0e
03e601e4e
03ea01e8e
00867674b
02ac01dad
02ae01ded
00c2a6a4b
02b401ead
008e8684b
03f601f4e
03fe01fce
02620060e
02660064e
00928e8cb
00c6aeacb
02bc01fad
02be01fed
02ea0066d
026e006ce
02ec006ad
02720070e
027a0078e
02820080e
04960c94f
00ccbab8b
00cebebcb
00d4cac8b
00d8d2d0b
0108eae8b
028a0088e
049808962
00d6ceccb
02960094e
010aeeecb
02fc008ad
02fe008ed
03000092d
03020096d
0304009ad
0306009ed
00dcdad8b
0112fefcb
01150300b
01211b18b
011d1310b
011f1714b
00e2e0002
01252320b
05260d24f
05889f481
04e40ae31
05949f541
018201801
018603841
00e6e4003
019209901
012b28002
019a0d981
059c9f5c1
05a09f601
05a49f641
000334327
00033532f
000336337
019e0f9c1
01a613a41
01ae17ac1
00033733f
000338347
00033934f
00033a357
00033b35f
0424e7c41
0428e7c81
042ce7cc1
0430e7d01
01be1fbc1
002602241
00033e377
003208301
00033f37f
0434e7d41
0438e7d81
043ce7dc1
0440e7e01
0444e7e41
0448e7e81
044ce7ec1
00360a341
003a0c381
003e0e3c1
004210401
000378203
00037920b
00034506f
000346077
00034707f
00037a213
000348087
00034908f
00034a097
00037b21b
00037c223
00037d22b
00037e233
00037f23b
00a200a01
00034c0a7
00034d0af
00034e0b7
00034f0bf
0003812cb
000350147
00035114f
0003802c3
0003832db
0003822d3
0003852eb
00b60ab41
00ba0cb81
00be0ebc1
00c210c01
00035315f
04c52e841
04c92e881
04cd2e8c1
04d12e901
04d52e941
04d92e981
04dd2e9c1
00c612c41
00ca14c81
00ce16cc1
00d218d01
00d61ad41
00035918f
00035a197
00035b19f
02ea00e8e
02ee00ece
02f200f0e
02f600f4e
00035f1bf
0003903c3
0003913cb
0003923d3
0003933db
0003943e3
0003953eb
0003963f3
0003973fb
000398043
00039904b
00039a053
00039b05b
033e00fed
00039c063
03400102d
00039d06b
0344010ad
00039e073
00039f07b
031a0118e
031e011ce
03620160e
036a0168e
036e016ce
03720170e
034e011ed
015b4744b
037c016ad
037e016ed
03760174e
037a0178e
03820180e
03860184e
038a0188e
015f4f4cb
0384017ad
0386017ed
019b7f7cb
038c018ad
01675f5cb
03960194e
039e019ce
03e201e0e
03e601e4e
016b6764b
019f8784b
0394019ad
0396019ed
03c201e6d
03ee01ece
03c401ead
03f201f0e
03fa01f8e
02220020e
056e0d6cf
01a59390b
01a79794b
01ada3a0b
01b1aba8b
01e1c3c0b
022a0028e
0570096e2
01afa7a4b
02360034e
01e3c7c4b
03d4002ad
03d6002ed
03d80032d
03da0036d
03dc003ad
03de003ed
01b5b3b0b
01ebd7d4b
01eddbd8b
01f9f3f0b
01f5ebe8b
01f7efecb
01bbb8002
01fdfbf8b
05fe0dfcf
052976e81
05bc0bbb1
053576f41
012201201
012603241
01bfbc003
013209301
000200002
013a0d381
053d76fc1
054177001
054577041
000364267
00036526f
000366277
013e0f3c1
014613441
014e174c1
00036727f
000368287
00036928f
00036a297
00036b29f
05a5bf641
05a9bf681
05adbf6c1
05b1bf701
015e1f5c1
01a603a41
00036e2b7
01b209b01
00036f2bf
05b5bf741
05b9bf781
05bdbf7c1
05c1bf801
05c5bf841
05c9bf881
05cdbf8c1
01b60bb41
01ba0db81
01be0fbc1
01c211c01
0003a8143
0003a914b
00037536f
000376377
00037737f
0003aa153
000378387
00037938f
00037a397
0003ab15b
0003ac163
0003ad16b
0003ae173
0003af17b
004200401
00037c3a7
00037d3af
00037e3b7
00037f3bf
0003b120b
000380087
00038108f
0003b0203
0003b321b
0003b2213
0003b522b
00560a541
005a0c581
005e0e5c1
006210601
00038309f
046406241
046806281
046c062c1
047006301
047406341
047806381
047c063c1
006612641
006a14681
006e166c1
007218701
00761a741
0003890cf
00038a0d7
00038b0df
028a0088e
028e008ce
02920090e
02960094e
00038f0ff
0003c0303
0003c130b
0003c2313
0003c331b
0003c4323
0003c532b
0003c6333
0003c733b
0003c8343
0003c934b
0003ca353
0003cb35b
0216009ed
0003cc363
021800a2d
0003cd36b
021c00aad
0003ce373
0003cf37b
02ba00b8e
02be00bce
03020100e
030a0108e
030e010ce
03120110e
022600bed
00321e1cb
0254010ad
0256010ed
03160114e
031a0118e
03220120e
03260124e
032a0128e
00362624b
025c011ad
025e011ed
00725654b
0264012ad
003e3634b
03360134e
033e013ce
03820180e
03860184e
00423e3cb
00765e5cb
026c013ad
026e013ed
029a0186d
038e018ce
029c018ad
03920190e
039a0198e
03a201a0e
04460c44f
007c6a68b
007e6e6cb
00847a78b
00888280b
00b89a98b
03aa01a8e
044808462
00867e7cb
03b601b4e
00ba9e9cb
02ac01aad
02ae01aed
02b001b2d
02b201b6d
02b401bad
02b601bed
008c8a88b
00c2aeacb
00c4b2b0b
00d0cac8b
00ccc2c0b
00cec6c4b
009290002
00d4d2d0b
04d60cd4f
04c84e881
04940a931
04d44e941
00c200c01
00c602c41
009694003
00d208d01
00dad8002
00da0cd81
04dc4e9c1
04e04ea01
04e44ea41
0003941a7
0003951af
0003961b7
00de0edc1
00e612e41
00ee16ec1
0003971bf
0003981c7
0003991cf
00039a1d7
00039b1df
054497041
054897081
054c970c1
055097101
00fe1efc1
014603441
00039e1f7
015209501
00039f1ff
055497141
055897181
055c971c1
056097201
056497241
056897281
056c972c1
01560b541
015a0d581
015e0f5c1
016211601
0003d8083
0003d908b
0003a52af
0003a62b7
0003a72bf
0003da093
0003a82c7
0003a92cf
0003aa2d7
0003db09b
0003dc0a3
0003dd0ab
0003de0b3
0003df0bb
01c201c01
0003ac2e7
0003ad2ef
0003ae2f7
0003af2ff
0003e114b
0003b0387
0003b138f
0003e0143
0003e315b
0003e2153
0003e516b
01d60bd41
01da0dd81
01de0fdc1
01e211e01
0003b339f
05e4dfa41
05e8dfa81
05ecdfac1
05f0dfb01
05f4dfb41
05f8dfb81
05fcdfbc1
01e613e41
01ea15e81
01ee17ec1
01f219f01
01f61bf41
0003b93cf
0003ba3d7
0003bb3df
022a0028e
022e002ce
02320030e
02360034e
0003bf3ff
0003f0243
0003f124b
0003f2253
0003f325b
0003f4263
0003f526b
0003f6273
0003f727b
0003f8283
0003f928b
0003fa293
0003fb29b
02ee003ed
0003fc2a3
02f00042d
0003fd2ab
02f4004ad
0003fe2b3
0003ff2bb
025a0058e
025e005ce
02a200a0e
02aa00a8e
02ae00ace
02b200b0e
02fe005ed
010af6f4b
032c00aad
032e00aed
02b600b4e
02ba00b8e
02c200c0e
02c600c4e
02ca00c8e
010efefcb
033400bad
033600bed
014b2f2cb
033c00cad
01170f0cb
02d600d4e
02de00dce
03220120e
03260124e
011b1714b
014f3734b
034400dad
034600ded
03720126d
032e012ce
0374012ad
03320130e
033a0138e
03420140e
051e0d1cf
01554340b
01574744b
015d5350b
01615b58b
01917370b
034a0148e
0520091e2
015f5754b
03560154e
01937774b
0384014ad
0386014ed
03880152d
038a0156d
038c015ad
038e015ed
01656360b
019b8784b
019d8b88b
01a9a3a0b
01a59b98b
01a79f9cb
016b68002
01adaba8b
05ae0dacf
046926281
056c0b6b1
047526341
006200601
006602641
016f6c003
007208701
01b3b0002
007a0c781
047d263c1
048126401
048526441
0003c40e7
0003c50ef
0003c60f7
007e0e7c1
008612841
008e168c1
0003c70ff
0003c8107
0003c910f
0003ca117
0003cb11f
04e56ea41
04e96ea81
04ed6eac1
04f16eb01
009e1e9c1
00e602e41
0003ce137
00f208f01
0003cf13f
04f56eb41
04f96eb81
04fd6ebc1
05016ec01
05056ec41
05096ec81
050d6ecc1
00f60af41
00fa0cf81
00fe0efc1
010211001
000408383
00040938b
0003d51ef
0003d61f7
0003d71ff
00040a393
0003d8207
0003d920f
0003da217
00040b39b
00040c3a3
00040d3ab
00040e3b3
00040f3bb
016201601
0003dc227
0003dd22f
0003de237
0003df23f
0579b7381
057db73c1
0581b7401
016e076c1
01760b741
017e0f7c1
018211801
0585b7441
0589b7481
058db74c1
0591b7501
0595b7541
0003e8307
018613841
018e178c1
01961b941
0003e930f
0003ea317
0003eb31f
03aa01a8e
03ae01ace
03b201b0e
03b601b4e
0003ef33f
03ba01a6d
03be01aed
03c201b6d
03c401bad
03c601c4e
03ce01cce
03c601bed
03d601d4e
01dbbfbcb
03cc01cad
03ce01ced
03da01d8e
03de01dce
01dfc7c4b
01e1cbc8b
01e3cfccb
01e5d3d0b
01f1ebe8b
01efe7e4b
01f5f3f0b
05f809f62
05fc0bfb1
05e1ffa01
05e9ffa81
05f1ffb01
05f9ffb81
01e603e41
01ee07ec1
01f60bf41
01fa0df81
05fdffbc1
0421ffc01
0425ffc41
0003f43e7
0003f53ef
0003f63f7
01fe0ffc1
002612241
002e162c1
0003f73ff
0003f8047
0003f904f
0003fa057
0003fc067
003a1c381
0003fe077
000000003
00000200b
02000000c
02020002c
02040004c
02060006c
02080008c
020a000ac
020c000cc
020e000ec
02100010c
02120012c
02140014c
02160016c
02180018c
002002004
002206044
00240a084
00260e0c4
002812104
002a16144
027e0080c
002c1a184
003022204
002e1e1c4
003226244
00001611b
00001711f
000018123
000019127
028c008ec
028e0090c
00001a12b
00001b12f
00001c133
00001d137
00001e13b
02960098c
00001f13f
029a009cc
000020203
029c009ec
000021207
02fc0100c
00002220b
02fe0102c
00002320f
00b0a4a24
00ac9c9a4
03020106c
00b2a8a64
04203c003
04243c023
04283c043
00b6b0ae4
04303c083
04343c0a3
04383c0c3
022221061
04403c103
04443c123
04483c143
044c3c163
011f03004
022625061
04583c1c3
245c3c1e3
00b4acaa4
011cfefc4
030a010ec
022a29061
030c0110c
03100114c
03120116c
00b8b4b24
012107044
022e2d061
01230b084
01250f0c4
012d1f1c4
012713104
00bab8b64
023231061
03820188c
012b1b184
012f23204
0386018cc
013127244
023635061
24a0ba803
0388018ec
01332b284
01352f2c4
24a4ba823
023a39061
038e0194c
03900196c
24a8ba843
013733304
019b7d7a4
023e3d061
019d817e4
01a189864
019f85824
24b0ba883
0244002eb
005e403e2
24b4ba8a3
01a999964
024645061
01ada19e4
01afa5a24
02480036b
006044422
24c0ba903
024a003ab
24c4ba923
01b5b1ae4
024c003eb
006248462
01b7b5b24
025655061
24d4ba9a3
025a59061
24d8ba9c3
025e5d061
007064622
0254004eb
02a2a1061
252539023
02a6a5061
02580056b
252d39063
253139083
007268662
2535390a3
006a58562
02b2b1061
02bc00a2b
254139103
006c5c5a2
02bab9061
02c000aab
02bebd061
02c200aeb
2555391a3
007874722
02c400b2b
007a78762
02c600b6b
02cac9061
027c7a003
02c800bab
00ecdedc2
02ca00beb
00e0c6c42
02cc00c2b
25adb7863
02ce00c6b
00e2cac82
02d000cab
24647c2a1
0000000c3
02d200ceb
0000010c7
24687c321
0000020cb
246a7c361
0000030cf
02d600d6b
0000040d3
246e7c3e1
02d800dab
032b29061
0000060db
02da00deb
0000070df
24747c4a1
24767c4e1
033a0122b
24787c521
00000a0eb
033b39061
00000b0ef
00f2eae82
033f3d061
247e7c5e1
033e012ab
034341061
015b3d3a2
03420132b
034745061
00f8f6f42
000040003
25b9b78c3
015d413e2
034b49061
03f80000c
02faf8003
03fc0004c
03fe0006c
0346013ab
25c1b7903
00004701f
000048023
000049027
00004a02b
0348013eb
02080010c
00004b02f
00004c033
00004d037
00004e03b
034a0142b
00004f03f
020e0016c
02100018c
0212001ac
24e0faa21
034c0146b
0214001cc
0216001ec
24e2faa61
00281a184
035f5d061
002a1e1c4
0000101c3
002616144
0350014eb
0000111c7
002c22204
01736d6a2
002e26244
00302a284
03a7a5061
24ecfaba1
0165514e2
03afad061
24eefabe1
0356015ab
03aba9061
0000161db
24f2fac61
016755522
03b3b1061
0000181e3
03b7b5061
0000191e7
016959562
03ba01a6b
24fcfada1
24fafad61
03be01aeb
00001c1f3
00001e1fb
0175716e2
25d1b7983
00001d1f7
25d5b79a3
00001f1ff
000051107
00005210b
03c201b6b
02780082c
00005310f
242034003
000054113
000055117
00005611b
03cfcd061
01e9dbd82
027e0088c
0280008ac
0282008cc
242434023
03d3d1061
01ddc3c02
0284008ec
242834043
02880092c
028a0094c
03d7d5061
242c34063
009678764
00987c7a4
009a807e4
009c84824
03dbd9061
01dfc7c42
009e88864
00a08c8a4
03cc01cab
2565792a1
01ebdfdc2
00a2908e4
2567792e1
01e1cbc82
022221061
256979321
0000222cb
03d001d2b
256b79361
0000232cf
03d201d6b
0000242d3
00b0acaa4
0000252d7
257179421
01ede3e02
00b2b0ae4
03d601deb
0000272df
0000282e3
02360022b
01e7d7d42
02380026b
057979521
01efe7e42
057f795e1
043034083
00002c2f3
00002d2f7
00002e2fb
00002f2ff
044034103
044434123
000060203
000061207
045034183
00006320f
00006220b
045c341e3
02f40100c
000064213
000065217
02f80104c
00006621b
24a4b2823
00006721f
0300010cc
000069227
000068223
00006a22b
03060112c
00006b22f
00006c233
00006d237
00006e23b
00006f23f
24b4b28a3
030e011ac
0310011cc
0312011ec
24b0b2883
011b03004
024645061
25e1f7a21
012313104
25e3f7a61
02400036b
01291f1c4
012b23204
0242003ab
25e7f7ae1
0000313c7
012f2b284
025251061
005a403e2
0000333cf
01312f2c4
25edf7ba1
25eff7be1
025a59061
005c44422
0000363db
025e5d061
00685c5a2
25f5f7ca1
005e48462
02a6a5061
006e68662
024e0052b
02a2a1061
25fbf7d61
00604c4a2
02aaa9061
00003c3f3
25fff7de1
006a605e2
24b8b28c3
0062504e2
02b2b1061
000070303
000071307
02b6b5061
24c0b2903
03720180c
03740182c
03760184c
006454522
02bab9061
03780186c
037a0188c
24c4b2923
037c018ac
037e018cc
006c64622
02bebd061
0380018ec
03820190c
03840192c
24c8b2943
00d4b6b42
02c2c1061
03860194c
019579764
019375724
01977d7a4
0199817e4
02c6c5061
0072706e2
0390019ec
24d8b29c3
00d6bab82
02cac9061
252531023
019f8d8a4
02c000bab
24dcb29e3
00e4d6d42
252931043
02c200beb
01a9a19e4
01aba5a24
02d6d5061
01ada9a64
02c600c6b
00dac2c02
01afadaa4
02dedd061
00e6dad82
2466742e1
00dcc6c42
032321061
00ece6e42
02cc00d2b
032725061
246c743a1
00decac82
032f2d061
0000450d7
247074421
00e8dedc2
247274461
00e0cecc2
033331061
0000480e3
03320122b
247874521
00004a0eb
00004b0ef
00eae2e02
047c745a1
047e745e1
0336012ab
0535310a3
053d310e3
033a0132b
054131103
00f0eeec2
054531123
033735061
054931143
055131183
0555311a3
0559311c3
02f2f0003
033b39061
015539362
25a5af823
03f20002c
03f40004c
03f60006c
033f3d061
03f80008c
016355522
03fa000ac
25a9af843
03fe000ec
034341061
02000010c
25b1af883
02040014c
0011f3f04
0013f7f44
034745061
0015fbf84
0017fffc4
001802004
001a06044
034b49061
24e4f2aa1
0000501c3
002216144
034f4d061
00241a184
24e8f2b21
0000521cb
01573d3a2
24eaf2b61
0000531cf
002a26244
035755061
24eef2be1
03440146b
035b59061
002c2a284
24f2f2c61
035f5d061
016559562
0000581e3
015b45422
24f6f2ce1
0000591e7
034a0152b
00005a1eb
00005b1ef
034c0156b
24fcf2da1
24fef2de1
01675d5a2
03afad061
00005e1fb
015f4d4a2
03b3b1061
00005f1ff
00009210b
00009310f
026e0080c
000095117
000094113
00009611b
00009711f
03b201a6b
25c5af923
000098123
00009a12b
000099127
00009b12f
00009c133
0169615e2
00009d137
00009e13b
027e0090c
00009f13f
02820094c
03b601aeb
24202c003
02840096c
02860098c
0288009ac
25d1af983
03c7c5061
0096807e4
016f6d6a2
009884824
009a88864
03cbc9061
00a094924
009c8c8a4
00a298964
03bc01bab
00a6a09e4
01e1d3d02
03be01beb
24282c043
242c2c063
03d7d5061
24302c083
03dbd9061
01d7bfbc2
256371261
03dfdd061
2565712a1
03c601ceb
2567712e1
0000612c7
256971321
0000622cb
256b71361
03ca01d6b
256d713a1
0000642d3
03cc01dab
01e5dbd82
257171421
03ce01deb
257371461
0000672df
0000682e3
257971521
2577714e1
0232002ab
00006c2f3
01e7dfdc2
057d715a1
057f715e1
0234002eb
04382c0c3
004e302e2
02360032b
04402c103
01edebe82
04442c123
023635061
04482c143
04502c183
04542c1a3
04582c1c3
03efec003
023a39061
005034322
24a4aa823
02ee0102c
02f00104c
02f20106c
023e3d061
02f40108c
005e504e2
02f6010ac
24a8aa843
02fa010ec
024241061
02fc0110c
24b0aa883
03000114c
010ceeec4
010ef2f04
024645061
0110f6f44
0112faf84
0114fefc4
011703004
024a49061
25e5efaa1
0000703c3
011f13104
024e4d061
012117144
25e9efb21
0000723cb
005238362
25ebefb61
0000733cf
012723204
025655061
25efefbe1
02400046b
025a59061
012927244
25f3efc61
025e5d061
006054522
0000783e3
0056403e2
25f7efce1
0000793e7
02460052b
00007a3eb
00007b3ef
02480056b
25fdefda1
25ffefde1
006258562
02aead061
00007e3fb
005a48462
02b2b1061
00007f3ff
0000b230b
0000b330f
036a0180c
0000b5317
0000b4313
0000b631b
0000b731f
02ae00a6b
24c4aa923
0000b8323
0000ba32b
0000b9327
0000bb32f
0000bc333
00645c5a2
0000bd337
0000be33b
037a0190c
0000bf33f
037e0194c
02b200aeb
252129003
03800196c
03820198c
0384019ac
24d0aa983
02c6c5061
01937d7a4
006a68662
0195817e4
019785824
02cac9061
019d918e4
019989864
019f95924
02b800bab
01a39d9a4
00dccecc2
02ba00beb
252929043
252d29063
02d6d5061
253129083
02dad9061
00d2bab82
24626c261
02dedd061
24646c2a1
02c200ceb
24666c2e1
0000810c7
24686c321
0000820cb
246a6c361
02c600d6b
246c6c3a1
0000840d3
02c800dab
00e0d6d42
24706c421
02ca00deb
24726c461
0000870df
0000880e3
24786c521
24766c4e1
032e012ab
00008c0f3
00e2dad82
047c6c5a1
047e6c5e1
0330012eb
0539290c3
014b2d2a2
03320132b
054129103
00e8e6e42
054529123
033735061
054929143
055129183
0555291a3
0559291c3
02eae8003
033b39061
014d312e2
25a5a7823
03ea0002c
03ec0004c
03ee0006c
033f3d061
03f00008c
015b4d4a2
03f2000ac
25a9a7843
03f6000ec
034341061
03f80010c
25b1a7883
03fc0014c
0009ebe84
000befec4
034745061
000df3f04
000ff7f44
0011fbf84
0013fffc4
034b49061
24e4eaaa1
0000901c3
001a0e0c4
034f4d061
001c12104
24e8eab21
0000921cb
014f35322
24eaeab61
0000931cf
00221e1c4
035755061
24eeeabe1
033c0146b
035b59061
002422204
24f2eac61
035f5d061
015d514e2
0000981e3
01533d3a2
24f6eace1
0000991e7
03420152b
00009a1eb
00009b1ef
03440156b
24fceada1
24feeade1
015f55522
03afad061
00009e1fb
015745422
03b3b1061
00009f1ff
0000d210b
0000d310f
02660080c
0000d5117
0000d4113
0000d611b
0000d711f
03aa01a6b
25c5a7923
0000d8123
0000da12b
0000d9127
0000db12f
0000dc133
016159562
0000dd137
0000de13b
02760090c
0000df13f
027a0094c
03ae01aeb
242024003
027c0096c
027e0098c
0280009ac
25d1a7983
03c7c5061
008e78764
016765622
00907c7a4
0092807e4
03cbc9061
00988c8a4
009484824
009a908e4
03b401bab
009e98964
01d9cbc82
03b601beb
242824043
242c24063
03d7d5061
243024083
03dbd9061
01cfb7b42
256369261
03dfdd061
2565692a1
03be01ceb
2567692e1
0000a12c7
256969321
0000a22cb
256b69361
03c201d6b
256d693a1
0000a42d3
03c401dab
01ddd3d02
257169421
03c601deb
257369461
0000a72df
0000a82e3
257969521
2577694e1
022a002ab
0000ac2f3
01dfd7d42
057d695a1
057f695e1
022c002eb
0438240c3
004628262
022e0032b
044024103
01e5e3e02
044424123
023635061
044824143
045024183
0454241a3
0458241c3
03e7e4003
023a39061
00482c2a2
24a4a2823
02e60102c
02e80104c
02ea0106c
023e3d061
02ec0108c
005648462
02ee010ac
24a8a2843
02f2010ec
024241061
02f40110c
24b0a2883
02f80114c
0104e6e44
0106eae84
024645061
0108eeec4
010af2f04
010cf6f44
010efaf84
024a49061
25e5e7aa1
0000b03c3
01170b084
024e4d061
01190f0c4
25e9e7b21
0000b23cb
004a302e2
25ebe7b61
0000b33cf
011f1b184
025655061
25efe7be1
02380046b
025a59061
01211f1c4
25f3e7c61
025e5d061
00584c4a2
0000b83e3
004e38362
25f7e7ce1
0000b93e7
023e0052b
0000ba3eb
0000bb3ef
02400056b
25fde7da1
25ffe7de1
005a504e2
02aead061
0000be3fb
0052403e2
02b2b1061
0000bf3ff
0000f230b
0000f330f
03620180c
0000f5317
0000f4313
0000f631b
0000f731f
02a600a6b
24c4a2923
0000f8323
0000fa32b
0000f9327
0000fb32f
0000fc333
005c54522
0000fd337
0000fe33b
03720190c
0000ff33f
03760194c
02aa00aeb
252121003
03780196c
037a0198c
037c019ac
24d0a2983
02c6c5061
018b75724
0062605e2
018d79764
018f7d7a4
02cac9061
019589864
0191817e4
01978d8a4
02b000bab
019b95924
00d4c6c42
02b200beb
252921043
252d21063
02d6d5061
253121083
02dad9061
00cab2b02
246264261
02dedd061
2464642a1
02ba00ceb
2466642e1
0000c10c7
246864321
0000c20cb
246a64361
02be00d6b
246c643a1
0000c40d3
02c000dab
00d8cecc2
247064421
02c200deb
247264461
0000c70df
0000c80e3
247864521
2476644e1
0326012ab
0000cc0f3
00dad2d02
047c645a1
047e645e1
0328012eb
0539210c3
014325222
032a0132b
054121103
00e0dedc2
054521123
033735061
054921143
055121183
0555211a3
0559211c3
02e2e0003
033b39061
014529262
25a59f823
03e20002c
03e40004c
03e60006c
033f3d061
03e80008c
015345422
03ea000ac
25a99f843
03ee000ec
034341061
03f00010c
25b19f883
03f40014c
0001e3e04
0003e7e44
034745061
0005ebe84
0007efec4
0009f3f04
000bf7f44
034b49061
24e4e2aa1
0000d01c3
001206044
034f4d061
00140a084
24e8e2b21
0000d21cb
01472d2a2
24eae2b61
0000d31cf
001a16144
035755061
24eee2be1
03340146b
035b59061
001c1a184
24f2e2c61
035f5d061
015549462
0000d81e3
014b35322
24f6e2ce1
0000d91e7
033a0152b
0000da1eb
0000db1ef
033c0156b
24fce2da1
24fee2de1
01574d4a2
03afad061
0000de1fb
014f3d3a2
03b3b1061
0000df1ff
00011210b
00011310f
025e0080c
000115117
000114113
00011611b
00011711f
03a201a6b
25c59f923
000118123
00011a12b
000119127
00011b12f
00011c133
0159514e2
00011d137
00011e13b
026e0090c
00011f13f
02720094c
03a601aeb
24201c003
02740096c
02760098c
0278009ac
25d19f983
03c7c5061
0086706e4
015f5d5a2
008874724
008a78764
03cbc9061
009084824
008c7c7a4
009288864
03ac01bab
0096908e4
01d1c3c02
03ae01beb
24281c043
242c1c063
03d7d5061
24301c083
03dbd9061
01c7afac2
256361261
03dfdd061
2565612a1
03b601ceb
2567612e1
0000e12c7
256961321
0000e22cb
256b61361
03ba01d6b
256d613a1
0000e42d3
03bc01dab
01d5cbc82
257161421
03be01deb
257361461
0000e72df
0000e82e3
257961521
2577614e1
0222002ab
0000ec2f3
01d7cfcc2
057d615a1
057f615e1
0224002eb
04381c0c3
003e201e2
02260032b
04401c103
01dddbd82
04441c123
023635061
04481c143
04501c183
04541c1a3
04581c1c3
03dfdc003
023a39061
004024222
24a49a823
02de0102c
02e00104c
02e20106c
023e3d061
02e40108c
004e403e2
02e6010ac
24a89a843
02ea010ec
024241061
02ec0110c
24b09a883
02f00114c
00fcdedc4
00fee2e04
024645061
0100e6e44
0102eae84
0104eeec4
0106f2f04
024a49061
25e5dfaa1
0000f03c3
010f03004
024e4d061
011107044
25e9dfb21
0000f23cb
004228262
25ebdfb61
0000f33cf
011713104
025655061
25efdfbe1
02300046b
025a59061
011917144
25f3dfc61
025e5d061
005044422
0000f83e3
0046302e2
25f7dfce1
0000f93e7
02360052b
0000fa3eb
0000fb3ef
02380056b
25fddfda1
25ffdfde1
005248462
02aead061
0000fe3fb
004a38362
02b2b1061
0000ff3ff
00013230b
00013330f
035a0180c
000135317
000134313
00013631b
00013731f
029e00a6b
24c49a923
000138323
00013a32b
000139327
00013b32f
00013c333
00544c4a2
00013d337
00013e33b
036a0190c
00013f33f
036e0194c
02a200aeb
252119003
03700196c
03720198c
0374019ac
24d09a983
02c6c5061
01836d6a4
005a58562
0185716e4
018775724
02cac9061
018d817e4
018979764
018f85824
02a800bab
01938d8a4
00ccbebc2
02aa00beb
252919043
252d19063
02d6d5061
253119083
02dad9061
00c2aaa82
24625c261
02dedd061
24645c2a1
02b200ceb
24665c2e1
0001010c7
24685c321
0001020cb
246a5c361
02b600d6b
246c5c3a1
0001040d3
02b800dab
00d0c6c42
24705c421
02ba00deb
24725c461
0001070df
0001080e3
24785c521
24765c4e1
031e012ab
00010c0f3
00d2cac82
047c5c5a1
047e5c5e1
0320012eb
0539190c3
013b1d1a2
03220132b
054119103
00d8d6d42
054519123
033735061
054919143
055119183
0555191a3
0559191c3
02dad8003
033b39061
013d211e2
25a597823
03da0002c
03dc0004c
03de0006c
033f3d061
03e00008c
014b3d3a2
03e2000ac
25a997843
03e6000ec
034341061
03e80010c
25b197883
03ec0014c
01f9dbd84
01fbdfdc4
034745061
01fde3e04
01ffe7e44
0001ebe84
0003efec4
034b49061
24e4daaa1
0001101c3
000bfffc4
034f4d061
000c02004
24e8dab21
0001121cb
013f25222
24eadab61
0001131cf
00120e0c4
035755061
24eedabe1
032c0146b
035b59061
001412104
24f2dac61
035f5d061
014d413e2
0001181e3
01432d2a2
24f6dace1
0001191e7
03320152b
00011a1eb
00011b1ef
03340156b
24fcdada1
24fedade1
014f45422
03afad061
00011e1fb
014735322
03b3b1061
00011f1ff
00015210b
00015310f
02560080c
000155117
000154113
00015611b
00015711f
039a01a6b
25c597923
000158123
00015a12b
000159127
00015b12f
00015c133
015149462
00015d137
00015e13b
02660090c
00015f13f
026a0094c
039e01aeb
242014003
026c0096c
026e0098c
0270009ac
25d197983
03c7c5061
007e68664
015755522
00806c6a4
0082706e4
03cbc9061
00887c7a4
008474724
008a807e4
03a401bab
008e88864
01c9bbb82
03a601beb
242814043
242c14063
03d7d5061
243014083
03dbd9061
01bfa7a42
256359261
03dfdd061
2565592a1
03ae01ceb
2567592e1
0001212c7
256959321
0001222cb
256b59361
03b201d6b
256d593a1
0001242d3
03b401dab
01cdc3c02
257159421
03b601deb
257359461
0001272df
0001282e3
257959521
2577594e1
021a002ab
00012c2f3
01cfc7c42
057d595a1
057f595e1
021c002eb
0438140c3
003618162
021e0032b
044014103
01d5d3d02
044414123
023635061
044814143
045014183
0454141a3
0458141c3
03d7d4003
023a39061
00381c1a2
24a492823
02d60102c
02d80104c
02da0106c
023e3d061
02dc0108c
004638362
02de010ac
24a892843
02e2010ec
024241061
02e40110c
24b092883
02e80114c
00f4d6d44
00f6dad84
024645061
00f8dedc4
00fae2e04
00fce6e44
00feeae84
024a49061
25e5d7aa1
0001303c3
0106faf84
024e4d061
0108fefc4
25e9d7b21
0001323cb
003a201e2
25ebd7b61
0001333cf
010f0b084
025655061
25efd7be1
02280046b
025a59061
01110f0c4
25f3d7c61
025e5d061
00483c3a2
0001383e3
003e28262
25f7d7ce1
0001393e7
022e0052b
00013a3eb
00013b3ef
02300056b
25fdd7da1
25ffd7de1
004a403e2
02aead061
00013e3fb
0042302e2
02b2b1061
00013f3ff
00017230b
00017330f
03520180c
000175317
000174313
00017631b
00017731f
029600a6b
24c492923
000178323
00017a32b
000179327
00017b32f
00017c333
004c44422
00017d337
00017e33b
03620190c
00017f33f
03660194c
029a00aeb
252111003
03680196c
036a0198c
036c019ac
24d092983
02c6c5061
017b65624
0052504e2
017d69664
017f6d6a4
02cac9061
018579764
0181716e4
01877d7a4
02a000bab
018b85824
00c4b6b42
02a200beb
252911043
252d11063
02d6d5061
253111083
02dad9061
00baa2a02
246254261
02dedd061
2464542a1
02aa00ceb
2466542e1
0001410c7
246854321
0001420cb
246a54361
02ae00d6b
246c543a1
0001440d3
02b000dab
00c8bebc2
247054421
02b200deb
247254461
0001470df
0001480e3
247854521
2476544e1
0316012ab
00014c0f3
00cac2c02
047c545a1
047e545e1
0318012eb
0539110c3
013315122
031a0132b
054111103
00d0cecc2
054511123
033735061
054911143
055111183
0555111a3
0559111c3
02d2d0003
033b39061
013519162
25a58f823
03d20002c
03d40004c
03d60006c
033f3d061
03d80008c
014335322
03da000ac
25a98f843
03de000ec
034341061
03e00010c
25b18f883
03e40014c
01f1d3d04
01f3d7d44
034745061
01f5dbd84
01f7dfdc4
01f9e3e04
01fbe7e44
034b49061
24e4d2aa1
0001501c3
0003f7f44
034f4d061
0005fbf84
24e8d2b21
0001521cb
01371d1a2
24ead2b61
0001531cf
000a06044
035755061
24eed2be1
03240146b
035b59061
000c0a084
24f2d2c61
035f5d061
014539362
0001581e3
013b25222
24f6d2ce1
0001591e7
032a0152b
00015a1eb
00015b1ef
032c0156b
24fcd2da1
24fed2de1
01473d3a2
03afad061
00015e1fb
013f2d2a2
03b3b1061
00015f1ff
00019210b
00019310f
024e0080c
000195117
000194113
00019611b
00019711f
039201a6b
25c58f923
000198123
00019a12b
000199127
00019b12f
00019c133
0149413e2
00019d137
00019e13b
025e0090c
00019f13f
02620094c
039601aeb
24200c003
02640096c
02660098c
0268009ac
25d18f983
03c7c5061
0076605e4
014f4d4a2
007864624
007a68664
03cbc9061
008074724
007c6c6a4
008278764
039c01bab
0086807e4
01c1b3b02
039e01beb
24280c043
242c0c063
03d7d5061
24300c083
03dbd9061
01b79f9c2
256351261
03dfdd061
2565512a1
03a601ceb
2567512e1
0001612c7
256951321
0001622cb
256b51361
03aa01d6b
256d513a1
0001642d3
03ac01dab
01c5bbb82
257151421
03ae01deb
257351461
0001672df
0001682e3
257951521
2577514e1
0212002ab
00016c2f3
01c7bfbc2
057d515a1
057f515e1
0214002eb
04380c0c3
002e100e2
02160032b
04400c103
01cdcbc82
04440c123
023635061
04480c143
04500c183
04540c1a3
04580c1c3
03cfcc003
023a39061
003014122
24a48a823
02ce0102c
02d00104c
02d20106c
023e3d061
02d40108c
003e302e2
02d6010ac
24a88a843
02da010ec
024241061
02dc0110c
24b08a883
02e00114c
00eccecc4
00eed2d04
024645061
00f0d6d44
00f2dad84
00f4dedc4
00f6e2e04
024a49061
25e5cfaa1
0001703c3
00fef2f04
024e4d061
0100f6f44
25e9cfb21
0001723cb
003218162
25ebcfb61
0001733cf
010703004
025655061
25efcfbe1
02200046b
025a59061
010907044
25f3cfc61
025e5d061
004034322
0001783e3
0036201e2
25f7cfce1
0001793e7
02260052b
00017a3eb
00017b3ef
02280056b
25fdcfda1
25ffcfde1
004238362
02aead061
00017e3fb
003a28262
02b2b1061
00017f3ff
0001b230b
0001b330f
034a0180c
0001b5317
0001b4313
0001b631b
0001b731f
028e00a6b
24c48a923
0001b8323
0001ba32b
0001b9327
0001bb32f
0001bc333
00443c3a2
0001bd337
0001be33b
035a0190c
0001bf33f
035e0194c
029200aeb
252109003
03600196c
03620198c
0364019ac
24d08a983
02c6c5061
01735d5a4
004a48462
0175615e4
017765624
02cac9061
017d716e4
017969664
017f75724
029800bab
01837d7a4
00bcaeac2
029a00beb
252909043
252d09063
02d6d5061
253109083
02dad9061
00b29a982
24624c261
02dedd061
24644c2a1
02a200ceb
24664c2e1
0001810c7
24684c321
0001820cb
246a4c361
02a600d6b
246c4c3a1
0001840d3
02a800dab
00c0b6b42
24704c421
02aa00deb
24724c461
0001870df
0001880e3
24784c521
24764c4e1
030e012ab
00018c0f3
00c2bab82
047c4c5a1
047e4c5e1
0310012eb
0539090c3
012b0d0a2
03120132b
054109103
00c8c6c42
054509123
033735061
054909143
055109183
0555091a3
0559091c3
02cac8003
033b39061
012d110e2
25a587823
03ca0002c
03cc0004c
03ce0006c
033f3d061
03d00008c
013b2d2a2
03d2000ac
25a987843
03d6000ec
034341061
03d80010c
25b187883
03dc0014c
01e9cbc84
01ebcfcc4
034745061
01edd3d04
01efd7d44
01f1dbd84
01f3dfdc4
034b49061
24e4caaa1
0001901c3
01fbefec4
034f4d061
01fdf3f04
24e8cab21
0001921cb
012f15122
24eacab61
0001931cf
0003fffc4
035755061
24eecabe1
031c0146b
035b59061
000402004
24f2cac61
035f5d061
013d312e2
0001981e3
01331d1a2
24f6cace1
0001991e7
03220152b
00019a1eb
00019b1ef
03240156b
24fccada1
24fecade1
013f35322
03afad061
00019e1fb
013725222
03b3b1061
00019f1ff
0001d210b
0001d310f
02460080c
0001d5117
0001d4113
0001d611b
0001d711f
038a01a6b
25c587923
0001d8123
0001da12b
0001d9127
0001db12f
0001dc133
014139362
0001dd137
0001de13b
02560090c
0001df13f
025a0094c
038e01aeb
242004003
025c0096c
025e0098c
0260009ac
25d187983
03c7c5061
006e58564
014745422
00705c5a4
0072605e4
03cbc9061
00786c6a4
007464624
007a706e4
039401bab
007e78764
01b9aba82
039601beb
242804043
242c04063
03d7d5061
243004083
03dbd9061
01af97942
256349261
03dfdd061
2565492a1
039e01ceb
2567492e1
0001a12c7
256949321
0001a22cb
256b49361
03a201d6b
256d493a1
0001a42d3
03a401dab
01bdb3b02
257149421
03a601deb
257349461
0001a72df
0001a82e3
257949521
2577494e1
020a002ab
0001ac2f3
01bfb7b42
057d495a1
057f495e1
020c002eb
0438040c3
002608062
020e0032b
044004103
01c5c3c02
044404123
023635061
044804143
045004183
0454041a3
0458041c3
03c7c4003
023a39061
00280c0a2
24a482823
02c60102c
02c80104c
02ca0106c
023e3d061
02cc0108c
003628262
02ce010ac
24a882843
02d2010ec
024241061
02d40110c
24b082883
02d80114c
00e4c6c44
00e6cac84
024645061
00e8cecc4
00ead2d04
00ecd6d44
00eedad84
024a49061
25e5c7aa1
0001b03c3
00f6eae84
024e4d061
00f8eeec4
25e9c7b21
0001b23cb
002a100e2
25ebc7b61
0001b33cf
00fefaf84
025655061
25efc7be1
02180046b
025a59061
0100fefc4
25f3c7c61
025e5d061
00382c2a2
0001b83e3
002e18162
25f7c7ce1
0001b93e7
021e0052b
0001ba3eb
0001bb3ef
02200056b
25fdc7da1
25ffc7de1
003a302e2
02aead061
0001be3fb
0032201e2
02b2b1061
0001bf3ff
0001f230b
0001f330f
03420180c
0001f5317
0001f4313
0001f631b
0001f731f
028600a6b
24c482923
0001f8323
0001fa32b
0001f9327
0001fb32f
0001fc333
003c34322
0001fd337
0001fe33b
03520190c
0001ff33f
03560194c
028a00aeb
252101003
03580196c
035a0198c
035c019ac
24d082983
02c6c5061
016b55524
0042403e2
016d59564
016f5d5a4
02cac9061
017569664
0171615e4
01776d6a4
029000bab
017b75724
00b4a6a42
029200beb
252901043
252d01063
02d6d5061
253101083
02dad9061
00aa92902
246244261
02dedd061
2464442a1
029a00ceb
2466442e1
0001c10c7
246844321
0001c20cb
246a44361
029e00d6b
246c443a1
0001c40d3
02a000dab
00b8aeac2
247044421
02a200deb
247244461
0001c70df
0001c80e3
247844521
2476444e1
0306012ab
0001cc0f3
00bab2b02
047c445a1
047e445e1
0308012eb
0539010c3
012305022
030a0132b
054101103
00c0bebc2
054501123
033735061
054901143
055101183
0555011a3
0559011c3
02c2c0003
033b39061
012509062
25a57f823
03c20002c
03c40004c
03c60006c
033f3d061
03c80008c
013325222
03ca000ac
25a97f843
03ce000ec
034341061
03d00010c
25b17f883
03d40014c
01e1c3c04
01e3c7c44
034745061
01e5cbc84
01e7cfcc4
01e9d3d04
01ebd7d44
034b49061
24e4c2aa1
0001d01c3
01f3e7e44
034f4d061
01f5ebe84
24e8c2b21
0001d21cb
01270d0a2
24eac2b61
0001d31cf
01fbf7f44
035755061
24eec2be1
03140146b
035b59061
01fdfbf84
24f2c2c61
035f5d061
013529262
0001d81e3
012b15122
24f6c2ce1
0001d91e7
031a0152b
0001da1eb
0001db1ef
031c0156b
24fcc2da1
24fec2de1
01372d2a2
03afad061
0001de1fb
012f1d1a2
03b3b1061
0001df1ff
00021210b
00021310f
023e0080c
000215117
000214113
00021611b
00021711f
038201a6b
25c57f923
000218123
00021a12b
000219127
00021b12f
00021c133
0139312e2
00021d137
00021e13b
024e0090c
00021f13f
02520094c
038601aeb
2421fc003
02540096c
02560098c
0258009ac
25d17f983
03c7c5061
0066504e4
013f3d3a2
006854524
006a58564
03cbc9061
007064624
006c5c5a4
007268664
038c01bab
0076706e4
01b1a3a02
038e01beb
2429fc043
242dfc063
03d7d5061
2431fc083
03dbd9061
01a78f8c2
256341261
03dfdd061
2565412a1
039601ceb
2567412e1
0001e12c7
256941321
0001e22cb
256b41361
039a01d6b
256d413a1
0001e42d3
039c01dab
01b5aba82
257141421
039e01deb
257341461
0001e72df
0001e82e3
257941521
2577414e1
0202002ab
0001ec2f3
01b7afac2
057d415a1
057f415e1
0204002eb
0439fc0c3
001e01fe2
02060032b
0441fc103
01bdbbb82
0445fc123
023635061
0449fc143
0451fc183
0455fc1a3
0459fc1c3
03bfbc003
023a39061
002004022
24a47a823
02be0102c
02c00104c
02c20106c
023e3d061
02c40108c
002e201e2
02c6010ac
24a87a843
02ca010ec
024241061
02cc0110c
24b07a883
02d00114c
00dcbebc4
00dec2c04
024645061
00e0c6c44
00e2cac84
00e4cecc4
00e6d2d04
024a49061
25e5bfaa1
0001f03c3
00eee2e04
024e4d061
00f0e6e44
25e9bfb21
0001f23cb
002208062
25ebbfb61
0001f33cf
00f6f2f04
025655061
25efbfbe1
02100046b
025a59061
00f8f6f44
25f3bfc61
025e5d061
003024222
0001f83e3
0026100e2
25f7bfce1
0001f93e7
02160052b
0001fa3eb
0001fb3ef
02180056b
25fdbfda1
25ffbfde1
003228262
02aead061
0001fe3fb
002a18162
02b2b1061
0001ff3ff
00023230b
00023330f
033a0180c
000235317
000234313
00023631b
00023731f
027e00a6b
24c47a923
000238323
00023a32b
000239327
00023b32f
00023c333
00342c2a2
00023d337
00023e33b
034a0190c
00023f33f
034e0194c
028200aeb
2520f9003
03500196c
03520198c
0354019ac
24d07a983
02c6c5061
01634d4a4
003a38362
0165514e4
016755524
02cac9061
016d615e4
016959564
016f65624
028800bab
01736d6a4
00ac9e9c2
028a00beb
2528f9043
252cf9063
02d6d5061
2530f9083
02dad9061
00a28a882
24623c261
02dedd061
24643c2a1
029200ceb
24663c2e1
0002010c7
24683c321
0002020cb
246a3c361
029600d6b
246c3c3a1
0002040d3
029800dab
00b0a6a42
24703c421
029a00deb
24723c461
0002070df
0002080e3
24783c521
24763c4e1
02fe012ab
00020c0f3
00b2aaa82
047c3c5a1
047e3c5e1
0300012eb
0538f90c3
011afcfa2
03020132b
0540f9103
00b8b6b42
0544f9123
033735061
0548f9143
0550f9183
0554f91a3
0558f91c3
02bab8003
033b39061
011d00fe2
25a577823
03ba0002c
03bc0004c
03be0006c
033f3d061
03c00008c
012b1d1a2
03c2000ac
25a977843
03c6000ec
034341061
03c80010c
25b177883
03cc0014c
01d9bbb84
01dbbfbc4
034745061
01ddc3c04
01dfc7c44
01e1cbc84
01e3cfcc4
034b49061
24e4baaa1
0002101c3
01ebdfdc4
034f4d061
01ede3e04
24e8bab21
0002121cb
011f05022
24eabab61
0002131cf
01f3efec4
035755061
24eebabe1
030c0146b
035b59061
01f5f3f04
24f2bac61
035f5d061
012d211e2
0002181e3
01230d0a2
24f6bace1
0002191e7
03120152b
00021a1eb
00021b1ef
03140156b
24fcbada1
24febade1
012f25222
03afad061
00021e1fb
012715122
03b3b1061
00021f1ff
00025210b
00025310f
02360080c
000255117
000254113
00025611b
00025711f
037a01a6b
25c577923
000258123
00025a12b
000259127
00025b12f
00025c133
013129262
00025d137
00025e13b
02460090c
00025f13f
024a0094c
037e01aeb
2421f4003
024c0096c
024e0098c
0250009ac
25d177983
03c7c5061
005e48464
013735322
00604c4a4
0062504e4
03cbc9061
00685c5a4
006454524
006a605e4
038401bab
006e68664
01a99b982
038601beb
2429f4043
242df4063
03d7d5061
2431f4083
03dbd9061
019f87842
256339261
03dfdd061
2565392a1
038e01ceb
2567392e1
0002212c7
256939321
0002222cb
256b39361
039201d6b
256d393a1
0002242d3
039401dab
01ada3a02
257139421
039601deb
257339461
0002272df
0002282e3
257939521
2577394e1
03fa002ab
00022c2f3
01afa7a42
057d395a1
057f395e1
03fc002eb
0439f40c3
0017f9f62
03fe0032b
0441f4103
01b5b3b02
0445f4123
023635061
0449f4143
0451f4183
0455f41a3
0459f41c3
03b7b4003
023a39061
0019fdfa2
24a472823
02b60102c
02b80104c
02ba0106c
023e3d061
02bc0108c
002618162
02be010ac
24a872843
02c2010ec
024241061
02c40110c
24b072883
02c80114c
00d4b6b44
00d6bab84
024645061
00d8bebc4
00dac2c04
00dcc6c44
00decac84
024a49061
25e5b7aa1
0002303c3
00e6dad84
024e4d061
00e8dedc4
25e9b7b21
0002323cb
001a01fe2
25ebb7b61
0002333cf
00eeeae84
025655061
25efb7be1
02080046b
025a59061
00f0eeec4
25f3b7c61
025e5d061
00281c1a2
0002383e3
001e08062
25f7b7ce1
0002393e7
020e0052b
00023a3eb
00023b3ef
02100056b
25fdb7da1
25ffb7de1
002a201e2
02aead061
00023e3fb
0022100e2
02b2b1061
00023f3ff
00027230b
00027330f
03320180c
000275317
000274313
00027631b
00027731f
027600a6b
24c472923
000278323
00027a32b
000279327
00027b32f
00027c333
002c24222
00027d337
00027e33b
03420190c
00027f33f
03460194c
027a00aeb
2520f1003
03480196c
034a0198c
034c019ac
24d072983
02c6c5061
015b45424
0032302e2
015d49464
015f4d4a4
02cac9061
016559564
0161514e4
01675d5a4
028000bab
016b65624
00a496942
028200beb
2528f1043
252cf1063
02d6d5061
2530f1083
02dad9061
009a82802
246234261
02dedd061
2464342a1
028a00ceb
2466342e1
0002410c7
246834321
0002420cb
246a34361
028e00d6b
246c343a1
0002440d3
029000dab
00a89e9c2
247034421
029200deb
247234461
0002470df
0002480e3
247834521
2476344e1
02f6012ab
00024c0f3
00aaa2a02
047c345a1
047e345e1
02f8012eb
0538f10c3
0112f4f22
02fa0132b
0540f1103
00b0aeac2
0544f1123
033735061
0548f1143
0550f1183
0554f11a3
0558f11c3
02b2b0003
033b39061
0114f8f62
25a56f823
03b20002c
03b40004c
03b60006c
033f3d061
03b80008c
012315122
03ba000ac
25a96f843
03be000ec
034341061
03c00010c
25b16f883
03c40014c
01d1b3b04
01d3b7b44
034745061
01d5bbb84
01d7bfbc4
01d9c3c04
01dbc7c44
034b49061
24e4b2aa1
0002501c3
01e3d7d44
034f4d061
01e5dbd84
24e8b2b21
0002521cb
0116fcfa2
24eab2b61
0002531cf
01ebe7e44
035755061
24eeb2be1
03040146b
035b59061
01edebe84
24f2b2c61
035f5d061
012519162
0002581e3
011b05022
24f6b2ce1
0002591e7
030a0152b
00025a1eb
00025b1ef
030c0156b
24fcb2da1
24feb2de1
01271d1a2
03afad061
00025e1fb
011f0d0a2
03b3b1061
00025f1ff
00029210b
00029310f
022e0080c
000295117
000294113
00029611b
00029711f
037201a6b
25c56f923
000298123
00029a12b
000299127
00029b12f
00029c133
0129211e2
00029d137
00029e13b
023e0090c
00029f13f
02420094c
037601aeb
2421ec003
02440096c
02460098c
0248009ac
25d16f983
03c7c5061
0056403e4
012f2d2a2
005844424
005a48464
03cbc9061
006054524
005c4c4a4
006258564
037c01bab
0066605e4
01a193902
037e01beb
2429ec043
242dec063
03d7d5061
2431ec083
03dbd9061
01977f7c2
256331261
03dfdd061
2565312a1
038601ceb
2567312e1
0002612c7
256931321
0002622cb
256b31361
038a01d6b
256d313a1
0002642d3
038c01dab
01a59b982
257131421
038e01deb
257331461
0002672df
0002682e3
257931521
2577314e1
03f2002ab
00026c2f3
01a79f9c2
057d315a1
057f315e1
03f4002eb
0439ec0c3
000ff1ee2
03f60032b
0441ec103
01adaba82
0445ec123
023635061
0449ec143
0451ec183
0455ec1a3
0459ec1c3
03afac003
023a39061
0011f5f22
24a46a823
02ae0102c
02b00104c
02b20106c
023e3d061
02b40108c
001e100e2
02b6010ac
24a86a843
02ba010ec
024241061
02bc0110c
24b06a883
02c00114c
00ccaeac4
00ceb2b04
024645061
00d0b6b44
00d2bab84
00d4bebc4
00d6c2c04
024a49061
25e5afaa1
0002703c3
00ded2d04
024e4d061
00e0d6d44
25e9afb21
0002723cb
0013f9f62
25ebafb61
0002733cf
00e6e2e04
025655061
25efafbe1
02000046b
025a59061
00e8e6e44
25f3afc61
025e5d061
002014122
0002783e3
001601fe2
25f7afce1
0002793e7
02060052b
00027a3eb
00027b3ef
02080056b
25fdafda1
25ffafde1
002218162
02aead061
00027e3fb
001a08062
02b2b1061
00027f3ff
0002b230b
0002b330f
032a0180c
0002b5317
0002b4313
0002b631b
0002b731f
026e00a6b
24c46a923
0002b8323
0002ba32b
0002b9327
0002bb32f
0002bc333
00241c1a2
0002bd337
0002be33b
033a0190c
0002bf33f
033e0194c
027200aeb
2520e9003
03400196c
03420198c
0344019ac
24d06a983
02c6c5061
01533d3a4
002a28262
0155413e4
015745424
02cac9061
015d514e4
015949464
015f55524
027800bab
01635d5a4
009c8e8c2
027a00beb
2528e9043
252ce9063
02d6d5061
2530e9083
02dad9061
00927a782
24622c261
02dedd061
24642c2a1
028200ceb
24662c2e1
0002810c7
24682c321
0002820cb
246a2c361
028600d6b
246c2c3a1
0002840d3
028800dab
00a096942
24702c421
028a00deb
24722c461
0002870df
0002880e3
24782c521
24762c4e1
02ee012ab
00028c0f3
00a29a982
047c2c5a1
047e2c5e1
02f0012eb
0538e90c3
010aecea2
02f20132b
0540e9103
00a8a6a42
0544e9123
033735061
0548e9143
0550e9183
0554e91a3
0558e91c3
02aaa8003
033b39061
010cf0ee2
25a567823
03aa0002c
03ac0004c
03ae0006c
033f3d061
03b00008c
011b0d0a2
03b2000ac
25a967843
03b6000ec
034341061
03b80010c
25b167883
03bc0014c
01c9aba84
01cbafac4
034745061
01cdb3b04
01cfb7b44
01d1bbb84
01d3bfbc4
034b49061
24e4aaaa1
0002901c3
01dbcfcc4
034f4d061
01ddd3d04
24e8aab21
0002921cb
010ef4f22
24eaaab61
0002931cf
01e3dfdc4
035755061
24eeaabe1
02fc0146b
035b59061
01e5e3e04
24f2aac61
035f5d061
011d110e2
0002981e3
0112fcfa2
24f6aace1
0002991e7
03020152b
00029a1eb
00029b1ef
03040156b
24fcaada1
24feaade1
011f15122
03afad061
00029e1fb
011705022
03b3b1061
00029f1ff
0002d210b
0002d310f
02260080c
0002d5117
0002d4113
0002d611b
0002d711f
036a01a6b
25c567923
0002d8123
0002da12b
0002d9127
0002db12f
0002dc133
012119162
0002dd137
0002de13b
02360090c
0002df13f
023a0094c
036e01aeb
2421e4003
023c0096c
023e0098c
0240009ac
25d167983
03c7c5061
004e38364
012725222
00503c3a4
0052403e4
03cbc9061
00584c4a4
005444424
005a504e4
037401bab
005e58564
01998b882
037601beb
2429e4043
242de4063
03d7d5061
2431e4083
03dbd9061
018f77742
256329261
03dfdd061
2565292a1
037e01ceb
2567292e1
0002a12c7
256929321
0002a22cb
256b29361
038201d6b
256d293a1
0002a42d3
038401dab
019d93902
257129421
038601deb
257329461
0002a72df
0002a82e3
257929521
2577294e1
03ea002ab
0002ac2f3
019f97942
057d295a1
057f295e1
03ec002eb
0439e40c3
0007e9e62
03ee0032b
0441e4103
01a5a3a02
0445e4123
023635061
0449e4143
0451e4183
0455e41a3
0459e41c3
03a7a4003
023a39061
0009edea2
24a462823
02a60102c
02a80104c
02aa0106c
023e3d061
02ac0108c
001608062
02ae010ac
24a862843
02b2010ec
024241061
02b40110c
24b062883
02b80114c
00c4a6a44
00c6aaa84
024645061
00c8aeac4
00cab2b04
00ccb6b44
00cebab84
024a49061
25e5a7aa1
0002b03c3
00d6cac84
024e4d061
00d8cecc4
25e9a7b21
0002b23cb
000bf1ee2
25eba7b61
0002b33cf
00dedad84
025655061
25efa7be1
03f80046b
025a59061
00e0dedc4
25f3a7c61
025e5d061
00180c0a2
0002b83e3
000ff9f62
25f7a7ce1
0002b93e7
03fe0052b
0002ba3eb
0002bb3ef
02000056b
25fda7da1
25ffa7de1
001a100e2
02aead061
0002be3fb
001201fe2
02b2b1061
0002bf3ff
0002f230b
0002f330f
03220180c
0002f5317
0002f4313
0002f631b
0002f731f
026600a6b
24c462923
0002f8323
0002fa32b
0002f9327
0002fb32f
0002fc333
001c14122
0002fd337
0002fe33b
03320190c
0002ff33f
03360194c
026a00aeb
2520e1003
03380196c
033a0198c
033c019ac
24d062983
02c6c5061
014b35324
0022201e2
014d39364
014f3d3a4
02cac9061
015549464
0151413e4
01574d4a4
027000bab
015b55524
009486842
027200beb
2528e1043
252ce1063
02d6d5061
2530e1083
02dad9061
008a72702
246224261
02dedd061
2464242a1
027a00ceb
2466242e1
0002c10c7
246824321
0002c20cb
246a24361
027e00d6b
246c243a1
0002c40d3
028000dab
00988e8c2
247024421
028200deb
247224461
0002c70df
0002c80e3
247824521
2476244e1
02e6012ab
0002cc0f3
009a92902
047c245a1
047e245e1
02e8012eb
0538e10c3
0102e4e22
02ea0132b
0540e1103
00a09e9c2
0544e1123
033735061
0548e1143
0550e1183
0554e11a3
0558e11c3
02a2a0003
033b39061
0104e8e62
25a55f823
03a20002c
03a40004c
03a60006c
033f3d061
03a80008c
011305022
03aa000ac
25a95f843
03ae000ec
034341061
03b00010c
25b15f883
03b40014c
01c1a3a04
01c3a7a44
034745061
01c5aba84
01c7afac4
01c9b3b04
01cbb7b44
034b49061
24e4a2aa1
0002d01c3
01d3c7c44
034f4d061
01d5cbc84
24e8a2b21
0002d21cb
0106ecea2
24eaa2b61
0002d31cf
01dbd7d44
035755061
24eea2be1
02f40146b
035b59061
01dddbd84
24f2a2c61
035f5d061
011509062
0002d81e3
010af4f22
24f6a2ce1
0002d91e7
02fa0152b
0002da1eb
0002db1ef
02fc0156b
24fca2da1
24fea2de1
01170d0a2
03afad061
0002de1fb
010efcfa2
03b3b1061
0002df1ff
00031210b
00031310f
021e0080c
000315117
000314113
00031611b
00031711f
036201a6b
25c55f923
000318123
00031a12b
000319127
00031b12f
00031c133
0119110e2
00031d137
00031e13b
022e0090c
00031f13f
02320094c
036601aeb
2421dc003
02340096c
02360098c
0238009ac
25d15f983
03c7c5061
0046302e4
011f1d1a2
004834324
004a38364
03cbc9061
005044424
004c3c3a4
005248464
036c01bab
0056504e4
019183802
036e01beb
2429dc043
242ddc063
03d7d5061
2431dc083
03dbd9061
01876f6c2
256321261
03dfdd061
2565212a1
037601ceb
2567212e1
0002e12c7
256921321
0002e22cb
256b21361
037a01d6b
256d213a1
0002e42d3
037c01dab
01958b882
257121421
037e01deb
257321461
0002e72df
0002e82e3
257921521
2577214e1
03e2002ab
0002ec2f3
01978f8c2
057d215a1
057f215e1
03e4002eb
0439dc0c3
01ffe1de2
03e60032b
0441dc103
019d9b982
0445dc123
023635061
0449dc143
0451dc183
0455dc1a3
0459dc1c3
039f9c003
023a39061
0001e5e22
24a45a823
029e0102c
02a00104c
02a20106c
023e3d061
02a40108c
000e01fe2
02a6010ac
24a85a843
02aa010ec
024241061
02ac0110c
24b05a883
02b00114c
00bc9e9c4
00bea2a04
024645061
00c0a6a44
00c2aaa84
00c4aeac4
00c6b2b04
024a49061
25e59faa1
0002f03c3
00cec2c04
024e4d061
00d0c6c44
25e99fb21
0002f23cb
0003e9e62
25eb9fb61
0002f33cf
00d6d2d04
025655061
25ef9fbe1
03f00046b
025a59061
00d8d6d44
25f39fc61
025e5d061
001004022
0002f83e3
0007f1ee2
25f79fce1
0002f93e7
03f60052b
0002fa3eb
0002fb3ef
03f80056b
25fd9fda1
25ff9fde1
001208062
02aead061
0002fe3fb
000bf9f62
02b2b1061
0002ff3ff
00033230b
00033330f
031a0180c
000335317
000334313
00033631b
00033731f
025e00a6b
24c45a923
000338323
00033a32b
000339327
00033b32f
00033c333
00140c0a2
00033d337
00033e33b
032a0190c
00033f33f
032e0194c
026200aeb
2520d9003
03300196c
03320198c
0334019ac
24d05a983
02c6c5061
01432d2a4
001a18162
0145312e4
014735324
02cac9061
014d413e4
014939364
014f45424
026800bab
01534d4a4
008c7e7c2
026a00beb
2528d9043
252cd9063
02d6d5061
2530d9083
02dad9061
00826a682
24621c261
02dedd061
24641c2a1
027200ceb
24661c2e1
0003010c7
24681c321
0003020cb
246a1c361
027600d6b
246c1c3a1
0003040d3
027800dab
009086842
24701c421
027a00deb
24721c461
0003070df
0003080e3
24781c521
24761c4e1
02de012ab
00030c0f3
00928a882
047c1c5a1
047e1c5e1
02e0012eb
0538d90c3
00fadcda2
02e20132b
0540d9103
009896942
0544d9123
033735061
0548d9143
0550d9183
0554d91a3
0558d91c3
029a98003
033b39061
00fce0de2
25a557823
039a0002c
039c0004c
039e0006c
033f3d061
03a00008c
010afcfa2
03a2000ac
25a957843
03a6000ec
034341061
03a80010c
25b157883
03ac0014c
01b99b984
01bb9f9c4
034745061
01bda3a04
01bfa7a44
01c1aba84
01c3afac4
034b49061
24e49aaa1
0003101c3
01cbbfbc4
034f4d061
01cdc3c04
24e89ab21
0003121cb
00fee4e22
24ea9ab61
0003131cf
01d3cfcc4
035755061
24ee9abe1
02ec0146b
035b59061
01d5d3d04
24f29ac61
035f5d061
010d00fe2
0003181e3
0102ecea2
24f69ace1
0003191e7
02f20152b
00031a1eb
00031b1ef
02f40156b
24fc9ada1
24fe9ade1
010f05022
03afad061
00031e1fb
0106f4f22
03b3b1061
00031f1ff
00035210b
00035310f
02160080c
000355117
000354113
00035611b
00035711f
035a01a6b
25c557923
000358123
00035a12b
000359127
00035b12f
00035c133
011109062
00035d137
00035e13b
02260090c
00035f13f
022a0094c
035e01aeb
2421d4003
022c0096c
022e0098c
0230009ac
25d157983
03c7c5061
003e28264
011715122
00402c2a4
0042302e4
03cbc9061
00483c3a4
004434324
004a403e4
036401bab
004e48464
01897b782
036601beb
2429d4043
242dd4063
03d7d5061
2431d4083
03dbd9061
017f67642
256319261
03dfdd061
2565192a1
036e01ceb
2567192e1
0003212c7
256919321
0003222cb
256b19361
037201d6b
256d193a1
0003242d3
037401dab
018d83802
257119421
037601deb
257319461
0003272df
0003282e3
257919521
2577194e1
03da002ab
00032c2f3
018f87842
057d195a1
057f195e1
03dc002eb
0439d40c3
01f7d9d62
03de0032b
0441d4103
019593902
0445d4123
023635061
0449d4143
0451d4183
0455d41a3
0459d41c3
039794003
023a39061
01f9ddda2
24a452823
02960102c
02980104c
029a0106c
023e3d061
029c0108c
0007f9f62
029e010ac
24a852843
02a2010ec
024241061
02a40110c
24b052883
02a80114c
00b496944
00b69a984
024645061
00b89e9c4
00baa2a04
00bca6a44
00beaaa84
024a49061
25e597aa1
0003303c3
00c6bab84
024e4d061
00c8bebc4
25e997b21
0003323cb
01fbe1de2
25eb97b61
0003333cf
00cecac84
025655061
25ef97be1
03e80046b
025a59061
00d0cecc4
25f397c61
025e5d061
0009fdfa2
0003383e3
01ffe9e62
25f797ce1
0003393e7
03ee0052b
00033a3eb
00033b3ef
03f00056b
25fd97da1
25ff97de1
000a01fe2
02aead061
00033e3fb
0003f1ee2
02b2b1061
00033f3ff
00037230b
00037330f
03120180c
000375317
000374313
00037631b
00037731f
025600a6b
24c452923
000378323
00037a32b
000379327
00037b32f
00037c333
000c04022
00037d337
00037e33b
03220190c
00037f33f
03260194c
025a00aeb
2520d1003
03280196c
032a0198c
032c019ac
24d052983
02c6c5061
013b25224
0012100e2
013d29264
013f2d2a4
02cac9061
014539364
0141312e4
01473d3a4
026000bab
014b45424
008476742
026200beb
2528d1043
252cd1063
02d6d5061
2530d1083
02dad9061
007a62602
246214261
02dedd061
2464142a1
026a00ceb
2466142e1
0003410c7
246814321
0003420cb
246a14361
026e00d6b
246c143a1
0003440d3
027000dab
00887e7c2
247014421
027200deb
247214461
0003470df
0003480e3
247814521
2476144e1
02d6012ab
00034c0f3
008a82802
047c145a1
047e145e1
02d8012eb
0538d10c3
00f2d4d22
02da0132b
0540d1103
00908e8c2
0544d1123
033735061
0548d1143
0550d1183
0554d11a3
0558d11c3
029290003
033b39061
00f4d8d62
25a54f823
03920002c
03940004c
03960006c
033f3d061
03980008c
0102f4f22
039a000ac
25a94f843
039e000ec
034341061
03a00010c
25b14f883
03a40014c
01b193904
01b397944
034745061
01b59b984
01b79f9c4
01b9a3a04
01bba7a44
034b49061
24e492aa1
0003501c3
01c3b7b44
034f4d061
01c5bbb84
24e892b21
0003521cb
00f6dcda2
24ea92b61
0003531cf
01cbc7c44
035755061
24ee92be1
02e40146b
035b59061
01cdcbc84
24f292c61
035f5d061
0104f8f62
0003581e3
00fae4e22
24f692ce1
0003591e7
02ea0152b
00035a1eb
00035b1ef
02ec0156b
24fc92da1
24fe92de1
0106fcfa2
03afad061
00035e1fb
00feecea2
03b3b1061
00035f1ff
00039210b
00039310f
020e0080c
000395117
000394113
00039611b
00039711f
035201a6b
25c54f923
000398123
00039a12b
000399127
00039b12f
00039c133
010900fe2
00039d137
00039e13b
021e0090c
00039f13f
02220094c
035601aeb
2421cc003
02240096c
02260098c
0228009ac
25d14f983
03c7c5061
0036201e4
010f0d0a2
003824224
003a28264
03cbc9061
004034324
003c2c2a4
004238364
035c01bab
0046403e4
018173702
035e01beb
2429cc043
242dcc063
03d7d5061
2431cc083
03dbd9061
01775f5c2
256311261
03dfdd061
2565112a1
036601ceb
2567112e1
0003612c7
256911321
0003622cb
256b11361
036a01d6b
256d113a1
0003642d3
036c01dab
01857b782
257111421
036e01deb
257311461
0003672df
0003682e3
257911521
2577114e1
03d2002ab
00036c2f3
01877f7c2
057d115a1
057f115e1
03d4002eb
0439cc0c3
01efd1ce2
03d60032b
0441cc103
018d8b882
0445cc123
023635061
0449cc143
0451cc183
0455cc1a3
0459cc1c3
038f8c003
023a39061
01f1d5d22
24a44a823
028e0102c
02900104c
02920106c
023e3d061
02940108c
01fff1ee2
0296010ac
24a84a843
029a010ec
024241061
029c0110c
24b04a883
02a00114c
00ac8e8c4
00ae92904
024645061
00b096944
00b29a984
00b49e9c4
00b6a2a04
024a49061
25e58faa1
0003703c3
00beb2b04
024e4d061
00c0b6b44
25e98fb21
0003723cb
01f3d9d62
25eb8fb61
0003733cf
00c6c2c04
025655061
25ef8fbe1
03e00046b
025a59061
00c8c6c44
25f38fc61
025e5d061
0001f5f22
0003783e3
01f7e1de2
25f78fce1
0003793e7
03e60052b
00037a3eb
00037b3ef
03e80056b
25fd8fda1
25ff8fde1
0003f9f62
02aead061
00037e3fb
01fbe9e62
02b2b1061
00037f3ff
0003b230b
0003b330f
030a0180c
0003b5317
0003b4313
0003b631b
0003b731f
024e00a6b
24c44a923
0003b8323
0003ba32b
0003b9327
0003bb32f
0003bc333
0005fdfa2
0003bd337
0003be33b
031a0190c
0003bf33f
031e0194c
025200aeb
2520c9003
03200196c
03220198c
0324019ac
24d04a983
02c6c5061
01331d1a4
000a08062
0135211e4
013725224
02cac9061
013d312e4
013929264
013f35324
025800bab
01433d3a4
007c6e6c2
025a00beb
2528c9043
252cc9063
02d6d5061
2530c9083
02dad9061
00725a582
24620c261
02dedd061
24640c2a1
026200ceb
24660c2e1
0003810c7
24680c321
0003820cb
246a0c361
026600d6b
246c0c3a1
0003840d3
026800dab
008076742
24700c421
026a00deb
24720c461
0003870df
0003880e3
24780c521
24760c4e1
02ce012ab
00038c0f3
00827a782
047c0c5a1
047e0c5e1
02d0012eb
0538c90c3
00eaccca2
02d20132b
0540c9103
008886842
0544c9123
033735061
0548c9143
0550c9183
0554c91a3
0558c91c3
028a88003
033b39061
00ecd0ce2
25a547823
038a0002c
038c0004c
038e0006c
033f3d061
03900008c
00faecea2
0392000ac
25a947843
0396000ec
034341061
03980010c
25b147883
039c0014c
01a98b884
01ab8f8c4
034745061
01ad93904
01af97944
01b19b984
01b39f9c4
034b49061
24e48aaa1
0003901c3
01bbafac4
034f4d061
01bdb3b04
24e88ab21
0003921cb
00eed4d22
24ea8ab61
0003931cf
01c3bfbc4
035755061
24ee8abe1
02dc0146b
035b59061
01c5c3c04
24f28ac61
035f5d061
00fcf0ee2
0003981e3
00f2dcda2
24f68ace1
0003991e7
02e20152b
00039a1eb
00039b1ef
02e40156b
24fc8ada1
24fe8ade1
00fef4f22
03afad061
00039e1fb
00f6e4e22
03b3b1061
00039f1ff
0003d210b
0003d310f
02060080c
0003d5117
0003d4113
0003d611b
0003d711f
034a01a6b
25c547923
0003d8123
0003da12b
0003d9127
0003db12f
0003dc133
0100f8f62
0003dd137
0003de13b
02160090c
0003df13f
021a0094c
034e01aeb
2421c4003
021c0096c
021e0098c
0220009ac
25d147983
03c7c5061
002e18164
010705022
00301c1a4
0032201e4
03cbc9061
00382c2a4
003424224
003a302e4
035401bab
003e38364
01796b682
035601beb
2429c4043
242dc4063
03d7d5061
2431c4083
03dbd9061
016f57542
256309261
03dfdd061
2565092a1
035e01ceb
2567092e1
0003a12c7
256909321
0003a22cb
256b09361
036201d6b
256d093a1
0003a42d3
036401dab
017d73702
257109421
036601deb
257309461
0003a72df
0003a82e3
257909521
2577094e1
03ca002ab
0003ac2f3
017f77742
057d095a1
057f095e1
03cc002eb
0439c40c3
01e7c9c62
03ce0032b
0441c4103
018583802
0445c4123
023635061
0449c4143
0451c4183
0455c41a3
0459c41c3
038784003
023a39061
01e9cdca2
24a442823
02860102c
02880104c
028a0106c
023e3d061
028c0108c
01f7e9e62
028e010ac
24a842843
0292010ec
024241061
02940110c
24b042883
02980114c
00a486844
00a68a884
024645061
00a88e8c4
00aa92904
00ac96944
00ae9a984
024a49061
25e587aa1
0003b03c3
00b6aaa84
024e4d061
00b8aeac4
25e987b21
0003b23cb
01ebd1ce2
25eb87b61
0003b33cf
00bebab84
025655061
25ef87be1
03d80046b
025a59061
00c0bebc4
25f387c61
025e5d061
01f9edea2
0003b83e3
01efd9d62
25f787ce1
0003b93e7
03de0052b
0003ba3eb
0003bb3ef
03e00056b
25fd87da1
25ff87de1
01fbf1ee2
02aead061
0003be3fb
01f3e1de2
02b2b1061
0003bf3ff
0003f230b
0003f330f
03020180c
0003f5317
0003f4313
0003f631b
0003f731f
024600a6b
24c442923
0003f8323
0003fa32b
0003f9327
0003fb32f
0003fc333
01fdf5f22
0003fd337
0003fe33b
03120190c
0003ff33f
03160194c
024a00aeb
2520c1003
03180196c
031a0198c
031c019ac
24d042983
02c6c5061
012b15124
000201fe2
012d19164
012f1d1a4
02cac9061
013529264
0131211e4
01372d2a4
025000bab
013b35324
007466642
025200beb
2528c1043
252cc1063
02d6d5061
2530c1083
02dad9061
006a52502
246204261
02dedd061
2464042a1
025a00ceb
2466042e1
0003c10c7
246804321
0003c20cb
246a04361
025e00d6b
246c043a1
0003c40d3
026000dab
00786e6c2
247004421
026200deb
247204461
0003c70df
0003c80e3
247804521
2476044e1
02c6012ab
0003cc0f3
007a72702
047c045a1
047e045e1
02c8012eb
0538c10c3
00e2c4c22
02ca0132b
0540c1103
00807e7c2
054cc1163
0548c1143
0554c11a3
05a13f803
055cc11e3
00e4c8c62
25ad3f863
00f2e4e22
034341061
24e082a21
24e282a61
034b49061
0003d01c3
034f4d061
0003d11c7
0003d21cb
00e6ccca2
24ea82b61
24ec82ba1
035755061
24ee82be1
02d40146b
035b59061
0003d61db
02d6014ab
0003d71df
24f482ca1
02d8014eb
03a3a1061
00faf4f22
24f882d21
03a7a5061
24fa82d61
00ecd8d62
03aba9061
0003dc1f3
02de015ab
0003dd1f7
25b53f8a3
02e0015eb
25b93f8c3
0003df1ff
034001a2b
25c13f903
00f0e0de2
03bbb9061
034401aab
03bfbd061
016143402
03c3c1061
25d13f983
03c7c5061
00fefcfa2
034a01b6b
016347442
25dd3f9e3
03cfcd061
034e01beb
01654b482
03d7d5061
035201c6b
01674f4c2
2565012a1
035401cab
017367642
0003e12c7
016953502
017973702
256b01361
0003e32cf
035a01d6b
0003e52d7
056f013e1
057301461
0577014e1
0003e62db
0003e72df
0003e82e3
0003e92e7
0003ea2eb
0003eb2ef
0003ec2f3
0003ed2f7
0003ef2ff
01776f6c2
017d7b782
05e17fa21
05e57faa1
05e97fb21
05ed7fba1
05ef7fbe1
05f37fc61
05f17fc21
05f57fca1
05f77fce1
05fb7fd61
05f97fd21
05fd7fda1
05ff7fde1
0003fa3eb
0003fd3f7
0003fe3fb
000000003
000002017
040401045
00000502f
000007043
000008053
00000a067
041815045
00000d07f
00000f093
0000100a3
0000120b7
042c29045
0000150cf
0000170e3
0000180f3
00001a107
04403d045
00001d11f
000021147
00001f133
000022157
045451045
00002516f
000027183
000028193
00002a1a7
046865045
00002d1bf
0000311e7
00002f1d3
0000321f7
047c79045
00003520f
000037223
000038233
00003a247
04908d045
00003d25f
000041287
00003f273
000042297
04a4a1045
0000452af
0000472c3
0000482d3
00004a2e7
04b8b5045
00004d2ff
000051327
00004f313
000052337
04ccc9045
00005534f
04e0dd045
04f4f1045
050905045
051d19045
05312d045
054541045
055955045
056d69045
05817d045
059591045
05a9a5045
00100e0a1
0024221e1
003836321
000806021
001c1a161
00302e2a1
0044423e1
004c4a461
005654501
00605e5a1
006a68641
0074726e1
007e7c781
008886821
005856521
006c6a661
00807e7a1
00000709f
0000080b3
0000090c7
00000a0db
00000b0ef
00000c103
00000d117
0094928e1
00a8a6a21
00bcbab61
00d0ceca1
00d8d6d21
00e2e0dc1
00eceae61
00f6f4f01
0100fefa1
010b09041
0115130e1
00e4e2de1
00f8f6f21
010d0b061
0000151b7
0000161cb
0000171df
0000181f3
000019207
00001a21b
00001b22f
01211f1a1
0135332e1
014947421
015d5b561
0165635e1
016f6d681
017977721
0183817c1
018d8b861
019795901
01a19f9a1
01716f6a1
0185837e1
019997921
0000232cf
0000242e3
00002630b
000028333
01adaba61
00002a35b
000058373
05b3af045
00005b38b
00005d39f
00005e3af
0000603c3
05c7c3045
0000633db
0000653ef
0000663ff
000068013
05dbd7045
00006b02b
00006d03f
00006e04f
000070063
05efeb045
00007307b
0000770a3
00007508f
0000780b3
0403ff045
00007b0cb
00007d0df
00007e0ef
000080103
041613045
00008311b
000087143
00008512f
000088153
042a27045
00008b16b
00008d17f
00008e18f
0000901a3
043e3b045
0000931bb
0000971e3
0000951cf
0000981f3
04524f045
00009b20b
00009d21f
00009e22f
0000a0243
046663045
0000a325b
0000a7283
0000a526f
0000a8293
047a77045
0000ab2ab
048e8b045
04a29f045
04b6b3045
04cac7045
04dedb045
04f2ef045
050703045
051b17045
052f2b045
05433f045
055753045
01bfbdb81
01d3d1cc1
01e7e5e01
01b7b5b01
01cbc9c41
01dfddd81
01f3f1ec1
01fbf9f41
000403fe1
000e0c081
001816121
0022201c1
002c2a261
003634301
000604001
001a18141
002e2c281
0000323fb
00003300f
000034023
000035037
00003604b
00003705f
000038073
0042403c1
005654501
006a68641
007e7c781
008684801
00908e8a1
009a98941
00a4a29e1
00aeaca81
00b8b6b21
00c2c0bc1
0092908c1
00a6a4a01
00bab8b41
000040113
000041127
00004213b
00004314f
000044163
000045177
00004618b
00ceccc81
00e2e0dc1
00f6f4f01
010b09041
0113110c1
011d1b161
012725201
01312f2a1
013b39341
0145433e1
014f4d481
011f1d181
0133312c1
014745401
00004e22b
00004f23f
000051267
00005328f
015b59541
0000552b7
0000ae2cf
05615d045
0000b12e7
0000b32fb
0000b430b
0000b631f
057571045
0000b9337
0000bb34b
0000bc35b
0000be36f
058985045
0000c1387
0000c339b
0000c43ab
0000c63bf
059d99045
0000c93d7
0000cd3ff
0000cb3eb
0000ce00f
05b1ad045
0000d1027
0000d303b
0000d404b
0000d605f
05c5c1045
0000d9077
0000dd09f
0000db08b
0000de0af
05d9d5045
0000e10c7
0000e30db
0000e40eb
0000e60ff
05ede9045
0000e9117
0000ed13f
0000eb12b
0000ee14f
0401fd045
0000f1167
0000f317b
0000f418b
0000f619f
041411045
0000f91b7
0000fd1df
0000fb1cb
0000fe1ef
042825045
000101207
043c39045
04504d045
046461045
047875045
048c89045
04a09d045
04b4b1045
04c8c5045
04dcd9045
04f0ed045
050501045
016d6b661
01817f7a1
0195938e1
0165635e1
017977721
018d8b861
01a19f9a1
01a9a7a21
01b3b1ac1
01bdbbb61
01c7c5c01
01d1cfca1
01dbd9d41
01e5e3de1
01b5b3ae1
01c9c7c21
01dddbd61
00005d357
00005e36b
00005f37f
000060393
0000613a7
0000623bb
0000633cf
01f1efea1
000403fe1
001816121
002c2a261
0034322e1
003e3c381
004846421
0052504c1
005c5a561
006664601
00706e6a1
00403e3a1
0054524e1
006866621
00006b06f
00006c083
00006d097
00006e0ab
00006f0bf
0000700d3
0000710e7
007c7a761
00908e8a1
00a4a29e1
00b8b6b21
00c0beba1
00cac8c41
00d4d2ce1
00dedcd81
00e8e6e21
00f2f0ec1
00fcfaf61
00cccac61
00e0deda1
00f4f2ee1
000079187
00007a19b
00007c1c3
00007e1eb
010907021
000080213
00010422b
050f0b045
000107243
000109257
00010a267
00010c27b
05231f045
00010f293
0001112a7
0001122b7
0001142cb
053733045
0001172e3
0001192f7
00011a307
00011c31b
054b47045
00011f333
00012335b
000121347
00012436b
055f5b045
000127383
000129397
00012a3a7
00012c3bb
05736f045
00012f3d3
0001333fb
0001313e7
00013400b
058783045
000137023
000139037
00013a047
00013c05b
059b97045
00013f073
00014309b
000141087
0001440ab
05afab045
0001470c3
0001490d7
00014a0e7
00014c0fb
05c3bf045
00014f113
00015313b
000151127
00015414b
05d7d3045
000157163
05ebe7045
05fffb045
04120f045
042623045
043a37045
044e4b045
04625f045
047673045
048a87045
049e9b045
04b2af045
011b19141
012f2d281
0143413c1
0113110c1
012725201
013b39341
014f4d481
015755501
01615f5a1
016b69641
0175736e1
017f7d781
018987821
0193918c1
0163615c1
017775701
018b89841
0000882b3
0000892c7
00008a2db
00008b2ef
00008c303
00008d317
00008e32b
019f9d981
01b3b1ac1
01c7c5c01
01dbd9d41
01e3e1dc1
01edebe61
01f7f5f01
0001fffa1
000a08041
0014120e1
001e1c181
01efede81
000201fc1
001614101
0000963cb
0000973df
0000983f3
000099007
00009a01b
00009b02f
00009c043
002a28241
003e3c381
0052504c1
006664601
006e6c681
007876721
0082807c1
008c8a861
009694901
00a09e9a1
00aaa8a41
007a78741
008e8c881
00a2a09c1
0000a40e3
0000a50f7
0000a711f
0000a9147
00b6b4b01
0000ab16f
00015a187
04bcb9045
00015d19f
00015f1b3
0001601c3
0001621d7
04d0cd045
0001651ef
000167203
000168213
00016a227
04e4e1045
00016d23f
00016f253
000170263
000172277
04f8f5045
00017528f
0001792b7
0001772a3
00017a2c7
050d09045
00017d2df
00017f2f3
000180303
000182317
05211d045
00018532f
000189357
000187343
00018a367
053531045
00018d37f
00018f393
0001903a3
0001923b7
054945045
0001953cf
0001993f7
0001973e3
00019a007
055d59045
00019d01f
00019f033
0001a0043
0001a2057
05716d045
0001a506f
0001a9097
0001a7083
0001aa0a7
058581045
0001ad0bf
059995045
05ada9045
05c1bd045
05d5d1045
05e9e5045
05fdf9045
04100d045
042421045
043835045
044c49045
04605d045
00c8c6c21
00dcdad61
00f0eeea1
00c0beba1
00d4d2ce1
00e8e6e21
00fcfaf61
010502fe1
010f0d081
011917121
0123211c1
012d2b261
013735301
01413f3a1
01110f0a1
0125231e1
013937321
0000b320f
0000b4223
0000b5237
0000b624b
0000b725f
0000b8273
0000b9287
014d4b461
01615f5a1
0175736e1
018987821
01918f8a1
019b99941
01a5a39e1
01afada81
01b9b7b21
01c3c1bc1
01cdcbc61
019d9b961
01b1afaa1
01c5c3be1
0000c1327
0000c233b
0000c334f
0000c4363
0000c5377
0000c638b
0000c739f
01d9d7d21
01edebe61
0001fffa1
0014120e1
001c1a161
002624201
00302e2a1
003a38341
0044423e1
004e4c481
005856521
002826221
003c3a361
00504e4a1
0000cf03f
0000d0053
0000d207b
0000d40a3
0064625e1
0000d60cb
0001b00e3
046a67045
0001b30fb
0001b510f
0001b611f
0001b8133
047e7b045
0001bb14b
0001bd15f
0001be16f
0001c0183
04928f045
0001c319b
0001c51af
0001c61bf
0001c81d3
04a6a3045
0001cb1eb
0001cf213
0001cd1ff
0001d0223
04bab7045
0001d323b
0001d524f
0001d625f
0001d8273
04cecb045
0001db28b
0001df2b3
0001dd29f
0001e02c3
04e2df045
0001e32db
0001e52ef
0001e62ff
0001e8313
04f6f3045
0001eb32b
0001ef353
0001ed33f
0001f0363
050b07045
0001f337b
0001f538f
0001f639f
0001f83b3
051f1b045
0001fb3cb
0001ff3f3
0001fd3df
000200003
05332f045
00020301b
054743045
055b57045
056f6b045
05837f045
059793045
05aba7045
05bfbb045
05d3cf045
05e7e3045
05fbf7045
040e0b045
007674701
008a88841
009e9c981
006e6c681
0082807c1
009694901
00aaa8a41
00b2b0ac1
00bcbab61
00c6c4c01
00d0ceca1
00dad8d41
00e4e2de1
00eeece81
00bebcb81
00d2d0cc1
00e6e4e01
0000de16b
0000df17f
0000e0193
0000e11a7
0000e21bb
0000e31cf
0000e41e3
00faf8f41
010f0d081
0123211c1
013735301
013f3d381
014947421
0153514c1
015d5b561
016765601
01716f6a1
017b79741
014b49441
015f5d581
0173716c1
0000ec283
0000ed297
0000ee2ab
0000ef2bf
0000f02d3
0000f12e7
0000f22fb
018785801
019b99941
01afada81
01c3c1bc1
01cbc9c41
01d5d3ce1
01dfddd81
01e9e7e21
01f3f1ec1
01fdfbf61
000604001
01d7d5d01
01ebe9e41
01fffdf81
0000fa39b
0000fb3af
0000fd3d7
0000ff3ff
0012100c1
000101027
00020603f
041815045
000209057
00020b06b
00020c07b
00020e08f
042c29045
0002110a7
0002130bb
0002140cb
0002160df
04403d045
0002190f7
00021b10b
00021c11b
00021e12f
045451045
000221147
00022516f
00022315b
00022617f
046865045
000229197
00022b1ab
00022c1bb
00022e1cf
047c79045
0002311e7
00023520f
0002331fb
00023621f
04908d045
000239237
00023b24b
00023c25b
00023e26f
04a4a1045
000241287
0002452af
00024329b
0002462bf
04b8b5045
0002492d7
00024b2eb
00024c2fb
00024e30f
04ccc9045
000251327
00025534f
00025333b
00025635f
04e0dd045
000259377
04f4f1045
050905045
051d19045
05312d045
054541045
055955045
056d69045
05817d045
059591045
05a9a5045
05bdb9045
0024221e1
003836321
004c4a461
001c1a161
00302e2a1
0044423e1
005856521
00605e5a1
006a68641
0074726e1
007e7c781
008886821
0092908c1
009c9a961
006c6a661
00807e7a1
0094928e1
0001090c7
00010a0db
00010b0ef
00010c103
00010d117
00010e12b
00010f13f
00a8a6a21
00bcbab61
00d0ceca1
00e4e2de1
00eceae61
00f6f4f01
0100fefa1
010b09041
0115130e1
011f1d181
012927221
00f8f6f21
010d0b061
01211f1a1
0001171df
0001181f3
000119207
00011a21b
00011b22f
00011c243
00011d257
0135332e1
014947421
015d5b561
01716f6a1
017977721
0183817c1
018d8b861
019795901
01a19f9a1
01aba9a41
01b5b3ae1
0185837e1
019997921
01adaba61
0001252f7
00012630b
000128333
00012a35b
01c1bfba1
00012c383
00025c39b
05c7c3045
00025f3b3
0002613c7
0002623d7
0002643eb
05dbd7045
000267003
000269017
00026a027
00026c03b
05efeb045
00026f053
000271067
000272077
00027408b
0403ff045
0002770a3
00027b0cb
0002790b7
00027c0db
041613045
00027f0f3
000281107
000282117
00028412b
042a27045
000287143
00028b16b
000289157
00028c17b
043e3b045
00028f193
0002911a7
0002921b7
0002941cb
04524f045
0002971e3
00029b20b
0002991f7
00029c21b
046663045
00029f233
0002a1247
0002a2257
0002a426b
047a77045
0002a7283
0002ab2ab
0002a9297
0002ac2bb
048e8b045
0002af2d3
04a29f045
04b6b3045
04cac7045
04dedb045
04f2ef045
050703045
051b17045
052f2b045
05433f045
055753045
056b67045
01d3d1cc1
01e7e5e01
01fbf9f41
01cbc9c41
01dfddd81
01f3f1ec1
000604001
000e0c081
001816121
0022201c1
002c2a261
003634301
00403e3a1
004a48441
001a18141
002e2c281
0042403c1
000134023
000135037
00013604b
00013705f
000138073
000139087
00013a09b
005654501
006a68641
007e7c781
0092908c1
009a98941
00a4a29e1
00aeaca81
00b8b6b21
00c2c0bc1
00cccac61
00d6d4d01
00a6a4a01
00bab8b41
00ceccc81
00014213b
00014314f
000144163
000145177
00014618b
00014719f
0001481b3
00e2e0dc1
00f6f4f01
010b09041
011f1d181
012725201
01312f2a1
013b39341
0145433e1
014f4d481
015957521
0163615c1
0133312c1
014745401
015b59541
000150253
000151267
00015328f
0001552b7
016f6d681
0001572df
0002b22f7
057571045
0002b530f
0002b7323
0002b8333
0002ba347
058985045
0002bd35f
0002bf373
0002c0383
0002c2397
059d99045
0002c53af
0002c73c3
0002c83d3
0002ca3e7
05b1ad045
0002cd3ff
0002d1027
0002cf013
0002d2037
05c5c1045
0002d504f
0002d7063
0002d8073
0002da087
05d9d5045
0002dd09f
0002e10c7
0002df0b3
0002e20d7
05ede9045
0002e50ef
0002e7103
0002e8113
0002ea127
0401fd045
0002ed13f
0002f1167
0002ef153
0002f2177
041411045
0002f518f
0002f71a3
0002f81b3
0002fa1c7
042825045
0002fd1df
000301207
0002ff1f3
000302217
043c39045
00030522f
04504d045
046461045
047875045
048c89045
04a09d045
04b4b1045
04c8c5045
04dcd9045
04f0ed045
050501045
051915045
01817f7a1
0195938e1
01a9a7a21
017977721
018d8b861
01a19f9a1
01b5b3ae1
01bdbbb61
01c7c5c01
01d1cfca1
01dbd9d41
01e5e3de1
01efede81
01f9f7f21
01c9c7c21
01dddbd61
01f1efea1
00015f37f
000160393
0001613a7
0001623bb
0001633cf
0001643e3
0001653f7
000403fe1
001816121
002c2a261
00403e3a1
004846421
0052504c1
005c5a561
006664601
00706e6a1
007a78741
0084827e1
0054524e1
006866621
007c7a761
00016d097
00016e0ab
00016f0bf
0001700d3
0001710e7
0001720fb
00017310f
00908e8a1
00a4a29e1
00b8b6b21
00cccac61
00d4d2ce1
00dedcd81
00e8e6e21
00f2f0ec1
00fcfaf61
010705001
01110f0a1
00e0deda1
00f4f2ee1
010907021
00017b1af
00017c1c3
00017e1eb
000180213
011d1b161
00018223b
000308253
05231f045
00030b26b
00030d27f
00030e28f
0003102a3
053733045
0003132bb
0003152cf
0003162df
0003182f3
054b47045
00031b30b
00031d31f
00031e32f
000320343
055f5b045
00032335b
000327383
00032536f
000328393
05736f045
00032b3ab
00032d3bf
00032e3cf
0003303e3
058783045
0003333fb
000337023
00033500f
000338033
059b97045
00033b04b
00033d05f
00033e06f
000340083
05afab045
00034309b
0003470c3
0003450af
0003480d3
05c3bf045
00034b0eb
00034d0ff
00034e10f
000350123
05d7d3045
00035313b
000357163
00035514f
000358173
05ebe7045
00035b18b
05fffb045
04120f045
042623045
043a37045
044e4b045
04625f045
047673045
048a87045
049e9b045
04b2af045
04c6c3045
012f2d281
0143413c1
015755501
012725201
013b39341
014f4d481
0163615c1
016b69641
0175736e1
017f7d781
018987821
0193918c1
019d9b961
01a7a5a01
017775701
018b89841
019f9d981
00018a2db
00018b2ef
00018c303
00018d317
00018e32b
00018f33f
000190353
01b3b1ac1
01c7c5c01
01dbd9d41
01efede81
01f7f5f01
0001fffa1
000a08041
0014120e1
001e1c181
002826221
0032302c1
000201fc1
001614101
002a28241
0001983f3
000199007
00019a01b
00019b02f
00019c043
00019d057
00019e06b
003e3c381
0052504c1
006664601
007a78741
0082807c1
008c8a861
009694901
00a09e9a1
00aaa8a41
00b4b2ae1
00bebcb81
008e8c881
00a2a09c1
00b6b4b01
0001a610b
0001a711f
0001a9147
0001ab16f
00cac8c41
0001ad197
00035e1af
04d0cd045
0003611c7
0003631db
0003641eb
0003661ff
04e4e1045
000369217
00036b22b
00036c23b
00036e24f
04f8f5045
000371267
00037327b
00037428b
00037629f
050d09045
0003792b7
00037d2df
00037b2cb
00037e2ef
05211d045
000381307
00038331b
00038432b
00038633f
053531045
000389357
00038d37f
00038b36b
00038e38f
054945045
0003913a7
0003933bb
0003943cb
0003963df
055d59045
0003993f7
00039d01f
00039b00b
00039e02f
05716d045
0003a1047
0003a305b
0003a406b
0003a607f
058581045
0003a9097
0003ad0bf
0003ab0ab
0003ae0cf
059995045
0003b10e7
05ada9045
05c1bd045
05d5d1045
05e9e5045
05fdf9045
04100d045
042421045
043835045
044c49045
04605d045
047471045
00dcdad61
00f0eeea1
010502fe1
00d4d2ce1
00e8e6e21
00fcfaf61
01110f0a1
011917121
0123211c1
012d2b261
013735301
01413f3a1
014b49441
0155534e1
0125231e1
013937321
014d4b461
0001b5237
0001b624b
0001b725f
0001b8273
0001b9287
0001ba29b
0001bb2af
01615f5a1
0175736e1
018987821
019d9b961
01a5a39e1
01afada81
01b9b7b21
01c3c1bc1
01cdcbc61
01d7d5d01
01e1dfda1
01b1afaa1
01c5c3be1
01d9d7d21
0001c334f
0001c4363
0001c5377
0001c638b
0001c739f
0001c83b3
0001c93c7
01edebe61
0001fffa1
0014120e1
002826221
00302e2a1
003a38341
0044423e1
004e4c481
005856521
0062605c1
006c6a661
003c3a361
00504e4a1
0064625e1
0001d1067
0001d207b
0001d40a3
0001d60cb
007876721
0001d80f3
0003b410b
047e7b045
0003b7123
0003b9137
0003ba147
0003bc15b
04928f045
0003bf173
0003c1187
0003c2197
0003c41ab
04a6a3045
0003c71c3
0003c91d7
0003ca1e7
0003cc1fb
04bab7045
0003cf213
0003d323b
0003d1227
0003d424b
04cecb045
0003d7263
0003d9277
0003da287
0003dc29b
04e2df045
0003df2b3
0003e32db
0003e12c7
0003e42eb
04f6f3045
0003e7303
0003e9317
0003ea327
0003ec33b
050b07045
0003ef353
0003f337b
0003f1367
0003f438b
051f1b045
0003f73a3
0003f93b7
0003fa3c7
0003fc3db
05332f045
0003ff3f3
00040301b
000401007
00040402b
054743045
000407043
055b57045
056f6b045
05837f045
059793045
05aba7045
05bfbb045
05d3cf045
05e7e3045
05fbf7045
040e0b045
04221f045
008a88841
009e9c981
00b2b0ac1
0082807c1
009694901
00aaa8a41
00bebcb81
00c6c4c01
00d0ceca1
00dad8d41
00e4e2de1
00eeece81
00f8f6f21
010300fc1
00d2d0cc1
00e6e4e01
00faf8f41
0001e0193
0001e11a7
0001e21bb
0001e31cf
0001e41e3
0001e51f7
0001e620b
010f0d081
0123211c1
013735301
014b49441
0153514c1
015d5b561
016765601
01716f6a1
017b79741
0185837e1
018f8d881
015f5d581
0173716c1
018785801
0001ee2ab
0001ef2bf
0001f02d3
0001f12e7
0001f22fb
0001f330f
0001f4323
019b99941
01afada81
01c3c1bc1
01d7d5d01
01dfddd81
01e9e7e21
01f3f1ec1
01fdfbf61
000604001
00100e0a1
001a18141
01ebe9e41
01fffdf81
0012100c1
0001fc3c3
0001fd3d7
0001ff3ff
000201027
002624201
00020304f
00040a067
042c29045
00040d07f
00040f093
0004100a3
0004120b7
04403d045
0004150cf
0004170e3
0004180f3
00041a107
045451045
00041d11f
00041f133
000420143
000422157
046865045
00042516f
000429197
000427183
00042a1a7
047c79045
00042d1bf
00042f1d3
0004301e3
0004321f7
04908d045
00043520f
000439237
000437223
00043a247
04a4a1045
00043d25f
00043f273
000440283
000442297
04b8b5045
0004452af
0004492d7
0004472c3
00044a2e7
04ccc9045
00044d2ff
00044f313
000450323
000452337
04e0dd045
00045534f
000459377
000457363
00045a387
04f4f1045
00045d39f
050905045
051d19045
05312d045
054541045
055955045
056d69045
05817d045
059591045
05a9a5045
05bdb9045
05d1cd045
003836321
004c4a461
00605e5a1
00302e2a1
0044423e1
005856521
006c6a661
0074726e1
007e7c781
008886821
0092908c1
009c9a961
00a6a4a01
00b0aeaa1
00807e7a1
0094928e1
00a8a6a21
00020b0ef
00020c103
00020d117
00020e12b
00020f13f
000210153
000211167
00bcbab61
00d0ceca1
00e4e2de1
00f8f6f21
0100fefa1
010b09041
0115130e1
011f1d181
012927221
0133312c1
013d3b361
010d0b061
01211f1a1
0135332e1
000219207
00021a21b
00021b22f
00021c243
00021d257
00021e26b
00021f27f
014947421
015d5b561
01716f6a1
0185837e1
018d8b861
019795901
01a19f9a1
01aba9a41
01b5b3ae1
01bfbdb81
01c9c7c21
019997921
01adaba61
01c1bfba1
00022731f
000228333
00022a35b
00022c383
01d5d3ce1
00022e3ab
0004603c3
05dbd7045
0004633db
0004653ef
0004663ff
000468013
05efeb045
00046b02b
00046d03f
00046e04f
000470063
0403ff045
00047307b
00047508f
00047609f
0004780b3
041613045
00047b0cb
00047f0f3
00047d0df
000480103
042a27045
00048311b
00048512f
00048613f
000488153
043e3b045
00048b16b
00048f193
00048d17f
0004901a3
04524f045
0004931bb
0004951cf
0004961df
0004981f3
046663045
00049b20b
00049f233
00049d21f
0004a0243
047a77045
0004a325b
0004a526f
0004a627f
0004a8293
048e8b045
0004ab2ab
0004af2d3
0004ad2bf
0004b02e3
04a29f045
0004b32fb
04b6b3045
04cac7045
04dedb045
04f2ef045
050703045
051b17045
052f2b045
05433f045
055753045
056b67045
057f7b045
01e7e5e01
01fbf9f41
000e0c081
01dfddd81
01f3f1ec1
000604001
001a18141
0022201c1
002c2a261
003634301
00403e3a1
004a48441
0054524e1
005e5c581
002e2c281
0042403c1
005654501
00023604b
00023705f
000238073
000239087
00023a09b
00023b0af
00023c0c3
006a68641
007e7c781
0092908c1
00a6a4a01
00aeaca81
00b8b6b21
00c2c0bc1
00cccac61
00d6d4d01
00e0deda1
00eae8e41
00bab8b41
00ceccc81
00e2e0dc1
000244163
000245177
00024618b
00024719f
0002481b3
0002491c7
00024a1db
00f6f4f01
010b09041
011f1d181
0133312c1
013b39341
0145433e1
014f4d481
015957521
0163615c1
016d6b661
017775701
014745401
015b59541
016f6d681
00025227b
00025328f
0002552b7
0002572df
0183817c1
000259307
0004b631f
058985045
0004b9337
0004bb34b
0004bc35b
0004be36f
059d99045
0004c1387
0004c339b
0004c43ab
0004c63bf
05b1ad045
0004c93d7
0004cb3eb
0004cc3fb
0004ce00f
05c5c1045
0004d1027
0004d504f
0004d303b
0004d605f
05d9d5045
0004d9077
0004db08b
0004dc09b
0004de0af
05ede9045
0004e10c7
0004e50ef
0004e30db
0004e60ff
0401fd045
0004e9117
0004eb12b
0004ec13b
0004ee14f
041411045
0004f1167
0004f518f
0004f317b
0004f619f
042825045
0004f91b7
0004fb1cb
0004fc1db
0004fe1ef
043c39045
000501207
00050522f
00050321b
00050623f
04504d045
000509257
046461045
047875045
048c89045
04a09d045
04b4b1045
04c8c5045
04dcd9045
04f0ed045
050501045
051915045
052d29045
0195938e1
01a9a7a21
01bdbbb61
018d8b861
01a19f9a1
01b5b3ae1
01c9c7c21
01d1cfca1
01dbd9d41
01e5e3de1
01efede81
01f9f7f21
000201fc1
000c0a061
01dddbd61
01f1efea1
000403fe1
0002613a7
0002623bb
0002633cf
0002643e3
0002653f7
00026600b
00026701f
001816121
002c2a261
00403e3a1
0054524e1
005c5a561
006664601
00706e6a1
007a78741
0084827e1
008e8c881
009896921
006866621
007c7a761
00908e8a1
00026f0bf
0002700d3
0002710e7
0002720fb
00027310f
000274123
000275137
00a4a29e1
00b8b6b21
00cccac61
00e0deda1
00e8e6e21
00f2f0ec1
00fcfaf61
010705001
01110f0a1
011b19141
0125231e1
00f4f2ee1
010907021
011d1b161
00027d1d7
00027e1eb
000280213
00028223b
01312f2a1
000284263
00050c27b
053733045
00050f293
0005112a7
0005122b7
0005142cb
054b47045
0005172e3
0005192f7
00051a307
00051c31b
055f5b045
00051f333
000521347
000522357
00052436b
05736f045
000527383
00052b3ab
000529397
00052c3bb
058783045
00052f3d3
0005313e7
0005323f7
00053400b
059b97045
000537023
00053b04b
000539037
00053c05b
05afab045
00053f073
000541087
000542097
0005440ab
05c3bf045
0005470c3
00054b0eb
0005490d7
00054c0fb
05d7d3045
00054f113
000551127
000552137
00055414b
05ebe7045
000557163
00055b18b
000559177
00055c19b
05fffb045
00055f1b3
04120f045
042623045
043a37045
044e4b045
04625f045
047673045
048a87045
049e9b045
04b2af045
04c6c3045
04dad7045
0143413c1
015755501
016b69641
013b39341
014f4d481
0163615c1
017775701
017f7d781
018987821
0193918c1
019d9b961
01a7a5a01
01b1afaa1
01bbb9b41
018b89841
019f9d981
01b3b1ac1
00028c303
00028d317
00028e32b
00028f33f
000290353
000291367
00029237b
01c7c5c01
01dbd9d41
01efede81
000201fc1
000a08041
0014120e1
001e1c181
002826221
0032302c1
003c3a361
004644401
001614101
002a28241
003e3c381
00029a01b
00029b02f
00029c043
00029d057
00029e06b
00029f07f
0002a0093
0052504c1
006664601
007a78741
008e8c881
009694901
00a09e9a1
00aaa8a41
00b4b2ae1
00bebcb81
00c8c6c21
00d2d0cc1
00a2a09c1
00b6b4b01
00cac8c41
0002a8133
0002a9147
0002ab16f
0002ad197
00dedcd81
0002af1bf
0005621d7
04e4e1045
0005651ef
000567203
000568213
00056a227
04f8f5045
00056d23f
00056f253
000570263
000572277
050d09045
00057528f
0005772a3
0005782b3
00057a2c7
05211d045
00057d2df
000581307
00057f2f3
000582317
053531045
00058532f
000587343
000588353
00058a367
054945045
00058d37f
0005913a7
00058f393
0005923b7
055d59045
0005953cf
0005973e3
0005983f3
00059a007
05716d045
00059d01f
0005a1047
00059f033
0005a2057
058581045
0005a506f
0005a7083
0005a8093
0005aa0a7
059995045
0005ad0bf
0005b10e7
0005af0d3
0005b20f7
05ada9045
0005b510f
05c1bd045
05d5d1045
05e9e5045
05fdf9045
04100d045
042421045
043835045
044c49045
04605d045
047471045
048885045
00f0eeea1
010502fe1
011917121
00e8e6e21
00fcfaf61
01110f0a1
0125231e1
012d2b261
013735301
01413f3a1
014b49441
0155534e1
015f5d581
016967621
013937321
014d4b461
01615f5a1
0002b725f
0002b8273
0002b9287
0002ba29b
0002bb2af
0002bc2c3
0002bd2d7
0175736e1
018987821
019d9b961
01b1afaa1
01b9b7b21
01c3c1bc1
01cdcbc61
01d7d5d01
01e1dfda1
01ebe9e41
01f5f3ee1
01c5c3be1
01d9d7d21
01edebe61
0002c5377
0002c638b
0002c739f
0002c83b3
0002c93c7
0002ca3db
0002cb3ef
0001fffa1
0014120e1
002826221
003c3a361
0044423e1
004e4c481
005856521
0062605c1
006c6a661
007674701
00807e7a1
00504e4a1
0064625e1
007876721
0002d308f
0002d40a3
0002d60cb
0002d80f3
008c8a861
0002da11b
0005b8133
04928f045
0005bb14b
0005bd15f
0005be16f
0005c0183
04a6a3045
0005c319b
0005c51af
0005c61bf
0005c81d3
04bab7045
0005cb1eb
0005cd1ff
0005ce20f
0005d0223
04cecb045
0005d323b
0005d7263
0005d524f
0005d8273
04e2df045
0005db28b
0005dd29f
0005de2af
0005e02c3
04f6f3045
0005e32db
0005e7303
0005e52ef
0005e8313
050b07045
0005eb32b
0005ed33f
0005ee34f
0005f0363
051f1b045
0005f337b
0005f73a3
0005f538f
0005f83b3
05332f045
0005fb3cb
0005fd3df
0005fe3ef
000600003
054743045
00060301b
000607043
00060502f
000608053
055b57045
00060b06b
056f6b045
05837f045
059793045
05aba7045
05bfbb045
05d3cf045
05e7e3045
05fbf7045
040e0b045
04221f045
043633045
009e9c981
00b2b0ac1
00c6c4c01
009694901
00aaa8a41
00bebcb81
00d2d0cc1
00dad8d41
00e4e2de1
00eeece81
00f8f6f21
010300fc1
010d0b061
011715101
00e6e4e01
00faf8f41
010f0d081
0002e21bb
0002e31cf
0002e41e3
0002e51f7
0002e620b
0002e721f
0002e8233
0123211c1
013735301
014b49441
015f5d581
016765601
01716f6a1
017b79741
0185837e1
018f8d881
019997921
01a3a19c1
0173716c1
018785801
019b99941
0002f02d3
0002f12e7
0002f22fb
0002f330f
0002f4323
0002f5337
0002f634b
01afada81
01c3c1bc1
01d7d5d01
01ebe9e41
01f3f1ec1
01fdfbf61
000604001
00100e0a1
001a18141
0024221e1
002e2c281
01fffdf81
0012100c1
002624201
0002fe3eb
0002ff3ff
000301027
00030304f
003a38341
000305077
00060e08f
04403d045
0006110a7
0006130bb
0006140cb
0006160df
045451045
0006190f7
00061b10b
00061c11b
00061e12f
046865045
000621147
00062315b
00062416b
00062617f
047c79045
000629197
00062d1bf
00062b1ab
00062e1cf
04908d045
0006311e7
0006331fb
00063420b
00063621f
04a4a1045
000639237
00063d25f
00063b24b
00063e26f
04b8b5045
000641287
00064329b
0006442ab
0006462bf
04ccc9045
0006492d7
00064d2ff
00064b2eb
00064e30f
04e0dd045
000651327
00065333b
00065434b
00065635f
04f4f1045
000659377
00065d39f
00065b38b
00065e3af
050905045
0006613c7
051d19045
05312d045
054541045
055955045
056d69045
05817d045
059591045
05a9a5045
05bdb9045
05d1cd045
05e5e1045
004c4a461
00605e5a1
0074726e1
0044423e1
005856521
006c6a661
00807e7a1
008886821
0092908c1
009c9a961
00a6a4a01
00b0aeaa1
00bab8b41
00c4c2be1
0094928e1
00a8a6a21
00bcbab61
00030d117
00030e12b
00030f13f
000310153
000311167
00031217b
00031318f
00d0ceca1
00e4e2de1
00f8f6f21
010d0b061
0115130e1
011f1d181
012927221
0133312c1
013d3b361
014745401
01514f4a1
01211f1a1
0135332e1
014947421
00031b22f
00031c243
00031d257
00031e26b
00031f27f
000320293
0003212a7
015d5b561
01716f6a1
0185837e1
019997921
01a19f9a1
01aba9a41
01b5b3ae1
01bfbdb81
01c9c7c21
01d3d1cc1
01dddbd61
01adaba61
01c1bfba1
01d5d3ce1
000329347
00032a35b
00032c383
00032e3ab
01e9e7e21
0003303d3
0006643eb
05efeb045
000667003
000669017
00066a027
00066c03b
0403ff045
00066f053
000671067
000672077
00067408b
041613045
0006770a3
0006790b7
00067a0c7
00067c0db
042a27045
00067f0f3
00068311b
000681107
00068412b
043e3b045
000687143
000689157
00068a167
00068c17b
04524f045
00068f193
0006931bb
0006911a7
0006941cb
046663045
0006971e3
0006991f7
00069a207
00069c21b
047a77045
00069f233
0006a325b
0006a1247
0006a426b
048e8b045
0006a7283
0006a9297
0006aa2a7
0006ac2bb
04a29f045
0006af2d3
0006b32fb
0006b12e7
0006b430b
04b6b3045
0006b7323
04cac7045
04dedb045
04f2ef045
050703045
051b17045
052f2b045
05433f045
055753045
056b67045
057f7b045
05938f045
01fbf9f41
000e0c081
0022201c1
01f3f1ec1
000604001
001a18141
002e2c281
003634301
00403e3a1
004a48441
0054524e1
005e5c581
006866621
0072706c1
0042403c1
005654501
006a68641
000338073
000339087
00033a09b
00033b0af
00033c0c3
00033d0d7
00033e0eb
007e7c781
0092908c1
00a6a4a01
00bab8b41
00c2c0bc1
00cccac61
00d6d4d01
00e0deda1
00eae8e41
00f4f2ee1
00fefcf81
00ceccc81
00e2e0dc1
00f6f4f01
00034618b
00034719f
0003481b3
0003491c7
00034a1db
00034b1ef
00034c203
010b09041
011f1d181
0133312c1
014745401
014f4d481
015957521
0163615c1
016d6b661
017775701
01817f7a1
018b89841
015b59541
016f6d681
0183817c1
0003542a3
0003552b7
0003572df
000359307
019795901
00035b32f
0006ba347
059d99045
0006bd35f
0006bf373
0006c0383
0006c2397
05b1ad045
0006c53af
0006c73c3
0006c83d3
0006ca3e7
05c5c1045
0006cd3ff
0006cf013
0006d0023
0006d2037
05d9d5045
0006d504f
0006d9077
0006d7063
0006da087
05ede9045
0006dd09f
0006df0b3
0006e00c3
0006e20d7
0401fd045
0006e50ef
0006e9117
0006e7103
0006ea127
041411045
0006ed13f
0006ef153
0006f0163
0006f2177
042825045
0006f518f
0006f91b7
0006f71a3
0006fa1c7
043c39045
0006fd1df
0006ff1f3
000700203
000702217
04504d045
00070522f
000709257
000707243
00070a267
046461045
00070d27f
047875045
048c89045
04a09d045
04b4b1045
04c8c5045
04dcd9045
04f0ed045
050501045
051915045
052d29045
05413d045
01a9a7a21
01bdbbb61
01d1cfca1
01a19f9a1
01b5b3ae1
01c9c7c21
01dddbd61
01e5e3de1
01efede81
01f9f7f21
000201fc1
000c0a061
001614101
00201e1a1
01f1efea1
000403fe1
001816121
0003633cf
0003643e3
0003653f7
00036600b
00036701f
000368033
000369047
002c2a261
00403e3a1
0054524e1
006866621
00706e6a1
007a78741
0084827e1
008e8c881
009896921
00a2a09c1
00acaaa61
007c7a761
00908e8a1
00a4a29e1
0003710e7
0003720fb
00037310f
000374123
000375137
00037614b
00037715f
00b8b6b21
00cccac61
00e0deda1
00f4f2ee1
00fcfaf61
010705001
01110f0a1
011b19141
0125231e1
012f2d281
013937321
010907021
011d1b161
01312f2a1
00037f1ff
000380213
00038223b
000384263
0145433e1
00038628b
0007102a3
054b47045
0007132bb
0007152cf
0007162df
0007182f3
055f5b045
00071b30b
00071d31f
00071e32f
000720343
05736f045
00072335b
00072536f
00072637f
000728393
058783045
00072b3ab
00072f3d3
00072d3bf
0007303e3
059b97045
0007333fb
00073500f
00073601f
000738033
05afab045
00073b04b
00073f073
00073d05f
000740083
05c3bf045
00074309b
0007450af
0007460bf
0007480d3
05d7d3045
00074b0eb
00074f113
00074d0ff
000750123
05ebe7045
00075313b
00075514f
00075615f
000758173
05fffb045
00075b18b
00075f1b3
00075d19f
0007601c3
04120f045
0007631db
042623045
043a37045
044e4b045
04625f045
047673045
048a87045
049e9b045
04b2af045
04c6c3045
04dad7045
04eeeb045
015755501
016b69641
017f7d781
014f4d481
0163615c1
017775701
018b89841
0193918c1
019d9b961
01a7a5a01
01b1afaa1
01bbb9b41
01c5c3be1
01cfcdc81
019f9d981
01b3b1ac1
01c7c5c01
00038e32b
00038f33f
000390353
000391367
00039237b
00039338f
0003943a3
01dbd9d41
01efede81
000201fc1
001614101
001e1c181
002826221
0032302c1
003c3a361
004644401
00504e4a1
005a58541
002a28241
003e3c381
0052504c1
00039c043
00039d057
00039e06b
00039f07f
0003a0093
0003a10a7
0003a20bb
006664601
007a78741
008e8c881
00a2a09c1
00aaa8a41
00b4b2ae1
00bebcb81
00c8c6c21
00d2d0cc1
00dcdad61
00e6e4e01
00b6b4b01
00cac8c41
00dedcd81
0003aa15b
0003ab16f
0003ad197
0003af1bf
00f2f0ec1
0003b11e7
0007661ff
04f8f5045
000769217
00076b22b
00076c23b
00076e24f
050d09045
000771267
00077327b
00077428b
00077629f
05211d045
0007792b7
00077b2cb
00077c2db
00077e2ef
053531045
000781307
00078532f
00078331b
00078633f
054945045
000789357
00078b36b
00078c37b
00078e38f
055d59045
0007913a7
0007953cf
0007933bb
0007963df
05716d045
0007993f7
00079b00b
00079c01b
00079e02f
058581045
0007a1047
0007a506f
0007a305b
0007a607f
059995045
0007a9097
0007ab0ab
0007ac0bb
0007ae0cf
05ada9045
0007b10e7
0007b510f
0007b30fb
0007b611f
05c1bd045
0007b9137
05d5d1045
05e9e5045
05fdf9045
04100d045
042421045
043835045
044c49045
04605d045
047471045
048885045
049c99045
010502fe1
011917121
012d2b261
00fcfaf61
01110f0a1
0125231e1
013937321
01413f3a1
014b49441
0155534e1
015f5d581
016967621
0173716c1
017d7b761
014d4b461
01615f5a1
0175736e1
0003b9287
0003ba29b
0003bb2af
0003bc2c3
0003bd2d7
0003be2eb
0003bf2ff
018987821
019d9b961
01b1afaa1
01c5c3be1
01cdcbc61
01d7d5d01
01e1dfda1
01ebe9e41
01f5f3ee1
01fffdf81
000806021
01d9d7d21
01edebe61
0001fffa1
0003c739f
0003c83b3
0003c93c7
0003ca3db
0003cb3ef
0003cc003
0003cd017
0014120e1
002826221
003c3a361
00504e4a1
005856521
0062605c1
006c6a661
007674701
00807e7a1
008a88841
0094928e1
0064625e1
007876721
008c8a861
0003d50b7
0003d60cb
0003d80f3
0003da11b
00a09e9a1
0003dc143
0007bc15b
04a6a3045
0007bf173
0007c1187
0007c2197
0007c41ab
04bab7045
0007c71c3
0007c91d7
0007ca1e7
0007cc1fb
04cecb045
0007cf213
0007d1227
0007d2237
0007d424b
04e2df045
0007d7263
0007db28b
0007d9277
0007dc29b
04f6f3045
0007df2b3
0007e12c7
0007e22d7
0007e42eb
050b07045
0007e7303
0007eb32b
0007e9317
0007ec33b
051f1b045
0007ef353
0007f1367
0007f2377
0007f438b
05332f045
0007f73a3
0007fb3cb
0007f93b7
0007fc3db
054743045
0007ff3f3
000801007
000802017
00080402b
055b57045
000807043
00080b06b
000809057
00080c07b
056f6b045
00080f093
05837f045
059793045
05aba7045
05bfbb045
05d3cf045
05e7e3045
05fbf7045
040e0b045
04221f045
043633045
044a47045
00b2b0ac1
00c6c4c01
00dad8d41
00aaa8a41
00bebcb81
00d2d0cc1
00e6e4e01
00eeece81
00f8f6f21
010300fc1
010d0b061
011715101
01211f1a1
012b29241
00faf8f41
010f0d081
0123211c1
0003e41e3
0003e51f7
0003e620b
0003e721f
0003e8233
0003e9247
0003ea25b
013735301
014b49441
015f5d581
0173716c1
017b79741
0185837e1
018f8d881
019997921
01a3a19c1
01adaba61
01b7b5b01
018785801
019b99941
01afada81
0003f22fb
0003f330f
0003f4323
0003f5337
0003f634b
0003f735f
0003f8373
01c3c1bc1
01d7d5d01
01ebe9e41
01fffdf81
000604001
00100e0a1
001a18141
0024221e1
002e2c281
003836321
0042403c1
0012100c1
002624201
003a38341
000400013
000401027
00040304f
000405077
004e4c481
00040709f
0008120b7
045451045
0008150cf
0008170e3
0008180f3
00081a107
046865045
00081d11f
00081f133
000820143
000822157
047c79045
00082516f
000827183
000828193
00082a1a7
04908d045
00082d1bf
0008311e7
00082f1d3
0008321f7
04a4a1045
00083520f
000837223
000838233
00083a247
04b8b5045
00083d25f
000841287
00083f273
000842297
04ccc9045
0008452af
0008472c3
0008482d3
00084a2e7
04e0dd045
00084d2ff
000851327
00084f313
000852337
04f4f1045
00085534f
000857363
000858373
00085a387
050905045
00085d39f
0008613c7
00085f3b3
0008623d7
051d19045
0008653ef
05312d045
054541045
055955045
056d69045
05817d045
059591045
05a9a5045
05bdb9045
05d1cd045
05e5e1045
05f9f5045
00605e5a1
0074726e1
008886821
005856521
006c6a661
00807e7a1
0094928e1
009c9a961
00a6a4a01
00b0aeaa1
00bab8b41
00c4c2be1
00ceccc81
00d8d6d21
00a8a6a21
00bcbab61
00d0ceca1
00040f13f
000410153
000411167
00041217b
00041318f
0004141a3
0004151b7
00e4e2de1
00f8f6f21
010d0b061
01211f1a1
012927221
0133312c1
013d3b361
014745401
01514f4a1
015b59541
0165635e1
0135332e1
014947421
015d5b561
00041d257
00041e26b
00041f27f
000420293
0004212a7
0004222bb
0004232cf
01716f6a1
0185837e1
019997921
01adaba61
01b5b3ae1
01bfbdb81
01c9c7c21
01d3d1cc1
01dddbd61
01e7e5e01
01f1efea1
01c1bfba1
01d5d3ce1
01e9e7e21
00042b36f
00042c383
00042e3ab
0004303d3
01fdfbf61
0004323fb
000868013
0403ff045
00086b02b
00086d03f
00086e04f
000870063
041613045
00087307b
00087508f
00087609f
0008780b3
042a27045
00087b0cb
00087d0df
00087e0ef
000880103
043e3b045
00088311b
000887143
00088512f
000888153
04524f045
00088b16b
00088d17f
00088e18f
0008901a3
046663045
0008931bb
0008971e3
0008951cf
0008981f3
047a77045
00089b20b
00089d21f
00089e22f
0008a0243
048e8b045
0008a325b
0008a7283
0008a526f
0008a8293
04a29f045
0008ab2ab
0008ad2bf
0008ae2cf
0008b02e3
04b6b3045
0008b32fb
0008b7323
0008b530f
0008b8333
04cac7045
0008bb34b
04dedb045
04f2ef045
050703045
051b17045
052f2b045
05433f045
055753045
056b67045
057f7b045
05938f045
05a7a3045
000e0c081
0022201c1
003634301
000604001
001a18141
002e2c281
0042403c1
004a48441
0054524e1
005e5c581
006866621
0072706c1
007c7a761
008684801
005654501
006a68641
007e7c781
00043a09b
00043b0af
00043c0c3
00043d0d7
00043e0eb
00043f0ff
000440113
0092908c1
00a6a4a01
00bab8b41
00ceccc81
00d6d4d01
00e0deda1
00eae8e41
00f4f2ee1
00fefcf81
010907021
0113110c1
00e2e0dc1
00f6f4f01
010b09041
0004481b3
0004491c7
00044a1db
00044b1ef
00044c203
00044d217
00044e22b
011f1d181
0133312c1
014745401
015b59541
0163615c1
016d6b661
017775701
01817f7a1
018b89841
0195938e1
019f9d981
016f6d681
0183817c1
019795901
0004562cb
0004572df
000459307
00045b32f
01aba9a41
00045d357
0008be36f
05b1ad045
0008c1387
0008c339b
0008c43ab
0008c63bf
05c5c1045
0008c93d7
0008cb3eb
0008cc3fb
0008ce00f
05d9d5045
0008d1027
0008d303b
0008d404b
0008d605f
05ede9045
0008d9077
0008dd09f
0008db08b
0008de0af
0401fd045
0008e10c7
0008e30db
0008e40eb
0008e60ff
041411045
0008e9117
0008ed13f
0008eb12b
0008ee14f
042825045
0008f1167
0008f317b
0008f418b
0008f619f
043c39045
0008f91b7
0008fd1df
0008fb1cb
0008fe1ef
04504d045
000901207
00090321b
00090422b
00090623f
046461045
000909257
00090d27f
00090b26b
00090e28f
047875045
0009112a7
048c89045
04a09d045
04b4b1045
04c8c5045
04dcd9045
04f0ed045
050501045
051915045
052d29045
05413d045
055551045
01bdbbb61
01d1cfca1
01e5e3de1
01b5b3ae1
01c9c7c21
01dddbd61
01f1efea1
01f9f7f21
000201fc1
000c0a061
001614101
00201e1a1
002a28241
0034322e1
000403fe1
001816121
002c2a261
0004653f7
00046600b
00046701f
000468033
000469047
00046a05b
00046b06f
00403e3a1
0054524e1
006866621
007c7a761
0084827e1
008e8c881
009896921
00a2a09c1
00acaaa61
00b6b4b01
00c0beba1
00908e8a1
00a4a29e1
00b8b6b21
00047310f
000474123
000475137
00047614b
00047715f
000478173
000479187
00cccac61
00e0deda1
00f4f2ee1
010907021
01110f0a1
011b19141
0125231e1
012f2d281
013937321
0143413c1
014d4b461
011d1b161
01312f2a1
0145433e1
000481227
00048223b
000484263
00048628b
015957521
0004882b3
0009142cb
055f5b045
0009172e3
0009192f7
00091a307
00091c31b
05736f045
00091f333
000921347
000922357
00092436b
058783045
000927383
000929397
00092a3a7
00092c3bb
059b97045
00092f3d3
0009333fb
0009313e7
00093400b
05afab045
000937023
000939037
00093a047
00093c05b
05c3bf045
00093f073
00094309b
000941087
0009440ab
05d7d3045
0009470c3
0009490d7
00094a0e7
00094c0fb
05ebe7045
00094f113
00095313b
000951127
00095414b
05fffb045
000957163
000959177
00095a187
00095c19b
04120f045
00095f1b3
0009631db
0009611c7
0009641eb
042623045
000967203
043a37045
044e4b045
04625f045
047673045
048a87045
049e9b045
04b2af045
04c6c3045
04dad7045
04eeeb045
0502ff045
016b69641
017f7d781
0193918c1
0163615c1
017775701
018b89841
019f9d981
01a7a5a01
01b1afaa1
01bbb9b41
01c5c3be1
01cfcdc81
01d9d7d21
01e3e1dc1
01b3b1ac1
01c7c5c01
01dbd9d41
000490353
000491367
00049237b
00049338f
0004943a3
0004953b7
0004963cb
01efede81
000201fc1
001614101
002a28241
0032302c1
003c3a361
004644401
00504e4a1
005a58541
0064625e1
006e6c681
003e3c381
0052504c1
006664601
00049e06b
00049f07f
0004a0093
0004a10a7
0004a20bb
0004a30cf
0004a40e3
007a78741
008e8c881
00a2a09c1
00b6b4b01
00bebcb81
00c8c6c21
00d2d0cc1
00dcdad61
00e6e4e01
00f0eeea1
00faf8f41
00cac8c41
00dedcd81
00f2f0ec1
0004ac183
0004ad197
0004af1bf
0004b11e7
010705001
0004b320f
00096a227
050d09045
00096d23f
00096f253
000970263
000972277
05211d045
00097528f
0009772a3
0009782b3
00097a2c7
053531045
00097d2df
00097f2f3
000980303
000982317
054945045
00098532f
000989357
000987343
00098a367
055d59045
00098d37f
00098f393
0009903a3
0009923b7
05716d045
0009953cf
0009993f7
0009973e3
00099a007
058581045
00099d01f
00099f033
0009a0043
0009a2057
059995045
0009a506f
0009a9097
0009a7083
0009aa0a7
05ada9045
0009ad0bf
0009af0d3
0009b00e3
0009b20f7
05c1bd045
0009b510f
0009b9137
0009b7123
0009ba147
05d5d1045
0009bd15f
05e9e5045
05fdf9045
04100d045
042421045
043835045
044c49045
04605d045
047471045
048885045
049c99045
04b0ad045
011917121
012d2b261
01413f3a1
01110f0a1
0125231e1
013937321
014d4b461
0155534e1
015f5d581
016967621
0173716c1
017d7b761
018785801
01918f8a1
01615f5a1
0175736e1
018987821
0004bb2af
0004bc2c3
0004bd2d7
0004be2eb
0004bf2ff
0004c0313
0004c1327
019d9b961
01b1afaa1
01c5c3be1
01d9d7d21
01e1dfda1
01ebe9e41
01f5f3ee1
01fffdf81
000806021
0012100c1
001c1a161
01edebe61
0001fffa1
0014120e1
0004c93c7
0004ca3db
0004cb3ef
0004cc003
0004cd017
0004ce02b
0004cf03f
002826221
003c3a361
00504e4a1
0064625e1
006c6a661
007674701
00807e7a1
008a88841
0094928e1
009e9c981
00a8a6a21
007876721
008c8a861
00a09e9a1
0004d70df
0004d80f3
0004da11b
0004dc143
00b4b2ae1
0004de16b
0009c0183
04bab7045
0009c319b
0009c51af
0009c61bf
0009c81d3
04cecb045
0009cb1eb
0009cd1ff
0009ce20f
0009d0223
04e2df045
0009d323b
0009d524f
0009d625f
0009d8273
04f6f3045
0009db28b
0009df2b3
0009dd29f
0009e02c3
050b07045
0009e32db
0009e52ef
0009e62ff
0009e8313
051f1b045
0009eb32b
0009ef353
0009ed33f
0009f0363
05332f045
0009f337b
0009f538f
0009f639f
0009f83b3
054743045
0009fb3cb
0009ff3f3
0009fd3df
000a00003
055b57045
000a0301b
000a0502f
000a0603f
000a08053
056f6b045
000a0b06b
000a0f093
000a0d07f
000a100a3
05837f045
000a130bb
059793045
05aba7045
05bfbb045
05d3cf045
05e7e3045
05fbf7045
040e0b045
04221f045
043633045
044a47045
045e5b045
00c6c4c01
00dad8d41
00eeece81
00bebcb81
00d2d0cc1
00e6e4e01
00faf8f41
010300fc1
010d0b061
011715101
01211f1a1
012b29241
0135332e1
013f3d381
010f0d081
0123211c1
013735301
0004e620b
0004e721f
0004e8233
0004e9247
0004ea25b
0004eb26f
0004ec283
014b49441
015f5d581
0173716c1
018785801
018f8d881
019997921
01a3a19c1
01adaba61
01b7b5b01
01c1bfba1
01cbc9c41
019b99941
01afada81
01c3c1bc1
0004f4323
0004f5337
0004f634b
0004f735f
0004f8373
0004f9387
0004fa39b
01d7d5d01
01ebe9e41
01fffdf81
0012100c1
001a18141
0024221e1
002e2c281
003836321
0042403c1
004c4a461
005654501
002624201
003a38341
004e4c481
00050203b
00050304f
000505077
00050709f
0062605c1
0005090c7
000a160df
046865045
000a190f7
000a1b10b
000a1c11b
000a1e12f
047c79045
000a21147
000a2315b
000a2416b
000a2617f
04908d045
000a29197
000a2b1ab
000a2c1bb
000a2e1cf
04a4a1045
000a311e7
000a3520f
000a331fb
000a3621f
04b8b5045
000a39237
000a3b24b
000a3c25b
000a3e26f
04ccc9045
000a41287
000a452af
000a4329b
000a462bf
04e0dd045
000a492d7
000a4b2eb
000a4c2fb
000a4e30f
04f4f1045
000a51327
000a5534f
000a5333b
000a5635f
050905045
000a59377
000a5b38b
000a5c39b
000a5e3af
051d19045
000a613c7
000a653ef
000a633db
000a663ff
05312d045
000a69017
054541045
055955045
056d69045
05817d045
059591045
05a9a5045
05bdb9045
05d1cd045
05e5e1045
05f9f5045
040c09045
0074726e1
008886821
009c9a961
006c6a661
00807e7a1
0094928e1
00a8a6a21
00b0aeaa1
00bab8b41
00c4c2be1
00ceccc81
00d8d6d21
00e2e0dc1
00eceae61
00bcbab61
00d0ceca1
00e4e2de1
000511167
00051217b
00051318f
0005141a3
0005151b7
0005161cb
0005171df
00f8f6f21
010d0b061
01211f1a1
0135332e1
013d3b361
014745401
01514f4a1
015b59541
0165635e1
016f6d681
017977721
014947421
015d5b561
01716f6a1
00051f27f
000520293
0005212a7
0005222bb
0005232cf
0005242e3
0005252f7
0185837e1
019997921
01adaba61
01c1bfba1
01c9c7c21
01d3d1cc1
01dddbd61
01e7e5e01
01f1efea1
01fbf9f41
000403fe1
01d5d3ce1
01e9e7e21
01fdfbf61
00052d397
00052e3ab
0005303d3
0005323fb
00100e0a1
000534023
000a6c03b
041613045
000a6f053
000a71067
000a72077
000a7408b
042a27045
000a770a3
000a790b7
000a7a0c7
000a7c0db
043e3b045
000a7f0f3
000a81107
000a82117
000a8412b
04524f045
000a87143
000a8b16b
000a89157
000a8c17b
046663045
000a8f193
000a911a7
000a921b7
000a941cb
047a77045
000a971e3
000a9b20b
000a991f7
000a9c21b
048e8b045
000a9f233
000aa1247
000aa2257
000aa426b
04a29f045
000aa7283
000aab2ab
000aa9297
000aac2bb
04b6b3045
000aaf2d3
000ab12e7
000ab22f7
000ab430b
04cac7045
000ab7323
000abb34b
000ab9337
000abc35b
04dedb045
000abf373
04f2ef045
050703045
051b17045
052f2b045
05433f045
055753045
056b67045
057f7b045
05938f045
05a7a3045
05bbb7045
0022201c1
003634301
004a48441
001a18141
002e2c281
0042403c1
005654501
005e5c581
006866621
0072706c1
007c7a761
008684801
00908e8a1
009a98941
006a68641
007e7c781
0092908c1
00053c0c3
00053d0d7
00053e0eb
00053f0ff
000540113
000541127
00054213b
00a6a4a01
00bab8b41
00ceccc81
00e2e0dc1
00eae8e41
00f4f2ee1
00fefcf81
010907021
0113110c1
011d1b161
012725201
00f6f4f01
010b09041
011f1d181
00054a1db
00054b1ef
00054c203
00054d217
00054e22b
00054f23f
000550253
0133312c1
014745401
015b59541
016f6d681
017775701
01817f7a1
018b89841
0195938e1
019f9d981
01a9a7a21
01b3b1ac1
0183817c1
019795901
01aba9a41
0005582f3
000559307
00055b32f
00055d357
01bfbdb81
00055f37f
000ac2397
05c5c1045
000ac53af
000ac73c3
000ac83d3
000aca3e7
05d9d5045
000acd3ff
000acf013
000ad0023
000ad2037
05ede9045
000ad504f
000ad7063
000ad8073
000ada087
0401fd045
000add09f
000ae10c7
000adf0b3
000ae20d7
041411045
000ae50ef
000ae7103
000ae8113
000aea127
042825045
000aed13f
000af1167
000aef153
000af2177
043c39045
000af518f
000af71a3
000af81b3
000afa1c7
04504d045
000afd1df
000b01207
000aff1f3
000b02217
046461045
000b0522f
000b07243
000b08253
000b0a267
047875045
000b0d27f
000b112a7
000b0f293
000b122b7
048c89045
000b152cf
04a09d045
04b4b1045
04c8c5045
04dcd9045
04f0ed045
050501045
051915045
052d29045
05413d045
055551045
056965045
01d1cfca1
01e5e3de1
01f9f7f21
01c9c7c21
01dddbd61
01f1efea1
000403fe1
000c0a061
001614101
00201e1a1
002a28241
0034322e1
003e3c381
004846421
001816121
002c2a261
00403e3a1
00056701f
000568033
000569047
00056a05b
00056b06f
00056c083
00056d097
0054524e1
006866621
007c7a761
00908e8a1
009896921
00a2a09c1
00acaaa61
00b6b4b01
00c0beba1
00cac8c41
00d4d2ce1
00a4a29e1
00b8b6b21
00cccac61
000575137
00057614b
00057715f
000578173
000579187
00057a19b
00057b1af
00e0deda1
00f4f2ee1
010907021
011d1b161
0125231e1
012f2d281
013937321
0143413c1
014d4b461
015755501
01615f5a1
01312f2a1
0145433e1
015957521
00058324f
000584263
00058628b
0005882b3
016d6b661
00058a2db
000b182f3
05736f045
000b1b30b
000b1d31f
000b1e32f
000b20343
058783045
000b2335b
000b2536f
000b2637f
000b28393
059b97045
000b2b3ab
000b2d3bf
000b2e3cf
000b303e3
05afab045
000b333fb
000b37023
000b3500f
000b38033
05c3bf045
000b3b04b
000b3d05f
000b3e06f
000b40083
05d7d3045
000b4309b
000b470c3
000b450af
000b480d3
05ebe7045
000b4b0eb
000b4d0ff
000b4e10f
000b50123
05fffb045
000b5313b
000b57163
000b5514f
000b58173
04120f045
000b5b18b
000b5d19f
000b5e1af
000b601c3
042623045
000b631db
000b67203
000b651ef
000b68213
043a37045
000b6b22b
044e4b045
04625f045
047673045
048a87045
049e9b045
04b2af045
04c6c3045
04dad7045
04eeeb045
0502ff045
051713045
017f7d781
0193918c1
01a7a5a01
017775701
018b89841
019f9d981
01b3b1ac1
01bbb9b41
01c5c3be1
01cfcdc81
01d9d7d21
01e3e1dc1
01edebe61
01f7f5f01
01c7c5c01
01dbd9d41
01efede81
00059237b
00059338f
0005943a3
0005953b7
0005963cb
0005973df
0005983f3
000201fc1
001614101
002a28241
003e3c381
004644401
00504e4a1
005a58541
0064625e1
006e6c681
007876721
0082807c1
0052504c1
006664601
007a78741
0005a0093
0005a10a7
0005a20bb
0005a30cf
0005a40e3
0005a50f7
0005a610b
008e8c881
00a2a09c1
00b6b4b01
00cac8c41
00d2d0cc1
00dcdad61
00e6e4e01
00f0eeea1
00faf8f41
010502fe1
010f0d081
00dedcd81
00f2f0ec1
010705001
0005ae1ab
0005af1bf
0005b11e7
0005b320f
011b19141
0005b5237
000b6e24f
05211d045
000b71267
000b7327b
000b7428b
000b7629f
053531045
000b792b7
000b7b2cb
000b7c2db
000b7e2ef
054945045
000b81307
000b8331b
000b8432b
000b8633f
055d59045
000b89357
000b8d37f
000b8b36b
000b8e38f
05716d045
000b913a7
000b933bb
000b943cb
000b963df
058581045
000b993f7
000b9d01f
000b9b00b
000b9e02f
059995045
000ba1047
000ba305b
000ba406b
000ba607f
05ada9045
000ba9097
000bad0bf
000bab0ab
000bae0cf
05c1bd045
000bb10e7
000bb30fb
000bb410b
000bb611f
05d5d1045
000bb9137
000bbd15f
000bbb14b
000bbe16f
05e9e5045
000bc1187
05fdf9045
04100d045
042421045
043835045
044c49045
04605d045
047471045
048885045
049c99045
04b0ad045
04c4c1045
012d2b261
01413f3a1
0155534e1
0125231e1
013937321
014d4b461
01615f5a1
016967621
0173716c1
017d7b761
018785801
01918f8a1
019b99941
01a5a39e1
0175736e1
018987821
019d9b961
0005bd2d7
0005be2eb
0005bf2ff
0005c0313
0005c1327
0005c233b
0005c334f
01b1afaa1
01c5c3be1
01d9d7d21
01edebe61
01f5f3ee1
01fffdf81
000806021
0012100c1
001c1a161
002624201
00302e2a1
0001fffa1
0014120e1
002826221
0005cb3ef
0005cc003
0005cd017
0005ce02b
0005cf03f
0005d0053
0005d1067
003c3a361
00504e4a1
0064625e1
007876721
00807e7a1
008a88841
0094928e1
009e9c981
00a8a6a21
00b2b0ac1
00bcbab61
008c8a861
00a09e9a1
00b4b2ae1
0005d9107
0005da11b
0005dc143
0005de16b
00c8c6c21
0005e0193
000bc41ab
04cecb045
000bc71c3
000bc91d7
000bca1e7
000bcc1fb
04e2df045
000bcf213
000bd1227
000bd2237
000bd424b
04f6f3045
000bd7263
000bd9277
000bda287
000bdc29b
050b07045
000bdf2b3
000be32db
000be12c7
000be42eb
051f1b045
000be7303
000be9317
000bea327
000bec33b
05332f045
000bef353
000bf337b
000bf1367
000bf438b
054743045
000bf73a3
000bf93b7
000bfa3c7
000bfc3db
055b57045
000bff3f3
000c0301b
000c01007
000c0402b
056f6b045
000c07043
000c09057
000c0a067
000c0c07b
05837f045
000c0f093
000c130bb
000c110a7
000c140cb
059793045
000c170e3
05aba7045
05bfbb045
05d3cf045
05e7e3045
05fbf7045
040e0b045
04221f045
043633045
044a47045
045e5b045
04726f045
00dad8d41
00eeece81
010300fc1
00d2d0cc1
00e6e4e01
00faf8f41
010f0d081
011715101
01211f1a1
012b29241
0135332e1
013f3d381
014947421
0153514c1
0123211c1
013735301
014b49441
0005e8233
0005e9247
0005ea25b
0005eb26f
0005ec283
0005ed297
0005ee2ab
015f5d581
0173716c1
018785801
019b99941
01a3a19c1
01adaba61
01b7b5b01
01c1bfba1
01cbc9c41
01d5d3ce1
01dfddd81
01afada81
01c3c1bc1
01d7d5d01
0005f634b
0005f735f
0005f8373
0005f9387
0005fa39b
0005fb3af
0005fc3c3
01ebe9e41
01fffdf81
0012100c1
002624201
002e2c281
003836321
0042403c1
004c4a461
005654501
00605e5a1
006a68641
003a38341
004e4c481
0062605c1
000604063
000605077
00060709f
0006090c7
007674701
00060b0ef
000c1a107
047c79045
000c1d11f
000c1f133
000c20143
000c22157
04908d045
000c2516f
000c27183
000c28193
000c2a1a7
04a4a1045
000c2d1bf
000c2f1d3
000c301e3
000c321f7
04b8b5045
000c3520f
000c39237
000c37223
000c3a247
04ccc9045
000c3d25f
000c3f273
000c40283
000c42297
04e0dd045
000c452af
000c492d7
000c472c3
000c4a2e7
04f4f1045
000c4d2ff
000c4f313
000c50323
000c52337
050905045
000c5534f
000c59377
000c57363
000c5a387
051d19045
000c5d39f
000c5f3b3
000c603c3
000c623d7
05312d045
000c653ef
000c69017
000c67003
000c6a027
054541045
000c6d03f
055955045
056d69045
05817d045
059591045
05a9a5045
05bdb9045
05d1cd045
05e5e1045
05f9f5045
040c09045
04201d045
008886821
009c9a961
00b0aeaa1
00807e7a1
0094928e1
00a8a6a21
00bcbab61
00c4c2be1
00ceccc81
00d8d6d21
00e2e0dc1
00eceae61
00f6f4f01
0100fefa1
00d0ceca1
00e4e2de1
00f8f6f21
00061318f
0006141a3
0006151b7
0006161cb
0006171df
0006181f3
000619207
010d0b061
01211f1a1
0135332e1
014947421
01514f4a1
015b59541
0165635e1
016f6d681
017977721
0183817c1
018d8b861
015d5b561
01716f6a1
0185837e1
0006212a7
0006222bb
0006232cf
0006242e3
0006252f7
00062630b
00062731f
019997921
01adaba61
01c1bfba1
01d5d3ce1
01dddbd61
01e7e5e01
01f1efea1
01fbf9f41
000403fe1
000e0c081
001816121
01e9e7e21
01fdfbf61
00100e0a1
00062f3bf
0006303d3
0006323fb
000634023
0024221e1
00063604b
000c70063
042a27045
000c7307b
000c7508f
000c7609f
000c780b3
043e3b045
000c7b0cb
000c7d0df
000c7e0ef
000c80103
04524f045
000c8311b
000c8512f
000c8613f
000c88153
046663045
000c8b16b
000c8f193
000c8d17f
000c901a3
047a77045
000c931bb
000c951cf
000c961df
000c981f3
048e8b045
000c9b20b
000c9f233
000c9d21f
000ca0243
04a29f045
000ca325b
000ca526f
000ca627f
000ca8293
04b6b3045
000cab2ab
000caf2d3
000cad2bf
000cb02e3
04cac7045
000cb32fb
000cb530f
000cb631f
000cb8333
04dedb045
000cbb34b
000cbf373
000cbd35f
000cc0383
04f2ef045
000cc339b
050703045
051b17045
052f2b045
05433f045
055753045
056b67045
057f7b045
05938f045
05a7a3045
05bbb7045
05cfcb045
003634301
004a48441
005e5c581
002e2c281
0042403c1
005654501
006a68641
0072706c1
007c7a761
008684801
00908e8a1
009a98941
00a4a29e1
00aeaca81
007e7c781
0092908c1
00a6a4a01
00063e0eb
00063f0ff
000640113
000641127
00064213b
00064314f
000644163
00bab8b41
00ceccc81
00e2e0dc1
00f6f4f01
00fefcf81
010907021
0113110c1
011d1b161
012725201
01312f2a1
013b39341
010b09041
011f1d181
0133312c1
00064c203
00064d217
00064e22b
00064f23f
000650253
000651267
00065227b
014745401
015b59541
016f6d681
0183817c1
018b89841
0195938e1
019f9d981
01a9a7a21
01b3b1ac1
01bdbbb61
01c7c5c01
019795901
01aba9a41
01bfbdb81
00065a31b
00065b32f
00065d357
00065f37f
01d3d1cc1
0006613a7
000cc63bf
05d9d5045
000cc93d7
000ccb3eb
000ccc3fb
000cce00f
05ede9045
000cd1027
000cd303b
000cd404b
000cd605f
0401fd045
000cd9077
000cdb08b
000cdc09b
000cde0af
041411045
000ce10c7
000ce50ef
000ce30db
000ce60ff
042825045
000ce9117
000ceb12b
000cec13b
000cee14f
043c39045
000cf1167
000cf518f
000cf317b
000cf619f
04504d045
000cf91b7
000cfb1cb
000cfc1db
000cfe1ef
046461045
000d01207
000d0522f
000d0321b
000d0623f
047875045
000d09257
000d0b26b
000d0c27b
000d0e28f
048c89045
000d112a7
000d152cf
000d132bb
000d162df
04a09d045
000d192f7
04b4b1045
04c8c5045
04dcd9045
04f0ed045
050501045
051915045
052d29045
05413d045
055551045
056965045
057d79045
01e5e3de1
01f9f7f21
000c0a061
01dddbd61
01f1efea1
000403fe1
001816121
00201e1a1
002a28241
0034322e1
003e3c381
004846421
0052504c1
005c5a561
002c2a261
00403e3a1
0054524e1
000669047
00066a05b
00066b06f
00066c083
00066d097
00066e0ab
00066f0bf
006866621
007c7a761
00908e8a1
00a4a29e1
00acaaa61
00b6b4b01
00c0beba1
00cac8c41
00d4d2ce1
00dedcd81
00e8e6e21
00b8b6b21
00cccac61
00e0deda1
00067715f
000678173
000679187
00067a19b
00067b1af
00067c1c3
00067d1d7
00f4f2ee1
010907021
011d1b161
01312f2a1
013937321
0143413c1
014d4b461
015755501
01615f5a1
016b69641
0175736e1
0145433e1
015957521
016d6b661
000685277
00068628b
0006882b3
00068a2db
01817f7a1
00068c303
000d1c31b
058783045
000d1f333
000d21347
000d22357
000d2436b
059b97045
000d27383
000d29397
000d2a3a7
000d2c3bb
05afab045
000d2f3d3
000d313e7
000d323f7
000d3400b
05c3bf045
000d37023
000d3b04b
000d39037
000d3c05b
05d7d3045
000d3f073
000d41087
000d42097
000d440ab
05ebe7045
000d470c3
000d4b0eb
000d490d7
000d4c0fb
05fffb045
000d4f113
000d51127
000d52137
000d5414b
04120f045
000d57163
000d5b18b
000d59177
000d5c19b
042623045
000d5f1b3
000d611c7
000d621d7
000d641eb
043a37045
000d67203
000d6b22b
000d69217
000d6c23b
044e4b045
000d6f253
04625f045
047673045
048a87045
049e9b045
04b2af045
04c6c3045
04dad7045
04eeeb045
0502ff045
051713045
052b27045
0193918c1
01a7a5a01
01bbb9b41
018b89841
019f9d981
01b3b1ac1
01c7c5c01
01cfcdc81
01d9d7d21
01e3e1dc1
01edebe61
01f7f5f01
0001fffa1
000a08041
01dbd9d41
01efede81
000201fc1
0006943a3
0006953b7
0006963cb
0006973df
0006983f3
000699007
00069a01b
001614101
002a28241
003e3c381
0052504c1
005a58541
0064625e1
006e6c681
007876721
0082807c1
008c8a861
009694901
006664601
007a78741
008e8c881
0006a20bb
0006a30cf
0006a40e3
0006a50f7
0006a610b
0006a711f
0006a8133
00a2a09c1
00b6b4b01
00cac8c41
00dedcd81
00e6e4e01
00f0eeea1
00faf8f41
010502fe1
010f0d081
011917121
0123211c1
00f2f0ec1
010705001
011b19141
0006b01d3
0006b11e7
0006b320f
0006b5237
012f2d281
0006b725f
000d72277
053531045
000d7528f
000d772a3
000d782b3
000d7a2c7
054945045
000d7d2df
000d7f2f3
000d80303
000d82317
055d59045
000d8532f
000d87343
000d88353
000d8a367
05716d045
000d8d37f
000d913a7
000d8f393
000d923b7
058581045
000d953cf
000d973e3
000d983f3
000d9a007
059995045
000d9d01f
000da1047
000d9f033
000da2057
05ada9045
000da506f
000da7083
000da8093
000daa0a7
05c1bd045
000dad0bf
000db10e7
000daf0d3
000db20f7
05d5d1045
000db510f
000db7123
000db8133
000dba147
05e9e5045
000dbd15f
000dc1187
000dbf173
000dc2197
05fdf9045
000dc51af
04100d045
042421045
043835045
044c49045
04605d045
047471045
048885045
049c99045
04b0ad045
04c4c1045
04d8d5045
01413f3a1
0155534e1
016967621
013937321
014d4b461
01615f5a1
0175736e1
017d7b761
018785801
01918f8a1
019b99941
01a5a39e1
01afada81
01b9b7b21
018987821
019d9b961
01b1afaa1
0006bf2ff
0006c0313
0006c1327
0006c233b
0006c334f
0006c4363
0006c5377
01c5c3be1
01d9d7d21
01edebe61
0001fffa1
000806021
0012100c1
001c1a161
002624201
00302e2a1
003a38341
0044423e1
0014120e1
002826221
003c3a361
0006cd017
0006ce02b
0006cf03f
0006d0053
0006d1067
0006d207b
0006d308f
00504e4a1
0064625e1
007876721
008c8a861
0094928e1
009e9c981
00a8a6a21
00b2b0ac1
00bcbab61
00c6c4c01
00d0ceca1
00a09e9a1
00b4b2ae1
00c8c6c21
0006db12f
0006dc143
0006de16b
0006e0193
00dcdad61
0006e21bb
000dc81d3
04e2df045
000dcb1eb
000dcd1ff
000dce20f
000dd0223
04f6f3045
000dd323b
000dd524f
000dd625f
000dd8273
050b07045
000ddb28b
000ddd29f
000dde2af
000de02c3
051f1b045
000de32db
000de7303
000de52ef
000de8313
05332f045
000deb32b
000ded33f
000dee34f
000df0363
054743045
000df337b
000df73a3
000df538f
000df83b3
055b57045
000dfb3cb
000dfd3df
000dfe3ef
000e00003
056f6b045
000e0301b
000e07043
000e0502f
000e08053
05837f045
000e0b06b
000e0d07f
000e0e08f
000e100a3
059793045
000e130bb
000e170e3
000e150cf
000e180f3
05aba7045
000e1b10b
05bfbb045
05d3cf045
05e7e3045
05fbf7045
040e0b045
04221f045
043633045
044a47045
045e5b045
04726f045
048683045
00eeece81
010300fc1
011715101
00e6e4e01
00faf8f41
010f0d081
0123211c1
012b29241
0135332e1
013f3d381
014947421
0153514c1
015d5b561
016765601
013735301
014b49441
015f5d581
0006ea25b
0006eb26f
0006ec283
0006ed297
0006ee2ab
0006ef2bf
0006f02d3
0173716c1
018785801
019b99941
01afada81
01b7b5b01
01c1bfba1
01cbc9c41
01d5d3ce1
01dfddd81
01e9e7e21
01f3f1ec1
01c3c1bc1
01d7d5d01
01ebe9e41
0006f8373
0006f9387
0006fa39b
0006fb3af
0006fc3c3
0006fd3d7
0006fe3eb
01fffdf81
0012100c1
002624201
003a38341
0042403c1
004c4a461
005654501
00605e5a1
006a68641
0074726e1
007e7c781
004e4c481
0062605c1
007674701
00070608b
00070709f
0007090c7
00070b0ef
008a88841
00070d117
000e1e12f
04908d045
000e21147
000e2315b
000e2416b
000e2617f
04a4a1045
000e29197
000e2b1ab
000e2c1bb
000e2e1cf
04b8b5045
000e311e7
000e331fb
000e3420b
000e3621f
04ccc9045
000e39237
000e3d25f
000e3b24b
000e3e26f
04e0dd045
000e41287
000e4329b
000e442ab
000e462bf
04f4f1045
000e492d7
000e4d2ff
000e4b2eb
000e4e30f
050905045
000e51327
000e5333b
000e5434b
000e5635f
051d19045
000e59377
000e5d39f
000e5b38b
000e5e3af
05312d045
000e613c7
000e633db
000e643eb
000e663ff
054541045
000e69017
000e6d03f
000e6b02b
000e6e04f
055955045
000e71067
056d69045
05817d045
059591045
05a9a5045
05bdb9045
05d1cd045
05e5e1045
05f9f5045
040c09045
04201d045
043431045
009c9a961
00b0aeaa1
00c4c2be1
0094928e1
00a8a6a21
00bcbab61
00d0ceca1
00d8d6d21
00e2e0dc1
00eceae61
00f6f4f01
0100fefa1
010b09041
0115130e1
00e4e2de1
00f8f6f21
010d0b061
0007151b7
0007161cb
0007171df
0007181f3
000719207
00071a21b
00071b22f
01211f1a1
0135332e1
014947421
015d5b561
0165635e1
016f6d681
017977721
0183817c1
018d8b861
019795901
01a19f9a1
01716f6a1
0185837e1
019997921
0007232cf
0007242e3
0007252f7
00072630b
00072731f
000728333
000729347
01adaba61
01c1bfba1
01d5d3ce1
01e9e7e21
01f1efea1
01fbf9f41
000403fe1
000e0c081
001816121
0022201c1
002c2a261
01fdfbf61
00100e0a1
0024221e1
0007313e7
0007323fb
000734023
00073604b
003836321
000738073
000e7408b
043e3b045
000e770a3
000e790b7
000e7a0c7
000e7c0db
04524f045
000e7f0f3
000e81107
000e82117
000e8412b
046663045
000e87143
000e89157
000e8a167
000e8c17b
047a77045
000e8f193
000e931bb
000e911a7
000e941cb
048e8b045
000e971e3
000e991f7
000e9a207
000e9c21b
04a29f045
000e9f233
000ea325b
000ea1247
000ea426b
04b6b3045
000ea7283
000ea9297
000eaa2a7
000eac2bb
04cac7045
000eaf2d3
000eb32fb
000eb12e7
000eb430b
04dedb045
000eb7323
000eb9337
000eba347
000ebc35b
04f2ef045
000ebf373
000ec339b
000ec1387
000ec43ab
050703045
000ec73c3
051b17045
052f2b045
05433f045
055753045
056b67045
057f7b045
05938f045
05a7a3045
05bbb7045
05cfcb045
05e3df045
004a48441
005e5c581
0072706c1
0042403c1
005654501
006a68641
007e7c781
008684801
00908e8a1
009a98941
00a4a29e1
00aeaca81
00b8b6b21
00c2c0bc1
0092908c1
00a6a4a01
00bab8b41
000740113
000741127
00074213b
00074314f
000744163
000745177
00074618b
00ceccc81
00e2e0dc1
00f6f4f01
010b09041
0113110c1
011d1b161
012725201
01312f2a1
013b39341
0145433e1
014f4d481
011f1d181
0133312c1
014745401
00074e22b
00074f23f
000750253
000751267
00075227b
00075328f
0007542a3
015b59541
016f6d681
0183817c1
019795901
019f9d981
01a9a7a21
01b3b1ac1
01bdbbb61
01c7c5c01
01d1cfca1
01dbd9d41
01aba9a41
01bfbdb81
01d3d1cc1
00075c343
00075d357
00075f37f
0007613a7
01e7e5e01
0007633cf
000eca3e7
05ede9045
000ecd3ff
000ecf013
000ed0023
000ed2037
0401fd045
000ed504f
000ed7063
000ed8073
000eda087
041411045
000edd09f
000edf0b3
000ee00c3
000ee20d7
042825045
000ee50ef
000ee9117
000ee7103
000eea127
043c39045
000eed13f
000eef153
000ef0163
000ef2177
04504d045
000ef518f
000ef91b7
000ef71a3
000efa1c7
046461045
000efd1df
000eff1f3
000f00203
000f02217
047875045
000f0522f
000f09257
000f07243
000f0a267
048c89045
000f0d27f
000f0f293
000f102a3
000f122b7
04a09d045
000f152cf
000f192f7
000f172e3
000f1a307
04b4b1045
000f1d31f
04c8c5045
04dcd9045
04f0ed045
050501045
051915045
052d29045
05413d045
055551045
056965045
057d79045
05918d045
01f9f7f21
000c0a061
00201e1a1
01f1efea1
000403fe1
001816121
002c2a261
0034322e1
003e3c381
004846421
0052504c1
005c5a561
006664601
00706e6a1
00403e3a1
0054524e1
006866621
00076b06f
00076c083
00076d097
00076e0ab
00076f0bf
0007700d3
0007710e7
007c7a761
00908e8a1
00a4a29e1
00b8b6b21
00c0beba1
00cac8c41
00d4d2ce1
00dedcd81
00e8e6e21
00f2f0ec1
00fcfaf61
00cccac61
00e0deda1
00f4f2ee1
000779187
00077a19b
00077b1af
00077c1c3
00077d1d7
00077e1eb
00077f1ff
010907021
011d1b161
01312f2a1
0145433e1
014d4b461
015755501
01615f5a1
016b69641
0175736e1
017f7d781
018987821
015957521
016d6b661
01817f7a1
00078729f
0007882b3
00078a2db
00078c303
0195938e1
00078e32b
000f20343
059b97045
000f2335b
000f2536f
000f2637f
000f28393
05afab045
000f2b3ab
000f2d3bf
000f2e3cf
000f303e3
05c3bf045
000f333fb
000f3500f
000f3601f
000f38033
05d7d3045
000f3b04b
000f3f073
000f3d05f
000f40083
05ebe7045
000f4309b
000f450af
000f460bf
000f480d3
05fffb045
000f4b0eb
000f4f113
000f4d0ff
000f50123
04120f045
000f5313b
000f5514f
000f5615f
000f58173
042623045
000f5b18b
000f5f1b3
000f5d19f
000f601c3
043a37045
000f631db
000f651ef
000f661ff
000f68213
044e4b045
000f6b22b
000f6f253
000f6d23f
000f70263
04625f045
000f7327b
047673045
048a87045
049e9b045
04b2af045
04c6c3045
04dad7045
04eeeb045
0502ff045
051713045
052b27045
053f3b045
01a7a5a01
01bbb9b41
01cfcdc81
019f9d981
01b3b1ac1
01c7c5c01
01dbd9d41
01e3e1dc1
01edebe61
01f7f5f01
0001fffa1
000a08041
0014120e1
001e1c181
01efede81
000201fc1
001614101
0007963cb
0007973df
0007983f3
000799007
00079a01b
00079b02f
00079c043
002a28241
003e3c381
0052504c1
006664601
006e6c681
007876721
0082807c1
008c8a861
009694901
00a09e9a1
00aaa8a41
007a78741
008e8c881
00a2a09c1
0007a40e3
0007a50f7
0007a610b
0007a711f
0007a8133
0007a9147
0007aa15b
00b6b4b01
00cac8c41
00dedcd81
00f2f0ec1
00faf8f41
010502fe1
010f0d081
011917121
0123211c1
012d2b261
013735301
010705001
011b19141
012f2d281
0007b21fb
0007b320f
0007b5237
0007b725f
0143413c1
0007b9287
000f7629f
054945045
000f792b7
000f7b2cb
000f7c2db
000f7e2ef
055d59045
000f81307
000f8331b
000f8432b
000f8633f
05716d045
000f89357
000f8b36b
000f8c37b
000f8e38f
058581045
000f913a7
000f953cf
000f933bb
000f963df
059995045
000f993f7
000f9b00b
000f9c01b
000f9e02f
05ada9045
000fa1047
000fa506f
000fa305b
000fa607f
05c1bd045
000fa9097
000fab0ab
000fac0bb
000fae0cf
05d5d1045
000fb10e7
000fb510f
000fb30fb
000fb611f
05e9e5045
000fb9137
000fbb14b
000fbc15b
000fbe16f
05fdf9045
000fc1187
000fc51af
000fc319b
000fc61bf
04100d045
000fc91d7
042421045
043835045
044c49045
04605d045
047471045
048885045
049c99045
04b0ad045
04c4c1045
04d8d5045
04ece9045
0155534e1
016967621
017d7b761
014d4b461
01615f5a1
0175736e1
018987821
01918f8a1
019b99941
01a5a39e1
01afada81
01b9b7b21
01c3c1bc1
01cdcbc61
019d9b961
01b1afaa1
01c5c3be1
0007c1327
0007c233b
0007c334f
0007c4363
0007c5377
0007c638b
0007c739f
01d9d7d21
01edebe61
0001fffa1
0014120e1
001c1a161
002624201
00302e2a1
003a38341
0044423e1
004e4c481
005856521
002826221
003c3a361
00504e4a1
0007cf03f
0007d0053
0007d1067
0007d207b
0007d308f
0007d40a3
0007d50b7
0064625e1
007876721
008c8a861
00a09e9a1
00a8a6a21
00b2b0ac1
00bcbab61
00c6c4c01
00d0ceca1
00dad8d41
00e4e2de1
00b4b2ae1
00c8c6c21
00dcdad61
0007dd157
0007de16b
0007e0193
0007e21bb
00f0eeea1
0007e41e3
000fcc1fb
04f6f3045
000fcf213
000fd1227
000fd2237
000fd424b
050b07045
000fd7263
000fd9277
000fda287
000fdc29b
051f1b045
000fdf2b3
000fe12c7
000fe22d7
000fe42eb
05332f045
000fe7303
000feb32b
000fe9317
000fec33b
054743045
000fef353
000ff1367
000ff2377
000ff438b
055b57045
000ff73a3
000ffb3cb
000ff93b7
000ffc3db
056f6b045
000fff3f3
001001007
001002017
00100402b
05837f045
001007043
00100b06b
001009057
00100c07b
059793045
00100f093
0010110a7
0010120b7
0010140cb
05aba7045
0010170e3
00101b10b
0010190f7
00101c11b
05bfbb045
00101f133
05d3cf045
05e7e3045
05fbf7045
040e0b045
04221f045
043633045
044a47045
045e5b045
04726f045
048683045
049a97045
010300fc1
011715101
012b29241
00faf8f41
010f0d081
0123211c1
013735301
013f3d381
014947421
0153514c1
015d5b561
016765601
01716f6a1
017b79741
014b49441
015f5d581
0173716c1
0007ec283
0007ed297
0007ee2ab
0007ef2bf
0007f02d3
0007f12e7
0007f22fb
018785801
019b99941
01afada81
01c3c1bc1
01cbc9c41
01d5d3ce1
01dfddd81
01e9e7e21
01f3f1ec1
01fdfbf61
000604001
01d7d5d01
01ebe9e41
01fffdf81
0007fa39b
0007fb3af
0007fc3c3
0007fd3d7
0007fe3eb
0007ff3ff
000800013
0012100c1
002624201
003a38341
004e4c481
005654501
00605e5a1
006a68641
0074726e1
007e7c781
008886821
0092908c1
0062605c1
007674701
008a88841
0008080b3
0008090c7
00080b0ef
00080d117
009e9c981
00080f13f
001022157
04a4a1045
00102516f
001027183
001028193
00102a1a7
04b8b5045
00102d1bf
00102f1d3
0010301e3
0010321f7
04ccc9045
00103520f
001037223
001038233
00103a247
04e0dd045
00103d25f
001041287
00103f273
001042297
04f4f1045
0010452af
0010472c3
0010482d3
00104a2e7
050905045
00104d2ff
001051327
00104f313
001052337
051d19045
00105534f
001057363
001058373
00105a387
05312d045
00105d39f
0010613c7
00105f3b3
0010623d7
054541045
0010653ef
001067003
001068013
00106a027
055955045
00106d03f
001071067
00106f053
001072077
056d69045
00107508f
05817d045
059591045
05a9a5045
05bdb9045
05d1cd045
05e5e1045
05f9f5045
040c09045
04201d045
043431045
044845045
00b0aeaa1
00c4c2be1
00d8d6d21
00a8a6a21
00bcbab61
00d0ceca1
00e4e2de1
00eceae61
00f6f4f01
0100fefa1
010b09041
0115130e1
011f1d181
012927221
00f8f6f21
010d0b061
01211f1a1
0008171df
0008181f3
000819207
00081a21b
00081b22f
00081c243
00081d257
0135332e1
014947421
015d5b561
01716f6a1
017977721
0183817c1
018d8b861
019795901
01a19f9a1
01aba9a41
01b5b3ae1
0185837e1
019997921
01adaba61
0008252f7
00082630b
00082731f
000828333
000829347
00082a35b
00082b36f
01c1bfba1
01d5d3ce1
01e9e7e21
01fdfbf61
000403fe1
000e0c081
001816121
0022201c1
002c2a261
003634301
00403e3a1
00100e0a1
0024221e1
003836321
00083300f
000834023
00083604b
000838073
004c4a461
00083a09b
0010780b3
04524f045
00107b0cb
00107d0df
00107e0ef
001080103
046663045
00108311b
00108512f
00108613f
001088153
047a77045
00108b16b
00108d17f
00108e18f
0010901a3
048e8b045
0010931bb
0010971e3
0010951cf
0010981f3
04a29f045
00109b20b
00109d21f
00109e22f
0010a0243
04b6b3045
0010a325b
0010a7283
0010a526f
0010a8293
04cac7045
0010ab2ab
0010ad2bf
0010ae2cf
0010b02e3
04dedb045
0010b32fb
0010b7323
0010b530f
0010b8333
04f2ef045
0010bb34b
0010bd35f
0010be36f
0010c0383
050703045
0010c339b
0010c73c3
0010c53af
0010c83d3
051b17045
0010cb3eb
052f2b045
05433f045
055753045
056b67045
057f7b045
05938f045
05a7a3045
05bbb7045
05cfcb045
05e3df045
05f7f3045
005e5c581
0072706c1
008684801
005654501
006a68641
007e7c781
0092908c1
009a98941
00a4a29e1
00aeaca81
00b8b6b21
00c2c0bc1
00cccac61
00d6d4d01
00a6a4a01
00bab8b41
00ceccc81
00084213b
00084314f
000844163
000845177
00084618b
00084719f
0008481b3
00e2e0dc1
00f6f4f01
010b09041
011f1d181
012725201
01312f2a1
013b39341
0145433e1
014f4d481
015957521
0163615c1
0133312c1
014745401
015b59541
000850253
000851267
00085227b
00085328f
0008542a3
0008552b7
0008562cb
016f6d681
0183817c1
019795901
01aba9a41
01b3b1ac1
01bdbbb61
01c7c5c01
01d1cfca1
01dbd9d41
01e5e3de1
01efede81
01bfbdb81
01d3d1cc1
01e7e5e01
00085e36b
00085f37f
0008613a7
0008633cf
01fbf9f41
0008653f7
0010ce00f
0401fd045
0010d1027
0010d303b
0010d404b
0010d605f
041411045
0010d9077
0010db08b
0010dc09b
0010de0af
042825045
0010e10c7
0010e30db
0010e40eb
0010e60ff
043c39045
0010e9117
0010ed13f
0010eb12b
0010ee14f
04504d045
0010f1167
0010f317b
0010f418b
0010f619f
046461045
0010f91b7
0010fd1df
0010fb1cb
0010fe1ef
047875045
001101207
00110321b
00110422b
00110623f
048c89045
001109257
00110d27f
00110b26b
00110e28f
04a09d045
0011112a7
0011132bb
0011142cb
0011162df
04b4b1045
0011192f7
00111d31f
00111b30b
00111e32f
04c8c5045
001121347
04dcd9045
04f0ed045
050501045
051915045
052d29045
05413d045
055551045
056965045
057d79045
05918d045
05a5a1045
000c0a061
00201e1a1
0034322e1
000403fe1
001816121
002c2a261
00403e3a1
004846421
0052504c1
005c5a561
006664601
00706e6a1
007a78741
0084827e1
0054524e1
006866621
007c7a761
00086d097
00086e0ab
00086f0bf
0008700d3
0008710e7
0008720fb
00087310f
00908e8a1
00a4a29e1
00b8b6b21
00cccac61
00d4d2ce1
00dedcd81
00e8e6e21
00f2f0ec1
00fcfaf61
010705001
01110f0a1
00e0deda1
00f4f2ee1
010907021
00087b1af
00087c1c3
00087d1d7
00087e1eb
00087f1ff
000880213
000881227
011d1b161
01312f2a1
0145433e1
015957521
01615f5a1
016b69641
0175736e1
017f7d781
018987821
0193918c1
019d9b961
016d6b661
01817f7a1
0195938e1
0008892c7
00088a2db
00088c303
00088e32b
01a9a7a21
000890353
00112436b
05afab045
001127383
001129397
00112a3a7
00112c3bb
05c3bf045
00112f3d3
0011313e7
0011323f7
00113400b
05d7d3045
001137023
001139037
00113a047
00113c05b
05ebe7045
00113f073
00114309b
001141087
0011440ab
05fffb045
0011470c3
0011490d7
00114a0e7
00114c0fb
04120f045
00114f113
00115313b
001151127
00115414b
042623045
001157163
001159177
00115a187
00115c19b
043a37045
00115f1b3
0011631db
0011611c7
0011641eb
044e4b045
001167203
001169217
00116a227
00116c23b
04625f045
00116f253
00117327b
001171267
00117428b
047673045
0011772a3
048a87045
049e9b045
04b2af045
04c6c3045
04dad7045
04eeeb045
0502ff045
051713045
052b27045
053f3b045
05534f045
01bbb9b41
01cfcdc81
01e3e1dc1
01b3b1ac1
01c7c5c01
01dbd9d41
01efede81
01f7f5f01
0001fffa1
000a08041
0014120e1
001e1c181
002826221
0032302c1
000201fc1
001614101
002a28241
0008983f3
000899007
00089a01b
00089b02f
00089c043
00089d057
00089e06b
003e3c381
0052504c1
006664601
007a78741
0082807c1
008c8a861
009694901
00a09e9a1
00aaa8a41
00b4b2ae1
00bebcb81
008e8c881
00a2a09c1
00b6b4b01
0008a610b
0008a711f
0008a8133
0008a9147
0008aa15b
0008ab16f
0008ac183
00cac8c41
00dedcd81
00f2f0ec1
010705001
010f0d081
011917121
0123211c1
012d2b261
013735301
01413f3a1
014b49441
011b19141
012f2d281
0143413c1
0008b4223
0008b5237
0008b725f
0008b9287
015755501
0008bb2af
00117a2c7
055d59045
00117d2df
00117f2f3
001180303
001182317
05716d045
00118532f
001187343
001188353
00118a367
058581045
00118d37f
00118f393
0011903a3
0011923b7
059995045
0011953cf
0011993f7
0011973e3
00119a007
05ada9045
00119d01f
00119f033
0011a0043
0011a2057
05c1bd045
0011a506f
0011a9097
0011a7083
0011aa0a7
05d5d1045
0011ad0bf
0011af0d3
0011b00e3
0011b20f7
05e9e5045
0011b510f
0011b9137
0011b7123
0011ba147
05fdf9045
0011bd15f
0011bf173
0011c0183
0011c2197
04100d045
0011c51af
0011c91d7
0011c71c3
0011ca1e7
042421045
0011cd1ff
043835045
044c49045
04605d045
047471045
048885045
049c99045
04b0ad045
04c4c1045
04d8d5045
04ece9045
0500fd045
016967621
017d7b761
01918f8a1
01615f5a1
0175736e1
018987821
019d9b961
01a5a39e1
01afada81
01b9b7b21
01c3c1bc1
01cdcbc61
01d7d5d01
01e1dfda1
01b1afaa1
01c5c3be1
01d9d7d21
0008c334f
0008c4363
0008c5377
0008c638b
0008c739f
0008c83b3
0008c93c7
01edebe61
0001fffa1
0014120e1
002826221
00302e2a1
003a38341
0044423e1
004e4c481
005856521
0062605c1
006c6a661
003c3a361
00504e4a1
0064625e1
0008d1067
0008d207b
0008d308f
0008d40a3
0008d50b7
0008d60cb
0008d70df
007876721
008c8a861
00a09e9a1
00b4b2ae1
00bcbab61
00c6c4c01
00d0ceca1
00dad8d41
00e4e2de1
00eeece81
00f8f6f21
00c8c6c21
00dcdad61
00f0eeea1
0008df17f
0008e0193
0008e21bb
0008e41e3
010502fe1
0008e620b
0011d0223
050b07045
0011d323b
0011d524f
0011d625f
0011d8273
051f1b045
0011db28b
0011dd29f
0011de2af
0011e02c3
05332f045
0011e32db
0011e52ef
0011e62ff
0011e8313
054743045
0011eb32b
0011ef353
0011ed33f
0011f0363
055b57045
0011f337b
0011f538f
0011f639f
0011f83b3
056f6b045
0011fb3cb
0011ff3f3
0011fd3df
001200003
05837f045
00120301b
00120502f
00120603f
001208053
059793045
00120b06b
00120f093
00120d07f
0012100a3
05aba7045
0012130bb
0012150cf
0012160df
0012180f3
05bfbb045
00121b10b
00121f133
00121d11f
001220143
05d3cf045
00122315b
05e7e3045
05fbf7045
040e0b045
04221f045
043633045
044a47045
045e5b045
04726f045
048683045
049a97045
04aeab045
011715101
012b29241
013f3d381
010f0d081
0123211c1
013735301
014b49441
0153514c1
015d5b561
016765601
01716f6a1
017b79741
0185837e1
018f8d881
015f5d581
0173716c1
018785801
0008ee2ab
0008ef2bf
0008f02d3
0008f12e7
0008f22fb
0008f330f
0008f4323
019b99941
01afada81
01c3c1bc1
01d7d5d01
01dfddd81
01e9e7e21
01f3f1ec1
01fdfbf61
000604001
00100e0a1
001a18141
01ebe9e41
01fffdf81
0012100c1
0008fc3c3
0008fd3d7
0008fe3eb
0008ff3ff
000900013
000901027
00090203b
002624201
003a38341
004e4c481
0062605c1
006a68641
0074726e1
007e7c781
008886821
0092908c1
009c9a961
00a6a4a01
007674701
008a88841
009e9c981
00090a0db
00090b0ef
00090d117
00090f13f
00b2b0ac1
000911167
00122617f
04b8b5045
001229197
00122b1ab
00122c1bb
00122e1cf
04ccc9045
0012311e7
0012331fb
00123420b
00123621f
04e0dd045
001239237
00123b24b
00123c25b
00123e26f
04f4f1045
001241287
0012452af
00124329b
0012462bf
050905045
0012492d7
00124b2eb
00124c2fb
00124e30f
051d19045
001251327
00125534f
00125333b
00125635f
05312d045
001259377
00125b38b
00125c39b
00125e3af
054541045
0012613c7
0012653ef
0012633db
0012663ff
055955045
001269017
00126b02b
00126c03b
00126e04f
056d69045
001271067
00127508f
00127307b
00127609f
05817d045
0012790b7
059591045
05a9a5045
05bdb9045
05d1cd045
05e5e1045
05f9f5045
040c09045
04201d045
043431045
044845045
045c59045
00c4c2be1
00d8d6d21
00eceae61
00bcbab61
00d0ceca1
00e4e2de1
00f8f6f21
0100fefa1
010b09041
0115130e1
011f1d181
012927221
0133312c1
013d3b361
010d0b061
01211f1a1
0135332e1
000919207
00091a21b
00091b22f
00091c243
00091d257
00091e26b
00091f27f
014947421
015d5b561
01716f6a1
0185837e1
018d8b861
019795901
01a19f9a1
01aba9a41
01b5b3ae1
01bfbdb81
01c9c7c21
019997921
01adaba61
01c1bfba1
00092731f
000928333
000929347
00092a35b
00092b36f
00092c383
00092d397
01d5d3ce1
01e9e7e21
01fdfbf61
00100e0a1
001816121
0022201c1
002c2a261
003634301
00403e3a1
004a48441
0054524e1
0024221e1
003836321
004c4a461
000935037
00093604b
000938073
00093a09b
00605e5a1
00093c0c3
00127c0db
046663045
00127f0f3
001281107
001282117
00128412b
047a77045
001287143
001289157
00128a167
00128c17b
048e8b045
00128f193
0012911a7
0012921b7
0012941cb
04a29f045
0012971e3
00129b20b
0012991f7
00129c21b
04b6b3045
00129f233
0012a1247
0012a2257
0012a426b
04cac7045
0012a7283
0012ab2ab
0012a9297
0012ac2bb
04dedb045
0012af2d3
0012b12e7
0012b22f7
0012b430b
04f2ef045
0012b7323
0012bb34b
0012b9337
0012bc35b
050703045
0012bf373
0012c1387
0012c2397
0012c43ab
051b17045
0012c73c3
0012cb3eb
0012c93d7
0012cc3fb
052f2b045
0012cf013
05433f045
055753045
056b67045
057f7b045
05938f045
05a7a3045
05bbb7045
05cfcb045
05e3df045
05f7f3045
040a07045
0072706c1
008684801
009a98941
006a68641
007e7c781
0092908c1
00a6a4a01
00aeaca81
00b8b6b21
00c2c0bc1
00cccac61
00d6d4d01
00e0deda1
00eae8e41
00bab8b41
00ceccc81
00e2e0dc1
000944163
000945177
00094618b
00094719f
0009481b3
0009491c7
00094a1db
00f6f4f01
010b09041
011f1d181
0133312c1
013b39341
0145433e1
014f4d481
015957521
0163615c1
016d6b661
017775701
014745401
015b59541
016f6d681
00095227b
00095328f
0009542a3
0009552b7
0009562cb
0009572df
0009582f3
0183817c1
019795901
01aba9a41
01bfbdb81
01c7c5c01
01d1cfca1
01dbd9d41
01e5e3de1
01efede81
01f9f7f21
000201fc1
01d3d1cc1
01e7e5e01
01fbf9f41
000960393
0009613a7
0009633cf
0009653f7
000e0c081
00096701f
0012d2037
041411045
0012d504f
0012d7063
0012d8073
0012da087
042825045
0012dd09f
0012df0b3
0012e00c3
0012e20d7
043c39045
0012e50ef
0012e7103
0012e8113
0012ea127
04504d045
0012ed13f
0012f1167
0012ef153
0012f2177
046461045
0012f518f
0012f71a3
0012f81b3
0012fa1c7
047875045
0012fd1df
001301207
0012ff1f3
001302217
048c89045
00130522f
001307243
001308253
00130a267
04a09d045
00130d27f
0013112a7
00130f293
0013122b7
04b4b1045
0013152cf
0013172e3
0013182f3
00131a307
04c8c5045
00131d31f
001321347
00131f333
001322357
04dcd9045
00132536f
04f0ed045
050501045
051915045
052d29045
05413d045
055551045
056965045
057d79045
05918d045
05a5a1045
05b9b5045
00201e1a1
0034322e1
004846421
001816121
002c2a261
00403e3a1
0054524e1
005c5a561
006664601
00706e6a1
007a78741
0084827e1
008e8c881
009896921
006866621
007c7a761
00908e8a1
00096f0bf
0009700d3
0009710e7
0009720fb
00097310f
000974123
000975137
00a4a29e1
00b8b6b21
00cccac61
00e0deda1
00e8e6e21
00f2f0ec1
00fcfaf61
010705001
01110f0a1
011b19141
0125231e1
00f4f2ee1
010907021
011d1b161
00097d1d7
00097e1eb
00097f1ff
000980213
000981227
00098223b
00098324f
01312f2a1
0145433e1
015957521
016d6b661
0175736e1
017f7d781
018987821
0193918c1
019d9b961
01a7a5a01
01b1afaa1
01817f7a1
0195938e1
01a9a7a21
00098b2ef
00098c303
00098e32b
000990353
01bdbbb61
00099237b
001328393
05c3bf045
00132b3ab
00132d3bf
00132e3cf
0013303e3
05d7d3045
0013333fb
00133500f
00133601f
001338033
05ebe7045
00133b04b
00133d05f
00133e06f
001340083
05fffb045
00134309b
0013470c3
0013450af
0013480d3
04120f045
00134b0eb
00134d0ff
00134e10f
001350123
042623045
00135313b
001357163
00135514f
001358173
043a37045
00135b18b
00135d19f
00135e1af
0013601c3
044e4b045
0013631db
001367203
0013651ef
001368213
04625f045
00136b22b
00136d23f
00136e24f
001370263
047673045
00137327b
0013772a3
00137528f
0013782b3
048a87045
00137b2cb
049e9b045
04b2af045
04c6c3045
04dad7045
04eeeb045
0502ff045
051713045
052b27045
053f3b045
05534f045
056763045
01cfcdc81
01e3e1dc1
01f7f5f01
01c7c5c01
01dbd9d41
01efede81
000201fc1
000a08041
0014120e1
001e1c181
002826221
0032302c1
003c3a361
004644401
001614101
002a28241
003e3c381
00099a01b
00099b02f
00099c043
00099d057
00099e06b
00099f07f
0009a0093
0052504c1
006664601
007a78741
008e8c881
009694901
00a09e9a1
00aaa8a41
00b4b2ae1
00bebcb81
00c8c6c21
00d2d0cc1
00a2a09c1
00b6b4b01
00cac8c41
0009a8133
0009a9147
0009aa15b
0009ab16f
0009ac183
0009ad197
0009ae1ab
00dedcd81
00f2f0ec1
010705001
011b19141
0123211c1
012d2b261
013735301
01413f3a1
014b49441
0155534e1
015f5d581
012f2d281
0143413c1
015755501
0009b624b
0009b725f
0009b9287
0009bb2af
016b69641
0009bd2d7
00137e2ef
05716d045
001381307
00138331b
00138432b
00138633f
058581045
001389357
00138b36b
00138c37b
00138e38f
059995045
0013913a7
0013933bb
0013943cb
0013963df
05ada9045
0013993f7
00139d01f
00139b00b
00139e02f
05c1bd045
0013a1047
0013a305b
0013a406b
0013a607f
05d5d1045
0013a9097
0013ad0bf
0013ab0ab
0013ae0cf
05e9e5045
0013b10e7
0013b30fb
0013b410b
0013b611f
05fdf9045
0013b9137
0013bd15f
0013bb14b
0013be16f
04100d045
0013c1187
0013c319b
0013c41ab
0013c61bf
042421045
0013c91d7
0013cd1ff
0013cb1eb
0013ce20f
043835045
0013d1227
044c49045
04605d045
047471045
048885045
049c99045
04b0ad045
04c4c1045
04d8d5045
04ece9045
0500fd045
051511045
017d7b761
01918f8a1
01a5a39e1
0175736e1
018987821
019d9b961
01b1afaa1
01b9b7b21
01c3c1bc1
01cdcbc61
01d7d5d01
01e1dfda1
01ebe9e41
01f5f3ee1
01c5c3be1
01d9d7d21
01edebe61
0009c5377
0009c638b
0009c739f
0009c83b3
0009c93c7
0009ca3db
0009cb3ef
0001fffa1
0014120e1
002826221
003c3a361
0044423e1
004e4c481
005856521
0062605c1
006c6a661
007674701
00807e7a1
00504e4a1
0064625e1
007876721
0009d308f
0009d40a3
0009d50b7
0009d60cb
0009d70df
0009d80f3
0009d9107
008c8a861
00a09e9a1
00b4b2ae1
00c8c6c21
00d0ceca1
00dad8d41
00e4e2de1
00eeece81
00f8f6f21
010300fc1
010d0b061
00dcdad61
00f0eeea1
010502fe1
0009e11a7
0009e21bb
0009e41e3
0009e620b
011917121
0009e8233
0013d424b
051f1b045
0013d7263
0013d9277
0013da287
0013dc29b
05332f045
0013df2b3
0013e12c7
0013e22d7
0013e42eb
054743045
0013e7303
0013e9317
0013ea327
0013ec33b
055b57045
0013ef353
0013f337b
0013f1367
0013f438b
056f6b045
0013f73a3
0013f93b7
0013fa3c7
0013fc3db
05837f045
0013ff3f3
00140301b
001401007
00140402b
059793045
001407043
001409057
00140a067
00140c07b
05aba7045
00140f093
0014130bb
0014110a7
0014140cb
05bfbb045
0014170e3
0014190f7
00141a107
00141c11b
05d3cf045
00141f133
00142315b
001421147
00142416b
05e7e3045
001427183
05fbf7045
040e0b045
04221f045
043633045
044a47045
045e5b045
04726f045
048683045
049a97045
04aeab045
04c2bf045
012b29241
013f3d381
0153514c1
0123211c1
013735301
014b49441
015f5d581
016765601
01716f6a1
017b79741
0185837e1
018f8d881
019997921
01a3a19c1
0173716c1
018785801
019b99941
0009f02d3
0009f12e7
0009f22fb
0009f330f
0009f4323
0009f5337
0009f634b
01afada81
01c3c1bc1
01d7d5d01
01ebe9e41
01f3f1ec1
01fdfbf61
000604001
00100e0a1
001a18141
0024221e1
002e2c281
01fffdf81
0012100c1
002624201
0009fe3eb
0009ff3ff
000a00013
000a01027
000a0203b
000a0304f
000a04063
003a38341
004e4c481
0062605c1
007674701
007e7c781
008886821
0092908c1
009c9a961
00a6a4a01
00b0aeaa1
00bab8b41
008a88841
009e9c981
00b2b0ac1
000a0c103
000a0d117
000a0f13f
000a11167
00c6c4c01
000a1318f
00142a1a7
04ccc9045
00142d1bf
00142f1d3
0014301e3
0014321f7
04e0dd045
00143520f
001437223
001438233
00143a247
04f4f1045
00143d25f
00143f273
001440283
001442297
050905045
0014452af
0014492d7
0014472c3
00144a2e7
051d19045
00144d2ff
00144f313
001450323
001452337
05312d045
00145534f
001459377
001457363
00145a387
054541045
00145d39f
00145f3b3
0014603c3
0014623d7
055955045
0014653ef
001469017
001467003
00146a027
056d69045
00146d03f
00146f053
001470063
001472077
05817d045
00147508f
0014790b7
0014770a3
00147a0c7
059591045
00147d0df
05a9a5045
05bdb9045
05d1cd045
05e5e1045
05f9f5045
040c09045
04201d045
043431045
044845045
045c59045
04706d045
00d8d6d21
00eceae61
0100fefa1
00d0ceca1
00e4e2de1
00f8f6f21
010d0b061
0115130e1
011f1d181
012927221
0133312c1
013d3b361
014745401
01514f4a1
01211f1a1
0135332e1
014947421
000a1b22f
000a1c243
000a1d257
000a1e26b
000a1f27f
000a20293
000a212a7
015d5b561
01716f6a1
0185837e1
019997921
01a19f9a1
01aba9a41
01b5b3ae1
01bfbdb81
01c9c7c21
01d3d1cc1
01dddbd61
01adaba61
01c1bfba1
01d5d3ce1
000a29347
000a2a35b
000a2b36f
000a2c383
000a2d397
000a2e3ab
000a2f3bf
01e9e7e21
01fdfbf61
00100e0a1
0024221e1
002c2a261
003634301
00403e3a1
004a48441
0054524e1
005e5c581
006866621
003836321
004c4a461
00605e5a1
000a3705f
000a38073
000a3a09b
000a3c0c3
0074726e1
000a3e0eb
001480103
047a77045
00148311b
00148512f
00148613f
001488153
048e8b045
00148b16b
00148d17f
00148e18f
0014901a3
04a29f045
0014931bb
0014951cf
0014961df
0014981f3
04b6b3045
00149b20b
00149f233
00149d21f
0014a0243
04cac7045
0014a325b
0014a526f
0014a627f
0014a8293
04dedb045
0014ab2ab
0014af2d3
0014ad2bf
0014b02e3
04f2ef045
0014b32fb
0014b530f
0014b631f
0014b8333
050703045
0014bb34b
0014bf373
0014bd35f
0014c0383
051b17045
0014c339b
0014c53af
0014c63bf
0014c83d3
052f2b045
0014cb3eb
0014cf013
0014cd3ff
0014d0023
05433f045
0014d303b
055753045
056b67045
057f7b045
05938f045
05a7a3045
05bbb7045
05cfcb045
05e3df045
05f7f3045
040a07045
041e1b045
008684801
009a98941
00aeaca81
007e7c781
0092908c1
00a6a4a01
00bab8b41
00c2c0bc1
00cccac61
00d6d4d01
00e0deda1
00eae8e41
00f4f2ee1
00fefcf81
00ceccc81
00e2e0dc1
00f6f4f01
000a4618b
000a4719f
000a481b3
000a491c7
000a4a1db
000a4b1ef
000a4c203
010b09041
011f1d181
0133312c1
014745401
014f4d481
015957521
0163615c1
016d6b661
017775701
01817f7a1
018b89841
015b59541
016f6d681
0183817c1
000a542a3
000a552b7
000a562cb
000a572df
000a582f3
000a59307
000a5a31b
019795901
01aba9a41
01bfbdb81
01d3d1cc1
01dbd9d41
01e5e3de1
01efede81
01f9f7f21
000201fc1
000c0a061
001614101
01e7e5e01
01fbf9f41
000e0c081
000a623bb
000a633cf
000a653f7
000a6701f
0022201c1
000a69047
0014d605f
042825045
0014d9077
0014db08b
0014dc09b
0014de0af
043c39045
0014e10c7
0014e30db
0014e40eb
0014e60ff
04504d045
0014e9117
0014eb12b
0014ec13b
0014ee14f
046461045
0014f1167
0014f518f
0014f317b
0014f619f
047875045
0014f91b7
0014fb1cb
0014fc1db
0014fe1ef
048c89045
001501207
00150522f
00150321b
00150623f
04a09d045
001509257
00150b26b
00150c27b
00150e28f
04b4b1045
0015112a7
0015152cf
0015132bb
0015162df
04c8c5045
0015192f7
00151b30b
00151c31b
00151e32f
04dcd9045
001521347
00152536f
00152335b
00152637f
04f0ed045
001529397
050501045
051915045
052d29045
05413d045
055551045
056965045
057d79045
05918d045
05a5a1045
05b9b5045
05cdc9045
0034322e1
004846421
005c5a561
002c2a261
00403e3a1
0054524e1
006866621
00706e6a1
007a78741
0084827e1
008e8c881
009896921
00a2a09c1
00acaaa61
007c7a761
00908e8a1
00a4a29e1
000a710e7
000a720fb
000a7310f
000a74123
000a75137
000a7614b
000a7715f
00b8b6b21
00cccac61
00e0deda1
00f4f2ee1
00fcfaf61
010705001
01110f0a1
011b19141
0125231e1
012f2d281
013937321
010907021
011d1b161
01312f2a1
000a7f1ff
000a80213
000a81227
000a8223b
000a8324f
000a84263
000a85277
0145433e1
015957521
016d6b661
01817f7a1
018987821
0193918c1
019d9b961
01a7a5a01
01b1afaa1
01bbb9b41
01c5c3be1
0195938e1
01a9a7a21
01bdbbb61
000a8d317
000a8e32b
000a90353
000a9237b
01d1cfca1
000a943a3
00152c3bb
05d7d3045
00152f3d3
0015313e7
0015323f7
00153400b
05ebe7045
001537023
001539037
00153a047
00153c05b
05fffb045
00153f073
001541087
001542097
0015440ab
04120f045
0015470c3
00154b0eb
0015490d7
00154c0fb
042623045
00154f113
001551127
001552137
00155414b
043a37045
001557163
00155b18b
001559177
00155c19b
044e4b045
00155f1b3
0015611c7
0015621d7
0015641eb
04625f045
001567203
00156b22b
001569217
00156c23b
047673045
00156f253
001571267
001572277
00157428b
048a87045
0015772a3
00157b2cb
0015792b7
00157c2db
049e9b045
00157f2f3
04b2af045
04c6c3045
04dad7045
04eeeb045
0502ff045
051713045
052b27045
053f3b045
05534f045
056763045
057b77045
01e3e1dc1
01f7f5f01
000a08041
01dbd9d41
01efede81
000201fc1
001614101
001e1c181
002826221
0032302c1
003c3a361
004644401
00504e4a1
005a58541
002a28241
003e3c381
0052504c1
000a9c043
000a9d057
000a9e06b
000a9f07f
000aa0093
000aa10a7
000aa20bb
006664601
007a78741
008e8c881
00a2a09c1
00aaa8a41
00b4b2ae1
00bebcb81
00c8c6c21
00d2d0cc1
00dcdad61
00e6e4e01
00b6b4b01
00cac8c41
00dedcd81
000aaa15b
000aab16f
000aac183
000aad197
000aae1ab
000aaf1bf
000ab01d3
00f2f0ec1
010705001
011b19141
012f2d281
013735301
01413f3a1
014b49441
0155534e1
015f5d581
016967621
0173716c1
0143413c1
015755501
016b69641
000ab8273
000ab9287
000abb2af
000abd2d7
017f7d781
