000000003
00000300f
00000601b
000009027
00000c033
00000f03f
000012053
000014063
022a0028e
00001707b
02360034e
00001a093
02020026d
00001d0ab
02080032d
000020143
023e003ce
00002315b
024a0048e
000026173
02560054e
020e003ed
00220604b
00002b19b
00002c1a3
02180052d
00002f1bb
025e005ce
02a200a0e
00003325b
02ae00ace
02b200b0e
00281210b
000038283
00003928b
024c00aad
024e00aed
025000b2d
00003e2b3
02be00bce
02c600c4e
02ce00cce
025400bad
025800c2d
025c00cad
02d200d0e
02de00dce
03260124e
003a3634b
026200d6d
026600ded
02920126d
032e012ce
03360134e
03420140e
043e0c3cf
02980132d
00807a78b
029e013ed
034a0148e
007e7674b
035a0158e
02a4014ad
00827e7cb
02aa0156d
00b8a2a0b
00848280b
04860c84f
00c8c2c0b
048808862
008a88002
046046201
046846281
047046301
006200601
006a04681
007208701
0000000c7
047c463c1
0000030df
0000040e7
049046501
007e0e7c1
008a14881
0000070ff
049846581
04d40ad31
00000b11f
00000c127
04f08eb01
00d6d4003
00ea04e81
00f208f01
00004134b
0000101c7
0000111cf
0000121d7
0000131df
05088ec81
050c8ecc1
00004a393
00fe0efc1
00004b39b
00004e3b3
0000151ef
010e170c1
05188ed81
00001920f
0564d7241
01161b141
016201601
0568d7281
00001e237
00001f23f
0578d7381
057cd73c1
0580d7401
0000550ab
017209701
01760b741
00005a0d3
0000222d7
0000232df
00005e0f3
00005f0fb
0000262f7
0594d7541
059cd75c1
018e178c1
019a1d981
00002a317
03a601a4e
03ae01ace
00002e337
000060183
00006118b
02dc01aad
0000641a3
02e201b6d
0000671bb
03c201c0e
00006a1d3
03ce01cce
00006d1eb
00006e1f3
02e801c2d
02ec01cad
02f001d2d
03de01dce
02460044e
024e004ce
0100eae8b
0102eeecb
010afefcb
02560054e
025e005ce
02660064e
032a0056d
032c005ad
03300062d
0334006ad
0336006ed
027e007ce
01452b28b
01130f0cb
033a0076d
033e007ed
014b3734b
036c00cad
02d600d4e
02e200e0e
02e600e4e
014f3f3cb
037400dad
01896b68b
037a00e6d
01574f4cb
02fa00f8e
037c00ead
015b5754b
038200f6d
01998b88b
015d5b58b
055e0d5cf
01a19b98b
0560095e2
016360002
05e11fa01
05e91fa81
05f11fb01
01e201e01
01ea05e81
01f209f01
0000303c7
05fd1fbc1
0000333df
0000343e7
04311fd01
01fe0ffc1
002a14281
0000373ff
04391fd81
05ac0bab1
00003b05f
00003c067
049166501
01afac003
008a04881
009208901
00007128b
000040107
00004110f
000042117
00004311f
04a966681
04ad666c1
00007a2d3
009e0e9c1
00007b2db
00007e2f3
00004512f
00ae16ac1
04b966781
00004914f
0505aec41
00b61ab41
010201001
0509aec81
00004e177
00004f17f
0519aed81
051daedc1
0521aee01
0000853ab
011209101
01160b141
00008a3d3
000052217
00005321f
00008e3f3
00008f3fb
000056237
0535aef41
053daefc1
012e172c1
013a1d381
00005a257
03460144e
034e014ce
00005e277
0000900c3
0000910cb
03b4014ad
0000940e3
03ba0156d
0000970fb
03620160e
00009a113
036e016ce
00009d12b
00009e133
03c00162d
03c4016ad
03c80172d
037e017ce
03c601c4e
03ce01cce
01d9c3c0b
01dbc7c4b
01e3d7d4b
03d601d4e
03de01dce
03e601e4e
020201d6d
020401dad
020801e2d
020c01ead
020e01eed
03fe01fce
001c0200b
01ebe7e4b
021201f6d
021601fed
00220e0cb
0244006ad
02760074e
02820080e
02860084e
00261614b
024c007ad
00604240b
02520086d
002e2624b
029a0098e
0254008ad
00322e2cb
025a0096d
00706260b
00343230b
04360c34f
00787270b
043808362
003a38002
0581f7401
0589f7481
0591f7501
018201801
018a05881
019209901
000060307
059df75c1
00006331f
000064327
05b1f7701
019e0f9c1
01aa15a81
00006733f
05b9f7781
04840a831
00006b35f
00006c367
04303fd01
008684003
002a04281
003208301
0000a11cb
000070047
00007104f
000072057
00007305f
04483fe81
044c3fec1
0000aa213
003e0e3c1
0000ab21b
0000ae233
00007506f
004e164c1
04583ff81
00007908f
04a486641
00561a541
00a200a01
04a886681
00007e0b7
00007f0bf
04b886781
04bc867c1
04c086801
0000b52eb
00b208b01
00b60ab41
0000ba313
000082157
00008315f
0000be333
0000bf33b
000086177
04d486941
04dc869c1
00ce16cc1
00da1cd81
00008a197
02e600e4e
02ee00ece
00008e1b7
0000c03c3
0000c13cb
028c00ead
0000c43e3
029200f6d
0000c73fb
03020100e
0000ca053
030e010ce
0000cd06b
0000ce073
02980102d
029c010ad
02a00112d
031e011ce
03660164e
036e016ce
00b09a98b
00b29e9cb
00baaeacb
03760174e
037e017ce
03860184e
02da0176d
02dc017ad
02e00182d
02e4018ad
02e6018ed
039e019ce
00f4dad8b
00c2bebcb
02ea0196d
02ee019ed
00fae6e4b
031c01ead
03f601f4e
02220020e
02260024e
00feeeecb
032401fad
01391b18b
032a0026d
0106fefcb
023a0038e
032c002ad
010b0704b
03320036d
01493b38b
010d0b08b
050e0d0cf
01514b48b
0510090e2
011310002
0520cee01
0528cee81
0530cef01
012201201
012a05281
013209301
000090247
053ccefc1
00009325f
000094267
0550cf101
013e0f3c1
014a15481
00009727f
0558cf181
055c0b5b1
00009b29f
00009c2a7
05b117701
015f5c003
01aa05a81
01b209b01
0000d110b
0000a0347
0000a134f
0000a2357
0000a335f
05c917881
05cd178c1
0000da153
01be0fbc1
0000db15b
0000de173
0000a536f
01ce17cc1
05d917981
0000a938f
04455fe41
01d61bd41
004200401
04495fe81
0000ae3b7
0000af3bf
04595ff81
045d5ffc1
04615e201
0000e522b
005208501
00560a541
0000ea253
0000b2097
0000b309f
0000ee273
0000ef27b
0000b60b7
04755e341
047d5e3c1
006e166c1
007a1c781
0000ba0d7
02860084e
028e008ce
0000be0f7
0000f0303
0000f130b
0364008ad
0000f4323
036a0096d
0000f733b
02a200a0e
0000fa353
02ae00ace
0000fd36b
0000fe373
037000a2d
037400aad
037800b2d
02be00bce
03060104e
030e010ce
01897370b
018b7774b
01938784b
03160114e
031e011ce
03260124e
03b20116d
03b4011ad
03b80122d
03bc012ad
03be012ed
033e013ce
01cdb3b0b
019b9794b
03c20136d
03c6013ed
01d3bfbcb
03f4018ad
03960194e
03a201a0e
03a601a4e
01d7c7c4b
03fc019ad
0011f3f0b
020201a6d
01dfd7d4b
03ba01b8e
020401aad
01e3dfdcb
020a01b6d
00201210b
01e5e3e0b
05e60de4f
00282220b
05e809e62
01ebe8002
04c1a6801
04c9a6881
04d1a6901
00c200c01
00ca04c81
00d208d01
0000c0187
04dda69c1
0000c319f
0000c41a7
04f1a6b01
00de0edc1
00ea14e81
0000c71bf
04f9a6b81
04340a331
0000cb1df
0000cc1e7
0551ef101
003634003
014a05481
015209501
00010104b
0000d0287
0000d128f
0000d2297
0000d329f
0569ef281
056def2c1
00010a093
015e0f5c1
00010b09b
00010e0b3
0000d52af
016e176c1
0579ef381
0000d92cf
05c437841
01761b741
01c201c01
05c837881
0000de2f7
0000df2ff
05d837981
05dc379c1
05e037a01
00011516b
01d209d01
01d60bd41
00011a193
0000e2397
0000e339f
00011e1b3
00011f1bb
0000e63b7
05f437b41
05fc37bc1
01ee17ec1
01fa1df81
0000ea3d7
02260024e
022e002ce
0000ee3f7
000120243
00012124b
023c002ad
000124263
02420036d
00012727b
02420040e
00012a293
024e004ce
00012d2ab
00012e2b3
02480042d
024c004ad
02500052d
025e005ce
02a600a4e
02ae00ace
00604a48b
00624e4cb
006a5e5cb
02b600b4e
02be00bce
02c600c4e
028a00b6d
028c00bad
029000c2d
029400cad
029600ced
02de00dce
00a48a88b
00726e6cb
029a00d6d
029e00ded
00aa9694b
02cc012ad
03360134e
03420140e
03460144e
00ae9e9cb
02d4013ad
00e8cac8b
02da0146d
00b6aeacb
035a0158e
02dc014ad
00bab6b4b
02e20156d
00f8eae8b
00bcbab8b
04be0cbcf
0100faf8b
04c008be2
00c2c0002
04607e201
04687e281
04707e301
006200601
006a04681
007208701
0000f00c7
047c7e3c1
0000f30df
0000f40e7
04907e501
007e0e7c1
008a14881
0000f70ff
04987e581
050c0b0b1
0000fb11f
0000fc127
04f0c6b01
010f0c003
00ea04e81
00f208f01
00013134b
0001001c7
0001011cf
0001021d7
0001031df
0508c6c81
050cc6cc1
00013a393
00fe0efc1
00013b39b
00013e3b3
0001051ef
010e170c1
0518c6d81
00010920f
05650f241
01161b141
016201601
05690f281
00010e237
00010f23f
05790f381
057d0f3c1
05810f401
0001450ab
017209701
01760b741
00014a0d3
0001122d7
0001132df
00014e0f3
00014f0fb
0001162f7
05950f541
059d0f5c1
018e178c1
019a1d981
00011a317
03a601a4e
03ae01ace
00011e337
000150183
00015118b
031401aad
0001541a3
031a01b6d
0001571bb
03c201c0e
00015a1d3
03ce01cce
00015d1eb
00015e1f3
032001c2d
032401cad
032801d2d
03de01dce
02460044e
024e004ce
01392320b
013b2724b
01433734b
02560054e
025e005ce
02660064e
03620056d
0364005ad
03680062d
036c006ad
036e006ed
027e007ce
017d6360b
014b4744b
03720076d
0376007ed
01836f6cb
03a400cad
02d600d4e
02e200e0e
02e600e4e
01877774b
03ac00dad
01c1a3a0b
03b200e6d
018f8784b
02fa00f8e
03b400ead
01938f8cb
03ba00f6d
01d1c3c0b
01959390b
05960d94f
01d9d3d0b
059809962
019b98002
05e157a01
05e957a81
05f157b01
01e201e01
01ea05e81
01f209f01
0001203c7
05fd57bc1
0001233df
0001243e7
043157d01
01fe0ffc1
002a14281
0001273ff
043957d81
05e40be31
00012b05f
00012c067
04919e501
01e7e4003
008a04881
009208901
00016128b
000130107
00013110f
000132117
00013311f
04a99e681
04ad9e6c1
00016a2d3
009e0e9c1
00016b2db
00016e2f3
00013512f
00ae16ac1
04b99e781
00013914f
0505e6c41
00b61ab41
010201001
0509e6c81
00013e177
00013f17f
0519e6d81
051de6dc1
0521e6e01
0001753ab
011209101
01160b141
00017a3d3
000142217
00014321f
00017e3f3
00017f3fb
000146237
0535e6f41
053de6fc1
012e172c1
013a1d381
00014a257
03460144e
034e014ce
00014e277
0001800c3
0001810cb
03ec014ad
0001840e3
03f20156d
0001870fb
03620160e
00018a113
036e016ce
00018d12b
00018e133
03f80162d
03fc016ad
02000172d
037e017ce
03c601c4e
03ce01cce
0011fbf8b
0013fffcb
001a0e0cb
03d601d4e
03de01dce
03e601e4e
023a01d6d
023c01dad
024001e2d
024401ead
024601eed
03fe01fce
00543a38b
00221e1cb
024a01f6d
024e01fed
005a4644b
027c006ad
02760074e
02820080e
02860084e
005e4e4cb
0284007ad
00987a78b
028a0086d
00665e5cb
029a0098e
028c008ad
006a6664b
02920096d
00a89a98b
006c6a68b
046e0c6cf
00b0aaa8b
0470086e2
007270002
05802f401
05882f481
05902f501
018201801
018a05881
019209901
000150307
059c2f5c1
00015331f
000154327
05b02f701
019e0f9c1
01aa15a81
00015733f
05b82f781
04bc0abb1
00015b35f
00015c367
043077d01
00bebc003
002a04281
003208301
0001911cb
000160047
00016104f
000162057
00016305f
044877e81
044c77ec1
00019a213
003e0e3c1
00019b21b
00019e233
00016506f
004e164c1
045877f81
00016908f
04a4be641
00561a541
00a200a01
04a8be681
00016e0b7
00016f0bf
04b8be781
04bcbe7c1
04c0be801
0001a52eb
00b208b01
00b60ab41
0001aa313
000172157
00017315f
0001ae333
0001af33b
000176177
04d4be941
04dcbe9c1
00ce16cc1
00da1cd81
00017a197
02e600e4e
02ee00ece
00017e1b7
0001b03c3
0001b13cb
02c400ead
0001b43e3
02ca00f6d
0001b73fb
03020100e
0001ba053
030e010ce
0001bd06b
0001be073
02d00102d
02d4010ad
02d80112d
031e011ce
03660164e
036e016ce
00e8d2d0b
00ead6d4b
00f2e6e4b
03760174e
037e017ce
03860184e
03120176d
0314017ad
03180182d
031c018ad
031e018ed
039e019ce
012d1310b
00faf6f4b
03220196d
0326019ed
01331f1cb
035401ead
03f601f4e
02220020e
02260024e
01372724b
035c01fad
01715350b
03620026d
013f3734b
023a0038e
0364002ad
01433f3cb
036a0036d
01817370b
01454340b
05460d44f
01898380b
054809462
014b48002
052106e01
052906e81
053106f01
012201201
012a05281
013209301
000180247
053d06fc1
00018325f
000184267
055107101
013e0f3c1
014a15481
00018727f
055907181
05940b931
00018b29f
00018c2a7
05b14f701
019794003
01aa05a81
01b209b01
0001c110b
000190347
00019134f
000192357
00019335f
05c94f881
05cd4f8c1
0001ca153
01be0fbc1
0001cb15b
0001ce173
00019536f
01ce17cc1
05d94f981
00019938f
044597e41
01d61bd41
004200401
044997e81
00019e3b7
00019f3bf
045997f81
045d97fc1
046196201
0001d522b
005208501
00560a541
0001da253
0001a2097
0001a309f
0001de273
0001df27b
0001a60b7
047596341
047d963c1
006e166c1
007a1c781
0001aa0d7
02860084e
028e008ce
0001ae0f7
0001e0303
0001e130b
039c008ad
0001e4323
03a20096d
0001e733b
02a200a0e
0001ea353
02ae00ace
0001ed36b
0001ee373
03a800a2d
03ac00aad
03b000b2d
02be00bce
03060104e
030e010ce
01c1aba8b
01c3afacb
01cbbfbcb
03160114e
031e011ce
03260124e
03ea0116d
03ec011ad
03f00122d
03f4012ad
03f6012ed
033e013ce
0005ebe8b
01d3cfccb
03fa0136d
03fe013ed
000bf7f4b
022c018ad
03960194e
03a201a0e
03a601a4e
000ffffcb
0234019ad
00482a28b
023a01a6d
00160e0cb
03ba01b8e
023c01aad
001a1614b
024201b6d
00584a48b
001c1a18b
041e0c1cf
00605a58b
0420081e2
002220002
04c1de801
04c9de881
04d1de901
00c200c01
00ca04c81
00d208d01
0001b0187
04ddde9c1
0001b319f
0001b41a7
04f1deb01
00de0edc1
00ea14e81
0001b71bf
04f9deb81
046c0a6b1
0001bb1df
0001bc1e7
055027101
006e6c003
014a05481
015209501
0001f104b
0001c0287
0001c128f
0001c2297
0001c329f
056827281
056c272c1
0001fa093
015e0f5c1
0001fb09b
0001fe0b3
0001c52af
016e176c1
057827381
0001c92cf
05c46f841
01761b741
01c201c01
05c86f881
0001ce2f7
0001cf2ff
05d86f981
05dc6f9c1
05e06fa01
00020516b
01d209d01
01d60bd41
00020a193
0001d2397
0001d339f
00020e1b3
00020f1bb
0001d63b7
05f46fb41
05fc6fbc1
01ee17ec1
01fa1df81
0001da3d7
02260024e
022e002ce
0001de3f7
000210243
00021124b
0274002ad
000214263
027a0036d
00021727b
02420040e
00021a293
024e004ce
00021d2ab
00021e2b3
02800042d
0284004ad
02880052d
025e005ce
02a600a4e
02ae00ace
00988280b
009a8684b
00a29694b
02b600b4e
02be00bce
02c600c4e
02c200b6d
02c400bad
02c800c2d
02cc00cad
02ce00ced
02de00dce
00dcc2c0b
00aaa6a4b
02d200d6d
02d600ded
00e2ceccb
0304012ad
03360134e
03420140e
03460144e
00e6d6d4b
030c013ad
01210300b
03120146d
00eee6e4b
035a0158e
0314014ad
00f2eeecb
031a0156d
01312320b
00f4f2f0b
04f60cf4f
01393330b
04f808f62
00faf8002
0460b6201
0468b6281
0470b6301
006200601
006a04681
007208701
0001e00c7
047cb63c1
0001e30df
0001e40e7
0490b6501
007e0e7c1
008a14881
0001e70ff
0498b6581
05440b431
0001eb11f
0001ec127
04f0feb01
014744003
00ea04e81
00f208f01
00022134b
0001f01c7
0001f11cf
0001f21d7
0001f31df
0508fec81
050cfecc1
00022a393
00fe0efc1
00022b39b
00022e3b3
0001f51ef
010e170c1
0518fed81
0001f920f
056547241
01161b141
016201601
056947281
0001fe237
0001ff23f
057947381
057d473c1
058147401
0002350ab
017209701
01760b741
00023a0d3
0002022d7
0002032df
00023e0f3
00023f0fb
0002062f7
059547541
059d475c1
018e178c1
019a1d981
00020a317
03a601a4e
03ae01ace
00020e337
000240183
00024118b
034c01aad
0002441a3
035201b6d
0002471bb
03c201c0e
00024a1d3
03ce01cce
00024d1eb
00024e1f3
035801c2d
035c01cad
036001d2d
03de01dce
02460044e
024e004ce
01715b58b
01735f5cb
017b6f6cb
02560054e
025e005ce
02660064e
039a0056d
039c005ad
03a00062d
03a4006ad
03a6006ed
027e007ce
01b59b98b
01837f7cb
03aa0076d
03ae007ed
01bba7a4b
03dc00cad
02d600d4e
02e200e0e
02e600e4e
01bfafacb
03e400dad
01f9dbd8b
03ea00e6d
01c7bfbcb
02fa00f8e
03ec00ead
01cbc7c4b
03f200f6d
0009fbf8b
01cdcbc8b
05ce0dccf
00100a08b
05d009ce2
01d3d0002
05e18fa01
05e98fa81
05f18fb01
01e201e01
01ea05e81
01f209f01
0002103c7
05fd8fbc1
0002133df
0002143e7
04318fd01
01fe0ffc1
002a14281
0002173ff
04398fd81
041c0a1b1
00021b05f
00021c067
0491d6501
001e1c003
008a04881
009208901
00025128b
000220107
00022110f
000222117
00022311f
04a9d6681
04add66c1
00025a2d3
009e0e9c1
00025b2db
00025e2f3
00022512f
00ae16ac1
04b9d6781
00022914f
05041ec41
00b61ab41
010201001
05081ec81
00022e177
00022f17f
05181ed81
051c1edc1
05201ee01
0002653ab
011209101
01160b141
00026a3d3
000232217
00023321f
00026e3f3
00026f3fb
000236237
05341ef41
053c1efc1
012e172c1
013a1d381
00023a257
03460144e
034e014ce
00023e277
0002700c3
0002710cb
0224014ad
0002740e3
022a0156d
0002770fb
03620160e
00027a113
036e016ce
00027d12b
00027e133
02300162d
0234016ad
02380172d
037e017ce
03c601c4e
03ce01cce
00483230b
004a3634b
00524644b
03d601d4e
03de01dce
03e601e4e
027201d6d
027401dad
027801e2d
027c01ead
027e01eed
03fe01fce
008c7270b
005a5654b
028201f6d
028601fed
00927e7cb
02b4006ad
02760074e
02820080e
02860084e
00968684b
02bc007ad
00d0b2b0b
02c20086d
009e9694b
029a0098e
02c4008ad
00a29e9cb
02ca0096d
00e0d2d0b
00a4a2a0b
04a60ca4f
00e8e2e0b
04a808a62
00aaa8002
058067401
058867481
059067501
018201801
018a05881
019209901
000240307
059c675c1
00024331f
000244327
05b067701
019e0f9c1
01aa15a81
00024733f
05b867781
04f40af31
00024b35f
00024c367
0430afd01
00f6f4003
002a04281
003208301
0002811cb
000250047
00025104f
000252057
00025305f
0448afe81
044cafec1
00028a213
003e0e3c1
00028b21b
00028e233
00025506f
004e164c1
0458aff81
00025908f
04a4f6641
00561a541
00a200a01
04a8f6681
00025e0b7
00025f0bf
04b8f6781
04bcf67c1
04c0f6801
0002952eb
00b208b01
00b60ab41
00029a313
000262157
00026315f
00029e333
00029f33b
000266177
04d4f6941
04dcf69c1
00ce16cc1
00da1cd81
00026a197
02e600e4e
02ee00ece
00026e1b7
0002a03c3
0002a13cb
02fc00ead
0002a43e3
030200f6d
0002a73fb
03020100e
0002aa053
030e010ce
0002ad06b
0002ae073
03080102d
030c010ad
03100112d
031e011ce
03660164e
036e016ce
01210b08b
01230f0cb
012b1f1cb
03760174e
037e017ce
03860184e
034a0176d
034c017ad
03500182d
0354018ad
0356018ed
039e019ce
01654b48b
01332f2cb
035a0196d
035e019ed
016b5754b
038c01ead
03f601f4e
02220020e
02260024e
016f5f5cb
039401fad
01a98b88b
039a0026d
01776f6cb
023a0038e
039c002ad
017b7774b
03a20036d
01b9aba8b
017d7b78b
057e0d7cf
01c1bbb8b
0580097e2
018380002
05213ee01
05293ee81
05313ef01
012201201
012a05281
013209301
000270247
053d3efc1
00027325f
000274267
05513f101
013e0f3c1
014a15481
00027727f
05593f181
05cc0bcb1
00027b29f
00027c2a7
05b187701
01cfcc003
01aa05a81
01b209b01
0002b110b
000280347
00028134f
000282357
00028335f
05c987881
05cd878c1
0002ba153
01be0fbc1
0002bb15b
0002be173
00028536f
01ce17cc1
05d987981
00028938f
0445cfe41
01d61bd41
004200401
0449cfe81
00028e3b7
00028f3bf
0459cff81
045dcffc1
0461ce201
0002c522b
005208501
00560a541
0002ca253
000292097
00029309f
0002ce273
0002cf27b
0002960b7
0475ce341
047dce3c1
006e166c1
007a1c781
00029a0d7
02860084e
028e008ce
00029e0f7
0002d0303
0002d130b
03d4008ad
0002d4323
03da0096d
0002d733b
02a200a0e
0002da353
02ae00ace
0002dd36b
0002de373
03e000a2d
03e400aad
03e800b2d
02be00bce
03060104e
030e010ce
01f9e3e0b
01fbe7e4b
0003f7f4b
03160114e
031e011ce
03260124e
02220116d
0224011ad
02280122d
022c012ad
022e012ed
033e013ce
003c2220b
000a0604b
02320136d
0236013ed
00422e2cb
0264018ad
03960194e
03a201a0e
03a601a4e
00463634b
026c019ad
00806260b
027201a6d
004e4644b
03ba01b8e
027401aad
00524e4cb
027a01b6d
00908280b
00545250b
04560c54f
00989290b
045808562
005a58002
04c016801
04c816881
04d016901
00c200c01
00ca04c81
00d208d01
0002a0187
04dc169c1
0002a319f
0002a41a7
04f016b01
00de0edc1
00ea14e81
0002a71bf
04f816b81
04a40aa31
0002ab1df
0002ac1e7
05505f101
00a6a4003
014a05481
015209501
0002e104b
0002b0287
0002b128f
0002b2297
0002b329f
05685f281
056c5f2c1
0002ea093
015e0f5c1
0002eb09b
0002ee0b3
0002b52af
016e176c1
05785f381
0002b92cf
05c4a7841
01761b741
01c201c01
05c8a7881
0002be2f7
0002bf2ff
05d8a7981
05dca79c1
05e0a7a01
0002f516b
01d209d01
01d60bd41
0002fa193
0002c2397
0002c339f
0002fe1b3
0002ff1bb
0002c63b7
05f4a7b41
05fca7bc1
01ee17ec1
01fa1df81
0002ca3d7
02260024e
022e002ce
0002ce3f7
000300243
00030124b
02ac002ad
000304263
02b20036d
00030727b
02420040e
00030a293
024e004ce
00030d2ab
00030e2b3
02b80042d
02bc004ad
02c00052d
025e005ce
02a600a4e
02ae00ace
00d0bab8b
00d2bebcb
00daceccb
02b600b4e
02be00bce
02c600c4e
02fa00b6d
02fc00bad
030000c2d
030400cad
030600ced
02de00dce
0114faf8b
00e2dedcb
030a00d6d
030e00ded
011b0704b
033c012ad
03360134e
03420140e
03460144e
011f0f0cb
0344013ad
01593b38b
034a0146d
01271f1cb
035a0158e
034c014ad
012b2724b
03520156d
01695b58b
012d2b28b
052e0d2cf
01716b68b
0530092e2
013330002
0460ee201
0468ee281
0470ee301
006200601
006a04681
007208701
0002d00c7
047cee3c1
0002d30df
0002d40e7
0490ee501
007e0e7c1
008a14881
0002d70ff
0498ee581
057c0b7b1
0002db11f
0002dc127
04f136b01
017f7c003
00ea04e81
00f208f01
00031134b
0002e01c7
0002e11cf
0002e21d7
0002e31df
050936c81
050d36cc1
00031a393
00fe0efc1
00031b39b
00031e3b3
0002e51ef
010e170c1
051936d81
0002e920f
05657f241
01161b141
016201601
05697f281
0002ee237
0002ef23f
05797f381
057d7f3c1
05817f401
0003250ab
017209701
01760b741
00032a0d3
0002f22d7
0002f32df
00032e0f3
00032f0fb
0002f62f7
05957f541
059d7f5c1
018e178c1
019a1d981
0002fa317
03a601a4e
03ae01ace
0002fe337
000330183
00033118b
038401aad
0003341a3
038a01b6d
0003371bb
03c201c0e
00033a1d3
03ce01cce
00033d1eb
00033e1f3
039001c2d
039401cad
039801d2d
03de01dce
02460044e
024e004ce
01a99390b
01ab9794b
01b3a7a4b
02560054e
025e005ce
02660064e
03d20056d
03d4005ad
03d80062d
03dc006ad
03de006ed
027e007ce
01edd3d0b
01bbb7b4b
03e20076d
03e6007ed
01f3dfdcb
021400cad
02d600d4e
02e200e0e
02e600e4e
01f7e7e4b
021c00dad
00301210b
022200e6d
01fff7f4b
02fa00f8e
022400ead
0003fffcb
022a00f6d
00403230b
00040200b
04060c04f
00484240b
040808062
000a08002
05e1c7a01
05e9c7a81
05f1c7b01
01e201e01
01ea05e81
01f209f01
0003003c7
05fdc7bc1
0003033df
0003043e7
0431c7d01
01fe0ffc1
002a14281
0003073ff
0439c7d81
04540a531
00030b05f
00030c067
04900e501
005654003
008a04881
009208901
00034128b
000310107
00031110f
000312117
00031311f
04a80e681
04ac0e6c1
00034a2d3
009e0e9c1
00034b2db
00034e2f3
00031512f
00ae16ac1
04b80e781
00031914f
050456c41
00b61ab41
010201001
050856c81
00031e177
00031f17f
051856d81
051c56dc1
052056e01
0003553ab
011209101
01160b141
00035a3d3
000322217
00032321f
00035e3f3
00035f3fb
000326237
053456f41
053c56fc1
012e172c1
013a1d381
00032a257
03460144e
034e014ce
00032e277
0003600c3
0003610cb
025c014ad
0003640e3
02620156d
0003670fb
03620160e
00036a113
036e016ce
00036d12b
00036e133
02680162d
026c016ad
02700172d
037e017ce
03c601c4e
03ce01cce
00806a68b
00826e6cb
008a7e7cb
03d601d4e
03de01dce
03e601e4e
02aa01d6d
02ac01dad
02b001e2d
02b401ead
02b601eed
03fe01fce
00c4aaa8b
00928e8cb
02ba01f6d
02be01fed
00cab6b4b
02ec006ad
02760074e
02820080e
02860084e
00cebebcb
02f4007ad
0108eae8b
02fa0086d
00d6ceccb
029a0098e
02fc008ad
00dad6d4b
03020096d
01190b08b
00dcdad8b
04de0cdcf
01211b18b
04e008de2
00e2e0002
05809f401
05889f481
05909f501
018201801
018a05881
019209901
000330307
059c9f5c1
00033331f
000334327
05b09f701
019e0f9c1
01aa15a81
00033733f
05b89f781
052c0b2b1
00033b35f
00033c367
0430e7d01
012f2c003
002a04281
003208301
0003711cb
000340047
00034104f
000342057
00034305f
0448e7e81
044ce7ec1
00037a213
003e0e3c1
00037b21b
00037e233
00034506f
004e164c1
0458e7f81
00034908f
04a52e641
00561a541
00a200a01
04a92e681
00034e0b7
00034f0bf
04b92e781
04bd2e7c1
04c12e801
0003852eb
00b208b01
00b60ab41
00038a313
000352157
00035315f
00038e333
00038f33b
000356177
04d52e941
04dd2e9c1
00ce16cc1
00da1cd81
00035a197
02e600e4e
02ee00ece
00035e1b7
0003903c3
0003913cb
033400ead
0003943e3
033a00f6d
0003973fb
03020100e
00039a053
030e010ce
00039d06b
00039e073
03400102d
0344010ad
03480112d
031e011ce
03660164e
036e016ce
01594340b
015b4744b
01635754b
03760174e
037e017ce
03860184e
03820176d
0384017ad
03880182d
038c018ad
038e018ed
039e019ce
019d8380b
016b6764b
03920196d
0396019ed
01a38f8cb
03c401ead
03f601f4e
02220020e
02260024e
01a79794b
03cc01fad
01e1c3c0b
03d20026d
01afa7a4b
023a0038e
03d4002ad
01b3afacb
03da0036d
01f1e3e0b
01b5b3b0b
05b60db4f
01f9f3f0b
05b809b62
01bbb8002
052176e01
052976e81
053176f01
012201201
012a05281
013209301
000360247
053d76fc1
00036325f
000364267
055177101
013e0f3c1
014a15481
00036727f
055977181
04040a031
00036b29f
00036c2a7
05b1bf701
000604003
01aa05a81
01b209b01
0003a110b
000370347
00037134f
000372357
00037335f
05c9bf881
05cdbf8c1
0003aa153
01be0fbc1
0003ab15b
0003ae173
00037536f
01ce17cc1
05d9bf981
00037938f
044407e41
01d61bd41
004200401
044807e81
00037e3b7
00037f3bf
045807f81
045c07fc1
046006201
0003b522b
005208501
00560a541
0003ba253
000382097
00038309f
0003be273
0003bf27b
0003860b7
047406341
047c063c1
006e166c1
007a1c781
00038a0d7
02860084e
028e008ce
00038e0f7
0003c0303
0003c130b
020c008ad
0003c4323
02120096d
0003c733b
02a200a0e
0003ca353
02ae00ace
0003cd36b
0003ce373
021800a2d
021c00aad
022000b2d
02be00bce
03060104e
030e010ce
00301a18b
00321e1cb
003a2e2cb
03160114e
031e011ce
03260124e
025a0116d
025c011ad
02600122d
0264012ad
0266012ed
033e013ce
00745a58b
00423e3cb
026a0136d
026e013ed
007a6664b
029c018ad
03960194e
03a201a0e
03a601a4e
007e6e6cb
02a4019ad
00b89a98b
02aa01a6d
00867e7cb
03ba01b8e
02ac01aad
008a8684b
02b201b6d
00c8bab8b
008c8a88b
048e0c8cf
00d0cac8b
0490088e2
009290002
04c04e801
04c84e881
04d04e901
00c200c01
00ca04c81
00d208d01
000390187
04dc4e9c1
00039319f
0003941a7
04f04eb01
00de0edc1
00ea14e81
0003971bf
04f84eb81
04dc0adb1
00039b1df
00039c1e7
055097101
00dedc003
014a05481
015209501
0003d104b
0003a0287
0003a128f
0003a2297
0003a329f
056897281
056c972c1
0003da093
015e0f5c1
0003db09b
0003de0b3
0003a52af
016e176c1
057897381
0003a92cf
05c4df841
01761b741
01c201c01
05c8df881
0003ae2f7
0003af2ff
05d8df981
05dcdf9c1
05e0dfa01
0003e516b
01d209d01
01d60bd41
0003ea193
0003b2397
0003b339f
0003ee1b3
0003ef1bb
0003b63b7
05f4dfb41
05fcdfbc1
01ee17ec1
01fa1df81
0003ba3d7
02260024e
022e002ce
0003be3f7
0003f0243
0003f124b
02e4002ad
0003f4263
02ea0036d
0003f727b
02420040e
0003fa293
024e004ce
0003fd2ab
0003fe2b3
02f00042d
02f4004ad
02f80052d
025e005ce
02a600a4e
02ae00ace
0108f2f0b
010af6f4b
01130704b
02b600b4e
02be00bce
02c600c4e
033200b6d
033400bad
033800c2d
033c00cad
033e00ced
02de00dce
014d3330b
011b1714b
034200d6d
034600ded
01533f3cb
0374012ad
03360134e
03420140e
03460144e
01574744b
037c013ad
01917370b
03820146d
015f5754b
035a0158e
0384014ad
01635f5cb
038a0156d
01a19390b
01656360b
05660d64f
01a9a3a0b
056809662
016b68002
046126201
046926281
047126301
006200601
006a04681
007208701
0003c00c7
047d263c1
0003c30df
0003c40e7
049126501
007e0e7c1
008a14881
0003c70ff
049926581
05b40bb31
0003cb11f
0003cc127
04f16eb01
01b7b4003
00ea04e81
00f208f01
00040134b
0003d01c7
0003d11cf
0003d21d7
0003d31df
05096ec81
050d6ecc1
00040a393
00fe0efc1
00040b39b
00040e3b3
0003d51ef
010e170c1
05196ed81
0003d920f
0565b7241
01161b141
016201601
0569b7281
0003de237
0575b7341
057db73c1
016a05681
01760b741
0003e22d7
0585b7441
0003e52ef
0591b7501
0599b7581
018613841
019219901
0003e930f
019e1f9c1
03aa01a8e
0003ed32f
03b601b4e
03ba01b8e
03be01aed
03be01bce
03c601c4e
03d201d0e
03d601d4e
03ca01c6d
03ce01ced
03d201d6d
01dfc7c4b
03d601ded
01e5d3d0b
01e7d7d4b
01f5f3f0b
01fbf8002
05e1ffa01
05edffac1
05f9ffb81
01ea05e81
01f60bf41
0003f13cf
0421ffc01
0429ffc81
0003f53ef
0435ffd41
002612241
003218301
0003f8047
043dffdc1
0003fc067
003e1e3c1
000000003
00000300f
02020002c
00000601b
02080008c
000009027
020e000ec
00000c033
00000d037
00000e03b
02180018c
021a001ac
00260e0c4
00001310f
000014113
02800082c
02820084c
002c1a184
003226244
002e1e1c4
00001b12f
028e0090c
02900092c
02920094c
003832304
00362e2c4
00a084824
00a48c8a4
00a288864
00a6908e4
00002621b
00002721f
000028223
000029227
00002a22b
00002b22f
00002c233
030e0112c
03100114c
03120116c
03140118c
0316011ac
0318011cc
031a011ec
037c0182c
04203c003
012713104
000038323
04303c083
012b1b184
012f23204
022221061
00003f33f
04483c143
04543c1a3
245c3c1e3
037e0184c
012917144
022a29061
0388018ec
038a0190c
01332b284
01352f2c4
0394019ac
01a189864
019f85824
01a38d8a4
01a795924
023635061
013937344
24acba863
01b1a9a64
0242002ab
01b5b1ae4
005e403e2
01b7b5b24
24c0ba903
006044422
024a003ab
006e605e2
006248462
024e0042b
24dcba9e3
025a59061
025e5d061
252939043
02a2a1061
02560052b
2535390a3
02aaa9061
02aead061
025c005eb
254139103
02b6b5061
006c5c5a2
255139183
00746c6a2
00dcbebc2
007874722
02c6c5061
02c600b6b
25a5b7823
02cecd061
02ca00beb
25adb7863
02d6d5061
00e2cac82
24627c261
00eee2e02
02d200ceb
24667c2e1
24687c321
0000020cb
02d600d6b
246c7c3a1
02d800dab
00f0e6e42
02da00deb
24727c461
033a0122b
24767c4e1
00eadad82
00000a0eb
033f3d061
247c7c5a1
015b3d3a2
00f6f2f02
03420132b
00f8f6f42
00000f0ff
034b49061
25c1b7903
000044013
000045017
034f4d061
016b5d5a2
000049027
02000008c
0019fbf84
035351061
00004d037
25cdb7963
020a0012c
035755061
001c02004
24e0faa21
016149462
0212001ac
0214001cc
00220e0c4
035f5d061
0000101c3
0350014eb
0000111c7
24e8fab21
03520152b
24eafab61
24ecfaba1
03aba9061
00322e2c4
03afad061
0000161db
0358015eb
0000171df
03b801a2b
0000191e7
016959562
24fafad61
03bfbd061
00001c1f3
01d9bbb82
0175716e2
03c001b2b
000050103
000051107
03c201b6b
00005310f
02780082c
00005611b
00005711f
03c401bab
242434023
027e0088c
009678764
00005d137
01ddc3c02
0284008ec
02860090c
02880092c
03d7d5061
00a698964
0290009ac
01dfc7c42
009e88864
00a08c8a4
00a2908e4
01ebdfdc2
00aaa09e4
01e1cbc82
00aea8a64
00aca4a24
022625061
256d793a1
022a29061
256f793e1
022e2d061
0000262db
03d601deb
0000272df
02360022b
257979521
00002a2eb
01efe7e42
057b79561
01f3efec2
0438340c3
023e0032b
000061207
000060203
00006220b
00006320f
0454341a3
00006721f
02f40100c
04a0b2803
04a4b2823
24a8b2843
00006d237
02fa0106c
006658562
023e3d061
24b0b2883
03040110c
24b4b28a3
030a0116c
24b8b28c3
024645061
0312011ec
02400036b
25e3f7a61
012313104
01291f1c4
012d27244
0000313c7
025251061
25ebf7b61
025655061
0000343d3
025a59061
0000353d7
025e5d061
25f3f7c61
005e48462
006e68662
024e0052b
25f9f7d21
00604c4a2
00003b3ef
02aead061
25fff7de1
0062504e2
00003e3fb
02b6b5061
000071307
00007330f
02b600a6b
000075317
03740182c
000078323
24ccb2963
02bebd061
006c64622
00007c333
037e018cc
03820190c
00d4b6b42
03840192c
01977d7a4
02bc00b2b
03880196c
0072706e2
038e019cc
00d6bab82
0390019ec
252531023
02cecd061
252931043
02c200beb
252d31063
02c400c2b
2535310a3
02dad9061
246274261
00e6dad82
0000400c3
032321061
0000410c7
032725061
0000430cf
032b29061
246e743e1
0000450d7
0000460db
033331061
2474744a1
0000480e3
03340126b
00004a0eb
00004b0ef
0338012eb
00004d0f7
033a0132b
00f0eeec2
00004e0fb
000080003
000081007
0555311a3
05a1af803
055131183
00008701f
00008601b
05adaf863
05a9af843
00008b02f
00008c033
03f40004c
034341061
03f80008c
03fc000cc
034745061
0013f7f44
02060016c
034b49061
020a001ac
24e4f2aa1
0000501c3
001a06044
001c0a084
001e0e0c4
0000521cb
24eaf2b61
035755061
0000541d3
03440146b
002a26244
0346014ab
016559562
24f2f2c61
015b45422
24f6f2ce1
03aba9061
24faf2d61
015d49462
00005c1f3
25bdaf8e3
24fef2de1
015f4d4a2
0350015eb
000090103
00009210b
00009310f
026e0080c
00009611b
25cdaf963
03bfbd061
000099127
25d1af983
008e706e4
00009d137
00009e13b
00009f13f
027e0090c
03b801b2b
02820094c
25d9af9c3
009278764
03ba01b6b
25ddaf9e3
028c009ec
03bc01bab
01e1d3d02
009a88864
03be01beb
242c2c063
24302c083
03d7d5061
01d7bfbc2
00a8a4a24
03dfdd061
00aaa8a64
022221061
0000602c3
022625061
0000622cb
022a29061
256d713a1
0000642d3
0000652d7
023231061
257371461
0000672df
02300026b
2577714e1
0232002ab
257b71561
004e302e2
00006c2f3
01edebe82
02380036b
04402c103
03efec003
00006f2ff
044c2c163
04502c183
04542c1a3
0000a5217
04a4aa823
04a8aa843
024241061
0000ab22f
02ec0100c
0000ad237
24bcaa8e3
02f20106c
25e1efa21
02fa010ec
25e3efa61
03000114c
25e5efaa1
0112faf84
0308011cc
030a011ec
023c003eb
25e9efb21
0000723cb
025655061
012117144
0000743d3
00543c3a2
0000753d7
0242004ab
012723204
0244004eb
25f5efca1
012927244
02a6a5061
00007a3eb
02aaa9061
25fbefd61
02aead061
00007e3fb
02b2b1061
24c0aa903
0000b0303
0000b230b
036a0180c
005c4c4a2
24c8aa943
0000b731f
03700186c
0000ba32b
0000bb32f
0000bd337
24d0aa983
018b6d6a4
018d716e4
02c2c1061
006864622
037e0194c
019b8d8a4
03820198c
0384019ac
01937d7a4
02cac9061
0195817e4
02b800bab
00dccecc2
019f95924
00d0b6b42
01a39d9a4
01a199964
02be00c6b
24606c221
02c000cab
01a7a5a24
02c200ceb
24666c2e1
24686c321
0000820cb
02c600d6b
246c6c3a1
02c800dab
00e0d6d42
02ca00deb
24726c461
032a0122b
24766c4e1
00dacac82
247a6c561
00e2dad82
014b2d2a2
047c6c5a1
0539290c3
054129103
03340136b
00008f0ff
054d29163
033b39061
02eae8003
0000c4013
055d291e3
05a5a7823
033f3d061
0000c8023
03e80000c
03ea0002c
0000ce03b
0000cf03f
03f2000ac
0009ebe84
03f80010c
03fa0012c
000df3f04
02000018c
0204001cc
0206001ec
0336013ab
24e6eaae1
0000911c7
035351061
001c12104
0000931cf
001e16144
24eeeabe1
015139362
24f0eac21
03a3a1061
002422204
035f5d061
0000981e3
00009a1eb
24f8ead21
03a7a5061
00009b1ef
0346015ab
015f55522
03b3b1061
00009e1fb
03b7b5061
00009f1ff
03ac01aab
25c9a7943
0000d5117
026a0084c
03aa01a6b
0000d8123
026e0088c
0000db12f
0000dc133
03ae01aeb
242024003
0272008cc
02780092c
01c9aba82
027e0098c
008c74724
0282009cc
01cbafac2
0280009ac
016765622
00907c7a4
00988c8a4
009484824
01cdb3b02
009a908e4
03b801c2b
2434240a3
03dbd9061
256169221
01dbcfcc2
03be01ceb
2565692a1
2567692e1
0000a12c7
03c201d6b
256b69361
03c401dab
01ddd3d02
03c601deb
257169421
02260022b
2575694a1
01d7c7c42
0000a92e7
0000aa2eb
0000ab2ef
257d695a1
022e0032b
0000ae2fb
00482c2a2
044424123
044824143
0232003ab
005648462
023e3d061
0000e4213
045c241e3
004a302e2
0000e9227
0000e8223
24b4a28a3
0000ec233
02e80104c
024645061
02ec0108c
02f0010cc
024a49061
0106eae84
02fa0116c
024e4d061
0000b03c3
011507044
010cf6f44
025251061
01170b084
25ebe7b61
02360042b
011d17144
02380046b
25f1e7c21
25efe7be1
0000b63db
25f3e7c61
004e38362
005e58562
25f7e7ce1
0000b93e7
02400056b
25fde7da1
0244005eb
0000bc3f3
0242005ab
24b8a28c3
02a400a2b
0000bf3ff
24c4a2923
0000f4313
02bab9061
0000f631b
03660184c
0000f9327
02a800aab
036a0188c
036c018ac
0000fe33b
0000ff33f
02aa00aeb
24d4a29a3
0370018ec
24d8a29c3
02c6c5061
24dca29e3
0189716e4
02ae00b6b
252121003
026462003
018f7d7a4
019589864
0191817e4
02d2d1061
253121083
02d6d5061
00cab2b02
019d99964
02dedd061
2464642a1
00ccb6b42
00dcd6d42
02bc00d2b
246a64361
00cebab82
0000c40d3
032f2d061
247064421
00d0bebc2
0000c70df
033735061
0000c90e7
247864521
0326012ab
0000cc0f3
00dedad82
047e645e1
053d210e3
054521123
014529262
054921143
00010300f
00010200b
000105017
0559211c3
015345422
000109027
00010a02b
25b19f883
01472d2a2
00010d037
25b59f8a3
03e60006c
25b99f8c3
03ee000ec
24e0e2a21
03f40014c
24e2e2a61
0007efec4
001002004
0009f3f04
034f4d061
001206044
24e8e2b21
0330013eb
001812104
03320142b
24ece2ba1
035b59061
0000d51d7
0000d61db
24f4e2ca1
0000d71df
0338014eb
015b55522
033a0152b
0000d91e7
033c0156b
24fce2da1
03afad061
0000dd1f7
03a001a2b
25c19f903
25c59f923
000111107
03bbb9061
000114113
02600082c
00011711f
0151413e2
02640086c
00011a12b
0268008ac
026c008ec
03c3c1061
0159514e2
008064624
25d59f9a3
03c7c5061
015d59562
02740096c
0086706e4
03cbc9061
008e807e4
24241c023
03cfcd061
24281c043
03615e003
03d3d1061
0096908e4
00948c8a4
03b201c6b
24381c0c3
03b401cab
256361261
01c9b3b02
01d9d3d02
03b801d2b
256961321
01cbb7b42
0000e32cf
022e2d061
256f613e1
01cdbbb82
0000e62db
023635061
0000e82e3
023a39061
257961521
01d7cfcc2
0224002eb
01dbd7d42
0000ed2f7
057f615e1
043c1c0e3
04a09a803
000121207
000120203
00012220b
00012320f
04581c1c3
00012621b
00012721f
04ac9a863
04b09a883
00012a22b
02de0102c
00012e23b
00012f23f
02e6010ac
00fcdedc4
02ec0110c
02ee0112c
0100e6e44
02f40118c
02f6011ac
25e7dfae1
0000f13c7
0106f2f04
0108f6f44
010afaf84
0000f33cf
25eddfba1
025e5d061
01130b084
025a59061
005044422
0000f83e3
02a2a1061
0000f73df
02360052b
25f9dfd21
004834322
0000fb3ef
005248462
25ffdfde1
004a38362
0000fd3f7
02b6b5061
000131307
00013330f
029e00a6b
000135317
035c0182c
000138323
24cc9a963
02bebd061
00544c4a2
00013c333
0366018cc
036a0190c
00bc9e9c2
036c0192c
017f65624
02a400b2b
03700196c
005a58562
0376019cc
00bea2a02
0378019ec
252519023
02cecd061
252919043
02aa00beb
252d19063
02ac00c2b
2535190a3
02dad9061
24625c261
00cec2c02
0001000c3
032321061
0001010c7
032725061
0001030cf
032b29061
246e5c3e1
0001050d7
0001060db
033331061
24745c4a1
0001080e3
031c0126b
00010a0eb
00010b0ef
0320012eb
00010d0f7
03220132b
00d8d6d42
00010e0fb
000140003
000141007
0555191a3
05a197803
055119183
00014701f
00014601b
05ad97863
05a997843
00014b02f
00014c033
03dc0004c
034341061
03e00008c
03e4000cc
034745061
01fbdfdc4
03ee0016c
034b49061
03f2001ac
24e4daaa1
0001101c3
0003efec4
0005f3f04
0007f7f44
0001121cb
24eadab61
035755061
0001141d3
032c0146b
00120e0c4
032e014ab
014d413e2
24f2dac61
01432d2a2
24f6dace1
03aba9061
24fadad61
0145312e2
00011c1f3
25bd978e3
24fedade1
014735322
0338015eb
000150103
00015210b
00015310f
02560080c
00015611b
25cd97963
03bfbd061
000159127
25d197983
007658564
00015d137
00015e13b
00015f13f
02660090c
03a001b2b
026a0094c
25d9979c3
007a605e4
03a201b6b
25dd979e3
0274009ec
03a401bab
01c9bbb82
0082706e4
03a601beb
242c14063
243014083
03d7d5061
01bfa7a42
00908c8a4
03dfdd061
0092908e4
022221061
0001202c3
022625061
0001222cb
022a29061
256d593a1
0001242d3
0001252d7
023231061
257359461
0001272df
02180026b
2577594e1
021a002ab
257b59561
003618162
00012c2f3
01d5d3d02
02200036b
044014103
03d7d4003
00012f2ff
044c14163
045014183
0454141a3
000165217
04a492823
04a892843
024241061
00016b22f
02d40100c
00016d237
24bc928e3
02da0106c
25e1d7a21
02e2010ec
25e3d7a61
02e80114c
25e5d7aa1
00fae2e04
02f0011cc
02f2011ec
0224003eb
25e9d7b21
0001323cb
025655061
0108fefc4
0001343d3
003c24222
0001353d7
022a004ab
010f0b084
022c004eb
25f5d7ca1
01110f0c4
02a6a5061
00013a3eb
02aaa9061
25fbd7d61
02aead061
00013e3fb
02b2b1061
24c092903
000170303
00017230b
03520180c
004434322
24c892943
00017731f
03580186c
00017a32b
00017b32f
00017d337
24d092983
017355524
017559564
02c2c1061
00504c4a2
03660194c
018375724
036a0198c
036c019ac
017b65624
02cac9061
017d69664
02a000bab
00c4b6b42
01877d7a4
00b89e9c2
018b85824
0189817e4
02a600c6b
246054221
02a800cab
018f8d8a4
02aa00ceb
2466542e1
246854321
0001420cb
02ae00d6b
246c543a1
02b000dab
00c8bebc2
02b200deb
247254461
03120122b
2476544e1
00c2b2b02
247a54561
00cac2c02
013315122
047c545a1
0539110c3
054111103
031c0136b
00014f0ff
054d11163
033b39061
02d2d0003
000184013
055d111e3
05a58f823
033f3d061
000188023
03d00000c
03d20002c
00018e03b
00018f03f
03da000ac
01f1d3d04
03e00010c
03e20012c
01f5dbd84
03e80018c
03ec001cc
03ee001ec
031e013ab
24e6d2ae1
0001511c7
035351061
0005fbf84
0001531cf
0007fffc4
24eed2be1
0139211e2
24f0d2c21
03a3a1061
000c0a084
035f5d061
0001581e3
00015a1eb
24f8d2d21
03a7a5061
00015b1ef
032e015ab
01473d3a2
03b3b1061
00015e1fb
03b7b5061
00015f1ff
039401aab
25c98f943
000195117
02520084c
039201a6b
000198123
02560088c
00019b12f
00019c133
039601aeb
24200c003
025a008cc
02600092c
01b193902
02660098c
00745c5a4
026a009cc
01b397942
0268009ac
014f4d4a2
007864624
008074724
007c6c6a4
01b59b982
008278764
03a001c2b
24340c0a3
03dbd9061
256151221
01c3b7b42
03a601ceb
2565512a1
2567512e1
0001612c7
03aa01d6b
256b51361
03ac01dab
01c5bbb82
03ae01deb
257151421
020e0022b
2575514a1
01bfafac2
0001692e7
00016a2eb
00016b2ef
257d515a1
02160032b
00016e2fb
003014122
04440c123
04480c143
021a003ab
003e302e2
023e3d061
0001a4213
045c0c1e3
003218162
0001a9227
0001a8223
24b48a8a3
0001ac233
02d00104c
024645061
02d40108c
02d8010cc
024a49061
00eed2d04
02e20116c
024e4d061
0001703c3
00fceeec4
00f4dedc4
025251061
00fef2f04
25ebcfb61
021e0042b
0104fefc4
02200046b
25f1cfc21
25efcfbe1
0001763db
25f3cfc61
0036201e2
0046403e2
25f7cfce1
0001793e7
02280056b
25fdcfda1
022c005eb
00017c3f3
022a005ab
24b88a8c3
028c00a2b
00017f3ff
24c48a923
0001b4313
02bab9061
0001b631b
034e0184c
0001b9327
029000aab
03520188c
0354018ac
0001be33b
0001bf33f
029200aeb
24d48a9a3
0358018ec
24d88a9c3
02c6c5061
24dc8a9e3
017159564
029600b6b
252109003
024c4a003
017765624
017d716e4
017969664
02d2d1061
253109083
02d6d5061
00b29a982
0185817e4
02dedd061
24644c2a1
00b49e9c2
00c4bebc2
02a400d2b
246a4c361
00b6a2a02
0001840d3
032f2d061
24704c421
00b8a6a42
0001870df
033735061
0001890e7
24784c521
030e012ab
00018c0f3
00c6c2c02
047e4c5e1
053d090e3
054509123
012d110e2
054909143
0001c300f
0001c200b
0001c5017
0559091c3
013b2d2a2
0001c9027
0001ca02b
25b187883
012f15122
0001cd037
25b5878a3
03ce0006c
25b9878c3
03d6000ec
24e0caa21
03dc0014c
24e2caa61
01efd7d44
01f9ebe84
01f1dbd84
034f4d061
01fbefec4
24e8cab21
0318013eb
0001fbf84
031a0142b
24eccaba1
035b59061
0001951d7
0001961db
24f4caca1
0001971df
0320014eb
01433d3a2
03220152b
0001991e7
03240156b
24fccada1
03afad061
00019d1f7
038801a2b
25c187903
25c587923
0001d1107
03bbb9061
0001d4113
02480082c
0001d711f
013929262
024c0086c
0001da12b
0250008ac
0254008ec
03c3c1061
014139362
00684c4a4
25d5879a3
03c7c5061
0145413e2
025c0096c
006e58564
03cbc9061
007668664
242404023
03cfcd061
242804043
034946003
03d3d1061
007e78764
007c74724
039a01c6b
2438040c3
039c01cab
256349261
01b19b982
01c1bbb82
03a001d2b
256949321
01b39f9c2
0001a32cf
022e2d061
256f493e1
01b5a3a02
0001a62db
023635061
0001a82e3
023a39061
257949521
01bfb7b42
020c002eb
01c3bfbc2
0001ad2f7
057f495e1
043c040e3
04a082803
0001e1207
0001e0203
0001e220b
0001e320f
0458041c3
0001e621b
0001e721f
04ac82863
04b082883
0001ea22b
02c60102c
0001ee23b
0001ef23f
02ce010ac
00e4c6c44
02d40110c
02d60112c
00e8cecc4
02dc0118c
02de011ac
25e7c7ae1
0001b13c7
00eedad84
00f0dedc4
00f2e2e04
0001b33cf
25edc7ba1
025e5d061
00faf2f04
025a59061
00382c2a2
0001b83e3
02a2a1061
0001b73df
021e0052b
25f9c7d21
00301c1a2
0001bb3ef
003a302e2
25ffc7de1
0032201e2
0001bd3f7
02b6b5061
0001f1307
0001f330f
028600a6b
0001f5317
03440182c
0001f8323
24cc82963
02bebd061
003c34322
0001fc333
034e018cc
03520190c
00a486842
03540192c
01674d4a4
028c00b2b
03580196c
0042403e2
035e019cc
00a68a882
0360019ec
252501023
02cecd061
252901043
029200beb
252d01063
029400c2b
2535010a3
02dad9061
246244261
00b6aaa82
0001c00c3
032321061
0001c10c7
032725061
0001c30cf
032b29061
246e443e1
0001c50d7
0001c60db
033331061
2474444a1
0001c80e3
03040126b
0001ca0eb
0001cb0ef
0308012eb
0001cd0f7
030a0132b
00c0bebc2
0001ce0fb
000200003
000201007
0555011a3
05a17f803
055101183
00020701f
00020601b
05ad7f863
05a97f843
00020b02f
00020c033
03c40004c
034341061
03c80008c
03cc000cc
034745061
01e3c7c44
03d60016c
034b49061
03da001ac
24e4c2aa1
0001d01c3
01ebd7d44
01eddbd84
01efdfdc4
0001d21cb
24eac2b61
035755061
0001d41d3
03140146b
01fbf7f44
0316014ab
013529262
24f2c2c61
012b15122
24f6c2ce1
03aba9061
24fac2d61
012d19162
0001dc1f3
25bd7f8e3
24fec2de1
012f1d1a2
0320015eb
000210103
00021210b
00021310f
023e0080c
00021611b
25cd7f963
03bfbd061
000219127
25d17f983
005e403e4
00021d137
00021e13b
00021f13f
024e0090c
038801b2b
02520094c
25d97f9c3
006248464
038a01b6b
25dd7f9e3
025c009ec
038c01bab
01b1a3a02
006a58564
038e01beb
242dfc063
2431fc083
03d7d5061
01a78f8c2
007874724
03dfdd061
007a78764
022221061
0001e02c3
022625061
0001e22cb
022a29061
256d413a1
0001e42d3
0001e52d7
023231061
257341461
0001e72df
02000026b
2577414e1
0202002ab
257b41561
001e01fe2
0001ec2f3
01bdbbb82
02080036b
0441fc103
03bfbc003
0001ef2ff
044dfc163
0451fc183
0455fc1a3
000225217
04a47a823
04a87a843
024241061
00022b22f
02bc0100c
00022d237
24bc7a8e3
02c20106c
25e1bfa21
02ca010ec
25e3bfa61
02d00114c
25e5bfaa1
00e2cac84
02d8011cc
02da011ec
020c003eb
25e9bfb21
0001f23cb
025655061
00f0e6e44
0001f43d3
00240c0a2
0001f53d7
0212004ab
00f6f2f04
0214004eb
25f5bfca1
00f8f6f44
02a6a5061
0001fa3eb
02aaa9061
25fbbfd61
02aead061
0001fe3fb
02b2b1061
24c07a903
000230303
00023230b
033a0180c
002c1c1a2
24c87a943
00023731f
03400186c
00023a32b
00023b32f
00023d337
24d07a983
015b3d3a4
015d413e4
02c2c1061
003834322
034e0194c
016b5d5a4
03520198c
0354019ac
01634d4a4
02cac9061
0165514e4
028800bab
00ac9e9c2
016f65624
00a086842
01736d6a4
017169664
028e00c6b
24603c221
029000cab
017775724
029200ceb
24663c2e1
24683c321
0002020cb
029600d6b
246c3c3a1
029800dab
00b0a6a42
029a00deb
24723c461
02fa0122b
24763c4e1
00aa9a982
247a3c561
00b2aaa82
011afcfa2
047c3c5a1
0538f90c3
0540f9103
03040136b
00020f0ff
054cf9163
033b39061
02bab8003
000244013
055cf91e3
05a577823
033f3d061
000248023
03b80000c
03ba0002c
00024e03b
00024f03f
03c2000ac
01d9bbb84
03c80010c
03ca0012c
01ddc3c04
03d00018c
03d4001cc
03d6001ec
0306013ab
24e6baae1
0002111c7
035351061
01ede3e04
0002131cf
01efe7e44
24eebabe1
012109062
24f0bac21
03a3a1061
01f5f3f04
035f5d061
0002181e3
00021a1eb
24f8bad21
03a7a5061
00021b1ef
0316015ab
012f25222
03b3b1061
00021e1fb
03b7b5061
00021f1ff
037c01aab
25c977943
000255117
023a0084c
037a01a6b
000258123
023e0088c
00025b12f
00025c133
037e01aeb
2421f4003
0242008cc
02480092c
01997b782
024e0098c
005c44424
0252009cc
019b7f7c2
0250009ac
013735322
00604c4a4
00685c5a4
006454524
019d83802
006a605e4
038801c2b
2435f40a3
03dbd9061
256139221
01ab9f9c2
038e01ceb
2565392a1
2567392e1
0002212c7
039201d6b
256b39361
039401dab
01ada3a02
039601deb
257139421
03f60022b
2575394a1
01a797942
0002292e7
00022a2eb
00022b2ef
257d395a1
03fe0032b
00022e2fb
0019fdfa2
0445f4123
0449f4143
0202003ab
002618162
023e3d061
000264213
045df41e3
001a01fe2
000269227
000268223
24b4728a3
00026c233
02b80104c
024645061
02bc0108c
02c0010cc
024a49061
00d6bab84
02ca0116c
024e4d061
0002303c3
00e4d6d44
00dcc6c44
025251061
00e6dad84
25ebb7b61
02060042b
00ece6e44
02080046b
25f1b7c21
25efb7be1
0002363db
25f3b7c61
001e08062
002e28262
25f7b7ce1
0002393e7
02100056b
25fdb7da1
0214005eb
00023c3f3
0212005ab
24b8728c3
027400a2b
00023f3ff
24c472923
000274313
02bab9061
00027631b
03360184c
000279327
027800aab
033a0188c
033c018ac
00027e33b
00027f33f
027a00aeb
24d4729a3
0340018ec
24d8729c3
02c6c5061
24dc729e3
0159413e4
027e00b6b
2520f1003
023432003
015f4d4a4
016559564
0161514e4
02d2d1061
2530f1083
02d6d5061
009a82802
016d69664
02dedd061
2464342a1
009c86842
00aca6a42
028c00d2b
246a34361
009e8a882
0002440d3
032f2d061
247034421
00a08e8c2
0002470df
033735061
0002490e7
247834521
02f6012ab
00024c0f3
00aeaaa82
047e345e1
053cf10e3
0544f1123
0114f8f62
0548f1143
00028300f
00028200b
000285017
0558f11c3
012315122
000289027
00028a02b
25b16f883
0116fcfa2
00028d037
25b56f8a3
03b60006c
25b96f8c3
03be000ec
24e0b2a21
03c40014c
24e2b2a61
01d7bfbc4
01e1d3d04
01d9c3c04
034f4d061
01e3d7d44
24e8b2b21
0300013eb
01e9e3e04
03020142b
24ecb2ba1
035b59061
0002551d7
0002561db
24f4b2ca1
0002571df
0308014eb
012b25222
030a0152b
0002591e7
030c0156b
24fcb2da1
03afad061
00025d1f7
037001a2b
25c16f903
25c56f923
000291107
03bbb9061
000294113
02300082c
00029711f
0121110e2
02340086c
00029a12b
0238008ac
023c008ec
03c3c1061
0129211e2
005034324
25d56f9a3
03c7c5061
012d29262
02440096c
0056403e4
03cbc9061
005e504e4
2425ec023
03cfcd061
2429ec043
03312e003
03d3d1061
0066605e4
00645c5a4
038201c6b
2439ec0c3
038401cab
256331261
019983802
01a9a3a02
038801d2b
256931321
019b87842
0002632cf
022e2d061
256f313e1
019d8b882
0002662db
023635061
0002682e3
023a39061
257931521
01a79f9c2
03f4002eb
01aba7a42
00026d2f7
057f315e1
043dec0e3
04a06a803
0002a1207
0002a0203
0002a220b
0002a320f
0459ec1c3
0002a621b
0002a721f
04ac6a863
04b06a883
0002aa22b
02ae0102c
0002ae23b
0002af23f
02b6010ac
00ccaeac4
02bc0110c
02be0112c
00d0b6b44
02c40118c
02c6011ac
25e7afae1
0002713c7
00d6c2c04
00d8c6c44
00dacac84
0002733cf
25edafba1
025e5d061
00e2dad84
025a59061
002014122
0002783e3
02a2a1061
0002773df
02060052b
25f9afd21
001804022
00027b3ef
002218162
25ffafde1
001a08062
00027d3f7
02b6b5061
0002b1307
0002b330f
026e00a6b
0002b5317
032c0182c
0002b8323
24cc6a963
02bebd061
00241c1a2
0002bc333
0336018cc
033a0190c
008c6e6c2
033c0192c
014f35324
027400b2b
03400196c
002a28262
0346019cc
008e72702
0348019ec
2524e9023
02cecd061
2528e9043
027a00beb
252ce9063
027c00c2b
2534e90a3
02dad9061
24622c261
009e92902
0002800c3
032321061
0002810c7
032725061
0002830cf
032b29061
246e2c3e1
0002850d7
0002860db
033331061
24742c4a1
0002880e3
02ec0126b
00028a0eb
00028b0ef
02f0012eb
00028d0f7
02f20132b
00a8a6a42
00028e0fb
0002c0003
0002c1007
0554e91a3
05a167803
0550e9183
0002c701f
0002c601b
05ad67863
05a967843
0002cb02f
0002cc033
03ac0004c
034341061
03b00008c
03b4000cc
034745061
01cbafac4
03be0016c
034b49061
03c2001ac
24e4aaaa1
0002901c3
01d3bfbc4
01d5c3c04
01d7c7c44
0002921cb
24eaaab61
035755061
0002941d3
02fc0146b
01e3dfdc4
02fe014ab
011d110e2
24f2aac61
0112fcfa2
24f6aace1
03aba9061
24faaad61
011500fe2
00029c1f3
25bd678e3
24feaade1
011705022
0308015eb
0002d0103
0002d210b
0002d310f
02260080c
0002d611b
25cd67963
03bfbd061
0002d9127
25d167983
004628264
0002dd137
0002de13b
0002df13f
02360090c
037001b2b
023a0094c
25d9679c3
004a302e4
037201b6b
25dd679e3
0244009ec
037401bab
01998b882
0052403e4
037601beb
242de4063
2431e4083
03d7d5061
018f77742
00605c5a4
03dfdd061
0062605e4
022221061
0002a02c3
022625061
0002a22cb
022a29061
256d293a1
0002a42d3
0002a52d7
023231061
257329461
0002a72df
03e80026b
2577294e1
03ea002ab
257b29561
0007e9e62
0002ac2f3
01a5a3a02
03f00036b
0441e4103
03a7a4003
0002af2ff
044de4163
0451e4183
0455e41a3
0002e5217
04a462823
04a862843
024241061
0002eb22f
02a40100c
0002ed237
24bc628e3
02aa0106c
25e1a7a21
02b2010ec
25e3a7a61
02b80114c
25e5a7aa1
00cab2b04
02c0011cc
02c2011ec
03f4003eb
25e9a7b21
0002b23cb
025655061
00d8cecc4
0002b43d3
000df5f22
0002b53d7
03fa004ab
00dedad84
03fc004eb
25f5a7ca1
00e0dedc4
02a6a5061
0002ba3eb
02aaa9061
25fba7d61
02aead061
0002be3fb
02b2b1061
24c062903
0002f0303
0002f230b
03220180c
001404022
24c862943
0002f731f
03280186c
0002fa32b
0002fb32f
0002fd337
24d062983
014325224
014529264
02c2c1061
00201c1a2
03360194c
015345424
033a0198c
033c019ac
014b35324
02cac9061
014d39364
027000bab
009486842
01574d4a4
00886e6c2
015b55524
0159514e4
027600c6b
246024221
027800cab
015f5d5a4
027a00ceb
2466242e1
246824321
0002c20cb
027e00d6b
246c243a1
028000dab
00988e8c2
028200deb
247224461
02e20122b
2476244e1
009282802
247a24561
009a92902
0102e4e22
047c245a1
0538e10c3
0540e1103
02ec0136b
0002cf0ff
054ce1163
033b39061
02a2a0003
000304013
055ce11e3
05a55f823
033f3d061
000308023
03a00000c
03a20002c
00030e03b
00030f03f
03aa000ac
01c1a3a04
03b00010c
03b20012c
01c5aba84
03b80018c
03bc001cc
03be001ec
02ee013ab
24e6a2ae1
0002d11c7
035351061
01d5cbc84
0002d31cf
01d7cfcc4
24eea2be1
0108f0ee2
24f0a2c21
03a3a1061
01dddbd84
035f5d061
0002d81e3
0002da1eb
24f8a2d21
03a7a5061
0002db1ef
02fe015ab
01170d0a2
03b3b1061
0002de1fb
03b7b5061
0002df1ff
036401aab
25c95f943
000315117
02220084c
036201a6b
000318123
02260088c
00031b12f
00031c133
036601aeb
2421dc003
022a008cc
02300092c
018163602
02360098c
00442c2a4
023a009cc
018367642
0238009ac
011f1d1a2
004834324
005044424
004c3c3a4
01856b682
005248464
037001c2b
2435dc0a3
03dbd9061
256121221
019387842
037601ceb
2565212a1
2567212e1
0002e12c7
037a01d6b
256b21361
037c01dab
01958b882
037e01deb
257121421
03de0022b
2575214a1
018f7f7c2
0002e92e7
0002ea2eb
0002eb2ef
257d215a1
03e60032b
0002ee2fb
0001e5e22
0445dc123
0449dc143
03ea003ab
000e01fe2
023e3d061
000324213
045ddc1e3
0003e9e62
000329227
000328223
24b45a8a3
00032c233
02a00104c
024645061
02a40108c
02a8010cc
024a49061
00bea2a04
02b20116c
024e4d061
0002f03c3
00ccbebc4
00c4aeac4
025251061
00cec2c04
25eb9fb61
03ee0042b
00d4cecc4
03f00046b
25f19fc21
25ef9fbe1
0002f63db
25f39fc61
0007f1ee2
0016100e2
25f79fce1
0002f93e7
03f80056b
25fd9fda1
03fc005eb
0002fc3f3
03fa005ab
24b85a8c3
025c00a2b
0002ff3ff
24c45a923
000334313
02bab9061
00033631b
031e0184c
000339327
026000aab
03220188c
0324018ac
00033e33b
00033f33f
026200aeb
24d45a9a3
0328018ec
24d85a9c3
02c6c5061
24dc5a9e3
014129264
026600b6b
2520d9003
021c1a003
014735324
014d413e4
014939364
02d2d1061
2530d9083
02d6d5061
00826a682
0155514e4
02dedd061
24641c2a1
00846e6c2
00948e8c2
027400d2b
246a1c361
008672702
0003040d3
032f2d061
24701c421
008876742
0003070df
033735061
0003090e7
24781c521
02de012ab
00030c0f3
009692902
047e1c5e1
053cd90e3
0544d9123
00fce0de2
0548d9143
00034300f
00034200b
000345017
0558d91c3
010afcfa2
000349027
00034a02b
25b157883
00fee4e22
00034d037
25b5578a3
039e0006c
25b9578c3
03a6000ec
24e09aa21
03ac0014c
24e29aa61
01bfa7a44
01c9bbb84
01c1aba84
034f4d061
01cbbfbc4
24e89ab21
02e8013eb
01d1cbc84
02ea0142b
24ec9aba1
035b59061
0003151d7
0003161db
24f49aca1
0003171df
02f0014eb
01130d0a2
02f20152b
0003191e7
02f40156b
24fc9ada1
03afad061
00031d1f7
035801a2b
25c157903
25c557923
000351107
03bbb9061
000354113
02180082c
00035711f
0108f8f62
021c0086c
00035a12b
0220008ac
0224008ec
03c3c1061
011109062
00381c1a4
25d5579a3
03c7c5061
0115110e2
022c0096c
003e28264
03cbc9061
004638364
2425d4023
03cfcd061
2429d4043
031916003
03d3d1061
004e48464
004c44424
036a01c6b
2439d40c3
036c01cab
256319261
01816b682
01918b882
037001d2b
256919321
01836f6c2
0003232cf
022e2d061
256f193e1
018573702
0003262db
023635061
0003282e3
023a39061
257919521
018f87842
03dc002eb
01938f8c2
00032d2f7
057f195e1
043dd40e3
04a052803
000361207
000360203
00036220b
00036320f
0459d41c3
00036621b
00036721f
04ac52863
04b052883
00036a22b
02960102c
00036e23b
00036f23f
029e010ac
00b496944
02a40110c
02a60112c
00b89e9c4
02ac0118c
02ae011ac
25e797ae1
0003313c7
00beaaa84
00c0aeac4
00c2b2b04
0003333cf
25ed97ba1
025e5d061
00cac2c04
025a59061
0009fdfa2
0003383e3
02a2a1061
0003373df
03ee0052b
25f997d21
0001edea2
00033b3ef
000a01fe2
25ff97de1
0003f1ee2
00033d3f7
02b6b5061
000371307
00037330f
025600a6b
000375317
03140182c
000378323
24cc52963
02bebd061
000c04022
00037c333
031e018cc
03220190c
007456542
03240192c
01371d1a4
025c00b2b
03280196c
0012100e2
032e019cc
00765a582
0330019ec
2524d1023
02cecd061
2528d1043
026200beb
252cd1063
026400c2b
2534d10a3
02dad9061
246214261
00867a782
0003400c3
032321061
0003410c7
032725061
0003430cf
032b29061
246e143e1
0003450d7
0003460db
033331061
2474144a1
0003480e3
02d40126b
00034a0eb
00034b0ef
02d8012eb
00034d0f7
02da0132b
00908e8c2
00034e0fb
000380003
000381007
0554d11a3
05a14f803
0550d1183
00038701f
00038601b
05ad4f863
05a94f843
00038b02f
00038c033
03940004c
034341061
03980008c
039c000cc
034745061
01b397944
03a60016c
034b49061
03aa001ac
24e492aa1
0003501c3
01bba7a44
01bdaba84
01bfafac4
0003521cb
24ea92b61
035755061
0003541d3
02e40146b
01cbc7c44
02e6014ab
0104f8f62
24f292c61
00fae4e22
24f692ce1
03aba9061
24fa92d61
00fce8e62
00035c1f3
25bd4f8e3
24fe92de1
00feecea2
02f0015eb
000390103
00039210b
00039310f
020e0080c
00039611b
25cd4f963
03bfbd061
000399127
25d14f983
002e100e4
00039d137
00039e13b
00039f13f
021e0090c
035801b2b
02220094c
25d94f9c3
003218164
035a01b6b
25dd4f9e3
022c009ec
035c01bab
018173702
003a28264
035e01beb
242dcc063
2431cc083
03d7d5061
01775f5c2
004844424
03dfdd061
004a48464
022221061
0003602c3
022625061
0003622cb
022a29061
256d113a1
0003642d3
0003652d7
023231061
257311461
0003672df
03d00026b
2577114e1
03d2002ab
257b11561
01efd1ce2
00036c2f3
018d8b882
03d80036b
0441cc103
038f8c003
00036f2ff
044dcc163
0451cc183
0455cc1a3
0003a5217
04a44a823
04a84a843
024241061
0003ab22f
028c0100c
0003ad237
24bc4a8e3
02920106c
25e18fa21
029a010ec
25e38fa61
02a00114c
25e58faa1
00b29a984
02a8011cc
02aa011ec
03dc003eb
25e98fb21
0003723cb
025655061
00c0b6b44
0003743d3
01f5ddda2
0003753d7
03e2004ab
00c6c2c04
03e4004eb
25f58fca1
00c8c6c44
02a6a5061
00037a3eb
02aaa9061
25fb8fd61
02aead061
00037e3fb
02b2b1061
24c04a903
0003b0303
0003b230b
030a0180c
01fdedea2
24c84a943
0003b731f
03100186c
0003ba32b
0003bb32f
0003bd337
24d04a983
012b0d0a4
012d110e4
02c2c1061
000804022
031e0194c
013b2d2a4
03220198c
0324019ac
01331d1a4
02cac9061
0135211e4
025800bab
007c6e6c2
013f35324
007056542
01433d3a4
014139364
025e00c6b
24600c221
026000cab
014745424
026200ceb
24660c2e1
24680c321
0003820cb
026600d6b
246c0c3a1
026800dab
008076742
026a00deb
24720c461
02ca0122b
24760c4e1
007a6a682
247a0c561
00827a782
00eaccca2
047c0c5a1
0538c90c3
0540c9103
02d40136b
00038f0ff
054cc9163
033b39061
028a88003
0003c4013
055cc91e3
05a547823
033f3d061
0003c8023
03880000c
038a0002c
0003ce03b
0003cf03f
0392000ac
01a98b884
03980010c
039a0012c
01ad93904
03a00018c
03a4001cc
03a6001ec
02d6013ab
24e68aae1
0003911c7
035351061
01bdb3b04
0003931cf
01bfb7b44
24ee8abe1
00f0d8d62
24f08ac21
03a3a1061
01c5c3c04
035f5d061
0003981e3
00039a1eb
24f88ad21
03a7a5061
00039b1ef
02e6015ab
00fef4f22
03b3b1061
00039e1fb
03b7b5061
00039f1ff
034c01aab
25c947943
0003d5117
020a0084c
034a01a6b
0003d8123
020e0088c
0003db12f
0003dc133
034e01aeb
2421c4003
0212008cc
02180092c
01694b482
021e0098c
002c14124
0222009cc
016b4f4c2
0220009ac
010705022
00301c1a4
00382c2a4
003424224
016d53502
003a302e4
035801c2b
2435c40a3
03dbd9061
256109221
017b6f6c2
035e01ceb
2565092a1
2567092e1
0003a12c7
036201d6b
256b09361
036401dab
017d73702
036601deb
257109421
03c60022b
2575094a1
017767642
0003a92e7
0003aa2eb
0003ab2ef
257d095a1
03ce0032b
0003ae2fb
01e9cdca2
0445c4123
0449c4143
03d2003ab
01f7e9e62
023e3d061
0003e4213
045dc41e3
01ebd1ce2
0003e9227
0003e8223
24b4428a3
0003ec233
02880104c
024645061
028c0108c
0290010cc
024a49061
00a68a884
029a0116c
024e4d061
0003b03c3
00b4a6a44
00ac96944
025251061
00b6aaa84
25eb87b61
03d60042b
00bcb6b44
03d80046b
25f187c21
25ef87be1
0003b63db
25f387c61
01efd9d62
01fff9f62
25f787ce1
0003b93e7
03e00056b
25fd87da1
03e4005eb
0003bc3f3
03e2005ab
24b8428c3
024400a2b
0003bf3ff
24c442923
0003f4313
02bab9061
0003f631b
03060184c
0003f9327
024800aab
030a0188c
030c018ac
0003fe33b
0003ff33f
024a00aeb
24d4429a3
0310018ec
24d8429c3
02c6c5061
24dc429e3
0129110e4
024e00b6b
2520c1003
020402003
012f1d1a4
013529264
0131211e4
02d2d1061
2530c1083
02d6d5061
006a52502
013d39364
02dedd061
2464042a1
006c56542
007c76742
025c00d2b
246a04361
006e5a582
0003c40d3
032f2d061
247004421
00705e5c2
0003c70df
033735061
0003c90e7
247804521
02c6012ab
0003cc0f3
007e7a782
047e045e1
053cc10e3
0544c1123
00e4c8c62
054cc1163
05a13f803
0558c11c3
05a53f823
05a93f843
25b53f8a3
034745061
034b49061
02ce013ab
0003d11c7
02d0013eb
0003d31cf
24ec82ba1
035b59061
0003d51d7
02d6014ab
00f4e8e62
035f5d061
0003d81e3
0003da1eb
24f882d21
03a7a5061
0003db1ef
02de015ab
00f6ecea2
03b3b1061
0003de1fb
03b7b5061
034401aab
25cd3f963
03bfbd061
03c3c1061
034801b2b
25d93f9c3
034a01b6b
00fefcfa2
017163602
01654b482
03d7d5061
03dbd9061
03dfdd061
035601ceb
017973702
035801d2b
035a01d6b
056901321
056f013e1
0575014a1
0003e52d7
057901521
0003e82e3
035e01deb
035c01dab
0003ed2f7
0003ef2ff
017b77742
05e17fa21
05e77fae1
05ed7fba1
0003f13c7
05f17fc21
0003f43d3
05fb7fd61
0003f73df
05ff7fde1
0003fb3ef
0003fe3fb
000000003
00000301b
00000502f
040e0b045
00000a067
00000c07b
00000f093
0000110a7
042c29045
0000160df
0000180f3
00001b10b
00001d11f
044a47045
000022157
00002416b
000027183
000029197
046865045
00002e1cf
00002f1d3
0000331fb
00003520f
048683045
00003a247
00003c25b
000041287
000040283
04a4a1045
0000462bf
0000482d3
00004b2eb
00004d2ff
04c2bf045
000052337
00005434b
04e0dd045
04fefb045
051d19045
053b37045
055955045
057773045
059591045
000604001
0024221e1
0042403c1
001c1a161
003a38341
004c4a461
00000203b
006a68641
000005077
008886821
0062605c1
00807e7a1
0092908c1
0000090c7
00b0aeaa1
00000c103
00ceccc81
00a8a6a21
00c6c4c01
00d8d6d21
000010153
00f6f4f01
00001318f
0115130e1
00eeece81
010d0b061
011f1d181
0000171df
013d3b361
00001a21b
015b59541
0135332e1
0153514c1
0165635e1
00001e26b
0183817c1
0000212a7
01a19f9a1
017b79741
019997921
01aba9a41
00002630b
000029347
00002a35b
000059377
00005b38b
05bdb9045
0000603c3
0000623d7
0000653ef
000067003
05dbd7045
00006c03b
00006e04f
000071067
00007307b
05f9f5045
0000780b3
00007a0c7
00007d0df
00007f0f3
041613045
00008412b
00008512f
000089157
00008b16b
043431045
0000901a3
0000921b7
0000971e3
0000961df
04524f045
00009c21b
00009e22f
0000a1247
0000a325b
04706d045
0000a8293
0000aa2a7
048e8b045
04aca9045
04cac7045
04e8e5045
050703045
052521045
05433f045
01b5b3ae1
01d3d1cc1
01f1efea1
01cbc9c41
01e9e7e21
01fbf9f41
00002d397
001816121
0000303d3
003634301
00100e0a1
002e2c281
00403e3a1
000034023
005e5c581
00003705f
007c7a761
005654501
0074726e1
008684801
00003b0af
00a4a29e1
00003e0eb
00c2c0bc1
009c9a961
00bab8b41
00cccac61
00004213b
00eae8e41
000045177
010907021
00e2e0dc1
0100fefa1
0113110c1
0000491c7
01312f2a1
00004c203
014f4d481
012927221
014745401
015957521
000051267
0000542a3
0000552b7
0000af2d3
0000b12e7
056b67045
0000b631f
0000b8333
0000bb34b
0000bd35f
058985045
0000c2397
0000c43ab
0000c73c3
0000c93d7
05a7a3045
0000ce00f
0000d0023
0000d303b
0000d504f
05c5c1045
0000da087
0000db08b
0000df0b3
0000e10c7
05e3df045
0000e60ff
0000e8113
0000ed13f
0000ec13b
0401fd045
0000f2177
0000f418b
0000f71a3
0000f91b7
041e1b045
0000fe1ef
000100203
043c39045
045a57045
047875045
049693045
04b4b1045
04d2cf045
04f0ed045
0163615c1
01817f7a1
019f9d981
017977721
019795901
01a9a7a21
0000582f3
01c7c5c01
00005b32f
01e5e3de1
01bfbdb81
01dddbd61
01efede81
00005f37f
000c0a061
0000623bb
002a28241
000403fe1
0022201c1
0034322e1
00006600b
0052504c1
000069047
00706e6a1
004a48441
006866621
007a78741
00006d097
009896921
0000700d3
00b6b4b01
00908e8a1
00aeaca81
00c0beba1
000074123
00dedcd81
00007715f
00fcfaf61
00d6d4d01
00f4f2ee1
010705001
00007c1c3
00007f1ff
000080213
00010522f
000107243
051915045
00010c27b
00010e28f
0001112a7
0001132bb
053733045
0001182f3
00011a307
00011d31f
00011f333
055551045
00012436b
00012637f
000129397
00012b3ab
05736f045
0001303e3
0001313e7
00013500f
000137023
05918d045
00013c05b
00013e06f
00014309b
000142097
05afab045
0001480d3
00014a0e7
00014d0ff
00014f113
05cdc9045
00015414b
00015615f
05ebe7045
040805045
042623045
044441045
04625f045
04807d045
049e9b045
01110f0a1
012f2d281
014d4b461
012725201
0145433e1
015755501
00008324f
0175736e1
00008628b
0193918c1
016d6b661
018b89841
019d9b961
00008a2db
01bbb9b41
00008d317
01d9d7d21
01b3b1ac1
01d1cfca1
01e3e1dc1
000091367
0001fffa1
0000943a3
001e1c181
01f9f7f21
001614101
002826221
0000983f3
004644401
00009b02f
0064625e1
003e3c381
005c5a561
006e6c681
00009f07f
008c8a861
0000a20bb
00aaa8a41
0084827e1
00a2a09c1
00b4b2ae1
0000a711f
0000aa15b
0000ab16f
00015b18b
00015d19f
04c6c3045
0001621d7
0001641eb
000167203
000169217
04e4e1045
00016e24f
000170263
00017327b
00017528f
0502ff045
00017a2c7
00017c2db
00017f2f3
000181307
05211d045
00018633f
000187343
00018b36b
00018d37f
053f3b045
0001923b7
0001943cb
0001993f7
0001983f3
055d59045
00019e02f
0001a0043
0001a305b
0001a506f
057b77045
0001aa0a7
0001ac0bb
059995045
05b7b3045
05d5d1045
05f3ef045
04100d045
042e2b045
044c49045
00bebcb81
00dcdad61
00faf8f41
00d4d2ce1
00f2f0ec1
010502fe1
0000ae1ab
0123211c1
0000b11e7
01413f3a1
011b19141
013937321
014b49441
0000b5237
016967621
0000b8273
018785801
01615f5a1
017f7d781
01918f8a1
0000bc2c3
01afada81
0000bf2ff
01cdcbc61
01a7a5a01
01c5c3be1
01d7d5d01
0000c334f
01f5f3ee1
0000c638b
0012100c1
01edebe61
000a08041
001c1a161
0000ca3db
003a38341
0000cd017
005856521
0032302c1
00504e4a1
0062605c1
0000d207b
0000d50b7
0000d60cb
0001b10e7
0001b30fb
047471045
0001b8133
0001ba147
0001bd15f
0001bf173
04928f045
0001c41ab
0001c61bf
0001c91d7
0001cb1eb
04b0ad045
0001d0223
0001d2237
0001d524f
0001d7263
04cecb045
0001dc29b
0001dd29f
0001e12c7
0001e32db
04ece9045
0001e8313
0001ea327
0001ef353
0001ee34f
050b07045
0001f438b
0001f639f
0001f93b7
0001fb3cb
052925045
000200003
000202017
054743045
056561045
05837f045
05a19d045
05bfbb045
05ddd9045
05fbf7045
006c6a661
008a88841
00a8a6a21
0082807c1
00a09e9a1
00b2b0ac1
0000d9107
00d0ceca1
0000dc143
00eeece81
00c8c6c21
00e6e4e01
00f8f6f21
0000e0193
011715101
0000e31cf
0135332e1
010f0d081
012d2b261
013f3d381
0000e721f
015d5b561
0000ea25b
017b79741
0155534e1
0173716c1
0185837e1
0000ee2ab
01a3a19c1
0000f12e7
01c1bfba1
019b99941
01b9b7b21
01cbc9c41
0000f5337
01e9e7e21
0000f8373
000604001
01e1dfda1
01fffdf81
00100e0a1
0000fd3d7
000100013
000101027
000207043
000209057
04221f045
00020e08f
0002100a3
0002130bb
0002150cf
04403d045
00021a107
00021c11b
00021f133
000221147
045e5b045
00022617f
000228193
00022b1ab
00022d1bf
047c79045
0002321f7
0002331fb
000237223
000239237
049a97045
00023e26f
000240283
0002452af
0002442ab
04b8b5045
00024a2e7
00024c2fb
00024f313
000251327
04d6d3045
00025635f
000258373
04f4f1045
05130f045
05312d045
054f4b045
056d69045
058b87045
05a9a5045
001a18141
003836321
005654501
00302e2a1
004e4c481
00605e5a1
000104063
007e7c781
00010709f
009c9a961
007674701
0094928e1
00a6a4a01
00010b0ef
00c4c2be1
00010e12b
00e2e0dc1
00bcbab61
00dad8d41
00eceae61
00011217b
010b09041
0001151b7
012927221
010300fc1
01211f1a1
0133312c1
000119207
01514f4a1
00011c243
016f6d681
014947421
016765601
017977721
000120293
019795901
0001232cf
01b5b3ae1
018f8d881
01adaba61
01bfbdb81
000128333
00012b36f
00012c383
00025d39f
00025f3b3
05d1cd045
0002643eb
0002663ff
000269017
00026b02b
05efeb045
000270063
000272077
00027508f
0002770a3
040c09045
00027c0db
00027e0ef
000281107
00028311b
042a27045
000288153
000289157
00028d17f
00028f193
044845045
0002941cb
0002961df
00029b20b
00029a207
046663045
0002a0243
0002a2257
0002a526f
0002a7283
048481045
0002ac2bb
0002ae2cf
04a29f045
04c0bd045
04dedb045
04fcf9045
051b17045
053935045
055753045
01c9c7c21
01e7e5e01
000403fe1
01dfddd81
01fdfbf61
000e0c081
00012f3bf
002c2a261
0001323fb
004a48441
0024221e1
0042403c1
0054524e1
00013604b
0072706c1
000139087
00908e8a1
006a68641
008886821
009a98941
00013d0d7
00b8b6b21
000140113
00d6d4d01
00b0aeaa1
00ceccc81
00e0deda1
000144163
00fefcf81
00014719f
011d1b161
00f6f4f01
0115130e1
012725201
00014b1ef
0145433e1
00014e22b
0163615c1
013d3b361
015b59541
016d6b661
00015328f
0001562cb
0001572df
0002b32fb
0002b530f
057f7b045
0002ba347
0002bc35b
0002bf373
0002c1387
059d99045
0002c63bf
0002c83d3
0002cb3eb
0002cd3ff
05bbb7045
0002d2037
0002d404b
0002d7063
0002d9077
05d9d5045
0002de0af
0002df0b3
0002e30db
0002e50ef
05f7f3045
0002ea127
0002ec13b
0002f1167
0002f0163
041411045
0002f619f
0002f81b3
0002fb1cb
0002fd1df
04322f045
000302217
00030422b
04504d045
046e6b045
048c89045
04aaa7045
04c8c5045
04e6e3045
050501045
017775701
0195938e1
01b3b1ac1
018d8b861
01aba9a41
01bdbbb61
00015a31b
01dbd9d41
00015d357
01f9f7f21
01d3d1cc1
01f1efea1
000201fc1
0001613a7
00201e1a1
0001643e3
003e3c381
001816121
003634301
004846421
000168033
006664601
00016b06f
0084827e1
005e5c581
007c7a761
008e8c881
00016f0bf
00acaaa61
0001720fb
00cac8c41
00a4a29e1
00c2c0bc1
00d4d2ce1
00017614b
00f2f0ec1
000179187
01110f0a1
00eae8e41
010907021
011b19141
00017e1eb
000181227
00018223b
000309257
00030b26b
052d29045
0003102a3
0003122b7
0003152cf
0003172e3
054b47045
00031c31b
00031e32f
000321347
00032335b
056965045
000328393
00032a3a7
00032d3bf
00032f3d3
058783045
00033400b
00033500f
000339037
00033b04b
05a5a1045
000340083
000342097
0003470c3
0003460bf
05c3bf045
00034c0fb
00034e10f
000351127
00035313b
05e1dd045
000358173
00035a187
05fffb045
041c19045
043a37045
045855045
047673045
049491045
04b2af045
0125231e1
0143413c1
01615f5a1
013b39341
015957521
016b69641
000185277
018987821
0001882b3
01a7a5a01
01817f7a1
019f9d981
01b1afaa1
00018c303
01cfcdc81
00018f33f
01edebe61
01c7c5c01
01e5e3de1
01f7f5f01
00019338f
0014120e1
0001963cb
0032302c1
000c0a061
002a28241
003c3a361
00019a01b
005a58541
00019d057
007876721
0052504c1
00706e6a1
0082807c1
0001a10a7
00a09e9a1
0001a40e3
00bebcb81
009896921
00b6b4b01
00c8c6c21
0001a9147
0001ac183
0001ad197
00035f1b3
0003611c7
04dad7045
0003661ff
000368213
00036b22b
00036d23f
04f8f5045
000372277
00037428b
0003772a3
0003792b7
051713045
00037e2ef
000380303
00038331b
00038532f
053531045
00038a367
00038b36b
00038f393
0003913a7
05534f045
0003963df
0003983f3
00039d01f
00039c01b
05716d045
0003a2057
0003a406b
0003a7083
0003a9097
058f8b045
0003ae0cf
0003b00e3
05ada9045
05cbc7045
05e9e5045
040603045
042421045
04423f045
04605d045
00d2d0cc1
00f0eeea1
010f0d081
00e8e6e21
010705001
011917121
0001b01d3
013735301
0001b320f
0155534e1
012f2d281
014d4b461
015f5d581
0001b725f
017d7b761
0001ba29b
019b99941
0175736e1
0193918c1
01a5a39e1
0001be2eb
01c3c1bc1
0001c1327
01e1dfda1
01bbb9b41
01d9d7d21
01ebe9e41
0001c5377
000806021
0001c83b3
002624201
0001fffa1
001e1c181
00302e2a1
0001cc003
004e4c481
0001cf03f
006c6a661
004644401
0064625e1
007674701
0001d40a3
0001d70df
0001d80f3
0003b510f
0003b7123
048885045
0003bc15b
0003be16f
0003c1187
0003c319b
04a6a3045
0003c81d3
0003ca1e7
0003cd1ff
0003cf213
04c4c1045
0003d424b
0003d625f
0003d9277
0003db28b
04e2df045
0003e02c3
0003e12c7
0003e52ef
0003e7303
0500fd045
0003ec33b
0003ee34f
0003f337b
0003f2377
051f1b045
0003f83b3
0003fa3c7
0003fd3df
0003ff3f3
053d39045
00040402b
00040603f
055b57045
057975045
059793045
05b5b1045
05d3cf045
05f1ed045
040e0b045
00807e7a1
009e9c981
00bcbab61
009694901
00b4b2ae1
00c6c4c01
0001db12f
00e4e2de1
0001de16b
010300fc1
00dcdad61
00faf8f41
010d0b061
0001e21bb
012b29241
0001e51f7
014947421
0123211c1
01413f3a1
0153514c1
0001e9247
01716f6a1
0001ec283
018f8d881
016967621
018785801
019997921
0001f02d3
01b7b5b01
0001f330f
01d5d3ce1
01afada81
01cdcbc61
01dfddd81
0001f735f
01fdfbf61
0001fa39b
001a18141
01f5f3ee1
0012100c1
0024221e1
0001ff3ff
00020203b
00020304f
00040b06b
00040d07f
043633045
0004120b7
0004140cb
0004170e3
0004190f7
045451045
00041e12f
000420143
00042315b
00042516f
04726f045
00042a1a7
00042c1bb
00042f1d3
0004311e7
04908d045
00043621f
000437223
00043b24b
00043d25f
04aeab045
000442297
0004442ab
0004492d7
0004482d3
04ccc9045
00044e30f
000450323
00045333b
00045534f
04eae7045
00045a387
00045c39b
050905045
052723045
054541045
05635f045
05817d045
059f9b045
05bdb9045
002e2c281
004c4a461
006a68641
0044423e1
0062605c1
0074726e1
00020608b
0092908c1
0002090c7
00b0aeaa1
008a88841
00a8a6a21
00bab8b41
00020d117
00d8d6d21
000210153
00f6f4f01
00d0ceca1
00eeece81
0100fefa1
0002141a3
011f1d181
0002171df
013d3b361
011715101
0135332e1
014745401
00021b22f
0165635e1
00021e26b
0183817c1
015d5b561
017b79741
018d8b861
0002222bb
01aba9a41
0002252f7
01c9c7c21
01a3a19c1
01c1bfba1
01d3d1cc1
00022a35b
00022d397
00022e3ab
0004613c7
0004633db
05e5e1045
000468013
00046a027
00046d03f
00046f053
0403ff045
00047408b
00047609f
0004790b7
00047b0cb
04201d045
000480103
000482117
00048512f
000487143
043e3b045
00048c17b
00048d17f
0004911a7
0004931bb
045c59045
0004981f3
00049a207
00049f233
00049e22f
047a77045
0004a426b
0004a627f
0004a9297
0004ab2ab
049895045
0004b02e3
0004b22f7
04b6b3045
04d4d1045
04f2ef045
05110d045
052f2b045
054d49045
056b67045
01dddbd61
01fbf9f41
001816121
01f3f1ec1
00100e0a1
0022201c1
0002313e7
00403e3a1
000234023
005e5c581
003836321
005654501
006866621
000238073
008684801
00023b0af
00a4a29e1
007e7c781
009c9a961
00aeaca81
00023f0ff
00cccac61
00024213b
00eae8e41
00c4c2be1
00e2e0dc1
00f4f2ee1
00024618b
0113110c1
0002491c7
01312f2a1
010b09041
012927221
013b39341
00024d217
015957521
000250253
017775701
01514f4a1
016f6d681
01817f7a1
0002552b7
0002582f3
000259307
0004b7323
0004b9337
05938f045
0004be36f
0004c0383
0004c339b
0004c53af
05b1ad045
0004ca3e7
0004cc3fb
0004cf013
0004d1027
05cfcb045
0004d605f
0004d8073
0004db08b
0004dd09f
05ede9045
0004e20d7
0004e30db
0004e7103
0004e9117
040a07045
0004ee14f
0004f0163
0004f518f
0004f418b
042825045
0004fa1c7
0004fc1db
0004ff1f3
000501207
044643045
00050623f
000508253
046461045
04827f045
04a09d045
04bebb045
04dcd9045
04faf7045
051915045
018b89841
01a9a7a21
01c7c5c01
01a19f9a1
01bfbdb81
01d1cfca1
00025c343
01efede81
00025f37f
000c0a061
01e7e5e01
000403fe1
001614101
0002633cf
0034322e1
00026600b
0052504c1
002c2a261
004a48441
005c5a561
00026a05b
007a78741
00026d097
009896921
0072706c1
00908e8a1
00a2a09c1
0002710e7
00c0beba1
000274123
00dedcd81
00b8b6b21
00d6d4d01
00e8e6e21
000278173
010705001
00027b1af
0125231e1
00fefcf81
011d1b161
012f2d281
000280213
00028324f
000284263
00050d27f
00050f293
05413d045
0005142cb
0005162df
0005192f7
00051b30b
055f5b045
000520343
000522357
00052536f
000527383
057d79045
00052c3bb
00052e3cf
0005313e7
0005333fb
059b97045
000538033
000539037
00053d05f
00053f073
05b9b5045
0005440ab
0005460bf
00054b0eb
00054a0e7
05d7d3045
000550123
000552137
00055514f
000557163
05f5f1045
00055c19b
00055e1af
04120f045
04302d045
044e4b045
046c69045
048a87045
04a8a5045
04c6c3045
013937321
015755501
0175736e1
014f4d481
016d6b661
017f7d781
00028729f
019d9b961
00028a2db
01bbb9b41
0195938e1
01b3b1ac1
01c5c3be1
00028e32b
01e3e1dc1
000291367
0001fffa1
01dbd9d41
01f9f7f21
000a08041
0002953b7
002826221
0002983f3
004644401
00201e1a1
003e3c381
00504e4a1
00029c043
006e6c681
00029f07f
008c8a861
006664601
0084827e1
009694901
0002a30cf
00b4b2ae1
0002a610b
00d2d0cc1
00acaaa61
00cac8c41
00dcdad61
0002ab16f
0002ae1ab
0002af1bf
0005631db
0005651ef
04eeeb045
00056a227
00056c23b
00056f253
000571267
050d09045
00057629f
0005782b3
00057b2cb
00057d2df
052b27045
000582317
00058432b
000587343
000589357
054945045
00058e38f
00058f393
0005933bb
0005953cf
056763045
00059a007
00059c01b
0005a1047
0005a0043
058581045
0005a607f
0005a8093
0005ab0ab
0005ad0bf
05a39f045
0005b20f7
0005b410b
05c1bd045
05dfdb045
05fdf9045
041a17045
043835045
045653045
047471045
00e6e4e01
010502fe1
0123211c1
00fcfaf61
011b19141
012d2b261
0002b21fb
014b49441
0002b5237
016967621
0143413c1
01615f5a1
0173716c1
0002b9287
01918f8a1
0002bc2c3
01afada81
018987821
01a7a5a01
01b9b7b21
0002c0313
01d7d5d01
0002c334f
01f5f3ee1
01cfcdc81
01edebe61
01fffdf81
0002c739f
001c1a161
0002ca3db
003a38341
0014120e1
0032302c1
0044423e1
0002ce02b
0062605c1
0002d1067
00807e7a1
005a58541
007876721
008a88841
0002d60cb
0002d9107
0002da11b
0005b9137
0005bb14b
049c99045
0005c0183
0005c2197
0005c51af
0005c71c3
04bab7045
0005cc1fb
0005ce20f
0005d1227
0005d323b
04d8d5045
0005d8273
0005da287
0005dd29f
0005df2b3
04f6f3045
0005e42eb
0005e52ef
0005e9317
0005eb32b
051511045
0005f0363
0005f2377
0005f73a3
0005f639f
05332f045
0005fc3db
0005fe3ef
000601007
00060301b
05514d045
000608053
00060a067
056f6b045
058d89045
05aba7045
05c9c5045
05e7e3045
040401045
04221f045
0094928e1
00b2b0ac1
00d0ceca1
00aaa8a41
00c8c6c21
00dad8d41
0002dd157
00f8f6f21
0002e0193
011715101
00f0eeea1
010f0d081
01211f1a1
0002e41e3
013f3d381
0002e721f
015d5b561
013735301
0155534e1
016765601
0002eb26f
0185837e1
0002ee2ab
01a3a19c1
017d7b761
019b99941
01adaba61
0002f22fb
01cbc9c41
0002f5337
01e9e7e21
01c3c1bc1
01e1dfda1
01f3f1ec1
0002f9387
00100e0a1
0002fc3c3
002e2c281
000806021
002624201
003836321
000301027
000304063
000305077
00060f093
0006110a7
044a47045
0006160df
0006180f3
00061b10b
00061d11f
046865045
000622157
00062416b
000627183
000629197
048683045
00062e1cf
0006301e3
0006331fb
00063520f
04a4a1045
00063a247
00063b24b
00063f273
000641287
04c2bf045
0006462bf
0006482d3
00064d2ff
00064c2fb
04e0dd045
000652337
00065434b
000657363
000659377
04fefb045
00065e3af
0006603c3
051d19045
053b37045
055955045
057773045
059591045
05b3af045
05d1cd045
0042403c1
00605e5a1
007e7c781
005856521
007674701
008886821
0003080b3
00a6a4a01
00030b0ef
00c4c2be1
009e9c981
00bcbab61
00ceccc81
00030f13f
00eceae61
00031217b
010b09041
00e4e2de1
010300fc1
0115130e1
0003161cb
0133312c1
000319207
01514f4a1
012b29241
014947421
015b59541
00031d257
017977721
000320293
019795901
01716f6a1
018f8d881
01a19f9a1
0003242e3
01bfbdb81
00032731f
01dddbd61
01b7b5b01
01d5d3ce1
01e7e5e01
00032c383
00032f3bf
0003303d3
0006653ef
000667003
05f9f5045
00066c03b
00066e04f
000671067
00067307b
041613045
0006780b3
00067a0c7
00067d0df
00067f0f3
043431045
00068412b
00068613f
000689157
00068b16b
04524f045
0006901a3
0006911a7
0006951cf
0006971e3
04706d045
00069c21b
00069e22f
0006a325b
0006a2257
048e8b045
0006a8293
0006aa2a7
0006ad2bf
0006af2d3
04aca9045
0006b430b
0006b631f
04cac7045
04e8e5045
050703045
052521045
05433f045
05615d045
057f7b045
01f1efea1
000e0c081
002c2a261
000604001
0024221e1
003634301
00033300f
0054524e1
00033604b
0072706c1
004c4a461
006a68641
007c7a761
00033a09b
009a98941
00033d0d7
00b8b6b21
0092908c1
00b0aeaa1
00c2c0bc1
000341127
00e0deda1
000344163
00fefcf81
00d8d6d21
00f6f4f01
010907021
0003481b3
012725201
00034b1ef
0145433e1
011f1d181
013d3b361
014f4d481
00034f23f
016d6b661
00035227b
018b89841
0165635e1
0183817c1
0195938e1
0003572df
00035a31b
00035b32f
0006bb34b
0006bd35f
05a7a3045
0006c2397
0006c43ab
0006c73c3
0006c93d7
05c5c1045
0006ce00f
0006d0023
0006d303b
0006d504f
05e3df045
0006da087
0006dc09b
0006df0b3
0006e10c7
0401fd045
0006e60ff
0006e7103
0006eb12b
0006ed13f
041e1b045
0006f2177
0006f418b
0006f91b7
0006f81b3
043c39045
0006fe1ef
000700203
00070321b
00070522f
045a57045
00070a267
00070c27b
047875045
049693045
04b4b1045
04d2cf045
04f0ed045
050f0b045
052d29045
019f9d981
01bdbbb61
01dbd9d41
01b5b3ae1
01d3d1cc1
01e5e3de1
00035e36b
000201fc1
0003613a7
00201e1a1
01fbf9f41
001816121
002a28241
0003653f7
004846421
000368033
006664601
00403e3a1
005e5c581
00706e6a1
00036c083
008e8c881
00036f0bf
00acaaa61
008684801
00a4a29e1
00b6b4b01
00037310f
00d4d2ce1
00037614b
00f2f0ec1
00cccac61
00eae8e41
00fcfaf61
00037a19b
011b19141
00037d1d7
013937321
0113110c1
01312f2a1
0143413c1
00038223b
000385277
00038628b
0007112a7
0007132bb
055551045
0007182f3
00071a307
00071d31f
00071f333
05736f045
00072436b
00072637f
000729397
00072b3ab
05918d045
0007303e3
0007323f7
00073500f
000737023
05afab045
00073c05b
00073d05f
000741087
00074309b
05cdc9045
0007480d3
00074a0e7
00074f113
00074e10f
05ebe7045
00075414b
00075615f
000759177
00075b18b
040805045
0007601c3
0007621d7
042623045
044441045
04625f045
04807d045
049e9b045
04bcb9045
04dad7045
014d4b461
016b69641
018987821
0163615c1
01817f7a1
0193918c1
0003892c7
01b1afaa1
00038c303
01cfcdc81
01a9a7a21
01c7c5c01
01d9d7d21
000390353
01f7f5f01
00039338f
0014120e1
01efede81
000c0a061
001e1c181
0003973df
003c3a361
00039a01b
005a58541
0034322e1
0052504c1
0064625e1
00039e06b
0082807c1
0003a10a7
00a09e9a1
007a78741
009896921
00aaa8a41
0003a50f7
00c8c6c21
0003a8133
00e6e4e01
00c0beba1
00dedcd81
00f0eeea1
0003ad197
0003b01d3
0003b11e7
000767203
000769217
0502ff045
00076e24f
000770263
00077327b
00077528f
05211d045
00077a2c7
00077c2db
00077f2f3
000781307
053f3b045
00078633f
000788353
00078b36b
00078d37f
055d59045
0007923b7
0007933bb
0007973e3
0007993f7
057b77045
00079e02f
0007a0043
0007a506f
0007a406b
059995045
0007aa0a7
0007ac0bb
0007af0d3
0007b10e7
05b7b3045
0007b611f
0007b8133
05d5d1045
05f3ef045
04100d045
042e2b045
044c49045
046a67045
048885045
00faf8f41
011917121
013735301
01110f0a1
012f2d281
01413f3a1
0003b4223
015f5d581
0003b725f
017d7b761
015755501
0175736e1
018785801
0003bb2af
01a5a39e1
0003be2eb
01c3c1bc1
019d9b961
01bbb9b41
01cdcbc61
0003c233b
01ebe9e41
0003c5377
000806021
01e3e1dc1
0001fffa1
0012100c1
0003c93c7
00302e2a1
0003cc003
004e4c481
002826221
004644401
005856521
0003d0053
007674701
0003d308f
0094928e1
006e6c681
008c8a861
009e9c981
0003d80f3
0003db12f
0003dc143
0007bd15f
0007bf173
04b0ad045
0007c41ab
0007c61bf
0007c91d7
0007cb1eb
04cecb045
0007d0223
0007d2237
0007d524f
0007d7263
04ece9045
0007dc29b
0007de2af
0007e12c7
0007e32db
050b07045
0007e8313
0007e9317
0007ed33f
0007ef353
052925045
0007f438b
0007f639f
0007fb3cb
0007fa3c7
054743045
000800003
000802017
00080502f
000807043
056561045
00080c07b
00080e08f
05837f045
05a19d045
05bfbb045
05ddd9045
05fbf7045
041815045
043633045
00a8a6a21
00c6c4c01
00e4e2de1
00bebcb81
00dcdad61
00eeece81
0003df17f
010d0b061
0003e21bb
012b29241
010502fe1
0123211c1
0135332e1
0003e620b
0153514c1
0003e9247
01716f6a1
014b49441
016967621
017b79741
0003ed297
019997921
0003f02d3
01b7b5b01
01918f8a1
01afada81
01c1bfba1
0003f4323
01dfddd81
0003f735f
01fdfbf61
01d7d5d01
01f5f3ee1
000604001
0003fb3af
0024221e1
0003fe3eb
0042403c1
001c1a161
003a38341
004c4a461
00040304f
00040608b
00040709f
0008130bb
0008150cf
045e5b045
00081a107
00081c11b
00081f133
000821147
047c79045
00082617f
000828193
00082b1ab
00082d1bf
049a97045
0008321f7
00083420b
000837223
000839237
04b8b5045
00083e26f
00083f273
00084329b
0008452af
04d6d3045
00084a2e7
00084c2fb
000851327
000850323
04f4f1045
00085635f
000858373
00085b38b
00085d39f
05130f045
0008623d7
0008643eb
05312d045
054f4b045
056d69045
058b87045
05a9a5045
05c7c3045
05e5e1045
005654501
0074726e1
0092908c1
006c6a661
008a88841
009c9a961
00040a0db
00bab8b41
00040d117
00d8d6d21
00b2b0ac1
00d0ceca1
00e2e0dc1
000411167
0100fefa1
0004141a3
011f1d181
00f8f6f21
011715101
012927221
0004181f3
014745401
00041b22f
0165635e1
013f3d381
015d5b561
016f6d681
00041f27f
018d8b861
0004222bb
01aba9a41
0185837e1
01a3a19c1
01b5b3ae1
00042630b
01d3d1cc1
000429347
01f1efea1
01cbc9c41
01e9e7e21
01fbf9f41
00042e3ab
0004313e7
0004323fb
000869017
00086b02b
040c09045
000870063
000872077
00087508f
0008770a3
042a27045
00087c0db
00087e0ef
000881107
00088311b
044845045
000888153
00088a167
00088d17f
00088f193
046663045
0008941cb
0008951cf
0008991f7
00089b20b
048481045
0008a0243
0008a2257
0008a7283
0008a627f
04a29f045
0008ac2bb
0008ae2cf
0008b12e7
0008b32fb
04c0bd045
0008b8333
0008ba347
04dedb045
04fcf9045
051b17045
053935045
055753045
057571045
05938f045
000403fe1
0022201c1
00403e3a1
001a18141
003836321
004a48441
000435037
006866621
000438073
008684801
00605e5a1
007e7c781
00908e8a1
00043c0c3
00aeaca81
00043f0ff
00cccac61
00a6a4a01
00c4c2be1
00d6d4d01
00044314f
00f4f2ee1
00044618b
0113110c1
00eceae61
010b09041
011d1b161
00044a1db
013b39341
00044d217
015957521
0133312c1
01514f4a1
0163615c1
000451267
01817f7a1
0004542a3
019f9d981
017977721
019795901
01a9a7a21
000459307
00045c343
00045d357
0008bf373
0008c1387
05bbb7045
0008c63bf
0008c83d3
0008cb3eb
0008cd3ff
05d9d5045
0008d2037
0008d404b
0008d7063
0008d9077
05f7f3045
0008de0af
0008e00c3
0008e30db
0008e50ef
041411045
0008ea127
0008eb12b
0008ef153
0008f1167
04322f045
0008f619f
0008f81b3
0008fd1df
0008fc1db
04504d045
000902217
00090422b
000907243
000909257
046e6b045
00090e28f
0009102a3
048c89045
04aaa7045
04c8c5045
04e6e3045
050501045
05231f045
05413d045
01b3b1ac1
01d1cfca1
01efede81
01c9c7c21
01e7e5e01
01f9f7f21
000460393
001614101
0004633cf
0034322e1
000e0c081
002c2a261
003e3c381
00046701f
005c5a561
00046a05b
007a78741
0054524e1
0072706c1
0084827e1
00046e0ab
00a2a09c1
0004710e7
00c0beba1
009a98941
00b8b6b21
00cac8c41
000475137
00e8e6e21
000478173
010705001
00e0deda1
00fefcf81
01110f0a1
00047c1c3
012f2d281
00047f1ff
014d4b461
012725201
0145433e1
015755501
000484263
00048729f
0004882b3
0009152cf
0009172e3
056965045
00091c31b
00091e32f
000921347
00092335b
058783045
000928393
00092a3a7
00092d3bf
00092f3d3
05a5a1045
00093400b
00093601f
000939037
00093b04b
05c3bf045
000940083
000941087
0009450af
0009470c3
05e1dd045
00094c0fb
00094e10f
00095313b
000952137
05fffb045
000958173
00095a187
00095d19f
00095f1b3
041c19045
0009641eb
0009661ff
043a37045
045855045
047673045
049491045
04b2af045
04d0cd045
04eeeb045
01615f5a1
017f7d781
019d9b961
017775701
0195938e1
01a7a5a01
00048b2ef
01c5c3be1
00048e32b
01e3e1dc1
01bdbbb61
01dbd9d41
01edebe61
00049237b
000a08041
0004953b7
002826221
000201fc1
00201e1a1
0032302c1
000499007
00504e4a1
00049c043
006e6c681
004846421
006664601
007876721
0004a0093
009694901
0004a30cf
00b4b2ae1
008e8c881
00acaaa61
00bebcb81
0004a711f
00dcdad61
0004aa15b
00faf8f41
00d4d2ce1
00f2f0ec1
010502fe1
0004af1bf
0004b21fb
0004b320f
00096b22b
00096d23f
051713045
000972277
00097428b
0009772a3
0009792b7
053531045
00097e2ef
000980303
00098331b
00098532f
05534f045
00098a367
00098c37b
00098f393
0009913a7
05716d045
0009963df
0009973e3
00099b00b
00099d01f
058f8b045
0009a2057
0009a406b
0009a9097
0009a8093
05ada9045
0009ae0cf
0009b00e3
0009b30fb
0009b510f
05cbc7045
0009ba147
0009bc15b
05e9e5045
040603045
042421045
04423f045
04605d045
047e7b045
049c99045
010f0d081
012d2b261
014b49441
0125231e1
0143413c1
0155534e1
0004b624b
0173716c1
0004b9287
01918f8a1
016b69641
018987821
019b99941
0004bd2d7
01b9b7b21
0004c0313
01d7d5d01
01b1afaa1
01cfcdc81
01e1dfda1
0004c4363
01fffdf81
0004c739f
001c1a161
01f7f5f01
0014120e1
002624201
0004cb3ef
0044423e1
0004ce02b
0062605c1
003c3a361
005a58541
006c6a661
0004d207b
008a88841
0004d50b7
00a8a6a21
0082807c1
00a09e9a1
00b2b0ac1
0004da11b
0004dd157
0004de16b
0009c1187
0009c319b
04c4c1045
0009c81d3
0009ca1e7
0009cd1ff
0009cf213
04e2df045
0009d424b
0009d625f
0009d9277
0009db28b
0500fd045
0009e02c3
0009e22d7
0009e52ef
0009e7303
051f1b045
0009ec33b
0009ed33f
0009f1367
0009f337b
053d39045
0009f83b3
0009fa3c7
0009ff3f3
0009fe3ef
055b57045
000a0402b
000a0603f
000a09057
000a0b06b
057975045
000a100a3
000a120b7
059793045
05b5b1045
05d3cf045
05f1ed045
040e0b045
042c29045
044a47045
00bcbab61
00dad8d41
00f8f6f21
00d2d0cc1
00f0eeea1
010300fc1
0004e11a7
01211f1a1
0004e41e3
013f3d381
011917121
013735301
014947421
0004e8233
016765601
0004eb26f
0185837e1
015f5d581
017d7b761
018f8d881
0004ef2bf
01adaba61
0004f22fb
01cbc9c41
01a5a39e1
01c3c1bc1
01d5d3ce1
0004f634b
01f3f1ec1
0004f9387
00100e0a1
01ebe9e41
000806021
001a18141
0004fd3d7
003836321
000500013
005654501
00302e2a1
004e4c481
00605e5a1
000505077
0005080b3
0005090c7
000a170e3
000a190f7
04726f045
000a1e12f
000a20143
000a2315b
000a2516f
04908d045
000a2a1a7
000a2c1bb
000a2f1d3
000a311e7
04aeab045
000a3621f
000a38233
000a3b24b
000a3d25f
04ccc9045
000a42297
000a4329b
000a472c3
000a492d7
04eae7045
000a4e30f
000a50323
000a5534f
000a5434b
050905045
000a5a387
000a5c39b
000a5f3b3
000a613c7
052723045
000a663ff
000a68013
054541045
05635f045
05817d045
059f9b045
05bdb9045
05dbd7045
05f9f5045
006a68641
008886821
00a6a4a01
00807e7a1
009e9c981
00b0aeaa1
00050c103
00ceccc81
00050f13f
00eceae61
00c6c4c01
00e4e2de1
00f6f4f01
00051318f
0115130e1
0005161cb
0133312c1
010d0b061
012b29241
013d3b361
00051a21b
015b59541
00051d257
017977721
0153514c1
01716f6a1
0183817c1
0005212a7
01a19f9a1
0005242e3
01bfbdb81
019997921
01b7b5b01
01c9c7c21
000528333
01e7e5e01
00052b36f
000403fe1
01dfddd81
01fdfbf61
000e0c081
0005303d3
00053300f
000534023
000a6d03f
000a6f053
04201d045
000a7408b
000a7609f
000a790b7
000a7b0cb
043e3b045
000a80103
000a82117
000a8512f
000a87143
045c59045
000a8c17b
000a8e18f
000a911a7
000a931bb
047a77045
000a981f3
000a991f7
000a9d21f
000a9f233
049895045
000aa426b
000aa627f
000aab2ab
000aaa2a7
04b6b3045
000ab02e3
000ab22f7
000ab530f
000ab7323
04d4d1045
000abc35b
000abe36f
04f2ef045
05110d045
052f2b045
054d49045
056b67045
058985045
05a7a3045
001816121
003634301
0054524e1
002e2c281
004c4a461
005e5c581
00053705f
007c7a761
00053a09b
009a98941
0074726e1
0092908c1
00a4a29e1
00053e0eb
00c2c0bc1
000541127
00e0deda1
00bab8b41
00d8d6d21
00eae8e41
000545177
010907021
0005481b3
012725201
0100fefa1
011f1d181
01312f2a1
00054c203
014f4d481
00054f23f
016d6b661
014745401
0165635e1
017775701
00055328f
0195938e1
0005562cb
01b3b1ac1
018d8b861
01aba9a41
01bdbbb61
00055b32f
00055e36b
00055f37f
000ac339b
000ac53af
05cfcb045
000aca3e7
000acc3fb
000acf013
000ad1027
05ede9045
000ad605f
000ad8073
000adb08b
000add09f
040a07045
000ae20d7
000ae40eb
000ae7103
000ae9117
042825045
000aee14f
000aef153
000af317b
000af518f
044643045
000afa1c7
000afc1db
000b01207
000b00203
046461045
000b0623f
000b08253
000b0b26b
000b0d27f
04827f045
000b122b7
000b142cb
04a09d045
04bebb045
04dcd9045
04faf7045
051915045
053733045
055551045
01c7c5c01
01e5e3de1
000201fc1
01dddbd61
01fbf9f41
000c0a061
0005623bb
002a28241
0005653f7
004846421
0022201c1
00403e3a1
0052504c1
000569047
00706e6a1
00056c083
008e8c881
006866621
008684801
009896921
0005700d3
00b6b4b01
00057310f
00d4d2ce1
00aeaca81
00cccac61
00dedcd81
00057715f
00fcfaf61
00057a19b
011b19141
00f4f2ee1
0113110c1
0125231e1
00057e1eb
0143413c1
000581227
01615f5a1
013b39341
015957521
016b69641
00058628b
0005892c7
00058a2db
000b192f7
000b1b30b
057d79045
000b20343
000b22357
000b2536f
000b27383
059b97045
000b2c3bb
000b2e3cf
000b313e7
000b333fb
05b9b5045
000b38033
000b3a047
000b3d05f
000b3f073
05d7d3045
000b440ab
000b450af
000b490d7
000b4b0eb
05f5f1045
000b50123
000b52137
000b57163
000b5615f
04120f045
000b5c19b
000b5e1af
000b611c7
000b631db
04302d045
000b68213
000b6a227
044e4b045
046c69045
048a87045
04a8a5045
04c6c3045
04e4e1045
0502ff045
0175736e1
0193918c1
01b1afaa1
018b89841
01a9a7a21
01bbb9b41
00058d317
01d9d7d21
000590353
01f7f5f01
01d1cfca1
01efede81
0001fffa1
0005943a3
001e1c181
0005973df
003c3a361
001614101
0034322e1
004644401
00059b02f
0064625e1
00059e06b
0082807c1
005c5a561
007a78741
008c8a861
0005a20bb
00aaa8a41
0005a50f7
00c8c6c21
00a2a09c1
00c0beba1
00d2d0cc1
0005a9147
00f0eeea1
0005ac183
010f0d081
00e8e6e21
010705001
011917121
0005b11e7
0005b4223
0005b5237
000b6f253
000b71267
052b27045
000b7629f
000b782b3
000b7b2cb
000b7d2df
054945045
000b82317
000b8432b
000b87343
000b89357
056763045
000b8e38f
000b903a3
000b933bb
000b953cf
058581045
000b9a007
000b9b00b
000b9f033
000ba1047
05a39f045
000ba607f
000ba8093
000bad0bf
000bac0bb
05c1bd045
000bb20f7
000bb410b
000bb7123
000bb9137
05dfdb045
000bbe16f
000bc0183
05fdf9045
041a17045
043835045
045653045
047471045
04928f045
04b0ad045
0123211c1
01413f3a1
015f5d581
013937321
015755501
016967621
0005b8273
018785801
0005bb2af
01a5a39e1
017f7d781
019d9b961
01afada81
0005bf2ff
01cdcbc61
0005c233b
01ebe9e41
01c5c3be1
01e3e1dc1
01f5f3ee1
0005c638b
0012100c1
0005c93c7
00302e2a1
000a08041
002826221
003a38341
0005cd017
005856521
0005d0053
007674701
00504e4a1
006e6c681
00807e7a1
0005d40a3
009e9c981
0005d70df
00bcbab61
009694901
00b4b2ae1
00c6c4c01
0005dc143
0005df17f
0005e0193
000bc51af
000bc71c3
04d8d5045
000bcc1fb
000bce20f
000bd1227
000bd323b
04f6f3045
000bd8273
000bda287
000bdd29f
000bdf2b3
051511045
000be42eb
000be62ff
000be9317
000beb32b
05332f045
000bf0363
000bf1367
000bf538f
000bf73a3
05514d045
000bfc3db
000bfe3ef
000c0301b
000c02017
056f6b045
000c08053
000c0a067
000c0d07f
000c0f093
058d89045
000c140cb
000c160df
05aba7045
05c9c5045
05e7e3045
040401045
04221f045
04403d045
045e5b045
00d0ceca1
00eeece81
010d0b061
00e6e4e01
010502fe1
011715101
0005e31cf
0135332e1
0005e620b
0153514c1
012d2b261
014b49441
015d5b561
0005ea25b
017b79741
0005ed297
019997921
0173716c1
01918f8a1
01a3a19c1
0005f12e7
01c1bfba1
0005f4323
01dfddd81
01b9b7b21
01d7d5d01
01e9e7e21
0005f8373
000604001
0005fb3af
0024221e1
01fffdf81
001c1a161
002e2c281
0005ff3ff
004c4a461
00060203b
006a68641
0044423e1
0062605c1
0074726e1
00060709f
00060a0db
00060b0ef
000c1b10b
000c1d11f
048683045
000c22157
000c2416b
000c27183
000c29197
04a4a1045
000c2e1cf
000c301e3
000c331fb
000c3520f
04c2bf045
000c3a247
000c3c25b
000c3f273
000c41287
04e0dd045
000c462bf
000c472c3
000c4b2eb
000c4d2ff
04fefb045
000c52337
000c5434b
000c59377
000c58373
051d19045
000c5e3af
000c603c3
000c633db
000c653ef
053b37045
000c6a027
000c6c03b
055955045
057773045
059591045
05b3af045
05d1cd045
05efeb045
040c09045
007e7c781
009c9a961
00bab8b41
0094928e1
00b2b0ac1
00c4c2be1
00060e12b
00e2e0dc1
000611167
0100fefa1
00dad8d41
00f8f6f21
010b09041
0006151b7
012927221
0006181f3
014745401
01211f1a1
013f3d381
01514f4a1
00061c243
016f6d681
00061f27f
018d8b861
016765601
0185837e1
019795901
0006232cf
01b5b3ae1
00062630b
01d3d1cc1
01adaba61
01cbc9c41
01dddbd61
00062a35b
01fbf9f41
00062d397
001816121
01f3f1ec1
00100e0a1
0022201c1
0006323fb
000635037
00063604b
000c71067
000c7307b
043431045
000c780b3
000c7a0c7
000c7d0df
000c7f0f3
04524f045
000c8412b
000c8613f
000c89157
000c8b16b
04706d045
000c901a3
000c921b7
000c951cf
000c971e3
048e8b045
000c9c21b
000c9d21f
000ca1247
000ca325b
04aca9045
000ca8293
000caa2a7
000caf2d3
000cae2cf
04cac7045
000cb430b
000cb631f
000cb9337
000cbb34b
04e8e5045
000cc0383
000cc2397
050703045
052521045
05433f045
05615d045
057f7b045
059d99045
05bbb7045
002c2a261
004a48441
006866621
0042403c1
00605e5a1
0072706c1
000639087
00908e8a1
00063c0c3
00aeaca81
008886821
00a6a4a01
00b8b6b21
000640113
00d6d4d01
00064314f
00f4f2ee1
00ceccc81
00eceae61
00fefcf81
00064719f
011d1b161
00064a1db
013b39341
0115130e1
0133312c1
0145433e1
00064e22b
0163615c1
000651267
01817f7a1
015b59541
017977721
018b89841
0006552b7
01a9a7a21
0006582f3
01c7c5c01
01a19f9a1
01bfbdb81
01d1cfca1
00065d357
000660393
0006613a7
000cc73c3
000cc93d7
05e3df045
000cce00f
000cd0023
000cd303b
000cd504f
0401fd045
000cda087
000cdc09b
000cdf0b3
000ce10c7
041e1b045
000ce60ff
000ce8113
000ceb12b
000ced13f
043c39045
000cf2177
000cf317b
000cf71a3
000cf91b7
045a57045
000cfe1ef
000d00203
000d0522f
000d0422b
047875045
000d0a267
000d0c27b
000d0f293
000d112a7
049693045
000d162df
000d182f3
04b4b1045
04d2cf045
04f0ed045
050f0b045
052d29045
054b47045
056965045
01dbd9d41
01f9f7f21
001614101
01f1efea1
000e0c081
00201e1a1
0006643e3
003e3c381
00066701f
005c5a561
003634301
0054524e1
006664601
00066b06f
0084827e1
00066e0ab
00a2a09c1
007c7a761
009a98941
00acaaa61
0006720fb
00cac8c41
000675137
00e8e6e21
00c2c0bc1
00e0deda1
00f2f0ec1
000679187
01110f0a1
00067c1c3
012f2d281
010907021
012725201
013937321
000680213
015755501
00068324f
0175736e1
014f4d481
016d6b661
017f7d781
0006882b3
00068b2ef
00068c303
000d1d31f
000d1f333
05918d045
000d2436b
000d2637f
000d29397
000d2b3ab
05afab045
000d303e3
000d323f7
000d3500f
000d37023
05cdc9045
000d3c05b
000d3e06f
000d41087
000d4309b
05ebe7045
000d480d3
000d490d7
000d4d0ff
000d4f113
040805045
000d5414b
000d5615f
000d5b18b
000d5a187
042623045
000d601c3
000d621d7
000d651ef
000d67203
044441045
000d6c23b
000d6e24f
04625f045
04807d045
049e9b045
04bcb9045
04dad7045
04f8f5045
051713045
018987821
01a7a5a01
01c5c3be1
019f9d981
01bdbbb61
01cfcdc81
00068f33f
01edebe61
00069237b
000a08041
01e5e3de1
000201fc1
0014120e1
0006963cb
0032302c1
000699007
00504e4a1
002a28241
004846421
005a58541
00069d057
007876721
0006a0093
009694901
00706e6a1
008e8c881
00a09e9a1
0006a40e3
00bebcb81
0006a711f
00dcdad61
00b6b4b01
00d4d2ce1
00e6e4e01
0006ab16f
010502fe1
0006ae1ab
0123211c1
00fcfaf61
011b19141
012d2b261
0006b320f
0006b624b
0006b725f
000d7327b
000d7528f
053f3b045
000d7a2c7
000d7c2db
000d7f2f3
000d81307
055d59045
000d8633f
000d88353
000d8b36b
000d8d37f
057b77045
000d923b7
000d943cb
000d973e3
000d993f7
059995045
000d9e02f
000d9f033
000da305b
000da506f
05b7b3045
000daa0a7
000dac0bb
000db10e7
000db00e3
05d5d1045
000db611f
000db8133
000dbb14b
000dbd15f
05f3ef045
000dc2197
000dc41ab
04100d045
042e2b045
044c49045
046a67045
048885045
04a6a3045
04c4c1045
013735301
0155534e1
0173716c1
014d4b461
016b69641
017d7b761
0006ba29b
019b99941
0006bd2d7
01b9b7b21
0193918c1
01b1afaa1
01c3c1bc1
0006c1327
01e1dfda1
0006c4363
01fffdf81
01d9d7d21
01f7f5f01
000806021
0006c83b3
002624201
0006cb3ef
0044423e1
001e1c181
003c3a361
004e4c481
0006cf03f
006c6a661
0006d207b
008a88841
0064625e1
0082807c1
0094928e1
0006d60cb
00b2b0ac1
0006d9107
00d0ceca1
00aaa8a41
00c8c6c21
00dad8d41
0006de16b
0006e11a7
0006e21bb
000dc91d7
000dcb1eb
04ece9045
000dd0223
000dd2237
000dd524f
000dd7263
050b07045
000ddc29b
000dde2af
000de12c7
000de32db
052925045
000de8313
000dea327
000ded33f
000def353
054743045
000df438b
000df538f
000df93b7
000dfb3cb
056561045
000e00003
000e02017
000e07043
000e0603f
05837f045
000e0c07b
000e0e08f
000e110a7
000e130bb
05a19d045
000e180f3
000e1a107
05bfbb045
05ddd9045
05fbf7045
041815045
043633045
045451045
04726f045
00e4e2de1
010300fc1
01211f1a1
00faf8f41
011917121
012b29241
0006e51f7
014947421
0006e8233
016765601
01413f3a1
015f5d581
01716f6a1
0006ec283
018f8d881
0006ef2bf
01adaba61
018785801
01a5a39e1
01b7b5b01
0006f330f
01d5d3ce1
0006f634b
01f3f1ec1
01cdcbc61
01ebe9e41
01fdfbf61
0006fa39b
001a18141
0006fd3d7
003836321
0012100c1
00302e2a1
0042403c1
000701027
00605e5a1
000704063
007e7c781
005856521
007674701
008886821
0007090c7
00070c103
00070d117
000e1f133
000e21147
049a97045
000e2617f
000e28193
000e2b1ab
000e2d1bf
04b8b5045
000e321f7
000e3420b
000e37223
000e39237
04d6d3045
000e3e26f
000e40283
000e4329b
000e452af
04f4f1045
000e4a2e7
000e4b2eb
000e4f313
000e51327
05130f045
000e5635f
000e58373
000e5d39f
000e5c39b
05312d045
000e623d7
000e643eb
000e67003
000e69017
054f4b045
000e6e04f
000e70063
056d69045
058b87045
05a9a5045
05c7c3045
05e5e1045
0403ff045
04201d045
0092908c1
00b0aeaa1
00ceccc81
00a8a6a21
00c6c4c01
00d8d6d21
000710153
00f6f4f01
00071318f
0115130e1
00eeece81
010d0b061
011f1d181
0007171df
013d3b361
00071a21b
015b59541
0135332e1
0153514c1
0165635e1
00071e26b
0183817c1
0007212a7
01a19f9a1
017b79741
019997921
01aba9a41
0007252f7
01c9c7c21
000728333
01e7e5e01
01c1bfba1
01dfddd81
01f1efea1
00072c383
000e0c081
00072f3bf
002c2a261
000604001
0024221e1
003634301
000734023
00073705f
000738073
000e7508f
000e770a3
044845045
000e7c0db
000e7e0ef
000e81107
000e8311b
046663045
000e88153
000e8a167
000e8d17f
000e8f193
048481045
000e941cb
000e961df
000e991f7
000e9b20b
04a29f045
000ea0243
000ea1247
000ea526f
000ea7283
04c0bd045
000eac2bb
000eae2cf
000eb32fb
000eb22f7
04dedb045
000eb8333
000eba347
000ebd35f
000ebf373
04fcf9045
000ec43ab
000ec63bf
051b17045
053935045
055753045
057571045
05938f045
05b1ad045
05cfcb045
00403e3a1
005e5c581
007c7a761
005654501
0074726e1
008684801
00073b0af
00a4a29e1
00073e0eb
00c2c0bc1
009c9a961
00bab8b41
00cccac61
00074213b
00eae8e41
000745177
010907021
00e2e0dc1
0100fefa1
0113110c1
0007491c7
01312f2a1
00074c203
014f4d481
012927221
014745401
015957521
000750253
017775701
00075328f
0195938e1
016f6d681
018d8b861
019f9d981
0007572df
01bdbbb61
00075a31b
01dbd9d41
01b5b3ae1
01d3d1cc1
01e5e3de1
00075f37f
0007623bb
0007633cf
000ecb3eb
000ecd3ff
05f7f3045
000ed2037
000ed404b
000ed7063
000ed9077
041411045
000ede0af
000ee00c3
000ee30db
000ee50ef
04322f045
000eea127
000eec13b
000eef153
000ef1167
04504d045
000ef619f
000ef71a3
000efb1cb
000efd1df
046e6b045
000f02217
000f0422b
000f09257
000f08253
048c89045
000f0e28f
000f102a3
000f132bb
000f152cf
04aaa7045
000f1a307
000f1c31b
04c8c5045
04e6e3045
050501045
05231f045
05413d045
055f5b045
057d79045
01efede81
000c0a061
002a28241
000403fe1
0022201c1
0034322e1
00076600b
0052504c1
000769047
00706e6a1
004a48441
006866621
007a78741
00076d097
009896921
0007700d3
00b6b4b01
00908e8a1
00aeaca81
00c0beba1
000774123
00dedcd81
00077715f
00fcfaf61
00d6d4d01
00f4f2ee1
010705001
00077b1af
0125231e1
00077e1eb
0143413c1
011d1b161
013b39341
014d4b461
00078223b
016b69641
000785277
018987821
0163615c1
01817f7a1
0193918c1
00078a2db
00078d317
00078e32b
000f21347
000f2335b
05a5a1045
000f28393
000f2a3a7
000f2d3bf
000f2f3d3
05c3bf045
000f3400b
000f3601f
000f39037
000f3b04b
05e1dd045
000f40083
000f42097
000f450af
000f470c3
05fffb045
000f4c0fb
000f4d0ff
000f51127
000f5313b
041c19045
000f58173
000f5a187
000f5f1b3
000f5e1af
043a37045
000f641eb
000f661ff
000f69217
000f6b22b
045855045
000f70263
000f72277
047673045
049491045
04b2af045
04d0cd045
04eeeb045
050d09045
052b27045
019d9b961
01bbb9b41
01d9d7d21
01b3b1ac1
01d1cfca1
01e3e1dc1
000791367
0001fffa1
0007943a3
001e1c181
01f9f7f21
001614101
002826221
0007983f3
004644401
00079b02f
0064625e1
003e3c381
005c5a561
006e6c681
00079f07f
008c8a861
0007a20bb
00aaa8a41
0084827e1
00a2a09c1
00b4b2ae1
0007a610b
00d2d0cc1
0007a9147
00f0eeea1
00cac8c41
00e8e6e21
00faf8f41
0007ad197
011917121
0007b01d3
013735301
01110f0a1
012f2d281
01413f3a1
0007b5237
0007b8273
0007b9287
000f772a3
000f792b7
05534f045
000f7e2ef
000f80303
000f8331b
000f8532f
05716d045
000f8a367
000f8c37b
000f8f393
000f913a7
058f8b045
000f963df
000f983f3
000f9b00b
000f9d01f
05ada9045
000fa2057
000fa305b
000fa7083
000fa9097
05cbc7045
000fae0cf
000fb00e3
000fb510f
000fb410b
05e9e5045
000fba147
000fbc15b
000fbf173
000fc1187
040603045
000fc61bf
000fc81d3
042421045
04423f045
04605d045
047e7b045
049c99045
04bab7045
04d8d5045
014b49441
016967621
018785801
01615f5a1
017f7d781
01918f8a1
0007bc2c3
01afada81
0007bf2ff
01cdcbc61
01a7a5a01
01c5c3be1
01d7d5d01
0007c334f
01f5f3ee1
0007c638b
0012100c1
01edebe61
000a08041
001c1a161
0007ca3db
003a38341
0007cd017
005856521
0032302c1
00504e4a1
0062605c1
0007d1067
00807e7a1
0007d40a3
009e9c981
007876721
009694901
00a8a6a21
0007d80f3
00c6c4c01
0007db12f
00e4e2de1
00bebcb81
00dcdad61
00eeece81
0007e0193
0007e31cf
0007e41e3
000fcd1ff
000fcf213
0500fd045
000fd424b
000fd625f
000fd9277
000fdb28b
051f1b045
000fe02c3
000fe22d7
000fe52ef
000fe7303
053d39045
000fec33b
000fee34f
000ff1367
000ff337b
055b57045
000ff83b3
000ff93b7
000ffd3df
000fff3f3
057975045
00100402b
00100603f
00100b06b
00100a067
059793045
0010100a3
0010120b7
0010150cf
0010170e3
05b5b1045
00101c11b
00101e12f
05d3cf045
05f1ed045
040e0b045
042c29045
044a47045
046865045
048683045
00f8f6f21
011715101
0135332e1
010f0d081
012d2b261
013f3d381
0007e721f
015d5b561
0007ea25b
017b79741
0155534e1
0173716c1
0185837e1
0007ee2ab
01a3a19c1
0007f12e7
01c1bfba1
019b99941
01b9b7b21
01cbc9c41
0007f5337
01e9e7e21
0007f8373
000604001
01e1dfda1
01fffdf81
00100e0a1
0007fc3c3
002e2c281
0007ff3ff
004c4a461
002624201
0044423e1
005654501
00080304f
0074726e1
00080608b
0092908c1
006c6a661
008a88841
009c9a961
00080b0ef
00080e12b
00080f13f
00102315b
00102516f
04aeab045
00102a1a7
00102c1bb
00102f1d3
0010311e7
04ccc9045
00103621f
001038233
00103b24b
00103d25f
04eae7045
001042297
0010442ab
0010472c3
0010492d7
050905045
00104e30f
00104f313
00105333b
00105534f
052723045
00105a387
00105c39b
0010613c7
0010603c3
054541045
0010663ff
001068013
00106b02b
00106d03f
05635f045
001072077
00107408b
05817d045
059f9b045
05bdb9045
05dbd7045
05f9f5045
041613045
043431045
00a6a4a01
00c4c2be1
00e2e0dc1
00bcbab61
00dad8d41
00eceae61
00081217b
010b09041
0008151b7
012927221
010300fc1
01211f1a1
0133312c1
000819207
01514f4a1
00081c243
016f6d681
014947421
016765601
017977721
000820293
019795901
0008232cf
01b5b3ae1
018f8d881
01adaba61
01bfbdb81
00082731f
01dddbd61
00082a35b
01fbf9f41
01d5d3ce1
01f3f1ec1
000403fe1
00082e3ab
0022201c1
0008313e7
00403e3a1
001a18141
003836321
004a48441
00083604b
000839087
00083a09b
0010790b7
00107b0cb
045c59045
001080103
001082117
00108512f
001087143
047a77045
00108c17b
00108e18f
0010911a7
0010931bb
049895045
0010981f3
00109a207
00109d21f
00109f233
04b6b3045
0010a426b
0010a526f
0010a9297
0010ab2ab
04d4d1045
0010b02e3
0010b22f7
0010b7323
0010b631f
04f2ef045
0010bc35b
0010be36f
0010c1387
0010c339b
05110d045
0010c83d3
0010ca3e7
052f2b045
054d49045
056b67045
058985045
05a7a3045
05c5c1045
05e3df045
0054524e1
0072706c1
00908e8a1
006a68641
008886821
009a98941
00083d0d7
00b8b6b21
000840113
00d6d4d01
00b0aeaa1
00ceccc81
00e0deda1
000844163
00fefcf81
00084719f
011d1b161
00f6f4f01
0115130e1
012725201
00084b1ef
0145433e1
00084e22b
0163615c1
013d3b361
015b59541
016d6b661
00085227b
018b89841
0008552b7
01a9a7a21
0183817c1
01a19f9a1
01b3b1ac1
000859307
01d1cfca1
00085c343
01efede81
01c9c7c21
01e7e5e01
01f9f7f21
0008613a7
0008643e3
0008653f7
0010cf013
0010d1027
040a07045
0010d605f
0010d8073
0010db08b
0010dd09f
042825045
0010e20d7
0010e40eb
0010e7103
0010e9117
044643045
0010ee14f
0010f0163
0010f317b
0010f518f
046461045
0010fa1c7
0010fb1cb
0010ff1f3
001101207
04827f045
00110623f
001108253
00110d27f
00110c27b
04a09d045
0011122b7
0011142cb
0011172e3
0011192f7
04bebb045
00111e32f
001120343
04dcd9045
04faf7045
051915045
053733045
055551045
05736f045
05918d045
000201fc1
00201e1a1
003e3c381
001816121
003634301
004846421
000868033
006664601
00086b06f
0084827e1
005e5c581
007c7a761
008e8c881
00086f0bf
00acaaa61
0008720fb
00cac8c41
00a4a29e1
00c2c0bc1
00d4d2ce1
00087614b
00f2f0ec1
000879187
01110f0a1
00eae8e41
010907021
011b19141
00087d1d7
013937321
000880213
015755501
01312f2a1
014f4d481
01615f5a1
000884263
017f7d781
00088729f
019d9b961
017775701
0195938e1
01a7a5a01
00088c303
00088f33f
000890353
00112536f
001127383
05b9b5045
00112c3bb
00112e3cf
0011313e7
0011333fb
05d7d3045
001138033
00113a047
00113d05f
00113f073
05f5f1045
0011440ab
0011460bf
0011490d7
00114b0eb
04120f045
001150123
001151127
00115514f
001157163
04302d045
00115c19b
00115e1af
0011631db
0011621d7
044e4b045
001168213
00116a227
00116d23f
00116f253
046c69045
00117428b
00117629f
048a87045
04a8a5045
04c6c3045
04e4e1045
0502ff045
05211d045
053f3b045
01b1afaa1
01cfcdc81
01edebe61
01c7c5c01
01e5e3de1
01f7f5f01
00089338f
0014120e1
0008963cb
0032302c1
000c0a061
002a28241
003c3a361
00089a01b
005a58541
00089d057
007876721
0052504c1
00706e6a1
0082807c1
0008a10a7
00a09e9a1
0008a40e3
00bebcb81
009896921
00b6b4b01
00c8c6c21
0008a8133
00e6e4e01
0008ab16f
010502fe1
00dedcd81
00fcfaf61
010f0d081
0008af1bf
012d2b261
0008b21fb
014b49441
0125231e1
0143413c1
0155534e1
0008b725f
0008ba29b
0008bb2af
00117b2cb
00117d2df
056763045
001182317
00118432b
001187343
001189357
058581045
00118e38f
0011903a3
0011933bb
0011953cf
05a39f045
00119a007
00119c01b
00119f033
0011a1047
05c1bd045
0011a607f
0011a7083
0011ab0ab
0011ad0bf
05dfdb045
0011b20f7
0011b410b
0011b9137
0011b8133
05fdf9045
0011be16f
0011c0183
0011c319b
0011c51af
041a17045
0011ca1e7
0011cc1fb
043835045
045653045
047471045
04928f045
04b0ad045
04cecb045
04ece9045
015f5d581
017d7b761
019b99941
0175736e1
0193918c1
01a5a39e1
0008be2eb
01c3c1bc1
0008c1327
01e1dfda1
01bbb9b41
01d9d7d21
01ebe9e41
0008c5377
000806021
0008c83b3
002624201
0001fffa1
001e1c181
00302e2a1
0008cc003
004e4c481
0008cf03f
006c6a661
004644401
0064625e1
007674701
0008d308f
0094928e1
0008d60cb
00b2b0ac1
008c8a861
00aaa8a41
00bcbab61
0008da11b
00dad8d41
0008dd157
00f8f6f21
00d2d0cc1
00f0eeea1
010300fc1
0008e21bb
0008e51f7
0008e620b
0011d1227
0011d323b
051511045
0011d8273
0011da287
0011dd29f
0011df2b3
05332f045
0011e42eb
0011e62ff
0011e9317
0011eb32b
05514d045
0011f0363
0011f2377
0011f538f
0011f73a3
056f6b045
0011fc3db
0011fd3df
001201007
00120301b
058d89045
001208053
00120a067
00120f093
00120e08f
05aba7045
0012140cb
0012160df
0012190f7
00121b10b
05c9c5045
001220143
001222157
05e7e3045
040401045
04221f045
04403d045
045e5b045
047c79045
049a97045
010d0b061
012b29241
014947421
0123211c1
01413f3a1
0153514c1
0008e9247
01716f6a1
0008ec283
018f8d881
016967621
018785801
019997921
0008f02d3
01b7b5b01
0008f330f
01d5d3ce1
01afada81
01cdcbc61
01dfddd81
0008f735f
01fdfbf61
0008fa39b
001a18141
01f5f3ee1
0012100c1
0024221e1
0008fe3eb
0042403c1
000901027
00605e5a1
003a38341
005856521
006a68641
000905077
008886821
0009080b3
00a6a4a01
00807e7a1
009e9c981
00b0aeaa1
00090d117
000910153
000911167
001227183
001229197
04c2bf045
00122e1cf
0012301e3
0012331fb
00123520f
04e0dd045
00123a247
00123c25b
00123f273
001241287
04fefb045
0012462bf
0012482d3
00124b2eb
00124d2ff
051d19045
001252337
00125333b
001257363
001259377
053b37045
00125e3af
0012603c3
0012653ef
0012643eb
055955045
00126a027
00126c03b
00126f053
001271067
057773045
00127609f
0012780b3
059591045
05b3af045
05d1cd045
05efeb045
040c09045
042a27045
044845045
00bab8b41
00d8d6d21
00f6f4f01
00d0ceca1
00eeece81
0100fefa1
0009141a3
011f1d181
0009171df
013d3b361
011715101
0135332e1
014745401
00091b22f
0165635e1
00091e26b
0183817c1
015d5b561
017b79741
018d8b861
0009222bb
01aba9a41
0009252f7
01c9c7c21
01a3a19c1
01c1bfba1
01d3d1cc1
000929347
01f1efea1
00092c383
000e0c081
01e9e7e21
000604001
001816121
0009303d3
003634301
00093300f
0054524e1
002e2c281
004c4a461
005e5c581
000938073
00093b0af
00093c0c3
00127d0df
00127f0f3
04706d045
00128412b
00128613f
001289157
00128b16b
048e8b045
0012901a3
0012921b7
0012951cf
0012971e3
04aca9045
00129c21b
00129e22f
0012a1247
0012a325b
04cac7045
0012a8293
0012a9297
0012ad2bf
0012af2d3
04e8e5045
0012b430b
0012b631f
0012bb34b
0012ba347
050703045
0012c0383
0012c2397
0012c53af
0012c73c3
052521045
0012cc3fb
0012ce00f
05433f045
05615d045
057f7b045
059d99045
05bbb7045
05d9d5045
05f7f3045
006866621
008684801
00a4a29e1
007e7c781
009c9a961
00aeaca81
00093f0ff
00cccac61
00094213b
00eae8e41
00c4c2be1
00e2e0dc1
00f4f2ee1
00094618b
0113110c1
0009491c7
01312f2a1
010b09041
012927221
013b39341
00094d217
015957521
000950253
017775701
01514f4a1
016f6d681
01817f7a1
0009542a3
019f9d981
0009572df
01bdbbb61
019795901
01b5b3ae1
01c7c5c01
00095b32f
01e5e3de1
00095e36b
000201fc1
01dddbd61
01fbf9f41
000c0a061
0009633cf
00096600b
00096701f
0012d303b
0012d504f
041e1b045
0012da087
0012dc09b
0012df0b3
0012e10c7
043c39045
0012e60ff
0012e8113
0012eb12b
0012ed13f
045a57045
0012f2177
0012f418b
0012f71a3
0012f91b7
047875045
0012fe1ef
0012ff1f3
00130321b
00130522f
049693045
00130a267
00130c27b
0013112a7
0013102a3
04b4b1045
0013162df
0013182f3
00131b30b
00131d31f
04d2cf045
001322357
00132436b
04f0ed045
050f0b045
052d29045
054b47045
056965045
058783045
05a5a1045
001614101
0034322e1
0052504c1
002c2a261
004a48441
005c5a561
00096a05b
007a78741
00096d097
009896921
0072706c1
00908e8a1
00a2a09c1
0009710e7
00c0beba1
000974123
00dedcd81
00b8b6b21
00d6d4d01
00e8e6e21
000978173
010705001
00097b1af
0125231e1
00fefcf81
011d1b161
012f2d281
00097f1ff
014d4b461
00098223b
016b69641
0145433e1
0163615c1
0175736e1
00098628b
0193918c1
0009892c7
01b1afaa1
018b89841
01a9a7a21
01bbb9b41
00098e32b
000991367
00099237b
001329397
00132b3ab
05cdc9045
0013303e3
0013323f7
00133500f
001337023
05ebe7045
00133c05b
00133e06f
001341087
00134309b
040805045
0013480d3
00134a0e7
00134d0ff
00134f113
042623045
00135414b
00135514f
001359177
00135b18b
044441045
0013601c3
0013621d7
001367203
0013661ff
04625f045
00136c23b
00136e24f
001371267
00137327b
04807d045
0013782b3
00137a2c7
049e9b045
04bcb9045
04dad7045
04f8f5045
051713045
053531045
05534f045
01c5c3be1
01e3e1dc1
0001fffa1
01dbd9d41
01f9f7f21
000a08041
0009953b7
002826221
0009983f3
004644401
00201e1a1
003e3c381
00504e4a1
00099c043
006e6c681
00099f07f
008c8a861
006664601
0084827e1
009694901
0009a30cf
00b4b2ae1
0009a610b
00d2d0cc1
00acaaa61
00cac8c41
00dcdad61
0009aa15b
00faf8f41
0009ad197
011917121
00f2f0ec1
01110f0a1
0123211c1
0009b11e7
01413f3a1
0009b4223
015f5d581
013937321
015755501
016967621
0009b9287
0009bc2c3
0009bd2d7
00137f2f3
001381307
057b77045
00138633f
001388353
00138b36b
00138d37f
059995045
0013923b7
0013943cb
0013973e3
0013993f7
05b7b3045
00139e02f
0013a0043
0013a305b
0013a506f
05d5d1045
0013aa0a7
0013ab0ab
0013af0d3
0013b10e7
05f3ef045
0013b611f
0013b8133
0013bd15f
0013bc15b
04100d045
0013c2197
0013c41ab
0013c71c3
0013c91d7
042e2b045
0013ce20f
0013d0223
044c49045
046a67045
048885045
04a6a3045
04c4c1045
04e2df045
0500fd045
0173716c1
01918f8a1
01afada81
018987821
01a7a5a01
01b9b7b21
0009c0313
01d7d5d01
0009c334f
01f5f3ee1
01cfcdc81
01edebe61
01fffdf81
0009c739f
001c1a161
0009ca3db
003a38341
0014120e1
0032302c1
0044423e1
0009ce02b
0062605c1
0009d1067
00807e7a1
005a58541
007876721
008a88841
0009d50b7
00a8a6a21
0009d80f3
00c6c4c01
00a09e9a1
00bebcb81
00d0ceca1
0009dc143
00eeece81
0009df17f
010d0b061
00e6e4e01
010502fe1
011715101
0009e41e3
0009e721f
0009e8233
0013d524f
0013d7263
052925045
0013dc29b
0013de2af
0013e12c7
0013e32db
054743045
0013e8313
0013ea327
0013ed33f
0013ef353
056561045
0013f438b
0013f639f
0013f93b7
0013fb3cb
05837f045
001400003
001401007
00140502f
001407043
05a19d045
00140c07b
00140e08f
0014130bb
0014120b7
05bfbb045
0014180f3
00141a107
00141d11f
00141f133
05ddd9045
00142416b
00142617f
05fbf7045
041815045
043633045
045451045
04726f045
04908d045
04aeab045
01211f1a1
013f3d381
015d5b561
013735301
0155534e1
016765601
0009eb26f
0185837e1
0009ee2ab
01a3a19c1
017d7b761
019b99941
01adaba61
0009f22fb
01cbc9c41
0009f5337
01e9e7e21
01c3c1bc1
01e1dfda1
01f3f1ec1
0009f9387
00100e0a1
0009fc3c3
002e2c281
000806021
002624201
003836321
000a00013
005654501
000a0304f
0074726e1
004e4c481
006c6a661
007e7c781
000a0709f
009c9a961
000a0a0db
00bab8b41
0094928e1
00b2b0ac1
00c4c2be1
000a0f13f
000a1217b
000a1318f
00142b1ab
00142d1bf
04d6d3045
0014321f7
00143420b
001437223
001439237
04f4f1045
00143e26f
001440283
00144329b
0014452af
05130f045
00144a2e7
00144c2fb
00144f313
001451327
05312d045
00145635f
001457363
00145b38b
00145d39f
054f4b045
0014623d7
0014643eb
001469017
001468013
056d69045
00146e04f
001470063
00147307b
00147508f
058b87045
00147a0c7
00147c0db
05a9a5045
05c7c3045
05e5e1045
0403ff045
04201d045
043e3b045
045c59045
00ceccc81
00eceae61
010b09041
00e4e2de1
010300fc1
0115130e1
000a161cb
0133312c1
000a19207
01514f4a1
012b29241
014947421
015b59541
000a1d257
017977721
000a20293
019795901
01716f6a1
018f8d881
01a19f9a1
000a242e3
01bfbdb81
000a2731f
01dddbd61
01b7b5b01
01d5d3ce1
01e7e5e01
000a2b36f
000403fe1
000a2e3ab
0022201c1
01fdfbf61
001a18141
002c2a261
000a323fb
004a48441
000a35037
006866621
0042403c1
00605e5a1
0072706c1
000a3a09b
000a3d0d7
000a3e0eb
001481107
00148311b
048481045
001488153
00148a167
00148d17f
00148f193
04a29f045
0014941cb
0014961df
0014991f7
00149b20b
04c0bd045
0014a0243
0014a2257
0014a526f
0014a7283
04dedb045
0014ac2bb
0014ad2bf
0014b12e7
0014b32fb
04fcf9045
0014b8333
0014ba347
0014bf373
0014be36f
051b17045
0014c43ab
0014c63bf
0014c93d7
0014cb3eb
053935045
0014d0023
0014d2037
055753045
057571045
05938f045
05b1ad045
05cfcb045
05ede9045
040a07045
007c7a761
009a98941
00b8b6b21
0092908c1
00b0aeaa1
00c2c0bc1
000a41127
00e0deda1
000a44163
00fefcf81
00d8d6d21
00f6f4f01
010907021
000a481b3
012725201
000a4b1ef
0145433e1
011f1d181
013d3b361
014f4d481
000a4f23f
016d6b661
000a5227b
018b89841
0165635e1
0183817c1
0195938e1
000a562cb
01b3b1ac1
000a59307
01d1cfca1
01aba9a41
01c9c7c21
01dbd9d41
000a5d357
01f9f7f21
000a60393
001614101
01f1efea1
000e0c081
00201e1a1
000a653f7
000a68033
000a69047
0014d7063
0014d9077
04322f045
0014de0af
0014e00c3
0014e30db
0014e50ef
04504d045
0014ea127
0014ec13b
0014ef153
0014f1167
046e6b045
0014f619f
0014f81b3
0014fb1cb
0014fd1df
048c89045
001502217
00150321b
001507243
001509257
04aaa7045
00150e28f
0015102a3
0015152cf
0015142cb
04c8c5045
00151a307
00151c31b
00151f333
001521347
04e6e3045
00152637f
001528393
050501045
05231f045
05413d045
055f5b045
057d79045
059b97045
05b9b5045
002a28241
004846421
006664601
00403e3a1
005e5c581
00706e6a1
000a6c083
008e8c881
000a6f0bf
00acaaa61
008684801
00a4a29e1
00b6b4b01
000a7310f
00d4d2ce1
000a7614b
00f2f0ec1
00cccac61
00eae8e41
00fcfaf61
000a7a19b
011b19141
000a7d1d7
013937321
0113110c1
01312f2a1
0143413c1
000a81227
01615f5a1
000a84263
017f7d781
015957521
017775701
018987821
000a882b3
01a7a5a01
000a8b2ef
01c5c3be1
019f9d981
01bdbbb61
01cfcdc81
000a90353
000a9338f
000a943a3
00152d3bf
00152f3d3
05e1dd045
00153400b
00153601f
001539037
00153b04b
05fffb045
001540083
001542097
0015450af
0015470c3
041c19045
00154c0fb
00154e10f
001551127
00155313b
043a37045
001558173
001559177
00155d19f
00155f1b3
045855045
0015641eb
0015661ff
00156b22b
00156a227
047673045
001570263
001572277
00157528f
0015772a3
049491045
00157c2db
00157e2ef
04b2af045
04d0cd045
04eeeb045
050d09045
052b27045
054945045
056763045
01d9d7d21
01f7f5f01
0014120e1
01efede81
000c0a061
001e1c181
000a973df
003c3a361
000a9a01b
005a58541
0034322e1
0052504c1
0064625e1
000a9e06b
0082807c1
000aa10a7
00a09e9a1
007a78741
009896921
00aaa8a41
000aa50f7
00c8c6c21
000aa8133
00e6e4e01
00c0beba1
00dedcd81
00f0eeea1
000aac183
010f0d081
000aaf1bf
012d2b261
010705001
0125231e1
013735301
000ab320f
0155534e1
000ab624b
0173716c1
014d4b461
016b69641
017d7b761
000abb2af
000abe2eb
