000001007
000004013
00000701f
00000a02b
00000d037
000010043
00001305b
02260024e
000016073
02320030e
00001908b
02000022d
00001c0a3
0206002ed
00001f0bb
020c003ad
000022153
02460044e
00002516b
02520050e
00200200b
00002918b
00002a193
0214004ad
0216004ed
00002e1b3
025a0058e
00302220b
000032253
02aa00a8e
00260e0cb
000036273
00003727b
024800a2d
024a00a6d
002c1a18b
00322624b
00003d2ab
02ba00b8e
02c200c0e
02ca00c8e
002e1e1cb
00684a48b
006a4e4cb
025e00ced
02d600d4e
00786a68b
006c5250b
026000d2d
026400dad
02900122d
0294012ad
007a6e6cb
033a0138e
007c7270b
0296012ed
00766664b
029c013ad
02a00142d
0440083e2
03520150e
035e015ce
004240002
02a80152d
00b69e9cb
02ae015ed
00c2b6b4b
00bcaaa8b
04440a431
00c6bebcb
00cac6c4b
04ce0cccf
046c462c1
047446341
04d008ce2
008e8c003
00760a741
007a0c781
0000020d7
048446441
048c464c1
0000060f7
008210801
008e168c1
00961a941
00000910f
00000a117
04e48ea41
04ec8eac1
009a1c981
00e200e01
00ee06ec1
000040343
04f48eb41
04f88eb81
04fc8ebc1
05008ec01
05048ec41
000048383
00004737b
00fa0cf81
00004c3a3
00004d3ab
010a15081
05108ed01
0000171ff
000018207
0560d7201
011219101
011a1d181
016603641
00001d22f
0570d7301
0574d7341
000052093
00005309b
0000540a3
016e076c1
0000570bb
0000590cb
017e0f7c1
018211801
00005d0eb
0000242e7
0000252ef
0590d7501
0598d7581
018613841
019219901
00002930f
019e1f9c1
03aa01a8e
00002d32f
03b601b4e
00002f33f
02da01a6d
00006319b
02e001b2d
0000661b3
02e401bad
0000691cb
03ca01c8e
00006c1e3
02e601bed
03d601d4e
00fadedcb
00fce2e0b
03da01d8e
0108faf8b
024a0048e
02f401dad
02f601ded
03220046d
0326004ed
03280052d
02620060e
01110b08b
0106f6f4b
01412320b
01432724b
02720070e
02760074e
01514340b
02c600c4e
02ca00c8e
033c007ad
036800c2d
02ce00cce
01534744b
02da00d8e
036e00ced
014d3b38b
037200d6d
01595350b
037800e2d
051809162
02f200f0e
018b6f6cb
011b18002
038000f2d
018f7774b
038600fed
019b8f8cb
01958380b
051c0b1b1
019f9794b
01a39f9cb
05a60da4f
05ed1fac1
05f51fb41
05a809a62
016764003
01f60bf41
01fa0df81
0000323d7
04251fc41
042d1fcc1
0000363f7
002210201
002e162c1
00361a341
00003904f
00003a057
048566441
048d664c1
003a1c381
008200801
008e068c1
000070283
049566541
049966581
049d665c1
04a166601
04a566641
0000782c3
0000772bb
009a0c981
00007c2e3
00007d2eb
00aa14a81
04b166701
00004713f
000048147
0501aec01
00b218b01
00ba1cb81
010603041
00004d16f
0511aed01
0515aed41
000082393
00008339b
0000843a3
010e070c1
0000873bb
0000893cb
011e0f1c1
012211201
00008d3eb
000054227
00005522f
0531aef01
0539aef81
012613241
013219301
00005924f
013e1f3c1
034a0148e
00005d26f
03560154e
00005f27f
03b20146d
0000930db
03b80152d
0000960f3
03bc015ad
00009910b
036a0168e
00009c123
03be015ed
03760174e
01d3b7b4b
01d5bbb8b
037a0178e
01e1d3d0b
03ca01c8e
03cc017ad
03ce017ed
03fa01c6d
03fe01ced
020001d2d
03e201e0e
01e9e3e0b
01dfcfccb
0019fbf8b
001bfffcb
03f201f0e
03f601f4e
00281a18b
02660064e
026a0068e
021401fad
02400062d
026e006ce
002a1e1cb
027a0078e
0246006ed
00241210b
024a0076d
00302a28b
02500082d
05f009ee2
02920090e
00624644b
01f3f0002
02580092d
00664e4cb
025e009ed
00726664b
006c5a58b
05f40bf31
00766e6cb
007a7674b
047e0c7cf
058df74c1
0595f7541
0480087e2
003e3c003
01960b941
019a0d981
000062317
05a5f7641
05adf76c1
000066337
01a211a01
01ae17ac1
01b61bb41
00006934f
00006a357
04243fc41
042c3fcc1
01ba1db81
002200201
002e062c1
0000a01c3
04343fd41
04383fd81
043c3fdc1
04403fe01
04443fe41
0000a8203
0000a71fb
003a0c381
0000ac223
0000ad22b
004a14481
04503ff01
00007707f
000078087
04a086601
005218501
005a1c581
00a602a41
00007d0af
04b086701
04b486741
0000b22d3
0000b32db
0000b42e3
00ae06ac1
0000b72fb
0000b930b
00be0ebc1
00c210c01
0000bd32b
000084167
00008516f
04d086901
04d886981
00c612c41
00d218d01
00008918f
00de1edc1
02ea00e8e
00008d1af
02f600f4e
00008f1bf
028a00e6d
0000c33db
029000f2d
0000c63f3
029400fad
0000c904b
030a0108e
0000cc063
029600fed
03160114e
00aa8e8cb
00ac9290b
031a0118e
00b8aaa8b
036a0168e
02a4011ad
02a6011ed
02d20166d
02d6016ed
02d80172d
03820180e
00c0bab8b
00b6a6a4b
00f0d2d0b
00f2d6d4b
03920190e
03960194e
0100f2f0b
03e601e4e
03ea01e8e
02ec019ad
031801e2d
03ee01ece
0102f6f4b
03fa01f8e
031e01eed
00fceae8b
032201f6d
01090300b
03280022d
04c808c62
02320030e
013b1f1cb
00cac8002
03300032d
013f2724b
0336003ed
014b3f3cb
01453330b
04cc0acb1
014f4744b
01534f4cb
05560d54f
052cceec1
0534cef41
055809562
011714003
01360b341
013a0d381
000092257
0544cf041
054ccf0c1
000096277
014211401
014e174c1
01561b541
00009928f
00009a297
05a517641
05ad176c1
015a1d581
01a201a01
01ae07ac1
0000d0103
05b517741
05b917781
05bd177c1
05c117801
05c517841
0000d8143
0000d713b
01ba0db81
0000dc163
0000dd16b
01ca15c81
05d117901
0000a737f
0000a8387
04415fe01
01d219d01
01da1dd81
004602441
0000ad3af
04515ff01
04555ff41
0000e2213
0000e321b
0000e4223
004e064c1
0000e723b
0000e924b
005e0e5c1
006210601
0000ed26b
0000b40a7
0000b50af
04715e301
04795e381
006612641
007218701
0000b90cf
007e1e7c1
028a0088e
0000bd0ef
02960094e
0000bf0ff
03620086d
0000f331b
03680092d
0000f6333
036c009ad
0000f934b
02aa00a8e
0000fc363
036e009ed
02b600b4e
01836764b
01856b68b
02ba00b8e
01918380b
030a0108e
037c00bad
037e00bed
03aa0106d
03ae010ed
03b00112d
03220120e
01999390b
018f7f7cb
01c9aba8b
01cbafacb
03320130e
03360134e
01d9cbc8b
03860184e
038a0188e
03c4013ad
03f00182d
038e018ce
01dbcfccb
039a0198e
03f6018ed
01d5c3c0b
03fa0196d
01e1dbd8b
020001a2d
05a0099e2
03b201b0e
0013f7f4b
01a3a0002
020801b2d
0017fffcb
020e01bed
00221614b
001c0a08b
05a40ba31
00261e1cb
002a2624b
042e0c2cf
04cda68c1
04d5a6941
0430082e2
01efec003
00d60ad41
00da0cd81
0000c2197
04e5a6a41
04eda6ac1
0000c61b7
00e210e01
00ee16ec1
00f61af41
0000c91cf
0000ca1d7
0545ef041
054def0c1
00fa1cf81
014201401
014e074c1
000100043
0555ef141
0559ef181
055def1c1
0561ef201
0565ef241
000108083
00010707b
015a0d581
00010c0a3
00010d0ab
016a15681
0571ef301
0000d72bf
0000d82c7
05c037801
017219701
017a1d781
01c603c41
0000dd2ef
05d037901
05d437941
000112153
00011315b
000114163
01ce07cc1
00011717b
00011918b
01de0fdc1
01e211e01
00011d1ab
0000e43a7
0000e53af
05f037b01
05f837b81
01e613e41
01f219f01
0000e93cf
01fe1ffc1
022a0028e
0000ed3ef
02360034e
0000ef3ff
023a0026d
00012325b
02400032d
000126273
0244003ad
00012928b
024a0048e
00012c2a3
0246003ed
02560054e
005a3e3cb
005c4240b
025a0058e
00685a58b
02aa00a8e
0254005ad
0256005ed
028200a6d
028600aed
028800b2d
02c200c0e
00706a68b
00665654b
00a08280b
00a28684b
02d200d0e
02d600d4e
00b0a2a0b
03260124e
032a0128e
029c00dad
02c80122d
032e012ce
00b2a6a4b
033a0138e
02ce012ed
00ac9a98b
02d20136d
00b8b2b0b
02d80142d
047808762
03520150e
00eaceccb
007a78002
02e00152d
00eed6d4b
02e6015ed
00faeeecb
00f4e2e0b
047c0a7b1
00fef6f4b
0102fefcb
05060d04f
046c7e2c1
04747e341
050809062
00c6c4003
00760a741
007a0c781
0000f20d7
04847e441
048c7e4c1
0000f60f7
008210801
008e168c1
00961a941
0000f910f
0000fa117
04e4c6a41
04ecc6ac1
009a1c981
00e200e01
00ee06ec1
000130343
04f4c6b41
04f8c6b81
04fcc6bc1
0500c6c01
0504c6c41
000138383
00013737b
00fa0cf81
00013c3a3
00013d3ab
010a15081
0510c6d01
0001071ff
000108207
05610f201
011219101
011a1d181
016603641
00010d22f
05710f301
05750f341
000142093
00014309b
0001440a3
016e076c1
0001470bb
0001490cb
017e0f7c1
018211801
00014d0eb
0001142e7
0001152ef
05910f501
05990f581
018613841
019219901
00011930f
019e1f9c1
03aa01a8e
00011d32f
03b601b4e
00011f33f
031201a6d
00015319b
031801b2d
0001561b3
031c01bad
0001591cb
03ca01c8e
00015c1e3
031e01bed
03d601d4e
01331714b
01351b18b
03da01d8e
01413330b
024a0048e
032c01dad
032e01ded
035a0046d
035e004ed
03600052d
02620060e
01494340b
013f2f2cb
01795b58b
017b5f5cb
02720070e
02760074e
01897b78b
02c600c4e
02ca00c8e
0374007ad
03a000c2d
02ce00cce
018b7f7cb
02da00d8e
03a600ced
01857370b
03aa00d6d
01918b88b
03b000e2d
0550094e2
02f200f0e
01c3a7a4b
015350002
03b800f2d
01c7afacb
03be00fed
01d3c7c4b
01cdbbb8b
05540b531
01d7cfccb
01dbd7d4b
05de0ddcf
05ed57ac1
05f557b41
05e009de2
019f9c003
01f60bf41
01fa0df81
0001223d7
042557c41
042d57cc1
0001263f7
002210201
002e162c1
00361a341
00012904f
00012a057
04859e441
048d9e4c1
003a1c381
008200801
008e068c1
000160283
04959e541
04999e581
049d9e5c1
04a19e601
04a59e641
0001682c3
0001672bb
009a0c981
00016c2e3
00016d2eb
00aa14a81
04b19e701
00013713f
000138147
0501e6c01
00b218b01
00ba1cb81
010603041
00013d16f
0511e6d01
0515e6d41
000172393
00017339b
0001743a3
010e070c1
0001773bb
0001793cb
011e0f1c1
012211201
00017d3eb
000144227
00014522f
0531e6f01
0539e6f81
012613241
013219301
00014924f
013e1f3c1
034a0148e
00014d26f
03560154e
00014f27f
03ea0146d
0001830db
03f00152d
0001860f3
03f4015ad
00018910b
036a0168e
00018c123
03f6015ed
03760174e
000befecb
000df3f0b
037a0178e
00180a08b
03ca01c8e
0204017ad
0206017ed
023201c6d
023601ced
023801d2d
03e201e0e
00201a18b
00160604b
00503230b
00523634b
03f201f0e
03f601f4e
00605250b
02660064e
026a0068e
024c01fad
02780062d
026e006ce
00625654b
027a0078e
027e006ed
005c4a48b
02820076d
00686260b
02880082d
042808262
02920090e
009a7e7cb
002a28002
02900092d
009e8684b
0296009ed
00aa9e9cb
00a49290b
042c0a2b1
00aea6a4b
00b2aeacb
04b60cb4f
058c2f4c1
05942f541
04b808b62
007674003
01960b941
019a0d981
000152317
05a42f641
05ac2f6c1
000156337
01a211a01
01ae17ac1
01b61bb41
00015934f
00015a357
042477c41
042c77cc1
01ba1db81
002200201
002e062c1
0001901c3
043477d41
043877d81
043c77dc1
044077e01
044477e41
000198203
0001971fb
003a0c381
00019c223
00019d22b
004a14481
045077f01
00016707f
000168087
04a0be601
005218501
005a1c581
00a602a41
00016d0af
04b0be701
04b4be741
0001a22d3
0001a32db
0001a42e3
00ae06ac1
0001a72fb
0001a930b
00be0ebc1
00c210c01
0001ad32b
000174167
00017516f
04d0be901
04d8be981
00c612c41
00d218d01
00017918f
00de1edc1
02ea00e8e
00017d1af
02f600f4e
00017f1bf
02c200e6d
0001b33db
02c800f2d
0001b63f3
02cc00fad
0001b904b
030a0108e
0001bc063
02ce00fed
03160114e
00e2c6c4b
00e4cac8b
031a0118e
00f0e2e0b
036a0168e
02dc011ad
02de011ed
030a0166d
030e016ed
03100172d
03820180e
00f8f2f0b
00eededcb
01290b08b
012b0f0cb
03920190e
03960194e
01392b28b
03e601e4e
03ea01e8e
0324019ad
035001e2d
03ee01ece
013b2f2cb
03fa01f8e
035601eed
01352320b
035a01f6d
01413b38b
03600022d
050008fe2
02320030e
01735754b
010300002
03680032d
01775f5cb
036e003ed
01837774b
017d6b68b
05040b031
01877f7cb
018b8784b
058e0d8cf
052d06ec1
053506f41
0590098e2
014f4c003
01360b341
013a0d381
000182257
054507041
054d070c1
000186277
014211401
014e174c1
01561b541
00018928f
00018a297
05a54f641
05ad4f6c1
015a1d581
01a201a01
01ae07ac1
0001c0103
05b54f741
05b94f781
05bd4f7c1
05c14f801
05c54f841
0001c8143
0001c713b
01ba0db81
0001cc163
0001cd16b
01ca15c81
05d14f901
00019737f
000198387
044197e01
01d219d01
01da1dd81
004602441
00019d3af
045197f01
045597f41
0001d2213
0001d321b
0001d4223
004e064c1
0001d723b
0001d924b
005e0e5c1
006210601
0001dd26b
0001a40a7
0001a50af
047196301
047996381
006612641
007218701
0001a90cf
007e1e7c1
028a0088e
0001ad0ef
02960094e
0001af0ff
039a0086d
0001e331b
03a00092d
0001e6333
03a4009ad
0001e934b
02aa00a8e
0001ec363
03a6009ed
02b600b4e
01bb9f9cb
01bda3a0b
02ba00b8e
01c9bbb8b
030a0108e
03b400bad
03b600bed
03e20106d
03e6010ed
03e80112d
03220120e
01d1cbc8b
01c7b7b4b
0001e3e0b
0003e7e4b
03320130e
03360134e
00100200b
03860184e
038a0188e
03fc013ad
02280182d
038e018ce
00120604b
039a0198e
022e018ed
000dfbf8b
02320196d
00181210b
023801a2d
05d809d62
03b201b0e
004a2e2cb
01dbd8002
024001b2d
004e3634b
024601bed
005a4e4cb
00544240b
05dc0bdb1
005e5654b
00625e5cb
04660c64f
04cdde8c1
04d5de941
046808662
002624003
00d60ad41
00da0cd81
0001b2197
04e5dea41
04eddeac1
0001b61b7
00e210e01
00ee16ec1
00f61af41
0001b91cf
0001ba1d7
054427041
054c270c1
00fa1cf81
014201401
014e074c1
0001f0043
055427141
055827181
055c271c1
056027201
056427241
0001f8083
0001f707b
015a0d581
0001fc0a3
0001fd0ab
016a15681
057027301
0001c72bf
0001c82c7
05c06f801
017219701
017a1d781
01c603c41
0001cd2ef
05d06f901
05d46f941
000202153
00020315b
000204163
01ce07cc1
00020717b
00020918b
01de0fdc1
01e211e01
00020d1ab
0001d43a7
0001d53af
05f06fb01
05f86fb81
01e613e41
01f219f01
0001d93cf
01fe1ffc1
022a0028e
0001dd3ef
02360034e
0001df3ff
02720026d
00021325b
02780032d
000216273
027c003ad
00021928b
024a0048e
00021c2a3
027e003ed
02560054e
00927674b
00947a78b
025a0058e
00a09290b
02aa00a8e
028c005ad
028e005ed
02ba00a6d
02be00aed
02c000b2d
02c200c0e
00a8a2a0b
009e8e8cb
00d8bab8b
00dabebcb
02d200d0e
02d600d4e
00e8dad8b
03260124e
032a0128e
02d400dad
03000122d
032e012ce
00eadedcb
033a0138e
0306012ed
00e4d2d0b
030a0136d
00f0eae8b
03100142d
04b008ae2
03520150e
01230704b
00b2b0002
03180152d
01270f0cb
031e015ed
01332724b
012d1b18b
04b40ab31
01372f2cb
013b3734b
053e0d3cf
046cb62c1
0474b6341
0540093e2
00fefc003
00760a741
007a0c781
0001e20d7
0484b6441
048cb64c1
0001e60f7
008210801
008e168c1
00961a941
0001e910f
0001ea117
04e4fea41
04ecfeac1
009a1c981
00e200e01
00ee06ec1
000220343
04f4feb41
04f8feb81
04fcfebc1
0500fec01
0504fec41
000228383
00022737b
00fa0cf81
00022c3a3
00022d3ab
010a15081
0510fed01
0001f71ff
0001f8207
056147201
011219101
011a1d181
016603641
0001fd22f
057147301
057547341
000232093
00023309b
0002340a3
016e076c1
0002370bb
0002390cb
017e0f7c1
018211801
00023d0eb
0002042e7
0002052ef
059147501
059947581
018613841
019219901
00020930f
019e1f9c1
03aa01a8e
00020d32f
03b601b4e
00020f33f
034a01a6d
00024319b
035001b2d
0002461b3
035401bad
0002491cb
03ca01c8e
00024c1e3
035601bed
03d601d4e
016b4f4cb
016d5350b
03da01d8e
01796b68b
024a0048e
036401dad
036601ded
03920046d
0396004ed
03980052d
02620060e
01817b78b
01776764b
01b19390b
01b39794b
02720070e
02760074e
01c1b3b0b
02c600c4e
02ca00c8e
03ac007ad
03d800c2d
02ce00cce
01c3b7b4b
02da00d8e
03de00ced
01bdaba8b
03e200d6d
01c9c3c0b
03e800e2d
058809862
02f200f0e
01fbdfdcb
018b88002
03f000f2d
01ffe7e4b
03f600fed
000bfffcb
0005f3f0b
058c0b8b1
000e0604b
00120e0cb
04160c14f
05ed8fac1
05f58fb41
041808162
01d7d4003
01f60bf41
01fa0df81
0002123d7
04258fc41
042d8fcc1
0002163f7
002210201
002e162c1
00361a341
00021904f
00021a057
0485d6441
048dd64c1
003a1c381
008200801
008e068c1
000250283
0495d6541
0499d6581
049dd65c1
04a1d6601
04a5d6641
0002582c3
0002572bb
009a0c981
00025c2e3
00025d2eb
00aa14a81
04b1d6701
00022713f
000228147
05001ec01
00b218b01
00ba1cb81
010603041
00022d16f
05101ed01
05141ed41
000262393
00026339b
0002643a3
010e070c1
0002673bb
0002693cb
011e0f1c1
012211201
00026d3eb
000234227
00023522f
05301ef01
05381ef81
012613241
013219301
00023924f
013e1f3c1
034a0148e
00023d26f
03560154e
00023f27f
02220146d
0002730db
02280152d
0002760f3
022c015ad
00027910b
036a0168e
00027c123
022e015ed
03760174e
00422624b
00442a28b
037a0178e
00504240b
03ca01c8e
023c017ad
023e017ed
026a01c6d
026e01ced
027001d2d
03e201e0e
00585250b
004e3e3cb
00886a68b
008a6e6cb
03f201f0e
03f601f4e
00988a88b
02660064e
026a0068e
028401fad
02b00062d
026e006ce
009a8e8cb
027a0078e
02b6006ed
00948280b
02ba0076d
00a09a98b
02c00082d
0460085e2
02920090e
00d2b6b4b
006260002
02c80092d
00d6bebcb
02ce009ed
00e2d6d4b
00dccac8b
04640a631
00e6dedcb
00eae6e4b
04ee0cecf
058c674c1
059467541
04f008ee2
00aeac003
01960b941
019a0d981
000242317
05a467641
05ac676c1
000246337
01a211a01
01ae17ac1
01b61bb41
00024934f
00024a357
0424afc41
042cafcc1
01ba1db81
002200201
002e062c1
0002801c3
0434afd41
0438afd81
043cafdc1
0440afe01
0444afe41
000288203
0002871fb
003a0c381
00028c223
00028d22b
004a14481
0450aff01
00025707f
000258087
04a0f6601
005218501
005a1c581
00a602a41
00025d0af
04b0f6701
04b4f6741
0002922d3
0002932db
0002942e3
00ae06ac1
0002972fb
00029930b
00be0ebc1
00c210c01
00029d32b
000264167
00026516f
04d0f6901
04d8f6981
00c612c41
00d218d01
00026918f
00de1edc1
02ea00e8e
00026d1af
02f600f4e
00026f1bf
02fa00e6d
0002a33db
030000f2d
0002a63f3
030400fad
0002a904b
030a0108e
0002ac063
030600fed
03160114e
011afefcb
011d0300b
031a0118e
01291b18b
036a0168e
0314011ad
0316011ed
03420166d
0346016ed
03480172d
03820180e
01312b28b
01271714b
01614340b
01634744b
03920190e
03960194e
01716360b
03e601e4e
03ea01e8e
035c019ad
038801e2d
03ee01ece
01736764b
03fa01f8e
038e01eed
016d5b58b
039201f6d
01797370b
03980022d
053809362
02320030e
01ab8f8cb
013b38002
03a00032d
01af9794b
03a6003ed
01bbafacb
01b5a3a0b
053c0b3b1
01bfb7b4b
01c3bfbcb
05c60dc4f
052d3eec1
05353ef41
05c809c62
018784003
01360b341
013a0d381
000272257
05453f041
054d3f0c1
000276277
014211401
014e174c1
01561b541
00027928f
00027a297
05a587641
05ad876c1
015a1d581
01a201a01
01ae07ac1
0002b0103
05b587741
05b987781
05bd877c1
05c187801
05c587841
0002b8143
0002b713b
01ba0db81
0002bc163
0002bd16b
01ca15c81
05d187901
00028737f
000288387
0441cfe01
01d219d01
01da1dd81
004602441
00028d3af
0451cff01
0455cff41
0002c2213
0002c321b
0002c4223
004e064c1
0002c723b
0002c924b
005e0e5c1
006210601
0002cd26b
0002940a7
0002950af
0471ce301
0479ce381
006612641
007218701
0002990cf
007e1e7c1
028a0088e
00029d0ef
02960094e
00029f0ff
03d20086d
0002d331b
03d80092d
0002d6333
03dc009ad
0002d934b
02aa00a8e
0002dc363
03de009ed
02b600b4e
01f3d7d4b
01f5dbd8b
02ba00b8e
0001f3f0b
030a0108e
03ec00bad
03ee00bed
021a0106d
021e010ed
02200112d
03220120e
00080200b
01ffefecb
00381a18b
003a1e1cb
03320130e
03360134e
00483a38b
03860184e
038a0188e
0234013ad
02600182d
038e018ce
004a3e3cb
039a0198e
0266018ed
00443230b
026a0196d
00504a48b
027001a2d
0410080e2
03b201b0e
00826664b
001210002
027801b2d
00866e6cb
027e01bed
00928684b
008c7a78b
04140a131
00968e8cb
009a9694b
049e0c9cf
04cc168c1
04d416941
04a0089e2
005e5c003
00d60ad41
00da0cd81
0002a2197
04e416a41
04ec16ac1
0002a61b7
00e210e01
00ee16ec1
00f61af41
0002a91cf
0002aa1d7
05445f041
054c5f0c1
00fa1cf81
014201401
014e074c1
0002e0043
05545f141
05585f181
055c5f1c1
05605f201
05645f241
0002e8083
0002e707b
015a0d581
0002ec0a3
0002ed0ab
016a15681
05705f301
0002b72bf
0002b82c7
05c0a7801
017219701
017a1d781
01c603c41
0002bd2ef
05d0a7901
05d4a7941
0002f2153
0002f315b
0002f4163
01ce07cc1
0002f717b
0002f918b
01de0fdc1
01e211e01
0002fd1ab
0002c43a7
0002c53af
05f0a7b01
05f8a7b81
01e613e41
01f219f01
0002c93cf
01fe1ffc1
022a0028e
0002cd3ef
02360034e
0002cf3ff
02aa0026d
00030325b
02b00032d
000306273
02b4003ad
00030928b
024a0048e
00030c2a3
02b6003ed
02560054e
00caaeacb
00ccb2b0b
025a0058e
00d8cac8b
02aa00a8e
02c4005ad
02c6005ed
02f200a6d
02f600aed
02f800b2d
02c200c0e
00e0dad8b
00d6c6c4b
0110f2f0b
0112f6f4b
02d200d0e
02d600d4e
01211310b
03260124e
032a0128e
030c00dad
03380122d
032e012ce
01231714b
033a0138e
033e012ed
011d0b08b
03420136d
01292320b
03480142d
04e808e62
03520150e
015b3f3cb
00eae8002
03500152d
015f4744b
0356015ed
016b5f5cb
01655350b
04ec0aeb1
016f6764b
01736f6cb
05760d74f
046cee2c1
0474ee341
057809762
013734003
00760a741
007a0c781
0002d20d7
0484ee441
048cee4c1
0002d60f7
008210801
008e168c1
00961a941
0002d910f
0002da117
04e536a41
04ed36ac1
009a1c981
00e200e01
00ee06ec1
000310343
04f536b41
04f936b81
04fd36bc1
050136c01
050536c41
000318383
00031737b
00fa0cf81
00031c3a3
00031d3ab
010a15081
051136d01
0002e71ff
0002e8207
05617f201
011219101
011a1d181
016603641
0002ed22f
05717f301
05757f341
000322093
00032309b
0003240a3
016e076c1
0003270bb
0003290cb
017e0f7c1
018211801
00032d0eb
0002f42e7
0002f52ef
05917f501
05997f581
018613841
019219901
0002f930f
019e1f9c1
03aa01a8e
0002fd32f
03b601b4e
0002ff33f
038201a6d
00033319b
038801b2d
0003361b3
038c01bad
0003391cb
03ca01c8e
00033c1e3
038e01bed
03d601d4e
01a38784b
01a58b88b
03da01d8e
01b1a3a0b
024a0048e
039c01dad
039e01ded
03ca0046d
03ce004ed
03d00052d
02620060e
01b9b3b0b
01af9f9cb
01e9cbc8b
01ebcfccb
02720070e
02760074e
01f9ebe8b
02c600c4e
02ca00c8e
03e4007ad
021000c2d
02ce00cce
01fbefecb
02da00d8e
021600ced
01f5e3e0b
021a00d6d
0001fbf8b
022000e2d
05c009be2
02f200f0e
00321614b
01c3c0002
022800f2d
00361e1cb
022e00fed
00423634b
003c2a28b
05c40bc31
00463e3cb
004a4644b
044e0c4cf
05edc7ac1
05f5c7b41
0450084e2
000e0c003
01f60bf41
01fa0df81
0003023d7
0425c7c41
042dc7cc1
0003063f7
002210201
002e162c1
00361a341
00030904f
00030a057
04840e441
048c0e4c1
003a1c381
008200801
008e068c1
000340283
04940e541
04980e581
049c0e5c1
04a00e601
04a40e641
0003482c3
0003472bb
009a0c981
00034c2e3
00034d2eb
00aa14a81
04b00e701
00031713f
000318147
050056c01
00b218b01
00ba1cb81
010603041
00031d16f
051056d01
051456d41
000352393
00035339b
0003543a3
010e070c1
0003573bb
0003593cb
011e0f1c1
012211201
00035d3eb
000324227
00032522f
053056f01
053856f81
012613241
013219301
00032924f
013e1f3c1
034a0148e
00032d26f
03560154e
00032f27f
025a0146d
0003630db
02600152d
0003660f3
0264015ad
00036910b
036a0168e
00036c123
0266015ed
03760174e
007a5e5cb
007c6260b
037a0178e
00887a78b
03ca01c8e
0274017ad
0276017ed
02a201c6d
02a601ced
02a801d2d
03e201e0e
00908a88b
00867674b
00c0a2a0b
00c2a6a4b
03f201f0e
03f601f4e
00d0c2c0b
02660064e
026a0068e
02bc01fad
02e80062d
026e006ce
00d2c6c4b
027a0078e
02ee006ed
00ccbab8b
02f20076d
00d8d2d0b
02f80082d
049808962
02920090e
010aeeecb
009a98002
03000092d
010ef6f4b
0306009ed
011b0f0cb
01150300b
049c0a9b1
011f1714b
01231f1cb
05260d24f
058c9f4c1
05949f541
052809262
00e6e4003
01960b941
019a0d981
000332317
05a49f641
05ac9f6c1
000336337
01a211a01
01ae17ac1
01b61bb41
00033934f
00033a357
0424e7c41
042ce7cc1
01ba1db81
002200201
002e062c1
0003701c3
0434e7d41
0438e7d81
043ce7dc1
0440e7e01
0444e7e41
000378203
0003771fb
003a0c381
00037c223
00037d22b
004a14481
0450e7f01
00034707f
000348087
04a12e601
005218501
005a1c581
00a602a41
00034d0af
04b12e701
04b52e741
0003822d3
0003832db
0003842e3
00ae06ac1
0003872fb
00038930b
00be0ebc1
00c210c01
00038d32b
000354167
00035516f
04d12e901
04d92e981
00c612c41
00d218d01
00035918f
00de1edc1
02ea00e8e
00035d1af
02f600f4e
00035f1bf
033200e6d
0003933db
033800f2d
0003963f3
033c00fad
00039904b
030a0108e
00039c063
033e00fed
03160114e
01533734b
01553b38b
031a0118e
01615350b
036a0168e
034c011ad
034e011ed
037a0166d
037e016ed
03800172d
03820180e
01696360b
015f4f4cb
01997b78b
019b7f7cb
03920190e
03960194e
01a99b98b
03e601e4e
03ea01e8e
0394019ad
03c001e2d
03ee01ece
01ab9f9cb
03fa01f8e
03c601eed
01a59390b
03ca01f6d
01b1aba8b
03d00022d
0570096e2
02320030e
01e3c7c4b
017370002
03d80032d
01e7cfccb
03de003ed
01f3e7e4b
01eddbd8b
05740b731
01f7efecb
01fbf7f4b
05fe0dfcf
052d76ec1
053576f41
040009fe2
01bfbc003
01360b341
013a0d381
000362257
054577041
054d770c1
000366277
014211401
014e174c1
01561b541
00036928f
00036a297
05a5bf641
05adbf6c1
015a1d581
01a201a01
01ae07ac1
0003a0103
05b5bf741
05b9bf781
05bdbf7c1
05c1bf801
05c5bf841
0003a8143
0003a713b
01ba0db81
0003ac163
0003ad16b
01ca15c81
05d1bf901
00037737f
000378387
044007e01
01d219d01
01da1dd81
004602441
00037d3af
045007f01
045407f41
0003b2213
0003b321b
0003b4223
004e064c1
0003b723b
0003b924b
005e0e5c1
006210601
0003bd26b
0003840a7
0003850af
047006301
047806381
006612641
007218701
0003890cf
007e1e7c1
028a0088e
00038d0ef
02960094e
00038f0ff
020a0086d
0003c331b
02100092d
0003c6333
0214009ad
0003c934b
02aa00a8e
0003cc363
0216009ed
02b600b4e
002a0e0cb
002c1210b
02ba00b8e
00382a28b
030a0108e
022400bad
022600bed
02520106d
0256010ed
02580112d
03220120e
00403a38b
00362624b
00705250b
00725654b
03320130e
03360134e
00807270b
03860184e
038a0188e
026c013ad
02980182d
038e018ce
00827674b
039a0198e
029e018ed
007c6a68b
02a20196d
00888280b
02a801a2d
044808462
03b201b0e
00ba9e9cb
004a48002
02b001b2d
00bea6a4b
02b601bed
00cabebcb
00c4b2b0b
044c0a4b1
00cec6c4b
00d2ceccb
04d60cd4f
04cc4e8c1
04d44e941
04d808d62
009694003
00d60ad41
00da0cd81
000392197
04e44ea41
04ec4eac1
0003961b7
00e210e01
00ee16ec1
00f61af41
0003991cf
00039a1d7
054497041
054c970c1
00fa1cf81
014201401
014e074c1
0003d0043
055497141
055897181
055c971c1
056097201
056497241
0003d8083
0003d707b
015a0d581
0003dc0a3
0003dd0ab
016a15681
057097301
0003a72bf
0003a82c7
05c0df801
017219701
017a1d781
01c603c41
0003ad2ef
05d0df901
05d4df941
0003e2153
0003e315b
0003e4163
01ce07cc1
0003e717b
0003e918b
01de0fdc1
01e211e01
0003ed1ab
0003b43a7
0003b53af
05f0dfb01
05f8dfb81
01e613e41
01f219f01
0003b93cf
01fe1ffc1
022a0028e
0003bd3ef
02360034e
0003bf3ff
02e20026d
0003f325b
02e80032d
0003f6273
02ec003ad
0003f928b
024a0048e
0003fc2a3
02ee003ed
02560054e
0102e6e4b
0104eae8b
025a0058e
01110300b
02aa00a8e
02fc005ad
02fe005ed
032a00a6d
032e00aed
033000b2d
02c200c0e
01191310b
010efefcb
01492b28b
014b2f2cb
02d200d0e
02d600d4e
01594b48b
03260124e
032a0128e
034400dad
03700122d
032e012ce
015b4f4cb
033a0138e
0376012ed
01554340b
037a0136d
01615b58b
03800142d
0520091e2
03520150e
01937774b
012320002
03880152d
01977f7cb
038e015ed
01a39794b
019d8b88b
05240b231
01a79f9cb
01aba7a4b
05ae0dacf
046d262c1
047526341
05b009ae2
016f6c003
00760a741
007a0c781
0003c20d7
048526441
048d264c1
0003c60f7
008210801
008e168c1
00961a941
0003c910f
0003ca117
04e56ea41
04ed6eac1
009a1c981
00e200e01
00ee06ec1
000400343
04f56eb41
04f96eb81
04fd6ebc1
05016ec01
05056ec41
000408383
00040737b
00fa0cf81
00040c3a3
00040d3ab
010a15081
05116ed01
0003d71ff
0003d8207
0561b7201
011219101
011a1d181
016603641
0003dd22f
0571b7301
0579b7381
0003e12cf
016e076c1
017a0d781
018211801
0003e42e7
058db74c1
0003e72ff
0003e8307
018a15881
01961b941
03a201a0e
0003eb31f
0003ec327
03b201b0e
03b801a2d
03ba01a6d
03c001b2d
03c401bad
03ca01c8e
03c601bed
03c801c2d
03cc01cad
03d001d2d
03de01dce
03d401dad
01e3cfccb
01ede3e0b
01efe7e4b
05f60df4f
05fc0bfb1
05e5ffa41
05f1ffb01
01e201e01
01ee07ec1
0003f03c7
05fdffbc1
0003f33df
0003f43e7
0431ffd01
01fe0ffc1
002a14281
0003f73ff
0439ffd81
0003fa057
0003fd06f
0003fe077
000001007
02000000c
000005017
02060006c
000008023
020c000cc
00000b02f
02120012c
02140014c
02160016c
00240a084
000011107
00001210b
027e0080c
003022204
002a16144
00001711f
000018123
000019127
00001a12b
028c008ec
00342a284
009e807e4
00001f13f
000020203
000021207
00002220b
00002320f
000024213
000025217
03020106c
03000104c
03040108c
0308010cc
0306010ac
030a010ec
030c0110c
00b2a8a64
003c3a384
011cfefc4
011f03004
00b4acaa4
00b6b0ae4
012107044
01230b084
00003631b
00003731f
042c3c063
00003b32f
00003a32b
00003c333
00003d337
04443c123
044c3c163
022625061
037a0180c
01250f0c4
03800186c
0384018ac
038c0192c
013127244
022e2d061
03920198c
019b7d7a4
24a0ba803
023231061
24a4ba823
01ab9d9a4
24a8ba843
01ada19e4
02400026b
24b0ba883
023e3d061
24b8ba8c3
024241061
02460032b
24c4ba923
024a49061
024e4d061
24d0ba983
025251061
025655061
02500046b
252139003
252539023
0254004eb
0076706e2
02a6a5061
02580056b
2539390c3
007268662
006a58562
254539123
254939143
02bab9061
02c000aab
2555391a3
02c2c1061
255d391e3
007a78762
00dec2c02
027c7a003
00ecdedc2
00e0c6c42
25b1b7883
25b5b78a3
02dad9061
02d000cab
24647c2a1
00e4cecc2
00f4eeec2
02d400d2b
246a7c361
00e6d2d02
0000040d3
032f2d061
24707c421
00e8d6d42
0000070df
033735061
0000090e7
033b39061
247a7c561
00000b0ef
00000c0f3
034341061
00000d0f7
034745061
25bdb78e3
03440136b
000041007
00004300f
03fa0002c
00004601b
00004701f
000048023
03fe0006c
00004b02f
0348013eb
00004c033
0204000cc
00004f03f
034a0142b
25d1b7983
020c0014c
001e06044
035b59061
00281a184
00200a084
034e014ab
24e4faaa1
002412104
01634d4a2
002616144
002c22204
00302a284
002e26244
03540156b
0000141d3
0000151d7
24f0fac21
003432304
016755522
24f4faca1
03b7b5061
24f8fad21
03bbb9061
00001b1ef
24fcfada1
24fefade1
03c3c1061
25d5b79a3
03c7c5061
00001f1ff
00005210b
01dbbfbc2
02760080c
000054113
027a0084c
027c0086c
03cfcd061
01e9dbd82
00005c133
00005b12f
242834043
03d3d1061
00987c7a4
242c34063
009a807e4
243034083
028e0098c
256179221
03dbd9061
0294009ec
00a89c9a4
03dfdd061
0000202c3
2567792e1
022221061
01f1ebe82
0000222cb
256b79361
03d201d6b
0000242d3
0000252d7
257179421
00b2b0ae4
01e5d3d02
2575794a1
2577794e1
02380026b
00002b2ef
00002c2f3
057f795e1
0434340a3
043c340e3
00002d2f7
00002f2ff
044834143
044c34163
045034183
000065217
045c341e3
00583c3a2
03f7f4003
023a39061
00006a22b
02f80104c
00006e23b
00006f23f
02fe010ac
0114f6f44
03060112c
03080114c
0118fefc4
030e011ac
0310011cc
25e1f7a21
012517144
01271b184
25e5f7aa1
024e4d061
25e7f7ae1
0244003eb
25e9f7b21
012f2b284
0000333cf
02480046b
25eff7be1
25f1f7c21
0000363db
0000373df
02a2a1061
0000383e3
02a6a5061
00003a3eb
02aaa9061
25fdf7da1
00003c3f3
00003d3f7
02b2b1061
24c0b2903
000070303
00007230b
03720180c
006454522
24c8b2943
00007731f
03780186c
00007a32b
00007b32f
00007d337
24d0b2983
019375724
019579764
02c2c1061
00706c6a2
03860194c
01a395924
038a0198c
038c019ac
019b85824
02cac9061
019d89864
02c000bab
00e4d6d42
01a79d9a4
00d8bebc2
01aba5a24
01a9a19e4
02c600c6b
246074221
02c800cab
01afadaa4
02ca00ceb
2466742e1
246874321
0000420cb
02ce00d6b
246c743a1
02d000dab
00e8dedc2
02d200deb
247274461
03320122b
2476744e1
00e2d2d02
247a74561
00eae2e02
015335322
047c745a1
0539310c3
054131103
033c0136b
00004f0ff
054d31163
033b39061
02f2f0003
000084013
055d311e3
05a5af823
033f3d061
000088023
03f00000c
03f20002c
00008e03b
00008f03f
03fa000ac
0011f3f04
02000010c
02020012c
0015fbf84
02080018c
020c001cc
020e001ec
033e013ab
24e6f2ae1
0000511c7
035351061
00241a184
0000531cf
00261e1c4
24eef2be1
0159413e2
24f0f2c21
03a3a1061
002c2a284
035f5d061
0000581e3
00005a1eb
24f8f2d21
03a7a5061
00005b1ef
034e015ab
01675d5a2
03b3b1061
00005e1fb
03b7b5061
00005f1ff
03b401aab
25c9af943
000095117
02720084c
03b201a6b
000098123
02760088c
00009b12f
00009c133
03b601aeb
24202c003
027a008cc
02800092c
01d1b3b02
02860098c
00947c7a4
028a009cc
01d3b7b42
0288009ac
016f6d6a2
009884824
00a094924
009c8c8a4
01d5bbb82
00a298964
03c001c2b
24342c0a3
03dbd9061
256171221
01e3d7d42
03c601ceb
2565712a1
2567712e1
0000612c7
03ca01d6b
256b71361
03cc01dab
01e5dbd82
03ce01deb
257171421
022e0022b
2575714a1
01dfcfcc2
0000692e7
00006a2eb
00006b2ef
257d715a1
02360032b
00006e2fb
005034322
04442c123
04482c143
023a003ab
005e504e2
023e3d061
0000a4213
045c2c1e3
005238362
0000a9227
0000a8223
24b4aa8a3
0000ac233
02f00104c
024645061
02f40108c
02f8010cc
024a49061
010ef2f04
03020116c
024e4d061
0000703c3
011d0f0c4
0114fefc4
025251061
011f13104
25ebefb61
023e0042b
01251f1c4
02400046b
25f1efc21
25efefbe1
0000763db
25f3efc61
0056403e2
0066605e2
25f7efce1
0000793e7
02480056b
25fdefda1
024c005eb
00007c3f3
024a005ab
24b8aa8c3
02ac00a2b
00007f3ff
24c4aa923
0000b4313
02bab9061
0000b631b
036e0184c
0000b9327
02b000aab
03720188c
0374018ac
0000be33b
0000bf33f
02b200aeb
24d4aa9a3
0378018ec
24d8aa9c3
02c6c5061
24dcaa9e3
019179764
02b600b6b
252129003
026c6a003
019785824
019d918e4
019989864
02d2d1061
253129083
02d6d5061
00d2bab82
01a5a19e4
02dedd061
24646c2a1
00d4bebc2
00e4dedc2
02c400d2b
246a6c361
00d6c2c02
0000840d3
032f2d061
24706c421
00d8c6c42
0000870df
033735061
0000890e7
24786c521
032e012ab
00008c0f3
00e6e2e02
047e6c5e1
053d290e3
054529123
014d312e2
054929143
0000c300f
0000c200b
0000c5017
0559291c3
015b4d4a2
0000c9027
0000ca02b
25b1a7883
014f35322
0000cd037
25b5a78a3
03ee0006c
25b9a78c3
03f6000ec
24e0eaa21
03fc0014c
24e2eaa61
000ff7f44
00180a084
0011fbf84
034f4d061
001a0e0c4
24e8eab21
0338013eb
00201a184
033a0142b
24eceaba1
035b59061
0000951d7
0000961db
24f4eaca1
0000971df
0340014eb
01635d5a2
03420152b
0000991e7
03440156b
24fceada1
03afad061
00009d1f7
03a801a2b
25c1a7903
25c5a7923
0000d1107
03bbb9061
0000d4113
02680082c
0000d711f
015949462
026c0086c
0000da12b
0270008ac
0274008ec
03c3c1061
016159562
00886c6a4
25d5a79a3
03c7c5061
0165615e2
027c0096c
008e78764
03cbc9061
009688864
242424023
03cfcd061
242824043
036966003
03d3d1061
009e98964
009c94924
03ba01c6b
2438240c3
03bc01cab
256369261
01d1bbb82
01e1dbd82
03c001d2b
256969321
01d3bfbc2
0000a32cf
022e2d061
256f693e1
01d5c3c02
0000a62db
023635061
0000a82e3
023a39061
257969521
01dfd7d42
022c002eb
01e3dfdc2
0000ad2f7
057f695e1
043c240e3
04a0a2803
0000e1207
0000e0203
0000e220b
0000e320f
0458241c3
0000e621b
0000e721f
04aca2863
04b0a2883
0000ea22b
02e60102c
0000ee23b
0000ef23f
02ee010ac
0104e6e44
02f40110c
02f60112c
0108eeec4
02fc0118c
02fe011ac
25e7e7ae1
0000b13c7
010efaf84
0110fefc4
011303004
0000b33cf
25ede7ba1
025e5d061
011b13104
025a59061
00584c4a2
0000b83e3
02a2a1061
0000b73df
023e0052b
25f9e7d21
00503c3a2
0000bb3ef
005a504e2
25ffe7de1
0052403e2
0000bd3f7
02b6b5061
0000f1307
0000f330f
02a600a6b
0000f5317
03640182c
0000f8323
24cca2963
02bebd061
005c54522
0000fc333
036e018cc
03720190c
00c4a6a42
03740192c
01876d6a4
02ac00b2b
03780196c
0062605e2
037e019cc
00c6aaa82
0380019ec
252521023
02cecd061
252921043
02b200beb
252d21063
02b400c2b
2535210a3
02dad9061
246264261
00d6cac82
0000c00c3
032321061
0000c10c7
032725061
0000c30cf
032b29061
246e643e1
0000c50d7
0000c60db
033331061
2474644a1
0000c80e3
03240126b
0000ca0eb
0000cb0ef
0328012eb
0000cd0f7
032a0132b
00e0dedc2
0000ce0fb
000100003
000101007
0555211a3
05a19f803
055121183
00010701f
00010601b
05ad9f863
05a99f843
00010b02f
00010c033
03e40004c
034341061
03e80008c
03ec000cc
034745061
0003e7e44
03f60016c
034b49061
03fa001ac
24e4e2aa1
0000d01c3
000bf7f44
000dfbf84
000ffffc4
0000d21cb
24eae2b61
035755061
0000d41d3
03340146b
001a16144
0336014ab
015549462
24f2e2c61
014b35322
24f6e2ce1
03aba9061
24fae2d61
014d39362
0000dc1f3
25bd9f8e3
24fee2de1
014f3d3a2
0340015eb
000110103
00011210b
00011310f
025e0080c
00011611b
25cd9f963
03bfbd061
000119127
25d19f983
007e605e4
00011d137
00011e13b
00011f13f
026e0090c
03a801b2b
02720094c
25d99f9c3
008268664
03aa01b6b
25dd9f9e3
027c009ec
03ac01bab
01d1c3c02
008a78764
03ae01beb
242c1c063
24301c083
03d7d5061
01c7afac2
009894924
03dfdd061
009a98964
022221061
0000e02c3
022625061
0000e22cb
022a29061
256d613a1
0000e42d3
0000e52d7
023231061
257361461
0000e72df
02200026b
2577614e1
0222002ab
257b61561
003e201e2
0000ec2f3
01dddbd82
02280036b
04401c103
03dfdc003
0000ef2ff
044c1c163
04501c183
04541c1a3
000125217
04a49a823
04a89a843
024241061
00012b22f
02dc0100c
00012d237
24bc9a8e3
02e20106c
25e1dfa21
02ea010ec
25e3dfa61
02f00114c
25e5dfaa1
0102eae84
02f8011cc
02fa011ec
022c003eb
25e9dfb21
0000f23cb
025655061
011107044
0000f43d3
00442c2a2
0000f53d7
0232004ab
011713104
0234004eb
25f5dfca1
011917144
02a6a5061
0000fa3eb
02aaa9061
25fbdfd61
02aead061
0000fe3fb
02b2b1061
24c09a903
000130303
00013230b
035a0180c
004c3c3a2
24c89a943
00013731f
03600186c
00013a32b
00013b32f
00013d337
24d09a983
017b5d5a4
017d615e4
02c2c1061
005854522
036e0194c
018b7d7a4
03720198c
0374019ac
01836d6a4
02cac9061
0185716e4
02a800bab
00ccbebc2
018f85824
00c0a6a42
01938d8a4
019189864
02ae00c6b
24605c221
02b000cab
019795924
02b200ceb
24665c2e1
24685c321
0001020cb
02b600d6b
246c5c3a1
02b800dab
00d0c6c42
02ba00deb
24725c461
031a0122b
24765c4e1
00cabab82
247a5c561
00d2cac82
013b1d1a2
047c5c5a1
0539190c3
054119103
03240136b
00010f0ff
054d19163
033b39061
02dad8003
000144013
055d191e3
05a597823
033f3d061
000148023
03d80000c
03da0002c
00014e03b
00014f03f
03e2000ac
01f9dbd84
03e80010c
03ea0012c
01fde3e04
03f00018c
03f4001cc
03f6001ec
0326013ab
24e6daae1
0001111c7
035351061
000c02004
0001131cf
000e06044
24eedabe1
014129262
24f0dac21
03a3a1061
001412104
035f5d061
0001181e3
00011a1eb
24f8dad21
03a7a5061
00011b1ef
0336015ab
014f45422
03b3b1061
00011e1fb
03b7b5061
00011f1ff
039c01aab
25c997943
000155117
025a0084c
039a01a6b
000158123
025e0088c
00015b12f
00015c133
039e01aeb
242014003
0262008cc
02680092c
01b99b982
026e0098c
007c64624
0272009cc
01bb9f9c2
0270009ac
015755522
00806c6a4
00887c7a4
008474724
01bda3a02
008a807e4
03a801c2b
2434140a3
03dbd9061
256159221
01cbbfbc2
03ae01ceb
2565592a1
2567592e1
0001212c7
03b201d6b
256b59361
03b401dab
01cdc3c02
03b601deb
257159421
02160022b
2575594a1
01c7b7b42
0001292e7
00012a2eb
00012b2ef
257d595a1
021e0032b
00012e2fb
00381c1a2
044414123
044814143
0222003ab
004638362
023e3d061
000164213
045c141e3
003a201e2
000169227
000168223
24b4928a3
00016c233
02d80104c
024645061
02dc0108c
02e0010cc
024a49061
00f6dad84
02ea0116c
024e4d061
0001303c3
0104f6f44
00fce6e44
025251061
0106faf84
25ebd7b61
02260042b
010d07044
02280046b
25f1d7c21
25efd7be1
0001363db
25f3d7c61
003e28262
004e48462
25f7d7ce1
0001393e7
02300056b
25fdd7da1
0234005eb
00013c3f3
0232005ab
24b8928c3
029400a2b
00013f3ff
24c492923
000174313
02bab9061
00017631b
03560184c
000179327
029800aab
035a0188c
035c018ac
00017e33b
00017f33f
029a00aeb
24d4929a3
0360018ec
24d8929c3
02c6c5061
24dc929e3
0179615e4
029e00b6b
252111003
025452003
017f6d6a4
018579764
0181716e4
02d2d1061
253111083
02d6d5061
00baa2a02
018d89864
02dedd061
2464542a1
00bca6a42
00ccc6c42
02ac00d2b
246a54361
00beaaa82
0001440d3
032f2d061
247054421
00c0aeac2
0001470df
033735061
0001490e7
247854521
0316012ab
00014c0f3
00cecac82
047e545e1
053d110e3
054511123
013519162
054911143
00018300f
00018200b
000185017
0559111c3
014335322
000189027
00018a02b
25b18f883
01371d1a2
00018d037
25b58f8a3
03d60006c
25b98f8c3
03de000ec
24e0d2a21
03e40014c
24e2d2a61
01f7dfdc4
0001f3f04
01f9e3e04
034f4d061
0003f7f44
24e8d2b21
0320013eb
000802004
03220142b
24ecd2ba1
035b59061
0001551d7
0001561db
24f4d2ca1
0001571df
0328014eb
014b45422
032a0152b
0001591e7
032c0156b
24fcd2da1
03afad061
00015d1f7
039001a2b
25c18f903
25c58f923
000191107
03bbb9061
000194113
02500082c
00019711f
0141312e2
02540086c
00019a12b
0258008ac
025c008ec
03c3c1061
0149413e2
007054524
25d58f9a3
03c7c5061
014d49462
02640096c
0076605e4
03cbc9061
007e706e4
24240c023
03cfcd061
24280c043
03514e003
03d3d1061
0086807e4
00847c7a4
03a201c6b
24380c0c3
03a401cab
256351261
01b9a3a02
01c9c3c02
03a801d2b
256951321
01bba7a42
0001632cf
022e2d061
256f513e1
01bdaba82
0001662db
023635061
0001682e3
023a39061
257951521
01c7bfbc2
0214002eb
01cbc7c42
00016d2f7
057f515e1
043c0c0e3
04a08a803
0001a1207
0001a0203
0001a220b
0001a320f
04580c1c3
0001a621b
0001a721f
04ac8a863
04b08a883
0001aa22b
02ce0102c
0001ae23b
0001af23f
02d6010ac
00eccecc4
02dc0110c
02de0112c
00f0d6d44
02e40118c
02e6011ac
25e7cfae1
0001713c7
00f6e2e04
00f8e6e44
00faeae84
0001733cf
25edcfba1
025e5d061
0102faf84
025a59061
004034322
0001783e3
02a2a1061
0001773df
02260052b
25f9cfd21
003824222
00017b3ef
004238362
25ffcfde1
003a28262
00017d3f7
02b6b5061
0001b1307
0001b330f
028e00a6b
0001b5317
034c0182c
0001b8323
24cc8a963
02bebd061
00443c3a2
0001bc333
0356018cc
035a0190c
00ac8e8c2
035c0192c
016f55524
029400b2b
03600196c
004a48462
0366019cc
00ae92902
0368019ec
252509023
02cecd061
252909043
029a00beb
252d09063
029c00c2b
2535090a3
02dad9061
24624c261
00beb2b02
0001800c3
032321061
0001810c7
032725061
0001830cf
032b29061
246e4c3e1
0001850d7
0001860db
033331061
24744c4a1
0001880e3
030c0126b
00018a0eb
00018b0ef
0310012eb
00018d0f7
03120132b
00c8c6c42
00018e0fb
0001c0003
0001c1007
0555091a3
05a187803
055109183
0001c701f
0001c601b
05ad87863
05a987843
0001cb02f
0001cc033
03cc0004c
034341061
03d00008c
03d4000cc
034745061
01ebcfcc4
03de0016c
034b49061
03e2001ac
24e4caaa1
0001901c3
01f3dfdc4
01f5e3e04
01f7e7e44
0001921cb
24eacab61
035755061
0001941d3
031c0146b
0003fffc4
031e014ab
013d312e2
24f2cac61
01331d1a2
24f6cace1
03aba9061
24facad61
0135211e2
00019c1f3
25bd878e3
24fecade1
013725222
0328015eb
0001d0103
0001d210b
0001d310f
02460080c
0001d611b
25cd87963
03bfbd061
0001d9127
25d187983
006648464
0001dd137
0001de13b
0001df13f
02560090c
039001b2b
025a0094c
25d9879c3
006a504e4
039201b6b
25dd879e3
0264009ec
039401bab
01b9aba82
0072605e4
039601beb
242c04063
243004083
03d7d5061
01af97942
00807c7a4
03dfdd061
0082807e4
022221061
0001a02c3
022625061
0001a22cb
022a29061
256d493a1
0001a42d3
0001a52d7
023231061
257349461
0001a72df
02080026b
2577494e1
020a002ab
257b49561
002608062
0001ac2f3
01c5c3c02
02100036b
044004103
03c7c4003
0001af2ff
044c04163
045004183
0454041a3
0001e5217
04a482823
04a882843
024241061
0001eb22f
02c40100c
0001ed237
24bc828e3
02ca0106c
25e1c7a21
02d2010ec
25e3c7a61
02d80114c
25e5c7aa1
00ead2d04
02e0011cc
02e2011ec
0214003eb
25e9c7b21
0001b23cb
025655061
00f8eeec4
0001b43d3
002c14122
0001b53d7
021a004ab
00fefaf84
021c004eb
25f5c7ca1
0100fefc4
02a6a5061
0001ba3eb
02aaa9061
25fbc7d61
02aead061
0001be3fb
02b2b1061
24c082903
0001f0303
0001f230b
03420180c
003424222
24c882943
0001f731f
03480186c
0001fa32b
0001fb32f
0001fd337
24d082983
016345424
016549464
02c2c1061
00403c3a2
03560194c
017365624
035a0198c
035c019ac
016b55524
02cac9061
016d59564
029000bab
00b4a6a42
01776d6a4
00a88e8c2
017b75724
0179716e4
029600c6b
246044221
029800cab
017f7d7a4
029a00ceb
2466442e1
246844321
0001c20cb
029e00d6b
246c443a1
02a000dab
00b8aeac2
02a200deb
247244461
03020122b
2476444e1
00b2a2a02
247a44561
00bab2b02
012305022
047c445a1
0539010c3
054101103
030c0136b
0001cf0ff
054d01163
033b39061
02c2c0003
000204013
055d011e3
05a57f823
033f3d061
000208023
03c00000c
03c20002c
00020e03b
00020f03f
03ca000ac
01e1c3c04
03d00010c
03d20012c
01e5cbc84
03d80018c
03dc001cc
03de001ec
030e013ab
24e6c2ae1
0001d11c7
035351061
01f5ebe84
0001d31cf
01f7efec4
24eec2be1
0129110e2
24f0c2c21
03a3a1061
01fdfbf84
035f5d061
0001d81e3
0001da1eb
24f8c2d21
03a7a5061
0001db1ef
031e015ab
01372d2a2
03b3b1061
0001de1fb
03b7b5061
0001df1ff
038401aab
25c97f943
000215117
02420084c
038201a6b
000218123
02460088c
00021b12f
00021c133
038601aeb
2421fc003
024a008cc
02500092c
01a183802
02560098c
00644c4a4
025a009cc
01a387842
0258009ac
013f3d3a2
006854524
007064624
006c5c5a4
01a58b882
007268664
039001c2b
2435fc0a3
03dbd9061
256141221
01b3a7a42
039601ceb
2565412a1
2567412e1
0001e12c7
039a01d6b
256b41361
039c01dab
01b5aba82
039e01deb
257141421
03fe0022b
2575414a1
01af9f9c2
0001e92e7
0001ea2eb
0001eb2ef
257d415a1
02060032b
0001ee2fb
002004022
0445fc123
0449fc143
020a003ab
002e201e2
023e3d061
000224213
045dfc1e3
002208062
000229227
000228223
24b47a8a3
00022c233
02c00104c
024645061
02c40108c
02c8010cc
024a49061
00dec2c04
02d20116c
024e4d061
0001f03c3
00ecdedc4
00e4cecc4
025251061
00eee2e04
25ebbfb61
020e0042b
00f4eeec4
02100046b
25f1bfc21
25efbfbe1
0001f63db
25f3bfc61
0026100e2
0036302e2
25f7bfce1
0001f93e7
02180056b
25fdbfda1
021c005eb
0001fc3f3
021a005ab
24b87a8c3
027c00a2b
0001ff3ff
24c47a923
000234313
02bab9061
00023631b
033e0184c
000239327
028000aab
03420188c
0344018ac
00023e33b
00023f33f
028200aeb
24d47a9a3
0348018ec
24d87a9c3
02c6c5061
24dc7a9e3
016149464
028600b6b
2520f9003
023c3a003
016755524
016d615e4
016959564
02d2d1061
2530f9083
02d6d5061
00a28a882
0175716e4
02dedd061
24643c2a1
00a48e8c2
00b4aeac2
029400d2b
246a3c361
00a692902
0002040d3
032f2d061
24703c421
00a896942
0002070df
033735061
0002090e7
24783c521
02fe012ab
00020c0f3
00b6b2b02
047e3c5e1
053cf90e3
0544f9123
011d00fe2
0548f9143
00024300f
00024200b
000245017
0558f91c3
012b1d1a2
000249027
00024a02b
25b177883
011f05022
00024d037
25b5778a3
03be0006c
25b9778c3
03c6000ec
24e0baa21
03cc0014c
24e2baa61
01dfc7c44
01e9dbd84
01e1cbc84
034f4d061
01ebdfdc4
24e8bab21
0308013eb
01f1ebe84
030a0142b
24ecbaba1
035b59061
0002151d7
0002161db
24f4baca1
0002171df
0310014eb
01332d2a2
03120152b
0002191e7
03140156b
24fcbada1
03afad061
00021d1f7
037801a2b
25c177903
25c577923
000251107
03bbb9061
000254113
02380082c
00025711f
012919162
023c0086c
00025a12b
0240008ac
0244008ec
03c3c1061
013129262
00583c3a4
25d5779a3
03c7c5061
0135312e2
024c0096c
005e48464
03cbc9061
006658564
2425f4023
03cfcd061
2429f4043
033936003
03d3d1061
006e68664
006c64624
038a01c6b
2439f40c3
038c01cab
256339261
01a18b882
01b1aba82
039001d2b
256939321
01a38f8c2
0002232cf
022e2d061
256f393e1
01a593902
0002262db
023635061
0002282e3
023a39061
257939521
01afa7a42
03fc002eb
01b3afac2
00022d2f7
057f395e1
043df40e3
04a072803
000261207
000260203
00026220b
00026320f
0459f41c3
00026621b
00026721f
04ac72863
04b072883
00026a22b
02b60102c
00026e23b
00026f23f
02be010ac
00d4b6b44
02c40110c
02c60112c
00d8bebc4
02cc0118c
02ce011ac
25e7b7ae1
0002313c7
00decac84
00e0cecc4
00e2d2d04
0002333cf
25edb7ba1
025e5d061
00eae2e04
025a59061
00281c1a2
0002383e3
02a2a1061
0002373df
020e0052b
25f9b7d21
00200c0a2
00023b3ef
002a201e2
25ffb7de1
0022100e2
00023d3f7
02b6b5061
000271307
00027330f
027600a6b
000275317
03340182c
000278323
24cc72963
02bebd061
002c24222
00027c333
033e018cc
03420190c
009476742
03440192c
01573d3a4
027c00b2b
03480196c
0032302e2
034e019cc
00967a782
0350019ec
2524f1023
02cecd061
2528f1043
028200beb
252cf1063
028400c2b
2534f10a3
02dad9061
246234261
00a69a982
0002400c3
032321061
0002410c7
032725061
0002430cf
032b29061
246e343e1
0002450d7
0002460db
033331061
2474344a1
0002480e3
02f40126b
00024a0eb
00024b0ef
02f8012eb
00024d0f7
02fa0132b
00b0aeac2
00024e0fb
000280003
000281007
0554f11a3
05a16f803
0550f1183
00028701f
00028601b
05ad6f863
05a96f843
00028b02f
00028c033
03b40004c
034341061
03b80008c
03bc000cc
034745061
01d3b7b44
03c60016c
034b49061
03ca001ac
24e4b2aa1
0002501c3
01dbc7c44
01ddcbc84
01dfcfcc4
0002521cb
24eab2b61
035755061
0002541d3
03040146b
01ebe7e44
0306014ab
012519162
24f2b2c61
011b05022
24f6b2ce1
03aba9061
24fab2d61
011d09062
00025c1f3
25bd6f8e3
24feb2de1
011f0d0a2
0310015eb
000290103
00029210b
00029310f
022e0080c
00029611b
25cd6f963
03bfbd061
000299127
25d16f983
004e302e4
00029d137
00029e13b
00029f13f
023e0090c
037801b2b
02420094c
25d96f9c3
005238364
037a01b6b
25dd6f9e3
024c009ec
037c01bab
01a193902
005a48464
037e01beb
242dec063
2431ec083
03d7d5061
01977f7c2
006864624
03dfdd061
006a68664
022221061
0002602c3
022625061
0002622cb
022a29061
256d313a1
0002642d3
0002652d7
023231061
257331461
0002672df
03f00026b
2577314e1
03f2002ab
257b31561
000ff1ee2
00026c2f3
01adaba82
03f80036b
0441ec103
03afac003
00026f2ff
044dec163
0451ec183
0455ec1a3
0002a5217
04a46a823
04a86a843
024241061
0002ab22f
02ac0100c
0002ad237
24bc6a8e3
02b20106c
25e1afa21
02ba010ec
25e3afa61
02c00114c
25e5afaa1
00d2bab84
02c8011cc
02ca011ec
03fc003eb
25e9afb21
0002723cb
025655061
00e0d6d44
0002743d3
0015fdfa2
0002753d7
0202004ab
00e6e2e04
0204004eb
25f5afca1
00e8e6e44
02a6a5061
00027a3eb
02aaa9061
25fbafd61
02aead061
00027e3fb
02b2b1061
24c06a903
0002b0303
0002b230b
032a0180c
001c0c0a2
24c86a943
0002b731f
03300186c
0002ba32b
0002bb32f
0002bd337
24d06a983
014b2d2a4
014d312e4
02c2c1061
002824222
033e0194c
015b4d4a4
03420198c
0344019ac
01533d3a4
02cac9061
0155413e4
027800bab
009c8e8c2
015f55524
009076742
01635d5a4
016159564
027e00c6b
24602c221
028000cab
016765624
028200ceb
24662c2e1
24682c321
0002820cb
028600d6b
246c2c3a1
028800dab
00a096942
028a00deb
24722c461
02ea0122b
24762c4e1
009a8a882
247a2c561
00a29a982
010aecea2
047c2c5a1
0538e90c3
0540e9103
02f40136b
00028f0ff
054ce9163
033b39061
02aaa8003
0002c4013
055ce91e3
05a567823
033f3d061
0002c8023
03a80000c
03aa0002c
0002ce03b
0002cf03f
03b2000ac
01c9aba84
03b80010c
03ba0012c
01cdb3b04
03c00018c
03c4001cc
03c6001ec
02f6013ab
24e6aaae1
0002911c7
035351061
01ddd3d04
0002931cf
01dfd7d44
24eeaabe1
0110f8f62
24f0aac21
03a3a1061
01e5e3e04
035f5d061
0002981e3
00029a1eb
24f8aad21
03a7a5061
00029b1ef
0306015ab
011f15122
03b3b1061
00029e1fb
03b7b5061
00029f1ff
036c01aab
25c967943
0002d5117
022a0084c
036a01a6b
0002d8123
022e0088c
0002db12f
0002dc133
036e01aeb
2421e4003
0232008cc
02380092c
01896b682
023e0098c
004c34324
0242009cc
018b6f6c2
0240009ac
012725222
00503c3a4
00584c4a4
005444424
018d73702
005a504e4
037801c2b
2435e40a3
03dbd9061
256129221
019b8f8c2
037e01ceb
2565292a1
2567292e1
0002a12c7
038201d6b
256b29361
038401dab
019d93902
038601deb
257129421
03e60022b
2575294a1
019787842
0002a92e7
0002aa2eb
0002ab2ef
257d295a1
03ee0032b
0002ae2fb
0009edea2
0445e4123
0449e4143
03f2003ab
001608062
023e3d061
0002e4213
045de41e3
000bf1ee2
0002e9227
0002e8223
24b4628a3
0002ec233
02a80104c
024645061
02ac0108c
02b0010cc
024a49061
00c6aaa84
02ba0116c
024e4d061
0002b03c3
00d4c6c44
00ccb6b44
025251061
00d6cac84
25eba7b61
03f60042b
00dcd6d44
03f80046b
25f1a7c21
25efa7be1
0002b63db
25f3a7c61
000ff9f62
001e18162
25f7a7ce1
0002b93e7
02000056b
25fda7da1
0204005eb
0002bc3f3
0202005ab
24b8628c3
026400a2b
0002bf3ff
24c462923
0002f4313
02bab9061
0002f631b
03260184c
0002f9327
026800aab
032a0188c
032c018ac
0002fe33b
0002ff33f
026a00aeb
24d4629a3
0330018ec
24d8629c3
02c6c5061
24dc629e3
0149312e4
026e00b6b
2520e1003
022422003
014f3d3a4
015549464
0151413e4
02d2d1061
2530e1083
02d6d5061
008a72702
015d59564
02dedd061
2464242a1
008c76742
009c96942
027c00d2b
246a24361
008e7a782
0002c40d3
032f2d061
247024421
00907e7c2
0002c70df
033735061
0002c90e7
247824521
02e6012ab
0002cc0f3
009e9a982
047e245e1
053ce10e3
0544e1123
0104e8e62
0548e1143
00030300f
00030200b
000305017
0558e11c3
011305022
000309027
00030a02b
25b15f883
0106ecea2
00030d037
25b55f8a3
03a60006c
25b95f8c3
03ae000ec
24e0a2a21
03b40014c
24e2a2a61
01c7afac4
01d1c3c04
01c9b3b04
034f4d061
01d3c7c44
24e8a2b21
02f0013eb
01d9d3d04
02f20142b
24eca2ba1
035b59061
0002d51d7
0002d61db
24f4a2ca1
0002d71df
02f8014eb
011b15122
02fa0152b
0002d91e7
02fc0156b
24fca2da1
03afad061
0002dd1f7
036001a2b
25c15f903
25c55f923
000311107
03bbb9061
000314113
02200082c
00031711f
011100fe2
02240086c
00031a12b
0228008ac
022c008ec
03c3c1061
0119110e2
004024224
25d55f9a3
03c7c5061
011d19162
02340096c
0046302e4
03cbc9061
004e403e4
2425dc023
03cfcd061
2429dc043
03211e003
03d3d1061
0056504e4
00544c4a4
037201c6b
2439dc0c3
037401cab
256321261
018973702
019993902
037801d2b
256921321
018b77742
0002e32cf
022e2d061
256f213e1
018d7b782
0002e62db
023635061
0002e82e3
023a39061
257921521
01978f8c2
03e4002eb
019b97942
0002ed2f7
057f215e1
043ddc0e3
04a05a803
000321207
000320203
00032220b
00032320f
0459dc1c3
00032621b
00032721f
04ac5a863
04b05a883
00032a22b
029e0102c
00032e23b
00032f23f
02a6010ac
00bc9e9c4
02ac0110c
02ae0112c
00c0a6a44
02b40118c
02b6011ac
25e79fae1
0002f13c7
00c6b2b04
00c8b6b44
00cabab84
0002f33cf
25ed9fba1
025e5d061
00d2cac84
025a59061
001004022
0002f83e3
02a2a1061
0002f73df
03f60052b
25f99fd21
0009f5f22
0002fb3ef
001208062
25ff9fde1
000bf9f62
0002fd3f7
02b6b5061
000331307
00033330f
025e00a6b
000335317
031c0182c
000338323
24cc5a963
02bebd061
00140c0a2
00033c333
0326018cc
032a0190c
007c5e5c2
032c0192c
013f25224
026400b2b
03300196c
001a18162
0336019cc
007e62602
0338019ec
2524d9023
02cecd061
2528d9043
026a00beb
252cd9063
026c00c2b
2534d90a3
02dad9061
24621c261
008e82802
0003000c3
032321061
0003010c7
032725061
0003030cf
032b29061
246e1c3e1
0003050d7
0003060db
033331061
24741c4a1
0003080e3
02dc0126b
00030a0eb
00030b0ef
02e0012eb
00030d0f7
02e20132b
009896942
00030e0fb
000340003
000341007
0554d91a3
05a157803
0550d9183
00034701f
00034601b
05ad57863
05a957843
00034b02f
00034c033
039c0004c
034341061
03a00008c
03a4000cc
034745061
01bb9f9c4
03ae0016c
034b49061
03b2001ac
24e49aaa1
0003101c3
01c3afac4
01c5b3b04
01c7b7b44
0003121cb
24ea9ab61
035755061
0003141d3
02ec0146b
01d3cfcc4
02ee014ab
010d00fe2
24f29ac61
0102ecea2
24f69ace1
03aba9061
24fa9ad61
0104f0ee2
00031c1f3
25bd578e3
24fe9ade1
0106f4f22
02f8015eb
000350103
00035210b
00035310f
02160080c
00035611b
25cd57963
03bfbd061
000359127
25d157983
003618164
00035d137
00035e13b
00035f13f
02260090c
036001b2b
022a0094c
25d9579c3
003a201e4
036201b6b
25dd579e3
0234009ec
036401bab
01897b782
0042302e4
036601beb
242dd4063
2431d4083
03d7d5061
017f67642
00504c4a4
03dfdd061
0052504e4
022221061
0003202c3
022625061
0003222cb
022a29061
256d193a1
0003242d3
0003252d7
023231061
257319461
0003272df
03d80026b
2577194e1
03da002ab
257b19561
01f7d9d62
00032c2f3
019593902
03e00036b
0441d4103
039794003
00032f2ff
044dd4163
0451d4183
0455d41a3
000365217
04a452823
04a852843
024241061
00036b22f
02940100c
00036d237
24bc528e3
029a0106c
25e197a21
02a2010ec
25e397a61
02a80114c
25e597aa1
00baa2a04
02b0011cc
02b2011ec
03e4003eb
25e997b21
0003323cb
025655061
00c8bebc4
0003343d3
01fde5e22
0003353d7
03ea004ab
00cecac84
03ec004eb
25f597ca1
00d0cecc4
02a6a5061
00033a3eb
02aaa9061
25fb97d61
02aead061
00033e3fb
02b2b1061
24c052903
000370303
00037230b
03120180c
0005f5f22
24c852943
00037731f
03180186c
00037a32b
00037b32f
00037d337
24d052983
013315124
013519164
02c2c1061
00100c0a2
03260194c
014335324
032a0198c
032c019ac
013b25224
02cac9061
013d29264
026000bab
008476742
01473d3a4
00785e5c2
014b45424
0149413e4
026600c6b
246014221
026800cab
014f4d4a4
026a00ceb
2466142e1
246814321
0003420cb
026e00d6b
246c143a1
027000dab
00887e7c2
027200deb
247214461
02d20122b
2476144e1
008272702
247a14561
008a82802
00f2d4d22
047c145a1
0538d10c3
0540d1103
02dc0136b
00034f0ff
054cd1163
033b39061
029290003
000384013
055cd11e3
05a54f823
033f3d061
000388023
03900000c
03920002c
00038e03b
00038f03f
039a000ac
01b193904
03a00010c
03a20012c
01b59b984
03a80018c
03ac001cc
03ae001ec
02de013ab
24e692ae1
0003511c7
035351061
01c5bbb84
0003531cf
01c7bfbc4
24ee92be1
00f8e0de2
24f092c21
03a3a1061
01cdcbc84
035f5d061
0003581e3
00035a1eb
24f892d21
03a7a5061
00035b1ef
02ee015ab
0106fcfa2
03b3b1061
00035e1fb
03b7b5061
00035f1ff
035401aab
25c94f943
000395117
02120084c
035201a6b
000398123
02160088c
00039b12f
00039c133
035601aeb
2421cc003
021a008cc
02200092c
017153502
02260098c
00341c1a4
022a009cc
017357542
0228009ac
010f0d0a2
003824224
004034324
003c2c2a4
01755b582
004238364
036001c2b
2435cc0a3
03dbd9061
256111221
018377742
036601ceb
2565112a1
2567112e1
0003612c7
036a01d6b
256b11361
036c01dab
01857b782
036e01deb
257111421
03ce0022b
2575114a1
017f6f6c2
0003692e7
00036a2eb
00036b2ef
257d115a1
03d60032b
00036e2fb
01f1d5d22
0445cc123
0449cc143
03da003ab
01fff1ee2
023e3d061
0003a4213
045dcc1e3
01f3d9d62
0003a9227
0003a8223
24b44a8a3
0003ac233
02900104c
024645061
02940108c
0298010cc
024a49061
00ae92904
02a20116c
024e4d061
0003703c3
00bcaeac4
00b49e9c4
025251061
00beb2b04
25eb8fb61
03de0042b
00c4bebc4
03e00046b
25f18fc21
25ef8fbe1
0003763db
25f38fc61
01f7e1de2
000601fe2
25f78fce1
0003793e7
03e80056b
25fd8fda1
03ec005eb
00037c3f3
03ea005ab
24b84a8c3
024c00a2b
00037f3ff
24c44a923
0003b4313
02bab9061
0003b631b
030e0184c
0003b9327
025000aab
03120188c
0314018ac
0003be33b
0003bf33f
025200aeb
24d44a9a3
0318018ec
24d84a9c3
02c6c5061
24dc4a9e3
013119164
025600b6b
2520c9003
020c0a003
013725224
013d312e4
013929264
02d2d1061
2530c9083
02d6d5061
00725a582
0145413e4
02dedd061
24640c2a1
00745e5c2
00847e7c2
026400d2b
246a0c361
007662602
0003840d3
032f2d061
24700c421
007866642
0003870df
033735061
0003890e7
24780c521
02ce012ab
00038c0f3
008682802
047e0c5e1
053cc90e3
0544c9123
00ecd0ce2
0548c9143
0003c300f
0003c200b
0003c5017
0558c91c3
00faecea2
0003c9027
0003ca02b
25b147883
00eed4d22
0003cd037
25b5478a3
038e0006c
25b9478c3
0396000ec
24e08aa21
039c0014c
24e28aa61
01af97944
01b9aba84
01b19b984
034f4d061
01bbafac4
24e88ab21
02d8013eb
01c1bbb84
02da0142b
24ec8aba1
035b59061
0003951d7
0003961db
24f48aca1
0003971df
02e0014eb
0102fcfa2
02e20152b
0003991e7
02e40156b
24fc8ada1
03afad061
00039d1f7
034801a2b
25c147903
25c547923
0003d1107
03bbb9061
0003d4113
02080082c
0003d711f
00f8e8e62
020c0086c
0003da12b
0210008ac
0214008ec
03c3c1061
0100f8f62
00280c0a4
25d5479a3
03c7c5061
010500fe2
021c0096c
002e18164
03cbc9061
003628264
2425c4023
03cfcd061
2429c4043
030906003
03d3d1061
003e38364
003c34324
035a01c6b
2439c40c3
035c01cab
256309261
01715b582
01817b782
036001d2b
256909321
01735f5c2
0003a32cf
022e2d061
256f093e1
017563602
0003a62db
023635061
0003a82e3
023a39061
257909521
017f77742
03cc002eb
01837f7c2
0003ad2f7
057f095e1
043dc40e3
04a042803
0003e1207
0003e0203
0003e220b
0003e320f
0459c41c3
0003e621b
0003e721f
04ac42863
04b042883
0003ea22b
02860102c
0003ee23b
0003ef23f
028e010ac
00a486844
02940110c
02960112c
00a88e8c4
029c0118c
029e011ac
25e787ae1
0003b13c7
00ae9a984
00b09e9c4
00b2a2a04
0003b33cf
25ed87ba1
025e5d061
00bab2b04
025a59061
01f9edea2
0003b83e3
02a2a1061
0003b73df
03de0052b
25f987d21
01f1ddda2
0003bb3ef
01fbf1ee2
25ff87de1
01f3e1de2
0003bd3f7
02b6b5061
0003f1307
0003f330f
024600a6b
0003f5317
03040182c
0003f8323
24cc42963
02bebd061
01fdf5f22
0003fc333
030e018cc
03120190c
006446442
03140192c
01270d0a4
024c00b2b
03180196c
000201fe2
031e019cc
00664a482
0320019ec
2524c1023
02cecd061
2528c1043
025200beb
252cc1063
025400c2b
2534c10a3
02dad9061
246204261
00766a682
0003c00c3
032321061
0003c10c7
032725061
0003c30cf
032b29061
246e043e1
0003c50d7
0003c60db
033331061
2474044a1
0003c80e3
02c40126b
0003ca0eb
0003cb0ef
02c8012eb
0003cd0f7
02ca0132b
00807e7c2
0003ce0fb
0003cf0ff
0554c11a3
028280003
055cc11e3
05ad3f863
25b13f883
034341061
24e082a21
24e482aa1
034f4d061
24e882b21
0003d21cb
02d20142b
0003d41d3
02d40146b
24f082c21
03a3a1061
0003d71df
02d8014eb
00faf4f22
02da0152b
0003d91e7
02dc0156b
24fc82da1
03afad061
0003dd1f7
034001a2b
25c13f903
25c53f923
03bbb9061
034201a6b
25d13f983
00f8f0ee2
016143402
00fcf8f62
016347442
034c01bab
0300fe003
03d3d1061
035201c6b
256101221
017367642
016953502
0003e02c3
0003e12c7
016b57542
056b01361
057101421
0003e42d3
057b01561
0003e72df
057f015e1
016d5b582
01756b682
0003ec2f3
016f5f5c2
017d7b782
05e37fa61
05e97fb21
0003f03c3
05f37fc61
0003f33cf
05f77fce1
0003f63db
05fd7fda1
0003f83e3
0003fd3f7
0003ff3ff
000001007
040401045
00000603f
000008053
00000b06b
00000d07f
04221f045
0000120b7
0000140cb
0000170e3
0000190f7
04403d045
00001e12f
00001f133
00002315b
00002516f
045e5b045
00002a1a7
00002c1bb
0000311e7
0000301e3
047c79045
00003621f
000038233
00003b24b
00003d25f
049a97045
000042297
0000442ab
0000472c3
0000492d7
04b8b5045
00004e30f
00004f313
00005333b
00005534f
04eae7045
050905045
052723045
054541045
05635f045
05817d045
059f9b045
00100e0a1
002e2c281
000806021
002624201
0044423e1
000001027
00605e5a1
000004063
007e7c781
004e4c481
006c6a661
008a88841
0000080b3
00a6a4a01
00000b0ef
00c4c2be1
0094928e1
00b2b0ac1
00d0ceca1
00000f13f
00eceae61
00001217b
010b09041
00dad8d41
00f8f6f21
011715101
0000161cb
0133312c1
000019207
01514f4a1
01211f1a1
013f3d381
015d5b561
00001d257
017977721
000020293
019795901
016765601
0185837e1
01a3a19c1
0000242e3
00002731f
01adaba61
000057363
05b3af045
00005c39b
00005e3af
0000613c7
0000633db
05d1cd045
000068013
00006a027
00006d03f
00006f053
05efeb045
00007408b
00007508f
0000790b7
00007b0cb
040c09045
000080103
000082117
000087143
00008613f
042a27045
00008c17b
00008e18f
0000911a7
0000931bb
044845045
0000981f3
00009a207
00009d21f
00009f233
046663045
0000a426b
0000a526f
0000a9297
0000ab2ab
049895045
04b6b3045
04d4d1045
04f2ef045
05110d045
052f2b045
054d49045
01bfbdb81
01dddbd61
01b7b5b01
01d5d3ce1
01f3f1ec1
00002c383
000e0c081
00002f3bf
002c2a261
01fdfbf61
001a18141
003836321
00003300f
0054524e1
00003604b
0072706c1
0042403c1
00605e5a1
007e7c781
00003a09b
009a98941
00003d0d7
00b8b6b21
008886821
00a6a4a01
00c4c2be1
000041127
00e0deda1
000044163
00fefcf81
00ceccc81
00eceae61
010b09041
0000481b3
012725201
00004b1ef
0145433e1
0115130e1
0133312c1
01514f4a1
00004f23f
00005227b
015b59541
0000ad2bf
05615d045
0000b22f7
0000b430b
0000b7323
0000b9337
057f7b045
0000be36f
0000c0383
0000c339b
0000c53af
059d99045
0000ca3e7
0000cb3eb
0000cf013
0000d1027
05bbb7045
0000d605f
0000d8073
0000dd09f
0000dc09b
05d9d5045
0000e20d7
0000e40eb
0000e7103
0000e9117
05f7f3045
0000ee14f
0000f0163
0000f317b
0000f518f
041411045
0000fa1c7
0000fb1cb
0000ff1f3
000101207
044643045
046461045
04827f045
04a09d045
04bebb045
04dcd9045
04faf7045
016d6b661
018b89841
0165635e1
0183817c1
01a19f9a1
0000572df
01bdbbb61
00005a31b
01dbd9d41
01aba9a41
01c9c7c21
01e7e5e01
00005e36b
000201fc1
0000613a7
00201e1a1
01f1efea1
000e0c081
002c2a261
0000653f7
004846421
000068033
006664601
003634301
0054524e1
0072706c1
00006c083
008e8c881
00006f0bf
00acaaa61
007c7a761
009a98941
00b8b6b21
00007310f
00d4d2ce1
00007614b
00f2f0ec1
00c2c0bc1
00e0deda1
00fefcf81
00007a19b
00007d1d7
010907021
00010321b
050f0b045
000108253
00010a267
00010d27f
00010f293
052d29045
0001142cb
0001162df
0001192f7
00011b30b
054b47045
000120343
000121347
00012536f
000127383
056965045
00012c3bb
00012e3cf
0001333fb
0001323f7
058783045
000138033
00013a047
00013d05f
00013f073
05a5a1045
0001440ab
0001460bf
0001490d7
00014b0eb
05c3bf045
000150123
000151127
00015514f
000157163
05f5f1045
04120f045
04302d045
044e4b045
046c69045
048a87045
04a8a5045
011b19141
013937321
0113110c1
01312f2a1
014f4d481
00008223b
016b69641
000085277
018987821
015957521
017775701
0195938e1
0000892c7
01b1afaa1
00008c303
01cfcdc81
019f9d981
01bdbbb61
01dbd9d41
000090353
01f7f5f01
00009338f
0014120e1
01e5e3de1
000201fc1
00201e1a1
0000973df
003c3a361
00009a01b
005a58541
002a28241
004846421
006664601
00009e06b
0082807c1
0000a10a7
00a09e9a1
00706e6a1
008e8c881
00acaaa61
0000a50f7
0000a8133
00b6b4b01
000159177
04bcb9045
00015e1af
0001601c3
0001631db
0001651ef
04dad7045
00016a227
00016c23b
00016f253
000171267
04f8f5045
00017629f
0001772a3
00017b2cb
00017d2df
051713045
000182317
00018432b
000189357
000188353
053531045
00018e38f
0001903a3
0001933bb
0001953cf
05534f045
00019a007
00019c01b
00019f033
0001a1047
05716d045
0001a607f
0001a7083
0001ab0ab
0001ad0bf
05a39f045
05c1bd045
05dfdb045
05fdf9045
041a17045
043835045
045653045
00c8c6c21
00e6e4e01
00c0beba1
00dedcd81
00fcfaf61
0000ad197
011917121
0000b01d3
013735301
010705001
0125231e1
0143413c1
0000b4223
015f5d581
0000b725f
017d7b761
014d4b461
016b69641
018987821
0000bb2af
01a5a39e1
0000be2eb
01c3c1bc1
0193918c1
01b1afaa1
01cfcdc81
0000c233b
01ebe9e41
0000c5377
000806021
01d9d7d21
01f7f5f01
0014120e1
0000c93c7
00302e2a1
0000cc003
004e4c481
001e1c181
003c3a361
005a58541
0000d0053
0000d308f
0064625e1
0001af0d3
046a67045
0001b410b
0001b611f
0001b9137
0001bb14b
048885045
0001c0183
0001c2197
0001c51af
0001c71c3
04a6a3045
0001cc1fb
0001cd1ff
0001d1227
0001d323b
04c4c1045
0001d8273
0001da287
0001df2b3
0001de2af
04e2df045
0001e42eb
0001e62ff
0001e9317
0001eb32b
0500fd045
0001f0363
0001f2377
0001f538f
0001f73a3
051f1b045
0001fc3db
0001fd3df
000201007
00020301b
05514d045
056f6b045
058d89045
05aba7045
05c9c5045
05e7e3045
040401045
007674701
0094928e1
006e6c681
008c8a861
00aaa8a41
0000d80f3
00c6c4c01
0000db12f
00e4e2de1
00b4b2ae1
00d2d0cc1
00f0eeea1
0000df17f
010d0b061
0000e21bb
012b29241
00faf8f41
011917121
013735301
0000e620b
0153514c1
0000e9247
01716f6a1
01413f3a1
015f5d581
017d7b761
0000ed297
019997921
0000f02d3
01b7b5b01
018785801
01a5a39e1
01c3c1bc1
0000f4323
01dfddd81
0000f735f
01fdfbf61
01cdcbc61
01ebe9e41
000806021
0000fb3af
0000fe3eb
0012100c1
00020502f
041815045
00020a067
00020c07b
00020f093
0002110a7
043633045
0002160df
0002180f3
00021b10b
00021d11f
045451045
000222157
00022315b
000227183
000229197
04726f045
00022e1cf
0002301e3
00023520f
00023420b
04908d045
00023a247
00023c25b
00023f273
000241287
04aeab045
0002462bf
0002482d3
00024b2eb
00024d2ff
04ccc9045
000252337
00025333b
000257363
000259377
04fefb045
051d19045
053b37045
055955045
057773045
059591045
05b3af045
0024221e1
0042403c1
001c1a161
003a38341
005856521
00010304f
0074726e1
00010608b
0092908c1
0062605c1
00807e7a1
009e9c981
00010a0db
00bab8b41
00010d117
00d8d6d21
00a8a6a21
00c6c4c01
00e4e2de1
000111167
0100fefa1
0001141a3
011f1d181
00eeece81
010d0b061
012b29241
0001181f3
014745401
00011b22f
0165635e1
0135332e1
0153514c1
01716f6a1
00011f27f
018d8b861
0001222bb
01aba9a41
017b79741
019997921
01b7b5b01
00012630b
000129347
01c1bfba1
00025b38b
05c7c3045
0002603c3
0002623d7
0002653ef
000267003
05e5e1045
00026c03b
00026e04f
000271067
00027307b
0403ff045
0002780b3
0002790b7
00027d0df
00027f0f3
04201d045
00028412b
00028613f
00028b16b
00028a167
043e3b045
0002901a3
0002921b7
0002951cf
0002971e3
045c59045
00029c21b
00029e22f
0002a1247
0002a325b
047a77045
0002a8293
0002a9297
0002ad2bf
0002af2d3
04aca9045
04cac7045
04e8e5045
050703045
052521045
05433f045
05615d045
01d3d1cc1
01f1efea1
01cbc9c41
01e9e7e21
000604001
00012e3ab
0022201c1
0001313e7
00403e3a1
00100e0a1
002e2c281
004c4a461
000135037
006866621
000138073
008684801
005654501
0074726e1
0092908c1
00013c0c3
00aeaca81
00013f0ff
00cccac61
009c9a961
00bab8b41
00d8d6d21
00014314f
00f4f2ee1
00014618b
0113110c1
00e2e0dc1
0100fefa1
011f1d181
00014a1db
013b39341
00014d217
015957521
012927221
014745401
0165635e1
000151267
0001542a3
016f6d681
0002b12e7
057571045
0002b631f
0002b8333
0002bb34b
0002bd35f
05938f045
0002c2397
0002c43ab
0002c73c3
0002c93d7
05b1ad045
0002ce00f
0002cf013
0002d303b
0002d504f
05cfcb045
0002da087
0002dc09b
0002e10c7
0002e00c3
05ede9045
0002e60ff
0002e8113
0002eb12b
0002ed13f
040a07045
0002f2177
0002f418b
0002f71a3
0002f91b7
042825045
0002fe1ef
0002ff1f3
00030321b
00030522f
045a57045
047875045
049693045
04b4b1045
04d2cf045
04f0ed045
050f0b045
01817f7a1
019f9d981
017977721
019795901
01b5b3ae1
000159307
01d1cfca1
00015c343
01efede81
01bfbdb81
01dddbd61
01fbf9f41
000160393
001614101
0001633cf
0034322e1
000403fe1
0022201c1
00403e3a1
00016701f
005c5a561
00016a05b
007a78741
004a48441
006866621
008684801
00016e0ab
00a2a09c1
0001710e7
00c0beba1
00908e8a1
00aeaca81
00cccac61
000175137
00e8e6e21
000178173
010705001
00d6d4d01
00f4f2ee1
0113110c1
00017c1c3
00017f1ff
011d1b161
000307243
05231f045
00030c27b
00030e28f
0003112a7
0003132bb
05413d045
0003182f3
00031a307
00031d31f
00031f333
055f5b045
00032436b
00032536f
000329397
00032b3ab
057d79045
0003303e3
0003323f7
000337023
00033601f
059b97045
00033c05b
00033e06f
000341087
00034309b
05b9b5045
0003480d3
00034a0e7
00034d0ff
00034f113
05d7d3045
00035414b
00035514f
000359177
00035b18b
040805045
042623045
044441045
04625f045
04807d045
049e9b045
04bcb9045
012f2d281
014d4b461
012725201
0145433e1
0163615c1
000184263
017f7d781
00018729f
019d9b961
016d6b661
018b89841
01a9a7a21
00018b2ef
01c5c3be1
00018e32b
01e3e1dc1
01b3b1ac1
01d1cfca1
01efede81
00019237b
000a08041
0001953b7
002826221
01f9f7f21
001614101
0034322e1
000199007
00504e4a1
00019c043
006e6c681
003e3c381
005c5a561
007a78741
0001a0093
009694901
0001a30cf
00b4b2ae1
0084827e1
00a2a09c1
00c0beba1
0001a711f
0001aa15b
00cac8c41
00035d19f
04d0cd045
0003621d7
0003641eb
000367203
000369217
04eeeb045
00036e24f
000370263
00037327b
00037528f
050d09045
00037a2c7
00037b2cb
00037f2f3
000381307
052b27045
00038633f
000388353
00038d37f
00038c37b
054945045
0003923b7
0003943cb
0003973e3
0003993f7
056763045
00039e02f
0003a0043
0003a305b
0003a506f
058581045
0003aa0a7
0003ab0ab
0003af0d3
0003b10e7
05b7b3045
05d5d1045
05f3ef045
04100d045
042e2b045
044c49045
046a67045
00dcdad61
00faf8f41
00d4d2ce1
00f2f0ec1
01110f0a1
0001af1bf
012d2b261
0001b21fb
014b49441
011b19141
013937321
015755501
0001b624b
0173716c1
0001b9287
01918f8a1
01615f5a1
017f7d781
019d9b961
0001bd2d7
01b9b7b21
0001c0313
01d7d5d01
01a7a5a01
01c5c3be1
01e3e1dc1
0001c4363
01fffdf81
0001c739f
001c1a161
01edebe61
000a08041
002826221
0001cb3ef
0044423e1
0001ce02b
0062605c1
0032302c1
00504e4a1
006e6c681
0001d207b
0001d50b7
007876721
0003b30fb
047e7b045
0003b8133
0003ba147
0003bd15f
0003bf173
049c99045
0003c41ab
0003c61bf
0003c91d7
0003cb1eb
04bab7045
0003d0223
0003d1227
0003d524f
0003d7263
04d8d5045
0003dc29b
0003de2af
0003e32db
0003e22d7
04f6f3045
0003e8313
0003ea327
0003ed33f
0003ef353
051511045
0003f438b
0003f639f
0003f93b7
0003fb3cb
05332f045
000400003
000401007
00040502f
000407043
056561045
05837f045
05a19d045
05bfbb045
05ddd9045
05fbf7045
041815045
008a88841
00a8a6a21
0082807c1
00a09e9a1
00bebcb81
0001da11b
00dad8d41
0001dd157
00f8f6f21
00c8c6c21
00e6e4e01
010502fe1
0001e11a7
01211f1a1
0001e41e3
013f3d381
010f0d081
012d2b261
014b49441
0001e8233
016765601
0001eb26f
0185837e1
0155534e1
0173716c1
01918f8a1
0001ef2bf
01adaba61
0001f22fb
01cbc9c41
019b99941
01b9b7b21
01d7d5d01
0001f634b
01f3f1ec1
0001f9387
00100e0a1
01e1dfda1
01fffdf81
001c1a161
0001fd3d7
000200013
002624201
000409057
042c29045
00040e08f
0004100a3
0004130bb
0004150cf
044a47045
00041a107
00041c11b
00041f133
000421147
046865045
00042617f
000427183
00042b1ab
00042d1bf
048683045
0004321f7
00043420b
000439237
000438233
04a4a1045
00043e26f
000440283
00044329b
0004452af
04c2bf045
00044a2e7
00044c2fb
00044f313
000451327
04e0dd045
00045635f
000457363
00045b38b
00045d39f
05130f045
05312d045
054f4b045
056d69045
058b87045
05a9a5045
05c7c3045
003836321
005654501
00302e2a1
004e4c481
006c6a661
000205077
008886821
0002080b3
00a6a4a01
007674701
0094928e1
00b2b0ac1
00020c103
00ceccc81
00020f13f
00eceae61
00bcbab61
00dad8d41
00f8f6f21
00021318f
0115130e1
0002161cb
0133312c1
010300fc1
01211f1a1
013f3d381
00021a21b
015b59541
00021d257
017977721
014947421
016765601
0185837e1
0002212a7
01a19f9a1
0002242e3
01bfbdb81
018f8d881
01adaba61
01cbc9c41
000228333
00022b36f
01d5d3ce1
00045f3b3
05dbd7045
0004643eb
0004663ff
000469017
00046b02b
05f9f5045
000470063
000472077
00047508f
0004770a3
041613045
00047c0db
00047d0df
000481107
00048311b
043431045
000488153
00048a167
00048f193
00048e18f
04524f045
0004941cb
0004961df
0004991f7
00049b20b
04706d045
0004a0243
0004a2257
0004a526f
0004a7283
048e8b045
0004ac2bb
0004ad2bf
0004b12e7
0004b32fb
04c0bd045
04dedb045
04fcf9045
051b17045
053935045
055753045
057571045
01e7e5e01
000403fe1
01dfddd81
01fdfbf61
001a18141
0002303d3
003634301
00023300f
0054524e1
0024221e1
0042403c1
00605e5a1
00023705f
007c7a761
00023a09b
009a98941
006a68641
008886821
00a6a4a01
00023e0eb
00c2c0bc1
000241127
00e0deda1
00b0aeaa1
00ceccc81
00eceae61
000245177
010907021
0002481b3
012725201
00f6f4f01
0115130e1
0133312c1
00024c203
014f4d481
00024f23f
016d6b661
013d3b361
015b59541
017977721
00025328f
0002562cb
0183817c1
0004b530f
058985045
0004ba347
0004bc35b
0004bf373
0004c1387
05a7a3045
0004c63bf
0004c83d3
0004cb3eb
0004cd3ff
05c5c1045
0004d2037
0004d303b
0004d7063
0004d9077
05e3df045
0004de0af
0004e00c3
0004e50ef
0004e40eb
0401fd045
0004ea127
0004ec13b
0004ef153
0004f1167
041e1b045
0004f619f
0004f81b3
0004fb1cb
0004fd1df
043c39045
000502217
00050321b
000507243
000509257
046e6b045
048c89045
04aaa7045
04c8c5045
04e6e3045
050501045
05231f045
0195938e1
01b3b1ac1
018d8b861
01aba9a41
01c9c7c21
00025b32f
01e5e3de1
00025e36b
000201fc1
01d3d1cc1
01f1efea1
000e0c081
0002623bb
002a28241
0002653f7
004846421
001816121
003634301
0054524e1
000269047
00706e6a1
00026c083
008e8c881
005e5c581
007c7a761
009a98941
0002700d3
00b6b4b01
00027310f
00d4d2ce1
00a4a29e1
00c2c0bc1
00e0deda1
00027715f
00fcfaf61
00027a19b
011b19141
00eae8e41
010907021
012725201
00027e1eb
000281227
01312f2a1
00050b26b
053733045
0005102a3
0005122b7
0005152cf
0005172e3
055551045
00051c31b
00051e32f
000521347
00052335b
05736f045
000528393
000529397
00052d3bf
00052f3d3
05918d045
00053400b
00053601f
00053b04b
00053a047
05afab045
000540083
000542097
0005450af
0005470c3
05cdc9045
00054c0fb
00054e10f
000551127
00055313b
05ebe7045
000558173
000559177
00055d19f
00055f1b3
041c19045
043a37045
045855045
047673045
049491045
04b2af045
04d0cd045
0143413c1
01615f5a1
013b39341
015957521
017775701
00028628b
0193918c1
0002892c7
01b1afaa1
01817f7a1
019f9d981
01bdbbb61
00028d317
01d9d7d21
000290353
01f7f5f01
01c7c5c01
01e5e3de1
000201fc1
0002943a3
001e1c181
0002973df
003c3a361
000c0a061
002a28241
004846421
00029b02f
0064625e1
00029e06b
0082807c1
0052504c1
00706e6a1
008e8c881
0002a20bb
00aaa8a41
0002a50f7
00c8c6c21
009896921
00b6b4b01
00d4d2ce1
0002a9147
0002ac183
00dedcd81
0005611c7
04e4e1045
0005661ff
000568213
00056b22b
00056d23f
0502ff045
000572277
00057428b
0005772a3
0005792b7
05211d045
00057e2ef
00057f2f3
00058331b
00058532f
053f3b045
00058a367
00058c37b
0005913a7
0005903a3
055d59045
0005963df
0005983f3
00059b00b
00059d01f
057b77045
0005a2057
0005a406b
0005a7083
0005a9097
059995045
0005ae0cf
0005af0d3
0005b30fb
0005b510f
05cbc7045
05e9e5045
040603045
042421045
04423f045
04605d045
047e7b045
00f0eeea1
010f0d081
00e8e6e21
010705001
0125231e1
0002b11e7
01413f3a1
0002b4223
015f5d581
012f2d281
014d4b461
016b69641
0002b8273
018785801
0002bb2af
01a5a39e1
0175736e1
0193918c1
01b1afaa1
0002bf2ff
01cdcbc61
0002c233b
01ebe9e41
01bbb9b41
01d9d7d21
01f7f5f01
0002c638b
0012100c1
0002c93c7
00302e2a1
0001fffa1
001e1c181
003c3a361
0002cd017
005856521
0002d0053
007674701
004644401
0064625e1
0082807c1
0002d40a3
0002d70df
008c8a861
0005b7123
04928f045
0005bc15b
0005be16f
0005c1187
0005c319b
04b0ad045
0005c81d3
0005ca1e7
0005cd1ff
0005cf213
04cecb045
0005d424b
0005d524f
0005d9277
0005db28b
04ece9045
0005e02c3
0005e22d7
0005e7303
0005e62ff
050b07045
0005ec33b
0005ee34f
0005f1367
0005f337b
052925045
0005f83b3
0005fa3c7
0005fd3df
0005ff3f3
054743045
00060402b
00060502f
000609057
00060b06b
057975045
059793045
05b5b1045
05d3cf045
05f1ed045
040e0b045
042c29045
009e9c981
00bcbab61
009694901
00b4b2ae1
00d2d0cc1
0002dc143
00eeece81
0002df17f
010d0b061
00dcdad61
00faf8f41
011917121
0002e31cf
0135332e1
0002e620b
0153514c1
0123211c1
01413f3a1
015f5d581
0002ea25b
017b79741
0002ed297
019997921
016967621
018785801
01a5a39e1
0002f12e7
01c1bfba1
0002f4323
01dfddd81
01afada81
01cdcbc61
01ebe9e41
0002f8373
000604001
0002fb3af
0024221e1
01f5f3ee1
0012100c1
00302e2a1
0002ff3ff
00030203b
003a38341
00060d07f
04403d045
0006120b7
0006140cb
0006170e3
0006190f7
045e5b045
00061e12f
000620143
00062315b
00062516f
047c79045
00062a1a7
00062b1ab
00062f1d3
0006311e7
049a97045
00063621f
000638233
00063d25f
00063c25b
04b8b5045
000642297
0006442ab
0006472c3
0006492d7
04d6d3045
00064e30f
000650323
00065333b
00065534f
04f4f1045
00065a387
00065b38b
00065f3b3
0006613c7
052723045
054541045
05635f045
05817d045
059f9b045
05bdb9045
05dbd7045
004c4a461
006a68641
0044423e1
0062605c1
00807e7a1
00030709f
009c9a961
00030a0db
00bab8b41
008a88841
00a8a6a21
00c6c4c01
00030e12b
00e2e0dc1
000311167
0100fefa1
00d0ceca1
00eeece81
010d0b061
0003151b7
012927221
0003181f3
014745401
011715101
0135332e1
0153514c1
00031c243
016f6d681
00031f27f
018d8b861
015d5b561
017b79741
019997921
0003232cf
01b5b3ae1
00032630b
01d3d1cc1
01a3a19c1
01c1bfba1
01dfddd81
00032a35b
00032d397
01e9e7e21
0006633db
05efeb045
000668013
00066a027
00066d03f
00066f053
040c09045
00067408b
00067609f
0006790b7
00067b0cb
042a27045
000680103
000681107
00068512f
000687143
044845045
00068c17b
00068e18f
0006931bb
0006921b7
046663045
0006981f3
00069a207
00069d21f
00069f233
048481045
0006a426b
0006a627f
0006a9297
0006ab2ab
04a29f045
0006b02e3
0006b12e7
0006b530f
0006b7323
04d4d1045
04f2ef045
05110d045
052f2b045
054d49045
056b67045
058985045
01fbf9f41
001816121
01f3f1ec1
00100e0a1
002e2c281
0003323fb
004a48441
000335037
006866621
003836321
005654501
0074726e1
000339087
00908e8a1
00033c0c3
00aeaca81
007e7c781
009c9a961
00bab8b41
000340113
00d6d4d01
00034314f
00f4f2ee1
00c4c2be1
00e2e0dc1
0100fefa1
00034719f
011d1b161
00034a1db
013b39341
010b09041
012927221
014745401
00034e22b
0163615c1
000351267
01817f7a1
01514f4a1
016f6d681
018d8b861
0003552b7
0003582f3
019795901
0006b9337
059d99045
0006be36f
0006c0383
0006c339b
0006c53af
05bbb7045
0006ca3e7
0006cc3fb
0006cf013
0006d1027
05d9d5045
0006d605f
0006d7063
0006db08b
0006dd09f
05f7f3045
0006e20d7
0006e40eb
0006e9117
0006e8113
041411045
0006ee14f
0006f0163
0006f317b
0006f518f
04322f045
0006fa1c7
0006fc1db
0006ff1f3
000701207
04504d045
00070623f
000707243
00070b26b
00070d27f
04827f045
04a09d045
04bebb045
04dcd9045
04faf7045
051915045
053733045
01a9a7a21
01c7c5c01
01a19f9a1
01bfbdb81
01dddbd61
00035d357
01f9f7f21
000360393
001614101
01e7e5e01
000403fe1
0022201c1
0003643e3
003e3c381
00036701f
005c5a561
002c2a261
004a48441
006866621
00036b06f
0084827e1
00036e0ab
00a2a09c1
0072706c1
00908e8a1
00aeaca81
0003720fb
00cac8c41
000375137
00e8e6e21
00b8b6b21
00d6d4d01
00f4f2ee1
000379187
01110f0a1
00037c1c3
012f2d281
00fefcf81
011d1b161
013b39341
000380213
00038324f
0145433e1
00070f293
054b47045
0007142cb
0007162df
0007192f7
00071b30b
056965045
000720343
000722357
00072536f
000727383
058783045
00072c3bb
00072d3bf
0007313e7
0007333fb
05a5a1045
000738033
00073a047
00073f073
00073e06f
05c3bf045
0007440ab
0007460bf
0007490d7
00074b0eb
05e1dd045
000750123
000752137
00075514f
000757163
05fffb045
00075c19b
00075d19f
0007611c7
0007631db
04302d045
044e4b045
046c69045
048a87045
04a8a5045
04c6c3045
04e4e1045
015755501
0175736e1
014f4d481
016d6b661
018b89841
0003882b3
01a7a5a01
00038b2ef
01c5c3be1
0195938e1
01b3b1ac1
01d1cfca1
00038f33f
01edebe61
00039237b
000a08041
01dbd9d41
01f9f7f21
001614101
0003963cb
0032302c1
000399007
00504e4a1
00201e1a1
003e3c381
005c5a561
00039d057
007876721
0003a0093
009694901
006664601
0084827e1
00a2a09c1
0003a40e3
00bebcb81
0003a711f
00dcdad61
00acaaa61
00cac8c41
00e8e6e21
0003ab16f
0003ae1ab
00f2f0ec1
0007651ef
04f8f5045
00076a227
00076c23b
00076f253
000771267
051713045
00077629f
0007782b3
00077b2cb
00077d2df
053531045
000782317
00078331b
000787343
000789357
05534f045
00078e38f
0007903a3
0007953cf
0007943cb
05716d045
00079a007
00079c01b
00079f033
0007a1047
058f8b045
0007a607f
0007a8093
0007ab0ab
0007ad0bf
05ada9045
0007b20f7
0007b30fb
0007b7123
0007b9137
05dfdb045
05fdf9045
041a17045
043835045
045653045
047471045
04928f045
010502fe1
0123211c1
00fcfaf61
011b19141
013937321
0003b320f
0155534e1
0003b624b
0173716c1
0143413c1
01615f5a1
017f7d781
0003ba29b
019b99941
0003bd2d7
01b9b7b21
018987821
01a7a5a01
01c5c3be1
0003c1327
01e1dfda1
0003c4363
01fffdf81
01cfcdc81
01edebe61
000a08041
0003c83b3
002624201
0003cb3ef
0044423e1
0014120e1
0032302c1
00504e4a1
0003cf03f
006c6a661
0003d207b
008a88841
005a58541
007876721
009694901
0003d60cb
0003d9107
00a09e9a1
0007bb14b
04a6a3045
0007c0183
0007c2197
0007c51af
0007c71c3
04c4c1045
0007cc1fb
0007ce20f
0007d1227
0007d323b
04e2df045
0007d8273
0007d9277
0007dd29f
0007df2b3
0500fd045
0007e42eb
0007e62ff
0007eb32b
0007ea327
051f1b045
0007f0363
0007f2377
0007f538f
0007f73a3
053d39045
0007fc3db
0007fe3ef
000801007
00080301b
055b57045
000808053
000809057
00080d07f
00080f093
058d89045
05aba7045
05c9c5045
05e7e3045
040401045
04221f045
04403d045
00b2b0ac1
00d0ceca1
00aaa8a41
00c8c6c21
00e6e4e01
0003de16b
010300fc1
0003e11a7
01211f1a1
00f0eeea1
010f0d081
012d2b261
0003e51f7
014947421
0003e8233
016765601
013735301
0155534e1
0173716c1
0003ec283
018f8d881
0003ef2bf
01adaba61
017d7b761
019b99941
01b9b7b21
0003f330f
01d5d3ce1
0003f634b
01f3f1ec1
01c3c1bc1
01e1dfda1
01fffdf81
0003fa39b
001a18141
0003fd3d7
003836321
000806021
002624201
0044423e1
000401027
000404063
004e4c481
0008110a7
045451045
0008160df
0008180f3
00081b10b
00081d11f
04726f045
000822157
00082416b
000827183
000829197
04908d045
00082e1cf
00082f1d3
0008331fb
00083520f
04aeab045
00083a247
00083c25b
000841287
000840283
04ccc9045
0008462bf
0008482d3
00084b2eb
00084d2ff
04eae7045
000852337
00085434b
000857363
000859377
050905045
00085e3af
00085f3b3
0008633db
0008653ef
053b37045
055955045
057773045
059591045
05b3af045
05d1cd045
05efeb045
00605e5a1
007e7c781
005856521
007674701
0094928e1
0004090c7
00b0aeaa1
00040c103
00ceccc81
009e9c981
00bcbab61
00dad8d41
000410153
00f6f4f01
00041318f
0115130e1
00e4e2de1
010300fc1
01211f1a1
0004171df
013d3b361
00041a21b
015b59541
012b29241
014947421
016765601
00041e26b
0183817c1
0004212a7
01a19f9a1
01716f6a1
018f8d881
01adaba61
0004252f7
01c9c7c21
000428333
01e7e5e01
01b7b5b01
01d5d3ce1
01f3f1ec1
00042c383
00042f3bf
01fdfbf61
000867003
0403ff045
00086c03b
00086e04f
000871067
00087307b
04201d045
0008780b3
00087a0c7
00087d0df
00087f0f3
043e3b045
00088412b
00088512f
000889157
00088b16b
045c59045
0008901a3
0008921b7
0008971e3
0008961df
047a77045
00089c21b
00089e22f
0008a1247
0008a325b
049895045
0008a8293
0008aa2a7
0008ad2bf
0008af2d3
04b6b3045
0008b430b
0008b530f
0008b9337
0008bb34b
04e8e5045
050703045
052521045
05433f045
05615d045
057f7b045
059d99045
000e0c081
002c2a261
000604001
0024221e1
0042403c1
000434023
005e5c581
00043705f
007c7a761
004c4a461
006a68641
008886821
00043b0af
00a4a29e1
00043e0eb
00c2c0bc1
0092908c1
00b0aeaa1
00ceccc81
00044213b
00eae8e41
000445177
010907021
00d8d6d21
00f6f4f01
0115130e1
0004491c7
01312f2a1
00044c203
014f4d481
011f1d181
013d3b361
015b59541
000450253
017775701
00045328f
0195938e1
0165635e1
0183817c1
01a19f9a1
0004572df
00045a31b
01aba9a41
0008bd35f
05b1ad045
0008c2397
0008c43ab
0008c73c3
0008c93d7
05cfcb045
0008ce00f
0008d0023
0008d303b
0008d504f
05ede9045
0008da087
0008db08b
0008df0b3
0008e10c7
040a07045
0008e60ff
0008e8113
0008ed13f
0008ec13b
042825045
0008f2177
0008f418b
0008f71a3
0008f91b7
044643045
0008fe1ef
000900203
00090321b
00090522f
046461045
00090a267
00090b26b
00090f293
0009112a7
049693045
04b4b1045
04d2cf045
04f0ed045
050f0b045
052d29045
054b47045
01bdbbb61
01dbd9d41
01b5b3ae1
01d3d1cc1
01f1efea1
00045f37f
000c0a061
0004623bb
002a28241
01fbf9f41
001816121
003634301
00046600b
0052504c1
000469047
00706e6a1
00403e3a1
005e5c581
007c7a761
00046d097
009896921
0004700d3
00b6b4b01
008684801
00a4a29e1
00c2c0bc1
000474123
00dedcd81
00047715f
00fcfaf61
00cccac61
00eae8e41
010907021
00047b1af
0125231e1
00047e1eb
0143413c1
0113110c1
01312f2a1
014f4d481
00048223b
000485277
015957521
0009132bb
055f5b045
0009182f3
00091a307
00091d31f
00091f333
057d79045
00092436b
00092637f
000929397
00092b3ab
059b97045
0009303e3
0009313e7
00093500f
000937023
05b9b5045
00093c05b
00093e06f
00094309b
000942097
05d7d3045
0009480d3
00094a0e7
00094d0ff
00094f113
05f5f1045
00095414b
00095615f
000959177
00095b18b
04120f045
0009601c3
0009611c7
0009651ef
000967203
044441045
04625f045
04807d045
049e9b045
04bcb9045
04dad7045
04f8f5045
016b69641
018987821
0163615c1
01817f7a1
019f9d981
00048a2db
01bbb9b41
00048d317
01d9d7d21
01a9a7a21
01c7c5c01
01e5e3de1
000491367
0001fffa1
0004943a3
001e1c181
01efede81
000c0a061
002a28241
0004983f3
004644401
00049b02f
0064625e1
0034322e1
0052504c1
00706e6a1
00049f07f
008c8a861
0004a20bb
00aaa8a41
007a78741
009896921
00b6b4b01
0004a610b
00d2d0cc1
0004a9147
00f0eeea1
00c0beba1
00dedcd81
00fcfaf61
0004ad197
0004b01d3
010705001
000969217
050d09045
00096e24f
000970263
00097327b
00097528f
052b27045
00097a2c7
00097c2db
00097f2f3
000981307
054945045
00098633f
000987343
00098b36b
00098d37f
056763045
0009923b7
0009943cb
0009993f7
0009983f3
058581045
00099e02f
0009a0043
0009a305b
0009a506f
05a39f045
0009aa0a7
0009ac0bb
0009af0d3
0009b10e7
05c1bd045
0009b611f
0009b7123
0009bb14b
0009bd15f
05f3ef045
04100d045
042e2b045
044c49045
046a67045
048885045
04a6a3045
011917121
013735301
01110f0a1
012f2d281
014d4b461
0004b5237
016967621
0004b8273
018785801
015755501
0175736e1
0193918c1
0004bc2c3
01afada81
0004bf2ff
01cdcbc61
019d9b961
01bbb9b41
01d9d7d21
0004c334f
01f5f3ee1
0004c638b
0012100c1
01e3e1dc1
0001fffa1
001e1c181
0004ca3db
003a38341
0004cd017
005856521
002826221
004644401
0064625e1
0004d1067
00807e7a1
0004d40a3
009e9c981
006e6c681
008c8a861
00aaa8a41
0004d80f3
0004db12f
00b4b2ae1
0009bf173
04bab7045
0009c41ab
0009c61bf
0009c91d7
0009cb1eb
04d8d5045
0009d0223
0009d2237
0009d524f
0009d7263
04f6f3045
0009dc29b
0009dd29f
0009e12c7
0009e32db
051511045
0009e8313
0009ea327
0009ef353
0009ee34f
05332f045
0009f438b
0009f639f
0009f93b7
0009fb3cb
05514d045
000a00003
000a02017
000a0502f
000a07043
056f6b045
000a0c07b
000a0d07f
000a110a7
000a130bb
05a19d045
05bfbb045
05ddd9045
05fbf7045
041815045
043633045
045451045
00c6c4c01
00e4e2de1
00bebcb81
00dcdad61
00faf8f41
0004e0193
011715101
0004e31cf
0135332e1
010502fe1
0123211c1
01413f3a1
0004e721f
015d5b561
0004ea25b
017b79741
014b49441
016967621
018785801
0004ee2ab
01a3a19c1
0004f12e7
01c1bfba1
01918f8a1
01afada81
01cdcbc61
0004f5337
01e9e7e21
0004f8373
000604001
01d7d5d01
01f5f3ee1
0012100c1
0004fc3c3
002e2c281
0004ff3ff
004c4a461
001c1a161
003a38341
005856521
00050304f
00050608b
0062605c1
000a150cf
046865045
000a1a107
000a1c11b
000a1f133
000a21147
048683045
000a2617f
000a28193
000a2b1ab
000a2d1bf
04a4a1045
000a321f7
000a331fb
000a37223
000a39237
04c2bf045
000a3e26f
000a40283
000a452af
000a442ab
04e0dd045
000a4a2e7
000a4c2fb
000a4f313
000a51327
04fefb045
000a5635f
000a58373
000a5b38b
000a5d39f
051d19045
000a623d7
000a633db
000a67003
000a69017
054f4b045
056d69045
058b87045
05a9a5045
05c7c3045
05e5e1045
0403ff045
0074726e1
0092908c1
006c6a661
008a88841
00a8a6a21
00050b0ef
00c4c2be1
00050e12b
00e2e0dc1
00b2b0ac1
00d0ceca1
00eeece81
00051217b
010b09041
0005151b7
012927221
00f8f6f21
011715101
0135332e1
000519207
01514f4a1
00051c243
016f6d681
013f3d381
015d5b561
017b79741
000520293
019795901
0005232cf
01b5b3ae1
0185837e1
01a3a19c1
01c1bfba1
00052731f
01dddbd61
00052a35b
01fbf9f41
01cbc9c41
01e9e7e21
000604001
00052e3ab
0005313e7
00100e0a1
000a6b02b
041613045
000a70063
000a72077
000a7508f
000a770a3
043431045
000a7c0db
000a7e0ef
000a81107
000a8311b
04524f045
000a88153
000a89157
000a8d17f
000a8f193
04706d045
000a941cb
000a961df
000a9b20b
000a9a207
048e8b045
000aa0243
000aa2257
000aa526f
000aa7283
04aca9045
000aac2bb
000aae2cf
000ab12e7
000ab32fb
04cac7045
000ab8333
000ab9337
000abd35f
000abf373
04fcf9045
051b17045
053935045
055753045
057571045
05938f045
05b1ad045
0022201c1
00403e3a1
001a18141
003836321
005654501
00053604b
0072706c1
000539087
00908e8a1
00605e5a1
007e7c781
009c9a961
00053d0d7
00b8b6b21
000540113
00d6d4d01
00a6a4a01
00c4c2be1
00e2e0dc1
000544163
00fefcf81
00054719f
011d1b161
00eceae61
010b09041
012927221
00054b1ef
0145433e1
00054e22b
0163615c1
0133312c1
01514f4a1
016f6d681
00055227b
018b89841
0005552b7
01a9a7a21
017977721
019795901
01b5b3ae1
000559307
00055c343
01bfbdb81
000ac1387
05c5c1045
000ac63bf
000ac83d3
000acb3eb
000acd3ff
05e3df045
000ad2037
000ad404b
000ad7063
000ad9077
0401fd045
000ade0af
000adf0b3
000ae30db
000ae50ef
041e1b045
000aea127
000aec13b
000af1167
000af0163
043c39045
000af619f
000af81b3
000afb1cb
000afd1df
045a57045
000b02217
000b0422b
000b07243
000b09257
047875045
000b0e28f
000b0f293
000b132bb
000b152cf
04aaa7045
04c8c5045
04e6e3045
050501045
05231f045
05413d045
055f5b045
01d1cfca1
01efede81
01c9c7c21
01e7e5e01
000403fe1
0005613a7
00201e1a1
0005643e3
003e3c381
000e0c081
002c2a261
004a48441
000568033
006664601
00056b06f
0084827e1
0054524e1
0072706c1
00908e8a1
00056f0bf
00acaaa61
0005720fb
00cac8c41
009a98941
00b8b6b21
00d6d4d01
00057614b
00f2f0ec1
000579187
01110f0a1
00e0deda1
00fefcf81
011d1b161
00057d1d7
013937321
000580213
015755501
012725201
0145433e1
0163615c1
000584263
00058729f
016d6b661
000b172e3
05736f045
000b1c31b
000b1e32f
000b21347
000b2335b
05918d045
000b28393
000b2a3a7
000b2d3bf
000b2f3d3
05afab045
000b3400b
000b3500f
000b39037
000b3b04b
05cdc9045
000b40083
000b42097
000b470c3
000b460bf
05ebe7045
000b4c0fb
000b4e10f
000b51127
000b5313b
040805045
000b58173
000b5a187
000b5d19f
000b5f1b3
042623045
000b641eb
000b651ef
000b69217
000b6b22b
045855045
047673045
049491045
04b2af045
04d0cd045
04eeeb045
050d09045
017f7d781
019d9b961
017775701
0195938e1
01b3b1ac1
00058c303
01cfcdc81
00058f33f
01edebe61
01bdbbb61
01dbd9d41
01f9f7f21
00059338f
0014120e1
0005963cb
0032302c1
000201fc1
00201e1a1
003e3c381
00059a01b
005a58541
00059d057
007876721
004846421
006664601
0084827e1
0005a10a7
00a09e9a1
0005a40e3
00bebcb81
008e8c881
00acaaa61
00cac8c41
0005a8133
00e6e4e01
0005ab16f
010502fe1
00d4d2ce1
00f2f0ec1
01110f0a1
0005af1bf
0005b21fb
011b19141
000b6d23f
05211d045
000b72277
000b7428b
000b772a3
000b792b7
053f3b045
000b7e2ef
000b80303
000b8331b
000b8532f
055d59045
000b8a367
000b8b36b
000b8f393
000b913a7
057b77045
000b963df
000b983f3
000b9d01f
000b9c01b
059995045
000ba2057
000ba406b
000ba7083
000ba9097
05b7b3045
000bae0cf
000bb00e3
000bb30fb
000bb510f
05d5d1045
000bba147
000bbb14b
000bbf173
000bc1187
040603045
042421045
04423f045
04605d045
047e7b045
049c99045
04bab7045
012d2b261
014b49441
0125231e1
0143413c1
01615f5a1
0005b725f
017d7b761
0005ba29b
019b99941
016b69641
018987821
01a7a5a01
0005be2eb
01c3c1bc1
0005c1327
01e1dfda1
01b1afaa1
01cfcdc81
01edebe61
0005c5377
000806021
0005c83b3
002624201
01f7f5f01
0014120e1
0032302c1
0005cc003
004e4c481
0005cf03f
006c6a661
003c3a361
005a58541
007876721
0005d308f
0094928e1
0005d60cb
00b2b0ac1
0082807c1
00a09e9a1
00bebcb81
0005da11b
0005dd157
00c8c6c21
000bc319b
04cecb045
000bc81d3
000bca1e7
000bcd1ff
000bcf213
04ece9045
000bd424b
000bd625f
000bd9277
000bdb28b
050b07045
000be02c3
000be12c7
000be52ef
000be7303
052925045
000bec33b
000bee34f
000bf337b
000bf2377
054743045
000bf83b3
000bfa3c7
000bfd3df
000bff3f3
056561045
000c0402b
000c0603f
000c09057
000c0b06b
05837f045
000c100a3
000c110a7
000c150cf
000c170e3
05b5b1045
05d3cf045
05f1ed045
040e0b045
042c29045
044a47045
046865045
00dad8d41
00f8f6f21
00d2d0cc1
00f0eeea1
010f0d081
0005e21bb
012b29241
0005e51f7
014947421
011917121
013735301
0155534e1
0005e9247
01716f6a1
0005ec283
018f8d881
015f5d581
017d7b761
019b99941
0005f02d3
01b7b5b01
0005f330f
01d5d3ce1
01a5a39e1
01c3c1bc1
01e1dfda1
0005f735f
01fdfbf61
0005fa39b
001a18141
01ebe9e41
000806021
002624201
0005fe3eb
0042403c1
000601027
00605e5a1
00302e2a1
004e4c481
006c6a661
000605077
0006080b3
007674701
000c190f7
047c79045
000c1e12f
000c20143
000c2315b
000c2516f
049a97045
000c2a1a7
000c2c1bb
000c2f1d3
000c311e7
04b8b5045
000c3621f
000c37223
000c3b24b
000c3d25f
04d6d3045
000c42297
000c442ab
000c492d7
000c482d3
04f4f1045
000c4e30f
000c50323
000c5333b
000c5534f
05130f045
000c5a387
000c5c39b
000c5f3b3
000c613c7
05312d045
000c663ff
000c67003
000c6b02b
000c6d03f
05635f045
05817d045
059f9b045
05bdb9045
05dbd7045
05f9f5045
041613045
008886821
00a6a4a01
00807e7a1
009e9c981
00bcbab61
00060d117
00d8d6d21
000610153
00f6f4f01
00c6c4c01
00e4e2de1
010300fc1
0006141a3
011f1d181
0006171df
013d3b361
010d0b061
012b29241
014947421
00061b22f
0165635e1
00061e26b
0183817c1
0153514c1
01716f6a1
018f8d881
0006222bb
01aba9a41
0006252f7
01c9c7c21
019997921
01b7b5b01
01d5d3ce1
000629347
01f1efea1
00062c383
000e0c081
01dfddd81
01fdfbf61
001a18141
0006303d3
00063300f
0024221e1
000c6f053
042a27045
000c7408b
000c7609f
000c790b7
000c7b0cb
044845045
000c80103
000c82117
000c8512f
000c87143
046663045
000c8c17b
000c8d17f
000c911a7
000c931bb
048481045
000c981f3
000c9a207
000c9f233
000c9e22f
04a29f045
000ca426b
000ca627f
000ca9297
000cab2ab
04c0bd045
000cb02e3
000cb22f7
000cb530f
000cb7323
04dedb045
000cbc35b
000cbd35f
000cc1387
000cc339b
05110d045
052f2b045
054d49045
056b67045
058985045
05a7a3045
05c5c1045
003634301
0054524e1
002e2c281
004c4a461
006a68641
000638073
008684801
00063b0af
00a4a29e1
0074726e1
0092908c1
00b0aeaa1
00063f0ff
00cccac61
00064213b
00eae8e41
00bab8b41
00d8d6d21
00f6f4f01
00064618b
0113110c1
0006491c7
01312f2a1
0100fefa1
011f1d181
013d3b361
00064d217
015957521
000650253
017775701
014745401
0165635e1
0183817c1
0006542a3
019f9d981
0006572df
01bdbbb61
018d8b861
01aba9a41
01c9c7c21
00065b32f
00065e36b
01d3d1cc1
000cc53af
05d9d5045
000cca3e7
000ccc3fb
000ccf013
000cd1027
05f7f3045
000cd605f
000cd8073
000cdb08b
000cdd09f
041411045
000ce20d7
000ce30db
000ce7103
000ce9117
04322f045
000cee14f
000cf0163
000cf518f
000cf418b
04504d045
000cfa1c7
000cfc1db
000cff1f3
000d01207
046e6b045
000d0623f
000d08253
000d0b26b
000d0d27f
048c89045
000d122b7
000d132bb
000d172e3
000d192f7
04bebb045
04dcd9045
04faf7045
051915045
053733045
055551045
05736f045
01e5e3de1
000201fc1
01dddbd61
01fbf9f41
001816121
0006633cf
0034322e1
00066600b
0052504c1
0022201c1
00403e3a1
005e5c581
00066a05b
007a78741
00066d097
009896921
006866621
008684801
00a4a29e1
0006710e7
00c0beba1
000674123
00dedcd81
00aeaca81
00cccac61
00eae8e41
000678173
010705001
00067b1af
0125231e1
00f4f2ee1
0113110c1
01312f2a1
00067f1ff
014d4b461
00068223b
016b69641
013b39341
015957521
017775701
00068628b
0006892c7
01817f7a1
000d1b30b
058783045
000d20343
000d22357
000d2536f
000d27383
05a5a1045
000d2c3bb
000d2e3cf
000d313e7
000d333fb
05c3bf045
000d38033
000d39037
000d3d05f
000d3f073
05e1dd045
000d440ab
000d460bf
000d4b0eb
000d4a0e7
05fffb045
000d50123
000d52137
000d5514f
000d57163
041c19045
000d5c19b
000d5e1af
000d611c7
000d631db
043a37045
000d68213
000d69217
000d6d23f
000d6f253
046c69045
048a87045
04a8a5045
04c6c3045
04e4e1045
0502ff045
05211d045
0193918c1
01b1afaa1
018b89841
01a9a7a21
01c7c5c01
00068e32b
01e3e1dc1
000691367
0001fffa1
01d1cfca1
01efede81
000c0a061
0006953b7
002826221
0006983f3
004644401
001614101
0034322e1
0052504c1
00069c043
006e6c681
00069f07f
008c8a861
005c5a561
007a78741
009896921
0006a30cf
00b4b2ae1
0006a610b
00d2d0cc1
00a2a09c1
00c0beba1
00dedcd81
0006aa15b
00faf8f41
0006ad197
011917121
00e8e6e21
010705001
0125231e1
0006b11e7
0006b4223
012f2d281
000d71267
053531045
000d7629f
000d782b3
000d7b2cb
000d7d2df
05534f045
000d82317
000d8432b
000d87343
000d89357
05716d045
000d8e38f
000d8f393
000d933bb
000d953cf
058f8b045
000d9a007
000d9c01b
000da1047
000da0043
05ada9045
000da607f
000da8093
000dab0ab
000dad0bf
05cbc7045
000db20f7
000db410b
000db7123
000db9137
05e9e5045
000dbe16f
000dbf173
000dc319b
000dc51af
041a17045
043835045
045653045
047471045
04928f045
04b0ad045
04cecb045
01413f3a1
015f5d581
013937321
015755501
0175736e1
0006b9287
01918f8a1
0006bc2c3
01afada81
017f7d781
019d9b961
01bbb9b41
0006c0313
01d7d5d01
0006c334f
01f5f3ee1
01c5c3be1
01e3e1dc1
0001fffa1
0006c739f
001c1a161
0006ca3db
003a38341
000a08041
002826221
004644401
0006ce02b
0062605c1
0006d1067
00807e7a1
00504e4a1
006e6c681
008c8a861
0006d50b7
00a8a6a21
0006d80f3
00c6c4c01
009694901
00b4b2ae1
00d2d0cc1
0006dc143
0006df17f
00dcdad61
000dc71c3
04e2df045
000dcc1fb
000dce20f
000dd1227
000dd323b
0500fd045
000dd8273
000dda287
000ddd29f
000ddf2b3
051f1b045
000de42eb
000de52ef
000de9317
000deb32b
053d39045
000df0363
000df2377
000df73a3
000df639f
055b57045
000dfc3db
000dfe3ef
000e01007
000e0301b
057975045
000e08053
000e0a067
000e0d07f
000e0f093
059793045
000e140cb
000e150cf
000e190f7
000e1b10b
05c9c5045
05e7e3045
040401045
04221f045
04403d045
045e5b045
047c79045
00eeece81
010d0b061
00e6e4e01
010502fe1
0123211c1
0006e41e3
013f3d381
0006e721f
015d5b561
012d2b261
014b49441
016967621
0006eb26f
0185837e1
0006ee2ab
01a3a19c1
0173716c1
01918f8a1
01afada81
0006f22fb
01cbc9c41
0006f5337
01e9e7e21
01b9b7b21
01d7d5d01
01f5f3ee1
0006f9387
00100e0a1
0006fc3c3
002e2c281
01fffdf81
001c1a161
003a38341
000700013
005654501
00070304f
0074726e1
0044423e1
0062605c1
00807e7a1
00070709f
00070a0db
008a88841
000e1d11f
04908d045
000e22157
000e2416b
000e27183
000e29197
04aeab045
000e2e1cf
000e301e3
000e331fb
000e3520f
04ccc9045
000e3a247
000e3b24b
000e3f273
000e41287
04eae7045
000e462bf
000e482d3
000e4d2ff
000e4c2fb
050905045
000e52337
000e5434b
000e57363
000e59377
052723045
000e5e3af
000e603c3
000e633db
000e653ef
054541045
000e6a027
000e6b02b
000e6f053
000e71067
057773045
059591045
05b3af045
05d1cd045
05efeb045
040c09045
042a27045
009c9a961
00bab8b41
0094928e1
00b2b0ac1
00d0ceca1
00070f13f
00eceae61
00071217b
010b09041
00dad8d41
00f8f6f21
011715101
0007161cb
0133312c1
000719207
01514f4a1
01211f1a1
013f3d381
015d5b561
00071d257
017977721
000720293
019795901
016765601
0185837e1
01a3a19c1
0007242e3
01bfbdb81
00072731f
01dddbd61
01adaba61
01cbc9c41
01e9e7e21
00072b36f
000403fe1
00072e3ab
0022201c1
01f3f1ec1
00100e0a1
002e2c281
0007323fb
000735037
003836321
000e7307b
043e3b045
000e780b3
000e7a0c7
000e7d0df
000e7f0f3
045c59045
000e8412b
000e8613f
000e89157
000e8b16b
047a77045
000e901a3
000e911a7
000e951cf
000e971e3
049895045
000e9c21b
000e9e22f
000ea325b
000ea2257
04b6b3045
000ea8293
000eaa2a7
000ead2bf
000eaf2d3
04d4d1045
000eb430b
000eb631f
000eb9337
000ebb34b
04f2ef045
000ec0383
000ec1387
000ec53af
000ec73c3
052521045
05433f045
05615d045
057f7b045
059d99045
05bbb7045
05d9d5045
004a48441
006866621
0042403c1
00605e5a1
007e7c781
00073a09b
009a98941
00073d0d7
00b8b6b21
008886821
00a6a4a01
00c4c2be1
000741127
00e0deda1
000744163
00fefcf81
00ceccc81
00eceae61
010b09041
0007481b3
012725201
00074b1ef
0145433e1
0115130e1
0133312c1
01514f4a1
00074f23f
016d6b661
00075227b
018b89841
015b59541
017977721
019795901
0007562cb
01b3b1ac1
000759307
01d1cfca1
01a19f9a1
01bfbdb81
01dddbd61
00075d357
000760393
01e7e5e01
000ec93d7
05ede9045
000ece00f
000ed0023
000ed303b
000ed504f
040a07045
000eda087
000edc09b
000edf0b3
000ee10c7
042825045
000ee60ff
000ee7103
000eeb12b
000eed13f
044643045
000ef2177
000ef418b
000ef91b7
000ef81b3
046461045
000efe1ef
000f00203
000f0321b
000f0522f
04827f045
000f0a267
000f0c27b
000f0f293
000f112a7
04a09d045
000f162df
000f172e3
000f1b30b
000f1d31f
04d2cf045
04f0ed045
050f0b045
052d29045
054b47045
056965045
058783045
01f9f7f21
001614101
01f1efea1
000e0c081
002c2a261
0007653f7
004846421
000768033
006664601
003634301
0054524e1
0072706c1
00076c083
008e8c881
00076f0bf
00acaaa61
007c7a761
009a98941
00b8b6b21
00077310f
00d4d2ce1
00077614b
00f2f0ec1
00c2c0bc1
00e0deda1
00fefcf81
00077a19b
011b19141
00077d1d7
013937321
010907021
012725201
0145433e1
000781227
01615f5a1
000784263
017f7d781
014f4d481
016d6b661
018b89841
0007882b3
00078b2ef
0195938e1
000f1f333
059b97045
000f2436b
000f2637f
000f29397
000f2b3ab
05b9b5045
000f303e3
000f323f7
000f3500f
000f37023
05d7d3045
000f3c05b
000f3d05f
000f41087
000f4309b
05f5f1045
000f480d3
000f4a0e7
000f4f113
000f4e10f
04120f045
000f5414b
000f5615f
000f59177
000f5b18b
04302d045
000f601c3
000f621d7
000f651ef
000f67203
044e4b045
000f6c23b
000f6d23f
000f71267
000f7327b
04807d045
049e9b045
04bcb9045
04dad7045
04f8f5045
051713045
053531045
01a7a5a01
01c5c3be1
019f9d981
01bdbbb61
01dbd9d41
000790353
01f7f5f01
00079338f
0014120e1
01e5e3de1
000201fc1
00201e1a1
0007973df
003c3a361
00079a01b
005a58541
002a28241
004846421
006664601
00079e06b
0082807c1
0007a10a7
00a09e9a1
00706e6a1
008e8c881
00acaaa61
0007a50f7
00c8c6c21
0007a8133
00e6e4e01
00b6b4b01
00d4d2ce1
00f2f0ec1
0007ac183
010f0d081
0007af1bf
012d2b261
00fcfaf61
011b19141
013937321
0007b320f
0007b624b
0143413c1
000f7528f
054945045
000f7a2c7
000f7c2db
000f7f2f3
000f81307
056763045
000f8633f
000f88353
000f8b36b
000f8d37f
058581045
000f923b7
000f933bb
000f973e3
000f993f7
05a39f045
000f9e02f
000fa0043
000fa506f
000fa406b
05c1bd045
000faa0a7
000fac0bb
000faf0d3
000fb10e7
05dfdb045
000fb611f
000fb8133
000fbb14b
000fbd15f
05fdf9045
000fc2197
000fc319b
000fc71c3
000fc91d7
042e2b045
044c49045
046a67045
048885045
04a6a3045
04c4c1045
04e2df045
0155534e1
0173716c1
014d4b461
016b69641
018987821
0007bb2af
01a5a39e1
0007be2eb
01c3c1bc1
0193918c1
01b1afaa1
01cfcdc81
0007c233b
01ebe9e41
0007c5377
000806021
01d9d7d21
01f7f5f01
0014120e1
0007c93c7
00302e2a1
0007cc003
004e4c481
001e1c181
003c3a361
005a58541
0007d0053
007674701
0007d308f
0094928e1
0064625e1
0082807c1
00a09e9a1
0007d70df
00bcbab61
0007da11b
00dad8d41
00aaa8a41
00c8c6c21
00e6e4e01
0007de16b
0007e11a7
00f0eeea1
000fcb1eb
04f6f3045
000fd0223
000fd2237
000fd524f
000fd7263
051511045
000fdc29b
000fde2af
000fe12c7
000fe32db
05332f045
000fe8313
000fe9317
000fed33f
000fef353
05514d045
000ff438b
000ff639f
000ffb3cb
000ffa3c7
056f6b045
001000003
001002017
00100502f
001007043
058d89045
00100c07b
00100e08f
0010110a7
0010130bb
05aba7045
0010180f3
0010190f7
00101d11f
00101f133
05ddd9045
05fbf7045
041815045
043633045
045451045
04726f045
04908d045
010300fc1
01211f1a1
00faf8f41
011917121
013735301
0007e620b
0153514c1
0007e9247
01716f6a1
01413f3a1
015f5d581
017d7b761
0007ed297
019997921
0007f02d3
01b7b5b01
018785801
01a5a39e1
01c3c1bc1
0007f4323
01dfddd81
0007f735f
01fdfbf61
01cdcbc61
01ebe9e41
000806021
0007fb3af
0024221e1
0007fe3eb
0042403c1
0012100c1
00302e2a1
004e4c481
00080203b
006a68641
000805077
008886821
005856521
007674701
0094928e1
0008090c7
00080c103
009e9c981
001021147
04a4a1045
00102617f
001028193
00102b1ab
00102d1bf
04c2bf045
0010321f7
00103420b
001037223
001039237
04e0dd045
00103e26f
00103f273
00104329b
0010452af
04fefb045
00104a2e7
00104c2fb
001051327
001050323
051d19045
00105635f
001058373
00105b38b
00105d39f
053b37045
0010623d7
0010643eb
001067003
001069017
055955045
00106e04f
00106f053
00107307b
00107508f
058b87045
05a9a5045
05c7c3045
05e5e1045
0403ff045
04201d045
043e3b045
00b0aeaa1
00ceccc81
00a8a6a21
00c6c4c01
00e4e2de1
000811167
0100fefa1
0008141a3
011f1d181
00eeece81
010d0b061
012b29241
0008181f3
014745401
00081b22f
0165635e1
0135332e1
0153514c1
01716f6a1
00081f27f
018d8b861
0008222bb
01aba9a41
017b79741
019997921
01b7b5b01
00082630b
01d3d1cc1
000829347
01f1efea1
01c1bfba1
01dfddd81
01fdfbf61
00082d397
001816121
0008303d3
003634301
000604001
0024221e1
0042403c1
000834023
00083705f
004c4a461
0010770a3
04524f045
00107c0db
00107e0ef
001081107
00108311b
04706d045
001088153
00108a167
00108d17f
00108f193
048e8b045
0010941cb
0010951cf
0010991f7
00109b20b
04aca9045
0010a0243
0010a2257
0010a7283
0010a627f
04cac7045
0010ac2bb
0010ae2cf
0010b12e7
0010b32fb
04e8e5045
0010b8333
0010ba347
0010bd35f
0010bf373
050703045
0010c43ab
0010c53af
0010c93d7
0010cb3eb
053935045
055753045
057571045
05938f045
05b1ad045
05cfcb045
05ede9045
005e5c581
007c7a761
005654501
0074726e1
0092908c1
00083c0c3
00aeaca81
00083f0ff
00cccac61
009c9a961
00bab8b41
00d8d6d21
00084314f
00f4f2ee1
00084618b
0113110c1
00e2e0dc1
0100fefa1
011f1d181
00084a1db
013b39341
00084d217
015957521
012927221
014745401
0165635e1
000851267
01817f7a1
0008542a3
019f9d981
016f6d681
018d8b861
01aba9a41
0008582f3
01c7c5c01
00085b32f
01e5e3de1
01b5b3ae1
01d3d1cc1
01f1efea1
00085f37f
0008623bb
01fbf9f41
0010cd3ff
0401fd045
0010d2037
0010d404b
0010d7063
0010d9077
041e1b045
0010de0af
0010e00c3
0010e30db
0010e50ef
043c39045
0010ea127
0010eb12b
0010ef153
0010f1167
045a57045
0010f619f
0010f81b3
0010fd1df
0010fc1db
047875045
001102217
00110422b
001107243
001109257
049693045
00110e28f
0011102a3
0011132bb
0011152cf
04b4b1045
00111a307
00111b30b
00111f333
001121347
04e6e3045
050501045
05231f045
05413d045
055f5b045
057d79045
059b97045
000c0a061
002a28241
000403fe1
0022201c1
00403e3a1
00086701f
005c5a561
00086a05b
007a78741
004a48441
006866621
008684801
00086e0ab
00a2a09c1
0008710e7
00c0beba1
00908e8a1
00aeaca81
00cccac61
000875137
00e8e6e21
000878173
010705001
00d6d4d01
00f4f2ee1
0113110c1
00087c1c3
012f2d281
00087f1ff
014d4b461
011d1b161
013b39341
015957521
00088324f
0175736e1
00088628b
0193918c1
0163615c1
01817f7a1
019f9d981
00088a2db
00088d317
01a9a7a21
00112335b
05afab045
001128393
00112a3a7
00112d3bf
00112f3d3
05cdc9045
00113400b
00113601f
001139037
00113b04b
05ebe7045
001140083
001141087
0011450af
0011470c3
040805045
00114c0fb
00114e10f
00115313b
001152137
042623045
001158173
00115a187
00115d19f
00115f1b3
044441045
0011641eb
0011661ff
001169217
00116b22b
04625f045
001170263
001171267
00117528f
0011772a3
049491045
04b2af045
04d0cd045
04eeeb045
050d09045
052b27045
054945045
01bbb9b41
01d9d7d21
01b3b1ac1
01d1cfca1
01efede81
00089237b
000a08041
0008953b7
002826221
01f9f7f21
001614101
0034322e1
000899007
00504e4a1
00089c043
006e6c681
003e3c381
005c5a561
007a78741
0008a0093
009694901
0008a30cf
00b4b2ae1
0084827e1
00a2a09c1
00c0beba1
0008a711f
00dcdad61
0008aa15b
00faf8f41
00cac8c41
00e8e6e21
010705001
0008ae1ab
0123211c1
0008b11e7
01413f3a1
01110f0a1
012f2d281
014d4b461
0008b5237
0008b8273
015755501
0011792b7
055d59045
00117e2ef
001180303
00118331b
00118532f
057b77045
00118a367
00118c37b
00118f393
0011913a7
059995045
0011963df
0011973e3
00119b00b
00119d01f
05b7b3045
0011a2057
0011a406b
0011a9097
0011a8093
05d5d1045
0011ae0cf
0011b00e3
0011b30fb
0011b510f
05f3ef045
0011ba147
0011bc15b
0011bf173
0011c1187
04100d045
0011c61bf
0011c71c3
0011cb1eb
0011cd1ff
04423f045
04605d045
047e7b045
049c99045
04bab7045
04d8d5045
04f6f3045
016967621
018785801
01615f5a1
017f7d781
019d9b961
0008bd2d7
01b9b7b21
0008c0313
01d7d5d01
01a7a5a01
01c5c3be1
01e3e1dc1
0008c4363
01fffdf81
0008c739f
001c1a161
01edebe61
000a08041
002826221
0008cb3ef
0044423e1
0008ce02b
0062605c1
0032302c1
00504e4a1
006e6c681
0008d207b
008a88841
0008d50b7
00a8a6a21
007876721
009694901
00b4b2ae1
0008d9107
00d0ceca1
0008dc143
00eeece81
00bebcb81
00dcdad61
00faf8f41
0008e0193
0008e31cf
010502fe1
0011cf213
050b07045
0011d424b
0011d625f
0011d9277
0011db28b
052925045
0011e02c3
0011e22d7
0011e52ef
0011e7303
054743045
0011ec33b
0011ed33f
0011f1367
0011f337b
056561045
0011f83b3
0011fa3c7
0011ff3f3
0011fe3ef
05837f045
00120402b
00120603f
001209057
00120b06b
05a19d045
0012100a3
0012120b7
0012150cf
0012170e3
05bfbb045
00121c11b
00121d11f
001221147
00122315b
05f1ed045
040e0b045
042c29045
044a47045
046865045
048683045
04a4a1045
011715101
0135332e1
010f0d081
012d2b261
014b49441
0008e8233
016765601
0008eb26f
0185837e1
0155534e1
0173716c1
01918f8a1
0008ef2bf
01adaba61
0008f22fb
01cbc9c41
019b99941
01b9b7b21
01d7d5d01
0008f634b
01f3f1ec1
0008f9387
00100e0a1
01e1dfda1
01fffdf81
001c1a161
0008fd3d7
003836321
000900013
005654501
002624201
0044423e1
0062605c1
000904063
007e7c781
00090709f
009c9a961
006c6a661
008a88841
00a8a6a21
00090b0ef
00090e12b
00b2b0ac1
00122516f
04b8b5045
00122a1a7
00122c1bb
00122f1d3
0012311e7
04d6d3045
00123621f
001238233
00123b24b
00123d25f
04f4f1045
001242297
00124329b
0012472c3
0012492d7
05130f045
00124e30f
001250323
00125534f
00125434b
05312d045
00125a387
00125c39b
00125f3b3
0012613c7
054f4b045
0012663ff
001268013
00126b02b
00126d03f
056d69045
001272077
00127307b
0012770a3
0012790b7
059f9b045
05bdb9045
05dbd7045
05f9f5045
041613045
043431045
04524f045
00c4c2be1
00e2e0dc1
00bcbab61
00dad8d41
00f8f6f21
00091318f
0115130e1
0009161cb
0133312c1
010300fc1
01211f1a1
013f3d381
00091a21b
015b59541
00091d257
017977721
014947421
016765601
0185837e1
0009212a7
01a19f9a1
0009242e3
01bfbdb81
018f8d881
01adaba61
01cbc9c41
000928333
01e7e5e01
00092b36f
000403fe1
01d5d3ce1
01f3f1ec1
00100e0a1
00092f3bf
002c2a261
0009323fb
004a48441
001a18141
003836321
005654501
00093604b
000939087
00605e5a1
00127b0cb
046663045
001280103
001282117
00128512f
001287143
048481045
00128c17b
00128e18f
0012911a7
0012931bb
04a29f045
0012981f3
0012991f7
00129d21f
00129f233
04c0bd045
0012a426b
0012a627f
0012ab2ab
0012aa2a7
04dedb045
0012b02e3
0012b22f7
0012b530f
0012b7323
04fcf9045
0012bc35b
0012be36f
0012c1387
0012c339b
051b17045
0012c83d3
0012c93d7
0012cd3ff
0012cf013
054d49045
056b67045
058985045
05a7a3045
05c5c1045
05e3df045
0401fd045
0072706c1
00908e8a1
006a68641
008886821
00a6a4a01
00093e0eb
00c2c0bc1
000941127
00e0deda1
00b0aeaa1
00ceccc81
00eceae61
000945177
010907021
0009481b3
012725201
00f6f4f01
0115130e1
0133312c1
00094c203
014f4d481
00094f23f
016d6b661
013d3b361
015b59541
017977721
00095328f
0195938e1
0009562cb
01b3b1ac1
0183817c1
01a19f9a1
01bfbdb81
00095a31b
01dbd9d41
00095d357
01f9f7f21
01c9c7c21
01e7e5e01
000403fe1
0009613a7
0009643e3
000e0c081
0012d1027
041411045
0012d605f
0012d8073
0012db08b
0012dd09f
04322f045
0012e20d7
0012e40eb
0012e7103
0012e9117
04504d045
0012ee14f
0012ef153
0012f317b
0012f518f
046e6b045
0012fa1c7
0012fc1db
001301207
001300203
048c89045
00130623f
001308253
00130b26b
00130d27f
04aaa7045
0013122b7
0013142cb
0013172e3
0013192f7
04c8c5045
00131e32f
00131f333
00132335b
00132536f
04faf7045
051915045
053733045
055551045
05736f045
05918d045
05afab045
00201e1a1
003e3c381
001816121
003634301
0054524e1
000969047
00706e6a1
00096c083
008e8c881
005e5c581
007c7a761
009a98941
0009700d3
00b6b4b01
00097310f
00d4d2ce1
00a4a29e1
00c2c0bc1
00e0deda1
00097715f
00fcfaf61
00097a19b
011b19141
00eae8e41
010907021
012725201
00097e1eb
0143413c1
000981227
01615f5a1
01312f2a1
014f4d481
016d6b661
000985277
018987821
0009882b3
01a7a5a01
017775701
0195938e1
01b3b1ac1
00098c303
00098f33f
01bdbbb61
001327383
05c3bf045
00132c3bb
00132e3cf
0013313e7
0013333fb
05e1dd045
001338033
00133a047
00133d05f
00133f073
05fffb045
0013440ab
0013450af
0013490d7
00134b0eb
041c19045
001350123
001352137
001357163
00135615f
043a37045
00135c19b
00135e1af
0013611c7
0013631db
045855045
001368213
00136a227
00136d23f
00136f253
047673045
00137428b
00137528f
0013792b7
00137b2cb
04a8a5045
04c6c3045
04e4e1045
0502ff045
05211d045
053f3b045
055d59045
01cfcdc81
01edebe61
01c7c5c01
01e5e3de1
000201fc1
0009943a3
001e1c181
0009973df
003c3a361
000c0a061
002a28241
004846421
00099b02f
0064625e1
00099e06b
0082807c1
0052504c1
00706e6a1
008e8c881
0009a20bb
00aaa8a41
0009a50f7
00c8c6c21
009896921
00b6b4b01
00d4d2ce1
0009a9147
00f0eeea1
0009ac183
010f0d081
00dedcd81
00fcfaf61
011b19141
0009b01d3
013735301
0009b320f
0155534e1
0125231e1
0143413c1
01615f5a1
0009b725f
0009ba29b
016b69641
00137d2df
05716d045
001382317
00138432b
001387343
001389357
058f8b045
00138e38f
0013903a3
0013933bb
0013953cf
05ada9045
00139a007
00139b00b
00139f033
0013a1047
05cbc7045
0013a607f
0013a8093
0013ad0bf
0013ac0bb
05e9e5045
0013b20f7
0013b410b
0013b7123
0013b9137
040603045
0013be16f
0013c0183
0013c319b
0013c51af
042421045
0013ca1e7
0013cb1eb
0013cf213
0013d1227
045653045
047471045
04928f045
04b0ad045
04cecb045
04ece9045
050b07045
017d7b761
019b99941
0175736e1
0193918c1
01b1afaa1
0009bf2ff
01cdcbc61
0009c233b
01ebe9e41
01bbb9b41
01d9d7d21
01f7f5f01
0009c638b
0012100c1
0009c93c7
00302e2a1
0001fffa1
001e1c181
003c3a361
0009cd017
005856521
0009d0053
007674701
004644401
0064625e1
0082807c1
0009d40a3
009e9c981
0009d70df
00bcbab61
008c8a861
00aaa8a41
00c8c6c21
0009db12f
00e4e2de1
0009de16b
010300fc1
00d2d0cc1
00f0eeea1
010f0d081
0009e21bb
0009e51f7
011917121
0013d323b
051f1b045
0013d8273
0013da287
0013dd29f
0013df2b3
053d39045
0013e42eb
0013e62ff
0013e9317
0013eb32b
055b57045
0013f0363
0013f1367
0013f538f
0013f73a3
057975045
0013fc3db
0013fe3ef
00140301b
001402017
059793045
001408053
00140a067
00140d07f
00140f093
05b5b1045
0014140cb
0014160df
0014190f7
00141b10b
05d3cf045
001420143
001421147
00142516f
001427183
040401045
04221f045
04403d045
045e5b045
047c79045
049a97045
04b8b5045
012b29241
014947421
0123211c1
01413f3a1
015f5d581
0009ea25b
017b79741
0009ed297
019997921
016967621
018785801
01a5a39e1
0009f12e7
01c1bfba1
0009f4323
01dfddd81
01afada81
01cdcbc61
01ebe9e41
0009f8373
000604001
0009fb3af
0024221e1
01f5f3ee1
0012100c1
00302e2a1
0009ff3ff
004c4a461
000a0203b
006a68641
003a38341
005856521
007674701
000a0608b
0092908c1
000a090c7
00b0aeaa1
00807e7a1
009e9c981
00bcbab61
000a0d117
000a10153
00c6c4c01
001429197
04ccc9045
00142e1cf
0014301e3
0014331fb
00143520f
04eae7045
00143a247
00143c25b
00143f273
001441287
050905045
0014462bf
0014472c3
00144b2eb
00144d2ff
052723045
001452337
00145434b
001459377
001458373
054541045
00145e3af
0014603c3
0014633db
0014653ef
05635f045
00146a027
00146c03b
00146f053
001471067
05817d045
00147609f
0014770a3
00147b0cb
00147d0df
05b3af045
05d1cd045
05efeb045
040c09045
042a27045
044845045
046663045
00d8d6d21
00f6f4f01
00d0ceca1
00eeece81
010d0b061
000a151b7
012927221
000a181f3
014745401
011715101
0135332e1
0153514c1
000a1c243
016f6d681
000a1f27f
018d8b861
015d5b561
017b79741
019997921
000a232cf
01b5b3ae1
000a2630b
01d3d1cc1
01a3a19c1
01c1bfba1
01dfddd81
000a2a35b
01fbf9f41
000a2d397
001816121
01e9e7e21
000604001
0024221e1
000a313e7
00403e3a1
000a34023
005e5c581
002e2c281
004c4a461
006a68641
000a38073
000a3b0af
0074726e1
00147f0f3
047a77045
00148412b
00148613f
001489157
00148b16b
049895045
0014901a3
0014921b7
0014951cf
0014971e3
04b6b3045
00149c21b
00149d21f
0014a1247
0014a325b
04d4d1045
0014a8293
0014aa2a7
0014af2d3
0014ae2cf
04f2ef045
0014b430b
0014b631f
0014b9337
0014bb34b
05110d045
0014c0383
0014c2397
0014c53af
0014c73c3
052f2b045
0014cc3fb
0014cd3ff
0014d1027
0014d303b
05615d045
057f7b045
059d99045
05bbb7045
05d9d5045
05f7f3045
041411045
008684801
00a4a29e1
007e7c781
009c9a961
00bab8b41
000a40113
00d6d4d01
000a4314f
00f4f2ee1
00c4c2be1
00e2e0dc1
0100fefa1
000a4719f
011d1b161
000a4a1db
013b39341
010b09041
012927221
014745401
000a4e22b
0163615c1
000a51267
01817f7a1
01514f4a1
016f6d681
018d8b861
000a552b7
01a9a7a21
000a582f3
01c7c5c01
019795901
01b5b3ae1
01d3d1cc1
000a5c343
01efede81
000a5f37f
000c0a061
01dddbd61
01fbf9f41
001816121
000a633cf
000a6600b
0022201c1
0014d504f
042825045
0014da087
0014dc09b
0014df0b3
0014e10c7
044643045
0014e60ff
0014e8113
0014eb12b
0014ed13f
046461045
0014f2177
0014f317b
0014f71a3
0014f91b7
04827f045
0014fe1ef
001500203
00150522f
00150422b
04a09d045
00150a267
00150c27b
00150f293
0015112a7
04bebb045
0015162df
0015182f3
00151b30b
00151d31f
04dcd9045
001522357
00152335b
001527383
001529397
050f0b045
052d29045
054b47045
056965045
058783045
05a5a1045
05c3bf045
0034322e1
0052504c1
002c2a261
004a48441
006866621
000a6b06f
0084827e1
000a6e0ab
00a2a09c1
0072706c1
00908e8a1
00aeaca81
000a720fb
00cac8c41
000a75137
00e8e6e21
00b8b6b21
00d6d4d01
00f4f2ee1
000a79187
01110f0a1
000a7c1c3
012f2d281
00fefcf81
011d1b161
013b39341
000a80213
015755501
000a8324f
0175736e1
0145433e1
0163615c1
01817f7a1
000a8729f
019d9b961
000a8a2db
01bbb9b41
018b89841
01a9a7a21
01c7c5c01
000a8e32b
000a91367
01d1cfca1
00152b3ab
05d7d3045
0015303e3
0015323f7
00153500f
001537023
05f5f1045
00153c05b
00153e06f
001541087
00154309b
04120f045
0015480d3
0015490d7
00154d0ff
00154f113
04302d045
00155414b
00155615f
00155b18b
00155a187
044e4b045
0015601c3
0015621d7
0015651ef
001567203
046c69045
00156c23b
00156e24f
001571267
00157327b
048a87045
0015782b3
0015792b7
00157d2df
00157f2f3
04bcb9045
04dad7045
04f8f5045
051713045
053531045
05534f045
05716d045
01e3e1dc1
0001fffa1
01dbd9d41
01f9f7f21
001614101
000a963cb
0032302c1
000a99007
00504e4a1
00201e1a1
003e3c381
005c5a561
000a9d057
007876721
000aa0093
009694901
006664601
0084827e1
00a2a09c1
000aa40e3
00bebcb81
000aa711f
00dcdad61
00acaaa61
00cac8c41
00e8e6e21
000aab16f
010502fe1
000aae1ab
0123211c1
00f2f0ec1
01110f0a1
012f2d281
000ab21fb
014b49441
000ab5237
016967621
013937321
015755501
0175736e1
000ab9287
000abc2c3
017f7d781
