00000200b
000005017
000008023
00000b02f
00000e03b
00001104b
02220020e
00001506b
022e002ce
000018083
023a0038e
00001b09b
0204002ad
00001e0b3
020a0036d
00002114b
02420040e
000024163
024e004ce
00002717b
000028183
02100042d
02120046d
00240a08b
00002d1ab
021a0056d
000030243
00003124b
02a600a4e
000034263
00003526b
021c005ad
021e005ed
002a1614b
00003a293
00003b29b
00003c2a3
02b600b4e
00003f2bb
00342a28b
00383230b
025200b6d
025600bed
025a00c6d
00362e2cb
02da00d8e
03220120e
032a0128e
006e5654b
00705a58b
00725e5cb
003c3a38b
03320130e
033e013ce
03460144e
00746260b
029a0136d
00b09290b
02a20146d
034e014ce
03560154e
00b29694b
02a6014ed
00b49a98b
02ac015ad
00c0b2b0b
00baa6a4b
00beaeacb
00c4bab8b
004644003
00cccac8b
046446241
048c0a8b1
047846381
006602641
006e066c1
00d2d0002
0000010cf
048046401
048846481
0000050ef
049446541
008612841
009218901
000008107
049c465c1
04e08ea01
04e88ea81
00000d12f
009e1e9c1
00e602e41
00000e137
00000f13f
000042353
00004335b
000044363
000046373
00004536b
0000141e7
00f60af41
00004938b
010211001
010613041
00004f3bb
0000161f7
05148ed41
051c8edc1
00001a217
00001b21f
011e1f1c1
00001c227
056cd72c1
000050083
00005108b
0000202c7
0000212cf
016a05681
0000560b3
0000580c3
017a0d781
00005b0db
00005c0e3
0584d7441
0588d7481
058cd74c1
0000272ff
000028307
018a15881
01961b941
03a201a0e
00002b31f
00002c327
03b201b0e
02d801a2d
03ba01b8e
000062193
02de01aed
0000651ab
03be01bce
0000681c3
03c601c4e
00006b1db
03d201d0e
00f8dad8b
00006f1fb
02ea01c6d
02ee01ced
02f201d6d
02420040e
00fee6e4b
02520050e
03200042d
0324004ad
0104f2f0b
025a0058e
010d0300b
026a0068e
026e006ce
032e005ed
03320066d
010f0704b
027a0078e
02c200c0e
03380072d
01472f2cb
01493330b
036a00c6d
01151310b
02d200d0e
02de00dce
05160d14f
037000d2d
01554b48b
037600ded
02ea00e8e
02ee00ece
02f600f4e
02fe00fce
037e00eed
018d7370b
038400fad
01917b78b
01937f7cb
01978784b
019d9390b
011f1c003
01a5a3a0b
05e51fa41
05640b631
05f91fb81
01e603e41
01ee07ec1
01aba8002
0000313cf
04211fc01
04291fc81
0000353ef
04351fd41
002612241
003218301
000038047
043d1fdc1
048166401
048966481
00003d06f
003e1e3c1
008602841
00003e077
00003f07f
000072293
00007329b
0000742a3
0000762b3
0000752ab
000044127
00960a941
0000792cb
00a210a01
00a612a41
00007f2fb
000046137
04b566741
04bd667c1
00004a157
00004b15f
00be1ebc1
00004c167
050daecc1
000080383
00008138b
000050207
00005120f
010a05081
0000863b3
0000883c3
011a0d181
00008b3db
00008c3e3
0525aee41
0529aee81
052daeec1
00005723f
000058247
012a15281
01361b341
03420140e
00005b25f
00005c267
03520150e
03b00142d
035a0158e
0000920d3
03b6014ed
0000950eb
035e015ce
000098103
03660164e
00009b11b
03720170e
01d1b3b0b
00009f13b
03c20166d
03c6016ed
03ca0176d
03c201c0e
01d7bfbcb
03d201d0e
03f801c2d
03fc01cad
01ddcbc8b
03da01d8e
01e5dbd8b
03ea01e8e
03ee01ece
020601ded
020a01e6d
01e7dfdcb
03fa01f8e
02620060e
021001f2d
001e0604b
00200a08b
02420066d
01edebe8b
02720070e
027e007ce
05ee0decf
02480072d
002c2220b
024e007ed
028a0088e
028e008ce
02960094e
029e009ce
0256008ed
00644a48b
025c009ad
00685250b
006a5654b
006e5e5cb
00746a68b
01f7f4003
007c7a78b
0585f7441
043c0a3b1
0599f7581
018603841
018e078c1
008280002
00006130f
05a1f7601
05a9f7681
00006532f
05b5f7741
01a613a41
01b219b01
000068347
05bdf77c1
04203fc01
04283fc81
00006d36f
01be1fbc1
002602241
00006e377
00006f37f
0000a21d3
0000a31db
0000a41e3
0000a61f3
0000a51eb
000074067
00360a341
0000a920b
004210401
004612441
0000af23b
000076077
04543ff41
045c3ffc1
00007a097
00007b09f
005e1e5c1
00007c0a7
04ac866c1
0000b02c3
0000b12cb
000080147
00008114f
00aa04a81
0000b62f3
0000b8303
00ba0cb81
0000bb31b
0000bc323
04c486841
04c886881
04cc868c1
00008717f
000088187
00ca14c81
00d61ad41
02e200e0e
00008b19f
00008c1a7
02f200f0e
028800e2d
02fa00f8e
0000c23d3
028e00eed
0000c53eb
02fe00fce
0000c8043
03060104e
0000cb05b
03120110e
00a88a88b
0000cf07b
029a0106d
029e010ed
02a20116d
03620160e
00ae9694b
03720170e
02d00162d
02d4016ad
00b4a2a0b
037a0178e
00bcb2b0b
038a0188e
038e018ce
02de017ed
02e20186d
00beb6b4b
039a0198e
03e201e0e
02e80192d
00f6dedcb
00f8e2e0b
031a01e6d
00c4c2c0b
03f201f0e
03fe01fce
04c60cc4f
032001f2d
0104faf8b
032601fed
022a0028e
022e002ce
02360034e
023e003ce
032e002ed
013d2320b
0334003ad
01412b28b
01432f2cb
01473734b
014d4340b
00cecc003
01555350b
0524cee41
05140b131
0538cef81
012603241
012e072c1
015b58002
00009124f
0540cf001
0548cf081
00009526f
0554cf141
014613441
015219501
000098287
055ccf1c1
05a117601
05a917681
00009d2af
015e1f5c1
01a603a41
00009e2b7
00009f2bf
0000d2113
0000d311b
0000d4123
0000d6133
0000d512b
0000a4367
01b60bb41
0000d914b
01c211c01
01c613c41
0000df17b
0000a6377
05d517941
05dd179c1
0000aa397
0000ab39f
01de1fdc1
0000ac3a7
044d5fec1
0000e0203
0000e120b
0000b0087
0000b108f
004a04481
0000e6233
0000e8243
005a0c581
0000eb25b
0000ec263
04655e241
04695e281
046d5e2c1
0000b70bf
0000b80c7
006a14681
00761a741
02820080e
0000bb0df
0000bc0e7
02920090e
03600082d
029a0098e
0000f2313
0366008ed
0000f532b
029e009ce
0000f8343
02a600a4e
0000fb35b
02b200b0e
01816360b
0000ff37b
037200a6d
037600aed
037a00b6d
03020100e
01876f6cb
03120110e
03a80102d
03ac010ad
018d7b78b
031a0118e
01958b88b
032a0128e
032e012ce
03b6011ed
03ba0126d
01978f8cb
033a0138e
03820180e
03c00132d
01cfb7b4b
01d1bbb8b
03f20186d
019d9b98b
03920190e
039e019ce
059e0d9cf
03f80192d
01ddd3d0b
03fe019ed
03aa01a8e
03ae01ace
03b601b4e
03be01bce
020601aed
0015fbf8b
020c01bad
00180200b
001a0604b
001e0e0cb
00241a18b
01a7a4003
002c2a28b
04c5a6841
05ec0beb1
04d9a6981
00c602c41
00ce06cc1
003230002
0000c118f
04e1a6a01
04e9a6a81
0000c51af
04f5a6b41
00e612e41
00f218f01
0000c81c7
04fda6bc1
0541ef001
0549ef081
0000cd1ef
00fe1efc1
014603441
0000ce1f7
0000cf1ff
000102053
00010305b
000104063
000106073
00010506b
0000d42a7
01560b541
00010908b
016211601
016613641
00010f0bb
0000d62b7
0575ef341
057def3c1
0000da2d7
0000db2df
017e1f7c1
0000dc2e7
05cc378c1
000110143
00011114b
0000e0387
0000e138f
01ca05c81
000116173
000118183
01da0dd81
00011b19b
00011c1a3
05e437a41
05e837a81
05ec37ac1
0000e73bf
0000e83c7
01ea15e81
01f61bf41
02220020e
0000eb3df
0000ec3e7
02320030e
02380022d
023a0038e
000122253
023e002ed
00012526b
023e003ce
000128283
02460044e
00012b29b
02520050e
00583a38b
00012f2bb
024a0046d
024e004ed
02520056d
02a200a0e
005e4644b
02b200b0e
028000a2d
028400aad
00645250b
02ba00b8e
006c6260b
02ca00c8e
02ce00cce
028e00bed
029200c6d
006e6664b
02da00d8e
03220120e
029800d2d
00a68e8cb
00a89290b
02ca0126d
00747270b
03320130e
033e013ce
04760c74f
02d00132d
00b4aaa8b
02d6013ed
034a0148e
034e014ce
03560154e
035e015ce
02de014ed
00ecd2d0b
02e4015ad
00f0dad8b
00f2dedcb
00f6e6e4b
00fcf2f0b
007e7c003
01050300b
04647e241
04c40ac31
04787e381
006602641
006e066c1
010b08002
0000f10cf
04807e401
04887e481
0000f50ef
04947e541
008612841
009218901
0000f8107
049c7e5c1
04e0c6a01
04e8c6a81
0000fd12f
009e1e9c1
00e602e41
0000fe137
0000ff13f
000132353
00013335b
000134363
000136373
00013536b
0001041e7
00f60af41
00013938b
010211001
010613041
00013f3bb
0001061f7
0514c6d41
051cc6dc1
00010a217
00010b21f
011e1f1c1
00010c227
056d0f2c1
000140083
00014108b
0001102c7
0001112cf
016a05681
0001460b3
0001480c3
017a0d781
00014b0db
00014c0e3
05850f441
05890f481
058d0f4c1
0001172ff
000118307
018a15881
01961b941
03a201a0e
00011b31f
00011c327
03b201b0e
031001a2d
03ba01b8e
000152193
031601aed
0001551ab
03be01bce
0001581c3
03c601c4e
00015b1db
03d201d0e
01311310b
00015f1fb
032201c6d
032601ced
032a01d6d
02420040e
01371f1cb
02520050e
03580042d
035c004ad
013d2b28b
025a0058e
01453b38b
026a0068e
026e006ce
0366005ed
036a0066d
01473f3cb
027a0078e
02c200c0e
03700072d
017f6764b
01816b68b
03a200c6d
014d4b48b
02d200d0e
02de00dce
054e0d4cf
03a800d2d
018d8380b
03ae00ded
02ea00e8e
02ee00ece
02f600f4e
02fe00fce
03b600eed
01c5aba8b
03bc00fad
01c9b3b0b
01cbb7b4b
01cfbfbcb
01d5cbc8b
015754003
01dddbd8b
05e557a41
059c0b9b1
05f957b81
01e603e41
01ee07ec1
01e3e0002
0001213cf
042157c01
042957c81
0001253ef
043557d41
002612241
003218301
000128047
043d57dc1
04819e401
04899e481
00012d06f
003e1e3c1
008602841
00012e077
00012f07f
000162293
00016329b
0001642a3
0001662b3
0001652ab
000134127
00960a941
0001692cb
00a210a01
00a612a41
00016f2fb
000136137
04b59e741
04bd9e7c1
00013a157
00013b15f
00be1ebc1
00013c167
050de6cc1
000170383
00017138b
000140207
00014120f
010a05081
0001763b3
0001783c3
011a0d181
00017b3db
00017c3e3
0525e6e41
0529e6e81
052de6ec1
00014723f
000148247
012a15281
01361b341
03420140e
00014b25f
00014c267
03520150e
03e80142d
035a0158e
0001820d3
03ee014ed
0001850eb
035e015ce
000188103
03660164e
00018b11b
03720170e
0009ebe8b
00018f13b
03fa0166d
03fe016ed
02020176d
03c201c0e
000ff7f4b
03d201d0e
023001c2d
023401cad
00140200b
03da01d8e
001c1210b
03ea01e8e
03ee01ece
023e01ded
024201e6d
001e1614b
03fa01f8e
02620060e
024801f2d
00563e3cb
00584240b
027a0066d
00242220b
02720070e
027e007ce
04260c24f
02800072d
00645a58b
0286007ed
028a0088e
028e008ce
02960094e
029e009ce
028e008ed
009c8280b
0294009ad
00a08a88b
00a28e8cb
00a69694b
00aca2a0b
002e2c003
00b4b2b0b
05842f441
04740a731
05982f581
018603841
018e078c1
00bab8002
00015130f
05a02f601
05a82f681
00015532f
05b42f741
01a613a41
01b219b01
000158347
05bc2f7c1
042077c01
042877c81
00015d36f
01be1fbc1
002602241
00015e377
00015f37f
0001921d3
0001931db
0001941e3
0001961f3
0001951eb
000164067
00360a341
00019920b
004210401
004612441
00019f23b
000166077
045477f41
045c77fc1
00016a097
00016b09f
005e1e5c1
00016c0a7
04acbe6c1
0001a02c3
0001a12cb
000170147
00017114f
00aa04a81
0001a62f3
0001a8303
00ba0cb81
0001ab31b
0001ac323
04c4be841
04c8be881
04ccbe8c1
00017717f
000178187
00ca14c81
00d61ad41
02e200e0e
00017b19f
00017c1a7
02f200f0e
02c000e2d
02fa00f8e
0001b23d3
02c600eed
0001b53eb
02fe00fce
0001b8043
03060104e
0001bb05b
03120110e
00e0c2c0b
0001bf07b
02d20106d
02d6010ed
02da0116d
03620160e
00e6ceccb
03720170e
03080162d
030c016ad
00ecdad8b
037a0178e
00f4eae8b
038a0188e
038e018ce
0316017ed
031a0186d
00f6eeecb
039a0198e
03e201e0e
03200192d
012f1714b
01311b18b
035201e6d
00fcfaf8b
03f201f0e
03fe01fce
04fe0cfcf
035801f2d
013d3330b
035e01fed
022a0028e
022e002ce
02360034e
023e003ce
0366002ed
01755b58b
036c003ad
01796360b
017b6764b
017f6f6cb
01857b78b
010704003
018d8b88b
052506e41
054c0b4b1
053906f81
012603241
012e072c1
019390002
00018124f
054107001
054907081
00018526f
055507141
014613441
015219501
000188287
055d071c1
05a14f601
05a94f681
00018d2af
015e1f5c1
01a603a41
00018e2b7
00018f2bf
0001c2113
0001c311b
0001c4123
0001c6133
0001c512b
000194367
01b60bb41
0001c914b
01c211c01
01c613c41
0001cf17b
000196377
05d54f941
05dd4f9c1
00019a397
00019b39f
01de1fdc1
00019c3a7
044d97ec1
0001d0203
0001d120b
0001a0087
0001a108f
004a04481
0001d6233
0001d8243
005a0c581
0001db25b
0001dc263
046596241
046996281
046d962c1
0001a70bf
0001a80c7
006a14681
00761a741
02820080e
0001ab0df
0001ac0e7
02920090e
03980082d
029a0098e
0001e2313
039e008ed
0001e532b
029e009ce
0001e8343
02a600a4e
0001eb35b
02b200b0e
01b99b98b
0001ef37b
03aa00a6d
03ae00aed
03b200b6d
03020100e
01bfa7a4b
03120110e
03e00102d
03e4010ad
01c5b3b0b
031a0118e
01cdc3c0b
032a0128e
032e012ce
03ee011ed
03f20126d
01cfc7c4b
033a0138e
03820180e
03f80132d
0007efecb
0009f3f0b
022a0186d
01d5d3d0b
03920190e
039e019ce
05d60dd4f
02300192d
00140a08b
0236019ed
03aa01a8e
03ae01ace
03b601b4e
03be01bce
023e01aed
004c3230b
024401bad
00503a38b
00523e3cb
00564644b
005c5250b
01dfdc003
00646260b
04c5de841
04240a231
04d9de981
00c602c41
00ce06cc1
006a68002
0001b118f
04e1dea01
04e9dea81
0001b51af
04f5deb41
00e612e41
00f218f01
0001b81c7
04fddebc1
054027001
054827081
0001bd1ef
00fe1efc1
014603441
0001be1f7
0001bf1ff
0001f2053
0001f305b
0001f4063
0001f6073
0001f506b
0001c42a7
01560b541
0001f908b
016211601
016613641
0001ff0bb
0001c62b7
057427341
057c273c1
0001ca2d7
0001cb2df
017e1f7c1
0001cc2e7
05cc6f8c1
000200143
00020114b
0001d0387
0001d138f
01ca05c81
000206173
000208183
01da0dd81
00020b19b
00020c1a3
05e46fa41
05e86fa81
05ec6fac1
0001d73bf
0001d83c7
01ea15e81
01f61bf41
02220020e
0001db3df
0001dc3e7
02320030e
02700022d
023a0038e
000212253
0276002ed
00021526b
023e003ce
000218283
02460044e
00021b29b
02520050e
00907270b
00021f2bb
02820046d
0286004ed
028a0056d
02a200a0e
00967e7cb
02b200b0e
02b800a2d
02bc00aad
009c8a88b
02ba00b8e
00a49a98b
02ca00c8e
02ce00cce
02c600bed
02ca00c6d
00a69e9cb
02da00d8e
03220120e
02d000d2d
00dec6c4b
00e0cac8b
03020126d
00acaaa8b
03320130e
033e013ce
04ae0cacf
03080132d
00ece2e0b
030e013ed
034a0148e
034e014ce
03560154e
035e015ce
0316014ed
01250b08b
031c015ad
01291310b
012b1714b
012f1f1cb
01352b28b
00b6b4003
013d3b38b
0464b6241
04fc0afb1
0478b6381
006602641
006e066c1
014340002
0001e10cf
0480b6401
0488b6481
0001e50ef
0494b6541
008612841
009218901
0001e8107
049cb65c1
04e0fea01
04e8fea81
0001ed12f
009e1e9c1
00e602e41
0001ee137
0001ef13f
000222353
00022335b
000224363
000226373
00022536b
0001f41e7
00f60af41
00022938b
010211001
010613041
00022f3bb
0001f61f7
0514fed41
051cfedc1
0001fa217
0001fb21f
011e1f1c1
0001fc227
056d472c1
000230083
00023108b
0002002c7
0002012cf
016a05681
0002360b3
0002380c3
017a0d781
00023b0db
00023c0e3
058547441
058947481
058d474c1
0002072ff
000208307
018a15881
01961b941
03a201a0e
00020b31f
00020c327
03b201b0e
034801a2d
03ba01b8e
000242193
034e01aed
0002451ab
03be01bce
0002481c3
03c601c4e
00024b1db
03d201d0e
01694b48b
00024f1fb
035a01c6d
035e01ced
036201d6d
02420040e
016f5754b
02520050e
03900042d
0394004ad
01756360b
025a0058e
017d7370b
026a0068e
026e006ce
039e005ed
03a20066d
017f7774b
027a0078e
02c200c0e
03a80072d
01b79f9cb
01b9a3a0b
03da00c6d
01858380b
02d200d0e
02de00dce
05860d84f
03e000d2d
01c5bbb8b
03e600ded
02ea00e8e
02ee00ece
02f600f4e
02fe00fce
03ee00eed
01fde3e0b
03f400fad
0001ebe8b
0003efecb
0007f7f4b
000c0200b
018f8c003
00141210b
05e58fa41
05d40bd31
05f98fb81
01e603e41
01ee07ec1
001a18002
0002113cf
04218fc01
04298fc81
0002153ef
04358fd41
002612241
003218301
000218047
043d8fdc1
0481d6401
0489d6481
00021d06f
003e1e3c1
008602841
00021e077
00021f07f
000252293
00025329b
0002542a3
0002562b3
0002552ab
000224127
00960a941
0002592cb
00a210a01
00a612a41
00025f2fb
000226137
04b5d6741
04bdd67c1
00022a157
00022b15f
00be1ebc1
00022c167
050c1ecc1
000260383
00026138b
000230207
00023120f
010a05081
0002663b3
0002683c3
011a0d181
00026b3db
00026c3e3
05241ee41
05281ee81
052c1eec1
00023723f
000238247
012a15281
01361b341
03420140e
00023b25f
00023c267
03520150e
02200142d
035a0158e
0002720d3
0226014ed
0002750eb
035e015ce
000278103
03660164e
00027b11b
03720170e
00402220b
00027f13b
02320166d
0236016ed
023a0176d
03c201c0e
00462e2cb
03d201d0e
026801c2d
026c01cad
004c3a38b
03da01d8e
00544a48b
03ea01e8e
03ee01ece
027601ded
027a01e6d
00564e4cb
03fa01f8e
02620060e
028001f2d
008e7674b
00907a78b
02b20066d
005c5a58b
02720070e
027e007ce
045e0c5cf
02b80072d
009c9290b
02be007ed
028a0088e
028e008ce
02960094e
029e009ce
02c6008ed
00d4bab8b
02cc009ad
00d8c2c0b
00dac6c4b
00dececcb
00e4dad8b
006664003
00eceae8b
058467441
04ac0aab1
059867581
018603841
018e078c1
00f2f0002
00024130f
05a067601
05a867681
00024532f
05b467741
01a613a41
01b219b01
000248347
05bc677c1
0420afc01
0428afc81
00024d36f
01be1fbc1
002602241
00024e377
00024f37f
0002821d3
0002831db
0002841e3
0002861f3
0002851eb
000254067
00360a341
00028920b
004210401
004612441
00028f23b
000256077
0454aff41
045caffc1
00025a097
00025b09f
005e1e5c1
00025c0a7
04acf66c1
0002902c3
0002912cb
000260147
00026114f
00aa04a81
0002962f3
000298303
00ba0cb81
00029b31b
00029c323
04c4f6841
04c8f6881
04ccf68c1
00026717f
000268187
00ca14c81
00d61ad41
02e200e0e
00026b19f
00026c1a7
02f200f0e
02f800e2d
02fa00f8e
0002a23d3
02fe00eed
0002a53eb
02fe00fce
0002a8043
03060104e
0002ab05b
03120110e
0118faf8b
0002af07b
030a0106d
030e010ed
03120116d
03620160e
011f0704b
03720170e
03400162d
0344016ad
01251310b
037a0178e
012d2320b
038a0188e
038e018ce
034e017ed
03520186d
012f2724b
039a0198e
03e201e0e
03580192d
01674f4cb
01695350b
038a01e6d
01353330b
03f201f0e
03fe01fce
05360d34f
039001f2d
01756b68b
039601fed
022a0028e
022e002ce
02360034e
023e003ce
039e002ed
01ad9390b
03a4003ad
01b19b98b
01b39f9cb
01b7a7a4b
01bdb3b0b
013f3c003
01c5c3c0b
05253ee41
05840b831
05393ef81
012603241
012e072c1
01cbc8002
00027124f
05413f001
05493f081
00027526f
05553f141
014613441
015219501
000278287
055d3f1c1
05a187601
05a987681
00027d2af
015e1f5c1
01a603a41
00027e2b7
00027f2bf
0002b2113
0002b311b
0002b4123
0002b6133
0002b512b
000284367
01b60bb41
0002b914b
01c211c01
01c613c41
0002bf17b
000286377
05d587941
05dd879c1
00028a397
00028b39f
01de1fdc1
00028c3a7
044dcfec1
0002c0203
0002c120b
000290087
00029108f
004a04481
0002c6233
0002c8243
005a0c581
0002cb25b
0002cc263
0465ce241
0469ce281
046dce2c1
0002970bf
0002980c7
006a14681
00761a741
02820080e
00029b0df
00029c0e7
02920090e
03d00082d
029a0098e
0002d2313
03d6008ed
0002d532b
029e009ce
0002d8343
02a600a4e
0002db35b
02b200b0e
01f1d3d0b
0002df37b
03e200a6d
03e600aed
03ea00b6d
03020100e
01f7dfdcb
03120110e
02180102d
021c010ad
01fdebe8b
031a0118e
0005fbf8b
032a0128e
032e012ce
0226011ed
022a0126d
0007fffcb
033a0138e
03820180e
02300132d
003e2624b
00402a28b
02620186d
000c0a08b
03920190e
039e019ce
040e0c0cf
02680192d
004c4240b
026e019ed
03aa01a8e
03ae01ace
03b601b4e
03be01bce
027601aed
00846a68b
027c01bad
00887270b
008a7674b
008e7e7cb
00948a88b
001614003
009c9a98b
04c416841
045c0a5b1
04d816981
00c602c41
00ce06cc1
00a2a0002
0002a118f
04e016a01
04e816a81
0002a51af
04f416b41
00e612e41
00f218f01
0002a81c7
04fc16bc1
05405f001
05485f081
0002ad1ef
00fe1efc1
014603441
0002ae1f7
0002af1ff
0002e2053
0002e305b
0002e4063
0002e6073
0002e506b
0002b42a7
01560b541
0002e908b
016211601
016613641
0002ef0bb
0002b62b7
05745f341
057c5f3c1
0002ba2d7
0002bb2df
017e1f7c1
0002bc2e7
05cca78c1
0002f0143
0002f114b
0002c0387
0002c138f
01ca05c81
0002f6173
0002f8183
01da0dd81
0002fb19b
0002fc1a3
05e4a7a41
05e8a7a81
05eca7ac1
0002c73bf
0002c83c7
01ea15e81
01f61bf41
02220020e
0002cb3df
0002cc3e7
02320030e
02a80022d
023a0038e
000302253
02ae002ed
00030526b
023e003ce
000308283
02460044e
00030b29b
02520050e
00c8aaa8b
00030f2bb
02ba0046d
02be004ed
02c20056d
02a200a0e
00ceb6b4b
02b200b0e
02f000a2d
02f400aad
00d4c2c0b
02ba00b8e
00dcd2d0b
02ca00c8e
02ce00cce
02fe00bed
030200c6d
00ded6d4b
02da00d8e
03220120e
030800d2d
0116fefcb
01190300b
033a0126d
00e4e2e0b
03320130e
033e013ce
04e60ce4f
03400132d
01251b18b
0346013ed
034a0148e
034e014ce
03560154e
035e015ce
034e014ed
015d4340b
0354015ad
01614b48b
01634f4cb
01675754b
016d6360b
00eeec003
01757370b
0464ee241
05340b331
0478ee381
006602641
006e066c1
017b78002
0002d10cf
0480ee401
0488ee481
0002d50ef
0494ee541
008612841
009218901
0002d8107
049cee5c1
04e136a01
04e936a81
0002dd12f
009e1e9c1
00e602e41
0002de137
0002df13f
000312353
00031335b
000314363
000316373
00031536b
0002e41e7
00f60af41
00031938b
010211001
010613041
00031f3bb
0002e61f7
051536d41
051d36dc1
0002ea217
0002eb21f
011e1f1c1
0002ec227
056d7f2c1
000320083
00032108b
0002f02c7
0002f12cf
016a05681
0003260b3
0003280c3
017a0d781
00032b0db
00032c0e3
05857f441
05897f481
058d7f4c1
0002f72ff
0002f8307
018a15881
01961b941
03a201a0e
0002fb31f
0002fc327
03b201b0e
038001a2d
03ba01b8e
000332193
038601aed
0003351ab
03be01bce
0003381c3
03c601c4e
00033b1db
03d201d0e
01a18380b
00033f1fb
039201c6d
039601ced
039a01d6d
02420040e
01a78f8cb
02520050e
03c80042d
03cc004ad
01ad9b98b
025a0058e
01b5aba8b
026a0068e
026e006ce
03d6005ed
03da0066d
01b7afacb
027a0078e
02c200c0e
03e00072d
01efd7d4b
01f1dbd8b
021200c6d
01bdbbb8b
02d200d0e
02de00dce
05be0dbcf
021800d2d
01fdf3f0b
021e00ded
02ea00e8e
02ee00ece
02f600f4e
02fe00fce
022600eed
00341a18b
022c00fad
00382220b
003a2624b
003e2e2cb
00443a38b
01c7c4003
004c4a48b
05e5c7a41
040c0a0b1
05f9c7b81
01e603e41
01ee07ec1
005250002
0003013cf
0421c7c01
0429c7c81
0003053ef
0435c7d41
002612241
003218301
000308047
043dc7dc1
04800e401
04880e481
00030d06f
003e1e3c1
008602841
00030e077
00030f07f
000342293
00034329b
0003442a3
0003462b3
0003452ab
000314127
00960a941
0003492cb
00a210a01
00a612a41
00034f2fb
000316137
04b40e741
04bc0e7c1
00031a157
00031b15f
00be1ebc1
00031c167
050c56cc1
000350383
00035138b
000320207
00032120f
010a05081
0003563b3
0003583c3
011a0d181
00035b3db
00035c3e3
052456e41
052856e81
052c56ec1
00032723f
000328247
012a15281
01361b341
03420140e
00032b25f
00032c267
03520150e
02580142d
035a0158e
0003620d3
025e014ed
0003650eb
035e015ce
000368103
03660164e
00036b11b
03720170e
00785a58b
00036f13b
026a0166d
026e016ed
02720176d
03c201c0e
007e6664b
03d201d0e
02a001c2d
02a401cad
00847270b
03da01d8e
008c8280b
03ea01e8e
03ee01ece
02ae01ded
02b201e6d
008e8684b
03fa01f8e
02620060e
02b801f2d
00c6aeacb
00c8b2b0b
02ea0066d
00949290b
02720070e
027e007ce
04960c94f
02f00072d
00d4cac8b
02f6007ed
028a0088e
028e008ce
02960094e
029e009ce
02fe008ed
010cf2f0b
0304009ad
0110faf8b
0112fefcb
01170704b
011d1310b
009e9c003
01252320b
05849f441
04e40ae31
05989f581
018603841
018e078c1
012b28002
00033130f
05a09f601
05a89f681
00033532f
05b49f741
01a613a41
01b219b01
000338347
05bc9f7c1
0420e7c01
0428e7c81
00033d36f
01be1fbc1
002602241
00033e377
00033f37f
0003721d3
0003731db
0003741e3
0003761f3
0003751eb
000344067
00360a341
00037920b
004210401
004612441
00037f23b
000346077
0454e7f41
045ce7fc1
00034a097
00034b09f
005e1e5c1
00034c0a7
04ad2e6c1
0003802c3
0003812cb
000350147
00035114f
00aa04a81
0003862f3
000388303
00ba0cb81
00038b31b
00038c323
04c52e841
04c92e881
04cd2e8c1
00035717f
000358187
00ca14c81
00d61ad41
02e200e0e
00035b19f
00035c1a7
02f200f0e
033000e2d
02fa00f8e
0003923d3
033600eed
0003953eb
02fe00fce
000398043
03060104e
00039b05b
03120110e
01513330b
00039f07b
03420106d
0346010ed
034a0116d
03620160e
01573f3cb
03720170e
03780162d
037c016ad
015d4b48b
037a0178e
01655b58b
038a0188e
038e018ce
0386017ed
038a0186d
01675f5cb
039a0198e
03e201e0e
03900192d
019f8784b
01a18b88b
03c201e6d
016d6b68b
03f201f0e
03fe01fce
056e0d6cf
03c801f2d
01ada3a0b
03ce01fed
022a0028e
022e002ce
02360034e
023e003ce
03d6002ed
01e5cbc8b
03dc003ad
01e9d3d0b
01ebd7d4b
01efdfdcb
01f5ebe8b
017774003
01fdfbf8b
052576e41
05bc0bbb1
053976f81
012603241
012e072c1
000200002
00036124f
054177001
054977081
00036526f
055577141
014613441
015219501
000368287
055d771c1
05a1bf601
05a9bf681
00036d2af
015e1f5c1
01a603a41
00036e2b7
00036f2bf
0003a2113
0003a311b
0003a4123
0003a6133
0003a512b
000374367
01b60bb41
0003a914b
01c211c01
01c613c41
0003af17b
000376377
05d5bf941
05ddbf9c1
00037a397
00037b39f
01de1fdc1
00037c3a7
044c07ec1
0003b0203
0003b120b
000380087
00038108f
004a04481
0003b6233
0003b8243
005a0c581
0003bb25b
0003bc263
046406241
046806281
046c062c1
0003870bf
0003880c7
006a14681
00761a741
02820080e
00038b0df
00038c0e7
02920090e
02080082d
029a0098e
0003c2313
020e008ed
0003c532b
029e009ce
0003c8343
02a600a4e
0003cb35b
02b200b0e
00280a08b
0003cf37b
021a00a6d
021e00aed
022200b6d
03020100e
002e1614b
03120110e
02500102d
0254010ad
00342220b
031a0118e
003c3230b
032a0128e
032e012ce
025e011ed
02620126d
003e3634b
033a0138e
03820180e
02680132d
00765e5cb
00786260b
029a0186d
00444240b
03920190e
039e019ce
04460c44f
02a00192d
00847a78b
02a6019ed
03aa01a8e
03ae01ace
03b601b4e
03be01bce
02ae01aed
00bca2a0b
02b401bad
00c0aaa8b
00c2aeacb
00c6b6b4b
00ccc2c0b
004e4c003
00d4d2d0b
04c44e841
04940a931
04d84e981
00c602c41
00ce06cc1
00dad8002
00039118f
04e04ea01
04e84ea81
0003951af
04f44eb41
00e612e41
00f218f01
0003981c7
04fc4ebc1
054097001
054897081
00039d1ef
00fe1efc1
014603441
00039e1f7
00039f1ff
0003d2053
0003d305b
0003d4063
0003d6073
0003d506b
0003a42a7
01560b541
0003d908b
016211601
016613641
0003df0bb
0003a62b7
057497341
057c973c1
0003aa2d7
0003ab2df
017e1f7c1
0003ac2e7
05ccdf8c1
0003e0143
0003e114b
0003b0387
0003b138f
01ca05c81
0003e6173
0003e8183
01da0dd81
0003eb19b
0003ec1a3
05e4dfa41
05e8dfa81
05ecdfac1
0003b73bf
0003b83c7
01ea15e81
01f61bf41
02220020e
0003bb3df
0003bc3e7
02320030e
02e00022d
023a0038e
0003f2253
02e6002ed
0003f526b
023e003ce
0003f8283
02460044e
0003fb29b
02520050e
0100e2e0b
0003ff2bb
02f20046d
02f6004ed
02fa0056d
02a200a0e
0106eeecb
02b200b0e
032800a2d
032c00aad
010cfaf8b
02ba00b8e
01150b08b
02ca00c8e
02ce00cce
033600bed
033a00c6d
01170f0cb
02da00d8e
03220120e
034000d2d
014f3734b
01513b38b
03720126d
011d1b18b
03320130e
033e013ce
051e0d1cf
03780132d
015d5350b
037e013ed
034a0148e
034e014ce
03560154e
035e015ce
0386014ed
01957b78b
038c015ad
01998380b
019b8784b
019f8f8cb
01a59b98b
012724003
01adaba8b
046526241
056c0b6b1
047926381
006602641
006e066c1
01b3b0002
0003c10cf
048126401
048926481
0003c50ef
049526541
008612841
009218901
0003c8107
049d265c1
04e16ea01
04e96ea81
0003cd12f
009e1e9c1
00e602e41
0003ce137
0003cf13f
000402353
00040335b
000404363
000406373
00040536b
0003d41e7
00f60af41
00040938b
010211001
010613041
00040f3bb
0003d61f7
05156ed41
051d6edc1
0003da217
0003db21f
011e1f1c1
0003dc227
056db72c1
0003df23f
0003e02c7
0581b7401
017209701
017e0f7c1
0003e32df
0589b7481
0003e62f7
0595b7541
059db75c1
018e178c1
019a1d981
0003ea317
03a601a4e
03ae01ace
0003ee337
0003ef33f
03bc01aad
03c201b6d
03c201c0e
03ce01cce
01d9bbb8b
01dbbfbcb
01ddc3c0b
03da01d8e
01e9dbd8b
01e1cbc8b
01ebdfdcb
01f1ebe8b
01f3efecb
05f809f62
01fffc003
05e9ffa81
05f5ffb41
01e603e41
01f209f01
01fa0df81
0003f23d7
0425ffc41
042dffcc1
0003f63f7
002210201
002e162c1
00361a341
0003f904f
0003fb05f
003a1c381
0003ff07f
00000200b
000004013
02040004c
00000701f
020a000ac
00000a02b
02100010c
002002004
002206044
00000f03f
000010103
021c001cc
021e001ec
002812104
000015117
00001611b
02860088c
02840086c
0288008ac
028a008cc
00001c133
00001d137
00001e13b
02940096c
0298009ac
02960098c
029a009cc
029c009ec
02fc0100c
02fe0102c
00a894924
003a36344
00aa98964
00aea09e4
00ac9c9a4
00b0a4a24
00002d237
00002e23b
00002f23f
000030303
000031307
00003230b
00003330f
000034313
000035317
04243c023
04283c043
000039327
04343c0a3
04383c0c3
043c3c0e3
04403c103
00003e33b
04503c183
04583c1c3
00b8b4b24
03820188c
012d1f1c4
0386018cc
00bab8b64
03900196c
038e0194c
019d817e4
0396019cc
0398019ec
013733304
01a5918e4
023e0022b
01a999964
01afa5a24
023a39061
01b3adaa4
24b4ba8a3
0244002eb
24bcba8e3
024645061
02480036b
24c8ba943
24ccba963
024c003eb
24d4ba9a3
24d8ba9c3
00644c4a2
0252004ab
007064622
0066504e2
252d39063
253139083
006854522
025a005ab
253d390e3
02b2b1061
02bc00a2b
02be00a6b
254d39163
02bebd061
02c200aeb
2559391c3
02c400b2b
25a1b7803
02cac9061
02c800bab
25a9b7843
02d2d1061
02cc00c2b
02ce00c6b
24607c221
02dedd061
0000000c3
032321061
0000010c7
032725061
0000030cf
032b29061
246e7c3e1
0000050d7
0000060db
033331061
24747c4a1
0000080e3
033c0126b
24787c521
033e012ab
00f2eae82
0340012eb
247e7c5e1
25b9b78c3
00000e0fb
000040003
015d413e2
00004200b
03f80000c
02faf8003
0346013ab
25c5b7923
03fc0004c
00004a02b
25c9b7943
015f45422
0202000ac
00004e03b
0206000ec
001bfffc4
02080010c
020e0016c
034c0146b
02100018c
24e2faa61
0216001ec
002a1e1c4
016d615e2
24e6faae1
03a3a1061
01736d6a2
0000121cb
03a7a5061
0000131cf
0165514e2
24eefabe1
0356015ab
016f65622
24f2fac61
03b3b1061
0000181e3
24f6face1
03ba01a6b
00001a1eb
03bc01aab
017169662
03be01aeb
00001d1f7
00001e1fb
25d9b79c3
017775722
25ddb79e3
03cbc9061
000055117
242034003
037976003
000058123
000059127
00005a12b
0280008ac
0282008cc
03c601beb
00005e13b
00005f13f
028a0094c
03c801c2b
028c0096c
009c84824
03ca01c6b
0292009cc
256379261
03cc01cab
2565792a1
00a494924
03ce01ceb
0000212c7
256979321
03d001d2b
0000232cf
01e3cfcc2
00b0acaa4
03d401dab
01ede3e02
257379461
023231061
0000282e3
0000292e7
01e7d7d42
023a002ab
057d795a1
023c002eb
005638362
00002e2fb
044034103
044434123
01f5f3f02
023635061
000064213
0458341c3
00006621b
000068223
000069227
00006b22f
02f60102c
00006c233
24acb2863
02fc0108c
0300010cc
0302010ec
024241061
0116faf84
030c0118c
011b03004
011d07044
011f0b084
024a49061
01210f0c4
0242003ab
0000303c3
012b23204
005a403e2
0000323cb
02460042b
25edf7ba1
005c44422
01312f2c4
024a004ab
00685c5a2
024c004eb
25f5f7ca1
25f7f7ce1
0000393e7
02500056b
25fbf7d61
0252005ab
006a605e2
0254005eb
24bcb28e3
02b400a2b
00003f3ff
24c4b2923
000074313
02bab9061
00007631b
03760184c
000079327
02b800aab
037a0188c
037c018ac
00007e33b
00007f33f
02ba00aeb
24d4b29a3
0380018ec
24d8b29c3
02c6c5061
24dcb29e3
0199817e4
02be00b6b
252131003
027472003
019f8d8a4
01a599964
01a1918e4
02d2d1061
253131083
02d6d5061
00dac2c02
01ada9a64
02dedd061
2464742a1
00dcc6c42
00ece6e42
02cc00d2b
246a74361
00decac82
0000440d3
032f2d061
247074421
00e0cecc2
0000470df
033735061
0000490e7
247874521
0336012ab
00004c0f3
00eeeae82
047e745e1
053d310e3
054531123
015539362
054931143
00008300f
00008200b
000085017
0559311c3
016355522
000089027
00008a02b
25b1af883
01573d3a2
00008d037
25b5af8a3
03f60006c
25b9af8c3
03fe000ec
24e0f2a21
02040014c
24e2f2a61
0017fffc4
002012104
001802004
034f4d061
002216144
24e8f2b21
0340013eb
002822204
03420142b
24ecf2ba1
035b59061
0000551d7
0000561db
24f4f2ca1
0000571df
0348014eb
016b65622
034a0152b
0000591e7
034c0156b
24fcf2da1
03afad061
00005d1f7
03b001a2b
25c1af903
25c5af923
000091107
03bbb9061
000094113
02700082c
00009711f
0161514e2
02740086c
00009a12b
0278008ac
027c008ec
03c3c1061
0169615e2
009074724
25d5af9a3
03c7c5061
016d69662
02840096c
0096807e4
03cbc9061
009e908e4
24242c023
03cfcd061
24282c043
03716e003
03d3d1061
00a6a09e4
00a49c9a4
03c201c6b
24382c0c3
03c401cab
256371261
01d9c3c02
01e9e3e02
03c801d2b
256971321
01dbc7c42
0000632cf
022e2d061
256f713e1
01ddcbc82
0000662db
023635061
0000682e3
023a39061
257971521
01e7dfdc2
0234002eb
01ebe7e42
00006d2f7
057f715e1
043c2c0e3
04a0aa803
0000a1207
0000a0203
0000a220b
0000a320f
04582c1c3
0000a621b
0000a721f
04acaa863
04b0aa883
0000aa22b
02ee0102c
0000ae23b
0000af23f
02f6010ac
010ceeec4
02fc0110c
02fe0112c
0110f6f44
03040118c
0306011ac
25e7efae1
0000713c7
011703004
011907044
011b0b084
0000733cf
25edefba1
025e5d061
01231b184
025a59061
006054522
0000783e3
02a2a1061
0000773df
02460052b
25f9efd21
005844422
00007b3ef
006258562
25ffefde1
005a48462
00007d3f7
02b6b5061
0000b1307
0000b330f
02ae00a6b
0000b5317
036c0182c
0000b8323
24ccaa963
02bebd061
00645c5a2
0000bc333
0376018cc
037a0190c
00ccaeac2
037c0192c
018f75724
02b400b2b
03800196c
006a68662
0386019cc
00ceb2b02
0388019ec
252529023
02cecd061
252929043
02ba00beb
252d29063
02bc00c2b
2535290a3
02dad9061
24626c261
00ded2d02
0000800c3
032321061
0000810c7
032725061
0000830cf
032b29061
246e6c3e1
0000850d7
0000860db
033331061
24746c4a1
0000880e3
032c0126b
00008a0eb
00008b0ef
0330012eb
00008d0f7
03320132b
00e8e6e42
00008e0fb
0000c0003
0000c1007
0555291a3
05a1a7803
055129183
0000c701f
0000c601b
05ada7863
05a9a7843
0000cb02f
0000cc033
03ec0004c
034341061
03f00008c
03f4000cc
034745061
000befec4
03fe0016c
034b49061
0202001ac
24e4eaaa1
0000901c3
0013fffc4
001402004
001606044
0000921cb
24eaeab61
035755061
0000941d3
033c0146b
00221e1c4
033e014ab
015d514e2
24f2eac61
01533d3a2
24f6eace1
03aba9061
24faead61
0155413e2
00009c1f3
25bda78e3
24feeade1
015745422
0348015eb
0000d0103
0000d210b
0000d310f
02660080c
0000d611b
25cda7963
03bfbd061
0000d9127
25d1a7983
008668664
0000dd137
0000de13b
0000df13f
02760090c
03b001b2b
027a0094c
25d9a79c3
008a706e4
03b201b6b
25dda79e3
0284009ec
03b401bab
01d9cbc82
0092807e4
03b601beb
242c24063
243024083
03d7d5061
01cfb7b42
00a09c9a4
03dfdd061
00a2a09e4
022221061
0000a02c3
022625061
0000a22cb
022a29061
256d693a1
0000a42d3
0000a52d7
023231061
257369461
0000a72df
02280026b
2577694e1
022a002ab
257b69561
004628262
0000ac2f3
01e5e3e02
02300036b
044024103
03e7e4003
0000af2ff
044c24163
045024183
0454241a3
0000e5217
04a4a2823
04a8a2843
024241061
0000eb22f
02e40100c
0000ed237
24bca28e3
02ea0106c
25e1e7a21
02f2010ec
25e3e7a61
02f80114c
25e5e7aa1
010af2f04
0300011cc
0302011ec
0234003eb
25e9e7b21
0000b23cb
025655061
01190f0c4
0000b43d3
004c34322
0000b53d7
023a004ab
011f1b184
023c004eb
25f5e7ca1
01211f1c4
02a6a5061
0000ba3eb
02aaa9061
25fbe7d61
02aead061
0000be3fb
02b2b1061
24c0a2903
0000f0303
0000f230b
03620180c
005444422
24c8a2943
0000f731f
03680186c
0000fa32b
0000fb32f
0000fd337
24d0a2983
018365624
018569664
02c2c1061
00605c5a2
03760194c
019385824
037a0198c
037c019ac
018b75724
02cac9061
018d79764
02b000bab
00d4c6c42
01978d8a4
00c8aeac2
019b95924
0199918e4
02b600c6b
246064221
02b800cab
019f9d9a4
02ba00ceb
2466642e1
246864321
0000c20cb
02be00d6b
246c643a1
02c000dab
00d8cecc2
02c200deb
247264461
03220122b
2476644e1
00d2c2c02
247a64561
00dad2d02
014325222
047c645a1
0539210c3
054121103
032c0136b
0000cf0ff
054d21163
033b39061
02e2e0003
000104013
055d211e3
05a59f823
033f3d061
000108023
03e00000c
03e20002c
00010e03b
00010f03f
03ea000ac
0001e3e04
03f00010c
03f20012c
0005ebe84
03f80018c
03fc001cc
03fe001ec
032e013ab
24e6e2ae1
0000d11c7
035351061
00140a084
0000d31cf
00160e0c4
24eee2be1
0149312e2
24f0e2c21
03a3a1061
001c1a184
035f5d061
0000d81e3
0000da1eb
24f8e2d21
03a7a5061
0000db1ef
033e015ab
01574d4a2
03b3b1061
0000de1fb
03b7b5061
0000df1ff
03a401aab
25c99f943
000115117
02620084c
03a201a6b
000118123
02660088c
00011b12f
00011c133
03a601aeb
24201c003
026a008cc
02700092c
01c1a3a02
02760098c
00846c6a4
027a009cc
01c3a7a42
0278009ac
015f5d5a2
008874724
009084824
008c7c7a4
01c5aba82
009288864
03b001c2b
24341c0a3
03dbd9061
256161221
01d3c7c42
03b601ceb
2565612a1
2567612e1
0000e12c7
03ba01d6b
256b61361
03bc01dab
01d5cbc82
03be01deb
257161421
021e0022b
2575614a1
01cfbfbc2
0000e92e7
0000ea2eb
0000eb2ef
257d615a1
02260032b
0000ee2fb
004024222
04441c123
04481c143
022a003ab
004e403e2
023e3d061
000124213
045c1c1e3
004228262
000129227
000128223
24b49a8a3
00012c233
02e00104c
024645061
02e40108c
02e8010cc
024a49061
00fee2e04
02f20116c
024e4d061
0000f03c3
010cfefc4
0104eeec4
025251061
010f03004
25ebdfb61
022e0042b
01150f0c4
02300046b
25f1dfc21
25efdfbe1
0000f63db
25f3dfc61
0046302e2
0056504e2
25f7dfce1
0000f93e7
02380056b
25fddfda1
023c005eb
0000fc3f3
023a005ab
24b89a8c3
029c00a2b
0000ff3ff
24c49a923
000134313
02bab9061
00013631b
035e0184c
000139327
02a000aab
03620188c
0364018ac
00013e33b
00013f33f
02a200aeb
24d49a9a3
0368018ec
24d89a9c3
02c6c5061
24dc9a9e3
018169664
02a600b6b
252119003
025c5a003
018775724
018d817e4
018979764
02d2d1061
253119083
02d6d5061
00c2aaa82
0195918e4
02dedd061
24645c2a1
00c4aeac2
00d4cecc2
02b400d2b
246a5c361
00c6b2b02
0001040d3
032f2d061
24705c421
00c8b6b42
0001070df
033735061
0001090e7
24785c521
031e012ab
00010c0f3
00d6d2d02
047e5c5e1
053d190e3
054519123
013d211e2
054919143
00014300f
00014200b
000145017
0559191c3
014b3d3a2
000149027
00014a02b
25b197883
013f25222
00014d037
25b5978a3
03de0006c
25b9978c3
03e6000ec
24e0daa21
03ec0014c
24e2daa61
01ffe7e44
0009fbf84
0001ebe84
034f4d061
000bfffc4
24e8dab21
0328013eb
00100a084
032a0142b
24ecdaba1
035b59061
0001151d7
0001161db
24f4daca1
0001171df
0330014eb
01534d4a2
03320152b
0001191e7
03340156b
24fcdada1
03afad061
00011d1f7
039801a2b
25c197903
25c597923
000151107
03bbb9061
000154113
02580082c
00015711f
014939362
025c0086c
00015a12b
0260008ac
0264008ec
03c3c1061
015149462
00785c5a4
25d5979a3
03c7c5061
0155514e2
026c0096c
007e68664
03cbc9061
008678764
242414023
03cfcd061
242814043
035956003
03d3d1061
008e88864
008c84824
03aa01c6b
2438140c3
03ac01cab
256359261
01c1aba82
01d1cbc82
03b001d2b
256959321
01c3afac2
0001232cf
022e2d061
256f593e1
01c5b3b02
0001262db
023635061
0001282e3
023a39061
257959521
01cfc7c42
021c002eb
01d3cfcc2
00012d2f7
057f595e1
043c140e3
04a092803
000161207
000160203
00016220b
00016320f
0458141c3
00016621b
00016721f
04ac92863
04b092883
00016a22b
02d60102c
00016e23b
00016f23f
02de010ac
00f4d6d44
02e40110c
02e60112c
00f8dedc4
02ec0118c
02ee011ac
25e7d7ae1
0001313c7
00feeae84
0100eeec4
0102f2f04
0001333cf
25edd7ba1
025e5d061
010b03004
025a59061
00483c3a2
0001383e3
02a2a1061
0001373df
022e0052b
25f9d7d21
00402c2a2
00013b3ef
004a403e2
25ffd7de1
0042302e2
00013d3f7
02b6b5061
000171307
00017330f
029600a6b
000175317
03540182c
000178323
24cc92963
02bebd061
004c44422
00017c333
035e018cc
03620190c
00b496942
03640192c
01775d5a4
029c00b2b
03680196c
0052504e2
036e019cc
00b69a982
0370019ec
252511023
02cecd061
252911043
02a200beb
252d11063
02a400c2b
2535110a3
02dad9061
246254261
00c6bab82
0001400c3
032321061
0001410c7
032725061
0001430cf
032b29061
246e543e1
0001450d7
0001460db
033331061
2474544a1
0001480e3
03140126b
00014a0eb
00014b0ef
0318012eb
00014d0f7
031a0132b
00d0cecc2
00014e0fb
000180003
000181007
0555111a3
05a18f803
055111183
00018701f
00018601b
05ad8f863
05a98f843
00018b02f
00018c033
03d40004c
034341061
03d80008c
03dc000cc
034745061
01f3d7d44
03e60016c
034b49061
03ea001ac
24e4d2aa1
0001501c3
01fbe7e44
01fdebe84
01ffefec4
0001521cb
24ead2b61
035755061
0001541d3
03240146b
000a06044
0326014ab
014539362
24f2d2c61
013b25222
24f6d2ce1
03aba9061
24fad2d61
013d29262
00015c1f3
25bd8f8e3
24fed2de1
013f2d2a2
0330015eb
000190103
00019210b
00019310f
024e0080c
00019611b
25cd8f963
03bfbd061
000199127
25d18f983
006e504e4
00019d137
00019e13b
00019f13f
025e0090c
039801b2b
02620094c
25d98f9c3
007258564
039a01b6b
25dd8f9e3
026c009ec
039c01bab
01c1b3b02
007a68664
039e01beb
242c0c063
24300c083
03d7d5061
01b79f9c2
008884824
03dfdd061
008a88864
022221061
0001602c3
022625061
0001622cb
022a29061
256d513a1
0001642d3
0001652d7
023231061
257351461
0001672df
02100026b
2577514e1
0212002ab
257b51561
002e100e2
00016c2f3
01cdcbc82
02180036b
04400c103
03cfcc003
00016f2ff
044c0c163
04500c183
04540c1a3
0001a5217
04a48a823
04a88a843
024241061
0001ab22f
02cc0100c
0001ad237
24bc8a8e3
02d20106c
25e1cfa21
02da010ec
25e3cfa61
02e00114c
25e5cfaa1
00f2dad84
02e8011cc
02ea011ec
021c003eb
25e9cfb21
0001723cb
025655061
0100f6f44
0001743d3
00341c1a2
0001753d7
0222004ab
010703004
0224004eb
25f5cfca1
010907044
02a6a5061
00017a3eb
02aaa9061
25fbcfd61
02aead061
00017e3fb
02b2b1061
24c08a903
0001b0303
0001b230b
034a0180c
003c2c2a2
24c88a943
0001b731f
03500186c
0001ba32b
0001bb32f
0001bd337
24d08a983
016b4d4a4
016d514e4
02c2c1061
004844422
035e0194c
017b6d6a4
03620198c
0364019ac
01735d5a4
02cac9061
0175615e4
029800bab
00bcaeac2
017f75724
00b096942
01837d7a4
018179764
029e00c6b
24604c221
02a000cab
018785824
02a200ceb
24664c2e1
24684c321
0001820cb
02a600d6b
246c4c3a1
02a800dab
00c0b6b42
02aa00deb
24724c461
030a0122b
24764c4e1
00baaaa82
247a4c561
00c2bab82
012b0d0a2
047c4c5a1
0539090c3
054109103
03140136b
00018f0ff
054d09163
033b39061
02cac8003
0001c4013
055d091e3
05a587823
033f3d061
0001c8023
03c80000c
03ca0002c
0001ce03b
0001cf03f
03d2000ac
01e9cbc84
03d80010c
03da0012c
01edd3d04
03e00018c
03e4001cc
03e6001ec
0316013ab
24e6caae1
0001911c7
035351061
01fdf3f04
0001931cf
01fff7f44
24eecabe1
013119162
24f0cac21
03a3a1061
000402004
035f5d061
0001981e3
00019a1eb
24f8cad21
03a7a5061
00019b1ef
0326015ab
013f35322
03b3b1061
00019e1fb
03b7b5061
00019f1ff
038c01aab
25c987943
0001d5117
024a0084c
038a01a6b
0001d8123
024e0088c
0001db12f
0001dc133
038e01aeb
242004003
0252008cc
02580092c
01a98b882
025e0098c
006c54524
0262009cc
01ab8f8c2
0260009ac
014745422
00705c5a4
00786c6a4
007464624
01ad93902
007a706e4
039801c2b
2434040a3
03dbd9061
256149221
01bbafac2
039e01ceb
2565492a1
2567492e1
0001a12c7
03a201d6b
256b49361
03a401dab
01bdb3b02
03a601deb
257149421
02060022b
2575494a1
01b7a7a42
0001a92e7
0001aa2eb
0001ab2ef
257d495a1
020e0032b
0001ae2fb
00280c0a2
044404123
044804143
0212003ab
003628262
023e3d061
0001e4213
045c041e3
002a100e2
0001e9227
0001e8223
24b4828a3
0001ec233
02c80104c
024645061
02cc0108c
02d0010cc
024a49061
00e6cac84
02da0116c
024e4d061
0001b03c3
00f4e6e44
00ecd6d44
025251061
00f6eae84
25ebc7b61
02160042b
00fcf6f44
02180046b
25f1c7c21
25efc7be1
0001b63db
25f3c7c61
002e18162
003e38362
25f7c7ce1
0001b93e7
02200056b
25fdc7da1
0224005eb
0001bc3f3
0222005ab
24b8828c3
028400a2b
0001bf3ff
24c482923
0001f4313
02bab9061
0001f631b
03460184c
0001f9327
028800aab
034a0188c
034c018ac
0001fe33b
0001ff33f
028a00aeb
24d4829a3
0350018ec
24d8829c3
02c6c5061
24dc829e3
0169514e4
028e00b6b
252101003
024442003
016f5d5a4
017569664
0171615e4
02d2d1061
253101083
02d6d5061
00aa92902
017d79764
02dedd061
2464442a1
00ac96942
00bcb6b42
029c00d2b
246a44361
00ae9a982
0001c40d3
032f2d061
247044421
00b09e9c2
0001c70df
033735061
0001c90e7
247844521
0306012ab
0001cc0f3
00bebab82
047e445e1
053d010e3
054501123
012509062
054901143
00020300f
00020200b
000205017
0559011c3
013325222
000209027
00020a02b
25b17f883
01270d0a2
00020d037
25b57f8a3
03c60006c
25b97f8c3
03ce000ec
24e0c2a21
03d40014c
24e2c2a61
01e7cfcc4
01f1e3e04
01e9d3d04
034f4d061
01f3e7e44
24e8c2b21
0310013eb
01f9f3f04
03120142b
24ecc2ba1
035b59061
0001d51d7
0001d61db
24f4c2ca1
0001d71df
0318014eb
013b35322
031a0152b
0001d91e7
031c0156b
24fcc2da1
03afad061
0001dd1f7
038001a2b
25c17f903
25c57f923
000211107
03bbb9061
000214113
02400082c
00021711f
0131211e2
02440086c
00021a12b
0248008ac
024c008ec
03c3c1061
0139312e2
006044424
25d57f9a3
03c7c5061
013d39362
02540096c
0066504e4
03cbc9061
006e605e4
2425fc023
03cfcd061
2429fc043
03413e003
03d3d1061
0076706e4
00746c6a4
039201c6b
2439fc0c3
039401cab
256341261
01a993902
01b9b3b02
039801d2b
256941321
01ab97942
0001e32cf
022e2d061
256f413e1
01ad9b982
0001e62db
023635061
0001e82e3
023a39061
257941521
01b7afac2
0204002eb
01bbb7b42
0001ed2f7
057f415e1
043dfc0e3
04a07a803
000221207
000220203
00022220b
00022320f
0459fc1c3
00022621b
00022721f
04ac7a863
04b07a883
00022a22b
02be0102c
00022e23b
00022f23f
02c6010ac
00dcbebc4
02cc0110c
02ce0112c
00e0c6c44
02d40118c
02d6011ac
25e7bfae1
0001f13c7
00e6d2d04
00e8d6d44
00eadad84
0001f33cf
25edbfba1
025e5d061
00f2eae84
025a59061
003024222
0001f83e3
02a2a1061
0001f73df
02160052b
25f9bfd21
002814122
0001fb3ef
003228262
25ffbfde1
002a18162
0001fd3f7
02b6b5061
000231307
00023330f
027e00a6b
000235317
033c0182c
000238323
24cc7a963
02bebd061
00342c2a2
00023c333
0346018cc
034a0190c
009c7e7c2
034c0192c
015f45424
028400b2b
03500196c
003a38362
0356019cc
009e82802
0358019ec
2524f9023
02cecd061
2528f9043
028a00beb
252cf9063
028c00c2b
2534f90a3
02dad9061
24623c261
00aea2a02
0002000c3
032321061
0002010c7
032725061
0002030cf
032b29061
246e3c3e1
0002050d7
0002060db
033331061
24743c4a1
0002080e3
02fc0126b
00020a0eb
00020b0ef
0300012eb
00020d0f7
03020132b
00b8b6b42
00020e0fb
000240003
000241007
0554f91a3
05a177803
0550f9183
00024701f
00024601b
05ad77863
05a977843
00024b02f
00024c033
03bc0004c
034341061
03c00008c
03c4000cc
034745061
01dbbfbc4
03ce0016c
034b49061
03d2001ac
24e4baaa1
0002101c3
01e3cfcc4
01e5d3d04
01e7d7d44
0002121cb
24eabab61
035755061
0002141d3
030c0146b
01f3efec4
030e014ab
012d211e2
24f2bac61
01230d0a2
24f6bace1
03aba9061
24fabad61
0125110e2
00021c1f3
25bd778e3
24febade1
012715122
0318015eb
000250103
00025210b
00025310f
02360080c
00025611b
25cd77963
03bfbd061
000259127
25d177983
005638364
00025d137
00025e13b
00025f13f
02460090c
038001b2b
024a0094c
25d9779c3
005a403e4
038201b6b
25dd779e3
0254009ec
038401bab
01a99b982
0062504e4
038601beb
242df4063
2431f4083
03d7d5061
019f87842
00706c6a4
03dfdd061
0072706e4
022221061
0002202c3
022625061
0002222cb
022a29061
256d393a1
0002242d3
0002252d7
023231061
257339461
0002272df
03f80026b
2577394e1
03fa002ab
257b39561
0017f9f62
00022c2f3
01b5b3b02
02000036b
0441f4103
03b7b4003
00022f2ff
044df4163
0451f4183
0455f41a3
000265217
04a472823
04a872843
024241061
00026b22f
02b40100c
00026d237
24bc728e3
02ba0106c
25e1b7a21
02c2010ec
25e3b7a61
02c80114c
25e5b7aa1
00dac2c04
02d0011cc
02d2011ec
0204003eb
25e9b7b21
0002323cb
025655061
00e8dedc4
0002343d3
001c04022
0002353d7
020a004ab
00eeeae84
020c004eb
25f5b7ca1
00f0eeec4
02a6a5061
00023a3eb
02aaa9061
25fbb7d61
02aead061
00023e3fb
02b2b1061
24c072903
000270303
00027230b
03320180c
002414122
24c872943
00027731f
03380186c
00027a32b
00027b32f
00027d337
24d072983
015335324
015539364
02c2c1061
00302c2a2
03460194c
016355524
034a0198c
034c019ac
015b45424
02cac9061
015d49464
028000bab
00a496942
01675d5a4
00987e7c2
016b65624
0169615e4
028600c6b
246034221
028800cab
016f6d6a4
028a00ceb
2466342e1
246834321
0002420cb
028e00d6b
246c343a1
029000dab
00a89e9c2
029200deb
247234461
02f20122b
2476344e1
00a292902
247a34561
00aaa2a02
0112f4f22
047c345a1
0538f10c3
0540f1103
02fc0136b
00024f0ff
054cf1163
033b39061
02b2b0003
000284013
055cf11e3
05a56f823
033f3d061
000288023
03b00000c
03b20002c
00028e03b
00028f03f
03ba000ac
01d1b3b04
03c00010c
03c20012c
01d5bbb84
03c80018c
03cc001cc
03ce001ec
02fe013ab
24e6b2ae1
0002511c7
035351061
01e5dbd84
0002531cf
01e7dfdc4
24eeb2be1
011900fe2
24f0b2c21
03a3a1061
01edebe84
035f5d061
0002581e3
00025a1eb
24f8b2d21
03a7a5061
00025b1ef
030e015ab
01271d1a2
03b3b1061
00025e1fb
03b7b5061
00025f1ff
037401aab
25c96f943
000295117
02320084c
037201a6b
000298123
02360088c
00029b12f
00029c133
037601aeb
2421ec003
023a008cc
02400092c
019173702
02460098c
00543c3a4
024a009cc
019377742
0248009ac
012f2d2a2
005844424
006054524
005c4c4a4
01957b782
006258564
038001c2b
2435ec0a3
03dbd9061
256131221
01a397942
038601ceb
2565312a1
2567312e1
0002612c7
038a01d6b
256b31361
038c01dab
01a59b982
038e01deb
257131421
03ee0022b
2575314a1
019f8f8c2
0002692e7
00026a2eb
00026b2ef
257d315a1
03f60032b
00026e2fb
0011f5f22
0445ec123
0449ec143
03fa003ab
001e100e2
023e3d061
0002a4213
045dec1e3
0013f9f62
0002a9227
0002a8223
24b46a8a3
0002ac233
02b00104c
024645061
02b40108c
02b8010cc
024a49061
00ceb2b04
02c20116c
024e4d061
0002703c3
00dccecc4
00d4bebc4
025251061
00ded2d04
25ebafb61
03fe0042b
00e4dedc4
02000046b
25f1afc21
25efafbe1
0002763db
25f3afc61
001601fe2
0026201e2
25f7afce1
0002793e7
02080056b
25fdafda1
020c005eb
00027c3f3
020a005ab
24b86a8c3
026c00a2b
00027f3ff
24c46a923
0002b4313
02bab9061
0002b631b
032e0184c
0002b9327
027000aab
03320188c
0334018ac
0002be33b
0002bf33f
027200aeb
24d46a9a3
0338018ec
24d86a9c3
02c6c5061
24dc6a9e3
015139364
027600b6b
2520e9003
022c2a003
015745424
015d514e4
015949464
02d2d1061
2530e9083
02d6d5061
00927a782
0165615e4
02dedd061
24642c2a1
00947e7c2
00a49e9c2
028400d2b
246a2c361
009682802
0002840d3
032f2d061
24702c421
009886842
0002870df
033735061
0002890e7
24782c521
02ee012ab
00028c0f3
00a6a2a02
047e2c5e1
053ce90e3
0544e9123
010cf0ee2
0548e9143
0002c300f
0002c200b
0002c5017
0558e91c3
011b0d0a2
0002c9027
0002ca02b
25b167883
010ef4f22
0002cd037
25b5678a3
03ae0006c
25b9678c3
03b6000ec
24e0aaa21
03bc0014c
24e2aaa61
01cfb7b44
01d9cbc84
01d1bbb84
034f4d061
01dbcfcc4
24e8aab21
02f8013eb
01e1dbd84
02fa0142b
24ecaaba1
035b59061
0002951d7
0002961db
24f4aaca1
0002971df
0300014eb
01231d1a2
03020152b
0002991e7
03040156b
24fcaada1
03afad061
00029d1f7
036801a2b
25c167903
25c567923
0002d1107
03bbb9061
0002d4113
02280082c
0002d711f
011909062
022c0086c
0002da12b
0230008ac
0234008ec
03c3c1061
012119162
00482c2a4
25d5679a3
03c7c5061
0125211e2
023c0096c
004e38364
03cbc9061
005648464
2425e4023
03cfcd061
2429e4043
032926003
03d3d1061
005e58564
005c54524
037a01c6b
2439e40c3
037c01cab
256329261
01917b782
01a19b982
038001d2b
256929321
01937f7c2
0002a32cf
022e2d061
256f293e1
019583802
0002a62db
023635061
0002a82e3
023a39061
257929521
019f97942
03ec002eb
01a39f9c2
0002ad2f7
057f295e1
043de40e3
04a062803
0002e1207
0002e0203
0002e220b
0002e320f
0459e41c3
0002e621b
0002e721f
04ac62863
04b062883
0002ea22b
02a60102c
0002ee23b
0002ef23f
02ae010ac
00c4a6a44
02b40110c
02b60112c
00c8aeac4
02bc0118c
02be011ac
25e7a7ae1
0002b13c7
00cebab84
00d0bebc4
00d2c2c04
0002b33cf
25eda7ba1
025e5d061
00dad2d04
025a59061
00180c0a2
0002b83e3
02a2a1061
0002b73df
03fe0052b
25f9a7d21
0011fdfa2
0002bb3ef
001a100e2
25ffa7de1
001201fe2
0002bd3f7
02b6b5061
0002f1307
0002f330f
026600a6b
0002f5317
03240182c
0002f8323
24cc62963
02bebd061
001c14122
0002fc333
032e018cc
03320190c
008466642
03340192c
01472d2a4
026c00b2b
03380196c
0022201e2
033e019cc
00866a682
0340019ec
2524e1023
02cecd061
2528e1043
027200beb
252ce1063
027400c2b
2534e10a3
02dad9061
246224261
00968a882
0002c00c3
032321061
0002c10c7
032725061
0002c30cf
032b29061
246e243e1
0002c50d7
0002c60db
033331061
2474244a1
0002c80e3
02e40126b
0002ca0eb
0002cb0ef
02e8012eb
0002cd0f7
02ea0132b
00a09e9c2
0002ce0fb
000300003
000301007
0554e11a3
05a15f803
0550e1183
00030701f
00030601b
05ad5f863
05a95f843
00030b02f
00030c033
03a40004c
034341061
03a80008c
03ac000cc
034745061
01c3a7a44
03b60016c
034b49061
03ba001ac
24e4a2aa1
0002d01c3
01cbb7b44
01cdbbb84
01cfbfbc4
0002d21cb
24eaa2b61
035755061
0002d41d3
02f40146b
01dbd7d44
02f6014ab
011509062
24f2a2c61
010af4f22
24f6a2ce1
03aba9061
24faa2d61
010cf8f62
0002dc1f3
25bd5f8e3
24fea2de1
010efcfa2
0300015eb
000310103
00031210b
00031310f
021e0080c
00031611b
25cd5f963
03bfbd061
000319127
25d15f983
003e201e4
00031d137
00031e13b
00031f13f
022e0090c
036801b2b
02320094c
25d95f9c3
004228264
036a01b6b
25dd5f9e3
023c009ec
036c01bab
019183802
004a38364
036e01beb
242ddc063
2431dc083
03d7d5061
01876f6c2
005854524
03dfdd061
005a58564
022221061
0002e02c3
022625061
0002e22cb
022a29061
256d213a1
0002e42d3
0002e52d7
023231061
257321461
0002e72df
03e00026b
2577214e1
03e2002ab
257b21561
01ffe1de2
0002ec2f3
019d9b982
03e80036b
0441dc103
039f9c003
0002ef2ff
044ddc163
0451dc183
0455dc1a3
000325217
04a45a823
04a85a843
024241061
00032b22f
029c0100c
00032d237
24bc5a8e3
02a20106c
25e19fa21
02aa010ec
25e39fa61
02b00114c
25e59faa1
00c2aaa84
02b8011cc
02ba011ec
03ec003eb
25e99fb21
0002f23cb
025655061
00d0c6c44
0002f43d3
0005edea2
0002f53d7
03f2004ab
00d6d2d04
03f4004eb
25f59fca1
00d8d6d44
02a6a5061
0002fa3eb
02aaa9061
25fb9fd61
02aead061
0002fe3fb
02b2b1061
24c05a903
000330303
00033230b
031a0180c
000dfdfa2
24c85a943
00033731f
03200186c
00033a32b
00033b32f
00033d337
24d05a983
013b1d1a4
013d211e4
02c2c1061
001814122
032e0194c
014b3d3a4
03320198c
0334019ac
01432d2a4
02cac9061
0145312e4
026800bab
008c7e7c2
014f45424
008066642
01534d4a4
015149464
026e00c6b
24601c221
027000cab
015755524
027200ceb
24661c2e1
24681c321
0003020cb
027600d6b
246c1c3a1
027800dab
009086842
027a00deb
24721c461
02da0122b
24761c4e1
008a7a782
247a1c561
00928a882
00fadcda2
047c1c5a1
0538d90c3
0540d9103
02e40136b
00030f0ff
054cd9163
033b39061
029a98003
000344013
055cd91e3
05a557823
033f3d061
000348023
03980000c
039a0002c
00034e03b
00034f03f
03a2000ac
01b99b984
03a80010c
03aa0012c
01bda3a04
03b00018c
03b4001cc
03b6001ec
02e6013ab
24e69aae1
0003111c7
035351061
01cdc3c04
0003131cf
01cfc7c44
24ee9abe1
0100e8e62
24f09ac21
03a3a1061
01d5d3d04
035f5d061
0003181e3
00031a1eb
24f89ad21
03a7a5061
00031b1ef
02f6015ab
010f05022
03b3b1061
00031e1fb
03b7b5061
00031f1ff
035c01aab
25c957943
000355117
021a0084c
035a01a6b
000358123
021e0088c
00035b12f
00035c133
035e01aeb
2421d4003
0222008cc
02280092c
01795b582
022e0098c
003c24224
0232009cc
017b5f5c2
0230009ac
011715122
00402c2a4
00483c3a4
004434324
017d63602
004a403e4
036801c2b
2435d40a3
03dbd9061
256119221
018b7f7c2
036e01ceb
2565192a1
2567192e1
0003212c7
037201d6b
256b19361
037401dab
018d83802
037601deb
257119421
03d60022b
2575194a1
018777742
0003292e7
00032a2eb
00032b2ef
257d195a1
03de0032b
00032e2fb
01f9ddda2
0445d4123
0449d4143
03e2003ab
0007f9f62
023e3d061
000364213
045dd41e3
01fbe1de2
000369227
000368223
24b4528a3
00036c233
02980104c
024645061
029c0108c
02a0010cc
024a49061
00b69a984
02aa0116c
024e4d061
0003303c3
00c4b6b44
00bca6a44
025251061
00c6bab84
25eb97b61
03e60042b
00ccc6c44
03e80046b
25f197c21
25ef97be1
0003363db
25f397c61
01ffe9e62
000e08062
25f797ce1
0003393e7
03f00056b
25fd97da1
03f4005eb
00033c3f3
03f2005ab
24b8528c3
025400a2b
00033f3ff
24c452923
000374313
02bab9061
00037631b
03160184c
000379327
025800aab
031a0188c
031c018ac
00037e33b
00037f33f
025a00aeb
24d4529a3
0320018ec
24d8529c3
02c6c5061
24dc529e3
0139211e4
025e00b6b
2520d1003
021412003
013f2d2a4
014539364
0141312e4
02d2d1061
2530d1083
02d6d5061
007a62602
014d49464
02dedd061
2464142a1
007c66642
008c86842
026c00d2b
246a14361
007e6a682
0003440d3
032f2d061
247014421
00806e6c2
0003470df
033735061
0003490e7
247814521
02d6012ab
00034c0f3
008e8a882
047e145e1
053cd10e3
0544d1123
00f4d8d62
0548d1143
00038300f
00038200b
000385017
0558d11c3
0102f4f22
000389027
00038a02b
25b14f883
00f6dcda2
00038d037
25b54f8a3
03960006c
25b94f8c3
039e000ec
24e092a21
03a40014c
24e292a61
01b79f9c4
01c1b3b04
01b9a3a04
034f4d061
01c3b7b44
24e892b21
02e0013eb
01c9c3c04
02e20142b
24ec92ba1
035b59061
0003551d7
0003561db
24f492ca1
0003571df
02e8014eb
010b05022
02ea0152b
0003591e7
02ec0156b
24fc92da1
03afad061
00035d1f7
035001a2b
25c14f903
25c54f923
000391107
03bbb9061
000394113
02100082c
00039711f
0100f0ee2
02140086c
00039a12b
0218008ac
021c008ec
03c3c1061
010900fe2
003014124
25d54f9a3
03c7c5061
010d09062
02240096c
0036201e4
03cbc9061
003e302e4
2425cc023
03cfcd061
2429cc043
03110e003
03d3d1061
0046403e4
00443c3a4
036201c6b
2439cc0c3
036401cab
256311261
017963602
018983802
036801d2b
256911321
017b67642
0003632cf
022e2d061
256f113e1
017d6b682
0003662db
023635061
0003682e3
023a39061
257911521
01877f7c2
03d4002eb
018b87842
00036d2f7
057f115e1
043dcc0e3
04a04a803
0003a1207
0003a0203
0003a220b
0003a320f
0459cc1c3
0003a621b
0003a721f
04ac4a863
04b04a883
0003aa22b
028e0102c
0003ae23b
0003af23f
0296010ac
00ac8e8c4
029c0110c
029e0112c
00b096944
02a40118c
02a6011ac
25e78fae1
0003713c7
00b6a2a04
00b8a6a44
00baaaa84
0003733cf
25ed8fba1
025e5d061
00c2bab84
025a59061
0001f5f22
0003783e3
02a2a1061
0003773df
03e60052b
25f98fd21
01f9e5e22
00037b3ef
0003f9f62
25ff8fde1
01fbe9e62
00037d3f7
02b6b5061
0003b1307
0003b330f
024e00a6b
0003b5317
030c0182c
0003b8323
24cc4a963
02bebd061
0005fdfa2
0003bc333
0316018cc
031a0190c
006c4e4c2
031c0192c
012f15124
025400b2b
03200196c
000a08062
0326019cc
006e52502
0328019ec
2524c9023
02cecd061
2528c9043
025a00beb
252cc9063
025c00c2b
2534c90a3
02dad9061
24620c261
007e72702
0003800c3
032321061
0003810c7
032725061
0003830cf
032b29061
246e0c3e1
0003850d7
0003860db
033331061
24740c4a1
0003880e3
02cc0126b
00038a0eb
00038b0ef
02d0012eb
00038d0f7
02d20132b
008886842
00038e0fb
0003c0003
0003c1007
0554c91a3
05a147803
0550c9183
0003c701f
0003c601b
05ad47863
05a947843
0003cb02f
0003cc033
038c0004c
034341061
03900008c
0394000cc
034745061
01ab8f8c4
039e0016c
034b49061
03a2001ac
24e48aaa1
0003901c3
01b39f9c4
01b5a3a04
01b7a7a44
0003921cb
24ea8ab61
035755061
0003941d3
02dc0146b
01c3bfbc4
02de014ab
00fcf0ee2
24f28ac61
00f2dcda2
24f68ace1
03aba9061
24fa8ad61
00f4e0de2
00039c1f3
25bd478e3
24fe8ade1
00f6e4e22
02e8015eb
0003d0103
0003d210b
0003d310f
02060080c
0003d611b
25cd47963
03bfbd061
0003d9127
25d147983
002608064
0003dd137
0003de13b
0003df13f
02160090c
035001b2b
021a0094c
25d9479c3
002a100e4
035201b6b
25dd479e3
0224009ec
035401bab
01796b682
0032201e4
035601beb
242dc4063
2431c4083
03d7d5061
016f57542
00403c3a4
03dfdd061
0042403e4
022221061
0003a02c3
022625061
0003a22cb
022a29061
256d093a1
0003a42d3
0003a52d7
023231061
257309461
0003a72df
03c80026b
2577094e1
03ca002ab
257b09561
01e7c9c62
0003ac2f3
018583802
03d00036b
0441c4103
038784003
0003af2ff
044dc4163
0451c4183
0455c41a3
0003e5217
04a442823
04a842843
024241061
0003eb22f
02840100c
0003ed237
24bc428e3
028a0106c
25e187a21
0292010ec
25e387a61
02980114c
25e587aa1
00aa92904
02a0011cc
02a2011ec
03d4003eb
25e987b21
0003b23cb
025655061
00b8aeac4
0003b43d3
01edd5d22
0003b53d7
03da004ab
00bebab84
03dc004eb
25f587ca1
00c0bebc4
02a6a5061
0003ba3eb
02aaa9061
25fb87d61
02aead061
0003be3fb
02b2b1061
24c042903
0003f0303
0003f230b
03020180c
01f5e5e22
24c842943
0003f731f
03080186c
0003fa32b
0003fb32f
0003fd337
24d042983
012305024
012509064
02c2c1061
0001fdfa2
03160194c
013325224
031a0198c
031c019ac
012b15124
02cac9061
012d19164
025000bab
007466642
01372d2a4
00684e4c2
013b35324
0139312e4
025600c6b
246004221
025800cab
013f3d3a4
025a00ceb
2466042e1
246804321
0003c20cb
025e00d6b
246c043a1
026000dab
00786e6c2
026200deb
247204461
02c20122b
2476044e1
007262602
247a04561
007a72702
00e2c4c22
047c045a1
0538c10c3
0540c1103
02cc0136b
0548c1143
033b39061
0550c1183
00f2e4e22
033f3d061
00e6ccca2
25b93f8c3
24e282a61
0003d01c3
24e682ae1
035351061
24ea82b61
035755061
24ee82be1
00e8d0ce2
0003d61db
24f482ca1
24f282c61
00ead4d22
24f682ce1
03aba9061
24fa82d61
00ecd8d62
0003dc1f3
25bd3f8e3
24fe82de1
00eedcda2
02e0015eb
0003df1ff
25c93f943
00f0e0de2
034601aeb
25d53f9a3
03c7c5061
25dd3f9e3
03cbc9061
03cfcd061
034e01beb
035001c2b
01674f4c2
035401cab
256301261
2565012a1
2567012e1
0003e22cb
0003e32cf
056d013a1
057301461
0577014e1
0003e62db
057d015a1
0003e92e7
0003ea2eb
0003eb2ef
0003ee2fb
01776f6c2
037f7c003
05e57faa1
05eb7fb61
05ef7fbe1
0003f23cb
05f57fca1
0003f53d7
05f97fd21
0003f93e7
0003fa3eb
0003fc3f3
000002017
00000402b
000007043
000009057
041815045
00000e08f
0000100a3
0000130bb
0000150cf
043633045
00001a107
00001c11b
000021147
000020143
045451045
00002617f
000028193
00002b1ab
00002d1bf
04726f045
0000321f7
00003420b
000037223
000039237
04908d045
00003e26f
00003f273
00004329b
0000452af
04aeab045
00004a2e7
00004c2fb
000051327
000050323
04ccc9045
04d6d3045
04f4f1045
05130f045
05312d045
054f4b045
056d69045
058b87045
05a9a5045
001a18141
003836321
0012100c1
00302e2a1
000000013
005654501
00000304f
0074726e1
00000608b
005856521
007674701
00000709f
009c9a961
00000a0db
00bab8b41
00000d117
009e9c981
00bcbab61
00000e12b
00e2e0dc1
000011167
0100fefa1
0000141a3
00e4e2de1
010300fc1
0000151b7
012927221
0000181f3
014745401
00001b22f
012b29241
014947421
00001c243
016f6d681
00001f27f
018d8b861
0000222bb
01716f6a1
018f8d881
0000232cf
0000252f7
000028333
00005635f
000058373
00005a387
00005d39f
00005f3b3
05c7c3045
0000643eb
0000663ff
000069017
00006b02b
05e5e1045
000070063
000072077
0000770a3
00007609f
0403ff045
00007c0db
00007e0ef
000081107
00008311b
04201d045
000088153
00008a167
00008d17f
00008f193
043e3b045
0000941cb
0000951cf
0000991f7
00009b20b
045c59045
0000a0243
0000a2257
0000a7283
0000a627f
047a77045
048481045
04a29f045
04c0bd045
04dedb045
04fcf9045
051b17045
053935045
055753045
01c9c7c21
01e7e5e01
01c1bfba1
01dfddd81
00002b36f
000403fe1
00002e3ab
0022201c1
0000313e7
000604001
0024221e1
0000323fb
004a48441
000035037
006866621
000038073
004c4a461
006a68641
000039087
00908e8a1
00003c0c3
00aeaca81
00003f0ff
0092908c1
00b0aeaa1
000040113
00d6d4d01
00004314f
00f4f2ee1
00004618b
00d8d6d21
00f6f4f01
00004719f
011d1b161
00004a1db
013b39341
00004d217
011f1d181
013d3b361
00004e22b
000050253
00005328f
0000ac2bb
0000ae2cf
0000b02e3
0000b32fb
0000b530f
057571045
0000ba347
0000bc35b
0000bf373
0000c1387
05938f045
0000c63bf
0000c83d3
0000cd3ff
0000cc3fb
05b1ad045
0000d2037
0000d404b
0000d7063
0000d9077
05cfcb045
0000de0af
0000e00c3
0000e30db
0000e50ef
05ede9045
0000ea127
0000eb12b
0000ef153
0000f1167
040a07045
0000f619f
0000f81b3
0000fd1df
0000fc1db
042825045
04322f045
04504d045
046e6b045
048c89045
04aaa7045
04c8c5045
04e6e3045
050501045
017775701
0195938e1
016f6d681
018d8b861
0000562cb
01b3b1ac1
000059307
01d1cfca1
00005c343
01b5b3ae1
01d3d1cc1
00005d357
01f9f7f21
000060393
001614101
0000633cf
01fbf9f41
001816121
0000643e3
003e3c381
00006701f
005c5a561
00006a05b
00403e3a1
005e5c581
00006b06f
0084827e1
00006e0ab
00a2a09c1
0000710e7
008684801
00a4a29e1
0000720fb
00cac8c41
000075137
00e8e6e21
000078173
00cccac61
00eae8e41
000079187
00007b1af
00007e1eb
000102217
00010422b
00010623f
000109257
00010b26b
05231f045
0001102a3
0001122b7
0001152cf
0001172e3
05413d045
00011c31b
00011e32f
00012335b
000122357
055f5b045
000128393
00012a3a7
00012d3bf
00012f3d3
057d79045
00013400b
00013601f
000139037
00013b04b
059b97045
000140083
000141087
0001450af
0001470c3
05b9b5045
00014c0fb
00014e10f
00015313b
000152137
05d7d3045
05e1dd045
05fffb045
041c19045
043a37045
045855045
047673045
049491045
04b2af045
0125231e1
0143413c1
011d1b161
013b39341
000081227
01615f5a1
000084263
017f7d781
00008729f
0163615c1
01817f7a1
0000882b3
01a7a5a01
00008b2ef
01c5c3be1
00008e32b
01a9a7a21
01c7c5c01
00008f33f
01edebe61
00009237b
000a08041
0000953b7
01efede81
000c0a061
0000963cb
0032302c1
000099007
00504e4a1
00009c043
0034322e1
0052504c1
00009d057
007876721
0000a0093
009694901
0000a30cf
007a78741
009896921
0000a40e3
0000a610b
0000a9147
000158173
00015a187
00015c19b
00015f1b3
0001611c7
04d0cd045
0001661ff
000168213
00016b22b
00016d23f
04eeeb045
000172277
00017428b
0001792b7
0001782b3
050d09045
00017e2ef
000180303
00018331b
00018532f
052b27045
00018a367
00018c37b
00018f393
0001913a7
054945045
0001963df
0001973e3
00019b00b
00019d01f
056763045
0001a2057
0001a406b
0001a9097
0001a8093
058581045
058f8b045
05ada9045
05cbc7045
05e9e5045
040603045
042421045
04423f045
04605d045
00d2d0cc1
00f0eeea1
00cac8c41
00e8e6e21
0000ac183
010f0d081
0000af1bf
012d2b261
0000b21fb
01110f0a1
012f2d281
0000b320f
0155534e1
0000b624b
0173716c1
0000b9287
015755501
0175736e1
0000ba29b
019b99941
0000bd2d7
01b9b7b21
0000c0313
019d9b961
01bbb9b41
0000c1327
01e1dfda1
0000c4363
01fffdf81
0000c739f
01e3e1dc1
0001fffa1
0000c83b3
002624201
0000cb3ef
0044423e1
0000ce02b
002826221
004644401
0000cf03f
0000d1067
0000d40a3
0001ae0cf
0001b00e3
0001b20f7
0001b510f
0001b7123
047e7b045
0001bc15b
0001be16f
0001c1187
0001c319b
049c99045
0001c81d3
0001ca1e7
0001cf213
0001ce20f
04bab7045
0001d424b
0001d625f
0001d9277
0001db28b
04d8d5045
0001e02c3
0001e22d7
0001e52ef
0001e7303
04f6f3045
0001ec33b
0001ed33f
0001f1367
0001f337b
051511045
0001f83b3
0001fa3c7
0001ff3f3
0001fe3ef
05332f045
053d39045
055b57045
057975045
059793045
05b5b1045
05d3cf045
05f1ed045
040e0b045
00807e7a1
009e9c981
007876721
009694901
0000d70df
00bcbab61
0000da11b
00dad8d41
0000dd157
00bebcb81
00dcdad61
0000de16b
010300fc1
0000e11a7
01211f1a1
0000e41e3
010502fe1
0123211c1
0000e51f7
014947421
0000e8233
016765601
0000eb26f
014b49441
016967621
0000ec283
018f8d881
0000ef2bf
01adaba61
0000f22fb
01918f8a1
01afada81
0000f330f
01d5d3ce1
0000f634b
01f3f1ec1
0000f9387
01d7d5d01
01f5f3ee1
0000fa39b
0000fc3c3
0000ff3ff
00020402b
00020603f
000208053
00020b06b
00020d07f
042c29045
0002120b7
0002140cb
0002170e3
0002190f7
044a47045
00021e12f
000220143
00022516f
00022416b
046865045
00022a1a7
00022c1bb
00022f1d3
0002311e7
048683045
00023621f
000238233
00023b24b
00023d25f
04a4a1045
000242297
00024329b
0002472c3
0002492d7
04c2bf045
00024e30f
000250323
00025534f
00025434b
04e0dd045
04eae7045
050905045
052723045
054541045
05635f045
05817d045
059f9b045
05bdb9045
002e2c281
004c4a461
002624201
0044423e1
00010203b
006a68641
000105077
008886821
0001080b3
006c6a661
008a88841
0001090c7
00b0aeaa1
00010c103
00ceccc81
00010f13f
00b2b0ac1
00d0ceca1
000110153
00f6f4f01
00011318f
0115130e1
0001161cb
00f8f6f21
011715101
0001171df
013d3b361
00011a21b
015b59541
00011d257
013f3d381
015d5b561
00011e26b
0183817c1
0001212a7
01a19f9a1
0001242e3
0185837e1
01a3a19c1
0001252f7
00012731f
00012a35b
00025a387
00025c39b
00025e3af
0002613c7
0002633db
05dbd7045
000268013
00026a027
00026d03f
00026f053
05f9f5045
00027408b
00027609f
00027b0cb
00027a0c7
041613045
000280103
000282117
00028512f
000287143
043431045
00028c17b
00028e18f
0002911a7
0002931bb
04524f045
0002981f3
0002991f7
00029d21f
00029f233
04706d045
0002a426b
0002a627f
0002ab2ab
0002aa2a7
048e8b045
049895045
04b6b3045
04d4d1045
04f2ef045
05110d045
052f2b045
054d49045
056b67045
01dddbd61
01fbf9f41
01d5d3ce1
01f3f1ec1
00012d397
001816121
0001303d3
003634301
00013300f
001a18141
003836321
000134023
005e5c581
00013705f
007c7a761
00013a09b
00605e5a1
007e7c781
00013b0af
00a4a29e1
00013e0eb
00c2c0bc1
000141127
00a6a4a01
00c4c2be1
00014213b
00eae8e41
000145177
010907021
0001481b3
00eceae61
010b09041
0001491c7
01312f2a1
00014c203
014f4d481
00014f23f
0133312c1
01514f4a1
000150253
00015227b
0001552b7
0002b02e3
0002b22f7
0002b430b
0002b7323
0002b9337
058985045
0002be36f
0002c0383
0002c339b
0002c53af
05a7a3045
0002ca3e7
0002cc3fb
0002d1027
0002d0023
05c5c1045
0002d605f
0002d8073
0002db08b
0002dd09f
05e3df045
0002e20d7
0002e40eb
0002e7103
0002e9117
0401fd045
0002ee14f
0002ef153
0002f317b
0002f518f
041e1b045
0002fa1c7
0002fc1db
000301207
000300203
043c39045
044643045
046461045
04827f045
04a09d045
04bebb045
04dcd9045
04faf7045
051915045
018b89841
01a9a7a21
0183817c1
01a19f9a1
0001582f3
01c7c5c01
00015b32f
01e5e3de1
00015e36b
01c9c7c21
01e7e5e01
00015f37f
000c0a061
0001623bb
002a28241
0001653f7
000e0c081
002c2a261
00016600b
0052504c1
000169047
00706e6a1
00016c083
0054524e1
0072706c1
00016d097
009896921
0001700d3
00b6b4b01
00017310f
009a98941
00b8b6b21
000174123
00dedcd81
00017715f
00fcfaf61
00017a19b
00e0deda1
00fefcf81
00017b1af
00017d1d7
000180213
00030623f
000308253
00030a267
00030d27f
00030f293
053733045
0003142cb
0003162df
0003192f7
00031b30b
055551045
000320343
000322357
000327383
00032637f
05736f045
00032c3bb
00032e3cf
0003313e7
0003333fb
05918d045
000338033
00033a047
00033d05f
00033f073
05afab045
0003440ab
0003450af
0003490d7
00034b0eb
05cdc9045
000350123
000352137
000357163
00035615f
05ebe7045
05f5f1045
04120f045
04302d045
044e4b045
046c69045
048a87045
04a8a5045
04c6c3045
013937321
015755501
01312f2a1
014f4d481
00018324f
0175736e1
00018628b
0193918c1
0001892c7
017775701
0195938e1
00018a2db
01bbb9b41
00018d317
01d9d7d21
000190353
01bdbbb61
01dbd9d41
000191367
0001fffa1
0001943a3
001e1c181
0001973df
000201fc1
00201e1a1
0001983f3
004644401
00019b02f
0064625e1
00019e06b
004846421
006664601
00019f07f
008c8a861
0001a20bb
00aaa8a41
0001a50f7
008e8c881
00acaaa61
0001a610b
0001a8133
0001ab16f
00035c19b
00035e1af
0003601c3
0003631db
0003651ef
04e4e1045
00036a227
00036c23b
00036f253
000371267
0502ff045
00037629f
0003782b3
00037d2df
00037c2db
05211d045
000382317
00038432b
000387343
000389357
053f3b045
00038e38f
0003903a3
0003933bb
0003953cf
055d59045
00039a007
00039b00b
00039f033
0003a1047
057b77045
0003a607f
0003a8093
0003ad0bf
0003ac0bb
059995045
05a39f045
05c1bd045
05dfdb045
05fdf9045
041a17045
043835045
045653045
047471045
00e6e4e01
010502fe1
00dedcd81
00fcfaf61
0001ae1ab
0123211c1
0001b11e7
01413f3a1
0001b4223
0125231e1
0143413c1
0001b5237
016967621
0001b8273
018785801
0001bb2af
016b69641
018987821
0001bc2c3
01afada81
0001bf2ff
01cdcbc61
0001c233b
01b1afaa1
01cfcdc81
0001c334f
01f5f3ee1
0001c638b
0012100c1
0001c93c7
01f7f5f01
0014120e1
0001ca3db
003a38341
0001cd017
005856521
0001d0053
003c3a361
005a58541
0001d1067
0001d308f
0001d60cb
0003b20f7
0003b410b
0003b611f
0003b9137
0003bb14b
04928f045
0003c0183
0003c2197
0003c51af
0003c71c3
04b0ad045
0003cc1fb
0003ce20f
0003d323b
0003d2237
04cecb045
0003d8273
0003da287
0003dd29f
0003df2b3
04ece9045
0003e42eb
0003e62ff
0003e9317
0003eb32b
050b07045
0003f0363
0003f1367
0003f538f
0003f73a3
052925045
0003fc3db
0003fe3ef
00040301b
000402017
054743045
05514d045
056f6b045
058d89045
05aba7045
05c9c5045
05e7e3045
040401045
04221f045
0094928e1
00b2b0ac1
008c8a861
00aaa8a41
0001d9107
00d0ceca1
0001dc143
00eeece81
0001df17f
00d2d0cc1
00f0eeea1
0001e0193
011715101
0001e31cf
0135332e1
0001e620b
011917121
013735301
0001e721f
015d5b561
0001ea25b
017b79741
0001ed297
015f5d581
017d7b761
0001ee2ab
01a3a19c1
0001f12e7
01c1bfba1
0001f4323
01a5a39e1
01c3c1bc1
0001f5337
01e9e7e21
0001f8373
000604001
0001fb3af
01ebe9e41
000806021
0001fc3c3
0001fe3eb
000201027
000408053
00040a067
00040c07b
00040f093
0004110a7
04403d045
0004160df
0004180f3
00041b10b
00041d11f
045e5b045
000422157
00042416b
000429197
000428193
047c79045
00042e1cf
0004301e3
0004331fb
00043520f
049a97045
00043a247
00043c25b
00043f273
000441287
04b8b5045
0004462bf
0004472c3
00044b2eb
00044d2ff
04d6d3045
000452337
00045434b
000459377
000458373
04f4f1045
04fefb045
051d19045
053b37045
055955045
057773045
059591045
05b3af045
05d1cd045
0042403c1
00605e5a1
003a38341
005856521
000204063
007e7c781
00020709f
009c9a961
00020a0db
00807e7a1
009e9c981
00020b0ef
00c4c2be1
00020e12b
00e2e0dc1
000211167
00c6c4c01
00e4e2de1
00021217b
010b09041
0002151b7
012927221
0002181f3
010d0b061
012b29241
000219207
01514f4a1
00021c243
016f6d681
00021f27f
0153514c1
01716f6a1
000220293
019795901
0002232cf
01b5b3ae1
00022630b
019997921
01b7b5b01
00022731f
000229347
00022c383
00045e3af
0004603c3
0004623d7
0004653ef
000467003
05efeb045
00046c03b
00046e04f
000471067
00047307b
040c09045
0004780b3
00047a0c7
00047f0f3
00047e0ef
042a27045
00048412b
00048613f
000489157
00048b16b
044845045
0004901a3
0004921b7
0004951cf
0004971e3
046663045
00049c21b
00049d21f
0004a1247
0004a325b
048481045
0004a8293
0004aa2a7
0004af2d3
0004ae2cf
04a29f045
04aca9045
04cac7045
04e8e5045
050703045
052521045
05433f045
05615d045
057f7b045
01f1efea1
000e0c081
01e9e7e21
000604001
00022f3bf
002c2a261
0002323fb
004a48441
000235037
002e2c281
004c4a461
00023604b
0072706c1
000239087
00908e8a1
00023c0c3
0074726e1
0092908c1
00023d0d7
00b8b6b21
000240113
00d6d4d01
00024314f
00bab8b41
00d8d6d21
000244163
00fefcf81
00024719f
011d1b161
00024a1db
0100fefa1
011f1d181
00024b1ef
0145433e1
00024e22b
0163615c1
000251267
014745401
0165635e1
00025227b
0002542a3
0002572df
0004b430b
0004b631f
0004b8333
0004bb34b
0004bd35f
059d99045
0004c2397
0004c43ab
0004c73c3
0004c93d7
05bbb7045
0004ce00f
0004d0023
0004d504f
0004d404b
05d9d5045
0004da087
0004dc09b
0004df0b3
0004e10c7
05f7f3045
0004e60ff
0004e8113
0004eb12b
0004ed13f
041411045
0004f2177
0004f317b
0004f71a3
0004f91b7
04322f045
0004fe1ef
000500203
00050522f
00050422b
04504d045
045a57045
047875045
049693045
04b4b1045
04d2cf045
04f0ed045
050f0b045
052d29045
019f9d981
01bdbbb61
019795901
01b5b3ae1
00025a31b
01dbd9d41
00025d357
01f9f7f21
000260393
01dddbd61
01fbf9f41
0002613a7
00201e1a1
0002643e3
003e3c381
00026701f
0022201c1
00403e3a1
000268033
006664601
00026b06f
0084827e1
00026e0ab
006866621
008684801
00026f0bf
00acaaa61
0002720fb
00cac8c41
000275137
00aeaca81
00cccac61
00027614b
00f2f0ec1
000279187
01110f0a1
00027c1c3
00f4f2ee1
0113110c1
00027d1d7
00027f1ff
00028223b
00050a267
00050c27b
00050e28f
0005112a7
0005132bb
054b47045
0005182f3
00051a307
00051d31f
00051f333
056965045
00052436b
00052637f
00052b3ab
00052a3a7
058783045
0005303e3
0005323f7
00053500f
000537023
05a5a1045
00053c05b
00053e06f
000541087
00054309b
05c3bf045
0005480d3
0005490d7
00054d0ff
00054f113
05e1dd045
00055414b
00055615f
00055b18b
00055a187
05fffb045
040805045
042623045
044441045
04625f045
04807d045
049e9b045
04bcb9045
04dad7045
014d4b461
016b69641
0145433e1
0163615c1
000285277
018987821
0002882b3
01a7a5a01
00028b2ef
018b89841
01a9a7a21
00028c303
01cfcdc81
00028f33f
01edebe61
00029237b
01d1cfca1
01efede81
00029338f
0014120e1
0002963cb
0032302c1
000299007
001614101
0034322e1
00029a01b
005a58541
00029d057
007876721
0002a0093
005c5a561
007a78741
0002a10a7
00a09e9a1
0002a40e3
00bebcb81
0002a711f
00a2a09c1
00c0beba1
0002a8133
0002aa15b
0002ad197
0005601c3
0005621d7
0005641eb
000567203
000569217
04f8f5045
00056e24f
000570263
00057327b
00057528f
051713045
00057a2c7
00057c2db
000581307
000580303
053531045
00058633f
000588353
00058b36b
00058d37f
05534f045
0005923b7
0005943cb
0005973e3
0005993f7
05716d045
00059e02f
00059f033
0005a305b
0005a506f
058f8b045
0005aa0a7
0005ac0bb
0005b10e7
0005b00e3
05ada9045
05b7b3045
05d5d1045
05f3ef045
04100d045
042e2b045
044c49045
046a67045
048885045
00faf8f41
011917121
00f2f0ec1
01110f0a1
0002b01d3
013735301
0002b320f
0155534e1
0002b624b
013937321
015755501
0002b725f
017d7b761
0002ba29b
019b99941
0002bd2d7
017f7d781
019d9b961
0002be2eb
01c3c1bc1
0002c1327
01e1dfda1
0002c4363
01c5c3be1
01e3e1dc1
0002c5377
000806021
0002c83b3
002624201
0002cb3ef
000a08041
002826221
0002cc003
004e4c481
0002cf03f
006c6a661
0002d207b
00504e4a1
006e6c681
0002d308f
0002d50b7
0002d80f3
0005b611f
0005b8133
0005ba147
0005bd15f
0005bf173
04a6a3045
0005c41ab
0005c61bf
0005c91d7
0005cb1eb
04c4c1045
0005d0223
0005d2237
0005d7263
0005d625f
04e2df045
0005dc29b
0005de2af
0005e12c7
0005e32db
0500fd045
0005e8313
0005ea327
0005ed33f
0005ef353
051f1b045
0005f438b
0005f538f
0005f93b7
0005fb3cb
053d39045
000600003
000602017
000607043
00060603f
055b57045
056561045
05837f045
05a19d045
05bfbb045
05ddd9045
05fbf7045
041815045
043633045
00a8a6a21
00c6c4c01
00a09e9a1
00bebcb81
0002db12f
00e4e2de1
0002de16b
010300fc1
0002e11a7
00e6e4e01
010502fe1
0002e21bb
012b29241
0002e51f7
014947421
0002e8233
012d2b261
014b49441
0002e9247
01716f6a1
0002ec283
018f8d881
0002ef2bf
0173716c1
01918f8a1
0002f02d3
01b7b5b01
0002f330f
01d5d3ce1
0002f634b
01b9b7b21
01d7d5d01
0002f735f
01fdfbf61
0002fa39b
001a18141
0002fd3d7
01fffdf81
001c1a161
0002fe3eb
000300013
00030304f
00060c07b
00060e08f
0006100a3
0006130bb
0006150cf
045451045
00061a107
00061c11b
00061f133
000621147
04726f045
00062617f
000628193
00062d1bf
00062c1bb
04908d045
0006321f7
00063420b
000637223
000639237
04aeab045
00063e26f
000640283
00064329b
0006452af
04ccc9045
00064a2e7
00064b2eb
00064f313
000651327
04eae7045
00065635f
000658373
00065d39f
00065c39b
050905045
05130f045
05312d045
054f4b045
056d69045
058b87045
05a9a5045
05c7c3045
05e5e1045
005654501
0074726e1
004e4c481
006c6a661
00030608b
0092908c1
0003090c7
00b0aeaa1
00030c103
0094928e1
00b2b0ac1
00030d117
00d8d6d21
000310153
00f6f4f01
00031318f
00dad8d41
00f8f6f21
0003141a3
011f1d181
0003171df
013d3b361
00031a21b
01211f1a1
013f3d381
00031b22f
0165635e1
00031e26b
0183817c1
0003212a7
016765601
0185837e1
0003222bb
01aba9a41
0003252f7
01c9c7c21
000328333
01adaba61
01cbc9c41
000329347
00032b36f
00032e3ab
0006623d7
0006643eb
0006663ff
000669017
00066b02b
0403ff045
000670063
000672077
00067508f
0006770a3
04201d045
00067c0db
00067e0ef
00068311b
000682117
043e3b045
000688153
00068a167
00068d17f
00068f193
045c59045
0006941cb
0006961df
0006991f7
00069b20b
047a77045
0006a0243
0006a1247
0006a526f
0006a7283
049895045
0006ac2bb
0006ae2cf
0006b32fb
0006b22f7
04b6b3045
04c0bd045
04dedb045
04fcf9045
051b17045
053935045
055753045
057571045
05938f045
000403fe1
0022201c1
01fdfbf61
001a18141
0003313e7
00403e3a1
000334023
005e5c581
00033705f
0042403c1
00605e5a1
000338073
008684801
00033b0af
00a4a29e1
00033e0eb
008886821
00a6a4a01
00033f0ff
00cccac61
00034213b
00eae8e41
000345177
00ceccc81
00eceae61
00034618b
0113110c1
0003491c7
01312f2a1
00034c203
0115130e1
0133312c1
00034d217
015957521
000350253
017775701
00035328f
015b59541
017977721
0003542a3
0003562cb
000359307
0006b8333
0006ba347
0006bc35b
0006bf373
0006c1387
05b1ad045
0006c63bf
0006c83d3
0006cb3eb
0006cd3ff
05cfcb045
0006d2037
0006d404b
0006d9077
0006d8073
05ede9045
0006de0af
0006e00c3
0006e30db
0006e50ef
040a07045
0006ea127
0006ec13b
0006ef153
0006f1167
042825045
0006f619f
0006f71a3
0006fb1cb
0006fd1df
044643045
000702217
00070422b
000709257
000708253
046461045
046e6b045
048c89045
04aaa7045
04c8c5045
04e6e3045
050501045
05231f045
05413d045
01b3b1ac1
01d1cfca1
01aba9a41
01c9c7c21
00035c343
01efede81
00035f37f
000c0a061
0003623bb
01f1efea1
000e0c081
0003633cf
0034322e1
00036600b
0052504c1
000369047
003634301
0054524e1
00036a05b
007a78741
00036d097
009896921
0003700d3
007c7a761
009a98941
0003710e7
00c0beba1
000374123
00dedcd81
00037715f
00c2c0bc1
00e0deda1
000378173
010705001
00037b1af
0125231e1
00037e1eb
010907021
012725201
00037f1ff
000381227
000384263
00070e28f
0007102a3
0007122b7
0007152cf
0007172e3
055f5b045
00071c31b
00071e32f
000721347
00072335b
057d79045
000728393
00072a3a7
00072f3d3
00072e3cf
059b97045
00073400b
00073601f
000739037
00073b04b
05b9b5045
000740083
000742097
0007450af
0007470c3
05d7d3045
00074c0fb
00074d0ff
000751127
00075313b
05f5f1045
000758173
00075a187
00075f1b3
00075e1af
04120f045
041c19045
043a37045
045855045
047673045
049491045
04b2af045
04d0cd045
04eeeb045
01615f5a1
017f7d781
015957521
017775701
00038729f
019d9b961
00038a2db
01bbb9b41
00038d317
019f9d981
01bdbbb61
00038e32b
01e3e1dc1
000391367
0001fffa1
0003943a3
01e5e3de1
000201fc1
0003953b7
002826221
0003983f3
004644401
00039b02f
002a28241
004846421
00039c043
006e6c681
00039f07f
008c8a861
0003a20bb
00706e6a1
008e8c881
0003a30cf
00b4b2ae1
0003a610b
00d2d0cc1
0003a9147
00b6b4b01
00d4d2ce1
0003aa15b
0003ac183
0003af1bf
0007641eb
0007661ff
000768213
00076b22b
00076d23f
050d09045
000772277
00077428b
0007772a3
0007792b7
052b27045
00077e2ef
000780303
00078532f
00078432b
054945045
00078a367
00078c37b
00078f393
0007913a7
056763045
0007963df
0007983f3
00079b00b
00079d01f
058581045
0007a2057
0007a305b
0007a7083
0007a9097
05a39f045
0007ae0cf
0007b00e3
0007b510f
0007b410b
05c1bd045
05cbc7045
05e9e5045
040603045
042421045
04423f045
04605d045
047e7b045
049c99045
010f0d081
012d2b261
010705001
0125231e1
0003b21fb
014b49441
0003b5237
016967621
0003b8273
014d4b461
016b69641
0003b9287
01918f8a1
0003bc2c3
01afada81
0003bf2ff
0193918c1
01b1afaa1
0003c0313
01d7d5d01
0003c334f
01f5f3ee1
0003c638b
01d9d7d21
01f7f5f01
0003c739f
001c1a161
0003ca3db
003a38341
0003cd017
001e1c181
003c3a361
0003ce02b
0062605c1
0003d1067
00807e7a1
0003d40a3
0064625e1
0082807c1
0003d50b7
0003d70df
0003da11b
0007ba147
0007bc15b
0007be16f
0007c1187
0007c319b
04bab7045
0007c81d3
0007ca1e7
0007cd1ff
0007cf213
04d8d5045
0007d424b
0007d625f
0007db28b
0007da287
04f6f3045
0007e02c3
0007e22d7
0007e52ef
0007e7303
051511045
0007ec33b
0007ee34f
0007f1367
0007f337b
05332f045
0007f83b3
0007f93b7
0007fd3df
0007ff3f3
05514d045
00080402b
00080603f
00080b06b
00080a067
056f6b045
057975045
059793045
05b5b1045
05d3cf045
05f1ed045
040e0b045
042c29045
044a47045
00bcbab61
00dad8d41
00b4b2ae1
00d2d0cc1
0003dd157
00f8f6f21
0003e0193
011715101
0003e31cf
00faf8f41
011917121
0003e41e3
013f3d381
0003e721f
015d5b561
0003ea25b
01413f3a1
015f5d581
0003eb26f
0185837e1
0003ee2ab
01a3a19c1
0003f12e7
018785801
01a5a39e1
0003f22fb
01cbc9c41
0003f5337
01e9e7e21
0003f8373
01cdcbc61
01ebe9e41
0003f9387
00100e0a1
0003fc3c3
002e2c281
0003ff3ff
0012100c1
00302e2a1
000400013
00040203b
000405077
0008100a3
0008120b7
0008140cb
0008170e3
0008190f7
046865045
00081e12f
000820143
00082315b
00082516f
048683045
00082a1a7
00082c1bb
0008311e7
0008301e3
04a4a1045
00083621f
000838233
00083b24b
00083d25f
04c2bf045
000842297
0008442ab
0008472c3
0008492d7
04e0dd045
00084e30f
00084f313
00085333b
00085534f
04fefb045
00085a387
00085c39b
0008613c7
0008603c3
051d19045
052723045
054541045
05635f045
05817d045
059f9b045
05bdb9045
05dbd7045
05f9f5045
006a68641
008886821
0062605c1
00807e7a1
0004080b3
00a6a4a01
00040b0ef
00c4c2be1
00040e12b
00a8a6a21
00c6c4c01
00040f13f
00eceae61
00041217b
010b09041
0004151b7
00eeece81
010d0b061
0004161cb
0133312c1
000419207
01514f4a1
00041c243
0135332e1
0153514c1
00041d257
017977721
000420293
019795901
0004232cf
017b79741
019997921
0004242e3
01bfbdb81
00042731f
01dddbd61
00042a35b
01c1bfba1
01dfddd81
00042b36f
00042d397
0004303d3
0008663ff
000868013
00086a027
00086d03f
00086f053
041613045
00087408b
00087609f
0008790b7
00087b0cb
043431045
000880103
000882117
000887143
00088613f
04524f045
00088c17b
00088e18f
0008911a7
0008931bb
04706d045
0008981f3
00089a207
00089d21f
00089f233
048e8b045
0008a426b
0008a526f
0008a9297
0008ab2ab
04aca9045
0008b02e3
0008b22f7
0008b7323
0008b631f
04cac7045
04d4d1045
04f2ef045
05110d045
052f2b045
054d49045
056b67045
058985045
05a7a3045
001816121
003634301
00100e0a1
002e2c281
00043300f
0054524e1
00043604b
0072706c1
000439087
005654501
0074726e1
00043a09b
009a98941
00043d0d7
00b8b6b21
000440113
009c9a961
00bab8b41
000441127
00e0deda1
000444163
00fefcf81
00044719f
00e2e0dc1
0100fefa1
0004481b3
012725201
00044b1ef
0145433e1
00044e22b
012927221
014745401
00044f23f
016d6b661
00045227b
018b89841
0004552b7
016f6d681
018d8b861
0004562cb
0004582f3
00045b32f
0008bc35b
0008be36f
0008c0383
0008c339b
0008c53af
05c5c1045
0008ca3e7
0008cc3fb
0008cf013
0008d1027
05e3df045
0008d605f
0008d8073
0008dd09f
0008dc09b
0401fd045
0008e20d7
0008e40eb
0008e7103
0008e9117
041e1b045
0008ee14f
0008f0163
0008f317b
0008f518f
043c39045
0008fa1c7
0008fb1cb
0008ff1f3
000901207
045a57045
00090623f
000908253
00090d27f
00090c27b
047875045
04827f045
04a09d045
04bebb045
04dcd9045
04faf7045
051915045
053733045
055551045
01c7c5c01
01e5e3de1
01bfbdb81
01dddbd61
00045e36b
000201fc1
0004613a7
00201e1a1
0004643e3
000403fe1
0022201c1
0004653f7
004846421
000468033
006664601
00046b06f
004a48441
006866621
00046c083
008e8c881
00046f0bf
00acaaa61
0004720fb
00908e8a1
00aeaca81
00047310f
00d4d2ce1
00047614b
00f2f0ec1
000479187
00d6d4d01
00f4f2ee1
00047a19b
011b19141
00047d1d7
013937321
000480213
011d1b161
013b39341
000481227
00048324f
00048628b
0009122b7
0009142cb
0009162df
0009192f7
00091b30b
05736f045
000920343
000922357
00092536f
000927383
05918d045
00092c3bb
00092e3cf
0009333fb
0009323f7
05afab045
000938033
00093a047
00093d05f
00093f073
05cdc9045
0009440ab
0009460bf
0009490d7
00094b0eb
05ebe7045
000950123
000951127
00095514f
000957163
040805045
00095c19b
00095e1af
0009631db
0009621d7
042623045
04302d045
044e4b045
046c69045
048a87045
04a8a5045
04c6c3045
04e4e1045
0502ff045
0175736e1
0193918c1
016d6b661
018b89841
0004892c7
01b1afaa1
00048c303
01cfcdc81
00048f33f
01b3b1ac1
01d1cfca1
000490353
01f7f5f01
00049338f
0014120e1
0004963cb
01f9f7f21
001614101
0004973df
003c3a361
00049a01b
005a58541
00049d057
003e3c381
005c5a561
00049e06b
0082807c1
0004a10a7
00a09e9a1
0004a40e3
0084827e1
00a2a09c1
0004a50f7
00c8c6c21
0004a8133
00e6e4e01
0004ab16f
00cac8c41
00e8e6e21
0004ac183
0004ae1ab
0004b11e7
000968213
00096a227
00096c23b
00096f253
000971267
05211d045
00097629f
0009782b3
00097b2cb
00097d2df
053f3b045
000982317
00098432b
000989357
000988353
055d59045
00098e38f
0009903a3
0009933bb
0009953cf
057b77045
00099a007
00099c01b
00099f033
0009a1047
059995045
0009a607f
0009a7083
0009ab0ab
0009ad0bf
05b7b3045
0009b20f7
0009b410b
0009b9137
0009b8133
05d5d1045
05dfdb045
05fdf9045
041a17045
043835045
045653045
047471045
04928f045
04b0ad045
0123211c1
01413f3a1
011b19141
013937321
0004b4223
015f5d581
0004b725f
017d7b761
0004ba29b
01615f5a1
017f7d781
0004bb2af
01a5a39e1
0004be2eb
01c3c1bc1
0004c1327
01a7a5a01
01c5c3be1
0004c233b
01ebe9e41
0004c5377
000806021
0004c83b3
01edebe61
000a08041
0004c93c7
00302e2a1
0004cc003
004e4c481
0004cf03f
0032302c1
00504e4a1
0004d0053
007674701
0004d308f
0094928e1
0004d60cb
007876721
009694901
0004d70df
0004d9107
0004dc143
0009be16f
0009c0183
0009c2197
0009c51af
0009c71c3
04cecb045
0009cc1fb
0009ce20f
0009d1227
0009d323b
04ece9045
0009d8273
0009da287
0009df2b3
0009de2af
050b07045
0009e42eb
0009e62ff
0009e9317
0009eb32b
052925045
0009f0363
0009f2377
0009f538f
0009f73a3
054743045
0009fc3db
0009fd3df
000a01007
000a0301b
056561045
000a08053
000a0a067
000a0f093
000a0e08f
05837f045
058d89045
05aba7045
05c9c5045
05e7e3045
040401045
04221f045
04403d045
045e5b045
00d0ceca1
00eeece81
00c8c6c21
00e6e4e01
0004df17f
010d0b061
0004e21bb
012b29241
0004e51f7
010f0d081
012d2b261
0004e620b
0153514c1
0004e9247
01716f6a1
0004ec283
0155534e1
0173716c1
0004ed297
019997921
0004f02d3
01b7b5b01
0004f330f
019b99941
01b9b7b21
0004f4323
01dfddd81
0004f735f
01fdfbf61
0004fa39b
01e1dfda1
01fffdf81
0004fb3af
0024221e1
0004fe3eb
0042403c1
000501027
002624201
0044423e1
00050203b
000504063
00050709f
000a140cb
000a160df
000a180f3
000a1b10b
000a1d11f
047c79045
000a22157
000a2416b
000a27183
000a29197
049a97045
000a2e1cf
000a301e3
000a3520f
000a3420b
04b8b5045
000a3a247
000a3c25b
000a3f273
000a41287
04d6d3045
000a462bf
000a482d3
000a4b2eb
000a4d2ff
04f4f1045
000a52337
000a5333b
000a57363
000a59377
05130f045
000a5e3af
000a603c3
000a653ef
000a643eb
05312d045
053b37045
055955045
057773045
059591045
05b3af045
05d1cd045
05efeb045
040c09045
007e7c781
009c9a961
007674701
0094928e1
00050a0db
00bab8b41
00050d117
00d8d6d21
000510153
00bcbab61
00dad8d41
000511167
0100fefa1
0005141a3
011f1d181
0005171df
010300fc1
01211f1a1
0005181f3
014745401
00051b22f
0165635e1
00051e26b
014947421
016765601
00051f27f
018d8b861
0005222bb
01aba9a41
0005252f7
018f8d881
01adaba61
00052630b
01d3d1cc1
000529347
01f1efea1
00052c383
01d5d3ce1
01f3f1ec1
00052d397
00052f3bf
0005323fb
000a6a027
000a6c03b
000a6e04f
000a71067
000a7307b
042a27045
000a780b3
000a7a0c7
000a7d0df
000a7f0f3
044845045
000a8412b
000a8613f
000a8b16b
000a8a167
046663045
000a901a3
000a921b7
000a951cf
000a971e3
048481045
000a9c21b
000a9e22f
000aa1247
000aa325b
04a29f045
000aa8293
000aa9297
000aad2bf
000aaf2d3
04c0bd045
000ab430b
000ab631f
000abb34b
000aba347
04dedb045
04e8e5045
050703045
052521045
05433f045
05615d045
057f7b045
059d99045
05bbb7045
002c2a261
004a48441
0024221e1
0042403c1
000535037
006866621
000538073
008684801
00053b0af
006a68641
008886821
00053c0c3
00aeaca81
00053f0ff
00cccac61
00054213b
00b0aeaa1
00ceccc81
00054314f
00f4f2ee1
00054618b
0113110c1
0005491c7
00f6f4f01
0115130e1
00054a1db
013b39341
00054d217
015957521
000550253
013d3b361
015b59541
000551267
01817f7a1
0005542a3
019f9d981
0005572df
0183817c1
01a19f9a1
0005582f3
00055a31b
00055d357
000ac0383
000ac2397
000ac43ab
000ac73c3
000ac93d7
05d9d5045
000ace00f
000ad0023
000ad303b
000ad504f
05f7f3045
000ada087
000adc09b
000ae10c7
000ae00c3
041411045
000ae60ff
000ae8113
000aeb12b
000aed13f
04322f045
000af2177
000af418b
000af71a3
000af91b7
04504d045
000afe1ef
000aff1f3
000b0321b
000b0522f
046e6b045
000b0a267
000b0c27b
000b112a7
000b102a3
048c89045
049693045
04b4b1045
04d2cf045
04f0ed045
050f0b045
052d29045
054b47045
056965045
01dbd9d41
01f9f7f21
01d3d1cc1
01f1efea1
000560393
001614101
0005633cf
0034322e1
00056600b
001816121
003634301
00056701f
005c5a561
00056a05b
007a78741
00056d097
005e5c581
007c7a761
00056e0ab
00a2a09c1
0005710e7
00c0beba1
000574123
00a4a29e1
00c2c0bc1
000575137
00e8e6e21
000578173
010705001
00057b1af
00eae8e41
010907021
00057c1c3
012f2d281
00057f1ff
014d4b461
00058223b
01312f2a1
014f4d481
00058324f
000585277
0005882b3
000b162df
000b182f3
000b1a307
000b1d31f
000b1f333
058783045
000b2436b
000b2637f
000b29397
000b2b3ab
05a5a1045
000b303e3
000b323f7
000b37023
000b3601f
05c3bf045
000b3c05b
000b3e06f
000b41087
000b4309b
05e1dd045
000b480d3
000b4a0e7
000b4d0ff
000b4f113
05fffb045
000b5414b
000b5514f
000b59177
000b5b18b
041c19045
000b601c3
000b621d7
000b67203
000b661ff
043a37045
044441045
04625f045
04807d045
049e9b045
04bcb9045
04dad7045
04f8f5045
051713045
018987821
01a7a5a01
01817f7a1
019f9d981
00058b2ef
01c5c3be1
00058e32b
01e3e1dc1
000591367
01c7c5c01
01e5e3de1
00059237b
000a08041
0005953b7
002826221
0005983f3
000c0a061
002a28241
000599007
00504e4a1
00059c043
006e6c681
00059f07f
0052504c1
00706e6a1
0005a0093
009694901
0005a30cf
00b4b2ae1
0005a610b
009896921
00b6b4b01
0005a711f
00dcdad61
0005aa15b
00faf8f41
0005ad197
00dedcd81
00fcfaf61
0005ae1ab
0005b01d3
0005b320f
000b6c23b
000b6e24f
000b70263
000b7327b
000b7528f
053531045
000b7a2c7
000b7c2db
000b7f2f3
000b81307
05534f045
000b8633f
000b88353
000b8d37f
000b8c37b
05716d045
000b923b7
000b943cb
000b973e3
000b993f7
058f8b045
000b9e02f
000ba0043
000ba305b
000ba506f
05ada9045
000baa0a7
000bab0ab
000baf0d3
000bb10e7
05cbc7045
000bb611f
000bb8133
000bbd15f
000bbc15b
05e9e5045
05f3ef045
04100d045
042e2b045
044c49045
046a67045
048885045
04a6a3045
04c4c1045
013735301
0155534e1
012f2d281
014d4b461
0005b624b
0173716c1
0005b9287
01918f8a1
0005bc2c3
0175736e1
0193918c1
0005bd2d7
01b9b7b21
0005c0313
01d7d5d01
0005c334f
01bbb9b41
01d9d7d21
0005c4363
01fffdf81
0005c739f
001c1a161
0005ca3db
0001fffa1
001e1c181
0005cb3ef
0044423e1
0005ce02b
0062605c1
0005d1067
004644401
0064625e1
0005d207b
008a88841
0005d50b7
00a8a6a21
0005d80f3
008c8a861
00aaa8a41
0005d9107
0005db12f
0005de16b
000bc2197
000bc41ab
000bc61bf
000bc91d7
000bcb1eb
04e2df045
000bd0223
000bd2237
000bd524f
000bd7263
0500fd045
000bdc29b
000bde2af
000be32db
000be22d7
051f1b045
000be8313
000bea327
000bed33f
000bef353
053d39045
000bf438b
000bf639f
000bf93b7
000bfb3cb
055b57045
000c00003
000c01007
000c0502f
000c07043
057975045
000c0c07b
000c0e08f
000c130bb
000c120b7
059793045
05a19d045
05bfbb045
05ddd9045
05fbf7045
041815045
043633045
045451045
04726f045
00e4e2de1
010300fc1
00dcdad61
00faf8f41
0005e11a7
01211f1a1
0005e41e3
013f3d381
0005e721f
0123211c1
01413f3a1
0005e8233
016765601
0005eb26f
0185837e1
0005ee2ab
016967621
018785801
0005ef2bf
01adaba61
0005f22fb
01cbc9c41
0005f5337
01afada81
01cdcbc61
0005f634b
01f3f1ec1
0005f9387
00100e0a1
0005fc3c3
01f5f3ee1
0012100c1
0005fd3d7
003836321
000600013
005654501
00060304f
003a38341
005856521
000604063
00060608b
0006090c7
000c180f3
000c1a107
000c1c11b
000c1f133
000c21147
04908d045
000c2617f
000c28193
000c2b1ab
000c2d1bf
04aeab045
000c321f7
000c3420b
000c39237
000c38233
04ccc9045
000c3e26f
000c40283
000c4329b
000c452af
04eae7045
000c4a2e7
000c4c2fb
000c4f313
000c51327
050905045
000c5635f
000c57363
000c5b38b
000c5d39f
052723045
000c623d7
000c643eb
000c69017
000c68013
054541045
054f4b045
056d69045
058b87045
05a9a5045
05c7c3045
05e5e1045
0403ff045
04201d045
0092908c1
00b0aeaa1
008a88841
00a8a6a21
00060c103
00ceccc81
00060f13f
00eceae61
00061217b
00d0ceca1
00eeece81
00061318f
0115130e1
0006161cb
0133312c1
000619207
011715101
0135332e1
00061a21b
015b59541
00061d257
017977721
000620293
015d5b561
017b79741
0006212a7
01a19f9a1
0006242e3
01bfbdb81
00062731f
01a3a19c1
01c1bfba1
000628333
01e7e5e01
00062b36f
000403fe1
00062e3ab
01e9e7e21
000604001
00062f3bf
0006313e7
000634023
000c6e04f
000c70063
000c72077
000c7508f
000c770a3
043e3b045
000c7c0db
000c7e0ef
000c81107
000c8311b
045c59045
000c88153
000c8a167
000c8f193
000c8e18f
047a77045
000c941cb
000c961df
000c991f7
000c9b20b
049895045
000ca0243
000ca2257
000ca526f
000ca7283
04b6b3045
000cac2bb
000cad2bf
000cb12e7
000cb32fb
04d4d1045
000cb8333
000cba347
000cbf373
000cbe36f
04f2ef045
04fcf9045
051b17045
053935045
055753045
057571045
05938f045
05b1ad045
05cfcb045
00403e3a1
005e5c581
003836321
005654501
00063705f
007c7a761
00063a09b
009a98941
00063d0d7
007e7c781
009c9a961
00063e0eb
00c2c0bc1
000641127
00e0deda1
000644163
00c4c2be1
00e2e0dc1
000645177
010907021
0006481b3
012725201
00064b1ef
010b09041
012927221
00064c203
014f4d481
00064f23f
016d6b661
00065227b
01514f4a1
016f6d681
00065328f
0195938e1
0006562cb
01b3b1ac1
000659307
019795901
01b5b3ae1
00065a31b
00065c343
00065f37f
000cc43ab
000cc63bf
000cc83d3
000ccb3eb
000ccd3ff
05ede9045
000cd2037
000cd404b
000cd7063
000cd9077
040a07045
000cde0af
000ce00c3
000ce50ef
000ce40eb
042825045
000cea127
000cec13b
000cef153
000cf1167
044643045
000cf619f
000cf81b3
000cfb1cb
000cfd1df
046461045
000d02217
000d0321b
000d07243
000d09257
04827f045
000d0e28f
000d102a3
000d152cf
000d142cb
04a09d045
04aaa7045
04c8c5045
04e6e3045
050501045
05231f045
05413d045
055f5b045
057d79045
01efede81
000c0a061
01e7e5e01
000403fe1
0006623bb
002a28241
0006653f7
004846421
000668033
002c2a261
004a48441
000669047
00706e6a1
00066c083
008e8c881
00066f0bf
0072706c1
00908e8a1
0006700d3
00b6b4b01
00067310f
00d4d2ce1
00067614b
00b8b6b21
00d6d4d01
00067715f
00fcfaf61
00067a19b
011b19141
00067d1d7
00fefcf81
011d1b161
00067e1eb
0143413c1
000681227
01615f5a1
000684263
0145433e1
0163615c1
000685277
00068729f
00068a2db
000d1a307
000d1c31b
000d1e32f
000d21347
000d2335b
059b97045
000d28393
000d2a3a7
000d2d3bf
000d2f3d3
05b9b5045
000d3400b
000d3601f
000d3b04b
000d3a047
05d7d3045
000d40083
000d42097
000d450af
000d470c3
05f5f1045
000d4c0fb
000d4e10f
000d51127
000d5313b
04120f045
000d58173
000d59177
000d5d19f
000d5f1b3
04302d045
000d641eb
000d661ff
000d6b22b
000d6a227
044e4b045
045855045
047673045
049491045
04b2af045
04d0cd045
04eeeb045
050d09045
052b27045
019d9b961
01bbb9b41
0195938e1
01b3b1ac1
00068d317
01d9d7d21
000690353
01f7f5f01
00069338f
01dbd9d41
01f9f7f21
0006943a3
001e1c181
0006973df
003c3a361
00069a01b
00201e1a1
003e3c381
00069b02f
0064625e1
00069e06b
0082807c1
0006a10a7
006664601
0084827e1
0006a20bb
00aaa8a41
0006a50f7
00c8c6c21
0006a8133
00acaaa61
00cac8c41
0006a9147
00f0eeea1
0006ac183
010f0d081
0006af1bf
00f2f0ec1
01110f0a1
0006b01d3
0006b21fb
0006b5237
000d70263
000d72277
000d7428b
000d772a3
000d792b7
054945045
000d7e2ef
000d80303
000d8331b
000d8532f
056763045
000d8a367
000d8c37b
000d913a7
000d903a3
058581045
000d963df
000d983f3
000d9b00b
000d9d01f
05a39f045
000da2057
000da406b
000da7083
000da9097
05c1bd045
000dae0cf
000daf0d3
000db30fb
000db510f
05dfdb045
000dba147
000dbc15b
000dc1187
000dc0183
05fdf9045
040603045
042421045
04423f045
04605d045
047e7b045
049c99045
04bab7045
04d8d5045
014b49441
016967621
0143413c1
01615f5a1
0006b8273
018785801
0006bb2af
01a5a39e1
0006be2eb
018987821
01a7a5a01
0006bf2ff
01cdcbc61
0006c233b
01ebe9e41
0006c5377
01cfcdc81
01edebe61
0006c638b
0012100c1
0006c93c7
00302e2a1
0006cc003
0014120e1
0032302c1
0006cd017
005856521
0006d0053
007674701
0006d308f
005a58541
007876721
0006d40a3
009e9c981
0006d70df
00bcbab61
0006da11b
00a09e9a1
00bebcb81
0006db12f
0006dd157
0006e0193
000dc61bf
000dc81d3
000dca1e7
000dcd1ff
000dcf213
04f6f3045
000dd424b
000dd625f
000dd9277
000ddb28b
051511045
000de02c3
000de22d7
000de7303
000de62ff
05332f045
000dec33b
000dee34f
000df1367
000df337b
05514d045
000df83b3
000dfa3c7
000dfd3df
000dff3f3
056f6b045
000e0402b
000e0502f
000e09057
000e0b06b
058d89045
000e100a3
000e120b7
000e170e3
000e160df
05aba7045
05b5b1045
05d3cf045
05f1ed045
040e0b045
042c29045
044a47045
046865045
048683045
00f8f6f21
011715101
00f0eeea1
010f0d081
0006e31cf
0135332e1
0006e620b
0153514c1
0006e9247
013735301
0155534e1
0006ea25b
017b79741
0006ed297
019997921
0006f02d3
017d7b761
019b99941
0006f12e7
01c1bfba1
0006f4323
01dfddd81
0006f735f
01c3c1bc1
01e1dfda1
0006f8373
000604001
0006fb3af
0024221e1
0006fe3eb
000806021
002624201
0006ff3ff
004c4a461
00070203b
006a68641
000705077
004e4c481
006c6a661
00070608b
0007080b3
00070b0ef
000e1c11b
000e1e12f
000e20143
000e2315b
000e2516f
04a4a1045
000e2a1a7
000e2c1bb
000e2f1d3
000e311e7
04c2bf045
000e3621f
000e38233
000e3d25f
000e3c25b
04e0dd045
000e42297
000e442ab
000e472c3
000e492d7
04fefb045
000e4e30f
000e50323
000e5333b
000e5534f
051d19045
000e5a387
000e5b38b
000e5f3b3
000e613c7
053b37045
000e663ff
000e68013
000e6d03f
000e6c03b
055955045
05635f045
05817d045
059f9b045
05bdb9045
05dbd7045
05f9f5045
041613045
043431045
00a6a4a01
00c4c2be1
009e9c981
00bcbab61
00070e12b
00e2e0dc1
000711167
0100fefa1
0007141a3
00e4e2de1
010300fc1
0007151b7
012927221
0007181f3
014745401
00071b22f
012b29241
014947421
00071c243
016f6d681
00071f27f
018d8b861
0007222bb
01716f6a1
018f8d881
0007232cf
01b5b3ae1
00072630b
01d3d1cc1
000729347
01b7b5b01
01d5d3ce1
00072a35b
01fbf9f41
00072d397
001816121
0007303d3
01fdfbf61
001a18141
0007313e7
00073300f
00073604b
000e72077
000e7408b
000e7609f
000e790b7
000e7b0cb
04524f045
000e80103
000e82117
000e8512f
000e87143
04706d045
000e8c17b
000e8e18f
000e931bb
000e921b7
048e8b045
000e981f3
000e9a207
000e9d21f
000e9f233
04aca9045
000ea426b
000ea627f
000ea9297
000eab2ab
04cac7045
000eb02e3
000eb12e7
000eb530f
000eb7323
04e8e5045
000ebc35b
000ebe36f
000ec339b
000ec2397
050703045
05110d045
052f2b045
054d49045
056b67045
058985045
05a7a3045
05c5c1045
05e3df045
0054524e1
0072706c1
004c4a461
006a68641
000739087
00908e8a1
00073c0c3
00aeaca81
00073f0ff
0092908c1
00b0aeaa1
000740113
00d6d4d01
00074314f
00f4f2ee1
00074618b
00d8d6d21
00f6f4f01
00074719f
011d1b161
00074a1db
013b39341
00074d217
011f1d181
013d3b361
00074e22b
0163615c1
000751267
01817f7a1
0007542a3
0165635e1
0183817c1
0007552b7
01a9a7a21
0007582f3
01c7c5c01
00075b32f
01aba9a41
01c9c7c21
00075c343
00075e36b
0007613a7
000ec83d3
000eca3e7
000ecc3fb
000ecf013
000ed1027
0401fd045
000ed605f
000ed8073
000edb08b
000edd09f
041e1b045
000ee20d7
000ee40eb
000ee9117
000ee8113
043c39045
000eee14f
000ef0163
000ef317b
000ef518f
045a57045
000efa1c7
000efc1db
000eff1f3
000f01207
047875045
000f0623f
000f07243
000f0b26b
000f0d27f
049693045
000f122b7
000f142cb
000f192f7
000f182f3
04b4b1045
04bebb045
04dcd9045
04faf7045
051915045
053733045
055551045
05736f045
05918d045
000201fc1
00201e1a1
01fbf9f41
001816121
0007643e3
003e3c381
00076701f
005c5a561
00076a05b
00403e3a1
005e5c581
00076b06f
0084827e1
00076e0ab
00a2a09c1
0007710e7
008684801
00a4a29e1
0007720fb
00cac8c41
000775137
00e8e6e21
000778173
00cccac61
00eae8e41
000779187
01110f0a1
00077c1c3
012f2d281
00077f1ff
0113110c1
01312f2a1
000780213
015755501
00078324f
0175736e1
00078628b
015957521
017775701
00078729f
0007892c7
00078c303
000f1e32f
000f20343
000f22357
000f2536f
000f27383
05afab045
000f2c3bb
000f2e3cf
000f313e7
000f333fb
05cdc9045
000f38033
000f3a047
000f3f073
000f3e06f
05ebe7045
000f440ab
000f460bf
000f490d7
000f4b0eb
040805045
000f50123
000f52137
000f5514f
000f57163
042623045
000f5c19b
000f5d19f
000f611c7
000f631db
044441045
000f68213
000f6a227
000f6f253
000f6e24f
04625f045
046c69045
048a87045
04a8a5045
04c6c3045
04e4e1045
0502ff045
05211d045
053f3b045
01b1afaa1
01cfcdc81
01a9a7a21
01c7c5c01
00078f33f
01edebe61
00079237b
000a08041
0007953b7
01efede81
000c0a061
0007963cb
0032302c1
000799007
00504e4a1
00079c043
0034322e1
0052504c1
00079d057
007876721
0007a0093
009694901
0007a30cf
007a78741
009896921
0007a40e3
00bebcb81
0007a711f
00dcdad61
0007aa15b
00c0beba1
00dedcd81
0007ab16f
010502fe1
0007ae1ab
0123211c1
0007b11e7
010705001
0125231e1
0007b21fb
0007b4223
0007b725f
000f7428b
000f7629f
000f782b3
000f7b2cb
000f7d2df
055d59045
000f82317
000f8432b
000f87343
000f89357
057b77045
000f8e38f
000f903a3
000f953cf
000f943cb
059995045
000f9a007
000f9c01b
000f9f033
000fa1047
05b7b3045
000fa607f
000fa8093
000fab0ab
000fad0bf
05d5d1045
000fb20f7
000fb30fb
000fb7123
000fb9137
05f3ef045
000fbe16f
000fc0183
000fc51af
000fc41ab
04100d045
041a17045
043835045
045653045
047471045
04928f045
04b0ad045
04cecb045
04ece9045
015f5d581
017d7b761
015755501
0175736e1
0007ba29b
019b99941
0007bd2d7
01b9b7b21
0007c0313
019d9b961
01bbb9b41
0007c1327
01e1dfda1
0007c4363
01fffdf81
0007c739f
01e3e1dc1
0001fffa1
0007c83b3
002624201
0007cb3ef
0044423e1
0007ce02b
002826221
004644401
0007cf03f
006c6a661
0007d207b
008a88841
0007d50b7
006e6c681
008c8a861
0007d60cb
00b2b0ac1
0007d9107
00d0ceca1
0007dc143
00b4b2ae1
00d2d0cc1
0007dd157
0007df17f
0007e21bb
000fca1e7
000fcc1fb
000fce20f
000fd1227
000fd323b
050b07045
000fd8273
000fda287
000fdd29f
000fdf2b3
052925045
000fe42eb
000fe62ff
000feb32b
000fea327
054743045
000ff0363
000ff2377
000ff538f
000ff73a3
056561045
000ffc3db
000ffe3ef
001001007
00100301b
05837f045
001008053
001009057
00100d07f
00100f093
05a19d045
0010140cb
0010160df
00101b10b
00101a107
05bfbb045
05c9c5045
05e7e3045
040401045
04221f045
04403d045
045e5b045
047c79045
049a97045
010d0b061
012b29241
010502fe1
0123211c1
0007e51f7
014947421
0007e8233
016765601
0007eb26f
014b49441
016967621
0007ec283
018f8d881
0007ef2bf
01adaba61
0007f22fb
01918f8a1
01afada81
0007f330f
01d5d3ce1
0007f634b
01f3f1ec1
0007f9387
01d7d5d01
01f5f3ee1
0007fa39b
001a18141
0007fd3d7
003836321
000800013
001c1a161
003a38341
000801027
00605e5a1
000804063
007e7c781
00080709f
0062605c1
00807e7a1
0008080b3
00080a0db
00080d117
001020143
001022157
00102416b
001027183
001029197
04b8b5045
00102e1cf
0010301e3
0010331fb
00103520f
04d6d3045
00103a247
00103c25b
001041287
001040283
04f4f1045
0010462bf
0010482d3
00104b2eb
00104d2ff
05130f045
001052337
00105434b
001057363
001059377
05312d045
00105e3af
00105f3b3
0010633db
0010653ef
054f4b045
00106a027
00106c03b
001071067
001070063
056d69045
057773045
059591045
05b3af045
05d1cd045
05efeb045
040c09045
042a27045
044845045
00bab8b41
00d8d6d21
00b2b0ac1
00d0ceca1
000810153
00f6f4f01
00081318f
0115130e1
0008161cb
00f8f6f21
011715101
0008171df
013d3b361
00081a21b
015b59541
00081d257
013f3d381
015d5b561
00081e26b
0183817c1
0008212a7
01a19f9a1
0008242e3
0185837e1
01a3a19c1
0008252f7
01c9c7c21
000828333
01e7e5e01
00082b36f
01cbc9c41
01e9e7e21
00082c383
000e0c081
00082f3bf
002c2a261
0008323fb
00100e0a1
002e2c281
00083300f
000835037
000838073
00107609f
0010780b3
00107a0c7
00107d0df
00107f0f3
046663045
00108412b
00108613f
001089157
00108b16b
048481045
0010901a3
0010921b7
0010971e3
0010961df
04a29f045
00109c21b
00109e22f
0010a1247
0010a325b
04c0bd045
0010a8293
0010aa2a7
0010ad2bf
0010af2d3
04dedb045
0010b430b
0010b530f
0010b9337
0010bb34b
04fcf9045
0010c0383
0010c2397
0010c73c3
0010c63bf
051b17045
052521045
05433f045
05615d045
057f7b045
059d99045
05bbb7045
05d9d5045
05f7f3045
006866621
008684801
00605e5a1
007e7c781
00083b0af
00a4a29e1
00083e0eb
00c2c0bc1
000841127
00a6a4a01
00c4c2be1
00084213b
00eae8e41
000845177
010907021
0008481b3
00eceae61
010b09041
0008491c7
01312f2a1
00084c203
014f4d481
00084f23f
0133312c1
01514f4a1
000850253
017775701
00085328f
0195938e1
0008562cb
017977721
019795901
0008572df
01bdbbb61
00085a31b
01dbd9d41
00085d357
01bfbdb81
01dddbd61
00085e36b
000860393
0008633cf
0010cc3fb
0010ce00f
0010d0023
0010d303b
0010d504f
041411045
0010da087
0010dc09b
0010df0b3
0010e10c7
04322f045
0010e60ff
0010e8113
0010ed13f
0010ec13b
04504d045
0010f2177
0010f418b
0010f71a3
0010f91b7
046e6b045
0010fe1ef
001100203
00110321b
00110522f
048c89045
00110a267
00110b26b
00110f293
0011112a7
04aaa7045
0011162df
0011182f3
00111d31f
00111c31b
04c8c5045
04d2cf045
04f0ed045
050f0b045
052d29045
054b47045
056965045
058783045
05a5a1045
001614101
0034322e1
000e0c081
002c2a261
00086600b
0052504c1
000869047
00706e6a1
00086c083
0054524e1
0072706c1
00086d097
009896921
0008700d3
00b6b4b01
00087310f
009a98941
00b8b6b21
000874123
00dedcd81
00087715f
00fcfaf61
00087a19b
00e0deda1
00fefcf81
00087b1af
0125231e1
00087e1eb
0143413c1
000881227
012725201
0145433e1
00088223b
016b69641
000885277
018987821
0008882b3
016d6b661
018b89841
0008892c7
00088b2ef
00088e32b
001122357
00112436b
00112637f
001129397
00112b3ab
05c3bf045
0011303e3
0011323f7
00113500f
001137023
05e1dd045
00113c05b
00113e06f
00114309b
001142097
05fffb045
0011480d3
00114a0e7
00114d0ff
00114f113
041c19045
00115414b
00115615f
001159177
00115b18b
043a37045
0011601c3
0011611c7
0011651ef
001167203
045855045
00116c23b
00116e24f
00117327b
001172277
047673045
04807d045
049e9b045
04bcb9045
04dad7045
04f8f5045
051713045
053531045
05534f045
01c5c3be1
01e3e1dc1
01bdbbb61
01dbd9d41
000891367
0001fffa1
0008943a3
001e1c181
0008973df
000201fc1
00201e1a1
0008983f3
004644401
00089b02f
0064625e1
00089e06b
004846421
006664601
00089f07f
008c8a861
0008a20bb
00aaa8a41
0008a50f7
008e8c881
00acaaa61
0008a610b
00d2d0cc1
0008a9147
00f0eeea1
0008ac183
00d4d2ce1
00f2f0ec1
0008ad197
011917121
0008b01d3
013735301
0008b320f
011b19141
013937321
0008b4223
0008b624b
0008b9287
0011782b3
00117a2c7
00117c2db
00117f2f3
001181307
05716d045
00118633f
001188353
00118b36b
00118d37f
058f8b045
0011923b7
0011943cb
0011993f7
0011983f3
05ada9045
00119e02f
0011a0043
0011a305b
0011a506f
05cbc7045
0011aa0a7
0011ac0bb
0011af0d3
0011b10e7
05e9e5045
0011b611f
0011b7123
0011bb14b
0011bd15f
040603045
0011c2197
0011c41ab
0011c91d7
0011c81d3
042421045
042e2b045
044c49045
046a67045
048885045
04a6a3045
04c4c1045
04e2df045
0500fd045
0173716c1
01918f8a1
016b69641
018987821
0008bc2c3
01afada81
0008bf2ff
01cdcbc61
0008c233b
01b1afaa1
01cfcdc81
0008c334f
01f5f3ee1
0008c638b
0012100c1
0008c93c7
01f7f5f01
0014120e1
0008ca3db
003a38341
0008cd017
005856521
0008d0053
003c3a361
005a58541
0008d1067
00807e7a1
0008d40a3
009e9c981
0008d70df
0082807c1
00a09e9a1
0008d80f3
00c6c4c01
0008db12f
00e4e2de1
0008de16b
00c8c6c21
00e6e4e01
0008df17f
0008e11a7
0008e41e3
0011ce20f
0011d0223
0011d2237
0011d524f
0011d7263
051f1b045
0011dc29b
0011de2af
0011e12c7
0011e32db
053d39045
0011e8313
0011ea327
0011ef353
0011ee34f
055b57045
0011f438b
0011f639f
0011f93b7
0011fb3cb
057975045
001200003
001202017
00120502f
001207043
059793045
00120c07b
00120d07f
0012110a7
0012130bb
05b5b1045
0012180f3
00121a107
00121f133
00121e12f
05d3cf045
05ddd9045
05fbf7045
041815045
043633045
045451045
04726f045
04908d045
04aeab045
01211f1a1
013f3d381
011917121
013735301
0008e721f
015d5b561
0008ea25b
017b79741
0008ed297
015f5d581
017d7b761
0008ee2ab
01a3a19c1
0008f12e7
01c1bfba1
0008f4323
01a5a39e1
01c3c1bc1
0008f5337
01e9e7e21
0008f8373
000604001
0008fb3af
01ebe9e41
000806021
0008fc3c3
002e2c281
0008ff3ff
004c4a461
00090203b
00302e2a1
004e4c481
00090304f
0074726e1
00090608b
0092908c1
0009090c7
007674701
0094928e1
00090a0db
00090c103
00090f13f
00122416b
00122617f
001228193
00122b1ab
00122d1bf
04ccc9045
0012321f7
00123420b
001237223
001239237
04eae7045
00123e26f
001240283
0012452af
0012442ab
050905045
00124a2e7
00124c2fb
00124f313
001251327
052723045
00125635f
001258373
00125b38b
00125d39f
054541045
0012623d7
0012633db
001267003
001269017
05635f045
00126e04f
001270063
00127508f
00127408b
05817d045
058b87045
05a9a5045
05c7c3045
05e5e1045
0403ff045
04201d045
043e3b045
045c59045
00ceccc81
00eceae61
00c6c4c01
00e4e2de1
00091217b
010b09041
0009151b7
012927221
0009181f3
010d0b061
012b29241
000919207
01514f4a1
00091c243
016f6d681
00091f27f
0153514c1
01716f6a1
000920293
019795901
0009232cf
01b5b3ae1
00092630b
019997921
01b7b5b01
00092731f
01dddbd61
00092a35b
01fbf9f41
00092d397
01dfddd81
01fdfbf61
00092e3ab
0022201c1
0009313e7
00403e3a1
000934023
0024221e1
0042403c1
000935037
00093705f
00093a09b
00127a0c7
00127c0db
00127e0ef
001281107
00128311b
047a77045
001288153
00128a167
00128d17f
00128f193
049895045
0012941cb
0012961df
00129b20b
00129a207
04b6b3045
0012a0243
0012a2257
0012a526f
0012a7283
04d4d1045
0012ac2bb
0012ae2cf
0012b12e7
0012b32fb
04f2ef045
0012b8333
0012b9337
0012bd35f
0012bf373
05110d045
0012c43ab
0012c63bf
0012cb3eb
0012ca3e7
052f2b045
053935045
055753045
057571045
05938f045
05b1ad045
05cfcb045
05ede9045
040a07045
007c7a761
009a98941
0074726e1
0092908c1
00093d0d7
00b8b6b21
000940113
00d6d4d01
00094314f
00bab8b41
00d8d6d21
000944163
00fefcf81
00094719f
011d1b161
00094a1db
0100fefa1
011f1d181
00094b1ef
0145433e1
00094e22b
0163615c1
000951267
014745401
0165635e1
00095227b
018b89841
0009552b7
01a9a7a21
0009582f3
018d8b861
01aba9a41
000959307
01d1cfca1
00095c343
01efede81
00095f37f
01d3d1cc1
01f1efea1
000960393
0009623bb
0009653f7
0012d0023
0012d2037
0012d404b
0012d7063
0012d9077
042825045
0012de0af
0012e00c3
0012e30db
0012e50ef
044643045
0012ea127
0012ec13b
0012f1167
0012f0163
046461045
0012f619f
0012f81b3
0012fb1cb
0012fd1df
04827f045
001302217
00130422b
001307243
001309257
04a09d045
00130e28f
00130f293
0013132bb
0013152cf
04bebb045
00131a307
00131c31b
001321347
001320343
04dcd9045
04e6e3045
050501045
05231f045
05413d045
055f5b045
057d79045
059b97045
05b9b5045
002a28241
004846421
0022201c1
00403e3a1
000968033
006664601
00096b06f
0084827e1
00096e0ab
006866621
008684801
00096f0bf
00acaaa61
0009720fb
00cac8c41
000975137
00aeaca81
00cccac61
00097614b
00f2f0ec1
000979187
01110f0a1
00097c1c3
00f4f2ee1
0113110c1
00097d1d7
013937321
000980213
015755501
00098324f
013b39341
015957521
000984263
017f7d781
00098729f
019d9b961
00098a2db
01817f7a1
019f9d981
00098b2ef
00098d317
000990353
00132637f
001328393
00132a3a7
00132d3bf
00132f3d3
05d7d3045
00133400b
00133601f
001339037
00133b04b
05f5f1045
001340083
001342097
0013470c3
0013460bf
04120f045
00134c0fb
00134e10f
001351127
00135313b
04302d045
001358173
00135a187
00135d19f
00135f1b3
044e4b045
0013641eb
0013651ef
001369217
00136b22b
046c69045
001370263
001372277
0013772a3
00137629f
048a87045
049491045
04b2af045
04d0cd045
04eeeb045
050d09045
052b27045
054945045
056763045
01d9d7d21
01f7f5f01
01d1cfca1
01efede81
00099338f
0014120e1
0009963cb
0032302c1
000999007
001614101
0034322e1
00099a01b
005a58541
00099d057
007876721
0009a0093
005c5a561
007a78741
0009a10a7
00a09e9a1
0009a40e3
00bebcb81
0009a711f
00a2a09c1
00c0beba1
0009a8133
00e6e4e01
0009ab16f
010502fe1
0009ae1ab
00e8e6e21
010705001
0009af1bf
012d2b261
0009b21fb
014b49441
0009b5237
012f2d281
014d4b461
0009b624b
0009b8273
0009bb2af
00137c2db
00137e2ef
001380303
00138331b
00138532f
058581045
00138a367
00138c37b
00138f393
0013913a7
05a39f045
0013963df
0013983f3
00139d01f
00139c01b
05c1bd045
0013a2057
0013a406b
0013a7083
0013a9097
05dfdb045
0013ae0cf
0013b00e3
0013b30fb
0013b510f
05fdf9045
0013ba147
0013bb14b
0013bf173
0013c1187
041a17045
0013c61bf
0013c81d3
0013cd1ff
0013cc1fb
043835045
04423f045
04605d045
047e7b045
049c99045
04bab7045
04d8d5045
04f6f3045
051511045
018785801
01a5a39e1
017f7d781
019d9b961
0009be2eb
01c3c1bc1
0009c1327
01e1dfda1
0009c4363
01c5c3be1
01e3e1dc1
0009c5377
000806021
0009c83b3
002624201
0009cb3ef
000a08041
002826221
0009cc003
004e4c481
0009cf03f
006c6a661
0009d207b
00504e4a1
006e6c681
0009d308f
0094928e1
0009d60cb
00b2b0ac1
0009d9107
009694901
00b4b2ae1
0009da11b
00dad8d41
0009dd157
00f8f6f21
0009e0193
00dcdad61
00faf8f41
0009e11a7
0009e31cf
0009e620b
0013d2237
0013d424b
0013d625f
0013d9277
0013db28b
05332f045
0013e02c3
0013e22d7
0013e52ef
0013e7303
05514d045
0013ec33b
0013ee34f
0013f337b
0013f2377
056f6b045
0013f83b3
0013fa3c7
0013fd3df
0013ff3f3
058d89045
00140402b
00140603f
001409057
00140b06b
05aba7045
0014100a3
0014110a7
0014150cf
0014170e3
05c9c5045
00141c11b
00141e12f
00142315b
001422157
05e7e3045
05f1ed045
040e0b045
042c29045
044a47045
046865045
048683045
04a4a1045
04c2bf045
0135332e1
0153514c1
012d2b261
014b49441
0009e9247
01716f6a1
0009ec283
018f8d881
0009ef2bf
0173716c1
01918f8a1
0009f02d3
01b7b5b01
0009f330f
01d5d3ce1
0009f634b
01b9b7b21
01d7d5d01
0009f735f
01fdfbf61
0009fa39b
001a18141
0009fd3d7
01fffdf81
001c1a161
0009fe3eb
0042403c1
000a01027
00605e5a1
000a04063
0044423e1
0062605c1
000a05077
008886821
000a080b3
00a6a4a01
000a0b0ef
008a88841
00a8a6a21
000a0c103
000a0e12b
000a11167
001428193
00142a1a7
00142c1bb
00142f1d3
0014311e7
04e0dd045
00143621f
001438233
00143b24b
00143d25f
04fefb045
001442297
0014442ab
0014492d7
0014482d3
051d19045
00144e30f
001450323
00145333b
00145534f
053b37045
00145a387
00145c39b
00145f3b3
0014613c7
055955045
0014663ff
001467003
00146b02b
00146d03f
057773045
001472077
00147408b
0014790b7
0014780b3
059591045
059f9b045
05bdb9045
05dbd7045
05f9f5045
041613045
043431045
04524f045
04706d045
00e2e0dc1
0100fefa1
00dad8d41
00f8f6f21
000a141a3
011f1d181
000a171df
013d3b361
000a1a21b
01211f1a1
013f3d381
000a1b22f
0165635e1
000a1e26b
0183817c1
000a212a7
016765601
0185837e1
000a222bb
01aba9a41
000a252f7
01c9c7c21
000a28333
01adaba61
01cbc9c41
000a29347
01f1efea1
000a2c383
000e0c081
000a2f3bf
01f3f1ec1
00100e0a1
000a303d3
003634301
000a3300f
0054524e1
000a3604b
003836321
005654501
000a3705f
000a39087
000a3c0c3
00147e0ef
001480103
001482117
00148512f
001487143
048e8b045
00148c17b
00148e18f
0014911a7
0014931bb
04aca9045
0014981f3
00149a207
00149f233
00149e22f
04cac7045
0014a426b
0014a627f
0014a9297
0014ab2ab
04e8e5045
0014b02e3
0014b22f7
0014b530f
0014b7323
050703045
0014bc35b
0014bd35f
0014c1387
0014c339b
052521045
0014c83d3
0014ca3e7
0014cf013
0014ce00f
05433f045
054d49045
056b67045
058985045
05a7a3045
05c5c1045
05e3df045
0401fd045
041e1b045
00908e8a1
00aeaca81
008886821
00a6a4a01
000a3f0ff
00cccac61
000a4213b
00eae8e41
000a45177
00ceccc81
00eceae61
000a4618b
0113110c1
000a491c7
01312f2a1
000a4c203
0115130e1
0133312c1
000a4d217
015957521
000a50253
017775701
000a5328f
015b59541
017977721
000a542a3
019f9d981
000a572df
01bdbbb61
000a5a31b
01a19f9a1
01bfbdb81
000a5b32f
01e5e3de1
000a5e36b
000201fc1
000a613a7
01e7e5e01
000403fe1
000a623bb
000a643e3
000a6701f
0014d404b
0014d605f
0014d8073
0014db08b
0014dd09f
043c39045
0014e20d7
0014e40eb
0014e7103
0014e9117
045a57045
0014ee14f
0014f0163
0014f518f
0014f418b
047875045
0014fa1c7
0014fc1db
0014ff1f3
001501207
049693045
00150623f
001508253
00150b26b
00150d27f
04b4b1045
0015122b7
0015132bb
0015172e3
0015192f7
04d2cf045
00151e32f
001520343
00152536f
00152436b
04f0ed045
04faf7045
051915045
053733045
055551045
05736f045
05918d045
05afab045
05cdc9045
003e3c381
005c5a561
003634301
0054524e1
000a6a05b
007a78741
000a6d097
009896921
000a700d3
007c7a761
009a98941
000a710e7
00c0beba1
000a74123
00dedcd81
000a7715f
00c2c0bc1
00e0deda1
000a78173
010705001
000a7b1af
0125231e1
000a7e1eb
010907021
012725201
000a7f1ff
014d4b461
000a8223b
016b69641
000a85277
014f4d481
016d6b661
000a8628b
0193918c1
000a892c7
01b1afaa1
000a8c303
0195938e1
01b3b1ac1
000a8d317
000a8f33f
000a9237b
00152a3a7
00152c3bb
00152e3cf
0015313e7
0015333fb
05ebe7045
001538033
00153a047
00153d05f
00153f073
040805045
0015440ab
0015460bf
00154b0eb
00154a0e7
042623045
001550123
001552137
00155514f
001557163
044441045
00155c19b
00155e1af
0015611c7
0015631db
04625f045
001568213
001569217
00156d23f
00156f253
04807d045
00157428b
00157629f
00157b2cb
00157a2c7
049e9b045
04a8a5045
04c6c3045
04e4e1045
0502ff045
05211d045
053f3b045
055d59045
057b77045
01edebe61
000a08041
01e5e3de1
000201fc1
000a953b7
002826221
000a983f3
004644401
000a9b02f
002a28241
004846421
000a9c043
006e6c681
000a9f07f
008c8a861
000aa20bb
00706e6a1
008e8c881
000aa30cf
00b4b2ae1
000aa610b
00d2d0cc1
000aa9147
00b6b4b01
00d4d2ce1
000aaa15b
00faf8f41
000aad197
011917121
000ab01d3
00fcfaf61
011b19141
000ab11e7
01413f3a1
000ab4223
015f5d581
000ab725f
0143413c1
01615f5a1
000ab8273
000aba29b
000abd2d7
000abf2ff
