cycle,load,store,vector,scalar,sfu,reserved,eop,word_hex
0,0x00000000003,0x00000000000,0x000000000,0x00000000,0x00000000,0,0,0000000000c00000000000000000000000000000000000
1,0x00000001007,0x00000000000,0x000000000,0x00000000,0x00000000,0,0,0000000401c00000000000000000000000000000000000
2,0x0000000200b,0x00000000000,0x000000000,0x00000000,0x00000000,0,0,0000000802c00000000000000000000000000000000000
3,0x0000000300f,0x00000000000,0x02000000c,0x00000000,0x00000000,0,0,0000000c03c00000000000800000300000000000000000
4,0x00000004033,0x00000000000,0x02020002c,0x00000000,0x00000000,0,0,000000100cc00000000000808000b00000000000000000
5,0x00000005037,0x00000000000,0x02040004c,0x00000000,0x00000000,0,0,000000140dc00000000000810001300000000000000000
6,0x0000000603b,0x00000000000,0x02060006c,0x00000000,0x00000000,0,0,000000180ec00000000000818001b00000000000000000
7,0x0000000703f,0x00000000000,0x02200018c,0x00000000,0x00000000,0,0,0000001c0fc00000000000880006300000000000000000
8,0x00000008063,0x00000000000,0x0222001ac,0x00000000,0x00000000,0,0,0000002018c00000000000888006b00000000000000000
9,0x00000009067,0x00000000000,0x0224001cc,0x00000000,0x00000000,0,0,0000002419c00000000000890007300000000000000000
10,0x0000000a06b,0x00000000000,0x0226001ec,0x00000000,0x00000000,0,0,000000281ac00000000000898007b00000000000000000
11,0x0000000b06f,0x00000000000,0x000000000,0x00802004,0x00000000,0,0,0000002c1bc00000000000000000000401002000000000
12,0x0000000c093,0x00000000000,0x02400030c,0x00000000,0x00000000,0,0,0000003024c0000000000090000c300000000000000000
13,0x0000000d097,0x00000000000,0x02440034c,0x00a06044,0x00000000,0,0,0000003425c0000000000091000d300503022000000000
14,0x0000000e09b,0x00000000000,0x02420032c,0x00000000,0x00000000,0,0,0000003826c0000000000090800cb00000000000000000
15,0x0000000f09f,0x00000000000,0x02460036c,0x02822204,0x00000000,0,0,0000003c27c0000000000091800db01411102000000000
16,0x000000100c3,0x00000000000,0x02600048c,0x00000000,0x00000000,0,0,0000004030c00000000000980012300000000000000000
17,0x000000110c7,0x00000000000,0x0264004cc,0x02a26244,0x00000000,0,0,0000004431c00000000000990013301513122000000000
18,0x000000120cb,0x00000000000,0x0262004ac,0x00000000,0x00000000,0,0,0000004832c00000000000988012b00000000000000000
19,0x000000130cf,0x00000000000,0x0266004ec,0x00000000,0x00000000,0,0,0000004c33c00000000000998013b00000000000000000
20,0x000000140f3,0x00000000000,0x02800060c,0x00c0a084,0x00000000,0,0,000000503cc00000000000a00018300605042000000000
21,0x000000150f7,0x00000000000,0x02820062c,0x04842404,0x00000000,0,0,000000543dc00000000000a08018b02421202000000000
22,0x000000160fb,0x00000000000,0x02840064c,0x04a46444,0x00000000,0,0,000000583ec00000000000a10019302523222000000000
23,0x000000170ff,0x00000000000,0x02860066c,0x00000000,0x00000000,0,0,0000005c3fc00000000000a18019b00000000000000000
24,0x00000018123,0x00000000000,0x02a00078c,0x02c2a284,0x00000000,0,0,0000006048c00000000000a8001e301615142000000000
25,0x00000019127,0x00000000000,0x02a2007ac,0x06862604,0x00000000,0,0,0000006449c00000000000a8801eb03431302000000000
26,0x0000001a12b,0x00000000000,0x02a4007cc,0x06a66644,0x00000000,0,0,000000684ac00000000000a9001f303533322000000000
27,0x0000001b12f,0x00000000000,0x04080c003,0x00000000,0x00000000,0,0,0000006c4bc000000000010203000c0000000000000000
28,0x0000001c153,0x00000000000,0x040c0c023,0x08882804,0x00000000,0,0,0000007054c000000000010303008c4441402000000000
29,0x0000001d157,0x00000000000,0x04100c043,0x04c4a484,0x00000000,0,0,0000007455c000000000010403010c2625242000000000
30,0x0000001e15b,0x00000000000,0x04140c063,0x00000000,0x00000000,0,0,0000007856c000000000010503018c0000000000000000
31,0x0000001f15f,0x00000000000,0x04202c183,0x00000000,0x00000000,0,0,0000007c57c00000000001080b060c0000000000000000
32,0x00000020183,0x00000000000,0x04242c1a3,0x0a8a2a04,0x00000000,0,0,0000008060c00000000001090b068c5451502000000000
33,0x00000021187,0x00000000000,0x04282c1c3,0x06c6a684,0x00000000,0,0,0000008461c000000000010a0b070c3635342000000000
34,0x0000002318f,0x00000000000,0x042c2c1e3,0x00000000,0x40a09041,0,0,0000008c63c000000000010b0b078c000000040a090410
35,0x0000002218b,0x00000000000,0x02a6007ec,0x08a86844,0x00000000,0,0,0000008862c00000000000a9801fb04543422000000000
36,0x000000241b3,0x00000000000,0x04384c303,0x00000000,0x00000000,0,0,000000906cc000000000010e130c0c0000000000000000
37,0x000000251b7,0x00000000000,0x043c4c323,0x00000000,0x00000000,0,0,000000946dc000000000010f130c8c0000000000000000
38,0x000000271bf,0x00000000000,0x04444c363,0x00000000,0x40e0d041,0,0,0000009c6fc0000000000111130d8c000000040e0d0410
39,0x000000261bb,0x00000000000,0x04404c343,0x00000000,0x00000000,0,0,000000986ec0000000000110130d0c0000000000000000
40,0x000000291e7,0x00000000000,0x04506c483,0x00000000,0x00000000,0,0,000000a479c00000000001141b120c0000000000000000
41,0x000000281e3,0x00000000000,0x04546c4a3,0x00000000,0x00000000,0,0,000000a078c00000000001151b128c0000000000000000
42,0x0000002b1ef,0x00000000000,0x02c20092c,0x08c8a884,0x41211041,0,0,000000ac7bc00000000000b08024b04645442412110410
43,0x0000002a1eb,0x00000000000,0x02c00090c,0x0aaa6a44,0x00000000,0,0,000000a87ac00000000000b00024305553522000000000
44,0x0000002d217,0x00000000000,0x02c40094c,0x00000000,0x00000000,0,0,000000b485c00000000000b10025300000000000000000
45,0x0000002c213,0x00000000000,0x02c60096c,0x00000000,0x00000000,0,0,000000b084c00000000000b18025b00000000000000000
46,0x0000002e21b,0x00000000000,0x02e000a8c,0x00000000,0x41615041,0,0,000000b886c00000000000b8002a300000000416150410
47,0x0000002f21f,0x00000000000,0x02e200aac,0x00000000,0x00000000,0,0,000000bc87c00000000000b8802ab00000000000000000
48,0x00000030243,0x00000000000,0x02e400acc,0x00000000,0x00000000,0,0,000000c090c00000000000b9002b300000000000000000
49,0x00000031247,0x00000000000,0x02e600aec,0x00000000,0x00000000,0,0,000000c491c00000000000b9802bb00000000000000000
50,0x0000003224b,0x00000000000,0x030200c2c,0x0acaaa84,0x42221041,0,0,000000c892c00000000000c08030b05655542422210410
51,0x0000003324f,0x00000000000,0x030400c4c,0x0c8c2c04,0x00000000,0,0,000000cc93c00000000000c10031306461602000000000
52,0x00000034273,0x00000000000,0x030000c0c,0x0cac6c44,0x00000000,0,0,000000d09cc00000000000c00030306563622000000000
53,0x00000035277,0x00000000000,0x030600c6c,0x00000000,0x00000000,0,0,000000d49dc00000000000c18031b00000000000000000
54,0x0000003627b,0x00000000000,0x032200dac,0x0e8e2e04,0x42625041,0,0,000000d89ec00000000000c88036b07471702426250410
55,0x0000003727f,0x00000000000,0x032000d8c,0x00000000,0x00000000,0,0,000000dc9fc00000000000c80036300000000000000000
56,0x000000382a3,0x00000000000,0x032400dcc,0x0eae6e44,0x00000000,0,0,000000e0a8c00000000000c90037307573722000000000
57,0x000000392a7,0x00000000000,0x032600dec,0x00000000,0x00000000,0,0,000000e4a9c00000000000c98037b00000000000000000
58,0x0000003a2ab,0x00000000000,0x034200f2c,0x00000000,0x42a29041,0,0,000000e8aac00000000000d0803cb0000000042a290410
59,0x0000003b2af,0x00000000000,0x034000f0c,0x0cccac84,0x00000000,0,0,000000ecabc00000000000d0003c306665642000000000
60,0x0000003c2d3,0x00000000000,0x034400f4c,0x10903004,0x00000000,0,0,000000f0b4c00000000000d1003d308481802000000000
61,0x0000003d2d7,0x00000000000,0x034600f6c,0x10b07044,0x00000000,0,0,000000f4b5c00000000000d1803db08583822000000000
62,0x0000003e2db,0x00000000000,0x020e000ab,0x12923204,0x42e2d041,0,0,000000f8b6c00000000000838002ac949190242e2d0410
63,0x00000000000,0x00000000000,0x03600108c,0x0eceae84,0x00000000,0,0,0000000000000000000000d80042307675742000000000
64,0x0000003f2df,0x00000000000,0x0364010cc,0x12b27244,0x00000000,0,0,000000fcb7c00000000000d90043309593922000000000
65,0x00000000000,0x00000000000,0x0362010ac,0x00000000,0x00000000,0,0,0000000000000000000000d88042b00000000000000000
66,0x00000000000,0x00000000000,0x0210000eb,0x14943404,0x43a39041,0,0,0000000000000000000000840003aca4a1a0243a390410
67,0x00000000000,0x00000000000,0x03800120c,0x00000000,0x00000000,0,0,0000000000000000000000e00048300000000000000000
68,0x00000000000,0x00000000000,0x0366010ec,0x10d0b084,0x00000000,0,0,0000000000000000000000d98043b08685842000000000
69,0x00000000000,0x00000000000,0x03840124c,0x14b47444,0x00000000,0,0,0000000000000000000000e1004930a5a3a22000000000
70,0x00000000000,0x00000000000,0x02120012b,0x00000000,0x43e3d041,0,0,0000000000000000000000848004ac000000043e3d0410
71,0x00000000000,0x00000000000,0x03820122c,0x12d2b284,0x00000000,0,0,0000000000000000000000e08048b09695942000000000
72,0x00000000000,0x00000000000,0x03860126c,0x16963604,0x00000000,0,0,0000000000000000000000e18049b0b4b1b02000000000
73,0x00000000000,0x00000000000,0x03a00138c,0x00000000,0x00000000,0,0,0000000000000000000000e8004e300000000000000000
74,0x00000000000,0x00000000000,0x02140016b,0x00000000,0x44241041,0,0,0000000000000000000000850005ac0000000442410410
75,0x00000000000,0x00000000000,0x03a4013cc,0x00000000,0x00000000,0,0,0000000000000000000000e9004f300000000000000000
76,0x00000000000,0x00000000000,0x03a2013ac,0x14d4b484,0x00000000,0,0,0000000000000000000000e8804eb0a6a5a42000000000
77,0x00000000000,0x00000000000,0x03a6013ec,0x16b67644,0x00000000,0,0,0000000000000000000000e9804fb0b5b3b22000000000
78,0x00000000000,0x00000000000,0x022e0022b,0x016100e2,0x44645041,0,0,00000000000000000000008b8008ac0b08071446450410
79,0x00000000000,0x00000000000,0x03c20152c,0x18983804,0x00000000,0,0,0000000000000000000000f08054b0c4c1c02000000000
80,0x00000000000,0x00000000000,0x03c00150c,0x18b87844,0x00000000,0,0,0000000000000000000000f0005430c5c3c22000000000
81,0x00000000000,0x00000000000,0x03c40154c,0x00000000,0x00000000,0,0,0000000000000000000000f10055300000000000000000
82,0x00000000000,0x00000000000,0x02300026b,0x00000000,0x45251041,0,0,00000000000000000000008c0009ac0000000452510410
83,0x00000000000,0x00000000000,0x03e2016ac,0x1a9a3a04,0x00000000,0,0,0000000000000000000000f8805ab0d4d1d02000000000
84,0x00000000000,0x00000000000,0x03c60156c,0x16d6b684,0x00000000,0,0,0000000000000000000000f18055b0b6b5b42000000000
85,0x00000000000,0x00000000000,0x03e00168c,0x1aba7a44,0x00000000,0,0,0000000000000000000000f8005a30d5d3d22000000000
86,0x00000000000,0x00000000000,0x0232002ab,0x01814122,0x45655041,0,0,00000000000000000000008c800aac0c0a091456550410
87,0x00000000000,0x00000000000,0x03e6016ec,0x18d8b884,0x00000000,0,0,0000000000000000000000f9805bb0c6c5c42000000000
88,0x00000000000,0x00000000000,0x03e4016cc,0x1c9c3c04,0x00000000,0,0,0000000000000000000000f9005b30e4e1e02000000000
89,0x00000000000,0x00000000000,0x000000000,0x00000000,0x00000000,0,0,0000000000000000000000000000000000000000000000
90,0x00000000000,0x00000000000,0x0234002eb,0x00000000,0x00000000,0,0,00000000000000000000008d000bac0000000000000000
91,0x00000000000,0x00000000000,0x000000000,0x00000000,0x00000000,0,0,0000000000000000000000000000000000000000000000
92,0x00000000000,0x00000000000,0x000000000,0x1adaba84,0x00000000,0,0,000000000000000000000000000000d6d5d42000000000
93,0x00000000000,0x00000000000,0x000000000,0x01a18162,0x00000000,0,0,0000000000000000000000000000000d0c0b1000000000
94,0x00000000000,0x00000000000,0x024e003ab,0x036302e2,0x00000000,0,0,000000000000000000000093800eac1b18171000000000
95,0x00000000000,0x00000000000,0x000000000,0x1cbc7c44,0x00000000,0,0,000000000000000000000000000000e5e3e22000000000
96,0x00000000000,0x00000000000,0x000000000,0x1e9e3e04,0x00000000,0,0,000000000000000000000000000000f4f1f02000000000
97,0x00000000000,0x00000000000,0x000000000,0x1ebe7e44,0x00000000,0,0,000000000000000000000000000000f5f3f22000000000
98,0x00000000000,0x00000000000,0x0250003eb,0x00000000,0x00000000,0,0,000000000000000000000094000fac0000000000000000
99,0x00000000000,0x00000000000,0x000000000,0x00000000,0x00000000,0,0,0000000000000000000000000000000000000000000000
100,0x00000000000,0x00000000000,0x000000000,0x00000000,0x41c1a009,0,0,000000000000000000000000000000000000041c1a0090
101,0x00000000000,0x00000000000,0x000000000,0x00000000,0x00000000,0,0,0000000000000000000000000000000000000000000000
102,0x00000000000,0x00000000000,0x02520042b,0x03834322,0x00000000,0,0,0000000000000000000000948010ac1c1a191000000000
103,0x00000000000,0x00000000000,0x000000000,0x1cdcbc84,0x00000000,0,0,000000000000000000000000000000e6e5e42000000000
104,0x00000000000,0x00000000000,0x000000000,0x1edebe84,0x00000000,0,0,000000000000000000000000000000f6f5f42000000000
105,0x00000000000,0x00000000000,0x000000000,0x00000000,0x00000000,0,0,0000000000000000000000000000000000000000000000
106,0x00000000000,0x00000000000,0x02540046b,0x00000000,0x00000000,0,0,0000000000000000000000950011ac0000000000000000
107,0x00000000000,0x00000000000,0x04586c4c3,0x00000000,0x00000000,0,0,0000000000000000000001161b130c0000000000000000
108,0x00000000000,0x00000000000,0x045c6c4e3,0x00000000,0x00000000,0,0,0000000000000000000001171b138c0000000000000000
109,0x00000000000,0x00000000000,0x04688c603,0x03a38362,0x00000000,0,0,00000000000000000000011a23180c1d1c1b1000000000
110,0x00000000000,0x00000000000,0x026e0052b,0x056504e2,0x00000000,0,0,00000000000000000000009b8014ac2b28271000000000
111,0x00000000000,0x00000000000,0x046c8c623,0x00000000,0x00000000,0,0,00000000000000000000011b23188c0000000000000000
112,0x00000000000,0x00000000000,0x04708c643,0x00000000,0x00000000,0,0,00000000000000000000011c23190c0000000000000000
113,0x00000000000,0x00000000000,0x04748c663,0x00000000,0x00000000,0,0,00000000000000000000011d23198c0000000000000000
114,0x00000000000,0x00000000000,0x02700056b,0x00000000,0x45a59041,0,0,00000000000000000000009c0015ac000000045a590410
115,0x00000000000,0x00000000000,0x0480ac783,0x00000000,0x00000000,0,0,0000000000000000000001202b1e0c0000000000000000
116,0x00000000000,0x00000000000,0x0484ac7a3,0x00000000,0x43c3a009,0,0,0000000000000000000001212b1e8c000000043c3a0090
117,0x00000000000,0x00000000000,0x0488ac7c3,0x00000000,0x00000000,0,0,0000000000000000000001222b1f0c0000000000000000
118,0x00000000000,0x00000000000,0x000000000,0x05854522,0x45e5d041,0,0,0000000000000000000000000000002c2a29145e5d0410
119,0x00000000000,0x00000000000,0x048cac7e3,0x00000000,0x00000000,0,0,0000000000000000000001232b1f8c0000000000000000
120,0x00000000000,0x00000000000,0x0498cc903,0x00000000,0x00000000,0,0,00000000000000000000012633240c0000000000000000
121,0x00000000000,0x00000000000,0x049ccc923,0x00000000,0x00000000,0,0,00000000000000000000012733248c0000000000000000
122,0x00000000000,0x00000000000,0x000000000,0x01e1c0c2,0x46a69041,0,0,0000000000000000000000000000000f0e06146a690410
123,0x00000000000,0x00000000000,0x000000000,0x00000000,0x00000000,0,0,0000000000000000000000000000000000000000000000
124,0x00000000000,0x00000000000,0x000000000,0x00000000,0x00000000,0,0,0000000000000000000000000000000000000000000000
125,0x00000000000,0x00000000000,0x000000000,0x05a58562,0x00000000,0,0,0000000000000000000000000000002d2c2b1000000000
126,0x00000000000,0x00000000000,0x000000000,0x076706e2,0x46e6d041,0,0,0000000000000000000000000000003b3837146e6d0410
127,0x00000000000,0x00000000000,0x000000000,0x00000000,0x00000000,0,0,0000000000000000000000000000000000000000000000
128,0x00000000000,0x00000000000,0x000000000,0x00000000,0x00000000,0,0,0000000000000000000000000000000000000000000000
129,0x00000000000,0x00000000000,0x000000000,0x00000000,0x00000000,0,0,0000000000000000000000000000000000000000000000
130,0x00000040303,0x0000000003e,0x000000000,0x00000000,0x47271041,0,0,00000100c0c000000003e0000000000000000472710410
131,0x00000041307,0x00000000000,0x000000000,0x00000000,0x00000000,0,0,00000104c1c00000000000000000000000000000000000
132,0x0000004230b,0x00000000000,0x000000000,0x00000000,0x45c5a009,0,0,00000108c2c0000000000000000000000000045c5a0090
133,0x0000004330f,0x00000000000,0x02000180c,0x00000000,0x00000000,0,0,0000010cc3c00000000000800060300000000000000000
134,0x00000000000,0x00000000000,0x02020182c,0x00000000,0x47675041,0,0,0000000000000000000000808060b00000000476750410
135,0x00000000000,0x00000000000,0x02040184c,0x00000000,0x00000000,0,0,0000000000000000000000810061300000000000000000
136,0x00000000000,0x00000000000,0x02060186c,0x00000000,0x00000000,0,0,0000000000000000000000818061b00000000000000000
137,0x00000000000,0x00000000000,0x000000000,0x00000000,0x00000000,0,0,0000000000000000000000000000000000000000000000
138,0x00000000000,0x00000000000,0x000000000,0x03e3c2c2,0x48281041,0,0,0000000000000000000000000000001f1e161482810410
139,0x00000000000,0x00000000000,0x000000000,0x00000000,0x00000000,0,0,0000000000000000000000000000000000000000000000
140,0x00000000000,0x00000000000,0x000000000,0x00000000,0x00000000,0,0,0000000000000000000000000000000000000000000000
141,0x00000000000,0x00000000000,0x000000000,0x00802004,0x00000000,0,0,0000000000000000000000000000000401002000000000
142,0x00000000000,0x00000000000,0x0272005ab,0x00000000,0x48685041,0,0,00000000000000000000009c8016ac0000000486850410
143,0x00000000000,0x00000000000,0x000000000,0x00a06044,0x00000000,0,0,0000000000000000000000000000000503022000000000
144,0x00000000000,0x00000000000,0x000000000,0x00000000,0x00000000,0,0,0000000000000000000000000000000000000000000000
145,0x00000000000,0x00000000000,0x000000000,0x00000000,0x00000000,0,0,0000000000000000000000000000000000000000000000
146,0x00000044333,0x0000000107e,0x0274005eb,0x00000000,0x48a89041,0,0,00000110ccc000000107e09d0017ac000000048a890410
147,0x0000004633b,0x00000000000,0x000000000,0x00000000,0x00000000,0,0,00000118cec00000000000000000000000000000000000
148,0x00000045337,0x00000000000,0x000000000,0x00000000,0x00000000,0,0,00000114cdc00000000000000000000000000000000000
149,0x0000004733f,0x00000000000,0x02200198c,0x00000000,0x00000000,0,0,0000011ccfc00000000000880066300000000000000000
150,0x00000000000,0x00000000000,0x028e006ab,0x00c0a084,0x48e8d041,0,0,0000000000000000000000a3801aac060504248e8d0410
151,0x00000000000,0x00000000000,0x0222019ac,0x00000000,0x00000000,0,0,0000000000000000000000888066b00000000000000000
152,0x00000000000,0x00000000000,0x0224019cc,0x00000000,0x00000000,0,0,0000000000000000000000890067300000000000000000
153,0x00000000000,0x00000000000,0x0226019ec,0x00000000,0x00000000,0,0,0000000000000000000000898067b00000000000000000
154,0x00000000000,0x00000000000,0x0290006eb,0x00000000,0x49a99041,0,0,0000000000000000000000a4001bac000000049a990410
155,0x00000000000,0x00000000000,0x000000000,0x05e5c4c2,0x00000000,0,0,0000000000000000000000000000002f2e261000000000
156,0x00000000000,0x00000000000,0x000000000,0x00000000,0x00000000,0,0,0000000000000000000000000000000000000000000000
157,0x00000000000,0x00000000000,0x000000000,0x00000000,0x00000000,0,0,0000000000000000000000000000000000000000000000
158,0x00000000000,0x00000000000,0x02920072b,0x07874722,0x49e9d041,0,0,0000000000000000000000a4801cac3c3a39149e9d0410
159,0x00000000000,0x00000000000,0x000000000,0x00000000,0x00000000,0,0,0000000000000000000000000000000000000000000000
160,0x00000000000,0x00000000000,0x000000000,0x02822204,0x00000000,0,0,0000000000000000000000000000001411102000000000
161,0x00000000000,0x00000000000,0x000000000,0x02a26244,0x00000000,0,0,0000000000000000000000000000001513122000000000
162,0x00000000000,0x00000000000,0x02940076b,0x00000000,0x00000000,0,0,0000000000000000000000a5001dac0000000000000000
163,0x00000048363,0x000000020be,0x000000000,0x00000000,0x00000000,0,0,00000120d8c00000020be0000000000000000000000000
164,0x00000049367,0x00000000000,0x000000000,0x00000000,0x00000000,0,0,00000124d9c00000000000000000000000000000000000
165,0x0000004a36b,0x00000000000,0x000000000,0x07a78762,0x00000000,0,0,00000128dac00000000000000000003d3c3b1000000000
166,0x0000004b36f,0x00000000000,0x02ae0082b,0x096908e2,0x00000000,0,0,0000012cdbc00000000000ab8020ac4b48471000000000
167,0x00000000000,0x00000000000,0x024001b0c,0x00000000,0x00000000,0,0,000000000000000000000090006c300000000000000000
168,0x00000000000,0x00000000000,0x024201b2c,0x02c2a284,0x00000000,0,0,000000000000000000000090806cb01615142000000000
169,0x00000000000,0x00000000000,0x024401b4c,0x00000000,0x00000000,0,0,000000000000000000000091006d300000000000000000
170,0x00000000000,0x00000000000,0x02b00086b,0x00000000,0x00000000,0,0,0000000000000000000000ac0021ac0000000000000000
171,0x00000000000,0x00000000000,0x000000000,0x00000000,0x00000000,0,0,0000000000000000000000000000000000000000000000
172,0x00000000000,0x00000000000,0x024601b6c,0x00000000,0x47c7a009,0,0,000000000000000000000091806db0000000047c7a0090
173,0x00000000000,0x00000000000,0x000000000,0x00000000,0x00000000,0,0,0000000000000000000000000000000000000000000000
174,0x00000000000,0x00000000000,0x02b2008ab,0x09894922,0x00000000,0,0,0000000000000000000000ac8022ac4c4a491000000000
175,0x00000000000,0x00000000000,0x000000000,0x00000000,0x00000000,0,0,0000000000000000000000000000000000000000000000
176,0x00000000000,0x00000000000,0x000000000,0x04842404,0x00000000,0,0,0000000000000000000000000000002421202000000000
177,0x00000000000,0x00000000000,0x000000000,0x00000000,0x00000000,0,0,0000000000000000000000000000000000000000000000
178,0x00000000000,0x00000000000,0x02b4008eb,0x00000000,0x00000000,0,0,0000000000000000000000ad0023ac0000000000000000
179,0x00000000000,0x00000000000,0x04a0cc943,0x00000000,0x00000000,0,0,00000000000000000000012833250c0000000000000000
180,0x00000000000,0x00000000000,0x04a4cc963,0x00000000,0x00000000,0,0,00000000000000000000012933258c0000000000000000
181,0x00000000000,0x00000000000,0x04b0eca83,0x09a98962,0x00000000,0,0,00000000000000000000012c3b2a0c4d4c4b1000000000
182,0x00000000000,0x00000000000,0x02ce009ab,0x0b6b0ae2,0x00000000,0,0,0000000000000000000000b38026ac5b58571000000000
183,0x00000000000,0x00000000000,0x04b4ecaa3,0x00000000,0x00000000,0,0,00000000000000000000012d3b2a8c0000000000000000
184,0x00000000000,0x00000000000,0x04b8ecac3,0x00000000,0x00000000,0,0,00000000000000000000012e3b2b0c0000000000000000
185,0x00000000000,0x00000000000,0x04bcecae3,0x00000000,0x00000000,0,0,00000000000000000000012f3b2b8c0000000000000000
186,0x00000000000,0x00000000000,0x02d0009eb,0x04a46444,0x4a2a1041,0,0,0000000000000000000000b40027ac25232224a2a10410
187,0x00000000000,0x00000000000,0x04c90cc03,0x00000000,0x00000000,0,0,00000000000000000000013243300c0000000000000000
188,0x00000000000,0x00000000000,0x04cd0cc23,0x00000000,0x49c9a009,0,0,00000000000000000000013343308c000000049c9a0090
189,0x00000000000,0x00000000000,0x04d10cc43,0x00000000,0x00000000,0,0,00000000000000000000013443310c0000000000000000
190,0x00000000000,0x00000000000,0x000000000,0x0b8b4b22,0x4a6a5041,0,0,0000000000000000000000000000005c5a5914a6a50410
191,0x00000000000,0x00000000000,0x04d50cc63,0x00000000,0x00000000,0,0,00000000000000000000013543318c0000000000000000
192,0x00000000000,0x00000000000,0x04e12cd83,0x00000000,0x00000000,0,0,0000000000000000000001384b360c0000000000000000
193,0x00000000000,0x00000000000,0x04e52cda3,0x04c4a484,0x00000000,0,0,0000000000000000000001394b368c2625242000000000
194,0x00000000000,0x00000000000,0x000000000,0x07e7c6c2,0x4b2b1041,0,0,0000000000000000000000000000003f3e3614b2b10410
195,0x00000000000,0x00000000000,0x000000000,0x00000000,0x00000000,0,0,0000000000000000000000000000000000000000000000
196,0x00000000000,0x00000000000,0x000000000,0x00000000,0x00000000,0,0,0000000000000000000000000000000000000000000000
197,0x00000000000,0x00000000000,0x000000000,0x0bab8b62,0x00000000,0,0,0000000000000000000000000000005d5c5b1000000000
198,0x00000000000,0x00000000000,0x000000000,0x0d6d0ce2,0x4b6b5041,0,0,0000000000000000000000000000006b686714b6b50410
199,0x00000000000,0x00000000000,0x000000000,0x00000000,0x00000000,0,0,0000000000000000000000000000000000000000000000
200,0x00000000000,0x00000000000,0x000000000,0x00000000,0x00000000,0,0,0000000000000000000000000000000000000000000000
201,0x00000000000,0x00000000000,0x000000000,0x00000000,0x00000000,0,0,0000000000000000000000000000000000000000000000
202,0x0000004c393,0x000000030fe,0x000000000,0x00000000,0x4bab9041,0,0,00000130e4c00000030fe00000000000000004bab90410
203,0x0000004d397,0x00000000000,0x000000000,0x00000000,0x00000000,0,0,00000134e5c00000000000000000000000000000000000
204,0x0000004e39b,0x00000000000,0x000000000,0x00000000,0x4bcba009,0,0,00000138e6c000000000000000000000000004bcba0090
205,0x0000004f39f,0x00000000000,0x026001c8c,0x00000000,0x00000000,0,0,0000013ce7c00000000000980072300000000000000000
206,0x00000000000,0x00000000000,0x026201cac,0x00000000,0x4bebd041,0,0,0000000000000000000000988072b000000004bebd0410
207,0x00000000000,0x00000000000,0x026401ccc,0x00000000,0x00000000,0,0,0000000000000000000000990073300000000000000000
208,0x00000000000,0x00000000000,0x026601cec,0x00000000,0x00000000,0,0,0000000000000000000000998073b00000000000000000
209,0x00000000000,0x00000000000,0x000000000,0x00000000,0x00000000,0,0,0000000000000000000000000000000000000000000000
210,0x00000000000,0x00000000000,0x000000000,0x09e9c8c2,0x4cac9041,0,0,0000000000000000000000000000004f4e4614cac90410
211,0x00000000000,0x00000000000,0x000000000,0x00000000,0x00000000,0,0,0000000000000000000000000000000000000000000000
212,0x00000000000,0x00000000000,0x000000000,0x00000000,0x00000000,0,0,0000000000000000000000000000000000000000000000
213,0x00000000000,0x00000000000,0x000000000,0x06862604,0x00000000,0,0,0000000000000000000000000000003431302000000000
214,0x00000000000,0x00000000000,0x02d200a2b,0x00000000,0x4cecd041,0,0,0000000000000000000000b48028ac00000004cecd0410
215,0x00000000000,0x00000000000,0x000000000,0x06a66644,0x00000000,0,0,0000000000000000000000000000003533322000000000
216,0x00000000000,0x00000000000,0x000000000,0x00000000,0x00000000,0,0,0000000000000000000000000000000000000000000000
217,0x00000000000,0x00000000000,0x000000000,0x00000000,0x00000000,0,0,0000000000000000000000000000000000000000000000
218,0x000000503c3,0x0000000413e,0x02d400a6b,0x00000000,0x4d2d1041,0,0,00000140f0c000000413e0b50029ac00000004d2d10410
219,0x000000523cb,0x00000000000,0x000000000,0x00000000,0x00000000,0,0,00000148f2c00000000000000000000000000000000000
220,0x000000513c7,0x00000000000,0x000000000,0x00000000,0x00000000,0,0,00000144f1c00000000000000000000000000000000000
221,0x000000533cf,0x00000000000,0x028001e0c,0x00000000,0x00000000,0,0,0000014cf3c00000000000a00078300000000000000000
222,0x00000000000,0x00000000000,0x02ee00b2b,0x06c6a684,0x4d6d5041,0,0,0000000000000000000000bb802cac36353424d6d50410
223,0x00000000000,0x00000000000,0x028201e2c,0x00000000,0x00000000,0,0,0000000000000000000000a08078b00000000000000000
224,0x00000000000,0x00000000000,0x028401e4c,0x00000000,0x00000000,0,0,0000000000000000000000a10079300000000000000000
225,0x00000000000,0x00000000000,0x028601e6c,0x00000000,0x00000000,0,0,0000000000000000000000a18079b00000000000000000
226,0x00000000000,0x00000000000,0x02f000b6b,0x00000000,0x4e2e1041,0,0,0000000000000000000000bc002dac00000004e2e10410
227,0x00000000000,0x00000000000,0x000000000,0x0bebcac2,0x00000000,0,0,0000000000000000000000000000005f5e561000000000
228,0x00000000000,0x00000000000,0x000000000,0x00000000,0x00000000,0,0,0000000000000000000000000000000000000000000000
229,0x00000000000,0x00000000000,0x000000000,0x00000000,0x00000000,0,0,0000000000000000000000000000000000000000000000
230,0x00000000000,0x00000000000,0x02f200bab,0x0d8d4d22,0x4e6e5041,0,0,0000000000000000000000bc802eac6c6a6914e6e50410
231,0x00000000000,0x00000000000,0x000000000,0x00000000,0x00000000,0,0,0000000000000000000000000000000000000000000000
232,0x00000000000,0x00000000000,0x000000000,0x08882804,0x00000000,0,0,0000000000000000000000000000004441402000000000
233,0x00000000000,0x00000000000,0x000000000,0x08a86844,0x00000000,0,0,0000000000000000000000000000004543422000000000
234,0x00000000000,0x00000000000,0x02f400beb,0x00000000,0x00000000,0,0,0000000000000000000000bd002fac0000000000000000
235,0x000000543f3,0x0000000517e,0x000000000,0x00000000,0x00000000,0,0,00000150fcc000000517e0000000000000000000000000
236,0x000000553f7,0x00000000000,0x000000000,0x00000000,0x00000000,0,0,00000154fdc00000000000000000000000000000000000
237,0x000000563fb,0x00000000000,0x000000000,0x0dad8d62,0x00000000,0,0,00000158fec00000000000000000006d6c6b1000000000
238,0x000000573ff,0x00000000000,0x030e00cab,0x0f6f0ee2,0x00000000,0,0,0000015cffc00000000000c38032ac7b78771000000000
239,0x00000000000,0x00000000000,0x02a001f8c,0x00000000,0x00000000,0,0,0000000000000000000000a8007e300000000000000000
240,0x00000000000,0x00000000000,0x02a201fac,0x08c8a884,0x00000000,0,0,0000000000000000000000a8807eb04645442000000000
241,0x00000000000,0x00000000000,0x02a401fcc,0x00000000,0x00000000,0,0,0000000000000000000000a9007f300000000000000000
242,0x00000000000,0x00000000000,0x031000ceb,0x00000000,0x00000000,0,0,0000000000000000000000c40033ac0000000000000000
243,0x00000000000,0x00000000000,0x000000000,0x00000000,0x00000000,0,0,0000000000000000000000000000000000000000000000
244,0x00000000000,0x00000000000,0x02a601fec,0x00000000,0x4dcda009,0,0,0000000000000000000000a9807fb000000004dcda0090
245,0x00000000000,0x00000000000,0x000000000,0x00000000,0x00000000,0,0,0000000000000000000000000000000000000000000000
246,0x00000000000,0x00000000000,0x031200d2b,0x0f8f4f22,0x00000000,0,0,0000000000000000000000c48034ac7c7a791000000000
247,0x00000000000,0x00000000000,0x000000000,0x00000000,0x00000000,0,0,0000000000000000000000000000000000000000000000
248,0x00000000000,0x00000000000,0x000000000,0x0a8a2a04,0x00000000,0,0,0000000000000000000000000000005451502000000000
249,0x00000000000,0x00000000000,0x000000000,0x00000000,0x00000000,0,0,0000000000000000000000000000000000000000000000
250,0x00000000000,0x00000000000,0x031400d6b,0x00000000,0x00000000,0,0,0000000000000000000000c50035ac0000000000000000
251,0x00000000000,0x00000000000,0x04e92cdc3,0x00000000,0x00000000,0,0,00000000000000000000013a4b370c0000000000000000
252,0x00000000000,0x00000000000,0x04ed2cde3,0x00000000,0x00000000,0,0,00000000000000000000013b4b378c0000000000000000
253,0x00000000000,0x00000000000,0x04f94cf03,0x0faf8f62,0x00000000,0,0,00000000000000000000013e533c0c7d7c7b1000000000
254,0x00000000000,0x00000000000,0x032e00e2b,0x117110e2,0x00000000,0,0,0000000000000000000000cb8038ac8b88871000000000
255,0x00000000000,0x00000000000,0x04fd4cf23,0x00000000,0x00000000,0,0,00000000000000000000013f533c8c0000000000000000
256,0x00000000000,0x00000000000,0x05014cf43,0x00000000,0x00000000,0,0,000000000000000000000140533d0c0000000000000000
257,0x00000000000,0x00000000000,0x05054cf63,0x00000000,0x00000000,0,0,000000000000000000000141533d8c0000000000000000
258,0x00000000000,0x00000000000,0x033000e6b,0x0aaa6a44,0x4eae9041,0,0,0000000000000000000000cc0039ac55535224eae90410
259,0x00000000000,0x00000000000,0x05116d083,0x00000000,0x00000000,0,0,0000000000000000000001445b420c0000000000000000
260,0x00000000000,0x00000000000,0x05156d0a3,0x00000000,0x4fcfa009,0,0,0000000000000000000001455b428c00000004fcfa0090
261,0x00000000000,0x00000000000,0x05196d0c3,0x00000000,0x00000000,0,0,0000000000000000000001465b430c0000000000000000
262,0x00000000000,0x00000000000,0x000000000,0x11915122,0x4eeed041,0,0,0000000000000000000000000000008c8a8914eeed0410
263,0x00000000000,0x00000000000,0x051d6d0e3,0x00000000,0x00000000,0,0,0000000000000000000001475b438c0000000000000000
264,0x00000000000,0x00000000000,0x05298d203,0x00000000,0x00000000,0,0,00000000000000000000014a63480c0000000000000000
265,0x00000000000,0x00000000000,0x052d8d223,0x0acaaa84,0x00000000,0,0,00000000000000000000014b63488c5655542000000000
266,0x00000000000,0x00000000000,0x000000000,0x0dedccc2,0x4faf9041,0,0,0000000000000000000000000000006f6e6614faf90410
267,0x00000000000,0x00000000000,0x000000000,0x00000000,0x00000000,0,0,0000000000000000000000000000000000000000000000
268,0x00000000000,0x00000000000,0x000000000,0x00000000,0x00000000,0,0,0000000000000000000000000000000000000000000000
269,0x00000000000,0x00000000000,0x000000000,0x11b19162,0x00000000,0,0,0000000000000000000000000000008d8c8b1000000000
270,0x00000000000,0x00000000000,0x000000000,0x137312e2,0x4fefd041,0,0,0000000000000000000000000000009b989714fefd0410
271,0x00000000000,0x00000000000,0x000000000,0x00000000,0x00000000,0,0,0000000000000000000000000000000000000000000000
272,0x00000000000,0x00000000000,0x000000000,0x00000000,0x00000000,0,0,0000000000000000000000000000000000000000000000
273,0x00000000000,0x00000000000,0x000000000,0x00000000,0x00000000,0,0,0000000000000000000000000000000000000000000000
274,0x00000058023,0x000000061be,0x000000000,0x00000000,0x50301041,0,0,0000016008c00000061be0000000000000000503010410
275,0x00000059027,0x00000000000,0x000000000,0x00000000,0x00000000,0,0,0000016409c00000000000000000000000000000000000
276,0x0000005a02b,0x00000000000,0x000000000,0x00000000,0x51d1a009,0,0,000001680ac0000000000000000000000000051d1a0090
277,0x0000005b02f,0x00000000000,0x02c00010c,0x00000000,0x00000000,0,0,0000016c0bc00000000000b00004300000000000000000
278,0x00000000000,0x00000000000,0x02c20012c,0x00000000,0x50705041,0,0,0000000000000000000000b08004b00000000507050410
279,0x00000000000,0x00000000000,0x02c40014c,0x00000000,0x00000000,0,0,0000000000000000000000b10005300000000000000000
280,0x00000000000,0x00000000000,0x02c60016c,0x00000000,0x00000000,0,0,0000000000000000000000b18005b00000000000000000
281,0x00000000000,0x00000000000,0x000000000,0x00000000,0x00000000,0,0,0000000000000000000000000000000000000000000000
282,0x00000000000,0x00000000000,0x000000000,0x0fefcec2,0x51311041,0,0,0000000000000000000000000000007f7e761513110410
283,0x00000000000,0x00000000000,0x000000000,0x00000000,0x00000000,0,0,0000000000000000000000000000000000000000000000
284,0x00000000000,0x00000000000,0x000000000,0x00000000,0x00000000,0,0,0000000000000000000000000000000000000000000000
285,0x00000000000,0x00000000000,0x000000000,0x0c8c2c04,0x00000000,0,0,0000000000000000000000000000006461602000000000
286,0x00000000000,0x00000000000,0x033200eab,0x00000000,0x51715041,0,0,0000000000000000000000cc803aac0000000517150410
287,0x00000000000,0x00000000000,0x000000000,0x0cac6c44,0x00000000,0,0,0000000000000000000000000000006563622000000000
288,0x00000000000,0x00000000000,0x000000000,0x00000000,0x00000000,0,0,0000000000000000000000000000000000000000000000
289,0x00000000000,0x00000000000,0x000000000,0x00000000,0x00000000,0,0,0000000000000000000000000000000000000000000000
290,0x0000005c053,0x000000071fe,0x033400eeb,0x00000000,0x51b19041,0,0,0000017014c00000071fe0cd003bac000000051b190410
291,0x0000005e05b,0x00000000000,0x000000000,0x00000000,0x00000000,0,0,0000017816c00000000000000000000000000000000000
292,0x0000005d057,0x00000000000,0x000000000,0x00000000,0x00000000,0,0,0000017415c00000000000000000000000000000000000
293,0x0000005f05f,0x00000000000,0x02e00028c,0x00000000,0x00000000,0,0,0000017c17c00000000000b8000a300000000000000000
294,0x00000000000,0x00000000000,0x034e00fab,0x0cccac84,0x51f1d041,0,0,0000000000000000000000d3803eac666564251f1d0410
295,0x00000000000,0x00000000000,0x02e2002ac,0x00000000,0x00000000,0,0,0000000000000000000000b8800ab00000000000000000
296,0x00000000000,0x00000000000,0x02e4002cc,0x00000000,0x00000000,0,0,0000000000000000000000b9000b300000000000000000
297,0x00000000000,0x00000000000,0x02e6002ec,0x00000000,0x00000000,0,0,0000000000000000000000b9800bb00000000000000000
298,0x00000000000,0x00000000000,0x035000feb,0x00000000,0x52b29041,0,0,0000000000000000000000d4003fac000000052b290410
299,0x00000000000,0x00000000000,0x000000000,0x11f1d0c2,0x00000000,0,0,0000000000000000000000000000008f8e861000000000
300,0x00000000000,0x00000000000,0x000000000,0x00000000,0x00000000,0,0,0000000000000000000000000000000000000000000000
301,0x00000000000,0x00000000000,0x000000000,0x00000000,0x00000000,0,0,0000000000000000000000000000000000000000000000
302,0x00000000000,0x00000000000,0x03520102b,0x13935322,0x52f2d041,0,0,0000000000000000000000d48040ac9c9a99152f2d0410
303,0x00000000000,0x00000000000,0x000000000,0x00000000,0x00000000,0,0,0000000000000000000000000000000000000000000000
304,0x00000000000,0x00000000000,0x000000000,0x0e8e2e04,0x00000000,0,0,0000000000000000000000000000007471702000000000
305,0x00000000000,0x00000000000,0x000000000,0x0eae6e44,0x00000000,0,0,0000000000000000000000000000007573722000000000
306,0x00000000000,0x00000000000,0x03540106b,0x00000000,0x00000000,0,0,0000000000000000000000d50041ac0000000000000000
307,0x00000060083,0x0000000823e,0x000000000,0x00000000,0x00000000,0,0,0000018020c000000823e0000000000000000000000000
308,0x00000061087,0x00000000000,0x000000000,0x00000000,0x00000000,0,0,0000018421c00000000000000000000000000000000000
309,0x0000006208b,0x00000000000,0x000000000,0x13b39362,0x00000000,0,0,0000018822c00000000000000000009d9c9b1000000000
310,0x0000006308f,0x00000000000,0x036e0112b,0x157514e2,0x00000000,0,0,0000018c23c00000000000db8044acaba8a71000000000
311,0x00000000000,0x00000000000,0x03000040c,0x00000000,0x00000000,0,0,0000000000000000000000c00010300000000000000000
312,0x00000000000,0x00000000000,0x03020042c,0x0eceae84,0x00000000,0,0,0000000000000000000000c08010b07675742000000000
313,0x00000000000,0x00000000000,0x03040044c,0x00000000,0x00000000,0,0,0000000000000000000000c10011300000000000000000
314,0x00000000000,0x00000000000,0x03700116b,0x00000000,0x00000000,0,0,0000000000000000000000dc0045ac0000000000000000
315,0x00000000000,0x00000000000,0x000000000,0x00000000,0x00000000,0,0,0000000000000000000000000000000000000000000000
316,0x00000000000,0x00000000000,0x03060046c,0x00000000,0x53d3a009,0,0,0000000000000000000000c18011b0000000053d3a0090
317,0x00000000000,0x00000000000,0x000000000,0x00000000,0x00000000,0,0,0000000000000000000000000000000000000000000000
318,0x00000000000,0x00000000000,0x0372011ab,0x15955522,0x00000000,0,0,0000000000000000000000dc8046acacaaa91000000000
319,0x00000000000,0x00000000000,0x000000000,0x00000000,0x00000000,0,0,0000000000000000000000000000000000000000000000
320,0x00000000000,0x00000000000,0x000000000,0x10903004,0x00000000,0,0,0000000000000000000000000000008481802000000000
321,0x00000000000,0x00000000000,0x000000000,0x00000000,0x00000000,0,0,0000000000000000000000000000000000000000000000
322,0x00000000000,0x00000000000,0x0374011eb,0x00000000,0x00000000,0,0,0000000000000000000000dd0047ac0000000000000000
323,0x00000000000,0x00000000000,0x05318d243,0x00000000,0x00000000,0,0,00000000000000000000014c63490c0000000000000000
324,0x00000000000,0x00000000000,0x05358d263,0x00000000,0x00000000,0,0,00000000000000000000014d63498c0000000000000000
325,0x00000000000,0x00000000000,0x0541ad383,0x15b59562,0x00000000,0,0,0000000000000000000001506b4e0cadacab1000000000
326,0x00000000000,0x00000000000,0x038e012ab,0x177716e2,0x00000000,0,0,0000000000000000000000e3804aacbbb8b71000000000
327,0x00000000000,0x00000000000,0x0545ad3a3,0x00000000,0x00000000,0,0,0000000000000000000001516b4e8c0000000000000000
328,0x00000000000,0x00000000000,0x0549ad3c3,0x00000000,0x00000000,0,0,0000000000000000000001526b4f0c0000000000000000
329,0x00000000000,0x00000000000,0x054dad3e3,0x00000000,0x00000000,0,0,0000000000000000000001536b4f8c0000000000000000
330,0x00000000000,0x00000000000,0x0390012eb,0x10b07044,0x53331041,0,0,0000000000000000000000e4004bac8583822533310410
331,0x00000000000,0x00000000000,0x0559cd503,0x00000000,0x00000000,0,0,00000000000000000000015673540c0000000000000000
332,0x00000000000,0x00000000000,0x055dcd523,0x00000000,0x55d5a009,0,0,00000000000000000000015773548c000000055d5a0090
333,0x00000000000,0x00000000000,0x0561cd543,0x00000000,0x00000000,0,0,00000000000000000000015873550c0000000000000000
334,0x00000000000,0x00000000000,0x000000000,0x17975722,0x53735041,0,0,000000000000000000000000000000bcbab91537350410
335,0x00000000000,0x00000000000,0x0565cd563,0x00000000,0x00000000,0,0,00000000000000000000015973558c0000000000000000
336,0x00000000000,0x00000000000,0x0571ed683,0x00000000,0x00000000,0,0,00000000000000000000015c7b5a0c0000000000000000
337,0x00000000000,0x00000000000,0x0575ed6a3,0x10d0b084,0x00000000,0,0,00000000000000000000015d7b5a8c8685842000000000
338,0x00000000000,0x00000000000,0x000000000,0x13f3d2c2,0x54341041,0,0,0000000000000000000000000000009f9e961543410410
339,0x00000000000,0x00000000000,0x000000000,0x00000000,0x00000000,0,0,0000000000000000000000000000000000000000000000
340,0x00000000000,0x00000000000,0x000000000,0x00000000,0x00000000,0,0,0000000000000000000000000000000000000000000000
341,0x00000000000,0x00000000000,0x000000000,0x17b79762,0x00000000,0,0,000000000000000000000000000000bdbcbb1000000000
342,0x00000000000,0x00000000000,0x000000000,0x197918e2,0x54745041,0,0,000000000000000000000000000000cbc8c71547450410
343,0x00000000000,0x00000000000,0x000000000,0x00000000,0x00000000,0,0,0000000000000000000000000000000000000000000000
344,0x00000000000,0x00000000000,0x000000000,0x00000000,0x00000000,0,0,0000000000000000000000000000000000000000000000
345,0x00000000000,0x00000000000,0x000000000,0x00000000,0x00000000,0,0,0000000000000000000000000000000000000000000000
346,0x000000640b3,0x0000000927e,0x000000000,0x00000000,0x54b49041,0,0,000001902cc000000927e000000000000000054b490410
347,0x000000650b7,0x00000000000,0x000000000,0x00000000,0x00000000,0,0,000001942dc00000000000000000000000000000000000
348,0x000000660bb,0x00000000000,0x000000000,0x00000000,0x57d7a009,0,0,000001982ec0000000000000000000000000057d7a0090
349,0x000000670bf,0x00000000000,0x03200058c,0x00000000,0x00000000,0,0,0000019c2fc00000000000c80016300000000000000000
350,0x00000000000,0x00000000000,0x0322005ac,0x00000000,0x54f4d041,0,0,0000000000000000000000c88016b0000000054f4d0410
351,0x00000000000,0x00000000000,0x0324005cc,0x00000000,0x00000000,0,0,0000000000000000000000c90017300000000000000000
352,0x00000000000,0x00000000000,0x0326005ec,0x00000000,0x00000000,0,0,0000000000000000000000c98017b00000000000000000
353,0x00000000000,0x00000000000,0x000000000,0x00000000,0x00000000,0,0,0000000000000000000000000000000000000000000000
354,0x00000000000,0x00000000000,0x000000000,0x15f5d4c2,0x55b59041,0,0,000000000000000000000000000000afaea6155b590410
355,0x00000000000,0x00000000000,0x000000000,0x00000000,0x00000000,0,0,0000000000000000000000000000000000000000000000
356,0x00000000000,0x00000000000,0x000000000,0x00000000,0x00000000,0,0,0000000000000000000000000000000000000000000000
357,0x00000000000,0x00000000000,0x000000000,0x12923204,0x00000000,0,0,0000000000000000000000000000009491902000000000
358,0x00000000000,0x00000000000,0x03920132b,0x00000000,0x55f5d041,0,0,0000000000000000000000e4804cac000000055f5d0410
359,0x00000000000,0x00000000000,0x000000000,0x12b27244,0x00000000,0,0,0000000000000000000000000000009593922000000000
360,0x00000000000,0x00000000000,0x000000000,0x00000000,0x00000000,0,0,0000000000000000000000000000000000000000000000
361,0x00000000000,0x00000000000,0x000000000,0x00000000,0x00000000,0,0,0000000000000000000000000000000000000000000000
362,0x000000680e3,0x0000000a2be,0x03940136b,0x00000000,0x56361041,0,0,000001a038c000000a2be0e5004dac0000000563610410
363,0x0000006a0eb,0x00000000000,0x000000000,0x00000000,0x00000000,0,0,000001a83ac00000000000000000000000000000000000
364,0x000000690e7,0x00000000000,0x000000000,0x00000000,0x00000000,0,0,000001a439c00000000000000000000000000000000000
365,0x0000006b0ef,0x00000000000,0x03400070c,0x00000000,0x00000000,0,0,000001ac3bc00000000000d0001c300000000000000000
366,0x00000000000,0x00000000000,0x03ae0142b,0x12d2b284,0x56765041,0,0,0000000000000000000000eb8050ac9695942567650410
367,0x00000000000,0x00000000000,0x03420072c,0x00000000,0x00000000,0,0,0000000000000000000000d0801cb00000000000000000
368,0x00000000000,0x00000000000,0x03440074c,0x00000000,0x00000000,0,0,0000000000000000000000d1001d300000000000000000
369,0x00000000000,0x00000000000,0x03460076c,0x00000000,0x00000000,0,0,0000000000000000000000d1801db00000000000000000
370,0x00000000000,0x00000000000,0x03b00146b,0x00000000,0x57371041,0,0,0000000000000000000000ec0051ac0000000573710410
371,0x00000000000,0x00000000000,0x000000000,0x17f7d6c2,0x00000000,0,0,000000000000000000000000000000bfbeb61000000000
372,0x00000000000,0x00000000000,0x000000000,0x00000000,0x00000000,0,0,0000000000000000000000000000000000000000000000
373,0x00000000000,0x00000000000,0x000000000,0x00000000,0x00000000,0,0,0000000000000000000000000000000000000000000000
374,0x00000000000,0x00000000000,0x03b2014ab,0x19995922,0x57775041,0,0,0000000000000000000000ec8052accccac91577750410
375,0x00000000000,0x00000000000,0x000000000,0x00000000,0x00000000,0,0,0000000000000000000000000000000000000000000000
376,0x00000000000,0x00000000000,0x000000000,0x14943404,0x00000000,0,0,000000000000000000000000000000a4a1a02000000000
377,0x00000000000,0x00000000000,0x000000000,0x14b47444,0x00000000,0,0,000000000000000000000000000000a5a3a22000000000
378,0x00000000000,0x00000000000,0x03b4014eb,0x00000000,0x00000000,0,0,0000000000000000000000ed0053ac0000000000000000
379,0x0000006c113,0x0000000b2fe,0x000000000,0x00000000,0x00000000,0,0,000001b044c000000b2fe0000000000000000000000000
380,0x0000006d117,0x00000000000,0x000000000,0x00000000,0x00000000,0,0,000001b445c00000000000000000000000000000000000
381,0x0000006e11b,0x00000000000,0x000000000,0x19b99962,0x00000000,0,0,000001b846c0000000000000000000cdcccb1000000000
382,0x0000006f11f,0x00000000000,0x03ce015ab,0x1b7b1ae2,0x00000000,0,0,000001bc47c00000000000f38056acdbd8d71000000000
383,0x00000000000,0x00000000000,0x03600088c,0x00000000,0x00000000,0,0,0000000000000000000000d80022300000000000000000
384,0x00000000000,0x00000000000,0x0362008ac,0x14d4b484,0x00000000,0,0,0000000000000000000000d88022b0a6a5a42000000000
385,0x00000000000,0x00000000000,0x0364008cc,0x00000000,0x00000000,0,0,0000000000000000000000d90023300000000000000000
386,0x00000000000,0x00000000000,0x03d0015eb,0x00000000,0x00000000,0,0,0000000000000000000000f40057ac0000000000000000
387,0x00000000000,0x00000000000,0x000000000,0x00000000,0x00000000,0,0,0000000000000000000000000000000000000000000000
388,0x00000000000,0x00000000000,0x0366008ec,0x00000000,0x59d9a009,0,0,0000000000000000000000d98023b0000000059d9a0090
389,0x00000000000,0x00000000000,0x000000000,0x00000000,0x00000000,0,0,0000000000000000000000000000000000000000000000
390,0x00000000000,0x00000000000,0x03d20162b,0x1b9b5b22,0x00000000,0,0,0000000000000000000000f48058acdcdad91000000000
391,0x00000000000,0x00000000000,0x000000000,0x00000000,0x00000000,0,0,0000000000000000000000000000000000000000000000
392,0x00000000000,0x00000000000,0x000000000,0x16963604,0x00000000,0,0,000000000000000000000000000000b4b1b02000000000
393,0x00000000000,0x00000000000,0x000000000,0x00000000,0x00000000,0,0,0000000000000000000000000000000000000000000000
394,0x00000000000,0x00000000000,0x03d40166b,0x00000000,0x00000000,0,0,0000000000000000000000f50059ac0000000000000000
395,0x00000000000,0x00000000000,0x0579ed6c3,0x00000000,0x00000000,0,0,00000000000000000000015e7b5b0c0000000000000000
396,0x00000000000,0x00000000000,0x057ded6e3,0x00000000,0x00000000,0,0,00000000000000000000015f7b5b8c0000000000000000
397,0x00000000000,0x00000000000,0x05880d803,0x1bbb9b62,0x00000000,0,0,00000000000000000000016203600cdddcdb1000000000
398,0x00000000000,0x00000000000,0x03ee0172b,0x1d7d1ce2,0x00000000,0,0,0000000000000000000000fb805cacebe8e71000000000
399,0x00000000000,0x00000000000,0x058c0d823,0x00000000,0x00000000,0,0,00000000000000000000016303608c0000000000000000
400,0x00000000000,0x00000000000,0x05900d843,0x00000000,0x00000000,0,0,00000000000000000000016403610c0000000000000000
401,0x00000000000,0x00000000000,0x05940d863,0x00000000,0x00000000,0,0,00000000000000000000016503618c0000000000000000
402,0x00000000000,0x00000000000,0x03f00176b,0x16b67644,0x57b79041,0,0,0000000000000000000000fc005dacb5b3b2257b790410
403,0x00000000000,0x00000000000,0x05a02d983,0x00000000,0x00000000,0,0,0000000000000000000001680b660c0000000000000000
404,0x00000000000,0x00000000000,0x05a42d9a3,0x00000000,0x5bdba009,0,0,0000000000000000000001690b668c00000005bdba0090
405,0x00000000000,0x00000000000,0x05a82d9c3,0x00000000,0x00000000,0,0,00000000000000000000016a0b670c0000000000000000
406,0x00000000000,0x00000000000,0x000000000,0x1d9d5d22,0x57f7d041,0,0,000000000000000000000000000000eceae9157f7d0410
407,0x00000000000,0x00000000000,0x05ac2d9e3,0x00000000,0x00000000,0,0,00000000000000000000016b0b678c0000000000000000
408,0x00000000000,0x00000000000,0x05b84db03,0x00000000,0x00000000,0,0,00000000000000000000016e136c0c0000000000000000
409,0x00000000000,0x00000000000,0x05bc4db23,0x16d6b684,0x00000000,0,0,00000000000000000000016f136c8cb6b5b42000000000
410,0x00000000000,0x00000000000,0x000000000,0x19f9d8c2,0x58b89041,0,0,000000000000000000000000000000cfcec6158b890410
411,0x00000000000,0x00000000000,0x000000000,0x00000000,0x00000000,0,0,0000000000000000000000000000000000000000000000
412,0x00000000000,0x00000000000,0x000000000,0x00000000,0x00000000,0,0,0000000000000000000000000000000000000000000000
413,0x00000000000,0x00000000000,0x000000000,0x1dbd9d62,0x00000000,0,0,000000000000000000000000000000edeceb1000000000
414,0x00000000000,0x00000000000,0x000000000,0x1f7f1ee2,0x58f8d041,0,0,000000000000000000000000000000fbf8f7158f8d0410
415,0x00000000000,0x00000000000,0x000000000,0x00000000,0x00000000,0,0,0000000000000000000000000000000000000000000000
416,0x00000000000,0x00000000000,0x000000000,0x00000000,0x00000000,0,0,0000000000000000000000000000000000000000000000
417,0x00000000000,0x00000000000,0x000000000,0x00000000,0x00000000,0,0,0000000000000000000000000000000000000000000000
418,0x00000070143,0x0000000c33e,0x000000000,0x00000000,0x59391041,0,0,000001c050c000000c33e0000000000000000593910410
419,0x00000071147,0x00000000000,0x000000000,0x00000000,0x00000000,0,0,000001c451c00000000000000000000000000000000000
420,0x0000007214b,0x00000000000,0x000000000,0x00000000,0x5ddda009,0,0,000001c852c000000000000000000000000005ddda0090
421,0x0000007314f,0x00000000000,0x038000a0c,0x00000000,0x00000000,0,0,000001cc53c00000000000e00028300000000000000000
422,0x00000000000,0x00000000000,0x038200a2c,0x00000000,0x59795041,0,0,0000000000000000000000e08028b00000000597950410
423,0x00000000000,0x00000000000,0x038400a4c,0x00000000,0x00000000,0,0,0000000000000000000000e10029300000000000000000
424,0x00000000000,0x00000000000,0x038600a6c,0x00000000,0x00000000,0,0,0000000000000000000000e18029b00000000000000000
425,0x00000000000,0x00000000000,0x000000000,0x00000000,0x00000000,0,0,0000000000000000000000000000000000000000000000
426,0x00000000000,0x00000000000,0x000000000,0x1bfbdac2,0x5a3a1041,0,0,000000000000000000000000000000dfded615a3a10410
427,0x00000000000,0x00000000000,0x000000000,0x00000000,0x00000000,0,0,0000000000000000000000000000000000000000000000
428,0x00000000000,0x00000000000,0x000000000,0x00000000,0x00000000,0,0,0000000000000000000000000000000000000000000000
429,0x00000000000,0x00000000000,0x000000000,0x18983804,0x00000000,0,0,000000000000000000000000000000c4c1c02000000000
430,0x00000000000,0x00000000000,0x03f2017ab,0x00000000,0x5a7a5041,0,0,0000000000000000000000fc805eac00000005a7a50410
431,0x00000000000,0x00000000000,0x000000000,0x18b87844,0x00000000,0,0,000000000000000000000000000000c5c3c22000000000
432,0x00000000000,0x00000000000,0x000000000,0x00000000,0x00000000,0,0,0000000000000000000000000000000000000000000000
433,0x00000000000,0x00000000000,0x000000000,0x00000000,0x00000000,0,0,0000000000000000000000000000000000000000000000
434,0x00000074173,0x0000000d37e,0x03f4017eb,0x00000000,0x5aba9041,0,0,000001d05cc000000d37e0fd005fac00000005aba90410
435,0x0000007617b,0x00000000000,0x000000000,0x00000000,0x00000000,0,0,000001d85ec00000000000000000000000000000000000
436,0x00000075177,0x00000000000,0x000000000,0x00000000,0x00000000,0,0,000001d45dc00000000000000000000000000000000000
437,0x0000007717f,0x00000000000,0x03a000b8c,0x00000000,0x00000000,0,0,000001dc5fc00000000000e8002e300000000000000000
438,0x00000000000,0x00000000000,0x020e018ab,0x18d8b884,0x5afad041,0,0,0000000000000000000000838062acc6c5c425afad0410
439,0x00000000000,0x00000000000,0x03a200bac,0x00000000,0x00000000,0,0,0000000000000000000000e8802eb00000000000000000
440,0x00000000000,0x00000000000,0x03a400bcc,0x00000000,0x00000000,0,0,0000000000000000000000e9002f300000000000000000
441,0x00000000000,0x00000000000,0x03a600bec,0x00000000,0x00000000,0,0,0000000000000000000000e9802fb00000000000000000
442,0x00000000000,0x00000000000,0x0210018eb,0x00000000,0x5bbb9041,0,0,0000000000000000000000840063ac00000005bbb90410
443,0x00000000000,0x00000000000,0x000000000,0x1dfddcc2,0x00000000,0,0,000000000000000000000000000000efeee61000000000
444,0x00000000000,0x00000000000,0x000000000,0x00000000,0x00000000,0,0,0000000000000000000000000000000000000000000000
445,0x00000000000,0x00000000000,0x000000000,0x00000000,0x00000000,0,0,0000000000000000000000000000000000000000000000
446,0x00000000000,0x00000000000,0x02120192b,0x1f9f5f22,0x5bfbd041,0,0,0000000000000000000000848064acfcfaf915bfbd0410
447,0x00000000000,0x00000000000,0x000000000,0x00000000,0x00000000,0,0,0000000000000000000000000000000000000000000000
448,0x00000000000,0x00000000000,0x000000000,0x1a9a3a04,0x00000000,0,0,000000000000000000000000000000d4d1d02000000000
449,0x00000000000,0x00000000000,0x000000000,0x1aba7a44,0x00000000,0,0,000000000000000000000000000000d5d3d22000000000
450,0x00000000000,0x00000000000,0x02140196b,0x00000000,0x00000000,0,0,0000000000000000000000850065ac0000000000000000
451,0x000000781a3,0x0000000e3be,0x000000000,0x00000000,0x00000000,0,0,000001e068c000000e3be0000000000000000000000000
452,0x000000791a7,0x00000000000,0x000000000,0x00000000,0x00000000,0,0,000001e469c00000000000000000000000000000000000
453,0x0000007a1ab,0x00000000000,0x000000000,0x1fbf9f62,0x00000000,0,0,000001e86ac0000000000000000000fdfcfb1000000000
454,0x0000007b1af,0x00000000000,0x022e01a2b,0x016100e2,0x00000000,0,0,000001ec6bc000000000008b8068ac0b08071000000000
455,0x00000000000,0x00000000000,0x03c000d0c,0x00000000,0x00000000,0,0,0000000000000000000000f00034300000000000000000
456,0x00000000000,0x00000000000,0x03c200d2c,0x1adaba84,0x00000000,0,0,0000000000000000000000f08034b0d6d5d42000000000
457,0x00000000000,0x00000000000,0x03c400d4c,0x00000000,0x00000000,0,0,0000000000000000000000f10035300000000000000000
458,0x00000000000,0x00000000000,0x023001a6b,0x00000000,0x00000000,0,0,00000000000000000000008c0069ac0000000000000000
459,0x00000000000,0x00000000000,0x000000000,0x00000000,0x00000000,0,0,0000000000000000000000000000000000000000000000
460,0x00000000000,0x00000000000,0x03c600d6c,0x00000000,0x5fdfa009,0,0,0000000000000000000000f18035b000000005fdfa0090
461,0x00000000000,0x00000000000,0x000000000,0x00000000,0x00000000,0,0,0000000000000000000000000000000000000000000000
462,0x00000000000,0x00000000000,0x023201aab,0x01814122,0x00000000,0,0,00000000000000000000008c806aac0c0a091000000000
463,0x00000000000,0x00000000000,0x000000000,0x00000000,0x00000000,0,0,0000000000000000000000000000000000000000000000
464,0x00000000000,0x00000000000,0x000000000,0x1c9c3c04,0x00000000,0,0,000000000000000000000000000000e4e1e02000000000
465,0x00000000000,0x00000000000,0x000000000,0x00000000,0x00000000,0,0,0000000000000000000000000000000000000000000000
466,0x00000000000,0x00000000000,0x023401aeb,0x00000000,0x00000000,0,0,00000000000000000000008d006bac0000000000000000
467,0x00000000000,0x00000000000,0x05c04db43,0x00000000,0x00000000,0,0,000000000000000000000170136d0c0000000000000000
468,0x00000000000,0x00000000000,0x05c44db63,0x00000000,0x00000000,0,0,000000000000000000000171136d8c0000000000000000
469,0x00000000000,0x00000000000,0x05d06dc83,0x01a18162,0x00000000,0,0,0000000000000000000001741b720c0d0c0b1000000000
470,0x00000000000,0x00000000000,0x024e01bab,0x036302e2,0x00000000,0,0,000000000000000000000093806eac1b18171000000000
471,0x00000000000,0x00000000000,0x05d46dca3,0x00000000,0x00000000,0,0,0000000000000000000001751b728c0000000000000000
472,0x00000000000,0x00000000000,0x05d86dcc3,0x00000000,0x00000000,0,0,0000000000000000000001761b730c0000000000000000
473,0x00000000000,0x00000000000,0x05dc6dce3,0x00000000,0x00000000,0,0,0000000000000000000001771b738c0000000000000000
474,0x00000000000,0x00000000000,0x025001beb,0x1cbc7c44,0x5c3c1041,0,0,000000000000000000000094006face5e3e225c3c10410
475,0x00000000000,0x00000000000,0x05e88de03,0x00000000,0x00000000,0,0,00000000000000000000017a23780c0000000000000000
476,0x00000000000,0x00000000000,0x05ec8de23,0x00000000,0x41c1a009,0,0,00000000000000000000017b23788c000000041c1a0090
477,0x00000000000,0x00000000000,0x05f08de43,0x00000000,0x00000000,0,0,00000000000000000000017c23790c0000000000000000
478,0x00000000000,0x00000000000,0x000000000,0x03834322,0x5c7c5041,0,0,0000000000000000000000000000001c1a1915c7c50410
479,0x00000000000,0x00000000000,0x05f48de63,0x00000000,0x00000000,0,0,00000000000000000000017d23798c0000000000000000
480,0x00000000000,0x00000000000,0x0400adf83,0x00000000,0x00000000,0,0,0000000000000000000001002b7e0c0000000000000000
481,0x00000000000,0x00000000000,0x0404adfa3,0x1cdcbc84,0x00000000,0,0,0000000000000000000001012b7e8ce6e5e42000000000
482,0x00000000000,0x00000000000,0x000000000,0x1fffdec2,0x5d3d1041,0,0,000000000000000000000000000000fffef615d3d10410
483,0x00000000000,0x00000000000,0x000000000,0x00000000,0x00000000,0,0,0000000000000000000000000000000000000000000000
484,0x00000000000,0x00000000000,0x000000000,0x00000000,0x00000000,0,0,0000000000000000000000000000000000000000000000
485,0x00000000000,0x00000000000,0x000000000,0x03a38362,0x00000000,0,0,0000000000000000000000000000001d1c1b1000000000
486,0x00000000000,0x00000000000,0x000000000,0x056504e2,0x5d7d5041,0,0,0000000000000000000000000000002b282715d7d50410
487,0x00000000000,0x00000000000,0x000000000,0x00000000,0x00000000,0,0,0000000000000000000000000000000000000000000000
488,0x00000000000,0x00000000000,0x000000000,0x00000000,0x00000000,0,0,0000000000000000000000000000000000000000000000
489,0x00000000000,0x00000000000,0x000000000,0x00000000,0x00000000,0,0,0000000000000000000000000000000000000000000000
490,0x0000007c1d3,0x0000000f3fe,0x000000000,0x00000000,0x5dbd9041,0,0,000001f074c000000f3fe00000000000000005dbd90410
491,0x0000007d1d7,0x00000000000,0x000000000,0x00000000,0x00000000,0,0,000001f475c00000000000000000000000000000000000
492,0x0000007e1db,0x00000000000,0x000000000,0x00000000,0x43c3a009,0,0,000001f876c0000000000000000000000000043c3a0090
493,0x0000007f1df,0x00000000000,0x03e000e8c,0x00000000,0x00000000,0,0,000001fc77c00000000000f8003a300000000000000000
494,0x00000000000,0x00000000000,0x03e200eac,0x00000000,0x5dfdd041,0,0,0000000000000000000000f8803ab000000005dfdd0410
495,0x00000000000,0x00000000000,0x03e400ecc,0x00000000,0x00000000,0,0,0000000000000000000000f9003b300000000000000000
496,0x00000000000,0x00000000000,0x03e600eec,0x00000000,0x00000000,0,0,0000000000000000000000f9803bb00000000000000000
497,0x00000000000,0x00000000000,0x000000000,0x00000000,0x00000000,0,0,0000000000000000000000000000000000000000000000
498,0x00000000000,0x00000000000,0x000000000,0x01e1c0c2,0x5ebe9041,0,0,0000000000000000000000000000000f0e0615ebe90410
499,0x00000000000,0x00000000000,0x000000000,0x00000000,0x00000000,0,0,0000000000000000000000000000000000000000000000
500,0x00000000000,0x00000000000,0x000000000,0x00000000,0x00000000,0,0,0000000000000000000000000000000000000000000000
501,0x00000000000,0x00000000000,0x000000000,0x1e9e3e04,0x00000000,0,0,000000000000000000000000000000f4f1f02000000000
502,0x00000000000,0x00000000000,0x025201c2b,0x00000000,0x5efed041,0,0,0000000000000000000000948070ac00000005efed0410
503,0x00000000000,0x00000000000,0x000000000,0x1ebe7e44,0x00000000,0,0,000000000000000000000000000000f5f3f22000000000
504,0x00000000000,0x00000000000,0x000000000,0x00000000,0x00000000,0,0,0000000000000000000000000000000000000000000000
505,0x00000000000,0x00000000000,0x000000000,0x00000000,0x00000000,0,0,0000000000000000000000000000000000000000000000
506,0x00000000000,0x0000001003e,0x025401c6b,0x00000000,0x5f3f1041,0,0,00000000000000001003e0950071ac00000005f3f10410
507,0x00000000000,0x00000000000,0x000000000,0x00000000,0x00000000,0,0,0000000000000000000000000000000000000000000000
508,0x00000000000,0x00000000000,0x000000000,0x00000000,0x00000000,0,0,0000000000000000000000000000000000000000000000
509,0x00000000000,0x00000000000,0x000000000,0x00000000,0x00000000,0,0,0000000000000000000000000000000000000000000000
510,0x00000000000,0x00000000000,0x026e01d2b,0x1edebe84,0x5f7f5041,0,0,00000000000000000000009b8074acf6f5f425f7f50410
511,0x00000000000,0x00000000000,0x000000000,0x00000000,0x00000000,0,0,0000000000000000000000000000000000000000000000
512,0x00000000000,0x00000000000,0x000000000,0x00000000,0x00000000,0,0,0000000000000000000000000000000000000000000000
513,0x00000000000,0x00000000000,0x000000000,0x00000000,0x00000000,0,0,0000000000000000000000000000000000000000000000
514,0x00000000000,0x00000000000,0x027001d6b,0x00000000,0x40201041,0,0,00000000000000000000009c0075ac0000000402010410
515,0x00000000000,0x00000000000,0x000000000,0x03e3c2c2,0x00000000,0,0,0000000000000000000000000000001f1e161000000000
516,0x00000000000,0x00000000000,0x000000000,0x00000000,0x00000000,0,0,0000000000000000000000000000000000000000000000
517,0x00000000000,0x00000000000,0x000000000,0x00000000,0x00000000,0,0,0000000000000000000000000000000000000000000000
518,0x00000000000,0x00000000000,0x027201dab,0x05854522,0x40605041,0,0,00000000000000000000009c8076ac2c2a291406050410
519,0x00000000000,0x00000000000,0x000000000,0x00000000,0x00000000,0,0,0000000000000000000000000000000000000000000000
520,0x00000000000,0x00000000000,0x000000000,0x00000000,0x00000000,0,0,0000000000000000000000000000000000000000000000
521,0x00000000000,0x00000000000,0x000000000,0x00000000,0x00000000,0,0,0000000000000000000000000000000000000000000000
522,0x00000000000,0x00000000000,0x027401deb,0x00000000,0x00000000,0,0,00000000000000000000009d0077ac0000000000000000
523,0x00000000000,0x0000001107e,0x000000000,0x00000000,0x00000000,0,0,00000000000000001107e0000000000000000000000000
524,0x00000000000,0x00000000000,0x000000000,0x00000000,0x00000000,0,0,0000000000000000000000000000000000000000000000
525,0x00000000000,0x00000000000,0x000000000,0x05a58562,0x00000000,0,0,0000000000000000000000000000002d2c2b1000000000
526,0x00000000000,0x00000000000,0x028e01eab,0x076706e2,0x00000000,0,0,0000000000000000000000a3807aac3b38371000000000
527,0x00000000000,0x00000000000,0x000000000,0x00000000,0x00000000,0,0,0000000000000000000000000000000000000000000000
528,0x00000000000,0x00000000000,0x000000000,0x00000000,0x00000000,0,0,0000000000000000000000000000000000000000000000
529,0x00000000000,0x00000000000,0x000000000,0x00000000,0x00000000,0,0,0000000000000000000000000000000000000000000000
530,0x00000000000,0x00000000000,0x029001eeb,0x00000000,0x00000000,0,0,0000000000000000000000a4007bac0000000000000000
531,0x00000000000,0x00000000000,0x000000000,0x00000000,0x00000000,0,0,0000000000000000000000000000000000000000000000
532,0x00000000000,0x00000000000,0x000000000,0x00000000,0x45c5a009,0,0,000000000000000000000000000000000000045c5a0090
533,0x00000000000,0x00000000000,0x000000000,0x00000000,0x00000000,0,0,0000000000000000000000000000000000000000000000
534,0x00000000000,0x00000000000,0x029201f2b,0x07874722,0x00000000,0,0,0000000000000000000000a4807cac3c3a391000000000
535,0x00000000000,0x00000000000,0x000000000,0x00000000,0x00000000,0,0,0000000000000000000000000000000000000000000000
536,0x00000000000,0x00000000000,0x000000000,0x00000000,0x00000000,0,0,0000000000000000000000000000000000000000000000
537,0x00000000000,0x00000000000,0x000000000,0x00000000,0x00000000,0,0,0000000000000000000000000000000000000000000000
538,0x00000000000,0x00000000000,0x029401f6b,0x00000000,0x00000000,0,0,0000000000000000000000a5007dac0000000000000000
539,0x00000000000,0x00000000000,0x0408adfc3,0x00000000,0x00000000,0,0,0000000000000000000001022b7f0c0000000000000000
540,0x00000000000,0x00000000000,0x040cadfe3,0x00000000,0x00000000,0,0,0000000000000000000001032b7f8c0000000000000000
541,0x00000000000,0x00000000000,0x0418cc103,0x07a78762,0x00000000,0,0,00000000000000000000010633040c3d3c3b1000000000
542,0x00000000000,0x00000000000,0x02ae0002b,0x096908e2,0x00000000,0,0,0000000000000000000000ab8000ac4b48471000000000
543,0x00000000000,0x00000000000,0x041ccc123,0x00000000,0x00000000,0,0,00000000000000000000010733048c0000000000000000
544,0x00000000000,0x00000000000,0x0420cc143,0x00000000,0x00000000,0,0,00000000000000000000010833050c0000000000000000
545,0x00000000000,0x00000000000,0x0424cc163,0x00000000,0x00000000,0,0,00000000000000000000010933058c0000000000000000
546,0x00000000000,0x00000000000,0x02b00006b,0x00000000,0x40a09041,0,0,0000000000000000000000ac0001ac000000040a090410
547,0x00000000000,0x00000000000,0x0430ec283,0x00000000,0x00000000,0,0,00000000000000000000010c3b0a0c0000000000000000
548,0x00000000000,0x00000000000,0x0434ec2a3,0x00000000,0x47c7a009,0,0,00000000000000000000010d3b0a8c000000047c7a0090
549,0x00000000000,0x00000000000,0x0438ec2c3,0x00000000,0x00000000,0,0,00000000000000000000010e3b0b0c0000000000000000
550,0x00000000000,0x00000000000,0x000000000,0x09894922,0x40e0d041,0,0,0000000000000000000000000000004c4a49140e0d0410
551,0x00000000000,0x00000000000,0x043cec2e3,0x00000000,0x00000000,0,0,00000000000000000000010f3b0b8c0000000000000000
552,0x00000000000,0x00000000000,0x04490c403,0x00000000,0x00000000,0,0,00000000000000000000011243100c0000000000000000
553,0x00000000000,0x00000000000,0x044d0c423,0x00000000,0x00000000,0,0,00000000000000000000011343108c0000000000000000
554,0x00000000000,0x00000000000,0x000000000,0x05e5c4c2,0x41a19041,0,0,0000000000000000000000000000002f2e26141a190410
555,0x00000000000,0x00000000000,0x000000000,0x00000000,0x00000000,0,0,0000000000000000000000000000000000000000000000
556,0x00000000000,0x00000000000,0x000000000,0x00000000,0x00000000,0,0,0000000000000000000000000000000000000000000000
557,0x00000000000,0x00000000000,0x000000000,0x09a98962,0x00000000,0,0,0000000000000000000000000000004d4c4b1000000000
558,0x00000000000,0x00000000000,0x000000000,0x0b6b0ae2,0x41e1d041,0,0,0000000000000000000000000000005b5857141e1d0410
559,0x00000000000,0x00000000000,0x000000000,0x00000000,0x00000000,0,0,0000000000000000000000000000000000000000000000
560,0x00000000000,0x00000000000,0x000000000,0x00000000,0x00000000,0,0,0000000000000000000000000000000000000000000000
561,0x00000000000,0x00000000000,0x000000000,0x00000000,0x00000000,0,0,0000000000000000000000000000000000000000000000
562,0x00000000000,0x000000120be,0x000000000,0x00000000,0x42221041,0,0,0000000000000000120be0000000000000000422210410
563,0x00000000000,0x00000000000,0x000000000,0x00000000,0x00000000,0,0,0000000000000000000000000000000000000000000000
564,0x00000000000,0x00000000000,0x000000000,0x00000000,0x49c9a009,0,0,000000000000000000000000000000000000049c9a0090
565,0x00000000000,0x00000000000,0x000000000,0x00000000,0x00000000,0,0,0000000000000000000000000000000000000000000000
566,0x00000000000,0x00000000000,0x000000000,0x00000000,0x42625041,0,0,0000000000000000000000000000000000000426250410
567,0x00000000000,0x00000000000,0x000000000,0x00000000,0x00000000,0,0,0000000000000000000000000000000000000000000000
568,0x00000000000,0x00000000000,0x000000000,0x00000000,0x00000000,0,0,0000000000000000000000000000000000000000000000
569,0x00000000000,0x00000000000,0x000000000,0x00000000,0x00000000,0,0,0000000000000000000000000000000000000000000000
570,0x00000000000,0x00000000000,0x000000000,0x07e7c6c2,0x43231041,0,0,0000000000000000000000000000003f3e361432310410
571,0x00000000000,0x00000000000,0x000000000,0x00000000,0x00000000,0,0,0000000000000000000000000000000000000000000000
572,0x00000000000,0x00000000000,0x000000000,0x00000000,0x00000000,0,0,0000000000000000000000000000000000000000000000
573,0x00000000000,0x00000000000,0x000000000,0x00000000,0x00000000,0,0,0000000000000000000000000000000000000000000000
574,0x00000000000,0x00000000000,0x02b2000ab,0x00000000,0x43635041,0,0,0000000000000000000000ac8002ac0000000436350410
575,0x00000000000,0x00000000000,0x000000000,0x00000000,0x00000000,0,0,0000000000000000000000000000000000000000000000
576,0x00000000000,0x00000000000,0x000000000,0x00000000,0x00000000,0,0,0000000000000000000000000000000000000000000000
577,0x00000000000,0x00000000000,0x000000000,0x00000000,0x00000000,0,0,0000000000000000000000000000000000000000000000
578,0x00000000000,0x000000130fe,0x02b4000eb,0x00000000,0x43a39041,0,0,0000000000000000130fe0ad0003ac000000043a390410
579,0x00000000000,0x00000000000,0x000000000,0x00000000,0x00000000,0,0,0000000000000000000000000000000000000000000000
580,0x00000000000,0x00000000000,0x000000000,0x00000000,0x00000000,0,0,0000000000000000000000000000000000000000000000
581,0x00000000000,0x00000000000,0x000000000,0x00000000,0x00000000,0,0,0000000000000000000000000000000000000000000000
582,0x00000000000,0x00000000000,0x02ce001ab,0x00000000,0x43e3d041,0,0,0000000000000000000000b38006ac000000043e3d0410
583,0x00000000000,0x00000000000,0x000000000,0x00000000,0x00000000,0,0,0000000000000000000000000000000000000000000000
584,0x00000000000,0x00000000000,0x000000000,0x00000000,0x00000000,0,0,0000000000000000000000000000000000000000000000
585,0x00000000000,0x00000000000,0x000000000,0x00000000,0x00000000,0,0,0000000000000000000000000000000000000000000000
586,0x00000000000,0x00000000000,0x02d0001eb,0x00000000,0x44a49041,0,0,0000000000000000000000b40007ac000000044a490410
587,0x00000000000,0x00000000000,0x000000000,0x09e9c8c2,0x00000000,0,0,0000000000000000000000000000004f4e461000000000
588,0x00000000000,0x00000000000,0x000000000,0x00000000,0x00000000,0,0,0000000000000000000000000000000000000000000000
589,0x00000000000,0x00000000000,0x000000000,0x00000000,0x00000000,0,0,0000000000000000000000000000000000000000000000
590,0x00000000000,0x00000000000,0x02d20022b,0x0b8b4b22,0x44e4d041,0,0,0000000000000000000000b48008ac5c5a59144e4d0410
591,0x00000000000,0x00000000000,0x000000000,0x00000000,0x00000000,0,0,0000000000000000000000000000000000000000000000
592,0x00000000000,0x00000000000,0x000000000,0x00000000,0x00000000,0,0,0000000000000000000000000000000000000000000000
593,0x00000000000,0x00000000000,0x000000000,0x00000000,0x00000000,0,0,0000000000000000000000000000000000000000000000
594,0x00000000000,0x00000000000,0x02d40026b,0x00000000,0x00000000,0,0,0000000000000000000000b50009ac0000000000000000
595,0x00000000000,0x0000001413e,0x000000000,0x00000000,0x00000000,0,0,00000000000000001413e0000000000000000000000000
596,0x00000000000,0x00000000000,0x000000000,0x00000000,0x00000000,0,0,0000000000000000000000000000000000000000000000
597,0x00000000000,0x00000000000,0x000000000,0x0bab8b62,0x00000000,0,0,0000000000000000000000000000005d5c5b1000000000
598,0x00000000000,0x00000000000,0x02ee0032b,0x0d6d0ce2,0x00000000,0,0,0000000000000000000000bb800cac6b68671000000000
599,0x00000000000,0x00000000000,0x000000000,0x00000000,0x00000000,0,0,0000000000000000000000000000000000000000000000
600,0x00000000000,0x00000000000,0x000000000,0x00000000,0x00000000,0,0,0000000000000000000000000000000000000000000000
601,0x00000000000,0x00000000000,0x000000000,0x00000000,0x00000000,0,0,0000000000000000000000000000000000000000000000
602,0x00000000000,0x00000000000,0x02f00036b,0x00000000,0x00000000,0,0,0000000000000000000000bc000dac0000000000000000
603,0x00000000000,0x00000000000,0x000000000,0x00000000,0x00000000,0,0,0000000000000000000000000000000000000000000000
604,0x00000000000,0x00000000000,0x000000000,0x00000000,0x4bcba009,0,0,00000000000000000000000000000000000004bcba0090
605,0x00000000000,0x00000000000,0x000000000,0x00000000,0x00000000,0,0,0000000000000000000000000000000000000000000000
606,0x00000000000,0x00000000000,0x02f2003ab,0x0d8d4d22,0x00000000,0,0,0000000000000000000000bc800eac6c6a691000000000
607,0x00000000000,0x00000000000,0x000000000,0x00000000,0x00000000,0,0,0000000000000000000000000000000000000000000000
608,0x00000000000,0x00000000000,0x000000000,0x00000000,0x00000000,0,0,0000000000000000000000000000000000000000000000
609,0x00000000000,0x00000000000,0x000000000,0x00000000,0x00000000,0,0,0000000000000000000000000000000000000000000000
610,0x00000000000,0x00000000000,0x02f4003eb,0x00000000,0x00000000,0,0,0000000000000000000000bd000fac0000000000000000
611,0x00000000000,0x00000000000,0x04510c443,0x00000000,0x00000000,0,0,00000000000000000000011443110c0000000000000000
612,0x00000000000,0x00000000000,0x04550c463,0x00000000,0x00000000,0,0,00000000000000000000011543118c0000000000000000
613,0x00000000000,0x00000000000,0x04612c583,0x0dad8d62,0x00000000,0,0,0000000000000000000001184b160c6d6c6b1000000000
614,0x00000000000,0x00000000000,0x030e004ab,0x0f6f0ee2,0x00000000,0,0,0000000000000000000000c38012ac7b78771000000000
615,0x00000000000,0x00000000000,0x04652c5a3,0x00000000,0x00000000,0,0,0000000000000000000001194b168c0000000000000000
616,0x00000000000,0x00000000000,0x04692c5c3,0x00000000,0x00000000,0,0,00000000000000000000011a4b170c0000000000000000
617,0x00000000000,0x00000000000,0x046d2c5e3,0x00000000,0x00000000,0,0,00000000000000000000011b4b178c0000000000000000
618,0x00000000000,0x00000000000,0x0310004eb,0x00000000,0x45251041,0,0,0000000000000000000000c40013ac0000000452510410
619,0x00000000000,0x00000000000,0x04794c703,0x00000000,0x00000000,0,0,00000000000000000000011e531c0c0000000000000000
620,0x00000000000,0x00000000000,0x047d4c723,0x00000000,0x4dcda009,0,0,00000000000000000000011f531c8c00000004dcda0090
621,0x00000000000,0x00000000000,0x04814c743,0x00000000,0x00000000,0,0,000000000000000000000120531d0c0000000000000000
622,0x00000000000,0x00000000000,0x000000000,0x0f8f4f22,0x45655041,0,0,0000000000000000000000000000007c7a791456550410
623,0x00000000000,0x00000000000,0x04854c763,0x00000000,0x00000000,0,0,000000000000000000000121531d8c0000000000000000
624,0x00000000000,0x00000000000,0x04916c883,0x00000000,0x00000000,0,0,0000000000000000000001245b220c0000000000000000
625,0x00000000000,0x00000000000,0x04956c8a3,0x00000000,0x00000000,0,0,0000000000000000000001255b228c0000000000000000
626,0x00000000000,0x00000000000,0x000000000,0x0bebcac2,0x46261041,0,0,0000000000000000000000000000005f5e561462610410
627,0x00000000000,0x00000000000,0x000000000,0x00000000,0x00000000,0,0,0000000000000000000000000000000000000000000000
628,0x00000000000,0x00000000000,0x000000000,0x00000000,0x00000000,0,0,0000000000000000000000000000000000000000000000
629,0x00000000000,0x00000000000,0x000000000,0x0faf8f62,0x00000000,0,0,0000000000000000000000000000007d7c7b1000000000
630,0x00000000000,0x00000000000,0x000000000,0x117110e2,0x46665041,0,0,0000000000000000000000000000008b88871466650410
631,0x00000000000,0x00000000000,0x000000000,0x00000000,0x00000000,0,0,0000000000000000000000000000000000000000000000
632,0x00000000000,0x00000000000,0x000000000,0x00000000,0x00000000,0,0,0000000000000000000000000000000000000000000000
633,0x00000000000,0x00000000000,0x000000000,0x00000000,0x00000000,0,0,0000000000000000000000000000000000000000000000
634,0x00000000000,0x0000001517e,0x000000000,0x00000000,0x46a69041,0,0,00000000000000001517e000000000000000046a690410
635,0x00000000000,0x00000000000,0x000000000,0x00000000,0x00000000,0,0,0000000000000000000000000000000000000000000000
636,0x00000000000,0x00000000000,0x000000000,0x00000000,0x4fcfa009,0,0,00000000000000000000000000000000000004fcfa0090
637,0x00000000000,0x00000000000,0x000000000,0x00000000,0x00000000,0,0,0000000000000000000000000000000000000000000000
638,0x00000000000,0x00000000000,0x000000000,0x00000000,0x46e6d041,0,0,000000000000000000000000000000000000046e6d0410
639,0x00000000000,0x00000000000,0x000000000,0x00000000,0x00000000,0,0,0000000000000000000000000000000000000000000000
640,0x00000000000,0x00000000000,0x000000000,0x00000000,0x00000000,0,0,0000000000000000000000000000000000000000000000
641,0x00000000000,0x00000000000,0x000000000,0x00000000,0x00000000,0,0,0000000000000000000000000000000000000000000000
642,0x00000000000,0x00000000000,0x000000000,0x0dedccc2,0x47a79041,0,0,0000000000000000000000000000006f6e66147a790410
643,0x00000000000,0x00000000000,0x000000000,0x00000000,0x00000000,0,0,0000000000000000000000000000000000000000000000
644,0x00000000000,0x00000000000,0x000000000,0x00000000,0x00000000,0,0,0000000000000000000000000000000000000000000000
645,0x00000000000,0x00000000000,0x000000000,0x00000000,0x00000000,0,0,0000000000000000000000000000000000000000000000
646,0x00000000000,0x00000000000,0x03120052b,0x00000000,0x47e7d041,0,0,0000000000000000000000c48014ac000000047e7d0410
647,0x00000000000,0x00000000000,0x000000000,0x00000000,0x00000000,0,0,0000000000000000000000000000000000000000000000
648,0x00000000000,0x00000000000,0x000000000,0x00000000,0x00000000,0,0,0000000000000000000000000000000000000000000000
649,0x00000000000,0x00000000000,0x000000000,0x00000000,0x00000000,0,0,0000000000000000000000000000000000000000000000
650,0x00000000000,0x000000161be,0x03140056b,0x00000000,0x48281041,0,0,0000000000000000161be0c50015ac0000000482810410
651,0x00000000000,0x00000000000,0x000000000,0x00000000,0x00000000,0,0,0000000000000000000000000000000000000000000000
652,0x00000000000,0x00000000000,0x000000000,0x00000000,0x00000000,0,0,0000000000000000000000000000000000000000000000
653,0x00000000000,0x00000000000,0x000000000,0x00000000,0x00000000,0,0,0000000000000000000000000000000000000000000000
654,0x00000000000,0x00000000000,0x032e0062b,0x00000000,0x48685041,0,0,0000000000000000000000cb8018ac0000000486850410
655,0x00000000000,0x00000000000,0x000000000,0x00000000,0x00000000,0,0,0000000000000000000000000000000000000000000000
656,0x00000000000,0x00000000000,0x000000000,0x00000000,0x00000000,0,0,0000000000000000000000000000000000000000000000
657,0x00000000000,0x00000000000,0x000000000,0x00000000,0x00000000,0,0,0000000000000000000000000000000000000000000000
658,0x00000000000,0x00000000000,0x03300066b,0x00000000,0x49291041,0,0,0000000000000000000000cc0019ac0000000492910410
659,0x00000000000,0x00000000000,0x000000000,0x0fefcec2,0x00000000,0,0,0000000000000000000000000000007f7e761000000000
660,0x00000000000,0x00000000000,0x000000000,0x00000000,0x00000000,0,0,0000000000000000000000000000000000000000000000
661,0x00000000000,0x00000000000,0x000000000,0x00000000,0x00000000,0,0,0000000000000000000000000000000000000000000000
662,0x00000000000,0x00000000000,0x0332006ab,0x11915122,0x49695041,0,0,0000000000000000000000cc801aac8c8a891496950410
663,0x00000000000,0x00000000000,0x000000000,0x00000000,0x00000000,0,0,0000000000000000000000000000000000000000000000
664,0x00000000000,0x00000000000,0x000000000,0x00000000,0x00000000,0,0,0000000000000000000000000000000000000000000000
665,0x00000000000,0x00000000000,0x000000000,0x00000000,0x00000000,0,0,0000000000000000000000000000000000000000000000
666,0x00000000000,0x00000000000,0x0334006eb,0x00000000,0x00000000,0,0,0000000000000000000000cd001bac0000000000000000
667,0x00000000000,0x000000171fe,0x000000000,0x00000000,0x00000000,0,0,0000000000000000171fe0000000000000000000000000
668,0x00000000000,0x00000000000,0x000000000,0x00000000,0x00000000,0,0,0000000000000000000000000000000000000000000000
669,0x00000000000,0x00000000000,0x000000000,0x11b19162,0x00000000,0,0,0000000000000000000000000000008d8c8b1000000000
670,0x00000000000,0x00000000000,0x034e007ab,0x137312e2,0x00000000,0,0,0000000000000000000000d3801eac9b98971000000000
671,0x00000000000,0x00000000000,0x000000000,0x00000000,0x00000000,0,0,0000000000000000000000000000000000000000000000
672,0x00000000000,0x00000000000,0x000000000,0x00000000,0x00000000,0,0,0000000000000000000000000000000000000000000000
673,0x00000000000,0x00000000000,0x000000000,0x00000000,0x00000000,0,0,0000000000000000000000000000000000000000000000
674,0x00000000000,0x00000000000,0x0350007eb,0x00000000,0x00000000,0,0,0000000000000000000000d4001fac0000000000000000
675,0x00000000000,0x00000000000,0x000000000,0x00000000,0x00000000,0,0,0000000000000000000000000000000000000000000000
676,0x00000000000,0x00000000000,0x000000000,0x00000000,0x51d1a009,0,0,000000000000000000000000000000000000051d1a0090
677,0x00000000000,0x00000000000,0x000000000,0x00000000,0x00000000,0,0,0000000000000000000000000000000000000000000000
678,0x00000000000,0x00000000000,0x03520082b,0x13935322,0x00000000,0,0,0000000000000000000000d48020ac9c9a991000000000
679,0x00000000000,0x00000000000,0x000000000,0x00000000,0x00000000,0,0,0000000000000000000000000000000000000000000000
680,0x00000000000,0x00000000000,0x000000000,0x00000000,0x00000000,0,0,0000000000000000000000000000000000000000000000
681,0x00000000000,0x00000000000,0x000000000,0x00000000,0x00000000,0,0,0000000000000000000000000000000000000000000000
682,0x00000000000,0x00000000000,0x03540086b,0x00000000,0x00000000,0,0,0000000000000000000000d50021ac0000000000000000
683,0x00000000000,0x00000000000,0x04996c8c3,0x00000000,0x00000000,0,0,0000000000000000000001265b230c0000000000000000
684,0x00000000000,0x00000000000,0x049d6c8e3,0x00000000,0x00000000,0,0,0000000000000000000001275b238c0000000000000000
685,0x00000000000,0x00000000000,0x04a98ca03,0x13b39362,0x00000000,0,0,00000000000000000000012a63280c9d9c9b1000000000
686,0x00000000000,0x00000000000,0x036e0092b,0x157514e2,0x00000000,0,0,0000000000000000000000db8024acaba8a71000000000
687,0x00000000000,0x00000000000,0x04ad8ca23,0x00000000,0x00000000,0,0,00000000000000000000012b63288c0000000000000000
688,0x00000000000,0x00000000000,0x04b18ca43,0x00000000,0x00000000,0,0,00000000000000000000012c63290c0000000000000000
689,0x00000000000,0x00000000000,0x04b58ca63,0x00000000,0x00000000,0,0,00000000000000000000012d63298c0000000000000000
690,0x00000000000,0x00000000000,0x03700096b,0x00000000,0x49a99041,0,0,0000000000000000000000dc0025ac000000049a990410
691,0x00000000000,0x00000000000,0x04c1acb83,0x00000000,0x00000000,0,0,0000000000000000000001306b2e0c0000000000000000
692,0x00000000000,0x00000000000,0x04c5acba3,0x00000000,0x53d3a009,0,0,0000000000000000000001316b2e8c000000053d3a0090
693,0x00000000000,0x00000000000,0x04c9acbc3,0x00000000,0x00000000,0,0,0000000000000000000001326b2f0c0000000000000000
694,0x00000000000,0x00000000000,0x000000000,0x15955522,0x49e9d041,0,0,000000000000000000000000000000acaaa9149e9d0410
695,0x00000000000,0x00000000000,0x04cdacbe3,0x00000000,0x00000000,0,0,0000000000000000000001336b2f8c0000000000000000
696,0x00000000000,0x00000000000,0x04d9ccd03,0x00000000,0x00000000,0,0,00000000000000000000013673340c0000000000000000
697,0x00000000000,0x00000000000,0x04ddccd23,0x00000000,0x00000000,0,0,00000000000000000000013773348c0000000000000000
698,0x00000000000,0x00000000000,0x000000000,0x11f1d0c2,0x4aaa9041,0,0,0000000000000000000000000000008f8e8614aaa90410
699,0x00000000000,0x00000000000,0x000000000,0x00000000,0x00000000,0,0,0000000000000000000000000000000000000000000000
700,0x00000000000,0x00000000000,0x000000000,0x00000000,0x00000000,0,0,0000000000000000000000000000000000000000000000
701,0x00000000000,0x00000000000,0x000000000,0x15b59562,0x00000000,0,0,000000000000000000000000000000adacab1000000000
702,0x00000000000,0x00000000000,0x000000000,0x177716e2,0x4aead041,0,0,000000000000000000000000000000bbb8b714aead0410
703,0x00000000000,0x00000000000,0x000000000,0x00000000,0x00000000,0,0,0000000000000000000000000000000000000000000000
704,0x00000000000,0x00000000000,0x000000000,0x00000000,0x00000000,0,0,0000000000000000000000000000000000000000000000
705,0x00000000000,0x00000000000,0x000000000,0x00000000,0x00000000,0,0,0000000000000000000000000000000000000000000000
706,0x00000000000,0x0000001823e,0x000000000,0x00000000,0x4b2b1041,0,0,00000000000000001823e00000000000000004b2b10410
707,0x00000000000,0x00000000000,0x000000000,0x00000000,0x00000000,0,0,0000000000000000000000000000000000000000000000
708,0x00000000000,0x00000000000,0x000000000,0x00000000,0x55d5a009,0,0,000000000000000000000000000000000000055d5a0090
709,0x00000000000,0x00000000000,0x000000000,0x00000000,0x00000000,0,0,0000000000000000000000000000000000000000000000
710,0x00000000000,0x00000000000,0x000000000,0x00000000,0x4b6b5041,0,0,00000000000000000000000000000000000004b6b50410
711,0x00000000000,0x00000000000,0x000000000,0x00000000,0x00000000,0,0,0000000000000000000000000000000000000000000000
712,0x00000000000,0x00000000000,0x000000000,0x00000000,0x00000000,0,0,0000000000000000000000000000000000000000000000
713,0x00000000000,0x00000000000,0x000000000,0x00000000,0x00000000,0,0,0000000000000000000000000000000000000000000000
714,0x00000000000,0x00000000000,0x000000000,0x13f3d2c2,0x4c2c1041,0,0,0000000000000000000000000000009f9e9614c2c10410
715,0x00000000000,0x00000000000,0x000000000,0x00000000,0x00000000,0,0,0000000000000000000000000000000000000000000000
716,0x00000000000,0x00000000000,0x000000000,0x00000000,0x00000000,0,0,0000000000000000000000000000000000000000000000
717,0x00000000000,0x00000000000,0x000000000,0x00000000,0x00000000,0,0,0000000000000000000000000000000000000000000000
718,0x00000000000,0x00000000000,0x0372009ab,0x00000000,0x4c6c5041,0,0,0000000000000000000000dc8026ac00000004c6c50410
719,0x00000000000,0x00000000000,0x000000000,0x00000000,0x00000000,0,0,0000000000000000000000000000000000000000000000
720,0x00000000000,0x00000000000,0x000000000,0x00000000,0x00000000,0,0,0000000000000000000000000000000000000000000000
721,0x00000000000,0x00000000000,0x000000000,0x00000000,0x00000000,0,0,0000000000000000000000000000000000000000000000
722,0x00000000000,0x0000001927e,0x0374009eb,0x00000000,0x4cac9041,0,0,00000000000000001927e0dd0027ac00000004cac90410
723,0x00000000000,0x00000000000,0x000000000,0x00000000,0x00000000,0,0,0000000000000000000000000000000000000000000000
724,0x00000000000,0x00000000000,0x000000000,0x00000000,0x00000000,0,0,0000000000000000000000000000000000000000000000
725,0x00000000000,0x00000000000,0x000000000,0x00000000,0x00000000,0,0,0000000000000000000000000000000000000000000000
726,0x00000000000,0x00000000000,0x038e00aab,0x00000000,0x4cecd041,0,0,0000000000000000000000e3802aac00000004cecd0410
727,0x00000000000,0x00000000000,0x000000000,0x00000000,0x00000000,0,0,0000000000000000000000000000000000000000000000
728,0x00000000000,0x00000000000,0x000000000,0x00000000,0x00000000,0,0,0000000000000000000000000000000000000000000000
729,0x00000000000,0x00000000000,0x000000000,0x00000000,0x00000000,0,0,0000000000000000000000000000000000000000000000
730,0x00000000000,0x00000000000,0x039000aeb,0x00000000,0x4dad9041,0,0,0000000000000000000000e4002bac00000004dad90410
731,0x00000000000,0x00000000000,0x000000000,0x15f5d4c2,0x00000000,0,0,000000000000000000000000000000afaea61000000000
732,0x00000000000,0x00000000000,0x000000000,0x00000000,0x00000000,0,0,0000000000000000000000000000000000000000000000
733,0x00000000000,0x00000000000,0x000000000,0x00000000,0x00000000,0,0,0000000000000000000000000000000000000000000000
734,0x00000000000,0x00000000000,0x039200b2b,0x17975722,0x4dedd041,0,0,0000000000000000000000e4802cacbcbab914dedd0410
735,0x00000000000,0x00000000000,0x000000000,0x00000000,0x00000000,0,0,0000000000000000000000000000000000000000000000
736,0x00000000000,0x00000000000,0x000000000,0x00000000,0x00000000,0,0,0000000000000000000000000000000000000000000000
737,0x00000000000,0x00000000000,0x000000000,0x00000000,0x00000000,0,0,0000000000000000000000000000000000000000000000
738,0x00000000000,0x00000000000,0x039400b6b,0x00000000,0x00000000,0,0,0000000000000000000000e5002dac0000000000000000
739,0x00000000000,0x0000001a2be,0x000000000,0x00000000,0x00000000,0,0,00000000000000001a2be0000000000000000000000000
740,0x00000000000,0x00000000000,0x000000000,0x00000000,0x00000000,0,0,0000000000000000000000000000000000000000000000
741,0x00000000000,0x00000000000,0x000000000,0x17b79762,0x00000000,0,0,000000000000000000000000000000bdbcbb1000000000
742,0x00000000000,0x00000000000,0x03ae00c2b,0x197918e2,0x00000000,0,0,0000000000000000000000eb8030accbc8c71000000000
743,0x00000000000,0x00000000000,0x000000000,0x00000000,0x00000000,0,0,0000000000000000000000000000000000000000000000
744,0x00000000000,0x00000000000,0x000000000,0x00000000,0x00000000,0,0,0000000000000000000000000000000000000000000000
745,0x00000000000,0x00000000000,0x000000000,0x00000000,0x00000000,0,0,0000000000000000000000000000000000000000000000
746,0x00000000000,0x00000000000,0x03b000c6b,0x00000000,0x00000000,0,0,0000000000000000000000ec0031ac0000000000000000
747,0x00000000000,0x00000000000,0x000000000,0x00000000,0x00000000,0,0,0000000000000000000000000000000000000000000000
748,0x00000000000,0x00000000000,0x000000000,0x00000000,0x57d7a009,0,0,000000000000000000000000000000000000057d7a0090
749,0x00000000000,0x00000000000,0x000000000,0x00000000,0x00000000,0,0,0000000000000000000000000000000000000000000000
750,0x00000000000,0x00000000000,0x03b200cab,0x19995922,0x00000000,0,0,0000000000000000000000ec8032accccac91000000000
751,0x00000000000,0x00000000000,0x000000000,0x00000000,0x00000000,0,0,0000000000000000000000000000000000000000000000
752,0x00000000000,0x00000000000,0x000000000,0x00000000,0x00000000,0,0,0000000000000000000000000000000000000000000000
753,0x00000000000,0x00000000000,0x000000000,0x00000000,0x00000000,0,0,0000000000000000000000000000000000000000000000
754,0x00000000000,0x00000000000,0x03b400ceb,0x00000000,0x00000000,0,0,0000000000000000000000ed0033ac0000000000000000
755,0x00000000000,0x00000000000,0x04e1ccd43,0x00000000,0x00000000,0,0,00000000000000000000013873350c0000000000000000
756,0x00000000000,0x00000000000,0x04e5ccd63,0x00000000,0x00000000,0,0,00000000000000000000013973358c0000000000000000
757,0x00000000000,0x00000000000,0x04f1ece83,0x19b99962,0x00000000,0,0,00000000000000000000013c7b3a0ccdcccb1000000000
758,0x00000000000,0x00000000000,0x03ce00dab,0x1b7b1ae2,0x00000000,0,0,0000000000000000000000f38036acdbd8d71000000000
759,0x00000000000,0x00000000000,0x04f5ecea3,0x00000000,0x00000000,0,0,00000000000000000000013d7b3a8c0000000000000000
760,0x00000000000,0x00000000000,0x04f9ecec3,0x00000000,0x00000000,0,0,00000000000000000000013e7b3b0c0000000000000000
761,0x00000000000,0x00000000000,0x04fdecee3,0x00000000,0x00000000,0,0,00000000000000000000013f7b3b8c0000000000000000
762,0x00000000000,0x00000000000,0x03d000deb,0x00000000,0x4e2e1041,0,0,0000000000000000000000f40037ac00000004e2e10410
763,0x00000000000,0x00000000000,0x000000000,0x00000000,0x00000000,0,0,0000000000000000000000000000000000000000000000
764,0x00000000000,0x00000000000,0x000000000,0x00000000,0x59d9a009,0,0,000000000000000000000000000000000000059d9a0090
765,0x00000000000,0x00000000000,0x000000000,0x00000000,0x00000000,0,0,0000000000000000000000000000000000000000000000
766,0x00000000000,0x00000000000,0x000000000,0x1b9b5b22,0x4e6e5041,0,0,000000000000000000000000000000dcdad914e6e50410
767,0x00000000000,0x00000000000,0x000000000,0x00000000,0x00000000,0,0,0000000000000000000000000000000000000000000000
768,0x00000000000,0x00000000000,0x000000000,0x00000000,0x00000000,0,0,0000000000000000000000000000000000000000000000
769,0x00000000000,0x00000000000,0x000000000,0x00000000,0x00000000,0,0,0000000000000000000000000000000000000000000000
770,0x00000000000,0x00000000000,0x000000000,0x17f7d6c2,0x4f2f1041,0,0,000000000000000000000000000000bfbeb614f2f10410
771,0x00000000000,0x00000000000,0x000000000,0x00000000,0x00000000,0,0,0000000000000000000000000000000000000000000000
772,0x00000000000,0x00000000000,0x000000000,0x00000000,0x00000000,0,0,0000000000000000000000000000000000000000000000
773,0x00000000000,0x00000000000,0x000000000,0x1bbb9b62,0x00000000,0,0,000000000000000000000000000000dddcdb1000000000
774,0x00000000000,0x00000000000,0x000000000,0x1d7d1ce2,0x4f6f5041,0,0,000000000000000000000000000000ebe8e714f6f50410
775,0x00000000000,0x00000000000,0x000000000,0x00000000,0x00000000,0,0,0000000000000000000000000000000000000000000000
776,0x00000000000,0x00000000000,0x000000000,0x00000000,0x00000000,0,0,0000000000000000000000000000000000000000000000
777,0x00000000000,0x00000000000,0x000000000,0x00000000,0x00000000,0,0,0000000000000000000000000000000000000000000000
778,0x00000000000,0x0000001b2fe,0x000000000,0x00000000,0x4faf9041,0,0,00000000000000001b2fe00000000000000004faf90410
779,0x00000000000,0x00000000000,0x000000000,0x00000000,0x00000000,0,0,0000000000000000000000000000000000000000000000
780,0x00000000000,0x00000000000,0x000000000,0x00000000,0x5bdba009,0,0,00000000000000000000000000000000000005bdba0090
781,0x00000000000,0x00000000000,0x000000000,0x00000000,0x00000000,0,0,0000000000000000000000000000000000000000000000
782,0x00000000000,0x00000000000,0x000000000,0x00000000,0x4fefd041,0,0,00000000000000000000000000000000000004fefd0410
783,0x00000000000,0x00000000000,0x000000000,0x00000000,0x00000000,0,0,0000000000000000000000000000000000000000000000
784,0x00000000000,0x00000000000,0x000000000,0x00000000,0x00000000,0,0,0000000000000000000000000000000000000000000000
785,0x00000000000,0x00000000000,0x000000000,0x00000000,0x00000000,0,0,0000000000000000000000000000000000000000000000
786,0x00000000000,0x00000000000,0x000000000,0x19f9d8c2,0x00000000,0,0,000000000000000000000000000000cfcec61000000000
787,0x00000000000,0x00000000000,0x000000000,0x00000000,0x00000000,0,0,0000000000000000000000000000000000000000000000
788,0x00000000000,0x00000000000,0x000000000,0x00000000,0x00000000,0,0,0000000000000000000000000000000000000000000000
789,0x00000000000,0x00000000000,0x000000000,0x00000000,0x00000000,0,0,0000000000000000000000000000000000000000000000
790,0x00000000000,0x00000000000,0x03d200e2b,0x00000000,0x00000000,0,0,0000000000000000000000f48038ac0000000000000000
791,0x00000000000,0x00000000000,0x000000000,0x00000000,0x00000000,0,0,0000000000000000000000000000000000000000000000
792,0x00000000000,0x00000000000,0x000000000,0x00000000,0x00000000,0,0,0000000000000000000000000000000000000000000000
793,0x00000000000,0x00000000000,0x000000000,0x00000000,0x00000000,0,0,0000000000000000000000000000000000000000000000
794,0x00000000000,0x0000001c33e,0x03d400e6b,0x00000000,0x00000000,0,0,00000000000000001c33e0f50039ac0000000000000000
795,0x00000000000,0x00000000000,0x000000000,0x00000000,0x00000000,0,0,0000000000000000000000000000000000000000000000
796,0x00000000000,0x00000000000,0x000000000,0x00000000,0x00000000,0,0,0000000000000000000000000000000000000000000000
797,0x00000000000,0x00000000000,0x000000000,0x00000000,0x00000000,0,0,0000000000000000000000000000000000000000000000
798,0x00000000000,0x00000000000,0x03ee00f2b,0x00000000,0x00000000,0,0,0000000000000000000000fb803cac0000000000000000
799,0x00000000000,0x00000000000,0x000000000,0x00000000,0x00000000,0,0,0000000000000000000000000000000000000000000000
800,0x00000000000,0x00000000000,0x000000000,0x00000000,0x00000000,0,0,0000000000000000000000000000000000000000000000
801,0x00000000000,0x00000000000,0x000000000,0x00000000,0x00000000,0,0,0000000000000000000000000000000000000000000000
802,0x00000000000,0x00000000000,0x03f000f6b,0x00000000,0x00000000,0,0,0000000000000000000000fc003dac0000000000000000
803,0x00000000000,0x00000000000,0x000000000,0x1bfbdac2,0x00000000,0,0,000000000000000000000000000000dfded61000000000
804,0x00000000000,0x00000000000,0x000000000,0x00000000,0x00000000,0,0,0000000000000000000000000000000000000000000000
805,0x00000000000,0x00000000000,0x000000000,0x00000000,0x00000000,0,0,0000000000000000000000000000000000000000000000
806,0x00000000000,0x00000000000,0x03f200fab,0x1d9d5d22,0x00000000,0,0,0000000000000000000000fc803eaceceae91000000000
807,0x00000000000,0x00000000000,0x000000000,0x00000000,0x00000000,0,0,0000000000000000000000000000000000000000000000
808,0x00000000000,0x00000000000,0x000000000,0x00000000,0x00000000,0,0,0000000000000000000000000000000000000000000000
809,0x00000000000,0x00000000000,0x000000000,0x00000000,0x00000000,0,0,0000000000000000000000000000000000000000000000
810,0x00000000000,0x00000000000,0x03f400feb,0x00000000,0x00000000,0,0,0000000000000000000000fd003fac0000000000000000
811,0x00000000000,0x0000001d37e,0x000000000,0x00000000,0x00000000,0,0,00000000000000001d37e0000000000000000000000000
812,0x00000000000,0x00000000000,0x000000000,0x00000000,0x00000000,0,0,0000000000000000000000000000000000000000000000
813,0x00000000000,0x00000000000,0x000000000,0x1dbd9d62,0x00000000,0,0,000000000000000000000000000000edeceb1000000000
814,0x00000000000,0x00000000000,0x000000000,0x1f7f1ee2,0x00000000,0,0,000000000000000000000000000000fbf8f71000000000
815,0x00000000000,0x00000000000,0x000000000,0x00000000,0x00000000,0,0,0000000000000000000000000000000000000000000000
816,0x00000000000,0x00000000000,0x000000000,0x00000000,0x00000000,0,0,0000000000000000000000000000000000000000000000
817,0x00000000000,0x00000000000,0x000000000,0x00000000,0x00000000,0,0,0000000000000000000000000000000000000000000000
818,0x00000000000,0x00000000000,0x000000000,0x00000000,0x00000000,0,0,0000000000000000000000000000000000000000000000
819,0x00000000000,0x00000000000,0x000000000,0x00000000,0x00000000,0,0,0000000000000000000000000000000000000000000000
820,0x00000000000,0x00000000000,0x000000000,0x00000000,0x5ddda009,0,0,00000000000000000000000000000000000005ddda0090
821,0x00000000000,0x00000000000,0x000000000,0x00000000,0x00000000,0,0,0000000000000000000000000000000000000000000000
822,0x00000000000,0x00000000000,0x000000000,0x1f9f5f22,0x00000000,0,0,000000000000000000000000000000fcfaf91000000000
823,0x00000000000,0x00000000000,0x000000000,0x00000000,0x00000000,0,0,0000000000000000000000000000000000000000000000
824,0x00000000000,0x00000000000,0x000000000,0x00000000,0x00000000,0,0,0000000000000000000000000000000000000000000000
825,0x00000000000,0x00000000000,0x000000000,0x00000000,0x00000000,0,0,0000000000000000000000000000000000000000000000
826,0x00000000000,0x00000000000,0x000000000,0x00000000,0x00000000,0,0,0000000000000000000000000000000000000000000000
827,0x00000000000,0x00000000000,0x000000000,0x00000000,0x00000000,0,0,0000000000000000000000000000000000000000000000
828,0x00000000000,0x00000000000,0x000000000,0x00000000,0x00000000,0,0,0000000000000000000000000000000000000000000000
829,0x00000000000,0x00000000000,0x000000000,0x1fbf9f62,0x00000000,0,0,000000000000000000000000000000fdfcfb1000000000
830,0x00000000000,0x00000000000,0x000000000,0x00000000,0x00000000,0,0,0000000000000000000000000000000000000000000000
831,0x00000000000,0x00000000000,0x000000000,0x00000000,0x00000000,0,0,0000000000000000000000000000000000000000000000
832,0x00000000000,0x00000000000,0x000000000,0x00000000,0x00000000,0,0,0000000000000000000000000000000000000000000000
833,0x00000000000,0x00000000000,0x000000000,0x00000000,0x00000000,0,0,0000000000000000000000000000000000000000000000
834,0x00000000000,0x00000000000,0x000000000,0x00000000,0x00000000,0,0,0000000000000000000000000000000000000000000000
835,0x00000000000,0x00000000000,0x000000000,0x00000000,0x00000000,0,0,0000000000000000000000000000000000000000000000
836,0x00000000000,0x00000000000,0x000000000,0x00000000,0x5fdfa009,0,0,00000000000000000000000000000000000005fdfa0090
837,0x00000000000,0x00000000000,0x000000000,0x00000000,0x00000000,0,0,0000000000000000000000000000000000000000000000
838,0x00000000000,0x00000000000,0x000000000,0x00000000,0x00000000,0,0,0000000000000000000000000000000000000000000000
839,0x00000000000,0x00000000000,0x000000000,0x00000000,0x00000000,0,0,0000000000000000000000000000000000000000000000
840,0x00000000000,0x00000000000,0x000000000,0x00000000,0x00000000,0,0,0000000000000000000000000000000000000000000000
841,0x00000000000,0x00000000000,0x000000000,0x00000000,0x00000000,0,0,0000000000000000000000000000000000000000000000
842,0x00000000000,0x00000000000,0x000000000,0x1dfddcc2,0x00000000,0,0,000000000000000000000000000000efeee61000000000
843,0x00000000000,0x00000000000,0x000000000,0x00000000,0x00000000,0,0,0000000000000000000000000000000000000000000000
844,0x00000000000,0x00000000000,0x000000000,0x00000000,0x00000000,0,0,0000000000000000000000000000000000000000000000
845,0x00000000000,0x00000000000,0x000000000,0x00000000,0x00000000,0,0,0000000000000000000000000000000000000000000000
846,0x00000000000,0x00000000000,0x000000000,0x00000000,0x00000000,0,0,0000000000000000000000000000000000000000000000
847,0x00000000000,0x00000000000,0x000000000,0x00000000,0x00000000,0,0,0000000000000000000000000000000000000000000000
848,0x00000000000,0x00000000000,0x000000000,0x00000000,0x00000000,0,0,0000000000000000000000000000000000000000000000
849,0x00000000000,0x00000000000,0x000000000,0x00000000,0x00000000,0,0,0000000000000000000000000000000000000000000000
850,0x00000000000,0x0000001e3be,0x000000000,0x00000000,0x00000000,0,0,00000000000000001e3be0000000000000000000000000
851,0x00000000000,0x00000000000,0x000000000,0x00000000,0x00000000,0,0,0000000000000000000000000000000000000000000000
852,0x00000000000,0x00000000000,0x000000000,0x00000000,0x00000000,0,0,0000000000000000000000000000000000000000000000
853,0x00000000000,0x00000000000,0x000000000,0x00000000,0x00000000,0,0,0000000000000000000000000000000000000000000000
854,0x00000000000,0x00000000000,0x000000000,0x00000000,0x00000000,0,0,0000000000000000000000000000000000000000000000
855,0x00000000000,0x00000000000,0x000000000,0x00000000,0x00000000,0,0,0000000000000000000000000000000000000000000000
856,0x00000000000,0x00000000000,0x000000000,0x00000000,0x00000000,0,0,0000000000000000000000000000000000000000000000
857,0x00000000000,0x00000000000,0x000000000,0x00000000,0x00000000,0,0,0000000000000000000000000000000000000000000000
858,0x00000000000,0x00000000000,0x000000000,0x1fffdec2,0x00000000,0,0,000000000000000000000000000000fffef61000000000
859,0x00000000000,0x00000000000,0x000000000,0x00000000,0x00000000,0,0,0000000000000000000000000000000000000000000000
860,0x00000000000,0x00000000000,0x000000000,0x00000000,0x00000000,0,0,0000000000000000000000000000000000000000000000
861,0x00000000000,0x00000000000,0x000000000,0x00000000,0x00000000,0,0,0000000000000000000000000000000000000000000000
862,0x00000000000,0x00000000000,0x000000000,0x00000000,0x00000000,0,0,0000000000000000000000000000000000000000000000
863,0x00000000000,0x00000000000,0x000000000,0x00000000,0x00000000,0,0,0000000000000000000000000000000000000000000000
864,0x00000000000,0x00000000000,0x000000000,0x00000000,0x00000000,0,0,0000000000000000000000000000000000000000000000
865,0x00000000000,0x00000000000,0x000000000,0x00000000,0x00000000,0,0,0000000000000000000000000000000000000000000000
866,0x00000000000,0x0000001f3fe,0x000000000,0x00000000,0x00000000,0,0,00000000000000001f3fe0000000000000000000000000
867,0x00000000000,0x00000000000,0x000000000,0x00000000,0x00000000,0,1,0000000000000000000000000000000000000000000001
