cycle,load,store,vector,scalar,sfu,reserved,eop,word_hex
0,0x00000000003,0x00000000000,0x000000000,0x00000000,0x00000000,0,0,0000000000c00000000000000000000000000000000000
1,0x00000001007,0x00000000000,0x000000000,0x00000000,0x00000000,0,0,0000000401c00000000000000000000000000000000000
2,0x0000000200b,0x00000000000,0x000000000,0x00000000,0x00000000,0,0,0000000802c00000000000000000000000000000000000
3,0x0000000300f,0x00000000000,0x02000000c,0x00000000,0x00000000,0,0,0000000c03c00000000000800000300000000000000000
4,0x00000004033,0x00000000000,0x02020002c,0x00000000,0x00000000,0,0,000000100cc00000000000808000b00000000000000000
5,0x00000005037,0x00000000000,0x02040004c,0x00000000,0x00000000,0,0,000000140dc00000000000810001300000000000000000
6,0x0000000603b,0x00000000000,0x02060006c,0x00000000,0x00000000,0,0,000000180ec00000000000818001b00000000000000000
7,0x0000000703f,0x00000000000,0x02200018c,0x00000000,0x00000000,0,0,0000001c0fc00000000000880006300000000000000000
8,0x00000008063,0x00000000000,0x0222001ac,0x00000000,0x00000000,0,0,0000002018c00000000000888006b00000000000000000
9,0x00000009067,0x00000000000,0x0224001cc,0x00000000,0x00000000,0,0,0000002419c00000000000890007300000000000000000
10,0x0000000a06b,0x00000000000,0x0226001ec,0x00000000,0x00000000,0,0,000000281ac00000000000898007b00000000000000000
11,0x0000000b06f,0x00000000000,0x000000000,0x00802004,0x00000000,0,0,0000002c1bc00000000000000000000401002000000000
12,0x0000000c093,0x00000000000,0x02400030c,0x00000000,0x00000000,0,0,0000003024c0000000000090000c300000000000000000
13,0x0000000d097,0x00000000000,0x02440034c,0x00a06044,0x00000000,0,0,0000003425c0000000000091000d300503022000000000
14,0x0000000e09b,0x00000000000,0x02420032c,0x00000000,0x00000000,0,0,0000003826c0000000000090800cb00000000000000000
15,0x0000000f09f,0x00000000000,0x02460036c,0x02822204,0x00000000,0,0,0000003c27c0000000000091800db01411102000000000
16,0x000000100c3,0x00000000000,0x02600048c,0x00000000,0x00000000,0,0,0000004030c00000000000980012300000000000000000
17,0x000000110c7,0x00000000000,0x0264004cc,0x02a26244,0x00000000,0,0,0000004431c00000000000990013301513122000000000
18,0x000000120cb,0x00000000000,0x0262004ac,0x00000000,0x00000000,0,0,0000004832c00000000000988012b00000000000000000
19,0x000000130cf,0x00000000000,0x0266004ec,0x00000000,0x00000000,0,0,0000004c33c00000000000998013b00000000000000000
20,0x000000140f3,0x00000000000,0x02800060c,0x00c0a084,0x00000000,0,0,000000503cc00000000000a00018300605042000000000
21,0x000000150f7,0x00000000000,0x02820062c,0x04842404,0x00000000,0,0,000000543dc00000000000a08018b02421202000000000
22,0x000000160fb,0x00000000000,0x02840064c,0x04a46444,0x00000000,0,0,000000583ec00000000000a10019302523222000000000
23,0x000000170ff,0x00000000000,0x02860066c,0x00000000,0x00000000,0,0,0000005c3fc00000000000a18019b00000000000000000
24,0x00000018123,0x00000000000,0x02a00078c,0x02c2a284,0x00000000,0,0,0000006048c00000000000a8001e301615142000000000
25,0x00000019127,0x00000000000,0x02a2007ac,0x06862604,0x00000000,0,0,0000006449c00000000000a8801eb03431302000000000
26,0x0000001a12b,0x00000000000,0x02a4007cc,0x06a66644,0x00000000,0,0,000000684ac00000000000a9001f303533322000000000
27,0x0000001b12f,0x00000000000,0x04080c003,0x00000000,0x00000000,0,0,0000006c4bc000000000010203000c0000000000000000
28,0x0000001c153,0x00000000000,0x040c0c023,0x08882804,0x00000000,0,0,0000007054c000000000010303008c4441402000000000
29,0x0000001d157,0x00000000000,0x04100c043,0x04c4a484,0x00000000,0,0,0000007455c000000000010403010c2625242000000000
30,0x0000001e15b,0x00000000000,0x04140c063,0x00000000,0x00000000,0,0,0000007856c000000000010503018c0000000000000000
31,0x0000001f15f,0x00000000000,0x04202c183,0x00000000,0x00000000,0,0,0000007c57c00000000001080b060c0000000000000000
32,0x00000020183,0x00000000000,0x04242c1a3,0x0a8a2a04,0x00000000,0,0,0000008060c00000000001090b068c5451502000000000
33,0x00000021187,0x00000000000,0x04282c1c3,0x06c6a684,0x00000000,0,0,0000008461c000000000010a0b070c3635342000000000
34,0x0000002318f,0x00000000000,0x042c2c1e3,0x00000000,0x40a09041,0,0,0000008c63c000000000010b0b078c000000040a090410
35,0x0000002218b,0x00000000000,0x02a6007ec,0x08a86844,0x00000000,0,0,0000008862c00000000000a9801fb04543422000000000
36,0x000000241b3,0x00000000000,0x04384c303,0x00000000,0x00000000,0,0,000000906cc000000000010e130c0c0000000000000000
37,0x000000251b7,0x00000000000,0x043c4c323,0x00000000,0x00000000,0,0,000000946dc000000000010f130c8c0000000000000000
38,0x000000271bf,0x00000000000,0x04444c363,0x00000000,0x40e0d041,0,0,0000009c6fc0000000000111130d8c000000040e0d0410
39,0x000000261bb,0x00000000000,0x04404c343,0x00000000,0x00000000,0,0,000000986ec0000000000110130d0c0000000000000000
40,0x000000291e7,0x00000000000,0x04506c483,0x00000000,0x00000000,0,0,000000a479c00000000001141b120c0000000000000000
41,0x000000281e3,0x00000000000,0x04546c4a3,0x00000000,0x00000000,0,0,000000a078c00000000001151b128c0000000000000000
42,0x0000002b1ef,0x00000000000,0x02c20092c,0x08c8a884,0x41211041,0,0,000000ac7bc00000000000b08024b04645442412110410
43,0x0000002a1eb,0x00000000000,0x02c00090c,0x0aaa6a44,0x00000000,0,0,000000a87ac00000000000b00024305553522000000000
44,0x0000002d217,0x00000000000,0x02c40094c,0x00000000,0x00000000,0,0,000000b485c00000000000b10025300000000000000000
45,0x0000002c213,0x00000000000,0x02c60096c,0x00000000,0x00000000,0,0,000000b084c00000000000b18025b00000000000000000
46,0x0000002e21b,0x00000000000,0x02e000a8c,0x00000000,0x41615041,0,0,000000b886c00000000000b8002a300000000416150410
47,0x0000002f21f,0x00000000000,0x02e200aac,0x00000000,0x00000000,0,0,000000bc87c00000000000b8802ab00000000000000000
48,0x00000030243,0x00000000000,0x02e400acc,0x00000000,0x00000000,0,0,000000c090c00000000000b9002b300000000000000000
49,0x00000031247,0x00000000000,0x02e600aec,0x00000000,0x00000000,0,0,000000c491c00000000000b9802bb00000000000000000
50,0x0000003224b,0x00000000000,0x030200c2c,0x0acaaa84,0x42221041,0,0,000000c892c00000000000c08030b05655542422210410
51,0x0000003324f,0x00000000000,0x030400c4c,0x0c8c2c04,0x00000000,0,0,000000cc93c00000000000c10031306461602000000000
52,0x00000034273,0x00000000000,0x030000c0c,0x0cac6c44,0x00000000,0,0,000000d09cc00000000000c00030306563622000000000
53,0x00000035277,0x00000000000,0x030600c6c,0x00000000,0x00000000,0,0,000000d49dc00000000000c18031b00000000000000000
54,0x0000003627b,0x00000000000,0x032200dac,0x0e8e2e04,0x42625041,0,0,000000d89ec00000000000c88036b07471702426250410
55,0x0000003727f,0x00000000000,0x032000d8c,0x00000000,0x00000000,0,0,000000dc9fc00000000000c80036300000000000000000
56,0x000000382a3,0x00000000000,0x032400dcc,0x0eae6e44,0x00000000,0,0,000000e0a8c00000000000c90037307573722000000000
57,0x000000392a7,0x00000000000,0x032600dec,0x00000000,0x00000000,0,0,000000e4a9c00000000000c98037b00000000000000000
58,0x0000003a2ab,0x00000000000,0x034200f2c,0x00000000,0x42a29041,0,0,000000e8aac00000000000d0803cb0000000042a290410
59,0x0000003b2af,0x00000000000,0x034000f0c,0x0cccac84,0x00000000,0,0,000000ecabc00000000000d0003c306665642000000000
60,0x0000003c2d3,0x00000000000,0x034400f4c,0x10903004,0x00000000,0,0,000000f0b4c00000000000d1003d308481802000000000
61,0x0000003d2d7,0x00000000000,0x034600f6c,0x10b07044,0x00000000,0,0,000000f4b5c00000000000d1803db08583822000000000
62,0x0000003e2db,0x00000000000,0x020e000ab,0x12923204,0x42e2d041,0,0,000000f8b6c00000000000838002ac949190242e2d0410
63,0x00000000000,0x00000000000,0x03600108c,0x0eceae84,0x00000000,0,0,0000000000000000000000d80042307675742000000000
64,0x0000003f2df,0x00000000000,0x0364010cc,0x12b27244,0x00000000,0,0,000000fcb7c00000000000d90043309593922000000000
65,0x00000000000,0x00000000000,0x0362010ac,0x00000000,0x00000000,0,0,0000000000000000000000d88042b00000000000000000
66,0x00000000000,0x00000000000,0x0210000eb,0x14943404,0x43a39041,0,0,0000000000000000000000840003aca4a1a0243a390410
67,0x00000000000,0x00000000000,0x03800120c,0x00000000,0x00000000,0,0,0000000000000000000000e00048300000000000000000
68,0x00000000000,0x00000000000,0x0366010ec,0x10d0b084,0x00000000,0,0,0000000000000000000000d98043b08685842000000000
69,0x00000000000,0x00000000000,0x03840124c,0x14b47444,0x00000000,0,0,0000000000000000000000e1004930a5a3a22000000000
70,0x00000000000,0x00000000000,0x02120012b,0x00000000,0x43e3d041,0,0,0000000000000000000000848004ac000000043e3d0410
71,0x00000000000,0x00000000000,0x03820122c,0x12d2b284,0x00000000,0,0,0000000000000000000000e08048b09695942000000000
72,0x00000000000,0x00000000000,0x03860126c,0x16963604,0x00000000,0,0,0000000000000000000000e18049b0b4b1b02000000000
73,0x00000000000,0x00000000000,0x03a00138c,0x00000000,0x00000000,0,0,0000000000000000000000e8004e300000000000000000
74,0x00000000000,0x00000000000,0x02140016b,0x00000000,0x44241041,0,0,0000000000000000000000850005ac0000000442410410
75,0x00000000000,0x00000000000,0x03a4013cc,0x00000000,0x00000000,0,0,0000000000000000000000e9004f300000000000000000
76,0x00000000000,0x00000000000,0x03a2013ac,0x14d4b484,0x00000000,0,0,0000000000000000000000e8804eb0a6a5a42000000000
77,0x00000000000,0x00000000000,0x03a6013ec,0x16b67644,0x00000000,0,0,0000000000000000000000e9804fb0b5b3b22000000000
78,0x00000000000,0x00000000000,0x022e0022b,0x016100e2,0x44645041,0,0,00000000000000000000008b8008ac0b08071446450410
79,0x00000000000,0x00000000000,0x03c20152c,0x18983804,0x00000000,0,0,0000000000000000000000f08054b0c4c1c02000000000
80,0x00000000000,0x00000000000,0x03c00150c,0x18b87844,0x00000000,0,0,0000000000000000000000f0005430c5c3c22000000000
81,0x00000000000,0x00000000000,0x03c40154c,0x00000000,0x00000000,0,0,0000000000000000000000f10055300000000000000000
82,0x00000000000,0x00000000000,0x02300026b,0x00000000,0x45251041,0,0,00000000000000000000008c0009ac0000000452510410
83,0x00000000000,0x00000000000,0x03e2016ac,0x1a9a3a04,0x00000000,0,0,0000000000000000000000f8805ab0d4d1d02000000000
84,0x00000000000,0x00000000000,0x03c60156c,0x16d6b684,0x00000000,0,0,0000000000000000000000f18055b0b6b5b42000000000
85,0x00000000000,0x00000000000,0x03e00168c,0x1aba7a44,0x00000000,0,0,0000000000000000000000f8005a30d5d3d22000000000
86,0x00000000000,0x00000000000,0x0232002ab,0x01814122,0x45655041,0,0,00000000000000000000008c800aac0c0a091456550410
87,0x00000000000,0x00000000000,0x03e6016ec,0x18d8b884,0x00000000,0,0,0000000000000000000000f9805bb0c6c5c42000000000
88,0x00000000000,0x00000000000,0x03e4016cc,0x1c9c3c04,0x00000000,0,0,0000000000000000000000f9005b30e4e1e02000000000
89,0x00000000000,0x00000000000,0x000000000,0x00000000,0x00000000,0,0,0000000000000000000000000000000000000000000000
90,0x00000000000,0x00000000000,0x0234002eb,0x00000000,0x00000000,0,0,00000000000000000000008d000bac0000000000000000
91,0x00000000000,0x00000000000,0x000000000,0x00000000,0x00000000,0,0,0000000000000000000000000000000000000000000000
92,0x00000000000,0x00000000000,0x000000000,0x1adaba84,0x00000000,0,0,000000000000000000000000000000d6d5d42000000000
93,0x00000000000,0x00000000000,0x000000000,0x01a18162,0x00000000,0,0,0000000000000000000000000000000d0c0b1000000000
94,0x00000000000,0x00000000000,0x024e003ab,0x036302e2,0x00000000,0,0,000000000000000000000093800eac1b18171000000000
95,0x00000000000,0x00000000000,0x000000000,0x1cbc7c44,0x00000000,0,0,000000000000000000000000000000e5e3e22000000000
96,0x00000000000,0x00000000000,0x000000000,0x1e9e3e04,0x00000000,0,0,000000000000000000000000000000f4f1f02000000000
97,0x00000000000,0x00000000000,0x000000000,0x1ebe7e44,0x00000000,0,0,000000000000000000000000000000f5f3f22000000000
98,0x00000000000,0x00000000000,0x0250003eb,0x00000000,0x00000000,0,0,000000000000000000000094000fac0000000000000000
99,0x00000000000,0x00000000000,0x000000000,0x00000000,0x00000000,0,0,0000000000000000000000000000000000000000000000
100,0x00000000000,0x00000000000,0x000000000,0x00000000,0x41c1a009,0,0,000000000000000000000000000000000000041c1a0090
101,0x00000000000,0x00000000000,0x000000000,0x00000000,0x00000000,0,0,0000000000000000000000000000000000000000000000
102,0x00000000000,0x00000000000,0x02520042b,0x03834322,0x00000000,0,0,0000000000000000000000948010ac1c1a191000000000
103,0x00000000000,0x00000000000,0x000000000,0x1cdcbc84,0x00000000,0,0,000000000000000000000000000000e6e5e42000000000
104,0x00000000000,0x00000000000,0x000000000,0x1edebe84,0x00000000,0,0,000000000000000000000000000000f6f5f42000000000
105,0x00000000000,0x00000000000,0x000000000,0x00000000,0x00000000,0,0,0000000000000000000000000000000000000000000000
106,0x00000000000,0x00000000000,0x02540046b,0x00000000,0x00000000,0,0,0000000000000000000000950011ac0000000000000000
107,0x00000000000,0x00000000000,0x04586c4c3,0x00000000,0x00000000,0,0,0000000000000000000001161b130c0000000000000000
108,0x00000000000,0x00000000000,0x045c6c4e3,0x00000000,0x00000000,0,0,0000000000000000000001171b138c0000000000000000
109,0x00000000000,0x00000000000,0x04688c603,0x03a38362,0x00000000,0,0,00000000000000000000011a23180c1d1c1b1000000000
110,0x00000000000,0x00000000000,0x026e0052b,0x056504e2,0x00000000,0,0,00000000000000000000009b8014ac2b28271000000000
111,0x00000000000,0x00000000000,0x046c8c623,0x00000000,0x00000000,0,0,00000000000000000000011b23188c0000000000000000
112,0x00000000000,0x00000000000,0x04708c643,0x00000000,0x00000000,0,0,00000000000000000000011c23190c0000000000000000
113,0x00000000000,0x00000000000,0x04748c663,0x00000000,0x00000000,0,0,00000000000000000000011d23198c0000000000000000
114,0x00000000000,0x00000000000,0x02700056b,0x00000000,0x45a59041,0,0,00000000000000000000009c0015ac000000045a590410
115,0x00000000000,0x00000000000,0x0480ac783,0x00000000,0x00000000,0,0,0000000000000000000001202b1e0c0000000000000000
116,0x00000000000,0x00000000000,0x0484ac7a3,0x00000000,0x43c3a009,0,0,0000000000000000000001212b1e8c000000043c3a0090
117,0x00000000000,0x00000000000,0x0488ac7c3,0x00000000,0x00000000,0,0,0000000000000000000001222b1f0c0000000000000000
118,0x00000000000,0x00000000000,0x000000000,0x05854522,0x45e5d041,0,0,0000000000000000000000000000002c2a29145e5d0410
119,0x00000000000,0x00000000000,0x048cac7e3,0x00000000,0x00000000,0,0,0000000000000000000001232b1f8c0000000000000000
120,0x00000000000,0x00000000000,0x0498cc903,0x00000000,0x00000000,0,0,00000000000000000000012633240c0000000000000000
121,0x00000000000,0x00000000000,0x049ccc923,0x00000000,0x00000000,0,0,00000000000000000000012733248c0000000000000000
122,0x00000000000,0x00000000000,0x000000000,0x01e1c0c2,0x46a69041,0,0,0000000000000000000000000000000f0e06146a690410
123,0x00000000000,0x00000000000,0x000000000,0x00000000,0x00000000,0,0,0000000000000000000000000000000000000000000000
124,0x00000000000,0x00000000000,0x000000000,0x00000000,0x00000000,0,0,0000000000000000000000000000000000000000000000
125,0x00000000000,0x00000000000,0x000000000,0x05a58562,0x00000000,0,0,0000000000000000000000000000002d2c2b1000000000
126,0x00000000000,0x00000000000,0x000000000,0x076706e2,0x46e6d041,0,0,0000000000000000000000000000003b3837146e6d0410
127,0x00000000000,0x00000000000,0x000000000,0x00000000,0x00000000,0,0,0000000000000000000000000000000000000000000000
128,0x00000000000,0x00000000000,0x000000000,0x00000000,0x00000000,0,0,0000000000000000000000000000000000000000000000
129,0x00000000000,0x00000000000,0x000000000,0x00000000,0x00000000,0,0,0000000000000000000000000000000000000000000000
130,0x00000040303,0x0000000003e,0x000000000,0x00000000,0x47271041,0,0,00000100c0c000000003e0000000000000000472710410
131,0x00000041307,0x00000000000,0x000000000,0x00000000,0x00000000,0,0,00000104c1c00000000000000000000000000000000000
132,0x0000004230b,0x00000000000,0x000000000,0x00000000,0x45c5a009,0,0,00000108c2c0000000000000000000000000045c5a0090
133,0x0000004330f,0x00000000000,0x02000180c,0x00000000,0x00000000,0,0,0000010cc3c00000000000800060300000000000000000
134,0x00000000000,0x00000000000,0x02020182c,0x00000000,0x47675041,0,0,0000000000000000000000808060b00000000476750410
135,0x00000000000,0x00000000000,0x02040184c,0x00000000,0x00000000,0,0,0000000000000000000000810061300000000000000000
136,0x00000000000,0x00000000000,0x02060186c,0x00000000,0x00000000,0,0,0000000000000000000000818061b00000000000000000
137,0x00000000000,0x00000000000,0x000000000,0x00000000,0x00000000,0,0,0000000000000000000000000000000000000000000000
138,0x00000000000,0x00000000000,0x000000000,0x03e3c2c2,0x48281041,0,0,0000000000000000000000000000001f1e161482810410
139,0x00000000000,0x00000000000,0x000000000,0x00000000,0x00000000,0,0,0000000000000000000000000000000000000000000000
140,0x00000000000,0x00000000000,0x000000000,0x00000000,0x00000000,0,0,0000000000000000000000000000000000000000000000
141,0x00000000000,0x00000000000,0x000000000,0x00802004,0x00000000,0,0,0000000000000000000000000000000401002000000000
142,0x00000000000,0x00000000000,0x0272005ab,0x00000000,0x48685041,0,0,00000000000000000000009c8016ac0000000486850410
143,0x00000000000,0x00000000000,0x000000000,0x00a06044,0x00000000,0,0,0000000000000000000000000000000503022000000000
144,0x00000000000,0x00000000000,0x000000000,0x00000000,0x00000000,0,0,0000000000000000000000000000000000000000000000
145,0x00000000000,0x00000000000,0x000000000,0x00000000,0x00000000,0,0,0000000000000000000000000000000000000000000000
146,0x00000044333,0x0000000107e,0x0274005eb,0x00000000,0x48a89041,0,0,00000110ccc000000107e09d0017ac000000048a890410
147,0x0000004633b,0x00000000000,0x000000000,0x00000000,0x00000000,0,0,00000118cec00000000000000000000000000000000000
148,0x00000045337,0x00000000000,0x000000000,0x00000000,0x00000000,0,0,00000114cdc00000000000000000000000000000000000
149,0x0000004733f,0x00000000000,0x02200198c,0x00000000,0x00000000,0,0,0000011ccfc00000000000880066300000000000000000
150,0x00000000000,0x00000000000,0x028e006ab,0x00c0a084,0x48e8d041,0,0,0000000000000000000000a3801aac060504248e8d0410
151,0x00000000000,0x00000000000,0x0222019ac,0x00000000,0x00000000,0,0,0000000000000000000000888066b00000000000000000
152,0x00000000000,0x00000000000,0x0224019cc,0x00000000,0x00000000,0,0,0000000000000000000000890067300000000000000000
153,0x00000000000,0x00000000000,0x0226019ec,0x00000000,0x00000000,0,0,0000000000000000000000898067b00000000000000000
154,0x00000000000,0x00000000000,0x0290006eb,0x00000000,0x49a99041,0,0,0000000000000000000000a4001bac000000049a990410
155,0x00000000000,0x00000000000,0x000000000,0x05e5c4c2,0x00000000,0,0,0000000000000000000000000000002f2e261000000000
156,0x00000000000,0x00000000000,0x000000000,0x00000000,0x00000000,0,0,0000000000000000000000000000000000000000000000
157,0x00000000000,0x00000000000,0x000000000,0x00000000,0x00000000,0,0,0000000000000000000000000000000000000000000000
158,0x00000000000,0x00000000000,0x02920072b,0x07874722,0x49e9d041,0,0,0000000000000000000000a4801cac3c3a39149e9d0410
159,0x00000000000,0x00000000000,0x000000000,0x00000000,0x00000000,0,0,0000000000000000000000000000000000000000000000
160,0x00000000000,0x00000000000,0x000000000,0x02822204,0x00000000,0,0,0000000000000000000000000000001411102000000000
161,0x00000000000,0x00000000000,0x000000000,0x02a26244,0x00000000,0,0,0000000000000000000000000000001513122000000000
162,0x00000000000,0x00000000000,0x02940076b,0x00000000,0x00000000,0,0,0000000000000000000000a5001dac0000000000000000
163,0x00000048363,0x000000020be,0x000000000,0x00000000,0x00000000,0,0,00000120d8c00000020be0000000000000000000000000
164,0x00000049367,0x00000000000,0x000000000,0x00000000,0x00000000,0,0,00000124d9c00000000000000000000000000000000000
165,0x0000004a36b,0x00000000000,0x000000000,0x07a78762,0x00000000,0,0,00000128dac00000000000000000003d3c3b1000000000
166,0x0000004b36f,0x00000000000,0x02ae0082b,0x096908e2,0x00000000,0,0,0000012cdbc00000000000ab8020ac4b48471000000000
167,0x00000000000,0x00000000000,0x024001b0c,0x00000000,0x00000000,0,0,000000000000000000000090006c300000000000000000
168,0x00000000000,0x00000000000,0x024201b2c,0x02c2a284,0x00000000,0,0,000000000000000000000090806cb01615142000000000
169,0x00000000000,0x00000000000,0x024401b4c,0x00000000,0x00000000,0,0,000000000000000000000091006d300000000000000000
170,0x00000000000,0x00000000000,0x02b00086b,0x00000000,0x00000000,0,0,0000000000000000000000ac0021ac0000000000000000
171,0x00000000000,0x00000000000,0x000000000,0x00000000,0x00000000,0,0,0000000000000000000000000000000000000000000000
172,0x00000000000,0x00000000000,0x024601b6c,0x00000000,0x47c7a009,0,0,000000000000000000000091806db0000000047c7a0090
173,0x00000000000,0x00000000000,0x000000000,0x00000000,0x00000000,0,0,0000000000000000000000000000000000000000000000
174,0x00000000000,0x00000000000,0x02b2008ab,0x09894922,0x00000000,0,0,0000000000000000000000ac8022ac4c4a491000000000
175,0x00000000000,0x00000000000,0x000000000,0x00000000,0x00000000,0,0,0000000000000000000000000000000000000000000000
176,0x00000000000,0x00000000000,0x000000000,0x04842404,0x00000000,0,0,0000000000000000000000000000002421202000000000
177,0x00000000000,0x00000000000,0x000000000,0x00000000,0x00000000,0,0,0000000000000000000000000000000000000000000000
178,0x00000000000,0x00000000000,0x02b4008eb,0x00000000,0x00000000,0,0,0000000000000000000000ad0023ac0000000000000000
179,0x00000000000,0x00000000000,0x04a0cc943,0x00000000,0x00000000,0,0,00000000000000000000012833250c0000000000000000
180,0x00000000000,0x00000000000,0x04a4cc963,0x00000000,0x00000000,0,0,00000000000000000000012933258c0000000000000000
181,0x00000000000,0x00000000000,0x04b0eca83,0x09a98962,0x00000000,0,0,00000000000000000000012c3b2a0c4d4c4b1000000000
182,0x00000000000,0x00000000000,0x02ce009ab,0x0b6b0ae2,0x00000000,0,0,0000000000000000000000b38026ac5b58571000000000
183,0x00000000000,0x00000000000,0x04b4ecaa3,0x00000000,0x00000000,0,0,00000000000000000000012d3b2a8c0000000000000000
184,0x00000000000,0x00000000000,0x04b8ecac3,0x00000000,0x00000000,0,0,00000000000000000000012e3b2b0c0000000000000000
185,0x00000000000,0x00000000000,0x04bcecae3,0x00000000,0x00000000,0,0,00000000000000000000012f3b2b8c0000000000000000
186,0x00000000000,0x00000000000,0x02d0009eb,0x04a46444,0x4a2a1041,0,0,0000000000000000000000b40027ac25232224a2a10410
187,0x00000000000,0x00000000000,0x04c90cc03,0x00000000,0x00000000,0,0,00000000000000000000013243300c0000000000000000
188,0x00000000000,0x00000000000,0x04cd0cc23,0x00000000,0x49c9a009,0,0,00000000000000000000013343308c000000049c9a0090
189,0x00000000000,0x00000000000,0x04d10cc43,0x00000000,0x00000000,0,0,00000000000000000000013443310c0000000000000000
190,0x00000000000,0x00000000000,0x000000000,0x0b8b4b22,0x4a6a5041,0,0,0000000000000000000000000000005c5a5914a6a50410
191,0x00000000000,0x00000000000,0x04d50cc63,0x00000000,0x00000000,0,0,00000000000000000000013543318c0000000000000000
192,0x00000000000,0x00000000000,0x04e12cd83,0x00000000,0x00000000,0,0,0000000000000000000001384b360c0000000000000000
193,0x00000000000,0x00000000000,0x04e52cda3,0x04c4a484,0x00000000,0,0,0000000000000000000001394b368c2625242000000000
194,0x00000000000,0x00000000000,0x000000000,0x07e7c6c2,0x4b2b1041,0,0,0000000000000000000000000000003f3e3614b2b10410
195,0x00000000000,0x00000000000,0x000000000,0x00000000,0x00000000,0,0,0000000000000000000000000000000000000000000000
196,0x00000000000,0x00000000000,0x000000000,0x00000000,0x00000000,0,0,0000000000000000000000000000000000000000000000
197,0x00000000000,0x00000000000,0x000000000,0x0bab8b62,0x00000000,0,0,0000000000000000000000000000005d5c5b1000000000
198,0x00000000000,0x00000000000,0x000000000,0x0d6d0ce2,0x4b6b5041,0,0,0000000000000000000000000000006b686714b6b50410
199,0x00000000000,0x00000000000,0x000000000,0x00000000,0x00000000,0,0,0000000000000000000000000000000000000000000000
200,0x00000000000,0x00000000000,0x000000000,0x00000000,0x00000000,0,0,0000000000000000000000000000000000000000000000
201,0x00000000000,0x00000000000,0x000000000,0x00000000,0x00000000,0,0,0000000000000000000000000000000000000000000000
202,0x0000004c393,0x000000030fe,0x000000000,0x00000000,0x4bab9041,0,0,00000130e4c00000030fe00000000000000004bab90410
203,0x0000004d397,0x00000000000,0x000000000,0x00000000,0x00000000,0,0,00000134e5c00000000000000000000000000000000000
204,0x0000004e39b,0x00000000000,0x000000000,0x00000000,0x4bcba009,0,0,00000138e6c000000000000000000000000004bcba0090
205,0x0000004f39f,0x00000000000,0x026001c8c,0x00000000,0x00000000,0,0,0000013ce7c00000000000980072300000000000000000
206,0x00000000000,0x00000000000,0x026201cac,0x00000000,0x4bebd041,0,0,0000000000000000000000988072b000000004bebd0410
207,0x00000000000,0x00000000000,0x026401ccc,0x00000000,0x00000000,0,0,0000000000000000000000990073300000000000000000
208,0x00000000000,0x00000000000,0x026601cec,0x00000000,0x00000000,0,0,0000000000000000000000998073b00000000000000000
209,0x00000000000,0x00000000000,0x000000000,0x00000000,0x00000000,0,0,0000000000000000000000000000000000000000000000
210,0x00000000000,0x00000000000,0x000000000,0x09e9c8c2,0x4cac9041,0,0,0000000000000000000000000000004f4e4614cac90410
211,0x00000000000,0x00000000000,0x000000000,0x00000000,0x00000000,0,0,0000000000000000000000000000000000000000000000
212,0x00000000000,0x00000000000,0x000000000,0x00000000,0x00000000,0,0,0000000000000000000000000000000000000000000000
213,0x00000000000,0x00000000000,0x000000000,0x06862604,0x00000000,0,0,0000000000000000000000000000003431302000000000
214,0x00000000000,0x00000000000,0x02d200a2b,0x00000000,0x4cecd041,0,0,0000000000000000000000b48028ac00000004cecd0410
215,0x00000000000,0x00000000000,0x000000000,0x06a66644,0x00000000,0,0,0000000000000000000000000000003533322000000000
216,0x00000000000,0x00000000000,0x000000000,0x00000000,0x00000000,0,0,0000000000000000000000000000000000000000000000
217,0x00000000000,0x00000000000,0x000000000,0x00000000,0x00000000,0,0,0000000000000000000000000000000000000000000000
218,0x000000503c3,0x0000000413e,0x02d400a6b,0x00000000,0x4d2d1041,0,0,00000140f0c000000413e0b50029ac00000004d2d10410
219,0x000000523cb,0x00000000000,0x000000000,0x00000000,0x00000000,0,0,00000148f2c00000000000000000000000000000000000
220,0x000000513c7,0x00000000000,0x000000000,0x00000000,0x00000000,0,0,00000144f1c00000000000000000000000000000000000
221,0x000000533cf,0x00000000000,0x028001e0c,0x00000000,0x00000000,0,0,0000014cf3c00000000000a00078300000000000000000
222,0x00000000000,0x00000000000,0x02ee00b2b,0x06c6a684,0x4d6d5041,0,0,0000000000000000000000bb802cac36353424d6d50410
223,0x00000000000,0x00000000000,0x028201e2c,0x00000000,0x00000000,0,0,0000000000000000000000a08078b00000000000000000
224,0x00000000000,0x00000000000,0x028401e4c,0x00000000,0x00000000,0,0,0000000000000000000000a10079300000000000000000
225,0x00000000000,0x00000000000,0x028601e6c,0x00000000,0x00000000,0,0,0000000000000000000000a18079b00000000000000000
226,0x00000000000,0x00000000000,0x02f000b6b,0x00000000,0x4e2e1041,0,0,0000000000000000000000bc002dac00000004e2e10410
227,0x00000000000,0x00000000000,0x000000000,0x0bebcac2,0x00000000,0,0,0000000000000000000000000000005f5e561000000000
228,0x00000000000,0x00000000000,0x000000000,0x00000000,0x00000000,0,0,0000000000000000000000000000000000000000000000
229,0x00000000000,0x00000000000,0x000000000,0x00000000,0x00000000,0,0,0000000000000000000000000000000000000000000000
230,0x00000000000,0x00000000000,0x02f200bab,0x0d8d4d22,0x4e6e5041,0,0,0000000000000000000000bc802eac6c6a6914e6e50410
231,0x00000000000,0x00000000000,0x000000000,0x00000000,0x00000000,0,0,0000000000000000000000000000000000000000000000
232,0x00000000000,0x00000000000,0x000000000,0x08882804,0x00000000,0,0,0000000000000000000000000000004441402000000000
233,0x00000000000,0x00000000000,0x000000000,0x08a86844,0x00000000,0,0,0000000000000000000000000000004543422000000000
234,0x00000000000,0x00000000000,0x02f400beb,0x00000000,0x00000000,0,0,0000000000000000000000bd002fac0000000000000000
235,0x000000543f3,0x0000000517e,0x000000000,0x00000000,0x00000000,0,0,00000150fcc000000517e0000000000000000000000000
236,0x000000553f7,0x00000000000,0x000000000,0x00000000,0x00000000,0,0,00000154fdc00000000000000000000000000000000000
237,0x000000563fb,0x00000000000,0x000000000,0x0dad8d62,0x00000000,0,0,00000158fec00000000000000000006d6c6b1000000000
238,0x000000573ff,0x00000000000,0x030e00cab,0x0f6f0ee2,0x00000000,0,0,0000015cffc00000000000c38032ac7b78771000000000
239,0x00000000000,0x00000000000,0x02a001f8c,0x00000000,0x00000000,0,0,0000000000000000000000a8007e300000000000000000
240,0x00000000000,0x00000000000,0x02a201fac,0x08c8a884,0x00000000,0,0,0000000000000000000000a8807eb04645442000000000
241,0x00000000000,0x00000000000,0x02a401fcc,0x00000000,0x00000000,0,0,0000000000000000000000a9007f300000000000000000
242,0x00000000000,0x00000000000,0x031000ceb,0x00000000,0x00000000,0,0,0000000000000000000000c40033ac0000000000000000
243,0x00000000000,0x00000000000,0x000000000,0x00000000,0x00000000,0,0,0000000000000000000000000000000000000000000000
244,0x00000000000,0x00000000000,0x02a601fec,0x00000000,0x4dcda009,0,0,0000000000000000000000a9807fb000000004dcda0090
245,0x00000000000,0x00000000000,0x000000000,0x00000000,0x00000000,0,0,0000000000000000000000000000000000000000000000
246,0x00000000000,0x00000000000,0x031200d2b,0x0f8f4f22,0x00000000,0,0,0000000000000000000000c48034ac7c7a791000000000
247,0x00000000000,0x00000000000,0x000000000,0x00000000,0x00000000,0,0,0000000000000000000000000000000000000000000000
248,0x00000000000,0x00000000000,0x000000000,0x0a8a2a04,0x00000000,0,0,0000000000000000000000000000005451502000000000
249,0x00000000000,0x00000000000,0x000000000,0x00000000,0x00000000,0,0,0000000000000000000000000000000000000000000000
250,0x00000000000,0x00000000000,0x031400d6b,0x00000000,0x00000000,0,0,0000000000000000000000c50035ac0000000000000000
251,0x00000000000,0x00000000000,0x04e92cdc3,0x00000000,0x00000000,0,0,00000000000000000000013a4b370c0000000000000000
252,0x00000000000,0x00000000000,0x04ed2cde3,0x00000000,0x00000000,0,0,00000000000000000000013b4b378c0000000000000000
253,0x00000000000,0x00000000000,0x04f94cf03,0x0faf8f62,0x00000000,0,0,00000000000000000000013e533c0c7d7c7b1000000000
254,0x00000000000,0x00000000000,0x032e00e2b,0x117110e2,0x00000000,0,0,0000000000000000000000cb8038ac8b88871000000000
255,0x00000000000,0x00000000000,0x04fd4cf23,0x00000000,0x00000000,0,0,00000000000000000000013f533c8c0000000000000000
256,0x00000000000,0x00000000000,0x05014cf43,0x00000000,0x00000000,0,0,000000000000000000000140533d0c0000000000000000
257,0x00000000000,0x00000000000,0x05054cf63,0x00000000,0x00000000,0,0,000000000000000000000141533d8c0000000000000000
258,0x00000000000,0x00000000000,0x033000e6b,0x0aaa6a44,0x4eae9041,0,0,0000000000000000000000cc0039ac55535224eae90410
259,0x00000000000,0x00000000000,0x05116d083,0x00000000,0x00000000,0,0,0000000000000000000001445b420c0000000000000000
260,0x00000000000,0x00000000000,0x05156d0a3,0x00000000,0x4fcfa009,0,0,0000000000000000000001455b428c00000004fcfa0090
261,0x00000000000,0x00000000000,0x05196d0c3,0x00000000,0x00000000,0,0,0000000000000000000001465b430c0000000000000000
262,0x00000000000,0x00000000000,0x000000000,0x11915122,0x4eeed041,0,0,0000000000000000000000000000008c8a8914eeed0410
263,0x00000000000,0x00000000000,0x051d6d0e3,0x00000000,0x00000000,0,0,0000000000000000000001475b438c0000000000000000
264,0x00000000000,0x00000000000,0x05298d203,0x00000000,0x00000000,0,0,00000000000000000000014a63480c0000000000000000
265,0x00000000000,0x00000000000,0x052d8d223,0x0acaaa84,0x00000000,0,0,00000000000000000000014b63488c5655542000000000
266,0x00000000000,0x00000000000,0x000000000,0x0dedccc2,0x4faf9041,0,0,0000000000000000000000000000006f6e6614faf90410
267,0x00000000000,0x00000000000,0x000000000,0x00000000,0x00000000,0,0,0000000000000000000000000000000000000000000000
268,0x00000000000,0x00000000000,0x000000000,0x00000000,0x00000000,0,0,0000000000000000000000000000000000000000000000
269,0x00000000000,0x00000000000,0x000000000,0x11b19162,0x00000000,0,0,0000000000000000000000000000008d8c8b1000000000
270,0x00000000000,0x00000000000,0x000000000,0x137312e2,0x4fefd041,0,0,0000000000000000000000000000009b989714fefd0410
271,0x00000000000,0x00000000000,0x000000000,0x00000000,0x00000000,0,0,0000000000000000000000000000000000000000000000
272,0x00000000000,0x00000000000,0x000000000,0x00000000,0x00000000,0,0,0000000000000000000000000000000000000000000000
273,0x00000000000,0x00000000000,0x000000000,0x00000000,0x00000000,0,0,0000000000000000000000000000000000000000000000
274,0x00000058023,0x000000061be,0x000000000,0x00000000,0x50301041,0,0,0000016008c00000061be0000000000000000503010410
275,0x00000059027,0x00000000000,0x000000000,0x00000000,0x00000000,0,0,0000016409c00000000000000000000000000000000000
276,0x0000005a02b,0x00000000000,0x000000000,0x00000000,0x51d1a009,0,0,000001680ac0000000000000000000000000051d1a0090
277,0x0000005b02f,0x00000000000,0x02c00010c,0x00000000,0x00000000,0,0,0000016c0bc00000000000b00004300000000000000000
278,0x00000000000,0x00000000000,0x02c20012c,0x00000000,0x50705041,0,0,0000000000000000000000b08004b00000000507050410
279,0x00000000000,0x00000000000,0x02c40014c,0x00000000,0x00000000,0,0,0000000000000000000000b10005300000000000000000
280,0x00000000000,0x00000000000,0x02c60016c,0x00000000,0x00000000,0,0,0000000000000000000000b18005b00000000000000000
281,0x00000000000,0x00000000000,0x000000000,0x00000000,0x00000000,0,0,0000000000000000000000000000000000000000000000
282,0x00000000000,0x00000000000,0x000000000,0x0fefcec2,0x51311041,0,0,0000000000000000000000000000007f7e761513110410
283,0x00000000000,0x00000000000,0x000000000,0x00000000,0x00000000,0,0,0000000000000000000000000000000000000000000000
284,0x00000000000,0x00000000000,0x000000000,0x00000000,0x00000000,0,0,0000000000000000000000000000000000000000000000
285,0x00000000000,0x00000000000,0x000000000,0x0c8c2c04,0x00000000,0,0,0000000000000000000000000000006461602000000000
286,0x00000000000,0x00000000000,0x033200eab,0x00000000,0x51715041,0,0,0000000000000000000000cc803aac0000000517150410
287,0x00000000000,0x00000000000,0x000000000,0x0cac6c44,0x00000000,0,0,0000000000000000000000000000006563622000000000
288,0x00000000000,0x00000000000,0x000000000,0x00000000,0x00000000,0,0,0000000000000000000000000000000000000000000000
289,0x00000000000,0x00000000000,0x000000000,0x00000000,0x00000000,0,0,0000000000000000000000000000000000000000000000
290,0x0000005c053,0x000000071fe,0x033400eeb,0x00000000,0x51b19041,0,0,0000017014c00000071fe0cd003bac000000051b190410
291,0x0000005e05b,0x00000000000,0x000000000,0x00000000,0x00000000,0,0,0000017816c00000000000000000000000000000000000
292,0x0000005d057,0x00000000000,0x000000000,0x00000000,0x00000000,0,0,0000017415c00000000000000000000000000000000000
293,0x0000005f05f,0x00000000000,0x02e00028c,0x00000000,0x00000000,0,0,0000017c17c00000000000b8000a300000000000000000
294,0x00000000000,0x00000000000,0x034e00fab,0x0cccac84,0x51f1d041,0,0,0000000000000000000000d3803eac666564251f1d0410
295,0x00000000000,0x00000000000,0x02e2002ac,0x00000000,0x00000000,0,0,0000000000000000000000b8800ab00000000000000000
296,0x00000000000,0x00000000000,0x02e4002cc,0x00000000,0x00000000,0,0,0000000000000000000000b9000b300000000000000000
297,0x00000000000,0x00000000000,0x02e6002ec,0x00000000,0x00000000,0,0,0000000000000000000000b9800bb00000000000000000
298,0x00000000000,0x00000000000,0x035000feb,0x00000000,0x52b29041,0,0,0000000000000000000000d4003fac000000052b290410
299,0x00000000000,0x00000000000,0x000000000,0x11f1d0c2,0x00000000,0,0,0000000000000000000000000000008f8e861000000000
300,0x00000000000,0x00000000000,0x000000000,0x00000000,0x00000000,0,0,0000000000000000000000000000000000000000000000
301,0x00000000000,0x00000000000,0x000000000,0x00000000,0x00000000,0,0,0000000000000000000000000000000000000000000000
302,0x00000000000,0x00000000000,0x03520102b,0x13935322,0x52f2d041,0,0,0000000000000000000000d48040ac9c9a99152f2d0410
303,0x00000000000,0x00000000000,0x000000000,0x00000000,0x00000000,0,0,0000000000000000000000000000000000000000000000
304,0x00000000000,0x00000000000,0x000000000,0x0e8e2e04,0x00000000,0,0,0000000000000000000000000000007471702000000000
305,0x00000000000,0x00000000000,0x000000000,0x0eae6e44,0x00000000,0,0,0000000000000000000000000000007573722000000000
306,0x00000000000,0x00000000000,0x03540106b,0x00000000,0x00000000,0,0,0000000000000000000000d50041ac0000000000000000
307,0x00000060083,0x0000000823e,0x000000000,0x00000000,0x00000000,0,0,0000018020c000000823e0000000000000000000000000
308,0x00000061087,0x00000000000,0x000000000,0x00000000,0x00000000,0,0,0000018421c00000000000000000000000000000000000
309,0x0000006208b,0x00000000000,0x000000000,0x13b39362,0x00000000,0,0,0000018822c00000000000000000009d9c9b1000000000
310,0x0000006308f,0x00000000000,0x036e0112b,0x157514e2,0x00000000,0,0,0000018c23c00000000000db8044acaba8a71000000000
311,0x00000000000,0x00000000000,0x03000040c,0x00000000,0x00000000,0,0,0000000000000000000000c00010300000000000000000
312,0x00000000000,0x00000000000,0x03020042c,0x0eceae84,0x00000000,0,0,0000000000000000000000c08010b07675742000000000
313,0x00000000000,0x00000000000,0x03040044c,0x00000000,0x00000000,0,0,0000000000000000000000c10011300000000000000000
314,0x00000000000,0x00000000000,0x03700116b,0x00000000,0x00000000,0,0,0000000000000000000000dc0045ac0000000000000000
315,0x00000000000,0x00000000000,0x000000000,0x00000000,0x00000000,0,0,0000000000000000000000000000000000000000000000
316,0x00000000000,0x00000000000,0x03060046c,0x00000000,0x53d3a009,0,0,0000000000000000000000c18011b0000000053d3a0090
317,0x00000000000,0x00000000000,0x000000000,0x00000000,0x00000000,0,0,0000000000000000000000000000000000000000000000
318,0x00000000000,0x00000000000,0x0372011ab,0x15955522,0x00000000,0,0,0000000000000000000000dc8046acacaaa91000000000
319,0x00000000000,0x00000000000,0x000000000,0x00000000,0x00000000,0,0,0000000000000000000000000000000000000000000000
320,0x00000000000,0x00000000000,0x000000000,0x10903004,0x00000000,0,0,0000000000000000000000000000008481802000000000
321,0x00000000000,0x00000000000,0x000000000,0x00000000,0x00000000,0,0,0000000000000000000000000000000000000000000000
322,0x00000000000,0x00000000000,0x0374011eb,0x00000000,0x00000000,0,0,0000000000000000000000dd0047ac0000000000000000
323,0x00000000000,0x00000000000,0x05318d243,0x00000000,0x00000000,0,0,00000000000000000000014c63490c0000000000000000
324,0x00000000000,0x00000000000,0x05358d263,0x00000000,0x00000000,0,0,00000000000000000000014d63498c0000000000000000
325,0x00000000000,0x00000000000,0x0541ad383,0x15b59562,0x00000000,0,0,0000000000000000000001506b4e0cadacab1000000000
326,0x00000000000,0x00000000000,0x038e012ab,0x177716e2,0x00000000,0,0,0000000000000000000000e3804aacbbb8b71000000000
327,0x00000000000,0x00000000000,0x0545ad3a3,0x00000000,0x00000000,0,0,0000000000000000000001516b4e8c0000000000000000
328,0x00000000000,0x00000000000,0x0549ad3c3,0x00000000,0x00000000,0,0,0000000000000000000001526b4f0c0000000000000000
329,0x00000000000,0x00000000000,0x054dad3e3,0x00000000,0x00000000,0,0,0000000000000000000001536b4f8c0000000000000000
330,0x00000000000,0x00000000000,0x0390012eb,0x10b07044,0x53331041,0,0,0000000000000000000000e4004bac8583822533310410
331,0x00000000000,0x00000000000,0x0559cd503,0x00000000,0x00000000,0,0,00000000000000000000015673540c0000000000000000
332,0x00000000000,0x00000000000,0x055dcd523,0x00000000,0x55d5a009,0,0,00000000000000000000015773548c000000055d5a0090
333,0x00000000000,0x00000000000,0x0561cd543,0x00000000,0x00000000,0,0,00000000000000000000015873550c0000000000000000
334,0x00000000000,0x00000000000,0x000000000,0x17975722,0x53735041,0,0,000000000000000000000000000000bcbab91537350410
335,0x00000000000,0x00000000000,0x0565cd563,0x00000000,0x00000000,0,0,00000000000000000000015973558c0000000000000000
336,0x00000000000,0x00000000000,0x0571ed683,0x00000000,0x00000000,0,0,00000000000000000000015c7b5a0c0000000000000000
337,0x00000000000,0x00000000000,0x0575ed6a3,0x10d0b084,0x00000000,0,0,00000000000000000000015d7b5a8c8685842000000000
338,0x00000000000,0x00000000000,0x000000000,0x13f3d2c2,0x54341041,0,0,0000000000000000000000000000009f9e961543410410
339,0x00000000000,0x00000000000,0x000000000,0x00000000,0x00000000,0,0,0000000000000000000000000000000000000000000000
340,0x00000000000,0x00000000000,0x000000000,0x00000000,0x00000000,0,0,0000000000000000000000000000000000000000000000
341,0x00000000000,0x00000000000,0x000000000,0x17b79762,0x00000000,0,0,000000000000000000000000000000bdbcbb1000000000
342,0x00000000000,0x00000000000,0x000000000,0x197918e2,0x54745041,0,0,000000000000000000000000000000cbc8c71547450410
343,0x00000000000,0x00000000000,0x000000000,0x00000000,0x00000000,0,0,0000000000000000000000000000000000000000000000
344,0x00000000000,0x00000000000,0x000000000,0x00000000,0x00000000,0,0,0000000000000000000000000000000000000000000000
345,0x00000000000,0x00000000000,0x000000000,0x00000000,0x00000000,0,0,0000000000000000000000000000000000000000000000
346,0x000000640b3,0x0000000927e,0x000000000,0x00000000,0x54b49041,0,0,000001902cc000000927e000000000000000054b490410
347,0x000000650b7,0x00000000000,0x000000000,0x00000000,0x00000000,0,0,000001942dc00000000000000000000000000000000000
348,0x000000660bb,0x00000000000,0x000000000,0x00000000,0x57d7a009,0,0,000001982ec0000000000000000000000000057d7a0090
349,0x000000670bf,0x00000000000,0x03200058c,0x00000000,0x00000000,0,0,0000019c2fc00000000000c80016300000000000000000
350,0x00000000000,0x00000000000,0x0322005ac,0x00000000,0x54f4d041,0,0,0000000000000000000000c88016b0000000054f4d0410
351,0x00000000000,0x00000000000,0x0324005cc,0x00000000,0x00000000,0,0,0000000000000000000000c90017300000000000000000
352,0x00000000000,0x00000000000,0x0326005ec,0x00000000,0x00000000,0,0,0000000000000000000000c98017b00000000000000000
353,0x00000000000,0x00000000000,0x000000000,0x00000000,0x00000000,0,0,0000000000000000000000000000000000000000000000
354,0x00000000000,0x00000000000,0x000000000,0x15f5d4c2,0x55b59041,0,0,000000000000000000000000000000afaea6155b590410
355,0x00000000000,0x00000000000,0x000000000,0x00000000,0x00000000,0,0,0000000000000000000000000000000000000000000000
356,0x00000000000,0x00000000000,0x000000000,0x00000000,0x00000000,0,0,0000000000000000000000000000000000000000000000
357,0x00000000000,0x00000000000,0x000000000,0x12923204,0x00000000,0,0,0000000000000000000000000000009491902000000000
358,0x00000000000,0x00000000000,0x03920132b,0x00000000,0x55f5d041,0,0,0000000000000000000000e4804cac000000055f5d0410
359,0x00000000000,0x00000000000,0x000000000,0x12b27244,0x00000000,0,0,0000000000000000000000000000009593922000000000
360,0x00000000000,0x00000000000,0x000000000,0x00000000,0x00000000,0,0,0000000000000000000000000000000000000000000000
361,0x00000000000,0x00000000000,0x000000000,0x00000000,0x00000000,0,0,0000000000000000000000000000000000000000000000
362,0x000000680e3,0x0000000a2be,0x03940136b,0x00000000,0x56361041,0,0,000001a038c000000a2be0e5004dac0000000563610410
363,0x0000006a0eb,0x00000000000,0x000000000,0x00000000,0x00000000,0,0,000001a83ac00000000000000000000000000000000000
364,0x000000690e7,0x00000000000,0x000000000,0x00000000,0x00000000,0,0,000001a439c00000000000000000000000000000000000
365,0x0000006b0ef,0x00000000000,0x03400070c,0x00000000,0x00000000,0,0,000001ac3bc00000000000d0001c300000000000000000
366,0x00000000000,0x00000000000,0x03ae0142b,0x12d2b284,0x56765041,0,0,0000000000000000000000eb8050ac9695942567650410
367,0x00000000000,0x00000000000,0x03420072c,0x00000000,0x00000000,0,0,0000000000000000000000d0801cb00000000000000000
368,0x00000000000,0x00000000000,0x03440074c,0x00000000,0x00000000,0,0,0000000000000000000000d1001d300000000000000000
369,0x00000000000,0x00000000000,0x03460076c,0x00000000,0x00000000,0,0,0000000000000000000000d1801db00000000000000000
370,0x00000000000,0x00000000000,0x03b00146b,0x00000000,0x57371041,0,0,0000000000000000000000ec0051ac0000000573710410
371,0x00000000000,0x00000000000,0x000000000,0x17f7d6c2,0x00000000,0,0,000000000000000000000000000000bfbeb61000000000
372,0x00000000000,0x00000000000,0x000000000,0x00000000,0x00000000,0,0,0000000000000000000000000000000000000000000000
373,0x00000000000,0x00000000000,0x000000000,0x00000000,0x00000000,0,0,0000000000000000000000000000000000000000000000
374,0x00000000000,0x00000000000,0x03b2014ab,0x19995922,0x57775041,0,0,0000000000000000000000ec8052accccac91577750410
375,0x00000000000,0x00000000000,0x000000000,0x00000000,0x00000000,0,0,0000000000000000000000000000000000000000000000
376,0x00000000000,0x00000000000,0x000000000,0x14943404,0x00000000,0,0,000000000000000000000000000000a4a1a02000000000
377,0x00000000000,0x00000000000,0x000000000,0x14b47444,0x00000000,0,0,000000000000000000000000000000a5a3a22000000000
378,0x00000000000,0x00000000000,0x03b4014eb,0x00000000,0x00000000,0,0,0000000000000000000000ed0053ac0000000000000000
379,0x0000006c113,0x0000000b2fe,0x000000000,0x00000000,0x00000000,0,0,000001b044c000000b2fe0000000000000000000000000
380,0x0000006d117,0x00000000000,0x000000000,0x00000000,0x00000000,0,0,000001b445c00000000000000000000000000000000000
381,0x0000006e11b,0x00000000000,0x000000000,0x19b99962,0x00000000,0,0,000001b846c0000000000000000000cdcccb1000000000
382,0x0000006f11f,0x00000000000,0x03ce015ab,0x1b7b1ae2,0x00000000,0,0,000001bc47c00000000000f38056acdbd8d71000000000
383,0x00000000000,0x00000000000,0x03600088c,0x00000000,0x00000000,0,0,0000000000000000000000d80022300000000000000000
384,0x00000000000,0x00000000000,0x0362008ac,0x14d4b484,0x00000000,0,0,0000000000000000000000d88022b0a6a5a42000000000
385,0x00000000000,0x00000000000,0x0364008cc,0x00000000,0x00000000,0,0,0000000000000000000000d90023300000000000000000
386,0x00000000000,0x00000000000,0x03d0015eb,0x00000000,0x00000000,0,0,0000000000000000000000f40057ac0000000000000000
387,0x00000000000,0x00000000000,0x000000000,0x00000000,0x00000000,0,0,0000000000000000000000000000000000000000000000
388,0x00000000000,0x00000000000,0x0366008ec,0x00000000,0x59d9a009,0,0,0000000000000000000000d98023b0000000059d9a0090
389,0x00000000000,0x00000000000,0x000000000,0x00000000,0x00000000,0,0,0000000000000000000000000000000000000000000000
390,0x00000000000,0x00000000000,0x03d20162b,0x1b9b5b22,0x00000000,0,0,0000000000000000000000f48058acdcdad91000000000
391,0x00000000000,0x00000000000,0x000000000,0x00000000,0x00000000,0,0,0000000000000000000000000000000000000000000000
392,0x00000000000,0x00000000000,0x000000000,0x16963604,0x00000000,0,0,000000000000000000000000000000b4b1b02000000000
393,0x00000000000,0x00000000000,0x000000000,0x00000000,0x00000000,0,0,0000000000000000000000000000000000000000000000
394,0x00000000000,0x00000000000,0x03d40166b,0x00000000,0x00000000,0,0,0000000000000000000000f50059ac0000000000000000
395,0x00000000000,0x00000000000,0x0579ed6c3,0x00000000,0x00000000,0,0,00000000000000000000015e7b5b0c0000000000000000
396,0x00000000000,0x00000000000,0x057ded6e3,0x00000000,0x00000000,0,0,00000000000000000000015f7b5b8c0000000000000000
397,0x00000000000,0x00000000000,0x05880d803,0x1bbb9b62,0x00000000,0,0,00000000000000000000016203600cdddcdb1000000000
398,0x00000000000,0x00000000000,0x03ee0172b,0x1d7d1ce2,0x00000000,0,0,0000000000000000000000fb805cacebe8e71000000000
399,0x00000000000,0x00000000000,0x058c0d823,0x00000000,0x00000000,0,0,00000000000000000000016303608c0000000000000000
400,0x00000000000,0x00000000000,0x05900d843,0x00000000,0x00000000,0,0,00000000000000000000016403610c0000000000000000
401,0x00000000000,0x00000000000,0x05940d863,0x00000000,0x00000000,0,0,00000000000000000000016503618c0000000000000000
402,0x00000000000,0x00000000000,0x03f00176b,0x16b67644,0x57b79041,0,0,0000000000000000000000fc005dacb5b3b2257b790410
403,0x00000000000,0x00000000000,0x05a02d983,0x00000000,0x00000000,0,0,0000000000000000000001680b660c0000000000000000
404,0x00000000000,0x00000000000,0x05a42d9a3,0x00000000,0x5bdba009,0,0,0000000000000000000001690b668c00000005bdba0090
405,0x00000000000,0x00000000000,0x05a82d9c3,0x00000000,0x00000000,0,0,00000000000000000000016a0b670c0000000000000000
406,0x00000000000,0x00000000000,0x000000000,0x1d9d5d22,0x57f7d041,0,0,000000000000000000000000000000eceae9157f7d0410
407,0x00000000000,0x00000000000,0x05ac2d9e3,0x00000000,0x00000000,0,0,00000000000000000000016b0b678c0000000000000000
408,0x00000000000,0x00000000000,0x05b84db03,0x00000000,0x00000000,0,0,00000000000000000000016e136c0c0000000000000000
409,0x00000000000,0x00000000000,0x05bc4db23,0x16d6b684,0x00000000,0,0,00000000000000000000016f136c8cb6b5b42000000000
410,0x00000000000,0x00000000000,0x000000000,0x19f9d8c2,0x58b89041,0,0,000000000000000000000000000000cfcec6158b890410
411,0x00000000000,0x00000000000,0x000000000,0x00000000,0x00000000,0,0,0000000000000000000000000000000000000000000000
412,0x00000000000,0x00000000000,0x000000000,0x00000000,0x00000000,0,0,0000000000000000000000000000000000000000000000
413,0x00000000000,0x00000000000,0x000000000,0x1dbd9d62,0x00000000,0,0,000000000000000000000000000000edeceb1000000000
414,0x00000000000,0x00000000000,0x000000000,0x1f7f1ee2,0x58f8d041,0,0,000000000000000000000000000000fbf8f7158f8d0410
415,0x00000000000,0x00000000000,0x000000000,0x00000000,0x00000000,0,0,0000000000000000000000000000000000000000000000
416,0x00000000000,0x00000000000,0x000000000,0x00000000,0x00000000,0,0,0000000000000000000000000000000000000000000000
417,0x00000000000,0x00000000000,0x000000000,0x00000000,0x00000000,0,0,0000000000000000000000000000000000000000000000
418,0x00000070143,0x0000000c33e,0x000000000,0x00000000,0x59391041,0,0,000001c050c000000c33e0000000000000000593910410
419,0x00000071147,0x00000000000,0x000000000,0x00000000,0x00000000,0,0,000001c451c00000000000000000000000000000000000
420,0x0000007214b,0x00000000000,0x000000000,0x00000000,0x5ddda009,0,0,000001c852c000000000000000000000000005ddda0090
421,0x0000007314f,0x00000000000,0x038000a0c,0x00000000,0x00000000,0,0,000001cc53c00000000000e00028300000000000000000
422,0x00000000000,0x00000000000,0x038200a2c,0x00000000,0x59795041,0,0,0000000000000000000000e08028b00000000597950410
423,0x00000000000,0x00000000000,0x038400a4c,0x00000000,0x00000000,0,0,0000000000000000000000e10029300000000000000000
424,0x00000000000,0x00000000000,0x038600a6c,0x00000000,0x00000000,0,0,0000000000000000000000e18029b00000000000000000
425,0x00000000000,0x00000000000,0x000000000,0x00000000,0x00000000,0,0,0000000000000000000000000000000000000000000000
426,0x00000000000,0x00000000000,0x000000000,0x1bfbdac2,0x5a3a1041,0,0,000000000000000000000000000000dfded615a3a10410
427,0x00000000000,0x00000000000,0x000000000,0x00000000,0x00000000,0,0,0000000000000000000000000000000000000000000000
428,0x00000000000,0x00000000000,0x000000000,0x00000000,0x00000000,0,0,0000000000000000000000000000000000000000000000
429,0x00000000000,0x00000000000,0x000000000,0x18983804,0x00000000,0,0,000000000000000000000000000000c4c1c02000000000
430,0x00000000000,0x00000000000,0x03f2017ab,0x00000000,0x5a7a5041,0,0,0000000000000000000000fc805eac00000005a7a50410
431,0x00000000000,0x00000000000,0x000000000,0x18b87844,0x00000000,0,0,000000000000000000000000000000c5c3c22000000000
432,0x00000000000,0x00000000000,0x000000000,0x00000000,0x00000000,0,0,0000000000000000000000000000000000000000000000
433,0x00000000000,0x00000000000,0x000000000,0x00000000,0x00000000,0,0,0000000000000000000000000000000000000000000000
434,0x00000074173,0x0000000d37e,0x03f4017eb,0x00000000,0x5aba9041,0,0,000001d05cc000000d37e0fd005fac00000005aba90410
435,0x0000007617b,0x00000000000,0x000000000,0x00000000,0x00000000,0,0,000001d85ec00000000000000000000000000000000000
436,0x00000075177,0x00000000000,0x000000000,0x00000000,0x00000000,0,0,000001d45dc00000000000000000000000000000000000
437,0x0000007717f,0x00000000000,0x03a000b8c,0x00000000,0x00000000,0,0,000001dc5fc00000000000e8002e300000000000000000
438,0x00000000000,0x00000000000,0x020e018ab,0x18d8b884,0x5afad041,0,0,0000000000000000000000838062acc6c5c425afad0410
439,0x00000000000,0x00000000000,0x03a200bac,0x00000000,0x00000000,0,0,0000000000000000000000e8802eb00000000000000000
440,0x00000000000,0x00000000000,0x03a400bcc,0x00000000,0x00000000,0,0,0000000000000000000000e9002f300000000000000000
441,0x00000000000,0x00000000000,0x03a600bec,0x00000000,0x00000000,0,0,0000000000000000000000e9802fb00000000000000000
442,0x00000000000,0x00000000000,0x0210018eb,0x00000000,0x5bbb9041,0,0,0000000000000000000000840063ac00000005bbb90410
443,0x00000000000,0x00000000000,0x000000000,0x1dfddcc2,0x00000000,0,0,000000000000000000000000000000efeee61000000000
444,0x00000000000,0x00000000000,0x000000000,0x00000000,0x00000000,0,0,0000000000000000000000000000000000000000000000
445,0x00000000000,0x00000000000,0x000000000,0x00000000,0x00000000,0,0,0000000000000000000000000000000000000000000000
446,0x00000000000,0x00000000000,0x02120192b,0x1f9f5f22,0x5bfbd041,0,0,0000000000000000000000848064acfcfaf915bfbd0410
447,0x00000000000,0x00000000000,0x000000000,0x00000000,0x00000000,0,0,0000000000000000000000000000000000000000000000
448,0x00000000000,0x00000000000,0x000000000,0x1a9a3a04,0x00000000,0,0,000000000000000000000000000000d4d1d02000000000
449,0x00000000000,0x00000000000,0x000000000,0x1aba7a44,0x00000000,0,0,000000000000000000000000000000d5d3d22000000000
450,0x00000000000,0x00000000000,0x02140196b,0x00000000,0x00000000,0,0,0000000000000000000000850065ac0000000000000000
451,0x000000781a3,0x0000000e3be,0x000000000,0x00000000,0x00000000,0,0,000001e068c000000e3be0000000000000000000000000
452,0x000000791a7,0x00000000000,0x000000000,0x00000000,0x00000000,0,0,000001e469c00000000000000000000000000000000000
453,0x0000007a1ab,0x00000000000,0x000000000,0x1fbf9f62,0x00000000,0,0,000001e86ac0000000000000000000fdfcfb1000000000
454,0x0000007b1af,0x00000000000,0x022e01a2b,0x016100e2,0x00000000,0,0,000001ec6bc000000000008b8068ac0b08071000000000
455,0x00000000000,0x00000000000,0x03c000d0c,0x00000000,0x00000000,0,0,0000000000000000000000f00034300000000000000000
456,0x00000000000,0x00000000000,0x03c200d2c,0x1adaba84,0x00000000,0,0,0000000000000000000000f08034b0d6d5d42000000000
457,0x00000000000,0x00000000000,0x03c400d4c,0x00000000,0x00000000,0,0,0000000000000000000000f10035300000000000000000
458,0x00000000000,0x00000000000,0x023001a6b,0x00000000,0x00000000,0,0,00000000000000000000008c0069ac0000000000000000
459,0x00000000000,0x00000000000,0x000000000,0x00000000,0x00000000,0,0,0000000000000000000000000000000000000000000000
460,0x00000000000,0x00000000000,0x03c600d6c,0x00000000,0x5fdfa009,0,0,0000000000000000000000f18035b000000005fdfa0090
461,0x00000000000,0x00000000000,0x000000000,0x00000000,0x00000000,0,0,0000000000000000000000000000000000000000000000
462,0x00000000000,0x00000000000,0x023201aab,0x01814122,0x00000000,0,0,00000000000000000000008c806aac0c0a091000000000
463,0x00000000000,0x00000000000,0x000000000,0x00000000,0x00000000,0,0,0000000000000000000000000000000000000000000000
464,0x00000000000,0x00000000000,0x000000000,0x1c9c3c04,0x00000000,0,0,000000000000000000000000000000e4e1e02000000000
465,0x00000000000,0x00000000000,0x000000000,0x00000000,0x00000000,0,0,0000000000000000000000000000000000000000000000
466,0x00000000000,0x00000000000,0x023401aeb,0x00000000,0x00000000,0,0,00000000000000000000008d006bac0000000000000000
467,0x00000000000,0x00000000000,0x05c04db43,0x00000000,0x00000000,0,0,000000000000000000000170136d0c0000000000000000
468,0x00000000000,0x00000000000,0x05c44db63,0x00000000,0x00000000,0,0,000000000000000000000171136d8c0000000000000000
469,0x00000000000,0x00000000000,0x05d06dc83,0x01a18162,0x00000000,0,0,0000000000000000000001741b720c0d0c0b1000000000
470,0x00000000000,0x00000000000,0x024e01bab,0x036302e2,0x00000000,0,0,000000000000000000000093806eac1b18171000000000
471,0x00000000000,0x00000000000,0x05d46dca3,0x00000000,0x00000000,0,0,0000000000000000000001751b728c0000000000000000
472,0x00000000000,0x00000000000,0x05d86dcc3,0x00000000,0x00000000,0,0,0000000000000000000001761b730c0000000000000000
473,0x00000000000,0x00000000000,0x05dc6dce3,0x00000000,0x00000000,0,0,0000000000000000000001771b738c0000000000000000
474,0x00000000000,0x00000000000,0x025001beb,0x1cbc7c44,0x5c3c1041,0,0,000000000000000000000094006face5e3e225c3c10410
475,0x00000000000,0x00000000000,0x05e88de03,0x00000000,0x00000000,0,0,00000000000000000000017a23780c0000000000000000
476,0x00000000000,0x00000000000,0x05ec8de23,0x00000000,0x41c1a009,0,0,00000000000000000000017b23788c000000041c1a0090
477,0x00000000000,0x00000000000,0x05f08de43,0x00000000,0x00000000,0,0,00000000000000000000017c23790c0000000000000000
478,0x00000000000,0x00000000000,0x000000000,0x03834322,0x5c7c5041,0,0,0000000000000000000000000000001c1a1915c7c50410
479,0x00000000000,0x00000000000,0x05f48de63,0x00000000,0x00000000,0,0,00000000000000000000017d23798c0000000000000000
480,0x00000000000,0x00000000000,0x0400adf83,0x00000000,0x00000000,0,0,0000000000000000000001002b7e0c0000000000000000
481,0x00000000000,0x00000000000,0x0404adfa3,0x1cdcbc84,0x00000000,0,0,0000000000000000000001012b7e8ce6e5e42000000000
482,0x00000000000,0x00000000000,0x000000000,0x1fffdec2,0x5d3d1041,0,0,000000000000000000000000000000fffef615d3d10410
483,0x00000000000,0x00000000000,0x000000000,0x00000000,0x00000000,0,0,0000000000000000000000000000000000000000000000
484,0x00000000000,0x00000000000,0x000000000,0x00000000,0x00000000,0,0,0000000000000000000000000000000000000000000000
485,0x00000000000,0x00000000000,0x000000000,0x03a38362,0x00000000,0,0,0000000000000000000000000000001d1c1b1000000000
486,0x00000000000,0x00000000000,0x000000000,0x056504e2,0x5d7d5041,0,0,0000000000000000000000000000002b282715d7d50410
487,0x00000000000,0x00000000000,0x000000000,0x00000000,0x00000000,0,0,0000000000000000000000000000000000000000000000
488,0x00000000000,0x00000000000,0x000000000,0x00000000,0x00000000,0,0,0000000000000000000000000000000000000000000000
489,0x00000000000,0x00000000000,0x000000000,0x00000000,0x00000000,0,0,0000000000000000000000000000000000000000000000
490,0x0000007c1d3,0x0000000f3fe,0x000000000,0x00000000,0x5dbd9041,0,0,000001f074c000000f3fe00000000000000005dbd90410
491,0x0000007d1d7,0x00000000000,0x000000000,0x00000000,0x00000000,0,0,000001f475c00000000000000000000000000000000000
492,0x0000007e1db,0x00000000000,0x000000000,0x00000000,0x43c3a009,0,0,000001f876c0000000000000000000000000043c3a0090
493,0x0000007f1df,0x00000000000,0x03e000e8c,0x00000000,0x00000000,0,0,000001fc77c00000000000f8003a300000000000000000
494,0x00000000000,0x00000000000,0x03e200eac,0x00000000,0x5dfdd041,0,0,0000000000000000000000f8803ab000000005dfdd0410
495,0x00000000000,0x00000000000,0x03e400ecc,0x00000000,0x00000000,0,0,0000000000000000000000f9003b300000000000000000
496,0x00000000000,0x00000000000,0x03e600eec,0x00000000,0x00000000,0,0,0000000000000000000000f9803bb00000000000000000
497,0x00000000000,0x00000000000,0x000000000,0x00000000,0x00000000,0,0,0000000000000000000000000000000000000000000000
498,0x00000000000,0x00000000000,0x000000000,0x01e1c0c2,0x5ebe9041,0,0,0000000000000000000000000000000f0e0615ebe90410
499,0x00000000000,0x00000000000,0x000000000,0x00000000,0x00000000,0,0,0000000000000000000000000000000000000000000000
500,0x00000000000,0x00000000000,0x000000000,0x00000000,0x00000000,0,0,0000000000000000000000000000000000000000000000
501,0x00000000000,0x00000000000,0x000000000,0x1e9e3e04,0x00000000,0,0,000000000000000000000000000000f4f1f02000000000
502,0x00000000000,0x00000000000,0x025201c2b,0x00000000,0x5efed041,0,0,0000000000000000000000948070ac00000005efed0410
503,0x00000000000,0x00000000000,0x000000000,0x1ebe7e44,0x00000000,0,0,000000000000000000000000000000f5f3f22000000000
504,0x00000000000,0x00000000000,0x000000000,0x00000000,0x00000000,0,0,0000000000000000000000000000000000000000000000
505,0x00000000000,0x00000000000,0x000000000,0x00000000,0x00000000,0,0,0000000000000000000000000000000000000000000000
506,0x00000080203,0x0000001003e,0x025401c6b,0x00000000,0x5f3f1041,0,0,0000020080c000001003e0950071ac00000005f3f10410
507,0x0000008220b,0x00000000000,0x000000000,0x00000000,0x00000000,0,0,0000020882c00000000000000000000000000000000000
508,0x00000081207,0x00000000000,0x000000000,0x00000000,0x00000000,0,0,0000020481c00000000000000000000000000000000000
509,0x0000008320f,0x00000000000,0x02000100c,0x00000000,0x00000000,0,0,0000020c83c00000000000800040300000000000000000
510,0x00000000000,0x00000000000,0x026e01d2b,0x1edebe84,0x5f7f5041,0,0,00000000000000000000009b8074acf6f5f425f7f50410
511,0x00000000000,0x00000000000,0x02020102c,0x00000000,0x00000000,0,0,0000000000000000000000808040b00000000000000000
512,0x00000000000,0x00000000000,0x02040104c,0x00000000,0x00000000,0,0,0000000000000000000000810041300000000000000000
513,0x00000000000,0x00000000000,0x02060106c,0x00000000,0x00000000,0,0,0000000000000000000000818041b00000000000000000
514,0x00000000000,0x00000000000,0x027001d6b,0x00000000,0x40201041,0,0,00000000000000000000009c0075ac0000000402010410
515,0x00000000000,0x00000000000,0x000000000,0x03e3c2c2,0x00000000,0,0,0000000000000000000000000000001f1e161000000000
516,0x00000000000,0x00000000000,0x000000000,0x00000000,0x00000000,0,0,0000000000000000000000000000000000000000000000
517,0x00000000000,0x00000000000,0x000000000,0x00000000,0x00000000,0,0,0000000000000000000000000000000000000000000000
518,0x00000000000,0x00000000000,0x027201dab,0x05854522,0x40605041,0,0,00000000000000000000009c8076ac2c2a291406050410
519,0x00000000000,0x00000000000,0x000000000,0x00000000,0x00000000,0,0,0000000000000000000000000000000000000000000000
520,0x00000000000,0x00000000000,0x000000000,0x00802004,0x00000000,0,0,0000000000000000000000000000000401002000000000
521,0x00000000000,0x00000000000,0x000000000,0x00a06044,0x00000000,0,0,0000000000000000000000000000000503022000000000
522,0x00000000000,0x00000000000,0x027401deb,0x00000000,0x00000000,0,0,00000000000000000000009d0077ac0000000000000000
523,0x00000084233,0x0000001107e,0x000000000,0x00000000,0x00000000,0,0,000002108cc000001107e0000000000000000000000000
524,0x00000085237,0x00000000000,0x000000000,0x00000000,0x00000000,0,0,000002148dc00000000000000000000000000000000000
525,0x0000008623b,0x00000000000,0x000000000,0x05a58562,0x00000000,0,0,000002188ec00000000000000000002d2c2b1000000000
526,0x0000008723f,0x00000000000,0x028e01eab,0x076706e2,0x00000000,0,0,0000021c8fc00000000000a3807aac3b38371000000000
527,0x00000000000,0x00000000000,0x02200118c,0x00000000,0x00000000,0,0,0000000000000000000000880046300000000000000000
528,0x00000000000,0x00000000000,0x0222011ac,0x00c0a084,0x00000000,0,0,0000000000000000000000888046b00605042000000000
529,0x00000000000,0x00000000000,0x0224011cc,0x00000000,0x00000000,0,0,0000000000000000000000890047300000000000000000
530,0x00000000000,0x00000000000,0x029001eeb,0x00000000,0x00000000,0,0,0000000000000000000000a4007bac0000000000000000
531,0x00000000000,0x00000000000,0x000000000,0x00000000,0x00000000,0,0,0000000000000000000000000000000000000000000000
532,0x00000000000,0x00000000000,0x0226011ec,0x00000000,0x45c5a009,0,0,0000000000000000000000898047b0000000045c5a0090
533,0x00000000000,0x00000000000,0x000000000,0x00000000,0x00000000,0,0,0000000000000000000000000000000000000000000000
534,0x00000000000,0x00000000000,0x029201f2b,0x07874722,0x00000000,0,0,0000000000000000000000a4807cac3c3a391000000000
535,0x00000000000,0x00000000000,0x000000000,0x00000000,0x00000000,0,0,0000000000000000000000000000000000000000000000
536,0x00000000000,0x00000000000,0x000000000,0x02822204,0x00000000,0,0,0000000000000000000000000000001411102000000000
537,0x00000000000,0x00000000000,0x000000000,0x00000000,0x00000000,0,0,0000000000000000000000000000000000000000000000
538,0x00000000000,0x00000000000,0x029401f6b,0x00000000,0x00000000,0,0,0000000000000000000000a5007dac0000000000000000
539,0x00000000000,0x00000000000,0x0408adfc3,0x00000000,0x00000000,0,0,0000000000000000000001022b7f0c0000000000000000
540,0x00000000000,0x00000000000,0x040cadfe3,0x00000000,0x00000000,0,0,0000000000000000000001032b7f8c0000000000000000
541,0x00000000000,0x00000000000,0x0418cc103,0x07a78762,0x00000000,0,0,00000000000000000000010633040c3d3c3b1000000000
542,0x00000000000,0x00000000000,0x02ae0002b,0x096908e2,0x00000000,0,0,0000000000000000000000ab8000ac4b48471000000000
543,0x00000000000,0x00000000000,0x041ccc123,0x00000000,0x00000000,0,0,00000000000000000000010733048c0000000000000000
544,0x00000000000,0x00000000000,0x0420cc143,0x00000000,0x00000000,0,0,00000000000000000000010833050c0000000000000000
545,0x00000000000,0x00000000000,0x0424cc163,0x00000000,0x00000000,0,0,00000000000000000000010933058c0000000000000000
546,0x00000000000,0x00000000000,0x02b00006b,0x02a26244,0x40a09041,0,0,0000000000000000000000ac0001ac151312240a090410
547,0x00000000000,0x00000000000,0x0430ec283,0x00000000,0x00000000,0,0,00000000000000000000010c3b0a0c0000000000000000
548,0x00000000000,0x00000000000,0x0434ec2a3,0x00000000,0x47c7a009,0,0,00000000000000000000010d3b0a8c000000047c7a0090
549,0x00000000000,0x00000000000,0x0438ec2c3,0x00000000,0x00000000,0,0,00000000000000000000010e3b0b0c0000000000000000
550,0x00000000000,0x00000000000,0x000000000,0x09894922,0x40e0d041,0,0,0000000000000000000000000000004c4a49140e0d0410
551,0x00000000000,0x00000000000,0x043cec2e3,0x00000000,0x00000000,0,0,00000000000000000000010f3b0b8c0000000000000000
552,0x00000000000,0x00000000000,0x04490c403,0x00000000,0x00000000,0,0,00000000000000000000011243100c0000000000000000
553,0x00000000000,0x00000000000,0x044d0c423,0x02c2a284,0x00000000,0,0,00000000000000000000011343108c1615142000000000
554,0x00000000000,0x00000000000,0x000000000,0x05e5c4c2,0x41a19041,0,0,0000000000000000000000000000002f2e26141a190410
555,0x00000000000,0x00000000000,0x000000000,0x00000000,0x00000000,0,0,0000000000000000000000000000000000000000000000
556,0x00000000000,0x00000000000,0x000000000,0x00000000,0x00000000,0,0,0000000000000000000000000000000000000000000000
557,0x00000000000,0x00000000000,0x000000000,0x09a98962,0x00000000,0,0,0000000000000000000000000000004d4c4b1000000000
558,0x00000000000,0x00000000000,0x000000000,0x0b6b0ae2,0x41e1d041,0,0,0000000000000000000000000000005b5857141e1d0410
559,0x00000000000,0x00000000000,0x000000000,0x00000000,0x00000000,0,0,0000000000000000000000000000000000000000000000
560,0x00000000000,0x00000000000,0x000000000,0x00000000,0x00000000,0,0,0000000000000000000000000000000000000000000000
561,0x00000000000,0x00000000000,0x000000000,0x00000000,0x00000000,0,0,0000000000000000000000000000000000000000000000
562,0x00000088263,0x000000120be,0x000000000,0x00000000,0x42221041,0,0,0000022098c00000120be0000000000000000422210410
563,0x00000089267,0x00000000000,0x000000000,0x00000000,0x00000000,0,0,0000022499c00000000000000000000000000000000000
564,0x0000008a26b,0x00000000000,0x000000000,0x00000000,0x49c9a009,0,0,000002289ac0000000000000000000000000049c9a0090
565,0x0000008b26f,0x00000000000,0x02400130c,0x00000000,0x00000000,0,0,0000022c9bc0000000000090004c300000000000000000
566,0x00000000000,0x00000000000,0x02420132c,0x00000000,0x42625041,0,0,000000000000000000000090804cb00000000426250410
567,0x00000000000,0x00000000000,0x02440134c,0x00000000,0x00000000,0,0,000000000000000000000091004d300000000000000000
568,0x00000000000,0x00000000000,0x02460136c,0x00000000,0x00000000,0,0,000000000000000000000091804db00000000000000000
569,0x00000000000,0x00000000000,0x000000000,0x00000000,0x00000000,0,0,0000000000000000000000000000000000000000000000
570,0x00000000000,0x00000000000,0x000000000,0x07e7c6c2,0x43231041,0,0,0000000000000000000000000000003f3e361432310410
571,0x00000000000,0x00000000000,0x000000000,0x00000000,0x00000000,0,0,0000000000000000000000000000000000000000000000
572,0x00000000000,0x00000000000,0x000000000,0x00000000,0x00000000,0,0,0000000000000000000000000000000000000000000000
573,0x00000000000,0x00000000000,0x000000000,0x04842404,0x00000000,0,0,0000000000000000000000000000002421202000000000
574,0x00000000000,0x00000000000,0x02b2000ab,0x00000000,0x43635041,0,0,0000000000000000000000ac8002ac0000000436350410
575,0x00000000000,0x00000000000,0x000000000,0x04a46444,0x00000000,0,0,0000000000000000000000000000002523222000000000
576,0x00000000000,0x00000000000,0x000000000,0x00000000,0x00000000,0,0,0000000000000000000000000000000000000000000000
577,0x00000000000,0x00000000000,0x000000000,0x00000000,0x00000000,0,0,0000000000000000000000000000000000000000000000
578,0x0000008c293,0x000000130fe,0x02b4000eb,0x00000000,0x43a39041,0,0,00000230a4c00000130fe0ad0003ac000000043a390410
579,0x0000008e29b,0x00000000000,0x000000000,0x00000000,0x00000000,0,0,00000238a6c00000000000000000000000000000000000
580,0x0000008d297,0x00000000000,0x000000000,0x00000000,0x00000000,0,0,00000234a5c00000000000000000000000000000000000
581,0x0000008f29f,0x00000000000,0x02600148c,0x00000000,0x00000000,0,0,0000023ca7c00000000000980052300000000000000000
582,0x00000000000,0x00000000000,0x02ce001ab,0x04c4a484,0x43e3d041,0,0,0000000000000000000000b38006ac262524243e3d0410
583,0x00000000000,0x00000000000,0x0262014ac,0x00000000,0x00000000,0,0,0000000000000000000000988052b00000000000000000
584,0x00000000000,0x00000000000,0x0264014cc,0x00000000,0x00000000,0,0,0000000000000000000000990053300000000000000000
585,0x00000000000,0x00000000000,0x0266014ec,0x00000000,0x00000000,0,0,0000000000000000000000998053b00000000000000000
586,0x00000000000,0x00000000000,0x02d0001eb,0x00000000,0x44a49041,0,0,0000000000000000000000b40007ac000000044a490410
587,0x00000000000,0x00000000000,0x000000000,0x09e9c8c2,0x00000000,0,0,0000000000000000000000000000004f4e461000000000
588,0x00000000000,0x00000000000,0x000000000,0x00000000,0x00000000,0,0,0000000000000000000000000000000000000000000000
589,0x00000000000,0x00000000000,0x000000000,0x00000000,0x00000000,0,0,0000000000000000000000000000000000000000000000
590,0x00000000000,0x00000000000,0x02d20022b,0x0b8b4b22,0x44e4d041,0,0,0000000000000000000000b48008ac5c5a59144e4d0410
591,0x00000000000,0x00000000000,0x000000000,0x00000000,0x00000000,0,0,0000000000000000000000000000000000000000000000
592,0x00000000000,0x00000000000,0x000000000,0x06862604,0x00000000,0,0,0000000000000000000000000000003431302000000000
593,0x00000000000,0x00000000000,0x000000000,0x06a66644,0x00000000,0,0,0000000000000000000000000000003533322000000000
594,0x00000000000,0x00000000000,0x02d40026b,0x00000000,0x00000000,0,0,0000000000000000000000b50009ac0000000000000000
595,0x000000902c3,0x0000001413e,0x000000000,0x00000000,0x00000000,0,0,00000240b0c000001413e0000000000000000000000000
596,0x000000912c7,0x00000000000,0x000000000,0x00000000,0x00000000,0,0,00000244b1c00000000000000000000000000000000000
597,0x000000922cb,0x00000000000,0x000000000,0x0bab8b62,0x00000000,0,0,00000248b2c00000000000000000005d5c5b1000000000
598,0x000000932cf,0x00000000000,0x02ee0032b,0x0d6d0ce2,0x00000000,0,0,0000024cb3c00000000000bb800cac6b68671000000000
599,0x00000000000,0x00000000000,0x02800160c,0x00000000,0x00000000,0,0,0000000000000000000000a00058300000000000000000
600,0x00000000000,0x00000000000,0x02820162c,0x06c6a684,0x00000000,0,0,0000000000000000000000a08058b03635342000000000
601,0x00000000000,0x00000000000,0x02840164c,0x00000000,0x00000000,0,0,0000000000000000000000a10059300000000000000000
602,0x00000000000,0x00000000000,0x02f00036b,0x00000000,0x00000000,0,0,0000000000000000000000bc000dac0000000000000000
603,0x00000000000,0x00000000000,0x000000000,0x00000000,0x00000000,0,0,0000000000000000000000000000000000000000000000
604,0x00000000000,0x00000000000,0x02860166c,0x00000000,0x4bcba009,0,0,0000000000000000000000a18059b000000004bcba0090
605,0x00000000000,0x00000000000,0x000000000,0x00000000,0x00000000,0,0,0000000000000000000000000000000000000000000000
606,0x00000000000,0x00000000000,0x02f2003ab,0x0d8d4d22,0x00000000,0,0,0000000000000000000000bc800eac6c6a691000000000
607,0x00000000000,0x00000000000,0x000000000,0x00000000,0x00000000,0,0,0000000000000000000000000000000000000000000000
608,0x00000000000,0x00000000000,0x000000000,0x08882804,0x00000000,0,0,0000000000000000000000000000004441402000000000
609,0x00000000000,0x00000000000,0x000000000,0x00000000,0x00000000,0,0,0000000000000000000000000000000000000000000000
610,0x00000000000,0x00000000000,0x02f4003eb,0x00000000,0x00000000,0,0,0000000000000000000000bd000fac0000000000000000
611,0x00000000000,0x00000000000,0x04510c443,0x00000000,0x00000000,0,0,00000000000000000000011443110c0000000000000000
612,0x00000000000,0x00000000000,0x04550c463,0x00000000,0x00000000,0,0,00000000000000000000011543118c0000000000000000
613,0x00000000000,0x00000000000,0x04612c583,0x0dad8d62,0x00000000,0,0,0000000000000000000001184b160c6d6c6b1000000000
614,0x00000000000,0x00000000000,0x030e004ab,0x0f6f0ee2,0x00000000,0,0,0000000000000000000000c38012ac7b78771000000000
615,0x00000000000,0x00000000000,0x04652c5a3,0x00000000,0x00000000,0,0,0000000000000000000001194b168c0000000000000000
616,0x00000000000,0x00000000000,0x04692c5c3,0x00000000,0x00000000,0,0,00000000000000000000011a4b170c0000000000000000
617,0x00000000000,0x00000000000,0x046d2c5e3,0x00000000,0x00000000,0,0,00000000000000000000011b4b178c0000000000000000
618,0x00000000000,0x00000000000,0x0310004eb,0x08a86844,0x45251041,0,0,0000000000000000000000c40013ac4543422452510410
619,0x00000000000,0x00000000000,0x04794c703,0x00000000,0x00000000,0,0,00000000000000000000011e531c0c0000000000000000
620,0x00000000000,0x00000000000,0x047d4c723,0x00000000,0x4dcda009,0,0,00000000000000000000011f531c8c00000004dcda0090
621,0x00000000000,0x00000000000,0x04814c743,0x00000000,0x00000000,0,0,000000000000000000000120531d0c0000000000000000
622,0x00000000000,0x00000000000,0x000000000,0x0f8f4f22,0x45655041,0,0,0000000000000000000000000000007c7a791456550410
623,0x00000000000,0x00000000000,0x04854c763,0x00000000,0x00000000,0,0,000000000000000000000121531d8c0000000000000000
624,0x00000000000,0x00000000000,0x04916c883,0x00000000,0x00000000,0,0,0000000000000000000001245b220c0000000000000000
625,0x00000000000,0x00000000000,0x04956c8a3,0x08c8a884,0x00000000,0,0,0000000000000000000001255b228c4645442000000000
626,0x00000000000,0x00000000000,0x000000000,0x0bebcac2,0x46261041,0,0,0000000000000000000000000000005f5e561462610410
627,0x00000000000,0x00000000000,0x000000000,0x00000000,0x00000000,0,0,0000000000000000000000000000000000000000000000
628,0x00000000000,0x00000000000,0x000000000,0x00000000,0x00000000,0,0,0000000000000000000000000000000000000000000000
629,0x00000000000,0x00000000000,0x000000000,0x0faf8f62,0x00000000,0,0,0000000000000000000000000000007d7c7b1000000000
630,0x00000000000,0x00000000000,0x000000000,0x117110e2,0x46665041,0,0,0000000000000000000000000000008b88871466650410
631,0x00000000000,0x00000000000,0x000000000,0x00000000,0x00000000,0,0,0000000000000000000000000000000000000000000000
632,0x00000000000,0x00000000000,0x000000000,0x00000000,0x00000000,0,0,0000000000000000000000000000000000000000000000
633,0x00000000000,0x00000000000,0x000000000,0x00000000,0x00000000,0,0,0000000000000000000000000000000000000000000000
634,0x000000942f3,0x0000001517e,0x000000000,0x00000000,0x46a69041,0,0,00000250bcc000001517e000000000000000046a690410
635,0x000000952f7,0x00000000000,0x000000000,0x00000000,0x00000000,0,0,00000254bdc00000000000000000000000000000000000
636,0x000000962fb,0x00000000000,0x000000000,0x00000000,0x4fcfa009,0,0,00000258bec000000000000000000000000004fcfa0090
637,0x000000972ff,0x00000000000,0x02a00178c,0x00000000,0x00000000,0,0,0000025cbfc00000000000a8005e300000000000000000
638,0x00000000000,0x00000000000,0x02a2017ac,0x00000000,0x46e6d041,0,0,0000000000000000000000a8805eb0000000046e6d0410
639,0x00000000000,0x00000000000,0x02a4017cc,0x00000000,0x00000000,0,0,0000000000000000000000a9005f300000000000000000
640,0x00000000000,0x00000000000,0x02a6017ec,0x00000000,0x00000000,0,0,0000000000000000000000a9805fb00000000000000000
641,0x00000000000,0x00000000000,0x000000000,0x00000000,0x00000000,0,0,0000000000000000000000000000000000000000000000
642,0x00000000000,0x00000000000,0x000000000,0x0dedccc2,0x47a79041,0,0,0000000000000000000000000000006f6e66147a790410
643,0x00000000000,0x00000000000,0x000000000,0x00000000,0x00000000,0,0,0000000000000000000000000000000000000000000000
644,0x00000000000,0x00000000000,0x000000000,0x00000000,0x00000000,0,0,0000000000000000000000000000000000000000000000
645,0x00000000000,0x00000000000,0x000000000,0x0a8a2a04,0x00000000,0,0,0000000000000000000000000000005451502000000000
646,0x00000000000,0x00000000000,0x03120052b,0x00000000,0x47e7d041,0,0,0000000000000000000000c48014ac000000047e7d0410
647,0x00000000000,0x00000000000,0x000000000,0x0aaa6a44,0x00000000,0,0,0000000000000000000000000000005553522000000000
648,0x00000000000,0x00000000000,0x000000000,0x00000000,0x00000000,0,0,0000000000000000000000000000000000000000000000
649,0x00000000000,0x00000000000,0x000000000,0x00000000,0x00000000,0,0,0000000000000000000000000000000000000000000000
650,0x00000098323,0x000000161be,0x03140056b,0x00000000,0x48281041,0,0,00000260c8c00000161be0c50015ac0000000482810410
651,0x0000009a32b,0x00000000000,0x000000000,0x00000000,0x00000000,0,0,00000268cac00000000000000000000000000000000000
652,0x00000099327,0x00000000000,0x000000000,0x00000000,0x00000000,0,0,00000264c9c00000000000000000000000000000000000
653,0x0000009b32f,0x00000000000,0x02c00190c,0x00000000,0x00000000,0,0,0000026ccbc00000000000b00064300000000000000000
654,0x00000000000,0x00000000000,0x032e0062b,0x0acaaa84,0x48685041,0,0,0000000000000000000000cb8018ac5655542486850410
655,0x00000000000,0x00000000000,0x02c20192c,0x00000000,0x00000000,0,0,0000000000000000000000b08064b00000000000000000
656,0x00000000000,0x00000000000,0x02c40194c,0x00000000,0x00000000,0,0,0000000000000000000000b10065300000000000000000
657,0x00000000000,0x00000000000,0x02c60196c,0x00000000,0x00000000,0,0,0000000000000000000000b18065b00000000000000000
658,0x00000000000,0x00000000000,0x03300066b,0x00000000,0x49291041,0,0,0000000000000000000000cc0019ac0000000492910410
659,0x00000000000,0x00000000000,0x000000000,0x0fefcec2,0x00000000,0,0,0000000000000000000000000000007f7e761000000000
660,0x00000000000,0x00000000000,0x000000000,0x00000000,0x00000000,0,0,0000000000000000000000000000000000000000000000
661,0x00000000000,0x00000000000,0x000000000,0x00000000,0x00000000,0,0,0000000000000000000000000000000000000000000000
662,0x00000000000,0x00000000000,0x0332006ab,0x11915122,0x49695041,0,0,0000000000000000000000cc801aac8c8a891496950410
663,0x00000000000,0x00000000000,0x000000000,0x00000000,0x00000000,0,0,0000000000000000000000000000000000000000000000
664,0x00000000000,0x00000000000,0x000000000,0x0c8c2c04,0x00000000,0,0,0000000000000000000000000000006461602000000000
665,0x00000000000,0x00000000000,0x000000000,0x0cac6c44,0x00000000,0,0,0000000000000000000000000000006563622000000000
666,0x00000000000,0x00000000000,0x0334006eb,0x00000000,0x00000000,0,0,0000000000000000000000cd001bac0000000000000000
667,0x0000009c353,0x000000171fe,0x000000000,0x00000000,0x00000000,0,0,00000270d4c00000171fe0000000000000000000000000
668,0x0000009d357,0x00000000000,0x000000000,0x00000000,0x00000000,0,0,00000274d5c00000000000000000000000000000000000
669,0x0000009e35b,0x00000000000,0x000000000,0x11b19162,0x00000000,0,0,00000278d6c00000000000000000008d8c8b1000000000
670,0x0000009f35f,0x00000000000,0x034e007ab,0x137312e2,0x00000000,0,0,0000027cd7c00000000000d3801eac9b98971000000000
671,0x00000000000,0x00000000000,0x02e001a8c,0x00000000,0x00000000,0,0,0000000000000000000000b8006a300000000000000000
672,0x00000000000,0x00000000000,0x02e201aac,0x0cccac84,0x00000000,0,0,0000000000000000000000b8806ab06665642000000000
673,0x00000000000,0x00000000000,0x02e401acc,0x00000000,0x00000000,0,0,0000000000000000000000b9006b300000000000000000
674,0x00000000000,0x00000000000,0x0350007eb,0x00000000,0x00000000,0,0,0000000000000000000000d4001fac0000000000000000
675,0x00000000000,0x00000000000,0x000000000,0x00000000,0x00000000,0,0,0000000000000000000000000000000000000000000000
676,0x00000000000,0x00000000000,0x02e601aec,0x00000000,0x51d1a009,0,0,0000000000000000000000b9806bb0000000051d1a0090
677,0x00000000000,0x00000000000,0x000000000,0x00000000,0x00000000,0,0,0000000000000000000000000000000000000000000000
678,0x00000000000,0x00000000000,0x03520082b,0x13935322,0x00000000,0,0,0000000000000000000000d48020ac9c9a991000000000
679,0x00000000000,0x00000000000,0x000000000,0x00000000,0x00000000,0,0,0000000000000000000000000000000000000000000000
680,0x00000000000,0x00000000000,0x000000000,0x0e8e2e04,0x00000000,0,0,0000000000000000000000000000007471702000000000
681,0x00000000000,0x00000000000,0x000000000,0x00000000,0x00000000,0,0,0000000000000000000000000000000000000000000000
682,0x00000000000,0x00000000000,0x03540086b,0x00000000,0x00000000,0,0,0000000000000000000000d50021ac0000000000000000
683,0x00000000000,0x00000000000,0x04996c8c3,0x00000000,0x00000000,0,0,0000000000000000000001265b230c0000000000000000
684,0x00000000000,0x00000000000,0x049d6c8e3,0x00000000,0x00000000,0,0,0000000000000000000001275b238c0000000000000000
685,0x00000000000,0x00000000000,0x04a98ca03,0x13b39362,0x00000000,0,0,00000000000000000000012a63280c9d9c9b1000000000
686,0x00000000000,0x00000000000,0x036e0092b,0x157514e2,0x00000000,0,0,0000000000000000000000db8024acaba8a71000000000
687,0x00000000000,0x00000000000,0x04ad8ca23,0x00000000,0x00000000,0,0,00000000000000000000012b63288c0000000000000000
688,0x00000000000,0x00000000000,0x04b18ca43,0x00000000,0x00000000,0,0,00000000000000000000012c63290c0000000000000000
689,0x00000000000,0x00000000000,0x04b58ca63,0x00000000,0x00000000,0,0,00000000000000000000012d63298c0000000000000000
690,0x00000000000,0x00000000000,0x03700096b,0x0eae6e44,0x49a99041,0,0,0000000000000000000000dc0025ac757372249a990410
691,0x00000000000,0x00000000000,0x04c1acb83,0x00000000,0x00000000,0,0,0000000000000000000001306b2e0c0000000000000000
692,0x00000000000,0x00000000000,0x04c5acba3,0x00000000,0x53d3a009,0,0,0000000000000000000001316b2e8c000000053d3a0090
693,0x00000000000,0x00000000000,0x04c9acbc3,0x00000000,0x00000000,0,0,0000000000000000000001326b2f0c0000000000000000
694,0x00000000000,0x00000000000,0x000000000,0x15955522,0x49e9d041,0,0,000000000000000000000000000000acaaa9149e9d0410
695,0x00000000000,0x00000000000,0x04cdacbe3,0x00000000,0x00000000,0,0,0000000000000000000001336b2f8c0000000000000000
696,0x00000000000,0x00000000000,0x04d9ccd03,0x00000000,0x00000000,0,0,00000000000000000000013673340c0000000000000000
697,0x00000000000,0x00000000000,0x04ddccd23,0x0eceae84,0x00000000,0,0,00000000000000000000013773348c7675742000000000
698,0x00000000000,0x00000000000,0x000000000,0x11f1d0c2,0x4aaa9041,0,0,0000000000000000000000000000008f8e8614aaa90410
699,0x00000000000,0x00000000000,0x000000000,0x00000000,0x00000000,0,0,0000000000000000000000000000000000000000000000
700,0x00000000000,0x00000000000,0x000000000,0x00000000,0x00000000,0,0,0000000000000000000000000000000000000000000000
701,0x00000000000,0x00000000000,0x000000000,0x15b59562,0x00000000,0,0,000000000000000000000000000000adacab1000000000
702,0x00000000000,0x00000000000,0x000000000,0x177716e2,0x4aead041,0,0,000000000000000000000000000000bbb8b714aead0410
703,0x00000000000,0x00000000000,0x000000000,0x00000000,0x00000000,0,0,0000000000000000000000000000000000000000000000
704,0x00000000000,0x00000000000,0x000000000,0x00000000,0x00000000,0,0,0000000000000000000000000000000000000000000000
705,0x00000000000,0x00000000000,0x000000000,0x00000000,0x00000000,0,0,0000000000000000000000000000000000000000000000
706,0x000000a0383,0x0000001823e,0x000000000,0x00000000,0x4b2b1041,0,0,00000280e0c000001823e00000000000000004b2b10410
707,0x000000a1387,0x00000000000,0x000000000,0x00000000,0x00000000,0,0,00000284e1c00000000000000000000000000000000000
708,0x000000a238b,0x00000000000,0x000000000,0x00000000,0x55d5a009,0,0,00000288e2c0000000000000000000000000055d5a0090
709,0x000000a338f,0x00000000000,0x030001c0c,0x00000000,0x00000000,0,0,0000028ce3c00000000000c00070300000000000000000
710,0x00000000000,0x00000000000,0x030201c2c,0x00000000,0x4b6b5041,0,0,0000000000000000000000c08070b000000004b6b50410
711,0x00000000000,0x00000000000,0x030401c4c,0x00000000,0x00000000,0,0,0000000000000000000000c10071300000000000000000
712,0x00000000000,0x00000000000,0x030601c6c,0x00000000,0x00000000,0,0,0000000000000000000000c18071b00000000000000000
713,0x00000000000,0x00000000000,0x000000000,0x00000000,0x00000000,0,0,0000000000000000000000000000000000000000000000
714,0x00000000000,0x00000000000,0x000000000,0x13f3d2c2,0x4c2c1041,0,0,0000000000000000000000000000009f9e9614c2c10410
715,0x00000000000,0x00000000000,0x000000000,0x00000000,0x00000000,0,0,0000000000000000000000000000000000000000000000
716,0x00000000000,0x00000000000,0x000000000,0x00000000,0x00000000,0,0,0000000000000000000000000000000000000000000000
717,0x00000000000,0x00000000000,0x000000000,0x10903004,0x00000000,0,0,0000000000000000000000000000008481802000000000
718,0x00000000000,0x00000000000,0x0372009ab,0x00000000,0x4c6c5041,0,0,0000000000000000000000dc8026ac00000004c6c50410
719,0x00000000000,0x00000000000,0x000000000,0x10b07044,0x00000000,0,0,0000000000000000000000000000008583822000000000
720,0x00000000000,0x00000000000,0x000000000,0x00000000,0x00000000,0,0,0000000000000000000000000000000000000000000000
721,0x00000000000,0x00000000000,0x000000000,0x00000000,0x00000000,0,0,0000000000000000000000000000000000000000000000
722,0x000000a43b3,0x0000001927e,0x0374009eb,0x00000000,0x4cac9041,0,0,00000290ecc000001927e0dd0027ac00000004cac90410
723,0x000000a63bb,0x00000000000,0x000000000,0x00000000,0x00000000,0,0,00000298eec00000000000000000000000000000000000
724,0x000000a53b7,0x00000000000,0x000000000,0x00000000,0x00000000,0,0,00000294edc00000000000000000000000000000000000
725,0x000000a73bf,0x00000000000,0x032001d8c,0x00000000,0x00000000,0,0,0000029cefc00000000000c80076300000000000000000
726,0x00000000000,0x00000000000,0x038e00aab,0x10d0b084,0x4cecd041,0,0,0000000000000000000000e3802aac86858424cecd0410
727,0x00000000000,0x00000000000,0x032201dac,0x00000000,0x00000000,0,0,0000000000000000000000c88076b00000000000000000
728,0x00000000000,0x00000000000,0x032401dcc,0x00000000,0x00000000,0,0,0000000000000000000000c90077300000000000000000
729,0x00000000000,0x00000000000,0x032601dec,0x00000000,0x00000000,0,0,0000000000000000000000c98077b00000000000000000
730,0x00000000000,0x00000000000,0x039000aeb,0x00000000,0x4dad9041,0,0,0000000000000000000000e4002bac00000004dad90410
731,0x00000000000,0x00000000000,0x000000000,0x15f5d4c2,0x00000000,0,0,000000000000000000000000000000afaea61000000000
732,0x00000000000,0x00000000000,0x000000000,0x00000000,0x00000000,0,0,0000000000000000000000000000000000000000000000
733,0x00000000000,0x00000000000,0x000000000,0x00000000,0x00000000,0,0,0000000000000000000000000000000000000000000000
734,0x00000000000,0x00000000000,0x039200b2b,0x17975722,0x4dedd041,0,0,0000000000000000000000e4802cacbcbab914dedd0410
735,0x00000000000,0x00000000000,0x000000000,0x00000000,0x00000000,0,0,0000000000000000000000000000000000000000000000
736,0x00000000000,0x00000000000,0x000000000,0x12923204,0x00000000,0,0,0000000000000000000000000000009491902000000000
737,0x00000000000,0x00000000000,0x000000000,0x12b27244,0x00000000,0,0,0000000000000000000000000000009593922000000000
738,0x00000000000,0x00000000000,0x039400b6b,0x00000000,0x00000000,0,0,0000000000000000000000e5002dac0000000000000000
739,0x000000a83e3,0x0000001a2be,0x000000000,0x00000000,0x00000000,0,0,000002a0f8c000001a2be0000000000000000000000000
740,0x000000a93e7,0x00000000000,0x000000000,0x00000000,0x00000000,0,0,000002a4f9c00000000000000000000000000000000000
741,0x000000aa3eb,0x00000000000,0x000000000,0x17b79762,0x00000000,0,0,000002a8fac0000000000000000000bdbcbb1000000000
742,0x000000ab3ef,0x00000000000,0x03ae00c2b,0x197918e2,0x00000000,0,0,000002acfbc00000000000eb8030accbc8c71000000000
743,0x00000000000,0x00000000000,0x034001f0c,0x00000000,0x00000000,0,0,0000000000000000000000d0007c300000000000000000
744,0x00000000000,0x00000000000,0x034201f2c,0x12d2b284,0x00000000,0,0,0000000000000000000000d0807cb09695942000000000
745,0x00000000000,0x00000000000,0x034401f4c,0x00000000,0x00000000,0,0,0000000000000000000000d1007d300000000000000000
746,0x00000000000,0x00000000000,0x03b000c6b,0x00000000,0x00000000,0,0,0000000000000000000000ec0031ac0000000000000000
747,0x00000000000,0x00000000000,0x000000000,0x00000000,0x00000000,0,0,0000000000000000000000000000000000000000000000
748,0x00000000000,0x00000000000,0x034601f6c,0x00000000,0x57d7a009,0,0,0000000000000000000000d1807db0000000057d7a0090
749,0x00000000000,0x00000000000,0x000000000,0x00000000,0x00000000,0,0,0000000000000000000000000000000000000000000000
750,0x00000000000,0x00000000000,0x03b200cab,0x19995922,0x00000000,0,0,0000000000000000000000ec8032accccac91000000000
751,0x00000000000,0x00000000000,0x000000000,0x00000000,0x00000000,0,0,0000000000000000000000000000000000000000000000
752,0x00000000000,0x00000000000,0x000000000,0x14943404,0x00000000,0,0,000000000000000000000000000000a4a1a02000000000
753,0x00000000000,0x00000000000,0x000000000,0x00000000,0x00000000,0,0,0000000000000000000000000000000000000000000000
754,0x00000000000,0x00000000000,0x03b400ceb,0x00000000,0x00000000,0,0,0000000000000000000000ed0033ac0000000000000000
755,0x00000000000,0x00000000000,0x04e1ccd43,0x00000000,0x00000000,0,0,00000000000000000000013873350c0000000000000000
756,0x00000000000,0x00000000000,0x04e5ccd63,0x00000000,0x00000000,0,0,00000000000000000000013973358c0000000000000000
757,0x00000000000,0x00000000000,0x04f1ece83,0x19b99962,0x00000000,0,0,00000000000000000000013c7b3a0ccdcccb1000000000
758,0x00000000000,0x00000000000,0x03ce00dab,0x1b7b1ae2,0x00000000,0,0,0000000000000000000000f38036acdbd8d71000000000
759,0x00000000000,0x00000000000,0x04f5ecea3,0x00000000,0x00000000,0,0,00000000000000000000013d7b3a8c0000000000000000
760,0x00000000000,0x00000000000,0x04f9ecec3,0x00000000,0x00000000,0,0,00000000000000000000013e7b3b0c0000000000000000
761,0x00000000000,0x00000000000,0x04fdecee3,0x00000000,0x00000000,0,0,00000000000000000000013f7b3b8c0000000000000000
762,0x00000000000,0x00000000000,0x03d000deb,0x14b47444,0x4e2e1041,0,0,0000000000000000000000f40037aca5a3a224e2e10410
763,0x00000000000,0x00000000000,0x05080d003,0x00000000,0x00000000,0,0,00000000000000000000014203400c0000000000000000
764,0x00000000000,0x00000000000,0x050c0d023,0x00000000,0x59d9a009,0,0,00000000000000000000014303408c000000059d9a0090
765,0x00000000000,0x00000000000,0x05100d043,0x00000000,0x00000000,0,0,00000000000000000000014403410c0000000000000000
766,0x00000000000,0x00000000000,0x000000000,0x1b9b5b22,0x4e6e5041,0,0,000000000000000000000000000000dcdad914e6e50410
767,0x00000000000,0x00000000000,0x05140d063,0x00000000,0x00000000,0,0,00000000000000000000014503418c0000000000000000
768,0x00000000000,0x00000000000,0x05202d183,0x00000000,0x00000000,0,0,0000000000000000000001480b460c0000000000000000
769,0x00000000000,0x00000000000,0x05242d1a3,0x14d4b484,0x00000000,0,0,0000000000000000000001490b468ca6a5a42000000000
770,0x00000000000,0x00000000000,0x000000000,0x17f7d6c2,0x4f2f1041,0,0,000000000000000000000000000000bfbeb614f2f10410
771,0x00000000000,0x00000000000,0x000000000,0x00000000,0x00000000,0,0,0000000000000000000000000000000000000000000000
772,0x00000000000,0x00000000000,0x000000000,0x00000000,0x00000000,0,0,0000000000000000000000000000000000000000000000
773,0x00000000000,0x00000000000,0x000000000,0x1bbb9b62,0x00000000,0,0,000000000000000000000000000000dddcdb1000000000
774,0x00000000000,0x00000000000,0x000000000,0x1d7d1ce2,0x4f6f5041,0,0,000000000000000000000000000000ebe8e714f6f50410
775,0x00000000000,0x00000000000,0x000000000,0x00000000,0x00000000,0,0,0000000000000000000000000000000000000000000000
776,0x00000000000,0x00000000000,0x000000000,0x00000000,0x00000000,0,0,0000000000000000000000000000000000000000000000
777,0x00000000000,0x00000000000,0x000000000,0x00000000,0x00000000,0,0,0000000000000000000000000000000000000000000000
778,0x000000ac013,0x0000001b2fe,0x000000000,0x00000000,0x4faf9041,0,0,000002b004c000001b2fe00000000000000004faf90410
779,0x000000ad017,0x00000000000,0x000000000,0x00000000,0x00000000,0,0,000002b405c00000000000000000000000000000000000
780,0x000000ae01b,0x00000000000,0x000000000,0x00000000,0x5bdba009,0,0,000002b806c000000000000000000000000005bdba0090
781,0x000000af01f,0x00000000000,0x03600008c,0x00000000,0x00000000,0,0,000002bc07c00000000000d80002300000000000000000
782,0x00000000000,0x00000000000,0x0362000ac,0x00000000,0x4fefd041,0,0,0000000000000000000000d88002b000000004fefd0410
783,0x00000000000,0x00000000000,0x0364000cc,0x00000000,0x00000000,0,0,0000000000000000000000d90003300000000000000000
784,0x00000000000,0x00000000000,0x0366000ec,0x00000000,0x00000000,0,0,0000000000000000000000d98003b00000000000000000
785,0x00000000000,0x00000000000,0x000000000,0x00000000,0x00000000,0,0,0000000000000000000000000000000000000000000000
786,0x00000000000,0x00000000000,0x000000000,0x19f9d8c2,0x50b09041,0,0,000000000000000000000000000000cfcec6150b090410
787,0x00000000000,0x00000000000,0x000000000,0x00000000,0x00000000,0,0,0000000000000000000000000000000000000000000000
788,0x00000000000,0x00000000000,0x000000000,0x00000000,0x00000000,0,0,0000000000000000000000000000000000000000000000
789,0x00000000000,0x00000000000,0x000000000,0x16963604,0x00000000,0,0,000000000000000000000000000000b4b1b02000000000
790,0x00000000000,0x00000000000,0x03d200e2b,0x00000000,0x50f0d041,0,0,0000000000000000000000f48038ac000000050f0d0410
791,0x00000000000,0x00000000000,0x000000000,0x16b67644,0x00000000,0,0,000000000000000000000000000000b5b3b22000000000
792,0x00000000000,0x00000000000,0x000000000,0x00000000,0x00000000,0,0,0000000000000000000000000000000000000000000000
793,0x00000000000,0x00000000000,0x000000000,0x00000000,0x00000000,0,0,0000000000000000000000000000000000000000000000
794,0x000000b0043,0x0000001c33e,0x03d400e6b,0x00000000,0x51311041,0,0,000002c010c000001c33e0f50039ac0000000513110410
795,0x000000b204b,0x00000000000,0x000000000,0x00000000,0x00000000,0,0,000002c812c00000000000000000000000000000000000
796,0x000000b1047,0x00000000000,0x000000000,0x00000000,0x00000000,0,0,000002c411c00000000000000000000000000000000000
797,0x000000b304f,0x00000000000,0x03800020c,0x00000000,0x00000000,0,0,000002cc13c00000000000e00008300000000000000000
798,0x00000000000,0x00000000000,0x03ee00f2b,0x16d6b684,0x51715041,0,0,0000000000000000000000fb803cacb6b5b42517150410
799,0x00000000000,0x00000000000,0x03820022c,0x00000000,0x00000000,0,0,0000000000000000000000e08008b00000000000000000
800,0x00000000000,0x00000000000,0x03840024c,0x00000000,0x00000000,0,0,0000000000000000000000e10009300000000000000000
801,0x00000000000,0x00000000000,0x03860026c,0x00000000,0x00000000,0,0,0000000000000000000000e18009b00000000000000000
802,0x00000000000,0x00000000000,0x03f000f6b,0x00000000,0x52321041,0,0,0000000000000000000000fc003dac0000000523210410
803,0x00000000000,0x00000000000,0x000000000,0x1bfbdac2,0x00000000,0,0,000000000000000000000000000000dfded61000000000
804,0x00000000000,0x00000000000,0x000000000,0x00000000,0x00000000,0,0,0000000000000000000000000000000000000000000000
805,0x00000000000,0x00000000000,0x000000000,0x00000000,0x00000000,0,0,0000000000000000000000000000000000000000000000
806,0x00000000000,0x00000000000,0x03f200fab,0x1d9d5d22,0x52725041,0,0,0000000000000000000000fc803eaceceae91527250410
807,0x00000000000,0x00000000000,0x000000000,0x00000000,0x00000000,0,0,0000000000000000000000000000000000000000000000
808,0x00000000000,0x00000000000,0x000000000,0x18983804,0x00000000,0,0,000000000000000000000000000000c4c1c02000000000
809,0x00000000000,0x00000000000,0x000000000,0x18b87844,0x00000000,0,0,000000000000000000000000000000c5c3c22000000000
810,0x00000000000,0x00000000000,0x03f400feb,0x00000000,0x00000000,0,0,0000000000000000000000fd003fac0000000000000000
811,0x000000b4073,0x0000001d37e,0x000000000,0x00000000,0x00000000,0,0,000002d01cc000001d37e0000000000000000000000000
812,0x000000b5077,0x00000000000,0x000000000,0x00000000,0x00000000,0,0,000002d41dc00000000000000000000000000000000000
813,0x000000b607b,0x00000000000,0x000000000,0x1dbd9d62,0x00000000,0,0,000002d81ec0000000000000000000edeceb1000000000
814,0x000000b707f,0x00000000000,0x020e010ab,0x1f7f1ee2,0x00000000,0,0,000002dc1fc00000000000838042acfbf8f71000000000
815,0x00000000000,0x00000000000,0x03a00038c,0x00000000,0x00000000,0,0,0000000000000000000000e8000e300000000000000000
816,0x00000000000,0x00000000000,0x03a2003ac,0x18d8b884,0x00000000,0,0,0000000000000000000000e8800eb0c6c5c42000000000
817,0x00000000000,0x00000000000,0x03a4003cc,0x00000000,0x00000000,0,0,0000000000000000000000e9000f300000000000000000
818,0x00000000000,0x00000000000,0x0210010eb,0x00000000,0x00000000,0,0,0000000000000000000000840043ac0000000000000000
819,0x00000000000,0x00000000000,0x000000000,0x00000000,0x00000000,0,0,0000000000000000000000000000000000000000000000
820,0x00000000000,0x00000000000,0x03a6003ec,0x00000000,0x5ddda009,0,0,0000000000000000000000e9800fb000000005ddda0090
821,0x00000000000,0x00000000000,0x000000000,0x00000000,0x00000000,0,0,0000000000000000000000000000000000000000000000
822,0x00000000000,0x00000000000,0x02120112b,0x1f9f5f22,0x00000000,0,0,0000000000000000000000848044acfcfaf91000000000
823,0x00000000000,0x00000000000,0x000000000,0x00000000,0x00000000,0,0,0000000000000000000000000000000000000000000000
824,0x00000000000,0x00000000000,0x000000000,0x1a9a3a04,0x00000000,0,0,000000000000000000000000000000d4d1d02000000000
825,0x00000000000,0x00000000000,0x000000000,0x00000000,0x00000000,0,0,0000000000000000000000000000000000000000000000
826,0x00000000000,0x00000000000,0x02140116b,0x00000000,0x00000000,0,0,0000000000000000000000850045ac0000000000000000
827,0x00000000000,0x00000000000,0x05282d1c3,0x00000000,0x00000000,0,0,00000000000000000000014a0b470c0000000000000000
828,0x00000000000,0x00000000000,0x052c2d1e3,0x00000000,0x00000000,0,0,00000000000000000000014b0b478c0000000000000000
829,0x00000000000,0x00000000000,0x05384d303,0x1fbf9f62,0x00000000,0,0,00000000000000000000014e134c0cfdfcfb1000000000
830,0x00000000000,0x00000000000,0x022e0122b,0x016100e2,0x00000000,0,0,00000000000000000000008b8048ac0b08071000000000
831,0x00000000000,0x00000000000,0x053c4d323,0x00000000,0x00000000,0,0,00000000000000000000014f134c8c0000000000000000
832,0x00000000000,0x00000000000,0x05404d343,0x00000000,0x00000000,0,0,000000000000000000000150134d0c0000000000000000
833,0x00000000000,0x00000000000,0x05444d363,0x00000000,0x00000000,0,0,000000000000000000000151134d8c0000000000000000
834,0x00000000000,0x00000000000,0x02300126b,0x1aba7a44,0x52b29041,0,0,00000000000000000000008c0049acd5d3d2252b290410
835,0x00000000000,0x00000000000,0x05506d483,0x00000000,0x00000000,0,0,0000000000000000000001541b520c0000000000000000
836,0x00000000000,0x00000000000,0x05546d4a3,0x00000000,0x5fdfa009,0,0,0000000000000000000001551b528c00000005fdfa0090
837,0x00000000000,0x00000000000,0x05586d4c3,0x00000000,0x00000000,0,0,0000000000000000000001561b530c0000000000000000
838,0x00000000000,0x00000000000,0x000000000,0x01814122,0x52f2d041,0,0,0000000000000000000000000000000c0a09152f2d0410
839,0x00000000000,0x00000000000,0x055c6d4e3,0x00000000,0x00000000,0,0,0000000000000000000001571b538c0000000000000000
840,0x00000000000,0x00000000000,0x05688d603,0x00000000,0x00000000,0,0,00000000000000000000015a23580c0000000000000000
841,0x00000000000,0x00000000000,0x056c8d623,0x1adaba84,0x00000000,0,0,00000000000000000000015b23588cd6d5d42000000000
842,0x00000000000,0x00000000000,0x000000000,0x1dfddcc2,0x53b39041,0,0,000000000000000000000000000000efeee6153b390410
843,0x00000000000,0x00000000000,0x000000000,0x00000000,0x00000000,0,0,0000000000000000000000000000000000000000000000
844,0x00000000000,0x00000000000,0x000000000,0x00000000,0x00000000,0,0,0000000000000000000000000000000000000000000000
845,0x00000000000,0x00000000000,0x000000000,0x01a18162,0x00000000,0,0,0000000000000000000000000000000d0c0b1000000000
846,0x00000000000,0x00000000000,0x000000000,0x036302e2,0x53f3d041,0,0,0000000000000000000000000000001b1817153f3d0410
847,0x00000000000,0x00000000000,0x000000000,0x00000000,0x00000000,0,0,0000000000000000000000000000000000000000000000
848,0x00000000000,0x00000000000,0x000000000,0x00000000,0x00000000,0,0,0000000000000000000000000000000000000000000000
849,0x00000000000,0x00000000000,0x000000000,0x00000000,0x00000000,0,0,0000000000000000000000000000000000000000000000
850,0x000000b80a3,0x0000001e3be,0x000000000,0x00000000,0x54341041,0,0,000002e028c000001e3be0000000000000000543410410
851,0x000000b90a7,0x00000000000,0x000000000,0x00000000,0x00000000,0,0,000002e429c00000000000000000000000000000000000
852,0x000000ba0ab,0x00000000000,0x000000000,0x00000000,0x41c1a009,0,0,000002e82ac0000000000000000000000000041c1a0090
853,0x000000bb0af,0x00000000000,0x03c00050c,0x00000000,0x00000000,0,0,000002ec2bc00000000000f00014300000000000000000
854,0x00000000000,0x00000000000,0x03c20052c,0x00000000,0x54745041,0,0,0000000000000000000000f08014b00000000547450410
855,0x00000000000,0x00000000000,0x03c40054c,0x00000000,0x00000000,0,0,0000000000000000000000f10015300000000000000000
856,0x00000000000,0x00000000000,0x03c60056c,0x00000000,0x00000000,0,0,0000000000000000000000f18015b00000000000000000
857,0x00000000000,0x00000000000,0x000000000,0x00000000,0x00000000,0,0,0000000000000000000000000000000000000000000000
858,0x00000000000,0x00000000000,0x000000000,0x1fffdec2,0x55351041,0,0,000000000000000000000000000000fffef61553510410
859,0x00000000000,0x00000000000,0x000000000,0x00000000,0x00000000,0,0,0000000000000000000000000000000000000000000000
860,0x00000000000,0x00000000000,0x000000000,0x00000000,0x00000000,0,0,0000000000000000000000000000000000000000000000
861,0x00000000000,0x00000000000,0x000000000,0x1c9c3c04,0x00000000,0,0,000000000000000000000000000000e4e1e02000000000
862,0x00000000000,0x00000000000,0x0232012ab,0x00000000,0x55755041,0,0,00000000000000000000008c804aac0000000557550410
863,0x00000000000,0x00000000000,0x000000000,0x1cbc7c44,0x00000000,0,0,000000000000000000000000000000e5e3e22000000000
864,0x00000000000,0x00000000000,0x000000000,0x00000000,0x00000000,0,0,0000000000000000000000000000000000000000000000
865,0x00000000000,0x00000000000,0x000000000,0x00000000,0x00000000,0,0,0000000000000000000000000000000000000000000000
866,0x000000bc0d3,0x0000001f3fe,0x0234012eb,0x00000000,0x55b59041,0,0,000002f034c000001f3fe08d004bac000000055b590410
867,0x000000be0db,0x00000000000,0x000000000,0x00000000,0x00000000,0,0,000002f836c00000000000000000000000000000000000
868,0x000000bd0d7,0x00000000000,0x000000000,0x00000000,0x00000000,0,0,000002f435c00000000000000000000000000000000000
869,0x000000bf0df,0x00000000000,0x03e00068c,0x00000000,0x00000000,0,0,000002fc37c00000000000f8001a300000000000000000
870,0x00000000000,0x00000000000,0x024e013ab,0x1cdcbc84,0x55f5d041,0,0,000000000000000000000093804eace6e5e4255f5d0410
871,0x00000000000,0x00000000000,0x03e2006ac,0x00000000,0x00000000,0,0,0000000000000000000000f8801ab00000000000000000
872,0x00000000000,0x00000000000,0x03e4006cc,0x00000000,0x00000000,0,0,0000000000000000000000f9001b300000000000000000
873,0x00000000000,0x00000000000,0x03e6006ec,0x00000000,0x00000000,0,0,0000000000000000000000f9801bb00000000000000000
874,0x00000000000,0x00000000000,0x0250013eb,0x00000000,0x56b69041,0,0,000000000000000000000094004fac000000056b690410
875,0x00000000000,0x00000000000,0x000000000,0x01e1c0c2,0x00000000,0,0,0000000000000000000000000000000f0e061000000000
876,0x00000000000,0x00000000000,0x000000000,0x00000000,0x00000000,0,0,0000000000000000000000000000000000000000000000
877,0x00000000000,0x00000000000,0x000000000,0x00000000,0x00000000,0,0,0000000000000000000000000000000000000000000000
878,0x00000000000,0x00000000000,0x02520142b,0x03834322,0x56f6d041,0,0,0000000000000000000000948050ac1c1a19156f6d0410
879,0x00000000000,0x00000000000,0x000000000,0x00000000,0x00000000,0,0,0000000000000000000000000000000000000000000000
880,0x00000000000,0x00000000000,0x000000000,0x1e9e3e04,0x00000000,0,0,000000000000000000000000000000f4f1f02000000000
881,0x00000000000,0x00000000000,0x000000000,0x1ebe7e44,0x00000000,0,0,000000000000000000000000000000f5f3f22000000000
882,0x00000000000,0x00000000000,0x02540146b,0x00000000,0x00000000,0,0,0000000000000000000000950051ac0000000000000000
883,0x000000c0103,0x0000002003e,0x000000000,0x00000000,0x00000000,0,0,0000030040c000002003e0000000000000000000000000
884,0x000000c1107,0x00000000000,0x000000000,0x00000000,0x00000000,0,0,0000030441c00000000000000000000000000000000000
885,0x000000c210b,0x00000000000,0x000000000,0x03a38362,0x00000000,0,0,0000030842c00000000000000000001d1c1b1000000000
886,0x000000c310f,0x00000000000,0x026e0152b,0x056504e2,0x00000000,0,0,0000030c43c000000000009b8054ac2b28271000000000
887,0x00000000000,0x00000000000,0x02000080c,0x00000000,0x00000000,0,0,0000000000000000000000800020300000000000000000
888,0x00000000000,0x00000000000,0x02020082c,0x1edebe84,0x00000000,0,0,0000000000000000000000808020b0f6f5f42000000000
889,0x00000000000,0x00000000000,0x02040084c,0x00000000,0x00000000,0,0,0000000000000000000000810021300000000000000000
890,0x00000000000,0x00000000000,0x02700156b,0x00000000,0x00000000,0,0,00000000000000000000009c0055ac0000000000000000
891,0x00000000000,0x00000000000,0x000000000,0x00000000,0x00000000,0,0,0000000000000000000000000000000000000000000000
892,0x00000000000,0x00000000000,0x02060086c,0x00000000,0x43c3a009,0,0,0000000000000000000000818021b0000000043c3a0090
893,0x00000000000,0x00000000000,0x000000000,0x00000000,0x00000000,0,0,0000000000000000000000000000000000000000000000
894,0x00000000000,0x00000000000,0x0272015ab,0x05854522,0x00000000,0,0,00000000000000000000009c8056ac2c2a291000000000
895,0x00000000000,0x00000000000,0x000000000,0x00000000,0x00000000,0,0,0000000000000000000000000000000000000000000000
896,0x00000000000,0x00000000000,0x000000000,0x00802004,0x00000000,0,0,0000000000000000000000000000000401002000000000
897,0x00000000000,0x00000000000,0x000000000,0x00000000,0x00000000,0,0,0000000000000000000000000000000000000000000000
898,0x00000000000,0x00000000000,0x0274015eb,0x00000000,0x00000000,0,0,00000000000000000000009d0057ac0000000000000000
899,0x00000000000,0x00000000000,0x05708d643,0x00000000,0x00000000,0,0,00000000000000000000015c23590c0000000000000000
900,0x00000000000,0x00000000000,0x05748d663,0x00000000,0x00000000,0,0,00000000000000000000015d23598c0000000000000000
901,0x00000000000,0x00000000000,0x0580ad783,0x05a58562,0x00000000,0,0,0000000000000000000001602b5e0c2d2c2b1000000000
902,0x00000000000,0x00000000000,0x028e016ab,0x076706e2,0x00000000,0,0,0000000000000000000000a3805aac3b38371000000000
903,0x00000000000,0x00000000000,0x0584ad7a3,0x00000000,0x00000000,0,0,0000000000000000000001612b5e8c0000000000000000
904,0x00000000000,0x00000000000,0x0588ad7c3,0x00000000,0x00000000,0,0,0000000000000000000001622b5f0c0000000000000000
905,0x00000000000,0x00000000000,0x058cad7e3,0x00000000,0x00000000,0,0,0000000000000000000001632b5f8c0000000000000000
906,0x00000000000,0x00000000000,0x0290016eb,0x00a06044,0x57371041,0,0,0000000000000000000000a4005bac0503022573710410
907,0x00000000000,0x00000000000,0x0598cd903,0x00000000,0x00000000,0,0,00000000000000000000016633640c0000000000000000
908,0x00000000000,0x00000000000,0x059ccd923,0x00000000,0x45c5a009,0,0,00000000000000000000016733648c000000045c5a0090
909,0x00000000000,0x00000000000,0x05a0cd943,0x00000000,0x00000000,0,0,00000000000000000000016833650c0000000000000000
910,0x00000000000,0x00000000000,0x000000000,0x07874722,0x57775041,0,0,0000000000000000000000000000003c3a391577750410
911,0x00000000000,0x00000000000,0x05a4cd963,0x00000000,0x00000000,0,0,00000000000000000000016933658c0000000000000000
912,0x00000000000,0x00000000000,0x05b0eda83,0x00000000,0x00000000,0,0,00000000000000000000016c3b6a0c0000000000000000
913,0x00000000000,0x00000000000,0x05b4edaa3,0x00c0a084,0x00000000,0,0,00000000000000000000016d3b6a8c0605042000000000
914,0x00000000000,0x00000000000,0x000000000,0x03e3c2c2,0x58381041,0,0,0000000000000000000000000000001f1e161583810410
915,0x00000000000,0x00000000000,0x000000000,0x00000000,0x00000000,0,0,0000000000000000000000000000000000000000000000
916,0x00000000000,0x00000000000,0x000000000,0x00000000,0x00000000,0,0,0000000000000000000000000000000000000000000000
917,0x00000000000,0x00000000000,0x000000000,0x07a78762,0x00000000,0,0,0000000000000000000000000000003d3c3b1000000000
918,0x00000000000,0x00000000000,0x000000000,0x096908e2,0x58785041,0,0,0000000000000000000000000000004b48471587850410
919,0x00000000000,0x00000000000,0x000000000,0x00000000,0x00000000,0,0,0000000000000000000000000000000000000000000000
920,0x00000000000,0x00000000000,0x000000000,0x00000000,0x00000000,0,0,0000000000000000000000000000000000000000000000
921,0x00000000000,0x00000000000,0x000000000,0x00000000,0x00000000,0,0,0000000000000000000000000000000000000000000000
922,0x000000c4133,0x0000002107e,0x000000000,0x00000000,0x58b89041,0,0,000003104cc000002107e000000000000000058b890410
923,0x000000c5137,0x00000000000,0x000000000,0x00000000,0x00000000,0,0,000003144dc00000000000000000000000000000000000
924,0x000000c613b,0x00000000000,0x000000000,0x00000000,0x47c7a009,0,0,000003184ec0000000000000000000000000047c7a0090
925,0x000000c713f,0x00000000000,0x02200098c,0x00000000,0x00000000,0,0,0000031c4fc00000000000880026300000000000000000
926,0x00000000000,0x00000000000,0x0222009ac,0x00000000,0x58f8d041,0,0,0000000000000000000000888026b0000000058f8d0410
927,0x00000000000,0x00000000000,0x0224009cc,0x00000000,0x00000000,0,0,0000000000000000000000890027300000000000000000
928,0x00000000000,0x00000000000,0x0226009ec,0x00000000,0x00000000,0,0,0000000000000000000000898027b00000000000000000
929,0x00000000000,0x00000000000,0x000000000,0x00000000,0x00000000,0,0,0000000000000000000000000000000000000000000000
930,0x00000000000,0x00000000000,0x000000000,0x05e5c4c2,0x59b99041,0,0,0000000000000000000000000000002f2e26159b990410
931,0x00000000000,0x00000000000,0x000000000,0x00000000,0x00000000,0,0,0000000000000000000000000000000000000000000000
932,0x00000000000,0x00000000000,0x000000000,0x00000000,0x00000000,0,0,0000000000000000000000000000000000000000000000
933,0x00000000000,0x00000000000,0x000000000,0x02822204,0x00000000,0,0,0000000000000000000000000000001411102000000000
934,0x00000000000,0x00000000000,0x02920172b,0x00000000,0x59f9d041,0,0,0000000000000000000000a4805cac000000059f9d0410
935,0x00000000000,0x00000000000,0x000000000,0x02a26244,0x00000000,0,0,0000000000000000000000000000001513122000000000
936,0x00000000000,0x00000000000,0x000000000,0x00000000,0x00000000,0,0,0000000000000000000000000000000000000000000000
937,0x00000000000,0x00000000000,0x000000000,0x00000000,0x00000000,0,0,0000000000000000000000000000000000000000000000
938,0x000000c8163,0x000000220be,0x02940176b,0x00000000,0x5a3a1041,0,0,0000032058c00000220be0a5005dac00000005a3a10410
939,0x000000ca16b,0x00000000000,0x000000000,0x00000000,0x00000000,0,0,000003285ac00000000000000000000000000000000000
940,0x000000c9167,0x00000000000,0x000000000,0x00000000,0x00000000,0,0,0000032459c00000000000000000000000000000000000
941,0x000000cb16f,0x00000000000,0x024000b0c,0x00000000,0x00000000,0,0,0000032c5bc0000000000090002c300000000000000000
942,0x00000000000,0x00000000000,0x02ae0182b,0x02c2a284,0x5a7a5041,0,0,0000000000000000000000ab8060ac16151425a7a50410
943,0x00000000000,0x00000000000,0x024200b2c,0x00000000,0x00000000,0,0,000000000000000000000090802cb00000000000000000
944,0x00000000000,0x00000000000,0x024400b4c,0x00000000,0x00000000,0,0,000000000000000000000091002d300000000000000000
945,0x00000000000,0x00000000000,0x024600b6c,0x00000000,0x00000000,0,0,000000000000000000000091802db00000000000000000
946,0x00000000000,0x00000000000,0x02b00186b,0x00000000,0x5b3b1041,0,0,0000000000000000000000ac0061ac00000005b3b10410
947,0x00000000000,0x00000000000,0x000000000,0x07e7c6c2,0x00000000,0,0,0000000000000000000000000000003f3e361000000000
948,0x00000000000,0x00000000000,0x000000000,0x00000000,0x00000000,0,0,0000000000000000000000000000000000000000000000
949,0x00000000000,0x00000000000,0x000000000,0x00000000,0x00000000,0,0,0000000000000000000000000000000000000000000000
950,0x00000000000,0x00000000000,0x02b2018ab,0x09894922,0x5b7b5041,0,0,0000000000000000000000ac8062ac4c4a4915b7b50410
951,0x00000000000,0x00000000000,0x000000000,0x00000000,0x00000000,0,0,0000000000000000000000000000000000000000000000
952,0x00000000000,0x00000000000,0x000000000,0x04842404,0x00000000,0,0,0000000000000000000000000000002421202000000000
953,0x00000000000,0x00000000000,0x000000000,0x04a46444,0x00000000,0,0,0000000000000000000000000000002523222000000000
954,0x00000000000,0x00000000000,0x02b4018eb,0x00000000,0x00000000,0,0,0000000000000000000000ad0063ac0000000000000000
955,0x000000cc193,0x000000230fe,0x000000000,0x00000000,0x00000000,0,0,0000033064c00000230fe0000000000000000000000000
956,0x000000cd197,0x00000000000,0x000000000,0x00000000,0x00000000,0,0,0000033465c00000000000000000000000000000000000
957,0x000000ce19b,0x00000000000,0x000000000,0x09a98962,0x00000000,0,0,0000033866c00000000000000000004d4c4b1000000000
958,0x000000cf19f,0x00000000000,0x02ce019ab,0x0b6b0ae2,0x00000000,0,0,0000033c67c00000000000b38066ac5b58571000000000
959,0x00000000000,0x00000000000,0x026000c8c,0x00000000,0x00000000,0,0,0000000000000000000000980032300000000000000000
960,0x00000000000,0x00000000000,0x026200cac,0x04c4a484,0x00000000,0,0,0000000000000000000000988032b02625242000000000
961,0x00000000000,0x00000000000,0x026400ccc,0x00000000,0x00000000,0,0,0000000000000000000000990033300000000000000000
962,0x00000000000,0x00000000000,0x02d0019eb,0x00000000,0x00000000,0,0,0000000000000000000000b40067ac0000000000000000
963,0x00000000000,0x00000000000,0x000000000,0x00000000,0x00000000,0,0,0000000000000000000000000000000000000000000000
964,0x00000000000,0x00000000000,0x026600cec,0x00000000,0x49c9a009,0,0,0000000000000000000000998033b0000000049c9a0090
965,0x00000000000,0x00000000000,0x000000000,0x00000000,0x00000000,0,0,0000000000000000000000000000000000000000000000
966,0x00000000000,0x00000000000,0x02d201a2b,0x0b8b4b22,0x00000000,0,0,0000000000000000000000b48068ac5c5a591000000000
967,0x00000000000,0x00000000000,0x000000000,0x00000000,0x00000000,0,0,0000000000000000000000000000000000000000000000
968,0x00000000000,0x00000000000,0x000000000,0x06862604,0x00000000,0,0,0000000000000000000000000000003431302000000000
969,0x00000000000,0x00000000000,0x000000000,0x00000000,0x00000000,0,0,0000000000000000000000000000000000000000000000
970,0x00000000000,0x00000000000,0x02d401a6b,0x00000000,0x00000000,0,0,0000000000000000000000b50069ac0000000000000000
971,0x00000000000,0x00000000000,0x05b8edac3,0x00000000,0x00000000,0,0,00000000000000000000016e3b6b0c0000000000000000
972,0x00000000000,0x00000000000,0x05bcedae3,0x00000000,0x00000000,0,0,00000000000000000000016f3b6b8c0000000000000000
973,0x00000000000,0x00000000000,0x05c90dc03,0x0bab8b62,0x00000000,0,0,00000000000000000000017243700c5d5c5b1000000000
974,0x00000000000,0x00000000000,0x02ee01b2b,0x0d6d0ce2,0x00000000,0,0,0000000000000000000000bb806cac6b68671000000000
975,0x00000000000,0x00000000000,0x05cd0dc23,0x00000000,0x00000000,0,0,00000000000000000000017343708c0000000000000000
976,0x00000000000,0x00000000000,0x05d10dc43,0x00000000,0x00000000,0,0,00000000000000000000017443710c0000000000000000
977,0x00000000000,0x00000000000,0x05d50dc63,0x00000000,0x00000000,0,0,00000000000000000000017543718c0000000000000000
978,0x00000000000,0x00000000000,0x02f001b6b,0x06a66644,0x5bbb9041,0,0,0000000000000000000000bc006dac35333225bbb90410
979,0x00000000000,0x00000000000,0x05e12dd83,0x00000000,0x00000000,0,0,0000000000000000000001784b760c0000000000000000
980,0x00000000000,0x00000000000,0x05e52dda3,0x00000000,0x4bcba009,0,0,0000000000000000000001794b768c00000004bcba0090
981,0x00000000000,0x00000000000,0x05e92ddc3,0x00000000,0x00000000,0,0,00000000000000000000017a4b770c0000000000000000
982,0x00000000000,0x00000000000,0x000000000,0x0d8d4d22,0x5bfbd041,0,0,0000000000000000000000000000006c6a6915bfbd0410
983,0x00000000000,0x00000000000,0x05ed2dde3,0x00000000,0x00000000,0,0,00000000000000000000017b4b778c0000000000000000
984,0x00000000000,0x00000000000,0x05f94df03,0x00000000,0x00000000,0,0,00000000000000000000017e537c0c0000000000000000
985,0x00000000000,0x00000000000,0x05fd4df23,0x06c6a684,0x00000000,0,0,00000000000000000000017f537c8c3635342000000000
986,0x00000000000,0x00000000000,0x000000000,0x09e9c8c2,0x5cbc9041,0,0,0000000000000000000000000000004f4e4615cbc90410
987,0x00000000000,0x00000000000,0x000000000,0x00000000,0x00000000,0,0,0000000000000000000000000000000000000000000000
988,0x00000000000,0x00000000000,0x000000000,0x00000000,0x00000000,0,0,0000000000000000000000000000000000000000000000
989,0x00000000000,0x00000000000,0x000000000,0x0dad8d62,0x00000000,0,0,0000000000000000000000000000006d6c6b1000000000
990,0x00000000000,0x00000000000,0x000000000,0x0f6f0ee2,0x5cfcd041,0,0,0000000000000000000000000000007b787715cfcd0410
991,0x00000000000,0x00000000000,0x000000000,0x00000000,0x00000000,0,0,0000000000000000000000000000000000000000000000
992,0x00000000000,0x00000000000,0x000000000,0x00000000,0x00000000,0,0,0000000000000000000000000000000000000000000000
993,0x00000000000,0x00000000000,0x000000000,0x00000000,0x00000000,0,0,0000000000000000000000000000000000000000000000
994,0x000000d01c3,0x0000002413e,0x000000000,0x00000000,0x5d3d1041,0,0,0000034070c000002413e00000000000000005d3d10410
995,0x000000d11c7,0x00000000000,0x000000000,0x00000000,0x00000000,0,0,0000034471c00000000000000000000000000000000000
996,0x000000d21cb,0x00000000000,0x000000000,0x00000000,0x4dcda009,0,0,0000034872c000000000000000000000000004dcda0090
997,0x000000d31cf,0x00000000000,0x028000e0c,0x00000000,0x00000000,0,0,0000034c73c00000000000a00038300000000000000000
998,0x00000000000,0x00000000000,0x028200e2c,0x00000000,0x5d7d5041,0,0,0000000000000000000000a08038b000000005d7d50410
999,0x00000000000,0x00000000000,0x028400e4c,0x00000000,0x00000000,0,0,0000000000000000000000a10039300000000000000000
1000,0x00000000000,0x00000000000,0x028600e6c,0x00000000,0x00000000,0,0,0000000000000000000000a18039b00000000000000000
1001,0x00000000000,0x00000000000,0x000000000,0x00000000,0x00000000,0,0,0000000000000000000000000000000000000000000000
1002,0x00000000000,0x00000000000,0x000000000,0x0bebcac2,0x5e3e1041,0,0,0000000000000000000000000000005f5e5615e3e10410
1003,0x00000000000,0x00000000000,0x000000000,0x00000000,0x00000000,0,0,0000000000000000000000000000000000000000000000
1004,0x00000000000,0x00000000000,0x000000000,0x00000000,0x00000000,0,0,0000000000000000000000000000000000000000000000
1005,0x00000000000,0x00000000000,0x000000000,0x08882804,0x00000000,0,0,0000000000000000000000000000004441402000000000
1006,0x00000000000,0x00000000000,0x02f201bab,0x00000000,0x5e7e5041,0,0,0000000000000000000000bc806eac00000005e7e50410
1007,0x00000000000,0x00000000000,0x000000000,0x08a86844,0x00000000,0,0,0000000000000000000000000000004543422000000000
1008,0x00000000000,0x00000000000,0x000000000,0x00000000,0x00000000,0,0,0000000000000000000000000000000000000000000000
1009,0x00000000000,0x00000000000,0x000000000,0x00000000,0x00000000,0,0,0000000000000000000000000000000000000000000000
1010,0x000000d41f3,0x0000002517e,0x02f401beb,0x00000000,0x5ebe9041,0,0,000003507cc000002517e0bd006fac00000005ebe90410
1011,0x000000d61fb,0x00000000000,0x000000000,0x00000000,0x00000000,0,0,000003587ec00000000000000000000000000000000000
1012,0x000000d51f7,0x00000000000,0x000000000,0x00000000,0x00000000,0,0,000003547dc00000000000000000000000000000000000
1013,0x000000d71ff,0x00000000000,0x02a000f8c,0x00000000,0x00000000,0,0,0000035c7fc00000000000a8003e300000000000000000
1014,0x00000000000,0x00000000000,0x030e01cab,0x08c8a884,0x5efed041,0,0,0000000000000000000000c38072ac46454425efed0410
1015,0x00000000000,0x00000000000,0x02a200fac,0x00000000,0x00000000,0,0,0000000000000000000000a8803eb00000000000000000
1016,0x00000000000,0x00000000000,0x02a400fcc,0x00000000,0x00000000,0,0,0000000000000000000000a9003f300000000000000000
1017,0x00000000000,0x00000000000,0x02a600fec,0x00000000,0x00000000,0,0,0000000000000000000000a9803fb00000000000000000
1018,0x00000000000,0x00000000000,0x031001ceb,0x00000000,0x5fbf9041,0,0,0000000000000000000000c40073ac00000005fbf90410
1019,0x00000000000,0x00000000000,0x000000000,0x0dedccc2,0x00000000,0,0,0000000000000000000000000000006f6e661000000000
1020,0x00000000000,0x00000000000,0x000000000,0x00000000,0x00000000,0,0,0000000000000000000000000000000000000000000000
1021,0x00000000000,0x00000000000,0x000000000,0x00000000,0x00000000,0,0,0000000000000000000000000000000000000000000000
1022,0x00000000000,0x00000000000,0x031201d2b,0x0f8f4f22,0x5fffd041,0,0,0000000000000000000000c48074ac7c7a7915fffd0410
1023,0x00000000000,0x00000000000,0x000000000,0x00000000,0x00000000,0,0,0000000000000000000000000000000000000000000000
1024,0x00000000000,0x00000000000,0x000000000,0x0a8a2a04,0x00000000,0,0,0000000000000000000000000000005451502000000000
1025,0x00000000000,0x00000000000,0x000000000,0x0aaa6a44,0x00000000,0,0,0000000000000000000000000000005553522000000000
1026,0x00000000000,0x00000000000,0x031401d6b,0x00000000,0x00000000,0,0,0000000000000000000000c50075ac0000000000000000
1027,0x000000d8223,0x000000261be,0x000000000,0x00000000,0x00000000,0,0,0000036088c00000261be0000000000000000000000000
1028,0x000000d9227,0x00000000000,0x000000000,0x00000000,0x00000000,0,0,0000036489c00000000000000000000000000000000000
1029,0x000000da22b,0x00000000000,0x000000000,0x0faf8f62,0x00000000,0,0,000003688ac00000000000000000007d7c7b1000000000
1030,0x000000db22f,0x00000000000,0x032e01e2b,0x117110e2,0x00000000,0,0,0000036c8bc00000000000cb8078ac8b88871000000000
1031,0x00000000000,0x00000000000,0x02c00110c,0x00000000,0x00000000,0,0,0000000000000000000000b00044300000000000000000
1032,0x00000000000,0x00000000000,0x02c20112c,0x0acaaa84,0x00000000,0,0,0000000000000000000000b08044b05655542000000000
1033,0x00000000000,0x00000000000,0x02c40114c,0x00000000,0x00000000,0,0,0000000000000000000000b10045300000000000000000
1034,0x00000000000,0x00000000000,0x033001e6b,0x00000000,0x00000000,0,0,0000000000000000000000cc0079ac0000000000000000
1035,0x00000000000,0x00000000000,0x000000000,0x00000000,0x00000000,0,0,0000000000000000000000000000000000000000000000
1036,0x00000000000,0x00000000000,0x02c60116c,0x00000000,0x4fcfa009,0,0,0000000000000000000000b18045b000000004fcfa0090
1037,0x00000000000,0x00000000000,0x000000000,0x00000000,0x00000000,0,0,0000000000000000000000000000000000000000000000
1038,0x00000000000,0x00000000000,0x033201eab,0x11915122,0x00000000,0,0,0000000000000000000000cc807aac8c8a891000000000
1039,0x00000000000,0x00000000000,0x000000000,0x00000000,0x00000000,0,0,0000000000000000000000000000000000000000000000
1040,0x00000000000,0x00000000000,0x000000000,0x0c8c2c04,0x00000000,0,0,0000000000000000000000000000006461602000000000
1041,0x00000000000,0x00000000000,0x000000000,0x00000000,0x00000000,0,0,0000000000000000000000000000000000000000000000
1042,0x00000000000,0x00000000000,0x033401eeb,0x00000000,0x00000000,0,0,0000000000000000000000cd007bac0000000000000000
1043,0x00000000000,0x00000000000,0x04014df43,0x00000000,0x00000000,0,0,000000000000000000000100537d0c0000000000000000
1044,0x00000000000,0x00000000000,0x04054df63,0x00000000,0x00000000,0,0,000000000000000000000101537d8c0000000000000000
1045,0x00000000000,0x00000000000,0x04116c083,0x11b19162,0x00000000,0,0,0000000000000000000001045b020c8d8c8b1000000000
1046,0x00000000000,0x00000000000,0x034e01fab,0x137312e2,0x00000000,0,0,0000000000000000000000d3807eac9b98971000000000
1047,0x00000000000,0x00000000000,0x04156c0a3,0x00000000,0x00000000,0,0,0000000000000000000001055b028c0000000000000000
1048,0x00000000000,0x00000000000,0x04196c0c3,0x00000000,0x00000000,0,0,0000000000000000000001065b030c0000000000000000
1049,0x00000000000,0x00000000000,0x041d6c0e3,0x00000000,0x00000000,0,0,0000000000000000000001075b038c0000000000000000
1050,0x00000000000,0x00000000000,0x035001feb,0x0cac6c44,0x40201041,0,0,0000000000000000000000d4007fac6563622402010410
1051,0x00000000000,0x00000000000,0x04298c203,0x00000000,0x00000000,0,0,00000000000000000000010a63080c0000000000000000
1052,0x00000000000,0x00000000000,0x042d8c223,0x00000000,0x51d1a009,0,0,00000000000000000000010b63088c000000051d1a0090
1053,0x00000000000,0x00000000000,0x04318c243,0x00000000,0x00000000,0,0,00000000000000000000010c63090c0000000000000000
1054,0x00000000000,0x00000000000,0x000000000,0x13935322,0x40605041,0,0,0000000000000000000000000000009c9a991406050410
1055,0x00000000000,0x00000000000,0x04358c263,0x00000000,0x00000000,0,0,00000000000000000000010d63098c0000000000000000
1056,0x00000000000,0x00000000000,0x0441ac383,0x00000000,0x00000000,0,0,0000000000000000000001106b0e0c0000000000000000
1057,0x00000000000,0x00000000000,0x0445ac3a3,0x0cccac84,0x00000000,0,0,0000000000000000000001116b0e8c6665642000000000
1058,0x00000000000,0x00000000000,0x000000000,0x0fefcec2,0x41211041,0,0,0000000000000000000000000000007f7e761412110410
1059,0x00000000000,0x00000000000,0x000000000,0x00000000,0x00000000,0,0,0000000000000000000000000000000000000000000000
1060,0x00000000000,0x00000000000,0x000000000,0x00000000,0x00000000,0,0,0000000000000000000000000000000000000000000000
1061,0x00000000000,0x00000000000,0x000000000,0x13b39362,0x00000000,0,0,0000000000000000000000000000009d9c9b1000000000
1062,0x00000000000,0x00000000000,0x000000000,0x157514e2,0x41615041,0,0,000000000000000000000000000000aba8a71416150410
1063,0x00000000000,0x00000000000,0x000000000,0x00000000,0x00000000,0,0,0000000000000000000000000000000000000000000000
1064,0x00000000000,0x00000000000,0x000000000,0x00000000,0x00000000,0,0,0000000000000000000000000000000000000000000000
1065,0x00000000000,0x00000000000,0x000000000,0x00000000,0x00000000,0,0,0000000000000000000000000000000000000000000000
1066,0x000000dc253,0x000000271fe,0x000000000,0x00000000,0x41a19041,0,0,0000037094c00000271fe000000000000000041a190410
1067,0x000000dd257,0x00000000000,0x000000000,0x00000000,0x00000000,0,0,0000037495c00000000000000000000000000000000000
1068,0x000000de25b,0x00000000000,0x000000000,0x00000000,0x53d3a009,0,0,0000037896c0000000000000000000000000053d3a0090
1069,0x000000df25f,0x00000000000,0x02e00128c,0x00000000,0x00000000,0,0,0000037c97c00000000000b8004a300000000000000000
1070,0x00000000000,0x00000000000,0x02e2012ac,0x00000000,0x41e1d041,0,0,0000000000000000000000b8804ab0000000041e1d0410
1071,0x00000000000,0x00000000000,0x02e4012cc,0x00000000,0x00000000,0,0,0000000000000000000000b9004b300000000000000000
1072,0x00000000000,0x00000000000,0x02e6012ec,0x00000000,0x00000000,0,0,0000000000000000000000b9804bb00000000000000000
1073,0x00000000000,0x00000000000,0x000000000,0x00000000,0x00000000,0,0,0000000000000000000000000000000000000000000000
1074,0x00000000000,0x00000000000,0x000000000,0x11f1d0c2,0x42a29041,0,0,0000000000000000000000000000008f8e86142a290410
1075,0x00000000000,0x00000000000,0x000000000,0x00000000,0x00000000,0,0,0000000000000000000000000000000000000000000000
1076,0x00000000000,0x00000000000,0x000000000,0x00000000,0x00000000,0,0,0000000000000000000000000000000000000000000000
1077,0x00000000000,0x00000000000,0x000000000,0x0e8e2e04,0x00000000,0,0,0000000000000000000000000000007471702000000000
1078,0x00000000000,0x00000000000,0x03520002b,0x00000000,0x42e2d041,0,0,0000000000000000000000d48000ac000000042e2d0410
1079,0x00000000000,0x00000000000,0x000000000,0x0eae6e44,0x00000000,0,0,0000000000000000000000000000007573722000000000
1080,0x00000000000,0x00000000000,0x000000000,0x00000000,0x00000000,0,0,0000000000000000000000000000000000000000000000
1081,0x00000000000,0x00000000000,0x000000000,0x00000000,0x00000000,0,0,0000000000000000000000000000000000000000000000
1082,0x000000e0283,0x0000002823e,0x03540006b,0x00000000,0x43231041,0,0,00000380a0c000002823e0d50001ac0000000432310410
1083,0x000000e228b,0x00000000000,0x000000000,0x00000000,0x00000000,0,0,00000388a2c00000000000000000000000000000000000
1084,0x000000e1287,0x00000000000,0x000000000,0x00000000,0x00000000,0,0,00000384a1c00000000000000000000000000000000000
1085,0x000000e328f,0x00000000000,0x03000140c,0x00000000,0x00000000,0,0,0000038ca3c00000000000c00050300000000000000000
1086,0x00000000000,0x00000000000,0x036e0012b,0x0eceae84,0x43635041,0,0,0000000000000000000000db8004ac7675742436350410
1087,0x00000000000,0x00000000000,0x03020142c,0x00000000,0x00000000,0,0,0000000000000000000000c08050b00000000000000000
1088,0x00000000000,0x00000000000,0x03040144c,0x00000000,0x00000000,0,0,0000000000000000000000c10051300000000000000000
1089,0x00000000000,0x00000000000,0x03060146c,0x00000000,0x00000000,0,0,0000000000000000000000c18051b00000000000000000
1090,0x00000000000,0x00000000000,0x03700016b,0x00000000,0x44241041,0,0,0000000000000000000000dc0005ac0000000442410410
1091,0x00000000000,0x00000000000,0x000000000,0x13f3d2c2,0x00000000,0,0,0000000000000000000000000000009f9e961000000000
1092,0x00000000000,0x00000000000,0x000000000,0x00000000,0x00000000,0,0,0000000000000000000000000000000000000000000000
1093,0x00000000000,0x00000000000,0x000000000,0x00000000,0x00000000,0,0,0000000000000000000000000000000000000000000000
1094,0x00000000000,0x00000000000,0x0372001ab,0x15955522,0x44645041,0,0,0000000000000000000000dc8006acacaaa91446450410
1095,0x00000000000,0x00000000000,0x000000000,0x00000000,0x00000000,0,0,0000000000000000000000000000000000000000000000
1096,0x00000000000,0x00000000000,0x000000000,0x10903004,0x00000000,0,0,0000000000000000000000000000008481802000000000
1097,0x00000000000,0x00000000000,0x000000000,0x10b07044,0x00000000,0,0,0000000000000000000000000000008583822000000000
1098,0x00000000000,0x00000000000,0x0374001eb,0x00000000,0x00000000,0,0,0000000000000000000000dd0007ac0000000000000000
1099,0x000000e42b3,0x0000002927e,0x000000000,0x00000000,0x00000000,0,0,00000390acc000002927e0000000000000000000000000
1100,0x000000e52b7,0x00000000000,0x000000000,0x00000000,0x00000000,0,0,00000394adc00000000000000000000000000000000000
1101,0x000000e62bb,0x00000000000,0x000000000,0x15b59562,0x00000000,0,0,00000398aec0000000000000000000adacab1000000000
1102,0x000000e72bf,0x00000000000,0x038e002ab,0x177716e2,0x00000000,0,0,0000039cafc00000000000e3800aacbbb8b71000000000
1103,0x00000000000,0x00000000000,0x03200158c,0x00000000,0x00000000,0,0,0000000000000000000000c80056300000000000000000
1104,0x00000000000,0x00000000000,0x0322015ac,0x10d0b084,0x00000000,0,0,0000000000000000000000c88056b08685842000000000
1105,0x00000000000,0x00000000000,0x0324015cc,0x00000000,0x00000000,0,0,0000000000000000000000c90057300000000000000000
1106,0x00000000000,0x00000000000,0x0390002eb,0x00000000,0x00000000,0,0,0000000000000000000000e4000bac0000000000000000
1107,0x00000000000,0x00000000000,0x000000000,0x00000000,0x00000000,0,0,0000000000000000000000000000000000000000000000
1108,0x00000000000,0x00000000000,0x0326015ec,0x00000000,0x55d5a009,0,0,0000000000000000000000c98057b0000000055d5a0090
1109,0x00000000000,0x00000000000,0x000000000,0x00000000,0x00000000,0,0,0000000000000000000000000000000000000000000000
1110,0x00000000000,0x00000000000,0x03920032b,0x17975722,0x00000000,0,0,0000000000000000000000e4800cacbcbab91000000000
1111,0x00000000000,0x00000000000,0x000000000,0x00000000,0x00000000,0,0,0000000000000000000000000000000000000000000000
1112,0x00000000000,0x00000000000,0x000000000,0x12923204,0x00000000,0,0,0000000000000000000000000000009491902000000000
1113,0x00000000000,0x00000000000,0x000000000,0x00000000,0x00000000,0,0,0000000000000000000000000000000000000000000000
1114,0x00000000000,0x00000000000,0x03940036b,0x00000000,0x00000000,0,0,0000000000000000000000e5000dac0000000000000000
1115,0x00000000000,0x00000000000,0x0449ac3c3,0x00000000,0x00000000,0,0,0000000000000000000001126b0f0c0000000000000000
1116,0x00000000000,0x00000000000,0x044dac3e3,0x00000000,0x00000000,0,0,0000000000000000000001136b0f8c0000000000000000
1117,0x00000000000,0x00000000000,0x0459cc503,0x17b79762,0x00000000,0,0,00000000000000000000011673140cbdbcbb1000000000
1118,0x00000000000,0x00000000000,0x03ae0042b,0x197918e2,0x00000000,0,0,0000000000000000000000eb8010accbc8c71000000000
1119,0x00000000000,0x00000000000,0x045dcc523,0x00000000,0x00000000,0,0,00000000000000000000011773148c0000000000000000
1120,0x00000000000,0x00000000000,0x0461cc543,0x00000000,0x00000000,0,0,00000000000000000000011873150c0000000000000000
1121,0x00000000000,0x00000000000,0x0465cc563,0x00000000,0x00000000,0,0,00000000000000000000011973158c0000000000000000
1122,0x00000000000,0x00000000000,0x03b00046b,0x12b27244,0x44a49041,0,0,0000000000000000000000ec0011ac959392244a490410
1123,0x00000000000,0x00000000000,0x0471ec683,0x00000000,0x00000000,0,0,00000000000000000000011c7b1a0c0000000000000000
1124,0x00000000000,0x00000000000,0x0475ec6a3,0x00000000,0x57d7a009,0,0,00000000000000000000011d7b1a8c000000057d7a0090
1125,0x00000000000,0x00000000000,0x0479ec6c3,0x00000000,0x00000000,0,0,00000000000000000000011e7b1b0c0000000000000000
1126,0x00000000000,0x00000000000,0x000000000,0x19995922,0x44e4d041,0,0,000000000000000000000000000000cccac9144e4d0410
1127,0x00000000000,0x00000000000,0x047dec6e3,0x00000000,0x00000000,0,0,00000000000000000000011f7b1b8c0000000000000000
1128,0x00000000000,0x00000000000,0x04880c803,0x00000000,0x00000000,0,0,00000000000000000000012203200c0000000000000000
1129,0x00000000000,0x00000000000,0x048c0c823,0x12d2b284,0x00000000,0,0,00000000000000000000012303208c9695942000000000
1130,0x00000000000,0x00000000000,0x000000000,0x15f5d4c2,0x45a59041,0,0,000000000000000000000000000000afaea6145a590410
1131,0x00000000000,0x00000000000,0x000000000,0x00000000,0x00000000,0,0,0000000000000000000000000000000000000000000000
1132,0x00000000000,0x00000000000,0x000000000,0x00000000,0x00000000,0,0,0000000000000000000000000000000000000000000000
1133,0x00000000000,0x00000000000,0x000000000,0x19b99962,0x00000000,0,0,000000000000000000000000000000cdcccb1000000000
1134,0x00000000000,0x00000000000,0x000000000,0x1b7b1ae2,0x45e5d041,0,0,000000000000000000000000000000dbd8d7145e5d0410
1135,0x00000000000,0x00000000000,0x000000000,0x00000000,0x00000000,0,0,0000000000000000000000000000000000000000000000
1136,0x00000000000,0x00000000000,0x000000000,0x00000000,0x00000000,0,0,0000000000000000000000000000000000000000000000
1137,0x00000000000,0x00000000000,0x000000000,0x00000000,0x00000000,0,0,0000000000000000000000000000000000000000000000
1138,0x000000e82e3,0x0000002a2be,0x000000000,0x00000000,0x46261041,0,0,000003a0b8c000002a2be0000000000000000462610410
1139,0x000000e92e7,0x00000000000,0x000000000,0x00000000,0x00000000,0,0,000003a4b9c00000000000000000000000000000000000
1140,0x000000ea2eb,0x00000000000,0x000000000,0x00000000,0x59d9a009,0,0,000003a8bac0000000000000000000000000059d9a0090
1141,0x000000eb2ef,0x00000000000,0x03400170c,0x00000000,0x00000000,0,0,000003acbbc00000000000d0005c300000000000000000
1142,0x00000000000,0x00000000000,0x03420172c,0x00000000,0x46665041,0,0,0000000000000000000000d0805cb00000000466650410
1143,0x00000000000,0x00000000000,0x03440174c,0x00000000,0x00000000,0,0,0000000000000000000000d1005d300000000000000000
1144,0x00000000000,0x00000000000,0x03460176c,0x00000000,0x00000000,0,0,0000000000000000000000d1805db00000000000000000
1145,0x00000000000,0x00000000000,0x000000000,0x00000000,0x00000000,0,0,0000000000000000000000000000000000000000000000
1146,0x00000000000,0x00000000000,0x000000000,0x17f7d6c2,0x47271041,0,0,000000000000000000000000000000bfbeb61472710410
1147,0x00000000000,0x00000000000,0x000000000,0x00000000,0x00000000,0,0,0000000000000000000000000000000000000000000000
1148,0x00000000000,0x00000000000,0x000000000,0x00000000,0x00000000,0,0,0000000000000000000000000000000000000000000000
1149,0x00000000000,0x00000000000,0x000000000,0x14943404,0x00000000,0,0,000000000000000000000000000000a4a1a02000000000
1150,0x00000000000,0x00000000000,0x03b2004ab,0x00000000,0x47675041,0,0,0000000000000000000000ec8012ac0000000476750410
1151,0x00000000000,0x00000000000,0x000000000,0x14b47444,0x00000000,0,0,000000000000000000000000000000a5a3a22000000000
1152,0x00000000000,0x00000000000,0x000000000,0x00000000,0x00000000,0,0,0000000000000000000000000000000000000000000000
1153,0x00000000000,0x00000000000,0x000000000,0x00000000,0x00000000,0,0,0000000000000000000000000000000000000000000000
1154,0x000000ec313,0x0000002b2fe,0x03b4004eb,0x00000000,0x47a79041,0,0,000003b0c4c000002b2fe0ed0013ac000000047a790410
1155,0x000000ee31b,0x00000000000,0x000000000,0x00000000,0x00000000,0,0,000003b8c6c00000000000000000000000000000000000
1156,0x000000ed317,0x00000000000,0x000000000,0x00000000,0x00000000,0,0,000003b4c5c00000000000000000000000000000000000
1157,0x000000ef31f,0x00000000000,0x03600188c,0x00000000,0x00000000,0,0,000003bcc7c00000000000d80062300000000000000000
1158,0x00000000000,0x00000000000,0x03ce005ab,0x14d4b484,0x47e7d041,0,0,0000000000000000000000f38016aca6a5a4247e7d0410
1159,0x00000000000,0x00000000000,0x0362018ac,0x00000000,0x00000000,0,0,0000000000000000000000d88062b00000000000000000
1160,0x00000000000,0x00000000000,0x0364018cc,0x00000000,0x00000000,0,0,0000000000000000000000d90063300000000000000000
1161,0x00000000000,0x00000000000,0x0366018ec,0x00000000,0x00000000,0,0,0000000000000000000000d98063b00000000000000000
1162,0x00000000000,0x00000000000,0x03d0005eb,0x00000000,0x48a89041,0,0,0000000000000000000000f40017ac000000048a890410
1163,0x00000000000,0x00000000000,0x000000000,0x19f9d8c2,0x00000000,0,0,000000000000000000000000000000cfcec61000000000
1164,0x00000000000,0x00000000000,0x000000000,0x00000000,0x00000000,0,0,0000000000000000000000000000000000000000000000
1165,0x00000000000,0x00000000000,0x000000000,0x00000000,0x00000000,0,0,0000000000000000000000000000000000000000000000
1166,0x00000000000,0x00000000000,0x03d20062b,0x1b9b5b22,0x48e8d041,0,0,0000000000000000000000f48018acdcdad9148e8d0410
1167,0x00000000000,0x00000000000,0x000000000,0x00000000,0x00000000,0,0,0000000000000000000000000000000000000000000000
1168,0x00000000000,0x00000000000,0x000000000,0x16963604,0x00000000,0,0,000000000000000000000000000000b4b1b02000000000
1169,0x00000000000,0x00000000000,0x000000000,0x16b67644,0x00000000,0,0,000000000000000000000000000000b5b3b22000000000
1170,0x00000000000,0x00000000000,0x03d40066b,0x00000000,0x00000000,0,0,0000000000000000000000f50019ac0000000000000000
1171,0x000000f0343,0x0000002c33e,0x000000000,0x00000000,0x00000000,0,0,000003c0d0c000002c33e0000000000000000000000000
1172,0x000000f1347,0x00000000000,0x000000000,0x00000000,0x00000000,0,0,000003c4d1c00000000000000000000000000000000000
1173,0x000000f234b,0x00000000000,0x000000000,0x1bbb9b62,0x00000000,0,0,000003c8d2c0000000000000000000dddcdb1000000000
1174,0x000000f334f,0x00000000000,0x03ee0072b,0x1d7d1ce2,0x00000000,0,0,000003ccd3c00000000000fb801cacebe8e71000000000
1175,0x00000000000,0x00000000000,0x038001a0c,0x00000000,0x00000000,0,0,0000000000000000000000e00068300000000000000000
1176,0x00000000000,0x00000000000,0x038201a2c,0x16d6b684,0x00000000,0,0,0000000000000000000000e08068b0b6b5b42000000000
1177,0x00000000000,0x00000000000,0x038401a4c,0x00000000,0x00000000,0,0,0000000000000000000000e10069300000000000000000
1178,0x00000000000,0x00000000000,0x03f00076b,0x00000000,0x00000000,0,0,0000000000000000000000fc001dac0000000000000000
1179,0x00000000000,0x00000000000,0x000000000,0x00000000,0x00000000,0,0,0000000000000000000000000000000000000000000000
1180,0x00000000000,0x00000000000,0x038601a6c,0x00000000,0x5bdba009,0,0,0000000000000000000000e18069b000000005bdba0090
1181,0x00000000000,0x00000000000,0x000000000,0x00000000,0x00000000,0,0,0000000000000000000000000000000000000000000000
1182,0x00000000000,0x00000000000,0x03f2007ab,0x1d9d5d22,0x00000000,0,0,0000000000000000000000fc801eaceceae91000000000
1183,0x00000000000,0x00000000000,0x000000000,0x00000000,0x00000000,0,0,0000000000000000000000000000000000000000000000
1184,0x00000000000,0x00000000000,0x000000000,0x18983804,0x00000000,0,0,000000000000000000000000000000c4c1c02000000000
1185,0x00000000000,0x00000000000,0x000000000,0x00000000,0x00000000,0,0,0000000000000000000000000000000000000000000000
1186,0x00000000000,0x00000000000,0x03f4007eb,0x00000000,0x00000000,0,0,0000000000000000000000fd001fac0000000000000000
1187,0x00000000000,0x00000000000,0x04900c843,0x00000000,0x00000000,0,0,00000000000000000000012403210c0000000000000000
1188,0x00000000000,0x00000000000,0x04940c863,0x00000000,0x00000000,0,0,00000000000000000000012503218c0000000000000000
1189,0x00000000000,0x00000000000,0x04a02c983,0x1dbd9d62,0x00000000,0,0,0000000000000000000001280b260cedeceb1000000000
1190,0x00000000000,0x00000000000,0x020e008ab,0x1f7f1ee2,0x00000000,0,0,0000000000000000000000838022acfbf8f71000000000
1191,0x00000000000,0x00000000000,0x04a42c9a3,0x00000000,0x00000000,0,0,0000000000000000000001290b268c0000000000000000
1192,0x00000000000,0x00000000000,0x04a82c9c3,0x00000000,0x00000000,0,0,00000000000000000000012a0b270c0000000000000000
1193,0x00000000000,0x00000000000,0x04ac2c9e3,0x00000000,0x00000000,0,0,00000000000000000000012b0b278c0000000000000000
1194,0x00000000000,0x00000000000,0x0210008eb,0x18b87844,0x49291041,0,0,0000000000000000000000840023acc5c3c22492910410
1195,0x00000000000,0x00000000000,0x04b84cb03,0x00000000,0x00000000,0,0,00000000000000000000012e132c0c0000000000000000
1196,0x00000000000,0x00000000000,0x04bc4cb23,0x00000000,0x5ddda009,0,0,00000000000000000000012f132c8c00000005ddda0090
1197,0x00000000000,0x00000000000,0x04c04cb43,0x00000000,0x00000000,0,0,000000000000000000000130132d0c0000000000000000
1198,0x00000000000,0x00000000000,0x000000000,0x1f9f5f22,0x49695041,0,0,000000000000000000000000000000fcfaf91496950410
1199,0x00000000000,0x00000000000,0x04c44cb63,0x00000000,0x00000000,0,0,000000000000000000000131132d8c0000000000000000
1200,0x00000000000,0x00000000000,0x04d06cc83,0x00000000,0x00000000,0,0,0000000000000000000001341b320c0000000000000000
1201,0x00000000000,0x00000000000,0x04d46cca3,0x18d8b884,0x00000000,0,0,0000000000000000000001351b328cc6c5c42000000000
1202,0x00000000000,0x00000000000,0x000000000,0x1bfbdac2,0x4a2a1041,0,0,000000000000000000000000000000dfded614a2a10410
1203,0x00000000000,0x00000000000,0x000000000,0x00000000,0x00000000,0,0,0000000000000000000000000000000000000000000000
1204,0x00000000000,0x00000000000,0x000000000,0x00000000,0x00000000,0,0,0000000000000000000000000000000000000000000000
1205,0x00000000000,0x00000000000,0x000000000,0x1fbf9f62,0x00000000,0,0,000000000000000000000000000000fdfcfb1000000000
1206,0x00000000000,0x00000000000,0x000000000,0x016100e2,0x4a6a5041,0,0,0000000000000000000000000000000b080714a6a50410
1207,0x00000000000,0x00000000000,0x000000000,0x00000000,0x00000000,0,0,0000000000000000000000000000000000000000000000
1208,0x00000000000,0x00000000000,0x000000000,0x00000000,0x00000000,0,0,0000000000000000000000000000000000000000000000
1209,0x00000000000,0x00000000000,0x000000000,0x00000000,0x00000000,0,0,0000000000000000000000000000000000000000000000
1210,0x000000f4373,0x0000002d37e,0x000000000,0x00000000,0x4aaa9041,0,0,000003d0dcc000002d37e00000000000000004aaa90410
1211,0x000000f5377,0x00000000000,0x000000000,0x00000000,0x00000000,0,0,000003d4ddc00000000000000000000000000000000000
1212,0x000000f637b,0x00000000000,0x000000000,0x00000000,0x5fdfa009,0,0,000003d8dec000000000000000000000000005fdfa0090
1213,0x000000f737f,0x00000000000,0x03a001b8c,0x00000000,0x00000000,0,0,000003dcdfc00000000000e8006e300000000000000000
1214,0x00000000000,0x00000000000,0x03a201bac,0x00000000,0x4aead041,0,0,0000000000000000000000e8806eb000000004aead0410
1215,0x00000000000,0x00000000000,0x03a401bcc,0x00000000,0x00000000,0,0,0000000000000000000000e9006f300000000000000000
1216,0x00000000000,0x00000000000,0x03a601bec,0x00000000,0x00000000,0,0,0000000000000000000000e9806fb00000000000000000
1217,0x00000000000,0x00000000000,0x000000000,0x00000000,0x00000000,0,0,0000000000000000000000000000000000000000000000
1218,0x00000000000,0x00000000000,0x000000000,0x1dfddcc2,0x4bab9041,0,0,000000000000000000000000000000efeee614bab90410
1219,0x00000000000,0x00000000000,0x000000000,0x00000000,0x00000000,0,0,0000000000000000000000000000000000000000000000
1220,0x00000000000,0x00000000000,0x000000000,0x00000000,0x00000000,0,0,0000000000000000000000000000000000000000000000
1221,0x00000000000,0x00000000000,0x000000000,0x1a9a3a04,0x00000000,0,0,000000000000000000000000000000d4d1d02000000000
1222,0x00000000000,0x00000000000,0x02120092b,0x00000000,0x4bebd041,0,0,0000000000000000000000848024ac00000004bebd0410
1223,0x00000000000,0x00000000000,0x000000000,0x1aba7a44,0x00000000,0,0,000000000000000000000000000000d5d3d22000000000
1224,0x00000000000,0x00000000000,0x000000000,0x00000000,0x00000000,0,0,0000000000000000000000000000000000000000000000
1225,0x00000000000,0x00000000000,0x000000000,0x00000000,0x00000000,0,0,0000000000000000000000000000000000000000000000
1226,0x000000f83a3,0x0000002e3be,0x02140096b,0x00000000,0x4c2c1041,0,0,000003e0e8c000002e3be0850025ac00000004c2c10410
1227,0x000000fa3ab,0x00000000000,0x000000000,0x00000000,0x00000000,0,0,000003e8eac00000000000000000000000000000000000
1228,0x000000f93a7,0x00000000000,0x000000000,0x00000000,0x00000000,0,0,000003e4e9c00000000000000000000000000000000000
1229,0x000000fb3af,0x00000000000,0x03c001d0c,0x00000000,0x00000000,0,0,000003ecebc00000000000f00074300000000000000000
1230,0x00000000000,0x00000000000,0x022e00a2b,0x1adaba84,0x4c6c5041,0,0,00000000000000000000008b8028acd6d5d424c6c50410
1231,0x00000000000,0x00000000000,0x03c201d2c,0x00000000,0x00000000,0,0,0000000000000000000000f08074b00000000000000000
1232,0x00000000000,0x00000000000,0x03c401d4c,0x00000000,0x00000000,0,0,0000000000000000000000f10075300000000000000000
1233,0x00000000000,0x00000000000,0x03c601d6c,0x00000000,0x00000000,0,0,0000000000000000000000f18075b00000000000000000
1234,0x00000000000,0x00000000000,0x023000a6b,0x00000000,0x4d2d1041,0,0,00000000000000000000008c0029ac00000004d2d10410
1235,0x00000000000,0x00000000000,0x000000000,0x1fffdec2,0x00000000,0,0,000000000000000000000000000000fffef61000000000
1236,0x00000000000,0x00000000000,0x000000000,0x00000000,0x00000000,0,0,0000000000000000000000000000000000000000000000
1237,0x00000000000,0x00000000000,0x000000000,0x00000000,0x00000000,0,0,0000000000000000000000000000000000000000000000
1238,0x00000000000,0x00000000000,0x023200aab,0x01814122,0x4d6d5041,0,0,00000000000000000000008c802aac0c0a0914d6d50410
1239,0x00000000000,0x00000000000,0x000000000,0x00000000,0x00000000,0,0,0000000000000000000000000000000000000000000000
1240,0x00000000000,0x00000000000,0x000000000,0x1c9c3c04,0x00000000,0,0,000000000000000000000000000000e4e1e02000000000
1241,0x00000000000,0x00000000000,0x000000000,0x1cbc7c44,0x00000000,0,0,000000000000000000000000000000e5e3e22000000000
1242,0x00000000000,0x00000000000,0x023400aeb,0x00000000,0x00000000,0,0,00000000000000000000008d002bac0000000000000000
1243,0x000000fc3d3,0x0000002f3fe,0x000000000,0x00000000,0x00000000,0,0,000003f0f4c000002f3fe0000000000000000000000000
1244,0x000000fd3d7,0x00000000000,0x000000000,0x00000000,0x00000000,0,0,000003f4f5c00000000000000000000000000000000000
1245,0x000000fe3db,0x00000000000,0x000000000,0x01a18162,0x00000000,0,0,000003f8f6c00000000000000000000d0c0b1000000000
1246,0x000000ff3df,0x00000000000,0x024e00bab,0x036302e2,0x00000000,0,0,000003fcf7c0000000000093802eac1b18171000000000
1247,0x00000000000,0x00000000000,0x03e001e8c,0x00000000,0x00000000,0,0,0000000000000000000000f8007a300000000000000000
1248,0x00000000000,0x00000000000,0x03e201eac,0x1cdcbc84,0x00000000,0,0,0000000000000000000000f8807ab0e6e5e42000000000
1249,0x00000000000,0x00000000000,0x03e401ecc,0x00000000,0x00000000,0,0,0000000000000000000000f9007b300000000000000000
1250,0x00000000000,0x00000000000,0x025000beb,0x00000000,0x00000000,0,0,000000000000000000000094002fac0000000000000000
1251,0x00000000000,0x00000000000,0x000000000,0x00000000,0x00000000,0,0,0000000000000000000000000000000000000000000000
1252,0x00000000000,0x00000000000,0x03e601eec,0x00000000,0x41c1a009,0,0,0000000000000000000000f9807bb0000000041c1a0090
1253,0x00000000000,0x00000000000,0x000000000,0x00000000,0x00000000,0,0,0000000000000000000000000000000000000000000000
1254,0x00000000000,0x00000000000,0x025200c2b,0x03834322,0x00000000,0,0,0000000000000000000000948030ac1c1a191000000000
1255,0x00000000000,0x00000000000,0x000000000,0x00000000,0x00000000,0,0,0000000000000000000000000000000000000000000000
1256,0x00000000000,0x00000000000,0x000000000,0x1e9e3e04,0x00000000,0,0,000000000000000000000000000000f4f1f02000000000
1257,0x00000000000,0x00000000000,0x000000000,0x00000000,0x00000000,0,0,0000000000000000000000000000000000000000000000
1258,0x00000000000,0x00000000000,0x025400c6b,0x00000000,0x00000000,0,0,0000000000000000000000950031ac0000000000000000
1259,0x00000000000,0x00000000000,0x04d86ccc3,0x00000000,0x00000000,0,0,0000000000000000000001361b330c0000000000000000
1260,0x00000000000,0x00000000000,0x04dc6cce3,0x00000000,0x00000000,0,0,0000000000000000000001371b338c0000000000000000
1261,0x00000000000,0x00000000000,0x04e88ce03,0x03a38362,0x00000000,0,0,00000000000000000000013a23380c1d1c1b1000000000
1262,0x00000000000,0x00000000000,0x026e00d2b,0x056504e2,0x00000000,0,0,00000000000000000000009b8034ac2b28271000000000
1263,0x00000000000,0x00000000000,0x04ec8ce23,0x00000000,0x00000000,0,0,00000000000000000000013b23388c0000000000000000
1264,0x00000000000,0x00000000000,0x04f08ce43,0x00000000,0x00000000,0,0,00000000000000000000013c23390c0000000000000000
1265,0x00000000000,0x00000000000,0x04f48ce63,0x00000000,0x00000000,0,0,00000000000000000000013d23398c0000000000000000
1266,0x00000000000,0x00000000000,0x027000d6b,0x1ebe7e44,0x4dad9041,0,0,00000000000000000000009c0035acf5f3f224dad90410
1267,0x00000000000,0x00000000000,0x0500acf83,0x00000000,0x00000000,0,0,0000000000000000000001402b3e0c0000000000000000
1268,0x00000000000,0x00000000000,0x0504acfa3,0x00000000,0x43c3a009,0,0,0000000000000000000001412b3e8c000000043c3a0090
1269,0x00000000000,0x00000000000,0x0508acfc3,0x00000000,0x00000000,0,0,0000000000000000000001422b3f0c0000000000000000
1270,0x00000000000,0x00000000000,0x000000000,0x05854522,0x4dedd041,0,0,0000000000000000000000000000002c2a2914dedd0410
1271,0x00000000000,0x00000000000,0x050cacfe3,0x00000000,0x00000000,0,0,0000000000000000000001432b3f8c0000000000000000
1272,0x00000000000,0x00000000000,0x0518cd103,0x00000000,0x00000000,0,0,00000000000000000000014633440c0000000000000000
1273,0x00000000000,0x00000000000,0x051ccd123,0x1edebe84,0x00000000,0,0,00000000000000000000014733448cf6f5f42000000000
1274,0x00000000000,0x00000000000,0x000000000,0x01e1c0c2,0x4eae9041,0,0,0000000000000000000000000000000f0e0614eae90410
1275,0x00000000000,0x00000000000,0x000000000,0x00000000,0x00000000,0,0,0000000000000000000000000000000000000000000000
1276,0x00000000000,0x00000000000,0x000000000,0x00000000,0x00000000,0,0,0000000000000000000000000000000000000000000000
1277,0x00000000000,0x00000000000,0x000000000,0x05a58562,0x00000000,0,0,0000000000000000000000000000002d2c2b1000000000
1278,0x00000000000,0x00000000000,0x000000000,0x076706e2,0x4eeed041,0,0,0000000000000000000000000000003b383714eeed0410
1279,0x00000000000,0x00000000000,0x000000000,0x00000000,0x00000000,0,0,0000000000000000000000000000000000000000000000
1280,0x00000000000,0x00000000000,0x000000000,0x00000000,0x00000000,0,0,0000000000000000000000000000000000000000000000
1281,0x00000000000,0x00000000000,0x000000000,0x00000000,0x00000000,0,0,0000000000000000000000000000000000000000000000
1282,0x00000000000,0x0000003003e,0x000000000,0x00000000,0x4f2f1041,0,0,00000000000000003003e00000000000000004f2f10410
1283,0x00000000000,0x00000000000,0x000000000,0x00000000,0x00000000,0,0,0000000000000000000000000000000000000000000000
1284,0x00000000000,0x00000000000,0x000000000,0x00000000,0x45c5a009,0,0,000000000000000000000000000000000000045c5a0090
1285,0x00000000000,0x00000000000,0x000000000,0x00000000,0x00000000,0,0,0000000000000000000000000000000000000000000000
1286,0x00000000000,0x00000000000,0x000000000,0x00000000,0x4f6f5041,0,0,00000000000000000000000000000000000004f6f50410
1287,0x00000000000,0x00000000000,0x000000000,0x00000000,0x00000000,0,0,0000000000000000000000000000000000000000000000
1288,0x00000000000,0x00000000000,0x000000000,0x00000000,0x00000000,0,0,0000000000000000000000000000000000000000000000
1289,0x00000000000,0x00000000000,0x000000000,0x00000000,0x00000000,0,0,0000000000000000000000000000000000000000000000
1290,0x00000000000,0x00000000000,0x000000000,0x03e3c2c2,0x50301041,0,0,0000000000000000000000000000001f1e161503010410
1291,0x00000000000,0x00000000000,0x000000000,0x00000000,0x00000000,0,0,0000000000000000000000000000000000000000000000
1292,0x00000000000,0x00000000000,0x000000000,0x00000000,0x00000000,0,0,0000000000000000000000000000000000000000000000
1293,0x00000000000,0x00000000000,0x000000000,0x00000000,0x00000000,0,0,0000000000000000000000000000000000000000000000
1294,0x00000000000,0x00000000000,0x027200dab,0x00000000,0x50705041,0,0,00000000000000000000009c8036ac0000000507050410
1295,0x00000000000,0x00000000000,0x000000000,0x00000000,0x00000000,0,0,0000000000000000000000000000000000000000000000
1296,0x00000000000,0x00000000000,0x000000000,0x00000000,0x00000000,0,0,0000000000000000000000000000000000000000000000
1297,0x00000000000,0x00000000000,0x000000000,0x00000000,0x00000000,0,0,0000000000000000000000000000000000000000000000
1298,0x00000000000,0x0000003107e,0x027400deb,0x00000000,0x50b09041,0,0,00000000000000003107e09d0037ac000000050b090410
1299,0x00000000000,0x00000000000,0x000000000,0x00000000,0x00000000,0,0,0000000000000000000000000000000000000000000000
1300,0x00000000000,0x00000000000,0x000000000,0x00000000,0x00000000,0,0,0000000000000000000000000000000000000000000000
1301,0x00000000000,0x00000000000,0x000000000,0x00000000,0x00000000,0,0,0000000000000000000000000000000000000000000000
1302,0x00000000000,0x00000000000,0x028e00eab,0x00000000,0x50f0d041,0,0,0000000000000000000000a3803aac000000050f0d0410
1303,0x00000000000,0x00000000000,0x000000000,0x00000000,0x00000000,0,0,0000000000000000000000000000000000000000000000
1304,0x00000000000,0x00000000000,0x000000000,0x00000000,0x00000000,0,0,0000000000000000000000000000000000000000000000
1305,0x00000000000,0x00000000000,0x000000000,0x00000000,0x00000000,0,0,0000000000000000000000000000000000000000000000
1306,0x00000000000,0x00000000000,0x029000eeb,0x00000000,0x51b19041,0,0,0000000000000000000000a4003bac000000051b190410
1307,0x00000000000,0x00000000000,0x000000000,0x05e5c4c2,0x00000000,0,0,0000000000000000000000000000002f2e261000000000
1308,0x00000000000,0x00000000000,0x000000000,0x00000000,0x00000000,0,0,0000000000000000000000000000000000000000000000
1309,0x00000000000,0x00000000000,0x000000000,0x00000000,0x00000000,0,0,0000000000000000000000000000000000000000000000
1310,0x00000000000,0x00000000000,0x029200f2b,0x07874722,0x51f1d041,0,0,0000000000000000000000a4803cac3c3a39151f1d0410
1311,0x00000000000,0x00000000000,0x000000000,0x00000000,0x00000000,0,0,0000000000000000000000000000000000000000000000
1312,0x00000000000,0x00000000000,0x000000000,0x00000000,0x00000000,0,0,0000000000000000000000000000000000000000000000
1313,0x00000000000,0x00000000000,0x000000000,0x00000000,0x00000000,0,0,0000000000000000000000000000000000000000000000
1314,0x00000000000,0x00000000000,0x029400f6b,0x00000000,0x00000000,0,0,0000000000000000000000a5003dac0000000000000000
1315,0x00000000000,0x000000320be,0x000000000,0x00000000,0x00000000,0,0,0000000000000000320be0000000000000000000000000
1316,0x00000000000,0x00000000000,0x000000000,0x00000000,0x00000000,0,0,0000000000000000000000000000000000000000000000
1317,0x00000000000,0x00000000000,0x000000000,0x07a78762,0x00000000,0,0,0000000000000000000000000000003d3c3b1000000000
1318,0x00000000000,0x00000000000,0x02ae0102b,0x096908e2,0x00000000,0,0,0000000000000000000000ab8040ac4b48471000000000
1319,0x00000000000,0x00000000000,0x000000000,0x00000000,0x00000000,0,0,0000000000000000000000000000000000000000000000
1320,0x00000000000,0x00000000000,0x000000000,0x00000000,0x00000000,0,0,0000000000000000000000000000000000000000000000
1321,0x00000000000,0x00000000000,0x000000000,0x00000000,0x00000000,0,0,0000000000000000000000000000000000000000000000
1322,0x00000000000,0x00000000000,0x02b00106b,0x00000000,0x00000000,0,0,0000000000000000000000ac0041ac0000000000000000
1323,0x00000000000,0x00000000000,0x000000000,0x00000000,0x00000000,0,0,0000000000000000000000000000000000000000000000
1324,0x00000000000,0x00000000000,0x000000000,0x00000000,0x47c7a009,0,0,000000000000000000000000000000000000047c7a0090
1325,0x00000000000,0x00000000000,0x000000000,0x00000000,0x00000000,0,0,0000000000000000000000000000000000000000000000
1326,0x00000000000,0x00000000000,0x02b2010ab,0x09894922,0x00000000,0,0,0000000000000000000000ac8042ac4c4a491000000000
1327,0x00000000000,0x00000000000,0x000000000,0x00000000,0x00000000,0,0,0000000000000000000000000000000000000000000000
1328,0x00000000000,0x00000000000,0x000000000,0x00000000,0x00000000,0,0,0000000000000000000000000000000000000000000000
1329,0x00000000000,0x00000000000,0x000000000,0x00000000,0x00000000,0,0,0000000000000000000000000000000000000000000000
1330,0x00000000000,0x00000000000,0x02b4010eb,0x00000000,0x00000000,0,0,0000000000000000000000ad0043ac0000000000000000
1331,0x00000000000,0x00000000000,0x0520cd143,0x00000000,0x00000000,0,0,00000000000000000000014833450c0000000000000000
1332,0x00000000000,0x00000000000,0x0524cd163,0x00000000,0x00000000,0,0,00000000000000000000014933458c0000000000000000
1333,0x00000000000,0x00000000000,0x0530ed283,0x09a98962,0x00000000,0,0,00000000000000000000014c3b4a0c4d4c4b1000000000
1334,0x00000000000,0x00000000000,0x02ce011ab,0x0b6b0ae2,0x00000000,0,0,0000000000000000000000b38046ac5b58571000000000
1335,0x00000000000,0x00000000000,0x0534ed2a3,0x00000000,0x00000000,0,0,00000000000000000000014d3b4a8c0000000000000000
1336,0x00000000000,0x00000000000,0x0538ed2c3,0x00000000,0x00000000,0,0,00000000000000000000014e3b4b0c0000000000000000
1337,0x00000000000,0x00000000000,0x053ced2e3,0x00000000,0x00000000,0,0,00000000000000000000014f3b4b8c0000000000000000
1338,0x00000000000,0x00000000000,0x02d0011eb,0x00000000,0x52321041,0,0,0000000000000000000000b40047ac0000000523210410
1339,0x00000000000,0x00000000000,0x05490d403,0x00000000,0x00000000,0,0,00000000000000000000015243500c0000000000000000
1340,0x00000000000,0x00000000000,0x054d0d423,0x00000000,0x49c9a009,0,0,00000000000000000000015343508c000000049c9a0090
1341,0x00000000000,0x00000000000,0x05510d443,0x00000000,0x00000000,0,0,00000000000000000000015443510c0000000000000000
1342,0x00000000000,0x00000000000,0x000000000,0x0b8b4b22,0x52725041,0,0,0000000000000000000000000000005c5a591527250410
1343,0x00000000000,0x00000000000,0x05550d463,0x00000000,0x00000000,0,0,00000000000000000000015543518c0000000000000000
1344,0x00000000000,0x00000000000,0x05612d583,0x00000000,0x00000000,0,0,0000000000000000000001584b560c0000000000000000
1345,0x00000000000,0x00000000000,0x05652d5a3,0x00000000,0x00000000,0,0,0000000000000000000001594b568c0000000000000000
1346,0x00000000000,0x00000000000,0x000000000,0x07e7c6c2,0x53331041,0,0,0000000000000000000000000000003f3e361533310410
1347,0x00000000000,0x00000000000,0x000000000,0x00000000,0x00000000,0,0,0000000000000000000000000000000000000000000000
1348,0x00000000000,0x00000000000,0x000000000,0x00000000,0x00000000,0,0,0000000000000000000000000000000000000000000000
1349,0x00000000000,0x00000000000,0x000000000,0x0bab8b62,0x00000000,0,0,0000000000000000000000000000005d5c5b1000000000
1350,0x00000000000,0x00000000000,0x000000000,0x0d6d0ce2,0x53735041,0,0,0000000000000000000000000000006b68671537350410
1351,0x00000000000,0x00000000000,0x000000000,0x00000000,0x00000000,0,0,0000000000000000000000000000000000000000000000
1352,0x00000000000,0x00000000000,0x000000000,0x00000000,0x00000000,0,0,0000000000000000000000000000000000000000000000
1353,0x00000000000,0x00000000000,0x000000000,0x00000000,0x00000000,0,0,0000000000000000000000000000000000000000000000
1354,0x00000000000,0x000000330fe,0x000000000,0x00000000,0x53b39041,0,0,0000000000000000330fe000000000000000053b390410
1355,0x00000000000,0x00000000000,0x000000000,0x00000000,0x00000000,0,0,0000000000000000000000000000000000000000000000
1356,0x00000000000,0x00000000000,0x000000000,0x00000000,0x4bcba009,0,0,00000000000000000000000000000000000004bcba0090
1357,0x00000000000,0x00000000000,0x000000000,0x00000000,0x00000000,0,0,0000000000000000000000000000000000000000000000
1358,0x00000000000,0x00000000000,0x000000000,0x00000000,0x53f3d041,0,0,000000000000000000000000000000000000053f3d0410
1359,0x00000000000,0x00000000000,0x000000000,0x00000000,0x00000000,0,0,0000000000000000000000000000000000000000000000
1360,0x00000000000,0x00000000000,0x000000000,0x00000000,0x00000000,0,0,0000000000000000000000000000000000000000000000
1361,0x00000000000,0x00000000000,0x000000000,0x00000000,0x00000000,0,0,0000000000000000000000000000000000000000000000
1362,0x00000000000,0x00000000000,0x000000000,0x09e9c8c2,0x54b49041,0,0,0000000000000000000000000000004f4e46154b490410
1363,0x00000000000,0x00000000000,0x000000000,0x00000000,0x00000000,0,0,0000000000000000000000000000000000000000000000
1364,0x00000000000,0x00000000000,0x000000000,0x00000000,0x00000000,0,0,0000000000000000000000000000000000000000000000
1365,0x00000000000,0x00000000000,0x000000000,0x00000000,0x00000000,0,0,0000000000000000000000000000000000000000000000
1366,0x00000000000,0x00000000000,0x02d20122b,0x00000000,0x54f4d041,0,0,0000000000000000000000b48048ac000000054f4d0410
1367,0x00000000000,0x00000000000,0x000000000,0x00000000,0x00000000,0,0,0000000000000000000000000000000000000000000000
1368,0x00000000000,0x00000000000,0x000000000,0x00000000,0x00000000,0,0,0000000000000000000000000000000000000000000000
1369,0x00000000000,0x00000000000,0x000000000,0x00000000,0x00000000,0,0,0000000000000000000000000000000000000000000000
1370,0x00000000000,0x0000003413e,0x02d40126b,0x00000000,0x55351041,0,0,00000000000000003413e0b50049ac0000000553510410
1371,0x00000000000,0x00000000000,0x000000000,0x00000000,0x00000000,0,0,0000000000000000000000000000000000000000000000
1372,0x00000000000,0x00000000000,0x000000000,0x00000000,0x00000000,0,0,0000000000000000000000000000000000000000000000
1373,0x00000000000,0x00000000000,0x000000000,0x00000000,0x00000000,0,0,0000000000000000000000000000000000000000000000
1374,0x00000000000,0x00000000000,0x02ee0132b,0x00000000,0x55755041,0,0,0000000000000000000000bb804cac0000000557550410
1375,0x00000000000,0x00000000000,0x000000000,0x00000000,0x00000000,0,0,0000000000000000000000000000000000000000000000
1376,0x00000000000,0x00000000000,0x000000000,0x00000000,0x00000000,0,0,0000000000000000000000000000000000000000000000
1377,0x00000000000,0x00000000000,0x000000000,0x00000000,0x00000000,0,0,0000000000000000000000000000000000000000000000
1378,0x00000000000,0x00000000000,0x02f00136b,0x00000000,0x56361041,0,0,0000000000000000000000bc004dac0000000563610410
1379,0x00000000000,0x00000000000,0x000000000,0x0bebcac2,0x00000000,0,0,0000000000000000000000000000005f5e561000000000
1380,0x00000000000,0x00000000000,0x000000000,0x00000000,0x00000000,0,0,0000000000000000000000000000000000000000000000
1381,0x00000000000,0x00000000000,0x000000000,0x00000000,0x00000000,0,0,0000000000000000000000000000000000000000000000
1382,0x00000000000,0x00000000000,0x02f2013ab,0x0d8d4d22,0x56765041,0,0,0000000000000000000000bc804eac6c6a691567650410
1383,0x00000000000,0x00000000000,0x000000000,0x00000000,0x00000000,0,0,0000000000000000000000000000000000000000000000
1384,0x00000000000,0x00000000000,0x000000000,0x00000000,0x00000000,0,0,0000000000000000000000000000000000000000000000
1385,0x00000000000,0x00000000000,0x000000000,0x00000000,0x00000000,0,0,0000000000000000000000000000000000000000000000
1386,0x00000000000,0x00000000000,0x02f4013eb,0x00000000,0x00000000,0,0,0000000000000000000000bd004fac0000000000000000
1387,0x00000000000,0x0000003517e,0x000000000,0x00000000,0x00000000,0,0,00000000000000003517e0000000000000000000000000
1388,0x00000000000,0x00000000000,0x000000000,0x00000000,0x00000000,0,0,0000000000000000000000000000000000000000000000
1389,0x00000000000,0x00000000000,0x000000000,0x0dad8d62,0x00000000,0,0,0000000000000000000000000000006d6c6b1000000000
1390,0x00000000000,0x00000000000,0x030e014ab,0x0f6f0ee2,0x00000000,0,0,0000000000000000000000c38052ac7b78771000000000
1391,0x00000000000,0x00000000000,0x000000000,0x00000000,0x00000000,0,0,0000000000000000000000000000000000000000000000
1392,0x00000000000,0x00000000000,0x000000000,0x00000000,0x00000000,0,0,0000000000000000000000000000000000000000000000
1393,0x00000000000,0x00000000000,0x000000000,0x00000000,0x00000000,0,0,0000000000000000000000000000000000000000000000
1394,0x00000000000,0x00000000000,0x0310014eb,0x00000000,0x00000000,0,0,0000000000000000000000c40053ac0000000000000000
1395,0x00000000000,0x00000000000,0x000000000,0x00000000,0x00000000,0,0,0000000000000000000000000000000000000000000000
1396,0x00000000000,0x00000000000,0x000000000,0x00000000,0x4dcda009,0,0,00000000000000000000000000000000000004dcda0090
1397,0x00000000000,0x00000000000,0x000000000,0x00000000,0x00000000,0,0,0000000000000000000000000000000000000000000000
1398,0x00000000000,0x00000000000,0x03120152b,0x0f8f4f22,0x00000000,0,0,0000000000000000000000c48054ac7c7a791000000000
1399,0x00000000000,0x00000000000,0x000000000,0x00000000,0x00000000,0,0,0000000000000000000000000000000000000000000000
1400,0x00000000000,0x00000000000,0x000000000,0x00000000,0x00000000,0,0,0000000000000000000000000000000000000000000000
1401,0x00000000000,0x00000000000,0x000000000,0x00000000,0x00000000,0,0,0000000000000000000000000000000000000000000000
1402,0x00000000000,0x00000000000,0x03140156b,0x00000000,0x00000000,0,0,0000000000000000000000c50055ac0000000000000000
1403,0x00000000000,0x00000000000,0x05692d5c3,0x00000000,0x00000000,0,0,00000000000000000000015a4b570c0000000000000000
1404,0x00000000000,0x00000000000,0x056d2d5e3,0x00000000,0x00000000,0,0,00000000000000000000015b4b578c0000000000000000
1405,0x00000000000,0x00000000000,0x05794d703,0x0faf8f62,0x00000000,0,0,00000000000000000000015e535c0c7d7c7b1000000000
1406,0x00000000000,0x00000000000,0x032e0162b,0x117110e2,0x00000000,0,0,0000000000000000000000cb8058ac8b88871000000000
1407,0x00000000000,0x00000000000,0x057d4d723,0x00000000,0x00000000,0,0,00000000000000000000015f535c8c0000000000000000
1408,0x00000000000,0x00000000000,0x05814d743,0x00000000,0x00000000,0,0,000000000000000000000160535d0c0000000000000000
1409,0x00000000000,0x00000000000,0x05854d763,0x00000000,0x00000000,0,0,000000000000000000000161535d8c0000000000000000
1410,0x00000000000,0x00000000000,0x03300166b,0x00000000,0x56b69041,0,0,0000000000000000000000cc0059ac000000056b690410
1411,0x00000000000,0x00000000000,0x05916d883,0x00000000,0x00000000,0,0,0000000000000000000001645b620c0000000000000000
1412,0x00000000000,0x00000000000,0x05956d8a3,0x00000000,0x4fcfa009,0,0,0000000000000000000001655b628c00000004fcfa0090
1413,0x00000000000,0x00000000000,0x05996d8c3,0x00000000,0x00000000,0,0,0000000000000000000001665b630c0000000000000000
1414,0x00000000000,0x00000000000,0x000000000,0x11915122,0x56f6d041,0,0,0000000000000000000000000000008c8a89156f6d0410
1415,0x00000000000,0x00000000000,0x059d6d8e3,0x00000000,0x00000000,0,0,0000000000000000000001675b638c0000000000000000
1416,0x00000000000,0x00000000000,0x05a98da03,0x00000000,0x00000000,0,0,00000000000000000000016a63680c0000000000000000
1417,0x00000000000,0x00000000000,0x05ad8da23,0x00000000,0x00000000,0,0,00000000000000000000016b63688c0000000000000000
1418,0x00000000000,0x00000000000,0x000000000,0x0dedccc2,0x57b79041,0,0,0000000000000000000000000000006f6e66157b790410
1419,0x00000000000,0x00000000000,0x000000000,0x00000000,0x00000000,0,0,0000000000000000000000000000000000000000000000
1420,0x00000000000,0x00000000000,0x000000000,0x00000000,0x00000000,0,0,0000000000000000000000000000000000000000000000
1421,0x00000000000,0x00000000000,0x000000000,0x11b19162,0x00000000,0,0,0000000000000000000000000000008d8c8b1000000000
1422,0x00000000000,0x00000000000,0x000000000,0x137312e2,0x57f7d041,0,0,0000000000000000000000000000009b9897157f7d0410
1423,0x00000000000,0x00000000000,0x000000000,0x00000000,0x00000000,0,0,0000000000000000000000000000000000000000000000
1424,0x00000000000,0x00000000000,0x000000000,0x00000000,0x00000000,0,0,0000000000000000000000000000000000000000000000
1425,0x00000000000,0x00000000000,0x000000000,0x00000000,0x00000000,0,0,0000000000000000000000000000000000000000000000
1426,0x00000000000,0x000000361be,0x000000000,0x00000000,0x58381041,0,0,0000000000000000361be0000000000000000583810410
1427,0x00000000000,0x00000000000,0x000000000,0x00000000,0x00000000,0,0,0000000000000000000000000000000000000000000000
1428,0x00000000000,0x00000000000,0x000000000,0x00000000,0x51d1a009,0,0,000000000000000000000000000000000000051d1a0090
1429,0x00000000000,0x00000000000,0x000000000,0x00000000,0x00000000,0,0,0000000000000000000000000000000000000000000000
1430,0x00000000000,0x00000000000,0x000000000,0x00000000,0x58785041,0,0,0000000000000000000000000000000000000587850410
1431,0x00000000000,0x00000000000,0x000000000,0x00000000,0x00000000,0,0,0000000000000000000000000000000000000000000000
1432,0x00000000000,0x00000000000,0x000000000,0x00000000,0x00000000,0,0,0000000000000000000000000000000000000000000000
1433,0x00000000000,0x00000000000,0x000000000,0x00000000,0x00000000,0,0,0000000000000000000000000000000000000000000000
1434,0x00000000000,0x00000000000,0x000000000,0x0fefcec2,0x59391041,0,0,0000000000000000000000000000007f7e761593910410
1435,0x00000000000,0x00000000000,0x000000000,0x00000000,0x00000000,0,0,0000000000000000000000000000000000000000000000
1436,0x00000000000,0x00000000000,0x000000000,0x00000000,0x00000000,0,0,0000000000000000000000000000000000000000000000
1437,0x00000000000,0x00000000000,0x000000000,0x00000000,0x00000000,0,0,0000000000000000000000000000000000000000000000
1438,0x00000000000,0x00000000000,0x0332016ab,0x00000000,0x59795041,0,0,0000000000000000000000cc805aac0000000597950410
1439,0x00000000000,0x00000000000,0x000000000,0x00000000,0x00000000,0,0,0000000000000000000000000000000000000000000000
1440,0x00000000000,0x00000000000,0x000000000,0x00000000,0x00000000,0,0,0000000000000000000000000000000000000000000000
1441,0x00000000000,0x00000000000,0x000000000,0x00000000,0x00000000,0,0,0000000000000000000000000000000000000000000000
1442,0x00000000000,0x000000371fe,0x0334016eb,0x00000000,0x59b99041,0,0,0000000000000000371fe0cd005bac000000059b990410
1443,0x00000000000,0x00000000000,0x000000000,0x00000000,0x00000000,0,0,0000000000000000000000000000000000000000000000
1444,0x00000000000,0x00000000000,0x000000000,0x00000000,0x00000000,0,0,0000000000000000000000000000000000000000000000
1445,0x00000000000,0x00000000000,0x000000000,0x00000000,0x00000000,0,0,0000000000000000000000000000000000000000000000
1446,0x00000000000,0x00000000000,0x034e017ab,0x00000000,0x59f9d041,0,0,0000000000000000000000d3805eac000000059f9d0410
1447,0x00000000000,0x00000000000,0x000000000,0x00000000,0x00000000,0,0,0000000000000000000000000000000000000000000000
1448,0x00000000000,0x00000000000,0x000000000,0x00000000,0x00000000,0,0,0000000000000000000000000000000000000000000000
1449,0x00000000000,0x00000000000,0x000000000,0x00000000,0x00000000,0,0,0000000000000000000000000000000000000000000000
1450,0x00000000000,0x00000000000,0x0350017eb,0x00000000,0x5aba9041,0,0,0000000000000000000000d4005fac00000005aba90410
1451,0x00000000000,0x00000000000,0x000000000,0x11f1d0c2,0x00000000,0,0,0000000000000000000000000000008f8e861000000000
1452,0x00000000000,0x00000000000,0x000000000,0x00000000,0x00000000,0,0,0000000000000000000000000000000000000000000000
1453,0x00000000000,0x00000000000,0x000000000,0x00000000,0x00000000,0,0,0000000000000000000000000000000000000000000000
1454,0x00000000000,0x00000000000,0x03520182b,0x13935322,0x5afad041,0,0,0000000000000000000000d48060ac9c9a9915afad0410
1455,0x00000000000,0x00000000000,0x000000000,0x00000000,0x00000000,0,0,0000000000000000000000000000000000000000000000
1456,0x00000000000,0x00000000000,0x000000000,0x00000000,0x00000000,0,0,0000000000000000000000000000000000000000000000
1457,0x00000000000,0x00000000000,0x000000000,0x00000000,0x00000000,0,0,0000000000000000000000000000000000000000000000
1458,0x00000000000,0x00000000000,0x03540186b,0x00000000,0x00000000,0,0,0000000000000000000000d50061ac0000000000000000
1459,0x00000000000,0x0000003823e,0x000000000,0x00000000,0x00000000,0,0,00000000000000003823e0000000000000000000000000
1460,0x00000000000,0x00000000000,0x000000000,0x00000000,0x00000000,0,0,0000000000000000000000000000000000000000000000
1461,0x00000000000,0x00000000000,0x000000000,0x13b39362,0x00000000,0,0,0000000000000000000000000000009d9c9b1000000000
1462,0x00000000000,0x00000000000,0x036e0192b,0x157514e2,0x00000000,0,0,0000000000000000000000db8064acaba8a71000000000
1463,0x00000000000,0x00000000000,0x000000000,0x00000000,0x00000000,0,0,0000000000000000000000000000000000000000000000
1464,0x00000000000,0x00000000000,0x000000000,0x00000000,0x00000000,0,0,0000000000000000000000000000000000000000000000
1465,0x00000000000,0x00000000000,0x000000000,0x00000000,0x00000000,0,0,0000000000000000000000000000000000000000000000
1466,0x00000000000,0x00000000000,0x03700196b,0x00000000,0x00000000,0,0,0000000000000000000000dc0065ac0000000000000000
1467,0x00000000000,0x00000000000,0x000000000,0x00000000,0x00000000,0,0,0000000000000000000000000000000000000000000000
1468,0x00000000000,0x00000000000,0x000000000,0x00000000,0x53d3a009,0,0,000000000000000000000000000000000000053d3a0090
1469,0x00000000000,0x00000000000,0x000000000,0x00000000,0x00000000,0,0,0000000000000000000000000000000000000000000000
1470,0x00000000000,0x00000000000,0x0372019ab,0x15955522,0x00000000,0,0,0000000000000000000000dc8066acacaaa91000000000
1471,0x00000000000,0x00000000000,0x000000000,0x00000000,0x00000000,0,0,0000000000000000000000000000000000000000000000
1472,0x00000000000,0x00000000000,0x000000000,0x00000000,0x00000000,0,0,0000000000000000000000000000000000000000000000
1473,0x00000000000,0x00000000000,0x000000000,0x00000000,0x00000000,0,0,0000000000000000000000000000000000000000000000
1474,0x00000000000,0x00000000000,0x0374019eb,0x00000000,0x00000000,0,0,0000000000000000000000dd0067ac0000000000000000
1475,0x00000000000,0x00000000000,0x05b18da43,0x00000000,0x00000000,0,0,00000000000000000000016c63690c0000000000000000
1476,0x00000000000,0x00000000000,0x05b58da63,0x00000000,0x00000000,0,0,00000000000000000000016d63698c0000000000000000
1477,0x00000000000,0x00000000000,0x05c1adb83,0x15b59562,0x00000000,0,0,0000000000000000000001706b6e0cadacab1000000000
1478,0x00000000000,0x00000000000,0x038e01aab,0x177716e2,0x00000000,0,0,0000000000000000000000e3806aacbbb8b71000000000
1479,0x00000000000,0x00000000000,0x05c5adba3,0x00000000,0x00000000,0,0,0000000000000000000001716b6e8c0000000000000000
1480,0x00000000000,0x00000000000,0x05c9adbc3,0x00000000,0x00000000,0,0,0000000000000000000001726b6f0c0000000000000000
1481,0x00000000000,0x00000000000,0x05cdadbe3,0x00000000,0x00000000,0,0,0000000000000000000001736b6f8c0000000000000000
1482,0x00000000000,0x00000000000,0x039001aeb,0x00000000,0x5b3b1041,0,0,0000000000000000000000e4006bac00000005b3b10410
1483,0x00000000000,0x00000000000,0x05d9cdd03,0x00000000,0x00000000,0,0,00000000000000000000017673740c0000000000000000
1484,0x00000000000,0x00000000000,0x05ddcdd23,0x00000000,0x55d5a009,0,0,00000000000000000000017773748c000000055d5a0090
1485,0x00000000000,0x00000000000,0x05e1cdd43,0x00000000,0x00000000,0,0,00000000000000000000017873750c0000000000000000
1486,0x00000000000,0x00000000000,0x000000000,0x17975722,0x5b7b5041,0,0,000000000000000000000000000000bcbab915b7b50410
1487,0x00000000000,0x00000000000,0x05e5cdd63,0x00000000,0x00000000,0,0,00000000000000000000017973758c0000000000000000
1488,0x00000000000,0x00000000000,0x05f1ede83,0x00000000,0x00000000,0,0,00000000000000000000017c7b7a0c0000000000000000
1489,0x00000000000,0x00000000000,0x05f5edea3,0x00000000,0x00000000,0,0,00000000000000000000017d7b7a8c0000000000000000
1490,0x00000000000,0x00000000000,0x000000000,0x13f3d2c2,0x5c3c1041,0,0,0000000000000000000000000000009f9e9615c3c10410
1491,0x00000000000,0x00000000000,0x000000000,0x00000000,0x00000000,0,0,0000000000000000000000000000000000000000000000
1492,0x00000000000,0x00000000000,0x000000000,0x00000000,0x00000000,0,0,0000000000000000000000000000000000000000000000
1493,0x00000000000,0x00000000000,0x000000000,0x17b79762,0x00000000,0,0,000000000000000000000000000000bdbcbb1000000000
1494,0x00000000000,0x00000000000,0x000000000,0x197918e2,0x5c7c5041,0,0,000000000000000000000000000000cbc8c715c7c50410
1495,0x00000000000,0x00000000000,0x000000000,0x00000000,0x00000000,0,0,0000000000000000000000000000000000000000000000
1496,0x00000000000,0x00000000000,0x000000000,0x00000000,0x00000000,0,0,0000000000000000000000000000000000000000000000
1497,0x00000000000,0x00000000000,0x000000000,0x00000000,0x00000000,0,0,0000000000000000000000000000000000000000000000
1498,0x00000000000,0x0000003927e,0x000000000,0x00000000,0x5cbc9041,0,0,00000000000000003927e00000000000000005cbc90410
1499,0x00000000000,0x00000000000,0x000000000,0x00000000,0x00000000,0,0,0000000000000000000000000000000000000000000000
1500,0x00000000000,0x00000000000,0x000000000,0x00000000,0x57d7a009,0,0,000000000000000000000000000000000000057d7a0090
1501,0x00000000000,0x00000000000,0x000000000,0x00000000,0x00000000,0,0,0000000000000000000000000000000000000000000000
1502,0x00000000000,0x00000000000,0x000000000,0x00000000,0x5cfcd041,0,0,00000000000000000000000000000000000005cfcd0410
1503,0x00000000000,0x00000000000,0x000000000,0x00000000,0x00000000,0,0,0000000000000000000000000000000000000000000000
1504,0x00000000000,0x00000000000,0x000000000,0x00000000,0x00000000,0,0,0000000000000000000000000000000000000000000000
1505,0x00000000000,0x00000000000,0x000000000,0x00000000,0x00000000,0,0,0000000000000000000000000000000000000000000000
1506,0x00000000000,0x00000000000,0x000000000,0x15f5d4c2,0x5dbd9041,0,0,000000000000000000000000000000afaea615dbd90410
1507,0x00000000000,0x00000000000,0x000000000,0x00000000,0x00000000,0,0,0000000000000000000000000000000000000000000000
1508,0x00000000000,0x00000000000,0x000000000,0x00000000,0x00000000,0,0,0000000000000000000000000000000000000000000000
1509,0x00000000000,0x00000000000,0x000000000,0x00000000,0x00000000,0,0,0000000000000000000000000000000000000000000000
1510,0x00000000000,0x00000000000,0x039201b2b,0x00000000,0x5dfdd041,0,0,0000000000000000000000e4806cac00000005dfdd0410
1511,0x00000000000,0x00000000000,0x000000000,0x00000000,0x00000000,0,0,0000000000000000000000000000000000000000000000
1512,0x00000000000,0x00000000000,0x000000000,0x00000000,0x00000000,0,0,0000000000000000000000000000000000000000000000
1513,0x00000000000,0x00000000000,0x000000000,0x00000000,0x00000000,0,0,0000000000000000000000000000000000000000000000
1514,0x00000000000,0x0000003a2be,0x039401b6b,0x00000000,0x5e3e1041,0,0,00000000000000003a2be0e5006dac00000005e3e10410
1515,0x00000000000,0x00000000000,0x000000000,0x00000000,0x00000000,0,0,0000000000000000000000000000000000000000000000
1516,0x00000000000,0x00000000000,0x000000000,0x00000000,0x00000000,0,0,0000000000000000000000000000000000000000000000
1517,0x00000000000,0x00000000000,0x000000000,0x00000000,0x00000000,0,0,0000000000000000000000000000000000000000000000
1518,0x00000000000,0x00000000000,0x03ae01c2b,0x00000000,0x5e7e5041,0,0,0000000000000000000000eb8070ac00000005e7e50410
1519,0x00000000000,0x00000000000,0x000000000,0x00000000,0x00000000,0,0,0000000000000000000000000000000000000000000000
1520,0x00000000000,0x00000000000,0x000000000,0x00000000,0x00000000,0,0,0000000000000000000000000000000000000000000000
1521,0x00000000000,0x00000000000,0x000000000,0x00000000,0x00000000,0,0,0000000000000000000000000000000000000000000000
1522,0x00000000000,0x00000000000,0x03b001c6b,0x00000000,0x5f3f1041,0,0,0000000000000000000000ec0071ac00000005f3f10410
1523,0x00000000000,0x00000000000,0x000000000,0x17f7d6c2,0x00000000,0,0,000000000000000000000000000000bfbeb61000000000
1524,0x00000000000,0x00000000000,0x000000000,0x00000000,0x00000000,0,0,0000000000000000000000000000000000000000000000
1525,0x00000000000,0x00000000000,0x000000000,0x00000000,0x00000000,0,0,0000000000000000000000000000000000000000000000
1526,0x00000000000,0x00000000000,0x03b201cab,0x19995922,0x5f7f5041,0,0,0000000000000000000000ec8072accccac915f7f50410
1527,0x00000000000,0x00000000000,0x000000000,0x00000000,0x00000000,0,0,0000000000000000000000000000000000000000000000
1528,0x00000000000,0x00000000000,0x000000000,0x00000000,0x00000000,0,0,0000000000000000000000000000000000000000000000
1529,0x00000000000,0x00000000000,0x000000000,0x00000000,0x00000000,0,0,0000000000000000000000000000000000000000000000
1530,0x00000000000,0x00000000000,0x03b401ceb,0x00000000,0x00000000,0,0,0000000000000000000000ed0073ac0000000000000000
1531,0x00000000000,0x0000003b2fe,0x000000000,0x00000000,0x00000000,0,0,00000000000000003b2fe0000000000000000000000000
1532,0x00000000000,0x00000000000,0x000000000,0x00000000,0x00000000,0,0,0000000000000000000000000000000000000000000000
1533,0x00000000000,0x00000000000,0x000000000,0x19b99962,0x00000000,0,0,000000000000000000000000000000cdcccb1000000000
1534,0x00000000000,0x00000000000,0x03ce01dab,0x1b7b1ae2,0x00000000,0,0,0000000000000000000000f38076acdbd8d71000000000
1535,0x00000000000,0x00000000000,0x000000000,0x00000000,0x00000000,0,0,0000000000000000000000000000000000000000000000
1536,0x00000000000,0x00000000000,0x000000000,0x00000000,0x00000000,0,0,0000000000000000000000000000000000000000000000
1537,0x00000000000,0x00000000000,0x000000000,0x00000000,0x00000000,0,0,0000000000000000000000000000000000000000000000
1538,0x00000000000,0x00000000000,0x03d001deb,0x00000000,0x00000000,0,0,0000000000000000000000f40077ac0000000000000000
1539,0x00000000000,0x00000000000,0x000000000,0x00000000,0x00000000,0,0,0000000000000000000000000000000000000000000000
1540,0x00000000000,0x00000000000,0x000000000,0x00000000,0x59d9a009,0,0,000000000000000000000000000000000000059d9a0090
1541,0x00000000000,0x00000000000,0x000000000,0x00000000,0x00000000,0,0,0000000000000000000000000000000000000000000000
1542,0x00000000000,0x00000000000,0x03d201e2b,0x1b9b5b22,0x00000000,0,0,0000000000000000000000f48078acdcdad91000000000
1543,0x00000000000,0x00000000000,0x000000000,0x00000000,0x00000000,0,0,0000000000000000000000000000000000000000000000
1544,0x00000000000,0x00000000000,0x000000000,0x00000000,0x00000000,0,0,0000000000000000000000000000000000000000000000
1545,0x00000000000,0x00000000000,0x000000000,0x00000000,0x00000000,0,0,0000000000000000000000000000000000000000000000
1546,0x00000000000,0x00000000000,0x03d401e6b,0x00000000,0x00000000,0,0,0000000000000000000000f50079ac0000000000000000
1547,0x00000000000,0x00000000000,0x05f9edec3,0x00000000,0x00000000,0,0,00000000000000000000017e7b7b0c0000000000000000
1548,0x00000000000,0x00000000000,0x05fdedee3,0x00000000,0x00000000,0,0,00000000000000000000017f7b7b8c0000000000000000
1549,0x00000000000,0x00000000000,0x000000000,0x1bbb9b62,0x00000000,0,0,000000000000000000000000000000dddcdb1000000000
1550,0x00000000000,0x00000000000,0x03ee01f2b,0x1d7d1ce2,0x00000000,0,0,0000000000000000000000fb807cacebe8e71000000000
1551,0x00000000000,0x00000000000,0x000000000,0x00000000,0x00000000,0,0,0000000000000000000000000000000000000000000000
1552,0x00000000000,0x00000000000,0x000000000,0x00000000,0x00000000,0,0,0000000000000000000000000000000000000000000000
1553,0x00000000000,0x00000000000,0x000000000,0x00000000,0x00000000,0,0,0000000000000000000000000000000000000000000000
1554,0x00000000000,0x00000000000,0x03f001f6b,0x00000000,0x5fbf9041,0,0,0000000000000000000000fc007dac00000005fbf90410
1555,0x00000000000,0x00000000000,0x000000000,0x00000000,0x00000000,0,0,0000000000000000000000000000000000000000000000
1556,0x00000000000,0x00000000000,0x000000000,0x00000000,0x5bdba009,0,0,00000000000000000000000000000000000005bdba0090
1557,0x00000000000,0x00000000000,0x000000000,0x00000000,0x00000000,0,0,0000000000000000000000000000000000000000000000
1558,0x00000000000,0x00000000000,0x000000000,0x1d9d5d22,0x5fffd041,0,0,000000000000000000000000000000eceae915fffd0410
1559,0x00000000000,0x00000000000,0x000000000,0x00000000,0x00000000,0,0,0000000000000000000000000000000000000000000000
1560,0x00000000000,0x00000000000,0x000000000,0x00000000,0x00000000,0,0,0000000000000000000000000000000000000000000000
1561,0x00000000000,0x00000000000,0x000000000,0x00000000,0x00000000,0,0,0000000000000000000000000000000000000000000000
1562,0x00000000000,0x00000000000,0x000000000,0x19f9d8c2,0x00000000,0,0,000000000000000000000000000000cfcec61000000000
1563,0x00000000000,0x00000000000,0x000000000,0x00000000,0x00000000,0,0,0000000000000000000000000000000000000000000000
1564,0x00000000000,0x00000000000,0x000000000,0x00000000,0x00000000,0,0,0000000000000000000000000000000000000000000000
1565,0x00000000000,0x00000000000,0x000000000,0x1dbd9d62,0x00000000,0,0,000000000000000000000000000000edeceb1000000000
1566,0x00000000000,0x00000000000,0x000000000,0x1f7f1ee2,0x00000000,0,0,000000000000000000000000000000fbf8f71000000000
1567,0x00000000000,0x00000000000,0x000000000,0x00000000,0x00000000,0,0,0000000000000000000000000000000000000000000000
1568,0x00000000000,0x00000000000,0x000000000,0x00000000,0x00000000,0,0,0000000000000000000000000000000000000000000000
1569,0x00000000000,0x00000000000,0x000000000,0x00000000,0x00000000,0,0,0000000000000000000000000000000000000000000000
1570,0x00000000000,0x0000003c33e,0x000000000,0x00000000,0x00000000,0,0,00000000000000003c33e0000000000000000000000000
1571,0x00000000000,0x00000000000,0x000000000,0x00000000,0x00000000,0,0,0000000000000000000000000000000000000000000000
1572,0x00000000000,0x00000000000,0x000000000,0x00000000,0x5ddda009,0,0,00000000000000000000000000000000000005ddda0090
1573,0x00000000000,0x00000000000,0x000000000,0x00000000,0x00000000,0,0,0000000000000000000000000000000000000000000000
1574,0x00000000000,0x00000000000,0x000000000,0x00000000,0x00000000,0,0,0000000000000000000000000000000000000000000000
1575,0x00000000000,0x00000000000,0x000000000,0x00000000,0x00000000,0,0,0000000000000000000000000000000000000000000000
1576,0x00000000000,0x00000000000,0x000000000,0x00000000,0x00000000,0,0,0000000000000000000000000000000000000000000000
1577,0x00000000000,0x00000000000,0x000000000,0x00000000,0x00000000,0,0,0000000000000000000000000000000000000000000000
1578,0x00000000000,0x00000000000,0x000000000,0x1bfbdac2,0x00000000,0,0,000000000000000000000000000000dfded61000000000
1579,0x00000000000,0x00000000000,0x000000000,0x00000000,0x00000000,0,0,0000000000000000000000000000000000000000000000
1580,0x00000000000,0x00000000000,0x000000000,0x00000000,0x00000000,0,0,0000000000000000000000000000000000000000000000
1581,0x00000000000,0x00000000000,0x000000000,0x00000000,0x00000000,0,0,0000000000000000000000000000000000000000000000
1582,0x00000000000,0x00000000000,0x03f201fab,0x00000000,0x00000000,0,0,0000000000000000000000fc807eac0000000000000000
1583,0x00000000000,0x00000000000,0x000000000,0x00000000,0x00000000,0,0,0000000000000000000000000000000000000000000000
1584,0x00000000000,0x00000000000,0x000000000,0x00000000,0x00000000,0,0,0000000000000000000000000000000000000000000000
1585,0x00000000000,0x00000000000,0x000000000,0x00000000,0x00000000,0,0,0000000000000000000000000000000000000000000000
1586,0x00000000000,0x0000003d37e,0x03f401feb,0x00000000,0x00000000,0,0,00000000000000003d37e0fd007fac0000000000000000
1587,0x00000000000,0x00000000000,0x000000000,0x00000000,0x00000000,0,0,0000000000000000000000000000000000000000000000
1588,0x00000000000,0x00000000000,0x000000000,0x00000000,0x00000000,0,0,0000000000000000000000000000000000000000000000
1589,0x00000000000,0x00000000000,0x000000000,0x00000000,0x00000000,0,0,0000000000000000000000000000000000000000000000
1590,0x00000000000,0x00000000000,0x000000000,0x00000000,0x00000000,0,0,0000000000000000000000000000000000000000000000
1591,0x00000000000,0x00000000000,0x000000000,0x00000000,0x00000000,0,0,0000000000000000000000000000000000000000000000
1592,0x00000000000,0x00000000000,0x000000000,0x00000000,0x00000000,0,0,0000000000000000000000000000000000000000000000
1593,0x00000000000,0x00000000000,0x000000000,0x00000000,0x00000000,0,0,0000000000000000000000000000000000000000000000
1594,0x00000000000,0x00000000000,0x000000000,0x1dfddcc2,0x00000000,0,0,000000000000000000000000000000efeee61000000000
1595,0x00000000000,0x00000000000,0x000000000,0x00000000,0x00000000,0,0,0000000000000000000000000000000000000000000000
1596,0x00000000000,0x00000000000,0x000000000,0x00000000,0x00000000,0,0,0000000000000000000000000000000000000000000000
1597,0x00000000000,0x00000000000,0x000000000,0x00000000,0x00000000,0,0,0000000000000000000000000000000000000000000000
1598,0x00000000000,0x00000000000,0x000000000,0x1f9f5f22,0x00000000,0,0,000000000000000000000000000000fcfaf91000000000
1599,0x00000000000,0x00000000000,0x000000000,0x00000000,0x00000000,0,0,0000000000000000000000000000000000000000000000
1600,0x00000000000,0x00000000000,0x000000000,0x00000000,0x00000000,0,0,0000000000000000000000000000000000000000000000
1601,0x00000000000,0x00000000000,0x000000000,0x00000000,0x00000000,0,0,0000000000000000000000000000000000000000000000
1602,0x00000000000,0x0000003e3be,0x000000000,0x00000000,0x00000000,0,0,00000000000000003e3be0000000000000000000000000
1603,0x00000000000,0x00000000000,0x000000000,0x00000000,0x00000000,0,0,0000000000000000000000000000000000000000000000
1604,0x00000000000,0x00000000000,0x000000000,0x00000000,0x00000000,0,0,0000000000000000000000000000000000000000000000
1605,0x00000000000,0x00000000000,0x000000000,0x1fbf9f62,0x00000000,0,0,000000000000000000000000000000fdfcfb1000000000
1606,0x00000000000,0x00000000000,0x000000000,0x00000000,0x00000000,0,0,0000000000000000000000000000000000000000000000
1607,0x00000000000,0x00000000000,0x000000000,0x00000000,0x00000000,0,0,0000000000000000000000000000000000000000000000
1608,0x00000000000,0x00000000000,0x000000000,0x00000000,0x00000000,0,0,0000000000000000000000000000000000000000000000
1609,0x00000000000,0x00000000000,0x000000000,0x00000000,0x00000000,0,0,0000000000000000000000000000000000000000000000
1610,0x00000000000,0x00000000000,0x000000000,0x00000000,0x00000000,0,0,0000000000000000000000000000000000000000000000
1611,0x00000000000,0x00000000000,0x000000000,0x00000000,0x00000000,0,0,0000000000000000000000000000000000000000000000
1612,0x00000000000,0x00000000000,0x000000000,0x00000000,0x5fdfa009,0,0,00000000000000000000000000000000000005fdfa0090
1613,0x00000000000,0x00000000000,0x000000000,0x00000000,0x00000000,0,0,0000000000000000000000000000000000000000000000
1614,0x00000000000,0x00000000000,0x000000000,0x00000000,0x00000000,0,0,0000000000000000000000000000000000000000000000
1615,0x00000000000,0x00000000000,0x000000000,0x00000000,0x00000000,0,0,0000000000000000000000000000000000000000000000
1616,0x00000000000,0x00000000000,0x000000000,0x00000000,0x00000000,0,0,0000000000000000000000000000000000000000000000
1617,0x00000000000,0x00000000000,0x000000000,0x00000000,0x00000000,0,0,0000000000000000000000000000000000000000000000
1618,0x00000000000,0x00000000000,0x000000000,0x00000000,0x00000000,0,0,0000000000000000000000000000000000000000000000
1619,0x00000000000,0x00000000000,0x000000000,0x00000000,0x00000000,0,0,0000000000000000000000000000000000000000000000
1620,0x00000000000,0x00000000000,0x000000000,0x00000000,0x00000000,0,0,0000000000000000000000000000000000000000000000
1621,0x00000000000,0x00000000000,0x000000000,0x00000000,0x00000000,0,0,0000000000000000000000000000000000000000000000
1622,0x00000000000,0x00000000000,0x000000000,0x00000000,0x00000000,0,0,0000000000000000000000000000000000000000000000
1623,0x00000000000,0x00000000000,0x000000000,0x00000000,0x00000000,0,0,0000000000000000000000000000000000000000000000
1624,0x00000000000,0x00000000000,0x000000000,0x00000000,0x00000000,0,0,0000000000000000000000000000000000000000000000
1625,0x00000000000,0x00000000000,0x000000000,0x00000000,0x00000000,0,0,0000000000000000000000000000000000000000000000
1626,0x00000000000,0x00000000000,0x000000000,0x00000000,0x00000000,0,0,0000000000000000000000000000000000000000000000
1627,0x00000000000,0x00000000000,0x000000000,0x00000000,0x00000000,0,0,0000000000000000000000000000000000000000000000
1628,0x00000000000,0x00000000000,0x000000000,0x00000000,0x00000000,0,0,0000000000000000000000000000000000000000000000
1629,0x00000000000,0x00000000000,0x000000000,0x00000000,0x00000000,0,0,0000000000000000000000000000000000000000000000
1630,0x00000000000,0x00000000000,0x000000000,0x00000000,0x00000000,0,0,0000000000000000000000000000000000000000000000
1631,0x00000000000,0x00000000000,0x000000000,0x00000000,0x00000000,0,0,0000000000000000000000000000000000000000000000
1632,0x00000000000,0x00000000000,0x000000000,0x00000000,0x00000000,0,0,0000000000000000000000000000000000000000000000
1633,0x00000000000,0x00000000000,0x000000000,0x00000000,0x00000000,0,0,0000000000000000000000000000000000000000000000
1634,0x00000000000,0x00000000000,0x000000000,0x1fffdec2,0x00000000,0,0,000000000000000000000000000000fffef61000000000
1635,0x00000000000,0x00000000000,0x000000000,0x00000000,0x00000000,0,0,0000000000000000000000000000000000000000000000
1636,0x00000000000,0x00000000000,0x000000000,0x00000000,0x00000000,0,0,0000000000000000000000000000000000000000000000
1637,0x00000000000,0x00000000000,0x000000000,0x00000000,0x00000000,0,0,0000000000000000000000000000000000000000000000
1638,0x00000000000,0x00000000000,0x000000000,0x00000000,0x00000000,0,0,0000000000000000000000000000000000000000000000
1639,0x00000000000,0x00000000000,0x000000000,0x00000000,0x00000000,0,0,0000000000000000000000000000000000000000000000
1640,0x00000000000,0x00000000000,0x000000000,0x00000000,0x00000000,0,0,0000000000000000000000000000000000000000000000
1641,0x00000000000,0x00000000000,0x000000000,0x00000000,0x00000000,0,0,0000000000000000000000000000000000000000000000
1642,0x00000000000,0x0000003f3fe,0x000000000,0x00000000,0x00000000,0,0,00000000000000003f3fe0000000000000000000000000
1643,0x00000000000,0x00000000000,0x000000000,0x00000000,0x00000000,0,1,0000000000000000000000000000000000000000000001
