cycle,load,store,vector,scalar,sfu,reserved,eop,word_hex
0,0x00000000003,0x00000000000,0x000000000,0x00000000,0x00000000,0,0,0000000000c00000000000000000000000000000000000
1,0x00000001007,0x00000000000,0x000000000,0x00000000,0x00000000,0,0,0000000401c00000000000000000000000000000000000
2,0x0000000200b,0x00000000000,0x000000000,0x00000000,0x00000000,0,0,0000000802c00000000000000000000000000000000000
3,0x0000000300f,0x00000000000,0x02000000c,0x00000000,0x00000000,0,0,0000000c03c00000000000800000300000000000000000
4,0x00000004013,0x00000000000,0x02020002c,0x00000000,0x00000000,0,0,0000001004c00000000000808000b00000000000000000
5,0x00000005017,0x00000000000,0x02040004c,0x00000000,0x00000000,0,0,0000001405c00000000000810001300000000000000000
6,0x0000000601b,0x00000000000,0x02060006c,0x00000000,0x00000000,0,0,0000001806c00000000000818001b00000000000000000
7,0x0000000701f,0x00000000000,0x02080008c,0x00000000,0x00000000,0,0,0000001c07c00000000000820002300000000000000000
8,0x00000008083,0x00000000000,0x020a000ac,0x00000000,0x00000000,0,0,0000002020c00000000000828002b00000000000000000
9,0x00000009087,0x00000000000,0x020c000cc,0x00000000,0x00000000,0,0,0000002421c00000000000830003300000000000000000
10,0x0000000a08b,0x00000000000,0x020e000ec,0x00000000,0x00000000,0,0,0000002822c00000000000838003b00000000000000000
11,0x0000000b08f,0x00000000000,0x023e0040c,0x01002004,0x00000000,0,0,0000002c23c000000000008f8010300801002000000000
12,0x0000000c093,0x00000000000,0x02400042c,0x00000000,0x00000000,0,0,0000003024c00000000000900010b00000000000000000
13,0x0000000d097,0x00000000000,0x000000000,0x01206044,0x00000000,0,0,0000003425c00000000000000000000903022000000000
14,0x0000000e09b,0x00000000000,0x02420044c,0x00000000,0x00000000,0,0,0000003826c00000000000908011300000000000000000
15,0x0000000f09f,0x00000000000,0x02460048c,0x0140a084,0x00000000,0,0,0000003c27c00000000000918012300a05042000000000
16,0x00000010103,0x00000000000,0x02440046c,0x00000000,0x00000000,0,0,0000004040c00000000000910011b00000000000000000
17,0x00000011107,0x00000000000,0x0248004ac,0x0160e0c4,0x00000000,0,0,0000004441c00000000000920012b00b07062000000000
18,0x0000001210b,0x00000000000,0x024a004cc,0x00000000,0x00000000,0,0,0000004842c00000000000928013300000000000000000
19,0x0000001310f,0x00000000000,0x024c004ec,0x04e403e4,0x00000000,0,0,0000004c43c00000000000930013b027201f2000000000
20,0x00000014113,0x00000000000,0x027c0080c,0x01812104,0x00000000,0,0,0000005044c000000000009f0020300c09082000000000
21,0x00000015117,0x00000000000,0x027e0082c,0x00000000,0x00000000,0,0,0000005445c000000000009f8020b00000000000000000
22,0x0000001611b,0x00000000000,0x02800084c,0x00000000,0x00000000,0,0,0000005846c00000000000a00021300000000000000000
23,0x0000001711f,0x00000000000,0x02820086c,0x05044424,0x00000000,0,0,0000005c47c00000000000a08021b02822212000000000
24,0x00000018183,0x00000000000,0x02840088c,0x01a16144,0x00000000,0,0,0000006060c00000000000a10022300d0b0a2000000000
25,0x00000019187,0x00000000000,0x0286008ac,0x05248464,0x00000000,0,0,0000006461c00000000000a18022b02924232000000000
26,0x0000001a18b,0x00000000000,0x0288008cc,0x0544c4a4,0x00000000,0,0,0000006862c00000000000a20023302a26252000000000
27,0x0000001b18f,0x00000000000,0x028a008ec,0x00000000,0x00000000,0,0,0000006c63c00000000000a28023b00000000000000000
28,0x0000001c193,0x00000000000,0x02ba00c0c,0x08c7e7c4,0x00000000,0,0,0000007064c00000000000ae803030463f3e2000000000
29,0x0000001d197,0x00000000000,0x02bc00c2c,0x00000000,0x00000000,0,0,0000007465c00000000000af0030b00000000000000000
30,0x0000001e19b,0x00000000000,0x02c000c6c,0x056504e4,0x00000000,0,0,0000007866c00000000000b00031b02b28272000000000
31,0x0000001f19f,0x00000000000,0x02be00c4c,0x01c1a184,0x00000000,0,0,0000007c67c00000000000af8031300e0d0c2000000000
32,0x00000020203,0x00000000000,0x02c200c8c,0x08e82804,0x00000000,0,0,0000008080c00000000000b08032304741402000000000
33,0x00000021207,0x00000000000,0x02c400cac,0x05854524,0x00000000,0,0,0000008481c00000000000b10032b02c2a292000000000
34,0x0000002220b,0x00000000000,0x02c600ccc,0x09086844,0x00000000,0,0,0000008882c00000000000b18033304843422000000000
35,0x0000002320f,0x00000000000,0x02c800cec,0x0928a884,0x00000000,0,0,0000008c83c00000000000b20033b04945442000000000
36,0x00000024213,0x00000000000,0x02f80100c,0x0cabcba4,0x00000000,0,0,0000009084c00000000000be004030655e5d2000000000
37,0x00000025217,0x00000000000,0x02fa0102c,0x00000000,0x00000000,0,0,0000009485c00000000000be8040b00000000000000000
38,0x0000002621b,0x00000000000,0x04101c003,0x0ccc0be4,0x00000000,0,0,0000009886c000000000010407000c66605f2000000000
39,0x0000002721f,0x00000000000,0x04141c023,0x00000000,0x00000000,0,0,0000009c87c000000000010507008c0000000000000000
40,0x00000028283,0x00000000000,0x04181c043,0x05a58564,0x00000000,0,0,000000a0a0c000000000010607010c2d2c2b2000000000
41,0x00000029287,0x00000000000,0x041c1c063,0x00000000,0x00000000,0,0,000000a4a1c000000000010707018c0000000000000000
42,0x0000002a28b,0x00000000000,0x04201c083,0x09692904,0x00000000,0,0,000000a8a2c000000000010807020c4b49482000000000
43,0x0000002b28f,0x00000000000,0x04241c0a3,0x0d0c8c64,0x00000000,0,0,000000aca3c000000000010907028c6864632000000000
44,0x0000002d297,0x00000000000,0x04281c0c3,0x108faf84,0x00000000,0,0,000000b4a5c000000000010a07030c847d7c2000000000
45,0x0000002c293,0x00000000000,0x042c1c0e3,0x00000000,0x21211061,0,0,000000b0a4c000000000010b07038c0000000212110610
46,0x0000002e29b,0x00000000000,0x02fe0106c,0x0948e8c4,0x00000000,0,0,000000b8a6c00000000000bf8041b04a47462000000000
47,0x0000002f29f,0x00000000000,0x04505a403,0x00000000,0x00000000,0,0,000000bca7c000000000011416900c0000000000000000
48,0x00000031307,0x00000000000,0x04545a423,0x00000000,0x00000000,0,0,000000c4c1c000000000011516908c0000000000000000
49,0x00000030303,0x00000000000,0x04585a443,0x00000000,0x00000000,0,0,000000c0c0c000000000011616910c0000000000000000
50,0x0000003230b,0x00000000000,0x045c5a463,0x00000000,0x00000000,0,0,000000c8c2c000000000011716918c0000000000000000
51,0x0000003330f,0x00000000000,0x04605a483,0x00000000,0x21615061,0,0,000000ccc3c000000000011816920c0000000216150610
52,0x00000034313,0x00000000000,0x04645a4a3,0x00000000,0x00000000,0,0,000000d0c4c000000000011916928c0000000000000000
53,0x00000035317,0x00000000000,0x24685a4c3,0x09896944,0x00000000,0,0,000000d4c5c000000000091a16930c4c4b4a2000000000
54,0x0000003731f,0x00000000000,0x02fc0104c,0x0cec4c24,0x00000000,0,0,000000dcc7c00000000000bf0041306762612000000000
55,0x0000003631b,0x00000000000,0x03000108c,0x0d2ccca4,0x00000000,0,0,000000d8c6c00000000000c00042306966652000000000
56,0x00000038383,0x00000000000,0x0302010ac,0x00000000,0x00000000,0,0,000000e0e0c00000000000c08042b00000000000000000
57,0x00000039387,0x00000000000,0x246c5a4e3,0x00000000,0x21a19061,0,0,000000e4e1c000000000091b16938c000000021a190610
58,0x0000003a38b,0x00000000000,0x0304010cc,0x00000000,0x00000000,0,0,000000e8e2c00000000000c10043300000000000000000
59,0x0000003b38f,0x00000000000,0x0306010ec,0x00000000,0x00000000,0,0,000000ece3c00000000000c18043b00000000000000000
60,0x0000003d397,0x00000000000,0x03360140c,0x00000000,0x00000000,0,0,000000f4e5c00000000000cd8050300000000000000000
61,0x0000003c393,0x00000000000,0x249098803,0x10afefc4,0x00000000,0,0,000000f0e4c000000000092426200c857f7e2000000000
62,0x0000003e39b,0x00000000000,0x03380142c,0x0d4d0ce4,0x00000000,0,0,000000f8e6c00000000000ce0050b06a68672000000000
63,0x0000003f39f,0x00000000000,0x033e0148c,0x10d03004,0x21e1d061,0,0,000000fce7c00000000000cf805230868180221e1d0610
64,0x00000000000,0x00000000000,0x033a0144c,0x00000000,0x00000000,0,0,0000000000000000000000ce8051300000000000000000
65,0x00000000000,0x00000000000,0x249498823,0x00000000,0x00000000,0,0,00000000000000000000092526208c0000000000000000
66,0x00000000000,0x00000000000,0x033c0146c,0x10f07044,0x00000000,0,0,0000000000000000000000cf0051b08783822000000000
67,0x00000000000,0x00000000000,0x0340014ac,0x00000000,0x00000000,0,0,0000000000000000000000d00052b00000000000000000
68,0x00000000000,0x00000000000,0x0342014cc,0x1110b084,0x00000000,0,0,0000000000000000000000d08053308885842000000000
69,0x00000000000,0x00000000000,0x249898843,0x0d6d4d24,0x22221061,0,0,00000000000000000000092626210c6b6a692222210610
70,0x00000000000,0x00000000000,0x0344014ec,0x14739364,0x00000000,0,0,0000000000000000000000d10053b0a39c9b2000000000
71,0x00000000000,0x00000000000,0x03740180c,0x00000000,0x00000000,0,0,0000000000000000000000dd0060300000000000000000
72,0x00000000000,0x00000000000,0x03760182c,0x00000000,0x00000000,0,0,0000000000000000000000dd8060b00000000000000000
73,0x00000000000,0x00000000000,0x249c98863,0x1130f0c4,0x00000000,0,0,00000000000000000000092726218c8987862000000000
74,0x00000000000,0x00000000000,0x037a0186c,0x1493d3a4,0x00000000,0,0,0000000000000000000000de8061b0a49e9d2000000000
75,0x00000000000,0x00000000000,0x021e0012b,0x14b413e4,0x22625061,0,0,0000000000000000000000878004aca5a09f2226250610
76,0x00000000000,0x00000000000,0x03780184c,0x00000000,0x00000000,0,0,0000000000000000000000de0061300000000000000000
77,0x00000000000,0x00000000000,0x24a098883,0x14d45424,0x00000000,0,0,00000000000000000000092826220ca6a2a12000000000
78,0x00000000000,0x00000000000,0x037c0188c,0x00000000,0x00000000,0,0,0000000000000000000000df0062300000000000000000
79,0x00000000000,0x00000000000,0x037e018ac,0x18577744,0x00000000,0,0,0000000000000000000000df8062b0c2bbba2000000000
80,0x00000000000,0x00000000000,0x0380018cc,0x11513104,0x00000000,0,0,0000000000000000000000e00063308a89882000000000
81,0x00000000000,0x00000000000,0x02200016b,0x14f49464,0x22a29061,0,0,0000000000000000000000880005aca7a4a3222a290610
82,0x00000000000,0x00000000000,0x24a4988a3,0x00000000,0x00000000,0,0,00000000000000000000092926228c0000000000000000
83,0x00000000000,0x00000000000,0x0382018ec,0x1877b784,0x00000000,0,0,0000000000000000000000e08063b0c3bdbc2000000000
84,0x00000000000,0x00000000000,0x03b201c0c,0x1514d4a4,0x00000000,0,0,0000000000000000000000ec807030a8a6a52000000000
85,0x00000000000,0x00000000000,0x03b401c2c,0x00000000,0x00000000,0,0,0000000000000000000000ed0070b00000000000000000
86,0x00000000000,0x00000000000,0x24a8988c3,0x00000000,0x00000000,0,0,00000000000000000000092a26230c0000000000000000
87,0x00000000000,0x00000000000,0x0222001ab,0x1897f7c4,0x22e2d061,0,0,0000000000000000000000888006acc4bfbe222e2d0610
88,0x00000000000,0x00000000000,0x03b601c4c,0x00000000,0x00000000,0,0,0000000000000000000000ed8071300000000000000000
89,0x00000000000,0x00000000000,0x03b801c6c,0x00000000,0x00000000,0,0,0000000000000000000000ee0071b00000000000000000
90,0x00000000000,0x00000000000,0x24ac988e3,0x18d87844,0x00000000,0,0,00000000000000000000092b26238cc6c3c22000000000
91,0x00000000000,0x00000000000,0x03bc01cac,0x153514e4,0x00000000,0,0,0000000000000000000000ef0072b0a9a8a72000000000
92,0x00000000000,0x00000000000,0x03be01ccc,0x00000000,0x00000000,0,0,0000000000000000000000ef8073300000000000000000
93,0x00000000000,0x00000000000,0x0224001eb,0x02e201e2,0x25251061,0,0,0000000000000000000000890007ac17100f1252510610
94,0x00000000000,0x00000000000,0x24d0d6c03,0x18b83804,0x00000000,0,0,00000000000000000000093435b00cc5c1c02000000000
95,0x00000000000,0x00000000000,0x03ba01c8c,0x00000000,0x00000000,0,0,0000000000000000000000ee8072300000000000000000
96,0x00000000000,0x00000000000,0x03c001cec,0x1c3b5b24,0x00000000,0,0,0000000000000000000000f00073b0e1dad92000000000
97,0x00000000000,0x00000000000,0x000000000,0x1c5b9b64,0x00000000,0,0,000000000000000000000000000000e2dcdb2000000000
98,0x00000000000,0x00000000000,0x24d4d6c23,0x00000000,0x00000000,0,0,00000000000000000000093535b08c0000000000000000
99,0x00000000000,0x00000000000,0x02260022b,0x00000000,0x25655061,0,0,0000000000000000000000898008ac0000000256550610
100,0x00000000000,0x00000000000,0x000000000,0x00000000,0x00000000,0,0,0000000000000000000000000000000000000000000000
101,0x00000000000,0x00000000000,0x000000000,0x18f8b884,0x00000000,0,0,000000000000000000000000000000c7c5c42000000000
102,0x00000000000,0x00000000000,0x24d8d6c43,0x1c7bdba4,0x00000000,0,0,00000000000000000000093635b10ce3dedd2000000000
103,0x00000000000,0x00000000000,0x000000000,0x1c9c1be4,0x00000000,0,0,000000000000000000000000000000e4e0df2000000000
104,0x00000000000,0x00000000000,0x000000000,0x1cbc5c24,0x00000000,0,0,000000000000000000000000000000e5e2e12000000000
105,0x00000000000,0x00000000000,0x02280026b,0x03024222,0x25a59061,0,0,00000000000000000000008a0009ac181211125a590610
106,0x00000000000,0x00000000000,0x24dcd6c63,0x00000000,0x00000000,0,0,00000000000000000000093735b18c0000000000000000
107,0x00000000000,0x00000000000,0x000000000,0x00000000,0x00000000,0,0,0000000000000000000000000000000000000000000000
108,0x00000000000,0x00000000000,0x000000000,0x1918f8c4,0x00000000,0,0,000000000000000000000000000000c8c7c62000000000
109,0x00000000000,0x00000000000,0x000000000,0x00000000,0x00000000,0,0,0000000000000000000000000000000000000000000000
110,0x00000000000,0x00000000000,0x24e0d6c83,0x00000000,0x00000000,0,0,00000000000000000000093835b20c0000000000000000
111,0x00000000000,0x00000000000,0x022a002ab,0x1cdc9c64,0x25e5d061,0,0,00000000000000000000008a800aace6e4e3225e5d0610
112,0x00000000000,0x00000000000,0x000000000,0x036302e2,0x00000000,0,0,0000000000000000000000000000001b18171000000000
113,0x00000000000,0x00000000000,0x000000000,0x00000000,0x00000000,0,0,0000000000000000000000000000000000000000000000
114,0x00000000000,0x00000000000,0x24e4d6ca3,0x00000000,0x00000000,0,0,00000000000000000000093935b28c0000000000000000
115,0x00000000000,0x00000000000,0x000000000,0x00000000,0x00000000,0,0,0000000000000000000000000000000000000000000000
116,0x00000000000,0x00000000000,0x000000000,0x00000000,0x00000000,0,0,0000000000000000000000000000000000000000000000
117,0x00000000000,0x00000000000,0x022c002eb,0x03228262,0x26261061,0,0,00000000000000000000008b000bac1914131262610610
118,0x00000000000,0x00000000000,0x24e8d6cc3,0x1cfcdca4,0x00000000,0,0,00000000000000000000093a35b30ce7e6e52000000000
119,0x00000000000,0x00000000000,0x000000000,0x00000000,0x00000000,0,0,0000000000000000000000000000000000000000000000
120,0x00000000000,0x00000000000,0x000000000,0x00000000,0x00000000,0,0,0000000000000000000000000000000000000000000000
121,0x00000000000,0x00000000000,0x000000000,0x00000000,0x00000000,0,0,0000000000000000000000000000000000000000000000
122,0x00000000000,0x00000000000,0x24ecd6ce3,0x00000000,0x00000000,0,0,00000000000000000000093b35b38c0000000000000000
123,0x00000000000,0x00000000000,0x025c0052b,0x00000000,0x26665061,0,0,0000000000000000000000970014ac0000000266650610
124,0x00000000000,0x00000000000,0x000000000,0x00000000,0x00000000,0,0,0000000000000000000000000000000000000000000000
125,0x00000000000,0x00000000000,0x000000000,0x00000000,0x00000000,0,0,0000000000000000000000000000000000000000000000
126,0x00000000000,0x00000000000,0x251115003,0x00000000,0x00000000,0,0,00000000000000000000094445400c0000000000000000
127,0x00000000000,0x00000000000,0x000000000,0x00000000,0x00000000,0,0,0000000000000000000000000000000000000000000000
128,0x00000000000,0x00000000000,0x000000000,0x00000000,0x00000000,0,0,0000000000000000000000000000000000000000000000
129,0x00000000000,0x00000000000,0x025e0056b,0x0342c2a2,0x26a69061,0,0,0000000000000000000000978015ac1a1615126a690610
130,0x00000000000,0x00000000000,0x251515023,0x00000000,0x00000000,0,0,00000000000000000000094545408c0000000000000000
131,0x00000000000,0x00000000000,0x000000000,0x00000000,0x00000000,0,0,0000000000000000000000000000000000000000000000
132,0x00000000000,0x00000000000,0x000000000,0x00000000,0x00000000,0,0,0000000000000000000000000000000000000000000000
133,0x00000000000,0x00000000000,0x000000000,0x00000000,0x00000000,0,0,0000000000000000000000000000000000000000000000
134,0x00000000000,0x00000000000,0x251915043,0x00000000,0x00000000,0,0,00000000000000000000094645410c0000000000000000
135,0x00000000000,0x00000000000,0x0260005ab,0x00000000,0x26e6d061,0,0,0000000000000000000000980016ac000000026e6d0610
136,0x00000000000,0x00000000000,0x000000000,0x03834322,0x00000000,0,0,0000000000000000000000000000001c1a191000000000
137,0x00000000000,0x00000000000,0x000000000,0x00000000,0x00000000,0,0,0000000000000000000000000000000000000000000000
138,0x00000000000,0x00000000000,0x251d15063,0x00000000,0x00000000,0,0,00000000000000000000094745418c0000000000000000
139,0x00000000000,0x00000000000,0x000000000,0x00000000,0x00000000,0,0,0000000000000000000000000000000000000000000000
140,0x00000000000,0x00000000000,0x000000000,0x00000000,0x00000000,0,0,0000000000000000000000000000000000000000000000
141,0x00000000000,0x00000000000,0x0262005eb,0x06c5e5c2,0x29291061,0,0,0000000000000000000000988017ac362f2e1292910610
142,0x00000000000,0x00000000000,0x252115083,0x00000000,0x00000000,0,0,00000000000000000000094845420c0000000000000000
143,0x00000000000,0x00000000000,0x000000000,0x03a38362,0x00000000,0,0,0000000000000000000000000000001d1c1b1000000000
144,0x00000000000,0x00000000000,0x000000000,0x00000000,0x00000000,0,0,0000000000000000000000000000000000000000000000
145,0x00000000000,0x00000000000,0x000000000,0x00000000,0x00000000,0,0,0000000000000000000000000000000000000000000000
146,0x00000000000,0x00000000000,0x2525150a3,0x00000000,0x00000000,0,0,00000000000000000000094945428c0000000000000000
147,0x00000000000,0x00000000000,0x02640062b,0x00000000,0x29695061,0,0,0000000000000000000000990018ac0000000296950610
148,0x00000000000,0x00000000000,0x000000000,0x00000000,0x00000000,0,0,0000000000000000000000000000000000000000000000
149,0x00000000000,0x00000000000,0x000000000,0x00000000,0x00000000,0,0,0000000000000000000000000000000000000000000000
150,0x00000000000,0x00000000000,0x2529150c3,0x00000000,0x23c3a009,0,0,00000000000000000000094a45430c000000023c3a0090
151,0x00000000000,0x00000000000,0x000000000,0x00000000,0x00000000,0,0,0000000000000000000000000000000000000000000000
152,0x00000000000,0x00000000000,0x000000000,0x00000000,0x00000000,0,0,0000000000000000000000000000000000000000000000
153,0x00000000000,0x00000000000,0x02660066b,0x06e62602,0x29a99061,0,0,0000000000000000000000998019ac373130129a990610
154,0x00000000000,0x00000000000,0x252d150e3,0x00000000,0x00000000,0,0,00000000000000000000094b45438c0000000000000000
155,0x00000000000,0x00000000000,0x000000000,0x00000000,0x00000000,0,0,0000000000000000000000000000000000000000000000
156,0x00000000000,0x00000000000,0x000000000,0x00000000,0x00000000,0,0,0000000000000000000000000000000000000000000000
157,0x00000000000,0x00000000000,0x000000000,0x00000000,0x00000000,0,0,0000000000000000000000000000000000000000000000
158,0x00000000000,0x00000000000,0x255153403,0x00000000,0x00000000,0,0,00000000000000000000095454d00c0000000000000000
159,0x00000000000,0x00000000000,0x0268006ab,0x00000000,0x29e9d061,0,0,00000000000000000000009a001aac000000029e9d0610
160,0x00000000000,0x00000000000,0x000000000,0x0746e6c2,0x00000000,0,0,0000000000000000000000000000003a37361000000000
161,0x00000000000,0x00000000000,0x000000000,0x00000000,0x00000000,0,0,0000000000000000000000000000000000000000000000
162,0x00000000000,0x00000000000,0x255553423,0x00000000,0x00000000,0,0,00000000000000000000095554d08c0000000000000000
163,0x00000000000,0x00000000000,0x000000000,0x00000000,0x00000000,0,0,0000000000000000000000000000000000000000000000
164,0x00000000000,0x00000000000,0x000000000,0x00000000,0x00000000,0,0,0000000000000000000000000000000000000000000000
165,0x00000000000,0x00000000000,0x026a006eb,0x07066642,0x2a2a1061,0,0,00000000000000000000009a801bac38333212a2a10610
166,0x00000000000,0x00000000000,0x255953443,0x00000000,0x00000000,0,0,00000000000000000000095654d10c0000000000000000
167,0x00000000000,0x00000000000,0x000000000,0x00000000,0x00000000,0,0,0000000000000000000000000000000000000000000000
168,0x00000000000,0x00000000000,0x000000000,0x00000000,0x00000000,0,0,0000000000000000000000000000000000000000000000
169,0x00000000000,0x00000000000,0x000000000,0x00000000,0x00000000,0,0,0000000000000000000000000000000000000000000000
170,0x00000000000,0x00000000000,0x255d53463,0x00000000,0x00000000,0,0,00000000000000000000095754d18c0000000000000000
171,0x00000000000,0x00000000000,0x029a0092b,0x00000000,0x2a6a5061,0,0,0000000000000000000000a68024ac00000002a6a50610
172,0x00000000000,0x00000000000,0x000000000,0x00000000,0x00000000,0,0,0000000000000000000000000000000000000000000000
173,0x00000000000,0x00000000000,0x000000000,0x00000000,0x00000000,0,0,0000000000000000000000000000000000000000000000
174,0x00000000000,0x00000000000,0x24303c103,0x00000000,0x00000000,0,0,00000000000000000000090c0f040c0000000000000000
175,0x00000000000,0x00000000000,0x000000000,0x00000000,0x00000000,0,0,0000000000000000000000000000000000000000000000
176,0x00000000000,0x00000000000,0x000000000,0x00000000,0x00000000,0,0,0000000000000000000000000000000000000000000000
177,0x00000000000,0x00000000000,0x029c0096b,0x0726a682,0x2aaa9061,0,0,0000000000000000000000a70025ac39353412aaa90610
178,0x00000000000,0x00000000000,0x24323c143,0x00000000,0x00000000,0,0,00000000000000000000090c8f050c0000000000000000
179,0x00000000000,0x00000000000,0x000000000,0x00000000,0x00000000,0,0,0000000000000000000000000000000000000000000000
180,0x00000000000,0x00000000000,0x000000000,0x00000000,0x00000000,0,0,0000000000000000000000000000000000000000000000
181,0x00000000000,0x00000000000,0x000000000,0x00000000,0x00000000,0,0,0000000000000000000000000000000000000000000000
182,0x00000000000,0x00000000000,0x24343c183,0x00000000,0x00000000,0,0,00000000000000000000090d0f060c0000000000000000
183,0x00000000000,0x00000000000,0x029e009ab,0x00000000,0x2aead061,0,0,0000000000000000000000a78026ac00000002aead0610
184,0x00000000000,0x00000000063,0x000000000,0x07672702,0x00000000,0,0,0000000000000000000630000000003b39381000000000
185,0x00000000000,0x00000000000,0x000000000,0x00000000,0x00000000,0,0,0000000000000000000000000000000000000000000000
186,0x00000000000,0x00000000000,0x24363c1c3,0x00000000,0x00000000,0,0,00000000000000000000090d8f070c0000000000000000
187,0x00000000000,0x00000000000,0x000000000,0x00000000,0x00000000,0,0,0000000000000000000000000000000000000000000000
188,0x00000000000,0x00000001067,0x000000000,0x00000000,0x00000000,0,0,0000000000000000010670000000000000000000000000
189,0x00000000000,0x00000000000,0x02a0009eb,0x0aa9c9a2,0x2d2d1061,0,0,0000000000000000000000a80027ac554e4d12d2d10610
190,0x00000000000,0x00000000000,0x24383c203,0x00000000,0x00000000,0,0,00000000000000000000090e0f080c0000000000000000
191,0x00000000000,0x00000000000,0x000000000,0x07876742,0x00000000,0,0,0000000000000000000000000000003c3b3a1000000000
192,0x00000000000,0x0000000206b,0x000000000,0x00000000,0x00000000,0,0,00000000000000000206b0000000000000000000000000
193,0x00000000000,0x00000000000,0x000000000,0x00000000,0x00000000,0,0,0000000000000000000000000000000000000000000000
194,0x00000000000,0x00000000000,0x243a3c243,0x00000000,0x00000000,0,0,00000000000000000000090e8f090c0000000000000000
195,0x00000000000,0x00000000000,0x02a200a2b,0x00000000,0x2d6d5061,0,0,0000000000000000000000a88028ac00000002d6d50610
196,0x00000000000,0x0000000306f,0x000000000,0x00000000,0x00000000,0,0,00000000000000000306f0000000000000000000000000
197,0x00000000000,0x00000000000,0x000000000,0x00000000,0x00000000,0,0,0000000000000000000000000000000000000000000000
198,0x00000000000,0x00000000000,0x243c3c283,0x00000000,0x27a78009,0,0,00000000000000000000090f0f0a0c000000027a780090
199,0x00000000000,0x00000000000,0x000000000,0x00000000,0x00000000,0,0,0000000000000000000000000000000000000000000000
200,0x00000000000,0x00000004073,0x000000000,0x00000000,0x00000000,0,0,0000000000000000040730000000000000000000000000
201,0x00000000000,0x00000000000,0x02a400a6b,0x0aca09e2,0x2dad9061,0,0,0000000000000000000000a90029ac56504f12dad90610
202,0x00000000000,0x00000000000,0x243e3c2c3,0x00000000,0x00000000,0,0,00000000000000000000090f8f0b0c0000000000000000
203,0x00000000000,0x00000000000,0x000000000,0x00000000,0x00000000,0,0,0000000000000000000000000000000000000000000000
204,0x00000000000,0x00000005077,0x000000000,0x00000000,0x00000000,0,0,0000000000000000050770000000000000000000000000
205,0x00000000000,0x00000000000,0x000000000,0x00000000,0x00000000,0,0,0000000000000000000000000000000000000000000000
206,0x00000000000,0x00000000000,0x256153483,0x00000000,0x00000000,0,0,00000000000000000000095854d20c0000000000000000
207,0x00000000000,0x00000000000,0x02a600aab,0x00000000,0x2dedd061,0,0,0000000000000000000000a9802aac00000002dedd0610
208,0x00000000000,0x0000000607b,0x000000000,0x0b2acaa2,0x00000000,0,0,00000000000000000607b0000000005956551000000000
209,0x00000000000,0x00000000000,0x000000000,0x00000000,0x00000000,0,0,0000000000000000000000000000000000000000000000
210,0x00000000000,0x00000000000,0x2565534a3,0x00000000,0x00000000,0,0,00000000000000000000095954d28c0000000000000000
211,0x00000000000,0x00000000000,0x000000000,0x00000000,0x00000000,0,0,0000000000000000000000000000000000000000000000
212,0x00000040003,0x0000000707f,0x000000000,0x00000000,0x00000000,0,0,0000010000c000000707f0000000000000000000000000
213,0x00000041007,0x00000000000,0x02a800aeb,0x0aea4a22,0x2e2e1061,0,0,0000010401c00000000000aa002bac57525112e2e10610
214,0x0000004200b,0x00000000000,0x2569534c3,0x00000000,0x00000000,0,0,0000010802c000000000095a54d30c0000000000000000
215,0x0000004300f,0x00000000000,0x03f00000c,0x00000000,0x00000000,0,0,0000010c03c00000000000fc0000300000000000000000
216,0x00000044013,0x00000000000,0x03f20002c,0x00000000,0x00000000,0,0,0000011004c00000000000fc8000b00000000000000000
217,0x00000045017,0x00000000000,0x03f40004c,0x00000000,0x00000000,0,0,0000011405c00000000000fd0001300000000000000000
218,0x0000004601b,0x00000000000,0x256d534e3,0x00000000,0x00000000,0,0,0000011806c000000000095b54d38c0000000000000000
219,0x0000004701f,0x00000000000,0x02d800d2b,0x00000000,0x2e6e5061,0,0,0000011c07c00000000000b60034ac00000002e6e50610
220,0x00000000000,0x00000000000,0x03f60006c,0x00000000,0x00000000,0,0,0000000000000000000000fd8001b00000000000000000
221,0x00000000000,0x00000000000,0x03f80008c,0x00000000,0x00000000,0,0,0000000000000000000000fe0002300000000000000000
222,0x00000000000,0x00000000000,0x24707a503,0x00000000,0x00000000,0,0,00000000000000000000091c1e940c0000000000000000
223,0x00000000000,0x00000000000,0x03fa000ac,0x001f3f04,0x00000000,0,0,0000000000000000000000fe8002b000f9f82000000000
224,0x00000000000,0x00000000000,0x03fc000cc,0x00000000,0x00000000,0,0,0000000000000000000000ff0003300000000000000000
225,0x00000000000,0x00000000000,0x02da00d6b,0x0b0a8a62,0x2eae9061,0,0,0000000000000000000000b68035ac58545312eae90610
226,0x00000000000,0x00000000000,0x24727a543,0x00000000,0x00000000,0,0,00000000000000000000091c9e950c0000000000000000
227,0x00000000000,0x00000000000,0x03fe000ec,0x003f7f44,0x00000000,0,0,0000000000000000000000ff8003b001fbfa2000000000
228,0x00000000000,0x00000000000,0x000000000,0x00000000,0x00000000,0,0,0000000000000000000000000000000000000000000000
229,0x00000000000,0x00000000000,0x000000000,0x00000000,0x00000000,0,0,0000000000000000000000000000000000000000000000
230,0x00000000000,0x00000000000,0x24747a583,0x00000000,0x00000000,0,0,00000000000000000000091d1e960c0000000000000000
231,0x00000000000,0x00000000000,0x02dc00dab,0x005fbf84,0x2eeed061,0,0,0000000000000000000000b70036ac02fdfc22eeed0610
232,0x00000000000,0x000000080e3,0x000000000,0x0b4b0ae2,0x00000000,0,0,0000000000000000080e30000000005a58571000000000
233,0x00000000000,0x00000000000,0x000000000,0x00000000,0x00000000,0,0,0000000000000000000000000000000000000000000000
234,0x00000000000,0x00000000000,0x24767a5c3,0x007fffc4,0x00000000,0,0,00000000000000000000091d9e970c03fffe2000000000
235,0x00000000000,0x00000000000,0x000000000,0x00802004,0x00000000,0,0,0000000000000000000000000000000401002000000000
236,0x00000000000,0x000000090e7,0x000000000,0x00000000,0x00000000,0,0,0000000000000000090e70000000000000000000000000
237,0x00000000000,0x00000000000,0x02de00deb,0x0e8dad82,0x31311061,0,0,0000000000000000000000b78037ac746d6c1313110610
238,0x00000000000,0x00000000000,0x24787a603,0x00000000,0x00000000,0,0,00000000000000000000091e1e980c0000000000000000
239,0x00000000000,0x00000000000,0x000000000,0x0b6b4b22,0x00000000,0,0,0000000000000000000000000000005b5a591000000000
240,0x00000000000,0x0000000a0eb,0x000000000,0x00000000,0x00000000,0,0,00000000000000000a0eb0000000000000000000000000
241,0x00000000000,0x00000000000,0x000000000,0x00a06044,0x00000000,0,0,0000000000000000000000000000000503022000000000
242,0x00000000000,0x00000000000,0x247a7a643,0x00000000,0x00000000,0,0,00000000000000000000091e9e990c0000000000000000
243,0x00000000000,0x00000000000,0x02e000e2b,0x00000000,0x31715061,0,0,0000000000000000000000b80038ac0000000317150610
244,0x00000000000,0x0000000b0ef,0x000000000,0x00000000,0x00000000,0,0,00000000000000000b0ef0000000000000000000000000
245,0x00000000000,0x00000000000,0x000000000,0x00000000,0x00000000,0,0,0000000000000000000000000000000000000000000000
246,0x00000000000,0x00000000000,0x247c7a683,0x00000000,0x2b8b6009,0,0,00000000000000000000091f1e9a0c00000002b8b60090
247,0x00000000000,0x00000000000,0x000000000,0x00000000,0x00000000,0,0,0000000000000000000000000000000000000000000000
248,0x00000000000,0x0000000c0f3,0x000000000,0x00c0a084,0x00000000,0,0,00000000000000000c0f30000000000605042000000000
249,0x00000000000,0x00000000000,0x02e200e6b,0x0eadedc2,0x31b19061,0,0,0000000000000000000000b88039ac756f6e131b190610
250,0x00000000000,0x00000000000,0x247e7a6c3,0x00000000,0x00000000,0,0,00000000000000000000091f9e9b0c0000000000000000
251,0x00000000000,0x00000000000,0x000000000,0x00000000,0x00000000,0,0,0000000000000000000000000000000000000000000000
252,0x00000000000,0x0000000d0f7,0x000000000,0x00000000,0x00000000,0,0,00000000000000000d0f70000000000000000000000000
253,0x00000000000,0x00000000000,0x000000000,0x00000000,0x00000000,0,0,0000000000000000000000000000000000000000000000
254,0x00000000000,0x00000000000,0x259191803,0x00000000,0x00000000,0,0,00000000000000000000096464600c0000000000000000
255,0x00000000000,0x00000000000,0x02e400eab,0x00000000,0x31f1d061,0,0,0000000000000000000000b9003aac000000031f1d0610
256,0x00000000000,0x0000000e0fb,0x000000000,0x0f0eae82,0x00000000,0,0,00000000000000000e0fb0000000007875741000000000
257,0x00000000000,0x00000000000,0x000000000,0x00000000,0x00000000,0,0,0000000000000000000000000000000000000000000000
258,0x00000000000,0x00000000000,0x259591823,0x00000000,0x00000000,0,0,00000000000000000000096564608c0000000000000000
259,0x00000000000,0x00000000000,0x000000000,0x00000000,0x00000000,0,0,0000000000000000000000000000000000000000000000
260,0x00000048083,0x0000000f0ff,0x000000000,0x00000000,0x00000000,0,0,0000012020c000000f0ff0000000000000000000000000
261,0x00000049087,0x00000000000,0x02e600eeb,0x0ece2e02,0x32321061,0,0,0000012421c00000000000b9803bac7671701323210610
262,0x0000004a08b,0x00000000000,0x259991843,0x00000000,0x00000000,0,0,0000012822c000000000096664610c0000000000000000
263,0x0000004b08f,0x00000000000,0x022e0040c,0x00000000,0x00000000,0,0,0000012c23c000000000008b8010300000000000000000
264,0x0000004c093,0x00000000000,0x02300042c,0x00000000,0x00000000,0,0,0000013024c000000000008c0010b00000000000000000
265,0x0000004d097,0x00000000000,0x02320044c,0x00000000,0x00000000,0,0,0000013425c000000000008c8011300000000000000000
266,0x0000004e09b,0x00000000000,0x259d91863,0x00000000,0x00000000,0,0,0000013826c000000000096764618c0000000000000000
267,0x0000004f09f,0x00000000000,0x03160112b,0x00000000,0x32725061,0,0,0000013c27c00000000000c58044ac0000000327250610
268,0x00000000000,0x00000000000,0x02340046c,0x00000000,0x00000000,0,0,00000000000000000000008d0011b00000000000000000
269,0x00000000000,0x00000000000,0x02360048c,0x00000000,0x00000000,0,0,00000000000000000000008d8012300000000000000000
270,0x00000000000,0x00000000000,0x24b0b8903,0x00000000,0x00000000,0,0,00000000000000000000092c2e240c0000000000000000
271,0x00000000000,0x00000000000,0x0238004ac,0x03e302e4,0x00000000,0,0,00000000000000000000008e0012b01f18172000000000
272,0x00000000000,0x00000000000,0x023a004cc,0x00000000,0x00000000,0,0,00000000000000000000008e8013300000000000000000
273,0x00000000000,0x00000000000,0x03180116b,0x0eee6e42,0x32b29061,0,0,0000000000000000000000c60045ac777372132b290610
274,0x00000000000,0x00000000000,0x24b2b8943,0x00000000,0x00000000,0,0,00000000000000000000092cae250c0000000000000000
275,0x00000000000,0x00000000000,0x023c004ec,0x04034324,0x00000000,0,0,00000000000000000000008f0013b0201a192000000000
276,0x00000000000,0x00000000000,0x000000000,0x00000000,0x00000000,0,0,0000000000000000000000000000000000000000000000
277,0x00000000000,0x00000000000,0x000000000,0x00000000,0x00000000,0,0,0000000000000000000000000000000000000000000000
278,0x00000000000,0x00000000000,0x24b4b8983,0x00000000,0x00000000,0,0,00000000000000000000092d2e260c0000000000000000
279,0x00000000000,0x00000000000,0x031a011ab,0x04238364,0x32f2d061,0,0,0000000000000000000000c68046ac211c1b232f2d0610
280,0x00000000000,0x00000010163,0x000000000,0x0f2eeec2,0x00000000,0,0,0000000000000000101630000000007977761000000000
281,0x00000000000,0x00000000000,0x000000000,0x00000000,0x00000000,0,0,0000000000000000000000000000000000000000000000
282,0x00000000000,0x00000000000,0x24b6b89c3,0x0443c3a4,0x00000000,0,0,00000000000000000000092dae270c221e1d2000000000
283,0x00000000000,0x00000000000,0x000000000,0x046403e4,0x00000000,0,0,00000000000000000000000000000023201f2000000000
284,0x00000000000,0x00000011167,0x000000000,0x00000000,0x00000000,0,0,0000000000000000111670000000000000000000000000
285,0x00000000000,0x00000000000,0x031c011eb,0x12719162,0x35351061,0,0,0000000000000000000000c70047ac938c8b1353510610
286,0x00000000000,0x00000000000,0x24b8b8a03,0x00000000,0x00000000,0,0,00000000000000000000092e2e280c0000000000000000
287,0x00000000000,0x00000000000,0x000000000,0x0f4f2f02,0x00000000,0,0,0000000000000000000000000000007a79781000000000
288,0x00000000000,0x0000001216b,0x000000000,0x00000000,0x00000000,0,0,00000000000000001216b0000000000000000000000000
289,0x00000000000,0x00000000000,0x000000000,0x04844424,0x00000000,0,0,0000000000000000000000000000002422212000000000
290,0x00000000000,0x00000000000,0x24bab8a43,0x00000000,0x00000000,0,0,00000000000000000000092eae290c0000000000000000
291,0x00000000000,0x00000000000,0x031e0122b,0x00000000,0x35755061,0,0,0000000000000000000000c78048ac0000000357550610
292,0x00000000000,0x0000001316f,0x000000000,0x00000000,0x00000000,0,0,00000000000000001316f0000000000000000000000000
293,0x00000000000,0x00000000000,0x000000000,0x00000000,0x00000000,0,0,0000000000000000000000000000000000000000000000
294,0x00000000000,0x00000000000,0x24bcb8a83,0x00000000,0x2f6f4009,0,0,00000000000000000000092f2e2a0c00000002f6f40090
295,0x00000000000,0x00000000000,0x000000000,0x00000000,0x00000000,0,0,0000000000000000000000000000000000000000000000
296,0x00000000000,0x00000014173,0x000000000,0x04a48464,0x00000000,0,0,0000000000000000141730000000002524232000000000
297,0x00000000000,0x00000000000,0x03200126b,0x1291d1a2,0x35b59061,0,0,0000000000000000000000c80049ac948e8d135b590610
298,0x00000000000,0x00000000000,0x24beb8ac3,0x00000000,0x00000000,0,0,00000000000000000000092fae2b0c0000000000000000
299,0x00000000000,0x00000000000,0x000000000,0x00000000,0x00000000,0,0,0000000000000000000000000000000000000000000000
300,0x00000000000,0x00000015177,0x000000000,0x00000000,0x00000000,0,0,0000000000000000151770000000000000000000000000
301,0x00000000000,0x00000000000,0x000000000,0x00000000,0x00000000,0,0,0000000000000000000000000000000000000000000000
302,0x00000000000,0x00000000000,0x25a191883,0x00000000,0x00000000,0,0,00000000000000000000096864620c0000000000000000
303,0x00000000000,0x00000000000,0x0322012ab,0x00000000,0x35f5d061,0,0,0000000000000000000000c8804aac000000035f5d0610
304,0x00000000000,0x0000001617b,0x000000000,0x12f29262,0x00000000,0,0,00000000000000001617b0000000009794931000000000
305,0x00000000000,0x00000000000,0x000000000,0x00000000,0x00000000,0,0,0000000000000000000000000000000000000000000000
306,0x00000000000,0x00000000000,0x25a5918a3,0x00000000,0x00000000,0,0,00000000000000000000096964628c0000000000000000
307,0x00000000000,0x00000000000,0x000000000,0x00000000,0x00000000,0,0,0000000000000000000000000000000000000000000000
308,0x00000050103,0x0000001717f,0x000000000,0x00000000,0x00000000,0,0,0000014040c000001717f0000000000000000000000000
309,0x00000051107,0x00000000000,0x0324012eb,0x12b211e2,0x36361061,0,0,0000014441c00000000000c9004bac95908f1363610610
310,0x0000005210b,0x00000000000,0x25a9918c3,0x00000000,0x00000000,0,0,0000014842c000000000096a64630c0000000000000000
311,0x0000005310f,0x00000000000,0x026c0080c,0x00000000,0x00000000,0,0,0000014c43c000000000009b0020300000000000000000
312,0x00000054113,0x00000000000,0x026e0082c,0x00000000,0x00000000,0,0,0000015044c000000000009b8020b00000000000000000
313,0x00000055117,0x00000000000,0x02700084c,0x00000000,0x00000000,0,0,0000015445c000000000009c0021300000000000000000
314,0x0000005611b,0x00000000000,0x25ad918e3,0x00000000,0x00000000,0,0,0000015846c000000000096b64638c0000000000000000
315,0x0000005711f,0x00000000000,0x03540152b,0x00000000,0x36765061,0,0,0000015c47c00000000000d50054ac0000000367650610
316,0x00000000000,0x00000000000,0x02720086c,0x00000000,0x00000000,0,0,00000000000000000000009c8021b00000000000000000
317,0x00000000000,0x00000000000,0x02740088c,0x00000000,0x00000000,0,0,00000000000000000000009d0022300000000000000000
318,0x00000000000,0x00000000000,0x24f0f6d03,0x00000000,0x00000000,0,0,00000000000000000000093c3db40c0000000000000000
319,0x00000000000,0x00000000000,0x0276008ac,0x07c6e6c4,0x00000000,0,0,00000000000000000000009d8022b03e37362000000000
320,0x00000000000,0x00000000000,0x0278008cc,0x00000000,0x00000000,0,0,00000000000000000000009e0023300000000000000000
321,0x00000000000,0x00000000000,0x03560156b,0x12d25222,0x36b69061,0,0,0000000000000000000000d58055ac969291136b690610
322,0x00000000000,0x00000000000,0x24f2f6d43,0x00000000,0x00000000,0,0,00000000000000000000093cbdb50c0000000000000000
323,0x00000000000,0x00000000000,0x027a008ec,0x07e72704,0x00000000,0,0,00000000000000000000009e8023b03f39382000000000
324,0x00000000000,0x00000000000,0x000000000,0x00000000,0x00000000,0,0,0000000000000000000000000000000000000000000000
325,0x00000000000,0x00000000000,0x000000000,0x00000000,0x00000000,0,0,0000000000000000000000000000000000000000000000
326,0x00000000000,0x00000000000,0x24f4f6d83,0x00000000,0x00000000,0,0,00000000000000000000093d3db60c0000000000000000
327,0x00000000000,0x00000000000,0x0358015ab,0x08076744,0x36f6d061,0,0,0000000000000000000000d60056ac403b3a236f6d0610
328,0x00000000000,0x000000181e3,0x000000000,0x1312d2a2,0x00000000,0,0,0000000000000000181e30000000009896951000000000
329,0x00000000000,0x00000000000,0x000000000,0x00000000,0x00000000,0,0,0000000000000000000000000000000000000000000000
330,0x00000000000,0x00000000000,0x24f6f6dc3,0x0827a784,0x00000000,0,0,00000000000000000000093dbdb70c413d3c2000000000
331,0x00000000000,0x00000000000,0x000000000,0x0847e7c4,0x00000000,0,0,000000000000000000000000000000423f3e2000000000
332,0x00000000000,0x000000191e7,0x000000000,0x00000000,0x00000000,0,0,0000000000000000191e70000000000000000000000000
333,0x00000000000,0x00000000000,0x035a015eb,0x16557542,0x39391061,0,0,0000000000000000000000d68057acb2abaa1393910610
334,0x00000000000,0x00000000000,0x24f8f6e03,0x00000000,0x00000000,0,0,00000000000000000000093e3db80c0000000000000000
335,0x00000000000,0x00000000000,0x000000000,0x133312e2,0x00000000,0,0,0000000000000000000000000000009998971000000000
336,0x00000000000,0x0000001a1eb,0x000000000,0x00000000,0x00000000,0,0,00000000000000001a1eb0000000000000000000000000
337,0x00000000000,0x00000000000,0x000000000,0x08682804,0x00000000,0,0,0000000000000000000000000000004341402000000000
338,0x00000000000,0x00000000000,0x24faf6e43,0x00000000,0x00000000,0,0,00000000000000000000093ebdb90c0000000000000000
339,0x00000000000,0x00000000000,0x035c0162b,0x00000000,0x39795061,0,0,0000000000000000000000d70058ac0000000397950610
340,0x00000000000,0x0000001b1ef,0x000000000,0x00000000,0x00000000,0,0,00000000000000001b1ef0000000000000000000000000
341,0x00000000000,0x00000000000,0x000000000,0x00000000,0x00000000,0,0,0000000000000000000000000000000000000000000000
342,0x00000000000,0x00000000000,0x24fcf6e83,0x00000000,0x33532009,0,0,00000000000000000000093f3dba0c0000000335320090
343,0x00000000000,0x00000000000,0x000000000,0x00000000,0x00000000,0,0,0000000000000000000000000000000000000000000000
344,0x00000000000,0x0000001c1f3,0x000000000,0x08886844,0x00000000,0,0,00000000000000001c1f30000000004443422000000000
345,0x00000000000,0x00000000000,0x035e0166b,0x1675b582,0x39b99061,0,0,0000000000000000000000d78059acb3adac139b990610
346,0x00000000000,0x00000000000,0x24fef6ec3,0x00000000,0x00000000,0,0,00000000000000000000093fbdbb0c0000000000000000
347,0x00000000000,0x00000000000,0x000000000,0x00000000,0x00000000,0,0,0000000000000000000000000000000000000000000000
348,0x00000000000,0x0000001d1f7,0x000000000,0x00000000,0x00000000,0,0,00000000000000001d1f70000000000000000000000000
349,0x00000000000,0x00000000000,0x000000000,0x00000000,0x00000000,0,0,0000000000000000000000000000000000000000000000
350,0x00000000000,0x00000000000,0x25d1cfc03,0x00000000,0x00000000,0,0,00000000000000000000097473f00c0000000000000000
351,0x00000000000,0x00000000000,0x0360016ab,0x00000000,0x39f9d061,0,0,0000000000000000000000d8005aac000000039f9d0610
352,0x00000000000,0x0000001e1fb,0x000000000,0x16d67642,0x00000000,0,0,00000000000000001e1fb000000000b6b3b21000000000
353,0x00000000000,0x00000000000,0x000000000,0x00000000,0x00000000,0,0,0000000000000000000000000000000000000000000000
354,0x00000000000,0x00000000000,0x25d5cfc23,0x00000000,0x00000000,0,0,00000000000000000000097573f08c0000000000000000
355,0x00000000000,0x00000000000,0x000000000,0x00000000,0x00000000,0,0,0000000000000000000000000000000000000000000000
356,0x00000058183,0x0000001f1ff,0x000000000,0x00000000,0x00000000,0,0,0000016060c000001f1ff0000000000000000000000000
357,0x00000059187,0x00000000000,0x0362016eb,0x1695f5c2,0x3a3a1061,0,0,0000016461c00000000000d8805bacb4afae13a3a10610
358,0x0000005a18b,0x00000000000,0x25d9cfc43,0x00000000,0x00000000,0,0,0000016862c000000000097673f10c0000000000000000
359,0x0000005b18f,0x00000000000,0x02aa00c0c,0x00000000,0x00000000,0,0,0000016c63c00000000000aa8030300000000000000000
360,0x0000005c193,0x00000000000,0x02ac00c2c,0x00000000,0x00000000,0,0,0000017064c00000000000ab0030b00000000000000000
361,0x0000005d197,0x00000000000,0x02ae00c4c,0x00000000,0x00000000,0,0,0000017465c00000000000ab8031300000000000000000
362,0x0000005e19b,0x00000000000,0x25ddcfc63,0x00000000,0x00000000,0,0,0000017866c000000000097773f18c0000000000000000
363,0x0000005f19f,0x00000000000,0x03920192b,0x00000000,0x3a7a5061,0,0,0000017c67c00000000000e48064ac00000003a7a50610
364,0x00000000000,0x00000000000,0x02b000c6c,0x00000000,0x00000000,0,0,0000000000000000000000ac0031b00000000000000000
365,0x00000000000,0x00000000000,0x02b200c8c,0x00000000,0x00000000,0,0,0000000000000000000000ac8032300000000000000000
366,0x00000000000,0x00000000000,0x253135103,0x00000000,0x00000000,0,0,00000000000000000000094c4d440c0000000000000000
367,0x00000000000,0x00000000000,0x02b400cac,0x0baacaa4,0x00000000,0,0,0000000000000000000000ad0032b05d56552000000000
368,0x00000000000,0x00000000000,0x02b600ccc,0x00000000,0x00000000,0,0,0000000000000000000000ad8033300000000000000000
369,0x00000000000,0x00000000000,0x03940196b,0x16b63602,0x3aba9061,0,0,0000000000000000000000e50065acb5b1b013aba90610
370,0x00000000000,0x00000000000,0x253335143,0x00000000,0x00000000,0,0,00000000000000000000094ccd450c0000000000000000
371,0x00000000000,0x00000000000,0x02b800cec,0x0bcb0ae4,0x00000000,0,0,0000000000000000000000ae0033b05e58572000000000
372,0x00000000000,0x00000000000,0x000000000,0x00000000,0x00000000,0,0,0000000000000000000000000000000000000000000000
373,0x00000000000,0x00000000000,0x000000000,0x00000000,0x00000000,0,0,0000000000000000000000000000000000000000000000
374,0x00000000000,0x00000000000,0x253535183,0x00000000,0x00000000,0,0,00000000000000000000094d4d460c0000000000000000
375,0x00000000000,0x00000000000,0x0396019ab,0x0beb4b24,0x3afad061,0,0,0000000000000000000000e58066ac5f5a5923afad0610
376,0x00000000000,0x00000020263,0x000000000,0x16f6b682,0x00000000,0,0,000000000000000020263000000000b7b5b41000000000
377,0x00000000000,0x00000000000,0x000000000,0x00000000,0x00000000,0,0,0000000000000000000000000000000000000000000000
378,0x00000000000,0x00000000000,0x2537351c3,0x0c0b8b64,0x00000000,0,0,00000000000000000000094dcd470c605c5b2000000000
379,0x00000000000,0x00000000000,0x000000000,0x0c2bcba4,0x00000000,0,0,000000000000000000000000000000615e5d2000000000
380,0x00000000000,0x00000021267,0x000000000,0x00000000,0x00000000,0,0,0000000000000000212670000000000000000000000000
381,0x00000000000,0x00000000000,0x0398019eb,0x1a395922,0x3d3d1061,0,0,0000000000000000000000e60067acd1cac913d3d10610
382,0x00000000000,0x00000000000,0x253935203,0x00000000,0x00000000,0,0,00000000000000000000094e4d480c0000000000000000
383,0x00000000000,0x00000000000,0x000000000,0x1716f6c2,0x00000000,0,0,000000000000000000000000000000b8b7b61000000000
384,0x00000000000,0x0000002226b,0x000000000,0x00000000,0x00000000,0,0,00000000000000002226b0000000000000000000000000
385,0x00000000000,0x00000000000,0x000000000,0x0c4c0be4,0x00000000,0,0,00000000000000000000000000000062605f2000000000
386,0x00000000000,0x00000000000,0x253b35243,0x00000000,0x00000000,0,0,00000000000000000000094ecd490c0000000000000000
387,0x00000000000,0x00000000000,0x039a01a2b,0x00000000,0x3d7d5061,0,0,0000000000000000000000e68068ac00000003d7d50610
388,0x00000000000,0x0000002326f,0x000000000,0x00000000,0x00000000,0,0,00000000000000002326f0000000000000000000000000
389,0x00000000000,0x00000000000,0x000000000,0x00000000,0x00000000,0,0,0000000000000000000000000000000000000000000000
390,0x00000000000,0x00000000000,0x253d35283,0x00000000,0x37370009,0,0,00000000000000000000094f4d4a0c0000000373700090
391,0x00000000000,0x00000000000,0x000000000,0x00000000,0x00000000,0,0,0000000000000000000000000000000000000000000000
392,0x00000000000,0x00000024273,0x000000000,0x0c6c4c24,0x00000000,0,0,0000000000000000242730000000006362612000000000
393,0x00000000000,0x00000000000,0x039c01a6b,0x1a599962,0x3dbd9061,0,0,0000000000000000000000e70069acd2cccb13dbd90610
394,0x00000000000,0x00000000000,0x253f352c3,0x00000000,0x00000000,0,0,00000000000000000000094fcd4b0c0000000000000000
395,0x00000000000,0x00000000000,0x000000000,0x00000000,0x00000000,0,0,0000000000000000000000000000000000000000000000
396,0x00000000000,0x00000025277,0x000000000,0x00000000,0x00000000,0,0,0000000000000000252770000000000000000000000000
397,0x00000000000,0x00000000000,0x000000000,0x00000000,0x00000000,0,0,0000000000000000000000000000000000000000000000
398,0x00000000000,0x00000000000,0x25e1cfc83,0x00000000,0x00000000,0,0,00000000000000000000097873f20c0000000000000000
399,0x00000000000,0x00000000000,0x039e01aab,0x00000000,0x3dfdd061,0,0,0000000000000000000000e7806aac00000003dfdd0610
400,0x00000000000,0x0000002627b,0x000000000,0x1aba5a22,0x00000000,0,0,00000000000000002627b000000000d5d2d11000000000
401,0x00000000000,0x00000000000,0x000000000,0x00000000,0x00000000,0,0,0000000000000000000000000000000000000000000000
402,0x00000000000,0x00000000000,0x25e5cfca3,0x00000000,0x00000000,0,0,00000000000000000000097973f28c0000000000000000
403,0x00000000000,0x00000000000,0x000000000,0x00000000,0x00000000,0,0,0000000000000000000000000000000000000000000000
404,0x00000060203,0x0000002727f,0x000000000,0x00000000,0x00000000,0,0,0000018080c000002727f0000000000000000000000000
405,0x00000061207,0x00000000000,0x03a001aeb,0x1a79d9a2,0x00000000,0,0,0000018481c00000000000e8006bacd3cecd1000000000
406,0x0000006220b,0x00000000000,0x25e9cfcc3,0x00000000,0x00000000,0,0,0000018882c000000000097a73f30c0000000000000000
407,0x0000006320f,0x00000000000,0x02e80100c,0x00000000,0x00000000,0,0,0000018c83c00000000000ba0040300000000000000000
408,0x00000064213,0x00000000000,0x02ea0102c,0x00000000,0x3e3e1061,0,0,0000019084c00000000000ba8040b000000003e3e10610
409,0x00000065217,0x00000000000,0x02ec0104c,0x00000000,0x00000000,0,0,0000019485c00000000000bb0041300000000000000000
410,0x0000006621b,0x00000000000,0x25edcfce3,0x00000000,0x00000000,0,0,0000019886c000000000097b73f38c0000000000000000
411,0x0000006721f,0x00000000000,0x03d001d2b,0x00000000,0x00000000,0,0,0000019c87c00000000000f40074ac0000000000000000
412,0x00000000000,0x00000000000,0x02ee0106c,0x00000000,0x00000000,0,0,0000000000000000000000bb8041b00000000000000000
413,0x00000000000,0x00000000000,0x02f00108c,0x00000000,0x00000000,0,0,0000000000000000000000bc0042300000000000000000
414,0x00000000000,0x00000000000,0x02f2010ac,0x00000000,0x3e7e5061,0,0,0000000000000000000000bc8042b000000003e7e50610
415,0x00000000000,0x00000000000,0x02f4010cc,0x0f8eae84,0x00000000,0,0,0000000000000000000000bd0043307c75742000000000
416,0x00000000000,0x00000000000,0x257173503,0x00000000,0x00000000,0,0,00000000000000000000095c5cd40c0000000000000000
417,0x00000000000,0x00000000000,0x03d201d6b,0x1a9a19e2,0x00000000,0,0,0000000000000000000000f48075acd4d0cf1000000000
418,0x00000000000,0x00000000000,0x02f6010ec,0x00000000,0x00000000,0,0,0000000000000000000000bd8043b00000000000000000
419,0x00000000000,0x00000000000,0x000000000,0x0faeeec4,0x00000000,0,0,0000000000000000000000000000007d77762000000000
420,0x00000000000,0x00000000000,0x257373543,0x00000000,0x3ebe9061,0,0,00000000000000000000095cdcd50c00000003ebe90610
421,0x00000000000,0x00000000000,0x000000000,0x0fcf2f04,0x00000000,0,0,0000000000000000000000000000007e79782000000000
422,0x00000000000,0x00000000000,0x000000000,0x00000000,0x00000000,0,0,0000000000000000000000000000000000000000000000
423,0x00000000000,0x00000000000,0x03d401dab,0x00000000,0x00000000,0,0,0000000000000000000000f50076ac0000000000000000
424,0x00000000000,0x00000000000,0x257573583,0x1ada9a62,0x00000000,0,0,00000000000000000000095d5cd60cd6d4d31000000000
425,0x00000000000,0x00000000000,0x000000000,0x0fef6f44,0x00000000,0,0,0000000000000000000000000000007f7b7a2000000000
426,0x00000000000,0x000000282e3,0x000000000,0x100faf84,0x3efed061,0,0,0000000000000000282e3000000000807d7c23efed0610
427,0x00000000000,0x00000000000,0x000000000,0x00000000,0x00000000,0,0,0000000000000000000000000000000000000000000000
428,0x00000000000,0x00000000000,0x2577735c3,0x00000000,0x00000000,0,0,00000000000000000000095ddcd70c0000000000000000
429,0x00000000000,0x00000000000,0x03d601deb,0x1e1d3d02,0x00000000,0,0,0000000000000000000000f58077acf0e9e81000000000
430,0x00000000000,0x000000292e7,0x000000000,0x00000000,0x00000000,0,0,0000000000000000292e70000000000000000000000000
431,0x00000000000,0x00000000000,0x000000000,0x1afadaa2,0x00000000,0,0,000000000000000000000000000000d7d6d51000000000
432,0x00000000000,0x00000000000,0x257973603,0x102fefc4,0x00000000,0,0,00000000000000000000095e5cd80c817f7e2000000000
433,0x00000000000,0x00000000000,0x000000000,0x00000000,0x00000000,0,0,0000000000000000000000000000000000000000000000
434,0x00000000000,0x0000002a2eb,0x000000000,0x00000000,0x00000000,0,0,00000000000000002a2eb0000000000000000000000000
435,0x00000000000,0x00000000000,0x000000000,0x00000000,0x00000000,0,0,0000000000000000000000000000000000000000000000
436,0x00000000000,0x00000000000,0x257b73643,0x00000000,0x00000000,0,0,00000000000000000000095edcd90c0000000000000000
437,0x00000000000,0x00000000000,0x000000000,0x00000000,0x00000000,0,0,0000000000000000000000000000000000000000000000
438,0x00000000000,0x0000002b2ef,0x03d801e2b,0x00000000,0x3b1ae009,0,0,00000000000000002b2ef0f60078ac00000003b1ae0090
439,0x00000000000,0x00000000000,0x000000000,0x10503004,0x00000000,0,0,0000000000000000000000000000008281802000000000
440,0x00000000000,0x00000000000,0x000000000,0x00000000,0x00000000,0,0,0000000000000000000000000000000000000000000000
441,0x00000000000,0x00000000000,0x000000000,0x1e3d7d42,0x00000000,0,0,000000000000000000000000000000f1ebea1000000000
442,0x00000000000,0x0000002c2f3,0x000000000,0x00000000,0x00000000,0,0,00000000000000002c2f30000000000000000000000000
443,0x00000000000,0x00000000000,0x000000000,0x00000000,0x00000000,0,0,0000000000000000000000000000000000000000000000
444,0x00000000000,0x00000000000,0x03da01e6b,0x00000000,0x00000000,0,0,0000000000000000000000f68079ac0000000000000000
445,0x00000000000,0x00000000000,0x000000000,0x00000000,0x00000000,0,0,0000000000000000000000000000000000000000000000
446,0x00000000000,0x0000002d2f7,0x000000000,0x00000000,0x00000000,0,0,00000000000000002d2f70000000000000000000000000
447,0x00000000000,0x00000000000,0x000000000,0x00000000,0x00000000,0,0,0000000000000000000000000000000000000000000000
448,0x00000000000,0x00000000000,0x000000000,0x1e9e3e02,0x00000000,0,0,000000000000000000000000000000f4f1f01000000000
449,0x00000000000,0x00000000000,0x057d73683,0x00000000,0x00000000,0,0,00000000000000000000015f5cda0c0000000000000000
450,0x00000000000,0x00000000000,0x057f736c3,0x00000000,0x00000000,0,0,00000000000000000000015fdcdb0c0000000000000000
451,0x00000000000,0x00000000000,0x03dc01eab,0x00000000,0x00000000,0,0,0000000000000000000000f7007aac0000000000000000
452,0x00000000000,0x00000000000,0x04100c003,0x00000000,0x00000000,0,0,00000000000000000000010403000c0000000000000000
453,0x00000000000,0x00000000000,0x04140c023,0x00000000,0x00000000,0,0,00000000000000000000010503008c0000000000000000
454,0x00000000000,0x00000000000,0x04180c043,0x00000000,0x00000000,0,0,00000000000000000000010603010c0000000000000000
455,0x00000000000,0x00000000000,0x041c0c063,0x00000000,0x00000000,0,0,00000000000000000000010703018c0000000000000000
456,0x00000000000,0x0000002e2fb,0x03de01eeb,0x00000000,0x00000000,0,0,00000000000000002e2fb0f7807bac0000000000000000
457,0x00000068283,0x0000002f2ff,0x04200c083,0x1e5dbd82,0x00000000,0,0,000001a0a0c000002f2ff10803020cf2edec1000000000
458,0x00000069287,0x00000000000,0x04240c0a3,0x00000000,0x00000000,0,0,000001a4a1c000000000010903028c0000000000000000
459,0x0000006b28f,0x00000000000,0x04280c0c3,0x00000000,0x21211061,0,0,000001aca3c000000000010a03030c0000000212110610
460,0x0000006a28b,0x00000000000,0x05b1b1903,0x00000000,0x00000000,0,0,000001a8a2c000000000016c6c640c0000000000000000
461,0x0000006d297,0x00000000000,0x05b3b1943,0x00000000,0x00000000,0,0,000001b4a5c000000000016cec650c0000000000000000
462,0x0000006c293,0x00000000000,0x05b5b1983,0x00000000,0x00000000,0,0,000001b0a4c000000000016d6c660c0000000000000000
463,0x0000006e29b,0x00000000000,0x05b7b19c3,0x00000000,0x00000000,0,0,000001b8a6c000000000016dec670c0000000000000000
464,0x0000006f29f,0x00000000000,0x05b9b1a03,0x00000000,0x00000000,0,0,000001bca7c000000000016e6c680c0000000000000000
465,0x00000000000,0x00000000000,0x05bbb1a43,0x00000000,0x21a19061,0,0,00000000000000000000016eec690c000000021a190610
466,0x00000000000,0x00000000000,0x05bdb1a83,0x00000000,0x00000000,0,0,00000000000000000000016f6c6a0c0000000000000000
467,0x00000000000,0x00000030363,0x25bfb1ac3,0x00000000,0x00000000,0,0,00000000000000003036396fec6b0c0000000000000000
468,0x00000000000,0x00000031367,0x032a0144c,0x1e7dfdc2,0x00000000,0,0,0000000000000000313670ca805130f3efee1000000000
469,0x00000000000,0x0000003236b,0x03260140c,0x00000000,0x00000000,0,0,00000000000000003236b0c98050300000000000000000
470,0x00000000000,0x0000003336f,0x03280142c,0x00000000,0x00000000,0,0,00000000000000003336f0ca0050b00000000000000000
471,0x00000000000,0x00000034373,0x242c0c0e3,0x00000000,0x21615061,0,0,00000000000000003437390b03038c0000000216150610
472,0x00000000000,0x00000035377,0x032c0146c,0x00000000,0x00000000,0,0,0000000000000000353770cb0051b00000000000000000
473,0x00000000000,0x0000003637b,0x032e0148c,0x00000000,0x00000000,0,0,00000000000000003637b0cb8052300000000000000000
474,0x00000000000,0x00000000000,0x0330014ac,0x00000000,0x00000000,0,0,0000000000000000000000cc0052b00000000000000000
475,0x00000000000,0x00000000000,0x24504a403,0x1ebe7e42,0x00000000,0,0,00000000000000000000091412900cf5f3f21000000000
476,0x00000000000,0x00000000000,0x0332014cc,0x00000000,0x00000000,0,0,0000000000000000000000cc8053300000000000000000
477,0x00000070303,0x0000003737f,0x000000000,0x13729264,0x21e1d061,0,0,000001c0c0c000003737f0000000009b9493221e1d0610
478,0x00000071307,0x00000000000,0x0334014ec,0x00000000,0x00000000,0,0,000001c4c1c00000000000cd0053b00000000000000000
479,0x0000007230b,0x00000000000,0x24544a423,0x00000000,0x00000000,0,0,000001c8c2c000000000091512908c0000000000000000
480,0x0000007330f,0x00000000000,0x03640180c,0x1392d2a4,0x00000000,0,0,000001ccc3c00000000000d90060309c96952000000000
481,0x00000074313,0x00000000000,0x03660182c,0x13b312e4,0x00000000,0,0,000001d0c4c00000000000d98060b09d98972000000000
482,0x00000075317,0x00000000000,0x03680184c,0x1edebe82,0x00000000,0,0,000001d4c5c00000000000da006130f6f5f41000000000
483,0x0000007631b,0x00000000000,0x24584a443,0x00000000,0x22221061,0,0,000001d8c6c000000000091612910c0000000222210610
484,0x0000007731f,0x00000000000,0x036a0186c,0x00000000,0x00000000,0,0,000001dcc7c00000000000da8061b00000000000000000
485,0x00000000000,0x00000000000,0x036e018ac,0x13d35324,0x00000000,0,0,0000000000000000000000db8062b09e9a992000000000
486,0x00000000000,0x00000000000,0x036c0188c,0x00000000,0x00000000,0,0,0000000000000000000000db0062300000000000000000
487,0x00000000000,0x00000000000,0x245c4a463,0x13f39364,0x00000000,0,0,00000000000000000000091712918c9f9c9b2000000000
488,0x00000000000,0x00000000000,0x0370018cc,0x17567644,0x00000000,0,0,0000000000000000000000dc006330bab3b22000000000
489,0x00000000000,0x00000000000,0x020e0012b,0x00000000,0x3efec009,0,0,0000000000000000000000838004ac00000003efec0090
490,0x00000000000,0x00000000000,0x0372018ec,0x00000000,0x22625061,0,0,0000000000000000000000dc8063b00000000226250610
491,0x00000000000,0x00000000000,0x24604a483,0x00000000,0x00000000,0,0,00000000000000000000091812920c0000000000000000
492,0x00000000000,0x00000000000,0x000000000,0x1413d3a4,0x00000000,0,0,000000000000000000000000000000a09e9d2000000000
493,0x00000000000,0x00000000000,0x000000000,0x1776b684,0x00000000,0,0,000000000000000000000000000000bbb5b42000000000
494,0x00000000000,0x00000000000,0x000000000,0x1796f6c4,0x00000000,0,0,000000000000000000000000000000bcb7b62000000000
495,0x00000000000,0x00000000000,0x0212001ab,0x00000000,0x00000000,0,0,0000000000000000000000848006ac0000000000000000
496,0x00000000000,0x00000000000,0x24644a4a3,0x00000000,0x22a29061,0,0,00000000000000000000091912928c000000022a290610
497,0x00000000000,0x00000000000,0x000000000,0x17b73704,0x00000000,0,0,000000000000000000000000000000bdb9b82000000000
498,0x00000000000,0x00000000000,0x000000000,0x00000000,0x00000000,0,0,0000000000000000000000000000000000000000000000
499,0x00000000000,0x00000000000,0x000000000,0x143413e4,0x00000000,0,0,000000000000000000000000000000a1a09f2000000000
500,0x00000000000,0x00000000000,0x24684a4c3,0x17d77744,0x00000000,0,0,00000000000000000000091a12930cbebbba2000000000
501,0x00000000000,0x00000000000,0x02100016b,0x00000000,0x00000000,0,0,0000000000000000000000840005ac0000000000000000
502,0x00000000000,0x00000000000,0x000000000,0x00000000,0x22e2d061,0,0,000000000000000000000000000000000000022e2d0610
503,0x00000000000,0x00000000000,0x000000000,0x00000000,0x00000000,0,0,0000000000000000000000000000000000000000000000
504,0x00000000000,0x00000000000,0x246c4a4e3,0x00000000,0x00000000,0,0,00000000000000000000091b12938c0000000000000000
505,0x00000000000,0x00000000000,0x000000000,0x17f7b784,0x00000000,0,0,000000000000000000000000000000bfbdbc2000000000
506,0x00000000000,0x00000000000,0x000000000,0x00000000,0x00000000,0,0,0000000000000000000000000000000000000000000000
507,0x00000000000,0x00000000000,0x0214001eb,0x00000000,0x00000000,0,0,0000000000000000000000850007ac0000000000000000
508,0x00000000000,0x00000000000,0x249488823,0x00000000,0x25251061,0,0,00000000000000000000092522208c0000000252510610
509,0x00000000000,0x00000000000,0x000000000,0x00000000,0x00000000,0,0,0000000000000000000000000000000000000000000000
510,0x00000000000,0x00000000000,0x000000000,0x00000000,0x00000000,0,0,0000000000000000000000000000000000000000000000
511,0x00000000000,0x00000000000,0x000000000,0x00000000,0x00000000,0,0,0000000000000000000000000000000000000000000000
512,0x00000000000,0x00000000000,0x25f1efd03,0x00000000,0x00000000,0,0,00000000000000000000097c7bf40c0000000000000000
513,0x00000000000,0x00000000000,0x02160022b,0x01e100e2,0x00000000,0,0,0000000000000000000000858008ac0f08071000000000
514,0x00000000000,0x00000000000,0x000000000,0x1817f7c4,0x25655061,0,0,000000000000000000000000000000c0bfbe2256550610
515,0x00000000000,0x00000000000,0x000000000,0x00000000,0x00000000,0,0,0000000000000000000000000000000000000000000000
516,0x00000000000,0x00000000000,0x25f5efd83,0x00000000,0x00000000,0,0,00000000000000000000097d7bf60c0000000000000000
517,0x00000000000,0x00000000000,0x000000000,0x00000000,0x00000000,0,0,0000000000000000000000000000000000000000000000
518,0x00000000000,0x00000000000,0x000000000,0x00000000,0x00000000,0,0,0000000000000000000000000000000000000000000000
519,0x00000000000,0x00000000000,0x000000000,0x02014122,0x00000000,0,0,000000000000000000000000000000100a091000000000
520,0x00000000000,0x00000000000,0x25f3efd43,0x00000000,0x25a59061,0,0,00000000000000000000097cfbf50c000000025a590610
521,0x00000000000,0x00000000000,0x02180026b,0x00000000,0x00000000,0,0,0000000000000000000000860009ac0000000000000000
522,0x00000000000,0x000000383e3,0x000000000,0x00000000,0x00000000,0,0,0000000000000000383e30000000000000000000000000
523,0x00000000000,0x00000000000,0x000000000,0x00000000,0x00000000,0,0,0000000000000000000000000000000000000000000000
524,0x00000000000,0x00000000000,0x25f7efdc3,0x00000000,0x00000000,0,0,00000000000000000000097dfbf70c0000000000000000
525,0x00000000000,0x00000000000,0x000000000,0x00000000,0x00000000,0,0,0000000000000000000000000000000000000000000000
526,0x00000000000,0x0000003a3eb,0x021a002ab,0x026201e2,0x26261061,0,0,00000000000000003a3eb086800aac13100f1262610610
527,0x00000000000,0x00000000000,0x000000000,0x00000000,0x00000000,0,0,0000000000000000000000000000000000000000000000
528,0x00000000000,0x00000000000,0x25f9efe03,0x00000000,0x00000000,0,0,00000000000000000000097e7bf80c0000000000000000
529,0x00000000000,0x00000000000,0x000000000,0x00000000,0x00000000,0,0,0000000000000000000000000000000000000000000000
530,0x00000000000,0x000000393e7,0x000000000,0x00000000,0x00000000,0,0,0000000000000000393e70000000000000000000000000
531,0x00000000000,0x00000000000,0x000000000,0x00000000,0x00000000,0,0,0000000000000000000000000000000000000000000000
532,0x00000000000,0x00000000000,0x25fbefe43,0x00000000,0x26a69061,0,0,00000000000000000000097efbf90c000000026a690610
533,0x00000000000,0x00000000000,0x021c002eb,0x02218162,0x00000000,0,0,000000000000000000000087000bac110c0b1000000000
534,0x00000000000,0x0000003b3ef,0x000000000,0x00000000,0x00000000,0,0,00000000000000003b3ef0000000000000000000000000
535,0x00000000000,0x00000000000,0x000000000,0x00000000,0x00000000,0,0,0000000000000000000000000000000000000000000000
536,0x00000000000,0x00000000000,0x25fdefe83,0x00000000,0x00000000,0,0,00000000000000000000097f7bfa0c0000000000000000
537,0x00000000000,0x00000000000,0x000000000,0x00000000,0x00000000,0,0,0000000000000000000000000000000000000000000000
538,0x00000000000,0x0000003c3f3,0x024c0052b,0x00000000,0x25e5d061,0,0,00000000000000003c3f30930014ac000000025e5d0610
539,0x00000000000,0x00000000000,0x000000000,0x00000000,0x00000000,0,0,0000000000000000000000000000000000000000000000
540,0x00000000000,0x00000000000,0x25ffefec3,0x00000000,0x00000000,0,0,00000000000000000000097ffbfb0c0000000000000000
541,0x00000000000,0x00000000000,0x000000000,0x00000000,0x00000000,0,0,0000000000000000000000000000000000000000000000
542,0x00000000000,0x0000003d3f7,0x000000000,0x00000000,0x00000000,0,0,00000000000000003d3f70000000000000000000000000
543,0x00000000000,0x00000000000,0x000000000,0x00000000,0x00000000,0,0,0000000000000000000000000000000000000000000000
544,0x00000000000,0x00000000000,0x024e0056b,0x00000000,0x26665061,0,0,0000000000000000000000938015ac0000000266650610
545,0x00000000000,0x00000000000,0x249088803,0x0241c1a2,0x00000000,0,0,00000000000000000000092422200c120e0d1000000000
546,0x00000000000,0x0000003e3fb,0x000000000,0x00000000,0x00000000,0,0,00000000000000003e3fb0000000000000000000000000
547,0x00000000000,0x00000000000,0x000000000,0x00000000,0x00000000,0,0,0000000000000000000000000000000000000000000000
548,0x00000000000,0x00000000000,0x000000000,0x00000000,0x00000000,0,0,0000000000000000000000000000000000000000000000
549,0x00000000000,0x00000000000,0x249888843,0x00000000,0x00000000,0,0,00000000000000000000092622210c0000000000000000
550,0x00000078383,0x0000003f3ff,0x0250005ab,0x00000000,0x26e6d061,0,0,000001e0e0c000003f3ff0940016ac000000026e6d0610
551,0x00000079387,0x00000000000,0x000000000,0x00000000,0x00000000,0,0,000001e4e1c00000000000000000000000000000000000
552,0x0000007a38b,0x00000000000,0x000000000,0x02824222,0x00000000,0,0,000001e8e2c00000000000000000001412111000000000
553,0x0000007b38f,0x00000000000,0x249c88863,0x00000000,0x00000000,0,0,000001ece3c000000000092722218c0000000000000000
554,0x0000007c393,0x00000000000,0x03a201c0c,0x00000000,0x00000000,0,0,000001f0e4c00000000000e88070300000000000000000
555,0x0000007d397,0x00000000000,0x03a401c2c,0x00000000,0x00000000,0,0,000001f4e5c00000000000e90070b00000000000000000
556,0x0000007e39b,0x00000000000,0x02540062b,0x05c4e4c2,0x29291061,0,0,000001f8e6c00000000000950018ac2e27261292910610
557,0x0000007f39f,0x00000000000,0x24a088883,0x00000000,0x00000000,0,0,000001fce7c000000000092822220c0000000000000000
558,0x00000000000,0x00000000000,0x03a601c4c,0x00000000,0x00000000,0,0,0000000000000000000000e98071300000000000000000
559,0x00000000000,0x00000000000,0x03a801c6c,0x02a28262,0x00000000,0,0,0000000000000000000000ea0071b01514131000000000
560,0x00000000000,0x00000000000,0x03aa01c8c,0x00000000,0x00000000,0,0,0000000000000000000000ea8072300000000000000000
561,0x00000000000,0x00000000000,0x24a4888a3,0x00000000,0x00000000,0,0,00000000000000000000092922228c0000000000000000
562,0x00000000000,0x00000000000,0x0258006ab,0x1b3a5a24,0x29695061,0,0,000000000000000000000096001aacd9d2d12296950610
563,0x00000000000,0x00000000000,0x03ac01cac,0x00000000,0x00000000,0,0,0000000000000000000000eb0072b00000000000000000
564,0x00000000000,0x00000000000,0x03ae01ccc,0x00000000,0x00000000,0,0,0000000000000000000000eb8073300000000000000000
565,0x00000000000,0x00000000000,0x24a8888c3,0x00000000,0x00000000,0,0,00000000000000000000092a22230c0000000000000000
566,0x00000000000,0x00000000000,0x03b001cec,0x1b5a9a64,0x22c2a009,0,0,0000000000000000000000ec0073b0dad4d3222c2a0090
567,0x00000000000,0x00000000000,0x000000000,0x00000000,0x00000000,0,0,0000000000000000000000000000000000000000000000
568,0x00000000000,0x00000000000,0x0252005eb,0x00000000,0x29a99061,0,0,0000000000000000000000948017ac000000029a990610
569,0x00000000000,0x00000000000,0x24ac888e3,0x00000000,0x00000000,0,0,00000000000000000000092b22238c0000000000000000
570,0x00000000000,0x00000000000,0x000000000,0x1b7adaa4,0x00000000,0,0,000000000000000000000000000000dbd6d52000000000
571,0x00000000000,0x00000000000,0x000000000,0x00000000,0x00000000,0,0,0000000000000000000000000000000000000000000000
572,0x00000000000,0x00000000000,0x000000000,0x00000000,0x00000000,0,0,0000000000000000000000000000000000000000000000
573,0x00000000000,0x00000000000,0x24d0c6c03,0x00000000,0x00000000,0,0,00000000000000000000093431b00c0000000000000000
574,0x00000000000,0x00000000000,0x02560066b,0x1b9b1ae4,0x29e9d061,0,0,0000000000000000000000958019acdcd8d7229e9d0610
575,0x00000000000,0x00000000000,0x000000000,0x1bbb5b24,0x00000000,0,0,000000000000000000000000000000dddad92000000000
576,0x00000000000,0x00000000000,0x000000000,0x00000000,0x00000000,0,0,0000000000000000000000000000000000000000000000
577,0x00000000000,0x00000000000,0x24d4c6c23,0x00000000,0x00000000,0,0,00000000000000000000093531b08c0000000000000000
578,0x00000000000,0x00000000000,0x000000000,0x00000000,0x00000000,0,0,0000000000000000000000000000000000000000000000
579,0x00000000000,0x00000000000,0x000000000,0x00000000,0x00000000,0,0,0000000000000000000000000000000000000000000000
580,0x00000000000,0x00000000000,0x025a006eb,0x05e52502,0x2a2a1061,0,0,000000000000000000000096801bac2f292812a2a10610
581,0x00000000000,0x00000000000,0x24d8c6c43,0x00000000,0x00000000,0,0,00000000000000000000093631b10c0000000000000000
582,0x00000000000,0x00000000000,0x000000000,0x1bdb9b64,0x00000000,0,0,000000000000000000000000000000dedcdb2000000000
583,0x00000000000,0x00000000000,0x000000000,0x00000000,0x00000000,0,0,0000000000000000000000000000000000000000000000
584,0x00000000000,0x00000000000,0x000000000,0x00000000,0x00000000,0,0,0000000000000000000000000000000000000000000000
585,0x00000000000,0x00000000000,0x24dcc6c63,0x00000000,0x00000000,0,0,00000000000000000000093731b18c0000000000000000
586,0x00000000000,0x00000000000,0x028a0092b,0x06056542,0x2a6a5061,0,0,0000000000000000000000a28024ac302b2a12a6a50610
587,0x00000000000,0x00000000000,0x000000000,0x0645e5c2,0x00000000,0,0,000000000000000000000000000000322f2e1000000000
588,0x00000000000,0x00000000000,0x000000000,0x00000000,0x00000000,0,0,0000000000000000000000000000000000000000000000
589,0x00000000000,0x00000000000,0x24302c103,0x00000000,0x00000000,0,0,00000000000000000000090c0b040c0000000000000000
590,0x00000000000,0x00000000000,0x000000000,0x1bfbdba4,0x00000000,0,0,000000000000000000000000000000dfdedd2000000000
591,0x00000000000,0x00000000000,0x000000000,0x00000000,0x00000000,0,0,0000000000000000000000000000000000000000000000
592,0x00000000000,0x00000000000,0x028c0096b,0x0625a582,0x2aaa9061,0,0,0000000000000000000000a30025ac312d2c12aaa90610
593,0x00000000000,0x00000000000,0x24322c143,0x00000000,0x00000000,0,0,00000000000000000000090c8b050c0000000000000000
594,0x00000000000,0x00000000000,0x000000000,0x00000000,0x00000000,0,0,0000000000000000000000000000000000000000000000
595,0x00000000000,0x00000000000,0x000000000,0x00000000,0x00000000,0,0,0000000000000000000000000000000000000000000000
596,0x00000000000,0x00000000000,0x000000000,0x00000000,0x00000000,0,0,0000000000000000000000000000000000000000000000
597,0x00000000000,0x00000000000,0x24342c183,0x00000000,0x00000000,0,0,00000000000000000000090d0b060c0000000000000000
598,0x00000000000,0x00000000000,0x028e009ab,0x00000000,0x2aead061,0,0,0000000000000000000000a38026ac00000002aead0610
599,0x00000000000,0x00000040063,0x000000000,0x06662602,0x00000000,0,0,0000000000000000400630000000003331301000000000
600,0x00000000000,0x00000000000,0x000000000,0x00000000,0x00000000,0,0,0000000000000000000000000000000000000000000000
601,0x00000000000,0x00000000000,0x24362c1c3,0x00000000,0x00000000,0,0,00000000000000000000090d8b070c0000000000000000
602,0x00000000000,0x00000000000,0x000000000,0x00000000,0x00000000,0,0,0000000000000000000000000000000000000000000000
603,0x00000000000,0x00000041067,0x000000000,0x00000000,0x00000000,0,0,0000000000000000410670000000000000000000000000
604,0x00000000000,0x00000000000,0x0290009eb,0x09a8c8a2,0x2d2d1061,0,0,0000000000000000000000a40027ac4d464512d2d10610
605,0x00000000000,0x00000000000,0x24382c203,0x00000000,0x00000000,0,0,00000000000000000000090e0b080c0000000000000000
606,0x00000000000,0x00000000000,0x000000000,0x06866642,0x00000000,0,0,0000000000000000000000000000003433321000000000
607,0x00000000000,0x0000004206b,0x000000000,0x00000000,0x00000000,0,0,00000000000000004206b0000000000000000000000000
608,0x00000000000,0x00000000000,0x000000000,0x00000000,0x00000000,0,0,0000000000000000000000000000000000000000000000
609,0x00000000000,0x00000000000,0x243a2c243,0x00000000,0x00000000,0,0,00000000000000000000090e8b090c0000000000000000
610,0x00000000000,0x00000000000,0x029200a2b,0x00000000,0x2d6d5061,0,0,0000000000000000000000a48028ac00000002d6d50610
611,0x00000000000,0x0000004306f,0x000000000,0x00000000,0x00000000,0,0,00000000000000004306f0000000000000000000000000
612,0x00000000000,0x00000000000,0x000000000,0x00000000,0x00000000,0,0,0000000000000000000000000000000000000000000000
613,0x00000000000,0x00000000000,0x243c2c283,0x00000000,0x26a68009,0,0,00000000000000000000090f0b0a0c000000026a680090
614,0x00000000000,0x00000000000,0x000000000,0x00000000,0x00000000,0,0,0000000000000000000000000000000000000000000000
615,0x00000000000,0x00000044073,0x000000000,0x00000000,0x00000000,0,0,0000000000000000440730000000000000000000000000
616,0x00000000000,0x00000000000,0x029400a6b,0x09c908e2,0x2dad9061,0,0,0000000000000000000000a50029ac4e484712dad90610
617,0x00000000000,0x00000000000,0x243e2c2c3,0x00000000,0x00000000,0,0,00000000000000000000090f8b0b0c0000000000000000
618,0x00000000000,0x00000000000,0x000000000,0x00000000,0x00000000,0,0,0000000000000000000000000000000000000000000000
619,0x00000000000,0x00000045077,0x000000000,0x00000000,0x00000000,0,0,0000000000000000450770000000000000000000000000
620,0x00000000000,0x00000000000,0x000000000,0x00000000,0x00000000,0,0,0000000000000000000000000000000000000000000000
621,0x00000000000,0x00000000000,0x24e0c6c83,0x00000000,0x00000000,0,0,00000000000000000000093831b20c0000000000000000
622,0x00000000000,0x00000000000,0x029600aab,0x00000000,0x2dedd061,0,0,0000000000000000000000a5802aac00000002dedd0610
623,0x00000000000,0x0000004607b,0x000000000,0x0a29c9a2,0x00000000,0,0,00000000000000004607b000000000514e4d1000000000
624,0x00000000000,0x00000000000,0x000000000,0x00000000,0x00000000,0,0,0000000000000000000000000000000000000000000000
625,0x00000000000,0x00000000000,0x24e4c6ca3,0x00000000,0x00000000,0,0,00000000000000000000093931b28c0000000000000000
626,0x00000000000,0x00000000000,0x000000000,0x00000000,0x00000000,0,0,0000000000000000000000000000000000000000000000
627,0x00000080003,0x0000004707f,0x000000000,0x00000000,0x00000000,0,0,0000020000c000004707f0000000000000000000000000
628,0x00000081007,0x00000000000,0x029800aeb,0x09e94922,0x00000000,0,0,0000020401c00000000000a6002bac4f4a491000000000
629,0x0000008200b,0x00000000000,0x24e8c6cc3,0x00000000,0x00000000,0,0,0000020802c000000000093a31b30c0000000000000000
630,0x0000008300f,0x00000000000,0x03e00000c,0x00000000,0x00000000,0,0,0000020c03c00000000000f80000300000000000000000
631,0x00000084013,0x00000000000,0x03e20002c,0x00000000,0x2e2e1061,0,0,0000021004c00000000000f88000b000000002e2e10610
632,0x00000085017,0x00000000000,0x03e40004c,0x00000000,0x00000000,0,0,0000021405c00000000000f90001300000000000000000
633,0x0000008601b,0x00000000000,0x24ecc6ce3,0x00000000,0x00000000,0,0,0000021806c000000000093b31b38c0000000000000000
634,0x0000008701f,0x00000000000,0x02c800d2b,0x00000000,0x00000000,0,0,0000021c07c00000000000b20034ac0000000000000000
635,0x00000000000,0x00000000000,0x03e60006c,0x00000000,0x00000000,0,0,0000000000000000000000f98001b00000000000000000
636,0x00000000000,0x00000000000,0x03e80008c,0x00000000,0x00000000,0,0,0000000000000000000000fa0002300000000000000000
637,0x00000000000,0x00000000000,0x03ea000ac,0x00000000,0x2e6e5061,0,0,0000000000000000000000fa8002b000000002e6e50610
638,0x00000000000,0x00000000000,0x03ec000cc,0x1f1e3e04,0x00000000,0,0,0000000000000000000000fb000330f8f1f02000000000
639,0x00000000000,0x00000000000,0x24706a503,0x00000000,0x00000000,0,0,00000000000000000000091c1a940c0000000000000000
640,0x00000000000,0x00000000000,0x02ca00d6b,0x0a098962,0x00000000,0,0,0000000000000000000000b28035ac504c4b1000000000
641,0x00000000000,0x00000000000,0x03ee000ec,0x00000000,0x00000000,0,0,0000000000000000000000fb8003b00000000000000000
642,0x00000000000,0x00000000000,0x000000000,0x1f3e7e44,0x00000000,0,0,000000000000000000000000000000f9f3f22000000000
643,0x00000000000,0x00000000000,0x24726a543,0x00000000,0x2eae9061,0,0,00000000000000000000091c9a950c00000002eae90610
644,0x00000000000,0x00000000000,0x000000000,0x1f5ebe84,0x00000000,0,0,000000000000000000000000000000faf5f42000000000
645,0x00000000000,0x00000000000,0x000000000,0x00000000,0x00000000,0,0,0000000000000000000000000000000000000000000000
646,0x00000000000,0x00000000000,0x02cc00dab,0x00000000,0x00000000,0,0,0000000000000000000000b30036ac0000000000000000
647,0x00000000000,0x00000000000,0x24746a583,0x0a4a09e2,0x00000000,0,0,00000000000000000000091d1a960c52504f1000000000
648,0x00000000000,0x00000000000,0x000000000,0x1f7efec4,0x00000000,0,0,000000000000000000000000000000fbf7f62000000000
649,0x00000000000,0x000000480e3,0x000000000,0x1f9f3f04,0x2eeed061,0,0,0000000000000000480e3000000000fcf9f822eeed0610
650,0x00000000000,0x00000000000,0x000000000,0x00000000,0x00000000,0,0,0000000000000000000000000000000000000000000000
651,0x00000000000,0x00000000000,0x24766a5c3,0x00000000,0x00000000,0,0,00000000000000000000091d9a970c0000000000000000
652,0x00000000000,0x00000000000,0x02ce00deb,0x0d8cac82,0x00000000,0,0,0000000000000000000000b38037ac6c65641000000000
653,0x00000000000,0x000000490e7,0x000000000,0x00000000,0x00000000,0,0,0000000000000000490e70000000000000000000000000
654,0x00000000000,0x00000000000,0x000000000,0x0a6a4a22,0x00000000,0,0,0000000000000000000000000000005352511000000000
655,0x00000000000,0x00000000000,0x24786a603,0x1fbf7f44,0x00000000,0,0,00000000000000000000091e1a980cfdfbfa2000000000
656,0x00000000000,0x00000000000,0x000000000,0x00000000,0x00000000,0,0,0000000000000000000000000000000000000000000000
657,0x00000000000,0x0000004a0eb,0x000000000,0x00000000,0x00000000,0,0,00000000000000004a0eb0000000000000000000000000
658,0x00000000000,0x00000000000,0x000000000,0x00000000,0x00000000,0,0,0000000000000000000000000000000000000000000000
659,0x00000000000,0x00000000000,0x247a6a643,0x00000000,0x00000000,0,0,00000000000000000000091e9a990c0000000000000000
660,0x00000000000,0x00000000000,0x000000000,0x00000000,0x00000000,0,0,0000000000000000000000000000000000000000000000
661,0x00000000000,0x0000004b0ef,0x02d000e2b,0x00000000,0x2a8a6009,0,0,00000000000000004b0ef0b40038ac00000002a8a60090
662,0x00000000000,0x00000000000,0x000000000,0x1fdfbf84,0x00000000,0,0,000000000000000000000000000000fefdfc2000000000
663,0x00000000000,0x00000000000,0x000000000,0x00000000,0x00000000,0,0,0000000000000000000000000000000000000000000000
664,0x00000000000,0x00000000000,0x000000000,0x0dacecc2,0x00000000,0,0,0000000000000000000000000000006d67661000000000
665,0x00000000000,0x0000004c0f3,0x000000000,0x00000000,0x00000000,0,0,00000000000000004c0f30000000000000000000000000
666,0x00000000000,0x00000000000,0x000000000,0x00000000,0x00000000,0,0,0000000000000000000000000000000000000000000000
667,0x00000000000,0x00000000000,0x02d200e6b,0x00000000,0x00000000,0,0,0000000000000000000000b48039ac0000000000000000
668,0x00000000000,0x00000000000,0x000000000,0x00000000,0x00000000,0,0,0000000000000000000000000000000000000000000000
669,0x00000000000,0x0000004d0f7,0x000000000,0x00000000,0x00000000,0,0,00000000000000004d0f70000000000000000000000000
670,0x00000000000,0x00000000000,0x000000000,0x00000000,0x00000000,0,0,0000000000000000000000000000000000000000000000
671,0x00000000000,0x00000000000,0x000000000,0x0e0dad82,0x00000000,0,0,000000000000000000000000000000706d6c1000000000
672,0x00000000000,0x00000000000,0x047c6a683,0x00000000,0x00000000,0,0,00000000000000000000011f1a9a0c0000000000000000
673,0x00000000000,0x00000000000,0x047e6a6c3,0x00000000,0x00000000,0,0,00000000000000000000011f9a9b0c0000000000000000
674,0x00000000000,0x00000000000,0x02d400eab,0x00000000,0x00000000,0,0,0000000000000000000000b5003aac0000000000000000
675,0x00000000000,0x00000000000,0x051105003,0x00000000,0x00000000,0,0,00000000000000000000014441400c0000000000000000
676,0x00000000000,0x00000000000,0x051505023,0x00000000,0x00000000,0,0,00000000000000000000014541408c0000000000000000
677,0x00000000000,0x00000000000,0x051905043,0x00000000,0x00000000,0,0,00000000000000000000014641410c0000000000000000
678,0x00000000000,0x00000000000,0x051d05063,0x00000000,0x00000000,0,0,00000000000000000000014741418c0000000000000000
679,0x00000000000,0x0000004e0fb,0x02d600eeb,0x00000000,0x00000000,0,0,00000000000000004e0fb0b5803bac0000000000000000
680,0x00000088083,0x0000004f0ff,0x052105083,0x0dcd2d02,0x00000000,0,0,0000022020c000004f0ff14841420c6e69681000000000
681,0x00000089087,0x00000000000,0x0525050a3,0x00000000,0x00000000,0,0,0000022421c000000000014941428c0000000000000000
682,0x0000008b08f,0x00000000000,0x0529050c3,0x00000000,0x31311061,0,0,0000022c23c000000000014a41430c0000000313110610
683,0x0000008a08b,0x00000000000,0x04b0a8903,0x00000000,0x00000000,0,0,0000022822c000000000012c2a240c0000000000000000
684,0x0000008d097,0x00000000000,0x04b2a8943,0x00000000,0x00000000,0,0,0000023425c000000000012caa250c0000000000000000
685,0x0000008c093,0x00000000000,0x04b4a8983,0x00000000,0x00000000,0,0,0000023024c000000000012d2a260c0000000000000000
686,0x0000008e09b,0x00000000000,0x04b6a89c3,0x00000000,0x00000000,0,0,0000023826c000000000012daa270c0000000000000000
687,0x0000008f09f,0x00000000000,0x04b8a8a03,0x00000000,0x00000000,0,0,0000023c27c000000000012e2a280c0000000000000000
688,0x00000000000,0x00000000000,0x04baa8a43,0x00000000,0x31b19061,0,0,00000000000000000000012eaa290c000000031b190610
689,0x00000000000,0x00000000000,0x04bca8a83,0x00000000,0x00000000,0,0,00000000000000000000012f2a2a0c0000000000000000
690,0x00000000000,0x00000050163,0x24bea8ac3,0x00000000,0x00000000,0,0,00000000000000005016392faa2b0c0000000000000000
691,0x00000000000,0x00000051167,0x02220044c,0x0ded6d42,0x00000000,0,0,0000000000000000511670888011306f6b6a1000000000
692,0x00000000000,0x0000005216b,0x021e0040c,0x00000000,0x00000000,0,0,00000000000000005216b0878010300000000000000000
693,0x00000000000,0x0000005316f,0x02200042c,0x00000000,0x00000000,0,0,00000000000000005316f0880010b00000000000000000
694,0x00000000000,0x00000054173,0x252d050e3,0x00000000,0x31715061,0,0,00000000000000005417394b41438c0000000317150610
695,0x00000000000,0x00000055177,0x02240046c,0x00000000,0x00000000,0,0,0000000000000000551770890011b00000000000000000
696,0x00000000000,0x0000005617b,0x02260048c,0x00000000,0x00000000,0,0,00000000000000005617b0898012300000000000000000
697,0x00000000000,0x00000000000,0x0228004ac,0x00000000,0x00000000,0,0,00000000000000000000008a0012b00000000000000000
698,0x00000000000,0x00000000000,0x255143403,0x0e2dedc2,0x00000000,0,0,00000000000000000000095450d00c716f6e1000000000
699,0x00000000000,0x00000000000,0x022a004cc,0x00000000,0x00000000,0,0,00000000000000000000008a8013300000000000000000
700,0x00000090103,0x0000005717f,0x000000000,0x02e201e4,0x31f1d061,0,0,0000024040c000005717f00000000017100f231f1d0610
701,0x00000091107,0x00000000000,0x022c004ec,0x00000000,0x00000000,0,0,0000024441c000000000008b0013b00000000000000000
702,0x0000009210b,0x00000000000,0x255543423,0x00000000,0x00000000,0,0,0000024842c000000000095550d08c0000000000000000
703,0x0000009310f,0x00000000000,0x025c0080c,0x03024224,0x00000000,0,0,0000024c43c00000000000970020301812112000000000
704,0x00000094113,0x00000000000,0x025e0082c,0x03228264,0x00000000,0,0,0000025044c00000000000978020b01914132000000000
705,0x00000095117,0x00000000000,0x02600084c,0x0e4e2e02,0x00000000,0,0,0000025445c00000000000980021307271701000000000
706,0x0000009611b,0x00000000000,0x255943443,0x00000000,0x32321061,0,0,0000025846c000000000095650d10c0000000323210610
707,0x0000009711f,0x00000000000,0x02620086c,0x00000000,0x00000000,0,0,0000025c47c00000000000988021b00000000000000000
708,0x00000000000,0x00000000000,0x0266008ac,0x0342c2a4,0x00000000,0,0,0000000000000000000000998022b01a16152000000000
709,0x00000000000,0x00000000000,0x02640088c,0x00000000,0x00000000,0,0,0000000000000000000000990022300000000000000000
710,0x00000000000,0x00000000000,0x255d43463,0x036302e4,0x00000000,0,0,00000000000000000000095750d18c1b18172000000000
711,0x00000000000,0x00000000000,0x0268008cc,0x06c5e5c4,0x00000000,0,0,00000000000000000000009a002330362f2e2000000000
712,0x00000000000,0x00000000000,0x03060112b,0x00000000,0x2e6e4009,0,0,0000000000000000000000c18044ac00000002e6e40090
713,0x00000000000,0x00000000000,0x026a008ec,0x00000000,0x32725061,0,0,00000000000000000000009a8023b00000000327250610
714,0x00000000000,0x00000000000,0x256143483,0x00000000,0x00000000,0,0,00000000000000000000095850d20c0000000000000000
715,0x00000000000,0x00000000000,0x000000000,0x03834324,0x00000000,0,0,0000000000000000000000000000001c1a192000000000
716,0x00000000000,0x00000000000,0x000000000,0x06e62604,0x00000000,0,0,0000000000000000000000000000003731302000000000
717,0x00000000000,0x00000000000,0x000000000,0x07066644,0x00000000,0,0,0000000000000000000000000000003833322000000000
718,0x00000000000,0x00000000000,0x030a011ab,0x00000000,0x00000000,0,0,0000000000000000000000c28046ac0000000000000000
719,0x00000000000,0x00000000000,0x2565434a3,0x00000000,0x32b29061,0,0,00000000000000000000095950d28c000000032b290610
720,0x00000000000,0x00000000000,0x000000000,0x0726a684,0x00000000,0,0,0000000000000000000000000000003935342000000000
721,0x00000000000,0x00000000000,0x000000000,0x00000000,0x00000000,0,0,0000000000000000000000000000000000000000000000
722,0x00000000000,0x00000000000,0x000000000,0x03a38364,0x00000000,0,0,0000000000000000000000000000001d1c1b2000000000
723,0x00000000000,0x00000000000,0x2569434c3,0x0746e6c4,0x00000000,0,0,00000000000000000000095a50d30c3a37362000000000
724,0x00000000000,0x00000000000,0x03080116b,0x00000000,0x00000000,0,0,0000000000000000000000c20045ac0000000000000000
725,0x00000000000,0x00000000000,0x000000000,0x00000000,0x32f2d061,0,0,000000000000000000000000000000000000032f2d0610
726,0x00000000000,0x00000000000,0x000000000,0x00000000,0x00000000,0,0,0000000000000000000000000000000000000000000000
727,0x00000000000,0x00000000000,0x256d434e3,0x00000000,0x00000000,0,0,00000000000000000000095b50d38c0000000000000000
728,0x00000000000,0x00000000000,0x000000000,0x07672704,0x00000000,0,0,0000000000000000000000000000003b39382000000000
729,0x00000000000,0x00000000000,0x000000000,0x00000000,0x00000000,0,0,0000000000000000000000000000000000000000000000
730,0x00000000000,0x00000000000,0x030c011eb,0x00000000,0x00000000,0,0,0000000000000000000000c30047ac0000000000000000
731,0x00000000000,0x00000000000,0x259581823,0x00000000,0x35351061,0,0,00000000000000000000096560608c0000000353510610
732,0x00000000000,0x00000000000,0x000000000,0x00000000,0x00000000,0,0,0000000000000000000000000000000000000000000000
733,0x00000000000,0x00000000000,0x000000000,0x00000000,0x00000000,0,0,0000000000000000000000000000000000000000000000
734,0x00000000000,0x00000000000,0x000000000,0x00000000,0x00000000,0,0,0000000000000000000000000000000000000000000000
735,0x00000000000,0x00000000000,0x24f0e6d03,0x00000000,0x00000000,0,0,00000000000000000000093c39b40c0000000000000000
736,0x00000000000,0x00000000000,0x030e0122b,0x11709062,0x00000000,0,0,0000000000000000000000c38048ac8b84831000000000
737,0x00000000000,0x00000000000,0x000000000,0x07876744,0x35755061,0,0,0000000000000000000000000000003c3b3a2357550610
738,0x00000000000,0x00000000000,0x000000000,0x00000000,0x00000000,0,0,0000000000000000000000000000000000000000000000
739,0x00000000000,0x00000000000,0x24f4e6d83,0x00000000,0x00000000,0,0,00000000000000000000093d39b60c0000000000000000
740,0x00000000000,0x00000000000,0x000000000,0x00000000,0x00000000,0,0,0000000000000000000000000000000000000000000000
741,0x00000000000,0x00000000000,0x000000000,0x00000000,0x00000000,0,0,0000000000000000000000000000000000000000000000
742,0x00000000000,0x00000000000,0x000000000,0x1190d0a2,0x00000000,0,0,0000000000000000000000000000008c86851000000000
743,0x00000000000,0x00000000000,0x24f2e6d43,0x00000000,0x35b59061,0,0,00000000000000000000093cb9b50c000000035b590610
744,0x00000000000,0x00000000000,0x03100126b,0x00000000,0x00000000,0,0,0000000000000000000000c40049ac0000000000000000
745,0x00000000000,0x000000581e3,0x000000000,0x00000000,0x00000000,0,0,0000000000000000581e30000000000000000000000000
746,0x00000000000,0x00000000000,0x000000000,0x00000000,0x00000000,0,0,0000000000000000000000000000000000000000000000
747,0x00000000000,0x00000000000,0x24f6e6dc3,0x00000000,0x00000000,0,0,00000000000000000000093db9b70c0000000000000000
748,0x00000000000,0x00000000000,0x000000000,0x00000000,0x00000000,0,0,0000000000000000000000000000000000000000000000
749,0x00000000000,0x0000005a1eb,0x0312012ab,0x11f19162,0x36361061,0,0,00000000000000005a1eb0c4804aac8f8c8b1363610610
750,0x00000000000,0x00000000000,0x000000000,0x00000000,0x00000000,0,0,0000000000000000000000000000000000000000000000
751,0x00000000000,0x00000000000,0x24f8e6e03,0x00000000,0x00000000,0,0,00000000000000000000093e39b80c0000000000000000
752,0x00000000000,0x00000000000,0x000000000,0x00000000,0x00000000,0,0,0000000000000000000000000000000000000000000000
753,0x00000000000,0x000000591e7,0x000000000,0x00000000,0x00000000,0,0,0000000000000000591e70000000000000000000000000
754,0x00000000000,0x00000000000,0x000000000,0x00000000,0x00000000,0,0,0000000000000000000000000000000000000000000000
755,0x00000000000,0x00000000000,0x24fae6e43,0x00000000,0x36b69061,0,0,00000000000000000000093eb9b90c000000036b690610
756,0x00000000000,0x00000000000,0x0314012eb,0x11b110e2,0x00000000,0,0,0000000000000000000000c5004bac8d88871000000000
757,0x00000000000,0x0000005b1ef,0x000000000,0x00000000,0x00000000,0,0,00000000000000005b1ef0000000000000000000000000
758,0x00000000000,0x00000000000,0x000000000,0x00000000,0x00000000,0,0,0000000000000000000000000000000000000000000000
759,0x00000000000,0x00000000000,0x24fce6e83,0x00000000,0x00000000,0,0,00000000000000000000093f39ba0c0000000000000000
760,0x00000000000,0x00000000000,0x000000000,0x00000000,0x00000000,0,0,0000000000000000000000000000000000000000000000
761,0x00000000000,0x0000005c1f3,0x03440152b,0x00000000,0x35f5d061,0,0,00000000000000005c1f30d10054ac000000035f5d0610
762,0x00000000000,0x00000000000,0x000000000,0x00000000,0x00000000,0,0,0000000000000000000000000000000000000000000000
763,0x00000000000,0x00000000000,0x24fee6ec3,0x00000000,0x00000000,0,0,00000000000000000000093fb9bb0c0000000000000000
764,0x00000000000,0x00000000000,0x000000000,0x00000000,0x00000000,0,0,0000000000000000000000000000000000000000000000
765,0x00000000000,0x0000005d1f7,0x000000000,0x00000000,0x00000000,0,0,00000000000000005d1f70000000000000000000000000
766,0x00000000000,0x00000000000,0x000000000,0x00000000,0x00000000,0,0,0000000000000000000000000000000000000000000000
767,0x00000000000,0x00000000000,0x03460156b,0x00000000,0x36765061,0,0,0000000000000000000000d18055ac0000000367650610
768,0x00000000000,0x00000000000,0x259181803,0x11d15122,0x00000000,0,0,00000000000000000000096460600c8e8a891000000000
769,0x00000000000,0x0000005e1fb,0x000000000,0x00000000,0x00000000,0,0,00000000000000005e1fb0000000000000000000000000
770,0x00000000000,0x00000000000,0x000000000,0x00000000,0x00000000,0,0,0000000000000000000000000000000000000000000000
771,0x00000000000,0x00000000000,0x000000000,0x00000000,0x00000000,0,0,0000000000000000000000000000000000000000000000
772,0x00000000000,0x00000000000,0x259981843,0x00000000,0x00000000,0,0,00000000000000000000096660610c0000000000000000
773,0x00000098183,0x0000005f1ff,0x0348015ab,0x00000000,0x36f6d061,0,0,0000026060c000005f1ff0d20056ac000000036f6d0610
774,0x00000099187,0x00000000000,0x000000000,0x00000000,0x00000000,0,0,0000026461c00000000000000000000000000000000000
775,0x0000009a18b,0x00000000000,0x000000000,0x1211d1a2,0x00000000,0,0,0000026862c0000000000000000000908e8d1000000000
776,0x0000009b18f,0x00000000000,0x259d81863,0x00000000,0x00000000,0,0,0000026c63c000000000096760618c0000000000000000
777,0x0000009c193,0x00000000000,0x029a00c0c,0x00000000,0x00000000,0,0,0000027064c00000000000a68030300000000000000000
778,0x0000009d197,0x00000000000,0x029c00c2c,0x00000000,0x00000000,0,0,0000027465c00000000000a70030b00000000000000000
779,0x0000009e19b,0x00000000000,0x034c0162b,0x15547442,0x39391061,0,0,0000027866c00000000000d30058acaaa3a21393910610
780,0x0000009f19f,0x00000000000,0x25a181883,0x00000000,0x00000000,0,0,0000027c67c000000000096860620c0000000000000000
781,0x00000000000,0x00000000000,0x029e00c4c,0x00000000,0x00000000,0,0,0000000000000000000000a78031300000000000000000
782,0x00000000000,0x00000000000,0x02a000c6c,0x123211e2,0x00000000,0,0,0000000000000000000000a80031b091908f1000000000
783,0x00000000000,0x00000000000,0x02a200c8c,0x00000000,0x00000000,0,0,0000000000000000000000a88032300000000000000000
784,0x00000000000,0x00000000000,0x25a5818a3,0x00000000,0x00000000,0,0,00000000000000000000096960628c0000000000000000
785,0x00000000000,0x00000000000,0x0350016ab,0x0aa9c9a4,0x39795061,0,0,0000000000000000000000d4005aac554e4d2397950610
786,0x00000000000,0x00000000000,0x02a400cac,0x00000000,0x00000000,0,0,0000000000000000000000a90032b00000000000000000
787,0x00000000000,0x00000000000,0x02a600ccc,0x00000000,0x00000000,0,0,0000000000000000000000a98033300000000000000000
788,0x00000000000,0x00000000000,0x25a9818c3,0x00000000,0x00000000,0,0,00000000000000000000096a60630c0000000000000000
789,0x00000000000,0x00000000000,0x02a800cec,0x0aca09e4,0x32522009,0,0,0000000000000000000000aa0033b056504f2325220090
790,0x00000000000,0x00000000000,0x000000000,0x00000000,0x00000000,0,0,0000000000000000000000000000000000000000000000
791,0x00000000000,0x00000000000,0x034a015eb,0x00000000,0x39b99061,0,0,0000000000000000000000d28057ac000000039b990610
792,0x00000000000,0x00000000000,0x25ad818e3,0x00000000,0x00000000,0,0,00000000000000000000096b60638c0000000000000000
793,0x00000000000,0x00000000000,0x000000000,0x0aea4a24,0x00000000,0,0,0000000000000000000000000000005752512000000000
794,0x00000000000,0x00000000000,0x000000000,0x00000000,0x00000000,0,0,0000000000000000000000000000000000000000000000
795,0x00000000000,0x00000000000,0x000000000,0x00000000,0x00000000,0,0,0000000000000000000000000000000000000000000000
796,0x00000000000,0x00000000000,0x25d1bfc03,0x00000000,0x00000000,0,0,0000000000000000000009746ff00c0000000000000000
797,0x00000000000,0x00000000000,0x034e0166b,0x0b0a8a64,0x39f9d061,0,0,0000000000000000000000d38059ac585453239f9d0610
798,0x00000000000,0x00000000000,0x000000000,0x0b2acaa4,0x00000000,0,0,0000000000000000000000000000005956552000000000
799,0x00000000000,0x00000000000,0x000000000,0x00000000,0x00000000,0,0,0000000000000000000000000000000000000000000000
800,0x00000000000,0x00000000000,0x25d5bfc23,0x00000000,0x00000000,0,0,0000000000000000000009756ff08c0000000000000000
801,0x00000000000,0x00000000000,0x000000000,0x00000000,0x00000000,0,0,0000000000000000000000000000000000000000000000
802,0x00000000000,0x00000000000,0x000000000,0x00000000,0x00000000,0,0,0000000000000000000000000000000000000000000000
803,0x00000000000,0x00000000000,0x0352016eb,0x1574b482,0x3a3a1061,0,0,0000000000000000000000d4805bacaba5a413a3a10610
804,0x00000000000,0x00000000000,0x25d9bfc43,0x00000000,0x00000000,0,0,0000000000000000000009766ff10c0000000000000000
805,0x00000000000,0x00000000000,0x000000000,0x0b4b0ae4,0x00000000,0,0,0000000000000000000000000000005a58572000000000
806,0x00000000000,0x00000000000,0x000000000,0x00000000,0x00000000,0,0,0000000000000000000000000000000000000000000000
807,0x00000000000,0x00000000000,0x000000000,0x00000000,0x00000000,0,0,0000000000000000000000000000000000000000000000
808,0x00000000000,0x00000000000,0x25ddbfc63,0x00000000,0x00000000,0,0,0000000000000000000009776ff18c0000000000000000
809,0x00000000000,0x00000000000,0x03820192b,0x1594f4c2,0x3a7a5061,0,0,0000000000000000000000e08064acaca7a613a7a50610
810,0x00000000000,0x00000000000,0x000000000,0x15d57542,0x00000000,0,0,000000000000000000000000000000aeabaa1000000000
811,0x00000000000,0x00000000000,0x000000000,0x00000000,0x00000000,0,0,0000000000000000000000000000000000000000000000
812,0x00000000000,0x00000000000,0x253125103,0x00000000,0x00000000,0,0,00000000000000000000094c49440c0000000000000000
813,0x00000000000,0x00000000000,0x000000000,0x0b6b4b24,0x00000000,0,0,0000000000000000000000000000005b5a592000000000
814,0x00000000000,0x00000000000,0x000000000,0x00000000,0x00000000,0,0,0000000000000000000000000000000000000000000000
815,0x00000000000,0x00000000000,0x03840196b,0x15b53502,0x3aba9061,0,0,0000000000000000000000e10065acada9a813aba90610
816,0x00000000000,0x00000000000,0x253325143,0x00000000,0x00000000,0,0,00000000000000000000094cc9450c0000000000000000
817,0x00000000000,0x00000000000,0x000000000,0x00000000,0x00000000,0,0,0000000000000000000000000000000000000000000000
818,0x00000000000,0x00000000000,0x000000000,0x00000000,0x00000000,0,0,0000000000000000000000000000000000000000000000
819,0x00000000000,0x00000000000,0x000000000,0x00000000,0x00000000,0,0,0000000000000000000000000000000000000000000000
820,0x00000000000,0x00000000000,0x253525183,0x00000000,0x00000000,0,0,00000000000000000000094d49460c0000000000000000
821,0x00000000000,0x00000000000,0x0386019ab,0x00000000,0x3afad061,0,0,0000000000000000000000e18066ac00000003afad0610
822,0x00000000000,0x00000060263,0x000000000,0x15f5b582,0x00000000,0,0,000000000000000060263000000000afadac1000000000
823,0x00000000000,0x00000000000,0x000000000,0x00000000,0x00000000,0,0,0000000000000000000000000000000000000000000000
824,0x00000000000,0x00000000000,0x2537251c3,0x00000000,0x00000000,0,0,00000000000000000000094dc9470c0000000000000000
825,0x00000000000,0x00000000000,0x000000000,0x00000000,0x00000000,0,0,0000000000000000000000000000000000000000000000
826,0x00000000000,0x00000061267,0x000000000,0x00000000,0x00000000,0,0,0000000000000000612670000000000000000000000000
827,0x00000000000,0x00000000000,0x0388019eb,0x19385822,0x3d3d1061,0,0,0000000000000000000000e20067acc9c2c113d3d10610
828,0x00000000000,0x00000000000,0x253925203,0x00000000,0x00000000,0,0,00000000000000000000094e49480c0000000000000000
829,0x00000000000,0x00000000000,0x000000000,0x1615f5c2,0x00000000,0,0,000000000000000000000000000000b0afae1000000000
830,0x00000000000,0x0000006226b,0x000000000,0x00000000,0x00000000,0,0,00000000000000006226b0000000000000000000000000
831,0x00000000000,0x00000000000,0x000000000,0x00000000,0x00000000,0,0,0000000000000000000000000000000000000000000000
832,0x00000000000,0x00000000000,0x253b25243,0x00000000,0x00000000,0,0,00000000000000000000094ec9490c0000000000000000
833,0x00000000000,0x00000000000,0x038a01a2b,0x00000000,0x3d7d5061,0,0,0000000000000000000000e28068ac00000003d7d50610
834,0x00000000000,0x0000006326f,0x000000000,0x00000000,0x00000000,0,0,00000000000000006326f0000000000000000000000000
835,0x00000000000,0x00000000000,0x000000000,0x00000000,0x00000000,0,0,0000000000000000000000000000000000000000000000
836,0x00000000000,0x00000000000,0x253d25283,0x00000000,0x36360009,0,0,00000000000000000000094f494a0c0000000363600090
837,0x00000000000,0x00000000000,0x000000000,0x00000000,0x00000000,0,0,0000000000000000000000000000000000000000000000
838,0x00000000000,0x00000064273,0x000000000,0x00000000,0x00000000,0,0,0000000000000000642730000000000000000000000000
839,0x00000000000,0x00000000000,0x038c01a6b,0x19589862,0x3dbd9061,0,0,0000000000000000000000e30069accac4c313dbd90610
840,0x00000000000,0x00000000000,0x253f252c3,0x00000000,0x00000000,0,0,00000000000000000000094fc94b0c0000000000000000
841,0x00000000000,0x00000000000,0x000000000,0x00000000,0x00000000,0,0,0000000000000000000000000000000000000000000000
842,0x00000000000,0x00000065277,0x000000000,0x00000000,0x00000000,0,0,0000000000000000652770000000000000000000000000
843,0x00000000000,0x00000000000,0x000000000,0x00000000,0x00000000,0,0,0000000000000000000000000000000000000000000000
844,0x00000000000,0x00000000000,0x25e1bfc83,0x00000000,0x00000000,0,0,0000000000000000000009786ff20c0000000000000000
845,0x00000000000,0x00000000000,0x038e01aab,0x00000000,0x3dfdd061,0,0,0000000000000000000000e3806aac00000003dfdd0610
846,0x00000000000,0x0000006627b,0x000000000,0x19b95922,0x00000000,0,0,00000000000000006627b000000000cdcac91000000000
847,0x00000000000,0x00000000000,0x000000000,0x00000000,0x00000000,0,0,0000000000000000000000000000000000000000000000
848,0x00000000000,0x00000000000,0x25e5bfca3,0x00000000,0x00000000,0,0,0000000000000000000009796ff28c0000000000000000
849,0x00000000000,0x00000000000,0x000000000,0x00000000,0x00000000,0,0,0000000000000000000000000000000000000000000000
850,0x000000a0203,0x0000006727f,0x000000000,0x00000000,0x00000000,0,0,0000028080c000006727f0000000000000000000000000
851,0x000000a1207,0x00000000000,0x039001aeb,0x1978d8a2,0x00000000,0,0,0000028481c00000000000e4006baccbc6c51000000000
852,0x000000a220b,0x00000000000,0x25e9bfcc3,0x00000000,0x00000000,0,0,0000028882c000000000097a6ff30c0000000000000000
853,0x000000a320f,0x00000000000,0x02d80100c,0x00000000,0x00000000,0,0,0000028c83c00000000000b60040300000000000000000
854,0x000000a4213,0x00000000000,0x02da0102c,0x00000000,0x3e3e1061,0,0,0000029084c00000000000b68040b000000003e3e10610
855,0x000000a5217,0x00000000000,0x02dc0104c,0x00000000,0x00000000,0,0,0000029485c00000000000b70041300000000000000000
856,0x000000a621b,0x00000000000,0x25edbfce3,0x00000000,0x00000000,0,0,0000029886c000000000097b6ff38c0000000000000000
857,0x000000a721f,0x00000000000,0x03c001d2b,0x00000000,0x00000000,0,0,0000029c87c00000000000f00074ac0000000000000000
858,0x00000000000,0x00000000000,0x02de0106c,0x00000000,0x00000000,0,0,0000000000000000000000b78041b00000000000000000
859,0x00000000000,0x00000000000,0x02e00108c,0x00000000,0x00000000,0,0,0000000000000000000000b80042300000000000000000
860,0x00000000000,0x00000000000,0x02e2010ac,0x00000000,0x3e7e5061,0,0,0000000000000000000000b88042b000000003e7e50610
861,0x00000000000,0x00000000000,0x02e4010cc,0x0e8dad84,0x00000000,0,0,0000000000000000000000b9004330746d6c2000000000
862,0x00000000000,0x00000000000,0x257163503,0x00000000,0x00000000,0,0,00000000000000000000095c58d40c0000000000000000
863,0x00000000000,0x00000000000,0x03c201d6b,0x199918e2,0x00000000,0,0,0000000000000000000000f08075acccc8c71000000000
864,0x00000000000,0x00000000000,0x02e6010ec,0x00000000,0x00000000,0,0,0000000000000000000000b98043b00000000000000000
865,0x00000000000,0x00000000000,0x000000000,0x0eadedc4,0x00000000,0,0,000000000000000000000000000000756f6e2000000000
866,0x00000000000,0x00000000000,0x257363543,0x00000000,0x3ebe9061,0,0,00000000000000000000095cd8d50c00000003ebe90610
867,0x00000000000,0x00000000000,0x000000000,0x0ece2e04,0x00000000,0,0,0000000000000000000000000000007671702000000000
868,0x00000000000,0x00000000000,0x000000000,0x00000000,0x00000000,0,0,0000000000000000000000000000000000000000000000
869,0x00000000000,0x00000000000,0x03c401dab,0x00000000,0x00000000,0,0,0000000000000000000000f10076ac0000000000000000
870,0x00000000000,0x00000000000,0x257563583,0x19d99962,0x00000000,0,0,00000000000000000000095d58d60ccecccb1000000000
871,0x00000000000,0x00000000000,0x000000000,0x0eee6e44,0x00000000,0,0,0000000000000000000000000000007773722000000000
872,0x00000000000,0x000000682e3,0x000000000,0x0f0eae84,0x3efed061,0,0,0000000000000000682e300000000078757423efed0610
873,0x00000000000,0x00000000000,0x000000000,0x00000000,0x00000000,0,0,0000000000000000000000000000000000000000000000
874,0x00000000000,0x00000000000,0x2577635c3,0x00000000,0x00000000,0,0,00000000000000000000095dd8d70c0000000000000000
875,0x00000000000,0x00000000000,0x03c601deb,0x1d1c3c02,0x00000000,0,0,0000000000000000000000f18077ace8e1e01000000000
876,0x00000000000,0x000000692e7,0x000000000,0x00000000,0x00000000,0,0,0000000000000000692e70000000000000000000000000
877,0x00000000000,0x00000000000,0x000000000,0x19f9d9a2,0x00000000,0,0,000000000000000000000000000000cfcecd1000000000
878,0x00000000000,0x00000000000,0x257963603,0x0f2eeec4,0x00000000,0,0,00000000000000000000095e58d80c7977762000000000
879,0x00000000000,0x00000000000,0x000000000,0x00000000,0x00000000,0,0,0000000000000000000000000000000000000000000000
880,0x00000000000,0x0000006a2eb,0x000000000,0x00000000,0x00000000,0,0,00000000000000006a2eb0000000000000000000000000
881,0x00000000000,0x00000000000,0x000000000,0x00000000,0x00000000,0,0,0000000000000000000000000000000000000000000000
882,0x00000000000,0x00000000000,0x257b63643,0x00000000,0x00000000,0,0,00000000000000000000095ed8d90c0000000000000000
883,0x00000000000,0x00000000000,0x000000000,0x00000000,0x00000000,0,0,0000000000000000000000000000000000000000000000
884,0x00000000000,0x0000006b2ef,0x03c801e2b,0x00000000,0x3a19e009,0,0,00000000000000006b2ef0f20078ac00000003a19e0090
885,0x00000000000,0x00000000000,0x000000000,0x0f4f2f04,0x00000000,0,0,0000000000000000000000000000007a79782000000000
886,0x00000000000,0x00000000000,0x000000000,0x00000000,0x00000000,0,0,0000000000000000000000000000000000000000000000
887,0x00000000000,0x00000000000,0x000000000,0x1d3c7c42,0x00000000,0,0,000000000000000000000000000000e9e3e21000000000
888,0x00000000000,0x0000006c2f3,0x000000000,0x00000000,0x00000000,0,0,00000000000000006c2f30000000000000000000000000
889,0x00000000000,0x00000000000,0x000000000,0x00000000,0x00000000,0,0,0000000000000000000000000000000000000000000000
890,0x00000000000,0x00000000000,0x03ca01e6b,0x00000000,0x00000000,0,0,0000000000000000000000f28079ac0000000000000000
891,0x00000000000,0x00000000000,0x000000000,0x00000000,0x00000000,0,0,0000000000000000000000000000000000000000000000
892,0x00000000000,0x0000006d2f7,0x000000000,0x00000000,0x00000000,0,0,00000000000000006d2f70000000000000000000000000
893,0x00000000000,0x00000000000,0x000000000,0x00000000,0x00000000,0,0,0000000000000000000000000000000000000000000000
894,0x00000000000,0x00000000000,0x000000000,0x1d9d3d02,0x00000000,0,0,000000000000000000000000000000ece9e81000000000
895,0x00000000000,0x00000000000,0x057d63683,0x00000000,0x00000000,0,0,00000000000000000000015f58da0c0000000000000000
896,0x00000000000,0x00000000000,0x057f636c3,0x00000000,0x00000000,0,0,00000000000000000000015fd8db0c0000000000000000
897,0x00000000000,0x00000000000,0x03cc01eab,0x00000000,0x00000000,0,0,0000000000000000000000f3007aac0000000000000000
898,0x00000000000,0x00000000000,0x0411fc003,0x00000000,0x00000000,0,0,0000000000000000000001047f000c0000000000000000
899,0x00000000000,0x00000000000,0x0415fc023,0x00000000,0x00000000,0,0,0000000000000000000001057f008c0000000000000000
900,0x00000000000,0x00000000000,0x0419fc043,0x00000000,0x00000000,0,0,0000000000000000000001067f010c0000000000000000
901,0x00000000000,0x00000000000,0x041dfc063,0x00000000,0x00000000,0,0,0000000000000000000001077f018c0000000000000000
902,0x00000000000,0x0000006e2fb,0x03ce01eeb,0x00000000,0x00000000,0,0,00000000000000006e2fb0f3807bac0000000000000000
903,0x000000a8283,0x0000006f2ff,0x0421fc083,0x1d5cbc82,0x00000000,0,0,000002a0a0c000006f2ff1087f020ceae5e41000000000
904,0x000000a9287,0x00000000000,0x0425fc0a3,0x00000000,0x00000000,0,0,000002a4a1c00000000001097f028c0000000000000000
905,0x000000ab28f,0x00000000000,0x0429fc0c3,0x00000000,0x21211061,0,0,000002aca3c000000000010a7f030c0000000212110610
906,0x000000aa28b,0x00000000000,0x05b1a1903,0x00000000,0x00000000,0,0,000002a8a2c000000000016c68640c0000000000000000
907,0x000000ad297,0x00000000000,0x05b3a1943,0x00000000,0x00000000,0,0,000002b4a5c000000000016ce8650c0000000000000000
908,0x000000ac293,0x00000000000,0x05b5a1983,0x00000000,0x00000000,0,0,000002b0a4c000000000016d68660c0000000000000000
909,0x000000ae29b,0x00000000000,0x05b7a19c3,0x00000000,0x00000000,0,0,000002b8a6c000000000016de8670c0000000000000000
910,0x000000af29f,0x00000000000,0x05b9a1a03,0x00000000,0x00000000,0,0,000002bca7c000000000016e68680c0000000000000000
911,0x00000000000,0x00000000000,0x05bba1a43,0x00000000,0x21a19061,0,0,00000000000000000000016ee8690c000000021a190610
912,0x00000000000,0x00000000000,0x05bda1a83,0x00000000,0x00000000,0,0,00000000000000000000016f686a0c0000000000000000
913,0x00000000000,0x00000070363,0x25bfa1ac3,0x00000000,0x00000000,0,0,00000000000000007036396fe86b0c0000000000000000
914,0x00000000000,0x00000071367,0x031a0144c,0x1d7cfcc2,0x00000000,0,0,0000000000000000713670c6805130ebe7e61000000000
915,0x00000000000,0x0000007236b,0x03160140c,0x00000000,0x00000000,0,0,00000000000000007236b0c58050300000000000000000
916,0x00000000000,0x0000007336f,0x03180142c,0x00000000,0x00000000,0,0,00000000000000007336f0c60050b00000000000000000
917,0x00000000000,0x00000074373,0x242dfc0e3,0x00000000,0x21615061,0,0,00000000000000007437390b7f038c0000000216150610
918,0x00000000000,0x00000075377,0x031c0146c,0x00000000,0x00000000,0,0,0000000000000000753770c70051b00000000000000000
919,0x00000000000,0x0000007637b,0x031e0148c,0x00000000,0x00000000,0,0,00000000000000007637b0c78052300000000000000000
920,0x00000000000,0x00000000000,0x0320014ac,0x00000000,0x00000000,0,0,0000000000000000000000c80052b00000000000000000
921,0x00000000000,0x00000000000,0x24503a403,0x1dbd7d42,0x00000000,0,0,0000000000000000000009140e900cedebea1000000000
922,0x00000000000,0x00000000000,0x0322014cc,0x00000000,0x00000000,0,0,0000000000000000000000c88053300000000000000000
923,0x000000b0303,0x0000007737f,0x000000000,0x12719164,0x21e1d061,0,0,000002c0c0c000007737f000000000938c8b221e1d0610
924,0x000000b1307,0x00000000000,0x0324014ec,0x00000000,0x00000000,0,0,000002c4c1c00000000000c90053b00000000000000000
925,0x000000b230b,0x00000000000,0x24543a423,0x00000000,0x00000000,0,0,000002c8c2c00000000009150e908c0000000000000000
926,0x000000b330f,0x00000000000,0x03540180c,0x1291d1a4,0x00000000,0,0,000002ccc3c00000000000d5006030948e8d2000000000
927,0x000000b4313,0x00000000000,0x03560182c,0x12b211e4,0x00000000,0,0,000002d0c4c00000000000d58060b095908f2000000000
928,0x000000b5317,0x00000000000,0x03580184c,0x1dddbd82,0x00000000,0,0,000002d4c5c00000000000d6006130eeedec1000000000
929,0x000000b631b,0x00000000000,0x24583a443,0x00000000,0x22221061,0,0,000002d8c6c00000000009160e910c0000000222210610
930,0x000000b731f,0x00000000000,0x035a0186c,0x00000000,0x00000000,0,0,000002dcc7c00000000000d68061b00000000000000000
931,0x00000000000,0x00000000000,0x035e018ac,0x12d25224,0x00000000,0,0,0000000000000000000000d78062b09692912000000000
932,0x00000000000,0x00000000000,0x035c0188c,0x00000000,0x00000000,0,0,0000000000000000000000d70062300000000000000000
933,0x00000000000,0x00000000000,0x245c3a463,0x12f29264,0x00000000,0,0,0000000000000000000009170e918c9794932000000000
934,0x00000000000,0x00000000000,0x0360018cc,0x16557544,0x00000000,0,0,0000000000000000000000d8006330b2abaa2000000000
935,0x00000000000,0x00000000000,0x03fe0012b,0x00000000,0x3dfdc009,0,0,0000000000000000000000ff8004ac00000003dfdc0090
936,0x00000000000,0x00000000000,0x0362018ec,0x00000000,0x22625061,0,0,0000000000000000000000d88063b00000000226250610
937,0x00000000000,0x00000000000,0x24603a483,0x00000000,0x00000000,0,0,0000000000000000000009180e920c0000000000000000
938,0x00000000000,0x00000000000,0x000000000,0x1312d2a4,0x00000000,0,0,0000000000000000000000000000009896952000000000
939,0x00000000000,0x00000000000,0x000000000,0x1675b584,0x00000000,0,0,000000000000000000000000000000b3adac2000000000
940,0x00000000000,0x00000000000,0x000000000,0x1695f5c4,0x00000000,0,0,000000000000000000000000000000b4afae2000000000
941,0x00000000000,0x00000000000,0x0202001ab,0x00000000,0x00000000,0,0,0000000000000000000000808006ac0000000000000000
942,0x00000000000,0x00000000000,0x24643a4a3,0x00000000,0x22a29061,0,0,0000000000000000000009190e928c000000022a290610
943,0x00000000000,0x00000000000,0x000000000,0x16b63604,0x00000000,0,0,000000000000000000000000000000b5b1b02000000000
944,0x00000000000,0x00000000000,0x000000000,0x00000000,0x00000000,0,0,0000000000000000000000000000000000000000000000
945,0x00000000000,0x00000000000,0x000000000,0x133312e4,0x00000000,0,0,0000000000000000000000000000009998972000000000
946,0x00000000000,0x00000000000,0x24683a4c3,0x16d67644,0x00000000,0,0,00000000000000000000091a0e930cb6b3b22000000000
947,0x00000000000,0x00000000000,0x02000016b,0x00000000,0x00000000,0,0,0000000000000000000000800005ac0000000000000000
948,0x00000000000,0x00000000000,0x000000000,0x00000000,0x22e2d061,0,0,000000000000000000000000000000000000022e2d0610
949,0x00000000000,0x00000000000,0x000000000,0x00000000,0x00000000,0,0,0000000000000000000000000000000000000000000000
950,0x00000000000,0x00000000000,0x246c3a4e3,0x00000000,0x00000000,0,0,00000000000000000000091b0e938c0000000000000000
951,0x00000000000,0x00000000000,0x000000000,0x16f6b684,0x00000000,0,0,000000000000000000000000000000b7b5b42000000000
952,0x00000000000,0x00000000000,0x000000000,0x00000000,0x00000000,0,0,0000000000000000000000000000000000000000000000
953,0x00000000000,0x00000000000,0x0204001eb,0x00000000,0x00000000,0,0,0000000000000000000000810007ac0000000000000000
954,0x00000000000,0x00000000000,0x249478823,0x00000000,0x25251061,0,0,0000000000000000000009251e208c0000000252510610
955,0x00000000000,0x00000000000,0x000000000,0x00000000,0x00000000,0,0,0000000000000000000000000000000000000000000000
956,0x00000000000,0x00000000000,0x000000000,0x00000000,0x00000000,0,0,0000000000000000000000000000000000000000000000
957,0x00000000000,0x00000000000,0x000000000,0x00000000,0x00000000,0,0,0000000000000000000000000000000000000000000000
958,0x00000000000,0x00000000000,0x25f1dfd03,0x00000000,0x00000000,0,0,00000000000000000000097c77f40c0000000000000000
959,0x00000000000,0x00000000000,0x02060022b,0x00e01fe2,0x00000000,0,0,0000000000000000000000818008ac0700ff1000000000
960,0x00000000000,0x00000000000,0x000000000,0x1716f6c4,0x25655061,0,0,000000000000000000000000000000b8b7b62256550610
961,0x00000000000,0x00000000000,0x000000000,0x00000000,0x00000000,0,0,0000000000000000000000000000000000000000000000
962,0x00000000000,0x00000000000,0x25f5dfd83,0x00000000,0x00000000,0,0,00000000000000000000097d77f60c0000000000000000
963,0x00000000000,0x00000000000,0x000000000,0x00000000,0x00000000,0,0,0000000000000000000000000000000000000000000000
964,0x00000000000,0x00000000000,0x000000000,0x00000000,0x00000000,0,0,0000000000000000000000000000000000000000000000
965,0x00000000000,0x00000000000,0x000000000,0x01004022,0x00000000,0,0,0000000000000000000000000000000802011000000000
966,0x00000000000,0x00000000000,0x25f3dfd43,0x00000000,0x25a59061,0,0,00000000000000000000097cf7f50c000000025a590610
967,0x00000000000,0x00000000000,0x02080026b,0x00000000,0x00000000,0,0,0000000000000000000000820009ac0000000000000000
968,0x00000000000,0x000000783e3,0x000000000,0x00000000,0x00000000,0,0,0000000000000000783e30000000000000000000000000
969,0x00000000000,0x00000000000,0x000000000,0x00000000,0x00000000,0,0,0000000000000000000000000000000000000000000000
970,0x00000000000,0x00000000000,0x25f7dfdc3,0x00000000,0x00000000,0,0,00000000000000000000097df7f70c0000000000000000
971,0x00000000000,0x00000000000,0x000000000,0x00000000,0x00000000,0,0,0000000000000000000000000000000000000000000000
972,0x00000000000,0x0000007a3eb,0x020a002ab,0x016100e2,0x26261061,0,0,00000000000000007a3eb082800aac0b08071262610610
973,0x00000000000,0x00000000000,0x000000000,0x00000000,0x00000000,0,0,0000000000000000000000000000000000000000000000
974,0x00000000000,0x00000000000,0x25f9dfe03,0x00000000,0x00000000,0,0,00000000000000000000097e77f80c0000000000000000
975,0x00000000000,0x00000000000,0x000000000,0x00000000,0x00000000,0,0,0000000000000000000000000000000000000000000000
976,0x00000000000,0x000000793e7,0x000000000,0x00000000,0x00000000,0,0,0000000000000000793e70000000000000000000000000
977,0x00000000000,0x00000000000,0x000000000,0x00000000,0x00000000,0,0,0000000000000000000000000000000000000000000000
978,0x00000000000,0x00000000000,0x25fbdfe43,0x00000000,0x26a69061,0,0,00000000000000000000097ef7f90c000000026a690610
979,0x00000000000,0x00000000000,0x020c002eb,0x01208062,0x00000000,0,0,000000000000000000000083000bac0904031000000000
980,0x00000000000,0x0000007b3ef,0x000000000,0x00000000,0x00000000,0,0,00000000000000007b3ef0000000000000000000000000
981,0x00000000000,0x00000000000,0x000000000,0x00000000,0x00000000,0,0,0000000000000000000000000000000000000000000000
982,0x00000000000,0x00000000000,0x25fddfe83,0x00000000,0x00000000,0,0,00000000000000000000097f77fa0c0000000000000000
983,0x00000000000,0x00000000000,0x000000000,0x00000000,0x00000000,0,0,0000000000000000000000000000000000000000000000
984,0x00000000000,0x0000007c3f3,0x023c0052b,0x00000000,0x25e5d061,0,0,00000000000000007c3f308f0014ac000000025e5d0610
985,0x00000000000,0x00000000000,0x000000000,0x00000000,0x00000000,0,0,0000000000000000000000000000000000000000000000
986,0x00000000000,0x00000000000,0x25ffdfec3,0x00000000,0x00000000,0,0,00000000000000000000097ff7fb0c0000000000000000
987,0x00000000000,0x00000000000,0x000000000,0x00000000,0x00000000,0,0,0000000000000000000000000000000000000000000000
988,0x00000000000,0x0000007d3f7,0x000000000,0x00000000,0x00000000,0,0,00000000000000007d3f70000000000000000000000000
989,0x00000000000,0x00000000000,0x000000000,0x00000000,0x00000000,0,0,0000000000000000000000000000000000000000000000
990,0x00000000000,0x00000000000,0x023e0056b,0x00000000,0x26665061,0,0,00000000000000000000008f8015ac0000000266650610
991,0x00000000000,0x00000000000,0x249078803,0x0140c0a2,0x00000000,0,0,0000000000000000000009241e200c0a06051000000000
992,0x00000000000,0x0000007e3fb,0x000000000,0x00000000,0x00000000,0,0,00000000000000007e3fb0000000000000000000000000
993,0x00000000000,0x00000000000,0x000000000,0x00000000,0x00000000,0,0,0000000000000000000000000000000000000000000000
994,0x00000000000,0x00000000000,0x000000000,0x00000000,0x00000000,0,0,0000000000000000000000000000000000000000000000
995,0x00000000000,0x00000000000,0x249878843,0x00000000,0x00000000,0,0,0000000000000000000009261e210c0000000000000000
996,0x000000b8383,0x0000007f3ff,0x0240005ab,0x00000000,0x26e6d061,0,0,000002e0e0c000007f3ff0900016ac000000026e6d0610
997,0x000000b9387,0x00000000000,0x000000000,0x00000000,0x00000000,0,0,000002e4e1c00000000000000000000000000000000000
998,0x000000ba38b,0x00000000000,0x000000000,0x01814122,0x00000000,0,0,000002e8e2c00000000000000000000c0a091000000000
999,0x000000bb38f,0x00000000000,0x249c78863,0x00000000,0x00000000,0,0,000002ece3c00000000009271e218c0000000000000000
1000,0x000000bc393,0x00000000000,0x039201c0c,0x00000000,0x00000000,0,0,000002f0e4c00000000000e48070300000000000000000
1001,0x000000bd397,0x00000000000,0x039401c2c,0x00000000,0x00000000,0,0,000002f4e5c00000000000e50070b00000000000000000
1002,0x000000be39b,0x00000000000,0x02440062b,0x04c3e3c2,0x29291061,0,0,000002f8e6c00000000000910018ac261f1e1292910610
1003,0x000000bf39f,0x00000000000,0x24a078883,0x00000000,0x00000000,0,0,000002fce7c00000000009281e220c0000000000000000
1004,0x00000000000,0x00000000000,0x039601c4c,0x00000000,0x00000000,0,0,0000000000000000000000e58071300000000000000000
1005,0x00000000000,0x00000000000,0x039801c6c,0x01a18162,0x00000000,0,0,0000000000000000000000e60071b00d0c0b1000000000
1006,0x00000000000,0x00000000000,0x039a01c8c,0x00000000,0x00000000,0,0,0000000000000000000000e68072300000000000000000
1007,0x00000000000,0x00000000000,0x24a4788a3,0x00000000,0x00000000,0,0,0000000000000000000009291e228c0000000000000000
1008,0x00000000000,0x00000000000,0x0248006ab,0x1a395924,0x29695061,0,0,000000000000000000000092001aacd1cac92296950610
1009,0x00000000000,0x00000000000,0x039c01cac,0x00000000,0x00000000,0,0,0000000000000000000000e70072b00000000000000000
1010,0x00000000000,0x00000000000,0x039e01ccc,0x00000000,0x00000000,0,0,0000000000000000000000e78073300000000000000000
1011,0x00000000000,0x00000000000,0x24a8788c3,0x00000000,0x00000000,0,0,00000000000000000000092a1e230c0000000000000000
1012,0x00000000000,0x00000000000,0x03a001cec,0x1a599964,0x21c1a009,0,0,0000000000000000000000e80073b0d2cccb221c1a0090
1013,0x00000000000,0x00000000000,0x000000000,0x00000000,0x00000000,0,0,0000000000000000000000000000000000000000000000
1014,0x00000000000,0x00000000000,0x0242005eb,0x00000000,0x29a99061,0,0,0000000000000000000000908017ac000000029a990610
1015,0x00000000000,0x00000000000,0x24ac788e3,0x00000000,0x00000000,0,0,00000000000000000000092b1e238c0000000000000000
1016,0x00000000000,0x00000000000,0x000000000,0x1a79d9a4,0x00000000,0,0,000000000000000000000000000000d3cecd2000000000
1017,0x00000000000,0x00000000000,0x000000000,0x00000000,0x00000000,0,0,0000000000000000000000000000000000000000000000
1018,0x00000000000,0x00000000000,0x000000000,0x00000000,0x00000000,0,0,0000000000000000000000000000000000000000000000
1019,0x00000000000,0x00000000000,0x24d0b6c03,0x00000000,0x00000000,0,0,0000000000000000000009342db00c0000000000000000
1020,0x00000000000,0x00000000000,0x02460066b,0x1a9a19e4,0x29e9d061,0,0,0000000000000000000000918019acd4d0cf229e9d0610
1021,0x00000000000,0x00000000000,0x000000000,0x1aba5a24,0x00000000,0,0,000000000000000000000000000000d5d2d12000000000
1022,0x00000000000,0x00000000000,0x000000000,0x00000000,0x00000000,0,0,0000000000000000000000000000000000000000000000
1023,0x00000000000,0x00000000000,0x24d4b6c23,0x00000000,0x00000000,0,0,0000000000000000000009352db08c0000000000000000
1024,0x00000000000,0x00000000000,0x000000000,0x00000000,0x00000000,0,0,0000000000000000000000000000000000000000000000
1025,0x00000000000,0x00000000000,0x000000000,0x00000000,0x00000000,0,0,0000000000000000000000000000000000000000000000
1026,0x00000000000,0x00000000000,0x024a006eb,0x04e42402,0x2a2a1061,0,0,000000000000000000000092801bac27212012a2a10610
1027,0x00000000000,0x00000000000,0x24d8b6c43,0x00000000,0x00000000,0,0,0000000000000000000009362db10c0000000000000000
1028,0x00000000000,0x00000000000,0x000000000,0x1ada9a64,0x00000000,0,0,000000000000000000000000000000d6d4d32000000000
1029,0x00000000000,0x00000000000,0x000000000,0x00000000,0x00000000,0,0,0000000000000000000000000000000000000000000000
1030,0x00000000000,0x00000000000,0x000000000,0x00000000,0x00000000,0,0,0000000000000000000000000000000000000000000000
1031,0x00000000000,0x00000000000,0x24dcb6c63,0x00000000,0x00000000,0,0,0000000000000000000009372db18c0000000000000000
1032,0x00000000000,0x00000000000,0x027a0092b,0x05046442,0x2a6a5061,0,0,00000000000000000000009e8024ac28232212a6a50610
1033,0x00000000000,0x00000000000,0x000000000,0x0544e4c2,0x00000000,0,0,0000000000000000000000000000002a27261000000000
1034,0x00000000000,0x00000000000,0x000000000,0x00000000,0x00000000,0,0,0000000000000000000000000000000000000000000000
1035,0x00000000000,0x00000000000,0x24301c103,0x00000000,0x00000000,0,0,00000000000000000000090c07040c0000000000000000
1036,0x00000000000,0x00000000000,0x000000000,0x1afadaa4,0x00000000,0,0,000000000000000000000000000000d7d6d52000000000
1037,0x00000000000,0x00000000000,0x000000000,0x00000000,0x00000000,0,0,0000000000000000000000000000000000000000000000
1038,0x00000000000,0x00000000000,0x027c0096b,0x0524a482,0x2aaa9061,0,0,00000000000000000000009f0025ac29252412aaa90610
1039,0x00000000000,0x00000000000,0x24321c143,0x00000000,0x00000000,0,0,00000000000000000000090c87050c0000000000000000
1040,0x00000000000,0x00000000000,0x000000000,0x00000000,0x00000000,0,0,0000000000000000000000000000000000000000000000
1041,0x00000000000,0x00000000000,0x000000000,0x00000000,0x00000000,0,0,0000000000000000000000000000000000000000000000
1042,0x00000000000,0x00000000000,0x000000000,0x00000000,0x00000000,0,0,0000000000000000000000000000000000000000000000
1043,0x00000000000,0x00000000000,0x24341c183,0x00000000,0x00000000,0,0,00000000000000000000090d07060c0000000000000000
1044,0x00000000000,0x00000000000,0x027e009ab,0x00000000,0x2aead061,0,0,00000000000000000000009f8026ac00000002aead0610
1045,0x00000000000,0x00000080063,0x000000000,0x05652502,0x00000000,0,0,0000000000000000800630000000002b29281000000000
1046,0x00000000000,0x00000000000,0x000000000,0x00000000,0x00000000,0,0,0000000000000000000000000000000000000000000000
1047,0x00000000000,0x00000000000,0x24361c1c3,0x00000000,0x00000000,0,0,00000000000000000000090d87070c0000000000000000
1048,0x00000000000,0x00000000000,0x000000000,0x00000000,0x00000000,0,0,0000000000000000000000000000000000000000000000
1049,0x00000000000,0x00000081067,0x000000000,0x00000000,0x00000000,0,0,0000000000000000810670000000000000000000000000
1050,0x00000000000,0x00000000000,0x0280009eb,0x08a7c7a2,0x2d2d1061,0,0,0000000000000000000000a00027ac453e3d12d2d10610
1051,0x00000000000,0x00000000000,0x24381c203,0x00000000,0x00000000,0,0,00000000000000000000090e07080c0000000000000000
1052,0x00000000000,0x00000000000,0x000000000,0x05856542,0x00000000,0,0,0000000000000000000000000000002c2b2a1000000000
1053,0x00000000000,0x0000008206b,0x000000000,0x00000000,0x00000000,0,0,00000000000000008206b0000000000000000000000000
1054,0x00000000000,0x00000000000,0x000000000,0x00000000,0x00000000,0,0,0000000000000000000000000000000000000000000000
1055,0x00000000000,0x00000000000,0x243a1c243,0x00000000,0x00000000,0,0,00000000000000000000090e87090c0000000000000000
1056,0x00000000000,0x00000000000,0x028200a2b,0x00000000,0x2d6d5061,0,0,0000000000000000000000a08028ac00000002d6d50610
1057,0x00000000000,0x0000008306f,0x000000000,0x00000000,0x00000000,0,0,00000000000000008306f0000000000000000000000000
1058,0x00000000000,0x00000000000,0x000000000,0x00000000,0x00000000,0,0,0000000000000000000000000000000000000000000000
1059,0x00000000000,0x00000000000,0x243c1c283,0x00000000,0x25a58009,0,0,00000000000000000000090f070a0c000000025a580090
1060,0x00000000000,0x00000000000,0x000000000,0x00000000,0x00000000,0,0,0000000000000000000000000000000000000000000000
1061,0x00000000000,0x00000084073,0x000000000,0x00000000,0x00000000,0,0,0000000000000000840730000000000000000000000000
1062,0x00000000000,0x00000000000,0x028400a6b,0x08c807e2,0x2dad9061,0,0,0000000000000000000000a10029ac46403f12dad90610
1063,0x00000000000,0x00000000000,0x243e1c2c3,0x00000000,0x00000000,0,0,00000000000000000000090f870b0c0000000000000000
1064,0x00000000000,0x00000000000,0x000000000,0x00000000,0x00000000,0,0,0000000000000000000000000000000000000000000000
1065,0x00000000000,0x00000085077,0x000000000,0x00000000,0x00000000,0,0,0000000000000000850770000000000000000000000000
1066,0x00000000000,0x00000000000,0x000000000,0x00000000,0x00000000,0,0,0000000000000000000000000000000000000000000000
1067,0x00000000000,0x00000000000,0x24e0b6c83,0x00000000,0x00000000,0,0,0000000000000000000009382db20c0000000000000000
1068,0x00000000000,0x00000000000,0x028600aab,0x00000000,0x2dedd061,0,0,0000000000000000000000a1802aac00000002dedd0610
1069,0x00000000000,0x0000008607b,0x000000000,0x0928c8a2,0x00000000,0,0,00000000000000008607b0000000004946451000000000
1070,0x00000000000,0x00000000000,0x000000000,0x00000000,0x00000000,0,0,0000000000000000000000000000000000000000000000
1071,0x00000000000,0x00000000000,0x24e4b6ca3,0x00000000,0x00000000,0,0,0000000000000000000009392db28c0000000000000000
1072,0x00000000000,0x00000000000,0x000000000,0x00000000,0x00000000,0,0,0000000000000000000000000000000000000000000000
1073,0x000000c0003,0x0000008707f,0x000000000,0x00000000,0x00000000,0,0,0000030000c000008707f0000000000000000000000000
1074,0x000000c1007,0x00000000000,0x028800aeb,0x08e84822,0x00000000,0,0,0000030401c00000000000a2002bac4742411000000000
1075,0x000000c200b,0x00000000000,0x24e8b6cc3,0x00000000,0x00000000,0,0,0000030802c000000000093a2db30c0000000000000000
1076,0x000000c300f,0x00000000000,0x03d00000c,0x00000000,0x00000000,0,0,0000030c03c00000000000f40000300000000000000000
1077,0x000000c4013,0x00000000000,0x03d20002c,0x00000000,0x2e2e1061,0,0,0000031004c00000000000f48000b000000002e2e10610
1078,0x000000c5017,0x00000000000,0x03d40004c,0x00000000,0x00000000,0,0,0000031405c00000000000f50001300000000000000000
1079,0x000000c601b,0x00000000000,0x24ecb6ce3,0x00000000,0x00000000,0,0,0000031806c000000000093b2db38c0000000000000000
1080,0x000000c701f,0x00000000000,0x02b800d2b,0x00000000,0x00000000,0,0,0000031c07c00000000000ae0034ac0000000000000000
1081,0x00000000000,0x00000000000,0x03d60006c,0x00000000,0x00000000,0,0,0000000000000000000000f58001b00000000000000000
1082,0x00000000000,0x00000000000,0x03d80008c,0x00000000,0x00000000,0,0,0000000000000000000000f60002300000000000000000
1083,0x00000000000,0x00000000000,0x03da000ac,0x00000000,0x2e6e5061,0,0,0000000000000000000000f68002b000000002e6e50610
1084,0x00000000000,0x00000000000,0x03dc000cc,0x1e1d3d04,0x00000000,0,0,0000000000000000000000f7000330f0e9e82000000000
1085,0x00000000000,0x00000000000,0x24705a503,0x00000000,0x00000000,0,0,00000000000000000000091c16940c0000000000000000
1086,0x00000000000,0x00000000000,0x02ba00d6b,0x09088862,0x00000000,0,0,0000000000000000000000ae8035ac4844431000000000
1087,0x00000000000,0x00000000000,0x03de000ec,0x00000000,0x00000000,0,0,0000000000000000000000f78003b00000000000000000
1088,0x00000000000,0x00000000000,0x000000000,0x1e3d7d44,0x00000000,0,0,000000000000000000000000000000f1ebea2000000000
1089,0x00000000000,0x00000000000,0x24725a543,0x00000000,0x2eae9061,0,0,00000000000000000000091c96950c00000002eae90610
1090,0x00000000000,0x00000000000,0x000000000,0x1e5dbd84,0x00000000,0,0,000000000000000000000000000000f2edec2000000000
1091,0x00000000000,0x00000000000,0x000000000,0x00000000,0x00000000,0,0,0000000000000000000000000000000000000000000000
1092,0x00000000000,0x00000000000,0x02bc00dab,0x00000000,0x00000000,0,0,0000000000000000000000af0036ac0000000000000000
1093,0x00000000000,0x00000000000,0x24745a583,0x094908e2,0x00000000,0,0,00000000000000000000091d16960c4a48471000000000
1094,0x00000000000,0x00000000000,0x000000000,0x1e7dfdc4,0x00000000,0,0,000000000000000000000000000000f3efee2000000000
1095,0x00000000000,0x000000880e3,0x000000000,0x1e9e3e04,0x2eeed061,0,0,0000000000000000880e3000000000f4f1f022eeed0610
1096,0x00000000000,0x00000000000,0x000000000,0x00000000,0x00000000,0,0,0000000000000000000000000000000000000000000000
1097,0x00000000000,0x00000000000,0x24765a5c3,0x00000000,0x00000000,0,0,00000000000000000000091d96970c0000000000000000
1098,0x00000000000,0x00000000000,0x02be00deb,0x0c8bab82,0x00000000,0,0,0000000000000000000000af8037ac645d5c1000000000
1099,0x00000000000,0x000000890e7,0x000000000,0x00000000,0x00000000,0,0,0000000000000000890e70000000000000000000000000
1100,0x00000000000,0x00000000000,0x000000000,0x09694922,0x00000000,0,0,0000000000000000000000000000004b4a491000000000
1101,0x00000000000,0x00000000000,0x24785a603,0x1ebe7e44,0x00000000,0,0,00000000000000000000091e16980cf5f3f22000000000
1102,0x00000000000,0x00000000000,0x000000000,0x00000000,0x00000000,0,0,0000000000000000000000000000000000000000000000
1103,0x00000000000,0x0000008a0eb,0x000000000,0x00000000,0x00000000,0,0,00000000000000008a0eb0000000000000000000000000
1104,0x00000000000,0x00000000000,0x000000000,0x00000000,0x00000000,0,0,0000000000000000000000000000000000000000000000
1105,0x00000000000,0x00000000000,0x247a5a643,0x00000000,0x00000000,0,0,00000000000000000000091e96990c0000000000000000
1106,0x00000000000,0x00000000000,0x000000000,0x00000000,0x00000000,0,0,0000000000000000000000000000000000000000000000
1107,0x00000000000,0x0000008b0ef,0x02c000e2b,0x00000000,0x29896009,0,0,00000000000000008b0ef0b00038ac0000000298960090
1108,0x00000000000,0x00000000000,0x000000000,0x1edebe84,0x00000000,0,0,000000000000000000000000000000f6f5f42000000000
1109,0x00000000000,0x00000000000,0x000000000,0x00000000,0x00000000,0,0,0000000000000000000000000000000000000000000000
1110,0x00000000000,0x00000000000,0x000000000,0x0cabebc2,0x00000000,0,0,000000000000000000000000000000655f5e1000000000
1111,0x00000000000,0x0000008c0f3,0x000000000,0x00000000,0x00000000,0,0,00000000000000008c0f30000000000000000000000000
1112,0x00000000000,0x00000000000,0x000000000,0x00000000,0x00000000,0,0,0000000000000000000000000000000000000000000000
1113,0x00000000000,0x00000000000,0x02c200e6b,0x00000000,0x00000000,0,0,0000000000000000000000b08039ac0000000000000000
1114,0x00000000000,0x00000000000,0x000000000,0x00000000,0x00000000,0,0,0000000000000000000000000000000000000000000000
1115,0x00000000000,0x0000008d0f7,0x000000000,0x00000000,0x00000000,0,0,00000000000000008d0f70000000000000000000000000
1116,0x00000000000,0x00000000000,0x000000000,0x00000000,0x00000000,0,0,0000000000000000000000000000000000000000000000
1117,0x00000000000,0x00000000000,0x000000000,0x0d0cac82,0x00000000,0,0,0000000000000000000000000000006865641000000000
1118,0x00000000000,0x00000000000,0x047c5a683,0x00000000,0x00000000,0,0,00000000000000000000011f169a0c0000000000000000
1119,0x00000000000,0x00000000000,0x047e5a6c3,0x00000000,0x00000000,0,0,00000000000000000000011f969b0c0000000000000000
1120,0x00000000000,0x00000000000,0x02c400eab,0x00000000,0x00000000,0,0,0000000000000000000000b1003aac0000000000000000
1121,0x00000000000,0x00000000000,0x0510f5003,0x00000000,0x00000000,0,0,0000000000000000000001443d400c0000000000000000
1122,0x00000000000,0x00000000000,0x0514f5023,0x00000000,0x00000000,0,0,0000000000000000000001453d408c0000000000000000
1123,0x00000000000,0x00000000000,0x0518f5043,0x00000000,0x00000000,0,0,0000000000000000000001463d410c0000000000000000
1124,0x00000000000,0x00000000000,0x051cf5063,0x00000000,0x00000000,0,0,0000000000000000000001473d418c0000000000000000
1125,0x00000000000,0x0000008e0fb,0x02c600eeb,0x00000000,0x00000000,0,0,00000000000000008e0fb0b1803bac0000000000000000
1126,0x000000c8083,0x0000008f0ff,0x0520f5083,0x0ccc2c02,0x00000000,0,0,0000032020c000008f0ff1483d420c6661601000000000
1127,0x000000c9087,0x00000000000,0x0524f50a3,0x00000000,0x00000000,0,0,0000032421c00000000001493d428c0000000000000000
1128,0x000000cb08f,0x00000000000,0x0528f50c3,0x00000000,0x31311061,0,0,0000032c23c000000000014a3d430c0000000313110610
1129,0x000000ca08b,0x00000000000,0x04b098903,0x00000000,0x00000000,0,0,0000032822c000000000012c26240c0000000000000000
1130,0x000000cd097,0x00000000000,0x04b298943,0x00000000,0x00000000,0,0,0000033425c000000000012ca6250c0000000000000000
1131,0x000000cc093,0x00000000000,0x04b498983,0x00000000,0x00000000,0,0,0000033024c000000000012d26260c0000000000000000
1132,0x000000ce09b,0x00000000000,0x04b6989c3,0x00000000,0x00000000,0,0,0000033826c000000000012da6270c0000000000000000
1133,0x000000cf09f,0x00000000000,0x04b898a03,0x00000000,0x00000000,0,0,0000033c27c000000000012e26280c0000000000000000
1134,0x00000000000,0x00000000000,0x04ba98a43,0x00000000,0x31b19061,0,0,00000000000000000000012ea6290c000000031b190610
1135,0x00000000000,0x00000000000,0x04bc98a83,0x00000000,0x00000000,0,0,00000000000000000000012f262a0c0000000000000000
1136,0x00000000000,0x00000090163,0x24be98ac3,0x00000000,0x00000000,0,0,00000000000000009016392fa62b0c0000000000000000
1137,0x00000000000,0x00000091167,0x02120044c,0x0cec6c42,0x00000000,0,0,0000000000000000911670848011306763621000000000
1138,0x00000000000,0x0000009216b,0x020e0040c,0x00000000,0x00000000,0,0,00000000000000009216b0838010300000000000000000
1139,0x00000000000,0x0000009316f,0x02100042c,0x00000000,0x00000000,0,0,00000000000000009316f0840010b00000000000000000
1140,0x00000000000,0x00000094173,0x252cf50e3,0x00000000,0x31715061,0,0,00000000000000009417394b3d438c0000000317150610
1141,0x00000000000,0x00000095177,0x02140046c,0x00000000,0x00000000,0,0,0000000000000000951770850011b00000000000000000
1142,0x00000000000,0x0000009617b,0x02160048c,0x00000000,0x00000000,0,0,00000000000000009617b0858012300000000000000000
1143,0x00000000000,0x00000000000,0x0218004ac,0x00000000,0x00000000,0,0,0000000000000000000000860012b00000000000000000
1144,0x00000000000,0x00000000000,0x255133403,0x0d2cecc2,0x00000000,0,0,0000000000000000000009544cd00c6967661000000000
1145,0x00000000000,0x00000000000,0x021a004cc,0x00000000,0x00000000,0,0,0000000000000000000000868013300000000000000000
1146,0x000000d0103,0x0000009717f,0x000000000,0x01e100e4,0x31f1d061,0,0,0000034040c000009717f0000000000f0807231f1d0610
1147,0x000000d1107,0x00000000000,0x021c004ec,0x00000000,0x00000000,0,0,0000034441c00000000000870013b00000000000000000
1148,0x000000d210b,0x00000000000,0x255533423,0x00000000,0x00000000,0,0,0000034842c00000000009554cd08c0000000000000000
1149,0x000000d310f,0x00000000000,0x024c0080c,0x02014124,0x00000000,0,0,0000034c43c0000000000093002030100a092000000000
1150,0x000000d4113,0x00000000000,0x024e0082c,0x02218164,0x00000000,0,0,0000035044c00000000000938020b0110c0b2000000000
1151,0x000000d5117,0x00000000000,0x02500084c,0x0d4d2d02,0x00000000,0,0,0000035445c00000000000940021306a69681000000000
1152,0x000000d611b,0x00000000000,0x255933443,0x00000000,0x32321061,0,0,0000035846c00000000009564cd10c0000000323210610
1153,0x000000d711f,0x00000000000,0x02520086c,0x00000000,0x00000000,0,0,0000035c47c00000000000948021b00000000000000000
1154,0x00000000000,0x00000000000,0x0256008ac,0x0241c1a4,0x00000000,0,0,0000000000000000000000958022b0120e0d2000000000
1155,0x00000000000,0x00000000000,0x02540088c,0x00000000,0x00000000,0,0,0000000000000000000000950022300000000000000000
1156,0x00000000000,0x00000000000,0x255d33463,0x026201e4,0x00000000,0,0,0000000000000000000009574cd18c13100f2000000000
1157,0x00000000000,0x00000000000,0x0258008cc,0x05c4e4c4,0x00000000,0,0,0000000000000000000000960023302e27262000000000
1158,0x00000000000,0x00000000000,0x02f60112b,0x00000000,0x2d6d4009,0,0,0000000000000000000000bd8044ac00000002d6d40090
1159,0x00000000000,0x00000000000,0x025a008ec,0x00000000,0x32725061,0,0,0000000000000000000000968023b00000000327250610
1160,0x00000000000,0x00000000000,0x256133483,0x00000000,0x00000000,0,0,0000000000000000000009584cd20c0000000000000000
1161,0x00000000000,0x00000000000,0x000000000,0x02824224,0x00000000,0,0,0000000000000000000000000000001412112000000000
1162,0x00000000000,0x00000000000,0x000000000,0x05e52504,0x00000000,0,0,0000000000000000000000000000002f29282000000000
1163,0x00000000000,0x00000000000,0x000000000,0x06056544,0x00000000,0,0,000000000000000000000000000000302b2a2000000000
1164,0x00000000000,0x00000000000,0x02fa011ab,0x00000000,0x00000000,0,0,0000000000000000000000be8046ac0000000000000000
1165,0x00000000000,0x00000000000,0x2565334a3,0x00000000,0x32b29061,0,0,0000000000000000000009594cd28c000000032b290610
1166,0x00000000000,0x00000000000,0x000000000,0x0625a584,0x00000000,0,0,000000000000000000000000000000312d2c2000000000
1167,0x00000000000,0x00000000000,0x000000000,0x00000000,0x00000000,0,0,0000000000000000000000000000000000000000000000
1168,0x00000000000,0x00000000000,0x000000000,0x02a28264,0x00000000,0,0,0000000000000000000000000000001514132000000000
1169,0x00000000000,0x00000000000,0x2569334c3,0x0645e5c4,0x00000000,0,0,00000000000000000000095a4cd30c322f2e2000000000
1170,0x00000000000,0x00000000000,0x02f80116b,0x00000000,0x00000000,0,0,0000000000000000000000be0045ac0000000000000000
1171,0x00000000000,0x00000000000,0x000000000,0x00000000,0x32f2d061,0,0,000000000000000000000000000000000000032f2d0610
1172,0x00000000000,0x00000000000,0x000000000,0x00000000,0x00000000,0,0,0000000000000000000000000000000000000000000000
1173,0x00000000000,0x00000000000,0x256d334e3,0x00000000,0x00000000,0,0,00000000000000000000095b4cd38c0000000000000000
1174,0x00000000000,0x00000000000,0x000000000,0x06662604,0x00000000,0,0,0000000000000000000000000000003331302000000000
1175,0x00000000000,0x00000000000,0x000000000,0x00000000,0x00000000,0,0,0000000000000000000000000000000000000000000000
1176,0x00000000000,0x00000000000,0x02fc011eb,0x00000000,0x00000000,0,0,0000000000000000000000bf0047ac0000000000000000
1177,0x00000000000,0x00000000000,0x259571823,0x00000000,0x35351061,0,0,0000000000000000000009655c608c0000000353510610
1178,0x00000000000,0x00000000000,0x000000000,0x00000000,0x00000000,0,0,0000000000000000000000000000000000000000000000
1179,0x00000000000,0x00000000000,0x000000000,0x00000000,0x00000000,0,0,0000000000000000000000000000000000000000000000
1180,0x00000000000,0x00000000000,0x000000000,0x00000000,0x00000000,0,0,0000000000000000000000000000000000000000000000
1181,0x00000000000,0x00000000000,0x24f0d6d03,0x00000000,0x00000000,0,0,00000000000000000000093c35b40c0000000000000000
1182,0x00000000000,0x00000000000,0x02fe0122b,0x106f8f62,0x00000000,0,0,0000000000000000000000bf8048ac837c7b1000000000
1183,0x00000000000,0x00000000000,0x000000000,0x06866644,0x35755061,0,0,0000000000000000000000000000003433322357550610
1184,0x00000000000,0x00000000000,0x000000000,0x00000000,0x00000000,0,0,0000000000000000000000000000000000000000000000
1185,0x00000000000,0x00000000000,0x24f4d6d83,0x00000000,0x00000000,0,0,00000000000000000000093d35b60c0000000000000000
1186,0x00000000000,0x00000000000,0x000000000,0x00000000,0x00000000,0,0,0000000000000000000000000000000000000000000000
1187,0x00000000000,0x00000000000,0x000000000,0x00000000,0x00000000,0,0,0000000000000000000000000000000000000000000000
1188,0x00000000000,0x00000000000,0x000000000,0x108fcfa2,0x00000000,0,0,000000000000000000000000000000847e7d1000000000
1189,0x00000000000,0x00000000000,0x24f2d6d43,0x00000000,0x35b59061,0,0,00000000000000000000093cb5b50c000000035b590610
1190,0x00000000000,0x00000000000,0x03000126b,0x00000000,0x00000000,0,0,0000000000000000000000c00049ac0000000000000000
1191,0x00000000000,0x000000981e3,0x000000000,0x00000000,0x00000000,0,0,0000000000000000981e30000000000000000000000000
1192,0x00000000000,0x00000000000,0x000000000,0x00000000,0x00000000,0,0,0000000000000000000000000000000000000000000000
1193,0x00000000000,0x00000000000,0x24f6d6dc3,0x00000000,0x00000000,0,0,00000000000000000000093db5b70c0000000000000000
1194,0x00000000000,0x00000000000,0x000000000,0x00000000,0x00000000,0,0,0000000000000000000000000000000000000000000000
1195,0x00000000000,0x0000009a1eb,0x0302012ab,0x10f09062,0x36361061,0,0,00000000000000009a1eb0c0804aac8784831363610610
1196,0x00000000000,0x00000000000,0x000000000,0x00000000,0x00000000,0,0,0000000000000000000000000000000000000000000000
1197,0x00000000000,0x00000000000,0x24f8d6e03,0x00000000,0x00000000,0,0,00000000000000000000093e35b80c0000000000000000
1198,0x00000000000,0x00000000000,0x000000000,0x00000000,0x00000000,0,0,0000000000000000000000000000000000000000000000
1199,0x00000000000,0x000000991e7,0x000000000,0x00000000,0x00000000,0,0,0000000000000000991e70000000000000000000000000
1200,0x00000000000,0x00000000000,0x000000000,0x00000000,0x00000000,0,0,0000000000000000000000000000000000000000000000
1201,0x00000000000,0x00000000000,0x24fad6e43,0x00000000,0x36b69061,0,0,00000000000000000000093eb5b90c000000036b690610
1202,0x00000000000,0x00000000000,0x0304012eb,0x10b00fe2,0x00000000,0,0,0000000000000000000000c1004bac85807f1000000000
1203,0x00000000000,0x0000009b1ef,0x000000000,0x00000000,0x00000000,0,0,00000000000000009b1ef0000000000000000000000000
1204,0x00000000000,0x00000000000,0x000000000,0x00000000,0x00000000,0,0,0000000000000000000000000000000000000000000000
1205,0x00000000000,0x00000000000,0x24fcd6e83,0x00000000,0x00000000,0,0,00000000000000000000093f35ba0c0000000000000000
1206,0x00000000000,0x00000000000,0x000000000,0x00000000,0x00000000,0,0,0000000000000000000000000000000000000000000000
1207,0x00000000000,0x0000009c1f3,0x03340152b,0x00000000,0x35f5d061,0,0,00000000000000009c1f30cd0054ac000000035f5d0610
1208,0x00000000000,0x00000000000,0x000000000,0x00000000,0x00000000,0,0,0000000000000000000000000000000000000000000000
1209,0x00000000000,0x00000000000,0x24fed6ec3,0x00000000,0x00000000,0,0,00000000000000000000093fb5bb0c0000000000000000
1210,0x00000000000,0x00000000000,0x000000000,0x00000000,0x00000000,0,0,0000000000000000000000000000000000000000000000
1211,0x00000000000,0x0000009d1f7,0x000000000,0x00000000,0x00000000,0,0,00000000000000009d1f70000000000000000000000000
1212,0x00000000000,0x00000000000,0x000000000,0x00000000,0x00000000,0,0,0000000000000000000000000000000000000000000000
1213,0x00000000000,0x00000000000,0x03360156b,0x00000000,0x36765061,0,0,0000000000000000000000cd8055ac0000000367650610
1214,0x00000000000,0x00000000000,0x259171803,0x10d05022,0x00000000,0,0,0000000000000000000009645c600c8682811000000000
1215,0x00000000000,0x0000009e1fb,0x000000000,0x00000000,0x00000000,0,0,00000000000000009e1fb0000000000000000000000000
1216,0x00000000000,0x00000000000,0x000000000,0x00000000,0x00000000,0,0,0000000000000000000000000000000000000000000000
1217,0x00000000000,0x00000000000,0x000000000,0x00000000,0x00000000,0,0,0000000000000000000000000000000000000000000000
1218,0x00000000000,0x00000000000,0x259971843,0x00000000,0x00000000,0,0,0000000000000000000009665c610c0000000000000000
1219,0x000000d8183,0x0000009f1ff,0x0338015ab,0x00000000,0x36f6d061,0,0,0000036060c000009f1ff0ce0056ac000000036f6d0610
1220,0x000000d9187,0x00000000000,0x000000000,0x00000000,0x00000000,0,0,0000036461c00000000000000000000000000000000000
1221,0x000000da18b,0x00000000000,0x000000000,0x1110d0a2,0x00000000,0,0,0000036862c00000000000000000008886851000000000
1222,0x000000db18f,0x00000000000,0x259d71863,0x00000000,0x00000000,0,0,0000036c63c00000000009675c618c0000000000000000
1223,0x000000dc193,0x00000000000,0x028a00c0c,0x00000000,0x00000000,0,0,0000037064c00000000000a28030300000000000000000
1224,0x000000dd197,0x00000000000,0x028c00c2c,0x00000000,0x00000000,0,0,0000037465c00000000000a30030b00000000000000000
1225,0x000000de19b,0x00000000000,0x033c0162b,0x14537342,0x39391061,0,0,0000037866c00000000000cf0058aca29b9a1393910610
1226,0x000000df19f,0x00000000000,0x25a171883,0x00000000,0x00000000,0,0,0000037c67c00000000009685c620c0000000000000000
1227,0x00000000000,0x00000000000,0x028e00c4c,0x00000000,0x00000000,0,0,0000000000000000000000a38031300000000000000000
1228,0x00000000000,0x00000000000,0x029000c6c,0x113110e2,0x00000000,0,0,0000000000000000000000a40031b08988871000000000
1229,0x00000000000,0x00000000000,0x029200c8c,0x00000000,0x00000000,0,0,0000000000000000000000a48032300000000000000000
1230,0x00000000000,0x00000000000,0x25a5718a3,0x00000000,0x00000000,0,0,0000000000000000000009695c628c0000000000000000
1231,0x00000000000,0x00000000000,0x0340016ab,0x09a8c8a4,0x39795061,0,0,0000000000000000000000d0005aac4d46452397950610
1232,0x00000000000,0x00000000000,0x029400cac,0x00000000,0x00000000,0,0,0000000000000000000000a50032b00000000000000000
1233,0x00000000000,0x00000000000,0x029600ccc,0x00000000,0x00000000,0,0,0000000000000000000000a58033300000000000000000
1234,0x00000000000,0x00000000000,0x25a9718c3,0x00000000,0x00000000,0,0,00000000000000000000096a5c630c0000000000000000
1235,0x00000000000,0x00000000000,0x029800cec,0x09c908e4,0x31512009,0,0,0000000000000000000000a60033b04e48472315120090
1236,0x00000000000,0x00000000000,0x000000000,0x00000000,0x00000000,0,0,0000000000000000000000000000000000000000000000
1237,0x00000000000,0x00000000000,0x033a015eb,0x00000000,0x39b99061,0,0,0000000000000000000000ce8057ac000000039b990610
1238,0x00000000000,0x00000000000,0x25ad718e3,0x00000000,0x00000000,0,0,00000000000000000000096b5c638c0000000000000000
1239,0x00000000000,0x00000000000,0x000000000,0x09e94924,0x00000000,0,0,0000000000000000000000000000004f4a492000000000
1240,0x00000000000,0x00000000000,0x000000000,0x00000000,0x00000000,0,0,0000000000000000000000000000000000000000000000
1241,0x00000000000,0x00000000000,0x000000000,0x00000000,0x00000000,0,0,0000000000000000000000000000000000000000000000
1242,0x00000000000,0x00000000000,0x25d1afc03,0x00000000,0x00000000,0,0,0000000000000000000009746bf00c0000000000000000
1243,0x00000000000,0x00000000000,0x033e0166b,0x0a098964,0x39f9d061,0,0,0000000000000000000000cf8059ac504c4b239f9d0610
1244,0x00000000000,0x00000000000,0x000000000,0x0a29c9a4,0x00000000,0,0,000000000000000000000000000000514e4d2000000000
1245,0x00000000000,0x00000000000,0x000000000,0x00000000,0x00000000,0,0,0000000000000000000000000000000000000000000000
1246,0x00000000000,0x00000000000,0x25d5afc23,0x00000000,0x00000000,0,0,0000000000000000000009756bf08c0000000000000000
1247,0x00000000000,0x00000000000,0x000000000,0x00000000,0x00000000,0,0,0000000000000000000000000000000000000000000000
1248,0x00000000000,0x00000000000,0x000000000,0x00000000,0x00000000,0,0,0000000000000000000000000000000000000000000000
1249,0x00000000000,0x00000000000,0x0342016eb,0x1473b382,0x3a3a1061,0,0,0000000000000000000000d0805baca39d9c13a3a10610
1250,0x00000000000,0x00000000000,0x25d9afc43,0x00000000,0x00000000,0,0,0000000000000000000009766bf10c0000000000000000
1251,0x00000000000,0x00000000000,0x000000000,0x0a4a09e4,0x00000000,0,0,00000000000000000000000000000052504f2000000000
1252,0x00000000000,0x00000000000,0x000000000,0x00000000,0x00000000,0,0,0000000000000000000000000000000000000000000000
1253,0x00000000000,0x00000000000,0x000000000,0x00000000,0x00000000,0,0,0000000000000000000000000000000000000000000000
1254,0x00000000000,0x00000000000,0x25ddafc63,0x00000000,0x00000000,0,0,0000000000000000000009776bf18c0000000000000000
1255,0x00000000000,0x00000000000,0x03720192b,0x1493f3c2,0x3a7a5061,0,0,0000000000000000000000dc8064aca49f9e13a7a50610
1256,0x00000000000,0x00000000000,0x000000000,0x14d47442,0x00000000,0,0,000000000000000000000000000000a6a3a21000000000
1257,0x00000000000,0x00000000000,0x000000000,0x00000000,0x00000000,0,0,0000000000000000000000000000000000000000000000
1258,0x00000000000,0x00000000000,0x253115103,0x00000000,0x00000000,0,0,00000000000000000000094c45440c0000000000000000
1259,0x00000000000,0x00000000000,0x000000000,0x0a6a4a24,0x00000000,0,0,0000000000000000000000000000005352512000000000
1260,0x00000000000,0x00000000000,0x000000000,0x00000000,0x00000000,0,0,0000000000000000000000000000000000000000000000
1261,0x00000000000,0x00000000000,0x03740196b,0x14b43402,0x3aba9061,0,0,0000000000000000000000dd0065aca5a1a013aba90610
1262,0x00000000000,0x00000000000,0x253315143,0x00000000,0x00000000,0,0,00000000000000000000094cc5450c0000000000000000
1263,0x00000000000,0x00000000000,0x000000000,0x00000000,0x00000000,0,0,0000000000000000000000000000000000000000000000
1264,0x00000000000,0x00000000000,0x000000000,0x00000000,0x00000000,0,0,0000000000000000000000000000000000000000000000
1265,0x00000000000,0x00000000000,0x000000000,0x00000000,0x00000000,0,0,0000000000000000000000000000000000000000000000
1266,0x00000000000,0x00000000000,0x253515183,0x00000000,0x00000000,0,0,00000000000000000000094d45460c0000000000000000
1267,0x00000000000,0x00000000000,0x0376019ab,0x00000000,0x3afad061,0,0,0000000000000000000000dd8066ac00000003afad0610
1268,0x00000000000,0x000000a0263,0x000000000,0x14f4b482,0x00000000,0,0,0000000000000000a0263000000000a7a5a41000000000
1269,0x00000000000,0x00000000000,0x000000000,0x00000000,0x00000000,0,0,0000000000000000000000000000000000000000000000
1270,0x00000000000,0x00000000000,0x2537151c3,0x00000000,0x00000000,0,0,00000000000000000000094dc5470c0000000000000000
1271,0x00000000000,0x00000000000,0x000000000,0x00000000,0x00000000,0,0,0000000000000000000000000000000000000000000000
1272,0x00000000000,0x000000a1267,0x000000000,0x00000000,0x00000000,0,0,0000000000000000a12670000000000000000000000000
1273,0x00000000000,0x00000000000,0x0378019eb,0x18375722,0x3d3d1061,0,0,0000000000000000000000de0067acc1bab913d3d10610
1274,0x00000000000,0x00000000000,0x253915203,0x00000000,0x00000000,0,0,00000000000000000000094e45480c0000000000000000
1275,0x00000000000,0x00000000000,0x000000000,0x1514f4c2,0x00000000,0,0,000000000000000000000000000000a8a7a61000000000
1276,0x00000000000,0x000000a226b,0x000000000,0x00000000,0x00000000,0,0,0000000000000000a226b0000000000000000000000000
1277,0x00000000000,0x00000000000,0x000000000,0x00000000,0x00000000,0,0,0000000000000000000000000000000000000000000000
1278,0x00000000000,0x00000000000,0x253b15243,0x00000000,0x00000000,0,0,00000000000000000000094ec5490c0000000000000000
1279,0x00000000000,0x00000000000,0x037a01a2b,0x00000000,0x3d7d5061,0,0,0000000000000000000000de8068ac00000003d7d50610
1280,0x00000000000,0x000000a326f,0x000000000,0x00000000,0x00000000,0,0,0000000000000000a326f0000000000000000000000000
1281,0x00000000000,0x00000000000,0x000000000,0x00000000,0x00000000,0,0,0000000000000000000000000000000000000000000000
1282,0x00000000000,0x00000000000,0x253d15283,0x00000000,0x35350009,0,0,00000000000000000000094f454a0c0000000353500090
1283,0x00000000000,0x00000000000,0x000000000,0x00000000,0x00000000,0,0,0000000000000000000000000000000000000000000000
1284,0x00000000000,0x000000a4273,0x000000000,0x00000000,0x00000000,0,0,0000000000000000a42730000000000000000000000000
1285,0x00000000000,0x00000000000,0x037c01a6b,0x18579762,0x3dbd9061,0,0,0000000000000000000000df0069acc2bcbb13dbd90610
1286,0x00000000000,0x00000000000,0x253f152c3,0x00000000,0x00000000,0,0,00000000000000000000094fc54b0c0000000000000000
1287,0x00000000000,0x00000000000,0x000000000,0x00000000,0x00000000,0,0,0000000000000000000000000000000000000000000000
1288,0x00000000000,0x000000a5277,0x000000000,0x00000000,0x00000000,0,0,0000000000000000a52770000000000000000000000000
1289,0x00000000000,0x00000000000,0x000000000,0x00000000,0x00000000,0,0,0000000000000000000000000000000000000000000000
1290,0x00000000000,0x00000000000,0x25e1afc83,0x00000000,0x00000000,0,0,0000000000000000000009786bf20c0000000000000000
1291,0x00000000000,0x00000000000,0x037e01aab,0x00000000,0x3dfdd061,0,0,0000000000000000000000df806aac00000003dfdd0610
1292,0x00000000000,0x000000a627b,0x000000000,0x18b85822,0x00000000,0,0,0000000000000000a627b000000000c5c2c11000000000
1293,0x00000000000,0x00000000000,0x000000000,0x00000000,0x00000000,0,0,0000000000000000000000000000000000000000000000
1294,0x00000000000,0x00000000000,0x25e5afca3,0x00000000,0x00000000,0,0,0000000000000000000009796bf28c0000000000000000
1295,0x00000000000,0x00000000000,0x000000000,0x00000000,0x00000000,0,0,0000000000000000000000000000000000000000000000
1296,0x000000e0203,0x000000a727f,0x000000000,0x00000000,0x00000000,0,0,0000038080c00000a727f0000000000000000000000000
1297,0x000000e1207,0x00000000000,0x038001aeb,0x1877d7a2,0x00000000,0,0,0000038481c00000000000e0006bacc3bebd1000000000
1298,0x000000e220b,0x00000000000,0x25e9afcc3,0x00000000,0x00000000,0,0,0000038882c000000000097a6bf30c0000000000000000
1299,0x000000e320f,0x00000000000,0x02c80100c,0x00000000,0x00000000,0,0,0000038c83c00000000000b20040300000000000000000
1300,0x000000e4213,0x00000000000,0x02ca0102c,0x00000000,0x3e3e1061,0,0,0000039084c00000000000b28040b000000003e3e10610
1301,0x000000e5217,0x00000000000,0x02cc0104c,0x00000000,0x00000000,0,0,0000039485c00000000000b30041300000000000000000
1302,0x000000e621b,0x00000000000,0x25edafce3,0x00000000,0x00000000,0,0,0000039886c000000000097b6bf38c0000000000000000
1303,0x000000e721f,0x00000000000,0x03b001d2b,0x00000000,0x00000000,0,0,0000039c87c00000000000ec0074ac0000000000000000
1304,0x00000000000,0x00000000000,0x02ce0106c,0x00000000,0x00000000,0,0,0000000000000000000000b38041b00000000000000000
1305,0x00000000000,0x00000000000,0x02d00108c,0x00000000,0x00000000,0,0,0000000000000000000000b40042300000000000000000
1306,0x00000000000,0x00000000000,0x02d2010ac,0x00000000,0x3e7e5061,0,0,0000000000000000000000b48042b000000003e7e50610
1307,0x00000000000,0x00000000000,0x02d4010cc,0x0d8cac84,0x00000000,0,0,0000000000000000000000b50043306c65642000000000
1308,0x00000000000,0x00000000000,0x257153503,0x00000000,0x00000000,0,0,00000000000000000000095c54d40c0000000000000000
1309,0x00000000000,0x00000000000,0x03b201d6b,0x189817e2,0x00000000,0,0,0000000000000000000000ec8075acc4c0bf1000000000
1310,0x00000000000,0x00000000000,0x02d6010ec,0x00000000,0x00000000,0,0,0000000000000000000000b58043b00000000000000000
1311,0x00000000000,0x00000000000,0x000000000,0x0dacecc4,0x00000000,0,0,0000000000000000000000000000006d67662000000000
1312,0x00000000000,0x00000000000,0x257353543,0x00000000,0x3ebe9061,0,0,00000000000000000000095cd4d50c00000003ebe90610
1313,0x00000000000,0x00000000000,0x000000000,0x0dcd2d04,0x00000000,0,0,0000000000000000000000000000006e69682000000000
1314,0x00000000000,0x00000000000,0x000000000,0x00000000,0x00000000,0,0,0000000000000000000000000000000000000000000000
1315,0x00000000000,0x00000000000,0x03b401dab,0x00000000,0x00000000,0,0,0000000000000000000000ed0076ac0000000000000000
1316,0x00000000000,0x00000000000,0x257553583,0x18d89862,0x00000000,0,0,00000000000000000000095d54d60cc6c4c31000000000
1317,0x00000000000,0x00000000000,0x000000000,0x0ded6d44,0x00000000,0,0,0000000000000000000000000000006f6b6a2000000000
1318,0x00000000000,0x000000a82e3,0x000000000,0x0e0dad84,0x3efed061,0,0,0000000000000000a82e3000000000706d6c23efed0610
1319,0x00000000000,0x00000000000,0x000000000,0x00000000,0x00000000,0,0,0000000000000000000000000000000000000000000000
1320,0x00000000000,0x00000000000,0x2577535c3,0x00000000,0x00000000,0,0,00000000000000000000095dd4d70c0000000000000000
1321,0x00000000000,0x00000000000,0x03b601deb,0x1c1b3b02,0x00000000,0,0,0000000000000000000000ed8077ace0d9d81000000000
1322,0x00000000000,0x000000a92e7,0x000000000,0x00000000,0x00000000,0,0,0000000000000000a92e70000000000000000000000000
1323,0x00000000000,0x00000000000,0x000000000,0x18f8d8a2,0x00000000,0,0,000000000000000000000000000000c7c6c51000000000
1324,0x00000000000,0x00000000000,0x257953603,0x0e2dedc4,0x00000000,0,0,00000000000000000000095e54d80c716f6e2000000000
1325,0x00000000000,0x00000000000,0x000000000,0x00000000,0x00000000,0,0,0000000000000000000000000000000000000000000000
1326,0x00000000000,0x000000aa2eb,0x000000000,0x00000000,0x00000000,0,0,0000000000000000aa2eb0000000000000000000000000
1327,0x00000000000,0x00000000000,0x000000000,0x00000000,0x00000000,0,0,0000000000000000000000000000000000000000000000
1328,0x00000000000,0x00000000000,0x257b53643,0x00000000,0x00000000,0,0,00000000000000000000095ed4d90c0000000000000000
1329,0x00000000000,0x00000000000,0x000000000,0x00000000,0x00000000,0,0,0000000000000000000000000000000000000000000000
1330,0x00000000000,0x000000ab2ef,0x03b801e2b,0x00000000,0x3918e009,0,0,0000000000000000ab2ef0ee0078ac00000003918e0090
1331,0x00000000000,0x00000000000,0x000000000,0x0e4e2e04,0x00000000,0,0,0000000000000000000000000000007271702000000000
1332,0x00000000000,0x00000000000,0x000000000,0x00000000,0x00000000,0,0,0000000000000000000000000000000000000000000000
1333,0x00000000000,0x00000000000,0x000000000,0x1c3b7b42,0x00000000,0,0,000000000000000000000000000000e1dbda1000000000
1334,0x00000000000,0x000000ac2f3,0x000000000,0x00000000,0x00000000,0,0,0000000000000000ac2f30000000000000000000000000
1335,0x00000000000,0x00000000000,0x000000000,0x00000000,0x00000000,0,0,0000000000000000000000000000000000000000000000
1336,0x00000000000,0x00000000000,0x03ba01e6b,0x00000000,0x00000000,0,0,0000000000000000000000ee8079ac0000000000000000
1337,0x00000000000,0x00000000000,0x000000000,0x00000000,0x00000000,0,0,0000000000000000000000000000000000000000000000
1338,0x00000000000,0x000000ad2f7,0x000000000,0x00000000,0x00000000,0,0,0000000000000000ad2f70000000000000000000000000
1339,0x00000000000,0x00000000000,0x000000000,0x00000000,0x00000000,0,0,0000000000000000000000000000000000000000000000
1340,0x00000000000,0x00000000000,0x000000000,0x1c9c3c02,0x00000000,0,0,000000000000000000000000000000e4e1e01000000000
1341,0x00000000000,0x00000000000,0x057d53683,0x00000000,0x00000000,0,0,00000000000000000000015f54da0c0000000000000000
1342,0x00000000000,0x00000000000,0x057f536c3,0x00000000,0x00000000,0,0,00000000000000000000015fd4db0c0000000000000000
1343,0x00000000000,0x00000000000,0x03bc01eab,0x00000000,0x00000000,0,0,0000000000000000000000ef007aac0000000000000000
1344,0x00000000000,0x00000000000,0x0411ec003,0x00000000,0x00000000,0,0,0000000000000000000001047b000c0000000000000000
1345,0x00000000000,0x00000000000,0x0415ec023,0x00000000,0x00000000,0,0,0000000000000000000001057b008c0000000000000000
1346,0x00000000000,0x00000000000,0x0419ec043,0x00000000,0x00000000,0,0,0000000000000000000001067b010c0000000000000000
1347,0x00000000000,0x00000000000,0x041dec063,0x00000000,0x00000000,0,0,0000000000000000000001077b018c0000000000000000
1348,0x00000000000,0x000000ae2fb,0x03be01eeb,0x00000000,0x00000000,0,0,0000000000000000ae2fb0ef807bac0000000000000000
1349,0x000000e8283,0x000000af2ff,0x0421ec083,0x1c5bbb82,0x00000000,0,0,000003a0a0c00000af2ff1087b020ce2dddc1000000000
1350,0x000000e9287,0x00000000000,0x0425ec0a3,0x00000000,0x00000000,0,0,000003a4a1c00000000001097b028c0000000000000000
1351,0x000000eb28f,0x00000000000,0x0429ec0c3,0x00000000,0x21211061,0,0,000003aca3c000000000010a7b030c0000000212110610
1352,0x000000ea28b,0x00000000000,0x05b191903,0x00000000,0x00000000,0,0,000003a8a2c000000000016c64640c0000000000000000
1353,0x000000ed297,0x00000000000,0x05b391943,0x00000000,0x00000000,0,0,000003b4a5c000000000016ce4650c0000000000000000
1354,0x000000ec293,0x00000000000,0x05b591983,0x00000000,0x00000000,0,0,000003b0a4c000000000016d64660c0000000000000000
1355,0x000000ee29b,0x00000000000,0x05b7919c3,0x00000000,0x00000000,0,0,000003b8a6c000000000016de4670c0000000000000000
1356,0x000000ef29f,0x00000000000,0x05b991a03,0x00000000,0x00000000,0,0,000003bca7c000000000016e64680c0000000000000000
1357,0x00000000000,0x00000000000,0x05bb91a43,0x00000000,0x21a19061,0,0,00000000000000000000016ee4690c000000021a190610
1358,0x00000000000,0x00000000000,0x05bd91a83,0x00000000,0x00000000,0,0,00000000000000000000016f646a0c0000000000000000
1359,0x00000000000,0x000000b0363,0x25bf91ac3,0x00000000,0x00000000,0,0,0000000000000000b036396fe46b0c0000000000000000
1360,0x00000000000,0x000000b1367,0x030a0144c,0x1c7bfbc2,0x00000000,0,0,0000000000000000b13670c2805130e3dfde1000000000
1361,0x00000000000,0x000000b236b,0x03060140c,0x00000000,0x00000000,0,0,0000000000000000b236b0c18050300000000000000000
1362,0x00000000000,0x000000b336f,0x03080142c,0x00000000,0x00000000,0,0,0000000000000000b336f0c20050b00000000000000000
1363,0x00000000000,0x000000b4373,0x242dec0e3,0x00000000,0x21615061,0,0,0000000000000000b437390b7b038c0000000216150610
1364,0x00000000000,0x000000b5377,0x030c0146c,0x00000000,0x00000000,0,0,0000000000000000b53770c30051b00000000000000000
1365,0x00000000000,0x000000b637b,0x030e0148c,0x00000000,0x00000000,0,0,0000000000000000b637b0c38052300000000000000000
1366,0x00000000000,0x00000000000,0x0310014ac,0x00000000,0x00000000,0,0,0000000000000000000000c40052b00000000000000000
1367,0x00000000000,0x00000000000,0x24502a403,0x1cbc7c42,0x00000000,0,0,0000000000000000000009140a900ce5e3e21000000000
1368,0x00000000000,0x00000000000,0x0312014cc,0x00000000,0x00000000,0,0,0000000000000000000000c48053300000000000000000
1369,0x000000f0303,0x000000b737f,0x000000000,0x11709064,0x21e1d061,0,0,000003c0c0c00000b737f0000000008b8483221e1d0610
1370,0x000000f1307,0x00000000000,0x0314014ec,0x00000000,0x00000000,0,0,000003c4c1c00000000000c50053b00000000000000000
1371,0x000000f230b,0x00000000000,0x24542a423,0x00000000,0x00000000,0,0,000003c8c2c00000000009150a908c0000000000000000
1372,0x000000f330f,0x00000000000,0x03440180c,0x1190d0a4,0x00000000,0,0,000003ccc3c00000000000d10060308c86852000000000
1373,0x000000f4313,0x00000000000,0x03460182c,0x11b110e4,0x00000000,0,0,000003d0c4c00000000000d18060b08d88872000000000
1374,0x000000f5317,0x00000000000,0x03480184c,0x1cdcbc82,0x00000000,0,0,000003d4c5c00000000000d2006130e6e5e41000000000
1375,0x000000f631b,0x00000000000,0x24582a443,0x00000000,0x22221061,0,0,000003d8c6c00000000009160a910c0000000222210610
1376,0x000000f731f,0x00000000000,0x034a0186c,0x00000000,0x00000000,0,0,000003dcc7c00000000000d28061b00000000000000000
1377,0x00000000000,0x00000000000,0x034e018ac,0x11d15124,0x00000000,0,0,0000000000000000000000d38062b08e8a892000000000
1378,0x00000000000,0x00000000000,0x034c0188c,0x00000000,0x00000000,0,0,0000000000000000000000d30062300000000000000000
1379,0x00000000000,0x00000000000,0x245c2a463,0x11f19164,0x00000000,0,0,0000000000000000000009170a918c8f8c8b2000000000
1380,0x00000000000,0x00000000000,0x0350018cc,0x15547444,0x00000000,0,0,0000000000000000000000d4006330aaa3a22000000000
1381,0x00000000000,0x00000000000,0x03ee0012b,0x00000000,0x3cfcc009,0,0,0000000000000000000000fb8004ac00000003cfcc0090
1382,0x00000000000,0x00000000000,0x0352018ec,0x00000000,0x22625061,0,0,0000000000000000000000d48063b00000000226250610
1383,0x00000000000,0x00000000000,0x24602a483,0x00000000,0x00000000,0,0,0000000000000000000009180a920c0000000000000000
1384,0x00000000000,0x00000000000,0x000000000,0x1211d1a4,0x00000000,0,0,000000000000000000000000000000908e8d2000000000
1385,0x00000000000,0x00000000000,0x000000000,0x1574b484,0x00000000,0,0,000000000000000000000000000000aba5a42000000000
1386,0x00000000000,0x00000000000,0x000000000,0x1594f4c4,0x00000000,0,0,000000000000000000000000000000aca7a62000000000
1387,0x00000000000,0x00000000000,0x03f2001ab,0x00000000,0x00000000,0,0,0000000000000000000000fc8006ac0000000000000000
1388,0x00000000000,0x00000000000,0x24642a4a3,0x00000000,0x22a29061,0,0,0000000000000000000009190a928c000000022a290610
1389,0x00000000000,0x00000000000,0x000000000,0x15b53504,0x00000000,0,0,000000000000000000000000000000ada9a82000000000
1390,0x00000000000,0x00000000000,0x000000000,0x00000000,0x00000000,0,0,0000000000000000000000000000000000000000000000
1391,0x00000000000,0x00000000000,0x000000000,0x123211e4,0x00000000,0,0,00000000000000000000000000000091908f2000000000
1392,0x00000000000,0x00000000000,0x24682a4c3,0x15d57544,0x00000000,0,0,00000000000000000000091a0a930caeabaa2000000000
1393,0x00000000000,0x00000000000,0x03f00016b,0x00000000,0x00000000,0,0,0000000000000000000000fc0005ac0000000000000000
1394,0x00000000000,0x00000000000,0x000000000,0x00000000,0x22e2d061,0,0,000000000000000000000000000000000000022e2d0610
1395,0x00000000000,0x00000000000,0x000000000,0x00000000,0x00000000,0,0,0000000000000000000000000000000000000000000000
1396,0x00000000000,0x00000000000,0x246c2a4e3,0x00000000,0x00000000,0,0,00000000000000000000091b0a938c0000000000000000
1397,0x00000000000,0x00000000000,0x000000000,0x15f5b584,0x00000000,0,0,000000000000000000000000000000afadac2000000000
1398,0x00000000000,0x00000000000,0x000000000,0x00000000,0x00000000,0,0,0000000000000000000000000000000000000000000000
1399,0x00000000000,0x00000000000,0x03f4001eb,0x00000000,0x00000000,0,0,0000000000000000000000fd0007ac0000000000000000
1400,0x00000000000,0x00000000000,0x249468823,0x00000000,0x25251061,0,0,0000000000000000000009251a208c0000000252510610
1401,0x00000000000,0x00000000000,0x000000000,0x00000000,0x00000000,0,0,0000000000000000000000000000000000000000000000
1402,0x00000000000,0x00000000000,0x000000000,0x00000000,0x00000000,0,0,0000000000000000000000000000000000000000000000
1403,0x00000000000,0x00000000000,0x000000000,0x00000000,0x00000000,0,0,0000000000000000000000000000000000000000000000
1404,0x00000000000,0x00000000000,0x25f1cfd03,0x00000000,0x00000000,0,0,00000000000000000000097c73f40c0000000000000000
1405,0x00000000000,0x00000000000,0x03f60022b,0x1fff1ee2,0x00000000,0,0,0000000000000000000000fd8008acfff8f71000000000
1406,0x00000000000,0x00000000000,0x000000000,0x1615f5c4,0x25655061,0,0,000000000000000000000000000000b0afae2256550610
1407,0x00000000000,0x00000000000,0x000000000,0x00000000,0x00000000,0,0,0000000000000000000000000000000000000000000000
1408,0x00000000000,0x00000000000,0x25f5cfd83,0x00000000,0x00000000,0,0,00000000000000000000097d73f60c0000000000000000
1409,0x00000000000,0x00000000000,0x000000000,0x00000000,0x00000000,0,0,0000000000000000000000000000000000000000000000
1410,0x00000000000,0x00000000000,0x000000000,0x00000000,0x00000000,0,0,0000000000000000000000000000000000000000000000
1411,0x00000000000,0x00000000000,0x000000000,0x001f5f22,0x00000000,0,0,00000000000000000000000000000000faf91000000000
1412,0x00000000000,0x00000000000,0x25f3cfd43,0x00000000,0x25a59061,0,0,00000000000000000000097cf3f50c000000025a590610
1413,0x00000000000,0x00000000000,0x03f80026b,0x00000000,0x00000000,0,0,0000000000000000000000fe0009ac0000000000000000
1414,0x00000000000,0x000000b83e3,0x000000000,0x00000000,0x00000000,0,0,0000000000000000b83e30000000000000000000000000
1415,0x00000000000,0x00000000000,0x000000000,0x00000000,0x00000000,0,0,0000000000000000000000000000000000000000000000
1416,0x00000000000,0x00000000000,0x25f7cfdc3,0x00000000,0x00000000,0,0,00000000000000000000097df3f70c0000000000000000
1417,0x00000000000,0x00000000000,0x000000000,0x00000000,0x00000000,0,0,0000000000000000000000000000000000000000000000
1418,0x00000000000,0x000000ba3eb,0x03fa002ab,0x00601fe2,0x26261061,0,0,0000000000000000ba3eb0fe800aac0300ff1262610610
1419,0x00000000000,0x00000000000,0x000000000,0x00000000,0x00000000,0,0,0000000000000000000000000000000000000000000000
1420,0x00000000000,0x00000000000,0x25f9cfe03,0x00000000,0x00000000,0,0,00000000000000000000097e73f80c0000000000000000
1421,0x00000000000,0x00000000000,0x000000000,0x00000000,0x00000000,0,0,0000000000000000000000000000000000000000000000
1422,0x00000000000,0x000000b93e7,0x000000000,0x00000000,0x00000000,0,0,0000000000000000b93e70000000000000000000000000
1423,0x00000000000,0x00000000000,0x000000000,0x00000000,0x00000000,0,0,0000000000000000000000000000000000000000000000
1424,0x00000000000,0x00000000000,0x25fbcfe43,0x00000000,0x26a69061,0,0,00000000000000000000097ef3f90c000000026a690610
1425,0x00000000000,0x00000000000,0x03fc002eb,0x003f9f62,0x00000000,0,0,0000000000000000000000ff000bac01fcfb1000000000
1426,0x00000000000,0x000000bb3ef,0x000000000,0x00000000,0x00000000,0,0,0000000000000000bb3ef0000000000000000000000000
1427,0x00000000000,0x00000000000,0x000000000,0x00000000,0x00000000,0,0,0000000000000000000000000000000000000000000000
1428,0x00000000000,0x00000000000,0x25fdcfe83,0x00000000,0x00000000,0,0,00000000000000000000097f73fa0c0000000000000000
1429,0x00000000000,0x00000000000,0x000000000,0x00000000,0x00000000,0,0,0000000000000000000000000000000000000000000000
1430,0x00000000000,0x000000bc3f3,0x022c0052b,0x00000000,0x25e5d061,0,0,0000000000000000bc3f308b0014ac000000025e5d0610
1431,0x00000000000,0x00000000000,0x000000000,0x00000000,0x00000000,0,0,0000000000000000000000000000000000000000000000
1432,0x00000000000,0x00000000000,0x25ffcfec3,0x00000000,0x00000000,0,0,00000000000000000000097ff3fb0c0000000000000000
1433,0x00000000000,0x00000000000,0x000000000,0x00000000,0x00000000,0,0,0000000000000000000000000000000000000000000000
1434,0x00000000000,0x000000bd3f7,0x000000000,0x00000000,0x00000000,0,0,0000000000000000bd3f70000000000000000000000000
1435,0x00000000000,0x00000000000,0x000000000,0x00000000,0x00000000,0,0,0000000000000000000000000000000000000000000000
1436,0x00000000000,0x00000000000,0x022e0056b,0x00000000,0x26665061,0,0,00000000000000000000008b8015ac0000000266650610
1437,0x00000000000,0x00000000000,0x249068803,0x005fdfa2,0x00000000,0,0,0000000000000000000009241a200c02fefd1000000000
1438,0x00000000000,0x000000be3fb,0x000000000,0x00000000,0x00000000,0,0,0000000000000000be3fb0000000000000000000000000
1439,0x00000000000,0x00000000000,0x000000000,0x00000000,0x00000000,0,0,0000000000000000000000000000000000000000000000
1440,0x00000000000,0x00000000000,0x000000000,0x00000000,0x00000000,0,0,0000000000000000000000000000000000000000000000
1441,0x00000000000,0x00000000000,0x249868843,0x00000000,0x00000000,0,0,0000000000000000000009261a210c0000000000000000
1442,0x000000f8383,0x000000bf3ff,0x0230005ab,0x00000000,0x26e6d061,0,0,000003e0e0c00000bf3ff08c0016ac000000026e6d0610
1443,0x000000f9387,0x00000000000,0x000000000,0x00000000,0x00000000,0,0,000003e4e1c00000000000000000000000000000000000
1444,0x000000fa38b,0x00000000000,0x000000000,0x00804022,0x00000000,0,0,000003e8e2c00000000000000000000402011000000000
1445,0x000000fb38f,0x00000000000,0x249c68863,0x00000000,0x00000000,0,0,000003ece3c00000000009271a218c0000000000000000
1446,0x000000fc393,0x00000000000,0x038201c0c,0x00000000,0x00000000,0,0,000003f0e4c00000000000e08070300000000000000000
1447,0x000000fd397,0x00000000000,0x038401c2c,0x00000000,0x00000000,0,0,000003f4e5c00000000000e10070b00000000000000000
1448,0x000000fe39b,0x00000000000,0x02340062b,0x03c2e2c2,0x29291061,0,0,000003f8e6c000000000008d0018ac1e17161292910610
1449,0x000000ff39f,0x00000000000,0x24a068883,0x00000000,0x00000000,0,0,000003fce7c00000000009281a220c0000000000000000
1450,0x00000000000,0x00000000000,0x038601c4c,0x00000000,0x00000000,0,0,0000000000000000000000e18071300000000000000000
1451,0x00000000000,0x00000000000,0x038801c6c,0x00a08062,0x00000000,0,0,0000000000000000000000e20071b00504031000000000
1452,0x00000000000,0x00000000000,0x038a01c8c,0x00000000,0x00000000,0,0,0000000000000000000000e28072300000000000000000
1453,0x00000000000,0x00000000000,0x24a4688a3,0x00000000,0x00000000,0,0,0000000000000000000009291a228c0000000000000000
1454,0x00000000000,0x00000000000,0x0238006ab,0x19385824,0x29695061,0,0,00000000000000000000008e001aacc9c2c12296950610
1455,0x00000000000,0x00000000000,0x038c01cac,0x00000000,0x00000000,0,0,0000000000000000000000e30072b00000000000000000
1456,0x00000000000,0x00000000000,0x038e01ccc,0x00000000,0x00000000,0,0,0000000000000000000000e38073300000000000000000
1457,0x00000000000,0x00000000000,0x24a8688c3,0x00000000,0x00000000,0,0,00000000000000000000092a1a230c0000000000000000
1458,0x00000000000,0x00000000000,0x039001cec,0x19589864,0x20c0a009,0,0,0000000000000000000000e40073b0cac4c3220c0a0090
1459,0x00000000000,0x00000000000,0x000000000,0x00000000,0x00000000,0,0,0000000000000000000000000000000000000000000000
1460,0x00000000000,0x00000000000,0x0232005eb,0x00000000,0x29a99061,0,0,00000000000000000000008c8017ac000000029a990610
1461,0x00000000000,0x00000000000,0x24ac688e3,0x00000000,0x00000000,0,0,00000000000000000000092b1a238c0000000000000000
1462,0x00000000000,0x00000000000,0x000000000,0x1978d8a4,0x00000000,0,0,000000000000000000000000000000cbc6c52000000000
1463,0x00000000000,0x00000000000,0x000000000,0x00000000,0x00000000,0,0,0000000000000000000000000000000000000000000000
1464,0x00000000000,0x00000000000,0x000000000,0x00000000,0x00000000,0,0,0000000000000000000000000000000000000000000000
1465,0x00000000000,0x00000000000,0x24d0a6c03,0x00000000,0x00000000,0,0,00000000000000000000093429b00c0000000000000000
1466,0x00000000000,0x00000000000,0x02360066b,0x199918e4,0x29e9d061,0,0,00000000000000000000008d8019acccc8c7229e9d0610
1467,0x00000000000,0x00000000000,0x000000000,0x19b95924,0x00000000,0,0,000000000000000000000000000000cdcac92000000000
1468,0x00000000000,0x00000000000,0x000000000,0x00000000,0x00000000,0,0,0000000000000000000000000000000000000000000000
1469,0x00000000000,0x00000000000,0x24d4a6c23,0x00000000,0x00000000,0,0,00000000000000000000093529b08c0000000000000000
1470,0x00000000000,0x00000000000,0x000000000,0x00000000,0x00000000,0,0,0000000000000000000000000000000000000000000000
1471,0x00000000000,0x00000000000,0x000000000,0x00000000,0x00000000,0,0,0000000000000000000000000000000000000000000000
1472,0x00000000000,0x00000000000,0x023a006eb,0x03e32302,0x2a2a1061,0,0,00000000000000000000008e801bac1f191812a2a10610
1473,0x00000000000,0x00000000000,0x24d8a6c43,0x00000000,0x00000000,0,0,00000000000000000000093629b10c0000000000000000
1474,0x00000000000,0x00000000000,0x000000000,0x19d99964,0x00000000,0,0,000000000000000000000000000000cecccb2000000000
1475,0x00000000000,0x00000000000,0x000000000,0x00000000,0x00000000,0,0,0000000000000000000000000000000000000000000000
1476,0x00000000000,0x00000000000,0x000000000,0x00000000,0x00000000,0,0,0000000000000000000000000000000000000000000000
1477,0x00000000000,0x00000000000,0x24dca6c63,0x00000000,0x00000000,0,0,00000000000000000000093729b18c0000000000000000
1478,0x00000000000,0x00000000000,0x026a0092b,0x04036342,0x2a6a5061,0,0,00000000000000000000009a8024ac201b1a12a6a50610
1479,0x00000000000,0x00000000000,0x000000000,0x0443e3c2,0x00000000,0,0,000000000000000000000000000000221f1e1000000000
1480,0x00000000000,0x00000000000,0x000000000,0x00000000,0x00000000,0,0,0000000000000000000000000000000000000000000000
1481,0x00000000000,0x00000000000,0x24300c103,0x00000000,0x00000000,0,0,00000000000000000000090c03040c0000000000000000
1482,0x00000000000,0x00000000000,0x000000000,0x19f9d9a4,0x00000000,0,0,000000000000000000000000000000cfcecd2000000000
1483,0x00000000000,0x00000000000,0x000000000,0x00000000,0x00000000,0,0,0000000000000000000000000000000000000000000000
1484,0x00000000000,0x00000000000,0x026c0096b,0x0423a382,0x2aaa9061,0,0,00000000000000000000009b0025ac211d1c12aaa90610
1485,0x00000000000,0x00000000000,0x24320c143,0x00000000,0x00000000,0,0,00000000000000000000090c83050c0000000000000000
1486,0x00000000000,0x00000000000,0x000000000,0x00000000,0x00000000,0,0,0000000000000000000000000000000000000000000000
1487,0x00000000000,0x00000000000,0x000000000,0x00000000,0x00000000,0,0,0000000000000000000000000000000000000000000000
1488,0x00000000000,0x00000000000,0x000000000,0x00000000,0x00000000,0,0,0000000000000000000000000000000000000000000000
1489,0x00000000000,0x00000000000,0x24340c183,0x00000000,0x00000000,0,0,00000000000000000000090d03060c0000000000000000
1490,0x00000000000,0x00000000000,0x026e009ab,0x00000000,0x2aead061,0,0,00000000000000000000009b8026ac00000002aead0610
1491,0x00000000000,0x000000c0063,0x000000000,0x04642402,0x00000000,0,0,0000000000000000c00630000000002321201000000000
1492,0x00000000000,0x00000000000,0x000000000,0x00000000,0x00000000,0,0,0000000000000000000000000000000000000000000000
1493,0x00000000000,0x00000000000,0x24360c1c3,0x00000000,0x00000000,0,0,00000000000000000000090d83070c0000000000000000
1494,0x00000000000,0x00000000000,0x000000000,0x00000000,0x00000000,0,0,0000000000000000000000000000000000000000000000
1495,0x00000000000,0x000000c1067,0x000000000,0x00000000,0x00000000,0,0,0000000000000000c10670000000000000000000000000
1496,0x00000000000,0x00000000000,0x0270009eb,0x07a6c6a2,0x2d2d1061,0,0,00000000000000000000009c0027ac3d363512d2d10610
1497,0x00000000000,0x00000000000,0x24380c203,0x00000000,0x00000000,0,0,00000000000000000000090e03080c0000000000000000
1498,0x00000000000,0x00000000000,0x000000000,0x04846442,0x00000000,0,0,0000000000000000000000000000002423221000000000
1499,0x00000000000,0x000000c206b,0x000000000,0x00000000,0x00000000,0,0,0000000000000000c206b0000000000000000000000000
1500,0x00000000000,0x00000000000,0x000000000,0x00000000,0x00000000,0,0,0000000000000000000000000000000000000000000000
1501,0x00000000000,0x00000000000,0x243a0c243,0x00000000,0x00000000,0,0,00000000000000000000090e83090c0000000000000000
1502,0x00000000000,0x00000000000,0x027200a2b,0x00000000,0x2d6d5061,0,0,00000000000000000000009c8028ac00000002d6d50610
1503,0x00000000000,0x000000c306f,0x000000000,0x00000000,0x00000000,0,0,0000000000000000c306f0000000000000000000000000
1504,0x00000000000,0x00000000000,0x000000000,0x00000000,0x00000000,0,0,0000000000000000000000000000000000000000000000
1505,0x00000000000,0x00000000000,0x243c0c283,0x00000000,0x24a48009,0,0,00000000000000000000090f030a0c000000024a480090
1506,0x00000000000,0x00000000000,0x000000000,0x00000000,0x00000000,0,0,0000000000000000000000000000000000000000000000
1507,0x00000000000,0x000000c4073,0x000000000,0x00000000,0x00000000,0,0,0000000000000000c40730000000000000000000000000
1508,0x00000000000,0x00000000000,0x027400a6b,0x07c706e2,0x2dad9061,0,0,00000000000000000000009d0029ac3e383712dad90610
1509,0x00000000000,0x00000000000,0x243e0c2c3,0x00000000,0x00000000,0,0,00000000000000000000090f830b0c0000000000000000
1510,0x00000000000,0x00000000000,0x000000000,0x00000000,0x00000000,0,0,0000000000000000000000000000000000000000000000
1511,0x00000000000,0x000000c5077,0x000000000,0x00000000,0x00000000,0,0,0000000000000000c50770000000000000000000000000
1512,0x00000000000,0x00000000000,0x000000000,0x00000000,0x00000000,0,0,0000000000000000000000000000000000000000000000
1513,0x00000000000,0x00000000000,0x24e0a6c83,0x00000000,0x00000000,0,0,00000000000000000000093829b20c0000000000000000
1514,0x00000000000,0x00000000000,0x027600aab,0x00000000,0x2dedd061,0,0,00000000000000000000009d802aac00000002dedd0610
1515,0x00000000000,0x000000c607b,0x000000000,0x0827c7a2,0x00000000,0,0,0000000000000000c607b000000000413e3d1000000000
1516,0x00000000000,0x00000000000,0x000000000,0x00000000,0x00000000,0,0,0000000000000000000000000000000000000000000000
1517,0x00000000000,0x00000000000,0x24e4a6ca3,0x00000000,0x00000000,0,0,00000000000000000000093929b28c0000000000000000
1518,0x00000000000,0x00000000000,0x000000000,0x00000000,0x00000000,0,0,0000000000000000000000000000000000000000000000
1519,0x00000100003,0x000000c707f,0x000000000,0x00000000,0x00000000,0,0,0000040000c00000c707f0000000000000000000000000
1520,0x00000101007,0x00000000000,0x027800aeb,0x07e74722,0x00000000,0,0,0000040401c000000000009e002bac3f3a391000000000
1521,0x0000010200b,0x00000000000,0x24e8a6cc3,0x00000000,0x00000000,0,0,0000040802c000000000093a29b30c0000000000000000
1522,0x0000010300f,0x00000000000,0x03c00000c,0x00000000,0x00000000,0,0,0000040c03c00000000000f00000300000000000000000
1523,0x00000104013,0x00000000000,0x03c20002c,0x00000000,0x2e2e1061,0,0,0000041004c00000000000f08000b000000002e2e10610
1524,0x00000105017,0x00000000000,0x03c40004c,0x00000000,0x00000000,0,0,0000041405c00000000000f10001300000000000000000
1525,0x0000010601b,0x00000000000,0x24eca6ce3,0x00000000,0x00000000,0,0,0000041806c000000000093b29b38c0000000000000000
1526,0x0000010701f,0x00000000000,0x02a800d2b,0x00000000,0x00000000,0,0,0000041c07c00000000000aa0034ac0000000000000000
1527,0x00000000000,0x00000000000,0x03c60006c,0x00000000,0x00000000,0,0,0000000000000000000000f18001b00000000000000000
1528,0x00000000000,0x00000000000,0x03c80008c,0x00000000,0x00000000,0,0,0000000000000000000000f20002300000000000000000
1529,0x00000000000,0x00000000000,0x03ca000ac,0x00000000,0x2e6e5061,0,0,0000000000000000000000f28002b000000002e6e50610
1530,0x00000000000,0x00000000000,0x03cc000cc,0x1d1c3c04,0x00000000,0,0,0000000000000000000000f3000330e8e1e02000000000
1531,0x00000000000,0x00000000000,0x24704a503,0x00000000,0x00000000,0,0,00000000000000000000091c12940c0000000000000000
1532,0x00000000000,0x00000000000,0x02aa00d6b,0x08078762,0x00000000,0,0,0000000000000000000000aa8035ac403c3b1000000000
1533,0x00000000000,0x00000000000,0x03ce000ec,0x00000000,0x00000000,0,0,0000000000000000000000f38003b00000000000000000
1534,0x00000000000,0x00000000000,0x000000000,0x1d3c7c44,0x00000000,0,0,000000000000000000000000000000e9e3e22000000000
1535,0x00000000000,0x00000000000,0x24724a543,0x00000000,0x2eae9061,0,0,00000000000000000000091c92950c00000002eae90610
1536,0x00000000000,0x00000000000,0x000000000,0x1d5cbc84,0x00000000,0,0,000000000000000000000000000000eae5e42000000000
1537,0x00000000000,0x00000000000,0x000000000,0x00000000,0x00000000,0,0,0000000000000000000000000000000000000000000000
1538,0x00000000000,0x00000000000,0x02ac00dab,0x00000000,0x00000000,0,0,0000000000000000000000ab0036ac0000000000000000
1539,0x00000000000,0x00000000000,0x24744a583,0x084807e2,0x00000000,0,0,00000000000000000000091d12960c42403f1000000000
1540,0x00000000000,0x00000000000,0x000000000,0x1d7cfcc4,0x00000000,0,0,000000000000000000000000000000ebe7e62000000000
1541,0x00000000000,0x000000c80e3,0x000000000,0x1d9d3d04,0x2eeed061,0,0,0000000000000000c80e3000000000ece9e822eeed0610
1542,0x00000000000,0x00000000000,0x000000000,0x00000000,0x00000000,0,0,0000000000000000000000000000000000000000000000
1543,0x00000000000,0x00000000000,0x24764a5c3,0x00000000,0x00000000,0,0,00000000000000000000091d92970c0000000000000000
1544,0x00000000000,0x00000000000,0x02ae00deb,0x0b8aaa82,0x00000000,0,0,0000000000000000000000ab8037ac5c55541000000000
1545,0x00000000000,0x000000c90e7,0x000000000,0x00000000,0x00000000,0,0,0000000000000000c90e70000000000000000000000000
1546,0x00000000000,0x00000000000,0x000000000,0x08684822,0x00000000,0,0,0000000000000000000000000000004342411000000000
1547,0x00000000000,0x00000000000,0x24784a603,0x1dbd7d44,0x00000000,0,0,00000000000000000000091e12980cedebea2000000000
1548,0x00000000000,0x00000000000,0x000000000,0x00000000,0x00000000,0,0,0000000000000000000000000000000000000000000000
1549,0x00000000000,0x000000ca0eb,0x000000000,0x00000000,0x00000000,0,0,0000000000000000ca0eb0000000000000000000000000
1550,0x00000000000,0x00000000000,0x000000000,0x00000000,0x00000000,0,0,0000000000000000000000000000000000000000000000
1551,0x00000000000,0x00000000000,0x247a4a643,0x00000000,0x00000000,0,0,00000000000000000000091e92990c0000000000000000
1552,0x00000000000,0x00000000000,0x000000000,0x00000000,0x00000000,0,0,0000000000000000000000000000000000000000000000
1553,0x00000000000,0x000000cb0ef,0x02b000e2b,0x00000000,0x28886009,0,0,0000000000000000cb0ef0ac0038ac0000000288860090
1554,0x00000000000,0x00000000000,0x000000000,0x1dddbd84,0x00000000,0,0,000000000000000000000000000000eeedec2000000000
1555,0x00000000000,0x00000000000,0x000000000,0x00000000,0x00000000,0,0,0000000000000000000000000000000000000000000000
1556,0x00000000000,0x00000000000,0x000000000,0x0baaeac2,0x00000000,0,0,0000000000000000000000000000005d57561000000000
1557,0x00000000000,0x000000cc0f3,0x000000000,0x00000000,0x00000000,0,0,0000000000000000cc0f30000000000000000000000000
1558,0x00000000000,0x00000000000,0x000000000,0x00000000,0x00000000,0,0,0000000000000000000000000000000000000000000000
1559,0x00000000000,0x00000000000,0x02b200e6b,0x00000000,0x00000000,0,0,0000000000000000000000ac8039ac0000000000000000
1560,0x00000000000,0x00000000000,0x000000000,0x00000000,0x00000000,0,0,0000000000000000000000000000000000000000000000
1561,0x00000000000,0x000000cd0f7,0x000000000,0x00000000,0x00000000,0,0,0000000000000000cd0f70000000000000000000000000
1562,0x00000000000,0x00000000000,0x000000000,0x00000000,0x00000000,0,0,0000000000000000000000000000000000000000000000
1563,0x00000000000,0x00000000000,0x000000000,0x0c0bab82,0x00000000,0,0,000000000000000000000000000000605d5c1000000000
1564,0x00000000000,0x00000000000,0x047c4a683,0x00000000,0x00000000,0,0,00000000000000000000011f129a0c0000000000000000
1565,0x00000000000,0x00000000000,0x047e4a6c3,0x00000000,0x00000000,0,0,00000000000000000000011f929b0c0000000000000000
1566,0x00000000000,0x00000000000,0x02b400eab,0x00000000,0x00000000,0,0,0000000000000000000000ad003aac0000000000000000
1567,0x00000000000,0x00000000000,0x0510e5003,0x00000000,0x00000000,0,0,00000000000000000000014439400c0000000000000000
1568,0x00000000000,0x00000000000,0x0514e5023,0x00000000,0x00000000,0,0,00000000000000000000014539408c0000000000000000
1569,0x00000000000,0x00000000000,0x0518e5043,0x00000000,0x00000000,0,0,00000000000000000000014639410c0000000000000000
1570,0x00000000000,0x00000000000,0x051ce5063,0x00000000,0x00000000,0,0,00000000000000000000014739418c0000000000000000
1571,0x00000000000,0x000000ce0fb,0x02b600eeb,0x00000000,0x00000000,0,0,0000000000000000ce0fb0ad803bac0000000000000000
1572,0x00000108083,0x000000cf0ff,0x0520e5083,0x0bcb2b02,0x00000000,0,0,0000042020c00000cf0ff14839420c5e59581000000000
1573,0x00000109087,0x00000000000,0x0524e50a3,0x00000000,0x00000000,0,0,0000042421c000000000014939428c0000000000000000
1574,0x0000010b08f,0x00000000000,0x0528e50c3,0x00000000,0x31311061,0,0,0000042c23c000000000014a39430c0000000313110610
1575,0x0000010a08b,0x00000000000,0x04b088903,0x00000000,0x00000000,0,0,0000042822c000000000012c22240c0000000000000000
1576,0x0000010d097,0x00000000000,0x04b288943,0x00000000,0x00000000,0,0,0000043425c000000000012ca2250c0000000000000000
1577,0x0000010c093,0x00000000000,0x04b488983,0x00000000,0x00000000,0,0,0000043024c000000000012d22260c0000000000000000
1578,0x0000010e09b,0x00000000000,0x04b6889c3,0x00000000,0x00000000,0,0,0000043826c000000000012da2270c0000000000000000
1579,0x0000010f09f,0x00000000000,0x04b888a03,0x00000000,0x00000000,0,0,0000043c27c000000000012e22280c0000000000000000
1580,0x00000000000,0x00000000000,0x04ba88a43,0x00000000,0x31b19061,0,0,00000000000000000000012ea2290c000000031b190610
1581,0x00000000000,0x00000000000,0x04bc88a83,0x00000000,0x00000000,0,0,00000000000000000000012f222a0c0000000000000000
1582,0x00000000000,0x000000d0163,0x24be88ac3,0x00000000,0x00000000,0,0,0000000000000000d016392fa22b0c0000000000000000
1583,0x00000000000,0x000000d1167,0x02020044c,0x0beb6b42,0x00000000,0,0,0000000000000000d11670808011305f5b5a1000000000
1584,0x00000000000,0x000000d216b,0x03fe0040c,0x00000000,0x00000000,0,0,0000000000000000d216b0ff8010300000000000000000
1585,0x00000000000,0x000000d316f,0x02000042c,0x00000000,0x00000000,0,0,0000000000000000d316f0800010b00000000000000000
1586,0x00000000000,0x000000d4173,0x252ce50e3,0x00000000,0x31715061,0,0,0000000000000000d417394b39438c0000000317150610
1587,0x00000000000,0x000000d5177,0x02040046c,0x00000000,0x00000000,0,0,0000000000000000d51770810011b00000000000000000
1588,0x00000000000,0x000000d617b,0x02060048c,0x00000000,0x00000000,0,0,0000000000000000d617b0818012300000000000000000
1589,0x00000000000,0x00000000000,0x0208004ac,0x00000000,0x00000000,0,0,0000000000000000000000820012b00000000000000000
1590,0x00000000000,0x00000000000,0x255123403,0x0c2bebc2,0x00000000,0,0,00000000000000000000095448d00c615f5e1000000000
1591,0x00000000000,0x00000000000,0x020a004cc,0x00000000,0x00000000,0,0,0000000000000000000000828013300000000000000000
1592,0x00000110103,0x000000d717f,0x000000000,0x00e01fe4,0x31f1d061,0,0,0000044040c00000d717f0000000000700ff231f1d0610
1593,0x00000111107,0x00000000000,0x020c004ec,0x00000000,0x00000000,0,0,0000044441c00000000000830013b00000000000000000
1594,0x0000011210b,0x00000000000,0x255523423,0x00000000,0x00000000,0,0,0000044842c000000000095548d08c0000000000000000
1595,0x0000011310f,0x00000000000,0x023c0080c,0x01004024,0x00000000,0,0,0000044c43c000000000008f0020300802012000000000
1596,0x00000114113,0x00000000000,0x023e0082c,0x01208064,0x00000000,0,0,0000045044c000000000008f8020b00904032000000000
1597,0x00000115117,0x00000000000,0x02400084c,0x0c4c2c02,0x00000000,0,0,0000045445c00000000000900021306261601000000000
1598,0x0000011611b,0x00000000000,0x255923443,0x00000000,0x32321061,0,0,0000045846c000000000095648d10c0000000323210610
1599,0x0000011711f,0x00000000000,0x02420086c,0x00000000,0x00000000,0,0,0000045c47c00000000000908021b00000000000000000
1600,0x00000000000,0x00000000000,0x0246008ac,0x0140c0a4,0x00000000,0,0,0000000000000000000000918022b00a06052000000000
1601,0x00000000000,0x00000000000,0x02440088c,0x00000000,0x00000000,0,0,0000000000000000000000910022300000000000000000
1602,0x00000000000,0x00000000000,0x255d23463,0x016100e4,0x00000000,0,0,00000000000000000000095748d18c0b08072000000000
1603,0x00000000000,0x00000000000,0x0248008cc,0x04c3e3c4,0x00000000,0,0,000000000000000000000092002330261f1e2000000000
1604,0x00000000000,0x00000000000,0x02e60112b,0x00000000,0x2c6c4009,0,0,0000000000000000000000b98044ac00000002c6c40090
1605,0x00000000000,0x00000000000,0x024a008ec,0x00000000,0x32725061,0,0,0000000000000000000000928023b00000000327250610
1606,0x00000000000,0x00000000000,0x256123483,0x00000000,0x00000000,0,0,00000000000000000000095848d20c0000000000000000
1607,0x00000000000,0x00000000000,0x000000000,0x01814124,0x00000000,0,0,0000000000000000000000000000000c0a092000000000
1608,0x00000000000,0x00000000000,0x000000000,0x04e42404,0x00000000,0,0,0000000000000000000000000000002721202000000000
1609,0x00000000000,0x00000000000,0x000000000,0x05046444,0x00000000,0,0,0000000000000000000000000000002823222000000000
1610,0x00000000000,0x00000000000,0x02ea011ab,0x00000000,0x00000000,0,0,0000000000000000000000ba8046ac0000000000000000
1611,0x00000000000,0x00000000000,0x2565234a3,0x00000000,0x32b29061,0,0,00000000000000000000095948d28c000000032b290610
1612,0x00000000000,0x00000000000,0x000000000,0x0524a484,0x00000000,0,0,0000000000000000000000000000002925242000000000
1613,0x00000000000,0x00000000000,0x000000000,0x00000000,0x00000000,0,0,0000000000000000000000000000000000000000000000
1614,0x00000000000,0x00000000000,0x000000000,0x01a18164,0x00000000,0,0,0000000000000000000000000000000d0c0b2000000000
1615,0x00000000000,0x00000000000,0x2569234c3,0x0544e4c4,0x00000000,0,0,00000000000000000000095a48d30c2a27262000000000
1616,0x00000000000,0x00000000000,0x02e80116b,0x00000000,0x00000000,0,0,0000000000000000000000ba0045ac0000000000000000
1617,0x00000000000,0x00000000000,0x000000000,0x00000000,0x32f2d061,0,0,000000000000000000000000000000000000032f2d0610
1618,0x00000000000,0x00000000000,0x000000000,0x00000000,0x00000000,0,0,0000000000000000000000000000000000000000000000
1619,0x00000000000,0x00000000000,0x256d234e3,0x00000000,0x00000000,0,0,00000000000000000000095b48d38c0000000000000000
1620,0x00000000000,0x00000000000,0x000000000,0x05652504,0x00000000,0,0,0000000000000000000000000000002b29282000000000
1621,0x00000000000,0x00000000000,0x000000000,0x00000000,0x00000000,0,0,0000000000000000000000000000000000000000000000
1622,0x00000000000,0x00000000000,0x02ec011eb,0x00000000,0x00000000,0,0,0000000000000000000000bb0047ac0000000000000000
1623,0x00000000000,0x00000000000,0x259561823,0x00000000,0x35351061,0,0,00000000000000000000096558608c0000000353510610
1624,0x00000000000,0x00000000000,0x000000000,0x00000000,0x00000000,0,0,0000000000000000000000000000000000000000000000
1625,0x00000000000,0x00000000000,0x000000000,0x00000000,0x00000000,0,0,0000000000000000000000000000000000000000000000
1626,0x00000000000,0x00000000000,0x000000000,0x00000000,0x00000000,0,0,0000000000000000000000000000000000000000000000
1627,0x00000000000,0x00000000000,0x24f0c6d03,0x00000000,0x00000000,0,0,00000000000000000000093c31b40c0000000000000000
1628,0x00000000000,0x00000000000,0x02ee0122b,0x0f6e8e62,0x00000000,0,0,0000000000000000000000bb8048ac7b74731000000000
1629,0x00000000000,0x00000000000,0x000000000,0x05856544,0x35755061,0,0,0000000000000000000000000000002c2b2a2357550610
1630,0x00000000000,0x00000000000,0x000000000,0x00000000,0x00000000,0,0,0000000000000000000000000000000000000000000000
1631,0x00000000000,0x00000000000,0x24f4c6d83,0x00000000,0x00000000,0,0,00000000000000000000093d31b60c0000000000000000
1632,0x00000000000,0x00000000000,0x000000000,0x00000000,0x00000000,0,0,0000000000000000000000000000000000000000000000
1633,0x00000000000,0x00000000000,0x000000000,0x00000000,0x00000000,0,0,0000000000000000000000000000000000000000000000
1634,0x00000000000,0x00000000000,0x000000000,0x0f8ecea2,0x00000000,0,0,0000000000000000000000000000007c76751000000000
1635,0x00000000000,0x00000000000,0x24f2c6d43,0x00000000,0x35b59061,0,0,00000000000000000000093cb1b50c000000035b590610
1636,0x00000000000,0x00000000000,0x02f00126b,0x00000000,0x00000000,0,0,0000000000000000000000bc0049ac0000000000000000
1637,0x00000000000,0x000000d81e3,0x000000000,0x00000000,0x00000000,0,0,0000000000000000d81e30000000000000000000000000
1638,0x00000000000,0x00000000000,0x000000000,0x00000000,0x00000000,0,0,0000000000000000000000000000000000000000000000
1639,0x00000000000,0x00000000000,0x24f6c6dc3,0x00000000,0x00000000,0,0,00000000000000000000093db1b70c0000000000000000
1640,0x00000000000,0x00000000000,0x000000000,0x00000000,0x00000000,0,0,0000000000000000000000000000000000000000000000
1641,0x00000000000,0x000000da1eb,0x02f2012ab,0x0fef8f62,0x36361061,0,0,0000000000000000da1eb0bc804aac7f7c7b1363610610
1642,0x00000000000,0x00000000000,0x000000000,0x00000000,0x00000000,0,0,0000000000000000000000000000000000000000000000
1643,0x00000000000,0x00000000000,0x24f8c6e03,0x00000000,0x00000000,0,0,00000000000000000000093e31b80c0000000000000000
1644,0x00000000000,0x00000000000,0x000000000,0x00000000,0x00000000,0,0,0000000000000000000000000000000000000000000000
1645,0x00000000000,0x000000d91e7,0x000000000,0x00000000,0x00000000,0,0,0000000000000000d91e70000000000000000000000000
1646,0x00000000000,0x00000000000,0x000000000,0x00000000,0x00000000,0,0,0000000000000000000000000000000000000000000000
1647,0x00000000000,0x00000000000,0x24fac6e43,0x00000000,0x36b69061,0,0,00000000000000000000093eb1b90c000000036b690610
1648,0x00000000000,0x00000000000,0x02f4012eb,0x0faf0ee2,0x00000000,0,0,0000000000000000000000bd004bac7d78771000000000
1649,0x00000000000,0x000000db1ef,0x000000000,0x00000000,0x00000000,0,0,0000000000000000db1ef0000000000000000000000000
1650,0x00000000000,0x00000000000,0x000000000,0x00000000,0x00000000,0,0,0000000000000000000000000000000000000000000000
1651,0x00000000000,0x00000000000,0x24fcc6e83,0x00000000,0x00000000,0,0,00000000000000000000093f31ba0c0000000000000000
1652,0x00000000000,0x00000000000,0x000000000,0x00000000,0x00000000,0,0,0000000000000000000000000000000000000000000000
1653,0x00000000000,0x000000dc1f3,0x03240152b,0x00000000,0x35f5d061,0,0,0000000000000000dc1f30c90054ac000000035f5d0610
1654,0x00000000000,0x00000000000,0x000000000,0x00000000,0x00000000,0,0,0000000000000000000000000000000000000000000000
1655,0x00000000000,0x00000000000,0x24fec6ec3,0x00000000,0x00000000,0,0,00000000000000000000093fb1bb0c0000000000000000
1656,0x00000000000,0x00000000000,0x000000000,0x00000000,0x00000000,0,0,0000000000000000000000000000000000000000000000
1657,0x00000000000,0x000000dd1f7,0x000000000,0x00000000,0x00000000,0,0,0000000000000000dd1f70000000000000000000000000
1658,0x00000000000,0x00000000000,0x000000000,0x00000000,0x00000000,0,0,0000000000000000000000000000000000000000000000
1659,0x00000000000,0x00000000000,0x03260156b,0x00000000,0x36765061,0,0,0000000000000000000000c98055ac0000000367650610
1660,0x00000000000,0x00000000000,0x259161803,0x0fcf4f22,0x00000000,0,0,00000000000000000000096458600c7e7a791000000000
1661,0x00000000000,0x000000de1fb,0x000000000,0x00000000,0x00000000,0,0,0000000000000000de1fb0000000000000000000000000
1662,0x00000000000,0x00000000000,0x000000000,0x00000000,0x00000000,0,0,0000000000000000000000000000000000000000000000
1663,0x00000000000,0x00000000000,0x000000000,0x00000000,0x00000000,0,0,0000000000000000000000000000000000000000000000
1664,0x00000000000,0x00000000000,0x259961843,0x00000000,0x00000000,0,0,00000000000000000000096658610c0000000000000000
1665,0x00000118183,0x000000df1ff,0x0328015ab,0x00000000,0x36f6d061,0,0,0000046060c00000df1ff0ca0056ac000000036f6d0610
1666,0x00000119187,0x00000000000,0x000000000,0x00000000,0x00000000,0,0,0000046461c00000000000000000000000000000000000
1667,0x0000011a18b,0x00000000000,0x000000000,0x100fcfa2,0x00000000,0,0,0000046862c0000000000000000000807e7d1000000000
1668,0x0000011b18f,0x00000000000,0x259d61863,0x00000000,0x00000000,0,0,0000046c63c000000000096758618c0000000000000000
1669,0x0000011c193,0x00000000000,0x027a00c0c,0x00000000,0x00000000,0,0,0000047064c000000000009e8030300000000000000000
1670,0x0000011d197,0x00000000000,0x027c00c2c,0x00000000,0x00000000,0,0,0000047465c000000000009f0030b00000000000000000
1671,0x0000011e19b,0x00000000000,0x032c0162b,0x13527242,0x39391061,0,0,0000047866c00000000000cb0058ac9a93921393910610
1672,0x0000011f19f,0x00000000000,0x25a161883,0x00000000,0x00000000,0,0,0000047c67c000000000096858620c0000000000000000
1673,0x00000000000,0x00000000000,0x027e00c4c,0x00000000,0x00000000,0,0,00000000000000000000009f8031300000000000000000
1674,0x00000000000,0x00000000000,0x028000c6c,0x10300fe2,0x00000000,0,0,0000000000000000000000a00031b081807f1000000000
1675,0x00000000000,0x00000000000,0x028200c8c,0x00000000,0x00000000,0,0,0000000000000000000000a08032300000000000000000
1676,0x00000000000,0x00000000000,0x25a5618a3,0x00000000,0x00000000,0,0,00000000000000000000096958628c0000000000000000
1677,0x00000000000,0x00000000000,0x0330016ab,0x08a7c7a4,0x39795061,0,0,0000000000000000000000cc005aac453e3d2397950610
1678,0x00000000000,0x00000000000,0x028400cac,0x00000000,0x00000000,0,0,0000000000000000000000a10032b00000000000000000
1679,0x00000000000,0x00000000000,0x028600ccc,0x00000000,0x00000000,0,0,0000000000000000000000a18033300000000000000000
1680,0x00000000000,0x00000000000,0x25a9618c3,0x00000000,0x00000000,0,0,00000000000000000000096a58630c0000000000000000
1681,0x00000000000,0x00000000000,0x028800cec,0x08c807e4,0x30502009,0,0,0000000000000000000000a20033b046403f2305020090
1682,0x00000000000,0x00000000000,0x000000000,0x00000000,0x00000000,0,0,0000000000000000000000000000000000000000000000
1683,0x00000000000,0x00000000000,0x032a015eb,0x00000000,0x39b99061,0,0,0000000000000000000000ca8057ac000000039b990610
1684,0x00000000000,0x00000000000,0x25ad618e3,0x00000000,0x00000000,0,0,00000000000000000000096b58638c0000000000000000
1685,0x00000000000,0x00000000000,0x000000000,0x08e84824,0x00000000,0,0,0000000000000000000000000000004742412000000000
1686,0x00000000000,0x00000000000,0x000000000,0x00000000,0x00000000,0,0,0000000000000000000000000000000000000000000000
1687,0x00000000000,0x00000000000,0x000000000,0x00000000,0x00000000,0,0,0000000000000000000000000000000000000000000000
1688,0x00000000000,0x00000000000,0x25d19fc03,0x00000000,0x00000000,0,0,00000000000000000000097467f00c0000000000000000
1689,0x00000000000,0x00000000000,0x032e0166b,0x09088864,0x39f9d061,0,0,0000000000000000000000cb8059ac484443239f9d0610
1690,0x00000000000,0x00000000000,0x000000000,0x0928c8a4,0x00000000,0,0,0000000000000000000000000000004946452000000000
1691,0x00000000000,0x00000000000,0x000000000,0x00000000,0x00000000,0,0,0000000000000000000000000000000000000000000000
1692,0x00000000000,0x00000000000,0x25d59fc23,0x00000000,0x00000000,0,0,00000000000000000000097567f08c0000000000000000
1693,0x00000000000,0x00000000000,0x000000000,0x00000000,0x00000000,0,0,0000000000000000000000000000000000000000000000
1694,0x00000000000,0x00000000000,0x000000000,0x00000000,0x00000000,0,0,0000000000000000000000000000000000000000000000
1695,0x00000000000,0x00000000000,0x0332016eb,0x1372b282,0x3a3a1061,0,0,0000000000000000000000cc805bac9b959413a3a10610
1696,0x00000000000,0x00000000000,0x25d99fc43,0x00000000,0x00000000,0,0,00000000000000000000097667f10c0000000000000000
1697,0x00000000000,0x00000000000,0x000000000,0x094908e4,0x00000000,0,0,0000000000000000000000000000004a48472000000000
1698,0x00000000000,0x00000000000,0x000000000,0x00000000,0x00000000,0,0,0000000000000000000000000000000000000000000000
1699,0x00000000000,0x00000000000,0x000000000,0x00000000,0x00000000,0,0,0000000000000000000000000000000000000000000000
1700,0x00000000000,0x00000000000,0x25dd9fc63,0x00000000,0x00000000,0,0,00000000000000000000097767f18c0000000000000000
1701,0x00000000000,0x00000000000,0x03620192b,0x1392f2c2,0x3a7a5061,0,0,0000000000000000000000d88064ac9c979613a7a50610
1702,0x00000000000,0x00000000000,0x000000000,0x13d37342,0x00000000,0,0,0000000000000000000000000000009e9b9a1000000000
1703,0x00000000000,0x00000000000,0x000000000,0x00000000,0x00000000,0,0,0000000000000000000000000000000000000000000000
1704,0x00000000000,0x00000000000,0x253105103,0x00000000,0x00000000,0,0,00000000000000000000094c41440c0000000000000000
1705,0x00000000000,0x00000000000,0x000000000,0x09694924,0x00000000,0,0,0000000000000000000000000000004b4a492000000000
1706,0x00000000000,0x00000000000,0x000000000,0x00000000,0x00000000,0,0,0000000000000000000000000000000000000000000000
1707,0x00000000000,0x00000000000,0x03640196b,0x13b33302,0x3aba9061,0,0,0000000000000000000000d90065ac9d999813aba90610
1708,0x00000000000,0x00000000000,0x253305143,0x00000000,0x00000000,0,0,00000000000000000000094cc1450c0000000000000000
1709,0x00000000000,0x00000000000,0x000000000,0x00000000,0x00000000,0,0,0000000000000000000000000000000000000000000000
1710,0x00000000000,0x00000000000,0x000000000,0x00000000,0x00000000,0,0,0000000000000000000000000000000000000000000000
1711,0x00000000000,0x00000000000,0x000000000,0x00000000,0x00000000,0,0,0000000000000000000000000000000000000000000000
1712,0x00000000000,0x00000000000,0x253505183,0x00000000,0x00000000,0,0,00000000000000000000094d41460c0000000000000000
1713,0x00000000000,0x00000000000,0x0366019ab,0x00000000,0x3afad061,0,0,0000000000000000000000d98066ac00000003afad0610
1714,0x00000000000,0x000000e0263,0x000000000,0x13f3b382,0x00000000,0,0,0000000000000000e02630000000009f9d9c1000000000
1715,0x00000000000,0x00000000000,0x000000000,0x00000000,0x00000000,0,0,0000000000000000000000000000000000000000000000
1716,0x00000000000,0x00000000000,0x2537051c3,0x00000000,0x00000000,0,0,00000000000000000000094dc1470c0000000000000000
1717,0x00000000000,0x00000000000,0x000000000,0x00000000,0x00000000,0,0,0000000000000000000000000000000000000000000000
1718,0x00000000000,0x000000e1267,0x000000000,0x00000000,0x00000000,0,0,0000000000000000e12670000000000000000000000000
1719,0x00000000000,0x00000000000,0x0368019eb,0x17365622,0x3d3d1061,0,0,0000000000000000000000da0067acb9b2b113d3d10610
1720,0x00000000000,0x00000000000,0x253905203,0x00000000,0x00000000,0,0,00000000000000000000094e41480c0000000000000000
1721,0x00000000000,0x00000000000,0x000000000,0x1413f3c2,0x00000000,0,0,000000000000000000000000000000a09f9e1000000000
1722,0x00000000000,0x000000e226b,0x000000000,0x00000000,0x00000000,0,0,0000000000000000e226b0000000000000000000000000
1723,0x00000000000,0x00000000000,0x000000000,0x00000000,0x00000000,0,0,0000000000000000000000000000000000000000000000
1724,0x00000000000,0x00000000000,0x253b05243,0x00000000,0x00000000,0,0,00000000000000000000094ec1490c0000000000000000
1725,0x00000000000,0x00000000000,0x036a01a2b,0x00000000,0x3d7d5061,0,0,0000000000000000000000da8068ac00000003d7d50610
1726,0x00000000000,0x000000e326f,0x000000000,0x00000000,0x00000000,0,0,0000000000000000e326f0000000000000000000000000
1727,0x00000000000,0x00000000000,0x000000000,0x00000000,0x00000000,0,0,0000000000000000000000000000000000000000000000
1728,0x00000000000,0x00000000000,0x253d05283,0x00000000,0x34340009,0,0,00000000000000000000094f414a0c0000000343400090
1729,0x00000000000,0x00000000000,0x000000000,0x00000000,0x00000000,0,0,0000000000000000000000000000000000000000000000
1730,0x00000000000,0x000000e4273,0x000000000,0x00000000,0x00000000,0,0,0000000000000000e42730000000000000000000000000
1731,0x00000000000,0x00000000000,0x036c01a6b,0x17569662,0x3dbd9061,0,0,0000000000000000000000db0069acbab4b313dbd90610
1732,0x00000000000,0x00000000000,0x253f052c3,0x00000000,0x00000000,0,0,00000000000000000000094fc14b0c0000000000000000
1733,0x00000000000,0x00000000000,0x000000000,0x00000000,0x00000000,0,0,0000000000000000000000000000000000000000000000
1734,0x00000000000,0x000000e5277,0x000000000,0x00000000,0x00000000,0,0,0000000000000000e52770000000000000000000000000
1735,0x00000000000,0x00000000000,0x000000000,0x00000000,0x00000000,0,0,0000000000000000000000000000000000000000000000
1736,0x00000000000,0x00000000000,0x25e19fc83,0x00000000,0x00000000,0,0,00000000000000000000097867f20c0000000000000000
1737,0x00000000000,0x00000000000,0x036e01aab,0x00000000,0x3dfdd061,0,0,0000000000000000000000db806aac00000003dfdd0610
1738,0x00000000000,0x000000e627b,0x000000000,0x17b75722,0x00000000,0,0,0000000000000000e627b000000000bdbab91000000000
1739,0x00000000000,0x00000000000,0x000000000,0x00000000,0x00000000,0,0,0000000000000000000000000000000000000000000000
1740,0x00000000000,0x00000000000,0x25e59fca3,0x00000000,0x00000000,0,0,00000000000000000000097967f28c0000000000000000
1741,0x00000000000,0x00000000000,0x000000000,0x00000000,0x00000000,0,0,0000000000000000000000000000000000000000000000
1742,0x00000120203,0x000000e727f,0x000000000,0x00000000,0x00000000,0,0,0000048080c00000e727f0000000000000000000000000
1743,0x00000121207,0x00000000000,0x037001aeb,0x1776d6a2,0x00000000,0,0,0000048481c00000000000dc006bacbbb6b51000000000
1744,0x0000012220b,0x00000000000,0x25e99fcc3,0x00000000,0x00000000,0,0,0000048882c000000000097a67f30c0000000000000000
1745,0x0000012320f,0x00000000000,0x02b80100c,0x00000000,0x00000000,0,0,0000048c83c00000000000ae0040300000000000000000
1746,0x00000124213,0x00000000000,0x02ba0102c,0x00000000,0x3e3e1061,0,0,0000049084c00000000000ae8040b000000003e3e10610
1747,0x00000125217,0x00000000000,0x02bc0104c,0x00000000,0x00000000,0,0,0000049485c00000000000af0041300000000000000000
1748,0x0000012621b,0x00000000000,0x25ed9fce3,0x00000000,0x00000000,0,0,0000049886c000000000097b67f38c0000000000000000
1749,0x0000012721f,0x00000000000,0x03a001d2b,0x00000000,0x00000000,0,0,0000049c87c00000000000e80074ac0000000000000000
1750,0x00000000000,0x00000000000,0x02be0106c,0x00000000,0x00000000,0,0,0000000000000000000000af8041b00000000000000000
1751,0x00000000000,0x00000000000,0x02c00108c,0x00000000,0x00000000,0,0,0000000000000000000000b00042300000000000000000
1752,0x00000000000,0x00000000000,0x02c2010ac,0x00000000,0x3e7e5061,0,0,0000000000000000000000b08042b000000003e7e50610
1753,0x00000000000,0x00000000000,0x02c4010cc,0x0c8bab84,0x00000000,0,0,0000000000000000000000b1004330645d5c2000000000
1754,0x00000000000,0x00000000000,0x257143503,0x00000000,0x00000000,0,0,00000000000000000000095c50d40c0000000000000000
1755,0x00000000000,0x00000000000,0x03a201d6b,0x179716e2,0x00000000,0,0,0000000000000000000000e88075acbcb8b71000000000
1756,0x00000000000,0x00000000000,0x02c6010ec,0x00000000,0x00000000,0,0,0000000000000000000000b18043b00000000000000000
1757,0x00000000000,0x00000000000,0x000000000,0x0cabebc4,0x00000000,0,0,000000000000000000000000000000655f5e2000000000
1758,0x00000000000,0x00000000000,0x257343543,0x00000000,0x3ebe9061,0,0,00000000000000000000095cd0d50c00000003ebe90610
1759,0x00000000000,0x00000000000,0x000000000,0x0ccc2c04,0x00000000,0,0,0000000000000000000000000000006661602000000000
1760,0x00000000000,0x00000000000,0x000000000,0x00000000,0x00000000,0,0,0000000000000000000000000000000000000000000000
1761,0x00000000000,0x00000000000,0x03a401dab,0x00000000,0x00000000,0,0,0000000000000000000000e90076ac0000000000000000
1762,0x00000000000,0x00000000000,0x257543583,0x17d79762,0x00000000,0,0,00000000000000000000095d50d60cbebcbb1000000000
1763,0x00000000000,0x00000000000,0x000000000,0x0cec6c44,0x00000000,0,0,0000000000000000000000000000006763622000000000
1764,0x00000000000,0x000000e82e3,0x000000000,0x0d0cac84,0x3efed061,0,0,0000000000000000e82e300000000068656423efed0610
1765,0x00000000000,0x00000000000,0x000000000,0x00000000,0x00000000,0,0,0000000000000000000000000000000000000000000000
1766,0x00000000000,0x00000000000,0x2577435c3,0x00000000,0x00000000,0,0,00000000000000000000095dd0d70c0000000000000000
1767,0x00000000000,0x00000000000,0x03a601deb,0x1b1a3a02,0x00000000,0,0,0000000000000000000000e98077acd8d1d01000000000
1768,0x00000000000,0x000000e92e7,0x000000000,0x00000000,0x00000000,0,0,0000000000000000e92e70000000000000000000000000
1769,0x00000000000,0x00000000000,0x000000000,0x17f7d7a2,0x00000000,0,0,000000000000000000000000000000bfbebd1000000000
1770,0x00000000000,0x00000000000,0x257943603,0x0d2cecc4,0x00000000,0,0,00000000000000000000095e50d80c6967662000000000
1771,0x00000000000,0x00000000000,0x000000000,0x00000000,0x00000000,0,0,0000000000000000000000000000000000000000000000
1772,0x00000000000,0x000000ea2eb,0x000000000,0x00000000,0x00000000,0,0,0000000000000000ea2eb0000000000000000000000000
1773,0x00000000000,0x00000000000,0x000000000,0x00000000,0x00000000,0,0,0000000000000000000000000000000000000000000000
1774,0x00000000000,0x00000000000,0x257b43643,0x00000000,0x00000000,0,0,00000000000000000000095ed0d90c0000000000000000
1775,0x00000000000,0x00000000000,0x000000000,0x00000000,0x00000000,0,0,0000000000000000000000000000000000000000000000
1776,0x00000000000,0x000000eb2ef,0x03a801e2b,0x00000000,0x3817e009,0,0,0000000000000000eb2ef0ea0078ac00000003817e0090
1777,0x00000000000,0x00000000000,0x000000000,0x0d4d2d04,0x00000000,0,0,0000000000000000000000000000006a69682000000000
1778,0x00000000000,0x00000000000,0x000000000,0x00000000,0x00000000,0,0,0000000000000000000000000000000000000000000000
1779,0x00000000000,0x00000000000,0x000000000,0x1b3a7a42,0x00000000,0,0,000000000000000000000000000000d9d3d21000000000
1780,0x00000000000,0x000000ec2f3,0x000000000,0x00000000,0x00000000,0,0,0000000000000000ec2f30000000000000000000000000
1781,0x00000000000,0x00000000000,0x000000000,0x00000000,0x00000000,0,0,0000000000000000000000000000000000000000000000
1782,0x00000000000,0x00000000000,0x03aa01e6b,0x00000000,0x00000000,0,0,0000000000000000000000ea8079ac0000000000000000
1783,0x00000000000,0x00000000000,0x000000000,0x00000000,0x00000000,0,0,0000000000000000000000000000000000000000000000
1784,0x00000000000,0x000000ed2f7,0x000000000,0x00000000,0x00000000,0,0,0000000000000000ed2f70000000000000000000000000
1785,0x00000000000,0x00000000000,0x000000000,0x00000000,0x00000000,0,0,0000000000000000000000000000000000000000000000
1786,0x00000000000,0x00000000000,0x000000000,0x1b9b3b02,0x00000000,0,0,000000000000000000000000000000dcd9d81000000000
1787,0x00000000000,0x00000000000,0x057d43683,0x00000000,0x00000000,0,0,00000000000000000000015f50da0c0000000000000000
1788,0x00000000000,0x00000000000,0x057f436c3,0x00000000,0x00000000,0,0,00000000000000000000015fd0db0c0000000000000000
1789,0x00000000000,0x00000000000,0x03ac01eab,0x00000000,0x00000000,0,0,0000000000000000000000eb007aac0000000000000000
1790,0x00000000000,0x00000000000,0x0411dc003,0x00000000,0x00000000,0,0,00000000000000000000010477000c0000000000000000
1791,0x00000000000,0x00000000000,0x0415dc023,0x00000000,0x00000000,0,0,00000000000000000000010577008c0000000000000000
1792,0x00000000000,0x00000000000,0x0419dc043,0x00000000,0x00000000,0,0,00000000000000000000010677010c0000000000000000
1793,0x00000000000,0x00000000000,0x041ddc063,0x00000000,0x00000000,0,0,00000000000000000000010777018c0000000000000000
1794,0x00000000000,0x000000ee2fb,0x03ae01eeb,0x00000000,0x00000000,0,0,0000000000000000ee2fb0eb807bac0000000000000000
1795,0x00000128283,0x000000ef2ff,0x0421dc083,0x1b5aba82,0x00000000,0,0,000004a0a0c00000ef2ff10877020cdad5d41000000000
1796,0x00000129287,0x00000000000,0x0425dc0a3,0x00000000,0x00000000,0,0,000004a4a1c000000000010977028c0000000000000000
1797,0x0000012b28f,0x00000000000,0x0429dc0c3,0x00000000,0x21211061,0,0,000004aca3c000000000010a77030c0000000212110610
1798,0x0000012a28b,0x00000000000,0x05b181903,0x00000000,0x00000000,0,0,000004a8a2c000000000016c60640c0000000000000000
1799,0x0000012d297,0x00000000000,0x05b381943,0x00000000,0x00000000,0,0,000004b4a5c000000000016ce0650c0000000000000000
1800,0x0000012c293,0x00000000000,0x05b581983,0x00000000,0x00000000,0,0,000004b0a4c000000000016d60660c0000000000000000
1801,0x0000012e29b,0x00000000000,0x05b7819c3,0x00000000,0x00000000,0,0,000004b8a6c000000000016de0670c0000000000000000
1802,0x0000012f29f,0x00000000000,0x05b981a03,0x00000000,0x00000000,0,0,000004bca7c000000000016e60680c0000000000000000
1803,0x00000000000,0x00000000000,0x05bb81a43,0x00000000,0x21a19061,0,0,00000000000000000000016ee0690c000000021a190610
1804,0x00000000000,0x00000000000,0x05bd81a83,0x00000000,0x00000000,0,0,00000000000000000000016f606a0c0000000000000000
1805,0x00000000000,0x000000f0363,0x25bf81ac3,0x00000000,0x00000000,0,0,0000000000000000f036396fe06b0c0000000000000000
1806,0x00000000000,0x000000f1367,0x02fa0144c,0x1b7afac2,0x00000000,0,0,0000000000000000f13670be805130dbd7d61000000000
1807,0x00000000000,0x000000f236b,0x02f60140c,0x00000000,0x00000000,0,0,0000000000000000f236b0bd8050300000000000000000
1808,0x00000000000,0x000000f336f,0x02f80142c,0x00000000,0x00000000,0,0,0000000000000000f336f0be0050b00000000000000000
1809,0x00000000000,0x000000f4373,0x242ddc0e3,0x00000000,0x21615061,0,0,0000000000000000f437390b77038c0000000216150610
1810,0x00000000000,0x000000f5377,0x02fc0146c,0x00000000,0x00000000,0,0,0000000000000000f53770bf0051b00000000000000000
1811,0x00000000000,0x000000f637b,0x02fe0148c,0x00000000,0x00000000,0,0,0000000000000000f637b0bf8052300000000000000000
1812,0x00000000000,0x00000000000,0x0300014ac,0x00000000,0x00000000,0,0,0000000000000000000000c00052b00000000000000000
1813,0x00000000000,0x00000000000,0x24501a403,0x1bbb7b42,0x00000000,0,0,00000000000000000000091406900cdddbda1000000000
1814,0x00000000000,0x00000000000,0x0302014cc,0x00000000,0x00000000,0,0,0000000000000000000000c08053300000000000000000
1815,0x00000130303,0x000000f737f,0x000000000,0x106f8f64,0x21e1d061,0,0,000004c0c0c00000f737f000000000837c7b221e1d0610
1816,0x00000131307,0x00000000000,0x0304014ec,0x00000000,0x00000000,0,0,000004c4c1c00000000000c10053b00000000000000000
1817,0x0000013230b,0x00000000000,0x24541a423,0x00000000,0x00000000,0,0,000004c8c2c000000000091506908c0000000000000000
1818,0x0000013330f,0x00000000000,0x03340180c,0x108fcfa4,0x00000000,0,0,000004ccc3c00000000000cd006030847e7d2000000000
1819,0x00000134313,0x00000000000,0x03360182c,0x10b00fe4,0x00000000,0,0,000004d0c4c00000000000cd8060b085807f2000000000
1820,0x00000135317,0x00000000000,0x03380184c,0x1bdbbb82,0x00000000,0,0,000004d4c5c00000000000ce006130dedddc1000000000
1821,0x0000013631b,0x00000000000,0x24581a443,0x00000000,0x22221061,0,0,000004d8c6c000000000091606910c0000000222210610
1822,0x0000013731f,0x00000000000,0x033a0186c,0x00000000,0x00000000,0,0,000004dcc7c00000000000ce8061b00000000000000000
1823,0x00000000000,0x00000000000,0x033e018ac,0x10d05024,0x00000000,0,0,0000000000000000000000cf8062b08682812000000000
1824,0x00000000000,0x00000000000,0x033c0188c,0x00000000,0x00000000,0,0,0000000000000000000000cf0062300000000000000000
1825,0x00000000000,0x00000000000,0x245c1a463,0x10f09064,0x00000000,0,0,00000000000000000000091706918c8784832000000000
1826,0x00000000000,0x00000000000,0x0340018cc,0x14537344,0x00000000,0,0,0000000000000000000000d0006330a29b9a2000000000
1827,0x00000000000,0x00000000000,0x03de0012b,0x00000000,0x3bfbc009,0,0,0000000000000000000000f78004ac00000003bfbc0090
1828,0x00000000000,0x00000000000,0x0342018ec,0x00000000,0x22625061,0,0,0000000000000000000000d08063b00000000226250610
1829,0x00000000000,0x00000000000,0x24601a483,0x00000000,0x00000000,0,0,00000000000000000000091806920c0000000000000000
1830,0x00000000000,0x00000000000,0x000000000,0x1110d0a4,0x00000000,0,0,0000000000000000000000000000008886852000000000
1831,0x00000000000,0x00000000000,0x000000000,0x1473b384,0x00000000,0,0,000000000000000000000000000000a39d9c2000000000
1832,0x00000000000,0x00000000000,0x000000000,0x1493f3c4,0x00000000,0,0,000000000000000000000000000000a49f9e2000000000
1833,0x00000000000,0x00000000000,0x03e2001ab,0x00000000,0x00000000,0,0,0000000000000000000000f88006ac0000000000000000
1834,0x00000000000,0x00000000000,0x24641a4a3,0x00000000,0x22a29061,0,0,00000000000000000000091906928c000000022a290610
1835,0x00000000000,0x00000000000,0x000000000,0x14b43404,0x00000000,0,0,000000000000000000000000000000a5a1a02000000000
1836,0x00000000000,0x00000000000,0x000000000,0x00000000,0x00000000,0,0,0000000000000000000000000000000000000000000000
1837,0x00000000000,0x00000000000,0x000000000,0x113110e4,0x00000000,0,0,0000000000000000000000000000008988872000000000
1838,0x00000000000,0x00000000000,0x24681a4c3,0x14d47444,0x00000000,0,0,00000000000000000000091a06930ca6a3a22000000000
1839,0x00000000000,0x00000000000,0x03e00016b,0x00000000,0x00000000,0,0,0000000000000000000000f80005ac0000000000000000
1840,0x00000000000,0x00000000000,0x000000000,0x00000000,0x22e2d061,0,0,000000000000000000000000000000000000022e2d0610
1841,0x00000000000,0x00000000000,0x000000000,0x00000000,0x00000000,0,0,0000000000000000000000000000000000000000000000
1842,0x00000000000,0x00000000000,0x246c1a4e3,0x00000000,0x00000000,0,0,00000000000000000000091b06938c0000000000000000
1843,0x00000000000,0x00000000000,0x000000000,0x14f4b484,0x00000000,0,0,000000000000000000000000000000a7a5a42000000000
1844,0x00000000000,0x00000000000,0x000000000,0x00000000,0x00000000,0,0,0000000000000000000000000000000000000000000000
1845,0x00000000000,0x00000000000,0x03e4001eb,0x00000000,0x00000000,0,0,0000000000000000000000f90007ac0000000000000000
1846,0x00000000000,0x00000000000,0x249458823,0x00000000,0x25251061,0,0,00000000000000000000092516208c0000000252510610
1847,0x00000000000,0x00000000000,0x000000000,0x00000000,0x00000000,0,0,0000000000000000000000000000000000000000000000
1848,0x00000000000,0x00000000000,0x000000000,0x00000000,0x00000000,0,0,0000000000000000000000000000000000000000000000
1849,0x00000000000,0x00000000000,0x000000000,0x00000000,0x00000000,0,0,0000000000000000000000000000000000000000000000
1850,0x00000000000,0x00000000000,0x25f1bfd03,0x00000000,0x00000000,0,0,00000000000000000000097c6ff40c0000000000000000
1851,0x00000000000,0x00000000000,0x03e60022b,0x1efe1de2,0x00000000,0,0,0000000000000000000000f98008acf7f0ef1000000000
1852,0x00000000000,0x00000000000,0x000000000,0x1514f4c4,0x25655061,0,0,000000000000000000000000000000a8a7a62256550610
1853,0x00000000000,0x00000000000,0x000000000,0x00000000,0x00000000,0,0,0000000000000000000000000000000000000000000000
1854,0x00000000000,0x00000000000,0x25f5bfd83,0x00000000,0x00000000,0,0,00000000000000000000097d6ff60c0000000000000000
1855,0x00000000000,0x00000000000,0x000000000,0x00000000,0x00000000,0,0,0000000000000000000000000000000000000000000000
1856,0x00000000000,0x00000000000,0x000000000,0x00000000,0x00000000,0,0,0000000000000000000000000000000000000000000000
1857,0x00000000000,0x00000000000,0x000000000,0x1f1e5e22,0x00000000,0,0,000000000000000000000000000000f8f2f11000000000
1858,0x00000000000,0x00000000000,0x25f3bfd43,0x00000000,0x25a59061,0,0,00000000000000000000097ceff50c000000025a590610
1859,0x00000000000,0x00000000000,0x03e80026b,0x00000000,0x00000000,0,0,0000000000000000000000fa0009ac0000000000000000
1860,0x00000000000,0x000000f83e3,0x000000000,0x00000000,0x00000000,0,0,0000000000000000f83e30000000000000000000000000
1861,0x00000000000,0x00000000000,0x000000000,0x00000000,0x00000000,0,0,0000000000000000000000000000000000000000000000
1862,0x00000000000,0x00000000000,0x25f7bfdc3,0x00000000,0x00000000,0,0,00000000000000000000097deff70c0000000000000000
1863,0x00000000000,0x00000000000,0x000000000,0x00000000,0x00000000,0,0,0000000000000000000000000000000000000000000000
1864,0x00000000000,0x000000fa3eb,0x03ea002ab,0x1f7f1ee2,0x26261061,0,0,0000000000000000fa3eb0fa800aacfbf8f71262610610
1865,0x00000000000,0x00000000000,0x000000000,0x00000000,0x00000000,0,0,0000000000000000000000000000000000000000000000
1866,0x00000000000,0x00000000000,0x25f9bfe03,0x00000000,0x00000000,0,0,00000000000000000000097e6ff80c0000000000000000
1867,0x00000000000,0x00000000000,0x000000000,0x00000000,0x00000000,0,0,0000000000000000000000000000000000000000000000
1868,0x00000000000,0x000000f93e7,0x000000000,0x00000000,0x00000000,0,0,0000000000000000f93e70000000000000000000000000
1869,0x00000000000,0x00000000000,0x000000000,0x00000000,0x00000000,0,0,0000000000000000000000000000000000000000000000
1870,0x00000000000,0x00000000000,0x25fbbfe43,0x00000000,0x26a69061,0,0,00000000000000000000097eeff90c000000026a690610
1871,0x00000000000,0x00000000000,0x03ec002eb,0x1f3e9e62,0x00000000,0,0,0000000000000000000000fb000bacf9f4f31000000000
1872,0x00000000000,0x000000fb3ef,0x000000000,0x00000000,0x00000000,0,0,0000000000000000fb3ef0000000000000000000000000
1873,0x00000000000,0x00000000000,0x000000000,0x00000000,0x00000000,0,0,0000000000000000000000000000000000000000000000
1874,0x00000000000,0x00000000000,0x25fdbfe83,0x00000000,0x00000000,0,0,00000000000000000000097f6ffa0c0000000000000000
1875,0x00000000000,0x00000000000,0x000000000,0x00000000,0x00000000,0,0,0000000000000000000000000000000000000000000000
1876,0x00000000000,0x000000fc3f3,0x021c0052b,0x00000000,0x25e5d061,0,0,0000000000000000fc3f30870014ac000000025e5d0610
1877,0x00000000000,0x00000000000,0x000000000,0x00000000,0x00000000,0,0,0000000000000000000000000000000000000000000000
1878,0x00000000000,0x00000000000,0x25ffbfec3,0x00000000,0x00000000,0,0,00000000000000000000097feffb0c0000000000000000
1879,0x00000000000,0x00000000000,0x000000000,0x00000000,0x00000000,0,0,0000000000000000000000000000000000000000000000
1880,0x00000000000,0x000000fd3f7,0x000000000,0x00000000,0x00000000,0,0,0000000000000000fd3f70000000000000000000000000
1881,0x00000000000,0x00000000000,0x000000000,0x00000000,0x00000000,0,0,0000000000000000000000000000000000000000000000
1882,0x00000000000,0x00000000000,0x021e0056b,0x00000000,0x26665061,0,0,0000000000000000000000878015ac0000000266650610
1883,0x00000000000,0x00000000000,0x249058803,0x1f5edea2,0x00000000,0,0,00000000000000000000092416200cfaf6f51000000000
1884,0x00000000000,0x000000fe3fb,0x000000000,0x00000000,0x00000000,0,0,0000000000000000fe3fb0000000000000000000000000
1885,0x00000000000,0x00000000000,0x000000000,0x00000000,0x00000000,0,0,0000000000000000000000000000000000000000000000
1886,0x00000000000,0x00000000000,0x000000000,0x00000000,0x00000000,0,0,0000000000000000000000000000000000000000000000
1887,0x00000000000,0x00000000000,0x249858843,0x00000000,0x00000000,0,0,00000000000000000000092616210c0000000000000000
1888,0x00000138383,0x000000ff3ff,0x0220005ab,0x00000000,0x26e6d061,0,0,000004e0e0c00000ff3ff0880016ac000000026e6d0610
1889,0x00000139387,0x00000000000,0x000000000,0x00000000,0x00000000,0,0,000004e4e1c00000000000000000000000000000000000
1890,0x0000013a38b,0x00000000000,0x000000000,0x1f9f5f22,0x00000000,0,0,000004e8e2c0000000000000000000fcfaf91000000000
1891,0x0000013b38f,0x00000000000,0x249c58863,0x00000000,0x00000000,0,0,000004ece3c000000000092716218c0000000000000000
1892,0x0000013c393,0x00000000000,0x037201c0c,0x00000000,0x00000000,0,0,000004f0e4c00000000000dc8070300000000000000000
1893,0x0000013d397,0x00000000000,0x037401c2c,0x00000000,0x00000000,0,0,000004f4e5c00000000000dd0070b00000000000000000
1894,0x0000013e39b,0x00000000000,0x02240062b,0x02c1e1c2,0x29291061,0,0,000004f8e6c00000000000890018ac160f0e1292910610
1895,0x0000013f39f,0x00000000000,0x24a058883,0x00000000,0x00000000,0,0,000004fce7c000000000092816220c0000000000000000
1896,0x00000000000,0x00000000000,0x037601c4c,0x00000000,0x00000000,0,0,0000000000000000000000dd8071300000000000000000
1897,0x00000000000,0x00000000000,0x037801c6c,0x1fbf9f62,0x00000000,0,0,0000000000000000000000de0071b0fdfcfb1000000000
1898,0x00000000000,0x00000000000,0x037a01c8c,0x00000000,0x00000000,0,0,0000000000000000000000de8072300000000000000000
1899,0x00000000000,0x00000000000,0x24a4588a3,0x00000000,0x00000000,0,0,00000000000000000000092916228c0000000000000000
1900,0x00000000000,0x00000000000,0x0228006ab,0x18375724,0x29695061,0,0,00000000000000000000008a001aacc1bab92296950610
1901,0x00000000000,0x00000000000,0x037c01cac,0x00000000,0x00000000,0,0,0000000000000000000000df0072b00000000000000000
1902,0x00000000000,0x00000000000,0x037e01ccc,0x00000000,0x00000000,0,0,0000000000000000000000df8073300000000000000000
1903,0x00000000000,0x00000000000,0x24a8588c3,0x00000000,0x00000000,0,0,00000000000000000000092a16230c0000000000000000
1904,0x00000000000,0x00000000000,0x038001cec,0x18579764,0x3fdfa009,0,0,0000000000000000000000e00073b0c2bcbb23fdfa0090
1905,0x00000000000,0x00000000000,0x000000000,0x00000000,0x00000000,0,0,0000000000000000000000000000000000000000000000
1906,0x00000000000,0x00000000000,0x0222005eb,0x00000000,0x29a99061,0,0,0000000000000000000000888017ac000000029a990610
1907,0x00000000000,0x00000000000,0x24ac588e3,0x00000000,0x00000000,0,0,00000000000000000000092b16238c0000000000000000
1908,0x00000000000,0x00000000000,0x000000000,0x1877d7a4,0x00000000,0,0,000000000000000000000000000000c3bebd2000000000
1909,0x00000000000,0x00000000000,0x000000000,0x00000000,0x00000000,0,0,0000000000000000000000000000000000000000000000
1910,0x00000000000,0x00000000000,0x000000000,0x00000000,0x00000000,0,0,0000000000000000000000000000000000000000000000
1911,0x00000000000,0x00000000000,0x24d096c03,0x00000000,0x00000000,0,0,00000000000000000000093425b00c0000000000000000
1912,0x00000000000,0x00000000000,0x02260066b,0x189817e4,0x29e9d061,0,0,0000000000000000000000898019acc4c0bf229e9d0610
1913,0x00000000000,0x00000000000,0x000000000,0x18b85824,0x00000000,0,0,000000000000000000000000000000c5c2c12000000000
1914,0x00000000000,0x00000000000,0x000000000,0x00000000,0x00000000,0,0,0000000000000000000000000000000000000000000000
1915,0x00000000000,0x00000000000,0x24d496c23,0x00000000,0x00000000,0,0,00000000000000000000093525b08c0000000000000000
1916,0x00000000000,0x00000000000,0x000000000,0x00000000,0x00000000,0,0,0000000000000000000000000000000000000000000000
1917,0x00000000000,0x00000000000,0x000000000,0x00000000,0x00000000,0,0,0000000000000000000000000000000000000000000000
1918,0x00000000000,0x00000000000,0x022a006eb,0x02e22202,0x2a2a1061,0,0,00000000000000000000008a801bac17111012a2a10610
1919,0x00000000000,0x00000000000,0x24d896c43,0x00000000,0x00000000,0,0,00000000000000000000093625b10c0000000000000000
1920,0x00000000000,0x00000000000,0x000000000,0x18d89864,0x00000000,0,0,000000000000000000000000000000c6c4c32000000000
1921,0x00000000000,0x00000000000,0x000000000,0x00000000,0x00000000,0,0,0000000000000000000000000000000000000000000000
1922,0x00000000000,0x00000000000,0x000000000,0x00000000,0x00000000,0,0,0000000000000000000000000000000000000000000000
1923,0x00000000000,0x00000000000,0x24dc96c63,0x00000000,0x00000000,0,0,00000000000000000000093725b18c0000000000000000
1924,0x00000000000,0x00000000000,0x025a0092b,0x03026242,0x2a6a5061,0,0,0000000000000000000000968024ac18131212a6a50610
1925,0x00000000000,0x00000000000,0x000000000,0x0342e2c2,0x00000000,0,0,0000000000000000000000000000001a17161000000000
1926,0x00000000000,0x00000000000,0x000000000,0x00000000,0x00000000,0,0,0000000000000000000000000000000000000000000000
1927,0x00000000000,0x00000000000,0x2431fc103,0x00000000,0x00000000,0,0,00000000000000000000090c7f040c0000000000000000
1928,0x00000000000,0x00000000000,0x000000000,0x18f8d8a4,0x00000000,0,0,000000000000000000000000000000c7c6c52000000000
1929,0x00000000000,0x00000000000,0x000000000,0x00000000,0x00000000,0,0,0000000000000000000000000000000000000000000000
1930,0x00000000000,0x00000000000,0x025c0096b,0x0322a282,0x2aaa9061,0,0,0000000000000000000000970025ac19151412aaa90610
1931,0x00000000000,0x00000000000,0x2433fc143,0x00000000,0x00000000,0,0,00000000000000000000090cff050c0000000000000000
1932,0x00000000000,0x00000000000,0x000000000,0x00000000,0x00000000,0,0,0000000000000000000000000000000000000000000000
1933,0x00000000000,0x00000000000,0x000000000,0x00000000,0x00000000,0,0,0000000000000000000000000000000000000000000000
1934,0x00000000000,0x00000000000,0x000000000,0x00000000,0x00000000,0,0,0000000000000000000000000000000000000000000000
1935,0x00000000000,0x00000000000,0x2435fc183,0x00000000,0x00000000,0,0,00000000000000000000090d7f060c0000000000000000
1936,0x00000000000,0x00000000000,0x025e009ab,0x00000000,0x2aead061,0,0,0000000000000000000000978026ac00000002aead0610
1937,0x00000000000,0x00000100063,0x000000000,0x03632302,0x00000000,0,0,0000000000000001000630000000001b19181000000000
1938,0x00000000000,0x00000000000,0x000000000,0x00000000,0x00000000,0,0,0000000000000000000000000000000000000000000000
1939,0x00000000000,0x00000000000,0x2437fc1c3,0x00000000,0x00000000,0,0,00000000000000000000090dff070c0000000000000000
1940,0x00000000000,0x00000000000,0x000000000,0x00000000,0x00000000,0,0,0000000000000000000000000000000000000000000000
1941,0x00000000000,0x00000101067,0x000000000,0x00000000,0x00000000,0,0,0000000000000001010670000000000000000000000000
1942,0x00000000000,0x00000000000,0x0260009eb,0x06a5c5a2,0x2d2d1061,0,0,0000000000000000000000980027ac352e2d12d2d10610
1943,0x00000000000,0x00000000000,0x2439fc203,0x00000000,0x00000000,0,0,00000000000000000000090e7f080c0000000000000000
1944,0x00000000000,0x00000000000,0x000000000,0x03836342,0x00000000,0,0,0000000000000000000000000000001c1b1a1000000000
1945,0x00000000000,0x0000010206b,0x000000000,0x00000000,0x00000000,0,0,00000000000000010206b0000000000000000000000000
1946,0x00000000000,0x00000000000,0x000000000,0x00000000,0x00000000,0,0,0000000000000000000000000000000000000000000000
1947,0x00000000000,0x00000000000,0x243bfc243,0x00000000,0x00000000,0,0,00000000000000000000090eff090c0000000000000000
1948,0x00000000000,0x00000000000,0x026200a2b,0x00000000,0x2d6d5061,0,0,0000000000000000000000988028ac00000002d6d50610
1949,0x00000000000,0x0000010306f,0x000000000,0x00000000,0x00000000,0,0,00000000000000010306f0000000000000000000000000
1950,0x00000000000,0x00000000000,0x000000000,0x00000000,0x00000000,0,0,0000000000000000000000000000000000000000000000
1951,0x00000000000,0x00000000000,0x243dfc283,0x00000000,0x23a38009,0,0,00000000000000000000090f7f0a0c000000023a380090
1952,0x00000000000,0x00000000000,0x000000000,0x00000000,0x00000000,0,0,0000000000000000000000000000000000000000000000
1953,0x00000000000,0x00000104073,0x000000000,0x00000000,0x00000000,0,0,0000000000000001040730000000000000000000000000
1954,0x00000000000,0x00000000000,0x026400a6b,0x06c605e2,0x2dad9061,0,0,0000000000000000000000990029ac36302f12dad90610
1955,0x00000000000,0x00000000000,0x243ffc2c3,0x00000000,0x00000000,0,0,00000000000000000000090fff0b0c0000000000000000
1956,0x00000000000,0x00000000000,0x000000000,0x00000000,0x00000000,0,0,0000000000000000000000000000000000000000000000
1957,0x00000000000,0x00000105077,0x000000000,0x00000000,0x00000000,0,0,0000000000000001050770000000000000000000000000
1958,0x00000000000,0x00000000000,0x000000000,0x00000000,0x00000000,0,0,0000000000000000000000000000000000000000000000
1959,0x00000000000,0x00000000000,0x24e096c83,0x00000000,0x00000000,0,0,00000000000000000000093825b20c0000000000000000
1960,0x00000000000,0x00000000000,0x026600aab,0x00000000,0x2dedd061,0,0,000000000000000000000099802aac00000002dedd0610
1961,0x00000000000,0x0000010607b,0x000000000,0x0726c6a2,0x00000000,0,0,00000000000000010607b0000000003936351000000000
1962,0x00000000000,0x00000000000,0x000000000,0x00000000,0x00000000,0,0,0000000000000000000000000000000000000000000000
1963,0x00000000000,0x00000000000,0x24e496ca3,0x00000000,0x00000000,0,0,00000000000000000000093925b28c0000000000000000
1964,0x00000000000,0x00000000000,0x000000000,0x00000000,0x00000000,0,0,0000000000000000000000000000000000000000000000
1965,0x00000140003,0x0000010707f,0x000000000,0x00000000,0x00000000,0,0,0000050000c000010707f0000000000000000000000000
1966,0x00000141007,0x00000000000,0x026800aeb,0x06e64622,0x00000000,0,0,0000050401c000000000009a002bac3732311000000000
1967,0x0000014200b,0x00000000000,0x24e896cc3,0x00000000,0x00000000,0,0,0000050802c000000000093a25b30c0000000000000000
1968,0x0000014300f,0x00000000000,0x03b00000c,0x00000000,0x00000000,0,0,0000050c03c00000000000ec0000300000000000000000
1969,0x00000144013,0x00000000000,0x03b20002c,0x00000000,0x2e2e1061,0,0,0000051004c00000000000ec8000b000000002e2e10610
1970,0x00000145017,0x00000000000,0x03b40004c,0x00000000,0x00000000,0,0,0000051405c00000000000ed0001300000000000000000
1971,0x0000014601b,0x00000000000,0x24ec96ce3,0x00000000,0x00000000,0,0,0000051806c000000000093b25b38c0000000000000000
1972,0x0000014701f,0x00000000000,0x029800d2b,0x00000000,0x00000000,0,0,0000051c07c00000000000a60034ac0000000000000000
1973,0x00000000000,0x00000000000,0x03b60006c,0x00000000,0x00000000,0,0,0000000000000000000000ed8001b00000000000000000
1974,0x00000000000,0x00000000000,0x03b80008c,0x00000000,0x00000000,0,0,0000000000000000000000ee0002300000000000000000
1975,0x00000000000,0x00000000000,0x03ba000ac,0x00000000,0x2e6e5061,0,0,0000000000000000000000ee8002b000000002e6e50610
1976,0x00000000000,0x00000000000,0x03bc000cc,0x1c1b3b04,0x00000000,0,0,0000000000000000000000ef000330e0d9d82000000000
1977,0x00000000000,0x00000000000,0x24703a503,0x00000000,0x00000000,0,0,00000000000000000000091c0e940c0000000000000000
1978,0x00000000000,0x00000000000,0x029a00d6b,0x07068662,0x00000000,0,0,0000000000000000000000a68035ac3834331000000000
1979,0x00000000000,0x00000000000,0x03be000ec,0x00000000,0x00000000,0,0,0000000000000000000000ef8003b00000000000000000
1980,0x00000000000,0x00000000000,0x000000000,0x1c3b7b44,0x00000000,0,0,000000000000000000000000000000e1dbda2000000000
1981,0x00000000000,0x00000000000,0x24723a543,0x00000000,0x2eae9061,0,0,00000000000000000000091c8e950c00000002eae90610
1982,0x00000000000,0x00000000000,0x000000000,0x1c5bbb84,0x00000000,0,0,000000000000000000000000000000e2dddc2000000000
1983,0x00000000000,0x00000000000,0x000000000,0x00000000,0x00000000,0,0,0000000000000000000000000000000000000000000000
1984,0x00000000000,0x00000000000,0x029c00dab,0x00000000,0x00000000,0,0,0000000000000000000000a70036ac0000000000000000
1985,0x00000000000,0x00000000000,0x24743a583,0x074706e2,0x00000000,0,0,00000000000000000000091d0e960c3a38371000000000
1986,0x00000000000,0x00000000000,0x000000000,0x1c7bfbc4,0x00000000,0,0,000000000000000000000000000000e3dfde2000000000
1987,0x00000000000,0x000001080e3,0x000000000,0x1c9c3c04,0x2eeed061,0,0,0000000000000001080e3000000000e4e1e022eeed0610
1988,0x00000000000,0x00000000000,0x000000000,0x00000000,0x00000000,0,0,0000000000000000000000000000000000000000000000
1989,0x00000000000,0x00000000000,0x24763a5c3,0x00000000,0x00000000,0,0,00000000000000000000091d8e970c0000000000000000
1990,0x00000000000,0x00000000000,0x029e00deb,0x0a89a982,0x00000000,0,0,0000000000000000000000a78037ac544d4c1000000000
1991,0x00000000000,0x000001090e7,0x000000000,0x00000000,0x00000000,0,0,0000000000000001090e70000000000000000000000000
1992,0x00000000000,0x00000000000,0x000000000,0x07674722,0x00000000,0,0,0000000000000000000000000000003b3a391000000000
1993,0x00000000000,0x00000000000,0x24783a603,0x1cbc7c44,0x00000000,0,0,00000000000000000000091e0e980ce5e3e22000000000
1994,0x00000000000,0x00000000000,0x000000000,0x00000000,0x00000000,0,0,0000000000000000000000000000000000000000000000
1995,0x00000000000,0x0000010a0eb,0x000000000,0x00000000,0x00000000,0,0,00000000000000010a0eb0000000000000000000000000
1996,0x00000000000,0x00000000000,0x000000000,0x00000000,0x00000000,0,0,0000000000000000000000000000000000000000000000
1997,0x00000000000,0x00000000000,0x247a3a643,0x00000000,0x00000000,0,0,00000000000000000000091e8e990c0000000000000000
1998,0x00000000000,0x00000000000,0x000000000,0x00000000,0x00000000,0,0,0000000000000000000000000000000000000000000000
1999,0x00000000000,0x0000010b0ef,0x02a000e2b,0x00000000,0x27876009,0,0,00000000000000010b0ef0a80038ac0000000278760090
2000,0x00000000000,0x00000000000,0x000000000,0x1cdcbc84,0x00000000,0,0,000000000000000000000000000000e6e5e42000000000
2001,0x00000000000,0x00000000000,0x000000000,0x00000000,0x00000000,0,0,0000000000000000000000000000000000000000000000
2002,0x00000000000,0x00000000000,0x000000000,0x0aa9e9c2,0x00000000,0,0,000000000000000000000000000000554f4e1000000000
2003,0x00000000000,0x0000010c0f3,0x000000000,0x00000000,0x00000000,0,0,00000000000000010c0f30000000000000000000000000
2004,0x00000000000,0x00000000000,0x000000000,0x00000000,0x00000000,0,0,0000000000000000000000000000000000000000000000
2005,0x00000000000,0x00000000000,0x02a200e6b,0x00000000,0x00000000,0,0,0000000000000000000000a88039ac0000000000000000
2006,0x00000000000,0x00000000000,0x000000000,0x00000000,0x00000000,0,0,0000000000000000000000000000000000000000000000
2007,0x00000000000,0x0000010d0f7,0x000000000,0x00000000,0x00000000,0,0,00000000000000010d0f70000000000000000000000000
2008,0x00000000000,0x00000000000,0x000000000,0x00000000,0x00000000,0,0,0000000000000000000000000000000000000000000000
2009,0x00000000000,0x00000000000,0x000000000,0x0b0aaa82,0x00000000,0,0,0000000000000000000000000000005855541000000000
2010,0x00000000000,0x00000000000,0x047c3a683,0x00000000,0x00000000,0,0,00000000000000000000011f0e9a0c0000000000000000
2011,0x00000000000,0x00000000000,0x047e3a6c3,0x00000000,0x00000000,0,0,00000000000000000000011f8e9b0c0000000000000000
2012,0x00000000000,0x00000000000,0x02a400eab,0x00000000,0x00000000,0,0,0000000000000000000000a9003aac0000000000000000
2013,0x00000000000,0x00000000000,0x0510d5003,0x00000000,0x00000000,0,0,00000000000000000000014435400c0000000000000000
2014,0x00000000000,0x00000000000,0x0514d5023,0x00000000,0x00000000,0,0,00000000000000000000014535408c0000000000000000
2015,0x00000000000,0x00000000000,0x0518d5043,0x00000000,0x00000000,0,0,00000000000000000000014635410c0000000000000000
2016,0x00000000000,0x00000000000,0x051cd5063,0x00000000,0x00000000,0,0,00000000000000000000014735418c0000000000000000
2017,0x00000000000,0x0000010e0fb,0x02a600eeb,0x00000000,0x00000000,0,0,00000000000000010e0fb0a9803bac0000000000000000
2018,0x00000148083,0x0000010f0ff,0x0520d5083,0x0aca2a02,0x00000000,0,0,0000052020c000010f0ff14835420c5651501000000000
2019,0x00000149087,0x00000000000,0x0524d50a3,0x00000000,0x00000000,0,0,0000052421c000000000014935428c0000000000000000
2020,0x0000014b08f,0x00000000000,0x0528d50c3,0x00000000,0x31311061,0,0,0000052c23c000000000014a35430c0000000313110610
2021,0x0000014a08b,0x00000000000,0x04b078903,0x00000000,0x00000000,0,0,0000052822c000000000012c1e240c0000000000000000
2022,0x0000014d097,0x00000000000,0x04b278943,0x00000000,0x00000000,0,0,0000053425c000000000012c9e250c0000000000000000
2023,0x0000014c093,0x00000000000,0x04b478983,0x00000000,0x00000000,0,0,0000053024c000000000012d1e260c0000000000000000
2024,0x0000014e09b,0x00000000000,0x04b6789c3,0x00000000,0x00000000,0,0,0000053826c000000000012d9e270c0000000000000000
2025,0x0000014f09f,0x00000000000,0x04b878a03,0x00000000,0x00000000,0,0,0000053c27c000000000012e1e280c0000000000000000
2026,0x00000000000,0x00000000000,0x04ba78a43,0x00000000,0x31b19061,0,0,00000000000000000000012e9e290c000000031b190610
2027,0x00000000000,0x00000000000,0x04bc78a83,0x00000000,0x00000000,0,0,00000000000000000000012f1e2a0c0000000000000000
2028,0x00000000000,0x00000110163,0x24be78ac3,0x00000000,0x00000000,0,0,00000000000000011016392f9e2b0c0000000000000000
2029,0x00000000000,0x00000111167,0x03f20044c,0x0aea6a42,0x00000000,0,0,0000000000000001111670fc8011305753521000000000
2030,0x00000000000,0x0000011216b,0x03ee0040c,0x00000000,0x00000000,0,0,00000000000000011216b0fb8010300000000000000000
2031,0x00000000000,0x0000011316f,0x03f00042c,0x00000000,0x00000000,0,0,00000000000000011316f0fc0010b00000000000000000
2032,0x00000000000,0x00000114173,0x252cd50e3,0x00000000,0x31715061,0,0,00000000000000011417394b35438c0000000317150610
2033,0x00000000000,0x00000115177,0x03f40046c,0x00000000,0x00000000,0,0,0000000000000001151770fd0011b00000000000000000
2034,0x00000000000,0x0000011617b,0x03f60048c,0x00000000,0x00000000,0,0,00000000000000011617b0fd8012300000000000000000
2035,0x00000000000,0x00000000000,0x03f8004ac,0x00000000,0x00000000,0,0,0000000000000000000000fe0012b00000000000000000
2036,0x00000000000,0x00000000000,0x255113403,0x0b2aeac2,0x00000000,0,0,00000000000000000000095444d00c5957561000000000
2037,0x00000000000,0x00000000000,0x03fa004cc,0x00000000,0x00000000,0,0,0000000000000000000000fe8013300000000000000000
2038,0x00000150103,0x0000011717f,0x000000000,0x1fff1ee4,0x31f1d061,0,0,0000054040c000011717f000000000fff8f7231f1d0610
2039,0x00000151107,0x00000000000,0x03fc004ec,0x00000000,0x00000000,0,0,0000054441c00000000000ff0013b00000000000000000
2040,0x0000015210b,0x00000000000,0x255513423,0x00000000,0x00000000,0,0,0000054842c000000000095544d08c0000000000000000
2041,0x0000015310f,0x00000000000,0x022c0080c,0x001f5f24,0x00000000,0,0,0000054c43c000000000008b00203000faf92000000000
2042,0x00000154113,0x00000000000,0x022e0082c,0x003f9f64,0x00000000,0,0,0000055044c000000000008b8020b001fcfb2000000000
2043,0x00000155117,0x00000000000,0x02300084c,0x0b4b2b02,0x00000000,0,0,0000055445c000000000008c0021305a59581000000000
2044,0x0000015611b,0x00000000000,0x255913443,0x00000000,0x32321061,0,0,0000055846c000000000095644d10c0000000323210610
2045,0x0000015711f,0x00000000000,0x02320086c,0x00000000,0x00000000,0,0,0000055c47c000000000008c8021b00000000000000000
2046,0x00000000000,0x00000000000,0x0236008ac,0x005fdfa4,0x00000000,0,0,00000000000000000000008d8022b002fefd2000000000
2047,0x00000000000,0x00000000000,0x02340088c,0x00000000,0x00000000,0,0,00000000000000000000008d0022300000000000000000
2048,0x00000000000,0x00000000000,0x255d13463,0x00601fe4,0x00000000,0,0,00000000000000000000095744d18c0300ff2000000000
2049,0x00000000000,0x00000000000,0x0238008cc,0x03c2e2c4,0x00000000,0,0,00000000000000000000008e0023301e17162000000000
2050,0x00000000000,0x00000000000,0x02d60112b,0x00000000,0x2b6b4009,0,0,0000000000000000000000b58044ac00000002b6b40090
2051,0x00000000000,0x00000000000,0x023a008ec,0x00000000,0x32725061,0,0,00000000000000000000008e8023b00000000327250610
2052,0x00000000000,0x00000000000,0x256113483,0x00000000,0x00000000,0,0,00000000000000000000095844d20c0000000000000000
2053,0x00000000000,0x00000000000,0x000000000,0x00804024,0x00000000,0,0,0000000000000000000000000000000402012000000000
2054,0x00000000000,0x00000000000,0x000000000,0x03e32304,0x00000000,0,0,0000000000000000000000000000001f19182000000000
2055,0x00000000000,0x00000000000,0x000000000,0x04036344,0x00000000,0,0,000000000000000000000000000000201b1a2000000000
2056,0x00000000000,0x00000000000,0x02da011ab,0x00000000,0x00000000,0,0,0000000000000000000000b68046ac0000000000000000
2057,0x00000000000,0x00000000000,0x2565134a3,0x00000000,0x32b29061,0,0,00000000000000000000095944d28c000000032b290610
2058,0x00000000000,0x00000000000,0x000000000,0x0423a384,0x00000000,0,0,000000000000000000000000000000211d1c2000000000
2059,0x00000000000,0x00000000000,0x000000000,0x00000000,0x00000000,0,0,0000000000000000000000000000000000000000000000
2060,0x00000000000,0x00000000000,0x000000000,0x00a08064,0x00000000,0,0,0000000000000000000000000000000504032000000000
2061,0x00000000000,0x00000000000,0x2569134c3,0x0443e3c4,0x00000000,0,0,00000000000000000000095a44d30c221f1e2000000000
2062,0x00000000000,0x00000000000,0x02d80116b,0x00000000,0x00000000,0,0,0000000000000000000000b60045ac0000000000000000
2063,0x00000000000,0x00000000000,0x000000000,0x00000000,0x32f2d061,0,0,000000000000000000000000000000000000032f2d0610
2064,0x00000000000,0x00000000000,0x000000000,0x00000000,0x00000000,0,0,0000000000000000000000000000000000000000000000
2065,0x00000000000,0x00000000000,0x256d134e3,0x00000000,0x00000000,0,0,00000000000000000000095b44d38c0000000000000000
2066,0x00000000000,0x00000000000,0x000000000,0x04642404,0x00000000,0,0,0000000000000000000000000000002321202000000000
2067,0x00000000000,0x00000000000,0x000000000,0x00000000,0x00000000,0,0,0000000000000000000000000000000000000000000000
2068,0x00000000000,0x00000000000,0x02dc011eb,0x00000000,0x00000000,0,0,0000000000000000000000b70047ac0000000000000000
2069,0x00000000000,0x00000000000,0x259551823,0x00000000,0x35351061,0,0,00000000000000000000096554608c0000000353510610
2070,0x00000000000,0x00000000000,0x000000000,0x00000000,0x00000000,0,0,0000000000000000000000000000000000000000000000
2071,0x00000000000,0x00000000000,0x000000000,0x00000000,0x00000000,0,0,0000000000000000000000000000000000000000000000
2072,0x00000000000,0x00000000000,0x000000000,0x00000000,0x00000000,0,0,0000000000000000000000000000000000000000000000
2073,0x00000000000,0x00000000000,0x24f0b6d03,0x00000000,0x00000000,0,0,00000000000000000000093c2db40c0000000000000000
2074,0x00000000000,0x00000000000,0x02de0122b,0x0e6d8d62,0x00000000,0,0,0000000000000000000000b78048ac736c6b1000000000
2075,0x00000000000,0x00000000000,0x000000000,0x04846444,0x35755061,0,0,0000000000000000000000000000002423222357550610
2076,0x00000000000,0x00000000000,0x000000000,0x00000000,0x00000000,0,0,0000000000000000000000000000000000000000000000
2077,0x00000000000,0x00000000000,0x24f4b6d83,0x00000000,0x00000000,0,0,00000000000000000000093d2db60c0000000000000000
2078,0x00000000000,0x00000000000,0x000000000,0x00000000,0x00000000,0,0,0000000000000000000000000000000000000000000000
2079,0x00000000000,0x00000000000,0x000000000,0x00000000,0x00000000,0,0,0000000000000000000000000000000000000000000000
2080,0x00000000000,0x00000000000,0x000000000,0x0e8dcda2,0x00000000,0,0,000000000000000000000000000000746e6d1000000000
2081,0x00000000000,0x00000000000,0x24f2b6d43,0x00000000,0x35b59061,0,0,00000000000000000000093cadb50c000000035b590610
2082,0x00000000000,0x00000000000,0x02e00126b,0x00000000,0x00000000,0,0,0000000000000000000000b80049ac0000000000000000
2083,0x00000000000,0x000001181e3,0x000000000,0x00000000,0x00000000,0,0,0000000000000001181e30000000000000000000000000
2084,0x00000000000,0x00000000000,0x000000000,0x00000000,0x00000000,0,0,0000000000000000000000000000000000000000000000
2085,0x00000000000,0x00000000000,0x24f6b6dc3,0x00000000,0x00000000,0,0,00000000000000000000093dadb70c0000000000000000
2086,0x00000000000,0x00000000000,0x000000000,0x00000000,0x00000000,0,0,0000000000000000000000000000000000000000000000
2087,0x00000000000,0x0000011a1eb,0x02e2012ab,0x0eee8e62,0x36361061,0,0,00000000000000011a1eb0b8804aac7774731363610610
2088,0x00000000000,0x00000000000,0x000000000,0x00000000,0x00000000,0,0,0000000000000000000000000000000000000000000000
2089,0x00000000000,0x00000000000,0x24f8b6e03,0x00000000,0x00000000,0,0,00000000000000000000093e2db80c0000000000000000
2090,0x00000000000,0x00000000000,0x000000000,0x00000000,0x00000000,0,0,0000000000000000000000000000000000000000000000
2091,0x00000000000,0x000001191e7,0x000000000,0x00000000,0x00000000,0,0,0000000000000001191e70000000000000000000000000
2092,0x00000000000,0x00000000000,0x000000000,0x00000000,0x00000000,0,0,0000000000000000000000000000000000000000000000
2093,0x00000000000,0x00000000000,0x24fab6e43,0x00000000,0x36b69061,0,0,00000000000000000000093eadb90c000000036b690610
2094,0x00000000000,0x00000000000,0x02e4012eb,0x0eae0de2,0x00000000,0,0,0000000000000000000000b9004bac75706f1000000000
2095,0x00000000000,0x0000011b1ef,0x000000000,0x00000000,0x00000000,0,0,00000000000000011b1ef0000000000000000000000000
2096,0x00000000000,0x00000000000,0x000000000,0x00000000,0x00000000,0,0,0000000000000000000000000000000000000000000000
2097,0x00000000000,0x00000000000,0x24fcb6e83,0x00000000,0x00000000,0,0,00000000000000000000093f2dba0c0000000000000000
2098,0x00000000000,0x00000000000,0x000000000,0x00000000,0x00000000,0,0,0000000000000000000000000000000000000000000000
2099,0x00000000000,0x0000011c1f3,0x03140152b,0x00000000,0x35f5d061,0,0,00000000000000011c1f30c50054ac000000035f5d0610
2100,0x00000000000,0x00000000000,0x000000000,0x00000000,0x00000000,0,0,0000000000000000000000000000000000000000000000
2101,0x00000000000,0x00000000000,0x24feb6ec3,0x00000000,0x00000000,0,0,00000000000000000000093fadbb0c0000000000000000
2102,0x00000000000,0x00000000000,0x000000000,0x00000000,0x00000000,0,0,0000000000000000000000000000000000000000000000
2103,0x00000000000,0x0000011d1f7,0x000000000,0x00000000,0x00000000,0,0,00000000000000011d1f70000000000000000000000000
2104,0x00000000000,0x00000000000,0x000000000,0x00000000,0x00000000,0,0,0000000000000000000000000000000000000000000000
2105,0x00000000000,0x00000000000,0x03160156b,0x00000000,0x36765061,0,0,0000000000000000000000c58055ac0000000367650610
2106,0x00000000000,0x00000000000,0x259151803,0x0ece4e22,0x00000000,0,0,00000000000000000000096454600c7672711000000000
2107,0x00000000000,0x0000011e1fb,0x000000000,0x00000000,0x00000000,0,0,00000000000000011e1fb0000000000000000000000000
2108,0x00000000000,0x00000000000,0x000000000,0x00000000,0x00000000,0,0,0000000000000000000000000000000000000000000000
2109,0x00000000000,0x00000000000,0x000000000,0x00000000,0x00000000,0,0,0000000000000000000000000000000000000000000000
2110,0x00000000000,0x00000000000,0x259951843,0x00000000,0x00000000,0,0,00000000000000000000096654610c0000000000000000
2111,0x00000158183,0x0000011f1ff,0x0318015ab,0x00000000,0x36f6d061,0,0,0000056060c000011f1ff0c60056ac000000036f6d0610
2112,0x00000159187,0x00000000000,0x000000000,0x00000000,0x00000000,0,0,0000056461c00000000000000000000000000000000000
2113,0x0000015a18b,0x00000000000,0x000000000,0x0f0ecea2,0x00000000,0,0,0000056862c00000000000000000007876751000000000
2114,0x0000015b18f,0x00000000000,0x259d51863,0x00000000,0x00000000,0,0,0000056c63c000000000096754618c0000000000000000
2115,0x0000015c193,0x00000000000,0x026a00c0c,0x00000000,0x00000000,0,0,0000057064c000000000009a8030300000000000000000
2116,0x0000015d197,0x00000000000,0x026c00c2c,0x00000000,0x00000000,0,0,0000057465c000000000009b0030b00000000000000000
2117,0x0000015e19b,0x00000000000,0x031c0162b,0x12517142,0x39391061,0,0,0000057866c00000000000c70058ac928b8a1393910610
2118,0x0000015f19f,0x00000000000,0x25a151883,0x00000000,0x00000000,0,0,0000057c67c000000000096854620c0000000000000000
2119,0x00000000000,0x00000000000,0x026e00c4c,0x00000000,0x00000000,0,0,00000000000000000000009b8031300000000000000000
2120,0x00000000000,0x00000000000,0x027000c6c,0x0f2f0ee2,0x00000000,0,0,00000000000000000000009c0031b07978771000000000
2121,0x00000000000,0x00000000000,0x027200c8c,0x00000000,0x00000000,0,0,00000000000000000000009c8032300000000000000000
2122,0x00000000000,0x00000000000,0x25a5518a3,0x00000000,0x00000000,0,0,00000000000000000000096954628c0000000000000000
2123,0x00000000000,0x00000000000,0x0320016ab,0x07a6c6a4,0x39795061,0,0,0000000000000000000000c8005aac3d36352397950610
2124,0x00000000000,0x00000000000,0x027400cac,0x00000000,0x00000000,0,0,00000000000000000000009d0032b00000000000000000
2125,0x00000000000,0x00000000000,0x027600ccc,0x00000000,0x00000000,0,0,00000000000000000000009d8033300000000000000000
2126,0x00000000000,0x00000000000,0x25a9518c3,0x00000000,0x00000000,0,0,00000000000000000000096a54630c0000000000000000
2127,0x00000000000,0x00000000000,0x027800cec,0x07c706e4,0x2f4f2009,0,0,00000000000000000000009e0033b03e383722f4f20090
2128,0x00000000000,0x00000000000,0x000000000,0x00000000,0x00000000,0,0,0000000000000000000000000000000000000000000000
2129,0x00000000000,0x00000000000,0x031a015eb,0x00000000,0x39b99061,0,0,0000000000000000000000c68057ac000000039b990610
2130,0x00000000000,0x00000000000,0x25ad518e3,0x00000000,0x00000000,0,0,00000000000000000000096b54638c0000000000000000
2131,0x00000000000,0x00000000000,0x000000000,0x07e74724,0x00000000,0,0,0000000000000000000000000000003f3a392000000000
2132,0x00000000000,0x00000000000,0x000000000,0x00000000,0x00000000,0,0,0000000000000000000000000000000000000000000000
2133,0x00000000000,0x00000000000,0x000000000,0x00000000,0x00000000,0,0,0000000000000000000000000000000000000000000000
2134,0x00000000000,0x00000000000,0x25d18fc03,0x00000000,0x00000000,0,0,00000000000000000000097463f00c0000000000000000
2135,0x00000000000,0x00000000000,0x031e0166b,0x08078764,0x39f9d061,0,0,0000000000000000000000c78059ac403c3b239f9d0610
2136,0x00000000000,0x00000000000,0x000000000,0x0827c7a4,0x00000000,0,0,000000000000000000000000000000413e3d2000000000
2137,0x00000000000,0x00000000000,0x000000000,0x00000000,0x00000000,0,0,0000000000000000000000000000000000000000000000
2138,0x00000000000,0x00000000000,0x25d58fc23,0x00000000,0x00000000,0,0,00000000000000000000097563f08c0000000000000000
2139,0x00000000000,0x00000000000,0x000000000,0x00000000,0x00000000,0,0,0000000000000000000000000000000000000000000000
2140,0x00000000000,0x00000000000,0x000000000,0x00000000,0x00000000,0,0,0000000000000000000000000000000000000000000000
2141,0x00000000000,0x00000000000,0x0322016eb,0x1271b182,0x3a3a1061,0,0,0000000000000000000000c8805bac938d8c13a3a10610
2142,0x00000000000,0x00000000000,0x25d98fc43,0x00000000,0x00000000,0,0,00000000000000000000097663f10c0000000000000000
2143,0x00000000000,0x00000000000,0x000000000,0x084807e4,0x00000000,0,0,00000000000000000000000000000042403f2000000000
2144,0x00000000000,0x00000000000,0x000000000,0x00000000,0x00000000,0,0,0000000000000000000000000000000000000000000000
2145,0x00000000000,0x00000000000,0x000000000,0x00000000,0x00000000,0,0,0000000000000000000000000000000000000000000000
2146,0x00000000000,0x00000000000,0x25dd8fc63,0x00000000,0x00000000,0,0,00000000000000000000097763f18c0000000000000000
2147,0x00000000000,0x00000000000,0x03520192b,0x1291f1c2,0x3a7a5061,0,0,0000000000000000000000d48064ac948f8e13a7a50610
2148,0x00000000000,0x00000000000,0x000000000,0x12d27242,0x00000000,0,0,0000000000000000000000000000009693921000000000
2149,0x00000000000,0x00000000000,0x000000000,0x00000000,0x00000000,0,0,0000000000000000000000000000000000000000000000
2150,0x00000000000,0x00000000000,0x2530f5103,0x00000000,0x00000000,0,0,00000000000000000000094c3d440c0000000000000000
2151,0x00000000000,0x00000000000,0x000000000,0x08684824,0x00000000,0,0,0000000000000000000000000000004342412000000000
2152,0x00000000000,0x00000000000,0x000000000,0x00000000,0x00000000,0,0,0000000000000000000000000000000000000000000000
2153,0x00000000000,0x00000000000,0x03540196b,0x12b23202,0x3aba9061,0,0,0000000000000000000000d50065ac95919013aba90610
2154,0x00000000000,0x00000000000,0x2532f5143,0x00000000,0x00000000,0,0,00000000000000000000094cbd450c0000000000000000
2155,0x00000000000,0x00000000000,0x000000000,0x00000000,0x00000000,0,0,0000000000000000000000000000000000000000000000
2156,0x00000000000,0x00000000000,0x000000000,0x00000000,0x00000000,0,0,0000000000000000000000000000000000000000000000
2157,0x00000000000,0x00000000000,0x000000000,0x00000000,0x00000000,0,0,0000000000000000000000000000000000000000000000
2158,0x00000000000,0x00000000000,0x2534f5183,0x00000000,0x00000000,0,0,00000000000000000000094d3d460c0000000000000000
2159,0x00000000000,0x00000000000,0x0356019ab,0x00000000,0x3afad061,0,0,0000000000000000000000d58066ac00000003afad0610
2160,0x00000000000,0x00000120263,0x000000000,0x12f2b282,0x00000000,0,0,0000000000000001202630000000009795941000000000
2161,0x00000000000,0x00000000000,0x000000000,0x00000000,0x00000000,0,0,0000000000000000000000000000000000000000000000
2162,0x00000000000,0x00000000000,0x2536f51c3,0x00000000,0x00000000,0,0,00000000000000000000094dbd470c0000000000000000
2163,0x00000000000,0x00000000000,0x000000000,0x00000000,0x00000000,0,0,0000000000000000000000000000000000000000000000
2164,0x00000000000,0x00000121267,0x000000000,0x00000000,0x00000000,0,0,0000000000000001212670000000000000000000000000
2165,0x00000000000,0x00000000000,0x0358019eb,0x16355522,0x3d3d1061,0,0,0000000000000000000000d60067acb1aaa913d3d10610
2166,0x00000000000,0x00000000000,0x2538f5203,0x00000000,0x00000000,0,0,00000000000000000000094e3d480c0000000000000000
2167,0x00000000000,0x00000000000,0x000000000,0x1312f2c2,0x00000000,0,0,0000000000000000000000000000009897961000000000
2168,0x00000000000,0x0000012226b,0x000000000,0x00000000,0x00000000,0,0,00000000000000012226b0000000000000000000000000
2169,0x00000000000,0x00000000000,0x000000000,0x00000000,0x00000000,0,0,0000000000000000000000000000000000000000000000
2170,0x00000000000,0x00000000000,0x253af5243,0x00000000,0x00000000,0,0,00000000000000000000094ebd490c0000000000000000
2171,0x00000000000,0x00000000000,0x035a01a2b,0x00000000,0x3d7d5061,0,0,0000000000000000000000d68068ac00000003d7d50610
2172,0x00000000000,0x0000012326f,0x000000000,0x00000000,0x00000000,0,0,00000000000000012326f0000000000000000000000000
2173,0x00000000000,0x00000000000,0x000000000,0x00000000,0x00000000,0,0,0000000000000000000000000000000000000000000000
2174,0x00000000000,0x00000000000,0x253cf5283,0x00000000,0x33330009,0,0,00000000000000000000094f3d4a0c0000000333300090
2175,0x00000000000,0x00000000000,0x000000000,0x00000000,0x00000000,0,0,0000000000000000000000000000000000000000000000
2176,0x00000000000,0x00000124273,0x000000000,0x00000000,0x00000000,0,0,0000000000000001242730000000000000000000000000
2177,0x00000000000,0x00000000000,0x035c01a6b,0x16559562,0x3dbd9061,0,0,0000000000000000000000d70069acb2acab13dbd90610
2178,0x00000000000,0x00000000000,0x253ef52c3,0x00000000,0x00000000,0,0,00000000000000000000094fbd4b0c0000000000000000
2179,0x00000000000,0x00000000000,0x000000000,0x00000000,0x00000000,0,0,0000000000000000000000000000000000000000000000
2180,0x00000000000,0x00000125277,0x000000000,0x00000000,0x00000000,0,0,0000000000000001252770000000000000000000000000
2181,0x00000000000,0x00000000000,0x000000000,0x00000000,0x00000000,0,0,0000000000000000000000000000000000000000000000
2182,0x00000000000,0x00000000000,0x25e18fc83,0x00000000,0x00000000,0,0,00000000000000000000097863f20c0000000000000000
2183,0x00000000000,0x00000000000,0x035e01aab,0x00000000,0x3dfdd061,0,0,0000000000000000000000d7806aac00000003dfdd0610
2184,0x00000000000,0x0000012627b,0x000000000,0x16b65622,0x00000000,0,0,00000000000000012627b000000000b5b2b11000000000
2185,0x00000000000,0x00000000000,0x000000000,0x00000000,0x00000000,0,0,0000000000000000000000000000000000000000000000
2186,0x00000000000,0x00000000000,0x25e58fca3,0x00000000,0x00000000,0,0,00000000000000000000097963f28c0000000000000000
2187,0x00000000000,0x00000000000,0x000000000,0x00000000,0x00000000,0,0,0000000000000000000000000000000000000000000000
2188,0x00000160203,0x0000012727f,0x000000000,0x00000000,0x00000000,0,0,0000058080c000012727f0000000000000000000000000
2189,0x00000161207,0x00000000000,0x036001aeb,0x1675d5a2,0x00000000,0,0,0000058481c00000000000d8006bacb3aead1000000000
2190,0x0000016220b,0x00000000000,0x25e98fcc3,0x00000000,0x00000000,0,0,0000058882c000000000097a63f30c0000000000000000
2191,0x0000016320f,0x00000000000,0x02a80100c,0x00000000,0x00000000,0,0,0000058c83c00000000000aa0040300000000000000000
2192,0x00000164213,0x00000000000,0x02aa0102c,0x00000000,0x3e3e1061,0,0,0000059084c00000000000aa8040b000000003e3e10610
2193,0x00000165217,0x00000000000,0x02ac0104c,0x00000000,0x00000000,0,0,0000059485c00000000000ab0041300000000000000000
2194,0x0000016621b,0x00000000000,0x25ed8fce3,0x00000000,0x00000000,0,0,0000059886c000000000097b63f38c0000000000000000
2195,0x0000016721f,0x00000000000,0x039001d2b,0x00000000,0x00000000,0,0,0000059c87c00000000000e40074ac0000000000000000
2196,0x00000000000,0x00000000000,0x02ae0106c,0x00000000,0x00000000,0,0,0000000000000000000000ab8041b00000000000000000
2197,0x00000000000,0x00000000000,0x02b00108c,0x00000000,0x00000000,0,0,0000000000000000000000ac0042300000000000000000
2198,0x00000000000,0x00000000000,0x02b2010ac,0x00000000,0x3e7e5061,0,0,0000000000000000000000ac8042b000000003e7e50610
2199,0x00000000000,0x00000000000,0x02b4010cc,0x0b8aaa84,0x00000000,0,0,0000000000000000000000ad0043305c55542000000000
2200,0x00000000000,0x00000000000,0x257133503,0x00000000,0x00000000,0,0,00000000000000000000095c4cd40c0000000000000000
2201,0x00000000000,0x00000000000,0x039201d6b,0x169615e2,0x00000000,0,0,0000000000000000000000e48075acb4b0af1000000000
2202,0x00000000000,0x00000000000,0x02b6010ec,0x00000000,0x00000000,0,0,0000000000000000000000ad8043b00000000000000000
2203,0x00000000000,0x00000000000,0x000000000,0x0baaeac4,0x00000000,0,0,0000000000000000000000000000005d57562000000000
2204,0x00000000000,0x00000000000,0x257333543,0x00000000,0x3ebe9061,0,0,00000000000000000000095cccd50c00000003ebe90610
2205,0x00000000000,0x00000000000,0x000000000,0x0bcb2b04,0x00000000,0,0,0000000000000000000000000000005e59582000000000
2206,0x00000000000,0x00000000000,0x000000000,0x00000000,0x00000000,0,0,0000000000000000000000000000000000000000000000
2207,0x00000000000,0x00000000000,0x039401dab,0x00000000,0x00000000,0,0,0000000000000000000000e50076ac0000000000000000
2208,0x00000000000,0x00000000000,0x257533583,0x16d69662,0x00000000,0,0,00000000000000000000095d4cd60cb6b4b31000000000
2209,0x00000000000,0x00000000000,0x000000000,0x0beb6b44,0x00000000,0,0,0000000000000000000000000000005f5b5a2000000000
2210,0x00000000000,0x000001282e3,0x000000000,0x0c0bab84,0x3efed061,0,0,0000000000000001282e3000000000605d5c23efed0610
2211,0x00000000000,0x00000000000,0x000000000,0x00000000,0x00000000,0,0,0000000000000000000000000000000000000000000000
2212,0x00000000000,0x00000000000,0x2577335c3,0x00000000,0x00000000,0,0,00000000000000000000095dccd70c0000000000000000
2213,0x00000000000,0x00000000000,0x039601deb,0x1a193902,0x00000000,0,0,0000000000000000000000e58077acd0c9c81000000000
2214,0x00000000000,0x000001292e7,0x000000000,0x00000000,0x00000000,0,0,0000000000000001292e70000000000000000000000000
2215,0x00000000000,0x00000000000,0x000000000,0x16f6d6a2,0x00000000,0,0,000000000000000000000000000000b7b6b51000000000
2216,0x00000000000,0x00000000000,0x257933603,0x0c2bebc4,0x00000000,0,0,00000000000000000000095e4cd80c615f5e2000000000
2217,0x00000000000,0x00000000000,0x000000000,0x00000000,0x00000000,0,0,0000000000000000000000000000000000000000000000
2218,0x00000000000,0x0000012a2eb,0x000000000,0x00000000,0x00000000,0,0,00000000000000012a2eb0000000000000000000000000
2219,0x00000000000,0x00000000000,0x000000000,0x00000000,0x00000000,0,0,0000000000000000000000000000000000000000000000
2220,0x00000000000,0x00000000000,0x257b33643,0x00000000,0x00000000,0,0,00000000000000000000095eccd90c0000000000000000
2221,0x00000000000,0x00000000000,0x000000000,0x00000000,0x00000000,0,0,0000000000000000000000000000000000000000000000
2222,0x00000000000,0x0000012b2ef,0x039801e2b,0x00000000,0x3716e009,0,0,00000000000000012b2ef0e60078ac00000003716e0090
2223,0x00000000000,0x00000000000,0x000000000,0x0c4c2c04,0x00000000,0,0,0000000000000000000000000000006261602000000000
2224,0x00000000000,0x00000000000,0x000000000,0x00000000,0x00000000,0,0,0000000000000000000000000000000000000000000000
2225,0x00000000000,0x00000000000,0x000000000,0x1a397942,0x00000000,0,0,000000000000000000000000000000d1cbca1000000000
2226,0x00000000000,0x0000012c2f3,0x000000000,0x00000000,0x00000000,0,0,00000000000000012c2f30000000000000000000000000
2227,0x00000000000,0x00000000000,0x000000000,0x00000000,0x00000000,0,0,0000000000000000000000000000000000000000000000
2228,0x00000000000,0x00000000000,0x039a01e6b,0x00000000,0x00000000,0,0,0000000000000000000000e68079ac0000000000000000
2229,0x00000000000,0x00000000000,0x000000000,0x00000000,0x00000000,0,0,0000000000000000000000000000000000000000000000
2230,0x00000000000,0x0000012d2f7,0x000000000,0x00000000,0x00000000,0,0,00000000000000012d2f70000000000000000000000000
2231,0x00000000000,0x00000000000,0x000000000,0x00000000,0x00000000,0,0,0000000000000000000000000000000000000000000000
2232,0x00000000000,0x00000000000,0x000000000,0x1a9a3a02,0x00000000,0,0,000000000000000000000000000000d4d1d01000000000
2233,0x00000000000,0x00000000000,0x057d33683,0x00000000,0x00000000,0,0,00000000000000000000015f4cda0c0000000000000000
2234,0x00000000000,0x00000000000,0x057f336c3,0x00000000,0x00000000,0,0,00000000000000000000015fccdb0c0000000000000000
2235,0x00000000000,0x00000000000,0x039c01eab,0x00000000,0x00000000,0,0,0000000000000000000000e7007aac0000000000000000
2236,0x00000000000,0x00000000000,0x0411cc003,0x00000000,0x00000000,0,0,00000000000000000000010473000c0000000000000000
2237,0x00000000000,0x00000000000,0x0415cc023,0x00000000,0x00000000,0,0,00000000000000000000010573008c0000000000000000
2238,0x00000000000,0x00000000000,0x0419cc043,0x00000000,0x00000000,0,0,00000000000000000000010673010c0000000000000000
2239,0x00000000000,0x00000000000,0x041dcc063,0x00000000,0x00000000,0,0,00000000000000000000010773018c0000000000000000
2240,0x00000000000,0x0000012e2fb,0x039e01eeb,0x00000000,0x00000000,0,0,00000000000000012e2fb0e7807bac0000000000000000
2241,0x00000168283,0x0000012f2ff,0x0421cc083,0x1a59b982,0x00000000,0,0,000005a0a0c000012f2ff10873020cd2cdcc1000000000
2242,0x00000169287,0x00000000000,0x0425cc0a3,0x00000000,0x00000000,0,0,000005a4a1c000000000010973028c0000000000000000
2243,0x0000016b28f,0x00000000000,0x0429cc0c3,0x00000000,0x21211061,0,0,000005aca3c000000000010a73030c0000000212110610
2244,0x0000016a28b,0x00000000000,0x05b171903,0x00000000,0x00000000,0,0,000005a8a2c000000000016c5c640c0000000000000000
2245,0x0000016d297,0x00000000000,0x05b371943,0x00000000,0x00000000,0,0,000005b4a5c000000000016cdc650c0000000000000000
2246,0x0000016c293,0x00000000000,0x05b571983,0x00000000,0x00000000,0,0,000005b0a4c000000000016d5c660c0000000000000000
2247,0x0000016e29b,0x00000000000,0x05b7719c3,0x00000000,0x00000000,0,0,000005b8a6c000000000016ddc670c0000000000000000
2248,0x0000016f29f,0x00000000000,0x05b971a03,0x00000000,0x00000000,0,0,000005bca7c000000000016e5c680c0000000000000000
2249,0x00000000000,0x00000000000,0x05bb71a43,0x00000000,0x21a19061,0,0,00000000000000000000016edc690c000000021a190610
2250,0x00000000000,0x00000000000,0x05bd71a83,0x00000000,0x00000000,0,0,00000000000000000000016f5c6a0c0000000000000000
2251,0x00000000000,0x00000130363,0x25bf71ac3,0x00000000,0x00000000,0,0,00000000000000013036396fdc6b0c0000000000000000
2252,0x00000000000,0x00000131367,0x02ea0144c,0x1a79f9c2,0x00000000,0,0,0000000000000001313670ba805130d3cfce1000000000
2253,0x00000000000,0x0000013236b,0x02e60140c,0x00000000,0x00000000,0,0,00000000000000013236b0b98050300000000000000000
2254,0x00000000000,0x0000013336f,0x02e80142c,0x00000000,0x00000000,0,0,00000000000000013336f0ba0050b00000000000000000
2255,0x00000000000,0x00000134373,0x242dcc0e3,0x00000000,0x21615061,0,0,00000000000000013437390b73038c0000000216150610
2256,0x00000000000,0x00000135377,0x02ec0146c,0x00000000,0x00000000,0,0,0000000000000001353770bb0051b00000000000000000
2257,0x00000000000,0x0000013637b,0x02ee0148c,0x00000000,0x00000000,0,0,00000000000000013637b0bb8052300000000000000000
2258,0x00000000000,0x00000000000,0x02f0014ac,0x00000000,0x00000000,0,0,0000000000000000000000bc0052b00000000000000000
2259,0x00000000000,0x00000000000,0x24500a403,0x1aba7a42,0x00000000,0,0,00000000000000000000091402900cd5d3d21000000000
2260,0x00000000000,0x00000000000,0x02f2014cc,0x00000000,0x00000000,0,0,0000000000000000000000bc8053300000000000000000
2261,0x00000170303,0x0000013737f,0x000000000,0x0f6e8e64,0x21e1d061,0,0,000005c0c0c000013737f0000000007b7473221e1d0610
2262,0x00000171307,0x00000000000,0x02f4014ec,0x00000000,0x00000000,0,0,000005c4c1c00000000000bd0053b00000000000000000
2263,0x0000017230b,0x00000000000,0x24540a423,0x00000000,0x00000000,0,0,000005c8c2c000000000091502908c0000000000000000
2264,0x0000017330f,0x00000000000,0x03240180c,0x0f8ecea4,0x00000000,0,0,000005ccc3c00000000000c90060307c76752000000000
2265,0x00000174313,0x00000000000,0x03260182c,0x0faf0ee4,0x00000000,0,0,000005d0c4c00000000000c98060b07d78772000000000
2266,0x00000175317,0x00000000000,0x03280184c,0x1adaba82,0x00000000,0,0,000005d4c5c00000000000ca006130d6d5d41000000000
2267,0x0000017631b,0x00000000000,0x24580a443,0x00000000,0x22221061,0,0,000005d8c6c000000000091602910c0000000222210610
2268,0x0000017731f,0x00000000000,0x032a0186c,0x00000000,0x00000000,0,0,000005dcc7c00000000000ca8061b00000000000000000
2269,0x00000000000,0x00000000000,0x032e018ac,0x0fcf4f24,0x00000000,0,0,0000000000000000000000cb8062b07e7a792000000000
2270,0x00000000000,0x00000000000,0x032c0188c,0x00000000,0x00000000,0,0,0000000000000000000000cb0062300000000000000000
2271,0x00000000000,0x00000000000,0x245c0a463,0x0fef8f64,0x00000000,0,0,00000000000000000000091702918c7f7c7b2000000000
2272,0x00000000000,0x00000000000,0x0330018cc,0x13527244,0x00000000,0,0,0000000000000000000000cc0063309a93922000000000
2273,0x00000000000,0x00000000000,0x03ce0012b,0x00000000,0x3afac009,0,0,0000000000000000000000f38004ac00000003afac0090
2274,0x00000000000,0x00000000000,0x0332018ec,0x00000000,0x22625061,0,0,0000000000000000000000cc8063b00000000226250610
2275,0x00000000000,0x00000000000,0x24600a483,0x00000000,0x00000000,0,0,00000000000000000000091802920c0000000000000000
2276,0x00000000000,0x00000000000,0x000000000,0x100fcfa4,0x00000000,0,0,000000000000000000000000000000807e7d2000000000
2277,0x00000000000,0x00000000000,0x000000000,0x1372b284,0x00000000,0,0,0000000000000000000000000000009b95942000000000
2278,0x00000000000,0x00000000000,0x000000000,0x1392f2c4,0x00000000,0,0,0000000000000000000000000000009c97962000000000
2279,0x00000000000,0x00000000000,0x03d2001ab,0x00000000,0x00000000,0,0,0000000000000000000000f48006ac0000000000000000
2280,0x00000000000,0x00000000000,0x24640a4a3,0x00000000,0x22a29061,0,0,00000000000000000000091902928c000000022a290610
2281,0x00000000000,0x00000000000,0x000000000,0x13b33304,0x00000000,0,0,0000000000000000000000000000009d99982000000000
2282,0x00000000000,0x00000000000,0x000000000,0x00000000,0x00000000,0,0,0000000000000000000000000000000000000000000000
2283,0x00000000000,0x00000000000,0x000000000,0x10300fe4,0x00000000,0,0,00000000000000000000000000000081807f2000000000
2284,0x00000000000,0x00000000000,0x24680a4c3,0x13d37344,0x00000000,0,0,00000000000000000000091a02930c9e9b9a2000000000
2285,0x00000000000,0x00000000000,0x03d00016b,0x00000000,0x00000000,0,0,0000000000000000000000f40005ac0000000000000000
2286,0x00000000000,0x00000000000,0x000000000,0x00000000,0x22e2d061,0,0,000000000000000000000000000000000000022e2d0610
2287,0x00000000000,0x00000000000,0x000000000,0x00000000,0x00000000,0,0,0000000000000000000000000000000000000000000000
2288,0x00000000000,0x00000000000,0x246c0a4e3,0x00000000,0x00000000,0,0,00000000000000000000091b02938c0000000000000000
2289,0x00000000000,0x00000000000,0x000000000,0x13f3b384,0x00000000,0,0,0000000000000000000000000000009f9d9c2000000000
2290,0x00000000000,0x00000000000,0x000000000,0x00000000,0x00000000,0,0,0000000000000000000000000000000000000000000000
2291,0x00000000000,0x00000000000,0x03d4001eb,0x00000000,0x00000000,0,0,0000000000000000000000f50007ac0000000000000000
2292,0x00000000000,0x00000000000,0x249448823,0x00000000,0x25251061,0,0,00000000000000000000092512208c0000000252510610
2293,0x00000000000,0x00000000000,0x000000000,0x00000000,0x00000000,0,0,0000000000000000000000000000000000000000000000
2294,0x00000000000,0x00000000000,0x000000000,0x00000000,0x00000000,0,0,0000000000000000000000000000000000000000000000
2295,0x00000000000,0x00000000000,0x000000000,0x00000000,0x00000000,0,0,0000000000000000000000000000000000000000000000
2296,0x00000000000,0x00000000000,0x25f1afd03,0x00000000,0x00000000,0,0,00000000000000000000097c6bf40c0000000000000000
2297,0x00000000000,0x00000000000,0x03d60022b,0x1dfd1ce2,0x00000000,0,0,0000000000000000000000f58008acefe8e71000000000
2298,0x00000000000,0x00000000000,0x000000000,0x1413f3c4,0x25655061,0,0,000000000000000000000000000000a09f9e2256550610
2299,0x00000000000,0x00000000000,0x000000000,0x00000000,0x00000000,0,0,0000000000000000000000000000000000000000000000
2300,0x00000000000,0x00000000000,0x25f5afd83,0x00000000,0x00000000,0,0,00000000000000000000097d6bf60c0000000000000000
2301,0x00000000000,0x00000000000,0x000000000,0x00000000,0x00000000,0,0,0000000000000000000000000000000000000000000000
2302,0x00000000000,0x00000000000,0x000000000,0x00000000,0x00000000,0,0,0000000000000000000000000000000000000000000000
2303,0x00000000000,0x00000000000,0x000000000,0x1e1d5d22,0x00000000,0,0,000000000000000000000000000000f0eae91000000000
2304,0x00000000000,0x00000000000,0x25f3afd43,0x00000000,0x25a59061,0,0,00000000000000000000097cebf50c000000025a590610
2305,0x00000000000,0x00000000000,0x03d80026b,0x00000000,0x00000000,0,0,0000000000000000000000f60009ac0000000000000000
2306,0x00000000000,0x000001383e3,0x000000000,0x00000000,0x00000000,0,0,0000000000000001383e30000000000000000000000000
2307,0x00000000000,0x00000000000,0x000000000,0x00000000,0x00000000,0,0,0000000000000000000000000000000000000000000000
2308,0x00000000000,0x00000000000,0x25f7afdc3,0x00000000,0x00000000,0,0,00000000000000000000097debf70c0000000000000000
2309,0x00000000000,0x00000000000,0x000000000,0x00000000,0x00000000,0,0,0000000000000000000000000000000000000000000000
2310,0x00000000000,0x0000013a3eb,0x03da002ab,0x1e7e1de2,0x26261061,0,0,00000000000000013a3eb0f6800aacf3f0ef1262610610
2311,0x00000000000,0x00000000000,0x000000000,0x00000000,0x00000000,0,0,0000000000000000000000000000000000000000000000
2312,0x00000000000,0x00000000000,0x25f9afe03,0x00000000,0x00000000,0,0,00000000000000000000097e6bf80c0000000000000000
2313,0x00000000000,0x00000000000,0x000000000,0x00000000,0x00000000,0,0,0000000000000000000000000000000000000000000000
2314,0x00000000000,0x000001393e7,0x000000000,0x00000000,0x00000000,0,0,0000000000000001393e70000000000000000000000000
2315,0x00000000000,0x00000000000,0x000000000,0x00000000,0x00000000,0,0,0000000000000000000000000000000000000000000000
2316,0x00000000000,0x00000000000,0x25fbafe43,0x00000000,0x26a69061,0,0,00000000000000000000097eebf90c000000026a690610
2317,0x00000000000,0x00000000000,0x03dc002eb,0x1e3d9d62,0x00000000,0,0,0000000000000000000000f7000bacf1eceb1000000000
2318,0x00000000000,0x0000013b3ef,0x000000000,0x00000000,0x00000000,0,0,00000000000000013b3ef0000000000000000000000000
2319,0x00000000000,0x00000000000,0x000000000,0x00000000,0x00000000,0,0,0000000000000000000000000000000000000000000000
2320,0x00000000000,0x00000000000,0x25fdafe83,0x00000000,0x00000000,0,0,00000000000000000000097f6bfa0c0000000000000000
2321,0x00000000000,0x00000000000,0x000000000,0x00000000,0x00000000,0,0,0000000000000000000000000000000000000000000000
2322,0x00000000000,0x0000013c3f3,0x020c0052b,0x00000000,0x25e5d061,0,0,00000000000000013c3f30830014ac000000025e5d0610
2323,0x00000000000,0x00000000000,0x000000000,0x00000000,0x00000000,0,0,0000000000000000000000000000000000000000000000
2324,0x00000000000,0x00000000000,0x25ffafec3,0x00000000,0x00000000,0,0,00000000000000000000097febfb0c0000000000000000
2325,0x00000000000,0x00000000000,0x000000000,0x00000000,0x00000000,0,0,0000000000000000000000000000000000000000000000
2326,0x00000000000,0x0000013d3f7,0x000000000,0x00000000,0x00000000,0,0,00000000000000013d3f70000000000000000000000000
2327,0x00000000000,0x00000000000,0x000000000,0x00000000,0x00000000,0,0,0000000000000000000000000000000000000000000000
2328,0x00000000000,0x00000000000,0x020e0056b,0x00000000,0x26665061,0,0,0000000000000000000000838015ac0000000266650610
2329,0x00000000000,0x00000000000,0x249048803,0x1e5ddda2,0x00000000,0,0,00000000000000000000092412200cf2eeed1000000000
2330,0x00000000000,0x0000013e3fb,0x000000000,0x00000000,0x00000000,0,0,00000000000000013e3fb0000000000000000000000000
2331,0x00000000000,0x00000000000,0x000000000,0x00000000,0x00000000,0,0,0000000000000000000000000000000000000000000000
2332,0x00000000000,0x00000000000,0x000000000,0x00000000,0x00000000,0,0,0000000000000000000000000000000000000000000000
2333,0x00000000000,0x00000000000,0x249848843,0x00000000,0x00000000,0,0,00000000000000000000092612210c0000000000000000
2334,0x00000178383,0x0000013f3ff,0x0210005ab,0x00000000,0x26e6d061,0,0,000005e0e0c000013f3ff0840016ac000000026e6d0610
2335,0x00000179387,0x00000000000,0x000000000,0x00000000,0x00000000,0,0,000005e4e1c00000000000000000000000000000000000
2336,0x0000017a38b,0x00000000000,0x000000000,0x1e9e5e22,0x00000000,0,0,000005e8e2c0000000000000000000f4f2f11000000000
2337,0x0000017b38f,0x00000000000,0x249c48863,0x00000000,0x00000000,0,0,000005ece3c000000000092712218c0000000000000000
2338,0x0000017c393,0x00000000000,0x036201c0c,0x00000000,0x00000000,0,0,000005f0e4c00000000000d88070300000000000000000
2339,0x0000017d397,0x00000000000,0x036401c2c,0x00000000,0x00000000,0,0,000005f4e5c00000000000d90070b00000000000000000
2340,0x0000017e39b,0x00000000000,0x02140062b,0x01c0e0c2,0x29291061,0,0,000005f8e6c00000000000850018ac0e07061292910610
2341,0x0000017f39f,0x00000000000,0x24a048883,0x00000000,0x00000000,0,0,000005fce7c000000000092812220c0000000000000000
2342,0x00000000000,0x00000000000,0x036601c4c,0x00000000,0x00000000,0,0,0000000000000000000000d98071300000000000000000
2343,0x00000000000,0x00000000000,0x036801c6c,0x1ebe9e62,0x00000000,0,0,0000000000000000000000da0071b0f5f4f31000000000
2344,0x00000000000,0x00000000000,0x036a01c8c,0x00000000,0x00000000,0,0,0000000000000000000000da8072300000000000000000
2345,0x00000000000,0x00000000000,0x24a4488a3,0x00000000,0x00000000,0,0,00000000000000000000092912228c0000000000000000
2346,0x00000000000,0x00000000000,0x0218006ab,0x17365624,0x29695061,0,0,000000000000000000000086001aacb9b2b12296950610
2347,0x00000000000,0x00000000000,0x036c01cac,0x00000000,0x00000000,0,0,0000000000000000000000db0072b00000000000000000
2348,0x00000000000,0x00000000000,0x036e01ccc,0x00000000,0x00000000,0,0,0000000000000000000000db8073300000000000000000
2349,0x00000000000,0x00000000000,0x24a8488c3,0x00000000,0x00000000,0,0,00000000000000000000092a12230c0000000000000000
2350,0x00000000000,0x00000000000,0x037001cec,0x17569664,0x3edea009,0,0,0000000000000000000000dc0073b0bab4b323edea0090
2351,0x00000000000,0x00000000000,0x000000000,0x00000000,0x00000000,0,0,0000000000000000000000000000000000000000000000
2352,0x00000000000,0x00000000000,0x0212005eb,0x00000000,0x29a99061,0,0,0000000000000000000000848017ac000000029a990610
2353,0x00000000000,0x00000000000,0x24ac488e3,0x00000000,0x00000000,0,0,00000000000000000000092b12238c0000000000000000
2354,0x00000000000,0x00000000000,0x000000000,0x1776d6a4,0x00000000,0,0,000000000000000000000000000000bbb6b52000000000
2355,0x00000000000,0x00000000000,0x000000000,0x00000000,0x00000000,0,0,0000000000000000000000000000000000000000000000
2356,0x00000000000,0x00000000000,0x000000000,0x00000000,0x00000000,0,0,0000000000000000000000000000000000000000000000
2357,0x00000000000,0x00000000000,0x24d086c03,0x00000000,0x00000000,0,0,00000000000000000000093421b00c0000000000000000
2358,0x00000000000,0x00000000000,0x02160066b,0x179716e4,0x29e9d061,0,0,0000000000000000000000858019acbcb8b7229e9d0610
2359,0x00000000000,0x00000000000,0x000000000,0x17b75724,0x00000000,0,0,000000000000000000000000000000bdbab92000000000
2360,0x00000000000,0x00000000000,0x000000000,0x00000000,0x00000000,0,0,0000000000000000000000000000000000000000000000
2361,0x00000000000,0x00000000000,0x24d486c23,0x00000000,0x00000000,0,0,00000000000000000000093521b08c0000000000000000
2362,0x00000000000,0x00000000000,0x000000000,0x00000000,0x00000000,0,0,0000000000000000000000000000000000000000000000
2363,0x00000000000,0x00000000000,0x000000000,0x00000000,0x00000000,0,0,0000000000000000000000000000000000000000000000
2364,0x00000000000,0x00000000000,0x021a006eb,0x01e12102,0x2a2a1061,0,0,000000000000000000000086801bac0f090812a2a10610
2365,0x00000000000,0x00000000000,0x24d886c43,0x00000000,0x00000000,0,0,00000000000000000000093621b10c0000000000000000
2366,0x00000000000,0x00000000000,0x000000000,0x17d79764,0x00000000,0,0,000000000000000000000000000000bebcbb2000000000
2367,0x00000000000,0x00000000000,0x000000000,0x00000000,0x00000000,0,0,0000000000000000000000000000000000000000000000
2368,0x00000000000,0x00000000000,0x000000000,0x00000000,0x00000000,0,0,0000000000000000000000000000000000000000000000
2369,0x00000000000,0x00000000000,0x24dc86c63,0x00000000,0x00000000,0,0,00000000000000000000093721b18c0000000000000000
2370,0x00000000000,0x00000000000,0x024a0092b,0x02016142,0x2a6a5061,0,0,0000000000000000000000928024ac100b0a12a6a50610
2371,0x00000000000,0x00000000000,0x000000000,0x0241e1c2,0x00000000,0,0,000000000000000000000000000000120f0e1000000000
2372,0x00000000000,0x00000000000,0x000000000,0x00000000,0x00000000,0,0,0000000000000000000000000000000000000000000000
2373,0x00000000000,0x00000000000,0x2431ec103,0x00000000,0x00000000,0,0,00000000000000000000090c7b040c0000000000000000
2374,0x00000000000,0x00000000000,0x000000000,0x17f7d7a4,0x00000000,0,0,000000000000000000000000000000bfbebd2000000000
2375,0x00000000000,0x00000000000,0x000000000,0x00000000,0x00000000,0,0,0000000000000000000000000000000000000000000000
2376,0x00000000000,0x00000000000,0x024c0096b,0x0221a182,0x2aaa9061,0,0,0000000000000000000000930025ac110d0c12aaa90610
2377,0x00000000000,0x00000000000,0x2433ec143,0x00000000,0x00000000,0,0,00000000000000000000090cfb050c0000000000000000
2378,0x00000000000,0x00000000000,0x000000000,0x00000000,0x00000000,0,0,0000000000000000000000000000000000000000000000
2379,0x00000000000,0x00000000000,0x000000000,0x00000000,0x00000000,0,0,0000000000000000000000000000000000000000000000
2380,0x00000000000,0x00000000000,0x000000000,0x00000000,0x00000000,0,0,0000000000000000000000000000000000000000000000
2381,0x00000000000,0x00000000000,0x2435ec183,0x00000000,0x00000000,0,0,00000000000000000000090d7b060c0000000000000000
2382,0x00000000000,0x00000000000,0x024e009ab,0x00000000,0x2aead061,0,0,0000000000000000000000938026ac00000002aead0610
2383,0x00000000000,0x00000140063,0x000000000,0x02622202,0x00000000,0,0,0000000000000001400630000000001311101000000000
2384,0x00000000000,0x00000000000,0x000000000,0x00000000,0x00000000,0,0,0000000000000000000000000000000000000000000000
2385,0x00000000000,0x00000000000,0x2437ec1c3,0x00000000,0x00000000,0,0,00000000000000000000090dfb070c0000000000000000
2386,0x00000000000,0x00000000000,0x000000000,0x00000000,0x00000000,0,0,0000000000000000000000000000000000000000000000
2387,0x00000000000,0x00000141067,0x000000000,0x00000000,0x00000000,0,0,0000000000000001410670000000000000000000000000
2388,0x00000000000,0x00000000000,0x0250009eb,0x05a4c4a2,0x2d2d1061,0,0,0000000000000000000000940027ac2d262512d2d10610
2389,0x00000000000,0x00000000000,0x2439ec203,0x00000000,0x00000000,0,0,00000000000000000000090e7b080c0000000000000000
2390,0x00000000000,0x00000000000,0x000000000,0x02826242,0x00000000,0,0,0000000000000000000000000000001413121000000000
2391,0x00000000000,0x0000014206b,0x000000000,0x00000000,0x00000000,0,0,00000000000000014206b0000000000000000000000000
2392,0x00000000000,0x00000000000,0x000000000,0x00000000,0x00000000,0,0,0000000000000000000000000000000000000000000000
2393,0x00000000000,0x00000000000,0x243bec243,0x00000000,0x00000000,0,0,00000000000000000000090efb090c0000000000000000
2394,0x00000000000,0x00000000000,0x025200a2b,0x00000000,0x2d6d5061,0,0,0000000000000000000000948028ac00000002d6d50610
2395,0x00000000000,0x0000014306f,0x000000000,0x00000000,0x00000000,0,0,00000000000000014306f0000000000000000000000000
2396,0x00000000000,0x00000000000,0x000000000,0x00000000,0x00000000,0,0,0000000000000000000000000000000000000000000000
2397,0x00000000000,0x00000000000,0x243dec283,0x00000000,0x22a28009,0,0,00000000000000000000090f7b0a0c000000022a280090
2398,0x00000000000,0x00000000000,0x000000000,0x00000000,0x00000000,0,0,0000000000000000000000000000000000000000000000
2399,0x00000000000,0x00000144073,0x000000000,0x00000000,0x00000000,0,0,0000000000000001440730000000000000000000000000
2400,0x00000000000,0x00000000000,0x025400a6b,0x05c504e2,0x2dad9061,0,0,0000000000000000000000950029ac2e282712dad90610
2401,0x00000000000,0x00000000000,0x243fec2c3,0x00000000,0x00000000,0,0,00000000000000000000090ffb0b0c0000000000000000
2402,0x00000000000,0x00000000000,0x000000000,0x00000000,0x00000000,0,0,0000000000000000000000000000000000000000000000
2403,0x00000000000,0x00000145077,0x000000000,0x00000000,0x00000000,0,0,0000000000000001450770000000000000000000000000
2404,0x00000000000,0x00000000000,0x000000000,0x00000000,0x00000000,0,0,0000000000000000000000000000000000000000000000
2405,0x00000000000,0x00000000000,0x24e086c83,0x00000000,0x00000000,0,0,00000000000000000000093821b20c0000000000000000
2406,0x00000000000,0x00000000000,0x025600aab,0x00000000,0x2dedd061,0,0,000000000000000000000095802aac00000002dedd0610
2407,0x00000000000,0x0000014607b,0x000000000,0x0625c5a2,0x00000000,0,0,00000000000000014607b000000000312e2d1000000000
2408,0x00000000000,0x00000000000,0x000000000,0x00000000,0x00000000,0,0,0000000000000000000000000000000000000000000000
2409,0x00000000000,0x00000000000,0x24e486ca3,0x00000000,0x00000000,0,0,00000000000000000000093921b28c0000000000000000
2410,0x00000000000,0x00000000000,0x000000000,0x00000000,0x00000000,0,0,0000000000000000000000000000000000000000000000
2411,0x00000180003,0x0000014707f,0x000000000,0x00000000,0x00000000,0,0,0000060000c000014707f0000000000000000000000000
2412,0x00000181007,0x00000000000,0x025800aeb,0x05e54522,0x00000000,0,0,0000060401c0000000000096002bac2f2a291000000000
2413,0x0000018200b,0x00000000000,0x24e886cc3,0x00000000,0x00000000,0,0,0000060802c000000000093a21b30c0000000000000000
2414,0x0000018300f,0x00000000000,0x03a00000c,0x00000000,0x00000000,0,0,0000060c03c00000000000e80000300000000000000000
2415,0x00000184013,0x00000000000,0x03a20002c,0x00000000,0x2e2e1061,0,0,0000061004c00000000000e88000b000000002e2e10610
2416,0x00000185017,0x00000000000,0x03a40004c,0x00000000,0x00000000,0,0,0000061405c00000000000e90001300000000000000000
2417,0x0000018601b,0x00000000000,0x24ec86ce3,0x00000000,0x00000000,0,0,0000061806c000000000093b21b38c0000000000000000
2418,0x0000018701f,0x00000000000,0x028800d2b,0x00000000,0x00000000,0,0,0000061c07c00000000000a20034ac0000000000000000
2419,0x00000000000,0x00000000000,0x03a60006c,0x00000000,0x00000000,0,0,0000000000000000000000e98001b00000000000000000
2420,0x00000000000,0x00000000000,0x03a80008c,0x00000000,0x00000000,0,0,0000000000000000000000ea0002300000000000000000
2421,0x00000000000,0x00000000000,0x03aa000ac,0x00000000,0x2e6e5061,0,0,0000000000000000000000ea8002b000000002e6e50610
2422,0x00000000000,0x00000000000,0x03ac000cc,0x1b1a3a04,0x00000000,0,0,0000000000000000000000eb000330d8d1d02000000000
2423,0x00000000000,0x00000000000,0x24702a503,0x00000000,0x00000000,0,0,00000000000000000000091c0a940c0000000000000000
2424,0x00000000000,0x00000000000,0x028a00d6b,0x06058562,0x00000000,0,0,0000000000000000000000a28035ac302c2b1000000000
2425,0x00000000000,0x00000000000,0x03ae000ec,0x00000000,0x00000000,0,0,0000000000000000000000eb8003b00000000000000000
2426,0x00000000000,0x00000000000,0x000000000,0x1b3a7a44,0x00000000,0,0,000000000000000000000000000000d9d3d22000000000
2427,0x00000000000,0x00000000000,0x24722a543,0x00000000,0x2eae9061,0,0,00000000000000000000091c8a950c00000002eae90610
2428,0x00000000000,0x00000000000,0x000000000,0x1b5aba84,0x00000000,0,0,000000000000000000000000000000dad5d42000000000
2429,0x00000000000,0x00000000000,0x000000000,0x00000000,0x00000000,0,0,0000000000000000000000000000000000000000000000
2430,0x00000000000,0x00000000000,0x028c00dab,0x00000000,0x00000000,0,0,0000000000000000000000a30036ac0000000000000000
2431,0x00000000000,0x00000000000,0x24742a583,0x064605e2,0x00000000,0,0,00000000000000000000091d0a960c32302f1000000000
2432,0x00000000000,0x00000000000,0x000000000,0x1b7afac4,0x00000000,0,0,000000000000000000000000000000dbd7d62000000000
2433,0x00000000000,0x000001480e3,0x000000000,0x1b9b3b04,0x2eeed061,0,0,0000000000000001480e3000000000dcd9d822eeed0610
2434,0x00000000000,0x00000000000,0x000000000,0x00000000,0x00000000,0,0,0000000000000000000000000000000000000000000000
2435,0x00000000000,0x00000000000,0x24762a5c3,0x00000000,0x00000000,0,0,00000000000000000000091d8a970c0000000000000000
2436,0x00000000000,0x00000000000,0x028e00deb,0x0988a882,0x00000000,0,0,0000000000000000000000a38037ac4c45441000000000
2437,0x00000000000,0x000001490e7,0x000000000,0x00000000,0x00000000,0,0,0000000000000001490e70000000000000000000000000
2438,0x00000000000,0x00000000000,0x000000000,0x06664622,0x00000000,0,0,0000000000000000000000000000003332311000000000
2439,0x00000000000,0x00000000000,0x24782a603,0x1bbb7b44,0x00000000,0,0,00000000000000000000091e0a980cdddbda2000000000
2440,0x00000000000,0x00000000000,0x000000000,0x00000000,0x00000000,0,0,0000000000000000000000000000000000000000000000
2441,0x00000000000,0x0000014a0eb,0x000000000,0x00000000,0x00000000,0,0,00000000000000014a0eb0000000000000000000000000
2442,0x00000000000,0x00000000000,0x000000000,0x00000000,0x00000000,0,0,0000000000000000000000000000000000000000000000
2443,0x00000000000,0x00000000000,0x247a2a643,0x00000000,0x00000000,0,0,00000000000000000000091e8a990c0000000000000000
2444,0x00000000000,0x00000000000,0x000000000,0x00000000,0x00000000,0,0,0000000000000000000000000000000000000000000000
2445,0x00000000000,0x0000014b0ef,0x029000e2b,0x00000000,0x26866009,0,0,00000000000000014b0ef0a40038ac0000000268660090
2446,0x00000000000,0x00000000000,0x000000000,0x1bdbbb84,0x00000000,0,0,000000000000000000000000000000dedddc2000000000
2447,0x00000000000,0x00000000000,0x000000000,0x00000000,0x00000000,0,0,0000000000000000000000000000000000000000000000
2448,0x00000000000,0x00000000000,0x000000000,0x09a8e8c2,0x00000000,0,0,0000000000000000000000000000004d47461000000000
2449,0x00000000000,0x0000014c0f3,0x000000000,0x00000000,0x00000000,0,0,00000000000000014c0f30000000000000000000000000
2450,0x00000000000,0x00000000000,0x000000000,0x00000000,0x00000000,0,0,0000000000000000000000000000000000000000000000
2451,0x00000000000,0x00000000000,0x029200e6b,0x00000000,0x00000000,0,0,0000000000000000000000a48039ac0000000000000000
2452,0x00000000000,0x00000000000,0x000000000,0x00000000,0x00000000,0,0,0000000000000000000000000000000000000000000000
2453,0x00000000000,0x0000014d0f7,0x000000000,0x00000000,0x00000000,0,0,00000000000000014d0f70000000000000000000000000
2454,0x00000000000,0x00000000000,0x000000000,0x00000000,0x00000000,0,0,0000000000000000000000000000000000000000000000
2455,0x00000000000,0x00000000000,0x000000000,0x0a09a982,0x00000000,0,0,000000000000000000000000000000504d4c1000000000
2456,0x00000000000,0x00000000000,0x047c2a683,0x00000000,0x00000000,0,0,00000000000000000000011f0a9a0c0000000000000000
2457,0x00000000000,0x00000000000,0x047e2a6c3,0x00000000,0x00000000,0,0,00000000000000000000011f8a9b0c0000000000000000
2458,0x00000000000,0x00000000000,0x029400eab,0x00000000,0x00000000,0,0,0000000000000000000000a5003aac0000000000000000
2459,0x00000000000,0x00000000000,0x0510c5003,0x00000000,0x00000000,0,0,00000000000000000000014431400c0000000000000000
2460,0x00000000000,0x00000000000,0x0514c5023,0x00000000,0x00000000,0,0,00000000000000000000014531408c0000000000000000
2461,0x00000000000,0x00000000000,0x0518c5043,0x00000000,0x00000000,0,0,00000000000000000000014631410c0000000000000000
2462,0x00000000000,0x00000000000,0x051cc5063,0x00000000,0x00000000,0,0,00000000000000000000014731418c0000000000000000
2463,0x00000000000,0x0000014e0fb,0x029600eeb,0x00000000,0x00000000,0,0,00000000000000014e0fb0a5803bac0000000000000000
2464,0x00000188083,0x0000014f0ff,0x0520c5083,0x09c92902,0x00000000,0,0,0000062020c000014f0ff14831420c4e49481000000000
2465,0x00000189087,0x00000000000,0x0524c50a3,0x00000000,0x00000000,0,0,0000062421c000000000014931428c0000000000000000
2466,0x0000018b08f,0x00000000000,0x0528c50c3,0x00000000,0x31311061,0,0,0000062c23c000000000014a31430c0000000313110610
2467,0x0000018a08b,0x00000000000,0x04b068903,0x00000000,0x00000000,0,0,0000062822c000000000012c1a240c0000000000000000
2468,0x0000018d097,0x00000000000,0x04b268943,0x00000000,0x00000000,0,0,0000063425c000000000012c9a250c0000000000000000
2469,0x0000018c093,0x00000000000,0x04b468983,0x00000000,0x00000000,0,0,0000063024c000000000012d1a260c0000000000000000
2470,0x0000018e09b,0x00000000000,0x04b6689c3,0x00000000,0x00000000,0,0,0000063826c000000000012d9a270c0000000000000000
2471,0x0000018f09f,0x00000000000,0x04b868a03,0x00000000,0x00000000,0,0,0000063c27c000000000012e1a280c0000000000000000
2472,0x00000000000,0x00000000000,0x04ba68a43,0x00000000,0x31b19061,0,0,00000000000000000000012e9a290c000000031b190610
2473,0x00000000000,0x00000000000,0x04bc68a83,0x00000000,0x00000000,0,0,00000000000000000000012f1a2a0c0000000000000000
2474,0x00000000000,0x00000150163,0x24be68ac3,0x00000000,0x00000000,0,0,00000000000000015016392f9a2b0c0000000000000000
2475,0x00000000000,0x00000151167,0x03e20044c,0x09e96942,0x00000000,0,0,0000000000000001511670f88011304f4b4a1000000000
2476,0x00000000000,0x0000015216b,0x03de0040c,0x00000000,0x00000000,0,0,00000000000000015216b0f78010300000000000000000
2477,0x00000000000,0x0000015316f,0x03e00042c,0x00000000,0x00000000,0,0,00000000000000015316f0f80010b00000000000000000
2478,0x00000000000,0x00000154173,0x252cc50e3,0x00000000,0x31715061,0,0,00000000000000015417394b31438c0000000317150610
2479,0x00000000000,0x00000155177,0x03e40046c,0x00000000,0x00000000,0,0,0000000000000001551770f90011b00000000000000000
2480,0x00000000000,0x0000015617b,0x03e60048c,0x00000000,0x00000000,0,0,00000000000000015617b0f98012300000000000000000
2481,0x00000000000,0x00000000000,0x03e8004ac,0x00000000,0x00000000,0,0,0000000000000000000000fa0012b00000000000000000
2482,0x00000000000,0x00000000000,0x255103403,0x0a29e9c2,0x00000000,0,0,00000000000000000000095440d00c514f4e1000000000
2483,0x00000000000,0x00000000000,0x03ea004cc,0x00000000,0x00000000,0,0,0000000000000000000000fa8013300000000000000000
2484,0x00000190103,0x0000015717f,0x000000000,0x1efe1de4,0x31f1d061,0,0,0000064040c000015717f000000000f7f0ef231f1d0610
2485,0x00000191107,0x00000000000,0x03ec004ec,0x00000000,0x00000000,0,0,0000064441c00000000000fb0013b00000000000000000
2486,0x0000019210b,0x00000000000,0x255503423,0x00000000,0x00000000,0,0,0000064842c000000000095540d08c0000000000000000
2487,0x0000019310f,0x00000000000,0x021c0080c,0x1f1e5e24,0x00000000,0,0,0000064c43c0000000000087002030f8f2f12000000000
2488,0x00000194113,0x00000000000,0x021e0082c,0x1f3e9e64,0x00000000,0,0,0000065044c00000000000878020b0f9f4f32000000000
2489,0x00000195117,0x00000000000,0x02200084c,0x0a4a2a02,0x00000000,0,0,0000065445c00000000000880021305251501000000000
2490,0x0000019611b,0x00000000000,0x255903443,0x00000000,0x32321061,0,0,0000065846c000000000095640d10c0000000323210610
2491,0x0000019711f,0x00000000000,0x02220086c,0x00000000,0x00000000,0,0,0000065c47c00000000000888021b00000000000000000
2492,0x00000000000,0x00000000000,0x0226008ac,0x1f5edea4,0x00000000,0,0,0000000000000000000000898022b0faf6f52000000000
2493,0x00000000000,0x00000000000,0x02240088c,0x00000000,0x00000000,0,0,0000000000000000000000890022300000000000000000
2494,0x00000000000,0x00000000000,0x255d03463,0x1f7f1ee4,0x00000000,0,0,00000000000000000000095740d18cfbf8f72000000000
2495,0x00000000000,0x00000000000,0x0228008cc,0x02c1e1c4,0x00000000,0,0,00000000000000000000008a002330160f0e2000000000
2496,0x00000000000,0x00000000000,0x02c60112b,0x00000000,0x2a6a4009,0,0,0000000000000000000000b18044ac00000002a6a40090
2497,0x00000000000,0x00000000000,0x022a008ec,0x00000000,0x32725061,0,0,00000000000000000000008a8023b00000000327250610
2498,0x00000000000,0x00000000000,0x256103483,0x00000000,0x00000000,0,0,00000000000000000000095840d20c0000000000000000
2499,0x00000000000,0x00000000000,0x000000000,0x1f9f5f24,0x00000000,0,0,000000000000000000000000000000fcfaf92000000000
2500,0x00000000000,0x00000000000,0x000000000,0x02e22204,0x00000000,0,0,0000000000000000000000000000001711102000000000
2501,0x00000000000,0x00000000000,0x000000000,0x03026244,0x00000000,0,0,0000000000000000000000000000001813122000000000
2502,0x00000000000,0x00000000000,0x02ca011ab,0x00000000,0x00000000,0,0,0000000000000000000000b28046ac0000000000000000
2503,0x00000000000,0x00000000000,0x2565034a3,0x00000000,0x32b29061,0,0,00000000000000000000095940d28c000000032b290610
2504,0x00000000000,0x00000000000,0x000000000,0x0322a284,0x00000000,0,0,0000000000000000000000000000001915142000000000
2505,0x00000000000,0x00000000000,0x000000000,0x00000000,0x00000000,0,0,0000000000000000000000000000000000000000000000
2506,0x00000000000,0x00000000000,0x000000000,0x1fbf9f64,0x00000000,0,0,000000000000000000000000000000fdfcfb2000000000
2507,0x00000000000,0x00000000000,0x2569034c3,0x0342e2c4,0x00000000,0,0,00000000000000000000095a40d30c1a17162000000000
2508,0x00000000000,0x00000000000,0x02c80116b,0x00000000,0x00000000,0,0,0000000000000000000000b20045ac0000000000000000
2509,0x00000000000,0x00000000000,0x000000000,0x00000000,0x32f2d061,0,0,000000000000000000000000000000000000032f2d0610
2510,0x00000000000,0x00000000000,0x000000000,0x00000000,0x00000000,0,0,0000000000000000000000000000000000000000000000
2511,0x00000000000,0x00000000000,0x256d034e3,0x00000000,0x00000000,0,0,00000000000000000000095b40d38c0000000000000000
2512,0x00000000000,0x00000000000,0x000000000,0x03632304,0x00000000,0,0,0000000000000000000000000000001b19182000000000
2513,0x00000000000,0x00000000000,0x000000000,0x00000000,0x00000000,0,0,0000000000000000000000000000000000000000000000
2514,0x00000000000,0x00000000000,0x02cc011eb,0x00000000,0x00000000,0,0,0000000000000000000000b30047ac0000000000000000
2515,0x00000000000,0x00000000000,0x259541823,0x00000000,0x35351061,0,0,00000000000000000000096550608c0000000353510610
2516,0x00000000000,0x00000000000,0x000000000,0x00000000,0x00000000,0,0,0000000000000000000000000000000000000000000000
2517,0x00000000000,0x00000000000,0x000000000,0x00000000,0x00000000,0,0,0000000000000000000000000000000000000000000000
2518,0x00000000000,0x00000000000,0x000000000,0x00000000,0x00000000,0,0,0000000000000000000000000000000000000000000000
2519,0x00000000000,0x00000000000,0x24f0a6d03,0x00000000,0x00000000,0,0,00000000000000000000093c29b40c0000000000000000
2520,0x00000000000,0x00000000000,0x02ce0122b,0x0d6c8c62,0x00000000,0,0,0000000000000000000000b38048ac6b64631000000000
2521,0x00000000000,0x00000000000,0x000000000,0x03836344,0x35755061,0,0,0000000000000000000000000000001c1b1a2357550610
2522,0x00000000000,0x00000000000,0x000000000,0x00000000,0x00000000,0,0,0000000000000000000000000000000000000000000000
2523,0x00000000000,0x00000000000,0x24f4a6d83,0x00000000,0x00000000,0,0,00000000000000000000093d29b60c0000000000000000
2524,0x00000000000,0x00000000000,0x000000000,0x00000000,0x00000000,0,0,0000000000000000000000000000000000000000000000
2525,0x00000000000,0x00000000000,0x000000000,0x00000000,0x00000000,0,0,0000000000000000000000000000000000000000000000
2526,0x00000000000,0x00000000000,0x000000000,0x0d8ccca2,0x00000000,0,0,0000000000000000000000000000006c66651000000000
2527,0x00000000000,0x00000000000,0x24f2a6d43,0x00000000,0x35b59061,0,0,00000000000000000000093ca9b50c000000035b590610
2528,0x00000000000,0x00000000000,0x02d00126b,0x00000000,0x00000000,0,0,0000000000000000000000b40049ac0000000000000000
2529,0x00000000000,0x000001581e3,0x000000000,0x00000000,0x00000000,0,0,0000000000000001581e30000000000000000000000000
2530,0x00000000000,0x00000000000,0x000000000,0x00000000,0x00000000,0,0,0000000000000000000000000000000000000000000000
2531,0x00000000000,0x00000000000,0x24f6a6dc3,0x00000000,0x00000000,0,0,00000000000000000000093da9b70c0000000000000000
2532,0x00000000000,0x00000000000,0x000000000,0x00000000,0x00000000,0,0,0000000000000000000000000000000000000000000000
2533,0x00000000000,0x0000015a1eb,0x02d2012ab,0x0ded8d62,0x36361061,0,0,00000000000000015a1eb0b4804aac6f6c6b1363610610
2534,0x00000000000,0x00000000000,0x000000000,0x00000000,0x00000000,0,0,0000000000000000000000000000000000000000000000
2535,0x00000000000,0x00000000000,0x24f8a6e03,0x00000000,0x00000000,0,0,00000000000000000000093e29b80c0000000000000000
2536,0x00000000000,0x00000000000,0x000000000,0x00000000,0x00000000,0,0,0000000000000000000000000000000000000000000000
2537,0x00000000000,0x000001591e7,0x000000000,0x00000000,0x00000000,0,0,0000000000000001591e70000000000000000000000000
2538,0x00000000000,0x00000000000,0x000000000,0x00000000,0x00000000,0,0,0000000000000000000000000000000000000000000000
2539,0x00000000000,0x00000000000,0x24faa6e43,0x00000000,0x36b69061,0,0,00000000000000000000093ea9b90c000000036b690610
2540,0x00000000000,0x00000000000,0x02d4012eb,0x0dad0ce2,0x00000000,0,0,0000000000000000000000b5004bac6d68671000000000
2541,0x00000000000,0x0000015b1ef,0x000000000,0x00000000,0x00000000,0,0,00000000000000015b1ef0000000000000000000000000
2542,0x00000000000,0x00000000000,0x000000000,0x00000000,0x00000000,0,0,0000000000000000000000000000000000000000000000
2543,0x00000000000,0x00000000000,0x24fca6e83,0x00000000,0x00000000,0,0,00000000000000000000093f29ba0c0000000000000000
2544,0x00000000000,0x00000000000,0x000000000,0x00000000,0x00000000,0,0,0000000000000000000000000000000000000000000000
2545,0x00000000000,0x0000015c1f3,0x03040152b,0x00000000,0x35f5d061,0,0,00000000000000015c1f30c10054ac000000035f5d0610
2546,0x00000000000,0x00000000000,0x000000000,0x00000000,0x00000000,0,0,0000000000000000000000000000000000000000000000
2547,0x00000000000,0x00000000000,0x24fea6ec3,0x00000000,0x00000000,0,0,00000000000000000000093fa9bb0c0000000000000000
2548,0x00000000000,0x00000000000,0x000000000,0x00000000,0x00000000,0,0,0000000000000000000000000000000000000000000000
2549,0x00000000000,0x0000015d1f7,0x000000000,0x00000000,0x00000000,0,0,00000000000000015d1f70000000000000000000000000
2550,0x00000000000,0x00000000000,0x000000000,0x00000000,0x00000000,0,0,0000000000000000000000000000000000000000000000
2551,0x00000000000,0x00000000000,0x03060156b,0x00000000,0x36765061,0,0,0000000000000000000000c18055ac0000000367650610
2552,0x00000000000,0x00000000000,0x259141803,0x0dcd4d22,0x00000000,0,0,00000000000000000000096450600c6e6a691000000000
2553,0x00000000000,0x0000015e1fb,0x000000000,0x00000000,0x00000000,0,0,00000000000000015e1fb0000000000000000000000000
2554,0x00000000000,0x00000000000,0x000000000,0x00000000,0x00000000,0,0,0000000000000000000000000000000000000000000000
2555,0x00000000000,0x00000000000,0x000000000,0x00000000,0x00000000,0,0,0000000000000000000000000000000000000000000000
2556,0x00000000000,0x00000000000,0x259941843,0x00000000,0x00000000,0,0,00000000000000000000096650610c0000000000000000
2557,0x00000198183,0x0000015f1ff,0x0308015ab,0x00000000,0x36f6d061,0,0,0000066060c000015f1ff0c20056ac000000036f6d0610
2558,0x00000199187,0x00000000000,0x000000000,0x00000000,0x00000000,0,0,0000066461c00000000000000000000000000000000000
2559,0x0000019a18b,0x00000000000,0x000000000,0x0e0dcda2,0x00000000,0,0,0000066862c0000000000000000000706e6d1000000000
2560,0x0000019b18f,0x00000000000,0x259d41863,0x00000000,0x00000000,0,0,0000066c63c000000000096750618c0000000000000000
2561,0x0000019c193,0x00000000000,0x025a00c0c,0x00000000,0x00000000,0,0,0000067064c00000000000968030300000000000000000
2562,0x0000019d197,0x00000000000,0x025c00c2c,0x00000000,0x00000000,0,0,0000067465c00000000000970030b00000000000000000
2563,0x0000019e19b,0x00000000000,0x030c0162b,0x11507042,0x39391061,0,0,0000067866c00000000000c30058ac8a83821393910610
2564,0x0000019f19f,0x00000000000,0x25a141883,0x00000000,0x00000000,0,0,0000067c67c000000000096850620c0000000000000000
2565,0x00000000000,0x00000000000,0x025e00c4c,0x00000000,0x00000000,0,0,0000000000000000000000978031300000000000000000
2566,0x00000000000,0x00000000000,0x026000c6c,0x0e2e0de2,0x00000000,0,0,0000000000000000000000980031b071706f1000000000
2567,0x00000000000,0x00000000000,0x026200c8c,0x00000000,0x00000000,0,0,0000000000000000000000988032300000000000000000
2568,0x00000000000,0x00000000000,0x25a5418a3,0x00000000,0x00000000,0,0,00000000000000000000096950628c0000000000000000
2569,0x00000000000,0x00000000000,0x0310016ab,0x06a5c5a4,0x39795061,0,0,0000000000000000000000c4005aac352e2d2397950610
2570,0x00000000000,0x00000000000,0x026400cac,0x00000000,0x00000000,0,0,0000000000000000000000990032b00000000000000000
2571,0x00000000000,0x00000000000,0x026600ccc,0x00000000,0x00000000,0,0,0000000000000000000000998033300000000000000000
2572,0x00000000000,0x00000000000,0x25a9418c3,0x00000000,0x00000000,0,0,00000000000000000000096a50630c0000000000000000
2573,0x00000000000,0x00000000000,0x026800cec,0x06c605e4,0x2e4e2009,0,0,00000000000000000000009a0033b036302f22e4e20090
2574,0x00000000000,0x00000000000,0x000000000,0x00000000,0x00000000,0,0,0000000000000000000000000000000000000000000000
2575,0x00000000000,0x00000000000,0x030a015eb,0x00000000,0x39b99061,0,0,0000000000000000000000c28057ac000000039b990610
2576,0x00000000000,0x00000000000,0x25ad418e3,0x00000000,0x00000000,0,0,00000000000000000000096b50638c0000000000000000
2577,0x00000000000,0x00000000000,0x000000000,0x06e64624,0x00000000,0,0,0000000000000000000000000000003732312000000000
2578,0x00000000000,0x00000000000,0x000000000,0x00000000,0x00000000,0,0,0000000000000000000000000000000000000000000000
2579,0x00000000000,0x00000000000,0x000000000,0x00000000,0x00000000,0,0,0000000000000000000000000000000000000000000000
2580,0x00000000000,0x00000000000,0x25d17fc03,0x00000000,0x00000000,0,0,0000000000000000000009745ff00c0000000000000000
2581,0x00000000000,0x00000000000,0x030e0166b,0x07068664,0x39f9d061,0,0,0000000000000000000000c38059ac383433239f9d0610
2582,0x00000000000,0x00000000000,0x000000000,0x0726c6a4,0x00000000,0,0,0000000000000000000000000000003936352000000000
2583,0x00000000000,0x00000000000,0x000000000,0x00000000,0x00000000,0,0,0000000000000000000000000000000000000000000000
2584,0x00000000000,0x00000000000,0x25d57fc23,0x00000000,0x00000000,0,0,0000000000000000000009755ff08c0000000000000000
2585,0x00000000000,0x00000000000,0x000000000,0x00000000,0x00000000,0,0,0000000000000000000000000000000000000000000000
2586,0x00000000000,0x00000000000,0x000000000,0x00000000,0x00000000,0,0,0000000000000000000000000000000000000000000000
2587,0x00000000000,0x00000000000,0x0312016eb,0x1170b082,0x3a3a1061,0,0,0000000000000000000000c4805bac8b858413a3a10610
2588,0x00000000000,0x00000000000,0x25d97fc43,0x00000000,0x00000000,0,0,0000000000000000000009765ff10c0000000000000000
2589,0x00000000000,0x00000000000,0x000000000,0x074706e4,0x00000000,0,0,0000000000000000000000000000003a38372000000000
2590,0x00000000000,0x00000000000,0x000000000,0x00000000,0x00000000,0,0,0000000000000000000000000000000000000000000000
2591,0x00000000000,0x00000000000,0x000000000,0x00000000,0x00000000,0,0,0000000000000000000000000000000000000000000000
2592,0x00000000000,0x00000000000,0x25dd7fc63,0x00000000,0x00000000,0,0,0000000000000000000009775ff18c0000000000000000
2593,0x00000000000,0x00000000000,0x03420192b,0x1190f0c2,0x3a7a5061,0,0,0000000000000000000000d08064ac8c878613a7a50610
2594,0x00000000000,0x00000000000,0x000000000,0x11d17142,0x00000000,0,0,0000000000000000000000000000008e8b8a1000000000
2595,0x00000000000,0x00000000000,0x000000000,0x00000000,0x00000000,0,0,0000000000000000000000000000000000000000000000
2596,0x00000000000,0x00000000000,0x2530e5103,0x00000000,0x00000000,0,0,00000000000000000000094c39440c0000000000000000
2597,0x00000000000,0x00000000000,0x000000000,0x07674724,0x00000000,0,0,0000000000000000000000000000003b3a392000000000
2598,0x00000000000,0x00000000000,0x000000000,0x00000000,0x00000000,0,0,0000000000000000000000000000000000000000000000
2599,0x00000000000,0x00000000000,0x03440196b,0x11b13102,0x3aba9061,0,0,0000000000000000000000d10065ac8d898813aba90610
2600,0x00000000000,0x00000000000,0x2532e5143,0x00000000,0x00000000,0,0,00000000000000000000094cb9450c0000000000000000
2601,0x00000000000,0x00000000000,0x000000000,0x00000000,0x00000000,0,0,0000000000000000000000000000000000000000000000
2602,0x00000000000,0x00000000000,0x000000000,0x00000000,0x00000000,0,0,0000000000000000000000000000000000000000000000
2603,0x00000000000,0x00000000000,0x000000000,0x00000000,0x00000000,0,0,0000000000000000000000000000000000000000000000
2604,0x00000000000,0x00000000000,0x2534e5183,0x00000000,0x00000000,0,0,00000000000000000000094d39460c0000000000000000
2605,0x00000000000,0x00000000000,0x0346019ab,0x00000000,0x3afad061,0,0,0000000000000000000000d18066ac00000003afad0610
2606,0x00000000000,0x00000160263,0x000000000,0x11f1b182,0x00000000,0,0,0000000000000001602630000000008f8d8c1000000000
2607,0x00000000000,0x00000000000,0x000000000,0x00000000,0x00000000,0,0,0000000000000000000000000000000000000000000000
2608,0x00000000000,0x00000000000,0x2536e51c3,0x00000000,0x00000000,0,0,00000000000000000000094db9470c0000000000000000
2609,0x00000000000,0x00000000000,0x000000000,0x00000000,0x00000000,0,0,0000000000000000000000000000000000000000000000
2610,0x00000000000,0x00000161267,0x000000000,0x00000000,0x00000000,0,0,0000000000000001612670000000000000000000000000
2611,0x00000000000,0x00000000000,0x0348019eb,0x15345422,0x3d3d1061,0,0,0000000000000000000000d20067aca9a2a113d3d10610
2612,0x00000000000,0x00000000000,0x2538e5203,0x00000000,0x00000000,0,0,00000000000000000000094e39480c0000000000000000
2613,0x00000000000,0x00000000000,0x000000000,0x1211f1c2,0x00000000,0,0,000000000000000000000000000000908f8e1000000000
2614,0x00000000000,0x0000016226b,0x000000000,0x00000000,0x00000000,0,0,00000000000000016226b0000000000000000000000000
2615,0x00000000000,0x00000000000,0x000000000,0x00000000,0x00000000,0,0,0000000000000000000000000000000000000000000000
2616,0x00000000000,0x00000000000,0x253ae5243,0x00000000,0x00000000,0,0,00000000000000000000094eb9490c0000000000000000
2617,0x00000000000,0x00000000000,0x034a01a2b,0x00000000,0x3d7d5061,0,0,0000000000000000000000d28068ac00000003d7d50610
2618,0x00000000000,0x0000016326f,0x000000000,0x00000000,0x00000000,0,0,00000000000000016326f0000000000000000000000000
2619,0x00000000000,0x00000000000,0x000000000,0x00000000,0x00000000,0,0,0000000000000000000000000000000000000000000000
2620,0x00000000000,0x00000000000,0x253ce5283,0x00000000,0x32320009,0,0,00000000000000000000094f394a0c0000000323200090
2621,0x00000000000,0x00000000000,0x000000000,0x00000000,0x00000000,0,0,0000000000000000000000000000000000000000000000
2622,0x00000000000,0x00000164273,0x000000000,0x00000000,0x00000000,0,0,0000000000000001642730000000000000000000000000
2623,0x00000000000,0x00000000000,0x034c01a6b,0x15549462,0x3dbd9061,0,0,0000000000000000000000d30069acaaa4a313dbd90610
2624,0x00000000000,0x00000000000,0x253ee52c3,0x00000000,0x00000000,0,0,00000000000000000000094fb94b0c0000000000000000
2625,0x00000000000,0x00000000000,0x000000000,0x00000000,0x00000000,0,0,0000000000000000000000000000000000000000000000
2626,0x00000000000,0x00000165277,0x000000000,0x00000000,0x00000000,0,0,0000000000000001652770000000000000000000000000
2627,0x00000000000,0x00000000000,0x000000000,0x00000000,0x00000000,0,0,0000000000000000000000000000000000000000000000
2628,0x00000000000,0x00000000000,0x25e17fc83,0x00000000,0x00000000,0,0,0000000000000000000009785ff20c0000000000000000
2629,0x00000000000,0x00000000000,0x034e01aab,0x00000000,0x3dfdd061,0,0,0000000000000000000000d3806aac00000003dfdd0610
2630,0x00000000000,0x0000016627b,0x000000000,0x15b55522,0x00000000,0,0,00000000000000016627b000000000adaaa91000000000
2631,0x00000000000,0x00000000000,0x000000000,0x00000000,0x00000000,0,0,0000000000000000000000000000000000000000000000
2632,0x00000000000,0x00000000000,0x25e57fca3,0x00000000,0x00000000,0,0,0000000000000000000009795ff28c0000000000000000
2633,0x00000000000,0x00000000000,0x000000000,0x00000000,0x00000000,0,0,0000000000000000000000000000000000000000000000
2634,0x000001a0203,0x0000016727f,0x000000000,0x00000000,0x00000000,0,0,0000068080c000016727f0000000000000000000000000
2635,0x000001a1207,0x00000000000,0x035001aeb,0x1574d4a2,0x00000000,0,0,0000068481c00000000000d4006bacaba6a51000000000
2636,0x000001a220b,0x00000000000,0x25e97fcc3,0x00000000,0x00000000,0,0,0000068882c000000000097a5ff30c0000000000000000
2637,0x000001a320f,0x00000000000,0x02980100c,0x00000000,0x00000000,0,0,0000068c83c00000000000a60040300000000000000000
2638,0x000001a4213,0x00000000000,0x029a0102c,0x00000000,0x3e3e1061,0,0,0000069084c00000000000a68040b000000003e3e10610
2639,0x000001a5217,0x00000000000,0x029c0104c,0x00000000,0x00000000,0,0,0000069485c00000000000a70041300000000000000000
2640,0x000001a621b,0x00000000000,0x25ed7fce3,0x00000000,0x00000000,0,0,0000069886c000000000097b5ff38c0000000000000000
2641,0x000001a721f,0x00000000000,0x038001d2b,0x00000000,0x00000000,0,0,0000069c87c00000000000e00074ac0000000000000000
2642,0x00000000000,0x00000000000,0x029e0106c,0x00000000,0x00000000,0,0,0000000000000000000000a78041b00000000000000000
2643,0x00000000000,0x00000000000,0x02a00108c,0x00000000,0x00000000,0,0,0000000000000000000000a80042300000000000000000
2644,0x00000000000,0x00000000000,0x02a2010ac,0x00000000,0x3e7e5061,0,0,0000000000000000000000a88042b000000003e7e50610
2645,0x00000000000,0x00000000000,0x02a4010cc,0x0a89a984,0x00000000,0,0,0000000000000000000000a9004330544d4c2000000000
2646,0x00000000000,0x00000000000,0x257123503,0x00000000,0x00000000,0,0,00000000000000000000095c48d40c0000000000000000
2647,0x00000000000,0x00000000000,0x038201d6b,0x159514e2,0x00000000,0,0,0000000000000000000000e08075acaca8a71000000000
2648,0x00000000000,0x00000000000,0x02a6010ec,0x00000000,0x00000000,0,0,0000000000000000000000a98043b00000000000000000
2649,0x00000000000,0x00000000000,0x000000000,0x0aa9e9c4,0x00000000,0,0,000000000000000000000000000000554f4e2000000000
2650,0x00000000000,0x00000000000,0x257323543,0x00000000,0x3ebe9061,0,0,00000000000000000000095cc8d50c00000003ebe90610
2651,0x00000000000,0x00000000000,0x000000000,0x0aca2a04,0x00000000,0,0,0000000000000000000000000000005651502000000000
2652,0x00000000000,0x00000000000,0x000000000,0x00000000,0x00000000,0,0,0000000000000000000000000000000000000000000000
2653,0x00000000000,0x00000000000,0x038401dab,0x00000000,0x00000000,0,0,0000000000000000000000e10076ac0000000000000000
2654,0x00000000000,0x00000000000,0x257523583,0x15d59562,0x00000000,0,0,00000000000000000000095d48d60caeacab1000000000
2655,0x00000000000,0x00000000000,0x000000000,0x0aea6a44,0x00000000,0,0,0000000000000000000000000000005753522000000000
2656,0x00000000000,0x000001682e3,0x000000000,0x0b0aaa84,0x3efed061,0,0,0000000000000001682e300000000058555423efed0610
2657,0x00000000000,0x00000000000,0x000000000,0x00000000,0x00000000,0,0,0000000000000000000000000000000000000000000000
2658,0x00000000000,0x00000000000,0x2577235c3,0x00000000,0x00000000,0,0,00000000000000000000095dc8d70c0000000000000000
2659,0x00000000000,0x00000000000,0x038601deb,0x19183802,0x00000000,0,0,0000000000000000000000e18077acc8c1c01000000000
2660,0x00000000000,0x000001692e7,0x000000000,0x00000000,0x00000000,0,0,0000000000000001692e70000000000000000000000000
2661,0x00000000000,0x00000000000,0x000000000,0x15f5d5a2,0x00000000,0,0,000000000000000000000000000000afaead1000000000
2662,0x00000000000,0x00000000000,0x257923603,0x0b2aeac4,0x00000000,0,0,00000000000000000000095e48d80c5957562000000000
2663,0x00000000000,0x00000000000,0x000000000,0x00000000,0x00000000,0,0,0000000000000000000000000000000000000000000000
2664,0x00000000000,0x0000016a2eb,0x000000000,0x00000000,0x00000000,0,0,00000000000000016a2eb0000000000000000000000000
2665,0x00000000000,0x00000000000,0x000000000,0x00000000,0x00000000,0,0,0000000000000000000000000000000000000000000000
2666,0x00000000000,0x00000000000,0x257b23643,0x00000000,0x00000000,0,0,00000000000000000000095ec8d90c0000000000000000
2667,0x00000000000,0x00000000000,0x000000000,0x00000000,0x00000000,0,0,0000000000000000000000000000000000000000000000
2668,0x00000000000,0x0000016b2ef,0x038801e2b,0x00000000,0x3615e009,0,0,00000000000000016b2ef0e20078ac00000003615e0090
2669,0x00000000000,0x00000000000,0x000000000,0x0b4b2b04,0x00000000,0,0,0000000000000000000000000000005a59582000000000
2670,0x00000000000,0x00000000000,0x000000000,0x00000000,0x00000000,0,0,0000000000000000000000000000000000000000000000
2671,0x00000000000,0x00000000000,0x000000000,0x19387842,0x00000000,0,0,000000000000000000000000000000c9c3c21000000000
2672,0x00000000000,0x0000016c2f3,0x000000000,0x00000000,0x00000000,0,0,00000000000000016c2f30000000000000000000000000
2673,0x00000000000,0x00000000000,0x000000000,0x00000000,0x00000000,0,0,0000000000000000000000000000000000000000000000
2674,0x00000000000,0x00000000000,0x038a01e6b,0x00000000,0x00000000,0,0,0000000000000000000000e28079ac0000000000000000
2675,0x00000000000,0x00000000000,0x000000000,0x00000000,0x00000000,0,0,0000000000000000000000000000000000000000000000
2676,0x00000000000,0x0000016d2f7,0x000000000,0x00000000,0x00000000,0,0,00000000000000016d2f70000000000000000000000000
2677,0x00000000000,0x00000000000,0x000000000,0x00000000,0x00000000,0,0,0000000000000000000000000000000000000000000000
2678,0x00000000000,0x00000000000,0x000000000,0x19993902,0x00000000,0,0,000000000000000000000000000000ccc9c81000000000
2679,0x00000000000,0x00000000000,0x057d23683,0x00000000,0x00000000,0,0,00000000000000000000015f48da0c0000000000000000
2680,0x00000000000,0x00000000000,0x057f236c3,0x00000000,0x00000000,0,0,00000000000000000000015fc8db0c0000000000000000
2681,0x00000000000,0x00000000000,0x038c01eab,0x00000000,0x00000000,0,0,0000000000000000000000e3007aac0000000000000000
2682,0x00000000000,0x00000000000,0x0411bc003,0x00000000,0x00000000,0,0,0000000000000000000001046f000c0000000000000000
2683,0x00000000000,0x00000000000,0x0415bc023,0x00000000,0x00000000,0,0,0000000000000000000001056f008c0000000000000000
2684,0x00000000000,0x00000000000,0x0419bc043,0x00000000,0x00000000,0,0,0000000000000000000001066f010c0000000000000000
2685,0x00000000000,0x00000000000,0x041dbc063,0x00000000,0x00000000,0,0,0000000000000000000001076f018c0000000000000000
2686,0x00000000000,0x0000016e2fb,0x038e01eeb,0x00000000,0x00000000,0,0,00000000000000016e2fb0e3807bac0000000000000000
2687,0x000001a8283,0x0000016f2ff,0x0421bc083,0x1958b882,0x00000000,0,0,000006a0a0c000016f2ff1086f020ccac5c41000000000
2688,0x000001a9287,0x00000000000,0x0425bc0a3,0x00000000,0x00000000,0,0,000006a4a1c00000000001096f028c0000000000000000
2689,0x000001ab28f,0x00000000000,0x0429bc0c3,0x00000000,0x21211061,0,0,000006aca3c000000000010a6f030c0000000212110610
2690,0x000001aa28b,0x00000000000,0x05b161903,0x00000000,0x00000000,0,0,000006a8a2c000000000016c58640c0000000000000000
2691,0x000001ad297,0x00000000000,0x05b361943,0x00000000,0x00000000,0,0,000006b4a5c000000000016cd8650c0000000000000000
2692,0x000001ac293,0x00000000000,0x05b561983,0x00000000,0x00000000,0,0,000006b0a4c000000000016d58660c0000000000000000
2693,0x000001ae29b,0x00000000000,0x05b7619c3,0x00000000,0x00000000,0,0,000006b8a6c000000000016dd8670c0000000000000000
2694,0x000001af29f,0x00000000000,0x05b961a03,0x00000000,0x00000000,0,0,000006bca7c000000000016e58680c0000000000000000
2695,0x00000000000,0x00000000000,0x05bb61a43,0x00000000,0x21a19061,0,0,00000000000000000000016ed8690c000000021a190610
2696,0x00000000000,0x00000000000,0x05bd61a83,0x00000000,0x00000000,0,0,00000000000000000000016f586a0c0000000000000000
2697,0x00000000000,0x00000170363,0x25bf61ac3,0x00000000,0x00000000,0,0,00000000000000017036396fd86b0c0000000000000000
2698,0x00000000000,0x00000171367,0x02da0144c,0x1978f8c2,0x00000000,0,0,0000000000000001713670b6805130cbc7c61000000000
2699,0x00000000000,0x0000017236b,0x02d60140c,0x00000000,0x00000000,0,0,00000000000000017236b0b58050300000000000000000
2700,0x00000000000,0x0000017336f,0x02d80142c,0x00000000,0x00000000,0,0,00000000000000017336f0b60050b00000000000000000
2701,0x00000000000,0x00000174373,0x242dbc0e3,0x00000000,0x21615061,0,0,00000000000000017437390b6f038c0000000216150610
2702,0x00000000000,0x00000175377,0x02dc0146c,0x00000000,0x00000000,0,0,0000000000000001753770b70051b00000000000000000
2703,0x00000000000,0x0000017637b,0x02de0148c,0x00000000,0x00000000,0,0,00000000000000017637b0b78052300000000000000000
2704,0x00000000000,0x00000000000,0x02e0014ac,0x00000000,0x00000000,0,0,0000000000000000000000b80052b00000000000000000
2705,0x00000000000,0x00000000000,0x2451fa403,0x19b97942,0x00000000,0,0,0000000000000000000009147e900ccdcbca1000000000
2706,0x00000000000,0x00000000000,0x02e2014cc,0x00000000,0x00000000,0,0,0000000000000000000000b88053300000000000000000
2707,0x000001b0303,0x0000017737f,0x000000000,0x0e6d8d64,0x21e1d061,0,0,000006c0c0c000017737f000000000736c6b221e1d0610
2708,0x000001b1307,0x00000000000,0x02e4014ec,0x00000000,0x00000000,0,0,000006c4c1c00000000000b90053b00000000000000000
2709,0x000001b230b,0x00000000000,0x2455fa423,0x00000000,0x00000000,0,0,000006c8c2c00000000009157e908c0000000000000000
2710,0x000001b330f,0x00000000000,0x03140180c,0x0e8dcda4,0x00000000,0,0,000006ccc3c00000000000c5006030746e6d2000000000
2711,0x000001b4313,0x00000000000,0x03160182c,0x0eae0de4,0x00000000,0,0,000006d0c4c00000000000c58060b075706f2000000000
2712,0x000001b5317,0x00000000000,0x03180184c,0x19d9b982,0x00000000,0,0,000006d4c5c00000000000c6006130cecdcc1000000000
2713,0x000001b631b,0x00000000000,0x2459fa443,0x00000000,0x22221061,0,0,000006d8c6c00000000009167e910c0000000222210610
2714,0x000001b731f,0x00000000000,0x031a0186c,0x00000000,0x00000000,0,0,000006dcc7c00000000000c68061b00000000000000000
2715,0x00000000000,0x00000000000,0x031e018ac,0x0ece4e24,0x00000000,0,0,0000000000000000000000c78062b07672712000000000
2716,0x00000000000,0x00000000000,0x031c0188c,0x00000000,0x00000000,0,0,0000000000000000000000c70062300000000000000000
2717,0x00000000000,0x00000000000,0x245dfa463,0x0eee8e64,0x00000000,0,0,0000000000000000000009177e918c7774732000000000
2718,0x00000000000,0x00000000000,0x0320018cc,0x12517144,0x00000000,0,0,0000000000000000000000c8006330928b8a2000000000
2719,0x00000000000,0x00000000000,0x03be0012b,0x00000000,0x39f9c009,0,0,0000000000000000000000ef8004ac000000039f9c0090
2720,0x00000000000,0x00000000000,0x0322018ec,0x00000000,0x22625061,0,0,0000000000000000000000c88063b00000000226250610
2721,0x00000000000,0x00000000000,0x2461fa483,0x00000000,0x00000000,0,0,0000000000000000000009187e920c0000000000000000
2722,0x00000000000,0x00000000000,0x000000000,0x0f0ecea4,0x00000000,0,0,0000000000000000000000000000007876752000000000
2723,0x00000000000,0x00000000000,0x000000000,0x1271b184,0x00000000,0,0,000000000000000000000000000000938d8c2000000000
2724,0x00000000000,0x00000000000,0x000000000,0x1291f1c4,0x00000000,0,0,000000000000000000000000000000948f8e2000000000
2725,0x00000000000,0x00000000000,0x03c2001ab,0x00000000,0x00000000,0,0,0000000000000000000000f08006ac0000000000000000
2726,0x00000000000,0x00000000000,0x2465fa4a3,0x00000000,0x22a29061,0,0,0000000000000000000009197e928c000000022a290610
2727,0x00000000000,0x00000000000,0x000000000,0x12b23204,0x00000000,0,0,0000000000000000000000000000009591902000000000
2728,0x00000000000,0x00000000000,0x000000000,0x00000000,0x00000000,0,0,0000000000000000000000000000000000000000000000
2729,0x00000000000,0x00000000000,0x000000000,0x0f2f0ee4,0x00000000,0,0,0000000000000000000000000000007978772000000000
2730,0x00000000000,0x00000000000,0x2469fa4c3,0x12d27244,0x00000000,0,0,00000000000000000000091a7e930c9693922000000000
2731,0x00000000000,0x00000000000,0x03c00016b,0x00000000,0x00000000,0,0,0000000000000000000000f00005ac0000000000000000
2732,0x00000000000,0x00000000000,0x000000000,0x00000000,0x22e2d061,0,0,000000000000000000000000000000000000022e2d0610
2733,0x00000000000,0x00000000000,0x000000000,0x00000000,0x00000000,0,0,0000000000000000000000000000000000000000000000
2734,0x00000000000,0x00000000000,0x246dfa4e3,0x00000000,0x00000000,0,0,00000000000000000000091b7e938c0000000000000000
2735,0x00000000000,0x00000000000,0x000000000,0x12f2b284,0x00000000,0,0,0000000000000000000000000000009795942000000000
2736,0x00000000000,0x00000000000,0x000000000,0x00000000,0x00000000,0,0,0000000000000000000000000000000000000000000000
2737,0x00000000000,0x00000000000,0x03c4001eb,0x00000000,0x00000000,0,0,0000000000000000000000f10007ac0000000000000000
2738,0x00000000000,0x00000000000,0x249438823,0x00000000,0x25251061,0,0,0000000000000000000009250e208c0000000252510610
2739,0x00000000000,0x00000000000,0x000000000,0x00000000,0x00000000,0,0,0000000000000000000000000000000000000000000000
2740,0x00000000000,0x00000000000,0x000000000,0x00000000,0x00000000,0,0,0000000000000000000000000000000000000000000000
2741,0x00000000000,0x00000000000,0x000000000,0x00000000,0x00000000,0,0,0000000000000000000000000000000000000000000000
2742,0x00000000000,0x00000000000,0x25f19fd03,0x00000000,0x00000000,0,0,00000000000000000000097c67f40c0000000000000000
2743,0x00000000000,0x00000000000,0x03c60022b,0x1cfc1be2,0x00000000,0,0,0000000000000000000000f18008ace7e0df1000000000
2744,0x00000000000,0x00000000000,0x000000000,0x1312f2c4,0x25655061,0,0,0000000000000000000000000000009897962256550610
2745,0x00000000000,0x00000000000,0x000000000,0x00000000,0x00000000,0,0,0000000000000000000000000000000000000000000000
2746,0x00000000000,0x00000000000,0x25f59fd83,0x00000000,0x00000000,0,0,00000000000000000000097d67f60c0000000000000000
2747,0x00000000000,0x00000000000,0x000000000,0x00000000,0x00000000,0,0,0000000000000000000000000000000000000000000000
2748,0x00000000000,0x00000000000,0x000000000,0x00000000,0x00000000,0,0,0000000000000000000000000000000000000000000000
2749,0x00000000000,0x00000000000,0x000000000,0x1d1c5c22,0x00000000,0,0,000000000000000000000000000000e8e2e11000000000
2750,0x00000000000,0x00000000000,0x25f39fd43,0x00000000,0x25a59061,0,0,00000000000000000000097ce7f50c000000025a590610
2751,0x00000000000,0x00000000000,0x03c80026b,0x00000000,0x00000000,0,0,0000000000000000000000f20009ac0000000000000000
2752,0x00000000000,0x000001783e3,0x000000000,0x00000000,0x00000000,0,0,0000000000000001783e30000000000000000000000000
2753,0x00000000000,0x00000000000,0x000000000,0x00000000,0x00000000,0,0,0000000000000000000000000000000000000000000000
2754,0x00000000000,0x00000000000,0x25f79fdc3,0x00000000,0x00000000,0,0,00000000000000000000097de7f70c0000000000000000
2755,0x00000000000,0x00000000000,0x000000000,0x00000000,0x00000000,0,0,0000000000000000000000000000000000000000000000
2756,0x00000000000,0x0000017a3eb,0x03ca002ab,0x1d7d1ce2,0x26261061,0,0,00000000000000017a3eb0f2800aacebe8e71262610610
2757,0x00000000000,0x00000000000,0x000000000,0x00000000,0x00000000,0,0,0000000000000000000000000000000000000000000000
2758,0x00000000000,0x00000000000,0x25f99fe03,0x00000000,0x00000000,0,0,00000000000000000000097e67f80c0000000000000000
2759,0x00000000000,0x00000000000,0x000000000,0x00000000,0x00000000,0,0,0000000000000000000000000000000000000000000000
2760,0x00000000000,0x000001793e7,0x000000000,0x00000000,0x00000000,0,0,0000000000000001793e70000000000000000000000000
2761,0x00000000000,0x00000000000,0x000000000,0x00000000,0x00000000,0,0,0000000000000000000000000000000000000000000000
2762,0x00000000000,0x00000000000,0x25fb9fe43,0x00000000,0x26a69061,0,0,00000000000000000000097ee7f90c000000026a690610
2763,0x00000000000,0x00000000000,0x03cc002eb,0x1d3c9c62,0x00000000,0,0,0000000000000000000000f3000bace9e4e31000000000
2764,0x00000000000,0x0000017b3ef,0x000000000,0x00000000,0x00000000,0,0,00000000000000017b3ef0000000000000000000000000
2765,0x00000000000,0x00000000000,0x000000000,0x00000000,0x00000000,0,0,0000000000000000000000000000000000000000000000
2766,0x00000000000,0x00000000000,0x25fd9fe83,0x00000000,0x00000000,0,0,00000000000000000000097f67fa0c0000000000000000
2767,0x00000000000,0x00000000000,0x000000000,0x00000000,0x00000000,0,0,0000000000000000000000000000000000000000000000
2768,0x00000000000,0x0000017c3f3,0x03fc0052b,0x00000000,0x25e5d061,0,0,00000000000000017c3f30ff0014ac000000025e5d0610
2769,0x00000000000,0x00000000000,0x000000000,0x00000000,0x00000000,0,0,0000000000000000000000000000000000000000000000
2770,0x00000000000,0x00000000000,0x25ff9fec3,0x00000000,0x00000000,0,0,00000000000000000000097fe7fb0c0000000000000000
2771,0x00000000000,0x00000000000,0x000000000,0x00000000,0x00000000,0,0,0000000000000000000000000000000000000000000000
2772,0x00000000000,0x0000017d3f7,0x000000000,0x00000000,0x00000000,0,0,00000000000000017d3f70000000000000000000000000
2773,0x00000000000,0x00000000000,0x000000000,0x00000000,0x00000000,0,0,0000000000000000000000000000000000000000000000
2774,0x00000000000,0x00000000000,0x03fe0056b,0x00000000,0x26665061,0,0,0000000000000000000000ff8015ac0000000266650610
2775,0x00000000000,0x00000000000,0x249038803,0x1d5cdca2,0x00000000,0,0,0000000000000000000009240e200ceae6e51000000000
2776,0x00000000000,0x0000017e3fb,0x000000000,0x00000000,0x00000000,0,0,00000000000000017e3fb0000000000000000000000000
2777,0x00000000000,0x00000000000,0x000000000,0x00000000,0x00000000,0,0,0000000000000000000000000000000000000000000000
2778,0x00000000000,0x00000000000,0x000000000,0x00000000,0x00000000,0,0,0000000000000000000000000000000000000000000000
2779,0x00000000000,0x00000000000,0x249838843,0x00000000,0x00000000,0,0,0000000000000000000009260e210c0000000000000000
2780,0x000001b8383,0x0000017f3ff,0x0200005ab,0x00000000,0x26e6d061,0,0,000006e0e0c000017f3ff0800016ac000000026e6d0610
2781,0x000001b9387,0x00000000000,0x000000000,0x00000000,0x00000000,0,0,000006e4e1c00000000000000000000000000000000000
2782,0x000001ba38b,0x00000000000,0x000000000,0x1d9d5d22,0x00000000,0,0,000006e8e2c0000000000000000000eceae91000000000
2783,0x000001bb38f,0x00000000000,0x249c38863,0x00000000,0x00000000,0,0,000006ece3c00000000009270e218c0000000000000000
2784,0x000001bc393,0x00000000000,0x035201c0c,0x00000000,0x00000000,0,0,000006f0e4c00000000000d48070300000000000000000
2785,0x000001bd397,0x00000000000,0x035401c2c,0x00000000,0x00000000,0,0,000006f4e5c00000000000d50070b00000000000000000
2786,0x000001be39b,0x00000000000,0x02040062b,0x00dfffc2,0x29291061,0,0,000006f8e6c00000000000810018ac06fffe1292910610
2787,0x000001bf39f,0x00000000000,0x24a038883,0x00000000,0x00000000,0,0,000006fce7c00000000009280e220c0000000000000000
2788,0x00000000000,0x00000000000,0x035601c4c,0x00000000,0x00000000,0,0,0000000000000000000000d58071300000000000000000
2789,0x00000000000,0x00000000000,0x035801c6c,0x1dbd9d62,0x00000000,0,0,0000000000000000000000d60071b0edeceb1000000000
2790,0x00000000000,0x00000000000,0x035a01c8c,0x00000000,0x00000000,0,0,0000000000000000000000d68072300000000000000000
2791,0x00000000000,0x00000000000,0x24a4388a3,0x00000000,0x00000000,0,0,0000000000000000000009290e228c0000000000000000
2792,0x00000000000,0x00000000000,0x0208006ab,0x16355524,0x29695061,0,0,000000000000000000000082001aacb1aaa92296950610
2793,0x00000000000,0x00000000000,0x035c01cac,0x00000000,0x00000000,0,0,0000000000000000000000d70072b00000000000000000
2794,0x00000000000,0x00000000000,0x035e01ccc,0x00000000,0x00000000,0,0,0000000000000000000000d78073300000000000000000
2795,0x00000000000,0x00000000000,0x24a8388c3,0x00000000,0x00000000,0,0,00000000000000000000092a0e230c0000000000000000
2796,0x00000000000,0x00000000000,0x036001cec,0x16559564,0x3ddda009,0,0,0000000000000000000000d80073b0b2acab23ddda0090
2797,0x00000000000,0x00000000000,0x000000000,0x00000000,0x00000000,0,0,0000000000000000000000000000000000000000000000
2798,0x00000000000,0x00000000000,0x0202005eb,0x00000000,0x29a99061,0,0,0000000000000000000000808017ac000000029a990610
2799,0x00000000000,0x00000000000,0x24ac388e3,0x00000000,0x00000000,0,0,00000000000000000000092b0e238c0000000000000000
2800,0x00000000000,0x00000000000,0x000000000,0x1675d5a4,0x00000000,0,0,000000000000000000000000000000b3aead2000000000
2801,0x00000000000,0x00000000000,0x000000000,0x00000000,0x00000000,0,0,0000000000000000000000000000000000000000000000
2802,0x00000000000,0x00000000000,0x000000000,0x00000000,0x00000000,0,0,0000000000000000000000000000000000000000000000
2803,0x00000000000,0x00000000000,0x24d076c03,0x00000000,0x00000000,0,0,0000000000000000000009341db00c0000000000000000
2804,0x00000000000,0x00000000000,0x02060066b,0x169615e4,0x29e9d061,0,0,0000000000000000000000818019acb4b0af229e9d0610
2805,0x00000000000,0x00000000000,0x000000000,0x16b65624,0x00000000,0,0,000000000000000000000000000000b5b2b12000000000
2806,0x00000000000,0x00000000000,0x000000000,0x00000000,0x00000000,0,0,0000000000000000000000000000000000000000000000
2807,0x00000000000,0x00000000000,0x24d476c23,0x00000000,0x00000000,0,0,0000000000000000000009351db08c0000000000000000
2808,0x00000000000,0x00000000000,0x000000000,0x00000000,0x00000000,0,0,0000000000000000000000000000000000000000000000
2809,0x00000000000,0x00000000000,0x000000000,0x00000000,0x00000000,0,0,0000000000000000000000000000000000000000000000
2810,0x00000000000,0x00000000000,0x020a006eb,0x00e02002,0x2a2a1061,0,0,000000000000000000000082801bac07010012a2a10610
2811,0x00000000000,0x00000000000,0x24d876c43,0x00000000,0x00000000,0,0,0000000000000000000009361db10c0000000000000000
2812,0x00000000000,0x00000000000,0x000000000,0x16d69664,0x00000000,0,0,000000000000000000000000000000b6b4b32000000000
2813,0x00000000000,0x00000000000,0x000000000,0x00000000,0x00000000,0,0,0000000000000000000000000000000000000000000000
2814,0x00000000000,0x00000000000,0x000000000,0x00000000,0x00000000,0,0,0000000000000000000000000000000000000000000000
2815,0x00000000000,0x00000000000,0x24dc76c63,0x00000000,0x00000000,0,0,0000000000000000000009371db18c0000000000000000
2816,0x00000000000,0x00000000000,0x023a0092b,0x01006042,0x2a6a5061,0,0,00000000000000000000008e8024ac08030212a6a50610
2817,0x00000000000,0x00000000000,0x000000000,0x0140e0c2,0x00000000,0,0,0000000000000000000000000000000a07061000000000
2818,0x00000000000,0x00000000000,0x000000000,0x00000000,0x00000000,0,0,0000000000000000000000000000000000000000000000
2819,0x00000000000,0x00000000000,0x2431dc103,0x00000000,0x00000000,0,0,00000000000000000000090c77040c0000000000000000
2820,0x00000000000,0x00000000000,0x000000000,0x16f6d6a4,0x00000000,0,0,000000000000000000000000000000b7b6b52000000000
2821,0x00000000000,0x00000000000,0x000000000,0x00000000,0x00000000,0,0,0000000000000000000000000000000000000000000000
2822,0x00000000000,0x00000000000,0x023c0096b,0x0120a082,0x2aaa9061,0,0,00000000000000000000008f0025ac09050412aaa90610
2823,0x00000000000,0x00000000000,0x2433dc143,0x00000000,0x00000000,0,0,00000000000000000000090cf7050c0000000000000000
2824,0x00000000000,0x00000000000,0x000000000,0x00000000,0x00000000,0,0,0000000000000000000000000000000000000000000000
2825,0x00000000000,0x00000000000,0x000000000,0x00000000,0x00000000,0,0,0000000000000000000000000000000000000000000000
2826,0x00000000000,0x00000000000,0x000000000,0x00000000,0x00000000,0,0,0000000000000000000000000000000000000000000000
2827,0x00000000000,0x00000000000,0x2435dc183,0x00000000,0x00000000,0,0,00000000000000000000090d77060c0000000000000000
2828,0x00000000000,0x00000000000,0x023e009ab,0x00000000,0x2aead061,0,0,00000000000000000000008f8026ac00000002aead0610
2829,0x00000000000,0x00000180063,0x000000000,0x01612102,0x00000000,0,0,0000000000000001800630000000000b09081000000000
2830,0x00000000000,0x00000000000,0x000000000,0x00000000,0x00000000,0,0,0000000000000000000000000000000000000000000000
2831,0x00000000000,0x00000000000,0x2437dc1c3,0x00000000,0x00000000,0,0,00000000000000000000090df7070c0000000000000000
2832,0x00000000000,0x00000000000,0x000000000,0x00000000,0x00000000,0,0,0000000000000000000000000000000000000000000000
2833,0x00000000000,0x00000181067,0x000000000,0x00000000,0x00000000,0,0,0000000000000001810670000000000000000000000000
2834,0x00000000000,0x00000000000,0x0240009eb,0x04a3c3a2,0x2d2d1061,0,0,0000000000000000000000900027ac251e1d12d2d10610
2835,0x00000000000,0x00000000000,0x2439dc203,0x00000000,0x00000000,0,0,00000000000000000000090e77080c0000000000000000
2836,0x00000000000,0x00000000000,0x000000000,0x01816142,0x00000000,0,0,0000000000000000000000000000000c0b0a1000000000
2837,0x00000000000,0x0000018206b,0x000000000,0x00000000,0x00000000,0,0,00000000000000018206b0000000000000000000000000
2838,0x00000000000,0x00000000000,0x000000000,0x00000000,0x00000000,0,0,0000000000000000000000000000000000000000000000
2839,0x00000000000,0x00000000000,0x243bdc243,0x00000000,0x00000000,0,0,00000000000000000000090ef7090c0000000000000000
2840,0x00000000000,0x00000000000,0x024200a2b,0x00000000,0x2d6d5061,0,0,0000000000000000000000908028ac00000002d6d50610
2841,0x00000000000,0x0000018306f,0x000000000,0x00000000,0x00000000,0,0,00000000000000018306f0000000000000000000000000
2842,0x00000000000,0x00000000000,0x000000000,0x00000000,0x00000000,0,0,0000000000000000000000000000000000000000000000
2843,0x00000000000,0x00000000000,0x243ddc283,0x00000000,0x21a18009,0,0,00000000000000000000090f770a0c000000021a180090
2844,0x00000000000,0x00000000000,0x000000000,0x00000000,0x00000000,0,0,0000000000000000000000000000000000000000000000
2845,0x00000000000,0x00000184073,0x000000000,0x00000000,0x00000000,0,0,0000000000000001840730000000000000000000000000
2846,0x00000000000,0x00000000000,0x024400a6b,0x04c403e2,0x2dad9061,0,0,0000000000000000000000910029ac26201f12dad90610
2847,0x00000000000,0x00000000000,0x243fdc2c3,0x00000000,0x00000000,0,0,00000000000000000000090ff70b0c0000000000000000
2848,0x00000000000,0x00000000000,0x000000000,0x00000000,0x00000000,0,0,0000000000000000000000000000000000000000000000
2849,0x00000000000,0x00000185077,0x000000000,0x00000000,0x00000000,0,0,0000000000000001850770000000000000000000000000
2850,0x00000000000,0x00000000000,0x000000000,0x00000000,0x00000000,0,0,0000000000000000000000000000000000000000000000
2851,0x00000000000,0x00000000000,0x24e076c83,0x00000000,0x00000000,0,0,0000000000000000000009381db20c0000000000000000
2852,0x00000000000,0x00000000000,0x024600aab,0x00000000,0x2dedd061,0,0,000000000000000000000091802aac00000002dedd0610
2853,0x00000000000,0x0000018607b,0x000000000,0x0524c4a2,0x00000000,0,0,00000000000000018607b0000000002926251000000000
2854,0x00000000000,0x00000000000,0x000000000,0x00000000,0x00000000,0,0,0000000000000000000000000000000000000000000000
2855,0x00000000000,0x00000000000,0x24e476ca3,0x00000000,0x00000000,0,0,0000000000000000000009391db28c0000000000000000
2856,0x00000000000,0x00000000000,0x000000000,0x00000000,0x00000000,0,0,0000000000000000000000000000000000000000000000
2857,0x000001c0003,0x0000018707f,0x000000000,0x00000000,0x00000000,0,0,0000070000c000018707f0000000000000000000000000
2858,0x000001c1007,0x00000000000,0x024800aeb,0x04e44422,0x00000000,0,0,0000070401c0000000000092002bac2722211000000000
2859,0x000001c200b,0x00000000000,0x24e876cc3,0x00000000,0x00000000,0,0,0000070802c000000000093a1db30c0000000000000000
2860,0x000001c300f,0x00000000000,0x03900000c,0x00000000,0x00000000,0,0,0000070c03c00000000000e40000300000000000000000
2861,0x000001c4013,0x00000000000,0x03920002c,0x00000000,0x2e2e1061,0,0,0000071004c00000000000e48000b000000002e2e10610
2862,0x000001c5017,0x00000000000,0x03940004c,0x00000000,0x00000000,0,0,0000071405c00000000000e50001300000000000000000
2863,0x000001c601b,0x00000000000,0x24ec76ce3,0x00000000,0x00000000,0,0,0000071806c000000000093b1db38c0000000000000000
2864,0x000001c701f,0x00000000000,0x027800d2b,0x00000000,0x00000000,0,0,0000071c07c000000000009e0034ac0000000000000000
2865,0x00000000000,0x00000000000,0x03960006c,0x00000000,0x00000000,0,0,0000000000000000000000e58001b00000000000000000
2866,0x00000000000,0x00000000000,0x03980008c,0x00000000,0x00000000,0,0,0000000000000000000000e60002300000000000000000
2867,0x00000000000,0x00000000000,0x039a000ac,0x00000000,0x2e6e5061,0,0,0000000000000000000000e68002b000000002e6e50610
2868,0x00000000000,0x00000000000,0x039c000cc,0x1a193904,0x00000000,0,0,0000000000000000000000e7000330d0c9c82000000000
2869,0x00000000000,0x00000000000,0x24701a503,0x00000000,0x00000000,0,0,00000000000000000000091c06940c0000000000000000
2870,0x00000000000,0x00000000000,0x027a00d6b,0x05048462,0x00000000,0,0,00000000000000000000009e8035ac2824231000000000
2871,0x00000000000,0x00000000000,0x039e000ec,0x00000000,0x00000000,0,0,0000000000000000000000e78003b00000000000000000
2872,0x00000000000,0x00000000000,0x000000000,0x1a397944,0x00000000,0,0,000000000000000000000000000000d1cbca2000000000
2873,0x00000000000,0x00000000000,0x24721a543,0x00000000,0x2eae9061,0,0,00000000000000000000091c86950c00000002eae90610
2874,0x00000000000,0x00000000000,0x000000000,0x1a59b984,0x00000000,0,0,000000000000000000000000000000d2cdcc2000000000
2875,0x00000000000,0x00000000000,0x000000000,0x00000000,0x00000000,0,0,0000000000000000000000000000000000000000000000
2876,0x00000000000,0x00000000000,0x027c00dab,0x00000000,0x00000000,0,0,00000000000000000000009f0036ac0000000000000000
2877,0x00000000000,0x00000000000,0x24741a583,0x054504e2,0x00000000,0,0,00000000000000000000091d06960c2a28271000000000
2878,0x00000000000,0x00000000000,0x000000000,0x1a79f9c4,0x00000000,0,0,000000000000000000000000000000d3cfce2000000000
2879,0x00000000000,0x000001880e3,0x000000000,0x1a9a3a04,0x2eeed061,0,0,0000000000000001880e3000000000d4d1d022eeed0610
2880,0x00000000000,0x00000000000,0x000000000,0x00000000,0x00000000,0,0,0000000000000000000000000000000000000000000000
2881,0x00000000000,0x00000000000,0x24761a5c3,0x00000000,0x00000000,0,0,00000000000000000000091d86970c0000000000000000
2882,0x00000000000,0x00000000000,0x027e00deb,0x0887a782,0x00000000,0,0,00000000000000000000009f8037ac443d3c1000000000
2883,0x00000000000,0x000001890e7,0x000000000,0x00000000,0x00000000,0,0,0000000000000001890e70000000000000000000000000
2884,0x00000000000,0x00000000000,0x000000000,0x05654522,0x00000000,0,0,0000000000000000000000000000002b2a291000000000
2885,0x00000000000,0x00000000000,0x24781a603,0x1aba7a44,0x00000000,0,0,00000000000000000000091e06980cd5d3d22000000000
2886,0x00000000000,0x00000000000,0x000000000,0x00000000,0x00000000,0,0,0000000000000000000000000000000000000000000000
2887,0x00000000000,0x0000018a0eb,0x000000000,0x00000000,0x00000000,0,0,00000000000000018a0eb0000000000000000000000000
2888,0x00000000000,0x00000000000,0x000000000,0x00000000,0x00000000,0,0,0000000000000000000000000000000000000000000000
2889,0x00000000000,0x00000000000,0x247a1a643,0x00000000,0x00000000,0,0,00000000000000000000091e86990c0000000000000000
2890,0x00000000000,0x00000000000,0x000000000,0x00000000,0x00000000,0,0,0000000000000000000000000000000000000000000000
2891,0x00000000000,0x0000018b0ef,0x028000e2b,0x00000000,0x25856009,0,0,00000000000000018b0ef0a00038ac0000000258560090
2892,0x00000000000,0x00000000000,0x000000000,0x1adaba84,0x00000000,0,0,000000000000000000000000000000d6d5d42000000000
2893,0x00000000000,0x00000000000,0x000000000,0x00000000,0x00000000,0,0,0000000000000000000000000000000000000000000000
2894,0x00000000000,0x00000000000,0x000000000,0x08a7e7c2,0x00000000,0,0,000000000000000000000000000000453f3e1000000000
2895,0x00000000000,0x0000018c0f3,0x000000000,0x00000000,0x00000000,0,0,00000000000000018c0f30000000000000000000000000
2896,0x00000000000,0x00000000000,0x000000000,0x00000000,0x00000000,0,0,0000000000000000000000000000000000000000000000
2897,0x00000000000,0x00000000000,0x028200e6b,0x00000000,0x00000000,0,0,0000000000000000000000a08039ac0000000000000000
2898,0x00000000000,0x00000000000,0x000000000,0x00000000,0x00000000,0,0,0000000000000000000000000000000000000000000000
2899,0x00000000000,0x0000018d0f7,0x000000000,0x00000000,0x00000000,0,0,00000000000000018d0f70000000000000000000000000
2900,0x00000000000,0x00000000000,0x000000000,0x00000000,0x00000000,0,0,0000000000000000000000000000000000000000000000
2901,0x00000000000,0x00000000000,0x000000000,0x0908a882,0x00000000,0,0,0000000000000000000000000000004845441000000000
2902,0x00000000000,0x00000000000,0x047c1a683,0x00000000,0x00000000,0,0,00000000000000000000011f069a0c0000000000000000
2903,0x00000000000,0x00000000000,0x047e1a6c3,0x00000000,0x00000000,0,0,00000000000000000000011f869b0c0000000000000000
2904,0x00000000000,0x00000000000,0x028400eab,0x00000000,0x00000000,0,0,0000000000000000000000a1003aac0000000000000000
2905,0x00000000000,0x00000000000,0x0510b5003,0x00000000,0x00000000,0,0,0000000000000000000001442d400c0000000000000000
2906,0x00000000000,0x00000000000,0x0514b5023,0x00000000,0x00000000,0,0,0000000000000000000001452d408c0000000000000000
2907,0x00000000000,0x00000000000,0x0518b5043,0x00000000,0x00000000,0,0,0000000000000000000001462d410c0000000000000000
2908,0x00000000000,0x00000000000,0x051cb5063,0x00000000,0x00000000,0,0,0000000000000000000001472d418c0000000000000000
2909,0x00000000000,0x0000018e0fb,0x028600eeb,0x00000000,0x00000000,0,0,00000000000000018e0fb0a1803bac0000000000000000
2910,0x000001c8083,0x0000018f0ff,0x0520b5083,0x08c82802,0x00000000,0,0,0000072020c000018f0ff1482d420c4641401000000000
2911,0x000001c9087,0x00000000000,0x0524b50a3,0x00000000,0x00000000,0,0,0000072421c00000000001492d428c0000000000000000
2912,0x000001cb08f,0x00000000000,0x0528b50c3,0x00000000,0x31311061,0,0,0000072c23c000000000014a2d430c0000000313110610
2913,0x000001ca08b,0x00000000000,0x04b058903,0x00000000,0x00000000,0,0,0000072822c000000000012c16240c0000000000000000
2914,0x000001cd097,0x00000000000,0x04b258943,0x00000000,0x00000000,0,0,0000073425c000000000012c96250c0000000000000000
2915,0x000001cc093,0x00000000000,0x04b458983,0x00000000,0x00000000,0,0,0000073024c000000000012d16260c0000000000000000
2916,0x000001ce09b,0x00000000000,0x04b6589c3,0x00000000,0x00000000,0,0,0000073826c000000000012d96270c0000000000000000
2917,0x000001cf09f,0x00000000000,0x04b858a03,0x00000000,0x00000000,0,0,0000073c27c000000000012e16280c0000000000000000
2918,0x00000000000,0x00000000000,0x04ba58a43,0x00000000,0x31b19061,0,0,00000000000000000000012e96290c000000031b190610
2919,0x00000000000,0x00000000000,0x04bc58a83,0x00000000,0x00000000,0,0,00000000000000000000012f162a0c0000000000000000
2920,0x00000000000,0x00000190163,0x24be58ac3,0x00000000,0x00000000,0,0,00000000000000019016392f962b0c0000000000000000
2921,0x00000000000,0x00000191167,0x03d20044c,0x08e86842,0x00000000,0,0,0000000000000001911670f48011304743421000000000
2922,0x00000000000,0x0000019216b,0x03ce0040c,0x00000000,0x00000000,0,0,00000000000000019216b0f38010300000000000000000
2923,0x00000000000,0x0000019316f,0x03d00042c,0x00000000,0x00000000,0,0,00000000000000019316f0f40010b00000000000000000
2924,0x00000000000,0x00000194173,0x252cb50e3,0x00000000,0x31715061,0,0,00000000000000019417394b2d438c0000000317150610
2925,0x00000000000,0x00000195177,0x03d40046c,0x00000000,0x00000000,0,0,0000000000000001951770f50011b00000000000000000
2926,0x00000000000,0x0000019617b,0x03d60048c,0x00000000,0x00000000,0,0,00000000000000019617b0f58012300000000000000000
2927,0x00000000000,0x00000000000,0x03d8004ac,0x00000000,0x00000000,0,0,0000000000000000000000f60012b00000000000000000
2928,0x00000000000,0x00000000000,0x2550f3403,0x0928e8c2,0x00000000,0,0,0000000000000000000009543cd00c4947461000000000
2929,0x00000000000,0x00000000000,0x03da004cc,0x00000000,0x00000000,0,0,0000000000000000000000f68013300000000000000000
2930,0x000001d0103,0x0000019717f,0x000000000,0x1dfd1ce4,0x31f1d061,0,0,0000074040c000019717f000000000efe8e7231f1d0610
2931,0x000001d1107,0x00000000000,0x03dc004ec,0x00000000,0x00000000,0,0,0000074441c00000000000f70013b00000000000000000
2932,0x000001d210b,0x00000000000,0x2554f3423,0x00000000,0x00000000,0,0,0000074842c00000000009553cd08c0000000000000000
2933,0x000001d310f,0x00000000000,0x020c0080c,0x1e1d5d24,0x00000000,0,0,0000074c43c0000000000083002030f0eae92000000000
2934,0x000001d4113,0x00000000000,0x020e0082c,0x1e3d9d64,0x00000000,0,0,0000075044c00000000000838020b0f1eceb2000000000
2935,0x000001d5117,0x00000000000,0x02100084c,0x09492902,0x00000000,0,0,0000075445c00000000000840021304a49481000000000
2936,0x000001d611b,0x00000000000,0x2558f3443,0x00000000,0x32321061,0,0,0000075846c00000000009563cd10c0000000323210610
2937,0x000001d711f,0x00000000000,0x02120086c,0x00000000,0x00000000,0,0,0000075c47c00000000000848021b00000000000000000
2938,0x00000000000,0x00000000000,0x0216008ac,0x1e5ddda4,0x00000000,0,0,0000000000000000000000858022b0f2eeed2000000000
2939,0x00000000000,0x00000000000,0x02140088c,0x00000000,0x00000000,0,0,0000000000000000000000850022300000000000000000
2940,0x00000000000,0x00000000000,0x255cf3463,0x1e7e1de4,0x00000000,0,0,0000000000000000000009573cd18cf3f0ef2000000000
2941,0x00000000000,0x00000000000,0x0218008cc,0x01c0e0c4,0x00000000,0,0,0000000000000000000000860023300e07062000000000
2942,0x00000000000,0x00000000000,0x02b60112b,0x00000000,0x29694009,0,0,0000000000000000000000ad8044ac0000000296940090
2943,0x00000000000,0x00000000000,0x021a008ec,0x00000000,0x32725061,0,0,0000000000000000000000868023b00000000327250610
2944,0x00000000000,0x00000000000,0x2560f3483,0x00000000,0x00000000,0,0,0000000000000000000009583cd20c0000000000000000
2945,0x00000000000,0x00000000000,0x000000000,0x1e9e5e24,0x00000000,0,0,000000000000000000000000000000f4f2f12000000000
2946,0x00000000000,0x00000000000,0x000000000,0x01e12104,0x00000000,0,0,0000000000000000000000000000000f09082000000000
2947,0x00000000000,0x00000000000,0x000000000,0x02016144,0x00000000,0,0,000000000000000000000000000000100b0a2000000000
2948,0x00000000000,0x00000000000,0x02ba011ab,0x00000000,0x00000000,0,0,0000000000000000000000ae8046ac0000000000000000
2949,0x00000000000,0x00000000000,0x2564f34a3,0x00000000,0x32b29061,0,0,0000000000000000000009593cd28c000000032b290610
2950,0x00000000000,0x00000000000,0x000000000,0x0221a184,0x00000000,0,0,000000000000000000000000000000110d0c2000000000
2951,0x00000000000,0x00000000000,0x000000000,0x00000000,0x00000000,0,0,0000000000000000000000000000000000000000000000
2952,0x00000000000,0x00000000000,0x000000000,0x1ebe9e64,0x00000000,0,0,000000000000000000000000000000f5f4f32000000000
2953,0x00000000000,0x00000000000,0x2568f34c3,0x0241e1c4,0x00000000,0,0,00000000000000000000095a3cd30c120f0e2000000000
2954,0x00000000000,0x00000000000,0x02b80116b,0x00000000,0x00000000,0,0,0000000000000000000000ae0045ac0000000000000000
2955,0x00000000000,0x00000000000,0x000000000,0x00000000,0x32f2d061,0,0,000000000000000000000000000000000000032f2d0610
2956,0x00000000000,0x00000000000,0x000000000,0x00000000,0x00000000,0,0,0000000000000000000000000000000000000000000000
2957,0x00000000000,0x00000000000,0x256cf34e3,0x00000000,0x00000000,0,0,00000000000000000000095b3cd38c0000000000000000
2958,0x00000000000,0x00000000000,0x000000000,0x02622204,0x00000000,0,0,0000000000000000000000000000001311102000000000
2959,0x00000000000,0x00000000000,0x000000000,0x00000000,0x00000000,0,0,0000000000000000000000000000000000000000000000
2960,0x00000000000,0x00000000000,0x02bc011eb,0x00000000,0x00000000,0,0,0000000000000000000000af0047ac0000000000000000
2961,0x00000000000,0x00000000000,0x259531823,0x00000000,0x35351061,0,0,0000000000000000000009654c608c0000000353510610
2962,0x00000000000,0x00000000000,0x000000000,0x00000000,0x00000000,0,0,0000000000000000000000000000000000000000000000
2963,0x00000000000,0x00000000000,0x000000000,0x00000000,0x00000000,0,0,0000000000000000000000000000000000000000000000
2964,0x00000000000,0x00000000000,0x000000000,0x00000000,0x00000000,0,0,0000000000000000000000000000000000000000000000
2965,0x00000000000,0x00000000000,0x24f096d03,0x00000000,0x00000000,0,0,00000000000000000000093c25b40c0000000000000000
2966,0x00000000000,0x00000000000,0x02be0122b,0x0c6b8b62,0x00000000,0,0,0000000000000000000000af8048ac635c5b1000000000
2967,0x00000000000,0x00000000000,0x000000000,0x02826244,0x35755061,0,0,0000000000000000000000000000001413122357550610
2968,0x00000000000,0x00000000000,0x000000000,0x00000000,0x00000000,0,0,0000000000000000000000000000000000000000000000
2969,0x00000000000,0x00000000000,0x24f496d83,0x00000000,0x00000000,0,0,00000000000000000000093d25b60c0000000000000000
2970,0x00000000000,0x00000000000,0x000000000,0x00000000,0x00000000,0,0,0000000000000000000000000000000000000000000000
2971,0x00000000000,0x00000000000,0x000000000,0x00000000,0x00000000,0,0,0000000000000000000000000000000000000000000000
2972,0x00000000000,0x00000000000,0x000000000,0x0c8bcba2,0x00000000,0,0,000000000000000000000000000000645e5d1000000000
2973,0x00000000000,0x00000000000,0x24f296d43,0x00000000,0x35b59061,0,0,00000000000000000000093ca5b50c000000035b590610
2974,0x00000000000,0x00000000000,0x02c00126b,0x00000000,0x00000000,0,0,0000000000000000000000b00049ac0000000000000000
2975,0x00000000000,0x000001981e3,0x000000000,0x00000000,0x00000000,0,0,0000000000000001981e30000000000000000000000000
2976,0x00000000000,0x00000000000,0x000000000,0x00000000,0x00000000,0,0,0000000000000000000000000000000000000000000000
2977,0x00000000000,0x00000000000,0x24f696dc3,0x00000000,0x00000000,0,0,00000000000000000000093da5b70c0000000000000000
2978,0x00000000000,0x00000000000,0x000000000,0x00000000,0x00000000,0,0,0000000000000000000000000000000000000000000000
2979,0x00000000000,0x0000019a1eb,0x02c2012ab,0x0cec8c62,0x36361061,0,0,00000000000000019a1eb0b0804aac6764631363610610
2980,0x00000000000,0x00000000000,0x000000000,0x00000000,0x00000000,0,0,0000000000000000000000000000000000000000000000
2981,0x00000000000,0x00000000000,0x24f896e03,0x00000000,0x00000000,0,0,00000000000000000000093e25b80c0000000000000000
2982,0x00000000000,0x00000000000,0x000000000,0x00000000,0x00000000,0,0,0000000000000000000000000000000000000000000000
2983,0x00000000000,0x000001991e7,0x000000000,0x00000000,0x00000000,0,0,0000000000000001991e70000000000000000000000000
2984,0x00000000000,0x00000000000,0x000000000,0x00000000,0x00000000,0,0,0000000000000000000000000000000000000000000000
2985,0x00000000000,0x00000000000,0x24fa96e43,0x00000000,0x36b69061,0,0,00000000000000000000093ea5b90c000000036b690610
2986,0x00000000000,0x00000000000,0x02c4012eb,0x0cac0be2,0x00000000,0,0,0000000000000000000000b1004bac65605f1000000000
2987,0x00000000000,0x0000019b1ef,0x000000000,0x00000000,0x00000000,0,0,00000000000000019b1ef0000000000000000000000000
2988,0x00000000000,0x00000000000,0x000000000,0x00000000,0x00000000,0,0,0000000000000000000000000000000000000000000000
2989,0x00000000000,0x00000000000,0x24fc96e83,0x00000000,0x00000000,0,0,00000000000000000000093f25ba0c0000000000000000
2990,0x00000000000,0x00000000000,0x000000000,0x00000000,0x00000000,0,0,0000000000000000000000000000000000000000000000
2991,0x00000000000,0x0000019c1f3,0x02f40152b,0x00000000,0x35f5d061,0,0,00000000000000019c1f30bd0054ac000000035f5d0610
2992,0x00000000000,0x00000000000,0x000000000,0x00000000,0x00000000,0,0,0000000000000000000000000000000000000000000000
2993,0x00000000000,0x00000000000,0x24fe96ec3,0x00000000,0x00000000,0,0,00000000000000000000093fa5bb0c0000000000000000
2994,0x00000000000,0x00000000000,0x000000000,0x00000000,0x00000000,0,0,0000000000000000000000000000000000000000000000
2995,0x00000000000,0x0000019d1f7,0x000000000,0x00000000,0x00000000,0,0,00000000000000019d1f70000000000000000000000000
2996,0x00000000000,0x00000000000,0x000000000,0x00000000,0x00000000,0,0,0000000000000000000000000000000000000000000000
2997,0x00000000000,0x00000000000,0x02f60156b,0x00000000,0x36765061,0,0,0000000000000000000000bd8055ac0000000367650610
2998,0x00000000000,0x00000000000,0x259131803,0x0ccc4c22,0x00000000,0,0,0000000000000000000009644c600c6662611000000000
2999,0x00000000000,0x0000019e1fb,0x000000000,0x00000000,0x00000000,0,0,00000000000000019e1fb0000000000000000000000000
3000,0x00000000000,0x00000000000,0x000000000,0x00000000,0x00000000,0,0,0000000000000000000000000000000000000000000000
3001,0x00000000000,0x00000000000,0x000000000,0x00000000,0x00000000,0,0,0000000000000000000000000000000000000000000000
3002,0x00000000000,0x00000000000,0x259931843,0x00000000,0x00000000,0,0,0000000000000000000009664c610c0000000000000000
3003,0x000001d8183,0x0000019f1ff,0x02f8015ab,0x00000000,0x36f6d061,0,0,0000076060c000019f1ff0be0056ac000000036f6d0610
3004,0x000001d9187,0x00000000000,0x000000000,0x00000000,0x00000000,0,0,0000076461c00000000000000000000000000000000000
3005,0x000001da18b,0x00000000000,0x000000000,0x0d0ccca2,0x00000000,0,0,0000076862c00000000000000000006866651000000000
3006,0x000001db18f,0x00000000000,0x259d31863,0x00000000,0x00000000,0,0,0000076c63c00000000009674c618c0000000000000000
3007,0x000001dc193,0x00000000000,0x024a00c0c,0x00000000,0x00000000,0,0,0000077064c00000000000928030300000000000000000
3008,0x000001dd197,0x00000000000,0x024c00c2c,0x00000000,0x00000000,0,0,0000077465c00000000000930030b00000000000000000
3009,0x000001de19b,0x00000000000,0x02fc0162b,0x104f6f42,0x39391061,0,0,0000077866c00000000000bf0058ac827b7a1393910610
3010,0x000001df19f,0x00000000000,0x25a131883,0x00000000,0x00000000,0,0,0000077c67c00000000009684c620c0000000000000000
3011,0x00000000000,0x00000000000,0x024e00c4c,0x00000000,0x00000000,0,0,0000000000000000000000938031300000000000000000
3012,0x00000000000,0x00000000000,0x025000c6c,0x0d2d0ce2,0x00000000,0,0,0000000000000000000000940031b06968671000000000
3013,0x00000000000,0x00000000000,0x025200c8c,0x00000000,0x00000000,0,0,0000000000000000000000948032300000000000000000
3014,0x00000000000,0x00000000000,0x25a5318a3,0x00000000,0x00000000,0,0,0000000000000000000009694c628c0000000000000000
3015,0x00000000000,0x00000000000,0x0300016ab,0x05a4c4a4,0x39795061,0,0,0000000000000000000000c0005aac2d26252397950610
3016,0x00000000000,0x00000000000,0x025400cac,0x00000000,0x00000000,0,0,0000000000000000000000950032b00000000000000000
3017,0x00000000000,0x00000000000,0x025600ccc,0x00000000,0x00000000,0,0,0000000000000000000000958033300000000000000000
3018,0x00000000000,0x00000000000,0x25a9318c3,0x00000000,0x00000000,0,0,00000000000000000000096a4c630c0000000000000000
3019,0x00000000000,0x00000000000,0x025800cec,0x05c504e4,0x2d4d2009,0,0,0000000000000000000000960033b02e282722d4d20090
3020,0x00000000000,0x00000000000,0x000000000,0x00000000,0x00000000,0,0,0000000000000000000000000000000000000000000000
3021,0x00000000000,0x00000000000,0x02fa015eb,0x00000000,0x39b99061,0,0,0000000000000000000000be8057ac000000039b990610
3022,0x00000000000,0x00000000000,0x25ad318e3,0x00000000,0x00000000,0,0,00000000000000000000096b4c638c0000000000000000
3023,0x00000000000,0x00000000000,0x000000000,0x05e54524,0x00000000,0,0,0000000000000000000000000000002f2a292000000000
3024,0x00000000000,0x00000000000,0x000000000,0x00000000,0x00000000,0,0,0000000000000000000000000000000000000000000000
3025,0x00000000000,0x00000000000,0x000000000,0x00000000,0x00000000,0,0,0000000000000000000000000000000000000000000000
3026,0x00000000000,0x00000000000,0x25d16fc03,0x00000000,0x00000000,0,0,0000000000000000000009745bf00c0000000000000000
3027,0x00000000000,0x00000000000,0x02fe0166b,0x06058564,0x39f9d061,0,0,0000000000000000000000bf8059ac302c2b239f9d0610
3028,0x00000000000,0x00000000000,0x000000000,0x0625c5a4,0x00000000,0,0,000000000000000000000000000000312e2d2000000000
3029,0x00000000000,0x00000000000,0x000000000,0x00000000,0x00000000,0,0,0000000000000000000000000000000000000000000000
3030,0x00000000000,0x00000000000,0x25d56fc23,0x00000000,0x00000000,0,0,0000000000000000000009755bf08c0000000000000000
3031,0x00000000000,0x00000000000,0x000000000,0x00000000,0x00000000,0,0,0000000000000000000000000000000000000000000000
3032,0x00000000000,0x00000000000,0x000000000,0x00000000,0x00000000,0,0,0000000000000000000000000000000000000000000000
3033,0x00000000000,0x00000000000,0x0302016eb,0x106faf82,0x3a3a1061,0,0,0000000000000000000000c0805bac837d7c13a3a10610
3034,0x00000000000,0x00000000000,0x25d96fc43,0x00000000,0x00000000,0,0,0000000000000000000009765bf10c0000000000000000
3035,0x00000000000,0x00000000000,0x000000000,0x064605e4,0x00000000,0,0,00000000000000000000000000000032302f2000000000
3036,0x00000000000,0x00000000000,0x000000000,0x00000000,0x00000000,0,0,0000000000000000000000000000000000000000000000
3037,0x00000000000,0x00000000000,0x000000000,0x00000000,0x00000000,0,0,0000000000000000000000000000000000000000000000
3038,0x00000000000,0x00000000000,0x25dd6fc63,0x00000000,0x00000000,0,0,0000000000000000000009775bf18c0000000000000000
3039,0x00000000000,0x00000000000,0x03320192b,0x108fefc2,0x3a7a5061,0,0,0000000000000000000000cc8064ac847f7e13a7a50610
3040,0x00000000000,0x00000000000,0x000000000,0x10d07042,0x00000000,0,0,0000000000000000000000000000008683821000000000
3041,0x00000000000,0x00000000000,0x000000000,0x00000000,0x00000000,0,0,0000000000000000000000000000000000000000000000
3042,0x00000000000,0x00000000000,0x2530d5103,0x00000000,0x00000000,0,0,00000000000000000000094c35440c0000000000000000
3043,0x00000000000,0x00000000000,0x000000000,0x06664624,0x00000000,0,0,0000000000000000000000000000003332312000000000
3044,0x00000000000,0x00000000000,0x000000000,0x00000000,0x00000000,0,0,0000000000000000000000000000000000000000000000
3045,0x00000000000,0x00000000000,0x03340196b,0x10b03002,0x3aba9061,0,0,0000000000000000000000cd0065ac85818013aba90610
3046,0x00000000000,0x00000000000,0x2532d5143,0x00000000,0x00000000,0,0,00000000000000000000094cb5450c0000000000000000
3047,0x00000000000,0x00000000000,0x000000000,0x00000000,0x00000000,0,0,0000000000000000000000000000000000000000000000
3048,0x00000000000,0x00000000000,0x000000000,0x00000000,0x00000000,0,0,0000000000000000000000000000000000000000000000
3049,0x00000000000,0x00000000000,0x000000000,0x00000000,0x00000000,0,0,0000000000000000000000000000000000000000000000
3050,0x00000000000,0x00000000000,0x2534d5183,0x00000000,0x00000000,0,0,00000000000000000000094d35460c0000000000000000
3051,0x00000000000,0x00000000000,0x0336019ab,0x00000000,0x3afad061,0,0,0000000000000000000000cd8066ac00000003afad0610
3052,0x00000000000,0x000001a0263,0x000000000,0x10f0b082,0x00000000,0,0,0000000000000001a02630000000008785841000000000
3053,0x00000000000,0x00000000000,0x000000000,0x00000000,0x00000000,0,0,0000000000000000000000000000000000000000000000
3054,0x00000000000,0x00000000000,0x2536d51c3,0x00000000,0x00000000,0,0,00000000000000000000094db5470c0000000000000000
3055,0x00000000000,0x00000000000,0x000000000,0x00000000,0x00000000,0,0,0000000000000000000000000000000000000000000000
3056,0x00000000000,0x000001a1267,0x000000000,0x00000000,0x00000000,0,0,0000000000000001a12670000000000000000000000000
3057,0x00000000000,0x00000000000,0x0338019eb,0x14335322,0x3d3d1061,0,0,0000000000000000000000ce0067aca19a9913d3d10610
3058,0x00000000000,0x00000000000,0x2538d5203,0x00000000,0x00000000,0,0,00000000000000000000094e35480c0000000000000000
3059,0x00000000000,0x00000000000,0x000000000,0x1110f0c2,0x00000000,0,0,0000000000000000000000000000008887861000000000
3060,0x00000000000,0x000001a226b,0x000000000,0x00000000,0x00000000,0,0,0000000000000001a226b0000000000000000000000000
3061,0x00000000000,0x00000000000,0x000000000,0x00000000,0x00000000,0,0,0000000000000000000000000000000000000000000000
3062,0x00000000000,0x00000000000,0x253ad5243,0x00000000,0x00000000,0,0,00000000000000000000094eb5490c0000000000000000
3063,0x00000000000,0x00000000000,0x033a01a2b,0x00000000,0x3d7d5061,0,0,0000000000000000000000ce8068ac00000003d7d50610
3064,0x00000000000,0x000001a326f,0x000000000,0x00000000,0x00000000,0,0,0000000000000001a326f0000000000000000000000000
3065,0x00000000000,0x00000000000,0x000000000,0x00000000,0x00000000,0,0,0000000000000000000000000000000000000000000000
3066,0x00000000000,0x00000000000,0x253cd5283,0x00000000,0x31310009,0,0,00000000000000000000094f354a0c0000000313100090
3067,0x00000000000,0x00000000000,0x000000000,0x00000000,0x00000000,0,0,0000000000000000000000000000000000000000000000
3068,0x00000000000,0x000001a4273,0x000000000,0x00000000,0x00000000,0,0,0000000000000001a42730000000000000000000000000
3069,0x00000000000,0x00000000000,0x033c01a6b,0x14539362,0x3dbd9061,0,0,0000000000000000000000cf0069aca29c9b13dbd90610
3070,0x00000000000,0x00000000000,0x253ed52c3,0x00000000,0x00000000,0,0,00000000000000000000094fb54b0c0000000000000000
3071,0x00000000000,0x00000000000,0x000000000,0x00000000,0x00000000,0,0,0000000000000000000000000000000000000000000000
3072,0x00000000000,0x000001a5277,0x000000000,0x00000000,0x00000000,0,0,0000000000000001a52770000000000000000000000000
3073,0x00000000000,0x00000000000,0x000000000,0x00000000,0x00000000,0,0,0000000000000000000000000000000000000000000000
3074,0x00000000000,0x00000000000,0x25e16fc83,0x00000000,0x00000000,0,0,0000000000000000000009785bf20c0000000000000000
3075,0x00000000000,0x00000000000,0x033e01aab,0x00000000,0x3dfdd061,0,0,0000000000000000000000cf806aac00000003dfdd0610
3076,0x00000000000,0x000001a627b,0x000000000,0x14b45422,0x00000000,0,0,0000000000000001a627b000000000a5a2a11000000000
3077,0x00000000000,0x00000000000,0x000000000,0x00000000,0x00000000,0,0,0000000000000000000000000000000000000000000000
3078,0x00000000000,0x00000000000,0x25e56fca3,0x00000000,0x00000000,0,0,0000000000000000000009795bf28c0000000000000000
3079,0x00000000000,0x00000000000,0x000000000,0x00000000,0x00000000,0,0,0000000000000000000000000000000000000000000000
3080,0x000001e0203,0x000001a727f,0x000000000,0x00000000,0x00000000,0,0,0000078080c00001a727f0000000000000000000000000
3081,0x000001e1207,0x00000000000,0x034001aeb,0x1473d3a2,0x00000000,0,0,0000078481c00000000000d0006baca39e9d1000000000
3082,0x000001e220b,0x00000000000,0x25e96fcc3,0x00000000,0x00000000,0,0,0000078882c000000000097a5bf30c0000000000000000
3083,0x000001e320f,0x00000000000,0x02880100c,0x00000000,0x00000000,0,0,0000078c83c00000000000a20040300000000000000000
3084,0x000001e4213,0x00000000000,0x028a0102c,0x00000000,0x3e3e1061,0,0,0000079084c00000000000a28040b000000003e3e10610
3085,0x000001e5217,0x00000000000,0x028c0104c,0x00000000,0x00000000,0,0,0000079485c00000000000a30041300000000000000000
3086,0x000001e621b,0x00000000000,0x25ed6fce3,0x00000000,0x00000000,0,0,0000079886c000000000097b5bf38c0000000000000000
3087,0x000001e721f,0x00000000000,0x037001d2b,0x00000000,0x00000000,0,0,0000079c87c00000000000dc0074ac0000000000000000
3088,0x00000000000,0x00000000000,0x028e0106c,0x00000000,0x00000000,0,0,0000000000000000000000a38041b00000000000000000
3089,0x00000000000,0x00000000000,0x02900108c,0x00000000,0x00000000,0,0,0000000000000000000000a40042300000000000000000
3090,0x00000000000,0x00000000000,0x0292010ac,0x00000000,0x3e7e5061,0,0,0000000000000000000000a48042b000000003e7e50610
3091,0x00000000000,0x00000000000,0x0294010cc,0x0988a884,0x00000000,0,0,0000000000000000000000a50043304c45442000000000
3092,0x00000000000,0x00000000000,0x257113503,0x00000000,0x00000000,0,0,00000000000000000000095c44d40c0000000000000000
3093,0x00000000000,0x00000000000,0x037201d6b,0x149413e2,0x00000000,0,0,0000000000000000000000dc8075aca4a09f1000000000
3094,0x00000000000,0x00000000000,0x0296010ec,0x00000000,0x00000000,0,0,0000000000000000000000a58043b00000000000000000
3095,0x00000000000,0x00000000000,0x000000000,0x09a8e8c4,0x00000000,0,0,0000000000000000000000000000004d47462000000000
3096,0x00000000000,0x00000000000,0x257313543,0x00000000,0x3ebe9061,0,0,00000000000000000000095cc4d50c00000003ebe90610
3097,0x00000000000,0x00000000000,0x000000000,0x09c92904,0x00000000,0,0,0000000000000000000000000000004e49482000000000
3098,0x00000000000,0x00000000000,0x000000000,0x00000000,0x00000000,0,0,0000000000000000000000000000000000000000000000
3099,0x00000000000,0x00000000000,0x037401dab,0x00000000,0x00000000,0,0,0000000000000000000000dd0076ac0000000000000000
3100,0x00000000000,0x00000000000,0x257513583,0x14d49462,0x00000000,0,0,00000000000000000000095d44d60ca6a4a31000000000
3101,0x00000000000,0x00000000000,0x000000000,0x09e96944,0x00000000,0,0,0000000000000000000000000000004f4b4a2000000000
3102,0x00000000000,0x000001a82e3,0x000000000,0x0a09a984,0x3efed061,0,0,0000000000000001a82e3000000000504d4c23efed0610
3103,0x00000000000,0x00000000000,0x000000000,0x00000000,0x00000000,0,0,0000000000000000000000000000000000000000000000
3104,0x00000000000,0x00000000000,0x2577135c3,0x00000000,0x00000000,0,0,00000000000000000000095dc4d70c0000000000000000
3105,0x00000000000,0x00000000000,0x037601deb,0x18173702,0x00000000,0,0,0000000000000000000000dd8077acc0b9b81000000000
3106,0x00000000000,0x000001a92e7,0x000000000,0x00000000,0x00000000,0,0,0000000000000001a92e70000000000000000000000000
3107,0x00000000000,0x00000000000,0x000000000,0x14f4d4a2,0x00000000,0,0,000000000000000000000000000000a7a6a51000000000
3108,0x00000000000,0x00000000000,0x257913603,0x0a29e9c4,0x00000000,0,0,00000000000000000000095e44d80c514f4e2000000000
3109,0x00000000000,0x00000000000,0x000000000,0x00000000,0x00000000,0,0,0000000000000000000000000000000000000000000000
3110,0x00000000000,0x000001aa2eb,0x000000000,0x00000000,0x00000000,0,0,0000000000000001aa2eb0000000000000000000000000
3111,0x00000000000,0x00000000000,0x000000000,0x00000000,0x00000000,0,0,0000000000000000000000000000000000000000000000
3112,0x00000000000,0x00000000000,0x257b13643,0x00000000,0x00000000,0,0,00000000000000000000095ec4d90c0000000000000000
3113,0x00000000000,0x00000000000,0x000000000,0x00000000,0x00000000,0,0,0000000000000000000000000000000000000000000000
3114,0x00000000000,0x000001ab2ef,0x037801e2b,0x00000000,0x3514e009,0,0,0000000000000001ab2ef0de0078ac00000003514e0090
3115,0x00000000000,0x00000000000,0x000000000,0x0a4a2a04,0x00000000,0,0,0000000000000000000000000000005251502000000000
3116,0x00000000000,0x00000000000,0x000000000,0x00000000,0x00000000,0,0,0000000000000000000000000000000000000000000000
3117,0x00000000000,0x00000000000,0x000000000,0x18377742,0x00000000,0,0,000000000000000000000000000000c1bbba1000000000
3118,0x00000000000,0x000001ac2f3,0x000000000,0x00000000,0x00000000,0,0,0000000000000001ac2f30000000000000000000000000
3119,0x00000000000,0x00000000000,0x000000000,0x00000000,0x00000000,0,0,0000000000000000000000000000000000000000000000
3120,0x00000000000,0x00000000000,0x037a01e6b,0x00000000,0x00000000,0,0,0000000000000000000000de8079ac0000000000000000
3121,0x00000000000,0x00000000000,0x000000000,0x00000000,0x00000000,0,0,0000000000000000000000000000000000000000000000
3122,0x00000000000,0x000001ad2f7,0x000000000,0x00000000,0x00000000,0,0,0000000000000001ad2f70000000000000000000000000
3123,0x00000000000,0x00000000000,0x000000000,0x00000000,0x00000000,0,0,0000000000000000000000000000000000000000000000
3124,0x00000000000,0x00000000000,0x000000000,0x18983802,0x00000000,0,0,000000000000000000000000000000c4c1c01000000000
3125,0x00000000000,0x00000000000,0x057d13683,0x00000000,0x00000000,0,0,00000000000000000000015f44da0c0000000000000000
3126,0x00000000000,0x00000000000,0x057f136c3,0x00000000,0x00000000,0,0,00000000000000000000015fc4db0c0000000000000000
3127,0x00000000000,0x00000000000,0x037c01eab,0x00000000,0x00000000,0,0,0000000000000000000000df007aac0000000000000000
3128,0x00000000000,0x00000000000,0x0411ac003,0x00000000,0x00000000,0,0,0000000000000000000001046b000c0000000000000000
3129,0x00000000000,0x00000000000,0x0415ac023,0x00000000,0x00000000,0,0,0000000000000000000001056b008c0000000000000000
3130,0x00000000000,0x00000000000,0x0419ac043,0x00000000,0x00000000,0,0,0000000000000000000001066b010c0000000000000000
3131,0x00000000000,0x00000000000,0x041dac063,0x00000000,0x00000000,0,0,0000000000000000000001076b018c0000000000000000
3132,0x00000000000,0x000001ae2fb,0x037e01eeb,0x00000000,0x00000000,0,0,0000000000000001ae2fb0df807bac0000000000000000
3133,0x000001e8283,0x000001af2ff,0x0421ac083,0x1857b782,0x00000000,0,0,000007a0a0c00001af2ff1086b020cc2bdbc1000000000
3134,0x000001e9287,0x00000000000,0x0425ac0a3,0x00000000,0x00000000,0,0,000007a4a1c00000000001096b028c0000000000000000
3135,0x000001eb28f,0x00000000000,0x0429ac0c3,0x00000000,0x21211061,0,0,000007aca3c000000000010a6b030c0000000212110610
3136,0x000001ea28b,0x00000000000,0x05b151903,0x00000000,0x00000000,0,0,000007a8a2c000000000016c54640c0000000000000000
3137,0x000001ed297,0x00000000000,0x05b351943,0x00000000,0x00000000,0,0,000007b4a5c000000000016cd4650c0000000000000000
3138,0x000001ec293,0x00000000000,0x05b551983,0x00000000,0x00000000,0,0,000007b0a4c000000000016d54660c0000000000000000
3139,0x000001ee29b,0x00000000000,0x05b7519c3,0x00000000,0x00000000,0,0,000007b8a6c000000000016dd4670c0000000000000000
3140,0x000001ef29f,0x00000000000,0x05b951a03,0x00000000,0x00000000,0,0,000007bca7c000000000016e54680c0000000000000000
3141,0x00000000000,0x00000000000,0x05bb51a43,0x00000000,0x21a19061,0,0,00000000000000000000016ed4690c000000021a190610
3142,0x00000000000,0x00000000000,0x05bd51a83,0x00000000,0x00000000,0,0,00000000000000000000016f546a0c0000000000000000
3143,0x00000000000,0x000001b0363,0x25bf51ac3,0x00000000,0x00000000,0,0,0000000000000001b036396fd46b0c0000000000000000
3144,0x00000000000,0x000001b1367,0x02ca0144c,0x1877f7c2,0x00000000,0,0,0000000000000001b13670b2805130c3bfbe1000000000
3145,0x00000000000,0x000001b236b,0x02c60140c,0x00000000,0x00000000,0,0,0000000000000001b236b0b18050300000000000000000
3146,0x00000000000,0x000001b336f,0x02c80142c,0x00000000,0x00000000,0,0,0000000000000001b336f0b20050b00000000000000000
3147,0x00000000000,0x000001b4373,0x242dac0e3,0x00000000,0x21615061,0,0,0000000000000001b437390b6b038c0000000216150610
3148,0x00000000000,0x000001b5377,0x02cc0146c,0x00000000,0x00000000,0,0,0000000000000001b53770b30051b00000000000000000
3149,0x00000000000,0x000001b637b,0x02ce0148c,0x00000000,0x00000000,0,0,0000000000000001b637b0b38052300000000000000000
3150,0x00000000000,0x00000000000,0x02d0014ac,0x00000000,0x00000000,0,0,0000000000000000000000b40052b00000000000000000
3151,0x00000000000,0x00000000000,0x2451ea403,0x18b87842,0x00000000,0,0,0000000000000000000009147a900cc5c3c21000000000
3152,0x00000000000,0x00000000000,0x02d2014cc,0x00000000,0x00000000,0,0,0000000000000000000000b48053300000000000000000
3153,0x000001f0303,0x000001b737f,0x000000000,0x0d6c8c64,0x21e1d061,0,0,000007c0c0c00001b737f0000000006b6463221e1d0610
3154,0x000001f1307,0x00000000000,0x02d4014ec,0x00000000,0x00000000,0,0,000007c4c1c00000000000b50053b00000000000000000
3155,0x000001f230b,0x00000000000,0x2455ea423,0x00000000,0x00000000,0,0,000007c8c2c00000000009157a908c0000000000000000
3156,0x000001f330f,0x00000000000,0x03040180c,0x0d8ccca4,0x00000000,0,0,000007ccc3c00000000000c10060306c66652000000000
3157,0x000001f4313,0x00000000000,0x03060182c,0x0dad0ce4,0x00000000,0,0,000007d0c4c00000000000c18060b06d68672000000000
3158,0x000001f5317,0x00000000000,0x03080184c,0x18d8b882,0x00000000,0,0,000007d4c5c00000000000c2006130c6c5c41000000000
3159,0x000001f631b,0x00000000000,0x2459ea443,0x00000000,0x22221061,0,0,000007d8c6c00000000009167a910c0000000222210610
3160,0x000001f731f,0x00000000000,0x030a0186c,0x00000000,0x00000000,0,0,000007dcc7c00000000000c28061b00000000000000000
3161,0x00000000000,0x00000000000,0x030e018ac,0x0dcd4d24,0x00000000,0,0,0000000000000000000000c38062b06e6a692000000000
3162,0x00000000000,0x00000000000,0x030c0188c,0x00000000,0x00000000,0,0,0000000000000000000000c30062300000000000000000
3163,0x00000000000,0x00000000000,0x245dea463,0x0ded8d64,0x00000000,0,0,0000000000000000000009177a918c6f6c6b2000000000
3164,0x00000000000,0x00000000000,0x0310018cc,0x11507044,0x00000000,0,0,0000000000000000000000c40063308a83822000000000
3165,0x00000000000,0x00000000000,0x03ae0012b,0x00000000,0x38f8c009,0,0,0000000000000000000000eb8004ac000000038f8c0090
3166,0x00000000000,0x00000000000,0x0312018ec,0x00000000,0x22625061,0,0,0000000000000000000000c48063b00000000226250610
3167,0x00000000000,0x00000000000,0x2461ea483,0x00000000,0x00000000,0,0,0000000000000000000009187a920c0000000000000000
3168,0x00000000000,0x00000000000,0x000000000,0x0e0dcda4,0x00000000,0,0,000000000000000000000000000000706e6d2000000000
3169,0x00000000000,0x00000000000,0x000000000,0x1170b084,0x00000000,0,0,0000000000000000000000000000008b85842000000000
3170,0x00000000000,0x00000000000,0x000000000,0x1190f0c4,0x00000000,0,0,0000000000000000000000000000008c87862000000000
3171,0x00000000000,0x00000000000,0x03b2001ab,0x00000000,0x00000000,0,0,0000000000000000000000ec8006ac0000000000000000
3172,0x00000000000,0x00000000000,0x2465ea4a3,0x00000000,0x22a29061,0,0,0000000000000000000009197a928c000000022a290610
3173,0x00000000000,0x00000000000,0x000000000,0x11b13104,0x00000000,0,0,0000000000000000000000000000008d89882000000000
3174,0x00000000000,0x00000000000,0x000000000,0x00000000,0x00000000,0,0,0000000000000000000000000000000000000000000000
3175,0x00000000000,0x00000000000,0x000000000,0x0e2e0de4,0x00000000,0,0,00000000000000000000000000000071706f2000000000
3176,0x00000000000,0x00000000000,0x2469ea4c3,0x11d17144,0x00000000,0,0,00000000000000000000091a7a930c8e8b8a2000000000
3177,0x00000000000,0x00000000000,0x03b00016b,0x00000000,0x00000000,0,0,0000000000000000000000ec0005ac0000000000000000
3178,0x00000000000,0x00000000000,0x000000000,0x00000000,0x22e2d061,0,0,000000000000000000000000000000000000022e2d0610
3179,0x00000000000,0x00000000000,0x000000000,0x00000000,0x00000000,0,0,0000000000000000000000000000000000000000000000
3180,0x00000000000,0x00000000000,0x246dea4e3,0x00000000,0x00000000,0,0,00000000000000000000091b7a938c0000000000000000
3181,0x00000000000,0x00000000000,0x000000000,0x11f1b184,0x00000000,0,0,0000000000000000000000000000008f8d8c2000000000
3182,0x00000000000,0x00000000000,0x000000000,0x00000000,0x00000000,0,0,0000000000000000000000000000000000000000000000
3183,0x00000000000,0x00000000000,0x03b4001eb,0x00000000,0x00000000,0,0,0000000000000000000000ed0007ac0000000000000000
3184,0x00000000000,0x00000000000,0x249428823,0x00000000,0x25251061,0,0,0000000000000000000009250a208c0000000252510610
3185,0x00000000000,0x00000000000,0x000000000,0x00000000,0x00000000,0,0,0000000000000000000000000000000000000000000000
3186,0x00000000000,0x00000000000,0x000000000,0x00000000,0x00000000,0,0,0000000000000000000000000000000000000000000000
3187,0x00000000000,0x00000000000,0x000000000,0x00000000,0x00000000,0,0,0000000000000000000000000000000000000000000000
3188,0x00000000000,0x00000000000,0x25f18fd03,0x00000000,0x00000000,0,0,00000000000000000000097c63f40c0000000000000000
3189,0x00000000000,0x00000000000,0x03b60022b,0x1bfb1ae2,0x00000000,0,0,0000000000000000000000ed8008acdfd8d71000000000
3190,0x00000000000,0x00000000000,0x000000000,0x1211f1c4,0x25655061,0,0,000000000000000000000000000000908f8e2256550610
3191,0x00000000000,0x00000000000,0x000000000,0x00000000,0x00000000,0,0,0000000000000000000000000000000000000000000000
3192,0x00000000000,0x00000000000,0x25f58fd83,0x00000000,0x00000000,0,0,00000000000000000000097d63f60c0000000000000000
3193,0x00000000000,0x00000000000,0x000000000,0x00000000,0x00000000,0,0,0000000000000000000000000000000000000000000000
3194,0x00000000000,0x00000000000,0x000000000,0x00000000,0x00000000,0,0,0000000000000000000000000000000000000000000000
3195,0x00000000000,0x00000000000,0x000000000,0x1c1b5b22,0x00000000,0,0,000000000000000000000000000000e0dad91000000000
3196,0x00000000000,0x00000000000,0x25f38fd43,0x00000000,0x25a59061,0,0,00000000000000000000097ce3f50c000000025a590610
3197,0x00000000000,0x00000000000,0x03b80026b,0x00000000,0x00000000,0,0,0000000000000000000000ee0009ac0000000000000000
3198,0x00000000000,0x000001b83e3,0x000000000,0x00000000,0x00000000,0,0,0000000000000001b83e30000000000000000000000000
3199,0x00000000000,0x00000000000,0x000000000,0x00000000,0x00000000,0,0,0000000000000000000000000000000000000000000000
3200,0x00000000000,0x00000000000,0x25f78fdc3,0x00000000,0x00000000,0,0,00000000000000000000097de3f70c0000000000000000
3201,0x00000000000,0x00000000000,0x000000000,0x00000000,0x00000000,0,0,0000000000000000000000000000000000000000000000
3202,0x00000000000,0x000001ba3eb,0x03ba002ab,0x1c7c1be2,0x26261061,0,0,0000000000000001ba3eb0ee800aace3e0df1262610610
3203,0x00000000000,0x00000000000,0x000000000,0x00000000,0x00000000,0,0,0000000000000000000000000000000000000000000000
3204,0x00000000000,0x00000000000,0x25f98fe03,0x00000000,0x00000000,0,0,00000000000000000000097e63f80c0000000000000000
3205,0x00000000000,0x00000000000,0x000000000,0x00000000,0x00000000,0,0,0000000000000000000000000000000000000000000000
3206,0x00000000000,0x000001b93e7,0x000000000,0x00000000,0x00000000,0,0,0000000000000001b93e70000000000000000000000000
3207,0x00000000000,0x00000000000,0x000000000,0x00000000,0x00000000,0,0,0000000000000000000000000000000000000000000000
3208,0x00000000000,0x00000000000,0x25fb8fe43,0x00000000,0x26a69061,0,0,00000000000000000000097ee3f90c000000026a690610
3209,0x00000000000,0x00000000000,0x03bc002eb,0x1c3b9b62,0x00000000,0,0,0000000000000000000000ef000bace1dcdb1000000000
3210,0x00000000000,0x000001bb3ef,0x000000000,0x00000000,0x00000000,0,0,0000000000000001bb3ef0000000000000000000000000
3211,0x00000000000,0x00000000000,0x000000000,0x00000000,0x00000000,0,0,0000000000000000000000000000000000000000000000
3212,0x00000000000,0x00000000000,0x25fd8fe83,0x00000000,0x00000000,0,0,00000000000000000000097f63fa0c0000000000000000
3213,0x00000000000,0x00000000000,0x000000000,0x00000000,0x00000000,0,0,0000000000000000000000000000000000000000000000
3214,0x00000000000,0x000001bc3f3,0x03ec0052b,0x00000000,0x25e5d061,0,0,0000000000000001bc3f30fb0014ac000000025e5d0610
3215,0x00000000000,0x00000000000,0x000000000,0x00000000,0x00000000,0,0,0000000000000000000000000000000000000000000000
3216,0x00000000000,0x00000000000,0x25ff8fec3,0x00000000,0x00000000,0,0,00000000000000000000097fe3fb0c0000000000000000
3217,0x00000000000,0x00000000000,0x000000000,0x00000000,0x00000000,0,0,0000000000000000000000000000000000000000000000
3218,0x00000000000,0x000001bd3f7,0x000000000,0x00000000,0x00000000,0,0,0000000000000001bd3f70000000000000000000000000
3219,0x00000000000,0x00000000000,0x000000000,0x00000000,0x00000000,0,0,0000000000000000000000000000000000000000000000
3220,0x00000000000,0x00000000000,0x03ee0056b,0x00000000,0x26665061,0,0,0000000000000000000000fb8015ac0000000266650610
3221,0x00000000000,0x00000000000,0x249028803,0x1c5bdba2,0x00000000,0,0,0000000000000000000009240a200ce2dedd1000000000
3222,0x00000000000,0x000001be3fb,0x000000000,0x00000000,0x00000000,0,0,0000000000000001be3fb0000000000000000000000000
3223,0x00000000000,0x00000000000,0x000000000,0x00000000,0x00000000,0,0,0000000000000000000000000000000000000000000000
3224,0x00000000000,0x00000000000,0x000000000,0x00000000,0x00000000,0,0,0000000000000000000000000000000000000000000000
3225,0x00000000000,0x00000000000,0x249828843,0x00000000,0x00000000,0,0,0000000000000000000009260a210c0000000000000000
3226,0x000001f8383,0x000001bf3ff,0x03f0005ab,0x00000000,0x26e6d061,0,0,000007e0e0c00001bf3ff0fc0016ac000000026e6d0610
3227,0x000001f9387,0x00000000000,0x000000000,0x00000000,0x00000000,0,0,000007e4e1c00000000000000000000000000000000000
3228,0x000001fa38b,0x00000000000,0x000000000,0x1c9c5c22,0x00000000,0,0,000007e8e2c0000000000000000000e4e2e11000000000
3229,0x000001fb38f,0x00000000000,0x249c28863,0x00000000,0x00000000,0,0,000007ece3c00000000009270a218c0000000000000000
3230,0x000001fc393,0x00000000000,0x034201c0c,0x00000000,0x00000000,0,0,000007f0e4c00000000000d08070300000000000000000
3231,0x000001fd397,0x00000000000,0x034401c2c,0x00000000,0x00000000,0,0,000007f4e5c00000000000d10070b00000000000000000
3232,0x000001fe39b,0x00000000000,0x03f40062b,0x1fdefec2,0x29291061,0,0,000007f8e6c00000000000fd0018acfef7f61292910610
3233,0x000001ff39f,0x00000000000,0x24a028883,0x00000000,0x00000000,0,0,000007fce7c00000000009280a220c0000000000000000
3234,0x00000000000,0x00000000000,0x034601c4c,0x00000000,0x00000000,0,0,0000000000000000000000d18071300000000000000000
3235,0x00000000000,0x00000000000,0x034801c6c,0x1cbc9c62,0x00000000,0,0,0000000000000000000000d20071b0e5e4e31000000000
3236,0x00000000000,0x00000000000,0x034a01c8c,0x00000000,0x00000000,0,0,0000000000000000000000d28072300000000000000000
3237,0x00000000000,0x00000000000,0x24a4288a3,0x00000000,0x00000000,0,0,0000000000000000000009290a228c0000000000000000
3238,0x00000000000,0x00000000000,0x03f8006ab,0x15345424,0x29695061,0,0,0000000000000000000000fe001aaca9a2a12296950610
3239,0x00000000000,0x00000000000,0x034c01cac,0x00000000,0x00000000,0,0,0000000000000000000000d30072b00000000000000000
3240,0x00000000000,0x00000000000,0x034e01ccc,0x00000000,0x00000000,0,0,0000000000000000000000d38073300000000000000000
3241,0x00000000000,0x00000000000,0x24a8288c3,0x00000000,0x00000000,0,0,00000000000000000000092a0a230c0000000000000000
3242,0x00000000000,0x00000000000,0x035001cec,0x15549464,0x3cdca009,0,0,0000000000000000000000d40073b0aaa4a323cdca0090
3243,0x00000000000,0x00000000000,0x000000000,0x00000000,0x00000000,0,0,0000000000000000000000000000000000000000000000
3244,0x00000000000,0x00000000000,0x03f2005eb,0x00000000,0x29a99061,0,0,0000000000000000000000fc8017ac000000029a990610
3245,0x00000000000,0x00000000000,0x24ac288e3,0x00000000,0x00000000,0,0,00000000000000000000092b0a238c0000000000000000
3246,0x00000000000,0x00000000000,0x000000000,0x1574d4a4,0x00000000,0,0,000000000000000000000000000000aba6a52000000000
3247,0x00000000000,0x00000000000,0x000000000,0x00000000,0x00000000,0,0,0000000000000000000000000000000000000000000000
3248,0x00000000000,0x00000000000,0x000000000,0x00000000,0x00000000,0,0,0000000000000000000000000000000000000000000000
3249,0x00000000000,0x00000000000,0x24d066c03,0x00000000,0x00000000,0,0,00000000000000000000093419b00c0000000000000000
3250,0x00000000000,0x00000000000,0x03f60066b,0x159514e4,0x29e9d061,0,0,0000000000000000000000fd8019acaca8a7229e9d0610
3251,0x00000000000,0x00000000000,0x000000000,0x15b55524,0x00000000,0,0,000000000000000000000000000000adaaa92000000000
3252,0x00000000000,0x00000000000,0x000000000,0x00000000,0x00000000,0,0,0000000000000000000000000000000000000000000000
3253,0x00000000000,0x00000000000,0x24d466c23,0x00000000,0x00000000,0,0,00000000000000000000093519b08c0000000000000000
3254,0x00000000000,0x00000000000,0x000000000,0x00000000,0x00000000,0,0,0000000000000000000000000000000000000000000000
3255,0x00000000000,0x00000000000,0x000000000,0x00000000,0x00000000,0,0,0000000000000000000000000000000000000000000000
3256,0x00000000000,0x00000000000,0x03fa006eb,0x1fff3f02,0x2a2a1061,0,0,0000000000000000000000fe801bacfff9f812a2a10610
3257,0x00000000000,0x00000000000,0x24d866c43,0x00000000,0x00000000,0,0,00000000000000000000093619b10c0000000000000000
3258,0x00000000000,0x00000000000,0x000000000,0x15d59564,0x00000000,0,0,000000000000000000000000000000aeacab2000000000
3259,0x00000000000,0x00000000000,0x000000000,0x00000000,0x00000000,0,0,0000000000000000000000000000000000000000000000
3260,0x00000000000,0x00000000000,0x000000000,0x00000000,0x00000000,0,0,0000000000000000000000000000000000000000000000
3261,0x00000000000,0x00000000000,0x24dc66c63,0x00000000,0x00000000,0,0,00000000000000000000093719b18c0000000000000000
3262,0x00000000000,0x00000000000,0x022a0092b,0x001f7f42,0x2a6a5061,0,0,00000000000000000000008a8024ac00fbfa12a6a50610
3263,0x00000000000,0x00000000000,0x000000000,0x005fffc2,0x00000000,0,0,00000000000000000000000000000002fffe1000000000
3264,0x00000000000,0x00000000000,0x000000000,0x00000000,0x00000000,0,0,0000000000000000000000000000000000000000000000
3265,0x00000000000,0x00000000000,0x2431cc103,0x00000000,0x00000000,0,0,00000000000000000000090c73040c0000000000000000
3266,0x00000000000,0x00000000000,0x000000000,0x15f5d5a4,0x00000000,0,0,000000000000000000000000000000afaead2000000000
3267,0x00000000000,0x00000000000,0x000000000,0x00000000,0x00000000,0,0,0000000000000000000000000000000000000000000000
3268,0x00000000000,0x00000000000,0x022c0096b,0x003fbf82,0x2aaa9061,0,0,00000000000000000000008b0025ac01fdfc12aaa90610
3269,0x00000000000,0x00000000000,0x2433cc143,0x00000000,0x00000000,0,0,00000000000000000000090cf3050c0000000000000000
3270,0x00000000000,0x00000000000,0x000000000,0x00000000,0x00000000,0,0,0000000000000000000000000000000000000000000000
3271,0x00000000000,0x00000000000,0x000000000,0x00000000,0x00000000,0,0,0000000000000000000000000000000000000000000000
3272,0x00000000000,0x00000000000,0x000000000,0x00000000,0x00000000,0,0,0000000000000000000000000000000000000000000000
3273,0x00000000000,0x00000000000,0x2435cc183,0x00000000,0x00000000,0,0,00000000000000000000090d73060c0000000000000000
3274,0x00000000000,0x00000000000,0x022e009ab,0x00000000,0x2aead061,0,0,00000000000000000000008b8026ac00000002aead0610
3275,0x00000000000,0x000001c0063,0x000000000,0x00602002,0x00000000,0,0,0000000000000001c00630000000000301001000000000
3276,0x00000000000,0x00000000000,0x000000000,0x00000000,0x00000000,0,0,0000000000000000000000000000000000000000000000
3277,0x00000000000,0x00000000000,0x2437cc1c3,0x00000000,0x00000000,0,0,00000000000000000000090df3070c0000000000000000
3278,0x00000000000,0x00000000000,0x000000000,0x00000000,0x00000000,0,0,0000000000000000000000000000000000000000000000
3279,0x00000000000,0x000001c1067,0x000000000,0x00000000,0x00000000,0,0,0000000000000001c10670000000000000000000000000
3280,0x00000000000,0x00000000000,0x0230009eb,0x03a2c2a2,0x2d2d1061,0,0,00000000000000000000008c0027ac1d161512d2d10610
3281,0x00000000000,0x00000000000,0x2439cc203,0x00000000,0x00000000,0,0,00000000000000000000090e73080c0000000000000000
3282,0x00000000000,0x00000000000,0x000000000,0x00806042,0x00000000,0,0,0000000000000000000000000000000403021000000000
3283,0x00000000000,0x000001c206b,0x000000000,0x00000000,0x00000000,0,0,0000000000000001c206b0000000000000000000000000
3284,0x00000000000,0x00000000000,0x000000000,0x00000000,0x00000000,0,0,0000000000000000000000000000000000000000000000
3285,0x00000000000,0x00000000000,0x243bcc243,0x00000000,0x00000000,0,0,00000000000000000000090ef3090c0000000000000000
3286,0x00000000000,0x00000000000,0x023200a2b,0x00000000,0x2d6d5061,0,0,00000000000000000000008c8028ac00000002d6d50610
3287,0x00000000000,0x000001c306f,0x000000000,0x00000000,0x00000000,0,0,0000000000000001c306f0000000000000000000000000
3288,0x00000000000,0x00000000000,0x000000000,0x00000000,0x00000000,0,0,0000000000000000000000000000000000000000000000
3289,0x00000000000,0x00000000000,0x243dcc283,0x00000000,0x20a08009,0,0,00000000000000000000090f730a0c000000020a080090
3290,0x00000000000,0x00000000000,0x000000000,0x00000000,0x00000000,0,0,0000000000000000000000000000000000000000000000
3291,0x00000000000,0x000001c4073,0x000000000,0x00000000,0x00000000,0,0,0000000000000001c40730000000000000000000000000
3292,0x00000000000,0x00000000000,0x023400a6b,0x03c302e2,0x2dad9061,0,0,00000000000000000000008d0029ac1e181712dad90610
3293,0x00000000000,0x00000000000,0x243fcc2c3,0x00000000,0x00000000,0,0,00000000000000000000090ff30b0c0000000000000000
3294,0x00000000000,0x00000000000,0x000000000,0x00000000,0x00000000,0,0,0000000000000000000000000000000000000000000000
3295,0x00000000000,0x000001c5077,0x000000000,0x00000000,0x00000000,0,0,0000000000000001c50770000000000000000000000000
3296,0x00000000000,0x00000000000,0x000000000,0x00000000,0x00000000,0,0,0000000000000000000000000000000000000000000000
3297,0x00000000000,0x00000000000,0x24e066c83,0x00000000,0x00000000,0,0,00000000000000000000093819b20c0000000000000000
3298,0x00000000000,0x00000000000,0x023600aab,0x00000000,0x2dedd061,0,0,00000000000000000000008d802aac00000002dedd0610
3299,0x00000000000,0x000001c607b,0x000000000,0x0423c3a2,0x00000000,0,0,0000000000000001c607b000000000211e1d1000000000
3300,0x00000000000,0x00000000000,0x000000000,0x00000000,0x00000000,0,0,0000000000000000000000000000000000000000000000
3301,0x00000000000,0x00000000000,0x24e466ca3,0x00000000,0x00000000,0,0,00000000000000000000093919b28c0000000000000000
3302,0x00000000000,0x00000000000,0x000000000,0x00000000,0x00000000,0,0,0000000000000000000000000000000000000000000000
3303,0x00000000000,0x000001c707f,0x000000000,0x00000000,0x00000000,0,0,0000000000000001c707f0000000000000000000000000
3304,0x00000000000,0x00000000000,0x023800aeb,0x03e34322,0x00000000,0,0,00000000000000000000008e002bac1f1a191000000000
3305,0x00000000000,0x00000000000,0x24e866cc3,0x00000000,0x00000000,0,0,00000000000000000000093a19b30c0000000000000000
3306,0x00000000000,0x00000000000,0x000000000,0x00000000,0x00000000,0,0,0000000000000000000000000000000000000000000000
3307,0x00000000000,0x00000000000,0x000000000,0x00000000,0x2e2e1061,0,0,00000000000000000000000000000000000002e2e10610
3308,0x00000000000,0x00000000000,0x000000000,0x00000000,0x00000000,0,0,0000000000000000000000000000000000000000000000
3309,0x00000000000,0x00000000000,0x24ec66ce3,0x00000000,0x00000000,0,0,00000000000000000000093b19b38c0000000000000000
3310,0x00000000000,0x00000000000,0x026800d2b,0x00000000,0x00000000,0,0,00000000000000000000009a0034ac0000000000000000
3311,0x00000000000,0x00000000000,0x000000000,0x00000000,0x00000000,0,0,0000000000000000000000000000000000000000000000
3312,0x00000000000,0x00000000000,0x000000000,0x00000000,0x00000000,0,0,0000000000000000000000000000000000000000000000
3313,0x00000000000,0x00000000000,0x000000000,0x00000000,0x2e6e5061,0,0,00000000000000000000000000000000000002e6e50610
3314,0x00000000000,0x00000000000,0x000000000,0x00000000,0x00000000,0,0,0000000000000000000000000000000000000000000000
3315,0x00000000000,0x00000000000,0x24700a503,0x00000000,0x00000000,0,0,00000000000000000000091c02940c0000000000000000
3316,0x00000000000,0x00000000000,0x026a00d6b,0x04038362,0x00000000,0,0,00000000000000000000009a8035ac201c1b1000000000
3317,0x00000000000,0x00000000000,0x000000000,0x00000000,0x00000000,0,0,0000000000000000000000000000000000000000000000
3318,0x00000000000,0x00000000000,0x000000000,0x00000000,0x00000000,0,0,0000000000000000000000000000000000000000000000
3319,0x00000000000,0x00000000000,0x24720a543,0x00000000,0x2eae9061,0,0,00000000000000000000091c82950c00000002eae90610
3320,0x00000000000,0x00000000000,0x000000000,0x00000000,0x00000000,0,0,0000000000000000000000000000000000000000000000
3321,0x00000000000,0x00000000000,0x000000000,0x00000000,0x00000000,0,0,0000000000000000000000000000000000000000000000
3322,0x00000000000,0x00000000000,0x026c00dab,0x00000000,0x00000000,0,0,00000000000000000000009b0036ac0000000000000000
3323,0x00000000000,0x00000000000,0x24740a583,0x044403e2,0x00000000,0,0,00000000000000000000091d02960c22201f1000000000
3324,0x00000000000,0x00000000000,0x000000000,0x00000000,0x00000000,0,0,0000000000000000000000000000000000000000000000
3325,0x00000000000,0x000001c80e3,0x000000000,0x00000000,0x2eeed061,0,0,0000000000000001c80e300000000000000002eeed0610
3326,0x00000000000,0x00000000000,0x000000000,0x00000000,0x00000000,0,0,0000000000000000000000000000000000000000000000
3327,0x00000000000,0x00000000000,0x24760a5c3,0x00000000,0x00000000,0,0,00000000000000000000091d82970c0000000000000000
3328,0x00000000000,0x00000000000,0x026e00deb,0x0786a682,0x00000000,0,0,00000000000000000000009b8037ac3c35341000000000
3329,0x00000000000,0x000001c90e7,0x000000000,0x00000000,0x00000000,0,0,0000000000000001c90e70000000000000000000000000
3330,0x00000000000,0x00000000000,0x000000000,0x04644422,0x00000000,0,0,0000000000000000000000000000002322211000000000
3331,0x00000000000,0x00000000000,0x24780a603,0x00000000,0x00000000,0,0,00000000000000000000091e02980c0000000000000000
3332,0x00000000000,0x00000000000,0x000000000,0x00000000,0x00000000,0,0,0000000000000000000000000000000000000000000000
3333,0x00000000000,0x000001ca0eb,0x000000000,0x00000000,0x00000000,0,0,0000000000000001ca0eb0000000000000000000000000
3334,0x00000000000,0x00000000000,0x000000000,0x00000000,0x00000000,0,0,0000000000000000000000000000000000000000000000
3335,0x00000000000,0x00000000000,0x247a0a643,0x00000000,0x00000000,0,0,00000000000000000000091e82990c0000000000000000
3336,0x00000000000,0x00000000000,0x000000000,0x00000000,0x00000000,0,0,0000000000000000000000000000000000000000000000
3337,0x00000000000,0x000001cb0ef,0x027000e2b,0x00000000,0x24846009,0,0,0000000000000001cb0ef09c0038ac0000000248460090
3338,0x00000000000,0x00000000000,0x000000000,0x00000000,0x00000000,0,0,0000000000000000000000000000000000000000000000
3339,0x00000000000,0x00000000000,0x000000000,0x00000000,0x00000000,0,0,0000000000000000000000000000000000000000000000
3340,0x00000000000,0x00000000000,0x000000000,0x07a6e6c2,0x00000000,0,0,0000000000000000000000000000003d37361000000000
3341,0x00000000000,0x000001cc0f3,0x000000000,0x00000000,0x00000000,0,0,0000000000000001cc0f30000000000000000000000000
3342,0x00000000000,0x00000000000,0x000000000,0x00000000,0x00000000,0,0,0000000000000000000000000000000000000000000000
3343,0x00000000000,0x00000000000,0x027200e6b,0x00000000,0x00000000,0,0,00000000000000000000009c8039ac0000000000000000
3344,0x00000000000,0x00000000000,0x000000000,0x00000000,0x00000000,0,0,0000000000000000000000000000000000000000000000
3345,0x00000000000,0x000001cd0f7,0x000000000,0x00000000,0x00000000,0,0,0000000000000001cd0f70000000000000000000000000
3346,0x00000000000,0x00000000000,0x000000000,0x00000000,0x00000000,0,0,0000000000000000000000000000000000000000000000
3347,0x00000000000,0x00000000000,0x000000000,0x0807a782,0x00000000,0,0,000000000000000000000000000000403d3c1000000000
3348,0x00000000000,0x00000000000,0x047c0a683,0x00000000,0x00000000,0,0,00000000000000000000011f029a0c0000000000000000
3349,0x00000000000,0x00000000000,0x047e0a6c3,0x00000000,0x00000000,0,0,00000000000000000000011f829b0c0000000000000000
3350,0x00000000000,0x00000000000,0x027400eab,0x00000000,0x00000000,0,0,00000000000000000000009d003aac0000000000000000
3351,0x00000000000,0x00000000000,0x0510a5003,0x00000000,0x00000000,0,0,00000000000000000000014429400c0000000000000000
3352,0x00000000000,0x00000000000,0x0514a5023,0x00000000,0x00000000,0,0,00000000000000000000014529408c0000000000000000
3353,0x00000000000,0x00000000000,0x0518a5043,0x00000000,0x00000000,0,0,00000000000000000000014629410c0000000000000000
3354,0x00000000000,0x00000000000,0x051ca5063,0x00000000,0x00000000,0,0,00000000000000000000014729418c0000000000000000
3355,0x00000000000,0x000001ce0fb,0x027600eeb,0x00000000,0x00000000,0,0,0000000000000001ce0fb09d803bac0000000000000000
3356,0x00000000000,0x000001cf0ff,0x0520a5083,0x07c72702,0x00000000,0,0,0000000000000001cf0ff14829420c3e39381000000000
3357,0x00000000000,0x00000000000,0x0524a50a3,0x00000000,0x00000000,0,0,00000000000000000000014929428c0000000000000000
3358,0x00000000000,0x00000000000,0x0528a50c3,0x00000000,0x31311061,0,0,00000000000000000000014a29430c0000000313110610
3359,0x00000000000,0x00000000000,0x04b048903,0x00000000,0x00000000,0,0,00000000000000000000012c12240c0000000000000000
3360,0x00000000000,0x00000000000,0x04b248943,0x00000000,0x00000000,0,0,00000000000000000000012c92250c0000000000000000
3361,0x00000000000,0x00000000000,0x04b448983,0x00000000,0x00000000,0,0,00000000000000000000012d12260c0000000000000000
3362,0x00000000000,0x00000000000,0x04b6489c3,0x00000000,0x00000000,0,0,00000000000000000000012d92270c0000000000000000
3363,0x00000000000,0x00000000000,0x04b848a03,0x00000000,0x00000000,0,0,00000000000000000000012e12280c0000000000000000
3364,0x00000000000,0x00000000000,0x04ba48a43,0x00000000,0x31b19061,0,0,00000000000000000000012e92290c000000031b190610
3365,0x00000000000,0x00000000000,0x04bc48a83,0x00000000,0x00000000,0,0,00000000000000000000012f122a0c0000000000000000
3366,0x00000000000,0x000001d0163,0x24be48ac3,0x00000000,0x00000000,0,0,0000000000000001d016392f922b0c0000000000000000
3367,0x00000000000,0x000001d1167,0x000000000,0x07e76742,0x00000000,0,0,0000000000000001d11670000000003f3b3a1000000000
3368,0x00000000000,0x000001d216b,0x000000000,0x00000000,0x00000000,0,0,0000000000000001d216b0000000000000000000000000
3369,0x00000000000,0x000001d316f,0x000000000,0x00000000,0x00000000,0,0,0000000000000001d316f0000000000000000000000000
3370,0x00000000000,0x000001d4173,0x252ca50e3,0x00000000,0x31715061,0,0,0000000000000001d417394b29438c0000000317150610
3371,0x00000000000,0x000001d5177,0x000000000,0x00000000,0x00000000,0,0,0000000000000001d51770000000000000000000000000
3372,0x00000000000,0x000001d617b,0x000000000,0x00000000,0x00000000,0,0,0000000000000001d617b0000000000000000000000000
3373,0x00000000000,0x00000000000,0x000000000,0x00000000,0x00000000,0,0,0000000000000000000000000000000000000000000000
3374,0x00000000000,0x00000000000,0x2550e3403,0x0827e7c2,0x00000000,0,0,00000000000000000000095438d00c413f3e1000000000
3375,0x00000000000,0x00000000000,0x000000000,0x00000000,0x00000000,0,0,0000000000000000000000000000000000000000000000
3376,0x00000000000,0x000001d717f,0x000000000,0x00000000,0x31f1d061,0,0,0000000000000001d717f000000000000000031f1d0610
3377,0x00000000000,0x00000000000,0x000000000,0x00000000,0x00000000,0,0,0000000000000000000000000000000000000000000000
3378,0x00000000000,0x00000000000,0x2554e3423,0x00000000,0x00000000,0,0,00000000000000000000095538d08c0000000000000000
3379,0x00000000000,0x00000000000,0x000000000,0x00000000,0x00000000,0,0,0000000000000000000000000000000000000000000000
3380,0x00000000000,0x00000000000,0x000000000,0x00000000,0x00000000,0,0,0000000000000000000000000000000000000000000000
3381,0x00000000000,0x00000000000,0x000000000,0x08482802,0x00000000,0,0,0000000000000000000000000000004241401000000000
3382,0x00000000000,0x00000000000,0x2558e3443,0x00000000,0x32321061,0,0,00000000000000000000095638d10c0000000323210610
3383,0x00000000000,0x00000000000,0x000000000,0x00000000,0x00000000,0,0,0000000000000000000000000000000000000000000000
3384,0x00000000000,0x00000000000,0x000000000,0x00000000,0x00000000,0,0,0000000000000000000000000000000000000000000000
3385,0x00000000000,0x00000000000,0x000000000,0x00000000,0x00000000,0,0,0000000000000000000000000000000000000000000000
3386,0x00000000000,0x00000000000,0x255ce3463,0x00000000,0x00000000,0,0,00000000000000000000095738d18c0000000000000000
3387,0x00000000000,0x00000000000,0x000000000,0x00000000,0x00000000,0,0,0000000000000000000000000000000000000000000000
3388,0x00000000000,0x00000000000,0x02a60112b,0x00000000,0x28684009,0,0,0000000000000000000000a98044ac0000000286840090
3389,0x00000000000,0x00000000000,0x000000000,0x00000000,0x32725061,0,0,0000000000000000000000000000000000000327250610
3390,0x00000000000,0x00000000000,0x2560e3483,0x00000000,0x00000000,0,0,00000000000000000000095838d20c0000000000000000
3391,0x00000000000,0x00000000000,0x000000000,0x00000000,0x00000000,0,0,0000000000000000000000000000000000000000000000
3392,0x00000000000,0x00000000000,0x000000000,0x00000000,0x00000000,0,0,0000000000000000000000000000000000000000000000
3393,0x00000000000,0x00000000000,0x000000000,0x00000000,0x00000000,0,0,0000000000000000000000000000000000000000000000
3394,0x00000000000,0x00000000000,0x02aa011ab,0x00000000,0x00000000,0,0,0000000000000000000000aa8046ac0000000000000000
3395,0x00000000000,0x00000000000,0x2564e34a3,0x00000000,0x32b29061,0,0,00000000000000000000095938d28c000000032b290610
3396,0x00000000000,0x00000000000,0x000000000,0x00000000,0x00000000,0,0,0000000000000000000000000000000000000000000000
3397,0x00000000000,0x00000000000,0x000000000,0x00000000,0x00000000,0,0,0000000000000000000000000000000000000000000000
3398,0x00000000000,0x00000000000,0x000000000,0x00000000,0x00000000,0,0,0000000000000000000000000000000000000000000000
3399,0x00000000000,0x00000000000,0x2568e34c3,0x00000000,0x00000000,0,0,00000000000000000000095a38d30c0000000000000000
3400,0x00000000000,0x00000000000,0x02a80116b,0x00000000,0x00000000,0,0,0000000000000000000000aa0045ac0000000000000000
3401,0x00000000000,0x00000000000,0x000000000,0x00000000,0x32f2d061,0,0,000000000000000000000000000000000000032f2d0610
3402,0x00000000000,0x00000000000,0x000000000,0x00000000,0x00000000,0,0,0000000000000000000000000000000000000000000000
3403,0x00000000000,0x00000000000,0x256ce34e3,0x00000000,0x00000000,0,0,00000000000000000000095b38d38c0000000000000000
3404,0x00000000000,0x00000000000,0x000000000,0x00000000,0x00000000,0,0,0000000000000000000000000000000000000000000000
3405,0x00000000000,0x00000000000,0x000000000,0x00000000,0x00000000,0,0,0000000000000000000000000000000000000000000000
3406,0x00000000000,0x00000000000,0x02ac011eb,0x00000000,0x00000000,0,0,0000000000000000000000ab0047ac0000000000000000
3407,0x00000000000,0x00000000000,0x259521823,0x00000000,0x35351061,0,0,00000000000000000000096548608c0000000353510610
3408,0x00000000000,0x00000000000,0x000000000,0x00000000,0x00000000,0,0,0000000000000000000000000000000000000000000000
3409,0x00000000000,0x00000000000,0x000000000,0x00000000,0x00000000,0,0,0000000000000000000000000000000000000000000000
3410,0x00000000000,0x00000000000,0x000000000,0x00000000,0x00000000,0,0,0000000000000000000000000000000000000000000000
3411,0x00000000000,0x00000000000,0x24f086d03,0x00000000,0x00000000,0,0,00000000000000000000093c21b40c0000000000000000
3412,0x00000000000,0x00000000000,0x02ae0122b,0x0b6a8a62,0x00000000,0,0,0000000000000000000000ab8048ac5b54531000000000
3413,0x00000000000,0x00000000000,0x000000000,0x00000000,0x35755061,0,0,0000000000000000000000000000000000000357550610
3414,0x00000000000,0x00000000000,0x000000000,0x00000000,0x00000000,0,0,0000000000000000000000000000000000000000000000
3415,0x00000000000,0x00000000000,0x24f486d83,0x00000000,0x00000000,0,0,00000000000000000000093d21b60c0000000000000000
3416,0x00000000000,0x00000000000,0x000000000,0x00000000,0x00000000,0,0,0000000000000000000000000000000000000000000000
3417,0x00000000000,0x00000000000,0x000000000,0x00000000,0x00000000,0,0,0000000000000000000000000000000000000000000000
3418,0x00000000000,0x00000000000,0x000000000,0x0b8acaa2,0x00000000,0,0,0000000000000000000000000000005c56551000000000
3419,0x00000000000,0x00000000000,0x24f286d43,0x00000000,0x35b59061,0,0,00000000000000000000093ca1b50c000000035b590610
3420,0x00000000000,0x00000000000,0x02b00126b,0x00000000,0x00000000,0,0,0000000000000000000000ac0049ac0000000000000000
3421,0x00000000000,0x000001d81e3,0x000000000,0x00000000,0x00000000,0,0,0000000000000001d81e30000000000000000000000000
3422,0x00000000000,0x00000000000,0x000000000,0x00000000,0x00000000,0,0,0000000000000000000000000000000000000000000000
3423,0x00000000000,0x00000000000,0x24f686dc3,0x00000000,0x00000000,0,0,00000000000000000000093da1b70c0000000000000000
3424,0x00000000000,0x00000000000,0x000000000,0x00000000,0x00000000,0,0,0000000000000000000000000000000000000000000000
3425,0x00000000000,0x000001da1eb,0x02b2012ab,0x0beb8b62,0x36361061,0,0,0000000000000001da1eb0ac804aac5f5c5b1363610610
3426,0x00000000000,0x00000000000,0x000000000,0x00000000,0x00000000,0,0,0000000000000000000000000000000000000000000000
3427,0x00000000000,0x00000000000,0x24f886e03,0x00000000,0x00000000,0,0,00000000000000000000093e21b80c0000000000000000
3428,0x00000000000,0x00000000000,0x000000000,0x00000000,0x00000000,0,0,0000000000000000000000000000000000000000000000
3429,0x00000000000,0x000001d91e7,0x000000000,0x00000000,0x00000000,0,0,0000000000000001d91e70000000000000000000000000
3430,0x00000000000,0x00000000000,0x000000000,0x00000000,0x00000000,0,0,0000000000000000000000000000000000000000000000
3431,0x00000000000,0x00000000000,0x24fa86e43,0x00000000,0x36b69061,0,0,00000000000000000000093ea1b90c000000036b690610
3432,0x00000000000,0x00000000000,0x02b4012eb,0x0bab0ae2,0x00000000,0,0,0000000000000000000000ad004bac5d58571000000000
3433,0x00000000000,0x000001db1ef,0x000000000,0x00000000,0x00000000,0,0,0000000000000001db1ef0000000000000000000000000
3434,0x00000000000,0x00000000000,0x000000000,0x00000000,0x00000000,0,0,0000000000000000000000000000000000000000000000
3435,0x00000000000,0x00000000000,0x24fc86e83,0x00000000,0x00000000,0,0,00000000000000000000093f21ba0c0000000000000000
3436,0x00000000000,0x00000000000,0x000000000,0x00000000,0x00000000,0,0,0000000000000000000000000000000000000000000000
3437,0x00000000000,0x000001dc1f3,0x02e40152b,0x00000000,0x35f5d061,0,0,0000000000000001dc1f30b90054ac000000035f5d0610
3438,0x00000000000,0x00000000000,0x000000000,0x00000000,0x00000000,0,0,0000000000000000000000000000000000000000000000
3439,0x00000000000,0x00000000000,0x24fe86ec3,0x00000000,0x00000000,0,0,00000000000000000000093fa1bb0c0000000000000000
3440,0x00000000000,0x00000000000,0x000000000,0x00000000,0x00000000,0,0,0000000000000000000000000000000000000000000000
3441,0x00000000000,0x000001dd1f7,0x000000000,0x00000000,0x00000000,0,0,0000000000000001dd1f70000000000000000000000000
3442,0x00000000000,0x00000000000,0x000000000,0x00000000,0x00000000,0,0,0000000000000000000000000000000000000000000000
3443,0x00000000000,0x00000000000,0x02e60156b,0x00000000,0x36765061,0,0,0000000000000000000000b98055ac0000000367650610
3444,0x00000000000,0x00000000000,0x259121803,0x0bcb4b22,0x00000000,0,0,00000000000000000000096448600c5e5a591000000000
3445,0x00000000000,0x000001de1fb,0x000000000,0x00000000,0x00000000,0,0,0000000000000001de1fb0000000000000000000000000
3446,0x00000000000,0x00000000000,0x000000000,0x00000000,0x00000000,0,0,0000000000000000000000000000000000000000000000
3447,0x00000000000,0x00000000000,0x000000000,0x00000000,0x00000000,0,0,0000000000000000000000000000000000000000000000
3448,0x00000000000,0x00000000000,0x259921843,0x00000000,0x00000000,0,0,00000000000000000000096648610c0000000000000000
3449,0x00000000000,0x000001df1ff,0x02e8015ab,0x00000000,0x36f6d061,0,0,0000000000000001df1ff0ba0056ac000000036f6d0610
3450,0x00000000000,0x00000000000,0x000000000,0x00000000,0x00000000,0,0,0000000000000000000000000000000000000000000000
3451,0x00000000000,0x00000000000,0x000000000,0x0c0bcba2,0x00000000,0,0,000000000000000000000000000000605e5d1000000000
3452,0x00000000000,0x00000000000,0x259d21863,0x00000000,0x00000000,0,0,00000000000000000000096748618c0000000000000000
3453,0x00000000000,0x00000000000,0x000000000,0x00000000,0x00000000,0,0,0000000000000000000000000000000000000000000000
3454,0x00000000000,0x00000000000,0x000000000,0x00000000,0x00000000,0,0,0000000000000000000000000000000000000000000000
3455,0x00000000000,0x00000000000,0x02ec0162b,0x0f4e6e42,0x39391061,0,0,0000000000000000000000bb0058ac7a73721393910610
3456,0x00000000000,0x00000000000,0x25a121883,0x00000000,0x00000000,0,0,00000000000000000000096848620c0000000000000000
3457,0x00000000000,0x00000000000,0x000000000,0x00000000,0x00000000,0,0,0000000000000000000000000000000000000000000000
3458,0x00000000000,0x00000000000,0x000000000,0x0c2c0be2,0x00000000,0,0,00000000000000000000000000000061605f1000000000
3459,0x00000000000,0x00000000000,0x000000000,0x00000000,0x00000000,0,0,0000000000000000000000000000000000000000000000
3460,0x00000000000,0x00000000000,0x25a5218a3,0x00000000,0x00000000,0,0,00000000000000000000096948628c0000000000000000
3461,0x00000000000,0x00000000000,0x02f0016ab,0x00000000,0x39795061,0,0,0000000000000000000000bc005aac0000000397950610
3462,0x00000000000,0x00000000000,0x000000000,0x00000000,0x00000000,0,0,0000000000000000000000000000000000000000000000
3463,0x00000000000,0x00000000000,0x000000000,0x00000000,0x00000000,0,0,0000000000000000000000000000000000000000000000
3464,0x00000000000,0x00000000000,0x25a9218c3,0x00000000,0x00000000,0,0,00000000000000000000096a48630c0000000000000000
3465,0x00000000000,0x00000000000,0x000000000,0x00000000,0x2c4c2009,0,0,00000000000000000000000000000000000002c4c20090
3466,0x00000000000,0x00000000000,0x000000000,0x00000000,0x00000000,0,0,0000000000000000000000000000000000000000000000
3467,0x00000000000,0x00000000000,0x02ea015eb,0x00000000,0x39b99061,0,0,0000000000000000000000ba8057ac000000039b990610
3468,0x00000000000,0x00000000000,0x25ad218e3,0x00000000,0x00000000,0,0,00000000000000000000096b48638c0000000000000000
3469,0x00000000000,0x00000000000,0x000000000,0x00000000,0x00000000,0,0,0000000000000000000000000000000000000000000000
3470,0x00000000000,0x00000000000,0x000000000,0x00000000,0x00000000,0,0,0000000000000000000000000000000000000000000000
3471,0x00000000000,0x00000000000,0x000000000,0x00000000,0x00000000,0,0,0000000000000000000000000000000000000000000000
3472,0x00000000000,0x00000000000,0x25d15fc03,0x00000000,0x00000000,0,0,00000000000000000000097457f00c0000000000000000
3473,0x00000000000,0x00000000000,0x02ee0166b,0x00000000,0x39f9d061,0,0,0000000000000000000000bb8059ac000000039f9d0610
3474,0x00000000000,0x00000000000,0x000000000,0x00000000,0x00000000,0,0,0000000000000000000000000000000000000000000000
3475,0x00000000000,0x00000000000,0x000000000,0x00000000,0x00000000,0,0,0000000000000000000000000000000000000000000000
3476,0x00000000000,0x00000000000,0x25d55fc23,0x00000000,0x00000000,0,0,00000000000000000000097557f08c0000000000000000
3477,0x00000000000,0x00000000000,0x000000000,0x00000000,0x00000000,0,0,0000000000000000000000000000000000000000000000
3478,0x00000000000,0x00000000000,0x000000000,0x00000000,0x00000000,0,0,0000000000000000000000000000000000000000000000
3479,0x00000000000,0x00000000000,0x02f2016eb,0x0f6eae82,0x3a3a1061,0,0,0000000000000000000000bc805bac7b757413a3a10610
3480,0x00000000000,0x00000000000,0x25d95fc43,0x00000000,0x00000000,0,0,00000000000000000000097657f10c0000000000000000
3481,0x00000000000,0x00000000000,0x000000000,0x00000000,0x00000000,0,0,0000000000000000000000000000000000000000000000
3482,0x00000000000,0x00000000000,0x000000000,0x00000000,0x00000000,0,0,0000000000000000000000000000000000000000000000
3483,0x00000000000,0x00000000000,0x000000000,0x00000000,0x00000000,0,0,0000000000000000000000000000000000000000000000
3484,0x00000000000,0x00000000000,0x25dd5fc63,0x00000000,0x00000000,0,0,00000000000000000000097757f18c0000000000000000
3485,0x00000000000,0x00000000000,0x03220192b,0x0f8eeec2,0x3a7a5061,0,0,0000000000000000000000c88064ac7c777613a7a50610
3486,0x00000000000,0x00000000000,0x000000000,0x0fcf6f42,0x00000000,0,0,0000000000000000000000000000007e7b7a1000000000
3487,0x00000000000,0x00000000000,0x000000000,0x00000000,0x00000000,0,0,0000000000000000000000000000000000000000000000
3488,0x00000000000,0x00000000000,0x2530c5103,0x00000000,0x00000000,0,0,00000000000000000000094c31440c0000000000000000
3489,0x00000000000,0x00000000000,0x000000000,0x00000000,0x00000000,0,0,0000000000000000000000000000000000000000000000
3490,0x00000000000,0x00000000000,0x000000000,0x00000000,0x00000000,0,0,0000000000000000000000000000000000000000000000
3491,0x00000000000,0x00000000000,0x03240196b,0x0faf2f02,0x3aba9061,0,0,0000000000000000000000c90065ac7d797813aba90610
3492,0x00000000000,0x00000000000,0x2532c5143,0x00000000,0x00000000,0,0,00000000000000000000094cb1450c0000000000000000
3493,0x00000000000,0x00000000000,0x000000000,0x00000000,0x00000000,0,0,0000000000000000000000000000000000000000000000
3494,0x00000000000,0x00000000000,0x000000000,0x00000000,0x00000000,0,0,0000000000000000000000000000000000000000000000
3495,0x00000000000,0x00000000000,0x000000000,0x00000000,0x00000000,0,0,0000000000000000000000000000000000000000000000
3496,0x00000000000,0x00000000000,0x2534c5183,0x00000000,0x00000000,0,0,00000000000000000000094d31460c0000000000000000
3497,0x00000000000,0x00000000000,0x0326019ab,0x00000000,0x3afad061,0,0,0000000000000000000000c98066ac00000003afad0610
3498,0x00000000000,0x000001e0263,0x000000000,0x0fefaf82,0x00000000,0,0,0000000000000001e02630000000007f7d7c1000000000
3499,0x00000000000,0x00000000000,0x000000000,0x00000000,0x00000000,0,0,0000000000000000000000000000000000000000000000
3500,0x00000000000,0x00000000000,0x2536c51c3,0x00000000,0x00000000,0,0,00000000000000000000094db1470c0000000000000000
3501,0x00000000000,0x00000000000,0x000000000,0x00000000,0x00000000,0,0,0000000000000000000000000000000000000000000000
3502,0x00000000000,0x000001e1267,0x000000000,0x00000000,0x00000000,0,0,0000000000000001e12670000000000000000000000000
3503,0x00000000000,0x00000000000,0x0328019eb,0x13325222,0x3d3d1061,0,0,0000000000000000000000ca0067ac99929113d3d10610
3504,0x00000000000,0x00000000000,0x2538c5203,0x00000000,0x00000000,0,0,00000000000000000000094e31480c0000000000000000
3505,0x00000000000,0x00000000000,0x000000000,0x100fefc2,0x00000000,0,0,000000000000000000000000000000807f7e1000000000
3506,0x00000000000,0x000001e226b,0x000000000,0x00000000,0x00000000,0,0,0000000000000001e226b0000000000000000000000000
3507,0x00000000000,0x00000000000,0x000000000,0x00000000,0x00000000,0,0,0000000000000000000000000000000000000000000000
3508,0x00000000000,0x00000000000,0x253ac5243,0x00000000,0x00000000,0,0,00000000000000000000094eb1490c0000000000000000
3509,0x00000000000,0x00000000000,0x032a01a2b,0x00000000,0x3d7d5061,0,0,0000000000000000000000ca8068ac00000003d7d50610
3510,0x00000000000,0x000001e326f,0x000000000,0x00000000,0x00000000,0,0,0000000000000001e326f0000000000000000000000000
3511,0x00000000000,0x00000000000,0x000000000,0x00000000,0x00000000,0,0,0000000000000000000000000000000000000000000000
3512,0x00000000000,0x00000000000,0x253cc5283,0x00000000,0x30300009,0,0,00000000000000000000094f314a0c0000000303000090
3513,0x00000000000,0x00000000000,0x000000000,0x00000000,0x00000000,0,0,0000000000000000000000000000000000000000000000
3514,0x00000000000,0x000001e4273,0x000000000,0x00000000,0x00000000,0,0,0000000000000001e42730000000000000000000000000
3515,0x00000000000,0x00000000000,0x032c01a6b,0x13529262,0x3dbd9061,0,0,0000000000000000000000cb0069ac9a949313dbd90610
3516,0x00000000000,0x00000000000,0x253ec52c3,0x00000000,0x00000000,0,0,00000000000000000000094fb14b0c0000000000000000
3517,0x00000000000,0x00000000000,0x000000000,0x00000000,0x00000000,0,0,0000000000000000000000000000000000000000000000
3518,0x00000000000,0x000001e5277,0x000000000,0x00000000,0x00000000,0,0,0000000000000001e52770000000000000000000000000
3519,0x00000000000,0x00000000000,0x000000000,0x00000000,0x00000000,0,0,0000000000000000000000000000000000000000000000
3520,0x00000000000,0x00000000000,0x25e15fc83,0x00000000,0x00000000,0,0,00000000000000000000097857f20c0000000000000000
3521,0x00000000000,0x00000000000,0x032e01aab,0x00000000,0x3dfdd061,0,0,0000000000000000000000cb806aac00000003dfdd0610
3522,0x00000000000,0x000001e627b,0x000000000,0x13b35322,0x00000000,0,0,0000000000000001e627b0000000009d9a991000000000
3523,0x00000000000,0x00000000000,0x000000000,0x00000000,0x00000000,0,0,0000000000000000000000000000000000000000000000
3524,0x00000000000,0x00000000000,0x25e55fca3,0x00000000,0x00000000,0,0,00000000000000000000097957f28c0000000000000000
3525,0x00000000000,0x00000000000,0x000000000,0x00000000,0x00000000,0,0,0000000000000000000000000000000000000000000000
3526,0x00000000000,0x000001e727f,0x000000000,0x00000000,0x00000000,0,0,0000000000000001e727f0000000000000000000000000
3527,0x00000000000,0x00000000000,0x033001aeb,0x1372d2a2,0x00000000,0,0,0000000000000000000000cc006bac9b96951000000000
3528,0x00000000000,0x00000000000,0x25e95fcc3,0x00000000,0x00000000,0,0,00000000000000000000097a57f30c0000000000000000
3529,0x00000000000,0x00000000000,0x000000000,0x00000000,0x00000000,0,0,0000000000000000000000000000000000000000000000
3530,0x00000000000,0x00000000000,0x000000000,0x00000000,0x3e3e1061,0,0,00000000000000000000000000000000000003e3e10610
3531,0x00000000000,0x00000000000,0x000000000,0x00000000,0x00000000,0,0,0000000000000000000000000000000000000000000000
3532,0x00000000000,0x00000000000,0x25ed5fce3,0x00000000,0x00000000,0,0,00000000000000000000097b57f38c0000000000000000
3533,0x00000000000,0x00000000000,0x036001d2b,0x00000000,0x00000000,0,0,0000000000000000000000d80074ac0000000000000000
3534,0x00000000000,0x00000000000,0x000000000,0x00000000,0x00000000,0,0,0000000000000000000000000000000000000000000000
3535,0x00000000000,0x00000000000,0x000000000,0x00000000,0x00000000,0,0,0000000000000000000000000000000000000000000000
3536,0x00000000000,0x00000000000,0x000000000,0x00000000,0x3e7e5061,0,0,00000000000000000000000000000000000003e7e50610
3537,0x00000000000,0x00000000000,0x000000000,0x00000000,0x00000000,0,0,0000000000000000000000000000000000000000000000
3538,0x00000000000,0x00000000000,0x257103503,0x00000000,0x00000000,0,0,00000000000000000000095c40d40c0000000000000000
3539,0x00000000000,0x00000000000,0x036201d6b,0x139312e2,0x00000000,0,0,0000000000000000000000d88075ac9c98971000000000
3540,0x00000000000,0x00000000000,0x000000000,0x00000000,0x00000000,0,0,0000000000000000000000000000000000000000000000
3541,0x00000000000,0x00000000000,0x000000000,0x00000000,0x00000000,0,0,0000000000000000000000000000000000000000000000
3542,0x00000000000,0x00000000000,0x257303543,0x00000000,0x3ebe9061,0,0,00000000000000000000095cc0d50c00000003ebe90610
3543,0x00000000000,0x00000000000,0x000000000,0x00000000,0x00000000,0,0,0000000000000000000000000000000000000000000000
3544,0x00000000000,0x00000000000,0x000000000,0x00000000,0x00000000,0,0,0000000000000000000000000000000000000000000000
3545,0x00000000000,0x00000000000,0x036401dab,0x00000000,0x00000000,0,0,0000000000000000000000d90076ac0000000000000000
3546,0x00000000000,0x00000000000,0x257503583,0x13d39362,0x00000000,0,0,00000000000000000000095d40d60c9e9c9b1000000000
3547,0x00000000000,0x00000000000,0x000000000,0x00000000,0x00000000,0,0,0000000000000000000000000000000000000000000000
3548,0x00000000000,0x000001e82e3,0x000000000,0x00000000,0x3efed061,0,0,0000000000000001e82e300000000000000003efed0610
3549,0x00000000000,0x00000000000,0x000000000,0x00000000,0x00000000,0,0,0000000000000000000000000000000000000000000000
3550,0x00000000000,0x00000000000,0x2577035c3,0x00000000,0x00000000,0,0,00000000000000000000095dc0d70c0000000000000000
3551,0x00000000000,0x00000000000,0x036601deb,0x17163602,0x00000000,0,0,0000000000000000000000d98077acb8b1b01000000000
3552,0x00000000000,0x000001e92e7,0x000000000,0x00000000,0x00000000,0,0,0000000000000001e92e70000000000000000000000000
3553,0x00000000000,0x00000000000,0x000000000,0x13f3d3a2,0x00000000,0,0,0000000000000000000000000000009f9e9d1000000000
3554,0x00000000000,0x00000000000,0x257903603,0x00000000,0x00000000,0,0,00000000000000000000095e40d80c0000000000000000
3555,0x00000000000,0x00000000000,0x000000000,0x00000000,0x00000000,0,0,0000000000000000000000000000000000000000000000
3556,0x00000000000,0x000001ea2eb,0x000000000,0x00000000,0x00000000,0,0,0000000000000001ea2eb0000000000000000000000000
3557,0x00000000000,0x00000000000,0x000000000,0x00000000,0x00000000,0,0,0000000000000000000000000000000000000000000000
3558,0x00000000000,0x00000000000,0x257b03643,0x00000000,0x00000000,0,0,00000000000000000000095ec0d90c0000000000000000
3559,0x00000000000,0x00000000000,0x000000000,0x00000000,0x00000000,0,0,0000000000000000000000000000000000000000000000
3560,0x00000000000,0x000001eb2ef,0x036801e2b,0x00000000,0x3413e009,0,0,0000000000000001eb2ef0da0078ac00000003413e0090
3561,0x00000000000,0x00000000000,0x000000000,0x00000000,0x00000000,0,0,0000000000000000000000000000000000000000000000
3562,0x00000000000,0x00000000000,0x000000000,0x00000000,0x00000000,0,0,0000000000000000000000000000000000000000000000
3563,0x00000000000,0x00000000000,0x000000000,0x17367642,0x00000000,0,0,000000000000000000000000000000b9b3b21000000000
3564,0x00000000000,0x000001ec2f3,0x000000000,0x00000000,0x00000000,0,0,0000000000000001ec2f30000000000000000000000000
3565,0x00000000000,0x00000000000,0x000000000,0x00000000,0x00000000,0,0,0000000000000000000000000000000000000000000000
3566,0x00000000000,0x00000000000,0x036a01e6b,0x00000000,0x00000000,0,0,0000000000000000000000da8079ac0000000000000000
3567,0x00000000000,0x00000000000,0x000000000,0x00000000,0x00000000,0,0,0000000000000000000000000000000000000000000000
3568,0x00000000000,0x000001ed2f7,0x000000000,0x00000000,0x00000000,0,0,0000000000000001ed2f70000000000000000000000000
3569,0x00000000000,0x00000000000,0x000000000,0x00000000,0x00000000,0,0,0000000000000000000000000000000000000000000000
3570,0x00000000000,0x00000000000,0x000000000,0x17973702,0x00000000,0,0,000000000000000000000000000000bcb9b81000000000
3571,0x00000000000,0x00000000000,0x057d03683,0x00000000,0x00000000,0,0,00000000000000000000015f40da0c0000000000000000
3572,0x00000000000,0x00000000000,0x057f036c3,0x00000000,0x00000000,0,0,00000000000000000000015fc0db0c0000000000000000
3573,0x00000000000,0x00000000000,0x036c01eab,0x00000000,0x00000000,0,0,0000000000000000000000db007aac0000000000000000
3574,0x00000000000,0x00000000000,0x000000000,0x00000000,0x00000000,0,0,0000000000000000000000000000000000000000000000
3575,0x00000000000,0x00000000000,0x000000000,0x00000000,0x00000000,0,0,0000000000000000000000000000000000000000000000
3576,0x00000000000,0x00000000000,0x000000000,0x00000000,0x00000000,0,0,0000000000000000000000000000000000000000000000
3577,0x00000000000,0x00000000000,0x000000000,0x00000000,0x00000000,0,0,0000000000000000000000000000000000000000000000
3578,0x00000000000,0x000001ee2fb,0x036e01eeb,0x00000000,0x00000000,0,0,0000000000000001ee2fb0db807bac0000000000000000
3579,0x00000000000,0x000001ef2ff,0x000000000,0x1756b682,0x00000000,0,0,0000000000000001ef2ff000000000bab5b41000000000
3580,0x00000000000,0x00000000000,0x000000000,0x00000000,0x00000000,0,0,0000000000000000000000000000000000000000000000
3581,0x00000000000,0x00000000000,0x000000000,0x00000000,0x00000000,0,0,0000000000000000000000000000000000000000000000
3582,0x00000000000,0x00000000000,0x05b141903,0x00000000,0x00000000,0,0,00000000000000000000016c50640c0000000000000000
3583,0x00000000000,0x00000000000,0x05b341943,0x00000000,0x00000000,0,0,00000000000000000000016cd0650c0000000000000000
3584,0x00000000000,0x00000000000,0x05b541983,0x00000000,0x00000000,0,0,00000000000000000000016d50660c0000000000000000
3585,0x00000000000,0x00000000000,0x05b7419c3,0x00000000,0x00000000,0,0,00000000000000000000016dd0670c0000000000000000
3586,0x00000000000,0x00000000000,0x05b941a03,0x00000000,0x00000000,0,0,00000000000000000000016e50680c0000000000000000
3587,0x00000000000,0x00000000000,0x05bb41a43,0x00000000,0x00000000,0,0,00000000000000000000016ed0690c0000000000000000
3588,0x00000000000,0x00000000000,0x05bd41a83,0x00000000,0x00000000,0,0,00000000000000000000016f506a0c0000000000000000
3589,0x00000000000,0x000001f0363,0x05bf41ac3,0x00000000,0x00000000,0,0,0000000000000001f036316fd06b0c0000000000000000
3590,0x00000000000,0x000001f1367,0x000000000,0x1776f6c2,0x00000000,0,0,0000000000000001f1367000000000bbb7b61000000000
3591,0x00000000000,0x000001f236b,0x000000000,0x00000000,0x00000000,0,0,0000000000000001f236b0000000000000000000000000
3592,0x00000000000,0x000001f336f,0x000000000,0x00000000,0x00000000,0,0,0000000000000001f336f0000000000000000000000000
3593,0x00000000000,0x000001f4373,0x000000000,0x00000000,0x00000000,0,0,0000000000000001f43730000000000000000000000000
3594,0x00000000000,0x000001f5377,0x000000000,0x00000000,0x00000000,0,0,0000000000000001f53770000000000000000000000000
3595,0x00000000000,0x000001f637b,0x000000000,0x00000000,0x00000000,0,0,0000000000000001f637b0000000000000000000000000
3596,0x00000000000,0x000001f737f,0x000000000,0x00000000,0x00000000,0,0,0000000000000001f737f0000000000000000000000000
3597,0x00000000000,0x00000000000,0x000000000,0x17b77742,0x00000000,0,0,000000000000000000000000000000bdbbba1000000000
3598,0x00000000000,0x00000000000,0x000000000,0x00000000,0x00000000,0,0,0000000000000000000000000000000000000000000000
3599,0x00000000000,0x00000000000,0x000000000,0x00000000,0x00000000,0,0,0000000000000000000000000000000000000000000000
3600,0x00000000000,0x00000000000,0x000000000,0x00000000,0x00000000,0,0,0000000000000000000000000000000000000000000000
3601,0x00000000000,0x00000000000,0x000000000,0x00000000,0x00000000,0,0,0000000000000000000000000000000000000000000000
3602,0x00000000000,0x00000000000,0x000000000,0x00000000,0x00000000,0,0,0000000000000000000000000000000000000000000000
3603,0x00000000000,0x00000000000,0x000000000,0x00000000,0x00000000,0,0,0000000000000000000000000000000000000000000000
3604,0x00000000000,0x00000000000,0x000000000,0x17d7b782,0x00000000,0,0,000000000000000000000000000000bebdbc1000000000
3605,0x00000000000,0x00000000000,0x000000000,0x00000000,0x00000000,0,0,0000000000000000000000000000000000000000000000
3606,0x00000000000,0x00000000000,0x000000000,0x00000000,0x00000000,0,0,0000000000000000000000000000000000000000000000
3607,0x00000000000,0x00000000000,0x000000000,0x00000000,0x00000000,0,0,0000000000000000000000000000000000000000000000
3608,0x00000000000,0x00000000000,0x000000000,0x00000000,0x00000000,0,0,0000000000000000000000000000000000000000000000
3609,0x00000000000,0x00000000000,0x000000000,0x00000000,0x00000000,0,0,0000000000000000000000000000000000000000000000
3610,0x00000000000,0x00000000000,0x000000000,0x00000000,0x00000000,0,0,0000000000000000000000000000000000000000000000
3611,0x00000000000,0x00000000000,0x000000000,0x00000000,0x37f7c009,0,0,000000000000000000000000000000000000037f7c0090
3612,0x00000000000,0x00000000000,0x000000000,0x00000000,0x00000000,0,0,0000000000000000000000000000000000000000000000
3613,0x00000000000,0x00000000000,0x000000000,0x00000000,0x00000000,0,0,0000000000000000000000000000000000000000000000
3614,0x00000000000,0x00000000000,0x000000000,0x00000000,0x00000000,0,0,0000000000000000000000000000000000000000000000
3615,0x00000000000,0x00000000000,0x000000000,0x00000000,0x00000000,0,0,0000000000000000000000000000000000000000000000
3616,0x00000000000,0x00000000000,0x000000000,0x00000000,0x00000000,0,0,0000000000000000000000000000000000000000000000
3617,0x00000000000,0x00000000000,0x000000000,0x00000000,0x00000000,0,0,0000000000000000000000000000000000000000000000
3618,0x00000000000,0x00000000000,0x000000000,0x00000000,0x00000000,0,0,0000000000000000000000000000000000000000000000
3619,0x00000000000,0x00000000000,0x000000000,0x00000000,0x00000000,0,0,0000000000000000000000000000000000000000000000
3620,0x00000000000,0x00000000000,0x000000000,0x00000000,0x00000000,0,0,0000000000000000000000000000000000000000000000
3621,0x00000000000,0x00000000000,0x000000000,0x00000000,0x00000000,0,0,0000000000000000000000000000000000000000000000
3622,0x00000000000,0x00000000000,0x000000000,0x00000000,0x00000000,0,0,0000000000000000000000000000000000000000000000
3623,0x00000000000,0x00000000000,0x000000000,0x00000000,0x00000000,0,0,0000000000000000000000000000000000000000000000
3624,0x00000000000,0x00000000000,0x000000000,0x00000000,0x00000000,0,0,0000000000000000000000000000000000000000000000
3625,0x00000000000,0x00000000000,0x000000000,0x00000000,0x00000000,0,0,0000000000000000000000000000000000000000000000
3626,0x00000000000,0x00000000000,0x000000000,0x00000000,0x00000000,0,0,0000000000000000000000000000000000000000000000
3627,0x00000000000,0x00000000000,0x000000000,0x00000000,0x00000000,0,0,0000000000000000000000000000000000000000000000
3628,0x00000000000,0x00000000000,0x000000000,0x00000000,0x00000000,0,0,0000000000000000000000000000000000000000000000
3629,0x00000000000,0x00000000000,0x000000000,0x00000000,0x00000000,0,0,0000000000000000000000000000000000000000000000
3630,0x00000000000,0x00000000000,0x000000000,0x00000000,0x00000000,0,0,0000000000000000000000000000000000000000000000
3631,0x00000000000,0x00000000000,0x000000000,0x00000000,0x00000000,0,0,0000000000000000000000000000000000000000000000
3632,0x00000000000,0x00000000000,0x000000000,0x00000000,0x00000000,0,0,0000000000000000000000000000000000000000000000
3633,0x00000000000,0x00000000000,0x05f17fd03,0x00000000,0x00000000,0,0,00000000000000000000017c5ff40c0000000000000000
3634,0x00000000000,0x00000000000,0x05f37fd43,0x00000000,0x00000000,0,0,00000000000000000000017cdff50c0000000000000000
3635,0x00000000000,0x00000000000,0x05f57fd83,0x00000000,0x00000000,0,0,00000000000000000000017d5ff60c0000000000000000
3636,0x00000000000,0x00000000000,0x05f77fdc3,0x00000000,0x00000000,0,0,00000000000000000000017ddff70c0000000000000000
3637,0x00000000000,0x00000000000,0x05f97fe03,0x00000000,0x00000000,0,0,00000000000000000000017e5ff80c0000000000000000
3638,0x00000000000,0x00000000000,0x05fb7fe43,0x00000000,0x00000000,0,0,00000000000000000000017edff90c0000000000000000
3639,0x00000000000,0x00000000000,0x05fd7fe83,0x00000000,0x00000000,0,0,00000000000000000000017f5ffa0c0000000000000000
3640,0x00000000000,0x000001f83e3,0x05ff7fec3,0x00000000,0x00000000,0,0,0000000000000001f83e317fdffb0c0000000000000000
3641,0x00000000000,0x000001f93e7,0x000000000,0x00000000,0x00000000,0,0,0000000000000001f93e70000000000000000000000000
3642,0x00000000000,0x000001fa3eb,0x000000000,0x00000000,0x00000000,0,0,0000000000000001fa3eb0000000000000000000000000
3643,0x00000000000,0x000001fb3ef,0x000000000,0x00000000,0x00000000,0,0,0000000000000001fb3ef0000000000000000000000000
3644,0x00000000000,0x000001fc3f3,0x000000000,0x00000000,0x00000000,0,0,0000000000000001fc3f30000000000000000000000000
3645,0x00000000000,0x000001fd3f7,0x000000000,0x00000000,0x00000000,0,0,0000000000000001fd3f70000000000000000000000000
3646,0x00000000000,0x000001fe3fb,0x000000000,0x00000000,0x00000000,0,0,0000000000000001fe3fb0000000000000000000000000
3647,0x00000000000,0x000001ff3ff,0x000000000,0x00000000,0x00000000,0,0,0000000000000001ff3ff0000000000000000000000000
3648,0x00000000000,0x00000000000,0x000000000,0x00000000,0x00000000,0,1,0000000000000000000000000000000000000000000001
