cycle,load,store,vector,scalar,sfu,reserved,eop,word_hex
0,0x00000000003,0x00000000000,0x000000000,0x00000000,0x00000000,0,0,0000000000c00000000000000000000000000000000000
1,0x00000001007,0x00000000000,0x000000000,0x00000000,0x00000000,0,0,0000000401c00000000000000000000000000000000000
2,0x0000000200b,0x00000000000,0x000000000,0x00000000,0x00000000,0,0,0000000802c00000000000000000000000000000000000
3,0x0000000300f,0x00000000000,0x02000000c,0x00000000,0x00000000,0,0,0000000c03c00000000000800000300000000000000000
4,0x00000004013,0x00000000000,0x02020002c,0x00000000,0x00000000,0,0,0000001004c00000000000808000b00000000000000000
5,0x00000005017,0x00000000000,0x02040004c,0x00000000,0x00000000,0,0,0000001405c00000000000810001300000000000000000
6,0x0000000601b,0x00000000000,0x02060006c,0x00000000,0x00000000,0,0,0000001806c00000000000818001b00000000000000000
7,0x0000000701f,0x00000000000,0x02080008c,0x00000000,0x00000000,0,0,0000001c07c00000000000820002300000000000000000
8,0x00000008083,0x00000000000,0x020a000ac,0x00000000,0x00000000,0,0,0000002020c00000000000828002b00000000000000000
9,0x00000009087,0x00000000000,0x020c000cc,0x00000000,0x00000000,0,0,0000002421c00000000000830003300000000000000000
10,0x0000000a08b,0x00000000000,0x020e000ec,0x00000000,0x00000000,0,0,0000002822c00000000000838003b00000000000000000
11,0x0000000b08f,0x00000000000,0x023e0040c,0x01002004,0x00000000,0,0,0000002c23c000000000008f8010300801002000000000
12,0x0000000c093,0x00000000000,0x02400042c,0x00000000,0x00000000,0,0,0000003024c00000000000900010b00000000000000000
13,0x0000000d097,0x00000000000,0x000000000,0x01206044,0x00000000,0,0,0000003425c00000000000000000000903022000000000
14,0x0000000e09b,0x00000000000,0x02420044c,0x00000000,0x00000000,0,0,0000003826c00000000000908011300000000000000000
15,0x0000000f09f,0x00000000000,0x02460048c,0x0140a084,0x00000000,0,0,0000003c27c00000000000918012300a05042000000000
16,0x00000010103,0x00000000000,0x02440046c,0x00000000,0x00000000,0,0,0000004040c00000000000910011b00000000000000000
17,0x00000011107,0x00000000000,0x0248004ac,0x0160e0c4,0x00000000,0,0,0000004441c00000000000920012b00b07062000000000
18,0x0000001210b,0x00000000000,0x024a004cc,0x00000000,0x00000000,0,0,0000004842c00000000000928013300000000000000000
19,0x0000001310f,0x00000000000,0x024c004ec,0x04e403e4,0x00000000,0,0,0000004c43c00000000000930013b027201f2000000000
20,0x00000014113,0x00000000000,0x027c0080c,0x01812104,0x00000000,0,0,0000005044c000000000009f0020300c09082000000000
21,0x00000015117,0x00000000000,0x027e0082c,0x00000000,0x00000000,0,0,0000005445c000000000009f8020b00000000000000000
22,0x0000001611b,0x00000000000,0x02800084c,0x00000000,0x00000000,0,0,0000005846c00000000000a00021300000000000000000
23,0x0000001711f,0x00000000000,0x02820086c,0x05044424,0x00000000,0,0,0000005c47c00000000000a08021b02822212000000000
24,0x00000018183,0x00000000000,0x02840088c,0x01a16144,0x00000000,0,0,0000006060c00000000000a10022300d0b0a2000000000
25,0x00000019187,0x00000000000,0x0286008ac,0x05248464,0x00000000,0,0,0000006461c00000000000a18022b02924232000000000
26,0x0000001a18b,0x00000000000,0x0288008cc,0x0544c4a4,0x00000000,0,0,0000006862c00000000000a20023302a26252000000000
27,0x0000001b18f,0x00000000000,0x028a008ec,0x00000000,0x00000000,0,0,0000006c63c00000000000a28023b00000000000000000
28,0x0000001c193,0x00000000000,0x02ba00c0c,0x08c7e7c4,0x00000000,0,0,0000007064c00000000000ae803030463f3e2000000000
29,0x0000001d197,0x00000000000,0x02bc00c2c,0x00000000,0x00000000,0,0,0000007465c00000000000af0030b00000000000000000
30,0x0000001e19b,0x00000000000,0x02c000c6c,0x056504e4,0x00000000,0,0,0000007866c00000000000b00031b02b28272000000000
31,0x0000001f19f,0x00000000000,0x02be00c4c,0x01c1a184,0x00000000,0,0,0000007c67c00000000000af8031300e0d0c2000000000
32,0x00000020203,0x00000000000,0x02c200c8c,0x08e82804,0x00000000,0,0,0000008080c00000000000b08032304741402000000000
33,0x00000021207,0x00000000000,0x02c400cac,0x05854524,0x00000000,0,0,0000008481c00000000000b10032b02c2a292000000000
34,0x0000002220b,0x00000000000,0x02c600ccc,0x09086844,0x00000000,0,0,0000008882c00000000000b18033304843422000000000
35,0x0000002320f,0x00000000000,0x02c800cec,0x0928a884,0x00000000,0,0,0000008c83c00000000000b20033b04945442000000000
36,0x00000024213,0x00000000000,0x02f80100c,0x0cabcba4,0x00000000,0,0,0000009084c00000000000be004030655e5d2000000000
37,0x00000025217,0x00000000000,0x02fa0102c,0x00000000,0x00000000,0,0,0000009485c00000000000be8040b00000000000000000
38,0x0000002621b,0x00000000000,0x04101c003,0x0ccc0be4,0x00000000,0,0,0000009886c000000000010407000c66605f2000000000
39,0x0000002721f,0x00000000000,0x04141c023,0x00000000,0x00000000,0,0,0000009c87c000000000010507008c0000000000000000
40,0x00000028283,0x00000000000,0x04181c043,0x05a58564,0x00000000,0,0,000000a0a0c000000000010607010c2d2c2b2000000000
41,0x00000029287,0x00000000000,0x041c1c063,0x00000000,0x00000000,0,0,000000a4a1c000000000010707018c0000000000000000
42,0x0000002a28b,0x00000000000,0x04201c083,0x09692904,0x00000000,0,0,000000a8a2c000000000010807020c4b49482000000000
43,0x0000002b28f,0x00000000000,0x04241c0a3,0x0d0c8c64,0x00000000,0,0,000000aca3c000000000010907028c6864632000000000
44,0x0000002d297,0x00000000000,0x04281c0c3,0x108faf84,0x00000000,0,0,000000b4a5c000000000010a07030c847d7c2000000000
45,0x0000002c293,0x00000000000,0x042c1c0e3,0x00000000,0x21211061,0,0,000000b0a4c000000000010b07038c0000000212110610
46,0x0000002e29b,0x00000000000,0x02fe0106c,0x0948e8c4,0x00000000,0,0,000000b8a6c00000000000bf8041b04a47462000000000
47,0x0000002f29f,0x00000000000,0x04505a403,0x00000000,0x00000000,0,0,000000bca7c000000000011416900c0000000000000000
48,0x00000031307,0x00000000000,0x04545a423,0x00000000,0x00000000,0,0,000000c4c1c000000000011516908c0000000000000000
49,0x00000030303,0x00000000000,0x04585a443,0x00000000,0x00000000,0,0,000000c0c0c000000000011616910c0000000000000000
50,0x0000003230b,0x00000000000,0x045c5a463,0x00000000,0x00000000,0,0,000000c8c2c000000000011716918c0000000000000000
51,0x0000003330f,0x00000000000,0x04605a483,0x00000000,0x21615061,0,0,000000ccc3c000000000011816920c0000000216150610
52,0x00000034313,0x00000000000,0x04645a4a3,0x00000000,0x00000000,0,0,000000d0c4c000000000011916928c0000000000000000
53,0x00000035317,0x00000000000,0x24685a4c3,0x09896944,0x00000000,0,0,000000d4c5c000000000091a16930c4c4b4a2000000000
54,0x0000003731f,0x00000000000,0x02fc0104c,0x0cec4c24,0x00000000,0,0,000000dcc7c00000000000bf0041306762612000000000
55,0x0000003631b,0x00000000000,0x03000108c,0x0d2ccca4,0x00000000,0,0,000000d8c6c00000000000c00042306966652000000000
56,0x00000038383,0x00000000000,0x0302010ac,0x00000000,0x00000000,0,0,000000e0e0c00000000000c08042b00000000000000000
57,0x00000039387,0x00000000000,0x246c5a4e3,0x00000000,0x21a19061,0,0,000000e4e1c000000000091b16938c000000021a190610
58,0x0000003a38b,0x00000000000,0x0304010cc,0x00000000,0x00000000,0,0,000000e8e2c00000000000c10043300000000000000000
59,0x0000003b38f,0x00000000000,0x0306010ec,0x00000000,0x00000000,0,0,000000ece3c00000000000c18043b00000000000000000
60,0x0000003d397,0x00000000000,0x03360140c,0x00000000,0x00000000,0,0,000000f4e5c00000000000cd8050300000000000000000
61,0x0000003c393,0x00000000000,0x249098803,0x10afefc4,0x00000000,0,0,000000f0e4c000000000092426200c857f7e2000000000
62,0x0000003e39b,0x00000000000,0x03380142c,0x0d4d0ce4,0x00000000,0,0,000000f8e6c00000000000ce0050b06a68672000000000
63,0x0000003f39f,0x00000000000,0x033e0148c,0x10d03004,0x21e1d061,0,0,000000fce7c00000000000cf805230868180221e1d0610
64,0x00000000000,0x00000000000,0x033a0144c,0x00000000,0x00000000,0,0,0000000000000000000000ce8051300000000000000000
65,0x00000000000,0x00000000000,0x249498823,0x00000000,0x00000000,0,0,00000000000000000000092526208c0000000000000000
66,0x00000000000,0x00000000000,0x033c0146c,0x10f07044,0x00000000,0,0,0000000000000000000000cf0051b08783822000000000
67,0x00000000000,0x00000000000,0x0340014ac,0x00000000,0x00000000,0,0,0000000000000000000000d00052b00000000000000000
68,0x00000000000,0x00000000000,0x0342014cc,0x1110b084,0x00000000,0,0,0000000000000000000000d08053308885842000000000
69,0x00000000000,0x00000000000,0x249898843,0x0d6d4d24,0x22221061,0,0,00000000000000000000092626210c6b6a692222210610
70,0x00000000000,0x00000000000,0x0344014ec,0x14739364,0x00000000,0,0,0000000000000000000000d10053b0a39c9b2000000000
71,0x00000000000,0x00000000000,0x03740180c,0x00000000,0x00000000,0,0,0000000000000000000000dd0060300000000000000000
72,0x00000000000,0x00000000000,0x03760182c,0x00000000,0x00000000,0,0,0000000000000000000000dd8060b00000000000000000
73,0x00000000000,0x00000000000,0x249c98863,0x1130f0c4,0x00000000,0,0,00000000000000000000092726218c8987862000000000
74,0x00000000000,0x00000000000,0x037a0186c,0x1493d3a4,0x00000000,0,0,0000000000000000000000de8061b0a49e9d2000000000
75,0x00000000000,0x00000000000,0x021e0012b,0x14b413e4,0x22625061,0,0,0000000000000000000000878004aca5a09f2226250610
76,0x00000000000,0x00000000000,0x03780184c,0x00000000,0x00000000,0,0,0000000000000000000000de0061300000000000000000
77,0x00000000000,0x00000000000,0x24a098883,0x14d45424,0x00000000,0,0,00000000000000000000092826220ca6a2a12000000000
78,0x00000000000,0x00000000000,0x037c0188c,0x00000000,0x00000000,0,0,0000000000000000000000df0062300000000000000000
79,0x00000000000,0x00000000000,0x037e018ac,0x18577744,0x00000000,0,0,0000000000000000000000df8062b0c2bbba2000000000
80,0x00000000000,0x00000000000,0x0380018cc,0x11513104,0x00000000,0,0,0000000000000000000000e00063308a89882000000000
81,0x00000000000,0x00000000000,0x02200016b,0x14f49464,0x22a29061,0,0,0000000000000000000000880005aca7a4a3222a290610
82,0x00000000000,0x00000000000,0x24a4988a3,0x00000000,0x00000000,0,0,00000000000000000000092926228c0000000000000000
83,0x00000000000,0x00000000000,0x0382018ec,0x1877b784,0x00000000,0,0,0000000000000000000000e08063b0c3bdbc2000000000
84,0x00000000000,0x00000000000,0x03b201c0c,0x1514d4a4,0x00000000,0,0,0000000000000000000000ec807030a8a6a52000000000
85,0x00000000000,0x00000000000,0x03b401c2c,0x00000000,0x00000000,0,0,0000000000000000000000ed0070b00000000000000000
86,0x00000000000,0x00000000000,0x24a8988c3,0x00000000,0x00000000,0,0,00000000000000000000092a26230c0000000000000000
87,0x00000000000,0x00000000000,0x0222001ab,0x1897f7c4,0x22e2d061,0,0,0000000000000000000000888006acc4bfbe222e2d0610
88,0x00000000000,0x00000000000,0x03b601c4c,0x00000000,0x00000000,0,0,0000000000000000000000ed8071300000000000000000
89,0x00000000000,0x00000000000,0x03b801c6c,0x00000000,0x00000000,0,0,0000000000000000000000ee0071b00000000000000000
90,0x00000000000,0x00000000000,0x24ac988e3,0x18d87844,0x00000000,0,0,00000000000000000000092b26238cc6c3c22000000000
91,0x00000000000,0x00000000000,0x03bc01cac,0x153514e4,0x00000000,0,0,0000000000000000000000ef0072b0a9a8a72000000000
92,0x00000000000,0x00000000000,0x03be01ccc,0x00000000,0x00000000,0,0,0000000000000000000000ef8073300000000000000000
93,0x00000000000,0x00000000000,0x0224001eb,0x02e201e2,0x25251061,0,0,0000000000000000000000890007ac17100f1252510610
94,0x00000000000,0x00000000000,0x24d0d6c03,0x18b83804,0x00000000,0,0,00000000000000000000093435b00cc5c1c02000000000
95,0x00000000000,0x00000000000,0x03ba01c8c,0x00000000,0x00000000,0,0,0000000000000000000000ee8072300000000000000000
96,0x00000000000,0x00000000000,0x03c001cec,0x1c3b5b24,0x00000000,0,0,0000000000000000000000f00073b0e1dad92000000000
97,0x00000000000,0x00000000000,0x000000000,0x1c5b9b64,0x00000000,0,0,000000000000000000000000000000e2dcdb2000000000
98,0x00000000000,0x00000000000,0x24d4d6c23,0x00000000,0x00000000,0,0,00000000000000000000093535b08c0000000000000000
99,0x00000000000,0x00000000000,0x02260022b,0x00000000,0x25655061,0,0,0000000000000000000000898008ac0000000256550610
100,0x00000000000,0x00000000000,0x000000000,0x00000000,0x00000000,0,0,0000000000000000000000000000000000000000000000
101,0x00000000000,0x00000000000,0x000000000,0x18f8b884,0x00000000,0,0,000000000000000000000000000000c7c5c42000000000
102,0x00000000000,0x00000000000,0x24d8d6c43,0x1c7bdba4,0x00000000,0,0,00000000000000000000093635b10ce3dedd2000000000
103,0x00000000000,0x00000000000,0x000000000,0x1c9c1be4,0x00000000,0,0,000000000000000000000000000000e4e0df2000000000
104,0x00000000000,0x00000000000,0x000000000,0x1cbc5c24,0x00000000,0,0,000000000000000000000000000000e5e2e12000000000
105,0x00000000000,0x00000000000,0x02280026b,0x03024222,0x25a59061,0,0,00000000000000000000008a0009ac181211125a590610
106,0x00000000000,0x00000000000,0x24dcd6c63,0x00000000,0x00000000,0,0,00000000000000000000093735b18c0000000000000000
107,0x00000000000,0x00000000000,0x000000000,0x00000000,0x00000000,0,0,0000000000000000000000000000000000000000000000
108,0x00000000000,0x00000000000,0x000000000,0x1918f8c4,0x00000000,0,0,000000000000000000000000000000c8c7c62000000000
109,0x00000000000,0x00000000000,0x000000000,0x00000000,0x00000000,0,0,0000000000000000000000000000000000000000000000
110,0x00000000000,0x00000000000,0x24e0d6c83,0x00000000,0x00000000,0,0,00000000000000000000093835b20c0000000000000000
111,0x00000000000,0x00000000000,0x022a002ab,0x1cdc9c64,0x25e5d061,0,0,00000000000000000000008a800aace6e4e3225e5d0610
112,0x00000000000,0x00000000000,0x000000000,0x036302e2,0x00000000,0,0,0000000000000000000000000000001b18171000000000
113,0x00000000000,0x00000000000,0x000000000,0x00000000,0x00000000,0,0,0000000000000000000000000000000000000000000000
114,0x00000000000,0x00000000000,0x24e4d6ca3,0x00000000,0x00000000,0,0,00000000000000000000093935b28c0000000000000000
115,0x00000000000,0x00000000000,0x000000000,0x00000000,0x00000000,0,0,0000000000000000000000000000000000000000000000
116,0x00000000000,0x00000000000,0x000000000,0x00000000,0x00000000,0,0,0000000000000000000000000000000000000000000000
117,0x00000000000,0x00000000000,0x022c002eb,0x03228262,0x26261061,0,0,00000000000000000000008b000bac1914131262610610
118,0x00000000000,0x00000000000,0x24e8d6cc3,0x1cfcdca4,0x00000000,0,0,00000000000000000000093a35b30ce7e6e52000000000
119,0x00000000000,0x00000000000,0x000000000,0x00000000,0x00000000,0,0,0000000000000000000000000000000000000000000000
120,0x00000000000,0x00000000000,0x000000000,0x00000000,0x00000000,0,0,0000000000000000000000000000000000000000000000
121,0x00000000000,0x00000000000,0x000000000,0x00000000,0x00000000,0,0,0000000000000000000000000000000000000000000000
122,0x00000000000,0x00000000000,0x24ecd6ce3,0x00000000,0x00000000,0,0,00000000000000000000093b35b38c0000000000000000
123,0x00000000000,0x00000000000,0x025c0052b,0x00000000,0x26665061,0,0,0000000000000000000000970014ac0000000266650610
124,0x00000000000,0x00000000000,0x000000000,0x00000000,0x00000000,0,0,0000000000000000000000000000000000000000000000
125,0x00000000000,0x00000000000,0x000000000,0x00000000,0x00000000,0,0,0000000000000000000000000000000000000000000000
126,0x00000000000,0x00000000000,0x251115003,0x00000000,0x00000000,0,0,00000000000000000000094445400c0000000000000000
127,0x00000000000,0x00000000000,0x000000000,0x00000000,0x00000000,0,0,0000000000000000000000000000000000000000000000
128,0x00000000000,0x00000000000,0x000000000,0x00000000,0x00000000,0,0,0000000000000000000000000000000000000000000000
129,0x00000000000,0x00000000000,0x025e0056b,0x0342c2a2,0x26a69061,0,0,0000000000000000000000978015ac1a1615126a690610
130,0x00000000000,0x00000000000,0x251515023,0x00000000,0x00000000,0,0,00000000000000000000094545408c0000000000000000
131,0x00000000000,0x00000000000,0x000000000,0x00000000,0x00000000,0,0,0000000000000000000000000000000000000000000000
132,0x00000000000,0x00000000000,0x000000000,0x00000000,0x00000000,0,0,0000000000000000000000000000000000000000000000
133,0x00000000000,0x00000000000,0x000000000,0x00000000,0x00000000,0,0,0000000000000000000000000000000000000000000000
134,0x00000000000,0x00000000000,0x251915043,0x00000000,0x00000000,0,0,00000000000000000000094645410c0000000000000000
135,0x00000000000,0x00000000000,0x0260005ab,0x00000000,0x26e6d061,0,0,0000000000000000000000980016ac000000026e6d0610
136,0x00000000000,0x00000000000,0x000000000,0x03834322,0x00000000,0,0,0000000000000000000000000000001c1a191000000000
137,0x00000000000,0x00000000000,0x000000000,0x00000000,0x00000000,0,0,0000000000000000000000000000000000000000000000
138,0x00000000000,0x00000000000,0x251d15063,0x00000000,0x00000000,0,0,00000000000000000000094745418c0000000000000000
139,0x00000000000,0x00000000000,0x000000000,0x00000000,0x00000000,0,0,0000000000000000000000000000000000000000000000
140,0x00000000000,0x00000000000,0x000000000,0x00000000,0x00000000,0,0,0000000000000000000000000000000000000000000000
141,0x00000000000,0x00000000000,0x0262005eb,0x06c5e5c2,0x29291061,0,0,0000000000000000000000988017ac362f2e1292910610
142,0x00000000000,0x00000000000,0x252115083,0x00000000,0x00000000,0,0,00000000000000000000094845420c0000000000000000
143,0x00000000000,0x00000000000,0x000000000,0x03a38362,0x00000000,0,0,0000000000000000000000000000001d1c1b1000000000
144,0x00000000000,0x00000000000,0x000000000,0x00000000,0x00000000,0,0,0000000000000000000000000000000000000000000000
145,0x00000000000,0x00000000000,0x000000000,0x00000000,0x00000000,0,0,0000000000000000000000000000000000000000000000
146,0x00000000000,0x00000000000,0x2525150a3,0x00000000,0x00000000,0,0,00000000000000000000094945428c0000000000000000
147,0x00000000000,0x00000000000,0x02640062b,0x00000000,0x29695061,0,0,0000000000000000000000990018ac0000000296950610
148,0x00000000000,0x00000000000,0x000000000,0x00000000,0x00000000,0,0,0000000000000000000000000000000000000000000000
149,0x00000000000,0x00000000000,0x000000000,0x00000000,0x00000000,0,0,0000000000000000000000000000000000000000000000
150,0x00000000000,0x00000000000,0x2529150c3,0x00000000,0x23c3a009,0,0,00000000000000000000094a45430c000000023c3a0090
151,0x00000000000,0x00000000000,0x000000000,0x00000000,0x00000000,0,0,0000000000000000000000000000000000000000000000
152,0x00000000000,0x00000000000,0x000000000,0x00000000,0x00000000,0,0,0000000000000000000000000000000000000000000000
153,0x00000000000,0x00000000000,0x02660066b,0x06e62602,0x29a99061,0,0,0000000000000000000000998019ac373130129a990610
154,0x00000000000,0x00000000000,0x252d150e3,0x00000000,0x00000000,0,0,00000000000000000000094b45438c0000000000000000
155,0x00000000000,0x00000000000,0x000000000,0x00000000,0x00000000,0,0,0000000000000000000000000000000000000000000000
156,0x00000000000,0x00000000000,0x000000000,0x00000000,0x00000000,0,0,0000000000000000000000000000000000000000000000
157,0x00000000000,0x00000000000,0x000000000,0x00000000,0x00000000,0,0,0000000000000000000000000000000000000000000000
158,0x00000000000,0x00000000000,0x255153403,0x00000000,0x00000000,0,0,00000000000000000000095454d00c0000000000000000
159,0x00000000000,0x00000000000,0x0268006ab,0x00000000,0x29e9d061,0,0,00000000000000000000009a001aac000000029e9d0610
160,0x00000000000,0x00000000000,0x000000000,0x0746e6c2,0x00000000,0,0,0000000000000000000000000000003a37361000000000
161,0x00000000000,0x00000000000,0x000000000,0x00000000,0x00000000,0,0,0000000000000000000000000000000000000000000000
162,0x00000000000,0x00000000000,0x255553423,0x00000000,0x00000000,0,0,00000000000000000000095554d08c0000000000000000
163,0x00000000000,0x00000000000,0x000000000,0x00000000,0x00000000,0,0,0000000000000000000000000000000000000000000000
164,0x00000000000,0x00000000000,0x000000000,0x00000000,0x00000000,0,0,0000000000000000000000000000000000000000000000
165,0x00000000000,0x00000000000,0x026a006eb,0x07066642,0x2a2a1061,0,0,00000000000000000000009a801bac38333212a2a10610
166,0x00000000000,0x00000000000,0x255953443,0x00000000,0x00000000,0,0,00000000000000000000095654d10c0000000000000000
167,0x00000000000,0x00000000000,0x000000000,0x00000000,0x00000000,0,0,0000000000000000000000000000000000000000000000
168,0x00000000000,0x00000000000,0x000000000,0x00000000,0x00000000,0,0,0000000000000000000000000000000000000000000000
169,0x00000000000,0x00000000000,0x000000000,0x00000000,0x00000000,0,0,0000000000000000000000000000000000000000000000
170,0x00000000000,0x00000000000,0x255d53463,0x00000000,0x00000000,0,0,00000000000000000000095754d18c0000000000000000
171,0x00000000000,0x00000000000,0x029a0092b,0x00000000,0x2a6a5061,0,0,0000000000000000000000a68024ac00000002a6a50610
172,0x00000000000,0x00000000000,0x000000000,0x00000000,0x00000000,0,0,0000000000000000000000000000000000000000000000
173,0x00000000000,0x00000000000,0x000000000,0x00000000,0x00000000,0,0,0000000000000000000000000000000000000000000000
174,0x00000000000,0x00000000000,0x24303c103,0x00000000,0x00000000,0,0,00000000000000000000090c0f040c0000000000000000
175,0x00000000000,0x00000000000,0x000000000,0x00000000,0x00000000,0,0,0000000000000000000000000000000000000000000000
176,0x00000000000,0x00000000000,0x000000000,0x00000000,0x00000000,0,0,0000000000000000000000000000000000000000000000
177,0x00000000000,0x00000000000,0x029c0096b,0x0726a682,0x2aaa9061,0,0,0000000000000000000000a70025ac39353412aaa90610
178,0x00000000000,0x00000000000,0x24323c143,0x00000000,0x00000000,0,0,00000000000000000000090c8f050c0000000000000000
179,0x00000000000,0x00000000000,0x000000000,0x00000000,0x00000000,0,0,0000000000000000000000000000000000000000000000
180,0x00000000000,0x00000000000,0x000000000,0x00000000,0x00000000,0,0,0000000000000000000000000000000000000000000000
181,0x00000000000,0x00000000000,0x000000000,0x00000000,0x00000000,0,0,0000000000000000000000000000000000000000000000
182,0x00000000000,0x00000000000,0x24343c183,0x00000000,0x00000000,0,0,00000000000000000000090d0f060c0000000000000000
183,0x00000000000,0x00000000000,0x029e009ab,0x00000000,0x2aead061,0,0,0000000000000000000000a78026ac00000002aead0610
184,0x00000000000,0x00000000063,0x000000000,0x07672702,0x00000000,0,0,0000000000000000000630000000003b39381000000000
185,0x00000000000,0x00000000000,0x000000000,0x00000000,0x00000000,0,0,0000000000000000000000000000000000000000000000
186,0x00000000000,0x00000000000,0x24363c1c3,0x00000000,0x00000000,0,0,00000000000000000000090d8f070c0000000000000000
187,0x00000000000,0x00000000000,0x000000000,0x00000000,0x00000000,0,0,0000000000000000000000000000000000000000000000
188,0x00000000000,0x00000001067,0x000000000,0x00000000,0x00000000,0,0,0000000000000000010670000000000000000000000000
189,0x00000000000,0x00000000000,0x02a0009eb,0x0aa9c9a2,0x2d2d1061,0,0,0000000000000000000000a80027ac554e4d12d2d10610
190,0x00000000000,0x00000000000,0x24383c203,0x00000000,0x00000000,0,0,00000000000000000000090e0f080c0000000000000000
191,0x00000000000,0x00000000000,0x000000000,0x07876742,0x00000000,0,0,0000000000000000000000000000003c3b3a1000000000
192,0x00000000000,0x0000000206b,0x000000000,0x00000000,0x00000000,0,0,00000000000000000206b0000000000000000000000000
193,0x00000000000,0x00000000000,0x000000000,0x00000000,0x00000000,0,0,0000000000000000000000000000000000000000000000
194,0x00000000000,0x00000000000,0x243a3c243,0x00000000,0x00000000,0,0,00000000000000000000090e8f090c0000000000000000
195,0x00000000000,0x00000000000,0x02a200a2b,0x00000000,0x2d6d5061,0,0,0000000000000000000000a88028ac00000002d6d50610
196,0x00000000000,0x0000000306f,0x000000000,0x00000000,0x00000000,0,0,00000000000000000306f0000000000000000000000000
197,0x00000000000,0x00000000000,0x000000000,0x00000000,0x00000000,0,0,0000000000000000000000000000000000000000000000
198,0x00000000000,0x00000000000,0x243c3c283,0x00000000,0x27a78009,0,0,00000000000000000000090f0f0a0c000000027a780090
199,0x00000000000,0x00000000000,0x000000000,0x00000000,0x00000000,0,0,0000000000000000000000000000000000000000000000
200,0x00000000000,0x00000004073,0x000000000,0x00000000,0x00000000,0,0,0000000000000000040730000000000000000000000000
201,0x00000000000,0x00000000000,0x02a400a6b,0x0aca09e2,0x2dad9061,0,0,0000000000000000000000a90029ac56504f12dad90610
202,0x00000000000,0x00000000000,0x243e3c2c3,0x00000000,0x00000000,0,0,00000000000000000000090f8f0b0c0000000000000000
203,0x00000000000,0x00000000000,0x000000000,0x00000000,0x00000000,0,0,0000000000000000000000000000000000000000000000
204,0x00000000000,0x00000005077,0x000000000,0x00000000,0x00000000,0,0,0000000000000000050770000000000000000000000000
205,0x00000000000,0x00000000000,0x000000000,0x00000000,0x00000000,0,0,0000000000000000000000000000000000000000000000
206,0x00000000000,0x00000000000,0x256153483,0x00000000,0x00000000,0,0,00000000000000000000095854d20c0000000000000000
207,0x00000000000,0x00000000000,0x02a600aab,0x00000000,0x2dedd061,0,0,0000000000000000000000a9802aac00000002dedd0610
208,0x00000000000,0x0000000607b,0x000000000,0x0b2acaa2,0x00000000,0,0,00000000000000000607b0000000005956551000000000
209,0x00000000000,0x00000000000,0x000000000,0x00000000,0x00000000,0,0,0000000000000000000000000000000000000000000000
210,0x00000000000,0x00000000000,0x2565534a3,0x00000000,0x00000000,0,0,00000000000000000000095954d28c0000000000000000
211,0x00000000000,0x00000000000,0x000000000,0x00000000,0x00000000,0,0,0000000000000000000000000000000000000000000000
212,0x00000040003,0x0000000707f,0x000000000,0x00000000,0x00000000,0,0,0000010000c000000707f0000000000000000000000000
213,0x00000041007,0x00000000000,0x02a800aeb,0x0aea4a22,0x2e2e1061,0,0,0000010401c00000000000aa002bac57525112e2e10610
214,0x0000004200b,0x00000000000,0x2569534c3,0x00000000,0x00000000,0,0,0000010802c000000000095a54d30c0000000000000000
215,0x0000004300f,0x00000000000,0x03f00000c,0x00000000,0x00000000,0,0,0000010c03c00000000000fc0000300000000000000000
216,0x00000044013,0x00000000000,0x03f20002c,0x00000000,0x00000000,0,0,0000011004c00000000000fc8000b00000000000000000
217,0x00000045017,0x00000000000,0x03f40004c,0x00000000,0x00000000,0,0,0000011405c00000000000fd0001300000000000000000
218,0x0000004601b,0x00000000000,0x256d534e3,0x00000000,0x00000000,0,0,0000011806c000000000095b54d38c0000000000000000
219,0x0000004701f,0x00000000000,0x02d800d2b,0x00000000,0x2e6e5061,0,0,0000011c07c00000000000b60034ac00000002e6e50610
220,0x00000000000,0x00000000000,0x03f60006c,0x00000000,0x00000000,0,0,0000000000000000000000fd8001b00000000000000000
221,0x00000000000,0x00000000000,0x03f80008c,0x00000000,0x00000000,0,0,0000000000000000000000fe0002300000000000000000
222,0x00000000000,0x00000000000,0x24707a503,0x00000000,0x00000000,0,0,00000000000000000000091c1e940c0000000000000000
223,0x00000000000,0x00000000000,0x03fa000ac,0x001f3f04,0x00000000,0,0,0000000000000000000000fe8002b000f9f82000000000
224,0x00000000000,0x00000000000,0x03fc000cc,0x00000000,0x00000000,0,0,0000000000000000000000ff0003300000000000000000
225,0x00000000000,0x00000000000,0x02da00d6b,0x0b0a8a62,0x2eae9061,0,0,0000000000000000000000b68035ac58545312eae90610
226,0x00000000000,0x00000000000,0x24727a543,0x00000000,0x00000000,0,0,00000000000000000000091c9e950c0000000000000000
227,0x00000000000,0x00000000000,0x03fe000ec,0x003f7f44,0x00000000,0,0,0000000000000000000000ff8003b001fbfa2000000000
228,0x00000000000,0x00000000000,0x000000000,0x00000000,0x00000000,0,0,0000000000000000000000000000000000000000000000
229,0x00000000000,0x00000000000,0x000000000,0x00000000,0x00000000,0,0,0000000000000000000000000000000000000000000000
230,0x00000000000,0x00000000000,0x24747a583,0x00000000,0x00000000,0,0,00000000000000000000091d1e960c0000000000000000
231,0x00000000000,0x00000000000,0x02dc00dab,0x005fbf84,0x2eeed061,0,0,0000000000000000000000b70036ac02fdfc22eeed0610
232,0x00000000000,0x000000080e3,0x000000000,0x0b4b0ae2,0x00000000,0,0,0000000000000000080e30000000005a58571000000000
233,0x00000000000,0x00000000000,0x000000000,0x00000000,0x00000000,0,0,0000000000000000000000000000000000000000000000
234,0x00000000000,0x00000000000,0x24767a5c3,0x007fffc4,0x00000000,0,0,00000000000000000000091d9e970c03fffe2000000000
235,0x00000000000,0x00000000000,0x000000000,0x00802004,0x00000000,0,0,0000000000000000000000000000000401002000000000
236,0x00000000000,0x000000090e7,0x000000000,0x00000000,0x00000000,0,0,0000000000000000090e70000000000000000000000000
237,0x00000000000,0x00000000000,0x02de00deb,0x0e8dad82,0x31311061,0,0,0000000000000000000000b78037ac746d6c1313110610
238,0x00000000000,0x00000000000,0x24787a603,0x00000000,0x00000000,0,0,00000000000000000000091e1e980c0000000000000000
239,0x00000000000,0x00000000000,0x000000000,0x0b6b4b22,0x00000000,0,0,0000000000000000000000000000005b5a591000000000
240,0x00000000000,0x0000000a0eb,0x000000000,0x00000000,0x00000000,0,0,00000000000000000a0eb0000000000000000000000000
241,0x00000000000,0x00000000000,0x000000000,0x00a06044,0x00000000,0,0,0000000000000000000000000000000503022000000000
242,0x00000000000,0x00000000000,0x247a7a643,0x00000000,0x00000000,0,0,00000000000000000000091e9e990c0000000000000000
243,0x00000000000,0x00000000000,0x02e000e2b,0x00000000,0x31715061,0,0,0000000000000000000000b80038ac0000000317150610
244,0x00000000000,0x0000000b0ef,0x000000000,0x00000000,0x00000000,0,0,00000000000000000b0ef0000000000000000000000000
245,0x00000000000,0x00000000000,0x000000000,0x00000000,0x00000000,0,0,0000000000000000000000000000000000000000000000
246,0x00000000000,0x00000000000,0x247c7a683,0x00000000,0x2b8b6009,0,0,00000000000000000000091f1e9a0c00000002b8b60090
247,0x00000000000,0x00000000000,0x000000000,0x00000000,0x00000000,0,0,0000000000000000000000000000000000000000000000
248,0x00000000000,0x0000000c0f3,0x000000000,0x00c0a084,0x00000000,0,0,00000000000000000c0f30000000000605042000000000
249,0x00000000000,0x00000000000,0x02e200e6b,0x0eadedc2,0x31b19061,0,0,0000000000000000000000b88039ac756f6e131b190610
250,0x00000000000,0x00000000000,0x247e7a6c3,0x00000000,0x00000000,0,0,00000000000000000000091f9e9b0c0000000000000000
251,0x00000000000,0x00000000000,0x000000000,0x00000000,0x00000000,0,0,0000000000000000000000000000000000000000000000
252,0x00000000000,0x0000000d0f7,0x000000000,0x00000000,0x00000000,0,0,00000000000000000d0f70000000000000000000000000
253,0x00000000000,0x00000000000,0x000000000,0x00000000,0x00000000,0,0,0000000000000000000000000000000000000000000000
254,0x00000000000,0x00000000000,0x259191803,0x00000000,0x00000000,0,0,00000000000000000000096464600c0000000000000000
255,0x00000000000,0x00000000000,0x02e400eab,0x00000000,0x31f1d061,0,0,0000000000000000000000b9003aac000000031f1d0610
256,0x00000000000,0x0000000e0fb,0x000000000,0x0f0eae82,0x00000000,0,0,00000000000000000e0fb0000000007875741000000000
257,0x00000000000,0x00000000000,0x000000000,0x00000000,0x00000000,0,0,0000000000000000000000000000000000000000000000
258,0x00000000000,0x00000000000,0x259591823,0x00000000,0x00000000,0,0,00000000000000000000096564608c0000000000000000
259,0x00000000000,0x00000000000,0x000000000,0x00000000,0x00000000,0,0,0000000000000000000000000000000000000000000000
260,0x00000048083,0x0000000f0ff,0x000000000,0x00000000,0x00000000,0,0,0000012020c000000f0ff0000000000000000000000000
261,0x00000049087,0x00000000000,0x02e600eeb,0x0ece2e02,0x32321061,0,0,0000012421c00000000000b9803bac7671701323210610
262,0x0000004a08b,0x00000000000,0x259991843,0x00000000,0x00000000,0,0,0000012822c000000000096664610c0000000000000000
263,0x0000004b08f,0x00000000000,0x022e0040c,0x00000000,0x00000000,0,0,0000012c23c000000000008b8010300000000000000000
264,0x0000004c093,0x00000000000,0x02300042c,0x00000000,0x00000000,0,0,0000013024c000000000008c0010b00000000000000000
265,0x0000004d097,0x00000000000,0x02320044c,0x00000000,0x00000000,0,0,0000013425c000000000008c8011300000000000000000
266,0x0000004e09b,0x00000000000,0x259d91863,0x00000000,0x00000000,0,0,0000013826c000000000096764618c0000000000000000
267,0x0000004f09f,0x00000000000,0x03160112b,0x00000000,0x32725061,0,0,0000013c27c00000000000c58044ac0000000327250610
268,0x00000000000,0x00000000000,0x02340046c,0x00000000,0x00000000,0,0,00000000000000000000008d0011b00000000000000000
269,0x00000000000,0x00000000000,0x02360048c,0x00000000,0x00000000,0,0,00000000000000000000008d8012300000000000000000
270,0x00000000000,0x00000000000,0x24b0b8903,0x00000000,0x00000000,0,0,00000000000000000000092c2e240c0000000000000000
271,0x00000000000,0x00000000000,0x0238004ac,0x03e302e4,0x00000000,0,0,00000000000000000000008e0012b01f18172000000000
272,0x00000000000,0x00000000000,0x023a004cc,0x00000000,0x00000000,0,0,00000000000000000000008e8013300000000000000000
273,0x00000000000,0x00000000000,0x03180116b,0x0eee6e42,0x32b29061,0,0,0000000000000000000000c60045ac777372132b290610
274,0x00000000000,0x00000000000,0x24b2b8943,0x00000000,0x00000000,0,0,00000000000000000000092cae250c0000000000000000
275,0x00000000000,0x00000000000,0x023c004ec,0x04034324,0x00000000,0,0,00000000000000000000008f0013b0201a192000000000
276,0x00000000000,0x00000000000,0x000000000,0x00000000,0x00000000,0,0,0000000000000000000000000000000000000000000000
277,0x00000000000,0x00000000000,0x000000000,0x00000000,0x00000000,0,0,0000000000000000000000000000000000000000000000
278,0x00000000000,0x00000000000,0x24b4b8983,0x00000000,0x00000000,0,0,00000000000000000000092d2e260c0000000000000000
279,0x00000000000,0x00000000000,0x031a011ab,0x04238364,0x32f2d061,0,0,0000000000000000000000c68046ac211c1b232f2d0610
280,0x00000000000,0x00000010163,0x000000000,0x0f2eeec2,0x00000000,0,0,0000000000000000101630000000007977761000000000
281,0x00000000000,0x00000000000,0x000000000,0x00000000,0x00000000,0,0,0000000000000000000000000000000000000000000000
282,0x00000000000,0x00000000000,0x24b6b89c3,0x0443c3a4,0x00000000,0,0,00000000000000000000092dae270c221e1d2000000000
283,0x00000000000,0x00000000000,0x000000000,0x046403e4,0x00000000,0,0,00000000000000000000000000000023201f2000000000
284,0x00000000000,0x00000011167,0x000000000,0x00000000,0x00000000,0,0,0000000000000000111670000000000000000000000000
285,0x00000000000,0x00000000000,0x031c011eb,0x12719162,0x35351061,0,0,0000000000000000000000c70047ac938c8b1353510610
286,0x00000000000,0x00000000000,0x24b8b8a03,0x00000000,0x00000000,0,0,00000000000000000000092e2e280c0000000000000000
287,0x00000000000,0x00000000000,0x000000000,0x0f4f2f02,0x00000000,0,0,0000000000000000000000000000007a79781000000000
288,0x00000000000,0x0000001216b,0x000000000,0x00000000,0x00000000,0,0,00000000000000001216b0000000000000000000000000
289,0x00000000000,0x00000000000,0x000000000,0x04844424,0x00000000,0,0,0000000000000000000000000000002422212000000000
290,0x00000000000,0x00000000000,0x24bab8a43,0x00000000,0x00000000,0,0,00000000000000000000092eae290c0000000000000000
291,0x00000000000,0x00000000000,0x031e0122b,0x00000000,0x35755061,0,0,0000000000000000000000c78048ac0000000357550610
292,0x00000000000,0x0000001316f,0x000000000,0x00000000,0x00000000,0,0,00000000000000001316f0000000000000000000000000
293,0x00000000000,0x00000000000,0x000000000,0x00000000,0x00000000,0,0,0000000000000000000000000000000000000000000000
294,0x00000000000,0x00000000000,0x24bcb8a83,0x00000000,0x2f6f4009,0,0,00000000000000000000092f2e2a0c00000002f6f40090
295,0x00000000000,0x00000000000,0x000000000,0x00000000,0x00000000,0,0,0000000000000000000000000000000000000000000000
296,0x00000000000,0x00000014173,0x000000000,0x04a48464,0x00000000,0,0,0000000000000000141730000000002524232000000000
297,0x00000000000,0x00000000000,0x03200126b,0x1291d1a2,0x35b59061,0,0,0000000000000000000000c80049ac948e8d135b590610
298,0x00000000000,0x00000000000,0x24beb8ac3,0x00000000,0x00000000,0,0,00000000000000000000092fae2b0c0000000000000000
299,0x00000000000,0x00000000000,0x000000000,0x00000000,0x00000000,0,0,0000000000000000000000000000000000000000000000
300,0x00000000000,0x00000015177,0x000000000,0x00000000,0x00000000,0,0,0000000000000000151770000000000000000000000000
301,0x00000000000,0x00000000000,0x000000000,0x00000000,0x00000000,0,0,0000000000000000000000000000000000000000000000
302,0x00000000000,0x00000000000,0x25a191883,0x00000000,0x00000000,0,0,00000000000000000000096864620c0000000000000000
303,0x00000000000,0x00000000000,0x0322012ab,0x00000000,0x35f5d061,0,0,0000000000000000000000c8804aac000000035f5d0610
304,0x00000000000,0x0000001617b,0x000000000,0x12f29262,0x00000000,0,0,00000000000000001617b0000000009794931000000000
305,0x00000000000,0x00000000000,0x000000000,0x00000000,0x00000000,0,0,0000000000000000000000000000000000000000000000
306,0x00000000000,0x00000000000,0x25a5918a3,0x00000000,0x00000000,0,0,00000000000000000000096964628c0000000000000000
307,0x00000000000,0x00000000000,0x000000000,0x00000000,0x00000000,0,0,0000000000000000000000000000000000000000000000
308,0x00000050103,0x0000001717f,0x000000000,0x00000000,0x00000000,0,0,0000014040c000001717f0000000000000000000000000
309,0x00000051107,0x00000000000,0x0324012eb,0x12b211e2,0x36361061,0,0,0000014441c00000000000c9004bac95908f1363610610
310,0x0000005210b,0x00000000000,0x25a9918c3,0x00000000,0x00000000,0,0,0000014842c000000000096a64630c0000000000000000
311,0x0000005310f,0x00000000000,0x026c0080c,0x00000000,0x00000000,0,0,0000014c43c000000000009b0020300000000000000000
312,0x00000054113,0x00000000000,0x026e0082c,0x00000000,0x00000000,0,0,0000015044c000000000009b8020b00000000000000000
313,0x00000055117,0x00000000000,0x02700084c,0x00000000,0x00000000,0,0,0000015445c000000000009c0021300000000000000000
314,0x0000005611b,0x00000000000,0x25ad918e3,0x00000000,0x00000000,0,0,0000015846c000000000096b64638c0000000000000000
315,0x0000005711f,0x00000000000,0x03540152b,0x00000000,0x36765061,0,0,0000015c47c00000000000d50054ac0000000367650610
316,0x00000000000,0x00000000000,0x02720086c,0x00000000,0x00000000,0,0,00000000000000000000009c8021b00000000000000000
317,0x00000000000,0x00000000000,0x02740088c,0x00000000,0x00000000,0,0,00000000000000000000009d0022300000000000000000
318,0x00000000000,0x00000000000,0x24f0f6d03,0x00000000,0x00000000,0,0,00000000000000000000093c3db40c0000000000000000
319,0x00000000000,0x00000000000,0x0276008ac,0x07c6e6c4,0x00000000,0,0,00000000000000000000009d8022b03e37362000000000
320,0x00000000000,0x00000000000,0x0278008cc,0x00000000,0x00000000,0,0,00000000000000000000009e0023300000000000000000
321,0x00000000000,0x00000000000,0x03560156b,0x12d25222,0x36b69061,0,0,0000000000000000000000d58055ac969291136b690610
322,0x00000000000,0x00000000000,0x24f2f6d43,0x00000000,0x00000000,0,0,00000000000000000000093cbdb50c0000000000000000
323,0x00000000000,0x00000000000,0x027a008ec,0x07e72704,0x00000000,0,0,00000000000000000000009e8023b03f39382000000000
324,0x00000000000,0x00000000000,0x000000000,0x00000000,0x00000000,0,0,0000000000000000000000000000000000000000000000
325,0x00000000000,0x00000000000,0x000000000,0x00000000,0x00000000,0,0,0000000000000000000000000000000000000000000000
326,0x00000000000,0x00000000000,0x24f4f6d83,0x00000000,0x00000000,0,0,00000000000000000000093d3db60c0000000000000000
327,0x00000000000,0x00000000000,0x0358015ab,0x08076744,0x36f6d061,0,0,0000000000000000000000d60056ac403b3a236f6d0610
328,0x00000000000,0x000000181e3,0x000000000,0x1312d2a2,0x00000000,0,0,0000000000000000181e30000000009896951000000000
329,0x00000000000,0x00000000000,0x000000000,0x00000000,0x00000000,0,0,0000000000000000000000000000000000000000000000
330,0x00000000000,0x00000000000,0x24f6f6dc3,0x0827a784,0x00000000,0,0,00000000000000000000093dbdb70c413d3c2000000000
331,0x00000000000,0x00000000000,0x000000000,0x0847e7c4,0x00000000,0,0,000000000000000000000000000000423f3e2000000000
332,0x00000000000,0x000000191e7,0x000000000,0x00000000,0x00000000,0,0,0000000000000000191e70000000000000000000000000
333,0x00000000000,0x00000000000,0x035a015eb,0x16557542,0x39391061,0,0,0000000000000000000000d68057acb2abaa1393910610
334,0x00000000000,0x00000000000,0x24f8f6e03,0x00000000,0x00000000,0,0,00000000000000000000093e3db80c0000000000000000
335,0x00000000000,0x00000000000,0x000000000,0x133312e2,0x00000000,0,0,0000000000000000000000000000009998971000000000
336,0x00000000000,0x0000001a1eb,0x000000000,0x00000000,0x00000000,0,0,00000000000000001a1eb0000000000000000000000000
337,0x00000000000,0x00000000000,0x000000000,0x08682804,0x00000000,0,0,0000000000000000000000000000004341402000000000
338,0x00000000000,0x00000000000,0x24faf6e43,0x00000000,0x00000000,0,0,00000000000000000000093ebdb90c0000000000000000
339,0x00000000000,0x00000000000,0x035c0162b,0x00000000,0x39795061,0,0,0000000000000000000000d70058ac0000000397950610
340,0x00000000000,0x0000001b1ef,0x000000000,0x00000000,0x00000000,0,0,00000000000000001b1ef0000000000000000000000000
341,0x00000000000,0x00000000000,0x000000000,0x00000000,0x00000000,0,0,0000000000000000000000000000000000000000000000
342,0x00000000000,0x00000000000,0x24fcf6e83,0x00000000,0x33532009,0,0,00000000000000000000093f3dba0c0000000335320090
343,0x00000000000,0x00000000000,0x000000000,0x00000000,0x00000000,0,0,0000000000000000000000000000000000000000000000
344,0x00000000000,0x0000001c1f3,0x000000000,0x08886844,0x00000000,0,0,00000000000000001c1f30000000004443422000000000
345,0x00000000000,0x00000000000,0x035e0166b,0x1675b582,0x39b99061,0,0,0000000000000000000000d78059acb3adac139b990610
346,0x00000000000,0x00000000000,0x24fef6ec3,0x00000000,0x00000000,0,0,00000000000000000000093fbdbb0c0000000000000000
347,0x00000000000,0x00000000000,0x000000000,0x00000000,0x00000000,0,0,0000000000000000000000000000000000000000000000
348,0x00000000000,0x0000001d1f7,0x000000000,0x00000000,0x00000000,0,0,00000000000000001d1f70000000000000000000000000
349,0x00000000000,0x00000000000,0x000000000,0x00000000,0x00000000,0,0,0000000000000000000000000000000000000000000000
350,0x00000000000,0x00000000000,0x25d1cfc03,0x00000000,0x00000000,0,0,00000000000000000000097473f00c0000000000000000
351,0x00000000000,0x00000000000,0x0360016ab,0x00000000,0x39f9d061,0,0,0000000000000000000000d8005aac000000039f9d0610
352,0x00000000000,0x0000001e1fb,0x000000000,0x16d67642,0x00000000,0,0,00000000000000001e1fb000000000b6b3b21000000000
353,0x00000000000,0x00000000000,0x000000000,0x00000000,0x00000000,0,0,0000000000000000000000000000000000000000000000
354,0x00000000000,0x00000000000,0x25d5cfc23,0x00000000,0x00000000,0,0,00000000000000000000097573f08c0000000000000000
355,0x00000000000,0x00000000000,0x000000000,0x00000000,0x00000000,0,0,0000000000000000000000000000000000000000000000
356,0x00000058183,0x0000001f1ff,0x000000000,0x00000000,0x00000000,0,0,0000016060c000001f1ff0000000000000000000000000
357,0x00000059187,0x00000000000,0x0362016eb,0x1695f5c2,0x3a3a1061,0,0,0000016461c00000000000d8805bacb4afae13a3a10610
358,0x0000005a18b,0x00000000000,0x25d9cfc43,0x00000000,0x00000000,0,0,0000016862c000000000097673f10c0000000000000000
359,0x0000005b18f,0x00000000000,0x02aa00c0c,0x00000000,0x00000000,0,0,0000016c63c00000000000aa8030300000000000000000
360,0x0000005c193,0x00000000000,0x02ac00c2c,0x00000000,0x00000000,0,0,0000017064c00000000000ab0030b00000000000000000
361,0x0000005d197,0x00000000000,0x02ae00c4c,0x00000000,0x00000000,0,0,0000017465c00000000000ab8031300000000000000000
362,0x0000005e19b,0x00000000000,0x25ddcfc63,0x00000000,0x00000000,0,0,0000017866c000000000097773f18c0000000000000000
363,0x0000005f19f,0x00000000000,0x03920192b,0x00000000,0x3a7a5061,0,0,0000017c67c00000000000e48064ac00000003a7a50610
364,0x00000000000,0x00000000000,0x02b000c6c,0x00000000,0x00000000,0,0,0000000000000000000000ac0031b00000000000000000
365,0x00000000000,0x00000000000,0x02b200c8c,0x00000000,0x00000000,0,0,0000000000000000000000ac8032300000000000000000
366,0x00000000000,0x00000000000,0x253135103,0x00000000,0x00000000,0,0,00000000000000000000094c4d440c0000000000000000
367,0x00000000000,0x00000000000,0x02b400cac,0x0baacaa4,0x00000000,0,0,0000000000000000000000ad0032b05d56552000000000
368,0x00000000000,0x00000000000,0x02b600ccc,0x00000000,0x00000000,0,0,0000000000000000000000ad8033300000000000000000
369,0x00000000000,0x00000000000,0x03940196b,0x16b63602,0x3aba9061,0,0,0000000000000000000000e50065acb5b1b013aba90610
370,0x00000000000,0x00000000000,0x253335143,0x00000000,0x00000000,0,0,00000000000000000000094ccd450c0000000000000000
371,0x00000000000,0x00000000000,0x02b800cec,0x0bcb0ae4,0x00000000,0,0,0000000000000000000000ae0033b05e58572000000000
372,0x00000000000,0x00000000000,0x000000000,0x00000000,0x00000000,0,0,0000000000000000000000000000000000000000000000
373,0x00000000000,0x00000000000,0x000000000,0x00000000,0x00000000,0,0,0000000000000000000000000000000000000000000000
374,0x00000000000,0x00000000000,0x253535183,0x00000000,0x00000000,0,0,00000000000000000000094d4d460c0000000000000000
375,0x00000000000,0x00000000000,0x0396019ab,0x0beb4b24,0x3afad061,0,0,0000000000000000000000e58066ac5f5a5923afad0610
376,0x00000000000,0x00000020263,0x000000000,0x16f6b682,0x00000000,0,0,000000000000000020263000000000b7b5b41000000000
377,0x00000000000,0x00000000000,0x000000000,0x00000000,0x00000000,0,0,0000000000000000000000000000000000000000000000
378,0x00000000000,0x00000000000,0x2537351c3,0x0c0b8b64,0x00000000,0,0,00000000000000000000094dcd470c605c5b2000000000
379,0x00000000000,0x00000000000,0x000000000,0x0c2bcba4,0x00000000,0,0,000000000000000000000000000000615e5d2000000000
380,0x00000000000,0x00000021267,0x000000000,0x00000000,0x00000000,0,0,0000000000000000212670000000000000000000000000
381,0x00000000000,0x00000000000,0x0398019eb,0x1a395922,0x3d3d1061,0,0,0000000000000000000000e60067acd1cac913d3d10610
382,0x00000000000,0x00000000000,0x253935203,0x00000000,0x00000000,0,0,00000000000000000000094e4d480c0000000000000000
383,0x00000000000,0x00000000000,0x000000000,0x1716f6c2,0x00000000,0,0,000000000000000000000000000000b8b7b61000000000
384,0x00000000000,0x0000002226b,0x000000000,0x00000000,0x00000000,0,0,00000000000000002226b0000000000000000000000000
385,0x00000000000,0x00000000000,0x000000000,0x0c4c0be4,0x00000000,0,0,00000000000000000000000000000062605f2000000000
386,0x00000000000,0x00000000000,0x253b35243,0x00000000,0x00000000,0,0,00000000000000000000094ecd490c0000000000000000
387,0x00000000000,0x00000000000,0x039a01a2b,0x00000000,0x3d7d5061,0,0,0000000000000000000000e68068ac00000003d7d50610
388,0x00000000000,0x0000002326f,0x000000000,0x00000000,0x00000000,0,0,00000000000000002326f0000000000000000000000000
389,0x00000000000,0x00000000000,0x000000000,0x00000000,0x00000000,0,0,0000000000000000000000000000000000000000000000
390,0x00000000000,0x00000000000,0x253d35283,0x00000000,0x37370009,0,0,00000000000000000000094f4d4a0c0000000373700090
391,0x00000000000,0x00000000000,0x000000000,0x00000000,0x00000000,0,0,0000000000000000000000000000000000000000000000
392,0x00000000000,0x00000024273,0x000000000,0x0c6c4c24,0x00000000,0,0,0000000000000000242730000000006362612000000000
393,0x00000000000,0x00000000000,0x039c01a6b,0x1a599962,0x3dbd9061,0,0,0000000000000000000000e70069acd2cccb13dbd90610
394,0x00000000000,0x00000000000,0x253f352c3,0x00000000,0x00000000,0,0,00000000000000000000094fcd4b0c0000000000000000
395,0x00000000000,0x00000000000,0x000000000,0x00000000,0x00000000,0,0,0000000000000000000000000000000000000000000000
396,0x00000000000,0x00000025277,0x000000000,0x00000000,0x00000000,0,0,0000000000000000252770000000000000000000000000
397,0x00000000000,0x00000000000,0x000000000,0x00000000,0x00000000,0,0,0000000000000000000000000000000000000000000000
398,0x00000000000,0x00000000000,0x25e1cfc83,0x00000000,0x00000000,0,0,00000000000000000000097873f20c0000000000000000
399,0x00000000000,0x00000000000,0x039e01aab,0x00000000,0x3dfdd061,0,0,0000000000000000000000e7806aac00000003dfdd0610
400,0x00000000000,0x0000002627b,0x000000000,0x1aba5a22,0x00000000,0,0,00000000000000002627b000000000d5d2d11000000000
401,0x00000000000,0x00000000000,0x000000000,0x00000000,0x00000000,0,0,0000000000000000000000000000000000000000000000
402,0x00000000000,0x00000000000,0x25e5cfca3,0x00000000,0x00000000,0,0,00000000000000000000097973f28c0000000000000000
403,0x00000000000,0x00000000000,0x000000000,0x00000000,0x00000000,0,0,0000000000000000000000000000000000000000000000
404,0x00000060203,0x0000002727f,0x000000000,0x00000000,0x00000000,0,0,0000018080c000002727f0000000000000000000000000
405,0x00000061207,0x00000000000,0x03a001aeb,0x1a79d9a2,0x00000000,0,0,0000018481c00000000000e8006bacd3cecd1000000000
406,0x0000006220b,0x00000000000,0x25e9cfcc3,0x00000000,0x00000000,0,0,0000018882c000000000097a73f30c0000000000000000
407,0x0000006320f,0x00000000000,0x02e80100c,0x00000000,0x00000000,0,0,0000018c83c00000000000ba0040300000000000000000
408,0x00000064213,0x00000000000,0x02ea0102c,0x00000000,0x3e3e1061,0,0,0000019084c00000000000ba8040b000000003e3e10610
409,0x00000065217,0x00000000000,0x02ec0104c,0x00000000,0x00000000,0,0,0000019485c00000000000bb0041300000000000000000
410,0x0000006621b,0x00000000000,0x25edcfce3,0x00000000,0x00000000,0,0,0000019886c000000000097b73f38c0000000000000000
411,0x0000006721f,0x00000000000,0x03d001d2b,0x00000000,0x00000000,0,0,0000019c87c00000000000f40074ac0000000000000000
412,0x00000000000,0x00000000000,0x02ee0106c,0x00000000,0x00000000,0,0,0000000000000000000000bb8041b00000000000000000
413,0x00000000000,0x00000000000,0x02f00108c,0x00000000,0x00000000,0,0,0000000000000000000000bc0042300000000000000000
414,0x00000000000,0x00000000000,0x02f2010ac,0x00000000,0x3e7e5061,0,0,0000000000000000000000bc8042b000000003e7e50610
415,0x00000000000,0x00000000000,0x02f4010cc,0x0f8eae84,0x00000000,0,0,0000000000000000000000bd0043307c75742000000000
416,0x00000000000,0x00000000000,0x257173503,0x00000000,0x00000000,0,0,00000000000000000000095c5cd40c0000000000000000
417,0x00000000000,0x00000000000,0x03d201d6b,0x1a9a19e2,0x00000000,0,0,0000000000000000000000f48075acd4d0cf1000000000
418,0x00000000000,0x00000000000,0x02f6010ec,0x00000000,0x00000000,0,0,0000000000000000000000bd8043b00000000000000000
419,0x00000000000,0x00000000000,0x000000000,0x0faeeec4,0x00000000,0,0,0000000000000000000000000000007d77762000000000
420,0x00000000000,0x00000000000,0x257373543,0x00000000,0x3ebe9061,0,0,00000000000000000000095cdcd50c00000003ebe90610
421,0x00000000000,0x00000000000,0x000000000,0x0fcf2f04,0x00000000,0,0,0000000000000000000000000000007e79782000000000
422,0x00000000000,0x00000000000,0x000000000,0x00000000,0x00000000,0,0,0000000000000000000000000000000000000000000000
423,0x00000000000,0x00000000000,0x03d401dab,0x00000000,0x00000000,0,0,0000000000000000000000f50076ac0000000000000000
424,0x00000000000,0x00000000000,0x257573583,0x1ada9a62,0x00000000,0,0,00000000000000000000095d5cd60cd6d4d31000000000
425,0x00000000000,0x00000000000,0x000000000,0x0fef6f44,0x00000000,0,0,0000000000000000000000000000007f7b7a2000000000
426,0x00000000000,0x000000282e3,0x000000000,0x100faf84,0x3efed061,0,0,0000000000000000282e3000000000807d7c23efed0610
427,0x00000000000,0x00000000000,0x000000000,0x00000000,0x00000000,0,0,0000000000000000000000000000000000000000000000
428,0x00000000000,0x00000000000,0x2577735c3,0x00000000,0x00000000,0,0,00000000000000000000095ddcd70c0000000000000000
429,0x00000000000,0x00000000000,0x03d601deb,0x1e1d3d02,0x00000000,0,0,0000000000000000000000f58077acf0e9e81000000000
430,0x00000000000,0x000000292e7,0x000000000,0x00000000,0x00000000,0,0,0000000000000000292e70000000000000000000000000
431,0x00000000000,0x00000000000,0x000000000,0x1afadaa2,0x00000000,0,0,000000000000000000000000000000d7d6d51000000000
432,0x00000000000,0x00000000000,0x257973603,0x102fefc4,0x00000000,0,0,00000000000000000000095e5cd80c817f7e2000000000
433,0x00000000000,0x00000000000,0x000000000,0x00000000,0x00000000,0,0,0000000000000000000000000000000000000000000000
434,0x00000000000,0x0000002a2eb,0x000000000,0x00000000,0x00000000,0,0,00000000000000002a2eb0000000000000000000000000
435,0x00000000000,0x00000000000,0x000000000,0x00000000,0x00000000,0,0,0000000000000000000000000000000000000000000000
436,0x00000000000,0x00000000000,0x257b73643,0x00000000,0x00000000,0,0,00000000000000000000095edcd90c0000000000000000
437,0x00000000000,0x00000000000,0x000000000,0x00000000,0x00000000,0,0,0000000000000000000000000000000000000000000000
438,0x00000000000,0x0000002b2ef,0x03d801e2b,0x00000000,0x3b1ae009,0,0,00000000000000002b2ef0f60078ac00000003b1ae0090
439,0x00000000000,0x00000000000,0x000000000,0x10503004,0x00000000,0,0,0000000000000000000000000000008281802000000000
440,0x00000000000,0x00000000000,0x000000000,0x00000000,0x00000000,0,0,0000000000000000000000000000000000000000000000
441,0x00000000000,0x00000000000,0x000000000,0x1e3d7d42,0x00000000,0,0,000000000000000000000000000000f1ebea1000000000
442,0x00000000000,0x0000002c2f3,0x000000000,0x00000000,0x00000000,0,0,00000000000000002c2f30000000000000000000000000
443,0x00000000000,0x00000000000,0x000000000,0x00000000,0x00000000,0,0,0000000000000000000000000000000000000000000000
444,0x00000000000,0x00000000000,0x03da01e6b,0x00000000,0x00000000,0,0,0000000000000000000000f68079ac0000000000000000
445,0x00000000000,0x00000000000,0x000000000,0x00000000,0x00000000,0,0,0000000000000000000000000000000000000000000000
446,0x00000000000,0x0000002d2f7,0x000000000,0x00000000,0x00000000,0,0,00000000000000002d2f70000000000000000000000000
447,0x00000000000,0x00000000000,0x000000000,0x00000000,0x00000000,0,0,0000000000000000000000000000000000000000000000
448,0x00000000000,0x00000000000,0x000000000,0x1e9e3e02,0x00000000,0,0,000000000000000000000000000000f4f1f01000000000
449,0x00000000000,0x00000000000,0x057d73683,0x00000000,0x00000000,0,0,00000000000000000000015f5cda0c0000000000000000
450,0x00000000000,0x00000000000,0x057f736c3,0x00000000,0x00000000,0,0,00000000000000000000015fdcdb0c0000000000000000
451,0x00000000000,0x00000000000,0x03dc01eab,0x00000000,0x00000000,0,0,0000000000000000000000f7007aac0000000000000000
452,0x00000000000,0x00000000000,0x04100c003,0x00000000,0x00000000,0,0,00000000000000000000010403000c0000000000000000
453,0x00000000000,0x00000000000,0x04140c023,0x00000000,0x00000000,0,0,00000000000000000000010503008c0000000000000000
454,0x00000000000,0x00000000000,0x04180c043,0x00000000,0x00000000,0,0,00000000000000000000010603010c0000000000000000
455,0x00000000000,0x00000000000,0x041c0c063,0x00000000,0x00000000,0,0,00000000000000000000010703018c0000000000000000
456,0x00000000000,0x0000002e2fb,0x03de01eeb,0x00000000,0x00000000,0,0,00000000000000002e2fb0f7807bac0000000000000000
457,0x00000068283,0x0000002f2ff,0x04200c083,0x1e5dbd82,0x00000000,0,0,000001a0a0c000002f2ff10803020cf2edec1000000000
458,0x00000069287,0x00000000000,0x04240c0a3,0x00000000,0x00000000,0,0,000001a4a1c000000000010903028c0000000000000000
459,0x0000006b28f,0x00000000000,0x04280c0c3,0x00000000,0x21211061,0,0,000001aca3c000000000010a03030c0000000212110610
460,0x0000006a28b,0x00000000000,0x05b1b1903,0x00000000,0x00000000,0,0,000001a8a2c000000000016c6c640c0000000000000000
461,0x0000006d297,0x00000000000,0x05b3b1943,0x00000000,0x00000000,0,0,000001b4a5c000000000016cec650c0000000000000000
462,0x0000006c293,0x00000000000,0x05b5b1983,0x00000000,0x00000000,0,0,000001b0a4c000000000016d6c660c0000000000000000
463,0x0000006e29b,0x00000000000,0x05b7b19c3,0x00000000,0x00000000,0,0,000001b8a6c000000000016dec670c0000000000000000
464,0x0000006f29f,0x00000000000,0x05b9b1a03,0x00000000,0x00000000,0,0,000001bca7c000000000016e6c680c0000000000000000
465,0x00000000000,0x00000000000,0x05bbb1a43,0x00000000,0x21a19061,0,0,00000000000000000000016eec690c000000021a190610
466,0x00000000000,0x00000000000,0x05bdb1a83,0x00000000,0x00000000,0,0,00000000000000000000016f6c6a0c0000000000000000
467,0x00000000000,0x00000030363,0x25bfb1ac3,0x00000000,0x00000000,0,0,00000000000000003036396fec6b0c0000000000000000
468,0x00000000000,0x00000031367,0x032a0144c,0x1e7dfdc2,0x00000000,0,0,0000000000000000313670ca805130f3efee1000000000
469,0x00000000000,0x0000003236b,0x03260140c,0x00000000,0x00000000,0,0,00000000000000003236b0c98050300000000000000000
470,0x00000000000,0x0000003336f,0x03280142c,0x00000000,0x00000000,0,0,00000000000000003336f0ca0050b00000000000000000
471,0x00000000000,0x00000034373,0x242c0c0e3,0x00000000,0x21615061,0,0,00000000000000003437390b03038c0000000216150610
472,0x00000000000,0x00000035377,0x032c0146c,0x00000000,0x00000000,0,0,0000000000000000353770cb0051b00000000000000000
473,0x00000000000,0x0000003637b,0x032e0148c,0x00000000,0x00000000,0,0,00000000000000003637b0cb8052300000000000000000
474,0x00000000000,0x00000000000,0x0330014ac,0x00000000,0x00000000,0,0,0000000000000000000000cc0052b00000000000000000
475,0x00000000000,0x00000000000,0x24504a403,0x1ebe7e42,0x00000000,0,0,00000000000000000000091412900cf5f3f21000000000
476,0x00000000000,0x00000000000,0x0332014cc,0x00000000,0x00000000,0,0,0000000000000000000000cc8053300000000000000000
477,0x00000070303,0x0000003737f,0x000000000,0x13729264,0x21e1d061,0,0,000001c0c0c000003737f0000000009b9493221e1d0610
478,0x00000071307,0x00000000000,0x0334014ec,0x00000000,0x00000000,0,0,000001c4c1c00000000000cd0053b00000000000000000
479,0x0000007230b,0x00000000000,0x24544a423,0x00000000,0x00000000,0,0,000001c8c2c000000000091512908c0000000000000000
480,0x0000007330f,0x00000000000,0x03640180c,0x1392d2a4,0x00000000,0,0,000001ccc3c00000000000d90060309c96952000000000
481,0x00000074313,0x00000000000,0x03660182c,0x13b312e4,0x00000000,0,0,000001d0c4c00000000000d98060b09d98972000000000
482,0x00000075317,0x00000000000,0x03680184c,0x1edebe82,0x00000000,0,0,000001d4c5c00000000000da006130f6f5f41000000000
483,0x0000007631b,0x00000000000,0x24584a443,0x00000000,0x22221061,0,0,000001d8c6c000000000091612910c0000000222210610
484,0x0000007731f,0x00000000000,0x036a0186c,0x00000000,0x00000000,0,0,000001dcc7c00000000000da8061b00000000000000000
485,0x00000000000,0x00000000000,0x036e018ac,0x13d35324,0x00000000,0,0,0000000000000000000000db8062b09e9a992000000000
486,0x00000000000,0x00000000000,0x036c0188c,0x00000000,0x00000000,0,0,0000000000000000000000db0062300000000000000000
487,0x00000000000,0x00000000000,0x245c4a463,0x13f39364,0x00000000,0,0,00000000000000000000091712918c9f9c9b2000000000
488,0x00000000000,0x00000000000,0x0370018cc,0x17567644,0x00000000,0,0,0000000000000000000000dc006330bab3b22000000000
489,0x00000000000,0x00000000000,0x020e0012b,0x00000000,0x3efec009,0,0,0000000000000000000000838004ac00000003efec0090
490,0x00000000000,0x00000000000,0x0372018ec,0x00000000,0x22625061,0,0,0000000000000000000000dc8063b00000000226250610
491,0x00000000000,0x00000000000,0x24604a483,0x00000000,0x00000000,0,0,00000000000000000000091812920c0000000000000000
492,0x00000000000,0x00000000000,0x000000000,0x1413d3a4,0x00000000,0,0,000000000000000000000000000000a09e9d2000000000
493,0x00000000000,0x00000000000,0x000000000,0x1776b684,0x00000000,0,0,000000000000000000000000000000bbb5b42000000000
494,0x00000000000,0x00000000000,0x000000000,0x1796f6c4,0x00000000,0,0,000000000000000000000000000000bcb7b62000000000
495,0x00000000000,0x00000000000,0x0212001ab,0x00000000,0x00000000,0,0,0000000000000000000000848006ac0000000000000000
496,0x00000000000,0x00000000000,0x24644a4a3,0x00000000,0x22a29061,0,0,00000000000000000000091912928c000000022a290610
497,0x00000000000,0x00000000000,0x000000000,0x17b73704,0x00000000,0,0,000000000000000000000000000000bdb9b82000000000
498,0x00000000000,0x00000000000,0x000000000,0x00000000,0x00000000,0,0,0000000000000000000000000000000000000000000000
499,0x00000000000,0x00000000000,0x000000000,0x143413e4,0x00000000,0,0,000000000000000000000000000000a1a09f2000000000
500,0x00000000000,0x00000000000,0x24684a4c3,0x17d77744,0x00000000,0,0,00000000000000000000091a12930cbebbba2000000000
501,0x00000000000,0x00000000000,0x02100016b,0x00000000,0x00000000,0,0,0000000000000000000000840005ac0000000000000000
502,0x00000000000,0x00000000000,0x000000000,0x00000000,0x22e2d061,0,0,000000000000000000000000000000000000022e2d0610
503,0x00000000000,0x00000000000,0x000000000,0x00000000,0x00000000,0,0,0000000000000000000000000000000000000000000000
504,0x00000000000,0x00000000000,0x246c4a4e3,0x00000000,0x00000000,0,0,00000000000000000000091b12938c0000000000000000
505,0x00000000000,0x00000000000,0x000000000,0x17f7b784,0x00000000,0,0,000000000000000000000000000000bfbdbc2000000000
506,0x00000000000,0x00000000000,0x000000000,0x00000000,0x00000000,0,0,0000000000000000000000000000000000000000000000
507,0x00000000000,0x00000000000,0x0214001eb,0x00000000,0x00000000,0,0,0000000000000000000000850007ac0000000000000000
508,0x00000000000,0x00000000000,0x249488823,0x00000000,0x25251061,0,0,00000000000000000000092522208c0000000252510610
509,0x00000000000,0x00000000000,0x000000000,0x00000000,0x00000000,0,0,0000000000000000000000000000000000000000000000
510,0x00000000000,0x00000000000,0x000000000,0x00000000,0x00000000,0,0,0000000000000000000000000000000000000000000000
511,0x00000000000,0x00000000000,0x000000000,0x00000000,0x00000000,0,0,0000000000000000000000000000000000000000000000
512,0x00000000000,0x00000000000,0x25f1efd03,0x00000000,0x00000000,0,0,00000000000000000000097c7bf40c0000000000000000
513,0x00000000000,0x00000000000,0x02160022b,0x01e100e2,0x00000000,0,0,0000000000000000000000858008ac0f08071000000000
514,0x00000000000,0x00000000000,0x000000000,0x1817f7c4,0x25655061,0,0,000000000000000000000000000000c0bfbe2256550610
515,0x00000000000,0x00000000000,0x000000000,0x00000000,0x00000000,0,0,0000000000000000000000000000000000000000000000
516,0x00000000000,0x00000000000,0x25f5efd83,0x00000000,0x00000000,0,0,00000000000000000000097d7bf60c0000000000000000
517,0x00000000000,0x00000000000,0x000000000,0x00000000,0x00000000,0,0,0000000000000000000000000000000000000000000000
518,0x00000000000,0x00000000000,0x000000000,0x00000000,0x00000000,0,0,0000000000000000000000000000000000000000000000
519,0x00000000000,0x00000000000,0x000000000,0x02014122,0x00000000,0,0,000000000000000000000000000000100a091000000000
520,0x00000000000,0x00000000000,0x25f3efd43,0x00000000,0x25a59061,0,0,00000000000000000000097cfbf50c000000025a590610
521,0x00000000000,0x00000000000,0x02180026b,0x00000000,0x00000000,0,0,0000000000000000000000860009ac0000000000000000
522,0x00000000000,0x000000383e3,0x000000000,0x00000000,0x00000000,0,0,0000000000000000383e30000000000000000000000000
523,0x00000000000,0x00000000000,0x000000000,0x00000000,0x00000000,0,0,0000000000000000000000000000000000000000000000
524,0x00000000000,0x00000000000,0x25f7efdc3,0x00000000,0x00000000,0,0,00000000000000000000097dfbf70c0000000000000000
525,0x00000000000,0x00000000000,0x000000000,0x00000000,0x00000000,0,0,0000000000000000000000000000000000000000000000
526,0x00000000000,0x0000003a3eb,0x021a002ab,0x026201e2,0x26261061,0,0,00000000000000003a3eb086800aac13100f1262610610
527,0x00000000000,0x00000000000,0x000000000,0x00000000,0x00000000,0,0,0000000000000000000000000000000000000000000000
528,0x00000000000,0x00000000000,0x25f9efe03,0x00000000,0x00000000,0,0,00000000000000000000097e7bf80c0000000000000000
529,0x00000000000,0x00000000000,0x000000000,0x00000000,0x00000000,0,0,0000000000000000000000000000000000000000000000
530,0x00000000000,0x000000393e7,0x000000000,0x00000000,0x00000000,0,0,0000000000000000393e70000000000000000000000000
531,0x00000000000,0x00000000000,0x000000000,0x00000000,0x00000000,0,0,0000000000000000000000000000000000000000000000
532,0x00000000000,0x00000000000,0x25fbefe43,0x00000000,0x26a69061,0,0,00000000000000000000097efbf90c000000026a690610
533,0x00000000000,0x00000000000,0x021c002eb,0x02218162,0x00000000,0,0,000000000000000000000087000bac110c0b1000000000
534,0x00000000000,0x0000003b3ef,0x000000000,0x00000000,0x00000000,0,0,00000000000000003b3ef0000000000000000000000000
535,0x00000000000,0x00000000000,0x000000000,0x00000000,0x00000000,0,0,0000000000000000000000000000000000000000000000
536,0x00000000000,0x00000000000,0x25fdefe83,0x00000000,0x00000000,0,0,00000000000000000000097f7bfa0c0000000000000000
537,0x00000000000,0x00000000000,0x000000000,0x00000000,0x00000000,0,0,0000000000000000000000000000000000000000000000
538,0x00000000000,0x0000003c3f3,0x024c0052b,0x00000000,0x25e5d061,0,0,00000000000000003c3f30930014ac000000025e5d0610
539,0x00000000000,0x00000000000,0x000000000,0x00000000,0x00000000,0,0,0000000000000000000000000000000000000000000000
540,0x00000000000,0x00000000000,0x25ffefec3,0x00000000,0x00000000,0,0,00000000000000000000097ffbfb0c0000000000000000
541,0x00000000000,0x00000000000,0x000000000,0x00000000,0x00000000,0,0,0000000000000000000000000000000000000000000000
542,0x00000000000,0x0000003d3f7,0x000000000,0x00000000,0x00000000,0,0,00000000000000003d3f70000000000000000000000000
543,0x00000000000,0x00000000000,0x000000000,0x00000000,0x00000000,0,0,0000000000000000000000000000000000000000000000
544,0x00000000000,0x00000000000,0x024e0056b,0x00000000,0x26665061,0,0,0000000000000000000000938015ac0000000266650610
545,0x00000000000,0x00000000000,0x249088803,0x0241c1a2,0x00000000,0,0,00000000000000000000092422200c120e0d1000000000
546,0x00000000000,0x0000003e3fb,0x000000000,0x00000000,0x00000000,0,0,00000000000000003e3fb0000000000000000000000000
547,0x00000000000,0x00000000000,0x000000000,0x00000000,0x00000000,0,0,0000000000000000000000000000000000000000000000
548,0x00000000000,0x00000000000,0x000000000,0x00000000,0x00000000,0,0,0000000000000000000000000000000000000000000000
549,0x00000000000,0x00000000000,0x249888843,0x00000000,0x00000000,0,0,00000000000000000000092622210c0000000000000000
550,0x00000078383,0x0000003f3ff,0x0250005ab,0x00000000,0x26e6d061,0,0,000001e0e0c000003f3ff0940016ac000000026e6d0610
551,0x00000079387,0x00000000000,0x000000000,0x00000000,0x00000000,0,0,000001e4e1c00000000000000000000000000000000000
552,0x0000007a38b,0x00000000000,0x000000000,0x02824222,0x00000000,0,0,000001e8e2c00000000000000000001412111000000000
553,0x0000007b38f,0x00000000000,0x249c88863,0x00000000,0x00000000,0,0,000001ece3c000000000092722218c0000000000000000
554,0x0000007c393,0x00000000000,0x03a201c0c,0x00000000,0x00000000,0,0,000001f0e4c00000000000e88070300000000000000000
555,0x0000007d397,0x00000000000,0x03a401c2c,0x00000000,0x00000000,0,0,000001f4e5c00000000000e90070b00000000000000000
556,0x0000007e39b,0x00000000000,0x02540062b,0x05c4e4c2,0x29291061,0,0,000001f8e6c00000000000950018ac2e27261292910610
557,0x0000007f39f,0x00000000000,0x24a088883,0x00000000,0x00000000,0,0,000001fce7c000000000092822220c0000000000000000
558,0x00000000000,0x00000000000,0x03a601c4c,0x00000000,0x00000000,0,0,0000000000000000000000e98071300000000000000000
559,0x00000000000,0x00000000000,0x03a801c6c,0x02a28262,0x00000000,0,0,0000000000000000000000ea0071b01514131000000000
560,0x00000000000,0x00000000000,0x03aa01c8c,0x00000000,0x00000000,0,0,0000000000000000000000ea8072300000000000000000
561,0x00000000000,0x00000000000,0x24a4888a3,0x00000000,0x00000000,0,0,00000000000000000000092922228c0000000000000000
562,0x00000000000,0x00000000000,0x0258006ab,0x1b3a5a24,0x29695061,0,0,000000000000000000000096001aacd9d2d12296950610
563,0x00000000000,0x00000000000,0x03ac01cac,0x00000000,0x00000000,0,0,0000000000000000000000eb0072b00000000000000000
564,0x00000000000,0x00000000000,0x03ae01ccc,0x00000000,0x00000000,0,0,0000000000000000000000eb8073300000000000000000
565,0x00000000000,0x00000000000,0x24a8888c3,0x00000000,0x00000000,0,0,00000000000000000000092a22230c0000000000000000
566,0x00000000000,0x00000000000,0x03b001cec,0x1b5a9a64,0x22c2a009,0,0,0000000000000000000000ec0073b0dad4d3222c2a0090
567,0x00000000000,0x00000000000,0x000000000,0x00000000,0x00000000,0,0,0000000000000000000000000000000000000000000000
568,0x00000000000,0x00000000000,0x0252005eb,0x00000000,0x29a99061,0,0,0000000000000000000000948017ac000000029a990610
569,0x00000000000,0x00000000000,0x24ac888e3,0x00000000,0x00000000,0,0,00000000000000000000092b22238c0000000000000000
570,0x00000000000,0x00000000000,0x000000000,0x1b7adaa4,0x00000000,0,0,000000000000000000000000000000dbd6d52000000000
571,0x00000000000,0x00000000000,0x000000000,0x00000000,0x00000000,0,0,0000000000000000000000000000000000000000000000
572,0x00000000000,0x00000000000,0x000000000,0x00000000,0x00000000,0,0,0000000000000000000000000000000000000000000000
573,0x00000000000,0x00000000000,0x24d0c6c03,0x00000000,0x00000000,0,0,00000000000000000000093431b00c0000000000000000
574,0x00000000000,0x00000000000,0x02560066b,0x1b9b1ae4,0x29e9d061,0,0,0000000000000000000000958019acdcd8d7229e9d0610
575,0x00000000000,0x00000000000,0x000000000,0x1bbb5b24,0x00000000,0,0,000000000000000000000000000000dddad92000000000
576,0x00000000000,0x00000000000,0x000000000,0x00000000,0x00000000,0,0,0000000000000000000000000000000000000000000000
577,0x00000000000,0x00000000000,0x24d4c6c23,0x00000000,0x00000000,0,0,00000000000000000000093531b08c0000000000000000
578,0x00000000000,0x00000000000,0x000000000,0x00000000,0x00000000,0,0,0000000000000000000000000000000000000000000000
579,0x00000000000,0x00000000000,0x000000000,0x00000000,0x00000000,0,0,0000000000000000000000000000000000000000000000
580,0x00000000000,0x00000000000,0x025a006eb,0x05e52502,0x2a2a1061,0,0,000000000000000000000096801bac2f292812a2a10610
581,0x00000000000,0x00000000000,0x24d8c6c43,0x00000000,0x00000000,0,0,00000000000000000000093631b10c0000000000000000
582,0x00000000000,0x00000000000,0x000000000,0x1bdb9b64,0x00000000,0,0,000000000000000000000000000000dedcdb2000000000
583,0x00000000000,0x00000000000,0x000000000,0x00000000,0x00000000,0,0,0000000000000000000000000000000000000000000000
584,0x00000000000,0x00000000000,0x000000000,0x00000000,0x00000000,0,0,0000000000000000000000000000000000000000000000
585,0x00000000000,0x00000000000,0x24dcc6c63,0x00000000,0x00000000,0,0,00000000000000000000093731b18c0000000000000000
586,0x00000000000,0x00000000000,0x028a0092b,0x06056542,0x2a6a5061,0,0,0000000000000000000000a28024ac302b2a12a6a50610
587,0x00000000000,0x00000000000,0x000000000,0x0645e5c2,0x00000000,0,0,000000000000000000000000000000322f2e1000000000
588,0x00000000000,0x00000000000,0x000000000,0x00000000,0x00000000,0,0,0000000000000000000000000000000000000000000000
589,0x00000000000,0x00000000000,0x24302c103,0x00000000,0x00000000,0,0,00000000000000000000090c0b040c0000000000000000
590,0x00000000000,0x00000000000,0x000000000,0x1bfbdba4,0x00000000,0,0,000000000000000000000000000000dfdedd2000000000
591,0x00000000000,0x00000000000,0x000000000,0x00000000,0x00000000,0,0,0000000000000000000000000000000000000000000000
592,0x00000000000,0x00000000000,0x028c0096b,0x0625a582,0x2aaa9061,0,0,0000000000000000000000a30025ac312d2c12aaa90610
593,0x00000000000,0x00000000000,0x24322c143,0x00000000,0x00000000,0,0,00000000000000000000090c8b050c0000000000000000
594,0x00000000000,0x00000000000,0x000000000,0x00000000,0x00000000,0,0,0000000000000000000000000000000000000000000000
595,0x00000000000,0x00000000000,0x000000000,0x00000000,0x00000000,0,0,0000000000000000000000000000000000000000000000
596,0x00000000000,0x00000000000,0x000000000,0x00000000,0x00000000,0,0,0000000000000000000000000000000000000000000000
597,0x00000000000,0x00000000000,0x24342c183,0x00000000,0x00000000,0,0,00000000000000000000090d0b060c0000000000000000
598,0x00000000000,0x00000000000,0x028e009ab,0x00000000,0x2aead061,0,0,0000000000000000000000a38026ac00000002aead0610
599,0x00000000000,0x00000040063,0x000000000,0x06662602,0x00000000,0,0,0000000000000000400630000000003331301000000000
600,0x00000000000,0x00000000000,0x000000000,0x00000000,0x00000000,0,0,0000000000000000000000000000000000000000000000
601,0x00000000000,0x00000000000,0x24362c1c3,0x00000000,0x00000000,0,0,00000000000000000000090d8b070c0000000000000000
602,0x00000000000,0x00000000000,0x000000000,0x00000000,0x00000000,0,0,0000000000000000000000000000000000000000000000
603,0x00000000000,0x00000041067,0x000000000,0x00000000,0x00000000,0,0,0000000000000000410670000000000000000000000000
604,0x00000000000,0x00000000000,0x0290009eb,0x09a8c8a2,0x2d2d1061,0,0,0000000000000000000000a40027ac4d464512d2d10610
605,0x00000000000,0x00000000000,0x24382c203,0x00000000,0x00000000,0,0,00000000000000000000090e0b080c0000000000000000
606,0x00000000000,0x00000000000,0x000000000,0x06866642,0x00000000,0,0,0000000000000000000000000000003433321000000000
607,0x00000000000,0x0000004206b,0x000000000,0x00000000,0x00000000,0,0,00000000000000004206b0000000000000000000000000
608,0x00000000000,0x00000000000,0x000000000,0x00000000,0x00000000,0,0,0000000000000000000000000000000000000000000000
609,0x00000000000,0x00000000000,0x243a2c243,0x00000000,0x00000000,0,0,00000000000000000000090e8b090c0000000000000000
610,0x00000000000,0x00000000000,0x029200a2b,0x00000000,0x2d6d5061,0,0,0000000000000000000000a48028ac00000002d6d50610
611,0x00000000000,0x0000004306f,0x000000000,0x00000000,0x00000000,0,0,00000000000000004306f0000000000000000000000000
612,0x00000000000,0x00000000000,0x000000000,0x00000000,0x00000000,0,0,0000000000000000000000000000000000000000000000
613,0x00000000000,0x00000000000,0x243c2c283,0x00000000,0x26a68009,0,0,00000000000000000000090f0b0a0c000000026a680090
614,0x00000000000,0x00000000000,0x000000000,0x00000000,0x00000000,0,0,0000000000000000000000000000000000000000000000
615,0x00000000000,0x00000044073,0x000000000,0x00000000,0x00000000,0,0,0000000000000000440730000000000000000000000000
616,0x00000000000,0x00000000000,0x029400a6b,0x09c908e2,0x2dad9061,0,0,0000000000000000000000a50029ac4e484712dad90610
617,0x00000000000,0x00000000000,0x243e2c2c3,0x00000000,0x00000000,0,0,00000000000000000000090f8b0b0c0000000000000000
618,0x00000000000,0x00000000000,0x000000000,0x00000000,0x00000000,0,0,0000000000000000000000000000000000000000000000
619,0x00000000000,0x00000045077,0x000000000,0x00000000,0x00000000,0,0,0000000000000000450770000000000000000000000000
620,0x00000000000,0x00000000000,0x000000000,0x00000000,0x00000000,0,0,0000000000000000000000000000000000000000000000
621,0x00000000000,0x00000000000,0x24e0c6c83,0x00000000,0x00000000,0,0,00000000000000000000093831b20c0000000000000000
622,0x00000000000,0x00000000000,0x029600aab,0x00000000,0x2dedd061,0,0,0000000000000000000000a5802aac00000002dedd0610
623,0x00000000000,0x0000004607b,0x000000000,0x0a29c9a2,0x00000000,0,0,00000000000000004607b000000000514e4d1000000000
624,0x00000000000,0x00000000000,0x000000000,0x00000000,0x00000000,0,0,0000000000000000000000000000000000000000000000
625,0x00000000000,0x00000000000,0x24e4c6ca3,0x00000000,0x00000000,0,0,00000000000000000000093931b28c0000000000000000
626,0x00000000000,0x00000000000,0x000000000,0x00000000,0x00000000,0,0,0000000000000000000000000000000000000000000000
627,0x00000080003,0x0000004707f,0x000000000,0x00000000,0x00000000,0,0,0000020000c000004707f0000000000000000000000000
628,0x00000081007,0x00000000000,0x029800aeb,0x09e94922,0x00000000,0,0,0000020401c00000000000a6002bac4f4a491000000000
629,0x0000008200b,0x00000000000,0x24e8c6cc3,0x00000000,0x00000000,0,0,0000020802c000000000093a31b30c0000000000000000
630,0x0000008300f,0x00000000000,0x03e00000c,0x00000000,0x00000000,0,0,0000020c03c00000000000f80000300000000000000000
631,0x00000084013,0x00000000000,0x03e20002c,0x00000000,0x2e2e1061,0,0,0000021004c00000000000f88000b000000002e2e10610
632,0x00000085017,0x00000000000,0x03e40004c,0x00000000,0x00000000,0,0,0000021405c00000000000f90001300000000000000000
633,0x0000008601b,0x00000000000,0x24ecc6ce3,0x00000000,0x00000000,0,0,0000021806c000000000093b31b38c0000000000000000
634,0x0000008701f,0x00000000000,0x02c800d2b,0x00000000,0x00000000,0,0,0000021c07c00000000000b20034ac0000000000000000
635,0x00000000000,0x00000000000,0x03e60006c,0x00000000,0x00000000,0,0,0000000000000000000000f98001b00000000000000000
636,0x00000000000,0x00000000000,0x03e80008c,0x00000000,0x00000000,0,0,0000000000000000000000fa0002300000000000000000
637,0x00000000000,0x00000000000,0x03ea000ac,0x00000000,0x2e6e5061,0,0,0000000000000000000000fa8002b000000002e6e50610
638,0x00000000000,0x00000000000,0x03ec000cc,0x1f1e3e04,0x00000000,0,0,0000000000000000000000fb000330f8f1f02000000000
639,0x00000000000,0x00000000000,0x24706a503,0x00000000,0x00000000,0,0,00000000000000000000091c1a940c0000000000000000
640,0x00000000000,0x00000000000,0x02ca00d6b,0x0a098962,0x00000000,0,0,0000000000000000000000b28035ac504c4b1000000000
641,0x00000000000,0x00000000000,0x03ee000ec,0x00000000,0x00000000,0,0,0000000000000000000000fb8003b00000000000000000
642,0x00000000000,0x00000000000,0x000000000,0x1f3e7e44,0x00000000,0,0,000000000000000000000000000000f9f3f22000000000
643,0x00000000000,0x00000000000,0x24726a543,0x00000000,0x2eae9061,0,0,00000000000000000000091c9a950c00000002eae90610
644,0x00000000000,0x00000000000,0x000000000,0x1f5ebe84,0x00000000,0,0,000000000000000000000000000000faf5f42000000000
645,0x00000000000,0x00000000000,0x000000000,0x00000000,0x00000000,0,0,0000000000000000000000000000000000000000000000
646,0x00000000000,0x00000000000,0x02cc00dab,0x00000000,0x00000000,0,0,0000000000000000000000b30036ac0000000000000000
647,0x00000000000,0x00000000000,0x24746a583,0x0a4a09e2,0x00000000,0,0,00000000000000000000091d1a960c52504f1000000000
648,0x00000000000,0x00000000000,0x000000000,0x1f7efec4,0x00000000,0,0,000000000000000000000000000000fbf7f62000000000
649,0x00000000000,0x000000480e3,0x000000000,0x1f9f3f04,0x2eeed061,0,0,0000000000000000480e3000000000fcf9f822eeed0610
650,0x00000000000,0x00000000000,0x000000000,0x00000000,0x00000000,0,0,0000000000000000000000000000000000000000000000
651,0x00000000000,0x00000000000,0x24766a5c3,0x00000000,0x00000000,0,0,00000000000000000000091d9a970c0000000000000000
652,0x00000000000,0x00000000000,0x02ce00deb,0x0d8cac82,0x00000000,0,0,0000000000000000000000b38037ac6c65641000000000
653,0x00000000000,0x000000490e7,0x000000000,0x00000000,0x00000000,0,0,0000000000000000490e70000000000000000000000000
654,0x00000000000,0x00000000000,0x000000000,0x0a6a4a22,0x00000000,0,0,0000000000000000000000000000005352511000000000
655,0x00000000000,0x00000000000,0x24786a603,0x1fbf7f44,0x00000000,0,0,00000000000000000000091e1a980cfdfbfa2000000000
656,0x00000000000,0x00000000000,0x000000000,0x00000000,0x00000000,0,0,0000000000000000000000000000000000000000000000
657,0x00000000000,0x0000004a0eb,0x000000000,0x00000000,0x00000000,0,0,00000000000000004a0eb0000000000000000000000000
658,0x00000000000,0x00000000000,0x000000000,0x00000000,0x00000000,0,0,0000000000000000000000000000000000000000000000
659,0x00000000000,0x00000000000,0x247a6a643,0x00000000,0x00000000,0,0,00000000000000000000091e9a990c0000000000000000
660,0x00000000000,0x00000000000,0x000000000,0x00000000,0x00000000,0,0,0000000000000000000000000000000000000000000000
661,0x00000000000,0x0000004b0ef,0x02d000e2b,0x00000000,0x2a8a6009,0,0,00000000000000004b0ef0b40038ac00000002a8a60090
662,0x00000000000,0x00000000000,0x000000000,0x1fdfbf84,0x00000000,0,0,000000000000000000000000000000fefdfc2000000000
663,0x00000000000,0x00000000000,0x000000000,0x00000000,0x00000000,0,0,0000000000000000000000000000000000000000000000
664,0x00000000000,0x00000000000,0x000000000,0x0dacecc2,0x00000000,0,0,0000000000000000000000000000006d67661000000000
665,0x00000000000,0x0000004c0f3,0x000000000,0x00000000,0x00000000,0,0,00000000000000004c0f30000000000000000000000000
666,0x00000000000,0x00000000000,0x000000000,0x00000000,0x00000000,0,0,0000000000000000000000000000000000000000000000
667,0x00000000000,0x00000000000,0x02d200e6b,0x00000000,0x00000000,0,0,0000000000000000000000b48039ac0000000000000000
668,0x00000000000,0x00000000000,0x000000000,0x00000000,0x00000000,0,0,0000000000000000000000000000000000000000000000
669,0x00000000000,0x0000004d0f7,0x000000000,0x00000000,0x00000000,0,0,00000000000000004d0f70000000000000000000000000
670,0x00000000000,0x00000000000,0x000000000,0x00000000,0x00000000,0,0,0000000000000000000000000000000000000000000000
671,0x00000000000,0x00000000000,0x000000000,0x0e0dad82,0x00000000,0,0,000000000000000000000000000000706d6c1000000000
672,0x00000000000,0x00000000000,0x047c6a683,0x00000000,0x00000000,0,0,00000000000000000000011f1a9a0c0000000000000000
673,0x00000000000,0x00000000000,0x047e6a6c3,0x00000000,0x00000000,0,0,00000000000000000000011f9a9b0c0000000000000000
674,0x00000000000,0x00000000000,0x02d400eab,0x00000000,0x00000000,0,0,0000000000000000000000b5003aac0000000000000000
675,0x00000000000,0x00000000000,0x051105003,0x00000000,0x00000000,0,0,00000000000000000000014441400c0000000000000000
676,0x00000000000,0x00000000000,0x051505023,0x00000000,0x00000000,0,0,00000000000000000000014541408c0000000000000000
677,0x00000000000,0x00000000000,0x051905043,0x00000000,0x00000000,0,0,00000000000000000000014641410c0000000000000000
678,0x00000000000,0x00000000000,0x051d05063,0x00000000,0x00000000,0,0,00000000000000000000014741418c0000000000000000
679,0x00000000000,0x0000004e0fb,0x02d600eeb,0x00000000,0x00000000,0,0,00000000000000004e0fb0b5803bac0000000000000000
680,0x00000088083,0x0000004f0ff,0x052105083,0x0dcd2d02,0x00000000,0,0,0000022020c000004f0ff14841420c6e69681000000000
681,0x00000089087,0x00000000000,0x0525050a3,0x00000000,0x00000000,0,0,0000022421c000000000014941428c0000000000000000
682,0x0000008b08f,0x00000000000,0x0529050c3,0x00000000,0x31311061,0,0,0000022c23c000000000014a41430c0000000313110610
683,0x0000008a08b,0x00000000000,0x04b0a8903,0x00000000,0x00000000,0,0,0000022822c000000000012c2a240c0000000000000000
684,0x0000008d097,0x00000000000,0x04b2a8943,0x00000000,0x00000000,0,0,0000023425c000000000012caa250c0000000000000000
685,0x0000008c093,0x00000000000,0x04b4a8983,0x00000000,0x00000000,0,0,0000023024c000000000012d2a260c0000000000000000
686,0x0000008e09b,0x00000000000,0x04b6a89c3,0x00000000,0x00000000,0,0,0000023826c000000000012daa270c0000000000000000
687,0x0000008f09f,0x00000000000,0x04b8a8a03,0x00000000,0x00000000,0,0,0000023c27c000000000012e2a280c0000000000000000
688,0x00000000000,0x00000000000,0x04baa8a43,0x00000000,0x31b19061,0,0,00000000000000000000012eaa290c000000031b190610
689,0x00000000000,0x00000000000,0x04bca8a83,0x00000000,0x00000000,0,0,00000000000000000000012f2a2a0c0000000000000000
690,0x00000000000,0x00000050163,0x24bea8ac3,0x00000000,0x00000000,0,0,00000000000000005016392faa2b0c0000000000000000
691,0x00000000000,0x00000051167,0x02220044c,0x0ded6d42,0x00000000,0,0,0000000000000000511670888011306f6b6a1000000000
692,0x00000000000,0x0000005216b,0x021e0040c,0x00000000,0x00000000,0,0,00000000000000005216b0878010300000000000000000
693,0x00000000000,0x0000005316f,0x02200042c,0x00000000,0x00000000,0,0,00000000000000005316f0880010b00000000000000000
694,0x00000000000,0x00000054173,0x252d050e3,0x00000000,0x31715061,0,0,00000000000000005417394b41438c0000000317150610
695,0x00000000000,0x00000055177,0x02240046c,0x00000000,0x00000000,0,0,0000000000000000551770890011b00000000000000000
696,0x00000000000,0x0000005617b,0x02260048c,0x00000000,0x00000000,0,0,00000000000000005617b0898012300000000000000000
697,0x00000000000,0x00000000000,0x0228004ac,0x00000000,0x00000000,0,0,00000000000000000000008a0012b00000000000000000
698,0x00000000000,0x00000000000,0x255143403,0x0e2dedc2,0x00000000,0,0,00000000000000000000095450d00c716f6e1000000000
699,0x00000000000,0x00000000000,0x022a004cc,0x00000000,0x00000000,0,0,00000000000000000000008a8013300000000000000000
700,0x00000090103,0x0000005717f,0x000000000,0x02e201e4,0x31f1d061,0,0,0000024040c000005717f00000000017100f231f1d0610
701,0x00000091107,0x00000000000,0x022c004ec,0x00000000,0x00000000,0,0,0000024441c000000000008b0013b00000000000000000
702,0x0000009210b,0x00000000000,0x255543423,0x00000000,0x00000000,0,0,0000024842c000000000095550d08c0000000000000000
703,0x0000009310f,0x00000000000,0x025c0080c,0x03024224,0x00000000,0,0,0000024c43c00000000000970020301812112000000000
704,0x00000094113,0x00000000000,0x025e0082c,0x03228264,0x00000000,0,0,0000025044c00000000000978020b01914132000000000
705,0x00000095117,0x00000000000,0x02600084c,0x0e4e2e02,0x00000000,0,0,0000025445c00000000000980021307271701000000000
706,0x0000009611b,0x00000000000,0x255943443,0x00000000,0x32321061,0,0,0000025846c000000000095650d10c0000000323210610
707,0x0000009711f,0x00000000000,0x02620086c,0x00000000,0x00000000,0,0,0000025c47c00000000000988021b00000000000000000
708,0x00000000000,0x00000000000,0x0266008ac,0x0342c2a4,0x00000000,0,0,0000000000000000000000998022b01a16152000000000
709,0x00000000000,0x00000000000,0x02640088c,0x00000000,0x00000000,0,0,0000000000000000000000990022300000000000000000
710,0x00000000000,0x00000000000,0x255d43463,0x036302e4,0x00000000,0,0,00000000000000000000095750d18c1b18172000000000
711,0x00000000000,0x00000000000,0x0268008cc,0x06c5e5c4,0x00000000,0,0,00000000000000000000009a002330362f2e2000000000
712,0x00000000000,0x00000000000,0x03060112b,0x00000000,0x2e6e4009,0,0,0000000000000000000000c18044ac00000002e6e40090
713,0x00000000000,0x00000000000,0x026a008ec,0x00000000,0x32725061,0,0,00000000000000000000009a8023b00000000327250610
714,0x00000000000,0x00000000000,0x256143483,0x00000000,0x00000000,0,0,00000000000000000000095850d20c0000000000000000
715,0x00000000000,0x00000000000,0x000000000,0x03834324,0x00000000,0,0,0000000000000000000000000000001c1a192000000000
716,0x00000000000,0x00000000000,0x000000000,0x06e62604,0x00000000,0,0,0000000000000000000000000000003731302000000000
717,0x00000000000,0x00000000000,0x000000000,0x07066644,0x00000000,0,0,0000000000000000000000000000003833322000000000
718,0x00000000000,0x00000000000,0x030a011ab,0x00000000,0x00000000,0,0,0000000000000000000000c28046ac0000000000000000
719,0x00000000000,0x00000000000,0x2565434a3,0x00000000,0x32b29061,0,0,00000000000000000000095950d28c000000032b290610
720,0x00000000000,0x00000000000,0x000000000,0x0726a684,0x00000000,0,0,0000000000000000000000000000003935342000000000
721,0x00000000000,0x00000000000,0x000000000,0x00000000,0x00000000,0,0,0000000000000000000000000000000000000000000000
722,0x00000000000,0x00000000000,0x000000000,0x03a38364,0x00000000,0,0,0000000000000000000000000000001d1c1b2000000000
723,0x00000000000,0x00000000000,0x2569434c3,0x0746e6c4,0x00000000,0,0,00000000000000000000095a50d30c3a37362000000000
724,0x00000000000,0x00000000000,0x03080116b,0x00000000,0x00000000,0,0,0000000000000000000000c20045ac0000000000000000
725,0x00000000000,0x00000000000,0x000000000,0x00000000,0x32f2d061,0,0,000000000000000000000000000000000000032f2d0610
726,0x00000000000,0x00000000000,0x000000000,0x00000000,0x00000000,0,0,0000000000000000000000000000000000000000000000
727,0x00000000000,0x00000000000,0x256d434e3,0x00000000,0x00000000,0,0,00000000000000000000095b50d38c0000000000000000
728,0x00000000000,0x00000000000,0x000000000,0x07672704,0x00000000,0,0,0000000000000000000000000000003b39382000000000
729,0x00000000000,0x00000000000,0x000000000,0x00000000,0x00000000,0,0,0000000000000000000000000000000000000000000000
730,0x00000000000,0x00000000000,0x030c011eb,0x00000000,0x00000000,0,0,0000000000000000000000c30047ac0000000000000000
731,0x00000000000,0x00000000000,0x259581823,0x00000000,0x35351061,0,0,00000000000000000000096560608c0000000353510610
732,0x00000000000,0x00000000000,0x000000000,0x00000000,0x00000000,0,0,0000000000000000000000000000000000000000000000
733,0x00000000000,0x00000000000,0x000000000,0x00000000,0x00000000,0,0,0000000000000000000000000000000000000000000000
734,0x00000000000,0x00000000000,0x000000000,0x00000000,0x00000000,0,0,0000000000000000000000000000000000000000000000
735,0x00000000000,0x00000000000,0x24f0e6d03,0x00000000,0x00000000,0,0,00000000000000000000093c39b40c0000000000000000
736,0x00000000000,0x00000000000,0x030e0122b,0x11709062,0x00000000,0,0,0000000000000000000000c38048ac8b84831000000000
737,0x00000000000,0x00000000000,0x000000000,0x07876744,0x35755061,0,0,0000000000000000000000000000003c3b3a2357550610
738,0x00000000000,0x00000000000,0x000000000,0x00000000,0x00000000,0,0,0000000000000000000000000000000000000000000000
739,0x00000000000,0x00000000000,0x24f4e6d83,0x00000000,0x00000000,0,0,00000000000000000000093d39b60c0000000000000000
740,0x00000000000,0x00000000000,0x000000000,0x00000000,0x00000000,0,0,0000000000000000000000000000000000000000000000
741,0x00000000000,0x00000000000,0x000000000,0x00000000,0x00000000,0,0,0000000000000000000000000000000000000000000000
742,0x00000000000,0x00000000000,0x000000000,0x1190d0a2,0x00000000,0,0,0000000000000000000000000000008c86851000000000
743,0x00000000000,0x00000000000,0x24f2e6d43,0x00000000,0x35b59061,0,0,00000000000000000000093cb9b50c000000035b590610
744,0x00000000000,0x00000000000,0x03100126b,0x00000000,0x00000000,0,0,0000000000000000000000c40049ac0000000000000000
745,0x00000000000,0x000000581e3,0x000000000,0x00000000,0x00000000,0,0,0000000000000000581e30000000000000000000000000
746,0x00000000000,0x00000000000,0x000000000,0x00000000,0x00000000,0,0,0000000000000000000000000000000000000000000000
747,0x00000000000,0x00000000000,0x24f6e6dc3,0x00000000,0x00000000,0,0,00000000000000000000093db9b70c0000000000000000
748,0x00000000000,0x00000000000,0x000000000,0x00000000,0x00000000,0,0,0000000000000000000000000000000000000000000000
749,0x00000000000,0x0000005a1eb,0x0312012ab,0x11f19162,0x36361061,0,0,00000000000000005a1eb0c4804aac8f8c8b1363610610
750,0x00000000000,0x00000000000,0x000000000,0x00000000,0x00000000,0,0,0000000000000000000000000000000000000000000000
751,0x00000000000,0x00000000000,0x24f8e6e03,0x00000000,0x00000000,0,0,00000000000000000000093e39b80c0000000000000000
752,0x00000000000,0x00000000000,0x000000000,0x00000000,0x00000000,0,0,0000000000000000000000000000000000000000000000
753,0x00000000000,0x000000591e7,0x000000000,0x00000000,0x00000000,0,0,0000000000000000591e70000000000000000000000000
754,0x00000000000,0x00000000000,0x000000000,0x00000000,0x00000000,0,0,0000000000000000000000000000000000000000000000
755,0x00000000000,0x00000000000,0x24fae6e43,0x00000000,0x36b69061,0,0,00000000000000000000093eb9b90c000000036b690610
756,0x00000000000,0x00000000000,0x0314012eb,0x11b110e2,0x00000000,0,0,0000000000000000000000c5004bac8d88871000000000
757,0x00000000000,0x0000005b1ef,0x000000000,0x00000000,0x00000000,0,0,00000000000000005b1ef0000000000000000000000000
758,0x00000000000,0x00000000000,0x000000000,0x00000000,0x00000000,0,0,0000000000000000000000000000000000000000000000
759,0x00000000000,0x00000000000,0x24fce6e83,0x00000000,0x00000000,0,0,00000000000000000000093f39ba0c0000000000000000
760,0x00000000000,0x00000000000,0x000000000,0x00000000,0x00000000,0,0,0000000000000000000000000000000000000000000000
761,0x00000000000,0x0000005c1f3,0x03440152b,0x00000000,0x35f5d061,0,0,00000000000000005c1f30d10054ac000000035f5d0610
762,0x00000000000,0x00000000000,0x000000000,0x00000000,0x00000000,0,0,0000000000000000000000000000000000000000000000
763,0x00000000000,0x00000000000,0x24fee6ec3,0x00000000,0x00000000,0,0,00000000000000000000093fb9bb0c0000000000000000
764,0x00000000000,0x00000000000,0x000000000,0x00000000,0x00000000,0,0,0000000000000000000000000000000000000000000000
765,0x00000000000,0x0000005d1f7,0x000000000,0x00000000,0x00000000,0,0,00000000000000005d1f70000000000000000000000000
766,0x00000000000,0x00000000000,0x000000000,0x00000000,0x00000000,0,0,0000000000000000000000000000000000000000000000
767,0x00000000000,0x00000000000,0x03460156b,0x00000000,0x36765061,0,0,0000000000000000000000d18055ac0000000367650610
768,0x00000000000,0x00000000000,0x259181803,0x11d15122,0x00000000,0,0,00000000000000000000096460600c8e8a891000000000
769,0x00000000000,0x0000005e1fb,0x000000000,0x00000000,0x00000000,0,0,00000000000000005e1fb0000000000000000000000000
770,0x00000000000,0x00000000000,0x000000000,0x00000000,0x00000000,0,0,0000000000000000000000000000000000000000000000
771,0x00000000000,0x00000000000,0x000000000,0x00000000,0x00000000,0,0,0000000000000000000000000000000000000000000000
772,0x00000000000,0x00000000000,0x259981843,0x00000000,0x00000000,0,0,00000000000000000000096660610c0000000000000000
773,0x00000098183,0x0000005f1ff,0x0348015ab,0x00000000,0x36f6d061,0,0,0000026060c000005f1ff0d20056ac000000036f6d0610
774,0x00000099187,0x00000000000,0x000000000,0x00000000,0x00000000,0,0,0000026461c00000000000000000000000000000000000
775,0x0000009a18b,0x00000000000,0x000000000,0x1211d1a2,0x00000000,0,0,0000026862c0000000000000000000908e8d1000000000
776,0x0000009b18f,0x00000000000,0x259d81863,0x00000000,0x00000000,0,0,0000026c63c000000000096760618c0000000000000000
777,0x0000009c193,0x00000000000,0x029a00c0c,0x00000000,0x00000000,0,0,0000027064c00000000000a68030300000000000000000
778,0x0000009d197,0x00000000000,0x029c00c2c,0x00000000,0x00000000,0,0,0000027465c00000000000a70030b00000000000000000
779,0x0000009e19b,0x00000000000,0x034c0162b,0x15547442,0x39391061,0,0,0000027866c00000000000d30058acaaa3a21393910610
780,0x0000009f19f,0x00000000000,0x25a181883,0x00000000,0x00000000,0,0,0000027c67c000000000096860620c0000000000000000
781,0x00000000000,0x00000000000,0x029e00c4c,0x00000000,0x00000000,0,0,0000000000000000000000a78031300000000000000000
782,0x00000000000,0x00000000000,0x02a000c6c,0x123211e2,0x00000000,0,0,0000000000000000000000a80031b091908f1000000000
783,0x00000000000,0x00000000000,0x02a200c8c,0x00000000,0x00000000,0,0,0000000000000000000000a88032300000000000000000
784,0x00000000000,0x00000000000,0x25a5818a3,0x00000000,0x00000000,0,0,00000000000000000000096960628c0000000000000000
785,0x00000000000,0x00000000000,0x0350016ab,0x0aa9c9a4,0x39795061,0,0,0000000000000000000000d4005aac554e4d2397950610
786,0x00000000000,0x00000000000,0x02a400cac,0x00000000,0x00000000,0,0,0000000000000000000000a90032b00000000000000000
787,0x00000000000,0x00000000000,0x02a600ccc,0x00000000,0x00000000,0,0,0000000000000000000000a98033300000000000000000
788,0x00000000000,0x00000000000,0x25a9818c3,0x00000000,0x00000000,0,0,00000000000000000000096a60630c0000000000000000
789,0x00000000000,0x00000000000,0x02a800cec,0x0aca09e4,0x32522009,0,0,0000000000000000000000aa0033b056504f2325220090
790,0x00000000000,0x00000000000,0x000000000,0x00000000,0x00000000,0,0,0000000000000000000000000000000000000000000000
791,0x00000000000,0x00000000000,0x034a015eb,0x00000000,0x39b99061,0,0,0000000000000000000000d28057ac000000039b990610
792,0x00000000000,0x00000000000,0x25ad818e3,0x00000000,0x00000000,0,0,00000000000000000000096b60638c0000000000000000
793,0x00000000000,0x00000000000,0x000000000,0x0aea4a24,0x00000000,0,0,0000000000000000000000000000005752512000000000
794,0x00000000000,0x00000000000,0x000000000,0x00000000,0x00000000,0,0,0000000000000000000000000000000000000000000000
795,0x00000000000,0x00000000000,0x000000000,0x00000000,0x00000000,0,0,0000000000000000000000000000000000000000000000
796,0x00000000000,0x00000000000,0x25d1bfc03,0x00000000,0x00000000,0,0,0000000000000000000009746ff00c0000000000000000
797,0x00000000000,0x00000000000,0x034e0166b,0x0b0a8a64,0x39f9d061,0,0,0000000000000000000000d38059ac585453239f9d0610
798,0x00000000000,0x00000000000,0x000000000,0x0b2acaa4,0x00000000,0,0,0000000000000000000000000000005956552000000000
799,0x00000000000,0x00000000000,0x000000000,0x00000000,0x00000000,0,0,0000000000000000000000000000000000000000000000
800,0x00000000000,0x00000000000,0x25d5bfc23,0x00000000,0x00000000,0,0,0000000000000000000009756ff08c0000000000000000
801,0x00000000000,0x00000000000,0x000000000,0x00000000,0x00000000,0,0,0000000000000000000000000000000000000000000000
802,0x00000000000,0x00000000000,0x000000000,0x00000000,0x00000000,0,0,0000000000000000000000000000000000000000000000
803,0x00000000000,0x00000000000,0x0352016eb,0x1574b482,0x3a3a1061,0,0,0000000000000000000000d4805bacaba5a413a3a10610
804,0x00000000000,0x00000000000,0x25d9bfc43,0x00000000,0x00000000,0,0,0000000000000000000009766ff10c0000000000000000
805,0x00000000000,0x00000000000,0x000000000,0x0b4b0ae4,0x00000000,0,0,0000000000000000000000000000005a58572000000000
806,0x00000000000,0x00000000000,0x000000000,0x00000000,0x00000000,0,0,0000000000000000000000000000000000000000000000
807,0x00000000000,0x00000000000,0x000000000,0x00000000,0x00000000,0,0,0000000000000000000000000000000000000000000000
808,0x00000000000,0x00000000000,0x25ddbfc63,0x00000000,0x00000000,0,0,0000000000000000000009776ff18c0000000000000000
809,0x00000000000,0x00000000000,0x03820192b,0x1594f4c2,0x3a7a5061,0,0,0000000000000000000000e08064acaca7a613a7a50610
810,0x00000000000,0x00000000000,0x000000000,0x15d57542,0x00000000,0,0,000000000000000000000000000000aeabaa1000000000
811,0x00000000000,0x00000000000,0x000000000,0x00000000,0x00000000,0,0,0000000000000000000000000000000000000000000000
812,0x00000000000,0x00000000000,0x253125103,0x00000000,0x00000000,0,0,00000000000000000000094c49440c0000000000000000
813,0x00000000000,0x00000000000,0x000000000,0x0b6b4b24,0x00000000,0,0,0000000000000000000000000000005b5a592000000000
814,0x00000000000,0x00000000000,0x000000000,0x00000000,0x00000000,0,0,0000000000000000000000000000000000000000000000
815,0x00000000000,0x00000000000,0x03840196b,0x15b53502,0x3aba9061,0,0,0000000000000000000000e10065acada9a813aba90610
816,0x00000000000,0x00000000000,0x253325143,0x00000000,0x00000000,0,0,00000000000000000000094cc9450c0000000000000000
817,0x00000000000,0x00000000000,0x000000000,0x00000000,0x00000000,0,0,0000000000000000000000000000000000000000000000
818,0x00000000000,0x00000000000,0x000000000,0x00000000,0x00000000,0,0,0000000000000000000000000000000000000000000000
819,0x00000000000,0x00000000000,0x000000000,0x00000000,0x00000000,0,0,0000000000000000000000000000000000000000000000
820,0x00000000000,0x00000000000,0x253525183,0x00000000,0x00000000,0,0,00000000000000000000094d49460c0000000000000000
821,0x00000000000,0x00000000000,0x0386019ab,0x00000000,0x3afad061,0,0,0000000000000000000000e18066ac00000003afad0610
822,0x00000000000,0x00000060263,0x000000000,0x15f5b582,0x00000000,0,0,000000000000000060263000000000afadac1000000000
823,0x00000000000,0x00000000000,0x000000000,0x00000000,0x00000000,0,0,0000000000000000000000000000000000000000000000
824,0x00000000000,0x00000000000,0x2537251c3,0x00000000,0x00000000,0,0,00000000000000000000094dc9470c0000000000000000
825,0x00000000000,0x00000000000,0x000000000,0x00000000,0x00000000,0,0,0000000000000000000000000000000000000000000000
826,0x00000000000,0x00000061267,0x000000000,0x00000000,0x00000000,0,0,0000000000000000612670000000000000000000000000
827,0x00000000000,0x00000000000,0x0388019eb,0x19385822,0x3d3d1061,0,0,0000000000000000000000e20067acc9c2c113d3d10610
828,0x00000000000,0x00000000000,0x253925203,0x00000000,0x00000000,0,0,00000000000000000000094e49480c0000000000000000
829,0x00000000000,0x00000000000,0x000000000,0x1615f5c2,0x00000000,0,0,000000000000000000000000000000b0afae1000000000
830,0x00000000000,0x0000006226b,0x000000000,0x00000000,0x00000000,0,0,00000000000000006226b0000000000000000000000000
831,0x00000000000,0x00000000000,0x000000000,0x00000000,0x00000000,0,0,0000000000000000000000000000000000000000000000
832,0x00000000000,0x00000000000,0x253b25243,0x00000000,0x00000000,0,0,00000000000000000000094ec9490c0000000000000000
833,0x00000000000,0x00000000000,0x038a01a2b,0x00000000,0x3d7d5061,0,0,0000000000000000000000e28068ac00000003d7d50610
834,0x00000000000,0x0000006326f,0x000000000,0x00000000,0x00000000,0,0,00000000000000006326f0000000000000000000000000
835,0x00000000000,0x00000000000,0x000000000,0x00000000,0x00000000,0,0,0000000000000000000000000000000000000000000000
836,0x00000000000,0x00000000000,0x253d25283,0x00000000,0x36360009,0,0,00000000000000000000094f494a0c0000000363600090
837,0x00000000000,0x00000000000,0x000000000,0x00000000,0x00000000,0,0,0000000000000000000000000000000000000000000000
838,0x00000000000,0x00000064273,0x000000000,0x00000000,0x00000000,0,0,0000000000000000642730000000000000000000000000
839,0x00000000000,0x00000000000,0x038c01a6b,0x19589862,0x3dbd9061,0,0,0000000000000000000000e30069accac4c313dbd90610
840,0x00000000000,0x00000000000,0x253f252c3,0x00000000,0x00000000,0,0,00000000000000000000094fc94b0c0000000000000000
841,0x00000000000,0x00000000000,0x000000000,0x00000000,0x00000000,0,0,0000000000000000000000000000000000000000000000
842,0x00000000000,0x00000065277,0x000000000,0x00000000,0x00000000,0,0,0000000000000000652770000000000000000000000000
843,0x00000000000,0x00000000000,0x000000000,0x00000000,0x00000000,0,0,0000000000000000000000000000000000000000000000
844,0x00000000000,0x00000000000,0x25e1bfc83,0x00000000,0x00000000,0,0,0000000000000000000009786ff20c0000000000000000
845,0x00000000000,0x00000000000,0x038e01aab,0x00000000,0x3dfdd061,0,0,0000000000000000000000e3806aac00000003dfdd0610
846,0x00000000000,0x0000006627b,0x000000000,0x19b95922,0x00000000,0,0,00000000000000006627b000000000cdcac91000000000
847,0x00000000000,0x00000000000,0x000000000,0x00000000,0x00000000,0,0,0000000000000000000000000000000000000000000000
848,0x00000000000,0x00000000000,0x25e5bfca3,0x00000000,0x00000000,0,0,0000000000000000000009796ff28c0000000000000000
849,0x00000000000,0x00000000000,0x000000000,0x00000000,0x00000000,0,0,0000000000000000000000000000000000000000000000
850,0x000000a0203,0x0000006727f,0x000000000,0x00000000,0x00000000,0,0,0000028080c000006727f0000000000000000000000000
851,0x000000a1207,0x00000000000,0x039001aeb,0x1978d8a2,0x00000000,0,0,0000028481c00000000000e4006baccbc6c51000000000
852,0x000000a220b,0x00000000000,0x25e9bfcc3,0x00000000,0x00000000,0,0,0000028882c000000000097a6ff30c0000000000000000
853,0x000000a320f,0x00000000000,0x02d80100c,0x00000000,0x00000000,0,0,0000028c83c00000000000b60040300000000000000000
854,0x000000a4213,0x00000000000,0x02da0102c,0x00000000,0x3e3e1061,0,0,0000029084c00000000000b68040b000000003e3e10610
855,0x000000a5217,0x00000000000,0x02dc0104c,0x00000000,0x00000000,0,0,0000029485c00000000000b70041300000000000000000
856,0x000000a621b,0x00000000000,0x25edbfce3,0x00000000,0x00000000,0,0,0000029886c000000000097b6ff38c0000000000000000
857,0x000000a721f,0x00000000000,0x03c001d2b,0x00000000,0x00000000,0,0,0000029c87c00000000000f00074ac0000000000000000
858,0x00000000000,0x00000000000,0x02de0106c,0x00000000,0x00000000,0,0,0000000000000000000000b78041b00000000000000000
859,0x00000000000,0x00000000000,0x02e00108c,0x00000000,0x00000000,0,0,0000000000000000000000b80042300000000000000000
860,0x00000000000,0x00000000000,0x02e2010ac,0x00000000,0x3e7e5061,0,0,0000000000000000000000b88042b000000003e7e50610
861,0x00000000000,0x00000000000,0x02e4010cc,0x0e8dad84,0x00000000,0,0,0000000000000000000000b9004330746d6c2000000000
862,0x00000000000,0x00000000000,0x257163503,0x00000000,0x00000000,0,0,00000000000000000000095c58d40c0000000000000000
863,0x00000000000,0x00000000000,0x03c201d6b,0x199918e2,0x00000000,0,0,0000000000000000000000f08075acccc8c71000000000
864,0x00000000000,0x00000000000,0x02e6010ec,0x00000000,0x00000000,0,0,0000000000000000000000b98043b00000000000000000
865,0x00000000000,0x00000000000,0x000000000,0x0eadedc4,0x00000000,0,0,000000000000000000000000000000756f6e2000000000
866,0x00000000000,0x00000000000,0x257363543,0x00000000,0x3ebe9061,0,0,00000000000000000000095cd8d50c00000003ebe90610
867,0x00000000000,0x00000000000,0x000000000,0x0ece2e04,0x00000000,0,0,0000000000000000000000000000007671702000000000
868,0x00000000000,0x00000000000,0x000000000,0x00000000,0x00000000,0,0,0000000000000000000000000000000000000000000000
869,0x00000000000,0x00000000000,0x03c401dab,0x00000000,0x00000000,0,0,0000000000000000000000f10076ac0000000000000000
870,0x00000000000,0x00000000000,0x257563583,0x19d99962,0x00000000,0,0,00000000000000000000095d58d60ccecccb1000000000
871,0x00000000000,0x00000000000,0x000000000,0x0eee6e44,0x00000000,0,0,0000000000000000000000000000007773722000000000
872,0x00000000000,0x000000682e3,0x000000000,0x0f0eae84,0x3efed061,0,0,0000000000000000682e300000000078757423efed0610
873,0x00000000000,0x00000000000,0x000000000,0x00000000,0x00000000,0,0,0000000000000000000000000000000000000000000000
874,0x00000000000,0x00000000000,0x2577635c3,0x00000000,0x00000000,0,0,00000000000000000000095dd8d70c0000000000000000
875,0x00000000000,0x00000000000,0x03c601deb,0x1d1c3c02,0x00000000,0,0,0000000000000000000000f18077ace8e1e01000000000
876,0x00000000000,0x000000692e7,0x000000000,0x00000000,0x00000000,0,0,0000000000000000692e70000000000000000000000000
877,0x00000000000,0x00000000000,0x000000000,0x19f9d9a2,0x00000000,0,0,000000000000000000000000000000cfcecd1000000000
878,0x00000000000,0x00000000000,0x257963603,0x0f2eeec4,0x00000000,0,0,00000000000000000000095e58d80c7977762000000000
879,0x00000000000,0x00000000000,0x000000000,0x00000000,0x00000000,0,0,0000000000000000000000000000000000000000000000
880,0x00000000000,0x0000006a2eb,0x000000000,0x00000000,0x00000000,0,0,00000000000000006a2eb0000000000000000000000000
881,0x00000000000,0x00000000000,0x000000000,0x00000000,0x00000000,0,0,0000000000000000000000000000000000000000000000
882,0x00000000000,0x00000000000,0x257b63643,0x00000000,0x00000000,0,0,00000000000000000000095ed8d90c0000000000000000
883,0x00000000000,0x00000000000,0x000000000,0x00000000,0x00000000,0,0,0000000000000000000000000000000000000000000000
884,0x00000000000,0x0000006b2ef,0x03c801e2b,0x00000000,0x3a19e009,0,0,00000000000000006b2ef0f20078ac00000003a19e0090
885,0x00000000000,0x00000000000,0x000000000,0x0f4f2f04,0x00000000,0,0,0000000000000000000000000000007a79782000000000
886,0x00000000000,0x00000000000,0x000000000,0x00000000,0x00000000,0,0,0000000000000000000000000000000000000000000000
887,0x00000000000,0x00000000000,0x000000000,0x1d3c7c42,0x00000000,0,0,000000000000000000000000000000e9e3e21000000000
888,0x00000000000,0x0000006c2f3,0x000000000,0x00000000,0x00000000,0,0,00000000000000006c2f30000000000000000000000000
889,0x00000000000,0x00000000000,0x000000000,0x00000000,0x00000000,0,0,0000000000000000000000000000000000000000000000
890,0x00000000000,0x00000000000,0x03ca01e6b,0x00000000,0x00000000,0,0,0000000000000000000000f28079ac0000000000000000
891,0x00000000000,0x00000000000,0x000000000,0x00000000,0x00000000,0,0,0000000000000000000000000000000000000000000000
892,0x00000000000,0x0000006d2f7,0x000000000,0x00000000,0x00000000,0,0,00000000000000006d2f70000000000000000000000000
893,0x00000000000,0x00000000000,0x000000000,0x00000000,0x00000000,0,0,0000000000000000000000000000000000000000000000
894,0x00000000000,0x00000000000,0x000000000,0x1d9d3d02,0x00000000,0,0,000000000000000000000000000000ece9e81000000000
895,0x00000000000,0x00000000000,0x057d63683,0x00000000,0x00000000,0,0,00000000000000000000015f58da0c0000000000000000
896,0x00000000000,0x00000000000,0x057f636c3,0x00000000,0x00000000,0,0,00000000000000000000015fd8db0c0000000000000000
897,0x00000000000,0x00000000000,0x03cc01eab,0x00000000,0x00000000,0,0,0000000000000000000000f3007aac0000000000000000
898,0x00000000000,0x00000000000,0x0411fc003,0x00000000,0x00000000,0,0,0000000000000000000001047f000c0000000000000000
899,0x00000000000,0x00000000000,0x0415fc023,0x00000000,0x00000000,0,0,0000000000000000000001057f008c0000000000000000
900,0x00000000000,0x00000000000,0x0419fc043,0x00000000,0x00000000,0,0,0000000000000000000001067f010c0000000000000000
901,0x00000000000,0x00000000000,0x041dfc063,0x00000000,0x00000000,0,0,0000000000000000000001077f018c0000000000000000
902,0x00000000000,0x0000006e2fb,0x03ce01eeb,0x00000000,0x00000000,0,0,00000000000000006e2fb0f3807bac0000000000000000
903,0x000000a8283,0x0000006f2ff,0x0421fc083,0x1d5cbc82,0x00000000,0,0,000002a0a0c000006f2ff1087f020ceae5e41000000000
904,0x000000a9287,0x00000000000,0x0425fc0a3,0x00000000,0x00000000,0,0,000002a4a1c00000000001097f028c0000000000000000
905,0x000000ab28f,0x00000000000,0x0429fc0c3,0x00000000,0x21211061,0,0,000002aca3c000000000010a7f030c0000000212110610
906,0x000000aa28b,0x00000000000,0x05b1a1903,0x00000000,0x00000000,0,0,000002a8a2c000000000016c68640c0000000000000000
907,0x000000ad297,0x00000000000,0x05b3a1943,0x00000000,0x00000000,0,0,000002b4a5c000000000016ce8650c0000000000000000
908,0x000000ac293,0x00000000000,0x05b5a1983,0x00000000,0x00000000,0,0,000002b0a4c000000000016d68660c0000000000000000
909,0x000000ae29b,0x00000000000,0x05b7a19c3,0x00000000,0x00000000,0,0,000002b8a6c000000000016de8670c0000000000000000
910,0x000000af29f,0x00000000000,0x05b9a1a03,0x00000000,0x00000000,0,0,000002bca7c000000000016e68680c0000000000000000
911,0x00000000000,0x00000000000,0x05bba1a43,0x00000000,0x21a19061,0,0,00000000000000000000016ee8690c000000021a190610
912,0x00000000000,0x00000000000,0x05bda1a83,0x00000000,0x00000000,0,0,00000000000000000000016f686a0c0000000000000000
913,0x00000000000,0x00000070363,0x25bfa1ac3,0x00000000,0x00000000,0,0,00000000000000007036396fe86b0c0000000000000000
914,0x00000000000,0x00000071367,0x031a0144c,0x1d7cfcc2,0x00000000,0,0,0000000000000000713670c6805130ebe7e61000000000
915,0x00000000000,0x0000007236b,0x03160140c,0x00000000,0x00000000,0,0,00000000000000007236b0c58050300000000000000000
916,0x00000000000,0x0000007336f,0x03180142c,0x00000000,0x00000000,0,0,00000000000000007336f0c60050b00000000000000000
917,0x00000000000,0x00000074373,0x242dfc0e3,0x00000000,0x21615061,0,0,00000000000000007437390b7f038c0000000216150610
918,0x00000000000,0x00000075377,0x031c0146c,0x00000000,0x00000000,0,0,0000000000000000753770c70051b00000000000000000
919,0x00000000000,0x0000007637b,0x031e0148c,0x00000000,0x00000000,0,0,00000000000000007637b0c78052300000000000000000
920,0x00000000000,0x00000000000,0x0320014ac,0x00000000,0x00000000,0,0,0000000000000000000000c80052b00000000000000000
921,0x00000000000,0x00000000000,0x24503a403,0x1dbd7d42,0x00000000,0,0,0000000000000000000009140e900cedebea1000000000
922,0x00000000000,0x00000000000,0x0322014cc,0x00000000,0x00000000,0,0,0000000000000000000000c88053300000000000000000
923,0x000000b0303,0x0000007737f,0x000000000,0x12719164,0x21e1d061,0,0,000002c0c0c000007737f000000000938c8b221e1d0610
924,0x000000b1307,0x00000000000,0x0324014ec,0x00000000,0x00000000,0,0,000002c4c1c00000000000c90053b00000000000000000
925,0x000000b230b,0x00000000000,0x24543a423,0x00000000,0x00000000,0,0,000002c8c2c00000000009150e908c0000000000000000
926,0x000000b330f,0x00000000000,0x03540180c,0x1291d1a4,0x00000000,0,0,000002ccc3c00000000000d5006030948e8d2000000000
927,0x000000b4313,0x00000000000,0x03560182c,0x12b211e4,0x00000000,0,0,000002d0c4c00000000000d58060b095908f2000000000
928,0x000000b5317,0x00000000000,0x03580184c,0x1dddbd82,0x00000000,0,0,000002d4c5c00000000000d6006130eeedec1000000000
929,0x000000b631b,0x00000000000,0x24583a443,0x00000000,0x22221061,0,0,000002d8c6c00000000009160e910c0000000222210610
930,0x000000b731f,0x00000000000,0x035a0186c,0x00000000,0x00000000,0,0,000002dcc7c00000000000d68061b00000000000000000
931,0x00000000000,0x00000000000,0x035e018ac,0x12d25224,0x00000000,0,0,0000000000000000000000d78062b09692912000000000
932,0x00000000000,0x00000000000,0x035c0188c,0x00000000,0x00000000,0,0,0000000000000000000000d70062300000000000000000
933,0x00000000000,0x00000000000,0x245c3a463,0x12f29264,0x00000000,0,0,0000000000000000000009170e918c9794932000000000
934,0x00000000000,0x00000000000,0x0360018cc,0x16557544,0x00000000,0,0,0000000000000000000000d8006330b2abaa2000000000
935,0x00000000000,0x00000000000,0x03fe0012b,0x00000000,0x3dfdc009,0,0,0000000000000000000000ff8004ac00000003dfdc0090
936,0x00000000000,0x00000000000,0x0362018ec,0x00000000,0x22625061,0,0,0000000000000000000000d88063b00000000226250610
937,0x00000000000,0x00000000000,0x24603a483,0x00000000,0x00000000,0,0,0000000000000000000009180e920c0000000000000000
938,0x00000000000,0x00000000000,0x000000000,0x1312d2a4,0x00000000,0,0,0000000000000000000000000000009896952000000000
939,0x00000000000,0x00000000000,0x000000000,0x1675b584,0x00000000,0,0,000000000000000000000000000000b3adac2000000000
940,0x00000000000,0x00000000000,0x000000000,0x1695f5c4,0x00000000,0,0,000000000000000000000000000000b4afae2000000000
941,0x00000000000,0x00000000000,0x0202001ab,0x00000000,0x00000000,0,0,0000000000000000000000808006ac0000000000000000
942,0x00000000000,0x00000000000,0x24643a4a3,0x00000000,0x22a29061,0,0,0000000000000000000009190e928c000000022a290610
943,0x00000000000,0x00000000000,0x000000000,0x16b63604,0x00000000,0,0,000000000000000000000000000000b5b1b02000000000
944,0x00000000000,0x00000000000,0x000000000,0x00000000,0x00000000,0,0,0000000000000000000000000000000000000000000000
945,0x00000000000,0x00000000000,0x000000000,0x133312e4,0x00000000,0,0,0000000000000000000000000000009998972000000000
946,0x00000000000,0x00000000000,0x24683a4c3,0x16d67644,0x00000000,0,0,00000000000000000000091a0e930cb6b3b22000000000
947,0x00000000000,0x00000000000,0x02000016b,0x00000000,0x00000000,0,0,0000000000000000000000800005ac0000000000000000
948,0x00000000000,0x00000000000,0x000000000,0x00000000,0x22e2d061,0,0,000000000000000000000000000000000000022e2d0610
949,0x00000000000,0x00000000000,0x000000000,0x00000000,0x00000000,0,0,0000000000000000000000000000000000000000000000
950,0x00000000000,0x00000000000,0x246c3a4e3,0x00000000,0x00000000,0,0,00000000000000000000091b0e938c0000000000000000
951,0x00000000000,0x00000000000,0x000000000,0x16f6b684,0x00000000,0,0,000000000000000000000000000000b7b5b42000000000
952,0x00000000000,0x00000000000,0x000000000,0x00000000,0x00000000,0,0,0000000000000000000000000000000000000000000000
953,0x00000000000,0x00000000000,0x0204001eb,0x00000000,0x00000000,0,0,0000000000000000000000810007ac0000000000000000
954,0x00000000000,0x00000000000,0x249478823,0x00000000,0x25251061,0,0,0000000000000000000009251e208c0000000252510610
955,0x00000000000,0x00000000000,0x000000000,0x00000000,0x00000000,0,0,0000000000000000000000000000000000000000000000
956,0x00000000000,0x00000000000,0x000000000,0x00000000,0x00000000,0,0,0000000000000000000000000000000000000000000000
957,0x00000000000,0x00000000000,0x000000000,0x00000000,0x00000000,0,0,0000000000000000000000000000000000000000000000
958,0x00000000000,0x00000000000,0x25f1dfd03,0x00000000,0x00000000,0,0,00000000000000000000097c77f40c0000000000000000
959,0x00000000000,0x00000000000,0x02060022b,0x00e01fe2,0x00000000,0,0,0000000000000000000000818008ac0700ff1000000000
960,0x00000000000,0x00000000000,0x000000000,0x1716f6c4,0x25655061,0,0,000000000000000000000000000000b8b7b62256550610
961,0x00000000000,0x00000000000,0x000000000,0x00000000,0x00000000,0,0,0000000000000000000000000000000000000000000000
962,0x00000000000,0x00000000000,0x25f5dfd83,0x00000000,0x00000000,0,0,00000000000000000000097d77f60c0000000000000000
963,0x00000000000,0x00000000000,0x000000000,0x00000000,0x00000000,0,0,0000000000000000000000000000000000000000000000
964,0x00000000000,0x00000000000,0x000000000,0x00000000,0x00000000,0,0,0000000000000000000000000000000000000000000000
965,0x00000000000,0x00000000000,0x000000000,0x01004022,0x00000000,0,0,0000000000000000000000000000000802011000000000
966,0x00000000000,0x00000000000,0x25f3dfd43,0x00000000,0x25a59061,0,0,00000000000000000000097cf7f50c000000025a590610
967,0x00000000000,0x00000000000,0x02080026b,0x00000000,0x00000000,0,0,0000000000000000000000820009ac0000000000000000
968,0x00000000000,0x000000783e3,0x000000000,0x00000000,0x00000000,0,0,0000000000000000783e30000000000000000000000000
969,0x00000000000,0x00000000000,0x000000000,0x00000000,0x00000000,0,0,0000000000000000000000000000000000000000000000
970,0x00000000000,0x00000000000,0x25f7dfdc3,0x00000000,0x00000000,0,0,00000000000000000000097df7f70c0000000000000000
971,0x00000000000,0x00000000000,0x000000000,0x00000000,0x00000000,0,0,0000000000000000000000000000000000000000000000
972,0x00000000000,0x0000007a3eb,0x020a002ab,0x016100e2,0x26261061,0,0,00000000000000007a3eb082800aac0b08071262610610
973,0x00000000000,0x00000000000,0x000000000,0x00000000,0x00000000,0,0,0000000000000000000000000000000000000000000000
974,0x00000000000,0x00000000000,0x25f9dfe03,0x00000000,0x00000000,0,0,00000000000000000000097e77f80c0000000000000000
975,0x00000000000,0x00000000000,0x000000000,0x00000000,0x00000000,0,0,0000000000000000000000000000000000000000000000
976,0x00000000000,0x000000793e7,0x000000000,0x00000000,0x00000000,0,0,0000000000000000793e70000000000000000000000000
977,0x00000000000,0x00000000000,0x000000000,0x00000000,0x00000000,0,0,0000000000000000000000000000000000000000000000
978,0x00000000000,0x00000000000,0x25fbdfe43,0x00000000,0x26a69061,0,0,00000000000000000000097ef7f90c000000026a690610
979,0x00000000000,0x00000000000,0x020c002eb,0x01208062,0x00000000,0,0,000000000000000000000083000bac0904031000000000
980,0x00000000000,0x0000007b3ef,0x000000000,0x00000000,0x00000000,0,0,00000000000000007b3ef0000000000000000000000000
981,0x00000000000,0x00000000000,0x000000000,0x00000000,0x00000000,0,0,0000000000000000000000000000000000000000000000
982,0x00000000000,0x00000000000,0x25fddfe83,0x00000000,0x00000000,0,0,00000000000000000000097f77fa0c0000000000000000
983,0x00000000000,0x00000000000,0x000000000,0x00000000,0x00000000,0,0,0000000000000000000000000000000000000000000000
984,0x00000000000,0x0000007c3f3,0x023c0052b,0x00000000,0x25e5d061,0,0,00000000000000007c3f308f0014ac000000025e5d0610
985,0x00000000000,0x00000000000,0x000000000,0x00000000,0x00000000,0,0,0000000000000000000000000000000000000000000000
986,0x00000000000,0x00000000000,0x25ffdfec3,0x00000000,0x00000000,0,0,00000000000000000000097ff7fb0c0000000000000000
987,0x00000000000,0x00000000000,0x000000000,0x00000000,0x00000000,0,0,0000000000000000000000000000000000000000000000
988,0x00000000000,0x0000007d3f7,0x000000000,0x00000000,0x00000000,0,0,00000000000000007d3f70000000000000000000000000
989,0x00000000000,0x00000000000,0x000000000,0x00000000,0x00000000,0,0,0000000000000000000000000000000000000000000000
990,0x00000000000,0x00000000000,0x023e0056b,0x00000000,0x26665061,0,0,00000000000000000000008f8015ac0000000266650610
991,0x00000000000,0x00000000000,0x249078803,0x0140c0a2,0x00000000,0,0,0000000000000000000009241e200c0a06051000000000
992,0x00000000000,0x0000007e3fb,0x000000000,0x00000000,0x00000000,0,0,00000000000000007e3fb0000000000000000000000000
993,0x00000000000,0x00000000000,0x000000000,0x00000000,0x00000000,0,0,0000000000000000000000000000000000000000000000
994,0x00000000000,0x00000000000,0x000000000,0x00000000,0x00000000,0,0,0000000000000000000000000000000000000000000000
995,0x00000000000,0x00000000000,0x249878843,0x00000000,0x00000000,0,0,0000000000000000000009261e210c0000000000000000
996,0x000000b8383,0x0000007f3ff,0x0240005ab,0x00000000,0x26e6d061,0,0,000002e0e0c000007f3ff0900016ac000000026e6d0610
997,0x000000b9387,0x00000000000,0x000000000,0x00000000,0x00000000,0,0,000002e4e1c00000000000000000000000000000000000
998,0x000000ba38b,0x00000000000,0x000000000,0x01814122,0x00000000,0,0,000002e8e2c00000000000000000000c0a091000000000
999,0x000000bb38f,0x00000000000,0x249c78863,0x00000000,0x00000000,0,0,000002ece3c00000000009271e218c0000000000000000
1000,0x000000bc393,0x00000000000,0x039201c0c,0x00000000,0x00000000,0,0,000002f0e4c00000000000e48070300000000000000000
1001,0x000000bd397,0x00000000000,0x039401c2c,0x00000000,0x00000000,0,0,000002f4e5c00000000000e50070b00000000000000000
1002,0x000000be39b,0x00000000000,0x02440062b,0x04c3e3c2,0x29291061,0,0,000002f8e6c00000000000910018ac261f1e1292910610
1003,0x000000bf39f,0x00000000000,0x24a078883,0x00000000,0x00000000,0,0,000002fce7c00000000009281e220c0000000000000000
1004,0x00000000000,0x00000000000,0x039601c4c,0x00000000,0x00000000,0,0,0000000000000000000000e58071300000000000000000
1005,0x00000000000,0x00000000000,0x039801c6c,0x01a18162,0x00000000,0,0,0000000000000000000000e60071b00d0c0b1000000000
1006,0x00000000000,0x00000000000,0x039a01c8c,0x00000000,0x00000000,0,0,0000000000000000000000e68072300000000000000000
1007,0x00000000000,0x00000000000,0x24a4788a3,0x00000000,0x00000000,0,0,0000000000000000000009291e228c0000000000000000
1008,0x00000000000,0x00000000000,0x0248006ab,0x1a395924,0x29695061,0,0,000000000000000000000092001aacd1cac92296950610
1009,0x00000000000,0x00000000000,0x039c01cac,0x00000000,0x00000000,0,0,0000000000000000000000e70072b00000000000000000
1010,0x00000000000,0x00000000000,0x039e01ccc,0x00000000,0x00000000,0,0,0000000000000000000000e78073300000000000000000
1011,0x00000000000,0x00000000000,0x24a8788c3,0x00000000,0x00000000,0,0,00000000000000000000092a1e230c0000000000000000
1012,0x00000000000,0x00000000000,0x03a001cec,0x1a599964,0x21c1a009,0,0,0000000000000000000000e80073b0d2cccb221c1a0090
1013,0x00000000000,0x00000000000,0x000000000,0x00000000,0x00000000,0,0,0000000000000000000000000000000000000000000000
1014,0x00000000000,0x00000000000,0x0242005eb,0x00000000,0x29a99061,0,0,0000000000000000000000908017ac000000029a990610
1015,0x00000000000,0x00000000000,0x24ac788e3,0x00000000,0x00000000,0,0,00000000000000000000092b1e238c0000000000000000
1016,0x00000000000,0x00000000000,0x000000000,0x1a79d9a4,0x00000000,0,0,000000000000000000000000000000d3cecd2000000000
1017,0x00000000000,0x00000000000,0x000000000,0x00000000,0x00000000,0,0,0000000000000000000000000000000000000000000000
1018,0x00000000000,0x00000000000,0x000000000,0x00000000,0x00000000,0,0,0000000000000000000000000000000000000000000000
1019,0x00000000000,0x00000000000,0x24d0b6c03,0x00000000,0x00000000,0,0,0000000000000000000009342db00c0000000000000000
1020,0x00000000000,0x00000000000,0x02460066b,0x1a9a19e4,0x29e9d061,0,0,0000000000000000000000918019acd4d0cf229e9d0610
1021,0x00000000000,0x00000000000,0x000000000,0x1aba5a24,0x00000000,0,0,000000000000000000000000000000d5d2d12000000000
1022,0x00000000000,0x00000000000,0x000000000,0x00000000,0x00000000,0,0,0000000000000000000000000000000000000000000000
1023,0x00000000000,0x00000000000,0x24d4b6c23,0x00000000,0x00000000,0,0,0000000000000000000009352db08c0000000000000000
1024,0x00000000000,0x00000000000,0x000000000,0x00000000,0x00000000,0,0,0000000000000000000000000000000000000000000000
1025,0x00000000000,0x00000000000,0x000000000,0x00000000,0x00000000,0,0,0000000000000000000000000000000000000000000000
1026,0x00000000000,0x00000000000,0x024a006eb,0x04e42402,0x2a2a1061,0,0,000000000000000000000092801bac27212012a2a10610
1027,0x00000000000,0x00000000000,0x24d8b6c43,0x00000000,0x00000000,0,0,0000000000000000000009362db10c0000000000000000
1028,0x00000000000,0x00000000000,0x000000000,0x1ada9a64,0x00000000,0,0,000000000000000000000000000000d6d4d32000000000
1029,0x00000000000,0x00000000000,0x000000000,0x00000000,0x00000000,0,0,0000000000000000000000000000000000000000000000
1030,0x00000000000,0x00000000000,0x000000000,0x00000000,0x00000000,0,0,0000000000000000000000000000000000000000000000
1031,0x00000000000,0x00000000000,0x24dcb6c63,0x00000000,0x00000000,0,0,0000000000000000000009372db18c0000000000000000
1032,0x00000000000,0x00000000000,0x027a0092b,0x05046442,0x2a6a5061,0,0,00000000000000000000009e8024ac28232212a6a50610
1033,0x00000000000,0x00000000000,0x000000000,0x0544e4c2,0x00000000,0,0,0000000000000000000000000000002a27261000000000
1034,0x00000000000,0x00000000000,0x000000000,0x00000000,0x00000000,0,0,0000000000000000000000000000000000000000000000
1035,0x00000000000,0x00000000000,0x24301c103,0x00000000,0x00000000,0,0,00000000000000000000090c07040c0000000000000000
1036,0x00000000000,0x00000000000,0x000000000,0x1afadaa4,0x00000000,0,0,000000000000000000000000000000d7d6d52000000000
1037,0x00000000000,0x00000000000,0x000000000,0x00000000,0x00000000,0,0,0000000000000000000000000000000000000000000000
1038,0x00000000000,0x00000000000,0x027c0096b,0x0524a482,0x2aaa9061,0,0,00000000000000000000009f0025ac29252412aaa90610
1039,0x00000000000,0x00000000000,0x24321c143,0x00000000,0x00000000,0,0,00000000000000000000090c87050c0000000000000000
1040,0x00000000000,0x00000000000,0x000000000,0x00000000,0x00000000,0,0,0000000000000000000000000000000000000000000000
1041,0x00000000000,0x00000000000,0x000000000,0x00000000,0x00000000,0,0,0000000000000000000000000000000000000000000000
1042,0x00000000000,0x00000000000,0x000000000,0x00000000,0x00000000,0,0,0000000000000000000000000000000000000000000000
1043,0x00000000000,0x00000000000,0x24341c183,0x00000000,0x00000000,0,0,00000000000000000000090d07060c0000000000000000
1044,0x00000000000,0x00000000000,0x027e009ab,0x00000000,0x2aead061,0,0,00000000000000000000009f8026ac00000002aead0610
1045,0x00000000000,0x00000080063,0x000000000,0x05652502,0x00000000,0,0,0000000000000000800630000000002b29281000000000
1046,0x00000000000,0x00000000000,0x000000000,0x00000000,0x00000000,0,0,0000000000000000000000000000000000000000000000
1047,0x00000000000,0x00000000000,0x24361c1c3,0x00000000,0x00000000,0,0,00000000000000000000090d87070c0000000000000000
1048,0x00000000000,0x00000000000,0x000000000,0x00000000,0x00000000,0,0,0000000000000000000000000000000000000000000000
1049,0x00000000000,0x00000081067,0x000000000,0x00000000,0x00000000,0,0,0000000000000000810670000000000000000000000000
1050,0x00000000000,0x00000000000,0x0280009eb,0x08a7c7a2,0x2d2d1061,0,0,0000000000000000000000a00027ac453e3d12d2d10610
1051,0x00000000000,0x00000000000,0x24381c203,0x00000000,0x00000000,0,0,00000000000000000000090e07080c0000000000000000
1052,0x00000000000,0x00000000000,0x000000000,0x05856542,0x00000000,0,0,0000000000000000000000000000002c2b2a1000000000
1053,0x00000000000,0x0000008206b,0x000000000,0x00000000,0x00000000,0,0,00000000000000008206b0000000000000000000000000
1054,0x00000000000,0x00000000000,0x000000000,0x00000000,0x00000000,0,0,0000000000000000000000000000000000000000000000
1055,0x00000000000,0x00000000000,0x243a1c243,0x00000000,0x00000000,0,0,00000000000000000000090e87090c0000000000000000
1056,0x00000000000,0x00000000000,0x028200a2b,0x00000000,0x2d6d5061,0,0,0000000000000000000000a08028ac00000002d6d50610
1057,0x00000000000,0x0000008306f,0x000000000,0x00000000,0x00000000,0,0,00000000000000008306f0000000000000000000000000
1058,0x00000000000,0x00000000000,0x000000000,0x00000000,0x00000000,0,0,0000000000000000000000000000000000000000000000
1059,0x00000000000,0x00000000000,0x243c1c283,0x00000000,0x25a58009,0,0,00000000000000000000090f070a0c000000025a580090
1060,0x00000000000,0x00000000000,0x000000000,0x00000000,0x00000000,0,0,0000000000000000000000000000000000000000000000
1061,0x00000000000,0x00000084073,0x000000000,0x00000000,0x00000000,0,0,0000000000000000840730000000000000000000000000
1062,0x00000000000,0x00000000000,0x028400a6b,0x08c807e2,0x2dad9061,0,0,0000000000000000000000a10029ac46403f12dad90610
1063,0x00000000000,0x00000000000,0x243e1c2c3,0x00000000,0x00000000,0,0,00000000000000000000090f870b0c0000000000000000
1064,0x00000000000,0x00000000000,0x000000000,0x00000000,0x00000000,0,0,0000000000000000000000000000000000000000000000
1065,0x00000000000,0x00000085077,0x000000000,0x00000000,0x00000000,0,0,0000000000000000850770000000000000000000000000
1066,0x00000000000,0x00000000000,0x000000000,0x00000000,0x00000000,0,0,0000000000000000000000000000000000000000000000
1067,0x00000000000,0x00000000000,0x24e0b6c83,0x00000000,0x00000000,0,0,0000000000000000000009382db20c0000000000000000
1068,0x00000000000,0x00000000000,0x028600aab,0x00000000,0x2dedd061,0,0,0000000000000000000000a1802aac00000002dedd0610
1069,0x00000000000,0x0000008607b,0x000000000,0x0928c8a2,0x00000000,0,0,00000000000000008607b0000000004946451000000000
1070,0x00000000000,0x00000000000,0x000000000,0x00000000,0x00000000,0,0,0000000000000000000000000000000000000000000000
1071,0x00000000000,0x00000000000,0x24e4b6ca3,0x00000000,0x00000000,0,0,0000000000000000000009392db28c0000000000000000
1072,0x00000000000,0x00000000000,0x000000000,0x00000000,0x00000000,0,0,0000000000000000000000000000000000000000000000
1073,0x000000c0003,0x0000008707f,0x000000000,0x00000000,0x00000000,0,0,0000030000c000008707f0000000000000000000000000
1074,0x000000c1007,0x00000000000,0x028800aeb,0x08e84822,0x00000000,0,0,0000030401c00000000000a2002bac4742411000000000
1075,0x000000c200b,0x00000000000,0x24e8b6cc3,0x00000000,0x00000000,0,0,0000030802c000000000093a2db30c0000000000000000
1076,0x000000c300f,0x00000000000,0x03d00000c,0x00000000,0x00000000,0,0,0000030c03c00000000000f40000300000000000000000
1077,0x000000c4013,0x00000000000,0x03d20002c,0x00000000,0x2e2e1061,0,0,0000031004c00000000000f48000b000000002e2e10610
1078,0x000000c5017,0x00000000000,0x03d40004c,0x00000000,0x00000000,0,0,0000031405c00000000000f50001300000000000000000
1079,0x000000c601b,0x00000000000,0x24ecb6ce3,0x00000000,0x00000000,0,0,0000031806c000000000093b2db38c0000000000000000
1080,0x000000c701f,0x00000000000,0x02b800d2b,0x00000000,0x00000000,0,0,0000031c07c00000000000ae0034ac0000000000000000
1081,0x00000000000,0x00000000000,0x03d60006c,0x00000000,0x00000000,0,0,0000000000000000000000f58001b00000000000000000
1082,0x00000000000,0x00000000000,0x03d80008c,0x00000000,0x00000000,0,0,0000000000000000000000f60002300000000000000000
1083,0x00000000000,0x00000000000,0x03da000ac,0x00000000,0x2e6e5061,0,0,0000000000000000000000f68002b000000002e6e50610
1084,0x00000000000,0x00000000000,0x03dc000cc,0x1e1d3d04,0x00000000,0,0,0000000000000000000000f7000330f0e9e82000000000
1085,0x00000000000,0x00000000000,0x24705a503,0x00000000,0x00000000,0,0,00000000000000000000091c16940c0000000000000000
1086,0x00000000000,0x00000000000,0x02ba00d6b,0x09088862,0x00000000,0,0,0000000000000000000000ae8035ac4844431000000000
1087,0x00000000000,0x00000000000,0x03de000ec,0x00000000,0x00000000,0,0,0000000000000000000000f78003b00000000000000000
1088,0x00000000000,0x00000000000,0x000000000,0x1e3d7d44,0x00000000,0,0,000000000000000000000000000000f1ebea2000000000
1089,0x00000000000,0x00000000000,0x24725a543,0x00000000,0x2eae9061,0,0,00000000000000000000091c96950c00000002eae90610
1090,0x00000000000,0x00000000000,0x000000000,0x1e5dbd84,0x00000000,0,0,000000000000000000000000000000f2edec2000000000
1091,0x00000000000,0x00000000000,0x000000000,0x00000000,0x00000000,0,0,0000000000000000000000000000000000000000000000
1092,0x00000000000,0x00000000000,0x02bc00dab,0x00000000,0x00000000,0,0,0000000000000000000000af0036ac0000000000000000
1093,0x00000000000,0x00000000000,0x24745a583,0x094908e2,0x00000000,0,0,00000000000000000000091d16960c4a48471000000000
1094,0x00000000000,0x00000000000,0x000000000,0x1e7dfdc4,0x00000000,0,0,000000000000000000000000000000f3efee2000000000
1095,0x00000000000,0x000000880e3,0x000000000,0x1e9e3e04,0x2eeed061,0,0,0000000000000000880e3000000000f4f1f022eeed0610
1096,0x00000000000,0x00000000000,0x000000000,0x00000000,0x00000000,0,0,0000000000000000000000000000000000000000000000
1097,0x00000000000,0x00000000000,0x24765a5c3,0x00000000,0x00000000,0,0,00000000000000000000091d96970c0000000000000000
1098,0x00000000000,0x00000000000,0x02be00deb,0x0c8bab82,0x00000000,0,0,0000000000000000000000af8037ac645d5c1000000000
1099,0x00000000000,0x000000890e7,0x000000000,0x00000000,0x00000000,0,0,0000000000000000890e70000000000000000000000000
1100,0x00000000000,0x00000000000,0x000000000,0x09694922,0x00000000,0,0,0000000000000000000000000000004b4a491000000000
1101,0x00000000000,0x00000000000,0x24785a603,0x1ebe7e44,0x00000000,0,0,00000000000000000000091e16980cf5f3f22000000000
1102,0x00000000000,0x00000000000,0x000000000,0x00000000,0x00000000,0,0,0000000000000000000000000000000000000000000000
1103,0x00000000000,0x0000008a0eb,0x000000000,0x00000000,0x00000000,0,0,00000000000000008a0eb0000000000000000000000000
1104,0x00000000000,0x00000000000,0x000000000,0x00000000,0x00000000,0,0,0000000000000000000000000000000000000000000000
1105,0x00000000000,0x00000000000,0x247a5a643,0x00000000,0x00000000,0,0,00000000000000000000091e96990c0000000000000000
1106,0x00000000000,0x00000000000,0x000000000,0x00000000,0x00000000,0,0,0000000000000000000000000000000000000000000000
1107,0x00000000000,0x0000008b0ef,0x02c000e2b,0x00000000,0x29896009,0,0,00000000000000008b0ef0b00038ac0000000298960090
1108,0x00000000000,0x00000000000,0x000000000,0x1edebe84,0x00000000,0,0,000000000000000000000000000000f6f5f42000000000
1109,0x00000000000,0x00000000000,0x000000000,0x00000000,0x00000000,0,0,0000000000000000000000000000000000000000000000
1110,0x00000000000,0x00000000000,0x000000000,0x0cabebc2,0x00000000,0,0,000000000000000000000000000000655f5e1000000000
1111,0x00000000000,0x0000008c0f3,0x000000000,0x00000000,0x00000000,0,0,00000000000000008c0f30000000000000000000000000
1112,0x00000000000,0x00000000000,0x000000000,0x00000000,0x00000000,0,0,0000000000000000000000000000000000000000000000
1113,0x00000000000,0x00000000000,0x02c200e6b,0x00000000,0x00000000,0,0,0000000000000000000000b08039ac0000000000000000
1114,0x00000000000,0x00000000000,0x000000000,0x00000000,0x00000000,0,0,0000000000000000000000000000000000000000000000
1115,0x00000000000,0x0000008d0f7,0x000000000,0x00000000,0x00000000,0,0,00000000000000008d0f70000000000000000000000000
1116,0x00000000000,0x00000000000,0x000000000,0x00000000,0x00000000,0,0,0000000000000000000000000000000000000000000000
1117,0x00000000000,0x00000000000,0x000000000,0x0d0cac82,0x00000000,0,0,0000000000000000000000000000006865641000000000
1118,0x00000000000,0x00000000000,0x047c5a683,0x00000000,0x00000000,0,0,00000000000000000000011f169a0c0000000000000000
1119,0x00000000000,0x00000000000,0x047e5a6c3,0x00000000,0x00000000,0,0,00000000000000000000011f969b0c0000000000000000
1120,0x00000000000,0x00000000000,0x02c400eab,0x00000000,0x00000000,0,0,0000000000000000000000b1003aac0000000000000000
1121,0x00000000000,0x00000000000,0x0510f5003,0x00000000,0x00000000,0,0,0000000000000000000001443d400c0000000000000000
1122,0x00000000000,0x00000000000,0x0514f5023,0x00000000,0x00000000,0,0,0000000000000000000001453d408c0000000000000000
1123,0x00000000000,0x00000000000,0x0518f5043,0x00000000,0x00000000,0,0,0000000000000000000001463d410c0000000000000000
1124,0x00000000000,0x00000000000,0x051cf5063,0x00000000,0x00000000,0,0,0000000000000000000001473d418c0000000000000000
1125,0x00000000000,0x0000008e0fb,0x02c600eeb,0x00000000,0x00000000,0,0,00000000000000008e0fb0b1803bac0000000000000000
1126,0x000000c8083,0x0000008f0ff,0x0520f5083,0x0ccc2c02,0x00000000,0,0,0000032020c000008f0ff1483d420c6661601000000000
1127,0x000000c9087,0x00000000000,0x0524f50a3,0x00000000,0x00000000,0,0,0000032421c00000000001493d428c0000000000000000
1128,0x000000cb08f,0x00000000000,0x0528f50c3,0x00000000,0x31311061,0,0,0000032c23c000000000014a3d430c0000000313110610
1129,0x000000ca08b,0x00000000000,0x04b098903,0x00000000,0x00000000,0,0,0000032822c000000000012c26240c0000000000000000
1130,0x000000cd097,0x00000000000,0x04b298943,0x00000000,0x00000000,0,0,0000033425c000000000012ca6250c0000000000000000
1131,0x000000cc093,0x00000000000,0x04b498983,0x00000000,0x00000000,0,0,0000033024c000000000012d26260c0000000000000000
1132,0x000000ce09b,0x00000000000,0x04b6989c3,0x00000000,0x00000000,0,0,0000033826c000000000012da6270c0000000000000000
1133,0x000000cf09f,0x00000000000,0x04b898a03,0x00000000,0x00000000,0,0,0000033c27c000000000012e26280c0000000000000000
1134,0x00000000000,0x00000000000,0x04ba98a43,0x00000000,0x31b19061,0,0,00000000000000000000012ea6290c000000031b190610
1135,0x00000000000,0x00000000000,0x04bc98a83,0x00000000,0x00000000,0,0,00000000000000000000012f262a0c0000000000000000
1136,0x00000000000,0x00000090163,0x24be98ac3,0x00000000,0x00000000,0,0,00000000000000009016392fa62b0c0000000000000000
1137,0x00000000000,0x00000091167,0x02120044c,0x0cec6c42,0x00000000,0,0,0000000000000000911670848011306763621000000000
1138,0x00000000000,0x0000009216b,0x020e0040c,0x00000000,0x00000000,0,0,00000000000000009216b0838010300000000000000000
1139,0x00000000000,0x0000009316f,0x02100042c,0x00000000,0x00000000,0,0,00000000000000009316f0840010b00000000000000000
1140,0x00000000000,0x00000094173,0x252cf50e3,0x00000000,0x31715061,0,0,00000000000000009417394b3d438c0000000317150610
1141,0x00000000000,0x00000095177,0x02140046c,0x00000000,0x00000000,0,0,0000000000000000951770850011b00000000000000000
1142,0x00000000000,0x0000009617b,0x02160048c,0x00000000,0x00000000,0,0,00000000000000009617b0858012300000000000000000
1143,0x00000000000,0x00000000000,0x0218004ac,0x00000000,0x00000000,0,0,0000000000000000000000860012b00000000000000000
1144,0x00000000000,0x00000000000,0x255133403,0x0d2cecc2,0x00000000,0,0,0000000000000000000009544cd00c6967661000000000
1145,0x00000000000,0x00000000000,0x021a004cc,0x00000000,0x00000000,0,0,0000000000000000000000868013300000000000000000
1146,0x000000d0103,0x0000009717f,0x000000000,0x01e100e4,0x31f1d061,0,0,0000034040c000009717f0000000000f0807231f1d0610
1147,0x000000d1107,0x00000000000,0x021c004ec,0x00000000,0x00000000,0,0,0000034441c00000000000870013b00000000000000000
1148,0x000000d210b,0x00000000000,0x255533423,0x00000000,0x00000000,0,0,0000034842c00000000009554cd08c0000000000000000
1149,0x000000d310f,0x00000000000,0x024c0080c,0x02014124,0x00000000,0,0,0000034c43c0000000000093002030100a092000000000
1150,0x000000d4113,0x00000000000,0x024e0082c,0x02218164,0x00000000,0,0,0000035044c00000000000938020b0110c0b2000000000
1151,0x000000d5117,0x00000000000,0x02500084c,0x0d4d2d02,0x00000000,0,0,0000035445c00000000000940021306a69681000000000
1152,0x000000d611b,0x00000000000,0x255933443,0x00000000,0x32321061,0,0,0000035846c00000000009564cd10c0000000323210610
1153,0x000000d711f,0x00000000000,0x02520086c,0x00000000,0x00000000,0,0,0000035c47c00000000000948021b00000000000000000
1154,0x00000000000,0x00000000000,0x0256008ac,0x0241c1a4,0x00000000,0,0,0000000000000000000000958022b0120e0d2000000000
1155,0x00000000000,0x00000000000,0x02540088c,0x00000000,0x00000000,0,0,0000000000000000000000950022300000000000000000
1156,0x00000000000,0x00000000000,0x255d33463,0x026201e4,0x00000000,0,0,0000000000000000000009574cd18c13100f2000000000
1157,0x00000000000,0x00000000000,0x0258008cc,0x05c4e4c4,0x00000000,0,0,0000000000000000000000960023302e27262000000000
1158,0x00000000000,0x00000000000,0x02f60112b,0x00000000,0x2d6d4009,0,0,0000000000000000000000bd8044ac00000002d6d40090
1159,0x00000000000,0x00000000000,0x025a008ec,0x00000000,0x32725061,0,0,0000000000000000000000968023b00000000327250610
1160,0x00000000000,0x00000000000,0x256133483,0x00000000,0x00000000,0,0,0000000000000000000009584cd20c0000000000000000
1161,0x00000000000,0x00000000000,0x000000000,0x02824224,0x00000000,0,0,0000000000000000000000000000001412112000000000
1162,0x00000000000,0x00000000000,0x000000000,0x05e52504,0x00000000,0,0,0000000000000000000000000000002f29282000000000
1163,0x00000000000,0x00000000000,0x000000000,0x06056544,0x00000000,0,0,000000000000000000000000000000302b2a2000000000
1164,0x00000000000,0x00000000000,0x02fa011ab,0x00000000,0x00000000,0,0,0000000000000000000000be8046ac0000000000000000
1165,0x00000000000,0x00000000000,0x2565334a3,0x00000000,0x32b29061,0,0,0000000000000000000009594cd28c000000032b290610
1166,0x00000000000,0x00000000000,0x000000000,0x0625a584,0x00000000,0,0,000000000000000000000000000000312d2c2000000000
1167,0x00000000000,0x00000000000,0x000000000,0x00000000,0x00000000,0,0,0000000000000000000000000000000000000000000000
1168,0x00000000000,0x00000000000,0x000000000,0x02a28264,0x00000000,0,0,0000000000000000000000000000001514132000000000
1169,0x00000000000,0x00000000000,0x2569334c3,0x0645e5c4,0x00000000,0,0,00000000000000000000095a4cd30c322f2e2000000000
1170,0x00000000000,0x00000000000,0x02f80116b,0x00000000,0x00000000,0,0,0000000000000000000000be0045ac0000000000000000
1171,0x00000000000,0x00000000000,0x000000000,0x00000000,0x32f2d061,0,0,000000000000000000000000000000000000032f2d0610
1172,0x00000000000,0x00000000000,0x000000000,0x00000000,0x00000000,0,0,0000000000000000000000000000000000000000000000
1173,0x00000000000,0x00000000000,0x256d334e3,0x00000000,0x00000000,0,0,00000000000000000000095b4cd38c0000000000000000
1174,0x00000000000,0x00000000000,0x000000000,0x06662604,0x00000000,0,0,0000000000000000000000000000003331302000000000
1175,0x00000000000,0x00000000000,0x000000000,0x00000000,0x00000000,0,0,0000000000000000000000000000000000000000000000
1176,0x00000000000,0x00000000000,0x02fc011eb,0x00000000,0x00000000,0,0,0000000000000000000000bf0047ac0000000000000000
1177,0x00000000000,0x00000000000,0x259571823,0x00000000,0x35351061,0,0,0000000000000000000009655c608c0000000353510610
1178,0x00000000000,0x00000000000,0x000000000,0x00000000,0x00000000,0,0,0000000000000000000000000000000000000000000000
1179,0x00000000000,0x00000000000,0x000000000,0x00000000,0x00000000,0,0,0000000000000000000000000000000000000000000000
1180,0x00000000000,0x00000000000,0x000000000,0x00000000,0x00000000,0,0,0000000000000000000000000000000000000000000000
1181,0x00000000000,0x00000000000,0x24f0d6d03,0x00000000,0x00000000,0,0,00000000000000000000093c35b40c0000000000000000
1182,0x00000000000,0x00000000000,0x02fe0122b,0x106f8f62,0x00000000,0,0,0000000000000000000000bf8048ac837c7b1000000000
1183,0x00000000000,0x00000000000,0x000000000,0x06866644,0x35755061,0,0,0000000000000000000000000000003433322357550610
1184,0x00000000000,0x00000000000,0x000000000,0x00000000,0x00000000,0,0,0000000000000000000000000000000000000000000000
1185,0x00000000000,0x00000000000,0x24f4d6d83,0x00000000,0x00000000,0,0,00000000000000000000093d35b60c0000000000000000
1186,0x00000000000,0x00000000000,0x000000000,0x00000000,0x00000000,0,0,0000000000000000000000000000000000000000000000
1187,0x00000000000,0x00000000000,0x000000000,0x00000000,0x00000000,0,0,0000000000000000000000000000000000000000000000
1188,0x00000000000,0x00000000000,0x000000000,0x108fcfa2,0x00000000,0,0,000000000000000000000000000000847e7d1000000000
1189,0x00000000000,0x00000000000,0x24f2d6d43,0x00000000,0x35b59061,0,0,00000000000000000000093cb5b50c000000035b590610
1190,0x00000000000,0x00000000000,0x03000126b,0x00000000,0x00000000,0,0,0000000000000000000000c00049ac0000000000000000
1191,0x00000000000,0x000000981e3,0x000000000,0x00000000,0x00000000,0,0,0000000000000000981e30000000000000000000000000
1192,0x00000000000,0x00000000000,0x000000000,0x00000000,0x00000000,0,0,0000000000000000000000000000000000000000000000
1193,0x00000000000,0x00000000000,0x24f6d6dc3,0x00000000,0x00000000,0,0,00000000000000000000093db5b70c0000000000000000
1194,0x00000000000,0x00000000000,0x000000000,0x00000000,0x00000000,0,0,0000000000000000000000000000000000000000000000
1195,0x00000000000,0x0000009a1eb,0x0302012ab,0x10f09062,0x36361061,0,0,00000000000000009a1eb0c0804aac8784831363610610
1196,0x00000000000,0x00000000000,0x000000000,0x00000000,0x00000000,0,0,0000000000000000000000000000000000000000000000
1197,0x00000000000,0x00000000000,0x24f8d6e03,0x00000000,0x00000000,0,0,00000000000000000000093e35b80c0000000000000000
1198,0x00000000000,0x00000000000,0x000000000,0x00000000,0x00000000,0,0,0000000000000000000000000000000000000000000000
1199,0x00000000000,0x000000991e7,0x000000000,0x00000000,0x00000000,0,0,0000000000000000991e70000000000000000000000000
1200,0x00000000000,0x00000000000,0x000000000,0x00000000,0x00000000,0,0,0000000000000000000000000000000000000000000000
1201,0x00000000000,0x00000000000,0x24fad6e43,0x00000000,0x36b69061,0,0,00000000000000000000093eb5b90c000000036b690610
1202,0x00000000000,0x00000000000,0x0304012eb,0x10b00fe2,0x00000000,0,0,0000000000000000000000c1004bac85807f1000000000
1203,0x00000000000,0x0000009b1ef,0x000000000,0x00000000,0x00000000,0,0,00000000000000009b1ef0000000000000000000000000
1204,0x00000000000,0x00000000000,0x000000000,0x00000000,0x00000000,0,0,0000000000000000000000000000000000000000000000
1205,0x00000000000,0x00000000000,0x24fcd6e83,0x00000000,0x00000000,0,0,00000000000000000000093f35ba0c0000000000000000
1206,0x00000000000,0x00000000000,0x000000000,0x00000000,0x00000000,0,0,0000000000000000000000000000000000000000000000
1207,0x00000000000,0x0000009c1f3,0x03340152b,0x00000000,0x35f5d061,0,0,00000000000000009c1f30cd0054ac000000035f5d0610
1208,0x00000000000,0x00000000000,0x000000000,0x00000000,0x00000000,0,0,0000000000000000000000000000000000000000000000
1209,0x00000000000,0x00000000000,0x24fed6ec3,0x00000000,0x00000000,0,0,00000000000000000000093fb5bb0c0000000000000000
1210,0x00000000000,0x00000000000,0x000000000,0x00000000,0x00000000,0,0,0000000000000000000000000000000000000000000000
1211,0x00000000000,0x0000009d1f7,0x000000000,0x00000000,0x00000000,0,0,00000000000000009d1f70000000000000000000000000
1212,0x00000000000,0x00000000000,0x000000000,0x00000000,0x00000000,0,0,0000000000000000000000000000000000000000000000
1213,0x00000000000,0x00000000000,0x03360156b,0x00000000,0x36765061,0,0,0000000000000000000000cd8055ac0000000367650610
1214,0x00000000000,0x00000000000,0x259171803,0x10d05022,0x00000000,0,0,0000000000000000000009645c600c8682811000000000
1215,0x00000000000,0x0000009e1fb,0x000000000,0x00000000,0x00000000,0,0,00000000000000009e1fb0000000000000000000000000
1216,0x00000000000,0x00000000000,0x000000000,0x00000000,0x00000000,0,0,0000000000000000000000000000000000000000000000
1217,0x00000000000,0x00000000000,0x000000000,0x00000000,0x00000000,0,0,0000000000000000000000000000000000000000000000
1218,0x00000000000,0x00000000000,0x259971843,0x00000000,0x00000000,0,0,0000000000000000000009665c610c0000000000000000
1219,0x000000d8183,0x0000009f1ff,0x0338015ab,0x00000000,0x36f6d061,0,0,0000036060c000009f1ff0ce0056ac000000036f6d0610
1220,0x000000d9187,0x00000000000,0x000000000,0x00000000,0x00000000,0,0,0000036461c00000000000000000000000000000000000
1221,0x000000da18b,0x00000000000,0x000000000,0x1110d0a2,0x00000000,0,0,0000036862c00000000000000000008886851000000000
1222,0x000000db18f,0x00000000000,0x259d71863,0x00000000,0x00000000,0,0,0000036c63c00000000009675c618c0000000000000000
1223,0x000000dc193,0x00000000000,0x028a00c0c,0x00000000,0x00000000,0,0,0000037064c00000000000a28030300000000000000000
1224,0x000000dd197,0x00000000000,0x028c00c2c,0x00000000,0x00000000,0,0,0000037465c00000000000a30030b00000000000000000
1225,0x000000de19b,0x00000000000,0x033c0162b,0x14537342,0x39391061,0,0,0000037866c00000000000cf0058aca29b9a1393910610
1226,0x000000df19f,0x00000000000,0x25a171883,0x00000000,0x00000000,0,0,0000037c67c00000000009685c620c0000000000000000
1227,0x00000000000,0x00000000000,0x028e00c4c,0x00000000,0x00000000,0,0,0000000000000000000000a38031300000000000000000
1228,0x00000000000,0x00000000000,0x029000c6c,0x113110e2,0x00000000,0,0,0000000000000000000000a40031b08988871000000000
1229,0x00000000000,0x00000000000,0x029200c8c,0x00000000,0x00000000,0,0,0000000000000000000000a48032300000000000000000
1230,0x00000000000,0x00000000000,0x25a5718a3,0x00000000,0x00000000,0,0,0000000000000000000009695c628c0000000000000000
1231,0x00000000000,0x00000000000,0x0340016ab,0x09a8c8a4,0x39795061,0,0,0000000000000000000000d0005aac4d46452397950610
1232,0x00000000000,0x00000000000,0x029400cac,0x00000000,0x00000000,0,0,0000000000000000000000a50032b00000000000000000
1233,0x00000000000,0x00000000000,0x029600ccc,0x00000000,0x00000000,0,0,0000000000000000000000a58033300000000000000000
1234,0x00000000000,0x00000000000,0x25a9718c3,0x00000000,0x00000000,0,0,00000000000000000000096a5c630c0000000000000000
1235,0x00000000000,0x00000000000,0x029800cec,0x09c908e4,0x31512009,0,0,0000000000000000000000a60033b04e48472315120090
1236,0x00000000000,0x00000000000,0x000000000,0x00000000,0x00000000,0,0,0000000000000000000000000000000000000000000000
1237,0x00000000000,0x00000000000,0x033a015eb,0x00000000,0x39b99061,0,0,0000000000000000000000ce8057ac000000039b990610
1238,0x00000000000,0x00000000000,0x25ad718e3,0x00000000,0x00000000,0,0,00000000000000000000096b5c638c0000000000000000
1239,0x00000000000,0x00000000000,0x000000000,0x09e94924,0x00000000,0,0,0000000000000000000000000000004f4a492000000000
1240,0x00000000000,0x00000000000,0x000000000,0x00000000,0x00000000,0,0,0000000000000000000000000000000000000000000000
1241,0x00000000000,0x00000000000,0x000000000,0x00000000,0x00000000,0,0,0000000000000000000000000000000000000000000000
1242,0x00000000000,0x00000000000,0x25d1afc03,0x00000000,0x00000000,0,0,0000000000000000000009746bf00c0000000000000000
1243,0x00000000000,0x00000000000,0x033e0166b,0x0a098964,0x39f9d061,0,0,0000000000000000000000cf8059ac504c4b239f9d0610
1244,0x00000000000,0x00000000000,0x000000000,0x0a29c9a4,0x00000000,0,0,000000000000000000000000000000514e4d2000000000
1245,0x00000000000,0x00000000000,0x000000000,0x00000000,0x00000000,0,0,0000000000000000000000000000000000000000000000
1246,0x00000000000,0x00000000000,0x25d5afc23,0x00000000,0x00000000,0,0,0000000000000000000009756bf08c0000000000000000
1247,0x00000000000,0x00000000000,0x000000000,0x00000000,0x00000000,0,0,0000000000000000000000000000000000000000000000
1248,0x00000000000,0x00000000000,0x000000000,0x00000000,0x00000000,0,0,0000000000000000000000000000000000000000000000
1249,0x00000000000,0x00000000000,0x0342016eb,0x1473b382,0x3a3a1061,0,0,0000000000000000000000d0805baca39d9c13a3a10610
1250,0x00000000000,0x00000000000,0x25d9afc43,0x00000000,0x00000000,0,0,0000000000000000000009766bf10c0000000000000000
1251,0x00000000000,0x00000000000,0x000000000,0x0a4a09e4,0x00000000,0,0,00000000000000000000000000000052504f2000000000
1252,0x00000000000,0x00000000000,0x000000000,0x00000000,0x00000000,0,0,0000000000000000000000000000000000000000000000
1253,0x00000000000,0x00000000000,0x000000000,0x00000000,0x00000000,0,0,0000000000000000000000000000000000000000000000
1254,0x00000000000,0x00000000000,0x25ddafc63,0x00000000,0x00000000,0,0,0000000000000000000009776bf18c0000000000000000
1255,0x00000000000,0x00000000000,0x03720192b,0x1493f3c2,0x3a7a5061,0,0,0000000000000000000000dc8064aca49f9e13a7a50610
1256,0x00000000000,0x00000000000,0x000000000,0x14d47442,0x00000000,0,0,000000000000000000000000000000a6a3a21000000000
1257,0x00000000000,0x00000000000,0x000000000,0x00000000,0x00000000,0,0,0000000000000000000000000000000000000000000000
1258,0x00000000000,0x00000000000,0x253115103,0x00000000,0x00000000,0,0,00000000000000000000094c45440c0000000000000000
1259,0x00000000000,0x00000000000,0x000000000,0x0a6a4a24,0x00000000,0,0,0000000000000000000000000000005352512000000000
1260,0x00000000000,0x00000000000,0x000000000,0x00000000,0x00000000,0,0,0000000000000000000000000000000000000000000000
1261,0x00000000000,0x00000000000,0x03740196b,0x14b43402,0x3aba9061,0,0,0000000000000000000000dd0065aca5a1a013aba90610
1262,0x00000000000,0x00000000000,0x253315143,0x00000000,0x00000000,0,0,00000000000000000000094cc5450c0000000000000000
1263,0x00000000000,0x00000000000,0x000000000,0x00000000,0x00000000,0,0,0000000000000000000000000000000000000000000000
1264,0x00000000000,0x00000000000,0x000000000,0x00000000,0x00000000,0,0,0000000000000000000000000000000000000000000000
1265,0x00000000000,0x00000000000,0x000000000,0x00000000,0x00000000,0,0,0000000000000000000000000000000000000000000000
1266,0x00000000000,0x00000000000,0x253515183,0x00000000,0x00000000,0,0,00000000000000000000094d45460c0000000000000000
1267,0x00000000000,0x00000000000,0x0376019ab,0x00000000,0x3afad061,0,0,0000000000000000000000dd8066ac00000003afad0610
1268,0x00000000000,0x000000a0263,0x000000000,0x14f4b482,0x00000000,0,0,0000000000000000a0263000000000a7a5a41000000000
1269,0x00000000000,0x00000000000,0x000000000,0x00000000,0x00000000,0,0,0000000000000000000000000000000000000000000000
1270,0x00000000000,0x00000000000,0x2537151c3,0x00000000,0x00000000,0,0,00000000000000000000094dc5470c0000000000000000
1271,0x00000000000,0x00000000000,0x000000000,0x00000000,0x00000000,0,0,0000000000000000000000000000000000000000000000
1272,0x00000000000,0x000000a1267,0x000000000,0x00000000,0x00000000,0,0,0000000000000000a12670000000000000000000000000
1273,0x00000000000,0x00000000000,0x0378019eb,0x18375722,0x3d3d1061,0,0,0000000000000000000000de0067acc1bab913d3d10610
1274,0x00000000000,0x00000000000,0x253915203,0x00000000,0x00000000,0,0,00000000000000000000094e45480c0000000000000000
1275,0x00000000000,0x00000000000,0x000000000,0x1514f4c2,0x00000000,0,0,000000000000000000000000000000a8a7a61000000000
1276,0x00000000000,0x000000a226b,0x000000000,0x00000000,0x00000000,0,0,0000000000000000a226b0000000000000000000000000
1277,0x00000000000,0x00000000000,0x000000000,0x00000000,0x00000000,0,0,0000000000000000000000000000000000000000000000
1278,0x00000000000,0x00000000000,0x253b15243,0x00000000,0x00000000,0,0,00000000000000000000094ec5490c0000000000000000
1279,0x00000000000,0x00000000000,0x037a01a2b,0x00000000,0x3d7d5061,0,0,0000000000000000000000de8068ac00000003d7d50610
1280,0x00000000000,0x000000a326f,0x000000000,0x00000000,0x00000000,0,0,0000000000000000a326f0000000000000000000000000
1281,0x00000000000,0x00000000000,0x000000000,0x00000000,0x00000000,0,0,0000000000000000000000000000000000000000000000
1282,0x00000000000,0x00000000000,0x253d15283,0x00000000,0x35350009,0,0,00000000000000000000094f454a0c0000000353500090
1283,0x00000000000,0x00000000000,0x000000000,0x00000000,0x00000000,0,0,0000000000000000000000000000000000000000000000
1284,0x00000000000,0x000000a4273,0x000000000,0x00000000,0x00000000,0,0,0000000000000000a42730000000000000000000000000
1285,0x00000000000,0x00000000000,0x037c01a6b,0x18579762,0x3dbd9061,0,0,0000000000000000000000df0069acc2bcbb13dbd90610
1286,0x00000000000,0x00000000000,0x253f152c3,0x00000000,0x00000000,0,0,00000000000000000000094fc54b0c0000000000000000
1287,0x00000000000,0x00000000000,0x000000000,0x00000000,0x00000000,0,0,0000000000000000000000000000000000000000000000
1288,0x00000000000,0x000000a5277,0x000000000,0x00000000,0x00000000,0,0,0000000000000000a52770000000000000000000000000
1289,0x00000000000,0x00000000000,0x000000000,0x00000000,0x00000000,0,0,0000000000000000000000000000000000000000000000
1290,0x00000000000,0x00000000000,0x25e1afc83,0x00000000,0x00000000,0,0,0000000000000000000009786bf20c0000000000000000
1291,0x00000000000,0x00000000000,0x037e01aab,0x00000000,0x3dfdd061,0,0,0000000000000000000000df806aac00000003dfdd0610
1292,0x00000000000,0x000000a627b,0x000000000,0x18b85822,0x00000000,0,0,0000000000000000a627b000000000c5c2c11000000000
1293,0x00000000000,0x00000000000,0x000000000,0x00000000,0x00000000,0,0,0000000000000000000000000000000000000000000000
1294,0x00000000000,0x00000000000,0x25e5afca3,0x00000000,0x00000000,0,0,0000000000000000000009796bf28c0000000000000000
1295,0x00000000000,0x00000000000,0x000000000,0x00000000,0x00000000,0,0,0000000000000000000000000000000000000000000000
1296,0x000000e0203,0x000000a727f,0x000000000,0x00000000,0x00000000,0,0,0000038080c00000a727f0000000000000000000000000
1297,0x000000e1207,0x00000000000,0x038001aeb,0x1877d7a2,0x00000000,0,0,0000038481c00000000000e0006bacc3bebd1000000000
1298,0x000000e220b,0x00000000000,0x25e9afcc3,0x00000000,0x00000000,0,0,0000038882c000000000097a6bf30c0000000000000000
1299,0x000000e320f,0x00000000000,0x02c80100c,0x00000000,0x00000000,0,0,0000038c83c00000000000b20040300000000000000000
1300,0x000000e4213,0x00000000000,0x02ca0102c,0x00000000,0x3e3e1061,0,0,0000039084c00000000000b28040b000000003e3e10610
1301,0x000000e5217,0x00000000000,0x02cc0104c,0x00000000,0x00000000,0,0,0000039485c00000000000b30041300000000000000000
1302,0x000000e621b,0x00000000000,0x25edafce3,0x00000000,0x00000000,0,0,0000039886c000000000097b6bf38c0000000000000000
1303,0x000000e721f,0x00000000000,0x03b001d2b,0x00000000,0x00000000,0,0,0000039c87c00000000000ec0074ac0000000000000000
1304,0x00000000000,0x00000000000,0x02ce0106c,0x00000000,0x00000000,0,0,0000000000000000000000b38041b00000000000000000
1305,0x00000000000,0x00000000000,0x02d00108c,0x00000000,0x00000000,0,0,0000000000000000000000b40042300000000000000000
1306,0x00000000000,0x00000000000,0x02d2010ac,0x00000000,0x3e7e5061,0,0,0000000000000000000000b48042b000000003e7e50610
1307,0x00000000000,0x00000000000,0x02d4010cc,0x0d8cac84,0x00000000,0,0,0000000000000000000000b50043306c65642000000000
1308,0x00000000000,0x00000000000,0x257153503,0x00000000,0x00000000,0,0,00000000000000000000095c54d40c0000000000000000
1309,0x00000000000,0x00000000000,0x03b201d6b,0x189817e2,0x00000000,0,0,0000000000000000000000ec8075acc4c0bf1000000000
1310,0x00000000000,0x00000000000,0x02d6010ec,0x00000000,0x00000000,0,0,0000000000000000000000b58043b00000000000000000
1311,0x00000000000,0x00000000000,0x000000000,0x0dacecc4,0x00000000,0,0,0000000000000000000000000000006d67662000000000
1312,0x00000000000,0x00000000000,0x257353543,0x00000000,0x3ebe9061,0,0,00000000000000000000095cd4d50c00000003ebe90610
1313,0x00000000000,0x00000000000,0x000000000,0x0dcd2d04,0x00000000,0,0,0000000000000000000000000000006e69682000000000
1314,0x00000000000,0x00000000000,0x000000000,0x00000000,0x00000000,0,0,0000000000000000000000000000000000000000000000
1315,0x00000000000,0x00000000000,0x03b401dab,0x00000000,0x00000000,0,0,0000000000000000000000ed0076ac0000000000000000
1316,0x00000000000,0x00000000000,0x257553583,0x18d89862,0x00000000,0,0,00000000000000000000095d54d60cc6c4c31000000000
1317,0x00000000000,0x00000000000,0x000000000,0x0ded6d44,0x00000000,0,0,0000000000000000000000000000006f6b6a2000000000
1318,0x00000000000,0x000000a82e3,0x000000000,0x0e0dad84,0x3efed061,0,0,0000000000000000a82e3000000000706d6c23efed0610
1319,0x00000000000,0x00000000000,0x000000000,0x00000000,0x00000000,0,0,0000000000000000000000000000000000000000000000
1320,0x00000000000,0x00000000000,0x2577535c3,0x00000000,0x00000000,0,0,00000000000000000000095dd4d70c0000000000000000
1321,0x00000000000,0x00000000000,0x03b601deb,0x1c1b3b02,0x00000000,0,0,0000000000000000000000ed8077ace0d9d81000000000
1322,0x00000000000,0x000000a92e7,0x000000000,0x00000000,0x00000000,0,0,0000000000000000a92e70000000000000000000000000
1323,0x00000000000,0x00000000000,0x000000000,0x18f8d8a2,0x00000000,0,0,000000000000000000000000000000c7c6c51000000000
1324,0x00000000000,0x00000000000,0x257953603,0x0e2dedc4,0x00000000,0,0,00000000000000000000095e54d80c716f6e2000000000
1325,0x00000000000,0x00000000000,0x000000000,0x00000000,0x00000000,0,0,0000000000000000000000000000000000000000000000
1326,0x00000000000,0x000000aa2eb,0x000000000,0x00000000,0x00000000,0,0,0000000000000000aa2eb0000000000000000000000000
1327,0x00000000000,0x00000000000,0x000000000,0x00000000,0x00000000,0,0,0000000000000000000000000000000000000000000000
1328,0x00000000000,0x00000000000,0x257b53643,0x00000000,0x00000000,0,0,00000000000000000000095ed4d90c0000000000000000
1329,0x00000000000,0x00000000000,0x000000000,0x00000000,0x00000000,0,0,0000000000000000000000000000000000000000000000
1330,0x00000000000,0x000000ab2ef,0x03b801e2b,0x00000000,0x3918e009,0,0,0000000000000000ab2ef0ee0078ac00000003918e0090
1331,0x00000000000,0x00000000000,0x000000000,0x0e4e2e04,0x00000000,0,0,0000000000000000000000000000007271702000000000
1332,0x00000000000,0x00000000000,0x000000000,0x00000000,0x00000000,0,0,0000000000000000000000000000000000000000000000
1333,0x00000000000,0x00000000000,0x000000000,0x1c3b7b42,0x00000000,0,0,000000000000000000000000000000e1dbda1000000000
1334,0x00000000000,0x000000ac2f3,0x000000000,0x00000000,0x00000000,0,0,0000000000000000ac2f30000000000000000000000000
1335,0x00000000000,0x00000000000,0x000000000,0x00000000,0x00000000,0,0,0000000000000000000000000000000000000000000000
1336,0x00000000000,0x00000000000,0x03ba01e6b,0x00000000,0x00000000,0,0,0000000000000000000000ee8079ac0000000000000000
1337,0x00000000000,0x00000000000,0x000000000,0x00000000,0x00000000,0,0,0000000000000000000000000000000000000000000000
1338,0x00000000000,0x000000ad2f7,0x000000000,0x00000000,0x00000000,0,0,0000000000000000ad2f70000000000000000000000000
1339,0x00000000000,0x00000000000,0x000000000,0x00000000,0x00000000,0,0,0000000000000000000000000000000000000000000000
1340,0x00000000000,0x00000000000,0x000000000,0x1c9c3c02,0x00000000,0,0,000000000000000000000000000000e4e1e01000000000
1341,0x00000000000,0x00000000000,0x057d53683,0x00000000,0x00000000,0,0,00000000000000000000015f54da0c0000000000000000
1342,0x00000000000,0x00000000000,0x057f536c3,0x00000000,0x00000000,0,0,00000000000000000000015fd4db0c0000000000000000
1343,0x00000000000,0x00000000000,0x03bc01eab,0x00000000,0x00000000,0,0,0000000000000000000000ef007aac0000000000000000
1344,0x00000000000,0x00000000000,0x0411ec003,0x00000000,0x00000000,0,0,0000000000000000000001047b000c0000000000000000
1345,0x00000000000,0x00000000000,0x0415ec023,0x00000000,0x00000000,0,0,0000000000000000000001057b008c0000000000000000
1346,0x00000000000,0x00000000000,0x0419ec043,0x00000000,0x00000000,0,0,0000000000000000000001067b010c0000000000000000
1347,0x00000000000,0x00000000000,0x041dec063,0x00000000,0x00000000,0,0,0000000000000000000001077b018c0000000000000000
1348,0x00000000000,0x000000ae2fb,0x03be01eeb,0x00000000,0x00000000,0,0,0000000000000000ae2fb0ef807bac0000000000000000
1349,0x000000e8283,0x000000af2ff,0x0421ec083,0x1c5bbb82,0x00000000,0,0,000003a0a0c00000af2ff1087b020ce2dddc1000000000
1350,0x000000e9287,0x00000000000,0x0425ec0a3,0x00000000,0x00000000,0,0,000003a4a1c00000000001097b028c0000000000000000
1351,0x000000eb28f,0x00000000000,0x0429ec0c3,0x00000000,0x21211061,0,0,000003aca3c000000000010a7b030c0000000212110610
1352,0x000000ea28b,0x00000000000,0x05b191903,0x00000000,0x00000000,0,0,000003a8a2c000000000016c64640c0000000000000000
1353,0x000000ed297,0x00000000000,0x05b391943,0x00000000,0x00000000,0,0,000003b4a5c000000000016ce4650c0000000000000000
1354,0x000000ec293,0x00000000000,0x05b591983,0x00000000,0x00000000,0,0,000003b0a4c000000000016d64660c0000000000000000
1355,0x000000ee29b,0x00000000000,0x05b7919c3,0x00000000,0x00000000,0,0,000003b8a6c000000000016de4670c0000000000000000
1356,0x000000ef29f,0x00000000000,0x05b991a03,0x00000000,0x00000000,0,0,000003bca7c000000000016e64680c0000000000000000
1357,0x00000000000,0x00000000000,0x05bb91a43,0x00000000,0x21a19061,0,0,00000000000000000000016ee4690c000000021a190610
1358,0x00000000000,0x00000000000,0x05bd91a83,0x00000000,0x00000000,0,0,00000000000000000000016f646a0c0000000000000000
1359,0x00000000000,0x000000b0363,0x25bf91ac3,0x00000000,0x00000000,0,0,0000000000000000b036396fe46b0c0000000000000000
1360,0x00000000000,0x000000b1367,0x030a0144c,0x1c7bfbc2,0x00000000,0,0,0000000000000000b13670c2805130e3dfde1000000000
1361,0x00000000000,0x000000b236b,0x03060140c,0x00000000,0x00000000,0,0,0000000000000000b236b0c18050300000000000000000
1362,0x00000000000,0x000000b336f,0x03080142c,0x00000000,0x00000000,0,0,0000000000000000b336f0c20050b00000000000000000
1363,0x00000000000,0x000000b4373,0x242dec0e3,0x00000000,0x21615061,0,0,0000000000000000b437390b7b038c0000000216150610
1364,0x00000000000,0x000000b5377,0x030c0146c,0x00000000,0x00000000,0,0,0000000000000000b53770c30051b00000000000000000
1365,0x00000000000,0x000000b637b,0x030e0148c,0x00000000,0x00000000,0,0,0000000000000000b637b0c38052300000000000000000
1366,0x00000000000,0x00000000000,0x0310014ac,0x00000000,0x00000000,0,0,0000000000000000000000c40052b00000000000000000
1367,0x00000000000,0x00000000000,0x24502a403,0x1cbc7c42,0x00000000,0,0,0000000000000000000009140a900ce5e3e21000000000
1368,0x00000000000,0x00000000000,0x0312014cc,0x00000000,0x00000000,0,0,0000000000000000000000c48053300000000000000000
1369,0x000000f0303,0x000000b737f,0x000000000,0x11709064,0x21e1d061,0,0,000003c0c0c00000b737f0000000008b8483221e1d0610
1370,0x000000f1307,0x00000000000,0x0314014ec,0x00000000,0x00000000,0,0,000003c4c1c00000000000c50053b00000000000000000
1371,0x000000f230b,0x00000000000,0x24542a423,0x00000000,0x00000000,0,0,000003c8c2c00000000009150a908c0000000000000000
1372,0x000000f330f,0x00000000000,0x03440180c,0x1190d0a4,0x00000000,0,0,000003ccc3c00000000000d10060308c86852000000000
1373,0x000000f4313,0x00000000000,0x03460182c,0x11b110e4,0x00000000,0,0,000003d0c4c00000000000d18060b08d88872000000000
1374,0x000000f5317,0x00000000000,0x03480184c,0x1cdcbc82,0x00000000,0,0,000003d4c5c00000000000d2006130e6e5e41000000000
1375,0x000000f631b,0x00000000000,0x24582a443,0x00000000,0x22221061,0,0,000003d8c6c00000000009160a910c0000000222210610
1376,0x000000f731f,0x00000000000,0x034a0186c,0x00000000,0x00000000,0,0,000003dcc7c00000000000d28061b00000000000000000
1377,0x00000000000,0x00000000000,0x034e018ac,0x11d15124,0x00000000,0,0,0000000000000000000000d38062b08e8a892000000000
1378,0x00000000000,0x00000000000,0x034c0188c,0x00000000,0x00000000,0,0,0000000000000000000000d30062300000000000000000
1379,0x00000000000,0x00000000000,0x245c2a463,0x11f19164,0x00000000,0,0,0000000000000000000009170a918c8f8c8b2000000000
1380,0x00000000000,0x00000000000,0x0350018cc,0x15547444,0x00000000,0,0,0000000000000000000000d4006330aaa3a22000000000
1381,0x00000000000,0x00000000000,0x03ee0012b,0x00000000,0x3cfcc009,0,0,0000000000000000000000fb8004ac00000003cfcc0090
1382,0x00000000000,0x00000000000,0x0352018ec,0x00000000,0x22625061,0,0,0000000000000000000000d48063b00000000226250610
1383,0x00000000000,0x00000000000,0x24602a483,0x00000000,0x00000000,0,0,0000000000000000000009180a920c0000000000000000
1384,0x00000000000,0x00000000000,0x000000000,0x1211d1a4,0x00000000,0,0,000000000000000000000000000000908e8d2000000000
1385,0x00000000000,0x00000000000,0x000000000,0x1574b484,0x00000000,0,0,000000000000000000000000000000aba5a42000000000
1386,0x00000000000,0x00000000000,0x000000000,0x1594f4c4,0x00000000,0,0,000000000000000000000000000000aca7a62000000000
1387,0x00000000000,0x00000000000,0x03f2001ab,0x00000000,0x00000000,0,0,0000000000000000000000fc8006ac0000000000000000
1388,0x00000000000,0x00000000000,0x24642a4a3,0x00000000,0x22a29061,0,0,0000000000000000000009190a928c000000022a290610
1389,0x00000000000,0x00000000000,0x000000000,0x15b53504,0x00000000,0,0,000000000000000000000000000000ada9a82000000000
1390,0x00000000000,0x00000000000,0x000000000,0x00000000,0x00000000,0,0,0000000000000000000000000000000000000000000000
1391,0x00000000000,0x00000000000,0x000000000,0x123211e4,0x00000000,0,0,00000000000000000000000000000091908f2000000000
1392,0x00000000000,0x00000000000,0x24682a4c3,0x15d57544,0x00000000,0,0,00000000000000000000091a0a930caeabaa2000000000
1393,0x00000000000,0x00000000000,0x03f00016b,0x00000000,0x00000000,0,0,0000000000000000000000fc0005ac0000000000000000
1394,0x00000000000,0x00000000000,0x000000000,0x00000000,0x22e2d061,0,0,000000000000000000000000000000000000022e2d0610
1395,0x00000000000,0x00000000000,0x000000000,0x00000000,0x00000000,0,0,0000000000000000000000000000000000000000000000
1396,0x00000000000,0x00000000000,0x246c2a4e3,0x00000000,0x00000000,0,0,00000000000000000000091b0a938c0000000000000000
1397,0x00000000000,0x00000000000,0x000000000,0x15f5b584,0x00000000,0,0,000000000000000000000000000000afadac2000000000
1398,0x00000000000,0x00000000000,0x000000000,0x00000000,0x00000000,0,0,0000000000000000000000000000000000000000000000
1399,0x00000000000,0x00000000000,0x03f4001eb,0x00000000,0x00000000,0,0,0000000000000000000000fd0007ac0000000000000000
1400,0x00000000000,0x00000000000,0x249468823,0x00000000,0x25251061,0,0,0000000000000000000009251a208c0000000252510610
1401,0x00000000000,0x00000000000,0x000000000,0x00000000,0x00000000,0,0,0000000000000000000000000000000000000000000000
1402,0x00000000000,0x00000000000,0x000000000,0x00000000,0x00000000,0,0,0000000000000000000000000000000000000000000000
1403,0x00000000000,0x00000000000,0x000000000,0x00000000,0x00000000,0,0,0000000000000000000000000000000000000000000000
1404,0x00000000000,0x00000000000,0x25f1cfd03,0x00000000,0x00000000,0,0,00000000000000000000097c73f40c0000000000000000
1405,0x00000000000,0x00000000000,0x03f60022b,0x1fff1ee2,0x00000000,0,0,0000000000000000000000fd8008acfff8f71000000000
1406,0x00000000000,0x00000000000,0x000000000,0x1615f5c4,0x25655061,0,0,000000000000000000000000000000b0afae2256550610
1407,0x00000000000,0x00000000000,0x000000000,0x00000000,0x00000000,0,0,0000000000000000000000000000000000000000000000
1408,0x00000000000,0x00000000000,0x25f5cfd83,0x00000000,0x00000000,0,0,00000000000000000000097d73f60c0000000000000000
1409,0x00000000000,0x00000000000,0x000000000,0x00000000,0x00000000,0,0,0000000000000000000000000000000000000000000000
1410,0x00000000000,0x00000000000,0x000000000,0x00000000,0x00000000,0,0,0000000000000000000000000000000000000000000000
1411,0x00000000000,0x00000000000,0x000000000,0x001f5f22,0x00000000,0,0,00000000000000000000000000000000faf91000000000
1412,0x00000000000,0x00000000000,0x25f3cfd43,0x00000000,0x25a59061,0,0,00000000000000000000097cf3f50c000000025a590610
1413,0x00000000000,0x00000000000,0x03f80026b,0x00000000,0x00000000,0,0,0000000000000000000000fe0009ac0000000000000000
1414,0x00000000000,0x000000b83e3,0x000000000,0x00000000,0x00000000,0,0,0000000000000000b83e30000000000000000000000000
1415,0x00000000000,0x00000000000,0x000000000,0x00000000,0x00000000,0,0,0000000000000000000000000000000000000000000000
1416,0x00000000000,0x00000000000,0x25f7cfdc3,0x00000000,0x00000000,0,0,00000000000000000000097df3f70c0000000000000000
1417,0x00000000000,0x00000000000,0x000000000,0x00000000,0x00000000,0,0,0000000000000000000000000000000000000000000000
1418,0x00000000000,0x000000ba3eb,0x03fa002ab,0x00601fe2,0x26261061,0,0,0000000000000000ba3eb0fe800aac0300ff1262610610
1419,0x00000000000,0x00000000000,0x000000000,0x00000000,0x00000000,0,0,0000000000000000000000000000000000000000000000
1420,0x00000000000,0x00000000000,0x25f9cfe03,0x00000000,0x00000000,0,0,00000000000000000000097e73f80c0000000000000000
1421,0x00000000000,0x00000000000,0x000000000,0x00000000,0x00000000,0,0,0000000000000000000000000000000000000000000000
1422,0x00000000000,0x000000b93e7,0x000000000,0x00000000,0x00000000,0,0,0000000000000000b93e70000000000000000000000000
1423,0x00000000000,0x00000000000,0x000000000,0x00000000,0x00000000,0,0,0000000000000000000000000000000000000000000000
1424,0x00000000000,0x00000000000,0x25fbcfe43,0x00000000,0x26a69061,0,0,00000000000000000000097ef3f90c000000026a690610
1425,0x00000000000,0x00000000000,0x03fc002eb,0x003f9f62,0x00000000,0,0,0000000000000000000000ff000bac01fcfb1000000000
1426,0x00000000000,0x000000bb3ef,0x000000000,0x00000000,0x00000000,0,0,0000000000000000bb3ef0000000000000000000000000
1427,0x00000000000,0x00000000000,0x000000000,0x00000000,0x00000000,0,0,0000000000000000000000000000000000000000000000
1428,0x00000000000,0x00000000000,0x25fdcfe83,0x00000000,0x00000000,0,0,00000000000000000000097f73fa0c0000000000000000
1429,0x00000000000,0x00000000000,0x000000000,0x00000000,0x00000000,0,0,0000000000000000000000000000000000000000000000
1430,0x00000000000,0x000000bc3f3,0x022c0052b,0x00000000,0x25e5d061,0,0,0000000000000000bc3f308b0014ac000000025e5d0610
1431,0x00000000000,0x00000000000,0x000000000,0x00000000,0x00000000,0,0,0000000000000000000000000000000000000000000000
1432,0x00000000000,0x00000000000,0x25ffcfec3,0x00000000,0x00000000,0,0,00000000000000000000097ff3fb0c0000000000000000
1433,0x00000000000,0x00000000000,0x000000000,0x00000000,0x00000000,0,0,0000000000000000000000000000000000000000000000
1434,0x00000000000,0x000000bd3f7,0x000000000,0x00000000,0x00000000,0,0,0000000000000000bd3f70000000000000000000000000
1435,0x00000000000,0x00000000000,0x000000000,0x00000000,0x00000000,0,0,0000000000000000000000000000000000000000000000
1436,0x00000000000,0x00000000000,0x022e0056b,0x00000000,0x26665061,0,0,00000000000000000000008b8015ac0000000266650610
1437,0x00000000000,0x00000000000,0x249068803,0x005fdfa2,0x00000000,0,0,0000000000000000000009241a200c02fefd1000000000
1438,0x00000000000,0x000000be3fb,0x000000000,0x00000000,0x00000000,0,0,0000000000000000be3fb0000000000000000000000000
1439,0x00000000000,0x00000000000,0x000000000,0x00000000,0x00000000,0,0,0000000000000000000000000000000000000000000000
1440,0x00000000000,0x00000000000,0x000000000,0x00000000,0x00000000,0,0,0000000000000000000000000000000000000000000000
1441,0x00000000000,0x00000000000,0x249868843,0x00000000,0x00000000,0,0,0000000000000000000009261a210c0000000000000000
1442,0x000000f8383,0x000000bf3ff,0x0230005ab,0x00000000,0x26e6d061,0,0,000003e0e0c00000bf3ff08c0016ac000000026e6d0610
1443,0x000000f9387,0x00000000000,0x000000000,0x00000000,0x00000000,0,0,000003e4e1c00000000000000000000000000000000000
1444,0x000000fa38b,0x00000000000,0x000000000,0x00804022,0x00000000,0,0,000003e8e2c00000000000000000000402011000000000
1445,0x000000fb38f,0x00000000000,0x249c68863,0x00000000,0x00000000,0,0,000003ece3c00000000009271a218c0000000000000000
1446,0x000000fc393,0x00000000000,0x038201c0c,0x00000000,0x00000000,0,0,000003f0e4c00000000000e08070300000000000000000
1447,0x000000fd397,0x00000000000,0x038401c2c,0x00000000,0x00000000,0,0,000003f4e5c00000000000e10070b00000000000000000
1448,0x000000fe39b,0x00000000000,0x02340062b,0x03c2e2c2,0x29291061,0,0,000003f8e6c000000000008d0018ac1e17161292910610
1449,0x000000ff39f,0x00000000000,0x24a068883,0x00000000,0x00000000,0,0,000003fce7c00000000009281a220c0000000000000000
1450,0x00000000000,0x00000000000,0x038601c4c,0x00000000,0x00000000,0,0,0000000000000000000000e18071300000000000000000
1451,0x00000000000,0x00000000000,0x038801c6c,0x00a08062,0x00000000,0,0,0000000000000000000000e20071b00504031000000000
1452,0x00000000000,0x00000000000,0x038a01c8c,0x00000000,0x00000000,0,0,0000000000000000000000e28072300000000000000000
1453,0x00000000000,0x00000000000,0x24a4688a3,0x00000000,0x00000000,0,0,0000000000000000000009291a228c0000000000000000
1454,0x00000000000,0x00000000000,0x0238006ab,0x19385824,0x29695061,0,0,00000000000000000000008e001aacc9c2c12296950610
1455,0x00000000000,0x00000000000,0x038c01cac,0x00000000,0x00000000,0,0,0000000000000000000000e30072b00000000000000000
1456,0x00000000000,0x00000000000,0x038e01ccc,0x00000000,0x00000000,0,0,0000000000000000000000e38073300000000000000000
1457,0x00000000000,0x00000000000,0x24a8688c3,0x00000000,0x00000000,0,0,00000000000000000000092a1a230c0000000000000000
1458,0x00000000000,0x00000000000,0x039001cec,0x19589864,0x20c0a009,0,0,0000000000000000000000e40073b0cac4c3220c0a0090
1459,0x00000000000,0x00000000000,0x000000000,0x00000000,0x00000000,0,0,0000000000000000000000000000000000000000000000
1460,0x00000000000,0x00000000000,0x0232005eb,0x00000000,0x29a99061,0,0,00000000000000000000008c8017ac000000029a990610
1461,0x00000000000,0x00000000000,0x24ac688e3,0x00000000,0x00000000,0,0,00000000000000000000092b1a238c0000000000000000
1462,0x00000000000,0x00000000000,0x000000000,0x1978d8a4,0x00000000,0,0,000000000000000000000000000000cbc6c52000000000
1463,0x00000000000,0x00000000000,0x000000000,0x00000000,0x00000000,0,0,0000000000000000000000000000000000000000000000
1464,0x00000000000,0x00000000000,0x000000000,0x00000000,0x00000000,0,0,0000000000000000000000000000000000000000000000
1465,0x00000000000,0x00000000000,0x24d0a6c03,0x00000000,0x00000000,0,0,00000000000000000000093429b00c0000000000000000
1466,0x00000000000,0x00000000000,0x02360066b,0x199918e4,0x29e9d061,0,0,00000000000000000000008d8019acccc8c7229e9d0610
1467,0x00000000000,0x00000000000,0x000000000,0x19b95924,0x00000000,0,0,000000000000000000000000000000cdcac92000000000
1468,0x00000000000,0x00000000000,0x000000000,0x00000000,0x00000000,0,0,0000000000000000000000000000000000000000000000
1469,0x00000000000,0x00000000000,0x24d4a6c23,0x00000000,0x00000000,0,0,00000000000000000000093529b08c0000000000000000
1470,0x00000000000,0x00000000000,0x000000000,0x00000000,0x00000000,0,0,0000000000000000000000000000000000000000000000
1471,0x00000000000,0x00000000000,0x000000000,0x00000000,0x00000000,0,0,0000000000000000000000000000000000000000000000
1472,0x00000000000,0x00000000000,0x023a006eb,0x03e32302,0x2a2a1061,0,0,00000000000000000000008e801bac1f191812a2a10610
1473,0x00000000000,0x00000000000,0x24d8a6c43,0x00000000,0x00000000,0,0,00000000000000000000093629b10c0000000000000000
1474,0x00000000000,0x00000000000,0x000000000,0x19d99964,0x00000000,0,0,000000000000000000000000000000cecccb2000000000
1475,0x00000000000,0x00000000000,0x000000000,0x00000000,0x00000000,0,0,0000000000000000000000000000000000000000000000
1476,0x00000000000,0x00000000000,0x000000000,0x00000000,0x00000000,0,0,0000000000000000000000000000000000000000000000
1477,0x00000000000,0x00000000000,0x24dca6c63,0x00000000,0x00000000,0,0,00000000000000000000093729b18c0000000000000000
1478,0x00000000000,0x00000000000,0x026a0092b,0x04036342,0x2a6a5061,0,0,00000000000000000000009a8024ac201b1a12a6a50610
1479,0x00000000000,0x00000000000,0x000000000,0x0443e3c2,0x00000000,0,0,000000000000000000000000000000221f1e1000000000
1480,0x00000000000,0x00000000000,0x000000000,0x00000000,0x00000000,0,0,0000000000000000000000000000000000000000000000
1481,0x00000000000,0x00000000000,0x24300c103,0x00000000,0x00000000,0,0,00000000000000000000090c03040c0000000000000000
1482,0x00000000000,0x00000000000,0x000000000,0x19f9d9a4,0x00000000,0,0,000000000000000000000000000000cfcecd2000000000
1483,0x00000000000,0x00000000000,0x000000000,0x00000000,0x00000000,0,0,0000000000000000000000000000000000000000000000
1484,0x00000000000,0x00000000000,0x026c0096b,0x0423a382,0x2aaa9061,0,0,00000000000000000000009b0025ac211d1c12aaa90610
1485,0x00000000000,0x00000000000,0x24320c143,0x00000000,0x00000000,0,0,00000000000000000000090c83050c0000000000000000
1486,0x00000000000,0x00000000000,0x000000000,0x00000000,0x00000000,0,0,0000000000000000000000000000000000000000000000
1487,0x00000000000,0x00000000000,0x000000000,0x00000000,0x00000000,0,0,0000000000000000000000000000000000000000000000
1488,0x00000000000,0x00000000000,0x000000000,0x00000000,0x00000000,0,0,0000000000000000000000000000000000000000000000
1489,0x00000000000,0x00000000000,0x24340c183,0x00000000,0x00000000,0,0,00000000000000000000090d03060c0000000000000000
1490,0x00000000000,0x00000000000,0x026e009ab,0x00000000,0x2aead061,0,0,00000000000000000000009b8026ac00000002aead0610
1491,0x00000000000,0x000000c0063,0x000000000,0x04642402,0x00000000,0,0,0000000000000000c00630000000002321201000000000
1492,0x00000000000,0x00000000000,0x000000000,0x00000000,0x00000000,0,0,0000000000000000000000000000000000000000000000
1493,0x00000000000,0x00000000000,0x24360c1c3,0x00000000,0x00000000,0,0,00000000000000000000090d83070c0000000000000000
1494,0x00000000000,0x00000000000,0x000000000,0x00000000,0x00000000,0,0,0000000000000000000000000000000000000000000000
1495,0x00000000000,0x000000c1067,0x000000000,0x00000000,0x00000000,0,0,0000000000000000c10670000000000000000000000000
1496,0x00000000000,0x00000000000,0x0270009eb,0x07a6c6a2,0x2d2d1061,0,0,00000000000000000000009c0027ac3d363512d2d10610
1497,0x00000000000,0x00000000000,0x24380c203,0x00000000,0x00000000,0,0,00000000000000000000090e03080c0000000000000000
1498,0x00000000000,0x00000000000,0x000000000,0x04846442,0x00000000,0,0,0000000000000000000000000000002423221000000000
1499,0x00000000000,0x000000c206b,0x000000000,0x00000000,0x00000000,0,0,0000000000000000c206b0000000000000000000000000
1500,0x00000000000,0x00000000000,0x000000000,0x00000000,0x00000000,0,0,0000000000000000000000000000000000000000000000
1501,0x00000000000,0x00000000000,0x243a0c243,0x00000000,0x00000000,0,0,00000000000000000000090e83090c0000000000000000
1502,0x00000000000,0x00000000000,0x027200a2b,0x00000000,0x2d6d5061,0,0,00000000000000000000009c8028ac00000002d6d50610
1503,0x00000000000,0x000000c306f,0x000000000,0x00000000,0x00000000,0,0,0000000000000000c306f0000000000000000000000000
1504,0x00000000000,0x00000000000,0x000000000,0x00000000,0x00000000,0,0,0000000000000000000000000000000000000000000000
1505,0x00000000000,0x00000000000,0x243c0c283,0x00000000,0x24a48009,0,0,00000000000000000000090f030a0c000000024a480090
1506,0x00000000000,0x00000000000,0x000000000,0x00000000,0x00000000,0,0,0000000000000000000000000000000000000000000000
1507,0x00000000000,0x000000c4073,0x000000000,0x00000000,0x00000000,0,0,0000000000000000c40730000000000000000000000000
1508,0x00000000000,0x00000000000,0x027400a6b,0x07c706e2,0x2dad9061,0,0,00000000000000000000009d0029ac3e383712dad90610
1509,0x00000000000,0x00000000000,0x243e0c2c3,0x00000000,0x00000000,0,0,00000000000000000000090f830b0c0000000000000000
1510,0x00000000000,0x00000000000,0x000000000,0x00000000,0x00000000,0,0,0000000000000000000000000000000000000000000000
1511,0x00000000000,0x000000c5077,0x000000000,0x00000000,0x00000000,0,0,0000000000000000c50770000000000000000000000000
1512,0x00000000000,0x00000000000,0x000000000,0x00000000,0x00000000,0,0,0000000000000000000000000000000000000000000000
1513,0x00000000000,0x00000000000,0x24e0a6c83,0x00000000,0x00000000,0,0,00000000000000000000093829b20c0000000000000000
1514,0x00000000000,0x00000000000,0x027600aab,0x00000000,0x2dedd061,0,0,00000000000000000000009d802aac00000002dedd0610
1515,0x00000000000,0x000000c607b,0x000000000,0x0827c7a2,0x00000000,0,0,0000000000000000c607b000000000413e3d1000000000
1516,0x00000000000,0x00000000000,0x000000000,0x00000000,0x00000000,0,0,0000000000000000000000000000000000000000000000
1517,0x00000000000,0x00000000000,0x24e4a6ca3,0x00000000,0x00000000,0,0,00000000000000000000093929b28c0000000000000000
1518,0x00000000000,0x00000000000,0x000000000,0x00000000,0x00000000,0,0,0000000000000000000000000000000000000000000000
1519,0x00000000000,0x000000c707f,0x000000000,0x00000000,0x00000000,0,0,0000000000000000c707f0000000000000000000000000
1520,0x00000000000,0x00000000000,0x027800aeb,0x07e74722,0x00000000,0,0,00000000000000000000009e002bac3f3a391000000000
1521,0x00000000000,0x00000000000,0x24e8a6cc3,0x00000000,0x00000000,0,0,00000000000000000000093a29b30c0000000000000000
1522,0x00000000000,0x00000000000,0x000000000,0x00000000,0x00000000,0,0,0000000000000000000000000000000000000000000000
1523,0x00000000000,0x00000000000,0x000000000,0x00000000,0x2e2e1061,0,0,00000000000000000000000000000000000002e2e10610
1524,0x00000000000,0x00000000000,0x000000000,0x00000000,0x00000000,0,0,0000000000000000000000000000000000000000000000
1525,0x00000000000,0x00000000000,0x24eca6ce3,0x00000000,0x00000000,0,0,00000000000000000000093b29b38c0000000000000000
1526,0x00000000000,0x00000000000,0x02a800d2b,0x00000000,0x00000000,0,0,0000000000000000000000aa0034ac0000000000000000
1527,0x00000000000,0x00000000000,0x000000000,0x00000000,0x00000000,0,0,0000000000000000000000000000000000000000000000
1528,0x00000000000,0x00000000000,0x000000000,0x00000000,0x00000000,0,0,0000000000000000000000000000000000000000000000
1529,0x00000000000,0x00000000000,0x000000000,0x00000000,0x2e6e5061,0,0,00000000000000000000000000000000000002e6e50610
1530,0x00000000000,0x00000000000,0x000000000,0x00000000,0x00000000,0,0,0000000000000000000000000000000000000000000000
1531,0x00000000000,0x00000000000,0x24704a503,0x00000000,0x00000000,0,0,00000000000000000000091c12940c0000000000000000
1532,0x00000000000,0x00000000000,0x02aa00d6b,0x08078762,0x00000000,0,0,0000000000000000000000aa8035ac403c3b1000000000
1533,0x00000000000,0x00000000000,0x000000000,0x00000000,0x00000000,0,0,0000000000000000000000000000000000000000000000
1534,0x00000000000,0x00000000000,0x000000000,0x00000000,0x00000000,0,0,0000000000000000000000000000000000000000000000
1535,0x00000000000,0x00000000000,0x24724a543,0x00000000,0x2eae9061,0,0,00000000000000000000091c92950c00000002eae90610
1536,0x00000000000,0x00000000000,0x000000000,0x00000000,0x00000000,0,0,0000000000000000000000000000000000000000000000
1537,0x00000000000,0x00000000000,0x000000000,0x00000000,0x00000000,0,0,0000000000000000000000000000000000000000000000
1538,0x00000000000,0x00000000000,0x02ac00dab,0x00000000,0x00000000,0,0,0000000000000000000000ab0036ac0000000000000000
1539,0x00000000000,0x00000000000,0x24744a583,0x084807e2,0x00000000,0,0,00000000000000000000091d12960c42403f1000000000
1540,0x00000000000,0x00000000000,0x000000000,0x00000000,0x00000000,0,0,0000000000000000000000000000000000000000000000
1541,0x00000000000,0x000000c80e3,0x000000000,0x00000000,0x2eeed061,0,0,0000000000000000c80e300000000000000002eeed0610
1542,0x00000000000,0x00000000000,0x000000000,0x00000000,0x00000000,0,0,0000000000000000000000000000000000000000000000
1543,0x00000000000,0x00000000000,0x24764a5c3,0x00000000,0x00000000,0,0,00000000000000000000091d92970c0000000000000000
1544,0x00000000000,0x00000000000,0x02ae00deb,0x0b8aaa82,0x00000000,0,0,0000000000000000000000ab8037ac5c55541000000000
1545,0x00000000000,0x000000c90e7,0x000000000,0x00000000,0x00000000,0,0,0000000000000000c90e70000000000000000000000000
1546,0x00000000000,0x00000000000,0x000000000,0x08684822,0x00000000,0,0,0000000000000000000000000000004342411000000000
1547,0x00000000000,0x00000000000,0x24784a603,0x00000000,0x00000000,0,0,00000000000000000000091e12980c0000000000000000
1548,0x00000000000,0x00000000000,0x000000000,0x00000000,0x00000000,0,0,0000000000000000000000000000000000000000000000
1549,0x00000000000,0x000000ca0eb,0x000000000,0x00000000,0x00000000,0,0,0000000000000000ca0eb0000000000000000000000000
1550,0x00000000000,0x00000000000,0x000000000,0x00000000,0x00000000,0,0,0000000000000000000000000000000000000000000000
1551,0x00000000000,0x00000000000,0x247a4a643,0x00000000,0x00000000,0,0,00000000000000000000091e92990c0000000000000000
1552,0x00000000000,0x00000000000,0x000000000,0x00000000,0x00000000,0,0,0000000000000000000000000000000000000000000000
1553,0x00000000000,0x000000cb0ef,0x02b000e2b,0x00000000,0x28886009,0,0,0000000000000000cb0ef0ac0038ac0000000288860090
1554,0x00000000000,0x00000000000,0x000000000,0x00000000,0x00000000,0,0,0000000000000000000000000000000000000000000000
1555,0x00000000000,0x00000000000,0x000000000,0x00000000,0x00000000,0,0,0000000000000000000000000000000000000000000000
1556,0x00000000000,0x00000000000,0x000000000,0x0baaeac2,0x00000000,0,0,0000000000000000000000000000005d57561000000000
1557,0x00000000000,0x000000cc0f3,0x000000000,0x00000000,0x00000000,0,0,0000000000000000cc0f30000000000000000000000000
1558,0x00000000000,0x00000000000,0x000000000,0x00000000,0x00000000,0,0,0000000000000000000000000000000000000000000000
1559,0x00000000000,0x00000000000,0x02b200e6b,0x00000000,0x00000000,0,0,0000000000000000000000ac8039ac0000000000000000
1560,0x00000000000,0x00000000000,0x000000000,0x00000000,0x00000000,0,0,0000000000000000000000000000000000000000000000
1561,0x00000000000,0x000000cd0f7,0x000000000,0x00000000,0x00000000,0,0,0000000000000000cd0f70000000000000000000000000
1562,0x00000000000,0x00000000000,0x000000000,0x00000000,0x00000000,0,0,0000000000000000000000000000000000000000000000
1563,0x00000000000,0x00000000000,0x000000000,0x0c0bab82,0x00000000,0,0,000000000000000000000000000000605d5c1000000000
1564,0x00000000000,0x00000000000,0x047c4a683,0x00000000,0x00000000,0,0,00000000000000000000011f129a0c0000000000000000
1565,0x00000000000,0x00000000000,0x047e4a6c3,0x00000000,0x00000000,0,0,00000000000000000000011f929b0c0000000000000000
1566,0x00000000000,0x00000000000,0x02b400eab,0x00000000,0x00000000,0,0,0000000000000000000000ad003aac0000000000000000
1567,0x00000000000,0x00000000000,0x0510e5003,0x00000000,0x00000000,0,0,00000000000000000000014439400c0000000000000000
1568,0x00000000000,0x00000000000,0x0514e5023,0x00000000,0x00000000,0,0,00000000000000000000014539408c0000000000000000
1569,0x00000000000,0x00000000000,0x0518e5043,0x00000000,0x00000000,0,0,00000000000000000000014639410c0000000000000000
1570,0x00000000000,0x00000000000,0x051ce5063,0x00000000,0x00000000,0,0,00000000000000000000014739418c0000000000000000
1571,0x00000000000,0x000000ce0fb,0x02b600eeb,0x00000000,0x00000000,0,0,0000000000000000ce0fb0ad803bac0000000000000000
1572,0x00000000000,0x000000cf0ff,0x0520e5083,0x0bcb2b02,0x00000000,0,0,0000000000000000cf0ff14839420c5e59581000000000
1573,0x00000000000,0x00000000000,0x0524e50a3,0x00000000,0x00000000,0,0,00000000000000000000014939428c0000000000000000
1574,0x00000000000,0x00000000000,0x0528e50c3,0x00000000,0x31311061,0,0,00000000000000000000014a39430c0000000313110610
1575,0x00000000000,0x00000000000,0x04b088903,0x00000000,0x00000000,0,0,00000000000000000000012c22240c0000000000000000
1576,0x00000000000,0x00000000000,0x04b288943,0x00000000,0x00000000,0,0,00000000000000000000012ca2250c0000000000000000
1577,0x00000000000,0x00000000000,0x04b488983,0x00000000,0x00000000,0,0,00000000000000000000012d22260c0000000000000000
1578,0x00000000000,0x00000000000,0x04b6889c3,0x00000000,0x00000000,0,0,00000000000000000000012da2270c0000000000000000
1579,0x00000000000,0x00000000000,0x04b888a03,0x00000000,0x00000000,0,0,00000000000000000000012e22280c0000000000000000
1580,0x00000000000,0x00000000000,0x04ba88a43,0x00000000,0x31b19061,0,0,00000000000000000000012ea2290c000000031b190610
1581,0x00000000000,0x00000000000,0x04bc88a83,0x00000000,0x00000000,0,0,00000000000000000000012f222a0c0000000000000000
1582,0x00000000000,0x000000d0163,0x24be88ac3,0x00000000,0x00000000,0,0,0000000000000000d016392fa22b0c0000000000000000
1583,0x00000000000,0x000000d1167,0x000000000,0x0beb6b42,0x00000000,0,0,0000000000000000d11670000000005f5b5a1000000000
1584,0x00000000000,0x000000d216b,0x000000000,0x00000000,0x00000000,0,0,0000000000000000d216b0000000000000000000000000
1585,0x00000000000,0x000000d316f,0x000000000,0x00000000,0x00000000,0,0,0000000000000000d316f0000000000000000000000000
1586,0x00000000000,0x000000d4173,0x252ce50e3,0x00000000,0x31715061,0,0,0000000000000000d417394b39438c0000000317150610
1587,0x00000000000,0x000000d5177,0x000000000,0x00000000,0x00000000,0,0,0000000000000000d51770000000000000000000000000
1588,0x00000000000,0x000000d617b,0x000000000,0x00000000,0x00000000,0,0,0000000000000000d617b0000000000000000000000000
1589,0x00000000000,0x00000000000,0x000000000,0x00000000,0x00000000,0,0,0000000000000000000000000000000000000000000000
1590,0x00000000000,0x00000000000,0x255123403,0x0c2bebc2,0x00000000,0,0,00000000000000000000095448d00c615f5e1000000000
1591,0x00000000000,0x00000000000,0x000000000,0x00000000,0x00000000,0,0,0000000000000000000000000000000000000000000000
1592,0x00000000000,0x000000d717f,0x000000000,0x00000000,0x31f1d061,0,0,0000000000000000d717f000000000000000031f1d0610
1593,0x00000000000,0x00000000000,0x000000000,0x00000000,0x00000000,0,0,0000000000000000000000000000000000000000000000
1594,0x00000000000,0x00000000000,0x255523423,0x00000000,0x00000000,0,0,00000000000000000000095548d08c0000000000000000
1595,0x00000000000,0x00000000000,0x000000000,0x00000000,0x00000000,0,0,0000000000000000000000000000000000000000000000
1596,0x00000000000,0x00000000000,0x000000000,0x00000000,0x00000000,0,0,0000000000000000000000000000000000000000000000
1597,0x00000000000,0x00000000000,0x000000000,0x0c4c2c02,0x00000000,0,0,0000000000000000000000000000006261601000000000
1598,0x00000000000,0x00000000000,0x255923443,0x00000000,0x32321061,0,0,00000000000000000000095648d10c0000000323210610
1599,0x00000000000,0x00000000000,0x000000000,0x00000000,0x00000000,0,0,0000000000000000000000000000000000000000000000
1600,0x00000000000,0x00000000000,0x000000000,0x00000000,0x00000000,0,0,0000000000000000000000000000000000000000000000
1601,0x00000000000,0x00000000000,0x000000000,0x00000000,0x00000000,0,0,0000000000000000000000000000000000000000000000
1602,0x00000000000,0x00000000000,0x255d23463,0x00000000,0x00000000,0,0,00000000000000000000095748d18c0000000000000000
1603,0x00000000000,0x00000000000,0x000000000,0x00000000,0x00000000,0,0,0000000000000000000000000000000000000000000000
1604,0x00000000000,0x00000000000,0x02e60112b,0x00000000,0x2c6c4009,0,0,0000000000000000000000b98044ac00000002c6c40090
1605,0x00000000000,0x00000000000,0x000000000,0x00000000,0x32725061,0,0,0000000000000000000000000000000000000327250610
1606,0x00000000000,0x00000000000,0x256123483,0x00000000,0x00000000,0,0,00000000000000000000095848d20c0000000000000000
1607,0x00000000000,0x00000000000,0x000000000,0x00000000,0x00000000,0,0,0000000000000000000000000000000000000000000000
1608,0x00000000000,0x00000000000,0x000000000,0x00000000,0x00000000,0,0,0000000000000000000000000000000000000000000000
1609,0x00000000000,0x00000000000,0x000000000,0x00000000,0x00000000,0,0,0000000000000000000000000000000000000000000000
1610,0x00000000000,0x00000000000,0x02ea011ab,0x00000000,0x00000000,0,0,0000000000000000000000ba8046ac0000000000000000
1611,0x00000000000,0x00000000000,0x2565234a3,0x00000000,0x32b29061,0,0,00000000000000000000095948d28c000000032b290610
1612,0x00000000000,0x00000000000,0x000000000,0x00000000,0x00000000,0,0,0000000000000000000000000000000000000000000000
1613,0x00000000000,0x00000000000,0x000000000,0x00000000,0x00000000,0,0,0000000000000000000000000000000000000000000000
1614,0x00000000000,0x00000000000,0x000000000,0x00000000,0x00000000,0,0,0000000000000000000000000000000000000000000000
1615,0x00000000000,0x00000000000,0x2569234c3,0x00000000,0x00000000,0,0,00000000000000000000095a48d30c0000000000000000
1616,0x00000000000,0x00000000000,0x02e80116b,0x00000000,0x00000000,0,0,0000000000000000000000ba0045ac0000000000000000
1617,0x00000000000,0x00000000000,0x000000000,0x00000000,0x32f2d061,0,0,000000000000000000000000000000000000032f2d0610
1618,0x00000000000,0x00000000000,0x000000000,0x00000000,0x00000000,0,0,0000000000000000000000000000000000000000000000
1619,0x00000000000,0x00000000000,0x256d234e3,0x00000000,0x00000000,0,0,00000000000000000000095b48d38c0000000000000000
1620,0x00000000000,0x00000000000,0x000000000,0x00000000,0x00000000,0,0,0000000000000000000000000000000000000000000000
1621,0x00000000000,0x00000000000,0x000000000,0x00000000,0x00000000,0,0,0000000000000000000000000000000000000000000000
1622,0x00000000000,0x00000000000,0x02ec011eb,0x00000000,0x00000000,0,0,0000000000000000000000bb0047ac0000000000000000
1623,0x00000000000,0x00000000000,0x259561823,0x00000000,0x35351061,0,0,00000000000000000000096558608c0000000353510610
1624,0x00000000000,0x00000000000,0x000000000,0x00000000,0x00000000,0,0,0000000000000000000000000000000000000000000000
1625,0x00000000000,0x00000000000,0x000000000,0x00000000,0x00000000,0,0,0000000000000000000000000000000000000000000000
1626,0x00000000000,0x00000000000,0x000000000,0x00000000,0x00000000,0,0,0000000000000000000000000000000000000000000000
1627,0x00000000000,0x00000000000,0x24f0c6d03,0x00000000,0x00000000,0,0,00000000000000000000093c31b40c0000000000000000
1628,0x00000000000,0x00000000000,0x02ee0122b,0x0f6e8e62,0x00000000,0,0,0000000000000000000000bb8048ac7b74731000000000
1629,0x00000000000,0x00000000000,0x000000000,0x00000000,0x35755061,0,0,0000000000000000000000000000000000000357550610
1630,0x00000000000,0x00000000000,0x000000000,0x00000000,0x00000000,0,0,0000000000000000000000000000000000000000000000
1631,0x00000000000,0x00000000000,0x24f4c6d83,0x00000000,0x00000000,0,0,00000000000000000000093d31b60c0000000000000000
1632,0x00000000000,0x00000000000,0x000000000,0x00000000,0x00000000,0,0,0000000000000000000000000000000000000000000000
1633,0x00000000000,0x00000000000,0x000000000,0x00000000,0x00000000,0,0,0000000000000000000000000000000000000000000000
1634,0x00000000000,0x00000000000,0x000000000,0x0f8ecea2,0x00000000,0,0,0000000000000000000000000000007c76751000000000
1635,0x00000000000,0x00000000000,0x24f2c6d43,0x00000000,0x35b59061,0,0,00000000000000000000093cb1b50c000000035b590610
1636,0x00000000000,0x00000000000,0x02f00126b,0x00000000,0x00000000,0,0,0000000000000000000000bc0049ac0000000000000000
1637,0x00000000000,0x000000d81e3,0x000000000,0x00000000,0x00000000,0,0,0000000000000000d81e30000000000000000000000000
1638,0x00000000000,0x00000000000,0x000000000,0x00000000,0x00000000,0,0,0000000000000000000000000000000000000000000000
1639,0x00000000000,0x00000000000,0x24f6c6dc3,0x00000000,0x00000000,0,0,00000000000000000000093db1b70c0000000000000000
1640,0x00000000000,0x00000000000,0x000000000,0x00000000,0x00000000,0,0,0000000000000000000000000000000000000000000000
1641,0x00000000000,0x000000da1eb,0x02f2012ab,0x0fef8f62,0x36361061,0,0,0000000000000000da1eb0bc804aac7f7c7b1363610610
1642,0x00000000000,0x00000000000,0x000000000,0x00000000,0x00000000,0,0,0000000000000000000000000000000000000000000000
1643,0x00000000000,0x00000000000,0x24f8c6e03,0x00000000,0x00000000,0,0,00000000000000000000093e31b80c0000000000000000
1644,0x00000000000,0x00000000000,0x000000000,0x00000000,0x00000000,0,0,0000000000000000000000000000000000000000000000
1645,0x00000000000,0x000000d91e7,0x000000000,0x00000000,0x00000000,0,0,0000000000000000d91e70000000000000000000000000
1646,0x00000000000,0x00000000000,0x000000000,0x00000000,0x00000000,0,0,0000000000000000000000000000000000000000000000
1647,0x00000000000,0x00000000000,0x24fac6e43,0x00000000,0x36b69061,0,0,00000000000000000000093eb1b90c000000036b690610
1648,0x00000000000,0x00000000000,0x02f4012eb,0x0faf0ee2,0x00000000,0,0,0000000000000000000000bd004bac7d78771000000000
1649,0x00000000000,0x000000db1ef,0x000000000,0x00000000,0x00000000,0,0,0000000000000000db1ef0000000000000000000000000
1650,0x00000000000,0x00000000000,0x000000000,0x00000000,0x00000000,0,0,0000000000000000000000000000000000000000000000
1651,0x00000000000,0x00000000000,0x24fcc6e83,0x00000000,0x00000000,0,0,00000000000000000000093f31ba0c0000000000000000
1652,0x00000000000,0x00000000000,0x000000000,0x00000000,0x00000000,0,0,0000000000000000000000000000000000000000000000
1653,0x00000000000,0x000000dc1f3,0x03240152b,0x00000000,0x35f5d061,0,0,0000000000000000dc1f30c90054ac000000035f5d0610
1654,0x00000000000,0x00000000000,0x000000000,0x00000000,0x00000000,0,0,0000000000000000000000000000000000000000000000
1655,0x00000000000,0x00000000000,0x24fec6ec3,0x00000000,0x00000000,0,0,00000000000000000000093fb1bb0c0000000000000000
1656,0x00000000000,0x00000000000,0x000000000,0x00000000,0x00000000,0,0,0000000000000000000000000000000000000000000000
1657,0x00000000000,0x000000dd1f7,0x000000000,0x00000000,0x00000000,0,0,0000000000000000dd1f70000000000000000000000000
1658,0x00000000000,0x00000000000,0x000000000,0x00000000,0x00000000,0,0,0000000000000000000000000000000000000000000000
1659,0x00000000000,0x00000000000,0x03260156b,0x00000000,0x36765061,0,0,0000000000000000000000c98055ac0000000367650610
1660,0x00000000000,0x00000000000,0x259161803,0x0fcf4f22,0x00000000,0,0,00000000000000000000096458600c7e7a791000000000
1661,0x00000000000,0x000000de1fb,0x000000000,0x00000000,0x00000000,0,0,0000000000000000de1fb0000000000000000000000000
1662,0x00000000000,0x00000000000,0x000000000,0x00000000,0x00000000,0,0,0000000000000000000000000000000000000000000000
1663,0x00000000000,0x00000000000,0x000000000,0x00000000,0x00000000,0,0,0000000000000000000000000000000000000000000000
1664,0x00000000000,0x00000000000,0x259961843,0x00000000,0x00000000,0,0,00000000000000000000096658610c0000000000000000
1665,0x00000000000,0x000000df1ff,0x0328015ab,0x00000000,0x36f6d061,0,0,0000000000000000df1ff0ca0056ac000000036f6d0610
1666,0x00000000000,0x00000000000,0x000000000,0x00000000,0x00000000,0,0,0000000000000000000000000000000000000000000000
1667,0x00000000000,0x00000000000,0x000000000,0x100fcfa2,0x00000000,0,0,000000000000000000000000000000807e7d1000000000
1668,0x00000000000,0x00000000000,0x259d61863,0x00000000,0x00000000,0,0,00000000000000000000096758618c0000000000000000
1669,0x00000000000,0x00000000000,0x000000000,0x00000000,0x00000000,0,0,0000000000000000000000000000000000000000000000
1670,0x00000000000,0x00000000000,0x000000000,0x00000000,0x00000000,0,0,0000000000000000000000000000000000000000000000
1671,0x00000000000,0x00000000000,0x032c0162b,0x13527242,0x39391061,0,0,0000000000000000000000cb0058ac9a93921393910610
1672,0x00000000000,0x00000000000,0x25a161883,0x00000000,0x00000000,0,0,00000000000000000000096858620c0000000000000000
1673,0x00000000000,0x00000000000,0x000000000,0x00000000,0x00000000,0,0,0000000000000000000000000000000000000000000000
1674,0x00000000000,0x00000000000,0x000000000,0x10300fe2,0x00000000,0,0,00000000000000000000000000000081807f1000000000
1675,0x00000000000,0x00000000000,0x000000000,0x00000000,0x00000000,0,0,0000000000000000000000000000000000000000000000
1676,0x00000000000,0x00000000000,0x25a5618a3,0x00000000,0x00000000,0,0,00000000000000000000096958628c0000000000000000
1677,0x00000000000,0x00000000000,0x0330016ab,0x00000000,0x39795061,0,0,0000000000000000000000cc005aac0000000397950610
1678,0x00000000000,0x00000000000,0x000000000,0x00000000,0x00000000,0,0,0000000000000000000000000000000000000000000000
1679,0x00000000000,0x00000000000,0x000000000,0x00000000,0x00000000,0,0,0000000000000000000000000000000000000000000000
1680,0x00000000000,0x00000000000,0x25a9618c3,0x00000000,0x00000000,0,0,00000000000000000000096a58630c0000000000000000
1681,0x00000000000,0x00000000000,0x000000000,0x00000000,0x30502009,0,0,0000000000000000000000000000000000000305020090
1682,0x00000000000,0x00000000000,0x000000000,0x00000000,0x00000000,0,0,0000000000000000000000000000000000000000000000
1683,0x00000000000,0x00000000000,0x032a015eb,0x00000000,0x39b99061,0,0,0000000000000000000000ca8057ac000000039b990610
1684,0x00000000000,0x00000000000,0x25ad618e3,0x00000000,0x00000000,0,0,00000000000000000000096b58638c0000000000000000
1685,0x00000000000,0x00000000000,0x000000000,0x00000000,0x00000000,0,0,0000000000000000000000000000000000000000000000
1686,0x00000000000,0x00000000000,0x000000000,0x00000000,0x00000000,0,0,0000000000000000000000000000000000000000000000
1687,0x00000000000,0x00000000000,0x000000000,0x00000000,0x00000000,0,0,0000000000000000000000000000000000000000000000
1688,0x00000000000,0x00000000000,0x25d19fc03,0x00000000,0x00000000,0,0,00000000000000000000097467f00c0000000000000000
1689,0x00000000000,0x00000000000,0x032e0166b,0x00000000,0x39f9d061,0,0,0000000000000000000000cb8059ac000000039f9d0610
1690,0x00000000000,0x00000000000,0x000000000,0x00000000,0x00000000,0,0,0000000000000000000000000000000000000000000000
1691,0x00000000000,0x00000000000,0x000000000,0x00000000,0x00000000,0,0,0000000000000000000000000000000000000000000000
1692,0x00000000000,0x00000000000,0x25d59fc23,0x00000000,0x00000000,0,0,00000000000000000000097567f08c0000000000000000
1693,0x00000000000,0x00000000000,0x000000000,0x00000000,0x00000000,0,0,0000000000000000000000000000000000000000000000
1694,0x00000000000,0x00000000000,0x000000000,0x00000000,0x00000000,0,0,0000000000000000000000000000000000000000000000
1695,0x00000000000,0x00000000000,0x0332016eb,0x1372b282,0x3a3a1061,0,0,0000000000000000000000cc805bac9b959413a3a10610
1696,0x00000000000,0x00000000000,0x25d99fc43,0x00000000,0x00000000,0,0,00000000000000000000097667f10c0000000000000000
1697,0x00000000000,0x00000000000,0x000000000,0x00000000,0x00000000,0,0,0000000000000000000000000000000000000000000000
1698,0x00000000000,0x00000000000,0x000000000,0x00000000,0x00000000,0,0,0000000000000000000000000000000000000000000000
1699,0x00000000000,0x00000000000,0x000000000,0x00000000,0x00000000,0,0,0000000000000000000000000000000000000000000000
1700,0x00000000000,0x00000000000,0x25dd9fc63,0x00000000,0x00000000,0,0,00000000000000000000097767f18c0000000000000000
1701,0x00000000000,0x00000000000,0x03620192b,0x1392f2c2,0x3a7a5061,0,0,0000000000000000000000d88064ac9c979613a7a50610
1702,0x00000000000,0x00000000000,0x000000000,0x13d37342,0x00000000,0,0,0000000000000000000000000000009e9b9a1000000000
1703,0x00000000000,0x00000000000,0x000000000,0x00000000,0x00000000,0,0,0000000000000000000000000000000000000000000000
1704,0x00000000000,0x00000000000,0x253105103,0x00000000,0x00000000,0,0,00000000000000000000094c41440c0000000000000000
1705,0x00000000000,0x00000000000,0x000000000,0x00000000,0x00000000,0,0,0000000000000000000000000000000000000000000000
1706,0x00000000000,0x00000000000,0x000000000,0x00000000,0x00000000,0,0,0000000000000000000000000000000000000000000000
1707,0x00000000000,0x00000000000,0x03640196b,0x13b33302,0x3aba9061,0,0,0000000000000000000000d90065ac9d999813aba90610
1708,0x00000000000,0x00000000000,0x253305143,0x00000000,0x00000000,0,0,00000000000000000000094cc1450c0000000000000000
1709,0x00000000000,0x00000000000,0x000000000,0x00000000,0x00000000,0,0,0000000000000000000000000000000000000000000000
1710,0x00000000000,0x00000000000,0x000000000,0x00000000,0x00000000,0,0,0000000000000000000000000000000000000000000000
1711,0x00000000000,0x00000000000,0x000000000,0x00000000,0x00000000,0,0,0000000000000000000000000000000000000000000000
1712,0x00000000000,0x00000000000,0x253505183,0x00000000,0x00000000,0,0,00000000000000000000094d41460c0000000000000000
1713,0x00000000000,0x00000000000,0x0366019ab,0x00000000,0x3afad061,0,0,0000000000000000000000d98066ac00000003afad0610
1714,0x00000000000,0x000000e0263,0x000000000,0x13f3b382,0x00000000,0,0,0000000000000000e02630000000009f9d9c1000000000
1715,0x00000000000,0x00000000000,0x000000000,0x00000000,0x00000000,0,0,0000000000000000000000000000000000000000000000
1716,0x00000000000,0x00000000000,0x2537051c3,0x00000000,0x00000000,0,0,00000000000000000000094dc1470c0000000000000000
1717,0x00000000000,0x00000000000,0x000000000,0x00000000,0x00000000,0,0,0000000000000000000000000000000000000000000000
1718,0x00000000000,0x000000e1267,0x000000000,0x00000000,0x00000000,0,0,0000000000000000e12670000000000000000000000000
1719,0x00000000000,0x00000000000,0x0368019eb,0x17365622,0x3d3d1061,0,0,0000000000000000000000da0067acb9b2b113d3d10610
1720,0x00000000000,0x00000000000,0x253905203,0x00000000,0x00000000,0,0,00000000000000000000094e41480c0000000000000000
1721,0x00000000000,0x00000000000,0x000000000,0x1413f3c2,0x00000000,0,0,000000000000000000000000000000a09f9e1000000000
1722,0x00000000000,0x000000e226b,0x000000000,0x00000000,0x00000000,0,0,0000000000000000e226b0000000000000000000000000
1723,0x00000000000,0x00000000000,0x000000000,0x00000000,0x00000000,0,0,0000000000000000000000000000000000000000000000
1724,0x00000000000,0x00000000000,0x253b05243,0x00000000,0x00000000,0,0,00000000000000000000094ec1490c0000000000000000
1725,0x00000000000,0x00000000000,0x036a01a2b,0x00000000,0x3d7d5061,0,0,0000000000000000000000da8068ac00000003d7d50610
1726,0x00000000000,0x000000e326f,0x000000000,0x00000000,0x00000000,0,0,0000000000000000e326f0000000000000000000000000
1727,0x00000000000,0x00000000000,0x000000000,0x00000000,0x00000000,0,0,0000000000000000000000000000000000000000000000
1728,0x00000000000,0x00000000000,0x253d05283,0x00000000,0x34340009,0,0,00000000000000000000094f414a0c0000000343400090
1729,0x00000000000,0x00000000000,0x000000000,0x00000000,0x00000000,0,0,0000000000000000000000000000000000000000000000
1730,0x00000000000,0x000000e4273,0x000000000,0x00000000,0x00000000,0,0,0000000000000000e42730000000000000000000000000
1731,0x00000000000,0x00000000000,0x036c01a6b,0x17569662,0x3dbd9061,0,0,0000000000000000000000db0069acbab4b313dbd90610
1732,0x00000000000,0x00000000000,0x253f052c3,0x00000000,0x00000000,0,0,00000000000000000000094fc14b0c0000000000000000
1733,0x00000000000,0x00000000000,0x000000000,0x00000000,0x00000000,0,0,0000000000000000000000000000000000000000000000
1734,0x00000000000,0x000000e5277,0x000000000,0x00000000,0x00000000,0,0,0000000000000000e52770000000000000000000000000
1735,0x00000000000,0x00000000000,0x000000000,0x00000000,0x00000000,0,0,0000000000000000000000000000000000000000000000
1736,0x00000000000,0x00000000000,0x25e19fc83,0x00000000,0x00000000,0,0,00000000000000000000097867f20c0000000000000000
1737,0x00000000000,0x00000000000,0x036e01aab,0x00000000,0x3dfdd061,0,0,0000000000000000000000db806aac00000003dfdd0610
1738,0x00000000000,0x000000e627b,0x000000000,0x17b75722,0x00000000,0,0,0000000000000000e627b000000000bdbab91000000000
1739,0x00000000000,0x00000000000,0x000000000,0x00000000,0x00000000,0,0,0000000000000000000000000000000000000000000000
1740,0x00000000000,0x00000000000,0x25e59fca3,0x00000000,0x00000000,0,0,00000000000000000000097967f28c0000000000000000
1741,0x00000000000,0x00000000000,0x000000000,0x00000000,0x00000000,0,0,0000000000000000000000000000000000000000000000
1742,0x00000000000,0x000000e727f,0x000000000,0x00000000,0x00000000,0,0,0000000000000000e727f0000000000000000000000000
1743,0x00000000000,0x00000000000,0x037001aeb,0x1776d6a2,0x00000000,0,0,0000000000000000000000dc006bacbbb6b51000000000
1744,0x00000000000,0x00000000000,0x25e99fcc3,0x00000000,0x00000000,0,0,00000000000000000000097a67f30c0000000000000000
1745,0x00000000000,0x00000000000,0x000000000,0x00000000,0x00000000,0,0,0000000000000000000000000000000000000000000000
1746,0x00000000000,0x00000000000,0x000000000,0x00000000,0x3e3e1061,0,0,00000000000000000000000000000000000003e3e10610
1747,0x00000000000,0x00000000000,0x000000000,0x00000000,0x00000000,0,0,0000000000000000000000000000000000000000000000
1748,0x00000000000,0x00000000000,0x25ed9fce3,0x00000000,0x00000000,0,0,00000000000000000000097b67f38c0000000000000000
1749,0x00000000000,0x00000000000,0x03a001d2b,0x00000000,0x00000000,0,0,0000000000000000000000e80074ac0000000000000000
1750,0x00000000000,0x00000000000,0x000000000,0x00000000,0x00000000,0,0,0000000000000000000000000000000000000000000000
1751,0x00000000000,0x00000000000,0x000000000,0x00000000,0x00000000,0,0,0000000000000000000000000000000000000000000000
1752,0x00000000000,0x00000000000,0x000000000,0x00000000,0x3e7e5061,0,0,00000000000000000000000000000000000003e7e50610
1753,0x00000000000,0x00000000000,0x000000000,0x00000000,0x00000000,0,0,0000000000000000000000000000000000000000000000
1754,0x00000000000,0x00000000000,0x257143503,0x00000000,0x00000000,0,0,00000000000000000000095c50d40c0000000000000000
1755,0x00000000000,0x00000000000,0x03a201d6b,0x179716e2,0x00000000,0,0,0000000000000000000000e88075acbcb8b71000000000
1756,0x00000000000,0x00000000000,0x000000000,0x00000000,0x00000000,0,0,0000000000000000000000000000000000000000000000
1757,0x00000000000,0x00000000000,0x000000000,0x00000000,0x00000000,0,0,0000000000000000000000000000000000000000000000
1758,0x00000000000,0x00000000000,0x257343543,0x00000000,0x3ebe9061,0,0,00000000000000000000095cd0d50c00000003ebe90610
1759,0x00000000000,0x00000000000,0x000000000,0x00000000,0x00000000,0,0,0000000000000000000000000000000000000000000000
1760,0x00000000000,0x00000000000,0x000000000,0x00000000,0x00000000,0,0,0000000000000000000000000000000000000000000000
1761,0x00000000000,0x00000000000,0x03a401dab,0x00000000,0x00000000,0,0,0000000000000000000000e90076ac0000000000000000
1762,0x00000000000,0x00000000000,0x257543583,0x17d79762,0x00000000,0,0,00000000000000000000095d50d60cbebcbb1000000000
1763,0x00000000000,0x00000000000,0x000000000,0x00000000,0x00000000,0,0,0000000000000000000000000000000000000000000000
1764,0x00000000000,0x000000e82e3,0x000000000,0x00000000,0x3efed061,0,0,0000000000000000e82e300000000000000003efed0610
1765,0x00000000000,0x00000000000,0x000000000,0x00000000,0x00000000,0,0,0000000000000000000000000000000000000000000000
1766,0x00000000000,0x00000000000,0x2577435c3,0x00000000,0x00000000,0,0,00000000000000000000095dd0d70c0000000000000000
1767,0x00000000000,0x00000000000,0x03a601deb,0x1b1a3a02,0x00000000,0,0,0000000000000000000000e98077acd8d1d01000000000
1768,0x00000000000,0x000000e92e7,0x000000000,0x00000000,0x00000000,0,0,0000000000000000e92e70000000000000000000000000
1769,0x00000000000,0x00000000000,0x000000000,0x17f7d7a2,0x00000000,0,0,000000000000000000000000000000bfbebd1000000000
1770,0x00000000000,0x00000000000,0x257943603,0x00000000,0x00000000,0,0,00000000000000000000095e50d80c0000000000000000
1771,0x00000000000,0x00000000000,0x000000000,0x00000000,0x00000000,0,0,0000000000000000000000000000000000000000000000
1772,0x00000000000,0x000000ea2eb,0x000000000,0x00000000,0x00000000,0,0,0000000000000000ea2eb0000000000000000000000000
1773,0x00000000000,0x00000000000,0x000000000,0x00000000,0x00000000,0,0,0000000000000000000000000000000000000000000000
1774,0x00000000000,0x00000000000,0x257b43643,0x00000000,0x00000000,0,0,00000000000000000000095ed0d90c0000000000000000
1775,0x00000000000,0x00000000000,0x000000000,0x00000000,0x00000000,0,0,0000000000000000000000000000000000000000000000
1776,0x00000000000,0x000000eb2ef,0x03a801e2b,0x00000000,0x3817e009,0,0,0000000000000000eb2ef0ea0078ac00000003817e0090
1777,0x00000000000,0x00000000000,0x000000000,0x00000000,0x00000000,0,0,0000000000000000000000000000000000000000000000
1778,0x00000000000,0x00000000000,0x000000000,0x00000000,0x00000000,0,0,0000000000000000000000000000000000000000000000
1779,0x00000000000,0x00000000000,0x000000000,0x1b3a7a42,0x00000000,0,0,000000000000000000000000000000d9d3d21000000000
1780,0x00000000000,0x000000ec2f3,0x000000000,0x00000000,0x00000000,0,0,0000000000000000ec2f30000000000000000000000000
1781,0x00000000000,0x00000000000,0x000000000,0x00000000,0x00000000,0,0,0000000000000000000000000000000000000000000000
1782,0x00000000000,0x00000000000,0x03aa01e6b,0x00000000,0x00000000,0,0,0000000000000000000000ea8079ac0000000000000000
1783,0x00000000000,0x00000000000,0x000000000,0x00000000,0x00000000,0,0,0000000000000000000000000000000000000000000000
1784,0x00000000000,0x000000ed2f7,0x000000000,0x00000000,0x00000000,0,0,0000000000000000ed2f70000000000000000000000000
1785,0x00000000000,0x00000000000,0x000000000,0x00000000,0x00000000,0,0,0000000000000000000000000000000000000000000000
1786,0x00000000000,0x00000000000,0x000000000,0x1b9b3b02,0x00000000,0,0,000000000000000000000000000000dcd9d81000000000
1787,0x00000000000,0x00000000000,0x057d43683,0x00000000,0x00000000,0,0,00000000000000000000015f50da0c0000000000000000
1788,0x00000000000,0x00000000000,0x057f436c3,0x00000000,0x00000000,0,0,00000000000000000000015fd0db0c0000000000000000
1789,0x00000000000,0x00000000000,0x03ac01eab,0x00000000,0x00000000,0,0,0000000000000000000000eb007aac0000000000000000
1790,0x00000000000,0x00000000000,0x000000000,0x00000000,0x00000000,0,0,0000000000000000000000000000000000000000000000
1791,0x00000000000,0x00000000000,0x000000000,0x00000000,0x00000000,0,0,0000000000000000000000000000000000000000000000
1792,0x00000000000,0x00000000000,0x000000000,0x00000000,0x00000000,0,0,0000000000000000000000000000000000000000000000
1793,0x00000000000,0x00000000000,0x000000000,0x00000000,0x00000000,0,0,0000000000000000000000000000000000000000000000
1794,0x00000000000,0x000000ee2fb,0x03ae01eeb,0x00000000,0x00000000,0,0,0000000000000000ee2fb0eb807bac0000000000000000
1795,0x00000000000,0x000000ef2ff,0x000000000,0x1b5aba82,0x00000000,0,0,0000000000000000ef2ff000000000dad5d41000000000
1796,0x00000000000,0x00000000000,0x000000000,0x00000000,0x00000000,0,0,0000000000000000000000000000000000000000000000
1797,0x00000000000,0x00000000000,0x000000000,0x00000000,0x00000000,0,0,0000000000000000000000000000000000000000000000
1798,0x00000000000,0x00000000000,0x05b181903,0x00000000,0x00000000,0,0,00000000000000000000016c60640c0000000000000000
1799,0x00000000000,0x00000000000,0x05b381943,0x00000000,0x00000000,0,0,00000000000000000000016ce0650c0000000000000000
1800,0x00000000000,0x00000000000,0x05b581983,0x00000000,0x00000000,0,0,00000000000000000000016d60660c0000000000000000
1801,0x00000000000,0x00000000000,0x05b7819c3,0x00000000,0x00000000,0,0,00000000000000000000016de0670c0000000000000000
1802,0x00000000000,0x00000000000,0x05b981a03,0x00000000,0x00000000,0,0,00000000000000000000016e60680c0000000000000000
1803,0x00000000000,0x00000000000,0x05bb81a43,0x00000000,0x00000000,0,0,00000000000000000000016ee0690c0000000000000000
1804,0x00000000000,0x00000000000,0x05bd81a83,0x00000000,0x00000000,0,0,00000000000000000000016f606a0c0000000000000000
1805,0x00000000000,0x000000f0363,0x05bf81ac3,0x00000000,0x00000000,0,0,0000000000000000f036316fe06b0c0000000000000000
1806,0x00000000000,0x000000f1367,0x000000000,0x1b7afac2,0x00000000,0,0,0000000000000000f1367000000000dbd7d61000000000
1807,0x00000000000,0x000000f236b,0x000000000,0x00000000,0x00000000,0,0,0000000000000000f236b0000000000000000000000000
1808,0x00000000000,0x000000f336f,0x000000000,0x00000000,0x00000000,0,0,0000000000000000f336f0000000000000000000000000
1809,0x00000000000,0x000000f4373,0x000000000,0x00000000,0x00000000,0,0,0000000000000000f43730000000000000000000000000
1810,0x00000000000,0x000000f5377,0x000000000,0x00000000,0x00000000,0,0,0000000000000000f53770000000000000000000000000
1811,0x00000000000,0x000000f637b,0x000000000,0x00000000,0x00000000,0,0,0000000000000000f637b0000000000000000000000000
1812,0x00000000000,0x000000f737f,0x000000000,0x00000000,0x00000000,0,0,0000000000000000f737f0000000000000000000000000
1813,0x00000000000,0x00000000000,0x000000000,0x1bbb7b42,0x00000000,0,0,000000000000000000000000000000dddbda1000000000
1814,0x00000000000,0x00000000000,0x000000000,0x00000000,0x00000000,0,0,0000000000000000000000000000000000000000000000
1815,0x00000000000,0x00000000000,0x000000000,0x00000000,0x00000000,0,0,0000000000000000000000000000000000000000000000
1816,0x00000000000,0x00000000000,0x000000000,0x00000000,0x00000000,0,0,0000000000000000000000000000000000000000000000
1817,0x00000000000,0x00000000000,0x000000000,0x00000000,0x00000000,0,0,0000000000000000000000000000000000000000000000
1818,0x00000000000,0x00000000000,0x000000000,0x00000000,0x00000000,0,0,0000000000000000000000000000000000000000000000
1819,0x00000000000,0x00000000000,0x000000000,0x00000000,0x00000000,0,0,0000000000000000000000000000000000000000000000
1820,0x00000000000,0x00000000000,0x000000000,0x1bdbbb82,0x00000000,0,0,000000000000000000000000000000dedddc1000000000
1821,0x00000000000,0x00000000000,0x000000000,0x00000000,0x00000000,0,0,0000000000000000000000000000000000000000000000
1822,0x00000000000,0x00000000000,0x000000000,0x00000000,0x00000000,0,0,0000000000000000000000000000000000000000000000
1823,0x00000000000,0x00000000000,0x000000000,0x00000000,0x00000000,0,0,0000000000000000000000000000000000000000000000
1824,0x00000000000,0x00000000000,0x000000000,0x00000000,0x00000000,0,0,0000000000000000000000000000000000000000000000
1825,0x00000000000,0x00000000000,0x000000000,0x00000000,0x00000000,0,0,0000000000000000000000000000000000000000000000
1826,0x00000000000,0x00000000000,0x000000000,0x00000000,0x00000000,0,0,0000000000000000000000000000000000000000000000
1827,0x00000000000,0x00000000000,0x000000000,0x00000000,0x3bfbc009,0,0,00000000000000000000000000000000000003bfbc0090
1828,0x00000000000,0x00000000000,0x000000000,0x00000000,0x00000000,0,0,0000000000000000000000000000000000000000000000
1829,0x00000000000,0x00000000000,0x000000000,0x00000000,0x00000000,0,0,0000000000000000000000000000000000000000000000
1830,0x00000000000,0x00000000000,0x000000000,0x00000000,0x00000000,0,0,0000000000000000000000000000000000000000000000
1831,0x00000000000,0x00000000000,0x000000000,0x00000000,0x00000000,0,0,0000000000000000000000000000000000000000000000
1832,0x00000000000,0x00000000000,0x000000000,0x00000000,0x00000000,0,0,0000000000000000000000000000000000000000000000
1833,0x00000000000,0x00000000000,0x000000000,0x00000000,0x00000000,0,0,0000000000000000000000000000000000000000000000
1834,0x00000000000,0x00000000000,0x000000000,0x00000000,0x00000000,0,0,0000000000000000000000000000000000000000000000
1835,0x00000000000,0x00000000000,0x000000000,0x00000000,0x00000000,0,0,0000000000000000000000000000000000000000000000
1836,0x00000000000,0x00000000000,0x000000000,0x00000000,0x00000000,0,0,0000000000000000000000000000000000000000000000
1837,0x00000000000,0x00000000000,0x000000000,0x00000000,0x00000000,0,0,0000000000000000000000000000000000000000000000
1838,0x00000000000,0x00000000000,0x000000000,0x00000000,0x00000000,0,0,0000000000000000000000000000000000000000000000
1839,0x00000000000,0x00000000000,0x000000000,0x00000000,0x00000000,0,0,0000000000000000000000000000000000000000000000
1840,0x00000000000,0x00000000000,0x000000000,0x00000000,0x00000000,0,0,0000000000000000000000000000000000000000000000
1841,0x00000000000,0x00000000000,0x000000000,0x00000000,0x00000000,0,0,0000000000000000000000000000000000000000000000
1842,0x00000000000,0x00000000000,0x000000000,0x00000000,0x00000000,0,0,0000000000000000000000000000000000000000000000
1843,0x00000000000,0x00000000000,0x000000000,0x00000000,0x00000000,0,0,0000000000000000000000000000000000000000000000
1844,0x00000000000,0x00000000000,0x000000000,0x00000000,0x00000000,0,0,0000000000000000000000000000000000000000000000
1845,0x00000000000,0x00000000000,0x000000000,0x00000000,0x00000000,0,0,0000000000000000000000000000000000000000000000
1846,0x00000000000,0x00000000000,0x000000000,0x00000000,0x00000000,0,0,0000000000000000000000000000000000000000000000
1847,0x00000000000,0x00000000000,0x000000000,0x00000000,0x00000000,0,0,0000000000000000000000000000000000000000000000
1848,0x00000000000,0x00000000000,0x000000000,0x00000000,0x00000000,0,0,0000000000000000000000000000000000000000000000
1849,0x00000000000,0x00000000000,0x05f1bfd03,0x00000000,0x00000000,0,0,00000000000000000000017c6ff40c0000000000000000
1850,0x00000000000,0x00000000000,0x05f3bfd43,0x00000000,0x00000000,0,0,00000000000000000000017ceff50c0000000000000000
1851,0x00000000000,0x00000000000,0x05f5bfd83,0x00000000,0x00000000,0,0,00000000000000000000017d6ff60c0000000000000000
1852,0x00000000000,0x00000000000,0x05f7bfdc3,0x00000000,0x00000000,0,0,00000000000000000000017deff70c0000000000000000
1853,0x00000000000,0x00000000000,0x05f9bfe03,0x00000000,0x00000000,0,0,00000000000000000000017e6ff80c0000000000000000
1854,0x00000000000,0x00000000000,0x05fbbfe43,0x00000000,0x00000000,0,0,00000000000000000000017eeff90c0000000000000000
1855,0x00000000000,0x00000000000,0x05fdbfe83,0x00000000,0x00000000,0,0,00000000000000000000017f6ffa0c0000000000000000
1856,0x00000000000,0x000000f83e3,0x05ffbfec3,0x00000000,0x00000000,0,0,0000000000000000f83e317feffb0c0000000000000000
1857,0x00000000000,0x000000f93e7,0x000000000,0x00000000,0x00000000,0,0,0000000000000000f93e70000000000000000000000000
1858,0x00000000000,0x000000fa3eb,0x000000000,0x00000000,0x00000000,0,0,0000000000000000fa3eb0000000000000000000000000
1859,0x00000000000,0x000000fb3ef,0x000000000,0x00000000,0x00000000,0,0,0000000000000000fb3ef0000000000000000000000000
1860,0x00000000000,0x000000fc3f3,0x000000000,0x00000000,0x00000000,0,0,0000000000000000fc3f30000000000000000000000000
1861,0x00000000000,0x000000fd3f7,0x000000000,0x00000000,0x00000000,0,0,0000000000000000fd3f70000000000000000000000000
1862,0x00000000000,0x000000fe3fb,0x000000000,0x00000000,0x00000000,0,0,0000000000000000fe3fb0000000000000000000000000
1863,0x00000000000,0x000000ff3ff,0x000000000,0x00000000,0x00000000,0,0,0000000000000000ff3ff0000000000000000000000000
1864,0x00000000000,0x00000000000,0x000000000,0x00000000,0x00000000,0,1,0000000000000000000000000000000000000000000001
