cycle,load,store,vector,scalar,sfu,reserved,eop,word_hex
0,0x00000000003,0x00000000000,0x000000000,0x00000000,0x00000000,0,0,0000000000c00000000000000000000000000000000000
1,0x00000001007,0x00000000000,0x000000000,0x00000000,0x00000000,0,0,0000000401c00000000000000000000000000000000000
2,0x00000002023,0x00000000000,0x000000000,0x00000000,0x00000000,0,0,0000000808c00000000000000000000000000000000000
3,0x00000003027,0x00000000000,0x02000000c,0x00000000,0x00000000,0,0,0000000c09c00000000000800000300000000000000000
4,0x00000004043,0x00000000000,0x02020002c,0x00000000,0x00000000,0,0,0000001010c00000000000808000b00000000000000000
5,0x00000005047,0x00000000000,0x020e0010c,0x00000000,0x00000000,0,0,0000001411c00000000000838004300000000000000000
6,0x00000006063,0x00000000000,0x02100012c,0x00000000,0x00000000,0,0,0000001818c00000000000840004b00000000000000000
7,0x00000007067,0x00000000000,0x021c0020c,0x00000000,0x00000000,0,0,0000001c19c00000000000870008300000000000000000
8,0x00000008083,0x00000000000,0x021e0022c,0x00000000,0x00000000,0,0,0000002020c00000000000878008b00000000000000000
9,0x00000009087,0x00000000000,0x022a0030c,0x00000000,0x00000000,0,0,0000002421c000000000008a800c300000000000000000
10,0x0000000a0a3,0x00000000000,0x022c0032c,0x00000000,0x00000000,0,0,0000002828c000000000008b000cb00000000000000000
11,0x0000000b0a7,0x00000000000,0x02380040c,0x00402004,0x00000000,0,0,0000002c29c000000000008e0010300201002000000000
12,0x0000000c0c3,0x00000000000,0x023a0042c,0x00000000,0x00000000,0,0,0000003030c000000000008e8010b00000000000000000
13,0x0000000d0c7,0x00000000000,0x02460050c,0x012100e4,0x00000000,0,0,0000003431c00000000000918014300908072000000000
14,0x0000000e0e3,0x00000000000,0x02480052c,0x00000000,0x00000000,0,0,0000003838c00000000000920014b00000000000000000
15,0x0000000f0e7,0x00000000000,0x02540060c,0x0201e1c4,0x00000000,0,0,0000003c39c0000000000095001830100f0e2000000000
16,0x00000010103,0x00000000000,0x02560062c,0x00000000,0x00000000,0,0,0000004040c00000000000958018b00000000000000000
17,0x00000011107,0x00000000000,0x02620070c,0x02e2c2a4,0x00000000,0,0,0000004441c0000000000098801c301716152000000000
18,0x00000012123,0x00000000000,0x040404003,0x00000000,0x00000000,0,0,0000004848c000000000010101000c0000000000000000
19,0x00000013127,0x00000000000,0x040804023,0x03c3a384,0x00000000,0,0,0000004c49c000000000010201008c1e1d1c2000000000
20,0x00000014143,0x00000000000,0x041412103,0x00000000,0x00000000,0,0,0000005050c000000000010504840c0000000000000000
21,0x00000015147,0x00000000000,0x041812123,0x04a48464,0x00000000,0,0,0000005451c000000000010604848c2524232000000000
22,0x00000016163,0x00000000000,0x042420203,0x00000000,0x00000000,0,0,0000005858c000000000010908080c0000000000000000
23,0x00000017167,0x00000000000,0x042820223,0x05856544,0x00000000,0,0,0000005c59c000000000010a08088c2c2b2a2000000000
24,0x00000018183,0x00000000000,0x04342e303,0x00000000,0x00000000,0,0,0000006060c000000000010d0b8c0c0000000000000000
25,0x00000019187,0x00000000000,0x04382e323,0x00000000,0x40605041,0,0,0000006461c000000000010e0b8c8c0000000406050410
26,0x0000001a1a3,0x00000000000,0x04443c403,0x00000000,0x00000000,0,0,0000006868c00000000001110f100c0000000000000000
27,0x0000001b1a7,0x00000000000,0x04483c423,0x00000000,0x00000000,0,0,0000006c69c00000000001120f108c0000000000000000
28,0x0000001c1c3,0x00000000000,0x04544a503,0x00000000,0x00000000,0,0,0000007070c000000000011512940c0000000000000000
29,0x0000001d1c7,0x00000000000,0x04584a523,0x00000000,0x40a09041,0,0,0000007471c000000000011612948c000000040a090410
30,0x0000001e1e3,0x00000000000,0x046458603,0x00000000,0x00000000,0,0,0000007878c000000000011916180c0000000000000000
31,0x0000001f1e7,0x00000000000,0x046858623,0x00000000,0x00000000,0,0,0000007c79c000000000011a16188c0000000000000000
32,0x00000020203,0x00000000000,0x02640072c,0x00000000,0x00000000,0,0,0000008080c0000000000099001cb00000000000000000
33,0x00000021207,0x00000000000,0x02700080c,0x00000000,0x41615041,0,0,0000008481c000000000009c0020300000000416150410
34,0x00000022223,0x00000000000,0x02720082c,0x00000000,0x00000000,0,0,0000008888c000000000009c8020b00000000000000000
35,0x00000023227,0x00000000000,0x027e0090c,0x00000000,0x00000000,0,0,0000008c89c000000000009f8024300000000000000000
36,0x00000024243,0x00000000000,0x02800092c,0x00000000,0x00000000,0,0,0000009090c00000000000a00024b00000000000000000
37,0x00000025247,0x00000000000,0x028e00a2c,0x00000000,0x41a19041,0,0,0000009491c00000000000a38028b0000000041a190410
38,0x00000026263,0x00000000000,0x028c00a0c,0x00000000,0x00000000,0,0,0000009898c00000000000a30028300000000000000000
39,0x00000027267,0x00000000000,0x029a00b0c,0x06664624,0x00000000,0,0,0000009c99c00000000000a6802c303332312000000000
40,0x00000028283,0x00000000000,0x029c00b2c,0x00000000,0x00000000,0,0,000000a0a0c00000000000a7002cb00000000000000000
41,0x00000029287,0x00000000000,0x02a800c0c,0x07472704,0x42625041,0,0,000000a4a1c00000000000aa0030303a39382426250410
42,0x0000002a2a3,0x00000000000,0x02aa00c2c,0x00000000,0x00000000,0,0,000000a8a8c00000000000aa8030b00000000000000000
43,0x0000002b2a7,0x00000000000,0x02b600d0c,0x082807e4,0x00000000,0,0,000000aca9c00000000000ad80343041403f2000000000
44,0x0000002c2c3,0x00000000000,0x02b800d2c,0x00000000,0x00000000,0,0,000000b0b0c00000000000ae0034b00000000000000000
45,0x0000002d2c7,0x00000000000,0x02c600e2c,0x0908e8c4,0x42a29041,0,0,000000b4b1c00000000000b18038b0484746242a290410
46,0x0000002e2e3,0x00000000000,0x02c400e0c,0x00000000,0x00000000,0,0,000000b8b8c00000000000b10038300000000000000000
47,0x0000002f2e7,0x00000000000,0x02d200f0c,0x09e9c9a4,0x00000000,0,0,000000bcb9c00000000000b4803c304f4e4d2000000000
48,0x00000030303,0x00000000000,0x02d400f2c,0x00000000,0x00000000,0,0,000000c0c0c00000000000b5003cb00000000000000000
49,0x00000031307,0x00000000000,0x02e00100c,0x0acaaa84,0x43635041,0,0,000000c4c1c00000000000b80040305655542436350410
50,0x00000032323,0x00000000000,0x02e20102c,0x00000000,0x00000000,0,0,000000c8c8c00000000000b88040b00000000000000000
51,0x00000033327,0x00000000000,0x02ee0110c,0x0bab8b64,0x00000000,0,0,000000ccc9c00000000000bb8044305d5c5b2000000000
52,0x00000034343,0x00000000000,0x02f00112c,0x00000000,0x00000000,0,0,000000d0d0c00000000000bc0044b00000000000000000
53,0x00000035347,0x00000000000,0x02060006b,0x0c8c6c44,0x43a39041,0,0,000000d4d1c00000000000818001ac646362243a390410
54,0x00000036363,0x00000000000,0x02fc0120c,0x00000000,0x00000000,0,0,000000d8d8c00000000000bf0048300000000000000000
55,0x00000037367,0x00000000000,0x030a0130c,0x0d6d4d24,0x00000000,0,0,000000dcd9c00000000000c2804c306b6a692000000000
56,0x00000038383,0x00000000000,0x02fe0122c,0x00000000,0x00000000,0,0,000000e0e0c00000000000bf8048b00000000000000000
57,0x00000039387,0x00000000000,0x0208000ab,0x0e4e2e04,0x44645041,0,0,000000e4e1c00000000000820002ac7271702446450410
58,0x0000003a3a3,0x00000000000,0x030c0132c,0x00000000,0x00000000,0,0,000000e8e8c00000000000c3004cb00000000000000000
59,0x0000003b3a7,0x00000000000,0x03180140c,0x0f2f0ee4,0x00000000,0,0,000000ece9c00000000000c60050307978772000000000
60,0x0000003c3c3,0x00000000000,0x031a0142c,0x00000000,0x00000000,0,0,000000f0f0c00000000000c68050b00000000000000000
61,0x0000003d3c7,0x00000000000,0x02140016b,0x00000000,0x44a49041,0,0,000000f4f1c00000000000850005ac000000044a490410
62,0x0000003e3e3,0x00000000000,0x03260150c,0x00000000,0x00000000,0,0,000000f8f8c00000000000c98054300000000000000000
63,0x0000003f3e7,0x00000000000,0x03340160c,0x100fefc4,0x00000000,0,0,000000fcf9c00000000000cd005830807f7e2000000000
64,0x00000000000,0x00000000000,0x03280152c,0x00000000,0x00000000,0,0,0000000000000000000000ca0054b00000000000000000
65,0x00000000000,0x00000000000,0x0216001ab,0x10f0d0a4,0x45655041,0,0,0000000000000000000000858006ac8786852456550410
66,0x00000000000,0x00000000000,0x03360162c,0x00000000,0x00000000,0,0,0000000000000000000000cd8058b00000000000000000
67,0x00000000000,0x00000000000,0x03420170c,0x11d1b184,0x00000000,0,0,0000000000000000000000d0805c308e8d8c2000000000
68,0x00000000000,0x00000000000,0x03440172c,0x00000000,0x00000000,0,0,0000000000000000000000d1005cb00000000000000000
69,0x00000000000,0x00000000000,0x02220026b,0x00a08062,0x45a59041,0,0,0000000000000000000000888009ac050403145a590410
70,0x00000000000,0x00000000000,0x03500180c,0x00000000,0x00000000,0,0,0000000000000000000000d40060300000000000000000
71,0x00000000000,0x00000000000,0x035e0190c,0x12b29264,0x00000000,0,0,0000000000000000000000d78064309594932000000000
72,0x00000000000,0x00000000000,0x03520182c,0x00000000,0x00000000,0,0,0000000000000000000000d48060b00000000000000000
73,0x00000000000,0x00000000000,0x0224002ab,0x13937344,0x46665041,0,0,000000000000000000000089000aac9c9b9a2466650410
74,0x00000000000,0x00000000000,0x03600192c,0x00000000,0x00000000,0,0,0000000000000000000000d80064b00000000000000000
75,0x00000000000,0x00000000000,0x036c01a0c,0x14745424,0x00000000,0,0,0000000000000000000000db006830a3a2a12000000000
76,0x00000000000,0x00000000000,0x036e01a2c,0x00000000,0x40c0a003,0,0,0000000000000000000000db8068b0000000040c0a0030
77,0x00000000000,0x00000000000,0x02300036b,0x01816142,0x46a69041,0,0,00000000000000000000008c000dac0c0b0a146a690410
78,0x00000000000,0x00000000000,0x037a01b0c,0x00000000,0x00000000,0,0,0000000000000000000000de806c300000000000000000
79,0x00000000000,0x00000000000,0x038801c0c,0x15553504,0x00000000,0,0,0000000000000000000000e2007030aaa9a82000000000
80,0x00000000000,0x00000000000,0x037c01b2c,0x00000000,0x00000000,0,0,0000000000000000000000df006cb00000000000000000
81,0x00000000000,0x00000000000,0x0232003ab,0x163615e4,0x00000000,0,0,00000000000000000000008c800eacb1b0af2000000000
82,0x00000000000,0x00000000000,0x038a01c2c,0x00000000,0x00000000,0,0,0000000000000000000000e28070b00000000000000000
83,0x00000000000,0x00000000000,0x039601d0c,0x1716f6c4,0x00000000,0,0,0000000000000000000000e5807430b8b7b62000000000
84,0x00000000000,0x00000000000,0x039801d2c,0x00000000,0x41a18003,0,0,0000000000000000000000e60074b0000000041a180030
85,0x00000000000,0x00000000000,0x023e0046b,0x02624222,0x00000000,0,0,00000000000000000000008f8011ac1312111000000000
86,0x00000000000,0x00000000000,0x03a401e0c,0x00000000,0x00000000,0,0,0000000000000000000000e90078300000000000000000
87,0x00000000000,0x00000000000,0x03b201f0c,0x17f7d7a4,0x00000000,0,0,0000000000000000000000ec807c30bfbebd2000000000
88,0x00000000000,0x00000000000,0x03a601e2c,0x00000000,0x00000000,0,0,0000000000000000000000e98078b00000000000000000
89,0x00000000000,0x00000000000,0x0240004ab,0x18d8b884,0x00000000,0,0,0000000000000000000000900012acc6c5c42000000000
90,0x00000000000,0x00000000000,0x03b401f2c,0x00000000,0x00000000,0,0,0000000000000000000000ed007cb00000000000000000
91,0x00000000000,0x00000000000,0x000000000,0x19b99964,0x00000000,0,0,000000000000000000000000000000cdcccb2000000000
92,0x00000000000,0x00000000000,0x000000000,0x00000000,0x42826003,0,0,0000000000000000000000000000000000000428260030
93,0x00000000000,0x00000000000,0x024c0056b,0x03432302,0x00000000,0,0,0000000000000000000000930015ac1a19181000000000
94,0x00000000000,0x00000000000,0x000000000,0x00000000,0x00000000,0,0,0000000000000000000000000000000000000000000000
95,0x00000000000,0x00000000000,0x000000000,0x1a9a7a44,0x00000000,0,0,000000000000000000000000000000d4d3d22000000000
96,0x00000000000,0x00000000000,0x000000000,0x00000000,0x00000000,0,0,0000000000000000000000000000000000000000000000
97,0x00000000000,0x00000000000,0x024e005ab,0x1b7b5b24,0x00000000,0,0,0000000000000000000000938016acdbdad92000000000
98,0x00000000000,0x00000000000,0x040c0c061,0x00000000,0x00000000,0,0,0000000000000000000001030301840000000000000000
99,0x00000000000,0x00000000000,0x040e0c0a1,0x00000000,0x00000000,0,0,0000000000000000000001038302840000000000000000
100,0x00000000000,0x00000000000,0x047466703,0x00000000,0x43634003,0,0,00000000000000000000011d199c0c0000000436340030
101,0x00000000000,0x00000000000,0x025a0066b,0x042403e2,0x00000000,0,0,0000000000000000000000968019ac21201f1000000000
102,0x00000000000,0x00000000000,0x047866723,0x00000000,0x00000000,0,0,00000000000000000000011e199c8c0000000000000000
103,0x00000000000,0x00000000000,0x041c1a161,0x00000000,0x00000000,0,0,0000000000000000000001070685840000000000000000
104,0x00000000000,0x00000000000,0x041e1a1a1,0x00000000,0x00000000,0,0,0000000000000000000001078686840000000000000000
105,0x00000000000,0x0000000001b,0x025c006ab,0x00000000,0x00000000,0,0,00000000000000000001b097001aac0000000000000000
106,0x00000041007,0x0000000101f,0x048474803,0x00000000,0x00000000,0,0,0000010401c000000101f1211d200c0000000000000000
107,0x00000040003,0x00000000000,0x048874823,0x00000000,0x47675041,0,0,0000010000c00000000001221d208c0000000476750410
108,0x00000000000,0x00000000000,0x04a490a03,0x00000000,0x44442003,0,0,00000000000000000000012924280c0000000444420030
109,0x00000000000,0x00000000000,0x049482903,0x0504e4c2,0x00000000,0,0,00000000000000000000012520a40c2827261000000000
110,0x00000000000,0x0000000203b,0x049882923,0x00000000,0x00000000,0,0,00000000000000000203b12620a48c0000000000000000
111,0x00000043027,0x0000000303f,0x042e282a1,0x00000000,0x47a79041,0,0,0000010c09c000000303f10b8a0a84000000047a790410
112,0x00000042023,0x00000000000,0x042c28261,0x00000000,0x00000000,0,0,0000010808c000000000010b0a09840000000000000000
113,0x00000000000,0x00000000000,0x04a890a23,0x00000000,0x00000000,0,0,00000000000000000000012a24288c0000000000000000
114,0x00000000000,0x00000000000,0x04b49eb03,0x00000000,0x00000000,0,0,00000000000000000000012d27ac0c0000000000000000
115,0x00000000000,0x00000000000,0x03c00000c,0x00000000,0x48685041,0,0,0000000000000000000000f00000300000000486850410
116,0x00000000000,0x00000000000,0x03c20002c,0x00000000,0x45250003,0,0,0000000000000000000000f08000b00000000452500030
117,0x00000000000,0x00000000000,0x03d00012c,0x05e5c5a2,0x00000000,0,0,0000000000000000000000f40004b02f2e2d1000000000
118,0x00000000000,0x0000000505f,0x03ce0010c,0x00000000,0x00000000,0,0,00000000000000000505f0f38004300000000000000000
119,0x00000044043,0x0000000405b,0x000000000,0x00000000,0x48a89041,0,0,0000011010c000000405b000000000000000048a890410
120,0x00000045047,0x00000000000,0x000000000,0x00000000,0x00000000,0,0,0000011411c00000000000000000000000000000000000
121,0x00000000000,0x00000000000,0x000000000,0x00000000,0x00000000,0,0,0000000000000000000000000000000000000000000000
122,0x00000000000,0x00000000000,0x03dc0020c,0x00000000,0x00000000,0,0,0000000000000000000000f70008300000000000000000
123,0x00000000000,0x00000000000,0x03de0022c,0x1c5c3c04,0x49695041,0,0,0000000000000000000000f78008b0e2e1e02496950410
124,0x00000000000,0x00000000000,0x000000000,0x00000000,0x4605e003,0,0,00000000000000000000000000000000000004605e0030
125,0x00000000000,0x00000000000,0x000000000,0x1d3d1ce4,0x00000000,0,0,000000000000000000000000000000e9e8e72000000000
126,0x00000000000,0x00000000000,0x000000000,0x00000000,0x00000000,0,0,0000000000000000000000000000000000000000000000
127,0x00000000000,0x00000000000,0x000000000,0x00000000,0x49a99041,0,0,000000000000000000000000000000000000049a990410
128,0x00000000000,0x00000000000,0x000000000,0x00000000,0x00000000,0,0,0000000000000000000000000000000000000000000000
129,0x00000000000,0x00000000000,0x000000000,0x00000000,0x00000000,0,0,0000000000000000000000000000000000000000000000
130,0x00000000000,0x00000000000,0x000000000,0x1e1dfdc4,0x00000000,0,0,000000000000000000000000000000f0efee2000000000
131,0x00000000000,0x00000000000,0x000000000,0x00000000,0x4a6a5041,0,0,00000000000000000000000000000000000004a6a50410
132,0x00000000000,0x00000000000,0x000000000,0x00000000,0x00000000,0,0,0000000000000000000000000000000000000000000000
133,0x00000000000,0x00000000000,0x000000000,0x00000000,0x00000000,0,0,0000000000000000000000000000000000000000000000
134,0x00000000000,0x00000000000,0x000000000,0x00000000,0x00000000,0,0,0000000000000000000000000000000000000000000000
135,0x00000000000,0x00000000000,0x02680076b,0x00000000,0x4aaa9041,0,0,00000000000000000000009a001dac00000004aaa90410
136,0x00000000000,0x00000000000,0x000000000,0x00000000,0x00000000,0,0,0000000000000000000000000000000000000000000000
137,0x00000000000,0x00000000000,0x000000000,0x00000000,0x00000000,0,0,0000000000000000000000000000000000000000000000
138,0x00000000000,0x00000000000,0x000000000,0x00000000,0x00000000,0,0,0000000000000000000000000000000000000000000000
139,0x00000000000,0x00000000000,0x026a007ab,0x00000000,0x4b6b5041,0,0,00000000000000000000009a801eac00000004b6b50410
140,0x00000000000,0x00000000000,0x000000000,0x00000000,0x00000000,0,0,0000000000000000000000000000000000000000000000
141,0x00000000000,0x00000000000,0x000000000,0x00000000,0x00000000,0,0,0000000000000000000000000000000000000000000000
142,0x00000000000,0x00000000000,0x000000000,0x00000000,0x00000000,0,0,0000000000000000000000000000000000000000000000
143,0x00000000000,0x00000000000,0x02760086b,0x00000000,0x00000000,0,0,00000000000000000000009d8021ac0000000000000000
144,0x00000000000,0x00000000000,0x000000000,0x00000000,0x00000000,0,0,0000000000000000000000000000000000000000000000
145,0x00000000000,0x00000000000,0x000000000,0x00000000,0x00000000,0,0,0000000000000000000000000000000000000000000000
146,0x00000000000,0x00000000000,0x000000000,0x00000000,0x00000000,0,0,0000000000000000000000000000000000000000000000
147,0x00000000000,0x00000000000,0x0278008ab,0x00000000,0x00000000,0,0,00000000000000000000009e0022ac0000000000000000
148,0x00000000000,0x00000000000,0x000000000,0x00000000,0x00000000,0,0,0000000000000000000000000000000000000000000000
149,0x00000000000,0x00000000000,0x000000000,0x00000000,0x00000000,0,0,0000000000000000000000000000000000000000000000
150,0x00000000000,0x00000000000,0x000000000,0x00000000,0x00000000,0,0,0000000000000000000000000000000000000000000000
151,0x00000000000,0x00000000000,0x02840096b,0x06c6a682,0x00000000,0,0,0000000000000000000000a10025ac3635341000000000
152,0x00000000000,0x00000000000,0x000000000,0x00000000,0x00000000,0,0,0000000000000000000000000000000000000000000000
153,0x00000000000,0x00000000000,0x000000000,0x00000000,0x00000000,0,0,0000000000000000000000000000000000000000000000
154,0x00000000000,0x00000000000,0x000000000,0x00000000,0x00000000,0,0,0000000000000000000000000000000000000000000000
155,0x00000000000,0x00000000000,0x0286009ab,0x00000000,0x00000000,0,0,0000000000000000000000a18026ac0000000000000000
156,0x00000000000,0x00000000000,0x000000000,0x00000000,0x00000000,0,0,0000000000000000000000000000000000000000000000
157,0x00000000000,0x00000000000,0x000000000,0x00000000,0x00000000,0,0,0000000000000000000000000000000000000000000000
158,0x00000000000,0x00000000000,0x000000000,0x00000000,0x46e6c003,0,0,000000000000000000000000000000000000046e6c0030
159,0x00000000000,0x00000000000,0x029200a6b,0x07a78762,0x00000000,0,0,0000000000000000000000a48029ac3d3c3b1000000000
160,0x00000000000,0x00000000000,0x043c36361,0x00000000,0x00000000,0,0,00000000000000000000010f0d8d840000000000000000
161,0x00000000000,0x00000000000,0x043e363a1,0x00000000,0x00000000,0,0,00000000000000000000010f8d8e840000000000000000
162,0x00000000000,0x00000000000,0x044c44461,0x00000000,0x00000000,0,0,0000000000000000000001131111840000000000000000
163,0x00000000000,0x00000000000,0x044e444a1,0x00000000,0x00000000,0,0,0000000000000000000001139112840000000000000000
164,0x00000000000,0x00000000000,0x045c52561,0x00000000,0x00000000,0,0,0000000000000000000001171495840000000000000000
165,0x00000000000,0x00000000000,0x045e525a1,0x00000000,0x00000000,0,0,0000000000000000000001179496840000000000000000
166,0x00000000000,0x00000000000,0x046c60661,0x00000000,0x47c7a003,0,0,00000000000000000000011b181984000000047c7a0030
167,0x00000000000,0x0000000607b,0x046e606a1,0x08886842,0x00000000,0,0,00000000000000000607b11b981a844443421000000000
168,0x00000046063,0x0000000707f,0x029400aab,0x00000000,0x00000000,0,0,0000011818c000000707f0a5002aac0000000000000000
169,0x00000047067,0x0000000809b,0x02a000b6b,0x00000000,0x00000000,0,0,0000011c19c000000809b0a8002dac0000000000000000
170,0x00000048083,0x0000000909f,0x04b89eb23,0x00000000,0x00000000,0,0,0000012020c000000909f12e27ac8c0000000000000000
171,0x00000049087,0x0000000a0bb,0x04c4acc03,0x00000000,0x00000000,0,0,0000012421c000000a0bb1312b300c0000000000000000
172,0x0000004a0a3,0x0000000b0bf,0x04c8acc23,0x00000000,0x00000000,0,0,0000012828c000000b0bf1322b308c0000000000000000
173,0x0000004b0a7,0x0000000c0db,0x04d4bad03,0x00000000,0x00000000,0,0,0000012c29c000000c0db1352eb40c0000000000000000
174,0x0000004d0c7,0x0000000d0df,0x04d8bad23,0x00000000,0x48a88003,0,0,0000013431c000000d0df1362eb48c000000048a880030
175,0x0000004c0c3,0x00000000000,0x04e4c8e03,0x00000000,0x00000000,0,0,0000013030c000000000013932380c0000000000000000
176,0x00000000000,0x00000000000,0x04e8c8e23,0x00000000,0x00000000,0,0,00000000000000000000013a32388c0000000000000000
177,0x00000000000,0x00000000000,0x047c6e761,0x00000000,0x4bab9041,0,0,00000000000000000000011f1b9d8400000004bab90410
178,0x00000000000,0x00000000000,0x047e6e7a1,0x00000000,0x00000000,0,0,00000000000000000000011f9b9e840000000000000000
179,0x00000000000,0x00000000000,0x04f4d6f03,0x00000000,0x00000000,0,0,00000000000000000000013d35bc0c0000000000000000
180,0x00000000000,0x00000000000,0x04f8d6f23,0x09694922,0x00000000,0,0,00000000000000000000013e35bc8c4b4a491000000000
181,0x00000000000,0x00000000000,0x0504e5003,0x00000000,0x4c6c5041,0,0,00000000000000000000014139400c00000004c6c50410
182,0x00000000000,0x00000000000,0x0508e5023,0x00000000,0x00000000,0,0,00000000000000000000014239408c0000000000000000
183,0x00000000000,0x00000000000,0x0514f3103,0x00000000,0x00000000,0,0,0000000000000000000001453cc40c0000000000000000
184,0x00000000000,0x0000000e0fb,0x0518f3123,0x00000000,0x00000000,0,0,00000000000000000e0fb1463cc48c0000000000000000
185,0x0000004e0e3,0x0000000f0ff,0x03ec0032c,0x00000000,0x4cac9041,0,0,0000013838c000000f0ff0fb000cb000000004cac90410
186,0x0000004f0e7,0x00000000000,0x03f80040c,0x00000000,0x00000000,0,0,0000013c39c00000000000fe0010300000000000000000
187,0x00000000000,0x00000000000,0x03ea0030c,0x00000000,0x49896003,0,0,0000000000000000000000fa800c300000000498960030
188,0x00000000000,0x00000000000,0x03fa0042c,0x00000000,0x00000000,0,0,0000000000000000000000fe8010b00000000000000000
189,0x00000000000,0x00000000000,0x02060050c,0x00000000,0x4d6d5041,0,0,00000000000000000000008180143000000004d6d50410
190,0x00000000000,0x00000000000,0x02080052c,0x00000000,0x00000000,0,0,0000000000000000000000820014b00000000000000000
191,0x00000000000,0x00000000000,0x02140060c,0x00000000,0x00000000,0,0,0000000000000000000000850018300000000000000000
192,0x00000000000,0x00000000000,0x02160062c,0x00000000,0x00000000,0,0,0000000000000000000000858018b00000000000000000
193,0x00000000000,0x00000000000,0x02240072c,0x00000000,0x4dad9041,0,0,000000000000000000000089001cb000000004dad90410
194,0x00000000000,0x00000000000,0x02220070c,0x1efedea4,0x00000000,0,0,000000000000000000000088801c30f7f6f52000000000
195,0x00000000000,0x00000000000,0x000000000,0x1fdfbf84,0x00000000,0,0,000000000000000000000000000000fefdfc2000000000
196,0x00000000000,0x00000000000,0x000000000,0x00000000,0x00000000,0,0,0000000000000000000000000000000000000000000000
197,0x00000000000,0x00000000000,0x000000000,0x00a08064,0x4e6e5041,0,0,00000000000000000000000000000005040324e6e50410
198,0x00000000000,0x00000000000,0x000000000,0x00000000,0x00000000,0,0,0000000000000000000000000000000000000000000000
199,0x00000000000,0x00000000000,0x000000000,0x00000000,0x00000000,0,0,0000000000000000000000000000000000000000000000
200,0x00000000000,0x00000000000,0x000000000,0x01816144,0x00000000,0,0,0000000000000000000000000000000c0b0a2000000000
201,0x00000000000,0x00000000000,0x000000000,0x02624224,0x4eae9041,0,0,00000000000000000000000000000013121124eae90410
202,0x00000000000,0x00000000000,0x000000000,0x00000000,0x00000000,0,0,0000000000000000000000000000000000000000000000
203,0x00000000000,0x00000000000,0x000000000,0x00000000,0x00000000,0,0,0000000000000000000000000000000000000000000000
204,0x00000000000,0x00000000000,0x000000000,0x00000000,0x00000000,0,0,0000000000000000000000000000000000000000000000
205,0x00000000000,0x00000000000,0x02a200bab,0x00000000,0x4f6f5041,0,0,0000000000000000000000a8802eac00000004f6f50410
206,0x00000000000,0x00000000000,0x000000000,0x00000000,0x00000000,0,0,0000000000000000000000000000000000000000000000
207,0x00000000000,0x00000000000,0x000000000,0x00000000,0x00000000,0,0,0000000000000000000000000000000000000000000000
208,0x00000000000,0x00000000000,0x000000000,0x00000000,0x00000000,0,0,0000000000000000000000000000000000000000000000
209,0x00000000000,0x00000000000,0x02ae00c6b,0x00000000,0x4faf9041,0,0,0000000000000000000000ab8031ac00000004faf90410
210,0x00000000000,0x00000000000,0x000000000,0x00000000,0x00000000,0,0,0000000000000000000000000000000000000000000000
211,0x00000000000,0x00000000000,0x000000000,0x00000000,0x00000000,0,0,0000000000000000000000000000000000000000000000
212,0x00000000000,0x00000000000,0x000000000,0x00000000,0x00000000,0,0,0000000000000000000000000000000000000000000000
213,0x00000000000,0x00000000000,0x02b000cab,0x00000000,0x50705041,0,0,0000000000000000000000ac0032ac0000000507050410
214,0x00000000000,0x00000000000,0x000000000,0x00000000,0x00000000,0,0,0000000000000000000000000000000000000000000000
215,0x00000000000,0x00000000000,0x000000000,0x00000000,0x00000000,0,0,0000000000000000000000000000000000000000000000
216,0x00000000000,0x00000000000,0x000000000,0x00000000,0x00000000,0,0,0000000000000000000000000000000000000000000000
217,0x00000000000,0x00000000000,0x02bc00d6b,0x0a4a2a02,0x50b09041,0,0,0000000000000000000000af0035ac525150150b090410
218,0x00000000000,0x00000000000,0x000000000,0x00000000,0x00000000,0,0,0000000000000000000000000000000000000000000000
219,0x00000000000,0x00000000000,0x000000000,0x00000000,0x00000000,0,0,0000000000000000000000000000000000000000000000
220,0x00000000000,0x00000000000,0x000000000,0x00000000,0x00000000,0,0,0000000000000000000000000000000000000000000000
221,0x00000000000,0x00000000000,0x02be00dab,0x00000000,0x51715041,0,0,0000000000000000000000af8036ac0000000517150410
222,0x00000000000,0x00000000000,0x000000000,0x00000000,0x00000000,0,0,0000000000000000000000000000000000000000000000
223,0x00000000000,0x00000000000,0x000000000,0x00000000,0x00000000,0,0,0000000000000000000000000000000000000000000000
224,0x00000000000,0x00000000000,0x000000000,0x00000000,0x4a6a4003,0,0,00000000000000000000000000000000000004a6a40030
225,0x00000000000,0x00000000000,0x02ca00e6b,0x0b2b0ae2,0x51b19041,0,0,0000000000000000000000b28039ac595857151b190410
226,0x00000000000,0x00000000000,0x000000000,0x00000000,0x00000000,0,0,0000000000000000000000000000000000000000000000
227,0x00000000000,0x00000000000,0x000000000,0x00000000,0x00000000,0,0,0000000000000000000000000000000000000000000000
228,0x00000000000,0x00000000000,0x000000000,0x00000000,0x00000000,0,0,0000000000000000000000000000000000000000000000
229,0x00000000000,0x00000000000,0x02cc00eab,0x00000000,0x00000000,0,0,0000000000000000000000b3003aac0000000000000000
230,0x00000000000,0x00000000000,0x000000000,0x00000000,0x00000000,0,0,0000000000000000000000000000000000000000000000
231,0x00000000000,0x00000000000,0x000000000,0x00000000,0x00000000,0,0,0000000000000000000000000000000000000000000000
232,0x00000000000,0x00000000000,0x000000000,0x00000000,0x4b4b2003,0,0,00000000000000000000000000000000000004b4b20030
233,0x00000000000,0x00000000000,0x02d800f6b,0x0c0bebc2,0x00000000,0,0,0000000000000000000000b6003dac605f5e1000000000
234,0x00000000000,0x00000000000,0x000000000,0x00000000,0x00000000,0,0,0000000000000000000000000000000000000000000000
235,0x00000000000,0x00000000000,0x000000000,0x00000000,0x00000000,0,0,0000000000000000000000000000000000000000000000
236,0x00000000000,0x00000000000,0x000000000,0x00000000,0x00000000,0,0,0000000000000000000000000000000000000000000000
237,0x00000000000,0x00000000000,0x02da00fab,0x00000000,0x00000000,0,0,0000000000000000000000b6803eac0000000000000000
238,0x00000000000,0x00000000000,0x000000000,0x00000000,0x00000000,0,0,0000000000000000000000000000000000000000000000
239,0x00000000000,0x00000000000,0x000000000,0x00000000,0x00000000,0,0,0000000000000000000000000000000000000000000000
240,0x00000000000,0x00000000000,0x000000000,0x00000000,0x4c2c0003,0,0,00000000000000000000000000000000000004c2c00030
241,0x00000000000,0x00000000000,0x02e60106b,0x0ceccca2,0x00000000,0,0,0000000000000000000000b98041ac6766651000000000
242,0x00000000000,0x00000000000,0x000000000,0x00000000,0x00000000,0,0,0000000000000000000000000000000000000000000000
243,0x00000000000,0x00000000000,0x000000000,0x00000000,0x00000000,0,0,0000000000000000000000000000000000000000000000
244,0x00000000000,0x00000000000,0x000000000,0x00000000,0x00000000,0,0,0000000000000000000000000000000000000000000000
245,0x00000000000,0x00000000000,0x02e8010ab,0x00000000,0x00000000,0,0,0000000000000000000000ba0042ac0000000000000000
246,0x00000000000,0x00000000000,0x048c7c861,0x00000000,0x00000000,0,0,0000000000000000000001231f21840000000000000000
247,0x00000000000,0x00000000000,0x048e7c8a1,0x00000000,0x00000000,0,0,0000000000000000000001239f22840000000000000000
248,0x00000000000,0x00000000000,0x049c8a961,0x00000000,0x4d0ce003,0,0,00000000000000000000012722a58400000004d0ce0030
249,0x00000000000,0x00000000000,0x049e8a9a1,0x00000000,0x00000000,0,0,000000000000000000000127a2a6840000000000000000
250,0x00000000000,0x00000000000,0x04ac98a61,0x00000000,0x00000000,0,0,00000000000000000000012b2629840000000000000000
251,0x00000000000,0x00000000000,0x04ae98aa1,0x00000000,0x00000000,0,0,00000000000000000000012ba62a840000000000000000
252,0x00000000000,0x00000000000,0x04bca6b61,0x0dcdad82,0x00000000,0,0,00000000000000000000012f29ad846e6d6c1000000000
253,0x00000000000,0x0000001011b,0x04bea6ba1,0x00000000,0x00000000,0,0,00000000000000001011b12fa9ae840000000000000000
254,0x00000050103,0x0000001111f,0x04ceb4ca1,0x00000000,0x00000000,0,0,0000014040c000001111f133ad32840000000000000000
255,0x00000051107,0x0000001213b,0x04ccb4c61,0x00000000,0x00000000,0,0,0000014441c000001213b1332d31840000000000000000
256,0x00000052123,0x0000001313f,0x02f6011ab,0x00000000,0x00000000,0,0,0000014848c000001313f0bd8046ac0000000000000000
257,0x00000053127,0x0000001415b,0x02f40116b,0x0eae8e62,0x00000000,0,0,0000014c49c000001415b0bd0045ac7574731000000000
258,0x00000054143,0x0000001515f,0x052501203,0x00000000,0x00000000,0,0,0000015050c000001515f14940480c0000000000000000
259,0x00000055147,0x0000001617b,0x04dcc2d61,0x00000000,0x4dedc003,0,0,0000015451c000001617b13730b58400000004dedc0030
260,0x00000056163,0x0000001717f,0x04dec2da1,0x00000000,0x00000000,0,0,0000015858c000001717f137b0b6840000000000000000
261,0x00000057167,0x0000001919f,0x052901223,0x00000000,0x00000000,0,0,0000015c59c000001919f14a40488c0000000000000000
262,0x00000058183,0x0000001819b,0x05350f303,0x00000000,0x00000000,0,0,0000016060c000001819b14d43cc0c0000000000000000
263,0x00000059187,0x00000000000,0x05390f323,0x00000000,0x00000000,0,0,0000016461c000000000014e43cc8c0000000000000000
264,0x00000000000,0x00000000000,0x05451d403,0x00000000,0x4ecea003,0,0,00000000000000000000015147500c00000004ecea0030
265,0x00000000000,0x00000000000,0x05491d423,0x00000000,0x52725041,0,0,00000000000000000000015247508c0000000527250410
266,0x00000000000,0x0000001a1bb,0x05552b503,0x00000000,0x00000000,0,0,00000000000000001a1bb1554ad40c0000000000000000
267,0x0000005b1a7,0x0000001b1bf,0x04eed0ea1,0x00000000,0x00000000,0,0,0000016c69c000001b1bf13bb43a840000000000000000
268,0x0000005a1a3,0x00000000000,0x04ecd0e61,0x00000000,0x00000000,0,0,0000016868c000000000013b3439840000000000000000
269,0x00000000000,0x00000000000,0x05592b523,0x0f8f6f42,0x52b29041,0,0,0000000000000000000001564ad48c7c7b7a152b290410
270,0x00000000000,0x00000000000,0x056539603,0x00000000,0x00000000,0,0,0000000000000000000001594e580c0000000000000000
271,0x00000000000,0x00000000000,0x056939623,0x00000000,0x00000000,0,0,00000000000000000000015a4e588c0000000000000000
272,0x00000000000,0x00000000000,0x057547703,0x00000000,0x00000000,0,0,00000000000000000000015d51dc0c0000000000000000
273,0x00000000000,0x00000000000,0x02300080c,0x00000000,0x53735041,0,0,00000000000000000000008c0020300000000537350410
274,0x00000000000,0x0000001d1df,0x02320082c,0x00000000,0x00000000,0,0,00000000000000001d1df08c8020b00000000000000000
275,0x0000005d1c7,0x0000001c1db,0x023e0090c,0x00000000,0x00000000,0,0,0000017471c000001c1db08f8024300000000000000000
276,0x0000005c1c3,0x00000000000,0x02400092c,0x00000000,0x4faf8003,0,0,0000017070c00000000000900024b000000004faf80030
277,0x00000000000,0x00000000000,0x024e00a2c,0x00000000,0x53b39041,0,0,0000000000000000000000938028b0000000053b390410
278,0x00000000000,0x00000000000,0x024c00a0c,0x00000000,0x00000000,0,0,0000000000000000000000930028300000000000000000
279,0x00000000000,0x00000000000,0x025a00b0c,0x00000000,0x00000000,0,0,000000000000000000000096802c300000000000000000
280,0x00000000000,0x00000000000,0x025c00b2c,0x00000000,0x00000000,0,0,000000000000000000000097002cb00000000000000000
281,0x00000000000,0x00000000000,0x026800c0c,0x03432304,0x54745041,0,0,00000000000000000000009a0030301a19182547450410
282,0x00000000000,0x00000000000,0x026a00c2c,0x00000000,0x00000000,0,0,00000000000000000000009a8030b00000000000000000
283,0x00000000000,0x00000000000,0x027600d0c,0x042403e4,0x00000000,0,0,00000000000000000000009d80343021201f2000000000
284,0x00000000000,0x00000000000,0x027800d2c,0x00000000,0x00000000,0,0,00000000000000000000009e0034b00000000000000000
285,0x00000000000,0x00000000000,0x028600e2c,0x0504e4c4,0x54b49041,0,0,0000000000000000000000a18038b0282726254b490410
286,0x00000000000,0x00000000000,0x028400e0c,0x00000000,0x00000000,0,0,0000000000000000000000a10038300000000000000000
287,0x00000000000,0x00000000000,0x000000000,0x05e5c5a4,0x00000000,0,0,0000000000000000000000000000002f2e2d2000000000
288,0x00000000000,0x00000000000,0x000000000,0x00000000,0x00000000,0,0,0000000000000000000000000000000000000000000000
289,0x00000000000,0x00000000000,0x000000000,0x06c6a684,0x55755041,0,0,0000000000000000000000000000003635342557550410
290,0x00000000000,0x00000000000,0x000000000,0x00000000,0x00000000,0,0,0000000000000000000000000000000000000000000000
291,0x00000000000,0x00000000000,0x000000000,0x07a78764,0x00000000,0,0,0000000000000000000000000000003d3c3b2000000000
292,0x00000000000,0x00000000000,0x000000000,0x00000000,0x00000000,0,0,0000000000000000000000000000000000000000000000
293,0x00000000000,0x00000000000,0x03020126b,0x08886844,0x55b59041,0,0,0000000000000000000000c08049ac444342255b590410
294,0x00000000000,0x00000000000,0x000000000,0x00000000,0x00000000,0,0,0000000000000000000000000000000000000000000000
295,0x00000000000,0x00000000000,0x000000000,0x00000000,0x00000000,0,0,0000000000000000000000000000000000000000000000
296,0x00000000000,0x00000000000,0x000000000,0x00000000,0x00000000,0,0,0000000000000000000000000000000000000000000000
297,0x00000000000,0x00000000000,0x0304012ab,0x00000000,0x56765041,0,0,0000000000000000000000c1004aac0000000567650410
298,0x00000000000,0x00000000000,0x000000000,0x00000000,0x00000000,0,0,0000000000000000000000000000000000000000000000
299,0x00000000000,0x00000000000,0x000000000,0x00000000,0x00000000,0,0,0000000000000000000000000000000000000000000000
300,0x00000000000,0x00000000000,0x000000000,0x00000000,0x00000000,0,0,0000000000000000000000000000000000000000000000
301,0x00000000000,0x00000000000,0x03100136b,0x00000000,0x56b69041,0,0,0000000000000000000000c4004dac000000056b690410
302,0x00000000000,0x00000000000,0x000000000,0x00000000,0x00000000,0,0,0000000000000000000000000000000000000000000000
303,0x00000000000,0x00000000000,0x000000000,0x00000000,0x00000000,0,0,0000000000000000000000000000000000000000000000
304,0x00000000000,0x00000000000,0x000000000,0x00000000,0x00000000,0,0,0000000000000000000000000000000000000000000000
305,0x00000000000,0x00000000000,0x0312013ab,0x00000000,0x57775041,0,0,0000000000000000000000c4804eac0000000577750410
306,0x00000000000,0x00000000000,0x000000000,0x00000000,0x00000000,0,0,0000000000000000000000000000000000000000000000
307,0x00000000000,0x00000000000,0x000000000,0x00000000,0x00000000,0,0,0000000000000000000000000000000000000000000000
308,0x00000000000,0x00000000000,0x000000000,0x00000000,0x00000000,0,0,0000000000000000000000000000000000000000000000
309,0x00000000000,0x00000000000,0x031e0146b,0x10705022,0x00000000,0,0,0000000000000000000000c78051ac8382811000000000
310,0x00000000000,0x00000000000,0x000000000,0x00000000,0x00000000,0,0,0000000000000000000000000000000000000000000000
311,0x00000000000,0x00000000000,0x000000000,0x00000000,0x00000000,0,0,0000000000000000000000000000000000000000000000
312,0x00000000000,0x00000000000,0x000000000,0x00000000,0x00000000,0,0,0000000000000000000000000000000000000000000000
313,0x00000000000,0x00000000000,0x0320014ab,0x00000000,0x00000000,0,0,0000000000000000000000c80052ac0000000000000000
314,0x00000000000,0x00000000000,0x000000000,0x00000000,0x00000000,0,0,0000000000000000000000000000000000000000000000
315,0x00000000000,0x00000000000,0x000000000,0x00000000,0x00000000,0,0,0000000000000000000000000000000000000000000000
316,0x00000000000,0x00000000000,0x000000000,0x00000000,0x50906003,0,0,0000000000000000000000000000000000000509060030
317,0x00000000000,0x00000000000,0x032c0156b,0x11513102,0x00000000,0,0,0000000000000000000000cb0055ac8a89881000000000
318,0x00000000000,0x00000000000,0x000000000,0x00000000,0x00000000,0,0,0000000000000000000000000000000000000000000000
319,0x00000000000,0x00000000000,0x000000000,0x00000000,0x00000000,0,0,0000000000000000000000000000000000000000000000
320,0x00000000000,0x00000000000,0x000000000,0x00000000,0x00000000,0,0,0000000000000000000000000000000000000000000000
321,0x00000000000,0x00000000000,0x032e015ab,0x00000000,0x00000000,0,0,0000000000000000000000cb8056ac0000000000000000
322,0x00000000000,0x00000000000,0x000000000,0x00000000,0x00000000,0,0,0000000000000000000000000000000000000000000000
323,0x00000000000,0x00000000000,0x000000000,0x00000000,0x00000000,0,0,0000000000000000000000000000000000000000000000
324,0x00000000000,0x00000000000,0x000000000,0x00000000,0x51714003,0,0,0000000000000000000000000000000000000517140030
325,0x00000000000,0x00000000000,0x033a0166b,0x123211e2,0x00000000,0,0,0000000000000000000000ce8059ac91908f1000000000
326,0x00000000000,0x00000000000,0x04fcdef61,0x00000000,0x00000000,0,0,00000000000000000000013f37bd840000000000000000
327,0x00000000000,0x00000000000,0x04fedefa1,0x00000000,0x00000000,0,0,00000000000000000000013fb7be840000000000000000
328,0x00000000000,0x00000000000,0x050ced061,0x00000000,0x00000000,0,0,0000000000000000000001433b41840000000000000000
329,0x00000000000,0x00000000000,0x050eed0a1,0x00000000,0x00000000,0,0,000000000000000000000143bb42840000000000000000
330,0x00000000000,0x00000000000,0x051cfb161,0x00000000,0x00000000,0,0,0000000000000000000001473ec5840000000000000000
331,0x00000000000,0x00000000000,0x051efb1a1,0x00000000,0x00000000,0,0,000000000000000000000147bec6840000000000000000
332,0x00000000000,0x00000000000,0x033c016ab,0x00000000,0x52522003,0,0,0000000000000000000000cf005aac0000000525220030
333,0x00000000000,0x0000001e1fb,0x03480176b,0x1312f2c2,0x00000000,0,0,00000000000000001e1fb0d2005dac9897961000000000
334,0x0000005e1e3,0x0000001f1ff,0x057947723,0x00000000,0x00000000,0,0,0000017878c000001f1ff15e51dc8c0000000000000000
335,0x0000005f1e7,0x0000002021b,0x052d09261,0x00000000,0x00000000,0,0,0000017c79c000002021b14b4249840000000000000000
336,0x00000060203,0x0000002121f,0x052f092a1,0x00000000,0x00000000,0,0,0000018080c000002121f14bc24a840000000000000000
337,0x00000061207,0x0000002223b,0x058555803,0x00000000,0x00000000,0,0,0000018481c000002223b16155600c0000000000000000
338,0x00000063227,0x0000002323f,0x058955823,0x00000000,0x00000000,0,0,0000018c89c000002323f16255608c0000000000000000
339,0x00000062223,0x00000000000,0x059563903,0x00000000,0x00000000,0,0,0000018888c000000000016558e40c0000000000000000
340,0x00000000000,0x00000000000,0x059963923,0x00000000,0x53330003,0,0,00000000000000000000016658e48c0000000533300030
341,0x00000000000,0x00000000000,0x05a971a23,0x00000000,0x57b79041,0,0,00000000000000000000016a5c688c000000057b790410
342,0x00000000000,0x0000002425b,0x05a571a03,0x00000000,0x00000000,0,0,00000000000000002425b1695c680c0000000000000000
343,0x00000064243,0x0000002525f,0x053f173a1,0x00000000,0x00000000,0,0,0000019090c000002525f14fc5ce840000000000000000
344,0x00000065247,0x00000000000,0x053d17361,0x13f3d3a2,0x00000000,0,0,0000019491c000000000014f45cd849f9e9d1000000000
345,0x00000000000,0x00000000000,0x05b57fb03,0x00000000,0x58785041,0,0,00000000000000000000016d5fec0c0000000587850410
346,0x00000000000,0x00000000000,0x05b97fb23,0x00000000,0x00000000,0,0,00000000000000000000016e5fec8c0000000000000000
347,0x00000000000,0x00000000000,0x05c58dc03,0x00000000,0x00000000,0,0,00000000000000000000017163700c0000000000000000
348,0x00000000000,0x00000000000,0x05c98dc23,0x00000000,0x00000000,0,0,00000000000000000000017263708c0000000000000000
349,0x00000000000,0x00000000000,0x029400f2c,0x00000000,0x58b89041,0,0,0000000000000000000000a5003cb0000000058b890410
350,0x00000000000,0x0000002727f,0x029200f0c,0x00000000,0x00000000,0,0,00000000000000002727f0a4803c300000000000000000
351,0x00000066263,0x0000002627b,0x02a00100c,0x00000000,0x5413e003,0,0,0000019898c000002627b0a800403000000005413e0030
352,0x00000067267,0x00000000000,0x02ae0110c,0x00000000,0x00000000,0,0,0000019c99c00000000000ab8044300000000000000000
353,0x00000000000,0x00000000000,0x02a20102c,0x00000000,0x59795041,0,0,0000000000000000000000a88040b00000000597950410
354,0x00000000000,0x00000000000,0x02b00112c,0x00000000,0x00000000,0,0,0000000000000000000000ac0044b00000000000000000
355,0x00000000000,0x00000000000,0x02bc0120c,0x00000000,0x00000000,0,0,0000000000000000000000af0048300000000000000000
356,0x00000000000,0x00000000000,0x02be0122c,0x00000000,0x00000000,0,0,0000000000000000000000af8048b00000000000000000
357,0x00000000000,0x00000000000,0x02cc0132c,0x09694924,0x59b99041,0,0,0000000000000000000000b3004cb04b4a49259b990410
358,0x00000000000,0x00000000000,0x02ca0130c,0x00000000,0x00000000,0,0,0000000000000000000000b2804c300000000000000000
359,0x00000000000,0x00000000000,0x000000000,0x00000000,0x00000000,0,0,0000000000000000000000000000000000000000000000
360,0x00000000000,0x00000000000,0x000000000,0x0a4a2a04,0x00000000,0,0,0000000000000000000000000000005251502000000000
361,0x00000000000,0x00000000000,0x000000000,0x0b2b0ae4,0x5a7a5041,0,0,00000000000000000000000000000059585725a7a50410
362,0x00000000000,0x00000000000,0x000000000,0x00000000,0x00000000,0,0,0000000000000000000000000000000000000000000000
363,0x00000000000,0x00000000000,0x000000000,0x00000000,0x00000000,0,0,0000000000000000000000000000000000000000000000
364,0x00000000000,0x00000000000,0x000000000,0x0c0bebc4,0x00000000,0,0,000000000000000000000000000000605f5e2000000000
365,0x00000000000,0x00000000000,0x000000000,0x0ceccca4,0x5aba9041,0,0,00000000000000000000000000000067666525aba90410
366,0x00000000000,0x00000000000,0x000000000,0x00000000,0x00000000,0,0,0000000000000000000000000000000000000000000000
367,0x00000000000,0x00000000000,0x000000000,0x00000000,0x00000000,0,0,0000000000000000000000000000000000000000000000
368,0x00000000000,0x00000000000,0x000000000,0x00000000,0x00000000,0,0,0000000000000000000000000000000000000000000000
369,0x00000000000,0x00000000000,0x034a017ab,0x00000000,0x5b7b5041,0,0,0000000000000000000000d2805eac00000005b7b50410
370,0x00000000000,0x00000000000,0x000000000,0x00000000,0x00000000,0,0,0000000000000000000000000000000000000000000000
371,0x00000000000,0x00000000000,0x000000000,0x00000000,0x00000000,0,0,0000000000000000000000000000000000000000000000
372,0x00000000000,0x00000000000,0x000000000,0x00000000,0x00000000,0,0,0000000000000000000000000000000000000000000000
373,0x00000000000,0x00000000000,0x03560186b,0x00000000,0x5bbb9041,0,0,0000000000000000000000d58061ac00000005bbb90410
374,0x00000000000,0x00000000000,0x000000000,0x00000000,0x00000000,0,0,0000000000000000000000000000000000000000000000
375,0x00000000000,0x00000000000,0x000000000,0x00000000,0x00000000,0,0,0000000000000000000000000000000000000000000000
376,0x00000000000,0x00000000000,0x000000000,0x00000000,0x00000000,0,0,0000000000000000000000000000000000000000000000
377,0x00000000000,0x00000000000,0x0358018ab,0x00000000,0x5c7c5041,0,0,0000000000000000000000d60062ac00000005c7c50410
378,0x00000000000,0x00000000000,0x000000000,0x00000000,0x00000000,0,0,0000000000000000000000000000000000000000000000
379,0x00000000000,0x00000000000,0x000000000,0x00000000,0x00000000,0,0,0000000000000000000000000000000000000000000000
380,0x00000000000,0x00000000000,0x000000000,0x00000000,0x00000000,0,0,0000000000000000000000000000000000000000000000
381,0x00000000000,0x00000000000,0x03640196b,0x14d4b482,0x5cbc9041,0,0,0000000000000000000000d90065aca6a5a415cbc90410
382,0x00000000000,0x00000000000,0x000000000,0x00000000,0x00000000,0,0,0000000000000000000000000000000000000000000000
383,0x00000000000,0x00000000000,0x000000000,0x00000000,0x00000000,0,0,0000000000000000000000000000000000000000000000
384,0x00000000000,0x00000000000,0x000000000,0x00000000,0x00000000,0,0,0000000000000000000000000000000000000000000000
385,0x00000000000,0x00000000000,0x0366019ab,0x00000000,0x00000000,0,0,0000000000000000000000d98066ac0000000000000000
386,0x00000000000,0x00000000000,0x000000000,0x00000000,0x00000000,0,0,0000000000000000000000000000000000000000000000
387,0x00000000000,0x00000000000,0x000000000,0x00000000,0x00000000,0,0,0000000000000000000000000000000000000000000000
388,0x00000000000,0x00000000000,0x000000000,0x00000000,0x54f4c003,0,0,000000000000000000000000000000000000054f4c0030
389,0x00000000000,0x00000000000,0x037201a6b,0x15b59562,0x00000000,0,0,0000000000000000000000dc8069acadacab1000000000
390,0x00000000000,0x00000000000,0x000000000,0x00000000,0x00000000,0,0,0000000000000000000000000000000000000000000000
391,0x00000000000,0x00000000000,0x000000000,0x00000000,0x00000000,0,0,0000000000000000000000000000000000000000000000
392,0x00000000000,0x00000000000,0x000000000,0x00000000,0x00000000,0,0,0000000000000000000000000000000000000000000000
393,0x00000000000,0x00000000000,0x037401aab,0x00000000,0x00000000,0,0,0000000000000000000000dd006aac0000000000000000
394,0x00000000000,0x00000000000,0x000000000,0x00000000,0x00000000,0,0,0000000000000000000000000000000000000000000000
395,0x00000000000,0x00000000000,0x000000000,0x00000000,0x00000000,0,0,0000000000000000000000000000000000000000000000
396,0x00000000000,0x00000000000,0x000000000,0x00000000,0x55d5a003,0,0,000000000000000000000000000000000000055d5a0030
397,0x00000000000,0x00000000000,0x038001b6b,0x16967642,0x00000000,0,0,0000000000000000000000e0006dacb4b3b21000000000
398,0x00000000000,0x00000000000,0x000000000,0x00000000,0x00000000,0,0,0000000000000000000000000000000000000000000000
399,0x00000000000,0x00000000000,0x000000000,0x00000000,0x00000000,0,0,0000000000000000000000000000000000000000000000
400,0x00000000000,0x00000000000,0x000000000,0x00000000,0x00000000,0,0,0000000000000000000000000000000000000000000000
401,0x00000000000,0x00000000000,0x038201bab,0x00000000,0x00000000,0,0,0000000000000000000000e0806eac0000000000000000
402,0x00000000000,0x00000000000,0x054d25461,0x00000000,0x00000000,0,0,0000000000000000000001534951840000000000000000
403,0x00000000000,0x00000000000,0x054f254a1,0x00000000,0x00000000,0,0,000000000000000000000153c952840000000000000000
404,0x00000000000,0x00000000000,0x055d33561,0x00000000,0x56b68003,0,0,0000000000000000000001574cd584000000056b680030
405,0x00000000000,0x00000000000,0x055f335a1,0x00000000,0x00000000,0,0,000000000000000000000157ccd6840000000000000000
406,0x00000000000,0x00000000000,0x056d41661,0x17775722,0x00000000,0,0,00000000000000000000015b505984bbbab91000000000
407,0x00000000000,0x00000000000,0x056f416a1,0x00000000,0x00000000,0,0,00000000000000000000015bd05a840000000000000000
408,0x00000000000,0x00000000000,0x057d4f761,0x00000000,0x00000000,0,0,00000000000000000000015f53dd840000000000000000
409,0x00000000000,0x0000002829b,0x057f4f7a1,0x00000000,0x00000000,0,0,00000000000000002829b15fd3de840000000000000000
410,0x00000068283,0x0000002929f,0x039001cab,0x00000000,0x00000000,0,0,000001a0a0c000002929f0e40072ac0000000000000000
411,0x00000069287,0x0000002a2bb,0x038e01c6b,0x00000000,0x00000000,0,0,000001a4a1c000002a2bb0e38071ac0000000000000000
412,0x0000006a2a3,0x0000002b2bf,0x05d59bd03,0x00000000,0x00000000,0,0,000001a8a8c000002b2bf17566f40c0000000000000000
413,0x0000006b2a7,0x0000002c2db,0x0405c4003,0x18583802,0x57976003,0,0,000001aca9c000002c2db10171000cc2c1c01579760030
414,0x0000006c2c3,0x0000002d2df,0x05d99bd23,0x00000000,0x00000000,0,0,000001b0b0c000002d2df17666f48c0000000000000000
415,0x0000006d2c7,0x0000002e2fb,0x058d5d861,0x00000000,0x00000000,0,0,000001b4b1c000002e2fb1635761840000000000000000
416,0x0000006e2e3,0x0000002f2ff,0x058f5d8a1,0x00000000,0x00000000,0,0,000001b8b8c000002f2ff163d762840000000000000000
417,0x0000006f2e7,0x00000000000,0x05e5a9e03,0x00000000,0x00000000,0,0,000001bcb9c00000000001796a780c0000000000000000
418,0x00000000000,0x00000000000,0x05e9a9e23,0x00000000,0x00000000,0,0,00000000000000000000017a6a788c0000000000000000
419,0x00000000000,0x00000000000,0x05f5b7f03,0x00000000,0x5d7d5041,0,0,00000000000000000000017d6dfc0c00000005d7d50410
420,0x00000000000,0x00000000000,0x05f9b7f23,0x00000000,0x58784003,0,0,00000000000000000000017e6dfc8c0000000587840030
421,0x00000000000,0x00000000000,0x0409c4023,0x00000000,0x00000000,0,0,00000000000000000000010271008c0000000000000000
422,0x00000000000,0x0000003031b,0x0415d2103,0x00000000,0x00000000,0,0,00000000000000003031b10574840c0000000000000000
423,0x00000070303,0x0000003131f,0x059f6b9a1,0x193918e2,0x5dbd9041,0,0,000001c0c0c000003131f167dae684c9c8c715dbd90410
424,0x00000071307,0x00000000000,0x059d6b961,0x00000000,0x00000000,0,0,000001c4c1c00000000001675ae5840000000000000000
425,0x00000000000,0x00000000000,0x0419d2123,0x00000000,0x00000000,0,0,00000000000000000000010674848c0000000000000000
426,0x00000000000,0x00000000000,0x0425e0203,0x00000000,0x00000000,0,0,00000000000000000000010978080c0000000000000000
427,0x00000000000,0x00000000000,0x02d80140c,0x00000000,0x5e7e5041,0,0,0000000000000000000000b600503000000005e7e50410
428,0x00000000000,0x00000000000,0x02da0142c,0x00000000,0x00000000,0,0,0000000000000000000000b68050b00000000000000000
429,0x00000000000,0x00000000000,0x02e60150c,0x00000000,0x00000000,0,0,0000000000000000000000b98054300000000000000000
430,0x00000000000,0x0000003333f,0x02e80152c,0x00000000,0x59592003,0,0,00000000000000003333f0ba0054b00000000595920030
431,0x00000072323,0x0000003233b,0x02f60162c,0x00000000,0x5ebe9041,0,0,000001c8c8c000003233b0bd8058b000000005ebe90410
432,0x00000073327,0x00000000000,0x02f40160c,0x00000000,0x00000000,0,0,000001ccc9c00000000000bd0058300000000000000000
433,0x00000000000,0x00000000000,0x03020170c,0x00000000,0x00000000,0,0,0000000000000000000000c0805c300000000000000000
434,0x00000000000,0x00000000000,0x03040172c,0x00000000,0x00000000,0,0,0000000000000000000000c1005cb00000000000000000
435,0x00000000000,0x00000000000,0x03100180c,0x0dcdad84,0x5f7f5041,0,0,0000000000000000000000c40060306e6d6c25f7f50410
436,0x00000000000,0x00000000000,0x03120182c,0x00000000,0x00000000,0,0,0000000000000000000000c48060b00000000000000000
437,0x00000000000,0x00000000000,0x031e0190c,0x0eae8e64,0x00000000,0,0,0000000000000000000000c78064307574732000000000
438,0x00000000000,0x00000000000,0x03200192c,0x00000000,0x00000000,0,0,0000000000000000000000c80064b00000000000000000
439,0x00000000000,0x00000000000,0x000000000,0x0f8f6f44,0x5fbf9041,0,0,0000000000000000000000000000007c7b7a25fbf90410
440,0x00000000000,0x00000000000,0x000000000,0x00000000,0x00000000,0,0,0000000000000000000000000000000000000000000000
441,0x00000000000,0x00000000000,0x000000000,0x10705024,0x00000000,0,0,0000000000000000000000000000008382812000000000
442,0x00000000000,0x00000000000,0x000000000,0x00000000,0x00000000,0,0,0000000000000000000000000000000000000000000000
443,0x00000000000,0x00000000000,0x000000000,0x11513104,0x40605041,0,0,0000000000000000000000000000008a89882406050410
444,0x00000000000,0x00000000000,0x000000000,0x00000000,0x00000000,0,0,0000000000000000000000000000000000000000000000
445,0x00000000000,0x00000000000,0x000000000,0x123211e4,0x00000000,0,0,00000000000000000000000000000091908f2000000000
446,0x00000000000,0x00000000000,0x000000000,0x00000000,0x00000000,0,0,0000000000000000000000000000000000000000000000
447,0x00000000000,0x00000000000,0x039c01d6b,0x00000000,0x40a09041,0,0,0000000000000000000000e70075ac000000040a090410
448,0x00000000000,0x00000000000,0x000000000,0x00000000,0x00000000,0,0,0000000000000000000000000000000000000000000000
449,0x00000000000,0x00000000000,0x000000000,0x00000000,0x00000000,0,0,0000000000000000000000000000000000000000000000
450,0x00000000000,0x00000000000,0x000000000,0x00000000,0x00000000,0,0,0000000000000000000000000000000000000000000000
451,0x00000000000,0x00000000000,0x039e01dab,0x00000000,0x41615041,0,0,0000000000000000000000e78076ac0000000416150410
452,0x00000000000,0x00000000000,0x000000000,0x00000000,0x00000000,0,0,0000000000000000000000000000000000000000000000
453,0x00000000000,0x00000000000,0x000000000,0x00000000,0x00000000,0,0,0000000000000000000000000000000000000000000000
454,0x00000000000,0x00000000000,0x000000000,0x00000000,0x00000000,0,0,0000000000000000000000000000000000000000000000
455,0x00000000000,0x00000000000,0x03aa01e6b,0x00000000,0x41a19041,0,0,0000000000000000000000ea8079ac000000041a190410
456,0x00000000000,0x00000000000,0x000000000,0x00000000,0x00000000,0,0,0000000000000000000000000000000000000000000000
457,0x00000000000,0x00000000000,0x000000000,0x00000000,0x00000000,0,0,0000000000000000000000000000000000000000000000
458,0x00000000000,0x00000000000,0x000000000,0x00000000,0x00000000,0,0,0000000000000000000000000000000000000000000000
459,0x00000000000,0x00000000000,0x03ac01eab,0x00000000,0x42625041,0,0,0000000000000000000000eb007aac0000000426250410
460,0x00000000000,0x00000000000,0x000000000,0x00000000,0x00000000,0,0,0000000000000000000000000000000000000000000000
461,0x00000000000,0x00000000000,0x000000000,0x00000000,0x00000000,0,0,0000000000000000000000000000000000000000000000
462,0x00000000000,0x00000000000,0x000000000,0x00000000,0x00000000,0,0,0000000000000000000000000000000000000000000000
463,0x00000000000,0x00000000000,0x03b801f6b,0x1a19f9c2,0x00000000,0,0,0000000000000000000000ee007dacd0cfce1000000000
464,0x00000000000,0x00000000000,0x000000000,0x00000000,0x00000000,0,0,0000000000000000000000000000000000000000000000
465,0x00000000000,0x00000000000,0x000000000,0x00000000,0x00000000,0,0,0000000000000000000000000000000000000000000000
466,0x00000000000,0x00000000000,0x000000000,0x00000000,0x00000000,0,0,0000000000000000000000000000000000000000000000
467,0x00000000000,0x00000000000,0x03ba01fab,0x00000000,0x00000000,0,0,0000000000000000000000ee807eac0000000000000000
468,0x00000000000,0x00000000000,0x000000000,0x00000000,0x00000000,0,0,0000000000000000000000000000000000000000000000
469,0x00000000000,0x00000000000,0x000000000,0x00000000,0x00000000,0,0,0000000000000000000000000000000000000000000000
470,0x00000000000,0x00000000000,0x000000000,0x00000000,0x5a3a0003,0,0,00000000000000000000000000000000000005a3a00030
471,0x00000000000,0x00000000000,0x03c60006b,0x1afadaa2,0x00000000,0,0,0000000000000000000000f18001acd7d6d51000000000
472,0x00000000000,0x00000000000,0x000000000,0x00000000,0x00000000,0,0,0000000000000000000000000000000000000000000000
473,0x00000000000,0x00000000000,0x000000000,0x00000000,0x00000000,0,0,0000000000000000000000000000000000000000000000
474,0x00000000000,0x00000000000,0x000000000,0x00000000,0x00000000,0,0,0000000000000000000000000000000000000000000000
475,0x00000000000,0x00000000000,0x03c8000ab,0x00000000,0x00000000,0,0,0000000000000000000000f20002ac0000000000000000
476,0x00000000000,0x00000000000,0x000000000,0x00000000,0x00000000,0,0,0000000000000000000000000000000000000000000000
477,0x00000000000,0x00000000000,0x000000000,0x00000000,0x00000000,0,0,0000000000000000000000000000000000000000000000
478,0x00000000000,0x00000000000,0x000000000,0x00000000,0x5b1ae003,0,0,00000000000000000000000000000000000005b1ae0030
479,0x00000000000,0x00000000000,0x03d40016b,0x1bdbbb82,0x00000000,0,0,0000000000000000000000f50005acdedddc1000000000
480,0x00000000000,0x00000000000,0x05ad79a61,0x00000000,0x00000000,0,0,00000000000000000000016b5e69840000000000000000
481,0x00000000000,0x00000000000,0x05af79aa1,0x00000000,0x00000000,0,0,00000000000000000000016bde6a840000000000000000
482,0x00000000000,0x00000000000,0x05bd87b61,0x00000000,0x00000000,0,0,00000000000000000000016f61ed840000000000000000
483,0x00000000000,0x00000000000,0x05bf87ba1,0x00000000,0x00000000,0,0,00000000000000000000016fe1ee840000000000000000
484,0x00000000000,0x00000000000,0x05cd95c61,0x00000000,0x00000000,0,0,0000000000000000000001736571840000000000000000
485,0x00000000000,0x00000000000,0x05cf95ca1,0x00000000,0x00000000,0,0,000000000000000000000173e572840000000000000000
486,0x00000000000,0x00000000000,0x03d6001ab,0x00000000,0x5bfbc003,0,0,0000000000000000000000f58006ac00000005bfbc0030
487,0x00000000000,0x0000003435b,0x03e20026b,0x1cbc9c62,0x00000000,0,0,00000000000000003435b0f88009ace5e4e31000000000
488,0x00000074343,0x0000003535f,0x0429e0223,0x00000000,0x00000000,0,0,000001d0d0c000003535f10a78088c0000000000000000
489,0x00000075347,0x0000003637b,0x05dda3d61,0x00000000,0x00000000,0,0,000001d4d1c000003637b17768f5840000000000000000
490,0x00000076363,0x0000003737f,0x05dfa3da1,0x00000000,0x00000000,0,0,000001d8d8c000003737f177e8f6840000000000000000
491,0x00000077367,0x0000003839b,0x0435ee303,0x00000000,0x00000000,0,0,000001dcd9c000003839b10d7b8c0c0000000000000000
492,0x00000079387,0x0000003939f,0x0439ee323,0x00000000,0x00000000,0,0,000001e4e1c000003939f10e7b8c8c0000000000000000
493,0x00000078383,0x00000000000,0x0445fc403,0x00000000,0x00000000,0,0,000001e0e0c00000000001117f100c0000000000000000
494,0x00000000000,0x00000000000,0x0449fc423,0x00000000,0x5cdca003,0,0,0000000000000000000001127f108c00000005cdca0030
495,0x00000000000,0x00000000000,0x04580a523,0x00000000,0x42a29041,0,0,00000000000000000000011602948c000000042a290410
496,0x00000000000,0x0000003a3bb,0x04540a503,0x00000000,0x00000000,0,0,00000000000000003a3bb11502940c0000000000000000
497,0x0000007a3a3,0x0000003b3bf,0x05efb1ea1,0x00000000,0x00000000,0,0,000001e8e8c000003b3bf17bec7a840000000000000000
498,0x0000007b3a7,0x00000000000,0x05edb1e61,0x1d9d7d42,0x00000000,0,0,000001ece9c000000000017b6c7984ecebea1000000000
499,0x00000000000,0x00000000000,0x046418603,0x00000000,0x43635041,0,0,00000000000000000000011906180c0000000436350410
500,0x00000000000,0x00000000000,0x046818623,0x00000000,0x00000000,0,0,00000000000000000000011a06188c0000000000000000
501,0x00000000000,0x00000000000,0x047426703,0x00000000,0x00000000,0,0,00000000000000000000011d099c0c0000000000000000
502,0x00000000000,0x00000000000,0x047826723,0x00000000,0x00000000,0,0,00000000000000000000011e099c8c0000000000000000
503,0x00000000000,0x00000000000,0x032e01a2c,0x00000000,0x43a39041,0,0,0000000000000000000000cb8068b0000000043a390410
504,0x00000000000,0x0000003d3df,0x032c01a0c,0x00000000,0x00000000,0,0,00000000000000003d3df0cb0068300000000000000000
505,0x0000007c3c3,0x0000003c3db,0x033a01b0c,0x00000000,0x5dbd8003,0,0,000001f0f0c000003c3db0ce806c3000000005dbd80030
506,0x0000007d3c7,0x00000000000,0x034801c0c,0x00000000,0x00000000,0,0,000001f4f1c00000000000d20070300000000000000000
507,0x00000000000,0x00000000000,0x033c01b2c,0x00000000,0x44645041,0,0,0000000000000000000000cf006cb00000000446450410
508,0x00000000000,0x00000000000,0x034a01c2c,0x00000000,0x00000000,0,0,0000000000000000000000d28070b00000000000000000
509,0x00000000000,0x00000000000,0x035601d0c,0x00000000,0x00000000,0,0,0000000000000000000000d58074300000000000000000
510,0x00000000000,0x00000000000,0x035801d2c,0x00000000,0x00000000,0,0,0000000000000000000000d60074b00000000000000000
511,0x00000000000,0x00000000000,0x036601e2c,0x1312f2c4,0x44a49041,0,0,0000000000000000000000d98078b0989796244a490410
512,0x00000000000,0x00000000000,0x036401e0c,0x00000000,0x00000000,0,0,0000000000000000000000d90078300000000000000000
513,0x00000000000,0x00000000000,0x000000000,0x00000000,0x00000000,0,0,0000000000000000000000000000000000000000000000
514,0x00000000000,0x00000000000,0x000000000,0x13f3d3a4,0x00000000,0,0,0000000000000000000000000000009f9e9d2000000000
515,0x00000000000,0x00000000000,0x000000000,0x14d4b484,0x45655041,0,0,000000000000000000000000000000a6a5a42456550410
516,0x00000000000,0x00000000000,0x000000000,0x00000000,0x00000000,0,0,0000000000000000000000000000000000000000000000
517,0x00000000000,0x00000000000,0x000000000,0x00000000,0x00000000,0,0,0000000000000000000000000000000000000000000000
518,0x00000000000,0x00000000000,0x000000000,0x15b59564,0x00000000,0,0,000000000000000000000000000000adacab2000000000
519,0x00000000000,0x00000000000,0x000000000,0x16967644,0x45a59041,0,0,000000000000000000000000000000b4b3b2245a590410
520,0x00000000000,0x00000000000,0x000000000,0x00000000,0x00000000,0,0,0000000000000000000000000000000000000000000000
521,0x00000000000,0x00000000000,0x000000000,0x00000000,0x00000000,0,0,0000000000000000000000000000000000000000000000
522,0x00000000000,0x00000000000,0x000000000,0x00000000,0x00000000,0,0,0000000000000000000000000000000000000000000000
523,0x00000000000,0x00000000000,0x03e4002ab,0x00000000,0x46665041,0,0,0000000000000000000000f9000aac0000000466650410
524,0x00000000000,0x00000000000,0x000000000,0x00000000,0x00000000,0,0,0000000000000000000000000000000000000000000000
525,0x00000000000,0x00000000000,0x000000000,0x00000000,0x00000000,0,0,0000000000000000000000000000000000000000000000
526,0x00000000000,0x00000000000,0x000000000,0x00000000,0x00000000,0,0,0000000000000000000000000000000000000000000000
527,0x00000000000,0x00000000000,0x03f00036b,0x00000000,0x46a69041,0,0,0000000000000000000000fc000dac000000046a690410
528,0x00000000000,0x00000000000,0x000000000,0x00000000,0x00000000,0,0,0000000000000000000000000000000000000000000000
529,0x00000000000,0x00000000000,0x000000000,0x00000000,0x00000000,0,0,0000000000000000000000000000000000000000000000
530,0x00000000000,0x00000000000,0x000000000,0x00000000,0x00000000,0,0,0000000000000000000000000000000000000000000000
531,0x00000000000,0x00000000000,0x03f2003ab,0x00000000,0x47675041,0,0,0000000000000000000000fc800eac0000000476750410
532,0x00000000000,0x00000000000,0x000000000,0x00000000,0x00000000,0,0,0000000000000000000000000000000000000000000000
533,0x00000000000,0x00000000000,0x000000000,0x00000000,0x00000000,0,0,0000000000000000000000000000000000000000000000
534,0x00000000000,0x00000000000,0x000000000,0x00000000,0x00000000,0,0,0000000000000000000000000000000000000000000000
535,0x00000000000,0x00000000000,0x03fe0046b,0x1e7e5e22,0x47a79041,0,0,0000000000000000000000ff8011acf3f2f1147a790410
536,0x00000000000,0x00000000000,0x000000000,0x00000000,0x00000000,0,0,0000000000000000000000000000000000000000000000
537,0x00000000000,0x00000000000,0x000000000,0x00000000,0x00000000,0,0,0000000000000000000000000000000000000000000000
538,0x00000000000,0x00000000000,0x000000000,0x00000000,0x00000000,0,0,0000000000000000000000000000000000000000000000
539,0x00000000000,0x00000000000,0x0200004ab,0x00000000,0x00000000,0,0,0000000000000000000000800012ac0000000000000000
540,0x00000000000,0x00000000000,0x000000000,0x00000000,0x00000000,0,0,0000000000000000000000000000000000000000000000
541,0x00000000000,0x00000000000,0x000000000,0x00000000,0x00000000,0,0,0000000000000000000000000000000000000000000000
542,0x00000000000,0x00000000000,0x000000000,0x00000000,0x5e9e6003,0,0,00000000000000000000000000000000000005e9e60030
543,0x00000000000,0x00000000000,0x020c0056b,0x1f5f3f02,0x00000000,0,0,0000000000000000000000830015acfaf9f81000000000
544,0x00000000000,0x00000000000,0x000000000,0x00000000,0x00000000,0,0,0000000000000000000000000000000000000000000000
545,0x00000000000,0x00000000000,0x000000000,0x00000000,0x00000000,0,0,0000000000000000000000000000000000000000000000
546,0x00000000000,0x00000000000,0x000000000,0x00000000,0x00000000,0,0,0000000000000000000000000000000000000000000000
547,0x00000000000,0x00000000000,0x020e005ab,0x00000000,0x00000000,0,0,0000000000000000000000838016ac0000000000000000
548,0x00000000000,0x00000000000,0x000000000,0x00000000,0x00000000,0,0,0000000000000000000000000000000000000000000000
549,0x00000000000,0x00000000000,0x000000000,0x00000000,0x00000000,0,0,0000000000000000000000000000000000000000000000
550,0x00000000000,0x00000000000,0x000000000,0x00000000,0x5f7f4003,0,0,00000000000000000000000000000000000005f7f40030
551,0x00000000000,0x00000000000,0x021a0066b,0x00201fe2,0x00000000,0,0,0000000000000000000000868019ac0100ff1000000000
552,0x00000000000,0x00000000000,0x000000000,0x00000000,0x00000000,0,0,0000000000000000000000000000000000000000000000
553,0x00000000000,0x00000000000,0x000000000,0x00000000,0x00000000,0,0,0000000000000000000000000000000000000000000000
554,0x00000000000,0x00000000000,0x000000000,0x00000000,0x00000000,0,0,0000000000000000000000000000000000000000000000
555,0x00000000000,0x00000000000,0x021c006ab,0x00000000,0x00000000,0,0,000000000000000000000087001aac0000000000000000
556,0x00000000000,0x00000000000,0x05fdbff61,0x00000000,0x00000000,0,0,00000000000000000000017f6ffd840000000000000000
557,0x00000000000,0x00000000000,0x05ffbffa1,0x00000000,0x00000000,0,0,00000000000000000000017feffe840000000000000000
558,0x00000000000,0x00000000000,0x040dcc061,0x00000000,0x40402003,0,0,0000000000000000000001037301840000000404020030
559,0x00000000000,0x00000000000,0x040fcc0a1,0x00000000,0x00000000,0,0,000000000000000000000103f302840000000000000000
560,0x00000000000,0x00000000000,0x041dda161,0x0100e0c2,0x00000000,0,0,0000000000000000000001077685840807061000000000
561,0x00000000000,0x00000000000,0x041fda1a1,0x00000000,0x00000000,0,0,000000000000000000000107f686840000000000000000
562,0x00000000000,0x00000000000,0x042de8261,0x00000000,0x00000000,0,0,00000000000000000000010b7a09840000000000000000
563,0x00000000000,0x0000003e3fb,0x042fe82a1,0x00000000,0x00000000,0,0,00000000000000003e3fb10bfa0a840000000000000000
564,0x0000007e3e3,0x0000003f3ff,0x022a007ab,0x00000000,0x00000000,0,0,000001f8f8c000003f3ff08a801eac0000000000000000
565,0x0000007f3e7,0x0000004001b,0x02280076b,0x00000000,0x00000000,0,0,000001fcf9c000004001b08a001dac0000000000000000
566,0x00000000000,0x0000004101f,0x048434803,0x00000000,0x00000000,0,0,00000000000000004101f1210d200c0000000000000000
567,0x00000000000,0x0000004203b,0x04b45eb03,0x01e1c1a2,0x41210003,0,0,00000000000000004203b12d17ac0c0f0e0d1412100030
568,0x00000000000,0x0000004303f,0x048834823,0x00000000,0x00000000,0,0,00000000000000004303f1220d208c0000000000000000
569,0x00000000000,0x0000004405b,0x043df6361,0x00000000,0x00000000,0,0,00000000000000004405b10f7d8d840000000000000000
570,0x00000000000,0x0000004505f,0x043ff63a1,0x00000000,0x00000000,0,0,00000000000000004505f10ffd8e840000000000000000
571,0x00000000000,0x00000000000,0x049442903,0x00000000,0x00000000,0,0,00000000000000000000012510a40c0000000000000000
572,0x00000000000,0x00000000000,0x049842923,0x00000000,0x00000000,0,0,00000000000000000000012610a48c0000000000000000
573,0x00000000000,0x00000000000,0x04a450a03,0x00000000,0x48685041,0,0,00000000000000000000012914280c0000000486850410
574,0x00000000000,0x00000000000,0x04a850a23,0x00000000,0x4201e003,0,0,00000000000000000000012a14288c00000004201e0030
575,0x00000000000,0x00000000000,0x04b85eb23,0x00000000,0x00000000,0,0,00000000000000000000012e17ac8c0000000000000000
576,0x00000000000,0x0000004607b,0x04c46cc03,0x00000000,0x00000000,0,0,00000000000000004607b1311b300c0000000000000000
577,0x00000000000,0x0000004707f,0x044e044a1,0x02c2a282,0x48a89041,0,0,00000000000000004707f113811284161514148a890410
578,0x00000000000,0x00000000000,0x044c04461,0x00000000,0x00000000,0,0,0000000000000000000001130111840000000000000000
579,0x00000000000,0x00000000000,0x04c86cc23,0x00000000,0x00000000,0,0,0000000000000000000001321b308c0000000000000000
580,0x00000000000,0x00000000000,0x04d47ad03,0x00000000,0x00000000,0,0,0000000000000000000001351eb40c0000000000000000
581,0x00000000000,0x00000000000,0x037201f0c,0x00000000,0x49695041,0,0,0000000000000000000000dc807c300000000496950410
582,0x00000000000,0x00000000000,0x037401f2c,0x00000000,0x00000000,0,0,0000000000000000000000dd007cb00000000000000000
583,0x00000000000,0x00000000000,0x000000000,0x00000000,0x00000000,0,0,0000000000000000000000000000000000000000000000
584,0x00000000000,0x0000004909f,0x000000000,0x00000000,0x42e2c003,0,0,00000000000000004909f000000000000000042e2c0030
585,0x00000000000,0x0000004809b,0x000000000,0x00000000,0x49a99041,0,0,00000000000000004809b000000000000000049a990410
586,0x00000000000,0x00000000000,0x000000000,0x00000000,0x00000000,0,0,0000000000000000000000000000000000000000000000
587,0x00000000000,0x00000000000,0x000000000,0x00000000,0x00000000,0,0,0000000000000000000000000000000000000000000000
588,0x00000000000,0x00000000000,0x000000000,0x00000000,0x00000000,0,0,0000000000000000000000000000000000000000000000
589,0x00000000000,0x00000000000,0x000000000,0x17775724,0x4a6a5041,0,0,000000000000000000000000000000bbbab924a6a50410
590,0x00000000000,0x00000000000,0x000000000,0x00000000,0x00000000,0,0,0000000000000000000000000000000000000000000000
591,0x00000000000,0x00000000000,0x000000000,0x00000000,0x00000000,0,0,0000000000000000000000000000000000000000000000
592,0x00000000000,0x00000000000,0x000000000,0x00000000,0x00000000,0,0,0000000000000000000000000000000000000000000000
593,0x00000000000,0x00000000000,0x000000000,0x00000000,0x4aaa9041,0,0,00000000000000000000000000000000000004aaa90410
594,0x00000000000,0x00000000000,0x000000000,0x00000000,0x00000000,0,0,0000000000000000000000000000000000000000000000
595,0x00000000000,0x00000000000,0x000000000,0x00000000,0x00000000,0,0,0000000000000000000000000000000000000000000000
596,0x00000000000,0x00000000000,0x000000000,0x00000000,0x00000000,0,0,0000000000000000000000000000000000000000000000
597,0x00000000000,0x00000000000,0x000000000,0x00000000,0x4b6b5041,0,0,00000000000000000000000000000000000004b6b50410
598,0x00000000000,0x00000000000,0x000000000,0x00000000,0x00000000,0,0,0000000000000000000000000000000000000000000000
599,0x00000000000,0x00000000000,0x000000000,0x00000000,0x00000000,0,0,0000000000000000000000000000000000000000000000
600,0x00000000000,0x00000000000,0x000000000,0x00000000,0x00000000,0,0,0000000000000000000000000000000000000000000000
601,0x00000000000,0x00000000000,0x02360086b,0x00000000,0x4bab9041,0,0,00000000000000000000008d8021ac00000004bab90410
602,0x00000000000,0x00000000000,0x000000000,0x00000000,0x00000000,0,0,0000000000000000000000000000000000000000000000
603,0x00000000000,0x00000000000,0x000000000,0x00000000,0x00000000,0,0,0000000000000000000000000000000000000000000000
604,0x00000000000,0x00000000000,0x000000000,0x00000000,0x00000000,0,0,0000000000000000000000000000000000000000000000
605,0x00000000000,0x00000000000,0x0238008ab,0x00000000,0x4c6c5041,0,0,00000000000000000000008e0022ac00000004c6c50410
606,0x00000000000,0x00000000000,0x000000000,0x00000000,0x00000000,0,0,0000000000000000000000000000000000000000000000
607,0x00000000000,0x00000000000,0x000000000,0x00000000,0x00000000,0,0,0000000000000000000000000000000000000000000000
608,0x00000000000,0x00000000000,0x000000000,0x00000000,0x00000000,0,0,0000000000000000000000000000000000000000000000
609,0x00000000000,0x00000000000,0x02440096b,0x00000000,0x4cac9041,0,0,0000000000000000000000910025ac00000004cac90410
610,0x00000000000,0x00000000000,0x000000000,0x00000000,0x00000000,0,0,0000000000000000000000000000000000000000000000
611,0x00000000000,0x00000000000,0x000000000,0x00000000,0x00000000,0,0,0000000000000000000000000000000000000000000000
612,0x00000000000,0x00000000000,0x000000000,0x00000000,0x00000000,0,0,0000000000000000000000000000000000000000000000
613,0x00000000000,0x00000000000,0x0246009ab,0x00000000,0x4d6d5041,0,0,0000000000000000000000918026ac00000004d6d50410
614,0x00000000000,0x00000000000,0x000000000,0x00000000,0x00000000,0,0,0000000000000000000000000000000000000000000000
615,0x00000000000,0x00000000000,0x000000000,0x00000000,0x00000000,0,0,0000000000000000000000000000000000000000000000
616,0x00000000000,0x00000000000,0x000000000,0x00000000,0x00000000,0,0,0000000000000000000000000000000000000000000000
617,0x00000000000,0x00000000000,0x025200a6b,0x03a38362,0x00000000,0,0,0000000000000000000000948029ac1d1c1b1000000000
618,0x00000000000,0x00000000000,0x000000000,0x00000000,0x00000000,0,0,0000000000000000000000000000000000000000000000
619,0x00000000000,0x00000000000,0x000000000,0x00000000,0x00000000,0,0,0000000000000000000000000000000000000000000000
620,0x00000000000,0x00000000000,0x000000000,0x00000000,0x00000000,0,0,0000000000000000000000000000000000000000000000
621,0x00000000000,0x00000000000,0x025400aab,0x00000000,0x00000000,0,0,000000000000000000000095002aac0000000000000000
622,0x00000000000,0x00000000000,0x000000000,0x00000000,0x00000000,0,0,0000000000000000000000000000000000000000000000
623,0x00000000000,0x00000000000,0x000000000,0x00000000,0x00000000,0,0,0000000000000000000000000000000000000000000000
624,0x00000000000,0x00000000000,0x000000000,0x00000000,0x43c3a003,0,0,000000000000000000000000000000000000043c3a0030
625,0x00000000000,0x00000000000,0x026000b6b,0x04846442,0x00000000,0,0,000000000000000000000098002dac2423221000000000
626,0x00000000000,0x00000000000,0x000000000,0x00000000,0x00000000,0,0,0000000000000000000000000000000000000000000000
627,0x00000000000,0x00000000000,0x000000000,0x00000000,0x00000000,0,0,0000000000000000000000000000000000000000000000
628,0x00000000000,0x00000000000,0x000000000,0x00000000,0x00000000,0,0,0000000000000000000000000000000000000000000000
629,0x00000000000,0x00000000000,0x026200bab,0x00000000,0x00000000,0,0,000000000000000000000098802eac0000000000000000
630,0x00000000000,0x00000000000,0x000000000,0x00000000,0x00000000,0,0,0000000000000000000000000000000000000000000000
631,0x00000000000,0x00000000000,0x000000000,0x00000000,0x00000000,0,0,0000000000000000000000000000000000000000000000
632,0x00000000000,0x00000000000,0x000000000,0x00000000,0x44a48003,0,0,000000000000000000000000000000000000044a480030
633,0x00000000000,0x00000000000,0x026e00c6b,0x05654522,0x00000000,0,0,00000000000000000000009b8031ac2b2a291000000000
634,0x00000000000,0x00000000000,0x045c12561,0x00000000,0x00000000,0,0,0000000000000000000001170495840000000000000000
635,0x00000000000,0x00000000000,0x045e125a1,0x00000000,0x00000000,0,0,0000000000000000000001178496840000000000000000
636,0x00000000000,0x00000000000,0x046c20661,0x00000000,0x00000000,0,0,00000000000000000000011b0819840000000000000000
637,0x00000000000,0x00000000000,0x046e206a1,0x00000000,0x00000000,0,0,00000000000000000000011b881a840000000000000000
638,0x00000000000,0x00000000000,0x047c2e761,0x00000000,0x00000000,0,0,00000000000000000000011f0b9d840000000000000000
639,0x00000000000,0x00000000000,0x047e2e7a1,0x00000000,0x00000000,0,0,00000000000000000000011f8b9e840000000000000000
640,0x00000000000,0x00000000000,0x027000cab,0x00000000,0x45856003,0,0,00000000000000000000009c0032ac0000000458560030
641,0x00000000000,0x0000004a0bb,0x027c00d6b,0x06462602,0x00000000,0,0,00000000000000004a0bb09f0035ac3231301000000000
642,0x00000000000,0x0000004b0bf,0x04d87ad23,0x00000000,0x00000000,0,0,00000000000000004b0bf1361eb48c0000000000000000
643,0x00000000000,0x0000004c0db,0x048c3c861,0x00000000,0x00000000,0,0,00000000000000004c0db1230f21840000000000000000
644,0x00000000000,0x0000004d0df,0x048e3c8a1,0x00000000,0x00000000,0,0,00000000000000004d0df1238f22840000000000000000
645,0x00000000000,0x0000004e0fb,0x04e488e03,0x00000000,0x00000000,0,0,00000000000000004e0fb13922380c0000000000000000
646,0x00000000000,0x0000004f0ff,0x04e888e23,0x00000000,0x00000000,0,0,00000000000000004f0ff13a22388c0000000000000000
647,0x00000000000,0x00000000000,0x04f496f03,0x00000000,0x00000000,0,0,00000000000000000000013d25bc0c0000000000000000
648,0x00000000000,0x00000000000,0x04f896f23,0x00000000,0x46664003,0,0,00000000000000000000013e25bc8c0000000466640030
649,0x00000000000,0x00000000000,0x0508a5023,0x00000000,0x4dad9041,0,0,00000000000000000000014229408c00000004dad90410
650,0x00000000000,0x0000005011b,0x0504a5003,0x00000000,0x00000000,0,0,00000000000000005011b14129400c0000000000000000
651,0x00000000000,0x0000005111f,0x049e4a9a1,0x00000000,0x00000000,0,0,00000000000000005111f12792a6840000000000000000
652,0x00000000000,0x00000000000,0x049c4a961,0x072706e2,0x00000000,0,0,00000000000000000000012712a5843938371000000000
653,0x00000000000,0x00000000000,0x0514b3103,0x00000000,0x4e6e5041,0,0,0000000000000000000001452cc40c00000004e6e50410
654,0x00000000000,0x00000000000,0x0518b3123,0x00000000,0x00000000,0,0,0000000000000000000001462cc48c0000000000000000
655,0x00000000000,0x00000000000,0x0524c1203,0x00000000,0x00000000,0,0,00000000000000000000014930480c0000000000000000
656,0x00000000000,0x00000000000,0x0528c1223,0x00000000,0x00000000,0,0,00000000000000000000014a30488c0000000000000000
657,0x00000000000,0x00000000000,0x000000000,0x00000000,0x4eae9041,0,0,00000000000000000000000000000000000004eae90410
658,0x00000000000,0x0000005313f,0x000000000,0x00000000,0x00000000,0,0,00000000000000005313f0000000000000000000000000
659,0x00000000000,0x0000005213b,0x000000000,0x00000000,0x47472003,0,0,00000000000000005213b0000000000000000474720030
660,0x00000000000,0x00000000000,0x000000000,0x00000000,0x00000000,0,0,0000000000000000000000000000000000000000000000
661,0x00000000000,0x00000000000,0x000000000,0x00000000,0x4f6f5041,0,0,00000000000000000000000000000000000004f6f50410
662,0x00000000000,0x00000000000,0x000000000,0x00000000,0x00000000,0,0,0000000000000000000000000000000000000000000000
663,0x00000000000,0x00000000000,0x000000000,0x00000000,0x00000000,0,0,0000000000000000000000000000000000000000000000
664,0x00000000000,0x00000000000,0x000000000,0x00000000,0x00000000,0,0,0000000000000000000000000000000000000000000000
665,0x00000000000,0x00000000000,0x000000000,0x00000000,0x4faf9041,0,0,00000000000000000000000000000000000004faf90410
666,0x00000000000,0x00000000000,0x000000000,0x00000000,0x00000000,0,0,0000000000000000000000000000000000000000000000
667,0x00000000000,0x00000000000,0x000000000,0x00000000,0x00000000,0,0,0000000000000000000000000000000000000000000000
668,0x00000000000,0x00000000000,0x000000000,0x00000000,0x00000000,0,0,0000000000000000000000000000000000000000000000
669,0x00000000000,0x00000000000,0x000000000,0x00000000,0x50705041,0,0,0000000000000000000000000000000000000507050410
670,0x00000000000,0x00000000000,0x000000000,0x00000000,0x00000000,0,0,0000000000000000000000000000000000000000000000
671,0x00000000000,0x00000000000,0x000000000,0x00000000,0x00000000,0,0,0000000000000000000000000000000000000000000000
672,0x00000000000,0x00000000000,0x000000000,0x00000000,0x00000000,0,0,0000000000000000000000000000000000000000000000
673,0x00000000000,0x00000000000,0x000000000,0x00000000,0x50b09041,0,0,000000000000000000000000000000000000050b090410
674,0x00000000000,0x00000000000,0x000000000,0x00000000,0x00000000,0,0,0000000000000000000000000000000000000000000000
675,0x00000000000,0x00000000000,0x000000000,0x00000000,0x00000000,0,0,0000000000000000000000000000000000000000000000
676,0x00000000000,0x00000000000,0x000000000,0x00000000,0x00000000,0,0,0000000000000000000000000000000000000000000000
677,0x00000000000,0x00000000000,0x027e00dab,0x00000000,0x51715041,0,0,00000000000000000000009f8036ac0000000517150410
678,0x00000000000,0x00000000000,0x000000000,0x00000000,0x00000000,0,0,0000000000000000000000000000000000000000000000
679,0x00000000000,0x00000000000,0x000000000,0x00000000,0x00000000,0,0,0000000000000000000000000000000000000000000000
680,0x00000000000,0x00000000000,0x000000000,0x00000000,0x00000000,0,0,0000000000000000000000000000000000000000000000
681,0x00000000000,0x00000000000,0x028a00e6b,0x00000000,0x51b19041,0,0,0000000000000000000000a28039ac000000051b190410
682,0x00000000000,0x00000000000,0x000000000,0x00000000,0x00000000,0,0,0000000000000000000000000000000000000000000000
683,0x00000000000,0x00000000000,0x000000000,0x00000000,0x00000000,0,0,0000000000000000000000000000000000000000000000
684,0x00000000000,0x00000000000,0x000000000,0x00000000,0x00000000,0,0,0000000000000000000000000000000000000000000000
685,0x00000000000,0x00000000000,0x028c00eab,0x00000000,0x52725041,0,0,0000000000000000000000a3003aac0000000527250410
686,0x00000000000,0x00000000000,0x000000000,0x00000000,0x00000000,0,0,0000000000000000000000000000000000000000000000
687,0x00000000000,0x00000000000,0x000000000,0x00000000,0x00000000,0,0,0000000000000000000000000000000000000000000000
688,0x00000000000,0x00000000000,0x000000000,0x00000000,0x00000000,0,0,0000000000000000000000000000000000000000000000
689,0x00000000000,0x00000000000,0x029800f6b,0x0807e7c2,0x52b29041,0,0,0000000000000000000000a6003dac403f3e152b290410
690,0x00000000000,0x00000000000,0x000000000,0x00000000,0x00000000,0,0,0000000000000000000000000000000000000000000000
691,0x00000000000,0x00000000000,0x000000000,0x00000000,0x00000000,0,0,0000000000000000000000000000000000000000000000
692,0x00000000000,0x00000000000,0x000000000,0x00000000,0x00000000,0,0,0000000000000000000000000000000000000000000000
693,0x00000000000,0x00000000000,0x029a00fab,0x00000000,0x00000000,0,0,0000000000000000000000a6803eac0000000000000000
694,0x00000000000,0x00000000000,0x000000000,0x00000000,0x00000000,0,0,0000000000000000000000000000000000000000000000
695,0x00000000000,0x00000000000,0x000000000,0x00000000,0x00000000,0,0,0000000000000000000000000000000000000000000000
696,0x00000000000,0x00000000000,0x000000000,0x00000000,0x48280003,0,0,0000000000000000000000000000000000000482800030
697,0x00000000000,0x00000000000,0x02a60106b,0x08e8c8a2,0x00000000,0,0,0000000000000000000000a98041ac4746451000000000
698,0x00000000000,0x00000000000,0x000000000,0x00000000,0x00000000,0,0,0000000000000000000000000000000000000000000000
699,0x00000000000,0x00000000000,0x000000000,0x00000000,0x00000000,0,0,0000000000000000000000000000000000000000000000
700,0x00000000000,0x00000000000,0x000000000,0x00000000,0x00000000,0,0,0000000000000000000000000000000000000000000000
701,0x00000000000,0x00000000000,0x02a8010ab,0x00000000,0x00000000,0,0,0000000000000000000000aa0042ac0000000000000000
702,0x00000000000,0x00000000000,0x000000000,0x00000000,0x00000000,0,0,0000000000000000000000000000000000000000000000
703,0x00000000000,0x00000000000,0x000000000,0x00000000,0x00000000,0,0,0000000000000000000000000000000000000000000000
704,0x00000000000,0x00000000000,0x000000000,0x00000000,0x4908e003,0,0,00000000000000000000000000000000000004908e0030
705,0x00000000000,0x00000000000,0x02b40116b,0x09c9a982,0x00000000,0,0,0000000000000000000000ad0045ac4e4d4c1000000000
706,0x00000000000,0x00000000000,0x000000000,0x00000000,0x00000000,0,0,0000000000000000000000000000000000000000000000
707,0x00000000000,0x00000000000,0x000000000,0x00000000,0x00000000,0,0,0000000000000000000000000000000000000000000000
708,0x00000000000,0x00000000000,0x000000000,0x00000000,0x00000000,0,0,0000000000000000000000000000000000000000000000
709,0x00000000000,0x00000000000,0x02b6011ab,0x00000000,0x00000000,0,0,0000000000000000000000ad8046ac0000000000000000
710,0x00000000000,0x00000000000,0x04ac58a61,0x00000000,0x00000000,0,0,00000000000000000000012b1629840000000000000000
711,0x00000000000,0x00000000000,0x04ae58aa1,0x00000000,0x00000000,0,0,00000000000000000000012b962a840000000000000000
712,0x00000000000,0x00000000000,0x04bc66b61,0x00000000,0x49e9c003,0,0,00000000000000000000012f19ad84000000049e9c0030
713,0x00000000000,0x00000000000,0x04be66ba1,0x00000000,0x00000000,0,0,00000000000000000000012f99ae840000000000000000
714,0x00000000000,0x00000000000,0x04cc74c61,0x0aaa8a62,0x00000000,0,0,0000000000000000000001331d31845554531000000000
715,0x00000000000,0x00000000000,0x04ce74ca1,0x00000000,0x00000000,0,0,0000000000000000000001339d32840000000000000000
716,0x00000000000,0x00000000000,0x04dc82d61,0x00000000,0x00000000,0,0,00000000000000000000013720b5840000000000000000
717,0x00000000000,0x0000005415b,0x04de82da1,0x00000000,0x00000000,0,0,00000000000000005415b137a0b6840000000000000000
718,0x00000000000,0x0000005515f,0x02c4012ab,0x00000000,0x00000000,0,0,00000000000000005515f0b1004aac0000000000000000
719,0x00000000000,0x0000005617b,0x02c20126b,0x00000000,0x00000000,0,0,00000000000000005617b0b08049ac0000000000000000
720,0x00000000000,0x0000005717f,0x0534cf303,0x00000000,0x00000000,0,0,00000000000000005717f14d33cc0c0000000000000000
721,0x00000000000,0x0000005819b,0x0564f9603,0x0b8b6b42,0x4acaa003,0,0,00000000000000005819b1593e580c5c5b5a14acaa0030
722,0x00000000000,0x0000005919f,0x0538cf323,0x00000000,0x00000000,0,0,00000000000000005919f14e33cc8c0000000000000000
723,0x00000000000,0x0000005a1bb,0x04ec90e61,0x00000000,0x00000000,0,0,00000000000000005a1bb13b2439840000000000000000
724,0x00000000000,0x0000005b1bf,0x04ee90ea1,0x00000000,0x00000000,0,0,00000000000000005b1bf13ba43a840000000000000000
725,0x00000000000,0x00000000000,0x0544dd403,0x00000000,0x00000000,0,0,00000000000000000000015137500c0000000000000000
726,0x00000000000,0x00000000000,0x0548dd423,0x00000000,0x00000000,0,0,00000000000000000000015237508c0000000000000000
727,0x00000000000,0x00000000000,0x0554eb503,0x00000000,0x53735041,0,0,0000000000000000000001553ad40c0000000537350410
728,0x00000000000,0x00000000000,0x0558eb523,0x00000000,0x4bab8003,0,0,0000000000000000000001563ad48c00000004bab80030
729,0x00000000000,0x00000000000,0x0568f9623,0x00000000,0x00000000,0,0,00000000000000000000015a3e588c0000000000000000
730,0x00000000000,0x0000005c1db,0x057507703,0x00000000,0x00000000,0,0,00000000000000005c1db15d41dc0c0000000000000000
731,0x00000000000,0x0000005d1df,0x04fe9efa1,0x0c6c4c22,0x53b39041,0,0,00000000000000005d1df13fa7be84636261153b390410
732,0x00000000000,0x00000000000,0x04fc9ef61,0x00000000,0x00000000,0,0,00000000000000000000013f27bd840000000000000000
733,0x00000000000,0x00000000000,0x057907723,0x00000000,0x00000000,0,0,00000000000000000000015e41dc8c0000000000000000
734,0x00000000000,0x00000000000,0x058515803,0x00000000,0x00000000,0,0,00000000000000000000016145600c0000000000000000
735,0x00000000000,0x00000000000,0x000000000,0x00000000,0x54745041,0,0,0000000000000000000000000000000000000547450410
736,0x00000000000,0x00000000000,0x000000000,0x00000000,0x00000000,0,0,0000000000000000000000000000000000000000000000
737,0x00000000000,0x00000000000,0x000000000,0x00000000,0x00000000,0,0,0000000000000000000000000000000000000000000000
738,0x00000000000,0x0000005f1ff,0x000000000,0x00000000,0x4c8c6003,0,0,00000000000000005f1ff00000000000000004c8c60030
739,0x00000000000,0x0000005e1fb,0x000000000,0x00000000,0x54b49041,0,0,00000000000000005e1fb000000000000000054b490410
740,0x00000000000,0x00000000000,0x000000000,0x00000000,0x00000000,0,0,0000000000000000000000000000000000000000000000
741,0x00000000000,0x00000000000,0x000000000,0x00000000,0x00000000,0,0,0000000000000000000000000000000000000000000000
742,0x00000000000,0x00000000000,0x000000000,0x00000000,0x00000000,0,0,0000000000000000000000000000000000000000000000
743,0x00000000000,0x00000000000,0x000000000,0x00000000,0x55755041,0,0,0000000000000000000000000000000000000557550410
744,0x00000000000,0x00000000000,0x000000000,0x00000000,0x00000000,0,0,0000000000000000000000000000000000000000000000
745,0x00000000000,0x00000000000,0x000000000,0x00000000,0x00000000,0,0,0000000000000000000000000000000000000000000000
746,0x00000000000,0x00000000000,0x000000000,0x00000000,0x00000000,0,0,0000000000000000000000000000000000000000000000
747,0x00000000000,0x00000000000,0x000000000,0x00000000,0x55b59041,0,0,000000000000000000000000000000000000055b590410
748,0x00000000000,0x00000000000,0x000000000,0x00000000,0x00000000,0,0,0000000000000000000000000000000000000000000000
749,0x00000000000,0x00000000000,0x000000000,0x00000000,0x00000000,0,0,0000000000000000000000000000000000000000000000
750,0x00000000000,0x00000000000,0x000000000,0x00000000,0x00000000,0,0,0000000000000000000000000000000000000000000000
751,0x00000000000,0x00000000000,0x000000000,0x00000000,0x56765041,0,0,0000000000000000000000000000000000000567650410
752,0x00000000000,0x00000000000,0x000000000,0x00000000,0x00000000,0,0,0000000000000000000000000000000000000000000000
753,0x00000000000,0x00000000000,0x000000000,0x00000000,0x00000000,0,0,0000000000000000000000000000000000000000000000
754,0x00000000000,0x00000000000,0x000000000,0x00000000,0x00000000,0,0,0000000000000000000000000000000000000000000000
755,0x00000000000,0x00000000000,0x02d00136b,0x00000000,0x56b69041,0,0,0000000000000000000000b4004dac000000056b690410
756,0x00000000000,0x00000000000,0x000000000,0x00000000,0x00000000,0,0,0000000000000000000000000000000000000000000000
757,0x00000000000,0x00000000000,0x000000000,0x00000000,0x00000000,0,0,0000000000000000000000000000000000000000000000
758,0x00000000000,0x00000000000,0x000000000,0x00000000,0x00000000,0,0,0000000000000000000000000000000000000000000000
759,0x00000000000,0x00000000000,0x02d2013ab,0x00000000,0x57775041,0,0,0000000000000000000000b4804eac0000000577750410
760,0x00000000000,0x00000000000,0x000000000,0x00000000,0x00000000,0,0,0000000000000000000000000000000000000000000000
761,0x00000000000,0x00000000000,0x000000000,0x00000000,0x00000000,0,0,0000000000000000000000000000000000000000000000
762,0x00000000000,0x00000000000,0x000000000,0x00000000,0x00000000,0,0,0000000000000000000000000000000000000000000000
763,0x00000000000,0x00000000000,0x02de0146b,0x00000000,0x57b79041,0,0,0000000000000000000000b78051ac000000057b790410
764,0x00000000000,0x00000000000,0x000000000,0x00000000,0x00000000,0,0,0000000000000000000000000000000000000000000000
765,0x00000000000,0x00000000000,0x000000000,0x00000000,0x00000000,0,0,0000000000000000000000000000000000000000000000
766,0x00000000000,0x00000000000,0x000000000,0x00000000,0x00000000,0,0,0000000000000000000000000000000000000000000000
767,0x00000000000,0x00000000000,0x02e0014ab,0x00000000,0x58785041,0,0,0000000000000000000000b80052ac0000000587850410
768,0x00000000000,0x00000000000,0x000000000,0x00000000,0x00000000,0,0,0000000000000000000000000000000000000000000000
769,0x00000000000,0x00000000000,0x000000000,0x00000000,0x00000000,0,0,0000000000000000000000000000000000000000000000
770,0x00000000000,0x00000000000,0x000000000,0x00000000,0x00000000,0,0,0000000000000000000000000000000000000000000000
771,0x00000000000,0x00000000000,0x02ec0156b,0x0d4d2d02,0x00000000,0,0,0000000000000000000000bb0055ac6a69681000000000
772,0x00000000000,0x00000000000,0x000000000,0x00000000,0x00000000,0,0,0000000000000000000000000000000000000000000000
773,0x00000000000,0x00000000000,0x000000000,0x00000000,0x00000000,0,0,0000000000000000000000000000000000000000000000
774,0x00000000000,0x00000000000,0x000000000,0x00000000,0x00000000,0,0,0000000000000000000000000000000000000000000000
775,0x00000000000,0x00000000000,0x02ee015ab,0x00000000,0x00000000,0,0,0000000000000000000000bb8056ac0000000000000000
776,0x00000000000,0x00000000000,0x000000000,0x00000000,0x00000000,0,0,0000000000000000000000000000000000000000000000
777,0x00000000000,0x00000000000,0x000000000,0x00000000,0x00000000,0,0,0000000000000000000000000000000000000000000000
778,0x00000000000,0x00000000000,0x000000000,0x00000000,0x4d6d4003,0,0,00000000000000000000000000000000000004d6d40030
779,0x00000000000,0x00000000000,0x02fa0166b,0x0e2e0de2,0x00000000,0,0,0000000000000000000000be8059ac71706f1000000000
780,0x00000000000,0x00000000000,0x000000000,0x00000000,0x00000000,0,0,0000000000000000000000000000000000000000000000
781,0x00000000000,0x00000000000,0x000000000,0x00000000,0x00000000,0,0,0000000000000000000000000000000000000000000000
782,0x00000000000,0x00000000000,0x000000000,0x00000000,0x00000000,0,0,0000000000000000000000000000000000000000000000
783,0x00000000000,0x00000000000,0x02fc016ab,0x00000000,0x00000000,0,0,0000000000000000000000bf005aac0000000000000000
784,0x00000000000,0x00000000000,0x000000000,0x00000000,0x00000000,0,0,0000000000000000000000000000000000000000000000
785,0x00000000000,0x00000000000,0x000000000,0x00000000,0x00000000,0,0,0000000000000000000000000000000000000000000000
786,0x00000000000,0x00000000000,0x000000000,0x00000000,0x4e4e2003,0,0,00000000000000000000000000000000000004e4e20030
787,0x00000000000,0x00000000000,0x03080176b,0x0f0eeec2,0x00000000,0,0,0000000000000000000000c2005dac7877761000000000
788,0x00000000000,0x00000000000,0x050cad061,0x00000000,0x00000000,0,0,0000000000000000000001432b41840000000000000000
789,0x00000000000,0x00000000000,0x050ead0a1,0x00000000,0x00000000,0,0,000000000000000000000143ab42840000000000000000
790,0x00000000000,0x00000000000,0x051cbb161,0x00000000,0x00000000,0,0,0000000000000000000001472ec5840000000000000000
791,0x00000000000,0x00000000000,0x051ebb1a1,0x00000000,0x00000000,0,0,000000000000000000000147aec6840000000000000000
792,0x00000000000,0x00000000000,0x052cc9261,0x00000000,0x00000000,0,0,00000000000000000000014b3249840000000000000000
793,0x00000000000,0x00000000000,0x052ec92a1,0x00000000,0x00000000,0,0,00000000000000000000014bb24a840000000000000000
794,0x00000000000,0x00000000000,0x030a017ab,0x00000000,0x4f2f0003,0,0,0000000000000000000000c2805eac00000004f2f00030
795,0x00000000000,0x0000006021b,0x03160186b,0x0fefcfa2,0x00000000,0,0,00000000000000006021b0c58061ac7f7e7d1000000000
796,0x00000000000,0x0000006121f,0x058915823,0x00000000,0x00000000,0,0,00000000000000006121f16245608c0000000000000000
797,0x00000000000,0x0000006223b,0x053cd7361,0x00000000,0x00000000,0,0,00000000000000006223b14f35cd840000000000000000
798,0x00000000000,0x0000006323f,0x053ed73a1,0x00000000,0x00000000,0,0,00000000000000006323f14fb5ce840000000000000000
799,0x00000000000,0x0000006425b,0x059523903,0x00000000,0x00000000,0,0,00000000000000006425b16548e40c0000000000000000
800,0x00000000000,0x0000006525f,0x059923923,0x00000000,0x00000000,0,0,00000000000000006525f16648e48c0000000000000000
801,0x00000000000,0x00000000000,0x05a531a03,0x00000000,0x00000000,0,0,0000000000000000000001694c680c0000000000000000
802,0x00000000000,0x00000000000,0x05a931a23,0x00000000,0x500fe003,0,0,00000000000000000000016a4c688c0000000500fe0030
803,0x00000000000,0x00000000000,0x05b93fb23,0x00000000,0x58b89041,0,0,00000000000000000000016e4fec8c000000058b890410
804,0x00000000000,0x0000006627b,0x05b53fb03,0x00000000,0x00000000,0,0,00000000000000006627b16d4fec0c0000000000000000
805,0x00000000000,0x0000006727f,0x054ee54a1,0x00000000,0x00000000,0,0,00000000000000006727f153b952840000000000000000
806,0x00000000000,0x00000000000,0x054ce5461,0x10d0b082,0x00000000,0,0,0000000000000000000001533951848685841000000000
807,0x00000000000,0x00000000000,0x05c54dc03,0x00000000,0x59795041,0,0,00000000000000000000017153700c0000000597950410
808,0x00000000000,0x00000000000,0x05c94dc23,0x00000000,0x00000000,0,0,00000000000000000000017253708c0000000000000000
809,0x00000000000,0x00000000000,0x05d55bd03,0x00000000,0x00000000,0,0,00000000000000000000017556f40c0000000000000000
810,0x00000000000,0x00000000000,0x05d95bd23,0x00000000,0x00000000,0,0,00000000000000000000017656f48c0000000000000000
811,0x00000000000,0x00000000000,0x000000000,0x00000000,0x59b99041,0,0,000000000000000000000000000000000000059b990410
812,0x00000000000,0x0000006929f,0x000000000,0x00000000,0x00000000,0,0,00000000000000006929f0000000000000000000000000
813,0x00000000000,0x0000006829b,0x000000000,0x00000000,0x50f0c003,0,0,00000000000000006829b000000000000000050f0c0030
814,0x00000000000,0x00000000000,0x000000000,0x00000000,0x00000000,0,0,0000000000000000000000000000000000000000000000
815,0x00000000000,0x00000000000,0x000000000,0x00000000,0x5a7a5041,0,0,00000000000000000000000000000000000005a7a50410
816,0x00000000000,0x00000000000,0x000000000,0x00000000,0x00000000,0,0,0000000000000000000000000000000000000000000000
817,0x00000000000,0x00000000000,0x000000000,0x00000000,0x00000000,0,0,0000000000000000000000000000000000000000000000
818,0x00000000000,0x00000000000,0x000000000,0x00000000,0x00000000,0,0,0000000000000000000000000000000000000000000000
819,0x00000000000,0x00000000000,0x000000000,0x00000000,0x5aba9041,0,0,00000000000000000000000000000000000005aba90410
820,0x00000000000,0x00000000000,0x000000000,0x00000000,0x00000000,0,0,0000000000000000000000000000000000000000000000
821,0x00000000000,0x00000000000,0x000000000,0x00000000,0x00000000,0,0,0000000000000000000000000000000000000000000000
822,0x00000000000,0x00000000000,0x000000000,0x00000000,0x00000000,0,0,0000000000000000000000000000000000000000000000
823,0x00000000000,0x00000000000,0x000000000,0x00000000,0x5b7b5041,0,0,00000000000000000000000000000000000005b7b50410
824,0x00000000000,0x00000000000,0x000000000,0x00000000,0x00000000,0,0,0000000000000000000000000000000000000000000000
825,0x00000000000,0x00000000000,0x000000000,0x00000000,0x00000000,0,0,0000000000000000000000000000000000000000000000
826,0x00000000000,0x00000000000,0x000000000,0x00000000,0x00000000,0,0,0000000000000000000000000000000000000000000000
827,0x00000000000,0x00000000000,0x000000000,0x00000000,0x5bbb9041,0,0,00000000000000000000000000000000000005bbb90410
828,0x00000000000,0x00000000000,0x000000000,0x00000000,0x00000000,0,0,0000000000000000000000000000000000000000000000
829,0x00000000000,0x00000000000,0x000000000,0x00000000,0x00000000,0,0,0000000000000000000000000000000000000000000000
830,0x00000000000,0x00000000000,0x000000000,0x00000000,0x00000000,0,0,0000000000000000000000000000000000000000000000
831,0x00000000000,0x00000000000,0x0318018ab,0x00000000,0x5c7c5041,0,0,0000000000000000000000c60062ac00000005c7c50410
832,0x00000000000,0x00000000000,0x000000000,0x00000000,0x00000000,0,0,0000000000000000000000000000000000000000000000
833,0x00000000000,0x00000000000,0x000000000,0x00000000,0x00000000,0,0,0000000000000000000000000000000000000000000000
834,0x00000000000,0x00000000000,0x000000000,0x00000000,0x00000000,0,0,0000000000000000000000000000000000000000000000
835,0x00000000000,0x00000000000,0x03240196b,0x00000000,0x5cbc9041,0,0,0000000000000000000000c90065ac00000005cbc90410
836,0x00000000000,0x00000000000,0x000000000,0x00000000,0x00000000,0,0,0000000000000000000000000000000000000000000000
837,0x00000000000,0x00000000000,0x000000000,0x00000000,0x00000000,0,0,0000000000000000000000000000000000000000000000
838,0x00000000000,0x00000000000,0x000000000,0x00000000,0x00000000,0,0,0000000000000000000000000000000000000000000000
839,0x00000000000,0x00000000000,0x0326019ab,0x00000000,0x5d7d5041,0,0,0000000000000000000000c98066ac00000005d7d50410
840,0x00000000000,0x00000000000,0x000000000,0x00000000,0x00000000,0,0,0000000000000000000000000000000000000000000000
841,0x00000000000,0x00000000000,0x000000000,0x00000000,0x00000000,0,0,0000000000000000000000000000000000000000000000
842,0x00000000000,0x00000000000,0x000000000,0x00000000,0x00000000,0,0,0000000000000000000000000000000000000000000000
843,0x00000000000,0x00000000000,0x033201a6b,0x11b19162,0x5dbd9041,0,0,0000000000000000000000cc8069ac8d8c8b15dbd90410
844,0x00000000000,0x00000000000,0x000000000,0x00000000,0x00000000,0,0,0000000000000000000000000000000000000000000000
845,0x00000000000,0x00000000000,0x000000000,0x00000000,0x00000000,0,0,0000000000000000000000000000000000000000000000
846,0x00000000000,0x00000000000,0x000000000,0x00000000,0x00000000,0,0,0000000000000000000000000000000000000000000000
847,0x00000000000,0x00000000000,0x033401aab,0x00000000,0x00000000,0,0,0000000000000000000000cd006aac0000000000000000
848,0x00000000000,0x00000000000,0x000000000,0x00000000,0x00000000,0,0,0000000000000000000000000000000000000000000000
849,0x00000000000,0x00000000000,0x000000000,0x00000000,0x00000000,0,0,0000000000000000000000000000000000000000000000
850,0x00000000000,0x00000000000,0x000000000,0x00000000,0x51d1a003,0,0,000000000000000000000000000000000000051d1a0030
851,0x00000000000,0x00000000000,0x034001b6b,0x12927242,0x00000000,0,0,0000000000000000000000d0006dac9493921000000000
852,0x00000000000,0x00000000000,0x000000000,0x00000000,0x00000000,0,0,0000000000000000000000000000000000000000000000
853,0x00000000000,0x00000000000,0x000000000,0x00000000,0x00000000,0,0,0000000000000000000000000000000000000000000000
854,0x00000000000,0x00000000000,0x000000000,0x00000000,0x00000000,0,0,0000000000000000000000000000000000000000000000
855,0x00000000000,0x00000000000,0x034201bab,0x00000000,0x00000000,0,0,0000000000000000000000d0806eac0000000000000000
856,0x00000000000,0x00000000000,0x000000000,0x00000000,0x00000000,0,0,0000000000000000000000000000000000000000000000
857,0x00000000000,0x00000000000,0x000000000,0x00000000,0x00000000,0,0,0000000000000000000000000000000000000000000000
858,0x00000000000,0x00000000000,0x000000000,0x00000000,0x52b28003,0,0,000000000000000000000000000000000000052b280030
859,0x00000000000,0x00000000000,0x034e01c6b,0x13735322,0x00000000,0,0,0000000000000000000000d38071ac9b9a991000000000
860,0x00000000000,0x00000000000,0x000000000,0x00000000,0x00000000,0,0,0000000000000000000000000000000000000000000000
861,0x00000000000,0x00000000000,0x000000000,0x00000000,0x00000000,0,0,0000000000000000000000000000000000000000000000
862,0x00000000000,0x00000000000,0x000000000,0x00000000,0x00000000,0,0,0000000000000000000000000000000000000000000000
863,0x00000000000,0x00000000000,0x035001cab,0x00000000,0x00000000,0,0,0000000000000000000000d40072ac0000000000000000
864,0x00000000000,0x00000000000,0x055cf3561,0x00000000,0x00000000,0,0,0000000000000000000001573cd5840000000000000000
865,0x00000000000,0x00000000000,0x055ef35a1,0x00000000,0x00000000,0,0,000000000000000000000157bcd6840000000000000000
866,0x00000000000,0x00000000000,0x056d01661,0x00000000,0x53936003,0,0,00000000000000000000015b4059840000000539360030
867,0x00000000000,0x00000000000,0x056f016a1,0x00000000,0x00000000,0,0,00000000000000000000015bc05a840000000000000000
868,0x00000000000,0x00000000000,0x057d0f761,0x14543402,0x00000000,0,0,00000000000000000000015f43dd84a2a1a01000000000
869,0x00000000000,0x00000000000,0x057f0f7a1,0x00000000,0x00000000,0,0,00000000000000000000015fc3de840000000000000000
870,0x00000000000,0x00000000000,0x058d1d861,0x00000000,0x00000000,0,0,0000000000000000000001634761840000000000000000
871,0x00000000000,0x0000006a2bb,0x058f1d8a1,0x00000000,0x00000000,0,0,00000000000000006a2bb163c762840000000000000000
872,0x00000000000,0x0000006b2bf,0x035e01dab,0x00000000,0x00000000,0,0,00000000000000006b2bf0d78076ac0000000000000000
873,0x00000000000,0x0000006c2db,0x035c01d6b,0x00000000,0x00000000,0,0,00000000000000006c2db0d70075ac0000000000000000
874,0x00000000000,0x0000006d2df,0x05e569e03,0x00000000,0x00000000,0,0,00000000000000006d2df1795a780c0000000000000000
875,0x00000000000,0x0000006e2fb,0x000000000,0x153514e2,0x54744003,0,0,00000000000000006e2fb000000000a9a8a71547440030
876,0x00000000000,0x0000006f2ff,0x05e969e23,0x00000000,0x00000000,0,0,00000000000000006f2ff17a5a788c0000000000000000
877,0x00000000000,0x0000007031b,0x059d2b961,0x00000000,0x00000000,0,0,00000000000000007031b1674ae5840000000000000000
878,0x00000000000,0x0000007131f,0x059f2b9a1,0x00000000,0x00000000,0,0,00000000000000007131f167cae6840000000000000000
879,0x00000000000,0x00000000000,0x05f577f03,0x00000000,0x00000000,0,0,00000000000000000000017d5dfc0c0000000000000000
880,0x00000000000,0x00000000000,0x05f977f23,0x00000000,0x00000000,0,0,00000000000000000000017e5dfc8c0000000000000000
881,0x00000000000,0x00000000000,0x000000000,0x00000000,0x5e7e5041,0,0,00000000000000000000000000000000000005e7e50410
882,0x00000000000,0x00000000000,0x000000000,0x00000000,0x55552003,0,0,0000000000000000000000000000000000000555520030
883,0x00000000000,0x00000000000,0x000000000,0x00000000,0x00000000,0,0,0000000000000000000000000000000000000000000000
884,0x00000000000,0x0000007233b,0x000000000,0x00000000,0x00000000,0,0,00000000000000007233b0000000000000000000000000
885,0x00000000000,0x0000007333f,0x05af39aa1,0x1615f5c2,0x5ebe9041,0,0,00000000000000007333f16bce6a84b0afae15ebe90410
886,0x00000000000,0x00000000000,0x05ad39a61,0x00000000,0x00000000,0,0,00000000000000000000016b4e69840000000000000000
887,0x00000000000,0x00000000000,0x000000000,0x00000000,0x00000000,0,0,0000000000000000000000000000000000000000000000
888,0x00000000000,0x00000000000,0x000000000,0x00000000,0x00000000,0,0,0000000000000000000000000000000000000000000000
889,0x00000000000,0x00000000000,0x000000000,0x00000000,0x5f7f5041,0,0,00000000000000000000000000000000000005f7f50410
890,0x00000000000,0x00000000000,0x000000000,0x00000000,0x00000000,0,0,0000000000000000000000000000000000000000000000
891,0x00000000000,0x00000000000,0x000000000,0x00000000,0x00000000,0,0,0000000000000000000000000000000000000000000000
892,0x00000000000,0x0000007535f,0x000000000,0x00000000,0x56360003,0,0,00000000000000007535f0000000000000000563600030
893,0x00000000000,0x0000007435b,0x000000000,0x00000000,0x5fbf9041,0,0,00000000000000007435b00000000000000005fbf90410
894,0x00000000000,0x00000000000,0x000000000,0x00000000,0x00000000,0,0,0000000000000000000000000000000000000000000000
895,0x00000000000,0x00000000000,0x000000000,0x00000000,0x00000000,0,0,0000000000000000000000000000000000000000000000
896,0x00000000000,0x00000000000,0x000000000,0x00000000,0x00000000,0,0,0000000000000000000000000000000000000000000000
897,0x00000000000,0x00000000000,0x000000000,0x00000000,0x00000000,0,0,0000000000000000000000000000000000000000000000
898,0x00000000000,0x00000000000,0x000000000,0x00000000,0x00000000,0,0,0000000000000000000000000000000000000000000000
899,0x00000000000,0x00000000000,0x000000000,0x00000000,0x00000000,0,0,0000000000000000000000000000000000000000000000
900,0x00000000000,0x00000000000,0x000000000,0x00000000,0x00000000,0,0,0000000000000000000000000000000000000000000000
901,0x00000000000,0x00000000000,0x000000000,0x00000000,0x00000000,0,0,0000000000000000000000000000000000000000000000
902,0x00000000000,0x00000000000,0x000000000,0x00000000,0x00000000,0,0,0000000000000000000000000000000000000000000000
903,0x00000000000,0x00000000000,0x000000000,0x00000000,0x00000000,0,0,0000000000000000000000000000000000000000000000
904,0x00000000000,0x00000000000,0x000000000,0x00000000,0x00000000,0,0,0000000000000000000000000000000000000000000000
905,0x00000000000,0x00000000000,0x000000000,0x00000000,0x00000000,0,0,0000000000000000000000000000000000000000000000
906,0x00000000000,0x00000000000,0x000000000,0x00000000,0x00000000,0,0,0000000000000000000000000000000000000000000000
907,0x00000000000,0x00000000000,0x000000000,0x00000000,0x00000000,0,0,0000000000000000000000000000000000000000000000
908,0x00000000000,0x00000000000,0x000000000,0x00000000,0x00000000,0,0,0000000000000000000000000000000000000000000000
909,0x00000000000,0x00000000000,0x036a01e6b,0x00000000,0x00000000,0,0,0000000000000000000000da8079ac0000000000000000
910,0x00000000000,0x00000000000,0x000000000,0x00000000,0x00000000,0,0,0000000000000000000000000000000000000000000000
911,0x00000000000,0x00000000000,0x000000000,0x00000000,0x00000000,0,0,0000000000000000000000000000000000000000000000
912,0x00000000000,0x00000000000,0x000000000,0x00000000,0x00000000,0,0,0000000000000000000000000000000000000000000000
913,0x00000000000,0x00000000000,0x036c01eab,0x00000000,0x00000000,0,0,0000000000000000000000db007aac0000000000000000
914,0x00000000000,0x00000000000,0x05bd47b61,0x00000000,0x00000000,0,0,00000000000000000000016f51ed840000000000000000
915,0x00000000000,0x00000000000,0x05bf47ba1,0x00000000,0x00000000,0,0,00000000000000000000016fd1ee840000000000000000
916,0x00000000000,0x00000000000,0x05cd55c61,0x00000000,0x00000000,0,0,0000000000000000000001735571840000000000000000
917,0x00000000000,0x00000000000,0x05cf55ca1,0x00000000,0x00000000,0,0,000000000000000000000173d572840000000000000000
918,0x00000000000,0x00000000000,0x05dd63d61,0x00000000,0x00000000,0,0,00000000000000000000017758f5840000000000000000
919,0x00000000000,0x00000000000,0x05df63da1,0x00000000,0x00000000,0,0,000000000000000000000177d8f6840000000000000000
920,0x00000000000,0x00000000000,0x037801f6b,0x00000000,0x00000000,0,0,0000000000000000000000de007dac0000000000000000
921,0x00000000000,0x0000007637b,0x037a01fab,0x00000000,0x00000000,0,0,00000000000000007637b0de807eac0000000000000000
922,0x00000000000,0x0000007737f,0x000000000,0x00000000,0x00000000,0,0,00000000000000007737f0000000000000000000000000
923,0x00000000000,0x0000007839b,0x000000000,0x00000000,0x00000000,0,0,00000000000000007839b0000000000000000000000000
924,0x00000000000,0x0000007939f,0x000000000,0x00000000,0x00000000,0,0,00000000000000007939f0000000000000000000000000
925,0x00000000000,0x0000007a3bb,0x000000000,0x16f6d6a2,0x00000000,0,0,00000000000000007a3bb000000000b7b6b51000000000
926,0x00000000000,0x0000007b3bf,0x000000000,0x00000000,0x00000000,0,0,00000000000000007b3bf0000000000000000000000000
927,0x00000000000,0x00000000000,0x000000000,0x00000000,0x00000000,0,0,0000000000000000000000000000000000000000000000
928,0x00000000000,0x00000000000,0x000000000,0x00000000,0x00000000,0,0,0000000000000000000000000000000000000000000000
929,0x00000000000,0x00000000000,0x000000000,0x00000000,0x00000000,0,0,0000000000000000000000000000000000000000000000
930,0x00000000000,0x00000000000,0x000000000,0x00000000,0x00000000,0,0,0000000000000000000000000000000000000000000000
931,0x00000000000,0x00000000000,0x000000000,0x00000000,0x00000000,0,0,0000000000000000000000000000000000000000000000
932,0x00000000000,0x00000000000,0x000000000,0x00000000,0x5716e003,0,0,00000000000000000000000000000000000005716e0030
933,0x00000000000,0x00000000000,0x000000000,0x17d7b782,0x00000000,0,0,000000000000000000000000000000bebdbc1000000000
934,0x00000000000,0x00000000000,0x000000000,0x00000000,0x00000000,0,0,0000000000000000000000000000000000000000000000
935,0x00000000000,0x00000000000,0x000000000,0x00000000,0x00000000,0,0,0000000000000000000000000000000000000000000000
936,0x00000000000,0x00000000000,0x000000000,0x00000000,0x00000000,0,0,0000000000000000000000000000000000000000000000
937,0x00000000000,0x00000000000,0x000000000,0x00000000,0x00000000,0,0,0000000000000000000000000000000000000000000000
938,0x00000000000,0x00000000000,0x000000000,0x00000000,0x00000000,0,0,0000000000000000000000000000000000000000000000
939,0x00000000000,0x00000000000,0x000000000,0x00000000,0x00000000,0,0,0000000000000000000000000000000000000000000000
940,0x00000000000,0x00000000000,0x000000000,0x00000000,0x57f7c003,0,0,000000000000000000000000000000000000057f7c0030
941,0x00000000000,0x00000000000,0x000000000,0x00000000,0x00000000,0,0,0000000000000000000000000000000000000000000000
942,0x00000000000,0x00000000000,0x000000000,0x00000000,0x00000000,0,0,0000000000000000000000000000000000000000000000
943,0x00000000000,0x00000000000,0x000000000,0x00000000,0x00000000,0,0,0000000000000000000000000000000000000000000000
944,0x00000000000,0x00000000000,0x000000000,0x00000000,0x00000000,0,0,0000000000000000000000000000000000000000000000
945,0x00000000000,0x00000000000,0x000000000,0x00000000,0x00000000,0,0,0000000000000000000000000000000000000000000000
946,0x00000000000,0x00000000000,0x000000000,0x00000000,0x00000000,0,0,0000000000000000000000000000000000000000000000
947,0x00000000000,0x00000000000,0x000000000,0x00000000,0x00000000,0,0,0000000000000000000000000000000000000000000000
948,0x00000000000,0x00000000000,0x000000000,0x00000000,0x00000000,0,0,0000000000000000000000000000000000000000000000
949,0x00000000000,0x00000000000,0x000000000,0x00000000,0x00000000,0,0,0000000000000000000000000000000000000000000000
950,0x00000000000,0x00000000000,0x000000000,0x00000000,0x00000000,0,0,0000000000000000000000000000000000000000000000
951,0x00000000000,0x00000000000,0x05ed71e61,0x00000000,0x00000000,0,0,00000000000000000000017b5c79840000000000000000
952,0x00000000000,0x00000000000,0x05ef71ea1,0x00000000,0x00000000,0,0,00000000000000000000017bdc7a840000000000000000
953,0x00000000000,0x00000000000,0x000000000,0x00000000,0x00000000,0,0,0000000000000000000000000000000000000000000000
954,0x00000000000,0x00000000000,0x000000000,0x00000000,0x00000000,0,0,0000000000000000000000000000000000000000000000
955,0x00000000000,0x00000000000,0x000000000,0x00000000,0x00000000,0,0,0000000000000000000000000000000000000000000000
956,0x00000000000,0x00000000000,0x000000000,0x00000000,0x00000000,0,0,0000000000000000000000000000000000000000000000
957,0x00000000000,0x00000000000,0x000000000,0x00000000,0x00000000,0,0,0000000000000000000000000000000000000000000000
958,0x00000000000,0x0000007c3db,0x000000000,0x00000000,0x00000000,0,0,00000000000000007c3db0000000000000000000000000
959,0x00000000000,0x0000007d3df,0x05ff7ffa1,0x00000000,0x00000000,0,0,00000000000000007d3df17fdffe840000000000000000
960,0x00000000000,0x00000000000,0x05fd7ff61,0x00000000,0x00000000,0,0,00000000000000000000017f5ffd840000000000000000
961,0x00000000000,0x00000000000,0x000000000,0x00000000,0x00000000,0,0,0000000000000000000000000000000000000000000000
962,0x00000000000,0x00000000000,0x000000000,0x00000000,0x00000000,0,0,0000000000000000000000000000000000000000000000
963,0x00000000000,0x00000000000,0x000000000,0x00000000,0x00000000,0,0,0000000000000000000000000000000000000000000000
964,0x00000000000,0x00000000000,0x000000000,0x00000000,0x00000000,0,0,0000000000000000000000000000000000000000000000
965,0x00000000000,0x00000000000,0x000000000,0x00000000,0x00000000,0,0,0000000000000000000000000000000000000000000000
966,0x00000000000,0x0000007f3ff,0x000000000,0x00000000,0x00000000,0,0,00000000000000007f3ff0000000000000000000000000
967,0x00000000000,0x0000007e3fb,0x000000000,0x00000000,0x00000000,0,0,00000000000000007e3fb0000000000000000000000000
968,0x00000000000,0x00000000000,0x000000000,0x00000000,0x00000000,0,1,0000000000000000000000000000000000000000000001
