cycle,load,store,vector,scalar,sfu,reserved,eop,word_hex
0,0x00000000003,0x00000000000,0x000000000,0x00000000,0x00000000,0,0,0000000000c00000000000000000000000000000000000
1,0x00000001013,0x00000000000,0x000000000,0x00000000,0x00000000,0,0,0000000404c00000000000000000000000000000000000
2,0x00000002023,0x00000000000,0x000000000,0x00000000,0x00000000,0,0,0000000808c00000000000000000000000000000000000
3,0x00000003033,0x00000000000,0x000000000,0x00000000,0x40201041,0,0,0000000c0cc00000000000000000000000000402010410
4,0x00000004043,0x00000000000,0x000000000,0x00000000,0x00000000,0,0,0000001010c00000000000000000000000000000000000
5,0x00000005053,0x00000000000,0x000000000,0x00000000,0x00000000,0,0,0000001414c00000000000000000000000000000000000
6,0x00000006063,0x00000000000,0x000000000,0x00000000,0x00000000,0,0,0000001818c00000000000000000000000000000000000
7,0x00000007073,0x00000000000,0x000000000,0x00000000,0x40a09041,0,0,0000001c1cc0000000000000000000000000040a090410
8,0x00000008083,0x00000000000,0x000000000,0x00000000,0x00000000,0,0,0000002020c00000000000000000000000000000000000
9,0x00000009093,0x00000000000,0x000000000,0x00000000,0x00000000,0,0,0000002424c00000000000000000000000000000000000
10,0x0000000a0a3,0x00000000000,0x000000000,0x00000000,0x00000000,0,0,0000002828c00000000000000000000000000000000000
11,0x0000000b0b3,0x00000000000,0x000000000,0x00000000,0x41211041,0,0,0000002c2cc00000000000000000000000000412110410
12,0x0000000c0c3,0x00000000000,0x000000000,0x00000000,0x00000000,0,0,0000003030c00000000000000000000000000000000000
13,0x0000000d0d3,0x00000000000,0x000000000,0x00000000,0x00000000,0,0,0000003434c00000000000000000000000000000000000
14,0x0000000e0e3,0x00000000000,0x000000000,0x00000000,0x00000000,0,0,0000003838c00000000000000000000000000000000000
15,0x0000000f0f3,0x00000000000,0x000000000,0x00000000,0x41a19041,0,0,0000003c3cc0000000000000000000000000041a190410
16,0x00000010103,0x00000000000,0x000000000,0x00000000,0x00000000,0,0,0000004040c00000000000000000000000000000000000
17,0x00000011113,0x00000000000,0x000000000,0x00000000,0x00000000,0,0,0000004444c00000000000000000000000000000000000
18,0x00000012123,0x00000000000,0x000000000,0x00000000,0x00000000,0,0,0000004848c00000000000000000000000000000000000
19,0x00000013133,0x00000000000,0x000000000,0x00000000,0x42221041,0,0,0000004c4cc00000000000000000000000000422210410
20,0x00000014143,0x00000000000,0x000000000,0x00000000,0x00000000,0,0,0000005050c00000000000000000000000000000000000
21,0x00000015153,0x00000000000,0x000000000,0x00000000,0x00000000,0,0,0000005454c00000000000000000000000000000000000
22,0x00000016163,0x00000000000,0x000000000,0x00000000,0x00000000,0,0,0000005858c00000000000000000000000000000000000
23,0x00000017173,0x00000000000,0x000000000,0x00000000,0x42a29041,0,0,0000005c5cc0000000000000000000000000042a290410
24,0x00000018183,0x00000000000,0x000000000,0x00000000,0x00000000,0,0,0000006060c00000000000000000000000000000000000
25,0x00000019193,0x00000000000,0x000000000,0x00000000,0x00000000,0,0,0000006464c00000000000000000000000000000000000
26,0x0000001a1a3,0x00000000000,0x000000000,0x00000000,0x00000000,0,0,0000006868c00000000000000000000000000000000000
27,0x0000001b1b3,0x00000000000,0x000000000,0x00000000,0x43231041,0,0,0000006c6cc00000000000000000000000000432310410
28,0x0000001c1c3,0x00000000000,0x000000000,0x00000000,0x00000000,0,0,0000007070c00000000000000000000000000000000000
29,0x0000001d1d3,0x00000000000,0x000000000,0x00000000,0x00000000,0,0,0000007474c00000000000000000000000000000000000
30,0x0000001e1e3,0x00000000000,0x000000000,0x00000000,0x00000000,0,0,0000007878c00000000000000000000000000000000000
31,0x0000001f1f3,0x00000000000,0x000000000,0x00000000,0x43a39041,0,0,0000007c7cc0000000000000000000000000043a390410
32,0x00000020203,0x00000000000,0x000000000,0x00000000,0x00000000,0,0,0000008080c00000000000000000000000000000000000
33,0x00000021213,0x00000000000,0x000000000,0x00000000,0x00000000,0,0,0000008484c00000000000000000000000000000000000
34,0x00000022223,0x00000000000,0x000000000,0x00000000,0x00000000,0,0,0000008888c00000000000000000000000000000000000
35,0x00000023233,0x00000000000,0x000000000,0x00000000,0x44241041,0,0,0000008c8cc00000000000000000000000000442410410
36,0x00000024243,0x00000000000,0x000000000,0x00000000,0x00000000,0,0,0000009090c00000000000000000000000000000000000
37,0x00000025253,0x00000000000,0x000000000,0x00000000,0x00000000,0,0,0000009494c00000000000000000000000000000000000
38,0x00000026263,0x00000000000,0x000000000,0x00000000,0x00000000,0,0,0000009898c00000000000000000000000000000000000
39,0x00000027273,0x00000000000,0x000000000,0x00000000,0x44a49041,0,0,0000009c9cc0000000000000000000000000044a490410
40,0x00000028283,0x00000000000,0x000000000,0x00000000,0x00000000,0,0,000000a0a0c00000000000000000000000000000000000
41,0x00000029293,0x00000000000,0x000000000,0x00000000,0x00000000,0,0,000000a4a4c00000000000000000000000000000000000
42,0x0000002a2a3,0x00000000000,0x000000000,0x00000000,0x00000000,0,0,000000a8a8c00000000000000000000000000000000000
43,0x0000002b2b3,0x00000000000,0x000000000,0x00000000,0x45251041,0,0,000000acacc00000000000000000000000000452510410
44,0x0000002c2c3,0x00000000000,0x000000000,0x00000000,0x00000000,0,0,000000b0b0c00000000000000000000000000000000000
45,0x0000002d2d3,0x00000000000,0x000000000,0x00000000,0x00000000,0,0,000000b4b4c00000000000000000000000000000000000
46,0x0000002e2e3,0x00000000000,0x000000000,0x00000000,0x00000000,0,0,000000b8b8c00000000000000000000000000000000000
47,0x0000002f2f3,0x00000000000,0x000000000,0x00000000,0x45a59041,0,0,000000bcbcc0000000000000000000000000045a590410
48,0x00000030303,0x00000000000,0x000000000,0x00000000,0x00000000,0,0,000000c0c0c00000000000000000000000000000000000
49,0x00000031313,0x00000000000,0x000000000,0x00000000,0x00000000,0,0,000000c4c4c00000000000000000000000000000000000
50,0x00000032323,0x00000000000,0x000000000,0x00000000,0x00000000,0,0,000000c8c8c00000000000000000000000000000000000
51,0x00000033333,0x00000000000,0x000000000,0x00000000,0x46261041,0,0,000000ccccc00000000000000000000000000462610410
52,0x00000034343,0x00000000000,0x000000000,0x00000000,0x00000000,0,0,000000d0d0c00000000000000000000000000000000000
53,0x00000035353,0x00000000000,0x000000000,0x00000000,0x00000000,0,0,000000d4d4c00000000000000000000000000000000000
54,0x00000036363,0x00000000000,0x000000000,0x00000000,0x00000000,0,0,000000d8d8c00000000000000000000000000000000000
55,0x00000037373,0x00000000000,0x000000000,0x00000000,0x46a69041,0,0,000000dcdcc0000000000000000000000000046a690410
56,0x00000038383,0x00000000000,0x000000000,0x00000000,0x00000000,0,0,000000e0e0c00000000000000000000000000000000000
57,0x00000039393,0x00000000000,0x000000000,0x00000000,0x00000000,0,0,000000e4e4c00000000000000000000000000000000000
58,0x0000003a3a3,0x00000000000,0x000000000,0x00000000,0x00000000,0,0,000000e8e8c00000000000000000000000000000000000
59,0x0000003b3b3,0x00000000000,0x000000000,0x00000000,0x47271041,0,0,000000ececc00000000000000000000000000472710410
60,0x0000003c3c3,0x00000000000,0x000000000,0x00000000,0x00000000,0,0,000000f0f0c00000000000000000000000000000000000
61,0x0000003d3d3,0x00000000000,0x000000000,0x00000000,0x00000000,0,0,000000f4f4c00000000000000000000000000000000000
62,0x0000003e3e3,0x00000000000,0x000000000,0x00000000,0x00000000,0,0,000000f8f8c00000000000000000000000000000000000
63,0x0000003f3f3,0x00000000000,0x000000000,0x00000000,0x47a79041,0,0,000000fcfcc0000000000000000000000000047a790410
64,0x00000000000,0x00000000000,0x000000000,0x00000000,0x00000000,0,0,0000000000000000000000000000000000000000000000
65,0x00000000000,0x00000000000,0x000000000,0x00000000,0x00000000,0,0,0000000000000000000000000000000000000000000000
66,0x00000000000,0x00000000000,0x000000000,0x00000000,0x00000000,0,0,0000000000000000000000000000000000000000000000
67,0x00000000000,0x00000000000,0x000000000,0x00000000,0x48281041,0,0,0000000000000000000000000000000000000482810410
68,0x00000000000,0x00000000000,0x000000000,0x00000000,0x00000000,0,0,0000000000000000000000000000000000000000000000
69,0x00000000000,0x00000000000,0x000000000,0x00000000,0x00000000,0,0,0000000000000000000000000000000000000000000000
70,0x00000000000,0x00000000000,0x000000000,0x00000000,0x00000000,0,0,0000000000000000000000000000000000000000000000
71,0x00000000000,0x00000000000,0x000000000,0x00000000,0x48a89041,0,0,000000000000000000000000000000000000048a890410
72,0x00000000000,0x00000000000,0x000000000,0x00000000,0x00000000,0,0,0000000000000000000000000000000000000000000000
73,0x00000000000,0x00000000000,0x000000000,0x00000000,0x00000000,0,0,0000000000000000000000000000000000000000000000
74,0x00000000000,0x00000000000,0x000000000,0x00000000,0x00000000,0,0,0000000000000000000000000000000000000000000000
75,0x00000000000,0x00000000000,0x000000000,0x00000000,0x49291041,0,0,0000000000000000000000000000000000000492910410
76,0x00000000000,0x00000000000,0x000000000,0x00000000,0x00000000,0,0,0000000000000000000000000000000000000000000000
77,0x00000000000,0x00000000000,0x000000000,0x00000000,0x00000000,0,0,0000000000000000000000000000000000000000000000
78,0x00000000000,0x00000000000,0x000000000,0x00000000,0x00000000,0,0,0000000000000000000000000000000000000000000000
79,0x00000000000,0x00000000000,0x000000000,0x00000000,0x49a99041,0,0,000000000000000000000000000000000000049a990410
80,0x00000000000,0x00000000000,0x000000000,0x00000000,0x00000000,0,0,0000000000000000000000000000000000000000000000
81,0x00000000000,0x00000000000,0x000000000,0x00000000,0x00000000,0,0,0000000000000000000000000000000000000000000000
82,0x00000000000,0x00000000000,0x000000000,0x00000000,0x00000000,0,0,0000000000000000000000000000000000000000000000
83,0x00000000000,0x00000000000,0x000000000,0x00000000,0x4a2a1041,0,0,00000000000000000000000000000000000004a2a10410
84,0x00000000000,0x00000000000,0x000000000,0x00000000,0x00000000,0,0,0000000000000000000000000000000000000000000000
85,0x00000000000,0x00000000000,0x000000000,0x00000000,0x00000000,0,0,0000000000000000000000000000000000000000000000
86,0x00000000000,0x00000000000,0x000000000,0x00000000,0x00000000,0,0,0000000000000000000000000000000000000000000000
87,0x00000000000,0x00000000000,0x000000000,0x00000000,0x4aaa9041,0,0,00000000000000000000000000000000000004aaa90410
88,0x00000000000,0x00000000000,0x000000000,0x00000000,0x00000000,0,0,0000000000000000000000000000000000000000000000
89,0x00000000000,0x00000000000,0x000000000,0x00000000,0x00000000,0,0,0000000000000000000000000000000000000000000000
90,0x00000000000,0x00000000000,0x000000000,0x00000000,0x00000000,0,0,0000000000000000000000000000000000000000000000
91,0x00000000000,0x00000000000,0x000000000,0x00000000,0x4b2b1041,0,0,00000000000000000000000000000000000004b2b10410
92,0x00000000000,0x00000000000,0x000000000,0x00000000,0x00000000,0,0,0000000000000000000000000000000000000000000000
93,0x00000000000,0x00000000000,0x000000000,0x00000000,0x00000000,0,0,0000000000000000000000000000000000000000000000
94,0x00000000000,0x00000000000,0x000000000,0x00000000,0x00000000,0,0,0000000000000000000000000000000000000000000000
95,0x00000000000,0x00000000000,0x000000000,0x00000000,0x4bab9041,0,0,00000000000000000000000000000000000004bab90410
96,0x00000000000,0x00000000000,0x000000000,0x00000000,0x00000000,0,0,0000000000000000000000000000000000000000000000
97,0x00000000000,0x00000000000,0x000000000,0x00000000,0x00000000,0,0,0000000000000000000000000000000000000000000000
98,0x00000000000,0x00000000000,0x000000000,0x00000000,0x00000000,0,0,0000000000000000000000000000000000000000000000
99,0x00000000000,0x00000000000,0x000000000,0x00000000,0x4c2c1041,0,0,00000000000000000000000000000000000004c2c10410
100,0x00000000000,0x00000000000,0x000000000,0x00000000,0x00000000,0,0,0000000000000000000000000000000000000000000000
101,0x00000000000,0x00000000000,0x000000000,0x00000000,0x00000000,0,0,0000000000000000000000000000000000000000000000
102,0x00000000000,0x00000000000,0x000000000,0x00000000,0x00000000,0,0,0000000000000000000000000000000000000000000000
103,0x00000000000,0x00000000000,0x000000000,0x00000000,0x4cac9041,0,0,00000000000000000000000000000000000004cac90410
104,0x00000000000,0x00000000000,0x000000000,0x00000000,0x00000000,0,0,0000000000000000000000000000000000000000000000
105,0x00000000000,0x00000000000,0x000000000,0x00000000,0x00000000,0,0,0000000000000000000000000000000000000000000000
106,0x00000000000,0x00000000000,0x000000000,0x00000000,0x00000000,0,0,0000000000000000000000000000000000000000000000
107,0x00000000000,0x00000000000,0x000000000,0x00000000,0x4d2d1041,0,0,00000000000000000000000000000000000004d2d10410
108,0x00000000000,0x00000000000,0x000000000,0x00000000,0x00000000,0,0,0000000000000000000000000000000000000000000000
109,0x00000000000,0x00000000000,0x000000000,0x00000000,0x00000000,0,0,0000000000000000000000000000000000000000000000
110,0x00000000000,0x00000000000,0x000000000,0x00000000,0x00000000,0,0,0000000000000000000000000000000000000000000000
111,0x00000000000,0x00000000000,0x000000000,0x00000000,0x4dad9041,0,0,00000000000000000000000000000000000004dad90410
112,0x00000000000,0x00000000000,0x000000000,0x00000000,0x00000000,0,0,0000000000000000000000000000000000000000000000
113,0x00000000000,0x00000000000,0x000000000,0x00000000,0x00000000,0,0,0000000000000000000000000000000000000000000000
114,0x00000000000,0x00000000000,0x000000000,0x00000000,0x00000000,0,0,0000000000000000000000000000000000000000000000
115,0x00000000000,0x00000000000,0x000000000,0x00000000,0x4e2e1041,0,0,00000000000000000000000000000000000004e2e10410
116,0x00000000000,0x00000000000,0x000000000,0x00000000,0x00000000,0,0,0000000000000000000000000000000000000000000000
117,0x00000000000,0x00000000000,0x000000000,0x00000000,0x00000000,0,0,0000000000000000000000000000000000000000000000
118,0x00000000000,0x00000000000,0x000000000,0x00000000,0x00000000,0,0,0000000000000000000000000000000000000000000000
119,0x00000000000,0x00000000000,0x000000000,0x00000000,0x4eae9041,0,0,00000000000000000000000000000000000004eae90410
120,0x00000000000,0x00000000000,0x000000000,0x00000000,0x00000000,0,0,0000000000000000000000000000000000000000000000
121,0x00000000000,0x00000000000,0x000000000,0x00000000,0x00000000,0,0,0000000000000000000000000000000000000000000000
122,0x00000000000,0x00000000000,0x000000000,0x00000000,0x00000000,0,0,0000000000000000000000000000000000000000000000
123,0x00000000000,0x00000000000,0x000000000,0x00000000,0x4f2f1041,0,0,00000000000000000000000000000000000004f2f10410
124,0x00000000000,0x00000000000,0x000000000,0x00000000,0x00000000,0,0,0000000000000000000000000000000000000000000000
125,0x00000000000,0x00000000000,0x000000000,0x00000000,0x00000000,0,0,0000000000000000000000000000000000000000000000
126,0x00000000000,0x00000000000,0x000000000,0x00000000,0x00000000,0,0,0000000000000000000000000000000000000000000000
127,0x00000000000,0x00000000000,0x000000000,0x00000000,0x4faf9041,0,0,00000000000000000000000000000000000004faf90410
128,0x00000000000,0x00000000000,0x000000000,0x00000000,0x00000000,0,0,0000000000000000000000000000000000000000000000
129,0x00000000000,0x00000000000,0x000000000,0x00000000,0x00000000,0,0,0000000000000000000000000000000000000000000000
130,0x00000000000,0x00000000000,0x000000000,0x00000000,0x00000000,0,0,0000000000000000000000000000000000000000000000
131,0x00000000000,0x00000000000,0x000000000,0x00000000,0x50301041,0,0,0000000000000000000000000000000000000503010410
132,0x00000000000,0x00000000000,0x000000000,0x00000000,0x00000000,0,0,0000000000000000000000000000000000000000000000
133,0x00000000000,0x00000000000,0x000000000,0x00000000,0x00000000,0,0,0000000000000000000000000000000000000000000000
134,0x00000000000,0x00000000000,0x000000000,0x00000000,0x00000000,0,0,0000000000000000000000000000000000000000000000
135,0x00000000000,0x00000000000,0x000000000,0x00000000,0x50b09041,0,0,000000000000000000000000000000000000050b090410
136,0x00000000000,0x00000000000,0x000000000,0x00000000,0x00000000,0,0,0000000000000000000000000000000000000000000000
137,0x00000000000,0x00000000000,0x000000000,0x00000000,0x00000000,0,0,0000000000000000000000000000000000000000000000
138,0x00000000000,0x00000000000,0x000000000,0x00000000,0x00000000,0,0,0000000000000000000000000000000000000000000000
139,0x00000000000,0x00000000000,0x000000000,0x00000000,0x51311041,0,0,0000000000000000000000000000000000000513110410
140,0x00000000000,0x00000000000,0x000000000,0x00000000,0x00000000,0,0,0000000000000000000000000000000000000000000000
141,0x00000000000,0x00000000000,0x000000000,0x00000000,0x00000000,0,0,0000000000000000000000000000000000000000000000
142,0x00000000000,0x00000000000,0x000000000,0x00000000,0x00000000,0,0,0000000000000000000000000000000000000000000000
143,0x00000000000,0x00000000000,0x000000000,0x00000000,0x51b19041,0,0,000000000000000000000000000000000000051b190410
144,0x00000000000,0x00000000000,0x000000000,0x00000000,0x00000000,0,0,0000000000000000000000000000000000000000000000
145,0x00000000000,0x00000000000,0x000000000,0x00000000,0x00000000,0,0,0000000000000000000000000000000000000000000000
146,0x00000000000,0x00000000000,0x000000000,0x00000000,0x00000000,0,0,0000000000000000000000000000000000000000000000
147,0x00000000000,0x00000000000,0x000000000,0x00000000,0x52321041,0,0,0000000000000000000000000000000000000523210410
148,0x00000000000,0x00000000000,0x000000000,0x00000000,0x00000000,0,0,0000000000000000000000000000000000000000000000
149,0x00000000000,0x00000000000,0x000000000,0x00000000,0x00000000,0,0,0000000000000000000000000000000000000000000000
150,0x00000000000,0x00000000000,0x000000000,0x00000000,0x00000000,0,0,0000000000000000000000000000000000000000000000
151,0x00000000000,0x00000000000,0x000000000,0x00000000,0x52b29041,0,0,000000000000000000000000000000000000052b290410
152,0x00000000000,0x00000000000,0x000000000,0x00000000,0x00000000,0,0,0000000000000000000000000000000000000000000000
153,0x00000000000,0x00000000000,0x000000000,0x00000000,0x00000000,0,0,0000000000000000000000000000000000000000000000
154,0x00000000000,0x00000000000,0x000000000,0x00000000,0x00000000,0,0,0000000000000000000000000000000000000000000000
155,0x00000000000,0x00000000000,0x000000000,0x00000000,0x53331041,0,0,0000000000000000000000000000000000000533310410
156,0x00000000000,0x00000000000,0x000000000,0x00000000,0x00000000,0,0,0000000000000000000000000000000000000000000000
157,0x00000000000,0x00000000000,0x000000000,0x00000000,0x00000000,0,0,0000000000000000000000000000000000000000000000
158,0x00000000000,0x00000000000,0x000000000,0x00000000,0x00000000,0,0,0000000000000000000000000000000000000000000000
159,0x00000000000,0x00000000000,0x000000000,0x00000000,0x53b39041,0,0,000000000000000000000000000000000000053b390410
160,0x00000000000,0x00000000000,0x000000000,0x00000000,0x00000000,0,0,0000000000000000000000000000000000000000000000
161,0x00000000000,0x00000000000,0x000000000,0x00000000,0x00000000,0,0,0000000000000000000000000000000000000000000000
162,0x00000000000,0x00000000000,0x000000000,0x00000000,0x00000000,0,0,0000000000000000000000000000000000000000000000
163,0x00000000000,0x00000000000,0x000000000,0x00000000,0x54341041,0,0,0000000000000000000000000000000000000543410410
164,0x00000000000,0x00000000000,0x000000000,0x00000000,0x00000000,0,0,0000000000000000000000000000000000000000000000
165,0x00000000000,0x00000000000,0x000000000,0x00000000,0x00000000,0,0,0000000000000000000000000000000000000000000000
166,0x00000000000,0x00000000000,0x000000000,0x00000000,0x00000000,0,0,0000000000000000000000000000000000000000000000
167,0x00000000000,0x00000000000,0x000000000,0x00000000,0x54b49041,0,0,000000000000000000000000000000000000054b490410
168,0x00000000000,0x00000000000,0x000000000,0x00000000,0x00000000,0,0,0000000000000000000000000000000000000000000000
169,0x00000000000,0x00000000000,0x000000000,0x00000000,0x00000000,0,0,0000000000000000000000000000000000000000000000
170,0x00000000000,0x00000000000,0x000000000,0x00000000,0x00000000,0,0,0000000000000000000000000000000000000000000000
171,0x00000000000,0x00000000000,0x000000000,0x00000000,0x55351041,0,0,0000000000000000000000000000000000000553510410
172,0x00000000000,0x00000000000,0x000000000,0x00000000,0x00000000,0,0,0000000000000000000000000000000000000000000000
173,0x00000000000,0x00000000000,0x000000000,0x00000000,0x00000000,0,0,0000000000000000000000000000000000000000000000
174,0x00000000000,0x00000000000,0x000000000,0x00000000,0x00000000,0,0,0000000000000000000000000000000000000000000000
175,0x00000000000,0x00000000000,0x000000000,0x00000000,0x55b59041,0,0,000000000000000000000000000000000000055b590410
176,0x00000000000,0x00000000000,0x000000000,0x00000000,0x00000000,0,0,0000000000000000000000000000000000000000000000
177,0x00000000000,0x00000000000,0x000000000,0x00000000,0x00000000,0,0,0000000000000000000000000000000000000000000000
178,0x00000000000,0x00000000000,0x000000000,0x00000000,0x00000000,0,0,0000000000000000000000000000000000000000000000
179,0x00000000000,0x00000000000,0x000000000,0x00000000,0x56361041,0,0,0000000000000000000000000000000000000563610410
180,0x00000000000,0x00000000000,0x000000000,0x00000000,0x00000000,0,0,0000000000000000000000000000000000000000000000
181,0x00000000000,0x00000000000,0x000000000,0x00000000,0x00000000,0,0,0000000000000000000000000000000000000000000000
182,0x00000000000,0x00000000000,0x000000000,0x00000000,0x00000000,0,0,0000000000000000000000000000000000000000000000
183,0x00000000000,0x00000000000,0x000000000,0x00000000,0x56b69041,0,0,000000000000000000000000000000000000056b690410
184,0x00000000000,0x00000000000,0x000000000,0x00000000,0x00000000,0,0,0000000000000000000000000000000000000000000000
185,0x00000000000,0x00000000000,0x000000000,0x00000000,0x00000000,0,0,0000000000000000000000000000000000000000000000
186,0x00000000000,0x00000000000,0x000000000,0x00000000,0x00000000,0,0,0000000000000000000000000000000000000000000000
187,0x00000000000,0x00000000000,0x000000000,0x00000000,0x57371041,0,0,0000000000000000000000000000000000000573710410
188,0x00000000000,0x00000000000,0x000000000,0x00000000,0x00000000,0,0,0000000000000000000000000000000000000000000000
189,0x00000000000,0x00000000000,0x000000000,0x00000000,0x00000000,0,0,0000000000000000000000000000000000000000000000
190,0x00000000000,0x00000000000,0x000000000,0x00000000,0x00000000,0,0,0000000000000000000000000000000000000000000000
191,0x00000000000,0x00000000000,0x000000000,0x00000000,0x57b79041,0,0,000000000000000000000000000000000000057b790410
192,0x00000000000,0x00000000000,0x000000000,0x00000000,0x00000000,0,0,0000000000000000000000000000000000000000000000
193,0x00000000000,0x00000000000,0x000000000,0x00000000,0x00000000,0,0,0000000000000000000000000000000000000000000000
194,0x00000000000,0x00000000000,0x000000000,0x00000000,0x00000000,0,0,0000000000000000000000000000000000000000000000
195,0x00000000000,0x00000000000,0x000000000,0x00000000,0x58381041,0,0,0000000000000000000000000000000000000583810410
196,0x00000000000,0x00000000000,0x000000000,0x00000000,0x00000000,0,0,0000000000000000000000000000000000000000000000
197,0x00000000000,0x00000000000,0x000000000,0x00000000,0x00000000,0,0,0000000000000000000000000000000000000000000000
198,0x00000000000,0x00000000000,0x000000000,0x00000000,0x00000000,0,0,0000000000000000000000000000000000000000000000
199,0x00000000000,0x00000000000,0x000000000,0x00000000,0x58b89041,0,0,000000000000000000000000000000000000058b890410
200,0x00000000000,0x00000000000,0x000000000,0x00000000,0x00000000,0,0,0000000000000000000000000000000000000000000000
201,0x00000000000,0x00000000000,0x000000000,0x00000000,0x00000000,0,0,0000000000000000000000000000000000000000000000
202,0x00000000000,0x00000000000,0x000000000,0x00000000,0x00000000,0,0,0000000000000000000000000000000000000000000000
203,0x00000000000,0x00000000000,0x000000000,0x00000000,0x59391041,0,0,0000000000000000000000000000000000000593910410
204,0x00000000000,0x00000000000,0x000000000,0x00000000,0x00000000,0,0,0000000000000000000000000000000000000000000000
205,0x00000000000,0x00000000000,0x000000000,0x00000000,0x00000000,0,0,0000000000000000000000000000000000000000000000
206,0x00000000000,0x00000000000,0x000000000,0x00000000,0x00000000,0,0,0000000000000000000000000000000000000000000000
207,0x00000000000,0x00000000000,0x000000000,0x00000000,0x59b99041,0,0,000000000000000000000000000000000000059b990410
208,0x00000000000,0x00000000000,0x000000000,0x00000000,0x00000000,0,0,0000000000000000000000000000000000000000000000
209,0x00000000000,0x00000000000,0x000000000,0x00000000,0x00000000,0,0,0000000000000000000000000000000000000000000000
210,0x00000000000,0x00000000000,0x000000000,0x00000000,0x00000000,0,0,0000000000000000000000000000000000000000000000
211,0x00000000000,0x00000000000,0x000000000,0x00000000,0x5a3a1041,0,0,00000000000000000000000000000000000005a3a10410
212,0x00000000000,0x00000000000,0x000000000,0x00000000,0x00000000,0,0,0000000000000000000000000000000000000000000000
213,0x00000000000,0x00000000000,0x000000000,0x00000000,0x00000000,0,0,0000000000000000000000000000000000000000000000
214,0x00000000000,0x00000000000,0x000000000,0x00000000,0x00000000,0,0,0000000000000000000000000000000000000000000000
215,0x00000000000,0x00000000000,0x000000000,0x00000000,0x5aba9041,0,0,00000000000000000000000000000000000005aba90410
216,0x00000000000,0x00000000000,0x000000000,0x00000000,0x00000000,0,0,0000000000000000000000000000000000000000000000
217,0x00000000000,0x00000000000,0x000000000,0x00000000,0x00000000,0,0,0000000000000000000000000000000000000000000000
218,0x00000000000,0x00000000000,0x000000000,0x00000000,0x00000000,0,0,0000000000000000000000000000000000000000000000
219,0x00000000000,0x00000000000,0x000000000,0x00000000,0x5b3b1041,0,0,00000000000000000000000000000000000005b3b10410
220,0x00000000000,0x00000000000,0x000000000,0x00000000,0x00000000,0,0,0000000000000000000000000000000000000000000000
221,0x00000000000,0x00000000000,0x000000000,0x00000000,0x00000000,0,0,0000000000000000000000000000000000000000000000
222,0x00000000000,0x00000000000,0x000000000,0x00000000,0x00000000,0,0,0000000000000000000000000000000000000000000000
223,0x00000000000,0x00000000000,0x000000000,0x00000000,0x5bbb9041,0,0,00000000000000000000000000000000000005bbb90410
224,0x00000000000,0x00000000000,0x000000000,0x00000000,0x00000000,0,0,0000000000000000000000000000000000000000000000
225,0x00000000000,0x00000000000,0x000000000,0x00000000,0x00000000,0,0,0000000000000000000000000000000000000000000000
226,0x00000000000,0x00000000000,0x000000000,0x00000000,0x00000000,0,0,0000000000000000000000000000000000000000000000
227,0x00000000000,0x00000000000,0x000000000,0x00000000,0x5c3c1041,0,0,00000000000000000000000000000000000005c3c10410
228,0x00000000000,0x00000000000,0x000000000,0x00000000,0x00000000,0,0,0000000000000000000000000000000000000000000000
229,0x00000000000,0x00000000000,0x000000000,0x00000000,0x00000000,0,0,0000000000000000000000000000000000000000000000
230,0x00000000000,0x00000000000,0x000000000,0x00000000,0x00000000,0,0,0000000000000000000000000000000000000000000000
231,0x00000000000,0x00000000000,0x000000000,0x00000000,0x5cbc9041,0,0,00000000000000000000000000000000000005cbc90410
232,0x00000000000,0x00000000000,0x000000000,0x00000000,0x00000000,0,0,0000000000000000000000000000000000000000000000
233,0x00000000000,0x00000000000,0x000000000,0x00000000,0x00000000,0,0,0000000000000000000000000000000000000000000000
234,0x00000000000,0x00000000000,0x000000000,0x00000000,0x00000000,0,0,0000000000000000000000000000000000000000000000
235,0x00000000000,0x00000000000,0x000000000,0x00000000,0x5d3d1041,0,0,00000000000000000000000000000000000005d3d10410
236,0x00000000000,0x00000000000,0x000000000,0x00000000,0x00000000,0,0,0000000000000000000000000000000000000000000000
237,0x00000000000,0x00000000000,0x000000000,0x00000000,0x00000000,0,0,0000000000000000000000000000000000000000000000
238,0x00000000000,0x00000000000,0x000000000,0x00000000,0x00000000,0,0,0000000000000000000000000000000000000000000000
239,0x00000000000,0x00000000000,0x000000000,0x00000000,0x5dbd9041,0,0,00000000000000000000000000000000000005dbd90410
240,0x00000000000,0x00000000000,0x000000000,0x00000000,0x00000000,0,0,0000000000000000000000000000000000000000000000
241,0x00000000000,0x00000000000,0x000000000,0x00000000,0x00000000,0,0,0000000000000000000000000000000000000000000000
242,0x00000000000,0x00000000000,0x000000000,0x00000000,0x00000000,0,0,0000000000000000000000000000000000000000000000
243,0x00000000000,0x00000000000,0x000000000,0x00000000,0x5e3e1041,0,0,00000000000000000000000000000000000005e3e10410
244,0x00000000000,0x00000000000,0x000000000,0x00000000,0x00000000,0,0,0000000000000000000000000000000000000000000000
245,0x00000000000,0x00000000000,0x000000000,0x00000000,0x00000000,0,0,0000000000000000000000000000000000000000000000
246,0x00000000000,0x00000000000,0x000000000,0x00000000,0x00000000,0,0,0000000000000000000000000000000000000000000000
247,0x00000000000,0x00000000000,0x000000000,0x00000000,0x5ebe9041,0,0,00000000000000000000000000000000000005ebe90410
248,0x00000000000,0x00000000000,0x000000000,0x00000000,0x00000000,0,0,0000000000000000000000000000000000000000000000
249,0x00000000000,0x00000000000,0x000000000,0x00000000,0x00000000,0,0,0000000000000000000000000000000000000000000000
250,0x00000000000,0x00000000000,0x000000000,0x00000000,0x00000000,0,0,0000000000000000000000000000000000000000000000
251,0x00000000000,0x00000000000,0x000000000,0x00000000,0x5f3f1041,0,0,00000000000000000000000000000000000005f3f10410
252,0x00000000000,0x00000000000,0x000000000,0x00000000,0x00000000,0,0,0000000000000000000000000000000000000000000000
253,0x00000000000,0x00000000000,0x000000000,0x00000000,0x00000000,0,0,0000000000000000000000000000000000000000000000
254,0x00000000000,0x00000000000,0x000000000,0x00000000,0x00000000,0,0,0000000000000000000000000000000000000000000000
255,0x00000000000,0x00000000000,0x000000000,0x00000000,0x5fbf9041,0,0,00000000000000000000000000000000000005fbf90410
256,0x00000000000,0x00000000000,0x000000000,0x00000000,0x00000000,0,0,0000000000000000000000000000000000000000000000
257,0x00000000000,0x00000000000,0x000000000,0x00000000,0x00000000,0,0,0000000000000000000000000000000000000000000000
258,0x00000000000,0x00000000000,0x000000000,0x00000000,0x00000000,0,0,0000000000000000000000000000000000000000000000
259,0x00000000000,0x00000000000,0x000000000,0x00000000,0x00000000,0,0,0000000000000000000000000000000000000000000000
260,0x00000000000,0x00000000000,0x000000000,0x00000000,0x00000000,0,0,0000000000000000000000000000000000000000000000
261,0x00000000000,0x00000000000,0x000000000,0x00000000,0x00000000,0,0,0000000000000000000000000000000000000000000000
262,0x00000000000,0x00000000000,0x000000000,0x00000000,0x00000000,0,0,0000000000000000000000000000000000000000000000
263,0x00000000000,0x00000000000,0x000000000,0x00000000,0x00000000,0,0,0000000000000000000000000000000000000000000000
264,0x00000000000,0x00000000000,0x000000000,0x00000000,0x00000000,0,0,0000000000000000000000000000000000000000000000
265,0x00000000000,0x00000000000,0x000000000,0x00000000,0x00000000,0,0,0000000000000000000000000000000000000000000000
266,0x00000000000,0x00000000000,0x000000000,0x00000000,0x00000000,0,0,0000000000000000000000000000000000000000000000
267,0x00000000000,0x00000000000,0x000000000,0x00000000,0x00000000,0,0,0000000000000000000000000000000000000000000000
268,0x00000000000,0x00000000000,0x000000000,0x00000000,0x00000000,0,0,0000000000000000000000000000000000000000000000
269,0x00000000000,0x00000000000,0x000000000,0x00000000,0x00000000,0,0,0000000000000000000000000000000000000000000000
270,0x00000000000,0x00000000000,0x000000000,0x00000000,0x00000000,0,0,0000000000000000000000000000000000000000000000
271,0x00000000000,0x00000000000,0x000000000,0x00000000,0x00000000,0,0,0000000000000000000000000000000000000000000000
272,0x00000000000,0x00000000000,0x000000000,0x00000000,0x00000000,0,0,0000000000000000000000000000000000000000000000
273,0x00000000000,0x00000000000,0x000000000,0x00000000,0x00000000,0,0,0000000000000000000000000000000000000000000000
274,0x00000000000,0x00000000000,0x000000000,0x00000000,0x00000000,0,0,0000000000000000000000000000000000000000000000
275,0x00000000000,0x00000000000,0x000000000,0x00000000,0x00000000,0,0,0000000000000000000000000000000000000000000000
276,0x00000000000,0x00000000000,0x0c040e022,0x00000000,0x00000000,0,0,0000000000000000000003010380880000000000000000
277,0x00000000000,0x00000000000,0x0c0c0e0a2,0x00000000,0x00000000,0,0,0000000000000000000003030382880000000000000000
278,0x00000000000,0x00000000000,0x0c140e122,0x00000000,0x00000000,0,0,0000000000000000000003050384880000000000000000
279,0x00000000000,0x00000000000,0x0c1c0e1a2,0x00000000,0x00000000,0,0,0000000000000000000003070386880000000000000000
280,0x00000000000,0x00000000000,0x0c240e222,0x00000000,0x00000000,0,0,0000000000000000000003090388880000000000000000
281,0x00000000000,0x00000000000,0x0c2c0e2a2,0x00000000,0x00000000,0,0,00000000000000000000030b038a880000000000000000
282,0x00000000000,0x00000000000,0x0c340e322,0x00000000,0x00000000,0,0,00000000000000000000030d038c880000000000000000
283,0x00000000000,0x00000000000,0x0c3c0e3a2,0x00000000,0x40605049,0,0,00000000000000000000030f038e880000000406050490
284,0x00000000000,0x00000000000,0x0c440e422,0x00000000,0x00000000,0,0,0000000000000000000003110390880000000000000000
285,0x00000000000,0x00000000000,0x0c4c0e4a2,0x00000000,0x00000000,0,0,0000000000000000000003130392880000000000000000
286,0x00000000000,0x00000000000,0x000000000,0x00000000,0x00000000,0,0,0000000000000000000000000000000000000000000000
287,0x00000000000,0x00000000000,0x000000000,0x00000000,0x40e0d049,0,0,000000000000000000000000000000000000040e0d0490
288,0x00000000000,0x00000000000,0x000000000,0x00000000,0x00000000,0,0,0000000000000000000000000000000000000000000000
289,0x00000000000,0x00000000000,0x000000000,0x00000000,0x00000000,0,0,0000000000000000000000000000000000000000000000
290,0x00000000000,0x00000000000,0x000000000,0x00000000,0x00000000,0,0,0000000000000000000000000000000000000000000000
291,0x00000000000,0x00000000000,0x000000000,0x00000000,0x41615049,0,0,0000000000000000000000000000000000000416150490
292,0x00000000000,0x00000000000,0x000000000,0x00000000,0x00000000,0,0,0000000000000000000000000000000000000000000000
293,0x00000000000,0x00000000000,0x000000000,0x00000000,0x00000000,0,0,0000000000000000000000000000000000000000000000
294,0x00000000000,0x00000000000,0x000000000,0x00000000,0x00000000,0,0,0000000000000000000000000000000000000000000000
295,0x00000000000,0x00000000000,0x000000000,0x00000000,0x41e1d049,0,0,000000000000000000000000000000000000041e1d0490
296,0x00000000000,0x00000000000,0x000000000,0x00000000,0x00000000,0,0,0000000000000000000000000000000000000000000000
297,0x00000000000,0x00000000000,0x000000000,0x00000000,0x00000000,0,0,0000000000000000000000000000000000000000000000
298,0x00000000000,0x00000000000,0x000000000,0x00000000,0x00000000,0,0,0000000000000000000000000000000000000000000000
299,0x00000000000,0x00000000000,0x000000000,0x00000000,0x42625049,0,0,0000000000000000000000000000000000000426250490
300,0x00000000000,0x00000000000,0x000000000,0x00000000,0x00000000,0,0,0000000000000000000000000000000000000000000000
301,0x00000000000,0x00000000000,0x000000000,0x00000000,0x00000000,0,0,0000000000000000000000000000000000000000000000
302,0x00000000000,0x00000000000,0x000000000,0x00000000,0x00000000,0,0,0000000000000000000000000000000000000000000000
303,0x00000000000,0x00000000000,0x000000000,0x00000000,0x42e2d049,0,0,000000000000000000000000000000000000042e2d0490
304,0x00000000000,0x00000000000,0x000000000,0x00000000,0x00000000,0,0,0000000000000000000000000000000000000000000000
305,0x00000000000,0x00000000000,0x000000000,0x00000000,0x00000000,0,0,0000000000000000000000000000000000000000000000
306,0x00000000000,0x00000000000,0x000000000,0x00000000,0x00000000,0,0,0000000000000000000000000000000000000000000000
307,0x00000000000,0x00000000000,0x000000000,0x00000000,0x43635049,0,0,0000000000000000000000000000000000000436350490
308,0x00000000000,0x00000000000,0x000000000,0x00000000,0x00000000,0,0,0000000000000000000000000000000000000000000000
309,0x00000000000,0x0000000000f,0x000000000,0x00000000,0x00000000,0,0,00000000000000000000f0000000000000000000000000
310,0x00000000000,0x00000000000,0x000000000,0x00000000,0x00000000,0,0,0000000000000000000000000000000000000000000000
311,0x00000000000,0x00000000000,0x000000000,0x00000000,0x43e3d049,0,0,000000000000000000000000000000000000043e3d0490
312,0x00000000000,0x00000000000,0x000000000,0x00000000,0x00000000,0,0,0000000000000000000000000000000000000000000000
313,0x00000000000,0x0000000101f,0x000000000,0x00000000,0x00000000,0,0,00000000000000000101f0000000000000000000000000
314,0x00000000000,0x00000000000,0x000000000,0x00000000,0x00000000,0,0,0000000000000000000000000000000000000000000000
315,0x00000000000,0x00000000000,0x000000000,0x00000000,0x44645049,0,0,0000000000000000000000000000000000000446450490
316,0x00000000000,0x00000000000,0x000000000,0x00000000,0x00000000,0,0,0000000000000000000000000000000000000000000000
317,0x00000000000,0x0000000202f,0x000000000,0x00000000,0x00000000,0,0,00000000000000000202f0000000000000000000000000
318,0x00000000000,0x00000000000,0x000000000,0x00000000,0x00000000,0,0,0000000000000000000000000000000000000000000000
319,0x00000000000,0x00000000000,0x000000000,0x00000000,0x44e4d049,0,0,000000000000000000000000000000000000044e4d0490
320,0x00000000000,0x00000000000,0x000000000,0x00000000,0x00000000,0,0,0000000000000000000000000000000000000000000000
321,0x00000040003,0x0000000303f,0x000000000,0x00000000,0x00000000,0,0,0000010000c000000303f0000000000000000000000000
322,0x00000041013,0x00000000000,0x000000000,0x00000000,0x00000000,0,0,0000010404c00000000000000000000000000000000000
323,0x00000042023,0x00000000000,0x000000000,0x00000000,0x00000000,0,0,0000010808c00000000000000000000000000000000000
324,0x00000043033,0x00000000000,0x000000000,0x00000000,0x40201041,0,0,0000010c0cc00000000000000000000000000402010410
325,0x00000000000,0x0000000404f,0x000000000,0x00000000,0x00000000,0,0,00000000000000000404f0000000000000000000000000
326,0x00000000000,0x00000000000,0x000000000,0x00000000,0x00000000,0,0,0000000000000000000000000000000000000000000000
327,0x00000000000,0x00000000000,0x000000000,0x00000000,0x00000000,0,0,0000000000000000000000000000000000000000000000
328,0x00000000000,0x00000000000,0x000000000,0x00000000,0x40a09041,0,0,000000000000000000000000000000000000040a090410
329,0x00000000000,0x0000000505f,0x000000000,0x00000000,0x00000000,0,0,00000000000000000505f0000000000000000000000000
330,0x00000000000,0x00000000000,0x000000000,0x00000000,0x00000000,0,0,0000000000000000000000000000000000000000000000
331,0x00000000000,0x00000000000,0x000000000,0x00000000,0x00000000,0,0,0000000000000000000000000000000000000000000000
332,0x00000000000,0x00000000000,0x000000000,0x00000000,0x41211041,0,0,0000000000000000000000000000000000000412110410
333,0x00000000000,0x0000000606f,0x000000000,0x00000000,0x00000000,0,0,00000000000000000606f0000000000000000000000000
334,0x00000000000,0x00000000000,0x000000000,0x00000000,0x00000000,0,0,0000000000000000000000000000000000000000000000
335,0x00000000000,0x00000000000,0x000000000,0x00000000,0x00000000,0,0,0000000000000000000000000000000000000000000000
336,0x00000000000,0x00000000000,0x000000000,0x00000000,0x41a19041,0,0,000000000000000000000000000000000000041a190410
337,0x00000044043,0x0000000707f,0x000000000,0x00000000,0x00000000,0,0,0000011010c000000707f0000000000000000000000000
338,0x00000045053,0x00000000000,0x000000000,0x00000000,0x00000000,0,0,0000011414c00000000000000000000000000000000000
339,0x00000046063,0x00000000000,0x000000000,0x00000000,0x00000000,0,0,0000011818c00000000000000000000000000000000000
340,0x00000047073,0x00000000000,0x000000000,0x00000000,0x42221041,0,0,0000011c1cc00000000000000000000000000422210410
341,0x00000000000,0x0000000808f,0x000000000,0x00000000,0x00000000,0,0,00000000000000000808f0000000000000000000000000
342,0x00000000000,0x00000000000,0x000000000,0x00000000,0x00000000,0,0,0000000000000000000000000000000000000000000000
343,0x00000000000,0x00000000000,0x000000000,0x00000000,0x00000000,0,0,0000000000000000000000000000000000000000000000
344,0x00000000000,0x00000000000,0x000000000,0x00000000,0x42a29041,0,0,000000000000000000000000000000000000042a290410
345,0x00000000000,0x0000000909f,0x000000000,0x00000000,0x00000000,0,0,00000000000000000909f0000000000000000000000000
346,0x00000000000,0x00000000000,0x000000000,0x00000000,0x00000000,0,0,0000000000000000000000000000000000000000000000
347,0x00000000000,0x00000000000,0x000000000,0x00000000,0x00000000,0,0,0000000000000000000000000000000000000000000000
348,0x00000000000,0x00000000000,0x000000000,0x00000000,0x43231041,0,0,0000000000000000000000000000000000000432310410
349,0x00000000000,0x00000000000,0x000000000,0x00000000,0x00000000,0,0,0000000000000000000000000000000000000000000000
350,0x00000000000,0x00000000000,0x000000000,0x00000000,0x00000000,0,0,0000000000000000000000000000000000000000000000
351,0x00000000000,0x00000000000,0x000000000,0x00000000,0x00000000,0,0,0000000000000000000000000000000000000000000000
352,0x00000000000,0x00000000000,0x000000000,0x00000000,0x43a39041,0,0,000000000000000000000000000000000000043a390410
353,0x00000000000,0x00000000000,0x000000000,0x00000000,0x00000000,0,0,0000000000000000000000000000000000000000000000
354,0x00000000000,0x00000000000,0x000000000,0x00000000,0x00000000,0,0,0000000000000000000000000000000000000000000000
355,0x00000000000,0x00000000000,0x000000000,0x00000000,0x00000000,0,0,0000000000000000000000000000000000000000000000
356,0x00000000000,0x00000000000,0x000000000,0x00000000,0x00000000,0,0,0000000000000000000000000000000000000000000000
357,0x00000000000,0x00000000000,0x000000000,0x00000000,0x00000000,0,0,0000000000000000000000000000000000000000000000
358,0x00000000000,0x00000000000,0x000000000,0x00000000,0x00000000,0,0,0000000000000000000000000000000000000000000000
359,0x00000000000,0x00000000000,0x000000000,0x00000000,0x00000000,0,0,0000000000000000000000000000000000000000000000
360,0x00000000000,0x00000000000,0x000000000,0x00000000,0x00000000,0,0,0000000000000000000000000000000000000000000000
361,0x00000000000,0x00000000000,0x000000000,0x00000000,0x00000000,0,0,0000000000000000000000000000000000000000000000
362,0x00000000000,0x00000000000,0x000000000,0x00000000,0x00000000,0,0,0000000000000000000000000000000000000000000000
363,0x00000000000,0x00000000000,0x000000000,0x00000000,0x00000000,0,0,0000000000000000000000000000000000000000000000
364,0x00000000000,0x00000000000,0x000000000,0x00000000,0x00000000,0,0,0000000000000000000000000000000000000000000000
365,0x00000000000,0x00000000000,0x000000000,0x00000000,0x00000000,0,0,0000000000000000000000000000000000000000000000
366,0x00000000000,0x00000000000,0x000000000,0x00000000,0x00000000,0,0,0000000000000000000000000000000000000000000000
367,0x00000000000,0x00000000000,0x000000000,0x00000000,0x00000000,0,0,0000000000000000000000000000000000000000000000
368,0x00000000000,0x00000000000,0x000000000,0x00000000,0x00000000,0,0,0000000000000000000000000000000000000000000000
369,0x00000000000,0x00000000000,0x000000000,0x00000000,0x00000000,0,0,0000000000000000000000000000000000000000000000
370,0x00000000000,0x00000000000,0x000000000,0x00000000,0x00000000,0,0,0000000000000000000000000000000000000000000000
371,0x00000000000,0x00000000000,0x000000000,0x00000000,0x00000000,0,0,0000000000000000000000000000000000000000000000
372,0x00000000000,0x00000000000,0x000000000,0x00000000,0x00000000,0,0,0000000000000000000000000000000000000000000000
373,0x00000000000,0x00000000000,0x0c540e522,0x00000000,0x00000000,0,0,0000000000000000000003150394880000000000000000
374,0x00000000000,0x00000000000,0x0c5c0e5a2,0x00000000,0x00000000,0,0,0000000000000000000003170396880000000000000000
375,0x00000000000,0x00000000000,0x0c640e622,0x00000000,0x00000000,0,0,0000000000000000000003190398880000000000000000
376,0x00000000000,0x00000000000,0x0c6c0e6a2,0x00000000,0x00000000,0,0,00000000000000000000031b039a880000000000000000
377,0x00000000000,0x00000000000,0x0c740e722,0x00000000,0x00000000,0,0,00000000000000000000031d039c880000000000000000
378,0x00000000000,0x00000000000,0x0c7c0e7a2,0x00000000,0x00000000,0,0,00000000000000000000031f039e880000000000000000
379,0x00000000000,0x00000000000,0x0c840e822,0x00000000,0x00000000,0,0,00000000000000000000032103a0880000000000000000
380,0x00000000000,0x00000000000,0x0c8c0e8a2,0x00000000,0x45655049,0,0,00000000000000000000032303a2880000000456550490
381,0x00000000000,0x00000000000,0x0c940e922,0x00000000,0x00000000,0,0,00000000000000000000032503a4880000000000000000
382,0x00000000000,0x00000000000,0x0c9c0e9a2,0x00000000,0x00000000,0,0,00000000000000000000032703a6880000000000000000
383,0x00000000000,0x00000000000,0x000000000,0x00000000,0x00000000,0,0,0000000000000000000000000000000000000000000000
384,0x00000000000,0x00000000000,0x000000000,0x00000000,0x45e5d049,0,0,000000000000000000000000000000000000045e5d0490
385,0x00000000000,0x00000000000,0x000000000,0x00000000,0x00000000,0,0,0000000000000000000000000000000000000000000000
386,0x00000000000,0x00000000000,0x000000000,0x00000000,0x00000000,0,0,0000000000000000000000000000000000000000000000
387,0x00000000000,0x00000000000,0x000000000,0x00000000,0x00000000,0,0,0000000000000000000000000000000000000000000000
388,0x00000000000,0x00000000000,0x000000000,0x00000000,0x46665049,0,0,0000000000000000000000000000000000000466650490
389,0x00000000000,0x00000000000,0x000000000,0x00000000,0x00000000,0,0,0000000000000000000000000000000000000000000000
390,0x00000000000,0x00000000000,0x000000000,0x00000000,0x00000000,0,0,0000000000000000000000000000000000000000000000
391,0x00000000000,0x00000000000,0x000000000,0x00000000,0x00000000,0,0,0000000000000000000000000000000000000000000000
392,0x00000000000,0x00000000000,0x000000000,0x00000000,0x46e6d049,0,0,000000000000000000000000000000000000046e6d0490
393,0x00000000000,0x00000000000,0x000000000,0x00000000,0x00000000,0,0,0000000000000000000000000000000000000000000000
394,0x00000000000,0x00000000000,0x000000000,0x00000000,0x00000000,0,0,0000000000000000000000000000000000000000000000
395,0x00000000000,0x00000000000,0x000000000,0x00000000,0x00000000,0,0,0000000000000000000000000000000000000000000000
396,0x00000000000,0x00000000000,0x000000000,0x00000000,0x47675049,0,0,0000000000000000000000000000000000000476750490
397,0x00000000000,0x00000000000,0x000000000,0x00000000,0x00000000,0,0,0000000000000000000000000000000000000000000000
398,0x00000000000,0x00000000000,0x000000000,0x00000000,0x00000000,0,0,0000000000000000000000000000000000000000000000
399,0x00000000000,0x00000000000,0x000000000,0x00000000,0x00000000,0,0,0000000000000000000000000000000000000000000000
400,0x00000000000,0x00000000000,0x000000000,0x00000000,0x47e7d049,0,0,000000000000000000000000000000000000047e7d0490
401,0x00000000000,0x00000000000,0x000000000,0x00000000,0x00000000,0,0,0000000000000000000000000000000000000000000000
402,0x00000000000,0x00000000000,0x000000000,0x00000000,0x00000000,0,0,0000000000000000000000000000000000000000000000
403,0x00000000000,0x00000000000,0x000000000,0x00000000,0x00000000,0,0,0000000000000000000000000000000000000000000000
404,0x00000000000,0x00000000000,0x000000000,0x00000000,0x48685049,0,0,0000000000000000000000000000000000000486850490
405,0x00000000000,0x00000000000,0x000000000,0x00000000,0x00000000,0,0,0000000000000000000000000000000000000000000000
406,0x00000000000,0x0000000a0af,0x000000000,0x00000000,0x00000000,0,0,00000000000000000a0af0000000000000000000000000
407,0x00000000000,0x00000000000,0x000000000,0x00000000,0x00000000,0,0,0000000000000000000000000000000000000000000000
408,0x00000000000,0x00000000000,0x000000000,0x00000000,0x48e8d049,0,0,000000000000000000000000000000000000048e8d0490
409,0x00000000000,0x00000000000,0x000000000,0x00000000,0x00000000,0,0,0000000000000000000000000000000000000000000000
410,0x00000048083,0x0000000b0bf,0x000000000,0x00000000,0x00000000,0,0,0000012020c000000b0bf0000000000000000000000000
411,0x00000049093,0x00000000000,0x000000000,0x00000000,0x00000000,0,0,0000012424c00000000000000000000000000000000000
412,0x0000004a0a3,0x00000000000,0x000000000,0x00000000,0x49695049,0,0,0000012828c00000000000000000000000000496950490
413,0x0000004b0b3,0x00000000000,0x000000000,0x00000000,0x00000000,0,0,0000012c2cc00000000000000000000000000000000000
414,0x00000000000,0x0000000c0cf,0x000000000,0x00000000,0x00000000,0,0,00000000000000000c0cf0000000000000000000000000
415,0x00000000000,0x00000000000,0x000000000,0x00000000,0x00000000,0,0,0000000000000000000000000000000000000000000000
416,0x00000000000,0x00000000000,0x000000000,0x00000000,0x49e9d049,0,0,000000000000000000000000000000000000049e9d0490
417,0x00000000000,0x00000000000,0x000000000,0x00000000,0x00000000,0,0,0000000000000000000000000000000000000000000000
418,0x00000000000,0x0000000d0df,0x000000000,0x00000000,0x00000000,0,0,00000000000000000d0df0000000000000000000000000
419,0x00000000000,0x00000000000,0x000000000,0x00000000,0x00000000,0,0,0000000000000000000000000000000000000000000000
420,0x00000000000,0x00000000000,0x000000000,0x00000000,0x44241041,0,0,0000000000000000000000000000000000000442410410
421,0x00000000000,0x00000000000,0x000000000,0x00000000,0x00000000,0,0,0000000000000000000000000000000000000000000000
422,0x00000000000,0x0000000e0ef,0x000000000,0x00000000,0x00000000,0,0,00000000000000000e0ef0000000000000000000000000
423,0x00000000000,0x00000000000,0x000000000,0x00000000,0x00000000,0,0,0000000000000000000000000000000000000000000000
424,0x00000000000,0x00000000000,0x000000000,0x00000000,0x44a49041,0,0,000000000000000000000000000000000000044a490410
425,0x00000000000,0x00000000000,0x000000000,0x00000000,0x00000000,0,0,0000000000000000000000000000000000000000000000
426,0x0000004c0c3,0x0000000f0ff,0x000000000,0x00000000,0x00000000,0,0,0000013030c000000f0ff0000000000000000000000000
427,0x0000004d0d3,0x00000000000,0x000000000,0x00000000,0x00000000,0,0,0000013434c00000000000000000000000000000000000
428,0x0000004e0e3,0x00000000000,0x000000000,0x00000000,0x45251041,0,0,0000013838c00000000000000000000000000452510410
429,0x0000004f0f3,0x00000000000,0x000000000,0x00000000,0x00000000,0,0,0000013c3cc00000000000000000000000000000000000
430,0x00000000000,0x0000001010f,0x000000000,0x00000000,0x00000000,0,0,00000000000000001010f0000000000000000000000000
431,0x00000000000,0x00000000000,0x000000000,0x00000000,0x00000000,0,0,0000000000000000000000000000000000000000000000
432,0x00000000000,0x00000000000,0x000000000,0x00000000,0x45a59041,0,0,000000000000000000000000000000000000045a590410
433,0x00000000000,0x00000000000,0x000000000,0x00000000,0x00000000,0,0,0000000000000000000000000000000000000000000000
434,0x00000000000,0x0000001111f,0x000000000,0x00000000,0x00000000,0,0,00000000000000001111f0000000000000000000000000
435,0x00000000000,0x00000000000,0x000000000,0x00000000,0x00000000,0,0,0000000000000000000000000000000000000000000000
436,0x00000000000,0x00000000000,0x000000000,0x00000000,0x46261041,0,0,0000000000000000000000000000000000000462610410
437,0x00000000000,0x00000000000,0x000000000,0x00000000,0x00000000,0,0,0000000000000000000000000000000000000000000000
438,0x00000000000,0x0000001212f,0x000000000,0x00000000,0x00000000,0,0,00000000000000001212f0000000000000000000000000
439,0x00000000000,0x00000000000,0x000000000,0x00000000,0x00000000,0,0,0000000000000000000000000000000000000000000000
440,0x00000000000,0x00000000000,0x000000000,0x00000000,0x46a69041,0,0,000000000000000000000000000000000000046a690410
441,0x00000000000,0x00000000000,0x000000000,0x00000000,0x00000000,0,0,0000000000000000000000000000000000000000000000
442,0x00000050103,0x0000001313f,0x000000000,0x00000000,0x00000000,0,0,0000014040c000001313f0000000000000000000000000
443,0x00000051113,0x00000000000,0x000000000,0x00000000,0x00000000,0,0,0000014444c00000000000000000000000000000000000
444,0x00000052123,0x00000000000,0x000000000,0x00000000,0x47271041,0,0,0000014848c00000000000000000000000000472710410
445,0x00000053133,0x00000000000,0x000000000,0x00000000,0x00000000,0,0,0000014c4cc00000000000000000000000000000000000
446,0x00000000000,0x00000000000,0x000000000,0x00000000,0x00000000,0,0,0000000000000000000000000000000000000000000000
447,0x00000000000,0x00000000000,0x000000000,0x00000000,0x00000000,0,0,0000000000000000000000000000000000000000000000
448,0x00000000000,0x00000000000,0x000000000,0x00000000,0x47a79041,0,0,000000000000000000000000000000000000047a790410
449,0x00000000000,0x00000000000,0x000000000,0x00000000,0x00000000,0,0,0000000000000000000000000000000000000000000000
450,0x00000000000,0x00000000000,0x000000000,0x00000000,0x00000000,0,0,0000000000000000000000000000000000000000000000
451,0x00000000000,0x00000000000,0x000000000,0x00000000,0x00000000,0,0,0000000000000000000000000000000000000000000000
452,0x00000000000,0x00000000000,0x000000000,0x00000000,0x48281041,0,0,0000000000000000000000000000000000000482810410
453,0x00000000000,0x00000000000,0x000000000,0x00000000,0x00000000,0,0,0000000000000000000000000000000000000000000000
454,0x00000000000,0x00000000000,0x000000000,0x00000000,0x00000000,0,0,0000000000000000000000000000000000000000000000
455,0x00000000000,0x00000000000,0x000000000,0x00000000,0x00000000,0,0,0000000000000000000000000000000000000000000000
456,0x00000000000,0x00000000000,0x000000000,0x00000000,0x48a89041,0,0,000000000000000000000000000000000000048a890410
457,0x00000000000,0x00000000000,0x000000000,0x00000000,0x00000000,0,0,0000000000000000000000000000000000000000000000
458,0x00000000000,0x00000000000,0x000000000,0x00000000,0x00000000,0,0,0000000000000000000000000000000000000000000000
459,0x00000000000,0x00000000000,0x000000000,0x00000000,0x00000000,0,0,0000000000000000000000000000000000000000000000
460,0x00000000000,0x00000000000,0x000000000,0x00000000,0x49291041,0,0,0000000000000000000000000000000000000492910410
461,0x00000000000,0x00000000000,0x000000000,0x00000000,0x00000000,0,0,0000000000000000000000000000000000000000000000
462,0x00000000000,0x00000000000,0x000000000,0x00000000,0x00000000,0,0,0000000000000000000000000000000000000000000000
463,0x00000000000,0x00000000000,0x000000000,0x00000000,0x00000000,0,0,0000000000000000000000000000000000000000000000
464,0x00000000000,0x00000000000,0x000000000,0x00000000,0x49a99041,0,0,000000000000000000000000000000000000049a990410
465,0x00000000000,0x00000000000,0x000000000,0x00000000,0x00000000,0,0,0000000000000000000000000000000000000000000000
466,0x00000000000,0x00000000000,0x000000000,0x00000000,0x00000000,0,0,0000000000000000000000000000000000000000000000
467,0x00000000000,0x00000000000,0x000000000,0x00000000,0x00000000,0,0,0000000000000000000000000000000000000000000000
468,0x00000000000,0x00000000000,0x000000000,0x00000000,0x00000000,0,0,0000000000000000000000000000000000000000000000
469,0x00000000000,0x00000000000,0x000000000,0x00000000,0x00000000,0,0,0000000000000000000000000000000000000000000000
470,0x00000000000,0x00000000000,0x000000000,0x00000000,0x00000000,0,0,0000000000000000000000000000000000000000000000
471,0x00000000000,0x00000000000,0x000000000,0x00000000,0x00000000,0,0,0000000000000000000000000000000000000000000000
472,0x00000000000,0x00000000000,0x000000000,0x00000000,0x00000000,0,0,0000000000000000000000000000000000000000000000
473,0x00000000000,0x00000000000,0x000000000,0x00000000,0x00000000,0,0,0000000000000000000000000000000000000000000000
474,0x00000000000,0x00000000000,0x000000000,0x00000000,0x00000000,0,0,0000000000000000000000000000000000000000000000
475,0x00000000000,0x00000000000,0x000000000,0x00000000,0x00000000,0,0,0000000000000000000000000000000000000000000000
476,0x00000000000,0x00000000000,0x000000000,0x00000000,0x00000000,0,0,0000000000000000000000000000000000000000000000
477,0x00000000000,0x00000000000,0x000000000,0x00000000,0x00000000,0,0,0000000000000000000000000000000000000000000000
478,0x00000000000,0x00000000000,0x000000000,0x00000000,0x00000000,0,0,0000000000000000000000000000000000000000000000
479,0x00000000000,0x00000000000,0x000000000,0x00000000,0x00000000,0,0,0000000000000000000000000000000000000000000000
480,0x00000000000,0x00000000000,0x000000000,0x00000000,0x00000000,0,0,0000000000000000000000000000000000000000000000
481,0x00000000000,0x00000000000,0x000000000,0x00000000,0x00000000,0,0,0000000000000000000000000000000000000000000000
482,0x00000000000,0x00000000000,0x000000000,0x00000000,0x00000000,0,0,0000000000000000000000000000000000000000000000
483,0x00000000000,0x00000000000,0x000000000,0x00000000,0x00000000,0,0,0000000000000000000000000000000000000000000000
484,0x00000000000,0x00000000000,0x000000000,0x00000000,0x00000000,0,0,0000000000000000000000000000000000000000000000
485,0x00000000000,0x00000000000,0x0ca40ea22,0x00000000,0x00000000,0,0,00000000000000000000032903a8880000000000000000
486,0x00000000000,0x00000000000,0x0cac0eaa2,0x00000000,0x00000000,0,0,00000000000000000000032b03aa880000000000000000
487,0x00000000000,0x00000000000,0x0cb40eb22,0x00000000,0x00000000,0,0,00000000000000000000032d03ac880000000000000000
488,0x00000000000,0x00000000000,0x0cbc0eba2,0x00000000,0x00000000,0,0,00000000000000000000032f03ae880000000000000000
489,0x00000000000,0x00000000000,0x0cc40ec22,0x00000000,0x00000000,0,0,00000000000000000000033103b0880000000000000000
490,0x00000000000,0x00000000000,0x0ccc0eca2,0x00000000,0x00000000,0,0,00000000000000000000033303b2880000000000000000
491,0x00000000000,0x00000000000,0x0cd40ed22,0x00000000,0x00000000,0,0,00000000000000000000033503b4880000000000000000
492,0x00000000000,0x00000000000,0x0cdc0eda2,0x00000000,0x4a6a5049,0,0,00000000000000000000033703b68800000004a6a50490
493,0x00000000000,0x00000000000,0x0ce40ee22,0x00000000,0x00000000,0,0,00000000000000000000033903b8880000000000000000
494,0x00000000000,0x00000000000,0x0cec0eea2,0x00000000,0x00000000,0,0,00000000000000000000033b03ba880000000000000000
495,0x00000000000,0x00000000000,0x000000000,0x00000000,0x00000000,0,0,0000000000000000000000000000000000000000000000
496,0x00000000000,0x00000000000,0x000000000,0x00000000,0x4aead049,0,0,00000000000000000000000000000000000004aead0490
497,0x00000000000,0x00000000000,0x000000000,0x00000000,0x00000000,0,0,0000000000000000000000000000000000000000000000
498,0x00000000000,0x00000000000,0x000000000,0x00000000,0x00000000,0,0,0000000000000000000000000000000000000000000000
499,0x00000000000,0x00000000000,0x000000000,0x00000000,0x00000000,0,0,0000000000000000000000000000000000000000000000
500,0x00000000000,0x00000000000,0x000000000,0x00000000,0x4b6b5049,0,0,00000000000000000000000000000000000004b6b50490
501,0x00000000000,0x00000000000,0x000000000,0x00000000,0x00000000,0,0,0000000000000000000000000000000000000000000000
502,0x00000000000,0x00000000000,0x000000000,0x00000000,0x00000000,0,0,0000000000000000000000000000000000000000000000
503,0x00000000000,0x00000000000,0x000000000,0x00000000,0x00000000,0,0,0000000000000000000000000000000000000000000000
504,0x00000000000,0x00000000000,0x000000000,0x00000000,0x4bebd049,0,0,00000000000000000000000000000000000004bebd0490
505,0x00000000000,0x00000000000,0x000000000,0x00000000,0x00000000,0,0,0000000000000000000000000000000000000000000000
506,0x00000000000,0x00000000000,0x000000000,0x00000000,0x00000000,0,0,0000000000000000000000000000000000000000000000
507,0x00000000000,0x00000000000,0x000000000,0x00000000,0x00000000,0,0,0000000000000000000000000000000000000000000000
508,0x00000000000,0x00000000000,0x000000000,0x00000000,0x4c6c5049,0,0,00000000000000000000000000000000000004c6c50490
509,0x00000000000,0x00000000000,0x000000000,0x00000000,0x00000000,0,0,0000000000000000000000000000000000000000000000
510,0x00000000000,0x00000000000,0x000000000,0x00000000,0x00000000,0,0,0000000000000000000000000000000000000000000000
511,0x00000000000,0x00000000000,0x000000000,0x00000000,0x00000000,0,0,0000000000000000000000000000000000000000000000
512,0x00000000000,0x00000000000,0x000000000,0x00000000,0x4cecd049,0,0,00000000000000000000000000000000000004cecd0490
513,0x00000000000,0x00000000000,0x000000000,0x00000000,0x00000000,0,0,0000000000000000000000000000000000000000000000
514,0x00000000000,0x00000000000,0x000000000,0x00000000,0x00000000,0,0,0000000000000000000000000000000000000000000000
515,0x00000000000,0x00000000000,0x000000000,0x00000000,0x00000000,0,0,0000000000000000000000000000000000000000000000
516,0x00000000000,0x00000000000,0x000000000,0x00000000,0x4d6d5049,0,0,00000000000000000000000000000000000004d6d50490
517,0x00000000000,0x00000000000,0x000000000,0x00000000,0x00000000,0,0,0000000000000000000000000000000000000000000000
518,0x00000000000,0x0000001414f,0x000000000,0x00000000,0x00000000,0,0,00000000000000001414f0000000000000000000000000
519,0x00000000000,0x00000000000,0x000000000,0x00000000,0x00000000,0,0,0000000000000000000000000000000000000000000000
520,0x00000000000,0x00000000000,0x000000000,0x00000000,0x4dedd049,0,0,00000000000000000000000000000000000004dedd0490
521,0x00000000000,0x00000000000,0x000000000,0x00000000,0x00000000,0,0,0000000000000000000000000000000000000000000000
522,0x00000000000,0x0000001515f,0x000000000,0x00000000,0x00000000,0,0,00000000000000001515f0000000000000000000000000
523,0x00000000000,0x00000000000,0x000000000,0x00000000,0x00000000,0,0,0000000000000000000000000000000000000000000000
524,0x00000000000,0x00000000000,0x000000000,0x00000000,0x4e6e5049,0,0,00000000000000000000000000000000000004e6e50490
525,0x00000000000,0x00000000000,0x000000000,0x00000000,0x00000000,0,0,0000000000000000000000000000000000000000000000
526,0x00000000000,0x0000001616f,0x000000000,0x00000000,0x00000000,0,0,00000000000000001616f0000000000000000000000000
527,0x00000000000,0x00000000000,0x000000000,0x00000000,0x00000000,0,0,0000000000000000000000000000000000000000000000
528,0x00000000000,0x00000000000,0x000000000,0x00000000,0x4eeed049,0,0,00000000000000000000000000000000000004eeed0490
529,0x00000000000,0x00000000000,0x000000000,0x00000000,0x00000000,0,0,0000000000000000000000000000000000000000000000
530,0x00000054143,0x0000001717f,0x000000000,0x00000000,0x00000000,0,0,0000015050c000001717f0000000000000000000000000
531,0x00000055153,0x00000000000,0x000000000,0x00000000,0x00000000,0,0,0000015454c00000000000000000000000000000000000
532,0x00000056163,0x00000000000,0x000000000,0x00000000,0x00000000,0,0,0000015858c00000000000000000000000000000000000
533,0x00000057173,0x00000000000,0x000000000,0x00000000,0x4a2a1041,0,0,0000015c5cc000000000000000000000000004a2a10410
534,0x00000000000,0x0000001818f,0x000000000,0x00000000,0x00000000,0,0,00000000000000001818f0000000000000000000000000
535,0x00000000000,0x00000000000,0x000000000,0x00000000,0x00000000,0,0,0000000000000000000000000000000000000000000000
536,0x00000000000,0x00000000000,0x000000000,0x00000000,0x00000000,0,0,0000000000000000000000000000000000000000000000
537,0x00000000000,0x00000000000,0x000000000,0x00000000,0x4aaa9041,0,0,00000000000000000000000000000000000004aaa90410
538,0x00000000000,0x0000001919f,0x000000000,0x00000000,0x00000000,0,0,00000000000000001919f0000000000000000000000000
539,0x00000000000,0x00000000000,0x000000000,0x00000000,0x00000000,0,0,0000000000000000000000000000000000000000000000
540,0x00000000000,0x00000000000,0x000000000,0x00000000,0x00000000,0,0,0000000000000000000000000000000000000000000000
541,0x00000000000,0x00000000000,0x000000000,0x00000000,0x4b2b1041,0,0,00000000000000000000000000000000000004b2b10410
542,0x00000000000,0x0000001a1af,0x000000000,0x00000000,0x00000000,0,0,00000000000000001a1af0000000000000000000000000
543,0x00000000000,0x00000000000,0x000000000,0x00000000,0x00000000,0,0,0000000000000000000000000000000000000000000000
544,0x00000000000,0x00000000000,0x000000000,0x00000000,0x00000000,0,0,0000000000000000000000000000000000000000000000
545,0x00000000000,0x00000000000,0x000000000,0x00000000,0x4bab9041,0,0,00000000000000000000000000000000000004bab90410
546,0x00000058183,0x0000001b1bf,0x000000000,0x00000000,0x00000000,0,0,0000016060c000001b1bf0000000000000000000000000
547,0x00000059193,0x00000000000,0x000000000,0x00000000,0x00000000,0,0,0000016464c00000000000000000000000000000000000
548,0x0000005a1a3,0x00000000000,0x000000000,0x00000000,0x00000000,0,0,0000016868c00000000000000000000000000000000000
549,0x0000005b1b3,0x00000000000,0x000000000,0x00000000,0x4c2c1041,0,0,0000016c6cc000000000000000000000000004c2c10410
550,0x00000000000,0x0000001c1cf,0x000000000,0x00000000,0x00000000,0,0,00000000000000001c1cf0000000000000000000000000
551,0x00000000000,0x00000000000,0x000000000,0x00000000,0x00000000,0,0,0000000000000000000000000000000000000000000000
552,0x00000000000,0x00000000000,0x000000000,0x00000000,0x00000000,0,0,0000000000000000000000000000000000000000000000
553,0x00000000000,0x00000000000,0x000000000,0x00000000,0x4cac9041,0,0,00000000000000000000000000000000000004cac90410
554,0x00000000000,0x0000001d1df,0x000000000,0x00000000,0x00000000,0,0,00000000000000001d1df0000000000000000000000000
555,0x00000000000,0x00000000000,0x000000000,0x00000000,0x00000000,0,0,0000000000000000000000000000000000000000000000
556,0x00000000000,0x00000000000,0x000000000,0x00000000,0x00000000,0,0,0000000000000000000000000000000000000000000000
557,0x00000000000,0x00000000000,0x000000000,0x00000000,0x4d2d1041,0,0,00000000000000000000000000000000000004d2d10410
558,0x00000000000,0x00000000000,0x000000000,0x00000000,0x00000000,0,0,0000000000000000000000000000000000000000000000
559,0x00000000000,0x00000000000,0x000000000,0x00000000,0x00000000,0,0,0000000000000000000000000000000000000000000000
560,0x00000000000,0x00000000000,0x000000000,0x00000000,0x00000000,0,0,0000000000000000000000000000000000000000000000
561,0x00000000000,0x00000000000,0x000000000,0x00000000,0x4dad9041,0,0,00000000000000000000000000000000000004dad90410
562,0x00000000000,0x00000000000,0x000000000,0x00000000,0x00000000,0,0,0000000000000000000000000000000000000000000000
563,0x00000000000,0x00000000000,0x000000000,0x00000000,0x00000000,0,0,0000000000000000000000000000000000000000000000
564,0x00000000000,0x00000000000,0x000000000,0x00000000,0x00000000,0,0,0000000000000000000000000000000000000000000000
565,0x00000000000,0x00000000000,0x000000000,0x00000000,0x00000000,0,0,0000000000000000000000000000000000000000000000
566,0x00000000000,0x00000000000,0x000000000,0x00000000,0x00000000,0,0,0000000000000000000000000000000000000000000000
567,0x00000000000,0x00000000000,0x000000000,0x00000000,0x00000000,0,0,0000000000000000000000000000000000000000000000
568,0x00000000000,0x00000000000,0x000000000,0x00000000,0x00000000,0,0,0000000000000000000000000000000000000000000000
569,0x00000000000,0x00000000000,0x000000000,0x00000000,0x00000000,0,0,0000000000000000000000000000000000000000000000
570,0x00000000000,0x00000000000,0x000000000,0x00000000,0x00000000,0,0,0000000000000000000000000000000000000000000000
571,0x00000000000,0x00000000000,0x000000000,0x00000000,0x00000000,0,0,0000000000000000000000000000000000000000000000
572,0x00000000000,0x00000000000,0x000000000,0x00000000,0x00000000,0,0,0000000000000000000000000000000000000000000000
573,0x00000000000,0x00000000000,0x000000000,0x00000000,0x00000000,0,0,0000000000000000000000000000000000000000000000
574,0x00000000000,0x00000000000,0x000000000,0x00000000,0x00000000,0,0,0000000000000000000000000000000000000000000000
575,0x00000000000,0x00000000000,0x000000000,0x00000000,0x00000000,0,0,0000000000000000000000000000000000000000000000
576,0x00000000000,0x00000000000,0x000000000,0x00000000,0x00000000,0,0,0000000000000000000000000000000000000000000000
577,0x00000000000,0x00000000000,0x000000000,0x00000000,0x00000000,0,0,0000000000000000000000000000000000000000000000
578,0x00000000000,0x00000000000,0x000000000,0x00000000,0x00000000,0,0,0000000000000000000000000000000000000000000000
579,0x00000000000,0x00000000000,0x000000000,0x00000000,0x00000000,0,0,0000000000000000000000000000000000000000000000
580,0x00000000000,0x00000000000,0x000000000,0x00000000,0x00000000,0,0,0000000000000000000000000000000000000000000000
581,0x00000000000,0x00000000000,0x000000000,0x00000000,0x00000000,0,0,0000000000000000000000000000000000000000000000
582,0x00000000000,0x00000000000,0x0cf40ef22,0x00000000,0x00000000,0,0,00000000000000000000033d03bc880000000000000000
583,0x00000000000,0x00000000000,0x0cfc0efa2,0x00000000,0x00000000,0,0,00000000000000000000033f03be880000000000000000
584,0x00000000000,0x00000000000,0x0d040f022,0x00000000,0x00000000,0,0,00000000000000000000034103c0880000000000000000
585,0x00000000000,0x00000000000,0x0d0c0f0a2,0x00000000,0x00000000,0,0,00000000000000000000034303c2880000000000000000
586,0x00000000000,0x00000000000,0x0d140f122,0x00000000,0x00000000,0,0,00000000000000000000034503c4880000000000000000
587,0x00000000000,0x00000000000,0x0d1c0f1a2,0x00000000,0x00000000,0,0,00000000000000000000034703c6880000000000000000
588,0x00000000000,0x00000000000,0x0d240f222,0x00000000,0x00000000,0,0,00000000000000000000034903c8880000000000000000
589,0x00000000000,0x00000000000,0x0d2c0f2a2,0x00000000,0x4f6f5049,0,0,00000000000000000000034b03ca8800000004f6f50490
590,0x00000000000,0x00000000000,0x0d340f322,0x00000000,0x00000000,0,0,00000000000000000000034d03cc880000000000000000
591,0x00000000000,0x00000000000,0x0d3c0f3a2,0x00000000,0x00000000,0,0,00000000000000000000034f03ce880000000000000000
592,0x00000000000,0x00000000000,0x000000000,0x00000000,0x00000000,0,0,0000000000000000000000000000000000000000000000
593,0x00000000000,0x00000000000,0x000000000,0x00000000,0x4fefd049,0,0,00000000000000000000000000000000000004fefd0490
594,0x00000000000,0x00000000000,0x000000000,0x00000000,0x00000000,0,0,0000000000000000000000000000000000000000000000
595,0x00000000000,0x00000000000,0x000000000,0x00000000,0x00000000,0,0,0000000000000000000000000000000000000000000000
596,0x00000000000,0x00000000000,0x000000000,0x00000000,0x00000000,0,0,0000000000000000000000000000000000000000000000
597,0x00000000000,0x00000000000,0x000000000,0x00000000,0x50705049,0,0,0000000000000000000000000000000000000507050490
598,0x00000000000,0x00000000000,0x000000000,0x00000000,0x00000000,0,0,0000000000000000000000000000000000000000000000
599,0x00000000000,0x00000000000,0x000000000,0x00000000,0x00000000,0,0,0000000000000000000000000000000000000000000000
600,0x00000000000,0x00000000000,0x000000000,0x00000000,0x00000000,0,0,0000000000000000000000000000000000000000000000
601,0x00000000000,0x00000000000,0x000000000,0x00000000,0x50f0d049,0,0,000000000000000000000000000000000000050f0d0490
602,0x00000000000,0x00000000000,0x000000000,0x00000000,0x00000000,0,0,0000000000000000000000000000000000000000000000
603,0x00000000000,0x00000000000,0x000000000,0x00000000,0x00000000,0,0,0000000000000000000000000000000000000000000000
604,0x00000000000,0x00000000000,0x000000000,0x00000000,0x00000000,0,0,0000000000000000000000000000000000000000000000
605,0x00000000000,0x00000000000,0x000000000,0x00000000,0x51715049,0,0,0000000000000000000000000000000000000517150490
606,0x00000000000,0x00000000000,0x000000000,0x00000000,0x00000000,0,0,0000000000000000000000000000000000000000000000
607,0x00000000000,0x00000000000,0x000000000,0x00000000,0x00000000,0,0,0000000000000000000000000000000000000000000000
608,0x00000000000,0x00000000000,0x000000000,0x00000000,0x00000000,0,0,0000000000000000000000000000000000000000000000
609,0x00000000000,0x00000000000,0x000000000,0x00000000,0x51f1d049,0,0,000000000000000000000000000000000000051f1d0490
610,0x00000000000,0x00000000000,0x000000000,0x00000000,0x00000000,0,0,0000000000000000000000000000000000000000000000
611,0x00000000000,0x00000000000,0x000000000,0x00000000,0x00000000,0,0,0000000000000000000000000000000000000000000000
612,0x00000000000,0x00000000000,0x000000000,0x00000000,0x00000000,0,0,0000000000000000000000000000000000000000000000
613,0x00000000000,0x00000000000,0x000000000,0x00000000,0x52725049,0,0,0000000000000000000000000000000000000527250490
614,0x00000000000,0x00000000000,0x000000000,0x00000000,0x00000000,0,0,0000000000000000000000000000000000000000000000
615,0x00000000000,0x0000001e1ef,0x000000000,0x00000000,0x00000000,0,0,00000000000000001e1ef0000000000000000000000000
616,0x00000000000,0x00000000000,0x000000000,0x00000000,0x00000000,0,0,0000000000000000000000000000000000000000000000
617,0x00000000000,0x00000000000,0x000000000,0x00000000,0x52f2d049,0,0,000000000000000000000000000000000000052f2d0490
618,0x00000000000,0x00000000000,0x000000000,0x00000000,0x00000000,0,0,0000000000000000000000000000000000000000000000
619,0x0000005c1c3,0x0000001f1ff,0x000000000,0x00000000,0x00000000,0,0,0000017070c000001f1ff0000000000000000000000000
620,0x0000005d1d3,0x00000000000,0x000000000,0x00000000,0x00000000,0,0,0000017474c00000000000000000000000000000000000
621,0x0000005e1e3,0x00000000000,0x000000000,0x00000000,0x53735049,0,0,0000017878c00000000000000000000000000537350490
622,0x0000005f1f3,0x00000000000,0x000000000,0x00000000,0x00000000,0,0,0000017c7cc00000000000000000000000000000000000
623,0x00000000000,0x0000002020f,0x000000000,0x00000000,0x00000000,0,0,00000000000000002020f0000000000000000000000000
624,0x00000000000,0x00000000000,0x000000000,0x00000000,0x00000000,0,0,0000000000000000000000000000000000000000000000
625,0x00000000000,0x00000000000,0x000000000,0x00000000,0x53f3d049,0,0,000000000000000000000000000000000000053f3d0490
626,0x00000000000,0x00000000000,0x000000000,0x00000000,0x00000000,0,0,0000000000000000000000000000000000000000000000
627,0x00000000000,0x0000002121f,0x000000000,0x00000000,0x00000000,0,0,00000000000000002121f0000000000000000000000000
628,0x00000000000,0x00000000000,0x000000000,0x00000000,0x00000000,0,0,0000000000000000000000000000000000000000000000
629,0x00000000000,0x00000000000,0x000000000,0x00000000,0x4e2e1041,0,0,00000000000000000000000000000000000004e2e10410
630,0x00000000000,0x00000000000,0x000000000,0x00000000,0x00000000,0,0,0000000000000000000000000000000000000000000000
631,0x00000000000,0x0000002222f,0x000000000,0x00000000,0x00000000,0,0,00000000000000002222f0000000000000000000000000
632,0x00000000000,0x00000000000,0x000000000,0x00000000,0x00000000,0,0,0000000000000000000000000000000000000000000000
633,0x00000000000,0x00000000000,0x000000000,0x00000000,0x4eae9041,0,0,00000000000000000000000000000000000004eae90410
634,0x00000000000,0x00000000000,0x000000000,0x00000000,0x00000000,0,0,0000000000000000000000000000000000000000000000
635,0x00000060203,0x0000002323f,0x000000000,0x00000000,0x00000000,0,0,0000018080c000002323f0000000000000000000000000
636,0x00000061213,0x00000000000,0x000000000,0x00000000,0x00000000,0,0,0000018484c00000000000000000000000000000000000
637,0x00000062223,0x00000000000,0x000000000,0x00000000,0x4f2f1041,0,0,0000018888c000000000000000000000000004f2f10410
638,0x00000063233,0x00000000000,0x000000000,0x00000000,0x00000000,0,0,0000018c8cc00000000000000000000000000000000000
639,0x00000000000,0x0000002424f,0x000000000,0x00000000,0x00000000,0,0,00000000000000002424f0000000000000000000000000
640,0x00000000000,0x00000000000,0x000000000,0x00000000,0x00000000,0,0,0000000000000000000000000000000000000000000000
641,0x00000000000,0x00000000000,0x000000000,0x00000000,0x4faf9041,0,0,00000000000000000000000000000000000004faf90410
642,0x00000000000,0x00000000000,0x000000000,0x00000000,0x00000000,0,0,0000000000000000000000000000000000000000000000
643,0x00000000000,0x0000002525f,0x000000000,0x00000000,0x00000000,0,0,00000000000000002525f0000000000000000000000000
644,0x00000000000,0x00000000000,0x000000000,0x00000000,0x00000000,0,0,0000000000000000000000000000000000000000000000
645,0x00000000000,0x00000000000,0x000000000,0x00000000,0x50301041,0,0,0000000000000000000000000000000000000503010410
646,0x00000000000,0x00000000000,0x000000000,0x00000000,0x00000000,0,0,0000000000000000000000000000000000000000000000
647,0x00000000000,0x0000002626f,0x000000000,0x00000000,0x00000000,0,0,00000000000000002626f0000000000000000000000000
648,0x00000000000,0x00000000000,0x000000000,0x00000000,0x00000000,0,0,0000000000000000000000000000000000000000000000
649,0x00000000000,0x00000000000,0x000000000,0x00000000,0x50b09041,0,0,000000000000000000000000000000000000050b090410
650,0x00000000000,0x00000000000,0x000000000,0x00000000,0x00000000,0,0,0000000000000000000000000000000000000000000000
651,0x00000064243,0x0000002727f,0x000000000,0x00000000,0x00000000,0,0,0000019090c000002727f0000000000000000000000000
652,0x00000065253,0x00000000000,0x000000000,0x00000000,0x00000000,0,0,0000019494c00000000000000000000000000000000000
653,0x00000066263,0x00000000000,0x000000000,0x00000000,0x51311041,0,0,0000019898c00000000000000000000000000513110410
654,0x00000067273,0x00000000000,0x000000000,0x00000000,0x00000000,0,0,0000019c9cc00000000000000000000000000000000000
655,0x00000000000,0x00000000000,0x000000000,0x00000000,0x00000000,0,0,0000000000000000000000000000000000000000000000
656,0x00000000000,0x00000000000,0x000000000,0x00000000,0x00000000,0,0,0000000000000000000000000000000000000000000000
657,0x00000000000,0x00000000000,0x000000000,0x00000000,0x51b19041,0,0,000000000000000000000000000000000000051b190410
658,0x00000000000,0x00000000000,0x000000000,0x00000000,0x00000000,0,0,0000000000000000000000000000000000000000000000
659,0x00000000000,0x00000000000,0x000000000,0x00000000,0x00000000,0,0,0000000000000000000000000000000000000000000000
660,0x00000000000,0x00000000000,0x000000000,0x00000000,0x00000000,0,0,0000000000000000000000000000000000000000000000
661,0x00000000000,0x00000000000,0x000000000,0x00000000,0x52321041,0,0,0000000000000000000000000000000000000523210410
662,0x00000000000,0x00000000000,0x000000000,0x00000000,0x00000000,0,0,0000000000000000000000000000000000000000000000
663,0x00000000000,0x00000000000,0x000000000,0x00000000,0x00000000,0,0,0000000000000000000000000000000000000000000000
664,0x00000000000,0x00000000000,0x000000000,0x00000000,0x00000000,0,0,0000000000000000000000000000000000000000000000
665,0x00000000000,0x00000000000,0x000000000,0x00000000,0x52b29041,0,0,000000000000000000000000000000000000052b290410
666,0x00000000000,0x00000000000,0x000000000,0x00000000,0x00000000,0,0,0000000000000000000000000000000000000000000000
667,0x00000000000,0x00000000000,0x000000000,0x00000000,0x00000000,0,0,0000000000000000000000000000000000000000000000
668,0x00000000000,0x00000000000,0x000000000,0x00000000,0x00000000,0,0,0000000000000000000000000000000000000000000000
669,0x00000000000,0x00000000000,0x000000000,0x00000000,0x53331041,0,0,0000000000000000000000000000000000000533310410
670,0x00000000000,0x00000000000,0x000000000,0x00000000,0x00000000,0,0,0000000000000000000000000000000000000000000000
671,0x00000000000,0x00000000000,0x000000000,0x00000000,0x00000000,0,0,0000000000000000000000000000000000000000000000
672,0x00000000000,0x00000000000,0x000000000,0x00000000,0x00000000,0,0,0000000000000000000000000000000000000000000000
673,0x00000000000,0x00000000000,0x000000000,0x00000000,0x53b39041,0,0,000000000000000000000000000000000000053b390410
674,0x00000000000,0x00000000000,0x000000000,0x00000000,0x00000000,0,0,0000000000000000000000000000000000000000000000
675,0x00000000000,0x00000000000,0x000000000,0x00000000,0x00000000,0,0,0000000000000000000000000000000000000000000000
676,0x00000000000,0x00000000000,0x000000000,0x00000000,0x00000000,0,0,0000000000000000000000000000000000000000000000
677,0x00000000000,0x00000000000,0x000000000,0x00000000,0x00000000,0,0,0000000000000000000000000000000000000000000000
678,0x00000000000,0x00000000000,0x000000000,0x00000000,0x00000000,0,0,0000000000000000000000000000000000000000000000
679,0x00000000000,0x00000000000,0x000000000,0x00000000,0x00000000,0,0,0000000000000000000000000000000000000000000000
680,0x00000000000,0x00000000000,0x000000000,0x00000000,0x00000000,0,0,0000000000000000000000000000000000000000000000
681,0x00000000000,0x00000000000,0x000000000,0x00000000,0x00000000,0,0,0000000000000000000000000000000000000000000000
682,0x00000000000,0x00000000000,0x000000000,0x00000000,0x00000000,0,0,0000000000000000000000000000000000000000000000
683,0x00000000000,0x00000000000,0x000000000,0x00000000,0x00000000,0,0,0000000000000000000000000000000000000000000000
684,0x00000000000,0x00000000000,0x000000000,0x00000000,0x00000000,0,0,0000000000000000000000000000000000000000000000
685,0x00000000000,0x00000000000,0x000000000,0x00000000,0x00000000,0,0,0000000000000000000000000000000000000000000000
686,0x00000000000,0x00000000000,0x000000000,0x00000000,0x00000000,0,0,0000000000000000000000000000000000000000000000
687,0x00000000000,0x00000000000,0x000000000,0x00000000,0x00000000,0,0,0000000000000000000000000000000000000000000000
688,0x00000000000,0x00000000000,0x000000000,0x00000000,0x00000000,0,0,0000000000000000000000000000000000000000000000
689,0x00000000000,0x00000000000,0x000000000,0x00000000,0x00000000,0,0,0000000000000000000000000000000000000000000000
690,0x00000000000,0x00000000000,0x000000000,0x00000000,0x00000000,0,0,0000000000000000000000000000000000000000000000
691,0x00000000000,0x00000000000,0x000000000,0x00000000,0x00000000,0,0,0000000000000000000000000000000000000000000000
692,0x00000000000,0x00000000000,0x000000000,0x00000000,0x00000000,0,0,0000000000000000000000000000000000000000000000
693,0x00000000000,0x00000000000,0x000000000,0x00000000,0x00000000,0,0,0000000000000000000000000000000000000000000000
694,0x00000000000,0x00000000000,0x0d440f422,0x00000000,0x00000000,0,0,00000000000000000000035103d0880000000000000000
695,0x00000000000,0x00000000000,0x0d4c0f4a2,0x00000000,0x00000000,0,0,00000000000000000000035303d2880000000000000000
696,0x00000000000,0x00000000000,0x0d540f522,0x00000000,0x00000000,0,0,00000000000000000000035503d4880000000000000000
697,0x00000000000,0x00000000000,0x0d5c0f5a2,0x00000000,0x00000000,0,0,00000000000000000000035703d6880000000000000000
698,0x00000000000,0x00000000000,0x0d640f622,0x00000000,0x00000000,0,0,00000000000000000000035903d8880000000000000000
699,0x00000000000,0x00000000000,0x0d6c0f6a2,0x00000000,0x00000000,0,0,00000000000000000000035b03da880000000000000000
700,0x00000000000,0x00000000000,0x0d740f722,0x00000000,0x00000000,0,0,00000000000000000000035d03dc880000000000000000
701,0x00000000000,0x00000000000,0x0d7c0f7a2,0x00000000,0x54745049,0,0,00000000000000000000035f03de880000000547450490
702,0x00000000000,0x00000000000,0x0d840f822,0x00000000,0x00000000,0,0,00000000000000000000036103e0880000000000000000
703,0x00000000000,0x00000000000,0x0d8c0f8a2,0x00000000,0x00000000,0,0,00000000000000000000036303e2880000000000000000
704,0x00000000000,0x00000000000,0x000000000,0x00000000,0x00000000,0,0,0000000000000000000000000000000000000000000000
705,0x00000000000,0x00000000000,0x000000000,0x00000000,0x54f4d049,0,0,000000000000000000000000000000000000054f4d0490
706,0x00000000000,0x00000000000,0x000000000,0x00000000,0x00000000,0,0,0000000000000000000000000000000000000000000000
707,0x00000000000,0x00000000000,0x000000000,0x00000000,0x00000000,0,0,0000000000000000000000000000000000000000000000
708,0x00000000000,0x00000000000,0x000000000,0x00000000,0x00000000,0,0,0000000000000000000000000000000000000000000000
709,0x00000000000,0x00000000000,0x000000000,0x00000000,0x55755049,0,0,0000000000000000000000000000000000000557550490
710,0x00000000000,0x00000000000,0x000000000,0x00000000,0x00000000,0,0,0000000000000000000000000000000000000000000000
711,0x00000000000,0x00000000000,0x000000000,0x00000000,0x00000000,0,0,0000000000000000000000000000000000000000000000
712,0x00000000000,0x00000000000,0x000000000,0x00000000,0x00000000,0,0,0000000000000000000000000000000000000000000000
713,0x00000000000,0x00000000000,0x000000000,0x00000000,0x55f5d049,0,0,000000000000000000000000000000000000055f5d0490
714,0x00000000000,0x00000000000,0x000000000,0x00000000,0x00000000,0,0,0000000000000000000000000000000000000000000000
715,0x00000000000,0x00000000000,0x000000000,0x00000000,0x00000000,0,0,0000000000000000000000000000000000000000000000
716,0x00000000000,0x00000000000,0x000000000,0x00000000,0x00000000,0,0,0000000000000000000000000000000000000000000000
717,0x00000000000,0x00000000000,0x000000000,0x00000000,0x56765049,0,0,0000000000000000000000000000000000000567650490
718,0x00000000000,0x00000000000,0x000000000,0x00000000,0x00000000,0,0,0000000000000000000000000000000000000000000000
719,0x00000000000,0x00000000000,0x000000000,0x00000000,0x00000000,0,0,0000000000000000000000000000000000000000000000
720,0x00000000000,0x00000000000,0x000000000,0x00000000,0x00000000,0,0,0000000000000000000000000000000000000000000000
721,0x00000000000,0x00000000000,0x000000000,0x00000000,0x56f6d049,0,0,000000000000000000000000000000000000056f6d0490
722,0x00000000000,0x00000000000,0x000000000,0x00000000,0x00000000,0,0,0000000000000000000000000000000000000000000000
723,0x00000000000,0x00000000000,0x000000000,0x00000000,0x00000000,0,0,0000000000000000000000000000000000000000000000
724,0x00000000000,0x00000000000,0x000000000,0x00000000,0x00000000,0,0,0000000000000000000000000000000000000000000000
725,0x00000000000,0x00000000000,0x000000000,0x00000000,0x57775049,0,0,0000000000000000000000000000000000000577750490
726,0x00000000000,0x00000000000,0x000000000,0x00000000,0x00000000,0,0,0000000000000000000000000000000000000000000000
727,0x00000000000,0x0000002828f,0x000000000,0x00000000,0x00000000,0,0,00000000000000002828f0000000000000000000000000
728,0x00000000000,0x00000000000,0x000000000,0x00000000,0x00000000,0,0,0000000000000000000000000000000000000000000000
729,0x00000000000,0x00000000000,0x000000000,0x00000000,0x57f7d049,0,0,000000000000000000000000000000000000057f7d0490
730,0x00000000000,0x00000000000,0x000000000,0x00000000,0x00000000,0,0,0000000000000000000000000000000000000000000000
731,0x00000000000,0x0000002929f,0x000000000,0x00000000,0x00000000,0,0,00000000000000002929f0000000000000000000000000
732,0x00000000000,0x00000000000,0x000000000,0x00000000,0x00000000,0,0,0000000000000000000000000000000000000000000000
733,0x00000000000,0x00000000000,0x000000000,0x00000000,0x58785049,0,0,0000000000000000000000000000000000000587850490
734,0x00000000000,0x00000000000,0x000000000,0x00000000,0x00000000,0,0,0000000000000000000000000000000000000000000000
735,0x00000000000,0x0000002a2af,0x000000000,0x00000000,0x00000000,0,0,00000000000000002a2af0000000000000000000000000
736,0x00000000000,0x00000000000,0x000000000,0x00000000,0x00000000,0,0,0000000000000000000000000000000000000000000000
737,0x00000000000,0x00000000000,0x000000000,0x00000000,0x58f8d049,0,0,000000000000000000000000000000000000058f8d0490
738,0x00000000000,0x00000000000,0x000000000,0x00000000,0x00000000,0,0,0000000000000000000000000000000000000000000000
739,0x00000068283,0x0000002b2bf,0x000000000,0x00000000,0x00000000,0,0,000001a0a0c000002b2bf0000000000000000000000000
740,0x00000069293,0x00000000000,0x000000000,0x00000000,0x00000000,0,0,000001a4a4c00000000000000000000000000000000000
741,0x0000006a2a3,0x00000000000,0x000000000,0x00000000,0x00000000,0,0,000001a8a8c00000000000000000000000000000000000
742,0x0000006b2b3,0x00000000000,0x000000000,0x00000000,0x54341041,0,0,000001acacc00000000000000000000000000543410410
743,0x00000000000,0x0000002c2cf,0x000000000,0x00000000,0x00000000,0,0,00000000000000002c2cf0000000000000000000000000
744,0x00000000000,0x00000000000,0x000000000,0x00000000,0x00000000,0,0,0000000000000000000000000000000000000000000000
745,0x00000000000,0x00000000000,0x000000000,0x00000000,0x00000000,0,0,0000000000000000000000000000000000000000000000
746,0x00000000000,0x00000000000,0x000000000,0x00000000,0x54b49041,0,0,000000000000000000000000000000000000054b490410
747,0x00000000000,0x0000002d2df,0x000000000,0x00000000,0x00000000,0,0,00000000000000002d2df0000000000000000000000000
748,0x00000000000,0x00000000000,0x000000000,0x00000000,0x00000000,0,0,0000000000000000000000000000000000000000000000
749,0x00000000000,0x00000000000,0x000000000,0x00000000,0x00000000,0,0,0000000000000000000000000000000000000000000000
750,0x00000000000,0x00000000000,0x000000000,0x00000000,0x55351041,0,0,0000000000000000000000000000000000000553510410
751,0x00000000000,0x0000002e2ef,0x000000000,0x00000000,0x00000000,0,0,00000000000000002e2ef0000000000000000000000000
752,0x00000000000,0x00000000000,0x000000000,0x00000000,0x00000000,0,0,0000000000000000000000000000000000000000000000
753,0x00000000000,0x00000000000,0x000000000,0x00000000,0x00000000,0,0,0000000000000000000000000000000000000000000000
754,0x00000000000,0x00000000000,0x000000000,0x00000000,0x55b59041,0,0,000000000000000000000000000000000000055b590410
755,0x0000006c2c3,0x0000002f2ff,0x000000000,0x00000000,0x00000000,0,0,000001b0b0c000002f2ff0000000000000000000000000
756,0x0000006d2d3,0x00000000000,0x000000000,0x00000000,0x00000000,0,0,000001b4b4c00000000000000000000000000000000000
757,0x0000006e2e3,0x00000000000,0x000000000,0x00000000,0x00000000,0,0,000001b8b8c00000000000000000000000000000000000
758,0x0000006f2f3,0x00000000000,0x000000000,0x00000000,0x56361041,0,0,000001bcbcc00000000000000000000000000563610410
759,0x00000000000,0x0000003030f,0x000000000,0x00000000,0x00000000,0,0,00000000000000003030f0000000000000000000000000
760,0x00000000000,0x00000000000,0x000000000,0x00000000,0x00000000,0,0,0000000000000000000000000000000000000000000000
761,0x00000000000,0x00000000000,0x000000000,0x00000000,0x00000000,0,0,0000000000000000000000000000000000000000000000
762,0x00000000000,0x00000000000,0x000000000,0x00000000,0x56b69041,0,0,000000000000000000000000000000000000056b690410
763,0x00000000000,0x0000003131f,0x000000000,0x00000000,0x00000000,0,0,00000000000000003131f0000000000000000000000000
764,0x00000000000,0x00000000000,0x000000000,0x00000000,0x00000000,0,0,0000000000000000000000000000000000000000000000
765,0x00000000000,0x00000000000,0x000000000,0x00000000,0x00000000,0,0,0000000000000000000000000000000000000000000000
766,0x00000000000,0x00000000000,0x000000000,0x00000000,0x57371041,0,0,0000000000000000000000000000000000000573710410
767,0x00000000000,0x00000000000,0x000000000,0x00000000,0x00000000,0,0,0000000000000000000000000000000000000000000000
768,0x00000000000,0x00000000000,0x000000000,0x00000000,0x00000000,0,0,0000000000000000000000000000000000000000000000
769,0x00000000000,0x00000000000,0x000000000,0x00000000,0x00000000,0,0,0000000000000000000000000000000000000000000000
770,0x00000000000,0x00000000000,0x000000000,0x00000000,0x57b79041,0,0,000000000000000000000000000000000000057b790410
771,0x00000000000,0x00000000000,0x000000000,0x00000000,0x00000000,0,0,0000000000000000000000000000000000000000000000
772,0x00000000000,0x00000000000,0x000000000,0x00000000,0x00000000,0,0,0000000000000000000000000000000000000000000000
773,0x00000000000,0x00000000000,0x000000000,0x00000000,0x00000000,0,0,0000000000000000000000000000000000000000000000
774,0x00000000000,0x00000000000,0x000000000,0x00000000,0x00000000,0,0,0000000000000000000000000000000000000000000000
775,0x00000000000,0x00000000000,0x000000000,0x00000000,0x00000000,0,0,0000000000000000000000000000000000000000000000
776,0x00000000000,0x00000000000,0x000000000,0x00000000,0x00000000,0,0,0000000000000000000000000000000000000000000000
777,0x00000000000,0x00000000000,0x000000000,0x00000000,0x00000000,0,0,0000000000000000000000000000000000000000000000
778,0x00000000000,0x00000000000,0x000000000,0x00000000,0x00000000,0,0,0000000000000000000000000000000000000000000000
779,0x00000000000,0x00000000000,0x000000000,0x00000000,0x00000000,0,0,0000000000000000000000000000000000000000000000
780,0x00000000000,0x00000000000,0x000000000,0x00000000,0x00000000,0,0,0000000000000000000000000000000000000000000000
781,0x00000000000,0x00000000000,0x000000000,0x00000000,0x00000000,0,0,0000000000000000000000000000000000000000000000
782,0x00000000000,0x00000000000,0x000000000,0x00000000,0x00000000,0,0,0000000000000000000000000000000000000000000000
783,0x00000000000,0x00000000000,0x000000000,0x00000000,0x00000000,0,0,0000000000000000000000000000000000000000000000
784,0x00000000000,0x00000000000,0x000000000,0x00000000,0x00000000,0,0,0000000000000000000000000000000000000000000000
785,0x00000000000,0x00000000000,0x000000000,0x00000000,0x00000000,0,0,0000000000000000000000000000000000000000000000
786,0x00000000000,0x00000000000,0x000000000,0x00000000,0x00000000,0,0,0000000000000000000000000000000000000000000000
787,0x00000000000,0x00000000000,0x000000000,0x00000000,0x00000000,0,0,0000000000000000000000000000000000000000000000
788,0x00000000000,0x00000000000,0x000000000,0x00000000,0x00000000,0,0,0000000000000000000000000000000000000000000000
789,0x00000000000,0x00000000000,0x000000000,0x00000000,0x00000000,0,0,0000000000000000000000000000000000000000000000
790,0x00000000000,0x00000000000,0x000000000,0x00000000,0x00000000,0,0,0000000000000000000000000000000000000000000000
791,0x00000000000,0x00000000000,0x0d940f922,0x00000000,0x00000000,0,0,00000000000000000000036503e4880000000000000000
792,0x00000000000,0x00000000000,0x0d9c0f9a2,0x00000000,0x00000000,0,0,00000000000000000000036703e6880000000000000000
793,0x00000000000,0x00000000000,0x0da40fa22,0x00000000,0x00000000,0,0,00000000000000000000036903e8880000000000000000
794,0x00000000000,0x00000000000,0x0dac0faa2,0x00000000,0x00000000,0,0,00000000000000000000036b03ea880000000000000000
795,0x00000000000,0x00000000000,0x0db40fb22,0x00000000,0x00000000,0,0,00000000000000000000036d03ec880000000000000000
796,0x00000000000,0x00000000000,0x0dbc0fba2,0x00000000,0x00000000,0,0,00000000000000000000036f03ee880000000000000000
797,0x00000000000,0x00000000000,0x0dc40fc22,0x00000000,0x00000000,0,0,00000000000000000000037103f0880000000000000000
798,0x00000000000,0x00000000000,0x0dcc0fca2,0x00000000,0x59795049,0,0,00000000000000000000037303f2880000000597950490
799,0x00000000000,0x00000000000,0x0dd40fd22,0x00000000,0x00000000,0,0,00000000000000000000037503f4880000000000000000
800,0x00000000000,0x00000000000,0x0ddc0fda2,0x00000000,0x00000000,0,0,00000000000000000000037703f6880000000000000000
801,0x00000000000,0x00000000000,0x000000000,0x00000000,0x00000000,0,0,0000000000000000000000000000000000000000000000
802,0x00000000000,0x00000000000,0x000000000,0x00000000,0x59f9d049,0,0,000000000000000000000000000000000000059f9d0490
803,0x00000000000,0x00000000000,0x000000000,0x00000000,0x00000000,0,0,0000000000000000000000000000000000000000000000
804,0x00000000000,0x00000000000,0x000000000,0x00000000,0x00000000,0,0,0000000000000000000000000000000000000000000000
805,0x00000000000,0x00000000000,0x000000000,0x00000000,0x00000000,0,0,0000000000000000000000000000000000000000000000
806,0x00000000000,0x00000000000,0x000000000,0x00000000,0x5a7a5049,0,0,00000000000000000000000000000000000005a7a50490
807,0x00000000000,0x00000000000,0x000000000,0x00000000,0x00000000,0,0,0000000000000000000000000000000000000000000000
808,0x00000000000,0x00000000000,0x000000000,0x00000000,0x00000000,0,0,0000000000000000000000000000000000000000000000
809,0x00000000000,0x00000000000,0x000000000,0x00000000,0x00000000,0,0,0000000000000000000000000000000000000000000000
810,0x00000000000,0x00000000000,0x000000000,0x00000000,0x5afad049,0,0,00000000000000000000000000000000000005afad0490
811,0x00000000000,0x00000000000,0x000000000,0x00000000,0x00000000,0,0,0000000000000000000000000000000000000000000000
812,0x00000000000,0x00000000000,0x000000000,0x00000000,0x00000000,0,0,0000000000000000000000000000000000000000000000
813,0x00000000000,0x00000000000,0x000000000,0x00000000,0x00000000,0,0,0000000000000000000000000000000000000000000000
814,0x00000000000,0x00000000000,0x000000000,0x00000000,0x5b7b5049,0,0,00000000000000000000000000000000000005b7b50490
815,0x00000000000,0x00000000000,0x000000000,0x00000000,0x00000000,0,0,0000000000000000000000000000000000000000000000
816,0x00000000000,0x00000000000,0x000000000,0x00000000,0x00000000,0,0,0000000000000000000000000000000000000000000000
817,0x00000000000,0x00000000000,0x000000000,0x00000000,0x00000000,0,0,0000000000000000000000000000000000000000000000
818,0x00000000000,0x00000000000,0x000000000,0x00000000,0x5bfbd049,0,0,00000000000000000000000000000000000005bfbd0490
819,0x00000000000,0x00000000000,0x000000000,0x00000000,0x00000000,0,0,0000000000000000000000000000000000000000000000
820,0x00000000000,0x00000000000,0x000000000,0x00000000,0x00000000,0,0,0000000000000000000000000000000000000000000000
821,0x00000000000,0x00000000000,0x000000000,0x00000000,0x00000000,0,0,0000000000000000000000000000000000000000000000
822,0x00000000000,0x00000000000,0x000000000,0x00000000,0x5c7c5049,0,0,00000000000000000000000000000000000005c7c50490
823,0x00000000000,0x00000000000,0x000000000,0x00000000,0x00000000,0,0,0000000000000000000000000000000000000000000000
824,0x00000000000,0x0000003232f,0x000000000,0x00000000,0x00000000,0,0,00000000000000003232f0000000000000000000000000
825,0x00000000000,0x00000000000,0x000000000,0x00000000,0x00000000,0,0,0000000000000000000000000000000000000000000000
826,0x00000000000,0x00000000000,0x000000000,0x00000000,0x5cfcd049,0,0,00000000000000000000000000000000000005cfcd0490
827,0x00000000000,0x00000000000,0x000000000,0x00000000,0x00000000,0,0,0000000000000000000000000000000000000000000000
828,0x00000070303,0x0000003333f,0x000000000,0x00000000,0x00000000,0,0,000001c0c0c000003333f0000000000000000000000000
829,0x00000071313,0x00000000000,0x000000000,0x00000000,0x00000000,0,0,000001c4c4c00000000000000000000000000000000000
830,0x00000072323,0x00000000000,0x000000000,0x00000000,0x5d7d5049,0,0,000001c8c8c000000000000000000000000005d7d50490
831,0x00000073333,0x00000000000,0x000000000,0x00000000,0x00000000,0,0,000001ccccc00000000000000000000000000000000000
832,0x00000000000,0x0000003434f,0x000000000,0x00000000,0x00000000,0,0,00000000000000003434f0000000000000000000000000
833,0x00000000000,0x00000000000,0x000000000,0x00000000,0x00000000,0,0,0000000000000000000000000000000000000000000000
834,0x00000000000,0x00000000000,0x000000000,0x00000000,0x5dfdd049,0,0,00000000000000000000000000000000000005dfdd0490
835,0x00000000000,0x00000000000,0x000000000,0x00000000,0x00000000,0,0,0000000000000000000000000000000000000000000000
836,0x00000000000,0x0000003535f,0x000000000,0x00000000,0x00000000,0,0,00000000000000003535f0000000000000000000000000
837,0x00000000000,0x00000000000,0x000000000,0x00000000,0x00000000,0,0,0000000000000000000000000000000000000000000000
838,0x00000000000,0x00000000000,0x000000000,0x00000000,0x58381041,0,0,0000000000000000000000000000000000000583810410
839,0x00000000000,0x00000000000,0x000000000,0x00000000,0x00000000,0,0,0000000000000000000000000000000000000000000000
840,0x00000000000,0x0000003636f,0x000000000,0x00000000,0x00000000,0,0,00000000000000003636f0000000000000000000000000
841,0x00000000000,0x00000000000,0x000000000,0x00000000,0x00000000,0,0,0000000000000000000000000000000000000000000000
842,0x00000000000,0x00000000000,0x000000000,0x00000000,0x58b89041,0,0,000000000000000000000000000000000000058b890410
843,0x00000000000,0x00000000000,0x000000000,0x00000000,0x00000000,0,0,0000000000000000000000000000000000000000000000
844,0x00000074343,0x0000003737f,0x000000000,0x00000000,0x00000000,0,0,000001d0d0c000003737f0000000000000000000000000
845,0x00000075353,0x00000000000,0x000000000,0x00000000,0x00000000,0,0,000001d4d4c00000000000000000000000000000000000
846,0x00000076363,0x00000000000,0x000000000,0x00000000,0x59391041,0,0,000001d8d8c00000000000000000000000000593910410
847,0x00000077373,0x00000000000,0x000000000,0x00000000,0x00000000,0,0,000001dcdcc00000000000000000000000000000000000
848,0x00000000000,0x0000003838f,0x000000000,0x00000000,0x00000000,0,0,00000000000000003838f0000000000000000000000000
849,0x00000000000,0x00000000000,0x000000000,0x00000000,0x00000000,0,0,0000000000000000000000000000000000000000000000
850,0x00000000000,0x00000000000,0x000000000,0x00000000,0x59b99041,0,0,000000000000000000000000000000000000059b990410
851,0x00000000000,0x00000000000,0x000000000,0x00000000,0x00000000,0,0,0000000000000000000000000000000000000000000000
852,0x00000000000,0x0000003939f,0x000000000,0x00000000,0x00000000,0,0,00000000000000003939f0000000000000000000000000
853,0x00000000000,0x00000000000,0x000000000,0x00000000,0x00000000,0,0,0000000000000000000000000000000000000000000000
854,0x00000000000,0x00000000000,0x000000000,0x00000000,0x5a3a1041,0,0,00000000000000000000000000000000000005a3a10410
855,0x00000000000,0x00000000000,0x000000000,0x00000000,0x00000000,0,0,0000000000000000000000000000000000000000000000
856,0x00000000000,0x0000003a3af,0x000000000,0x00000000,0x00000000,0,0,00000000000000003a3af0000000000000000000000000
857,0x00000000000,0x00000000000,0x000000000,0x00000000,0x00000000,0,0,0000000000000000000000000000000000000000000000
858,0x00000000000,0x00000000000,0x000000000,0x00000000,0x5aba9041,0,0,00000000000000000000000000000000000005aba90410
859,0x00000000000,0x00000000000,0x000000000,0x00000000,0x00000000,0,0,0000000000000000000000000000000000000000000000
860,0x00000078383,0x0000003b3bf,0x000000000,0x00000000,0x00000000,0,0,000001e0e0c000003b3bf0000000000000000000000000
861,0x00000079393,0x00000000000,0x000000000,0x00000000,0x00000000,0,0,000001e4e4c00000000000000000000000000000000000
862,0x0000007a3a3,0x00000000000,0x000000000,0x00000000,0x5b3b1041,0,0,000001e8e8c000000000000000000000000005b3b10410
863,0x0000007b3b3,0x00000000000,0x000000000,0x00000000,0x00000000,0,0,000001ececc00000000000000000000000000000000000
864,0x00000000000,0x00000000000,0x000000000,0x00000000,0x00000000,0,0,0000000000000000000000000000000000000000000000
865,0x00000000000,0x00000000000,0x000000000,0x00000000,0x00000000,0,0,0000000000000000000000000000000000000000000000
866,0x00000000000,0x00000000000,0x000000000,0x00000000,0x5bbb9041,0,0,00000000000000000000000000000000000005bbb90410
867,0x00000000000,0x00000000000,0x000000000,0x00000000,0x00000000,0,0,0000000000000000000000000000000000000000000000
868,0x00000000000,0x00000000000,0x000000000,0x00000000,0x00000000,0,0,0000000000000000000000000000000000000000000000
869,0x00000000000,0x00000000000,0x000000000,0x00000000,0x00000000,0,0,0000000000000000000000000000000000000000000000
870,0x00000000000,0x00000000000,0x000000000,0x00000000,0x5c3c1041,0,0,00000000000000000000000000000000000005c3c10410
871,0x00000000000,0x00000000000,0x000000000,0x00000000,0x00000000,0,0,0000000000000000000000000000000000000000000000
872,0x00000000000,0x00000000000,0x000000000,0x00000000,0x00000000,0,0,0000000000000000000000000000000000000000000000
873,0x00000000000,0x00000000000,0x000000000,0x00000000,0x00000000,0,0,0000000000000000000000000000000000000000000000
874,0x00000000000,0x00000000000,0x000000000,0x00000000,0x5cbc9041,0,0,00000000000000000000000000000000000005cbc90410
875,0x00000000000,0x00000000000,0x000000000,0x00000000,0x00000000,0,0,0000000000000000000000000000000000000000000000
876,0x00000000000,0x00000000000,0x000000000,0x00000000,0x00000000,0,0,0000000000000000000000000000000000000000000000
877,0x00000000000,0x00000000000,0x000000000,0x00000000,0x00000000,0,0,0000000000000000000000000000000000000000000000
878,0x00000000000,0x00000000000,0x000000000,0x00000000,0x5d3d1041,0,0,00000000000000000000000000000000000005d3d10410
879,0x00000000000,0x00000000000,0x000000000,0x00000000,0x00000000,0,0,0000000000000000000000000000000000000000000000
880,0x00000000000,0x00000000000,0x000000000,0x00000000,0x00000000,0,0,0000000000000000000000000000000000000000000000
881,0x00000000000,0x00000000000,0x000000000,0x00000000,0x00000000,0,0,0000000000000000000000000000000000000000000000
882,0x00000000000,0x00000000000,0x000000000,0x00000000,0x5dbd9041,0,0,00000000000000000000000000000000000005dbd90410
883,0x00000000000,0x00000000000,0x000000000,0x00000000,0x00000000,0,0,0000000000000000000000000000000000000000000000
884,0x00000000000,0x00000000000,0x000000000,0x00000000,0x00000000,0,0,0000000000000000000000000000000000000000000000
885,0x00000000000,0x00000000000,0x000000000,0x00000000,0x00000000,0,0,0000000000000000000000000000000000000000000000
886,0x00000000000,0x00000000000,0x000000000,0x00000000,0x00000000,0,0,0000000000000000000000000000000000000000000000
887,0x00000000000,0x00000000000,0x000000000,0x00000000,0x00000000,0,0,0000000000000000000000000000000000000000000000
888,0x00000000000,0x00000000000,0x000000000,0x00000000,0x00000000,0,0,0000000000000000000000000000000000000000000000
889,0x00000000000,0x00000000000,0x000000000,0x00000000,0x00000000,0,0,0000000000000000000000000000000000000000000000
890,0x00000000000,0x00000000000,0x000000000,0x00000000,0x00000000,0,0,0000000000000000000000000000000000000000000000
891,0x00000000000,0x00000000000,0x000000000,0x00000000,0x00000000,0,0,0000000000000000000000000000000000000000000000
892,0x00000000000,0x00000000000,0x000000000,0x00000000,0x00000000,0,0,0000000000000000000000000000000000000000000000
893,0x00000000000,0x00000000000,0x000000000,0x00000000,0x00000000,0,0,0000000000000000000000000000000000000000000000
894,0x00000000000,0x00000000000,0x000000000,0x00000000,0x00000000,0,0,0000000000000000000000000000000000000000000000
895,0x00000000000,0x00000000000,0x000000000,0x00000000,0x00000000,0,0,0000000000000000000000000000000000000000000000
896,0x00000000000,0x00000000000,0x000000000,0x00000000,0x00000000,0,0,0000000000000000000000000000000000000000000000
897,0x00000000000,0x00000000000,0x000000000,0x00000000,0x00000000,0,0,0000000000000000000000000000000000000000000000
898,0x00000000000,0x00000000000,0x000000000,0x00000000,0x00000000,0,0,0000000000000000000000000000000000000000000000
899,0x00000000000,0x00000000000,0x000000000,0x00000000,0x00000000,0,0,0000000000000000000000000000000000000000000000
900,0x00000000000,0x00000000000,0x000000000,0x00000000,0x00000000,0,0,0000000000000000000000000000000000000000000000
901,0x00000000000,0x00000000000,0x000000000,0x00000000,0x00000000,0,0,0000000000000000000000000000000000000000000000
902,0x00000000000,0x00000000000,0x000000000,0x00000000,0x00000000,0,0,0000000000000000000000000000000000000000000000
903,0x00000000000,0x00000000000,0x0de40fe22,0x00000000,0x00000000,0,0,00000000000000000000037903f8880000000000000000
904,0x00000000000,0x00000000000,0x0dec0fea2,0x00000000,0x00000000,0,0,00000000000000000000037b03fa880000000000000000
905,0x00000000000,0x00000000000,0x0df40ff22,0x00000000,0x00000000,0,0,00000000000000000000037d03fc880000000000000000
906,0x00000000000,0x00000000000,0x0dfc0ffa2,0x00000000,0x00000000,0,0,00000000000000000000037f03fe880000000000000000
907,0x00000000000,0x00000000000,0x0c040e022,0x00000000,0x00000000,0,0,0000000000000000000003010380880000000000000000
908,0x00000000000,0x00000000000,0x0c0c0e0a2,0x00000000,0x00000000,0,0,0000000000000000000003030382880000000000000000
909,0x00000000000,0x00000000000,0x0c140e122,0x00000000,0x00000000,0,0,0000000000000000000003050384880000000000000000
910,0x00000000000,0x00000000000,0x0c1c0e1a2,0x00000000,0x5e7e5049,0,0,00000000000000000000030703868800000005e7e50490
911,0x00000000000,0x00000000000,0x0c240e222,0x00000000,0x00000000,0,0,0000000000000000000003090388880000000000000000
912,0x00000000000,0x00000000000,0x0c2c0e2a2,0x00000000,0x00000000,0,0,00000000000000000000030b038a880000000000000000
913,0x00000000000,0x00000000000,0x000000000,0x00000000,0x00000000,0,0,0000000000000000000000000000000000000000000000
914,0x00000000000,0x00000000000,0x000000000,0x00000000,0x5efed049,0,0,00000000000000000000000000000000000005efed0490
915,0x00000000000,0x00000000000,0x000000000,0x00000000,0x00000000,0,0,0000000000000000000000000000000000000000000000
916,0x00000000000,0x00000000000,0x000000000,0x00000000,0x00000000,0,0,0000000000000000000000000000000000000000000000
917,0x00000000000,0x00000000000,0x000000000,0x00000000,0x00000000,0,0,0000000000000000000000000000000000000000000000
918,0x00000000000,0x00000000000,0x000000000,0x00000000,0x5f7f5049,0,0,00000000000000000000000000000000000005f7f50490
919,0x00000000000,0x00000000000,0x000000000,0x00000000,0x00000000,0,0,0000000000000000000000000000000000000000000000
920,0x00000000000,0x00000000000,0x000000000,0x00000000,0x00000000,0,0,0000000000000000000000000000000000000000000000
921,0x00000000000,0x00000000000,0x000000000,0x00000000,0x00000000,0,0,0000000000000000000000000000000000000000000000
922,0x00000000000,0x00000000000,0x000000000,0x00000000,0x5fffd049,0,0,00000000000000000000000000000000000005fffd0490
923,0x00000000000,0x00000000000,0x000000000,0x00000000,0x00000000,0,0,0000000000000000000000000000000000000000000000
924,0x00000000000,0x00000000000,0x000000000,0x00000000,0x00000000,0,0,0000000000000000000000000000000000000000000000
925,0x00000000000,0x00000000000,0x000000000,0x00000000,0x00000000,0,0,0000000000000000000000000000000000000000000000
926,0x00000000000,0x00000000000,0x000000000,0x00000000,0x40605049,0,0,0000000000000000000000000000000000000406050490
927,0x00000000000,0x00000000000,0x000000000,0x00000000,0x00000000,0,0,0000000000000000000000000000000000000000000000
928,0x00000000000,0x00000000000,0x000000000,0x00000000,0x00000000,0,0,0000000000000000000000000000000000000000000000
929,0x00000000000,0x00000000000,0x000000000,0x00000000,0x00000000,0,0,0000000000000000000000000000000000000000000000
930,0x00000000000,0x00000000000,0x000000000,0x00000000,0x40e0d049,0,0,000000000000000000000000000000000000040e0d0490
931,0x00000000000,0x00000000000,0x000000000,0x00000000,0x00000000,0,0,0000000000000000000000000000000000000000000000
932,0x00000000000,0x00000000000,0x000000000,0x00000000,0x00000000,0,0,0000000000000000000000000000000000000000000000
933,0x00000000000,0x00000000000,0x000000000,0x00000000,0x00000000,0,0,0000000000000000000000000000000000000000000000
934,0x00000000000,0x00000000000,0x000000000,0x00000000,0x41615049,0,0,0000000000000000000000000000000000000416150490
935,0x00000000000,0x00000000000,0x000000000,0x00000000,0x00000000,0,0,0000000000000000000000000000000000000000000000
936,0x00000000000,0x0000003c3cf,0x000000000,0x00000000,0x00000000,0,0,00000000000000003c3cf0000000000000000000000000
937,0x00000000000,0x00000000000,0x000000000,0x00000000,0x00000000,0,0,0000000000000000000000000000000000000000000000
938,0x00000000000,0x00000000000,0x000000000,0x00000000,0x41e1d049,0,0,000000000000000000000000000000000000041e1d0490
939,0x00000000000,0x00000000000,0x000000000,0x00000000,0x00000000,0,0,0000000000000000000000000000000000000000000000
940,0x00000000000,0x0000003d3df,0x000000000,0x00000000,0x00000000,0,0,00000000000000003d3df0000000000000000000000000
941,0x00000000000,0x00000000000,0x000000000,0x00000000,0x00000000,0,0,0000000000000000000000000000000000000000000000
942,0x00000000000,0x00000000000,0x000000000,0x00000000,0x42625049,0,0,0000000000000000000000000000000000000426250490
943,0x00000000000,0x00000000000,0x000000000,0x00000000,0x00000000,0,0,0000000000000000000000000000000000000000000000
944,0x00000000000,0x0000003e3ef,0x000000000,0x00000000,0x00000000,0,0,00000000000000003e3ef0000000000000000000000000
945,0x00000000000,0x00000000000,0x000000000,0x00000000,0x00000000,0,0,0000000000000000000000000000000000000000000000
946,0x00000000000,0x00000000000,0x000000000,0x00000000,0x42e2d049,0,0,000000000000000000000000000000000000042e2d0490
947,0x00000000000,0x00000000000,0x000000000,0x00000000,0x00000000,0,0,0000000000000000000000000000000000000000000000
948,0x0000007c3c3,0x0000003f3ff,0x000000000,0x00000000,0x00000000,0,0,000001f0f0c000003f3ff0000000000000000000000000
949,0x0000007d3d3,0x00000000000,0x000000000,0x00000000,0x00000000,0,0,000001f4f4c00000000000000000000000000000000000
950,0x0000007e3e3,0x00000000000,0x000000000,0x00000000,0x00000000,0,0,000001f8f8c00000000000000000000000000000000000
951,0x0000007f3f3,0x00000000000,0x000000000,0x00000000,0x5e3e1041,0,0,000001fcfcc000000000000000000000000005e3e10410
952,0x00000000000,0x0000004000f,0x000000000,0x00000000,0x00000000,0,0,00000000000000004000f0000000000000000000000000
953,0x00000000000,0x00000000000,0x000000000,0x00000000,0x00000000,0,0,0000000000000000000000000000000000000000000000
954,0x00000000000,0x00000000000,0x000000000,0x00000000,0x00000000,0,0,0000000000000000000000000000000000000000000000
955,0x00000000000,0x00000000000,0x000000000,0x00000000,0x5ebe9041,0,0,00000000000000000000000000000000000005ebe90410
956,0x00000000000,0x0000004101f,0x000000000,0x00000000,0x00000000,0,0,00000000000000004101f0000000000000000000000000
957,0x00000000000,0x00000000000,0x000000000,0x00000000,0x00000000,0,0,0000000000000000000000000000000000000000000000
958,0x00000000000,0x00000000000,0x000000000,0x00000000,0x00000000,0,0,0000000000000000000000000000000000000000000000
959,0x00000000000,0x00000000000,0x000000000,0x00000000,0x5f3f1041,0,0,00000000000000000000000000000000000005f3f10410
960,0x00000000000,0x0000004202f,0x000000000,0x00000000,0x00000000,0,0,00000000000000004202f0000000000000000000000000
961,0x00000000000,0x00000000000,0x000000000,0x00000000,0x00000000,0,0,0000000000000000000000000000000000000000000000
962,0x00000000000,0x00000000000,0x000000000,0x00000000,0x00000000,0,0,0000000000000000000000000000000000000000000000
963,0x00000000000,0x00000000000,0x000000000,0x00000000,0x5fbf9041,0,0,00000000000000000000000000000000000005fbf90410
964,0x00000000000,0x0000004303f,0x000000000,0x00000000,0x00000000,0,0,00000000000000004303f0000000000000000000000000
965,0x00000000000,0x00000000000,0x000000000,0x00000000,0x00000000,0,0,0000000000000000000000000000000000000000000000
966,0x00000000000,0x00000000000,0x000000000,0x00000000,0x00000000,0,0,0000000000000000000000000000000000000000000000
967,0x00000000000,0x00000000000,0x000000000,0x00000000,0x00000000,0,0,0000000000000000000000000000000000000000000000
968,0x00000000000,0x0000004404f,0x000000000,0x00000000,0x00000000,0,0,00000000000000004404f0000000000000000000000000
969,0x00000000000,0x00000000000,0x000000000,0x00000000,0x00000000,0,0,0000000000000000000000000000000000000000000000
970,0x00000000000,0x00000000000,0x000000000,0x00000000,0x00000000,0,0,0000000000000000000000000000000000000000000000
971,0x00000000000,0x00000000000,0x000000000,0x00000000,0x00000000,0,0,0000000000000000000000000000000000000000000000
972,0x00000000000,0x0000004505f,0x000000000,0x00000000,0x00000000,0,0,00000000000000004505f0000000000000000000000000
973,0x00000000000,0x00000000000,0x000000000,0x00000000,0x00000000,0,0,0000000000000000000000000000000000000000000000
974,0x00000000000,0x00000000000,0x000000000,0x00000000,0x00000000,0,0,0000000000000000000000000000000000000000000000
975,0x00000000000,0x00000000000,0x000000000,0x00000000,0x00000000,0,0,0000000000000000000000000000000000000000000000
976,0x00000000000,0x00000000000,0x000000000,0x00000000,0x00000000,0,0,0000000000000000000000000000000000000000000000
977,0x00000000000,0x00000000000,0x000000000,0x00000000,0x00000000,0,0,0000000000000000000000000000000000000000000000
978,0x00000000000,0x00000000000,0x000000000,0x00000000,0x00000000,0,0,0000000000000000000000000000000000000000000000
979,0x00000000000,0x00000000000,0x000000000,0x00000000,0x00000000,0,0,0000000000000000000000000000000000000000000000
980,0x00000000000,0x00000000000,0x000000000,0x00000000,0x00000000,0,0,0000000000000000000000000000000000000000000000
981,0x00000000000,0x00000000000,0x000000000,0x00000000,0x00000000,0,0,0000000000000000000000000000000000000000000000
982,0x00000000000,0x00000000000,0x000000000,0x00000000,0x00000000,0,0,0000000000000000000000000000000000000000000000
983,0x00000000000,0x00000000000,0x000000000,0x00000000,0x00000000,0,0,0000000000000000000000000000000000000000000000
984,0x00000000000,0x00000000000,0x0c340e322,0x00000000,0x00000000,0,0,00000000000000000000030d038c880000000000000000
985,0x00000000000,0x00000000000,0x0c3c0e3a2,0x00000000,0x00000000,0,0,00000000000000000000030f038e880000000000000000
986,0x00000000000,0x00000000000,0x0c440e422,0x00000000,0x00000000,0,0,0000000000000000000003110390880000000000000000
987,0x00000000000,0x00000000000,0x0c4c0e4a2,0x00000000,0x00000000,0,0,0000000000000000000003130392880000000000000000
988,0x00000000000,0x00000000000,0x0c540e522,0x00000000,0x00000000,0,0,0000000000000000000003150394880000000000000000
989,0x00000000000,0x00000000000,0x0c5c0e5a2,0x00000000,0x00000000,0,0,0000000000000000000003170396880000000000000000
990,0x00000000000,0x00000000000,0x0c640e622,0x00000000,0x00000000,0,0,0000000000000000000003190398880000000000000000
991,0x00000000000,0x00000000000,0x0c6c0e6a2,0x00000000,0x43635049,0,0,00000000000000000000031b039a880000000436350490
992,0x00000000000,0x00000000000,0x0c740e722,0x00000000,0x00000000,0,0,00000000000000000000031d039c880000000000000000
993,0x00000000000,0x00000000000,0x0c7c0e7a2,0x00000000,0x00000000,0,0,00000000000000000000031f039e880000000000000000
994,0x00000000000,0x00000000000,0x000000000,0x00000000,0x00000000,0,0,0000000000000000000000000000000000000000000000
995,0x00000000000,0x00000000000,0x000000000,0x00000000,0x43e3d049,0,0,000000000000000000000000000000000000043e3d0490
996,0x00000000000,0x00000000000,0x000000000,0x00000000,0x00000000,0,0,0000000000000000000000000000000000000000000000
997,0x00000000000,0x00000000000,0x000000000,0x00000000,0x00000000,0,0,0000000000000000000000000000000000000000000000
998,0x00000000000,0x00000000000,0x000000000,0x00000000,0x00000000,0,0,0000000000000000000000000000000000000000000000
999,0x00000000000,0x00000000000,0x000000000,0x00000000,0x44645049,0,0,0000000000000000000000000000000000000446450490
1000,0x00000000000,0x00000000000,0x000000000,0x00000000,0x00000000,0,0,0000000000000000000000000000000000000000000000
1001,0x00000000000,0x00000000000,0x000000000,0x00000000,0x00000000,0,0,0000000000000000000000000000000000000000000000
1002,0x00000000000,0x00000000000,0x000000000,0x00000000,0x00000000,0,0,0000000000000000000000000000000000000000000000
1003,0x00000000000,0x00000000000,0x000000000,0x00000000,0x44e4d049,0,0,000000000000000000000000000000000000044e4d0490
1004,0x00000000000,0x00000000000,0x000000000,0x00000000,0x00000000,0,0,0000000000000000000000000000000000000000000000
1005,0x00000000000,0x00000000000,0x000000000,0x00000000,0x00000000,0,0,0000000000000000000000000000000000000000000000
1006,0x00000000000,0x00000000000,0x000000000,0x00000000,0x00000000,0,0,0000000000000000000000000000000000000000000000
1007,0x00000000000,0x00000000000,0x000000000,0x00000000,0x45655049,0,0,0000000000000000000000000000000000000456550490
1008,0x00000000000,0x00000000000,0x000000000,0x00000000,0x00000000,0,0,0000000000000000000000000000000000000000000000
1009,0x00000000000,0x00000000000,0x000000000,0x00000000,0x00000000,0,0,0000000000000000000000000000000000000000000000
1010,0x00000000000,0x00000000000,0x000000000,0x00000000,0x00000000,0,0,0000000000000000000000000000000000000000000000
1011,0x00000000000,0x00000000000,0x000000000,0x00000000,0x45e5d049,0,0,000000000000000000000000000000000000045e5d0490
1012,0x00000000000,0x00000000000,0x000000000,0x00000000,0x00000000,0,0,0000000000000000000000000000000000000000000000
1013,0x00000000000,0x00000000000,0x000000000,0x00000000,0x00000000,0,0,0000000000000000000000000000000000000000000000
1014,0x00000000000,0x00000000000,0x000000000,0x00000000,0x00000000,0,0,0000000000000000000000000000000000000000000000
1015,0x00000000000,0x00000000000,0x000000000,0x00000000,0x46665049,0,0,0000000000000000000000000000000000000466650490
1016,0x00000000000,0x00000000000,0x000000000,0x00000000,0x00000000,0,0,0000000000000000000000000000000000000000000000
1017,0x00000000000,0x0000004606f,0x000000000,0x00000000,0x00000000,0,0,00000000000000004606f0000000000000000000000000
1018,0x00000000000,0x00000000000,0x000000000,0x00000000,0x00000000,0,0,0000000000000000000000000000000000000000000000
1019,0x00000000000,0x00000000000,0x000000000,0x00000000,0x46e6d049,0,0,000000000000000000000000000000000000046e6d0490
1020,0x00000000000,0x00000000000,0x000000000,0x00000000,0x00000000,0,0,0000000000000000000000000000000000000000000000
1021,0x00000000000,0x0000004707f,0x000000000,0x00000000,0x00000000,0,0,00000000000000004707f0000000000000000000000000
1022,0x00000000000,0x00000000000,0x000000000,0x00000000,0x00000000,0,0,0000000000000000000000000000000000000000000000
1023,0x00000000000,0x00000000000,0x000000000,0x00000000,0x47675049,0,0,0000000000000000000000000000000000000476750490
1024,0x00000000000,0x00000000000,0x000000000,0x00000000,0x00000000,0,0,0000000000000000000000000000000000000000000000
1025,0x00000000000,0x0000004808f,0x000000000,0x00000000,0x00000000,0,0,00000000000000004808f0000000000000000000000000
1026,0x00000000000,0x00000000000,0x000000000,0x00000000,0x00000000,0,0,0000000000000000000000000000000000000000000000
1027,0x00000000000,0x00000000000,0x000000000,0x00000000,0x47e7d049,0,0,000000000000000000000000000000000000047e7d0490
1028,0x00000000000,0x00000000000,0x000000000,0x00000000,0x00000000,0,0,0000000000000000000000000000000000000000000000
1029,0x00000000000,0x0000004909f,0x000000000,0x00000000,0x00000000,0,0,00000000000000004909f0000000000000000000000000
1030,0x00000000000,0x00000000000,0x000000000,0x00000000,0x00000000,0,0,0000000000000000000000000000000000000000000000
1031,0x00000000000,0x00000000000,0x000000000,0x00000000,0x00000000,0,0,0000000000000000000000000000000000000000000000
1032,0x00000000000,0x00000000000,0x000000000,0x00000000,0x00000000,0,0,0000000000000000000000000000000000000000000000
1033,0x00000000000,0x0000004a0af,0x000000000,0x00000000,0x00000000,0,0,00000000000000004a0af0000000000000000000000000
1034,0x00000000000,0x00000000000,0x000000000,0x00000000,0x00000000,0,0,0000000000000000000000000000000000000000000000
1035,0x00000000000,0x00000000000,0x000000000,0x00000000,0x00000000,0,0,0000000000000000000000000000000000000000000000
1036,0x00000000000,0x00000000000,0x000000000,0x00000000,0x00000000,0,0,0000000000000000000000000000000000000000000000
1037,0x00000000000,0x0000004b0bf,0x000000000,0x00000000,0x00000000,0,0,00000000000000004b0bf0000000000000000000000000
1038,0x00000000000,0x00000000000,0x000000000,0x00000000,0x00000000,0,0,0000000000000000000000000000000000000000000000
1039,0x00000000000,0x00000000000,0x000000000,0x00000000,0x00000000,0,0,0000000000000000000000000000000000000000000000
1040,0x00000000000,0x00000000000,0x000000000,0x00000000,0x00000000,0,0,0000000000000000000000000000000000000000000000
1041,0x00000000000,0x0000004c0cf,0x000000000,0x00000000,0x00000000,0,0,00000000000000004c0cf0000000000000000000000000
1042,0x00000000000,0x00000000000,0x000000000,0x00000000,0x00000000,0,0,0000000000000000000000000000000000000000000000
1043,0x00000000000,0x00000000000,0x0c840e822,0x00000000,0x00000000,0,0,00000000000000000000032103a0880000000000000000
1044,0x00000000000,0x00000000000,0x0c8c0e8a2,0x00000000,0x00000000,0,0,00000000000000000000032303a2880000000000000000
1045,0x00000000000,0x0000004d0df,0x0c940e922,0x00000000,0x00000000,0,0,00000000000000004d0df32503a4880000000000000000
1046,0x00000000000,0x00000000000,0x0c9c0e9a2,0x00000000,0x00000000,0,0,00000000000000000000032703a6880000000000000000
1047,0x00000000000,0x00000000000,0x0ca40ea22,0x00000000,0x00000000,0,0,00000000000000000000032903a8880000000000000000
1048,0x00000000000,0x00000000000,0x0cac0eaa2,0x00000000,0x00000000,0,0,00000000000000000000032b03aa880000000000000000
1049,0x00000000000,0x0000004e0ef,0x0cb40eb22,0x00000000,0x00000000,0,0,00000000000000004e0ef32d03ac880000000000000000
1050,0x00000000000,0x00000000000,0x0cbc0eba2,0x00000000,0x48685049,0,0,00000000000000000000032f03ae880000000486850490
1051,0x00000000000,0x00000000000,0x0cc40ec22,0x00000000,0x00000000,0,0,00000000000000000000033103b0880000000000000000
1052,0x00000000000,0x00000000000,0x0ccc0eca2,0x00000000,0x00000000,0,0,00000000000000000000033303b2880000000000000000
1053,0x00000000000,0x0000004f0ff,0x000000000,0x00000000,0x00000000,0,0,00000000000000004f0ff0000000000000000000000000
1054,0x00000000000,0x00000000000,0x000000000,0x00000000,0x48e8d049,0,0,000000000000000000000000000000000000048e8d0490
1055,0x00000000000,0x00000000000,0x000000000,0x00000000,0x00000000,0,0,0000000000000000000000000000000000000000000000
1056,0x00000000000,0x00000000000,0x000000000,0x00000000,0x00000000,0,0,0000000000000000000000000000000000000000000000
1057,0x00000000000,0x00000000000,0x000000000,0x00000000,0x00000000,0,0,0000000000000000000000000000000000000000000000
1058,0x00000000000,0x00000000000,0x000000000,0x00000000,0x49695049,0,0,0000000000000000000000000000000000000496950490
1059,0x00000000000,0x00000000000,0x000000000,0x00000000,0x00000000,0,0,0000000000000000000000000000000000000000000000
1060,0x00000000000,0x00000000000,0x000000000,0x00000000,0x00000000,0,0,0000000000000000000000000000000000000000000000
1061,0x00000000000,0x00000000000,0x000000000,0x00000000,0x00000000,0,0,0000000000000000000000000000000000000000000000
1062,0x00000000000,0x00000000000,0x000000000,0x00000000,0x49e9d049,0,0,000000000000000000000000000000000000049e9d0490
1063,0x00000000000,0x00000000000,0x000000000,0x00000000,0x00000000,0,0,0000000000000000000000000000000000000000000000
1064,0x00000000000,0x00000000000,0x000000000,0x00000000,0x00000000,0,0,0000000000000000000000000000000000000000000000
1065,0x00000000000,0x00000000000,0x000000000,0x00000000,0x00000000,0,0,0000000000000000000000000000000000000000000000
1066,0x00000000000,0x00000000000,0x000000000,0x00000000,0x4a6a5049,0,0,00000000000000000000000000000000000004a6a50490
1067,0x00000000000,0x00000000000,0x000000000,0x00000000,0x00000000,0,0,0000000000000000000000000000000000000000000000
1068,0x00000000000,0x00000000000,0x000000000,0x00000000,0x00000000,0,0,0000000000000000000000000000000000000000000000
1069,0x00000000000,0x00000000000,0x000000000,0x00000000,0x00000000,0,0,0000000000000000000000000000000000000000000000
1070,0x00000000000,0x00000000000,0x000000000,0x00000000,0x4aead049,0,0,00000000000000000000000000000000000004aead0490
1071,0x00000000000,0x00000000000,0x000000000,0x00000000,0x00000000,0,0,0000000000000000000000000000000000000000000000
1072,0x00000000000,0x00000000000,0x000000000,0x00000000,0x00000000,0,0,0000000000000000000000000000000000000000000000
1073,0x00000000000,0x00000000000,0x000000000,0x00000000,0x00000000,0,0,0000000000000000000000000000000000000000000000
1074,0x00000000000,0x00000000000,0x000000000,0x00000000,0x4b6b5049,0,0,00000000000000000000000000000000000004b6b50490
1075,0x00000000000,0x00000000000,0x000000000,0x00000000,0x00000000,0,0,0000000000000000000000000000000000000000000000
1076,0x00000000000,0x0000005010f,0x000000000,0x00000000,0x00000000,0,0,00000000000000005010f0000000000000000000000000
1077,0x00000000000,0x00000000000,0x000000000,0x00000000,0x00000000,0,0,0000000000000000000000000000000000000000000000
1078,0x00000000000,0x00000000000,0x000000000,0x00000000,0x4bebd049,0,0,00000000000000000000000000000000000004bebd0490
1079,0x00000000000,0x00000000000,0x000000000,0x00000000,0x00000000,0,0,0000000000000000000000000000000000000000000000
1080,0x00000000000,0x0000005111f,0x000000000,0x00000000,0x00000000,0,0,00000000000000005111f0000000000000000000000000
1081,0x00000000000,0x00000000000,0x000000000,0x00000000,0x00000000,0,0,0000000000000000000000000000000000000000000000
1082,0x00000000000,0x00000000000,0x000000000,0x00000000,0x4c6c5049,0,0,00000000000000000000000000000000000004c6c50490
1083,0x00000000000,0x00000000000,0x000000000,0x00000000,0x00000000,0,0,0000000000000000000000000000000000000000000000
1084,0x00000000000,0x0000005212f,0x000000000,0x00000000,0x00000000,0,0,00000000000000005212f0000000000000000000000000
1085,0x00000000000,0x00000000000,0x000000000,0x00000000,0x00000000,0,0,0000000000000000000000000000000000000000000000
1086,0x00000000000,0x00000000000,0x000000000,0x00000000,0x4cecd049,0,0,00000000000000000000000000000000000004cecd0490
1087,0x00000000000,0x00000000000,0x000000000,0x00000000,0x00000000,0,0,0000000000000000000000000000000000000000000000
1088,0x00000000000,0x0000005313f,0x000000000,0x00000000,0x00000000,0,0,00000000000000005313f0000000000000000000000000
1089,0x00000000000,0x00000000000,0x000000000,0x00000000,0x00000000,0,0,0000000000000000000000000000000000000000000000
1090,0x00000000000,0x00000000000,0x000000000,0x00000000,0x00000000,0,0,0000000000000000000000000000000000000000000000
1091,0x00000000000,0x00000000000,0x000000000,0x00000000,0x00000000,0,0,0000000000000000000000000000000000000000000000
1092,0x00000000000,0x0000005414f,0x000000000,0x00000000,0x00000000,0,0,00000000000000005414f0000000000000000000000000
1093,0x00000000000,0x00000000000,0x000000000,0x00000000,0x00000000,0,0,0000000000000000000000000000000000000000000000
1094,0x00000000000,0x00000000000,0x000000000,0x00000000,0x00000000,0,0,0000000000000000000000000000000000000000000000
1095,0x00000000000,0x00000000000,0x000000000,0x00000000,0x00000000,0,0,0000000000000000000000000000000000000000000000
1096,0x00000000000,0x0000005515f,0x000000000,0x00000000,0x00000000,0,0,00000000000000005515f0000000000000000000000000
1097,0x00000000000,0x00000000000,0x000000000,0x00000000,0x00000000,0,0,0000000000000000000000000000000000000000000000
1098,0x00000000000,0x00000000000,0x000000000,0x00000000,0x00000000,0,0,0000000000000000000000000000000000000000000000
1099,0x00000000000,0x00000000000,0x000000000,0x00000000,0x00000000,0,0,0000000000000000000000000000000000000000000000
1100,0x00000000000,0x0000005616f,0x000000000,0x00000000,0x00000000,0,0,00000000000000005616f0000000000000000000000000
1101,0x00000000000,0x00000000000,0x000000000,0x00000000,0x00000000,0,0,0000000000000000000000000000000000000000000000
1102,0x00000000000,0x00000000000,0x0cd40ed22,0x00000000,0x00000000,0,0,00000000000000000000033503b4880000000000000000
1103,0x00000000000,0x00000000000,0x0cdc0eda2,0x00000000,0x00000000,0,0,00000000000000000000033703b6880000000000000000
1104,0x00000000000,0x0000005717f,0x0ce40ee22,0x00000000,0x00000000,0,0,00000000000000005717f33903b8880000000000000000
1105,0x00000000000,0x00000000000,0x0cec0eea2,0x00000000,0x00000000,0,0,00000000000000000000033b03ba880000000000000000
1106,0x00000000000,0x00000000000,0x0cf40ef22,0x00000000,0x00000000,0,0,00000000000000000000033d03bc880000000000000000
1107,0x00000000000,0x00000000000,0x0cfc0efa2,0x00000000,0x00000000,0,0,00000000000000000000033f03be880000000000000000
1108,0x00000000000,0x0000005818f,0x0d040f022,0x00000000,0x00000000,0,0,00000000000000005818f34103c0880000000000000000
1109,0x00000000000,0x00000000000,0x0d0c0f0a2,0x00000000,0x4d6d5049,0,0,00000000000000000000034303c28800000004d6d50490
1110,0x00000000000,0x00000000000,0x0d140f122,0x00000000,0x00000000,0,0,00000000000000000000034503c4880000000000000000
1111,0x00000000000,0x00000000000,0x0d1c0f1a2,0x00000000,0x00000000,0,0,00000000000000000000034703c6880000000000000000
1112,0x00000000000,0x0000005919f,0x000000000,0x00000000,0x00000000,0,0,00000000000000005919f0000000000000000000000000
1113,0x00000000000,0x00000000000,0x000000000,0x00000000,0x4dedd049,0,0,00000000000000000000000000000000000004dedd0490
1114,0x00000000000,0x00000000000,0x000000000,0x00000000,0x00000000,0,0,0000000000000000000000000000000000000000000000
1115,0x00000000000,0x00000000000,0x000000000,0x00000000,0x00000000,0,0,0000000000000000000000000000000000000000000000
1116,0x00000000000,0x00000000000,0x000000000,0x00000000,0x00000000,0,0,0000000000000000000000000000000000000000000000
1117,0x00000000000,0x00000000000,0x000000000,0x00000000,0x4e6e5049,0,0,00000000000000000000000000000000000004e6e50490
1118,0x00000000000,0x00000000000,0x000000000,0x00000000,0x00000000,0,0,0000000000000000000000000000000000000000000000
1119,0x00000000000,0x00000000000,0x000000000,0x00000000,0x00000000,0,0,0000000000000000000000000000000000000000000000
1120,0x00000000000,0x00000000000,0x000000000,0x00000000,0x00000000,0,0,0000000000000000000000000000000000000000000000
1121,0x00000000000,0x00000000000,0x000000000,0x00000000,0x4eeed049,0,0,00000000000000000000000000000000000004eeed0490
1122,0x00000000000,0x00000000000,0x000000000,0x00000000,0x00000000,0,0,0000000000000000000000000000000000000000000000
1123,0x00000000000,0x00000000000,0x000000000,0x00000000,0x00000000,0,0,0000000000000000000000000000000000000000000000
1124,0x00000000000,0x00000000000,0x000000000,0x00000000,0x00000000,0,0,0000000000000000000000000000000000000000000000
1125,0x00000000000,0x00000000000,0x000000000,0x00000000,0x4f6f5049,0,0,00000000000000000000000000000000000004f6f50490
1126,0x00000000000,0x00000000000,0x000000000,0x00000000,0x00000000,0,0,0000000000000000000000000000000000000000000000
1127,0x00000000000,0x00000000000,0x000000000,0x00000000,0x00000000,0,0,0000000000000000000000000000000000000000000000
1128,0x00000000000,0x00000000000,0x000000000,0x00000000,0x00000000,0,0,0000000000000000000000000000000000000000000000
1129,0x00000000000,0x00000000000,0x000000000,0x00000000,0x4fefd049,0,0,00000000000000000000000000000000000004fefd0490
1130,0x00000000000,0x00000000000,0x000000000,0x00000000,0x00000000,0,0,0000000000000000000000000000000000000000000000
1131,0x00000000000,0x00000000000,0x000000000,0x00000000,0x00000000,0,0,0000000000000000000000000000000000000000000000
1132,0x00000000000,0x00000000000,0x000000000,0x00000000,0x00000000,0,0,0000000000000000000000000000000000000000000000
1133,0x00000000000,0x00000000000,0x000000000,0x00000000,0x50705049,0,0,0000000000000000000000000000000000000507050490
1134,0x00000000000,0x00000000000,0x000000000,0x00000000,0x00000000,0,0,0000000000000000000000000000000000000000000000
1135,0x00000000000,0x0000005a1af,0x000000000,0x00000000,0x00000000,0,0,00000000000000005a1af0000000000000000000000000
1136,0x00000000000,0x00000000000,0x000000000,0x00000000,0x00000000,0,0,0000000000000000000000000000000000000000000000
1137,0x00000000000,0x00000000000,0x000000000,0x00000000,0x50f0d049,0,0,000000000000000000000000000000000000050f0d0490
1138,0x00000000000,0x00000000000,0x000000000,0x00000000,0x00000000,0,0,0000000000000000000000000000000000000000000000
1139,0x00000000000,0x0000005b1bf,0x000000000,0x00000000,0x00000000,0,0,00000000000000005b1bf0000000000000000000000000
1140,0x00000000000,0x00000000000,0x000000000,0x00000000,0x00000000,0,0,0000000000000000000000000000000000000000000000
1141,0x00000000000,0x00000000000,0x000000000,0x00000000,0x51715049,0,0,0000000000000000000000000000000000000517150490
1142,0x00000000000,0x00000000000,0x000000000,0x00000000,0x00000000,0,0,0000000000000000000000000000000000000000000000
1143,0x00000000000,0x0000005c1cf,0x000000000,0x00000000,0x00000000,0,0,00000000000000005c1cf0000000000000000000000000
1144,0x00000000000,0x00000000000,0x000000000,0x00000000,0x00000000,0,0,0000000000000000000000000000000000000000000000
1145,0x00000000000,0x00000000000,0x000000000,0x00000000,0x51f1d049,0,0,000000000000000000000000000000000000051f1d0490
1146,0x00000000000,0x00000000000,0x000000000,0x00000000,0x00000000,0,0,0000000000000000000000000000000000000000000000
1147,0x00000000000,0x0000005d1df,0x000000000,0x00000000,0x00000000,0,0,00000000000000005d1df0000000000000000000000000
1148,0x00000000000,0x00000000000,0x000000000,0x00000000,0x00000000,0,0,0000000000000000000000000000000000000000000000
1149,0x00000000000,0x00000000000,0x000000000,0x00000000,0x00000000,0,0,0000000000000000000000000000000000000000000000
1150,0x00000000000,0x00000000000,0x000000000,0x00000000,0x00000000,0,0,0000000000000000000000000000000000000000000000
1151,0x00000000000,0x0000005e1ef,0x000000000,0x00000000,0x00000000,0,0,00000000000000005e1ef0000000000000000000000000
1152,0x00000000000,0x00000000000,0x000000000,0x00000000,0x00000000,0,0,0000000000000000000000000000000000000000000000
1153,0x00000000000,0x00000000000,0x000000000,0x00000000,0x00000000,0,0,0000000000000000000000000000000000000000000000
1154,0x00000000000,0x00000000000,0x000000000,0x00000000,0x00000000,0,0,0000000000000000000000000000000000000000000000
1155,0x00000000000,0x0000005f1ff,0x000000000,0x00000000,0x00000000,0,0,00000000000000005f1ff0000000000000000000000000
1156,0x00000000000,0x00000000000,0x000000000,0x00000000,0x00000000,0,0,0000000000000000000000000000000000000000000000
1157,0x00000000000,0x00000000000,0x000000000,0x00000000,0x00000000,0,0,0000000000000000000000000000000000000000000000
1158,0x00000000000,0x00000000000,0x000000000,0x00000000,0x00000000,0,0,0000000000000000000000000000000000000000000000
1159,0x00000000000,0x0000006020f,0x000000000,0x00000000,0x00000000,0,0,00000000000000006020f0000000000000000000000000
1160,0x00000000000,0x00000000000,0x000000000,0x00000000,0x00000000,0,0,0000000000000000000000000000000000000000000000
1161,0x00000000000,0x00000000000,0x0d240f222,0x00000000,0x00000000,0,0,00000000000000000000034903c8880000000000000000
1162,0x00000000000,0x00000000000,0x0d2c0f2a2,0x00000000,0x00000000,0,0,00000000000000000000034b03ca880000000000000000
1163,0x00000000000,0x0000006121f,0x0d340f322,0x00000000,0x00000000,0,0,00000000000000006121f34d03cc880000000000000000
1164,0x00000000000,0x00000000000,0x0d3c0f3a2,0x00000000,0x00000000,0,0,00000000000000000000034f03ce880000000000000000
1165,0x00000000000,0x00000000000,0x0d440f422,0x00000000,0x00000000,0,0,00000000000000000000035103d0880000000000000000
1166,0x00000000000,0x00000000000,0x0d4c0f4a2,0x00000000,0x00000000,0,0,00000000000000000000035303d2880000000000000000
1167,0x00000000000,0x0000006222f,0x0d540f522,0x00000000,0x00000000,0,0,00000000000000006222f35503d4880000000000000000
1168,0x00000000000,0x00000000000,0x0d5c0f5a2,0x00000000,0x52725049,0,0,00000000000000000000035703d6880000000527250490
1169,0x00000000000,0x00000000000,0x0d640f622,0x00000000,0x00000000,0,0,00000000000000000000035903d8880000000000000000
1170,0x00000000000,0x00000000000,0x0d6c0f6a2,0x00000000,0x00000000,0,0,00000000000000000000035b03da880000000000000000
1171,0x00000000000,0x0000006323f,0x000000000,0x00000000,0x00000000,0,0,00000000000000006323f0000000000000000000000000
1172,0x00000000000,0x00000000000,0x000000000,0x00000000,0x52f2d049,0,0,000000000000000000000000000000000000052f2d0490
1173,0x00000000000,0x00000000000,0x000000000,0x00000000,0x00000000,0,0,0000000000000000000000000000000000000000000000
1174,0x00000000000,0x00000000000,0x000000000,0x00000000,0x00000000,0,0,0000000000000000000000000000000000000000000000
1175,0x00000000000,0x00000000000,0x000000000,0x00000000,0x00000000,0,0,0000000000000000000000000000000000000000000000
1176,0x00000000000,0x00000000000,0x000000000,0x00000000,0x53735049,0,0,0000000000000000000000000000000000000537350490
1177,0x00000000000,0x00000000000,0x000000000,0x00000000,0x00000000,0,0,0000000000000000000000000000000000000000000000
1178,0x00000000000,0x00000000000,0x000000000,0x00000000,0x00000000,0,0,0000000000000000000000000000000000000000000000
1179,0x00000000000,0x00000000000,0x000000000,0x00000000,0x00000000,0,0,0000000000000000000000000000000000000000000000
1180,0x00000000000,0x00000000000,0x000000000,0x00000000,0x53f3d049,0,0,000000000000000000000000000000000000053f3d0490
1181,0x00000000000,0x00000000000,0x000000000,0x00000000,0x00000000,0,0,0000000000000000000000000000000000000000000000
1182,0x00000000000,0x00000000000,0x000000000,0x00000000,0x00000000,0,0,0000000000000000000000000000000000000000000000
1183,0x00000000000,0x00000000000,0x000000000,0x00000000,0x00000000,0,0,0000000000000000000000000000000000000000000000
1184,0x00000000000,0x00000000000,0x000000000,0x00000000,0x54745049,0,0,0000000000000000000000000000000000000547450490
1185,0x00000000000,0x00000000000,0x000000000,0x00000000,0x00000000,0,0,0000000000000000000000000000000000000000000000
1186,0x00000000000,0x00000000000,0x000000000,0x00000000,0x00000000,0,0,0000000000000000000000000000000000000000000000
1187,0x00000000000,0x00000000000,0x000000000,0x00000000,0x00000000,0,0,0000000000000000000000000000000000000000000000
1188,0x00000000000,0x00000000000,0x000000000,0x00000000,0x54f4d049,0,0,000000000000000000000000000000000000054f4d0490
1189,0x00000000000,0x00000000000,0x000000000,0x00000000,0x00000000,0,0,0000000000000000000000000000000000000000000000
1190,0x00000000000,0x00000000000,0x000000000,0x00000000,0x00000000,0,0,0000000000000000000000000000000000000000000000
1191,0x00000000000,0x00000000000,0x000000000,0x00000000,0x00000000,0,0,0000000000000000000000000000000000000000000000
1192,0x00000000000,0x00000000000,0x000000000,0x00000000,0x55755049,0,0,0000000000000000000000000000000000000557550490
1193,0x00000000000,0x00000000000,0x000000000,0x00000000,0x00000000,0,0,0000000000000000000000000000000000000000000000
1194,0x00000000000,0x0000006424f,0x000000000,0x00000000,0x00000000,0,0,00000000000000006424f0000000000000000000000000
1195,0x00000000000,0x00000000000,0x000000000,0x00000000,0x00000000,0,0,0000000000000000000000000000000000000000000000
1196,0x00000000000,0x00000000000,0x000000000,0x00000000,0x55f5d049,0,0,000000000000000000000000000000000000055f5d0490
1197,0x00000000000,0x00000000000,0x000000000,0x00000000,0x00000000,0,0,0000000000000000000000000000000000000000000000
1198,0x00000000000,0x0000006525f,0x000000000,0x00000000,0x00000000,0,0,00000000000000006525f0000000000000000000000000
1199,0x00000000000,0x00000000000,0x000000000,0x00000000,0x00000000,0,0,0000000000000000000000000000000000000000000000
1200,0x00000000000,0x00000000000,0x000000000,0x00000000,0x56765049,0,0,0000000000000000000000000000000000000567650490
1201,0x00000000000,0x00000000000,0x000000000,0x00000000,0x00000000,0,0,0000000000000000000000000000000000000000000000
1202,0x00000000000,0x0000006626f,0x000000000,0x00000000,0x00000000,0,0,00000000000000006626f0000000000000000000000000
1203,0x00000000000,0x00000000000,0x000000000,0x00000000,0x00000000,0,0,0000000000000000000000000000000000000000000000
1204,0x00000000000,0x00000000000,0x000000000,0x00000000,0x56f6d049,0,0,000000000000000000000000000000000000056f6d0490
1205,0x00000000000,0x00000000000,0x000000000,0x00000000,0x00000000,0,0,0000000000000000000000000000000000000000000000
1206,0x00000000000,0x0000006727f,0x000000000,0x00000000,0x00000000,0,0,00000000000000006727f0000000000000000000000000
1207,0x00000000000,0x00000000000,0x000000000,0x00000000,0x00000000,0,0,0000000000000000000000000000000000000000000000
1208,0x00000000000,0x00000000000,0x000000000,0x00000000,0x00000000,0,0,0000000000000000000000000000000000000000000000
1209,0x00000000000,0x00000000000,0x000000000,0x00000000,0x00000000,0,0,0000000000000000000000000000000000000000000000
1210,0x00000000000,0x0000006828f,0x000000000,0x00000000,0x00000000,0,0,00000000000000006828f0000000000000000000000000
1211,0x00000000000,0x00000000000,0x000000000,0x00000000,0x00000000,0,0,0000000000000000000000000000000000000000000000
1212,0x00000000000,0x00000000000,0x000000000,0x00000000,0x00000000,0,0,0000000000000000000000000000000000000000000000
1213,0x00000000000,0x00000000000,0x000000000,0x00000000,0x00000000,0,0,0000000000000000000000000000000000000000000000
1214,0x00000000000,0x0000006929f,0x000000000,0x00000000,0x00000000,0,0,00000000000000006929f0000000000000000000000000
1215,0x00000000000,0x00000000000,0x000000000,0x00000000,0x00000000,0,0,0000000000000000000000000000000000000000000000
1216,0x00000000000,0x00000000000,0x000000000,0x00000000,0x00000000,0,0,0000000000000000000000000000000000000000000000
1217,0x00000000000,0x00000000000,0x000000000,0x00000000,0x00000000,0,0,0000000000000000000000000000000000000000000000
1218,0x00000000000,0x0000006a2af,0x000000000,0x00000000,0x00000000,0,0,00000000000000006a2af0000000000000000000000000
1219,0x00000000000,0x00000000000,0x000000000,0x00000000,0x00000000,0,0,0000000000000000000000000000000000000000000000
1220,0x00000000000,0x00000000000,0x0d740f722,0x00000000,0x00000000,0,0,00000000000000000000035d03dc880000000000000000
1221,0x00000000000,0x00000000000,0x0d7c0f7a2,0x00000000,0x00000000,0,0,00000000000000000000035f03de880000000000000000
1222,0x00000000000,0x0000006b2bf,0x0d840f822,0x00000000,0x00000000,0,0,00000000000000006b2bf36103e0880000000000000000
1223,0x00000000000,0x00000000000,0x0d8c0f8a2,0x00000000,0x00000000,0,0,00000000000000000000036303e2880000000000000000
1224,0x00000000000,0x00000000000,0x0d940f922,0x00000000,0x00000000,0,0,00000000000000000000036503e4880000000000000000
1225,0x00000000000,0x00000000000,0x0d9c0f9a2,0x00000000,0x00000000,0,0,00000000000000000000036703e6880000000000000000
1226,0x00000000000,0x0000006c2cf,0x0da40fa22,0x00000000,0x00000000,0,0,00000000000000006c2cf36903e8880000000000000000
1227,0x00000000000,0x00000000000,0x0dac0faa2,0x00000000,0x57775049,0,0,00000000000000000000036b03ea880000000577750490
1228,0x00000000000,0x00000000000,0x0db40fb22,0x00000000,0x00000000,0,0,00000000000000000000036d03ec880000000000000000
1229,0x00000000000,0x00000000000,0x0dbc0fba2,0x00000000,0x00000000,0,0,00000000000000000000036f03ee880000000000000000
1230,0x00000000000,0x0000006d2df,0x000000000,0x00000000,0x00000000,0,0,00000000000000006d2df0000000000000000000000000
1231,0x00000000000,0x00000000000,0x000000000,0x00000000,0x57f7d049,0,0,000000000000000000000000000000000000057f7d0490
1232,0x00000000000,0x00000000000,0x000000000,0x00000000,0x00000000,0,0,0000000000000000000000000000000000000000000000
1233,0x00000000000,0x00000000000,0x000000000,0x00000000,0x00000000,0,0,0000000000000000000000000000000000000000000000
1234,0x00000000000,0x00000000000,0x000000000,0x00000000,0x00000000,0,0,0000000000000000000000000000000000000000000000
1235,0x00000000000,0x00000000000,0x000000000,0x00000000,0x58785049,0,0,0000000000000000000000000000000000000587850490
1236,0x00000000000,0x00000000000,0x000000000,0x00000000,0x00000000,0,0,0000000000000000000000000000000000000000000000
1237,0x00000000000,0x00000000000,0x000000000,0x00000000,0x00000000,0,0,0000000000000000000000000000000000000000000000
1238,0x00000000000,0x00000000000,0x000000000,0x00000000,0x00000000,0,0,0000000000000000000000000000000000000000000000
1239,0x00000000000,0x00000000000,0x000000000,0x00000000,0x58f8d049,0,0,000000000000000000000000000000000000058f8d0490
1240,0x00000000000,0x00000000000,0x000000000,0x00000000,0x00000000,0,0,0000000000000000000000000000000000000000000000
1241,0x00000000000,0x00000000000,0x000000000,0x00000000,0x00000000,0,0,0000000000000000000000000000000000000000000000
1242,0x00000000000,0x00000000000,0x000000000,0x00000000,0x00000000,0,0,0000000000000000000000000000000000000000000000
1243,0x00000000000,0x00000000000,0x000000000,0x00000000,0x59795049,0,0,0000000000000000000000000000000000000597950490
1244,0x00000000000,0x00000000000,0x000000000,0x00000000,0x00000000,0,0,0000000000000000000000000000000000000000000000
1245,0x00000000000,0x00000000000,0x000000000,0x00000000,0x00000000,0,0,0000000000000000000000000000000000000000000000
1246,0x00000000000,0x00000000000,0x000000000,0x00000000,0x00000000,0,0,0000000000000000000000000000000000000000000000
1247,0x00000000000,0x00000000000,0x000000000,0x00000000,0x59f9d049,0,0,000000000000000000000000000000000000059f9d0490
1248,0x00000000000,0x00000000000,0x000000000,0x00000000,0x00000000,0,0,0000000000000000000000000000000000000000000000
1249,0x00000000000,0x00000000000,0x000000000,0x00000000,0x00000000,0,0,0000000000000000000000000000000000000000000000
1250,0x00000000000,0x00000000000,0x000000000,0x00000000,0x00000000,0,0,0000000000000000000000000000000000000000000000
1251,0x00000000000,0x00000000000,0x000000000,0x00000000,0x5a7a5049,0,0,00000000000000000000000000000000000005a7a50490
1252,0x00000000000,0x00000000000,0x000000000,0x00000000,0x00000000,0,0,0000000000000000000000000000000000000000000000
1253,0x00000000000,0x0000006e2ef,0x000000000,0x00000000,0x00000000,0,0,00000000000000006e2ef0000000000000000000000000
1254,0x00000000000,0x00000000000,0x000000000,0x00000000,0x00000000,0,0,0000000000000000000000000000000000000000000000
1255,0x00000000000,0x00000000000,0x000000000,0x00000000,0x5afad049,0,0,00000000000000000000000000000000000005afad0490
1256,0x00000000000,0x00000000000,0x000000000,0x00000000,0x00000000,0,0,0000000000000000000000000000000000000000000000
1257,0x00000000000,0x0000006f2ff,0x000000000,0x00000000,0x00000000,0,0,00000000000000006f2ff0000000000000000000000000
1258,0x00000000000,0x00000000000,0x000000000,0x00000000,0x00000000,0,0,0000000000000000000000000000000000000000000000
1259,0x00000000000,0x00000000000,0x000000000,0x00000000,0x5b7b5049,0,0,00000000000000000000000000000000000005b7b50490
1260,0x00000000000,0x00000000000,0x000000000,0x00000000,0x00000000,0,0,0000000000000000000000000000000000000000000000
1261,0x00000000000,0x0000007030f,0x000000000,0x00000000,0x00000000,0,0,00000000000000007030f0000000000000000000000000
1262,0x00000000000,0x00000000000,0x000000000,0x00000000,0x00000000,0,0,0000000000000000000000000000000000000000000000
1263,0x00000000000,0x00000000000,0x000000000,0x00000000,0x5bfbd049,0,0,00000000000000000000000000000000000005bfbd0490
1264,0x00000000000,0x00000000000,0x000000000,0x00000000,0x00000000,0,0,0000000000000000000000000000000000000000000000
1265,0x00000000000,0x0000007131f,0x000000000,0x00000000,0x00000000,0,0,00000000000000007131f0000000000000000000000000
1266,0x00000000000,0x00000000000,0x000000000,0x00000000,0x00000000,0,0,0000000000000000000000000000000000000000000000
1267,0x00000000000,0x00000000000,0x000000000,0x00000000,0x00000000,0,0,0000000000000000000000000000000000000000000000
1268,0x00000000000,0x00000000000,0x000000000,0x00000000,0x00000000,0,0,0000000000000000000000000000000000000000000000
1269,0x00000000000,0x0000007232f,0x000000000,0x00000000,0x00000000,0,0,00000000000000007232f0000000000000000000000000
1270,0x00000000000,0x00000000000,0x000000000,0x00000000,0x00000000,0,0,0000000000000000000000000000000000000000000000
1271,0x00000000000,0x00000000000,0x000000000,0x00000000,0x00000000,0,0,0000000000000000000000000000000000000000000000
1272,0x00000000000,0x00000000000,0x000000000,0x00000000,0x00000000,0,0,0000000000000000000000000000000000000000000000
1273,0x00000000000,0x0000007333f,0x000000000,0x00000000,0x00000000,0,0,00000000000000007333f0000000000000000000000000
1274,0x00000000000,0x00000000000,0x000000000,0x00000000,0x00000000,0,0,0000000000000000000000000000000000000000000000
1275,0x00000000000,0x00000000000,0x000000000,0x00000000,0x00000000,0,0,0000000000000000000000000000000000000000000000
1276,0x00000000000,0x00000000000,0x000000000,0x00000000,0x00000000,0,0,0000000000000000000000000000000000000000000000
1277,0x00000000000,0x0000007434f,0x000000000,0x00000000,0x00000000,0,0,00000000000000007434f0000000000000000000000000
1278,0x00000000000,0x00000000000,0x000000000,0x00000000,0x00000000,0,0,0000000000000000000000000000000000000000000000
1279,0x00000000000,0x00000000000,0x0dc40fc22,0x00000000,0x00000000,0,0,00000000000000000000037103f0880000000000000000
1280,0x00000000000,0x00000000000,0x0dcc0fca2,0x00000000,0x00000000,0,0,00000000000000000000037303f2880000000000000000
1281,0x00000000000,0x0000007535f,0x0dd40fd22,0x00000000,0x00000000,0,0,00000000000000007535f37503f4880000000000000000
1282,0x00000000000,0x00000000000,0x0ddc0fda2,0x00000000,0x00000000,0,0,00000000000000000000037703f6880000000000000000
1283,0x00000000000,0x00000000000,0x0de40fe22,0x00000000,0x00000000,0,0,00000000000000000000037903f8880000000000000000
1284,0x00000000000,0x00000000000,0x0dec0fea2,0x00000000,0x00000000,0,0,00000000000000000000037b03fa880000000000000000
1285,0x00000000000,0x0000007636f,0x0df40ff22,0x00000000,0x00000000,0,0,00000000000000007636f37d03fc880000000000000000
1286,0x00000000000,0x00000000000,0x0dfc0ffa2,0x00000000,0x5c7c5049,0,0,00000000000000000000037f03fe8800000005c7c50490
1287,0x00000000000,0x00000000000,0x000000000,0x00000000,0x00000000,0,0,0000000000000000000000000000000000000000000000
1288,0x00000000000,0x00000000000,0x000000000,0x00000000,0x00000000,0,0,0000000000000000000000000000000000000000000000
1289,0x00000000000,0x0000007737f,0x000000000,0x00000000,0x00000000,0,0,00000000000000007737f0000000000000000000000000
1290,0x00000000000,0x00000000000,0x000000000,0x00000000,0x5cfcd049,0,0,00000000000000000000000000000000000005cfcd0490
1291,0x00000000000,0x00000000000,0x000000000,0x00000000,0x00000000,0,0,0000000000000000000000000000000000000000000000
1292,0x00000000000,0x00000000000,0x000000000,0x00000000,0x00000000,0,0,0000000000000000000000000000000000000000000000
1293,0x00000000000,0x00000000000,0x000000000,0x00000000,0x00000000,0,0,0000000000000000000000000000000000000000000000
1294,0x00000000000,0x00000000000,0x000000000,0x00000000,0x5d7d5049,0,0,00000000000000000000000000000000000005d7d50490
1295,0x00000000000,0x00000000000,0x000000000,0x00000000,0x00000000,0,0,0000000000000000000000000000000000000000000000
1296,0x00000000000,0x00000000000,0x000000000,0x00000000,0x00000000,0,0,0000000000000000000000000000000000000000000000
1297,0x00000000000,0x00000000000,0x000000000,0x00000000,0x00000000,0,0,0000000000000000000000000000000000000000000000
1298,0x00000000000,0x00000000000,0x000000000,0x00000000,0x5dfdd049,0,0,00000000000000000000000000000000000005dfdd0490
1299,0x00000000000,0x00000000000,0x000000000,0x00000000,0x00000000,0,0,0000000000000000000000000000000000000000000000
1300,0x00000000000,0x00000000000,0x000000000,0x00000000,0x00000000,0,0,0000000000000000000000000000000000000000000000
1301,0x00000000000,0x00000000000,0x000000000,0x00000000,0x00000000,0,0,0000000000000000000000000000000000000000000000
1302,0x00000000000,0x00000000000,0x000000000,0x00000000,0x5e7e5049,0,0,00000000000000000000000000000000000005e7e50490
1303,0x00000000000,0x00000000000,0x000000000,0x00000000,0x00000000,0,0,0000000000000000000000000000000000000000000000
1304,0x00000000000,0x00000000000,0x000000000,0x00000000,0x00000000,0,0,0000000000000000000000000000000000000000000000
1305,0x00000000000,0x00000000000,0x000000000,0x00000000,0x00000000,0,0,0000000000000000000000000000000000000000000000
1306,0x00000000000,0x00000000000,0x000000000,0x00000000,0x5efed049,0,0,00000000000000000000000000000000000005efed0490
1307,0x00000000000,0x00000000000,0x000000000,0x00000000,0x00000000,0,0,0000000000000000000000000000000000000000000000
1308,0x00000000000,0x00000000000,0x000000000,0x00000000,0x00000000,0,0,0000000000000000000000000000000000000000000000
1309,0x00000000000,0x00000000000,0x000000000,0x00000000,0x00000000,0,0,0000000000000000000000000000000000000000000000
1310,0x00000000000,0x00000000000,0x000000000,0x00000000,0x5f7f5049,0,0,00000000000000000000000000000000000005f7f50490
1311,0x00000000000,0x00000000000,0x000000000,0x00000000,0x00000000,0,0,0000000000000000000000000000000000000000000000
1312,0x00000000000,0x0000007838f,0x000000000,0x00000000,0x00000000,0,0,00000000000000007838f0000000000000000000000000
1313,0x00000000000,0x00000000000,0x000000000,0x00000000,0x00000000,0,0,0000000000000000000000000000000000000000000000
1314,0x00000000000,0x00000000000,0x000000000,0x00000000,0x5fffd049,0,0,00000000000000000000000000000000000005fffd0490
1315,0x00000000000,0x00000000000,0x000000000,0x00000000,0x00000000,0,0,0000000000000000000000000000000000000000000000
1316,0x00000000000,0x0000007939f,0x000000000,0x00000000,0x00000000,0,0,00000000000000007939f0000000000000000000000000
1317,0x00000000000,0x00000000000,0x000000000,0x00000000,0x00000000,0,0,0000000000000000000000000000000000000000000000
1318,0x00000000000,0x00000000000,0x000000000,0x00000000,0x00000000,0,0,0000000000000000000000000000000000000000000000
1319,0x00000000000,0x00000000000,0x000000000,0x00000000,0x00000000,0,0,0000000000000000000000000000000000000000000000
1320,0x00000000000,0x0000007a3af,0x000000000,0x00000000,0x00000000,0,0,00000000000000007a3af0000000000000000000000000
1321,0x00000000000,0x00000000000,0x000000000,0x00000000,0x00000000,0,0,0000000000000000000000000000000000000000000000
1322,0x00000000000,0x00000000000,0x000000000,0x00000000,0x00000000,0,0,0000000000000000000000000000000000000000000000
1323,0x00000000000,0x00000000000,0x000000000,0x00000000,0x00000000,0,0,0000000000000000000000000000000000000000000000
1324,0x00000000000,0x0000007b3bf,0x000000000,0x00000000,0x00000000,0,0,00000000000000007b3bf0000000000000000000000000
1325,0x00000000000,0x00000000000,0x000000000,0x00000000,0x00000000,0,0,0000000000000000000000000000000000000000000000
1326,0x00000000000,0x00000000000,0x000000000,0x00000000,0x00000000,0,0,0000000000000000000000000000000000000000000000
1327,0x00000000000,0x00000000000,0x000000000,0x00000000,0x00000000,0,0,0000000000000000000000000000000000000000000000
1328,0x00000000000,0x0000007c3cf,0x000000000,0x00000000,0x00000000,0,0,00000000000000007c3cf0000000000000000000000000
1329,0x00000000000,0x00000000000,0x000000000,0x00000000,0x00000000,0,0,0000000000000000000000000000000000000000000000
1330,0x00000000000,0x00000000000,0x000000000,0x00000000,0x00000000,0,0,0000000000000000000000000000000000000000000000
1331,0x00000000000,0x00000000000,0x000000000,0x00000000,0x00000000,0,0,0000000000000000000000000000000000000000000000
1332,0x00000000000,0x0000007d3df,0x000000000,0x00000000,0x00000000,0,0,00000000000000007d3df0000000000000000000000000
1333,0x00000000000,0x00000000000,0x000000000,0x00000000,0x00000000,0,0,0000000000000000000000000000000000000000000000
1334,0x00000000000,0x00000000000,0x000000000,0x00000000,0x00000000,0,0,0000000000000000000000000000000000000000000000
1335,0x00000000000,0x00000000000,0x000000000,0x00000000,0x00000000,0,0,0000000000000000000000000000000000000000000000
1336,0x00000000000,0x0000007e3ef,0x000000000,0x00000000,0x00000000,0,0,00000000000000007e3ef0000000000000000000000000
1337,0x00000000000,0x00000000000,0x000000000,0x00000000,0x00000000,0,0,0000000000000000000000000000000000000000000000
1338,0x00000000000,0x00000000000,0x000000000,0x00000000,0x00000000,0,0,0000000000000000000000000000000000000000000000
1339,0x00000000000,0x00000000000,0x000000000,0x00000000,0x00000000,0,0,0000000000000000000000000000000000000000000000
1340,0x00000000000,0x0000007f3ff,0x000000000,0x00000000,0x00000000,0,0,00000000000000007f3ff0000000000000000000000000
1341,0x00000000000,0x00000000000,0x000000000,0x00000000,0x00000000,0,1,0000000000000000000000000000000000000000000001
