Node,Operation,src0,src1,Layer,Vector ID,Segment ID,Group ID,Vector Len,Type,Children,Wait_to_load,mask,GPR Addr,Mem Addr,importance
0,root,,,0,,,-1,0,None,"1, 3, 5, 7, 30, 32, 34, 36, 59, 61, 63, 65, 88, 90, 92, 94, 117, 119, 121, 123, 146, 148, 150, 152, 175, 177, 179, 181, 204, 206, 208, 210, 233, 235, 237, 239, 262, 264, 266, 268, 291, 293, 295, 297, 320, 322, 324, 326, 349, 351, 353, 355, 378, 380, 382, 384, 407, 409, 411, 413, 436, 438, 440, 442, 465, 467, 469, 471, 494, 496, 498, 500, 523, 525, 527, 529, 552, 554, 556, 558, 581, 583, 585, 587, 610, 612, 614, 616, 639, 641, 643, 645, 668, 670, 672, 674, 697, 699, 701, 703, 726, 728, 730, 732, 755, 757, 759, 761, 784, 786, 788, 790, 813, 815, 817, 819, 842, 844, 846, 848, 871, 873, 875, 877, 900, 902, 904, 906, 929, 931, 933, 935, 958, 960, 962, 964, 987, 989, 991, 993, 1016, 1018, 1020, 1022, 1045, 1047, 1049, 1051, 1074, 1076, 1078, 1080, 1103, 1105, 1107, 1109, 1132, 1134, 1136, 1138, 1161, 1163, 1165, 1167, 1190, 1192, 1194, 1196, 1219, 1221, 1223, 1225, 1248, 1250, 1252, 1254, 1277, 1279, 1281, 1283, 1306, 1308, 1310, 1312, 1335, 1337, 1339, 1341, 1364, 1366, 1368, 1370, 1393, 1395, 1397, 1399, 1422, 1424, 1426, 1428, 1451, 1453, 1455, 1457, 1480, 1482, 1484, 1486, 1509, 1511, 1513, 1515, 1538, 1540, 1542, 1544, 1567, 1569, 1571, 1573, 1596, 1598, 1600, 1602, 1625, 1627, 1629, 1631, 1654, 1656, 1658, 1660, 1683, 1685, 1687, 1689, 1712, 1714, 1716, 1718, 1741, 1743, 1745, 1747, 1770, 1772, 1774, 1776, 1799, 1801, 1803, 1805, 1828, 1830, 1832, 1834",False,0,,,0
1,load,0,,1,0.0,0,0,256,Vector,"2, 12",True,0,0,0,-1
2,reduce_max,1,,2,0.0,0,0,1,Scalar,9,False,0,0,,-2
3,load,1,,1,0.0,1,0,256,Vector,"4, 15",True,0,1,1,-3
4,reduce_max,3,,2,0.0,1,0,1,Scalar,9,False,0,1,,-4
5,load,2,,1,0.0,2,0,256,Vector,"6, 18",True,0,2,2,-5
6,reduce_max,5,,2,0.0,2,0,1,Scalar,10,False,0,2,,-6
7,load,3,,1,0.0,3,0,256,Vector,"8, 21",True,0,3,3,-7
8,reduce_max,7,,2,0.0,3,0,1,Scalar,10,False,0,3,,-8
9,max,2,4,3,0.0,,0,1,Scalar,11,False,0,4,,-9
10,max,6,8,3,0.0,,0,1,Scalar,11,False,0,5,,-10
11,max,9,10,4,0.0,,0,1,Scalar,"12, 15, 18, 21, 28",False,0,6,,-11
12,sub,1,11,5,0.0,0,0,256,Vector,13,False,0,4,,-12
13,exp,12,,6,0.0,0,0,256,Vector,14,False,0,5,,-13
14,reduce_sum,13,,7,0.0,0,0,1,Scalar,24,False,0,7,,-14
15,sub,3,11,5,0.0,1,0,256,Vector,16,False,0,6,,-15
16,exp,15,,6,0.0,1,0,256,Vector,17,False,0,7,,-16
17,reduce_sum,16,,7,0.0,1,0,1,Scalar,24,False,0,8,,-17
18,sub,5,11,5,0.0,2,0,256,Vector,19,False,0,8,,-18
19,exp,18,,6,0.0,2,0,256,Vector,20,False,0,9,,-19
20,reduce_sum,19,,7,0.0,2,0,1,Scalar,25,False,0,9,,-20
21,sub,7,11,5,0.0,3,0,256,Vector,22,False,0,10,,-21
22,exp,21,,6,0.0,3,0,256,Vector,23,False,0,11,,-22
23,reduce_sum,22,,7,0.0,3,0,1,Scalar,25,False,0,10,,-23
24,add,14,17,8,0.0,,0,1,Scalar,26,False,0,11,,-24
25,add,20,23,8,0.0,,0,1,Scalar,26,False,0,12,,-25
26,add,24,25,9,0.0,,0,1,Scalar,27,False,0,13,,-26
27,ln,26,,10,0.0,,0,1,Scalar,28,False,0,14,,-27
28,add,11,27,11,0.0,,0,1,Scalar,29,False,0,15,,-28
29,store,28,0,12,0.0,,0,1,Scalar,,False,0,,0,-29
30,load,4,,1,1.0,0,1,256,Vector,"31, 41",True,0,12,4,-30
31,reduce_max,30,,2,1.0,0,1,1,Scalar,38,False,0,16,,-31
32,load,5,,1,1.0,1,1,256,Vector,"33, 44",True,0,13,5,-32
33,reduce_max,32,,2,1.0,1,1,1,Scalar,38,False,0,17,,-33
34,load,6,,1,1.0,2,1,256,Vector,"35, 47",True,0,14,6,-34
35,reduce_max,34,,2,1.0,2,1,1,Scalar,39,False,0,18,,-35
36,load,7,,1,1.0,3,1,256,Vector,"37, 50",True,0,15,7,-36
37,reduce_max,36,,2,1.0,3,1,1,Scalar,39,False,0,19,,-37
38,max,31,33,3,1.0,,1,1,Scalar,40,False,0,20,,-38
39,max,35,37,3,1.0,,1,1,Scalar,40,False,0,21,,-39
40,max,38,39,4,1.0,,1,1,Scalar,"41, 44, 47, 50, 57",False,0,22,,-40
41,sub,30,40,5,1.0,0,1,256,Vector,42,False,0,16,,-41
42,exp,41,,6,1.0,0,1,256,Vector,43,False,0,17,,-42
43,reduce_sum,42,,7,1.0,0,1,1,Scalar,53,False,0,23,,-43
44,sub,32,40,5,1.0,1,1,256,Vector,45,False,0,18,,-44
45,exp,44,,6,1.0,1,1,256,Vector,46,False,0,19,,-45
46,reduce_sum,45,,7,1.0,1,1,1,Scalar,53,False,0,24,,-46
47,sub,34,40,5,1.0,2,1,256,Vector,48,False,0,20,,-47
48,exp,47,,6,1.0,2,1,256,Vector,49,False,0,21,,-48
49,reduce_sum,48,,7,1.0,2,1,1,Scalar,54,False,0,25,,-49
50,sub,36,40,5,1.0,3,1,256,Vector,51,False,0,22,,-50
51,exp,50,,6,1.0,3,1,256,Vector,52,False,0,23,,-51
52,reduce_sum,51,,7,1.0,3,1,1,Scalar,54,False,0,26,,-52
53,add,43,46,8,1.0,,1,1,Scalar,55,False,0,27,,-53
54,add,49,52,8,1.0,,1,1,Scalar,55,False,0,28,,-54
55,add,53,54,9,1.0,,1,1,Scalar,56,False,0,29,,-55
56,ln,55,,10,1.0,,1,1,Scalar,57,False,0,30,,-56
57,add,40,56,11,1.0,,1,1,Scalar,58,False,0,31,,-57
58,store,57,1,12,1.0,,1,1,Scalar,,False,0,,1,-58
59,load,8,,1,2.0,0,2,256,Vector,"60, 70",True,0,24,8,-59
60,reduce_max,59,,2,2.0,0,2,1,Scalar,67,False,0,32,,-60
61,load,9,,1,2.0,1,2,256,Vector,"62, 73",True,0,25,9,-61
62,reduce_max,61,,2,2.0,1,2,1,Scalar,67,False,0,33,,-62
63,load,10,,1,2.0,2,2,256,Vector,"64, 76",True,0,26,10,-63
64,reduce_max,63,,2,2.0,2,2,1,Scalar,68,False,0,34,,-64
65,load,11,,1,2.0,3,2,256,Vector,"66, 79",True,0,27,11,-65
66,reduce_max,65,,2,2.0,3,2,1,Scalar,68,False,0,35,,-66
67,max,60,62,3,2.0,,2,1,Scalar,69,False,0,36,,-67
68,max,64,66,3,2.0,,2,1,Scalar,69,False,0,37,,-68
69,max,67,68,4,2.0,,2,1,Scalar,"70, 73, 76, 79, 86",False,0,38,,-69
70,sub,59,69,5,2.0,0,2,256,Vector,71,False,0,28,,-70
71,exp,70,,6,2.0,0,2,256,Vector,72,False,0,29,,-71
72,reduce_sum,71,,7,2.0,0,2,1,Scalar,82,False,0,39,,-72
73,sub,61,69,5,2.0,1,2,256,Vector,74,False,0,30,,-73
74,exp,73,,6,2.0,1,2,256,Vector,75,False,0,31,,-74
75,reduce_sum,74,,7,2.0,1,2,1,Scalar,82,False,0,40,,-75
76,sub,63,69,5,2.0,2,2,256,Vector,77,False,0,32,,-76
77,exp,76,,6,2.0,2,2,256,Vector,78,False,0,33,,-77
78,reduce_sum,77,,7,2.0,2,2,1,Scalar,83,False,0,41,,-78
79,sub,65,69,5,2.0,3,2,256,Vector,80,False,0,34,,-79
80,exp,79,,6,2.0,3,2,256,Vector,81,False,0,35,,-80
81,reduce_sum,80,,7,2.0,3,2,1,Scalar,83,False,0,42,,-81
82,add,72,75,8,2.0,,2,1,Scalar,84,False,0,43,,-82
83,add,78,81,8,2.0,,2,1,Scalar,84,False,0,44,,-83
84,add,82,83,9,2.0,,2,1,Scalar,85,False,0,45,,-84
85,ln,84,,10,2.0,,2,1,Scalar,86,False,0,46,,-85
86,add,69,85,11,2.0,,2,1,Scalar,87,False,0,47,,-86
87,store,86,2,12,2.0,,2,1,Scalar,,False,0,,2,-87
88,load,12,,1,3.0,0,3,256,Vector,"89, 99",True,0,36,12,-88
89,reduce_max,88,,2,3.0,0,3,1,Scalar,96,False,0,48,,-89
90,load,13,,1,3.0,1,3,256,Vector,"91, 102",True,0,37,13,-90
91,reduce_max,90,,2,3.0,1,3,1,Scalar,96,False,0,49,,-91
92,load,14,,1,3.0,2,3,256,Vector,"93, 105",True,0,38,14,-92
93,reduce_max,92,,2,3.0,2,3,1,Scalar,97,False,0,50,,-93
94,load,15,,1,3.0,3,3,256,Vector,"95, 108",True,0,39,15,-94
95,reduce_max,94,,2,3.0,3,3,1,Scalar,97,False,0,51,,-95
96,max,89,91,3,3.0,,3,1,Scalar,98,False,0,52,,-96
97,max,93,95,3,3.0,,3,1,Scalar,98,False,0,53,,-97
98,max,96,97,4,3.0,,3,1,Scalar,"99, 102, 105, 108, 115",False,0,54,,-98
99,sub,88,98,5,3.0,0,3,256,Vector,100,False,0,40,,-99
100,exp,99,,6,3.0,0,3,256,Vector,101,False,0,41,,-100
101,reduce_sum,100,,7,3.0,0,3,1,Scalar,111,False,0,55,,-101
102,sub,90,98,5,3.0,1,3,256,Vector,103,False,0,42,,-102
103,exp,102,,6,3.0,1,3,256,Vector,104,False,0,43,,-103
104,reduce_sum,103,,7,3.0,1,3,1,Scalar,111,False,0,56,,-104
105,sub,92,98,5,3.0,2,3,256,Vector,106,False,0,44,,-105
106,exp,105,,6,3.0,2,3,256,Vector,107,False,0,45,,-106
107,reduce_sum,106,,7,3.0,2,3,1,Scalar,112,False,0,57,,-107
108,sub,94,98,5,3.0,3,3,256,Vector,109,False,0,46,,-108
109,exp,108,,6,3.0,3,3,256,Vector,110,False,0,47,,-109
110,reduce_sum,109,,7,3.0,3,3,1,Scalar,112,False,0,58,,-110
111,add,101,104,8,3.0,,3,1,Scalar,113,False,0,59,,-111
112,add,107,110,8,3.0,,3,1,Scalar,113,False,0,60,,-112
113,add,111,112,9,3.0,,3,1,Scalar,114,False,0,61,,-113
114,ln,113,,10,3.0,,3,1,Scalar,115,False,0,62,,-114
115,add,98,114,11,3.0,,3,1,Scalar,116,False,0,63,,-115
116,store,115,3,12,3.0,,3,1,Scalar,,False,0,,3,-116
117,load,16,,1,4.0,0,4,256,Vector,"118, 128",True,0,48,16,-117
118,reduce_max,117,,2,4.0,0,4,1,Scalar,125,False,0,64,,-118
119,load,17,,1,4.0,1,4,256,Vector,"120, 131",True,0,49,17,-119
120,reduce_max,119,,2,4.0,1,4,1,Scalar,125,False,0,65,,-120
121,load,18,,1,4.0,2,4,256,Vector,"122, 134",True,0,50,18,-121
122,reduce_max,121,,2,4.0,2,4,1,Scalar,126,False,0,66,,-122
123,load,19,,1,4.0,3,4,256,Vector,"124, 137",True,0,51,19,-123
124,reduce_max,123,,2,4.0,3,4,1,Scalar,126,False,0,67,,-124
125,max,118,120,3,4.0,,4,1,Scalar,127,False,0,68,,-125
126,max,122,124,3,4.0,,4,1,Scalar,127,False,0,69,,-126
127,max,125,126,4,4.0,,4,1,Scalar,"128, 131, 134, 137, 144",False,0,70,,-127
128,sub,117,127,5,4.0,0,4,256,Vector,129,False,0,52,,-128
129,exp,128,,6,4.0,0,4,256,Vector,130,False,0,53,,-129
130,reduce_sum,129,,7,4.0,0,4,1,Scalar,140,False,0,71,,-130
131,sub,119,127,5,4.0,1,4,256,Vector,132,False,0,54,,-131
132,exp,131,,6,4.0,1,4,256,Vector,133,False,0,55,,-132
133,reduce_sum,132,,7,4.0,1,4,1,Scalar,140,False,0,72,,-133
134,sub,121,127,5,4.0,2,4,256,Vector,135,False,0,56,,-134
135,exp,134,,6,4.0,2,4,256,Vector,136,False,0,57,,-135
136,reduce_sum,135,,7,4.0,2,4,1,Scalar,141,False,0,73,,-136
137,sub,123,127,5,4.0,3,4,256,Vector,138,False,0,58,,-137
138,exp,137,,6,4.0,3,4,256,Vector,139,False,0,59,,-138
139,reduce_sum,138,,7,4.0,3,4,1,Scalar,141,False,0,74,,-139
140,add,130,133,8,4.0,,4,1,Scalar,142,False,0,75,,-140
141,add,136,139,8,4.0,,4,1,Scalar,142,False,0,76,,-141
142,add,140,141,9,4.0,,4,1,Scalar,143,False,0,77,,-142
143,ln,142,,10,4.0,,4,1,Scalar,144,False,0,78,,-143
144,add,127,143,11,4.0,,4,1,Scalar,145,False,0,79,,-144
145,store,144,4,12,4.0,,4,1,Scalar,,False,0,,4,-145
146,load,20,,1,5.0,0,5,256,Vector,"147, 157",True,0,60,20,-146
147,reduce_max,146,,2,5.0,0,5,1,Scalar,154,False,0,80,,-147
148,load,21,,1,5.0,1,5,256,Vector,"149, 160",True,0,61,21,-148
149,reduce_max,148,,2,5.0,1,5,1,Scalar,154,False,0,81,,-149
150,load,22,,1,5.0,2,5,256,Vector,"151, 163",True,0,62,22,-150
151,reduce_max,150,,2,5.0,2,5,1,Scalar,155,False,0,82,,-151
152,load,23,,1,5.0,3,5,256,Vector,"153, 166",True,0,63,23,-152
153,reduce_max,152,,2,5.0,3,5,1,Scalar,155,False,0,83,,-153
154,max,147,149,3,5.0,,5,1,Scalar,156,False,0,84,,-154
155,max,151,153,3,5.0,,5,1,Scalar,156,False,0,85,,-155
156,max,154,155,4,5.0,,5,1,Scalar,"157, 160, 163, 166, 173",False,0,86,,-156
157,sub,146,156,5,5.0,0,5,256,Vector,158,False,0,64,,-157
158,exp,157,,6,5.0,0,5,256,Vector,159,False,0,65,,-158
159,reduce_sum,158,,7,5.0,0,5,1,Scalar,169,False,0,87,,-159
160,sub,148,156,5,5.0,1,5,256,Vector,161,False,0,66,,-160
161,exp,160,,6,5.0,1,5,256,Vector,162,False,0,67,,-161
162,reduce_sum,161,,7,5.0,1,5,1,Scalar,169,False,0,88,,-162
163,sub,150,156,5,5.0,2,5,256,Vector,164,False,0,68,,-163
164,exp,163,,6,5.0,2,5,256,Vector,165,False,0,69,,-164
165,reduce_sum,164,,7,5.0,2,5,1,Scalar,170,False,0,89,,-165
166,sub,152,156,5,5.0,3,5,256,Vector,167,False,0,70,,-166
167,exp,166,,6,5.0,3,5,256,Vector,168,False,0,71,,-167
168,reduce_sum,167,,7,5.0,3,5,1,Scalar,170,False,0,90,,-168
169,add,159,162,8,5.0,,5,1,Scalar,171,False,0,91,,-169
170,add,165,168,8,5.0,,5,1,Scalar,171,False,0,92,,-170
171,add,169,170,9,5.0,,5,1,Scalar,172,False,0,93,,-171
172,ln,171,,10,5.0,,5,1,Scalar,173,False,0,94,,-172
173,add,156,172,11,5.0,,5,1,Scalar,174,False,0,95,,-173
174,store,173,5,12,5.0,,5,1,Scalar,,False,0,,5,-174
175,load,24,,1,6.0,0,6,256,Vector,"176, 186",True,0,72,24,-175
176,reduce_max,175,,2,6.0,0,6,1,Scalar,183,False,0,96,,-176
177,load,25,,1,6.0,1,6,256,Vector,"178, 189",True,0,73,25,-177
178,reduce_max,177,,2,6.0,1,6,1,Scalar,183,False,0,97,,-178
179,load,26,,1,6.0,2,6,256,Vector,"180, 192",True,0,74,26,-179
180,reduce_max,179,,2,6.0,2,6,1,Scalar,184,False,0,98,,-180
181,load,27,,1,6.0,3,6,256,Vector,"182, 195",True,0,75,27,-181
182,reduce_max,181,,2,6.0,3,6,1,Scalar,184,False,0,99,,-182
183,max,176,178,3,6.0,,6,1,Scalar,185,False,0,100,,-183
184,max,180,182,3,6.0,,6,1,Scalar,185,False,0,101,,-184
185,max,183,184,4,6.0,,6,1,Scalar,"186, 189, 192, 195, 202",False,0,102,,-185
186,sub,175,185,5,6.0,0,6,256,Vector,187,False,0,76,,-186
187,exp,186,,6,6.0,0,6,256,Vector,188,False,0,77,,-187
188,reduce_sum,187,,7,6.0,0,6,1,Scalar,198,False,0,103,,-188
189,sub,177,185,5,6.0,1,6,256,Vector,190,False,0,78,,-189
190,exp,189,,6,6.0,1,6,256,Vector,191,False,0,79,,-190
191,reduce_sum,190,,7,6.0,1,6,1,Scalar,198,False,0,104,,-191
192,sub,179,185,5,6.0,2,6,256,Vector,193,False,0,80,,-192
193,exp,192,,6,6.0,2,6,256,Vector,194,False,0,81,,-193
194,reduce_sum,193,,7,6.0,2,6,1,Scalar,199,False,0,105,,-194
195,sub,181,185,5,6.0,3,6,256,Vector,196,False,0,82,,-195
196,exp,195,,6,6.0,3,6,256,Vector,197,False,0,83,,-196
197,reduce_sum,196,,7,6.0,3,6,1,Scalar,199,False,0,106,,-197
198,add,188,191,8,6.0,,6,1,Scalar,200,False,0,107,,-198
199,add,194,197,8,6.0,,6,1,Scalar,200,False,0,108,,-199
200,add,198,199,9,6.0,,6,1,Scalar,201,False,0,109,,-200
201,ln,200,,10,6.0,,6,1,Scalar,202,False,0,110,,-201
202,add,185,201,11,6.0,,6,1,Scalar,203,False,0,111,,-202
203,store,202,6,12,6.0,,6,1,Scalar,,False,0,,6,-203
204,load,28,,1,7.0,0,7,256,Vector,"205, 215",True,0,84,28,-204
205,reduce_max,204,,2,7.0,0,7,1,Scalar,212,False,0,112,,-205
206,load,29,,1,7.0,1,7,256,Vector,"207, 218",True,0,85,29,-206
207,reduce_max,206,,2,7.0,1,7,1,Scalar,212,False,0,113,,-207
208,load,30,,1,7.0,2,7,256,Vector,"209, 221",True,0,86,30,-208
209,reduce_max,208,,2,7.0,2,7,1,Scalar,213,False,0,114,,-209
210,load,31,,1,7.0,3,7,256,Vector,"211, 224",True,0,87,31,-210
211,reduce_max,210,,2,7.0,3,7,1,Scalar,213,False,0,115,,-211
212,max,205,207,3,7.0,,7,1,Scalar,214,False,0,116,,-212
213,max,209,211,3,7.0,,7,1,Scalar,214,False,0,117,,-213
214,max,212,213,4,7.0,,7,1,Scalar,"215, 218, 221, 224, 231",False,0,118,,-214
215,sub,204,214,5,7.0,0,7,256,Vector,216,False,0,88,,-215
216,exp,215,,6,7.0,0,7,256,Vector,217,False,0,89,,-216
217,reduce_sum,216,,7,7.0,0,7,1,Scalar,227,False,0,119,,-217
218,sub,206,214,5,7.0,1,7,256,Vector,219,False,0,90,,-218
219,exp,218,,6,7.0,1,7,256,Vector,220,False,0,91,,-219
220,reduce_sum,219,,7,7.0,1,7,1,Scalar,227,False,0,120,,-220
221,sub,208,214,5,7.0,2,7,256,Vector,222,False,0,92,,-221
222,exp,221,,6,7.0,2,7,256,Vector,223,False,0,93,,-222
223,reduce_sum,222,,7,7.0,2,7,1,Scalar,228,False,0,121,,-223
224,sub,210,214,5,7.0,3,7,256,Vector,225,False,0,94,,-224
225,exp,224,,6,7.0,3,7,256,Vector,226,False,0,95,,-225
226,reduce_sum,225,,7,7.0,3,7,1,Scalar,228,False,0,122,,-226
227,add,217,220,8,7.0,,7,1,Scalar,229,False,0,123,,-227
228,add,223,226,8,7.0,,7,1,Scalar,229,False,0,124,,-228
229,add,227,228,9,7.0,,7,1,Scalar,230,False,0,125,,-229
230,ln,229,,10,7.0,,7,1,Scalar,231,False,0,126,,-230
231,add,214,230,11,7.0,,7,1,Scalar,232,False,0,127,,-231
232,store,231,7,12,7.0,,7,1,Scalar,,False,0,,7,-232
233,load,32,,1,8.0,0,8,256,Vector,"234, 244",True,0,96,32,-233
234,reduce_max,233,,2,8.0,0,8,1,Scalar,241,False,0,128,,-234
235,load,33,,1,8.0,1,8,256,Vector,"236, 247",True,0,97,33,-235
236,reduce_max,235,,2,8.0,1,8,1,Scalar,241,False,0,129,,-236
237,load,34,,1,8.0,2,8,256,Vector,"238, 250",True,0,98,34,-237
238,reduce_max,237,,2,8.0,2,8,1,Scalar,242,False,0,130,,-238
239,load,35,,1,8.0,3,8,256,Vector,"240, 253",True,0,99,35,-239
240,reduce_max,239,,2,8.0,3,8,1,Scalar,242,False,0,131,,-240
241,max,234,236,3,8.0,,8,1,Scalar,243,False,0,132,,-241
242,max,238,240,3,8.0,,8,1,Scalar,243,False,0,133,,-242
243,max,241,242,4,8.0,,8,1,Scalar,"244, 247, 250, 253, 260",False,0,134,,-243
244,sub,233,243,5,8.0,0,8,256,Vector,245,False,0,100,,-244
245,exp,244,,6,8.0,0,8,256,Vector,246,False,0,101,,-245
246,reduce_sum,245,,7,8.0,0,8,1,Scalar,256,False,0,135,,-246
247,sub,235,243,5,8.0,1,8,256,Vector,248,False,0,102,,-247
248,exp,247,,6,8.0,1,8,256,Vector,249,False,0,103,,-248
249,reduce_sum,248,,7,8.0,1,8,1,Scalar,256,False,0,136,,-249
250,sub,237,243,5,8.0,2,8,256,Vector,251,False,0,104,,-250
251,exp,250,,6,8.0,2,8,256,Vector,252,False,0,105,,-251
252,reduce_sum,251,,7,8.0,2,8,1,Scalar,257,False,0,137,,-252
253,sub,239,243,5,8.0,3,8,256,Vector,254,False,0,106,,-253
254,exp,253,,6,8.0,3,8,256,Vector,255,False,0,107,,-254
255,reduce_sum,254,,7,8.0,3,8,1,Scalar,257,False,0,138,,-255
256,add,246,249,8,8.0,,8,1,Scalar,258,False,0,139,,-256
257,add,252,255,8,8.0,,8,1,Scalar,258,False,0,140,,-257
258,add,256,257,9,8.0,,8,1,Scalar,259,False,0,141,,-258
259,ln,258,,10,8.0,,8,1,Scalar,260,False,0,142,,-259
260,add,243,259,11,8.0,,8,1,Scalar,261,False,0,143,,-260
261,store,260,8,12,8.0,,8,1,Scalar,,False,0,,8,-261
262,load,36,,1,9.0,0,9,256,Vector,"263, 273",True,0,108,36,-262
263,reduce_max,262,,2,9.0,0,9,1,Scalar,270,False,0,144,,-263
264,load,37,,1,9.0,1,9,256,Vector,"265, 276",True,0,109,37,-264
265,reduce_max,264,,2,9.0,1,9,1,Scalar,270,False,0,145,,-265
266,load,38,,1,9.0,2,9,256,Vector,"267, 279",True,0,110,38,-266
267,reduce_max,266,,2,9.0,2,9,1,Scalar,271,False,0,146,,-267
268,load,39,,1,9.0,3,9,256,Vector,"269, 282",True,0,111,39,-268
269,reduce_max,268,,2,9.0,3,9,1,Scalar,271,False,0,147,,-269
270,max,263,265,3,9.0,,9,1,Scalar,272,False,0,148,,-270
271,max,267,269,3,9.0,,9,1,Scalar,272,False,0,149,,-271
272,max,270,271,4,9.0,,9,1,Scalar,"273, 276, 279, 282, 289",False,0,150,,-272
273,sub,262,272,5,9.0,0,9,256,Vector,274,False,0,112,,-273
274,exp,273,,6,9.0,0,9,256,Vector,275,False,0,113,,-274
275,reduce_sum,274,,7,9.0,0,9,1,Scalar,285,False,0,151,,-275
276,sub,264,272,5,9.0,1,9,256,Vector,277,False,0,114,,-276
277,exp,276,,6,9.0,1,9,256,Vector,278,False,0,115,,-277
278,reduce_sum,277,,7,9.0,1,9,1,Scalar,285,False,0,152,,-278
279,sub,266,272,5,9.0,2,9,256,Vector,280,False,0,116,,-279
280,exp,279,,6,9.0,2,9,256,Vector,281,False,0,117,,-280
281,reduce_sum,280,,7,9.0,2,9,1,Scalar,286,False,0,153,,-281
282,sub,268,272,5,9.0,3,9,256,Vector,283,False,0,118,,-282
283,exp,282,,6,9.0,3,9,256,Vector,284,False,0,119,,-283
284,reduce_sum,283,,7,9.0,3,9,1,Scalar,286,False,0,154,,-284
285,add,275,278,8,9.0,,9,1,Scalar,287,False,0,155,,-285
286,add,281,284,8,9.0,,9,1,Scalar,287,False,0,156,,-286
287,add,285,286,9,9.0,,9,1,Scalar,288,False,0,157,,-287
288,ln,287,,10,9.0,,9,1,Scalar,289,False,0,158,,-288
289,add,272,288,11,9.0,,9,1,Scalar,290,False,0,159,,-289
290,store,289,9,12,9.0,,9,1,Scalar,,False,0,,9,-290
291,load,40,,1,10.0,0,10,256,Vector,"292, 302",True,0,120,40,-291
292,reduce_max,291,,2,10.0,0,10,1,Scalar,299,False,0,160,,-292
293,load,41,,1,10.0,1,10,256,Vector,"294, 305",True,0,121,41,-293
294,reduce_max,293,,2,10.0,1,10,1,Scalar,299,False,0,161,,-294
295,load,42,,1,10.0,2,10,256,Vector,"296, 308",True,0,122,42,-295
296,reduce_max,295,,2,10.0,2,10,1,Scalar,300,False,0,162,,-296
297,load,43,,1,10.0,3,10,256,Vector,"298, 311",True,0,123,43,-297
298,reduce_max,297,,2,10.0,3,10,1,Scalar,300,False,0,163,,-298
299,max,292,294,3,10.0,,10,1,Scalar,301,False,0,164,,-299
300,max,296,298,3,10.0,,10,1,Scalar,301,False,0,165,,-300
301,max,299,300,4,10.0,,10,1,Scalar,"302, 305, 308, 311, 318",False,0,166,,-301
302,sub,291,301,5,10.0,0,10,256,Vector,303,False,0,124,,-302
303,exp,302,,6,10.0,0,10,256,Vector,304,False,0,125,,-303
304,reduce_sum,303,,7,10.0,0,10,1,Scalar,314,False,0,167,,-304
305,sub,293,301,5,10.0,1,10,256,Vector,306,False,0,126,,-305
306,exp,305,,6,10.0,1,10,256,Vector,307,False,0,127,,-306
307,reduce_sum,306,,7,10.0,1,10,1,Scalar,314,False,0,168,,-307
308,sub,295,301,5,10.0,2,10,256,Vector,309,False,0,128,,-308
309,exp,308,,6,10.0,2,10,256,Vector,310,False,0,129,,-309
310,reduce_sum,309,,7,10.0,2,10,1,Scalar,315,False,0,169,,-310
311,sub,297,301,5,10.0,3,10,256,Vector,312,False,0,130,,-311
312,exp,311,,6,10.0,3,10,256,Vector,313,False,0,131,,-312
313,reduce_sum,312,,7,10.0,3,10,1,Scalar,315,False,0,170,,-313
314,add,304,307,8,10.0,,10,1,Scalar,316,False,0,171,,-314
315,add,310,313,8,10.0,,10,1,Scalar,316,False,0,172,,-315
316,add,314,315,9,10.0,,10,1,Scalar,317,False,0,173,,-316
317,ln,316,,10,10.0,,10,1,Scalar,318,False,0,174,,-317
318,add,301,317,11,10.0,,10,1,Scalar,319,False,0,175,,-318
319,store,318,10,12,10.0,,10,1,Scalar,,False,0,,10,-319
320,load,44,,1,11.0,0,11,256,Vector,"321, 331",True,0,132,44,-320
321,reduce_max,320,,2,11.0,0,11,1,Scalar,328,False,0,176,,-321
322,load,45,,1,11.0,1,11,256,Vector,"323, 334",True,0,133,45,-322
323,reduce_max,322,,2,11.0,1,11,1,Scalar,328,False,0,177,,-323
324,load,46,,1,11.0,2,11,256,Vector,"325, 337",True,0,134,46,-324
325,reduce_max,324,,2,11.0,2,11,1,Scalar,329,False,0,178,,-325
326,load,47,,1,11.0,3,11,256,Vector,"327, 340",True,0,135,47,-326
327,reduce_max,326,,2,11.0,3,11,1,Scalar,329,False,0,179,,-327
328,max,321,323,3,11.0,,11,1,Scalar,330,False,0,180,,-328
329,max,325,327,3,11.0,,11,1,Scalar,330,False,0,181,,-329
330,max,328,329,4,11.0,,11,1,Scalar,"331, 334, 337, 340, 347",False,0,182,,-330
331,sub,320,330,5,11.0,0,11,256,Vector,332,False,0,136,,-331
332,exp,331,,6,11.0,0,11,256,Vector,333,False,0,137,,-332
333,reduce_sum,332,,7,11.0,0,11,1,Scalar,343,False,0,183,,-333
334,sub,322,330,5,11.0,1,11,256,Vector,335,False,0,138,,-334
335,exp,334,,6,11.0,1,11,256,Vector,336,False,0,139,,-335
336,reduce_sum,335,,7,11.0,1,11,1,Scalar,343,False,0,184,,-336
337,sub,324,330,5,11.0,2,11,256,Vector,338,False,0,140,,-337
338,exp,337,,6,11.0,2,11,256,Vector,339,False,0,141,,-338
339,reduce_sum,338,,7,11.0,2,11,1,Scalar,344,False,0,185,,-339
340,sub,326,330,5,11.0,3,11,256,Vector,341,False,0,142,,-340
341,exp,340,,6,11.0,3,11,256,Vector,342,False,0,143,,-341
342,reduce_sum,341,,7,11.0,3,11,1,Scalar,344,False,0,186,,-342
343,add,333,336,8,11.0,,11,1,Scalar,345,False,0,187,,-343
344,add,339,342,8,11.0,,11,1,Scalar,345,False,0,188,,-344
345,add,343,344,9,11.0,,11,1,Scalar,346,False,0,189,,-345
346,ln,345,,10,11.0,,11,1,Scalar,347,False,0,190,,-346
347,add,330,346,11,11.0,,11,1,Scalar,348,False,0,191,,-347
348,store,347,11,12,11.0,,11,1,Scalar,,False,0,,11,-348
349,load,48,,1,12.0,0,12,256,Vector,"350, 360",True,0,144,48,-349
350,reduce_max,349,,2,12.0,0,12,1,Scalar,357,False,0,192,,-350
351,load,49,,1,12.0,1,12,256,Vector,"352, 363",True,0,145,49,-351
352,reduce_max,351,,2,12.0,1,12,1,Scalar,357,False,0,193,,-352
353,load,50,,1,12.0,2,12,256,Vector,"354, 366",True,0,146,50,-353
354,reduce_max,353,,2,12.0,2,12,1,Scalar,358,False,0,194,,-354
355,load,51,,1,12.0,3,12,256,Vector,"356, 369",True,0,147,51,-355
356,reduce_max,355,,2,12.0,3,12,1,Scalar,358,False,0,195,,-356
357,max,350,352,3,12.0,,12,1,Scalar,359,False,0,196,,-357
358,max,354,356,3,12.0,,12,1,Scalar,359,False,0,197,,-358
359,max,357,358,4,12.0,,12,1,Scalar,"360, 363, 366, 369, 376",False,0,198,,-359
360,sub,349,359,5,12.0,0,12,256,Vector,361,False,0,148,,-360
361,exp,360,,6,12.0,0,12,256,Vector,362,False,0,149,,-361
362,reduce_sum,361,,7,12.0,0,12,1,Scalar,372,False,0,199,,-362
363,sub,351,359,5,12.0,1,12,256,Vector,364,False,0,150,,-363
364,exp,363,,6,12.0,1,12,256,Vector,365,False,0,151,,-364
365,reduce_sum,364,,7,12.0,1,12,1,Scalar,372,False,0,200,,-365
366,sub,353,359,5,12.0,2,12,256,Vector,367,False,0,152,,-366
367,exp,366,,6,12.0,2,12,256,Vector,368,False,0,153,,-367
368,reduce_sum,367,,7,12.0,2,12,1,Scalar,373,False,0,201,,-368
369,sub,355,359,5,12.0,3,12,256,Vector,370,False,0,154,,-369
370,exp,369,,6,12.0,3,12,256,Vector,371,False,0,155,,-370
371,reduce_sum,370,,7,12.0,3,12,1,Scalar,373,False,0,202,,-371
372,add,362,365,8,12.0,,12,1,Scalar,374,False,0,203,,-372
373,add,368,371,8,12.0,,12,1,Scalar,374,False,0,204,,-373
374,add,372,373,9,12.0,,12,1,Scalar,375,False,0,205,,-374
375,ln,374,,10,12.0,,12,1,Scalar,376,False,0,206,,-375
376,add,359,375,11,12.0,,12,1,Scalar,377,False,0,207,,-376
377,store,376,12,12,12.0,,12,1,Scalar,,False,0,,12,-377
378,load,52,,1,13.0,0,13,256,Vector,"379, 389",True,0,156,52,-378
379,reduce_max,378,,2,13.0,0,13,1,Scalar,386,False,0,208,,-379
380,load,53,,1,13.0,1,13,256,Vector,"381, 392",True,0,157,53,-380
381,reduce_max,380,,2,13.0,1,13,1,Scalar,386,False,0,209,,-381
382,load,54,,1,13.0,2,13,256,Vector,"383, 395",True,0,158,54,-382
383,reduce_max,382,,2,13.0,2,13,1,Scalar,387,False,0,210,,-383
384,load,55,,1,13.0,3,13,256,Vector,"385, 398",True,0,159,55,-384
385,reduce_max,384,,2,13.0,3,13,1,Scalar,387,False,0,211,,-385
386,max,379,381,3,13.0,,13,1,Scalar,388,False,0,212,,-386
387,max,383,385,3,13.0,,13,1,Scalar,388,False,0,213,,-387
388,max,386,387,4,13.0,,13,1,Scalar,"389, 392, 395, 398, 405",False,0,214,,-388
389,sub,378,388,5,13.0,0,13,256,Vector,390,False,0,160,,-389
390,exp,389,,6,13.0,0,13,256,Vector,391,False,0,161,,-390
391,reduce_sum,390,,7,13.0,0,13,1,Scalar,401,False,0,215,,-391
392,sub,380,388,5,13.0,1,13,256,Vector,393,False,0,162,,-392
393,exp,392,,6,13.0,1,13,256,Vector,394,False,0,163,,-393
394,reduce_sum,393,,7,13.0,1,13,1,Scalar,401,False,0,216,,-394
395,sub,382,388,5,13.0,2,13,256,Vector,396,False,0,164,,-395
396,exp,395,,6,13.0,2,13,256,Vector,397,False,0,165,,-396
397,reduce_sum,396,,7,13.0,2,13,1,Scalar,402,False,0,217,,-397
398,sub,384,388,5,13.0,3,13,256,Vector,399,False,0,166,,-398
399,exp,398,,6,13.0,3,13,256,Vector,400,False,0,167,,-399
400,reduce_sum,399,,7,13.0,3,13,1,Scalar,402,False,0,218,,-400
401,add,391,394,8,13.0,,13,1,Scalar,403,False,0,219,,-401
402,add,397,400,8,13.0,,13,1,Scalar,403,False,0,220,,-402
403,add,401,402,9,13.0,,13,1,Scalar,404,False,0,221,,-403
404,ln,403,,10,13.0,,13,1,Scalar,405,False,0,222,,-404
405,add,388,404,11,13.0,,13,1,Scalar,406,False,0,223,,-405
406,store,405,13,12,13.0,,13,1,Scalar,,False,0,,13,-406
407,load,56,,1,14.0,0,14,256,Vector,"408, 418",True,0,168,56,-407
408,reduce_max,407,,2,14.0,0,14,1,Scalar,415,False,0,224,,-408
409,load,57,,1,14.0,1,14,256,Vector,"410, 421",True,0,169,57,-409
410,reduce_max,409,,2,14.0,1,14,1,Scalar,415,False,0,225,,-410
411,load,58,,1,14.0,2,14,256,Vector,"412, 424",True,0,170,58,-411
412,reduce_max,411,,2,14.0,2,14,1,Scalar,416,False,0,226,,-412
413,load,59,,1,14.0,3,14,256,Vector,"414, 427",True,0,171,59,-413
414,reduce_max,413,,2,14.0,3,14,1,Scalar,416,False,0,227,,-414
415,max,408,410,3,14.0,,14,1,Scalar,417,False,0,228,,-415
416,max,412,414,3,14.0,,14,1,Scalar,417,False,0,229,,-416
417,max,415,416,4,14.0,,14,1,Scalar,"418, 421, 424, 427, 434",False,0,230,,-417
418,sub,407,417,5,14.0,0,14,256,Vector,419,False,0,172,,-418
419,exp,418,,6,14.0,0,14,256,Vector,420,False,0,173,,-419
420,reduce_sum,419,,7,14.0,0,14,1,Scalar,430,False,0,231,,-420
421,sub,409,417,5,14.0,1,14,256,Vector,422,False,0,174,,-421
422,exp,421,,6,14.0,1,14,256,Vector,423,False,0,175,,-422
423,reduce_sum,422,,7,14.0,1,14,1,Scalar,430,False,0,232,,-423
424,sub,411,417,5,14.0,2,14,256,Vector,425,False,0,176,,-424
425,exp,424,,6,14.0,2,14,256,Vector,426,False,0,177,,-425
426,reduce_sum,425,,7,14.0,2,14,1,Scalar,431,False,0,233,,-426
427,sub,413,417,5,14.0,3,14,256,Vector,428,False,0,178,,-427
428,exp,427,,6,14.0,3,14,256,Vector,429,False,0,179,,-428
429,reduce_sum,428,,7,14.0,3,14,1,Scalar,431,False,0,234,,-429
430,add,420,423,8,14.0,,14,1,Scalar,432,False,0,235,,-430
431,add,426,429,8,14.0,,14,1,Scalar,432,False,0,236,,-431
432,add,430,431,9,14.0,,14,1,Scalar,433,False,0,237,,-432
433,ln,432,,10,14.0,,14,1,Scalar,434,False,0,238,,-433
434,add,417,433,11,14.0,,14,1,Scalar,435,False,0,239,,-434
435,store,434,14,12,14.0,,14,1,Scalar,,False,0,,14,-435
436,load,60,,1,15.0,0,15,256,Vector,"437, 447",True,0,180,60,-436
437,reduce_max,436,,2,15.0,0,15,1,Scalar,444,False,0,240,,-437
438,load,61,,1,15.0,1,15,256,Vector,"439, 450",True,0,181,61,-438
439,reduce_max,438,,2,15.0,1,15,1,Scalar,444,False,0,241,,-439
440,load,62,,1,15.0,2,15,256,Vector,"441, 453",True,0,182,62,-440
441,reduce_max,440,,2,15.0,2,15,1,Scalar,445,False,0,242,,-441
442,load,63,,1,15.0,3,15,256,Vector,"443, 456",True,0,183,63,-442
443,reduce_max,442,,2,15.0,3,15,1,Scalar,445,False,0,243,,-443
444,max,437,439,3,15.0,,15,1,Scalar,446,False,0,244,,-444
445,max,441,443,3,15.0,,15,1,Scalar,446,False,0,245,,-445
446,max,444,445,4,15.0,,15,1,Scalar,"447, 450, 453, 456, 463",False,0,246,,-446
447,sub,436,446,5,15.0,0,15,256,Vector,448,False,0,184,,-447
448,exp,447,,6,15.0,0,15,256,Vector,449,False,0,185,,-448
449,reduce_sum,448,,7,15.0,0,15,1,Scalar,459,False,0,247,,-449
450,sub,438,446,5,15.0,1,15,256,Vector,451,False,0,186,,-450
451,exp,450,,6,15.0,1,15,256,Vector,452,False,0,187,,-451
452,reduce_sum,451,,7,15.0,1,15,1,Scalar,459,False,0,248,,-452
453,sub,440,446,5,15.0,2,15,256,Vector,454,False,0,188,,-453
454,exp,453,,6,15.0,2,15,256,Vector,455,False,0,189,,-454
455,reduce_sum,454,,7,15.0,2,15,1,Scalar,460,False,0,249,,-455
456,sub,442,446,5,15.0,3,15,256,Vector,457,False,0,190,,-456
457,exp,456,,6,15.0,3,15,256,Vector,458,False,0,191,,-457
458,reduce_sum,457,,7,15.0,3,15,1,Scalar,460,False,0,250,,-458
459,add,449,452,8,15.0,,15,1,Scalar,461,False,0,251,,-459
460,add,455,458,8,15.0,,15,1,Scalar,461,False,0,252,,-460
461,add,459,460,9,15.0,,15,1,Scalar,462,False,0,253,,-461
462,ln,461,,10,15.0,,15,1,Scalar,463,False,0,254,,-462
463,add,446,462,11,15.0,,15,1,Scalar,464,False,0,255,,-463
464,store,463,15,12,15.0,,15,1,Scalar,,False,0,,15,-464
465,load,64,,1,16.0,0,16,256,Vector,"466, 476",True,0,192,64,-465
466,reduce_max,465,,2,16.0,0,16,1,Scalar,473,False,0,0,,-466
467,load,65,,1,16.0,1,16,256,Vector,"468, 479",True,0,193,65,-467
468,reduce_max,467,,2,16.0,1,16,1,Scalar,473,False,0,1,,-468
469,load,66,,1,16.0,2,16,256,Vector,"470, 482",True,0,194,66,-469
470,reduce_max,469,,2,16.0,2,16,1,Scalar,474,False,0,2,,-470
471,load,67,,1,16.0,3,16,256,Vector,"472, 485",True,0,195,67,-471
472,reduce_max,471,,2,16.0,3,16,1,Scalar,474,False,0,3,,-472
473,max,466,468,3,16.0,,16,1,Scalar,475,False,0,4,,-473
474,max,470,472,3,16.0,,16,1,Scalar,475,False,0,5,,-474
475,max,473,474,4,16.0,,16,1,Scalar,"476, 479, 482, 485, 492",False,0,6,,-475
476,sub,465,475,5,16.0,0,16,256,Vector,477,False,0,196,,-476
477,exp,476,,6,16.0,0,16,256,Vector,478,False,0,197,,-477
478,reduce_sum,477,,7,16.0,0,16,1,Scalar,488,False,0,7,,-478
479,sub,467,475,5,16.0,1,16,256,Vector,480,False,0,198,,-479
480,exp,479,,6,16.0,1,16,256,Vector,481,False,0,199,,-480
481,reduce_sum,480,,7,16.0,1,16,1,Scalar,488,False,0,8,,-481
482,sub,469,475,5,16.0,2,16,256,Vector,483,False,0,200,,-482
483,exp,482,,6,16.0,2,16,256,Vector,484,False,0,201,,-483
484,reduce_sum,483,,7,16.0,2,16,1,Scalar,489,False,0,9,,-484
485,sub,471,475,5,16.0,3,16,256,Vector,486,False,0,202,,-485
486,exp,485,,6,16.0,3,16,256,Vector,487,False,0,203,,-486
487,reduce_sum,486,,7,16.0,3,16,1,Scalar,489,False,0,10,,-487
488,add,478,481,8,16.0,,16,1,Scalar,490,False,0,11,,-488
489,add,484,487,8,16.0,,16,1,Scalar,490,False,0,12,,-489
490,add,488,489,9,16.0,,16,1,Scalar,491,False,0,13,,-490
491,ln,490,,10,16.0,,16,1,Scalar,492,False,0,14,,-491
492,add,475,491,11,16.0,,16,1,Scalar,493,False,0,15,,-492
493,store,492,16,12,16.0,,16,1,Scalar,,False,0,,16,-493
494,load,68,,1,17.0,0,17,256,Vector,"495, 505",True,0,204,68,-494
495,reduce_max,494,,2,17.0,0,17,1,Scalar,502,False,0,16,,-495
496,load,69,,1,17.0,1,17,256,Vector,"497, 508",True,0,205,69,-496
497,reduce_max,496,,2,17.0,1,17,1,Scalar,502,False,0,17,,-497
498,load,70,,1,17.0,2,17,256,Vector,"499, 511",True,0,206,70,-498
499,reduce_max,498,,2,17.0,2,17,1,Scalar,503,False,0,18,,-499
500,load,71,,1,17.0,3,17,256,Vector,"501, 514",True,0,207,71,-500
501,reduce_max,500,,2,17.0,3,17,1,Scalar,503,False,0,19,,-501
502,max,495,497,3,17.0,,17,1,Scalar,504,False,0,20,,-502
503,max,499,501,3,17.0,,17,1,Scalar,504,False,0,21,,-503
504,max,502,503,4,17.0,,17,1,Scalar,"505, 508, 511, 514, 521",False,0,22,,-504
505,sub,494,504,5,17.0,0,17,256,Vector,506,False,0,208,,-505
506,exp,505,,6,17.0,0,17,256,Vector,507,False,0,209,,-506
507,reduce_sum,506,,7,17.0,0,17,1,Scalar,517,False,0,23,,-507
508,sub,496,504,5,17.0,1,17,256,Vector,509,False,0,210,,-508
509,exp,508,,6,17.0,1,17,256,Vector,510,False,0,211,,-509
510,reduce_sum,509,,7,17.0,1,17,1,Scalar,517,False,0,24,,-510
511,sub,498,504,5,17.0,2,17,256,Vector,512,False,0,212,,-511
512,exp,511,,6,17.0,2,17,256,Vector,513,False,0,213,,-512
513,reduce_sum,512,,7,17.0,2,17,1,Scalar,518,False,0,25,,-513
514,sub,500,504,5,17.0,3,17,256,Vector,515,False,0,214,,-514
515,exp,514,,6,17.0,3,17,256,Vector,516,False,0,215,,-515
516,reduce_sum,515,,7,17.0,3,17,1,Scalar,518,False,0,26,,-516
517,add,507,510,8,17.0,,17,1,Scalar,519,False,0,27,,-517
518,add,513,516,8,17.0,,17,1,Scalar,519,False,0,28,,-518
519,add,517,518,9,17.0,,17,1,Scalar,520,False,0,29,,-519
520,ln,519,,10,17.0,,17,1,Scalar,521,False,0,30,,-520
521,add,504,520,11,17.0,,17,1,Scalar,522,False,0,31,,-521
522,store,521,17,12,17.0,,17,1,Scalar,,False,0,,17,-522
523,load,72,,1,18.0,0,18,256,Vector,"524, 534",True,0,216,72,-523
524,reduce_max,523,,2,18.0,0,18,1,Scalar,531,False,0,32,,-524
525,load,73,,1,18.0,1,18,256,Vector,"526, 537",True,0,217,73,-525
526,reduce_max,525,,2,18.0,1,18,1,Scalar,531,False,0,33,,-526
527,load,74,,1,18.0,2,18,256,Vector,"528, 540",True,0,218,74,-527
528,reduce_max,527,,2,18.0,2,18,1,Scalar,532,False,0,34,,-528
529,load,75,,1,18.0,3,18,256,Vector,"530, 543",True,0,219,75,-529
530,reduce_max,529,,2,18.0,3,18,1,Scalar,532,False,0,35,,-530
531,max,524,526,3,18.0,,18,1,Scalar,533,False,0,36,,-531
532,max,528,530,3,18.0,,18,1,Scalar,533,False,0,37,,-532
533,max,531,532,4,18.0,,18,1,Scalar,"534, 537, 540, 543, 550",False,0,38,,-533
534,sub,523,533,5,18.0,0,18,256,Vector,535,False,0,220,,-534
535,exp,534,,6,18.0,0,18,256,Vector,536,False,0,221,,-535
536,reduce_sum,535,,7,18.0,0,18,1,Scalar,546,False,0,39,,-536
537,sub,525,533,5,18.0,1,18,256,Vector,538,False,0,222,,-537
538,exp,537,,6,18.0,1,18,256,Vector,539,False,0,223,,-538
539,reduce_sum,538,,7,18.0,1,18,1,Scalar,546,False,0,40,,-539
540,sub,527,533,5,18.0,2,18,256,Vector,541,False,0,224,,-540
541,exp,540,,6,18.0,2,18,256,Vector,542,False,0,225,,-541
542,reduce_sum,541,,7,18.0,2,18,1,Scalar,547,False,0,41,,-542
543,sub,529,533,5,18.0,3,18,256,Vector,544,False,0,226,,-543
544,exp,543,,6,18.0,3,18,256,Vector,545,False,0,227,,-544
545,reduce_sum,544,,7,18.0,3,18,1,Scalar,547,False,0,42,,-545
546,add,536,539,8,18.0,,18,1,Scalar,548,False,0,43,,-546
547,add,542,545,8,18.0,,18,1,Scalar,548,False,0,44,,-547
548,add,546,547,9,18.0,,18,1,Scalar,549,False,0,45,,-548
549,ln,548,,10,18.0,,18,1,Scalar,550,False,0,46,,-549
550,add,533,549,11,18.0,,18,1,Scalar,551,False,0,47,,-550
551,store,550,18,12,18.0,,18,1,Scalar,,False,0,,18,-551
552,load,76,,1,19.0,0,19,256,Vector,"553, 563",True,0,228,76,-552
553,reduce_max,552,,2,19.0,0,19,1,Scalar,560,False,0,48,,-553
554,load,77,,1,19.0,1,19,256,Vector,"555, 566",True,0,229,77,-554
555,reduce_max,554,,2,19.0,1,19,1,Scalar,560,False,0,49,,-555
556,load,78,,1,19.0,2,19,256,Vector,"557, 569",True,0,230,78,-556
557,reduce_max,556,,2,19.0,2,19,1,Scalar,561,False,0,50,,-557
558,load,79,,1,19.0,3,19,256,Vector,"559, 572",True,0,231,79,-558
559,reduce_max,558,,2,19.0,3,19,1,Scalar,561,False,0,51,,-559
560,max,553,555,3,19.0,,19,1,Scalar,562,False,0,52,,-560
561,max,557,559,3,19.0,,19,1,Scalar,562,False,0,53,,-561
562,max,560,561,4,19.0,,19,1,Scalar,"563, 566, 569, 572, 579",False,0,54,,-562
563,sub,552,562,5,19.0,0,19,256,Vector,564,False,0,232,,-563
564,exp,563,,6,19.0,0,19,256,Vector,565,False,0,233,,-564
565,reduce_sum,564,,7,19.0,0,19,1,Scalar,575,False,0,55,,-565
566,sub,554,562,5,19.0,1,19,256,Vector,567,False,0,234,,-566
567,exp,566,,6,19.0,1,19,256,Vector,568,False,0,235,,-567
568,reduce_sum,567,,7,19.0,1,19,1,Scalar,575,False,0,56,,-568
569,sub,556,562,5,19.0,2,19,256,Vector,570,False,0,236,,-569
570,exp,569,,6,19.0,2,19,256,Vector,571,False,0,237,,-570
571,reduce_sum,570,,7,19.0,2,19,1,Scalar,576,False,0,57,,-571
572,sub,558,562,5,19.0,3,19,256,Vector,573,False,0,238,,-572
573,exp,572,,6,19.0,3,19,256,Vector,574,False,0,239,,-573
574,reduce_sum,573,,7,19.0,3,19,1,Scalar,576,False,0,58,,-574
575,add,565,568,8,19.0,,19,1,Scalar,577,False,0,59,,-575
576,add,571,574,8,19.0,,19,1,Scalar,577,False,0,60,,-576
577,add,575,576,9,19.0,,19,1,Scalar,578,False,0,61,,-577
578,ln,577,,10,19.0,,19,1,Scalar,579,False,0,62,,-578
579,add,562,578,11,19.0,,19,1,Scalar,580,False,0,63,,-579
580,store,579,19,12,19.0,,19,1,Scalar,,False,0,,19,-580
581,load,80,,1,20.0,0,20,256,Vector,"582, 592",True,0,240,80,-581
582,reduce_max,581,,2,20.0,0,20,1,Scalar,589,False,0,64,,-582
583,load,81,,1,20.0,1,20,256,Vector,"584, 595",True,0,241,81,-583
584,reduce_max,583,,2,20.0,1,20,1,Scalar,589,False,0,65,,-584
585,load,82,,1,20.0,2,20,256,Vector,"586, 598",True,0,242,82,-585
586,reduce_max,585,,2,20.0,2,20,1,Scalar,590,False,0,66,,-586
587,load,83,,1,20.0,3,20,256,Vector,"588, 601",True,0,243,83,-587
588,reduce_max,587,,2,20.0,3,20,1,Scalar,590,False,0,67,,-588
589,max,582,584,3,20.0,,20,1,Scalar,591,False,0,68,,-589
590,max,586,588,3,20.0,,20,1,Scalar,591,False,0,69,,-590
591,max,589,590,4,20.0,,20,1,Scalar,"592, 595, 598, 601, 608",False,0,70,,-591
592,sub,581,591,5,20.0,0,20,256,Vector,593,False,0,244,,-592
593,exp,592,,6,20.0,0,20,256,Vector,594,False,0,245,,-593
594,reduce_sum,593,,7,20.0,0,20,1,Scalar,604,False,0,71,,-594
595,sub,583,591,5,20.0,1,20,256,Vector,596,False,0,246,,-595
596,exp,595,,6,20.0,1,20,256,Vector,597,False,0,247,,-596
597,reduce_sum,596,,7,20.0,1,20,1,Scalar,604,False,0,72,,-597
598,sub,585,591,5,20.0,2,20,256,Vector,599,False,0,248,,-598
599,exp,598,,6,20.0,2,20,256,Vector,600,False,0,249,,-599
600,reduce_sum,599,,7,20.0,2,20,1,Scalar,605,False,0,73,,-600
601,sub,587,591,5,20.0,3,20,256,Vector,602,False,0,250,,-601
602,exp,601,,6,20.0,3,20,256,Vector,603,False,0,251,,-602
603,reduce_sum,602,,7,20.0,3,20,1,Scalar,605,False,0,74,,-603
604,add,594,597,8,20.0,,20,1,Scalar,606,False,0,75,,-604
605,add,600,603,8,20.0,,20,1,Scalar,606,False,0,76,,-605
606,add,604,605,9,20.0,,20,1,Scalar,607,False,0,77,,-606
607,ln,606,,10,20.0,,20,1,Scalar,608,False,0,78,,-607
608,add,591,607,11,20.0,,20,1,Scalar,609,False,0,79,,-608
609,store,608,20,12,20.0,,20,1,Scalar,,False,0,,20,-609
610,load,84,,1,21.0,0,21,256,Vector,"611, 621",True,0,252,84,-610
611,reduce_max,610,,2,21.0,0,21,1,Scalar,618,False,0,80,,-611
612,load,85,,1,21.0,1,21,256,Vector,"613, 624",True,0,253,85,-612
613,reduce_max,612,,2,21.0,1,21,1,Scalar,618,False,0,81,,-613
614,load,86,,1,21.0,2,21,256,Vector,"615, 627",True,0,254,86,-614
615,reduce_max,614,,2,21.0,2,21,1,Scalar,619,False,0,82,,-615
616,load,87,,1,21.0,3,21,256,Vector,"617, 630",True,0,255,87,-616
617,reduce_max,616,,2,21.0,3,21,1,Scalar,619,False,0,83,,-617
618,max,611,613,3,21.0,,21,1,Scalar,620,False,0,84,,-618
619,max,615,617,3,21.0,,21,1,Scalar,620,False,0,85,,-619
620,max,618,619,4,21.0,,21,1,Scalar,"621, 624, 627, 630, 637",False,0,86,,-620
621,sub,610,620,5,21.0,0,21,256,Vector,622,False,0,0,,-621
622,exp,621,,6,21.0,0,21,256,Vector,623,False,0,1,,-622
623,reduce_sum,622,,7,21.0,0,21,1,Scalar,633,False,0,87,,-623
624,sub,612,620,5,21.0,1,21,256,Vector,625,False,0,2,,-624
625,exp,624,,6,21.0,1,21,256,Vector,626,False,0,3,,-625
626,reduce_sum,625,,7,21.0,1,21,1,Scalar,633,False,0,88,,-626
627,sub,614,620,5,21.0,2,21,256,Vector,628,False,0,4,,-627
628,exp,627,,6,21.0,2,21,256,Vector,629,False,0,5,,-628
629,reduce_sum,628,,7,21.0,2,21,1,Scalar,634,False,0,89,,-629
630,sub,616,620,5,21.0,3,21,256,Vector,631,False,0,6,,-630
631,exp,630,,6,21.0,3,21,256,Vector,632,False,0,7,,-631
632,reduce_sum,631,,7,21.0,3,21,1,Scalar,634,False,0,90,,-632
633,add,623,626,8,21.0,,21,1,Scalar,635,False,0,91,,-633
634,add,629,632,8,21.0,,21,1,Scalar,635,False,0,92,,-634
635,add,633,634,9,21.0,,21,1,Scalar,636,False,0,93,,-635
636,ln,635,,10,21.0,,21,1,Scalar,637,False,0,94,,-636
637,add,620,636,11,21.0,,21,1,Scalar,638,False,0,95,,-637
638,store,637,21,12,21.0,,21,1,Scalar,,False,0,,21,-638
639,load,88,,1,22.0,0,22,256,Vector,"640, 650",True,0,8,88,-639
640,reduce_max,639,,2,22.0,0,22,1,Scalar,647,False,0,96,,-640
641,load,89,,1,22.0,1,22,256,Vector,"642, 653",True,0,9,89,-641
642,reduce_max,641,,2,22.0,1,22,1,Scalar,647,False,0,97,,-642
643,load,90,,1,22.0,2,22,256,Vector,"644, 656",True,0,10,90,-643
644,reduce_max,643,,2,22.0,2,22,1,Scalar,648,False,0,98,,-644
645,load,91,,1,22.0,3,22,256,Vector,"646, 659",True,0,11,91,-645
646,reduce_max,645,,2,22.0,3,22,1,Scalar,648,False,0,99,,-646
647,max,640,642,3,22.0,,22,1,Scalar,649,False,0,100,,-647
648,max,644,646,3,22.0,,22,1,Scalar,649,False,0,101,,-648
649,max,647,648,4,22.0,,22,1,Scalar,"650, 653, 656, 659, 666",False,0,102,,-649
650,sub,639,649,5,22.0,0,22,256,Vector,651,False,0,12,,-650
651,exp,650,,6,22.0,0,22,256,Vector,652,False,0,13,,-651
652,reduce_sum,651,,7,22.0,0,22,1,Scalar,662,False,0,103,,-652
653,sub,641,649,5,22.0,1,22,256,Vector,654,False,0,14,,-653
654,exp,653,,6,22.0,1,22,256,Vector,655,False,0,15,,-654
655,reduce_sum,654,,7,22.0,1,22,1,Scalar,662,False,0,104,,-655
656,sub,643,649,5,22.0,2,22,256,Vector,657,False,0,16,,-656
657,exp,656,,6,22.0,2,22,256,Vector,658,False,0,17,,-657
658,reduce_sum,657,,7,22.0,2,22,1,Scalar,663,False,0,105,,-658
659,sub,645,649,5,22.0,3,22,256,Vector,660,False,0,18,,-659
660,exp,659,,6,22.0,3,22,256,Vector,661,False,0,19,,-660
661,reduce_sum,660,,7,22.0,3,22,1,Scalar,663,False,0,106,,-661
662,add,652,655,8,22.0,,22,1,Scalar,664,False,0,107,,-662
663,add,658,661,8,22.0,,22,1,Scalar,664,False,0,108,,-663
664,add,662,663,9,22.0,,22,1,Scalar,665,False,0,109,,-664
665,ln,664,,10,22.0,,22,1,Scalar,666,False,0,110,,-665
666,add,649,665,11,22.0,,22,1,Scalar,667,False,0,111,,-666
667,store,666,22,12,22.0,,22,1,Scalar,,False,0,,22,-667
668,load,92,,1,23.0,0,23,256,Vector,"669, 679",True,0,20,92,-668
669,reduce_max,668,,2,23.0,0,23,1,Scalar,676,False,0,112,,-669
670,load,93,,1,23.0,1,23,256,Vector,"671, 682",True,0,21,93,-670
671,reduce_max,670,,2,23.0,1,23,1,Scalar,676,False,0,113,,-671
672,load,94,,1,23.0,2,23,256,Vector,"673, 685",True,0,22,94,-672
673,reduce_max,672,,2,23.0,2,23,1,Scalar,677,False,0,114,,-673
674,load,95,,1,23.0,3,23,256,Vector,"675, 688",True,0,23,95,-674
675,reduce_max,674,,2,23.0,3,23,1,Scalar,677,False,0,115,,-675
676,max,669,671,3,23.0,,23,1,Scalar,678,False,0,116,,-676
677,max,673,675,3,23.0,,23,1,Scalar,678,False,0,117,,-677
678,max,676,677,4,23.0,,23,1,Scalar,"679, 682, 685, 688, 695",False,0,118,,-678
679,sub,668,678,5,23.0,0,23,256,Vector,680,False,0,24,,-679
680,exp,679,,6,23.0,0,23,256,Vector,681,False,0,25,,-680
681,reduce_sum,680,,7,23.0,0,23,1,Scalar,691,False,0,119,,-681
682,sub,670,678,5,23.0,1,23,256,Vector,683,False,0,26,,-682
683,exp,682,,6,23.0,1,23,256,Vector,684,False,0,27,,-683
684,reduce_sum,683,,7,23.0,1,23,1,Scalar,691,False,0,120,,-684
685,sub,672,678,5,23.0,2,23,256,Vector,686,False,0,28,,-685
686,exp,685,,6,23.0,2,23,256,Vector,687,False,0,29,,-686
687,reduce_sum,686,,7,23.0,2,23,1,Scalar,692,False,0,121,,-687
688,sub,674,678,5,23.0,3,23,256,Vector,689,False,0,30,,-688
689,exp,688,,6,23.0,3,23,256,Vector,690,False,0,31,,-689
690,reduce_sum,689,,7,23.0,3,23,1,Scalar,692,False,0,122,,-690
691,add,681,684,8,23.0,,23,1,Scalar,693,False,0,123,,-691
692,add,687,690,8,23.0,,23,1,Scalar,693,False,0,124,,-692
693,add,691,692,9,23.0,,23,1,Scalar,694,False,0,125,,-693
694,ln,693,,10,23.0,,23,1,Scalar,695,False,0,126,,-694
695,add,678,694,11,23.0,,23,1,Scalar,696,False,0,127,,-695
696,store,695,23,12,23.0,,23,1,Scalar,,False,0,,23,-696
697,load,96,,1,24.0,0,24,256,Vector,"698, 708",True,0,32,96,-697
698,reduce_max,697,,2,24.0,0,24,1,Scalar,705,False,0,128,,-698
699,load,97,,1,24.0,1,24,256,Vector,"700, 711",True,0,33,97,-699
700,reduce_max,699,,2,24.0,1,24,1,Scalar,705,False,0,129,,-700
701,load,98,,1,24.0,2,24,256,Vector,"702, 714",True,0,34,98,-701
702,reduce_max,701,,2,24.0,2,24,1,Scalar,706,False,0,130,,-702
703,load,99,,1,24.0,3,24,256,Vector,"704, 717",True,0,35,99,-703
704,reduce_max,703,,2,24.0,3,24,1,Scalar,706,False,0,131,,-704
705,max,698,700,3,24.0,,24,1,Scalar,707,False,0,132,,-705
706,max,702,704,3,24.0,,24,1,Scalar,707,False,0,133,,-706
707,max,705,706,4,24.0,,24,1,Scalar,"708, 711, 714, 717, 724",False,0,134,,-707
708,sub,697,707,5,24.0,0,24,256,Vector,709,False,0,36,,-708
709,exp,708,,6,24.0,0,24,256,Vector,710,False,0,37,,-709
710,reduce_sum,709,,7,24.0,0,24,1,Scalar,720,False,0,135,,-710
711,sub,699,707,5,24.0,1,24,256,Vector,712,False,0,38,,-711
712,exp,711,,6,24.0,1,24,256,Vector,713,False,0,39,,-712
713,reduce_sum,712,,7,24.0,1,24,1,Scalar,720,False,0,136,,-713
714,sub,701,707,5,24.0,2,24,256,Vector,715,False,0,40,,-714
715,exp,714,,6,24.0,2,24,256,Vector,716,False,0,41,,-715
716,reduce_sum,715,,7,24.0,2,24,1,Scalar,721,False,0,137,,-716
717,sub,703,707,5,24.0,3,24,256,Vector,718,False,0,42,,-717
718,exp,717,,6,24.0,3,24,256,Vector,719,False,0,43,,-718
719,reduce_sum,718,,7,24.0,3,24,1,Scalar,721,False,0,138,,-719
720,add,710,713,8,24.0,,24,1,Scalar,722,False,0,139,,-720
721,add,716,719,8,24.0,,24,1,Scalar,722,False,0,140,,-721
722,add,720,721,9,24.0,,24,1,Scalar,723,False,0,141,,-722
723,ln,722,,10,24.0,,24,1,Scalar,724,False,0,142,,-723
724,add,707,723,11,24.0,,24,1,Scalar,725,False,0,143,,-724
725,store,724,24,12,24.0,,24,1,Scalar,,False,0,,24,-725
726,load,100,,1,25.0,0,25,256,Vector,"727, 737",True,0,44,100,-726
727,reduce_max,726,,2,25.0,0,25,1,Scalar,734,False,0,144,,-727
728,load,101,,1,25.0,1,25,256,Vector,"729, 740",True,0,45,101,-728
729,reduce_max,728,,2,25.0,1,25,1,Scalar,734,False,0,145,,-729
730,load,102,,1,25.0,2,25,256,Vector,"731, 743",True,0,46,102,-730
731,reduce_max,730,,2,25.0,2,25,1,Scalar,735,False,0,146,,-731
732,load,103,,1,25.0,3,25,256,Vector,"733, 746",True,0,47,103,-732
733,reduce_max,732,,2,25.0,3,25,1,Scalar,735,False,0,147,,-733
734,max,727,729,3,25.0,,25,1,Scalar,736,False,0,148,,-734
735,max,731,733,3,25.0,,25,1,Scalar,736,False,0,149,,-735
736,max,734,735,4,25.0,,25,1,Scalar,"737, 740, 743, 746, 753",False,0,150,,-736
737,sub,726,736,5,25.0,0,25,256,Vector,738,False,0,48,,-737
738,exp,737,,6,25.0,0,25,256,Vector,739,False,0,49,,-738
739,reduce_sum,738,,7,25.0,0,25,1,Scalar,749,False,0,151,,-739
740,sub,728,736,5,25.0,1,25,256,Vector,741,False,0,50,,-740
741,exp,740,,6,25.0,1,25,256,Vector,742,False,0,51,,-741
742,reduce_sum,741,,7,25.0,1,25,1,Scalar,749,False,0,152,,-742
743,sub,730,736,5,25.0,2,25,256,Vector,744,False,0,52,,-743
744,exp,743,,6,25.0,2,25,256,Vector,745,False,0,53,,-744
745,reduce_sum,744,,7,25.0,2,25,1,Scalar,750,False,0,153,,-745
746,sub,732,736,5,25.0,3,25,256,Vector,747,False,0,54,,-746
747,exp,746,,6,25.0,3,25,256,Vector,748,False,0,55,,-747
748,reduce_sum,747,,7,25.0,3,25,1,Scalar,750,False,0,154,,-748
749,add,739,742,8,25.0,,25,1,Scalar,751,False,0,155,,-749
750,add,745,748,8,25.0,,25,1,Scalar,751,False,0,156,,-750
751,add,749,750,9,25.0,,25,1,Scalar,752,False,0,157,,-751
752,ln,751,,10,25.0,,25,1,Scalar,753,False,0,158,,-752
753,add,736,752,11,25.0,,25,1,Scalar,754,False,0,159,,-753
754,store,753,25,12,25.0,,25,1,Scalar,,False,0,,25,-754
755,load,104,,1,26.0,0,26,256,Vector,"756, 766",True,0,56,104,-755
756,reduce_max,755,,2,26.0,0,26,1,Scalar,763,False,0,160,,-756
757,load,105,,1,26.0,1,26,256,Vector,"758, 769",True,0,57,105,-757
758,reduce_max,757,,2,26.0,1,26,1,Scalar,763,False,0,161,,-758
759,load,106,,1,26.0,2,26,256,Vector,"760, 772",True,0,58,106,-759
760,reduce_max,759,,2,26.0,2,26,1,Scalar,764,False,0,162,,-760
761,load,107,,1,26.0,3,26,256,Vector,"762, 775",True,0,59,107,-761
762,reduce_max,761,,2,26.0,3,26,1,Scalar,764,False,0,163,,-762
763,max,756,758,3,26.0,,26,1,Scalar,765,False,0,164,,-763
764,max,760,762,3,26.0,,26,1,Scalar,765,False,0,165,,-764
765,max,763,764,4,26.0,,26,1,Scalar,"766, 769, 772, 775, 782",False,0,166,,-765
766,sub,755,765,5,26.0,0,26,256,Vector,767,False,0,60,,-766
767,exp,766,,6,26.0,0,26,256,Vector,768,False,0,61,,-767
768,reduce_sum,767,,7,26.0,0,26,1,Scalar,778,False,0,167,,-768
769,sub,757,765,5,26.0,1,26,256,Vector,770,False,0,62,,-769
770,exp,769,,6,26.0,1,26,256,Vector,771,False,0,63,,-770
771,reduce_sum,770,,7,26.0,1,26,1,Scalar,778,False,0,168,,-771
772,sub,759,765,5,26.0,2,26,256,Vector,773,False,0,64,,-772
773,exp,772,,6,26.0,2,26,256,Vector,774,False,0,65,,-773
774,reduce_sum,773,,7,26.0,2,26,1,Scalar,779,False,0,169,,-774
775,sub,761,765,5,26.0,3,26,256,Vector,776,False,0,66,,-775
776,exp,775,,6,26.0,3,26,256,Vector,777,False,0,67,,-776
777,reduce_sum,776,,7,26.0,3,26,1,Scalar,779,False,0,170,,-777
778,add,768,771,8,26.0,,26,1,Scalar,780,False,0,171,,-778
779,add,774,777,8,26.0,,26,1,Scalar,780,False,0,172,,-779
780,add,778,779,9,26.0,,26,1,Scalar,781,False,0,173,,-780
781,ln,780,,10,26.0,,26,1,Scalar,782,False,0,174,,-781
782,add,765,781,11,26.0,,26,1,Scalar,783,False,0,175,,-782
783,store,782,26,12,26.0,,26,1,Scalar,,False,0,,26,-783
784,load,108,,1,27.0,0,27,256,Vector,"785, 795",True,0,68,108,-784
785,reduce_max,784,,2,27.0,0,27,1,Scalar,792,False,0,176,,-785
786,load,109,,1,27.0,1,27,256,Vector,"787, 798",True,0,69,109,-786
787,reduce_max,786,,2,27.0,1,27,1,Scalar,792,False,0,177,,-787
788,load,110,,1,27.0,2,27,256,Vector,"789, 801",True,0,70,110,-788
789,reduce_max,788,,2,27.0,2,27,1,Scalar,793,False,0,178,,-789
790,load,111,,1,27.0,3,27,256,Vector,"791, 804",True,0,71,111,-790
791,reduce_max,790,,2,27.0,3,27,1,Scalar,793,False,0,179,,-791
792,max,785,787,3,27.0,,27,1,Scalar,794,False,0,180,,-792
793,max,789,791,3,27.0,,27,1,Scalar,794,False,0,181,,-793
794,max,792,793,4,27.0,,27,1,Scalar,"795, 798, 801, 804, 811",False,0,182,,-794
795,sub,784,794,5,27.0,0,27,256,Vector,796,False,0,72,,-795
796,exp,795,,6,27.0,0,27,256,Vector,797,False,0,73,,-796
797,reduce_sum,796,,7,27.0,0,27,1,Scalar,807,False,0,183,,-797
798,sub,786,794,5,27.0,1,27,256,Vector,799,False,0,74,,-798
799,exp,798,,6,27.0,1,27,256,Vector,800,False,0,75,,-799
800,reduce_sum,799,,7,27.0,1,27,1,Scalar,807,False,0,184,,-800
801,sub,788,794,5,27.0,2,27,256,Vector,802,False,0,76,,-801
802,exp,801,,6,27.0,2,27,256,Vector,803,False,0,77,,-802
803,reduce_sum,802,,7,27.0,2,27,1,Scalar,808,False,0,185,,-803
804,sub,790,794,5,27.0,3,27,256,Vector,805,False,0,78,,-804
805,exp,804,,6,27.0,3,27,256,Vector,806,False,0,79,,-805
806,reduce_sum,805,,7,27.0,3,27,1,Scalar,808,False,0,186,,-806
807,add,797,800,8,27.0,,27,1,Scalar,809,False,0,187,,-807
808,add,803,806,8,27.0,,27,1,Scalar,809,False,0,188,,-808
809,add,807,808,9,27.0,,27,1,Scalar,810,False,0,189,,-809
810,ln,809,,10,27.0,,27,1,Scalar,811,False,0,190,,-810
811,add,794,810,11,27.0,,27,1,Scalar,812,False,0,191,,-811
812,store,811,27,12,27.0,,27,1,Scalar,,False,0,,27,-812
813,load,112,,1,28.0,0,28,256,Vector,"814, 824",True,0,80,112,-813
814,reduce_max,813,,2,28.0,0,28,1,Scalar,821,False,0,192,,-814
815,load,113,,1,28.0,1,28,256,Vector,"816, 827",True,0,81,113,-815
816,reduce_max,815,,2,28.0,1,28,1,Scalar,821,False,0,193,,-816
817,load,114,,1,28.0,2,28,256,Vector,"818, 830",True,0,82,114,-817
818,reduce_max,817,,2,28.0,2,28,1,Scalar,822,False,0,194,,-818
819,load,115,,1,28.0,3,28,256,Vector,"820, 833",True,0,83,115,-819
820,reduce_max,819,,2,28.0,3,28,1,Scalar,822,False,0,195,,-820
821,max,814,816,3,28.0,,28,1,Scalar,823,False,0,196,,-821
822,max,818,820,3,28.0,,28,1,Scalar,823,False,0,197,,-822
823,max,821,822,4,28.0,,28,1,Scalar,"824, 827, 830, 833, 840",False,0,198,,-823
824,sub,813,823,5,28.0,0,28,256,Vector,825,False,0,84,,-824
825,exp,824,,6,28.0,0,28,256,Vector,826,False,0,85,,-825
826,reduce_sum,825,,7,28.0,0,28,1,Scalar,836,False,0,199,,-826
827,sub,815,823,5,28.0,1,28,256,Vector,828,False,0,86,,-827
828,exp,827,,6,28.0,1,28,256,Vector,829,False,0,87,,-828
829,reduce_sum,828,,7,28.0,1,28,1,Scalar,836,False,0,200,,-829
830,sub,817,823,5,28.0,2,28,256,Vector,831,False,0,88,,-830
831,exp,830,,6,28.0,2,28,256,Vector,832,False,0,89,,-831
832,reduce_sum,831,,7,28.0,2,28,1,Scalar,837,False,0,201,,-832
833,sub,819,823,5,28.0,3,28,256,Vector,834,False,0,90,,-833
834,exp,833,,6,28.0,3,28,256,Vector,835,False,0,91,,-834
835,reduce_sum,834,,7,28.0,3,28,1,Scalar,837,False,0,202,,-835
836,add,826,829,8,28.0,,28,1,Scalar,838,False,0,203,,-836
837,add,832,835,8,28.0,,28,1,Scalar,838,False,0,204,,-837
838,add,836,837,9,28.0,,28,1,Scalar,839,False,0,205,,-838
839,ln,838,,10,28.0,,28,1,Scalar,840,False,0,206,,-839
840,add,823,839,11,28.0,,28,1,Scalar,841,False,0,207,,-840
841,store,840,28,12,28.0,,28,1,Scalar,,False,0,,28,-841
842,load,116,,1,29.0,0,29,256,Vector,"843, 853",True,0,92,116,-842
843,reduce_max,842,,2,29.0,0,29,1,Scalar,850,False,0,208,,-843
844,load,117,,1,29.0,1,29,256,Vector,"845, 856",True,0,93,117,-844
845,reduce_max,844,,2,29.0,1,29,1,Scalar,850,False,0,209,,-845
846,load,118,,1,29.0,2,29,256,Vector,"847, 859",True,0,94,118,-846
847,reduce_max,846,,2,29.0,2,29,1,Scalar,851,False,0,210,,-847
848,load,119,,1,29.0,3,29,256,Vector,"849, 862",True,0,95,119,-848
849,reduce_max,848,,2,29.0,3,29,1,Scalar,851,False,0,211,,-849
850,max,843,845,3,29.0,,29,1,Scalar,852,False,0,212,,-850
851,max,847,849,3,29.0,,29,1,Scalar,852,False,0,213,,-851
852,max,850,851,4,29.0,,29,1,Scalar,"853, 856, 859, 862, 869",False,0,214,,-852
853,sub,842,852,5,29.0,0,29,256,Vector,854,False,0,96,,-853
854,exp,853,,6,29.0,0,29,256,Vector,855,False,0,97,,-854
855,reduce_sum,854,,7,29.0,0,29,1,Scalar,865,False,0,215,,-855
856,sub,844,852,5,29.0,1,29,256,Vector,857,False,0,98,,-856
857,exp,856,,6,29.0,1,29,256,Vector,858,False,0,99,,-857
858,reduce_sum,857,,7,29.0,1,29,1,Scalar,865,False,0,216,,-858
859,sub,846,852,5,29.0,2,29,256,Vector,860,False,0,100,,-859
860,exp,859,,6,29.0,2,29,256,Vector,861,False,0,101,,-860
861,reduce_sum,860,,7,29.0,2,29,1,Scalar,866,False,0,217,,-861
862,sub,848,852,5,29.0,3,29,256,Vector,863,False,0,102,,-862
863,exp,862,,6,29.0,3,29,256,Vector,864,False,0,103,,-863
864,reduce_sum,863,,7,29.0,3,29,1,Scalar,866,False,0,218,,-864
865,add,855,858,8,29.0,,29,1,Scalar,867,False,0,219,,-865
866,add,861,864,8,29.0,,29,1,Scalar,867,False,0,220,,-866
867,add,865,866,9,29.0,,29,1,Scalar,868,False,0,221,,-867
868,ln,867,,10,29.0,,29,1,Scalar,869,False,0,222,,-868
869,add,852,868,11,29.0,,29,1,Scalar,870,False,0,223,,-869
870,store,869,29,12,29.0,,29,1,Scalar,,False,0,,29,-870
871,load,120,,1,30.0,0,30,256,Vector,"872, 882",True,0,104,120,-871
872,reduce_max,871,,2,30.0,0,30,1,Scalar,879,False,0,224,,-872
873,load,121,,1,30.0,1,30,256,Vector,"874, 885",True,0,105,121,-873
874,reduce_max,873,,2,30.0,1,30,1,Scalar,879,False,0,225,,-874
875,load,122,,1,30.0,2,30,256,Vector,"876, 888",True,0,106,122,-875
876,reduce_max,875,,2,30.0,2,30,1,Scalar,880,False,0,226,,-876
877,load,123,,1,30.0,3,30,256,Vector,"878, 891",True,0,107,123,-877
878,reduce_max,877,,2,30.0,3,30,1,Scalar,880,False,0,227,,-878
879,max,872,874,3,30.0,,30,1,Scalar,881,False,0,228,,-879
880,max,876,878,3,30.0,,30,1,Scalar,881,False,0,229,,-880
881,max,879,880,4,30.0,,30,1,Scalar,"882, 885, 888, 891, 898",False,0,230,,-881
882,sub,871,881,5,30.0,0,30,256,Vector,883,False,0,108,,-882
883,exp,882,,6,30.0,0,30,256,Vector,884,False,0,109,,-883
884,reduce_sum,883,,7,30.0,0,30,1,Scalar,894,False,0,231,,-884
885,sub,873,881,5,30.0,1,30,256,Vector,886,False,0,110,,-885
886,exp,885,,6,30.0,1,30,256,Vector,887,False,0,111,,-886
887,reduce_sum,886,,7,30.0,1,30,1,Scalar,894,False,0,232,,-887
888,sub,875,881,5,30.0,2,30,256,Vector,889,False,0,112,,-888
889,exp,888,,6,30.0,2,30,256,Vector,890,False,0,113,,-889
890,reduce_sum,889,,7,30.0,2,30,1,Scalar,895,False,0,233,,-890
891,sub,877,881,5,30.0,3,30,256,Vector,892,False,0,114,,-891
892,exp,891,,6,30.0,3,30,256,Vector,893,False,0,115,,-892
893,reduce_sum,892,,7,30.0,3,30,1,Scalar,895,False,0,234,,-893
894,add,884,887,8,30.0,,30,1,Scalar,896,False,0,235,,-894
895,add,890,893,8,30.0,,30,1,Scalar,896,False,0,236,,-895
896,add,894,895,9,30.0,,30,1,Scalar,897,False,0,237,,-896
897,ln,896,,10,30.0,,30,1,Scalar,898,False,0,238,,-897
898,add,881,897,11,30.0,,30,1,Scalar,899,False,0,239,,-898
899,store,898,30,12,30.0,,30,1,Scalar,,False,0,,30,-899
900,load,124,,1,31.0,0,31,256,Vector,"901, 911",True,0,116,124,-900
901,reduce_max,900,,2,31.0,0,31,1,Scalar,908,False,0,240,,-901
902,load,125,,1,31.0,1,31,256,Vector,"903, 914",True,0,117,125,-902
903,reduce_max,902,,2,31.0,1,31,1,Scalar,908,False,0,241,,-903
904,load,126,,1,31.0,2,31,256,Vector,"905, 917",True,0,118,126,-904
905,reduce_max,904,,2,31.0,2,31,1,Scalar,909,False,0,242,,-905
906,load,127,,1,31.0,3,31,256,Vector,"907, 920",True,0,119,127,-906
907,reduce_max,906,,2,31.0,3,31,1,Scalar,909,False,0,243,,-907
908,max,901,903,3,31.0,,31,1,Scalar,910,False,0,244,,-908
909,max,905,907,3,31.0,,31,1,Scalar,910,False,0,245,,-909
910,max,908,909,4,31.0,,31,1,Scalar,"911, 914, 917, 920, 927",False,0,246,,-910
911,sub,900,910,5,31.0,0,31,256,Vector,912,False,0,120,,-911
912,exp,911,,6,31.0,0,31,256,Vector,913,False,0,121,,-912
913,reduce_sum,912,,7,31.0,0,31,1,Scalar,923,False,0,247,,-913
914,sub,902,910,5,31.0,1,31,256,Vector,915,False,0,122,,-914
915,exp,914,,6,31.0,1,31,256,Vector,916,False,0,123,,-915
916,reduce_sum,915,,7,31.0,1,31,1,Scalar,923,False,0,248,,-916
917,sub,904,910,5,31.0,2,31,256,Vector,918,False,0,124,,-917
918,exp,917,,6,31.0,2,31,256,Vector,919,False,0,125,,-918
919,reduce_sum,918,,7,31.0,2,31,1,Scalar,924,False,0,249,,-919
920,sub,906,910,5,31.0,3,31,256,Vector,921,False,0,126,,-920
921,exp,920,,6,31.0,3,31,256,Vector,922,False,0,127,,-921
922,reduce_sum,921,,7,31.0,3,31,1,Scalar,924,False,0,250,,-922
923,add,913,916,8,31.0,,31,1,Scalar,925,False,0,251,,-923
924,add,919,922,8,31.0,,31,1,Scalar,925,False,0,252,,-924
925,add,923,924,9,31.0,,31,1,Scalar,926,False,0,253,,-925
926,ln,925,,10,31.0,,31,1,Scalar,927,False,0,254,,-926
927,add,910,926,11,31.0,,31,1,Scalar,928,False,0,255,,-927
928,store,927,31,12,31.0,,31,1,Scalar,,False,0,,31,-928
929,load,128,,1,32.0,0,32,256,Vector,"930, 940",True,0,128,128,-929
930,reduce_max,929,,2,32.0,0,32,1,Scalar,937,False,0,0,,-930
931,load,129,,1,32.0,1,32,256,Vector,"932, 943",True,0,129,129,-931
932,reduce_max,931,,2,32.0,1,32,1,Scalar,937,False,0,1,,-932
933,load,130,,1,32.0,2,32,256,Vector,"934, 946",True,0,130,130,-933
934,reduce_max,933,,2,32.0,2,32,1,Scalar,938,False,0,2,,-934
935,load,131,,1,32.0,3,32,256,Vector,"936, 949",True,0,131,131,-935
936,reduce_max,935,,2,32.0,3,32,1,Scalar,938,False,0,3,,-936
937,max,930,932,3,32.0,,32,1,Scalar,939,False,0,4,,-937
938,max,934,936,3,32.0,,32,1,Scalar,939,False,0,5,,-938
939,max,937,938,4,32.0,,32,1,Scalar,"940, 943, 946, 949, 956",False,0,6,,-939
940,sub,929,939,5,32.0,0,32,256,Vector,941,False,0,132,,-940
941,exp,940,,6,32.0,0,32,256,Vector,942,False,0,133,,-941
942,reduce_sum,941,,7,32.0,0,32,1,Scalar,952,False,0,7,,-942
943,sub,931,939,5,32.0,1,32,256,Vector,944,False,0,134,,-943
944,exp,943,,6,32.0,1,32,256,Vector,945,False,0,135,,-944
945,reduce_sum,944,,7,32.0,1,32,1,Scalar,952,False,0,8,,-945
946,sub,933,939,5,32.0,2,32,256,Vector,947,False,0,136,,-946
947,exp,946,,6,32.0,2,32,256,Vector,948,False,0,137,,-947
948,reduce_sum,947,,7,32.0,2,32,1,Scalar,953,False,0,9,,-948
949,sub,935,939,5,32.0,3,32,256,Vector,950,False,0,138,,-949
950,exp,949,,6,32.0,3,32,256,Vector,951,False,0,139,,-950
951,reduce_sum,950,,7,32.0,3,32,1,Scalar,953,False,0,10,,-951
952,add,942,945,8,32.0,,32,1,Scalar,954,False,0,11,,-952
953,add,948,951,8,32.0,,32,1,Scalar,954,False,0,12,,-953
954,add,952,953,9,32.0,,32,1,Scalar,955,False,0,13,,-954
955,ln,954,,10,32.0,,32,1,Scalar,956,False,0,14,,-955
956,add,939,955,11,32.0,,32,1,Scalar,957,False,0,15,,-956
957,store,956,32,12,32.0,,32,1,Scalar,,False,0,,32,-957
958,load,132,,1,33.0,0,33,256,Vector,"959, 969",True,0,140,132,-958
959,reduce_max,958,,2,33.0,0,33,1,Scalar,966,False,0,16,,-959
960,load,133,,1,33.0,1,33,256,Vector,"961, 972",True,0,141,133,-960
961,reduce_max,960,,2,33.0,1,33,1,Scalar,966,False,0,17,,-961
962,load,134,,1,33.0,2,33,256,Vector,"963, 975",True,0,142,134,-962
963,reduce_max,962,,2,33.0,2,33,1,Scalar,967,False,0,18,,-963
964,load,135,,1,33.0,3,33,256,Vector,"965, 978",True,0,143,135,-964
965,reduce_max,964,,2,33.0,3,33,1,Scalar,967,False,0,19,,-965
966,max,959,961,3,33.0,,33,1,Scalar,968,False,0,20,,-966
967,max,963,965,3,33.0,,33,1,Scalar,968,False,0,21,,-967
968,max,966,967,4,33.0,,33,1,Scalar,"969, 972, 975, 978, 985",False,0,22,,-968
969,sub,958,968,5,33.0,0,33,256,Vector,970,False,0,144,,-969
970,exp,969,,6,33.0,0,33,256,Vector,971,False,0,145,,-970
971,reduce_sum,970,,7,33.0,0,33,1,Scalar,981,False,0,23,,-971
972,sub,960,968,5,33.0,1,33,256,Vector,973,False,0,146,,-972
973,exp,972,,6,33.0,1,33,256,Vector,974,False,0,147,,-973
974,reduce_sum,973,,7,33.0,1,33,1,Scalar,981,False,0,24,,-974
975,sub,962,968,5,33.0,2,33,256,Vector,976,False,0,148,,-975
976,exp,975,,6,33.0,2,33,256,Vector,977,False,0,149,,-976
977,reduce_sum,976,,7,33.0,2,33,1,Scalar,982,False,0,25,,-977
978,sub,964,968,5,33.0,3,33,256,Vector,979,False,0,150,,-978
979,exp,978,,6,33.0,3,33,256,Vector,980,False,0,151,,-979
980,reduce_sum,979,,7,33.0,3,33,1,Scalar,982,False,0,26,,-980
981,add,971,974,8,33.0,,33,1,Scalar,983,False,0,27,,-981
982,add,977,980,8,33.0,,33,1,Scalar,983,False,0,28,,-982
983,add,981,982,9,33.0,,33,1,Scalar,984,False,0,29,,-983
984,ln,983,,10,33.0,,33,1,Scalar,985,False,0,30,,-984
985,add,968,984,11,33.0,,33,1,Scalar,986,False,0,31,,-985
986,store,985,33,12,33.0,,33,1,Scalar,,False,0,,33,-986
987,load,136,,1,34.0,0,34,256,Vector,"988, 998",True,0,152,136,-987
988,reduce_max,987,,2,34.0,0,34,1,Scalar,995,False,0,32,,-988
989,load,137,,1,34.0,1,34,256,Vector,"990, 1001",True,0,153,137,-989
990,reduce_max,989,,2,34.0,1,34,1,Scalar,995,False,0,33,,-990
991,load,138,,1,34.0,2,34,256,Vector,"992, 1004",True,0,154,138,-991
992,reduce_max,991,,2,34.0,2,34,1,Scalar,996,False,0,34,,-992
993,load,139,,1,34.0,3,34,256,Vector,"994, 1007",True,0,155,139,-993
994,reduce_max,993,,2,34.0,3,34,1,Scalar,996,False,0,35,,-994
995,max,988,990,3,34.0,,34,1,Scalar,997,False,0,36,,-995
996,max,992,994,3,34.0,,34,1,Scalar,997,False,0,37,,-996
997,max,995,996,4,34.0,,34,1,Scalar,"998, 1001, 1004, 1007, 1014",False,0,38,,-997
998,sub,987,997,5,34.0,0,34,256,Vector,999,False,0,156,,-998
999,exp,998,,6,34.0,0,34,256,Vector,1000,False,0,157,,-999
1000,reduce_sum,999,,7,34.0,0,34,1,Scalar,1010,False,0,39,,-1000
1001,sub,989,997,5,34.0,1,34,256,Vector,1002,False,0,158,,-1001
1002,exp,1001,,6,34.0,1,34,256,Vector,1003,False,0,159,,-1002
1003,reduce_sum,1002,,7,34.0,1,34,1,Scalar,1010,False,0,40,,-1003
1004,sub,991,997,5,34.0,2,34,256,Vector,1005,False,0,160,,-1004
1005,exp,1004,,6,34.0,2,34,256,Vector,1006,False,0,161,,-1005
1006,reduce_sum,1005,,7,34.0,2,34,1,Scalar,1011,False,0,41,,-1006
1007,sub,993,997,5,34.0,3,34,256,Vector,1008,False,0,162,,-1007
1008,exp,1007,,6,34.0,3,34,256,Vector,1009,False,0,163,,-1008
1009,reduce_sum,1008,,7,34.0,3,34,1,Scalar,1011,False,0,42,,-1009
1010,add,1000,1003,8,34.0,,34,1,Scalar,1012,False,0,43,,-1010
1011,add,1006,1009,8,34.0,,34,1,Scalar,1012,False,0,44,,-1011
1012,add,1010,1011,9,34.0,,34,1,Scalar,1013,False,0,45,,-1012
1013,ln,1012,,10,34.0,,34,1,Scalar,1014,False,0,46,,-1013
1014,add,997,1013,11,34.0,,34,1,Scalar,1015,False,0,47,,-1014
1015,store,1014,34,12,34.0,,34,1,Scalar,,False,0,,34,-1015
1016,load,140,,1,35.0,0,35,256,Vector,"1017, 1027",True,0,164,140,-1016
1017,reduce_max,1016,,2,35.0,0,35,1,Scalar,1024,False,0,48,,-1017
1018,load,141,,1,35.0,1,35,256,Vector,"1019, 1030",True,0,165,141,-1018
1019,reduce_max,1018,,2,35.0,1,35,1,Scalar,1024,False,0,49,,-1019
1020,load,142,,1,35.0,2,35,256,Vector,"1021, 1033",True,0,166,142,-1020
1021,reduce_max,1020,,2,35.0,2,35,1,Scalar,1025,False,0,50,,-1021
1022,load,143,,1,35.0,3,35,256,Vector,"1023, 1036",True,0,167,143,-1022
1023,reduce_max,1022,,2,35.0,3,35,1,Scalar,1025,False,0,51,,-1023
1024,max,1017,1019,3,35.0,,35,1,Scalar,1026,False,0,52,,-1024
1025,max,1021,1023,3,35.0,,35,1,Scalar,1026,False,0,53,,-1025
1026,max,1024,1025,4,35.0,,35,1,Scalar,"1027, 1030, 1033, 1036, 1043",False,0,54,,-1026
1027,sub,1016,1026,5,35.0,0,35,256,Vector,1028,False,0,168,,-1027
1028,exp,1027,,6,35.0,0,35,256,Vector,1029,False,0,169,,-1028
1029,reduce_sum,1028,,7,35.0,0,35,1,Scalar,1039,False,0,55,,-1029
1030,sub,1018,1026,5,35.0,1,35,256,Vector,1031,False,0,170,,-1030
1031,exp,1030,,6,35.0,1,35,256,Vector,1032,False,0,171,,-1031
1032,reduce_sum,1031,,7,35.0,1,35,1,Scalar,1039,False,0,56,,-1032
1033,sub,1020,1026,5,35.0,2,35,256,Vector,1034,False,0,172,,-1033
1034,exp,1033,,6,35.0,2,35,256,Vector,1035,False,0,173,,-1034
1035,reduce_sum,1034,,7,35.0,2,35,1,Scalar,1040,False,0,57,,-1035
1036,sub,1022,1026,5,35.0,3,35,256,Vector,1037,False,0,174,,-1036
1037,exp,1036,,6,35.0,3,35,256,Vector,1038,False,0,175,,-1037
1038,reduce_sum,1037,,7,35.0,3,35,1,Scalar,1040,False,0,58,,-1038
1039,add,1029,1032,8,35.0,,35,1,Scalar,1041,False,0,59,,-1039
1040,add,1035,1038,8,35.0,,35,1,Scalar,1041,False,0,60,,-1040
1041,add,1039,1040,9,35.0,,35,1,Scalar,1042,False,0,61,,-1041
1042,ln,1041,,10,35.0,,35,1,Scalar,1043,False,0,62,,-1042
1043,add,1026,1042,11,35.0,,35,1,Scalar,1044,False,0,63,,-1043
1044,store,1043,35,12,35.0,,35,1,Scalar,,False,0,,35,-1044
1045,load,144,,1,36.0,0,36,256,Vector,"1046, 1056",True,0,176,144,-1045
1046,reduce_max,1045,,2,36.0,0,36,1,Scalar,1053,False,0,64,,-1046
1047,load,145,,1,36.0,1,36,256,Vector,"1048, 1059",True,0,177,145,-1047
1048,reduce_max,1047,,2,36.0,1,36,1,Scalar,1053,False,0,65,,-1048
1049,load,146,,1,36.0,2,36,256,Vector,"1050, 1062",True,0,178,146,-1049
1050,reduce_max,1049,,2,36.0,2,36,1,Scalar,1054,False,0,66,,-1050
1051,load,147,,1,36.0,3,36,256,Vector,"1052, 1065",True,0,179,147,-1051
1052,reduce_max,1051,,2,36.0,3,36,1,Scalar,1054,False,0,67,,-1052
1053,max,1046,1048,3,36.0,,36,1,Scalar,1055,False,0,68,,-1053
1054,max,1050,1052,3,36.0,,36,1,Scalar,1055,False,0,69,,-1054
1055,max,1053,1054,4,36.0,,36,1,Scalar,"1056, 1059, 1062, 1065, 1072",False,0,70,,-1055
1056,sub,1045,1055,5,36.0,0,36,256,Vector,1057,False,0,180,,-1056
1057,exp,1056,,6,36.0,0,36,256,Vector,1058,False,0,181,,-1057
1058,reduce_sum,1057,,7,36.0,0,36,1,Scalar,1068,False,0,71,,-1058
1059,sub,1047,1055,5,36.0,1,36,256,Vector,1060,False,0,182,,-1059
1060,exp,1059,,6,36.0,1,36,256,Vector,1061,False,0,183,,-1060
1061,reduce_sum,1060,,7,36.0,1,36,1,Scalar,1068,False,0,72,,-1061
1062,sub,1049,1055,5,36.0,2,36,256,Vector,1063,False,0,184,,-1062
1063,exp,1062,,6,36.0,2,36,256,Vector,1064,False,0,185,,-1063
1064,reduce_sum,1063,,7,36.0,2,36,1,Scalar,1069,False,0,73,,-1064
1065,sub,1051,1055,5,36.0,3,36,256,Vector,1066,False,0,186,,-1065
1066,exp,1065,,6,36.0,3,36,256,Vector,1067,False,0,187,,-1066
1067,reduce_sum,1066,,7,36.0,3,36,1,Scalar,1069,False,0,74,,-1067
1068,add,1058,1061,8,36.0,,36,1,Scalar,1070,False,0,75,,-1068
1069,add,1064,1067,8,36.0,,36,1,Scalar,1070,False,0,76,,-1069
1070,add,1068,1069,9,36.0,,36,1,Scalar,1071,False,0,77,,-1070
1071,ln,1070,,10,36.0,,36,1,Scalar,1072,False,0,78,,-1071
1072,add,1055,1071,11,36.0,,36,1,Scalar,1073,False,0,79,,-1072
1073,store,1072,36,12,36.0,,36,1,Scalar,,False,0,,36,-1073
1074,load,148,,1,37.0,0,37,256,Vector,"1075, 1085",True,0,188,148,-1074
1075,reduce_max,1074,,2,37.0,0,37,1,Scalar,1082,False,0,80,,-1075
1076,load,149,,1,37.0,1,37,256,Vector,"1077, 1088",True,0,189,149,-1076
1077,reduce_max,1076,,2,37.0,1,37,1,Scalar,1082,False,0,81,,-1077
1078,load,150,,1,37.0,2,37,256,Vector,"1079, 1091",True,0,190,150,-1078
1079,reduce_max,1078,,2,37.0,2,37,1,Scalar,1083,False,0,82,,-1079
1080,load,151,,1,37.0,3,37,256,Vector,"1081, 1094",True,0,191,151,-1080
1081,reduce_max,1080,,2,37.0,3,37,1,Scalar,1083,False,0,83,,-1081
1082,max,1075,1077,3,37.0,,37,1,Scalar,1084,False,0,84,,-1082
1083,max,1079,1081,3,37.0,,37,1,Scalar,1084,False,0,85,,-1083
1084,max,1082,1083,4,37.0,,37,1,Scalar,"1085, 1088, 1091, 1094, 1101",False,0,86,,-1084
1085,sub,1074,1084,5,37.0,0,37,256,Vector,1086,False,0,192,,-1085
1086,exp,1085,,6,37.0,0,37,256,Vector,1087,False,0,193,,-1086
1087,reduce_sum,1086,,7,37.0,0,37,1,Scalar,1097,False,0,87,,-1087
1088,sub,1076,1084,5,37.0,1,37,256,Vector,1089,False,0,194,,-1088
1089,exp,1088,,6,37.0,1,37,256,Vector,1090,False,0,195,,-1089
1090,reduce_sum,1089,,7,37.0,1,37,1,Scalar,1097,False,0,88,,-1090
1091,sub,1078,1084,5,37.0,2,37,256,Vector,1092,False,0,196,,-1091
1092,exp,1091,,6,37.0,2,37,256,Vector,1093,False,0,197,,-1092
1093,reduce_sum,1092,,7,37.0,2,37,1,Scalar,1098,False,0,89,,-1093
1094,sub,1080,1084,5,37.0,3,37,256,Vector,1095,False,0,198,,-1094
1095,exp,1094,,6,37.0,3,37,256,Vector,1096,False,0,199,,-1095
1096,reduce_sum,1095,,7,37.0,3,37,1,Scalar,1098,False,0,90,,-1096
1097,add,1087,1090,8,37.0,,37,1,Scalar,1099,False,0,91,,-1097
1098,add,1093,1096,8,37.0,,37,1,Scalar,1099,False,0,92,,-1098
1099,add,1097,1098,9,37.0,,37,1,Scalar,1100,False,0,93,,-1099
1100,ln,1099,,10,37.0,,37,1,Scalar,1101,False,0,94,,-1100
1101,add,1084,1100,11,37.0,,37,1,Scalar,1102,False,0,95,,-1101
1102,store,1101,37,12,37.0,,37,1,Scalar,,False,0,,37,-1102
1103,load,152,,1,38.0,0,38,256,Vector,"1104, 1114",True,0,200,152,-1103
1104,reduce_max,1103,,2,38.0,0,38,1,Scalar,1111,False,0,96,,-1104
1105,load,153,,1,38.0,1,38,256,Vector,"1106, 1117",True,0,201,153,-1105
1106,reduce_max,1105,,2,38.0,1,38,1,Scalar,1111,False,0,97,,-1106
1107,load,154,,1,38.0,2,38,256,Vector,"1108, 1120",True,0,202,154,-1107
1108,reduce_max,1107,,2,38.0,2,38,1,Scalar,1112,False,0,98,,-1108
1109,load,155,,1,38.0,3,38,256,Vector,"1110, 1123",True,0,203,155,-1109
1110,reduce_max,1109,,2,38.0,3,38,1,Scalar,1112,False,0,99,,-1110
1111,max,1104,1106,3,38.0,,38,1,Scalar,1113,False,0,100,,-1111
1112,max,1108,1110,3,38.0,,38,1,Scalar,1113,False,0,101,,-1112
1113,max,1111,1112,4,38.0,,38,1,Scalar,"1114, 1117, 1120, 1123, 1130",False,0,102,,-1113
1114,sub,1103,1113,5,38.0,0,38,256,Vector,1115,False,0,204,,-1114
1115,exp,1114,,6,38.0,0,38,256,Vector,1116,False,0,205,,-1115
1116,reduce_sum,1115,,7,38.0,0,38,1,Scalar,1126,False,0,103,,-1116
1117,sub,1105,1113,5,38.0,1,38,256,Vector,1118,False,0,206,,-1117
1118,exp,1117,,6,38.0,1,38,256,Vector,1119,False,0,207,,-1118
1119,reduce_sum,1118,,7,38.0,1,38,1,Scalar,1126,False,0,104,,-1119
1120,sub,1107,1113,5,38.0,2,38,256,Vector,1121,False,0,208,,-1120
1121,exp,1120,,6,38.0,2,38,256,Vector,1122,False,0,209,,-1121
1122,reduce_sum,1121,,7,38.0,2,38,1,Scalar,1127,False,0,105,,-1122
1123,sub,1109,1113,5,38.0,3,38,256,Vector,1124,False,0,210,,-1123
1124,exp,1123,,6,38.0,3,38,256,Vector,1125,False,0,211,,-1124
1125,reduce_sum,1124,,7,38.0,3,38,1,Scalar,1127,False,0,106,,-1125
1126,add,1116,1119,8,38.0,,38,1,Scalar,1128,False,0,107,,-1126
1127,add,1122,1125,8,38.0,,38,1,Scalar,1128,False,0,108,,-1127
1128,add,1126,1127,9,38.0,,38,1,Scalar,1129,False,0,109,,-1128
1129,ln,1128,,10,38.0,,38,1,Scalar,1130,False,0,110,,-1129
1130,add,1113,1129,11,38.0,,38,1,Scalar,1131,False,0,111,,-1130
1131,store,1130,38,12,38.0,,38,1,Scalar,,False,0,,38,-1131
1132,load,156,,1,39.0,0,39,256,Vector,"1133, 1143",True,0,212,156,-1132
1133,reduce_max,1132,,2,39.0,0,39,1,Scalar,1140,False,0,112,,-1133
1134,load,157,,1,39.0,1,39,256,Vector,"1135, 1146",True,0,213,157,-1134
1135,reduce_max,1134,,2,39.0,1,39,1,Scalar,1140,False,0,113,,-1135
1136,load,158,,1,39.0,2,39,256,Vector,"1137, 1149",True,0,214,158,-1136
1137,reduce_max,1136,,2,39.0,2,39,1,Scalar,1141,False,0,114,,-1137
1138,load,159,,1,39.0,3,39,256,Vector,"1139, 1152",True,0,215,159,-1138
1139,reduce_max,1138,,2,39.0,3,39,1,Scalar,1141,False,0,115,,-1139
1140,max,1133,1135,3,39.0,,39,1,Scalar,1142,False,0,116,,-1140
1141,max,1137,1139,3,39.0,,39,1,Scalar,1142,False,0,117,,-1141
1142,max,1140,1141,4,39.0,,39,1,Scalar,"1143, 1146, 1149, 1152, 1159",False,0,118,,-1142
1143,sub,1132,1142,5,39.0,0,39,256,Vector,1144,False,0,216,,-1143
1144,exp,1143,,6,39.0,0,39,256,Vector,1145,False,0,217,,-1144
1145,reduce_sum,1144,,7,39.0,0,39,1,Scalar,1155,False,0,119,,-1145
1146,sub,1134,1142,5,39.0,1,39,256,Vector,1147,False,0,218,,-1146
1147,exp,1146,,6,39.0,1,39,256,Vector,1148,False,0,219,,-1147
1148,reduce_sum,1147,,7,39.0,1,39,1,Scalar,1155,False,0,120,,-1148
1149,sub,1136,1142,5,39.0,2,39,256,Vector,1150,False,0,220,,-1149
1150,exp,1149,,6,39.0,2,39,256,Vector,1151,False,0,221,,-1150
1151,reduce_sum,1150,,7,39.0,2,39,1,Scalar,1156,False,0,121,,-1151
1152,sub,1138,1142,5,39.0,3,39,256,Vector,1153,False,0,222,,-1152
1153,exp,1152,,6,39.0,3,39,256,Vector,1154,False,0,223,,-1153
1154,reduce_sum,1153,,7,39.0,3,39,1,Scalar,1156,False,0,122,,-1154
1155,add,1145,1148,8,39.0,,39,1,Scalar,1157,False,0,123,,-1155
1156,add,1151,1154,8,39.0,,39,1,Scalar,1157,False,0,124,,-1156
1157,add,1155,1156,9,39.0,,39,1,Scalar,1158,False,0,125,,-1157
1158,ln,1157,,10,39.0,,39,1,Scalar,1159,False,0,126,,-1158
1159,add,1142,1158,11,39.0,,39,1,Scalar,1160,False,0,127,,-1159
1160,store,1159,39,12,39.0,,39,1,Scalar,,False,0,,39,-1160
1161,load,160,,1,40.0,0,40,256,Vector,"1162, 1172",True,0,224,160,-1161
1162,reduce_max,1161,,2,40.0,0,40,1,Scalar,1169,False,0,128,,-1162
1163,load,161,,1,40.0,1,40,256,Vector,"1164, 1175",True,0,225,161,-1163
1164,reduce_max,1163,,2,40.0,1,40,1,Scalar,1169,False,0,129,,-1164
1165,load,162,,1,40.0,2,40,256,Vector,"1166, 1178",True,0,226,162,-1165
1166,reduce_max,1165,,2,40.0,2,40,1,Scalar,1170,False,0,130,,-1166
1167,load,163,,1,40.0,3,40,256,Vector,"1168, 1181",True,0,227,163,-1167
1168,reduce_max,1167,,2,40.0,3,40,1,Scalar,1170,False,0,131,,-1168
1169,max,1162,1164,3,40.0,,40,1,Scalar,1171,False,0,132,,-1169
1170,max,1166,1168,3,40.0,,40,1,Scalar,1171,False,0,133,,-1170
1171,max,1169,1170,4,40.0,,40,1,Scalar,"1172, 1175, 1178, 1181, 1188",False,0,134,,-1171
1172,sub,1161,1171,5,40.0,0,40,256,Vector,1173,False,0,228,,-1172
1173,exp,1172,,6,40.0,0,40,256,Vector,1174,False,0,229,,-1173
1174,reduce_sum,1173,,7,40.0,0,40,1,Scalar,1184,False,0,135,,-1174
1175,sub,1163,1171,5,40.0,1,40,256,Vector,1176,False,0,230,,-1175
1176,exp,1175,,6,40.0,1,40,256,Vector,1177,False,0,231,,-1176
1177,reduce_sum,1176,,7,40.0,1,40,1,Scalar,1184,False,0,136,,-1177
1178,sub,1165,1171,5,40.0,2,40,256,Vector,1179,False,0,232,,-1178
1179,exp,1178,,6,40.0,2,40,256,Vector,1180,False,0,233,,-1179
1180,reduce_sum,1179,,7,40.0,2,40,1,Scalar,1185,False,0,137,,-1180
1181,sub,1167,1171,5,40.0,3,40,256,Vector,1182,False,0,234,,-1181
1182,exp,1181,,6,40.0,3,40,256,Vector,1183,False,0,235,,-1182
1183,reduce_sum,1182,,7,40.0,3,40,1,Scalar,1185,False,0,138,,-1183
1184,add,1174,1177,8,40.0,,40,1,Scalar,1186,False,0,139,,-1184
1185,add,1180,1183,8,40.0,,40,1,Scalar,1186,False,0,140,,-1185
1186,add,1184,1185,9,40.0,,40,1,Scalar,1187,False,0,141,,-1186
1187,ln,1186,,10,40.0,,40,1,Scalar,1188,False,0,142,,-1187
1188,add,1171,1187,11,40.0,,40,1,Scalar,1189,False,0,143,,-1188
1189,store,1188,40,12,40.0,,40,1,Scalar,,False,0,,40,-1189
1190,load,164,,1,41.0,0,41,256,Vector,"1191, 1201",True,0,236,164,-1190
1191,reduce_max,1190,,2,41.0,0,41,1,Scalar,1198,False,0,144,,-1191
1192,load,165,,1,41.0,1,41,256,Vector,"1193, 1204",True,0,237,165,-1192
1193,reduce_max,1192,,2,41.0,1,41,1,Scalar,1198,False,0,145,,-1193
1194,load,166,,1,41.0,2,41,256,Vector,"1195, 1207",True,0,238,166,-1194
1195,reduce_max,1194,,2,41.0,2,41,1,Scalar,1199,False,0,146,,-1195
1196,load,167,,1,41.0,3,41,256,Vector,"1197, 1210",True,0,239,167,-1196
1197,reduce_max,1196,,2,41.0,3,41,1,Scalar,1199,False,0,147,,-1197
1198,max,1191,1193,3,41.0,,41,1,Scalar,1200,False,0,148,,-1198
1199,max,1195,1197,3,41.0,,41,1,Scalar,1200,False,0,149,,-1199
1200,max,1198,1199,4,41.0,,41,1,Scalar,"1201, 1204, 1207, 1210, 1217",False,0,150,,-1200
1201,sub,1190,1200,5,41.0,0,41,256,Vector,1202,False,0,240,,-1201
1202,exp,1201,,6,41.0,0,41,256,Vector,1203,False,0,241,,-1202
1203,reduce_sum,1202,,7,41.0,0,41,1,Scalar,1213,False,0,151,,-1203
1204,sub,1192,1200,5,41.0,1,41,256,Vector,1205,False,0,242,,-1204
1205,exp,1204,,6,41.0,1,41,256,Vector,1206,False,0,243,,-1205
1206,reduce_sum,1205,,7,41.0,1,41,1,Scalar,1213,False,0,152,,-1206
1207,sub,1194,1200,5,41.0,2,41,256,Vector,1208,False,0,244,,-1207
1208,exp,1207,,6,41.0,2,41,256,Vector,1209,False,0,245,,-1208
1209,reduce_sum,1208,,7,41.0,2,41,1,Scalar,1214,False,0,153,,-1209
1210,sub,1196,1200,5,41.0,3,41,256,Vector,1211,False,0,246,,-1210
1211,exp,1210,,6,41.0,3,41,256,Vector,1212,False,0,247,,-1211
1212,reduce_sum,1211,,7,41.0,3,41,1,Scalar,1214,False,0,154,,-1212
1213,add,1203,1206,8,41.0,,41,1,Scalar,1215,False,0,155,,-1213
1214,add,1209,1212,8,41.0,,41,1,Scalar,1215,False,0,156,,-1214
1215,add,1213,1214,9,41.0,,41,1,Scalar,1216,False,0,157,,-1215
1216,ln,1215,,10,41.0,,41,1,Scalar,1217,False,0,158,,-1216
1217,add,1200,1216,11,41.0,,41,1,Scalar,1218,False,0,159,,-1217
1218,store,1217,41,12,41.0,,41,1,Scalar,,False,0,,41,-1218
1219,load,168,,1,42.0,0,42,256,Vector,"1220, 1230",True,0,248,168,-1219
1220,reduce_max,1219,,2,42.0,0,42,1,Scalar,1227,False,0,160,,-1220
1221,load,169,,1,42.0,1,42,256,Vector,"1222, 1233",True,0,249,169,-1221
1222,reduce_max,1221,,2,42.0,1,42,1,Scalar,1227,False,0,161,,-1222
1223,load,170,,1,42.0,2,42,256,Vector,"1224, 1236",True,0,250,170,-1223
1224,reduce_max,1223,,2,42.0,2,42,1,Scalar,1228,False,0,162,,-1224
1225,load,171,,1,42.0,3,42,256,Vector,"1226, 1239",True,0,251,171,-1225
1226,reduce_max,1225,,2,42.0,3,42,1,Scalar,1228,False,0,163,,-1226
1227,max,1220,1222,3,42.0,,42,1,Scalar,1229,False,0,164,,-1227
1228,max,1224,1226,3,42.0,,42,1,Scalar,1229,False,0,165,,-1228
1229,max,1227,1228,4,42.0,,42,1,Scalar,"1230, 1233, 1236, 1239, 1246",False,0,166,,-1229
1230,sub,1219,1229,5,42.0,0,42,256,Vector,1231,False,0,252,,-1230
1231,exp,1230,,6,42.0,0,42,256,Vector,1232,False,0,253,,-1231
1232,reduce_sum,1231,,7,42.0,0,42,1,Scalar,1242,False,0,167,,-1232
1233,sub,1221,1229,5,42.0,1,42,256,Vector,1234,False,0,254,,-1233
1234,exp,1233,,6,42.0,1,42,256,Vector,1235,False,0,255,,-1234
1235,reduce_sum,1234,,7,42.0,1,42,1,Scalar,1242,False,0,168,,-1235
1236,sub,1223,1229,5,42.0,2,42,256,Vector,1237,False,0,0,,-1236
1237,exp,1236,,6,42.0,2,42,256,Vector,1238,False,0,1,,-1237
1238,reduce_sum,1237,,7,42.0,2,42,1,Scalar,1243,False,0,169,,-1238
1239,sub,1225,1229,5,42.0,3,42,256,Vector,1240,False,0,2,,-1239
1240,exp,1239,,6,42.0,3,42,256,Vector,1241,False,0,3,,-1240
1241,reduce_sum,1240,,7,42.0,3,42,1,Scalar,1243,False,0,170,,-1241
1242,add,1232,1235,8,42.0,,42,1,Scalar,1244,False,0,171,,-1242
1243,add,1238,1241,8,42.0,,42,1,Scalar,1244,False,0,172,,-1243
1244,add,1242,1243,9,42.0,,42,1,Scalar,1245,False,0,173,,-1244
1245,ln,1244,,10,42.0,,42,1,Scalar,1246,False,0,174,,-1245
1246,add,1229,1245,11,42.0,,42,1,Scalar,1247,False,0,175,,-1246
1247,store,1246,42,12,42.0,,42,1,Scalar,,False,0,,42,-1247
1248,load,172,,1,43.0,0,43,256,Vector,"1249, 1259",True,0,4,172,-1248
1249,reduce_max,1248,,2,43.0,0,43,1,Scalar,1256,False,0,176,,-1249
1250,load,173,,1,43.0,1,43,256,Vector,"1251, 1262",True,0,5,173,-1250
1251,reduce_max,1250,,2,43.0,1,43,1,Scalar,1256,False,0,177,,-1251
1252,load,174,,1,43.0,2,43,256,Vector,"1253, 1265",True,0,6,174,-1252
1253,reduce_max,1252,,2,43.0,2,43,1,Scalar,1257,False,0,178,,-1253
1254,load,175,,1,43.0,3,43,256,Vector,"1255, 1268",True,0,7,175,-1254
1255,reduce_max,1254,,2,43.0,3,43,1,Scalar,1257,False,0,179,,-1255
1256,max,1249,1251,3,43.0,,43,1,Scalar,1258,False,0,180,,-1256
1257,max,1253,1255,3,43.0,,43,1,Scalar,1258,False,0,181,,-1257
1258,max,1256,1257,4,43.0,,43,1,Scalar,"1259, 1262, 1265, 1268, 1275",False,0,182,,-1258
1259,sub,1248,1258,5,43.0,0,43,256,Vector,1260,False,0,8,,-1259
1260,exp,1259,,6,43.0,0,43,256,Vector,1261,False,0,9,,-1260
1261,reduce_sum,1260,,7,43.0,0,43,1,Scalar,1271,False,0,183,,-1261
1262,sub,1250,1258,5,43.0,1,43,256,Vector,1263,False,0,10,,-1262
1263,exp,1262,,6,43.0,1,43,256,Vector,1264,False,0,11,,-1263
1264,reduce_sum,1263,,7,43.0,1,43,1,Scalar,1271,False,0,184,,-1264
1265,sub,1252,1258,5,43.0,2,43,256,Vector,1266,False,0,12,,-1265
1266,exp,1265,,6,43.0,2,43,256,Vector,1267,False,0,13,,-1266
1267,reduce_sum,1266,,7,43.0,2,43,1,Scalar,1272,False,0,185,,-1267
1268,sub,1254,1258,5,43.0,3,43,256,Vector,1269,False,0,14,,-1268
1269,exp,1268,,6,43.0,3,43,256,Vector,1270,False,0,15,,-1269
1270,reduce_sum,1269,,7,43.0,3,43,1,Scalar,1272,False,0,186,,-1270
1271,add,1261,1264,8,43.0,,43,1,Scalar,1273,False,0,187,,-1271
1272,add,1267,1270,8,43.0,,43,1,Scalar,1273,False,0,188,,-1272
1273,add,1271,1272,9,43.0,,43,1,Scalar,1274,False,0,189,,-1273
1274,ln,1273,,10,43.0,,43,1,Scalar,1275,False,0,190,,-1274
1275,add,1258,1274,11,43.0,,43,1,Scalar,1276,False,0,191,,-1275
1276,store,1275,43,12,43.0,,43,1,Scalar,,False,0,,43,-1276
1277,load,176,,1,44.0,0,44,256,Vector,"1278, 1288",True,0,16,176,-1277
1278,reduce_max,1277,,2,44.0,0,44,1,Scalar,1285,False,0,192,,-1278
1279,load,177,,1,44.0,1,44,256,Vector,"1280, 1291",True,0,17,177,-1279
1280,reduce_max,1279,,2,44.0,1,44,1,Scalar,1285,False,0,193,,-1280
1281,load,178,,1,44.0,2,44,256,Vector,"1282, 1294",True,0,18,178,-1281
1282,reduce_max,1281,,2,44.0,2,44,1,Scalar,1286,False,0,194,,-1282
1283,load,179,,1,44.0,3,44,256,Vector,"1284, 1297",True,0,19,179,-1283
1284,reduce_max,1283,,2,44.0,3,44,1,Scalar,1286,False,0,195,,-1284
1285,max,1278,1280,3,44.0,,44,1,Scalar,1287,False,0,196,,-1285
1286,max,1282,1284,3,44.0,,44,1,Scalar,1287,False,0,197,,-1286
1287,max,1285,1286,4,44.0,,44,1,Scalar,"1288, 1291, 1294, 1297, 1304",False,0,198,,-1287
1288,sub,1277,1287,5,44.0,0,44,256,Vector,1289,False,0,20,,-1288
1289,exp,1288,,6,44.0,0,44,256,Vector,1290,False,0,21,,-1289
1290,reduce_sum,1289,,7,44.0,0,44,1,Scalar,1300,False,0,199,,-1290
1291,sub,1279,1287,5,44.0,1,44,256,Vector,1292,False,0,22,,-1291
1292,exp,1291,,6,44.0,1,44,256,Vector,1293,False,0,23,,-1292
1293,reduce_sum,1292,,7,44.0,1,44,1,Scalar,1300,False,0,200,,-1293
1294,sub,1281,1287,5,44.0,2,44,256,Vector,1295,False,0,24,,-1294
1295,exp,1294,,6,44.0,2,44,256,Vector,1296,False,0,25,,-1295
1296,reduce_sum,1295,,7,44.0,2,44,1,Scalar,1301,False,0,201,,-1296
1297,sub,1283,1287,5,44.0,3,44,256,Vector,1298,False,0,26,,-1297
1298,exp,1297,,6,44.0,3,44,256,Vector,1299,False,0,27,,-1298
1299,reduce_sum,1298,,7,44.0,3,44,1,Scalar,1301,False,0,202,,-1299
1300,add,1290,1293,8,44.0,,44,1,Scalar,1302,False,0,203,,-1300
1301,add,1296,1299,8,44.0,,44,1,Scalar,1302,False,0,204,,-1301
1302,add,1300,1301,9,44.0,,44,1,Scalar,1303,False,0,205,,-1302
1303,ln,1302,,10,44.0,,44,1,Scalar,1304,False,0,206,,-1303
1304,add,1287,1303,11,44.0,,44,1,Scalar,1305,False,0,207,,-1304
1305,store,1304,44,12,44.0,,44,1,Scalar,,False,0,,44,-1305
1306,load,180,,1,45.0,0,45,256,Vector,"1307, 1317",True,0,28,180,-1306
1307,reduce_max,1306,,2,45.0,0,45,1,Scalar,1314,False,0,208,,-1307
1308,load,181,,1,45.0,1,45,256,Vector,"1309, 1320",True,0,29,181,-1308
1309,reduce_max,1308,,2,45.0,1,45,1,Scalar,1314,False,0,209,,-1309
1310,load,182,,1,45.0,2,45,256,Vector,"1311, 1323",True,0,30,182,-1310
1311,reduce_max,1310,,2,45.0,2,45,1,Scalar,1315,False,0,210,,-1311
1312,load,183,,1,45.0,3,45,256,Vector,"1313, 1326",True,0,31,183,-1312
1313,reduce_max,1312,,2,45.0,3,45,1,Scalar,1315,False,0,211,,-1313
1314,max,1307,1309,3,45.0,,45,1,Scalar,1316,False,0,212,,-1314
1315,max,1311,1313,3,45.0,,45,1,Scalar,1316,False,0,213,,-1315
1316,max,1314,1315,4,45.0,,45,1,Scalar,"1317, 1320, 1323, 1326, 1333",False,0,214,,-1316
1317,sub,1306,1316,5,45.0,0,45,256,Vector,1318,False,0,32,,-1317
1318,exp,1317,,6,45.0,0,45,256,Vector,1319,False,0,33,,-1318
1319,reduce_sum,1318,,7,45.0,0,45,1,Scalar,1329,False,0,215,,-1319
1320,sub,1308,1316,5,45.0,1,45,256,Vector,1321,False,0,34,,-1320
1321,exp,1320,,6,45.0,1,45,256,Vector,1322,False,0,35,,-1321
1322,reduce_sum,1321,,7,45.0,1,45,1,Scalar,1329,False,0,216,,-1322
1323,sub,1310,1316,5,45.0,2,45,256,Vector,1324,False,0,36,,-1323
1324,exp,1323,,6,45.0,2,45,256,Vector,1325,False,0,37,,-1324
1325,reduce_sum,1324,,7,45.0,2,45,1,Scalar,1330,False,0,217,,-1325
1326,sub,1312,1316,5,45.0,3,45,256,Vector,1327,False,0,38,,-1326
1327,exp,1326,,6,45.0,3,45,256,Vector,1328,False,0,39,,-1327
1328,reduce_sum,1327,,7,45.0,3,45,1,Scalar,1330,False,0,218,,-1328
1329,add,1319,1322,8,45.0,,45,1,Scalar,1331,False,0,219,,-1329
1330,add,1325,1328,8,45.0,,45,1,Scalar,1331,False,0,220,,-1330
1331,add,1329,1330,9,45.0,,45,1,Scalar,1332,False,0,221,,-1331
1332,ln,1331,,10,45.0,,45,1,Scalar,1333,False,0,222,,-1332
1333,add,1316,1332,11,45.0,,45,1,Scalar,1334,False,0,223,,-1333
1334,store,1333,45,12,45.0,,45,1,Scalar,,False,0,,45,-1334
1335,load,184,,1,46.0,0,46,256,Vector,"1336, 1346",True,0,40,184,-1335
1336,reduce_max,1335,,2,46.0,0,46,1,Scalar,1343,False,0,224,,-1336
1337,load,185,,1,46.0,1,46,256,Vector,"1338, 1349",True,0,41,185,-1337
1338,reduce_max,1337,,2,46.0,1,46,1,Scalar,1343,False,0,225,,-1338
1339,load,186,,1,46.0,2,46,256,Vector,"1340, 1352",True,0,42,186,-1339
1340,reduce_max,1339,,2,46.0,2,46,1,Scalar,1344,False,0,226,,-1340
1341,load,187,,1,46.0,3,46,256,Vector,"1342, 1355",True,0,43,187,-1341
1342,reduce_max,1341,,2,46.0,3,46,1,Scalar,1344,False,0,227,,-1342
1343,max,1336,1338,3,46.0,,46,1,Scalar,1345,False,0,228,,-1343
1344,max,1340,1342,3,46.0,,46,1,Scalar,1345,False,0,229,,-1344
1345,max,1343,1344,4,46.0,,46,1,Scalar,"1346, 1349, 1352, 1355, 1362",False,0,230,,-1345
1346,sub,1335,1345,5,46.0,0,46,256,Vector,1347,False,0,44,,-1346
1347,exp,1346,,6,46.0,0,46,256,Vector,1348,False,0,45,,-1347
1348,reduce_sum,1347,,7,46.0,0,46,1,Scalar,1358,False,0,231,,-1348
1349,sub,1337,1345,5,46.0,1,46,256,Vector,1350,False,0,46,,-1349
1350,exp,1349,,6,46.0,1,46,256,Vector,1351,False,0,47,,-1350
1351,reduce_sum,1350,,7,46.0,1,46,1,Scalar,1358,False,0,232,,-1351
1352,sub,1339,1345,5,46.0,2,46,256,Vector,1353,False,0,48,,-1352
1353,exp,1352,,6,46.0,2,46,256,Vector,1354,False,0,49,,-1353
1354,reduce_sum,1353,,7,46.0,2,46,1,Scalar,1359,False,0,233,,-1354
1355,sub,1341,1345,5,46.0,3,46,256,Vector,1356,False,0,50,,-1355
1356,exp,1355,,6,46.0,3,46,256,Vector,1357,False,0,51,,-1356
1357,reduce_sum,1356,,7,46.0,3,46,1,Scalar,1359,False,0,234,,-1357
1358,add,1348,1351,8,46.0,,46,1,Scalar,1360,False,0,235,,-1358
1359,add,1354,1357,8,46.0,,46,1,Scalar,1360,False,0,236,,-1359
1360,add,1358,1359,9,46.0,,46,1,Scalar,1361,False,0,237,,-1360
1361,ln,1360,,10,46.0,,46,1,Scalar,1362,False,0,238,,-1361
1362,add,1345,1361,11,46.0,,46,1,Scalar,1363,False,0,239,,-1362
1363,store,1362,46,12,46.0,,46,1,Scalar,,False,0,,46,-1363
1364,load,188,,1,47.0,0,47,256,Vector,"1365, 1375",True,0,52,188,-1364
1365,reduce_max,1364,,2,47.0,0,47,1,Scalar,1372,False,0,240,,-1365
1366,load,189,,1,47.0,1,47,256,Vector,"1367, 1378",True,0,53,189,-1366
1367,reduce_max,1366,,2,47.0,1,47,1,Scalar,1372,False,0,241,,-1367
1368,load,190,,1,47.0,2,47,256,Vector,"1369, 1381",True,0,54,190,-1368
1369,reduce_max,1368,,2,47.0,2,47,1,Scalar,1373,False,0,242,,-1369
1370,load,191,,1,47.0,3,47,256,Vector,"1371, 1384",True,0,55,191,-1370
1371,reduce_max,1370,,2,47.0,3,47,1,Scalar,1373,False,0,243,,-1371
1372,max,1365,1367,3,47.0,,47,1,Scalar,1374,False,0,244,,-1372
1373,max,1369,1371,3,47.0,,47,1,Scalar,1374,False,0,245,,-1373
1374,max,1372,1373,4,47.0,,47,1,Scalar,"1375, 1378, 1381, 1384, 1391",False,0,246,,-1374
1375,sub,1364,1374,5,47.0,0,47,256,Vector,1376,False,0,56,,-1375
1376,exp,1375,,6,47.0,0,47,256,Vector,1377,False,0,57,,-1376
1377,reduce_sum,1376,,7,47.0,0,47,1,Scalar,1387,False,0,247,,-1377
1378,sub,1366,1374,5,47.0,1,47,256,Vector,1379,False,0,58,,-1378
1379,exp,1378,,6,47.0,1,47,256,Vector,1380,False,0,59,,-1379
1380,reduce_sum,1379,,7,47.0,1,47,1,Scalar,1387,False,0,248,,-1380
1381,sub,1368,1374,5,47.0,2,47,256,Vector,1382,False,0,60,,-1381
1382,exp,1381,,6,47.0,2,47,256,Vector,1383,False,0,61,,-1382
1383,reduce_sum,1382,,7,47.0,2,47,1,Scalar,1388,False,0,249,,-1383
1384,sub,1370,1374,5,47.0,3,47,256,Vector,1385,False,0,62,,-1384
1385,exp,1384,,6,47.0,3,47,256,Vector,1386,False,0,63,,-1385
1386,reduce_sum,1385,,7,47.0,3,47,1,Scalar,1388,False,0,250,,-1386
1387,add,1377,1380,8,47.0,,47,1,Scalar,1389,False,0,251,,-1387
1388,add,1383,1386,8,47.0,,47,1,Scalar,1389,False,0,252,,-1388
1389,add,1387,1388,9,47.0,,47,1,Scalar,1390,False,0,253,,-1389
1390,ln,1389,,10,47.0,,47,1,Scalar,1391,False,0,254,,-1390
1391,add,1374,1390,11,47.0,,47,1,Scalar,1392,False,0,255,,-1391
1392,store,1391,47,12,47.0,,47,1,Scalar,,False,0,,47,-1392
1393,load,192,,1,48.0,0,48,256,Vector,"1394, 1404",True,0,64,192,-1393
1394,reduce_max,1393,,2,48.0,0,48,1,Scalar,1401,False,0,0,,-1394
1395,load,193,,1,48.0,1,48,256,Vector,"1396, 1407",True,0,65,193,-1395
1396,reduce_max,1395,,2,48.0,1,48,1,Scalar,1401,False,0,1,,-1396
1397,load,194,,1,48.0,2,48,256,Vector,"1398, 1410",True,0,66,194,-1397
1398,reduce_max,1397,,2,48.0,2,48,1,Scalar,1402,False,0,2,,-1398
1399,load,195,,1,48.0,3,48,256,Vector,"1400, 1413",True,0,67,195,-1399
1400,reduce_max,1399,,2,48.0,3,48,1,Scalar,1402,False,0,3,,-1400
1401,max,1394,1396,3,48.0,,48,1,Scalar,1403,False,0,4,,-1401
1402,max,1398,1400,3,48.0,,48,1,Scalar,1403,False,0,5,,-1402
1403,max,1401,1402,4,48.0,,48,1,Scalar,"1404, 1407, 1410, 1413, 1420",False,0,6,,-1403
1404,sub,1393,1403,5,48.0,0,48,256,Vector,1405,False,0,68,,-1404
1405,exp,1404,,6,48.0,0,48,256,Vector,1406,False,0,69,,-1405
1406,reduce_sum,1405,,7,48.0,0,48,1,Scalar,1416,False,0,7,,-1406
1407,sub,1395,1403,5,48.0,1,48,256,Vector,1408,False,0,70,,-1407
1408,exp,1407,,6,48.0,1,48,256,Vector,1409,False,0,71,,-1408
1409,reduce_sum,1408,,7,48.0,1,48,1,Scalar,1416,False,0,8,,-1409
1410,sub,1397,1403,5,48.0,2,48,256,Vector,1411,False,0,72,,-1410
1411,exp,1410,,6,48.0,2,48,256,Vector,1412,False,0,73,,-1411
1412,reduce_sum,1411,,7,48.0,2,48,1,Scalar,1417,False,0,9,,-1412
1413,sub,1399,1403,5,48.0,3,48,256,Vector,1414,False,0,74,,-1413
1414,exp,1413,,6,48.0,3,48,256,Vector,1415,False,0,75,,-1414
1415,reduce_sum,1414,,7,48.0,3,48,1,Scalar,1417,False,0,10,,-1415
1416,add,1406,1409,8,48.0,,48,1,Scalar,1418,False,0,11,,-1416
1417,add,1412,1415,8,48.0,,48,1,Scalar,1418,False,0,12,,-1417
1418,add,1416,1417,9,48.0,,48,1,Scalar,1419,False,0,13,,-1418
1419,ln,1418,,10,48.0,,48,1,Scalar,1420,False,0,14,,-1419
1420,add,1403,1419,11,48.0,,48,1,Scalar,1421,False,0,15,,-1420
1421,store,1420,48,12,48.0,,48,1,Scalar,,False,0,,48,-1421
1422,load,196,,1,49.0,0,49,256,Vector,"1423, 1433",True,0,76,196,-1422
1423,reduce_max,1422,,2,49.0,0,49,1,Scalar,1430,False,0,16,,-1423
1424,load,197,,1,49.0,1,49,256,Vector,"1425, 1436",True,0,77,197,-1424
1425,reduce_max,1424,,2,49.0,1,49,1,Scalar,1430,False,0,17,,-1425
1426,load,198,,1,49.0,2,49,256,Vector,"1427, 1439",True,0,78,198,-1426
1427,reduce_max,1426,,2,49.0,2,49,1,Scalar,1431,False,0,18,,-1427
1428,load,199,,1,49.0,3,49,256,Vector,"1429, 1442",True,0,79,199,-1428
1429,reduce_max,1428,,2,49.0,3,49,1,Scalar,1431,False,0,19,,-1429
1430,max,1423,1425,3,49.0,,49,1,Scalar,1432,False,0,20,,-1430
1431,max,1427,1429,3,49.0,,49,1,Scalar,1432,False,0,21,,-1431
1432,max,1430,1431,4,49.0,,49,1,Scalar,"1433, 1436, 1439, 1442, 1449",False,0,22,,-1432
1433,sub,1422,1432,5,49.0,0,49,256,Vector,1434,False,0,80,,-1433
1434,exp,1433,,6,49.0,0,49,256,Vector,1435,False,0,81,,-1434
1435,reduce_sum,1434,,7,49.0,0,49,1,Scalar,1445,False,0,23,,-1435
1436,sub,1424,1432,5,49.0,1,49,256,Vector,1437,False,0,82,,-1436
1437,exp,1436,,6,49.0,1,49,256,Vector,1438,False,0,83,,-1437
1438,reduce_sum,1437,,7,49.0,1,49,1,Scalar,1445,False,0,24,,-1438
1439,sub,1426,1432,5,49.0,2,49,256,Vector,1440,False,0,84,,-1439
1440,exp,1439,,6,49.0,2,49,256,Vector,1441,False,0,85,,-1440
1441,reduce_sum,1440,,7,49.0,2,49,1,Scalar,1446,False,0,25,,-1441
1442,sub,1428,1432,5,49.0,3,49,256,Vector,1443,False,0,86,,-1442
1443,exp,1442,,6,49.0,3,49,256,Vector,1444,False,0,87,,-1443
1444,reduce_sum,1443,,7,49.0,3,49,1,Scalar,1446,False,0,26,,-1444
1445,add,1435,1438,8,49.0,,49,1,Scalar,1447,False,0,27,,-1445
1446,add,1441,1444,8,49.0,,49,1,Scalar,1447,False,0,28,,-1446
1447,add,1445,1446,9,49.0,,49,1,Scalar,1448,False,0,29,,-1447
1448,ln,1447,,10,49.0,,49,1,Scalar,1449,False,0,30,,-1448
1449,add,1432,1448,11,49.0,,49,1,Scalar,1450,False,0,31,,-1449
1450,store,1449,49,12,49.0,,49,1,Scalar,,False,0,,49,-1450
1451,load,200,,1,50.0,0,50,256,Vector,"1452, 1462",True,0,88,200,-1451
1452,reduce_max,1451,,2,50.0,0,50,1,Scalar,1459,False,0,32,,-1452
1453,load,201,,1,50.0,1,50,256,Vector,"1454, 1465",True,0,89,201,-1453
1454,reduce_max,1453,,2,50.0,1,50,1,Scalar,1459,False,0,33,,-1454
1455,load,202,,1,50.0,2,50,256,Vector,"1456, 1468",True,0,90,202,-1455
1456,reduce_max,1455,,2,50.0,2,50,1,Scalar,1460,False,0,34,,-1456
1457,load,203,,1,50.0,3,50,256,Vector,"1458, 1471",True,0,91,203,-1457
1458,reduce_max,1457,,2,50.0,3,50,1,Scalar,1460,False,0,35,,-1458
1459,max,1452,1454,3,50.0,,50,1,Scalar,1461,False,0,36,,-1459
1460,max,1456,1458,3,50.0,,50,1,Scalar,1461,False,0,37,,-1460
1461,max,1459,1460,4,50.0,,50,1,Scalar,"1462, 1465, 1468, 1471, 1478",False,0,38,,-1461
1462,sub,1451,1461,5,50.0,0,50,256,Vector,1463,False,0,92,,-1462
1463,exp,1462,,6,50.0,0,50,256,Vector,1464,False,0,93,,-1463
1464,reduce_sum,1463,,7,50.0,0,50,1,Scalar,1474,False,0,39,,-1464
1465,sub,1453,1461,5,50.0,1,50,256,Vector,1466,False,0,94,,-1465
1466,exp,1465,,6,50.0,1,50,256,Vector,1467,False,0,95,,-1466
1467,reduce_sum,1466,,7,50.0,1,50,1,Scalar,1474,False,0,40,,-1467
1468,sub,1455,1461,5,50.0,2,50,256,Vector,1469,False,0,96,,-1468
1469,exp,1468,,6,50.0,2,50,256,Vector,1470,False,0,97,,-1469
1470,reduce_sum,1469,,7,50.0,2,50,1,Scalar,1475,False,0,41,,-1470
1471,sub,1457,1461,5,50.0,3,50,256,Vector,1472,False,0,98,,-1471
1472,exp,1471,,6,50.0,3,50,256,Vector,1473,False,0,99,,-1472
1473,reduce_sum,1472,,7,50.0,3,50,1,Scalar,1475,False,0,42,,-1473
1474,add,1464,1467,8,50.0,,50,1,Scalar,1476,False,0,43,,-1474
1475,add,1470,1473,8,50.0,,50,1,Scalar,1476,False,0,44,,-1475
1476,add,1474,1475,9,50.0,,50,1,Scalar,1477,False,0,45,,-1476
1477,ln,1476,,10,50.0,,50,1,Scalar,1478,False,0,46,,-1477
1478,add,1461,1477,11,50.0,,50,1,Scalar,1479,False,0,47,,-1478
1479,store,1478,50,12,50.0,,50,1,Scalar,,False,0,,50,-1479
1480,load,204,,1,51.0,0,51,256,Vector,"1481, 1491",True,0,100,204,-1480
1481,reduce_max,1480,,2,51.0,0,51,1,Scalar,1488,False,0,48,,-1481
1482,load,205,,1,51.0,1,51,256,Vector,"1483, 1494",True,0,101,205,-1482
1483,reduce_max,1482,,2,51.0,1,51,1,Scalar,1488,False,0,49,,-1483
1484,load,206,,1,51.0,2,51,256,Vector,"1485, 1497",True,0,102,206,-1484
1485,reduce_max,1484,,2,51.0,2,51,1,Scalar,1489,False,0,50,,-1485
1486,load,207,,1,51.0,3,51,256,Vector,"1487, 1500",True,0,103,207,-1486
1487,reduce_max,1486,,2,51.0,3,51,1,Scalar,1489,False,0,51,,-1487
1488,max,1481,1483,3,51.0,,51,1,Scalar,1490,False,0,52,,-1488
1489,max,1485,1487,3,51.0,,51,1,Scalar,1490,False,0,53,,-1489
1490,max,1488,1489,4,51.0,,51,1,Scalar,"1491, 1494, 1497, 1500, 1507",False,0,54,,-1490
1491,sub,1480,1490,5,51.0,0,51,256,Vector,1492,False,0,104,,-1491
1492,exp,1491,,6,51.0,0,51,256,Vector,1493,False,0,105,,-1492
1493,reduce_sum,1492,,7,51.0,0,51,1,Scalar,1503,False,0,55,,-1493
1494,sub,1482,1490,5,51.0,1,51,256,Vector,1495,False,0,106,,-1494
1495,exp,1494,,6,51.0,1,51,256,Vector,1496,False,0,107,,-1495
1496,reduce_sum,1495,,7,51.0,1,51,1,Scalar,1503,False,0,56,,-1496
1497,sub,1484,1490,5,51.0,2,51,256,Vector,1498,False,0,108,,-1497
1498,exp,1497,,6,51.0,2,51,256,Vector,1499,False,0,109,,-1498
1499,reduce_sum,1498,,7,51.0,2,51,1,Scalar,1504,False,0,57,,-1499
1500,sub,1486,1490,5,51.0,3,51,256,Vector,1501,False,0,110,,-1500
1501,exp,1500,,6,51.0,3,51,256,Vector,1502,False,0,111,,-1501
1502,reduce_sum,1501,,7,51.0,3,51,1,Scalar,1504,False,0,58,,-1502
1503,add,1493,1496,8,51.0,,51,1,Scalar,1505,False,0,59,,-1503
1504,add,1499,1502,8,51.0,,51,1,Scalar,1505,False,0,60,,-1504
1505,add,1503,1504,9,51.0,,51,1,Scalar,1506,False,0,61,,-1505
1506,ln,1505,,10,51.0,,51,1,Scalar,1507,False,0,62,,-1506
1507,add,1490,1506,11,51.0,,51,1,Scalar,1508,False,0,63,,-1507
1508,store,1507,51,12,51.0,,51,1,Scalar,,False,0,,51,-1508
1509,load,208,,1,52.0,0,52,256,Vector,"1510, 1520",True,0,112,208,-1509
1510,reduce_max,1509,,2,52.0,0,52,1,Scalar,1517,False,0,64,,-1510
1511,load,209,,1,52.0,1,52,256,Vector,"1512, 1523",True,0,113,209,-1511
1512,reduce_max,1511,,2,52.0,1,52,1,Scalar,1517,False,0,65,,-1512
1513,load,210,,1,52.0,2,52,256,Vector,"1514, 1526",True,0,114,210,-1513
1514,reduce_max,1513,,2,52.0,2,52,1,Scalar,1518,False,0,66,,-1514
1515,load,211,,1,52.0,3,52,256,Vector,"1516, 1529",True,0,115,211,-1515
1516,reduce_max,1515,,2,52.0,3,52,1,Scalar,1518,False,0,67,,-1516
1517,max,1510,1512,3,52.0,,52,1,Scalar,1519,False,0,68,,-1517
1518,max,1514,1516,3,52.0,,52,1,Scalar,1519,False,0,69,,-1518
1519,max,1517,1518,4,52.0,,52,1,Scalar,"1520, 1523, 1526, 1529, 1536",False,0,70,,-1519
1520,sub,1509,1519,5,52.0,0,52,256,Vector,1521,False,0,116,,-1520
1521,exp,1520,,6,52.0,0,52,256,Vector,1522,False,0,117,,-1521
1522,reduce_sum,1521,,7,52.0,0,52,1,Scalar,1532,False,0,71,,-1522
1523,sub,1511,1519,5,52.0,1,52,256,Vector,1524,False,0,118,,-1523
1524,exp,1523,,6,52.0,1,52,256,Vector,1525,False,0,119,,-1524
1525,reduce_sum,1524,,7,52.0,1,52,1,Scalar,1532,False,0,72,,-1525
1526,sub,1513,1519,5,52.0,2,52,256,Vector,1527,False,0,120,,-1526
1527,exp,1526,,6,52.0,2,52,256,Vector,1528,False,0,121,,-1527
1528,reduce_sum,1527,,7,52.0,2,52,1,Scalar,1533,False,0,73,,-1528
1529,sub,1515,1519,5,52.0,3,52,256,Vector,1530,False,0,122,,-1529
1530,exp,1529,,6,52.0,3,52,256,Vector,1531,False,0,123,,-1530
1531,reduce_sum,1530,,7,52.0,3,52,1,Scalar,1533,False,0,74,,-1531
1532,add,1522,1525,8,52.0,,52,1,Scalar,1534,False,0,75,,-1532
1533,add,1528,1531,8,52.0,,52,1,Scalar,1534,False,0,76,,-1533
1534,add,1532,1533,9,52.0,,52,1,Scalar,1535,False,0,77,,-1534
1535,ln,1534,,10,52.0,,52,1,Scalar,1536,False,0,78,,-1535
1536,add,1519,1535,11,52.0,,52,1,Scalar,1537,False,0,79,,-1536
1537,store,1536,52,12,52.0,,52,1,Scalar,,False,0,,52,-1537
1538,load,212,,1,53.0,0,53,256,Vector,"1539, 1549",True,0,124,212,-1538
1539,reduce_max,1538,,2,53.0,0,53,1,Scalar,1546,False,0,80,,-1539
1540,load,213,,1,53.0,1,53,256,Vector,"1541, 1552",True,0,125,213,-1540
1541,reduce_max,1540,,2,53.0,1,53,1,Scalar,1546,False,0,81,,-1541
1542,load,214,,1,53.0,2,53,256,Vector,"1543, 1555",True,0,126,214,-1542
1543,reduce_max,1542,,2,53.0,2,53,1,Scalar,1547,False,0,82,,-1543
1544,load,215,,1,53.0,3,53,256,Vector,"1545, 1558",True,0,127,215,-1544
1545,reduce_max,1544,,2,53.0,3,53,1,Scalar,1547,False,0,83,,-1545
1546,max,1539,1541,3,53.0,,53,1,Scalar,1548,False,0,84,,-1546
1547,max,1543,1545,3,53.0,,53,1,Scalar,1548,False,0,85,,-1547
1548,max,1546,1547,4,53.0,,53,1,Scalar,"1549, 1552, 1555, 1558, 1565",False,0,86,,-1548
1549,sub,1538,1548,5,53.0,0,53,256,Vector,1550,False,0,128,,-1549
1550,exp,1549,,6,53.0,0,53,256,Vector,1551,False,0,129,,-1550
1551,reduce_sum,1550,,7,53.0,0,53,1,Scalar,1561,False,0,87,,-1551
1552,sub,1540,1548,5,53.0,1,53,256,Vector,1553,False,0,130,,-1552
1553,exp,1552,,6,53.0,1,53,256,Vector,1554,False,0,131,,-1553
1554,reduce_sum,1553,,7,53.0,1,53,1,Scalar,1561,False,0,88,,-1554
1555,sub,1542,1548,5,53.0,2,53,256,Vector,1556,False,0,132,,-1555
1556,exp,1555,,6,53.0,2,53,256,Vector,1557,False,0,133,,-1556
1557,reduce_sum,1556,,7,53.0,2,53,1,Scalar,1562,False,0,89,,-1557
1558,sub,1544,1548,5,53.0,3,53,256,Vector,1559,False,0,134,,-1558
1559,exp,1558,,6,53.0,3,53,256,Vector,1560,False,0,135,,-1559
1560,reduce_sum,1559,,7,53.0,3,53,1,Scalar,1562,False,0,90,,-1560
1561,add,1551,1554,8,53.0,,53,1,Scalar,1563,False,0,91,,-1561
1562,add,1557,1560,8,53.0,,53,1,Scalar,1563,False,0,92,,-1562
1563,add,1561,1562,9,53.0,,53,1,Scalar,1564,False,0,93,,-1563
1564,ln,1563,,10,53.0,,53,1,Scalar,1565,False,0,94,,-1564
1565,add,1548,1564,11,53.0,,53,1,Scalar,1566,False,0,95,,-1565
1566,store,1565,53,12,53.0,,53,1,Scalar,,False,0,,53,-1566
1567,load,216,,1,54.0,0,54,256,Vector,"1568, 1578",True,0,136,216,-1567
1568,reduce_max,1567,,2,54.0,0,54,1,Scalar,1575,False,0,96,,-1568
1569,load,217,,1,54.0,1,54,256,Vector,"1570, 1581",True,0,137,217,-1569
1570,reduce_max,1569,,2,54.0,1,54,1,Scalar,1575,False,0,97,,-1570
1571,load,218,,1,54.0,2,54,256,Vector,"1572, 1584",True,0,138,218,-1571
1572,reduce_max,1571,,2,54.0,2,54,1,Scalar,1576,False,0,98,,-1572
1573,load,219,,1,54.0,3,54,256,Vector,"1574, 1587",True,0,139,219,-1573
1574,reduce_max,1573,,2,54.0,3,54,1,Scalar,1576,False,0,99,,-1574
1575,max,1568,1570,3,54.0,,54,1,Scalar,1577,False,0,100,,-1575
1576,max,1572,1574,3,54.0,,54,1,Scalar,1577,False,0,101,,-1576
1577,max,1575,1576,4,54.0,,54,1,Scalar,"1578, 1581, 1584, 1587, 1594",False,0,102,,-1577
1578,sub,1567,1577,5,54.0,0,54,256,Vector,1579,False,0,140,,-1578
1579,exp,1578,,6,54.0,0,54,256,Vector,1580,False,0,141,,-1579
1580,reduce_sum,1579,,7,54.0,0,54,1,Scalar,1590,False,0,103,,-1580
1581,sub,1569,1577,5,54.0,1,54,256,Vector,1582,False,0,142,,-1581
1582,exp,1581,,6,54.0,1,54,256,Vector,1583,False,0,143,,-1582
1583,reduce_sum,1582,,7,54.0,1,54,1,Scalar,1590,False,0,104,,-1583
1584,sub,1571,1577,5,54.0,2,54,256,Vector,1585,False,0,144,,-1584
1585,exp,1584,,6,54.0,2,54,256,Vector,1586,False,0,145,,-1585
1586,reduce_sum,1585,,7,54.0,2,54,1,Scalar,1591,False,0,105,,-1586
1587,sub,1573,1577,5,54.0,3,54,256,Vector,1588,False,0,146,,-1587
1588,exp,1587,,6,54.0,3,54,256,Vector,1589,False,0,147,,-1588
1589,reduce_sum,1588,,7,54.0,3,54,1,Scalar,1591,False,0,106,,-1589
1590,add,1580,1583,8,54.0,,54,1,Scalar,1592,False,0,107,,-1590
1591,add,1586,1589,8,54.0,,54,1,Scalar,1592,False,0,108,,-1591
1592,add,1590,1591,9,54.0,,54,1,Scalar,1593,False,0,109,,-1592
1593,ln,1592,,10,54.0,,54,1,Scalar,1594,False,0,110,,-1593
1594,add,1577,1593,11,54.0,,54,1,Scalar,1595,False,0,111,,-1594
1595,store,1594,54,12,54.0,,54,1,Scalar,,False,0,,54,-1595
1596,load,220,,1,55.0,0,55,256,Vector,"1597, 1607",True,0,148,220,-1596
1597,reduce_max,1596,,2,55.0,0,55,1,Scalar,1604,False,0,112,,-1597
1598,load,221,,1,55.0,1,55,256,Vector,"1599, 1610",True,0,149,221,-1598
1599,reduce_max,1598,,2,55.0,1,55,1,Scalar,1604,False,0,113,,-1599
1600,load,222,,1,55.0,2,55,256,Vector,"1601, 1613",True,0,150,222,-1600
1601,reduce_max,1600,,2,55.0,2,55,1,Scalar,1605,False,0,114,,-1601
1602,load,223,,1,55.0,3,55,256,Vector,"1603, 1616",True,0,151,223,-1602
1603,reduce_max,1602,,2,55.0,3,55,1,Scalar,1605,False,0,115,,-1603
1604,max,1597,1599,3,55.0,,55,1,Scalar,1606,False,0,116,,-1604
1605,max,1601,1603,3,55.0,,55,1,Scalar,1606,False,0,117,,-1605
1606,max,1604,1605,4,55.0,,55,1,Scalar,"1607, 1610, 1613, 1616, 1623",False,0,118,,-1606
1607,sub,1596,1606,5,55.0,0,55,256,Vector,1608,False,0,152,,-1607
1608,exp,1607,,6,55.0,0,55,256,Vector,1609,False,0,153,,-1608
1609,reduce_sum,1608,,7,55.0,0,55,1,Scalar,1619,False,0,119,,-1609
1610,sub,1598,1606,5,55.0,1,55,256,Vector,1611,False,0,154,,-1610
1611,exp,1610,,6,55.0,1,55,256,Vector,1612,False,0,155,,-1611
1612,reduce_sum,1611,,7,55.0,1,55,1,Scalar,1619,False,0,120,,-1612
1613,sub,1600,1606,5,55.0,2,55,256,Vector,1614,False,0,156,,-1613
1614,exp,1613,,6,55.0,2,55,256,Vector,1615,False,0,157,,-1614
1615,reduce_sum,1614,,7,55.0,2,55,1,Scalar,1620,False,0,121,,-1615
1616,sub,1602,1606,5,55.0,3,55,256,Vector,1617,False,0,158,,-1616
1617,exp,1616,,6,55.0,3,55,256,Vector,1618,False,0,159,,-1617
1618,reduce_sum,1617,,7,55.0,3,55,1,Scalar,1620,False,0,122,,-1618
1619,add,1609,1612,8,55.0,,55,1,Scalar,1621,False,0,123,,-1619
1620,add,1615,1618,8,55.0,,55,1,Scalar,1621,False,0,124,,-1620
1621,add,1619,1620,9,55.0,,55,1,Scalar,1622,False,0,125,,-1621
1622,ln,1621,,10,55.0,,55,1,Scalar,1623,False,0,126,,-1622
1623,add,1606,1622,11,55.0,,55,1,Scalar,1624,False,0,127,,-1623
1624,store,1623,55,12,55.0,,55,1,Scalar,,False,0,,55,-1624
1625,load,224,,1,56.0,0,56,256,Vector,"1626, 1636",True,0,160,224,-1625
1626,reduce_max,1625,,2,56.0,0,56,1,Scalar,1633,False,0,128,,-1626
1627,load,225,,1,56.0,1,56,256,Vector,"1628, 1639",True,0,161,225,-1627
1628,reduce_max,1627,,2,56.0,1,56,1,Scalar,1633,False,0,129,,-1628
1629,load,226,,1,56.0,2,56,256,Vector,"1630, 1642",True,0,162,226,-1629
1630,reduce_max,1629,,2,56.0,2,56,1,Scalar,1634,False,0,130,,-1630
1631,load,227,,1,56.0,3,56,256,Vector,"1632, 1645",True,0,163,227,-1631
1632,reduce_max,1631,,2,56.0,3,56,1,Scalar,1634,False,0,131,,-1632
1633,max,1626,1628,3,56.0,,56,1,Scalar,1635,False,0,132,,-1633
1634,max,1630,1632,3,56.0,,56,1,Scalar,1635,False,0,133,,-1634
1635,max,1633,1634,4,56.0,,56,1,Scalar,"1636, 1639, 1642, 1645, 1652",False,0,134,,-1635
1636,sub,1625,1635,5,56.0,0,56,256,Vector,1637,False,0,164,,-1636
1637,exp,1636,,6,56.0,0,56,256,Vector,1638,False,0,165,,-1637
1638,reduce_sum,1637,,7,56.0,0,56,1,Scalar,1648,False,0,135,,-1638
1639,sub,1627,1635,5,56.0,1,56,256,Vector,1640,False,0,166,,-1639
1640,exp,1639,,6,56.0,1,56,256,Vector,1641,False,0,167,,-1640
1641,reduce_sum,1640,,7,56.0,1,56,1,Scalar,1648,False,0,136,,-1641
1642,sub,1629,1635,5,56.0,2,56,256,Vector,1643,False,0,168,,-1642
1643,exp,1642,,6,56.0,2,56,256,Vector,1644,False,0,169,,-1643
1644,reduce_sum,1643,,7,56.0,2,56,1,Scalar,1649,False,0,137,,-1644
1645,sub,1631,1635,5,56.0,3,56,256,Vector,1646,False,0,170,,-1645
1646,exp,1645,,6,56.0,3,56,256,Vector,1647,False,0,171,,-1646
1647,reduce_sum,1646,,7,56.0,3,56,1,Scalar,1649,False,0,138,,-1647
1648,add,1638,1641,8,56.0,,56,1,Scalar,1650,False,0,139,,-1648
1649,add,1644,1647,8,56.0,,56,1,Scalar,1650,False,0,140,,-1649
1650,add,1648,1649,9,56.0,,56,1,Scalar,1651,False,0,141,,-1650
1651,ln,1650,,10,56.0,,56,1,Scalar,1652,False,0,142,,-1651
1652,add,1635,1651,11,56.0,,56,1,Scalar,1653,False,0,143,,-1652
1653,store,1652,56,12,56.0,,56,1,Scalar,,False,0,,56,-1653
1654,load,228,,1,57.0,0,57,256,Vector,"1655, 1665",True,0,172,228,-1654
1655,reduce_max,1654,,2,57.0,0,57,1,Scalar,1662,False,0,144,,-1655
1656,load,229,,1,57.0,1,57,256,Vector,"1657, 1668",True,0,173,229,-1656
1657,reduce_max,1656,,2,57.0,1,57,1,Scalar,1662,False,0,145,,-1657
1658,load,230,,1,57.0,2,57,256,Vector,"1659, 1671",True,0,174,230,-1658
1659,reduce_max,1658,,2,57.0,2,57,1,Scalar,1663,False,0,146,,-1659
1660,load,231,,1,57.0,3,57,256,Vector,"1661, 1674",True,0,175,231,-1660
1661,reduce_max,1660,,2,57.0,3,57,1,Scalar,1663,False,0,147,,-1661
1662,max,1655,1657,3,57.0,,57,1,Scalar,1664,False,0,148,,-1662
1663,max,1659,1661,3,57.0,,57,1,Scalar,1664,False,0,149,,-1663
1664,max,1662,1663,4,57.0,,57,1,Scalar,"1665, 1668, 1671, 1674, 1681",False,0,150,,-1664
1665,sub,1654,1664,5,57.0,0,57,256,Vector,1666,False,0,176,,-1665
1666,exp,1665,,6,57.0,0,57,256,Vector,1667,False,0,177,,-1666
1667,reduce_sum,1666,,7,57.0,0,57,1,Scalar,1677,False,0,151,,-1667
1668,sub,1656,1664,5,57.0,1,57,256,Vector,1669,False,0,178,,-1668
1669,exp,1668,,6,57.0,1,57,256,Vector,1670,False,0,179,,-1669
1670,reduce_sum,1669,,7,57.0,1,57,1,Scalar,1677,False,0,152,,-1670
1671,sub,1658,1664,5,57.0,2,57,256,Vector,1672,False,0,180,,-1671
1672,exp,1671,,6,57.0,2,57,256,Vector,1673,False,0,181,,-1672
1673,reduce_sum,1672,,7,57.0,2,57,1,Scalar,1678,False,0,153,,-1673
1674,sub,1660,1664,5,57.0,3,57,256,Vector,1675,False,0,182,,-1674
1675,exp,1674,,6,57.0,3,57,256,Vector,1676,False,0,183,,-1675
1676,reduce_sum,1675,,7,57.0,3,57,1,Scalar,1678,False,0,154,,-1676
1677,add,1667,1670,8,57.0,,57,1,Scalar,1679,False,0,155,,-1677
1678,add,1673,1676,8,57.0,,57,1,Scalar,1679,False,0,156,,-1678
1679,add,1677,1678,9,57.0,,57,1,Scalar,1680,False,0,157,,-1679
1680,ln,1679,,10,57.0,,57,1,Scalar,1681,False,0,158,,-1680
1681,add,1664,1680,11,57.0,,57,1,Scalar,1682,False,0,159,,-1681
1682,store,1681,57,12,57.0,,57,1,Scalar,,False,0,,57,-1682
1683,load,232,,1,58.0,0,58,256,Vector,"1684, 1694",True,0,184,232,-1683
1684,reduce_max,1683,,2,58.0,0,58,1,Scalar,1691,False,0,160,,-1684
1685,load,233,,1,58.0,1,58,256,Vector,"1686, 1697",True,0,185,233,-1685
1686,reduce_max,1685,,2,58.0,1,58,1,Scalar,1691,False,0,161,,-1686
1687,load,234,,1,58.0,2,58,256,Vector,"1688, 1700",True,0,186,234,-1687
1688,reduce_max,1687,,2,58.0,2,58,1,Scalar,1692,False,0,162,,-1688
1689,load,235,,1,58.0,3,58,256,Vector,"1690, 1703",True,0,187,235,-1689
1690,reduce_max,1689,,2,58.0,3,58,1,Scalar,1692,False,0,163,,-1690
1691,max,1684,1686,3,58.0,,58,1,Scalar,1693,False,0,164,,-1691
1692,max,1688,1690,3,58.0,,58,1,Scalar,1693,False,0,165,,-1692
1693,max,1691,1692,4,58.0,,58,1,Scalar,"1694, 1697, 1700, 1703, 1710",False,0,166,,-1693
1694,sub,1683,1693,5,58.0,0,58,256,Vector,1695,False,0,188,,-1694
1695,exp,1694,,6,58.0,0,58,256,Vector,1696,False,0,189,,-1695
1696,reduce_sum,1695,,7,58.0,0,58,1,Scalar,1706,False,0,167,,-1696
1697,sub,1685,1693,5,58.0,1,58,256,Vector,1698,False,0,190,,-1697
1698,exp,1697,,6,58.0,1,58,256,Vector,1699,False,0,191,,-1698
1699,reduce_sum,1698,,7,58.0,1,58,1,Scalar,1706,False,0,168,,-1699
1700,sub,1687,1693,5,58.0,2,58,256,Vector,1701,False,0,192,,-1700
1701,exp,1700,,6,58.0,2,58,256,Vector,1702,False,0,193,,-1701
1702,reduce_sum,1701,,7,58.0,2,58,1,Scalar,1707,False,0,169,,-1702
1703,sub,1689,1693,5,58.0,3,58,256,Vector,1704,False,0,194,,-1703
1704,exp,1703,,6,58.0,3,58,256,Vector,1705,False,0,195,,-1704
1705,reduce_sum,1704,,7,58.0,3,58,1,Scalar,1707,False,0,170,,-1705
1706,add,1696,1699,8,58.0,,58,1,Scalar,1708,False,0,171,,-1706
1707,add,1702,1705,8,58.0,,58,1,Scalar,1708,False,0,172,,-1707
1708,add,1706,1707,9,58.0,,58,1,Scalar,1709,False,0,173,,-1708
1709,ln,1708,,10,58.0,,58,1,Scalar,1710,False,0,174,,-1709
1710,add,1693,1709,11,58.0,,58,1,Scalar,1711,False,0,175,,-1710
1711,store,1710,58,12,58.0,,58,1,Scalar,,False,0,,58,-1711
1712,load,236,,1,59.0,0,59,256,Vector,"1713, 1723",True,0,196,236,-1712
1713,reduce_max,1712,,2,59.0,0,59,1,Scalar,1720,False,0,176,,-1713
1714,load,237,,1,59.0,1,59,256,Vector,"1715, 1726",True,0,197,237,-1714
1715,reduce_max,1714,,2,59.0,1,59,1,Scalar,1720,False,0,177,,-1715
1716,load,238,,1,59.0,2,59,256,Vector,"1717, 1729",True,0,198,238,-1716
1717,reduce_max,1716,,2,59.0,2,59,1,Scalar,1721,False,0,178,,-1717
1718,load,239,,1,59.0,3,59,256,Vector,"1719, 1732",True,0,199,239,-1718
1719,reduce_max,1718,,2,59.0,3,59,1,Scalar,1721,False,0,179,,-1719
1720,max,1713,1715,3,59.0,,59,1,Scalar,1722,False,0,180,,-1720
1721,max,1717,1719,3,59.0,,59,1,Scalar,1722,False,0,181,,-1721
1722,max,1720,1721,4,59.0,,59,1,Scalar,"1723, 1726, 1729, 1732, 1739",False,0,182,,-1722
1723,sub,1712,1722,5,59.0,0,59,256,Vector,1724,False,0,200,,-1723
1724,exp,1723,,6,59.0,0,59,256,Vector,1725,False,0,201,,-1724
1725,reduce_sum,1724,,7,59.0,0,59,1,Scalar,1735,False,0,183,,-1725
1726,sub,1714,1722,5,59.0,1,59,256,Vector,1727,False,0,202,,-1726
1727,exp,1726,,6,59.0,1,59,256,Vector,1728,False,0,203,,-1727
1728,reduce_sum,1727,,7,59.0,1,59,1,Scalar,1735,False,0,184,,-1728
1729,sub,1716,1722,5,59.0,2,59,256,Vector,1730,False,0,204,,-1729
1730,exp,1729,,6,59.0,2,59,256,Vector,1731,False,0,205,,-1730
1731,reduce_sum,1730,,7,59.0,2,59,1,Scalar,1736,False,0,185,,-1731
1732,sub,1718,1722,5,59.0,3,59,256,Vector,1733,False,0,206,,-1732
1733,exp,1732,,6,59.0,3,59,256,Vector,1734,False,0,207,,-1733
1734,reduce_sum,1733,,7,59.0,3,59,1,Scalar,1736,False,0,186,,-1734
1735,add,1725,1728,8,59.0,,59,1,Scalar,1737,False,0,187,,-1735
1736,add,1731,1734,8,59.0,,59,1,Scalar,1737,False,0,188,,-1736
1737,add,1735,1736,9,59.0,,59,1,Scalar,1738,False,0,189,,-1737
1738,ln,1737,,10,59.0,,59,1,Scalar,1739,False,0,190,,-1738
1739,add,1722,1738,11,59.0,,59,1,Scalar,1740,False,0,191,,-1739
1740,store,1739,59,12,59.0,,59,1,Scalar,,False,0,,59,-1740
1741,load,240,,1,60.0,0,60,256,Vector,"1742, 1752",True,0,208,240,-1741
1742,reduce_max,1741,,2,60.0,0,60,1,Scalar,1749,False,0,192,,-1742
1743,load,241,,1,60.0,1,60,256,Vector,"1744, 1755",True,0,209,241,-1743
1744,reduce_max,1743,,2,60.0,1,60,1,Scalar,1749,False,0,193,,-1744
1745,load,242,,1,60.0,2,60,256,Vector,"1746, 1758",True,0,210,242,-1745
1746,reduce_max,1745,,2,60.0,2,60,1,Scalar,1750,False,0,194,,-1746
1747,load,243,,1,60.0,3,60,256,Vector,"1748, 1761",True,0,211,243,-1747
1748,reduce_max,1747,,2,60.0,3,60,1,Scalar,1750,False,0,195,,-1748
1749,max,1742,1744,3,60.0,,60,1,Scalar,1751,False,0,196,,-1749
1750,max,1746,1748,3,60.0,,60,1,Scalar,1751,False,0,197,,-1750
1751,max,1749,1750,4,60.0,,60,1,Scalar,"1752, 1755, 1758, 1761, 1768",False,0,198,,-1751
1752,sub,1741,1751,5,60.0,0,60,256,Vector,1753,False,0,212,,-1752
1753,exp,1752,,6,60.0,0,60,256,Vector,1754,False,0,213,,-1753
1754,reduce_sum,1753,,7,60.0,0,60,1,Scalar,1764,False,0,199,,-1754
1755,sub,1743,1751,5,60.0,1,60,256,Vector,1756,False,0,214,,-1755
1756,exp,1755,,6,60.0,1,60,256,Vector,1757,False,0,215,,-1756
1757,reduce_sum,1756,,7,60.0,1,60,1,Scalar,1764,False,0,200,,-1757
1758,sub,1745,1751,5,60.0,2,60,256,Vector,1759,False,0,216,,-1758
1759,exp,1758,,6,60.0,2,60,256,Vector,1760,False,0,217,,-1759
1760,reduce_sum,1759,,7,60.0,2,60,1,Scalar,1765,False,0,201,,-1760
1761,sub,1747,1751,5,60.0,3,60,256,Vector,1762,False,0,218,,-1761
1762,exp,1761,,6,60.0,3,60,256,Vector,1763,False,0,219,,-1762
1763,reduce_sum,1762,,7,60.0,3,60,1,Scalar,1765,False,0,202,,-1763
1764,add,1754,1757,8,60.0,,60,1,Scalar,1766,False,0,203,,-1764
1765,add,1760,1763,8,60.0,,60,1,Scalar,1766,False,0,204,,-1765
1766,add,1764,1765,9,60.0,,60,1,Scalar,1767,False,0,205,,-1766
1767,ln,1766,,10,60.0,,60,1,Scalar,1768,False,0,206,,-1767
1768,add,1751,1767,11,60.0,,60,1,Scalar,1769,False,0,207,,-1768
1769,store,1768,60,12,60.0,,60,1,Scalar,,False,0,,60,-1769
1770,load,244,,1,61.0,0,61,256,Vector,"1771, 1781",True,0,220,244,-1770
1771,reduce_max,1770,,2,61.0,0,61,1,Scalar,1778,False,0,208,,-1771
1772,load,245,,1,61.0,1,61,256,Vector,"1773, 1784",True,0,221,245,-1772
1773,reduce_max,1772,,2,61.0,1,61,1,Scalar,1778,False,0,209,,-1773
1774,load,246,,1,61.0,2,61,256,Vector,"1775, 1787",True,0,222,246,-1774
1775,reduce_max,1774,,2,61.0,2,61,1,Scalar,1779,False,0,210,,-1775
1776,load,247,,1,61.0,3,61,256,Vector,"1777, 1790",True,0,223,247,-1776
1777,reduce_max,1776,,2,61.0,3,61,1,Scalar,1779,False,0,211,,-1777
1778,max,1771,1773,3,61.0,,61,1,Scalar,1780,False,0,212,,-1778
1779,max,1775,1777,3,61.0,,61,1,Scalar,1780,False,0,213,,-1779
1780,max,1778,1779,4,61.0,,61,1,Scalar,"1781, 1784, 1787, 1790, 1797",False,0,214,,-1780
1781,sub,1770,1780,5,61.0,0,61,256,Vector,1782,False,0,224,,-1781
1782,exp,1781,,6,61.0,0,61,256,Vector,1783,False,0,225,,-1782
1783,reduce_sum,1782,,7,61.0,0,61,1,Scalar,1793,False,0,215,,-1783
1784,sub,1772,1780,5,61.0,1,61,256,Vector,1785,False,0,226,,-1784
1785,exp,1784,,6,61.0,1,61,256,Vector,1786,False,0,227,,-1785
1786,reduce_sum,1785,,7,61.0,1,61,1,Scalar,1793,False,0,216,,-1786
1787,sub,1774,1780,5,61.0,2,61,256,Vector,1788,False,0,228,,-1787
1788,exp,1787,,6,61.0,2,61,256,Vector,1789,False,0,229,,-1788
1789,reduce_sum,1788,,7,61.0,2,61,1,Scalar,1794,False,0,217,,-1789
1790,sub,1776,1780,5,61.0,3,61,256,Vector,1791,False,0,230,,-1790
1791,exp,1790,,6,61.0,3,61,256,Vector,1792,False,0,231,,-1791
1792,reduce_sum,1791,,7,61.0,3,61,1,Scalar,1794,False,0,218,,-1792
1793,add,1783,1786,8,61.0,,61,1,Scalar,1795,False,0,219,,-1793
1794,add,1789,1792,8,61.0,,61,1,Scalar,1795,False,0,220,,-1794
1795,add,1793,1794,9,61.0,,61,1,Scalar,1796,False,0,221,,-1795
1796,ln,1795,,10,61.0,,61,1,Scalar,1797,False,0,222,,-1796
1797,add,1780,1796,11,61.0,,61,1,Scalar,1798,False,0,223,,-1797
1798,store,1797,61,12,61.0,,61,1,Scalar,,False,0,,61,-1798
1799,load,248,,1,62.0,0,62,256,Vector,"1800, 1810",True,0,232,248,-1799
1800,reduce_max,1799,,2,62.0,0,62,1,Scalar,1807,False,0,224,,-1800
1801,load,249,,1,62.0,1,62,256,Vector,"1802, 1813",True,0,233,249,-1801
1802,reduce_max,1801,,2,62.0,1,62,1,Scalar,1807,False,0,225,,-1802
1803,load,250,,1,62.0,2,62,256,Vector,"1804, 1816",True,0,234,250,-1803
1804,reduce_max,1803,,2,62.0,2,62,1,Scalar,1808,False,0,226,,-1804
1805,load,251,,1,62.0,3,62,256,Vector,"1806, 1819",True,0,235,251,-1805
1806,reduce_max,1805,,2,62.0,3,62,1,Scalar,1808,False,0,227,,-1806
1807,max,1800,1802,3,62.0,,62,1,Scalar,1809,False,0,228,,-1807
1808,max,1804,1806,3,62.0,,62,1,Scalar,1809,False,0,229,,-1808
1809,max,1807,1808,4,62.0,,62,1,Scalar,"1810, 1813, 1816, 1819, 1826",False,0,230,,-1809
1810,sub,1799,1809,5,62.0,0,62,256,Vector,1811,False,0,236,,-1810
1811,exp,1810,,6,62.0,0,62,256,Vector,1812,False,0,237,,-1811
1812,reduce_sum,1811,,7,62.0,0,62,1,Scalar,1822,False,0,231,,-1812
1813,sub,1801,1809,5,62.0,1,62,256,Vector,1814,False,0,238,,-1813
1814,exp,1813,,6,62.0,1,62,256,Vector,1815,False,0,239,,-1814
1815,reduce_sum,1814,,7,62.0,1,62,1,Scalar,1822,False,0,232,,-1815
1816,sub,1803,1809,5,62.0,2,62,256,Vector,1817,False,0,240,,-1816
1817,exp,1816,,6,62.0,2,62,256,Vector,1818,False,0,241,,-1817
1818,reduce_sum,1817,,7,62.0,2,62,1,Scalar,1823,False,0,233,,-1818
1819,sub,1805,1809,5,62.0,3,62,256,Vector,1820,False,0,242,,-1819
1820,exp,1819,,6,62.0,3,62,256,Vector,1821,False,0,243,,-1820
1821,reduce_sum,1820,,7,62.0,3,62,1,Scalar,1823,False,0,234,,-1821
1822,add,1812,1815,8,62.0,,62,1,Scalar,1824,False,0,235,,-1822
1823,add,1818,1821,8,62.0,,62,1,Scalar,1824,False,0,236,,-1823
1824,add,1822,1823,9,62.0,,62,1,Scalar,1825,False,0,237,,-1824
1825,ln,1824,,10,62.0,,62,1,Scalar,1826,False,0,238,,-1825
1826,add,1809,1825,11,62.0,,62,1,Scalar,1827,False,0,239,,-1826
1827,store,1826,62,12,62.0,,62,1,Scalar,,False,0,,62,-1827
1828,load,252,,1,63.0,0,63,256,Vector,"1829, 1839",True,0,244,252,-1828
1829,reduce_max,1828,,2,63.0,0,63,1,Scalar,1836,False,0,240,,-1829
1830,load,253,,1,63.0,1,63,256,Vector,"1831, 1842",True,0,245,253,-1830
1831,reduce_max,1830,,2,63.0,1,63,1,Scalar,1836,False,0,241,,-1831
1832,load,254,,1,63.0,2,63,256,Vector,"1833, 1845",True,0,246,254,-1832
1833,reduce_max,1832,,2,63.0,2,63,1,Scalar,1837,False,0,242,,-1833
1834,load,255,,1,63.0,3,63,256,Vector,"1835, 1848",True,0,247,255,-1834
1835,reduce_max,1834,,2,63.0,3,63,1,Scalar,1837,False,0,243,,-1835
1836,max,1829,1831,3,63.0,,63,1,Scalar,1838,False,0,244,,-1836
1837,max,1833,1835,3,63.0,,63,1,Scalar,1838,False,0,245,,-1837
1838,max,1836,1837,4,63.0,,63,1,Scalar,"1839, 1842, 1845, 1848, 1855",False,0,246,,-1838
1839,sub,1828,1838,5,63.0,0,63,256,Vector,1840,False,0,248,,-1839
1840,exp,1839,,6,63.0,0,63,256,Vector,1841,False,0,249,,-1840
1841,reduce_sum,1840,,7,63.0,0,63,1,Scalar,1851,False,0,247,,-1841
1842,sub,1830,1838,5,63.0,1,63,256,Vector,1843,False,0,250,,-1842
1843,exp,1842,,6,63.0,1,63,256,Vector,1844,False,0,251,,-1843
1844,reduce_sum,1843,,7,63.0,1,63,1,Scalar,1851,False,0,248,,-1844
1845,sub,1832,1838,5,63.0,2,63,256,Vector,1846,False,0,252,,-1845
1846,exp,1845,,6,63.0,2,63,256,Vector,1847,False,0,253,,-1846
1847,reduce_sum,1846,,7,63.0,2,63,1,Scalar,1852,False,0,249,,-1847
1848,sub,1834,1838,5,63.0,3,63,256,Vector,1849,False,0,254,,-1848
1849,exp,1848,,6,63.0,3,63,256,Vector,1850,False,0,255,,-1849
1850,reduce_sum,1849,,7,63.0,3,63,1,Scalar,1852,False,0,250,,-1850
1851,add,1841,1844,8,63.0,,63,1,Scalar,1853,False,0,251,,-1851
1852,add,1847,1850,8,63.0,,63,1,Scalar,1853,False,0,252,,-1852
1853,add,1851,1852,9,63.0,,63,1,Scalar,1854,False,0,253,,-1853
1854,ln,1853,,10,63.0,,63,1,Scalar,1855,False,0,254,,-1854
1855,add,1838,1854,11,63.0,,63,1,Scalar,1856,False,0,255,,-1855
1856,store,1855,63,12,63.0,,63,1,Scalar,,False,0,,63,-1856
