Total DAG nodes: 4545
vgpr_start_addr = 0
Group ID = 0 使用的 SGPR 数量 = 31, VGPR 数量 = 32
sgpr_count = 31	vgpr_count = 32
最大活跃 SGPR 数量 = 8
最大活跃 VGPR 数量 = 8
最大活跃状态数量 = 8
t=0, issue load node 1 gpr=0 mem=0 latency=3
t=1, issue load node 3 gpr=1 mem=1 latency=3
t=2, issue load node 5 gpr=2 mem=2 latency=3
t=3, issue ve node 2 with op reduce_max src0=0 src1=-1 dst=0 latency=7 penalty=0
t=3, issue load node 7 gpr=3 mem=3 latency=3
t=4, issue ve node 4 with op reduce_max src0=1 src1=-1 dst=1 latency=7 penalty=0
t=4, issue load node 9 gpr=4 mem=4 latency=3
t=5, issue ve node 6 with op reduce_max src0=2 src1=-1 dst=2 latency=7 penalty=0
t=5, issue load node 11 gpr=5 mem=5 latency=3
t=6, issue ve node 8 with op reduce_max src0=3 src1=-1 dst=3 latency=7 penalty=0
t=6, issue load node 13 gpr=6 mem=6 latency=3
t=7, issue ve node 10 with op reduce_max src0=4 src1=-1 dst=4 latency=7 penalty=0
t=7, issue load node 15 gpr=7 mem=7 latency=3
t=8, issue ve node 12 with op reduce_max src0=5 src1=-1 dst=5 latency=7 penalty=0
t=8, issue load node 72 gpr=32 mem=8 latency=3
t=9, issue ve node 14 with op reduce_max src0=6 src1=-1 dst=6 latency=7 penalty=0
t=9, issue load node 74 gpr=33 mem=9 latency=3
t=10, issue ve node 16 with op reduce_max src0=7 src1=-1 dst=7 latency=7 penalty=0
t=10, issue load node 76 gpr=34 mem=10 latency=3
t=11, issue scalar node 17 with op max src0=0 src1=1 dst=8 latency=7 penalty=0
t=11, issue ve node 73 with op reduce_max src0=32 src1=-1 dst=31 latency=7 penalty=0
t=11, issue load node 78 gpr=35 mem=11 latency=3
t=12, issue ve node 75 with op reduce_max src0=33 src1=-1 dst=32 latency=7 penalty=0
t=12, issue load node 80 gpr=36 mem=12 latency=3
t=13, issue scalar node 18 with op max src0=2 src1=3 dst=9 latency=7 penalty=0
t=13, issue load node 82 gpr=37 mem=13 latency=3
t=14, issue ve node 77 with op reduce_max src0=34 src1=-1 dst=33 latency=7 penalty=0
t=14, issue load node 84 gpr=38 mem=14 latency=3
t=15, issue scalar node 19 with op max src0=4 src1=5 dst=10 latency=7 penalty=0
t=15, issue ve node 81 with op reduce_max src0=36 src1=-1 dst=35 latency=7 penalty=0
t=15, issue load node 86 gpr=39 mem=15 latency=3
t=16, issue ve node 79 with op reduce_max src0=35 src1=-1 dst=34 latency=7 penalty=0
t=16, issue load node 143 gpr=64 mem=16 latency=3
t=17, issue scalar node 20 with op max src0=6 src1=7 dst=11 latency=7 penalty=0
t=17, issue ve node 83 with op reduce_max src0=37 src1=-1 dst=36 latency=7 penalty=0
t=17, issue load node 145 gpr=65 mem=17 latency=3
t=18, issue ve node 85 with op reduce_max src0=38 src1=-1 dst=37 latency=7 penalty=0
t=18, issue load node 147 gpr=66 mem=18 latency=3
t=19, issue ve node 87 with op reduce_max src0=39 src1=-1 dst=38 latency=7 penalty=0
t=19, issue scalar node 88 with op max src0=31 src1=32 dst=39 latency=7 penalty=0
t=19, issue load node 149 gpr=67 mem=19 latency=3
t=20, issue scalar node 21 with op max src0=8 src1=9 dst=12 latency=7 penalty=0
t=20, issue ve node 144 with op reduce_max src0=64 src1=-1 dst=62 latency=7 penalty=0
t=20, issue load node 151 gpr=68 mem=20 latency=3
t=21, issue ve node 146 with op reduce_max src0=65 src1=-1 dst=63 latency=7 penalty=0
t=21, issue load node 153 gpr=69 mem=21 latency=3
t=22, issue ve node 148 with op reduce_max src0=66 src1=-1 dst=64 latency=7 penalty=0
t=22, issue load node 155 gpr=70 mem=22 latency=3
t=23, issue scalar node 89 with op max src0=33 src1=34 dst=40 latency=7 penalty=0
t=23, issue ve node 150 with op reduce_max src0=67 src1=-1 dst=65 latency=7 penalty=0
t=23, issue load node 157 gpr=71 mem=23 latency=3
t=24, issue scalar node 22 with op max src0=10 src1=11 dst=13 latency=7 penalty=0
t=24, issue ve node 152 with op reduce_max src0=68 src1=-1 dst=66 latency=7 penalty=0
t=24, issue load node 214 gpr=96 mem=24 latency=3
t=25, issue scalar node 90 with op max src0=35 src1=36 dst=41 latency=7 penalty=0
t=25, issue ve node 154 with op reduce_max src0=69 src1=-1 dst=67 latency=7 penalty=0
t=25, issue load node 216 gpr=97 mem=25 latency=3
t=26, issue scalar node 91 with op max src0=37 src1=38 dst=42 latency=7 penalty=0
t=26, issue ve node 156 with op reduce_max src0=70 src1=-1 dst=68 latency=7 penalty=0
t=26, issue load node 218 gpr=98 mem=26 latency=3
t=27, issue ve node 158 with op reduce_max src0=71 src1=-1 dst=69 latency=7 penalty=0
t=27, issue load node 220 gpr=99 mem=27 latency=3
t=28, issue scalar node 159 with op max src0=62 src1=63 dst=70 latency=7 penalty=0
t=28, issue ve node 215 with op reduce_max src0=96 src1=-1 dst=93 latency=7 penalty=0
t=28, issue load node 222 gpr=100 mem=28 latency=3
t=29, issue ve node 217 with op reduce_max src0=97 src1=-1 dst=94 latency=7 penalty=0
t=29, issue load node 224 gpr=101 mem=29 latency=3
t=30, issue scalar node 92 with op max src0=39 src1=40 dst=43 latency=7 penalty=0
t=30, issue ve node 221 with op reduce_max src0=99 src1=-1 dst=96 latency=7 penalty=0
t=30, issue load node 226 gpr=102 mem=30 latency=3
t=31, issue scalar node 23 with op max src0=12 src1=13 dst=14 latency=7 penalty=0
t=31, issue ve node 219 with op reduce_max src0=98 src1=-1 dst=95 latency=7 penalty=0
t=31, issue load node 228 gpr=103 mem=31 latency=3
t=32, issue scalar node 160 with op max src0=64 src1=65 dst=71 latency=7 penalty=0
t=32, issue ve node 223 with op reduce_max src0=100 src1=-1 dst=97 latency=7 penalty=0
t=32, issue load node 285 gpr=128 mem=32 latency=3
t=33, issue scalar node 93 with op max src0=41 src1=42 dst=44 latency=7 penalty=0
t=33, issue ve node 225 with op reduce_max src0=101 src1=-1 dst=98 latency=7 penalty=0
t=33, issue load node 287 gpr=129 mem=33 latency=3
t=34, issue scalar node 161 with op max src0=66 src1=67 dst=72 latency=7 penalty=0
t=34, issue ve node 227 with op reduce_max src0=102 src1=-1 dst=99 latency=7 penalty=0
t=34, issue load node 289 gpr=130 mem=34 latency=3
t=35, issue scalar node 162 with op max src0=68 src1=69 dst=73 latency=7 penalty=0
t=35, issue ve node 229 with op reduce_max src0=103 src1=-1 dst=100 latency=7 penalty=0
t=35, issue load node 291 gpr=131 mem=35 latency=3
t=36, issue scalar node 230 with op max src0=93 src1=94 dst=101 latency=7 penalty=0
t=36, issue ve node 286 with op reduce_max src0=128 src1=-1 dst=124 latency=7 penalty=0
t=36, issue load node 293 gpr=132 mem=36 latency=3
t=37, issue ve node 288 with op reduce_max src0=129 src1=-1 dst=125 latency=7 penalty=0
t=37, issue load node 295 gpr=133 mem=37 latency=3
t=38, issue ve node 24 with op sub src0=0 src1=14 dst=8 latency=7 penalty=0 half=0
t=38, issue scalar node 231 with op max src0=95 src1=96 dst=102 latency=7 penalty=0
t=38, issue load node 297 gpr=134 mem=38 latency=3
t=39, issue ve node 27 with op sub src0=1 src1=14 dst=10 latency=7 penalty=0 half=0
t=39, issue load node 299 gpr=135 mem=39 latency=3
t=40, issue ve node 30 with op sub src0=2 src1=14 dst=12 latency=7 penalty=0 half=0
t=40, issue scalar node 94 with op max src0=43 src1=44 dst=45 latency=7 penalty=0
t=40, issue load node 356 gpr=160 mem=40 latency=3
t=41, issue ve node 33 with op sub src0=3 src1=14 dst=14 latency=7 penalty=0 half=0
t=41, issue load node 358 gpr=161 mem=41 latency=3
t=42, issue ve node 36 with op sub src0=4 src1=14 dst=16 latency=7 penalty=0 half=0
t=42, issue scalar node 164 with op max src0=72 src1=73 dst=75 latency=7 penalty=0
t=42, issue load node 360 gpr=162 mem=42 latency=3
t=43, issue ve node 39 with op sub src0=5 src1=14 dst=18 latency=7 penalty=0 half=0
t=43, issue scalar node 233 with op max src0=99 src1=100 dst=104 latency=7 penalty=0
t=43, issue load node 362 gpr=163 mem=43 latency=3
t=44, issue ve node 42 with op sub src0=6 src1=14 dst=20 latency=7 penalty=0 half=0
t=44, issue scalar node 301 with op max src0=124 src1=125 dst=132 latency=7 penalty=0
t=44, issue load node 366 gpr=165 mem=45 latency=3
t=45, issue sfu node 25 with op exp src0=8 src1=-1 dst=9 latency=30 rounds=6 penalty=0 borrow=1
t=45, issue ve node 45 with op sub src0=7 src1=14 dst=22 latency=7 penalty=0 half=0
t=45, issue load node 364 gpr=164 mem=44 latency=3
t=46, issue scalar node 163 with op max src0=70 src1=71 dst=74 latency=7 penalty=0
t=46, issue ve node 292 with op reduce_max src0=131 src1=-1 dst=127 latency=7 penalty=0
t=46, issue load node 368 gpr=166 mem=46 latency=3
t=47, issue ve node 95 with op sub src0=32 src1=45 dst=40 latency=7 penalty=0 half=0
t=47, issue load node 370 gpr=167 mem=47 latency=3
t=48, issue ve node 98 with op sub src0=33 src1=45 dst=42 latency=7 penalty=0 half=0
t=48, issue load node 429 gpr=193 mem=49 latency=3
t=49, issue ve node 101 with op sub src0=34 src1=45 dst=44 latency=7 penalty=0 half=0
t=49, issue load node 427 gpr=192 mem=48 latency=3
t=50, issue ve node 104 with op sub src0=35 src1=45 dst=46 latency=7 penalty=0 half=0
t=50, issue load node 431 gpr=194 mem=50 latency=3
t=51, issue sfu node 28 with op exp src0=10 src1=-1 dst=11 latency=30 rounds=6 penalty=0 borrow=1
t=51, issue ve node 107 with op sub src0=36 src1=45 dst=48 latency=7 penalty=0 half=0
t=51, issue load node 433 gpr=195 mem=51 latency=3
t=52, issue ve node 110 with op sub src0=37 src1=45 dst=50 latency=7 penalty=0 half=0
t=52, issue load node 435 gpr=196 mem=52 latency=3
t=53, issue ve node 113 with op sub src0=38 src1=45 dst=52 latency=7 penalty=0 half=2
t=53, issue scalar node 165 with op max src0=74 src1=75 dst=76 latency=7 penalty=0
t=53, issue load node 437 gpr=197 mem=53 latency=3
t=54, issue scalar node 232 with op max src0=97 src1=98 dst=103 latency=7 penalty=0
t=54, issue ve node 290 with op reduce_max src0=130 src1=-1 dst=126 latency=7 penalty=0
t=54, issue load node 441 gpr=199 mem=55 latency=3
t=55, issue scalar node 234 with op max src0=101 src1=102 dst=105 latency=7 penalty=0
t=55, issue ve node 294 with op reduce_max src0=132 src1=-1 dst=128 latency=7 penalty=0
t=55, issue load node 439 gpr=198 mem=54 latency=3
t=56, issue ve node 296 with op reduce_max src0=133 src1=-1 dst=129 latency=7 penalty=0
t=56, issue load node 498 gpr=224 mem=56 latency=3
t=57, issue sfu node 31 with op exp src0=12 src1=-1 dst=13 latency=30 rounds=6 penalty=0 borrow=1
t=57, issue ve node 116 with op sub src0=39 src1=45 dst=54 latency=7 penalty=0 half=2
t=57, issue load node 500 gpr=225 mem=57 latency=3
t=58, issue ve node 298 with op reduce_max src0=134 src1=-1 dst=130 latency=7 penalty=0
t=58, issue load node 502 gpr=226 mem=58 latency=3
t=59, issue ve node 300 with op reduce_max src0=135 src1=-1 dst=131 latency=7 penalty=0
t=59, issue load node 504 gpr=227 mem=59 latency=3
t=60, issue ve node 357 with op reduce_max src0=160 src1=-1 dst=155 latency=7 penalty=0
t=60, issue load node 508 gpr=229 mem=61 latency=3
t=61, issue ve node 166 with op sub src0=64 src1=76 dst=72 latency=7 penalty=0 half=2
t=61, issue scalar node 302 with op max src0=126 src1=127 dst=133 latency=7 penalty=0
t=61, issue load node 506 gpr=228 mem=60 latency=3
t=62, issue scalar node 235 with op max src0=103 src1=104 dst=106 latency=7 penalty=0
t=62, issue ve node 359 with op reduce_max src0=161 src1=-1 dst=156 latency=7 penalty=0
t=62, issue load node 510 gpr=230 mem=62 latency=3
t=63, issue sfu node 34 with op exp src0=14 src1=-1 dst=15 latency=30 rounds=6 penalty=0 borrow=1
t=63, issue scalar node 303 with op max src0=128 src1=129 dst=134 latency=7 penalty=0
t=63, issue ve node 365 with op reduce_max src0=164 src1=-1 dst=159 latency=7 penalty=0
t=63, issue load node 512 gpr=231 mem=63 latency=3
t=64, issue ve node 361 with op reduce_max src0=162 src1=-1 dst=157 latency=7 penalty=0
t=65, issue ve node 169 with op sub src0=65 src1=76 dst=74 latency=7 penalty=0 half=2
t=66, issue scalar node 304 with op max src0=130 src1=131 dst=135 latency=7 penalty=0
t=66, issue ve node 363 with op reduce_max src0=163 src1=-1 dst=158 latency=7 penalty=0
t=67, issue ve node 367 with op reduce_max src0=165 src1=-1 dst=160 latency=7 penalty=0
t=68, issue scalar node 305 with op max src0=132 src1=133 dst=136 latency=7 penalty=0
t=68, issue ve node 369 with op reduce_max src0=166 src1=-1 dst=161 latency=7 penalty=0
t=69, issue sfu node 37 with op exp src0=16 src1=-1 dst=17 latency=30 rounds=6 penalty=0 borrow=1
t=69, issue ve node 172 with op sub src0=66 src1=76 dst=76 latency=7 penalty=0 half=2
t=69, issue scalar node 236 with op max src0=105 src1=106 dst=107 latency=7 penalty=0
t=70, issue ve node 371 with op reduce_max src0=167 src1=-1 dst=162 latency=7 penalty=0
t=70, issue scalar node 372 with op max src0=155 src1=156 dst=163 latency=7 penalty=0
t=71, issue ve node 428 with op reduce_max src0=192 src1=-1 dst=186 latency=7 penalty=0
t=72, issue ve node 430 with op reduce_max src0=193 src1=-1 dst=187 latency=7 penalty=0
t=73, issue ve node 175 with op sub src0=67 src1=76 dst=78 latency=7 penalty=0 half=2
t=73, issue scalar node 306 with op max src0=134 src1=135 dst=137 latency=7 penalty=0
t=74, issue scalar node 373 with op max src0=157 src1=158 dst=164 latency=7 penalty=0
t=74, issue ve node 434 with op reduce_max src0=195 src1=-1 dst=189 latency=7 penalty=0
t=75, issue ve node 26 with op reduce_sum src0=9 src1=-1 dst=15 latency=12 penalty=0
t=75, issue sfu node 40 with op exp src0=18 src1=-1 dst=19 latency=30 rounds=6 penalty=0 borrow=1
t=75, issue scalar node 374 with op max src0=159 src1=160 dst=165 latency=7 penalty=0
t=76, issue ve node 432 with op reduce_max src0=194 src1=-1 dst=188 latency=7 penalty=0
t=77, issue ve node 178 with op sub src0=68 src1=76 dst=80 latency=7 penalty=0 half=2
t=77, issue scalar node 375 with op max src0=161 src1=162 dst=166 latency=7 penalty=0
t=78, issue ve node 436 with op reduce_max src0=196 src1=-1 dst=190 latency=7 penalty=0
t=79, issue ve node 438 with op reduce_max src0=197 src1=-1 dst=191 latency=7 penalty=0
t=79, issue scalar node 443 with op max src0=186 src1=187 dst=194 latency=7 penalty=0
t=80, issue scalar node 307 with op max src0=136 src1=137 dst=138 latency=7 penalty=0
t=80, issue ve node 440 with op reduce_max src0=198 src1=-1 dst=192 latency=7 penalty=0
t=81, issue ve node 29 with op reduce_sum src0=11 src1=-1 dst=16 latency=12 penalty=0
t=81, issue sfu node 43 with op exp src0=20 src1=-1 dst=21 latency=30 rounds=6 penalty=0 borrow=1
t=81, issue scalar node 376 with op max src0=163 src1=164 dst=167 latency=7 penalty=0
t=82, issue ve node 181 with op sub src0=69 src1=76 dst=82 latency=7 penalty=0 half=2
t=83, issue ve node 442 with op reduce_max src0=199 src1=-1 dst=193 latency=7 penalty=0
t=83, issue scalar node 444 with op max src0=188 src1=189 dst=195 latency=7 penalty=0
t=84, issue scalar node 377 with op max src0=165 src1=166 dst=168 latency=7 penalty=0
t=84, issue ve node 499 with op reduce_max src0=224 src1=-1 dst=217 latency=7 penalty=0
t=85, issue ve node 501 with op reduce_max src0=225 src1=-1 dst=218 latency=7 penalty=0
t=86, issue ve node 184 with op sub src0=70 src1=76 dst=84 latency=7 penalty=0 half=2
t=87, issue ve node 32 with op reduce_sum src0=13 src1=-1 dst=17 latency=12 penalty=0
t=87, issue sfu node 46 with op exp src0=22 src1=-1 dst=23 latency=30 rounds=6 penalty=0 borrow=1
t=87, issue scalar node 445 with op max src0=190 src1=191 dst=196 latency=7 penalty=0
t=88, issue ve node 503 with op reduce_max src0=226 src1=-1 dst=219 latency=7 penalty=0
t=89, issue ve node 505 with op reduce_max src0=227 src1=-1 dst=220 latency=7 penalty=0
t=90, issue ve node 187 with op sub src0=71 src1=76 dst=86 latency=7 penalty=0 half=2
t=90, issue scalar node 447 with op max src0=194 src1=195 dst=198 latency=7 penalty=0
t=91, issue scalar node 378 with op max src0=167 src1=168 dst=169 latency=7 penalty=0
t=91, issue ve node 509 with op reduce_max src0=229 src1=-1 dst=222 latency=7 penalty=0
t=92, issue ve node 511 with op reduce_max src0=230 src1=-1 dst=223 latency=7 penalty=0
t=93, issue ve node 35 with op reduce_sum src0=15 src1=-1 dst=18 latency=12 penalty=0
t=93, issue scalar node 48 with op add src0=15 src1=16 dst=23 latency=7 penalty=0
t=93, issue sfu node 96 with op exp src0=40 src1=-1 dst=41 latency=30 rounds=6 penalty=0 borrow=1
t=94, issue ve node 237 with op sub src0=96 src1=107 dst=104 latency=7 penalty=0 half=2
t=94, issue scalar node 446 with op max src0=192 src1=193 dst=197 latency=7 penalty=0
t=95, issue ve node 507 with op reduce_max src0=228 src1=-1 dst=221 latency=7 penalty=0
t=96, issue ve node 513 with op reduce_max src0=231 src1=-1 dst=224 latency=7 penalty=0
t=96, issue scalar node 514 with op max src0=217 src1=218 dst=225 latency=7 penalty=0
t=97, issue scalar node 515 with op max src0=219 src1=220 dst=226 latency=7 penalty=0
t=98, issue ve node 240 with op sub src0=97 src1=107 dst=106 latency=7 penalty=0 half=2
t=99, issue ve node 38 with op reduce_sum src0=17 src1=-1 dst=19 latency=12 penalty=0
t=99, issue sfu node 99 with op exp src0=42 src1=-1 dst=43 latency=30 rounds=6 penalty=0 borrow=1
t=101, issue scalar node 448 with op max src0=196 src1=197 dst=199 latency=7 penalty=0
t=102, issue ve node 243 with op sub src0=98 src1=107 dst=108 latency=7 penalty=0 half=2
t=102, issue scalar node 516 with op max src0=221 src1=222 dst=227 latency=7 penalty=0
t=103, issue scalar node 517 with op max src0=223 src1=224 dst=228 latency=7 penalty=0
t=104, issue scalar node 518 with op max src0=225 src1=226 dst=229 latency=7 penalty=0
t=105, issue ve node 41 with op reduce_sum src0=19 src1=-1 dst=20 latency=12 penalty=0
t=105, issue scalar node 49 with op add src0=17 src1=18 dst=24 latency=7 penalty=0
t=105, issue sfu node 102 with op exp src0=44 src1=-1 dst=45 latency=30 rounds=6 penalty=0 borrow=1
t=106, issue ve node 246 with op sub src0=99 src1=107 dst=110 latency=7 penalty=0 half=2
t=108, issue scalar node 449 with op max src0=198 src1=199 dst=200 latency=7 penalty=0
t=110, issue ve node 249 with op sub src0=100 src1=107 dst=112 latency=7 penalty=0 half=2
t=111, issue ve node 44 with op reduce_sum src0=21 src1=-1 dst=21 latency=12 penalty=0
t=111, issue sfu node 105 with op exp src0=46 src1=-1 dst=47 latency=30 rounds=6 penalty=0 borrow=1
t=111, issue scalar node 519 with op max src0=227 src1=228 dst=230 latency=7 penalty=0
t=112, issue scalar node 52 with op add src0=23 src1=24 dst=27 latency=7 penalty=0
t=114, issue ve node 252 with op sub src0=101 src1=107 dst=114 latency=7 penalty=0 half=2
t=117, issue ve node 47 with op reduce_sum src0=23 src1=-1 dst=22 latency=12 penalty=0
t=117, issue scalar node 50 with op add src0=19 src1=20 dst=25 latency=7 penalty=0
t=117, issue sfu node 108 with op exp src0=48 src1=-1 dst=49 latency=30 rounds=6 penalty=0 borrow=1
t=118, issue ve node 255 with op sub src0=102 src1=107 dst=116 latency=7 penalty=0 half=2
t=118, issue scalar node 520 with op max src0=229 src1=230 dst=231 latency=7 penalty=0
t=122, issue ve node 258 with op sub src0=103 src1=107 dst=118 latency=7 penalty=0 half=2
t=123, issue ve node 97 with op reduce_sum src0=41 src1=-1 dst=46 latency=12 penalty=0
t=123, issue sfu node 111 with op exp src0=50 src1=-1 dst=51 latency=30 rounds=6 penalty=0 borrow=1
t=126, issue ve node 308 with op sub src0=128 src1=138 dst=136 latency=7 penalty=0 half=2
t=129, issue scalar node 51 with op add src0=21 src1=22 dst=26 latency=7 penalty=0
t=129, issue ve node 100 with op reduce_sum src0=43 src1=-1 dst=47 latency=12 penalty=0
t=129, issue sfu node 114 with op exp src0=52 src1=-1 dst=53 latency=30 rounds=6 penalty=0 borrow=1
t=130, issue ve node 311 with op sub src0=129 src1=138 dst=138 latency=7 penalty=0 half=2
t=134, issue ve node 314 with op sub src0=130 src1=138 dst=140 latency=7 penalty=0 half=2
t=135, issue ve node 103 with op reduce_sum src0=45 src1=-1 dst=48 latency=12 penalty=0
t=135, issue sfu node 117 with op exp src0=54 src1=-1 dst=55 latency=30 rounds=6 penalty=0 borrow=1
t=136, issue scalar node 53 with op add src0=25 src1=26 dst=28 latency=7 penalty=0
t=138, issue ve node 317 with op sub src0=131 src1=138 dst=142 latency=7 penalty=0 half=2
t=141, issue ve node 106 with op reduce_sum src0=47 src1=-1 dst=49 latency=12 penalty=0
t=141, issue scalar node 119 with op add src0=46 src1=47 dst=54 latency=7 penalty=0
t=141, issue sfu node 167 with op exp src0=72 src1=-1 dst=73 latency=30 rounds=6 penalty=0 borrow=1
t=142, issue ve node 320 with op sub src0=132 src1=138 dst=144 latency=7 penalty=0 half=2
t=143, issue scalar node 54 with op add src0=27 src1=28 dst=29 latency=7 penalty=0
t=146, issue ve node 323 with op sub src0=133 src1=138 dst=146 latency=7 penalty=0 half=2
t=147, issue ve node 109 with op reduce_sum src0=49 src1=-1 dst=50 latency=12 penalty=0
t=147, issue sfu node 170 with op exp src0=74 src1=-1 dst=75 latency=30 rounds=6 penalty=0 borrow=1
t=150, issue sfu node 55 with op ln src0=29 src1=-1 dst=30 latency=22 rounds=0 penalty=0 borrow=1
t=150, issue ve node 326 with op sub src0=134 src1=138 dst=148 latency=7 penalty=0 half=2
t=153, issue ve node 112 with op reduce_sum src0=51 src1=-1 dst=51 latency=12 penalty=0
t=153, issue scalar node 120 with op add src0=48 src1=49 dst=55 latency=7 penalty=0
t=153, issue sfu node 173 with op exp src0=76 src1=-1 dst=77 latency=30 rounds=6 penalty=0 borrow=1
t=154, issue ve node 329 with op sub src0=135 src1=138 dst=150 latency=7 penalty=0 half=2
t=158, issue ve node 379 with op sub src0=160 src1=169 dst=168 latency=7 penalty=0 half=2
t=159, issue ve node 115 with op reduce_sum src0=53 src1=-1 dst=52 latency=12 penalty=0
t=159, issue sfu node 176 with op exp src0=78 src1=-1 dst=79 latency=30 rounds=6 penalty=0 borrow=1
t=160, issue scalar node 123 with op add src0=54 src1=55 dst=58 latency=7 penalty=0
t=162, issue ve node 382 with op sub src0=161 src1=169 dst=170 latency=7 penalty=0 half=2
t=165, issue ve node 118 with op reduce_sum src0=55 src1=-1 dst=53 latency=12 penalty=0
t=165, issue scalar node 121 with op add src0=50 src1=51 dst=56 latency=7 penalty=0
t=165, issue sfu node 179 with op exp src0=80 src1=-1 dst=81 latency=30 rounds=6 penalty=0 borrow=1
t=166, issue ve node 385 with op sub src0=162 src1=169 dst=172 latency=7 penalty=0 half=2
t=170, issue ve node 388 with op sub src0=163 src1=169 dst=174 latency=7 penalty=0 half=2
t=171, issue ve node 168 with op reduce_sum src0=73 src1=-1 dst=77 latency=12 penalty=0
t=171, issue sfu node 182 with op exp src0=82 src1=-1 dst=83 latency=30 rounds=6 penalty=0 borrow=1
t=174, issue ve node 56 with op sub src0=8 src1=30 dst=24 latency=7 penalty=0 half=2
t=177, issue scalar node 122 with op add src0=52 src1=53 dst=57 latency=7 penalty=0
t=177, issue ve node 171 with op reduce_sum src0=75 src1=-1 dst=78 latency=12 penalty=0
t=177, issue sfu node 185 with op exp src0=84 src1=-1 dst=85 latency=30 rounds=6 penalty=0 borrow=1
t=178, issue ve node 58 with op sub src0=10 src1=30 dst=25 latency=7 penalty=0 half=2
t=182, issue ve node 60 with op sub src0=12 src1=30 dst=26 latency=7 penalty=0 half=2
t=183, issue ve node 174 with op reduce_sum src0=77 src1=-1 dst=79 latency=12 penalty=0
t=183, issue sfu node 188 with op exp src0=86 src1=-1 dst=87 latency=30 rounds=6 penalty=0 borrow=1
t=184, issue store node 57 mem=0 latency=0
t=184, issue scalar node 124 with op add src0=56 src1=57 dst=59 latency=7 penalty=0
t=186, issue ve node 62 with op sub src0=14 src1=30 dst=27 latency=7 penalty=0 half=2
t=188, issue store node 59 mem=1 latency=0
t=189, issue ve node 177 with op reduce_sum src0=79 src1=-1 dst=80 latency=12 penalty=0
t=189, issue scalar node 190 with op add src0=77 src1=78 dst=85 latency=7 penalty=0
t=189, issue sfu node 238 with op exp src0=104 src1=-1 dst=105 latency=30 rounds=6 penalty=0 borrow=1
t=190, issue ve node 64 with op sub src0=16 src1=30 dst=28 latency=7 penalty=0 half=2
t=191, issue scalar node 125 with op add src0=58 src1=59 dst=60 latency=7 penalty=0
t=192, issue store node 61 mem=2 latency=0
t=194, issue ve node 66 with op sub src0=18 src1=30 dst=29 latency=7 penalty=0 half=2
t=195, issue ve node 180 with op reduce_sum src0=81 src1=-1 dst=81 latency=12 penalty=0
t=195, issue sfu node 241 with op exp src0=106 src1=-1 dst=107 latency=30 rounds=6 penalty=0 borrow=1
t=196, issue store node 63 mem=3 latency=0
t=198, issue ve node 68 with op sub src0=20 src1=30 dst=30 latency=7 penalty=0 half=2
t=198, issue sfu node 126 with op ln src0=60 src1=-1 dst=61 latency=22 rounds=0 penalty=0 borrow=1
t=200, issue store node 65 mem=4 latency=0
t=201, issue ve node 183 with op reduce_sum src0=83 src1=-1 dst=82 latency=12 penalty=0
t=201, issue scalar node 191 with op add src0=79 src1=80 dst=86 latency=7 penalty=0
t=201, issue sfu node 244 with op exp src0=108 src1=-1 dst=109 latency=30 rounds=6 penalty=0 borrow=1
t=202, issue ve node 70 with op sub src0=22 src1=30 dst=31 latency=7 penalty=0 half=2
t=204, issue store node 67 mem=5 latency=0
t=206, issue ve node 391 with op sub src0=164 src1=169 dst=176 latency=7 penalty=0 half=2
t=207, issue ve node 186 with op reduce_sum src0=85 src1=-1 dst=83 latency=12 penalty=0
t=207, issue sfu node 247 with op exp src0=110 src1=-1 dst=111 latency=30 rounds=6 penalty=0 borrow=1
t=208, issue store node 69 mem=6 latency=0
t=208, issue scalar node 194 with op add src0=85 src1=86 dst=89 latency=7 penalty=0
t=210, issue ve node 394 with op sub src0=165 src1=169 dst=178 latency=7 penalty=0 half=2
t=212, issue store node 71 mem=7 latency=0
t=212, issue load node 569 gpr=0 mem=64 latency=3
t=213, issue ve node 189 with op reduce_sum src0=87 src1=-1 dst=84 latency=12 penalty=0
t=213, issue scalar node 192 with op add src0=81 src1=82 dst=87 latency=7 penalty=0
t=213, issue sfu node 250 with op exp src0=112 src1=-1 dst=113 latency=30 rounds=6 penalty=0 borrow=1
t=213, issue load node 571 gpr=1 mem=65 latency=3
t=214, issue ve node 397 with op sub src0=166 src1=169 dst=180 latency=7 penalty=0 half=2
t=214, issue load node 573 gpr=2 mem=66 latency=3
t=215, issue ve node 570 with op reduce_max src0=0 src1=-1 dst=248 latency=7 penalty=0
t=215, issue load node 575 gpr=3 mem=67 latency=3
t=216, issue ve node 572 with op reduce_max src0=1 src1=-1 dst=249 latency=7 penalty=0
t=216, issue load node 577 gpr=4 mem=68 latency=3
t=217, issue ve node 574 with op reduce_max src0=2 src1=-1 dst=250 latency=7 penalty=0
t=217, issue load node 579 gpr=5 mem=69 latency=3
t=218, issue ve node 400 with op sub src0=167 src1=169 dst=182 latency=7 penalty=0 half=2
t=218, issue load node 581 gpr=6 mem=70 latency=3
t=219, issue ve node 239 with op reduce_sum src0=105 src1=-1 dst=108 latency=12 penalty=0
t=219, issue sfu node 253 with op exp src0=114 src1=-1 dst=115 latency=30 rounds=6 penalty=0 borrow=1
t=219, issue load node 583 gpr=7 mem=71 latency=3
t=220, issue ve node 576 with op reduce_max src0=3 src1=-1 dst=251 latency=7 penalty=0
t=221, issue ve node 578 with op reduce_max src0=4 src1=-1 dst=252 latency=7 penalty=0
t=222, issue ve node 127 with op sub src0=40 src1=61 dst=56 latency=7 penalty=0 half=2
t=223, issue ve node 580 with op reduce_max src0=5 src1=-1 dst=253 latency=7 penalty=0
t=223, issue scalar node 585 with op max src0=248 src1=249 dst=0 latency=7 penalty=0
t=224, issue ve node 582 with op reduce_max src0=6 src1=-1 dst=254 latency=7 penalty=0
t=225, issue scalar node 193 with op add src0=83 src1=84 dst=88 latency=7 penalty=0
t=225, issue ve node 242 with op reduce_sum src0=107 src1=-1 dst=109 latency=12 penalty=0
t=225, issue sfu node 256 with op exp src0=116 src1=-1 dst=117 latency=30 rounds=6 penalty=0 borrow=1
t=226, issue ve node 129 with op sub src0=42 src1=61 dst=57 latency=7 penalty=0 half=2
t=227, issue ve node 584 with op reduce_max src0=7 src1=-1 dst=255 latency=7 penalty=0
t=227, issue scalar node 586 with op max src0=250 src1=251 dst=1 latency=7 penalty=0
t=230, issue ve node 131 with op sub src0=44 src1=61 dst=58 latency=7 penalty=0 half=2
t=231, issue ve node 245 with op reduce_sum src0=109 src1=-1 dst=110 latency=12 penalty=0
t=231, issue sfu node 259 with op exp src0=118 src1=-1 dst=119 latency=30 rounds=6 penalty=0 borrow=1
t=231, issue scalar node 587 with op max src0=252 src1=253 dst=2 latency=7 penalty=0
t=232, issue store node 128 mem=8 latency=0
t=232, issue scalar node 195 with op add src0=87 src1=88 dst=90 latency=7 penalty=0
t=234, issue ve node 133 with op sub src0=46 src1=61 dst=59 latency=7 penalty=0 half=2
t=234, issue scalar node 588 with op max src0=254 src1=255 dst=3 latency=7 penalty=0
t=235, issue scalar node 589 with op max src0=0 src1=1 dst=4 latency=7 penalty=0
t=236, issue store node 130 mem=9 latency=0
t=237, issue ve node 248 with op reduce_sum src0=111 src1=-1 dst=111 latency=12 penalty=0
t=237, issue scalar node 261 with op add src0=108 src1=109 dst=116 latency=7 penalty=0
t=237, issue sfu node 309 with op exp src0=136 src1=-1 dst=137 latency=30 rounds=6 penalty=0 borrow=1
t=238, issue ve node 135 with op sub src0=48 src1=61 dst=60 latency=7 penalty=0 half=2
t=239, issue scalar node 196 with op add src0=89 src1=90 dst=91 latency=7 penalty=0
t=240, issue store node 132 mem=10 latency=0
t=241, issue scalar node 590 with op max src0=2 src1=3 dst=5 latency=7 penalty=0
t=242, issue ve node 137 with op sub src0=50 src1=61 dst=61 latency=7 penalty=0 half=2
t=243, issue ve node 251 with op reduce_sum src0=113 src1=-1 dst=112 latency=12 penalty=0
t=243, issue sfu node 312 with op exp src0=138 src1=-1 dst=139 latency=30 rounds=6 penalty=0 borrow=1
t=244, issue store node 134 mem=11 latency=0
t=246, issue ve node 139 with op sub src0=52 src1=61 dst=62 latency=7 penalty=0 half=2
t=246, issue sfu node 197 with op ln src0=91 src1=-1 dst=92 latency=22 rounds=0 penalty=0 borrow=1
t=248, issue store node 136 mem=12 latency=0
t=248, issue scalar node 591 with op max src0=4 src1=5 dst=6 latency=7 penalty=0
t=249, issue ve node 254 with op reduce_sum src0=115 src1=-1 dst=113 latency=12 penalty=0
t=249, issue scalar node 262 with op add src0=110 src1=111 dst=117 latency=7 penalty=0
t=249, issue sfu node 315 with op exp src0=140 src1=-1 dst=141 latency=30 rounds=6 penalty=0 borrow=1
t=250, issue ve node 141 with op sub src0=54 src1=61 dst=63 latency=7 penalty=0 half=2
t=252, issue store node 138 mem=13 latency=0
t=254, issue ve node 450 with op sub src0=192 src1=200 dst=200 latency=7 penalty=0 half=2
t=255, issue ve node 257 with op reduce_sum src0=117 src1=-1 dst=114 latency=12 penalty=0
t=255, issue sfu node 318 with op exp src0=142 src1=-1 dst=143 latency=30 rounds=6 penalty=0 borrow=1
t=256, issue store node 140 mem=14 latency=0
t=256, issue scalar node 265 with op add src0=116 src1=117 dst=120 latency=7 penalty=0
t=258, issue ve node 453 with op sub src0=193 src1=200 dst=202 latency=7 penalty=0 half=2
t=260, issue store node 142 mem=15 latency=0
t=260, issue load node 640 gpr=32 mem=72 latency=3
t=261, issue ve node 260 with op reduce_sum src0=119 src1=-1 dst=115 latency=12 penalty=0
t=261, issue scalar node 263 with op add src0=112 src1=113 dst=118 latency=7 penalty=0
t=261, issue sfu node 321 with op exp src0=144 src1=-1 dst=145 latency=30 rounds=6 penalty=0 borrow=1
t=261, issue load node 642 gpr=33 mem=73 latency=3
t=262, issue ve node 456 with op sub src0=194 src1=200 dst=204 latency=7 penalty=0 half=2
t=262, issue load node 644 gpr=34 mem=74 latency=3
t=263, issue ve node 641 with op reduce_max src0=32 src1=-1 dst=23 latency=7 penalty=0
t=263, issue load node 646 gpr=35 mem=75 latency=3
t=264, issue ve node 643 with op reduce_max src0=33 src1=-1 dst=24 latency=7 penalty=0
t=264, issue load node 648 gpr=36 mem=76 latency=3
t=265, issue ve node 645 with op reduce_max src0=34 src1=-1 dst=25 latency=7 penalty=0
t=265, issue load node 650 gpr=37 mem=77 latency=3
t=266, issue ve node 459 with op sub src0=195 src1=200 dst=206 latency=7 penalty=0 half=2
t=266, issue load node 652 gpr=38 mem=78 latency=3
t=267, issue ve node 310 with op reduce_sum src0=137 src1=-1 dst=139 latency=12 penalty=0
t=267, issue sfu node 324 with op exp src0=146 src1=-1 dst=147 latency=30 rounds=6 penalty=0 borrow=1
t=267, issue load node 654 gpr=39 mem=79 latency=3
t=268, issue ve node 647 with op reduce_max src0=35 src1=-1 dst=26 latency=7 penalty=0
t=269, issue ve node 649 with op reduce_max src0=36 src1=-1 dst=27 latency=7 penalty=0
t=270, issue ve node 198 with op sub src0=72 src1=92 dst=88 latency=7 penalty=0 half=2
t=271, issue ve node 651 with op reduce_max src0=37 src1=-1 dst=28 latency=7 penalty=0
t=271, issue scalar node 656 with op max src0=23 src1=24 dst=31 latency=7 penalty=0
t=272, issue ve node 653 with op reduce_max src0=38 src1=-1 dst=29 latency=7 penalty=0
t=273, issue scalar node 264 with op add src0=114 src1=115 dst=119 latency=7 penalty=0
t=273, issue ve node 313 with op reduce_sum src0=139 src1=-1 dst=140 latency=12 penalty=0
t=273, issue sfu node 327 with op exp src0=148 src1=-1 dst=149 latency=30 rounds=6 penalty=0 borrow=1
t=274, issue ve node 200 with op sub src0=74 src1=92 dst=89 latency=7 penalty=0 half=2
t=275, issue ve node 655 with op reduce_max src0=39 src1=-1 dst=30 latency=7 penalty=0
t=275, issue scalar node 657 with op max src0=25 src1=26 dst=32 latency=7 penalty=0
t=278, issue ve node 202 with op sub src0=76 src1=92 dst=90 latency=7 penalty=0 half=2
t=279, issue ve node 316 with op reduce_sum src0=141 src1=-1 dst=141 latency=12 penalty=0
t=279, issue sfu node 330 with op exp src0=150 src1=-1 dst=151 latency=30 rounds=6 penalty=0 borrow=1
t=279, issue scalar node 658 with op max src0=27 src1=28 dst=33 latency=7 penalty=0
t=280, issue store node 199 mem=16 latency=0
t=280, issue scalar node 266 with op add src0=118 src1=119 dst=121 latency=7 penalty=0
t=282, issue ve node 204 with op sub src0=78 src1=92 dst=91 latency=7 penalty=0 half=2
t=282, issue scalar node 659 with op max src0=29 src1=30 dst=34 latency=7 penalty=0
t=283, issue scalar node 660 with op max src0=31 src1=32 dst=35 latency=7 penalty=0
t=284, issue store node 201 mem=17 latency=0
t=285, issue ve node 319 with op reduce_sum src0=143 src1=-1 dst=142 latency=12 penalty=0
t=285, issue scalar node 332 with op add src0=139 src1=140 dst=147 latency=7 penalty=0
t=285, issue sfu node 380 with op exp src0=168 src1=-1 dst=169 latency=30 rounds=6 penalty=0 borrow=1
t=286, issue ve node 206 with op sub src0=80 src1=92 dst=92 latency=7 penalty=0 half=2
t=287, issue scalar node 267 with op add src0=120 src1=121 dst=122 latency=7 penalty=0
t=288, issue store node 203 mem=18 latency=0
t=289, issue scalar node 661 with op max src0=33 src1=34 dst=36 latency=7 penalty=0
t=290, issue ve node 208 with op sub src0=82 src1=92 dst=93 latency=7 penalty=0 half=2
t=291, issue ve node 322 with op reduce_sum src0=145 src1=-1 dst=143 latency=12 penalty=0
t=291, issue sfu node 383 with op exp src0=170 src1=-1 dst=171 latency=30 rounds=6 penalty=0 borrow=1
t=292, issue store node 205 mem=19 latency=0
t=294, issue ve node 210 with op sub src0=84 src1=92 dst=94 latency=7 penalty=0 half=2
t=294, issue sfu node 268 with op ln src0=122 src1=-1 dst=123 latency=22 rounds=0 penalty=0 borrow=1
t=296, issue store node 207 mem=20 latency=0
t=296, issue scalar node 662 with op max src0=35 src1=36 dst=37 latency=7 penalty=0
t=297, issue ve node 325 with op reduce_sum src0=147 src1=-1 dst=144 latency=12 penalty=0
t=297, issue scalar node 333 with op add src0=141 src1=142 dst=148 latency=7 penalty=0
t=297, issue sfu node 386 with op exp src0=172 src1=-1 dst=173 latency=30 rounds=6 penalty=0 borrow=1
t=298, issue ve node 212 with op sub src0=86 src1=92 dst=95 latency=7 penalty=0 half=2
t=300, issue store node 209 mem=21 latency=0
t=302, issue ve node 462 with op sub src0=196 src1=200 dst=208 latency=7 penalty=0 half=2
t=303, issue ve node 328 with op reduce_sum src0=149 src1=-1 dst=145 latency=12 penalty=0
t=303, issue sfu node 389 with op exp src0=174 src1=-1 dst=175 latency=30 rounds=6 penalty=0 borrow=1
t=304, issue store node 211 mem=22 latency=0
t=304, issue scalar node 336 with op add src0=147 src1=148 dst=151 latency=7 penalty=0
t=306, issue ve node 465 with op sub src0=197 src1=200 dst=210 latency=7 penalty=0 half=2
t=308, issue store node 213 mem=23 latency=0
t=308, issue load node 711 gpr=64 mem=80 latency=3
t=309, issue ve node 331 with op reduce_sum src0=151 src1=-1 dst=146 latency=12 penalty=0
t=309, issue scalar node 334 with op add src0=143 src1=144 dst=149 latency=7 penalty=0
t=309, issue sfu node 392 with op exp src0=176 src1=-1 dst=177 latency=30 rounds=6 penalty=0 borrow=1
t=309, issue load node 713 gpr=65 mem=81 latency=3
t=310, issue ve node 468 with op sub src0=198 src1=200 dst=212 latency=7 penalty=0 half=2
t=310, issue load node 715 gpr=66 mem=82 latency=3
t=311, issue ve node 712 with op reduce_max src0=64 src1=-1 dst=54 latency=7 penalty=0
t=311, issue load node 717 gpr=67 mem=83 latency=3
t=312, issue ve node 714 with op reduce_max src0=65 src1=-1 dst=55 latency=7 penalty=0
t=312, issue load node 719 gpr=68 mem=84 latency=3
t=313, issue ve node 716 with op reduce_max src0=66 src1=-1 dst=56 latency=7 penalty=0
t=313, issue load node 721 gpr=69 mem=85 latency=3
t=314, issue ve node 471 with op sub src0=199 src1=200 dst=214 latency=7 penalty=0 half=2
t=314, issue load node 723 gpr=70 mem=86 latency=3
t=315, issue ve node 381 with op reduce_sum src0=169 src1=-1 dst=170 latency=12 penalty=0
t=315, issue sfu node 395 with op exp src0=178 src1=-1 dst=179 latency=30 rounds=6 penalty=0 borrow=1
t=315, issue load node 725 gpr=71 mem=87 latency=3
t=316, issue ve node 718 with op reduce_max src0=67 src1=-1 dst=57 latency=7 penalty=0
t=317, issue ve node 720 with op reduce_max src0=68 src1=-1 dst=58 latency=7 penalty=0
t=318, issue ve node 269 with op sub src0=104 src1=123 dst=120 latency=7 penalty=0 half=2
t=319, issue ve node 722 with op reduce_max src0=69 src1=-1 dst=59 latency=7 penalty=0
t=319, issue scalar node 727 with op max src0=54 src1=55 dst=62 latency=7 penalty=0
t=320, issue ve node 724 with op reduce_max src0=70 src1=-1 dst=60 latency=7 penalty=0
t=321, issue scalar node 335 with op add src0=145 src1=146 dst=150 latency=7 penalty=0
t=321, issue ve node 384 with op reduce_sum src0=171 src1=-1 dst=171 latency=12 penalty=0
t=321, issue sfu node 398 with op exp src0=180 src1=-1 dst=181 latency=30 rounds=6 penalty=0 borrow=1
t=322, issue ve node 271 with op sub src0=106 src1=123 dst=121 latency=7 penalty=0 half=2
t=323, issue ve node 726 with op reduce_max src0=71 src1=-1 dst=61 latency=7 penalty=0
t=323, issue scalar node 728 with op max src0=56 src1=57 dst=63 latency=7 penalty=0
t=326, issue ve node 273 with op sub src0=108 src1=123 dst=122 latency=7 penalty=0 half=2
t=327, issue ve node 387 with op reduce_sum src0=173 src1=-1 dst=172 latency=12 penalty=0
t=327, issue sfu node 401 with op exp src0=182 src1=-1 dst=183 latency=30 rounds=6 penalty=0 borrow=1
t=327, issue scalar node 729 with op max src0=58 src1=59 dst=64 latency=7 penalty=0
t=328, issue store node 270 mem=24 latency=0
t=328, issue scalar node 337 with op add src0=149 src1=150 dst=152 latency=7 penalty=0
t=330, issue ve node 275 with op sub src0=110 src1=123 dst=123 latency=7 penalty=0 half=2
t=330, issue scalar node 730 with op max src0=60 src1=61 dst=65 latency=7 penalty=0
t=331, issue scalar node 731 with op max src0=62 src1=63 dst=66 latency=7 penalty=0
t=332, issue store node 272 mem=25 latency=0
t=333, issue ve node 390 with op reduce_sum src0=175 src1=-1 dst=173 latency=12 penalty=0
t=333, issue scalar node 403 with op add src0=170 src1=171 dst=178 latency=7 penalty=0
t=333, issue sfu node 451 with op exp src0=200 src1=-1 dst=201 latency=30 rounds=6 penalty=0 borrow=1
t=334, issue ve node 277 with op sub src0=112 src1=123 dst=124 latency=7 penalty=0 half=2
t=335, issue scalar node 338 with op add src0=151 src1=152 dst=153 latency=7 penalty=0
t=336, issue store node 274 mem=26 latency=0
t=337, issue scalar node 732 with op max src0=64 src1=65 dst=67 latency=7 penalty=0
t=338, issue ve node 279 with op sub src0=114 src1=123 dst=125 latency=7 penalty=0 half=2
t=339, issue ve node 393 with op reduce_sum src0=177 src1=-1 dst=174 latency=12 penalty=0
t=339, issue sfu node 454 with op exp src0=202 src1=-1 dst=203 latency=30 rounds=6 penalty=0 borrow=1
t=340, issue store node 276 mem=27 latency=0
t=342, issue ve node 281 with op sub src0=116 src1=123 dst=126 latency=7 penalty=0 half=2
t=342, issue sfu node 339 with op ln src0=153 src1=-1 dst=154 latency=22 rounds=0 penalty=0 borrow=1
t=344, issue store node 278 mem=28 latency=0
t=344, issue scalar node 733 with op max src0=66 src1=67 dst=68 latency=7 penalty=0
t=345, issue ve node 396 with op reduce_sum src0=179 src1=-1 dst=175 latency=12 penalty=0
t=345, issue scalar node 404 with op add src0=172 src1=173 dst=179 latency=7 penalty=0
t=345, issue sfu node 457 with op exp src0=204 src1=-1 dst=205 latency=30 rounds=6 penalty=0 borrow=1
t=346, issue ve node 283 with op sub src0=118 src1=123 dst=127 latency=7 penalty=0 half=2
t=348, issue store node 280 mem=29 latency=0
t=350, issue ve node 521 with op sub src0=224 src1=231 dst=232 latency=7 penalty=0 half=2
t=351, issue ve node 399 with op reduce_sum src0=181 src1=-1 dst=176 latency=12 penalty=0
t=351, issue sfu node 460 with op exp src0=206 src1=-1 dst=207 latency=30 rounds=6 penalty=0 borrow=1
t=352, issue store node 282 mem=30 latency=0
t=352, issue scalar node 407 with op add src0=178 src1=179 dst=182 latency=7 penalty=0
t=354, issue ve node 524 with op sub src0=225 src1=231 dst=234 latency=7 penalty=0 half=2
t=356, issue store node 284 mem=31 latency=0
t=356, issue load node 782 gpr=96 mem=88 latency=3
t=357, issue ve node 402 with op reduce_sum src0=183 src1=-1 dst=177 latency=12 penalty=0
t=357, issue scalar node 405 with op add src0=174 src1=175 dst=180 latency=7 penalty=0
t=357, issue sfu node 463 with op exp src0=208 src1=-1 dst=209 latency=30 rounds=6 penalty=0 borrow=1
t=357, issue load node 784 gpr=97 mem=89 latency=3
t=358, issue ve node 527 with op sub src0=226 src1=231 dst=236 latency=7 penalty=0 half=2
t=358, issue load node 786 gpr=98 mem=90 latency=3
t=359, issue ve node 783 with op reduce_max src0=96 src1=-1 dst=85 latency=7 penalty=0
t=359, issue load node 788 gpr=99 mem=91 latency=3
t=360, issue ve node 785 with op reduce_max src0=97 src1=-1 dst=86 latency=7 penalty=0
t=360, issue load node 790 gpr=100 mem=92 latency=3
t=361, issue ve node 787 with op reduce_max src0=98 src1=-1 dst=87 latency=7 penalty=0
t=361, issue load node 792 gpr=101 mem=93 latency=3
t=362, issue ve node 530 with op sub src0=227 src1=231 dst=238 latency=7 penalty=0 half=2
t=362, issue load node 794 gpr=102 mem=94 latency=3
t=363, issue ve node 452 with op reduce_sum src0=201 src1=-1 dst=201 latency=12 penalty=0
t=363, issue sfu node 466 with op exp src0=210 src1=-1 dst=211 latency=30 rounds=6 penalty=0 borrow=1
t=363, issue load node 796 gpr=103 mem=95 latency=3
t=364, issue ve node 789 with op reduce_max src0=99 src1=-1 dst=88 latency=7 penalty=0
t=365, issue ve node 791 with op reduce_max src0=100 src1=-1 dst=89 latency=7 penalty=0
t=366, issue ve node 340 with op sub src0=136 src1=154 dst=152 latency=7 penalty=0 half=2
t=367, issue ve node 793 with op reduce_max src0=101 src1=-1 dst=90 latency=7 penalty=0
t=367, issue scalar node 798 with op max src0=85 src1=86 dst=93 latency=7 penalty=0
t=368, issue ve node 795 with op reduce_max src0=102 src1=-1 dst=91 latency=7 penalty=0
t=369, issue scalar node 406 with op add src0=176 src1=177 dst=181 latency=7 penalty=0
t=369, issue ve node 455 with op reduce_sum src0=203 src1=-1 dst=202 latency=12 penalty=0
t=369, issue sfu node 469 with op exp src0=212 src1=-1 dst=213 latency=30 rounds=6 penalty=0 borrow=1
t=370, issue ve node 342 with op sub src0=138 src1=154 dst=153 latency=7 penalty=0 half=2
t=371, issue ve node 797 with op reduce_max src0=103 src1=-1 dst=92 latency=7 penalty=0
t=371, issue scalar node 799 with op max src0=87 src1=88 dst=94 latency=7 penalty=0
t=374, issue ve node 344 with op sub src0=140 src1=154 dst=154 latency=7 penalty=0 half=2
t=375, issue ve node 458 with op reduce_sum src0=205 src1=-1 dst=203 latency=12 penalty=0
t=375, issue sfu node 472 with op exp src0=214 src1=-1 dst=215 latency=30 rounds=6 penalty=0 borrow=1
t=375, issue scalar node 800 with op max src0=89 src1=90 dst=95 latency=7 penalty=0
t=376, issue store node 341 mem=32 latency=0
t=376, issue scalar node 408 with op add src0=180 src1=181 dst=183 latency=7 penalty=0
t=378, issue ve node 346 with op sub src0=142 src1=154 dst=155 latency=7 penalty=0 half=2
t=378, issue scalar node 801 with op max src0=91 src1=92 dst=96 latency=7 penalty=0
t=379, issue scalar node 802 with op max src0=93 src1=94 dst=97 latency=7 penalty=0
t=380, issue store node 343 mem=33 latency=0
t=381, issue ve node 461 with op reduce_sum src0=207 src1=-1 dst=204 latency=12 penalty=0
t=381, issue scalar node 474 with op add src0=201 src1=202 dst=209 latency=7 penalty=0
t=381, issue sfu node 522 with op exp src0=232 src1=-1 dst=233 latency=30 rounds=6 penalty=0 borrow=1
t=382, issue ve node 348 with op sub src0=144 src1=154 dst=156 latency=7 penalty=0 half=2
t=383, issue scalar node 409 with op add src0=182 src1=183 dst=184 latency=7 penalty=0
t=384, issue store node 345 mem=34 latency=0
t=385, issue scalar node 803 with op max src0=95 src1=96 dst=98 latency=7 penalty=0
t=386, issue ve node 350 with op sub src0=146 src1=154 dst=157 latency=7 penalty=0 half=2
t=387, issue ve node 464 with op reduce_sum src0=209 src1=-1 dst=205 latency=12 penalty=0
t=387, issue sfu node 525 with op exp src0=234 src1=-1 dst=235 latency=30 rounds=6 penalty=0 borrow=1
t=388, issue store node 347 mem=35 latency=0
t=390, issue ve node 352 with op sub src0=148 src1=154 dst=158 latency=7 penalty=0 half=2
t=390, issue sfu node 410 with op ln src0=184 src1=-1 dst=185 latency=22 rounds=0 penalty=0 borrow=1
t=392, issue store node 349 mem=36 latency=0
t=392, issue scalar node 804 with op max src0=97 src1=98 dst=99 latency=7 penalty=0
t=393, issue ve node 467 with op reduce_sum src0=211 src1=-1 dst=206 latency=12 penalty=0
t=393, issue scalar node 475 with op add src0=203 src1=204 dst=210 latency=7 penalty=0
t=393, issue sfu node 528 with op exp src0=236 src1=-1 dst=237 latency=30 rounds=6 penalty=0 borrow=1
t=394, issue ve node 354 with op sub src0=150 src1=154 dst=159 latency=7 penalty=0 half=2
t=396, issue store node 351 mem=37 latency=0
t=398, issue ve node 533 with op sub src0=228 src1=231 dst=240 latency=7 penalty=0 half=2
t=399, issue ve node 470 with op reduce_sum src0=213 src1=-1 dst=207 latency=12 penalty=0
t=399, issue sfu node 531 with op exp src0=238 src1=-1 dst=239 latency=30 rounds=6 penalty=0 borrow=1
t=400, issue store node 353 mem=38 latency=0
t=400, issue scalar node 478 with op add src0=209 src1=210 dst=213 latency=7 penalty=0
t=402, issue ve node 536 with op sub src0=229 src1=231 dst=242 latency=7 penalty=0 half=2
t=404, issue store node 355 mem=39 latency=0
t=404, issue load node 853 gpr=128 mem=96 latency=3
t=405, issue ve node 473 with op reduce_sum src0=215 src1=-1 dst=208 latency=12 penalty=0
t=405, issue scalar node 476 with op add src0=205 src1=206 dst=211 latency=7 penalty=0
t=405, issue load node 855 gpr=129 mem=97 latency=3
t=406, issue ve node 539 with op sub src0=230 src1=231 dst=244 latency=7 penalty=0 half=2
t=406, issue load node 857 gpr=130 mem=98 latency=3
t=407, issue ve node 854 with op reduce_max src0=128 src1=-1 dst=116 latency=7 penalty=0
t=407, issue load node 859 gpr=131 mem=99 latency=3
t=408, issue sfu node 534 with op exp src0=240 src1=-1 dst=241 latency=30 rounds=6 penalty=0 borrow=1
t=408, issue ve node 856 with op reduce_max src0=129 src1=-1 dst=117 latency=7 penalty=0
t=408, issue load node 861 gpr=132 mem=100 latency=3
t=409, issue ve node 858 with op reduce_max src0=130 src1=-1 dst=118 latency=7 penalty=0
t=409, issue load node 863 gpr=133 mem=101 latency=3
t=410, issue ve node 542 with op sub src0=231 src1=231 dst=246 latency=7 penalty=0 half=2
t=410, issue load node 865 gpr=134 mem=102 latency=3
t=411, issue ve node 523 with op reduce_sum src0=233 src1=-1 dst=232 latency=12 penalty=0
t=411, issue load node 867 gpr=135 mem=103 latency=3
t=412, issue ve node 860 with op reduce_max src0=131 src1=-1 dst=119 latency=7 penalty=0
t=413, issue ve node 862 with op reduce_max src0=132 src1=-1 dst=120 latency=7 penalty=0
t=414, issue sfu node 537 with op exp src0=242 src1=-1 dst=243 latency=30 rounds=6 penalty=0 borrow=1
t=414, issue ve node 864 with op reduce_max src0=133 src1=-1 dst=121 latency=7 penalty=0
t=415, issue ve node 866 with op reduce_max src0=134 src1=-1 dst=122 latency=7 penalty=0
t=415, issue scalar node 869 with op max src0=116 src1=117 dst=124 latency=7 penalty=0
t=416, issue ve node 411 with op sub src0=168 src1=185 dst=184 latency=7 penalty=0 half=2
t=417, issue scalar node 477 with op add src0=207 src1=208 dst=212 latency=7 penalty=0
t=417, issue ve node 526 with op reduce_sum src0=235 src1=-1 dst=233 latency=12 penalty=0
t=418, issue ve node 868 with op reduce_max src0=135 src1=-1 dst=123 latency=7 penalty=0
t=419, issue scalar node 870 with op max src0=118 src1=119 dst=125 latency=7 penalty=0
t=420, issue ve node 413 with op sub src0=170 src1=185 dst=185 latency=7 penalty=0 half=2
t=420, issue sfu node 540 with op exp src0=244 src1=-1 dst=245 latency=30 rounds=6 penalty=0 borrow=1
t=421, issue scalar node 871 with op max src0=120 src1=121 dst=126 latency=7 penalty=0
t=423, issue ve node 529 with op reduce_sum src0=237 src1=-1 dst=234 latency=12 penalty=0
t=424, issue ve node 415 with op sub src0=172 src1=185 dst=186 latency=7 penalty=0 half=2
t=424, issue scalar node 479 with op add src0=211 src1=212 dst=214 latency=7 penalty=0
t=425, issue scalar node 872 with op max src0=122 src1=123 dst=127 latency=7 penalty=0
t=426, issue store node 412 mem=40 latency=0
t=426, issue sfu node 543 with op exp src0=246 src1=-1 dst=247 latency=30 rounds=6 penalty=0 borrow=1
t=426, issue scalar node 873 with op max src0=124 src1=125 dst=128 latency=7 penalty=0
t=428, issue ve node 417 with op sub src0=174 src1=185 dst=187 latency=7 penalty=0 half=2
t=429, issue ve node 532 with op reduce_sum src0=239 src1=-1 dst=235 latency=12 penalty=0
t=429, issue scalar node 545 with op add src0=232 src1=233 dst=240 latency=7 penalty=0
t=430, issue store node 414 mem=41 latency=0
t=431, issue scalar node 480 with op add src0=213 src1=214 dst=215 latency=7 penalty=0
t=432, issue ve node 419 with op sub src0=176 src1=185 dst=188 latency=7 penalty=0 half=2
t=432, issue scalar node 874 with op max src0=126 src1=127 dst=129 latency=7 penalty=0
t=434, issue store node 416 mem=42 latency=0
t=436, issue ve node 421 with op sub src0=178 src1=185 dst=189 latency=7 penalty=0 half=2
t=438, issue store node 418 mem=43 latency=0
t=438, issue sfu node 481 with op ln src0=215 src1=-1 dst=216 latency=22 rounds=0 penalty=0 borrow=1
t=438, issue ve node 535 with op reduce_sum src0=241 src1=-1 dst=236 latency=12 penalty=0
t=439, issue scalar node 875 with op max src0=128 src1=129 dst=130 latency=7 penalty=0
t=441, issue scalar node 546 with op add src0=234 src1=235 dst=241 latency=7 penalty=0
t=442, issue store node 420 mem=44 latency=0
t=444, issue ve node 538 with op reduce_sum src0=243 src1=-1 dst=237 latency=12 penalty=0
t=446, issue store node 422 mem=45 latency=0
t=448, issue scalar node 549 with op add src0=240 src1=241 dst=244 latency=7 penalty=0
t=449, issue ve node 423 with op sub src0=180 src1=185 dst=190 latency=7 penalty=0 half=0
t=450, issue ve node 425 with op sub src0=182 src1=185 dst=191 latency=7 penalty=0 half=0
t=451, issue ve node 541 with op reduce_sum src0=245 src1=-1 dst=238 latency=12 penalty=0
t=452, issue ve node 592 with op sub src0=0 src1=6 dst=8 latency=7 penalty=0 half=0
t=453, issue ve node 595 with op sub src0=1 src1=6 dst=10 latency=7 penalty=0 half=0
t=454, issue ve node 598 with op sub src0=2 src1=6 dst=12 latency=7 penalty=0 half=0
t=455, issue ve node 601 with op sub src0=3 src1=6 dst=14 latency=7 penalty=0 half=0
t=456, issue store node 424 mem=46 latency=0
t=456, issue ve node 544 with op reduce_sum src0=247 src1=-1 dst=239 latency=12 penalty=0
t=457, issue store node 426 mem=47 latency=0
t=457, issue scalar node 547 with op add src0=236 src1=237 dst=242 latency=7 penalty=0
t=457, issue ve node 604 with op sub src0=4 src1=6 dst=16 latency=7 penalty=0 half=0
t=457, issue load node 924 gpr=160 mem=104 latency=3
t=458, issue ve node 607 with op sub src0=5 src1=6 dst=18 latency=7 penalty=0 half=0
t=458, issue load node 926 gpr=161 mem=105 latency=3
t=459, issue sfu node 593 with op exp src0=8 src1=-1 dst=9 latency=30 rounds=6 penalty=0 borrow=1
t=459, issue ve node 610 with op sub src0=6 src1=6 dst=20 latency=7 penalty=0 half=0
t=459, issue load node 930 gpr=163 mem=107 latency=3
t=460, issue ve node 482 with op sub src0=200 src1=216 dst=216 latency=7 penalty=0 half=0
t=460, issue load node 928 gpr=162 mem=106 latency=3
t=461, issue ve node 484 with op sub src0=202 src1=216 dst=217 latency=7 penalty=0 half=0
t=461, issue load node 934 gpr=165 mem=109 latency=3
t=462, issue ve node 486 with op sub src0=204 src1=216 dst=218 latency=7 penalty=0 half=0
t=462, issue load node 932 gpr=164 mem=108 latency=3
t=463, issue ve node 488 with op sub src0=206 src1=216 dst=219 latency=7 penalty=0 half=0
t=463, issue load node 936 gpr=166 mem=110 latency=3
t=464, issue ve node 490 with op sub src0=208 src1=216 dst=220 latency=7 penalty=0 half=0
t=464, issue load node 938 gpr=167 mem=111 latency=3
t=465, issue ve node 492 with op sub src0=210 src1=216 dst=221 latency=7 penalty=0 half=0
t=465, issue sfu node 599 with op exp src0=12 src1=-1 dst=13 latency=30 rounds=6 penalty=0 borrow=1
t=466, issue ve node 494 with op sub src0=212 src1=216 dst=222 latency=7 penalty=0 half=0
t=467, issue store node 483 mem=48 latency=0
t=467, issue ve node 496 with op sub src0=214 src1=216 dst=223 latency=7 penalty=0 half=2
t=468, issue store node 485 mem=49 latency=0
t=468, issue scalar node 548 with op add src0=238 src1=239 dst=243 latency=7 penalty=0
t=468, issue ve node 929 with op reduce_max src0=162 src1=-1 dst=149 latency=7 penalty=0
t=469, issue store node 487 mem=50 latency=0
t=469, issue ve node 925 with op reduce_max src0=160 src1=-1 dst=147 latency=7 penalty=0
t=470, issue store node 489 mem=51 latency=0
t=470, issue ve node 927 with op reduce_max src0=161 src1=-1 dst=148 latency=7 penalty=0
t=471, issue store node 491 mem=52 latency=0
t=471, issue sfu node 596 with op exp src0=10 src1=-1 dst=11 latency=30 rounds=6 penalty=0 borrow=1
t=471, issue ve node 613 with op sub src0=7 src1=6 dst=22 latency=7 penalty=0 half=2
t=472, issue store node 493 mem=53 latency=0
t=472, issue ve node 931 with op reduce_max src0=163 src1=-1 dst=150 latency=7 penalty=0
t=473, issue store node 495 mem=54 latency=0
t=473, issue ve node 933 with op reduce_max src0=164 src1=-1 dst=151 latency=7 penalty=0
t=474, issue ve node 935 with op reduce_max src0=165 src1=-1 dst=152 latency=7 penalty=0
t=475, issue scalar node 550 with op add src0=242 src1=243 dst=245 latency=7 penalty=0
t=475, issue ve node 663 with op sub src0=32 src1=37 dst=40 latency=7 penalty=0 half=2
t=476, issue ve node 937 with op reduce_max src0=166 src1=-1 dst=153 latency=7 penalty=0
t=477, issue store node 497 mem=55 latency=0
t=477, issue sfu node 602 with op exp src0=14 src1=-1 dst=15 latency=30 rounds=6 penalty=0 borrow=1
t=477, issue scalar node 940 with op max src0=147 src1=148 dst=155 latency=7 penalty=0
t=477, issue load node 995 gpr=192 mem=112 latency=3
t=478, issue ve node 939 with op reduce_max src0=167 src1=-1 dst=154 latency=7 penalty=0
t=478, issue load node 997 gpr=193 mem=113 latency=3
t=479, issue ve node 666 with op sub src0=33 src1=37 dst=42 latency=7 penalty=0 half=2
t=479, issue load node 999 gpr=194 mem=114 latency=3
t=480, issue scalar node 941 with op max src0=149 src1=150 dst=156 latency=7 penalty=0
t=480, issue ve node 996 with op reduce_max src0=192 src1=-1 dst=178 latency=7 penalty=0
t=480, issue load node 1001 gpr=195 mem=115 latency=3
t=481, issue scalar node 942 with op max src0=151 src1=152 dst=157 latency=7 penalty=0
t=481, issue ve node 998 with op reduce_max src0=193 src1=-1 dst=179 latency=7 penalty=0
t=481, issue load node 1003 gpr=196 mem=116 latency=3
t=482, issue scalar node 551 with op add src0=244 src1=245 dst=246 latency=7 penalty=0
t=482, issue ve node 1000 with op reduce_max src0=194 src1=-1 dst=180 latency=7 penalty=0
t=482, issue load node 1005 gpr=197 mem=117 latency=3
t=483, issue sfu node 605 with op exp src0=16 src1=-1 dst=17 latency=30 rounds=6 penalty=0 borrow=1
t=483, issue ve node 669 with op sub src0=34 src1=37 dst=44 latency=7 penalty=0 half=2
t=483, issue load node 1007 gpr=198 mem=118 latency=3
t=484, issue ve node 1002 with op reduce_max src0=195 src1=-1 dst=181 latency=7 penalty=0
t=484, issue load node 1009 gpr=199 mem=119 latency=3
t=485, issue scalar node 943 with op max src0=153 src1=154 dst=158 latency=7 penalty=0
t=485, issue ve node 1006 with op reduce_max src0=197 src1=-1 dst=183 latency=7 penalty=0
t=486, issue ve node 1004 with op reduce_max src0=196 src1=-1 dst=182 latency=7 penalty=0
t=487, issue ve node 672 with op sub src0=35 src1=37 dst=46 latency=7 penalty=0 half=2
t=487, issue scalar node 944 with op max src0=155 src1=156 dst=159 latency=7 penalty=0
t=488, issue ve node 1008 with op reduce_max src0=198 src1=-1 dst=184 latency=7 penalty=0
t=488, issue scalar node 1011 with op max src0=178 src1=179 dst=186 latency=7 penalty=0
t=489, issue sfu node 552 with op ln src0=246 src1=-1 dst=247 latency=22 rounds=0 penalty=0 borrow=1
t=489, issue ve node 594 with op reduce_sum src0=9 src1=-1 dst=7 latency=12 penalty=0
t=490, issue sfu node 608 with op exp src0=18 src1=-1 dst=19 latency=30 rounds=6 penalty=0 borrow=1
t=490, issue ve node 1010 with op reduce_max src0=199 src1=-1 dst=185 latency=7 penalty=0
t=491, issue ve node 675 with op sub src0=36 src1=37 dst=48 latency=7 penalty=0 half=2
t=492, issue scalar node 945 with op max src0=157 src1=158 dst=160 latency=7 penalty=0
t=493, issue scalar node 1012 with op max src0=180 src1=181 dst=187 latency=7 penalty=0
t=494, issue scalar node 1013 with op max src0=182 src1=183 dst=188 latency=7 penalty=0
t=495, issue ve node 600 with op reduce_sum src0=13 src1=-1 dst=9 latency=12 penalty=0
t=496, issue sfu node 611 with op exp src0=20 src1=-1 dst=21 latency=30 rounds=6 penalty=0 borrow=1
t=496, issue ve node 678 with op sub src0=37 src1=37 dst=50 latency=7 penalty=0 half=2
t=497, issue scalar node 1014 with op max src0=184 src1=185 dst=189 latency=7 penalty=0
t=499, issue scalar node 946 with op max src0=159 src1=160 dst=161 latency=7 penalty=0
t=500, issue ve node 681 with op sub src0=38 src1=37 dst=52 latency=7 penalty=0 half=2
t=500, issue scalar node 1015 with op max src0=186 src1=187 dst=190 latency=7 penalty=0
t=501, issue ve node 597 with op reduce_sum src0=11 src1=-1 dst=8 latency=12 penalty=0
t=502, issue sfu node 614 with op exp src0=22 src1=-1 dst=23 latency=30 rounds=6 penalty=0 borrow=1
t=504, issue ve node 684 with op sub src0=39 src1=37 dst=54 latency=7 penalty=0 half=2
t=505, issue scalar node 1016 with op max src0=188 src1=189 dst=191 latency=7 penalty=0
t=507, issue ve node 603 with op reduce_sum src0=15 src1=-1 dst=10 latency=12 penalty=0
t=508, issue sfu node 664 with op exp src0=40 src1=-1 dst=41 latency=30 rounds=6 penalty=0 borrow=1
t=508, issue ve node 737 with op sub src0=65 src1=68 dst=74 latency=7 penalty=0 half=2
t=512, issue ve node 553 with op sub src0=232 src1=247 dst=248 latency=7 penalty=0 half=2
t=513, issue ve node 606 with op reduce_sum src0=17 src1=-1 dst=11 latency=12 penalty=0
t=513, issue scalar node 616 with op add src0=7 src1=8 dst=15 latency=7 penalty=0
t=514, issue sfu node 667 with op exp src0=42 src1=-1 dst=43 latency=30 rounds=6 penalty=0 borrow=1
t=514, issue scalar node 1017 with op max src0=190 src1=191 dst=192 latency=7 penalty=0
t=516, issue ve node 557 with op sub src0=236 src1=247 dst=250 latency=7 penalty=0 half=2
t=519, issue scalar node 617 with op add src0=9 src1=10 dst=16 latency=7 penalty=0
t=520, issue ve node 555 with op sub src0=234 src1=247 dst=249 latency=7 penalty=0 half=2
t=520, issue sfu node 670 with op exp src0=44 src1=-1 dst=45 latency=30 rounds=6 penalty=0 borrow=1
t=521, issue ve node 609 with op reduce_sum src0=19 src1=-1 dst=12 latency=12 penalty=0
t=522, issue store node 554 mem=56 latency=0
t=524, issue ve node 559 with op sub src0=238 src1=247 dst=251 latency=7 penalty=0 half=2
t=526, issue store node 558 mem=58 latency=0
t=526, issue ve node 612 with op reduce_sum src0=21 src1=-1 dst=13 latency=12 penalty=0
t=526, issue scalar node 620 with op add src0=15 src1=16 dst=19 latency=7 penalty=0
t=526, issue sfu node 676 with op exp src0=48 src1=-1 dst=49 latency=30 rounds=6 penalty=0 borrow=1
t=528, issue ve node 561 with op sub src0=240 src1=247 dst=252 latency=7 penalty=0 half=2
t=530, issue store node 556 mem=57 latency=0
t=532, issue ve node 563 with op sub src0=242 src1=247 dst=253 latency=7 penalty=0 half=2
t=532, issue sfu node 682 with op exp src0=52 src1=-1 dst=53 latency=30 rounds=6 penalty=0 borrow=1
t=533, issue ve node 615 with op reduce_sum src0=23 src1=-1 dst=14 latency=12 penalty=0
t=533, issue scalar node 618 with op add src0=11 src1=12 dst=17 latency=7 penalty=0
t=534, issue store node 560 mem=59 latency=0
t=536, issue ve node 565 with op sub src0=244 src1=247 dst=254 latency=7 penalty=0 half=2
t=538, issue store node 562 mem=60 latency=0
t=538, issue ve node 665 with op reduce_sum src0=41 src1=-1 dst=38 latency=12 penalty=0
t=538, issue sfu node 673 with op exp src0=46 src1=-1 dst=47 latency=30 rounds=6 penalty=0 borrow=1
t=540, issue ve node 567 with op sub src0=246 src1=247 dst=255 latency=7 penalty=0 half=2
t=542, issue store node 564 mem=61 latency=0
t=544, issue ve node 668 with op reduce_sum src0=43 src1=-1 dst=39 latency=12 penalty=0
t=544, issue sfu node 679 with op exp src0=50 src1=-1 dst=51 latency=30 rounds=6 penalty=0 borrow=1
t=545, issue scalar node 619 with op add src0=13 src1=14 dst=18 latency=7 penalty=0
t=545, issue ve node 734 with op sub src0=64 src1=68 dst=72 latency=7 penalty=0 half=2
t=546, issue store node 566 mem=62 latency=0
t=549, issue ve node 740 with op sub src0=66 src1=68 dst=76 latency=7 penalty=0 half=2
t=550, issue store node 568 mem=63 latency=0
t=550, issue ve node 671 with op reduce_sum src0=45 src1=-1 dst=40 latency=12 penalty=0
t=550, issue sfu node 685 with op exp src0=54 src1=-1 dst=55 latency=30 rounds=6 penalty=0 borrow=1
t=550, issue load node 1066 gpr=224 mem=120 latency=3
t=551, issue load node 1068 gpr=225 mem=121 latency=3
t=552, issue scalar node 621 with op add src0=17 src1=18 dst=20 latency=7 penalty=0
t=552, issue load node 1070 gpr=226 mem=122 latency=3
t=553, issue ve node 743 with op sub src0=67 src1=68 dst=78 latency=7 penalty=0 half=2
t=553, issue load node 1072 gpr=227 mem=123 latency=3
t=554, issue ve node 1067 with op reduce_max src0=224 src1=-1 dst=209 latency=7 penalty=0
t=554, issue load node 1074 gpr=228 mem=124 latency=3
t=555, issue ve node 1069 with op reduce_max src0=225 src1=-1 dst=210 latency=7 penalty=0
t=555, issue load node 1076 gpr=229 mem=125 latency=3
t=556, issue ve node 677 with op reduce_sum src0=49 src1=-1 dst=42 latency=12 penalty=0
t=556, issue scalar node 687 with op add src0=38 src1=39 dst=46 latency=7 penalty=0
t=556, issue sfu node 735 with op exp src0=72 src1=-1 dst=73 latency=30 rounds=6 penalty=0 borrow=1
t=556, issue load node 1078 gpr=230 mem=126 latency=3
t=557, issue ve node 746 with op sub src0=68 src1=68 dst=80 latency=7 penalty=0 half=2
t=557, issue load node 1080 gpr=231 mem=127 latency=3
t=558, issue ve node 1071 with op reduce_max src0=226 src1=-1 dst=211 latency=7 penalty=0
t=559, issue scalar node 622 with op add src0=19 src1=20 dst=21 latency=7 penalty=0
t=559, issue ve node 1073 with op reduce_max src0=227 src1=-1 dst=212 latency=7 penalty=0
t=560, issue ve node 1075 with op reduce_max src0=228 src1=-1 dst=213 latency=7 penalty=0
t=561, issue ve node 749 with op sub src0=69 src1=68 dst=82 latency=7 penalty=0 half=2
t=562, issue ve node 683 with op reduce_sum src0=53 src1=-1 dst=44 latency=12 penalty=0
t=562, issue sfu node 738 with op exp src0=74 src1=-1 dst=75 latency=30 rounds=6 penalty=0 borrow=1
t=562, issue scalar node 1082 with op max src0=209 src1=210 dst=217 latency=7 penalty=0
t=563, issue ve node 1077 with op reduce_max src0=229 src1=-1 dst=214 latency=7 penalty=0
t=564, issue ve node 1079 with op reduce_max src0=230 src1=-1 dst=215 latency=7 penalty=0
t=565, issue ve node 752 with op sub src0=70 src1=68 dst=84 latency=7 penalty=0 half=2
t=566, issue sfu node 623 with op ln src0=21 src1=-1 dst=22 latency=22 rounds=0 penalty=0 borrow=1
t=566, issue ve node 1081 with op reduce_max src0=231 src1=-1 dst=216 latency=7 penalty=0
t=566, issue scalar node 1083 with op max src0=211 src1=212 dst=218 latency=7 penalty=0
t=568, issue ve node 674 with op reduce_sum src0=47 src1=-1 dst=41 latency=12 penalty=0
t=568, issue sfu node 741 with op exp src0=76 src1=-1 dst=77 latency=30 rounds=6 penalty=0 borrow=1
t=569, issue ve node 755 with op sub src0=71 src1=68 dst=86 latency=7 penalty=0 half=2
t=570, issue scalar node 1084 with op max src0=213 src1=214 dst=219 latency=7 penalty=0
t=573, issue ve node 805 with op sub src0=96 src1=99 dst=104 latency=7 penalty=0 half=2
t=574, issue ve node 680 with op reduce_sum src0=51 src1=-1 dst=43 latency=12 penalty=0
t=574, issue sfu node 744 with op exp src0=78 src1=-1 dst=79 latency=30 rounds=6 penalty=0 borrow=1
t=574, issue scalar node 1085 with op max src0=215 src1=216 dst=220 latency=7 penalty=0
t=575, issue scalar node 1086 with op max src0=217 src1=218 dst=221 latency=7 penalty=0
t=577, issue ve node 808 with op sub src0=97 src1=99 dst=106 latency=7 penalty=0 half=2
t=580, issue ve node 686 with op reduce_sum src0=55 src1=-1 dst=45 latency=12 penalty=0
t=580, issue scalar node 688 with op add src0=40 src1=41 dst=47 latency=7 penalty=0
t=580, issue sfu node 747 with op exp src0=80 src1=-1 dst=81 latency=30 rounds=6 penalty=0 borrow=1
t=581, issue ve node 811 with op sub src0=98 src1=99 dst=108 latency=7 penalty=0 half=2
t=582, issue scalar node 1087 with op max src0=219 src1=220 dst=222 latency=7 penalty=0
t=585, issue ve node 814 with op sub src0=99 src1=99 dst=110 latency=7 penalty=0 half=2
t=586, issue scalar node 689 with op add src0=42 src1=43 dst=48 latency=7 penalty=0
t=586, issue ve node 736 with op reduce_sum src0=73 src1=-1 dst=69 latency=12 penalty=0
t=586, issue sfu node 750 with op exp src0=82 src1=-1 dst=83 latency=30 rounds=6 penalty=0 borrow=1
t=587, issue scalar node 691 with op add src0=46 src1=47 dst=50 latency=7 penalty=0
t=589, issue ve node 624 with op sub src0=8 src1=22 dst=24 latency=7 penalty=0 half=2
t=590, issue scalar node 1088 with op max src0=221 src1=222 dst=223 latency=7 penalty=0
t=592, issue scalar node 690 with op add src0=44 src1=45 dst=49 latency=7 penalty=0
t=592, issue ve node 739 with op reduce_sum src0=75 src1=-1 dst=70 latency=12 penalty=0
t=592, issue sfu node 753 with op exp src0=84 src1=-1 dst=85 latency=30 rounds=6 penalty=0 borrow=1
t=593, issue ve node 626 with op sub src0=10 src1=22 dst=25 latency=7 penalty=0 half=2
t=597, issue ve node 628 with op sub src0=12 src1=22 dst=26 latency=7 penalty=0 half=2
t=598, issue ve node 742 with op reduce_sum src0=77 src1=-1 dst=71 latency=12 penalty=0
t=598, issue sfu node 756 with op exp src0=86 src1=-1 dst=87 latency=30 rounds=6 penalty=0 borrow=1
t=599, issue store node 625 mem=64 latency=0
t=599, issue scalar node 692 with op add src0=48 src1=49 dst=51 latency=7 penalty=0
t=601, issue ve node 630 with op sub src0=14 src1=22 dst=27 latency=7 penalty=0 half=2
t=603, issue store node 627 mem=65 latency=0
t=604, issue ve node 745 with op reduce_sum src0=79 src1=-1 dst=72 latency=12 penalty=0
t=604, issue scalar node 758 with op add src0=69 src1=70 dst=77 latency=7 penalty=0
t=604, issue sfu node 806 with op exp src0=104 src1=-1 dst=105 latency=30 rounds=6 penalty=0 borrow=1
t=605, issue ve node 632 with op sub src0=16 src1=22 dst=28 latency=7 penalty=0 half=2
t=606, issue scalar node 693 with op add src0=50 src1=51 dst=52 latency=7 penalty=0
t=607, issue store node 629 mem=66 latency=0
t=609, issue ve node 634 with op sub src0=18 src1=22 dst=29 latency=7 penalty=0 half=2
t=610, issue ve node 748 with op reduce_sum src0=81 src1=-1 dst=73 latency=12 penalty=0
t=610, issue sfu node 809 with op exp src0=106 src1=-1 dst=107 latency=30 rounds=6 penalty=0 borrow=1
t=611, issue store node 631 mem=67 latency=0
t=613, issue ve node 636 with op sub src0=20 src1=22 dst=30 latency=7 penalty=0 half=2
t=613, issue sfu node 694 with op ln src0=52 src1=-1 dst=53 latency=22 rounds=0 penalty=0 borrow=1
t=615, issue store node 633 mem=68 latency=0
t=616, issue ve node 751 with op reduce_sum src0=83 src1=-1 dst=74 latency=12 penalty=0
t=616, issue scalar node 759 with op add src0=71 src1=72 dst=78 latency=7 penalty=0
t=616, issue sfu node 812 with op exp src0=108 src1=-1 dst=109 latency=30 rounds=6 penalty=0 borrow=1
t=617, issue ve node 638 with op sub src0=22 src1=22 dst=31 latency=7 penalty=0 half=2
t=619, issue store node 635 mem=69 latency=0
t=621, issue ve node 817 with op sub src0=100 src1=99 dst=112 latency=7 penalty=0 half=2
t=622, issue ve node 754 with op reduce_sum src0=85 src1=-1 dst=75 latency=12 penalty=0
t=622, issue sfu node 815 with op exp src0=110 src1=-1 dst=111 latency=30 rounds=6 penalty=0 borrow=1
t=623, issue store node 637 mem=70 latency=0
t=623, issue scalar node 762 with op add src0=77 src1=78 dst=81 latency=7 penalty=0
t=625, issue ve node 820 with op sub src0=101 src1=99 dst=114 latency=7 penalty=0 half=2
t=627, issue store node 639 mem=71 latency=0
t=627, issue load node 1137 gpr=0 mem=128 latency=3
t=628, issue ve node 757 with op reduce_sum src0=87 src1=-1 dst=76 latency=12 penalty=0
t=628, issue scalar node 760 with op add src0=73 src1=74 dst=79 latency=7 penalty=0
t=628, issue load node 1139 gpr=1 mem=129 latency=3
t=629, issue ve node 823 with op sub src0=102 src1=99 dst=116 latency=7 penalty=0 half=2
t=629, issue load node 1141 gpr=2 mem=130 latency=3
t=630, issue ve node 1138 with op reduce_max src0=0 src1=-1 dst=240 latency=7 penalty=0
t=630, issue load node 1143 gpr=3 mem=131 latency=3
t=631, issue sfu node 818 with op exp src0=112 src1=-1 dst=113 latency=30 rounds=6 penalty=0 borrow=1
t=631, issue ve node 1140 with op reduce_max src0=1 src1=-1 dst=241 latency=7 penalty=0
t=631, issue load node 1145 gpr=4 mem=132 latency=3
t=632, issue ve node 1142 with op reduce_max src0=2 src1=-1 dst=242 latency=7 penalty=0
t=632, issue load node 1147 gpr=5 mem=133 latency=3
t=633, issue ve node 826 with op sub src0=103 src1=99 dst=118 latency=7 penalty=0 half=2
t=633, issue load node 1149 gpr=6 mem=134 latency=3
t=634, issue ve node 807 with op reduce_sum src0=105 src1=-1 dst=100 latency=12 penalty=0
t=634, issue load node 1151 gpr=7 mem=135 latency=3
t=635, issue ve node 1144 with op reduce_max src0=3 src1=-1 dst=243 latency=7 penalty=0
t=636, issue ve node 1146 with op reduce_max src0=4 src1=-1 dst=244 latency=7 penalty=0
t=637, issue sfu node 821 with op exp src0=114 src1=-1 dst=115 latency=30 rounds=6 penalty=0 borrow=1
t=637, issue ve node 1148 with op reduce_max src0=5 src1=-1 dst=245 latency=7 penalty=0
t=638, issue ve node 1150 with op reduce_max src0=6 src1=-1 dst=246 latency=7 penalty=0
t=638, issue scalar node 1153 with op max src0=240 src1=241 dst=248 latency=7 penalty=0
t=639, issue ve node 695 with op sub src0=40 src1=53 dst=56 latency=7 penalty=0 half=2
t=640, issue scalar node 761 with op add src0=75 src1=76 dst=80 latency=7 penalty=0
t=640, issue ve node 810 with op reduce_sum src0=107 src1=-1 dst=101 latency=12 penalty=0
t=641, issue ve node 1152 with op reduce_max src0=7 src1=-1 dst=247 latency=7 penalty=0
t=642, issue scalar node 1154 with op max src0=242 src1=243 dst=249 latency=7 penalty=0
t=643, issue ve node 697 with op sub src0=42 src1=53 dst=57 latency=7 penalty=0 half=2
t=643, issue sfu node 824 with op exp src0=116 src1=-1 dst=117 latency=30 rounds=6 penalty=0 borrow=1
t=644, issue scalar node 1155 with op max src0=244 src1=245 dst=250 latency=7 penalty=0
t=646, issue ve node 813 with op reduce_sum src0=109 src1=-1 dst=102 latency=12 penalty=0
t=647, issue ve node 699 with op sub src0=44 src1=53 dst=58 latency=7 penalty=0 half=2
t=647, issue scalar node 763 with op add src0=79 src1=80 dst=82 latency=7 penalty=0
t=648, issue scalar node 1156 with op max src0=246 src1=247 dst=251 latency=7 penalty=0
t=649, issue store node 696 mem=72 latency=0
t=649, issue sfu node 827 with op exp src0=118 src1=-1 dst=119 latency=30 rounds=6 penalty=0 borrow=1
t=649, issue scalar node 1157 with op max src0=248 src1=249 dst=252 latency=7 penalty=0
t=651, issue ve node 701 with op sub src0=46 src1=53 dst=59 latency=7 penalty=0 half=2
t=652, issue ve node 816 with op reduce_sum src0=111 src1=-1 dst=103 latency=12 penalty=0
t=652, issue scalar node 829 with op add src0=100 src1=101 dst=108 latency=7 penalty=0
t=653, issue store node 698 mem=73 latency=0
t=654, issue scalar node 764 with op add src0=81 src1=82 dst=83 latency=7 penalty=0
t=655, issue ve node 703 with op sub src0=48 src1=53 dst=60 latency=7 penalty=0 half=2
t=655, issue scalar node 1158 with op max src0=250 src1=251 dst=253 latency=7 penalty=0
t=657, issue store node 700 mem=74 latency=0
t=659, issue ve node 705 with op sub src0=50 src1=53 dst=61 latency=7 penalty=0 half=2
t=661, issue store node 702 mem=75 latency=0
t=661, issue sfu node 765 with op ln src0=83 src1=-1 dst=84 latency=22 rounds=0 penalty=0 borrow=1
t=661, issue ve node 819 with op reduce_sum src0=113 src1=-1 dst=104 latency=12 penalty=0
t=662, issue scalar node 1159 with op max src0=252 src1=253 dst=254 latency=7 penalty=0
t=664, issue scalar node 830 with op add src0=102 src1=103 dst=109 latency=7 penalty=0
t=665, issue store node 704 mem=76 latency=0
t=667, issue ve node 822 with op reduce_sum src0=115 src1=-1 dst=105 latency=12 penalty=0
t=669, issue store node 706 mem=77 latency=0
t=671, issue scalar node 833 with op add src0=108 src1=109 dst=112 latency=7 penalty=0
t=672, issue ve node 707 with op sub src0=52 src1=53 dst=62 latency=7 penalty=0 half=0
t=673, issue ve node 709 with op sub src0=54 src1=53 dst=63 latency=7 penalty=0 half=0
t=674, issue ve node 825 with op reduce_sum src0=117 src1=-1 dst=106 latency=12 penalty=0
t=675, issue ve node 876 with op sub src0=128 src1=130 dst=136 latency=7 penalty=0 half=0
t=676, issue ve node 879 with op sub src0=129 src1=130 dst=138 latency=7 penalty=0 half=0
t=677, issue ve node 882 with op sub src0=130 src1=130 dst=140 latency=7 penalty=0 half=0
t=678, issue ve node 885 with op sub src0=131 src1=130 dst=142 latency=7 penalty=0 half=0
t=679, issue store node 708 mem=78 latency=0
t=679, issue ve node 828 with op reduce_sum src0=119 src1=-1 dst=107 latency=12 penalty=0
t=680, issue store node 710 mem=79 latency=0
t=680, issue scalar node 831 with op add src0=104 src1=105 dst=110 latency=7 penalty=0
t=680, issue ve node 888 with op sub src0=132 src1=130 dst=144 latency=7 penalty=0 half=0
t=680, issue load node 1208 gpr=32 mem=136 latency=3
t=681, issue ve node 891 with op sub src0=133 src1=130 dst=146 latency=7 penalty=0 half=0
t=681, issue load node 1210 gpr=33 mem=137 latency=3
t=682, issue sfu node 877 with op exp src0=136 src1=-1 dst=137 latency=30 rounds=6 penalty=0 borrow=1
t=682, issue ve node 894 with op sub src0=134 src1=130 dst=148 latency=7 penalty=0 half=0
t=682, issue load node 1214 gpr=35 mem=139 latency=3
t=683, issue ve node 766 with op sub src0=72 src1=84 dst=88 latency=7 penalty=0 half=0
t=683, issue load node 1212 gpr=34 mem=138 latency=3
t=684, issue ve node 768 with op sub src0=74 src1=84 dst=89 latency=7 penalty=0 half=0
t=684, issue load node 1218 gpr=37 mem=141 latency=3
t=685, issue ve node 770 with op sub src0=76 src1=84 dst=90 latency=7 penalty=0 half=0
t=685, issue load node 1216 gpr=36 mem=140 latency=3
t=686, issue ve node 772 with op sub src0=78 src1=84 dst=91 latency=7 penalty=0 half=0
t=686, issue load node 1220 gpr=38 mem=142 latency=3
t=687, issue ve node 774 with op sub src0=80 src1=84 dst=92 latency=7 penalty=0 half=0
t=687, issue load node 1222 gpr=39 mem=143 latency=3
t=688, issue ve node 776 with op sub src0=82 src1=84 dst=93 latency=7 penalty=0 half=0
t=688, issue sfu node 883 with op exp src0=140 src1=-1 dst=141 latency=30 rounds=6 penalty=0 borrow=1
t=689, issue ve node 778 with op sub src0=84 src1=84 dst=94 latency=7 penalty=0 half=0
t=690, issue store node 767 mem=80 latency=0
t=690, issue ve node 780 with op sub src0=86 src1=84 dst=95 latency=7 penalty=0 half=2
t=691, issue store node 769 mem=81 latency=0
t=691, issue scalar node 832 with op add src0=106 src1=107 dst=111 latency=7 penalty=0
t=691, issue ve node 1213 with op reduce_max src0=34 src1=-1 dst=17 latency=7 penalty=0
t=692, issue store node 771 mem=82 latency=0
t=692, issue ve node 1209 with op reduce_max src0=32 src1=-1 dst=15 latency=7 penalty=0
t=693, issue store node 773 mem=83 latency=0
t=693, issue ve node 1211 with op reduce_max src0=33 src1=-1 dst=16 latency=7 penalty=0
t=694, issue store node 775 mem=84 latency=0
t=694, issue sfu node 880 with op exp src0=138 src1=-1 dst=139 latency=30 rounds=6 penalty=0 borrow=1
t=694, issue ve node 897 with op sub src0=135 src1=130 dst=150 latency=7 penalty=0 half=2
t=695, issue store node 777 mem=85 latency=0
t=695, issue ve node 1215 with op reduce_max src0=35 src1=-1 dst=18 latency=7 penalty=0
t=696, issue store node 779 mem=86 latency=0
t=696, issue ve node 1217 with op reduce_max src0=36 src1=-1 dst=19 latency=7 penalty=0
t=697, issue ve node 1219 with op reduce_max src0=37 src1=-1 dst=20 latency=7 penalty=0
t=698, issue scalar node 834 with op add src0=110 src1=111 dst=113 latency=7 penalty=0
t=698, issue ve node 947 with op sub src0=160 src1=161 dst=168 latency=7 penalty=0 half=2
t=699, issue ve node 1221 with op reduce_max src0=38 src1=-1 dst=21 latency=7 penalty=0
t=700, issue store node 781 mem=87 latency=0
t=700, issue sfu node 886 with op exp src0=142 src1=-1 dst=143 latency=30 rounds=6 penalty=0 borrow=1
t=700, issue scalar node 1224 with op max src0=15 src1=16 dst=23 latency=7 penalty=0
t=700, issue load node 1279 gpr=64 mem=144 latency=3
t=701, issue ve node 1223 with op reduce_max src0=39 src1=-1 dst=22 latency=7 penalty=0
t=701, issue load node 1281 gpr=65 mem=145 latency=3
t=702, issue ve node 950 with op sub src0=161 src1=161 dst=170 latency=7 penalty=0 half=2
t=702, issue load node 1283 gpr=66 mem=146 latency=3
t=703, issue scalar node 1225 with op max src0=17 src1=18 dst=24 latency=7 penalty=0
t=703, issue ve node 1280 with op reduce_max src0=64 src1=-1 dst=46 latency=7 penalty=0
t=703, issue load node 1285 gpr=67 mem=147 latency=3
t=704, issue scalar node 1226 with op max src0=19 src1=20 dst=25 latency=7 penalty=0
t=704, issue ve node 1282 with op reduce_max src0=65 src1=-1 dst=47 latency=7 penalty=0
t=704, issue load node 1287 gpr=68 mem=148 latency=3
t=705, issue scalar node 835 with op add src0=112 src1=113 dst=114 latency=7 penalty=0
t=705, issue ve node 1284 with op reduce_max src0=66 src1=-1 dst=48 latency=7 penalty=0
t=705, issue load node 1289 gpr=69 mem=149 latency=3
t=706, issue sfu node 889 with op exp src0=144 src1=-1 dst=145 latency=30 rounds=6 penalty=0 borrow=1
t=706, issue ve node 953 with op sub src0=162 src1=161 dst=172 latency=7 penalty=0 half=2
t=706, issue load node 1291 gpr=70 mem=150 latency=3
t=707, issue ve node 1286 with op reduce_max src0=67 src1=-1 dst=49 latency=7 penalty=0
t=707, issue load node 1293 gpr=71 mem=151 latency=3
t=708, issue scalar node 1227 with op max src0=21 src1=22 dst=26 latency=7 penalty=0
t=708, issue ve node 1290 with op reduce_max src0=69 src1=-1 dst=51 latency=7 penalty=0
t=709, issue ve node 1288 with op reduce_max src0=68 src1=-1 dst=50 latency=7 penalty=0
t=710, issue ve node 956 with op sub src0=163 src1=161 dst=174 latency=7 penalty=0 half=2
t=710, issue scalar node 1228 with op max src0=23 src1=24 dst=27 latency=7 penalty=0
t=711, issue ve node 1292 with op reduce_max src0=70 src1=-1 dst=52 latency=7 penalty=0
t=711, issue scalar node 1295 with op max src0=46 src1=47 dst=54 latency=7 penalty=0
t=712, issue sfu node 836 with op ln src0=114 src1=-1 dst=115 latency=22 rounds=0 penalty=0 borrow=1
t=712, issue ve node 878 with op reduce_sum src0=137 src1=-1 dst=131 latency=12 penalty=0
t=713, issue sfu node 892 with op exp src0=146 src1=-1 dst=147 latency=30 rounds=6 penalty=0 borrow=1
t=713, issue ve node 1294 with op reduce_max src0=71 src1=-1 dst=53 latency=7 penalty=0
t=714, issue ve node 959 with op sub src0=164 src1=161 dst=176 latency=7 penalty=0 half=2
t=715, issue scalar node 1229 with op max src0=25 src1=26 dst=28 latency=7 penalty=0
t=716, issue scalar node 1296 with op max src0=48 src1=49 dst=55 latency=7 penalty=0
t=717, issue scalar node 1297 with op max src0=50 src1=51 dst=56 latency=7 penalty=0
t=718, issue ve node 884 with op reduce_sum src0=141 src1=-1 dst=133 latency=12 penalty=0
t=719, issue sfu node 895 with op exp src0=148 src1=-1 dst=149 latency=30 rounds=6 penalty=0 borrow=1
t=719, issue ve node 962 with op sub src0=165 src1=161 dst=178 latency=7 penalty=0 half=2
t=720, issue scalar node 1298 with op max src0=52 src1=53 dst=57 latency=7 penalty=0
t=722, issue scalar node 1230 with op max src0=27 src1=28 dst=29 latency=7 penalty=0
t=723, issue ve node 965 with op sub src0=166 src1=161 dst=180 latency=7 penalty=0 half=2
t=723, issue scalar node 1299 with op max src0=54 src1=55 dst=58 latency=7 penalty=0
t=724, issue ve node 881 with op reduce_sum src0=139 src1=-1 dst=132 latency=12 penalty=0
t=725, issue sfu node 898 with op exp src0=150 src1=-1 dst=151 latency=30 rounds=6 penalty=0 borrow=1
t=727, issue ve node 968 with op sub src0=167 src1=161 dst=182 latency=7 penalty=0 half=2
t=728, issue scalar node 1300 with op max src0=56 src1=57 dst=59 latency=7 penalty=0
t=730, issue ve node 887 with op reduce_sum src0=143 src1=-1 dst=134 latency=12 penalty=0
t=731, issue sfu node 948 with op exp src0=168 src1=-1 dst=169 latency=30 rounds=6 penalty=0 borrow=1
t=731, issue ve node 1021 with op sub src0=193 src1=192 dst=202 latency=7 penalty=0 half=2
t=735, issue ve node 837 with op sub src0=104 src1=115 dst=120 latency=7 penalty=0 half=2
t=736, issue ve node 890 with op reduce_sum src0=145 src1=-1 dst=135 latency=12 penalty=0
t=736, issue scalar node 900 with op add src0=131 src1=132 dst=139 latency=7 penalty=0
t=737, issue sfu node 951 with op exp src0=170 src1=-1 dst=171 latency=30 rounds=6 penalty=0 borrow=1
t=737, issue scalar node 1301 with op max src0=58 src1=59 dst=60 latency=7 penalty=0
t=739, issue ve node 841 with op sub src0=108 src1=115 dst=122 latency=7 penalty=0 half=2
t=742, issue scalar node 901 with op add src0=133 src1=134 dst=140 latency=7 penalty=0
t=743, issue ve node 839 with op sub src0=106 src1=115 dst=121 latency=7 penalty=0 half=2
t=743, issue sfu node 954 with op exp src0=172 src1=-1 dst=173 latency=30 rounds=6 penalty=0 borrow=1
t=744, issue ve node 893 with op reduce_sum src0=147 src1=-1 dst=136 latency=12 penalty=0
t=745, issue store node 838 mem=88 latency=0
t=747, issue ve node 843 with op sub src0=110 src1=115 dst=123 latency=7 penalty=0 half=2
t=749, issue store node 842 mem=90 latency=0
t=749, issue ve node 896 with op reduce_sum src0=149 src1=-1 dst=137 latency=12 penalty=0
t=749, issue scalar node 904 with op add src0=139 src1=140 dst=143 latency=7 penalty=0
t=749, issue sfu node 960 with op exp src0=176 src1=-1 dst=177 latency=30 rounds=6 penalty=0 borrow=1
t=751, issue ve node 845 with op sub src0=112 src1=115 dst=124 latency=7 penalty=0 half=2
t=753, issue store node 840 mem=89 latency=0
t=755, issue ve node 847 with op sub src0=114 src1=115 dst=125 latency=7 penalty=0 half=2
t=755, issue sfu node 966 with op exp src0=180 src1=-1 dst=181 latency=30 rounds=6 penalty=0 borrow=1
t=756, issue ve node 899 with op reduce_sum src0=151 src1=-1 dst=138 latency=12 penalty=0
t=756, issue scalar node 902 with op add src0=135 src1=136 dst=141 latency=7 penalty=0
t=757, issue store node 844 mem=91 latency=0
t=759, issue ve node 849 with op sub src0=116 src1=115 dst=126 latency=7 penalty=0 half=2
t=761, issue store node 846 mem=92 latency=0
t=761, issue ve node 949 with op reduce_sum src0=169 src1=-1 dst=162 latency=12 penalty=0
t=761, issue sfu node 957 with op exp src0=174 src1=-1 dst=175 latency=30 rounds=6 penalty=0 borrow=1
t=763, issue ve node 851 with op sub src0=118 src1=115 dst=127 latency=7 penalty=0 half=2
t=765, issue store node 848 mem=93 latency=0
t=767, issue ve node 952 with op reduce_sum src0=171 src1=-1 dst=163 latency=12 penalty=0
t=767, issue sfu node 963 with op exp src0=178 src1=-1 dst=179 latency=30 rounds=6 penalty=0 borrow=1
t=768, issue scalar node 903 with op add src0=137 src1=138 dst=142 latency=7 penalty=0
t=768, issue ve node 1018 with op sub src0=192 src1=192 dst=200 latency=7 penalty=0 half=2
t=769, issue store node 850 mem=94 latency=0
t=772, issue ve node 1024 with op sub src0=194 src1=192 dst=204 latency=7 penalty=0 half=2
t=773, issue store node 852 mem=95 latency=0
t=773, issue ve node 955 with op reduce_sum src0=173 src1=-1 dst=164 latency=12 penalty=0
t=773, issue sfu node 969 with op exp src0=182 src1=-1 dst=183 latency=30 rounds=6 penalty=0 borrow=1
t=773, issue load node 1350 gpr=96 mem=152 latency=3
t=774, issue load node 1352 gpr=97 mem=153 latency=3
t=775, issue scalar node 905 with op add src0=141 src1=142 dst=144 latency=7 penalty=0
t=775, issue load node 1354 gpr=98 mem=154 latency=3
t=776, issue ve node 1027 with op sub src0=195 src1=192 dst=206 latency=7 penalty=0 half=2
t=776, issue load node 1356 gpr=99 mem=155 latency=3
t=777, issue ve node 1351 with op reduce_max src0=96 src1=-1 dst=77 latency=7 penalty=0
t=777, issue load node 1358 gpr=100 mem=156 latency=3
t=778, issue ve node 1353 with op reduce_max src0=97 src1=-1 dst=78 latency=7 penalty=0
t=778, issue load node 1360 gpr=101 mem=157 latency=3
t=779, issue ve node 961 with op reduce_sum src0=177 src1=-1 dst=166 latency=12 penalty=0
t=779, issue scalar node 971 with op add src0=162 src1=163 dst=170 latency=7 penalty=0
t=779, issue sfu node 1019 with op exp src0=200 src1=-1 dst=201 latency=30 rounds=6 penalty=0 borrow=1
t=779, issue load node 1362 gpr=102 mem=158 latency=3
t=780, issue ve node 1030 with op sub src0=196 src1=192 dst=208 latency=7 penalty=0 half=2
t=780, issue load node 1364 gpr=103 mem=159 latency=3
t=781, issue ve node 1355 with op reduce_max src0=98 src1=-1 dst=79 latency=7 penalty=0
t=782, issue scalar node 906 with op add src0=143 src1=144 dst=145 latency=7 penalty=0
t=782, issue ve node 1357 with op reduce_max src0=99 src1=-1 dst=80 latency=7 penalty=0
t=783, issue ve node 1359 with op reduce_max src0=100 src1=-1 dst=81 latency=7 penalty=0
t=784, issue ve node 1033 with op sub src0=197 src1=192 dst=210 latency=7 penalty=0 half=2
t=785, issue ve node 967 with op reduce_sum src0=181 src1=-1 dst=168 latency=12 penalty=0
t=785, issue sfu node 1022 with op exp src0=202 src1=-1 dst=203 latency=30 rounds=6 penalty=0 borrow=1
t=785, issue scalar node 1366 with op max src0=77 src1=78 dst=85 latency=7 penalty=0
t=786, issue ve node 1361 with op reduce_max src0=101 src1=-1 dst=82 latency=7 penalty=0
t=787, issue ve node 1363 with op reduce_max src0=102 src1=-1 dst=83 latency=7 penalty=0
t=788, issue ve node 1036 with op sub src0=198 src1=192 dst=212 latency=7 penalty=0 half=2
t=789, issue sfu node 907 with op ln src0=145 src1=-1 dst=146 latency=22 rounds=0 penalty=0 borrow=1
t=789, issue ve node 1365 with op reduce_max src0=103 src1=-1 dst=84 latency=7 penalty=0
t=789, issue scalar node 1367 with op max src0=79 src1=80 dst=86 latency=7 penalty=0
t=791, issue ve node 958 with op reduce_sum src0=175 src1=-1 dst=165 latency=12 penalty=0
t=791, issue sfu node 1025 with op exp src0=204 src1=-1 dst=205 latency=30 rounds=6 penalty=0 borrow=1
t=792, issue ve node 1039 with op sub src0=199 src1=192 dst=214 latency=7 penalty=0 half=2
t=793, issue scalar node 1368 with op max src0=81 src1=82 dst=87 latency=7 penalty=0
t=796, issue ve node 1089 with op sub src0=224 src1=223 dst=232 latency=7 penalty=0 half=2
t=797, issue ve node 964 with op reduce_sum src0=179 src1=-1 dst=167 latency=12 penalty=0
t=797, issue sfu node 1028 with op exp src0=206 src1=-1 dst=207 latency=30 rounds=6 penalty=0 borrow=1
t=797, issue scalar node 1369 with op max src0=83 src1=84 dst=88 latency=7 penalty=0
t=798, issue scalar node 1370 with op max src0=85 src1=86 dst=89 latency=7 penalty=0
t=800, issue ve node 1092 with op sub src0=225 src1=223 dst=234 latency=7 penalty=0 half=2
t=803, issue ve node 970 with op reduce_sum src0=183 src1=-1 dst=169 latency=12 penalty=0
t=803, issue scalar node 972 with op add src0=164 src1=165 dst=171 latency=7 penalty=0
t=803, issue sfu node 1031 with op exp src0=208 src1=-1 dst=209 latency=30 rounds=6 penalty=0 borrow=1
t=804, issue ve node 1095 with op sub src0=226 src1=223 dst=236 latency=7 penalty=0 half=2
t=805, issue scalar node 1371 with op max src0=87 src1=88 dst=90 latency=7 penalty=0
t=808, issue ve node 1098 with op sub src0=227 src1=223 dst=238 latency=7 penalty=0 half=2
t=809, issue scalar node 973 with op add src0=166 src1=167 dst=172 latency=7 penalty=0
t=809, issue ve node 1020 with op reduce_sum src0=201 src1=-1 dst=193 latency=12 penalty=0
t=809, issue sfu node 1034 with op exp src0=210 src1=-1 dst=211 latency=30 rounds=6 penalty=0 borrow=1
t=810, issue scalar node 975 with op add src0=170 src1=171 dst=174 latency=7 penalty=0
t=812, issue ve node 908 with op sub src0=136 src1=146 dst=152 latency=7 penalty=0 half=2
t=813, issue scalar node 1372 with op max src0=89 src1=90 dst=91 latency=7 penalty=0
t=815, issue scalar node 974 with op add src0=168 src1=169 dst=173 latency=7 penalty=0
t=815, issue ve node 1023 with op reduce_sum src0=203 src1=-1 dst=194 latency=12 penalty=0
t=815, issue sfu node 1037 with op exp src0=212 src1=-1 dst=213 latency=30 rounds=6 penalty=0 borrow=1
t=816, issue ve node 910 with op sub src0=138 src1=146 dst=153 latency=7 penalty=0 half=2
t=820, issue ve node 912 with op sub src0=140 src1=146 dst=154 latency=7 penalty=0 half=2
t=821, issue ve node 1026 with op reduce_sum src0=205 src1=-1 dst=195 latency=12 penalty=0
t=821, issue sfu node 1040 with op exp src0=214 src1=-1 dst=215 latency=30 rounds=6 penalty=0 borrow=1
t=822, issue store node 909 mem=96 latency=0
t=822, issue scalar node 976 with op add src0=172 src1=173 dst=175 latency=7 penalty=0
t=824, issue ve node 914 with op sub src0=142 src1=146 dst=155 latency=7 penalty=0 half=2
t=826, issue store node 911 mem=97 latency=0
t=827, issue ve node 1029 with op reduce_sum src0=207 src1=-1 dst=196 latency=12 penalty=0
t=827, issue scalar node 1042 with op add src0=193 src1=194 dst=201 latency=7 penalty=0
t=827, issue sfu node 1090 with op exp src0=232 src1=-1 dst=233 latency=30 rounds=6 penalty=0 borrow=1
t=828, issue ve node 916 with op sub src0=144 src1=146 dst=156 latency=7 penalty=0 half=2
t=829, issue scalar node 977 with op add src0=174 src1=175 dst=176 latency=7 penalty=0
t=830, issue store node 913 mem=98 latency=0
t=832, issue ve node 918 with op sub src0=146 src1=146 dst=157 latency=7 penalty=0 half=2
t=833, issue ve node 1032 with op reduce_sum src0=209 src1=-1 dst=197 latency=12 penalty=0
t=833, issue sfu node 1093 with op exp src0=234 src1=-1 dst=235 latency=30 rounds=6 penalty=0 borrow=1
t=834, issue store node 915 mem=99 latency=0
t=836, issue ve node 920 with op sub src0=148 src1=146 dst=158 latency=7 penalty=0 half=2
t=836, issue sfu node 978 with op ln src0=176 src1=-1 dst=177 latency=22 rounds=0 penalty=0 borrow=1
t=838, issue store node 917 mem=100 latency=0
t=839, issue ve node 1035 with op reduce_sum src0=211 src1=-1 dst=198 latency=12 penalty=0
t=839, issue scalar node 1043 with op add src0=195 src1=196 dst=202 latency=7 penalty=0
t=839, issue sfu node 1096 with op exp src0=236 src1=-1 dst=237 latency=30 rounds=6 penalty=0 borrow=1
t=840, issue ve node 922 with op sub src0=150 src1=146 dst=159 latency=7 penalty=0 half=2
t=842, issue store node 919 mem=101 latency=0
t=844, issue ve node 1101 with op sub src0=228 src1=223 dst=240 latency=7 penalty=0 half=2
t=845, issue ve node 1038 with op reduce_sum src0=213 src1=-1 dst=199 latency=12 penalty=0
t=845, issue sfu node 1099 with op exp src0=238 src1=-1 dst=239 latency=30 rounds=6 penalty=0 borrow=1
t=846, issue store node 921 mem=102 latency=0
t=846, issue scalar node 1046 with op add src0=201 src1=202 dst=205 latency=7 penalty=0
t=848, issue ve node 1104 with op sub src0=229 src1=223 dst=242 latency=7 penalty=0 half=2
t=850, issue store node 923 mem=103 latency=0
t=850, issue load node 1421 gpr=128 mem=160 latency=3
t=851, issue ve node 1041 with op reduce_sum src0=215 src1=-1 dst=200 latency=12 penalty=0
t=851, issue scalar node 1044 with op add src0=197 src1=198 dst=203 latency=7 penalty=0
t=851, issue load node 1423 gpr=129 mem=161 latency=3
t=852, issue ve node 1107 with op sub src0=230 src1=223 dst=244 latency=7 penalty=0 half=2
t=852, issue load node 1425 gpr=130 mem=162 latency=3
t=853, issue ve node 1422 with op reduce_max src0=128 src1=-1 dst=108 latency=7 penalty=0
t=853, issue load node 1427 gpr=131 mem=163 latency=3
t=854, issue sfu node 1102 with op exp src0=240 src1=-1 dst=241 latency=30 rounds=6 penalty=0 borrow=1
t=854, issue ve node 1424 with op reduce_max src0=129 src1=-1 dst=109 latency=7 penalty=0
t=854, issue load node 1429 gpr=132 mem=164 latency=3
t=855, issue ve node 1426 with op reduce_max src0=130 src1=-1 dst=110 latency=7 penalty=0
t=855, issue load node 1431 gpr=133 mem=165 latency=3
t=856, issue ve node 1110 with op sub src0=231 src1=223 dst=246 latency=7 penalty=0 half=2
t=856, issue load node 1433 gpr=134 mem=166 latency=3
t=857, issue ve node 1091 with op reduce_sum src0=233 src1=-1 dst=224 latency=12 penalty=0
t=857, issue load node 1435 gpr=135 mem=167 latency=3
t=858, issue ve node 1428 with op reduce_max src0=131 src1=-1 dst=111 latency=7 penalty=0
t=859, issue ve node 1430 with op reduce_max src0=132 src1=-1 dst=112 latency=7 penalty=0
t=860, issue sfu node 1105 with op exp src0=242 src1=-1 dst=243 latency=30 rounds=6 penalty=0 borrow=1
t=860, issue ve node 1432 with op reduce_max src0=133 src1=-1 dst=113 latency=7 penalty=0
t=861, issue ve node 1434 with op reduce_max src0=134 src1=-1 dst=114 latency=7 penalty=0
t=861, issue scalar node 1437 with op max src0=108 src1=109 dst=116 latency=7 penalty=0
t=862, issue ve node 979 with op sub src0=168 src1=177 dst=184 latency=7 penalty=0 half=2
t=863, issue scalar node 1045 with op add src0=199 src1=200 dst=204 latency=7 penalty=0
t=863, issue ve node 1094 with op reduce_sum src0=235 src1=-1 dst=225 latency=12 penalty=0
t=864, issue ve node 1436 with op reduce_max src0=135 src1=-1 dst=115 latency=7 penalty=0
t=865, issue scalar node 1438 with op max src0=110 src1=111 dst=117 latency=7 penalty=0
t=866, issue ve node 981 with op sub src0=170 src1=177 dst=185 latency=7 penalty=0 half=2
t=866, issue sfu node 1108 with op exp src0=244 src1=-1 dst=245 latency=30 rounds=6 penalty=0 borrow=1
t=867, issue scalar node 1439 with op max src0=112 src1=113 dst=118 latency=7 penalty=0
t=869, issue ve node 1097 with op reduce_sum src0=237 src1=-1 dst=226 latency=12 penalty=0
t=870, issue ve node 983 with op sub src0=172 src1=177 dst=186 latency=7 penalty=0 half=2
t=870, issue scalar node 1047 with op add src0=203 src1=204 dst=206 latency=7 penalty=0
t=871, issue scalar node 1440 with op max src0=114 src1=115 dst=119 latency=7 penalty=0
t=872, issue store node 980 mem=104 latency=0
t=872, issue sfu node 1111 with op exp src0=246 src1=-1 dst=247 latency=30 rounds=6 penalty=0 borrow=1
t=872, issue scalar node 1441 with op max src0=116 src1=117 dst=120 latency=7 penalty=0
t=874, issue ve node 985 with op sub src0=174 src1=177 dst=187 latency=7 penalty=0 half=2
t=875, issue ve node 1100 with op reduce_sum src0=239 src1=-1 dst=227 latency=12 penalty=0
t=875, issue scalar node 1113 with op add src0=224 src1=225 dst=232 latency=7 penalty=0
t=876, issue store node 982 mem=105 latency=0
t=877, issue scalar node 1048 with op add src0=205 src1=206 dst=207 latency=7 penalty=0
t=878, issue ve node 987 with op sub src0=176 src1=177 dst=188 latency=7 penalty=0 half=2
t=878, issue scalar node 1442 with op max src0=118 src1=119 dst=121 latency=7 penalty=0
t=880, issue store node 984 mem=106 latency=0
t=882, issue ve node 989 with op sub src0=178 src1=177 dst=189 latency=7 penalty=0 half=2
t=884, issue store node 986 mem=107 latency=0
t=884, issue sfu node 1049 with op ln src0=207 src1=-1 dst=208 latency=22 rounds=0 penalty=0 borrow=1
t=884, issue ve node 1103 with op reduce_sum src0=241 src1=-1 dst=228 latency=12 penalty=0
t=885, issue scalar node 1443 with op max src0=120 src1=121 dst=122 latency=7 penalty=0
t=887, issue scalar node 1114 with op add src0=226 src1=227 dst=233 latency=7 penalty=0
t=888, issue store node 988 mem=108 latency=0
t=890, issue ve node 1106 with op reduce_sum src0=243 src1=-1 dst=229 latency=12 penalty=0
t=892, issue store node 990 mem=109 latency=0
t=894, issue scalar node 1117 with op add src0=232 src1=233 dst=236 latency=7 penalty=0
t=895, issue ve node 991 with op sub src0=180 src1=177 dst=190 latency=7 penalty=0 half=0
t=896, issue ve node 993 with op sub src0=182 src1=177 dst=191 latency=7 penalty=0 half=0
t=897, issue ve node 1109 with op reduce_sum src0=245 src1=-1 dst=230 latency=12 penalty=0
t=898, issue ve node 1160 with op sub src0=0 src1=254 dst=8 latency=7 penalty=0 half=0
t=899, issue ve node 1163 with op sub src0=1 src1=254 dst=10 latency=7 penalty=0 half=0
t=900, issue ve node 1166 with op sub src0=2 src1=254 dst=12 latency=7 penalty=0 half=0
t=901, issue ve node 1169 with op sub src0=3 src1=254 dst=14 latency=7 penalty=0 half=0
t=902, issue store node 992 mem=110 latency=0
t=902, issue ve node 1112 with op reduce_sum src0=247 src1=-1 dst=231 latency=12 penalty=0
t=903, issue store node 994 mem=111 latency=0
t=903, issue scalar node 1115 with op add src0=228 src1=229 dst=234 latency=7 penalty=0
t=903, issue ve node 1172 with op sub src0=4 src1=254 dst=16 latency=7 penalty=0 half=0
t=903, issue load node 1492 gpr=160 mem=168 latency=3
t=904, issue ve node 1175 with op sub src0=5 src1=254 dst=18 latency=7 penalty=0 half=0
t=904, issue load node 1494 gpr=161 mem=169 latency=3
t=905, issue sfu node 1161 with op exp src0=8 src1=-1 dst=9 latency=30 rounds=6 penalty=0 borrow=1
t=905, issue ve node 1178 with op sub src0=6 src1=254 dst=20 latency=7 penalty=0 half=0
t=905, issue load node 1498 gpr=163 mem=171 latency=3
t=906, issue ve node 1050 with op sub src0=200 src1=208 dst=216 latency=7 penalty=0 half=0
t=906, issue load node 1496 gpr=162 mem=170 latency=3
t=907, issue ve node 1052 with op sub src0=202 src1=208 dst=217 latency=7 penalty=0 half=0
t=907, issue load node 1502 gpr=165 mem=173 latency=3
t=908, issue ve node 1054 with op sub src0=204 src1=208 dst=218 latency=7 penalty=0 half=0
t=908, issue load node 1500 gpr=164 mem=172 latency=3
t=909, issue ve node 1056 with op sub src0=206 src1=208 dst=219 latency=7 penalty=0 half=0
t=909, issue load node 1504 gpr=166 mem=174 latency=3
t=910, issue ve node 1058 with op sub src0=208 src1=208 dst=220 latency=7 penalty=0 half=0
t=910, issue load node 1506 gpr=167 mem=175 latency=3
t=911, issue ve node 1060 with op sub src0=210 src1=208 dst=221 latency=7 penalty=0 half=0
t=911, issue sfu node 1167 with op exp src0=12 src1=-1 dst=13 latency=30 rounds=6 penalty=0 borrow=1
t=912, issue ve node 1062 with op sub src0=212 src1=208 dst=222 latency=7 penalty=0 half=0
t=913, issue store node 1051 mem=112 latency=0
t=913, issue ve node 1064 with op sub src0=214 src1=208 dst=223 latency=7 penalty=0 half=2
t=914, issue store node 1053 mem=113 latency=0
t=914, issue scalar node 1116 with op add src0=230 src1=231 dst=235 latency=7 penalty=0
t=914, issue ve node 1497 with op reduce_max src0=162 src1=-1 dst=141 latency=7 penalty=0
t=915, issue store node 1055 mem=114 latency=0
t=915, issue ve node 1493 with op reduce_max src0=160 src1=-1 dst=139 latency=7 penalty=0
t=916, issue store node 1057 mem=115 latency=0
t=916, issue ve node 1495 with op reduce_max src0=161 src1=-1 dst=140 latency=7 penalty=0
t=917, issue store node 1059 mem=116 latency=0
t=917, issue sfu node 1164 with op exp src0=10 src1=-1 dst=11 latency=30 rounds=6 penalty=0 borrow=1
t=917, issue ve node 1181 with op sub src0=7 src1=254 dst=22 latency=7 penalty=0 half=2
t=918, issue store node 1061 mem=117 latency=0
t=918, issue ve node 1499 with op reduce_max src0=163 src1=-1 dst=142 latency=7 penalty=0
t=919, issue store node 1063 mem=118 latency=0
t=919, issue ve node 1501 with op reduce_max src0=164 src1=-1 dst=143 latency=7 penalty=0
t=920, issue ve node 1503 with op reduce_max src0=165 src1=-1 dst=144 latency=7 penalty=0
t=921, issue scalar node 1118 with op add src0=234 src1=235 dst=237 latency=7 penalty=0
t=921, issue ve node 1231 with op sub src0=32 src1=29 dst=40 latency=7 penalty=0 half=2
t=922, issue ve node 1505 with op reduce_max src0=166 src1=-1 dst=145 latency=7 penalty=0
t=923, issue store node 1065 mem=119 latency=0
t=923, issue sfu node 1170 with op exp src0=14 src1=-1 dst=15 latency=30 rounds=6 penalty=0 borrow=1
t=923, issue scalar node 1508 with op max src0=139 src1=140 dst=147 latency=7 penalty=0
t=923, issue load node 1563 gpr=192 mem=176 latency=3
t=924, issue ve node 1507 with op reduce_max src0=167 src1=-1 dst=146 latency=7 penalty=0
t=924, issue load node 1565 gpr=193 mem=177 latency=3
t=925, issue ve node 1234 with op sub src0=33 src1=29 dst=42 latency=7 penalty=0 half=2
t=925, issue load node 1567 gpr=194 mem=178 latency=3
t=926, issue scalar node 1509 with op max src0=141 src1=142 dst=148 latency=7 penalty=0
t=926, issue ve node 1564 with op reduce_max src0=192 src1=-1 dst=170 latency=7 penalty=0
t=926, issue load node 1569 gpr=195 mem=179 latency=3
t=927, issue scalar node 1510 with op max src0=143 src1=144 dst=149 latency=7 penalty=0
t=927, issue ve node 1566 with op reduce_max src0=193 src1=-1 dst=171 latency=7 penalty=0
t=927, issue load node 1571 gpr=196 mem=180 latency=3
t=928, issue scalar node 1119 with op add src0=236 src1=237 dst=238 latency=7 penalty=0
t=928, issue ve node 1568 with op reduce_max src0=194 src1=-1 dst=172 latency=7 penalty=0
t=928, issue load node 1573 gpr=197 mem=181 latency=3
t=929, issue sfu node 1173 with op exp src0=16 src1=-1 dst=17 latency=30 rounds=6 penalty=0 borrow=1
t=929, issue ve node 1237 with op sub src0=34 src1=29 dst=44 latency=7 penalty=0 half=2
t=929, issue load node 1575 gpr=198 mem=182 latency=3
t=930, issue ve node 1570 with op reduce_max src0=195 src1=-1 dst=173 latency=7 penalty=0
t=930, issue load node 1577 gpr=199 mem=183 latency=3
t=931, issue scalar node 1511 with op max src0=145 src1=146 dst=150 latency=7 penalty=0
t=931, issue ve node 1574 with op reduce_max src0=197 src1=-1 dst=175 latency=7 penalty=0
t=932, issue ve node 1572 with op reduce_max src0=196 src1=-1 dst=174 latency=7 penalty=0
t=933, issue ve node 1240 with op sub src0=35 src1=29 dst=46 latency=7 penalty=0 half=2
t=933, issue scalar node 1512 with op max src0=147 src1=148 dst=151 latency=7 penalty=0
t=934, issue ve node 1576 with op reduce_max src0=198 src1=-1 dst=176 latency=7 penalty=0
t=934, issue scalar node 1579 with op max src0=170 src1=171 dst=178 latency=7 penalty=0
t=935, issue sfu node 1120 with op ln src0=238 src1=-1 dst=239 latency=22 rounds=0 penalty=0 borrow=1
t=935, issue ve node 1162 with op reduce_sum src0=9 src1=-1 dst=255 latency=12 penalty=0
t=936, issue sfu node 1176 with op exp src0=18 src1=-1 dst=19 latency=30 rounds=6 penalty=0 borrow=1
t=936, issue ve node 1578 with op reduce_max src0=199 src1=-1 dst=177 latency=7 penalty=0
t=937, issue ve node 1243 with op sub src0=36 src1=29 dst=48 latency=7 penalty=0 half=2
t=938, issue scalar node 1513 with op max src0=149 src1=150 dst=152 latency=7 penalty=0
t=939, issue scalar node 1580 with op max src0=172 src1=173 dst=179 latency=7 penalty=0
t=940, issue scalar node 1581 with op max src0=174 src1=175 dst=180 latency=7 penalty=0
t=941, issue ve node 1168 with op reduce_sum src0=13 src1=-1 dst=1 latency=12 penalty=0
t=942, issue sfu node 1179 with op exp src0=20 src1=-1 dst=21 latency=30 rounds=6 penalty=0 borrow=1
t=942, issue ve node 1246 with op sub src0=37 src1=29 dst=50 latency=7 penalty=0 half=2
t=943, issue scalar node 1582 with op max src0=176 src1=177 dst=181 latency=7 penalty=0
t=945, issue scalar node 1514 with op max src0=151 src1=152 dst=153 latency=7 penalty=0
t=946, issue ve node 1249 with op sub src0=38 src1=29 dst=52 latency=7 penalty=0 half=2
t=946, issue scalar node 1583 with op max src0=178 src1=179 dst=182 latency=7 penalty=0
t=947, issue ve node 1165 with op reduce_sum src0=11 src1=-1 dst=0 latency=12 penalty=0
t=948, issue sfu node 1182 with op exp src0=22 src1=-1 dst=23 latency=30 rounds=6 penalty=0 borrow=1
t=950, issue ve node 1252 with op sub src0=39 src1=29 dst=54 latency=7 penalty=0 half=2
t=951, issue scalar node 1584 with op max src0=180 src1=181 dst=183 latency=7 penalty=0
t=953, issue ve node 1171 with op reduce_sum src0=15 src1=-1 dst=2 latency=12 penalty=0
t=954, issue sfu node 1232 with op exp src0=40 src1=-1 dst=41 latency=30 rounds=6 penalty=0 borrow=1
t=954, issue ve node 1305 with op sub src0=65 src1=60 dst=74 latency=7 penalty=0 half=2
t=958, issue ve node 1121 with op sub src0=232 src1=239 dst=248 latency=7 penalty=0 half=2
t=959, issue ve node 1174 with op reduce_sum src0=17 src1=-1 dst=3 latency=12 penalty=0
t=959, issue scalar node 1184 with op add src0=255 src1=0 dst=7 latency=7 penalty=0
t=960, issue sfu node 1235 with op exp src0=42 src1=-1 dst=43 latency=30 rounds=6 penalty=0 borrow=1
t=960, issue scalar node 1585 with op max src0=182 src1=183 dst=184 latency=7 penalty=0
t=962, issue ve node 1125 with op sub src0=236 src1=239 dst=250 latency=7 penalty=0 half=2
t=965, issue scalar node 1185 with op add src0=1 src1=2 dst=8 latency=7 penalty=0
t=966, issue ve node 1123 with op sub src0=234 src1=239 dst=249 latency=7 penalty=0 half=2
t=966, issue sfu node 1238 with op exp src0=44 src1=-1 dst=45 latency=30 rounds=6 penalty=0 borrow=1
t=967, issue ve node 1177 with op reduce_sum src0=19 src1=-1 dst=4 latency=12 penalty=0
t=968, issue store node 1122 mem=120 latency=0
t=970, issue ve node 1127 with op sub src0=238 src1=239 dst=251 latency=7 penalty=0 half=2
t=972, issue store node 1126 mem=122 latency=0
t=972, issue ve node 1180 with op reduce_sum src0=21 src1=-1 dst=5 latency=12 penalty=0
t=972, issue scalar node 1188 with op add src0=7 src1=8 dst=11 latency=7 penalty=0
t=972, issue sfu node 1244 with op exp src0=48 src1=-1 dst=49 latency=30 rounds=6 penalty=0 borrow=1
t=974, issue ve node 1129 with op sub src0=240 src1=239 dst=252 latency=7 penalty=0 half=2
t=976, issue store node 1124 mem=121 latency=0
t=978, issue ve node 1131 with op sub src0=242 src1=239 dst=253 latency=7 penalty=0 half=2
t=978, issue sfu node 1250 with op exp src0=52 src1=-1 dst=53 latency=30 rounds=6 penalty=0 borrow=1
t=979, issue ve node 1183 with op reduce_sum src0=23 src1=-1 dst=6 latency=12 penalty=0
t=979, issue scalar node 1186 with op add src0=3 src1=4 dst=9 latency=7 penalty=0
t=980, issue store node 1128 mem=123 latency=0
t=982, issue ve node 1133 with op sub src0=244 src1=239 dst=254 latency=7 penalty=0 half=2
t=984, issue store node 1130 mem=124 latency=0
t=984, issue ve node 1233 with op reduce_sum src0=41 src1=-1 dst=30 latency=12 penalty=0
t=984, issue sfu node 1241 with op exp src0=46 src1=-1 dst=47 latency=30 rounds=6 penalty=0 borrow=1
t=986, issue ve node 1135 with op sub src0=246 src1=239 dst=255 latency=7 penalty=0 half=2
t=988, issue store node 1132 mem=125 latency=0
t=990, issue ve node 1236 with op reduce_sum src0=43 src1=-1 dst=31 latency=12 penalty=0
t=990, issue sfu node 1247 with op exp src0=50 src1=-1 dst=51 latency=30 rounds=6 penalty=0 borrow=1
t=991, issue scalar node 1187 with op add src0=5 src1=6 dst=10 latency=7 penalty=0
t=991, issue ve node 1302 with op sub src0=64 src1=60 dst=72 latency=7 penalty=0 half=2
t=992, issue store node 1134 mem=126 latency=0
t=995, issue ve node 1308 with op sub src0=66 src1=60 dst=76 latency=7 penalty=0 half=2
t=996, issue store node 1136 mem=127 latency=0
t=996, issue ve node 1239 with op reduce_sum src0=45 src1=-1 dst=32 latency=12 penalty=0
t=996, issue sfu node 1253 with op exp src0=54 src1=-1 dst=55 latency=30 rounds=6 penalty=0 borrow=1
t=996, issue load node 1634 gpr=224 mem=184 latency=3
t=997, issue load node 1636 gpr=225 mem=185 latency=3
t=998, issue scalar node 1189 with op add src0=9 src1=10 dst=12 latency=7 penalty=0
t=998, issue load node 1638 gpr=226 mem=186 latency=3
t=999, issue ve node 1311 with op sub src0=67 src1=60 dst=78 latency=7 penalty=0 half=2
t=999, issue load node 1640 gpr=227 mem=187 latency=3
t=1000, issue ve node 1635 with op reduce_max src0=224 src1=-1 dst=201 latency=7 penalty=0
t=1000, issue load node 1642 gpr=228 mem=188 latency=3
t=1001, issue ve node 1637 with op reduce_max src0=225 src1=-1 dst=202 latency=7 penalty=0
t=1001, issue load node 1644 gpr=229 mem=189 latency=3
t=1002, issue ve node 1245 with op reduce_sum src0=49 src1=-1 dst=34 latency=12 penalty=0
t=1002, issue scalar node 1255 with op add src0=30 src1=31 dst=38 latency=7 penalty=0
t=1002, issue sfu node 1303 with op exp src0=72 src1=-1 dst=73 latency=30 rounds=6 penalty=0 borrow=1
t=1002, issue load node 1646 gpr=230 mem=190 latency=3
t=1003, issue ve node 1314 with op sub src0=68 src1=60 dst=80 latency=7 penalty=0 half=2
t=1003, issue load node 1648 gpr=231 mem=191 latency=3
t=1004, issue ve node 1639 with op reduce_max src0=226 src1=-1 dst=203 latency=7 penalty=0
t=1005, issue scalar node 1190 with op add src0=11 src1=12 dst=13 latency=7 penalty=0
t=1005, issue ve node 1641 with op reduce_max src0=227 src1=-1 dst=204 latency=7 penalty=0
t=1006, issue ve node 1643 with op reduce_max src0=228 src1=-1 dst=205 latency=7 penalty=0
t=1007, issue ve node 1317 with op sub src0=69 src1=60 dst=82 latency=7 penalty=0 half=2
t=1008, issue ve node 1251 with op reduce_sum src0=53 src1=-1 dst=36 latency=12 penalty=0
t=1008, issue sfu node 1306 with op exp src0=74 src1=-1 dst=75 latency=30 rounds=6 penalty=0 borrow=1
t=1008, issue scalar node 1650 with op max src0=201 src1=202 dst=209 latency=7 penalty=0
t=1009, issue ve node 1645 with op reduce_max src0=229 src1=-1 dst=206 latency=7 penalty=0
t=1010, issue ve node 1647 with op reduce_max src0=230 src1=-1 dst=207 latency=7 penalty=0
t=1011, issue ve node 1320 with op sub src0=70 src1=60 dst=84 latency=7 penalty=0 half=2
t=1012, issue sfu node 1191 with op ln src0=13 src1=-1 dst=14 latency=22 rounds=0 penalty=0 borrow=1
t=1012, issue ve node 1649 with op reduce_max src0=231 src1=-1 dst=208 latency=7 penalty=0
t=1012, issue scalar node 1651 with op max src0=203 src1=204 dst=210 latency=7 penalty=0
t=1014, issue ve node 1242 with op reduce_sum src0=47 src1=-1 dst=33 latency=12 penalty=0
t=1014, issue sfu node 1309 with op exp src0=76 src1=-1 dst=77 latency=30 rounds=6 penalty=0 borrow=1
t=1015, issue ve node 1323 with op sub src0=71 src1=60 dst=86 latency=7 penalty=0 half=2
t=1016, issue scalar node 1652 with op max src0=205 src1=206 dst=211 latency=7 penalty=0
t=1019, issue ve node 1373 with op sub src0=96 src1=91 dst=104 latency=7 penalty=0 half=2
t=1020, issue ve node 1248 with op reduce_sum src0=51 src1=-1 dst=35 latency=12 penalty=0
t=1020, issue sfu node 1312 with op exp src0=78 src1=-1 dst=79 latency=30 rounds=6 penalty=0 borrow=1
t=1020, issue scalar node 1653 with op max src0=207 src1=208 dst=212 latency=7 penalty=0
t=1021, issue scalar node 1654 with op max src0=209 src1=210 dst=213 latency=7 penalty=0
t=1023, issue ve node 1376 with op sub src0=97 src1=91 dst=106 latency=7 penalty=0 half=2
t=1026, issue ve node 1254 with op reduce_sum src0=55 src1=-1 dst=37 latency=12 penalty=0
t=1026, issue scalar node 1256 with op add src0=32 src1=33 dst=39 latency=7 penalty=0
t=1026, issue sfu node 1315 with op exp src0=80 src1=-1 dst=81 latency=30 rounds=6 penalty=0 borrow=1
t=1027, issue ve node 1379 with op sub src0=98 src1=91 dst=108 latency=7 penalty=0 half=2
t=1028, issue scalar node 1655 with op max src0=211 src1=212 dst=214 latency=7 penalty=0
t=1031, issue ve node 1382 with op sub src0=99 src1=91 dst=110 latency=7 penalty=0 half=2
t=1032, issue scalar node 1257 with op add src0=34 src1=35 dst=40 latency=7 penalty=0
t=1032, issue ve node 1304 with op reduce_sum src0=73 src1=-1 dst=61 latency=12 penalty=0
t=1032, issue sfu node 1318 with op exp src0=82 src1=-1 dst=83 latency=30 rounds=6 penalty=0 borrow=1
t=1033, issue scalar node 1259 with op add src0=38 src1=39 dst=42 latency=7 penalty=0
t=1035, issue ve node 1192 with op sub src0=8 src1=14 dst=24 latency=7 penalty=0 half=2
t=1036, issue scalar node 1656 with op max src0=213 src1=214 dst=215 latency=7 penalty=0
t=1038, issue scalar node 1258 with op add src0=36 src1=37 dst=41 latency=7 penalty=0
t=1038, issue ve node 1307 with op reduce_sum src0=75 src1=-1 dst=62 latency=12 penalty=0
t=1038, issue sfu node 1321 with op exp src0=84 src1=-1 dst=85 latency=30 rounds=6 penalty=0 borrow=1
t=1039, issue ve node 1194 with op sub src0=10 src1=14 dst=25 latency=7 penalty=0 half=2
t=1043, issue ve node 1196 with op sub src0=12 src1=14 dst=26 latency=7 penalty=0 half=2
t=1044, issue ve node 1310 with op reduce_sum src0=77 src1=-1 dst=63 latency=12 penalty=0
t=1044, issue sfu node 1324 with op exp src0=86 src1=-1 dst=87 latency=30 rounds=6 penalty=0 borrow=1
t=1045, issue store node 1193 mem=128 latency=0
t=1045, issue scalar node 1260 with op add src0=40 src1=41 dst=43 latency=7 penalty=0
t=1047, issue ve node 1198 with op sub src0=14 src1=14 dst=27 latency=7 penalty=0 half=2
t=1049, issue store node 1195 mem=129 latency=0
t=1050, issue ve node 1313 with op reduce_sum src0=79 src1=-1 dst=64 latency=12 penalty=0
t=1050, issue scalar node 1326 with op add src0=61 src1=62 dst=69 latency=7 penalty=0
t=1050, issue sfu node 1374 with op exp src0=104 src1=-1 dst=105 latency=30 rounds=6 penalty=0 borrow=1
t=1051, issue ve node 1200 with op sub src0=16 src1=14 dst=28 latency=7 penalty=0 half=2
t=1052, issue scalar node 1261 with op add src0=42 src1=43 dst=44 latency=7 penalty=0
t=1053, issue store node 1197 mem=130 latency=0
t=1055, issue ve node 1202 with op sub src0=18 src1=14 dst=29 latency=7 penalty=0 half=2
t=1056, issue ve node 1316 with op reduce_sum src0=81 src1=-1 dst=65 latency=12 penalty=0
t=1056, issue sfu node 1377 with op exp src0=106 src1=-1 dst=107 latency=30 rounds=6 penalty=0 borrow=1
t=1057, issue store node 1199 mem=131 latency=0
t=1059, issue ve node 1204 with op sub src0=20 src1=14 dst=30 latency=7 penalty=0 half=2
t=1059, issue sfu node 1262 with op ln src0=44 src1=-1 dst=45 latency=22 rounds=0 penalty=0 borrow=1
t=1061, issue store node 1201 mem=132 latency=0
t=1062, issue ve node 1319 with op reduce_sum src0=83 src1=-1 dst=66 latency=12 penalty=0
t=1062, issue scalar node 1327 with op add src0=63 src1=64 dst=70 latency=7 penalty=0
t=1062, issue sfu node 1380 with op exp src0=108 src1=-1 dst=109 latency=30 rounds=6 penalty=0 borrow=1
t=1063, issue ve node 1206 with op sub src0=22 src1=14 dst=31 latency=7 penalty=0 half=2
t=1065, issue store node 1203 mem=133 latency=0
t=1067, issue ve node 1385 with op sub src0=100 src1=91 dst=112 latency=7 penalty=0 half=2
t=1068, issue ve node 1322 with op reduce_sum src0=85 src1=-1 dst=67 latency=12 penalty=0
t=1068, issue sfu node 1383 with op exp src0=110 src1=-1 dst=111 latency=30 rounds=6 penalty=0 borrow=1
t=1069, issue store node 1205 mem=134 latency=0
t=1069, issue scalar node 1330 with op add src0=69 src1=70 dst=73 latency=7 penalty=0
t=1071, issue ve node 1388 with op sub src0=101 src1=91 dst=114 latency=7 penalty=0 half=2
t=1073, issue store node 1207 mem=135 latency=0
t=1073, issue load node 1705 gpr=0 mem=192 latency=3
t=1074, issue ve node 1325 with op reduce_sum src0=87 src1=-1 dst=68 latency=12 penalty=0
t=1074, issue scalar node 1328 with op add src0=65 src1=66 dst=71 latency=7 penalty=0
t=1074, issue load node 1707 gpr=1 mem=193 latency=3
t=1075, issue ve node 1391 with op sub src0=102 src1=91 dst=116 latency=7 penalty=0 half=2
t=1075, issue load node 1709 gpr=2 mem=194 latency=3
t=1076, issue ve node 1706 with op reduce_max src0=0 src1=-1 dst=232 latency=7 penalty=0
t=1076, issue load node 1711 gpr=3 mem=195 latency=3
t=1077, issue sfu node 1386 with op exp src0=112 src1=-1 dst=113 latency=30 rounds=6 penalty=0 borrow=1
t=1077, issue ve node 1708 with op reduce_max src0=1 src1=-1 dst=233 latency=7 penalty=0
t=1077, issue load node 1713 gpr=4 mem=196 latency=3
t=1078, issue ve node 1710 with op reduce_max src0=2 src1=-1 dst=234 latency=7 penalty=0
t=1078, issue load node 1715 gpr=5 mem=197 latency=3
t=1079, issue ve node 1394 with op sub src0=103 src1=91 dst=118 latency=7 penalty=0 half=2
t=1079, issue load node 1717 gpr=6 mem=198 latency=3
t=1080, issue ve node 1375 with op reduce_sum src0=105 src1=-1 dst=92 latency=12 penalty=0
t=1080, issue load node 1719 gpr=7 mem=199 latency=3
t=1081, issue ve node 1712 with op reduce_max src0=3 src1=-1 dst=235 latency=7 penalty=0
t=1082, issue ve node 1714 with op reduce_max src0=4 src1=-1 dst=236 latency=7 penalty=0
t=1083, issue sfu node 1389 with op exp src0=114 src1=-1 dst=115 latency=30 rounds=6 penalty=0 borrow=1
t=1083, issue ve node 1716 with op reduce_max src0=5 src1=-1 dst=237 latency=7 penalty=0
t=1084, issue ve node 1718 with op reduce_max src0=6 src1=-1 dst=238 latency=7 penalty=0
t=1084, issue scalar node 1721 with op max src0=232 src1=233 dst=240 latency=7 penalty=0
t=1085, issue ve node 1263 with op sub src0=40 src1=45 dst=56 latency=7 penalty=0 half=2
t=1086, issue scalar node 1329 with op add src0=67 src1=68 dst=72 latency=7 penalty=0
t=1086, issue ve node 1378 with op reduce_sum src0=107 src1=-1 dst=93 latency=12 penalty=0
t=1087, issue ve node 1720 with op reduce_max src0=7 src1=-1 dst=239 latency=7 penalty=0
t=1088, issue scalar node 1722 with op max src0=234 src1=235 dst=241 latency=7 penalty=0
t=1089, issue ve node 1265 with op sub src0=42 src1=45 dst=57 latency=7 penalty=0 half=2
t=1089, issue sfu node 1392 with op exp src0=116 src1=-1 dst=117 latency=30 rounds=6 penalty=0 borrow=1
t=1090, issue scalar node 1723 with op max src0=236 src1=237 dst=242 latency=7 penalty=0
t=1092, issue ve node 1381 with op reduce_sum src0=109 src1=-1 dst=94 latency=12 penalty=0
t=1093, issue ve node 1267 with op sub src0=44 src1=45 dst=58 latency=7 penalty=0 half=2
t=1093, issue scalar node 1331 with op add src0=71 src1=72 dst=74 latency=7 penalty=0
t=1094, issue scalar node 1724 with op max src0=238 src1=239 dst=243 latency=7 penalty=0
t=1095, issue store node 1264 mem=136 latency=0
t=1095, issue sfu node 1395 with op exp src0=118 src1=-1 dst=119 latency=30 rounds=6 penalty=0 borrow=1
t=1095, issue scalar node 1725 with op max src0=240 src1=241 dst=244 latency=7 penalty=0
t=1097, issue ve node 1269 with op sub src0=46 src1=45 dst=59 latency=7 penalty=0 half=2
t=1098, issue ve node 1384 with op reduce_sum src0=111 src1=-1 dst=95 latency=12 penalty=0
t=1098, issue scalar node 1397 with op add src0=92 src1=93 dst=100 latency=7 penalty=0
t=1099, issue store node 1266 mem=137 latency=0
t=1100, issue scalar node 1332 with op add src0=73 src1=74 dst=75 latency=7 penalty=0
t=1101, issue ve node 1271 with op sub src0=48 src1=45 dst=60 latency=7 penalty=0 half=2
t=1101, issue scalar node 1726 with op max src0=242 src1=243 dst=245 latency=7 penalty=0
t=1103, issue store node 1268 mem=138 latency=0
t=1105, issue ve node 1273 with op sub src0=50 src1=45 dst=61 latency=7 penalty=0 half=2
t=1107, issue store node 1270 mem=139 latency=0
t=1107, issue sfu node 1333 with op ln src0=75 src1=-1 dst=76 latency=22 rounds=0 penalty=0 borrow=1
t=1107, issue ve node 1387 with op reduce_sum src0=113 src1=-1 dst=96 latency=12 penalty=0
t=1108, issue scalar node 1727 with op max src0=244 src1=245 dst=246 latency=7 penalty=0
t=1110, issue scalar node 1398 with op add src0=94 src1=95 dst=101 latency=7 penalty=0
t=1111, issue store node 1272 mem=140 latency=0
t=1113, issue ve node 1390 with op reduce_sum src0=115 src1=-1 dst=97 latency=12 penalty=0
t=1115, issue store node 1274 mem=141 latency=0
t=1117, issue scalar node 1401 with op add src0=100 src1=101 dst=104 latency=7 penalty=0
t=1118, issue ve node 1275 with op sub src0=52 src1=45 dst=62 latency=7 penalty=0 half=0
t=1119, issue ve node 1277 with op sub src0=54 src1=45 dst=63 latency=7 penalty=0 half=0
t=1120, issue ve node 1393 with op reduce_sum src0=117 src1=-1 dst=98 latency=12 penalty=0
t=1121, issue ve node 1444 with op sub src0=128 src1=122 dst=136 latency=7 penalty=0 half=0
t=1122, issue ve node 1447 with op sub src0=129 src1=122 dst=138 latency=7 penalty=0 half=0
t=1123, issue ve node 1450 with op sub src0=130 src1=122 dst=140 latency=7 penalty=0 half=0
t=1124, issue ve node 1453 with op sub src0=131 src1=122 dst=142 latency=7 penalty=0 half=0
t=1125, issue store node 1276 mem=142 latency=0
t=1125, issue ve node 1396 with op reduce_sum src0=119 src1=-1 dst=99 latency=12 penalty=0
t=1126, issue store node 1278 mem=143 latency=0
t=1126, issue scalar node 1399 with op add src0=96 src1=97 dst=102 latency=7 penalty=0
t=1126, issue ve node 1456 with op sub src0=132 src1=122 dst=144 latency=7 penalty=0 half=0
t=1126, issue load node 1776 gpr=32 mem=200 latency=3
t=1127, issue ve node 1459 with op sub src0=133 src1=122 dst=146 latency=7 penalty=0 half=0
t=1127, issue load node 1778 gpr=33 mem=201 latency=3
t=1128, issue sfu node 1445 with op exp src0=136 src1=-1 dst=137 latency=30 rounds=6 penalty=0 borrow=1
t=1128, issue ve node 1462 with op sub src0=134 src1=122 dst=148 latency=7 penalty=0 half=0
t=1128, issue load node 1782 gpr=35 mem=203 latency=3
t=1129, issue ve node 1334 with op sub src0=72 src1=76 dst=88 latency=7 penalty=0 half=0
t=1129, issue load node 1780 gpr=34 mem=202 latency=3
t=1130, issue ve node 1336 with op sub src0=74 src1=76 dst=89 latency=7 penalty=0 half=0
t=1130, issue load node 1786 gpr=37 mem=205 latency=3
t=1131, issue ve node 1338 with op sub src0=76 src1=76 dst=90 latency=7 penalty=0 half=0
t=1131, issue load node 1784 gpr=36 mem=204 latency=3
t=1132, issue ve node 1340 with op sub src0=78 src1=76 dst=91 latency=7 penalty=0 half=0
t=1132, issue load node 1788 gpr=38 mem=206 latency=3
t=1133, issue ve node 1342 with op sub src0=80 src1=76 dst=92 latency=7 penalty=0 half=0
t=1133, issue load node 1790 gpr=39 mem=207 latency=3
t=1134, issue ve node 1344 with op sub src0=82 src1=76 dst=93 latency=7 penalty=0 half=0
t=1134, issue sfu node 1451 with op exp src0=140 src1=-1 dst=141 latency=30 rounds=6 penalty=0 borrow=1
t=1135, issue ve node 1346 with op sub src0=84 src1=76 dst=94 latency=7 penalty=0 half=0
t=1136, issue store node 1335 mem=144 latency=0
t=1136, issue ve node 1348 with op sub src0=86 src1=76 dst=95 latency=7 penalty=0 half=2
t=1137, issue store node 1337 mem=145 latency=0
t=1137, issue scalar node 1400 with op add src0=98 src1=99 dst=103 latency=7 penalty=0
t=1137, issue ve node 1781 with op reduce_max src0=34 src1=-1 dst=9 latency=7 penalty=0
t=1138, issue store node 1339 mem=146 latency=0
t=1138, issue ve node 1777 with op reduce_max src0=32 src1=-1 dst=7 latency=7 penalty=0
t=1139, issue store node 1341 mem=147 latency=0
t=1139, issue ve node 1779 with op reduce_max src0=33 src1=-1 dst=8 latency=7 penalty=0
t=1140, issue store node 1343 mem=148 latency=0
t=1140, issue sfu node 1448 with op exp src0=138 src1=-1 dst=139 latency=30 rounds=6 penalty=0 borrow=1
t=1140, issue ve node 1465 with op sub src0=135 src1=122 dst=150 latency=7 penalty=0 half=2
t=1141, issue store node 1345 mem=149 latency=0
t=1141, issue ve node 1783 with op reduce_max src0=35 src1=-1 dst=10 latency=7 penalty=0
t=1142, issue store node 1347 mem=150 latency=0
t=1142, issue ve node 1785 with op reduce_max src0=36 src1=-1 dst=11 latency=7 penalty=0
t=1143, issue ve node 1787 with op reduce_max src0=37 src1=-1 dst=12 latency=7 penalty=0
t=1144, issue scalar node 1402 with op add src0=102 src1=103 dst=105 latency=7 penalty=0
t=1144, issue ve node 1515 with op sub src0=160 src1=153 dst=168 latency=7 penalty=0 half=2
t=1145, issue ve node 1789 with op reduce_max src0=38 src1=-1 dst=13 latency=7 penalty=0
t=1146, issue store node 1349 mem=151 latency=0
t=1146, issue sfu node 1454 with op exp src0=142 src1=-1 dst=143 latency=30 rounds=6 penalty=0 borrow=1
t=1146, issue scalar node 1792 with op max src0=7 src1=8 dst=15 latency=7 penalty=0
t=1146, issue load node 1847 gpr=64 mem=208 latency=3
t=1147, issue ve node 1791 with op reduce_max src0=39 src1=-1 dst=14 latency=7 penalty=0
t=1147, issue load node 1849 gpr=65 mem=209 latency=3
t=1148, issue ve node 1518 with op sub src0=161 src1=153 dst=170 latency=7 penalty=0 half=2
t=1148, issue load node 1851 gpr=66 mem=210 latency=3
t=1149, issue scalar node 1793 with op max src0=9 src1=10 dst=16 latency=7 penalty=0
t=1149, issue ve node 1848 with op reduce_max src0=64 src1=-1 dst=38 latency=7 penalty=0
t=1149, issue load node 1853 gpr=67 mem=211 latency=3
t=1150, issue scalar node 1794 with op max src0=11 src1=12 dst=17 latency=7 penalty=0
t=1150, issue ve node 1850 with op reduce_max src0=65 src1=-1 dst=39 latency=7 penalty=0
t=1150, issue load node 1855 gpr=68 mem=212 latency=3
t=1151, issue scalar node 1403 with op add src0=104 src1=105 dst=106 latency=7 penalty=0
t=1151, issue ve node 1852 with op reduce_max src0=66 src1=-1 dst=40 latency=7 penalty=0
t=1151, issue load node 1857 gpr=69 mem=213 latency=3
t=1152, issue sfu node 1457 with op exp src0=144 src1=-1 dst=145 latency=30 rounds=6 penalty=0 borrow=1
t=1152, issue ve node 1521 with op sub src0=162 src1=153 dst=172 latency=7 penalty=0 half=2
t=1152, issue load node 1859 gpr=70 mem=214 latency=3
t=1153, issue ve node 1854 with op reduce_max src0=67 src1=-1 dst=41 latency=7 penalty=0
t=1153, issue load node 1861 gpr=71 mem=215 latency=3
t=1154, issue scalar node 1795 with op max src0=13 src1=14 dst=18 latency=7 penalty=0
t=1154, issue ve node 1858 with op reduce_max src0=69 src1=-1 dst=43 latency=7 penalty=0
t=1155, issue ve node 1856 with op reduce_max src0=68 src1=-1 dst=42 latency=7 penalty=0
t=1156, issue ve node 1524 with op sub src0=163 src1=153 dst=174 latency=7 penalty=0 half=2
t=1156, issue scalar node 1796 with op max src0=15 src1=16 dst=19 latency=7 penalty=0
t=1157, issue ve node 1860 with op reduce_max src0=70 src1=-1 dst=44 latency=7 penalty=0
t=1157, issue scalar node 1863 with op max src0=38 src1=39 dst=46 latency=7 penalty=0
t=1158, issue sfu node 1404 with op ln src0=106 src1=-1 dst=107 latency=22 rounds=0 penalty=0 borrow=1
t=1158, issue ve node 1446 with op reduce_sum src0=137 src1=-1 dst=123 latency=12 penalty=0
t=1159, issue sfu node 1460 with op exp src0=146 src1=-1 dst=147 latency=30 rounds=6 penalty=0 borrow=1
t=1159, issue ve node 1862 with op reduce_max src0=71 src1=-1 dst=45 latency=7 penalty=0
t=1160, issue ve node 1527 with op sub src0=164 src1=153 dst=176 latency=7 penalty=0 half=2
t=1161, issue scalar node 1797 with op max src0=17 src1=18 dst=20 latency=7 penalty=0
t=1162, issue scalar node 1864 with op max src0=40 src1=41 dst=47 latency=7 penalty=0
t=1163, issue scalar node 1865 with op max src0=42 src1=43 dst=48 latency=7 penalty=0
t=1164, issue ve node 1452 with op reduce_sum src0=141 src1=-1 dst=125 latency=12 penalty=0
t=1165, issue sfu node 1463 with op exp src0=148 src1=-1 dst=149 latency=30 rounds=6 penalty=0 borrow=1
t=1165, issue ve node 1530 with op sub src0=165 src1=153 dst=178 latency=7 penalty=0 half=2
t=1166, issue scalar node 1866 with op max src0=44 src1=45 dst=49 latency=7 penalty=0
t=1168, issue scalar node 1798 with op max src0=19 src1=20 dst=21 latency=7 penalty=0
t=1169, issue ve node 1533 with op sub src0=166 src1=153 dst=180 latency=7 penalty=0 half=2
t=1169, issue scalar node 1867 with op max src0=46 src1=47 dst=50 latency=7 penalty=0
t=1170, issue ve node 1449 with op reduce_sum src0=139 src1=-1 dst=124 latency=12 penalty=0
t=1171, issue sfu node 1466 with op exp src0=150 src1=-1 dst=151 latency=30 rounds=6 penalty=0 borrow=1
t=1173, issue ve node 1536 with op sub src0=167 src1=153 dst=182 latency=7 penalty=0 half=2
t=1174, issue scalar node 1868 with op max src0=48 src1=49 dst=51 latency=7 penalty=0
t=1176, issue ve node 1455 with op reduce_sum src0=143 src1=-1 dst=126 latency=12 penalty=0
t=1177, issue sfu node 1516 with op exp src0=168 src1=-1 dst=169 latency=30 rounds=6 penalty=0 borrow=1
t=1177, issue ve node 1589 with op sub src0=193 src1=184 dst=202 latency=7 penalty=0 half=2
t=1181, issue ve node 1405 with op sub src0=104 src1=107 dst=120 latency=7 penalty=0 half=2
t=1182, issue ve node 1458 with op reduce_sum src0=145 src1=-1 dst=127 latency=12 penalty=0
t=1182, issue scalar node 1468 with op add src0=123 src1=124 dst=131 latency=7 penalty=0
t=1183, issue sfu node 1519 with op exp src0=170 src1=-1 dst=171 latency=30 rounds=6 penalty=0 borrow=1
t=1183, issue scalar node 1869 with op max src0=50 src1=51 dst=52 latency=7 penalty=0
t=1185, issue ve node 1409 with op sub src0=108 src1=107 dst=122 latency=7 penalty=0 half=2
t=1188, issue scalar node 1469 with op add src0=125 src1=126 dst=132 latency=7 penalty=0
t=1189, issue ve node 1407 with op sub src0=106 src1=107 dst=121 latency=7 penalty=0 half=2
t=1189, issue sfu node 1522 with op exp src0=172 src1=-1 dst=173 latency=30 rounds=6 penalty=0 borrow=1
t=1190, issue ve node 1461 with op reduce_sum src0=147 src1=-1 dst=128 latency=12 penalty=0
t=1191, issue store node 1406 mem=152 latency=0
t=1193, issue ve node 1411 with op sub src0=110 src1=107 dst=123 latency=7 penalty=0 half=2
t=1195, issue store node 1410 mem=154 latency=0
t=1195, issue ve node 1464 with op reduce_sum src0=149 src1=-1 dst=129 latency=12 penalty=0
t=1195, issue scalar node 1472 with op add src0=131 src1=132 dst=135 latency=7 penalty=0
t=1195, issue sfu node 1528 with op exp src0=176 src1=-1 dst=177 latency=30 rounds=6 penalty=0 borrow=1
t=1197, issue ve node 1413 with op sub src0=112 src1=107 dst=124 latency=7 penalty=0 half=2
t=1199, issue store node 1408 mem=153 latency=0
t=1201, issue ve node 1415 with op sub src0=114 src1=107 dst=125 latency=7 penalty=0 half=2
t=1201, issue sfu node 1534 with op exp src0=180 src1=-1 dst=181 latency=30 rounds=6 penalty=0 borrow=1
t=1202, issue ve node 1467 with op reduce_sum src0=151 src1=-1 dst=130 latency=12 penalty=0
t=1202, issue scalar node 1470 with op add src0=127 src1=128 dst=133 latency=7 penalty=0
t=1203, issue store node 1412 mem=155 latency=0
t=1205, issue ve node 1417 with op sub src0=116 src1=107 dst=126 latency=7 penalty=0 half=2
t=1207, issue store node 1414 mem=156 latency=0
t=1207, issue ve node 1517 with op reduce_sum src0=169 src1=-1 dst=154 latency=12 penalty=0
t=1207, issue sfu node 1525 with op exp src0=174 src1=-1 dst=175 latency=30 rounds=6 penalty=0 borrow=1
t=1209, issue ve node 1419 with op sub src0=118 src1=107 dst=127 latency=7 penalty=0 half=2
t=1211, issue store node 1416 mem=157 latency=0
t=1213, issue ve node 1520 with op reduce_sum src0=171 src1=-1 dst=155 latency=12 penalty=0
t=1213, issue sfu node 1531 with op exp src0=178 src1=-1 dst=179 latency=30 rounds=6 penalty=0 borrow=1
t=1214, issue scalar node 1471 with op add src0=129 src1=130 dst=134 latency=7 penalty=0
t=1214, issue ve node 1586 with op sub src0=192 src1=184 dst=200 latency=7 penalty=0 half=2
t=1215, issue store node 1418 mem=158 latency=0
t=1218, issue ve node 1592 with op sub src0=194 src1=184 dst=204 latency=7 penalty=0 half=2
t=1219, issue store node 1420 mem=159 latency=0
t=1219, issue ve node 1523 with op reduce_sum src0=173 src1=-1 dst=156 latency=12 penalty=0
t=1219, issue sfu node 1537 with op exp src0=182 src1=-1 dst=183 latency=30 rounds=6 penalty=0 borrow=1
t=1219, issue load node 1918 gpr=96 mem=216 latency=3
t=1220, issue load node 1920 gpr=97 mem=217 latency=3
t=1221, issue scalar node 1473 with op add src0=133 src1=134 dst=136 latency=7 penalty=0
t=1221, issue load node 1922 gpr=98 mem=218 latency=3
t=1222, issue ve node 1595 with op sub src0=195 src1=184 dst=206 latency=7 penalty=0 half=2
t=1222, issue load node 1924 gpr=99 mem=219 latency=3
t=1223, issue ve node 1919 with op reduce_max src0=96 src1=-1 dst=69 latency=7 penalty=0
t=1223, issue load node 1926 gpr=100 mem=220 latency=3
t=1224, issue ve node 1921 with op reduce_max src0=97 src1=-1 dst=70 latency=7 penalty=0
t=1224, issue load node 1928 gpr=101 mem=221 latency=3
t=1225, issue ve node 1529 with op reduce_sum src0=177 src1=-1 dst=158 latency=12 penalty=0
t=1225, issue scalar node 1539 with op add src0=154 src1=155 dst=162 latency=7 penalty=0
t=1225, issue sfu node 1587 with op exp src0=200 src1=-1 dst=201 latency=30 rounds=6 penalty=0 borrow=1
t=1225, issue load node 1930 gpr=102 mem=222 latency=3
t=1226, issue ve node 1598 with op sub src0=196 src1=184 dst=208 latency=7 penalty=0 half=2
t=1226, issue load node 1932 gpr=103 mem=223 latency=3
t=1227, issue ve node 1923 with op reduce_max src0=98 src1=-1 dst=71 latency=7 penalty=0
t=1228, issue scalar node 1474 with op add src0=135 src1=136 dst=137 latency=7 penalty=0
t=1228, issue ve node 1925 with op reduce_max src0=99 src1=-1 dst=72 latency=7 penalty=0
t=1229, issue ve node 1927 with op reduce_max src0=100 src1=-1 dst=73 latency=7 penalty=0
t=1230, issue ve node 1601 with op sub src0=197 src1=184 dst=210 latency=7 penalty=0 half=2
t=1231, issue ve node 1535 with op reduce_sum src0=181 src1=-1 dst=160 latency=12 penalty=0
t=1231, issue sfu node 1590 with op exp src0=202 src1=-1 dst=203 latency=30 rounds=6 penalty=0 borrow=1
t=1231, issue scalar node 1934 with op max src0=69 src1=70 dst=77 latency=7 penalty=0
t=1232, issue ve node 1929 with op reduce_max src0=101 src1=-1 dst=74 latency=7 penalty=0
t=1233, issue ve node 1931 with op reduce_max src0=102 src1=-1 dst=75 latency=7 penalty=0
t=1234, issue ve node 1604 with op sub src0=198 src1=184 dst=212 latency=7 penalty=0 half=2
t=1235, issue sfu node 1475 with op ln src0=137 src1=-1 dst=138 latency=22 rounds=0 penalty=0 borrow=1
t=1235, issue ve node 1933 with op reduce_max src0=103 src1=-1 dst=76 latency=7 penalty=0
t=1235, issue scalar node 1935 with op max src0=71 src1=72 dst=78 latency=7 penalty=0
t=1237, issue ve node 1526 with op reduce_sum src0=175 src1=-1 dst=157 latency=12 penalty=0
t=1237, issue sfu node 1593 with op exp src0=204 src1=-1 dst=205 latency=30 rounds=6 penalty=0 borrow=1
t=1238, issue ve node 1607 with op sub src0=199 src1=184 dst=214 latency=7 penalty=0 half=2
t=1239, issue scalar node 1936 with op max src0=73 src1=74 dst=79 latency=7 penalty=0
t=1242, issue ve node 1657 with op sub src0=224 src1=215 dst=232 latency=7 penalty=0 half=2
t=1243, issue ve node 1532 with op reduce_sum src0=179 src1=-1 dst=159 latency=12 penalty=0
t=1243, issue sfu node 1596 with op exp src0=206 src1=-1 dst=207 latency=30 rounds=6 penalty=0 borrow=1
t=1243, issue scalar node 1937 with op max src0=75 src1=76 dst=80 latency=7 penalty=0
t=1244, issue scalar node 1938 with op max src0=77 src1=78 dst=81 latency=7 penalty=0
t=1246, issue ve node 1660 with op sub src0=225 src1=215 dst=234 latency=7 penalty=0 half=2
t=1249, issue ve node 1538 with op reduce_sum src0=183 src1=-1 dst=161 latency=12 penalty=0
t=1249, issue scalar node 1540 with op add src0=156 src1=157 dst=163 latency=7 penalty=0
t=1249, issue sfu node 1599 with op exp src0=208 src1=-1 dst=209 latency=30 rounds=6 penalty=0 borrow=1
t=1250, issue ve node 1663 with op sub src0=226 src1=215 dst=236 latency=7 penalty=0 half=2
t=1251, issue scalar node 1939 with op max src0=79 src1=80 dst=82 latency=7 penalty=0
t=1254, issue ve node 1666 with op sub src0=227 src1=215 dst=238 latency=7 penalty=0 half=2
t=1255, issue scalar node 1541 with op add src0=158 src1=159 dst=164 latency=7 penalty=0
t=1255, issue ve node 1588 with op reduce_sum src0=201 src1=-1 dst=185 latency=12 penalty=0
t=1255, issue sfu node 1602 with op exp src0=210 src1=-1 dst=211 latency=30 rounds=6 penalty=0 borrow=1
t=1256, issue scalar node 1543 with op add src0=162 src1=163 dst=166 latency=7 penalty=0
t=1258, issue ve node 1476 with op sub src0=136 src1=138 dst=152 latency=7 penalty=0 half=2
t=1259, issue scalar node 1940 with op max src0=81 src1=82 dst=83 latency=7 penalty=0
t=1261, issue scalar node 1542 with op add src0=160 src1=161 dst=165 latency=7 penalty=0
t=1261, issue ve node 1591 with op reduce_sum src0=203 src1=-1 dst=186 latency=12 penalty=0
t=1261, issue sfu node 1605 with op exp src0=212 src1=-1 dst=213 latency=30 rounds=6 penalty=0 borrow=1
t=1262, issue ve node 1478 with op sub src0=138 src1=138 dst=153 latency=7 penalty=0 half=2
t=1266, issue ve node 1480 with op sub src0=140 src1=138 dst=154 latency=7 penalty=0 half=2
t=1267, issue ve node 1594 with op reduce_sum src0=205 src1=-1 dst=187 latency=12 penalty=0
t=1267, issue sfu node 1608 with op exp src0=214 src1=-1 dst=215 latency=30 rounds=6 penalty=0 borrow=1
t=1268, issue store node 1477 mem=160 latency=0
t=1268, issue scalar node 1544 with op add src0=164 src1=165 dst=167 latency=7 penalty=0
t=1270, issue ve node 1482 with op sub src0=142 src1=138 dst=155 latency=7 penalty=0 half=2
t=1272, issue store node 1479 mem=161 latency=0
t=1273, issue ve node 1597 with op reduce_sum src0=207 src1=-1 dst=188 latency=12 penalty=0
t=1273, issue scalar node 1610 with op add src0=185 src1=186 dst=193 latency=7 penalty=0
t=1273, issue sfu node 1658 with op exp src0=232 src1=-1 dst=233 latency=30 rounds=6 penalty=0 borrow=1
t=1274, issue ve node 1484 with op sub src0=144 src1=138 dst=156 latency=7 penalty=0 half=2
t=1275, issue scalar node 1545 with op add src0=166 src1=167 dst=168 latency=7 penalty=0
t=1276, issue store node 1481 mem=162 latency=0
t=1278, issue ve node 1486 with op sub src0=146 src1=138 dst=157 latency=7 penalty=0 half=2
t=1279, issue ve node 1600 with op reduce_sum src0=209 src1=-1 dst=189 latency=12 penalty=0
t=1279, issue sfu node 1661 with op exp src0=234 src1=-1 dst=235 latency=30 rounds=6 penalty=0 borrow=1
t=1280, issue store node 1483 mem=163 latency=0
t=1282, issue ve node 1488 with op sub src0=148 src1=138 dst=158 latency=7 penalty=0 half=2
t=1282, issue sfu node 1546 with op ln src0=168 src1=-1 dst=169 latency=22 rounds=0 penalty=0 borrow=1
t=1284, issue store node 1485 mem=164 latency=0
t=1285, issue ve node 1603 with op reduce_sum src0=211 src1=-1 dst=190 latency=12 penalty=0
t=1285, issue scalar node 1611 with op add src0=187 src1=188 dst=194 latency=7 penalty=0
t=1285, issue sfu node 1664 with op exp src0=236 src1=-1 dst=237 latency=30 rounds=6 penalty=0 borrow=1
t=1286, issue ve node 1490 with op sub src0=150 src1=138 dst=159 latency=7 penalty=0 half=2
t=1288, issue store node 1487 mem=165 latency=0
t=1290, issue ve node 1669 with op sub src0=228 src1=215 dst=240 latency=7 penalty=0 half=2
t=1291, issue ve node 1606 with op reduce_sum src0=213 src1=-1 dst=191 latency=12 penalty=0
t=1291, issue sfu node 1667 with op exp src0=238 src1=-1 dst=239 latency=30 rounds=6 penalty=0 borrow=1
t=1292, issue store node 1489 mem=166 latency=0
t=1292, issue scalar node 1614 with op add src0=193 src1=194 dst=197 latency=7 penalty=0
t=1294, issue ve node 1672 with op sub src0=229 src1=215 dst=242 latency=7 penalty=0 half=2
t=1296, issue store node 1491 mem=167 latency=0
t=1296, issue load node 1989 gpr=128 mem=224 latency=3
t=1297, issue ve node 1609 with op reduce_sum src0=215 src1=-1 dst=192 latency=12 penalty=0
t=1297, issue scalar node 1612 with op add src0=189 src1=190 dst=195 latency=7 penalty=0
t=1297, issue load node 1991 gpr=129 mem=225 latency=3
t=1298, issue ve node 1675 with op sub src0=230 src1=215 dst=244 latency=7 penalty=0 half=2
t=1298, issue load node 1993 gpr=130 mem=226 latency=3
t=1299, issue ve node 1990 with op reduce_max src0=128 src1=-1 dst=100 latency=7 penalty=0
t=1299, issue load node 1995 gpr=131 mem=227 latency=3
t=1300, issue sfu node 1670 with op exp src0=240 src1=-1 dst=241 latency=30 rounds=6 penalty=0 borrow=1
t=1300, issue ve node 1992 with op reduce_max src0=129 src1=-1 dst=101 latency=7 penalty=0
t=1300, issue load node 1997 gpr=132 mem=228 latency=3
t=1301, issue ve node 1994 with op reduce_max src0=130 src1=-1 dst=102 latency=7 penalty=0
t=1301, issue load node 1999 gpr=133 mem=229 latency=3
t=1302, issue ve node 1678 with op sub src0=231 src1=215 dst=246 latency=7 penalty=0 half=2
t=1302, issue load node 2001 gpr=134 mem=230 latency=3
t=1303, issue ve node 1659 with op reduce_sum src0=233 src1=-1 dst=216 latency=12 penalty=0
t=1303, issue load node 2003 gpr=135 mem=231 latency=3
t=1304, issue ve node 1996 with op reduce_max src0=131 src1=-1 dst=103 latency=7 penalty=0
t=1305, issue ve node 1998 with op reduce_max src0=132 src1=-1 dst=104 latency=7 penalty=0
t=1306, issue sfu node 1673 with op exp src0=242 src1=-1 dst=243 latency=30 rounds=6 penalty=0 borrow=1
t=1306, issue ve node 2000 with op reduce_max src0=133 src1=-1 dst=105 latency=7 penalty=0
t=1307, issue ve node 2002 with op reduce_max src0=134 src1=-1 dst=106 latency=7 penalty=0
t=1307, issue scalar node 2005 with op max src0=100 src1=101 dst=108 latency=7 penalty=0
t=1308, issue ve node 1547 with op sub src0=168 src1=169 dst=184 latency=7 penalty=0 half=2
t=1309, issue scalar node 1613 with op add src0=191 src1=192 dst=196 latency=7 penalty=0
t=1309, issue ve node 1662 with op reduce_sum src0=235 src1=-1 dst=217 latency=12 penalty=0
t=1310, issue ve node 2004 with op reduce_max src0=135 src1=-1 dst=107 latency=7 penalty=0
t=1311, issue scalar node 2006 with op max src0=102 src1=103 dst=109 latency=7 penalty=0
t=1312, issue ve node 1549 with op sub src0=170 src1=169 dst=185 latency=7 penalty=0 half=2
t=1312, issue sfu node 1676 with op exp src0=244 src1=-1 dst=245 latency=30 rounds=6 penalty=0 borrow=1
t=1313, issue scalar node 2007 with op max src0=104 src1=105 dst=110 latency=7 penalty=0
t=1315, issue ve node 1665 with op reduce_sum src0=237 src1=-1 dst=218 latency=12 penalty=0
t=1316, issue ve node 1551 with op sub src0=172 src1=169 dst=186 latency=7 penalty=0 half=2
t=1316, issue scalar node 1615 with op add src0=195 src1=196 dst=198 latency=7 penalty=0
t=1317, issue scalar node 2008 with op max src0=106 src1=107 dst=111 latency=7 penalty=0
t=1318, issue store node 1548 mem=168 latency=0
t=1318, issue sfu node 1679 with op exp src0=246 src1=-1 dst=247 latency=30 rounds=6 penalty=0 borrow=1
t=1318, issue scalar node 2009 with op max src0=108 src1=109 dst=112 latency=7 penalty=0
t=1320, issue ve node 1553 with op sub src0=174 src1=169 dst=187 latency=7 penalty=0 half=2
t=1321, issue ve node 1668 with op reduce_sum src0=239 src1=-1 dst=219 latency=12 penalty=0
t=1321, issue scalar node 1681 with op add src0=216 src1=217 dst=224 latency=7 penalty=0
t=1322, issue store node 1550 mem=169 latency=0
t=1323, issue scalar node 1616 with op add src0=197 src1=198 dst=199 latency=7 penalty=0
t=1324, issue ve node 1555 with op sub src0=176 src1=169 dst=188 latency=7 penalty=0 half=2
t=1324, issue scalar node 2010 with op max src0=110 src1=111 dst=113 latency=7 penalty=0
t=1326, issue store node 1552 mem=170 latency=0
t=1328, issue ve node 1557 with op sub src0=178 src1=169 dst=189 latency=7 penalty=0 half=2
t=1330, issue store node 1554 mem=171 latency=0
t=1330, issue sfu node 1617 with op ln src0=199 src1=-1 dst=200 latency=22 rounds=0 penalty=0 borrow=1
t=1330, issue ve node 1671 with op reduce_sum src0=241 src1=-1 dst=220 latency=12 penalty=0
t=1331, issue scalar node 2011 with op max src0=112 src1=113 dst=114 latency=7 penalty=0
t=1333, issue scalar node 1682 with op add src0=218 src1=219 dst=225 latency=7 penalty=0
t=1334, issue store node 1556 mem=172 latency=0
t=1336, issue ve node 1674 with op reduce_sum src0=243 src1=-1 dst=221 latency=12 penalty=0
t=1338, issue store node 1558 mem=173 latency=0
t=1340, issue scalar node 1685 with op add src0=224 src1=225 dst=228 latency=7 penalty=0
t=1341, issue ve node 1559 with op sub src0=180 src1=169 dst=190 latency=7 penalty=0 half=0
t=1342, issue ve node 1561 with op sub src0=182 src1=169 dst=191 latency=7 penalty=0 half=0
t=1343, issue ve node 1677 with op reduce_sum src0=245 src1=-1 dst=222 latency=12 penalty=0
t=1344, issue ve node 1728 with op sub src0=0 src1=246 dst=8 latency=7 penalty=0 half=0
t=1345, issue ve node 1731 with op sub src0=1 src1=246 dst=10 latency=7 penalty=0 half=0
t=1346, issue ve node 1734 with op sub src0=2 src1=246 dst=12 latency=7 penalty=0 half=0
t=1347, issue ve node 1737 with op sub src0=3 src1=246 dst=14 latency=7 penalty=0 half=0
t=1348, issue store node 1560 mem=174 latency=0
t=1348, issue ve node 1680 with op reduce_sum src0=247 src1=-1 dst=223 latency=12 penalty=0
t=1349, issue store node 1562 mem=175 latency=0
t=1349, issue scalar node 1683 with op add src0=220 src1=221 dst=226 latency=7 penalty=0
t=1349, issue ve node 1740 with op sub src0=4 src1=246 dst=16 latency=7 penalty=0 half=0
t=1349, issue load node 2060 gpr=160 mem=232 latency=3
t=1350, issue ve node 1743 with op sub src0=5 src1=246 dst=18 latency=7 penalty=0 half=0
t=1350, issue load node 2062 gpr=161 mem=233 latency=3
t=1351, issue sfu node 1729 with op exp src0=8 src1=-1 dst=9 latency=30 rounds=6 penalty=0 borrow=1
t=1351, issue ve node 1746 with op sub src0=6 src1=246 dst=20 latency=7 penalty=0 half=0
t=1351, issue load node 2066 gpr=163 mem=235 latency=3
t=1352, issue ve node 1618 with op sub src0=200 src1=200 dst=216 latency=7 penalty=0 half=0
t=1352, issue load node 2064 gpr=162 mem=234 latency=3
t=1353, issue ve node 1620 with op sub src0=202 src1=200 dst=217 latency=7 penalty=0 half=0
t=1353, issue load node 2070 gpr=165 mem=237 latency=3
t=1354, issue ve node 1622 with op sub src0=204 src1=200 dst=218 latency=7 penalty=0 half=0
t=1354, issue load node 2068 gpr=164 mem=236 latency=3
t=1355, issue ve node 1624 with op sub src0=206 src1=200 dst=219 latency=7 penalty=0 half=0
t=1355, issue load node 2072 gpr=166 mem=238 latency=3
t=1356, issue ve node 1626 with op sub src0=208 src1=200 dst=220 latency=7 penalty=0 half=0
t=1356, issue load node 2074 gpr=167 mem=239 latency=3
t=1357, issue ve node 1628 with op sub src0=210 src1=200 dst=221 latency=7 penalty=0 half=0
t=1357, issue sfu node 1735 with op exp src0=12 src1=-1 dst=13 latency=30 rounds=6 penalty=0 borrow=1
t=1358, issue ve node 1630 with op sub src0=212 src1=200 dst=222 latency=7 penalty=0 half=0
t=1359, issue store node 1619 mem=176 latency=0
t=1359, issue ve node 1632 with op sub src0=214 src1=200 dst=223 latency=7 penalty=0 half=2
t=1360, issue store node 1621 mem=177 latency=0
t=1360, issue scalar node 1684 with op add src0=222 src1=223 dst=227 latency=7 penalty=0
t=1360, issue ve node 2065 with op reduce_max src0=162 src1=-1 dst=133 latency=7 penalty=0
t=1361, issue store node 1623 mem=178 latency=0
t=1361, issue ve node 2061 with op reduce_max src0=160 src1=-1 dst=131 latency=7 penalty=0
t=1362, issue store node 1625 mem=179 latency=0
t=1362, issue ve node 2063 with op reduce_max src0=161 src1=-1 dst=132 latency=7 penalty=0
t=1363, issue store node 1627 mem=180 latency=0
t=1363, issue sfu node 1732 with op exp src0=10 src1=-1 dst=11 latency=30 rounds=6 penalty=0 borrow=1
t=1363, issue ve node 1749 with op sub src0=7 src1=246 dst=22 latency=7 penalty=0 half=2
t=1364, issue store node 1629 mem=181 latency=0
t=1364, issue ve node 2067 with op reduce_max src0=163 src1=-1 dst=134 latency=7 penalty=0
t=1365, issue store node 1631 mem=182 latency=0
t=1365, issue ve node 2069 with op reduce_max src0=164 src1=-1 dst=135 latency=7 penalty=0
t=1366, issue ve node 2071 with op reduce_max src0=165 src1=-1 dst=136 latency=7 penalty=0
t=1367, issue scalar node 1686 with op add src0=226 src1=227 dst=229 latency=7 penalty=0
t=1367, issue ve node 1799 with op sub src0=32 src1=21 dst=40 latency=7 penalty=0 half=2
t=1368, issue ve node 2073 with op reduce_max src0=166 src1=-1 dst=137 latency=7 penalty=0
t=1369, issue store node 1633 mem=183 latency=0
t=1369, issue sfu node 1738 with op exp src0=14 src1=-1 dst=15 latency=30 rounds=6 penalty=0 borrow=1
t=1369, issue scalar node 2076 with op max src0=131 src1=132 dst=139 latency=7 penalty=0
t=1369, issue load node 2131 gpr=192 mem=240 latency=3
t=1370, issue ve node 2075 with op reduce_max src0=167 src1=-1 dst=138 latency=7 penalty=0
t=1370, issue load node 2133 gpr=193 mem=241 latency=3
t=1371, issue ve node 1802 with op sub src0=33 src1=21 dst=42 latency=7 penalty=0 half=2
t=1371, issue load node 2135 gpr=194 mem=242 latency=3
t=1372, issue scalar node 2077 with op max src0=133 src1=134 dst=140 latency=7 penalty=0
t=1372, issue ve node 2132 with op reduce_max src0=192 src1=-1 dst=162 latency=7 penalty=0
t=1372, issue load node 2137 gpr=195 mem=243 latency=3
t=1373, issue scalar node 2078 with op max src0=135 src1=136 dst=141 latency=7 penalty=0
t=1373, issue ve node 2134 with op reduce_max src0=193 src1=-1 dst=163 latency=7 penalty=0
t=1373, issue load node 2139 gpr=196 mem=244 latency=3
t=1374, issue scalar node 1687 with op add src0=228 src1=229 dst=230 latency=7 penalty=0
t=1374, issue ve node 2136 with op reduce_max src0=194 src1=-1 dst=164 latency=7 penalty=0
t=1374, issue load node 2141 gpr=197 mem=245 latency=3
t=1375, issue sfu node 1741 with op exp src0=16 src1=-1 dst=17 latency=30 rounds=6 penalty=0 borrow=1
t=1375, issue ve node 1805 with op sub src0=34 src1=21 dst=44 latency=7 penalty=0 half=2
t=1375, issue load node 2143 gpr=198 mem=246 latency=3
t=1376, issue ve node 2138 with op reduce_max src0=195 src1=-1 dst=165 latency=7 penalty=0
t=1376, issue load node 2145 gpr=199 mem=247 latency=3
t=1377, issue scalar node 2079 with op max src0=137 src1=138 dst=142 latency=7 penalty=0
t=1377, issue ve node 2142 with op reduce_max src0=197 src1=-1 dst=167 latency=7 penalty=0
t=1378, issue ve node 2140 with op reduce_max src0=196 src1=-1 dst=166 latency=7 penalty=0
t=1379, issue ve node 1808 with op sub src0=35 src1=21 dst=46 latency=7 penalty=0 half=2
t=1379, issue scalar node 2080 with op max src0=139 src1=140 dst=143 latency=7 penalty=0
t=1380, issue ve node 2144 with op reduce_max src0=198 src1=-1 dst=168 latency=7 penalty=0
t=1380, issue scalar node 2147 with op max src0=162 src1=163 dst=170 latency=7 penalty=0
t=1381, issue sfu node 1688 with op ln src0=230 src1=-1 dst=231 latency=22 rounds=0 penalty=0 borrow=1
t=1381, issue ve node 1730 with op reduce_sum src0=9 src1=-1 dst=247 latency=12 penalty=0
t=1382, issue sfu node 1744 with op exp src0=18 src1=-1 dst=19 latency=30 rounds=6 penalty=0 borrow=1
t=1382, issue ve node 2146 with op reduce_max src0=199 src1=-1 dst=169 latency=7 penalty=0
t=1383, issue ve node 1811 with op sub src0=36 src1=21 dst=48 latency=7 penalty=0 half=2
t=1384, issue scalar node 2081 with op max src0=141 src1=142 dst=144 latency=7 penalty=0
t=1385, issue scalar node 2148 with op max src0=164 src1=165 dst=171 latency=7 penalty=0
t=1386, issue scalar node 2149 with op max src0=166 src1=167 dst=172 latency=7 penalty=0
t=1387, issue ve node 1736 with op reduce_sum src0=13 src1=-1 dst=249 latency=12 penalty=0
t=1388, issue sfu node 1747 with op exp src0=20 src1=-1 dst=21 latency=30 rounds=6 penalty=0 borrow=1
t=1388, issue ve node 1814 with op sub src0=37 src1=21 dst=50 latency=7 penalty=0 half=2
t=1389, issue scalar node 2150 with op max src0=168 src1=169 dst=173 latency=7 penalty=0
t=1391, issue scalar node 2082 with op max src0=143 src1=144 dst=145 latency=7 penalty=0
t=1392, issue ve node 1817 with op sub src0=38 src1=21 dst=52 latency=7 penalty=0 half=2
t=1392, issue scalar node 2151 with op max src0=170 src1=171 dst=174 latency=7 penalty=0
t=1393, issue ve node 1733 with op reduce_sum src0=11 src1=-1 dst=248 latency=12 penalty=0
t=1394, issue sfu node 1750 with op exp src0=22 src1=-1 dst=23 latency=30 rounds=6 penalty=0 borrow=1
t=1396, issue ve node 1820 with op sub src0=39 src1=21 dst=54 latency=7 penalty=0 half=2
t=1397, issue scalar node 2152 with op max src0=172 src1=173 dst=175 latency=7 penalty=0
t=1399, issue ve node 1739 with op reduce_sum src0=15 src1=-1 dst=250 latency=12 penalty=0
t=1400, issue sfu node 1800 with op exp src0=40 src1=-1 dst=41 latency=30 rounds=6 penalty=0 borrow=1
t=1400, issue ve node 1873 with op sub src0=65 src1=52 dst=74 latency=7 penalty=0 half=2
t=1404, issue ve node 1689 with op sub src0=232 src1=231 dst=248 latency=7 penalty=0 half=2
t=1405, issue ve node 1742 with op reduce_sum src0=17 src1=-1 dst=251 latency=12 penalty=0
t=1405, issue scalar node 1752 with op add src0=247 src1=248 dst=255 latency=7 penalty=0
t=1406, issue sfu node 1803 with op exp src0=42 src1=-1 dst=43 latency=30 rounds=6 penalty=0 borrow=1
t=1406, issue scalar node 2153 with op max src0=174 src1=175 dst=176 latency=7 penalty=0
t=1408, issue ve node 1693 with op sub src0=236 src1=231 dst=250 latency=7 penalty=0 half=2
t=1411, issue scalar node 1753 with op add src0=249 src1=250 dst=0 latency=7 penalty=0
t=1412, issue ve node 1691 with op sub src0=234 src1=231 dst=249 latency=7 penalty=0 half=2
t=1412, issue sfu node 1806 with op exp src0=44 src1=-1 dst=45 latency=30 rounds=6 penalty=0 borrow=1
t=1413, issue ve node 1745 with op reduce_sum src0=19 src1=-1 dst=252 latency=12 penalty=0
t=1414, issue store node 1690 mem=184 latency=0
t=1416, issue ve node 1695 with op sub src0=238 src1=231 dst=251 latency=7 penalty=0 half=2
t=1418, issue store node 1694 mem=186 latency=0
t=1418, issue ve node 1748 with op reduce_sum src0=21 src1=-1 dst=253 latency=12 penalty=0
t=1418, issue scalar node 1756 with op add src0=255 src1=0 dst=3 latency=7 penalty=0
t=1418, issue sfu node 1812 with op exp src0=48 src1=-1 dst=49 latency=30 rounds=6 penalty=0 borrow=1
t=1420, issue ve node 1697 with op sub src0=240 src1=231 dst=252 latency=7 penalty=0 half=2
t=1422, issue store node 1692 mem=185 latency=0
t=1424, issue ve node 1699 with op sub src0=242 src1=231 dst=253 latency=7 penalty=0 half=2
t=1424, issue sfu node 1818 with op exp src0=52 src1=-1 dst=53 latency=30 rounds=6 penalty=0 borrow=1
t=1425, issue ve node 1751 with op reduce_sum src0=23 src1=-1 dst=254 latency=12 penalty=0
t=1425, issue scalar node 1754 with op add src0=251 src1=252 dst=1 latency=7 penalty=0
t=1426, issue store node 1696 mem=187 latency=0
t=1428, issue ve node 1701 with op sub src0=244 src1=231 dst=254 latency=7 penalty=0 half=2
t=1430, issue store node 1698 mem=188 latency=0
t=1430, issue ve node 1801 with op reduce_sum src0=41 src1=-1 dst=22 latency=12 penalty=0
t=1430, issue sfu node 1809 with op exp src0=46 src1=-1 dst=47 latency=30 rounds=6 penalty=0 borrow=1
t=1432, issue ve node 1703 with op sub src0=246 src1=231 dst=255 latency=7 penalty=0 half=2
t=1434, issue store node 1700 mem=189 latency=0
t=1436, issue ve node 1804 with op reduce_sum src0=43 src1=-1 dst=23 latency=12 penalty=0
t=1436, issue sfu node 1815 with op exp src0=50 src1=-1 dst=51 latency=30 rounds=6 penalty=0 borrow=1
t=1437, issue scalar node 1755 with op add src0=253 src1=254 dst=2 latency=7 penalty=0
t=1437, issue ve node 1870 with op sub src0=64 src1=52 dst=72 latency=7 penalty=0 half=2
t=1438, issue store node 1702 mem=190 latency=0
t=1441, issue ve node 1876 with op sub src0=66 src1=52 dst=76 latency=7 penalty=0 half=2
t=1442, issue store node 1704 mem=191 latency=0
t=1442, issue ve node 1807 with op reduce_sum src0=45 src1=-1 dst=24 latency=12 penalty=0
t=1442, issue sfu node 1821 with op exp src0=54 src1=-1 dst=55 latency=30 rounds=6 penalty=0 borrow=1
t=1442, issue load node 2202 gpr=224 mem=248 latency=3
t=1443, issue load node 2204 gpr=225 mem=249 latency=3
t=1444, issue scalar node 1757 with op add src0=1 src1=2 dst=4 latency=7 penalty=0
t=1444, issue load node 2206 gpr=226 mem=250 latency=3
t=1445, issue ve node 1879 with op sub src0=67 src1=52 dst=78 latency=7 penalty=0 half=2
t=1445, issue load node 2208 gpr=227 mem=251 latency=3
t=1446, issue ve node 2203 with op reduce_max src0=224 src1=-1 dst=193 latency=7 penalty=0
t=1446, issue load node 2210 gpr=228 mem=252 latency=3
t=1447, issue ve node 2205 with op reduce_max src0=225 src1=-1 dst=194 latency=7 penalty=0
t=1447, issue load node 2212 gpr=229 mem=253 latency=3
t=1448, issue ve node 1813 with op reduce_sum src0=49 src1=-1 dst=26 latency=12 penalty=0
t=1448, issue scalar node 1823 with op add src0=22 src1=23 dst=30 latency=7 penalty=0
t=1448, issue sfu node 1871 with op exp src0=72 src1=-1 dst=73 latency=30 rounds=6 penalty=0 borrow=1
t=1448, issue load node 2214 gpr=230 mem=254 latency=3
t=1449, issue ve node 1882 with op sub src0=68 src1=52 dst=80 latency=7 penalty=0 half=2
t=1449, issue load node 2216 gpr=231 mem=255 latency=3
t=1450, issue ve node 2207 with op reduce_max src0=226 src1=-1 dst=195 latency=7 penalty=0
t=1451, issue scalar node 1758 with op add src0=3 src1=4 dst=5 latency=7 penalty=0
t=1451, issue ve node 2209 with op reduce_max src0=227 src1=-1 dst=196 latency=7 penalty=0
t=1452, issue ve node 2211 with op reduce_max src0=228 src1=-1 dst=197 latency=7 penalty=0
t=1453, issue ve node 1885 with op sub src0=69 src1=52 dst=82 latency=7 penalty=0 half=2
t=1454, issue ve node 1819 with op reduce_sum src0=53 src1=-1 dst=28 latency=12 penalty=0
t=1454, issue sfu node 1874 with op exp src0=74 src1=-1 dst=75 latency=30 rounds=6 penalty=0 borrow=1
t=1454, issue scalar node 2218 with op max src0=193 src1=194 dst=201 latency=7 penalty=0
t=1455, issue ve node 2213 with op reduce_max src0=229 src1=-1 dst=198 latency=7 penalty=0
t=1456, issue ve node 2215 with op reduce_max src0=230 src1=-1 dst=199 latency=7 penalty=0
t=1457, issue ve node 1888 with op sub src0=70 src1=52 dst=84 latency=7 penalty=0 half=2
t=1458, issue sfu node 1759 with op ln src0=5 src1=-1 dst=6 latency=22 rounds=0 penalty=0 borrow=1
t=1458, issue ve node 2217 with op reduce_max src0=231 src1=-1 dst=200 latency=7 penalty=0
t=1458, issue scalar node 2219 with op max src0=195 src1=196 dst=202 latency=7 penalty=0
t=1460, issue ve node 1810 with op reduce_sum src0=47 src1=-1 dst=25 latency=12 penalty=0
t=1460, issue sfu node 1877 with op exp src0=76 src1=-1 dst=77 latency=30 rounds=6 penalty=0 borrow=1
t=1461, issue ve node 1891 with op sub src0=71 src1=52 dst=86 latency=7 penalty=0 half=2
t=1462, issue scalar node 2220 with op max src0=197 src1=198 dst=203 latency=7 penalty=0
t=1465, issue ve node 1941 with op sub src0=96 src1=83 dst=104 latency=7 penalty=0 half=2
t=1466, issue ve node 1816 with op reduce_sum src0=51 src1=-1 dst=27 latency=12 penalty=0
t=1466, issue sfu node 1880 with op exp src0=78 src1=-1 dst=79 latency=30 rounds=6 penalty=0 borrow=1
t=1466, issue scalar node 2221 with op max src0=199 src1=200 dst=204 latency=7 penalty=0
t=1467, issue scalar node 2222 with op max src0=201 src1=202 dst=205 latency=7 penalty=0
t=1469, issue ve node 1944 with op sub src0=97 src1=83 dst=106 latency=7 penalty=0 half=2
t=1472, issue ve node 1822 with op reduce_sum src0=55 src1=-1 dst=29 latency=12 penalty=0
t=1472, issue scalar node 1824 with op add src0=24 src1=25 dst=31 latency=7 penalty=0
t=1472, issue sfu node 1883 with op exp src0=80 src1=-1 dst=81 latency=30 rounds=6 penalty=0 borrow=1
t=1473, issue ve node 1947 with op sub src0=98 src1=83 dst=108 latency=7 penalty=0 half=2
t=1474, issue scalar node 2223 with op max src0=203 src1=204 dst=206 latency=7 penalty=0
t=1477, issue ve node 1950 with op sub src0=99 src1=83 dst=110 latency=7 penalty=0 half=2
t=1478, issue scalar node 1825 with op add src0=26 src1=27 dst=32 latency=7 penalty=0
t=1478, issue ve node 1872 with op reduce_sum src0=73 src1=-1 dst=53 latency=12 penalty=0
t=1478, issue sfu node 1886 with op exp src0=82 src1=-1 dst=83 latency=30 rounds=6 penalty=0 borrow=1
t=1479, issue scalar node 1827 with op add src0=30 src1=31 dst=34 latency=7 penalty=0
t=1481, issue ve node 1760 with op sub src0=8 src1=6 dst=24 latency=7 penalty=0 half=2
t=1482, issue scalar node 2224 with op max src0=205 src1=206 dst=207 latency=7 penalty=0
t=1484, issue scalar node 1826 with op add src0=28 src1=29 dst=33 latency=7 penalty=0
t=1484, issue ve node 1875 with op reduce_sum src0=75 src1=-1 dst=54 latency=12 penalty=0
t=1484, issue sfu node 1889 with op exp src0=84 src1=-1 dst=85 latency=30 rounds=6 penalty=0 borrow=1
t=1485, issue ve node 1762 with op sub src0=10 src1=6 dst=25 latency=7 penalty=0 half=2
t=1489, issue ve node 1764 with op sub src0=12 src1=6 dst=26 latency=7 penalty=0 half=2
t=1490, issue ve node 1878 with op reduce_sum src0=77 src1=-1 dst=55 latency=12 penalty=0
t=1490, issue sfu node 1892 with op exp src0=86 src1=-1 dst=87 latency=30 rounds=6 penalty=0 borrow=1
t=1491, issue store node 1761 mem=192 latency=0
t=1491, issue scalar node 1828 with op add src0=32 src1=33 dst=35 latency=7 penalty=0
t=1493, issue ve node 1766 with op sub src0=14 src1=6 dst=27 latency=7 penalty=0 half=2
t=1495, issue store node 1763 mem=193 latency=0
t=1496, issue ve node 1881 with op reduce_sum src0=79 src1=-1 dst=56 latency=12 penalty=0
t=1496, issue scalar node 1894 with op add src0=53 src1=54 dst=61 latency=7 penalty=0
t=1496, issue sfu node 1942 with op exp src0=104 src1=-1 dst=105 latency=30 rounds=6 penalty=0 borrow=1
t=1497, issue ve node 1768 with op sub src0=16 src1=6 dst=28 latency=7 penalty=0 half=2
t=1498, issue scalar node 1829 with op add src0=34 src1=35 dst=36 latency=7 penalty=0
t=1499, issue store node 1765 mem=194 latency=0
t=1501, issue ve node 1770 with op sub src0=18 src1=6 dst=29 latency=7 penalty=0 half=2
t=1502, issue ve node 1884 with op reduce_sum src0=81 src1=-1 dst=57 latency=12 penalty=0
t=1502, issue sfu node 1945 with op exp src0=106 src1=-1 dst=107 latency=30 rounds=6 penalty=0 borrow=1
t=1503, issue store node 1767 mem=195 latency=0
t=1505, issue ve node 1772 with op sub src0=20 src1=6 dst=30 latency=7 penalty=0 half=2
t=1505, issue sfu node 1830 with op ln src0=36 src1=-1 dst=37 latency=22 rounds=0 penalty=0 borrow=1
t=1507, issue store node 1769 mem=196 latency=0
t=1508, issue ve node 1887 with op reduce_sum src0=83 src1=-1 dst=58 latency=12 penalty=0
t=1508, issue scalar node 1895 with op add src0=55 src1=56 dst=62 latency=7 penalty=0
t=1508, issue sfu node 1948 with op exp src0=108 src1=-1 dst=109 latency=30 rounds=6 penalty=0 borrow=1
t=1509, issue ve node 1774 with op sub src0=22 src1=6 dst=31 latency=7 penalty=0 half=2
t=1511, issue store node 1771 mem=197 latency=0
t=1513, issue ve node 1953 with op sub src0=100 src1=83 dst=112 latency=7 penalty=0 half=2
t=1514, issue ve node 1890 with op reduce_sum src0=85 src1=-1 dst=59 latency=12 penalty=0
t=1514, issue sfu node 1951 with op exp src0=110 src1=-1 dst=111 latency=30 rounds=6 penalty=0 borrow=1
t=1515, issue store node 1773 mem=198 latency=0
t=1515, issue scalar node 1898 with op add src0=61 src1=62 dst=65 latency=7 penalty=0
t=1517, issue ve node 1956 with op sub src0=101 src1=83 dst=114 latency=7 penalty=0 half=2
t=1519, issue store node 1775 mem=199 latency=0
t=1519, issue load node 2273 gpr=0 mem=256 latency=3
t=1520, issue ve node 1893 with op reduce_sum src0=87 src1=-1 dst=60 latency=12 penalty=0
t=1520, issue scalar node 1896 with op add src0=57 src1=58 dst=63 latency=7 penalty=0
t=1520, issue load node 2275 gpr=1 mem=257 latency=3
t=1521, issue ve node 1959 with op sub src0=102 src1=83 dst=116 latency=7 penalty=0 half=2
t=1521, issue load node 2277 gpr=2 mem=258 latency=3
t=1522, issue ve node 2274 with op reduce_max src0=0 src1=-1 dst=224 latency=7 penalty=0
t=1522, issue load node 2279 gpr=3 mem=259 latency=3
t=1523, issue sfu node 1954 with op exp src0=112 src1=-1 dst=113 latency=30 rounds=6 penalty=0 borrow=1
t=1523, issue ve node 2276 with op reduce_max src0=1 src1=-1 dst=225 latency=7 penalty=0
t=1523, issue load node 2281 gpr=4 mem=260 latency=3
t=1524, issue ve node 2278 with op reduce_max src0=2 src1=-1 dst=226 latency=7 penalty=0
t=1524, issue load node 2283 gpr=5 mem=261 latency=3
t=1525, issue ve node 1962 with op sub src0=103 src1=83 dst=118 latency=7 penalty=0 half=2
t=1525, issue load node 2285 gpr=6 mem=262 latency=3
t=1526, issue ve node 1943 with op reduce_sum src0=105 src1=-1 dst=84 latency=12 penalty=0
t=1526, issue load node 2287 gpr=7 mem=263 latency=3
t=1527, issue ve node 2280 with op reduce_max src0=3 src1=-1 dst=227 latency=7 penalty=0
t=1528, issue ve node 2282 with op reduce_max src0=4 src1=-1 dst=228 latency=7 penalty=0
t=1529, issue sfu node 1957 with op exp src0=114 src1=-1 dst=115 latency=30 rounds=6 penalty=0 borrow=1
t=1529, issue ve node 2284 with op reduce_max src0=5 src1=-1 dst=229 latency=7 penalty=0
t=1530, issue ve node 2286 with op reduce_max src0=6 src1=-1 dst=230 latency=7 penalty=0
t=1530, issue scalar node 2289 with op max src0=224 src1=225 dst=232 latency=7 penalty=0
t=1531, issue ve node 1831 with op sub src0=40 src1=37 dst=56 latency=7 penalty=0 half=2
t=1532, issue scalar node 1897 with op add src0=59 src1=60 dst=64 latency=7 penalty=0
t=1532, issue ve node 1946 with op reduce_sum src0=107 src1=-1 dst=85 latency=12 penalty=0
t=1533, issue ve node 2288 with op reduce_max src0=7 src1=-1 dst=231 latency=7 penalty=0
t=1534, issue scalar node 2290 with op max src0=226 src1=227 dst=233 latency=7 penalty=0
t=1535, issue ve node 1833 with op sub src0=42 src1=37 dst=57 latency=7 penalty=0 half=2
t=1535, issue sfu node 1960 with op exp src0=116 src1=-1 dst=117 latency=30 rounds=6 penalty=0 borrow=1
t=1536, issue scalar node 2291 with op max src0=228 src1=229 dst=234 latency=7 penalty=0
t=1538, issue ve node 1949 with op reduce_sum src0=109 src1=-1 dst=86 latency=12 penalty=0
t=1539, issue ve node 1835 with op sub src0=44 src1=37 dst=58 latency=7 penalty=0 half=2
t=1539, issue scalar node 1899 with op add src0=63 src1=64 dst=66 latency=7 penalty=0
t=1540, issue scalar node 2292 with op max src0=230 src1=231 dst=235 latency=7 penalty=0
t=1541, issue store node 1832 mem=200 latency=0
t=1541, issue sfu node 1963 with op exp src0=118 src1=-1 dst=119 latency=30 rounds=6 penalty=0 borrow=1
t=1541, issue scalar node 2293 with op max src0=232 src1=233 dst=236 latency=7 penalty=0
t=1543, issue ve node 1837 with op sub src0=46 src1=37 dst=59 latency=7 penalty=0 half=2
t=1544, issue ve node 1952 with op reduce_sum src0=111 src1=-1 dst=87 latency=12 penalty=0
t=1544, issue scalar node 1965 with op add src0=84 src1=85 dst=92 latency=7 penalty=0
t=1545, issue store node 1834 mem=201 latency=0
t=1546, issue scalar node 1900 with op add src0=65 src1=66 dst=67 latency=7 penalty=0
t=1547, issue ve node 1839 with op sub src0=48 src1=37 dst=60 latency=7 penalty=0 half=2
t=1547, issue scalar node 2294 with op max src0=234 src1=235 dst=237 latency=7 penalty=0
t=1549, issue store node 1836 mem=202 latency=0
t=1551, issue ve node 1841 with op sub src0=50 src1=37 dst=61 latency=7 penalty=0 half=2
t=1553, issue store node 1838 mem=203 latency=0
t=1553, issue sfu node 1901 with op ln src0=67 src1=-1 dst=68 latency=22 rounds=0 penalty=0 borrow=1
t=1553, issue ve node 1955 with op reduce_sum src0=113 src1=-1 dst=88 latency=12 penalty=0
t=1554, issue scalar node 2295 with op max src0=236 src1=237 dst=238 latency=7 penalty=0
t=1556, issue scalar node 1966 with op add src0=86 src1=87 dst=93 latency=7 penalty=0
t=1557, issue store node 1840 mem=204 latency=0
t=1559, issue ve node 1958 with op reduce_sum src0=115 src1=-1 dst=89 latency=12 penalty=0
t=1561, issue store node 1842 mem=205 latency=0
t=1563, issue scalar node 1969 with op add src0=92 src1=93 dst=96 latency=7 penalty=0
t=1564, issue ve node 1843 with op sub src0=52 src1=37 dst=62 latency=7 penalty=0 half=0
t=1565, issue ve node 1845 with op sub src0=54 src1=37 dst=63 latency=7 penalty=0 half=0
t=1566, issue ve node 1961 with op reduce_sum src0=117 src1=-1 dst=90 latency=12 penalty=0
t=1567, issue ve node 2012 with op sub src0=128 src1=114 dst=136 latency=7 penalty=0 half=0
t=1568, issue ve node 2015 with op sub src0=129 src1=114 dst=138 latency=7 penalty=0 half=0
t=1569, issue ve node 2018 with op sub src0=130 src1=114 dst=140 latency=7 penalty=0 half=0
t=1570, issue ve node 2021 with op sub src0=131 src1=114 dst=142 latency=7 penalty=0 half=0
t=1571, issue store node 1844 mem=206 latency=0
t=1571, issue ve node 1964 with op reduce_sum src0=119 src1=-1 dst=91 latency=12 penalty=0
t=1572, issue store node 1846 mem=207 latency=0
t=1572, issue scalar node 1967 with op add src0=88 src1=89 dst=94 latency=7 penalty=0
t=1572, issue ve node 2024 with op sub src0=132 src1=114 dst=144 latency=7 penalty=0 half=0
t=1572, issue load node 2344 gpr=32 mem=264 latency=3
t=1573, issue ve node 2027 with op sub src0=133 src1=114 dst=146 latency=7 penalty=0 half=0
t=1573, issue load node 2346 gpr=33 mem=265 latency=3
t=1574, issue sfu node 2013 with op exp src0=136 src1=-1 dst=137 latency=30 rounds=6 penalty=0 borrow=1
t=1574, issue ve node 2030 with op sub src0=134 src1=114 dst=148 latency=7 penalty=0 half=0
t=1574, issue load node 2350 gpr=35 mem=267 latency=3
t=1575, issue ve node 1902 with op sub src0=72 src1=68 dst=88 latency=7 penalty=0 half=0
t=1575, issue load node 2348 gpr=34 mem=266 latency=3
t=1576, issue ve node 1904 with op sub src0=74 src1=68 dst=89 latency=7 penalty=0 half=0
t=1576, issue load node 2354 gpr=37 mem=269 latency=3
t=1577, issue ve node 1906 with op sub src0=76 src1=68 dst=90 latency=7 penalty=0 half=0
t=1577, issue load node 2352 gpr=36 mem=268 latency=3
t=1578, issue ve node 1908 with op sub src0=78 src1=68 dst=91 latency=7 penalty=0 half=0
t=1578, issue load node 2356 gpr=38 mem=270 latency=3
t=1579, issue ve node 1910 with op sub src0=80 src1=68 dst=92 latency=7 penalty=0 half=0
t=1579, issue load node 2358 gpr=39 mem=271 latency=3
t=1580, issue ve node 1912 with op sub src0=82 src1=68 dst=93 latency=7 penalty=0 half=0
t=1580, issue sfu node 2019 with op exp src0=140 src1=-1 dst=141 latency=30 rounds=6 penalty=0 borrow=1
t=1581, issue ve node 1914 with op sub src0=84 src1=68 dst=94 latency=7 penalty=0 half=0
t=1582, issue store node 1903 mem=208 latency=0
t=1582, issue ve node 1916 with op sub src0=86 src1=68 dst=95 latency=7 penalty=0 half=2
t=1583, issue store node 1905 mem=209 latency=0
t=1583, issue scalar node 1968 with op add src0=90 src1=91 dst=95 latency=7 penalty=0
t=1583, issue ve node 2349 with op reduce_max src0=34 src1=-1 dst=1 latency=7 penalty=0
t=1584, issue store node 1907 mem=210 latency=0
t=1584, issue ve node 2345 with op reduce_max src0=32 src1=-1 dst=255 latency=7 penalty=0
t=1585, issue store node 1909 mem=211 latency=0
t=1585, issue ve node 2347 with op reduce_max src0=33 src1=-1 dst=0 latency=7 penalty=0
t=1586, issue store node 1911 mem=212 latency=0
t=1586, issue sfu node 2016 with op exp src0=138 src1=-1 dst=139 latency=30 rounds=6 penalty=0 borrow=1
t=1586, issue ve node 2033 with op sub src0=135 src1=114 dst=150 latency=7 penalty=0 half=2
t=1587, issue store node 1913 mem=213 latency=0
t=1587, issue ve node 2351 with op reduce_max src0=35 src1=-1 dst=2 latency=7 penalty=0
t=1588, issue store node 1915 mem=214 latency=0
t=1588, issue ve node 2353 with op reduce_max src0=36 src1=-1 dst=3 latency=7 penalty=0
t=1589, issue ve node 2355 with op reduce_max src0=37 src1=-1 dst=4 latency=7 penalty=0
t=1590, issue scalar node 1970 with op add src0=94 src1=95 dst=97 latency=7 penalty=0
t=1590, issue ve node 2083 with op sub src0=160 src1=145 dst=168 latency=7 penalty=0 half=2
t=1591, issue ve node 2357 with op reduce_max src0=38 src1=-1 dst=5 latency=7 penalty=0
t=1592, issue store node 1917 mem=215 latency=0
t=1592, issue sfu node 2022 with op exp src0=142 src1=-1 dst=143 latency=30 rounds=6 penalty=0 borrow=1
t=1592, issue scalar node 2360 with op max src0=255 src1=0 dst=7 latency=7 penalty=0
t=1592, issue load node 2415 gpr=64 mem=272 latency=3
t=1593, issue ve node 2359 with op reduce_max src0=39 src1=-1 dst=6 latency=7 penalty=0
t=1593, issue load node 2417 gpr=65 mem=273 latency=3
t=1594, issue ve node 2086 with op sub src0=161 src1=145 dst=170 latency=7 penalty=0 half=2
t=1594, issue load node 2419 gpr=66 mem=274 latency=3
t=1595, issue scalar node 2361 with op max src0=1 src1=2 dst=8 latency=7 penalty=0
t=1595, issue ve node 2416 with op reduce_max src0=64 src1=-1 dst=30 latency=7 penalty=0
t=1595, issue load node 2421 gpr=67 mem=275 latency=3
t=1596, issue scalar node 2362 with op max src0=3 src1=4 dst=9 latency=7 penalty=0
t=1596, issue ve node 2418 with op reduce_max src0=65 src1=-1 dst=31 latency=7 penalty=0
t=1596, issue load node 2423 gpr=68 mem=276 latency=3
t=1597, issue scalar node 1971 with op add src0=96 src1=97 dst=98 latency=7 penalty=0
t=1597, issue ve node 2420 with op reduce_max src0=66 src1=-1 dst=32 latency=7 penalty=0
t=1597, issue load node 2425 gpr=69 mem=277 latency=3
t=1598, issue sfu node 2025 with op exp src0=144 src1=-1 dst=145 latency=30 rounds=6 penalty=0 borrow=1
t=1598, issue ve node 2089 with op sub src0=162 src1=145 dst=172 latency=7 penalty=0 half=2
t=1598, issue load node 2427 gpr=70 mem=278 latency=3
t=1599, issue ve node 2422 with op reduce_max src0=67 src1=-1 dst=33 latency=7 penalty=0
t=1599, issue load node 2429 gpr=71 mem=279 latency=3
t=1600, issue scalar node 2363 with op max src0=5 src1=6 dst=10 latency=7 penalty=0
t=1600, issue ve node 2426 with op reduce_max src0=69 src1=-1 dst=35 latency=7 penalty=0
t=1601, issue ve node 2424 with op reduce_max src0=68 src1=-1 dst=34 latency=7 penalty=0
t=1602, issue ve node 2092 with op sub src0=163 src1=145 dst=174 latency=7 penalty=0 half=2
t=1602, issue scalar node 2364 with op max src0=7 src1=8 dst=11 latency=7 penalty=0
t=1603, issue ve node 2428 with op reduce_max src0=70 src1=-1 dst=36 latency=7 penalty=0
t=1603, issue scalar node 2431 with op max src0=30 src1=31 dst=38 latency=7 penalty=0
t=1604, issue sfu node 1972 with op ln src0=98 src1=-1 dst=99 latency=22 rounds=0 penalty=0 borrow=1
t=1604, issue ve node 2014 with op reduce_sum src0=137 src1=-1 dst=115 latency=12 penalty=0
t=1605, issue sfu node 2028 with op exp src0=146 src1=-1 dst=147 latency=30 rounds=6 penalty=0 borrow=1
t=1605, issue ve node 2430 with op reduce_max src0=71 src1=-1 dst=37 latency=7 penalty=0
t=1606, issue ve node 2095 with op sub src0=164 src1=145 dst=176 latency=7 penalty=0 half=2
t=1607, issue scalar node 2365 with op max src0=9 src1=10 dst=12 latency=7 penalty=0
t=1608, issue scalar node 2432 with op max src0=32 src1=33 dst=39 latency=7 penalty=0
t=1609, issue scalar node 2433 with op max src0=34 src1=35 dst=40 latency=7 penalty=0
t=1610, issue ve node 2020 with op reduce_sum src0=141 src1=-1 dst=117 latency=12 penalty=0
t=1611, issue sfu node 2031 with op exp src0=148 src1=-1 dst=149 latency=30 rounds=6 penalty=0 borrow=1
t=1611, issue ve node 2098 with op sub src0=165 src1=145 dst=178 latency=7 penalty=0 half=2
t=1612, issue scalar node 2434 with op max src0=36 src1=37 dst=41 latency=7 penalty=0
t=1614, issue scalar node 2366 with op max src0=11 src1=12 dst=13 latency=7 penalty=0
t=1615, issue ve node 2101 with op sub src0=166 src1=145 dst=180 latency=7 penalty=0 half=2
t=1615, issue scalar node 2435 with op max src0=38 src1=39 dst=42 latency=7 penalty=0
t=1616, issue ve node 2017 with op reduce_sum src0=139 src1=-1 dst=116 latency=12 penalty=0
t=1617, issue sfu node 2034 with op exp src0=150 src1=-1 dst=151 latency=30 rounds=6 penalty=0 borrow=1
t=1619, issue ve node 2104 with op sub src0=167 src1=145 dst=182 latency=7 penalty=0 half=2
t=1620, issue scalar node 2436 with op max src0=40 src1=41 dst=43 latency=7 penalty=0
t=1622, issue ve node 2023 with op reduce_sum src0=143 src1=-1 dst=118 latency=12 penalty=0
t=1623, issue sfu node 2084 with op exp src0=168 src1=-1 dst=169 latency=30 rounds=6 penalty=0 borrow=1
t=1623, issue ve node 2157 with op sub src0=193 src1=176 dst=202 latency=7 penalty=0 half=2
t=1627, issue ve node 1973 with op sub src0=104 src1=99 dst=120 latency=7 penalty=0 half=2
t=1628, issue ve node 2026 with op reduce_sum src0=145 src1=-1 dst=119 latency=12 penalty=0
t=1628, issue scalar node 2036 with op add src0=115 src1=116 dst=123 latency=7 penalty=0
t=1629, issue sfu node 2087 with op exp src0=170 src1=-1 dst=171 latency=30 rounds=6 penalty=0 borrow=1
t=1629, issue scalar node 2437 with op max src0=42 src1=43 dst=44 latency=7 penalty=0
t=1631, issue ve node 1977 with op sub src0=108 src1=99 dst=122 latency=7 penalty=0 half=2
t=1634, issue scalar node 2037 with op add src0=117 src1=118 dst=124 latency=7 penalty=0
t=1635, issue ve node 1975 with op sub src0=106 src1=99 dst=121 latency=7 penalty=0 half=2
t=1635, issue sfu node 2090 with op exp src0=172 src1=-1 dst=173 latency=30 rounds=6 penalty=0 borrow=1
t=1636, issue ve node 2029 with op reduce_sum src0=147 src1=-1 dst=120 latency=12 penalty=0
t=1637, issue store node 1974 mem=216 latency=0
t=1639, issue ve node 1979 with op sub src0=110 src1=99 dst=123 latency=7 penalty=0 half=2
t=1641, issue store node 1978 mem=218 latency=0
t=1641, issue ve node 2032 with op reduce_sum src0=149 src1=-1 dst=121 latency=12 penalty=0
t=1641, issue scalar node 2040 with op add src0=123 src1=124 dst=127 latency=7 penalty=0
t=1641, issue sfu node 2096 with op exp src0=176 src1=-1 dst=177 latency=30 rounds=6 penalty=0 borrow=1
t=1643, issue ve node 1981 with op sub src0=112 src1=99 dst=124 latency=7 penalty=0 half=2
t=1645, issue store node 1976 mem=217 latency=0
t=1647, issue ve node 1983 with op sub src0=114 src1=99 dst=125 latency=7 penalty=0 half=2
t=1647, issue sfu node 2102 with op exp src0=180 src1=-1 dst=181 latency=30 rounds=6 penalty=0 borrow=1
t=1648, issue ve node 2035 with op reduce_sum src0=151 src1=-1 dst=122 latency=12 penalty=0
t=1648, issue scalar node 2038 with op add src0=119 src1=120 dst=125 latency=7 penalty=0
t=1649, issue store node 1980 mem=219 latency=0
t=1651, issue ve node 1985 with op sub src0=116 src1=99 dst=126 latency=7 penalty=0 half=2
t=1653, issue store node 1982 mem=220 latency=0
t=1653, issue ve node 2085 with op reduce_sum src0=169 src1=-1 dst=146 latency=12 penalty=0
t=1653, issue sfu node 2093 with op exp src0=174 src1=-1 dst=175 latency=30 rounds=6 penalty=0 borrow=1
t=1655, issue ve node 1987 with op sub src0=118 src1=99 dst=127 latency=7 penalty=0 half=2
t=1657, issue store node 1984 mem=221 latency=0
t=1659, issue ve node 2088 with op reduce_sum src0=171 src1=-1 dst=147 latency=12 penalty=0
t=1659, issue sfu node 2099 with op exp src0=178 src1=-1 dst=179 latency=30 rounds=6 penalty=0 borrow=1
t=1660, issue scalar node 2039 with op add src0=121 src1=122 dst=126 latency=7 penalty=0
t=1660, issue ve node 2154 with op sub src0=192 src1=176 dst=200 latency=7 penalty=0 half=2
t=1661, issue store node 1986 mem=222 latency=0
t=1664, issue ve node 2160 with op sub src0=194 src1=176 dst=204 latency=7 penalty=0 half=2
t=1665, issue store node 1988 mem=223 latency=0
t=1665, issue ve node 2091 with op reduce_sum src0=173 src1=-1 dst=148 latency=12 penalty=0
t=1665, issue sfu node 2105 with op exp src0=182 src1=-1 dst=183 latency=30 rounds=6 penalty=0 borrow=1
t=1665, issue load node 2486 gpr=96 mem=280 latency=3
t=1666, issue load node 2488 gpr=97 mem=281 latency=3
t=1667, issue scalar node 2041 with op add src0=125 src1=126 dst=128 latency=7 penalty=0
t=1667, issue load node 2490 gpr=98 mem=282 latency=3
t=1668, issue ve node 2163 with op sub src0=195 src1=176 dst=206 latency=7 penalty=0 half=2
t=1668, issue load node 2492 gpr=99 mem=283 latency=3
t=1669, issue ve node 2487 with op reduce_max src0=96 src1=-1 dst=61 latency=7 penalty=0
t=1669, issue load node 2494 gpr=100 mem=284 latency=3
t=1670, issue ve node 2489 with op reduce_max src0=97 src1=-1 dst=62 latency=7 penalty=0
t=1670, issue load node 2496 gpr=101 mem=285 latency=3
t=1671, issue ve node 2097 with op reduce_sum src0=177 src1=-1 dst=150 latency=12 penalty=0
t=1671, issue scalar node 2107 with op add src0=146 src1=147 dst=154 latency=7 penalty=0
t=1671, issue sfu node 2155 with op exp src0=200 src1=-1 dst=201 latency=30 rounds=6 penalty=0 borrow=1
t=1671, issue load node 2498 gpr=102 mem=286 latency=3
t=1672, issue ve node 2166 with op sub src0=196 src1=176 dst=208 latency=7 penalty=0 half=2
t=1672, issue load node 2500 gpr=103 mem=287 latency=3
t=1673, issue ve node 2491 with op reduce_max src0=98 src1=-1 dst=63 latency=7 penalty=0
t=1674, issue scalar node 2042 with op add src0=127 src1=128 dst=129 latency=7 penalty=0
t=1674, issue ve node 2493 with op reduce_max src0=99 src1=-1 dst=64 latency=7 penalty=0
t=1675, issue ve node 2495 with op reduce_max src0=100 src1=-1 dst=65 latency=7 penalty=0
t=1676, issue ve node 2169 with op sub src0=197 src1=176 dst=210 latency=7 penalty=0 half=2
t=1677, issue ve node 2103 with op reduce_sum src0=181 src1=-1 dst=152 latency=12 penalty=0
t=1677, issue sfu node 2158 with op exp src0=202 src1=-1 dst=203 latency=30 rounds=6 penalty=0 borrow=1
t=1677, issue scalar node 2502 with op max src0=61 src1=62 dst=69 latency=7 penalty=0
t=1678, issue ve node 2497 with op reduce_max src0=101 src1=-1 dst=66 latency=7 penalty=0
t=1679, issue ve node 2499 with op reduce_max src0=102 src1=-1 dst=67 latency=7 penalty=0
t=1680, issue ve node 2172 with op sub src0=198 src1=176 dst=212 latency=7 penalty=0 half=2
t=1681, issue sfu node 2043 with op ln src0=129 src1=-1 dst=130 latency=22 rounds=0 penalty=0 borrow=1
t=1681, issue ve node 2501 with op reduce_max src0=103 src1=-1 dst=68 latency=7 penalty=0
t=1681, issue scalar node 2503 with op max src0=63 src1=64 dst=70 latency=7 penalty=0
t=1683, issue ve node 2094 with op reduce_sum src0=175 src1=-1 dst=149 latency=12 penalty=0
t=1683, issue sfu node 2161 with op exp src0=204 src1=-1 dst=205 latency=30 rounds=6 penalty=0 borrow=1
t=1684, issue ve node 2175 with op sub src0=199 src1=176 dst=214 latency=7 penalty=0 half=2
t=1685, issue scalar node 2504 with op max src0=65 src1=66 dst=71 latency=7 penalty=0
t=1688, issue ve node 2225 with op sub src0=224 src1=207 dst=232 latency=7 penalty=0 half=2
t=1689, issue ve node 2100 with op reduce_sum src0=179 src1=-1 dst=151 latency=12 penalty=0
t=1689, issue sfu node 2164 with op exp src0=206 src1=-1 dst=207 latency=30 rounds=6 penalty=0 borrow=1
t=1689, issue scalar node 2505 with op max src0=67 src1=68 dst=72 latency=7 penalty=0
t=1690, issue scalar node 2506 with op max src0=69 src1=70 dst=73 latency=7 penalty=0
t=1692, issue ve node 2228 with op sub src0=225 src1=207 dst=234 latency=7 penalty=0 half=2
t=1695, issue ve node 2106 with op reduce_sum src0=183 src1=-1 dst=153 latency=12 penalty=0
t=1695, issue scalar node 2108 with op add src0=148 src1=149 dst=155 latency=7 penalty=0
t=1695, issue sfu node 2167 with op exp src0=208 src1=-1 dst=209 latency=30 rounds=6 penalty=0 borrow=1
t=1696, issue ve node 2231 with op sub src0=226 src1=207 dst=236 latency=7 penalty=0 half=2
t=1697, issue scalar node 2507 with op max src0=71 src1=72 dst=74 latency=7 penalty=0
t=1700, issue ve node 2234 with op sub src0=227 src1=207 dst=238 latency=7 penalty=0 half=2
t=1701, issue scalar node 2109 with op add src0=150 src1=151 dst=156 latency=7 penalty=0
t=1701, issue ve node 2156 with op reduce_sum src0=201 src1=-1 dst=177 latency=12 penalty=0
t=1701, issue sfu node 2170 with op exp src0=210 src1=-1 dst=211 latency=30 rounds=6 penalty=0 borrow=1
t=1702, issue scalar node 2111 with op add src0=154 src1=155 dst=158 latency=7 penalty=0
t=1704, issue ve node 2044 with op sub src0=136 src1=130 dst=152 latency=7 penalty=0 half=2
t=1705, issue scalar node 2508 with op max src0=73 src1=74 dst=75 latency=7 penalty=0
t=1707, issue scalar node 2110 with op add src0=152 src1=153 dst=157 latency=7 penalty=0
t=1707, issue ve node 2159 with op reduce_sum src0=203 src1=-1 dst=178 latency=12 penalty=0
t=1707, issue sfu node 2173 with op exp src0=212 src1=-1 dst=213 latency=30 rounds=6 penalty=0 borrow=1
t=1708, issue ve node 2046 with op sub src0=138 src1=130 dst=153 latency=7 penalty=0 half=2
t=1712, issue ve node 2048 with op sub src0=140 src1=130 dst=154 latency=7 penalty=0 half=2
t=1713, issue ve node 2162 with op reduce_sum src0=205 src1=-1 dst=179 latency=12 penalty=0
t=1713, issue sfu node 2176 with op exp src0=214 src1=-1 dst=215 latency=30 rounds=6 penalty=0 borrow=1
t=1714, issue store node 2045 mem=224 latency=0
t=1714, issue scalar node 2112 with op add src0=156 src1=157 dst=159 latency=7 penalty=0
t=1716, issue ve node 2050 with op sub src0=142 src1=130 dst=155 latency=7 penalty=0 half=2
t=1718, issue store node 2047 mem=225 latency=0
t=1719, issue ve node 2165 with op reduce_sum src0=207 src1=-1 dst=180 latency=12 penalty=0
t=1719, issue scalar node 2178 with op add src0=177 src1=178 dst=185 latency=7 penalty=0
t=1719, issue sfu node 2226 with op exp src0=232 src1=-1 dst=233 latency=30 rounds=6 penalty=0 borrow=1
t=1720, issue ve node 2052 with op sub src0=144 src1=130 dst=156 latency=7 penalty=0 half=2
t=1721, issue scalar node 2113 with op add src0=158 src1=159 dst=160 latency=7 penalty=0
t=1722, issue store node 2049 mem=226 latency=0
t=1724, issue ve node 2054 with op sub src0=146 src1=130 dst=157 latency=7 penalty=0 half=2
t=1725, issue ve node 2168 with op reduce_sum src0=209 src1=-1 dst=181 latency=12 penalty=0
t=1725, issue sfu node 2229 with op exp src0=234 src1=-1 dst=235 latency=30 rounds=6 penalty=0 borrow=1
t=1726, issue store node 2051 mem=227 latency=0
t=1728, issue ve node 2056 with op sub src0=148 src1=130 dst=158 latency=7 penalty=0 half=2
t=1728, issue sfu node 2114 with op ln src0=160 src1=-1 dst=161 latency=22 rounds=0 penalty=0 borrow=1
t=1730, issue store node 2053 mem=228 latency=0
t=1731, issue ve node 2171 with op reduce_sum src0=211 src1=-1 dst=182 latency=12 penalty=0
t=1731, issue scalar node 2179 with op add src0=179 src1=180 dst=186 latency=7 penalty=0
t=1731, issue sfu node 2232 with op exp src0=236 src1=-1 dst=237 latency=30 rounds=6 penalty=0 borrow=1
t=1732, issue ve node 2058 with op sub src0=150 src1=130 dst=159 latency=7 penalty=0 half=2
t=1734, issue store node 2055 mem=229 latency=0
t=1736, issue ve node 2237 with op sub src0=228 src1=207 dst=240 latency=7 penalty=0 half=2
t=1737, issue ve node 2174 with op reduce_sum src0=213 src1=-1 dst=183 latency=12 penalty=0
t=1737, issue sfu node 2235 with op exp src0=238 src1=-1 dst=239 latency=30 rounds=6 penalty=0 borrow=1
t=1738, issue store node 2057 mem=230 latency=0
t=1738, issue scalar node 2182 with op add src0=185 src1=186 dst=189 latency=7 penalty=0
t=1740, issue ve node 2240 with op sub src0=229 src1=207 dst=242 latency=7 penalty=0 half=2
t=1742, issue store node 2059 mem=231 latency=0
t=1742, issue load node 2557 gpr=128 mem=288 latency=3
t=1743, issue ve node 2177 with op reduce_sum src0=215 src1=-1 dst=184 latency=12 penalty=0
t=1743, issue scalar node 2180 with op add src0=181 src1=182 dst=187 latency=7 penalty=0
t=1743, issue load node 2559 gpr=129 mem=289 latency=3
t=1744, issue ve node 2243 with op sub src0=230 src1=207 dst=244 latency=7 penalty=0 half=2
t=1744, issue load node 2561 gpr=130 mem=290 latency=3
t=1745, issue ve node 2558 with op reduce_max src0=128 src1=-1 dst=92 latency=7 penalty=0
t=1745, issue load node 2563 gpr=131 mem=291 latency=3
t=1746, issue sfu node 2238 with op exp src0=240 src1=-1 dst=241 latency=30 rounds=6 penalty=0 borrow=1
t=1746, issue ve node 2560 with op reduce_max src0=129 src1=-1 dst=93 latency=7 penalty=0
t=1746, issue load node 2565 gpr=132 mem=292 latency=3
t=1747, issue ve node 2562 with op reduce_max src0=130 src1=-1 dst=94 latency=7 penalty=0
t=1747, issue load node 2567 gpr=133 mem=293 latency=3
t=1748, issue ve node 2246 with op sub src0=231 src1=207 dst=246 latency=7 penalty=0 half=2
t=1748, issue load node 2569 gpr=134 mem=294 latency=3
t=1749, issue ve node 2227 with op reduce_sum src0=233 src1=-1 dst=208 latency=12 penalty=0
t=1749, issue load node 2571 gpr=135 mem=295 latency=3
t=1750, issue ve node 2564 with op reduce_max src0=131 src1=-1 dst=95 latency=7 penalty=0
t=1751, issue ve node 2566 with op reduce_max src0=132 src1=-1 dst=96 latency=7 penalty=0
t=1752, issue sfu node 2241 with op exp src0=242 src1=-1 dst=243 latency=30 rounds=6 penalty=0 borrow=1
t=1752, issue ve node 2568 with op reduce_max src0=133 src1=-1 dst=97 latency=7 penalty=0
t=1753, issue ve node 2570 with op reduce_max src0=134 src1=-1 dst=98 latency=7 penalty=0
t=1753, issue scalar node 2573 with op max src0=92 src1=93 dst=100 latency=7 penalty=0
t=1754, issue ve node 2115 with op sub src0=168 src1=161 dst=184 latency=7 penalty=0 half=2
t=1755, issue scalar node 2181 with op add src0=183 src1=184 dst=188 latency=7 penalty=0
t=1755, issue ve node 2230 with op reduce_sum src0=235 src1=-1 dst=209 latency=12 penalty=0
t=1756, issue ve node 2572 with op reduce_max src0=135 src1=-1 dst=99 latency=7 penalty=0
t=1757, issue scalar node 2574 with op max src0=94 src1=95 dst=101 latency=7 penalty=0
t=1758, issue ve node 2117 with op sub src0=170 src1=161 dst=185 latency=7 penalty=0 half=2
t=1758, issue sfu node 2244 with op exp src0=244 src1=-1 dst=245 latency=30 rounds=6 penalty=0 borrow=1
t=1759, issue scalar node 2575 with op max src0=96 src1=97 dst=102 latency=7 penalty=0
t=1761, issue ve node 2233 with op reduce_sum src0=237 src1=-1 dst=210 latency=12 penalty=0
t=1762, issue ve node 2119 with op sub src0=172 src1=161 dst=186 latency=7 penalty=0 half=2
t=1762, issue scalar node 2183 with op add src0=187 src1=188 dst=190 latency=7 penalty=0
t=1763, issue scalar node 2576 with op max src0=98 src1=99 dst=103 latency=7 penalty=0
t=1764, issue store node 2116 mem=232 latency=0
t=1764, issue sfu node 2247 with op exp src0=246 src1=-1 dst=247 latency=30 rounds=6 penalty=0 borrow=1
t=1764, issue scalar node 2577 with op max src0=100 src1=101 dst=104 latency=7 penalty=0
t=1766, issue ve node 2121 with op sub src0=174 src1=161 dst=187 latency=7 penalty=0 half=2
t=1767, issue ve node 2236 with op reduce_sum src0=239 src1=-1 dst=211 latency=12 penalty=0
t=1767, issue scalar node 2249 with op add src0=208 src1=209 dst=216 latency=7 penalty=0
t=1768, issue store node 2118 mem=233 latency=0
t=1769, issue scalar node 2184 with op add src0=189 src1=190 dst=191 latency=7 penalty=0
t=1770, issue ve node 2123 with op sub src0=176 src1=161 dst=188 latency=7 penalty=0 half=2
t=1770, issue scalar node 2578 with op max src0=102 src1=103 dst=105 latency=7 penalty=0
t=1772, issue store node 2120 mem=234 latency=0
t=1774, issue ve node 2125 with op sub src0=178 src1=161 dst=189 latency=7 penalty=0 half=2
t=1776, issue store node 2122 mem=235 latency=0
t=1776, issue sfu node 2185 with op ln src0=191 src1=-1 dst=192 latency=22 rounds=0 penalty=0 borrow=1
t=1776, issue ve node 2239 with op reduce_sum src0=241 src1=-1 dst=212 latency=12 penalty=0
t=1777, issue scalar node 2579 with op max src0=104 src1=105 dst=106 latency=7 penalty=0
t=1779, issue scalar node 2250 with op add src0=210 src1=211 dst=217 latency=7 penalty=0
t=1780, issue store node 2124 mem=236 latency=0
t=1782, issue ve node 2242 with op reduce_sum src0=243 src1=-1 dst=213 latency=12 penalty=0
t=1784, issue store node 2126 mem=237 latency=0
t=1786, issue scalar node 2253 with op add src0=216 src1=217 dst=220 latency=7 penalty=0
t=1787, issue ve node 2127 with op sub src0=180 src1=161 dst=190 latency=7 penalty=0 half=0
t=1788, issue ve node 2129 with op sub src0=182 src1=161 dst=191 latency=7 penalty=0 half=0
t=1789, issue ve node 2245 with op reduce_sum src0=245 src1=-1 dst=214 latency=12 penalty=0
t=1790, issue ve node 2296 with op sub src0=0 src1=238 dst=8 latency=7 penalty=0 half=0
t=1791, issue ve node 2299 with op sub src0=1 src1=238 dst=10 latency=7 penalty=0 half=0
t=1792, issue ve node 2302 with op sub src0=2 src1=238 dst=12 latency=7 penalty=0 half=0
t=1793, issue ve node 2305 with op sub src0=3 src1=238 dst=14 latency=7 penalty=0 half=0
t=1794, issue store node 2128 mem=238 latency=0
t=1794, issue ve node 2248 with op reduce_sum src0=247 src1=-1 dst=215 latency=12 penalty=0
t=1795, issue store node 2130 mem=239 latency=0
t=1795, issue scalar node 2251 with op add src0=212 src1=213 dst=218 latency=7 penalty=0
t=1795, issue ve node 2308 with op sub src0=4 src1=238 dst=16 latency=7 penalty=0 half=0
t=1795, issue load node 2628 gpr=160 mem=296 latency=3
t=1796, issue ve node 2311 with op sub src0=5 src1=238 dst=18 latency=7 penalty=0 half=0
t=1796, issue load node 2630 gpr=161 mem=297 latency=3
t=1797, issue sfu node 2297 with op exp src0=8 src1=-1 dst=9 latency=30 rounds=6 penalty=0 borrow=1
t=1797, issue ve node 2314 with op sub src0=6 src1=238 dst=20 latency=7 penalty=0 half=0
t=1797, issue load node 2634 gpr=163 mem=299 latency=3
t=1798, issue ve node 2186 with op sub src0=200 src1=192 dst=216 latency=7 penalty=0 half=0
t=1798, issue load node 2632 gpr=162 mem=298 latency=3
t=1799, issue ve node 2188 with op sub src0=202 src1=192 dst=217 latency=7 penalty=0 half=0
t=1799, issue load node 2638 gpr=165 mem=301 latency=3
t=1800, issue ve node 2190 with op sub src0=204 src1=192 dst=218 latency=7 penalty=0 half=0
t=1800, issue load node 2636 gpr=164 mem=300 latency=3
t=1801, issue ve node 2192 with op sub src0=206 src1=192 dst=219 latency=7 penalty=0 half=0
t=1801, issue load node 2640 gpr=166 mem=302 latency=3
t=1802, issue ve node 2194 with op sub src0=208 src1=192 dst=220 latency=7 penalty=0 half=0
t=1802, issue load node 2642 gpr=167 mem=303 latency=3
t=1803, issue ve node 2196 with op sub src0=210 src1=192 dst=221 latency=7 penalty=0 half=0
t=1803, issue sfu node 2303 with op exp src0=12 src1=-1 dst=13 latency=30 rounds=6 penalty=0 borrow=1
t=1804, issue ve node 2198 with op sub src0=212 src1=192 dst=222 latency=7 penalty=0 half=0
t=1805, issue store node 2187 mem=240 latency=0
t=1805, issue ve node 2200 with op sub src0=214 src1=192 dst=223 latency=7 penalty=0 half=2
t=1806, issue store node 2189 mem=241 latency=0
t=1806, issue scalar node 2252 with op add src0=214 src1=215 dst=219 latency=7 penalty=0
t=1806, issue ve node 2633 with op reduce_max src0=162 src1=-1 dst=125 latency=7 penalty=0
t=1807, issue store node 2191 mem=242 latency=0
t=1807, issue ve node 2629 with op reduce_max src0=160 src1=-1 dst=123 latency=7 penalty=0
t=1808, issue store node 2193 mem=243 latency=0
t=1808, issue ve node 2631 with op reduce_max src0=161 src1=-1 dst=124 latency=7 penalty=0
t=1809, issue store node 2195 mem=244 latency=0
t=1809, issue sfu node 2300 with op exp src0=10 src1=-1 dst=11 latency=30 rounds=6 penalty=0 borrow=1
t=1809, issue ve node 2317 with op sub src0=7 src1=238 dst=22 latency=7 penalty=0 half=2
t=1810, issue store node 2197 mem=245 latency=0
t=1810, issue ve node 2635 with op reduce_max src0=163 src1=-1 dst=126 latency=7 penalty=0
t=1811, issue store node 2199 mem=246 latency=0
t=1811, issue ve node 2637 with op reduce_max src0=164 src1=-1 dst=127 latency=7 penalty=0
t=1812, issue ve node 2639 with op reduce_max src0=165 src1=-1 dst=128 latency=7 penalty=0
t=1813, issue scalar node 2254 with op add src0=218 src1=219 dst=221 latency=7 penalty=0
t=1813, issue ve node 2367 with op sub src0=32 src1=13 dst=40 latency=7 penalty=0 half=2
t=1814, issue ve node 2641 with op reduce_max src0=166 src1=-1 dst=129 latency=7 penalty=0
t=1815, issue store node 2201 mem=247 latency=0
t=1815, issue sfu node 2306 with op exp src0=14 src1=-1 dst=15 latency=30 rounds=6 penalty=0 borrow=1
t=1815, issue scalar node 2644 with op max src0=123 src1=124 dst=131 latency=7 penalty=0
t=1815, issue load node 2699 gpr=192 mem=304 latency=3
t=1816, issue ve node 2643 with op reduce_max src0=167 src1=-1 dst=130 latency=7 penalty=0
t=1816, issue load node 2701 gpr=193 mem=305 latency=3
t=1817, issue ve node 2370 with op sub src0=33 src1=13 dst=42 latency=7 penalty=0 half=2
t=1817, issue load node 2703 gpr=194 mem=306 latency=3
t=1818, issue scalar node 2645 with op max src0=125 src1=126 dst=132 latency=7 penalty=0
t=1818, issue ve node 2700 with op reduce_max src0=192 src1=-1 dst=154 latency=7 penalty=0
t=1818, issue load node 2705 gpr=195 mem=307 latency=3
t=1819, issue scalar node 2646 with op max src0=127 src1=128 dst=133 latency=7 penalty=0
t=1819, issue ve node 2702 with op reduce_max src0=193 src1=-1 dst=155 latency=7 penalty=0
t=1819, issue load node 2707 gpr=196 mem=308 latency=3
t=1820, issue scalar node 2255 with op add src0=220 src1=221 dst=222 latency=7 penalty=0
t=1820, issue ve node 2704 with op reduce_max src0=194 src1=-1 dst=156 latency=7 penalty=0
t=1820, issue load node 2709 gpr=197 mem=309 latency=3
t=1821, issue sfu node 2309 with op exp src0=16 src1=-1 dst=17 latency=30 rounds=6 penalty=0 borrow=1
t=1821, issue ve node 2373 with op sub src0=34 src1=13 dst=44 latency=7 penalty=0 half=2
t=1821, issue load node 2711 gpr=198 mem=310 latency=3
t=1822, issue ve node 2706 with op reduce_max src0=195 src1=-1 dst=157 latency=7 penalty=0
t=1822, issue load node 2713 gpr=199 mem=311 latency=3
t=1823, issue scalar node 2647 with op max src0=129 src1=130 dst=134 latency=7 penalty=0
t=1823, issue ve node 2710 with op reduce_max src0=197 src1=-1 dst=159 latency=7 penalty=0
t=1824, issue ve node 2708 with op reduce_max src0=196 src1=-1 dst=158 latency=7 penalty=0
t=1825, issue ve node 2376 with op sub src0=35 src1=13 dst=46 latency=7 penalty=0 half=2
t=1825, issue scalar node 2648 with op max src0=131 src1=132 dst=135 latency=7 penalty=0
t=1826, issue ve node 2712 with op reduce_max src0=198 src1=-1 dst=160 latency=7 penalty=0
t=1826, issue scalar node 2715 with op max src0=154 src1=155 dst=162 latency=7 penalty=0
t=1827, issue sfu node 2256 with op ln src0=222 src1=-1 dst=223 latency=22 rounds=0 penalty=0 borrow=1
t=1827, issue ve node 2298 with op reduce_sum src0=9 src1=-1 dst=239 latency=12 penalty=0
t=1828, issue sfu node 2312 with op exp src0=18 src1=-1 dst=19 latency=30 rounds=6 penalty=0 borrow=1
t=1828, issue ve node 2714 with op reduce_max src0=199 src1=-1 dst=161 latency=7 penalty=0
t=1829, issue ve node 2379 with op sub src0=36 src1=13 dst=48 latency=7 penalty=0 half=2
t=1830, issue scalar node 2649 with op max src0=133 src1=134 dst=136 latency=7 penalty=0
t=1831, issue scalar node 2716 with op max src0=156 src1=157 dst=163 latency=7 penalty=0
t=1832, issue scalar node 2717 with op max src0=158 src1=159 dst=164 latency=7 penalty=0
t=1833, issue ve node 2304 with op reduce_sum src0=13 src1=-1 dst=241 latency=12 penalty=0
t=1834, issue sfu node 2315 with op exp src0=20 src1=-1 dst=21 latency=30 rounds=6 penalty=0 borrow=1
t=1834, issue ve node 2382 with op sub src0=37 src1=13 dst=50 latency=7 penalty=0 half=2
t=1835, issue scalar node 2718 with op max src0=160 src1=161 dst=165 latency=7 penalty=0
t=1837, issue scalar node 2650 with op max src0=135 src1=136 dst=137 latency=7 penalty=0
t=1838, issue ve node 2385 with op sub src0=38 src1=13 dst=52 latency=7 penalty=0 half=2
t=1838, issue scalar node 2719 with op max src0=162 src1=163 dst=166 latency=7 penalty=0
t=1839, issue ve node 2301 with op reduce_sum src0=11 src1=-1 dst=240 latency=12 penalty=0
t=1840, issue sfu node 2318 with op exp src0=22 src1=-1 dst=23 latency=30 rounds=6 penalty=0 borrow=1
t=1842, issue ve node 2388 with op sub src0=39 src1=13 dst=54 latency=7 penalty=0 half=2
t=1843, issue scalar node 2720 with op max src0=164 src1=165 dst=167 latency=7 penalty=0
t=1845, issue ve node 2307 with op reduce_sum src0=15 src1=-1 dst=242 latency=12 penalty=0
t=1846, issue sfu node 2368 with op exp src0=40 src1=-1 dst=41 latency=30 rounds=6 penalty=0 borrow=1
t=1846, issue ve node 2441 with op sub src0=65 src1=44 dst=74 latency=7 penalty=0 half=2
t=1850, issue ve node 2257 with op sub src0=232 src1=223 dst=248 latency=7 penalty=0 half=2
t=1851, issue ve node 2310 with op reduce_sum src0=17 src1=-1 dst=243 latency=12 penalty=0
t=1851, issue scalar node 2320 with op add src0=239 src1=240 dst=247 latency=7 penalty=0
t=1852, issue sfu node 2371 with op exp src0=42 src1=-1 dst=43 latency=30 rounds=6 penalty=0 borrow=1
t=1852, issue scalar node 2721 with op max src0=166 src1=167 dst=168 latency=7 penalty=0
t=1854, issue ve node 2261 with op sub src0=236 src1=223 dst=250 latency=7 penalty=0 half=2
t=1857, issue scalar node 2321 with op add src0=241 src1=242 dst=248 latency=7 penalty=0
t=1858, issue ve node 2259 with op sub src0=234 src1=223 dst=249 latency=7 penalty=0 half=2
t=1858, issue sfu node 2374 with op exp src0=44 src1=-1 dst=45 latency=30 rounds=6 penalty=0 borrow=1
t=1859, issue ve node 2313 with op reduce_sum src0=19 src1=-1 dst=244 latency=12 penalty=0
t=1860, issue store node 2258 mem=248 latency=0
t=1862, issue ve node 2263 with op sub src0=238 src1=223 dst=251 latency=7 penalty=0 half=2
t=1864, issue store node 2262 mem=250 latency=0
t=1864, issue ve node 2316 with op reduce_sum src0=21 src1=-1 dst=245 latency=12 penalty=0
t=1864, issue scalar node 2324 with op add src0=247 src1=248 dst=251 latency=7 penalty=0
t=1864, issue sfu node 2380 with op exp src0=48 src1=-1 dst=49 latency=30 rounds=6 penalty=0 borrow=1
t=1866, issue ve node 2265 with op sub src0=240 src1=223 dst=252 latency=7 penalty=0 half=2
t=1868, issue store node 2260 mem=249 latency=0
t=1870, issue ve node 2267 with op sub src0=242 src1=223 dst=253 latency=7 penalty=0 half=2
t=1870, issue sfu node 2386 with op exp src0=52 src1=-1 dst=53 latency=30 rounds=6 penalty=0 borrow=1
t=1871, issue ve node 2319 with op reduce_sum src0=23 src1=-1 dst=246 latency=12 penalty=0
t=1871, issue scalar node 2322 with op add src0=243 src1=244 dst=249 latency=7 penalty=0
t=1872, issue store node 2264 mem=251 latency=0
t=1874, issue ve node 2269 with op sub src0=244 src1=223 dst=254 latency=7 penalty=0 half=2
t=1876, issue store node 2266 mem=252 latency=0
t=1876, issue ve node 2369 with op reduce_sum src0=41 src1=-1 dst=14 latency=12 penalty=0
t=1876, issue sfu node 2377 with op exp src0=46 src1=-1 dst=47 latency=30 rounds=6 penalty=0 borrow=1
t=1878, issue ve node 2271 with op sub src0=246 src1=223 dst=255 latency=7 penalty=0 half=2
t=1880, issue store node 2268 mem=253 latency=0
t=1882, issue ve node 2372 with op reduce_sum src0=43 src1=-1 dst=15 latency=12 penalty=0
t=1882, issue sfu node 2383 with op exp src0=50 src1=-1 dst=51 latency=30 rounds=6 penalty=0 borrow=1
t=1883, issue scalar node 2323 with op add src0=245 src1=246 dst=250 latency=7 penalty=0
t=1883, issue ve node 2438 with op sub src0=64 src1=44 dst=72 latency=7 penalty=0 half=2
t=1884, issue store node 2270 mem=254 latency=0
t=1887, issue ve node 2444 with op sub src0=66 src1=44 dst=76 latency=7 penalty=0 half=2
t=1888, issue store node 2272 mem=255 latency=0
t=1888, issue ve node 2375 with op reduce_sum src0=45 src1=-1 dst=16 latency=12 penalty=0
t=1888, issue sfu node 2389 with op exp src0=54 src1=-1 dst=55 latency=30 rounds=6 penalty=0 borrow=1
t=1888, issue load node 2770 gpr=224 mem=312 latency=3
t=1889, issue load node 2772 gpr=225 mem=313 latency=3
t=1890, issue scalar node 2325 with op add src0=249 src1=250 dst=252 latency=7 penalty=0
t=1890, issue load node 2774 gpr=226 mem=314 latency=3
t=1891, issue ve node 2447 with op sub src0=67 src1=44 dst=78 latency=7 penalty=0 half=2
t=1891, issue load node 2776 gpr=227 mem=315 latency=3
t=1892, issue ve node 2771 with op reduce_max src0=224 src1=-1 dst=185 latency=7 penalty=0
t=1892, issue load node 2778 gpr=228 mem=316 latency=3
t=1893, issue ve node 2773 with op reduce_max src0=225 src1=-1 dst=186 latency=7 penalty=0
t=1893, issue load node 2780 gpr=229 mem=317 latency=3
t=1894, issue ve node 2381 with op reduce_sum src0=49 src1=-1 dst=18 latency=12 penalty=0
t=1894, issue scalar node 2391 with op add src0=14 src1=15 dst=22 latency=7 penalty=0
t=1894, issue sfu node 2439 with op exp src0=72 src1=-1 dst=73 latency=30 rounds=6 penalty=0 borrow=1
t=1894, issue load node 2782 gpr=230 mem=318 latency=3
t=1895, issue ve node 2450 with op sub src0=68 src1=44 dst=80 latency=7 penalty=0 half=2
t=1895, issue load node 2784 gpr=231 mem=319 latency=3
t=1896, issue ve node 2775 with op reduce_max src0=226 src1=-1 dst=187 latency=7 penalty=0
t=1897, issue scalar node 2326 with op add src0=251 src1=252 dst=253 latency=7 penalty=0
t=1897, issue ve node 2777 with op reduce_max src0=227 src1=-1 dst=188 latency=7 penalty=0
t=1898, issue ve node 2779 with op reduce_max src0=228 src1=-1 dst=189 latency=7 penalty=0
t=1899, issue ve node 2453 with op sub src0=69 src1=44 dst=82 latency=7 penalty=0 half=2
t=1900, issue ve node 2387 with op reduce_sum src0=53 src1=-1 dst=20 latency=12 penalty=0
t=1900, issue sfu node 2442 with op exp src0=74 src1=-1 dst=75 latency=30 rounds=6 penalty=0 borrow=1
t=1900, issue scalar node 2786 with op max src0=185 src1=186 dst=193 latency=7 penalty=0
t=1901, issue ve node 2781 with op reduce_max src0=229 src1=-1 dst=190 latency=7 penalty=0
t=1902, issue ve node 2783 with op reduce_max src0=230 src1=-1 dst=191 latency=7 penalty=0
t=1903, issue ve node 2456 with op sub src0=70 src1=44 dst=84 latency=7 penalty=0 half=2
t=1904, issue sfu node 2327 with op ln src0=253 src1=-1 dst=254 latency=22 rounds=0 penalty=0 borrow=1
t=1904, issue ve node 2785 with op reduce_max src0=231 src1=-1 dst=192 latency=7 penalty=0
t=1904, issue scalar node 2787 with op max src0=187 src1=188 dst=194 latency=7 penalty=0
t=1906, issue ve node 2378 with op reduce_sum src0=47 src1=-1 dst=17 latency=12 penalty=0
t=1906, issue sfu node 2445 with op exp src0=76 src1=-1 dst=77 latency=30 rounds=6 penalty=0 borrow=1
t=1907, issue ve node 2459 with op sub src0=71 src1=44 dst=86 latency=7 penalty=0 half=2
t=1908, issue scalar node 2788 with op max src0=189 src1=190 dst=195 latency=7 penalty=0
t=1911, issue ve node 2509 with op sub src0=96 src1=75 dst=104 latency=7 penalty=0 half=2
t=1912, issue ve node 2384 with op reduce_sum src0=51 src1=-1 dst=19 latency=12 penalty=0
t=1912, issue sfu node 2448 with op exp src0=78 src1=-1 dst=79 latency=30 rounds=6 penalty=0 borrow=1
t=1912, issue scalar node 2789 with op max src0=191 src1=192 dst=196 latency=7 penalty=0
t=1913, issue scalar node 2790 with op max src0=193 src1=194 dst=197 latency=7 penalty=0
t=1915, issue ve node 2512 with op sub src0=97 src1=75 dst=106 latency=7 penalty=0 half=2
t=1918, issue ve node 2390 with op reduce_sum src0=55 src1=-1 dst=21 latency=12 penalty=0
t=1918, issue scalar node 2392 with op add src0=16 src1=17 dst=23 latency=7 penalty=0
t=1918, issue sfu node 2451 with op exp src0=80 src1=-1 dst=81 latency=30 rounds=6 penalty=0 borrow=1
t=1919, issue ve node 2515 with op sub src0=98 src1=75 dst=108 latency=7 penalty=0 half=2
t=1920, issue scalar node 2791 with op max src0=195 src1=196 dst=198 latency=7 penalty=0
t=1923, issue ve node 2518 with op sub src0=99 src1=75 dst=110 latency=7 penalty=0 half=2
t=1924, issue scalar node 2393 with op add src0=18 src1=19 dst=24 latency=7 penalty=0
t=1924, issue ve node 2440 with op reduce_sum src0=73 src1=-1 dst=45 latency=12 penalty=0
t=1924, issue sfu node 2454 with op exp src0=82 src1=-1 dst=83 latency=30 rounds=6 penalty=0 borrow=1
t=1925, issue scalar node 2395 with op add src0=22 src1=23 dst=26 latency=7 penalty=0
t=1927, issue ve node 2328 with op sub src0=8 src1=254 dst=24 latency=7 penalty=0 half=2
t=1928, issue scalar node 2792 with op max src0=197 src1=198 dst=199 latency=7 penalty=0
t=1930, issue scalar node 2394 with op add src0=20 src1=21 dst=25 latency=7 penalty=0
t=1930, issue ve node 2443 with op reduce_sum src0=75 src1=-1 dst=46 latency=12 penalty=0
t=1930, issue sfu node 2457 with op exp src0=84 src1=-1 dst=85 latency=30 rounds=6 penalty=0 borrow=1
t=1931, issue ve node 2330 with op sub src0=10 src1=254 dst=25 latency=7 penalty=0 half=2
t=1935, issue ve node 2332 with op sub src0=12 src1=254 dst=26 latency=7 penalty=0 half=2
t=1936, issue ve node 2446 with op reduce_sum src0=77 src1=-1 dst=47 latency=12 penalty=0
t=1936, issue sfu node 2460 with op exp src0=86 src1=-1 dst=87 latency=30 rounds=6 penalty=0 borrow=1
t=1937, issue store node 2329 mem=256 latency=0
t=1937, issue scalar node 2396 with op add src0=24 src1=25 dst=27 latency=7 penalty=0
t=1939, issue ve node 2334 with op sub src0=14 src1=254 dst=27 latency=7 penalty=0 half=2
t=1941, issue store node 2331 mem=257 latency=0
t=1942, issue ve node 2449 with op reduce_sum src0=79 src1=-1 dst=48 latency=12 penalty=0
t=1942, issue scalar node 2462 with op add src0=45 src1=46 dst=53 latency=7 penalty=0
t=1942, issue sfu node 2510 with op exp src0=104 src1=-1 dst=105 latency=30 rounds=6 penalty=0 borrow=1
t=1943, issue ve node 2336 with op sub src0=16 src1=254 dst=28 latency=7 penalty=0 half=2
t=1944, issue scalar node 2397 with op add src0=26 src1=27 dst=28 latency=7 penalty=0
t=1945, issue store node 2333 mem=258 latency=0
t=1947, issue ve node 2338 with op sub src0=18 src1=254 dst=29 latency=7 penalty=0 half=2
t=1948, issue ve node 2452 with op reduce_sum src0=81 src1=-1 dst=49 latency=12 penalty=0
t=1948, issue sfu node 2513 with op exp src0=106 src1=-1 dst=107 latency=30 rounds=6 penalty=0 borrow=1
t=1949, issue store node 2335 mem=259 latency=0
t=1951, issue ve node 2340 with op sub src0=20 src1=254 dst=30 latency=7 penalty=0 half=2
t=1951, issue sfu node 2398 with op ln src0=28 src1=-1 dst=29 latency=22 rounds=0 penalty=0 borrow=1
t=1953, issue store node 2337 mem=260 latency=0
t=1954, issue ve node 2455 with op reduce_sum src0=83 src1=-1 dst=50 latency=12 penalty=0
t=1954, issue scalar node 2463 with op add src0=47 src1=48 dst=54 latency=7 penalty=0
t=1954, issue sfu node 2516 with op exp src0=108 src1=-1 dst=109 latency=30 rounds=6 penalty=0 borrow=1
t=1955, issue ve node 2342 with op sub src0=22 src1=254 dst=31 latency=7 penalty=0 half=2
t=1957, issue store node 2339 mem=261 latency=0
t=1959, issue ve node 2521 with op sub src0=100 src1=75 dst=112 latency=7 penalty=0 half=2
t=1960, issue ve node 2458 with op reduce_sum src0=85 src1=-1 dst=51 latency=12 penalty=0
t=1960, issue sfu node 2519 with op exp src0=110 src1=-1 dst=111 latency=30 rounds=6 penalty=0 borrow=1
t=1961, issue store node 2341 mem=262 latency=0
t=1961, issue scalar node 2466 with op add src0=53 src1=54 dst=57 latency=7 penalty=0
t=1963, issue ve node 2524 with op sub src0=101 src1=75 dst=114 latency=7 penalty=0 half=2
t=1965, issue store node 2343 mem=263 latency=0
t=1965, issue load node 2841 gpr=0 mem=320 latency=3
t=1966, issue ve node 2461 with op reduce_sum src0=87 src1=-1 dst=52 latency=12 penalty=0
t=1966, issue scalar node 2464 with op add src0=49 src1=50 dst=55 latency=7 penalty=0
t=1966, issue load node 2843 gpr=1 mem=321 latency=3
t=1967, issue ve node 2527 with op sub src0=102 src1=75 dst=116 latency=7 penalty=0 half=2
t=1967, issue load node 2845 gpr=2 mem=322 latency=3
t=1968, issue ve node 2842 with op reduce_max src0=0 src1=-1 dst=216 latency=7 penalty=0
t=1968, issue load node 2847 gpr=3 mem=323 latency=3
t=1969, issue sfu node 2522 with op exp src0=112 src1=-1 dst=113 latency=30 rounds=6 penalty=0 borrow=1
t=1969, issue ve node 2844 with op reduce_max src0=1 src1=-1 dst=217 latency=7 penalty=0
t=1969, issue load node 2849 gpr=4 mem=324 latency=3
t=1970, issue ve node 2846 with op reduce_max src0=2 src1=-1 dst=218 latency=7 penalty=0
t=1970, issue load node 2851 gpr=5 mem=325 latency=3
t=1971, issue ve node 2530 with op sub src0=103 src1=75 dst=118 latency=7 penalty=0 half=2
t=1971, issue load node 2853 gpr=6 mem=326 latency=3
t=1972, issue ve node 2511 with op reduce_sum src0=105 src1=-1 dst=76 latency=12 penalty=0
t=1972, issue load node 2855 gpr=7 mem=327 latency=3
t=1973, issue ve node 2848 with op reduce_max src0=3 src1=-1 dst=219 latency=7 penalty=0
t=1974, issue ve node 2850 with op reduce_max src0=4 src1=-1 dst=220 latency=7 penalty=0
t=1975, issue sfu node 2525 with op exp src0=114 src1=-1 dst=115 latency=30 rounds=6 penalty=0 borrow=1
t=1975, issue ve node 2852 with op reduce_max src0=5 src1=-1 dst=221 latency=7 penalty=0
t=1976, issue ve node 2854 with op reduce_max src0=6 src1=-1 dst=222 latency=7 penalty=0
t=1976, issue scalar node 2857 with op max src0=216 src1=217 dst=224 latency=7 penalty=0
t=1977, issue ve node 2399 with op sub src0=40 src1=29 dst=56 latency=7 penalty=0 half=2
t=1978, issue scalar node 2465 with op add src0=51 src1=52 dst=56 latency=7 penalty=0
t=1978, issue ve node 2514 with op reduce_sum src0=107 src1=-1 dst=77 latency=12 penalty=0
t=1979, issue ve node 2856 with op reduce_max src0=7 src1=-1 dst=223 latency=7 penalty=0
t=1980, issue scalar node 2858 with op max src0=218 src1=219 dst=225 latency=7 penalty=0
t=1981, issue ve node 2401 with op sub src0=42 src1=29 dst=57 latency=7 penalty=0 half=2
t=1981, issue sfu node 2528 with op exp src0=116 src1=-1 dst=117 latency=30 rounds=6 penalty=0 borrow=1
t=1982, issue scalar node 2859 with op max src0=220 src1=221 dst=226 latency=7 penalty=0
t=1984, issue ve node 2517 with op reduce_sum src0=109 src1=-1 dst=78 latency=12 penalty=0
t=1985, issue ve node 2403 with op sub src0=44 src1=29 dst=58 latency=7 penalty=0 half=2
t=1985, issue scalar node 2467 with op add src0=55 src1=56 dst=58 latency=7 penalty=0
t=1986, issue scalar node 2860 with op max src0=222 src1=223 dst=227 latency=7 penalty=0
t=1987, issue store node 2400 mem=264 latency=0
t=1987, issue sfu node 2531 with op exp src0=118 src1=-1 dst=119 latency=30 rounds=6 penalty=0 borrow=1
t=1987, issue scalar node 2861 with op max src0=224 src1=225 dst=228 latency=7 penalty=0
t=1989, issue ve node 2405 with op sub src0=46 src1=29 dst=59 latency=7 penalty=0 half=2
t=1990, issue ve node 2520 with op reduce_sum src0=111 src1=-1 dst=79 latency=12 penalty=0
t=1990, issue scalar node 2533 with op add src0=76 src1=77 dst=84 latency=7 penalty=0
t=1991, issue store node 2402 mem=265 latency=0
t=1992, issue scalar node 2468 with op add src0=57 src1=58 dst=59 latency=7 penalty=0
t=1993, issue ve node 2407 with op sub src0=48 src1=29 dst=60 latency=7 penalty=0 half=2
t=1993, issue scalar node 2862 with op max src0=226 src1=227 dst=229 latency=7 penalty=0
t=1995, issue store node 2404 mem=266 latency=0
t=1997, issue ve node 2409 with op sub src0=50 src1=29 dst=61 latency=7 penalty=0 half=2
t=1999, issue store node 2406 mem=267 latency=0
t=1999, issue sfu node 2469 with op ln src0=59 src1=-1 dst=60 latency=22 rounds=0 penalty=0 borrow=1
t=1999, issue ve node 2523 with op reduce_sum src0=113 src1=-1 dst=80 latency=12 penalty=0
t=2000, issue scalar node 2863 with op max src0=228 src1=229 dst=230 latency=7 penalty=0
t=2002, issue scalar node 2534 with op add src0=78 src1=79 dst=85 latency=7 penalty=0
t=2003, issue store node 2408 mem=268 latency=0
t=2005, issue ve node 2526 with op reduce_sum src0=115 src1=-1 dst=81 latency=12 penalty=0
t=2007, issue store node 2410 mem=269 latency=0
t=2009, issue scalar node 2537 with op add src0=84 src1=85 dst=88 latency=7 penalty=0
t=2010, issue ve node 2411 with op sub src0=52 src1=29 dst=62 latency=7 penalty=0 half=0
t=2011, issue ve node 2413 with op sub src0=54 src1=29 dst=63 latency=7 penalty=0 half=0
t=2012, issue ve node 2529 with op reduce_sum src0=117 src1=-1 dst=82 latency=12 penalty=0
t=2013, issue ve node 2580 with op sub src0=128 src1=106 dst=136 latency=7 penalty=0 half=0
t=2014, issue ve node 2583 with op sub src0=129 src1=106 dst=138 latency=7 penalty=0 half=0
t=2015, issue ve node 2586 with op sub src0=130 src1=106 dst=140 latency=7 penalty=0 half=0
t=2016, issue ve node 2589 with op sub src0=131 src1=106 dst=142 latency=7 penalty=0 half=0
t=2017, issue store node 2412 mem=270 latency=0
t=2017, issue ve node 2532 with op reduce_sum src0=119 src1=-1 dst=83 latency=12 penalty=0
t=2018, issue store node 2414 mem=271 latency=0
t=2018, issue scalar node 2535 with op add src0=80 src1=81 dst=86 latency=7 penalty=0
t=2018, issue ve node 2592 with op sub src0=132 src1=106 dst=144 latency=7 penalty=0 half=0
t=2018, issue load node 2912 gpr=32 mem=328 latency=3
t=2019, issue ve node 2595 with op sub src0=133 src1=106 dst=146 latency=7 penalty=0 half=0
t=2019, issue load node 2914 gpr=33 mem=329 latency=3
t=2020, issue sfu node 2581 with op exp src0=136 src1=-1 dst=137 latency=30 rounds=6 penalty=0 borrow=1
t=2020, issue ve node 2598 with op sub src0=134 src1=106 dst=148 latency=7 penalty=0 half=0
t=2020, issue load node 2918 gpr=35 mem=331 latency=3
t=2021, issue ve node 2470 with op sub src0=72 src1=60 dst=88 latency=7 penalty=0 half=0
t=2021, issue load node 2916 gpr=34 mem=330 latency=3
t=2022, issue ve node 2472 with op sub src0=74 src1=60 dst=89 latency=7 penalty=0 half=0
t=2022, issue load node 2922 gpr=37 mem=333 latency=3
t=2023, issue ve node 2474 with op sub src0=76 src1=60 dst=90 latency=7 penalty=0 half=0
t=2023, issue load node 2920 gpr=36 mem=332 latency=3
t=2024, issue ve node 2476 with op sub src0=78 src1=60 dst=91 latency=7 penalty=0 half=0
t=2024, issue load node 2924 gpr=38 mem=334 latency=3
t=2025, issue ve node 2478 with op sub src0=80 src1=60 dst=92 latency=7 penalty=0 half=0
t=2025, issue load node 2926 gpr=39 mem=335 latency=3
t=2026, issue ve node 2480 with op sub src0=82 src1=60 dst=93 latency=7 penalty=0 half=0
t=2026, issue sfu node 2587 with op exp src0=140 src1=-1 dst=141 latency=30 rounds=6 penalty=0 borrow=1
t=2027, issue ve node 2482 with op sub src0=84 src1=60 dst=94 latency=7 penalty=0 half=0
t=2028, issue store node 2471 mem=272 latency=0
t=2028, issue ve node 2484 with op sub src0=86 src1=60 dst=95 latency=7 penalty=0 half=2
t=2029, issue store node 2473 mem=273 latency=0
t=2029, issue scalar node 2536 with op add src0=82 src1=83 dst=87 latency=7 penalty=0
t=2029, issue ve node 2917 with op reduce_max src0=34 src1=-1 dst=249 latency=7 penalty=0
t=2030, issue store node 2475 mem=274 latency=0
t=2030, issue ve node 2913 with op reduce_max src0=32 src1=-1 dst=247 latency=7 penalty=0
t=2031, issue store node 2477 mem=275 latency=0
t=2031, issue ve node 2915 with op reduce_max src0=33 src1=-1 dst=248 latency=7 penalty=0
t=2032, issue store node 2479 mem=276 latency=0
t=2032, issue sfu node 2584 with op exp src0=138 src1=-1 dst=139 latency=30 rounds=6 penalty=0 borrow=1
t=2032, issue ve node 2601 with op sub src0=135 src1=106 dst=150 latency=7 penalty=0 half=2
t=2033, issue store node 2481 mem=277 latency=0
t=2033, issue ve node 2919 with op reduce_max src0=35 src1=-1 dst=250 latency=7 penalty=0
t=2034, issue store node 2483 mem=278 latency=0
t=2034, issue ve node 2921 with op reduce_max src0=36 src1=-1 dst=251 latency=7 penalty=0
t=2035, issue ve node 2923 with op reduce_max src0=37 src1=-1 dst=252 latency=7 penalty=0
t=2036, issue scalar node 2538 with op add src0=86 src1=87 dst=89 latency=7 penalty=0
t=2036, issue ve node 2651 with op sub src0=160 src1=137 dst=168 latency=7 penalty=0 half=2
t=2037, issue ve node 2925 with op reduce_max src0=38 src1=-1 dst=253 latency=7 penalty=0
t=2038, issue store node 2485 mem=279 latency=0
t=2038, issue sfu node 2590 with op exp src0=142 src1=-1 dst=143 latency=30 rounds=6 penalty=0 borrow=1
t=2038, issue scalar node 2928 with op max src0=247 src1=248 dst=255 latency=7 penalty=0
t=2038, issue load node 2983 gpr=64 mem=336 latency=3
t=2039, issue ve node 2927 with op reduce_max src0=39 src1=-1 dst=254 latency=7 penalty=0
t=2039, issue load node 2985 gpr=65 mem=337 latency=3
t=2040, issue ve node 2654 with op sub src0=161 src1=137 dst=170 latency=7 penalty=0 half=2
t=2040, issue load node 2987 gpr=66 mem=338 latency=3
t=2041, issue scalar node 2929 with op max src0=249 src1=250 dst=0 latency=7 penalty=0
t=2041, issue ve node 2984 with op reduce_max src0=64 src1=-1 dst=22 latency=7 penalty=0
t=2041, issue load node 2989 gpr=67 mem=339 latency=3
t=2042, issue scalar node 2930 with op max src0=251 src1=252 dst=1 latency=7 penalty=0
t=2042, issue ve node 2986 with op reduce_max src0=65 src1=-1 dst=23 latency=7 penalty=0
t=2042, issue load node 2991 gpr=68 mem=340 latency=3
t=2043, issue scalar node 2539 with op add src0=88 src1=89 dst=90 latency=7 penalty=0
t=2043, issue ve node 2988 with op reduce_max src0=66 src1=-1 dst=24 latency=7 penalty=0
t=2043, issue load node 2993 gpr=69 mem=341 latency=3
t=2044, issue sfu node 2593 with op exp src0=144 src1=-1 dst=145 latency=30 rounds=6 penalty=0 borrow=1
t=2044, issue ve node 2657 with op sub src0=162 src1=137 dst=172 latency=7 penalty=0 half=2
t=2044, issue load node 2995 gpr=70 mem=342 latency=3
t=2045, issue ve node 2990 with op reduce_max src0=67 src1=-1 dst=25 latency=7 penalty=0
t=2045, issue load node 2997 gpr=71 mem=343 latency=3
t=2046, issue scalar node 2931 with op max src0=253 src1=254 dst=2 latency=7 penalty=0
t=2046, issue ve node 2994 with op reduce_max src0=69 src1=-1 dst=27 latency=7 penalty=0
t=2047, issue ve node 2992 with op reduce_max src0=68 src1=-1 dst=26 latency=7 penalty=0
t=2048, issue ve node 2660 with op sub src0=163 src1=137 dst=174 latency=7 penalty=0 half=2
t=2048, issue scalar node 2932 with op max src0=255 src1=0 dst=3 latency=7 penalty=0
t=2049, issue ve node 2996 with op reduce_max src0=70 src1=-1 dst=28 latency=7 penalty=0
t=2049, issue scalar node 2999 with op max src0=22 src1=23 dst=30 latency=7 penalty=0
t=2050, issue sfu node 2540 with op ln src0=90 src1=-1 dst=91 latency=22 rounds=0 penalty=0 borrow=1
t=2050, issue ve node 2582 with op reduce_sum src0=137 src1=-1 dst=107 latency=12 penalty=0
t=2051, issue sfu node 2596 with op exp src0=146 src1=-1 dst=147 latency=30 rounds=6 penalty=0 borrow=1
t=2051, issue ve node 2998 with op reduce_max src0=71 src1=-1 dst=29 latency=7 penalty=0
t=2052, issue ve node 2663 with op sub src0=164 src1=137 dst=176 latency=7 penalty=0 half=2
t=2053, issue scalar node 2933 with op max src0=1 src1=2 dst=4 latency=7 penalty=0
t=2054, issue scalar node 3000 with op max src0=24 src1=25 dst=31 latency=7 penalty=0
t=2055, issue scalar node 3001 with op max src0=26 src1=27 dst=32 latency=7 penalty=0
t=2056, issue ve node 2588 with op reduce_sum src0=141 src1=-1 dst=109 latency=12 penalty=0
t=2057, issue sfu node 2599 with op exp src0=148 src1=-1 dst=149 latency=30 rounds=6 penalty=0 borrow=1
t=2057, issue ve node 2666 with op sub src0=165 src1=137 dst=178 latency=7 penalty=0 half=2
t=2058, issue scalar node 3002 with op max src0=28 src1=29 dst=33 latency=7 penalty=0
t=2060, issue scalar node 2934 with op max src0=3 src1=4 dst=5 latency=7 penalty=0
t=2061, issue ve node 2669 with op sub src0=166 src1=137 dst=180 latency=7 penalty=0 half=2
t=2061, issue scalar node 3003 with op max src0=30 src1=31 dst=34 latency=7 penalty=0
t=2062, issue ve node 2585 with op reduce_sum src0=139 src1=-1 dst=108 latency=12 penalty=0
t=2063, issue sfu node 2602 with op exp src0=150 src1=-1 dst=151 latency=30 rounds=6 penalty=0 borrow=1
t=2065, issue ve node 2672 with op sub src0=167 src1=137 dst=182 latency=7 penalty=0 half=2
t=2066, issue scalar node 3004 with op max src0=32 src1=33 dst=35 latency=7 penalty=0
t=2068, issue ve node 2591 with op reduce_sum src0=143 src1=-1 dst=110 latency=12 penalty=0
t=2069, issue sfu node 2652 with op exp src0=168 src1=-1 dst=169 latency=30 rounds=6 penalty=0 borrow=1
t=2069, issue ve node 2725 with op sub src0=193 src1=168 dst=202 latency=7 penalty=0 half=2
t=2073, issue ve node 2541 with op sub src0=104 src1=91 dst=120 latency=7 penalty=0 half=2
t=2074, issue ve node 2594 with op reduce_sum src0=145 src1=-1 dst=111 latency=12 penalty=0
t=2074, issue scalar node 2604 with op add src0=107 src1=108 dst=115 latency=7 penalty=0
t=2075, issue sfu node 2655 with op exp src0=170 src1=-1 dst=171 latency=30 rounds=6 penalty=0 borrow=1
t=2075, issue scalar node 3005 with op max src0=34 src1=35 dst=36 latency=7 penalty=0
t=2077, issue ve node 2545 with op sub src0=108 src1=91 dst=122 latency=7 penalty=0 half=2
t=2080, issue scalar node 2605 with op add src0=109 src1=110 dst=116 latency=7 penalty=0
t=2081, issue ve node 2543 with op sub src0=106 src1=91 dst=121 latency=7 penalty=0 half=2
t=2081, issue sfu node 2658 with op exp src0=172 src1=-1 dst=173 latency=30 rounds=6 penalty=0 borrow=1
t=2082, issue ve node 2597 with op reduce_sum src0=147 src1=-1 dst=112 latency=12 penalty=0
t=2083, issue store node 2542 mem=280 latency=0
t=2085, issue ve node 2547 with op sub src0=110 src1=91 dst=123 latency=7 penalty=0 half=2
t=2087, issue store node 2546 mem=282 latency=0
t=2087, issue ve node 2600 with op reduce_sum src0=149 src1=-1 dst=113 latency=12 penalty=0
t=2087, issue scalar node 2608 with op add src0=115 src1=116 dst=119 latency=7 penalty=0
t=2087, issue sfu node 2664 with op exp src0=176 src1=-1 dst=177 latency=30 rounds=6 penalty=0 borrow=1
t=2089, issue ve node 2549 with op sub src0=112 src1=91 dst=124 latency=7 penalty=0 half=2
t=2091, issue store node 2544 mem=281 latency=0
t=2093, issue ve node 2551 with op sub src0=114 src1=91 dst=125 latency=7 penalty=0 half=2
t=2093, issue sfu node 2670 with op exp src0=180 src1=-1 dst=181 latency=30 rounds=6 penalty=0 borrow=1
t=2094, issue ve node 2603 with op reduce_sum src0=151 src1=-1 dst=114 latency=12 penalty=0
t=2094, issue scalar node 2606 with op add src0=111 src1=112 dst=117 latency=7 penalty=0
t=2095, issue store node 2548 mem=283 latency=0
t=2097, issue ve node 2553 with op sub src0=116 src1=91 dst=126 latency=7 penalty=0 half=2
t=2099, issue store node 2550 mem=284 latency=0
t=2099, issue ve node 2653 with op reduce_sum src0=169 src1=-1 dst=138 latency=12 penalty=0
t=2099, issue sfu node 2661 with op exp src0=174 src1=-1 dst=175 latency=30 rounds=6 penalty=0 borrow=1
t=2101, issue ve node 2555 with op sub src0=118 src1=91 dst=127 latency=7 penalty=0 half=2
t=2103, issue store node 2552 mem=285 latency=0
t=2105, issue ve node 2656 with op reduce_sum src0=171 src1=-1 dst=139 latency=12 penalty=0
t=2105, issue sfu node 2667 with op exp src0=178 src1=-1 dst=179 latency=30 rounds=6 penalty=0 borrow=1
t=2106, issue scalar node 2607 with op add src0=113 src1=114 dst=118 latency=7 penalty=0
t=2106, issue ve node 2722 with op sub src0=192 src1=168 dst=200 latency=7 penalty=0 half=2
t=2107, issue store node 2554 mem=286 latency=0
t=2110, issue ve node 2728 with op sub src0=194 src1=168 dst=204 latency=7 penalty=0 half=2
t=2111, issue store node 2556 mem=287 latency=0
t=2111, issue ve node 2659 with op reduce_sum src0=173 src1=-1 dst=140 latency=12 penalty=0
t=2111, issue sfu node 2673 with op exp src0=182 src1=-1 dst=183 latency=30 rounds=6 penalty=0 borrow=1
t=2111, issue load node 3054 gpr=96 mem=344 latency=3
t=2112, issue load node 3056 gpr=97 mem=345 latency=3
t=2113, issue scalar node 2609 with op add src0=117 src1=118 dst=120 latency=7 penalty=0
t=2113, issue load node 3058 gpr=98 mem=346 latency=3
t=2114, issue ve node 2731 with op sub src0=195 src1=168 dst=206 latency=7 penalty=0 half=2
t=2114, issue load node 3060 gpr=99 mem=347 latency=3
t=2115, issue ve node 3055 with op reduce_max src0=96 src1=-1 dst=53 latency=7 penalty=0
t=2115, issue load node 3062 gpr=100 mem=348 latency=3
t=2116, issue ve node 3057 with op reduce_max src0=97 src1=-1 dst=54 latency=7 penalty=0
t=2116, issue load node 3064 gpr=101 mem=349 latency=3
t=2117, issue ve node 2665 with op reduce_sum src0=177 src1=-1 dst=142 latency=12 penalty=0
t=2117, issue scalar node 2675 with op add src0=138 src1=139 dst=146 latency=7 penalty=0
t=2117, issue sfu node 2723 with op exp src0=200 src1=-1 dst=201 latency=30 rounds=6 penalty=0 borrow=1
t=2117, issue load node 3066 gpr=102 mem=350 latency=3
t=2118, issue ve node 2734 with op sub src0=196 src1=168 dst=208 latency=7 penalty=0 half=2
t=2118, issue load node 3068 gpr=103 mem=351 latency=3
t=2119, issue ve node 3059 with op reduce_max src0=98 src1=-1 dst=55 latency=7 penalty=0
t=2120, issue scalar node 2610 with op add src0=119 src1=120 dst=121 latency=7 penalty=0
t=2120, issue ve node 3061 with op reduce_max src0=99 src1=-1 dst=56 latency=7 penalty=0
t=2121, issue ve node 3063 with op reduce_max src0=100 src1=-1 dst=57 latency=7 penalty=0
t=2122, issue ve node 2737 with op sub src0=197 src1=168 dst=210 latency=7 penalty=0 half=2
t=2123, issue ve node 2671 with op reduce_sum src0=181 src1=-1 dst=144 latency=12 penalty=0
t=2123, issue sfu node 2726 with op exp src0=202 src1=-1 dst=203 latency=30 rounds=6 penalty=0 borrow=1
t=2123, issue scalar node 3070 with op max src0=53 src1=54 dst=61 latency=7 penalty=0
t=2124, issue ve node 3065 with op reduce_max src0=101 src1=-1 dst=58 latency=7 penalty=0
t=2125, issue ve node 3067 with op reduce_max src0=102 src1=-1 dst=59 latency=7 penalty=0
t=2126, issue ve node 2740 with op sub src0=198 src1=168 dst=212 latency=7 penalty=0 half=2
t=2127, issue sfu node 2611 with op ln src0=121 src1=-1 dst=122 latency=22 rounds=0 penalty=0 borrow=1
t=2127, issue ve node 3069 with op reduce_max src0=103 src1=-1 dst=60 latency=7 penalty=0
t=2127, issue scalar node 3071 with op max src0=55 src1=56 dst=62 latency=7 penalty=0
t=2129, issue ve node 2662 with op reduce_sum src0=175 src1=-1 dst=141 latency=12 penalty=0
t=2129, issue sfu node 2729 with op exp src0=204 src1=-1 dst=205 latency=30 rounds=6 penalty=0 borrow=1
t=2130, issue ve node 2743 with op sub src0=199 src1=168 dst=214 latency=7 penalty=0 half=2
t=2131, issue scalar node 3072 with op max src0=57 src1=58 dst=63 latency=7 penalty=0
t=2134, issue ve node 2793 with op sub src0=224 src1=199 dst=232 latency=7 penalty=0 half=2
t=2135, issue ve node 2668 with op reduce_sum src0=179 src1=-1 dst=143 latency=12 penalty=0
t=2135, issue sfu node 2732 with op exp src0=206 src1=-1 dst=207 latency=30 rounds=6 penalty=0 borrow=1
t=2135, issue scalar node 3073 with op max src0=59 src1=60 dst=64 latency=7 penalty=0
t=2136, issue scalar node 3074 with op max src0=61 src1=62 dst=65 latency=7 penalty=0
t=2138, issue ve node 2796 with op sub src0=225 src1=199 dst=234 latency=7 penalty=0 half=2
t=2141, issue ve node 2674 with op reduce_sum src0=183 src1=-1 dst=145 latency=12 penalty=0
t=2141, issue scalar node 2676 with op add src0=140 src1=141 dst=147 latency=7 penalty=0
t=2141, issue sfu node 2735 with op exp src0=208 src1=-1 dst=209 latency=30 rounds=6 penalty=0 borrow=1
t=2142, issue ve node 2799 with op sub src0=226 src1=199 dst=236 latency=7 penalty=0 half=2
t=2143, issue scalar node 3075 with op max src0=63 src1=64 dst=66 latency=7 penalty=0
t=2146, issue ve node 2802 with op sub src0=227 src1=199 dst=238 latency=7 penalty=0 half=2
t=2147, issue scalar node 2677 with op add src0=142 src1=143 dst=148 latency=7 penalty=0
t=2147, issue ve node 2724 with op reduce_sum src0=201 src1=-1 dst=169 latency=12 penalty=0
t=2147, issue sfu node 2738 with op exp src0=210 src1=-1 dst=211 latency=30 rounds=6 penalty=0 borrow=1
t=2148, issue scalar node 2679 with op add src0=146 src1=147 dst=150 latency=7 penalty=0
t=2150, issue ve node 2612 with op sub src0=136 src1=122 dst=152 latency=7 penalty=0 half=2
t=2151, issue scalar node 3076 with op max src0=65 src1=66 dst=67 latency=7 penalty=0
t=2153, issue scalar node 2678 with op add src0=144 src1=145 dst=149 latency=7 penalty=0
t=2153, issue ve node 2727 with op reduce_sum src0=203 src1=-1 dst=170 latency=12 penalty=0
t=2153, issue sfu node 2741 with op exp src0=212 src1=-1 dst=213 latency=30 rounds=6 penalty=0 borrow=1
t=2154, issue ve node 2614 with op sub src0=138 src1=122 dst=153 latency=7 penalty=0 half=2
t=2158, issue ve node 2616 with op sub src0=140 src1=122 dst=154 latency=7 penalty=0 half=2
t=2159, issue ve node 2730 with op reduce_sum src0=205 src1=-1 dst=171 latency=12 penalty=0
t=2159, issue sfu node 2744 with op exp src0=214 src1=-1 dst=215 latency=30 rounds=6 penalty=0 borrow=1
t=2160, issue store node 2613 mem=288 latency=0
t=2160, issue scalar node 2680 with op add src0=148 src1=149 dst=151 latency=7 penalty=0
t=2162, issue ve node 2618 with op sub src0=142 src1=122 dst=155 latency=7 penalty=0 half=2
t=2164, issue store node 2615 mem=289 latency=0
t=2165, issue ve node 2733 with op reduce_sum src0=207 src1=-1 dst=172 latency=12 penalty=0
t=2165, issue scalar node 2746 with op add src0=169 src1=170 dst=177 latency=7 penalty=0
t=2165, issue sfu node 2794 with op exp src0=232 src1=-1 dst=233 latency=30 rounds=6 penalty=0 borrow=1
t=2166, issue ve node 2620 with op sub src0=144 src1=122 dst=156 latency=7 penalty=0 half=2
t=2167, issue scalar node 2681 with op add src0=150 src1=151 dst=152 latency=7 penalty=0
t=2168, issue store node 2617 mem=290 latency=0
t=2170, issue ve node 2622 with op sub src0=146 src1=122 dst=157 latency=7 penalty=0 half=2
t=2171, issue ve node 2736 with op reduce_sum src0=209 src1=-1 dst=173 latency=12 penalty=0
t=2171, issue sfu node 2797 with op exp src0=234 src1=-1 dst=235 latency=30 rounds=6 penalty=0 borrow=1
t=2172, issue store node 2619 mem=291 latency=0
t=2174, issue ve node 2624 with op sub src0=148 src1=122 dst=158 latency=7 penalty=0 half=2
t=2174, issue sfu node 2682 with op ln src0=152 src1=-1 dst=153 latency=22 rounds=0 penalty=0 borrow=1
t=2176, issue store node 2621 mem=292 latency=0
t=2177, issue ve node 2739 with op reduce_sum src0=211 src1=-1 dst=174 latency=12 penalty=0
t=2177, issue scalar node 2747 with op add src0=171 src1=172 dst=178 latency=7 penalty=0
t=2177, issue sfu node 2800 with op exp src0=236 src1=-1 dst=237 latency=30 rounds=6 penalty=0 borrow=1
t=2178, issue ve node 2626 with op sub src0=150 src1=122 dst=159 latency=7 penalty=0 half=2
t=2180, issue store node 2623 mem=293 latency=0
t=2182, issue ve node 2805 with op sub src0=228 src1=199 dst=240 latency=7 penalty=0 half=2
t=2183, issue ve node 2742 with op reduce_sum src0=213 src1=-1 dst=175 latency=12 penalty=0
t=2183, issue sfu node 2803 with op exp src0=238 src1=-1 dst=239 latency=30 rounds=6 penalty=0 borrow=1
t=2184, issue store node 2625 mem=294 latency=0
t=2184, issue scalar node 2750 with op add src0=177 src1=178 dst=181 latency=7 penalty=0
t=2186, issue ve node 2808 with op sub src0=229 src1=199 dst=242 latency=7 penalty=0 half=2
t=2188, issue store node 2627 mem=295 latency=0
t=2188, issue load node 3125 gpr=128 mem=352 latency=3
t=2189, issue ve node 2745 with op reduce_sum src0=215 src1=-1 dst=176 latency=12 penalty=0
t=2189, issue scalar node 2748 with op add src0=173 src1=174 dst=179 latency=7 penalty=0
t=2189, issue load node 3127 gpr=129 mem=353 latency=3
t=2190, issue ve node 2811 with op sub src0=230 src1=199 dst=244 latency=7 penalty=0 half=2
t=2190, issue load node 3129 gpr=130 mem=354 latency=3
t=2191, issue ve node 3126 with op reduce_max src0=128 src1=-1 dst=84 latency=7 penalty=0
t=2191, issue load node 3131 gpr=131 mem=355 latency=3
t=2192, issue sfu node 2806 with op exp src0=240 src1=-1 dst=241 latency=30 rounds=6 penalty=0 borrow=1
t=2192, issue ve node 3128 with op reduce_max src0=129 src1=-1 dst=85 latency=7 penalty=0
t=2192, issue load node 3133 gpr=132 mem=356 latency=3
t=2193, issue ve node 3130 with op reduce_max src0=130 src1=-1 dst=86 latency=7 penalty=0
t=2193, issue load node 3135 gpr=133 mem=357 latency=3
t=2194, issue ve node 2814 with op sub src0=231 src1=199 dst=246 latency=7 penalty=0 half=2
t=2194, issue load node 3137 gpr=134 mem=358 latency=3
t=2195, issue ve node 2795 with op reduce_sum src0=233 src1=-1 dst=200 latency=12 penalty=0
t=2195, issue load node 3139 gpr=135 mem=359 latency=3
t=2196, issue ve node 3132 with op reduce_max src0=131 src1=-1 dst=87 latency=7 penalty=0
t=2197, issue ve node 3134 with op reduce_max src0=132 src1=-1 dst=88 latency=7 penalty=0
t=2198, issue sfu node 2809 with op exp src0=242 src1=-1 dst=243 latency=30 rounds=6 penalty=0 borrow=1
t=2198, issue ve node 3136 with op reduce_max src0=133 src1=-1 dst=89 latency=7 penalty=0
t=2199, issue ve node 3138 with op reduce_max src0=134 src1=-1 dst=90 latency=7 penalty=0
t=2199, issue scalar node 3141 with op max src0=84 src1=85 dst=92 latency=7 penalty=0
t=2200, issue ve node 2683 with op sub src0=168 src1=153 dst=184 latency=7 penalty=0 half=2
t=2201, issue scalar node 2749 with op add src0=175 src1=176 dst=180 latency=7 penalty=0
t=2201, issue ve node 2798 with op reduce_sum src0=235 src1=-1 dst=201 latency=12 penalty=0
t=2202, issue ve node 3140 with op reduce_max src0=135 src1=-1 dst=91 latency=7 penalty=0
t=2203, issue scalar node 3142 with op max src0=86 src1=87 dst=93 latency=7 penalty=0
t=2204, issue ve node 2685 with op sub src0=170 src1=153 dst=185 latency=7 penalty=0 half=2
t=2204, issue sfu node 2812 with op exp src0=244 src1=-1 dst=245 latency=30 rounds=6 penalty=0 borrow=1
t=2205, issue scalar node 3143 with op max src0=88 src1=89 dst=94 latency=7 penalty=0
t=2207, issue ve node 2801 with op reduce_sum src0=237 src1=-1 dst=202 latency=12 penalty=0
t=2208, issue ve node 2687 with op sub src0=172 src1=153 dst=186 latency=7 penalty=0 half=2
t=2208, issue scalar node 2751 with op add src0=179 src1=180 dst=182 latency=7 penalty=0
t=2209, issue scalar node 3144 with op max src0=90 src1=91 dst=95 latency=7 penalty=0
t=2210, issue store node 2684 mem=296 latency=0
t=2210, issue sfu node 2815 with op exp src0=246 src1=-1 dst=247 latency=30 rounds=6 penalty=0 borrow=1
t=2210, issue scalar node 3145 with op max src0=92 src1=93 dst=96 latency=7 penalty=0
t=2212, issue ve node 2689 with op sub src0=174 src1=153 dst=187 latency=7 penalty=0 half=2
t=2213, issue ve node 2804 with op reduce_sum src0=239 src1=-1 dst=203 latency=12 penalty=0
t=2213, issue scalar node 2817 with op add src0=200 src1=201 dst=208 latency=7 penalty=0
t=2214, issue store node 2686 mem=297 latency=0
t=2215, issue scalar node 2752 with op add src0=181 src1=182 dst=183 latency=7 penalty=0
t=2216, issue ve node 2691 with op sub src0=176 src1=153 dst=188 latency=7 penalty=0 half=2
t=2216, issue scalar node 3146 with op max src0=94 src1=95 dst=97 latency=7 penalty=0
t=2218, issue store node 2688 mem=298 latency=0
t=2220, issue ve node 2693 with op sub src0=178 src1=153 dst=189 latency=7 penalty=0 half=2
t=2222, issue store node 2690 mem=299 latency=0
t=2222, issue sfu node 2753 with op ln src0=183 src1=-1 dst=184 latency=22 rounds=0 penalty=0 borrow=1
t=2222, issue ve node 2807 with op reduce_sum src0=241 src1=-1 dst=204 latency=12 penalty=0
t=2223, issue scalar node 3147 with op max src0=96 src1=97 dst=98 latency=7 penalty=0
t=2225, issue scalar node 2818 with op add src0=202 src1=203 dst=209 latency=7 penalty=0
t=2226, issue store node 2692 mem=300 latency=0
t=2228, issue ve node 2810 with op reduce_sum src0=243 src1=-1 dst=205 latency=12 penalty=0
t=2230, issue store node 2694 mem=301 latency=0
t=2232, issue scalar node 2821 with op add src0=208 src1=209 dst=212 latency=7 penalty=0
t=2233, issue ve node 2695 with op sub src0=180 src1=153 dst=190 latency=7 penalty=0 half=0
t=2234, issue ve node 2697 with op sub src0=182 src1=153 dst=191 latency=7 penalty=0 half=0
t=2235, issue ve node 2813 with op reduce_sum src0=245 src1=-1 dst=206 latency=12 penalty=0
t=2236, issue ve node 2864 with op sub src0=0 src1=230 dst=8 latency=7 penalty=0 half=0
t=2237, issue ve node 2867 with op sub src0=1 src1=230 dst=10 latency=7 penalty=0 half=0
t=2238, issue ve node 2870 with op sub src0=2 src1=230 dst=12 latency=7 penalty=0 half=0
t=2239, issue ve node 2873 with op sub src0=3 src1=230 dst=14 latency=7 penalty=0 half=0
t=2240, issue store node 2696 mem=302 latency=0
t=2240, issue ve node 2816 with op reduce_sum src0=247 src1=-1 dst=207 latency=12 penalty=0
t=2241, issue store node 2698 mem=303 latency=0
t=2241, issue scalar node 2819 with op add src0=204 src1=205 dst=210 latency=7 penalty=0
t=2241, issue ve node 2876 with op sub src0=4 src1=230 dst=16 latency=7 penalty=0 half=0
t=2241, issue load node 3196 gpr=160 mem=360 latency=3
t=2242, issue ve node 2879 with op sub src0=5 src1=230 dst=18 latency=7 penalty=0 half=0
t=2242, issue load node 3198 gpr=161 mem=361 latency=3
t=2243, issue sfu node 2865 with op exp src0=8 src1=-1 dst=9 latency=30 rounds=6 penalty=0 borrow=1
t=2243, issue ve node 2882 with op sub src0=6 src1=230 dst=20 latency=7 penalty=0 half=0
t=2243, issue load node 3202 gpr=163 mem=363 latency=3
t=2244, issue ve node 2754 with op sub src0=200 src1=184 dst=216 latency=7 penalty=0 half=0
t=2244, issue load node 3200 gpr=162 mem=362 latency=3
t=2245, issue ve node 2756 with op sub src0=202 src1=184 dst=217 latency=7 penalty=0 half=0
t=2245, issue load node 3206 gpr=165 mem=365 latency=3
t=2246, issue ve node 2758 with op sub src0=204 src1=184 dst=218 latency=7 penalty=0 half=0
t=2246, issue load node 3204 gpr=164 mem=364 latency=3
t=2247, issue ve node 2760 with op sub src0=206 src1=184 dst=219 latency=7 penalty=0 half=0
t=2247, issue load node 3208 gpr=166 mem=366 latency=3
t=2248, issue ve node 2762 with op sub src0=208 src1=184 dst=220 latency=7 penalty=0 half=0
t=2248, issue load node 3210 gpr=167 mem=367 latency=3
t=2249, issue ve node 2764 with op sub src0=210 src1=184 dst=221 latency=7 penalty=0 half=0
t=2249, issue sfu node 2871 with op exp src0=12 src1=-1 dst=13 latency=30 rounds=6 penalty=0 borrow=1
t=2250, issue ve node 2766 with op sub src0=212 src1=184 dst=222 latency=7 penalty=0 half=0
t=2251, issue store node 2755 mem=304 latency=0
t=2251, issue ve node 2768 with op sub src0=214 src1=184 dst=223 latency=7 penalty=0 half=2
t=2252, issue store node 2757 mem=305 latency=0
t=2252, issue scalar node 2820 with op add src0=206 src1=207 dst=211 latency=7 penalty=0
t=2252, issue ve node 3201 with op reduce_max src0=162 src1=-1 dst=117 latency=7 penalty=0
t=2253, issue store node 2759 mem=306 latency=0
t=2253, issue ve node 3197 with op reduce_max src0=160 src1=-1 dst=115 latency=7 penalty=0
t=2254, issue store node 2761 mem=307 latency=0
t=2254, issue ve node 3199 with op reduce_max src0=161 src1=-1 dst=116 latency=7 penalty=0
t=2255, issue store node 2763 mem=308 latency=0
t=2255, issue sfu node 2868 with op exp src0=10 src1=-1 dst=11 latency=30 rounds=6 penalty=0 borrow=1
t=2255, issue ve node 2885 with op sub src0=7 src1=230 dst=22 latency=7 penalty=0 half=2
t=2256, issue store node 2765 mem=309 latency=0
t=2256, issue ve node 3203 with op reduce_max src0=163 src1=-1 dst=118 latency=7 penalty=0
t=2257, issue store node 2767 mem=310 latency=0
t=2257, issue ve node 3205 with op reduce_max src0=164 src1=-1 dst=119 latency=7 penalty=0
t=2258, issue ve node 3207 with op reduce_max src0=165 src1=-1 dst=120 latency=7 penalty=0
t=2259, issue scalar node 2822 with op add src0=210 src1=211 dst=213 latency=7 penalty=0
t=2259, issue ve node 2935 with op sub src0=32 src1=5 dst=40 latency=7 penalty=0 half=2
t=2260, issue ve node 3209 with op reduce_max src0=166 src1=-1 dst=121 latency=7 penalty=0
t=2261, issue store node 2769 mem=311 latency=0
t=2261, issue sfu node 2874 with op exp src0=14 src1=-1 dst=15 latency=30 rounds=6 penalty=0 borrow=1
t=2261, issue scalar node 3212 with op max src0=115 src1=116 dst=123 latency=7 penalty=0
t=2261, issue load node 3267 gpr=192 mem=368 latency=3
t=2262, issue ve node 3211 with op reduce_max src0=167 src1=-1 dst=122 latency=7 penalty=0
t=2262, issue load node 3269 gpr=193 mem=369 latency=3
t=2263, issue ve node 2938 with op sub src0=33 src1=5 dst=42 latency=7 penalty=0 half=2
t=2263, issue load node 3271 gpr=194 mem=370 latency=3
t=2264, issue scalar node 3213 with op max src0=117 src1=118 dst=124 latency=7 penalty=0
t=2264, issue ve node 3268 with op reduce_max src0=192 src1=-1 dst=146 latency=7 penalty=0
t=2264, issue load node 3273 gpr=195 mem=371 latency=3
t=2265, issue scalar node 3214 with op max src0=119 src1=120 dst=125 latency=7 penalty=0
t=2265, issue ve node 3270 with op reduce_max src0=193 src1=-1 dst=147 latency=7 penalty=0
t=2265, issue load node 3275 gpr=196 mem=372 latency=3
t=2266, issue scalar node 2823 with op add src0=212 src1=213 dst=214 latency=7 penalty=0
t=2266, issue ve node 3272 with op reduce_max src0=194 src1=-1 dst=148 latency=7 penalty=0
t=2266, issue load node 3277 gpr=197 mem=373 latency=3
t=2267, issue sfu node 2877 with op exp src0=16 src1=-1 dst=17 latency=30 rounds=6 penalty=0 borrow=1
t=2267, issue ve node 2941 with op sub src0=34 src1=5 dst=44 latency=7 penalty=0 half=2
t=2267, issue load node 3279 gpr=198 mem=374 latency=3
t=2268, issue ve node 3274 with op reduce_max src0=195 src1=-1 dst=149 latency=7 penalty=0
t=2268, issue load node 3281 gpr=199 mem=375 latency=3
t=2269, issue scalar node 3215 with op max src0=121 src1=122 dst=126 latency=7 penalty=0
t=2269, issue ve node 3278 with op reduce_max src0=197 src1=-1 dst=151 latency=7 penalty=0
t=2270, issue ve node 3276 with op reduce_max src0=196 src1=-1 dst=150 latency=7 penalty=0
t=2271, issue ve node 2944 with op sub src0=35 src1=5 dst=46 latency=7 penalty=0 half=2
t=2271, issue scalar node 3216 with op max src0=123 src1=124 dst=127 latency=7 penalty=0
t=2272, issue ve node 3280 with op reduce_max src0=198 src1=-1 dst=152 latency=7 penalty=0
t=2272, issue scalar node 3283 with op max src0=146 src1=147 dst=154 latency=7 penalty=0
t=2273, issue sfu node 2824 with op ln src0=214 src1=-1 dst=215 latency=22 rounds=0 penalty=0 borrow=1
t=2273, issue ve node 2866 with op reduce_sum src0=9 src1=-1 dst=231 latency=12 penalty=0
t=2274, issue sfu node 2880 with op exp src0=18 src1=-1 dst=19 latency=30 rounds=6 penalty=0 borrow=1
t=2274, issue ve node 3282 with op reduce_max src0=199 src1=-1 dst=153 latency=7 penalty=0
t=2275, issue ve node 2947 with op sub src0=36 src1=5 dst=48 latency=7 penalty=0 half=2
t=2276, issue scalar node 3217 with op max src0=125 src1=126 dst=128 latency=7 penalty=0
t=2277, issue scalar node 3284 with op max src0=148 src1=149 dst=155 latency=7 penalty=0
t=2278, issue scalar node 3285 with op max src0=150 src1=151 dst=156 latency=7 penalty=0
t=2279, issue ve node 2872 with op reduce_sum src0=13 src1=-1 dst=233 latency=12 penalty=0
t=2280, issue sfu node 2883 with op exp src0=20 src1=-1 dst=21 latency=30 rounds=6 penalty=0 borrow=1
t=2280, issue ve node 2950 with op sub src0=37 src1=5 dst=50 latency=7 penalty=0 half=2
t=2281, issue scalar node 3286 with op max src0=152 src1=153 dst=157 latency=7 penalty=0
t=2283, issue scalar node 3218 with op max src0=127 src1=128 dst=129 latency=7 penalty=0
t=2284, issue ve node 2953 with op sub src0=38 src1=5 dst=52 latency=7 penalty=0 half=2
t=2284, issue scalar node 3287 with op max src0=154 src1=155 dst=158 latency=7 penalty=0
t=2285, issue ve node 2869 with op reduce_sum src0=11 src1=-1 dst=232 latency=12 penalty=0
t=2286, issue sfu node 2886 with op exp src0=22 src1=-1 dst=23 latency=30 rounds=6 penalty=0 borrow=1
t=2288, issue ve node 2956 with op sub src0=39 src1=5 dst=54 latency=7 penalty=0 half=2
t=2289, issue scalar node 3288 with op max src0=156 src1=157 dst=159 latency=7 penalty=0
t=2291, issue ve node 2875 with op reduce_sum src0=15 src1=-1 dst=234 latency=12 penalty=0
t=2292, issue sfu node 2936 with op exp src0=40 src1=-1 dst=41 latency=30 rounds=6 penalty=0 borrow=1
t=2292, issue ve node 3009 with op sub src0=65 src1=36 dst=74 latency=7 penalty=0 half=2
t=2296, issue ve node 2825 with op sub src0=232 src1=215 dst=248 latency=7 penalty=0 half=2
t=2297, issue ve node 2878 with op reduce_sum src0=17 src1=-1 dst=235 latency=12 penalty=0
t=2297, issue scalar node 2888 with op add src0=231 src1=232 dst=239 latency=7 penalty=0
t=2298, issue sfu node 2939 with op exp src0=42 src1=-1 dst=43 latency=30 rounds=6 penalty=0 borrow=1
t=2298, issue scalar node 3289 with op max src0=158 src1=159 dst=160 latency=7 penalty=0
t=2300, issue ve node 2829 with op sub src0=236 src1=215 dst=250 latency=7 penalty=0 half=2
t=2303, issue scalar node 2889 with op add src0=233 src1=234 dst=240 latency=7 penalty=0
t=2304, issue ve node 2827 with op sub src0=234 src1=215 dst=249 latency=7 penalty=0 half=2
t=2304, issue sfu node 2942 with op exp src0=44 src1=-1 dst=45 latency=30 rounds=6 penalty=0 borrow=1
t=2305, issue ve node 2881 with op reduce_sum src0=19 src1=-1 dst=236 latency=12 penalty=0
t=2306, issue store node 2826 mem=312 latency=0
t=2308, issue ve node 2831 with op sub src0=238 src1=215 dst=251 latency=7 penalty=0 half=2
t=2310, issue store node 2830 mem=314 latency=0
t=2310, issue ve node 2884 with op reduce_sum src0=21 src1=-1 dst=237 latency=12 penalty=0
t=2310, issue scalar node 2892 with op add src0=239 src1=240 dst=243 latency=7 penalty=0
t=2310, issue sfu node 2948 with op exp src0=48 src1=-1 dst=49 latency=30 rounds=6 penalty=0 borrow=1
t=2312, issue ve node 2833 with op sub src0=240 src1=215 dst=252 latency=7 penalty=0 half=2
t=2314, issue store node 2828 mem=313 latency=0
t=2316, issue ve node 2835 with op sub src0=242 src1=215 dst=253 latency=7 penalty=0 half=2
t=2316, issue sfu node 2954 with op exp src0=52 src1=-1 dst=53 latency=30 rounds=6 penalty=0 borrow=1
t=2317, issue ve node 2887 with op reduce_sum src0=23 src1=-1 dst=238 latency=12 penalty=0
t=2317, issue scalar node 2890 with op add src0=235 src1=236 dst=241 latency=7 penalty=0
t=2318, issue store node 2832 mem=315 latency=0
t=2320, issue ve node 2837 with op sub src0=244 src1=215 dst=254 latency=7 penalty=0 half=2
t=2322, issue store node 2834 mem=316 latency=0
t=2322, issue ve node 2937 with op reduce_sum src0=41 src1=-1 dst=6 latency=12 penalty=0
t=2322, issue sfu node 2945 with op exp src0=46 src1=-1 dst=47 latency=30 rounds=6 penalty=0 borrow=1
t=2324, issue ve node 2839 with op sub src0=246 src1=215 dst=255 latency=7 penalty=0 half=2
t=2326, issue store node 2836 mem=317 latency=0
t=2328, issue ve node 2940 with op reduce_sum src0=43 src1=-1 dst=7 latency=12 penalty=0
t=2328, issue sfu node 2951 with op exp src0=50 src1=-1 dst=51 latency=30 rounds=6 penalty=0 borrow=1
t=2329, issue scalar node 2891 with op add src0=237 src1=238 dst=242 latency=7 penalty=0
t=2329, issue ve node 3006 with op sub src0=64 src1=36 dst=72 latency=7 penalty=0 half=2
t=2330, issue store node 2838 mem=318 latency=0
t=2333, issue ve node 3012 with op sub src0=66 src1=36 dst=76 latency=7 penalty=0 half=2
t=2334, issue store node 2840 mem=319 latency=0
t=2334, issue ve node 2943 with op reduce_sum src0=45 src1=-1 dst=8 latency=12 penalty=0
t=2334, issue sfu node 2957 with op exp src0=54 src1=-1 dst=55 latency=30 rounds=6 penalty=0 borrow=1
t=2334, issue load node 3338 gpr=224 mem=376 latency=3
t=2335, issue load node 3340 gpr=225 mem=377 latency=3
t=2336, issue scalar node 2893 with op add src0=241 src1=242 dst=244 latency=7 penalty=0
t=2336, issue load node 3342 gpr=226 mem=378 latency=3
t=2337, issue ve node 3015 with op sub src0=67 src1=36 dst=78 latency=7 penalty=0 half=2
t=2337, issue load node 3344 gpr=227 mem=379 latency=3
t=2338, issue ve node 3339 with op reduce_max src0=224 src1=-1 dst=177 latency=7 penalty=0
t=2338, issue load node 3346 gpr=228 mem=380 latency=3
t=2339, issue ve node 3341 with op reduce_max src0=225 src1=-1 dst=178 latency=7 penalty=0
t=2339, issue load node 3348 gpr=229 mem=381 latency=3
t=2340, issue ve node 2949 with op reduce_sum src0=49 src1=-1 dst=10 latency=12 penalty=0
t=2340, issue scalar node 2959 with op add src0=6 src1=7 dst=14 latency=7 penalty=0
t=2340, issue sfu node 3007 with op exp src0=72 src1=-1 dst=73 latency=30 rounds=6 penalty=0 borrow=1
t=2340, issue load node 3350 gpr=230 mem=382 latency=3
t=2341, issue ve node 3018 with op sub src0=68 src1=36 dst=80 latency=7 penalty=0 half=2
t=2341, issue load node 3352 gpr=231 mem=383 latency=3
t=2342, issue ve node 3343 with op reduce_max src0=226 src1=-1 dst=179 latency=7 penalty=0
t=2343, issue scalar node 2894 with op add src0=243 src1=244 dst=245 latency=7 penalty=0
t=2343, issue ve node 3345 with op reduce_max src0=227 src1=-1 dst=180 latency=7 penalty=0
t=2344, issue ve node 3347 with op reduce_max src0=228 src1=-1 dst=181 latency=7 penalty=0
t=2345, issue ve node 3021 with op sub src0=69 src1=36 dst=82 latency=7 penalty=0 half=2
t=2346, issue ve node 2955 with op reduce_sum src0=53 src1=-1 dst=12 latency=12 penalty=0
t=2346, issue sfu node 3010 with op exp src0=74 src1=-1 dst=75 latency=30 rounds=6 penalty=0 borrow=1
t=2346, issue scalar node 3354 with op max src0=177 src1=178 dst=185 latency=7 penalty=0
t=2347, issue ve node 3349 with op reduce_max src0=229 src1=-1 dst=182 latency=7 penalty=0
t=2348, issue ve node 3351 with op reduce_max src0=230 src1=-1 dst=183 latency=7 penalty=0
t=2349, issue ve node 3024 with op sub src0=70 src1=36 dst=84 latency=7 penalty=0 half=2
t=2350, issue sfu node 2895 with op ln src0=245 src1=-1 dst=246 latency=22 rounds=0 penalty=0 borrow=1
t=2350, issue ve node 3353 with op reduce_max src0=231 src1=-1 dst=184 latency=7 penalty=0
t=2350, issue scalar node 3355 with op max src0=179 src1=180 dst=186 latency=7 penalty=0
t=2352, issue ve node 2946 with op reduce_sum src0=47 src1=-1 dst=9 latency=12 penalty=0
t=2352, issue sfu node 3013 with op exp src0=76 src1=-1 dst=77 latency=30 rounds=6 penalty=0 borrow=1
t=2353, issue ve node 3027 with op sub src0=71 src1=36 dst=86 latency=7 penalty=0 half=2
t=2354, issue scalar node 3356 with op max src0=181 src1=182 dst=187 latency=7 penalty=0
t=2357, issue ve node 3077 with op sub src0=96 src1=67 dst=104 latency=7 penalty=0 half=2
t=2358, issue ve node 2952 with op reduce_sum src0=51 src1=-1 dst=11 latency=12 penalty=0
t=2358, issue sfu node 3016 with op exp src0=78 src1=-1 dst=79 latency=30 rounds=6 penalty=0 borrow=1
t=2358, issue scalar node 3357 with op max src0=183 src1=184 dst=188 latency=7 penalty=0
t=2359, issue scalar node 3358 with op max src0=185 src1=186 dst=189 latency=7 penalty=0
t=2361, issue ve node 3080 with op sub src0=97 src1=67 dst=106 latency=7 penalty=0 half=2
t=2364, issue ve node 2958 with op reduce_sum src0=55 src1=-1 dst=13 latency=12 penalty=0
t=2364, issue scalar node 2960 with op add src0=8 src1=9 dst=15 latency=7 penalty=0
t=2364, issue sfu node 3019 with op exp src0=80 src1=-1 dst=81 latency=30 rounds=6 penalty=0 borrow=1
t=2365, issue ve node 3083 with op sub src0=98 src1=67 dst=108 latency=7 penalty=0 half=2
t=2366, issue scalar node 3359 with op max src0=187 src1=188 dst=190 latency=7 penalty=0
t=2369, issue ve node 3086 with op sub src0=99 src1=67 dst=110 latency=7 penalty=0 half=2
t=2370, issue scalar node 2961 with op add src0=10 src1=11 dst=16 latency=7 penalty=0
t=2370, issue ve node 3008 with op reduce_sum src0=73 src1=-1 dst=37 latency=12 penalty=0
t=2370, issue sfu node 3022 with op exp src0=82 src1=-1 dst=83 latency=30 rounds=6 penalty=0 borrow=1
t=2371, issue scalar node 2963 with op add src0=14 src1=15 dst=18 latency=7 penalty=0
t=2373, issue ve node 2896 with op sub src0=8 src1=246 dst=24 latency=7 penalty=0 half=2
t=2374, issue scalar node 3360 with op max src0=189 src1=190 dst=191 latency=7 penalty=0
t=2376, issue scalar node 2962 with op add src0=12 src1=13 dst=17 latency=7 penalty=0
t=2376, issue ve node 3011 with op reduce_sum src0=75 src1=-1 dst=38 latency=12 penalty=0
t=2376, issue sfu node 3025 with op exp src0=84 src1=-1 dst=85 latency=30 rounds=6 penalty=0 borrow=1
t=2377, issue ve node 2898 with op sub src0=10 src1=246 dst=25 latency=7 penalty=0 half=2
t=2381, issue ve node 2900 with op sub src0=12 src1=246 dst=26 latency=7 penalty=0 half=2
t=2382, issue ve node 3014 with op reduce_sum src0=77 src1=-1 dst=39 latency=12 penalty=0
t=2382, issue sfu node 3028 with op exp src0=86 src1=-1 dst=87 latency=30 rounds=6 penalty=0 borrow=1
t=2383, issue store node 2897 mem=320 latency=0
t=2383, issue scalar node 2964 with op add src0=16 src1=17 dst=19 latency=7 penalty=0
t=2385, issue ve node 2902 with op sub src0=14 src1=246 dst=27 latency=7 penalty=0 half=2
t=2387, issue store node 2899 mem=321 latency=0
t=2388, issue ve node 3017 with op reduce_sum src0=79 src1=-1 dst=40 latency=12 penalty=0
t=2388, issue scalar node 3030 with op add src0=37 src1=38 dst=45 latency=7 penalty=0
t=2388, issue sfu node 3078 with op exp src0=104 src1=-1 dst=105 latency=30 rounds=6 penalty=0 borrow=1
t=2389, issue ve node 2904 with op sub src0=16 src1=246 dst=28 latency=7 penalty=0 half=2
t=2390, issue scalar node 2965 with op add src0=18 src1=19 dst=20 latency=7 penalty=0
t=2391, issue store node 2901 mem=322 latency=0
t=2393, issue ve node 2906 with op sub src0=18 src1=246 dst=29 latency=7 penalty=0 half=2
t=2394, issue ve node 3020 with op reduce_sum src0=81 src1=-1 dst=41 latency=12 penalty=0
t=2394, issue sfu node 3081 with op exp src0=106 src1=-1 dst=107 latency=30 rounds=6 penalty=0 borrow=1
t=2395, issue store node 2903 mem=323 latency=0
t=2397, issue ve node 2908 with op sub src0=20 src1=246 dst=30 latency=7 penalty=0 half=2
t=2397, issue sfu node 2966 with op ln src0=20 src1=-1 dst=21 latency=22 rounds=0 penalty=0 borrow=1
t=2399, issue store node 2905 mem=324 latency=0
t=2400, issue ve node 3023 with op reduce_sum src0=83 src1=-1 dst=42 latency=12 penalty=0
t=2400, issue scalar node 3031 with op add src0=39 src1=40 dst=46 latency=7 penalty=0
t=2400, issue sfu node 3084 with op exp src0=108 src1=-1 dst=109 latency=30 rounds=6 penalty=0 borrow=1
t=2401, issue ve node 2910 with op sub src0=22 src1=246 dst=31 latency=7 penalty=0 half=2
t=2403, issue store node 2907 mem=325 latency=0
t=2405, issue ve node 3089 with op sub src0=100 src1=67 dst=112 latency=7 penalty=0 half=2
t=2406, issue ve node 3026 with op reduce_sum src0=85 src1=-1 dst=43 latency=12 penalty=0
t=2406, issue sfu node 3087 with op exp src0=110 src1=-1 dst=111 latency=30 rounds=6 penalty=0 borrow=1
t=2407, issue store node 2909 mem=326 latency=0
t=2407, issue scalar node 3034 with op add src0=45 src1=46 dst=49 latency=7 penalty=0
t=2409, issue ve node 3092 with op sub src0=101 src1=67 dst=114 latency=7 penalty=0 half=2
t=2411, issue store node 2911 mem=327 latency=0
t=2411, issue load node 3409 gpr=0 mem=384 latency=3
t=2412, issue ve node 3029 with op reduce_sum src0=87 src1=-1 dst=44 latency=12 penalty=0
t=2412, issue scalar node 3032 with op add src0=41 src1=42 dst=47 latency=7 penalty=0
t=2412, issue load node 3411 gpr=1 mem=385 latency=3
t=2413, issue ve node 3095 with op sub src0=102 src1=67 dst=116 latency=7 penalty=0 half=2
t=2413, issue load node 3413 gpr=2 mem=386 latency=3
t=2414, issue ve node 3410 with op reduce_max src0=0 src1=-1 dst=208 latency=7 penalty=0
t=2414, issue load node 3415 gpr=3 mem=387 latency=3
t=2415, issue sfu node 3090 with op exp src0=112 src1=-1 dst=113 latency=30 rounds=6 penalty=0 borrow=1
t=2415, issue ve node 3412 with op reduce_max src0=1 src1=-1 dst=209 latency=7 penalty=0
t=2415, issue load node 3417 gpr=4 mem=388 latency=3
t=2416, issue ve node 3414 with op reduce_max src0=2 src1=-1 dst=210 latency=7 penalty=0
t=2416, issue load node 3419 gpr=5 mem=389 latency=3
t=2417, issue ve node 3098 with op sub src0=103 src1=67 dst=118 latency=7 penalty=0 half=2
t=2417, issue load node 3421 gpr=6 mem=390 latency=3
t=2418, issue ve node 3079 with op reduce_sum src0=105 src1=-1 dst=68 latency=12 penalty=0
t=2418, issue load node 3423 gpr=7 mem=391 latency=3
t=2419, issue ve node 3416 with op reduce_max src0=3 src1=-1 dst=211 latency=7 penalty=0
t=2420, issue ve node 3418 with op reduce_max src0=4 src1=-1 dst=212 latency=7 penalty=0
t=2421, issue sfu node 3093 with op exp src0=114 src1=-1 dst=115 latency=30 rounds=6 penalty=0 borrow=1
t=2421, issue ve node 3420 with op reduce_max src0=5 src1=-1 dst=213 latency=7 penalty=0
t=2422, issue ve node 3422 with op reduce_max src0=6 src1=-1 dst=214 latency=7 penalty=0
t=2422, issue scalar node 3425 with op max src0=208 src1=209 dst=216 latency=7 penalty=0
t=2423, issue ve node 2967 with op sub src0=40 src1=21 dst=56 latency=7 penalty=0 half=2
t=2424, issue scalar node 3033 with op add src0=43 src1=44 dst=48 latency=7 penalty=0
t=2424, issue ve node 3082 with op reduce_sum src0=107 src1=-1 dst=69 latency=12 penalty=0
t=2425, issue ve node 3424 with op reduce_max src0=7 src1=-1 dst=215 latency=7 penalty=0
t=2426, issue scalar node 3426 with op max src0=210 src1=211 dst=217 latency=7 penalty=0
t=2427, issue ve node 2969 with op sub src0=42 src1=21 dst=57 latency=7 penalty=0 half=2
t=2427, issue sfu node 3096 with op exp src0=116 src1=-1 dst=117 latency=30 rounds=6 penalty=0 borrow=1
t=2428, issue scalar node 3427 with op max src0=212 src1=213 dst=218 latency=7 penalty=0
t=2430, issue ve node 3085 with op reduce_sum src0=109 src1=-1 dst=70 latency=12 penalty=0
t=2431, issue ve node 2971 with op sub src0=44 src1=21 dst=58 latency=7 penalty=0 half=2
t=2431, issue scalar node 3035 with op add src0=47 src1=48 dst=50 latency=7 penalty=0
t=2432, issue scalar node 3428 with op max src0=214 src1=215 dst=219 latency=7 penalty=0
t=2433, issue store node 2968 mem=328 latency=0
t=2433, issue sfu node 3099 with op exp src0=118 src1=-1 dst=119 latency=30 rounds=6 penalty=0 borrow=1
t=2433, issue scalar node 3429 with op max src0=216 src1=217 dst=220 latency=7 penalty=0
t=2435, issue ve node 2973 with op sub src0=46 src1=21 dst=59 latency=7 penalty=0 half=2
t=2436, issue ve node 3088 with op reduce_sum src0=111 src1=-1 dst=71 latency=12 penalty=0
t=2436, issue scalar node 3101 with op add src0=68 src1=69 dst=76 latency=7 penalty=0
t=2437, issue store node 2970 mem=329 latency=0
t=2438, issue scalar node 3036 with op add src0=49 src1=50 dst=51 latency=7 penalty=0
t=2439, issue ve node 2975 with op sub src0=48 src1=21 dst=60 latency=7 penalty=0 half=2
t=2439, issue scalar node 3430 with op max src0=218 src1=219 dst=221 latency=7 penalty=0
t=2441, issue store node 2972 mem=330 latency=0
t=2443, issue ve node 2977 with op sub src0=50 src1=21 dst=61 latency=7 penalty=0 half=2
t=2445, issue store node 2974 mem=331 latency=0
t=2445, issue sfu node 3037 with op ln src0=51 src1=-1 dst=52 latency=22 rounds=0 penalty=0 borrow=1
t=2445, issue ve node 3091 with op reduce_sum src0=113 src1=-1 dst=72 latency=12 penalty=0
t=2446, issue scalar node 3431 with op max src0=220 src1=221 dst=222 latency=7 penalty=0
t=2448, issue scalar node 3102 with op add src0=70 src1=71 dst=77 latency=7 penalty=0
t=2449, issue store node 2976 mem=332 latency=0
t=2451, issue ve node 3094 with op reduce_sum src0=115 src1=-1 dst=73 latency=12 penalty=0
t=2453, issue store node 2978 mem=333 latency=0
t=2455, issue scalar node 3105 with op add src0=76 src1=77 dst=80 latency=7 penalty=0
t=2456, issue ve node 2979 with op sub src0=52 src1=21 dst=62 latency=7 penalty=0 half=0
t=2457, issue ve node 2981 with op sub src0=54 src1=21 dst=63 latency=7 penalty=0 half=0
t=2458, issue ve node 3097 with op reduce_sum src0=117 src1=-1 dst=74 latency=12 penalty=0
t=2459, issue ve node 3148 with op sub src0=128 src1=98 dst=136 latency=7 penalty=0 half=0
t=2460, issue ve node 3151 with op sub src0=129 src1=98 dst=138 latency=7 penalty=0 half=0
t=2461, issue ve node 3154 with op sub src0=130 src1=98 dst=140 latency=7 penalty=0 half=0
t=2462, issue ve node 3157 with op sub src0=131 src1=98 dst=142 latency=7 penalty=0 half=0
t=2463, issue store node 2980 mem=334 latency=0
t=2463, issue ve node 3100 with op reduce_sum src0=119 src1=-1 dst=75 latency=12 penalty=0
t=2464, issue store node 2982 mem=335 latency=0
t=2464, issue scalar node 3103 with op add src0=72 src1=73 dst=78 latency=7 penalty=0
t=2464, issue ve node 3160 with op sub src0=132 src1=98 dst=144 latency=7 penalty=0 half=0
t=2464, issue load node 3480 gpr=32 mem=392 latency=3
t=2465, issue ve node 3163 with op sub src0=133 src1=98 dst=146 latency=7 penalty=0 half=0
t=2465, issue load node 3482 gpr=33 mem=393 latency=3
t=2466, issue sfu node 3149 with op exp src0=136 src1=-1 dst=137 latency=30 rounds=6 penalty=0 borrow=1
t=2466, issue ve node 3166 with op sub src0=134 src1=98 dst=148 latency=7 penalty=0 half=0
t=2466, issue load node 3486 gpr=35 mem=395 latency=3
t=2467, issue ve node 3038 with op sub src0=72 src1=52 dst=88 latency=7 penalty=0 half=0
t=2467, issue load node 3484 gpr=34 mem=394 latency=3
t=2468, issue ve node 3040 with op sub src0=74 src1=52 dst=89 latency=7 penalty=0 half=0
t=2468, issue load node 3490 gpr=37 mem=397 latency=3
t=2469, issue ve node 3042 with op sub src0=76 src1=52 dst=90 latency=7 penalty=0 half=0
t=2469, issue load node 3488 gpr=36 mem=396 latency=3
t=2470, issue ve node 3044 with op sub src0=78 src1=52 dst=91 latency=7 penalty=0 half=0
t=2470, issue load node 3492 gpr=38 mem=398 latency=3
t=2471, issue ve node 3046 with op sub src0=80 src1=52 dst=92 latency=7 penalty=0 half=0
t=2471, issue load node 3494 gpr=39 mem=399 latency=3
t=2472, issue ve node 3048 with op sub src0=82 src1=52 dst=93 latency=7 penalty=0 half=0
t=2472, issue sfu node 3155 with op exp src0=140 src1=-1 dst=141 latency=30 rounds=6 penalty=0 borrow=1
t=2473, issue ve node 3050 with op sub src0=84 src1=52 dst=94 latency=7 penalty=0 half=0
t=2474, issue store node 3039 mem=336 latency=0
t=2474, issue ve node 3052 with op sub src0=86 src1=52 dst=95 latency=7 penalty=0 half=2
t=2475, issue store node 3041 mem=337 latency=0
t=2475, issue scalar node 3104 with op add src0=74 src1=75 dst=79 latency=7 penalty=0
t=2475, issue ve node 3485 with op reduce_max src0=34 src1=-1 dst=241 latency=7 penalty=0
t=2476, issue store node 3043 mem=338 latency=0
t=2476, issue ve node 3481 with op reduce_max src0=32 src1=-1 dst=239 latency=7 penalty=0
t=2477, issue store node 3045 mem=339 latency=0
t=2477, issue ve node 3483 with op reduce_max src0=33 src1=-1 dst=240 latency=7 penalty=0
t=2478, issue store node 3047 mem=340 latency=0
t=2478, issue sfu node 3152 with op exp src0=138 src1=-1 dst=139 latency=30 rounds=6 penalty=0 borrow=1
t=2478, issue ve node 3169 with op sub src0=135 src1=98 dst=150 latency=7 penalty=0 half=2
t=2479, issue store node 3049 mem=341 latency=0
t=2479, issue ve node 3487 with op reduce_max src0=35 src1=-1 dst=242 latency=7 penalty=0
t=2480, issue store node 3051 mem=342 latency=0
t=2480, issue ve node 3489 with op reduce_max src0=36 src1=-1 dst=243 latency=7 penalty=0
t=2481, issue ve node 3491 with op reduce_max src0=37 src1=-1 dst=244 latency=7 penalty=0
t=2482, issue scalar node 3106 with op add src0=78 src1=79 dst=81 latency=7 penalty=0
t=2482, issue ve node 3219 with op sub src0=160 src1=129 dst=168 latency=7 penalty=0 half=2
t=2483, issue ve node 3493 with op reduce_max src0=38 src1=-1 dst=245 latency=7 penalty=0
t=2484, issue store node 3053 mem=343 latency=0
t=2484, issue sfu node 3158 with op exp src0=142 src1=-1 dst=143 latency=30 rounds=6 penalty=0 borrow=1
t=2484, issue scalar node 3496 with op max src0=239 src1=240 dst=247 latency=7 penalty=0
t=2484, issue load node 3551 gpr=64 mem=400 latency=3
t=2485, issue ve node 3495 with op reduce_max src0=39 src1=-1 dst=246 latency=7 penalty=0
t=2485, issue load node 3553 gpr=65 mem=401 latency=3
t=2486, issue ve node 3222 with op sub src0=161 src1=129 dst=170 latency=7 penalty=0 half=2
t=2486, issue load node 3555 gpr=66 mem=402 latency=3
t=2487, issue scalar node 3497 with op max src0=241 src1=242 dst=248 latency=7 penalty=0
t=2487, issue ve node 3552 with op reduce_max src0=64 src1=-1 dst=14 latency=7 penalty=0
t=2487, issue load node 3557 gpr=67 mem=403 latency=3
t=2488, issue scalar node 3498 with op max src0=243 src1=244 dst=249 latency=7 penalty=0
t=2488, issue ve node 3554 with op reduce_max src0=65 src1=-1 dst=15 latency=7 penalty=0
t=2488, issue load node 3559 gpr=68 mem=404 latency=3
t=2489, issue scalar node 3107 with op add src0=80 src1=81 dst=82 latency=7 penalty=0
t=2489, issue ve node 3556 with op reduce_max src0=66 src1=-1 dst=16 latency=7 penalty=0
t=2489, issue load node 3561 gpr=69 mem=405 latency=3
t=2490, issue sfu node 3161 with op exp src0=144 src1=-1 dst=145 latency=30 rounds=6 penalty=0 borrow=1
t=2490, issue ve node 3225 with op sub src0=162 src1=129 dst=172 latency=7 penalty=0 half=2
t=2490, issue load node 3563 gpr=70 mem=406 latency=3
t=2491, issue ve node 3558 with op reduce_max src0=67 src1=-1 dst=17 latency=7 penalty=0
t=2491, issue load node 3565 gpr=71 mem=407 latency=3
t=2492, issue scalar node 3499 with op max src0=245 src1=246 dst=250 latency=7 penalty=0
t=2492, issue ve node 3562 with op reduce_max src0=69 src1=-1 dst=19 latency=7 penalty=0
t=2493, issue ve node 3560 with op reduce_max src0=68 src1=-1 dst=18 latency=7 penalty=0
t=2494, issue ve node 3228 with op sub src0=163 src1=129 dst=174 latency=7 penalty=0 half=2
t=2494, issue scalar node 3500 with op max src0=247 src1=248 dst=251 latency=7 penalty=0
t=2495, issue ve node 3564 with op reduce_max src0=70 src1=-1 dst=20 latency=7 penalty=0
t=2495, issue scalar node 3567 with op max src0=14 src1=15 dst=22 latency=7 penalty=0
t=2496, issue sfu node 3108 with op ln src0=82 src1=-1 dst=83 latency=22 rounds=0 penalty=0 borrow=1
t=2496, issue ve node 3150 with op reduce_sum src0=137 src1=-1 dst=99 latency=12 penalty=0
t=2497, issue sfu node 3164 with op exp src0=146 src1=-1 dst=147 latency=30 rounds=6 penalty=0 borrow=1
t=2497, issue ve node 3566 with op reduce_max src0=71 src1=-1 dst=21 latency=7 penalty=0
t=2498, issue ve node 3231 with op sub src0=164 src1=129 dst=176 latency=7 penalty=0 half=2
t=2499, issue scalar node 3501 with op max src0=249 src1=250 dst=252 latency=7 penalty=0
t=2500, issue scalar node 3568 with op max src0=16 src1=17 dst=23 latency=7 penalty=0
t=2501, issue scalar node 3569 with op max src0=18 src1=19 dst=24 latency=7 penalty=0
t=2502, issue ve node 3156 with op reduce_sum src0=141 src1=-1 dst=101 latency=12 penalty=0
t=2503, issue sfu node 3167 with op exp src0=148 src1=-1 dst=149 latency=30 rounds=6 penalty=0 borrow=1
t=2503, issue ve node 3234 with op sub src0=165 src1=129 dst=178 latency=7 penalty=0 half=2
t=2504, issue scalar node 3570 with op max src0=20 src1=21 dst=25 latency=7 penalty=0
t=2506, issue scalar node 3502 with op max src0=251 src1=252 dst=253 latency=7 penalty=0
t=2507, issue ve node 3237 with op sub src0=166 src1=129 dst=180 latency=7 penalty=0 half=2
t=2507, issue scalar node 3571 with op max src0=22 src1=23 dst=26 latency=7 penalty=0
t=2508, issue ve node 3153 with op reduce_sum src0=139 src1=-1 dst=100 latency=12 penalty=0
t=2509, issue sfu node 3170 with op exp src0=150 src1=-1 dst=151 latency=30 rounds=6 penalty=0 borrow=1
t=2511, issue ve node 3240 with op sub src0=167 src1=129 dst=182 latency=7 penalty=0 half=2
t=2512, issue scalar node 3572 with op max src0=24 src1=25 dst=27 latency=7 penalty=0
t=2514, issue ve node 3159 with op reduce_sum src0=143 src1=-1 dst=102 latency=12 penalty=0
t=2515, issue sfu node 3220 with op exp src0=168 src1=-1 dst=169 latency=30 rounds=6 penalty=0 borrow=1
t=2515, issue ve node 3293 with op sub src0=193 src1=160 dst=202 latency=7 penalty=0 half=2
t=2519, issue ve node 3109 with op sub src0=104 src1=83 dst=120 latency=7 penalty=0 half=2
t=2520, issue ve node 3162 with op reduce_sum src0=145 src1=-1 dst=103 latency=12 penalty=0
t=2520, issue scalar node 3172 with op add src0=99 src1=100 dst=107 latency=7 penalty=0
t=2521, issue sfu node 3223 with op exp src0=170 src1=-1 dst=171 latency=30 rounds=6 penalty=0 borrow=1
t=2521, issue scalar node 3573 with op max src0=26 src1=27 dst=28 latency=7 penalty=0
t=2523, issue ve node 3113 with op sub src0=108 src1=83 dst=122 latency=7 penalty=0 half=2
t=2526, issue scalar node 3173 with op add src0=101 src1=102 dst=108 latency=7 penalty=0
t=2527, issue ve node 3111 with op sub src0=106 src1=83 dst=121 latency=7 penalty=0 half=2
t=2527, issue sfu node 3226 with op exp src0=172 src1=-1 dst=173 latency=30 rounds=6 penalty=0 borrow=1
t=2528, issue ve node 3165 with op reduce_sum src0=147 src1=-1 dst=104 latency=12 penalty=0
t=2529, issue store node 3110 mem=344 latency=0
t=2531, issue ve node 3115 with op sub src0=110 src1=83 dst=123 latency=7 penalty=0 half=2
t=2533, issue store node 3114 mem=346 latency=0
t=2533, issue ve node 3168 with op reduce_sum src0=149 src1=-1 dst=105 latency=12 penalty=0
t=2533, issue scalar node 3176 with op add src0=107 src1=108 dst=111 latency=7 penalty=0
t=2533, issue sfu node 3232 with op exp src0=176 src1=-1 dst=177 latency=30 rounds=6 penalty=0 borrow=1
t=2535, issue ve node 3117 with op sub src0=112 src1=83 dst=124 latency=7 penalty=0 half=2
t=2537, issue store node 3112 mem=345 latency=0
t=2539, issue ve node 3119 with op sub src0=114 src1=83 dst=125 latency=7 penalty=0 half=2
t=2539, issue sfu node 3238 with op exp src0=180 src1=-1 dst=181 latency=30 rounds=6 penalty=0 borrow=1
t=2540, issue ve node 3171 with op reduce_sum src0=151 src1=-1 dst=106 latency=12 penalty=0
t=2540, issue scalar node 3174 with op add src0=103 src1=104 dst=109 latency=7 penalty=0
t=2541, issue store node 3116 mem=347 latency=0
t=2543, issue ve node 3121 with op sub src0=116 src1=83 dst=126 latency=7 penalty=0 half=2
t=2545, issue store node 3118 mem=348 latency=0
t=2545, issue ve node 3221 with op reduce_sum src0=169 src1=-1 dst=130 latency=12 penalty=0
t=2545, issue sfu node 3229 with op exp src0=174 src1=-1 dst=175 latency=30 rounds=6 penalty=0 borrow=1
t=2547, issue ve node 3123 with op sub src0=118 src1=83 dst=127 latency=7 penalty=0 half=2
t=2549, issue store node 3120 mem=349 latency=0
t=2551, issue ve node 3224 with op reduce_sum src0=171 src1=-1 dst=131 latency=12 penalty=0
t=2551, issue sfu node 3235 with op exp src0=178 src1=-1 dst=179 latency=30 rounds=6 penalty=0 borrow=1
t=2552, issue scalar node 3175 with op add src0=105 src1=106 dst=110 latency=7 penalty=0
t=2552, issue ve node 3290 with op sub src0=192 src1=160 dst=200 latency=7 penalty=0 half=2
t=2553, issue store node 3122 mem=350 latency=0
t=2556, issue ve node 3296 with op sub src0=194 src1=160 dst=204 latency=7 penalty=0 half=2
t=2557, issue store node 3124 mem=351 latency=0
t=2557, issue ve node 3227 with op reduce_sum src0=173 src1=-1 dst=132 latency=12 penalty=0
t=2557, issue sfu node 3241 with op exp src0=182 src1=-1 dst=183 latency=30 rounds=6 penalty=0 borrow=1
t=2557, issue load node 3622 gpr=96 mem=408 latency=3
t=2558, issue load node 3624 gpr=97 mem=409 latency=3
t=2559, issue scalar node 3177 with op add src0=109 src1=110 dst=112 latency=7 penalty=0
t=2559, issue load node 3626 gpr=98 mem=410 latency=3
t=2560, issue ve node 3299 with op sub src0=195 src1=160 dst=206 latency=7 penalty=0 half=2
t=2560, issue load node 3628 gpr=99 mem=411 latency=3
t=2561, issue ve node 3623 with op reduce_max src0=96 src1=-1 dst=45 latency=7 penalty=0
t=2561, issue load node 3630 gpr=100 mem=412 latency=3
t=2562, issue ve node 3625 with op reduce_max src0=97 src1=-1 dst=46 latency=7 penalty=0
t=2562, issue load node 3632 gpr=101 mem=413 latency=3
t=2563, issue ve node 3233 with op reduce_sum src0=177 src1=-1 dst=134 latency=12 penalty=0
t=2563, issue scalar node 3243 with op add src0=130 src1=131 dst=138 latency=7 penalty=0
t=2563, issue sfu node 3291 with op exp src0=200 src1=-1 dst=201 latency=30 rounds=6 penalty=0 borrow=1
t=2563, issue load node 3634 gpr=102 mem=414 latency=3
t=2564, issue ve node 3302 with op sub src0=196 src1=160 dst=208 latency=7 penalty=0 half=2
t=2564, issue load node 3636 gpr=103 mem=415 latency=3
t=2565, issue ve node 3627 with op reduce_max src0=98 src1=-1 dst=47 latency=7 penalty=0
t=2566, issue scalar node 3178 with op add src0=111 src1=112 dst=113 latency=7 penalty=0
t=2566, issue ve node 3629 with op reduce_max src0=99 src1=-1 dst=48 latency=7 penalty=0
t=2567, issue ve node 3631 with op reduce_max src0=100 src1=-1 dst=49 latency=7 penalty=0
t=2568, issue ve node 3305 with op sub src0=197 src1=160 dst=210 latency=7 penalty=0 half=2
t=2569, issue ve node 3239 with op reduce_sum src0=181 src1=-1 dst=136 latency=12 penalty=0
t=2569, issue sfu node 3294 with op exp src0=202 src1=-1 dst=203 latency=30 rounds=6 penalty=0 borrow=1
t=2569, issue scalar node 3638 with op max src0=45 src1=46 dst=53 latency=7 penalty=0
t=2570, issue ve node 3633 with op reduce_max src0=101 src1=-1 dst=50 latency=7 penalty=0
t=2571, issue ve node 3635 with op reduce_max src0=102 src1=-1 dst=51 latency=7 penalty=0
t=2572, issue ve node 3308 with op sub src0=198 src1=160 dst=212 latency=7 penalty=0 half=2
t=2573, issue sfu node 3179 with op ln src0=113 src1=-1 dst=114 latency=22 rounds=0 penalty=0 borrow=1
t=2573, issue ve node 3637 with op reduce_max src0=103 src1=-1 dst=52 latency=7 penalty=0
t=2573, issue scalar node 3639 with op max src0=47 src1=48 dst=54 latency=7 penalty=0
t=2575, issue ve node 3230 with op reduce_sum src0=175 src1=-1 dst=133 latency=12 penalty=0
t=2575, issue sfu node 3297 with op exp src0=204 src1=-1 dst=205 latency=30 rounds=6 penalty=0 borrow=1
t=2576, issue ve node 3311 with op sub src0=199 src1=160 dst=214 latency=7 penalty=0 half=2
t=2577, issue scalar node 3640 with op max src0=49 src1=50 dst=55 latency=7 penalty=0
t=2580, issue ve node 3361 with op sub src0=224 src1=191 dst=232 latency=7 penalty=0 half=2
t=2581, issue ve node 3236 with op reduce_sum src0=179 src1=-1 dst=135 latency=12 penalty=0
t=2581, issue sfu node 3300 with op exp src0=206 src1=-1 dst=207 latency=30 rounds=6 penalty=0 borrow=1
t=2581, issue scalar node 3641 with op max src0=51 src1=52 dst=56 latency=7 penalty=0
t=2582, issue scalar node 3642 with op max src0=53 src1=54 dst=57 latency=7 penalty=0
t=2584, issue ve node 3364 with op sub src0=225 src1=191 dst=234 latency=7 penalty=0 half=2
t=2587, issue ve node 3242 with op reduce_sum src0=183 src1=-1 dst=137 latency=12 penalty=0
t=2587, issue scalar node 3244 with op add src0=132 src1=133 dst=139 latency=7 penalty=0
t=2587, issue sfu node 3303 with op exp src0=208 src1=-1 dst=209 latency=30 rounds=6 penalty=0 borrow=1
t=2588, issue ve node 3367 with op sub src0=226 src1=191 dst=236 latency=7 penalty=0 half=2
t=2589, issue scalar node 3643 with op max src0=55 src1=56 dst=58 latency=7 penalty=0
t=2592, issue ve node 3370 with op sub src0=227 src1=191 dst=238 latency=7 penalty=0 half=2
t=2593, issue scalar node 3245 with op add src0=134 src1=135 dst=140 latency=7 penalty=0
t=2593, issue ve node 3292 with op reduce_sum src0=201 src1=-1 dst=161 latency=12 penalty=0
t=2593, issue sfu node 3306 with op exp src0=210 src1=-1 dst=211 latency=30 rounds=6 penalty=0 borrow=1
t=2594, issue scalar node 3247 with op add src0=138 src1=139 dst=142 latency=7 penalty=0
t=2596, issue ve node 3180 with op sub src0=136 src1=114 dst=152 latency=7 penalty=0 half=2
t=2597, issue scalar node 3644 with op max src0=57 src1=58 dst=59 latency=7 penalty=0
t=2599, issue scalar node 3246 with op add src0=136 src1=137 dst=141 latency=7 penalty=0
t=2599, issue ve node 3295 with op reduce_sum src0=203 src1=-1 dst=162 latency=12 penalty=0
t=2599, issue sfu node 3309 with op exp src0=212 src1=-1 dst=213 latency=30 rounds=6 penalty=0 borrow=1
t=2600, issue ve node 3182 with op sub src0=138 src1=114 dst=153 latency=7 penalty=0 half=2
t=2604, issue ve node 3184 with op sub src0=140 src1=114 dst=154 latency=7 penalty=0 half=2
t=2605, issue ve node 3298 with op reduce_sum src0=205 src1=-1 dst=163 latency=12 penalty=0
t=2605, issue sfu node 3312 with op exp src0=214 src1=-1 dst=215 latency=30 rounds=6 penalty=0 borrow=1
t=2606, issue store node 3181 mem=352 latency=0
t=2606, issue scalar node 3248 with op add src0=140 src1=141 dst=143 latency=7 penalty=0
t=2608, issue ve node 3186 with op sub src0=142 src1=114 dst=155 latency=7 penalty=0 half=2
t=2610, issue store node 3183 mem=353 latency=0
t=2611, issue ve node 3301 with op reduce_sum src0=207 src1=-1 dst=164 latency=12 penalty=0
t=2611, issue scalar node 3314 with op add src0=161 src1=162 dst=169 latency=7 penalty=0
t=2611, issue sfu node 3362 with op exp src0=232 src1=-1 dst=233 latency=30 rounds=6 penalty=0 borrow=1
t=2612, issue ve node 3188 with op sub src0=144 src1=114 dst=156 latency=7 penalty=0 half=2
t=2613, issue scalar node 3249 with op add src0=142 src1=143 dst=144 latency=7 penalty=0
t=2614, issue store node 3185 mem=354 latency=0
t=2616, issue ve node 3190 with op sub src0=146 src1=114 dst=157 latency=7 penalty=0 half=2
t=2617, issue ve node 3304 with op reduce_sum src0=209 src1=-1 dst=165 latency=12 penalty=0
t=2617, issue sfu node 3365 with op exp src0=234 src1=-1 dst=235 latency=30 rounds=6 penalty=0 borrow=1
t=2618, issue store node 3187 mem=355 latency=0
t=2620, issue ve node 3192 with op sub src0=148 src1=114 dst=158 latency=7 penalty=0 half=2
t=2620, issue sfu node 3250 with op ln src0=144 src1=-1 dst=145 latency=22 rounds=0 penalty=0 borrow=1
t=2622, issue store node 3189 mem=356 latency=0
t=2623, issue ve node 3307 with op reduce_sum src0=211 src1=-1 dst=166 latency=12 penalty=0
t=2623, issue scalar node 3315 with op add src0=163 src1=164 dst=170 latency=7 penalty=0
t=2623, issue sfu node 3368 with op exp src0=236 src1=-1 dst=237 latency=30 rounds=6 penalty=0 borrow=1
t=2624, issue ve node 3194 with op sub src0=150 src1=114 dst=159 latency=7 penalty=0 half=2
t=2626, issue store node 3191 mem=357 latency=0
t=2628, issue ve node 3373 with op sub src0=228 src1=191 dst=240 latency=7 penalty=0 half=2
t=2629, issue ve node 3310 with op reduce_sum src0=213 src1=-1 dst=167 latency=12 penalty=0
t=2629, issue sfu node 3371 with op exp src0=238 src1=-1 dst=239 latency=30 rounds=6 penalty=0 borrow=1
t=2630, issue store node 3193 mem=358 latency=0
t=2630, issue scalar node 3318 with op add src0=169 src1=170 dst=173 latency=7 penalty=0
t=2632, issue ve node 3376 with op sub src0=229 src1=191 dst=242 latency=7 penalty=0 half=2
t=2634, issue store node 3195 mem=359 latency=0
t=2634, issue load node 3693 gpr=128 mem=416 latency=3
t=2635, issue ve node 3313 with op reduce_sum src0=215 src1=-1 dst=168 latency=12 penalty=0
t=2635, issue scalar node 3316 with op add src0=165 src1=166 dst=171 latency=7 penalty=0
t=2635, issue load node 3695 gpr=129 mem=417 latency=3
t=2636, issue ve node 3379 with op sub src0=230 src1=191 dst=244 latency=7 penalty=0 half=2
t=2636, issue load node 3697 gpr=130 mem=418 latency=3
t=2637, issue ve node 3694 with op reduce_max src0=128 src1=-1 dst=76 latency=7 penalty=0
t=2637, issue load node 3699 gpr=131 mem=419 latency=3
t=2638, issue sfu node 3374 with op exp src0=240 src1=-1 dst=241 latency=30 rounds=6 penalty=0 borrow=1
t=2638, issue ve node 3696 with op reduce_max src0=129 src1=-1 dst=77 latency=7 penalty=0
t=2638, issue load node 3701 gpr=132 mem=420 latency=3
t=2639, issue ve node 3698 with op reduce_max src0=130 src1=-1 dst=78 latency=7 penalty=0
t=2639, issue load node 3703 gpr=133 mem=421 latency=3
t=2640, issue ve node 3382 with op sub src0=231 src1=191 dst=246 latency=7 penalty=0 half=2
t=2640, issue load node 3705 gpr=134 mem=422 latency=3
t=2641, issue ve node 3363 with op reduce_sum src0=233 src1=-1 dst=192 latency=12 penalty=0
t=2641, issue load node 3707 gpr=135 mem=423 latency=3
t=2642, issue ve node 3700 with op reduce_max src0=131 src1=-1 dst=79 latency=7 penalty=0
t=2643, issue ve node 3702 with op reduce_max src0=132 src1=-1 dst=80 latency=7 penalty=0
t=2644, issue sfu node 3377 with op exp src0=242 src1=-1 dst=243 latency=30 rounds=6 penalty=0 borrow=1
t=2644, issue ve node 3704 with op reduce_max src0=133 src1=-1 dst=81 latency=7 penalty=0
t=2645, issue ve node 3706 with op reduce_max src0=134 src1=-1 dst=82 latency=7 penalty=0
t=2645, issue scalar node 3709 with op max src0=76 src1=77 dst=84 latency=7 penalty=0
t=2646, issue ve node 3251 with op sub src0=168 src1=145 dst=184 latency=7 penalty=0 half=2
t=2647, issue scalar node 3317 with op add src0=167 src1=168 dst=172 latency=7 penalty=0
t=2647, issue ve node 3366 with op reduce_sum src0=235 src1=-1 dst=193 latency=12 penalty=0
t=2648, issue ve node 3708 with op reduce_max src0=135 src1=-1 dst=83 latency=7 penalty=0
t=2649, issue scalar node 3710 with op max src0=78 src1=79 dst=85 latency=7 penalty=0
t=2650, issue ve node 3253 with op sub src0=170 src1=145 dst=185 latency=7 penalty=0 half=2
t=2650, issue sfu node 3380 with op exp src0=244 src1=-1 dst=245 latency=30 rounds=6 penalty=0 borrow=1
t=2651, issue scalar node 3711 with op max src0=80 src1=81 dst=86 latency=7 penalty=0
t=2653, issue ve node 3369 with op reduce_sum src0=237 src1=-1 dst=194 latency=12 penalty=0
t=2654, issue ve node 3255 with op sub src0=172 src1=145 dst=186 latency=7 penalty=0 half=2
t=2654, issue scalar node 3319 with op add src0=171 src1=172 dst=174 latency=7 penalty=0
t=2655, issue scalar node 3712 with op max src0=82 src1=83 dst=87 latency=7 penalty=0
t=2656, issue store node 3252 mem=360 latency=0
t=2656, issue sfu node 3383 with op exp src0=246 src1=-1 dst=247 latency=30 rounds=6 penalty=0 borrow=1
t=2656, issue scalar node 3713 with op max src0=84 src1=85 dst=88 latency=7 penalty=0
t=2658, issue ve node 3257 with op sub src0=174 src1=145 dst=187 latency=7 penalty=0 half=2
t=2659, issue ve node 3372 with op reduce_sum src0=239 src1=-1 dst=195 latency=12 penalty=0
t=2659, issue scalar node 3385 with op add src0=192 src1=193 dst=200 latency=7 penalty=0
t=2660, issue store node 3254 mem=361 latency=0
t=2661, issue scalar node 3320 with op add src0=173 src1=174 dst=175 latency=7 penalty=0
t=2662, issue ve node 3259 with op sub src0=176 src1=145 dst=188 latency=7 penalty=0 half=2
t=2662, issue scalar node 3714 with op max src0=86 src1=87 dst=89 latency=7 penalty=0
t=2664, issue store node 3256 mem=362 latency=0
t=2666, issue ve node 3261 with op sub src0=178 src1=145 dst=189 latency=7 penalty=0 half=2
t=2668, issue store node 3258 mem=363 latency=0
t=2668, issue sfu node 3321 with op ln src0=175 src1=-1 dst=176 latency=22 rounds=0 penalty=0 borrow=1
t=2668, issue ve node 3375 with op reduce_sum src0=241 src1=-1 dst=196 latency=12 penalty=0
t=2669, issue scalar node 3715 with op max src0=88 src1=89 dst=90 latency=7 penalty=0
t=2671, issue scalar node 3386 with op add src0=194 src1=195 dst=201 latency=7 penalty=0
t=2672, issue store node 3260 mem=364 latency=0
t=2674, issue ve node 3378 with op reduce_sum src0=243 src1=-1 dst=197 latency=12 penalty=0
t=2676, issue store node 3262 mem=365 latency=0
t=2678, issue scalar node 3389 with op add src0=200 src1=201 dst=204 latency=7 penalty=0
t=2679, issue ve node 3263 with op sub src0=180 src1=145 dst=190 latency=7 penalty=0 half=0
t=2680, issue ve node 3265 with op sub src0=182 src1=145 dst=191 latency=7 penalty=0 half=0
t=2681, issue ve node 3381 with op reduce_sum src0=245 src1=-1 dst=198 latency=12 penalty=0
t=2682, issue ve node 3432 with op sub src0=0 src1=222 dst=8 latency=7 penalty=0 half=0
t=2683, issue ve node 3435 with op sub src0=1 src1=222 dst=10 latency=7 penalty=0 half=0
t=2684, issue ve node 3438 with op sub src0=2 src1=222 dst=12 latency=7 penalty=0 half=0
t=2685, issue ve node 3441 with op sub src0=3 src1=222 dst=14 latency=7 penalty=0 half=0
t=2686, issue store node 3264 mem=366 latency=0
t=2686, issue ve node 3384 with op reduce_sum src0=247 src1=-1 dst=199 latency=12 penalty=0
t=2687, issue store node 3266 mem=367 latency=0
t=2687, issue scalar node 3387 with op add src0=196 src1=197 dst=202 latency=7 penalty=0
t=2687, issue ve node 3444 with op sub src0=4 src1=222 dst=16 latency=7 penalty=0 half=0
t=2687, issue load node 3764 gpr=160 mem=424 latency=3
t=2688, issue ve node 3447 with op sub src0=5 src1=222 dst=18 latency=7 penalty=0 half=0
t=2688, issue load node 3766 gpr=161 mem=425 latency=3
t=2689, issue sfu node 3433 with op exp src0=8 src1=-1 dst=9 latency=30 rounds=6 penalty=0 borrow=1
t=2689, issue ve node 3450 with op sub src0=6 src1=222 dst=20 latency=7 penalty=0 half=0
t=2689, issue load node 3770 gpr=163 mem=427 latency=3
t=2690, issue ve node 3322 with op sub src0=200 src1=176 dst=216 latency=7 penalty=0 half=0
t=2690, issue load node 3768 gpr=162 mem=426 latency=3
t=2691, issue ve node 3324 with op sub src0=202 src1=176 dst=217 latency=7 penalty=0 half=0
t=2691, issue load node 3774 gpr=165 mem=429 latency=3
t=2692, issue ve node 3326 with op sub src0=204 src1=176 dst=218 latency=7 penalty=0 half=0
t=2692, issue load node 3772 gpr=164 mem=428 latency=3
t=2693, issue ve node 3328 with op sub src0=206 src1=176 dst=219 latency=7 penalty=0 half=0
t=2693, issue load node 3776 gpr=166 mem=430 latency=3
t=2694, issue ve node 3330 with op sub src0=208 src1=176 dst=220 latency=7 penalty=0 half=0
t=2694, issue load node 3778 gpr=167 mem=431 latency=3
t=2695, issue ve node 3332 with op sub src0=210 src1=176 dst=221 latency=7 penalty=0 half=0
t=2695, issue sfu node 3439 with op exp src0=12 src1=-1 dst=13 latency=30 rounds=6 penalty=0 borrow=1
t=2696, issue ve node 3334 with op sub src0=212 src1=176 dst=222 latency=7 penalty=0 half=0
t=2697, issue store node 3323 mem=368 latency=0
t=2697, issue ve node 3336 with op sub src0=214 src1=176 dst=223 latency=7 penalty=0 half=2
t=2698, issue store node 3325 mem=369 latency=0
t=2698, issue scalar node 3388 with op add src0=198 src1=199 dst=203 latency=7 penalty=0
t=2698, issue ve node 3769 with op reduce_max src0=162 src1=-1 dst=109 latency=7 penalty=0
t=2699, issue store node 3327 mem=370 latency=0
t=2699, issue ve node 3765 with op reduce_max src0=160 src1=-1 dst=107 latency=7 penalty=0
t=2700, issue store node 3329 mem=371 latency=0
t=2700, issue ve node 3767 with op reduce_max src0=161 src1=-1 dst=108 latency=7 penalty=0
t=2701, issue store node 3331 mem=372 latency=0
t=2701, issue sfu node 3436 with op exp src0=10 src1=-1 dst=11 latency=30 rounds=6 penalty=0 borrow=1
t=2701, issue ve node 3453 with op sub src0=7 src1=222 dst=22 latency=7 penalty=0 half=2
t=2702, issue store node 3333 mem=373 latency=0
t=2702, issue ve node 3771 with op reduce_max src0=163 src1=-1 dst=110 latency=7 penalty=0
t=2703, issue store node 3335 mem=374 latency=0
t=2703, issue ve node 3773 with op reduce_max src0=164 src1=-1 dst=111 latency=7 penalty=0
t=2704, issue ve node 3775 with op reduce_max src0=165 src1=-1 dst=112 latency=7 penalty=0
t=2705, issue scalar node 3390 with op add src0=202 src1=203 dst=205 latency=7 penalty=0
t=2705, issue ve node 3503 with op sub src0=32 src1=253 dst=40 latency=7 penalty=0 half=2
t=2706, issue ve node 3777 with op reduce_max src0=166 src1=-1 dst=113 latency=7 penalty=0
t=2707, issue store node 3337 mem=375 latency=0
t=2707, issue sfu node 3442 with op exp src0=14 src1=-1 dst=15 latency=30 rounds=6 penalty=0 borrow=1
t=2707, issue scalar node 3780 with op max src0=107 src1=108 dst=115 latency=7 penalty=0
t=2707, issue load node 3835 gpr=192 mem=432 latency=3
t=2708, issue ve node 3779 with op reduce_max src0=167 src1=-1 dst=114 latency=7 penalty=0
t=2708, issue load node 3837 gpr=193 mem=433 latency=3
t=2709, issue ve node 3506 with op sub src0=33 src1=253 dst=42 latency=7 penalty=0 half=2
t=2709, issue load node 3839 gpr=194 mem=434 latency=3
t=2710, issue scalar node 3781 with op max src0=109 src1=110 dst=116 latency=7 penalty=0
t=2710, issue ve node 3836 with op reduce_max src0=192 src1=-1 dst=138 latency=7 penalty=0
t=2710, issue load node 3841 gpr=195 mem=435 latency=3
t=2711, issue scalar node 3782 with op max src0=111 src1=112 dst=117 latency=7 penalty=0
t=2711, issue ve node 3838 with op reduce_max src0=193 src1=-1 dst=139 latency=7 penalty=0
t=2711, issue load node 3843 gpr=196 mem=436 latency=3
t=2712, issue scalar node 3391 with op add src0=204 src1=205 dst=206 latency=7 penalty=0
t=2712, issue ve node 3840 with op reduce_max src0=194 src1=-1 dst=140 latency=7 penalty=0
t=2712, issue load node 3845 gpr=197 mem=437 latency=3
t=2713, issue sfu node 3445 with op exp src0=16 src1=-1 dst=17 latency=30 rounds=6 penalty=0 borrow=1
t=2713, issue ve node 3509 with op sub src0=34 src1=253 dst=44 latency=7 penalty=0 half=2
t=2713, issue load node 3847 gpr=198 mem=438 latency=3
t=2714, issue ve node 3842 with op reduce_max src0=195 src1=-1 dst=141 latency=7 penalty=0
t=2714, issue load node 3849 gpr=199 mem=439 latency=3
t=2715, issue scalar node 3783 with op max src0=113 src1=114 dst=118 latency=7 penalty=0
t=2715, issue ve node 3846 with op reduce_max src0=197 src1=-1 dst=143 latency=7 penalty=0
t=2716, issue ve node 3844 with op reduce_max src0=196 src1=-1 dst=142 latency=7 penalty=0
t=2717, issue ve node 3512 with op sub src0=35 src1=253 dst=46 latency=7 penalty=0 half=2
t=2717, issue scalar node 3784 with op max src0=115 src1=116 dst=119 latency=7 penalty=0
t=2718, issue ve node 3848 with op reduce_max src0=198 src1=-1 dst=144 latency=7 penalty=0
t=2718, issue scalar node 3851 with op max src0=138 src1=139 dst=146 latency=7 penalty=0
t=2719, issue sfu node 3392 with op ln src0=206 src1=-1 dst=207 latency=22 rounds=0 penalty=0 borrow=1
t=2719, issue ve node 3434 with op reduce_sum src0=9 src1=-1 dst=223 latency=12 penalty=0
t=2720, issue sfu node 3448 with op exp src0=18 src1=-1 dst=19 latency=30 rounds=6 penalty=0 borrow=1
t=2720, issue ve node 3850 with op reduce_max src0=199 src1=-1 dst=145 latency=7 penalty=0
t=2721, issue ve node 3515 with op sub src0=36 src1=253 dst=48 latency=7 penalty=0 half=2
t=2722, issue scalar node 3785 with op max src0=117 src1=118 dst=120 latency=7 penalty=0
t=2723, issue scalar node 3852 with op max src0=140 src1=141 dst=147 latency=7 penalty=0
t=2724, issue scalar node 3853 with op max src0=142 src1=143 dst=148 latency=7 penalty=0
t=2725, issue ve node 3440 with op reduce_sum src0=13 src1=-1 dst=225 latency=12 penalty=0
t=2726, issue sfu node 3451 with op exp src0=20 src1=-1 dst=21 latency=30 rounds=6 penalty=0 borrow=1
t=2726, issue ve node 3518 with op sub src0=37 src1=253 dst=50 latency=7 penalty=0 half=2
t=2727, issue scalar node 3854 with op max src0=144 src1=145 dst=149 latency=7 penalty=0
t=2729, issue scalar node 3786 with op max src0=119 src1=120 dst=121 latency=7 penalty=0
t=2730, issue ve node 3521 with op sub src0=38 src1=253 dst=52 latency=7 penalty=0 half=2
t=2730, issue scalar node 3855 with op max src0=146 src1=147 dst=150 latency=7 penalty=0
t=2731, issue ve node 3437 with op reduce_sum src0=11 src1=-1 dst=224 latency=12 penalty=0
t=2732, issue sfu node 3454 with op exp src0=22 src1=-1 dst=23 latency=30 rounds=6 penalty=0 borrow=1
t=2734, issue ve node 3524 with op sub src0=39 src1=253 dst=54 latency=7 penalty=0 half=2
t=2735, issue scalar node 3856 with op max src0=148 src1=149 dst=151 latency=7 penalty=0
t=2737, issue ve node 3443 with op reduce_sum src0=15 src1=-1 dst=226 latency=12 penalty=0
t=2738, issue sfu node 3504 with op exp src0=40 src1=-1 dst=41 latency=30 rounds=6 penalty=0 borrow=1
t=2738, issue ve node 3577 with op sub src0=65 src1=28 dst=74 latency=7 penalty=0 half=2
t=2742, issue ve node 3393 with op sub src0=232 src1=207 dst=248 latency=7 penalty=0 half=2
t=2743, issue ve node 3446 with op reduce_sum src0=17 src1=-1 dst=227 latency=12 penalty=0
t=2743, issue scalar node 3456 with op add src0=223 src1=224 dst=231 latency=7 penalty=0
t=2744, issue sfu node 3507 with op exp src0=42 src1=-1 dst=43 latency=30 rounds=6 penalty=0 borrow=1
t=2744, issue scalar node 3857 with op max src0=150 src1=151 dst=152 latency=7 penalty=0
t=2746, issue ve node 3397 with op sub src0=236 src1=207 dst=250 latency=7 penalty=0 half=2
t=2749, issue scalar node 3457 with op add src0=225 src1=226 dst=232 latency=7 penalty=0
t=2750, issue ve node 3395 with op sub src0=234 src1=207 dst=249 latency=7 penalty=0 half=2
t=2750, issue sfu node 3510 with op exp src0=44 src1=-1 dst=45 latency=30 rounds=6 penalty=0 borrow=1
t=2751, issue ve node 3449 with op reduce_sum src0=19 src1=-1 dst=228 latency=12 penalty=0
t=2752, issue store node 3394 mem=376 latency=0
t=2754, issue ve node 3399 with op sub src0=238 src1=207 dst=251 latency=7 penalty=0 half=2
t=2756, issue store node 3398 mem=378 latency=0
t=2756, issue ve node 3452 with op reduce_sum src0=21 src1=-1 dst=229 latency=12 penalty=0
t=2756, issue scalar node 3460 with op add src0=231 src1=232 dst=235 latency=7 penalty=0
t=2756, issue sfu node 3516 with op exp src0=48 src1=-1 dst=49 latency=30 rounds=6 penalty=0 borrow=1
t=2758, issue ve node 3401 with op sub src0=240 src1=207 dst=252 latency=7 penalty=0 half=2
t=2760, issue store node 3396 mem=377 latency=0
t=2762, issue ve node 3403 with op sub src0=242 src1=207 dst=253 latency=7 penalty=0 half=2
t=2762, issue sfu node 3522 with op exp src0=52 src1=-1 dst=53 latency=30 rounds=6 penalty=0 borrow=1
t=2763, issue ve node 3455 with op reduce_sum src0=23 src1=-1 dst=230 latency=12 penalty=0
t=2763, issue scalar node 3458 with op add src0=227 src1=228 dst=233 latency=7 penalty=0
t=2764, issue store node 3400 mem=379 latency=0
t=2766, issue ve node 3405 with op sub src0=244 src1=207 dst=254 latency=7 penalty=0 half=2
t=2768, issue store node 3402 mem=380 latency=0
t=2768, issue ve node 3505 with op reduce_sum src0=41 src1=-1 dst=254 latency=12 penalty=0
t=2768, issue sfu node 3513 with op exp src0=46 src1=-1 dst=47 latency=30 rounds=6 penalty=0 borrow=1
t=2770, issue ve node 3407 with op sub src0=246 src1=207 dst=255 latency=7 penalty=0 half=2
t=2772, issue store node 3404 mem=381 latency=0
t=2774, issue ve node 3508 with op reduce_sum src0=43 src1=-1 dst=255 latency=12 penalty=0
t=2774, issue sfu node 3519 with op exp src0=50 src1=-1 dst=51 latency=30 rounds=6 penalty=0 borrow=1
t=2775, issue scalar node 3459 with op add src0=229 src1=230 dst=234 latency=7 penalty=0
t=2775, issue ve node 3574 with op sub src0=64 src1=28 dst=72 latency=7 penalty=0 half=2
t=2776, issue store node 3406 mem=382 latency=0
t=2779, issue ve node 3580 with op sub src0=66 src1=28 dst=76 latency=7 penalty=0 half=2
t=2780, issue store node 3408 mem=383 latency=0
t=2780, issue ve node 3511 with op reduce_sum src0=45 src1=-1 dst=0 latency=12 penalty=0
t=2780, issue sfu node 3525 with op exp src0=54 src1=-1 dst=55 latency=30 rounds=6 penalty=0 borrow=1
t=2780, issue load node 3906 gpr=224 mem=440 latency=3
t=2781, issue load node 3908 gpr=225 mem=441 latency=3
t=2782, issue scalar node 3461 with op add src0=233 src1=234 dst=236 latency=7 penalty=0
t=2782, issue load node 3910 gpr=226 mem=442 latency=3
t=2783, issue ve node 3583 with op sub src0=67 src1=28 dst=78 latency=7 penalty=0 half=2
t=2783, issue load node 3912 gpr=227 mem=443 latency=3
t=2784, issue ve node 3907 with op reduce_max src0=224 src1=-1 dst=169 latency=7 penalty=0
t=2784, issue load node 3914 gpr=228 mem=444 latency=3
t=2785, issue ve node 3909 with op reduce_max src0=225 src1=-1 dst=170 latency=7 penalty=0
t=2785, issue load node 3916 gpr=229 mem=445 latency=3
t=2786, issue ve node 3517 with op reduce_sum src0=49 src1=-1 dst=2 latency=12 penalty=0
t=2786, issue scalar node 3527 with op add src0=254 src1=255 dst=6 latency=7 penalty=0
t=2786, issue sfu node 3575 with op exp src0=72 src1=-1 dst=73 latency=30 rounds=6 penalty=0 borrow=1
t=2786, issue load node 3918 gpr=230 mem=446 latency=3
t=2787, issue ve node 3586 with op sub src0=68 src1=28 dst=80 latency=7 penalty=0 half=2
t=2787, issue load node 3920 gpr=231 mem=447 latency=3
t=2788, issue ve node 3911 with op reduce_max src0=226 src1=-1 dst=171 latency=7 penalty=0
t=2789, issue scalar node 3462 with op add src0=235 src1=236 dst=237 latency=7 penalty=0
t=2789, issue ve node 3913 with op reduce_max src0=227 src1=-1 dst=172 latency=7 penalty=0
t=2790, issue ve node 3915 with op reduce_max src0=228 src1=-1 dst=173 latency=7 penalty=0
t=2791, issue ve node 3589 with op sub src0=69 src1=28 dst=82 latency=7 penalty=0 half=2
t=2792, issue ve node 3523 with op reduce_sum src0=53 src1=-1 dst=4 latency=12 penalty=0
t=2792, issue sfu node 3578 with op exp src0=74 src1=-1 dst=75 latency=30 rounds=6 penalty=0 borrow=1
t=2792, issue scalar node 3922 with op max src0=169 src1=170 dst=177 latency=7 penalty=0
t=2793, issue ve node 3917 with op reduce_max src0=229 src1=-1 dst=174 latency=7 penalty=0
t=2794, issue ve node 3919 with op reduce_max src0=230 src1=-1 dst=175 latency=7 penalty=0
t=2795, issue ve node 3592 with op sub src0=70 src1=28 dst=84 latency=7 penalty=0 half=2
t=2796, issue sfu node 3463 with op ln src0=237 src1=-1 dst=238 latency=22 rounds=0 penalty=0 borrow=1
t=2796, issue ve node 3921 with op reduce_max src0=231 src1=-1 dst=176 latency=7 penalty=0
t=2796, issue scalar node 3923 with op max src0=171 src1=172 dst=178 latency=7 penalty=0
t=2798, issue ve node 3514 with op reduce_sum src0=47 src1=-1 dst=1 latency=12 penalty=0
t=2798, issue sfu node 3581 with op exp src0=76 src1=-1 dst=77 latency=30 rounds=6 penalty=0 borrow=1
t=2799, issue ve node 3595 with op sub src0=71 src1=28 dst=86 latency=7 penalty=0 half=2
t=2800, issue scalar node 3924 with op max src0=173 src1=174 dst=179 latency=7 penalty=0
t=2803, issue ve node 3645 with op sub src0=96 src1=59 dst=104 latency=7 penalty=0 half=2
t=2804, issue ve node 3520 with op reduce_sum src0=51 src1=-1 dst=3 latency=12 penalty=0
t=2804, issue sfu node 3584 with op exp src0=78 src1=-1 dst=79 latency=30 rounds=6 penalty=0 borrow=1
t=2804, issue scalar node 3925 with op max src0=175 src1=176 dst=180 latency=7 penalty=0
t=2805, issue scalar node 3926 with op max src0=177 src1=178 dst=181 latency=7 penalty=0
t=2807, issue ve node 3648 with op sub src0=97 src1=59 dst=106 latency=7 penalty=0 half=2
t=2810, issue ve node 3526 with op reduce_sum src0=55 src1=-1 dst=5 latency=12 penalty=0
t=2810, issue scalar node 3528 with op add src0=0 src1=1 dst=7 latency=7 penalty=0
t=2810, issue sfu node 3587 with op exp src0=80 src1=-1 dst=81 latency=30 rounds=6 penalty=0 borrow=1
t=2811, issue ve node 3651 with op sub src0=98 src1=59 dst=108 latency=7 penalty=0 half=2
t=2812, issue scalar node 3927 with op max src0=179 src1=180 dst=182 latency=7 penalty=0
t=2815, issue ve node 3654 with op sub src0=99 src1=59 dst=110 latency=7 penalty=0 half=2
t=2816, issue scalar node 3529 with op add src0=2 src1=3 dst=8 latency=7 penalty=0
t=2816, issue ve node 3576 with op reduce_sum src0=73 src1=-1 dst=29 latency=12 penalty=0
t=2816, issue sfu node 3590 with op exp src0=82 src1=-1 dst=83 latency=30 rounds=6 penalty=0 borrow=1
t=2817, issue scalar node 3531 with op add src0=6 src1=7 dst=10 latency=7 penalty=0
t=2819, issue ve node 3464 with op sub src0=8 src1=238 dst=24 latency=7 penalty=0 half=2
t=2820, issue scalar node 3928 with op max src0=181 src1=182 dst=183 latency=7 penalty=0
t=2822, issue scalar node 3530 with op add src0=4 src1=5 dst=9 latency=7 penalty=0
t=2822, issue ve node 3579 with op reduce_sum src0=75 src1=-1 dst=30 latency=12 penalty=0
t=2822, issue sfu node 3593 with op exp src0=84 src1=-1 dst=85 latency=30 rounds=6 penalty=0 borrow=1
t=2823, issue ve node 3466 with op sub src0=10 src1=238 dst=25 latency=7 penalty=0 half=2
t=2827, issue ve node 3468 with op sub src0=12 src1=238 dst=26 latency=7 penalty=0 half=2
t=2828, issue ve node 3582 with op reduce_sum src0=77 src1=-1 dst=31 latency=12 penalty=0
t=2828, issue sfu node 3596 with op exp src0=86 src1=-1 dst=87 latency=30 rounds=6 penalty=0 borrow=1
t=2829, issue store node 3465 mem=384 latency=0
t=2829, issue scalar node 3532 with op add src0=8 src1=9 dst=11 latency=7 penalty=0
t=2831, issue ve node 3470 with op sub src0=14 src1=238 dst=27 latency=7 penalty=0 half=2
t=2833, issue store node 3467 mem=385 latency=0
t=2834, issue ve node 3585 with op reduce_sum src0=79 src1=-1 dst=32 latency=12 penalty=0
t=2834, issue scalar node 3598 with op add src0=29 src1=30 dst=37 latency=7 penalty=0
t=2834, issue sfu node 3646 with op exp src0=104 src1=-1 dst=105 latency=30 rounds=6 penalty=0 borrow=1
t=2835, issue ve node 3472 with op sub src0=16 src1=238 dst=28 latency=7 penalty=0 half=2
t=2836, issue scalar node 3533 with op add src0=10 src1=11 dst=12 latency=7 penalty=0
t=2837, issue store node 3469 mem=386 latency=0
t=2839, issue ve node 3474 with op sub src0=18 src1=238 dst=29 latency=7 penalty=0 half=2
t=2840, issue ve node 3588 with op reduce_sum src0=81 src1=-1 dst=33 latency=12 penalty=0
t=2840, issue sfu node 3649 with op exp src0=106 src1=-1 dst=107 latency=30 rounds=6 penalty=0 borrow=1
t=2841, issue store node 3471 mem=387 latency=0
t=2843, issue ve node 3476 with op sub src0=20 src1=238 dst=30 latency=7 penalty=0 half=2
t=2843, issue sfu node 3534 with op ln src0=12 src1=-1 dst=13 latency=22 rounds=0 penalty=0 borrow=1
t=2845, issue store node 3473 mem=388 latency=0
t=2846, issue ve node 3591 with op reduce_sum src0=83 src1=-1 dst=34 latency=12 penalty=0
t=2846, issue scalar node 3599 with op add src0=31 src1=32 dst=38 latency=7 penalty=0
t=2846, issue sfu node 3652 with op exp src0=108 src1=-1 dst=109 latency=30 rounds=6 penalty=0 borrow=1
t=2847, issue ve node 3478 with op sub src0=22 src1=238 dst=31 latency=7 penalty=0 half=2
t=2849, issue store node 3475 mem=389 latency=0
t=2851, issue ve node 3657 with op sub src0=100 src1=59 dst=112 latency=7 penalty=0 half=2
t=2852, issue ve node 3594 with op reduce_sum src0=85 src1=-1 dst=35 latency=12 penalty=0
t=2852, issue sfu node 3655 with op exp src0=110 src1=-1 dst=111 latency=30 rounds=6 penalty=0 borrow=1
t=2853, issue store node 3477 mem=390 latency=0
t=2853, issue scalar node 3602 with op add src0=37 src1=38 dst=41 latency=7 penalty=0
t=2855, issue ve node 3660 with op sub src0=101 src1=59 dst=114 latency=7 penalty=0 half=2
t=2857, issue store node 3479 mem=391 latency=0
t=2857, issue load node 3977 gpr=0 mem=448 latency=3
t=2858, issue ve node 3597 with op reduce_sum src0=87 src1=-1 dst=36 latency=12 penalty=0
t=2858, issue scalar node 3600 with op add src0=33 src1=34 dst=39 latency=7 penalty=0
t=2858, issue load node 3979 gpr=1 mem=449 latency=3
t=2859, issue ve node 3663 with op sub src0=102 src1=59 dst=116 latency=7 penalty=0 half=2
t=2859, issue load node 3981 gpr=2 mem=450 latency=3
t=2860, issue ve node 3978 with op reduce_max src0=0 src1=-1 dst=200 latency=7 penalty=0
t=2860, issue load node 3983 gpr=3 mem=451 latency=3
t=2861, issue sfu node 3658 with op exp src0=112 src1=-1 dst=113 latency=30 rounds=6 penalty=0 borrow=1
t=2861, issue ve node 3980 with op reduce_max src0=1 src1=-1 dst=201 latency=7 penalty=0
t=2861, issue load node 3985 gpr=4 mem=452 latency=3
t=2862, issue ve node 3982 with op reduce_max src0=2 src1=-1 dst=202 latency=7 penalty=0
t=2862, issue load node 3987 gpr=5 mem=453 latency=3
t=2863, issue ve node 3666 with op sub src0=103 src1=59 dst=118 latency=7 penalty=0 half=2
t=2863, issue load node 3989 gpr=6 mem=454 latency=3
t=2864, issue ve node 3647 with op reduce_sum src0=105 src1=-1 dst=60 latency=12 penalty=0
t=2864, issue load node 3991 gpr=7 mem=455 latency=3
t=2865, issue ve node 3984 with op reduce_max src0=3 src1=-1 dst=203 latency=7 penalty=0
t=2866, issue ve node 3986 with op reduce_max src0=4 src1=-1 dst=204 latency=7 penalty=0
t=2867, issue sfu node 3661 with op exp src0=114 src1=-1 dst=115 latency=30 rounds=6 penalty=0 borrow=1
t=2867, issue ve node 3988 with op reduce_max src0=5 src1=-1 dst=205 latency=7 penalty=0
t=2868, issue ve node 3990 with op reduce_max src0=6 src1=-1 dst=206 latency=7 penalty=0
t=2868, issue scalar node 3993 with op max src0=200 src1=201 dst=208 latency=7 penalty=0
t=2869, issue ve node 3535 with op sub src0=40 src1=13 dst=56 latency=7 penalty=0 half=2
t=2870, issue scalar node 3601 with op add src0=35 src1=36 dst=40 latency=7 penalty=0
t=2870, issue ve node 3650 with op reduce_sum src0=107 src1=-1 dst=61 latency=12 penalty=0
t=2871, issue ve node 3992 with op reduce_max src0=7 src1=-1 dst=207 latency=7 penalty=0
t=2872, issue scalar node 3994 with op max src0=202 src1=203 dst=209 latency=7 penalty=0
t=2873, issue ve node 3537 with op sub src0=42 src1=13 dst=57 latency=7 penalty=0 half=2
t=2873, issue sfu node 3664 with op exp src0=116 src1=-1 dst=117 latency=30 rounds=6 penalty=0 borrow=1
t=2874, issue scalar node 3995 with op max src0=204 src1=205 dst=210 latency=7 penalty=0
t=2876, issue ve node 3653 with op reduce_sum src0=109 src1=-1 dst=62 latency=12 penalty=0
t=2877, issue ve node 3539 with op sub src0=44 src1=13 dst=58 latency=7 penalty=0 half=2
t=2877, issue scalar node 3603 with op add src0=39 src1=40 dst=42 latency=7 penalty=0
t=2878, issue scalar node 3996 with op max src0=206 src1=207 dst=211 latency=7 penalty=0
t=2879, issue store node 3536 mem=392 latency=0
t=2879, issue sfu node 3667 with op exp src0=118 src1=-1 dst=119 latency=30 rounds=6 penalty=0 borrow=1
t=2879, issue scalar node 3997 with op max src0=208 src1=209 dst=212 latency=7 penalty=0
t=2881, issue ve node 3541 with op sub src0=46 src1=13 dst=59 latency=7 penalty=0 half=2
t=2882, issue ve node 3656 with op reduce_sum src0=111 src1=-1 dst=63 latency=12 penalty=0
t=2882, issue scalar node 3669 with op add src0=60 src1=61 dst=68 latency=7 penalty=0
t=2883, issue store node 3538 mem=393 latency=0
t=2884, issue scalar node 3604 with op add src0=41 src1=42 dst=43 latency=7 penalty=0
t=2885, issue ve node 3543 with op sub src0=48 src1=13 dst=60 latency=7 penalty=0 half=2
t=2885, issue scalar node 3998 with op max src0=210 src1=211 dst=213 latency=7 penalty=0
t=2887, issue store node 3540 mem=394 latency=0
t=2889, issue ve node 3545 with op sub src0=50 src1=13 dst=61 latency=7 penalty=0 half=2
t=2891, issue store node 3542 mem=395 latency=0
t=2891, issue sfu node 3605 with op ln src0=43 src1=-1 dst=44 latency=22 rounds=0 penalty=0 borrow=1
t=2891, issue ve node 3659 with op reduce_sum src0=113 src1=-1 dst=64 latency=12 penalty=0
t=2892, issue scalar node 3999 with op max src0=212 src1=213 dst=214 latency=7 penalty=0
t=2894, issue scalar node 3670 with op add src0=62 src1=63 dst=69 latency=7 penalty=0
t=2895, issue store node 3544 mem=396 latency=0
t=2897, issue ve node 3662 with op reduce_sum src0=115 src1=-1 dst=65 latency=12 penalty=0
t=2899, issue store node 3546 mem=397 latency=0
t=2901, issue scalar node 3673 with op add src0=68 src1=69 dst=72 latency=7 penalty=0
t=2902, issue ve node 3547 with op sub src0=52 src1=13 dst=62 latency=7 penalty=0 half=0
t=2903, issue ve node 3549 with op sub src0=54 src1=13 dst=63 latency=7 penalty=0 half=0
t=2904, issue ve node 3665 with op reduce_sum src0=117 src1=-1 dst=66 latency=12 penalty=0
t=2905, issue ve node 3716 with op sub src0=128 src1=90 dst=136 latency=7 penalty=0 half=0
t=2906, issue ve node 3719 with op sub src0=129 src1=90 dst=138 latency=7 penalty=0 half=0
t=2907, issue ve node 3722 with op sub src0=130 src1=90 dst=140 latency=7 penalty=0 half=0
t=2908, issue ve node 3725 with op sub src0=131 src1=90 dst=142 latency=7 penalty=0 half=0
t=2909, issue store node 3548 mem=398 latency=0
t=2909, issue ve node 3668 with op reduce_sum src0=119 src1=-1 dst=67 latency=12 penalty=0
t=2910, issue store node 3550 mem=399 latency=0
t=2910, issue scalar node 3671 with op add src0=64 src1=65 dst=70 latency=7 penalty=0
t=2910, issue ve node 3728 with op sub src0=132 src1=90 dst=144 latency=7 penalty=0 half=0
t=2910, issue load node 4048 gpr=32 mem=456 latency=3
t=2911, issue ve node 3731 with op sub src0=133 src1=90 dst=146 latency=7 penalty=0 half=0
t=2911, issue load node 4050 gpr=33 mem=457 latency=3
t=2912, issue sfu node 3717 with op exp src0=136 src1=-1 dst=137 latency=30 rounds=6 penalty=0 borrow=1
t=2912, issue ve node 3734 with op sub src0=134 src1=90 dst=148 latency=7 penalty=0 half=0
t=2912, issue load node 4054 gpr=35 mem=459 latency=3
t=2913, issue ve node 3606 with op sub src0=72 src1=44 dst=88 latency=7 penalty=0 half=0
t=2913, issue load node 4052 gpr=34 mem=458 latency=3
t=2914, issue ve node 3608 with op sub src0=74 src1=44 dst=89 latency=7 penalty=0 half=0
t=2914, issue load node 4058 gpr=37 mem=461 latency=3
t=2915, issue ve node 3610 with op sub src0=76 src1=44 dst=90 latency=7 penalty=0 half=0
t=2915, issue load node 4056 gpr=36 mem=460 latency=3
t=2916, issue ve node 3612 with op sub src0=78 src1=44 dst=91 latency=7 penalty=0 half=0
t=2916, issue load node 4060 gpr=38 mem=462 latency=3
t=2917, issue ve node 3614 with op sub src0=80 src1=44 dst=92 latency=7 penalty=0 half=0
t=2917, issue load node 4062 gpr=39 mem=463 latency=3
t=2918, issue ve node 3616 with op sub src0=82 src1=44 dst=93 latency=7 penalty=0 half=0
t=2918, issue sfu node 3723 with op exp src0=140 src1=-1 dst=141 latency=30 rounds=6 penalty=0 borrow=1
t=2919, issue ve node 3618 with op sub src0=84 src1=44 dst=94 latency=7 penalty=0 half=0
t=2920, issue store node 3607 mem=400 latency=0
t=2920, issue ve node 3620 with op sub src0=86 src1=44 dst=95 latency=7 penalty=0 half=2
t=2921, issue store node 3609 mem=401 latency=0
t=2921, issue scalar node 3672 with op add src0=66 src1=67 dst=71 latency=7 penalty=0
t=2921, issue ve node 4053 with op reduce_max src0=34 src1=-1 dst=233 latency=7 penalty=0
t=2922, issue store node 3611 mem=402 latency=0
t=2922, issue ve node 4049 with op reduce_max src0=32 src1=-1 dst=231 latency=7 penalty=0
t=2923, issue store node 3613 mem=403 latency=0
t=2923, issue ve node 4051 with op reduce_max src0=33 src1=-1 dst=232 latency=7 penalty=0
t=2924, issue store node 3615 mem=404 latency=0
t=2924, issue sfu node 3720 with op exp src0=138 src1=-1 dst=139 latency=30 rounds=6 penalty=0 borrow=1
t=2924, issue ve node 3737 with op sub src0=135 src1=90 dst=150 latency=7 penalty=0 half=2
t=2925, issue store node 3617 mem=405 latency=0
t=2925, issue ve node 4055 with op reduce_max src0=35 src1=-1 dst=234 latency=7 penalty=0
t=2926, issue store node 3619 mem=406 latency=0
t=2926, issue ve node 4057 with op reduce_max src0=36 src1=-1 dst=235 latency=7 penalty=0
t=2927, issue ve node 4059 with op reduce_max src0=37 src1=-1 dst=236 latency=7 penalty=0
t=2928, issue scalar node 3674 with op add src0=70 src1=71 dst=73 latency=7 penalty=0
t=2928, issue ve node 3787 with op sub src0=160 src1=121 dst=168 latency=7 penalty=0 half=2
t=2929, issue ve node 4061 with op reduce_max src0=38 src1=-1 dst=237 latency=7 penalty=0
t=2930, issue store node 3621 mem=407 latency=0
t=2930, issue sfu node 3726 with op exp src0=142 src1=-1 dst=143 latency=30 rounds=6 penalty=0 borrow=1
t=2930, issue scalar node 4064 with op max src0=231 src1=232 dst=239 latency=7 penalty=0
t=2930, issue load node 4119 gpr=64 mem=464 latency=3
t=2931, issue ve node 4063 with op reduce_max src0=39 src1=-1 dst=238 latency=7 penalty=0
t=2931, issue load node 4121 gpr=65 mem=465 latency=3
t=2932, issue ve node 3790 with op sub src0=161 src1=121 dst=170 latency=7 penalty=0 half=2
t=2932, issue load node 4123 gpr=66 mem=466 latency=3
t=2933, issue scalar node 4065 with op max src0=233 src1=234 dst=240 latency=7 penalty=0
t=2933, issue ve node 4120 with op reduce_max src0=64 src1=-1 dst=6 latency=7 penalty=0
t=2933, issue load node 4125 gpr=67 mem=467 latency=3
t=2934, issue scalar node 4066 with op max src0=235 src1=236 dst=241 latency=7 penalty=0
t=2934, issue ve node 4122 with op reduce_max src0=65 src1=-1 dst=7 latency=7 penalty=0
t=2934, issue load node 4127 gpr=68 mem=468 latency=3
t=2935, issue scalar node 3675 with op add src0=72 src1=73 dst=74 latency=7 penalty=0
t=2935, issue ve node 4124 with op reduce_max src0=66 src1=-1 dst=8 latency=7 penalty=0
t=2935, issue load node 4129 gpr=69 mem=469 latency=3
t=2936, issue sfu node 3729 with op exp src0=144 src1=-1 dst=145 latency=30 rounds=6 penalty=0 borrow=1
t=2936, issue ve node 3793 with op sub src0=162 src1=121 dst=172 latency=7 penalty=0 half=2
t=2936, issue load node 4131 gpr=70 mem=470 latency=3
t=2937, issue ve node 4126 with op reduce_max src0=67 src1=-1 dst=9 latency=7 penalty=0
t=2937, issue load node 4133 gpr=71 mem=471 latency=3
t=2938, issue scalar node 4067 with op max src0=237 src1=238 dst=242 latency=7 penalty=0
t=2938, issue ve node 4130 with op reduce_max src0=69 src1=-1 dst=11 latency=7 penalty=0
t=2939, issue ve node 4128 with op reduce_max src0=68 src1=-1 dst=10 latency=7 penalty=0
t=2940, issue ve node 3796 with op sub src0=163 src1=121 dst=174 latency=7 penalty=0 half=2
t=2940, issue scalar node 4068 with op max src0=239 src1=240 dst=243 latency=7 penalty=0
t=2941, issue ve node 4132 with op reduce_max src0=70 src1=-1 dst=12 latency=7 penalty=0
t=2941, issue scalar node 4135 with op max src0=6 src1=7 dst=14 latency=7 penalty=0
t=2942, issue sfu node 3676 with op ln src0=74 src1=-1 dst=75 latency=22 rounds=0 penalty=0 borrow=1
t=2942, issue ve node 3718 with op reduce_sum src0=137 src1=-1 dst=91 latency=12 penalty=0
t=2943, issue sfu node 3732 with op exp src0=146 src1=-1 dst=147 latency=30 rounds=6 penalty=0 borrow=1
t=2943, issue ve node 4134 with op reduce_max src0=71 src1=-1 dst=13 latency=7 penalty=0
t=2944, issue ve node 3799 with op sub src0=164 src1=121 dst=176 latency=7 penalty=0 half=2
t=2945, issue scalar node 4069 with op max src0=241 src1=242 dst=244 latency=7 penalty=0
t=2946, issue scalar node 4136 with op max src0=8 src1=9 dst=15 latency=7 penalty=0
t=2947, issue scalar node 4137 with op max src0=10 src1=11 dst=16 latency=7 penalty=0
t=2948, issue ve node 3724 with op reduce_sum src0=141 src1=-1 dst=93 latency=12 penalty=0
t=2949, issue sfu node 3735 with op exp src0=148 src1=-1 dst=149 latency=30 rounds=6 penalty=0 borrow=1
t=2949, issue ve node 3802 with op sub src0=165 src1=121 dst=178 latency=7 penalty=0 half=2
t=2950, issue scalar node 4138 with op max src0=12 src1=13 dst=17 latency=7 penalty=0
t=2952, issue scalar node 4070 with op max src0=243 src1=244 dst=245 latency=7 penalty=0
t=2953, issue ve node 3805 with op sub src0=166 src1=121 dst=180 latency=7 penalty=0 half=2
t=2953, issue scalar node 4139 with op max src0=14 src1=15 dst=18 latency=7 penalty=0
t=2954, issue ve node 3721 with op reduce_sum src0=139 src1=-1 dst=92 latency=12 penalty=0
t=2955, issue sfu node 3738 with op exp src0=150 src1=-1 dst=151 latency=30 rounds=6 penalty=0 borrow=1
t=2957, issue ve node 3808 with op sub src0=167 src1=121 dst=182 latency=7 penalty=0 half=2
t=2958, issue scalar node 4140 with op max src0=16 src1=17 dst=19 latency=7 penalty=0
t=2960, issue ve node 3727 with op reduce_sum src0=143 src1=-1 dst=94 latency=12 penalty=0
t=2961, issue sfu node 3788 with op exp src0=168 src1=-1 dst=169 latency=30 rounds=6 penalty=0 borrow=1
t=2961, issue ve node 3861 with op sub src0=193 src1=152 dst=202 latency=7 penalty=0 half=2
t=2965, issue ve node 3677 with op sub src0=104 src1=75 dst=120 latency=7 penalty=0 half=2
t=2966, issue ve node 3730 with op reduce_sum src0=145 src1=-1 dst=95 latency=12 penalty=0
t=2966, issue scalar node 3740 with op add src0=91 src1=92 dst=99 latency=7 penalty=0
t=2967, issue sfu node 3791 with op exp src0=170 src1=-1 dst=171 latency=30 rounds=6 penalty=0 borrow=1
t=2967, issue scalar node 4141 with op max src0=18 src1=19 dst=20 latency=7 penalty=0
t=2969, issue ve node 3681 with op sub src0=108 src1=75 dst=122 latency=7 penalty=0 half=2
t=2972, issue scalar node 3741 with op add src0=93 src1=94 dst=100 latency=7 penalty=0
t=2973, issue ve node 3679 with op sub src0=106 src1=75 dst=121 latency=7 penalty=0 half=2
t=2973, issue sfu node 3794 with op exp src0=172 src1=-1 dst=173 latency=30 rounds=6 penalty=0 borrow=1
t=2974, issue ve node 3733 with op reduce_sum src0=147 src1=-1 dst=96 latency=12 penalty=0
t=2975, issue store node 3678 mem=408 latency=0
t=2977, issue ve node 3683 with op sub src0=110 src1=75 dst=123 latency=7 penalty=0 half=2
t=2979, issue store node 3682 mem=410 latency=0
t=2979, issue ve node 3736 with op reduce_sum src0=149 src1=-1 dst=97 latency=12 penalty=0
t=2979, issue scalar node 3744 with op add src0=99 src1=100 dst=103 latency=7 penalty=0
t=2979, issue sfu node 3800 with op exp src0=176 src1=-1 dst=177 latency=30 rounds=6 penalty=0 borrow=1
t=2981, issue ve node 3685 with op sub src0=112 src1=75 dst=124 latency=7 penalty=0 half=2
t=2983, issue store node 3680 mem=409 latency=0
t=2985, issue ve node 3687 with op sub src0=114 src1=75 dst=125 latency=7 penalty=0 half=2
t=2985, issue sfu node 3806 with op exp src0=180 src1=-1 dst=181 latency=30 rounds=6 penalty=0 borrow=1
t=2986, issue ve node 3739 with op reduce_sum src0=151 src1=-1 dst=98 latency=12 penalty=0
t=2986, issue scalar node 3742 with op add src0=95 src1=96 dst=101 latency=7 penalty=0
t=2987, issue store node 3684 mem=411 latency=0
t=2989, issue ve node 3689 with op sub src0=116 src1=75 dst=126 latency=7 penalty=0 half=2
t=2991, issue store node 3686 mem=412 latency=0
t=2991, issue ve node 3789 with op reduce_sum src0=169 src1=-1 dst=122 latency=12 penalty=0
t=2991, issue sfu node 3797 with op exp src0=174 src1=-1 dst=175 latency=30 rounds=6 penalty=0 borrow=1
t=2993, issue ve node 3691 with op sub src0=118 src1=75 dst=127 latency=7 penalty=0 half=2
t=2995, issue store node 3688 mem=413 latency=0
t=2997, issue ve node 3792 with op reduce_sum src0=171 src1=-1 dst=123 latency=12 penalty=0
t=2997, issue sfu node 3803 with op exp src0=178 src1=-1 dst=179 latency=30 rounds=6 penalty=0 borrow=1
t=2998, issue scalar node 3743 with op add src0=97 src1=98 dst=102 latency=7 penalty=0
t=2998, issue ve node 3858 with op sub src0=192 src1=152 dst=200 latency=7 penalty=0 half=2
t=2999, issue store node 3690 mem=414 latency=0
t=3002, issue ve node 3864 with op sub src0=194 src1=152 dst=204 latency=7 penalty=0 half=2
t=3003, issue store node 3692 mem=415 latency=0
t=3003, issue ve node 3795 with op reduce_sum src0=173 src1=-1 dst=124 latency=12 penalty=0
t=3003, issue sfu node 3809 with op exp src0=182 src1=-1 dst=183 latency=30 rounds=6 penalty=0 borrow=1
t=3003, issue load node 4190 gpr=96 mem=472 latency=3
t=3004, issue load node 4192 gpr=97 mem=473 latency=3
t=3005, issue scalar node 3745 with op add src0=101 src1=102 dst=104 latency=7 penalty=0
t=3005, issue load node 4194 gpr=98 mem=474 latency=3
t=3006, issue ve node 3867 with op sub src0=195 src1=152 dst=206 latency=7 penalty=0 half=2
t=3006, issue load node 4196 gpr=99 mem=475 latency=3
t=3007, issue ve node 4191 with op reduce_max src0=96 src1=-1 dst=37 latency=7 penalty=0
t=3007, issue load node 4198 gpr=100 mem=476 latency=3
t=3008, issue ve node 4193 with op reduce_max src0=97 src1=-1 dst=38 latency=7 penalty=0
t=3008, issue load node 4200 gpr=101 mem=477 latency=3
t=3009, issue ve node 3801 with op reduce_sum src0=177 src1=-1 dst=126 latency=12 penalty=0
t=3009, issue scalar node 3811 with op add src0=122 src1=123 dst=130 latency=7 penalty=0
t=3009, issue sfu node 3859 with op exp src0=200 src1=-1 dst=201 latency=30 rounds=6 penalty=0 borrow=1
t=3009, issue load node 4202 gpr=102 mem=478 latency=3
t=3010, issue ve node 3870 with op sub src0=196 src1=152 dst=208 latency=7 penalty=0 half=2
t=3010, issue load node 4204 gpr=103 mem=479 latency=3
t=3011, issue ve node 4195 with op reduce_max src0=98 src1=-1 dst=39 latency=7 penalty=0
t=3012, issue scalar node 3746 with op add src0=103 src1=104 dst=105 latency=7 penalty=0
t=3012, issue ve node 4197 with op reduce_max src0=99 src1=-1 dst=40 latency=7 penalty=0
t=3013, issue ve node 4199 with op reduce_max src0=100 src1=-1 dst=41 latency=7 penalty=0
t=3014, issue ve node 3873 with op sub src0=197 src1=152 dst=210 latency=7 penalty=0 half=2
t=3015, issue ve node 3807 with op reduce_sum src0=181 src1=-1 dst=128 latency=12 penalty=0
t=3015, issue sfu node 3862 with op exp src0=202 src1=-1 dst=203 latency=30 rounds=6 penalty=0 borrow=1
t=3015, issue scalar node 4206 with op max src0=37 src1=38 dst=45 latency=7 penalty=0
t=3016, issue ve node 4201 with op reduce_max src0=101 src1=-1 dst=42 latency=7 penalty=0
t=3017, issue ve node 4203 with op reduce_max src0=102 src1=-1 dst=43 latency=7 penalty=0
t=3018, issue ve node 3876 with op sub src0=198 src1=152 dst=212 latency=7 penalty=0 half=2
t=3019, issue sfu node 3747 with op ln src0=105 src1=-1 dst=106 latency=22 rounds=0 penalty=0 borrow=1
t=3019, issue ve node 4205 with op reduce_max src0=103 src1=-1 dst=44 latency=7 penalty=0
t=3019, issue scalar node 4207 with op max src0=39 src1=40 dst=46 latency=7 penalty=0
t=3021, issue ve node 3798 with op reduce_sum src0=175 src1=-1 dst=125 latency=12 penalty=0
t=3021, issue sfu node 3865 with op exp src0=204 src1=-1 dst=205 latency=30 rounds=6 penalty=0 borrow=1
t=3022, issue ve node 3879 with op sub src0=199 src1=152 dst=214 latency=7 penalty=0 half=2
t=3023, issue scalar node 4208 with op max src0=41 src1=42 dst=47 latency=7 penalty=0
t=3026, issue ve node 3929 with op sub src0=224 src1=183 dst=232 latency=7 penalty=0 half=2
t=3027, issue ve node 3804 with op reduce_sum src0=179 src1=-1 dst=127 latency=12 penalty=0
t=3027, issue sfu node 3868 with op exp src0=206 src1=-1 dst=207 latency=30 rounds=6 penalty=0 borrow=1
t=3027, issue scalar node 4209 with op max src0=43 src1=44 dst=48 latency=7 penalty=0
t=3028, issue scalar node 4210 with op max src0=45 src1=46 dst=49 latency=7 penalty=0
t=3030, issue ve node 3932 with op sub src0=225 src1=183 dst=234 latency=7 penalty=0 half=2
t=3033, issue ve node 3810 with op reduce_sum src0=183 src1=-1 dst=129 latency=12 penalty=0
t=3033, issue scalar node 3812 with op add src0=124 src1=125 dst=131 latency=7 penalty=0
t=3033, issue sfu node 3871 with op exp src0=208 src1=-1 dst=209 latency=30 rounds=6 penalty=0 borrow=1
t=3034, issue ve node 3935 with op sub src0=226 src1=183 dst=236 latency=7 penalty=0 half=2
t=3035, issue scalar node 4211 with op max src0=47 src1=48 dst=50 latency=7 penalty=0
t=3038, issue ve node 3938 with op sub src0=227 src1=183 dst=238 latency=7 penalty=0 half=2
t=3039, issue scalar node 3813 with op add src0=126 src1=127 dst=132 latency=7 penalty=0
t=3039, issue ve node 3860 with op reduce_sum src0=201 src1=-1 dst=153 latency=12 penalty=0
t=3039, issue sfu node 3874 with op exp src0=210 src1=-1 dst=211 latency=30 rounds=6 penalty=0 borrow=1
t=3040, issue scalar node 3815 with op add src0=130 src1=131 dst=134 latency=7 penalty=0
t=3042, issue ve node 3748 with op sub src0=136 src1=106 dst=152 latency=7 penalty=0 half=2
t=3043, issue scalar node 4212 with op max src0=49 src1=50 dst=51 latency=7 penalty=0
t=3045, issue scalar node 3814 with op add src0=128 src1=129 dst=133 latency=7 penalty=0
t=3045, issue ve node 3863 with op reduce_sum src0=203 src1=-1 dst=154 latency=12 penalty=0
t=3045, issue sfu node 3877 with op exp src0=212 src1=-1 dst=213 latency=30 rounds=6 penalty=0 borrow=1
t=3046, issue ve node 3750 with op sub src0=138 src1=106 dst=153 latency=7 penalty=0 half=2
t=3050, issue ve node 3752 with op sub src0=140 src1=106 dst=154 latency=7 penalty=0 half=2
t=3051, issue ve node 3866 with op reduce_sum src0=205 src1=-1 dst=155 latency=12 penalty=0
t=3051, issue sfu node 3880 with op exp src0=214 src1=-1 dst=215 latency=30 rounds=6 penalty=0 borrow=1
t=3052, issue store node 3749 mem=416 latency=0
t=3052, issue scalar node 3816 with op add src0=132 src1=133 dst=135 latency=7 penalty=0
t=3054, issue ve node 3754 with op sub src0=142 src1=106 dst=155 latency=7 penalty=0 half=2
t=3056, issue store node 3751 mem=417 latency=0
t=3057, issue ve node 3869 with op reduce_sum src0=207 src1=-1 dst=156 latency=12 penalty=0
t=3057, issue scalar node 3882 with op add src0=153 src1=154 dst=161 latency=7 penalty=0
t=3057, issue sfu node 3930 with op exp src0=232 src1=-1 dst=233 latency=30 rounds=6 penalty=0 borrow=1
t=3058, issue ve node 3756 with op sub src0=144 src1=106 dst=156 latency=7 penalty=0 half=2
t=3059, issue scalar node 3817 with op add src0=134 src1=135 dst=136 latency=7 penalty=0
t=3060, issue store node 3753 mem=418 latency=0
t=3062, issue ve node 3758 with op sub src0=146 src1=106 dst=157 latency=7 penalty=0 half=2
t=3063, issue ve node 3872 with op reduce_sum src0=209 src1=-1 dst=157 latency=12 penalty=0
t=3063, issue sfu node 3933 with op exp src0=234 src1=-1 dst=235 latency=30 rounds=6 penalty=0 borrow=1
t=3064, issue store node 3755 mem=419 latency=0
t=3066, issue ve node 3760 with op sub src0=148 src1=106 dst=158 latency=7 penalty=0 half=2
t=3066, issue sfu node 3818 with op ln src0=136 src1=-1 dst=137 latency=22 rounds=0 penalty=0 borrow=1
t=3068, issue store node 3757 mem=420 latency=0
t=3069, issue ve node 3875 with op reduce_sum src0=211 src1=-1 dst=158 latency=12 penalty=0
t=3069, issue scalar node 3883 with op add src0=155 src1=156 dst=162 latency=7 penalty=0
t=3069, issue sfu node 3936 with op exp src0=236 src1=-1 dst=237 latency=30 rounds=6 penalty=0 borrow=1
t=3070, issue ve node 3762 with op sub src0=150 src1=106 dst=159 latency=7 penalty=0 half=2
t=3072, issue store node 3759 mem=421 latency=0
t=3074, issue ve node 3941 with op sub src0=228 src1=183 dst=240 latency=7 penalty=0 half=2
t=3075, issue ve node 3878 with op reduce_sum src0=213 src1=-1 dst=159 latency=12 penalty=0
t=3075, issue sfu node 3939 with op exp src0=238 src1=-1 dst=239 latency=30 rounds=6 penalty=0 borrow=1
t=3076, issue store node 3761 mem=422 latency=0
t=3076, issue scalar node 3886 with op add src0=161 src1=162 dst=165 latency=7 penalty=0
t=3078, issue ve node 3944 with op sub src0=229 src1=183 dst=242 latency=7 penalty=0 half=2
t=3080, issue store node 3763 mem=423 latency=0
t=3080, issue load node 4261 gpr=128 mem=480 latency=3
t=3081, issue ve node 3881 with op reduce_sum src0=215 src1=-1 dst=160 latency=12 penalty=0
t=3081, issue scalar node 3884 with op add src0=157 src1=158 dst=163 latency=7 penalty=0
t=3081, issue load node 4263 gpr=129 mem=481 latency=3
t=3082, issue ve node 3947 with op sub src0=230 src1=183 dst=244 latency=7 penalty=0 half=2
t=3082, issue load node 4265 gpr=130 mem=482 latency=3
t=3083, issue ve node 4262 with op reduce_max src0=128 src1=-1 dst=68 latency=7 penalty=0
t=3083, issue load node 4267 gpr=131 mem=483 latency=3
t=3084, issue sfu node 3942 with op exp src0=240 src1=-1 dst=241 latency=30 rounds=6 penalty=0 borrow=1
t=3084, issue ve node 4264 with op reduce_max src0=129 src1=-1 dst=69 latency=7 penalty=0
t=3084, issue load node 4269 gpr=132 mem=484 latency=3
t=3085, issue ve node 4266 with op reduce_max src0=130 src1=-1 dst=70 latency=7 penalty=0
t=3085, issue load node 4271 gpr=133 mem=485 latency=3
t=3086, issue ve node 3950 with op sub src0=231 src1=183 dst=246 latency=7 penalty=0 half=2
t=3086, issue load node 4273 gpr=134 mem=486 latency=3
t=3087, issue ve node 3931 with op reduce_sum src0=233 src1=-1 dst=184 latency=12 penalty=0
t=3087, issue load node 4275 gpr=135 mem=487 latency=3
t=3088, issue ve node 4268 with op reduce_max src0=131 src1=-1 dst=71 latency=7 penalty=0
t=3089, issue ve node 4270 with op reduce_max src0=132 src1=-1 dst=72 latency=7 penalty=0
t=3090, issue sfu node 3945 with op exp src0=242 src1=-1 dst=243 latency=30 rounds=6 penalty=0 borrow=1
t=3090, issue ve node 4272 with op reduce_max src0=133 src1=-1 dst=73 latency=7 penalty=0
t=3091, issue ve node 4274 with op reduce_max src0=134 src1=-1 dst=74 latency=7 penalty=0
t=3091, issue scalar node 4277 with op max src0=68 src1=69 dst=76 latency=7 penalty=0
t=3092, issue ve node 3819 with op sub src0=168 src1=137 dst=184 latency=7 penalty=0 half=2
t=3093, issue scalar node 3885 with op add src0=159 src1=160 dst=164 latency=7 penalty=0
t=3093, issue ve node 3934 with op reduce_sum src0=235 src1=-1 dst=185 latency=12 penalty=0
t=3094, issue ve node 4276 with op reduce_max src0=135 src1=-1 dst=75 latency=7 penalty=0
t=3095, issue scalar node 4278 with op max src0=70 src1=71 dst=77 latency=7 penalty=0
t=3096, issue ve node 3821 with op sub src0=170 src1=137 dst=185 latency=7 penalty=0 half=2
t=3096, issue sfu node 3948 with op exp src0=244 src1=-1 dst=245 latency=30 rounds=6 penalty=0 borrow=1
t=3097, issue scalar node 4279 with op max src0=72 src1=73 dst=78 latency=7 penalty=0
t=3099, issue ve node 3937 with op reduce_sum src0=237 src1=-1 dst=186 latency=12 penalty=0
t=3100, issue ve node 3823 with op sub src0=172 src1=137 dst=186 latency=7 penalty=0 half=2
t=3100, issue scalar node 3887 with op add src0=163 src1=164 dst=166 latency=7 penalty=0
t=3101, issue scalar node 4280 with op max src0=74 src1=75 dst=79 latency=7 penalty=0
t=3102, issue store node 3820 mem=424 latency=0
t=3102, issue sfu node 3951 with op exp src0=246 src1=-1 dst=247 latency=30 rounds=6 penalty=0 borrow=1
t=3102, issue scalar node 4281 with op max src0=76 src1=77 dst=80 latency=7 penalty=0
t=3104, issue ve node 3825 with op sub src0=174 src1=137 dst=187 latency=7 penalty=0 half=2
t=3105, issue ve node 3940 with op reduce_sum src0=239 src1=-1 dst=187 latency=12 penalty=0
t=3105, issue scalar node 3953 with op add src0=184 src1=185 dst=192 latency=7 penalty=0
t=3106, issue store node 3822 mem=425 latency=0
t=3107, issue scalar node 3888 with op add src0=165 src1=166 dst=167 latency=7 penalty=0
t=3108, issue ve node 3827 with op sub src0=176 src1=137 dst=188 latency=7 penalty=0 half=2
t=3108, issue scalar node 4282 with op max src0=78 src1=79 dst=81 latency=7 penalty=0
t=3110, issue store node 3824 mem=426 latency=0
t=3112, issue ve node 3829 with op sub src0=178 src1=137 dst=189 latency=7 penalty=0 half=2
t=3114, issue store node 3826 mem=427 latency=0
t=3114, issue sfu node 3889 with op ln src0=167 src1=-1 dst=168 latency=22 rounds=0 penalty=0 borrow=1
t=3114, issue ve node 3943 with op reduce_sum src0=241 src1=-1 dst=188 latency=12 penalty=0
t=3115, issue scalar node 4283 with op max src0=80 src1=81 dst=82 latency=7 penalty=0
t=3117, issue scalar node 3954 with op add src0=186 src1=187 dst=193 latency=7 penalty=0
t=3118, issue store node 3828 mem=428 latency=0
t=3120, issue ve node 3946 with op reduce_sum src0=243 src1=-1 dst=189 latency=12 penalty=0
t=3122, issue store node 3830 mem=429 latency=0
t=3124, issue scalar node 3957 with op add src0=192 src1=193 dst=196 latency=7 penalty=0
t=3125, issue ve node 3831 with op sub src0=180 src1=137 dst=190 latency=7 penalty=0 half=0
t=3126, issue ve node 3833 with op sub src0=182 src1=137 dst=191 latency=7 penalty=0 half=0
t=3127, issue ve node 3949 with op reduce_sum src0=245 src1=-1 dst=190 latency=12 penalty=0
t=3128, issue ve node 4000 with op sub src0=0 src1=214 dst=8 latency=7 penalty=0 half=0
t=3129, issue ve node 4003 with op sub src0=1 src1=214 dst=10 latency=7 penalty=0 half=0
t=3130, issue ve node 4006 with op sub src0=2 src1=214 dst=12 latency=7 penalty=0 half=0
t=3131, issue ve node 4009 with op sub src0=3 src1=214 dst=14 latency=7 penalty=0 half=0
t=3132, issue store node 3832 mem=430 latency=0
t=3132, issue ve node 3952 with op reduce_sum src0=247 src1=-1 dst=191 latency=12 penalty=0
t=3133, issue store node 3834 mem=431 latency=0
t=3133, issue scalar node 3955 with op add src0=188 src1=189 dst=194 latency=7 penalty=0
t=3133, issue ve node 4012 with op sub src0=4 src1=214 dst=16 latency=7 penalty=0 half=0
t=3133, issue load node 4332 gpr=160 mem=488 latency=3
t=3134, issue ve node 4015 with op sub src0=5 src1=214 dst=18 latency=7 penalty=0 half=0
t=3134, issue load node 4334 gpr=161 mem=489 latency=3
t=3135, issue sfu node 4001 with op exp src0=8 src1=-1 dst=9 latency=30 rounds=6 penalty=0 borrow=1
t=3135, issue ve node 4018 with op sub src0=6 src1=214 dst=20 latency=7 penalty=0 half=0
t=3135, issue load node 4338 gpr=163 mem=491 latency=3
t=3136, issue ve node 3890 with op sub src0=200 src1=168 dst=216 latency=7 penalty=0 half=0
t=3136, issue load node 4336 gpr=162 mem=490 latency=3
t=3137, issue ve node 3892 with op sub src0=202 src1=168 dst=217 latency=7 penalty=0 half=0
t=3137, issue load node 4342 gpr=165 mem=493 latency=3
t=3138, issue ve node 3894 with op sub src0=204 src1=168 dst=218 latency=7 penalty=0 half=0
t=3138, issue load node 4340 gpr=164 mem=492 latency=3
t=3139, issue ve node 3896 with op sub src0=206 src1=168 dst=219 latency=7 penalty=0 half=0
t=3139, issue load node 4344 gpr=166 mem=494 latency=3
t=3140, issue ve node 3898 with op sub src0=208 src1=168 dst=220 latency=7 penalty=0 half=0
t=3140, issue load node 4346 gpr=167 mem=495 latency=3
t=3141, issue ve node 3900 with op sub src0=210 src1=168 dst=221 latency=7 penalty=0 half=0
t=3141, issue sfu node 4007 with op exp src0=12 src1=-1 dst=13 latency=30 rounds=6 penalty=0 borrow=1
t=3142, issue ve node 3902 with op sub src0=212 src1=168 dst=222 latency=7 penalty=0 half=0
t=3143, issue store node 3891 mem=432 latency=0
t=3143, issue ve node 3904 with op sub src0=214 src1=168 dst=223 latency=7 penalty=0 half=2
t=3144, issue store node 3893 mem=433 latency=0
t=3144, issue scalar node 3956 with op add src0=190 src1=191 dst=195 latency=7 penalty=0
t=3144, issue ve node 4337 with op reduce_max src0=162 src1=-1 dst=101 latency=7 penalty=0
t=3145, issue store node 3895 mem=434 latency=0
t=3145, issue ve node 4333 with op reduce_max src0=160 src1=-1 dst=99 latency=7 penalty=0
t=3146, issue store node 3897 mem=435 latency=0
t=3146, issue ve node 4335 with op reduce_max src0=161 src1=-1 dst=100 latency=7 penalty=0
t=3147, issue store node 3899 mem=436 latency=0
t=3147, issue sfu node 4004 with op exp src0=10 src1=-1 dst=11 latency=30 rounds=6 penalty=0 borrow=1
t=3147, issue ve node 4021 with op sub src0=7 src1=214 dst=22 latency=7 penalty=0 half=2
t=3148, issue store node 3901 mem=437 latency=0
t=3148, issue ve node 4339 with op reduce_max src0=163 src1=-1 dst=102 latency=7 penalty=0
t=3149, issue store node 3903 mem=438 latency=0
t=3149, issue ve node 4341 with op reduce_max src0=164 src1=-1 dst=103 latency=7 penalty=0
t=3150, issue ve node 4343 with op reduce_max src0=165 src1=-1 dst=104 latency=7 penalty=0
t=3151, issue scalar node 3958 with op add src0=194 src1=195 dst=197 latency=7 penalty=0
t=3151, issue ve node 4071 with op sub src0=32 src1=245 dst=40 latency=7 penalty=0 half=2
t=3152, issue ve node 4345 with op reduce_max src0=166 src1=-1 dst=105 latency=7 penalty=0
t=3153, issue store node 3905 mem=439 latency=0
t=3153, issue sfu node 4010 with op exp src0=14 src1=-1 dst=15 latency=30 rounds=6 penalty=0 borrow=1
t=3153, issue scalar node 4348 with op max src0=99 src1=100 dst=107 latency=7 penalty=0
t=3153, issue load node 4403 gpr=192 mem=496 latency=3
t=3154, issue ve node 4347 with op reduce_max src0=167 src1=-1 dst=106 latency=7 penalty=0
t=3154, issue load node 4405 gpr=193 mem=497 latency=3
t=3155, issue ve node 4074 with op sub src0=33 src1=245 dst=42 latency=7 penalty=0 half=2
t=3155, issue load node 4407 gpr=194 mem=498 latency=3
t=3156, issue scalar node 4349 with op max src0=101 src1=102 dst=108 latency=7 penalty=0
t=3156, issue ve node 4404 with op reduce_max src0=192 src1=-1 dst=130 latency=7 penalty=0
t=3156, issue load node 4409 gpr=195 mem=499 latency=3
t=3157, issue scalar node 4350 with op max src0=103 src1=104 dst=109 latency=7 penalty=0
t=3157, issue ve node 4406 with op reduce_max src0=193 src1=-1 dst=131 latency=7 penalty=0
t=3157, issue load node 4411 gpr=196 mem=500 latency=3
t=3158, issue scalar node 3959 with op add src0=196 src1=197 dst=198 latency=7 penalty=0
t=3158, issue ve node 4408 with op reduce_max src0=194 src1=-1 dst=132 latency=7 penalty=0
t=3158, issue load node 4413 gpr=197 mem=501 latency=3
t=3159, issue sfu node 4013 with op exp src0=16 src1=-1 dst=17 latency=30 rounds=6 penalty=0 borrow=1
t=3159, issue ve node 4077 with op sub src0=34 src1=245 dst=44 latency=7 penalty=0 half=2
t=3159, issue load node 4415 gpr=198 mem=502 latency=3
t=3160, issue ve node 4410 with op reduce_max src0=195 src1=-1 dst=133 latency=7 penalty=0
t=3160, issue load node 4417 gpr=199 mem=503 latency=3
t=3161, issue scalar node 4351 with op max src0=105 src1=106 dst=110 latency=7 penalty=0
t=3161, issue ve node 4414 with op reduce_max src0=197 src1=-1 dst=135 latency=7 penalty=0
t=3162, issue ve node 4412 with op reduce_max src0=196 src1=-1 dst=134 latency=7 penalty=0
t=3163, issue ve node 4080 with op sub src0=35 src1=245 dst=46 latency=7 penalty=0 half=2
t=3163, issue scalar node 4352 with op max src0=107 src1=108 dst=111 latency=7 penalty=0
t=3164, issue ve node 4416 with op reduce_max src0=198 src1=-1 dst=136 latency=7 penalty=0
t=3164, issue scalar node 4419 with op max src0=130 src1=131 dst=138 latency=7 penalty=0
t=3165, issue sfu node 3960 with op ln src0=198 src1=-1 dst=199 latency=22 rounds=0 penalty=0 borrow=1
t=3165, issue ve node 4002 with op reduce_sum src0=9 src1=-1 dst=215 latency=12 penalty=0
t=3166, issue sfu node 4016 with op exp src0=18 src1=-1 dst=19 latency=30 rounds=6 penalty=0 borrow=1
t=3166, issue ve node 4418 with op reduce_max src0=199 src1=-1 dst=137 latency=7 penalty=0
t=3167, issue ve node 4083 with op sub src0=36 src1=245 dst=48 latency=7 penalty=0 half=2
t=3168, issue scalar node 4353 with op max src0=109 src1=110 dst=112 latency=7 penalty=0
t=3169, issue scalar node 4420 with op max src0=132 src1=133 dst=139 latency=7 penalty=0
t=3170, issue scalar node 4421 with op max src0=134 src1=135 dst=140 latency=7 penalty=0
t=3171, issue ve node 4008 with op reduce_sum src0=13 src1=-1 dst=217 latency=12 penalty=0
t=3172, issue sfu node 4019 with op exp src0=20 src1=-1 dst=21 latency=30 rounds=6 penalty=0 borrow=1
t=3172, issue ve node 4086 with op sub src0=37 src1=245 dst=50 latency=7 penalty=0 half=2
t=3173, issue scalar node 4422 with op max src0=136 src1=137 dst=141 latency=7 penalty=0
t=3175, issue scalar node 4354 with op max src0=111 src1=112 dst=113 latency=7 penalty=0
t=3176, issue ve node 4089 with op sub src0=38 src1=245 dst=52 latency=7 penalty=0 half=2
t=3176, issue scalar node 4423 with op max src0=138 src1=139 dst=142 latency=7 penalty=0
t=3177, issue ve node 4005 with op reduce_sum src0=11 src1=-1 dst=216 latency=12 penalty=0
t=3178, issue sfu node 4022 with op exp src0=22 src1=-1 dst=23 latency=30 rounds=6 penalty=0 borrow=1
t=3180, issue ve node 4092 with op sub src0=39 src1=245 dst=54 latency=7 penalty=0 half=2
t=3181, issue scalar node 4424 with op max src0=140 src1=141 dst=143 latency=7 penalty=0
t=3183, issue ve node 4011 with op reduce_sum src0=15 src1=-1 dst=218 latency=12 penalty=0
t=3184, issue sfu node 4072 with op exp src0=40 src1=-1 dst=41 latency=30 rounds=6 penalty=0 borrow=1
t=3184, issue ve node 4145 with op sub src0=65 src1=20 dst=74 latency=7 penalty=0 half=2
t=3188, issue ve node 3961 with op sub src0=232 src1=199 dst=248 latency=7 penalty=0 half=2
t=3189, issue ve node 4014 with op reduce_sum src0=17 src1=-1 dst=219 latency=12 penalty=0
t=3189, issue scalar node 4024 with op add src0=215 src1=216 dst=223 latency=7 penalty=0
t=3190, issue sfu node 4075 with op exp src0=42 src1=-1 dst=43 latency=30 rounds=6 penalty=0 borrow=1
t=3190, issue scalar node 4425 with op max src0=142 src1=143 dst=144 latency=7 penalty=0
t=3192, issue ve node 3965 with op sub src0=236 src1=199 dst=250 latency=7 penalty=0 half=2
t=3195, issue scalar node 4025 with op add src0=217 src1=218 dst=224 latency=7 penalty=0
t=3196, issue ve node 3963 with op sub src0=234 src1=199 dst=249 latency=7 penalty=0 half=2
t=3196, issue sfu node 4078 with op exp src0=44 src1=-1 dst=45 latency=30 rounds=6 penalty=0 borrow=1
t=3197, issue ve node 4017 with op reduce_sum src0=19 src1=-1 dst=220 latency=12 penalty=0
t=3198, issue store node 3962 mem=440 latency=0
t=3200, issue ve node 3967 with op sub src0=238 src1=199 dst=251 latency=7 penalty=0 half=2
t=3202, issue store node 3966 mem=442 latency=0
t=3202, issue ve node 4020 with op reduce_sum src0=21 src1=-1 dst=221 latency=12 penalty=0
t=3202, issue scalar node 4028 with op add src0=223 src1=224 dst=227 latency=7 penalty=0
t=3202, issue sfu node 4084 with op exp src0=48 src1=-1 dst=49 latency=30 rounds=6 penalty=0 borrow=1
t=3204, issue ve node 3969 with op sub src0=240 src1=199 dst=252 latency=7 penalty=0 half=2
t=3206, issue store node 3964 mem=441 latency=0
t=3208, issue ve node 3971 with op sub src0=242 src1=199 dst=253 latency=7 penalty=0 half=2
t=3208, issue sfu node 4090 with op exp src0=52 src1=-1 dst=53 latency=30 rounds=6 penalty=0 borrow=1
t=3209, issue ve node 4023 with op reduce_sum src0=23 src1=-1 dst=222 latency=12 penalty=0
t=3209, issue scalar node 4026 with op add src0=219 src1=220 dst=225 latency=7 penalty=0
t=3210, issue store node 3968 mem=443 latency=0
t=3212, issue ve node 3973 with op sub src0=244 src1=199 dst=254 latency=7 penalty=0 half=2
t=3214, issue store node 3970 mem=444 latency=0
t=3214, issue ve node 4073 with op reduce_sum src0=41 src1=-1 dst=246 latency=12 penalty=0
t=3214, issue sfu node 4081 with op exp src0=46 src1=-1 dst=47 latency=30 rounds=6 penalty=0 borrow=1
t=3216, issue ve node 3975 with op sub src0=246 src1=199 dst=255 latency=7 penalty=0 half=2
t=3218, issue store node 3972 mem=445 latency=0
t=3220, issue ve node 4076 with op reduce_sum src0=43 src1=-1 dst=247 latency=12 penalty=0
t=3220, issue sfu node 4087 with op exp src0=50 src1=-1 dst=51 latency=30 rounds=6 penalty=0 borrow=1
t=3221, issue scalar node 4027 with op add src0=221 src1=222 dst=226 latency=7 penalty=0
t=3221, issue ve node 4142 with op sub src0=64 src1=20 dst=72 latency=7 penalty=0 half=2
t=3222, issue store node 3974 mem=446 latency=0
t=3225, issue ve node 4148 with op sub src0=66 src1=20 dst=76 latency=7 penalty=0 half=2
t=3226, issue store node 3976 mem=447 latency=0
t=3226, issue ve node 4079 with op reduce_sum src0=45 src1=-1 dst=248 latency=12 penalty=0
t=3226, issue sfu node 4093 with op exp src0=54 src1=-1 dst=55 latency=30 rounds=6 penalty=0 borrow=1
t=3226, issue load node 4474 gpr=224 mem=504 latency=3
t=3227, issue load node 4476 gpr=225 mem=505 latency=3
t=3228, issue scalar node 4029 with op add src0=225 src1=226 dst=228 latency=7 penalty=0
t=3228, issue load node 4478 gpr=226 mem=506 latency=3
t=3229, issue ve node 4151 with op sub src0=67 src1=20 dst=78 latency=7 penalty=0 half=2
t=3229, issue load node 4480 gpr=227 mem=507 latency=3
t=3230, issue ve node 4475 with op reduce_max src0=224 src1=-1 dst=161 latency=7 penalty=0
t=3230, issue load node 4482 gpr=228 mem=508 latency=3
t=3231, issue ve node 4477 with op reduce_max src0=225 src1=-1 dst=162 latency=7 penalty=0
t=3231, issue load node 4484 gpr=229 mem=509 latency=3
t=3232, issue ve node 4085 with op reduce_sum src0=49 src1=-1 dst=250 latency=12 penalty=0
t=3232, issue scalar node 4095 with op add src0=246 src1=247 dst=254 latency=7 penalty=0
t=3232, issue sfu node 4143 with op exp src0=72 src1=-1 dst=73 latency=30 rounds=6 penalty=0 borrow=1
t=3232, issue load node 4486 gpr=230 mem=510 latency=3
t=3233, issue ve node 4154 with op sub src0=68 src1=20 dst=80 latency=7 penalty=0 half=2
t=3233, issue load node 4488 gpr=231 mem=511 latency=3
t=3234, issue ve node 4479 with op reduce_max src0=226 src1=-1 dst=163 latency=7 penalty=0
t=3235, issue scalar node 4030 with op add src0=227 src1=228 dst=229 latency=7 penalty=0
t=3235, issue ve node 4481 with op reduce_max src0=227 src1=-1 dst=164 latency=7 penalty=0
t=3236, issue ve node 4483 with op reduce_max src0=228 src1=-1 dst=165 latency=7 penalty=0
t=3237, issue ve node 4157 with op sub src0=69 src1=20 dst=82 latency=7 penalty=0 half=2
t=3238, issue ve node 4091 with op reduce_sum src0=53 src1=-1 dst=252 latency=12 penalty=0
t=3238, issue sfu node 4146 with op exp src0=74 src1=-1 dst=75 latency=30 rounds=6 penalty=0 borrow=1
t=3238, issue scalar node 4490 with op max src0=161 src1=162 dst=169 latency=7 penalty=0
t=3239, issue ve node 4485 with op reduce_max src0=229 src1=-1 dst=166 latency=7 penalty=0
t=3240, issue ve node 4487 with op reduce_max src0=230 src1=-1 dst=167 latency=7 penalty=0
t=3241, issue ve node 4160 with op sub src0=70 src1=20 dst=84 latency=7 penalty=0 half=2
t=3242, issue sfu node 4031 with op ln src0=229 src1=-1 dst=230 latency=22 rounds=0 penalty=0 borrow=1
t=3242, issue ve node 4489 with op reduce_max src0=231 src1=-1 dst=168 latency=7 penalty=0
t=3242, issue scalar node 4491 with op max src0=163 src1=164 dst=170 latency=7 penalty=0
t=3244, issue ve node 4082 with op reduce_sum src0=47 src1=-1 dst=249 latency=12 penalty=0
t=3244, issue sfu node 4149 with op exp src0=76 src1=-1 dst=77 latency=30 rounds=6 penalty=0 borrow=1
t=3245, issue ve node 4163 with op sub src0=71 src1=20 dst=86 latency=7 penalty=0 half=2
t=3246, issue scalar node 4492 with op max src0=165 src1=166 dst=171 latency=7 penalty=0
t=3249, issue ve node 4213 with op sub src0=96 src1=51 dst=104 latency=7 penalty=0 half=2
t=3250, issue ve node 4088 with op reduce_sum src0=51 src1=-1 dst=251 latency=12 penalty=0
t=3250, issue sfu node 4152 with op exp src0=78 src1=-1 dst=79 latency=30 rounds=6 penalty=0 borrow=1
t=3250, issue scalar node 4493 with op max src0=167 src1=168 dst=172 latency=7 penalty=0
t=3251, issue scalar node 4494 with op max src0=169 src1=170 dst=173 latency=7 penalty=0
t=3253, issue ve node 4216 with op sub src0=97 src1=51 dst=106 latency=7 penalty=0 half=2
t=3256, issue ve node 4094 with op reduce_sum src0=55 src1=-1 dst=253 latency=12 penalty=0
t=3256, issue scalar node 4096 with op add src0=248 src1=249 dst=255 latency=7 penalty=0
t=3256, issue sfu node 4155 with op exp src0=80 src1=-1 dst=81 latency=30 rounds=6 penalty=0 borrow=1
t=3257, issue ve node 4219 with op sub src0=98 src1=51 dst=108 latency=7 penalty=0 half=2
t=3258, issue scalar node 4495 with op max src0=171 src1=172 dst=174 latency=7 penalty=0
t=3261, issue ve node 4222 with op sub src0=99 src1=51 dst=110 latency=7 penalty=0 half=2
t=3262, issue scalar node 4097 with op add src0=250 src1=251 dst=0 latency=7 penalty=0
t=3262, issue ve node 4144 with op reduce_sum src0=73 src1=-1 dst=21 latency=12 penalty=0
t=3262, issue sfu node 4158 with op exp src0=82 src1=-1 dst=83 latency=30 rounds=6 penalty=0 borrow=1
t=3263, issue scalar node 4099 with op add src0=254 src1=255 dst=2 latency=7 penalty=0
t=3265, issue ve node 4032 with op sub src0=8 src1=230 dst=24 latency=7 penalty=0 half=2
t=3266, issue scalar node 4496 with op max src0=173 src1=174 dst=175 latency=7 penalty=0
t=3268, issue scalar node 4098 with op add src0=252 src1=253 dst=1 latency=7 penalty=0
t=3268, issue ve node 4147 with op reduce_sum src0=75 src1=-1 dst=22 latency=12 penalty=0
t=3268, issue sfu node 4161 with op exp src0=84 src1=-1 dst=85 latency=30 rounds=6 penalty=0 borrow=1
t=3269, issue ve node 4034 with op sub src0=10 src1=230 dst=25 latency=7 penalty=0 half=2
t=3273, issue ve node 4036 with op sub src0=12 src1=230 dst=26 latency=7 penalty=0 half=2
t=3274, issue ve node 4150 with op reduce_sum src0=77 src1=-1 dst=23 latency=12 penalty=0
t=3274, issue sfu node 4164 with op exp src0=86 src1=-1 dst=87 latency=30 rounds=6 penalty=0 borrow=1
t=3275, issue store node 4033 mem=448 latency=0
t=3275, issue scalar node 4100 with op add src0=0 src1=1 dst=3 latency=7 penalty=0
t=3277, issue ve node 4038 with op sub src0=14 src1=230 dst=27 latency=7 penalty=0 half=2
t=3279, issue store node 4035 mem=449 latency=0
t=3280, issue ve node 4153 with op reduce_sum src0=79 src1=-1 dst=24 latency=12 penalty=0
t=3280, issue scalar node 4166 with op add src0=21 src1=22 dst=29 latency=7 penalty=0
t=3280, issue sfu node 4214 with op exp src0=104 src1=-1 dst=105 latency=30 rounds=6 penalty=0 borrow=1
t=3281, issue ve node 4040 with op sub src0=16 src1=230 dst=28 latency=7 penalty=0 half=2
t=3282, issue scalar node 4101 with op add src0=2 src1=3 dst=4 latency=7 penalty=0
t=3283, issue store node 4037 mem=450 latency=0
t=3285, issue ve node 4042 with op sub src0=18 src1=230 dst=29 latency=7 penalty=0 half=2
t=3286, issue ve node 4156 with op reduce_sum src0=81 src1=-1 dst=25 latency=12 penalty=0
t=3286, issue sfu node 4217 with op exp src0=106 src1=-1 dst=107 latency=30 rounds=6 penalty=0 borrow=1
t=3287, issue store node 4039 mem=451 latency=0
t=3289, issue ve node 4044 with op sub src0=20 src1=230 dst=30 latency=7 penalty=0 half=2
t=3289, issue sfu node 4102 with op ln src0=4 src1=-1 dst=5 latency=22 rounds=0 penalty=0 borrow=1
t=3291, issue store node 4041 mem=452 latency=0
t=3292, issue ve node 4159 with op reduce_sum src0=83 src1=-1 dst=26 latency=12 penalty=0
t=3292, issue scalar node 4167 with op add src0=23 src1=24 dst=30 latency=7 penalty=0
t=3292, issue sfu node 4220 with op exp src0=108 src1=-1 dst=109 latency=30 rounds=6 penalty=0 borrow=1
t=3293, issue ve node 4046 with op sub src0=22 src1=230 dst=31 latency=7 penalty=0 half=2
t=3295, issue store node 4043 mem=453 latency=0
t=3297, issue ve node 4225 with op sub src0=100 src1=51 dst=112 latency=7 penalty=0 half=2
t=3298, issue ve node 4162 with op reduce_sum src0=85 src1=-1 dst=27 latency=12 penalty=0
t=3298, issue sfu node 4223 with op exp src0=110 src1=-1 dst=111 latency=30 rounds=6 penalty=0 borrow=1
t=3299, issue store node 4045 mem=454 latency=0
t=3299, issue scalar node 4170 with op add src0=29 src1=30 dst=33 latency=7 penalty=0
t=3301, issue ve node 4228 with op sub src0=101 src1=51 dst=114 latency=7 penalty=0 half=2
t=3303, issue store node 4047 mem=455 latency=0
t=3304, issue ve node 4165 with op reduce_sum src0=87 src1=-1 dst=28 latency=12 penalty=0
t=3304, issue scalar node 4168 with op add src0=25 src1=26 dst=31 latency=7 penalty=0
t=3305, issue ve node 4231 with op sub src0=102 src1=51 dst=116 latency=7 penalty=0 half=2
t=3307, issue sfu node 4226 with op exp src0=112 src1=-1 dst=113 latency=30 rounds=6 penalty=0 borrow=1
t=3309, issue ve node 4234 with op sub src0=103 src1=51 dst=118 latency=7 penalty=0 half=2
t=3310, issue ve node 4215 with op reduce_sum src0=105 src1=-1 dst=52 latency=12 penalty=0
t=3313, issue sfu node 4229 with op exp src0=114 src1=-1 dst=115 latency=30 rounds=6 penalty=0 borrow=1
t=3315, issue ve node 4103 with op sub src0=40 src1=5 dst=56 latency=7 penalty=0 half=2
t=3316, issue scalar node 4169 with op add src0=27 src1=28 dst=32 latency=7 penalty=0
t=3316, issue ve node 4218 with op reduce_sum src0=107 src1=-1 dst=53 latency=12 penalty=0
t=3319, issue ve node 4105 with op sub src0=42 src1=5 dst=57 latency=7 penalty=0 half=2
t=3319, issue sfu node 4232 with op exp src0=116 src1=-1 dst=117 latency=30 rounds=6 penalty=0 borrow=1
t=3322, issue ve node 4221 with op reduce_sum src0=109 src1=-1 dst=54 latency=12 penalty=0
t=3323, issue ve node 4107 with op sub src0=44 src1=5 dst=58 latency=7 penalty=0 half=2
t=3323, issue scalar node 4171 with op add src0=31 src1=32 dst=34 latency=7 penalty=0
t=3325, issue store node 4104 mem=456 latency=0
t=3325, issue sfu node 4235 with op exp src0=118 src1=-1 dst=119 latency=30 rounds=6 penalty=0 borrow=1
t=3327, issue ve node 4109 with op sub src0=46 src1=5 dst=59 latency=7 penalty=0 half=2
t=3328, issue ve node 4224 with op reduce_sum src0=111 src1=-1 dst=55 latency=12 penalty=0
t=3328, issue scalar node 4237 with op add src0=52 src1=53 dst=60 latency=7 penalty=0
t=3329, issue store node 4106 mem=457 latency=0
t=3330, issue scalar node 4172 with op add src0=33 src1=34 dst=35 latency=7 penalty=0
t=3331, issue ve node 4111 with op sub src0=48 src1=5 dst=60 latency=7 penalty=0 half=2
t=3333, issue store node 4108 mem=458 latency=0
t=3335, issue ve node 4113 with op sub src0=50 src1=5 dst=61 latency=7 penalty=0 half=2
t=3337, issue store node 4110 mem=459 latency=0
t=3337, issue sfu node 4173 with op ln src0=35 src1=-1 dst=36 latency=22 rounds=0 penalty=0 borrow=1
t=3337, issue ve node 4227 with op reduce_sum src0=113 src1=-1 dst=56 latency=12 penalty=0
t=3340, issue scalar node 4238 with op add src0=54 src1=55 dst=61 latency=7 penalty=0
t=3341, issue store node 4112 mem=460 latency=0
t=3343, issue ve node 4230 with op reduce_sum src0=115 src1=-1 dst=57 latency=12 penalty=0
t=3345, issue store node 4114 mem=461 latency=0
t=3347, issue scalar node 4241 with op add src0=60 src1=61 dst=64 latency=7 penalty=0
t=3348, issue ve node 4115 with op sub src0=52 src1=5 dst=62 latency=7 penalty=0 half=0
t=3349, issue ve node 4117 with op sub src0=54 src1=5 dst=63 latency=7 penalty=0 half=0
t=3350, issue ve node 4233 with op reduce_sum src0=117 src1=-1 dst=58 latency=12 penalty=0
t=3351, issue ve node 4284 with op sub src0=128 src1=82 dst=136 latency=7 penalty=0 half=0
t=3352, issue ve node 4287 with op sub src0=129 src1=82 dst=138 latency=7 penalty=0 half=0
t=3353, issue ve node 4290 with op sub src0=130 src1=82 dst=140 latency=7 penalty=0 half=0
t=3354, issue ve node 4293 with op sub src0=131 src1=82 dst=142 latency=7 penalty=0 half=0
t=3355, issue store node 4116 mem=462 latency=0
t=3355, issue ve node 4236 with op reduce_sum src0=119 src1=-1 dst=59 latency=12 penalty=0
t=3356, issue store node 4118 mem=463 latency=0
t=3356, issue scalar node 4239 with op add src0=56 src1=57 dst=62 latency=7 penalty=0
t=3356, issue ve node 4296 with op sub src0=132 src1=82 dst=144 latency=7 penalty=0 half=0
t=3357, issue ve node 4299 with op sub src0=133 src1=82 dst=146 latency=7 penalty=0 half=0
t=3358, issue sfu node 4285 with op exp src0=136 src1=-1 dst=137 latency=30 rounds=6 penalty=0 borrow=1
t=3358, issue ve node 4302 with op sub src0=134 src1=82 dst=148 latency=7 penalty=0 half=0
t=3359, issue ve node 4174 with op sub src0=72 src1=36 dst=88 latency=7 penalty=0 half=0
t=3360, issue ve node 4176 with op sub src0=74 src1=36 dst=89 latency=7 penalty=0 half=0
t=3361, issue ve node 4178 with op sub src0=76 src1=36 dst=90 latency=7 penalty=0 half=0
t=3362, issue ve node 4180 with op sub src0=78 src1=36 dst=91 latency=7 penalty=0 half=0
t=3363, issue ve node 4182 with op sub src0=80 src1=36 dst=92 latency=7 penalty=0 half=0
t=3364, issue ve node 4184 with op sub src0=82 src1=36 dst=93 latency=7 penalty=0 half=0
t=3364, issue sfu node 4291 with op exp src0=140 src1=-1 dst=141 latency=30 rounds=6 penalty=0 borrow=1
t=3365, issue ve node 4186 with op sub src0=84 src1=36 dst=94 latency=7 penalty=0 half=0
t=3366, issue store node 4175 mem=464 latency=0
t=3366, issue ve node 4188 with op sub src0=86 src1=36 dst=95 latency=7 penalty=0 half=2
t=3367, issue store node 4177 mem=465 latency=0
t=3367, issue scalar node 4240 with op add src0=58 src1=59 dst=63 latency=7 penalty=0
t=3368, issue store node 4179 mem=466 latency=0
t=3369, issue store node 4181 mem=467 latency=0
t=3370, issue store node 4183 mem=468 latency=0
t=3370, issue sfu node 4288 with op exp src0=138 src1=-1 dst=139 latency=30 rounds=6 penalty=0 borrow=1
t=3370, issue ve node 4305 with op sub src0=135 src1=82 dst=150 latency=7 penalty=0 half=2
t=3371, issue store node 4185 mem=469 latency=0
t=3372, issue store node 4187 mem=470 latency=0
t=3374, issue scalar node 4242 with op add src0=62 src1=63 dst=65 latency=7 penalty=0
t=3374, issue ve node 4355 with op sub src0=160 src1=113 dst=168 latency=7 penalty=0 half=2
t=3376, issue store node 4189 mem=471 latency=0
t=3376, issue sfu node 4294 with op exp src0=142 src1=-1 dst=143 latency=30 rounds=6 penalty=0 borrow=1
t=3378, issue ve node 4358 with op sub src0=161 src1=113 dst=170 latency=7 penalty=0 half=2
t=3381, issue scalar node 4243 with op add src0=64 src1=65 dst=66 latency=7 penalty=0
t=3382, issue sfu node 4297 with op exp src0=144 src1=-1 dst=145 latency=30 rounds=6 penalty=0 borrow=1
t=3382, issue ve node 4361 with op sub src0=162 src1=113 dst=172 latency=7 penalty=0 half=2
t=3386, issue ve node 4364 with op sub src0=163 src1=113 dst=174 latency=7 penalty=0 half=2
t=3388, issue sfu node 4244 with op ln src0=66 src1=-1 dst=67 latency=22 rounds=0 penalty=0 borrow=1
t=3388, issue ve node 4286 with op reduce_sum src0=137 src1=-1 dst=83 latency=12 penalty=0
t=3389, issue sfu node 4300 with op exp src0=146 src1=-1 dst=147 latency=30 rounds=6 penalty=0 borrow=1
t=3390, issue ve node 4367 with op sub src0=164 src1=113 dst=176 latency=7 penalty=0 half=2
t=3394, issue ve node 4292 with op reduce_sum src0=141 src1=-1 dst=85 latency=12 penalty=0
t=3395, issue sfu node 4303 with op exp src0=148 src1=-1 dst=149 latency=30 rounds=6 penalty=0 borrow=1
t=3395, issue ve node 4370 with op sub src0=165 src1=113 dst=178 latency=7 penalty=0 half=2
t=3399, issue ve node 4373 with op sub src0=166 src1=113 dst=180 latency=7 penalty=0 half=2
t=3400, issue ve node 4289 with op reduce_sum src0=139 src1=-1 dst=84 latency=12 penalty=0
t=3401, issue sfu node 4306 with op exp src0=150 src1=-1 dst=151 latency=30 rounds=6 penalty=0 borrow=1
t=3403, issue ve node 4376 with op sub src0=167 src1=113 dst=182 latency=7 penalty=0 half=2
t=3406, issue ve node 4295 with op reduce_sum src0=143 src1=-1 dst=86 latency=12 penalty=0
t=3407, issue sfu node 4356 with op exp src0=168 src1=-1 dst=169 latency=30 rounds=6 penalty=0 borrow=1
t=3407, issue ve node 4429 with op sub src0=193 src1=144 dst=202 latency=7 penalty=0 half=2
t=3411, issue ve node 4245 with op sub src0=104 src1=67 dst=120 latency=7 penalty=0 half=2
t=3412, issue ve node 4298 with op reduce_sum src0=145 src1=-1 dst=87 latency=12 penalty=0
t=3412, issue scalar node 4308 with op add src0=83 src1=84 dst=91 latency=7 penalty=0
t=3413, issue sfu node 4359 with op exp src0=170 src1=-1 dst=171 latency=30 rounds=6 penalty=0 borrow=1
t=3415, issue ve node 4249 with op sub src0=108 src1=67 dst=122 latency=7 penalty=0 half=2
t=3418, issue scalar node 4309 with op add src0=85 src1=86 dst=92 latency=7 penalty=0
t=3419, issue ve node 4247 with op sub src0=106 src1=67 dst=121 latency=7 penalty=0 half=2
t=3419, issue sfu node 4362 with op exp src0=172 src1=-1 dst=173 latency=30 rounds=6 penalty=0 borrow=1
t=3420, issue ve node 4301 with op reduce_sum src0=147 src1=-1 dst=88 latency=12 penalty=0
t=3421, issue store node 4246 mem=472 latency=0
t=3423, issue ve node 4251 with op sub src0=110 src1=67 dst=123 latency=7 penalty=0 half=2
t=3425, issue store node 4250 mem=474 latency=0
t=3425, issue ve node 4304 with op reduce_sum src0=149 src1=-1 dst=89 latency=12 penalty=0
t=3425, issue scalar node 4312 with op add src0=91 src1=92 dst=95 latency=7 penalty=0
t=3425, issue sfu node 4368 with op exp src0=176 src1=-1 dst=177 latency=30 rounds=6 penalty=0 borrow=1
t=3427, issue ve node 4253 with op sub src0=112 src1=67 dst=124 latency=7 penalty=0 half=2
t=3429, issue store node 4248 mem=473 latency=0
t=3431, issue ve node 4255 with op sub src0=114 src1=67 dst=125 latency=7 penalty=0 half=2
t=3431, issue sfu node 4374 with op exp src0=180 src1=-1 dst=181 latency=30 rounds=6 penalty=0 borrow=1
t=3432, issue ve node 4307 with op reduce_sum src0=151 src1=-1 dst=90 latency=12 penalty=0
t=3432, issue scalar node 4310 with op add src0=87 src1=88 dst=93 latency=7 penalty=0
t=3433, issue store node 4252 mem=475 latency=0
t=3435, issue ve node 4257 with op sub src0=116 src1=67 dst=126 latency=7 penalty=0 half=2
t=3437, issue store node 4254 mem=476 latency=0
t=3437, issue ve node 4357 with op reduce_sum src0=169 src1=-1 dst=114 latency=12 penalty=0
t=3437, issue sfu node 4365 with op exp src0=174 src1=-1 dst=175 latency=30 rounds=6 penalty=0 borrow=1
t=3439, issue ve node 4259 with op sub src0=118 src1=67 dst=127 latency=7 penalty=0 half=2
t=3441, issue store node 4256 mem=477 latency=0
t=3443, issue ve node 4360 with op reduce_sum src0=171 src1=-1 dst=115 latency=12 penalty=0
t=3443, issue sfu node 4371 with op exp src0=178 src1=-1 dst=179 latency=30 rounds=6 penalty=0 borrow=1
t=3444, issue scalar node 4311 with op add src0=89 src1=90 dst=94 latency=7 penalty=0
t=3444, issue ve node 4426 with op sub src0=192 src1=144 dst=200 latency=7 penalty=0 half=2
t=3445, issue store node 4258 mem=478 latency=0
t=3448, issue ve node 4432 with op sub src0=194 src1=144 dst=204 latency=7 penalty=0 half=2
t=3449, issue store node 4260 mem=479 latency=0
t=3449, issue ve node 4363 with op reduce_sum src0=173 src1=-1 dst=116 latency=12 penalty=0
t=3449, issue sfu node 4377 with op exp src0=182 src1=-1 dst=183 latency=30 rounds=6 penalty=0 borrow=1
t=3451, issue scalar node 4313 with op add src0=93 src1=94 dst=96 latency=7 penalty=0
t=3452, issue ve node 4435 with op sub src0=195 src1=144 dst=206 latency=7 penalty=0 half=2
t=3455, issue ve node 4369 with op reduce_sum src0=177 src1=-1 dst=118 latency=12 penalty=0
t=3455, issue scalar node 4379 with op add src0=114 src1=115 dst=122 latency=7 penalty=0
t=3455, issue sfu node 4427 with op exp src0=200 src1=-1 dst=201 latency=30 rounds=6 penalty=0 borrow=1
t=3456, issue ve node 4438 with op sub src0=196 src1=144 dst=208 latency=7 penalty=0 half=2
t=3458, issue scalar node 4314 with op add src0=95 src1=96 dst=97 latency=7 penalty=0
t=3460, issue ve node 4441 with op sub src0=197 src1=144 dst=210 latency=7 penalty=0 half=2
t=3461, issue ve node 4375 with op reduce_sum src0=181 src1=-1 dst=120 latency=12 penalty=0
t=3461, issue sfu node 4430 with op exp src0=202 src1=-1 dst=203 latency=30 rounds=6 penalty=0 borrow=1
t=3464, issue ve node 4444 with op sub src0=198 src1=144 dst=212 latency=7 penalty=0 half=2
t=3465, issue sfu node 4315 with op ln src0=97 src1=-1 dst=98 latency=22 rounds=0 penalty=0 borrow=1
t=3467, issue ve node 4366 with op reduce_sum src0=175 src1=-1 dst=117 latency=12 penalty=0
t=3467, issue sfu node 4433 with op exp src0=204 src1=-1 dst=205 latency=30 rounds=6 penalty=0 borrow=1
t=3468, issue ve node 4447 with op sub src0=199 src1=144 dst=214 latency=7 penalty=0 half=2
t=3472, issue ve node 4497 with op sub src0=224 src1=175 dst=232 latency=7 penalty=0 half=2
t=3473, issue ve node 4372 with op reduce_sum src0=179 src1=-1 dst=119 latency=12 penalty=0
t=3473, issue sfu node 4436 with op exp src0=206 src1=-1 dst=207 latency=30 rounds=6 penalty=0 borrow=1
t=3476, issue ve node 4500 with op sub src0=225 src1=175 dst=234 latency=7 penalty=0 half=2
t=3479, issue ve node 4378 with op reduce_sum src0=183 src1=-1 dst=121 latency=12 penalty=0
t=3479, issue scalar node 4380 with op add src0=116 src1=117 dst=123 latency=7 penalty=0
t=3479, issue sfu node 4439 with op exp src0=208 src1=-1 dst=209 latency=30 rounds=6 penalty=0 borrow=1
t=3480, issue ve node 4503 with op sub src0=226 src1=175 dst=236 latency=7 penalty=0 half=2
t=3484, issue ve node 4506 with op sub src0=227 src1=175 dst=238 latency=7 penalty=0 half=2
t=3485, issue scalar node 4381 with op add src0=118 src1=119 dst=124 latency=7 penalty=0
t=3485, issue ve node 4428 with op reduce_sum src0=201 src1=-1 dst=145 latency=12 penalty=0
t=3485, issue sfu node 4442 with op exp src0=210 src1=-1 dst=211 latency=30 rounds=6 penalty=0 borrow=1
t=3486, issue scalar node 4383 with op add src0=122 src1=123 dst=126 latency=7 penalty=0
t=3488, issue ve node 4316 with op sub src0=136 src1=98 dst=152 latency=7 penalty=0 half=2
t=3491, issue scalar node 4382 with op add src0=120 src1=121 dst=125 latency=7 penalty=0
t=3491, issue ve node 4431 with op reduce_sum src0=203 src1=-1 dst=146 latency=12 penalty=0
t=3491, issue sfu node 4445 with op exp src0=212 src1=-1 dst=213 latency=30 rounds=6 penalty=0 borrow=1
t=3492, issue ve node 4318 with op sub src0=138 src1=98 dst=153 latency=7 penalty=0 half=2
t=3496, issue ve node 4320 with op sub src0=140 src1=98 dst=154 latency=7 penalty=0 half=2
t=3497, issue ve node 4434 with op reduce_sum src0=205 src1=-1 dst=147 latency=12 penalty=0
t=3497, issue sfu node 4448 with op exp src0=214 src1=-1 dst=215 latency=30 rounds=6 penalty=0 borrow=1
t=3498, issue store node 4317 mem=480 latency=0
t=3498, issue scalar node 4384 with op add src0=124 src1=125 dst=127 latency=7 penalty=0
t=3500, issue ve node 4322 with op sub src0=142 src1=98 dst=155 latency=7 penalty=0 half=2
t=3502, issue store node 4319 mem=481 latency=0
t=3503, issue ve node 4437 with op reduce_sum src0=207 src1=-1 dst=148 latency=12 penalty=0
t=3503, issue scalar node 4450 with op add src0=145 src1=146 dst=153 latency=7 penalty=0
t=3503, issue sfu node 4498 with op exp src0=232 src1=-1 dst=233 latency=30 rounds=6 penalty=0 borrow=1
t=3504, issue ve node 4324 with op sub src0=144 src1=98 dst=156 latency=7 penalty=0 half=2
t=3505, issue scalar node 4385 with op add src0=126 src1=127 dst=128 latency=7 penalty=0
t=3506, issue store node 4321 mem=482 latency=0
t=3508, issue ve node 4326 with op sub src0=146 src1=98 dst=157 latency=7 penalty=0 half=2
t=3509, issue ve node 4440 with op reduce_sum src0=209 src1=-1 dst=149 latency=12 penalty=0
t=3509, issue sfu node 4501 with op exp src0=234 src1=-1 dst=235 latency=30 rounds=6 penalty=0 borrow=1
t=3510, issue store node 4323 mem=483 latency=0
t=3512, issue ve node 4328 with op sub src0=148 src1=98 dst=158 latency=7 penalty=0 half=2
t=3512, issue sfu node 4386 with op ln src0=128 src1=-1 dst=129 latency=22 rounds=0 penalty=0 borrow=1
t=3514, issue store node 4325 mem=484 latency=0
t=3515, issue ve node 4443 with op reduce_sum src0=211 src1=-1 dst=150 latency=12 penalty=0
t=3515, issue scalar node 4451 with op add src0=147 src1=148 dst=154 latency=7 penalty=0
t=3515, issue sfu node 4504 with op exp src0=236 src1=-1 dst=237 latency=30 rounds=6 penalty=0 borrow=1
t=3516, issue ve node 4330 with op sub src0=150 src1=98 dst=159 latency=7 penalty=0 half=2
t=3518, issue store node 4327 mem=485 latency=0
t=3520, issue ve node 4509 with op sub src0=228 src1=175 dst=240 latency=7 penalty=0 half=2
t=3521, issue ve node 4446 with op reduce_sum src0=213 src1=-1 dst=151 latency=12 penalty=0
t=3521, issue sfu node 4507 with op exp src0=238 src1=-1 dst=239 latency=30 rounds=6 penalty=0 borrow=1
t=3522, issue store node 4329 mem=486 latency=0
t=3522, issue scalar node 4454 with op add src0=153 src1=154 dst=157 latency=7 penalty=0
t=3524, issue ve node 4512 with op sub src0=229 src1=175 dst=242 latency=7 penalty=0 half=2
t=3526, issue store node 4331 mem=487 latency=0
t=3527, issue ve node 4449 with op reduce_sum src0=215 src1=-1 dst=152 latency=12 penalty=0
t=3527, issue scalar node 4452 with op add src0=149 src1=150 dst=155 latency=7 penalty=0
t=3528, issue ve node 4515 with op sub src0=230 src1=175 dst=244 latency=7 penalty=0 half=2
t=3530, issue sfu node 4510 with op exp src0=240 src1=-1 dst=241 latency=30 rounds=6 penalty=0 borrow=1
t=3532, issue ve node 4518 with op sub src0=231 src1=175 dst=246 latency=7 penalty=0 half=2
t=3533, issue ve node 4499 with op reduce_sum src0=233 src1=-1 dst=176 latency=12 penalty=0
t=3536, issue sfu node 4513 with op exp src0=242 src1=-1 dst=243 latency=30 rounds=6 penalty=0 borrow=1
t=3538, issue ve node 4387 with op sub src0=168 src1=129 dst=184 latency=7 penalty=0 half=2
t=3539, issue scalar node 4453 with op add src0=151 src1=152 dst=156 latency=7 penalty=0
t=3539, issue ve node 4502 with op reduce_sum src0=235 src1=-1 dst=177 latency=12 penalty=0
t=3542, issue ve node 4389 with op sub src0=170 src1=129 dst=185 latency=7 penalty=0 half=2
t=3542, issue sfu node 4516 with op exp src0=244 src1=-1 dst=245 latency=30 rounds=6 penalty=0 borrow=1
t=3545, issue ve node 4505 with op reduce_sum src0=237 src1=-1 dst=178 latency=12 penalty=0
t=3546, issue ve node 4391 with op sub src0=172 src1=129 dst=186 latency=7 penalty=0 half=2
t=3546, issue scalar node 4455 with op add src0=155 src1=156 dst=158 latency=7 penalty=0
t=3548, issue store node 4388 mem=488 latency=0
t=3548, issue sfu node 4519 with op exp src0=246 src1=-1 dst=247 latency=30 rounds=6 penalty=0 borrow=1
t=3550, issue ve node 4393 with op sub src0=174 src1=129 dst=187 latency=7 penalty=0 half=2
t=3551, issue ve node 4508 with op reduce_sum src0=239 src1=-1 dst=179 latency=12 penalty=0
t=3551, issue scalar node 4521 with op add src0=176 src1=177 dst=184 latency=7 penalty=0
t=3552, issue store node 4390 mem=489 latency=0
t=3553, issue scalar node 4456 with op add src0=157 src1=158 dst=159 latency=7 penalty=0
t=3554, issue ve node 4395 with op sub src0=176 src1=129 dst=188 latency=7 penalty=0 half=2
t=3556, issue store node 4392 mem=490 latency=0
t=3558, issue ve node 4397 with op sub src0=178 src1=129 dst=189 latency=7 penalty=0 half=2
t=3560, issue store node 4394 mem=491 latency=0
t=3560, issue sfu node 4457 with op ln src0=159 src1=-1 dst=160 latency=22 rounds=0 penalty=0 borrow=1
t=3560, issue ve node 4511 with op reduce_sum src0=241 src1=-1 dst=180 latency=12 penalty=0
t=3563, issue scalar node 4522 with op add src0=178 src1=179 dst=185 latency=7 penalty=0
t=3564, issue store node 4396 mem=492 latency=0
t=3566, issue ve node 4514 with op reduce_sum src0=243 src1=-1 dst=181 latency=12 penalty=0
t=3568, issue store node 4398 mem=493 latency=0
t=3570, issue scalar node 4525 with op add src0=184 src1=185 dst=188 latency=7 penalty=0
t=3571, issue ve node 4399 with op sub src0=180 src1=129 dst=190 latency=7 penalty=0 half=0
t=3572, issue ve node 4401 with op sub src0=182 src1=129 dst=191 latency=7 penalty=0 half=0
t=3573, issue ve node 4517 with op reduce_sum src0=245 src1=-1 dst=182 latency=12 penalty=0
t=3578, issue store node 4400 mem=494 latency=0
t=3578, issue ve node 4520 with op reduce_sum src0=247 src1=-1 dst=183 latency=12 penalty=0
t=3579, issue store node 4402 mem=495 latency=0
t=3579, issue scalar node 4523 with op add src0=180 src1=181 dst=186 latency=7 penalty=0
t=3582, issue ve node 4458 with op sub src0=200 src1=160 dst=216 latency=7 penalty=0 half=0
t=3583, issue ve node 4460 with op sub src0=202 src1=160 dst=217 latency=7 penalty=0 half=0
t=3584, issue ve node 4462 with op sub src0=204 src1=160 dst=218 latency=7 penalty=0 half=0
t=3585, issue ve node 4464 with op sub src0=206 src1=160 dst=219 latency=7 penalty=0 half=0
t=3586, issue ve node 4466 with op sub src0=208 src1=160 dst=220 latency=7 penalty=0 half=0
t=3587, issue ve node 4468 with op sub src0=210 src1=160 dst=221 latency=7 penalty=0 half=0
t=3588, issue ve node 4470 with op sub src0=212 src1=160 dst=222 latency=7 penalty=0 half=0
t=3589, issue store node 4459 mem=496 latency=0
t=3589, issue ve node 4472 with op sub src0=214 src1=160 dst=223 latency=7 penalty=0 half=0
t=3590, issue store node 4461 mem=497 latency=0
t=3590, issue scalar node 4524 with op add src0=182 src1=183 dst=187 latency=7 penalty=0
t=3591, issue store node 4463 mem=498 latency=0
t=3592, issue store node 4465 mem=499 latency=0
t=3593, issue store node 4467 mem=500 latency=0
t=3594, issue store node 4469 mem=501 latency=0
t=3595, issue store node 4471 mem=502 latency=0
t=3596, issue store node 4473 mem=503 latency=0
t=3597, issue scalar node 4526 with op add src0=186 src1=187 dst=189 latency=7 penalty=0
t=3604, issue scalar node 4527 with op add src0=188 src1=189 dst=190 latency=7 penalty=0
t=3611, issue sfu node 4528 with op ln src0=190 src1=-1 dst=191 latency=22 rounds=0 penalty=0 borrow=1
t=3633, issue ve node 4529 with op sub src0=232 src1=191 dst=248 latency=7 penalty=0 half=0
t=3634, issue ve node 4531 with op sub src0=234 src1=191 dst=249 latency=7 penalty=0 half=0
t=3635, issue ve node 4533 with op sub src0=236 src1=191 dst=250 latency=7 penalty=0 half=0
t=3636, issue ve node 4535 with op sub src0=238 src1=191 dst=251 latency=7 penalty=0 half=0
t=3637, issue ve node 4537 with op sub src0=240 src1=191 dst=252 latency=7 penalty=0 half=0
t=3638, issue ve node 4539 with op sub src0=242 src1=191 dst=253 latency=7 penalty=0 half=0
t=3639, issue ve node 4541 with op sub src0=244 src1=191 dst=254 latency=7 penalty=0 half=0
t=3640, issue store node 4530 mem=504 latency=0
t=3640, issue ve node 4543 with op sub src0=246 src1=191 dst=255 latency=7 penalty=0 half=0
t=3641, issue store node 4532 mem=505 latency=0
t=3642, issue store node 4534 mem=506 latency=0
t=3643, issue store node 4536 mem=507 latency=0
t=3644, issue store node 4538 mem=508 latency=0
t=3645, issue store node 4540 mem=509 latency=0
t=3646, issue store node 4542 mem=510 latency=0
t=3647, issue store node 4544 mem=511 latency=0
调度完成，周期数 = 3649
统计已完成，结果已输出到 /Users/maghu/Desktop/work at school/compress/compress-vliw/analysis_output_6x2/logsoftmax_x64_y2048_mode1performance.txt
Saved VE usage to: /Users/maghu/Desktop/work at school/compress/compress-vliw/analysis_output_6x2/logsoftmax_x64_y2048_mode1/ve_usage.csv
Saved SFU usage to: /Users/maghu/Desktop/work at school/compress/compress-vliw/analysis_output_6x2/logsoftmax_x64_y2048_mode1/sfu_usage.csv
