t,half,imm,connect,dst,src1,src0,mask,optype
0,00,0,00,00000000,00000000,00000000,0,0000
1,00,0,00,00000000,00000000,00000000,0,0000
2,00,0,00,00000000,00000000,00000000,0,0000
3,00,0,01,00000000,00000000,00000000,0,1100
4,00,0,01,00000001,00000000,00000001,0,1100
5,00,0,01,00000010,00000000,00000010,0,1100
6,00,0,01,00000011,00000000,00000011,0,1100
7,00,0,01,00000100,00000000,00000100,0,1100
8,00,0,01,00000101,00000000,00000101,0,1100
9,00,0,01,00000110,00000000,00000110,0,1100
10,00,0,01,00000111,00000000,00000111,0,1100
11,00,0,01,00011111,00000000,00100000,0,1100
12,00,0,01,00100000,00000000,00100001,0,1100
13,00,0,00,00000000,00000000,00000000,0,0000
14,00,0,01,00100001,00000000,00100010,0,1100
15,00,0,01,00100011,00000000,00100100,0,1100
16,00,0,01,00100010,00000000,00100011,0,1100
17,00,0,01,00100100,00000000,00100101,0,1100
18,00,0,01,00100101,00000000,00100110,0,1100
19,00,0,01,00100110,00000000,00100111,0,1100
20,00,0,01,00111110,00000000,01000000,0,1100
21,00,0,01,00111111,00000000,01000001,0,1100
22,00,0,01,01000000,00000000,01000010,0,1100
23,00,0,01,01000001,00000000,01000011,0,1100
24,00,0,01,01000010,00000000,01000100,0,1100
25,00,0,01,01000011,00000000,01000101,0,1100
26,00,0,01,01000100,00000000,01000110,0,1100
27,00,0,01,01000101,00000000,01000111,0,1100
28,00,0,01,01011101,00000000,01100000,0,1100
29,00,0,01,01011110,00000000,01100001,0,1100
30,00,0,01,01100000,00000000,01100011,0,1100
31,00,0,01,01011111,00000000,01100010,0,1100
32,00,0,01,01100001,00000000,01100100,0,1100
33,00,0,01,01100010,00000000,01100101,0,1100
34,00,0,01,01100011,00000000,01100110,0,1100
35,00,0,01,01100100,00000000,01100111,0,1100
36,00,0,01,01111100,00000000,10000000,0,1100
37,00,0,01,01111101,00000000,10000001,0,1100
38,00,0,10,00001000,00001110,00000000,0,0011
39,00,0,10,00001010,00001110,00000001,0,0011
40,00,0,10,00001100,00001110,00000010,0,0011
41,00,0,10,00001110,00001110,00000011,0,0011
42,00,0,10,00010000,00001110,00000100,0,0011
43,00,0,10,00010010,00001110,00000101,0,0011
44,00,0,10,00010100,00001110,00000110,0,0011
45,00,0,10,00010110,00001110,00000111,0,0011
46,00,0,01,01111111,00000000,10000011,0,1100
47,00,0,10,00101000,00101101,00100000,0,0011
48,00,0,10,00101010,00101101,00100001,0,0011
49,00,0,10,00101100,00101101,00100010,0,0011
50,00,0,10,00101110,00101101,00100011,0,0011
51,00,0,10,00110000,00101101,00100100,0,0011
52,00,0,10,00110010,00101101,00100101,0,0011
53,10,0,10,00110100,00101101,00100110,0,0011
54,00,0,01,01111110,00000000,10000010,0,1100
55,00,0,01,10000000,00000000,10000100,0,1100
56,00,0,01,10000001,00000000,10000101,0,1100
57,10,0,10,00110110,00101101,00100111,0,0011
58,00,0,01,10000010,00000000,10000110,0,1100
59,00,0,01,10000011,00000000,10000111,0,1100
60,00,0,01,10011011,00000000,10100000,0,1100
61,10,0,10,01001000,01001100,01000000,0,0011
62,00,0,01,10011100,00000000,10100001,0,1100
63,00,0,01,10011111,00000000,10100100,0,1100
64,00,0,01,10011101,00000000,10100010,0,1100
65,10,0,10,01001010,01001100,01000001,0,0011
66,00,0,01,10011110,00000000,10100011,0,1100
67,00,0,01,10100000,00000000,10100101,0,1100
68,00,0,01,10100001,00000000,10100110,0,1100
69,10,0,10,01001100,01001100,01000010,0,0011
70,00,0,01,10100010,00000000,10100111,0,1100
71,00,0,01,10111010,00000000,11000000,0,1100
72,00,0,01,10111011,00000000,11000001,0,1100
73,10,0,10,01001110,01001100,01000011,0,0011
74,00,0,01,10111101,00000000,11000011,0,1100
75,00,0,01,00001111,00000000,00001001,0,1011
76,00,0,01,10111100,00000000,11000010,0,1100
77,10,0,10,01010000,01001100,01000100,0,0011
78,00,0,01,10111110,00000000,11000100,0,1100
79,00,0,01,10111111,00000000,11000101,0,1100
80,00,0,01,11000000,00000000,11000110,0,1100
81,00,0,01,00010000,00000000,00001011,0,1011
82,10,0,10,01010010,01001100,01000101,0,0011
83,00,0,01,11000001,00000000,11000111,0,1100
84,00,0,01,11011001,00000000,11100000,0,1100
85,00,0,01,11011010,00000000,11100001,0,1100
86,10,0,10,01010100,01001100,01000110,0,0011
87,00,0,01,00010001,00000000,00001101,0,1011
88,00,0,01,11011011,00000000,11100010,0,1100
89,00,0,01,11011100,00000000,11100011,0,1100
90,10,0,10,01010110,01001100,01000111,0,0011
91,00,0,01,11011110,00000000,11100101,0,1100
92,00,0,01,11011111,00000000,11100110,0,1100
93,00,0,01,00010010,00000000,00001111,0,1011
94,10,0,10,01101000,01101011,01100000,0,0011
95,00,0,01,11011101,00000000,11100100,0,1100
96,00,0,01,11100000,00000000,11100111,0,1100
97,00,0,00,00000000,00000000,00000000,0,0000
98,10,0,10,01101010,01101011,01100001,0,0011
99,00,0,01,00010011,00000000,00010001,0,1011
100,00,0,00,00000000,00000000,00000000,0,0000
101,00,0,00,00000000,00000000,00000000,0,0000
102,10,0,10,01101100,01101011,01100010,0,0011
103,00,0,00,00000000,00000000,00000000,0,0000
104,00,0,00,00000000,00000000,00000000,0,0000
105,00,0,01,00010100,00000000,00010011,0,1011
106,10,0,10,01101110,01101011,01100011,0,0011
107,00,0,00,00000000,00000000,00000000,0,0000
108,00,0,00,00000000,00000000,00000000,0,0000
109,00,0,00,00000000,00000000,00000000,0,0000
110,10,0,10,01110000,01101011,01100100,0,0011
111,00,0,01,00010101,00000000,00010101,0,1011
112,00,0,00,00000000,00000000,00000000,0,0000
113,00,0,00,00000000,00000000,00000000,0,0000
114,10,0,10,01110010,01101011,01100101,0,0011
115,00,0,00,00000000,00000000,00000000,0,0000
116,00,0,00,00000000,00000000,00000000,0,0000
117,00,0,01,00010110,00000000,00010111,0,1011
118,10,0,10,01110100,01101011,01100110,0,0011
119,00,0,00,00000000,00000000,00000000,0,0000
120,00,0,00,00000000,00000000,00000000,0,0000
121,00,0,00,00000000,00000000,00000000,0,0000
122,10,0,10,01110110,01101011,01100111,0,0011
123,00,0,01,00101110,00000000,00101001,0,1011
124,00,0,00,00000000,00000000,00000000,0,0000
125,00,0,00,00000000,00000000,00000000,0,0000
126,10,0,10,10001000,10001010,10000000,0,0011
127,00,0,00,00000000,00000000,00000000,0,0000
128,00,0,00,00000000,00000000,00000000,0,0000
129,00,0,01,00101111,00000000,00101011,0,1011
130,10,0,10,10001010,10001010,10000001,0,0011
131,00,0,00,00000000,00000000,00000000,0,0000
132,00,0,00,00000000,00000000,00000000,0,0000
133,00,0,00,00000000,00000000,00000000,0,0000
134,10,0,10,10001100,10001010,10000010,0,0011
135,00,0,01,00110000,00000000,00101101,0,1011
136,00,0,00,00000000,00000000,00000000,0,0000
137,00,0,00,00000000,00000000,00000000,0,0000
138,10,0,10,10001110,10001010,10000011,0,0011
139,00,0,00,00000000,00000000,00000000,0,0000
140,00,0,00,00000000,00000000,00000000,0,0000
141,00,0,01,00110001,00000000,00101111,0,1011
142,10,0,10,10010000,10001010,10000100,0,0011
143,00,0,00,00000000,00000000,00000000,0,0000
144,00,0,00,00000000,00000000,00000000,0,0000
145,00,0,00,00000000,00000000,00000000,0,0000
146,10,0,10,10010010,10001010,10000101,0,0011
147,00,0,01,00110010,00000000,00110001,0,1011
148,00,0,00,00000000,00000000,00000000,0,0000
149,00,0,00,00000000,00000000,00000000,0,0000
150,10,0,10,10010100,10001010,10000110,0,0011
151,00,0,00,00000000,00000000,00000000,0,0000
152,00,0,00,00000000,00000000,00000000,0,0000
153,00,0,01,00110011,00000000,00110011,0,1011
154,10,0,10,10010110,10001010,10000111,0,0011
155,00,0,00,00000000,00000000,00000000,0,0000
156,00,0,00,00000000,00000000,00000000,0,0000
157,00,0,00,00000000,00000000,00000000,0,0000
158,10,0,10,10101000,10101001,10100000,0,0011
159,00,0,01,00110100,00000000,00110101,0,1011
160,00,0,00,00000000,00000000,00000000,0,0000
161,00,0,00,00000000,00000000,00000000,0,0000
162,10,0,10,10101010,10101001,10100001,0,0011
163,00,0,00,00000000,00000000,00000000,0,0000
164,00,0,00,00000000,00000000,00000000,0,0000
165,00,0,01,00110101,00000000,00110111,0,1011
166,10,0,10,10101100,10101001,10100010,0,0011
167,00,0,00,00000000,00000000,00000000,0,0000
168,00,0,00,00000000,00000000,00000000,0,0000
169,00,0,00,00000000,00000000,00000000,0,0000
170,10,0,10,10101110,10101001,10100011,0,0011
171,00,0,01,01001101,00000000,01001001,0,1011
172,00,0,00,00000000,00000000,00000000,0,0000
173,00,0,00,00000000,00000000,00000000,0,0000
174,10,0,10,00011000,00011110,00001000,0,0011
175,00,0,00,00000000,00000000,00000000,0,0000
176,00,0,00,00000000,00000000,00000000,0,0000
177,00,0,01,01001110,00000000,01001011,0,1011
178,10,0,10,00011001,00011110,00001010,0,0011
179,00,0,00,00000000,00000000,00000000,0,0000
180,00,0,00,00000000,00000000,00000000,0,0000
181,00,0,00,00000000,00000000,00000000,0,0000
182,10,0,10,00011010,00011110,00001100,0,0011
183,00,0,01,01001111,00000000,01001101,0,1011
184,00,0,00,00000000,00000000,00000000,0,0000
185,00,0,00,00000000,00000000,00000000,0,0000
186,10,0,10,00011011,00011110,00001110,0,0011
187,00,0,00,00000000,00000000,00000000,0,0000
188,00,0,00,00000000,00000000,00000000,0,0000
189,00,0,01,01010000,00000000,01001111,0,1011
190,10,0,10,00011100,00011110,00010000,0,0011
191,00,0,00,00000000,00000000,00000000,0,0000
192,00,0,00,00000000,00000000,00000000,0,0000
193,00,0,00,00000000,00000000,00000000,0,0000
194,10,0,10,00011101,00011110,00010010,0,0011
195,00,0,01,01010001,00000000,01010001,0,1011
196,00,0,00,00000000,00000000,00000000,0,0000
197,00,0,00,00000000,00000000,00000000,0,0000
198,10,0,10,00011110,00011110,00010100,0,0011
199,00,0,00,00000000,00000000,00000000,0,0000
200,00,0,00,00000000,00000000,00000000,0,0000
201,00,0,01,01010010,00000000,01010011,0,1011
202,10,0,10,00011111,00011110,00010110,0,0011
203,00,0,00,00000000,00000000,00000000,0,0000
204,00,0,00,00000000,00000000,00000000,0,0000
205,00,0,00,00000000,00000000,00000000,0,0000
206,10,0,10,10110000,10101001,10100100,0,0011
207,00,0,01,01010011,00000000,01010101,0,1011
208,00,0,00,00000000,00000000,00000000,0,0000
209,00,0,00,00000000,00000000,00000000,0,0000
210,10,0,10,10110010,10101001,10100101,0,0011
211,00,0,00,00000000,00000000,00000000,0,0000
212,00,0,00,00000000,00000000,00000000,0,0000
213,00,0,01,01010100,00000000,01010111,0,1011
214,10,0,10,10110100,10101001,10100110,0,0011
215,00,0,01,11111000,00000000,00000000,0,1100
216,00,0,01,11111001,00000000,00000001,0,1100
217,00,0,01,11111010,00000000,00000010,0,1100
218,10,0,10,10110110,10101001,10100111,0,0011
219,00,0,01,01101100,00000000,01101001,0,1011
220,00,0,01,11111011,00000000,00000011,0,1100
221,00,0,01,11111100,00000000,00000100,0,1100
222,10,0,10,00111000,00111101,00101000,0,0011
223,00,0,01,11111101,00000000,00000101,0,1100
224,00,0,01,11111110,00000000,00000110,0,1100
225,00,0,01,01101101,00000000,01101011,0,1011
226,10,0,10,00111001,00111101,00101010,0,0011
227,00,0,01,11111111,00000000,00000111,0,1100
228,00,0,00,00000000,00000000,00000000,0,0000
229,00,0,00,00000000,00000000,00000000,0,0000
230,10,0,10,00111010,00111101,00101100,0,0011
231,00,0,01,01101110,00000000,01101101,0,1011
232,00,0,00,00000000,00000000,00000000,0,0000
233,00,0,00,00000000,00000000,00000000,0,0000
234,10,0,10,00111011,00111101,00101110,0,0011
235,00,0,00,00000000,00000000,00000000,0,0000
236,00,0,00,00000000,00000000,00000000,0,0000
237,00,0,01,01101111,00000000,01101111,0,1011
238,10,0,10,00111100,00111101,00110000,0,0011
239,00,0,00,00000000,00000000,00000000,0,0000
240,00,0,00,00000000,00000000,00000000,0,0000
241,00,0,00,00000000,00000000,00000000,0,0000
242,10,0,10,00111101,00111101,00110010,0,0011
243,00,0,01,01110000,00000000,01110001,0,1011
244,00,0,00,00000000,00000000,00000000,0,0000
245,00,0,00,00000000,00000000,00000000,0,0000
246,10,0,10,00111110,00111101,00110100,0,0011
247,00,0,00,00000000,00000000,00000000,0,0000
248,00,0,00,00000000,00000000,00000000,0,0000
249,00,0,01,01110001,00000000,01110011,0,1011
250,10,0,10,00111111,00111101,00110110,0,0011
251,00,0,00,00000000,00000000,00000000,0,0000
252,00,0,00,00000000,00000000,00000000,0,0000
253,00,0,00,00000000,00000000,00000000,0,0000
254,10,0,10,11001000,11001000,11000000,0,0011
255,00,0,01,01110010,00000000,01110101,0,1011
256,00,0,00,00000000,00000000,00000000,0,0000
257,00,0,00,00000000,00000000,00000000,0,0000
258,10,0,10,11001010,11001000,11000001,0,0011
259,00,0,00,00000000,00000000,00000000,0,0000
260,00,0,00,00000000,00000000,00000000,0,0000
261,00,0,01,01110011,00000000,01110111,0,1011
262,10,0,10,11001100,11001000,11000010,0,0011
263,00,0,01,00010111,00000000,00100000,0,1100
264,00,0,01,00011000,00000000,00100001,0,1100
265,00,0,01,00011001,00000000,00100010,0,1100
266,10,0,10,11001110,11001000,11000011,0,0011
267,00,0,01,10001011,00000000,10001001,0,1011
268,00,0,01,00011010,00000000,00100011,0,1100
269,00,0,01,00011011,00000000,00100100,0,1100
270,10,0,10,01011000,01011100,01001000,0,0011
271,00,0,01,00011100,00000000,00100101,0,1100
272,00,0,01,00011101,00000000,00100110,0,1100
273,00,0,01,10001100,00000000,10001011,0,1011
274,10,0,10,01011001,01011100,01001010,0,0011
275,00,0,01,00011110,00000000,00100111,0,1100
276,00,0,00,00000000,00000000,00000000,0,0000
277,00,0,00,00000000,00000000,00000000,0,0000
278,10,0,10,01011010,01011100,01001100,0,0011
279,00,0,01,10001101,00000000,10001101,0,1011
280,00,0,00,00000000,00000000,00000000,0,0000
281,00,0,00,00000000,00000000,00000000,0,0000
282,10,0,10,01011011,01011100,01001110,0,0011
283,00,0,00,00000000,00000000,00000000,0,0000
284,00,0,00,00000000,00000000,00000000,0,0000
285,00,0,01,10001110,00000000,10001111,0,1011
286,10,0,10,01011100,01011100,01010000,0,0011
287,00,0,00,00000000,00000000,00000000,0,0000
288,00,0,00,00000000,00000000,00000000,0,0000
289,00,0,00,00000000,00000000,00000000,0,0000
290,10,0,10,01011101,01011100,01010010,0,0011
291,00,0,01,10001111,00000000,10010001,0,1011
292,00,0,00,00000000,00000000,00000000,0,0000
293,00,0,00,00000000,00000000,00000000,0,0000
294,10,0,10,01011110,01011100,01010100,0,0011
295,00,0,00,00000000,00000000,00000000,0,0000
296,00,0,00,00000000,00000000,00000000,0,0000
297,00,0,01,10010000,00000000,10010011,0,1011
298,10,0,10,01011111,01011100,01010110,0,0011
299,00,0,00,00000000,00000000,00000000,0,0000
300,00,0,00,00000000,00000000,00000000,0,0000
301,00,0,00,00000000,00000000,00000000,0,0000
302,10,0,10,11010000,11001000,11000100,0,0011
303,00,0,01,10010001,00000000,10010101,0,1011
304,00,0,00,00000000,00000000,00000000,0,0000
305,00,0,00,00000000,00000000,00000000,0,0000
306,10,0,10,11010010,11001000,11000101,0,0011
307,00,0,00,00000000,00000000,00000000,0,0000
308,00,0,00,00000000,00000000,00000000,0,0000
309,00,0,01,10010010,00000000,10010111,0,1011
310,10,0,10,11010100,11001000,11000110,0,0011
311,00,0,01,00110110,00000000,01000000,0,1100
312,00,0,01,00110111,00000000,01000001,0,1100
313,00,0,01,00111000,00000000,01000010,0,1100
314,10,0,10,11010110,11001000,11000111,0,0011
315,00,0,01,10101010,00000000,10101001,0,1011
316,00,0,01,00111001,00000000,01000011,0,1100
317,00,0,01,00111010,00000000,01000100,0,1100
318,10,0,10,01111000,01111011,01101000,0,0011
319,00,0,01,00111011,00000000,01000101,0,1100
320,00,0,01,00111100,00000000,01000110,0,1100
321,00,0,01,10101011,00000000,10101011,0,1011
322,10,0,10,01111001,01111011,01101010,0,0011
323,00,0,01,00111101,00000000,01000111,0,1100
324,00,0,00,00000000,00000000,00000000,0,0000
325,00,0,00,00000000,00000000,00000000,0,0000
326,10,0,10,01111010,01111011,01101100,0,0011
327,00,0,01,10101100,00000000,10101101,0,1011
328,00,0,00,00000000,00000000,00000000,0,0000
329,00,0,00,00000000,00000000,00000000,0,0000
330,10,0,10,01111011,01111011,01101110,0,0011
331,00,0,00,00000000,00000000,00000000,0,0000
332,00,0,00,00000000,00000000,00000000,0,0000
333,00,0,01,10101101,00000000,10101111,0,1011
334,10,0,10,01111100,01111011,01110000,0,0011
335,00,0,00,00000000,00000000,00000000,0,0000
336,00,0,00,00000000,00000000,00000000,0,0000
337,00,0,00,00000000,00000000,00000000,0,0000
338,10,0,10,01111101,01111011,01110010,0,0011
339,00,0,01,10101110,00000000,10110001,0,1011
340,00,0,00,00000000,00000000,00000000,0,0000
341,00,0,00,00000000,00000000,00000000,0,0000
342,10,0,10,01111110,01111011,01110100,0,0011
343,00,0,00,00000000,00000000,00000000,0,0000
344,00,0,00,00000000,00000000,00000000,0,0000
345,00,0,01,10101111,00000000,10110011,0,1011
346,10,0,10,01111111,01111011,01110110,0,0011
347,00,0,00,00000000,00000000,00000000,0,0000
348,00,0,00,00000000,00000000,00000000,0,0000
349,00,0,00,00000000,00000000,00000000,0,0000
350,10,0,10,11101000,11100111,11100000,0,0011
351,00,0,01,10110000,00000000,10110101,0,1011
352,00,0,00,00000000,00000000,00000000,0,0000
353,00,0,00,00000000,00000000,00000000,0,0000
354,10,0,10,11101010,11100111,11100001,0,0011
355,00,0,00,00000000,00000000,00000000,0,0000
356,00,0,00,00000000,00000000,00000000,0,0000
357,00,0,01,10110001,00000000,10110111,0,1011
358,10,0,10,11101100,11100111,11100010,0,0011
359,00,0,01,01010101,00000000,01100000,0,1100
360,00,0,01,01010110,00000000,01100001,0,1100
361,00,0,01,01010111,00000000,01100010,0,1100
362,10,0,10,11101110,11100111,11100011,0,0011
363,00,0,01,11001001,00000000,11001001,0,1011
364,00,0,01,01011000,00000000,01100011,0,1100
365,00,0,01,01011001,00000000,01100100,0,1100
366,10,0,10,10011000,10011010,10001000,0,0011
367,00,0,01,01011010,00000000,01100101,0,1100
368,00,0,01,01011011,00000000,01100110,0,1100
369,00,0,01,11001010,00000000,11001011,0,1011
370,10,0,10,10011001,10011010,10001010,0,0011
371,00,0,01,01011100,00000000,01100111,0,1100
372,00,0,00,00000000,00000000,00000000,0,0000
373,00,0,00,00000000,00000000,00000000,0,0000
374,10,0,10,10011010,10011010,10001100,0,0011
375,00,0,01,11001011,00000000,11001101,0,1011
376,00,0,00,00000000,00000000,00000000,0,0000
377,00,0,00,00000000,00000000,00000000,0,0000
378,10,0,10,10011011,10011010,10001110,0,0011
379,00,0,00,00000000,00000000,00000000,0,0000
380,00,0,00,00000000,00000000,00000000,0,0000
381,00,0,01,11001100,00000000,11001111,0,1011
382,10,0,10,10011100,10011010,10010000,0,0011
383,00,0,00,00000000,00000000,00000000,0,0000
384,00,0,00,00000000,00000000,00000000,0,0000
385,00,0,00,00000000,00000000,00000000,0,0000
386,10,0,10,10011101,10011010,10010010,0,0011
387,00,0,01,11001101,00000000,11010001,0,1011
388,00,0,00,00000000,00000000,00000000,0,0000
389,00,0,00,00000000,00000000,00000000,0,0000
390,10,0,10,10011110,10011010,10010100,0,0011
391,00,0,00,00000000,00000000,00000000,0,0000
392,00,0,00,00000000,00000000,00000000,0,0000
393,00,0,01,11001110,00000000,11010011,0,1011
394,10,0,10,10011111,10011010,10010110,0,0011
395,00,0,00,00000000,00000000,00000000,0,0000
396,00,0,00,00000000,00000000,00000000,0,0000
397,00,0,00,00000000,00000000,00000000,0,0000
398,10,0,10,11110000,11100111,11100100,0,0011
399,00,0,01,11001111,00000000,11010101,0,1011
400,00,0,00,00000000,00000000,00000000,0,0000
401,00,0,00,00000000,00000000,00000000,0,0000
402,10,0,10,11110010,11100111,11100101,0,0011
403,00,0,00,00000000,00000000,00000000,0,0000
404,00,0,00,00000000,00000000,00000000,0,0000
405,00,0,01,11010000,00000000,11010111,0,1011
406,10,0,10,11110100,11100111,11100110,0,0011
407,00,0,01,01110100,00000000,10000000,0,1100
408,00,0,01,01110101,00000000,10000001,0,1100
409,00,0,01,01110110,00000000,10000010,0,1100
410,10,0,10,11110110,11100111,11100111,0,0011
411,00,0,01,11101000,00000000,11101001,0,1011
412,00,0,01,01110111,00000000,10000011,0,1100
413,00,0,01,01111000,00000000,10000100,0,1100
414,00,0,01,01111001,00000000,10000101,0,1100
415,00,0,01,01111010,00000000,10000110,0,1100
416,10,0,10,10111000,10111001,10101000,0,0011
417,00,0,01,11101001,00000000,11101011,0,1011
418,00,0,01,01111011,00000000,10000111,0,1100
419,00,0,00,00000000,00000000,00000000,0,0000
420,10,0,10,10111001,10111001,10101010,0,0011
421,00,0,00,00000000,00000000,00000000,0,0000
422,00,0,00,00000000,00000000,00000000,0,0000
423,00,0,01,11101010,00000000,11101101,0,1011
424,10,0,10,10111010,10111001,10101100,0,0011
425,00,0,00,00000000,00000000,00000000,0,0000
426,00,0,00,00000000,00000000,00000000,0,0000
427,00,0,00,00000000,00000000,00000000,0,0000
428,10,0,10,10111011,10111001,10101110,0,0011
429,00,0,01,11101011,00000000,11101111,0,1011
430,00,0,00,00000000,00000000,00000000,0,0000
431,00,0,00,00000000,00000000,00000000,0,0000
432,10,0,10,10111100,10111001,10110000,0,0011
433,00,0,00,00000000,00000000,00000000,0,0000
434,00,0,00,00000000,00000000,00000000,0,0000
435,00,0,00,00000000,00000000,00000000,0,0000
436,10,0,10,10111101,10111001,10110010,0,0011
437,00,0,00,00000000,00000000,00000000,0,0000
438,00,0,01,11101100,00000000,11110001,0,1011
439,00,0,00,00000000,00000000,00000000,0,0000
440,00,0,00,00000000,00000000,00000000,0,0000
441,00,0,00,00000000,00000000,00000000,0,0000
442,00,0,00,00000000,00000000,00000000,0,0000
443,00,0,00,00000000,00000000,00000000,0,0000
444,00,0,01,11101101,00000000,11110011,0,1011
445,00,0,00,00000000,00000000,00000000,0,0000
446,00,0,00,00000000,00000000,00000000,0,0000
447,00,0,00,00000000,00000000,00000000,0,0000
448,00,0,00,00000000,00000000,00000000,0,0000
449,00,0,10,10111110,10111001,10110100,0,0011
450,00,0,10,10111111,10111001,10110110,0,0011
451,00,0,01,11101110,00000000,11110101,0,1011
452,00,0,10,00001000,00000110,00000000,0,0011
453,00,0,10,00001010,00000110,00000001,0,0011
454,00,0,10,00001100,00000110,00000010,0,0011
455,00,0,10,00001110,00000110,00000011,0,0011
456,00,0,01,11101111,00000000,11110111,0,1011
457,00,0,10,00010000,00000110,00000100,0,0011
458,00,0,10,00010010,00000110,00000101,0,0011
459,00,0,10,00010100,00000110,00000110,0,0011
460,00,0,10,11011000,11011000,11001000,0,0011
461,00,0,10,11011001,11011000,11001010,0,0011
462,00,0,10,11011010,11011000,11001100,0,0011
463,00,0,10,11011011,11011000,11001110,0,0011
464,00,0,10,11011100,11011000,11010000,0,0011
465,00,0,10,11011101,11011000,11010010,0,0011
466,00,0,10,11011110,11011000,11010100,0,0011
467,10,0,10,11011111,11011000,11010110,0,0011
468,00,0,01,10010101,00000000,10100010,0,1100
469,00,0,01,10010011,00000000,10100000,0,1100
470,00,0,01,10010100,00000000,10100001,0,1100
471,10,0,10,00010110,00000110,00000111,0,0011
472,00,0,01,10010110,00000000,10100011,0,1100
473,00,0,01,10010111,00000000,10100100,0,1100
474,00,0,01,10011000,00000000,10100101,0,1100
475,10,0,10,00101000,00100101,00100000,0,0011
476,00,0,01,10011001,00000000,10100110,0,1100
477,00,0,00,00000000,00000000,00000000,0,0000
478,00,0,01,10011010,00000000,10100111,0,1100
479,10,0,10,00101010,00100101,00100001,0,0011
480,00,0,01,10110010,00000000,11000000,0,1100
481,00,0,01,10110011,00000000,11000001,0,1100
482,00,0,01,10110100,00000000,11000010,0,1100
483,10,0,10,00101100,00100101,00100010,0,0011
484,00,0,01,10110101,00000000,11000011,0,1100
485,00,0,01,10110111,00000000,11000101,0,1100
486,00,0,01,10110110,00000000,11000100,0,1100
487,10,0,10,00101110,00100101,00100011,0,0011
488,00,0,01,10111000,00000000,11000110,0,1100
489,00,0,01,00000111,00000000,00001001,0,1011
490,00,0,01,10111001,00000000,11000111,0,1100
491,10,0,10,00110000,00100101,00100100,0,0011
492,00,0,00,00000000,00000000,00000000,0,0000
493,00,0,00,00000000,00000000,00000000,0,0000
494,00,0,00,00000000,00000000,00000000,0,0000
495,00,0,01,00001001,00000000,00001101,0,1011
496,10,0,10,00110010,00100101,00100101,0,0011
497,00,0,00,00000000,00000000,00000000,0,0000
498,00,0,00,00000000,00000000,00000000,0,0000
499,00,0,00,00000000,00000000,00000000,0,0000
500,10,0,10,00110100,00100101,00100110,0,0011
501,00,0,01,00001000,00000000,00001011,0,1011
502,00,0,00,00000000,00000000,00000000,0,0000
503,00,0,00,00000000,00000000,00000000,0,0000
504,10,0,10,00110110,00100101,00100111,0,0011
505,00,0,00,00000000,00000000,00000000,0,0000
506,00,0,00,00000000,00000000,00000000,0,0000
507,00,0,01,00001010,00000000,00001111,0,1011
508,10,0,10,01001010,01000100,01000001,0,0011
509,00,0,00,00000000,00000000,00000000,0,0000
510,00,0,00,00000000,00000000,00000000,0,0000
511,00,0,00,00000000,00000000,00000000,0,0000
512,10,0,10,11111000,11110111,11101000,0,0011
513,00,0,01,00001011,00000000,00010001,0,1011
514,00,0,00,00000000,00000000,00000000,0,0000
515,00,0,00,00000000,00000000,00000000,0,0000
516,10,0,10,11111010,11110111,11101100,0,0011
517,00,0,00,00000000,00000000,00000000,0,0000
518,00,0,00,00000000,00000000,00000000,0,0000
519,00,0,00,00000000,00000000,00000000,0,0000
520,10,0,10,11111001,11110111,11101010,0,0011
521,00,0,01,00001100,00000000,00010011,0,1011
522,00,0,00,00000000,00000000,00000000,0,0000
523,00,0,00,00000000,00000000,00000000,0,0000
524,10,0,10,11111011,11110111,11101110,0,0011
525,00,0,00,00000000,00000000,00000000,0,0000
526,00,0,01,00001101,00000000,00010101,0,1011
527,00,0,00,00000000,00000000,00000000,0,0000
528,10,0,10,11111100,11110111,11110000,0,0011
529,00,0,00,00000000,00000000,00000000,0,0000
530,00,0,00,00000000,00000000,00000000,0,0000
531,00,0,00,00000000,00000000,00000000,0,0000
532,10,0,10,11111101,11110111,11110010,0,0011
533,00,0,01,00001110,00000000,00010111,0,1011
534,00,0,00,00000000,00000000,00000000,0,0000
535,00,0,00,00000000,00000000,00000000,0,0000
536,10,0,10,11111110,11110111,11110100,0,0011
537,00,0,00,00000000,00000000,00000000,0,0000
538,00,0,01,00100110,00000000,00101001,0,1011
539,00,0,00,00000000,00000000,00000000,0,0000
540,10,0,10,11111111,11110111,11110110,0,0011
541,00,0,00,00000000,00000000,00000000,0,0000
542,00,0,00,00000000,00000000,00000000,0,0000
543,00,0,00,00000000,00000000,00000000,0,0000
544,00,0,01,00100111,00000000,00101011,0,1011
545,10,0,10,01001000,01000100,01000000,0,0011
546,00,0,00,00000000,00000000,00000000,0,0000
547,00,0,00,00000000,00000000,00000000,0,0000
548,00,0,00,00000000,00000000,00000000,0,0000
549,10,0,10,01001100,01000100,01000010,0,0011
550,00,0,01,00101000,00000000,00101101,0,1011
551,00,0,00,00000000,00000000,00000000,0,0000
552,00,0,00,00000000,00000000,00000000,0,0000
553,10,0,10,01001110,01000100,01000011,0,0011
554,00,0,01,11010001,00000000,11100000,0,1100
555,00,0,01,11010010,00000000,11100001,0,1100
556,00,0,01,00101010,00000000,00110001,0,1011
557,10,0,10,01010000,01000100,01000100,0,0011
558,00,0,01,11010011,00000000,11100010,0,1100
559,00,0,01,11010100,00000000,11100011,0,1100
560,00,0,01,11010101,00000000,11100100,0,1100
561,10,0,10,01010010,01000100,01000101,0,0011
562,00,0,01,00101100,00000000,00110101,0,1011
563,00,0,01,11010110,00000000,11100101,0,1100
564,00,0,01,11010111,00000000,11100110,0,1100
565,10,0,10,01010100,01000100,01000110,0,0011
566,00,0,01,11011000,00000000,11100111,0,1100
567,00,0,00,00000000,00000000,00000000,0,0000
568,00,0,01,00101001,00000000,00101111,0,1011
569,10,0,10,01010110,01000100,01000111,0,0011
570,00,0,00,00000000,00000000,00000000,0,0000
571,00,0,00,00000000,00000000,00000000,0,0000
572,00,0,00,00000000,00000000,00000000,0,0000
573,10,0,10,01101000,01100011,01100000,0,0011
574,00,0,01,00101011,00000000,00110011,0,1011
575,00,0,00,00000000,00000000,00000000,0,0000
576,00,0,00,00000000,00000000,00000000,0,0000
577,10,0,10,01101010,01100011,01100001,0,0011
578,00,0,00,00000000,00000000,00000000,0,0000
579,00,0,00,00000000,00000000,00000000,0,0000
580,00,0,01,00101101,00000000,00110111,0,1011
581,10,0,10,01101100,01100011,01100010,0,0011
582,00,0,00,00000000,00000000,00000000,0,0000
583,00,0,00,00000000,00000000,00000000,0,0000
584,00,0,00,00000000,00000000,00000000,0,0000
585,10,0,10,01101110,01100011,01100011,0,0011
586,00,0,01,01000101,00000000,01001001,0,1011
587,00,0,00,00000000,00000000,00000000,0,0000
588,00,0,00,00000000,00000000,00000000,0,0000
589,10,0,10,00011000,00010110,00001000,0,0011
590,00,0,00,00000000,00000000,00000000,0,0000
591,00,0,00,00000000,00000000,00000000,0,0000
592,00,0,01,01000110,00000000,01001011,0,1011
593,10,0,10,00011001,00010110,00001010,0,0011
594,00,0,00,00000000,00000000,00000000,0,0000
595,00,0,00,00000000,00000000,00000000,0,0000
596,00,0,00,00000000,00000000,00000000,0,0000
597,10,0,10,00011010,00010110,00001100,0,0011
598,00,0,01,01000111,00000000,01001101,0,1011
599,00,0,00,00000000,00000000,00000000,0,0000
600,00,0,00,00000000,00000000,00000000,0,0000
601,10,0,10,00011011,00010110,00001110,0,0011
602,00,0,00,00000000,00000000,00000000,0,0000
603,00,0,00,00000000,00000000,00000000,0,0000
604,00,0,01,01001000,00000000,01001111,0,1011
605,10,0,10,00011100,00010110,00010000,0,0011
606,00,0,00,00000000,00000000,00000000,0,0000
607,00,0,00,00000000,00000000,00000000,0,0000
608,00,0,00,00000000,00000000,00000000,0,0000
609,10,0,10,00011101,00010110,00010010,0,0011
610,00,0,01,01001001,00000000,01010001,0,1011
611,00,0,00,00000000,00000000,00000000,0,0000
612,00,0,00,00000000,00000000,00000000,0,0000
613,10,0,10,00011110,00010110,00010100,0,0011
614,00,0,00,00000000,00000000,00000000,0,0000
615,00,0,00,00000000,00000000,00000000,0,0000
616,00,0,01,01001010,00000000,01010011,0,1011
617,10,0,10,00011111,00010110,00010110,0,0011
618,00,0,00,00000000,00000000,00000000,0,0000
619,00,0,00,00000000,00000000,00000000,0,0000
620,00,0,00,00000000,00000000,00000000,0,0000
621,10,0,10,01110000,01100011,01100100,0,0011
622,00,0,01,01001011,00000000,01010101,0,1011
623,00,0,00,00000000,00000000,00000000,0,0000
624,00,0,00,00000000,00000000,00000000,0,0000
625,10,0,10,01110010,01100011,01100101,0,0011
626,00,0,00,00000000,00000000,00000000,0,0000
627,00,0,00,00000000,00000000,00000000,0,0000
628,00,0,01,01001100,00000000,01010111,0,1011
629,10,0,10,01110100,01100011,01100110,0,0011
630,00,0,01,11110000,00000000,00000000,0,1100
631,00,0,01,11110001,00000000,00000001,0,1100
632,00,0,01,11110010,00000000,00000010,0,1100
633,10,0,10,01110110,01100011,01100111,0,0011
634,00,0,01,01100100,00000000,01101001,0,1011
635,00,0,01,11110011,00000000,00000011,0,1100
636,00,0,01,11110100,00000000,00000100,0,1100
637,00,0,01,11110101,00000000,00000101,0,1100
638,00,0,01,11110110,00000000,00000110,0,1100
639,10,0,10,00111000,00110101,00101000,0,0011
640,00,0,01,01100101,00000000,01101011,0,1011
641,00,0,01,11110111,00000000,00000111,0,1100
642,00,0,00,00000000,00000000,00000000,0,0000
643,10,0,10,00111001,00110101,00101010,0,0011
644,00,0,00,00000000,00000000,00000000,0,0000
645,00,0,00,00000000,00000000,00000000,0,0000
646,00,0,01,01100110,00000000,01101101,0,1011
647,10,0,10,00111010,00110101,00101100,0,0011
648,00,0,00,00000000,00000000,00000000,0,0000
649,00,0,00,00000000,00000000,00000000,0,0000
650,00,0,00,00000000,00000000,00000000,0,0000
651,10,0,10,00111011,00110101,00101110,0,0011
652,00,0,01,01100111,00000000,01101111,0,1011
653,00,0,00,00000000,00000000,00000000,0,0000
654,00,0,00,00000000,00000000,00000000,0,0000
655,10,0,10,00111100,00110101,00110000,0,0011
656,00,0,00,00000000,00000000,00000000,0,0000
657,00,0,00,00000000,00000000,00000000,0,0000
658,00,0,00,00000000,00000000,00000000,0,0000
659,10,0,10,00111101,00110101,00110010,0,0011
660,00,0,00,00000000,00000000,00000000,0,0000
661,00,0,01,01101000,00000000,01110001,0,1011
662,00,0,00,00000000,00000000,00000000,0,0000
663,00,0,00,00000000,00000000,00000000,0,0000
664,00,0,00,00000000,00000000,00000000,0,0000
665,00,0,00,00000000,00000000,00000000,0,0000
666,00,0,00,00000000,00000000,00000000,0,0000
667,00,0,01,01101001,00000000,01110011,0,1011
668,00,0,00,00000000,00000000,00000000,0,0000
669,00,0,00,00000000,00000000,00000000,0,0000
670,00,0,00,00000000,00000000,00000000,0,0000
671,00,0,00,00000000,00000000,00000000,0,0000
672,00,0,10,00111110,00110101,00110100,0,0011
673,00,0,10,00111111,00110101,00110110,0,0011
674,00,0,01,01101010,00000000,01110101,0,1011
675,00,0,10,10001000,10000010,10000000,0,0011
676,00,0,10,10001010,10000010,10000001,0,0011
677,00,0,10,10001100,10000010,10000010,0,0011
678,00,0,10,10001110,10000010,10000011,0,0011
679,00,0,01,01101011,00000000,01110111,0,1011
680,00,0,10,10010000,10000010,10000100,0,0011
681,00,0,10,10010010,10000010,10000101,0,0011
682,00,0,10,10010100,10000010,10000110,0,0011
683,00,0,10,01011000,01010100,01001000,0,0011
684,00,0,10,01011001,01010100,01001010,0,0011
685,00,0,10,01011010,01010100,01001100,0,0011
686,00,0,10,01011011,01010100,01001110,0,0011
687,00,0,10,01011100,01010100,01010000,0,0011
688,00,0,10,01011101,01010100,01010010,0,0011
689,00,0,10,01011110,01010100,01010100,0,0011
690,10,0,10,01011111,01010100,01010110,0,0011
691,00,0,01,00010001,00000000,00100010,0,1100
692,00,0,01,00001111,00000000,00100000,0,1100
693,00,0,01,00010000,00000000,00100001,0,1100
694,10,0,10,10010110,10000010,10000111,0,0011
695,00,0,01,00010010,00000000,00100011,0,1100
696,00,0,01,00010011,00000000,00100100,0,1100
697,00,0,01,00010100,00000000,00100101,0,1100
698,10,0,10,10101000,10100001,10100000,0,0011
699,00,0,01,00010101,00000000,00100110,0,1100
700,00,0,00,00000000,00000000,00000000,0,0000
701,00,0,01,00010110,00000000,00100111,0,1100
702,10,0,10,10101010,10100001,10100001,0,0011
703,00,0,01,00101110,00000000,01000000,0,1100
704,00,0,01,00101111,00000000,01000001,0,1100
705,00,0,01,00110000,00000000,01000010,0,1100
706,10,0,10,10101100,10100001,10100010,0,0011
707,00,0,01,00110001,00000000,01000011,0,1100
708,00,0,01,00110011,00000000,01000101,0,1100
709,00,0,01,00110010,00000000,01000100,0,1100
710,10,0,10,10101110,10100001,10100011,0,0011
711,00,0,01,00110100,00000000,01000110,0,1100
712,00,0,01,10000011,00000000,10001001,0,1011
713,00,0,01,00110101,00000000,01000111,0,1100
714,10,0,10,10110000,10100001,10100100,0,0011
715,00,0,00,00000000,00000000,00000000,0,0000
716,00,0,00,00000000,00000000,00000000,0,0000
717,00,0,00,00000000,00000000,00000000,0,0000
718,00,0,01,10000101,00000000,10001101,0,1011
719,10,0,10,10110010,10100001,10100101,0,0011
720,00,0,00,00000000,00000000,00000000,0,0000
721,00,0,00,00000000,00000000,00000000,0,0000
722,00,0,00,00000000,00000000,00000000,0,0000
723,10,0,10,10110100,10100001,10100110,0,0011
724,00,0,01,10000100,00000000,10001011,0,1011
725,00,0,00,00000000,00000000,00000000,0,0000
726,00,0,00,00000000,00000000,00000000,0,0000
727,10,0,10,10110110,10100001,10100111,0,0011
728,00,0,00,00000000,00000000,00000000,0,0000
729,00,0,00,00000000,00000000,00000000,0,0000
730,00,0,01,10000110,00000000,10001111,0,1011
731,10,0,10,11001010,11000000,11000001,0,0011
732,00,0,00,00000000,00000000,00000000,0,0000
733,00,0,00,00000000,00000000,00000000,0,0000
734,00,0,00,00000000,00000000,00000000,0,0000
735,10,0,10,01111000,01110011,01101000,0,0011
736,00,0,01,10000111,00000000,10010001,0,1011
737,00,0,00,00000000,00000000,00000000,0,0000
738,00,0,00,00000000,00000000,00000000,0,0000
739,10,0,10,01111010,01110011,01101100,0,0011
740,00,0,00,00000000,00000000,00000000,0,0000
741,00,0,00,00000000,00000000,00000000,0,0000
742,00,0,00,00000000,00000000,00000000,0,0000
743,10,0,10,01111001,01110011,01101010,0,0011
744,00,0,01,10001000,00000000,10010011,0,1011
745,00,0,00,00000000,00000000,00000000,0,0000
746,00,0,00,00000000,00000000,00000000,0,0000
747,10,0,10,01111011,01110011,01101110,0,0011
748,00,0,00,00000000,00000000,00000000,0,0000
749,00,0,01,10001001,00000000,10010101,0,1011
750,00,0,00,00000000,00000000,00000000,0,0000
751,10,0,10,01111100,01110011,01110000,0,0011
752,00,0,00,00000000,00000000,00000000,0,0000
753,00,0,00,00000000,00000000,00000000,0,0000
754,00,0,00,00000000,00000000,00000000,0,0000
755,10,0,10,01111101,01110011,01110010,0,0011
756,00,0,01,10001010,00000000,10010111,0,1011
757,00,0,00,00000000,00000000,00000000,0,0000
758,00,0,00,00000000,00000000,00000000,0,0000
759,10,0,10,01111110,01110011,01110100,0,0011
760,00,0,00,00000000,00000000,00000000,0,0000
761,00,0,01,10100010,00000000,10101001,0,1011
762,00,0,00,00000000,00000000,00000000,0,0000
763,10,0,10,01111111,01110011,01110110,0,0011
764,00,0,00,00000000,00000000,00000000,0,0000
765,00,0,00,00000000,00000000,00000000,0,0000
766,00,0,00,00000000,00000000,00000000,0,0000
767,00,0,01,10100011,00000000,10101011,0,1011
768,10,0,10,11001000,11000000,11000000,0,0011
769,00,0,00,00000000,00000000,00000000,0,0000
770,00,0,00,00000000,00000000,00000000,0,0000
771,00,0,00,00000000,00000000,00000000,0,0000
772,10,0,10,11001100,11000000,11000010,0,0011
773,00,0,01,10100100,00000000,10101101,0,1011
774,00,0,00,00000000,00000000,00000000,0,0000
775,00,0,00,00000000,00000000,00000000,0,0000
776,10,0,10,11001110,11000000,11000011,0,0011
777,00,0,01,01001101,00000000,01100000,0,1100
778,00,0,01,01001110,00000000,01100001,0,1100
779,00,0,01,10100110,00000000,10110001,0,1011
780,10,0,10,11010000,11000000,11000100,0,0011
781,00,0,01,01001111,00000000,01100010,0,1100
782,00,0,01,01010000,00000000,01100011,0,1100
783,00,0,01,01010001,00000000,01100100,0,1100
784,10,0,10,11010010,11000000,11000101,0,0011
785,00,0,01,10101000,00000000,10110101,0,1011
786,00,0,01,01010010,00000000,01100101,0,1100
787,00,0,01,01010011,00000000,01100110,0,1100
788,10,0,10,11010100,11000000,11000110,0,0011
789,00,0,01,01010100,00000000,01100111,0,1100
790,00,0,00,00000000,00000000,00000000,0,0000
791,00,0,01,10100101,00000000,10101111,0,1011
792,10,0,10,11010110,11000000,11000111,0,0011
793,00,0,00,00000000,00000000,00000000,0,0000
794,00,0,00,00000000,00000000,00000000,0,0000
795,00,0,00,00000000,00000000,00000000,0,0000
796,10,0,10,11101000,11011111,11100000,0,0011
797,00,0,01,10100111,00000000,10110011,0,1011
798,00,0,00,00000000,00000000,00000000,0,0000
799,00,0,00,00000000,00000000,00000000,0,0000
800,10,0,10,11101010,11011111,11100001,0,0011
801,00,0,00,00000000,00000000,00000000,0,0000
802,00,0,00,00000000,00000000,00000000,0,0000
803,00,0,01,10101001,00000000,10110111,0,1011
804,10,0,10,11101100,11011111,11100010,0,0011
805,00,0,00,00000000,00000000,00000000,0,0000
806,00,0,00,00000000,00000000,00000000,0,0000
807,00,0,00,00000000,00000000,00000000,0,0000
808,10,0,10,11101110,11011111,11100011,0,0011
809,00,0,01,11000001,00000000,11001001,0,1011
810,00,0,00,00000000,00000000,00000000,0,0000
811,00,0,00,00000000,00000000,00000000,0,0000
812,10,0,10,10011000,10010010,10001000,0,0011
813,00,0,00,00000000,00000000,00000000,0,0000
814,00,0,00,00000000,00000000,00000000,0,0000
815,00,0,01,11000010,00000000,11001011,0,1011
816,10,0,10,10011001,10010010,10001010,0,0011
817,00,0,00,00000000,00000000,00000000,0,0000
818,00,0,00,00000000,00000000,00000000,0,0000
819,00,0,00,00000000,00000000,00000000,0,0000
820,10,0,10,10011010,10010010,10001100,0,0011
821,00,0,01,11000011,00000000,11001101,0,1011
822,00,0,00,00000000,00000000,00000000,0,0000
823,00,0,00,00000000,00000000,00000000,0,0000
824,10,0,10,10011011,10010010,10001110,0,0011
825,00,0,00,00000000,00000000,00000000,0,0000
826,00,0,00,00000000,00000000,00000000,0,0000
827,00,0,01,11000100,00000000,11001111,0,1011
828,10,0,10,10011100,10010010,10010000,0,0011
829,00,0,00,00000000,00000000,00000000,0,0000
830,00,0,00,00000000,00000000,00000000,0,0000
831,00,0,00,00000000,00000000,00000000,0,0000
832,10,0,10,10011101,10010010,10010010,0,0011
833,00,0,01,11000101,00000000,11010001,0,1011
834,00,0,00,00000000,00000000,00000000,0,0000
835,00,0,00,00000000,00000000,00000000,0,0000
836,10,0,10,10011110,10010010,10010100,0,0011
837,00,0,00,00000000,00000000,00000000,0,0000
838,00,0,00,00000000,00000000,00000000,0,0000
839,00,0,01,11000110,00000000,11010011,0,1011
840,10,0,10,10011111,10010010,10010110,0,0011
841,00,0,00,00000000,00000000,00000000,0,0000
842,00,0,00,00000000,00000000,00000000,0,0000
843,00,0,00,00000000,00000000,00000000,0,0000
844,10,0,10,11110000,11011111,11100100,0,0011
845,00,0,01,11000111,00000000,11010101,0,1011
846,00,0,00,00000000,00000000,00000000,0,0000
847,00,0,00,00000000,00000000,00000000,0,0000
848,10,0,10,11110010,11011111,11100101,0,0011
849,00,0,00,00000000,00000000,00000000,0,0000
850,00,0,00,00000000,00000000,00000000,0,0000
851,00,0,01,11001000,00000000,11010111,0,1011
852,10,0,10,11110100,11011111,11100110,0,0011
853,00,0,01,01101100,00000000,10000000,0,1100
854,00,0,01,01101101,00000000,10000001,0,1100
855,00,0,01,01101110,00000000,10000010,0,1100
856,10,0,10,11110110,11011111,11100111,0,0011
857,00,0,01,11100000,00000000,11101001,0,1011
858,00,0,01,01101111,00000000,10000011,0,1100
859,00,0,01,01110000,00000000,10000100,0,1100
860,00,0,01,01110001,00000000,10000101,0,1100
861,00,0,01,01110010,00000000,10000110,0,1100
862,10,0,10,10111000,10110001,10101000,0,0011
863,00,0,01,11100001,00000000,11101011,0,1011
864,00,0,01,01110011,00000000,10000111,0,1100
865,00,0,00,00000000,00000000,00000000,0,0000
866,10,0,10,10111001,10110001,10101010,0,0011
867,00,0,00,00000000,00000000,00000000,0,0000
868,00,0,00,00000000,00000000,00000000,0,0000
869,00,0,01,11100010,00000000,11101101,0,1011
870,10,0,10,10111010,10110001,10101100,0,0011
871,00,0,00,00000000,00000000,00000000,0,0000
872,00,0,00,00000000,00000000,00000000,0,0000
873,00,0,00,00000000,00000000,00000000,0,0000
874,10,0,10,10111011,10110001,10101110,0,0011
875,00,0,01,11100011,00000000,11101111,0,1011
876,00,0,00,00000000,00000000,00000000,0,0000
877,00,0,00,00000000,00000000,00000000,0,0000
878,10,0,10,10111100,10110001,10110000,0,0011
879,00,0,00,00000000,00000000,00000000,0,0000
880,00,0,00,00000000,00000000,00000000,0,0000
881,00,0,00,00000000,00000000,00000000,0,0000
882,10,0,10,10111101,10110001,10110010,0,0011
883,00,0,00,00000000,00000000,00000000,0,0000
884,00,0,01,11100100,00000000,11110001,0,1011
885,00,0,00,00000000,00000000,00000000,0,0000
886,00,0,00,00000000,00000000,00000000,0,0000
887,00,0,00,00000000,00000000,00000000,0,0000
888,00,0,00,00000000,00000000,00000000,0,0000
889,00,0,00,00000000,00000000,00000000,0,0000
890,00,0,01,11100101,00000000,11110011,0,1011
891,00,0,00,00000000,00000000,00000000,0,0000
892,00,0,00,00000000,00000000,00000000,0,0000
893,00,0,00,00000000,00000000,00000000,0,0000
894,00,0,00,00000000,00000000,00000000,0,0000
895,00,0,10,10111110,10110001,10110100,0,0011
896,00,0,10,10111111,10110001,10110110,0,0011
897,00,0,01,11100110,00000000,11110101,0,1011
898,00,0,10,00001000,11111110,00000000,0,0011
899,00,0,10,00001010,11111110,00000001,0,0011
900,00,0,10,00001100,11111110,00000010,0,0011
901,00,0,10,00001110,11111110,00000011,0,0011
902,00,0,01,11100111,00000000,11110111,0,1011
903,00,0,10,00010000,11111110,00000100,0,0011
904,00,0,10,00010010,11111110,00000101,0,0011
905,00,0,10,00010100,11111110,00000110,0,0011
906,00,0,10,11011000,11010000,11001000,0,0011
907,00,0,10,11011001,11010000,11001010,0,0011
908,00,0,10,11011010,11010000,11001100,0,0011
909,00,0,10,11011011,11010000,11001110,0,0011
910,00,0,10,11011100,11010000,11010000,0,0011
911,00,0,10,11011101,11010000,11010010,0,0011
912,00,0,10,11011110,11010000,11010100,0,0011
913,10,0,10,11011111,11010000,11010110,0,0011
914,00,0,01,10001101,00000000,10100010,0,1100
915,00,0,01,10001011,00000000,10100000,0,1100
916,00,0,01,10001100,00000000,10100001,0,1100
917,10,0,10,00010110,11111110,00000111,0,0011
918,00,0,01,10001110,00000000,10100011,0,1100
919,00,0,01,10001111,00000000,10100100,0,1100
920,00,0,01,10010000,00000000,10100101,0,1100
921,10,0,10,00101000,00011101,00100000,0,0011
922,00,0,01,10010001,00000000,10100110,0,1100
923,00,0,00,00000000,00000000,00000000,0,0000
924,00,0,01,10010010,00000000,10100111,0,1100
925,10,0,10,00101010,00011101,00100001,0,0011
926,00,0,01,10101010,00000000,11000000,0,1100
927,00,0,01,10101011,00000000,11000001,0,1100
928,00,0,01,10101100,00000000,11000010,0,1100
929,10,0,10,00101100,00011101,00100010,0,0011
930,00,0,01,10101101,00000000,11000011,0,1100
931,00,0,01,10101111,00000000,11000101,0,1100
932,00,0,01,10101110,00000000,11000100,0,1100
933,10,0,10,00101110,00011101,00100011,0,0011
934,00,0,01,10110000,00000000,11000110,0,1100
935,00,0,01,11111111,00000000,00001001,0,1011
936,00,0,01,10110001,00000000,11000111,0,1100
937,10,0,10,00110000,00011101,00100100,0,0011
938,00,0,00,00000000,00000000,00000000,0,0000
939,00,0,00,00000000,00000000,00000000,0,0000
940,00,0,00,00000000,00000000,00000000,0,0000
941,00,0,01,00000001,00000000,00001101,0,1011
942,10,0,10,00110010,00011101,00100101,0,0011
943,00,0,00,00000000,00000000,00000000,0,0000
944,00,0,00,00000000,00000000,00000000,0,0000
945,00,0,00,00000000,00000000,00000000,0,0000
946,10,0,10,00110100,00011101,00100110,0,0011
947,00,0,01,00000000,00000000,00001011,0,1011
948,00,0,00,00000000,00000000,00000000,0,0000
949,00,0,00,00000000,00000000,00000000,0,0000
950,10,0,10,00110110,00011101,00100111,0,0011
951,00,0,00,00000000,00000000,00000000,0,0000
952,00,0,00,00000000,00000000,00000000,0,0000
953,00,0,01,00000010,00000000,00001111,0,1011
954,10,0,10,01001010,00111100,01000001,0,0011
955,00,0,00,00000000,00000000,00000000,0,0000
956,00,0,00,00000000,00000000,00000000,0,0000
957,00,0,00,00000000,00000000,00000000,0,0000
958,10,0,10,11111000,11101111,11101000,0,0011
959,00,0,01,00000011,00000000,00010001,0,1011
960,00,0,00,00000000,00000000,00000000,0,0000
961,00,0,00,00000000,00000000,00000000,0,0000
962,10,0,10,11111010,11101111,11101100,0,0011
963,00,0,00,00000000,00000000,00000000,0,0000
964,00,0,00,00000000,00000000,00000000,0,0000
965,00,0,00,00000000,00000000,00000000,0,0000
966,10,0,10,11111001,11101111,11101010,0,0011
967,00,0,01,00000100,00000000,00010011,0,1011
968,00,0,00,00000000,00000000,00000000,0,0000
969,00,0,00,00000000,00000000,00000000,0,0000
970,10,0,10,11111011,11101111,11101110,0,0011
971,00,0,00,00000000,00000000,00000000,0,0000
972,00,0,01,00000101,00000000,00010101,0,1011
973,00,0,00,00000000,00000000,00000000,0,0000
974,10,0,10,11111100,11101111,11110000,0,0011
975,00,0,00,00000000,00000000,00000000,0,0000
976,00,0,00,00000000,00000000,00000000,0,0000
977,00,0,00,00000000,00000000,00000000,0,0000
978,10,0,10,11111101,11101111,11110010,0,0011
979,00,0,01,00000110,00000000,00010111,0,1011
980,00,0,00,00000000,00000000,00000000,0,0000
981,00,0,00,00000000,00000000,00000000,0,0000
982,10,0,10,11111110,11101111,11110100,0,0011
983,00,0,00,00000000,00000000,00000000,0,0000
984,00,0,01,00011110,00000000,00101001,0,1011
985,00,0,00,00000000,00000000,00000000,0,0000
986,10,0,10,11111111,11101111,11110110,0,0011
987,00,0,00,00000000,00000000,00000000,0,0000
988,00,0,00,00000000,00000000,00000000,0,0000
989,00,0,00,00000000,00000000,00000000,0,0000
990,00,0,01,00011111,00000000,00101011,0,1011
991,10,0,10,01001000,00111100,01000000,0,0011
992,00,0,00,00000000,00000000,00000000,0,0000
993,00,0,00,00000000,00000000,00000000,0,0000
994,00,0,00,00000000,00000000,00000000,0,0000
995,10,0,10,01001100,00111100,01000010,0,0011
996,00,0,01,00100000,00000000,00101101,0,1011
997,00,0,00,00000000,00000000,00000000,0,0000
998,00,0,00,00000000,00000000,00000000,0,0000
999,10,0,10,01001110,00111100,01000011,0,0011
1000,00,0,01,11001001,00000000,11100000,0,1100
1001,00,0,01,11001010,00000000,11100001,0,1100
1002,00,0,01,00100010,00000000,00110001,0,1011
1003,10,0,10,01010000,00111100,01000100,0,0011
1004,00,0,01,11001011,00000000,11100010,0,1100
1005,00,0,01,11001100,00000000,11100011,0,1100
1006,00,0,01,11001101,00000000,11100100,0,1100
1007,10,0,10,01010010,00111100,01000101,0,0011
1008,00,0,01,00100100,00000000,00110101,0,1011
1009,00,0,01,11001110,00000000,11100101,0,1100
1010,00,0,01,11001111,00000000,11100110,0,1100
1011,10,0,10,01010100,00111100,01000110,0,0011
1012,00,0,01,11010000,00000000,11100111,0,1100
1013,00,0,00,00000000,00000000,00000000,0,0000
1014,00,0,01,00100001,00000000,00101111,0,1011
1015,10,0,10,01010110,00111100,01000111,0,0011
1016,00,0,00,00000000,00000000,00000000,0,0000
1017,00,0,00,00000000,00000000,00000000,0,0000
1018,00,0,00,00000000,00000000,00000000,0,0000
1019,10,0,10,01101000,01011011,01100000,0,0011
1020,00,0,01,00100011,00000000,00110011,0,1011
1021,00,0,00,00000000,00000000,00000000,0,0000
1022,00,0,00,00000000,00000000,00000000,0,0000
1023,10,0,10,01101010,01011011,01100001,0,0011
1024,00,0,00,00000000,00000000,00000000,0,0000
1025,00,0,00,00000000,00000000,00000000,0,0000
1026,00,0,01,00100101,00000000,00110111,0,1011
1027,10,0,10,01101100,01011011,01100010,0,0011
1028,00,0,00,00000000,00000000,00000000,0,0000
1029,00,0,00,00000000,00000000,00000000,0,0000
1030,00,0,00,00000000,00000000,00000000,0,0000
1031,10,0,10,01101110,01011011,01100011,0,0011
1032,00,0,01,00111101,00000000,01001001,0,1011
1033,00,0,00,00000000,00000000,00000000,0,0000
1034,00,0,00,00000000,00000000,00000000,0,0000
1035,10,0,10,00011000,00001110,00001000,0,0011
1036,00,0,00,00000000,00000000,00000000,0,0000
1037,00,0,00,00000000,00000000,00000000,0,0000
1038,00,0,01,00111110,00000000,01001011,0,1011
1039,10,0,10,00011001,00001110,00001010,0,0011
1040,00,0,00,00000000,00000000,00000000,0,0000
1041,00,0,00,00000000,00000000,00000000,0,0000
1042,00,0,00,00000000,00000000,00000000,0,0000
1043,10,0,10,00011010,00001110,00001100,0,0011
1044,00,0,01,00111111,00000000,01001101,0,1011
1045,00,0,00,00000000,00000000,00000000,0,0000
1046,00,0,00,00000000,00000000,00000000,0,0000
1047,10,0,10,00011011,00001110,00001110,0,0011
1048,00,0,00,00000000,00000000,00000000,0,0000
1049,00,0,00,00000000,00000000,00000000,0,0000
1050,00,0,01,01000000,00000000,01001111,0,1011
1051,10,0,10,00011100,00001110,00010000,0,0011
1052,00,0,00,00000000,00000000,00000000,0,0000
1053,00,0,00,00000000,00000000,00000000,0,0000
1054,00,0,00,00000000,00000000,00000000,0,0000
1055,10,0,10,00011101,00001110,00010010,0,0011
1056,00,0,01,01000001,00000000,01010001,0,1011
1057,00,0,00,00000000,00000000,00000000,0,0000
1058,00,0,00,00000000,00000000,00000000,0,0000
1059,10,0,10,00011110,00001110,00010100,0,0011
1060,00,0,00,00000000,00000000,00000000,0,0000
1061,00,0,00,00000000,00000000,00000000,0,0000
1062,00,0,01,01000010,00000000,01010011,0,1011
1063,10,0,10,00011111,00001110,00010110,0,0011
1064,00,0,00,00000000,00000000,00000000,0,0000
1065,00,0,00,00000000,00000000,00000000,0,0000
1066,00,0,00,00000000,00000000,00000000,0,0000
1067,10,0,10,01110000,01011011,01100100,0,0011
1068,00,0,01,01000011,00000000,01010101,0,1011
1069,00,0,00,00000000,00000000,00000000,0,0000
1070,00,0,00,00000000,00000000,00000000,0,0000
1071,10,0,10,01110010,01011011,01100101,0,0011
1072,00,0,00,00000000,00000000,00000000,0,0000
1073,00,0,00,00000000,00000000,00000000,0,0000
1074,00,0,01,01000100,00000000,01010111,0,1011
1075,10,0,10,01110100,01011011,01100110,0,0011
1076,00,0,01,11101000,00000000,00000000,0,1100
1077,00,0,01,11101001,00000000,00000001,0,1100
1078,00,0,01,11101010,00000000,00000010,0,1100
1079,10,0,10,01110110,01011011,01100111,0,0011
1080,00,0,01,01011100,00000000,01101001,0,1011
1081,00,0,01,11101011,00000000,00000011,0,1100
1082,00,0,01,11101100,00000000,00000100,0,1100
1083,00,0,01,11101101,00000000,00000101,0,1100
1084,00,0,01,11101110,00000000,00000110,0,1100
1085,10,0,10,00111000,00101101,00101000,0,0011
1086,00,0,01,01011101,00000000,01101011,0,1011
1087,00,0,01,11101111,00000000,00000111,0,1100
1088,00,0,00,00000000,00000000,00000000,0,0000
1089,10,0,10,00111001,00101101,00101010,0,0011
1090,00,0,00,00000000,00000000,00000000,0,0000
1091,00,0,00,00000000,00000000,00000000,0,0000
1092,00,0,01,01011110,00000000,01101101,0,1011
1093,10,0,10,00111010,00101101,00101100,0,0011
1094,00,0,00,00000000,00000000,00000000,0,0000
1095,00,0,00,00000000,00000000,00000000,0,0000
1096,00,0,00,00000000,00000000,00000000,0,0000
1097,10,0,10,00111011,00101101,00101110,0,0011
1098,00,0,01,01011111,00000000,01101111,0,1011
1099,00,0,00,00000000,00000000,00000000,0,0000
1100,00,0,00,00000000,00000000,00000000,0,0000
1101,10,0,10,00111100,00101101,00110000,0,0011
1102,00,0,00,00000000,00000000,00000000,0,0000
1103,00,0,00,00000000,00000000,00000000,0,0000
1104,00,0,00,00000000,00000000,00000000,0,0000
1105,10,0,10,00111101,00101101,00110010,0,0011
1106,00,0,00,00000000,00000000,00000000,0,0000
1107,00,0,01,01100000,00000000,01110001,0,1011
1108,00,0,00,00000000,00000000,00000000,0,0000
1109,00,0,00,00000000,00000000,00000000,0,0000
1110,00,0,00,00000000,00000000,00000000,0,0000
1111,00,0,00,00000000,00000000,00000000,0,0000
1112,00,0,00,00000000,00000000,00000000,0,0000
1113,00,0,01,01100001,00000000,01110011,0,1011
1114,00,0,00,00000000,00000000,00000000,0,0000
1115,00,0,00,00000000,00000000,00000000,0,0000
1116,00,0,00,00000000,00000000,00000000,0,0000
1117,00,0,00,00000000,00000000,00000000,0,0000
1118,00,0,10,00111110,00101101,00110100,0,0011
1119,00,0,10,00111111,00101101,00110110,0,0011
1120,00,0,01,01100010,00000000,01110101,0,1011
1121,00,0,10,10001000,01111010,10000000,0,0011
1122,00,0,10,10001010,01111010,10000001,0,0011
1123,00,0,10,10001100,01111010,10000010,0,0011
1124,00,0,10,10001110,01111010,10000011,0,0011
1125,00,0,01,01100011,00000000,01110111,0,1011
1126,00,0,10,10010000,01111010,10000100,0,0011
1127,00,0,10,10010010,01111010,10000101,0,0011
1128,00,0,10,10010100,01111010,10000110,0,0011
1129,00,0,10,01011000,01001100,01001000,0,0011
1130,00,0,10,01011001,01001100,01001010,0,0011
1131,00,0,10,01011010,01001100,01001100,0,0011
1132,00,0,10,01011011,01001100,01001110,0,0011
1133,00,0,10,01011100,01001100,01010000,0,0011
1134,00,0,10,01011101,01001100,01010010,0,0011
1135,00,0,10,01011110,01001100,01010100,0,0011
1136,10,0,10,01011111,01001100,01010110,0,0011
1137,00,0,01,00001001,00000000,00100010,0,1100
1138,00,0,01,00000111,00000000,00100000,0,1100
1139,00,0,01,00001000,00000000,00100001,0,1100
1140,10,0,10,10010110,01111010,10000111,0,0011
1141,00,0,01,00001010,00000000,00100011,0,1100
1142,00,0,01,00001011,00000000,00100100,0,1100
1143,00,0,01,00001100,00000000,00100101,0,1100
1144,10,0,10,10101000,10011001,10100000,0,0011
1145,00,0,01,00001101,00000000,00100110,0,1100
1146,00,0,00,00000000,00000000,00000000,0,0000
1147,00,0,01,00001110,00000000,00100111,0,1100
1148,10,0,10,10101010,10011001,10100001,0,0011
1149,00,0,01,00100110,00000000,01000000,0,1100
1150,00,0,01,00100111,00000000,01000001,0,1100
1151,00,0,01,00101000,00000000,01000010,0,1100
1152,10,0,10,10101100,10011001,10100010,0,0011
1153,00,0,01,00101001,00000000,01000011,0,1100
1154,00,0,01,00101011,00000000,01000101,0,1100
1155,00,0,01,00101010,00000000,01000100,0,1100
1156,10,0,10,10101110,10011001,10100011,0,0011
1157,00,0,01,00101100,00000000,01000110,0,1100
1158,00,0,01,01111011,00000000,10001001,0,1011
1159,00,0,01,00101101,00000000,01000111,0,1100
1160,10,0,10,10110000,10011001,10100100,0,0011
1161,00,0,00,00000000,00000000,00000000,0,0000
1162,00,0,00,00000000,00000000,00000000,0,0000
1163,00,0,00,00000000,00000000,00000000,0,0000
1164,00,0,01,01111101,00000000,10001101,0,1011
1165,10,0,10,10110010,10011001,10100101,0,0011
1166,00,0,00,00000000,00000000,00000000,0,0000
1167,00,0,00,00000000,00000000,00000000,0,0000
1168,00,0,00,00000000,00000000,00000000,0,0000
1169,10,0,10,10110100,10011001,10100110,0,0011
1170,00,0,01,01111100,00000000,10001011,0,1011
1171,00,0,00,00000000,00000000,00000000,0,0000
1172,00,0,00,00000000,00000000,00000000,0,0000
1173,10,0,10,10110110,10011001,10100111,0,0011
1174,00,0,00,00000000,00000000,00000000,0,0000
1175,00,0,00,00000000,00000000,00000000,0,0000
1176,00,0,01,01111110,00000000,10001111,0,1011
1177,10,0,10,11001010,10111000,11000001,0,0011
1178,00,0,00,00000000,00000000,00000000,0,0000
1179,00,0,00,00000000,00000000,00000000,0,0000
1180,00,0,00,00000000,00000000,00000000,0,0000
1181,10,0,10,01111000,01101011,01101000,0,0011
1182,00,0,01,01111111,00000000,10010001,0,1011
1183,00,0,00,00000000,00000000,00000000,0,0000
1184,00,0,00,00000000,00000000,00000000,0,0000
1185,10,0,10,01111010,01101011,01101100,0,0011
1186,00,0,00,00000000,00000000,00000000,0,0000
1187,00,0,00,00000000,00000000,00000000,0,0000
1188,00,0,00,00000000,00000000,00000000,0,0000
1189,10,0,10,01111001,01101011,01101010,0,0011
1190,00,0,01,10000000,00000000,10010011,0,1011
1191,00,0,00,00000000,00000000,00000000,0,0000
1192,00,0,00,00000000,00000000,00000000,0,0000
1193,10,0,10,01111011,01101011,01101110,0,0011
1194,00,0,00,00000000,00000000,00000000,0,0000
1195,00,0,01,10000001,00000000,10010101,0,1011
1196,00,0,00,00000000,00000000,00000000,0,0000
1197,10,0,10,01111100,01101011,01110000,0,0011
1198,00,0,00,00000000,00000000,00000000,0,0000
1199,00,0,00,00000000,00000000,00000000,0,0000
1200,00,0,00,00000000,00000000,00000000,0,0000
1201,10,0,10,01111101,01101011,01110010,0,0011
1202,00,0,01,10000010,00000000,10010111,0,1011
1203,00,0,00,00000000,00000000,00000000,0,0000
1204,00,0,00,00000000,00000000,00000000,0,0000
1205,10,0,10,01111110,01101011,01110100,0,0011
1206,00,0,00,00000000,00000000,00000000,0,0000
1207,00,0,01,10011010,00000000,10101001,0,1011
1208,00,0,00,00000000,00000000,00000000,0,0000
1209,10,0,10,01111111,01101011,01110110,0,0011
1210,00,0,00,00000000,00000000,00000000,0,0000
1211,00,0,00,00000000,00000000,00000000,0,0000
1212,00,0,00,00000000,00000000,00000000,0,0000
1213,00,0,01,10011011,00000000,10101011,0,1011
1214,10,0,10,11001000,10111000,11000000,0,0011
1215,00,0,00,00000000,00000000,00000000,0,0000
1216,00,0,00,00000000,00000000,00000000,0,0000
1217,00,0,00,00000000,00000000,00000000,0,0000
1218,10,0,10,11001100,10111000,11000010,0,0011
1219,00,0,01,10011100,00000000,10101101,0,1011
1220,00,0,00,00000000,00000000,00000000,0,0000
1221,00,0,00,00000000,00000000,00000000,0,0000
1222,10,0,10,11001110,10111000,11000011,0,0011
1223,00,0,01,01000101,00000000,01100000,0,1100
1224,00,0,01,01000110,00000000,01100001,0,1100
1225,00,0,01,10011110,00000000,10110001,0,1011
1226,10,0,10,11010000,10111000,11000100,0,0011
1227,00,0,01,01000111,00000000,01100010,0,1100
1228,00,0,01,01001000,00000000,01100011,0,1100
1229,00,0,01,01001001,00000000,01100100,0,1100
1230,10,0,10,11010010,10111000,11000101,0,0011
1231,00,0,01,10100000,00000000,10110101,0,1011
1232,00,0,01,01001010,00000000,01100101,0,1100
1233,00,0,01,01001011,00000000,01100110,0,1100
1234,10,0,10,11010100,10111000,11000110,0,0011
1235,00,0,01,01001100,00000000,01100111,0,1100
1236,00,0,00,00000000,00000000,00000000,0,0000
1237,00,0,01,10011101,00000000,10101111,0,1011
1238,10,0,10,11010110,10111000,11000111,0,0011
1239,00,0,00,00000000,00000000,00000000,0,0000
1240,00,0,00,00000000,00000000,00000000,0,0000
1241,00,0,00,00000000,00000000,00000000,0,0000
1242,10,0,10,11101000,11010111,11100000,0,0011
1243,00,0,01,10011111,00000000,10110011,0,1011
1244,00,0,00,00000000,00000000,00000000,0,0000
1245,00,0,00,00000000,00000000,00000000,0,0000
1246,10,0,10,11101010,11010111,11100001,0,0011
1247,00,0,00,00000000,00000000,00000000,0,0000
1248,00,0,00,00000000,00000000,00000000,0,0000
1249,00,0,01,10100001,00000000,10110111,0,1011
1250,10,0,10,11101100,11010111,11100010,0,0011
1251,00,0,00,00000000,00000000,00000000,0,0000
1252,00,0,00,00000000,00000000,00000000,0,0000
1253,00,0,00,00000000,00000000,00000000,0,0000
1254,10,0,10,11101110,11010111,11100011,0,0011
1255,00,0,01,10111001,00000000,11001001,0,1011
1256,00,0,00,00000000,00000000,00000000,0,0000
1257,00,0,00,00000000,00000000,00000000,0,0000
1258,10,0,10,10011000,10001010,10001000,0,0011
1259,00,0,00,00000000,00000000,00000000,0,0000
1260,00,0,00,00000000,00000000,00000000,0,0000
1261,00,0,01,10111010,00000000,11001011,0,1011
1262,10,0,10,10011001,10001010,10001010,0,0011
1263,00,0,00,00000000,00000000,00000000,0,0000
1264,00,0,00,00000000,00000000,00000000,0,0000
1265,00,0,00,00000000,00000000,00000000,0,0000
1266,10,0,10,10011010,10001010,10001100,0,0011
1267,00,0,01,10111011,00000000,11001101,0,1011
1268,00,0,00,00000000,00000000,00000000,0,0000
1269,00,0,00,00000000,00000000,00000000,0,0000
1270,10,0,10,10011011,10001010,10001110,0,0011
1271,00,0,00,00000000,00000000,00000000,0,0000
1272,00,0,00,00000000,00000000,00000000,0,0000
1273,00,0,01,10111100,00000000,11001111,0,1011
1274,10,0,10,10011100,10001010,10010000,0,0011
1275,00,0,00,00000000,00000000,00000000,0,0000
1276,00,0,00,00000000,00000000,00000000,0,0000
1277,00,0,00,00000000,00000000,00000000,0,0000
1278,10,0,10,10011101,10001010,10010010,0,0011
1279,00,0,01,10111101,00000000,11010001,0,1011
1280,00,0,00,00000000,00000000,00000000,0,0000
1281,00,0,00,00000000,00000000,00000000,0,0000
1282,10,0,10,10011110,10001010,10010100,0,0011
1283,00,0,00,00000000,00000000,00000000,0,0000
1284,00,0,00,00000000,00000000,00000000,0,0000
1285,00,0,01,10111110,00000000,11010011,0,1011
1286,10,0,10,10011111,10001010,10010110,0,0011
1287,00,0,00,00000000,00000000,00000000,0,0000
1288,00,0,00,00000000,00000000,00000000,0,0000
1289,00,0,00,00000000,00000000,00000000,0,0000
1290,10,0,10,11110000,11010111,11100100,0,0011
1291,00,0,01,10111111,00000000,11010101,0,1011
1292,00,0,00,00000000,00000000,00000000,0,0000
1293,00,0,00,00000000,00000000,00000000,0,0000
1294,10,0,10,11110010,11010111,11100101,0,0011
1295,00,0,00,00000000,00000000,00000000,0,0000
1296,00,0,00,00000000,00000000,00000000,0,0000
1297,00,0,01,11000000,00000000,11010111,0,1011
1298,10,0,10,11110100,11010111,11100110,0,0011
1299,00,0,01,01100100,00000000,10000000,0,1100
1300,00,0,01,01100101,00000000,10000001,0,1100
1301,00,0,01,01100110,00000000,10000010,0,1100
1302,10,0,10,11110110,11010111,11100111,0,0011
1303,00,0,01,11011000,00000000,11101001,0,1011
1304,00,0,01,01100111,00000000,10000011,0,1100
1305,00,0,01,01101000,00000000,10000100,0,1100
1306,00,0,01,01101001,00000000,10000101,0,1100
1307,00,0,01,01101010,00000000,10000110,0,1100
1308,10,0,10,10111000,10101001,10101000,0,0011
1309,00,0,01,11011001,00000000,11101011,0,1011
1310,00,0,01,01101011,00000000,10000111,0,1100
1311,00,0,00,00000000,00000000,00000000,0,0000
1312,10,0,10,10111001,10101001,10101010,0,0011
1313,00,0,00,00000000,00000000,00000000,0,0000
1314,00,0,00,00000000,00000000,00000000,0,0000
1315,00,0,01,11011010,00000000,11101101,0,1011
1316,10,0,10,10111010,10101001,10101100,0,0011
1317,00,0,00,00000000,00000000,00000000,0,0000
1318,00,0,00,00000000,00000000,00000000,0,0000
1319,00,0,00,00000000,00000000,00000000,0,0000
1320,10,0,10,10111011,10101001,10101110,0,0011
1321,00,0,01,11011011,00000000,11101111,0,1011
1322,00,0,00,00000000,00000000,00000000,0,0000
1323,00,0,00,00000000,00000000,00000000,0,0000
1324,10,0,10,10111100,10101001,10110000,0,0011
1325,00,0,00,00000000,00000000,00000000,0,0000
1326,00,0,00,00000000,00000000,00000000,0,0000
1327,00,0,00,00000000,00000000,00000000,0,0000
1328,10,0,10,10111101,10101001,10110010,0,0011
1329,00,0,00,00000000,00000000,00000000,0,0000
1330,00,0,01,11011100,00000000,11110001,0,1011
1331,00,0,00,00000000,00000000,00000000,0,0000
1332,00,0,00,00000000,00000000,00000000,0,0000
1333,00,0,00,00000000,00000000,00000000,0,0000
1334,00,0,00,00000000,00000000,00000000,0,0000
1335,00,0,00,00000000,00000000,00000000,0,0000
1336,00,0,01,11011101,00000000,11110011,0,1011
1337,00,0,00,00000000,00000000,00000000,0,0000
1338,00,0,00,00000000,00000000,00000000,0,0000
1339,00,0,00,00000000,00000000,00000000,0,0000
1340,00,0,00,00000000,00000000,00000000,0,0000
1341,00,0,10,10111110,10101001,10110100,0,0011
1342,00,0,10,10111111,10101001,10110110,0,0011
1343,00,0,01,11011110,00000000,11110101,0,1011
1344,00,0,10,00001000,11110110,00000000,0,0011
1345,00,0,10,00001010,11110110,00000001,0,0011
1346,00,0,10,00001100,11110110,00000010,0,0011
1347,00,0,10,00001110,11110110,00000011,0,0011
1348,00,0,01,11011111,00000000,11110111,0,1011
1349,00,0,10,00010000,11110110,00000100,0,0011
1350,00,0,10,00010010,11110110,00000101,0,0011
1351,00,0,10,00010100,11110110,00000110,0,0011
1352,00,0,10,11011000,11001000,11001000,0,0011
1353,00,0,10,11011001,11001000,11001010,0,0011
1354,00,0,10,11011010,11001000,11001100,0,0011
1355,00,0,10,11011011,11001000,11001110,0,0011
1356,00,0,10,11011100,11001000,11010000,0,0011
1357,00,0,10,11011101,11001000,11010010,0,0011
1358,00,0,10,11011110,11001000,11010100,0,0011
1359,10,0,10,11011111,11001000,11010110,0,0011
1360,00,0,01,10000101,00000000,10100010,0,1100
1361,00,0,01,10000011,00000000,10100000,0,1100
1362,00,0,01,10000100,00000000,10100001,0,1100
1363,10,0,10,00010110,11110110,00000111,0,0011
1364,00,0,01,10000110,00000000,10100011,0,1100
1365,00,0,01,10000111,00000000,10100100,0,1100
1366,00,0,01,10001000,00000000,10100101,0,1100
1367,10,0,10,00101000,00010101,00100000,0,0011
1368,00,0,01,10001001,00000000,10100110,0,1100
1369,00,0,00,00000000,00000000,00000000,0,0000
1370,00,0,01,10001010,00000000,10100111,0,1100
1371,10,0,10,00101010,00010101,00100001,0,0011
1372,00,0,01,10100010,00000000,11000000,0,1100
1373,00,0,01,10100011,00000000,11000001,0,1100
1374,00,0,01,10100100,00000000,11000010,0,1100
1375,10,0,10,00101100,00010101,00100010,0,0011
1376,00,0,01,10100101,00000000,11000011,0,1100
1377,00,0,01,10100111,00000000,11000101,0,1100
1378,00,0,01,10100110,00000000,11000100,0,1100
1379,10,0,10,00101110,00010101,00100011,0,0011
1380,00,0,01,10101000,00000000,11000110,0,1100
1381,00,0,01,11110111,00000000,00001001,0,1011
1382,00,0,01,10101001,00000000,11000111,0,1100
1383,10,0,10,00110000,00010101,00100100,0,0011
1384,00,0,00,00000000,00000000,00000000,0,0000
1385,00,0,00,00000000,00000000,00000000,0,0000
1386,00,0,00,00000000,00000000,00000000,0,0000
1387,00,0,01,11111001,00000000,00001101,0,1011
1388,10,0,10,00110010,00010101,00100101,0,0011
1389,00,0,00,00000000,00000000,00000000,0,0000
1390,00,0,00,00000000,00000000,00000000,0,0000
1391,00,0,00,00000000,00000000,00000000,0,0000
1392,10,0,10,00110100,00010101,00100110,0,0011
1393,00,0,01,11111000,00000000,00001011,0,1011
1394,00,0,00,00000000,00000000,00000000,0,0000
1395,00,0,00,00000000,00000000,00000000,0,0000
1396,10,0,10,00110110,00010101,00100111,0,0011
1397,00,0,00,00000000,00000000,00000000,0,0000
1398,00,0,00,00000000,00000000,00000000,0,0000
1399,00,0,01,11111010,00000000,00001111,0,1011
1400,10,0,10,01001010,00110100,01000001,0,0011
1401,00,0,00,00000000,00000000,00000000,0,0000
1402,00,0,00,00000000,00000000,00000000,0,0000
1403,00,0,00,00000000,00000000,00000000,0,0000
1404,10,0,10,11111000,11100111,11101000,0,0011
1405,00,0,01,11111011,00000000,00010001,0,1011
1406,00,0,00,00000000,00000000,00000000,0,0000
1407,00,0,00,00000000,00000000,00000000,0,0000
1408,10,0,10,11111010,11100111,11101100,0,0011
1409,00,0,00,00000000,00000000,00000000,0,0000
1410,00,0,00,00000000,00000000,00000000,0,0000
1411,00,0,00,00000000,00000000,00000000,0,0000
1412,10,0,10,11111001,11100111,11101010,0,0011
1413,00,0,01,11111100,00000000,00010011,0,1011
1414,00,0,00,00000000,00000000,00000000,0,0000
1415,00,0,00,00000000,00000000,00000000,0,0000
1416,10,0,10,11111011,11100111,11101110,0,0011
1417,00,0,00,00000000,00000000,00000000,0,0000
1418,00,0,01,11111101,00000000,00010101,0,1011
1419,00,0,00,00000000,00000000,00000000,0,0000
1420,10,0,10,11111100,11100111,11110000,0,0011
1421,00,0,00,00000000,00000000,00000000,0,0000
1422,00,0,00,00000000,00000000,00000000,0,0000
1423,00,0,00,00000000,00000000,00000000,0,0000
1424,10,0,10,11111101,11100111,11110010,0,0011
1425,00,0,01,11111110,00000000,00010111,0,1011
1426,00,0,00,00000000,00000000,00000000,0,0000
1427,00,0,00,00000000,00000000,00000000,0,0000
1428,10,0,10,11111110,11100111,11110100,0,0011
1429,00,0,00,00000000,00000000,00000000,0,0000
1430,00,0,01,00010110,00000000,00101001,0,1011
1431,00,0,00,00000000,00000000,00000000,0,0000
1432,10,0,10,11111111,11100111,11110110,0,0011
1433,00,0,00,00000000,00000000,00000000,0,0000
1434,00,0,00,00000000,00000000,00000000,0,0000
1435,00,0,00,00000000,00000000,00000000,0,0000
1436,00,0,01,00010111,00000000,00101011,0,1011
1437,10,0,10,01001000,00110100,01000000,0,0011
1438,00,0,00,00000000,00000000,00000000,0,0000
1439,00,0,00,00000000,00000000,00000000,0,0000
1440,00,0,00,00000000,00000000,00000000,0,0000
1441,10,0,10,01001100,00110100,01000010,0,0011
1442,00,0,01,00011000,00000000,00101101,0,1011
1443,00,0,00,00000000,00000000,00000000,0,0000
1444,00,0,00,00000000,00000000,00000000,0,0000
1445,10,0,10,01001110,00110100,01000011,0,0011
1446,00,0,01,11000001,00000000,11100000,0,1100
1447,00,0,01,11000010,00000000,11100001,0,1100
1448,00,0,01,00011010,00000000,00110001,0,1011
1449,10,0,10,01010000,00110100,01000100,0,0011
1450,00,0,01,11000011,00000000,11100010,0,1100
1451,00,0,01,11000100,00000000,11100011,0,1100
1452,00,0,01,11000101,00000000,11100100,0,1100
1453,10,0,10,01010010,00110100,01000101,0,0011
1454,00,0,01,00011100,00000000,00110101,0,1011
1455,00,0,01,11000110,00000000,11100101,0,1100
1456,00,0,01,11000111,00000000,11100110,0,1100
1457,10,0,10,01010100,00110100,01000110,0,0011
1458,00,0,01,11001000,00000000,11100111,0,1100
1459,00,0,00,00000000,00000000,00000000,0,0000
1460,00,0,01,00011001,00000000,00101111,0,1011
1461,10,0,10,01010110,00110100,01000111,0,0011
1462,00,0,00,00000000,00000000,00000000,0,0000
1463,00,0,00,00000000,00000000,00000000,0,0000
1464,00,0,00,00000000,00000000,00000000,0,0000
1465,10,0,10,01101000,01010011,01100000,0,0011
1466,00,0,01,00011011,00000000,00110011,0,1011
1467,00,0,00,00000000,00000000,00000000,0,0000
1468,00,0,00,00000000,00000000,00000000,0,0000
1469,10,0,10,01101010,01010011,01100001,0,0011
1470,00,0,00,00000000,00000000,00000000,0,0000
1471,00,0,00,00000000,00000000,00000000,0,0000
1472,00,0,01,00011101,00000000,00110111,0,1011
1473,10,0,10,01101100,01010011,01100010,0,0011
1474,00,0,00,00000000,00000000,00000000,0,0000
1475,00,0,00,00000000,00000000,00000000,0,0000
1476,00,0,00,00000000,00000000,00000000,0,0000
1477,10,0,10,01101110,01010011,01100011,0,0011
1478,00,0,01,00110101,00000000,01001001,0,1011
1479,00,0,00,00000000,00000000,00000000,0,0000
1480,00,0,00,00000000,00000000,00000000,0,0000
1481,10,0,10,00011000,00000110,00001000,0,0011
1482,00,0,00,00000000,00000000,00000000,0,0000
1483,00,0,00,00000000,00000000,00000000,0,0000
1484,00,0,01,00110110,00000000,01001011,0,1011
1485,10,0,10,00011001,00000110,00001010,0,0011
1486,00,0,00,00000000,00000000,00000000,0,0000
1487,00,0,00,00000000,00000000,00000000,0,0000
1488,00,0,00,00000000,00000000,00000000,0,0000
1489,10,0,10,00011010,00000110,00001100,0,0011
1490,00,0,01,00110111,00000000,01001101,0,1011
1491,00,0,00,00000000,00000000,00000000,0,0000
1492,00,0,00,00000000,00000000,00000000,0,0000
1493,10,0,10,00011011,00000110,00001110,0,0011
1494,00,0,00,00000000,00000000,00000000,0,0000
1495,00,0,00,00000000,00000000,00000000,0,0000
1496,00,0,01,00111000,00000000,01001111,0,1011
1497,10,0,10,00011100,00000110,00010000,0,0011
1498,00,0,00,00000000,00000000,00000000,0,0000
1499,00,0,00,00000000,00000000,00000000,0,0000
1500,00,0,00,00000000,00000000,00000000,0,0000
1501,10,0,10,00011101,00000110,00010010,0,0011
1502,00,0,01,00111001,00000000,01010001,0,1011
1503,00,0,00,00000000,00000000,00000000,0,0000
1504,00,0,00,00000000,00000000,00000000,0,0000
1505,10,0,10,00011110,00000110,00010100,0,0011
1506,00,0,00,00000000,00000000,00000000,0,0000
1507,00,0,00,00000000,00000000,00000000,0,0000
1508,00,0,01,00111010,00000000,01010011,0,1011
1509,10,0,10,00011111,00000110,00010110,0,0011
1510,00,0,00,00000000,00000000,00000000,0,0000
1511,00,0,00,00000000,00000000,00000000,0,0000
1512,00,0,00,00000000,00000000,00000000,0,0000
1513,10,0,10,01110000,01010011,01100100,0,0011
1514,00,0,01,00111011,00000000,01010101,0,1011
1515,00,0,00,00000000,00000000,00000000,0,0000
1516,00,0,00,00000000,00000000,00000000,0,0000
1517,10,0,10,01110010,01010011,01100101,0,0011
1518,00,0,00,00000000,00000000,00000000,0,0000
1519,00,0,00,00000000,00000000,00000000,0,0000
1520,00,0,01,00111100,00000000,01010111,0,1011
1521,10,0,10,01110100,01010011,01100110,0,0011
1522,00,0,01,11100000,00000000,00000000,0,1100
1523,00,0,01,11100001,00000000,00000001,0,1100
1524,00,0,01,11100010,00000000,00000010,0,1100
1525,10,0,10,01110110,01010011,01100111,0,0011
1526,00,0,01,01010100,00000000,01101001,0,1011
1527,00,0,01,11100011,00000000,00000011,0,1100
1528,00,0,01,11100100,00000000,00000100,0,1100
1529,00,0,01,11100101,00000000,00000101,0,1100
1530,00,0,01,11100110,00000000,00000110,0,1100
1531,10,0,10,00111000,00100101,00101000,0,0011
1532,00,0,01,01010101,00000000,01101011,0,1011
1533,00,0,01,11100111,00000000,00000111,0,1100
1534,00,0,00,00000000,00000000,00000000,0,0000
1535,10,0,10,00111001,00100101,00101010,0,0011
1536,00,0,00,00000000,00000000,00000000,0,0000
1537,00,0,00,00000000,00000000,00000000,0,0000
1538,00,0,01,01010110,00000000,01101101,0,1011
1539,10,0,10,00111010,00100101,00101100,0,0011
1540,00,0,00,00000000,00000000,00000000,0,0000
1541,00,0,00,00000000,00000000,00000000,0,0000
1542,00,0,00,00000000,00000000,00000000,0,0000
1543,10,0,10,00111011,00100101,00101110,0,0011
1544,00,0,01,01010111,00000000,01101111,0,1011
1545,00,0,00,00000000,00000000,00000000,0,0000
1546,00,0,00,00000000,00000000,00000000,0,0000
1547,10,0,10,00111100,00100101,00110000,0,0011
1548,00,0,00,00000000,00000000,00000000,0,0000
1549,00,0,00,00000000,00000000,00000000,0,0000
1550,00,0,00,00000000,00000000,00000000,0,0000
1551,10,0,10,00111101,00100101,00110010,0,0011
1552,00,0,00,00000000,00000000,00000000,0,0000
1553,00,0,01,01011000,00000000,01110001,0,1011
1554,00,0,00,00000000,00000000,00000000,0,0000
1555,00,0,00,00000000,00000000,00000000,0,0000
1556,00,0,00,00000000,00000000,00000000,0,0000
1557,00,0,00,00000000,00000000,00000000,0,0000
1558,00,0,00,00000000,00000000,00000000,0,0000
1559,00,0,01,01011001,00000000,01110011,0,1011
1560,00,0,00,00000000,00000000,00000000,0,0000
1561,00,0,00,00000000,00000000,00000000,0,0000
1562,00,0,00,00000000,00000000,00000000,0,0000
1563,00,0,00,00000000,00000000,00000000,0,0000
1564,00,0,10,00111110,00100101,00110100,0,0011
1565,00,0,10,00111111,00100101,00110110,0,0011
1566,00,0,01,01011010,00000000,01110101,0,1011
1567,00,0,10,10001000,01110010,10000000,0,0011
1568,00,0,10,10001010,01110010,10000001,0,0011
1569,00,0,10,10001100,01110010,10000010,0,0011
1570,00,0,10,10001110,01110010,10000011,0,0011
1571,00,0,01,01011011,00000000,01110111,0,1011
1572,00,0,10,10010000,01110010,10000100,0,0011
1573,00,0,10,10010010,01110010,10000101,0,0011
1574,00,0,10,10010100,01110010,10000110,0,0011
1575,00,0,10,01011000,01000100,01001000,0,0011
1576,00,0,10,01011001,01000100,01001010,0,0011
1577,00,0,10,01011010,01000100,01001100,0,0011
1578,00,0,10,01011011,01000100,01001110,0,0011
1579,00,0,10,01011100,01000100,01010000,0,0011
1580,00,0,10,01011101,01000100,01010010,0,0011
1581,00,0,10,01011110,01000100,01010100,0,0011
1582,10,0,10,01011111,01000100,01010110,0,0011
1583,00,0,01,00000001,00000000,00100010,0,1100
1584,00,0,01,11111111,00000000,00100000,0,1100
1585,00,0,01,00000000,00000000,00100001,0,1100
1586,10,0,10,10010110,01110010,10000111,0,0011
1587,00,0,01,00000010,00000000,00100011,0,1100
1588,00,0,01,00000011,00000000,00100100,0,1100
1589,00,0,01,00000100,00000000,00100101,0,1100
1590,10,0,10,10101000,10010001,10100000,0,0011
1591,00,0,01,00000101,00000000,00100110,0,1100
1592,00,0,00,00000000,00000000,00000000,0,0000
1593,00,0,01,00000110,00000000,00100111,0,1100
1594,10,0,10,10101010,10010001,10100001,0,0011
1595,00,0,01,00011110,00000000,01000000,0,1100
1596,00,0,01,00011111,00000000,01000001,0,1100
1597,00,0,01,00100000,00000000,01000010,0,1100
1598,10,0,10,10101100,10010001,10100010,0,0011
1599,00,0,01,00100001,00000000,01000011,0,1100
1600,00,0,01,00100011,00000000,01000101,0,1100
1601,00,0,01,00100010,00000000,01000100,0,1100
1602,10,0,10,10101110,10010001,10100011,0,0011
1603,00,0,01,00100100,00000000,01000110,0,1100
1604,00,0,01,01110011,00000000,10001001,0,1011
1605,00,0,01,00100101,00000000,01000111,0,1100
1606,10,0,10,10110000,10010001,10100100,0,0011
1607,00,0,00,00000000,00000000,00000000,0,0000
1608,00,0,00,00000000,00000000,00000000,0,0000
1609,00,0,00,00000000,00000000,00000000,0,0000
1610,00,0,01,01110101,00000000,10001101,0,1011
1611,10,0,10,10110010,10010001,10100101,0,0011
1612,00,0,00,00000000,00000000,00000000,0,0000
1613,00,0,00,00000000,00000000,00000000,0,0000
1614,00,0,00,00000000,00000000,00000000,0,0000
1615,10,0,10,10110100,10010001,10100110,0,0011
1616,00,0,01,01110100,00000000,10001011,0,1011
1617,00,0,00,00000000,00000000,00000000,0,0000
1618,00,0,00,00000000,00000000,00000000,0,0000
1619,10,0,10,10110110,10010001,10100111,0,0011
1620,00,0,00,00000000,00000000,00000000,0,0000
1621,00,0,00,00000000,00000000,00000000,0,0000
1622,00,0,01,01110110,00000000,10001111,0,1011
1623,10,0,10,11001010,10110000,11000001,0,0011
1624,00,0,00,00000000,00000000,00000000,0,0000
1625,00,0,00,00000000,00000000,00000000,0,0000
1626,00,0,00,00000000,00000000,00000000,0,0000
1627,10,0,10,01111000,01100011,01101000,0,0011
1628,00,0,01,01110111,00000000,10010001,0,1011
1629,00,0,00,00000000,00000000,00000000,0,0000
1630,00,0,00,00000000,00000000,00000000,0,0000
1631,10,0,10,01111010,01100011,01101100,0,0011
1632,00,0,00,00000000,00000000,00000000,0,0000
1633,00,0,00,00000000,00000000,00000000,0,0000
1634,00,0,00,00000000,00000000,00000000,0,0000
1635,10,0,10,01111001,01100011,01101010,0,0011
1636,00,0,01,01111000,00000000,10010011,0,1011
1637,00,0,00,00000000,00000000,00000000,0,0000
1638,00,0,00,00000000,00000000,00000000,0,0000
1639,10,0,10,01111011,01100011,01101110,0,0011
1640,00,0,00,00000000,00000000,00000000,0,0000
1641,00,0,01,01111001,00000000,10010101,0,1011
1642,00,0,00,00000000,00000000,00000000,0,0000
1643,10,0,10,01111100,01100011,01110000,0,0011
1644,00,0,00,00000000,00000000,00000000,0,0000
1645,00,0,00,00000000,00000000,00000000,0,0000
1646,00,0,00,00000000,00000000,00000000,0,0000
1647,10,0,10,01111101,01100011,01110010,0,0011
1648,00,0,01,01111010,00000000,10010111,0,1011
1649,00,0,00,00000000,00000000,00000000,0,0000
1650,00,0,00,00000000,00000000,00000000,0,0000
1651,10,0,10,01111110,01100011,01110100,0,0011
1652,00,0,00,00000000,00000000,00000000,0,0000
1653,00,0,01,10010010,00000000,10101001,0,1011
1654,00,0,00,00000000,00000000,00000000,0,0000
1655,10,0,10,01111111,01100011,01110110,0,0011
1656,00,0,00,00000000,00000000,00000000,0,0000
1657,00,0,00,00000000,00000000,00000000,0,0000
1658,00,0,00,00000000,00000000,00000000,0,0000
1659,00,0,01,10010011,00000000,10101011,0,1011
1660,10,0,10,11001000,10110000,11000000,0,0011
1661,00,0,00,00000000,00000000,00000000,0,0000
1662,00,0,00,00000000,00000000,00000000,0,0000
1663,00,0,00,00000000,00000000,00000000,0,0000
1664,10,0,10,11001100,10110000,11000010,0,0011
1665,00,0,01,10010100,00000000,10101101,0,1011
1666,00,0,00,00000000,00000000,00000000,0,0000
1667,00,0,00,00000000,00000000,00000000,0,0000
1668,10,0,10,11001110,10110000,11000011,0,0011
1669,00,0,01,00111101,00000000,01100000,0,1100
1670,00,0,01,00111110,00000000,01100001,0,1100
1671,00,0,01,10010110,00000000,10110001,0,1011
1672,10,0,10,11010000,10110000,11000100,0,0011
1673,00,0,01,00111111,00000000,01100010,0,1100
1674,00,0,01,01000000,00000000,01100011,0,1100
1675,00,0,01,01000001,00000000,01100100,0,1100
1676,10,0,10,11010010,10110000,11000101,0,0011
1677,00,0,01,10011000,00000000,10110101,0,1011
1678,00,0,01,01000010,00000000,01100101,0,1100
1679,00,0,01,01000011,00000000,01100110,0,1100
1680,10,0,10,11010100,10110000,11000110,0,0011
1681,00,0,01,01000100,00000000,01100111,0,1100
1682,00,0,00,00000000,00000000,00000000,0,0000
1683,00,0,01,10010101,00000000,10101111,0,1011
1684,10,0,10,11010110,10110000,11000111,0,0011
1685,00,0,00,00000000,00000000,00000000,0,0000
1686,00,0,00,00000000,00000000,00000000,0,0000
1687,00,0,00,00000000,00000000,00000000,0,0000
1688,10,0,10,11101000,11001111,11100000,0,0011
1689,00,0,01,10010111,00000000,10110011,0,1011
1690,00,0,00,00000000,00000000,00000000,0,0000
1691,00,0,00,00000000,00000000,00000000,0,0000
1692,10,0,10,11101010,11001111,11100001,0,0011
1693,00,0,00,00000000,00000000,00000000,0,0000
1694,00,0,00,00000000,00000000,00000000,0,0000
1695,00,0,01,10011001,00000000,10110111,0,1011
1696,10,0,10,11101100,11001111,11100010,0,0011
1697,00,0,00,00000000,00000000,00000000,0,0000
1698,00,0,00,00000000,00000000,00000000,0,0000
1699,00,0,00,00000000,00000000,00000000,0,0000
1700,10,0,10,11101110,11001111,11100011,0,0011
1701,00,0,01,10110001,00000000,11001001,0,1011
1702,00,0,00,00000000,00000000,00000000,0,0000
1703,00,0,00,00000000,00000000,00000000,0,0000
1704,10,0,10,10011000,10000010,10001000,0,0011
1705,00,0,00,00000000,00000000,00000000,0,0000
1706,00,0,00,00000000,00000000,00000000,0,0000
1707,00,0,01,10110010,00000000,11001011,0,1011
1708,10,0,10,10011001,10000010,10001010,0,0011
1709,00,0,00,00000000,00000000,00000000,0,0000
1710,00,0,00,00000000,00000000,00000000,0,0000
1711,00,0,00,00000000,00000000,00000000,0,0000
1712,10,0,10,10011010,10000010,10001100,0,0011
1713,00,0,01,10110011,00000000,11001101,0,1011
1714,00,0,00,00000000,00000000,00000000,0,0000
1715,00,0,00,00000000,00000000,00000000,0,0000
1716,10,0,10,10011011,10000010,10001110,0,0011
1717,00,0,00,00000000,00000000,00000000,0,0000
1718,00,0,00,00000000,00000000,00000000,0,0000
1719,00,0,01,10110100,00000000,11001111,0,1011
1720,10,0,10,10011100,10000010,10010000,0,0011
1721,00,0,00,00000000,00000000,00000000,0,0000
1722,00,0,00,00000000,00000000,00000000,0,0000
1723,00,0,00,00000000,00000000,00000000,0,0000
1724,10,0,10,10011101,10000010,10010010,0,0011
1725,00,0,01,10110101,00000000,11010001,0,1011
1726,00,0,00,00000000,00000000,00000000,0,0000
1727,00,0,00,00000000,00000000,00000000,0,0000
1728,10,0,10,10011110,10000010,10010100,0,0011
1729,00,0,00,00000000,00000000,00000000,0,0000
1730,00,0,00,00000000,00000000,00000000,0,0000
1731,00,0,01,10110110,00000000,11010011,0,1011
1732,10,0,10,10011111,10000010,10010110,0,0011
1733,00,0,00,00000000,00000000,00000000,0,0000
1734,00,0,00,00000000,00000000,00000000,0,0000
1735,00,0,00,00000000,00000000,00000000,0,0000
1736,10,0,10,11110000,11001111,11100100,0,0011
1737,00,0,01,10110111,00000000,11010101,0,1011
1738,00,0,00,00000000,00000000,00000000,0,0000
1739,00,0,00,00000000,00000000,00000000,0,0000
1740,10,0,10,11110010,11001111,11100101,0,0011
1741,00,0,00,00000000,00000000,00000000,0,0000
1742,00,0,00,00000000,00000000,00000000,0,0000
1743,00,0,01,10111000,00000000,11010111,0,1011
1744,10,0,10,11110100,11001111,11100110,0,0011
1745,00,0,01,01011100,00000000,10000000,0,1100
1746,00,0,01,01011101,00000000,10000001,0,1100
1747,00,0,01,01011110,00000000,10000010,0,1100
1748,10,0,10,11110110,11001111,11100111,0,0011
1749,00,0,01,11010000,00000000,11101001,0,1011
1750,00,0,01,01011111,00000000,10000011,0,1100
1751,00,0,01,01100000,00000000,10000100,0,1100
1752,00,0,01,01100001,00000000,10000101,0,1100
1753,00,0,01,01100010,00000000,10000110,0,1100
1754,10,0,10,10111000,10100001,10101000,0,0011
1755,00,0,01,11010001,00000000,11101011,0,1011
1756,00,0,01,01100011,00000000,10000111,0,1100
1757,00,0,00,00000000,00000000,00000000,0,0000
1758,10,0,10,10111001,10100001,10101010,0,0011
1759,00,0,00,00000000,00000000,00000000,0,0000
1760,00,0,00,00000000,00000000,00000000,0,0000
1761,00,0,01,11010010,00000000,11101101,0,1011
1762,10,0,10,10111010,10100001,10101100,0,0011
1763,00,0,00,00000000,00000000,00000000,0,0000
1764,00,0,00,00000000,00000000,00000000,0,0000
1765,00,0,00,00000000,00000000,00000000,0,0000
1766,10,0,10,10111011,10100001,10101110,0,0011
1767,00,0,01,11010011,00000000,11101111,0,1011
1768,00,0,00,00000000,00000000,00000000,0,0000
1769,00,0,00,00000000,00000000,00000000,0,0000
1770,10,0,10,10111100,10100001,10110000,0,0011
1771,00,0,00,00000000,00000000,00000000,0,0000
1772,00,0,00,00000000,00000000,00000000,0,0000
1773,00,0,00,00000000,00000000,00000000,0,0000
1774,10,0,10,10111101,10100001,10110010,0,0011
1775,00,0,00,00000000,00000000,00000000,0,0000
1776,00,0,01,11010100,00000000,11110001,0,1011
1777,00,0,00,00000000,00000000,00000000,0,0000
1778,00,0,00,00000000,00000000,00000000,0,0000
1779,00,0,00,00000000,00000000,00000000,0,0000
1780,00,0,00,00000000,00000000,00000000,0,0000
1781,00,0,00,00000000,00000000,00000000,0,0000
1782,00,0,01,11010101,00000000,11110011,0,1011
1783,00,0,00,00000000,00000000,00000000,0,0000
1784,00,0,00,00000000,00000000,00000000,0,0000
1785,00,0,00,00000000,00000000,00000000,0,0000
1786,00,0,00,00000000,00000000,00000000,0,0000
1787,00,0,10,10111110,10100001,10110100,0,0011
1788,00,0,10,10111111,10100001,10110110,0,0011
1789,00,0,01,11010110,00000000,11110101,0,1011
1790,00,0,10,00001000,11101110,00000000,0,0011
1791,00,0,10,00001010,11101110,00000001,0,0011
1792,00,0,10,00001100,11101110,00000010,0,0011
1793,00,0,10,00001110,11101110,00000011,0,0011
1794,00,0,01,11010111,00000000,11110111,0,1011
1795,00,0,10,00010000,11101110,00000100,0,0011
1796,00,0,10,00010010,11101110,00000101,0,0011
1797,00,0,10,00010100,11101110,00000110,0,0011
1798,00,0,10,11011000,11000000,11001000,0,0011
1799,00,0,10,11011001,11000000,11001010,0,0011
1800,00,0,10,11011010,11000000,11001100,0,0011
1801,00,0,10,11011011,11000000,11001110,0,0011
1802,00,0,10,11011100,11000000,11010000,0,0011
1803,00,0,10,11011101,11000000,11010010,0,0011
1804,00,0,10,11011110,11000000,11010100,0,0011
1805,10,0,10,11011111,11000000,11010110,0,0011
1806,00,0,01,01111101,00000000,10100010,0,1100
1807,00,0,01,01111011,00000000,10100000,0,1100
1808,00,0,01,01111100,00000000,10100001,0,1100
1809,10,0,10,00010110,11101110,00000111,0,0011
1810,00,0,01,01111110,00000000,10100011,0,1100
1811,00,0,01,01111111,00000000,10100100,0,1100
1812,00,0,01,10000000,00000000,10100101,0,1100
1813,10,0,10,00101000,00001101,00100000,0,0011
1814,00,0,01,10000001,00000000,10100110,0,1100
1815,00,0,00,00000000,00000000,00000000,0,0000
1816,00,0,01,10000010,00000000,10100111,0,1100
1817,10,0,10,00101010,00001101,00100001,0,0011
1818,00,0,01,10011010,00000000,11000000,0,1100
1819,00,0,01,10011011,00000000,11000001,0,1100
1820,00,0,01,10011100,00000000,11000010,0,1100
1821,10,0,10,00101100,00001101,00100010,0,0011
1822,00,0,01,10011101,00000000,11000011,0,1100
1823,00,0,01,10011111,00000000,11000101,0,1100
1824,00,0,01,10011110,00000000,11000100,0,1100
1825,10,0,10,00101110,00001101,00100011,0,0011
1826,00,0,01,10100000,00000000,11000110,0,1100
1827,00,0,01,11101111,00000000,00001001,0,1011
1828,00,0,01,10100001,00000000,11000111,0,1100
1829,10,0,10,00110000,00001101,00100100,0,0011
1830,00,0,00,00000000,00000000,00000000,0,0000
1831,00,0,00,00000000,00000000,00000000,0,0000
1832,00,0,00,00000000,00000000,00000000,0,0000
1833,00,0,01,11110001,00000000,00001101,0,1011
1834,10,0,10,00110010,00001101,00100101,0,0011
1835,00,0,00,00000000,00000000,00000000,0,0000
1836,00,0,00,00000000,00000000,00000000,0,0000
1837,00,0,00,00000000,00000000,00000000,0,0000
1838,10,0,10,00110100,00001101,00100110,0,0011
1839,00,0,01,11110000,00000000,00001011,0,1011
1840,00,0,00,00000000,00000000,00000000,0,0000
1841,00,0,00,00000000,00000000,00000000,0,0000
1842,10,0,10,00110110,00001101,00100111,0,0011
1843,00,0,00,00000000,00000000,00000000,0,0000
1844,00,0,00,00000000,00000000,00000000,0,0000
1845,00,0,01,11110010,00000000,00001111,0,1011
1846,10,0,10,01001010,00101100,01000001,0,0011
1847,00,0,00,00000000,00000000,00000000,0,0000
1848,00,0,00,00000000,00000000,00000000,0,0000
1849,00,0,00,00000000,00000000,00000000,0,0000
1850,10,0,10,11111000,11011111,11101000,0,0011
1851,00,0,01,11110011,00000000,00010001,0,1011
1852,00,0,00,00000000,00000000,00000000,0,0000
1853,00,0,00,00000000,00000000,00000000,0,0000
1854,10,0,10,11111010,11011111,11101100,0,0011
1855,00,0,00,00000000,00000000,00000000,0,0000
1856,00,0,00,00000000,00000000,00000000,0,0000
1857,00,0,00,00000000,00000000,00000000,0,0000
1858,10,0,10,11111001,11011111,11101010,0,0011
1859,00,0,01,11110100,00000000,00010011,0,1011
1860,00,0,00,00000000,00000000,00000000,0,0000
1861,00,0,00,00000000,00000000,00000000,0,0000
1862,10,0,10,11111011,11011111,11101110,0,0011
1863,00,0,00,00000000,00000000,00000000,0,0000
1864,00,0,01,11110101,00000000,00010101,0,1011
1865,00,0,00,00000000,00000000,00000000,0,0000
1866,10,0,10,11111100,11011111,11110000,0,0011
1867,00,0,00,00000000,00000000,00000000,0,0000
1868,00,0,00,00000000,00000000,00000000,0,0000
1869,00,0,00,00000000,00000000,00000000,0,0000
1870,10,0,10,11111101,11011111,11110010,0,0011
1871,00,0,01,11110110,00000000,00010111,0,1011
1872,00,0,00,00000000,00000000,00000000,0,0000
1873,00,0,00,00000000,00000000,00000000,0,0000
1874,10,0,10,11111110,11011111,11110100,0,0011
1875,00,0,00,00000000,00000000,00000000,0,0000
1876,00,0,01,00001110,00000000,00101001,0,1011
1877,00,0,00,00000000,00000000,00000000,0,0000
1878,10,0,10,11111111,11011111,11110110,0,0011
1879,00,0,00,00000000,00000000,00000000,0,0000
1880,00,0,00,00000000,00000000,00000000,0,0000
1881,00,0,00,00000000,00000000,00000000,0,0000
1882,00,0,01,00001111,00000000,00101011,0,1011
1883,10,0,10,01001000,00101100,01000000,0,0011
1884,00,0,00,00000000,00000000,00000000,0,0000
1885,00,0,00,00000000,00000000,00000000,0,0000
1886,00,0,00,00000000,00000000,00000000,0,0000
1887,10,0,10,01001100,00101100,01000010,0,0011
1888,00,0,01,00010000,00000000,00101101,0,1011
1889,00,0,00,00000000,00000000,00000000,0,0000
1890,00,0,00,00000000,00000000,00000000,0,0000
1891,10,0,10,01001110,00101100,01000011,0,0011
1892,00,0,01,10111001,00000000,11100000,0,1100
1893,00,0,01,10111010,00000000,11100001,0,1100
1894,00,0,01,00010010,00000000,00110001,0,1011
1895,10,0,10,01010000,00101100,01000100,0,0011
1896,00,0,01,10111011,00000000,11100010,0,1100
1897,00,0,01,10111100,00000000,11100011,0,1100
1898,00,0,01,10111101,00000000,11100100,0,1100
1899,10,0,10,01010010,00101100,01000101,0,0011
1900,00,0,01,00010100,00000000,00110101,0,1011
1901,00,0,01,10111110,00000000,11100101,0,1100
1902,00,0,01,10111111,00000000,11100110,0,1100
1903,10,0,10,01010100,00101100,01000110,0,0011
1904,00,0,01,11000000,00000000,11100111,0,1100
1905,00,0,00,00000000,00000000,00000000,0,0000
1906,00,0,01,00010001,00000000,00101111,0,1011
1907,10,0,10,01010110,00101100,01000111,0,0011
1908,00,0,00,00000000,00000000,00000000,0,0000
1909,00,0,00,00000000,00000000,00000000,0,0000
1910,00,0,00,00000000,00000000,00000000,0,0000
1911,10,0,10,01101000,01001011,01100000,0,0011
1912,00,0,01,00010011,00000000,00110011,0,1011
1913,00,0,00,00000000,00000000,00000000,0,0000
1914,00,0,00,00000000,00000000,00000000,0,0000
1915,10,0,10,01101010,01001011,01100001,0,0011
1916,00,0,00,00000000,00000000,00000000,0,0000
1917,00,0,00,00000000,00000000,00000000,0,0000
1918,00,0,01,00010101,00000000,00110111,0,1011
1919,10,0,10,01101100,01001011,01100010,0,0011
1920,00,0,00,00000000,00000000,00000000,0,0000
1921,00,0,00,00000000,00000000,00000000,0,0000
1922,00,0,00,00000000,00000000,00000000,0,0000
1923,10,0,10,01101110,01001011,01100011,0,0011
1924,00,0,01,00101101,00000000,01001001,0,1011
1925,00,0,00,00000000,00000000,00000000,0,0000
1926,00,0,00,00000000,00000000,00000000,0,0000
1927,10,0,10,00011000,11111110,00001000,0,0011
1928,00,0,00,00000000,00000000,00000000,0,0000
1929,00,0,00,00000000,00000000,00000000,0,0000
1930,00,0,01,00101110,00000000,01001011,0,1011
1931,10,0,10,00011001,11111110,00001010,0,0011
1932,00,0,00,00000000,00000000,00000000,0,0000
1933,00,0,00,00000000,00000000,00000000,0,0000
1934,00,0,00,00000000,00000000,00000000,0,0000
1935,10,0,10,00011010,11111110,00001100,0,0011
1936,00,0,01,00101111,00000000,01001101,0,1011
1937,00,0,00,00000000,00000000,00000000,0,0000
1938,00,0,00,00000000,00000000,00000000,0,0000
1939,10,0,10,00011011,11111110,00001110,0,0011
1940,00,0,00,00000000,00000000,00000000,0,0000
1941,00,0,00,00000000,00000000,00000000,0,0000
1942,00,0,01,00110000,00000000,01001111,0,1011
1943,10,0,10,00011100,11111110,00010000,0,0011
1944,00,0,00,00000000,00000000,00000000,0,0000
1945,00,0,00,00000000,00000000,00000000,0,0000
1946,00,0,00,00000000,00000000,00000000,0,0000
1947,10,0,10,00011101,11111110,00010010,0,0011
1948,00,0,01,00110001,00000000,01010001,0,1011
1949,00,0,00,00000000,00000000,00000000,0,0000
1950,00,0,00,00000000,00000000,00000000,0,0000
1951,10,0,10,00011110,11111110,00010100,0,0011
1952,00,0,00,00000000,00000000,00000000,0,0000
1953,00,0,00,00000000,00000000,00000000,0,0000
1954,00,0,01,00110010,00000000,01010011,0,1011
1955,10,0,10,00011111,11111110,00010110,0,0011
1956,00,0,00,00000000,00000000,00000000,0,0000
1957,00,0,00,00000000,00000000,00000000,0,0000
1958,00,0,00,00000000,00000000,00000000,0,0000
1959,10,0,10,01110000,01001011,01100100,0,0011
1960,00,0,01,00110011,00000000,01010101,0,1011
1961,00,0,00,00000000,00000000,00000000,0,0000
1962,00,0,00,00000000,00000000,00000000,0,0000
1963,10,0,10,01110010,01001011,01100101,0,0011
1964,00,0,00,00000000,00000000,00000000,0,0000
1965,00,0,00,00000000,00000000,00000000,0,0000
1966,00,0,01,00110100,00000000,01010111,0,1011
1967,10,0,10,01110100,01001011,01100110,0,0011
1968,00,0,01,11011000,00000000,00000000,0,1100
1969,00,0,01,11011001,00000000,00000001,0,1100
1970,00,0,01,11011010,00000000,00000010,0,1100
1971,10,0,10,01110110,01001011,01100111,0,0011
1972,00,0,01,01001100,00000000,01101001,0,1011
1973,00,0,01,11011011,00000000,00000011,0,1100
1974,00,0,01,11011100,00000000,00000100,0,1100
1975,00,0,01,11011101,00000000,00000101,0,1100
1976,00,0,01,11011110,00000000,00000110,0,1100
1977,10,0,10,00111000,00011101,00101000,0,0011
1978,00,0,01,01001101,00000000,01101011,0,1011
1979,00,0,01,11011111,00000000,00000111,0,1100
1980,00,0,00,00000000,00000000,00000000,0,0000
1981,10,0,10,00111001,00011101,00101010,0,0011
1982,00,0,00,00000000,00000000,00000000,0,0000
1983,00,0,00,00000000,00000000,00000000,0,0000
1984,00,0,01,01001110,00000000,01101101,0,1011
1985,10,0,10,00111010,00011101,00101100,0,0011
1986,00,0,00,00000000,00000000,00000000,0,0000
1987,00,0,00,00000000,00000000,00000000,0,0000
1988,00,0,00,00000000,00000000,00000000,0,0000
1989,10,0,10,00111011,00011101,00101110,0,0011
1990,00,0,01,01001111,00000000,01101111,0,1011
1991,00,0,00,00000000,00000000,00000000,0,0000
1992,00,0,00,00000000,00000000,00000000,0,0000
1993,10,0,10,00111100,00011101,00110000,0,0011
1994,00,0,00,00000000,00000000,00000000,0,0000
1995,00,0,00,00000000,00000000,00000000,0,0000
1996,00,0,00,00000000,00000000,00000000,0,0000
1997,10,0,10,00111101,00011101,00110010,0,0011
1998,00,0,00,00000000,00000000,00000000,0,0000
1999,00,0,01,01010000,00000000,01110001,0,1011
2000,00,0,00,00000000,00000000,00000000,0,0000
2001,00,0,00,00000000,00000000,00000000,0,0000
2002,00,0,00,00000000,00000000,00000000,0,0000
2003,00,0,00,00000000,00000000,00000000,0,0000
2004,00,0,00,00000000,00000000,00000000,0,0000
2005,00,0,01,01010001,00000000,01110011,0,1011
2006,00,0,00,00000000,00000000,00000000,0,0000
2007,00,0,00,00000000,00000000,00000000,0,0000
2008,00,0,00,00000000,00000000,00000000,0,0000
2009,00,0,00,00000000,00000000,00000000,0,0000
2010,00,0,10,00111110,00011101,00110100,0,0011
2011,00,0,10,00111111,00011101,00110110,0,0011
2012,00,0,01,01010010,00000000,01110101,0,1011
2013,00,0,10,10001000,01101010,10000000,0,0011
2014,00,0,10,10001010,01101010,10000001,0,0011
2015,00,0,10,10001100,01101010,10000010,0,0011
2016,00,0,10,10001110,01101010,10000011,0,0011
2017,00,0,01,01010011,00000000,01110111,0,1011
2018,00,0,10,10010000,01101010,10000100,0,0011
2019,00,0,10,10010010,01101010,10000101,0,0011
2020,00,0,10,10010100,01101010,10000110,0,0011
2021,00,0,10,01011000,00111100,01001000,0,0011
2022,00,0,10,01011001,00111100,01001010,0,0011
2023,00,0,10,01011010,00111100,01001100,0,0011
2024,00,0,10,01011011,00111100,01001110,0,0011
2025,00,0,10,01011100,00111100,01010000,0,0011
2026,00,0,10,01011101,00111100,01010010,0,0011
2027,00,0,10,01011110,00111100,01010100,0,0011
2028,10,0,10,01011111,00111100,01010110,0,0011
2029,00,0,01,11111001,00000000,00100010,0,1100
2030,00,0,01,11110111,00000000,00100000,0,1100
2031,00,0,01,11111000,00000000,00100001,0,1100
2032,10,0,10,10010110,01101010,10000111,0,0011
2033,00,0,01,11111010,00000000,00100011,0,1100
2034,00,0,01,11111011,00000000,00100100,0,1100
2035,00,0,01,11111100,00000000,00100101,0,1100
2036,10,0,10,10101000,10001001,10100000,0,0011
2037,00,0,01,11111101,00000000,00100110,0,1100
2038,00,0,00,00000000,00000000,00000000,0,0000
2039,00,0,01,11111110,00000000,00100111,0,1100
2040,10,0,10,10101010,10001001,10100001,0,0011
2041,00,0,01,00010110,00000000,01000000,0,1100
2042,00,0,01,00010111,00000000,01000001,0,1100
2043,00,0,01,00011000,00000000,01000010,0,1100
2044,10,0,10,10101100,10001001,10100010,0,0011
2045,00,0,01,00011001,00000000,01000011,0,1100
2046,00,0,01,00011011,00000000,01000101,0,1100
2047,00,0,01,00011010,00000000,01000100,0,1100
2048,10,0,10,10101110,10001001,10100011,0,0011
2049,00,0,01,00011100,00000000,01000110,0,1100
2050,00,0,01,01101011,00000000,10001001,0,1011
2051,00,0,01,00011101,00000000,01000111,0,1100
2052,10,0,10,10110000,10001001,10100100,0,0011
2053,00,0,00,00000000,00000000,00000000,0,0000
2054,00,0,00,00000000,00000000,00000000,0,0000
2055,00,0,00,00000000,00000000,00000000,0,0000
2056,00,0,01,01101101,00000000,10001101,0,1011
2057,10,0,10,10110010,10001001,10100101,0,0011
2058,00,0,00,00000000,00000000,00000000,0,0000
2059,00,0,00,00000000,00000000,00000000,0,0000
2060,00,0,00,00000000,00000000,00000000,0,0000
2061,10,0,10,10110100,10001001,10100110,0,0011
2062,00,0,01,01101100,00000000,10001011,0,1011
2063,00,0,00,00000000,00000000,00000000,0,0000
2064,00,0,00,00000000,00000000,00000000,0,0000
2065,10,0,10,10110110,10001001,10100111,0,0011
2066,00,0,00,00000000,00000000,00000000,0,0000
2067,00,0,00,00000000,00000000,00000000,0,0000
2068,00,0,01,01101110,00000000,10001111,0,1011
2069,10,0,10,11001010,10101000,11000001,0,0011
2070,00,0,00,00000000,00000000,00000000,0,0000
2071,00,0,00,00000000,00000000,00000000,0,0000
2072,00,0,00,00000000,00000000,00000000,0,0000
2073,10,0,10,01111000,01011011,01101000,0,0011
2074,00,0,01,01101111,00000000,10010001,0,1011
2075,00,0,00,00000000,00000000,00000000,0,0000
2076,00,0,00,00000000,00000000,00000000,0,0000
2077,10,0,10,01111010,01011011,01101100,0,0011
2078,00,0,00,00000000,00000000,00000000,0,0000
2079,00,0,00,00000000,00000000,00000000,0,0000
2080,00,0,00,00000000,00000000,00000000,0,0000
2081,10,0,10,01111001,01011011,01101010,0,0011
2082,00,0,01,01110000,00000000,10010011,0,1011
2083,00,0,00,00000000,00000000,00000000,0,0000
2084,00,0,00,00000000,00000000,00000000,0,0000
2085,10,0,10,01111011,01011011,01101110,0,0011
2086,00,0,00,00000000,00000000,00000000,0,0000
2087,00,0,01,01110001,00000000,10010101,0,1011
2088,00,0,00,00000000,00000000,00000000,0,0000
2089,10,0,10,01111100,01011011,01110000,0,0011
2090,00,0,00,00000000,00000000,00000000,0,0000
2091,00,0,00,00000000,00000000,00000000,0,0000
2092,00,0,00,00000000,00000000,00000000,0,0000
2093,10,0,10,01111101,01011011,01110010,0,0011
2094,00,0,01,01110010,00000000,10010111,0,1011
2095,00,0,00,00000000,00000000,00000000,0,0000
2096,00,0,00,00000000,00000000,00000000,0,0000
2097,10,0,10,01111110,01011011,01110100,0,0011
2098,00,0,00,00000000,00000000,00000000,0,0000
2099,00,0,01,10001010,00000000,10101001,0,1011
2100,00,0,00,00000000,00000000,00000000,0,0000
2101,10,0,10,01111111,01011011,01110110,0,0011
2102,00,0,00,00000000,00000000,00000000,0,0000
2103,00,0,00,00000000,00000000,00000000,0,0000
2104,00,0,00,00000000,00000000,00000000,0,0000
2105,00,0,01,10001011,00000000,10101011,0,1011
2106,10,0,10,11001000,10101000,11000000,0,0011
2107,00,0,00,00000000,00000000,00000000,0,0000
2108,00,0,00,00000000,00000000,00000000,0,0000
2109,00,0,00,00000000,00000000,00000000,0,0000
2110,10,0,10,11001100,10101000,11000010,0,0011
2111,00,0,01,10001100,00000000,10101101,0,1011
2112,00,0,00,00000000,00000000,00000000,0,0000
2113,00,0,00,00000000,00000000,00000000,0,0000
2114,10,0,10,11001110,10101000,11000011,0,0011
2115,00,0,01,00110101,00000000,01100000,0,1100
2116,00,0,01,00110110,00000000,01100001,0,1100
2117,00,0,01,10001110,00000000,10110001,0,1011
2118,10,0,10,11010000,10101000,11000100,0,0011
2119,00,0,01,00110111,00000000,01100010,0,1100
2120,00,0,01,00111000,00000000,01100011,0,1100
2121,00,0,01,00111001,00000000,01100100,0,1100
2122,10,0,10,11010010,10101000,11000101,0,0011
2123,00,0,01,10010000,00000000,10110101,0,1011
2124,00,0,01,00111010,00000000,01100101,0,1100
2125,00,0,01,00111011,00000000,01100110,0,1100
2126,10,0,10,11010100,10101000,11000110,0,0011
2127,00,0,01,00111100,00000000,01100111,0,1100
2128,00,0,00,00000000,00000000,00000000,0,0000
2129,00,0,01,10001101,00000000,10101111,0,1011
2130,10,0,10,11010110,10101000,11000111,0,0011
2131,00,0,00,00000000,00000000,00000000,0,0000
2132,00,0,00,00000000,00000000,00000000,0,0000
2133,00,0,00,00000000,00000000,00000000,0,0000
2134,10,0,10,11101000,11000111,11100000,0,0011
2135,00,0,01,10001111,00000000,10110011,0,1011
2136,00,0,00,00000000,00000000,00000000,0,0000
2137,00,0,00,00000000,00000000,00000000,0,0000
2138,10,0,10,11101010,11000111,11100001,0,0011
2139,00,0,00,00000000,00000000,00000000,0,0000
2140,00,0,00,00000000,00000000,00000000,0,0000
2141,00,0,01,10010001,00000000,10110111,0,1011
2142,10,0,10,11101100,11000111,11100010,0,0011
2143,00,0,00,00000000,00000000,00000000,0,0000
2144,00,0,00,00000000,00000000,00000000,0,0000
2145,00,0,00,00000000,00000000,00000000,0,0000
2146,10,0,10,11101110,11000111,11100011,0,0011
2147,00,0,01,10101001,00000000,11001001,0,1011
2148,00,0,00,00000000,00000000,00000000,0,0000
2149,00,0,00,00000000,00000000,00000000,0,0000
2150,10,0,10,10011000,01111010,10001000,0,0011
2151,00,0,00,00000000,00000000,00000000,0,0000
2152,00,0,00,00000000,00000000,00000000,0,0000
2153,00,0,01,10101010,00000000,11001011,0,1011
2154,10,0,10,10011001,01111010,10001010,0,0011
2155,00,0,00,00000000,00000000,00000000,0,0000
2156,00,0,00,00000000,00000000,00000000,0,0000
2157,00,0,00,00000000,00000000,00000000,0,0000
2158,10,0,10,10011010,01111010,10001100,0,0011
2159,00,0,01,10101011,00000000,11001101,0,1011
2160,00,0,00,00000000,00000000,00000000,0,0000
2161,00,0,00,00000000,00000000,00000000,0,0000
2162,10,0,10,10011011,01111010,10001110,0,0011
2163,00,0,00,00000000,00000000,00000000,0,0000
2164,00,0,00,00000000,00000000,00000000,0,0000
2165,00,0,01,10101100,00000000,11001111,0,1011
2166,10,0,10,10011100,01111010,10010000,0,0011
2167,00,0,00,00000000,00000000,00000000,0,0000
2168,00,0,00,00000000,00000000,00000000,0,0000
2169,00,0,00,00000000,00000000,00000000,0,0000
2170,10,0,10,10011101,01111010,10010010,0,0011
2171,00,0,01,10101101,00000000,11010001,0,1011
2172,00,0,00,00000000,00000000,00000000,0,0000
2173,00,0,00,00000000,00000000,00000000,0,0000
2174,10,0,10,10011110,01111010,10010100,0,0011
2175,00,0,00,00000000,00000000,00000000,0,0000
2176,00,0,00,00000000,00000000,00000000,0,0000
2177,00,0,01,10101110,00000000,11010011,0,1011
2178,10,0,10,10011111,01111010,10010110,0,0011
2179,00,0,00,00000000,00000000,00000000,0,0000
2180,00,0,00,00000000,00000000,00000000,0,0000
2181,00,0,00,00000000,00000000,00000000,0,0000
2182,10,0,10,11110000,11000111,11100100,0,0011
2183,00,0,01,10101111,00000000,11010101,0,1011
2184,00,0,00,00000000,00000000,00000000,0,0000
2185,00,0,00,00000000,00000000,00000000,0,0000
2186,10,0,10,11110010,11000111,11100101,0,0011
2187,00,0,00,00000000,00000000,00000000,0,0000
2188,00,0,00,00000000,00000000,00000000,0,0000
2189,00,0,01,10110000,00000000,11010111,0,1011
2190,10,0,10,11110100,11000111,11100110,0,0011
2191,00,0,01,01010100,00000000,10000000,0,1100
2192,00,0,01,01010101,00000000,10000001,0,1100
2193,00,0,01,01010110,00000000,10000010,0,1100
2194,10,0,10,11110110,11000111,11100111,0,0011
2195,00,0,01,11001000,00000000,11101001,0,1011
2196,00,0,01,01010111,00000000,10000011,0,1100
2197,00,0,01,01011000,00000000,10000100,0,1100
2198,00,0,01,01011001,00000000,10000101,0,1100
2199,00,0,01,01011010,00000000,10000110,0,1100
2200,10,0,10,10111000,10011001,10101000,0,0011
2201,00,0,01,11001001,00000000,11101011,0,1011
2202,00,0,01,01011011,00000000,10000111,0,1100
2203,00,0,00,00000000,00000000,00000000,0,0000
2204,10,0,10,10111001,10011001,10101010,0,0011
2205,00,0,00,00000000,00000000,00000000,0,0000
2206,00,0,00,00000000,00000000,00000000,0,0000
2207,00,0,01,11001010,00000000,11101101,0,1011
2208,10,0,10,10111010,10011001,10101100,0,0011
2209,00,0,00,00000000,00000000,00000000,0,0000
2210,00,0,00,00000000,00000000,00000000,0,0000
2211,00,0,00,00000000,00000000,00000000,0,0000
2212,10,0,10,10111011,10011001,10101110,0,0011
2213,00,0,01,11001011,00000000,11101111,0,1011
2214,00,0,00,00000000,00000000,00000000,0,0000
2215,00,0,00,00000000,00000000,00000000,0,0000
2216,10,0,10,10111100,10011001,10110000,0,0011
2217,00,0,00,00000000,00000000,00000000,0,0000
2218,00,0,00,00000000,00000000,00000000,0,0000
2219,00,0,00,00000000,00000000,00000000,0,0000
2220,10,0,10,10111101,10011001,10110010,0,0011
2221,00,0,00,00000000,00000000,00000000,0,0000
2222,00,0,01,11001100,00000000,11110001,0,1011
2223,00,0,00,00000000,00000000,00000000,0,0000
2224,00,0,00,00000000,00000000,00000000,0,0000
2225,00,0,00,00000000,00000000,00000000,0,0000
2226,00,0,00,00000000,00000000,00000000,0,0000
2227,00,0,00,00000000,00000000,00000000,0,0000
2228,00,0,01,11001101,00000000,11110011,0,1011
2229,00,0,00,00000000,00000000,00000000,0,0000
2230,00,0,00,00000000,00000000,00000000,0,0000
2231,00,0,00,00000000,00000000,00000000,0,0000
2232,00,0,00,00000000,00000000,00000000,0,0000
2233,00,0,10,10111110,10011001,10110100,0,0011
2234,00,0,10,10111111,10011001,10110110,0,0011
2235,00,0,01,11001110,00000000,11110101,0,1011
2236,00,0,10,00001000,11100110,00000000,0,0011
2237,00,0,10,00001010,11100110,00000001,0,0011
2238,00,0,10,00001100,11100110,00000010,0,0011
2239,00,0,10,00001110,11100110,00000011,0,0011
2240,00,0,01,11001111,00000000,11110111,0,1011
2241,00,0,10,00010000,11100110,00000100,0,0011
2242,00,0,10,00010010,11100110,00000101,0,0011
2243,00,0,10,00010100,11100110,00000110,0,0011
2244,00,0,10,11011000,10111000,11001000,0,0011
2245,00,0,10,11011001,10111000,11001010,0,0011
2246,00,0,10,11011010,10111000,11001100,0,0011
2247,00,0,10,11011011,10111000,11001110,0,0011
2248,00,0,10,11011100,10111000,11010000,0,0011
2249,00,0,10,11011101,10111000,11010010,0,0011
2250,00,0,10,11011110,10111000,11010100,0,0011
2251,10,0,10,11011111,10111000,11010110,0,0011
2252,00,0,01,01110101,00000000,10100010,0,1100
2253,00,0,01,01110011,00000000,10100000,0,1100
2254,00,0,01,01110100,00000000,10100001,0,1100
2255,10,0,10,00010110,11100110,00000111,0,0011
2256,00,0,01,01110110,00000000,10100011,0,1100
2257,00,0,01,01110111,00000000,10100100,0,1100
2258,00,0,01,01111000,00000000,10100101,0,1100
2259,10,0,10,00101000,00000101,00100000,0,0011
2260,00,0,01,01111001,00000000,10100110,0,1100
2261,00,0,00,00000000,00000000,00000000,0,0000
2262,00,0,01,01111010,00000000,10100111,0,1100
2263,10,0,10,00101010,00000101,00100001,0,0011
2264,00,0,01,10010010,00000000,11000000,0,1100
2265,00,0,01,10010011,00000000,11000001,0,1100
2266,00,0,01,10010100,00000000,11000010,0,1100
2267,10,0,10,00101100,00000101,00100010,0,0011
2268,00,0,01,10010101,00000000,11000011,0,1100
2269,00,0,01,10010111,00000000,11000101,0,1100
2270,00,0,01,10010110,00000000,11000100,0,1100
2271,10,0,10,00101110,00000101,00100011,0,0011
2272,00,0,01,10011000,00000000,11000110,0,1100
2273,00,0,01,11100111,00000000,00001001,0,1011
2274,00,0,01,10011001,00000000,11000111,0,1100
2275,10,0,10,00110000,00000101,00100100,0,0011
2276,00,0,00,00000000,00000000,00000000,0,0000
2277,00,0,00,00000000,00000000,00000000,0,0000
2278,00,0,00,00000000,00000000,00000000,0,0000
2279,00,0,01,11101001,00000000,00001101,0,1011
2280,10,0,10,00110010,00000101,00100101,0,0011
2281,00,0,00,00000000,00000000,00000000,0,0000
2282,00,0,00,00000000,00000000,00000000,0,0000
2283,00,0,00,00000000,00000000,00000000,0,0000
2284,10,0,10,00110100,00000101,00100110,0,0011
2285,00,0,01,11101000,00000000,00001011,0,1011
2286,00,0,00,00000000,00000000,00000000,0,0000
2287,00,0,00,00000000,00000000,00000000,0,0000
2288,10,0,10,00110110,00000101,00100111,0,0011
2289,00,0,00,00000000,00000000,00000000,0,0000
2290,00,0,00,00000000,00000000,00000000,0,0000
2291,00,0,01,11101010,00000000,00001111,0,1011
2292,10,0,10,01001010,00100100,01000001,0,0011
2293,00,0,00,00000000,00000000,00000000,0,0000
2294,00,0,00,00000000,00000000,00000000,0,0000
2295,00,0,00,00000000,00000000,00000000,0,0000
2296,10,0,10,11111000,11010111,11101000,0,0011
2297,00,0,01,11101011,00000000,00010001,0,1011
2298,00,0,00,00000000,00000000,00000000,0,0000
2299,00,0,00,00000000,00000000,00000000,0,0000
2300,10,0,10,11111010,11010111,11101100,0,0011
2301,00,0,00,00000000,00000000,00000000,0,0000
2302,00,0,00,00000000,00000000,00000000,0,0000
2303,00,0,00,00000000,00000000,00000000,0,0000
2304,10,0,10,11111001,11010111,11101010,0,0011
2305,00,0,01,11101100,00000000,00010011,0,1011
2306,00,0,00,00000000,00000000,00000000,0,0000
2307,00,0,00,00000000,00000000,00000000,0,0000
2308,10,0,10,11111011,11010111,11101110,0,0011
2309,00,0,00,00000000,00000000,00000000,0,0000
2310,00,0,01,11101101,00000000,00010101,0,1011
2311,00,0,00,00000000,00000000,00000000,0,0000
2312,10,0,10,11111100,11010111,11110000,0,0011
2313,00,0,00,00000000,00000000,00000000,0,0000
2314,00,0,00,00000000,00000000,00000000,0,0000
2315,00,0,00,00000000,00000000,00000000,0,0000
2316,10,0,10,11111101,11010111,11110010,0,0011
2317,00,0,01,11101110,00000000,00010111,0,1011
2318,00,0,00,00000000,00000000,00000000,0,0000
2319,00,0,00,00000000,00000000,00000000,0,0000
2320,10,0,10,11111110,11010111,11110100,0,0011
2321,00,0,00,00000000,00000000,00000000,0,0000
2322,00,0,01,00000110,00000000,00101001,0,1011
2323,00,0,00,00000000,00000000,00000000,0,0000
2324,10,0,10,11111111,11010111,11110110,0,0011
2325,00,0,00,00000000,00000000,00000000,0,0000
2326,00,0,00,00000000,00000000,00000000,0,0000
2327,00,0,00,00000000,00000000,00000000,0,0000
2328,00,0,01,00000111,00000000,00101011,0,1011
2329,10,0,10,01001000,00100100,01000000,0,0011
2330,00,0,00,00000000,00000000,00000000,0,0000
2331,00,0,00,00000000,00000000,00000000,0,0000
2332,00,0,00,00000000,00000000,00000000,0,0000
2333,10,0,10,01001100,00100100,01000010,0,0011
2334,00,0,01,00001000,00000000,00101101,0,1011
2335,00,0,00,00000000,00000000,00000000,0,0000
2336,00,0,00,00000000,00000000,00000000,0,0000
2337,10,0,10,01001110,00100100,01000011,0,0011
2338,00,0,01,10110001,00000000,11100000,0,1100
2339,00,0,01,10110010,00000000,11100001,0,1100
2340,00,0,01,00001010,00000000,00110001,0,1011
2341,10,0,10,01010000,00100100,01000100,0,0011
2342,00,0,01,10110011,00000000,11100010,0,1100
2343,00,0,01,10110100,00000000,11100011,0,1100
2344,00,0,01,10110101,00000000,11100100,0,1100
2345,10,0,10,01010010,00100100,01000101,0,0011
2346,00,0,01,00001100,00000000,00110101,0,1011
2347,00,0,01,10110110,00000000,11100101,0,1100
2348,00,0,01,10110111,00000000,11100110,0,1100
2349,10,0,10,01010100,00100100,01000110,0,0011
2350,00,0,01,10111000,00000000,11100111,0,1100
2351,00,0,00,00000000,00000000,00000000,0,0000
2352,00,0,01,00001001,00000000,00101111,0,1011
2353,10,0,10,01010110,00100100,01000111,0,0011
2354,00,0,00,00000000,00000000,00000000,0,0000
2355,00,0,00,00000000,00000000,00000000,0,0000
2356,00,0,00,00000000,00000000,00000000,0,0000
2357,10,0,10,01101000,01000011,01100000,0,0011
2358,00,0,01,00001011,00000000,00110011,0,1011
2359,00,0,00,00000000,00000000,00000000,0,0000
2360,00,0,00,00000000,00000000,00000000,0,0000
2361,10,0,10,01101010,01000011,01100001,0,0011
2362,00,0,00,00000000,00000000,00000000,0,0000
2363,00,0,00,00000000,00000000,00000000,0,0000
2364,00,0,01,00001101,00000000,00110111,0,1011
2365,10,0,10,01101100,01000011,01100010,0,0011
2366,00,0,00,00000000,00000000,00000000,0,0000
2367,00,0,00,00000000,00000000,00000000,0,0000
2368,00,0,00,00000000,00000000,00000000,0,0000
2369,10,0,10,01101110,01000011,01100011,0,0011
2370,00,0,01,00100101,00000000,01001001,0,1011
2371,00,0,00,00000000,00000000,00000000,0,0000
2372,00,0,00,00000000,00000000,00000000,0,0000
2373,10,0,10,00011000,11110110,00001000,0,0011
2374,00,0,00,00000000,00000000,00000000,0,0000
2375,00,0,00,00000000,00000000,00000000,0,0000
2376,00,0,01,00100110,00000000,01001011,0,1011
2377,10,0,10,00011001,11110110,00001010,0,0011
2378,00,0,00,00000000,00000000,00000000,0,0000
2379,00,0,00,00000000,00000000,00000000,0,0000
2380,00,0,00,00000000,00000000,00000000,0,0000
2381,10,0,10,00011010,11110110,00001100,0,0011
2382,00,0,01,00100111,00000000,01001101,0,1011
2383,00,0,00,00000000,00000000,00000000,0,0000
2384,00,0,00,00000000,00000000,00000000,0,0000
2385,10,0,10,00011011,11110110,00001110,0,0011
2386,00,0,00,00000000,00000000,00000000,0,0000
2387,00,0,00,00000000,00000000,00000000,0,0000
2388,00,0,01,00101000,00000000,01001111,0,1011
2389,10,0,10,00011100,11110110,00010000,0,0011
2390,00,0,00,00000000,00000000,00000000,0,0000
2391,00,0,00,00000000,00000000,00000000,0,0000
2392,00,0,00,00000000,00000000,00000000,0,0000
2393,10,0,10,00011101,11110110,00010010,0,0011
2394,00,0,01,00101001,00000000,01010001,0,1011
2395,00,0,00,00000000,00000000,00000000,0,0000
2396,00,0,00,00000000,00000000,00000000,0,0000
2397,10,0,10,00011110,11110110,00010100,0,0011
2398,00,0,00,00000000,00000000,00000000,0,0000
2399,00,0,00,00000000,00000000,00000000,0,0000
2400,00,0,01,00101010,00000000,01010011,0,1011
2401,10,0,10,00011111,11110110,00010110,0,0011
2402,00,0,00,00000000,00000000,00000000,0,0000
2403,00,0,00,00000000,00000000,00000000,0,0000
2404,00,0,00,00000000,00000000,00000000,0,0000
2405,10,0,10,01110000,01000011,01100100,0,0011
2406,00,0,01,00101011,00000000,01010101,0,1011
2407,00,0,00,00000000,00000000,00000000,0,0000
2408,00,0,00,00000000,00000000,00000000,0,0000
2409,10,0,10,01110010,01000011,01100101,0,0011
2410,00,0,00,00000000,00000000,00000000,0,0000
2411,00,0,00,00000000,00000000,00000000,0,0000
2412,00,0,01,00101100,00000000,01010111,0,1011
2413,10,0,10,01110100,01000011,01100110,0,0011
2414,00,0,01,11010000,00000000,00000000,0,1100
2415,00,0,01,11010001,00000000,00000001,0,1100
2416,00,0,01,11010010,00000000,00000010,0,1100
2417,10,0,10,01110110,01000011,01100111,0,0011
2418,00,0,01,01000100,00000000,01101001,0,1011
2419,00,0,01,11010011,00000000,00000011,0,1100
2420,00,0,01,11010100,00000000,00000100,0,1100
2421,00,0,01,11010101,00000000,00000101,0,1100
2422,00,0,01,11010110,00000000,00000110,0,1100
2423,10,0,10,00111000,00010101,00101000,0,0011
2424,00,0,01,01000101,00000000,01101011,0,1011
2425,00,0,01,11010111,00000000,00000111,0,1100
2426,00,0,00,00000000,00000000,00000000,0,0000
2427,10,0,10,00111001,00010101,00101010,0,0011
2428,00,0,00,00000000,00000000,00000000,0,0000
2429,00,0,00,00000000,00000000,00000000,0,0000
2430,00,0,01,01000110,00000000,01101101,0,1011
2431,10,0,10,00111010,00010101,00101100,0,0011
2432,00,0,00,00000000,00000000,00000000,0,0000
2433,00,0,00,00000000,00000000,00000000,0,0000
2434,00,0,00,00000000,00000000,00000000,0,0000
2435,10,0,10,00111011,00010101,00101110,0,0011
2436,00,0,01,01000111,00000000,01101111,0,1011
2437,00,0,00,00000000,00000000,00000000,0,0000
2438,00,0,00,00000000,00000000,00000000,0,0000
2439,10,0,10,00111100,00010101,00110000,0,0011
2440,00,0,00,00000000,00000000,00000000,0,0000
2441,00,0,00,00000000,00000000,00000000,0,0000
2442,00,0,00,00000000,00000000,00000000,0,0000
2443,10,0,10,00111101,00010101,00110010,0,0011
2444,00,0,00,00000000,00000000,00000000,0,0000
2445,00,0,01,01001000,00000000,01110001,0,1011
2446,00,0,00,00000000,00000000,00000000,0,0000
2447,00,0,00,00000000,00000000,00000000,0,0000
2448,00,0,00,00000000,00000000,00000000,0,0000
2449,00,0,00,00000000,00000000,00000000,0,0000
2450,00,0,00,00000000,00000000,00000000,0,0000
2451,00,0,01,01001001,00000000,01110011,0,1011
2452,00,0,00,00000000,00000000,00000000,0,0000
2453,00,0,00,00000000,00000000,00000000,0,0000
2454,00,0,00,00000000,00000000,00000000,0,0000
2455,00,0,00,00000000,00000000,00000000,0,0000
2456,00,0,10,00111110,00010101,00110100,0,0011
2457,00,0,10,00111111,00010101,00110110,0,0011
2458,00,0,01,01001010,00000000,01110101,0,1011
2459,00,0,10,10001000,01100010,10000000,0,0011
2460,00,0,10,10001010,01100010,10000001,0,0011
2461,00,0,10,10001100,01100010,10000010,0,0011
2462,00,0,10,10001110,01100010,10000011,0,0011
2463,00,0,01,01001011,00000000,01110111,0,1011
2464,00,0,10,10010000,01100010,10000100,0,0011
2465,00,0,10,10010010,01100010,10000101,0,0011
2466,00,0,10,10010100,01100010,10000110,0,0011
2467,00,0,10,01011000,00110100,01001000,0,0011
2468,00,0,10,01011001,00110100,01001010,0,0011
2469,00,0,10,01011010,00110100,01001100,0,0011
2470,00,0,10,01011011,00110100,01001110,0,0011
2471,00,0,10,01011100,00110100,01010000,0,0011
2472,00,0,10,01011101,00110100,01010010,0,0011
2473,00,0,10,01011110,00110100,01010100,0,0011
2474,10,0,10,01011111,00110100,01010110,0,0011
2475,00,0,01,11110001,00000000,00100010,0,1100
2476,00,0,01,11101111,00000000,00100000,0,1100
2477,00,0,01,11110000,00000000,00100001,0,1100
2478,10,0,10,10010110,01100010,10000111,0,0011
2479,00,0,01,11110010,00000000,00100011,0,1100
2480,00,0,01,11110011,00000000,00100100,0,1100
2481,00,0,01,11110100,00000000,00100101,0,1100
2482,10,0,10,10101000,10000001,10100000,0,0011
2483,00,0,01,11110101,00000000,00100110,0,1100
2484,00,0,00,00000000,00000000,00000000,0,0000
2485,00,0,01,11110110,00000000,00100111,0,1100
2486,10,0,10,10101010,10000001,10100001,0,0011
2487,00,0,01,00001110,00000000,01000000,0,1100
2488,00,0,01,00001111,00000000,01000001,0,1100
2489,00,0,01,00010000,00000000,01000010,0,1100
2490,10,0,10,10101100,10000001,10100010,0,0011
2491,00,0,01,00010001,00000000,01000011,0,1100
2492,00,0,01,00010011,00000000,01000101,0,1100
2493,00,0,01,00010010,00000000,01000100,0,1100
2494,10,0,10,10101110,10000001,10100011,0,0011
2495,00,0,01,00010100,00000000,01000110,0,1100
2496,00,0,01,01100011,00000000,10001001,0,1011
2497,00,0,01,00010101,00000000,01000111,0,1100
2498,10,0,10,10110000,10000001,10100100,0,0011
2499,00,0,00,00000000,00000000,00000000,0,0000
2500,00,0,00,00000000,00000000,00000000,0,0000
2501,00,0,00,00000000,00000000,00000000,0,0000
2502,00,0,01,01100101,00000000,10001101,0,1011
2503,10,0,10,10110010,10000001,10100101,0,0011
2504,00,0,00,00000000,00000000,00000000,0,0000
2505,00,0,00,00000000,00000000,00000000,0,0000
2506,00,0,00,00000000,00000000,00000000,0,0000
2507,10,0,10,10110100,10000001,10100110,0,0011
2508,00,0,01,01100100,00000000,10001011,0,1011
2509,00,0,00,00000000,00000000,00000000,0,0000
2510,00,0,00,00000000,00000000,00000000,0,0000
2511,10,0,10,10110110,10000001,10100111,0,0011
2512,00,0,00,00000000,00000000,00000000,0,0000
2513,00,0,00,00000000,00000000,00000000,0,0000
2514,00,0,01,01100110,00000000,10001111,0,1011
2515,10,0,10,11001010,10100000,11000001,0,0011
2516,00,0,00,00000000,00000000,00000000,0,0000
2517,00,0,00,00000000,00000000,00000000,0,0000
2518,00,0,00,00000000,00000000,00000000,0,0000
2519,10,0,10,01111000,01010011,01101000,0,0011
2520,00,0,01,01100111,00000000,10010001,0,1011
2521,00,0,00,00000000,00000000,00000000,0,0000
2522,00,0,00,00000000,00000000,00000000,0,0000
2523,10,0,10,01111010,01010011,01101100,0,0011
2524,00,0,00,00000000,00000000,00000000,0,0000
2525,00,0,00,00000000,00000000,00000000,0,0000
2526,00,0,00,00000000,00000000,00000000,0,0000
2527,10,0,10,01111001,01010011,01101010,0,0011
2528,00,0,01,01101000,00000000,10010011,0,1011
2529,00,0,00,00000000,00000000,00000000,0,0000
2530,00,0,00,00000000,00000000,00000000,0,0000
2531,10,0,10,01111011,01010011,01101110,0,0011
2532,00,0,00,00000000,00000000,00000000,0,0000
2533,00,0,01,01101001,00000000,10010101,0,1011
2534,00,0,00,00000000,00000000,00000000,0,0000
2535,10,0,10,01111100,01010011,01110000,0,0011
2536,00,0,00,00000000,00000000,00000000,0,0000
2537,00,0,00,00000000,00000000,00000000,0,0000
2538,00,0,00,00000000,00000000,00000000,0,0000
2539,10,0,10,01111101,01010011,01110010,0,0011
2540,00,0,01,01101010,00000000,10010111,0,1011
2541,00,0,00,00000000,00000000,00000000,0,0000
2542,00,0,00,00000000,00000000,00000000,0,0000
2543,10,0,10,01111110,01010011,01110100,0,0011
2544,00,0,00,00000000,00000000,00000000,0,0000
2545,00,0,01,10000010,00000000,10101001,0,1011
2546,00,0,00,00000000,00000000,00000000,0,0000
2547,10,0,10,01111111,01010011,01110110,0,0011
2548,00,0,00,00000000,00000000,00000000,0,0000
2549,00,0,00,00000000,00000000,00000000,0,0000
2550,00,0,00,00000000,00000000,00000000,0,0000
2551,00,0,01,10000011,00000000,10101011,0,1011
2552,10,0,10,11001000,10100000,11000000,0,0011
2553,00,0,00,00000000,00000000,00000000,0,0000
2554,00,0,00,00000000,00000000,00000000,0,0000
2555,00,0,00,00000000,00000000,00000000,0,0000
2556,10,0,10,11001100,10100000,11000010,0,0011
2557,00,0,01,10000100,00000000,10101101,0,1011
2558,00,0,00,00000000,00000000,00000000,0,0000
2559,00,0,00,00000000,00000000,00000000,0,0000
2560,10,0,10,11001110,10100000,11000011,0,0011
2561,00,0,01,00101101,00000000,01100000,0,1100
2562,00,0,01,00101110,00000000,01100001,0,1100
2563,00,0,01,10000110,00000000,10110001,0,1011
2564,10,0,10,11010000,10100000,11000100,0,0011
2565,00,0,01,00101111,00000000,01100010,0,1100
2566,00,0,01,00110000,00000000,01100011,0,1100
2567,00,0,01,00110001,00000000,01100100,0,1100
2568,10,0,10,11010010,10100000,11000101,0,0011
2569,00,0,01,10001000,00000000,10110101,0,1011
2570,00,0,01,00110010,00000000,01100101,0,1100
2571,00,0,01,00110011,00000000,01100110,0,1100
2572,10,0,10,11010100,10100000,11000110,0,0011
2573,00,0,01,00110100,00000000,01100111,0,1100
2574,00,0,00,00000000,00000000,00000000,0,0000
2575,00,0,01,10000101,00000000,10101111,0,1011
2576,10,0,10,11010110,10100000,11000111,0,0011
2577,00,0,00,00000000,00000000,00000000,0,0000
2578,00,0,00,00000000,00000000,00000000,0,0000
2579,00,0,00,00000000,00000000,00000000,0,0000
2580,10,0,10,11101000,10111111,11100000,0,0011
2581,00,0,01,10000111,00000000,10110011,0,1011
2582,00,0,00,00000000,00000000,00000000,0,0000
2583,00,0,00,00000000,00000000,00000000,0,0000
2584,10,0,10,11101010,10111111,11100001,0,0011
2585,00,0,00,00000000,00000000,00000000,0,0000
2586,00,0,00,00000000,00000000,00000000,0,0000
2587,00,0,01,10001001,00000000,10110111,0,1011
2588,10,0,10,11101100,10111111,11100010,0,0011
2589,00,0,00,00000000,00000000,00000000,0,0000
2590,00,0,00,00000000,00000000,00000000,0,0000
2591,00,0,00,00000000,00000000,00000000,0,0000
2592,10,0,10,11101110,10111111,11100011,0,0011
2593,00,0,01,10100001,00000000,11001001,0,1011
2594,00,0,00,00000000,00000000,00000000,0,0000
2595,00,0,00,00000000,00000000,00000000,0,0000
2596,10,0,10,10011000,01110010,10001000,0,0011
2597,00,0,00,00000000,00000000,00000000,0,0000
2598,00,0,00,00000000,00000000,00000000,0,0000
2599,00,0,01,10100010,00000000,11001011,0,1011
2600,10,0,10,10011001,01110010,10001010,0,0011
2601,00,0,00,00000000,00000000,00000000,0,0000
2602,00,0,00,00000000,00000000,00000000,0,0000
2603,00,0,00,00000000,00000000,00000000,0,0000
2604,10,0,10,10011010,01110010,10001100,0,0011
2605,00,0,01,10100011,00000000,11001101,0,1011
2606,00,0,00,00000000,00000000,00000000,0,0000
2607,00,0,00,00000000,00000000,00000000,0,0000
2608,10,0,10,10011011,01110010,10001110,0,0011
2609,00,0,00,00000000,00000000,00000000,0,0000
2610,00,0,00,00000000,00000000,00000000,0,0000
2611,00,0,01,10100100,00000000,11001111,0,1011
2612,10,0,10,10011100,01110010,10010000,0,0011
2613,00,0,00,00000000,00000000,00000000,0,0000
2614,00,0,00,00000000,00000000,00000000,0,0000
2615,00,0,00,00000000,00000000,00000000,0,0000
2616,10,0,10,10011101,01110010,10010010,0,0011
2617,00,0,01,10100101,00000000,11010001,0,1011
2618,00,0,00,00000000,00000000,00000000,0,0000
2619,00,0,00,00000000,00000000,00000000,0,0000
2620,10,0,10,10011110,01110010,10010100,0,0011
2621,00,0,00,00000000,00000000,00000000,0,0000
2622,00,0,00,00000000,00000000,00000000,0,0000
2623,00,0,01,10100110,00000000,11010011,0,1011
2624,10,0,10,10011111,01110010,10010110,0,0011
2625,00,0,00,00000000,00000000,00000000,0,0000
2626,00,0,00,00000000,00000000,00000000,0,0000
2627,00,0,00,00000000,00000000,00000000,0,0000
2628,10,0,10,11110000,10111111,11100100,0,0011
2629,00,0,01,10100111,00000000,11010101,0,1011
2630,00,0,00,00000000,00000000,00000000,0,0000
2631,00,0,00,00000000,00000000,00000000,0,0000
2632,10,0,10,11110010,10111111,11100101,0,0011
2633,00,0,00,00000000,00000000,00000000,0,0000
2634,00,0,00,00000000,00000000,00000000,0,0000
2635,00,0,01,10101000,00000000,11010111,0,1011
2636,10,0,10,11110100,10111111,11100110,0,0011
2637,00,0,01,01001100,00000000,10000000,0,1100
2638,00,0,01,01001101,00000000,10000001,0,1100
2639,00,0,01,01001110,00000000,10000010,0,1100
2640,10,0,10,11110110,10111111,11100111,0,0011
2641,00,0,01,11000000,00000000,11101001,0,1011
2642,00,0,01,01001111,00000000,10000011,0,1100
2643,00,0,01,01010000,00000000,10000100,0,1100
2644,00,0,01,01010001,00000000,10000101,0,1100
2645,00,0,01,01010010,00000000,10000110,0,1100
2646,10,0,10,10111000,10010001,10101000,0,0011
2647,00,0,01,11000001,00000000,11101011,0,1011
2648,00,0,01,01010011,00000000,10000111,0,1100
2649,00,0,00,00000000,00000000,00000000,0,0000
2650,10,0,10,10111001,10010001,10101010,0,0011
2651,00,0,00,00000000,00000000,00000000,0,0000
2652,00,0,00,00000000,00000000,00000000,0,0000
2653,00,0,01,11000010,00000000,11101101,0,1011
2654,10,0,10,10111010,10010001,10101100,0,0011
2655,00,0,00,00000000,00000000,00000000,0,0000
2656,00,0,00,00000000,00000000,00000000,0,0000
2657,00,0,00,00000000,00000000,00000000,0,0000
2658,10,0,10,10111011,10010001,10101110,0,0011
2659,00,0,01,11000011,00000000,11101111,0,1011
2660,00,0,00,00000000,00000000,00000000,0,0000
2661,00,0,00,00000000,00000000,00000000,0,0000
2662,10,0,10,10111100,10010001,10110000,0,0011
2663,00,0,00,00000000,00000000,00000000,0,0000
2664,00,0,00,00000000,00000000,00000000,0,0000
2665,00,0,00,00000000,00000000,00000000,0,0000
2666,10,0,10,10111101,10010001,10110010,0,0011
2667,00,0,00,00000000,00000000,00000000,0,0000
2668,00,0,01,11000100,00000000,11110001,0,1011
2669,00,0,00,00000000,00000000,00000000,0,0000
2670,00,0,00,00000000,00000000,00000000,0,0000
2671,00,0,00,00000000,00000000,00000000,0,0000
2672,00,0,00,00000000,00000000,00000000,0,0000
2673,00,0,00,00000000,00000000,00000000,0,0000
2674,00,0,01,11000101,00000000,11110011,0,1011
2675,00,0,00,00000000,00000000,00000000,0,0000
2676,00,0,00,00000000,00000000,00000000,0,0000
2677,00,0,00,00000000,00000000,00000000,0,0000
2678,00,0,00,00000000,00000000,00000000,0,0000
2679,00,0,10,10111110,10010001,10110100,0,0011
2680,00,0,10,10111111,10010001,10110110,0,0011
2681,00,0,01,11000110,00000000,11110101,0,1011
2682,00,0,10,00001000,11011110,00000000,0,0011
2683,00,0,10,00001010,11011110,00000001,0,0011
2684,00,0,10,00001100,11011110,00000010,0,0011
2685,00,0,10,00001110,11011110,00000011,0,0011
2686,00,0,01,11000111,00000000,11110111,0,1011
2687,00,0,10,00010000,11011110,00000100,0,0011
2688,00,0,10,00010010,11011110,00000101,0,0011
2689,00,0,10,00010100,11011110,00000110,0,0011
2690,00,0,10,11011000,10110000,11001000,0,0011
2691,00,0,10,11011001,10110000,11001010,0,0011
2692,00,0,10,11011010,10110000,11001100,0,0011
2693,00,0,10,11011011,10110000,11001110,0,0011
2694,00,0,10,11011100,10110000,11010000,0,0011
2695,00,0,10,11011101,10110000,11010010,0,0011
2696,00,0,10,11011110,10110000,11010100,0,0011
2697,10,0,10,11011111,10110000,11010110,0,0011
2698,00,0,01,01101101,00000000,10100010,0,1100
2699,00,0,01,01101011,00000000,10100000,0,1100
2700,00,0,01,01101100,00000000,10100001,0,1100
2701,10,0,10,00010110,11011110,00000111,0,0011
2702,00,0,01,01101110,00000000,10100011,0,1100
2703,00,0,01,01101111,00000000,10100100,0,1100
2704,00,0,01,01110000,00000000,10100101,0,1100
2705,10,0,10,00101000,11111101,00100000,0,0011
2706,00,0,01,01110001,00000000,10100110,0,1100
2707,00,0,00,00000000,00000000,00000000,0,0000
2708,00,0,01,01110010,00000000,10100111,0,1100
2709,10,0,10,00101010,11111101,00100001,0,0011
2710,00,0,01,10001010,00000000,11000000,0,1100
2711,00,0,01,10001011,00000000,11000001,0,1100
2712,00,0,01,10001100,00000000,11000010,0,1100
2713,10,0,10,00101100,11111101,00100010,0,0011
2714,00,0,01,10001101,00000000,11000011,0,1100
2715,00,0,01,10001111,00000000,11000101,0,1100
2716,00,0,01,10001110,00000000,11000100,0,1100
2717,10,0,10,00101110,11111101,00100011,0,0011
2718,00,0,01,10010000,00000000,11000110,0,1100
2719,00,0,01,11011111,00000000,00001001,0,1011
2720,00,0,01,10010001,00000000,11000111,0,1100
2721,10,0,10,00110000,11111101,00100100,0,0011
2722,00,0,00,00000000,00000000,00000000,0,0000
2723,00,0,00,00000000,00000000,00000000,0,0000
2724,00,0,00,00000000,00000000,00000000,0,0000
2725,00,0,01,11100001,00000000,00001101,0,1011
2726,10,0,10,00110010,11111101,00100101,0,0011
2727,00,0,00,00000000,00000000,00000000,0,0000
2728,00,0,00,00000000,00000000,00000000,0,0000
2729,00,0,00,00000000,00000000,00000000,0,0000
2730,10,0,10,00110100,11111101,00100110,0,0011
2731,00,0,01,11100000,00000000,00001011,0,1011
2732,00,0,00,00000000,00000000,00000000,0,0000
2733,00,0,00,00000000,00000000,00000000,0,0000
2734,10,0,10,00110110,11111101,00100111,0,0011
2735,00,0,00,00000000,00000000,00000000,0,0000
2736,00,0,00,00000000,00000000,00000000,0,0000
2737,00,0,01,11100010,00000000,00001111,0,1011
2738,10,0,10,01001010,00011100,01000001,0,0011
2739,00,0,00,00000000,00000000,00000000,0,0000
2740,00,0,00,00000000,00000000,00000000,0,0000
2741,00,0,00,00000000,00000000,00000000,0,0000
2742,10,0,10,11111000,11001111,11101000,0,0011
2743,00,0,01,11100011,00000000,00010001,0,1011
2744,00,0,00,00000000,00000000,00000000,0,0000
2745,00,0,00,00000000,00000000,00000000,0,0000
2746,10,0,10,11111010,11001111,11101100,0,0011
2747,00,0,00,00000000,00000000,00000000,0,0000
2748,00,0,00,00000000,00000000,00000000,0,0000
2749,00,0,00,00000000,00000000,00000000,0,0000
2750,10,0,10,11111001,11001111,11101010,0,0011
2751,00,0,01,11100100,00000000,00010011,0,1011
2752,00,0,00,00000000,00000000,00000000,0,0000
2753,00,0,00,00000000,00000000,00000000,0,0000
2754,10,0,10,11111011,11001111,11101110,0,0011
2755,00,0,00,00000000,00000000,00000000,0,0000
2756,00,0,01,11100101,00000000,00010101,0,1011
2757,00,0,00,00000000,00000000,00000000,0,0000
2758,10,0,10,11111100,11001111,11110000,0,0011
2759,00,0,00,00000000,00000000,00000000,0,0000
2760,00,0,00,00000000,00000000,00000000,0,0000
2761,00,0,00,00000000,00000000,00000000,0,0000
2762,10,0,10,11111101,11001111,11110010,0,0011
2763,00,0,01,11100110,00000000,00010111,0,1011
2764,00,0,00,00000000,00000000,00000000,0,0000
2765,00,0,00,00000000,00000000,00000000,0,0000
2766,10,0,10,11111110,11001111,11110100,0,0011
2767,00,0,00,00000000,00000000,00000000,0,0000
2768,00,0,01,11111110,00000000,00101001,0,1011
2769,00,0,00,00000000,00000000,00000000,0,0000
2770,10,0,10,11111111,11001111,11110110,0,0011
2771,00,0,00,00000000,00000000,00000000,0,0000
2772,00,0,00,00000000,00000000,00000000,0,0000
2773,00,0,00,00000000,00000000,00000000,0,0000
2774,00,0,01,11111111,00000000,00101011,0,1011
2775,10,0,10,01001000,00011100,01000000,0,0011
2776,00,0,00,00000000,00000000,00000000,0,0000
2777,00,0,00,00000000,00000000,00000000,0,0000
2778,00,0,00,00000000,00000000,00000000,0,0000
2779,10,0,10,01001100,00011100,01000010,0,0011
2780,00,0,01,00000000,00000000,00101101,0,1011
2781,00,0,00,00000000,00000000,00000000,0,0000
2782,00,0,00,00000000,00000000,00000000,0,0000
2783,10,0,10,01001110,00011100,01000011,0,0011
2784,00,0,01,10101001,00000000,11100000,0,1100
2785,00,0,01,10101010,00000000,11100001,0,1100
2786,00,0,01,00000010,00000000,00110001,0,1011
2787,10,0,10,01010000,00011100,01000100,0,0011
2788,00,0,01,10101011,00000000,11100010,0,1100
2789,00,0,01,10101100,00000000,11100011,0,1100
2790,00,0,01,10101101,00000000,11100100,0,1100
2791,10,0,10,01010010,00011100,01000101,0,0011
2792,00,0,01,00000100,00000000,00110101,0,1011
2793,00,0,01,10101110,00000000,11100101,0,1100
2794,00,0,01,10101111,00000000,11100110,0,1100
2795,10,0,10,01010100,00011100,01000110,0,0011
2796,00,0,01,10110000,00000000,11100111,0,1100
2797,00,0,00,00000000,00000000,00000000,0,0000
2798,00,0,01,00000001,00000000,00101111,0,1011
2799,10,0,10,01010110,00011100,01000111,0,0011
2800,00,0,00,00000000,00000000,00000000,0,0000
2801,00,0,00,00000000,00000000,00000000,0,0000
2802,00,0,00,00000000,00000000,00000000,0,0000
2803,10,0,10,01101000,00111011,01100000,0,0011
2804,00,0,01,00000011,00000000,00110011,0,1011
2805,00,0,00,00000000,00000000,00000000,0,0000
2806,00,0,00,00000000,00000000,00000000,0,0000
2807,10,0,10,01101010,00111011,01100001,0,0011
2808,00,0,00,00000000,00000000,00000000,0,0000
2809,00,0,00,00000000,00000000,00000000,0,0000
2810,00,0,01,00000101,00000000,00110111,0,1011
2811,10,0,10,01101100,00111011,01100010,0,0011
2812,00,0,00,00000000,00000000,00000000,0,0000
2813,00,0,00,00000000,00000000,00000000,0,0000
2814,00,0,00,00000000,00000000,00000000,0,0000
2815,10,0,10,01101110,00111011,01100011,0,0011
2816,00,0,01,00011101,00000000,01001001,0,1011
2817,00,0,00,00000000,00000000,00000000,0,0000
2818,00,0,00,00000000,00000000,00000000,0,0000
2819,10,0,10,00011000,11101110,00001000,0,0011
2820,00,0,00,00000000,00000000,00000000,0,0000
2821,00,0,00,00000000,00000000,00000000,0,0000
2822,00,0,01,00011110,00000000,01001011,0,1011
2823,10,0,10,00011001,11101110,00001010,0,0011
2824,00,0,00,00000000,00000000,00000000,0,0000
2825,00,0,00,00000000,00000000,00000000,0,0000
2826,00,0,00,00000000,00000000,00000000,0,0000
2827,10,0,10,00011010,11101110,00001100,0,0011
2828,00,0,01,00011111,00000000,01001101,0,1011
2829,00,0,00,00000000,00000000,00000000,0,0000
2830,00,0,00,00000000,00000000,00000000,0,0000
2831,10,0,10,00011011,11101110,00001110,0,0011
2832,00,0,00,00000000,00000000,00000000,0,0000
2833,00,0,00,00000000,00000000,00000000,0,0000
2834,00,0,01,00100000,00000000,01001111,0,1011
2835,10,0,10,00011100,11101110,00010000,0,0011
2836,00,0,00,00000000,00000000,00000000,0,0000
2837,00,0,00,00000000,00000000,00000000,0,0000
2838,00,0,00,00000000,00000000,00000000,0,0000
2839,10,0,10,00011101,11101110,00010010,0,0011
2840,00,0,01,00100001,00000000,01010001,0,1011
2841,00,0,00,00000000,00000000,00000000,0,0000
2842,00,0,00,00000000,00000000,00000000,0,0000
2843,10,0,10,00011110,11101110,00010100,0,0011
2844,00,0,00,00000000,00000000,00000000,0,0000
2845,00,0,00,00000000,00000000,00000000,0,0000
2846,00,0,01,00100010,00000000,01010011,0,1011
2847,10,0,10,00011111,11101110,00010110,0,0011
2848,00,0,00,00000000,00000000,00000000,0,0000
2849,00,0,00,00000000,00000000,00000000,0,0000
2850,00,0,00,00000000,00000000,00000000,0,0000
2851,10,0,10,01110000,00111011,01100100,0,0011
2852,00,0,01,00100011,00000000,01010101,0,1011
2853,00,0,00,00000000,00000000,00000000,0,0000
2854,00,0,00,00000000,00000000,00000000,0,0000
2855,10,0,10,01110010,00111011,01100101,0,0011
2856,00,0,00,00000000,00000000,00000000,0,0000
2857,00,0,00,00000000,00000000,00000000,0,0000
2858,00,0,01,00100100,00000000,01010111,0,1011
2859,10,0,10,01110100,00111011,01100110,0,0011
2860,00,0,01,11001000,00000000,00000000,0,1100
2861,00,0,01,11001001,00000000,00000001,0,1100
2862,00,0,01,11001010,00000000,00000010,0,1100
2863,10,0,10,01110110,00111011,01100111,0,0011
2864,00,0,01,00111100,00000000,01101001,0,1011
2865,00,0,01,11001011,00000000,00000011,0,1100
2866,00,0,01,11001100,00000000,00000100,0,1100
2867,00,0,01,11001101,00000000,00000101,0,1100
2868,00,0,01,11001110,00000000,00000110,0,1100
2869,10,0,10,00111000,00001101,00101000,0,0011
2870,00,0,01,00111101,00000000,01101011,0,1011
2871,00,0,01,11001111,00000000,00000111,0,1100
2872,00,0,00,00000000,00000000,00000000,0,0000
2873,10,0,10,00111001,00001101,00101010,0,0011
2874,00,0,00,00000000,00000000,00000000,0,0000
2875,00,0,00,00000000,00000000,00000000,0,0000
2876,00,0,01,00111110,00000000,01101101,0,1011
2877,10,0,10,00111010,00001101,00101100,0,0011
2878,00,0,00,00000000,00000000,00000000,0,0000
2879,00,0,00,00000000,00000000,00000000,0,0000
2880,00,0,00,00000000,00000000,00000000,0,0000
2881,10,0,10,00111011,00001101,00101110,0,0011
2882,00,0,01,00111111,00000000,01101111,0,1011
2883,00,0,00,00000000,00000000,00000000,0,0000
2884,00,0,00,00000000,00000000,00000000,0,0000
2885,10,0,10,00111100,00001101,00110000,0,0011
2886,00,0,00,00000000,00000000,00000000,0,0000
2887,00,0,00,00000000,00000000,00000000,0,0000
2888,00,0,00,00000000,00000000,00000000,0,0000
2889,10,0,10,00111101,00001101,00110010,0,0011
2890,00,0,00,00000000,00000000,00000000,0,0000
2891,00,0,01,01000000,00000000,01110001,0,1011
2892,00,0,00,00000000,00000000,00000000,0,0000
2893,00,0,00,00000000,00000000,00000000,0,0000
2894,00,0,00,00000000,00000000,00000000,0,0000
2895,00,0,00,00000000,00000000,00000000,0,0000
2896,00,0,00,00000000,00000000,00000000,0,0000
2897,00,0,01,01000001,00000000,01110011,0,1011
2898,00,0,00,00000000,00000000,00000000,0,0000
2899,00,0,00,00000000,00000000,00000000,0,0000
2900,00,0,00,00000000,00000000,00000000,0,0000
2901,00,0,00,00000000,00000000,00000000,0,0000
2902,00,0,10,00111110,00001101,00110100,0,0011
2903,00,0,10,00111111,00001101,00110110,0,0011
2904,00,0,01,01000010,00000000,01110101,0,1011
2905,00,0,10,10001000,01011010,10000000,0,0011
2906,00,0,10,10001010,01011010,10000001,0,0011
2907,00,0,10,10001100,01011010,10000010,0,0011
2908,00,0,10,10001110,01011010,10000011,0,0011
2909,00,0,01,01000011,00000000,01110111,0,1011
2910,00,0,10,10010000,01011010,10000100,0,0011
2911,00,0,10,10010010,01011010,10000101,0,0011
2912,00,0,10,10010100,01011010,10000110,0,0011
2913,00,0,10,01011000,00101100,01001000,0,0011
2914,00,0,10,01011001,00101100,01001010,0,0011
2915,00,0,10,01011010,00101100,01001100,0,0011
2916,00,0,10,01011011,00101100,01001110,0,0011
2917,00,0,10,01011100,00101100,01010000,0,0011
2918,00,0,10,01011101,00101100,01010010,0,0011
2919,00,0,10,01011110,00101100,01010100,0,0011
2920,10,0,10,01011111,00101100,01010110,0,0011
2921,00,0,01,11101001,00000000,00100010,0,1100
2922,00,0,01,11100111,00000000,00100000,0,1100
2923,00,0,01,11101000,00000000,00100001,0,1100
2924,10,0,10,10010110,01011010,10000111,0,0011
2925,00,0,01,11101010,00000000,00100011,0,1100
2926,00,0,01,11101011,00000000,00100100,0,1100
2927,00,0,01,11101100,00000000,00100101,0,1100
2928,10,0,10,10101000,01111001,10100000,0,0011
2929,00,0,01,11101101,00000000,00100110,0,1100
2930,00,0,00,00000000,00000000,00000000,0,0000
2931,00,0,01,11101110,00000000,00100111,0,1100
2932,10,0,10,10101010,01111001,10100001,0,0011
2933,00,0,01,00000110,00000000,01000000,0,1100
2934,00,0,01,00000111,00000000,01000001,0,1100
2935,00,0,01,00001000,00000000,01000010,0,1100
2936,10,0,10,10101100,01111001,10100010,0,0011
2937,00,0,01,00001001,00000000,01000011,0,1100
2938,00,0,01,00001011,00000000,01000101,0,1100
2939,00,0,01,00001010,00000000,01000100,0,1100
2940,10,0,10,10101110,01111001,10100011,0,0011
2941,00,0,01,00001100,00000000,01000110,0,1100
2942,00,0,01,01011011,00000000,10001001,0,1011
2943,00,0,01,00001101,00000000,01000111,0,1100
2944,10,0,10,10110000,01111001,10100100,0,0011
2945,00,0,00,00000000,00000000,00000000,0,0000
2946,00,0,00,00000000,00000000,00000000,0,0000
2947,00,0,00,00000000,00000000,00000000,0,0000
2948,00,0,01,01011101,00000000,10001101,0,1011
2949,10,0,10,10110010,01111001,10100101,0,0011
2950,00,0,00,00000000,00000000,00000000,0,0000
2951,00,0,00,00000000,00000000,00000000,0,0000
2952,00,0,00,00000000,00000000,00000000,0,0000
2953,10,0,10,10110100,01111001,10100110,0,0011
2954,00,0,01,01011100,00000000,10001011,0,1011
2955,00,0,00,00000000,00000000,00000000,0,0000
2956,00,0,00,00000000,00000000,00000000,0,0000
2957,10,0,10,10110110,01111001,10100111,0,0011
2958,00,0,00,00000000,00000000,00000000,0,0000
2959,00,0,00,00000000,00000000,00000000,0,0000
2960,00,0,01,01011110,00000000,10001111,0,1011
2961,10,0,10,11001010,10011000,11000001,0,0011
2962,00,0,00,00000000,00000000,00000000,0,0000
2963,00,0,00,00000000,00000000,00000000,0,0000
2964,00,0,00,00000000,00000000,00000000,0,0000
2965,10,0,10,01111000,01001011,01101000,0,0011
2966,00,0,01,01011111,00000000,10010001,0,1011
2967,00,0,00,00000000,00000000,00000000,0,0000
2968,00,0,00,00000000,00000000,00000000,0,0000
2969,10,0,10,01111010,01001011,01101100,0,0011
2970,00,0,00,00000000,00000000,00000000,0,0000
2971,00,0,00,00000000,00000000,00000000,0,0000
2972,00,0,00,00000000,00000000,00000000,0,0000
2973,10,0,10,01111001,01001011,01101010,0,0011
2974,00,0,01,01100000,00000000,10010011,0,1011
2975,00,0,00,00000000,00000000,00000000,0,0000
2976,00,0,00,00000000,00000000,00000000,0,0000
2977,10,0,10,01111011,01001011,01101110,0,0011
2978,00,0,00,00000000,00000000,00000000,0,0000
2979,00,0,01,01100001,00000000,10010101,0,1011
2980,00,0,00,00000000,00000000,00000000,0,0000
2981,10,0,10,01111100,01001011,01110000,0,0011
2982,00,0,00,00000000,00000000,00000000,0,0000
2983,00,0,00,00000000,00000000,00000000,0,0000
2984,00,0,00,00000000,00000000,00000000,0,0000
2985,10,0,10,01111101,01001011,01110010,0,0011
2986,00,0,01,01100010,00000000,10010111,0,1011
2987,00,0,00,00000000,00000000,00000000,0,0000
2988,00,0,00,00000000,00000000,00000000,0,0000
2989,10,0,10,01111110,01001011,01110100,0,0011
2990,00,0,00,00000000,00000000,00000000,0,0000
2991,00,0,01,01111010,00000000,10101001,0,1011
2992,00,0,00,00000000,00000000,00000000,0,0000
2993,10,0,10,01111111,01001011,01110110,0,0011
2994,00,0,00,00000000,00000000,00000000,0,0000
2995,00,0,00,00000000,00000000,00000000,0,0000
2996,00,0,00,00000000,00000000,00000000,0,0000
2997,00,0,01,01111011,00000000,10101011,0,1011
2998,10,0,10,11001000,10011000,11000000,0,0011
2999,00,0,00,00000000,00000000,00000000,0,0000
3000,00,0,00,00000000,00000000,00000000,0,0000
3001,00,0,00,00000000,00000000,00000000,0,0000
3002,10,0,10,11001100,10011000,11000010,0,0011
3003,00,0,01,01111100,00000000,10101101,0,1011
3004,00,0,00,00000000,00000000,00000000,0,0000
3005,00,0,00,00000000,00000000,00000000,0,0000
3006,10,0,10,11001110,10011000,11000011,0,0011
3007,00,0,01,00100101,00000000,01100000,0,1100
3008,00,0,01,00100110,00000000,01100001,0,1100
3009,00,0,01,01111110,00000000,10110001,0,1011
3010,10,0,10,11010000,10011000,11000100,0,0011
3011,00,0,01,00100111,00000000,01100010,0,1100
3012,00,0,01,00101000,00000000,01100011,0,1100
3013,00,0,01,00101001,00000000,01100100,0,1100
3014,10,0,10,11010010,10011000,11000101,0,0011
3015,00,0,01,10000000,00000000,10110101,0,1011
3016,00,0,01,00101010,00000000,01100101,0,1100
3017,00,0,01,00101011,00000000,01100110,0,1100
3018,10,0,10,11010100,10011000,11000110,0,0011
3019,00,0,01,00101100,00000000,01100111,0,1100
3020,00,0,00,00000000,00000000,00000000,0,0000
3021,00,0,01,01111101,00000000,10101111,0,1011
3022,10,0,10,11010110,10011000,11000111,0,0011
3023,00,0,00,00000000,00000000,00000000,0,0000
3024,00,0,00,00000000,00000000,00000000,0,0000
3025,00,0,00,00000000,00000000,00000000,0,0000
3026,10,0,10,11101000,10110111,11100000,0,0011
3027,00,0,01,01111111,00000000,10110011,0,1011
3028,00,0,00,00000000,00000000,00000000,0,0000
3029,00,0,00,00000000,00000000,00000000,0,0000
3030,10,0,10,11101010,10110111,11100001,0,0011
3031,00,0,00,00000000,00000000,00000000,0,0000
3032,00,0,00,00000000,00000000,00000000,0,0000
3033,00,0,01,10000001,00000000,10110111,0,1011
3034,10,0,10,11101100,10110111,11100010,0,0011
3035,00,0,00,00000000,00000000,00000000,0,0000
3036,00,0,00,00000000,00000000,00000000,0,0000
3037,00,0,00,00000000,00000000,00000000,0,0000
3038,10,0,10,11101110,10110111,11100011,0,0011
3039,00,0,01,10011001,00000000,11001001,0,1011
3040,00,0,00,00000000,00000000,00000000,0,0000
3041,00,0,00,00000000,00000000,00000000,0,0000
3042,10,0,10,10011000,01101010,10001000,0,0011
3043,00,0,00,00000000,00000000,00000000,0,0000
3044,00,0,00,00000000,00000000,00000000,0,0000
3045,00,0,01,10011010,00000000,11001011,0,1011
3046,10,0,10,10011001,01101010,10001010,0,0011
3047,00,0,00,00000000,00000000,00000000,0,0000
3048,00,0,00,00000000,00000000,00000000,0,0000
3049,00,0,00,00000000,00000000,00000000,0,0000
3050,10,0,10,10011010,01101010,10001100,0,0011
3051,00,0,01,10011011,00000000,11001101,0,1011
3052,00,0,00,00000000,00000000,00000000,0,0000
3053,00,0,00,00000000,00000000,00000000,0,0000
3054,10,0,10,10011011,01101010,10001110,0,0011
3055,00,0,00,00000000,00000000,00000000,0,0000
3056,00,0,00,00000000,00000000,00000000,0,0000
3057,00,0,01,10011100,00000000,11001111,0,1011
3058,10,0,10,10011100,01101010,10010000,0,0011
3059,00,0,00,00000000,00000000,00000000,0,0000
3060,00,0,00,00000000,00000000,00000000,0,0000
3061,00,0,00,00000000,00000000,00000000,0,0000
3062,10,0,10,10011101,01101010,10010010,0,0011
3063,00,0,01,10011101,00000000,11010001,0,1011
3064,00,0,00,00000000,00000000,00000000,0,0000
3065,00,0,00,00000000,00000000,00000000,0,0000
3066,10,0,10,10011110,01101010,10010100,0,0011
3067,00,0,00,00000000,00000000,00000000,0,0000
3068,00,0,00,00000000,00000000,00000000,0,0000
3069,00,0,01,10011110,00000000,11010011,0,1011
3070,10,0,10,10011111,01101010,10010110,0,0011
3071,00,0,00,00000000,00000000,00000000,0,0000
3072,00,0,00,00000000,00000000,00000000,0,0000
3073,00,0,00,00000000,00000000,00000000,0,0000
3074,10,0,10,11110000,10110111,11100100,0,0011
3075,00,0,01,10011111,00000000,11010101,0,1011
3076,00,0,00,00000000,00000000,00000000,0,0000
3077,00,0,00,00000000,00000000,00000000,0,0000
3078,10,0,10,11110010,10110111,11100101,0,0011
3079,00,0,00,00000000,00000000,00000000,0,0000
3080,00,0,00,00000000,00000000,00000000,0,0000
3081,00,0,01,10100000,00000000,11010111,0,1011
3082,10,0,10,11110100,10110111,11100110,0,0011
3083,00,0,01,01000100,00000000,10000000,0,1100
3084,00,0,01,01000101,00000000,10000001,0,1100
3085,00,0,01,01000110,00000000,10000010,0,1100
3086,10,0,10,11110110,10110111,11100111,0,0011
3087,00,0,01,10111000,00000000,11101001,0,1011
3088,00,0,01,01000111,00000000,10000011,0,1100
3089,00,0,01,01001000,00000000,10000100,0,1100
3090,00,0,01,01001001,00000000,10000101,0,1100
3091,00,0,01,01001010,00000000,10000110,0,1100
3092,10,0,10,10111000,10001001,10101000,0,0011
3093,00,0,01,10111001,00000000,11101011,0,1011
3094,00,0,01,01001011,00000000,10000111,0,1100
3095,00,0,00,00000000,00000000,00000000,0,0000
3096,10,0,10,10111001,10001001,10101010,0,0011
3097,00,0,00,00000000,00000000,00000000,0,0000
3098,00,0,00,00000000,00000000,00000000,0,0000
3099,00,0,01,10111010,00000000,11101101,0,1011
3100,10,0,10,10111010,10001001,10101100,0,0011
3101,00,0,00,00000000,00000000,00000000,0,0000
3102,00,0,00,00000000,00000000,00000000,0,0000
3103,00,0,00,00000000,00000000,00000000,0,0000
3104,10,0,10,10111011,10001001,10101110,0,0011
3105,00,0,01,10111011,00000000,11101111,0,1011
3106,00,0,00,00000000,00000000,00000000,0,0000
3107,00,0,00,00000000,00000000,00000000,0,0000
3108,10,0,10,10111100,10001001,10110000,0,0011
3109,00,0,00,00000000,00000000,00000000,0,0000
3110,00,0,00,00000000,00000000,00000000,0,0000
3111,00,0,00,00000000,00000000,00000000,0,0000
3112,10,0,10,10111101,10001001,10110010,0,0011
3113,00,0,00,00000000,00000000,00000000,0,0000
3114,00,0,01,10111100,00000000,11110001,0,1011
3115,00,0,00,00000000,00000000,00000000,0,0000
3116,00,0,00,00000000,00000000,00000000,0,0000
3117,00,0,00,00000000,00000000,00000000,0,0000
3118,00,0,00,00000000,00000000,00000000,0,0000
3119,00,0,00,00000000,00000000,00000000,0,0000
3120,00,0,01,10111101,00000000,11110011,0,1011
3121,00,0,00,00000000,00000000,00000000,0,0000
3122,00,0,00,00000000,00000000,00000000,0,0000
3123,00,0,00,00000000,00000000,00000000,0,0000
3124,00,0,00,00000000,00000000,00000000,0,0000
3125,00,0,10,10111110,10001001,10110100,0,0011
3126,00,0,10,10111111,10001001,10110110,0,0011
3127,00,0,01,10111110,00000000,11110101,0,1011
3128,00,0,10,00001000,11010110,00000000,0,0011
3129,00,0,10,00001010,11010110,00000001,0,0011
3130,00,0,10,00001100,11010110,00000010,0,0011
3131,00,0,10,00001110,11010110,00000011,0,0011
3132,00,0,01,10111111,00000000,11110111,0,1011
3133,00,0,10,00010000,11010110,00000100,0,0011
3134,00,0,10,00010010,11010110,00000101,0,0011
3135,00,0,10,00010100,11010110,00000110,0,0011
3136,00,0,10,11011000,10101000,11001000,0,0011
3137,00,0,10,11011001,10101000,11001010,0,0011
3138,00,0,10,11011010,10101000,11001100,0,0011
3139,00,0,10,11011011,10101000,11001110,0,0011
3140,00,0,10,11011100,10101000,11010000,0,0011
3141,00,0,10,11011101,10101000,11010010,0,0011
3142,00,0,10,11011110,10101000,11010100,0,0011
3143,10,0,10,11011111,10101000,11010110,0,0011
3144,00,0,01,01100101,00000000,10100010,0,1100
3145,00,0,01,01100011,00000000,10100000,0,1100
3146,00,0,01,01100100,00000000,10100001,0,1100
3147,10,0,10,00010110,11010110,00000111,0,0011
3148,00,0,01,01100110,00000000,10100011,0,1100
3149,00,0,01,01100111,00000000,10100100,0,1100
3150,00,0,01,01101000,00000000,10100101,0,1100
3151,10,0,10,00101000,11110101,00100000,0,0011
3152,00,0,01,01101001,00000000,10100110,0,1100
3153,00,0,00,00000000,00000000,00000000,0,0000
3154,00,0,01,01101010,00000000,10100111,0,1100
3155,10,0,10,00101010,11110101,00100001,0,0011
3156,00,0,01,10000010,00000000,11000000,0,1100
3157,00,0,01,10000011,00000000,11000001,0,1100
3158,00,0,01,10000100,00000000,11000010,0,1100
3159,10,0,10,00101100,11110101,00100010,0,0011
3160,00,0,01,10000101,00000000,11000011,0,1100
3161,00,0,01,10000111,00000000,11000101,0,1100
3162,00,0,01,10000110,00000000,11000100,0,1100
3163,10,0,10,00101110,11110101,00100011,0,0011
3164,00,0,01,10001000,00000000,11000110,0,1100
3165,00,0,01,11010111,00000000,00001001,0,1011
3166,00,0,01,10001001,00000000,11000111,0,1100
3167,10,0,10,00110000,11110101,00100100,0,0011
3168,00,0,00,00000000,00000000,00000000,0,0000
3169,00,0,00,00000000,00000000,00000000,0,0000
3170,00,0,00,00000000,00000000,00000000,0,0000
3171,00,0,01,11011001,00000000,00001101,0,1011
3172,10,0,10,00110010,11110101,00100101,0,0011
3173,00,0,00,00000000,00000000,00000000,0,0000
3174,00,0,00,00000000,00000000,00000000,0,0000
3175,00,0,00,00000000,00000000,00000000,0,0000
3176,10,0,10,00110100,11110101,00100110,0,0011
3177,00,0,01,11011000,00000000,00001011,0,1011
3178,00,0,00,00000000,00000000,00000000,0,0000
3179,00,0,00,00000000,00000000,00000000,0,0000
3180,10,0,10,00110110,11110101,00100111,0,0011
3181,00,0,00,00000000,00000000,00000000,0,0000
3182,00,0,00,00000000,00000000,00000000,0,0000
3183,00,0,01,11011010,00000000,00001111,0,1011
3184,10,0,10,01001010,00010100,01000001,0,0011
3185,00,0,00,00000000,00000000,00000000,0,0000
3186,00,0,00,00000000,00000000,00000000,0,0000
3187,00,0,00,00000000,00000000,00000000,0,0000
3188,10,0,10,11111000,11000111,11101000,0,0011
3189,00,0,01,11011011,00000000,00010001,0,1011
3190,00,0,00,00000000,00000000,00000000,0,0000
3191,00,0,00,00000000,00000000,00000000,0,0000
3192,10,0,10,11111010,11000111,11101100,0,0011
3193,00,0,00,00000000,00000000,00000000,0,0000
3194,00,0,00,00000000,00000000,00000000,0,0000
3195,00,0,00,00000000,00000000,00000000,0,0000
3196,10,0,10,11111001,11000111,11101010,0,0011
3197,00,0,01,11011100,00000000,00010011,0,1011
3198,00,0,00,00000000,00000000,00000000,0,0000
3199,00,0,00,00000000,00000000,00000000,0,0000
3200,10,0,10,11111011,11000111,11101110,0,0011
3201,00,0,00,00000000,00000000,00000000,0,0000
3202,00,0,01,11011101,00000000,00010101,0,1011
3203,00,0,00,00000000,00000000,00000000,0,0000
3204,10,0,10,11111100,11000111,11110000,0,0011
3205,00,0,00,00000000,00000000,00000000,0,0000
3206,00,0,00,00000000,00000000,00000000,0,0000
3207,00,0,00,00000000,00000000,00000000,0,0000
3208,10,0,10,11111101,11000111,11110010,0,0011
3209,00,0,01,11011110,00000000,00010111,0,1011
3210,00,0,00,00000000,00000000,00000000,0,0000
3211,00,0,00,00000000,00000000,00000000,0,0000
3212,10,0,10,11111110,11000111,11110100,0,0011
3213,00,0,00,00000000,00000000,00000000,0,0000
3214,00,0,01,11110110,00000000,00101001,0,1011
3215,00,0,00,00000000,00000000,00000000,0,0000
3216,10,0,10,11111111,11000111,11110110,0,0011
3217,00,0,00,00000000,00000000,00000000,0,0000
3218,00,0,00,00000000,00000000,00000000,0,0000
3219,00,0,00,00000000,00000000,00000000,0,0000
3220,00,0,01,11110111,00000000,00101011,0,1011
3221,10,0,10,01001000,00010100,01000000,0,0011
3222,00,0,00,00000000,00000000,00000000,0,0000
3223,00,0,00,00000000,00000000,00000000,0,0000
3224,00,0,00,00000000,00000000,00000000,0,0000
3225,10,0,10,01001100,00010100,01000010,0,0011
3226,00,0,01,11111000,00000000,00101101,0,1011
3227,00,0,00,00000000,00000000,00000000,0,0000
3228,00,0,00,00000000,00000000,00000000,0,0000
3229,10,0,10,01001110,00010100,01000011,0,0011
3230,00,0,01,10100001,00000000,11100000,0,1100
3231,00,0,01,10100010,00000000,11100001,0,1100
3232,00,0,01,11111010,00000000,00110001,0,1011
3233,10,0,10,01010000,00010100,01000100,0,0011
3234,00,0,01,10100011,00000000,11100010,0,1100
3235,00,0,01,10100100,00000000,11100011,0,1100
3236,00,0,01,10100101,00000000,11100100,0,1100
3237,10,0,10,01010010,00010100,01000101,0,0011
3238,00,0,01,11111100,00000000,00110101,0,1011
3239,00,0,01,10100110,00000000,11100101,0,1100
3240,00,0,01,10100111,00000000,11100110,0,1100
3241,10,0,10,01010100,00010100,01000110,0,0011
3242,00,0,01,10101000,00000000,11100111,0,1100
3243,00,0,00,00000000,00000000,00000000,0,0000
3244,00,0,01,11111001,00000000,00101111,0,1011
3245,10,0,10,01010110,00010100,01000111,0,0011
3246,00,0,00,00000000,00000000,00000000,0,0000
3247,00,0,00,00000000,00000000,00000000,0,0000
3248,00,0,00,00000000,00000000,00000000,0,0000
3249,10,0,10,01101000,00110011,01100000,0,0011
3250,00,0,01,11111011,00000000,00110011,0,1011
3251,00,0,00,00000000,00000000,00000000,0,0000
3252,00,0,00,00000000,00000000,00000000,0,0000
3253,10,0,10,01101010,00110011,01100001,0,0011
3254,00,0,00,00000000,00000000,00000000,0,0000
3255,00,0,00,00000000,00000000,00000000,0,0000
3256,00,0,01,11111101,00000000,00110111,0,1011
3257,10,0,10,01101100,00110011,01100010,0,0011
3258,00,0,00,00000000,00000000,00000000,0,0000
3259,00,0,00,00000000,00000000,00000000,0,0000
3260,00,0,00,00000000,00000000,00000000,0,0000
3261,10,0,10,01101110,00110011,01100011,0,0011
3262,00,0,01,00010101,00000000,01001001,0,1011
3263,00,0,00,00000000,00000000,00000000,0,0000
3264,00,0,00,00000000,00000000,00000000,0,0000
3265,10,0,10,00011000,11100110,00001000,0,0011
3266,00,0,00,00000000,00000000,00000000,0,0000
3267,00,0,00,00000000,00000000,00000000,0,0000
3268,00,0,01,00010110,00000000,01001011,0,1011
3269,10,0,10,00011001,11100110,00001010,0,0011
3270,00,0,00,00000000,00000000,00000000,0,0000
3271,00,0,00,00000000,00000000,00000000,0,0000
3272,00,0,00,00000000,00000000,00000000,0,0000
3273,10,0,10,00011010,11100110,00001100,0,0011
3274,00,0,01,00010111,00000000,01001101,0,1011
3275,00,0,00,00000000,00000000,00000000,0,0000
3276,00,0,00,00000000,00000000,00000000,0,0000
3277,10,0,10,00011011,11100110,00001110,0,0011
3278,00,0,00,00000000,00000000,00000000,0,0000
3279,00,0,00,00000000,00000000,00000000,0,0000
3280,00,0,01,00011000,00000000,01001111,0,1011
3281,10,0,10,00011100,11100110,00010000,0,0011
3282,00,0,00,00000000,00000000,00000000,0,0000
3283,00,0,00,00000000,00000000,00000000,0,0000
3284,00,0,00,00000000,00000000,00000000,0,0000
3285,10,0,10,00011101,11100110,00010010,0,0011
3286,00,0,01,00011001,00000000,01010001,0,1011
3287,00,0,00,00000000,00000000,00000000,0,0000
3288,00,0,00,00000000,00000000,00000000,0,0000
3289,10,0,10,00011110,11100110,00010100,0,0011
3290,00,0,00,00000000,00000000,00000000,0,0000
3291,00,0,00,00000000,00000000,00000000,0,0000
3292,00,0,01,00011010,00000000,01010011,0,1011
3293,10,0,10,00011111,11100110,00010110,0,0011
3294,00,0,00,00000000,00000000,00000000,0,0000
3295,00,0,00,00000000,00000000,00000000,0,0000
3296,00,0,00,00000000,00000000,00000000,0,0000
3297,10,0,10,01110000,00110011,01100100,0,0011
3298,00,0,01,00011011,00000000,01010101,0,1011
3299,00,0,00,00000000,00000000,00000000,0,0000
3300,00,0,00,00000000,00000000,00000000,0,0000
3301,10,0,10,01110010,00110011,01100101,0,0011
3302,00,0,00,00000000,00000000,00000000,0,0000
3303,00,0,00,00000000,00000000,00000000,0,0000
3304,00,0,01,00011100,00000000,01010111,0,1011
3305,10,0,10,01110100,00110011,01100110,0,0011
3306,00,0,00,00000000,00000000,00000000,0,0000
3307,00,0,00,00000000,00000000,00000000,0,0000
3308,00,0,00,00000000,00000000,00000000,0,0000
3309,10,0,10,01110110,00110011,01100111,0,0011
3310,00,0,01,00110100,00000000,01101001,0,1011
3311,00,0,00,00000000,00000000,00000000,0,0000
3312,00,0,00,00000000,00000000,00000000,0,0000
3313,00,0,00,00000000,00000000,00000000,0,0000
3314,00,0,00,00000000,00000000,00000000,0,0000
3315,10,0,10,00111000,00000101,00101000,0,0011
3316,00,0,01,00110101,00000000,01101011,0,1011
3317,00,0,00,00000000,00000000,00000000,0,0000
3318,00,0,00,00000000,00000000,00000000,0,0000
3319,10,0,10,00111001,00000101,00101010,0,0011
3320,00,0,00,00000000,00000000,00000000,0,0000
3321,00,0,00,00000000,00000000,00000000,0,0000
3322,00,0,01,00110110,00000000,01101101,0,1011
3323,10,0,10,00111010,00000101,00101100,0,0011
3324,00,0,00,00000000,00000000,00000000,0,0000
3325,00,0,00,00000000,00000000,00000000,0,0000
3326,00,0,00,00000000,00000000,00000000,0,0000
3327,10,0,10,00111011,00000101,00101110,0,0011
3328,00,0,01,00110111,00000000,01101111,0,1011
3329,00,0,00,00000000,00000000,00000000,0,0000
3330,00,0,00,00000000,00000000,00000000,0,0000
3331,10,0,10,00111100,00000101,00110000,0,0011
3332,00,0,00,00000000,00000000,00000000,0,0000
3333,00,0,00,00000000,00000000,00000000,0,0000
3334,00,0,00,00000000,00000000,00000000,0,0000
3335,10,0,10,00111101,00000101,00110010,0,0011
3336,00,0,00,00000000,00000000,00000000,0,0000
3337,00,0,01,00111000,00000000,01110001,0,1011
3338,00,0,00,00000000,00000000,00000000,0,0000
3339,00,0,00,00000000,00000000,00000000,0,0000
3340,00,0,00,00000000,00000000,00000000,0,0000
3341,00,0,00,00000000,00000000,00000000,0,0000
3342,00,0,00,00000000,00000000,00000000,0,0000
3343,00,0,01,00111001,00000000,01110011,0,1011
3344,00,0,00,00000000,00000000,00000000,0,0000
3345,00,0,00,00000000,00000000,00000000,0,0000
3346,00,0,00,00000000,00000000,00000000,0,0000
3347,00,0,00,00000000,00000000,00000000,0,0000
3348,00,0,10,00111110,00000101,00110100,0,0011
3349,00,0,10,00111111,00000101,00110110,0,0011
3350,00,0,01,00111010,00000000,01110101,0,1011
3351,00,0,10,10001000,01010010,10000000,0,0011
3352,00,0,10,10001010,01010010,10000001,0,0011
3353,00,0,10,10001100,01010010,10000010,0,0011
3354,00,0,10,10001110,01010010,10000011,0,0011
3355,00,0,01,00111011,00000000,01110111,0,1011
3356,00,0,10,10010000,01010010,10000100,0,0011
3357,00,0,10,10010010,01010010,10000101,0,0011
3358,00,0,10,10010100,01010010,10000110,0,0011
3359,00,0,10,01011000,00100100,01001000,0,0011
3360,00,0,10,01011001,00100100,01001010,0,0011
3361,00,0,10,01011010,00100100,01001100,0,0011
3362,00,0,10,01011011,00100100,01001110,0,0011
3363,00,0,10,01011100,00100100,01010000,0,0011
3364,00,0,10,01011101,00100100,01010010,0,0011
3365,00,0,10,01011110,00100100,01010100,0,0011
3366,10,0,10,01011111,00100100,01010110,0,0011
3367,00,0,00,00000000,00000000,00000000,0,0000
3368,00,0,00,00000000,00000000,00000000,0,0000
3369,00,0,00,00000000,00000000,00000000,0,0000
3370,10,0,10,10010110,01010010,10000111,0,0011
3371,00,0,00,00000000,00000000,00000000,0,0000
3372,00,0,00,00000000,00000000,00000000,0,0000
3373,00,0,00,00000000,00000000,00000000,0,0000
3374,10,0,10,10101000,01110001,10100000,0,0011
3375,00,0,00,00000000,00000000,00000000,0,0000
3376,00,0,00,00000000,00000000,00000000,0,0000
3377,00,0,00,00000000,00000000,00000000,0,0000
3378,10,0,10,10101010,01110001,10100001,0,0011
3379,00,0,00,00000000,00000000,00000000,0,0000
3380,00,0,00,00000000,00000000,00000000,0,0000
3381,00,0,00,00000000,00000000,00000000,0,0000
3382,10,0,10,10101100,01110001,10100010,0,0011
3383,00,0,00,00000000,00000000,00000000,0,0000
3384,00,0,00,00000000,00000000,00000000,0,0000
3385,00,0,00,00000000,00000000,00000000,0,0000
3386,10,0,10,10101110,01110001,10100011,0,0011
3387,00,0,00,00000000,00000000,00000000,0,0000
3388,00,0,01,01010011,00000000,10001001,0,1011
3389,00,0,00,00000000,00000000,00000000,0,0000
3390,10,0,10,10110000,01110001,10100100,0,0011
3391,00,0,00,00000000,00000000,00000000,0,0000
3392,00,0,00,00000000,00000000,00000000,0,0000
3393,00,0,00,00000000,00000000,00000000,0,0000
3394,00,0,01,01010101,00000000,10001101,0,1011
3395,10,0,10,10110010,01110001,10100101,0,0011
3396,00,0,00,00000000,00000000,00000000,0,0000
3397,00,0,00,00000000,00000000,00000000,0,0000
3398,00,0,00,00000000,00000000,00000000,0,0000
3399,10,0,10,10110100,01110001,10100110,0,0011
3400,00,0,01,01010100,00000000,10001011,0,1011
3401,00,0,00,00000000,00000000,00000000,0,0000
3402,00,0,00,00000000,00000000,00000000,0,0000
3403,10,0,10,10110110,01110001,10100111,0,0011
3404,00,0,00,00000000,00000000,00000000,0,0000
3405,00,0,00,00000000,00000000,00000000,0,0000
3406,00,0,01,01010110,00000000,10001111,0,1011
3407,10,0,10,11001010,10010000,11000001,0,0011
3408,00,0,00,00000000,00000000,00000000,0,0000
3409,00,0,00,00000000,00000000,00000000,0,0000
3410,00,0,00,00000000,00000000,00000000,0,0000
3411,10,0,10,01111000,01000011,01101000,0,0011
3412,00,0,01,01010111,00000000,10010001,0,1011
3413,00,0,00,00000000,00000000,00000000,0,0000
3414,00,0,00,00000000,00000000,00000000,0,0000
3415,10,0,10,01111010,01000011,01101100,0,0011
3416,00,0,00,00000000,00000000,00000000,0,0000
3417,00,0,00,00000000,00000000,00000000,0,0000
3418,00,0,00,00000000,00000000,00000000,0,0000
3419,10,0,10,01111001,01000011,01101010,0,0011
3420,00,0,01,01011000,00000000,10010011,0,1011
3421,00,0,00,00000000,00000000,00000000,0,0000
3422,00,0,00,00000000,00000000,00000000,0,0000
3423,10,0,10,01111011,01000011,01101110,0,0011
3424,00,0,00,00000000,00000000,00000000,0,0000
3425,00,0,01,01011001,00000000,10010101,0,1011
3426,00,0,00,00000000,00000000,00000000,0,0000
3427,10,0,10,01111100,01000011,01110000,0,0011
3428,00,0,00,00000000,00000000,00000000,0,0000
3429,00,0,00,00000000,00000000,00000000,0,0000
3430,00,0,00,00000000,00000000,00000000,0,0000
3431,10,0,10,01111101,01000011,01110010,0,0011
3432,00,0,01,01011010,00000000,10010111,0,1011
3433,00,0,00,00000000,00000000,00000000,0,0000
3434,00,0,00,00000000,00000000,00000000,0,0000
3435,10,0,10,01111110,01000011,01110100,0,0011
3436,00,0,00,00000000,00000000,00000000,0,0000
3437,00,0,01,01110010,00000000,10101001,0,1011
3438,00,0,00,00000000,00000000,00000000,0,0000
3439,10,0,10,01111111,01000011,01110110,0,0011
3440,00,0,00,00000000,00000000,00000000,0,0000
3441,00,0,00,00000000,00000000,00000000,0,0000
3442,00,0,00,00000000,00000000,00000000,0,0000
3443,00,0,01,01110011,00000000,10101011,0,1011
3444,10,0,10,11001000,10010000,11000000,0,0011
3445,00,0,00,00000000,00000000,00000000,0,0000
3446,00,0,00,00000000,00000000,00000000,0,0000
3447,00,0,00,00000000,00000000,00000000,0,0000
3448,10,0,10,11001100,10010000,11000010,0,0011
3449,00,0,01,01110100,00000000,10101101,0,1011
3450,00,0,00,00000000,00000000,00000000,0,0000
3451,00,0,00,00000000,00000000,00000000,0,0000
3452,10,0,10,11001110,10010000,11000011,0,0011
3453,00,0,00,00000000,00000000,00000000,0,0000
3454,00,0,00,00000000,00000000,00000000,0,0000
3455,00,0,01,01110110,00000000,10110001,0,1011
3456,10,0,10,11010000,10010000,11000100,0,0011
3457,00,0,00,00000000,00000000,00000000,0,0000
3458,00,0,00,00000000,00000000,00000000,0,0000
3459,00,0,00,00000000,00000000,00000000,0,0000
3460,10,0,10,11010010,10010000,11000101,0,0011
3461,00,0,01,01111000,00000000,10110101,0,1011
3462,00,0,00,00000000,00000000,00000000,0,0000
3463,00,0,00,00000000,00000000,00000000,0,0000
3464,10,0,10,11010100,10010000,11000110,0,0011
3465,00,0,00,00000000,00000000,00000000,0,0000
3466,00,0,00,00000000,00000000,00000000,0,0000
3467,00,0,01,01110101,00000000,10101111,0,1011
3468,10,0,10,11010110,10010000,11000111,0,0011
3469,00,0,00,00000000,00000000,00000000,0,0000
3470,00,0,00,00000000,00000000,00000000,0,0000
3471,00,0,00,00000000,00000000,00000000,0,0000
3472,10,0,10,11101000,10101111,11100000,0,0011
3473,00,0,01,01110111,00000000,10110011,0,1011
3474,00,0,00,00000000,00000000,00000000,0,0000
3475,00,0,00,00000000,00000000,00000000,0,0000
3476,10,0,10,11101010,10101111,11100001,0,0011
3477,00,0,00,00000000,00000000,00000000,0,0000
3478,00,0,00,00000000,00000000,00000000,0,0000
3479,00,0,01,01111001,00000000,10110111,0,1011
3480,10,0,10,11101100,10101111,11100010,0,0011
3481,00,0,00,00000000,00000000,00000000,0,0000
3482,00,0,00,00000000,00000000,00000000,0,0000
3483,00,0,00,00000000,00000000,00000000,0,0000
3484,10,0,10,11101110,10101111,11100011,0,0011
3485,00,0,01,10010001,00000000,11001001,0,1011
3486,00,0,00,00000000,00000000,00000000,0,0000
3487,00,0,00,00000000,00000000,00000000,0,0000
3488,10,0,10,10011000,01100010,10001000,0,0011
3489,00,0,00,00000000,00000000,00000000,0,0000
3490,00,0,00,00000000,00000000,00000000,0,0000
3491,00,0,01,10010010,00000000,11001011,0,1011
3492,10,0,10,10011001,01100010,10001010,0,0011
3493,00,0,00,00000000,00000000,00000000,0,0000
3494,00,0,00,00000000,00000000,00000000,0,0000
3495,00,0,00,00000000,00000000,00000000,0,0000
3496,10,0,10,10011010,01100010,10001100,0,0011
3497,00,0,01,10010011,00000000,11001101,0,1011
3498,00,0,00,00000000,00000000,00000000,0,0000
3499,00,0,00,00000000,00000000,00000000,0,0000
3500,10,0,10,10011011,01100010,10001110,0,0011
3501,00,0,00,00000000,00000000,00000000,0,0000
3502,00,0,00,00000000,00000000,00000000,0,0000
3503,00,0,01,10010100,00000000,11001111,0,1011
3504,10,0,10,10011100,01100010,10010000,0,0011
3505,00,0,00,00000000,00000000,00000000,0,0000
3506,00,0,00,00000000,00000000,00000000,0,0000
3507,00,0,00,00000000,00000000,00000000,0,0000
3508,10,0,10,10011101,01100010,10010010,0,0011
3509,00,0,01,10010101,00000000,11010001,0,1011
3510,00,0,00,00000000,00000000,00000000,0,0000
3511,00,0,00,00000000,00000000,00000000,0,0000
3512,10,0,10,10011110,01100010,10010100,0,0011
3513,00,0,00,00000000,00000000,00000000,0,0000
3514,00,0,00,00000000,00000000,00000000,0,0000
3515,00,0,01,10010110,00000000,11010011,0,1011
3516,10,0,10,10011111,01100010,10010110,0,0011
3517,00,0,00,00000000,00000000,00000000,0,0000
3518,00,0,00,00000000,00000000,00000000,0,0000
3519,00,0,00,00000000,00000000,00000000,0,0000
3520,10,0,10,11110000,10101111,11100100,0,0011
3521,00,0,01,10010111,00000000,11010101,0,1011
3522,00,0,00,00000000,00000000,00000000,0,0000
3523,00,0,00,00000000,00000000,00000000,0,0000
3524,10,0,10,11110010,10101111,11100101,0,0011
3525,00,0,00,00000000,00000000,00000000,0,0000
3526,00,0,00,00000000,00000000,00000000,0,0000
3527,00,0,01,10011000,00000000,11010111,0,1011
3528,10,0,10,11110100,10101111,11100110,0,0011
3529,00,0,00,00000000,00000000,00000000,0,0000
3530,00,0,00,00000000,00000000,00000000,0,0000
3531,00,0,00,00000000,00000000,00000000,0,0000
3532,10,0,10,11110110,10101111,11100111,0,0011
3533,00,0,01,10110000,00000000,11101001,0,1011
3534,00,0,00,00000000,00000000,00000000,0,0000
3535,00,0,00,00000000,00000000,00000000,0,0000
3536,00,0,00,00000000,00000000,00000000,0,0000
3537,00,0,00,00000000,00000000,00000000,0,0000
3538,10,0,10,10111000,10000001,10101000,0,0011
3539,00,0,01,10110001,00000000,11101011,0,1011
3540,00,0,00,00000000,00000000,00000000,0,0000
3541,00,0,00,00000000,00000000,00000000,0,0000
3542,10,0,10,10111001,10000001,10101010,0,0011
3543,00,0,00,00000000,00000000,00000000,0,0000
3544,00,0,00,00000000,00000000,00000000,0,0000
3545,00,0,01,10110010,00000000,11101101,0,1011
3546,10,0,10,10111010,10000001,10101100,0,0011
3547,00,0,00,00000000,00000000,00000000,0,0000
3548,00,0,00,00000000,00000000,00000000,0,0000
3549,00,0,00,00000000,00000000,00000000,0,0000
3550,10,0,10,10111011,10000001,10101110,0,0011
3551,00,0,01,10110011,00000000,11101111,0,1011
3552,00,0,00,00000000,00000000,00000000,0,0000
3553,00,0,00,00000000,00000000,00000000,0,0000
3554,10,0,10,10111100,10000001,10110000,0,0011
3555,00,0,00,00000000,00000000,00000000,0,0000
3556,00,0,00,00000000,00000000,00000000,0,0000
3557,00,0,00,00000000,00000000,00000000,0,0000
3558,10,0,10,10111101,10000001,10110010,0,0011
3559,00,0,00,00000000,00000000,00000000,0,0000
3560,00,0,01,10110100,00000000,11110001,0,1011
3561,00,0,00,00000000,00000000,00000000,0,0000
3562,00,0,00,00000000,00000000,00000000,0,0000
3563,00,0,00,00000000,00000000,00000000,0,0000
3564,00,0,00,00000000,00000000,00000000,0,0000
3565,00,0,00,00000000,00000000,00000000,0,0000
3566,00,0,01,10110101,00000000,11110011,0,1011
3567,00,0,00,00000000,00000000,00000000,0,0000
3568,00,0,00,00000000,00000000,00000000,0,0000
3569,00,0,00,00000000,00000000,00000000,0,0000
3570,00,0,00,00000000,00000000,00000000,0,0000
3571,00,0,10,10111110,10000001,10110100,0,0011
3572,00,0,10,10111111,10000001,10110110,0,0011
3573,00,0,01,10110110,00000000,11110101,0,1011
3574,00,0,00,00000000,00000000,00000000,0,0000
3575,00,0,00,00000000,00000000,00000000,0,0000
3576,00,0,00,00000000,00000000,00000000,0,0000
3577,00,0,00,00000000,00000000,00000000,0,0000
3578,00,0,01,10110111,00000000,11110111,0,1011
3579,00,0,00,00000000,00000000,00000000,0,0000
3580,00,0,00,00000000,00000000,00000000,0,0000
3581,00,0,00,00000000,00000000,00000000,0,0000
3582,00,0,10,11011000,10100000,11001000,0,0011
3583,00,0,10,11011001,10100000,11001010,0,0011
3584,00,0,10,11011010,10100000,11001100,0,0011
3585,00,0,10,11011011,10100000,11001110,0,0011
3586,00,0,10,11011100,10100000,11010000,0,0011
3587,00,0,10,11011101,10100000,11010010,0,0011
3588,00,0,10,11011110,10100000,11010100,0,0011
3589,00,0,10,11011111,10100000,11010110,0,0011
3590,00,0,00,00000000,00000000,00000000,0,0000
3591,00,0,00,00000000,00000000,00000000,0,0000
3592,00,0,00,00000000,00000000,00000000,0,0000
3593,00,0,00,00000000,00000000,00000000,0,0000
3594,00,0,00,00000000,00000000,00000000,0,0000
3595,00,0,00,00000000,00000000,00000000,0,0000
3596,00,0,00,00000000,00000000,00000000,0,0000
3597,00,0,00,00000000,00000000,00000000,0,0000
3598,00,0,00,00000000,00000000,00000000,0,0000
3599,00,0,00,00000000,00000000,00000000,0,0000
3600,00,0,00,00000000,00000000,00000000,0,0000
3601,00,0,00,00000000,00000000,00000000,0,0000
3602,00,0,00,00000000,00000000,00000000,0,0000
3603,00,0,00,00000000,00000000,00000000,0,0000
3604,00,0,00,00000000,00000000,00000000,0,0000
3605,00,0,00,00000000,00000000,00000000,0,0000
3606,00,0,00,00000000,00000000,00000000,0,0000
3607,00,0,00,00000000,00000000,00000000,0,0000
3608,00,0,00,00000000,00000000,00000000,0,0000
3609,00,0,00,00000000,00000000,00000000,0,0000
3610,00,0,00,00000000,00000000,00000000,0,0000
3611,00,0,00,00000000,00000000,00000000,0,0000
3612,00,0,00,00000000,00000000,00000000,0,0000
3613,00,0,00,00000000,00000000,00000000,0,0000
3614,00,0,00,00000000,00000000,00000000,0,0000
3615,00,0,00,00000000,00000000,00000000,0,0000
3616,00,0,00,00000000,00000000,00000000,0,0000
3617,00,0,00,00000000,00000000,00000000,0,0000
3618,00,0,00,00000000,00000000,00000000,0,0000
3619,00,0,00,00000000,00000000,00000000,0,0000
3620,00,0,00,00000000,00000000,00000000,0,0000
3621,00,0,00,00000000,00000000,00000000,0,0000
3622,00,0,00,00000000,00000000,00000000,0,0000
3623,00,0,00,00000000,00000000,00000000,0,0000
3624,00,0,00,00000000,00000000,00000000,0,0000
3625,00,0,00,00000000,00000000,00000000,0,0000
3626,00,0,00,00000000,00000000,00000000,0,0000
3627,00,0,00,00000000,00000000,00000000,0,0000
3628,00,0,00,00000000,00000000,00000000,0,0000
3629,00,0,00,00000000,00000000,00000000,0,0000
3630,00,0,00,00000000,00000000,00000000,0,0000
3631,00,0,00,00000000,00000000,00000000,0,0000
3632,00,0,00,00000000,00000000,00000000,0,0000
3633,00,0,10,11111000,10111111,11101000,0,0011
3634,00,0,10,11111001,10111111,11101010,0,0011
3635,00,0,10,11111010,10111111,11101100,0,0011
3636,00,0,10,11111011,10111111,11101110,0,0011
3637,00,0,10,11111100,10111111,11110000,0,0011
3638,00,0,10,11111101,10111111,11110010,0,0011
3639,00,0,10,11111110,10111111,11110100,0,0011
3640,00,0,10,11111111,10111111,11110110,0,0011
3641,00,0,00,00000000,00000000,00000000,0,0000
3642,00,0,00,00000000,00000000,00000000,0,0000
3643,00,0,00,00000000,00000000,00000000,0,0000
3644,00,0,00,00000000,00000000,00000000,0,0000
3645,00,0,00,00000000,00000000,00000000,0,0000
3646,00,0,00,00000000,00000000,00000000,0,0000
3647,00,0,00,00000000,00000000,00000000,0,0000
3648,00,0,00,00000000,00000000,00000000,0,0000
