n: 430
nnz: 1544
CSC format: after fill in
Ax: 1 1 1 -465.116 -1 100000 -100000 -1.18e-30 1 -3635.14 8.33333 1 -8.33333 -8.33333 1 -0.00625 0 8.33958 -2e-31 1 -1 0 0 -100000 200000 -1 -0.00625 -100000 -3.33333e-05 -1 1 0 0 100000 -100000 -2e-31 1 1.2987 -1.2987 1 -1 100000 -1.18e-30 -100000 1 -3635.14 1 -1 -1705.43 -100000 -1 0 -1 100000 0 3634.14 -0.000606061 1 -1 -310.078 18.1818 1 -18.1818 100000 -100000 100000 -1.18e-30 -100000 1 -3635.14 100009 -8.89838 -100000 1 4 1 -4 -4 8 -4 -4 4.01 -0.01 0.126415 -0.115915 -0.0005 -0.115915 0.115915 -4.42388e-10 -9.38897e-12 0 -8.89838 -4.43362e-10 8.89838 -5.81108e-11 0 0 -8.41421e-12 -5.90855e-11 31.7901 -31.7901 0 0 -31.7901 100032 -100000 0 0 -1.18e-30 -100000 -1 100000 -0.0142857 -7.69231e-05 0 0 1 0 -1 0 0 0 0 1 -465.116 -1 100000 -100000 -1.18e-30 1 -3635.14 8.33333 1 -8.33333 -8.33333 1 -0.00625 0 8.33958 -2e-31 1000 -4.96256e-07 -0.00365244 -1000 -0.00365294 1000 0.00365244 -1000 0 -1.0021e-12 -1.0021e-12 1000 0 0 -1000 -1000 0 1000 -0.000133333 -0.000222222 1000.07 -1000 -1000 1000.07 -0.0352393 -0.0352393 -0.0704721 1000.04 0.0352328 -1000 -6.436e-06 -6.87607e-10 1000 -1000 0 -1000 1000.05 0 -0.0454545 1000 -1.41955e-16 -1.04479e-12 -4.48722e-14 1000 -1000 -9.55328e-13 -1000 2000.01 0 -1000 -1.00006e-12 -1.00006e-12 0 1000 0 -1000 -1000 0 1000 -1.01839e-12 -1.38368e-16 0 2000 -1000 -1000 -1000 1000 -0.00170852 -2.32135e-07 0 -0.00503972 1000.01 -0.00503972 0 -1000 0.00333097 -0.00837092 1000.01 0 0 -1000 -0.0245335 1000.05 -0.0245335 -1000 0 0.0245335 -1000 0 0 0 -0.0490669 1000.02 0 0 -1000 0 0 -0.000133333 -1000 0 0 -1000 0 -1000 0 4000 0 0 0 1000 -1.40235e-16 -1.03213e-12 -1000 -3.07766e-14 1000 -9.70857e-13 -1000 0 -1.00149e-12 -1.00149e-12 1000 0 -1000 0 1000.07 -1000 -0.0666667 -1000 1000 -1.00005e-12 -1.00005e-12 0 7.09078e-05 1000 -7.09175e-05 -1000 0 -7.09078e-05 -9.63422e-09 1000 -1000 0 0 -1000 0 -1000 2000.04 0 -0.037037 0 1000 -0.00167203 -2.27179e-07 -1.03213e-12 1000 -1.03213e-12 -1000 -0.00167226 0.00167203 1000 -1000 1000 -1000 -1000 1000.25 -0.248814 -3.38063e-05 -0.208105 1000.42 -0.208105 -1000 -0.0407435 -0.167395 1000.21 -1000 0 -1000 -1000 -1000 3000 -2.5641e-05 0 1000.01 -0.00640236 -6.84013e-07 -1000 -1.03213e-12 1000 -1.03213e-12 -1000 0 -0.00640304 0.00640236 1000 -1000 0 -2.5641e-05 -1000 -1000 3000 -1000 0 0 1000.01 -6.84013e-07 -0.00640236 -1000 -1000 -0.00640304 1000 0.00640236 0 0 -1.00005e-12 -1.00005e-12 1000 0 -1000 0 1000 -1000 -1000 1000 -3.84447e-12 -5.22346e-16 -1.00007e-12 1000 -1.00007e-12 -1000 -2.84492e-12 1.84433e-12 1000 -1000 0 1000 -1000 -1000 1000 -3.84447e-12 -5.22346e-16 -1.00006e-12 1000 -1.00006e-12 -1000 -2.84492e-12 1.84434e-12 1000 -1000 0 -1000 -1000 3000 -1000 0 0 1000 -0.00149685 0.00149664 -1000 -1000 -2.03348e-07 1000 -0.00149664 0 0 -1.00029e-12 -1.00029e-12 1000 0 0 -1000 1000.05 2.04243e-07 -0.0524564 -1000 -0.052445 1000.1 -1000 -0.052445 0 -1000 0 0 -1000 0 0 -1000 3000 0 0 0 0 1000.05 -5.56934e-06 -0.052129 -1000 1000.05 -0.052129 -5.56934e-06 -1000 -1.03213e-12 1000 -1.03213e-12 -1000 0 -0.0521346 0.052129 1000 -1000 0 -0.0521346 1000 0.052129 -1000 0 -1.0005e-12 -1.0005e-12 1000 0 -1000 0 1000.35 -0.698753 0.349276 -1000 -0.349476 1000.7 -0.349476 0 -1000 2000 -1000 -1000 -1000 1000.01 -0.0130778 -1.77687e-06 0 -3.89391e-08 1000 -3.89391e-08 0 -1000 -0.0130795 0.0130777 1000 0 0 -1000 -2.13825e-08 -0.00020014 -1000 0 0 0 1000 0 0 0 0 1.43282 -0.00424862 0.01 -2.40228e-12 0.0100102 -0.01 -0.00424862 100.004 -100 0.391526 -0.379795 -0.0117315 0.379795 -3.86179e-12 -0.379795 -2.40228e-12 -0.01 -100 -0.379795 -3.86179e-12 1100.39 -1000 -2.2e-28 -0.0005 2000 -1000 -1000 -1000 1000.06 -0.0609162 -8.27666e-06 0 -0.00846811 1000.02 -0.00846811 -1000 0 -1000 -0.0524564 0.04398 1000.01 0 0 0 0 -1000 -1000 -1000 0 -1000 0 0 -1000 0 5000 0 0 0 0 0 -1.12062e-05 -0.10489 0 -1000 0 0 0 0 1000.1 0 0 0 0 -1000 0 0 0 0 0 -1000 0 0 -1000 -1000 0 0 0 0 4000 0 0 0 0 -1000 -0.000222222 0 -1000 -1000 0 0 -1000 0 4000 -2.5e-32 0 0 0 -1000 0 -1000 0 0 0 -1000 0 0 0 0 0 -1000 0 0 0 0 -2.5e-32 4000 0 0 0 100 -1e-12 -100 0.01 -1.00082e-12 -0.01 1 -1 -1.18986e-12 -1e-12 0.335796 0 -0.335796 21.9246 -0.000981934 -0.105657 -0.0326096 0.0885415 0.00822272 -0.0641547 -0.0740297 -0.0234049 4.15917 -4.06174 0 -100 -1.00082e-12 -1 0 -4.06174 105.062 0 0 -0.0005 17.8891 -1.3538e-07 -17.8891 21.8267 -9.02095e-05 -0.00872319 -21.8179 0.00161933 0.0443937 -0.00684331 -0.0391698 0 -0.0104327 -0.00513377 4.0773 -4.06174 0 0 0.0380804 -0.0232999 0.0193577 -0.0341383 -0.00394214 0.459995 -0.0194126 0 -0.43664 -8.47321e-14 -5.48788e-05 5.16095 0 -5.16089 0 -4.06174 -0.0341383 0 0 4.09838 -0.0025 0 0 -1 1 -1.3538e-07 -5.16089 -0.0025 5.16472 -1 0 -0.00133333 0 0 -0.01 -1.18986e-12 -0.335796 0 -0.0391698 0 -0.43664 0 0 0 0.824106 0 0 -0.0025 0 -0.0641547 0 0 -0.00133333 0 0.065588 0 -0.0001 0 0 -0.0454545 0 -1000 0 0 -0.037037 0 0 -0.0005 0 0 1000.08 0 0 0 0 1 -24.8995 -1 1 -1 1 -1 1 1 2 1 -2 -2 2.5 -0.5 0.757971 -0.257971 6.01288 -1e-12 1000 -1000 -0.257971 1000.26 -1000 -0.5 1e+06 -1e+06 -0.0030303 -1e+06 1e+06 -3.20513 0 1 -3.20513 3.20513 0 0 1000 -1.33378e-07 -4.99012e-08 -1.8298e-07 0.0516798 -0.0516797 3.05178e-09 -0.0516797 0.17668 0 -0.125 0.0143885 -1e-12 -1e-12 1000 -1000 70.922 -1.12445e-10 -1000 -1.12445e-10 -1000 -6.57462 1.00201e+06 -1e+06 -2.99378e-10 -4.655e-08 0 6.57462 -6.57462 0 1000 0 -1000 0 0 -1 -1e+06 23.8995 -8e-31 1e+06 0 0.000165357 -1.1274e-05 0.000333533 -0.000333333 -1.1274e-05 0.000111324 -5e-08 -0.0001 -0.000333333 -5e-08 0.000363417 -3.00339e-05 0 -3.00339e-05 0.882643 -0.882613 0 -0.882613 -1 0.882613 0 -1 1 1 -24.8995 -24.8995 1 -1 1 23.8995 -0.00641026 0.00641026 0 1 0 0.00641026 -0.00641026 0 -1 -1 1 1 1 -22553.2 -1 -1 1 0.882613 -1 0 -0.882613 1 0.0172414 0 -0.0172414 0.0002002 -2e-07 -2e-07 6.24015e-05 -3.11007e-05 -3.11007e-05 -3.11007e-05 0.882644 -0.882613 0 -0.882613 0.882644 0 -3.11007e-05 -3.11007e-05 0 0 0.882644 -0.882613 0 -0.882613 0.882644 -3.11007e-05 0 -3.11007e-05 0.882644 -0.882613 0 -0.882613 -1 0.882613 0 -1 1 1 0 0.0172414 0 -0.0172414 -0.882613 0 -3.11007e-05 0 0 0 0 0 0.882644 0 0 0.000165357 -1.1274e-05 0.000333533 -0.000333333 -1.1274e-05 0.000111324 -5e-08 -0.0001 -0.000333333 -5e-08 0.000363417 -3.00339e-05 0 -3.00339e-05 0.882643 -0.882613 0 -0.882613 -1 0.882613 0 -1 1 1 -24.8995 -24.8995 1 -1 1 23.8995 -0.00641026 0.00641026 0 1 0 0.00641026 -0.00641026 0 -1 -1 1 1 1 -22553.2 -1 1 -24.8995 -1 1 -1 1 -1 1 1 2 1 -2 -2 2.5 -0.5 0.757971 -0.257971 6.01288 -1e-12 1000 -1000 -0.257971 1000.26 -1000 -0.5 1e+06 -1e+06 -0.0030303 -1e+06 1e+06 -3.20513 0 1 -3.20513 3.20513 0 0 1000 -1.33378e-07 -4.99012e-08 -1.8298e-07 0.0516798 -0.0516797 3.05178e-09 -0.0516797 0.17668 0 -0.125 0.0143885 -1e-12 -1e-12 1000 -1000 70.922 -1.12445e-10 -1000 -1.12445e-10 -1000 -6.57462 1.00201e+06 -1e+06 -2.99378e-10 -4.655e-08 0 6.57462 -6.57462 0 1000 0 -1000 0 0 -1 -1e+06 23.8995 0 1e+06 -8e-31 1000 -4.96247e-07 -0.00365238 -1000 -0.00365288 1000 0.00365238 -1000 0 -1.0021e-12 -1.0021e-12 1000 0 0 -1000 -1000 0 1000 -0.000133333 -0.000222222 1000.07 -1000 -1000 1000.07 -0.0352393 -0.0352393 -0.0704722 1000.04 0.0352329 -1000 -6.43837e-06 -6.8786e-10 1000 -1000 0 -1000 1000.05 0 -0.0454545 1000 -1.41955e-16 -1.04479e-12 -4.48724e-14 1000 -1000 -9.55328e-13 -1000 2000.01 0 -1000 -1.00006e-12 -1.00006e-12 0 1000 0 -1000 -1000 0 1000 -1.01839e-12 -1.38368e-16 0 2000 -1000 -1000 -1000 1000 -0.00170853 -2.32138e-07 0 -0.00503977 1000.01 -0.00503977 0 -1000 0.003331 -0.00837101 1000.01 0 0 -1000 -0.0245335 1000.05 -0.0245335 -1000 0 0.0245335 -1000 0 0 0 -0.0490669 1000.02 0 0 -1000 0 0 -0.000133333 -1000 0 0 -1000 0 -1000 0 4000 0 0 0 1000 -1.40235e-16 -1.03213e-12 -1000 -3.07765e-14 1000 -9.70857e-13 -1000 0 -1.00149e-12 -1.00149e-12 1000 0 -1000 0 1000.07 -1000 -0.0666667 -1000 1000 -1.00005e-12 -1.00005e-12 0 7.088e-05 1000 -7.08897e-05 -1000 0 -7.088e-05 -9.63044e-09 1000 -1000 0 0 -1000 0 -1000 2000.04 0 -0.037037 0 1000 -0.00167205 -2.27181e-07 -1.03213e-12 1000 -1.03213e-12 -1000 -0.00167228 0.00167205 1000 -1000 1000 -1000 -1000 1000.25 -0.248815 -3.38064e-05 -0.208105 1000.42 -0.208105 -1000 -0.0407441 -0.167394 1000.21 -1000 0 -1000 -1000 -1000 3000 -2.5641e-05 0 1000.01 -0.00640227 -6.84004e-07 -1000 -1.03213e-12 1000 -1.03213e-12 -1000 0 -0.00640296 0.00640227 1000 -1000 0 -2.5641e-05 -1000 -1000 3000 -1000 0 0 1000.01 -6.84004e-07 -0.00640227 -1000 -1000 -0.00640296 1000 0.00640227 0 0 -1.00005e-12 -1.00005e-12 1000 0 -1000 0 1000 -1000 -1000 1000 -3.84445e-12 -5.22343e-16 -1.00007e-12 1000 -1.00007e-12 -1000 -2.8449e-12 1.84431e-12 1000 -1000 0 1000 -1000 -1000 1000 -3.84445e-12 -5.22343e-16 -1.00006e-12 1000 -1.00006e-12 -1000 -2.8449e-12 1.84432e-12 1000 -1000 0 -1000 -1000 3000 -1000 0 0 1000 -0.00149684 0.00149663 -1000 -1000 -2.03347e-07 1000 -0.00149663 0 0 -1.00029e-12 -1.00029e-12 1000 0 0 -1000 1000.05 2.04278e-07 -0.0524401 -1000 -0.0524287 1000.1 -1000 -0.0524287 0 -1000 0 0 -1000 0 0 -1000 3000 0 0 0 0 1000.05 -5.5692e-06 -0.0521277 -1000 1000.05 -0.0521277 -5.5692e-06 -1000 -1.03213e-12 1000 -1.03213e-12 -1000 0 -0.0521333 0.0521277 1000 -1000 0 -0.0521333 1000 0.0521277 -1000 0 -1.0005e-12 -1.0005e-12 1000 0 -1000 0 1000.35 -0.698728 0.349245 -1000 -0.349483 1000.7 -0.349483 0 -1000 2000 -1000 -1000 -1000 1000 -3.75086e-05 -5.09627e-09 0 -3.90678e-08 1000 -3.90678e-08 0 -1000 -3.74746e-05 3.74304e-05 1000 0 0 -1000 -2.55246e-08 -0.00023891 -1000 0 0 0 1000 0 0 0 0 1.43282 -0.00424848 0.01 -2.4023e-12 0.0100102 -0.01 -0.00424848 100.004 -100 0.391556 -0.379795 -0.0117613 0.379795 -3.85959e-12 -0.379795 -2.4023e-12 -0.01 -100 -0.379795 -3.85959e-12 1100.39 -1000 -0.0005 -2.2e-28 2000 -1000 -1000 -1000 1000.06 -0.0609041 -8.27501e-06 0 -0.00847231 1000.02 -0.00847231 -1000 0 -1000 -0.0524401 0.0439595 1000.01 0 0 0 0 -1000 -1000 -1000 0 -1000 0 0 -1000 0 5000 0 0 0 0 0 -1.12027e-05 -0.104858 0 -1000 0 0 0 0 1000.1 0 0 0 0 -1000 0 0 0 0 0 -1000 0 0 -1000 -1000 0 0 0 0 4000 0 0 0 0 -1000 -0.000222222 0 -1000 -1000 0 0 -1000 0 4000 -2.5e-32 0 0 0 -1000 0 -1000 0 0 0 -1000 0 0 0 0 0 -1000 0 0 0 0 -2.5e-32 4000 0 0 0 100 -1e-12 -100 0.01 -1.00082e-12 -0.01 1 -1 -1.18986e-12 -1e-12 0.335796 0 -0.335796 21.9246 -0.000981936 -0.105657 -0.0326097 0.0885415 0.00822284 -0.0641547 -0.0740297 -0.0234049 4.15917 -4.06174 0 -100 -1.00082e-12 -1 0 -4.06174 105.062 0 0 -0.0005 1 100000 -100000 1 -1 17.8891 -1.3538e-07 -17.8891 -0.0104327 -0.00513377 4.0773 -4.06174 21.8267 -9.02095e-05 -0.00872319 0 -21.8179 0.459995 -0.00394214 -0.0194126 -0.43664 -0.0232999 0.0380804 0.0193577 -0.0341383 0 -5.48788e-05 -8.47321e-14 5.16095 0 -5.16089 0 0.00161933 0.0443937 -0.00684331 0 -0.0391698 0 -1 0 -1.3538e-07 -5.16089 -0.0025 5.16472 0 -0.00133333 0 0 -0.0341383 0 -4.06174 4.09838 -0.0025 0 0 0 0 -0.01 -1.18986e-12 -0.335796 0 -0.0391698 -0.43664 0 0 0 0 0 0.824106 0 0 -0.0025 0 -0.0641547 0 0 -0.00133333 0 0.065588 0 -0.0001 0 0 -0.0454545 0 -1000 0 0 -0.037037 0 0 -0.0005 0 0 1000.08 0 0 0 0 -1e-12 -1000 -1000 -0.0030303 0 0 0 -0.0666667 0 0 0 0 -1000 0 0 0 -1000 0 0 -1000 0 -1000 -1000 0 0 0 0 -0.0005 0 0 0 0 0 0 -0.0001 0 7000.07 0 0 0 0 0 -0.125 0 0 -17.8891 -21.8179 0 0 0 0 -0.0025 0 0 0 39.8445 0 0 0 0 -0.0001 0 0 0 0 0 -1000 0 -0.0117613 -0.379795 -2.2e-28 0 0 0 0 0 0 0 0 0 1000.39 0 0 0 -691.489 1 0 0 0 0 0 0 -1 0 0 1 -7047.87 0 -1 -0.0172414 0 23.8995 -8e-31 0.0172414 -1 0 0 23.8995 -0.0172414 0 0 -1 0.0172414 -8e-31 1 -7047.87 0 -1 1 0 0 0 -691.489 0 -1 0 0 -1000 0 -0.0117315 -0.379795 -2.2e-28 0 0 0 0 0 0 0 -0.0001 0 0 0 0 0 1000.39 0 0 0 -0.0666667 0 0 0 0 -1000 0 0 0 -1000 0 0 -1000 0 -1000 -1000 0 0 0 0 -0.0005 0 0 0 0 0 0 -0.0001 0 -1e-12 -1000 -1000 -0.0030303 0 0 0 0 0 0 7000.07 0 0 -17.8891 -21.8179 0 0 0 0 -0.0025 0 0 -0.125 0 0 0 0 0 39.8445 0 1 -1 0 0 -100000 -100000 0 0 0 0 0 0 0 0 0 200000 -1 -0.00625 -3.33333e-05 -1 1 0 0 26.9179 -6.99791e-08 -6.99791e-08 100000 -100000 -0.0005 100000 -100000 -1.18e-30 1 -2325.58 -1 1 -3635.14 1 -1 0.714286 1 0 -0.714286 -1 1 100000 -0.000324675 -100000 -1 1 0 0 -100000 -100000 -0.714286 -0.000324675 200001 0 -1.33333e-06 0 -2e-31 -100000 100000 0 0 0 -2e-31 0 -18.1818 -1 0 -0.0142857 18.1961 3634.14 0 0 0 0 -100000 -100000 -7.69231e-05 -1.18e-30 -1 3634.14 -3.33333e-05 0 0 0 0 1 0 0 200000 0 -1e-08 0 -100000 -1.18e-30 -1 3634.14 0 -1.33333e-06 0 1 0 -1e-08 -2.46305e-06 200000 -100000 1 -1 0 0 0 0 1 0 0 0 -1.2987 -1.18e-30 -0.000606061 -100000 0 0 0 0 0 0 0 0 0 100001 -2.46305e-06 0 -1 0 0 0 0 0 0 0 1 0 -0.01 -0.0005 0 0 0 0 0 -0.0005 0 0 0 0 0 0 0 -100000 100000 -100000 0 0 1 0 0 0 0 0 0 100000 0 0 26.9179 -6.99791e-08 -6.99791e-08 100000 -100000 -0.0005 100000 -100000 -1.18e-30 1 -2325.58 -1 1 -3635.14 1 -1 0.714286 1 0 -0.714286 -1 1 100000 -0.000324675 -100000 -1 1 0 0 -100000 -100000 -0.714286 -0.000324675 200001 0 -1.33333e-06 0 -2e-31 -100000 100000 0 0 0 100000 -100000 -2e-31 1 1.2987 -1.2987 1 -1 100000 -1.18e-30 -100000 1 -3635.14 1 -1 -1705.43 -100000 -1 0 -1 100000 0 3634.14 -0.000606061 1 -1 -310.078 18.1818 1 -18.1818 100000 -100000 100000 -1.18e-30 -100000 1 -3635.14 100009 -8.89838 -100000 1 4 1 -4 -4 8 -4 -4 4.01 -0.01 0.126415 -0.115915 -0.0005 -0.115915 0.115915 -4.42388e-10 -9.38897e-12 0 -8.89838 -4.43362e-10 8.89838 -5.81108e-11 0 0 -8.41421e-12 -5.90855e-11 31.7901 -31.7901 0 0 -31.7901 100032 -100000 0 0 -1.18e-30 -100000 -1 100000 -0.0142857 -7.69231e-05 0 0 1 0 -1 0 0 0 0 -2e-31 0 -18.1818 -1 0 -0.0142857 18.1961 3634.14 0 0 0 0 -1.18e-30 -1 3634.14 -3.33333e-05 0 0 0 0 -100000 -100000 -7.69231e-05 0 1 0 0 200000 0 -1e-08 0 -1.18e-30 -1 3634.14 0 -1.33333e-06 0 -100000 1 0 -1e-08 -2.46305e-06 200000 -100000 1 -1 0 0 0 0 1 0 0 0 -1.2987 -1.18e-30 -0.000606061 -100000 0 0 0 0 0 0 0 0 0 100001 -2.46305e-06 0 -1 0 0 0 0 0 0 0 1 0 -0.0005 0 -0.01 -0.0005 0 0 0 0 0 0 0 0 0 0 0 -100000 100000 1 1 
Ai: 0 1 2 423 424 3 7 424 4 6 5 8 9 5 6 7 8 9 395 5 7 8 9 3 7 8 9 384 424 2 9 423 424 10 16 376 11 12 381 12 16 13 381 382 14 378 15 16 379 10 11 12 14 16 376 378 381 17 376 379 18 32 376 19 380 20 33 380 21 377 22 29 381 23 23 24 25 23 25 26 25 26 383 27 28 383 27 28 29 30 383 22 28 29 30 381 383 28 29 30 31 381 383 30 31 33 381 383 20 31 32 33 376 380 381 383 18 32 33 376 380 381 383 34 379 380 35 362 380 36 38 37 363 364 37 38 362 363 364 375 39 40 41 59 39 40 41 42 59 39 40 41 42 59 125 40 41 42 59 125 43 44 43 44 45 46 44 45 46 59 44 45 46 47 59 46 47 59 147 48 49 51 48 49 50 51 49 50 51 52 48 49 50 51 52 126 50 51 52 57 58 126 53 54 58 53 54 55 56 58 54 55 56 58 59 54 55 56 58 59 126 52 57 58 59 126 52 53 54 55 56 57 58 59 126 39 40 41 42 45 46 47 55 56 57 58 59 125 126 147 60 61 62 147 60 61 62 67 147 60 61 62 67 125 147 63 64 360 63 64 65 66 360 64 65 66 125 360 64 65 66 67 125 360 61 62 66 67 125 147 360 68 69 70 68 69 70 75 68 69 70 75 71 72 71 72 73 74 72 73 74 124 72 73 74 75 124 69 70 74 75 79 124 76 77 78 360 76 77 78 79 360 76 77 78 79 360 75 77 78 79 81 124 360 80 81 82 360 79 80 81 82 124 360 80 81 82 124 125 360 83 84 83 84 85 86 84 85 86 126 84 85 86 91 126 87 88 87 88 89 90 88 89 90 97 88 89 90 91 97 86 90 91 93 97 126 92 93 94 97 91 92 93 94 97 126 92 93 94 97 126 360 95 96 123 124 95 96 97 123 124 89 90 91 92 93 94 96 97 123 124 126 360 98 102 103 360 99 100 101 360 99 100 101 122 360 99 100 101 122 360 98 102 103 122 360 98 102 103 122 124 360 104 105 110 124 104 105 110 124 126 106 107 110 106 107 108 109 110 107 108 109 110 122 107 108 109 110 122 359 104 105 106 107 108 109 110 122 124 126 359 111 114 112 117 113 117 111 114 117 115 117 359 116 117 359 112 113 114 115 116 117 121 359 360 118 119 123 118 119 120 121 123 119 120 121 122 123 117 119 120 121 122 123 359 360 100 101 102 103 108 109 110 120 121 122 123 124 126 359 360 95 96 97 118 119 120 121 122 123 124 126 359 360 73 74 75 79 81 82 95 96 97 103 104 105 110 122 123 124 125 126 359 360 41 42 59 62 65 66 67 82 124 125 126 147 359 360 51 52 56 57 58 59 85 86 91 93 94 97 105 110 122 123 124 125 126 147 359 360 127 130 134 128 134 145 129 134 145 127 130 134 145 131 132 133 131 132 133 146 131 132 133 134 146 127 128 129 130 133 134 145 146 147 135 143 361 136 137 138 361 136 137 138 145 361 136 137 138 142 145 361 139 140 141 142 139 140 141 142 145 139 140 141 142 143 145 138 139 140 141 142 143 145 361 143 384 135 141 142 143 144 145 146 361 384 128 129 130 134 137 138 140 141 142 143 145 146 147 361 384 132 133 134 143 145 146 147 360 361 384 47 59 60 61 62 67 125 126 134 145 146 147 359 360 361 384 148 171 149 171 150 151 151 161 152 152 153 154 152 154 159 155 158 156 360 157 360 155 158 360 154 159 160 360 159 160 161 360 149 160 161 171 360 162 163 169 162 163 164 169 163 164 169 361 165 166 165 166 170 167 170 166 167 168 169 170 358 162 163 164 169 170 361 168 169 170 358 361 148 170 171 357 358 361 172 174 173 175 172 174 175 359 173 174 175 176 359 175 176 178 359 176 177 178 359 178 182 179 181 180 356 179 180 181 182 186 356 177 178 182 186 359 183 184 186 185 183 185 186 187 189 187 188 189 200 188 189 200 354 190 191 190 191 192 194 191 192 193 194 192 193 194 200 191 192 193 194 195 200 194 195 196 200 195 196 198 200 196 197 198 200 198 199 197 198 199 200 357 187 189 193 194 195 196 198 199 200 354 357 201 203 202 204 201 203 204 352 202 203 204 205 352 204 205 207 352 205 206 207 352 207 211 208 210 209 355 208 209 210 211 215 355 206 207 211 215 352 212 213 215 214 212 214 215 216 239 217 239 218 219 219 229 220 220 221 222 220 222 227 223 226 224 350 225 350 223 226 350 222 227 228 350 227 228 229 350 217 228 229 239 350 230 231 237 230 231 232 237 231 232 237 351 233 234 233 234 238 235 238 234 235 236 237 238 353 230 231 232 237 238 351 236 237 238 351 353 216 238 239 351 353 354 240 241 242 260 240 241 242 243 260 240 241 242 243 260 326 241 242 243 260 326 244 245 244 245 246 247 245 246 247 260 245 246 247 248 260 247 248 260 349 249 250 252 249 250 251 252 250 251 252 253 249 250 251 252 253 327 251 252 253 258 259 327 254 255 259 254 255 256 257 259 255 256 257 259 260 255 256 257 259 260 327 253 258 259 260 327 253 254 255 256 257 258 259 260 327 240 241 242 243 246 247 248 256 257 258 259 260 326 327 349 261 262 263 349 261 262 263 268 349 261 262 263 268 326 349 264 265 350 264 265 266 267 350 265 266 267 326 350 265 266 267 268 326 350 262 263 267 268 326 349 350 269 270 271 269 270 271 276 269 270 271 276 272 273 272 273 274 275 273 274 275 325 273 274 275 276 325 270 271 275 276 280 325 277 278 279 350 277 278 279 280 350 277 278 279 280 350 276 278 279 280 282 325 350 281 282 283 350 280 281 282 283 325 350 281 282 283 325 326 350 284 285 284 285 286 287 285 286 287 327 285 286 287 292 327 288 289 288 289 290 291 289 290 291 298 289 290 291 292 298 287 291 292 294 298 327 293 294 295 298 292 293 294 295 298 327 293 294 295 298 327 350 296 297 324 325 296 297 298 324 325 290 291 292 293 294 295 297 298 324 325 327 350 299 303 304 350 300 301 302 350 300 301 302 323 350 300 301 302 323 350 299 303 304 323 350 299 303 304 323 325 350 305 306 311 325 305 306 311 325 327 307 308 311 307 308 309 310 311 308 309 310 311 323 308 309 310 311 323 352 305 306 307 308 309 310 311 323 325 327 352 312 315 313 318 314 318 312 315 318 316 318 352 317 318 352 313 314 315 316 317 318 322 350 352 319 320 324 319 320 321 322 324 320 321 322 323 324 318 320 321 322 323 324 350 352 301 302 303 304 309 310 311 321 322 323 324 325 327 350 352 296 297 298 319 320 321 322 323 324 325 327 350 352 274 275 276 280 282 283 296 297 298 304 305 306 311 323 324 325 326 327 350 352 242 243 260 263 266 267 268 283 325 326 327 349 350 352 252 253 257 258 259 260 286 287 292 294 295 298 306 311 323 324 325 326 327 349 350 352 328 331 335 329 335 347 330 335 347 328 331 335 347 332 333 334 332 333 334 348 332 333 334 335 348 328 329 330 331 334 335 347 348 349 336 337 362 337 346 338 346 351 339 340 344 345 339 340 344 345 351 341 342 343 347 341 342 343 345 347 341 342 343 345 346 347 339 340 344 345 347 351 336 337 338 343 345 346 347 348 351 362 342 343 344 345 346 347 348 351 362 329 330 331 335 340 341 342 343 344 345 346 347 348 349 351 362 333 334 335 346 347 348 349 350 351 362 248 260 261 262 263 268 326 327 335 347 348 349 350 351 352 362 224 225 226 227 228 229 239 264 265 266 267 268 277 278 279 280 281 282 283 295 298 299 300 301 302 303 304 318 322 323 324 325 326 327 348 349 350 351 352 353 354 362 232 237 238 338 339 340 344 345 346 347 348 349 350 351 352 353 354 362 203 204 205 207 211 215 310 311 316 317 318 322 323 324 325 326 327 349 350 351 352 353 354 362 214 218 219 229 239 350 351 352 353 354 362 213 214 215 354 189 200 209 353 354 355 357 362 180 199 200 354 356 357 358 184 185 186 357 150 151 161 171 185 357 358 360 361 109 110 115 116 117 121 122 123 124 125 126 147 174 175 176 178 182 186 359 360 361 384 63 64 65 66 67 76 77 78 79 80 81 82 94 97 98 99 100 101 102 103 117 121 122 123 124 125 126 146 147 156 157 158 159 160 161 171 357 358 359 360 361 384 135 136 137 138 142 143 145 146 147 164 169 170 358 359 360 361 384 37 362 363 364 35 337 346 347 348 349 350 351 352 353 354 362 363 364 380 34 364 379 380 365 366 365 366 374 383 367 374 382 368 379 382 369 372 370 373 370 371 373 374 371 372 373 374 375 368 373 379 382 366 367 370 373 374 379 382 383 364 373 375 379 380 382 10 16 18 21 32 33 376 377 378 380 381 383 19 20 33 35 36 38 362 363 364 375 376 377 378 379 380 381 382 383 13 367 369 372 373 374 375 378 379 380 381 382 383 379 17 376 377 378 379 380 381 382 383 12 13 16 22 29 30 31 33 376 377 378 379 380 381 382 383 15 16 376 377 378 379 380 381 382 383 26 27 28 29 30 31 33 366 374 376 377 378 379 380 381 382 383 7 8 9 144 145 146 147 359 360 361 384 423 424 385 386 385 386 394 427 387 394 426 388 423 426 389 392 390 393 390 391 393 394 391 392 393 394 395 388 393 423 426 386 387 390 393 394 423 426 427 9 393 395 423 424 426 396 402 420 397 398 425 398 402 399 425 426 400 422 401 402 423 396 397 398 400 402 420 422 425 403 420 423 404 418 420 405 424 406 419 424 407 421 408 415 425 409 409 410 411 409 411 412 411 412 427 413 414 427 413 414 415 416 427 408 414 415 416 425 427 414 415 416 417 425 427 416 417 419 425 427 406 417 418 419 420 424 425 427 404 418 419 420 424 425 427 396 402 404 407 418 419 420 421 422 424 425 427 3 4 6 7 8 9 384 395 405 406 419 420 421 422 423 424 425 426 427 387 389 392 393 394 395 399 422 423 424 425 426 427 423 403 420 421 422 423 424 425 426 427 398 399 402 408 415 416 417 419 420 421 422 423 424 425 426 427 401 402 420 421 422 423 424 425 426 427 386 394 412 413 414 415 416 417 419 420 421 422 423 424 425 426 427 428 429 
Ap: 0 1 2 5 8 10 13 19 23 29 33 36 39 41 44 46 49 57 60 63 65 68 70 73 74 77 80 83 86 91 97 103 108 116 123 126 129 131 134 140 144 149 155 160 162 166 170 175 179 182 186 190 196 202 205 210 215 221 226 235 250 254 259 265 268 273 278 284 291 294 298 302 304 308 312 317 323 327 332 337 344 348 354 360 362 366 370 375 377 381 385 390 396 400 406 412 416 421 433 437 441 446 451 456 462 466 471 474 479 484 490 501 503 505 507 510 513 516 525 528 533 538 546 561 574 594 608 630 633 636 639 643 646 650 655 664 667 671 676 682 686 691 697 705 707 716 731 741 757 759 761 763 765 766 769 772 774 776 778 781 785 789 794 797 801 805 807 810 812 818 824 829 835 837 839 843 848 852 856 858 860 862 868 873 874 876 877 880 882 886 890 892 896 900 904 910 914 918 922 924 929 940 942 944 948 953 957 961 963 965 967 973 978 979 981 982 985 987 989 991 993 994 997 1000 1002 1004 1006 1009 1013 1017 1022 1025 1029 1033 1035 1038 1040 1046 1052 1057 1063 1067 1072 1078 1083 1085 1089 1093 1098 1102 1105 1109 1113 1119 1125 1128 1133 1138 1144 1149 1158 1173 1177 1182 1188 1191 1196 1201 1207 1214 1217 1221 1225 1227 1231 1235 1240 1246 1250 1255 1260 1267 1271 1277 1283 1285 1289 1293 1298 1300 1304 1308 1313 1319 1323 1329 1335 1339 1344 1356 1360 1364 1369 1374 1379 1385 1389 1394 1397 1402 1407 1413 1424 1426 1428 1430 1433 1436 1439 1448 1451 1456 1461 1469 1484 1497 1517 1531 1553 1556 1559 1562 1566 1569 1573 1578 1587 1590 1592 1595 1599 1604 1608 1613 1619 1625 1635 1644 1660 1670 1686 1728 1746 1770 1781 1785 1793 1800 1804 1813 1835 1877 1894 1898 1913 1917 1919 1923 1926 1929 1931 1933 1937 1942 1946 1954 1960 1972 1990 2003 2004 2013 2029 2039 2056 2069 2071 2075 2078 2081 2083 2085 2089 2094 2098 2106 2112 2115 2118 2120 2123 2125 2128 2136 2139 2142 2144 2147 2149 2152 2153 2156 2159 2162 2165 2170 2176 2182 2187 2195 2202 2214 2233 2246 2247 2256 2272 2282 2299 2300 2301 
CAd_fill: 0 1 2 5 8 10 14 20 25 30 33 36 39 41 44 46 53 57 60 63 65 68 70 73 75 78 81 83 87 93 99 104 110 118 123 126 129 131 135 140 145 151 157 160 163 167 172 176 179 183 187 193 198 202 206 211 217 222 232 246 250 255 261 265 269 274 280 287 291 295 300 302 305 309 314 320 323 328 334 340 344 350 356 360 363 367 372 375 378 382 387 392 396 402 408 412 417 428 433 437 442 448 452 458 462 467 471 475 480 486 496 501 503 505 508 510 513 521 525 529 534 541 555 569 589 603 626 630 633 636 640 643 647 652 660 664 667 672 678 682 687 693 701 705 711 726 736 752 757 759 761 763 765 767 770 772 774 776 779 782 786 791 794 798 802 805 808 810 814 821 826 831 835 837 840 845 849 853 856 858 860 864 870 873 874 876 879 880 883 887 890 893 897 901 907 911 915 919 922 926 937 940 942 945 950 954 958 961 963 965 969 975 978 979 981 984 985 987 989 991 993 995 998 1000 1002 1004 1007 1010 1014 1019 1022 1026 1030 1033 1036 1038 1042 1049 1054 1059 1063 1068 1074 1080 1083 1086 1090 1095 1099 1102 1106 1110 1116 1121 1125 1129 1134 1140 1145 1155 1169 1173 1178 1184 1188 1192 1197 1203 1210 1214 1218 1223 1225 1228 1232 1237 1243 1246 1251 1257 1263 1267 1273 1279 1283 1286 1290 1295 1298 1301 1305 1310 1315 1319 1325 1331 1335 1340 1351 1356 1360 1365 1371 1375 1381 1385 1390 1394 1398 1403 1409 1419 1424 1426 1428 1431 1433 1436 1444 1448 1452 1457 1464 1478 1492 1512 1526 1549 1553 1556 1559 1563 1566 1570 1575 1583 1587 1590 1592 1595 1600 1604 1609 1615 1621 1629 1639 1655 1665 1681 1722 1741 1766 1778 1784 1790 1797 1803 1810 1831 1874 1892 1895 1910 1914 1917 1920 1923 1926 1929 1931 1934 1938 1943 1950 1956 1966 1983 1997 2003 2009 2026 2037 2055 2066 2069 2072 2075 2078 2081 2083 2086 2090 2095 2102 2108 2112 2115 2118 2120 2123 2125 2132 2136 2139 2142 2144 2147 2149 2152 2154 2157 2160 2162 2166 2172 2178 2183 2189 2197 2208 2226 2240 2246 2252 2269 2280 2298 2299 2300 
div count is 948
ms count is 2369
div + ms count is 3317 the ideal cycle is 208
flops: 5686
SUCCESS: 初始化inst!
SUCCESS: 分配ocp!
SUCCESS: 分配ocp!
SUCCESS: Build Graph!
SUCCESS: Initialize waiting list!
SUCCESS: add ok to do list at time 0
SUCCESS: schedule at time0
SUCCESS: add waiting list
SUCCESS: add ok to do list at time 1
SUCCESS: schedule at time 1
newly_valid list is: 
SUCCESS: add waiting list
SUCCESS: add ok to do list at time 2
SUCCESS: schedule at time 2
newly_valid list is: 
SUCCESS: add waiting list
SUCCESS: add ok to do list at time 3
SUCCESS: schedule at time 3
newly_valid list is: 
SUCCESS: add waiting list
SUCCESS: add ok to do list at time 4
SUCCESS: schedule at time 4
newly_valid list is: 
SUCCESS: add waiting list
SUCCESS: add ok to do list at time 5
SUCCESS: schedule at time 5
newly_valid list is: 
SUCCESS: add waiting list
SUCCESS: add ok to do list at time 6
SUCCESS: schedule at time 6
newly_valid list is: 
SUCCESS: add waiting list
SUCCESS: add ok to do list at time 7
SUCCESS: schedule at time 7
newly_valid list is: 
SUCCESS: add waiting list
SUCCESS: add ok to do list at time 8
SUCCESS: schedule at time 8
newly_valid list is: 
SUCCESS: add waiting list
SUCCESS: add ok to do list at time 9
SUCCESS: schedule at time 9
newly_valid list is: 
SUCCESS: add waiting list
SUCCESS: add ok to do list at time 10
SUCCESS: schedule at time 10
newly_valid list is: 
SUCCESS: add waiting list
SUCCESS: add ok to do list at time 11
SUCCESS: schedule at time 11
newly_valid list is: 
SUCCESS: add waiting list
SUCCESS: add ok to do list at time 12
SUCCESS: schedule at time 12
newly_valid list is: 
SUCCESS: add waiting list
SUCCESS: add ok to do list at time 13
SUCCESS: schedule at time 13
newly_valid list is: 
SUCCESS: add waiting list
SUCCESS: add ok to do list at time 14
SUCCESS: schedule at time 14
newly_valid list is: 
SUCCESS: add waiting list
SUCCESS: add ok to do list at time 15
SUCCESS: schedule at time 15
newly_valid list is: 
SUCCESS: add waiting list
SUCCESS: add ok to do list at time 16
SUCCESS: schedule at time 16
newly_valid list is: 
SUCCESS: add waiting list
SUCCESS: add ok to do list at time 17
SUCCESS: schedule at time 17
newly_valid list is: 
SUCCESS: add waiting list
SUCCESS: add ok to do list at time 18
SUCCESS: schedule at time 18
newly_valid list is: 
SUCCESS: add waiting list
SUCCESS: add ok to do list at time 19
SUCCESS: schedule at time 19
newly_valid list is: 
SUCCESS: add waiting list
SUCCESS: add ok to do list at time 20
SUCCESS: schedule at time 20
newly_valid list is: 
SUCCESS: add waiting list
SUCCESS: add ok to do list at time 21
SUCCESS: schedule at time 21
newly_valid list is: 
SUCCESS: add waiting list
SUCCESS: add ok to do list at time 22
SUCCESS: schedule at time 22
newly_valid list is: 
SUCCESS: add waiting list
SUCCESS: add ok to do list at time 23
SUCCESS: schedule at time 23
newly_valid list is: 
SUCCESS: add waiting list
SUCCESS: add ok to do list at time 24
SUCCESS: schedule at time 24
newly_valid list is: 
SUCCESS: add waiting list
SUCCESS: add ok to do list at time 25
SUCCESS: schedule at time 25
newly_valid list is: 
SUCCESS: add waiting list
SUCCESS: add ok to do list at time 26
SUCCESS: schedule at time 26
newly_valid list is: 
SUCCESS: add waiting list
SUCCESS: add ok to do list at time 27
SUCCESS: schedule at time 27
newly_valid list is: 
SUCCESS: add waiting list
SUCCESS: add ok to do list at time 28
SUCCESS: schedule at time 28
newly_valid list is: 
SUCCESS: add waiting list
SUCCESS: add ok to do list at time 29
SUCCESS: schedule at time 29
newly_valid list is: 
SUCCESS: add waiting list
SUCCESS: add ok to do list at time 30
SUCCESS: schedule at time 30
newly_valid list is: 
SUCCESS: add waiting list
SUCCESS: add ok to do list at time 31
SUCCESS: schedule at time 31
newly_valid list is: 
SUCCESS: add waiting list
SUCCESS: add ok to do list at time 32
SUCCESS: schedule at time 32
newly_valid list is: 
SUCCESS: add waiting list
SUCCESS: add ok to do list at time 33
SUCCESS: schedule at time 33
newly_valid list is: 
SUCCESS: add waiting list
SUCCESS: add ok to do list at time 34
SUCCESS: schedule at time 34
newly_valid list is: 
SUCCESS: add waiting list
SUCCESS: add ok to do list at time 35
SUCCESS: schedule at time 35
newly_valid list is: 
SUCCESS: add waiting list
SUCCESS: add ok to do list at time 36
SUCCESS: schedule at time 36
newly_valid list is: 
SUCCESS: add waiting list
SUCCESS: add ok to do list at time 37
SUCCESS: schedule at time 37
newly_valid list is: 
SUCCESS: add waiting list
SUCCESS: add ok to do list at time 38
SUCCESS: schedule at time 38
newly_valid list is: 
SUCCESS: add waiting list
SUCCESS: add ok to do list at time 39
SUCCESS: schedule at time 39
newly_valid list is: 
SUCCESS: add waiting list
SUCCESS: add ok to do list at time 40
SUCCESS: schedule at time 40
newly_valid list is: 
SUCCESS: add waiting list
SUCCESS: add ok to do list at time 41
SUCCESS: schedule at time 41
newly_valid list is: 
SUCCESS: add waiting list
SUCCESS: add ok to do list at time 42
SUCCESS: schedule at time 42
newly_valid list is: 
SUCCESS: add waiting list
SUCCESS: add ok to do list at time 43
SUCCESS: schedule at time 43
newly_valid list is: 
SUCCESS: add waiting list
SUCCESS: add ok to do list at time 44
SUCCESS: schedule at time 44
newly_valid list is: 
SUCCESS: add waiting list
SUCCESS: add ok to do list at time 45
SUCCESS: schedule at time 45
newly_valid list is: 
SUCCESS: add waiting list
SUCCESS: add ok to do list at time 46
SUCCESS: schedule at time 46
newly_valid list is: 
SUCCESS: add waiting list
SUCCESS: add ok to do list at time 47
SUCCESS: schedule at time 47
newly_valid list is: 
SUCCESS: add waiting list
SUCCESS: add ok to do list at time 48
SUCCESS: schedule at time 48
newly_valid list is: 
SUCCESS: add waiting list
SUCCESS: add ok to do list at time 49
SUCCESS: schedule at time 49
newly_valid list is: 
SUCCESS: add waiting list
SUCCESS: add ok to do list at time 50
SUCCESS: schedule at time 50
newly_valid list is: 
SUCCESS: add waiting list
SUCCESS: add ok to do list at time 51
SUCCESS: schedule at time 51
newly_valid list is: 
SUCCESS: add waiting list
SUCCESS: add ok to do list at time 52
SUCCESS: schedule at time 52
newly_valid list is: 
SUCCESS: add waiting list
SUCCESS: add ok to do list at time 53
SUCCESS: schedule at time 53
newly_valid list is: 
SUCCESS: add waiting list
SUCCESS: add ok to do list at time 54
SUCCESS: schedule at time 54
newly_valid list is: 
SUCCESS: add waiting list
SUCCESS: add ok to do list at time 55
SUCCESS: schedule at time 55
newly_valid list is: 
SUCCESS: add waiting list
SUCCESS: add ok to do list at time 56
SUCCESS: schedule at time 56
newly_valid list is: 
SUCCESS: add waiting list
SUCCESS: add ok to do list at time 57
SUCCESS: schedule at time 57
newly_valid list is: 
SUCCESS: add waiting list
SUCCESS: add ok to do list at time 58
SUCCESS: schedule at time 58
newly_valid list is: 
SUCCESS: add waiting list
SUCCESS: add ok to do list at time 59
SUCCESS: schedule at time 59
newly_valid list is: 
SUCCESS: add waiting list
SUCCESS: add ok to do list at time 60
SUCCESS: schedule at time 60
newly_valid list is: 
SUCCESS: add waiting list
SUCCESS: add ok to do list at time 61
SUCCESS: schedule at time 61
newly_valid list is: 
SUCCESS: add waiting list
SUCCESS: add ok to do list at time 62
SUCCESS: schedule at time 62
newly_valid list is: 
SUCCESS: add waiting list
SUCCESS: add ok to do list at time 63
SUCCESS: schedule at time 63
newly_valid list is: 
SUCCESS: add waiting list
SUCCESS: add ok to do list at time 64
SUCCESS: schedule at time 64
newly_valid list is: 
SUCCESS: add waiting list
SUCCESS: add ok to do list at time 65
SUCCESS: schedule at time 65
newly_valid list is: 
SUCCESS: add waiting list
SUCCESS: add ok to do list at time 66
SUCCESS: schedule at time 66
newly_valid list is: 
SUCCESS: add waiting list
SUCCESS: add ok to do list at time 67
SUCCESS: schedule at time 67
newly_valid list is: 
SUCCESS: add waiting list
SUCCESS: add ok to do list at time 68
SUCCESS: schedule at time 68
newly_valid list is: 
SUCCESS: add waiting list
SUCCESS: add ok to do list at time 69
SUCCESS: schedule at time 69
newly_valid list is: 
SUCCESS: add waiting list
SUCCESS: add ok to do list at time 70
SUCCESS: schedule at time 70
newly_valid list is: 
SUCCESS: add waiting list
SUCCESS: add ok to do list at time 71
SUCCESS: schedule at time 71
newly_valid list is: 
SUCCESS: add waiting list
SUCCESS: add ok to do list at time 72
SUCCESS: schedule at time 72
newly_valid list is: 
SUCCESS: add waiting list
SUCCESS: add ok to do list at time 73
SUCCESS: schedule at time 73
newly_valid list is: 
SUCCESS: add waiting list
SUCCESS: add ok to do list at time 74
SUCCESS: schedule at time 74
newly_valid list is: 
SUCCESS: add waiting list
SUCCESS: add ok to do list at time 75
SUCCESS: schedule at time 75
newly_valid list is: 
SUCCESS: add waiting list
SUCCESS: add ok to do list at time 76
SUCCESS: schedule at time 76
newly_valid list is: 
SUCCESS: add waiting list
SUCCESS: add ok to do list at time 77
SUCCESS: schedule at time 77
newly_valid list is: 
SUCCESS: add waiting list
SUCCESS: add ok to do list at time 78
SUCCESS: schedule at time 78
newly_valid list is: 
SUCCESS: add waiting list
SUCCESS: add ok to do list at time 79
SUCCESS: schedule at time 79
newly_valid list is: 
SUCCESS: add waiting list
SUCCESS: add ok to do list at time 80
SUCCESS: schedule at time 80
newly_valid list is: 
SUCCESS: add waiting list
SUCCESS: add ok to do list at time 81
SUCCESS: schedule at time 81
newly_valid list is: 
SUCCESS: add waiting list
SUCCESS: add ok to do list at time 82
SUCCESS: schedule at time 82
newly_valid list is: 
SUCCESS: add waiting list
SUCCESS: add ok to do list at time 83
SUCCESS: schedule at time 83
newly_valid list is: 
SUCCESS: add waiting list
SUCCESS: add ok to do list at time 84
SUCCESS: schedule at time 84
newly_valid list is: 
SUCCESS: add waiting list
SUCCESS: add ok to do list at time 85
SUCCESS: schedule at time 85
newly_valid list is: 
SUCCESS: add waiting list
SUCCESS: add ok to do list at time 86
SUCCESS: schedule at time 86
newly_valid list is: 
SUCCESS: add waiting list
SUCCESS: add ok to do list at time 87
SUCCESS: schedule at time 87
newly_valid list is: 
SUCCESS: add waiting list
SUCCESS: add ok to do list at time 88
SUCCESS: schedule at time 88
newly_valid list is: 
SUCCESS: add waiting list
SUCCESS: add ok to do list at time 89
SUCCESS: schedule at time 89
newly_valid list is: 
SUCCESS: add waiting list
SUCCESS: add ok to do list at time 90
SUCCESS: schedule at time 90
newly_valid list is: 
SUCCESS: add waiting list
SUCCESS: add ok to do list at time 91
SUCCESS: schedule at time 91
newly_valid list is: 
SUCCESS: add waiting list
SUCCESS: add ok to do list at time 92
SUCCESS: schedule at time 92
newly_valid list is: 
SUCCESS: add waiting list
SUCCESS: add ok to do list at time 93
SUCCESS: schedule at time 93
newly_valid list is: 
SUCCESS: add waiting list
SUCCESS: add ok to do list at time 94
SUCCESS: schedule at time 94
newly_valid list is: 
SUCCESS: add waiting list
SUCCESS: add ok to do list at time 95
SUCCESS: schedule at time 95
newly_valid list is: 
SUCCESS: add waiting list
SUCCESS: add ok to do list at time 96
SUCCESS: schedule at time 96
newly_valid list is: 
SUCCESS: add waiting list
SUCCESS: add ok to do list at time 97
SUCCESS: schedule at time 97
newly_valid list is: 
SUCCESS: add waiting list
SUCCESS: add ok to do list at time 98
SUCCESS: schedule at time 98
newly_valid list is: 
SUCCESS: add waiting list
SUCCESS: add ok to do list at time 99
SUCCESS: schedule at time 99
newly_valid list is: 
SUCCESS: add waiting list
SUCCESS: add ok to do list at time 100
SUCCESS: schedule at time 100
newly_valid list is: 
SUCCESS: add waiting list
SUCCESS: add ok to do list at time 101
SUCCESS: schedule at time 101
newly_valid list is: 
SUCCESS: add waiting list
SUCCESS: add ok to do list at time 102
SUCCESS: schedule at time 102
newly_valid list is: 
SUCCESS: add waiting list
SUCCESS: add ok to do list at time 103
SUCCESS: schedule at time 103
newly_valid list is: 
SUCCESS: add waiting list
SUCCESS: add ok to do list at time 104
SUCCESS: schedule at time 104
newly_valid list is: 
SUCCESS: add waiting list
SUCCESS: add ok to do list at time 105
SUCCESS: schedule at time 105
newly_valid list is: 
SUCCESS: add waiting list
SUCCESS: add ok to do list at time 106
SUCCESS: schedule at time 106
newly_valid list is: 
SUCCESS: add waiting list
SUCCESS: add ok to do list at time 107
SUCCESS: schedule at time 107
newly_valid list is: 
SUCCESS: add waiting list
SUCCESS: add ok to do list at time 108
SUCCESS: schedule at time 108
newly_valid list is: 
SUCCESS: add waiting list
SUCCESS: add ok to do list at time 109
SUCCESS: schedule at time 109
newly_valid list is: 
SUCCESS: add waiting list
SUCCESS: add ok to do list at time 110
SUCCESS: schedule at time 110
newly_valid list is: 
SUCCESS: add waiting list
SUCCESS: add ok to do list at time 111
SUCCESS: schedule at time 111
newly_valid list is: 
SUCCESS: add waiting list
SUCCESS: add ok to do list at time 112
SUCCESS: schedule at time 112
newly_valid list is: 
SUCCESS: add waiting list
SUCCESS: add ok to do list at time 113
SUCCESS: schedule at time 113
newly_valid list is: 
SUCCESS: add waiting list
SUCCESS: add ok to do list at time 114
SUCCESS: schedule at time 114
newly_valid list is: 
SUCCESS: add waiting list
SUCCESS: add ok to do list at time 115
SUCCESS: schedule at time 115
newly_valid list is: 
SUCCESS: add waiting list
SUCCESS: add ok to do list at time 116
SUCCESS: schedule at time 116
newly_valid list is: 
SUCCESS: add waiting list
SUCCESS: add ok to do list at time 117
SUCCESS: schedule at time 117
newly_valid list is: 
SUCCESS: add waiting list
SUCCESS: add ok to do list at time 118
SUCCESS: schedule at time 118
newly_valid list is: 
SUCCESS: add waiting list
SUCCESS: add ok to do list at time 119
SUCCESS: schedule at time 119
newly_valid list is: 
SUCCESS: add waiting list
SUCCESS: add ok to do list at time 120
SUCCESS: schedule at time 120
newly_valid list is: 
SUCCESS: add waiting list
SUCCESS: add ok to do list at time 121
SUCCESS: schedule at time 121
newly_valid list is: 
SUCCESS: add waiting list
SUCCESS: add ok to do list at time 122
SUCCESS: schedule at time 122
newly_valid list is: 
SUCCESS: add waiting list
SUCCESS: add ok to do list at time 123
SUCCESS: schedule at time 123
newly_valid list is: 
SUCCESS: add waiting list
SUCCESS: add ok to do list at time 124
SUCCESS: schedule at time 124
newly_valid list is: 
SUCCESS: add waiting list
SUCCESS: add ok to do list at time 125
SUCCESS: schedule at time 125
newly_valid list is: 
SUCCESS: add waiting list
SUCCESS: add ok to do list at time 126
SUCCESS: schedule at time 126
newly_valid list is: 
SUCCESS: add waiting list
SUCCESS: add ok to do list at time 127
SUCCESS: schedule at time 127
newly_valid list is: 
SUCCESS: add waiting list
SUCCESS: add ok to do list at time 128
SUCCESS: schedule at time 128
newly_valid list is: 
SUCCESS: add waiting list
SUCCESS: add ok to do list at time 129
SUCCESS: schedule at time 129
newly_valid list is: 
SUCCESS: add waiting list
SUCCESS: add ok to do list at time 130
SUCCESS: schedule at time 130
newly_valid list is: 
SUCCESS: add waiting list
SUCCESS: add ok to do list at time 131
SUCCESS: schedule at time 131
newly_valid list is: 
SUCCESS: add waiting list
SUCCESS: add ok to do list at time 132
SUCCESS: schedule at time 132
newly_valid list is: 
SUCCESS: add waiting list
SUCCESS: add ok to do list at time 133
SUCCESS: schedule at time 133
newly_valid list is: 
SUCCESS: add waiting list
SUCCESS: add ok to do list at time 134
SUCCESS: schedule at time 134
newly_valid list is: 
SUCCESS: add waiting list
SUCCESS: add ok to do list at time 135
SUCCESS: schedule at time 135
newly_valid list is: 
SUCCESS: add waiting list
SUCCESS: add ok to do list at time 136
SUCCESS: schedule at time 136
newly_valid list is: 
SUCCESS: add waiting list
SUCCESS: add ok to do list at time 137
SUCCESS: schedule at time 137
newly_valid list is: 
SUCCESS: add waiting list
SUCCESS: add ok to do list at time 138
SUCCESS: schedule at time 138
newly_valid list is: 
SUCCESS: add waiting list
SUCCESS: add ok to do list at time 139
SUCCESS: schedule at time 139
newly_valid list is: 
SUCCESS: add waiting list
SUCCESS: add ok to do list at time 140
SUCCESS: schedule at time 140
newly_valid list is: 
SUCCESS: add waiting list
SUCCESS: add ok to do list at time 141
SUCCESS: schedule at time 141
newly_valid list is: 
SUCCESS: add waiting list
SUCCESS: add ok to do list at time 142
SUCCESS: schedule at time 142
newly_valid list is: 
SUCCESS: add waiting list
SUCCESS: add ok to do list at time 143
SUCCESS: schedule at time 143
newly_valid list is: 
SUCCESS: add waiting list
SUCCESS: add ok to do list at time 144
SUCCESS: schedule at time 144
newly_valid list is: 
SUCCESS: add waiting list
SUCCESS: add ok to do list at time 145
SUCCESS: schedule at time 145
newly_valid list is: 
SUCCESS: add waiting list
SUCCESS: add ok to do list at time 146
SUCCESS: schedule at time 146
newly_valid list is: 
SUCCESS: add waiting list
SUCCESS: add ok to do list at time 147
SUCCESS: schedule at time 147
newly_valid list is: 
SUCCESS: add waiting list
SUCCESS: add ok to do list at time 148
SUCCESS: schedule at time 148
newly_valid list is: 
SUCCESS: add waiting list
SUCCESS: add ok to do list at time 149
SUCCESS: schedule at time 149
newly_valid list is: 
SUCCESS: add waiting list
SUCCESS: add ok to do list at time 150
SUCCESS: schedule at time 150
newly_valid list is: 
SUCCESS: add waiting list
SUCCESS: add ok to do list at time 151
SUCCESS: schedule at time 151
newly_valid list is: 
SUCCESS: add waiting list
SUCCESS: add ok to do list at time 152
SUCCESS: schedule at time 152
newly_valid list is: 
SUCCESS: add waiting list
SUCCESS: add ok to do list at time 153
SUCCESS: schedule at time 153
newly_valid list is: 
SUCCESS: add waiting list
SUCCESS: add ok to do list at time 154
SUCCESS: schedule at time 154
newly_valid list is: 
SUCCESS: add waiting list
SUCCESS: add ok to do list at time 155
SUCCESS: schedule at time 155
newly_valid list is: 
SUCCESS: add waiting list
SUCCESS: add ok to do list at time 156
SUCCESS: schedule at time 156
newly_valid list is: 
SUCCESS: add waiting list
SUCCESS: add ok to do list at time 157
SUCCESS: schedule at time 157
newly_valid list is: 
SUCCESS: add waiting list
SUCCESS: add ok to do list at time 158
SUCCESS: schedule at time 158
newly_valid list is: 
SUCCESS: add waiting list
SUCCESS: add ok to do list at time 159
SUCCESS: schedule at time 159
newly_valid list is: 
SUCCESS: add waiting list
SUCCESS: add ok to do list at time 160
SUCCESS: schedule at time 160
newly_valid list is: 
SUCCESS: add waiting list
SUCCESS: add ok to do list at time 161
SUCCESS: schedule at time 161
newly_valid list is: 
SUCCESS: add waiting list
SUCCESS: add ok to do list at time 162
SUCCESS: schedule at time 162
newly_valid list is: 
SUCCESS: add waiting list
SUCCESS: add ok to do list at time 163
SUCCESS: schedule at time 163
newly_valid list is: 
SUCCESS: add waiting list
SUCCESS: add ok to do list at time 164
SUCCESS: schedule at time 164
newly_valid list is: 
SUCCESS: add waiting list
SUCCESS: add ok to do list at time 165
SUCCESS: schedule at time 165
newly_valid list is: 
SUCCESS: add waiting list
SUCCESS: add ok to do list at time 166
SUCCESS: schedule at time 166
newly_valid list is: 
SUCCESS: add waiting list
SUCCESS: add ok to do list at time 167
SUCCESS: schedule at time 167
newly_valid list is: 
SUCCESS: add waiting list
SUCCESS: add ok to do list at time 168
SUCCESS: schedule at time 168
newly_valid list is: 
SUCCESS: add waiting list
SUCCESS: add ok to do list at time 169
SUCCESS: schedule at time 169
newly_valid list is: 
SUCCESS: add waiting list
SUCCESS: add ok to do list at time 170
SUCCESS: schedule at time 170
newly_valid list is: 
SUCCESS: add waiting list
SUCCESS: add ok to do list at time 171
SUCCESS: schedule at time 171
newly_valid list is: 
SUCCESS: add waiting list
SUCCESS: add ok to do list at time 172
SUCCESS: schedule at time 172
newly_valid list is: 
SUCCESS: add waiting list
SUCCESS: add ok to do list at time 173
SUCCESS: schedule at time 173
newly_valid list is: 
SUCCESS: add waiting list
SUCCESS: add ok to do list at time 174
SUCCESS: schedule at time 174
newly_valid list is: 
SUCCESS: add waiting list
SUCCESS: add ok to do list at time 175
SUCCESS: schedule at time 175
newly_valid list is: 
SUCCESS: add waiting list
SUCCESS: add ok to do list at time 176
SUCCESS: schedule at time 176
newly_valid list is: 
SUCCESS: add waiting list
SUCCESS: add ok to do list at time 177
SUCCESS: schedule at time 177
newly_valid list is: 
SUCCESS: add waiting list
SUCCESS: add ok to do list at time 178
SUCCESS: schedule at time 178
newly_valid list is: 
SUCCESS: add waiting list
SUCCESS: add ok to do list at time 179
SUCCESS: schedule at time 179
newly_valid list is: 
SUCCESS: add waiting list
SUCCESS: add ok to do list at time 180
SUCCESS: schedule at time 180
newly_valid list is: 
SUCCESS: add waiting list
SUCCESS: add ok to do list at time 181
SUCCESS: schedule at time 181
newly_valid list is: 
SUCCESS: add waiting list
SUCCESS: add ok to do list at time 182
SUCCESS: schedule at time 182
newly_valid list is: 
SUCCESS: add waiting list
SUCCESS: add ok to do list at time 183
SUCCESS: schedule at time 183
newly_valid list is: 
SUCCESS: add waiting list
SUCCESS: add ok to do list at time 184
SUCCESS: schedule at time 184
newly_valid list is: 
SUCCESS: add waiting list
SUCCESS: add ok to do list at time 185
SUCCESS: schedule at time 185
newly_valid list is: 
SUCCESS: add waiting list
SUCCESS: add ok to do list at time 186
SUCCESS: schedule at time 186
newly_valid list is: 
SUCCESS: add waiting list
SUCCESS: add ok to do list at time 187
SUCCESS: schedule at time 187
newly_valid list is: 
SUCCESS: add waiting list
SUCCESS: add ok to do list at time 188
SUCCESS: schedule at time 188
newly_valid list is: 
SUCCESS: add waiting list
SUCCESS: add ok to do list at time 189
SUCCESS: schedule at time 189
newly_valid list is: 
SUCCESS: add waiting list
SUCCESS: add ok to do list at time 190
SUCCESS: schedule at time 190
newly_valid list is: 
SUCCESS: add waiting list
SUCCESS: add ok to do list at time 191
SUCCESS: schedule at time 191
newly_valid list is: 
SUCCESS: add waiting list
SUCCESS: add ok to do list at time 192
SUCCESS: schedule at time 192
newly_valid list is: 
SUCCESS: add waiting list
SUCCESS: add ok to do list at time 193
SUCCESS: schedule at time 193
newly_valid list is: 
SUCCESS: add waiting list
SUCCESS: add ok to do list at time 194
SUCCESS: schedule at time 194
newly_valid list is: 
SUCCESS: add waiting list
SUCCESS: add ok to do list at time 195
SUCCESS: schedule at time 195
newly_valid list is: 
SUCCESS: add waiting list
SUCCESS: add ok to do list at time 196
SUCCESS: schedule at time 196
newly_valid list is: 
SUCCESS: add waiting list
SUCCESS: add ok to do list at time 197
SUCCESS: schedule at time 197
newly_valid list is: 
SUCCESS: add waiting list
SUCCESS: add ok to do list at time 198
SUCCESS: schedule at time 198
newly_valid list is: 
SUCCESS: add waiting list
SUCCESS: add ok to do list at time 199
SUCCESS: schedule at time 199
newly_valid list is: 
SUCCESS: add waiting list
SUCCESS: add ok to do list at time 200
SUCCESS: schedule at time 200
newly_valid list is: 
SUCCESS: add waiting list
SUCCESS: add ok to do list at time 201
SUCCESS: schedule at time 201
newly_valid list is: 
SUCCESS: add waiting list
SUCCESS: add ok to do list at time 202
SUCCESS: schedule at time 202
newly_valid list is: 
SUCCESS: add waiting list
SUCCESS: add ok to do list at time 203
SUCCESS: schedule at time 203
newly_valid list is: 
SUCCESS: add waiting list
SUCCESS: add ok to do list at time 204
SUCCESS: schedule at time 204
newly_valid list is: 
SUCCESS: add waiting list
SUCCESS: add ok to do list at time 205
SUCCESS: schedule at time 205
newly_valid list is: 
SUCCESS: add waiting list
SUCCESS: add ok to do list at time 206
SUCCESS: schedule at time 206
newly_valid list is: 
SUCCESS: add waiting list
SUCCESS: add ok to do list at time 207
SUCCESS: schedule at time 207
newly_valid list is: 
SUCCESS: add waiting list
SUCCESS: add ok to do list at time 208
SUCCESS: schedule at time 208
newly_valid list is: 
SUCCESS: add waiting list
SUCCESS: add ok to do list at time 209
SUCCESS: schedule at time 209
newly_valid list is: 
SUCCESS: add waiting list
SUCCESS: add ok to do list at time 210
SUCCESS: schedule at time 210
newly_valid list is: 
SUCCESS: add waiting list
SUCCESS: add ok to do list at time 211
SUCCESS: schedule at time 211
newly_valid list is: 
SUCCESS: add waiting list
SUCCESS: add ok to do list at time 212
SUCCESS: schedule at time 212
newly_valid list is: 
SUCCESS: add waiting list
SUCCESS: add ok to do list at time 213
SUCCESS: schedule at time 213
newly_valid list is: 
SUCCESS: add waiting list
SUCCESS: add ok to do list at time 214
SUCCESS: schedule at time 214
newly_valid list is: 
SUCCESS: add waiting list
SUCCESS: add ok to do list at time 215
SUCCESS: schedule at time 215
newly_valid list is: 
SUCCESS: add waiting list
SUCCESS: add ok to do list at time 216
SUCCESS: schedule at time 216
newly_valid list is: 
SUCCESS: add waiting list
SUCCESS: add ok to do list at time 217
SUCCESS: schedule at time 217
newly_valid list is: 
SUCCESS: add waiting list
SUCCESS: add ok to do list at time 218
SUCCESS: schedule at time 218
newly_valid list is: 
SUCCESS: add waiting list
SUCCESS: add ok to do list at time 219
SUCCESS: schedule at time 219
newly_valid list is: 
SUCCESS: add waiting list
SUCCESS: add ok to do list at time 220
SUCCESS: schedule at time 220
newly_valid list is: 
SUCCESS: add waiting list
SUCCESS: add ok to do list at time 221
SUCCESS: schedule at time 221
newly_valid list is: 
SUCCESS: add waiting list
SUCCESS: add ok to do list at time 222
SUCCESS: schedule at time 222
newly_valid list is: 
SUCCESS: add waiting list
SUCCESS: add ok to do list at time 223
SUCCESS: schedule at time 223
newly_valid list is: 
SUCCESS: add waiting list
SUCCESS: add ok to do list at time 224
SUCCESS: schedule at time 224
newly_valid list is: 
SUCCESS: add waiting list
SUCCESS: add ok to do list at time 225
SUCCESS: schedule at time 225
newly_valid list is: 
SUCCESS: add waiting list
SUCCESS: add ok to do list at time 226
SUCCESS: schedule at time 226
newly_valid list is: 
SUCCESS: add waiting list
SUCCESS: add ok to do list at time 227
SUCCESS: schedule at time 227
newly_valid list is: 
SUCCESS: add waiting list
SUCCESS: add ok to do list at time 228
SUCCESS: schedule at time 228
newly_valid list is: 
SUCCESS: add waiting list
SUCCESS: add ok to do list at time 229
SUCCESS: schedule at time 229
newly_valid list is: 
SUCCESS: add waiting list
SUCCESS: add ok to do list at time 230
SUCCESS: schedule at time 230
newly_valid list is: 
SUCCESS: add waiting list
SUCCESS: add ok to do list at time 231
SUCCESS: schedule at time 231
newly_valid list is: 
SUCCESS: add waiting list
SUCCESS: add ok to do list at time 232
SUCCESS: schedule at time 232
newly_valid list is: 
SUCCESS: add waiting list
SUCCESS: add ok to do list at time 233
SUCCESS: schedule at time 233
newly_valid list is: 
SUCCESS: add waiting list
SUCCESS: add ok to do list at time 234
SUCCESS: schedule at time 234
newly_valid list is: 
SUCCESS: add waiting list
SUCCESS: add ok to do list at time 235
SUCCESS: schedule at time 235
newly_valid list is: 
SUCCESS: add waiting list
SUCCESS: add ok to do list at time 236
SUCCESS: schedule at time 236
newly_valid list is: 
SUCCESS: add waiting list
SUCCESS: add ok to do list at time 237
SUCCESS: schedule at time 237
newly_valid list is: 
SUCCESS: add waiting list
SUCCESS: add ok to do list at time 238
SUCCESS: schedule at time 238
newly_valid list is: 
SUCCESS: add waiting list
SUCCESS: add ok to do list at time 239
SUCCESS: schedule at time 239
newly_valid list is: 
SUCCESS: add waiting list
SUCCESS: add ok to do list at time 240
SUCCESS: schedule at time 240
newly_valid list is: 
SUCCESS: add waiting list
SUCCESS: add ok to do list at time 241
SUCCESS: schedule at time 241
newly_valid list is: 
SUCCESS: add waiting list
SUCCESS: add ok to do list at time 242
SUCCESS: schedule at time 242
newly_valid list is: 
SUCCESS: add waiting list
SUCCESS: add ok to do list at time 243
SUCCESS: schedule at time 243
newly_valid list is: 
SUCCESS: add waiting list
SUCCESS: add ok to do list at time 244
SUCCESS: schedule at time 244
newly_valid list is: 
SUCCESS: add waiting list
SUCCESS: add ok to do list at time 245
SUCCESS: schedule at time 245
newly_valid list is: 
SUCCESS: add waiting list
SUCCESS: add ok to do list at time 246
SUCCESS: schedule at time 246
newly_valid list is: 
SUCCESS: add waiting list
SUCCESS: add ok to do list at time 247
SUCCESS: schedule at time 247
newly_valid list is: 
SUCCESS: add waiting list
SUCCESS: add ok to do list at time 248
SUCCESS: schedule at time 248
newly_valid list is: 
SUCCESS: add waiting list
SUCCESS: add ok to do list at time 249
SUCCESS: schedule at time 249
newly_valid list is: 
SUCCESS: add waiting list
SUCCESS: add ok to do list at time 250
SUCCESS: schedule at time 250
newly_valid list is: 
SUCCESS: add waiting list
SUCCESS: add ok to do list at time 251
SUCCESS: schedule at time 251
newly_valid list is: 
SUCCESS: add waiting list
SUCCESS: add ok to do list at time 252
SUCCESS: schedule at time 252
newly_valid list is: 
SUCCESS: add waiting list
SUCCESS: add ok to do list at time 253
SUCCESS: schedule at time 253
newly_valid list is: 
SUCCESS: add waiting list
SUCCESS: add ok to do list at time 254
SUCCESS: schedule at time 254
newly_valid list is: 
SUCCESS: add waiting list
SUCCESS: add ok to do list at time 255
SUCCESS: schedule at time 255
newly_valid list is: 
SUCCESS: add waiting list
SUCCESS: add ok to do list at time 256
SUCCESS: schedule at time 256
newly_valid list is: 
SUCCESS: add waiting list
SUCCESS: add ok to do list at time 257
SUCCESS: schedule at time 257
newly_valid list is: 
SUCCESS: add waiting list
SUCCESS: add ok to do list at time 258
SUCCESS: schedule at time 258
newly_valid list is: 
SUCCESS: add waiting list
SUCCESS: add ok to do list at time 259
SUCCESS: schedule at time 259
newly_valid list is: 
SUCCESS: add waiting list
SUCCESS: add ok to do list at time 260
SUCCESS: schedule at time 260
newly_valid list is: 
SUCCESS: add waiting list
SUCCESS: add ok to do list at time 261
SUCCESS: schedule at time 261
newly_valid list is: 
SUCCESS: add waiting list
SUCCESS: add ok to do list at time 262
SUCCESS: schedule at time 262
newly_valid list is: 
SUCCESS: add waiting list
SUCCESS: add ok to do list at time 263
SUCCESS: schedule at time 263
newly_valid list is: 
SUCCESS: add waiting list
SUCCESS: add ok to do list at time 264
SUCCESS: schedule at time 264
newly_valid list is: 
SUCCESS: add waiting list
SUCCESS: add ok to do list at time 265
SUCCESS: schedule at time 265
newly_valid list is: 
SUCCESS: add waiting list
SUCCESS: add ok to do list at time 266
SUCCESS: schedule at time 266
newly_valid list is: 
SUCCESS: add waiting list
SUCCESS: add ok to do list at time 267
SUCCESS: schedule at time 267
newly_valid list is: 
SUCCESS: add waiting list
SUCCESS: add ok to do list at time 268
SUCCESS: schedule at time 268
newly_valid list is: 
SUCCESS: add waiting list
SUCCESS: add ok to do list at time 269
SUCCESS: schedule at time 269
newly_valid list is: 
SUCCESS: add waiting list
SUCCESS: add ok to do list at time 270
SUCCESS: schedule at time 270
newly_valid list is: 
SUCCESS: add waiting list
SUCCESS: add ok to do list at time 271
SUCCESS: schedule at time 271
newly_valid list is: 
SUCCESS: add waiting list
SUCCESS: add ok to do list at time 272
SUCCESS: schedule at time 272
newly_valid list is: 
SUCCESS: add waiting list
SUCCESS: add ok to do list at time 273
SUCCESS: schedule at time 273
newly_valid list is: 
SUCCESS: add waiting list
SUCCESS: add ok to do list at time 274
SUCCESS: schedule at time 274
newly_valid list is: 
SUCCESS: add waiting list
SUCCESS: add ok to do list at time 275
SUCCESS: schedule at time 275
newly_valid list is: 
SUCCESS: add waiting list
SUCCESS: add ok to do list at time 276
SUCCESS: schedule at time 276
newly_valid list is: 
SUCCESS: add waiting list
SUCCESS: add ok to do list at time 277
SUCCESS: schedule at time 277
newly_valid list is: 
SUCCESS: add waiting list
SUCCESS: add ok to do list at time 278
SUCCESS: schedule at time 278
newly_valid list is: 
SUCCESS: add waiting list
SUCCESS: add ok to do list at time 279
SUCCESS: schedule at time 279
newly_valid list is: 
SUCCESS: add waiting list
SUCCESS: add ok to do list at time 280
SUCCESS: schedule at time 280
newly_valid list is: 
SUCCESS: add waiting list
SUCCESS: add ok to do list at time 281
SUCCESS: schedule at time 281
newly_valid list is: 
SUCCESS: add waiting list
SUCCESS: add ok to do list at time 282
SUCCESS: schedule at time 282
newly_valid list is: 
SUCCESS: add waiting list
SUCCESS: add ok to do list at time 283
SUCCESS: schedule at time 283
newly_valid list is: 
SUCCESS: add waiting list
SUCCESS: add ok to do list at time 284
SUCCESS: schedule at time 284
newly_valid list is: 
SUCCESS: add waiting list
SUCCESS: add ok to do list at time 285
SUCCESS: schedule at time 285
newly_valid list is: 
SUCCESS: add waiting list
SUCCESS: add ok to do list at time 286
SUCCESS: schedule at time 286
newly_valid list is: 
SUCCESS: add waiting list
SUCCESS: add ok to do list at time 287
SUCCESS: schedule at time 287
newly_valid list is: 
SUCCESS: add waiting list
SUCCESS: add ok to do list at time 288
SUCCESS: schedule at time 288
newly_valid list is: 
SUCCESS: add waiting list
SUCCESS: add ok to do list at time 289
SUCCESS: schedule at time 289
newly_valid list is: 
SUCCESS: add waiting list
SUCCESS: add ok to do list at time 290
SUCCESS: schedule at time 290
newly_valid list is: 
SUCCESS: add waiting list
SUCCESS: add ok to do list at time 291
SUCCESS: schedule at time 291
newly_valid list is: 
SUCCESS: add waiting list
SUCCESS: add ok to do list at time 292
SUCCESS: schedule at time 292
newly_valid list is: 
SUCCESS: add waiting list
SUCCESS: add ok to do list at time 293
SUCCESS: schedule at time 293
newly_valid list is: 
SUCCESS: add waiting list
SUCCESS: add ok to do list at time 294
SUCCESS: schedule at time 294
newly_valid list is: 
SUCCESS: add waiting list
SUCCESS: add ok to do list at time 295
SUCCESS: schedule at time 295
newly_valid list is: 
SUCCESS: add waiting list
SUCCESS: add ok to do list at time 296
SUCCESS: schedule at time 296
newly_valid list is: 
SUCCESS: add waiting list
SUCCESS: add ok to do list at time 297
SUCCESS: schedule at time 297
newly_valid list is: 
SUCCESS: add waiting list
SUCCESS: add ok to do list at time 298
SUCCESS: schedule at time 298
newly_valid list is: 
SUCCESS: add waiting list
SUCCESS: add ok to do list at time 299
SUCCESS: schedule at time 299
newly_valid list is: 
SUCCESS: add waiting list
SUCCESS: add ok to do list at time 300
SUCCESS: schedule at time 300
newly_valid list is: 
SUCCESS: add waiting list
SUCCESS: add ok to do list at time 301
SUCCESS: schedule at time 301
newly_valid list is: 
SUCCESS: add waiting list
SUCCESS: add ok to do list at time 302
SUCCESS: schedule at time 302
newly_valid list is: 
SUCCESS: add waiting list
SUCCESS: add ok to do list at time 303
SUCCESS: schedule at time 303
newly_valid list is: 
SUCCESS: add waiting list
SUCCESS: add ok to do list at time 304
SUCCESS: schedule at time 304
newly_valid list is: 
SUCCESS: add waiting list
SUCCESS: add ok to do list at time 305
SUCCESS: schedule at time 305
newly_valid list is: 
SUCCESS: add waiting list
SUCCESS: add ok to do list at time 306
SUCCESS: schedule at time 306
newly_valid list is: 
SUCCESS: add waiting list
SUCCESS: add ok to do list at time 307
SUCCESS: schedule at time 307
newly_valid list is: 
SUCCESS: add waiting list
SUCCESS: add ok to do list at time 308
SUCCESS: schedule at time 308
newly_valid list is: 
SUCCESS: add waiting list
SUCCESS: add ok to do list at time 309
SUCCESS: schedule at time 309
newly_valid list is: 
SUCCESS: add waiting list
SUCCESS: add ok to do list at time 310
SUCCESS: schedule at time 310
newly_valid list is: 
SUCCESS: add waiting list
SUCCESS: add ok to do list at time 311
SUCCESS: schedule at time 311
newly_valid list is: 
SUCCESS: add waiting list
SUCCESS: add ok to do list at time 312
SUCCESS: schedule at time 312
newly_valid list is: 
SUCCESS: add waiting list
SUCCESS: add ok to do list at time 313
SUCCESS: schedule at time 313
newly_valid list is: 
SUCCESS: add waiting list
SUCCESS: add ok to do list at time 314
SUCCESS: schedule at time 314
newly_valid list is: 
SUCCESS: add waiting list
SUCCESS: add ok to do list at time 315
SUCCESS: schedule at time 315
newly_valid list is: 
SUCCESS: add waiting list
SUCCESS: add ok to do list at time 316
SUCCESS: schedule at time 316
newly_valid list is: 
SUCCESS: add waiting list
SUCCESS: add ok to do list at time 317
SUCCESS: schedule at time 317
newly_valid list is: 
SUCCESS: add waiting list
SUCCESS: add ok to do list at time 318
SUCCESS: schedule at time 318
newly_valid list is: 
SUCCESS: add waiting list
SUCCESS: add ok to do list at time 319
SUCCESS: schedule at time 319
newly_valid list is: 
SUCCESS: add waiting list
SUCCESS: add ok to do list at time 320
SUCCESS: schedule at time 320
newly_valid list is: 
SUCCESS: add waiting list
SUCCESS: add ok to do list at time 321
SUCCESS: schedule at time 321
newly_valid list is: 
SUCCESS: add waiting list
SUCCESS: add ok to do list at time 322
SUCCESS: schedule at time 322
newly_valid list is: 
SUCCESS: add waiting list
SUCCESS: add ok to do list at time 323
SUCCESS: schedule at time 323
newly_valid list is: 
SUCCESS: add waiting list
SUCCESS: add ok to do list at time 324
SUCCESS: schedule at time 324
newly_valid list is: 
SUCCESS: add waiting list
SUCCESS: add ok to do list at time 325
SUCCESS: schedule at time 325
newly_valid list is: 
SUCCESS: add waiting list
SUCCESS: add ok to do list at time 326
SUCCESS: schedule at time 326
newly_valid list is: 
SUCCESS: add waiting list
SUCCESS: add ok to do list at time 327
SUCCESS: schedule at time 327
newly_valid list is: 
SUCCESS: add waiting list
SUCCESS: add ok to do list at time 328
SUCCESS: schedule at time 328
newly_valid list is: 
SUCCESS: add waiting list
SUCCESS: add ok to do list at time 329
SUCCESS: schedule at time 329
newly_valid list is: 
SUCCESS: add waiting list
SUCCESS: add ok to do list at time 330
SUCCESS: schedule at time 330
newly_valid list is: 
SUCCESS: add waiting list
SUCCESS: add ok to do list at time 331
SUCCESS: schedule at time 331
newly_valid list is: 
SUCCESS: add waiting list
SUCCESS: add ok to do list at time 332
SUCCESS: schedule at time 332
newly_valid list is: 
SUCCESS: add waiting list
SUCCESS: add ok to do list at time 333
SUCCESS: schedule at time 333
newly_valid list is: 
SUCCESS: add waiting list
SUCCESS: add ok to do list at time 334
SUCCESS: schedule at time 334
newly_valid list is: 
SUCCESS: add waiting list
SUCCESS: add ok to do list at time 335
SUCCESS: schedule at time 335
newly_valid list is: 
SUCCESS: add waiting list
SUCCESS: add ok to do list at time 336
SUCCESS: schedule at time 336
newly_valid list is: 
SUCCESS: add waiting list
SUCCESS: add ok to do list at time 337
SUCCESS: schedule at time 337
newly_valid list is: 
SUCCESS: add waiting list
SUCCESS: add ok to do list at time 338
SUCCESS: schedule at time 338
newly_valid list is: 
SUCCESS: add waiting list
SUCCESS: add ok to do list at time 339
SUCCESS: schedule at time 339
newly_valid list is: 
SUCCESS: add waiting list
SUCCESS: add ok to do list at time 340
SUCCESS: schedule at time 340
newly_valid list is: 
SUCCESS: add waiting list
SUCCESS: add ok to do list at time 341
SUCCESS: schedule at time 341
newly_valid list is: 
SUCCESS: add waiting list
SUCCESS: add ok to do list at time 342
SUCCESS: schedule at time 342
newly_valid list is: 
SUCCESS: add waiting list
SUCCESS: add ok to do list at time 343
SUCCESS: schedule at time 343
newly_valid list is: 
SUCCESS: add waiting list
SUCCESS: add ok to do list at time 344
SUCCESS: schedule at time 344
newly_valid list is: 
SUCCESS: add waiting list
SUCCESS: add ok to do list at time 345
SUCCESS: schedule at time 345
newly_valid list is: 
SUCCESS: add waiting list
SUCCESS: add ok to do list at time 346
SUCCESS: schedule at time 346
newly_valid list is: 
SUCCESS: add waiting list
SUCCESS: add ok to do list at time 347
SUCCESS: schedule at time 347
newly_valid list is: 
SUCCESS: add waiting list
SUCCESS: add ok to do list at time 348
SUCCESS: schedule at time 348
newly_valid list is: 
SUCCESS: add waiting list
SUCCESS: add ok to do list at time 349
SUCCESS: schedule at time 349
newly_valid list is: 
SUCCESS: add waiting list
SUCCESS: add ok to do list at time 350
SUCCESS: schedule at time 350
newly_valid list is: 
SUCCESS: add waiting list
SUCCESS: add ok to do list at time 351
SUCCESS: schedule at time 351
newly_valid list is: 
SUCCESS: add waiting list
SUCCESS: add ok to do list at time 352
SUCCESS: schedule at time 352
newly_valid list is: 
SUCCESS: add waiting list
SUCCESS: add ok to do list at time 353
SUCCESS: schedule at time 353
newly_valid list is: 
SUCCESS: add waiting list
SUCCESS: add ok to do list at time 354
SUCCESS: schedule at time 354
newly_valid list is: 
SUCCESS: add waiting list
SUCCESS: add ok to do list at time 355
SUCCESS: schedule at time 355
newly_valid list is: 
SUCCESS: add waiting list
SUCCESS: add ok to do list at time 356
SUCCESS: schedule at time 356
newly_valid list is: 
SUCCESS: add waiting list
SUCCESS: add ok to do list at time 357
SUCCESS: schedule at time 357
newly_valid list is: 
SUCCESS: add waiting list
SUCCESS: add ok to do list at time 358
SUCCESS: schedule at time 358
newly_valid list is: 
SUCCESS: add waiting list
SUCCESS: add ok to do list at time 359
SUCCESS: schedule at time 359
newly_valid list is: 
SUCCESS: add waiting list
SUCCESS: add ok to do list at time 360
SUCCESS: schedule at time 360
newly_valid list is: 
SUCCESS: add waiting list
SUCCESS: add ok to do list at time 361
SUCCESS: schedule at time 361
newly_valid list is: 
SUCCESS: add waiting list
SUCCESS: add ok to do list at time 362
SUCCESS: schedule at time 362
newly_valid list is: 
SUCCESS: add waiting list
SUCCESS: add ok to do list at time 363
SUCCESS: schedule at time 363
newly_valid list is: 
SUCCESS: add waiting list
SUCCESS: add ok to do list at time 364
SUCCESS: schedule at time 364
newly_valid list is: 
SUCCESS: add waiting list
SUCCESS: add ok to do list at time 365
SUCCESS: schedule at time 365
newly_valid list is: 
SUCCESS: add waiting list
SUCCESS: add ok to do list at time 366
SUCCESS: schedule at time 366
newly_valid list is: 
SUCCESS: add waiting list
SUCCESS: add ok to do list at time 367
SUCCESS: schedule at time 367
newly_valid list is: 
SUCCESS: add waiting list
SUCCESS: add ok to do list at time 368
SUCCESS: schedule at time 368
newly_valid list is: 
SUCCESS: add waiting list
SUCCESS: add ok to do list at time 369
SUCCESS: schedule at time 369
newly_valid list is: 
SUCCESS: add waiting list
SUCCESS: add ok to do list at time 370
SUCCESS: schedule at time 370
newly_valid list is: 
SUCCESS: add waiting list
SUCCESS: add ok to do list at time 371
SUCCESS: schedule at time 371
newly_valid list is: 
SUCCESS: add waiting list
SUCCESS: add ok to do list at time 372
SUCCESS: schedule at time 372
newly_valid list is: 
SUCCESS: add waiting list
SUCCESS: add ok to do list at time 373
SUCCESS: schedule at time 373
newly_valid list is: 
SUCCESS: add waiting list
SUCCESS: add ok to do list at time 374
SUCCESS: schedule at time 374
newly_valid list is: 
SUCCESS: add waiting list
SUCCESS: add ok to do list at time 375
SUCCESS: schedule at time 375
newly_valid list is: 
SUCCESS: add waiting list
SUCCESS: add ok to do list at time 376
SUCCESS: schedule at time 376
newly_valid list is: 
SUCCESS: add waiting list
SUCCESS: add ok to do list at time 377
SUCCESS: schedule at time 377
newly_valid list is: 
SUCCESS: add waiting list
SUCCESS: add ok to do list at time 378
SUCCESS: schedule at time 378
newly_valid list is: 
SUCCESS: add waiting list
SUCCESS: add ok to do list at time 379
SUCCESS: schedule at time 379
newly_valid list is: 
SUCCESS: add waiting list
SUCCESS: add ok to do list at time 380
SUCCESS: schedule at time 380
newly_valid list is: 
SUCCESS: add waiting list
SUCCESS: add ok to do list at time 381
SUCCESS: schedule at time 381
newly_valid list is: 
SUCCESS: add waiting list
SUCCESS: add ok to do list at time 382
SUCCESS: schedule at time 382
newly_valid list is: 
SUCCESS: add waiting list
SUCCESS: add ok to do list at time 383
SUCCESS: schedule at time 383
newly_valid list is: 
SUCCESS: add waiting list
SUCCESS: add ok to do list at time 384
SUCCESS: schedule at time 384
newly_valid list is: 
SUCCESS: add waiting list
SUCCESS: add ok to do list at time 385
SUCCESS: schedule at time 385
newly_valid list is: 
SUCCESS: add waiting list
SUCCESS: add ok to do list at time 386
SUCCESS: schedule at time 386
newly_valid list is: 
SUCCESS: add waiting list
SUCCESS: add ok to do list at time 387
SUCCESS: schedule at time 387
newly_valid list is: 
SUCCESS: add waiting list
SUCCESS: add ok to do list at time 388
SUCCESS: schedule at time 388
newly_valid list is: 
SUCCESS: add waiting list
SUCCESS: add ok to do list at time 389
SUCCESS: schedule at time 389
newly_valid list is: 
SUCCESS: add waiting list
SUCCESS: add ok to do list at time 390
SUCCESS: schedule at time 390
newly_valid list is: 
SUCCESS: add waiting list
SUCCESS: add ok to do list at time 391
SUCCESS: schedule at time 391
newly_valid list is: 
SUCCESS: add waiting list
SUCCESS: add ok to do list at time 392
SUCCESS: schedule at time 392
newly_valid list is: 
SUCCESS: add waiting list
SUCCESS: add ok to do list at time 393
SUCCESS: schedule at time 393
newly_valid list is: 
SUCCESS: add waiting list
SUCCESS: add ok to do list at time 394
SUCCESS: schedule at time 394
newly_valid list is: 
SUCCESS: add waiting list
SUCCESS: add ok to do list at time 395
SUCCESS: schedule at time 395
newly_valid list is: 
SUCCESS: add waiting list
SUCCESS: add ok to do list at time 396
SUCCESS: schedule at time 396
newly_valid list is: 
SUCCESS: add waiting list
SUCCESS: add ok to do list at time 397
SUCCESS: schedule at time 397
newly_valid list is: 
SUCCESS: add waiting list
SUCCESS: add ok to do list at time 398
SUCCESS: schedule at time 398
newly_valid list is: 
SUCCESS: add waiting list
SUCCESS: add ok to do list at time 399
SUCCESS: schedule at time 399
newly_valid list is: 
SUCCESS: add waiting list
SUCCESS: add ok to do list at time 400
SUCCESS: schedule at time 400
newly_valid list is: 
SUCCESS: add waiting list
SUCCESS: add ok to do list at time 401
SUCCESS: schedule at time 401
newly_valid list is: 
SUCCESS: add waiting list
SUCCESS: add ok to do list at time 402
SUCCESS: schedule at time 402
newly_valid list is: 
SUCCESS: add waiting list
SUCCESS: add ok to do list at time 403
SUCCESS: schedule at time 403
newly_valid list is: 
SUCCESS: add waiting list
SUCCESS: add ok to do list at time 404
SUCCESS: schedule at time 404
newly_valid list is: 
SUCCESS: add waiting list
SUCCESS: add ok to do list at time 405
SUCCESS: schedule at time 405
newly_valid list is: 
SUCCESS: add waiting list
SUCCESS: add ok to do list at time 406
SUCCESS: schedule at time 406
newly_valid list is: 
SUCCESS: add waiting list
SUCCESS: add ok to do list at time 407
SUCCESS: schedule at time 407
newly_valid list is: 
SUCCESS: add waiting list
SUCCESS: add ok to do list at time 408
SUCCESS: schedule at time 408
newly_valid list is: 
SUCCESS: add waiting list
SUCCESS: add ok to do list at time 409
SUCCESS: schedule at time 409
newly_valid list is: 
SUCCESS: add waiting list
SUCCESS: add ok to do list at time 410
SUCCESS: schedule at time 410
newly_valid list is: 
SUCCESS: add waiting list
SUCCESS: add ok to do list at time 411
SUCCESS: schedule at time 411
newly_valid list is: 
SUCCESS: add waiting list
SUCCESS: add ok to do list at time 412
SUCCESS: schedule at time 412
newly_valid list is: 
SUCCESS: add waiting list
SUCCESS: add ok to do list at time 413
SUCCESS: schedule at time 413
newly_valid list is: 
SUCCESS: add waiting list
SUCCESS: add ok to do list at time 414
SUCCESS: schedule at time 414
newly_valid list is: 
SUCCESS: add waiting list
SUCCESS: add ok to do list at time 415
SUCCESS: schedule at time 415
newly_valid list is: 
SUCCESS: add waiting list
SUCCESS: add ok to do list at time 416
SUCCESS: schedule at time 416
newly_valid list is: 
SUCCESS: add waiting list
SUCCESS: add ok to do list at time 417
SUCCESS: schedule at time 417
newly_valid list is: 
SUCCESS: add waiting list
SUCCESS: add ok to do list at time 418
SUCCESS: schedule at time 418
newly_valid list is: 
SUCCESS: add waiting list
SUCCESS: add ok to do list at time 419
SUCCESS: schedule at time 419
newly_valid list is: 
SUCCESS: add waiting list
SUCCESS: add ok to do list at time 420
SUCCESS: schedule at time 420
newly_valid list is: 
SUCCESS: add waiting list
SUCCESS: add ok to do list at time 421
SUCCESS: schedule at time 421
newly_valid list is: 
SUCCESS: add waiting list
SUCCESS: add ok to do list at time 422
SUCCESS: schedule at time 422
newly_valid list is: 
SUCCESS: add waiting list
SUCCESS: add ok to do list at time 423
SUCCESS: schedule at time 423
newly_valid list is: 
SUCCESS: add waiting list
SUCCESS: add ok to do list at time 424
SUCCESS: schedule at time 424
newly_valid list is: 
SUCCESS: add waiting list
SUCCESS: add ok to do list at time 425
SUCCESS: schedule at time 425
newly_valid list is: 
SUCCESS: add waiting list
SUCCESS: add ok to do list at time 426
SUCCESS: schedule at time 426
newly_valid list is: 
SUCCESS: add waiting list
SUCCESS: add ok to do list at time 427
SUCCESS: schedule at time 427
newly_valid list is: 
SUCCESS: add waiting list
SUCCESS: add ok to do list at time 428
SUCCESS: schedule at time 428
newly_valid list is: 
SUCCESS: add waiting list
SUCCESS: add ok to do list at time 429
SUCCESS: schedule at time 429
newly_valid list is: 
SUCCESS: add waiting list
SUCCESS: add ok to do list at time 430
SUCCESS: schedule at time 430
newly_valid list is: 
SUCCESS: add waiting list
SUCCESS: add ok to do list at time 431
SUCCESS: schedule at time 431
newly_valid list is: 
SUCCESS: add waiting list
SUCCESS: add ok to do list at time 432
SUCCESS: schedule at time 432
newly_valid list is: 
SUCCESS: add waiting list
SUCCESS: add ok to do list at time 433
SUCCESS: schedule at time 433
newly_valid list is: 
SUCCESS: add waiting list
SUCCESS: add ok to do list at time 434
SUCCESS: schedule at time 434
newly_valid list is: 
SUCCESS: add waiting list
SUCCESS: add ok to do list at time 435
SUCCESS: schedule at time 435
newly_valid list is: 
SUCCESS: add waiting list
SUCCESS: add ok to do list at time 436
SUCCESS: schedule at time 436
newly_valid list is: 
SUCCESS: add waiting list
SUCCESS: add ok to do list at time 437
SUCCESS: schedule at time 437
newly_valid list is: 
SUCCESS: add waiting list
SUCCESS: add ok to do list at time 438
SUCCESS: schedule at time 438
newly_valid list is: 
SUCCESS: add waiting list
SUCCESS: add ok to do list at time 439
SUCCESS: schedule at time 439
newly_valid list is: 
SUCCESS: add waiting list
SUCCESS: add ok to do list at time 440
SUCCESS: schedule at time 440
newly_valid list is: 
SUCCESS: add waiting list
SUCCESS: add ok to do list at time 441
SUCCESS: schedule at time 441
newly_valid list is: 
SUCCESS: add waiting list
SUCCESS: add ok to do list at time 442
SUCCESS: schedule at time 442
newly_valid list is: 
SUCCESS: add waiting list
SUCCESS: add ok to do list at time 443
SUCCESS: schedule at time 443
newly_valid list is: 
SUCCESS: add waiting list
SUCCESS: add ok to do list at time 444
SUCCESS: schedule at time 444
newly_valid list is: 
SUCCESS: add waiting list
SUCCESS: add ok to do list at time 445
SUCCESS: schedule at time 445
newly_valid list is: 
SUCCESS: add waiting list
SUCCESS: add ok to do list at time 446
SUCCESS: schedule at time 446
newly_valid list is: 
SUCCESS: add waiting list
SUCCESS: add ok to do list at time 447
SUCCESS: schedule at time 447
newly_valid list is: 
SUCCESS: add waiting list
SUCCESS: add ok to do list at time 448
SUCCESS: schedule at time 448
newly_valid list is: 
SUCCESS: add waiting list
SUCCESS: add ok to do list at time 449
SUCCESS: schedule at time 449
newly_valid list is: 
SUCCESS: add waiting list
SUCCESS: add ok to do list at time 450
SUCCESS: schedule at time 450
newly_valid list is: 
SUCCESS: add waiting list
SUCCESS: add ok to do list at time 451
SUCCESS: schedule at time 451
newly_valid list is: 
SUCCESS: add waiting list
SUCCESS: add ok to do list at time 452
SUCCESS: schedule at time 452
newly_valid list is: 
SUCCESS: add waiting list
SUCCESS: add ok to do list at time 453
SUCCESS: schedule at time 453
newly_valid list is: 
SUCCESS: add waiting list
SUCCESS: add ok to do list at time 454
SUCCESS: schedule at time 454
newly_valid list is: 
SUCCESS: add waiting list
SUCCESS: add ok to do list at time 455
SUCCESS: schedule at time 455
newly_valid list is: 
SUCCESS: add waiting list
SUCCESS: add ok to do list at time 456
SUCCESS: schedule at time 456
newly_valid list is: 
SUCCESS: add waiting list
SUCCESS: add ok to do list at time 457
SUCCESS: schedule at time 457
newly_valid list is: 
SUCCESS: add waiting list
SUCCESS: add ok to do list at time 458
SUCCESS: schedule at time 458
newly_valid list is: 
SUCCESS: add waiting list
SUCCESS: add ok to do list at time 459
SUCCESS: schedule at time 459
newly_valid list is: 
SUCCESS: add waiting list
SUCCESS: add ok to do list at time 460
SUCCESS: schedule at time 460
newly_valid list is: 
SUCCESS: add waiting list
SUCCESS: add ok to do list at time 461
SUCCESS: schedule at time 461
newly_valid list is: 
SUCCESS: add waiting list
SUCCESS: add ok to do list at time 462
SUCCESS: schedule at time 462
newly_valid list is: 
SUCCESS: add waiting list
SUCCESS: add ok to do list at time 463
SUCCESS: schedule at time 463
newly_valid list is: 
SUCCESS: add waiting list
SUCCESS: add ok to do list at time 464
SUCCESS: schedule at time 464
newly_valid list is: 
SUCCESS: add waiting list
SUCCESS: add ok to do list at time 465
SUCCESS: schedule at time 465
newly_valid list is: 
SUCCESS: add waiting list
SUCCESS: add ok to do list at time 466
SUCCESS: schedule at time 466
newly_valid list is: 
SUCCESS: add waiting list
SUCCESS: add ok to do list at time 467
SUCCESS: schedule at time 467
newly_valid list is: 
SUCCESS: add waiting list
SUCCESS: add ok to do list at time 468
SUCCESS: schedule at time 468
newly_valid list is: 
SUCCESS: add waiting list
SUCCESS: add ok to do list at time 469
SUCCESS: schedule at time 469
newly_valid list is: 
SUCCESS: add waiting list
SUCCESS: add ok to do list at time 470
SUCCESS: schedule at time 470
newly_valid list is: 
SUCCESS: add waiting list
SUCCESS: add ok to do list at time 471
SUCCESS: schedule at time 471
newly_valid list is: 
SUCCESS: add waiting list
SUCCESS: add ok to do list at time 472
SUCCESS: schedule at time 472
newly_valid list is: 
SUCCESS: add waiting list
SUCCESS: add ok to do list at time 473
SUCCESS: schedule at time 473
newly_valid list is: 
SUCCESS: add waiting list
SUCCESS: add ok to do list at time 474
SUCCESS: schedule at time 474
newly_valid list is: 
SUCCESS: add waiting list
SUCCESS: add ok to do list at time 475
SUCCESS: schedule at time 475
newly_valid list is: 
SUCCESS: add waiting list
SUCCESS: add ok to do list at time 476
SUCCESS: schedule at time 476
newly_valid list is: 
SUCCESS: add waiting list
SUCCESS: add ok to do list at time 477
SUCCESS: schedule at time 477
newly_valid list is: 
SUCCESS: add waiting list
SUCCESS: add ok to do list at time 478
SUCCESS: schedule at time 478
newly_valid list is: 
SUCCESS: add waiting list
SUCCESS: add ok to do list at time 479
SUCCESS: schedule at time 479
newly_valid list is: 
SUCCESS: add waiting list
SUCCESS: add ok to do list at time 480
SUCCESS: schedule at time 480
newly_valid list is: 
SUCCESS: add waiting list
SUCCESS: add ok to do list at time 481
SUCCESS: schedule at time 481
newly_valid list is: 
SUCCESS: add waiting list
SUCCESS: add ok to do list at time 482
SUCCESS: schedule at time 482
newly_valid list is: 
SUCCESS: add waiting list
SUCCESS: add ok to do list at time 483
SUCCESS: schedule at time 483
Begin: Second Schedule!
ok to do list is: 
<-1,2009,2010,1> 
<-1,2009,2011,1> 
<-1,2009,2012,1> 
<2279,2271,2281,0> 
<2279,2270,2280,0> 
<2296,2270,2297,0> 
<2296,2271,2298,0> 
waiting list is: 
SUCCESS: evict! the nodes are 
0 node: 2010
<-1,2009,2010,1> 
1 node: 2011
<-1,2009,2011,1> 
2 node: 2012
<-1,2009,2012,1> 
3 node: 2026
<2025,2010,2026,0> 
4 node: 2027
<2025,2011,2027,0> 
<-1,2026,2027,1> 
5 node: 2028
<2025,2012,2028,0> 
<-1,2026,2028,1> 
6 node: 2036
<2035,2010,2036,0> 
7 node: 2037
<2035,2011,2037,0> 
<2036,2027,2037,0> 
8 node: 2038
<2035,2012,2038,0> 
<2036,2028,2038,0> 
<-1,2037,2038,1> 
9 node: 2053
<2052,2010,2053,0> 
10 node: 2054
<2052,2011,2054,0> 
<2053,2027,2054,0> 
11 node: 2055
<2052,2012,2055,0> 
<2053,2028,2055,0> 
<2054,2038,2055,0> 
12 node: 2280
<2279,2270,2280,0> 
13 node: 2281
<2279,2271,2281,0> 
<-1,2280,2281,1> 
14 node: 2297
<2296,2270,2297,0> 
15 node: 2298
<2296,2271,2298,0> 
<2297,2281,2298,0> 
the priority is: 52 29 21 27 15 11 15 8 6 9 5 3 5 4 3 2 
before sorted Results:
Node: 2010
<-1,2009,2010,1> 
Node: 2011
<-1,2009,2011,1> 
Node: 2012
<-1,2009,2012,1> 
Node: 2026
<2025,2010,2026,0> 
Node: 2027
<2025,2011,2027,0> 
<-1,2026,2027,1> 
Node: 2028
<2025,2012,2028,0> 
<-1,2026,2028,1> 
Node: 2036
<2035,2010,2036,0> 
Node: 2037
<2035,2011,2037,0> 
<2036,2027,2037,0> 
Node: 2038
<2035,2012,2038,0> 
<2036,2028,2038,0> 
<-1,2037,2038,1> 
Node: 2053
<2052,2010,2053,0> 
Node: 2054
<2052,2011,2054,0> 
<2053,2027,2054,0> 
Node: 2055
<2052,2012,2055,0> 
<2053,2028,2055,0> 
<2054,2038,2055,0> 
Node: 2280
<2279,2270,2280,0> 
Node: 2281
<2279,2271,2281,0> 
<-1,2280,2281,1> 
Node: 2297
<2296,2270,2297,0> 
Node: 2298
<2296,2271,2298,0> 
<2297,2281,2298,0> 

sorted Results:
Node: 2010
<-1,2009,2010,1> 
Node: 2011
<-1,2009,2011,1> 
Node: 2026
<2025,2010,2026,0> 
Node: 2012
<-1,2009,2012,1> 
Node: 2027
<2025,2011,2027,0> 
<-1,2026,2027,1> 
Node: 2036
<2035,2010,2036,0> 
Node: 2028
<2025,2012,2028,0> 
<-1,2026,2028,1> 
Node: 2053
<2052,2010,2053,0> 
Node: 2037
<2035,2011,2037,0> 
<2036,2027,2037,0> 
Node: 2038
<2035,2012,2038,0> 
<2036,2028,2038,0> 
<-1,2037,2038,1> 
Node: 2054
<2052,2011,2054,0> 
<2053,2027,2054,0> 
Node: 2280
<2279,2270,2280,0> 
Node: 2281
<2279,2271,2281,0> 
<-1,2280,2281,1> 
Node: 2055
<2052,2012,2055,0> 
<2053,2028,2055,0> 
<2054,2038,2055,0> 
Node: 2297
<2296,2270,2297,0> 
Node: 2298
<2296,2271,2298,0> 
<2297,2281,2298,0> 
only_div: 1 1 1 1 0 1 0 1 0 0 0 1 0 0 1 0 
sch2 time is 484
SUCCESS: schedule at time: 484
ok_to_sub: 0 0 0 0 0 0 0 0 0 0 0 0 0 0 0 0 
ok_to_wb: 0 0 0 0 0 0 0 0 0 0 0 0 0 0 0 0 
ok_to_wb_time: 0 0 0 0 0 0 0 0 0 0 0 0 0 0 0 0 
SUCCESS: schedule at time: 485
ok_to_sub: 0 0 0 0 0 0 0 0 0 0 0 0 0 0 0 0 
ok_to_wb: 0 0 0 0 0 0 0 0 0 0 0 0 0 0 0 0 
ok_to_wb_time: 0 0 0 0 0 0 0 0 0 0 0 0 0 0 0 0 
SUCCESS: schedule at time: 486
ok_to_sub: 0 0 0 0 0 0 0 0 0 0 0 0 0 0 0 0 
ok_to_wb: 0 0 0 0 0 0 0 0 0 0 0 0 0 0 0 0 
ok_to_wb_time: 0 0 0 0 0 0 0 0 0 0 0 0 0 0 0 0 
SUCCESS: schedule at time: 487
ok_to_sub: 0 0 0 0 0 0 0 0 0 0 0 1 1 0 1 0 
ok_to_wb: 0 0 0 0 0 0 0 0 0 0 0 0 0 0 0 0 
ok_to_wb_time: 0 0 0 0 0 0 0 0 0 0 0 0 0 0 0 0 
SUCCESS: schedule at time: 488
ok_to_sub: 0 0 0 0 0 0 0 0 0 0 0 1 1 0 1 0 
ok_to_wb: 0 0 0 0 0 0 0 0 0 0 0 0 0 0 0 0 
ok_to_wb_time: 0 0 0 0 0 0 0 0 0 0 0 0 0 0 0 0 
SUCCESS: schedule at time: 489
ok_to_sub: 0 0 0 0 0 0 0 0 0 0 0 1 1 0 1 0 
ok_to_wb: 0 0 0 0 0 0 0 0 0 0 0 0 0 0 0 0 
ok_to_wb_time: 0 0 0 0 0 0 0 0 0 0 0 0 0 0 0 0 
SUCCESS: schedule at time: 490
ok_to_sub: 0 0 0 0 0 0 0 0 0 0 0 0 0 0 0 0 
ok_to_wb: 0 0 0 0 0 0 0 0 0 0 0 0 0 0 0 0 
ok_to_wb_time: 0 0 0 0 0 0 0 0 0 0 0 0 0 0 0 0 
SUCCESS: schedule at time: 491
ok_to_sub: 0 0 0 0 0 0 0 0 0 0 0 0 0 0 0 0 
ok_to_wb: 0 0 0 0 0 0 0 0 0 0 0 0 0 0 0 0 
ok_to_wb_time: 0 0 0 0 0 0 0 0 0 0 0 0 0 0 0 0 
SUCCESS: schedule at time: 492
ok_to_sub: 0 0 0 0 0 0 0 0 0 0 0 0 0 0 0 0 
ok_to_wb: 0 0 0 0 0 0 0 0 0 0 0 0 0 0 0 0 
ok_to_wb_time: 0 0 0 0 0 0 0 0 0 0 0 0 0 0 0 0 
SUCCESS: schedule at time: 493
ok_to_sub: 0 0 0 0 0 0 0 0 0 0 0 0 0 0 0 0 
ok_to_wb: 0 0 0 0 0 0 0 0 0 0 0 0 0 0 0 0 
ok_to_wb_time: 0 0 0 0 0 0 0 0 0 0 0 0 0 0 0 0 
SUCCESS: schedule at time: 494
ok_to_sub: 0 0 0 0 0 0 0 0 0 0 0 0 0 0 0 0 
ok_to_wb: 0 0 0 0 0 0 0 0 0 0 0 0 0 0 0 0 
ok_to_wb_time: 0 0 0 0 0 0 0 0 0 0 0 0 0 0 0 0 
SUCCESS: schedule at time: 495
ok_to_sub: 0 0 0 0 0 0 0 0 0 0 0 0 0 0 0 0 
ok_to_wb: 0 0 0 0 0 0 0 0 0 0 0 0 0 0 0 0 
ok_to_wb_time: 0 0 0 0 0 0 0 0 0 0 0 0 0 0 0 0 
SUCCESS: schedule at time: 496
ok_to_sub: 0 0 1 0 1 1 1 1 0 0 0 0 0 0 0 0 
ok_to_wb: 0 0 0 0 0 0 0 0 0 0 0 0 0 0 0 0 
ok_to_wb_time: 0 0 0 0 0 0 0 0 0 0 0 0 0 0 0 0 
SUCCESS: schedule at time: 497
ok_to_sub: 0 0 1 0 1 1 1 1 0 0 0 0 0 0 0 0 
ok_to_wb: 0 0 0 0 0 0 0 0 0 0 0 0 0 0 0 0 
ok_to_wb_time: 0 0 0 0 0 0 0 0 0 0 0 0 0 0 0 0 
SUCCESS: schedule at time: 498
ok_to_sub: 0 0 1 0 1 1 1 1 0 0 0 0 0 0 0 0 
ok_to_wb: 0 0 0 0 0 0 0 0 0 0 0 0 0 0 0 0 
ok_to_wb_time: 0 0 0 0 0 0 0 0 0 0 0 0 0 0 0 0 
SUCCESS: schedule at time: 499
ok_to_sub: 0 0 0 0 0 0 0 0 0 0 0 0 0 0 0 0 
ok_to_wb: 0 0 0 0 0 0 0 0 0 0 0 0 0 0 0 0 
ok_to_wb_time: 0 0 0 0 0 0 0 0 0 0 0 0 0 0 0 0 
SUCCESS: schedule at time: 500
ok_to_sub: 0 0 0 0 0 0 0 0 0 0 0 0 0 0 0 0 
ok_to_wb: 0 0 0 0 0 0 0 0 0 0 0 0 0 0 0 0 
ok_to_wb_time: 0 0 0 0 0 0 0 0 0 0 0 0 0 0 0 0 
SUCCESS: schedule at time: 501
ok_to_sub: 0 0 0 0 0 0 0 0 0 0 0 0 0 0 0 0 
ok_to_wb: 0 0 0 0 0 0 0 0 0 0 0 0 0 0 0 0 
ok_to_wb_time: 0 0 0 0 0 0 0 0 0 0 0 0 0 0 0 0 
SUCCESS: schedule at time: 502
ok_to_sub: 0 0 0 0 0 0 0 0 0 0 0 0 0 0 0 0 
ok_to_wb: 0 0 0 0 0 0 0 0 0 0 0 0 0 0 0 0 
ok_to_wb_time: 0 0 0 0 0 0 0 0 0 0 0 0 0 0 0 0 
SUCCESS: schedule at time: 503
ok_to_sub: 0 0 0 0 0 0 0 0 0 0 0 0 0 0 0 1 
ok_to_wb: 0 0 0 0 0 0 0 0 0 0 0 0 0 0 0 0 
ok_to_wb_time: 0 0 0 0 0 0 0 0 0 0 0 0 0 0 0 0 
SUCCESS: schedule at time: 504
ok_to_sub: 0 0 0 0 0 0 0 0 0 0 0 0 0 0 0 1 
ok_to_wb: 0 0 0 0 0 0 0 0 0 0 0 0 0 0 0 0 
ok_to_wb_time: 0 0 0 0 0 0 0 0 0 0 0 0 0 0 0 0 
SUCCESS: schedule at time: 505
ok_to_sub: 0 0 0 0 0 0 0 0 0 0 0 0 0 0 0 1 
ok_to_wb: 0 0 0 0 0 0 0 0 0 0 0 0 0 0 0 0 
ok_to_wb_time: 0 0 0 0 0 0 0 0 0 0 0 0 0 0 0 0 
SUCCESS: schedule at time: 506
ok_to_sub: 0 0 0 0 0 0 0 0 0 0 0 0 0 0 0 0 
ok_to_wb: 0 0 0 0 0 0 0 0 0 0 0 0 0 0 0 0 
ok_to_wb_time: 0 0 0 0 0 0 0 0 0 0 0 0 0 0 0 0 
SUCCESS: schedule at time: 507
ok_to_sub: 0 0 0 0 0 0 0 0 0 0 0 0 0 0 0 0 
ok_to_wb: 0 0 0 0 0 0 0 0 0 0 0 0 0 0 0 0 
ok_to_wb_time: 0 0 0 0 0 0 0 0 0 0 0 0 0 0 0 0 
SUCCESS: schedule at time: 508
ok_to_sub: 0 0 0 0 0 0 0 0 0 0 0 0 0 0 0 0 
ok_to_wb: 0 0 0 0 0 0 0 0 0 0 0 0 0 0 0 0 
ok_to_wb_time: 0 0 0 0 0 0 0 0 0 0 0 0 0 0 0 0 
SUCCESS: schedule at time: 509
ok_to_sub: 0 0 0 0 0 0 0 0 0 0 0 0 0 0 0 0 
ok_to_wb: 0 0 0 0 0 0 0 0 0 0 0 0 0 0 0 0 
ok_to_wb_time: 0 0 0 0 0 0 0 0 0 0 0 0 0 0 0 0 
SUCCESS: schedule at time: 510
ok_to_sub: 0 0 0 0 0 0 0 0 0 0 0 0 0 0 0 0 
ok_to_wb: 0 0 0 0 0 0 0 0 0 0 0 0 0 0 0 0 
ok_to_wb_time: 0 0 0 0 0 0 0 0 0 0 0 0 0 0 0 0 
SUCCESS: schedule at time: 511
ok_to_sub: 0 0 0 0 0 0 0 0 0 0 0 0 0 0 0 0 
ok_to_wb: 0 0 0 0 0 0 0 0 0 0 0 0 0 0 0 0 
ok_to_wb_time: 0 0 0 0 0 0 0 0 0 0 0 0 0 0 0 0 
SUCCESS: schedule at time: 512
ok_to_sub: 0 0 0 0 0 0 0 0 1 1 1 0 0 0 0 0 
ok_to_wb: 0 0 0 0 0 0 0 0 0 0 0 0 0 0 0 0 
ok_to_wb_time: 0 0 0 0 0 0 0 0 0 0 0 0 0 0 0 0 
SUCCESS: schedule at time: 513
ok_to_sub: 0 0 0 0 0 0 0 0 1 1 1 0 0 0 0 0 
ok_to_wb: 0 0 0 0 0 0 0 0 0 0 0 0 0 0 0 0 
ok_to_wb_time: 0 0 0 0 0 0 0 0 0 0 0 0 0 0 0 0 
SUCCESS: schedule at time: 514
ok_to_sub: 0 0 0 0 0 0 0 0 1 1 1 0 0 0 0 0 
ok_to_wb: 0 0 0 0 0 0 0 0 0 0 0 0 0 0 0 0 
ok_to_wb_time: 0 0 0 0 0 0 0 0 0 0 0 0 0 0 0 0 
SUCCESS: schedule at time: 515
ok_to_sub: 0 0 0 0 0 0 0 0 0 0 0 0 0 0 0 0 
ok_to_wb: 0 0 0 0 0 0 0 0 0 0 0 0 0 0 0 0 
ok_to_wb_time: 0 0 0 0 0 0 0 0 0 0 0 0 0 0 0 0 
SUCCESS: schedule at time: 516
ok_to_sub: 0 0 0 0 0 0 0 0 0 0 0 0 0 0 0 0 
ok_to_wb: 0 0 0 0 0 0 0 0 0 0 0 0 0 0 0 0 
ok_to_wb_time: 0 0 0 0 0 0 0 0 0 0 0 0 0 0 0 0 
SUCCESS: schedule at time: 517
ok_to_sub: 0 0 0 0 0 0 0 0 0 0 0 0 0 0 0 0 
ok_to_wb: 0 0 0 0 0 0 0 0 0 0 0 0 0 0 0 0 
ok_to_wb_time: 0 0 0 0 0 0 0 0 0 0 0 0 0 0 0 0 
SUCCESS: schedule at time: 518
ok_to_sub: 0 0 0 0 0 0 0 0 0 0 0 0 0 0 0 0 
ok_to_wb: 0 0 0 0 0 0 0 0 0 0 0 0 0 0 0 0 
ok_to_wb_time: 0 0 0 0 0 0 0 0 0 0 0 0 0 0 0 0 
SUCCESS: schedule at time: 519
ok_to_sub: 0 0 0 0 0 0 0 0 0 0 0 0 0 0 0 0 
ok_to_wb: 0 0 0 0 0 0 0 0 0 0 0 0 0 0 0 0 
ok_to_wb_time: 0 0 0 0 0 0 0 0 0 0 0 0 0 0 0 0 
SUCCESS: schedule at time: 520
ok_to_sub: 0 0 0 0 0 0 0 0 0 0 0 0 0 0 0 0 
ok_to_wb: 0 0 0 0 0 0 0 0 0 0 0 0 0 0 0 0 
ok_to_wb_time: 0 0 0 0 0 0 0 0 0 0 0 0 0 0 0 0 
SUCCESS: schedule at time: 521
ok_to_sub: 0 0 0 0 0 0 0 0 0 0 0 0 0 0 0 0 
ok_to_wb: 0 0 0 0 0 0 0 0 0 0 0 0 0 0 0 0 
ok_to_wb_time: 0 0 0 0 0 0 0 0 0 0 0 0 0 0 0 0 
SUCCESS: schedule at time: 522
ok_to_sub: 0 0 0 0 0 0 0 0 0 0 0 0 0 0 0 0 
ok_to_wb: 0 0 0 0 0 0 0 0 0 0 0 0 0 0 0 0 
ok_to_wb_time: 0 0 0 0 0 0 0 0 0 0 0 0 0 0 0 0 
SUCCESS: schedule at time: 523
ok_to_sub: 0 0 0 0 0 0 0 0 0 0 0 0 0 0 0 0 
ok_to_wb: 0 0 0 0 0 0 0 0 0 0 0 0 0 0 0 0 
ok_to_wb_time: 0 0 0 0 0 0 0 0 0 0 0 0 0 0 0 0 
SUCCESS: schedule at time: 524
ok_to_sub: 0 0 0 0 0 0 0 0 0 0 0 0 0 0 0 0 
ok_to_wb: 0 0 0 0 0 0 0 0 0 0 0 0 0 0 0 0 
ok_to_wb_time: 0 0 0 0 0 0 0 0 0 0 0 0 0 0 0 0 
SUCCESS: schedule at time: 525
ok_to_sub: 0 0 0 0 0 0 0 0 0 0 0 0 0 0 0 0 
ok_to_wb: 0 0 0 0 0 0 0 0 0 0 0 0 0 0 0 0 
ok_to_wb_time: 0 0 0 0 0 0 0 0 0 0 0 0 0 0 0 0 
SUCCESS: schedule at time: 526
ok_to_sub: 0 0 0 0 0 0 0 0 0 0 0 0 0 0 0 0 
ok_to_wb: 0 0 0 0 0 0 0 0 0 0 0 0 0 0 0 0 
ok_to_wb_time: 0 0 0 0 0 0 0 0 0 0 0 0 0 0 0 0 
SUCCESS: schedule at time: 527
ok_to_sub: 0 0 0 0 0 0 0 0 0 0 0 0 0 0 0 0 
ok_to_wb: 0 0 0 0 0 0 0 0 0 0 0 0 0 0 0 0 
ok_to_wb_time: 0 0 0 0 0 0 0 0 0 0 0 0 0 0 0 0 
SUCCESS: schedule at time: 528
ok_to_sub: 0 0 0 0 0 0 0 0 0 0 0 0 0 1 0 0 
ok_to_wb: 0 0 0 0 0 0 0 0 0 0 0 0 0 0 0 0 
ok_to_wb_time: 0 0 0 0 0 0 0 0 0 0 0 0 0 0 0 0 
SUCCESS: schedule at time: 529
ok_to_sub: 0 0 0 0 0 0 0 0 0 0 0 0 0 1 0 0 
ok_to_wb: 0 0 0 0 0 0 0 0 0 0 0 0 0 0 0 0 
ok_to_wb_time: 0 0 0 0 0 0 0 0 0 0 0 0 0 0 0 0 
SUCCESS: schedule at time: 530
ok_to_sub: 0 0 0 0 0 0 0 0 0 0 0 0 0 1 0 0 
ok_to_wb: 0 0 0 0 0 0 0 0 0 0 0 0 0 0 0 0 
ok_to_wb_time: 0 0 0 0 0 0 0 0 0 0 0 0 0 0 0 0 
SUCCESS: schedule at time: 531
ok_to_sub: 0 0 0 0 0 0 0 0 0 0 0 0 0 0 0 0 
ok_to_wb: 0 0 0 0 0 0 0 0 0 0 0 0 0 0 0 0 
ok_to_wb_time: 0 0 0 0 0 0 0 0 0 0 0 0 0 0 0 0 
Finished: schedule!
this is the instruction from 0 to 535
0:	(706, 705, -1, 1)	(1247, 1246, -1, 1)	(1248, 1246, -1, 1)	(1386, 1385, -1, 1)	(1320, 1319, -1, 1)	(1361, 1360, -1, 1)	(1357, 1356, -1, 1)	(1387, 1385, -1, 1)	(1362, 1360, -1, 1)	(1358, 1356, -1, 1)	(1336, 1335, -1, 1)	(324, 323, -1, 1)	(325, 323, -1, 1)	(1596, 1595, -1, 1)	(1337, 1335, -1, 1)	(1597, 1595, -1, 1)
1:	(1321, 1319, -1, 1)	(1605, 1604, -1, 1)	(1322, 1319, -1, 1)	(1606, 1604, -1, 1)	(1268, 1267, -1, 1)	(397, 396, -1, 1)	(434, 433, -1, 1)	(438, 437, -1, 1)	(463, 462, -1, 1)	(1338, 1335, -1, 1)	(1598, 1595, -1, 1)	(464, 462, -1, 1)	(413, 412, -1, 1)	(345, 344, -1, 1)	(415, 412, -1, 1)	(514, 513, -1, 1)
2:	(1064, 1063, -1, 1)	(1065, 1063, -1, 1)	(1174, 1173, -1, 1)	(398, 396, -1, 1)	(1175, 1173, -1, 1)	(435, 433, -1, 1)	(1066, 1063, -1, 1)	(399, 396, -1, 1)	(1249, 1246, -1, 1)	(251, 250, -1, 1)	(1176, 1173, -1, 1)	(252, 250, -1, 1)	(326, 323, -1, 1)	(253, 250, -1, 1)	(436, 433, -1, 1)	(1189, 1188, -1, 1)
3:	(1388, 1385, -1, 1)	(1269, 1267, -1, 1)	(1607, 1604, -1, 1)	(683, 682, -1, 1)	(668, 667, -1, 1)	(465, 462, -1, 1)	(346, 344, -1, 1)	(669, 667, -1, 1)	(685, 682, -1, 1)	(1270, 1267, -1, 1)	(670, 667, -1, 1)	(1396, 1394, -1, 1)	(1126, 1125, -1, 1)	(473, 471, -1, 1)	(515, 513, -1, 1)	(2114, 2112, -1, 1)
4:	(439, 437, -1, 1)	(141, 140, -1, 1)	(142, 140, -1, 1)	(414, 412, -1, 1)	(1363, 1360, -1, 1)	(143, 140, -1, 1)	(440, 437, -1, 1)	(1449, 1448, -1, 1)	(1434, 1433, -1, 1)	(292, 291, -1, 1)	(293, 291, -1, 1)	(1450, 1448, -1, 1)	(1554, 1553, -1, 1)	(1558, 1556, -1, 1)	(1435, 1433, -1, 1)	(71, 70, -1, 1)
5:	(1359, 1356, -1, 1)	(347, 344, -1, 1)	(1395, 1394, -1, 1)	(1215, 1214, -1, 1)	(1216, 1214, -1, 1)	(1104, 1102, -1, 1)	(1437, 1436, -1, 1)	(1127, 1125, -1, 1)	(203, 202, -1, 1)	(1591, 1590, -1, 1)	(1557, 1556, -1, 1)	(644, 643, -1, 1)	(634, 633, -1, 1)	(962, 961, -1, 1)	(72, 70, -1, 1)	(-1, -1, -1, 0)
6:	(684, 682, -1, 1)	(1103, 1102, -1, 1)	(472, 471, -1, 1)	(180, 179, -1, 1)	(181, 179, -1, 1)	(511, 510, -1, 1)	(1190, 1188, -1, 1)	(645, 643, -1, 1)	(795, 794, -1, 1)	(637, 636, -1, 1)	(512, 510, -1, 1)	(267, 265, -1, 1)	(66, 65, -1, 1)	(40, 39, -1, 1)	(881, 880, -1, 1)	(-1, -1, -1, 0)
7:	(526, 525, -1, 1)	(1567, 1566, -1, 1)	(1568, 1566, -1, 1)	(266, 265, -1, 1)	(527, 525, -1, 1)	(1593, 1592, -1, 1)	(1555, 1553, -1, 1)	(631, 630, -1, 1)	(1594, 1592, -1, 1)	(2150, 2149, -1, 1)	(61, 60, -1, 1)	(34, 33, -1, 1)	(2151, 2149, -1, 1)	(35, 33, -1, 1)	(2164, 2162, -1, 1)	(1932, 1931, -1, 1)
8:	(1413, 1387, -1, 7)	(1503, 1337, 1511, 4)	(734, 706, 740, 4)	(1324, 1320, 1325, 4)	(1364, 1362, 1366, 4)	(1339, 1336, 1340, 4)	(2145, 2144, -1, 1)	(112, 110, -1, 1)	(85, 83, -1, 1)	(42, 41, -1, 1)	(-1, -1, -1, 0)	(-1, -1, -1, 0)	(-1, -1, -1, 0)	(-1, -1, -1, 0)	(-1, -1, -1, 0)	(-1, -1, -1, 0)
9:	(-1, -1, 1419, 8)	(1503, 1338, 1512, 4)	(1484, 1338, 1493, 4)	(1619, 1598, 1622, 4)	(1250, 1248, 1252, 4)	(1379, 1358, 1381, 4)	(401, 397, 402, 4)	(1255, 1248, 1257, 4)	(1560, 1559, -1, 1)	(1561, 1559, -1, 1)	(2140, 2139, -1, 1)	(2141, 2139, -1, 1)	(-1, -1, -1, 0)	(-1, -1, -1, 0)	(-1, -1, -1, 0)	(-1, -1, -1, 0)
10:	(1698, 1249, 1722, 4)	(1732, 1598, 1735, 4)	(1672, 1176, 1681, 4)	(1484, 1337, 1492, 4)	(490, 464, -1, 7)	(1507, 1387, 1509, 4)	(1389, 1387, 1391, 4)	(1732, 1597, 1734, 4)	(1599, 1596, 1600, 4)	(1672, 1174, 1673, 4)	(2163, 2162, -1, 1)	(-1, -1, -1, 0)	(-1, -1, -1, 0)	(-1, -1, -1, 0)	(-1, -1, -1, 0)	(-1, -1, -1, 0)
11:	(2202, 2114, 2208, 4)	(580, 415, 589, 4)	(1649, 1607, 1655, 4)	(424, 399, 428, 4)	(-1, -1, 496, 8)	(1182, 1176, 1187, 4)	(1619, 1597, 1621, 4)	(424, 398, 426, 4)	(1619, 1596, 1620, 4)	(1649, 1605, 1650, 4)	(635, 633, -1, 1)	(43, 41, -1, 1)	(-1, -1, -1, 0)	(-1, -1, -1, 0)	(-1, -1, -1, 0)	(-1, -1, -1, 0)
12:	(743, 253, 752, 4)	(561, 414, 569, 4)	(561, 415, 570, 4)	(580, 414, 588, 4)	(235, 143, 246, 4)	(520, 514, 521, 4)	(451, 435, 453, 4)	(149, 142, 151, 4)	(235, 142, 237, 4)	(2113, 2112, -1, 1)	(2076, 2075, -1, 1)	(-1, -1, -1, 0)	(-1, -1, -1, 0)	(-1, -1, -1, 0)	(-1, -1, -1, 0)	(-1, -1, -1, 0)
13:	(1347, 1322, 1351, 4)	(1413, 1388, 1421, 4)	(1754, 1435, 1766, 4)	(1579, 1557, 1583, 4)	(1579, 1558, 1584, 4)	(1329, 1322, 1332, 4)	(676, 670, 681, 4)	(1599, 1597, 1601, 4)	(1816, 514, 1817, 4)	(1329, 1320, 1330, 4)	(-1, -1, -1, 0)	(-1, -1, -1, 0)	(-1, -1, -1, 0)	(-1, -1, -1, 0)	(-1, -1, -1, 0)	(-1, -1, -1, 0)
14:	(490, 465, 498, 4)	(1899, 1591, 1900, 4)	(1973, 66, 1974, 4)	(1816, 515, 1831, 4)	(656, 634, 660, 4)	(1374, 1358, 1376, 4)	(1613, 1606, 1615, 4)	(91, 72, 95, 4)	(1341, 1340, -1, 1)	(773, 772, -1, 1)	(-1, -1, -1, 0)	(-1, -1, -1, 0)	(-1, -1, -1, 0)	(-1, -1, -1, 0)	(-1, -1, -1, 0)	(-1, -1, -1, 0)
15:	(1960, 35, 1966, 4)	(116, 61, 117, 4)	(1962, 61, 1964, 4)	(1442, 1434, 1444, 4)	(1627, 1593, 1630, 4)	(1613, 1607, 1618, 4)	(1272, 1270, 1276, 4)	(1329, 1321, 1331, 4)	(-1, 1434, -1, 5)	(1221, 1215, 1222, 4)	(161, 160, -1, 1)	(-1, -1, -1, 0)	(-1, -1, -1, 0)	(-1, -1, -1, 0)	(-1, -1, -1, 0)	(-1, -1, -1, 0)
16:	(1507, 1388, 1512, 4)	(1487, 1450, 1492, 4)	(1442, 1435, 1447, 4)	(691, 685, 694, 4)	(1072, 1065, 1074, 4)	(1277, 1269, 1279, 4)	(1182, 1175, 1184, 4)	(686, 685, 689, 4)	(1754, -1, 1756, 6)	(857, 856, -1, 1)	(6, 5, -1, 1)	(-1, -1, -1, 0)	(-1, -1, -1, 0)	(-1, -1, -1, 0)	(-1, -1, -1, 0)	(-1, -1, -1, 0)
17:	(1702, 1270, 1722, 4)	(2204, 2141, 2208, 4)	(584, 465, 589, 4)	(1415, 1396, 1419, 4)	(492, 473, 496, 4)	(1347, 1321, 1349, 4)	(1599, 1598, 1602, 4)	(466, 465, 469, 4)	(466, 463, 467, 4)	(376, 375, -1, 1)	(-1, -1, -1, 0)	(-1, -1, -1, 0)	(-1, -1, -1, 0)	(-1, -1, -1, 0)	(-1, -1, -1, 0)	(-1, -1, -1, 0)
18:	(2195, 2140, 2196, 4)	(-1, 2140, -1, 5)	(1731, 1594, 1741, 4)	(1644, 1558, 1655, 4)	(584, 464, 586, 4)	(519, 511, 521, 4)	(1644, 1557, 1647, 4)	(349, 347, 353, 4)	(349, 345, 350, 4)	(1698, 1248, 1700, 4)	(966, 965, -1, 1)	(817, 814, -1, 1)	(-1, -1, -1, 0)	(-1, -1, -1, 0)	(-1, -1, -1, 0)	(-1, -1, -1, 0)
19:	(716, 635, 726, 4)	(2204, -1, 2206, 6)	(564, 527, 569, 4)	(1990, 43, 2001, 4)	(1990, 42, 2000, 4)	(698, 685, 701, 4)	(1347, 1320, 1348, 4)	(327, 325, 329, 4)	(1601, 1600, -1, 1)	(564, 526, 565, 4)	(1299, 1298, -1, 1)	(504, 503, -1, 1)	(-1, -1, -1, 0)	(-1, -1, -1, 0)	(-1, -1, -1, 0)	(-1, -1, -1, 0)
20:	(2195, 2141, 2198, 4)	(1731, 1593, 1736, 4)	(2223, 2145, 2224, 4)	(1815, 512, 1831, 4)	(1324, 1321, 1326, 4)	(1339, 1338, 1343, 4)	(49, 34, 53, 4)	(676, 668, 677, 4)	(2014, 43, -1, 7)	(1578, 1554, 1581, 4)	(-1, -1, -1, 0)	(-1, -1, -1, 0)	(-1, -1, -1, 0)	(-1, -1, -1, 0)	(-1, -1, -1, 0)	(-1, -1, -1, 0)
21:	(1964, 112, 1966, 4)	(117, 112, 119, 4)	(1158, 1066, 1169, 4)	(1443, 1437, 1444, 4)	(406, 399, 409, 4)	(456, 436, 461, 4)	(354, 347, 359, 4)	(254, 252, 256, 4)	(-1, -1, 2027, 8)	(456, 434, 457, 4)	(666, 664, -1, 1)	(-1, -1, -1, 0)	(-1, -1, -1, 0)	(-1, -1, -1, 0)	(-1, -1, -1, 0)	(-1, -1, -1, 0)
22:	(1350, 1341, 1351, 4)	(1578, 1555, 1583, 4)	(656, 635, 661, 4)	(520, 515, 523, 4)	(474, 473, 478, 4)	(406, 398, 408, 4)	(416, 415, 420, 4)	(406, 397, 407, 4)	(929, 881, 930, 4)	(882, 881, 884, 4)	(-1, -1, -1, 0)	(-1, -1, -1, 0)	(-1, -1, -1, 0)	(-1, -1, -1, 0)	(-1, -1, -1, 0)	(-1, -1, -1, 0)
23:	(657, 637, 660, 4)	(1324, 1322, 1327, 4)	(1067, 1065, 1069, 4)	(1339, 1337, 1342, 4)	(1158, 1065, 1160, 4)	(144, 142, 146, 4)	(259, 252, 261, 4)	(354, 346, 356, 4)	(1397, 1395, 1398, 4)	(1503, 1336, 1504, 4)	(-1, -1, -1, 0)	(-1, -1, -1, 0)	(-1, -1, -1, 0)	(-1, -1, -1, 0)	(-1, -1, -1, 0)	(-1, -1, -1, 0)
24:	(1708, 1363, 1722, 4)	(1645, 1561, 1655, 4)	(1072, 1066, 1076, 4)	(1379, 1359, 1384, 4)	(1277, 1270, 1282, 4)	(1191, 1190, 1195, 4)	(671, 668, 672, 4)	(190, 181, 193, 4)	(1708, 1362, 1710, 4)	(37, 36, -1, 1)	(-1, -1, -1, 0)	(-1, -1, -1, 0)	(-1, -1, -1, 0)	(-1, -1, -1, 0)	(-1, -1, -1, 0)	(-1, -1, -1, 0)
25:	(2000, 1997, -1, 1)	(401, 399, 404, 4)	(259, 253, 264, 4)	(1272, 1269, 1274, 4)	(401, 398, 403, 4)	(441, 439, 443, 4)	(1250, 1249, 1254, 4)	(743, 252, 745, 4)	(1182, 1174, 1183, 4)	(1835, 266, 1836, 4)	(69, 68, -1, 1)	(-1, -1, -1, 0)	(-1, -1, -1, 0)	(-1, -1, -1, 0)	(-1, -1, -1, 0)	(-1, -1, -1, 0)
26:	(1580, 1561, 1584, 4)	(1451, 1450, 1455, 4)	(424, 397, 425, 4)	(1649, 1606, 1651, 4)	(416, 414, 419, 4)	(349, 346, 351, 4)	(1844, 346, 1846, 4)	(7, 5, -1, 1)	(1084, 1083, -1, 1)	(1045, 1042, -1, 1)	(760, 759, -1, 1)	(130, 129, -1, 1)	(-1, -1, -1, 0)	(-1, -1, -1, 0)	(-1, -1, -1, 0)	(-1, -1, -1, 0)
27:	(516, 504, 521, 4)	(149, 143, 153, 4)	(1608, 1606, 1610, 4)	(466, 464, 468, 4)	(1608, 1607, 1612, 4)	(671, 669, 673, 4)	(671, 670, 675, 4)	(2099, 2076, 2102, 4)	(1613, 1605, 1614, 4)	(1602, 1600, -1, 1)	(698, 683, 699, 4)	(-1, -1, -1, 0)	(-1, -1, -1, 0)	(-1, -1, -1, 0)	(-1, -1, -1, 0)	(-1, -1, -1, 0)
28:	(1580, 1560, 1583, 4)	(1397, 1396, 1401, 4)	(456, 435, 458, 4)	(1707, 1358, 1712, 4)	(676, 669, 678, 4)	(1627, 1594, 1633, 4)	(49, 35, 54, 4)	(1374, 1357, 1375, 4)	(2146, 2144, -1, 1)	(713, 711, -1, 1)	(-1, -1, -1, 0)	(-1, -1, -1, 0)	(-1, -1, -1, 0)	(-1, -1, -1, 0)	(-1, -1, -1, 0)	(-1, -1, -1, 0)
29:	(1504, 1341, 1505, 4)	(716, 634, 719, 4)	(1272, 1268, 1273, 4)	(1702, 1268, 1703, 4)	(1672, 1175, 1674, 4)	(2128, 2114, 2133, 4)	(1379, 1357, 1380, 4)	(1342, 1340, -1, 1)	(1343, 1340, -1, 1)	(470, 467, -1, 1)	(18, 14, -1, 1)	(-1, -1, -1, 0)	(-1, -1, -1, 0)	(-1, -1, -1, 0)	(-1, -1, -1, 0)	(-1, -1, -1, 0)
30:	(1707, 1359, 1722, 4)	(1128, 1127, 1132, 4)	(1177, 1175, 1179, 4)	(1364, 1363, 1368, 4)	(1250, 1247, 1251, 4)	(1364, 1361, 1365, 4)	(1389, 1386, 1390, 4)	(1413, 1386, 1414, 4)	(416, 413, 417, 4)	(1438, 1436, -1, 1)	(-1, -1, -1, 0)	(-1, -1, -1, 0)	(-1, -1, -1, 0)	(-1, -1, -1, 0)	(-1, -1, -1, 0)	(-1, -1, -1, 0)
31:	(1389, 1388, 1392, 4)	(1067, 1066, 1071, 4)	(1177, 1176, 1181, 4)	(1702, 1269, 1704, 4)	(451, 436, 455, 4)	(1399, 1398, -1, 1)	(451, 434, 452, 4)	(674, 672, -1, 1)	(2202, 2113, 2203, 4)	(1023, 1022, -1, 1)	(-1, -1, -1, 0)	(-1, -1, -1, 0)	(-1, -1, -1, 0)	(-1, -1, -1, 0)	(-1, -1, -1, 0)	(-1, -1, -1, 0)
32:	(528, 527, 532, 4)	(691, 684, 693, 4)	(698, 684, 700, 4)	(519, 512, 523, 4)	(254, 253, 258, 4)	(1400, 1398, -1, 1)	(1128, 1126, 1129, 4)	(528, 526, 529, 4)	(1507, 1386, 1508, 4)	(254, 251, 255, 4)	(-1, -1, -1, 0)	(-1, -1, -1, 0)	(-1, -1, -1, 0)	(-1, -1, -1, 0)	(-1, -1, -1, 0)	(-1, -1, -1, 0)
33:	(1963, 69, 1967, 4)	(686, 684, 688, 4)	(441, 440, 445, 4)	(2170, 2150, 2172, 4)	(2170, 2151, 2174, 4)	(468, 467, -1, 1)	(149, 141, 150, 4)	(1698, 1247, 1699, 4)	(673, 672, -1, 1)	(2121, 2120, -1, 1)	(2122, 2120, -1, 1)	(-1, -1, -1, 0)	(-1, -1, -1, 0)	(-1, -1, -1, 0)	(-1, -1, -1, 0)	(-1, -1, -1, 0)
34:	(2214, 7, 2229, 4)	(1976, 130, 1977, 4)	(144, 143, 148, 4)	(1451, 1449, 1452, 4)	(1376, 1375, -1, 1)	(1377, 1375, -1, 1)	(144, 141, 145, 4)	(259, 251, 260, 4)	(1693, 1189, 1694, 4)	(1878, 668, 1879, 4)	(1427, 1426, -1, 1)	(-1, -1, -1, 0)	(-1, -1, -1, 0)	(-1, -1, -1, 0)	(-1, -1, -1, 0)	(-1, -1, -1, 0)
35:	(1648, 1602, 1653, 4)	(1620, 1602, 1622, 4)	(1645, 1560, 1647, 4)	(327, 326, 331, 4)	(1849, 435, 1854, 4)	(327, 324, 328, 4)	(561, 413, 562, 4)	(1603, 1600, -1, 1)	(332, 325, 334, 4)	(1850, 439, 1852, 4)	(1226, 1225, -1, 1)	(-1, -1, -1, 0)	(-1, -1, -1, 0)	(-1, -1, -1, 0)	(-1, -1, -1, 0)	(-1, -1, -1, 0)
36:	(1693, 1190, 1722, 4)	(2059, 713, 2061, 4)	(1374, 1359, 1378, 4)	(1844, 345, 1845, 4)	(1255, 1247, 1256, 4)	(1252, 1251, -1, 1)	(1253, 1251, -1, 1)	(1393, 1390, -1, 1)	(204, 202, -1, 1)	(632, 630, -1, 1)	(1043, 1042, -1, 1)	(988, 987, -1, 1)	(-1, -1, -1, 0)	(-1, -1, -1, 0)	(-1, -1, -1, 0)	(-1, -1, -1, 0)
37:	(1504, 1343, 1512, 4)	(1504, 1342, 1511, 4)	(1350, 1343, 1353, 4)	(620, 470, 626, 4)	(717, 637, 719, 4)	(2128, 2113, 2132, 4)	(474, 472, 475, 4)	(1367, 1365, -1, 1)	(453, 452, -1, 1)	(11, 10, -1, 1)	(771, 770, -1, 1)	(-1, -1, -1, 0)	(-1, -1, -1, 0)	(-1, -1, -1, 0)	(-1, -1, -1, 0)	(-1, -1, -1, 0)
38:	(1350, 1342, 1352, 4)	(268, 267, 272, 4)	(91, 71, 93, 4)	(2165, 2164, 2169, 4)	(1130, 1129, -1, 1)	(1391, 1390, -1, 1)	(530, 529, -1, 1)	(531, 529, -1, 1)	(418, 417, -1, 1)	(419, 417, -1, 1)	(420, 417, -1, 1)	(256, 255, -1, 1)	(796, 794, -1, 1)	(-1, -1, -1, 0)	(-1, -1, -1, 0)	(-1, -1, -1, 0)
39:	(720, 674, 726, 4)	(1755, 1438, 1766, 4)	(1443, 1438, 1447, 4)	(677, 674, 680, 4)	(2233, 2076, 2237, 4)	(1407, 1399, 1408, 4)	(1131, 1129, -1, 1)	(332, 324, 333, 4)	(1620, 1601, 1621, 4)	(1105, 1103, 1106, 4)	(2138, 2136, -1, 1)	(-1, -1, -1, 0)	(-1, -1, -1, 0)	(-1, -1, -1, 0)	(-1, -1, -1, 0)	(-1, -1, -1, 0)
40:	(2223, 2146, 2229, 4)	(1407, 1400, 1409, 4)	(1402, 1399, 1403, 4)	(1453, 1452, -1, 1)	(1401, 1398, -1, 1)	(1415, 1395, 1416, 4)	(1454, 1452, -1, 1)	(1277, 1268, 1278, 4)	(454, 452, -1, 1)	(146, 145, -1, 1)	(675, 672, -1, 1)	(2187, 2146, 2192, 4)	(1034, 1033, -1, 1)	(-1, -1, -1, 0)	(-1, -1, -1, 0)	(-1, -1, -1, 0)
41:	(2239, 2122, 2244, 4)	(1879, 674, 1883, 4)	(2239, 2121, 2243, 4)	(620, 468, 621, 4)	(1402, 1400, 1404, 4)	(1366, 1365, -1, 1)	(1191, 1189, 1192, 4)	(1392, 1390, -1, 1)	(147, 145, -1, 1)	(1849, 434, 1853, 4)	(-1, 6, -1, 5)	(1024, 1022, -1, 1)	(-1, -1, -1, 0)	(-1, -1, -1, 0)	(-1, -1, -1, 0)	(-1, -1, -1, 0)
42:	(1439, 1427, 1444, 4)	(1878, 669, 1880, 4)	(1369, 1361, 1370, 4)	(1067, 1064, 1068, 4)	(1648, 1601, 1652, 4)	(1369, 1362, 1371, 4)	(446, 439, 448, 4)	(2191, 2189, -1, 1)	(133, 131, -1, 1)	(-1, -1, -1, 0)	(2214, -1, 2217, 6)	(-1, -1, -1, 0)	(-1, -1, -1, 0)	(-1, -1, -1, 0)	(-1, -1, -1, 0)	(-1, -1, -1, 0)
43:	(1471, 1377, 1478, 4)	(1648, 1603, 1658, 4)	(1620, 1603, 1624, 4)	(476, 475, -1, 1)	(1455, 1452, -1, 1)	(1380, 1376, 1381, 4)	(477, 475, -1, 1)	(1471, 1376, -1, 7)	(478, 475, -1, 1)	(329, 328, -1, 1)	(330, 328, -1, 1)	(205, 203, 206, 4)	(469, 467, -1, 1)	(-1, -1, -1, 0)	(-1, -1, -1, 0)	(-1, -1, -1, 0)
44:	(1508, 1393, 1514, 4)	(1414, 1393, 1422, 4)	(1543, 1393, 1549, 4)	(655, 632, 660, 4)	(1699, 1253, -1, 7)	(86, 85, 90, 4)	(1132, 1129, -1, 1)	(-1, -1, 1472, 8)	(1378, 1375, -1, 1)	(1755, 1437, 1756, 4)	(331, 328, -1, 1)	(655, 631, 658, 4)	(-1, -1, -1, 0)	(-1, -1, -1, 0)	(-1, -1, -1, 0)	(-1, -1, -1, 0)
45:	(1380, 1377, 1382, 4)	(205, 204, 209, 4)	(1487, 1449, 1488, 4)	(441, 438, 442, 4)	(-1, -1, 1701, 8)	(446, 438, 447, 4)	(1368, 1365, -1, 1)	(691, 683, 692, 4)	(743, 251, 744, 4)	(861, 860, -1, 1)	(3, 2, -1, 1)	(-1, -1, -1, 0)	(-1, -1, -1, 0)	(-1, -1, -1, 0)	(-1, -1, -1, 0)	(-1, -1, -1, 0)
46:	(562, 419, 569, 4)	(562, 420, 570, 4)	(539, 531, 541, 4)	(565, 531, 567, 4)	(427, 419, 429, 4)	(427, 420, 430, 4)	(1543, 1391, 1544, 4)	(1150, 1126, 1151, 4)	(457, 453, 458, 4)	(532, 529, -1, 1)	(2082, 2081, -1, 1)	(-1, -1, -1, 0)	(-1, -1, -1, 0)	(-1, -1, -1, 0)	(-1, -1, -1, 0)	(-1, -1, -1, 0)
47:	(427, 418, 428, 4)	(1508, 1391, 1509, 4)	(562, 418, 563, 4)	(2243, 2240, -1, 1)	(1416, 1400, 1418, 4)	(1404, 1403, -1, 1)	(1416, 1399, 1417, 4)	(1406, 1403, -1, 1)	(1177, 1174, 1178, 4)	(148, 145, -1, 1)	(257, 255, -1, 1)	(2119, 2118, -1, 1)	(2192, 2189, -1, 1)	(-1, -1, -1, 0)	(-1, -1, -1, 0)	(-1, -1, -1, 0)
48:	(548, 454, 555, 4)	(1853, 454, 1857, 4)	(720, 675, 729, 4)	(1462, 1454, 1464, 4)	(1261, 1253, 1263, 4)	(533, 531, 535, 4)	(1193, 1192, -1, 1)	(1194, 1192, -1, 1)	(539, 530, 540, 4)	(258, 255, -1, 1)	(128, 126, -1, 1)	(-1, -1, -1, 0)	(-1, -1, -1, 0)	(-1, -1, -1, 0)	(-1, -1, -1, 0)	(-1, -1, -1, 0)
49:	(1469, 1367, 1478, 4)	(1508, 1392, 1512, 4)	(1543, 1392, 1547, 4)	(1407, 1401, 1410, 4)	(150, 147, 152, 4)	(677, 675, 681, 4)	(1133, 1130, 1134, 4)	(1071, 1068, -1, 1)	(818, 796, 821, 4)	(923, 922, -1, 1)	(2080, 2078, -1, 1)	(-1, -1, -1, 0)	(-1, -1, -1, 0)	(-1, -1, -1, 0)	(-1, -1, -1, 0)	(-1, -1, -1, 0)
50:	(1414, 1391, 1419, 4)	(1414, 1392, 1421, 4)	(1402, 1401, 1405, 4)	(1138, 1130, 1139, 4)	(1070, 1068, -1, 1)	(1383, 1381, -1, 1)	(1622, 1621, -1, 1)	(1623, 1621, -1, 1)	(1624, 1621, -1, 1)	(1217, 1216, 1219, 4)	(190, 180, 191, 4)	(361, 360, -1, 1)	(764, 763, -1, 1)	(4, 2, -1, 1)	(-1, -1, -1, 0)	(-1, -1, -1, 0)
51:	(1488, 1455, 1492, 4)	(1462, 1455, 1466, 4)	(1488, 1454, 1490, 4)	(484, 478, 487, 4)	(479, 477, 481, 4)	(479, 478, 482, 4)	(484, 477, 486, 4)	(19, 11, 21, 4)	(1462, 1453, 1463, 4)	(1608, 1605, 1609, 4)	(1488, 1453, 1489, 4)	(12, 10, -1, 1)	(665, 664, -1, 1)	(124, 123, -1, 1)	(-1, -1, -1, 0)	(-1, -1, -1, 0)
52:	(1471, 1378, 1482, 4)	(2206, 2191, 2208, 4)	(620, 469, 624, 4)	(1138, 1131, 1140, 4)	(1380, 1378, 1384, 4)	(1382, 1381, -1, 1)	(443, 442, -1, 1)	(444, 442, -1, 1)	(209, 206, -1, 1)	(445, 442, -1, 1)	(67, 65, -1, 1)	(2137, 2136, -1, 1)	(-1, -1, -1, 0)	(-1, -1, -1, 0)	(-1, -1, -1, 0)	(-1, -1, -1, 0)
53:	(2196, 2191, 2198, 4)	(1138, 1132, 1141, 4)	(1133, 1132, 1136, 4)	(1151, 1131, 1153, 4)	(484, 476, 485, 4)	(1151, 1130, 1152, 4)	(1179, 1178, -1, 1)	(1158, 1064, 1159, 4)	(354, 345, 355, 4)	(1181, 1178, -1, 1)	(-1, -1, -1, 0)	(-1, -1, -1, 0)	(-1, -1, -1, 0)	(-1, -1, -1, 0)	(-1, -1, -1, 0)	(-1, -1, -1, 0)
54:	(539, 532, 543, 4)	(338, 331, 343, 4)	(492, 472, 493, 4)	(207, 206, -1, 1)	(208, 206, -1, 1)	(1180, 1178, -1, 1)	(548, 453, -1, 7)	(1254, 1251, -1, 1)	(2165, 2163, 2166, 4)	(744, 256, 745, 4)	(1853, 453, 1854, 4)	(-1, -1, -1, 0)	(-1, -1, -1, 0)	(-1, -1, -1, 0)	(-1, -1, -1, 0)	(-1, -1, -1, 0)
55:	(1473, 1406, 1478, 4)	(565, 532, 569, 4)	(1417, 1406, 1420, 4)	(1456, 1454, 1458, 4)	(1408, 1406, 1411, 4)	(1133, 1131, 1135, 4)	(-1, -1, 549, 8)	(1417, 1404, 1418, 4)	(1473, 1404, 1474, 4)	(455, 452, -1, 1)	(2013, 40, 2015, 4)	(891, 890, -1, 1)	(-1, -1, -1, 0)	(-1, -1, -1, 0)	(-1, -1, -1, 0)	(-1, -1, -1, 0)
56:	(2206, 2192, 2211, 4)	(1975, 128, 1986, 4)	(1416, 1401, 1419, 4)	(338, 330, 340, 4)	(284, 257, 287, 4)	(1405, 1403, -1, 1)	(1069, 1068, -1, 1)	(1137, 1134, -1, 1)	(789, 760, -1, 7)	(1894, 133, 1897, 4)	(-1, -1, -1, 0)	(-1, -1, -1, 0)	(-1, -1, -1, 0)	(-1, -1, -1, 0)	(-1, -1, -1, 0)	(-1, -1, -1, 0)
57:	(744, 258, 752, 4)	(284, 258, 289, 4)	(1196, 1194, 1198, 4)	(1201, 1194, 1203, 4)	(457, 454, 459, 4)	(533, 532, 537, 4)	(1694, 1194, 1696, 4)	(29, 3, 31, 4)	(-1, -1, 792, 8)	(533, 530, 534, 4)	(859, 858, -1, 1)	(2127, 2125, -1, 1)	(-1, -1, -1, 0)	(-1, -1, -1, 0)	(-1, -1, -1, 0)	(-1, -1, -1, 0)
58:	(1469, 1368, 1482, 4)	(1472, 1383, 1480, 4)	(1637, 1622, 1638, 4)	(1652, 1622, 1653, 4)	(1652, 1623, -1, 7)	(1611, 1609, -1, 1)	(1612, 1609, -1, 1)	(155, 146, 156, 4)	(2285, 2163, 2286, 4)	(1217, 1215, 1218, 4)	(1113, 1103, 1114, 4)	(1699, 1252, -1, 7)	(1425, 1424, -1, 1)	(-1, -1, -1, 0)	(-1, -1, -1, 0)	(-1, -1, -1, 0)
59:	(1506, 1383, 1512, 4)	(1652, 1624, 1658, 4)	(1637, 1624, 1642, 4)	(19, 12, 22, 4)	(-1, -1, 1655, 8)	(2094, 2080, 2097, 4)	(1694, 1193, 1695, 4)	(1840, 326, 1874, 4)	(1017, 988, -1, 7)	(2077, 2075, -1, 1)	(-1, -1, -1, 0)	(-1, -1, 1700, 8)	(-1, -1, -1, 0)	(-1, -1, -1, 0)	(-1, -1, -1, 0)	(-1, -1, -1, 0)
60:	(1472, 1382, -1, 7)	(546, 445, 560, 4)	(2247, 2137, 2248, 4)	(215, 209, 218, 4)	(210, 209, 213, 4)	(1610, 1609, -1, 1)	(1484, 1336, 1485, 4)	(227, 203, 228, 4)	(-1, -1, 1020, 8)	(155, 148, 158, 4)	(303, 302, -1, 1)	(-1, -1, -1, 0)	(-1, -1, -1, 0)	(-1, -1, -1, 0)	(-1, -1, -1, 0)	(-1, -1, -1, 0)
61:	(-1, -1, 1478, 8)	(546, 444, 555, 4)	(1673, 1181, 1681, 4)	(1637, 1623, 1640, 4)	(493, 478, 496, 4)	(1183, 1181, 1187, 4)	(150, 148, 153, 4)	(1135, 1134, -1, 1)	(1183, 1179, 1184, 4)	(460, 458, -1, 1)	(1107, 1106, -1, 1)	(2040, 85, 2055, 4)	(-1, -1, -1, 0)	(-1, -1, -1, 0)	(-1, -1, -1, 0)	(-1, -1, -1, 0)
62:	(1699, 1254, 1722, 4)	(2196, 2192, 2199, 4)	(1159, 1071, 1169, 4)	(1261, 1254, 1266, 4)	(1183, 1180, 1185, 4)	(1673, 1180, 1675, 4)	(260, 258, 264, 4)	(260, 256, 261, 4)	(2168, 2166, -1, 1)	(2169, 2166, -1, 1)	(155, 147, 157, 4)	(-1, -1, -1, 0)	(-1, -1, -1, 0)	(-1, -1, -1, 0)	(-1, -1, -1, 0)	(-1, -1, -1, 0)
63:	(1506, 1382, -1, 7)	(1207, 1180, 1210, 4)	(1456, 1455, 1460, 4)	(457, 455, 461, 4)	(744, 257, 746, 4)	(29, 4, 32, 4)	(536, 534, -1, 1)	(537, 534, -1, 1)	(31, 30, -1, 1)	(108, 67, 113, 4)	(1589, 1587, -1, 1)	(-1, -1, -1, 0)	(-1, -1, -1, 0)	(-1, -1, -1, 0)	(-1, -1, -1, 0)	(-1, -1, -1, 0)
64:	(-1, -1, 1510, 8)	(1973, 67, 1986, 4)	(1417, 1405, 1419, 4)	(1139, 1137, 1142, 4)	(210, 208, 212, 4)	(1408, 1404, 1409, 4)	(268, 266, 269, 4)	(1384, 1381, -1, 1)	(377, 376, 378, 4)	(127, 126, -1, 1)	(943, 942, -1, 1)	(-1, -1, -1, 0)	(-1, -1, -1, 0)	(-1, -1, -1, 0)	(-1, -1, -1, 0)	(-1, -1, -1, 0)
65:	(1473, 1405, 1475, 4)	(1408, 1405, 1410, 4)	(1456, 1453, 1457, 4)	(490, 463, 491, 4)	(535, 534, -1, 1)	(584, 463, 585, 4)	(1732, 1596, 1733, 4)	(2259, 2150, 2260, 4)	(1562, 1554, 1563, 4)	(2143, 2142, -1, 1)	(-1, -1, -1, 0)	(-1, -1, -1, 0)	(-1, -1, -1, 0)	(-1, -1, -1, 0)	(-1, -1, -1, 0)	(-1, -1, -1, 0)
66:	(548, 455, 560, 4)	(1635, 1611, 1638, 4)	(1650, 1611, 1653, 4)	(1650, 1612, 1655, 4)	(1485, 1342, 1492, 4)	(1485, 1341, 1486, 4)	(479, 476, 480, 4)	(1673, 1179, 1674, 4)	(2097, 2095, -1, 1)	(506, 505, -1, 1)	(-1, -1, -1, 0)	(-1, -1, -1, 0)	(-1, -1, -1, 0)	(-1, -1, -1, 0)	(-1, -1, -1, 0)	(-1, -1, -1, 0)
67:	(2233, 2077, 2244, 4)	(1485, 1343, 1493, 4)	(1635, 1612, 1640, 4)	(1614, 1611, 1616, 4)	(1614, 1612, 1618, 4)	(1207, 1179, 1208, 4)	(1186, 1184, -1, 1)	(677, 673, 678, 4)	(22, 20, -1, 1)	(2257, 2122, 2270, 4)	(1562, 1555, 1564, 4)	(1897, 1895, -1, 1)	(-1, -1, -1, 0)	(-1, -1, -1, 0)	(-1, -1, -1, 0)	(-1, -1, -1, 0)
68:	(1165, 1137, -1, 7)	(1207, 1181, 1212, 4)	(228, 208, 230, 4)	(1614, 1610, 1615, 4)	(1650, 1610, 1651, 4)	(1185, 1184, -1, 1)	(1195, 1192, -1, 1)	(1187, 1184, -1, 1)	(263, 261, -1, 1)	(1850, 438, 1851, 4)	(21, 20, -1, 1)	(446, 440, 450, 4)	(-1, -1, -1, 0)	(-1, -1, -1, 0)	(-1, -1, -1, 0)	(-1, -1, -1, 0)
69:	(-1, -1, 1169, 8)	(549, 460, 557, 4)	(1854, 460, 1859, 4)	(215, 208, 217, 4)	(260, 257, 262, 4)	(1139, 1135, 1140, 4)	(459, 458, -1, 1)	(284, 256, 285, 4)	(2234, 2082, 2235, 4)	(1078, 1070, 1080, 4)	(1001, 1000, -1, 1)	(1941, 1938, -1, 1)	(-1, -1, -1, 0)	(-1, -1, -1, 0)	(-1, -1, -1, 0)	(-1, -1, -1, 0)
70:	(583, 460, 589, 4)	(2176, 2169, 2181, 4)	(2171, 2168, 2173, 4)	(2176, 2168, 2178, 4)	(2171, 2169, 2175, 4)	(2286, 2168, 2288, 4)	(1411, 1409, -1, 1)	(1201, 1193, 1202, 4)	(1412, 1409, -1, 1)	(2167, 2166, -1, 1)	(380, 378, -1, 1)	(84, 83, -1, 1)	(811, 810, -1, 1)	(1928, 1926, -1, 1)	(-1, -1, -1, 0)	(-1, -1, -1, 0)
71:	(553, 537, 556, 4)	(1733, 1602, 1735, 4)	(1733, 1603, 1741, 4)	(491, 468, 496, 4)	(540, 536, 542, 4)	(540, 537, 543, 4)	(491, 469, 498, 4)	(491, 470, 499, 4)	(1152, 1135, 1153, 4)	(1152, 1137, 1156, 4)	(379, 378, -1, 1)	(2088, 2086, -1, 1)	(-1, -1, -1, 0)	(-1, -1, -1, 0)	(-1, -1, -1, 0)	(-1, -1, -1, 0)
72:	(1472, 1384, 1482, 4)	(585, 470, 591, 4)	(1625, 1589, 1634, 4)	(1458, 1457, -1, 1)	(1459, 1457, -1, 1)	(1460, 1457, -1, 1)	(493, 476, 494, 4)	(580, 413, 581, 4)	(1879, 673, 1880, 4)	(332, 326, 336, 4)	(139, 135, -1, 1)	(2079, 2078, -1, 1)	(-1, -1, -1, 0)	(-1, -1, -1, 0)	(-1, -1, -1, 0)	(-1, -1, -1, 0)
73:	(553, 536, 555, 4)	(2222, 2143, 2229, 4)	(540, 535, 541, 4)	(553, 535, 554, 4)	(1410, 1409, -1, 1)	(1072, 1064, 1073, 4)	(483, 480, -1, 1)	(210, 207, 211, 4)	(228, 207, 229, 4)	(679, 678, -1, 1)	(-1, 443, -1, 5)	(941, 940, -1, 1)	(986, 985, -1, 1)	(-1, -1, -1, 0)	(-1, -1, -1, 0)	(-1, -1, -1, 0)
74:	(585, 468, 586, 4)	(493, 477, 495, 4)	(481, 480, -1, 1)	(482, 480, -1, 1)	(1136, 1134, -1, 1)	(565, 530, 566, 4)	(1815, 511, 1817, 4)	(680, 678, -1, 1)	(1150, 1127, 1155, 4)	(2124, 2123, -1, 1)	(1851, -1, 1852, 6)	(-1, -1, -1, 0)	(-1, -1, -1, 0)	(-1, -1, -1, 0)	(-1, -1, -1, 0)	(-1, -1, -1, 0)
75:	(1851, 444, 1857, 4)	(1520, 1186, 1526, 4)	(1674, 1186, 1676, 4)	(517, 506, 521, 4)	(1165, 1135, 1166, 4)	(1143, 1140, -1, 1)	(32, 30, -1, 1)	(2259, 2151, 2269, 4)	(132, 131, -1, 1)	(-1, -1, -1, 0)	(-1, -1, -1, 0)	(-1, -1, -1, 0)	(-1, -1, -1, 0)	(-1, -1, -1, 0)	(-1, -1, -1, 0)	(-1, -1, -1, 0)
76:	(1694, 1195, 1722, 4)	(585, 469, 589, 4)	(1674, 1187, 1681, 4)	(1520, 1187, 1528, 4)	(285, 263, 288, 4)	(1520, 1185, 1523, 4)	(1142, 1140, -1, 1)	(1618, 1615, -1, 1)	(262, 261, -1, 1)	(264, 261, -1, 1)	(1913, 124, 1915, 4)	(1220, 1218, -1, 1)	(-1, -1, -1, 0)	(-1, -1, -1, 0)	(-1, -1, -1, 0)	(-1, -1, -1, 0)
77:	(583, 459, -1, 7)	(1208, 1186, 1211, 4)	(1208, 1185, 1210, 4)	(1208, 1187, 1212, 4)	(1196, 1193, 1197, 4)	(1616, 1615, -1, 1)	(1617, 1615, -1, 1)	(1849, 436, 1874, 4)	(2016, 72, 2026, 4)	(1109, 1107, 1110, 4)	(1573, 1567, 1574, 4)	(990, 989, -1, 1)	(-1, -1, -1, 0)	(-1, -1, -1, 0)	(-1, -1, -1, 0)	(-1, -1, -1, 0)
78:	(-1, -1, 587, 8)	(1752, 1411, 1758, 4)	(597, 263, 603, 4)	(1418, 1411, 1420, 4)	(1418, 1412, 1423, 4)	(1942, 1928, 1945, 4)	(270, 269, -1, 1)	(720, 673, 721, 4)	(681, 678, -1, 1)	(2106, 31, 2109, 4)	(1588, 1587, -1, 1)	(-1, -1, -1, 0)	(-1, -1, -1, 0)	(-1, -1, -1, 0)	(-1, -1, -1, 0)	(-1, -1, -1, 0)
79:	(549, 459, -1, 7)	(1474, 1411, 1478, 4)	(1073, 1070, 1075, 4)	(1073, 1071, 1076, 4)	(1073, 1069, 1074, 4)	(1078, 1069, 1079, 4)	(1159, 1069, 1160, 4)	(862, 859, 864, 4)	(1898, 127, 1909, 4)	(1113, 1104, 1116, 4)	(1159, 1070, 1161, 4)	(-1, -1, -1, 0)	(-1, -1, -1, 0)	(-1, -1, -1, 0)	(-1, -1, -1, 0)	(-1, -1, -1, 0)
80:	(-1, -1, 555, 8)	(1476, 1460, 1479, 4)	(1489, 1459, -1, 7)	(566, 536, -1, 7)	(1489, 1460, -1, 7)	(566, 537, -1, 7)	(581, 419, 588, 4)	(1463, 1460, 1466, 4)	(1489, 1458, -1, 7)	(581, 418, 582, 4)	(2094, 2079, 2096, 4)	(271, 269, -1, 1)	(797, 796, 800, 4)	(797, 795, 798, 4)	(777, 776, -1, 1)	(-1, -1, -1, 0)
81:	(1474, 1412, 1483, 4)	(494, 483, 497, 4)	(-1, -1, 1491, 8)	(-1, -1, 568, 8)	(-1, -1, 1492, 8)	(-1, -1, 569, 8)	(566, 535, -1, 7)	(485, 483, 488, 4)	(-1, -1, 1490, 8)	(461, 458, -1, 1)	(2016, 71, 2017, 4)	(381, 380, 383, 4)	(381, 379, 382, 4)	(-1, -1, -1, 0)	(-1, -1, -1, 0)	(-1, -1, -1, 0)
82:	(1854, 459, 1857, 4)	(581, 420, 589, 4)	(494, 482, 496, 4)	(550, 482, 552, 4)	(697, 679, 701, 4)	(2131, 2124, 2134, 4)	(-1, -1, 567, 8)	(1052, 1045, 1056, 4)	(824, 817, 827, 4)	(707, 666, 714, 4)	(-1, -1, -1, 0)	(-1, -1, -1, 0)	(-1, -1, -1, 0)	(-1, -1, -1, 0)	(-1, -1, -1, 0)	(-1, -1, -1, 0)
83:	(1506, 1384, 1515, 4)	(1463, 1458, 1464, 4)	(1463, 1459, 1465, 4)	(1476, 1458, 1477, 4)	(1198, 1197, -1, 1)	(550, 481, 551, 4)	(1199, 1197, -1, 1)	(2257, 2121, 2269, 4)	(2014, 42, -1, 7)	(1151, 1132, 1155, 4)	(1370, 1366, 1371, 4)	(1429, 1428, -1, 1)	(-1, -1, -1, 0)	(-1, -1, -1, 0)	(-1, -1, -1, 0)	(-1, -1, -1, 0)
84:	(745, 264, 752, 4)	(1651, 1618, 1655, 4)	(597, 264, 605, 4)	(745, 263, 747, 4)	(-1, 1410, -1, 5)	(1752, 1410, 1753, 4)	(1752, 1412, 1766, 4)	(1166, 1142, 1169, 4)	(-1, -1, 2026, 8)	(1628, 1618, 1631, 4)	(1057, 986, 1059, 4)	(1933, 1932, 1935, 4)	(-1, -1, -1, 0)	(-1, -1, -1, 0)	(-1, -1, -1, 0)	(-1, -1, -1, 0)
85:	(1476, 1459, 1478, 4)	(1628, 1616, 1629, 4)	(721, 680, 726, 4)	(1880, 680, 1883, 4)	(1474, -1, 1475, 6)	(697, 680, 703, 4)	(721, 679, 724, 4)	(1077, 1074, -1, 1)	(235, 141, 236, 4)	(2176, 2167, 2177, 4)	(1039, 1038, -1, 1)	(1930, 1929, -1, 1)	(-1, -1, -1, 0)	(-1, -1, -1, 0)	(-1, -1, -1, 0)	(-1, -1, -1, 0)
86:	(550, 483, 555, 4)	(1651, 1616, 1653, 4)	(721, 681, 729, 4)	(1533, 1143, 1549, 4)	(1533, 1142, 1536, 4)	(485, 482, 487, 4)	(494, 481, 495, 4)	(1076, 1074, -1, 1)	(1240, 1220, 1243, 4)	(799, 798, -1, 1)	(-1, -1, -1, 0)	(-1, -1, -1, 0)	(-1, -1, -1, 0)	(-1, -1, -1, 0)	(-1, -1, -1, 0)	(-1, -1, -1, 0)
87:	(1651, 1617, 1654, 4)	(1418, 1410, 1419, 4)	(1628, 1617, 1630, 4)	(285, 262, 287, 4)	(597, 262, 600, 4)	(285, 264, 289, 4)	(697, 681, 704, 4)	(272, 269, -1, 1)	(2084, 2083, -1, 1)	(1915, 1914, -1, 1)	(815, 814, -1, 1)	(-1, -1, -1, 0)	(-1, -1, -1, 0)	(-1, -1, -1, 0)	(-1, -1, -1, 0)	(-1, -1, -1, 0)
88:	(1166, 1143, 1171, 4)	(1201, 1195, 1206, 4)	(1196, 1195, 1200, 4)	(485, 481, 486, 4)	(1635, 1610, 1636, 4)	(1880, 679, 1881, 4)	(1960, 34, 1961, 4)	(2106, 32, 2110, 4)	(1564, 1563, -1, 1)	(1565, 1563, -1, 1)	(-1, -1, -1, 0)	(-1, -1, -1, 0)	(-1, -1, -1, 0)	(-1, -1, -1, 0)	(-1, -1, -1, 0)	(-1, -1, -1, 0)
89:	(583, 461, 593, 4)	(1139, 1136, 1141, 4)	(278, 271, 280, 4)	(1836, 271, 1838, 4)	(1733, 1601, 1734, 4)	(2171, 2167, 2172, 4)	(1977, 139, 1981, 4)	(1152, 1136, 1155, 4)	(383, 382, -1, 1)	(1256, 1252, 1257, 4)	(-1, -1, -1, 0)	(-1, -1, -1, 0)	(-1, -1, -1, 0)	(-1, -1, -1, 0)	(-1, -1, -1, 0)	(-1, -1, -1, 0)
90:	(549, 461, 560, 4)	(273, 271, 275, 4)	(273, 270, 274, 4)	(278, 270, 279, 4)	(1674, 1185, 1675, 4)	(2040, 84, 2041, 4)	(2056, 21, 2057, 4)	(447, 445, 450, 4)	(294, 292, 295, 4)	(384, 382, -1, 1)	(-1, -1, -1, 0)	(-1, -1, -1, 0)	(-1, -1, -1, 0)	(-1, -1, -1, 0)	(-1, -1, -1, 0)	(-1, -1, -1, 0)
91:	(1521, 1199, 1526, 4)	(1440, 1429, 1444, 4)	(1075, 1074, -1, 1)	(1631, 1629, -1, 1)	(1633, 1629, -1, 1)	(1634, 1629, -1, 1)	(745, 262, 746, 4)	(1836, 270, 1837, 4)	(1945, 1943, -1, 1)	(638, 636, -1, 1)	(1925, 1923, -1, 1)	(136, 135, -1, 1)	(-1, -1, -1, 0)	(-1, -1, -1, 0)	(-1, -1, -1, 0)	(-1, -1, -1, 0)
92:	(1695, 1199, 1718, 4)	(1202, 1199, 1205, 4)	(1202, 1198, 1203, 4)	(1708, 1361, 1709, 4)	(1632, 1629, -1, 1)	(1153, 1143, 1157, 4)	(1894, 132, 1896, 4)	(362, 361, 363, 4)	(1219, 1218, -1, 1)	(62, 60, -1, 1)	(1625, 1588, 1626, 4)	(-1, -1, -1, 0)	(-1, -1, -1, 0)	(-1, -1, -1, 0)	(-1, -1, -1, 0)	(-1, -1, -1, 0)
93:	(1420, 1419, -1, 1)	(1421, 1419, -1, 1)	(1422, 1419, -1, 1)	(1423, 1419, -1, 1)	(1160, 1077, 1170, 4)	(212, 211, -1, 1)	(214, 211, -1, 1)	(1840, 324, 1841, 4)	(385, 380, 387, 4)	(1573, 1568, 1575, 4)	(1079, 1077, 1082, 4)	(125, 123, -1, 1)	(-1, -1, -1, 0)	(-1, -1, -1, 0)	(-1, -1, -1, 0)	(-1, -1, -1, 0)
94:	(1636, 1616, 1638, 4)	(1636, 1618, 1640, 4)	(1636, 1617, 1639, 4)	(236, 148, 246, 4)	(215, 207, 216, 4)	(213, 211, -1, 1)	(2187, 2145, 2190, 4)	(800, 798, -1, 1)	(892, 891, 893, 4)	(762, 761, -1, 1)	(2093, 2090, -1, 1)	(2117, 2115, -1, 1)	(-1, -1, -1, 0)	(-1, -1, -1, 0)	(-1, -1, -1, 0)	(-1, -1, -1, 0)
95:	(1734, 1622, 1735, 4)	(1734, 1623, 1737, 4)	(1160, 1076, 1169, 4)	(1200, 1197, -1, 1)	(1695, 1198, 1696, 4)	(2173, 2172, -1, 1)	(2174, 2172, -1, 1)	(1850, 440, 1874, 4)	(1954, 1915, 1957, 4)	(298, 292, 299, 4)	(885, 883, -1, 1)	(-1, -1, -1, 0)	(-1, -1, -1, 0)	(-1, -1, -1, 0)	(-1, -1, -1, 0)	(-1, -1, -1, 0)
96:	(1646, 1565, 1655, 4)	(278, 272, 283, 4)	(1581, 1564, 1583, 4)	(487, 486, -1, 1)	(1141, 1140, -1, 1)	(488, 486, -1, 1)	(275, 274, -1, 1)	(489, 486, -1, 1)	(1569, 1568, 1571, 4)	(650, 645, 652, 4)	(1569, 1567, 1570, 4)	(650, 644, 651, 4)	(58, 57, -1, 1)	(-1, -1, -1, 0)	(-1, -1, -1, 0)	(-1, -1, -1, 0)
97:	(1734, 1624, 1741, 4)	(1521, 1198, 1522, 4)	(86, 84, 87, 4)	(2175, 2172, -1, 1)	(1992, 1930, 1993, 4)	(2096, 2095, -1, 1)	(1255, 1249, 1259, 4)	(1114, 1107, 1115, 4)	(1924, 1923, -1, 1)	(1918, 1917, -1, 1)	(866, 864, -1, 1)	(-1, -1, -1, 0)	(-1, -1, -1, 0)	(-1, -1, -1, 0)	(-1, -1, -1, 0)	(-1, -1, -1, 0)
98:	(1517, 1077, 1526, 4)	(421, 384, 428, 4)	(1626, 1591, 1630, 4)	(1517, 1076, 1519, 4)	(2256, 2119, 2258, 4)	(1369, 1363, 1373, 4)	(447, 444, 449, 4)	(546, 443, 547, 4)	(113, 110, -1, 1)	(1003, 1002, -1, 1)	(9, 8, -1, 1)	(38, 36, -1, 1)	(-1, -1, -1, 0)	(-1, -1, -1, 0)	(-1, -1, -1, 0)	(-1, -1, -1, 0)
99:	(1709, 1368, 1722, 4)	(1709, 1367, 1715, 4)	(1991, 1925, 2001, 4)	(1653, 1634, 1659, 4)	(686, 683, 687, 4)	(276, 274, -1, 1)	(227, 204, 232, 4)	(1046, 1024, 1049, 4)	(2110, 2108, -1, 1)	(134, 132, 137, 4)	(-1, -1, -1, 0)	(-1, -1, -1, 0)	(-1, -1, -1, 0)	(-1, -1, -1, 0)	(-1, -1, -1, 0)	(-1, -1, -1, 0)
100:	(1962, 62, 1966, 4)	(1653, 1632, 1656, 4)	(1653, 1633, 1658, 4)	(1638, 1631, 1640, 4)	(116, 62, 119, 4)	(1581, 1565, 1584, 4)	(1078, 1071, 1081, 4)	(364, 363, -1, 1)	(297, 295, -1, 1)	(818, 795, 819, 4)	(1284, 1283, -1, 1)	(-1, -1, -1, 0)	(-1, -1, -1, 0)	(-1, -1, -1, 0)	(-1, -1, -1, 0)	(-1, -1, -1, 0)
101:	(1475, 1420, 1478, 4)	(1475, 1423, 1483, 4)	(1475, 1421, 1480, 4)	(1475, 1422, 1481, 4)	(1509, 1422, 1514, 4)	(1753, 1421, 1760, 4)	(242, 214, -1, 7)	(1735, 1634, 1745, 4)	(216, 214, 219, 4)	(1204, 1203, -1, 1)	(1205, 1203, -1, 1)	(1370, 1367, 1372, 4)	(894, 893, -1, 1)	(895, 893, -1, 1)	(-1, -1, -1, 0)	(-1, -1, -1, 0)
102:	(1753, 1420, 1758, 4)	(1509, 1420, 1510, 4)	(1509, 1421, 1512, 4)	(1653, 1631, 1655, 4)	(1735, 1632, 1738, 4)	(1753, 1422, 1762, 4)	(-1, -1, 246, 8)	(242, 212, 243, 4)	(304, 303, 305, 4)	(836, 835, -1, 1)	(-1, -1, -1, 0)	(-1, -1, -1, 0)	(-1, -1, -1, 0)	(-1, -1, -1, 0)	(-1, -1, -1, 0)	(-1, -1, -1, 0)
103:	(1544, 1420, 1545, 4)	(1735, 1633, 1741, 4)	(1521, 1200, 1529, 4)	(1638, 1633, 1642, 4)	(1638, 1634, 1643, 4)	(216, 213, 218, 4)	(1202, 1200, 1206, 4)	(1646, 1564, 1647, 4)	(2260, 2174, 2269, 4)	(1947, 1925, 1952, 4)	(2116, 2115, -1, 1)	(-1, -1, -1, 0)	(-1, -1, -1, 0)	(-1, -1, -1, 0)	(-1, -1, -1, 0)	(-1, -1, -1, 0)
104:	(551, 488, 555, 4)	(551, 489, 559, 4)	(1813, 488, 1819, 4)	(717, 638, 726, 4)	(1841, 330, 1843, 4)	(216, 212, 217, 4)	(229, 212, 230, 4)	(2177, 2173, 2178, 4)	(90, 87, -1, 1)	(992, 991, -1, 1)	(2148, 2147, -1, 1)	(1936, 1934, -1, 1)	(-1, -1, -1, 0)	(-1, -1, -1, 0)	(-1, -1, -1, 0)	(-1, -1, -1, 0)
105:	(1695, 1200, 1722, 4)	(1544, 1421, 1547, 4)	(1509, 1423, 1516, 4)	(1638, 1632, 1641, 4)	(-1, 487, -1, 5)	(1813, 487, 1814, 4)	(1947, 1924, 1950, 4)	(279, 275, 280, 4)	(1913, 125, 1916, 4)	(162, 161, 163, 4)	(-1, -1, -1, 0)	(-1, -1, -1, 0)	(-1, -1, -1, 0)	(-1, -1, -1, 0)	(-1, -1, -1, 0)	(-1, -1, -1, 0)
106:	(1964, 113, -1, 7)	(2004, 58, 2005, 4)	(1753, 1423, 1766, 4)	(2177, 2175, 2181, 4)	(551, -1, 552, 6)	(1630, 1629, -1, 1)	(150, 146, 151, 4)	(1837, 275, 1838, 4)	(1571, 1570, -1, 1)	(1572, 1570, -1, 1)	(1898, 128, 1912, 4)	(-1, -1, -1, 0)	(-1, -1, -1, 0)	(-1, -1, -1, 0)	(-1, -1, -1, 0)	(-1, -1, -1, 0)
107:	(-1, -1, 1969, 8)	(598, 276, 603, 4)	(1837, 276, 1860, 4)	(1735, 1631, 1737, 4)	(1544, 1423, 1552, 4)	(279, 276, 282, 4)	(50, 38, 56, 4)	(1153, 1141, 1155, 4)	(236, 147, 238, 4)	(1085, 1084, 1086, 4)	(778, 773, 779, 4)	(-1, -1, -1, 0)	(-1, -1, -1, 0)	(-1, -1, -1, 0)	(-1, -1, -1, 0)	(-1, -1, -1, 0)
108:	(495, 488, 497, 4)	(495, 489, 500, 4)	(495, 487, 496, 4)	(236, 146, 237, 4)	(598, 275, 599, 4)	(1533, 1141, 1535, 4)	(1285, 1284, 1286, 4)	(385, 379, 386, 4)	(1240, 1219, 1241, 4)	(875, 874, -1, 1)	(-1, -1, -1, 0)	(-1, -1, -1, 0)	(-1, -1, -1, 0)	(-1, -1, -1, 0)	(-1, -1, -1, 0)	(-1, -1, -1, 0)
109:	(1522, 1205, 1526, 4)	(2215, 9, 2216, 4)	(1209, 1205, 1211, 4)	(2177, 2174, 2180, 4)	(2129, 2117, 2135, 4)	(1707, 1357, 1711, 4)	(1209, 1204, 1210, 4)	(1522, 1204, 1523, 4)	(896, 895, 899, 4)	(1948, 1932, 1949, 4)	(48, 46, -1, 1)	(-1, -1, -1, 0)	(-1, -1, -1, 0)	(-1, -1, -1, 0)	(-1, -1, -1, 0)	(-1, -1, -1, 0)
110:	(1696, 1205, 1718, 4)	(1544, 1422, 1549, 4)	(218, 217, -1, 1)	(688, 687, -1, 1)	(689, 687, -1, 1)	(219, 217, -1, 1)	(690, 687, -1, 1)	(1696, 1204, 1697, 4)	(220, 217, -1, 1)	(88, 87, -1, 1)	(2179, 2178, -1, 1)	(1227, 1226, 1228, 4)	(421, 383, 422, 4)	(137, 135, -1, 1)	(-1, -1, -1, 0)	(-1, -1, -1, 0)
111:	(1686, 1003, 1722, 4)	(117, 113, 120, 4)	(89, 87, -1, 1)	(2235, 2093, 2238, 4)	(2260, 2175, -1, 7)	(317, 297, 320, 4)	(108, 66, 111, 4)	(1256, 1253, 1258, 4)	(164, 163, -1, 1)	(999, 998, -1, 1)	(-1, -1, -1, 0)	(-1, -1, -1, 0)	(-1, -1, -1, 0)	(-1, -1, -1, 0)	(-1, -1, -1, 0)	(-1, -1, -1, 0)
112:	(2205, 2148, 2209, 4)	(1813, 489, 1831, 4)	(92, 90, 96, 4)	(152, 151, -1, 1)	(-1, -1, 2271, 8)	(153, 151, -1, 1)	(1206, 1203, -1, 1)	(2181, 2178, -1, 1)	(1165, 1136, -1, 7)	(1256, 1254, 1259, 4)	(366, 364, 367, 4)	(306, 305, -1, 1)	(-1, -1, -1, 0)	(-1, -1, -1, 0)	(-1, -1, -1, 0)	(-1, -1, -1, 0)
113:	(657, 638, 661, 4)	(97, 90, 102, 4)	(1991, 1924, 1995, 4)	(281, 280, -1, 1)	(2286, 2167, 2287, 4)	(1844, 347, 1874, 4)	(229, 214, 233, 4)	(1052, 1043, 1053, 4)	(-1, -1, 1168, 8)	(1005, 1004, -1, 1)	(64, 63, -1, 1)	(-1, -1, -1, 0)	(-1, -1, -1, 0)	(-1, -1, -1, 0)	(-1, -1, -1, 0)	(-1, -1, -1, 0)
114:	(1660, 1572, 1665, 4)	(497, 496, -1, 1)	(1638, 1630, 1639, 4)	(498, 496, -1, 1)	(499, 496, -1, 1)	(500, 496, -1, 1)	(154, 151, -1, 1)	(1993, 1941, 1996, 4)	(904, 895, 907, 4)	(333, 330, 335, 4)	(1112, 1110, -1, 1)	(165, 163, -1, 1)	(59, 57, -1, 1)	(-1, -1, -1, 0)	(-1, -1, -1, 0)	(-1, -1, -1, 0)
115:	(1711, 1377, 1715, 4)	(1653, 1630, 1654, 4)	(1735, 1630, 1736, 4)	(1211, 1210, -1, 1)	(1711, 1376, 1712, 4)	(1212, 1210, -1, 1)	(2180, 2178, -1, 1)	(365, 363, -1, 1)	(23, 6, 24, 4)	(298, 293, 300, 4)	(863, 861, 867, 4)	(-1, -1, -1, 0)	(-1, -1, -1, 0)	(-1, -1, -1, 0)	(-1, -1, -1, 0)	(-1, -1, -1, 0)
116:	(-1, 2110, -1, 5)	(273, 272, 277, 4)	(282, 280, -1, 1)	(2216, 18, 2221, 4)	(1153, 1142, 1156, 4)	(1079, 1076, 1081, 4)	(1287, 1286, -1, 1)	(1230, 1228, -1, 1)	(386, 383, 387, 4)	(1372, 1371, -1, 1)	(2155, 2154, -1, 1)	(-1, -1, -1, 0)	(-1, -1, -1, 0)	(-1, -1, -1, 0)	(-1, -1, -1, 0)	(-1, -1, -1, 0)
117:	(2238, -1, 2242, 6)	(2260, 2173, 2261, 4)	(228, 209, 232, 4)	(639, 632, 641, 4)	(1840, 325, 1842, 4)	(1955, 1945, 1959, 4)	(1229, 1228, -1, 1)	(1258, 1257, -1, 1)	(639, 631, 640, 4)	(1916, 1914, -1, 1)	(15, 14, -1, 1)	(-1, -1, -1, 0)	(-1, -1, -1, 0)	(-1, -1, -1, 0)	(-1, -1, -1, 0)	(-1, -1, -1, 0)
118:	(-1, 690, -1, 5)	(243, 219, 246, 4)	(243, 220, 248, 4)	(610, 219, 613, 4)	(692, 688, 693, 4)	(230, 220, 234, 4)	(610, 218, 612, 4)	(801, 800, 803, 4)	(1087, 1086, -1, 1)	(369, 367, -1, 1)	(1259, 1257, -1, 1)	(1896, 1895, -1, 1)	(45, 44, -1, 1)	(-1, -1, -1, 0)	(-1, -1, -1, 0)	(-1, -1, -1, 0)
119:	(722, -1, 726, 6)	(1711, 1378, 1722, 4)	(699, 689, 701, 4)	(722, 689, 724, 4)	(92, 89, 94, 4)	(97, 89, 99, 4)	(-1, 89, -1, 5)	(722, 688, 723, 4)	(-1, 267, -1, 5)	(294, 293, 296, 4)	(1261, 1252, 1262, 4)	(768, 767, -1, 1)	(-1, -1, -1, 0)	(-1, -1, -1, 0)	(-1, -1, -1, 0)	(-1, -1, -1, 0)
120:	(1640, 1639, -1, 1)	(1641, 1639, -1, 1)	(1642, 1639, -1, 1)	(692, 689, 694, 4)	(92, 88, 93, 4)	(97, 88, 98, 4)	(2041, -1, 2043, 6)	(2041, 88, 2042, 4)	(1835, -1, 1874, 6)	(1166, 1141, 1168, 4)	(1088, 1086, -1, 1)	(1062, 1059, -1, 1)	(-1, -1, -1, 0)	(-1, -1, -1, 0)	(-1, -1, -1, 0)	(-1, -1, -1, 0)
121:	(1712, 1382, 1715, 4)	(1712, 1383, 1717, 4)	(1972, 64, 1986, 4)	(1522, 1206, 1529, 4)	(2287, 2174, 2296, 4)	(1975, 127, 1978, 4)	(333, 329, 334, 4)	(170, 164, 171, 4)	(1660, 1571, 1661, 4)	(-1, -1, -1, 0)	(-1, -1, -1, 0)	(-1, -1, -1, 0)	(-1, -1, -1, 0)	(-1, -1, -1, 0)	(-1, -1, -1, 0)	(-1, -1, -1, 0)
122:	(552, 497, 555, 4)	(552, 500, 559, 4)	(552, 498, 557, 4)	(552, 499, 558, 4)	(1814, 497, 1819, 4)	(586, 500, 592, 4)	(1814, 498, 1821, 4)	(1814, 500, 1831, 4)	(1814, 499, 1823, 4)	(599, 281, 600, 4)	(386, 384, 389, 4)	(388, 387, -1, 1)	(-1, -1, -1, 0)	(-1, -1, -1, 0)	(-1, -1, -1, 0)	(-1, -1, -1, 0)
123:	(586, 497, 587, 4)	(621, 497, 622, 4)	(594, 154, 603, 4)	(586, 499, 591, 4)	(1697, 1212, 1721, 4)	(2242, 2240, -1, 1)	(621, 500, -1, 7)	(2182, 2180, 2185, 4)	(2182, 2179, 2183, 4)	(2261, 2179, 2262, 4)	(2261, 2180, 2269, 4)	(2261, 2181, 2271, 4)	(-1, -1, -1, 0)	(-1, -1, -1, 0)	(-1, -1, -1, 0)	(-1, -1, -1, 0)
124:	(586, 498, 589, 4)	(1675, 1212, 1681, 4)	(1523, 1211, 1526, 4)	(1523, 1212, 1528, 4)	(1675, 1211, 1676, 4)	(286, 282, 288, 4)	(-1, -1, 628, 8)	(286, 281, 287, 4)	(695, 693, -1, 1)	(1838, 281, 1839, 4)	(166, 165, 168, 4)	(166, 164, 167, 4)	(-1, -1, -1, 0)	(-1, -1, -1, 0)	(-1, -1, -1, 0)	(-1, -1, -1, 0)
125:	(1696, 1206, 1722, 4)	(2221, 2110, 2229, 4)	(1643, 1639, -1, 1)	(610, 220, 626, 4)	(1119, 1112, 1121, 4)	(1262, 1258, 1263, 4)	(1209, 1206, 1213, 4)	(1700, 1258, 1701, 4)	(230, 219, 233, 4)	(1105, 1104, 1108, 4)	(-1, -1, -1, 0)	(-1, -1, -1, 0)	(-1, -1, -1, 0)	(-1, -1, -1, 0)	(-1, -1, -1, 0)	(-1, -1, -1, 0)
126:	(621, 498, 624, 4)	(1838, 282, 1860, 4)	(1697, 1211, 1718, 4)	(2182, 2181, 2186, 4)	(94, 93, -1, 1)	(95, 93, -1, 1)	(24, 21, 25, 4)	(96, 93, -1, 1)	(23, 7, 28, 4)	(307, 305, -1, 1)	(2216, 15, 2217, 4)	(780, 779, -1, 1)	(-1, -1, -1, 0)	(-1, -1, -1, 0)	(-1, -1, -1, 0)	(-1, -1, -1, 0)
127:	(237, 153, 246, 4)	(237, 154, 247, 4)	(699, 690, 703, 4)	(692, 690, 696, 4)	(699, 688, 700, 4)	(229, 213, 232, 4)	(1231, 1230, 1233, 4)	(1574, 1572, 1577, 4)	(1574, 1571, 1575, 4)	(641, 640, -1, 1)	(642, 640, -1, 1)	(1035, 1034, 1036, 4)	(-1, -1, -1, 0)	(-1, -1, -1, 0)	(-1, -1, -1, 0)	(-1, -1, -1, 0)
128:	(1736, 1642, 1741, 4)	(1900, 1642, 1905, 4)	(1663, 1641, 1665, 4)	(1654, 1641, 1656, 4)	(1663, 1642, 1668, 4)	(1654, 1642, 1658, 4)	(1900, 1641, 1902, 4)	(594, 153, 596, 4)	(2287, 2173, 2288, 4)	(1093, 1088, 1095, 4)	(1954, 1916, 1958, 4)	(-1, -1, -1, 0)	(-1, -1, -1, 0)	(-1, -1, -1, 0)	(-1, -1, -1, 0)	(-1, -1, -1, 0)
129:	(599, 282, 603, 4)	(1663, 1640, 1664, 4)	(-1, 1640, -1, 5)	(1900, 1640, 1901, 4)	(1262, 1259, 1266, 4)	(694, 693, -1, 1)	(2185, 2183, -1, 1)	(2099, 2077, 2104, 4)	(156, 153, 158, 4)	(389, 387, -1, 1)	(1041, 1039, 1044, 4)	(-1, -1, -1, 0)	(-1, -1, -1, 0)	(-1, -1, -1, 0)	(-1, -1, -1, 0)	(-1, -1, -1, 0)
130:	(52, 45, 55, 4)	(422, 388, 423, 4)	(1736, -1, 1737, 6)	(288, 287, -1, 1)	(277, 274, -1, 1)	(289, 287, -1, 1)	(1115, 1112, 1117, 4)	(170, 165, 172, 4)	(335, 334, -1, 1)	(-1, -1, -1, 0)	(-1, -1, -1, 0)	(-1, -1, -1, 0)	(-1, -1, -1, 0)	(-1, -1, -1, 0)	(-1, -1, -1, 0)	(-1, -1, -1, 0)
131:	(1687, 1005, 1722, 4)	(1736, 1641, 1738, 4)	(1853, 455, 1874, 4)	(1235, 1230, 1237, 4)	(1089, 1088, 1091, 4)	(2107, 2097, 2111, 4)	(824, 815, 825, 4)	(1878, 670, 1892, 4)	(838, 837, -1, 1)	(76, 75, -1, 1)	(-1, -1, -1, 0)	(-1, -1, -1, 0)	(-1, -1, -1, 0)	(-1, -1, -1, 0)	(-1, -1, -1, 0)	(-1, -1, -1, 0)
132:	(1654, 1640, 1655, 4)	(621, 499, 626, 4)	(2217, 21, 2218, 4)	(1213, 1210, -1, 1)	(1025, 1024, 1028, 4)	(1093, 1087, 1094, 4)	(27, 25, -1, 1)	(28, 25, -1, 1)	(1937, 1936, 1940, 4)	(1771, 990, 1772, 4)	(47, 46, -1, 1)	(-1, -1, -1, 0)	(-1, -1, -1, 0)	(-1, -1, -1, 0)	(-1, -1, -1, 0)	(-1, -1, -1, 0)
133:	(1663, 1643, 1669, 4)	(1654, 1643, 1659, 4)	(1736, 1643, 1745, 4)	(700, 695, 702, 4)	(696, 693, -1, 1)	(2186, 2183, -1, 1)	(366, 365, 368, 4)	(370, 365, 372, 4)	(1949, 1945, 1952, 4)	(370, 364, 371, 4)	(964, 963, -1, 1)	(-1, -1, -1, 0)	(-1, -1, -1, 0)	(-1, -1, -1, 0)	(-1, -1, -1, 0)	(-1, -1, -1, 0)
134:	(391, 388, 392, 4)	(98, 95, 101, 4)	(98, 96, 102, 4)	(98, 94, 99, 4)	(2017, 95, 2026, 4)	(2017, 96, 2028, 4)	(242, 213, -1, 7)	(2217, 22, 2219, 4)	(312, 307, 314, 4)	(1231, 1229, 1232, 4)	(-1, -1, -1, 0)	(-1, -1, -1, 0)	(-1, -1, -1, 0)	(-1, -1, -1, 0)	(-1, -1, -1, 0)	(-1, -1, -1, 0)
135:	(718, 642, 726, 4)	(658, 641, 660, 4)	(718, 641, 719, 4)	(2184, 2183, -1, 1)	(2042, 94, 2043, 4)	(2288, 2179, 2289, 4)	(-1, -1, 245, 8)	(2042, 95, 2053, 4)	(156, 152, 157, 4)	(1958, 1956, -1, 1)	(299, 297, 301, 4)	(-1, -1, -1, 0)	(-1, -1, -1, 0)	(-1, -1, -1, 0)	(-1, -1, -1, 0)	(-1, -1, -1, 0)
136:	(658, 642, 661, 4)	(2288, 2180, 2296, 4)	(230, 218, 232, 4)	(308, 307, 310, 4)	(1977, 137, 1979, 4)	(1293, 1287, 1294, 4)	(896, 894, 897, 4)	(-1, -1, -1, 0)	(-1, -1, -1, 0)	(-1, -1, -1, 0)	(-1, -1, -1, 0)	(-1, -1, -1, 0)	(-1, -1, -1, 0)	(-1, -1, -1, 0)	(-1, -1, -1, 0)	(-1, -1, -1, 0)
137:	(1712, 1384, 1722, 4)	(422, 389, 428, 4)	(391, 389, 394, 4)	(700, 694, 701, 4)	(723, 694, 724, 4)	(2017, 94, 2018, 4)	(312, 306, 313, 4)	(447, 443, 448, 4)	(781, 771, 782, 4)	(723, 695, 725, 4)	(-1, -1, -1, 0)	(-1, -1, -1, 0)	(-1, -1, -1, 0)	(-1, -1, -1, 0)	(-1, -1, -1, 0)	(-1, -1, -1, 0)
138:	(746, 289, 752, 4)	(598, 277, 607, 4)	(600, 288, 603, 4)	(1839, 289, 1863, 4)	(600, 289, 605, 4)	(1839, 288, 1860, 4)	(746, 288, 747, 4)	(614, 369, 626, 4)	(1235, 1229, 1236, 4)	(904, 894, 905, 4)	(-1, -1, -1, 0)	(-1, -1, -1, 0)	(-1, -1, -1, 0)	(-1, -1, -1, 0)	(-1, -1, -1, 0)	(-1, -1, -1, 0)
139:	(279, 277, 283, 4)	(708, 694, 709, 4)	(1370, 1368, 1373, 4)	(843, 838, 845, 4)	(2188, 2185, 2193, 4)	(1108, 1106, -1, 1)	(368, 367, -1, 1)	(296, 295, -1, 1)	(1089, 1087, 1090, 4)	(867, 864, -1, 1)	(-1, -1, -1, 0)	(-1, -1, -1, 0)	(-1, -1, -1, 0)	(-1, -1, -1, 0)	(-1, -1, -1, 0)	(-1, -1, -1, 0)
140:	(1675, 1213, 1682, 4)	(1523, 1213, 1529, 4)	(100, 99, -1, 1)	(101, 99, -1, 1)	(102, 99, -1, 1)	(2029, 47, 2030, 4)	(156, 154, 159, 4)	(2056, 22, 2058, 4)	(1233, 1232, -1, 1)	(1577, 1575, -1, 1)	(2004, 59, 2008, 4)	(865, 864, -1, 1)	(-1, -1, -1, 0)	(-1, -1, -1, 0)	(-1, -1, -1, 0)	(-1, -1, -1, 0)
141:	(723, 696, 726, 4)	(700, 696, 703, 4)	(967, 964, 969, 4)	(1851, 445, 1874, 4)	(1900, 1643, 1909, 4)	(1288, 1286, -1, 1)	(944, 941, 945, 4)	(1935, 1934, -1, 1)	(-1, -1, -1, 0)	(-1, -1, -1, 0)	(-1, -1, -1, 0)	(-1, -1, -1, 0)	(-1, -1, -1, 0)	(-1, -1, -1, 0)	(-1, -1, -1, 0)	(-1, -1, -1, 0)
142:	(2057, 27, 2066, 4)	(2262, 2186, 2271, 4)	(646, 645, 648, 4)	(243, 218, 245, 4)	(333, 331, 336, 4)	(646, 644, 647, 4)	(158, 157, -1, 1)	(898, 897, -1, 1)	(899, 897, -1, 1)	(2057, 28, 2068, 4)	(79, 78, -1, 1)	(-1, -1, -1, 0)	(-1, -1, -1, 0)	(-1, -1, -1, 0)	(-1, -1, -1, 0)	(-1, -1, -1, 0)
143:	(1700, 1259, 1722, 4)	(1981, 1958, 1986, 4)	(2262, 2184, 2263, 4)	(2289, 2184, 2290, 4)	(2289, 2185, 2296, 4)	(819, 800, 821, 4)	(2188, 2184, 2190, 4)	(819, 799, 820, 4)	(-1, -1, -1, 0)	(-1, -1, -1, 0)	(-1, -1, -1, 0)	(-1, -1, -1, 0)	(-1, -1, -1, 0)	(-1, -1, -1, 0)	(-1, -1, -1, 0)	(-1, -1, -1, 0)
144:	(704, 701, -1, 1)	(702, 701, -1, 1)	(182, 181, 185, 4)	(2188, 2186, 2194, 4)	(182, 180, 183, 4)	(168, 167, -1, 1)	(1517, 1075, 1518, 4)	(169, 167, -1, 1)	(2111, 2108, -1, 1)	(806, 805, -1, 1)	(996, 995, -1, 1)	(-1, -1, -1, 0)	(-1, -1, -1, 0)	(-1, -1, -1, 0)	(-1, -1, -1, 0)	(-1, -1, -1, 0)
145:	(1996, 1958, 1999, 4)	(283, 280, -1, 1)	(2262, 2185, 2269, 4)	(1300, 1299, 1301, 4)	(1234, 1232, -1, 1)	(1091, 1090, -1, 1)	(1092, 1090, -1, 1)	(449, 448, -1, 1)	(1576, 1575, -1, 1)	(2193, 2189, -1, 1)	(-1, -1, -1, 0)	(-1, -1, -1, 0)	(-1, -1, -1, 0)	(-1, -1, -1, 0)	(-1, -1, -1, 0)	(-1, -1, -1, 0)
146:	(371, 369, 374, 4)	(2107, 2096, 2109, 4)	(1289, 1287, 1290, 4)	(308, 306, 309, 4)	(1025, 1023, 1026, 4)	(237, 152, 238, 4)	(1977, 136, 1978, 4)	(2272, 2127, 2277, 4)	(-1, -1, -1, 0)	(-1, -1, -1, 0)	(-1, -1, -1, 0)	(-1, -1, -1, 0)	(-1, -1, -1, 0)	(-1, -1, -1, 0)	(-1, -1, -1, 0)	(-1, -1, -1, 0)
147:	(703, 701, -1, 1)	(-1, 777, -1, 5)	(1109, 1108, 1111, 4)	(1114, 1108, 1116, 4)	(614, 368, 615, 4)	(1709, 1366, 1710, 4)	(946, 945, -1, 1)	(450, 448, -1, 1)	(947, 945, -1, 1)	(299, 296, 300, 4)	(-1, -1, -1, 0)	(-1, -1, -1, 0)	(-1, -1, -1, 0)	(-1, -1, -1, 0)	(-1, -1, -1, 0)	(-1, -1, -1, 0)
148:	(103, 101, 106, 4)	(1865, -1, 1874, 6)	(103, 102, 107, 4)	(103, 100, 104, 4)	(2018, 100, 2019, 4)	(2043, 100, 2044, 4)	(2018, 102, 2028, 4)	(2043, 101, -1, 7)	(948, 943, 950, 4)	(1497, 1233, 1498, 4)	(1079, 1075, 1080, 4)	(159, 157, -1, 1)	(336, 334, -1, 1)	(-1, -1, -1, 0)	(-1, -1, -1, 0)	(-1, -1, -1, 0)
149:	(1697, 1213, 1722, 4)	(1582, 1577, 1585, 4)	(1293, 1288, 1295, 4)	(886, 885, 888, 4)	(371, 368, 372, 4)	(1919, 1918, 1920, 4)	(1959, 1956, -1, 1)	(-1, -1, 2053, 8)	(707, 665, 710, 4)	(-1, -1, -1, 0)	(-1, -1, -1, 0)	(-1, -1, -1, 0)	(-1, -1, -1, 0)	(-1, -1, -1, 0)	(-1, -1, -1, 0)	(-1, -1, -1, 0)
150:	(1661, 1577, 1665, 4)	(2018, 101, 2026, 4)	(900, 899, 902, 4)	(24, 22, 26, 4)	(1236, 1233, 1237, 4)	(185, 183, -1, 1)	(648, 647, -1, 1)	(783, 782, -1, 1)	(784, 782, -1, 1)	(1772, 992, 1773, 4)	(-1, -1, -1, 0)	(-1, -1, -1, 0)	(-1, -1, -1, 0)	(-1, -1, -1, 0)	(-1, -1, -1, 0)	(-1, -1, -1, 0)
151:	(1999, 1997, -1, 1)	(1289, 1288, 1291, 4)	(1302, 1301, -1, 1)	(1303, 1301, -1, 1)	(1373, 1371, -1, 1)	(1009, 999, 1010, 4)	(801, 799, 802, 4)	(134, 133, 138, 4)	(884, 883, -1, 1)	(-1, -1, -1, 0)	(-1, -1, -1, 0)	(-1, -1, -1, 0)	(-1, -1, -1, 0)	(-1, -1, -1, 0)	(-1, -1, -1, 0)	(-1, -1, -1, 0)
152:	(2238, 2111, 2244, 4)	(2221, 2111, 2231, 4)	(239, 169, 246, 4)	(171, 169, 174, 4)	(1292, 1290, -1, 1)	(1027, 1026, -1, 1)	(594, 152, 595, 4)	(1978, 1896, 1979, 4)	(2109, 2108, -1, 1)	(1221, 1216, 1223, 4)	(-1, -1, -1, 0)	(-1, -1, -1, 0)	(-1, -1, -1, 0)	(-1, -1, -1, 0)	(-1, -1, -1, 0)	(-1, -1, -1, 0)
153:	(2206, 2193, 2212, 4)	(547, 449, 555, 4)	(1710, 1372, 1715, 4)	(1497, 1234, 1512, 4)	(599, 283, 607, 4)	(2196, 2193, 2200, 4)	(310, 309, -1, 1)	(649, 647, -1, 1)	(709, 704, 714, 4)	(301, 300, -1, 1)	(-1, -1, -1, 0)	(-1, -1, -1, 0)	(-1, -1, -1, 0)	(-1, -1, -1, 0)	(-1, -1, -1, 0)	(-1, -1, -1, 0)
154:	(1852, 449, -1, 7)	(724, 704, 729, 4)	(1162, 1092, 1169, 4)	(286, 283, 290, 4)	(1582, 1576, 1583, 4)	(1094, 1092, 1097, 4)	(1111, 1110, -1, 1)	(1094, 1091, 1095, 4)	(1162, 1091, 1163, 4)	(1082, 1080, -1, 1)	(2194, 2189, -1, 1)	(-1, -1, -1, 0)	(-1, -1, -1, 0)	(-1, -1, -1, 0)	(-1, -1, -1, 0)	(-1, -1, -1, 0)
155:	(-1, -1, 1857, 8)	(547, 450, 560, 4)	(1881, 703, 1883, 4)	(1746, 947, 1766, 4)	(1661, 1576, 1662, 4)	(1978, 1897, 1980, 4)	(949, 947, 952, 4)	(374, 372, -1, 1)	(2190, 2189, -1, 1)	(2085, 2084, 2087, 4)	(-1, -1, -1, 0)	(-1, -1, -1, 0)	(-1, -1, -1, 0)	(-1, -1, -1, 0)	(-1, -1, -1, 0)	(-1, -1, -1, 0)
156:	(724, 703, 726, 4)	(105, 104, -1, 1)	(106, 104, -1, 1)	(107, 104, -1, 1)	(184, 183, -1, 1)	(1028, 1026, -1, 1)	(-1, 946, -1, 5)	(26, 25, -1, 1)	(1921, 1920, -1, 1)	(1787, 966, 1790, 4)	(13, 12, 17, 4)	(-1, -1, -1, 0)	(-1, -1, -1, 0)	(-1, -1, -1, 0)	(-1, -1, -1, 0)	(-1, -1, -1, 0)
157:	(1996, 1959, 2001, 4)	(1981, 1959, 1988, 4)	(238, 159, 247, 4)	(905, 899, 907, 4)	(1238, 1237, -1, 1)	(1081, 1080, -1, 1)	(1746, -1, 1747, 6)	(239, 168, 240, 4)	(905, 898, 906, 4)	(2285, 2164, 2298, 4)	(-1, -1, -1, 0)	(-1, -1, -1, 0)	(-1, -1, -1, 0)	(-1, -1, -1, 0)	(-1, -1, -1, 0)	(-1, -1, -1, 0)
158:	(595, 159, 603, 4)	(238, 158, 246, 4)	(595, 158, 596, 4)	(186, 185, 188, 4)	(1291, 1290, -1, 1)	(311, 309, -1, 1)	(839, 836, 840, 4)	(1841, 329, 1842, 4)	(803, 802, -1, 1)	(1793, 861, 1797, 4)	(1037, 1036, -1, 1)	(-1, -1, -1, 0)	(-1, -1, -1, 0)	(-1, -1, -1, 0)	(-1, -1, -1, 0)	(-1, -1, -1, 0)
159:	(1710, 1373, 1722, 4)	(1854, 461, 1874, 4)	(191, 185, 193, 4)	(785, 784, 788, 4)	(1160, 1075, 1161, 4)	(1867, 783, 1868, 4)	(804, 802, -1, 1)	(1222, 1219, 1223, 4)	(502, 501, -1, 1)	(-1, -1, -1, 0)	(-1, -1, -1, 0)	(-1, -1, -1, 0)	(-1, -1, -1, 0)	(-1, -1, -1, 0)	(-1, -1, -1, 0)	(-1, -1, -1, 0)
160:	(2221, 2109, 2228, 4)	(2238, 2109, 2241, 4)	(1584, 1583, -1, 1)	(1585, 1583, -1, 1)	(1586, 1583, -1, 1)	(290, 287, -1, 1)	(1304, 1303, 1306, 4)	(1304, 1302, 1305, 4)	(1096, 1095, -1, 1)	(1097, 1095, -1, 1)	(1029, 1027, 1030, 4)	(-1, -1, -1, 0)	(-1, -1, -1, 0)	(-1, -1, -1, 0)	(-1, -1, -1, 0)	(-1, -1, -1, 0)
161:	(731, 649, 736, 4)	(1537, 1292, 1549, 4)	(1308, 1303, 1310, 4)	(1294, 1292, 1297, 4)	(1308, 1302, 1309, 4)	(373, 372, -1, 1)	(1011, 1010, -1, 1)	(900, 898, 901, 4)	(807, 806, 808, 4)	(-1, -1, -1, 0)	(-1, -1, -1, 0)	(-1, -1, -1, 0)	(-1, -1, -1, 0)	(-1, -1, -1, 0)	(-1, -1, -1, 0)	(-1, -1, -1, 0)
162:	(2206, 2194, 2213, 4)	(1518, 1082, 1526, 4)	(2196, 2194, 2201, 4)	(1115, 1111, 1116, 4)	(1119, 1111, 1120, 4)	(171, 168, 172, 4)	(1937, 1935, 1939, 4)	(775, 774, -1, 1)	(970, 969, -1, 1)	(-1, -1, -1, 0)	(-1, -1, -1, 0)	(-1, -1, -1, 0)	(-1, -1, -1, 0)	(-1, -1, -1, 0)	(-1, -1, -1, 0)	(-1, -1, -1, 0)
163:	(2206, 2190, 2207, 4)	(615, 374, 626, 4)	(390, 374, 395, 4)	(731, 648, 732, 4)	(1922, 1920, -1, 1)	(1877, 666, 1892, 4)	(80, 79, 81, 4)	(980, 979, -1, 1)	(-1, -1, -1, 0)	(-1, -1, -1, 0)	(-1, -1, -1, 0)	(-1, -1, -1, 0)	(-1, -1, -1, 0)	(-1, -1, -1, 0)	(-1, -1, -1, 0)	(-1, -1, -1, 0)
164:	(2196, 2190, 2197, 4)	(2019, 105, 2020, 4)	(2044, 105, 2045, 4)	(1842, 335, 1843, 4)	(1946, 1921, 1950, 4)	(2019, 106, -1, 7)	(2019, 107, 2028, 4)	(2044, 106, 2053, 4)	(191, 184, 192, 4)	(1430, 1425, 1431, 4)	(2087, 2086, -1, 1)	(-1, -1, -1, 0)	(-1, -1, -1, 0)	(-1, -1, -1, 0)	(-1, -1, -1, 0)	(-1, -1, -1, 0)
165:	(1161, 1081, 1169, 4)	(1161, 1082, 1170, 4)	(1518, 1081, 1519, 4)	(2046, 1921, 2047, 4)	(1029, 1028, 1031, 4)	(-1, -1, 2026, 8)	(109, 107, 115, 4)	(886, 884, 887, 4)	(968, 966, 972, 4)	(-1, -1, -1, 0)	(-1, -1, -1, 0)	(-1, -1, -1, 0)	(-1, -1, -1, 0)	(-1, -1, -1, 0)	(-1, -1, -1, 0)	(-1, -1, -1, 0)
166:	(574, 311, 589, 4)	(1836, 272, 1874, 4)	(1242, 1238, 1243, 4)	(313, 311, 316, 4)	(651, 649, 654, 4)	(1032, 1030, -1, 1)	(820, 803, 821, 4)	(714, 711, -1, 1)	(-1, -1, -1, 0)	(-1, -1, -1, 0)	(-1, -1, -1, 0)	(-1, -1, -1, 0)	(-1, -1, -1, 0)	(-1, -1, -1, 0)	(-1, -1, -1, 0)	(-1, -1, -1, 0)
167:	(1236, 1234, 1239, 4)	(109, 105, 111, 4)	(1306, 1305, -1, 1)	(1307, 1305, -1, 1)	(1469, 1366, 1470, 4)	(1537, 1291, 1538, 4)	(842, 840, -1, 1)	(902, 901, -1, 1)	(903, 901, -1, 1)	(17, 14, -1, 1)	(-1, -1, -1, 0)	(-1, -1, -1, 0)	(-1, -1, -1, 0)	(-1, -1, -1, 0)	(-1, -1, -1, 0)	(-1, -1, -1, 0)
168:	(1678, 1586, 1681, 4)	(600, 290, 607, 4)	(1647, 1586, 1657, 4)	(1647, 1584, 1655, 4)	(1662, 1584, 1664, 4)	(1098, 1097, 1100, 4)	(1117, 1116, -1, 1)	(1498, 1238, 1499, 4)	(1098, 1096, 1099, 4)	(2100, 2084, 2101, 4)	(1927, 1926, -1, 1)	(-1, -1, -1, 0)	(-1, -1, -1, 0)	(-1, -1, -1, 0)	(-1, -1, -1, 0)	(-1, -1, -1, 0)
169:	(746, 290, 754, 4)	(1647, 1585, 1656, 4)	(1662, 1585, 1665, 4)	(1678, 1585, 1680, 4)	(390, 373, 392, 4)	(820, 804, 823, 4)	(173, 172, -1, 1)	(507, 502, 508, 4)	(2247, 2138, 2251, 4)	(-1, -1, -1, 0)	(-1, -1, -1, 0)	(-1, -1, -1, 0)	(-1, -1, -1, 0)	(-1, -1, -1, 0)	(-1, -1, -1, 0)	(-1, -1, -1, 0)
170:	(1662, 1586, 1666, 4)	(1678, 1584, 1679, 4)	(2198, 2197, -1, 1)	(2199, 2197, -1, 1)	(2200, 2197, -1, 1)	(2201, 2197, -1, 1)	(1163, 1096, 1164, 4)	(2057, 26, 2058, 4)	(1799, 1797, -1, 1)	(-1, -1, -1, 0)	(-1, -1, -1, 0)	(-1, -1, -1, 0)	(-1, -1, -1, 0)	(-1, -1, -1, 0)	(-1, -1, -1, 0)	(-1, -1, -1, 0)
171:	(1163, 1097, 1169, 4)	(615, 373, 616, 4)	(109, 106, 114, 4)	(1946, 1922, 1953, 4)	(1118, 1116, -1, 1)	(174, 172, -1, 1)	(1046, 1023, 1047, 4)	(-1, -1, -1, 0)	(-1, -1, -1, 0)	(-1, -1, -1, 0)	(-1, -1, -1, 0)	(-1, -1, -1, 0)	(-1, -1, -1, 0)	(-1, -1, -1, 0)	(-1, -1, -1, 0)	(-1, -1, -1, 0)
172:	(1841, 331, 1874, 4)	(186, 184, 187, 4)	(574, 310, 575, 4)	(1031, 1030, -1, 1)	(841, 840, -1, 1)	(115, 110, -1, 1)	(889, 887, -1, 1)	(1040, 1037, 1044, 4)	(-1, -1, -1, 0)	(-1, -1, -1, 0)	(-1, -1, -1, 0)	(-1, -1, -1, 0)	(-1, -1, -1, 0)	(-1, -1, -1, 0)	(-1, -1, -1, 0)	(-1, -1, -1, 0)
173:	(1470, 1373, 1482, 4)	(1470, 1372, 1478, 4)	(1294, 1291, 1295, 4)	(313, 310, 314, 4)	(1239, 1237, -1, 1)	(338, 329, 339, 4)	(708, 696, 712, 4)	(-1, -1, -1, 0)	(-1, -1, -1, 0)	(-1, -1, -1, 0)	(-1, -1, -1, 0)	(-1, -1, -1, 0)	(-1, -1, -1, 0)	(-1, -1, -1, 0)	(-1, -1, -1, 0)	(-1, -1, -1, 0)
174:	(1728, 1032, 1741, 4)	(1657, 1655, -1, 1)	(1658, 1655, -1, 1)	(1659, 1655, -1, 1)	(2101, 2097, 2104, 4)	(1100, 1099, -1, 1)	(1012, 1010, -1, 1)	(1886, 803, 1887, 4)	(111, 110, -1, 1)	(138, 135, -1, 1)	(-1, -1, -1, 0)	(-1, -1, -1, 0)	(-1, -1, -1, 0)	(-1, -1, -1, 0)	(-1, -1, -1, 0)	(-1, -1, -1, 0)
175:	(1344, 1307, 1351, 4)	(1656, 1655, -1, 1)	(393, 392, -1, 1)	(394, 392, -1, 1)	(395, 392, -1, 1)	(1309, 1306, 1310, 4)	(1344, 1306, 1345, 4)	(1013, 1011, 1014, 4)	(785, 783, 786, 4)	(931, 902, 932, 4)	(2126, 2125, -1, 1)	(-1, -1, -1, 0)	(-1, -1, -1, 0)	(-1, -1, -1, 0)	(-1, -1, -1, 0)	(-1, -1, -1, 0)
176:	(1825, 842, 1831, 4)	(1531, 1117, 1532, 4)	(2216, 17, 2219, 4)	(2101, 2096, 2103, 4)	(1952, 1950, -1, 1)	(1804, 762, 1805, 4)	(50, 37, 51, 4)	(-1, -1, -1, 0)	(-1, -1, -1, 0)	(-1, -1, -1, 0)	(-1, -1, -1, 0)	(-1, -1, -1, 0)	(-1, -1, -1, 0)	(-1, -1, -1, 0)	(-1, -1, -1, 0)	(-1, -1, -1, 0)
177:	(1120, 1117, 1121, 4)	(1047, 1028, 1049, 4)	(844, 842, 847, 4)	(1101, 1099, -1, 1)	(949, 946, 950, 4)	(809, 808, -1, 1)	(-1, -1, -1, 0)	(-1, -1, -1, 0)	(-1, -1, -1, 0)	(-1, -1, -1, 0)	(-1, -1, -1, 0)	(-1, -1, -1, 0)	(-1, -1, -1, 0)	(-1, -1, -1, 0)	(-1, -1, -1, 0)	(-1, -1, -1, 0)
178:	(2207, 2200, 2212, 4)	(2207, 2199, 2211, 4)	(2207, 2201, 2213, 4)	(2224, 2198, 2225, 4)	(2290, 2198, 2291, 4)	(2224, 2199, 2229, 4)	(-1, 2199, -1, 5)	(2290, 2200, -1, 7)	(906, 903, 909, 4)	(188, 187, -1, 1)	(189, 187, -1, 1)	(651, 648, 652, 4)	(1953, 1950, -1, 1)	(1006, 1001, 1007, 4)	(-1, -1, -1, 0)	(-1, -1, -1, 0)
179:	(2207, 2198, 2208, 4)	(339, 335, 340, 4)	(1866, 780, 1874, 4)	(315, 314, -1, 1)	(240, 173, 241, 4)	(1222, 1220, 1224, 4)	(2263, -1, 2268, 6)	(-1, -1, 2296, 8)	(2089, 2087, 2091, 4)	(-1, -1, -1, 0)	(-1, -1, -1, 0)	(-1, -1, -1, 0)	(-1, -1, -1, 0)	(-1, -1, -1, 0)	(-1, -1, -1, 0)	(-1, -1, -1, 0)
180:	(1964, 115, -1, 7)	(2263, 2198, 2264, 4)	(117, 115, 122, 4)	(1531, 1118, 1549, 4)	(1120, 1118, 1124, 4)	(2263, 2201, 2271, 4)	(931, 903, 937, 4)	(175, 174, 177, 4)	(906, 902, 907, 4)	(509, 508, -1, 1)	(1044, 1042, -1, 1)	(-1, -1, -1, 0)	(-1, -1, -1, 0)	(-1, -1, -1, 0)	(-1, -1, -1, 0)	(-1, -1, -1, 0)
181:	(-1, -1, 1971, 8)	(1498, 1239, 1512, 4)	(2224, 2200, 2230, 4)	(1309, 1307, 1312, 4)	(930, 889, 938, 4)	(1311, 1310, -1, 1)	(1297, 1295, -1, 1)	(844, 841, 845, 4)	(788, 786, -1, 1)	(-1, -1, -1, 0)	(-1, -1, -1, 0)	(-1, -1, -1, 0)	(-1, -1, -1, 0)	(-1, -1, -1, 0)	(-1, -1, -1, 0)	(-1, -1, -1, 0)
182:	(1689, 1012, 1722, 4)	(1679, 1659, 1685, 4)	(1664, 1659, 1669, 4)	(1737, 1659, 1745, 4)	(240, 174, 246, 4)	(2290, 2199, -1, 7)	(1670, 1100, 1671, 4)	(2058, 31, 2067, 4)	(317, 296, 318, 4)	(-1, -1, -1, 0)	(-1, -1, -1, 0)	(-1, -1, -1, 0)	(-1, -1, -1, 0)	(-1, -1, -1, 0)	(-1, -1, -1, 0)	(-1, -1, -1, 0)
183:	(1737, 1658, 1741, 4)	(423, 395, 431, 4)	(423, 394, 428, 4)	(2224, 2201, 2232, 4)	(1664, 1658, 1668, 4)	(-1, -1, 2295, 8)	(616, 395, 626, 4)	(1122, 1121, -1, 1)	(1123, 1121, -1, 1)	(822, 821, -1, 1)	(-1, -1, -1, 0)	(-1, -1, -1, 0)	(-1, -1, -1, 0)	(-1, -1, -1, 0)	(-1, -1, -1, 0)	(-1, -1, -1, 0)
184:	(1679, 1657, 1681, 4)	(616, 394, 619, 4)	(1679, 1658, 1683, 4)	(1664, 1657, 1666, 4)	(1664, 1656, 1665, 4)	(1679, 1656, 1680, 4)	(1901, 1656, 1902, 4)	(-1, 1100, -1, 5)	(423, 393, -1, 7)	(1901, 1659, 1909, 4)	(1015, 1014, -1, 1)	(1940, 1938, -1, 1)	(-1, -1, -1, 0)	(-1, -1, -1, 0)	(-1, -1, -1, 0)	(-1, -1, -1, 0)
185:	(1901, 1657, 1903, 4)	(400, 394, 404, 4)	(400, 395, 405, 4)	(1942, 1927, 1944, 4)	(2272, 2126, 2273, 4)	(1242, 1239, 1245, 4)	(787, 786, -1, 1)	(1164, -1, 1169, 6)	(-1, -1, 425, 8)	(709, 703, 712, 4)	(-1, -1, -1, 0)	(-1, -1, -1, 0)	(-1, -1, -1, 0)	(-1, -1, -1, 0)	(-1, -1, -1, 0)	(-1, -1, -1, 0)
186:	(1901, 1658, 1905, 4)	(1737, 1657, 1739, 4)	(1737, 1656, 1738, 4)	(117, 111, 118, 4)	(196, 189, 198, 4)	(192, 189, 194, 4)	(192, 188, 193, 4)	(196, 188, 197, 4)	(654, 652, -1, 1)	(1224, 1223, -1, 1)	(1939, 1938, -1, 1)	(-1, -1, -1, 0)	(-1, -1, -1, 0)	(-1, -1, -1, 0)	(-1, -1, -1, 0)	(-1, -1, -1, 0)
187:	(1964, 111, 1965, 4)	(339, 336, 343, 4)	(1124, 1121, -1, 1)	(616, 393, -1, 7)	(319, 315, 320, 4)	(1013, 1012, 1016, 4)	(1977, 138, 1980, 4)	(114, 110, -1, 1)	(-1, -1, -1, 0)	(-1, -1, -1, 0)	(-1, -1, -1, 0)	(-1, -1, -1, 0)	(-1, -1, -1, 0)	(-1, -1, -1, 0)	(-1, -1, -1, 0)	(-1, -1, -1, 0)
188:	(1164, 1101, 1172, 4)	(51, 40, 53, 4)	(2263, 2200, 2269, 4)	(-1, -1, 617, 8)	(1296, 1295, -1, 1)	(1312, 1310, -1, 1)	(316, 314, -1, 1)	(2059, 714, 2065, 4)	(-1, 889, -1, 5)	(-1, -1, -1, 0)	(-1, -1, -1, 0)	(-1, -1, -1, 0)	(-1, -1, -1, 0)	(-1, -1, -1, 0)	(-1, -1, -1, 0)	(-1, -1, -1, 0)
189:	(1538, 1297, 1549, 4)	(1313, 1297, 1318, 4)	(1052, 1044, 1054, 4)	(575, 315, 576, 4)	(1047, 1027, 1048, 4)	(908, 907, -1, 1)	(1008, 1007, -1, 1)	(758, 757, -1, 1)	(1785, -1, 1789, 6)	(-1, -1, -1, 0)	(-1, -1, -1, 0)	(-1, -1, -1, 0)	(-1, -1, -1, 0)	(-1, -1, -1, 0)	(-1, -1, -1, 0)	(-1, -1, -1, 0)
190:	(1670, 1101, 1681, 4)	(1666, 1665, -1, 1)	(1667, 1665, -1, 1)	(1668, 1665, -1, 1)	(1669, 1665, -1, 1)	(400, 393, 402, 4)	(790, 788, 793, 4)	(823, 821, -1, 1)	(2091, 2090, -1, 1)	(-1, -1, -1, 0)	(-1, -1, -1, 0)	(-1, -1, -1, 0)	(-1, -1, -1, 0)	(-1, -1, -1, 0)	(-1, -1, -1, 0)	(-1, -1, -1, 0)
191:	(1314, 1311, 1315, 4)	(518, 509, 521, 4)	(1944, 1943, -1, 1)	(1837, 277, 1874, 4)	(825, 822, 826, 4)	(1728, 1031, 1729, 4)	(1800, 875, 1802, 4)	(-1, -1, -1, 0)	(-1, -1, -1, 0)	(-1, -1, -1, 0)	(-1, -1, -1, 0)	(-1, -1, -1, 0)	(-1, -1, -1, 0)	(-1, -1, -1, 0)	(-1, -1, -1, 0)	(-1, -1, -1, 0)
192:	(119, 118, -1, 1)	(120, 118, -1, 1)	(122, 118, -1, 1)	(1149, 1122, -1, 7)	(1532, 1122, 1534, 4)	(1149, 1123, -1, 7)	(1532, 1123, 1535, 4)	(175, 173, 176, 4)	(2058, 32, 2068, 4)	(2089, 2088, 2092, 4)	(2129, 2116, 2130, 4)	(-1, -1, -1, 0)	(-1, -1, -1, 0)	(-1, -1, -1, 0)	(-1, -1, -1, 0)	(-1, -1, -1, 0)
193:	(1993, 1940, 1995, 4)	(318, 301, 320, 4)	(951, 950, -1, 1)	(-1, -1, 1154, 8)	(1689, 1011, 1690, 4)	(-1, -1, 1155, 8)	(952, 950, -1, 1)	(712, 711, -1, 1)	(82, 81, -1, 1)	(-1, -1, -1, 0)	(-1, -1, -1, 0)	(-1, -1, -1, 0)	(-1, -1, -1, 0)	(-1, -1, -1, 0)	(-1, -1, -1, 0)	(-1, -1, -1, 0)
194:	(732, 654, 736, 4)	(659, 654, 662, 4)	(1345, 1311, 1346, 4)	(55, 53, -1, 1)	(56, 53, -1, 1)	(1241, 1224, 1243, 4)	(653, 652, -1, 1)	(971, 969, -1, 1)	(-1, -1, -1, 0)	(-1, -1, -1, 0)	(-1, -1, -1, 0)	(-1, -1, -1, 0)	(-1, -1, -1, 0)	(-1, -1, -1, 0)	(-1, -1, -1, 0)	(-1, -1, -1, 0)
195:	(1964, 114, -1, 7)	(117, 114, 121, 4)	(1532, 1124, 1549, 4)	(1144, 1123, 1146, 4)	(1149, 1124, 1157, 4)	(194, 193, -1, 1)	(1887, 822, 1888, 4)	(1993, 1939, 1994, 4)	(-1, -1, -1, 0)	(-1, -1, -1, 0)	(-1, -1, -1, 0)	(-1, -1, -1, 0)	(-1, -1, -1, 0)	(-1, -1, -1, 0)	(-1, -1, -1, 0)	(-1, -1, -1, 0)
196:	(-1, -1, 1970, 8)	(1345, 1312, 1351, 4)	(1314, 1312, 1317, 4)	(1144, 1124, 1148, 4)	(54, 53, -1, 1)	(846, 845, -1, 1)	(1018, 1015, 1019, 4)	(847, 845, -1, 1)	(972, 969, -1, 1)	(-1, -1, -1, 0)	(-1, -1, -1, 0)	(-1, -1, -1, 0)	(-1, -1, -1, 0)	(-1, -1, -1, 0)	(-1, -1, -1, 0)	(-1, -1, -1, 0)
197:	(1688, 1008, 1722, 4)	(575, 316, 589, 4)	(403, 402, -1, 1)	(522, 521, -1, 1)	(404, 402, -1, 1)	(405, 402, -1, 1)	(523, 521, -1, 1)	(524, 521, -1, 1)	(195, 193, -1, 1)	(708, 695, 710, 4)	(-1, -1, -1, 0)	(-1, -1, -1, 0)	(-1, -1, -1, 0)	(-1, -1, -1, 0)	(-1, -1, -1, 0)	(-1, -1, -1, 0)
198:	(1902, 1667, 1904, 4)	(1738, 1668, 1741, 4)	(1720, 1668, 1723, 4)	(1720, 1666, 1721, 4)	(1720, 1669, 1727, 4)	(1902, 1668, 1905, 4)	(1738, 1666, 1739, 4)	(2130, 2119, 2132, 4)	(1902, 1669, 1909, 4)	(790, 787, 791, 4)	(-1, -1, -1, 0)	(-1, -1, -1, 0)	(-1, -1, -1, 0)	(-1, -1, -1, 0)	(-1, -1, -1, 0)	(-1, -1, -1, 0)
199:	(1680, 1666, 1681, 4)	(1680, 1667, 1682, 4)	(1902, 1666, 1903, 4)	(829, 758, 831, 4)	(1048, 1032, 1051, 4)	(825, 823, 828, 4)	(321, 320, -1, 1)	(1868, 787, 1869, 4)	(-1, -1, -1, 0)	(-1, -1, -1, 0)	(-1, -1, -1, 0)	(-1, -1, -1, 0)	(-1, -1, -1, 0)	(-1, -1, -1, 0)	(-1, -1, -1, 0)	(-1, -1, -1, 0)
200:	(1738, 1667, 1740, 4)	(1965, 119, 1966, 4)	(1965, 120, 1969, 4)	(2020, 119, 2021, 4)	(1965, 122, 1971, 4)	(1974, 119, 1982, 4)	(2045, 119, 2048, 4)	(1974, 120, 1986, 4)	(1995, 1953, 2002, 4)	(2020, 120, 2025, 4)	(1244, 1243, -1, 1)	(-1, -1, -1, 0)	(-1, -1, -1, 0)	(-1, -1, -1, 0)	(-1, -1, -1, 0)	(-1, -1, -1, 0)
201:	(1994, 1944, 1998, 4)	(1995, 1952, 2001, 4)	(1974, 122, 1989, 4)	(1680, 1668, 1683, 4)	(319, 316, 322, 4)	(1245, 1243, -1, 1)	(724, 702, 725, 4)	(-1, -1, -1, 0)	(-1, -1, -1, 0)	(-1, -1, -1, 0)	(-1, -1, -1, 0)	(-1, -1, -1, 0)	(-1, -1, -1, 0)	(-1, -1, -1, 0)	(-1, -1, -1, 0)	(-1, -1, -1, 0)
202:	(1961, 56, 1970, 4)	(2015, 55, 2023, 4)	(2030, 55, 2033, 4)	(1961, 55, 1968, 4)	(2059, 712, 2060, 4)	(121, 118, -1, 1)	(659, 653, 660, 4)	(732, 653, 733, 4)	(2015, 56, 2026, 4)	(-1, -1, -1, 0)	(-1, -1, -1, 0)	(-1, -1, -1, 0)	(-1, -1, -1, 0)	(-1, -1, -1, 0)	(-1, -1, -1, 0)	(-1, -1, -1, 0)
203:	(1720, 1667, 1722, 4)	(1680, 1669, 1685, 4)	(1738, 1669, 1745, 4)	(608, 194, 609, 4)	(1838, 283, 1874, 4)	(1747, 951, 1748, 4)	(909, 907, -1, 1)	(-1, -1, -1, 0)	(-1, -1, -1, 0)	(-1, -1, -1, 0)	(-1, -1, -1, 0)	(-1, -1, -1, 0)	(-1, -1, -1, 0)	(-1, -1, -1, 0)	(-1, -1, -1, 0)	(-1, -1, -1, 0)
204:	(2030, 54, 2031, 4)	(1747, 952, 1766, 4)	(1313, 1296, 1315, 4)	(2133, 2132, -1, 1)	(2135, 2132, -1, 1)	(2020, 122, 2028, 4)	(953, 952, 956, 4)	(-1, -1, -1, 0)	(-1, -1, -1, 0)	(-1, -1, -1, 0)	(-1, -1, -1, 0)	(-1, -1, -1, 0)	(-1, -1, -1, 0)	(-1, -1, -1, 0)	(-1, -1, -1, 0)	(-1, -1, -1, 0)
205:	(425, 405, 431, 4)	(425, 404, 428, 4)	(538, 523, 544, 4)	(538, 522, 541, 4)	(1817, 523, 1831, 4)	(1855, 523, 1873, 4)	(1538, 1296, 1539, 4)	(407, 403, 408, 4)	(1020, 1019, -1, 1)	(709, 702, 710, 4)	(2158, 2157, -1, 1)	(-1, -1, -1, 0)	(-1, -1, -1, 0)	(-1, -1, -1, 0)	(-1, -1, -1, 0)	(-1, -1, -1, 0)
206:	(1961, 54, 1966, 4)	(2015, 54, 2021, 4)	(538, 524, 545, 4)	(2002, 1997, -1, 1)	(1817, 524, 1832, 4)	(2045, 120, 2052, 4)	(848, 847, 851, 4)	(2235, 2091, 2236, 4)	(-1, -1, -1, 0)	(-1, -1, -1, 0)	(-1, -1, -1, 0)	(-1, -1, -1, 0)	(-1, -1, -1, 0)	(-1, -1, -1, 0)	(-1, -1, -1, 0)	(-1, -1, -1, 0)
207:	(617, 404, 619, 4)	(725, 706, 730, 4)	(1994, 1945, 2001, 4)	(576, 321, -1, 7)	(1949, 1944, 1951, 4)	(1955, 1944, 1957, 4)	(178, 176, -1, 1)	(910, 908, 911, 4)	(-1, -1, -1, 0)	(-1, -1, -1, 0)	(-1, -1, -1, 0)	(-1, -1, -1, 0)	(-1, -1, -1, 0)	(-1, -1, -1, 0)	(-1, -1, -1, 0)	(-1, -1, -1, 0)
208:	(1817, 522, 1818, 4)	(1855, 522, 1856, 4)	(197, 195, 201, 4)	(-1, -1, 577, 8)	(1260, 1244, 1263, 4)	(1499, 1244, -1, 7)	(197, 194, 198, 4)	(661, 660, -1, 1)	(662, 660, -1, 1)	(663, 660, -1, 1)	(177, 176, -1, 1)	(-1, -1, -1, 0)	(-1, -1, -1, 0)	(-1, -1, -1, 0)	(-1, -1, -1, 0)	(-1, -1, -1, 0)
209:	(1499, 1245, 1512, 4)	(1260, 1245, 1265, 4)	(407, 404, 409, 4)	(407, 405, 410, 4)	(425, 403, 426, 4)	(-1, -1, 1500, 8)	(322, 320, -1, 1)	(1016, 1014, -1, 1)	(813, 811, 816, 4)	(-1, -1, -1, 0)	(-1, -1, -1, 0)	(-1, -1, -1, 0)	(-1, -1, -1, 0)	(-1, -1, -1, 0)	(-1, -1, -1, 0)	(-1, -1, -1, 0)
210:	(1965, 121, 1970, 4)	(1974, 121, 1987, 4)	(337, 321, 340, 4)	(617, 403, 618, 4)	(2045, 121, 2053, 4)	(1690, 1015, 1691, 4)	(832, 831, -1, 1)	(-1, -1, -1, 0)	(-1, -1, -1, 0)	(-1, -1, -1, 0)	(-1, -1, -1, 0)	(-1, -1, -1, 0)	(-1, -1, -1, 0)	(-1, -1, -1, 0)	(-1, -1, -1, 0)	(-1, -1, -1, 0)
211:	(542, 541, -1, 1)	(543, 541, -1, 1)	(544, 541, -1, 1)	(617, 405, 626, 4)	(1316, 1315, -1, 1)	(1317, 1315, -1, 1)	(1144, 1122, 1145, 4)	(1318, 1315, -1, 1)	(2134, 2132, -1, 1)	(910, 909, 913, 4)	(2092, 2090, -1, 1)	(-1, -1, -1, 0)	(-1, -1, -1, 0)	(-1, -1, -1, 0)	(-1, -1, -1, 0)	(-1, -1, -1, 0)
212:	(2203, 2135, 2212, 4)	(1967, 1966, -1, 1)	(1968, 1966, -1, 1)	(1969, 1966, -1, 1)	(2258, 2133, 2264, 4)	(2273, 2133, 2274, 4)	(1971, 1966, -1, 1)	(2258, 2135, 2269, 4)	(2273, 2135, 2279, 4)	(2047, 1952, 2054, 4)	(-1, -1, -1, 0)	(-1, -1, -1, 0)	(-1, -1, -1, 0)	(-1, -1, -1, 0)	(-1, -1, -1, 0)	(-1, -1, -1, 0)
213:	(2236, 2096, 2241, 4)	(2001, 1997, -1, 1)	(411, 408, -1, 1)	(2020, 121, 2026, 4)	(1951, 1950, -1, 1)	(710, 706, 715, 4)	(2070, 2069, -1, 1)	(-1, -1, -1, 0)	(-1, -1, -1, 0)	(-1, -1, -1, 0)	(-1, -1, -1, 0)	(-1, -1, -1, 0)	(-1, -1, -1, 0)	(-1, -1, -1, 0)	(-1, -1, -1, 0)	(-1, -1, -1, 0)
214:	(2203, 2133, 2208, 4)	(2236, 2097, 2244, 4)	(545, 541, -1, 1)	(1264, 1263, -1, 1)	(199, 198, -1, 1)	(200, 198, -1, 1)	(1266, 1263, -1, 1)	(201, 198, -1, 1)	(2030, 56, 2036, 4)	(953, 951, 954, 4)	(-1, -1, -1, 0)	(-1, -1, -1, 0)	(-1, -1, -1, 0)	(-1, -1, -1, 0)	(-1, -1, -1, 0)	(-1, -1, -1, 0)
215:	(741, 178, 752, 4)	(241, 178, 249, 4)	(410, 408, -1, 1)	(1773, 1020, 1774, 4)	(1825, 841, 1826, 4)	(1879, 675, 1892, 4)	(-1, -1, -1, 0)	(-1, -1, -1, 0)	(-1, -1, -1, 0)	(-1, -1, -1, 0)	(-1, -1, -1, 0)	(-1, -1, -1, 0)	(-1, -1, -1, 0)	(-1, -1, -1, 0)	(-1, -1, -1, 0)	(-1, -1, -1, 0)
216:	(1970, 1966, -1, 1)	(719, 662, 727, 4)	(733, 662, 736, 4)	(733, 661, 735, 4)	(-1, 177, -1, 5)	(409, 408, -1, 1)	(741, 177, 742, 4)	(1691, 1020, -1, 7)	(-1, -1, -1, 0)	(-1, -1, -1, 0)	(-1, -1, -1, 0)	(-1, -1, -1, 0)	(-1, -1, -1, 0)	(-1, -1, -1, 0)	(-1, -1, -1, 0)	(-1, -1, -1, 0)
217:	(1690, 1016, -1, 7)	(576, 322, 589, 4)	(733, 663, 737, 4)	(1147, 1145, -1, 1)	(241, -1, 246, 6)	(341, 340, -1, 1)	(912, 911, -1, 1)	(-1, -1, 1692, 8)	(932, 908, 933, 4)	(-1, -1, -1, 0)	(-1, -1, -1, 0)	(-1, -1, -1, 0)	(-1, -1, -1, 0)	(-1, -1, -1, 0)	(-1, -1, -1, 0)	(-1, -1, -1, 0)
218:	(-1, -1, 1722, 8)	(719, 663, 728, 4)	(719, 661, 726, 4)	(749, 661, 750, 4)	(1148, 1145, -1, 1)	(1957, 1956, -1, 1)	(812, 809, 816, 4)	(-1, -1, -1, 0)	(-1, -1, -1, 0)	(-1, -1, -1, 0)	(-1, -1, -1, 0)	(-1, -1, -1, 0)	(-1, -1, -1, 0)	(-1, -1, -1, 0)	(-1, -1, -1, 0)	(-1, -1, -1, 0)
219:	(2258, 2134, 2266, 4)	(2273, 2134, 2276, 4)	(554, 543, 556, 4)	(554, 544, 559, 4)	(2203, 2134, 2210, 4)	(554, 542, 555, 4)	(567, 542, 568, 4)	(1539, 1317, 1542, 4)	(567, 543, 569, 4)	(567, 544, 572, 4)	(-1, 544, -1, 5)	(848, 846, 849, 4)	(-1, -1, -1, 0)	(-1, -1, -1, 0)	(-1, -1, -1, 0)	(-1, -1, -1, 0)
220:	(1982, 1967, 1983, 4)	(2005, 1967, 2006, 4)	(2021, 1967, 2022, 4)	(-1, 1967, -1, 5)	(2005, 1968, 2007, 4)	(2021, 1968, 2023, 4)	(1323, 1316, 1325, 4)	(1346, 1316, -1, 7)	(1146, 1145, -1, 1)	(2235, 2092, 2237, 4)	(1856, -1, 1873, 6)	(-1, -1, -1, 0)	(-1, -1, -1, 0)	(-1, -1, -1, 0)	(-1, -1, -1, 0)	(-1, -1, -1, 0)
221:	(1818, 542, 1819, 4)	(1856, 542, 1857, 4)	(1346, 1318, 1354, 4)	(2031, -1, 2032, 6)	(1346, 1317, 1351, 4)	(1995, 1951, 1998, 4)	(1539, 1318, 1549, 4)	(-1, -1, 1348, 8)	(2005, 1971, 2012, 4)	(2005, 1969, 2009, 4)	(343, 340, -1, 1)	(2031, 1971, 2038, 4)	(-1, 1951, -1, 5)	(-1, -1, -1, 0)	(-1, -1, -1, 0)	(-1, -1, -1, 0)
222:	(2048, 1967, 2049, 4)	(2048, 1968, 2050, 4)	(1500, 1266, 1515, 4)	(1982, 1971, 1989, 4)	(618, 411, 629, 4)	(2048, 1969, 2052, 4)	(1018, 1016, 1021, 4)	(793, 791, -1, 1)	(-1, -1, -1, 0)	(-1, -1, -1, 0)	(-1, -1, -1, 0)	(-1, -1, -1, 0)	(2047, -1, 2051, 6)	(-1, -1, -1, 0)	(-1, -1, -1, 0)	(-1, -1, -1, 0)
223:	(554, 545, 560, 4)	(2211, 2208, -1, 1)	(2212, 2208, -1, 1)	(2213, 2208, -1, 1)	(567, 545, 573, 4)	(1982, 1969, 1986, 4)	(1818, 543, 1820, 4)	(749, 662, 751, 4)	(1818, 545, 1832, 4)	(1774, 1062, 1779, 4)	(1048, 1031, 1049, 4)	(-1, -1, -1, 0)	(-1, -1, -1, 0)	(-1, -1, -1, 0)	(-1, -1, -1, 0)	(-1, -1, -1, 0)
224:	(1701, 1266, 1722, 4)	(2031, 1968, 2033, 4)	(2209, 2208, -1, 1)	(1692, 1062, 1726, 4)	(426, 409, 428, 4)	(1847, 409, 1848, 4)	(221, 200, 223, 4)	(226, 199, -1, 7)	(932, 909, 937, 4)	(226, 200, -1, 7)	(-1, -1, -1, 0)	(-1, -1, -1, 0)	(-1, -1, -1, 0)	(-1, -1, -1, 0)	(-1, -1, -1, 0)	(-1, -1, -1, 0)
225:	(556, 555, -1, 1)	(557, 555, -1, 1)	(558, 555, -1, 1)	(559, 555, -1, 1)	(2210, 2208, -1, 1)	(426, 411, 432, 4)	(727, 726, -1, 1)	(-1, -1, 231, 8)	(728, 726, -1, 1)	(-1, -1, 232, 8)	(729, 726, -1, 1)	(730, 726, -1, 1)	(2021, 1969, 2025, 4)	(1539, 1316, -1, 7)	(348, 341, 350, 4)	(1843, 341, -1, 7)
226:	(749, 663, 752, 4)	(1856, 543, 1858, 4)	(426, 410, 431, 4)	(1982, 1970, 1987, 4)	(2021, 1971, 2028, 4)	(715, 711, -1, 1)	(-1, -1, -1, 0)	(-1, -1, -1, 0)	(-1, -1, -1, 0)	(-1, -1, -1, 0)	(-1, -1, -1, 0)	(-1, -1, -1, 0)	(-1, -1, -1, 0)	(-1, -1, 1540, 8)	(-1, -1, -1, 0)	(-1, -1, 1845, 8)
227:	(1981, 1957, 1985, 4)	(1982, 1968, 1984, 4)	(618, 409, 619, 4)	(1988, 1983, -1, 1)	(1167, 1148, 1171, 4)	(1167, 1147, 1169, 4)	(1326, 1325, -1, 1)	(792, 791, -1, 1)	(-1, -1, -1, 0)	(-1, -1, -1, 0)	(-1, -1, -1, 0)	(-1, -1, -1, 0)	(-1, -1, -1, 0)	(-1, -1, -1, 0)	(-1, -1, -1, 0)	(-1, -1, -1, 0)
228:	(1996, 1957, 1998, 4)	(608, 195, 626, 4)	(1534, 1148, 1549, 4)	(2031, 1969, 2035, 4)	(1323, 1318, 1328, 4)	(221, 201, 225, 4)	(226, 201, 234, 4)	(1534, 1146, 1535, 4)	(2071, 2070, 2072, 4)	(-1, -1, -1, 0)	(-1, -1, -1, 0)	(-1, -1, -1, 0)	(-1, -1, -1, 0)	(-1, -1, -1, 0)	(-1, -1, -1, 0)	(-1, -1, -1, 0)
229:	(560, 555, -1, 1)	(577, 343, 593, 4)	(1989, 1983, -1, 1)	(1818, 544, 1831, 4)	(577, 341, 578, 4)	(2031, 1970, 2036, 4)	(1051, 1049, -1, 1)	(-1, -1, -1, 0)	(-1, -1, -1, 0)	(-1, -1, -1, 0)	(-1, -1, -1, 0)	(-1, -1, -1, 0)	(-1, -1, -1, 0)	(-1, -1, -1, 0)	(-1, -1, -1, 0)	(-1, -1, -1, 0)
230:	(429, 428, -1, 1)	(430, 428, -1, 1)	(1847, 410, 1861, 4)	(337, 322, 342, 4)	(1534, 1147, 1536, 4)	(1500, 1264, 1501, 4)	(609, 199, 611, 4)	(609, 200, 612, 4)	(-1, -1, -1, 0)	(-1, -1, -1, 0)	(-1, -1, -1, 0)	(-1, -1, -1, 0)	(-1, -1, -1, 0)	(-1, -1, -1, 0)	(-1, -1, -1, 0)	(-1, -1, -1, 0)
231:	(2225, 2211, 2229, 4)	(2225, 2212, 2230, 4)	(2225, 2213, 2232, 4)	(432, 428, -1, 1)	(2248, 2212, 2253, 4)	(2248, 2213, 2255, 4)	(2274, 2211, 2278, 4)	(2291, 2211, 2295, 4)	(221, 199, 222, 4)	(1050, 1049, -1, 1)	(2274, 2213, 2281, 4)	(-1, -1, -1, 0)	(-1, -1, -1, 0)	(-1, -1, -1, 0)	(-1, -1, -1, 0)	(-1, -1, -1, 0)
232:	(2225, 2209, 2226, 4)	(2248, 2209, 2249, 4)	(2264, 2209, 2265, 4)	(2274, 2209, 2275, 4)	(2291, 2209, 2292, 4)	(431, 428, -1, 1)	(351, 350, -1, 1)	(1701, 1264, 1703, 4)	(2264, 2212, 2269, 4)	(955, 954, -1, 1)	(956, 954, -1, 1)	(-1, -1, -1, 0)	(-1, -1, -1, 0)	(-1, -1, -1, 0)	(-1, -1, -1, 0)	(-1, -1, -1, 0)
233:	(2248, 2210, 2250, 4)	(-1, 2210, -1, 5)	(2291, 2210, 2293, 4)	(587, 557, -1, 7)	(1857, 557, 1859, 4)	(587, 558, 591, 4)	(568, 558, 571, 4)	(568, 556, 569, 4)	(587, 556, -1, 7)	(735, 730, 740, 4)	(735, 727, 736, 4)	(850, 849, -1, 1)	(933, 912, 934, 4)	(-1, -1, -1, 0)	(-1, -1, -1, 0)	(-1, -1, -1, 0)
234:	(750, 728, 752, 4)	(2274, -1, 2276, 6)	(750, 729, 755, 4)	(-1, -1, 589, 8)	(750, 730, 756, 4)	(735, 728, 737, 4)	(735, 729, 739, 4)	(1883, 728, 1885, 4)	(-1, -1, 588, 8)	(1265, 1263, -1, 1)	(2021, 1970, 2026, 4)	(-1, -1, -1, 0)	(-1, -1, -1, 0)	(-1, -1, -1, 0)	(-1, -1, -1, 0)	(-1, -1, -1, 0)
235:	(2264, 2210, 2266, 4)	(622, 557, 624, 4)	(622, 556, 623, 4)	(1819, 557, 1821, 4)	(2225, 2210, 2227, 4)	(1819, 556, 1820, 4)	(1984, 1983, -1, 1)	(1987, 1983, -1, 1)	(2022, 1988, 2027, 4)	(1781, 980, 1783, 4)	(-1, -1, -1, 0)	(-1, -1, -1, 0)	(-1, -1, -1, 0)	(-1, -1, -1, 0)	(-1, -1, -1, 0)	(-1, -1, -1, 0)
236:	(568, 557, 570, 4)	(587, 559, 592, 4)	(568, 559, 572, 4)	(1857, 556, 1858, 4)	(622, 559, 628, 4)	(2006, 1988, 2011, 4)	(2048, 1970, 2053, 4)	(851, 849, -1, 1)	(-1, -1, -1, 0)	(-1, -1, -1, 0)	(-1, -1, -1, 0)	(-1, -1, -1, 0)	(-1, -1, -1, 0)	(-1, -1, -1, 0)	(-1, -1, -1, 0)	(-1, -1, -1, 0)
237:	(587, 560, 593, 4)	(1729, 1051, 1741, 4)	(568, 560, 573, 4)	(750, 727, 751, 4)	(2005, 1970, 2010, 4)	(2248, 2211, 2252, 4)	(2006, 1989, 2012, 4)	(223, 222, -1, 1)	(224, 222, -1, 1)	(2274, 2212, 2279, 4)	(-1, -1, -1, 0)	(-1, -1, -1, 0)	(-1, -1, -1, 0)	(-1, -1, -1, 0)	(-1, -1, -1, 0)	(-1, -1, -1, 0)
238:	(2060, 728, 2062, 4)	(1883, 727, 1884, 4)	(2060, 727, 2061, 4)	(2230, 2226, -1, 1)	(1826, 847, 1831, 4)	(225, 222, -1, 1)	(1883, 730, 1893, 4)	(2060, 729, 2065, 4)	(2032, 1988, 2037, 4)	(-1, -1, -1, 0)	(-1, -1, -1, 0)	(-1, -1, -1, 0)	(-1, -1, -1, 0)	(-1, -1, -1, 0)	(-1, -1, -1, 0)	(-1, -1, -1, 0)
239:	(1848, 430, 1859, 4)	(563, 429, 569, 4)	(738, 736, -1, 1)	(740, 736, -1, 1)	(2231, 2226, -1, 1)	(1819, 560, 1832, 4)	(1857, 559, 1873, 4)	(342, 340, -1, 1)	(2022, 1989, 2028, 4)	(1053, 1050, 1054, 4)	(-1, -1, -1, 0)	(-1, -1, -1, 0)	(-1, -1, -1, 0)	(-1, -1, -1, 0)	(-1, -1, -1, 0)	(-1, -1, -1, 0)
240:	(582, 430, 589, 4)	(582, 431, -1, 7)	(563, 431, 571, 4)	(737, 736, -1, 1)	(739, 736, -1, 1)	(2232, 2226, -1, 1)	(1271, 1264, 1273, 4)	(1154, 1148, 1157, 4)	(-1, -1, -1, 0)	(-1, -1, -1, 0)	(-1, -1, -1, 0)	(-1, -1, -1, 0)	(-1, -1, -1, 0)	(-1, -1, -1, 0)	(-1, -1, -1, 0)	(-1, -1, -1, 0)
241:	(619, 430, 624, 4)	(-1, -1, 591, 8)	(582, 429, 588, 4)	(2227, 2226, -1, 1)	(2264, 2211, 2268, 4)	(2264, 2213, 2271, 4)	(1021, 1019, -1, 1)	(1877, 665, 1882, 4)	(-1, -1, -1, 0)	(-1, -1, -1, 0)	(-1, -1, -1, 0)	(-1, -1, -1, 0)	(-1, -1, -1, 0)	(-1, -1, -1, 0)	(-1, -1, -1, 0)	(-1, -1, -1, 0)
242:	(1500, 1265, 1512, 4)	(1701, 1265, 1717, 4)	(563, 430, 570, 4)	(619, 429, 623, 4)	(1848, 429, 1858, 4)	(609, 201, 626, 4)	(1271, 1265, 1275, 4)	(355, 351, 356, 4)	(-1, -1, -1, 0)	(-1, -1, -1, 0)	(-1, -1, -1, 0)	(-1, -1, -1, 0)	(-1, -1, -1, 0)	(-1, -1, -1, 0)	(-1, -1, -1, 0)	(-1, -1, -1, 0)
243:	(2006, 1984, 2007, 4)	(2022, 1984, 2023, 4)	(2032, 1984, 2033, 4)	(2049, 1984, 2050, 4)	(1998, 1997, -1, 1)	(2006, 1987, 2010, 4)	(1323, 1317, 1327, 4)	(2291, 2212, 2296, 4)	(2022, 1987, 2026, 4)	(2032, 1987, 2036, 4)	(1053, 1051, 1055, 4)	(-1, -1, -1, 0)	(-1, -1, -1, 0)	(-1, -1, -1, 0)	(-1, -1, -1, 0)	(-1, -1, -1, 0)
244:	(582, 432, 593, 4)	(563, 432, 573, 4)	(1819, 559, 1831, 4)	(1857, 558, 1861, 4)	(1819, 558, 1823, 4)	(1271, 1266, 1276, 4)	(1154, 1146, 1155, 4)	(2073, 2072, -1, 1)	(-1, -1, -1, 0)	(-1, -1, -1, 0)	(-1, -1, -1, 0)	(-1, -1, -1, 0)	(-1, -1, -1, 0)	(-1, -1, -1, 0)	(-1, -1, -1, 0)	(-1, -1, -1, 0)
245:	(572, 569, -1, 1)	(622, 560, 629, 4)	(244, 224, 246, 4)	(611, 224, 613, 4)	(2060, 730, 2066, 4)	(1154, 1147, 1156, 4)	(231, 224, 233, 4)	(231, 223, 232, 4)	(913, 911, -1, 1)	(888, 887, -1, 1)	(-1, -1, -1, 0)	(-1, -1, -1, 0)	(-1, -1, -1, 0)	(-1, -1, -1, 0)	(-1, -1, -1, 0)	(-1, -1, -1, 0)
246:	(571, 569, -1, 1)	(1748, 956, 1766, 4)	(2249, 2230, 2253, 4)	(1330, 1326, 1331, 4)	(1348, 1326, 1349, 4)	(578, 351, 579, 4)	(231, 225, 234, 4)	(1167, 1146, 1168, 4)	(1056, 1054, -1, 1)	(1432, 1431, -1, 1)	(-1, -1, -1, 0)	(-1, -1, -1, 0)	(-1, -1, -1, 0)	(-1, -1, -1, 0)	(-1, -1, -1, 0)	(-1, -1, -1, 0)
247:	(577, 342, 589, 4)	(1843, 342, 1859, 4)	(751, 738, 754, 4)	(751, 740, 756, 4)	(2249, 2231, 2254, 4)	(348, 342, 352, 4)	(1274, 1273, -1, 1)	(957, 955, 959, 4)	(-1, -1, -1, 0)	(-1, -1, -1, 0)	(-1, -1, -1, 0)	(-1, -1, -1, 0)	(-1, -1, -1, 0)	(-1, -1, -1, 0)	(-1, -1, -1, 0)	(-1, -1, -1, 0)
248:	(751, 737, 752, 4)	(1862, 737, 1863, 4)	(751, 739, 755, 4)	(570, 569, -1, 1)	(1884, 737, 1885, 4)	(2061, 737, 2062, 4)	(1845, 351, 1846, 4)	(1862, 740, 1876, 4)	(1884, 740, 1893, 4)	(2061, 739, 2065, 4)	(-1, -1, -1, 0)	(-1, -1, -1, 0)	(-1, -1, -1, 0)	(-1, -1, -1, 0)	(-1, -1, -1, 0)	(-1, -1, -1, 0)
249:	(1773, 1021, 1775, 4)	(2249, 2227, 2250, 4)	(2275, 2227, 2276, 4)	(2292, 2227, 2293, 4)	(348, 343, 353, 4)	(1275, 1273, -1, 1)	(2023, 2001, 2027, 4)	(2292, 2230, 2296, 4)	(2023, 2002, 2028, 4)	(1055, 1054, -1, 1)	(-1, 2001, -1, 5)	(816, 814, -1, 1)	(-1, -1, -1, 0)	(-1, -1, -1, 0)	(-1, -1, -1, 0)	(-1, -1, -1, 0)
250:	(573, 569, -1, 1)	(618, 410, 626, 4)	(1848, 431, 1861, 4)	(1328, 1325, -1, 1)	(358, 356, -1, 1)	(-1, 715, -1, 5)	(1884, 738, 1891, 4)	(852, 851, 855, 4)	(-1, -1, -1, 0)	(-1, -1, -1, 0)	(2033, -1, 2037, 6)	(-1, -1, -1, 0)	(-1, -1, -1, 0)	(-1, -1, -1, 0)	(-1, -1, -1, 0)	(-1, -1, -1, 0)
251:	(1691, 1021, 1722, 4)	(244, 225, 248, 4)	(2007, 1999, 2009, 4)	(2023, 1999, 2025, 4)	(2033, 1999, 2035, 4)	(2059, -1, 2066, 6)	(2050, 1999, 2052, 4)	(2023, 2000, 2026, 4)	(1157, 1155, -1, 1)	(244, 223, 245, 4)	(1805, 764, 1806, 4)	(-1, -1, -1, 0)	(-1, -1, -1, 0)	(-1, -1, -1, 0)	(-1, -1, -1, 0)	(-1, -1, -1, 0)
252:	(2265, 2227, 2266, 4)	(619, 432, 629, 4)	(2249, 2232, 2255, 4)	(2007, 2001, 2011, 4)	(2007, 2002, 2012, 4)	(1540, 1326, 1541, 4)	(2265, 2232, 2271, 4)	(2275, 2230, 2279, 4)	(234, 232, -1, 1)	(-1, -1, -1, 0)	(-1, -1, -1, 0)	(-1, -1, -1, 0)	(-1, -1, -1, 0)	(-1, -1, -1, 0)	(-1, -1, -1, 0)	(-1, -1, -1, 0)
253:	(588, 572, 592, 4)	(-1, 572, -1, 5)	(1858, 572, 1873, 4)	(623, 572, 628, 4)	(1334, 1331, -1, 1)	(352, 350, -1, 1)	(1869, 792, 1870, 4)	(2282, 2073, 2283, 4)	(1156, 1155, -1, 1)	(233, 232, -1, 1)	(-1, -1, -1, 0)	(-1, -1, -1, 0)	(-1, -1, -1, 0)	(-1, -1, -1, 0)	(-1, -1, -1, 0)	(-1, -1, -1, 0)
254:	(588, 571, 591, 4)	(1820, -1, 1831, 6)	(1820, 571, 1823, 4)	(2007, 2000, 2010, 4)	(1441, 1432, 1444, 4)	(2098, 2073, 2102, 4)	(1862, 739, 1875, 4)	(933, 913, 937, 4)	(-1, -1, -1, 0)	(-1, -1, -1, 0)	(-1, -1, -1, 0)	(-1, -1, -1, 0)	(-1, -1, -1, 0)	(-1, -1, -1, 0)	(-1, -1, -1, 0)	(-1, -1, -1, 0)
255:	(-1, 558, -1, 5)	(2250, 2242, 2252, 4)	(2250, 2243, 2253, 4)	(2276, 2242, 2278, 4)	(2293, 2242, 2295, 4)	(1278, 1274, 1279, 4)	(1276, 1273, -1, 1)	(1703, 1274, 1704, 4)	(2033, 2000, 2036, 4)	(2293, 2243, 2296, 4)	(-1, -1, -1, 0)	(-1, -1, -1, 0)	(-1, -1, -1, 0)	(-1, -1, -1, 0)	(-1, -1, -1, 0)	(-1, -1, -1, 0)
256:	(622, -1, 626, 6)	(588, 570, 589, 4)	(1858, 570, 1859, 4)	(623, 570, 624, 4)	(1820, 570, 1821, 4)	(1858, 571, 1861, 4)	(353, 350, -1, 1)	(1880, 681, 1892, 4)	(2292, 2231, 2297, 4)	(-1, -1, -1, 0)	(-1, -1, -1, 0)	(-1, -1, -1, 0)	(-1, -1, -1, 0)	(-1, -1, -1, 0)	(-1, -1, -1, 0)	(-1, -1, -1, 0)
257:	(1501, 1275, 1512, 4)	(1703, 1275, 1717, 4)	(1278, 1275, 1280, 4)	(1327, 1325, -1, 1)	(1852, 450, 1874, 4)	(2049, 1987, 2053, 4)	(1806, 793, 1811, 4)	(824, 816, 826, 4)	(2049, 1988, 2054, 4)	(-1, -1, -1, 0)	(-1, -1, -1, 0)	(-1, -1, -1, 0)	(-1, -1, -1, 0)	(-1, -1, -1, 0)	(-1, -1, -1, 0)	(-1, -1, -1, 0)
258:	(588, 573, 593, 4)	(1348, 1328, 1354, 4)	(601, 358, 603, 4)	(579, 358, 590, 4)	(1820, 573, 1832, 4)	(623, 573, 629, 4)	(1058, 1056, 1061, 4)	(2074, 2072, -1, 1)	(852, 850, 854, 4)	(959, 958, -1, 1)	(-1, -1, -1, 0)	(-1, -1, -1, 0)	(-1, -1, -1, 0)	(-1, -1, -1, 0)	(-1, -1, -1, 0)	(-1, -1, -1, 0)
259:	(1846, 358, 1860, 4)	(1330, 1328, 1333, 4)	(2266, 2242, 2268, 4)	(2265, 2231, 2270, 4)	(2275, 2232, 2281, 4)	(2275, 2231, 2280, 4)	(-1, -1, -1, 0)	(-1, -1, -1, 0)	(-1, -1, -1, 0)	(-1, -1, -1, 0)	(-1, -1, -1, 0)	(-1, -1, -1, 0)	(-1, -1, -1, 0)	(-1, -1, -1, 0)	(-1, -1, -1, 0)	(-1, -1, -1, 0)
260:	(1540, 1328, 1549, 4)	(245, 234, 248, 4)	(1501, 1274, 1502, 4)	(1826, 846, 1827, 4)	(2103, 2102, -1, 1)	(-1, -1, -1, 0)	(-1, -1, -1, 0)	(-1, -1, -1, 0)	(-1, -1, -1, 0)	(-1, -1, -1, 0)	(-1, -1, -1, 0)	(-1, -1, -1, 0)	(-1, -1, -1, 0)	(-1, -1, -1, 0)	(-1, -1, -1, 0)	(-1, -1, -1, 0)
261:	(1705, 1334, 1722, 4)	(1349, 1334, 1355, 4)	(1446, 1444, -1, 1)	(1281, 1279, -1, 1)	(1447, 1444, -1, 1)	(1806, 792, 1807, 4)	(2061, 738, 2064, 4)	(914, 913, 917, 4)	(957, 956, 960, 4)	(-1, -1, -1, 0)	(-1, -1, -1, 0)	(-1, -1, -1, 0)	(-1, -1, -1, 0)	(-1, -1, -1, 0)	(-1, -1, -1, 0)	(-1, -1, -1, 0)
262:	(578, 352, 589, 4)	(1845, 352, 1859, 4)	(1541, 1334, 1551, 4)	(1168, 1156, 1169, 4)	(1785, 888, 1786, 4)	(2023, 1998, 2024, 4)	(-1, -1, -1, 0)	(-1, -1, -1, 0)	(-1, -1, -1, 0)	(-1, -1, -1, 0)	(-1, -1, -1, 0)	(-1, -1, -1, 0)	(-1, -1, -1, 0)	(-1, -1, -1, 0)	(-1, -1, -1, 0)	(-1, -1, -1, 0)
263:	(1501, 1276, 1515, 4)	(1168, 1157, 1171, 4)	(1278, 1276, 1282, 4)	(1280, 1279, -1, 1)	(245, 233, 246, 4)	(2061, 740, 2066, 4)	(827, 826, -1, 1)	(2007, 1998, 2008, 4)	(-1, -1, -1, 0)	(-1, -1, -1, 0)	(-1, -1, -1, 0)	(-1, -1, -1, 0)	(-1, -1, -1, 0)	(-1, -1, -1, 0)	(-1, -1, -1, 0)	(-1, -1, -1, 0)
264:	(578, 353, 593, 4)	(619, 431, 626, 4)	(355, 352, 357, 4)	(355, 353, 359, 4)	(2265, 2230, 2269, 4)	(828, 826, -1, 1)	(1748, 955, 1749, 4)	(-1, -1, -1, 0)	(-1, -1, -1, 0)	(-1, -1, -1, 0)	(-1, -1, -1, 0)	(-1, -1, -1, 0)	(-1, -1, -1, 0)	(-1, -1, -1, 0)	(-1, -1, -1, 0)	(-1, -1, -1, 0)
265:	(1348, 1327, 1351, 4)	(1330, 1327, 1332, 4)	(1333, 1331, -1, 1)	(930, 888, 937, 4)	(1061, 1059, -1, 1)	(13, 11, 16, 4)	(1881, 702, 1882, 4)	(-1, -1, -1, 0)	(-1, -1, -1, 0)	(-1, -1, -1, 0)	(-1, -1, -1, 0)	(-1, -1, -1, 0)	(-1, -1, -1, 0)	(-1, -1, -1, 0)	(-1, -1, -1, 0)	(-1, -1, -1, 0)
266:	(1540, 1327, 1542, 4)	(1535, 1157, 1549, 4)	(1827, 851, 1831, 4)	(1867, 784, 1874, 4)	(1729, 1050, 1730, 4)	(2104, 2102, -1, 1)	(855, 853, -1, 1)	(-1, -1, -1, 0)	(-1, -1, -1, 0)	(-1, -1, -1, 0)	(-1, -1, -1, 0)	(-1, -1, -1, 0)	(-1, -1, -1, 0)	(-1, -1, -1, 0)	(-1, -1, -1, 0)	(-1, -1, -1, 0)
267:	(1703, 1276, 1722, 4)	(1445, 1444, -1, 1)	(914, 912, 915, 4)	(2050, 2001, 2054, 4)	(854, 853, -1, 1)	(973, 959, 974, 4)	(960, 958, -1, 1)	(-1, -1, -1, 0)	(-1, -1, -1, 0)	(-1, -1, -1, 0)	(-1, -1, -1, 0)	(-1, -1, -1, 0)	(-1, -1, -1, 0)	(-1, -1, -1, 0)	(-1, -1, -1, 0)	(-1, -1, -1, 0)
268:	(2237, 2103, 2241, 4)	(1170, 1169, -1, 1)	(1535, 1156, 1536, 4)	(1172, 1169, -1, 1)	(2050, 2000, 2053, 4)	(2041, 90, 2055, 4)	(2283, 2103, 2294, 4)	(2050, 1998, 2051, 4)	(-1, -1, -1, 0)	(-1, -1, -1, 0)	(-1, -1, -1, 0)	(-1, -1, -1, 0)	(-1, -1, -1, 0)	(-1, -1, -1, 0)	(-1, -1, -1, 0)	(-1, -1, -1, 0)
269:	(1756, 1446, 1764, 4)	(1461, 1446, 1467, 4)	(1502, 1281, 1513, 4)	(1171, 1169, -1, 1)	(1282, 1279, -1, 1)	(247, 246, -1, 1)	(248, 246, -1, 1)	(249, 246, -1, 1)	(2159, 2158, 2160, 4)	(-1, -1, -1, 0)	(-1, -1, -1, 0)	(-1, -1, -1, 0)	(-1, -1, -1, 0)	(-1, -1, -1, 0)	(-1, -1, -1, 0)	(-1, -1, -1, 0)
270:	(1713, 1447, 1724, 4)	(1524, 1281, 1526, 4)	(357, 356, -1, 1)	(2098, 2074, 2105, 4)	(1870, 832, 1871, 4)	(-1, -1, -1, 0)	(-1, -1, -1, 0)	(-1, -1, -1, 0)	(-1, -1, -1, 0)	(-1, -1, -1, 0)	(-1, -1, -1, 0)	(-1, -1, -1, 0)	(-1, -1, -1, 0)	(-1, -1, -1, 0)	(-1, -1, -1, 0)	(-1, -1, -1, 0)
271:	(1502, 1280, 1512, 4)	(1461, 1447, 1468, 4)	(611, 225, 626, 4)	(1332, 1331, -1, 1)	(1058, 1055, 1060, 4)	(2032, 1989, 2038, 4)	(2286, 2169, 2298, 4)	(-1, -1, -1, 0)	(-1, -1, -1, 0)	(-1, -1, -1, 0)	(-1, -1, -1, 0)	(-1, -1, -1, 0)	(-1, -1, -1, 0)	(-1, -1, -1, 0)	(-1, -1, -1, 0)	(-1, -1, -1, 0)
272:	(1704, 1280, 1717, 4)	(1730, 1055, 1741, 4)	(1704, 1281, 1718, 4)	(1756, 1447, 1766, 4)	(1842, 336, -1, 7)	(2266, 2243, 2269, 4)	(-1, -1, -1, 0)	(-1, -1, -1, 0)	(-1, -1, -1, 0)	(-1, -1, -1, 0)	(-1, -1, -1, 0)	(-1, -1, -1, 0)	(-1, -1, -1, 0)	(-1, -1, -1, 0)	(-1, -1, -1, 0)	(-1, -1, -1, 0)
273:	(1713, 1446, 1722, 4)	(1349, 1333, 1354, 4)	(1705, 1333, 1719, 4)	(1730, 1056, 1743, 4)	(-1, -1, 1874, 8)	(359, 356, -1, 1)	(830, 827, 833, 4)	(916, 915, -1, 1)	(16, 14, -1, 1)	(-1, -1, -1, 0)	(-1, -1, -1, 0)	(-1, -1, -1, 0)	(-1, -1, -1, 0)	(-1, -1, -1, 0)	(-1, -1, -1, 0)	(-1, -1, -1, 0)
274:	(1692, 1061, 1725, 4)	(1524, 1280, 1525, 4)	(1774, 1061, 1778, 4)	(2276, 2243, 2279, 4)	(2283, 2104, 2297, 4)	(-1, -1, -1, 0)	(-1, -1, -1, 0)	(-1, -1, -1, 0)	(-1, -1, -1, 0)	(-1, -1, -1, 0)	(-1, -1, -1, 0)	(-1, -1, -1, 0)	(-1, -1, -1, 0)	(-1, -1, -1, 0)	(-1, -1, -1, 0)	(-1, -1, -1, 0)
275:	(2237, 2104, 2244, 4)	(1713, 1445, 1714, 4)	(2241, 2240, -1, 1)	(830, 828, 834, 4)	(917, 915, -1, 1)	(-1, -1, -1, 0)	(-1, -1, -1, 0)	(-1, -1, -1, 0)	(-1, -1, -1, 0)	(-1, -1, -1, 0)	(-1, -1, -1, 0)	(-1, -1, -1, 0)	(-1, -1, -1, 0)	(-1, -1, -1, 0)	(-1, -1, -1, 0)	(-1, -1, -1, 0)
276:	(1671, 1172, 1681, 4)	(1519, 1170, 1526, 4)	(1536, 1170, 1548, 4)	(1519, 1172, 1528, 4)	(1756, 1445, 1757, 4)	(1536, 1172, 1550, 4)	(611, 223, 612, 4)	(-1, -1, -1, 0)	(-1, -1, -1, 0)	(-1, -1, -1, 0)	(-1, -1, -1, 0)	(-1, -1, -1, 0)	(-1, -1, -1, 0)	(-1, -1, -1, 0)	(-1, -1, -1, 0)	(-1, -1, -1, 0)
277:	(1502, 1282, 1515, 4)	(1519, 1171, 1527, 4)	(1524, 1282, 1529, 4)	(1461, 1445, 1464, 4)	(1671, 1170, 1676, 4)	(1671, 1171, 1677, 4)	(1060, 1059, -1, 1)	(2161, 2160, -1, 1)	(-1, -1, -1, 0)	(-1, -1, -1, 0)	(-1, -1, -1, 0)	(-1, -1, -1, 0)	(-1, -1, -1, 0)	(-1, -1, -1, 0)	(-1, -1, -1, 0)	(-1, -1, -1, 0)
278:	(596, 248, 604, 4)	(742, 249, 752, 4)	(596, 247, 603, 4)	(596, 249, 605, 4)	(579, 357, 589, 4)	(742, 247, 747, 4)	(742, 248, 748, 4)	(974, 962, 975, 4)	(1749, 962, 1750, 4)	(2042, 96, 2055, 4)	(-1, -1, -1, 0)	(-1, -1, -1, 0)	(-1, -1, -1, 0)	(-1, -1, -1, 0)	(-1, -1, -1, 0)	(-1, -1, -1, 0)
279:	(1704, 1282, 1722, 4)	(1349, 1332, 1351, 4)	(1705, 1332, 1706, 4)	(623, 571, 626, 4)	(833, 831, -1, 1)	(2105, 2102, -1, 1)	(-1, -1, -1, 0)	(-1, -1, -1, 0)	(-1, -1, -1, 0)	(-1, -1, -1, 0)	(-1, -1, -1, 0)	(-1, -1, -1, 0)	(-1, -1, -1, 0)	(-1, -1, -1, 0)	(-1, -1, -1, 0)	(-1, -1, -1, 0)
280:	(1541, 1332, 1542, 4)	(1541, 1333, 1549, 4)	(1839, 290, 1874, 4)	(1888, 827, 1889, 4)	(868, 855, 872, 4)	(-1, -1, -1, 0)	(-1, -1, -1, 0)	(-1, -1, -1, 0)	(-1, -1, -1, 0)	(-1, -1, -1, 0)	(-1, -1, -1, 0)	(-1, -1, -1, 0)	(-1, -1, -1, 0)	(-1, -1, -1, 0)	(-1, -1, -1, 0)	(-1, -1, -1, 0)
281:	(601, 359, 607, 4)	(579, 359, 593, 4)	(601, 357, 602, 4)	(2244, 2240, -1, 1)	(2216, 16, 2218, 4)	(918, 916, 920, 4)	(-1, -1, -1, 0)	(-1, -1, -1, 0)	(-1, -1, -1, 0)	(-1, -1, -1, 0)	(-1, -1, -1, 0)	(-1, -1, -1, 0)	(-1, -1, -1, 0)	(-1, -1, -1, 0)	(-1, -1, -1, 0)	(-1, -1, -1, 0)
282:	(1846, 357, 1859, 4)	(834, 831, -1, 1)	(1881, 704, 1892, 4)	(934, 916, 935, 4)	(2029, 48, 2034, 4)	(-1, -1, -1, 0)	(-1, -1, -1, 0)	(-1, -1, -1, 0)	(-1, -1, -1, 0)	(-1, -1, -1, 0)	(-1, -1, -1, 0)	(-1, -1, -1, 0)	(-1, -1, -1, 0)	(-1, -1, -1, 0)	(-1, -1, -1, 0)	(-1, -1, -1, 0)
283:	(1465, 1464, -1, 1)	(1466, 1464, -1, 1)	(1467, 1464, -1, 1)	(1468, 1464, -1, 1)	(612, 233, 613, 4)	(2033, 2002, 2038, 4)	(2250, 2241, 2251, 4)	(-1, -1, -1, 0)	(-1, -1, -1, 0)	(-1, -1, -1, 0)	(-1, -1, -1, 0)	(-1, -1, -1, 0)	(-1, -1, -1, 0)	(-1, -1, -1, 0)	(-1, -1, -1, 0)	(-1, -1, -1, 0)
284:	(590, 589, -1, 1)	(591, 589, -1, 1)	(592, 589, -1, 1)	(934, 917, 937, 4)	(1882, 706, 1893, 4)	(918, 917, 921, 4)	(1827, 850, 1828, 4)	(-1, -1, -1, 0)	(-1, -1, -1, 0)	(-1, -1, -1, 0)	(-1, -1, -1, 0)	(-1, -1, -1, 0)	(-1, -1, -1, 0)	(-1, -1, -1, 0)	(-1, -1, -1, 0)	(-1, -1, -1, 0)
285:	(1774, 1060, 1776, 4)	(1352, 1351, -1, 1)	(1353, 1351, -1, 1)	(1354, 1351, -1, 1)	(1355, 1351, -1, 1)	(973, 960, 977, 4)	(2293, 2241, 2294, 4)	(-1, -1, -1, 0)	(-1, -1, -1, 0)	(-1, -1, -1, 0)	(-1, -1, -1, 0)	(-1, -1, -1, 0)	(-1, -1, -1, 0)	(-1, -1, -1, 0)	(-1, -1, -1, 0)	(-1, -1, -1, 0)
286:	(1692, 1060, 1723, 4)	(1536, 1171, 1549, 4)	(1864, 775, 1874, 4)	(976, 975, -1, 1)	(-1, -1, -1, 0)	(-1, -1, -1, 0)	(-1, -1, -1, 0)	(-1, -1, -1, 0)	(-1, -1, -1, 0)	(-1, -1, -1, 0)	(-1, -1, -1, 0)	(-1, -1, -1, 0)	(-1, -1, -1, 0)	(-1, -1, -1, 0)	(-1, -1, -1, 0)	(-1, -1, -1, 0)
287:	(2218, 28, 2229, 4)	(2237, 2105, 2245, 4)	(593, 589, -1, 1)	(1807, 833, 1810, 4)	(1870, 833, 1872, 4)	(2218, 27, 2220, 4)	(1886, 804, -1, 7)	(920, 919, -1, 1)	(-1, -1, -1, 0)	(-1, -1, -1, 0)	(-1, -1, -1, 0)	(-1, -1, -1, 0)	(-1, -1, -1, 0)	(-1, -1, -1, 0)	(-1, -1, -1, 0)	(-1, -1, -1, 0)
288:	(2218, 26, 2219, 4)	(935, 923, 936, 4)	(2033, 1998, 2034, 4)	(-1, -1, -1, 0)	(-1, -1, -1, 0)	(-1, -1, -1, 0)	(-1, -1, 1892, 8)	(-1, -1, -1, 0)	(-1, -1, -1, 0)	(-1, -1, -1, 0)	(-1, -1, -1, 0)	(-1, -1, -1, 0)	(-1, -1, -1, 0)	(-1, -1, -1, 0)	(-1, -1, -1, 0)	(-1, -1, -1, 0)
289:	(612, 234, 626, 4)	(613, 249, 627, 4)	(2287, 2175, 2298, 4)	(2043, 102, 2055, 4)	(-1, -1, -1, 0)	(-1, -1, -1, 0)	(-1, -1, -1, 0)	(-1, -1, -1, 0)	(-1, -1, -1, 0)	(-1, -1, -1, 0)	(-1, -1, -1, 0)	(-1, -1, -1, 0)	(-1, -1, -1, 0)	(-1, -1, -1, 0)	(-1, -1, -1, 0)	(-1, -1, -1, 0)
290:	(613, 247, 625, 4)	(2250, 2244, 2254, 4)	(2266, 2244, 2270, 4)	(1807, 834, 1812, 4)	(-1, 2244, -1, 5)	(2293, 2244, 2297, 4)	(2266, 2241, 2267, 4)	(-1, -1, -1, 0)	(-1, -1, -1, 0)	(-1, -1, -1, 0)	(-1, -1, -1, 0)	(-1, -1, -1, 0)	(-1, -1, -1, 0)	(-1, -1, -1, 0)	(-1, -1, -1, 0)	(-1, -1, -1, 0)
291:	(1714, 1467, 1722, 4)	(1477, 1467, 1482, 4)	(1477, 1468, 1483, 4)	(1477, 1465, 1478, 4)	(2276, -1, 2280, 6)	(1714, 1465, 1715, 4)	(1757, 1465, 1758, 4)	(1714, 1468, -1, 7)	(977, 975, -1, 1)	(-1, -1, -1, 0)	(-1, -1, -1, 0)	(-1, -1, -1, 0)	(-1, -1, -1, 0)	(-1, -1, -1, 0)	(-1, -1, -1, 0)	(-1, -1, -1, 0)
292:	(1757, 1467, 1764, 4)	(1477, 1466, 1479, 4)	(1490, 1465, 1491, 4)	(1490, 1467, 1495, 4)	(1490, 1466, 1492, 4)	(1757, 1466, 1759, 4)	(1859, 592, 1873, 4)	(-1, -1, 1724, 8)	(-1, 592, -1, 5)	(-1, -1, -1, 0)	(-1, -1, -1, 0)	(-1, -1, -1, 0)	(-1, -1, -1, 0)	(-1, -1, -1, 0)	(-1, -1, -1, 0)	(-1, -1, -1, 0)
293:	(1505, 1354, -1, 7)	(1505, 1355, -1, 7)	(1486, 1353, 1493, 4)	(1505, 1353, 1512, 4)	(1486, 1354, 1494, 4)	(1490, 1468, 1496, 4)	(2245, 2240, -1, 1)	(1757, 1468, 1766, 4)	(624, -1, 628, 6)	(921, 919, -1, 1)	(-1, -1, -1, 0)	(-1, -1, -1, 0)	(-1, -1, -1, 0)	(-1, -1, -1, 0)	(-1, -1, -1, 0)	(-1, -1, -1, 0)
294:	(-1, -1, 1514, 8)	(-1, -1, 1515, 8)	(1714, 1466, 1716, 4)	(1505, 1352, 1511, 4)	(1821, 590, 1822, 4)	(1859, 590, 1860, 4)	(1821, 591, 1823, 4)	(1859, 591, 1861, 4)	(1750, 976, 1751, 4)	(-1, -1, -1, 0)	(-1, -1, -1, 0)	(-1, -1, -1, 0)	(-1, -1, -1, 0)	(-1, -1, -1, 0)	(-1, -1, -1, 0)	(-1, -1, -1, 0)
295:	(1542, 1353, 1547, 4)	(1706, 1353, 1717, 4)	(602, 591, 604, 4)	(602, 592, 606, 4)	(602, 593, 607, 4)	(602, 590, 603, 4)	(1821, 592, 1831, 4)	(1821, 593, 1832, 4)	(613, 248, 626, 4)	(-1, -1, -1, 0)	(-1, -1, -1, 0)	(-1, -1, -1, 0)	(-1, -1, -1, 0)	(-1, -1, -1, 0)	(-1, -1, -1, 0)	(-1, -1, -1, 0)
296:	(2219, 32, 2229, 4)	(2219, 31, 2228, 4)	(1542, 1352, 1546, 4)	(624, 590, 625, 4)	(1828, 857, 1829, 4)	(1811, 1810, -1, 1)	(924, 920, 925, 4)	(-1, -1, -1, 0)	(-1, -1, -1, 0)	(-1, -1, -1, 0)	(-1, -1, -1, 0)	(-1, -1, -1, 0)	(-1, -1, -1, 0)	(-1, -1, -1, 0)	(-1, -1, -1, 0)	(-1, -1, -1, 0)
297:	(1706, 1355, 1722, 4)	(1480, 1478, -1, 1)	(1481, 1478, -1, 1)	(624, 593, 629, 4)	(1868, 788, 1874, 4)	(1870, 834, 1875, 4)	(1887, 823, 1892, 4)	(-1, -1, -1, 0)	(-1, -1, -1, 0)	(-1, -1, -1, 0)	(-1, -1, -1, 0)	(-1, -1, -1, 0)	(-1, -1, -1, 0)	(-1, -1, -1, 0)	(-1, -1, -1, 0)	(-1, -1, -1, 0)
298:	(1479, 1478, -1, 1)	(1482, 1478, -1, 1)	(1483, 1478, -1, 1)	(1486, 1352, 1492, 4)	(868, 854, 869, 4)	(1807, 832, 1809, 4)	(-1, -1, -1, 0)	(-1, -1, -1, 0)	(-1, -1, -1, 0)	(-1, -1, -1, 0)	(-1, -1, -1, 0)	(-1, -1, -1, 0)	(-1, -1, -1, 0)	(-1, -1, -1, 0)	(-1, -1, -1, 0)	(-1, -1, -1, 0)
299:	(1486, 1355, 1495, 4)	(1750, 977, 1766, 4)	(-1, 1354, -1, 5)	(1812, 1810, -1, 1)	(2288, 2181, 2298, 4)	(-1, -1, -1, 0)	(-1, -1, -1, 0)	(-1, -1, -1, 0)	(-1, -1, -1, 0)	(-1, -1, -1, 0)	(-1, -1, -1, 0)	(-1, -1, -1, 0)	(-1, -1, -1, 0)	(-1, -1, -1, 0)	(-1, -1, -1, 0)	(-1, -1, -1, 0)
300:	(1706, 1352, 1716, 4)	(1542, 1355, 1551, 4)	(1706, -1, 1719, 6)	(2276, 2241, 2277, 4)	(-1, -1, -1, 0)	(-1, -1, -1, 0)	(-1, -1, -1, 0)	(-1, -1, -1, 0)	(-1, -1, -1, 0)	(-1, -1, -1, 0)	(-1, -1, -1, 0)	(-1, -1, -1, 0)	(-1, -1, -1, 0)	(-1, -1, -1, 0)	(-1, -1, -1, 0)	(-1, -1, -1, 0)
301:	(604, 603, -1, 1)	(605, 603, -1, 1)	(606, 603, -1, 1)	(607, 603, -1, 1)	(1542, 1354, 1549, 4)	(624, 591, 626, 4)	(2276, 2245, 2281, 4)	(-1, -1, -1, 0)	(-1, -1, -1, 0)	(-1, -1, -1, 0)	(-1, -1, -1, 0)	(-1, -1, -1, 0)	(-1, -1, -1, 0)	(-1, -1, -1, 0)	(-1, -1, -1, 0)	(-1, -1, -1, 0)
302:	(2250, 2245, 2255, 4)	(2266, 2245, 2271, 4)	(925, 923, 926, 4)	(2044, 107, 2055, 4)	(-1, -1, -1, 0)	(-1, -1, -1, 0)	(-1, -1, -1, 0)	(-1, -1, -1, 0)	(-1, -1, -1, 0)	(-1, -1, -1, 0)	(-1, -1, -1, 0)	(-1, -1, -1, 0)	(-1, -1, -1, 0)	(-1, -1, -1, 0)	(-1, -1, -1, 0)	(-1, -1, -1, 0)
303:	(1855, 524, 1874, 4)	(1883, 729, 1892, 4)	(-1, -1, -1, 0)	(-1, -1, -1, 0)	(-1, -1, -1, 0)	(-1, -1, -1, 0)	(-1, -1, -1, 0)	(-1, -1, -1, 0)	(-1, -1, -1, 0)	(-1, -1, -1, 0)	(-1, -1, -1, 0)	(-1, -1, -1, 0)	(-1, -1, -1, 0)	(-1, -1, -1, 0)	(-1, -1, -1, 0)	(-1, -1, -1, 0)
304:	(1889, 1811, 1891, 4)	(924, 921, 927, 4)	(-1, -1, -1, 0)	(-1, -1, -1, 0)	(-1, -1, -1, 0)	(-1, -1, -1, 0)	(-1, -1, -1, 0)	(-1, -1, -1, 0)	(-1, -1, -1, 0)	(-1, -1, -1, 0)	(-1, -1, -1, 0)	(-1, -1, -1, 0)	(-1, -1, -1, 0)	(-1, -1, -1, 0)	(-1, -1, -1, 0)	(-1, -1, -1, 0)
305:	(1510, 1481, 1514, 4)	(1491, 1480, 1493, 4)	(1510, 1480, -1, 7)	(1491, 1481, 1494, 4)	(1758, 1480, 1760, 4)	(1758, 1481, 1762, 4)	(-1, -1, -1, 0)	(-1, -1, -1, 0)	(-1, -1, -1, 0)	(-1, -1, -1, 0)	(-1, -1, -1, 0)	(-1, -1, -1, 0)	(-1, -1, -1, 0)	(-1, -1, -1, 0)	(-1, -1, -1, 0)	(-1, -1, -1, 0)
306:	(1715, 1482, 1722, 4)	(1758, 1482, 1764, 4)	(-1, -1, 1512, 8)	(1715, 1483, 1724, 4)	(1510, 1483, 1516, 4)	(1510, 1479, -1, 7)	(1715, 1479, 1716, 4)	(1758, 1479, 1759, 4)	(1545, 1482, 1551, 4)	(1545, 1483, 1552, 4)	(-1, -1, -1, 0)	(-1, -1, -1, 0)	(-1, -1, -1, 0)	(-1, -1, -1, 0)	(-1, -1, -1, 0)	(-1, -1, -1, 0)
307:	(1510, 1482, 1515, 4)	(1491, 1482, 1495, 4)	(-1, 1481, -1, 5)	(-1, -1, -1, 0)	(-1, -1, -1, 0)	(-1, -1, 1511, 8)	(-1, -1, -1, 0)	(-1, -1, -1, 0)	(-1, -1, -1, 0)	(-1, -1, -1, 0)	(-1, -1, -1, 0)	(-1, -1, -1, 0)	(-1, -1, -1, 0)	(-1, -1, -1, 0)	(-1, -1, -1, 0)	(-1, -1, -1, 0)
308:	(1545, 1480, 1547, 4)	(1715, 1480, 1717, 4)	(1545, -1, 1549, 6)	(1545, 1479, 1546, 4)	(869, 857, 870, 4)	(928, 926, -1, 1)	(-1, -1, -1, 0)	(-1, -1, -1, 0)	(-1, -1, -1, 0)	(-1, -1, -1, 0)	(-1, -1, -1, 0)	(-1, -1, -1, 0)	(-1, -1, -1, 0)	(-1, -1, -1, 0)	(-1, -1, -1, 0)	(-1, -1, -1, 0)
309:	(747, 606, 753, 4)	(747, 607, 754, 4)	(747, 605, 752, 4)	(1860, 605, 1863, 4)	(1715, 1481, 1719, 4)	(-1, 606, -1, 5)	(747, 604, 748, 4)	(1860, 604, 1861, 4)	(-1, -1, -1, 0)	(-1, -1, -1, 0)	(-1, -1, -1, 0)	(-1, -1, -1, 0)	(-1, -1, -1, 0)	(-1, -1, -1, 0)	(-1, -1, -1, 0)	(-1, -1, -1, 0)
310:	(1491, 1483, 1496, 4)	(1822, 607, 1832, 4)	(625, 607, 629, 4)	(625, 604, 626, 4)	(-1, -1, -1, 0)	(1822, -1, 1831, 6)	(-1, -1, -1, 0)	(-1, -1, -1, 0)	(-1, -1, -1, 0)	(-1, -1, -1, 0)	(-1, -1, -1, 0)	(-1, -1, -1, 0)	(-1, -1, -1, 0)	(-1, -1, -1, 0)	(-1, -1, -1, 0)	(-1, -1, -1, 0)
311:	(1822, 605, 1824, 4)	(1491, 1479, 1492, 4)	(1822, 604, 1823, 4)	(1847, 411, 1874, 4)	(2289, 2186, 2298, 4)	(-1, -1, -1, 0)	(-1, -1, -1, 0)	(-1, -1, -1, 0)	(-1, -1, -1, 0)	(-1, -1, -1, 0)	(-1, -1, -1, 0)	(-1, -1, -1, 0)	(-1, -1, -1, 0)	(-1, -1, -1, 0)	(-1, -1, -1, 0)	(-1, -1, -1, 0)
312:	(1758, 1483, 1766, 4)	(625, 605, 627, 4)	(1884, 739, 1892, 4)	(-1, -1, -1, 0)	(-1, -1, -1, 0)	(-1, -1, -1, 0)	(-1, -1, -1, 0)	(-1, -1, -1, 0)	(-1, -1, -1, 0)	(-1, -1, -1, 0)	(-1, -1, -1, 0)	(-1, -1, -1, 0)	(-1, -1, -1, 0)	(-1, -1, -1, 0)	(-1, -1, -1, 0)	(-1, -1, -1, 0)
313:	(1860, 606, 1873, 4)	(1872, 1812, 1875, 4)	(-1, -1, -1, 0)	(-1, -1, -1, 0)	(-1, -1, -1, 0)	(-1, -1, -1, 0)	(-1, -1, -1, 0)	(-1, -1, -1, 0)	(-1, -1, -1, 0)	(-1, -1, -1, 0)	(-1, -1, -1, 0)	(-1, -1, -1, 0)	(-1, -1, -1, 0)	(-1, -1, -1, 0)	(-1, -1, -1, 0)	(-1, -1, -1, 0)
314:	(625, 606, 628, 4)	(872, 870, -1, 1)	(871, 870, -1, 1)	(-1, -1, -1, 0)	(-1, -1, -1, 0)	(-1, -1, -1, 0)	(-1, -1, -1, 0)	(-1, -1, -1, 0)	(-1, -1, -1, 0)	(-1, -1, -1, 0)	(-1, -1, -1, 0)	(-1, -1, -1, 0)	(-1, -1, -1, 0)	(-1, -1, -1, 0)	(-1, -1, -1, 0)	(-1, -1, -1, 0)
315:	(927, 926, -1, 1)	(-1, -1, -1, 0)	(-1, -1, -1, 0)	(-1, -1, -1, 0)	(-1, -1, -1, 0)	(-1, -1, -1, 0)	(-1, -1, -1, 0)	(-1, -1, -1, 0)	(-1, -1, -1, 0)	(-1, -1, -1, 0)	(-1, -1, -1, 0)	(-1, -1, -1, 0)	(-1, -1, -1, 0)	(-1, -1, -1, 0)	(-1, -1, -1, 0)	(-1, -1, -1, 0)
316:	(629, 626, -1, 1)	(936, 928, 939, 4)	(1794, 928, 1798, 4)	(-1, -1, -1, 0)	(-1, -1, -1, 0)	(-1, -1, -1, 0)	(-1, -1, -1, 0)	(-1, -1, -1, 0)	(-1, -1, -1, 0)	(-1, -1, -1, 0)	(-1, -1, -1, 0)	(-1, -1, -1, 0)	(-1, -1, -1, 0)	(-1, -1, -1, 0)	(-1, -1, -1, 0)	(-1, -1, -1, 0)
317:	(1493, 1492, -1, 1)	(1494, 1492, -1, 1)	(1495, 1492, -1, 1)	(1496, 1492, -1, 1)	(1856, 545, 1874, 4)	(2046, 1922, 2055, 4)	(-1, -1, -1, 0)	(-1, -1, -1, 0)	(-1, -1, -1, 0)	(-1, -1, -1, 0)	(-1, -1, -1, 0)	(-1, -1, -1, 0)	(-1, -1, -1, 0)	(-1, -1, -1, 0)	(-1, -1, -1, 0)	(-1, -1, -1, 0)
318:	(627, 626, -1, 1)	(1888, 828, 1892, 4)	(-1, -1, -1, 0)	(-1, -1, -1, 0)	(-1, -1, -1, 0)	(-1, -1, -1, 0)	(-1, -1, -1, 0)	(-1, -1, -1, 0)	(-1, -1, -1, 0)	(-1, -1, -1, 0)	(-1, -1, -1, 0)	(-1, -1, -1, 0)	(-1, -1, -1, 0)	(-1, -1, -1, 0)	(-1, -1, -1, 0)	(-1, -1, -1, 0)
319:	(2290, 2201, 2298, 4)	(-1, -1, -1, 0)	(-1, -1, -1, 0)	(-1, -1, -1, 0)	(-1, -1, -1, 0)	(-1, -1, -1, 0)	(-1, -1, -1, 0)	(-1, -1, -1, 0)	(-1, -1, -1, 0)	(-1, -1, -1, 0)	(-1, -1, -1, 0)	(-1, -1, -1, 0)	(-1, -1, -1, 0)	(-1, -1, -1, 0)	(-1, -1, -1, 0)	(-1, -1, -1, 0)
320:	(628, 626, -1, 1)	(-1, -1, -1, 0)	(-1, -1, -1, 0)	(-1, -1, -1, 0)	(-1, -1, -1, 0)	(-1, -1, -1, 0)	(-1, -1, -1, 0)	(-1, -1, -1, 0)	(-1, -1, -1, 0)	(-1, -1, -1, 0)	(-1, -1, -1, 0)	(-1, -1, -1, 0)	(-1, -1, -1, 0)	(-1, -1, -1, 0)	(-1, -1, -1, 0)	(-1, -1, -1, 0)
321:	(-1, -1, -1, 0)	(-1, -1, -1, 0)	(-1, -1, -1, 0)	(-1, -1, -1, 0)	(-1, -1, -1, 0)	(-1, -1, -1, 0)	(-1, -1, -1, 0)	(-1, -1, -1, 0)	(-1, -1, -1, 0)	(-1, -1, -1, 0)	(-1, -1, -1, 0)	(-1, -1, -1, 0)	(-1, -1, -1, 0)	(-1, -1, -1, 0)	(-1, -1, -1, 0)	(-1, -1, -1, 0)
322:	(1829, 872, 1831, 4)	(-1, -1, -1, 0)	(-1, -1, -1, 0)	(-1, -1, -1, 0)	(-1, -1, -1, 0)	(-1, -1, -1, 0)	(-1, -1, -1, 0)	(-1, -1, -1, 0)	(-1, -1, -1, 0)	(-1, -1, -1, 0)	(-1, -1, -1, 0)	(-1, -1, -1, 0)	(-1, -1, -1, 0)	(-1, -1, -1, 0)	(-1, -1, -1, 0)	(-1, -1, -1, 0)
323:	(1843, 343, 1874, 4)	(936, 927, 937, 4)	(1794, 927, 1795, 4)	(1829, 871, 1830, 4)	(-1, -1, -1, 0)	(-1, -1, -1, 0)	(-1, -1, -1, 0)	(-1, -1, -1, 0)	(-1, -1, -1, 0)	(-1, -1, -1, 0)	(-1, -1, -1, 0)	(-1, -1, -1, 0)	(-1, -1, -1, 0)	(-1, -1, -1, 0)	(-1, -1, -1, 0)	(-1, -1, -1, 0)
324:	(748, 629, 754, 4)	(1823, 629, 1832, 4)	(1889, 1812, 1892, 4)	(-1, -1, -1, 0)	(-1, -1, -1, 0)	(-1, -1, -1, 0)	(-1, -1, -1, 0)	(-1, -1, -1, 0)	(-1, -1, -1, 0)	(-1, -1, -1, 0)	(-1, -1, -1, 0)	(-1, -1, -1, 0)	(-1, -1, -1, 0)	(-1, -1, -1, 0)	(-1, -1, -1, 0)	(-1, -1, -1, 0)
325:	(1716, 1495, 1722, 4)	(1759, 1495, 1764, 4)	(1716, 1496, 1724, 4)	(1511, 1494, 1514, 4)	(1511, 1495, 1515, 4)	(1511, 1496, 1516, 4)	(1511, 1493, 1512, 4)	(1716, 1493, -1, 7)	(1759, 1493, 1760, 4)	(1759, 1496, 1766, 4)	(1759, 1494, 1762, 4)	(-1, -1, -1, 0)	(-1, -1, -1, 0)	(-1, -1, -1, 0)	(-1, -1, -1, 0)	(-1, -1, -1, 0)
326:	(748, 627, 752, 4)	(1823, 627, 1824, 4)	(1861, 627, 1863, 4)	(1546, 1495, 1551, 4)	(1546, 1494, 1549, 4)	(-1, -1, -1, 0)	(-1, -1, -1, 0)	(-1, -1, 1717, 8)	(-1, -1, -1, 0)	(-1, -1, -1, 0)	(-1, -1, -1, 0)	(-1, -1, -1, 0)	(-1, -1, -1, 0)	(-1, -1, -1, 0)	(-1, -1, -1, 0)	(-1, -1, -1, 0)
327:	(1546, 1493, 1547, 4)	(1546, 1496, 1552, 4)	(1716, 1494, 1719, 4)	(2047, 1953, 2055, 4)	(2291, 2213, 2298, 4)	(-1, -1, -1, 0)	(-1, -1, -1, 0)	(-1, -1, -1, 0)	(-1, -1, -1, 0)	(-1, -1, -1, 0)	(-1, -1, -1, 0)	(-1, -1, -1, 0)	(-1, -1, -1, 0)	(-1, -1, -1, 0)	(-1, -1, -1, 0)	(-1, -1, -1, 0)
328:	(748, 628, 753, 4)	(1823, 628, 1831, 4)	(-1, -1, -1, 0)	(-1, -1, -1, 0)	(-1, -1, -1, 0)	(-1, -1, -1, 0)	(-1, -1, -1, 0)	(-1, -1, -1, 0)	(-1, -1, -1, 0)	(-1, -1, -1, 0)	(-1, -1, -1, 0)	(-1, -1, -1, 0)	(-1, -1, -1, 0)	(-1, -1, -1, 0)	(-1, -1, -1, 0)	(-1, -1, -1, 0)
329:	(1861, 628, 1873, 4)	(1869, 793, 1874, 4)	(938, 937, -1, 1)	(939, 937, -1, 1)	(-1, -1, -1, 0)	(-1, -1, -1, 0)	(-1, -1, -1, 0)	(-1, -1, -1, 0)	(-1, -1, -1, 0)	(-1, -1, -1, 0)	(-1, -1, -1, 0)	(-1, -1, -1, 0)	(-1, -1, -1, 0)	(-1, -1, -1, 0)	(-1, -1, -1, 0)	(-1, -1, -1, 0)
330:	(-1, -1, -1, 0)	(-1, -1, -1, 0)	(-1, -1, -1, 0)	(-1, -1, -1, 0)	(-1, -1, -1, 0)	(-1, -1, -1, 0)	(-1, -1, -1, 0)	(-1, -1, -1, 0)	(-1, -1, -1, 0)	(-1, -1, -1, 0)	(-1, -1, -1, 0)	(-1, -1, -1, 0)	(-1, -1, -1, 0)	(-1, -1, -1, 0)	(-1, -1, -1, 0)	(-1, -1, -1, 0)
331:	(1513, 1512, -1, 1)	(1514, 1512, -1, 1)	(1515, 1512, -1, 1)	(1516, 1512, -1, 1)	(-1, -1, -1, 0)	(-1, -1, -1, 0)	(-1, -1, -1, 0)	(-1, -1, -1, 0)	(-1, -1, -1, 0)	(-1, -1, -1, 0)	(-1, -1, -1, 0)	(-1, -1, -1, 0)	(-1, -1, -1, 0)	(-1, -1, -1, 0)	(-1, -1, -1, 0)	(-1, -1, -1, 0)
332:	(754, 752, -1, 1)	(755, 752, -1, 1)	(756, 752, -1, 1)	(-1, -1, -1, 0)	(-1, -1, -1, 0)	(-1, -1, -1, 0)	(-1, -1, -1, 0)	(-1, -1, -1, 0)	(-1, -1, -1, 0)	(-1, -1, -1, 0)	(-1, -1, -1, 0)	(-1, -1, -1, 0)	(-1, -1, -1, 0)	(-1, -1, -1, 0)	(-1, -1, -1, 0)	(-1, -1, -1, 0)
333:	(2045, 122, 2055, 4)	(-1, -1, -1, 0)	(-1, -1, -1, 0)	(-1, -1, -1, 0)	(-1, -1, -1, 0)	(-1, -1, -1, 0)	(-1, -1, -1, 0)	(-1, -1, -1, 0)	(-1, -1, -1, 0)	(-1, -1, -1, 0)	(-1, -1, -1, 0)	(-1, -1, -1, 0)	(-1, -1, -1, 0)	(-1, -1, -1, 0)	(-1, -1, -1, 0)	(-1, -1, -1, 0)
334:	(753, 752, -1, 1)	(2292, 2232, 2298, 4)	(-1, -1, -1, 0)	(-1, -1, -1, 0)	(-1, -1, -1, 0)	(-1, -1, -1, 0)	(-1, -1, -1, 0)	(-1, -1, -1, 0)	(-1, -1, -1, 0)	(-1, -1, -1, 0)	(-1, -1, -1, 0)	(-1, -1, -1, 0)	(-1, -1, -1, 0)	(-1, -1, -1, 0)	(-1, -1, -1, 0)	(-1, -1, -1, 0)
335:	(1857, 560, 1874, 4)	(-1, -1, -1, 0)	(-1, -1, -1, 0)	(-1, -1, -1, 0)	(-1, -1, -1, 0)	(-1, -1, -1, 0)	(-1, -1, -1, 0)	(-1, -1, -1, 0)	(-1, -1, -1, 0)	(-1, -1, -1, 0)	(-1, -1, -1, 0)	(-1, -1, -1, 0)	(-1, -1, -1, 0)	(-1, -1, -1, 0)	(-1, -1, -1, 0)	(-1, -1, -1, 0)
336:	(-1, -1, -1, 0)	(-1, -1, -1, 0)	(-1, -1, -1, 0)	(-1, -1, -1, 0)	(-1, -1, -1, 0)	(-1, -1, -1, 0)	(-1, -1, -1, 0)	(-1, -1, -1, 0)	(-1, -1, -1, 0)	(-1, -1, -1, 0)	(-1, -1, -1, 0)	(-1, -1, -1, 0)	(-1, -1, -1, 0)	(-1, -1, -1, 0)	(-1, -1, -1, 0)	(-1, -1, -1, 0)
337:	(1786, 939, 1791, 4)	(1786, 938, 1789, 4)	(1795, 939, 1798, 4)	(1795, 938, 1796, 4)	(-1, -1, -1, 0)	(-1, -1, -1, 0)	(-1, -1, -1, 0)	(-1, -1, -1, 0)	(-1, -1, -1, 0)	(-1, -1, -1, 0)	(-1, -1, -1, 0)	(-1, -1, -1, 0)	(-1, -1, -1, 0)	(-1, -1, -1, 0)	(-1, -1, -1, 0)	(-1, -1, -1, 0)
338:	(-1, -1, -1, 0)	(-1, -1, -1, 0)	(-1, -1, -1, 0)	(-1, -1, -1, 0)	(-1, -1, -1, 0)	(-1, -1, -1, 0)	(-1, -1, -1, 0)	(-1, -1, -1, 0)	(-1, -1, -1, 0)	(-1, -1, -1, 0)	(-1, -1, -1, 0)	(-1, -1, -1, 0)	(-1, -1, -1, 0)	(-1, -1, -1, 0)	(-1, -1, -1, 0)	(-1, -1, -1, 0)
339:	(1717, 1515, 1722, 4)	(1760, 1515, 1764, 4)	(1717, 1516, 1724, 4)	(1717, 1513, 1718, 4)	(1760, 1513, 1761, 4)	(1760, 1516, 1766, 4)	(-1, 1515, -1, 5)	(1717, 1514, 1719, 4)	(1760, 1514, 1762, 4)	(-1, -1, -1, 0)	(-1, -1, -1, 0)	(-1, -1, -1, 0)	(-1, -1, -1, 0)	(-1, -1, -1, 0)	(-1, -1, -1, 0)	(-1, -1, -1, 0)
340:	(1525, 1514, 1527, 4)	(1525, 1516, 1530, 4)	(1525, 1513, 1526, 4)	(1547, 1516, 1552, 4)	(1547, 1514, 1549, 4)	(1824, 754, 1832, 4)	(1547, -1, 1551, 6)	(1863, 755, -1, 7)	(1863, 756, -1, 7)	(1885, 754, 1891, 4)	(1885, 756, 1893, 4)	(1885, 755, 1892, 4)	(2062, 755, 2065, 4)	(-1, -1, -1, 0)	(-1, -1, -1, 0)	(-1, -1, -1, 0)
341:	(1525, 1515, 1529, 4)	(1848, 432, 1874, 4)	(2282, 2074, -1, 7)	(-1, -1, -1, 0)	(-1, -1, -1, 0)	(-1, -1, -1, 0)	(-1, -1, -1, 0)	(-1, -1, 1875, 8)	(-1, -1, 1876, 8)	(-1, -1, -1, 0)	(-1, -1, -1, 0)	(-1, -1, -1, 0)	(-1, -1, -1, 0)	(-1, -1, -1, 0)	(-1, -1, -1, 0)	(-1, -1, -1, 0)
342:	(1547, 1513, 1548, 4)	(1824, 756, 1834, 4)	(-1, -1, 2298, 8)	(1824, 753, 1831, 4)	(1885, 753, 1890, 4)	(2062, 753, 2063, 4)	(2062, 756, 2066, 4)	(-1, -1, -1, 0)	(-1, -1, -1, 0)	(-1, -1, -1, 0)	(-1, -1, -1, 0)	(-1, -1, -1, 0)	(-1, -1, -1, 0)	(-1, -1, -1, 0)	(-1, -1, -1, 0)	(-1, -1, -1, 0)
343:	(1824, 755, 1833, 4)	(1863, 753, -1, 7)	(2062, 754, 2064, 4)	(1791, 1790, -1, 1)	(1798, 1797, -1, 1)	(-1, -1, -1, 0)	(-1, -1, -1, 0)	(-1, -1, -1, 0)	(-1, -1, -1, 0)	(-1, -1, -1, 0)	(-1, -1, -1, 0)	(-1, -1, -1, 0)	(-1, -1, -1, 0)	(-1, -1, -1, 0)	(-1, -1, -1, 0)	(-1, -1, -1, 0)
344:	(2039, 82, 2055, 4)	(-1, -1, 1873, 8)	(-1, -1, -1, 0)	(-1, -1, -1, 0)	(-1, -1, -1, 0)	(-1, -1, -1, 0)	(-1, -1, -1, 0)	(-1, -1, -1, 0)	(-1, -1, -1, 0)	(-1, -1, -1, 0)	(-1, -1, -1, 0)	(-1, -1, -1, 0)	(-1, -1, -1, 0)	(-1, -1, -1, 0)	(-1, -1, -1, 0)	(-1, -1, -1, 0)
345:	(-1, -1, -1, 0)	(-1, -1, -1, 0)	(-1, -1, -1, 0)	(-1, -1, -1, 0)	(-1, -1, -1, 0)	(-1, -1, -1, 0)	(-1, -1, -1, 0)	(-1, -1, -1, 0)	(-1, -1, -1, 0)	(-1, -1, -1, 0)	(-1, -1, -1, 0)	(-1, -1, -1, 0)	(-1, -1, -1, 0)	(-1, -1, -1, 0)	(-1, -1, -1, 0)	(-1, -1, -1, 0)
346:	(1527, 1526, -1, 1)	(1528, 1526, -1, 1)	(1530, 1526, -1, 1)	(-1, -1, -1, 0)	(-1, -1, -1, 0)	(-1, -1, -1, 0)	(-1, -1, -1, 0)	(-1, -1, -1, 0)	(-1, -1, -1, 0)	(-1, -1, -1, 0)	(-1, -1, -1, 0)	(-1, -1, -1, 0)	(-1, -1, -1, 0)	(-1, -1, -1, 0)	(-1, -1, -1, 0)	(-1, -1, -1, 0)
347:	(1529, 1526, -1, 1)	(1862, 738, 1874, 4)	(-1, -1, -1, 0)	(-1, -1, -1, 0)	(-1, -1, -1, 0)	(-1, -1, -1, 0)	(-1, -1, -1, 0)	(-1, -1, -1, 0)	(-1, -1, -1, 0)	(-1, -1, -1, 0)	(-1, -1, -1, 0)	(-1, -1, -1, 0)	(-1, -1, -1, 0)	(-1, -1, -1, 0)	(-1, -1, -1, 0)	(-1, -1, -1, 0)
348:	(1832, 1831, -1, 1)	(1834, 1831, -1, 1)	(-1, -1, -1, 0)	(-1, -1, -1, 0)	(-1, -1, -1, 0)	(-1, -1, -1, 0)	(-1, -1, -1, 0)	(-1, -1, -1, 0)	(-1, -1, -1, 0)	(-1, -1, -1, 0)	(-1, -1, -1, 0)	(-1, -1, -1, 0)	(-1, -1, -1, 0)	(-1, -1, -1, 0)	(-1, -1, -1, 0)	(-1, -1, -1, 0)
349:	(1833, 1831, -1, 1)	(2284, 2161, 2298, 4)	(-1, -1, -1, 0)	(-1, -1, -1, 0)	(-1, -1, -1, 0)	(-1, -1, -1, 0)	(-1, -1, -1, 0)	(-1, -1, -1, 0)	(-1, -1, -1, 0)	(-1, -1, -1, 0)	(-1, -1, -1, 0)	(-1, -1, -1, 0)	(-1, -1, -1, 0)	(-1, -1, -1, 0)	(-1, -1, -1, 0)	(-1, -1, -1, 0)
350:	(2048, 1971, 2055, 4)	(-1, -1, -1, 0)	(-1, -1, -1, 0)	(-1, -1, -1, 0)	(-1, -1, -1, 0)	(-1, -1, -1, 0)	(-1, -1, -1, 0)	(-1, -1, -1, 0)	(-1, -1, -1, 0)	(-1, -1, -1, 0)	(-1, -1, -1, 0)	(-1, -1, -1, 0)	(-1, -1, -1, 0)	(-1, -1, -1, 0)	(-1, -1, -1, 0)	(-1, -1, -1, 0)
351:	(-1, -1, -1, 0)	(-1, -1, -1, 0)	(-1, -1, -1, 0)	(-1, -1, -1, 0)	(-1, -1, -1, 0)	(-1, -1, -1, 0)	(-1, -1, -1, 0)	(-1, -1, -1, 0)	(-1, -1, -1, 0)	(-1, -1, -1, 0)	(-1, -1, -1, 0)	(-1, -1, -1, 0)	(-1, -1, -1, 0)	(-1, -1, -1, 0)	(-1, -1, -1, 0)	(-1, -1, -1, 0)
352:	(-1, -1, -1, 0)	(-1, -1, -1, 0)	(-1, -1, -1, 0)	(-1, -1, -1, 0)	(-1, -1, -1, 0)	(-1, -1, -1, 0)	(-1, -1, -1, 0)	(-1, -1, -1, 0)	(-1, -1, -1, 0)	(-1, -1, -1, 0)	(-1, -1, -1, 0)	(-1, -1, -1, 0)	(-1, -1, -1, 0)	(-1, -1, -1, 0)	(-1, -1, -1, 0)	(-1, -1, -1, 0)
353:	(1858, 573, 1874, 4)	(-1, -1, -1, 0)	(-1, -1, -1, 0)	(-1, -1, -1, 0)	(-1, -1, -1, 0)	(-1, -1, -1, 0)	(-1, -1, -1, 0)	(-1, -1, -1, 0)	(-1, -1, -1, 0)	(-1, -1, -1, 0)	(-1, -1, -1, 0)	(-1, -1, -1, 0)	(-1, -1, -1, 0)	(-1, -1, -1, 0)	(-1, -1, -1, 0)	(-1, -1, -1, 0)
354:	(1718, 1530, 1724, 4)	(1676, 1530, 1684, 4)	(1676, 1528, 1681, 4)	(1718, 1528, 1721, 4)	(1761, 1528, 1763, 4)	(1761, 1530, 1766, 4)	(1676, 1527, 1677, 4)	(1718, 1527, -1, 7)	(1761, 1527, 1762, 4)	(-1, -1, -1, 0)	(-1, -1, -1, 0)	(-1, -1, -1, 0)	(-1, -1, -1, 0)	(-1, -1, -1, 0)	(-1, -1, -1, 0)	(-1, -1, -1, 0)
355:	(1718, 1529, 1722, 4)	(1761, 1529, 1764, 4)	(1676, 1529, 1682, 4)	(-1, -1, -1, 0)	(-1, -1, -1, 0)	(-1, -1, -1, 0)	(-1, -1, -1, 0)	(-1, -1, 1719, 8)	(-1, -1, -1, 0)	(-1, -1, -1, 0)	(-1, -1, -1, 0)	(-1, -1, -1, 0)	(-1, -1, -1, 0)	(-1, -1, -1, 0)	(-1, -1, -1, 0)	(-1, -1, -1, 0)
356:	(1548, 1528, 1550, 4)	(1548, 1529, 1551, 4)	(1548, 1530, 1552, 4)	(1548, 1527, 1549, 4)	(1873, 1834, 1876, 4)	(1890, 1832, 1891, 4)	(1890, 1834, 1893, 4)	(-1, -1, -1, 0)	(-1, -1, -1, 0)	(-1, -1, -1, 0)	(-1, -1, -1, 0)	(-1, -1, -1, 0)	(-1, -1, -1, 0)	(-1, -1, -1, 0)	(-1, -1, -1, 0)	(-1, -1, -1, 0)
357:	(2063, 1834, 2066, 4)	(1873, 1833, 1875, 4)	(2063, 1832, 2064, 4)	(1890, 1833, 1892, 4)	(2283, 2105, 2298, 4)	(2049, 1989, 2055, 4)	(-1, -1, -1, 0)	(-1, -1, -1, 0)	(-1, -1, -1, 0)	(-1, -1, -1, 0)	(-1, -1, -1, 0)	(-1, -1, -1, 0)	(-1, -1, -1, 0)	(-1, -1, -1, 0)	(-1, -1, -1, 0)	(-1, -1, -1, 0)
358:	(2063, 1833, 2065, 4)	(-1, -1, -1, 0)	(-1, -1, -1, 0)	(-1, -1, -1, 0)	(-1, -1, -1, 0)	(-1, -1, -1, 0)	(-1, -1, -1, 0)	(-1, -1, -1, 0)	(-1, -1, -1, 0)	(-1, -1, -1, 0)	(-1, -1, -1, 0)	(-1, -1, -1, 0)	(-1, -1, -1, 0)	(-1, -1, -1, 0)	(-1, -1, -1, 0)	(-1, -1, -1, 0)
359:	(1845, 353, 1874, 4)	(-1, -1, -1, 0)	(-1, -1, -1, 0)	(-1, -1, -1, 0)	(-1, -1, -1, 0)	(-1, -1, -1, 0)	(-1, -1, -1, 0)	(-1, -1, -1, 0)	(-1, -1, -1, 0)	(-1, -1, -1, 0)	(-1, -1, -1, 0)	(-1, -1, -1, 0)	(-1, -1, -1, 0)	(-1, -1, -1, 0)	(-1, -1, -1, 0)	(-1, -1, -1, 0)
360:	(-1, -1, -1, 0)	(-1, -1, -1, 0)	(-1, -1, -1, 0)	(-1, -1, -1, 0)	(-1, -1, -1, 0)	(-1, -1, -1, 0)	(-1, -1, -1, 0)	(-1, -1, -1, 0)	(-1, -1, -1, 0)	(-1, -1, -1, 0)	(-1, -1, -1, 0)	(-1, -1, -1, 0)	(-1, -1, -1, 0)	(-1, -1, -1, 0)	(-1, -1, -1, 0)	(-1, -1, -1, 0)
361:	(-1, -1, -1, 0)	(-1, -1, -1, 0)	(-1, -1, -1, 0)	(-1, -1, -1, 0)	(-1, -1, -1, 0)	(-1, -1, -1, 0)	(-1, -1, -1, 0)	(-1, -1, -1, 0)	(-1, -1, -1, 0)	(-1, -1, -1, 0)	(-1, -1, -1, 0)	(-1, -1, -1, 0)	(-1, -1, -1, 0)	(-1, -1, -1, 0)	(-1, -1, -1, 0)	(-1, -1, -1, 0)
362:	(1550, 1549, -1, 1)	(1551, 1549, -1, 1)	(1552, 1549, -1, 1)	(-1, -1, -1, 0)	(-1, -1, -1, 0)	(-1, -1, -1, 0)	(-1, -1, -1, 0)	(-1, -1, -1, 0)	(-1, -1, -1, 0)	(-1, -1, -1, 0)	(-1, -1, -1, 0)	(-1, -1, -1, 0)	(-1, -1, -1, 0)	(-1, -1, -1, 0)	(-1, -1, -1, 0)	(-1, -1, -1, 0)
363:	(2050, 2002, 2055, 4)	(2293, 2245, 2298, 4)	(-1, -1, -1, 0)	(-1, -1, -1, 0)	(-1, -1, -1, 0)	(-1, -1, -1, 0)	(-1, -1, -1, 0)	(-1, -1, -1, 0)	(-1, -1, -1, 0)	(-1, -1, -1, 0)	(-1, -1, -1, 0)	(-1, -1, -1, 0)	(-1, -1, -1, 0)	(-1, -1, -1, 0)	(-1, -1, -1, 0)	(-1, -1, -1, 0)
364:	(-1, -1, -1, 0)	(-1, -1, -1, 0)	(-1, -1, -1, 0)	(-1, -1, -1, 0)	(-1, -1, -1, 0)	(-1, -1, -1, 0)	(-1, -1, -1, 0)	(-1, -1, -1, 0)	(-1, -1, -1, 0)	(-1, -1, -1, 0)	(-1, -1, -1, 0)	(-1, -1, -1, 0)	(-1, -1, -1, 0)	(-1, -1, -1, 0)	(-1, -1, -1, 0)	(-1, -1, -1, 0)
365:	(1846, 359, 1874, 4)	(-1, -1, -1, 0)	(-1, -1, -1, 0)	(-1, -1, -1, 0)	(-1, -1, -1, 0)	(-1, -1, -1, 0)	(-1, -1, -1, 0)	(-1, -1, -1, 0)	(-1, -1, -1, 0)	(-1, -1, -1, 0)	(-1, -1, -1, 0)	(-1, -1, -1, 0)	(-1, -1, -1, 0)	(-1, -1, -1, 0)	(-1, -1, -1, 0)	(-1, -1, -1, 0)
366:	(-1, -1, -1, 0)	(-1, -1, -1, 0)	(-1, -1, -1, 0)	(-1, -1, -1, 0)	(-1, -1, -1, 0)	(-1, -1, -1, 0)	(-1, -1, -1, 0)	(-1, -1, -1, 0)	(-1, -1, -1, 0)	(-1, -1, -1, 0)	(-1, -1, -1, 0)	(-1, -1, -1, 0)	(-1, -1, -1, 0)	(-1, -1, -1, 0)	(-1, -1, -1, 0)	(-1, -1, -1, 0)
367:	(-1, -1, -1, 0)	(-1, -1, -1, 0)	(-1, -1, -1, 0)	(-1, -1, -1, 0)	(-1, -1, -1, 0)	(-1, -1, -1, 0)	(-1, -1, -1, 0)	(-1, -1, -1, 0)	(-1, -1, -1, 0)	(-1, -1, -1, 0)	(-1, -1, -1, 0)	(-1, -1, -1, 0)	(-1, -1, -1, 0)	(-1, -1, -1, 0)	(-1, -1, -1, 0)	(-1, -1, -1, 0)
368:	(-1, -1, -1, 0)	(-1, -1, -1, 0)	(-1, -1, -1, 0)	(-1, -1, -1, 0)	(-1, -1, -1, 0)	(-1, -1, -1, 0)	(-1, -1, -1, 0)	(-1, -1, -1, 0)	(-1, -1, -1, 0)	(-1, -1, -1, 0)	(-1, -1, -1, 0)	(-1, -1, -1, 0)	(-1, -1, -1, 0)	(-1, -1, -1, 0)	(-1, -1, -1, 0)	(-1, -1, -1, 0)
369:	(-1, -1, -1, 0)	(-1, -1, -1, 0)	(-1, -1, -1, 0)	(-1, -1, -1, 0)	(-1, -1, -1, 0)	(-1, -1, -1, 0)	(-1, -1, -1, 0)	(-1, -1, -1, 0)	(-1, -1, -1, 0)	(-1, -1, -1, 0)	(-1, -1, -1, 0)	(-1, -1, -1, 0)	(-1, -1, -1, 0)	(-1, -1, -1, 0)	(-1, -1, -1, 0)	(-1, -1, -1, 0)
370:	(1719, 1551, 1722, 4)	(1762, 1551, 1764, 4)	(1719, 1552, 1724, 4)	(1677, 1551, 1682, 4)	(1677, 1552, 1684, 4)	(1677, 1550, 1681, 4)	(1719, 1550, 1721, 4)	(1762, 1550, 1763, 4)	(1762, 1552, 1766, 4)	(-1, -1, -1, 0)	(-1, -1, -1, 0)	(-1, -1, -1, 0)	(-1, -1, -1, 0)	(-1, -1, -1, 0)	(-1, -1, -1, 0)	(-1, -1, -1, 0)
371:	(1859, 593, 1874, 4)	(-1, -1, -1, 0)	(-1, -1, -1, 0)	(-1, -1, -1, 0)	(-1, -1, -1, 0)	(-1, -1, -1, 0)	(-1, -1, -1, 0)	(-1, -1, -1, 0)	(-1, -1, -1, 0)	(-1, -1, -1, 0)	(-1, -1, -1, 0)	(-1, -1, -1, 0)	(-1, -1, -1, 0)	(-1, -1, -1, 0)	(-1, -1, -1, 0)	(-1, -1, -1, 0)
372:	(-1, -1, -1, 0)	(-1, -1, -1, 0)	(-1, -1, -1, 0)	(-1, -1, -1, 0)	(-1, -1, -1, 0)	(-1, -1, -1, 0)	(-1, -1, -1, 0)	(-1, -1, -1, 0)	(-1, -1, -1, 0)	(-1, -1, -1, 0)	(-1, -1, -1, 0)	(-1, -1, -1, 0)	(-1, -1, -1, 0)	(-1, -1, -1, 0)	(-1, -1, -1, 0)	(-1, -1, -1, 0)
373:	(-1, -1, -1, 0)	(-1, -1, -1, 0)	(-1, -1, -1, 0)	(-1, -1, -1, 0)	(-1, -1, -1, 0)	(-1, -1, -1, 0)	(-1, -1, -1, 0)	(-1, -1, -1, 0)	(-1, -1, -1, 0)	(-1, -1, -1, 0)	(-1, -1, -1, 0)	(-1, -1, -1, 0)	(-1, -1, -1, 0)	(-1, -1, -1, 0)	(-1, -1, -1, 0)	(-1, -1, -1, 0)
374:	(-1, -1, -1, 0)	(-1, -1, -1, 0)	(-1, -1, -1, 0)	(-1, -1, -1, 0)	(-1, -1, -1, 0)	(-1, -1, -1, 0)	(-1, -1, -1, 0)	(-1, -1, -1, 0)	(-1, -1, -1, 0)	(-1, -1, -1, 0)	(-1, -1, -1, 0)	(-1, -1, -1, 0)	(-1, -1, -1, 0)	(-1, -1, -1, 0)	(-1, -1, -1, 0)	(-1, -1, -1, 0)
375:	(-1, -1, -1, 0)	(-1, -1, -1, 0)	(-1, -1, -1, 0)	(-1, -1, -1, 0)	(-1, -1, -1, 0)	(-1, -1, -1, 0)	(-1, -1, -1, 0)	(-1, -1, -1, 0)	(-1, -1, -1, 0)	(-1, -1, -1, 0)	(-1, -1, -1, 0)	(-1, -1, -1, 0)	(-1, -1, -1, 0)	(-1, -1, -1, 0)	(-1, -1, -1, 0)	(-1, -1, -1, 0)
376:	(1682, 1681, -1, 1)	(1683, 1681, -1, 1)	(1684, 1681, -1, 1)	(1685, 1681, -1, 1)	(-1, -1, -1, 0)	(-1, -1, -1, 0)	(-1, -1, -1, 0)	(-1, -1, -1, 0)	(-1, -1, -1, 0)	(-1, -1, -1, 0)	(-1, -1, -1, 0)	(-1, -1, -1, 0)	(-1, -1, -1, 0)	(-1, -1, -1, 0)	(-1, -1, -1, 0)	(-1, -1, -1, 0)
377:	(1872, 1811, 1874, 4)	(-1, -1, -1, 0)	(-1, -1, -1, 0)	(-1, -1, -1, 0)	(-1, -1, -1, 0)	(-1, -1, -1, 0)	(-1, -1, -1, 0)	(-1, -1, -1, 0)	(-1, -1, -1, 0)	(-1, -1, -1, 0)	(-1, -1, -1, 0)	(-1, -1, -1, 0)	(-1, -1, -1, 0)	(-1, -1, -1, 0)	(-1, -1, -1, 0)	(-1, -1, -1, 0)
378:	(-1, -1, -1, 0)	(-1, -1, -1, 0)	(-1, -1, -1, 0)	(-1, -1, -1, 0)	(-1, -1, -1, 0)	(-1, -1, -1, 0)	(-1, -1, -1, 0)	(-1, -1, -1, 0)	(-1, -1, -1, 0)	(-1, -1, -1, 0)	(-1, -1, -1, 0)	(-1, -1, -1, 0)	(-1, -1, -1, 0)	(-1, -1, -1, 0)	(-1, -1, -1, 0)	(-1, -1, -1, 0)
379:	(-1, -1, -1, 0)	(-1, -1, -1, 0)	(-1, -1, -1, 0)	(-1, -1, -1, 0)	(-1, -1, -1, 0)	(-1, -1, -1, 0)	(-1, -1, -1, 0)	(-1, -1, -1, 0)	(-1, -1, -1, 0)	(-1, -1, -1, 0)	(-1, -1, -1, 0)	(-1, -1, -1, 0)	(-1, -1, -1, 0)	(-1, -1, -1, 0)	(-1, -1, -1, 0)	(-1, -1, -1, 0)
380:	(-1, -1, -1, 0)	(-1, -1, -1, 0)	(-1, -1, -1, 0)	(-1, -1, -1, 0)	(-1, -1, -1, 0)	(-1, -1, -1, 0)	(-1, -1, -1, 0)	(-1, -1, -1, 0)	(-1, -1, -1, 0)	(-1, -1, -1, 0)	(-1, -1, -1, 0)	(-1, -1, -1, 0)	(-1, -1, -1, 0)	(-1, -1, -1, 0)	(-1, -1, -1, 0)	(-1, -1, -1, 0)
381:	(-1, -1, -1, 0)	(-1, -1, -1, 0)	(-1, -1, -1, 0)	(-1, -1, -1, 0)	(-1, -1, -1, 0)	(-1, -1, -1, 0)	(-1, -1, -1, 0)	(-1, -1, -1, 0)	(-1, -1, -1, 0)	(-1, -1, -1, 0)	(-1, -1, -1, 0)	(-1, -1, -1, 0)	(-1, -1, -1, 0)	(-1, -1, -1, 0)	(-1, -1, -1, 0)	(-1, -1, -1, 0)
382:	(-1, -1, -1, 0)	(-1, -1, -1, 0)	(-1, -1, -1, 0)	(-1, -1, -1, 0)	(-1, -1, -1, 0)	(-1, -1, -1, 0)	(-1, -1, -1, 0)	(-1, -1, -1, 0)	(-1, -1, -1, 0)	(-1, -1, -1, 0)	(-1, -1, -1, 0)	(-1, -1, -1, 0)	(-1, -1, -1, 0)	(-1, -1, -1, 0)	(-1, -1, -1, 0)	(-1, -1, -1, 0)
383:	(1860, 607, 1874, 4)	(-1, -1, -1, 0)	(-1, -1, -1, 0)	(-1, -1, -1, 0)	(-1, -1, -1, 0)	(-1, -1, -1, 0)	(-1, -1, -1, 0)	(-1, -1, -1, 0)	(-1, -1, -1, 0)	(-1, -1, -1, 0)	(-1, -1, -1, 0)	(-1, -1, -1, 0)	(-1, -1, -1, 0)	(-1, -1, -1, 0)	(-1, -1, -1, 0)	(-1, -1, -1, 0)
384:	(1721, 1682, 1722, 4)	(1739, 1682, 1740, 4)	(1763, 1682, 1764, 4)	(1903, 1682, 1904, 4)	(1721, 1683, 1723, 4)	(1739, 1683, 1741, 4)	(1721, 1684, 1724, 4)	(1763, 1683, 1765, 4)	(1721, 1685, 1727, 4)	(1903, 1683, 1905, 4)	(1739, 1684, 1742, 4)	(1763, 1684, 1766, 4)	(1903, 1685, -1, 7)	(1763, 1685, 1769, 4)	(-1, -1, -1, 0)	(-1, -1, -1, 0)
385:	(1903, 1684, 1906, 4)	(-1, -1, -1, 0)	(-1, -1, -1, 0)	(-1, -1, -1, 0)	(-1, -1, -1, 0)	(-1, -1, -1, 0)	(-1, -1, -1, 0)	(-1, -1, -1, 0)	(-1, -1, -1, 0)	(-1, -1, -1, 0)	(-1, -1, -1, 0)	(-1, -1, -1, 0)	(-1, -1, 1909, 8)	(-1, -1, -1, 0)	(-1, -1, -1, 0)	(-1, -1, -1, 0)
386:	(1739, 1685, 1745, 4)	(-1, -1, -1, 0)	(-1, -1, -1, 0)	(-1, -1, -1, 0)	(-1, -1, -1, 0)	(-1, -1, -1, 0)	(-1, -1, -1, 0)	(-1, -1, -1, 0)	(-1, -1, -1, 0)	(-1, -1, -1, 0)	(-1, -1, -1, 0)	(-1, -1, -1, 0)	(-1, -1, -1, 0)	(-1, -1, -1, 0)	(-1, -1, -1, 0)	(-1, -1, -1, 0)
387:	(-1, -1, -1, 0)	(-1, -1, -1, 0)	(-1, -1, -1, 0)	(-1, -1, -1, 0)	(-1, -1, -1, 0)	(-1, -1, -1, 0)	(-1, -1, -1, 0)	(-1, -1, -1, 0)	(-1, -1, -1, 0)	(-1, -1, -1, 0)	(-1, -1, -1, 0)	(-1, -1, -1, 0)	(-1, -1, -1, 0)	(-1, -1, -1, 0)	(-1, -1, -1, 0)	(-1, -1, -1, 0)
388:	(-1, -1, -1, 0)	(-1, -1, -1, 0)	(-1, -1, -1, 0)	(-1, -1, -1, 0)	(-1, -1, -1, 0)	(-1, -1, -1, 0)	(-1, -1, -1, 0)	(-1, -1, -1, 0)	(-1, -1, -1, 0)	(-1, -1, -1, 0)	(-1, -1, -1, 0)	(-1, -1, -1, 0)	(-1, -1, -1, 0)	(-1, -1, -1, 0)	(-1, -1, -1, 0)	(-1, -1, -1, 0)
389:	(1861, 629, 1874, 4)	(-1, -1, -1, 0)	(-1, -1, -1, 0)	(-1, -1, -1, 0)	(-1, -1, -1, 0)	(-1, -1, -1, 0)	(-1, -1, -1, 0)	(-1, -1, -1, 0)	(-1, -1, -1, 0)	(-1, -1, -1, 0)	(-1, -1, -1, 0)	(-1, -1, -1, 0)	(-1, -1, -1, 0)	(-1, -1, -1, 0)	(-1, -1, -1, 0)	(-1, -1, -1, 0)
390:	(1723, 1722, -1, 1)	(1724, 1722, -1, 1)	(1725, 1722, -1, 1)	(1727, 1722, -1, 1)	(1726, 1722, -1, 1)	(-1, -1, -1, 0)	(-1, -1, -1, 0)	(-1, -1, -1, 0)	(-1, -1, -1, 0)	(-1, -1, -1, 0)	(-1, -1, -1, 0)	(-1, -1, -1, 0)	(-1, -1, -1, 0)	(-1, -1, -1, 0)	(-1, -1, -1, 0)	(-1, -1, -1, 0)
391:	(-1, -1, -1, 0)	(-1, -1, -1, 0)	(-1, -1, -1, 0)	(-1, -1, -1, 0)	(-1, -1, -1, 0)	(-1, -1, -1, 0)	(-1, -1, -1, 0)	(-1, -1, -1, 0)	(-1, -1, -1, 0)	(-1, -1, -1, 0)	(-1, -1, -1, 0)	(-1, -1, -1, 0)	(-1, -1, -1, 0)	(-1, -1, -1, 0)	(-1, -1, -1, 0)	(-1, -1, -1, 0)
392:	(-1, -1, -1, 0)	(-1, -1, -1, 0)	(-1, -1, -1, 0)	(-1, -1, -1, 0)	(-1, -1, -1, 0)	(-1, -1, -1, 0)	(-1, -1, -1, 0)	(-1, -1, -1, 0)	(-1, -1, -1, 0)	(-1, -1, -1, 0)	(-1, -1, -1, 0)	(-1, -1, -1, 0)	(-1, -1, -1, 0)	(-1, -1, -1, 0)	(-1, -1, -1, 0)	(-1, -1, -1, 0)
393:	(-1, -1, -1, 0)	(-1, -1, -1, 0)	(-1, -1, -1, 0)	(-1, -1, -1, 0)	(-1, -1, -1, 0)	(-1, -1, -1, 0)	(-1, -1, -1, 0)	(-1, -1, -1, 0)	(-1, -1, -1, 0)	(-1, -1, -1, 0)	(-1, -1, -1, 0)	(-1, -1, -1, 0)	(-1, -1, -1, 0)	(-1, -1, -1, 0)	(-1, -1, -1, 0)	(-1, -1, -1, 0)
394:	(1863, 754, -1, 7)	(-1, -1, -1, 0)	(-1, -1, -1, 0)	(-1, -1, -1, 0)	(-1, -1, -1, 0)	(-1, -1, -1, 0)	(-1, -1, -1, 0)	(-1, -1, -1, 0)	(-1, -1, -1, 0)	(-1, -1, -1, 0)	(-1, -1, -1, 0)	(-1, -1, -1, 0)	(-1, -1, -1, 0)	(-1, -1, -1, 0)	(-1, -1, -1, 0)	(-1, -1, -1, 0)
395:	(-1, -1, 1874, 8)	(-1, -1, -1, 0)	(-1, -1, -1, 0)	(-1, -1, -1, 0)	(-1, -1, -1, 0)	(-1, -1, -1, 0)	(-1, -1, -1, 0)	(-1, -1, -1, 0)	(-1, -1, -1, 0)	(-1, -1, -1, 0)	(-1, -1, -1, 0)	(-1, -1, -1, 0)	(-1, -1, -1, 0)	(-1, -1, -1, 0)	(-1, -1, -1, 0)	(-1, -1, -1, 0)
396:	(-1, -1, -1, 0)	(-1, -1, -1, 0)	(-1, -1, -1, 0)	(-1, -1, -1, 0)	(-1, -1, -1, 0)	(-1, -1, -1, 0)	(-1, -1, -1, 0)	(-1, -1, -1, 0)	(-1, -1, -1, 0)	(-1, -1, -1, 0)	(-1, -1, -1, 0)	(-1, -1, -1, 0)	(-1, -1, -1, 0)	(-1, -1, -1, 0)	(-1, -1, -1, 0)	(-1, -1, -1, 0)
397:	(-1, -1, -1, 0)	(-1, -1, -1, 0)	(-1, -1, -1, 0)	(-1, -1, -1, 0)	(-1, -1, -1, 0)	(-1, -1, -1, 0)	(-1, -1, -1, 0)	(-1, -1, -1, 0)	(-1, -1, -1, 0)	(-1, -1, -1, 0)	(-1, -1, -1, 0)	(-1, -1, -1, 0)	(-1, -1, -1, 0)	(-1, -1, -1, 0)	(-1, -1, -1, 0)	(-1, -1, -1, 0)
398:	(1740, 1723, 1741, 4)	(1764, 1723, 1765, 4)	(1775, 1723, 1776, 4)	(1740, 1724, 1742, 4)	(1764, 1724, 1766, 4)	(1775, 1724, 1777, 4)	(1775, 1727, 1780, 4)	(1775, 1726, 1779, 4)	(1764, 1725, 1767, 4)	(1775, 1725, 1778, 4)	(1764, 1727, 1769, 4)	(1764, 1726, 1768, 4)	(-1, -1, -1, 0)	(-1, -1, -1, 0)	(-1, -1, -1, 0)	(-1, -1, -1, 0)
399:	(1904, 1723, 1905, 4)	(1740, 1725, 1743, 4)	(1904, 1724, 1906, 4)	(1904, 1727, 1909, 4)	(1904, 1725, 1907, 4)	(1904, 1726, 1908, 4)	(-1, -1, -1, 0)	(-1, -1, -1, 0)	(-1, -1, -1, 0)	(-1, -1, -1, 0)	(-1, -1, -1, 0)	(-1, -1, -1, 0)	(-1, -1, -1, 0)	(-1, -1, -1, 0)	(-1, -1, -1, 0)	(-1, -1, -1, 0)
400:	(1740, 1727, 1745, 4)	(1740, 1726, 1744, 4)	(-1, -1, -1, 0)	(-1, -1, -1, 0)	(-1, -1, -1, 0)	(-1, -1, -1, 0)	(-1, -1, -1, 0)	(-1, -1, -1, 0)	(-1, -1, -1, 0)	(-1, -1, -1, 0)	(-1, -1, -1, 0)	(-1, -1, -1, 0)	(-1, -1, -1, 0)	(-1, -1, -1, 0)	(-1, -1, -1, 0)	(-1, -1, -1, 0)
401:	(1873, 1832, 1874, 4)	(-1, -1, -1, 0)	(-1, -1, -1, 0)	(-1, -1, -1, 0)	(-1, -1, -1, 0)	(-1, -1, -1, 0)	(-1, -1, -1, 0)	(-1, -1, -1, 0)	(-1, -1, -1, 0)	(-1, -1, -1, 0)	(-1, -1, -1, 0)	(-1, -1, -1, 0)	(-1, -1, -1, 0)	(-1, -1, -1, 0)	(-1, -1, -1, 0)	(-1, -1, -1, 0)
402:	(-1, -1, -1, 0)	(-1, -1, -1, 0)	(-1, -1, -1, 0)	(-1, -1, -1, 0)	(-1, -1, -1, 0)	(-1, -1, -1, 0)	(-1, -1, -1, 0)	(-1, -1, -1, 0)	(-1, -1, -1, 0)	(-1, -1, -1, 0)	(-1, -1, -1, 0)	(-1, -1, -1, 0)	(-1, -1, -1, 0)	(-1, -1, -1, 0)	(-1, -1, -1, 0)	(-1, -1, -1, 0)
403:	(-1, -1, -1, 0)	(-1, -1, -1, 0)	(-1, -1, -1, 0)	(-1, -1, -1, 0)	(-1, -1, -1, 0)	(-1, -1, -1, 0)	(-1, -1, -1, 0)	(-1, -1, -1, 0)	(-1, -1, -1, 0)	(-1, -1, -1, 0)	(-1, -1, -1, 0)	(-1, -1, -1, 0)	(-1, -1, -1, 0)	(-1, -1, -1, 0)	(-1, -1, -1, 0)	(-1, -1, -1, 0)
404:	(1742, 1741, -1, 1)	(-1, -1, -1, 0)	(-1, -1, -1, 0)	(-1, -1, -1, 0)	(-1, -1, -1, 0)	(-1, -1, -1, 0)	(-1, -1, -1, 0)	(-1, -1, -1, 0)	(-1, -1, -1, 0)	(-1, -1, -1, 0)	(-1, -1, -1, 0)	(-1, -1, -1, 0)	(-1, -1, -1, 0)	(-1, -1, -1, 0)	(-1, -1, -1, 0)	(-1, -1, -1, 0)
405:	(1743, 1741, -1, 1)	(-1, -1, -1, 0)	(-1, -1, -1, 0)	(-1, -1, -1, 0)	(-1, -1, -1, 0)	(-1, -1, -1, 0)	(-1, -1, -1, 0)	(-1, -1, -1, 0)	(-1, -1, -1, 0)	(-1, -1, -1, 0)	(-1, -1, -1, 0)	(-1, -1, -1, 0)	(-1, -1, -1, 0)	(-1, -1, -1, 0)	(-1, -1, -1, 0)	(-1, -1, -1, 0)
406:	(1745, 1741, -1, 1)	(1744, 1741, -1, 1)	(-1, -1, -1, 0)	(-1, -1, -1, 0)	(-1, -1, -1, 0)	(-1, -1, -1, 0)	(-1, -1, -1, 0)	(-1, -1, -1, 0)	(-1, -1, -1, 0)	(-1, -1, -1, 0)	(-1, -1, -1, 0)	(-1, -1, -1, 0)	(-1, -1, -1, 0)	(-1, -1, -1, 0)	(-1, -1, -1, 0)	(-1, -1, -1, 0)
407:	(1875, 1874, -1, 1)	(1876, 1874, -1, 1)	(-1, -1, -1, 0)	(-1, -1, -1, 0)	(-1, -1, -1, 0)	(-1, -1, -1, 0)	(-1, -1, -1, 0)	(-1, -1, -1, 0)	(-1, -1, -1, 0)	(-1, -1, -1, 0)	(-1, -1, -1, 0)	(-1, -1, -1, 0)	(-1, -1, -1, 0)	(-1, -1, -1, 0)	(-1, -1, -1, 0)	(-1, -1, -1, 0)
408:	(-1, -1, -1, 0)	(-1, -1, -1, 0)	(-1, -1, -1, 0)	(-1, -1, -1, 0)	(-1, -1, -1, 0)	(-1, -1, -1, 0)	(-1, -1, -1, 0)	(-1, -1, -1, 0)	(-1, -1, -1, 0)	(-1, -1, -1, 0)	(-1, -1, -1, 0)	(-1, -1, -1, 0)	(-1, -1, -1, 0)	(-1, -1, -1, 0)	(-1, -1, -1, 0)	(-1, -1, -1, 0)
409:	(-1, -1, -1, 0)	(-1, -1, -1, 0)	(-1, -1, -1, 0)	(-1, -1, -1, 0)	(-1, -1, -1, 0)	(-1, -1, -1, 0)	(-1, -1, -1, 0)	(-1, -1, -1, 0)	(-1, -1, -1, 0)	(-1, -1, -1, 0)	(-1, -1, -1, 0)	(-1, -1, -1, 0)	(-1, -1, -1, 0)	(-1, -1, -1, 0)	(-1, -1, -1, 0)	(-1, -1, -1, 0)
410:	(-1, -1, -1, 0)	(-1, -1, -1, 0)	(-1, -1, -1, 0)	(-1, -1, -1, 0)	(-1, -1, -1, 0)	(-1, -1, -1, 0)	(-1, -1, -1, 0)	(-1, -1, -1, 0)	(-1, -1, -1, 0)	(-1, -1, -1, 0)	(-1, -1, -1, 0)	(-1, -1, -1, 0)	(-1, -1, -1, 0)	(-1, -1, -1, 0)	(-1, -1, -1, 0)	(-1, -1, -1, 0)
411:	(-1, -1, -1, 0)	(-1, -1, -1, 0)	(-1, -1, -1, 0)	(-1, -1, -1, 0)	(-1, -1, -1, 0)	(-1, -1, -1, 0)	(-1, -1, -1, 0)	(-1, -1, -1, 0)	(-1, -1, -1, 0)	(-1, -1, -1, 0)	(-1, -1, -1, 0)	(-1, -1, -1, 0)	(-1, -1, -1, 0)	(-1, -1, -1, 0)	(-1, -1, -1, 0)	(-1, -1, -1, 0)
412:	(1765, 1742, 1766, 4)	(1776, 1742, 1777, 4)	(-1, -1, -1, 0)	(-1, -1, -1, 0)	(-1, -1, -1, 0)	(-1, -1, -1, 0)	(-1, -1, -1, 0)	(-1, -1, -1, 0)	(-1, -1, -1, 0)	(-1, -1, -1, 0)	(-1, -1, -1, 0)	(-1, -1, -1, 0)	(-1, -1, -1, 0)	(-1, -1, -1, 0)	(-1, -1, -1, 0)	(-1, -1, -1, 0)
413:	(1905, 1742, 1906, 4)	(1765, 1743, 1767, 4)	(1905, 1743, 1907, 4)	(-1, -1, -1, 0)	(-1, -1, -1, 0)	(-1, -1, -1, 0)	(-1, -1, -1, 0)	(-1, -1, -1, 0)	(-1, -1, -1, 0)	(-1, -1, -1, 0)	(-1, -1, -1, 0)	(-1, -1, -1, 0)	(-1, -1, -1, 0)	(-1, -1, -1, 0)	(-1, -1, -1, 0)	(-1, -1, -1, 0)
414:	(1776, 1745, 1780, 4)	(-1, 1745, -1, 5)	(1776, 1743, 1778, 4)	(1765, 1745, 1769, 4)	(-1, -1, -1, 0)	(-1, -1, -1, 0)	(-1, -1, -1, 0)	(-1, -1, -1, 0)	(-1, -1, -1, 0)	(-1, -1, -1, 0)	(-1, -1, -1, 0)	(-1, -1, -1, 0)	(-1, -1, -1, 0)	(-1, -1, -1, 0)	(-1, -1, -1, 0)	(-1, -1, -1, 0)
415:	(-1, 1744, -1, 5)	(1905, -1, 1909, 6)	(1765, 1744, 1768, 4)	(1891, 1875, 1892, 4)	(1905, 1744, 1908, 4)	(-1, -1, -1, 0)	(-1, -1, -1, 0)	(-1, -1, -1, 0)	(-1, -1, -1, 0)	(-1, -1, -1, 0)	(-1, -1, -1, 0)	(-1, -1, -1, 0)	(-1, -1, -1, 0)	(-1, -1, -1, 0)	(-1, -1, -1, 0)	(-1, -1, -1, 0)
416:	(1776, -1, 1779, 6)	(1891, 1876, 1893, 4)	(-1, -1, -1, 0)	(-1, -1, -1, 0)	(-1, -1, -1, 0)	(-1, -1, -1, 0)	(-1, -1, -1, 0)	(-1, -1, -1, 0)	(-1, -1, -1, 0)	(-1, -1, -1, 0)	(-1, -1, -1, 0)	(-1, -1, -1, 0)	(-1, -1, -1, 0)	(-1, -1, -1, 0)	(-1, -1, -1, 0)	(-1, -1, -1, 0)
417:	(2064, 1876, 2066, 4)	(2064, 1875, 2065, 4)	(-1, -1, -1, 0)	(-1, -1, -1, 0)	(-1, -1, -1, 0)	(-1, -1, -1, 0)	(-1, -1, -1, 0)	(-1, -1, -1, 0)	(-1, -1, -1, 0)	(-1, -1, -1, 0)	(-1, -1, -1, 0)	(-1, -1, -1, 0)	(-1, -1, -1, 0)	(-1, -1, -1, 0)	(-1, -1, -1, 0)	(-1, -1, -1, 0)
418:	(-1, -1, -1, 0)	(-1, -1, -1, 0)	(-1, -1, -1, 0)	(-1, -1, -1, 0)	(-1, -1, -1, 0)	(-1, -1, -1, 0)	(-1, -1, -1, 0)	(-1, -1, -1, 0)	(-1, -1, -1, 0)	(-1, -1, -1, 0)	(-1, -1, -1, 0)	(-1, -1, -1, 0)	(-1, -1, -1, 0)	(-1, -1, -1, 0)	(-1, -1, -1, 0)	(-1, -1, -1, 0)
419:	(1767, 1766, -1, 1)	(-1, -1, -1, 0)	(-1, -1, -1, 0)	(-1, -1, -1, 0)	(-1, -1, -1, 0)	(-1, -1, -1, 0)	(-1, -1, -1, 0)	(-1, -1, -1, 0)	(-1, -1, -1, 0)	(-1, -1, -1, 0)	(-1, -1, -1, 0)	(-1, -1, -1, 0)	(-1, -1, -1, 0)	(-1, -1, -1, 0)	(-1, -1, -1, 0)	(-1, -1, -1, 0)
420:	(1769, 1766, -1, 1)	(-1, -1, -1, 0)	(-1, -1, -1, 0)	(-1, -1, -1, 0)	(-1, -1, -1, 0)	(-1, -1, -1, 0)	(-1, -1, -1, 0)	(-1, -1, -1, 0)	(-1, -1, -1, 0)	(-1, -1, -1, 0)	(-1, -1, -1, 0)	(-1, -1, -1, 0)	(-1, -1, -1, 0)	(-1, -1, -1, 0)	(-1, -1, -1, 0)	(-1, -1, -1, 0)
421:	(1768, 1766, -1, 1)	(-1, -1, -1, 0)	(-1, -1, -1, 0)	(-1, -1, -1, 0)	(-1, -1, -1, 0)	(-1, -1, -1, 0)	(-1, -1, -1, 0)	(-1, -1, -1, 0)	(-1, -1, -1, 0)	(-1, -1, -1, 0)	(-1, -1, -1, 0)	(-1, -1, -1, 0)	(-1, -1, -1, 0)	(-1, -1, -1, 0)	(-1, -1, -1, 0)	(-1, -1, -1, 0)
422:	(1893, 1892, -1, 1)	(-1, -1, -1, 0)	(-1, -1, -1, 0)	(-1, -1, -1, 0)	(-1, -1, -1, 0)	(-1, -1, -1, 0)	(-1, -1, -1, 0)	(-1, -1, -1, 0)	(-1, -1, -1, 0)	(-1, -1, -1, 0)	(-1, -1, -1, 0)	(-1, -1, -1, 0)	(-1, -1, -1, 0)	(-1, -1, -1, 0)	(-1, -1, -1, 0)	(-1, -1, -1, 0)
423:	(-1, -1, -1, 0)	(-1, -1, -1, 0)	(-1, -1, -1, 0)	(-1, -1, -1, 0)	(-1, -1, -1, 0)	(-1, -1, -1, 0)	(-1, -1, -1, 0)	(-1, -1, -1, 0)	(-1, -1, -1, 0)	(-1, -1, -1, 0)	(-1, -1, -1, 0)	(-1, -1, -1, 0)	(-1, -1, -1, 0)	(-1, -1, -1, 0)	(-1, -1, -1, 0)	(-1, -1, -1, 0)
424:	(-1, -1, -1, 0)	(-1, -1, -1, 0)	(-1, -1, -1, 0)	(-1, -1, -1, 0)	(-1, -1, -1, 0)	(-1, -1, -1, 0)	(-1, -1, -1, 0)	(-1, -1, -1, 0)	(-1, -1, -1, 0)	(-1, -1, -1, 0)	(-1, -1, -1, 0)	(-1, -1, -1, 0)	(-1, -1, -1, 0)	(-1, -1, -1, 0)	(-1, -1, -1, 0)	(-1, -1, -1, 0)
425:	(-1, -1, -1, 0)	(-1, -1, -1, 0)	(-1, -1, -1, 0)	(-1, -1, -1, 0)	(-1, -1, -1, 0)	(-1, -1, -1, 0)	(-1, -1, -1, 0)	(-1, -1, -1, 0)	(-1, -1, -1, 0)	(-1, -1, -1, 0)	(-1, -1, -1, 0)	(-1, -1, -1, 0)	(-1, -1, -1, 0)	(-1, -1, -1, 0)	(-1, -1, -1, 0)	(-1, -1, -1, 0)
426:	(-1, -1, -1, 0)	(-1, -1, -1, 0)	(-1, -1, -1, 0)	(-1, -1, -1, 0)	(-1, -1, -1, 0)	(-1, -1, -1, 0)	(-1, -1, -1, 0)	(-1, -1, -1, 0)	(-1, -1, -1, 0)	(-1, -1, -1, 0)	(-1, -1, -1, 0)	(-1, -1, -1, 0)	(-1, -1, -1, 0)	(-1, -1, -1, 0)	(-1, -1, -1, 0)	(-1, -1, -1, 0)
427:	(1777, 1767, 1778, 4)	(-1, -1, -1, 0)	(-1, -1, -1, 0)	(-1, -1, -1, 0)	(-1, -1, -1, 0)	(-1, -1, -1, 0)	(-1, -1, -1, 0)	(-1, -1, -1, 0)	(-1, -1, -1, 0)	(-1, -1, -1, 0)	(-1, -1, -1, 0)	(-1, -1, -1, 0)	(-1, -1, -1, 0)	(-1, -1, -1, 0)	(-1, -1, -1, 0)	(-1, -1, -1, 0)
428:	(1777, 1769, 1780, 4)	(1906, 1769, 1909, 4)	(1906, 1767, 1907, 4)	(-1, -1, -1, 0)	(-1, -1, -1, 0)	(-1, -1, -1, 0)	(-1, -1, -1, 0)	(-1, -1, -1, 0)	(-1, -1, -1, 0)	(-1, -1, -1, 0)	(-1, -1, -1, 0)	(-1, -1, -1, 0)	(-1, -1, -1, 0)	(-1, -1, -1, 0)	(-1, -1, -1, 0)	(-1, -1, -1, 0)
429:	(1777, 1768, 1779, 4)	(1906, 1768, 1908, 4)	(-1, -1, -1, 0)	(-1, -1, -1, 0)	(-1, -1, -1, 0)	(-1, -1, -1, 0)	(-1, -1, -1, 0)	(-1, -1, -1, 0)	(-1, -1, -1, 0)	(-1, -1, -1, 0)	(-1, -1, -1, 0)	(-1, -1, -1, 0)	(-1, -1, -1, 0)	(-1, -1, -1, 0)	(-1, -1, -1, 0)	(-1, -1, -1, 0)
430:	(2065, 1893, 2066, 4)	(-1, -1, -1, 0)	(-1, -1, -1, 0)	(-1, -1, -1, 0)	(-1, -1, -1, 0)	(-1, -1, -1, 0)	(-1, -1, -1, 0)	(-1, -1, -1, 0)	(-1, -1, -1, 0)	(-1, -1, -1, 0)	(-1, -1, -1, 0)	(-1, -1, -1, 0)	(-1, -1, -1, 0)	(-1, -1, -1, 0)	(-1, -1, -1, 0)	(-1, -1, -1, 0)
431:	(-1, -1, -1, 0)	(-1, -1, -1, 0)	(-1, -1, -1, 0)	(-1, -1, -1, 0)	(-1, -1, -1, 0)	(-1, -1, -1, 0)	(-1, -1, -1, 0)	(-1, -1, -1, 0)	(-1, -1, -1, 0)	(-1, -1, -1, 0)	(-1, -1, -1, 0)	(-1, -1, -1, 0)	(-1, -1, -1, 0)	(-1, -1, -1, 0)	(-1, -1, -1, 0)	(-1, -1, -1, 0)
432:	(-1, -1, -1, 0)	(-1, -1, -1, 0)	(-1, -1, -1, 0)	(-1, -1, -1, 0)	(-1, -1, -1, 0)	(-1, -1, -1, 0)	(-1, -1, -1, 0)	(-1, -1, -1, 0)	(-1, -1, -1, 0)	(-1, -1, -1, 0)	(-1, -1, -1, 0)	(-1, -1, -1, 0)	(-1, -1, -1, 0)	(-1, -1, -1, 0)	(-1, -1, -1, 0)	(-1, -1, -1, 0)
433:	(-1, -1, -1, 0)	(-1, -1, -1, 0)	(-1, -1, -1, 0)	(-1, -1, -1, 0)	(-1, -1, -1, 0)	(-1, -1, -1, 0)	(-1, -1, -1, 0)	(-1, -1, -1, 0)	(-1, -1, -1, 0)	(-1, -1, -1, 0)	(-1, -1, -1, 0)	(-1, -1, -1, 0)	(-1, -1, -1, 0)	(-1, -1, -1, 0)	(-1, -1, -1, 0)	(-1, -1, -1, 0)
434:	(1780, 1778, -1, 1)	(-1, -1, -1, 0)	(-1, -1, -1, 0)	(-1, -1, -1, 0)	(-1, -1, -1, 0)	(-1, -1, -1, 0)	(-1, -1, -1, 0)	(-1, -1, -1, 0)	(-1, -1, -1, 0)	(-1, -1, -1, 0)	(-1, -1, -1, 0)	(-1, -1, -1, 0)	(-1, -1, -1, 0)	(-1, -1, -1, 0)	(-1, -1, -1, 0)	(-1, -1, -1, 0)
435:	(1779, 1778, -1, 1)	(-1, -1, -1, 0)	(-1, -1, -1, 0)	(-1, -1, -1, 0)	(-1, -1, -1, 0)	(-1, -1, -1, 0)	(-1, -1, -1, 0)	(-1, -1, -1, 0)	(-1, -1, -1, 0)	(-1, -1, -1, 0)	(-1, -1, -1, 0)	(-1, -1, -1, 0)	(-1, -1, -1, 0)	(-1, -1, -1, 0)	(-1, -1, -1, 0)	(-1, -1, -1, 0)
436:	(2068, 2066, -1, 1)	(2067, 2066, -1, 1)	(-1, -1, -1, 0)	(-1, -1, -1, 0)	(-1, -1, -1, 0)	(-1, -1, -1, 0)	(-1, -1, -1, 0)	(-1, -1, -1, 0)	(-1, -1, -1, 0)	(-1, -1, -1, 0)	(-1, -1, -1, 0)	(-1, -1, -1, 0)	(-1, -1, -1, 0)	(-1, -1, -1, 0)	(-1, -1, -1, 0)	(-1, -1, -1, 0)
437:	(-1, -1, -1, 0)	(-1, -1, -1, 0)	(-1, -1, -1, 0)	(-1, -1, -1, 0)	(-1, -1, -1, 0)	(-1, -1, -1, 0)	(-1, -1, -1, 0)	(-1, -1, -1, 0)	(-1, -1, -1, 0)	(-1, -1, -1, 0)	(-1, -1, -1, 0)	(-1, -1, -1, 0)	(-1, -1, -1, 0)	(-1, -1, -1, 0)	(-1, -1, -1, 0)	(-1, -1, -1, 0)
438:	(-1, -1, -1, 0)	(-1, -1, -1, 0)	(-1, -1, -1, 0)	(-1, -1, -1, 0)	(-1, -1, -1, 0)	(-1, -1, -1, 0)	(-1, -1, -1, 0)	(-1, -1, -1, 0)	(-1, -1, -1, 0)	(-1, -1, -1, 0)	(-1, -1, -1, 0)	(-1, -1, -1, 0)	(-1, -1, -1, 0)	(-1, -1, -1, 0)	(-1, -1, -1, 0)	(-1, -1, -1, 0)
439:	(-1, -1, -1, 0)	(-1, -1, -1, 0)	(-1, -1, -1, 0)	(-1, -1, -1, 0)	(-1, -1, -1, 0)	(-1, -1, -1, 0)	(-1, -1, -1, 0)	(-1, -1, -1, 0)	(-1, -1, -1, 0)	(-1, -1, -1, 0)	(-1, -1, -1, 0)	(-1, -1, -1, 0)	(-1, -1, -1, 0)	(-1, -1, -1, 0)	(-1, -1, -1, 0)	(-1, -1, -1, 0)
440:	(-1, -1, -1, 0)	(-1, -1, -1, 0)	(-1, -1, -1, 0)	(-1, -1, -1, 0)	(-1, -1, -1, 0)	(-1, -1, -1, 0)	(-1, -1, -1, 0)	(-1, -1, -1, 0)	(-1, -1, -1, 0)	(-1, -1, -1, 0)	(-1, -1, -1, 0)	(-1, -1, -1, 0)	(-1, -1, -1, 0)	(-1, -1, -1, 0)	(-1, -1, -1, 0)	(-1, -1, -1, 0)
441:	(-1, -1, -1, 0)	(-1, -1, -1, 0)	(-1, -1, -1, 0)	(-1, -1, -1, 0)	(-1, -1, -1, 0)	(-1, -1, -1, 0)	(-1, -1, -1, 0)	(-1, -1, -1, 0)	(-1, -1, -1, 0)	(-1, -1, -1, 0)	(-1, -1, -1, 0)	(-1, -1, -1, 0)	(-1, -1, -1, 0)	(-1, -1, -1, 0)	(-1, -1, -1, 0)	(-1, -1, -1, 0)
442:	(1907, 1780, 1909, 4)	(1788, 1780, 1792, 4)	(-1, -1, -1, 0)	(-1, -1, -1, 0)	(-1, -1, -1, 0)	(-1, -1, -1, 0)	(-1, -1, -1, 0)	(-1, -1, -1, 0)	(-1, -1, -1, 0)	(-1, -1, -1, 0)	(-1, -1, -1, 0)	(-1, -1, -1, 0)	(-1, -1, -1, 0)	(-1, -1, -1, 0)	(-1, -1, -1, 0)	(-1, -1, -1, 0)
443:	(1788, 1779, 1789, 4)	(-1, 1779, -1, 5)	(-1, -1, -1, 0)	(-1, -1, -1, 0)	(-1, -1, -1, 0)	(-1, -1, -1, 0)	(-1, -1, -1, 0)	(-1, -1, -1, 0)	(-1, -1, -1, 0)	(-1, -1, -1, 0)	(-1, -1, -1, 0)	(-1, -1, -1, 0)	(-1, -1, -1, 0)	(-1, -1, -1, 0)	(-1, -1, -1, 0)	(-1, -1, -1, 0)
444:	(-1, -1, -1, 0)	(1907, -1, 1908, 6)	(-1, -1, -1, 0)	(-1, -1, -1, 0)	(-1, -1, -1, 0)	(-1, -1, -1, 0)	(-1, -1, -1, 0)	(-1, -1, -1, 0)	(-1, -1, -1, 0)	(-1, -1, -1, 0)	(-1, -1, -1, 0)	(-1, -1, -1, 0)	(-1, -1, -1, 0)	(-1, -1, -1, 0)	(-1, -1, -1, 0)	(-1, -1, -1, 0)
445:	(2220, 2068, 2229, 4)	(-1, -1, -1, 0)	(-1, -1, -1, 0)	(-1, -1, -1, 0)	(-1, -1, -1, 0)	(-1, -1, -1, 0)	(-1, -1, -1, 0)	(-1, -1, -1, 0)	(-1, -1, -1, 0)	(-1, -1, -1, 0)	(-1, -1, -1, 0)	(-1, -1, -1, 0)	(-1, -1, -1, 0)	(-1, -1, -1, 0)	(-1, -1, -1, 0)	(-1, -1, -1, 0)
446:	(2220, 2067, 2228, 4)	(-1, -1, -1, 0)	(-1, -1, -1, 0)	(-1, -1, -1, 0)	(-1, -1, -1, 0)	(-1, -1, -1, 0)	(-1, -1, -1, 0)	(-1, -1, -1, 0)	(-1, -1, -1, 0)	(-1, -1, -1, 0)	(-1, -1, -1, 0)	(-1, -1, -1, 0)	(-1, -1, -1, 0)	(-1, -1, -1, 0)	(-1, -1, -1, 0)	(-1, -1, -1, 0)
447:	(-1, -1, -1, 0)	(-1, -1, -1, 0)	(-1, -1, -1, 0)	(-1, -1, -1, 0)	(-1, -1, -1, 0)	(-1, -1, -1, 0)	(-1, -1, -1, 0)	(-1, -1, -1, 0)	(-1, -1, -1, 0)	(-1, -1, -1, 0)	(-1, -1, -1, 0)	(-1, -1, -1, 0)	(-1, -1, -1, 0)	(-1, -1, -1, 0)	(-1, -1, -1, 0)	(-1, -1, -1, 0)
448:	(1909, 1896, 1910, 4)	(1909, 1897, 1911, 4)	(1792, 1790, -1, 1)	(-1, -1, -1, 0)	(-1, -1, -1, 0)	(-1, -1, -1, 0)	(-1, -1, -1, 0)	(-1, -1, -1, 0)	(-1, -1, -1, 0)	(-1, -1, -1, 0)	(-1, -1, -1, 0)	(-1, -1, -1, 0)	(-1, -1, -1, 0)	(-1, -1, -1, 0)	(-1, -1, -1, 0)	(-1, -1, -1, 0)
449:	(-1, -1, -1, 0)	(-1, -1, -1, 0)	(-1, -1, -1, 0)	(-1, -1, -1, 0)	(-1, -1, -1, 0)	(-1, -1, -1, 0)	(-1, -1, -1, 0)	(-1, -1, -1, 0)	(-1, -1, -1, 0)	(-1, -1, -1, 0)	(-1, -1, -1, 0)	(-1, -1, -1, 0)	(-1, -1, -1, 0)	(-1, -1, -1, 0)	(-1, -1, -1, 0)	(-1, -1, -1, 0)
450:	(-1, -1, -1, 0)	(-1, -1, -1, 0)	(-1, -1, -1, 0)	(-1, -1, -1, 0)	(-1, -1, -1, 0)	(-1, -1, -1, 0)	(-1, -1, -1, 0)	(-1, -1, -1, 0)	(-1, -1, -1, 0)	(-1, -1, -1, 0)	(-1, -1, -1, 0)	(-1, -1, -1, 0)	(-1, -1, -1, 0)	(-1, -1, -1, 0)	(-1, -1, -1, 0)	(-1, -1, -1, 0)
451:	(2229, 2226, -1, 1)	(-1, -1, -1, 0)	(-1, -1, -1, 0)	(-1, -1, -1, 0)	(-1, -1, -1, 0)	(-1, -1, -1, 0)	(-1, -1, -1, 0)	(-1, -1, -1, 0)	(-1, -1, -1, 0)	(-1, -1, -1, 0)	(-1, -1, -1, 0)	(-1, -1, -1, 0)	(-1, -1, -1, 0)	(-1, -1, -1, 0)	(-1, -1, -1, 0)	(-1, -1, -1, 0)
452:	(2228, 2226, -1, 1)	(-1, -1, -1, 0)	(-1, -1, -1, 0)	(-1, -1, -1, 0)	(-1, -1, -1, 0)	(-1, -1, -1, 0)	(-1, -1, -1, 0)	(-1, -1, -1, 0)	(-1, -1, -1, 0)	(-1, -1, -1, 0)	(-1, -1, -1, 0)	(-1, -1, -1, 0)	(-1, -1, -1, 0)	(-1, -1, -1, 0)	(-1, -1, -1, 0)	(-1, -1, -1, 0)
453:	(-1, -1, -1, 0)	(-1, -1, -1, 0)	(-1, -1, -1, 0)	(-1, -1, -1, 0)	(-1, -1, -1, 0)	(-1, -1, -1, 0)	(-1, -1, -1, 0)	(-1, -1, -1, 0)	(-1, -1, -1, 0)	(-1, -1, -1, 0)	(-1, -1, -1, 0)	(-1, -1, -1, 0)	(-1, -1, -1, 0)	(-1, -1, -1, 0)	(-1, -1, -1, 0)	(-1, -1, -1, 0)
454:	(1911, 1910, -1, 1)	(1912, 1910, -1, 1)	(-1, -1, -1, 0)	(-1, -1, -1, 0)	(-1, -1, -1, 0)	(-1, -1, -1, 0)	(-1, -1, -1, 0)	(-1, -1, -1, 0)	(-1, -1, -1, 0)	(-1, -1, -1, 0)	(-1, -1, -1, 0)	(-1, -1, -1, 0)	(-1, -1, -1, 0)	(-1, -1, -1, 0)	(-1, -1, -1, 0)	(-1, -1, -1, 0)
455:	(-1, -1, -1, 0)	(-1, -1, -1, 0)	(-1, -1, -1, 0)	(-1, -1, -1, 0)	(-1, -1, -1, 0)	(-1, -1, -1, 0)	(-1, -1, -1, 0)	(-1, -1, -1, 0)	(-1, -1, -1, 0)	(-1, -1, -1, 0)	(-1, -1, -1, 0)	(-1, -1, -1, 0)	(-1, -1, -1, 0)	(-1, -1, -1, 0)	(-1, -1, -1, 0)	(-1, -1, -1, 0)
456:	(-1, -1, -1, 0)	(-1, -1, -1, 0)	(-1, -1, -1, 0)	(-1, -1, -1, 0)	(-1, -1, -1, 0)	(-1, -1, -1, 0)	(-1, -1, -1, 0)	(-1, -1, -1, 0)	(-1, -1, -1, 0)	(-1, -1, -1, 0)	(-1, -1, -1, 0)	(-1, -1, -1, 0)	(-1, -1, -1, 0)	(-1, -1, -1, 0)	(-1, -1, -1, 0)	(-1, -1, -1, 0)
457:	(-1, -1, -1, 0)	(-1, -1, -1, 0)	(-1, -1, -1, 0)	(-1, -1, -1, 0)	(-1, -1, -1, 0)	(-1, -1, -1, 0)	(-1, -1, -1, 0)	(-1, -1, -1, 0)	(-1, -1, -1, 0)	(-1, -1, -1, 0)	(-1, -1, -1, 0)	(-1, -1, -1, 0)	(-1, -1, -1, 0)	(-1, -1, -1, 0)	(-1, -1, -1, 0)	(-1, -1, -1, 0)
458:	(-1, -1, -1, 0)	(-1, -1, -1, 0)	(-1, -1, -1, 0)	(-1, -1, -1, 0)	(-1, -1, -1, 0)	(-1, -1, -1, 0)	(-1, -1, -1, 0)	(-1, -1, -1, 0)	(-1, -1, -1, 0)	(-1, -1, -1, 0)	(-1, -1, -1, 0)	(-1, -1, -1, 0)	(-1, -1, -1, 0)	(-1, -1, -1, 0)	(-1, -1, -1, 0)	(-1, -1, -1, 0)
459:	(2249, 2229, 2252, 4)	(2265, 2229, 2268, 4)	(2275, 2229, 2278, 4)	(2292, 2229, 2295, 4)	(-1, -1, -1, 0)	(-1, -1, -1, 0)	(-1, -1, -1, 0)	(-1, -1, -1, 0)	(-1, -1, -1, 0)	(-1, -1, -1, 0)	(-1, -1, -1, 0)	(-1, -1, -1, 0)	(-1, -1, -1, 0)	(-1, -1, -1, 0)	(-1, -1, -1, 0)	(-1, -1, -1, 0)
460:	(2249, 2228, 2251, 4)	(2265, 2228, 2267, 4)	(2275, 2228, 2277, 4)	(-1, 2228, -1, 5)	(-1, -1, -1, 0)	(-1, -1, -1, 0)	(-1, -1, -1, 0)	(-1, -1, -1, 0)	(-1, -1, -1, 0)	(-1, -1, -1, 0)	(-1, -1, -1, 0)	(-1, -1, -1, 0)	(-1, -1, -1, 0)	(-1, -1, -1, 0)	(-1, -1, -1, 0)	(-1, -1, -1, 0)
461:	(-1, -1, -1, 0)	(-1, -1, -1, 0)	(-1, -1, -1, 0)	(2292, -1, 2294, 6)	(-1, -1, -1, 0)	(-1, -1, -1, 0)	(-1, -1, -1, 0)	(-1, -1, -1, 0)	(-1, -1, -1, 0)	(-1, -1, -1, 0)	(-1, -1, -1, 0)	(-1, -1, -1, 0)	(-1, -1, -1, 0)	(-1, -1, -1, 0)	(-1, -1, -1, 0)	(-1, -1, -1, 0)
462:	(1979, 1912, 1986, 4)	(1979, 1911, 1980, 4)	(-1, -1, -1, 0)	(-1, -1, -1, 0)	(-1, -1, -1, 0)	(-1, -1, -1, 0)	(-1, -1, -1, 0)	(-1, -1, -1, 0)	(-1, -1, -1, 0)	(-1, -1, -1, 0)	(-1, -1, -1, 0)	(-1, -1, -1, 0)	(-1, -1, -1, 0)	(-1, -1, -1, 0)	(-1, -1, -1, 0)	(-1, -1, -1, 0)
463:	(-1, -1, -1, 0)	(-1, -1, -1, 0)	(-1, -1, -1, 0)	(-1, -1, -1, 0)	(-1, -1, -1, 0)	(-1, -1, -1, 0)	(-1, -1, -1, 0)	(-1, -1, -1, 0)	(-1, -1, -1, 0)	(-1, -1, -1, 0)	(-1, -1, -1, 0)	(-1, -1, -1, 0)	(-1, -1, -1, 0)	(-1, -1, -1, 0)	(-1, -1, -1, 0)	(-1, -1, -1, 0)
464:	(-1, -1, -1, 0)	(-1, -1, -1, 0)	(-1, -1, -1, 0)	(-1, -1, -1, 0)	(-1, -1, -1, 0)	(-1, -1, -1, 0)	(-1, -1, -1, 0)	(-1, -1, -1, 0)	(-1, -1, -1, 0)	(-1, -1, -1, 0)	(-1, -1, -1, 0)	(-1, -1, -1, 0)	(-1, -1, -1, 0)	(-1, -1, -1, 0)	(-1, -1, -1, 0)	(-1, -1, -1, 0)
465:	(2253, 2252, -1, 1)	(2254, 2252, -1, 1)	(2255, 2252, -1, 1)	(-1, -1, -1, 0)	(-1, -1, -1, 0)	(-1, -1, -1, 0)	(-1, -1, -1, 0)	(-1, -1, -1, 0)	(-1, -1, -1, 0)	(-1, -1, -1, 0)	(-1, -1, -1, 0)	(-1, -1, -1, 0)	(-1, -1, -1, 0)	(-1, -1, -1, 0)	(-1, -1, -1, 0)	(-1, -1, -1, 0)
466:	(-1, -1, -1, 0)	(-1, -1, -1, 0)	(-1, -1, -1, 0)	(-1, -1, -1, 0)	(-1, -1, -1, 0)	(-1, -1, -1, 0)	(-1, -1, -1, 0)	(-1, -1, -1, 0)	(-1, -1, -1, 0)	(-1, -1, -1, 0)	(-1, -1, -1, 0)	(-1, -1, -1, 0)	(-1, -1, -1, 0)	(-1, -1, -1, 0)	(-1, -1, -1, 0)	(-1, -1, -1, 0)
467:	(-1, 1916, -1, 5)	(-1, -1, -1, 0)	(-1, -1, -1, 0)	(-1, -1, -1, 0)	(-1, -1, -1, 0)	(-1, -1, -1, 0)	(-1, -1, -1, 0)	(-1, -1, -1, 0)	(-1, -1, -1, 0)	(-1, -1, -1, 0)	(-1, -1, -1, 0)	(-1, -1, -1, 0)	(-1, -1, -1, 0)	(-1, -1, -1, 0)	(-1, -1, -1, 0)	(-1, -1, -1, 0)
468:	(1980, -1, 1986, 6)	(1980, 1915, 1985, 4)	(-1, -1, -1, 0)	(-1, -1, -1, 0)	(-1, -1, -1, 0)	(-1, -1, -1, 0)	(-1, -1, -1, 0)	(-1, -1, -1, 0)	(-1, -1, -1, 0)	(-1, -1, -1, 0)	(-1, -1, -1, 0)	(-1, -1, -1, 0)	(-1, -1, -1, 0)	(-1, -1, -1, 0)	(-1, -1, -1, 0)	(-1, -1, -1, 0)
469:	(-1, -1, -1, 0)	(-1, -1, -1, 0)	(-1, -1, -1, 0)	(-1, -1, -1, 0)	(-1, -1, -1, 0)	(-1, -1, -1, 0)	(-1, -1, -1, 0)	(-1, -1, -1, 0)	(-1, -1, -1, 0)	(-1, -1, -1, 0)	(-1, -1, -1, 0)	(-1, -1, -1, 0)	(-1, -1, -1, 0)	(-1, -1, -1, 0)	(-1, -1, -1, 0)	(-1, -1, -1, 0)
470:	(-1, -1, -1, 0)	(-1, -1, -1, 0)	(-1, -1, -1, 0)	(-1, -1, -1, 0)	(-1, -1, -1, 0)	(-1, -1, -1, 0)	(-1, -1, -1, 0)	(-1, -1, -1, 0)	(-1, -1, -1, 0)	(-1, -1, -1, 0)	(-1, -1, -1, 0)	(-1, -1, -1, 0)	(-1, -1, -1, 0)	(-1, -1, -1, 0)	(-1, -1, -1, 0)	(-1, -1, -1, 0)
471:	(-1, -1, -1, 0)	(-1, -1, -1, 0)	(-1, -1, -1, 0)	(-1, -1, -1, 0)	(-1, -1, -1, 0)	(-1, -1, -1, 0)	(-1, -1, -1, 0)	(-1, -1, -1, 0)	(-1, -1, -1, 0)	(-1, -1, -1, 0)	(-1, -1, -1, 0)	(-1, -1, -1, 0)	(-1, -1, -1, 0)	(-1, -1, -1, 0)	(-1, -1, -1, 0)	(-1, -1, -1, 0)
472:	(-1, -1, -1, 0)	(-1, -1, -1, 0)	(-1, -1, -1, 0)	(-1, -1, -1, 0)	(-1, -1, -1, 0)	(-1, -1, -1, 0)	(-1, -1, -1, 0)	(-1, -1, -1, 0)	(-1, -1, -1, 0)	(-1, -1, -1, 0)	(-1, -1, -1, 0)	(-1, -1, -1, 0)	(-1, -1, -1, 0)	(-1, -1, -1, 0)	(-1, -1, -1, 0)	(-1, -1, -1, 0)
473:	(2268, 2254, 2270, 4)	(2268, 2255, 2271, 4)	(2268, 2253, 2269, 4)	(2278, 2253, 2279, 4)	(2295, 2253, 2296, 4)	(2278, 2255, 2281, 4)	(2278, 2254, 2280, 4)	(2295, 2254, 2297, 4)	(2295, 2255, 2298, 4)	(-1, -1, -1, 0)	(-1, -1, -1, 0)	(-1, -1, -1, 0)	(-1, -1, -1, 0)	(-1, -1, -1, 0)	(-1, -1, -1, 0)	(-1, -1, -1, 0)
474:	(1986, 1983, -1, 1)	(1985, 1983, -1, 1)	(-1, -1, -1, 0)	(-1, -1, -1, 0)	(-1, -1, -1, 0)	(-1, -1, -1, 0)	(-1, -1, -1, 0)	(-1, -1, -1, 0)	(-1, -1, -1, 0)	(-1, -1, -1, 0)	(-1, -1, -1, 0)	(-1, -1, -1, 0)	(-1, -1, -1, 0)	(-1, -1, -1, 0)	(-1, -1, -1, 0)	(-1, -1, -1, 0)
475:	(-1, -1, -1, 0)	(-1, -1, -1, 0)	(-1, -1, -1, 0)	(-1, -1, -1, 0)	(-1, -1, -1, 0)	(-1, -1, -1, 0)	(-1, -1, -1, 0)	(-1, -1, -1, 0)	(-1, -1, -1, 0)	(-1, -1, -1, 0)	(-1, -1, -1, 0)	(-1, -1, -1, 0)	(-1, -1, -1, 0)	(-1, -1, -1, 0)	(-1, -1, -1, 0)	(-1, -1, -1, 0)
476:	(-1, -1, -1, 0)	(-1, -1, -1, 0)	(-1, -1, -1, 0)	(-1, -1, -1, 0)	(-1, -1, -1, 0)	(-1, -1, -1, 0)	(-1, -1, -1, 0)	(-1, -1, -1, 0)	(-1, -1, -1, 0)	(-1, -1, -1, 0)	(-1, -1, -1, 0)	(-1, -1, -1, 0)	(-1, -1, -1, 0)	(-1, -1, -1, 0)	(-1, -1, -1, 0)	(-1, -1, -1, 0)
477:	(-1, -1, -1, 0)	(-1, -1, -1, 0)	(-1, -1, -1, 0)	(-1, -1, -1, 0)	(-1, -1, -1, 0)	(-1, -1, -1, 0)	(-1, -1, -1, 0)	(-1, -1, -1, 0)	(-1, -1, -1, 0)	(-1, -1, -1, 0)	(-1, -1, -1, 0)	(-1, -1, -1, 0)	(-1, -1, -1, 0)	(-1, -1, -1, 0)	(-1, -1, -1, 0)	(-1, -1, -1, 0)
478:	(-1, -1, -1, 0)	(-1, -1, -1, 0)	(-1, -1, -1, 0)	(-1, -1, -1, 0)	(-1, -1, -1, 0)	(-1, -1, -1, 0)	(-1, -1, -1, 0)	(-1, -1, -1, 0)	(-1, -1, -1, 0)	(-1, -1, -1, 0)	(-1, -1, -1, 0)	(-1, -1, -1, 0)	(-1, -1, -1, 0)	(-1, -1, -1, 0)	(-1, -1, -1, 0)	(-1, -1, -1, 0)
479:	(2270, 2269, -1, 1)	(2271, 2269, -1, 1)	(-1, -1, -1, 0)	(-1, -1, -1, 0)	(-1, -1, -1, 0)	(-1, -1, -1, 0)	(-1, -1, -1, 0)	(-1, -1, -1, 0)	(-1, -1, -1, 0)	(-1, -1, -1, 0)	(-1, -1, -1, 0)	(-1, -1, -1, 0)	(-1, -1, -1, 0)	(-1, -1, -1, 0)	(-1, -1, -1, 0)	(-1, -1, -1, 0)
480:	(-1, -1, -1, 0)	(-1, -1, -1, 0)	(-1, -1, -1, 0)	(-1, -1, -1, 0)	(-1, -1, -1, 0)	(-1, -1, -1, 0)	(-1, -1, -1, 0)	(-1, -1, -1, 0)	(-1, -1, -1, 0)	(-1, -1, -1, 0)	(-1, -1, -1, 0)	(-1, -1, -1, 0)	(-1, -1, -1, 0)	(-1, -1, -1, 0)	(-1, -1, -1, 0)	(-1, -1, -1, 0)
481:	(-1, -1, -1, 0)	(-1, -1, -1, 0)	(-1, -1, -1, 0)	(-1, -1, -1, 0)	(-1, -1, -1, 0)	(-1, -1, -1, 0)	(-1, -1, -1, 0)	(-1, -1, -1, 0)	(-1, -1, -1, 0)	(-1, -1, -1, 0)	(-1, -1, -1, 0)	(-1, -1, -1, 0)	(-1, -1, -1, 0)	(-1, -1, -1, 0)	(-1, -1, -1, 0)	(-1, -1, -1, 0)
482:	(2006, 1986, 2009, 4)	(2022, 1986, 2025, 4)	(2032, 1986, 2035, 4)	(2049, 1986, 2052, 4)	(-1, -1, -1, 0)	(-1, -1, -1, 0)	(-1, -1, -1, 0)	(-1, -1, -1, 0)	(-1, -1, -1, 0)	(-1, -1, -1, 0)	(-1, -1, -1, 0)	(-1, -1, -1, 0)	(-1, -1, -1, 0)	(-1, -1, -1, 0)	(-1, -1, -1, 0)	(-1, -1, -1, 0)
483:	(2006, 1985, 2008, 4)	(2022, 1985, 2024, 4)	(2032, 1985, 2034, 4)	(-1, 1985, -1, 5)	(-1, -1, -1, 0)	(-1, -1, -1, 0)	(-1, -1, -1, 0)	(-1, -1, -1, 0)	(-1, -1, -1, 0)	(-1, -1, -1, 0)	(-1, -1, -1, 0)	(-1, -1, -1, 0)	(-1, -1, -1, 0)	(-1, -1, -1, 0)	(-1, -1, -1, 0)	(-1, -1, -1, 0)
484:	(-1, -1, -1, 0)	(-1, -1, -1, 0)	(-1, -1, -1, 0)	(2049, -1, 2051, 6)	(-1, -1, -1, 0)	(-1, -1, -1, 0)	(-1, -1, -1, 0)	(-1, -1, -1, 0)	(-1, -1, -1, 0)	(-1, -1, -1, 0)	(-1, -1, -1, 0)	(-1, -1, -1, 0)	(-1, -1, -1, 0)	(-1, -1, -1, 0)	(-1, -1, -1, 0)	(-1, -1, -1, 0)
485:	(-1, -1, -1, 0)	(-1, -1, -1, 0)	(-1, -1, -1, 0)	(-1, -1, -1, 0)	(-1, -1, -1, 0)	(-1, -1, -1, 0)	(-1, -1, -1, 0)	(-1, -1, -1, 0)	(-1, -1, -1, 0)	(-1, -1, -1, 0)	(-1, -1, -1, 0)	(-1, -1, -1, 0)	(-1, -1, -1, 0)	(-1, -1, -1, 0)	(-1, -1, -1, 0)	(-1, -1, -1, 0)
486:	(-1, -1, -1, 0)	(-1, -1, -1, 0)	(-1, -1, -1, 0)	(-1, -1, -1, 0)	(-1, -1, -1, 0)	(-1, -1, -1, 0)	(-1, -1, -1, 0)	(-1, -1, -1, 0)	(-1, -1, -1, 0)	(-1, -1, -1, 0)	(-1, -1, -1, 0)	(-1, -1, -1, 0)	(-1, -1, -1, 0)	(-1, -1, -1, 0)	(-1, -1, -1, 0)	(-1, -1, -1, 0)
487:	(2010, -1, -1, 21)	(2011, -1, -1, 21)	(-1, -1, -1, 0)	(2012, -1, -1, 21)	(-1, -1, -1, 0)	(-1, -1, -1, 0)	(-1, -1, -1, 0)	(-1, -1, -1, 0)	(-1, -1, -1, 0)	(-1, -1, -1, 0)	(-1, -1, -1, 0)	(2279, 2270, -1, 12)	(2279, 2271, -1, 12)	(-1, -1, -1, 0)	(2296, 2270, -1, 12)	(2296, 2271, -1, 12)
488:	(2010, 2009, -1, 20)	(2011, 2009, -1, 20)	(-1, -1, -1, 0)	(2012, 2009, -1, 20)	(-1, -1, -1, 0)	(-1, -1, -1, 0)	(-1, -1, -1, 0)	(-1, -1, -1, 0)	(-1, -1, -1, 0)	(-1, -1, -1, 0)	(-1, -1, -1, 0)	(-1, -1, -1, 0)	(-1, -1, -1, 0)	(-1, -1, -1, 0)	(-1, -1, -1, 0)	(-1, -1, -1, 0)
489:	(-1, -1, -1, 0)	(-1, -1, -1, 0)	(-1, -1, -1, 0)	(-1, -1, -1, 0)	(-1, -1, -1, 0)	(-1, -1, -1, 0)	(-1, -1, -1, 0)	(-1, -1, -1, 0)	(-1, -1, -1, 0)	(-1, -1, -1, 0)	(-1, -1, -1, 0)	(-1, -1, -1, 0)	(-1, -1, -1, 0)	(-1, -1, -1, 0)	(-1, -1, -1, 0)	(-1, -1, -1, 0)
490:	(-1, -1, -1, 0)	(-1, -1, -1, 0)	(-1, -1, -1, 0)	(-1, -1, -1, 0)	(-1, -1, -1, 0)	(-1, -1, -1, 0)	(-1, -1, -1, 0)	(-1, -1, -1, 0)	(-1, -1, -1, 0)	(-1, -1, -1, 0)	(-1, -1, -1, 0)	(2280, -1, -1, 22)	(2281, -1, -1, 17)	(-1, -1, -1, 0)	(2297, -1, -1, 22)	(-1, -1, -1, 0)
491:	(-1, -1, -1, 0)	(-1, -1, -1, 0)	(-1, -1, -1, 0)	(-1, -1, -1, 0)	(-1, -1, -1, 0)	(-1, -1, -1, 0)	(-1, -1, -1, 0)	(-1, -1, -1, 0)	(-1, -1, -1, 0)	(-1, -1, -1, 0)	(-1, -1, -1, 0)	(-1, -1, -1, 0)	(-1, -1, -1, 0)	(-1, -1, -1, 0)	(-1, -1, -1, 0)	(-1, -1, -1, 0)
492:	(-1, -1, -1, 0)	(-1, -1, -1, 0)	(-1, -1, -1, 0)	(-1, -1, -1, 0)	(-1, -1, -1, 0)	(-1, -1, -1, 0)	(-1, -1, -1, 0)	(-1, -1, -1, 0)	(-1, -1, -1, 0)	(-1, -1, -1, 0)	(-1, -1, -1, 0)	(-1, -1, -1, 0)	(-1, -1, -1, 0)	(-1, -1, -1, 0)	(-1, -1, -1, 0)	(-1, -1, -1, 0)
493:	(-1, -1, -1, 0)	(-1, -1, -1, 0)	(-1, -1, -1, 0)	(-1, -1, -1, 0)	(-1, -1, -1, 0)	(-1, -1, -1, 0)	(-1, -1, -1, 0)	(-1, -1, -1, 0)	(-1, -1, -1, 0)	(-1, -1, -1, 0)	(-1, -1, -1, 0)	(-1, -1, -1, 0)	(-1, -1, -1, 0)	(-1, -1, -1, 0)	(-1, -1, -1, 0)	(-1, -1, -1, 0)
494:	(-1, -1, -1, 0)	(-1, -1, -1, 0)	(-1, -1, -1, 0)	(-1, -1, -1, 0)	(-1, -1, -1, 0)	(-1, -1, -1, 0)	(-1, -1, -1, 0)	(-1, -1, -1, 0)	(-1, -1, -1, 0)	(-1, -1, -1, 0)	(-1, -1, -1, 0)	(-1, -1, -1, 0)	(-1, -1, -1, 0)	(-1, -1, -1, 0)	(-1, -1, -1, 0)	(-1, -1, -1, 0)
495:	(-1, -1, -1, 0)	(-1, -1, -1, 0)	(-1, -1, -1, 0)	(-1, -1, -1, 0)	(-1, -1, -1, 0)	(-1, -1, -1, 0)	(-1, -1, -1, 0)	(-1, -1, -1, 0)	(-1, -1, -1, 0)	(-1, -1, -1, 0)	(-1, -1, -1, 0)	(-1, -1, -1, 0)	(2281, 2280, -1, 20)	(-1, -1, -1, 0)	(-1, -1, -1, 0)	(-1, -1, -1, 0)
496:	(-1, -1, -1, 0)	(-1, -1, -1, 0)	(2025, 2010, -1, 12)	(-1, -1, -1, 0)	(2025, 2011, -1, 12)	(2035, 2010, -1, 12)	(2025, 2012, -1, 12)	(2052, 2010, -1, 12)	(2035, 2011, -1, 12)	(2035, 2012, -1, 12)	(2052, 2011, -1, 12)	(-1, -1, -1, 0)	(-1, -1, -1, 0)	(2052, 2012, -1, 12)	(-1, -1, -1, 0)	(-1, -1, -1, 0)
497:	(-1, -1, -1, 0)	(-1, -1, -1, 0)	(-1, -1, -1, 0)	(-1, -1, -1, 0)	(-1, -1, -1, 0)	(-1, -1, -1, 0)	(-1, -1, -1, 0)	(-1, -1, -1, 0)	(-1, -1, -1, 0)	(-1, -1, -1, 0)	(-1, -1, -1, 0)	(-1, -1, -1, 0)	(-1, -1, -1, 0)	(-1, -1, -1, 0)	(-1, -1, -1, 0)	(-1, -1, -1, 0)
498:	(-1, -1, -1, 0)	(-1, -1, -1, 0)	(-1, -1, -1, 0)	(-1, -1, -1, 0)	(-1, -1, -1, 0)	(-1, -1, -1, 0)	(-1, -1, -1, 0)	(-1, -1, -1, 0)	(-1, -1, -1, 0)	(-1, -1, -1, 0)	(-1, -1, -1, 0)	(-1, -1, -1, 0)	(-1, -1, -1, 0)	(-1, -1, -1, 0)	(-1, -1, -1, 0)	(-1, -1, -1, 0)
499:	(-1, -1, -1, 0)	(-1, -1, -1, 0)	(2026, -1, -1, 22)	(-1, -1, -1, 0)	(2027, -1, -1, 17)	(2036, -1, -1, 22)	(2028, -1, -1, 17)	(2053, -1, -1, 22)	(-1, -1, -1, 0)	(-1, -1, -1, 0)	(-1, -1, -1, 0)	(-1, -1, -1, 0)	(-1, -1, -1, 0)	(-1, -1, -1, 0)	(-1, -1, -1, 0)	(-1, -1, -1, 0)
500:	(-1, -1, -1, 0)	(-1, -1, -1, 0)	(-1, -1, -1, 0)	(-1, -1, -1, 0)	(-1, -1, -1, 0)	(-1, -1, -1, 0)	(-1, -1, -1, 0)	(-1, -1, -1, 0)	(-1, -1, -1, 0)	(-1, -1, -1, 0)	(-1, -1, -1, 0)	(-1, -1, -1, 0)	(-1, -1, -1, 0)	(-1, -1, -1, 0)	(-1, -1, -1, 0)	(-1, -1, -1, 0)
501:	(-1, -1, -1, 0)	(-1, -1, -1, 0)	(-1, -1, -1, 0)	(-1, -1, -1, 0)	(-1, -1, -1, 0)	(-1, -1, -1, 0)	(-1, -1, -1, 0)	(-1, -1, -1, 0)	(-1, -1, -1, 0)	(-1, -1, -1, 0)	(-1, -1, -1, 0)	(-1, -1, -1, 0)	(-1, -1, -1, 0)	(-1, -1, -1, 0)	(-1, -1, -1, 0)	(-1, -1, -1, 0)
502:	(-1, -1, -1, 0)	(-1, -1, -1, 0)	(-1, -1, -1, 0)	(-1, -1, -1, 0)	(-1, -1, -1, 0)	(-1, -1, -1, 0)	(-1, -1, -1, 0)	(-1, -1, -1, 0)	(-1, -1, -1, 0)	(-1, -1, -1, 0)	(-1, -1, -1, 0)	(-1, -1, -1, 0)	(-1, -1, -1, 0)	(-1, -1, -1, 0)	(-1, -1, -1, 0)	(-1, -1, -1, 0)
503:	(-1, -1, -1, 0)	(-1, -1, -1, 0)	(-1, -1, -1, 0)	(-1, -1, -1, 0)	(-1, -1, -1, 0)	(-1, -1, -1, 0)	(-1, -1, -1, 0)	(-1, -1, -1, 0)	(-1, -1, -1, 0)	(-1, -1, -1, 0)	(-1, -1, -1, 0)	(-1, -1, -1, 0)	(-1, -1, -1, 0)	(-1, -1, -1, 0)	(-1, -1, -1, 0)	(2297, 2281, -1, 12)
504:	(-1, -1, -1, 0)	(-1, -1, -1, 0)	(-1, -1, -1, 0)	(-1, -1, -1, 0)	(2027, 2026, -1, 20)	(-1, -1, -1, 0)	(2028, 2026, -1, 20)	(-1, -1, -1, 0)	(-1, -1, -1, 0)	(-1, -1, -1, 0)	(-1, -1, -1, 0)	(-1, -1, -1, 0)	(-1, -1, -1, 0)	(-1, -1, -1, 0)	(-1, -1, -1, 0)	(-1, -1, -1, 0)
505:	(-1, -1, -1, 0)	(-1, -1, -1, 0)	(-1, -1, -1, 0)	(-1, -1, -1, 0)	(-1, -1, -1, 0)	(-1, -1, -1, 0)	(-1, -1, -1, 0)	(-1, -1, -1, 0)	(-1, -1, -1, 0)	(-1, -1, -1, 0)	(-1, -1, -1, 0)	(-1, -1, -1, 0)	(-1, -1, -1, 0)	(-1, -1, -1, 0)	(-1, -1, -1, 0)	(-1, -1, -1, 0)
506:	(-1, -1, -1, 0)	(-1, -1, -1, 0)	(-1, -1, -1, 0)	(-1, -1, -1, 0)	(-1, -1, -1, 0)	(-1, -1, -1, 0)	(-1, -1, -1, 0)	(-1, -1, -1, 0)	(-1, -1, -1, 0)	(-1, -1, -1, 0)	(-1, -1, -1, 0)	(-1, -1, -1, 0)	(-1, -1, -1, 0)	(-1, -1, -1, 0)	(-1, -1, -1, 0)	(2298, -1, -1, 22)
507:	(-1, -1, -1, 0)	(-1, -1, -1, 0)	(-1, -1, -1, 0)	(-1, -1, -1, 0)	(-1, -1, -1, 0)	(-1, -1, -1, 0)	(-1, -1, -1, 0)	(-1, -1, -1, 0)	(-1, -1, -1, 0)	(-1, -1, -1, 0)	(-1, -1, -1, 0)	(-1, -1, -1, 0)	(-1, -1, -1, 0)	(-1, -1, -1, 0)	(-1, -1, -1, 0)	(-1, -1, -1, 0)
508:	(-1, -1, -1, 0)	(-1, -1, -1, 0)	(-1, -1, -1, 0)	(-1, -1, -1, 0)	(-1, -1, -1, 0)	(-1, -1, -1, 0)	(-1, -1, -1, 0)	(-1, -1, -1, 0)	(-1, -1, -1, 0)	(-1, -1, -1, 0)	(-1, -1, -1, 0)	(-1, -1, -1, 0)	(-1, -1, -1, 0)	(-1, -1, -1, 0)	(-1, -1, -1, 0)	(-1, -1, -1, 0)
509:	(-1, -1, -1, 0)	(-1, -1, -1, 0)	(-1, -1, -1, 0)	(-1, -1, -1, 0)	(-1, -1, -1, 0)	(-1, -1, -1, 0)	(-1, -1, -1, 0)	(-1, -1, -1, 0)	(-1, -1, -1, 0)	(-1, -1, -1, 0)	(-1, -1, -1, 0)	(-1, -1, -1, 0)	(-1, -1, -1, 0)	(-1, -1, -1, 0)	(-1, -1, -1, 0)	(-1, -1, -1, 0)
510:	(-1, -1, -1, 0)	(-1, -1, -1, 0)	(-1, -1, -1, 0)	(-1, -1, -1, 0)	(-1, -1, -1, 0)	(-1, -1, -1, 0)	(-1, -1, -1, 0)	(-1, -1, -1, 0)	(-1, -1, -1, 0)	(-1, -1, -1, 0)	(-1, -1, -1, 0)	(-1, -1, -1, 0)	(-1, -1, -1, 0)	(-1, -1, -1, 0)	(-1, -1, -1, 0)	(-1, -1, -1, 0)
511:	(-1, -1, -1, 0)	(-1, -1, -1, 0)	(-1, -1, -1, 0)	(-1, -1, -1, 0)	(-1, -1, -1, 0)	(-1, -1, -1, 0)	(-1, -1, -1, 0)	(-1, -1, -1, 0)	(-1, -1, -1, 0)	(-1, -1, -1, 0)	(-1, -1, -1, 0)	(-1, -1, -1, 0)	(-1, -1, -1, 0)	(-1, -1, -1, 0)	(-1, -1, -1, 0)	(-1, -1, -1, 0)
512:	(-1, -1, -1, 0)	(-1, -1, -1, 0)	(-1, -1, -1, 0)	(-1, -1, -1, 0)	(-1, -1, -1, 0)	(-1, -1, -1, 0)	(-1, -1, -1, 0)	(-1, -1, -1, 0)	(2036, 2027, -1, 12)	(2036, 2028, -1, 12)	(2053, 2027, -1, 12)	(-1, -1, -1, 0)	(-1, -1, -1, 0)	(2053, 2028, -1, 12)	(-1, -1, -1, 0)	(-1, -1, -1, 0)
513:	(-1, -1, -1, 0)	(-1, -1, -1, 0)	(-1, -1, -1, 0)	(-1, -1, -1, 0)	(-1, -1, -1, 0)	(-1, -1, -1, 0)	(-1, -1, -1, 0)	(-1, -1, -1, 0)	(-1, -1, -1, 0)	(-1, -1, -1, 0)	(-1, -1, -1, 0)	(-1, -1, -1, 0)	(-1, -1, -1, 0)	(-1, -1, -1, 0)	(-1, -1, -1, 0)	(-1, -1, -1, 0)
514:	(-1, -1, -1, 0)	(-1, -1, -1, 0)	(-1, -1, -1, 0)	(-1, -1, -1, 0)	(-1, -1, -1, 0)	(-1, -1, -1, 0)	(-1, -1, -1, 0)	(-1, -1, -1, 0)	(-1, -1, -1, 0)	(-1, -1, -1, 0)	(-1, -1, -1, 0)	(-1, -1, -1, 0)	(-1, -1, -1, 0)	(-1, -1, -1, 0)	(-1, -1, -1, 0)	(-1, -1, -1, 0)
515:	(-1, -1, -1, 0)	(-1, -1, -1, 0)	(-1, -1, -1, 0)	(-1, -1, -1, 0)	(-1, -1, -1, 0)	(-1, -1, -1, 0)	(-1, -1, -1, 0)	(-1, -1, -1, 0)	(2037, -1, -1, 22)	(2038, -1, -1, 17)	(2054, -1, -1, 22)	(-1, -1, -1, 0)	(-1, -1, -1, 0)	(-1, -1, -1, 0)	(-1, -1, -1, 0)	(-1, -1, -1, 0)
516:	(-1, -1, -1, 0)	(-1, -1, -1, 0)	(-1, -1, -1, 0)	(-1, -1, -1, 0)	(-1, -1, -1, 0)	(-1, -1, -1, 0)	(-1, -1, -1, 0)	(-1, -1, -1, 0)	(-1, -1, -1, 0)	(-1, -1, -1, 0)	(-1, -1, -1, 0)	(-1, -1, -1, 0)	(-1, -1, -1, 0)	(-1, -1, -1, 0)	(-1, -1, -1, 0)	(-1, -1, -1, 0)
517:	(-1, -1, -1, 0)	(-1, -1, -1, 0)	(-1, -1, -1, 0)	(-1, -1, -1, 0)	(-1, -1, -1, 0)	(-1, -1, -1, 0)	(-1, -1, -1, 0)	(-1, -1, -1, 0)	(-1, -1, -1, 0)	(-1, -1, -1, 0)	(-1, -1, -1, 0)	(-1, -1, -1, 0)	(-1, -1, -1, 0)	(-1, -1, -1, 0)	(-1, -1, -1, 0)	(-1, -1, -1, 0)
518:	(-1, -1, -1, 0)	(-1, -1, -1, 0)	(-1, -1, -1, 0)	(-1, -1, -1, 0)	(-1, -1, -1, 0)	(-1, -1, -1, 0)	(-1, -1, -1, 0)	(-1, -1, -1, 0)	(-1, -1, -1, 0)	(-1, -1, -1, 0)	(-1, -1, -1, 0)	(-1, -1, -1, 0)	(-1, -1, -1, 0)	(-1, -1, -1, 0)	(-1, -1, -1, 0)	(-1, -1, -1, 0)
519:	(-1, -1, -1, 0)	(-1, -1, -1, 0)	(-1, -1, -1, 0)	(-1, -1, -1, 0)	(-1, -1, -1, 0)	(-1, -1, -1, 0)	(-1, -1, -1, 0)	(-1, -1, -1, 0)	(-1, -1, -1, 0)	(-1, -1, -1, 0)	(-1, -1, -1, 0)	(-1, -1, -1, 0)	(-1, -1, -1, 0)	(-1, -1, -1, 0)	(-1, -1, -1, 0)	(-1, -1, -1, 0)
520:	(-1, -1, -1, 0)	(-1, -1, -1, 0)	(-1, -1, -1, 0)	(-1, -1, -1, 0)	(-1, -1, -1, 0)	(-1, -1, -1, 0)	(-1, -1, -1, 0)	(-1, -1, -1, 0)	(-1, -1, -1, 0)	(2038, 2037, -1, 20)	(-1, -1, -1, 0)	(-1, -1, -1, 0)	(-1, -1, -1, 0)	(-1, -1, -1, 0)	(-1, -1, -1, 0)	(-1, -1, -1, 0)
521:	(-1, -1, -1, 0)	(-1, -1, -1, 0)	(-1, -1, -1, 0)	(-1, -1, -1, 0)	(-1, -1, -1, 0)	(-1, -1, -1, 0)	(-1, -1, -1, 0)	(-1, -1, -1, 0)	(-1, -1, -1, 0)	(-1, -1, -1, 0)	(-1, -1, -1, 0)	(-1, -1, -1, 0)	(-1, -1, -1, 0)	(-1, -1, -1, 0)	(-1, -1, -1, 0)	(-1, -1, -1, 0)
522:	(-1, -1, -1, 0)	(-1, -1, -1, 0)	(-1, -1, -1, 0)	(-1, -1, -1, 0)	(-1, -1, -1, 0)	(-1, -1, -1, 0)	(-1, -1, -1, 0)	(-1, -1, -1, 0)	(-1, -1, -1, 0)	(-1, -1, -1, 0)	(-1, -1, -1, 0)	(-1, -1, -1, 0)	(-1, -1, -1, 0)	(-1, -1, -1, 0)	(-1, -1, -1, 0)	(-1, -1, -1, 0)
523:	(-1, -1, -1, 0)	(-1, -1, -1, 0)	(-1, -1, -1, 0)	(-1, -1, -1, 0)	(-1, -1, -1, 0)	(-1, -1, -1, 0)	(-1, -1, -1, 0)	(-1, -1, -1, 0)	(-1, -1, -1, 0)	(-1, -1, -1, 0)	(-1, -1, -1, 0)	(-1, -1, -1, 0)	(-1, -1, -1, 0)	(-1, -1, -1, 0)	(-1, -1, -1, 0)	(-1, -1, -1, 0)
524:	(-1, -1, -1, 0)	(-1, -1, -1, 0)	(-1, -1, -1, 0)	(-1, -1, -1, 0)	(-1, -1, -1, 0)	(-1, -1, -1, 0)	(-1, -1, -1, 0)	(-1, -1, -1, 0)	(-1, -1, -1, 0)	(-1, -1, -1, 0)	(-1, -1, -1, 0)	(-1, -1, -1, 0)	(-1, -1, -1, 0)	(-1, -1, -1, 0)	(-1, -1, -1, 0)	(-1, -1, -1, 0)
525:	(-1, -1, -1, 0)	(-1, -1, -1, 0)	(-1, -1, -1, 0)	(-1, -1, -1, 0)	(-1, -1, -1, 0)	(-1, -1, -1, 0)	(-1, -1, -1, 0)	(-1, -1, -1, 0)	(-1, -1, -1, 0)	(-1, -1, -1, 0)	(-1, -1, -1, 0)	(-1, -1, -1, 0)	(-1, -1, -1, 0)	(-1, -1, -1, 0)	(-1, -1, -1, 0)	(-1, -1, -1, 0)
526:	(-1, -1, -1, 0)	(-1, -1, -1, 0)	(-1, -1, -1, 0)	(-1, -1, -1, 0)	(-1, -1, -1, 0)	(-1, -1, -1, 0)	(-1, -1, -1, 0)	(-1, -1, -1, 0)	(-1, -1, -1, 0)	(-1, -1, -1, 0)	(-1, -1, -1, 0)	(-1, -1, -1, 0)	(-1, -1, -1, 0)	(-1, -1, -1, 0)	(-1, -1, -1, 0)	(-1, -1, -1, 0)
527:	(-1, -1, -1, 0)	(-1, -1, -1, 0)	(-1, -1, -1, 0)	(-1, -1, -1, 0)	(-1, -1, -1, 0)	(-1, -1, -1, 0)	(-1, -1, -1, 0)	(-1, -1, -1, 0)	(-1, -1, -1, 0)	(-1, -1, -1, 0)	(-1, -1, -1, 0)	(-1, -1, -1, 0)	(-1, -1, -1, 0)	(-1, -1, -1, 0)	(-1, -1, -1, 0)	(-1, -1, -1, 0)
528:	(-1, -1, -1, 0)	(-1, -1, -1, 0)	(-1, -1, -1, 0)	(-1, -1, -1, 0)	(-1, -1, -1, 0)	(-1, -1, -1, 0)	(-1, -1, -1, 0)	(-1, -1, -1, 0)	(-1, -1, -1, 0)	(-1, -1, -1, 0)	(-1, -1, -1, 0)	(-1, -1, -1, 0)	(-1, -1, -1, 0)	(2054, 2038, -1, 12)	(-1, -1, -1, 0)	(-1, -1, -1, 0)
529:	(-1, -1, -1, 0)	(-1, -1, -1, 0)	(-1, -1, -1, 0)	(-1, -1, -1, 0)	(-1, -1, -1, 0)	(-1, -1, -1, 0)	(-1, -1, -1, 0)	(-1, -1, -1, 0)	(-1, -1, -1, 0)	(-1, -1, -1, 0)	(-1, -1, -1, 0)	(-1, -1, -1, 0)	(-1, -1, -1, 0)	(-1, -1, -1, 0)	(-1, -1, -1, 0)	(-1, -1, -1, 0)
530:	(-1, -1, -1, 0)	(-1, -1, -1, 0)	(-1, -1, -1, 0)	(-1, -1, -1, 0)	(-1, -1, -1, 0)	(-1, -1, -1, 0)	(-1, -1, -1, 0)	(-1, -1, -1, 0)	(-1, -1, -1, 0)	(-1, -1, -1, 0)	(-1, -1, -1, 0)	(-1, -1, -1, 0)	(-1, -1, -1, 0)	(-1, -1, -1, 0)	(-1, -1, -1, 0)	(-1, -1, -1, 0)
531:	(-1, -1, -1, 0)	(-1, -1, -1, 0)	(-1, -1, -1, 0)	(-1, -1, -1, 0)	(-1, -1, -1, 0)	(-1, -1, -1, 0)	(-1, -1, -1, 0)	(-1, -1, -1, 0)	(-1, -1, -1, 0)	(-1, -1, -1, 0)	(-1, -1, -1, 0)	(-1, -1, -1, 0)	(-1, -1, -1, 0)	(2055, -1, -1, 22)	(-1, -1, -1, 0)	(-1, -1, -1, 0)
532:	(-1, -1, -1, 0)	(-1, -1, -1, 0)	(-1, -1, -1, 0)	(-1, -1, -1, 0)	(-1, -1, -1, 0)	(-1, -1, -1, 0)	(-1, -1, -1, 0)	(-1, -1, -1, 0)	(-1, -1, -1, 0)	(-1, -1, -1, 0)	(-1, -1, -1, 0)	(-1, -1, -1, 0)	(-1, -1, -1, 0)	(-1, -1, -1, 0)	(-1, -1, -1, 0)	(-1, -1, -1, 0)
533:	(-1, -1, -1, 0)	(-1, -1, -1, 0)	(-1, -1, -1, 0)	(-1, -1, -1, 0)	(-1, -1, -1, 0)	(-1, -1, -1, 0)	(-1, -1, -1, 0)	(-1, -1, -1, 0)	(-1, -1, -1, 0)	(-1, -1, -1, 0)	(-1, -1, -1, 0)	(-1, -1, -1, 0)	(-1, -1, -1, 0)	(-1, -1, -1, 0)	(-1, -1, -1, 0)	(-1, -1, -1, 0)
534:	(-1, -1, -1, 0)	(-1, -1, -1, 0)	(-1, -1, -1, 0)	(-1, -1, -1, 0)	(-1, -1, -1, 0)	(-1, -1, -1, 0)	(-1, -1, -1, 0)	(-1, -1, -1, 0)	(-1, -1, -1, 0)	(-1, -1, -1, 0)	(-1, -1, -1, 0)	(-1, -1, -1, 0)	(-1, -1, -1, 0)	(-1, -1, -1, 0)	(-1, -1, -1, 0)	(-1, -1, -1, 0)
Print Inst Finished!

latency = 532
Ax[40641] = 9.44475e-43
time: 0	PE: 0	op: 1 / -1 = -1
time: 0	PE: 1	op: -0.00640227 / 1000.01 = -6.40223e-06
time: 0	PE: 2	op: -6.84004e-07 / 1000.01 = -6.83999e-10
time: 0	PE: 3	op: -0.698728 / 1000.35 = -0.000698484
time: 0	PE: 4	op: -0.00149684 / 1000 = -1.49684e-06
time: 0	PE: 5	op: -0.0521277 / 1000.05 = -5.2125e-05
time: 0	PE: 6	op: -5.5692e-06 / 1000.05 = -5.56891e-09
time: 0	PE: 7	op: 0.349245 / 1000.35 = 0.000349123
time: 0	PE: 8	op: -5.5692e-06 / 1000.05 = -5.56891e-09
time: 0	PE: 9	op: -0.0521277 / 1000.05 = -5.2125e-05
time: 0	PE: 10	op: 2.04278e-07 / 1000.05 = 2.04267e-10
time: 0	PE: 11	op: -0.00640236 / 1000.01 = -6.40232e-06
time: 0	PE: 12	op: -6.84013e-07 / 1000.01 = -6.84008e-10
time: 0	PE: 13	op: -0.00513377 / -0.0104327 = 0.492083
time: 0	PE: 14	op: -0.0524401 / 1000.05 = -5.24373e-05
time: 0	PE: 15	op: 4.0773 / -0.0104327 = -390.819
Ax[40641] = 9.44475e-43
time: 1	PE: 0	op: 0.00149663 / 1000 = 1.49663e-06
time: 1	PE: 1	op: -0.00394214 / 0.459995 = -0.00856996
time: 1	PE: 2	op: -1000 / 1000 = -1
time: 1	PE: 3	op: -0.0194126 / 0.459995 = -0.0422018
time: 1	PE: 4	op: -6.84004e-07 / 1000.01 = -6.83999e-10
time: 1	PE: 5	op: -0.00149685 / 1000 = -1.49685e-06
time: 1	PE: 6	op: -5.56934e-06 / 1000.05 = -5.56905e-09
time: 1	PE: 7	op: -0.052129 / 1000.05 = -5.21263e-05
time: 1	PE: 8	op: -0.698753 / 1000.35 = -0.000698509
time: 1	PE: 9	op: -1000 / 1000.05 = -0.999948
time: 1	PE: 10	op: -4.06174 / -0.0104327 = 389.327
time: 1	PE: 11	op: 0.349276 / 1000.35 = 0.000349154
time: 1	PE: 12	op: 2.04243e-07 / 1000.05 = 2.04232e-10
time: 1	PE: 13	op: -6.84013e-07 / 1000.01 = -6.84008e-10
time: 1	PE: 14	op: -1000 / 1000.05 = -0.999948
time: 1	PE: 15	op: -3.86179e-12 / 0.379795 = -1.01681e-11
Ax[40641] = 9.44475e-43
time: 2	PE: 0	op: -4.96247e-07 / 1000 = -4.96245e-10
time: 2	PE: 1	op: -0.00365238 / 1000 = -3.65237e-06
time: 2	PE: 2	op: -1.40235e-16 / 1000 = -1.40235e-19
time: 2	PE: 3	op: 0.00149664 / 1000 = 1.49664e-06
time: 2	PE: 4	op: -1.03213e-12 / 1000 = -1.03213e-15
time: 2	PE: 5	op: -0.052129 / 1000.05 = -5.21263e-05
time: 2	PE: 6	op: -1000 / 1000 = -0.999996
time: 2	PE: 7	op: -1000 / 1000 = -1
time: 2	PE: 8	op: -1000 / 1000.01 = -0.999994
time: 2	PE: 9	op: -1.40235e-16 / 1000 = -1.40235e-19
time: 2	PE: 10	op: -1000 / 1000 = -1
time: 2	PE: 11	op: -1.03213e-12 / 1000 = -1.03213e-15
time: 2	PE: 12	op: -1000 / 1000.01 = -0.999994
time: 2	PE: 13	op: -1000 / 1000 = -1
time: 2	PE: 14	op: -1000 / 1000.05 = -0.999948
time: 2	PE: 15	op: -1000 / 1000.07 = -0.999933
Ax[40641] = 9.44475e-43
time: 3	PE: 0	op: -1000 / 1000.35 = -0.999651
time: 3	PE: 1	op: -0.00640227 / 1000.01 = -6.40223e-06
time: 3	PE: 2	op: -0.43664 / 0.459995 = -0.949228
time: 3	PE: 3	op: -0.0232999 / 0.0380804 = -0.61186
time: 3	PE: 4	op: -9.02095e-05 / 21.8267 = -4.13298e-06
time: 3	PE: 5	op: -1000 / 1000.35 = -0.999651
time: 3	PE: 6	op: -0.00640236 / 1000.01 = -6.40232e-06
time: 3	PE: 7	op: -0.00872319 / 21.8267 = -0.000399656
time: 3	PE: 8	op: -0.0341383 / 0.0380804 = -0.896479
time: 3	PE: 9	op: -1000 / 1000.01 = -0.999994
time: 3	PE: 10	op: -21.8179 / 21.8267 = -0.999596
time: 3	PE: 11	op: -1000 / 2000 = -0.5
time: 3	PE: 12	op: -1000 / 2000 = -0.5
time: 3	PE: 13	op: -1000 / 2000 = -0.5
time: 3	PE: 14	op: -0.379795 / 0.379795 = -1
time: 3	PE: 15	op: -2e-31 / 100000 = -2e-36
Ax[40641] = 9.44475e-43
time: 4	PE: 0	op: -5.56934e-06 / 1000.05 = -5.56905e-09
time: 4	PE: 1	op: -4.96256e-07 / 1000 = -4.96254e-10
time: 4	PE: 2	op: -0.00365244 / 1000 = -3.65243e-06
time: 4	PE: 3	op: -0.0524564 / 1000.05 = -5.24536e-05
time: 4	PE: 4	op: -1000 / 1000.05 = -0.999948
time: 4	PE: 5	op: -1000 / 1000 = -0.999996
time: 4	PE: 6	op: -1000 / 1000.05 = -0.999948
time: 4	PE: 7	op: -1000 / 2000 = -0.5
time: 4	PE: 8	op: -0.379795 / 0.391556 = -0.969963
time: 4	PE: 9	op: -0.00167203 / 1000 = -1.67203e-06
time: 4	PE: 10	op: -2.27179e-07 / 1000 = -2.27178e-10
time: 4	PE: 11	op: -1000 / 2000 = -0.5
time: 4	PE: 12	op: -1e-12 / 100 = -1e-14
time: 4	PE: 13	op: -0.01 / 0.01 = -1
time: 4	PE: 14	op: -0.0117613 / 0.391556 = -0.0300374
time: 4	PE: 15	op: -8.89838 / 100009 = -8.89759e-05
Ax[40641] = 9.44475e-43
time: 5	PE: 0	op: -1000 / 1000.05 = -0.999948
time: 5	PE: 1	op: -1000 / 1000.01 = -0.999994
time: 5	PE: 2	op: -1000 / 2000 = -0.5
time: 5	PE: 3	op: -0.00167205 / 1000 = -1.67205e-06
time: 5	PE: 4	op: -2.27181e-07 / 1000 = -2.27181e-10
time: 5	PE: 5	op: -1.04479e-12 / 1000 = -1.04479e-15
time: 5	PE: 6	op: -3.85959e-12 / 0.379795 = -1.01623e-11
time: 5	PE: 7	op: -1000 / 2000 = -0.5
time: 5	PE: 8	op: -1000 / 2000 = -0.5
time: 5	PE: 9	op: -1 / 1 = -1
time: 5	PE: 10	op: -1.00082e-12 / 0.01 = -1.00082e-10
time: 5	PE: 11	op: -0.000981934 / 21.9246 = -4.47869e-05
time: 5	PE: 12	op: -1.00082e-12 / 0.01 = -1.00082e-10
time: 5	PE: 13	op: 1 / -1 = -1
time: 5	PE: 14	op: -100000 / 100009 = -0.999911
Ax[40641] = 9.44475e-43
time: 6	PE: 0	op: 0.0193577 / 0.0380804 = 0.508338
time: 6	PE: 1	op: -1.41955e-16 / 1000 = -1.41955e-19
time: 6	PE: 2	op: -1000 / 2000 = -0.5
time: 6	PE: 3	op: -1.41955e-16 / 1000 = -1.41955e-19
time: 6	PE: 4	op: -1.04479e-12 / 1000 = -1.04479e-15
time: 6	PE: 5	op: -0.379795 / 0.391526 = -0.970036
time: 6	PE: 6	op: -0.0666667 / 1000.07 = -6.66622e-05
time: 6	PE: 7	op: -0.105657 / 21.9246 = -0.00481913
time: 6	PE: 8	op: -1.33378e-07 / 1000 = -1.33378e-10
time: 6	PE: 9	op: -1 / 1 = -1
time: 6	PE: 10	op: -0.0117315 / 0.391526 = -0.0299636
time: 6	PE: 11	op: -0.0666667 / 1000.07 = -6.66622e-05
time: 6	PE: 12	op: -1.18e-30 / 100000 = -1.18e-35
time: 6	PE: 13	op: -1 / 1 = -1
time: 6	PE: 14	op: 1 / -1 = -1
Ax[40641] = 9.44475e-43
time: 7	PE: 0	op: -1000 / 2000 = -0.5
time: 7	PE: 1	op: -0.000981936 / 21.9246 = -4.4787e-05
time: 7	PE: 2	op: -0.105657 / 21.9246 = -0.00481913
time: 7	PE: 3	op: -1000 / 1000.07 = -0.999933
time: 7	PE: 4	op: -1000 / 2000 = -0.5
time: 7	PE: 5	op: -1.3538e-07 / 17.8891 = -7.56776e-09
time: 7	PE: 6	op: -100 / 100 = -1
time: 7	PE: 7	op: -1e-12 / 100 = -1e-14
time: 7	PE: 8	op: -17.8891 / 17.8891 = -1
time: 7	PE: 9	op: -8.89838 / 100009 = -8.89759e-05
time: 7	PE: 10	op: 1 / 18.1818 = 0.055
time: 7	PE: 11	op: -100000 / 100000 = -1
time: 7	PE: 12	op: -100000 / 100009 = -0.999911
time: 7	PE: 13	op: -2e-31 / 100000 = -2e-36
time: 7	PE: 14	op: -0.0005 / 0.126415 = -0.00395524
time: 7	PE: 15	op: -1 / 1 = -1
Ax[40641] = 9.44475e-43
time: 8	PE: 1	op: 0 - -1000 * -5.24373e-05 = -0.0524373
time: 8	PE: 2	op: 0 - -0.00133333 * -1 = -0.00133333
time: 8	PE: 3	op: 1000 - -2.03347e-07 * -1.49684e-06 = 1000
time: 8	PE: 4	op: -1.03213e-12 - -1.03213e-12 * -5.56891e-09 = -1.03213e-12
time: 8	PE: 5	op: 1000.1 - -0.0524287 * 2.04267e-10 = 1000.1
time: 8	PE: 6	op: -1.18e-30 / 100000 = -1.18e-35
time: 8	PE: 7	op: -0.0142857 / -1 = 0.0142857
time: 8	PE: 8	op: -0.0005 / 0.126415 = -0.00395524
time: 8	PE: 9	op: -1.18e-30 / 100000 = -1.18e-35
Ax[40641] = 9.44475e-43
time: 9	PE: 0	op: 1000 - -2.55246e-08 * 0.000349123 = 1000
time: 9	PE: 1	op: 4000 - -1000 * -0.999948 = 3000.05
time: 9	PE: 2	op: 0 - -1.12027e-05 * -0.999948 = -1.12021e-05
time: 9	PE: 3	op: 0 - 0.00161933 * 389.327 = -0.630448
time: 9	PE: 4	op: -1.03213e-12 - -1.03213e-12 * -6.83999e-10 = -1.03213e-12
time: 9	PE: 5	op: 1000 - -1.0005e-12 * -5.2125e-05 = 1000
time: 9	PE: 6	op: 1000 - -2.03348e-07 * -1.49685e-06 = 1000
time: 9	PE: 7	op: 1000 - -0.00640296 * -6.83999e-10 = 1000
time: 9	PE: 8	op: -1 / 1 = -1
time: 9	PE: 9	op: -1.18986e-12 / 1 = -1.18986e-12
time: 9	PE: 10	op: 1 / 18.1818 = 0.055
time: 9	PE: 11	op: -18.1818 / 18.1818 = -1
Ax[40641] = 9.44475e-43
time: 10	PE: 0	op: 7000.07 - -1000 * -0.999994 = 6000.08
time: 10	PE: 1	op: 0 - -21.8179 * 389.327 = 8494.3
time: 10	PE: 2	op: 1000.08 - -1000 * -1 = 0.0830078
time: 10	PE: 3	op: 1000.1 - -1.12027e-05 * -5.24373e-05 = 1000.1
time: 10	PE: 5	op: 0 - -1000 * 0.000349123 = 0.349123
time: 10	PE: 6	op: -0.349483 - -0.349483 * 0.000349123 = -0.349361
time: 10	PE: 7	op: 0 - -21.8179 * -390.819 = -8526.85
time: 10	PE: 8	op: -9.02095e-05 - 21.8267 * 0.492083 = -10.7407
time: 10	PE: 9	op: 0 - -1000 * -1.40235e-19 = -1.40235e-16
time: 10	PE: 10	op: -0.115915 / 0.126415 = -0.91694
Ax[40641] = 9.44475e-43
time: 11	PE: 0	op: 18.1961 - -2e-31 * -2e-36 = 18.1961
time: 11	PE: 1	op: 4000 - -1000 * -0.999948 = 3000.05
time: 11	PE: 2	op: 0.824106 - -0.43664 * -0.949228 = 0.409635
time: 11	PE: 3	op: 3000 - -1000 * -1 = 2000
time: 11	PE: 4	op: 1000 - -2.13825e-08 * 0.000349154 = 1000
time: 11	PE: 5	op: 0 - -1.00149e-12 * -1 = -1.00149e-12
time: 11	PE: 6	op: -0.00684331 - 0.00161933 * -390.819 = 0.626021
time: 11	PE: 7	op: 0 - -1000 * 1.49664e-06 = 0.00149664
time: 11	PE: 8	op: 0.0443937 - 0.00161933 * 0.492083 = 0.0435969
time: 11	PE: 9	op: 0 - -0.43664 * -0.00856996 = -0.00374199
time: 11	PE: 10	op: -0.01 / 0.01 = -1
time: 11	PE: 11	op: -100000 / 100000 = -1
Ax[40641] = 9.44475e-43
time: 12	PE: 0	op: 1000.08 - -1000 * -1 = 0.0830078
time: 12	PE: 1	op: 1000.1 - -1.12062e-05 * -5.24536e-05 = 1000.1
time: 12	PE: 2	op: 0 - -1.12062e-05 * -0.999948 = -1.12056e-05
time: 12	PE: 3	op: 0 - -1000 * -5.24536e-05 = -0.0524536
time: 12	PE: 4	op: 4000 - -1000 * -0.999996 = 3000
time: 12	PE: 5	op: 1100.39 - -3.86179e-12 * -1.01681e-11 = 1100.39
time: 12	PE: 6	op: 0.052129 - -0.0521346 * -5.21263e-05 = 0.0521263
time: 12	PE: 7	op: 1000 - -1.0021e-12 * -3.65243e-06 = 1000
time: 12	PE: 8	op: 0 - -1000 * -3.65243e-06 = -0.00365243
time: 12	PE: 9	op: -100000 / 100000 = -1
time: 12	PE: 10	op: -100000 / 100000 = -1
Ax[40641] = 9.44475e-43
time: 13	PE: 0	op: 3000 - -1000 * -1 = 2000
time: 13	PE: 1	op: 0 - -2.55246e-08 * -0.999651 = -2.55157e-08
time: 13	PE: 2	op: 1000.39 - -0.0117613 * -0.0300374 = 1000.39
time: 13	PE: 3	op: 105.062 - -1.00082e-12 * -1.00082e-10 = 105.062
time: 13	PE: 4	op: 0 - -1.00082e-12 * -1 = -1.00082e-12
time: 13	PE: 5	op: 0 - -1.00029e-12 * -1 = -1.00029e-12
time: 13	PE: 6	op: 0 - -0.0104327 * -0.999596 = -0.0104285
time: 13	PE: 7	op: -0.00872319 - 21.8267 * -390.819 = 8530.29
time: 13	PE: 8	op: -2.2e-28 - -0.379795 * -1.01681e-11 = -3.86179e-12
time: 13	PE: 9	op: -1.00029e-12 - -1.00029e-12 * -1.49684e-06 = -1.00029e-12
Ax[40641] = 9.44475e-43
time: 14	PE: 0	op: 0 - -2.13825e-08 * -0.999651 = -2.13751e-08
time: 14	PE: 1	op: 0 - -100000 * -1 = -100000
time: 14	PE: 2	op: -7.69231e-05 - -100000 * -1.18e-35 = -7.69231e-05
time: 14	PE: 3	op: 1000.39 - -0.379795 * -1 = 1000.01
time: 14	PE: 4	op: 105.062 - -1.00082e-12 * -1.00082e-10 = 105.062
time: 14	PE: 5	op: 0.0521277 - -0.0521333 * -5.2125e-05 = 0.052125
time: 14	PE: 6	op: 5.16095 - -5.48788e-05 * -0.0422018 = 5.16094
time: 14	PE: 7	op: 0 - -8.89838 * -0.999911 = -8.89759
time: 14	PE: 8	op: -1000 / 1000.1 = -0.999895
time: 14	PE: 9	op: -0.257971 / 0.757971 = -0.340344
Ax[40641] = 9.44475e-43
time: 15	PE: 0	op: 18.1961 - -2e-31 * -2e-36 = 18.1961
time: 15	PE: 1	op: 0 - 1 * 0.055 = -0.055
time: 15	PE: 2	op: 0 - -18.1818 * 0.055 = 1
time: 15	PE: 3	op: 1100.39 - -0.379795 * -0.969963 = 1100.02
time: 15	PE: 4	op: 5.16472 - -1.3538e-07 * -7.56776e-09 = 5.16472
time: 15	PE: 5	op: 0 - -5.48788e-05 * -0.949228 = -5.20925e-05
time: 15	PE: 6	op: 0 - -0.00640296 * -0.999994 = -0.00640292
time: 15	PE: 7	op: 1000 - -1.00029e-12 * 1.49663e-06 = 1000
time: 15	PE: 9	op: 0.00167205 - -0.00167228 * -1.67205e-06 = 0.00167205
time: 15	PE: 10	op: -1000 / 1000.07 = -0.999933
Ax[40641] = 9.44475e-43
time: 16	PE: 0	op: 3000.05 - -1000 * -0.999651 = 2000.4
time: 16	PE: 1	op: 1000.1 - -1000 * -0.5 = 500.105
time: 16	PE: 2	op: -2.2e-28 - -0.379795 * -0.0300374 = -0.011408
time: 16	PE: 3	op: 0 - -8.47321e-14 * -0.896479 = -7.59605e-14
time: 16	PE: 4	op: 1000 - -1.0021e-12 * -3.65237e-06 = 1000
time: 16	PE: 5	op: 1000 - -1.00005e-12 * -6.40223e-06 = 1000
time: 16	PE: 6	op: 1000 - -1.00149e-12 * -1.03213e-15 = 1000
time: 16	PE: 7	op: 0 - -0.00394214 * -0.896479 = -0.00353404
time: 16	PE: 8	op: -2.2e-28 - -0.0117613 * -0.969963 = -0.011408
time: 16	PE: 9	op: 1 / -1 = -1
time: 16	PE: 10	op: -100000 / 100000 = -1
Ax[40641] = 9.44475e-43
time: 17	PE: 0	op: 6000.08 - -1000 * -0.999994 = 5000.08
time: 17	PE: 1	op: 18.1961 - -18.1818 * -1 = 0.014286
time: 17	PE: 2	op: 3000.05 - -1000 * -0.999651 = 2000.4
time: 17	PE: 3	op: 1000 - -1000 * -0.5 = 500
time: 17	PE: 4	op: 1000 - -1000 * -0.5 = 500
time: 17	PE: 5	op: 0 - -1000 * 1.49663e-06 = 0.00149663
time: 17	PE: 6	op: 0 - 21.8267 * 389.327 = -8497.73
time: 17	PE: 7	op: 0 - -0.349476 * -0.999651 = -0.349354
time: 17	PE: 8	op: 1000.7 - -0.349476 * -0.000698509 = 1000.7
time: 17	PE: 9	op: -1000 / 1000 = -0.999999
Ax[40641] = 9.44475e-43
time: 18	PE: 0	op: 0 - 1 * 0.055 = -0.055
time: 18	PE: 2	op: 39.8445 - -17.8891 * -1 = 21.9554
time: 18	PE: 3	op: 0.409635 - -0.01 * -1 = 0.399635
time: 18	PE: 4	op: 0 - -1000 * 0.000349154 = 0.349154
time: 18	PE: 5	op: 1100.39 - -0.379795 * -0.970036 = 1100.02
time: 18	PE: 6	op: 0 - -0.01 * -1.00082e-10 = -1.00082e-12
time: 18	PE: 7	op: 0 - -0.00640304 * -0.999994 = -0.006403
time: 18	PE: 8	op: 1000 - -0.00640304 * -6.84008e-10 = 1000
time: 18	PE: 9	op: 0 - -1000 * -6.83999e-10 = -6.83999e-07
time: 18	PE: 10	op: 1 / -24.8995 = -0.0401614
time: 18	PE: 11	op: -1e+06 / -1000 = 1000
Ax[40641] = 9.44475e-43
time: 19	PE: 0	op: 0.824106 - -0.01 * -1 = 0.814106
time: 19	PE: 1	op: 0 - -18.1818 * 0.055 = 1
time: 19	PE: 2	op: 1000.1 - -1000 * -0.5 = 500.105
time: 19	PE: 3	op: 200000 - -100000 * -1 = 100000
time: 19	PE: 4	op: -2.46305e-06 - -100000 * -1.18e-35 = -2.46305e-06
time: 19	PE: 5	op: 4.09838 - -0.0341383 * -0.896479 = 4.06777
time: 19	PE: 6	op: 0 - -1000 * -1.49684e-06 = -0.00149684
time: 19	PE: 7	op: -1.03213e-12 - -1.03213e-12 * -6.84008e-10 = -1.03213e-12
time: 19	PE: 8	op: 8530.29 / -10.7407 = -794.205
time: 19	PE: 9	op: 0 - -1000 * -0.5 = -500
time: 19	PE: 10	op: -1000 / 1000 = -0.999999
time: 19	PE: 11	op: -2.40228e-12 / 0.01 = -2.40228e-10
Ax[40641] = 9.44475e-43
time: 20	PE: 0	op: 0 - 1 * -1 = 1
time: 20	PE: 1	op: 0 - -17.8891 * -7.56776e-09 = -1.3538e-07
time: 20	PE: 2	op: -7.69231e-05 - -100000 * -1.18e-35 = -7.69231e-05
time: 20	PE: 3	op: 1000.01 - -0.0117315 * -0.0299636 = 1000.01
time: 20	PE: 4	op: -0.00149663 - -2.03347e-07 * 1.49663e-06 = -0.00149663
time: 20	PE: 5	op: 0 - -0.0524287 * -0.999948 = -0.0524259
time: 20	PE: 6	op: 100000 - -100000 * -1 = 0
time: 20	PE: 7	op: -0.00513377 - -0.0104327 * -4.13298e-06 = -0.00513381
time: 20	PE: 9	op: 0 - -100 * -1e-14 = -1e-12
Ax[40641] = 9.44475e-43
time: 21	PE: 0	op: 18.1961 - 1 * 0.0142857 = 18.1818
time: 21	PE: 1	op: 0 - -0.055 * 0.0142857 = 0.000785714
time: 21	PE: 2	op: 4000 - -1000 * -0.999996 = 3000
time: 21	PE: 3	op: 1100.02 - -3.85959e-12 * -1.01623e-11 = 1100.02
time: 21	PE: 4	op: 0 - -1.00029e-12 * -1 = -1.00029e-12
time: 21	PE: 5	op: 0 - -1.0005e-12 * -0.999948 = -1.00044e-12
time: 21	PE: 6	op: 0 - -1.00005e-12 * -0.999994 = -1.00004e-12
time: 21	PE: 7	op: -9.70857e-13 - -3.07766e-14 * -1.03213e-15 = -9.70857e-13
time: 21	PE: 8	op: -2.46305e-06 - -1.18e-30 * -1 = -2.46305e-06
time: 21	PE: 9	op: -1.0005e-12 - -1.0005e-12 * -5.56905e-09 = -1.0005e-12
time: 21	PE: 10	op: -17.8891 / 17.8891 = -1
Ax[40641] = 9.44475e-43
time: 22	PE: 0	op: 2000 - -1000 * -0.999895 = 1000.1
time: 22	PE: 1	op: 105.062 - -100 * -1 = 5.06224
time: 22	PE: 2	op: 0 - -1.00082e-12 * -1 = -1.00082e-12
time: 22	PE: 3	op: -2.2e-28 - -3.86179e-12 * -1 = -3.86179e-12
time: 22	PE: 4	op: 0 - -1000 * -0.5 = -500
time: 22	PE: 5	op: 1000 - -1.00029e-12 * 1.49664e-06 = 1000
time: 22	PE: 6	op: 0 - -0.052445 * -0.999948 = -0.0524422
time: 22	PE: 7	op: -1.00029e-12 - -1.00029e-12 * -1.49685e-06 = -1.00029e-12
time: 22	PE: 8	op: 0 - -0.882613 * -1 = -0.882613
time: 22	PE: 9	op: 0 - 0.882613 * -1 = 0.882613
Ax[40641] = 9.44475e-43
time: 23	PE: 0	op: 105.062 - -1 * -1 = 104.062
time: 23	PE: 1	op: 0 - -2.03347e-07 * -1 = -2.03347e-07
time: 23	PE: 2	op: 0.00365238 - -0.00365288 * -3.65237e-06 = 0.00365237
time: 23	PE: 3	op: -0.0524287 - -0.0524287 * -5.24373e-05 = -0.0524314
time: 23	PE: 4	op: 0 - -1000 * -3.65237e-06 = -0.00365237
time: 23	PE: 5	op: 0.00365244 - -0.00365294 * -3.65243e-06 = 0.00365243
time: 23	PE: 6	op: 1000 - -1.00149e-12 * -1.03213e-15 = 1000
time: 23	PE: 7	op: 1000 - -1.00005e-12 * -6.40232e-06 = 1000
time: 23	PE: 8	op: 1000 - -1000 * -0.5 = 500
time: 23	PE: 9	op: 0 - -1000 * 2.04267e-10 = 2.04267e-07
Ax[40641] = 9.44475e-43
time: 24	PE: 0	op: 5000.08 - -1000 * -0.999948 = 4000.14
time: 24	PE: 1	op: 0.399635 - -1.18986e-12 * -1.18986e-12 = 0.399635
time: 24	PE: 2	op: 0 - -1.0021e-12 * -0.999996 = -1.0021e-12
time: 24	PE: 3	op: 0 - -1.0005e-12 * -0.999948 = -1.00044e-12
time: 24	PE: 4	op: 0 - -1.00005e-12 * -0.999994 = -1.00004e-12
time: 24	PE: 5	op: 0 - -1000 * -6.66622e-05 = -0.0666622
time: 24	PE: 6	op: 0.0443937 - 0.00161933 * -4.13298e-06 = 0.0443937
time: 24	PE: 7	op: 1000 - -1.00006e-12 * -1.04479e-15 = 1000
time: 24	PE: 8	op: 0 - -1000 * -5.56891e-09 = -5.56891e-06
time: 24	PE: 9	op: 1.2987 / 1 = 1.2987
Ax[40641] = 9.44475e-43
time: 25	PE: 0	op: -2.46305e-06 / 1 = -2.46305e-06
time: 25	PE: 1	op: 0 - -2.03348e-07 * -1 = -2.03348e-07
time: 25	PE: 2	op: 0 - -1.00149e-12 * -1 = -1.00149e-12
time: 25	PE: 3	op: 0.00640227 - -0.00640296 * -6.40223e-06 = 0.00640223
time: 25	PE: 4	op: -0.00149664 - -2.03348e-07 * 1.49664e-06 = -0.00149664
time: 25	PE: 5	op: -1.03213e-12 - -1.03213e-12 * -5.56905e-09 = -1.03213e-12
time: 25	PE: 6	op: 0 - -1.03213e-12 * -0.999994 = -1.03212e-12
time: 25	PE: 7	op: 0 - -1000 * -1.03213e-15 = -1.03213e-12
time: 25	PE: 8	op: -1.00149e-12 - -1.00149e-12 * -1.40235e-19 = -1.00149e-12
time: 25	PE: 9	op: 0 - -0.0666667 * -0.999933 = -0.0666622
time: 25	PE: 10	op: -3635.14 / 1 = -3635.14
Ax[40641] = 9.44475e-43
time: 26	PE: 0	op: -1.00082e-12 - -1 * -1.18986e-12 = -2.19068e-12
time: 26	PE: 1	op: 0 - -1000 * -0.5 = -500
time: 26	PE: 2	op: 0 - -1000 * -1.49685e-06 = -0.00149685
time: 26	PE: 3	op: 0 - -0.43664 * -0.0422018 = -0.018427
time: 26	PE: 4	op: -0.052445 - -0.052445 * -5.24536e-05 = -0.0524477
time: 26	PE: 5	op: 0.00640236 - -0.00640304 * -6.40232e-06 = 0.00640232
time: 26	PE: 6	op: 0 - -1000 * -6.40232e-06 = -0.00640232
time: 26	PE: 7	op: -1.18e-30 / 100000 = -1.18e-35
time: 26	PE: 8	op: -1000 / 1000.07 = -0.999933
time: 26	PE: 9	op: -1e+06 / -1000 = 1000
time: 26	PE: 10	op: 1 / -1 = -1
time: 26	PE: 11	op: -3635.14 / 1 = -3635.14
Ax[40641] = 9.44475e-43
time: 27	PE: 0	op: 1100.02 - -2.40228e-12 * -2.40228e-10 = 1100.02
time: 27	PE: 1	op: 0 - -1.0021e-12 * -0.999996 = -1.0021e-12
time: 27	PE: 2	op: 0.0193577 - -0.0232999 * -0.0422018 = 0.0183744
time: 27	PE: 3	op: -0.349476 - -0.349476 * 0.000349154 = -0.349354
time: 27	PE: 4	op: 0 - -0.0232999 * -0.949228 = -0.0221169
time: 27	PE: 5	op: -0.00684331 - 0.00161933 * -0.000399656 = -0.00684266
time: 27	PE: 6	op: 0 - 0.00161933 * -0.999596 = 0.00161868
time: 27	PE: 7	op: 200001 - -100000 * -1 = 100001
time: 27	PE: 8	op: -8.47321e-14 - -5.48788e-05 * -0.00856996 = -4.70309e-07
time: 27	PE: 9	op: -8497.73 / -10.7407 = 791.174
time: 27	PE: 10	op: 0 - -0.0341383 * -0.61186 = -0.0208878
Ax[40641] = 9.44475e-43
time: 28	PE: 0	op: 5.06224 - -1 * -1 = 4.06224
time: 28	PE: 1	op: 0 - -1000 * -0.5 = -500
time: 28	PE: 2	op: 1000 - -1.0005e-12 * -5.21263e-05 = 1000
time: 28	PE: 3	op: 0 - -1000 * -5.2125e-05 = -0.052125
time: 28	PE: 4	op: 4.0773 - -0.0104327 * -0.000399656 = 4.0773
time: 28	PE: 5	op: 0 - -1.3538e-07 * -1 = -1.3538e-07
time: 28	PE: 6	op: 0 - -100000 * -2e-36 = -2e-31
time: 28	PE: 7	op: 1000 - -0.0521333 * -5.56891e-09 = 1000
time: 28	PE: 8	op: -100000 / 100000 = -1
time: 28	PE: 9	op: -0.00133333 / -1 = 0.00133333
Ax[40641] = 9.44475e-43
time: 29	PE: 0	op: 0 - 2.04267e-07 * -0.999895 = 2.04246e-07
time: 29	PE: 1	op: 0 - -0.01 * -1.00082e-10 = -1.00082e-12
time: 29	PE: 2	op: 1000 - -0.00640296 * -6.83999e-10 = 1000
time: 29	PE: 3	op: 0 - -1000 * -6.83999e-10 = -6.83999e-07
time: 29	PE: 4	op: 0 - -1000 * -1.03213e-15 = -1.03213e-12
time: 29	PE: 5	op: 0 - -100000 * -2e-36 = -2e-31
time: 29	PE: 6	op: -1.0005e-12 - -1.0005e-12 * -5.56891e-09 = -1.0005e-12
time: 29	PE: 7	op: -0.0524314 / 1000.1 = -5.24259e-05
time: 29	PE: 8	op: -0.0524259 / 1000.1 = -5.24204e-05
time: 29	PE: 9	op: -1000 / 1000.7 = -0.999302
time: 29	PE: 10	op: -2e-31 / 1 = -2e-31
Ax[40641] = 9.44475e-43
time: 30	PE: 0	op: 4000.14 - -1000 * -0.999948 = 3000.19
time: 30	PE: 1	op: 0 - -1000 * -0.5 = -500
time: 30	PE: 2	op: -9.70857e-13 - -3.07765e-14 * -1.03213e-15 = -9.70857e-13
time: 30	PE: 3	op: 0 - -1.03213e-12 * -0.999948 = -1.03208e-12
time: 30	PE: 4	op: 1000 - -1.03213e-12 * -6.40223e-06 = 1000
time: 30	PE: 5	op: 1000 - -1.03213e-12 * -5.2125e-05 = 1000
time: 30	PE: 6	op: 1000.7 - -0.349483 * -0.000698484 = 1000.7
time: 30	PE: 7	op: -0.00023891 - -2.55246e-08 * -0.000698484 = -0.00023891
time: 30	PE: 8	op: 1000.1 - -0.052445 * 2.04232e-10 = 1000.1
time: 30	PE: 9	op: -0.379795 / 0.379795 = -1
Ax[40641] = 9.44475e-43
time: 31	PE: 0	op: 0 - -0.349483 * -0.999651 = -0.349361
time: 31	PE: 1	op: 0 - -0.00365288 * -0.999996 = -0.00365286
time: 31	PE: 2	op: 0 - -3.07765e-14 * -1 = -3.07765e-14
time: 31	PE: 3	op: 0 - -1000 * -6.40223e-06 = -0.00640223
time: 31	PE: 4	op: 0 - -0.0521346 * -0.999948 = -0.0521319
time: 31	PE: 5	op: -3.75086e-05 / 500 = -7.50171e-08
time: 31	PE: 6	op: 1000 - -0.0521346 * -5.56905e-09 = 1000
time: 31	PE: 7	op: -0.0391698 / 0.0443937 = -0.882326
time: 31	PE: 8	op: 0 - -2e-31 * -1 = -2e-31
time: 31	PE: 9	op: -1.33378e-07 / 1000 = -1.33378e-10
Ax[40641] = 9.44475e-43
time: 32	PE: 0	op: 0 - -1000 * -0.5 = -500
time: 32	PE: 1	op: 5.16095 - -8.47321e-14 * 0.508338 = 5.16095
time: 32	PE: 2	op: 0 - -0.0341383 * 0.508338 = 0.0173538
time: 32	PE: 3	op: -3.86179e-12 - -0.379795 * -0.0299636 = -0.01138
time: 32	PE: 4	op: 0 - -3.07766e-14 * -1 = -3.07766e-14
time: 32	PE: 5	op: -5.09627e-09 / 500 = -1.01925e-11
time: 32	PE: 6	op: 1000 - -1000 * -0.5 = 500.002
time: 32	PE: 7	op: 1000.06 - -1000 * -0.5 = 500.061
time: 32	PE: 8	op: 0 - -1000 * -0.000698484 = -0.698484
time: 32	PE: 9	op: 1000 - -3.07766e-14 * -1.40235e-19 = 1000
Ax[40641] = 9.44475e-43
time: 33	PE: 0	op: 3634.14 - -1 * -3635.14 = -1
time: 33	PE: 1	op: -0.0194126 - -0.00394214 * 0.508338 = -0.0174087
time: 33	PE: 2	op: 0 - -1.03213e-12 * -0.999948 = -1.03208e-12
time: 33	PE: 3	op: 8.89838 - -8.89838 * -8.89759e-05 = 8.89759
time: 33	PE: 4	op: 0 - -8.89838 * -0.999911 = -8.89759
time: 33	PE: 5	op: -0.349354 / 1000.7 = -0.00034911
time: 33	PE: 6	op: -1.0021e-12 - -1.0021e-12 * -4.96254e-10 = -1.0021e-12
time: 33	PE: 7	op: 0 - -1000 * -6.40223e-06 = -0.00640223
time: 33	PE: 8	op: -0.00684266 / 0.0443937 = -0.154136
time: 33	PE: 9	op: -1.18e-30 / 100000 = -1.18e-35
time: 33	PE: 10	op: -100000 / 100000 = -1
Ax[40641] = 9.44475e-43
time: 34	PE: 0	op: 200000 - -1.18e-30 * -1.18e-35 = 200000
time: 34	PE: 1	op: 3634.14 - -1 * -3635.14 = -1
time: 34	PE: 2	op: 0 - -0.00365294 * -0.999996 = -0.00365293
time: 34	PE: 3	op: 1000.06 - -1000 * -0.5 = 500.061
time: 34	PE: 4	op: 0.052125 / 1000 = 5.2125e-05
time: 34	PE: 5	op: -1000 / 1000 = -1
time: 34	PE: 6	op: 1000 - -0.00365294 * -4.96254e-10 = 1000
time: 34	PE: 7	op: -1.00149e-12 - -1.00149e-12 * -1.40235e-19 = -1.00149e-12
time: 34	PE: 8	op: 0 - -0.0666667 * -0.999933 = -0.0666622
time: 34	PE: 9	op: 0 - -21.8179 * -4.13298e-06 = -9.01731e-05
time: 34	PE: 10	op: -2.4023e-12 / 0.01 = -2.4023e-10
Ax[40641] = 9.44475e-43
time: 35	PE: 0	op: 0 - -0.0391698 * 791.174 = 30.9901
time: 35	PE: 1	op: -0.630448 - 0.0435969 * 791.174 = -35.1232
time: 35	PE: 2	op: -1.00082e-12 - -1.18986e-12 * -1 = -2.19068e-12
time: 35	PE: 3	op: 0 - -1.03213e-12 * -0.999994 = -1.03212e-12
time: 35	PE: 4	op: 0 - -1000 * -5.21263e-05 = -0.0521263
time: 35	PE: 5	op: 1000 - -1.03213e-12 * -6.40232e-06 = 1000
time: 35	PE: 6	op: -0.10489 - -1.12062e-05 * 2.04232e-10 = -0.10489
time: 35	PE: 7	op: -21.8179 / -10.7407 = 2.03134
time: 35	PE: 8	op: 1000 - -0.00640304 * -6.84008e-10 = 1000
time: 35	PE: 9	op: 0 - -1000 * -5.56905e-09 = -5.56905e-06
time: 35	PE: 10	op: -1000 / 1000 = -1
Ax[40641] = 9.44475e-43
time: 36	PE: 0	op: 3000.19 - -0.0666667 * -6.66622e-05 = 3000.19
time: 36	PE: 1	op: 0 - 1 * 0.00133333 = -0.00133333
time: 36	PE: 2	op: 0 - -0.0521333 * -0.999948 = -0.0521306
time: 36	PE: 3	op: 0 - -1000 * -6.84008e-10 = -6.84008e-07
time: 36	PE: 4	op: 0.00640227 - -0.00640296 * -6.40223e-06 = 0.00640223
time: 36	PE: 5	op: -1.03213e-12 / 1000 = -1.03213e-15
time: 36	PE: 6	op: -1000 / 1000 = -1
time: 36	PE: 7	op: -1000 / 1000.7 = -0.999302
time: 36	PE: 8	op: -1000 / 2000 = -0.5
time: 36	PE: 9	op: -100 / 100 = -1
time: 36	PE: 10	op: -6.57462 / -1000 = 0.00657462
time: 36	PE: 11	op: 1 / -1 = -1
Ax[40641] = 9.44475e-43
time: 37	PE: 0	op: 2000.4 - 2.04267e-07 * -5.24204e-05 = 2000.4
time: 37	PE: 1	op: -0.0524373 - 2.04267e-07 * -5.24259e-05 = -0.0524373
time: 37	PE: 2	op: 0 - -1000 * -5.24204e-05 = -0.0524204
time: 37	PE: 3	op: 4000 - -1000 * -0.999302 = 3000.7
time: 37	PE: 4	op: -1.00082e-12 - -1.18986e-12 * -1 = -2.19068e-12
time: 37	PE: 5	op: 100000 - -100000 * -1 = 0
time: 37	PE: 6	op: 1000.01 - -1000 * -0.5 = 500.013
time: 37	PE: 7	op: -1000 / 1000 = -1
time: 37	PE: 8	op: 0.0521263 / 1000 = 5.21263e-05
time: 37	PE: 9	op: 1 / 8.33333 = 0.12
time: 37	PE: 10	op: -0.5 / 2.5 = -0.2
Ax[40641] = 9.44475e-43
time: 38	PE: 0	op: 0 - -1000 * -5.24259e-05 = -0.0524259
time: 38	PE: 1	op: 0 - -1000 * -6.66622e-05 = -0.0666622
time: 38	PE: 2	op: 8.89838 - -8.89838 * -8.89759e-05 = 8.89759
time: 38	PE: 3	op: 0 - -0.115915 * -0.00395524 = -0.00045847
time: 38	PE: 4	op: -0.00170853 / 500.002 = -3.41706e-06
time: 38	PE: 5	op: -0.349361 / 1000.7 = -0.000349118
time: 38	PE: 6	op: -0.0609162 / 500.061 = -0.000121818
time: 38	PE: 7	op: -8.27666e-06 / 500.061 = -1.65513e-08
time: 38	PE: 8	op: -1000 / 1000.1 = -0.999895
time: 38	PE: 9	op: -0.0524477 / 1000.1 = -5.24422e-05
time: 38	PE: 10	op: -0.0524422 / 1000.1 = -5.24367e-05
time: 38	PE: 11	op: -9.70857e-13 / 1000 = -9.70857e-16
time: 38	PE: 12	op: -4.99012e-08 / 1000 = -4.99012e-11
Ax[40641] = 9.44475e-43
time: 39	PE: 0	op: 0.814106 - -0.0391698 * -0.882326 = 0.779545
time: 39	PE: 1	op: 1000.39 - -0.379795 * -1 = 1000.01
time: 39	PE: 2	op: -0.011408 - -3.85959e-12 * -1 = -0.011408
time: 39	PE: 3	op: 0 - -0.00513381 * -0.882326 = -0.0045297
time: 39	PE: 4	op: -1.33333e-06 - -1.18e-30 * -1 = -1.33333e-06
time: 39	PE: 5	op: 3.74304e-05 - -3.74746e-05 * -7.50171e-08 = 3.74304e-05
time: 39	PE: 6	op: -2.32138e-07 / 500.002 = -4.64274e-10
time: 39	PE: 7	op: 0.00640236 - -0.00640304 * -6.40232e-06 = 0.00640232
time: 39	PE: 8	op: 0.626021 - 0.0435969 * -794.205 = 35.2509
time: 39	PE: 9	op: 1000 - -4.48724e-14 * -1.41955e-19 = 1000
time: 39	PE: 10	op: -310.078 / 1 = -310.078
Ax[40641] = 9.44475e-43
time: 40	PE: 0	op: 200000 - -100000 * -1 = 100000
time: 40	PE: 1	op: 1000 - -3.74746e-05 * -1.01925e-11 = 1000
time: 40	PE: 2	op: 1000 - -3.90678e-08 * -7.50171e-08 = 1000
time: 40	PE: 3	op: -0.0609041 / 500.061 = -0.000121793
time: 40	PE: 4	op: -500 / 500 = -1
time: 40	PE: 5	op: 0 - -1000 * -0.5 = -500
time: 40	PE: 6	op: -8.27501e-06 / 500.061 = -1.6548e-08
time: 40	PE: 7	op: -1.00005e-12 - -1.00005e-12 * -6.83999e-10 = -1.00005e-12
time: 40	PE: 8	op: -1000 / 1000 = -1
time: 40	PE: 9	op: 0.00365243 / 1000 = 3.65243e-06
time: 40	PE: 10	op: 0.00161868 / 0.0443937 = 0.0364618
time: 40	PE: 11	op: -7.69231e-05 - -1.18e-30 * -1 = -7.69231e-05
time: 40	PE: 12	op: -1e-12 / 0.0143885 = -6.95e-11
Ax[40641] = 9.44475e-43
time: 41	PE: 0	op: 200000 - -100000 * -1 = 100000
time: 41	PE: 1	op: -0.0025 - -9.01731e-05 * -0.882326 = -0.00257956
time: 41	PE: 2	op: -2.46305e-06 - -100000 * -1.18e-35 = -2.46305e-06
time: 41	PE: 3	op: 0 - -1000 * -0.00034911 = -0.34911
time: 41	PE: 4	op: -3.90678e-08 - -3.90678e-08 * -1.01925e-11 = -3.90678e-08
time: 41	PE: 5	op: -1.03213e-12 / 1000 = -1.03213e-15
time: 41	PE: 6	op: 1000 - -1000 * -0.999933 = 0.066638
time: 41	PE: 7	op: -0.349361 / 1000.7 = -0.000349117
time: 41	PE: 8	op: -1000 / 1000 = -1
time: 41	PE: 9	op: 0 - -1000 * -5.56905e-09 = -5.56905e-06
time: 41	PE: 11	op: -4.99012e-08 / 1000 = -4.99012e-11
Ax[40641] = 9.44475e-43
time: 42	PE: 0	op: 1100.02 - -2.4023e-12 * -2.4023e-10 = 1100.02
time: 42	PE: 1	op: 0 - -21.8179 * -0.000399656 = -0.00871967
time: 42	PE: 2	op: 0.0521277 - -0.0521333 * -5.2125e-05 = 0.052125
time: 42	PE: 3	op: 1000 - -0.00365288 * -4.96245e-10 = 1000
time: 42	PE: 4	op: 0 - -0.0391698 * -794.205 = -31.1088
time: 42	PE: 5	op: 1000 - -0.0521333 * -5.56891e-09 = 1000
time: 42	PE: 6	op: 1000 - -0.0521346 * -5.56905e-09 = 1000
time: 42	PE: 7	op: -0.0142857 / -1 = 0.0142857
time: 42	PE: 8	op: -8.33333 / 8.33333 = -1
time: 42	PE: 10	op: -3.33333e-05 - -1.18e-30 * -1 = -3.33333e-05
Ax[40641] = 9.44475e-43
time: 43	PE: 0	op: 5000 - -1000 * -1 = 4000
time: 43	PE: 1	op: -0.0025 - -0.0391698 * 2.03134 = 0.0770671
time: 43	PE: 2	op: 0 - 0.0435969 * 2.03134 = -0.0885601
time: 43	PE: 3	op: -0.0130778 / 500.013 = -2.61549e-05
time: 43	PE: 4	op: -500 / 500.061 = -0.999878
time: 43	PE: 5	op: 1000 - -1.0005e-12 * 5.2125e-05 = 1000
time: 43	PE: 6	op: -1.77687e-06 / 500.013 = -3.55365e-09
time: 43	PE: 8	op: -500 / 500.013 = -0.999974
time: 43	PE: 9	op: -1.03213e-12 / 1000 = -1.03213e-15
time: 43	PE: 10	op: -1000 / 1000 = -1
time: 43	PE: 11	op: 1000 - -1000 * -0.5 = 500.002
time: 43	PE: 12	op: -0.349354 / 1000.7 = -0.00034911
Ax[40641] = 9.44475e-43
time: 44	PE: 0	op: 0 - -0.698484 * -0.999302 = -0.697996
time: 44	PE: 1	op: 0 - -0.00023891 * -0.999302 = -0.000238743
time: 44	PE: 2	op: 4000 - -1000 * -0.999302 = 3000.7
time: 44	PE: 3	op: 104.062 - -100 * -1 = 4.06224
time: 44	PE: 5	op: 0 - -0.115915 * -0.00395524 = -0.00045847
time: 44	PE: 6	op: -500 / 500.002 = -0.999997
time: 44	PE: 7	op: 0 - -1000 * 5.2125e-05 = 0.052125
time: 44	PE: 8	op: -0.0521306 / 1000 = -5.21306e-05
time: 44	PE: 9	op: -0.011408 - -0.379795 * -1.01623e-11 = -0.011408
time: 44	PE: 10	op: -1.03212e-12 / 1000 = -1.03212e-15
time: 44	PE: 11	op: 0 - -100 * -1e-14 = -1e-12
Ax[40641] = 9.44475e-43
time: 45	PE: 0	op: 0 - -1.0005e-12 * -1 = -1.0005e-12
time: 45	PE: 1	op: 0 - -1000 * -0.5 = -500
time: 45	PE: 2	op: 0 - -1000 * -0.5 = -500
time: 45	PE: 3	op: 1000 - -1.03213e-12 * -5.21263e-05 = 1000
time: 45	PE: 4	op: 0 - -0.00640223 * -1 = -0.00640223
time: 45	PE: 5	op: 0.052129 - -0.0521346 * -5.21263e-05 = 0.0521263
time: 45	PE: 6	op: -1.03208e-12 / 1000 = -1.03208e-15
time: 45	PE: 7	op: -5.48788e-05 - -8.47321e-14 * -0.61186 = -5.48788e-05
time: 45	PE: 8	op: 0 - -1000 * -1.40235e-19 = -1.40235e-16
time: 45	PE: 9	op: 1 / -24.8995 = -0.0401614
time: 45	PE: 10	op: -465.116 / 1 = -465.116
Ax[40641] = 9.44475e-43
time: 46	PE: 0	op: 500.105 - -0.10489 * -5.24422e-05 = 500.105
time: 46	PE: 1	op: -1.12056e-05 - -0.10489 * -5.24367e-05 = -1.67057e-05
time: 46	PE: 2	op: 1000.01 - -0.0524564 * -1.65513e-08 = 1000.01
time: 46	PE: 3	op: 0 - -500 * -1.65513e-08 = -8.27565e-06
time: 46	PE: 4	op: 0 - -1000 * -5.24422e-05 = -0.0524422
time: 46	PE: 5	op: 0 - -1000 * -5.24367e-05 = -0.0524367
time: 46	PE: 6	op: 0 - -1000 * -0.000349118 = -0.349118
time: 46	PE: 7	op: 0 - -1000 * -0.5 = -500
time: 46	PE: 8	op: 1000 - -1.0005e-12 * 5.21263e-05 = 1000
time: 46	PE: 9	op: -500 / 500.061 = -0.999878
time: 46	PE: 10	op: -3635.14 / 1 = -3635.14
Ax[40641] = 9.44475e-43
time: 47	PE: 0	op: 2000 - -1000 * -0.999895 = 1000.1
time: 47	PE: 1	op: 0.349123 - -0.698484 * -0.000349118 = 0.348879
time: 47	PE: 2	op: 0 - -0.10489 * -0.999895 = -0.104879
time: 47	PE: 3	op: -2.46305e-06 / 1 = -2.46305e-06
time: 47	PE: 4	op: 0 - -500 * -1.01925e-11 = -5.09627e-09
time: 47	PE: 5	op: -3.90678e-08 / 1000 = -3.90678e-11
time: 47	PE: 6	op: 0 - -500 * -7.50171e-08 = -3.75086e-05
time: 47	PE: 7	op: -1000 / 1000 = -1
time: 47	PE: 8	op: 1000 - -3.07765e-14 * -1.40235e-19 = 1000
time: 47	PE: 9	op: -0.00365293 / 1000 = -3.65293e-06
time: 47	PE: 10	op: -1000 / 1000 = -1
time: 47	PE: 11	op: -1 / 1 = -1
time: 47	PE: 12	op: -7.69231e-05 / -1 = 7.69231e-05
Ax[40641] = 9.44475e-43
time: 48	PE: 0	op: 5000 - -1000 * -1 = 4000
time: 48	PE: 1	op: 0 - -5.56905e-06 * -1 = -5.56905e-06
time: 48	PE: 2	op: -0.0025 - -0.0391698 * 0.0364618 = -0.0010718
time: 48	PE: 3	op: 1000.01 - -0.0524401 * -1.6548e-08 = 1000.01
time: 48	PE: 4	op: 3000 - -1000 * -1 = 2000
time: 48	PE: 5	op: -0.00846811 - -0.00846811 * -1.65513e-08 = -0.00846811
time: 48	PE: 6	op: -1.00005e-12 / 0.066638 = -1.50072e-11
time: 48	PE: 7	op: -1.00005e-12 / 0.066638 = -1.50072e-11
time: 48	PE: 8	op: 0.04398 - -0.0524564 * -0.000121818 = 0.0439736
time: 48	PE: 9	op: -3.07766e-14 / 1000 = -3.07766e-17
time: 48	PE: 10	op: -1.18e-30 / 100000 = -1.18e-35
Ax[40641] = 9.44475e-43
time: 49	PE: 0	op: 4000 - -1000 * -1 = 3000
time: 49	PE: 1	op: 2000.4 - -0.698484 * -0.000349117 = 2000.4
time: 49	PE: 2	op: 0 - -1000 * -0.000349117 = -0.349117
time: 49	PE: 3	op: 0 - -3.74746e-05 * -1 = -3.74746e-05
time: 49	PE: 4	op: 0 - -1.0021e-12 * -1 = -1.0021e-12
time: 49	PE: 5	op: -0.0104285 - -0.00513381 * 0.0364618 = -0.0102413
time: 49	PE: 6	op: 1000.01 - -0.00503977 * -3.41706e-06 = 1000.01
time: 49	PE: 7	op: -0.00365286 / 1000 = -3.65286e-06
time: 49	PE: 8	op: 6.57462 - -2.99378e-10 * -4.99012e-11 = 6.57462
time: 49	PE: 9	op: 1 / -1 = -1
time: 49	PE: 10	op: -1 / 1 = -1
Ax[40641] = 9.44475e-43
time: 50	PE: 0	op: 500 - -0.00023891 * -0.000349118 = 500
time: 50	PE: 1	op: -2.55157e-08 - -0.00023891 * -0.000349117 = -1.08923e-07
time: 50	PE: 2	op: 0 - -3.90678e-08 * -1 = -3.90678e-08
time: 50	PE: 3	op: -0.00837101 - 0.003331 * -3.41706e-06 = -0.00837099
time: 50	PE: 4	op: -1000 / 1000 = -1
time: 50	PE: 5	op: -1000 / 1000 = -1
time: 50	PE: 6	op: -35.1232 / 35.2509 = -0.996377
time: 50	PE: 7	op: -0.0391698 / 35.2509 = -0.00111117
time: 50	PE: 8	op: -0.0885601 / 35.2509 = -0.00251228
time: 50	PE: 9	op: -1.03213e-12 - -1.03213e-12 * -2.27181e-10 = -1.03213e-12
time: 50	PE: 10	op: -1.00006e-12 - -1.00006e-12 * -1.41955e-19 = -1.00006e-12
time: 50	PE: 11	op: -1000 / 1000 = -0.999999
time: 50	PE: 12	op: 1 / -1 = -1
time: 50	PE: 13	op: -1 / 1 = -1
Ax[40641] = 9.44475e-43
time: 51	PE: 0	op: 500.105 - -500 * -0.999878 = 0.165774
time: 51	PE: 1	op: 0 - -0.0524401 * -0.999878 = -0.0524337
time: 51	PE: 2	op: 0 - -500 * -1.6548e-08 = -8.27401e-06
time: 51	PE: 3	op: 0 - -0.0130795 * -0.999974 = -0.0130792
time: 51	PE: 4	op: -3.89391e-08 - -3.89391e-08 * -3.55365e-09 = -3.89391e-08
time: 51	PE: 5	op: 0 - -3.89391e-08 * -0.999974 = -3.89381e-08
time: 51	PE: 6	op: 1000 - -0.0130795 * -3.55365e-09 = 1000
time: 51	PE: 7	op: 0 - 1 * 0.12 = -0.12
time: 51	PE: 8	op: 0.0439595 - -0.0524401 * -0.000121793 = 0.0439531
time: 51	PE: 9	op: 0.0380804 - -0.0232999 * -0.00856996 = 0.0378807
time: 51	PE: 10	op: 0 - -500 * -0.000121793 = -0.0608967
time: 51	PE: 11	op: -8.33333 / 8.33333 = -1
time: 51	PE: 12	op: -1.3538e-07 / 17.8891 = -7.56776e-09
time: 51	PE: 13	op: -465.116 / 1 = -465.116
Ax[40641] = 9.44475e-43
time: 52	PE: 0	op: 0 - -1000 * -5.21306e-05 = -0.0521306
time: 52	PE: 1	op: 0.014286 - 1 * 0.0142857 = 3.26894e-07
time: 52	PE: 2	op: 0 - -1000 * -0.00034911 = -0.34911
time: 52	PE: 3	op: 1000.01 - 0.003331 * -4.64274e-10 = 1000.01
time: 52	PE: 4	op: -1.00044e-12 - -1.0005e-12 * -5.21306e-05 = -1.0005e-12
time: 52	PE: 5	op: -1.0005e-12 / 1000 = -1.0005e-15
time: 52	PE: 6	op: -1.03213e-12 / 1000 = -1.03213e-15
time: 52	PE: 7	op: -1000 / 1000 = -1
time: 52	PE: 8	op: -500 / 500.002 = -0.999997
time: 52	PE: 9	op: -1.03208e-12 / 1000 = -1.03208e-15
time: 52	PE: 10	op: -100000 / 100000 = -1
time: 52	PE: 11	op: -1 / 1 = -1
Ax[40641] = 9.44475e-43
time: 53	PE: 0	op: 1 - -0.055 * 0.0142857 = 1.00079
time: 53	PE: 1	op: 0 - 0.003331 * -0.999997 = 0.00333099
time: 53	PE: 2	op: 0 - -0.00503977 * -0.999997 = -0.00503975
time: 53	PE: 3	op: 0 - -500 * -4.64274e-10 = -2.32137e-07
time: 53	PE: 4	op: 0.0130777 - -0.0130795 * -2.61549e-05 = 0.0130773
time: 53	PE: 5	op: 0 - -500 * -3.41706e-06 = -0.00170853
time: 53	PE: 6	op: -9.70857e-13 / 1000 = -9.70857e-16
time: 53	PE: 7	op: 0 - -1000 * -4.96245e-10 = -4.96245e-07
time: 53	PE: 8	op: -1.00005e-12 - -1.00005e-12 * -6.84008e-10 = -1.00005e-12
time: 53	PE: 9	op: -3.07765e-14 / 1000 = -3.07765e-17
Ax[40641] = 9.44475e-43
time: 54	PE: 0	op: 0 - -0.0524564 * -0.999878 = -0.05245
time: 54	PE: 1	op: 0 - -1000 * -1.03212e-15 = -1.03212e-12
time: 54	PE: 2	op: 0 - -1000 * -0.5 = -500
time: 54	PE: 3	op: -0.00170852 / 500.002 = -3.41702e-06
time: 54	PE: 4	op: -2.32135e-07 / 500.002 = -4.64269e-10
time: 54	PE: 5	op: -1000 / 1000 = -1
time: 54	PE: 7	op: -1.03212e-12 / 1000 = -1.03212e-15
time: 54	PE: 8	op: 0.115915 - -0.115915 * -0.91694 = 0.00962787
time: 54	PE: 9	op: -1.03213e-12 - -1.40235e-16 * -9.70857e-16 = -1.03213e-12
time: 54	PE: 10	op: -0.0521263 - -5.56905e-06 * 5.21263e-05 = -0.0521263
Ax[40641] = 9.44475e-43
time: 55	PE: 0	op: 3000 - -1000 * -1 = 2000
time: 55	PE: 1	op: 500.105 - -500 * -0.999878 = 0.165835
time: 55	PE: 2	op: 0 - -3.75086e-05 * -1 = -3.75086e-05
time: 55	PE: 3	op: -0.00847231 - -0.00847231 * -1.6548e-08 = -0.00847231
time: 55	PE: 4	op: 0 - 3.74304e-05 * -1 = 3.74304e-05
time: 55	PE: 5	op: -0.00503977 - -0.00503977 * -4.64274e-10 = -0.00503977
time: 55	PE: 6	op: 0 - -1000 * 5.21263e-05 = 0.0521263
time: 55	PE: 7	op: -5.09627e-09 - -3.75086e-05 * -3.90678e-11 = -5.09627e-09
time: 55	PE: 8	op: 0 - -1000 * -3.90678e-11 = -3.90678e-08
time: 55	PE: 9	op: -0.0521319 / 1000 = -5.21319e-05
time: 55	PE: 10	op: -0.000606061 - -1.2987 * -1 = -1.29931
time: 55	PE: 11	op: -2e-07 / 0.0002002 = -0.000999001
Ax[40641] = 9.44475e-43
time: 56	PE: 0	op: 0 - 1 * 7.69231e-05 = -7.69231e-05
time: 56	PE: 1	op: 200000 - -1.18e-30 * -1.18e-35 = 200000
time: 56	PE: 2	op: 500 - -500 * -1 = 0.000303745
time: 56	PE: 3	op: 3000 - -1000 * -1 = 2000
time: 56	PE: 4	op: 2000.04 - -1000 * -1 = 1000.04
time: 56	PE: 5	op: -3.90678e-08 / 1000 = -3.90678e-11
time: 56	PE: 6	op: 0.00365237 / 1000 = 3.65237e-06
time: 56	PE: 7	op: -1000 / 1000.01 = -0.99999
time: 56	PE: 9	op: 0 - 1 * -1 = 1
Ax[40641] = 9.44475e-43
time: 57	PE: 0	op: 0.0830078 - -1.40235e-16 * -3.07766e-17 = 0.0830078
time: 57	PE: 1	op: -0.037037 - -1000 * -3.07766e-17 = -0.037037
time: 57	PE: 2	op: -7.08897e-05 - 7.088e-05 * -1.50072e-11 = -7.08897e-05
time: 57	PE: 3	op: 1000 - -7.088e-05 * -1.50072e-11 = 1000
time: 57	PE: 4	op: 0 - -1.0005e-12 * -1 = -1.0005e-12
time: 57	PE: 5	op: 0 - -0.00846811 * -0.999878 = -0.00846708
time: 57	PE: 6	op: 0 - -0.0666622 * -1.50072e-11 = -1.00041e-12
time: 57	PE: 7	op: 0 - -1 * -465.116 = -465.116
time: 57	PE: 8	op: 0 - 1 * -1 = 1
time: 57	PE: 9	op: 1000.02 - -0.00846811 * -0.000121818 = 1000.02
time: 57	PE: 10	op: -24.8995 / 1 = -24.8995
time: 57	PE: 11	op: -1705.43 / 1 = -1705.43
Ax[40641] = 9.44475e-43
time: 58	PE: 0	op: -0.0521306 - -1000 * -1.03208e-15 = -0.0521306
time: 58	PE: 1	op: 0 - 0.052125 * -1 = 0.052125
time: 58	PE: 2	op: 4.09838 - -4.06174 * -0.996377 = 0.0513549
time: 58	PE: 3	op: 30.9901 - -31.1088 * -0.996377 = -0.00601749
time: 58	PE: 5	op: -0.0341383 / 0.0378807 = -0.901204
time: 58	PE: 6	op: -0.0221169 / 0.0378807 = -0.583856
time: 58	PE: 7	op: 0 - -1000 * 3.65243e-06 = 0.00365243
time: 58	PE: 8	op: 0 - -0.0005 * -0.91694 = -0.00045847
time: 58	PE: 9	op: 1000 - -1.03213e-12 * -1.67205e-06 = 1000
time: 58	PE: 10	op: -1.00006e-12 - -1.00006e-12 * -1.41955e-19 = -1.00006e-12
time: 58	PE: 12	op: -0.00424848 / 1.43282 = -0.00296512
Ax[40641] = 9.44475e-43
time: 59	PE: 0	op: 2000.4 - -1000 * -1 = 1000.4
time: 59	PE: 1	op: 0.0770671 - -31.1088 * -0.00251228 = -0.00108696
time: 59	PE: 2	op: 0 - -4.06174 * -0.00251228 = -0.0102042
time: 59	PE: 3	op: 0 - 1 * -1 = 1
time: 59	PE: 4	op: 0.399635 - -31.1088 * -0.00111117 = 0.365067
time: 59	PE: 5	op: 0 - -1 * -1 = -1
time: 59	PE: 6	op: 0 - -0.0666622 * -1.50072e-11 = -1.00041e-12
time: 59	PE: 7	op: 7000.07 - -1000 * -0.999994 = 6000.08
time: 59	PE: 9	op: -1.18e-30 / 100000 = -1.18e-35
time: 59	PE: 11	op: -6.83999e-07 - -0.00640223 * -1.03213e-15 = -6.83999e-07
Ax[40641] = 9.44475e-43
time: 60	PE: 1	op: 0 - -1000 * -1.03208e-15 = -1.03208e-12
time: 60	PE: 2	op: 0 - -1 * -1 = -1
time: 60	PE: 3	op: 0 - 0.00333097 * -0.999997 = 0.00333096
time: 60	PE: 4	op: 0 - -0.00503972 * -0.999997 = -0.0050397
time: 60	PE: 5	op: 0.0183744 / 0.0378807 = 0.48506
time: 60	PE: 6	op: -0.104858 - -1.12027e-05 * 2.04267e-10 = -0.104858
time: 60	PE: 7	op: 0 - -1000 * -0.5 = -500
time: 60	PE: 8	op: 0 - 1 * -1 = 1
time: 60	PE: 9	op: -0.000133333 - -1000 * -3.65293e-06 = -0.00378626
time: 60	PE: 10	op: -1000 / 1000 = -1
Ax[40641] = 9.44475e-43
time: 61	PE: 0	op: 2000 - 0.052125 * -1.0005e-15 = 2000
time: 61	PE: 1	op: 4000 - -1000 * -1 = 3000
time: 61	PE: 2	op: 0.0830078 - -1.40235e-16 * -3.07765e-17 = 0.0830078
time: 61	PE: 3	op: 0 - -4.06174 * -0.00111117 = -0.00451328
time: 61	PE: 4	op: 500 - -500 * -0.999974 = 0.0132365
time: 61	PE: 5	op: -1.00149e-12 - -1.00149e-12 * -3.07765e-17 = -1.00149e-12
time: 61	PE: 6	op: -1.0021e-12 - -1.0021e-12 * -3.65293e-06 = -1.0021e-12
time: 61	PE: 7	op: -0.00503977 / 1000.01 = -5.03972e-06
time: 61	PE: 8	op: 1000 - -1.00149e-12 * -9.70857e-16 = 1000
time: 61	PE: 9	op: -1000 / 1000 = -1
time: 61	PE: 10	op: -1000 / 1000 = -1
time: 61	PE: 11	op: 100000 - -0.0005 * -0.00395524 = 100000
Ax[40641] = 9.44475e-43
time: 62	PE: 0	op: 3000.19 - -0.00640223 * -1.03212e-15 = 3000.19
time: 62	PE: 1	op: 0 - -0.055 * 7.69231e-05 = 4.23077e-06
time: 62	PE: 2	op: 3000 - -4.96245e-07 * -3.65286e-06 = 3000
time: 62	PE: 3	op: 0 - -1000 * -1.03212e-15 = -1.03212e-12
time: 62	PE: 4	op: 0 - -1.00149e-12 * -1 = -1.00149e-12
time: 62	PE: 5	op: -0.037037 - -1.40235e-16 * -1 = -0.037037
time: 62	PE: 6	op: -1.00149e-12 - -1.00149e-12 * -3.07766e-17 = -1.00149e-12
time: 62	PE: 7	op: 1000 - -1.00149e-12 * -9.70857e-16 = 1000
time: 62	PE: 8	op: -9.38897e-12 / 0.00962787 = -9.75186e-10
time: 62	PE: 9	op: -0.00045847 / 0.00962787 = -0.047619
time: 62	PE: 10	op: 1000 - -1000 * -1 = 0.000366211
Ax[40641] = 9.44475e-43
time: 63	PE: 1	op: 2000.04 - -1000 * -1 = 1000.04
time: 63	PE: 2	op: 0 - -0.00847231 * -0.999878 = -0.00847128
time: 63	PE: 3	op: -1.00044e-12 - -1.0005e-12 * -5.21319e-05 = -1.0005e-12
time: 63	PE: 4	op: -0.037037 - -1.40235e-16 * -1 = -0.037037
time: 63	PE: 5	op: 0 - -1 * -1 = -1
time: 63	PE: 6	op: -1000 / 1000.02 = -0.999983
time: 63	PE: 7	op: -0.00846708 / 1000.02 = -8.46694e-06
time: 63	PE: 8	op: -465.116 / 1 = -465.116
time: 63	PE: 9	op: -7.69231e-05 - -1.18e-30 * -1 = -7.69231e-05
time: 63	PE: 10	op: -100000 / 1 = -100000
Ax[40641] = 9.44475e-43
time: 64	PE: 0	op: 0 - -1000 * -1.0005e-15 = -1.0005e-12
time: 64	PE: 1	op: 200000 - -100000 * -1 = 100000
time: 64	PE: 2	op: 0.000303745 - -3.75086e-05 * -3.90678e-11 = 0.000303745
time: 64	PE: 3	op: 0 - -0.00837099 * -0.99999 = -0.00837091
time: 64	PE: 4	op: -0.00503972 - -0.00503972 * -4.64269e-10 = -0.00503972
time: 64	PE: 5	op: 1000 - 3.74304e-05 * -3.90678e-11 = 1000
time: 64	PE: 6	op: 1000 - -1000 * -0.999933 = 0.066638
time: 64	PE: 7	op: -1.0005e-12 / 1000 = -1.0005e-15
time: 64	PE: 8	op: 1000 - -1000 * -0.999999 = 0.000953674
time: 64	PE: 9	op: -100000 / 100000 = -1
time: 64	PE: 10	op: -0.000333333 / 0.000333533 = -0.9994
Ax[40641] = 9.44475e-43
time: 65	PE: 0	op: 0 - -1000 * -3.90678e-11 = -3.90678e-08
time: 65	PE: 1	op: -3.74746e-05 - 3.74304e-05 * -3.90678e-11 = -3.74746e-05
time: 65	PE: 2	op: 1000.02 - -0.00847231 * -0.000121793 = 1000.02
time: 65	PE: 3	op: -0.00020014 - -2.13825e-08 * -0.000698509 = -0.00020014
time: 65	PE: 4	op: -0.00846811 / 1000.02 = -8.46797e-06
time: 65	PE: 5	op: 0 - -1000 * -0.000698509 = -0.698509
time: 65	PE: 6	op: 0 - -21.8179 * 0.492083 = 10.7362
time: 65	PE: 7	op: 0 - -100000 * -8.89759e-05 = -8.89759
time: 65	PE: 8	op: 0.335796 - -1e-12 * -1e-14 = 0.335796
time: 65	PE: 9	op: -100000 / 100000 = -0.999998
Ax[40641] = 9.44475e-43
time: 66	PE: 0	op: -1.03208e-12 - -1000 * -5.21319e-05 = -0.0521319
time: 66	PE: 1	op: 0.0513549 - -0.0341383 * -0.901204 = 0.0205894
time: 66	PE: 2	op: -0.00601749 - -0.00374199 * -0.901204 = -0.00938978
time: 66	PE: 3	op: 0.365067 - -0.00374199 * -0.583856 = 0.362883
time: 66	PE: 4	op: 0.165774 - -0.104858 * -5.24259e-05 = 0.165769
time: 66	PE: 5	op: 0 - -0.104858 * -0.999895 = -0.104847
time: 66	PE: 6	op: 1000 - -3.89391e-08 * -2.61549e-05 = 1000
time: 66	PE: 7	op: -1.03213e-12 - -1.40235e-16 * -9.70857e-16 = -1.03213e-12
time: 66	PE: 8	op: -1 / 1 = -1
time: 66	PE: 9	op: -0.01 / 0.0100102 = -0.998979
Ax[40641] = 9.44475e-43
time: 67	PE: 0	op: 100000 - -1.18e-30 * -1.18e-35 = 100000
time: 67	PE: 1	op: -1.12021e-05 - -0.104858 * -5.24204e-05 = -1.66988e-05
time: 67	PE: 2	op: -0.00451328 - -0.0341383 * -0.583856 = -0.0244451
time: 67	PE: 3	op: 0 - -4.70309e-07 * -0.901204 = -4.23845e-07
time: 67	PE: 4	op: -5.20925e-05 - -4.70309e-07 * -0.583856 = -5.23671e-05
time: 67	PE: 5	op: 0 - -1000 * -9.70857e-16 = -9.70857e-13
time: 67	PE: 6	op: -1000 / 1000 = -1
time: 67	PE: 7	op: 4.0773 - -0.00513381 * -0.154136 = 4.07651
time: 67	PE: 8	op: 1 / -1 = -1
time: 67	PE: 9	op: -2.46305e-06 - -1.18e-30 * -1 = -2.46305e-06
time: 67	PE: 10	op: 0 - -1e-12 * -1 = -1e-12
time: 67	PE: 11	op: 1 / -1 = -1
Ax[40641] = 9.44475e-43
time: 68	PE: 1	op: -0.037037 - -1000 * -3.07765e-17 = -0.037037
time: 68	PE: 2	op: 0 - -500 * -4.64269e-10 = -2.32134e-07
time: 68	PE: 3	op: 5.16094 - -4.70309e-07 * 0.48506 = 5.16094
time: 68	PE: 4	op: -0.018427 - -0.00374199 * 0.48506 = -0.0166119
time: 68	PE: 5	op: -1.00149e-12 / 1000 = -1.00149e-15
time: 68	PE: 6	op: -0.0666622 / 0.066638 = -1.00036
time: 68	PE: 7	op: -1.00149e-12 / 1000 = -1.00149e-15
time: 68	PE: 8	op: -1000 / 1000 = -1
time: 68	PE: 9	op: 0 - -1000 * -5.21263e-05 = -0.0521263
time: 68	PE: 10	op: -0.12 / -1 = 0.12
time: 68	PE: 11	op: 0 - -0.0521346 * -0.999948 = -0.0521319
Ax[40641] = 9.44475e-43
time: 69	PE: 0	op: 3000 - -1000 * -0.99999 = 2000.01
time: 69	PE: 1	op: 0 - 0.0521263 * -1 = 0.0521263
time: 69	PE: 2	op: 0 - -0.0521263 * -1 = -0.0521263
time: 69	PE: 3	op: 1000.01 - 0.00333097 * -4.64269e-10 = 1000.01
time: 69	PE: 4	op: 0 - -1.00149e-12 * -1 = -1.00149e-12
time: 69	PE: 5	op: 1000.01 - -0.00837099 * -5.03972e-06 = 1000.01
time: 69	PE: 6	op: -1.0005e-12 / 1000 = -1.0005e-15
time: 69	PE: 7	op: 0 - -1000 * -9.70857e-16 = -9.70857e-13
time: 69	PE: 8	op: 3634.14 - -1 * -3635.14 = -1
time: 69	PE: 9	op: 1000 - -1000 * -1 = 0.000366211
time: 69	PE: 10	op: -0.257971 / 0.757971 = -0.340344
time: 69	PE: 11	op: -100000 / 1 = -100000
Ax[40641] = 9.44475e-43
time: 70	PE: 0	op: 2000.4 - -1000 * -1 = 1000.4
time: 70	PE: 1	op: 0 - -8.41421e-12 * -0.047619 = -4.00676e-13
time: 70	PE: 2	op: -5.81108e-11 - -4.43362e-10 * -9.75186e-10 = -5.81108e-11
time: 70	PE: 3	op: 31.7901 - -8.41421e-12 * -9.75186e-10 = 31.7901
time: 70	PE: 4	op: 0 - -4.43362e-10 * -0.047619 = -2.11125e-11
time: 70	PE: 5	op: 0 - -0.00045847 * -9.75186e-10 = -4.47094e-13
time: 70	PE: 6	op: 3.74304e-05 / 1000 = 3.74304e-08
time: 70	PE: 7	op: -9.63044e-09 - -7.088e-05 * -1.50072e-11 = -9.63044e-09
time: 70	PE: 8	op: -1000 / 1000 = -1
time: 70	PE: 9	op: -4.42388e-10 / 0.00962787 = -4.59486e-08
time: 70	PE: 10	op: -5.22346e-16 / 0.000953674 = -5.4772e-13
time: 70	PE: 11	op: -0.115915 / 0.126415 = -0.91694
time: 70	PE: 12	op: -1.12445e-10 / 70.922 = -1.58547e-12
time: 70	PE: 13	op: -1 / 1 = -1
Ax[40641] = 9.44475e-43
time: 71	PE: 0	op: 0 - -1000 * -8.46694e-06 = -0.00846694
time: 71	PE: 1	op: 8494.3 - 10.7362 * 791.174 = 0.0714919
time: 71	PE: 2	op: 21.9554 - 10.7362 * 2.03134 = 0.146497
time: 71	PE: 3	op: 0.0132365 - -0.00020014 * -0.00034911 = 0.0132365
time: 71	PE: 4	op: 0 - 0.0439736 * -0.999983 = 0.0439729
time: 71	PE: 5	op: -0.05245 - 0.0439736 * -8.46694e-06 = -0.0524496
time: 71	PE: 6	op: -2.13751e-08 - -0.00020014 * -0.00034911 = -9.12462e-08
time: 71	PE: 7	op: 0 - -0.00020014 * -0.999302 = -0.000200001
time: 71	PE: 8	op: -2.32137e-07 - -0.00170853 * -5.03972e-06 = -2.40747e-07
time: 71	PE: 9	op: 0 - -0.00170853 * -0.99999 = -0.00170851
time: 71	PE: 10	op: -3.84447e-12 / 0.000953674 = -4.03122e-09
time: 71	PE: 11	op: -0.714286 / 1 = -0.714286
Ax[40641] = 9.44475e-43
time: 72	PE: 0	op: -0.0521306 - 0.052125 * -1.0005e-15 = -0.0521306
time: 72	PE: 1	op: 0 - -0.698509 * -0.999302 = -0.698021
time: 72	PE: 2	op: 0 - -1 * -100000 = -100000
time: 72	PE: 3	op: -0.00847231 / 1000.02 = -8.47216e-06
time: 72	PE: 4	op: -1000 / 1000.02 = -0.999983
time: 72	PE: 5	op: -0.00847128 / 1000.02 = -8.47113e-06
time: 72	PE: 6	op: 0 - -500 * -2.61549e-05 = -0.0130774
time: 72	PE: 7	op: 0 - -1000 * 2.04232e-10 = 2.04232e-07
time: 72	PE: 8	op: -0.00871967 - -9.01731e-05 * -0.154136 = -0.00873356
time: 72	PE: 9	op: 0 - -0.00640304 * -0.999994 = -0.006403
time: 72	PE: 10	op: -2e-31 / 1 = -2e-31
time: 72	PE: 11	op: -2325.58 / 1 = -2325.58
Ax[40641] = 9.44475e-43
time: 73	PE: 0	op: 3000 - -1000 * -0.999983 = 2000.02
time: 73	PE: 1	op: 100000 - -100000 * -0.999998 = 0.202656
time: 73	PE: 2	op: 1000.01 - 0.0439736 * -8.46797e-06 = 1000.01
time: 73	PE: 3	op: 0 - -1000 * -8.46797e-06 = -0.00846797
time: 73	PE: 4	op: -3.74746e-05 / 1000 = -3.74746e-08
time: 73	PE: 5	op: -1.0021e-12 - -1.0021e-12 * -4.96245e-10 = -1.0021e-12
time: 73	PE: 6	op: -1000 / 1000 = -1
time: 73	PE: 7	op: 1000.01 - -0.00503972 * -3.41702e-06 = 1000.01
time: 73	PE: 8	op: 0 - -500 * -3.41702e-06 = -0.00170851
time: 73	PE: 9	op: -4.06174 / 4.07651 = -0.996377
time: 73	PE: 11	op: -1.1274e-05 / 0.000165357 = -0.0681794
time: 73	PE: 12	op: -24.8995 / 1 = -24.8995
Ax[40641] = 9.44475e-43
time: 74	PE: 0	op: 0.349154 - -0.698509 * -0.00034911 = 0.34891
time: 74	PE: 1	op: 0 - -500 * -3.55365e-09 = -1.77682e-06
time: 74	PE: 2	op: -3.89391e-08 / 1000 = -3.89391e-11
time: 74	PE: 3	op: -3.89381e-08 / 1000 = -3.89381e-11
time: 74	PE: 4	op: -0.00503975 / 1000.01 = -5.0397e-06
time: 74	PE: 5	op: 0 - -500 * -0.000121818 = -0.0609088
time: 74	PE: 6	op: -3.86179e-12 - -0.0117315 * -0.970036 = -0.01138
time: 74	PE: 7	op: -0.0045297 / 4.07651 = -0.00111117
time: 74	PE: 8	op: 1000.02 - -1000 * -0.5 = 500.025
time: 74	PE: 9	op: -3635.14 / 1 = -3635.14
time: 74	PE: 10	op: -5.56905e-06 - -0.0521263 * -1.03213e-15 = -5.56905e-06
Ax[40641] = 9.44475e-43
time: 75	PE: 0	op: -5.56905e-06 - -0.0521263 * -1 = -0.0521319
time: 75	PE: 1	op: 4000 - -1000 * -1 = 3000
time: 75	PE: 2	op: 0 - -1.03213e-12 * -1 = -1.03213e-12
time: 75	PE: 3	op: 1100.02 - -0.01 * -0.998979 = 1100.01
time: 75	PE: 4	op: 0 - -1000 * -5.03972e-06 = -0.00503972
time: 75	PE: 5	op: -1000 / 1000.01 = -0.999995
time: 75	PE: 6	op: -1 / 1 = -1
time: 75	PE: 7	op: 100001 - -100000 * -0.999911 = 10.1958
time: 75	PE: 8	op: 1 / 8.33333 = 0.12
Ax[40641] = 9.44475e-43
time: 76	PE: 0	op: 3000.19 - -0.0666622 * -1.00036 = 3000.12
time: 76	PE: 1	op: 1000.4 - -0.698509 * -0.00034911 = 1000.4
time: 76	PE: 2	op: 0.0830078 - -1.03213e-12 * -1.00149e-15 = 0.0830078
time: 76	PE: 3	op: 0 - -1000 * -1.00149e-15 = -1.00149e-12
time: 76	PE: 4	op: 0 - -9.70857e-13 * -1 = -9.70857e-13
time: 76	PE: 5	op: 0 - -1000 * -1.00149e-15 = -1.00149e-12
time: 76	PE: 6	op: -0.00837091 / 1000.01 = -8.37087e-06
time: 76	PE: 7	op: -5.23671e-05 / 5.16094 = -1.01468e-05
time: 76	PE: 8	op: -1.00149e-12 / 1000 = -1.00149e-15
time: 76	PE: 9	op: -1.00149e-12 / 1000 = -1.00149e-15
time: 76	PE: 10	op: 0 - -1 * -465.116 = -465.116
time: 76	PE: 11	op: -1000 / 1000 = -1
Ax[40641] = 9.44475e-43
time: 77	PE: 1	op: 0 - -9.70857e-13 * -1 = -9.70857e-13
time: 77	PE: 2	op: 1000.04 - -9.70857e-13 * -1.00149e-15 = 1000.04
time: 77	PE: 3	op: -0.037037 - -9.70857e-13 * -1.00149e-15 = -0.037037
time: 77	PE: 4	op: 1000 - 7.088e-05 * -1.50072e-11 = 1000
time: 77	PE: 5	op: -4.23845e-07 / 5.16094 = -8.21254e-08
time: 77	PE: 6	op: -5.16089 / 5.16094 = -0.99999
time: 77	PE: 7	op: 6000.08 - -1000 * -0.999948 = 5000.13
time: 77	PE: 8	op: 100001 - -100000 * -0.999911 = 10.1958
time: 77	PE: 9	op: 2000.01 - -1000 * -1 = 1000.01
time: 77	PE: 10	op: -0.0234049 - -0.0740297 * -4.4787e-05 = -0.0234082
time: 77	PE: 11	op: 1 / -1 = -1
Ax[40641] = 9.44475e-43
time: 78	PE: 0	op: 0 - -1000 * -1.0005e-15 = -1.0005e-12
time: 78	PE: 1	op: 0 - -1000 * 3.74304e-08 = 3.74304e-05
time: 78	PE: 2	op: 4000 - -1000 * -1 = 3000
time: 78	PE: 3	op: -3.75086e-05 - -5.09627e-09 * 3.74304e-08 = -3.75086e-05
time: 78	PE: 4	op: 0 - -5.09627e-09 * -1 = -5.09627e-09
time: 78	PE: 5	op: 0 - -1 * -1 = -1
time: 78	PE: 6	op: -1.00005e-12 / 0.066638 = -1.50072e-11
time: 78	PE: 7	op: 0 - -0.0391698 * -0.154136 = -0.00603746
time: 78	PE: 8	op: -0.0102413 / 4.07651 = -0.00251228
time: 78	PE: 9	op: 0 - -2e-31 * -465.116 = -9.30233e-29
time: 78	PE: 10	op: 100000 / 1 = 100000
Ax[40641] = 9.44475e-43
time: 79	PE: 1	op: 2000 - -3.90678e-08 * 3.74304e-08 = 2000
time: 79	PE: 2	op: 0 - -1.0021e-12 * -1 = -1.0021e-12
time: 79	PE: 3	op: -1.0021e-12 - -1.0021e-12 * -3.65286e-06 = -1.0021e-12
time: 79	PE: 4	op: 1000 - -1.0021e-12 * 3.65237e-06 = 1000
time: 79	PE: 5	op: 0 - -1000 * 3.65237e-06 = 0.00365237
time: 79	PE: 6	op: -0.00365237 - -4.96245e-07 * 3.65237e-06 = -0.00365237
time: 79	PE: 7	op: 23.8995 - -1 * -24.8995 = -1
time: 79	PE: 8	op: 200000 - -100000 * -1 = 100000
time: 79	PE: 9	op: 1000 - -1.00006e-12 * -1.04479e-15 = 1000
time: 79	PE: 10	op: -0.000133333 - -4.96245e-07 * -1 = -0.00013383
Ax[40641] = 9.44475e-43
time: 80	PE: 0	op: 2000.02 - 0.0521263 * -1.0005e-15 = 2000.02
time: 80	PE: 1	op: 0 - -1000 * -8.47113e-06 = -0.00847113
time: 80	PE: 6	op: -0.0524536 - 2.04232e-07 * -5.24422e-05 = -0.0524536
time: 80	PE: 7	op: -0.0524337 - 0.0439531 * -8.47113e-06 = -0.0524333
time: 80	PE: 9	op: 0 - 2.04232e-07 * -0.999895 = 2.04211e-07
time: 80	PE: 10	op: 0 - -1 * -2325.58 = -2325.58
time: 80	PE: 11	op: -1.00005e-12 / 0.066638 = -1.50072e-11
time: 80	PE: 12	op: 3.05178e-09 - -1.8298e-07 * -4.99012e-11 = 3.05178e-09
time: 80	PE: 13	op: 0.0516798 - -1.8298e-07 * -1.33378e-10 = 0.0516798
time: 80	PE: 14	op: -1000 / 1000 = -1
Ax[40641] = 9.44475e-43
time: 81	PE: 0	op: 0 - -3.90678e-08 * -1 = -3.90678e-08
time: 81	PE: 1	op: 0 - -0.0130774 * -1 = -0.0130774
time: 81	PE: 2	op: 0 - -0.0608967 * -0.999983 = -0.0608957
time: 81	PE: 3	op: 0 - -0.0609088 * -0.999983 = -0.0609078
time: 81	PE: 4	op: 0.165769 - -0.0608967 * -8.47113e-06 = 0.165768
time: 81	PE: 5	op: 0.165835 - -0.0609088 * -8.46694e-06 = 0.165835
time: 81	PE: 7	op: 0 - 0.0130773 * -1 = 0.0130773
time: 81	PE: 8	op: -8.27401e-06 - -0.0608967 * -8.47216e-06 = -8.78993e-06
time: 81	PE: 9	op: -1.0005e-12 / 1000 = -1.0005e-15
time: 81	PE: 10	op: 0 - -100000 * -8.89759e-05 = -8.89759
time: 81	PE: 11	op: -1.00006e-12 - -1.00006e-12 * -5.4772e-13 = -1.00006e-12
time: 81	PE: 12	op: 1000 - -1.00006e-12 * -4.03122e-09 = 1000
Ax[40641] = 9.44475e-43
time: 82	PE: 0	op: -0.0521319 - -0.0521263 * -1.0005e-15 = -0.0521319
time: 82	PE: 1	op: 1000.4 - 2.04232e-07 * -5.24367e-05 = 1000.4
time: 82	PE: 2	op: 0.0132365 - -0.0130774 * -3.89381e-11 = 0.0132365
time: 82	PE: 3	op: 0 - -1000 * -3.89381e-11 = -3.89381e-08
time: 82	PE: 4	op: 4.06777 - -4.06174 * -0.996377 = 0.0207513
time: 82	PE: 5	op: 3634.14 - -1 * -3635.14 = -1
time: 82	PE: 6	op: -8.27565e-06 - -0.0609088 * -8.46797e-06 = -8.79143e-06
time: 82	PE: 7	op: 0 - 1000 * 1000 = -1e+06
time: 82	PE: 8	op: 0 - 1000 * 1000 = -1e+06
time: 82	PE: 9	op: 0 - -1.3538e-07 * -1 = -1.3538e-07
Ax[40641] = 9.44475e-43
time: 83	PE: 0	op: 0 - -1000 * -1.0005e-15 = -1.0005e-12
time: 83	PE: 1	op: 1000.01 - 0.0439531 * -8.47216e-06 = 1000.01
time: 83	PE: 2	op: 0 - 0.0439531 * -0.999983 = 0.0439524
time: 83	PE: 3	op: 0 - -1000 * -8.47216e-06 = -0.00847216
time: 83	PE: 4	op: -7.08897e-05 / 1000 = -7.08897e-08
time: 83	PE: 5	op: 0 - -1000 * -3.89391e-11 = -3.89391e-08
time: 83	PE: 6	op: -1000 / 1000 = -1
time: 83	PE: 7	op: 10.1958 - -1.18e-30 * -1.18e-35 = 10.1958
time: 83	PE: 9	op: 500.025 - -500 * -0.999997 = 0.0262349
time: 83	PE: 10	op: 1000 - 0.052125 * -1.03213e-15 = 1000
time: 83	PE: 11	op: -0.01 / 0.0100102 = -0.99898
Ax[40641] = 9.44475e-43
time: 84	PE: 0	op: 0.0830078 - -1.03213e-12 * -1.00149e-15 = 0.0830078
time: 84	PE: 1	op: 0.362883 - -0.0166119 * -1.01468e-05 = 0.362882
time: 84	PE: 2	op: 0 - -1000 * -1.00149e-15 = -1.00149e-12
time: 84	PE: 3	op: 0 - -1.03213e-12 * -1 = -1.03213e-12
time: 84	PE: 5	op: 0 - -1000 * -3.74746e-08 = -3.74746e-05
time: 84	PE: 6	op: 1000.01 - -1000 * -1 = 0.0114746
time: 84	PE: 7	op: 2000.01 - -0.00503972 * -8.37087e-06 = 2000.01
time: 84	PE: 8	op: 10.1958 - -1.18e-30 * -1.18e-35 = 10.1958
time: 84	PE: 9	op: 0 - -5.16089 * -1.01468e-05 = -5.23666e-05
time: 84	PE: 10	op: 23.8995 - -1 * -24.8995 = -1
time: 84	PE: 11	op: 0 - 0.714286 * -1 = 0.714286
Ax[40641] = 9.44475e-43
time: 85	PE: 0	op: 2000 - -1000 * -0.999983 = 1000.02
time: 85	PE: 1	op: -0.0025 - -5.16089 * -8.21254e-08 = -0.00250042
time: 85	PE: 2	op: 0.779545 - -0.00603746 * -0.00111117 = 0.779538
time: 85	PE: 3	op: -0.00257956 - -0.00873356 * -0.00111117 = -0.00258927
time: 85	PE: 4	op: -3.90678e-08 - -3.90678e-08 * -3.74746e-08 = -3.90678e-08
time: 85	PE: 5	op: 0 - -4.06174 * -0.00111117 = -0.00451328
time: 85	PE: 6	op: 0 - -0.00603746 * -0.996377 = -0.00601558
time: 85	PE: 7	op: -1000 / 1000 = -1
time: 85	PE: 8	op: 0 - -1000 * -4.96254e-10 = -4.96254e-07
time: 85	PE: 9	op: -5.90855e-11 - -8.41421e-12 * -4.59486e-08 = -5.90855e-11
time: 85	PE: 10	op: -1.12445e-10 / 70.922 = -1.58547e-12
time: 85	PE: 11	op: -3635.14 / 1 = -3635.14
Ax[40641] = 9.44475e-43
time: 86	PE: 0	op: 2000.02 - -1000 * -1 = 1000.02
time: 86	PE: 1	op: -0.00938978 - -0.0166119 * -8.21254e-08 = -0.00938978
time: 86	PE: 2	op: -0.0010718 - -0.00603746 * -0.00251228 = -0.00108697
time: 86	PE: 3	op: 3000.7 - -1000 * -0.999995 = 2000.7
time: 86	PE: 4	op: 0 - -1000 * -8.37087e-06 = -0.00837087
time: 86	PE: 5	op: -0.0130792 - 0.0130773 * -3.89381e-11 = -0.0130792
time: 86	PE: 6	op: -1.77682e-06 - -0.0130774 * -3.89391e-11 = -1.77682e-06
time: 86	PE: 7	op: -1.0021e-12 / 1000 = -1.0021e-15
time: 86	PE: 8	op: 3000 - -1000 * -1 = 2000
time: 86	PE: 9	op: -0.0516797 / 0.0516798 = -0.999996
Ax[40641] = 9.44475e-43
time: 87	PE: 0	op: 0 - -0.0166119 * -0.99999 = -0.0166117
time: 87	PE: 1	op: 0.000303745 - -5.09627e-09 * -3.74746e-08 = 0.000303745
time: 87	PE: 2	op: 5.16472 - -5.16089 * -0.99999 = 0.00388637
time: 87	PE: 3	op: 1000.04 - -9.70857e-13 * -1.00149e-15 = 1000.04
time: 87	PE: 4	op: 0 - -1000 * -1.00149e-15 = -1.00149e-12
time: 87	PE: 5	op: -0.037037 - -9.70857e-13 * -1.00149e-15 = -0.037037
time: 87	PE: 6	op: 0 - -4.06174 * -0.00251228 = -0.0102042
time: 87	PE: 7	op: -0.0666622 / 0.066638 = -1.00036
time: 87	PE: 8	op: -1 / 1 = -1
time: 87	PE: 9	op: -465.116 / 1 = -465.116
time: 87	PE: 10	op: -6.57462 / -1000 = 0.00657462
Ax[40641] = 9.44475e-43
time: 88	PE: 0	op: 0 - -0.00503972 * -0.999995 = -0.00503969
time: 88	PE: 1	op: 0 - -7.088e-05 * -1.00036 = -7.09058e-05
time: 88	PE: 2	op: 0 - 7.088e-05 * -1.00036 = 7.09058e-05
time: 88	PE: 3	op: 1000 - 0.0130773 * -3.89391e-11 = 1000
time: 88	PE: 4	op: 0 - -0.0341383 * 0.48506 = 0.0165591
time: 88	PE: 5	op: 0 - -0.00873356 * -0.996377 = -0.00870192
time: 88	PE: 6	op: 0 - -2e-31 * -1 = -2e-31
time: 88	PE: 7	op: 0 - -2e-31 * -1 = -2e-31
time: 88	PE: 8	op: -1e-12 / 0.335796 = -2.97801e-12
time: 88	PE: 9	op: -0.335796 / 0.335796 = -1
Ax[40641] = 9.44475e-43
time: 89	PE: 0	op: 0 - -1000 * -1.0005e-15 = -1.0005e-12
time: 89	PE: 1	op: 0.00333099 - -0.00837099 * -5.0397e-06 = 0.00333095
time: 89	PE: 2	op: 1000 - -7.09078e-05 * -1.50072e-11 = 1000
time: 89	PE: 3	op: 0 - -0.0666622 * -1.50072e-11 = -1.00041e-12
time: 89	PE: 4	op: -8526.85 - 10.7362 * -794.205 = -0.0809887
time: 89	PE: 5	op: 8.89759 - -4.43362e-10 * -4.59486e-08 = 8.89759
time: 89	PE: 6	op: 0 - -1 * -2e-31 = -2e-31
time: 89	PE: 7	op: 0.0262349 - -0.00170853 * -5.0397e-06 = 0.0262349
time: 89	PE: 8	op: -1.00006e-12 / 1000 = -1.00006e-15
time: 89	PE: 9	op: 1000 - 0.00640223 * -1.03213e-15 = 1000
Ax[40641] = 9.44475e-43
time: 90	PE: 0	op: -0.0521319 - 0.0521263 * -1.0005e-15 = -0.0521319
time: 90	PE: 1	op: -7.09175e-05 - 7.09078e-05 * -1.50072e-11 = -7.09175e-05
time: 90	PE: 2	op: 1000 - 7.09078e-05 * -1.50072e-11 = 1000
time: 90	PE: 3	op: -9.63422e-09 - -7.09078e-05 * -1.50072e-11 = -9.63422e-09
time: 90	PE: 4	op: -0.037037 - -1.03213e-12 * -1.00149e-15 = -0.037037
time: 90	PE: 5	op: 0 - -0.0005 * -0.91694 = -0.00045847
time: 90	PE: 6	op: 0 - -100000 * 0.12 = 12000
time: 90	PE: 7	op: -0.0521319 - 0.0521263 * -1.03208e-15 = -0.0521319
time: 90	PE: 8	op: 1000 - -1.03213e-12 * -1.67203e-06 = 1000
time: 90	PE: 9	op: -1000 / 1000 = -1
Ax[40641] = 9.44475e-43
time: 91	PE: 0	op: 3000 - -1000 * -1 = 2000
time: 91	PE: 1	op: 1100.02 - -0.01 * -0.99898 = 1100.01
time: 91	PE: 2	op: -1.0021e-12 / 1000 = -1.0021e-15
time: 91	PE: 3	op: -5.23666e-05 / -0.00250042 = 0.0209431
time: 91	PE: 4	op: -1.3538e-07 / -0.00250042 = 5.4143e-05
time: 91	PE: 5	op: -100000 / -0.00250042 = 3.99932e+07
time: 91	PE: 6	op: -0.037037 - -1.03213e-12 * -1.00149e-15 = -0.037037
time: 91	PE: 7	op: 0 - -0.0666622 * -1.50072e-11 = -1.00041e-12
time: 91	PE: 8	op: -1 / 1 = -1
time: 91	PE: 9	op: -1.18986e-12 / 1 = -1.18986e-12
time: 91	PE: 10	op: -1.18e-30 / 100000 = -1.18e-35
time: 91	PE: 11	op: -0.00625 / 1 = -0.00625
Ax[40641] = 9.44475e-43
time: 92	PE: 0	op: 0 - -1.00041e-12 * -1 = -1.00041e-12
time: 92	PE: 1	op: 0 - -9.63044e-09 * -1 = -9.63044e-09
time: 92	PE: 2	op: 1000 - -9.63044e-09 * -7.08897e-08 = 1000
time: 92	PE: 3	op: 0 - -1000 * -5.2125e-05 = -0.052125
time: 92	PE: 4	op: -0.00133333 / -0.00250042 = 0.533243
time: 92	PE: 5	op: 0 - -2.40747e-07 * -0.999995 = -2.40746e-07
time: 92	PE: 6	op: 0 - 1 * 0.12 = -0.12
time: 92	PE: 7	op: 1000 - -1000 * -0.999999 = 0.000953674
time: 92	PE: 8	op: -1.03213e-12 / 1000 = -1.03213e-15
time: 92	PE: 9	op: -18.1818 / 18.1818 = -1
time: 92	PE: 10	op: 0 - -1 * 100000 = 100000
Ax[40641] = 9.44475e-43
time: 93	PE: 0	op: -3.75086e-05 / 0.000303745 = -0.123487
time: 93	PE: 1	op: -1.08923e-07 / 0.000303745 = -0.000358601
time: 93	PE: 2	op: -0.000238743 / 0.000303745 = -0.785998
time: 93	PE: 3	op: -5.09627e-09 / 0.000303745 = -1.67781e-05
time: 93	PE: 4	op: 0 - -0.00365237 * -1 = -0.00365237
time: 93	PE: 5	op: -0.00503972 / 1000.01 = -5.03966e-06
time: 93	PE: 6	op: -1000 / 1000.01 = -0.99999
time: 93	PE: 7	op: 0 - -1000 * -6.40232e-06 = -0.00640232
time: 93	PE: 8	op: 1000 - -2.84492e-12 * -5.4772e-13 = 1000
time: 93	PE: 9	op: 4.15917 - -0.0740297 * -0.00481913 = 4.15882
time: 93	PE: 10	op: -0.000222222 - 0.00365237 * -1 = 0.00343014
time: 93	PE: 11	op: -1 / 1 = -1
Ax[40641] = 9.44475e-43
time: 94	PE: 0	op: 0.0205894 - 0.0165591 * -8.21254e-08 = 0.0205894
time: 94	PE: 1	op: -0.0244451 - 0.0165591 * -1.01468e-05 = -0.024445
time: 94	PE: 2	op: -0.0025 - 0.0165591 * -0.99999 = 0.0140589
time: 94	PE: 3	op: 3000 - -4.96254e-07 * -3.65293e-06 = 3000
time: 94	PE: 4	op: -0.00837092 - 0.00333097 * -3.41702e-06 = -0.0083709
time: 94	PE: 5	op: -0.0050397 / 1000.01 = -5.03965e-06
time: 94	PE: 6	op: 100000 - -1.18e-30 * -1.18e-35 = 100000
time: 94	PE: 7	op: 3.05178e-09 / 0.0516798 = 5.90516e-08
time: 94	PE: 8	op: 6.24015e-05 - -2e-07 * -0.000999001 = 6.24013e-05
time: 94	PE: 9	op: 1 / -1 = -1
time: 94	PE: 10	op: -100000 / 1 = -100000
time: 94	PE: 11	op: -1.2987 / 1 = -1.2987
Ax[40641] = 9.44475e-43
time: 95	PE: 0	op: 0.0714919 - -0.0809887 * -0.996377 = -0.00920328
time: 95	PE: 1	op: -0.0025 - -0.0809887 * -0.00111117 = -0.00258999
time: 95	PE: 2	op: 2000.01 - -0.00365237 * -1.0021e-15 = 2000.01
time: 95	PE: 3	op: 7.09058e-05 / 1000 = 7.09058e-08
time: 95	PE: 4	op: -1.00041e-12 - -1.00041e-12 * -7.08897e-08 = -1.00041e-12
time: 95	PE: 5	op: -5.81108e-11 / 8.89759 = -6.53107e-12
time: 95	PE: 6	op: -8.89759 / 8.89759 = -1
time: 95	PE: 7	op: 5000.13 - -1000 * -0.999948 = 4000.18
time: 95	PE: 8	op: 0 - -2e-31 * -465.116 = -9.30233e-29
time: 95	PE: 9	op: 0.00167203 - -0.00167226 * -1.67203e-06 = 0.00167203
time: 95	PE: 10	op: -0.882613 / -1 = 0.882613
Ax[40641] = 9.44475e-43
time: 96	PE: 0	op: 0.362882 - -0.335796 * -1 = 0.0270866
time: 96	PE: 1	op: 0 - -7.09078e-05 * -1.00036 = -7.09336e-05
time: 96	PE: 2	op: 4.06224 - -1e-12 * -2.97801e-12 = 4.06224
time: 96	PE: 3	op: -0.0130792 / 1000 = -1.30792e-05
time: 96	PE: 4	op: 0.00333095 / 1000.01 = 3.33093e-06
time: 96	PE: 5	op: 0.0130773 / 1000 = 1.30773e-05
time: 96	PE: 6	op: -7.09175e-05 / 1000 = -7.09175e-08
time: 96	PE: 7	op: -1000 / 1000 = -1
time: 96	PE: 8	op: 0.00822284 - -0.0326097 * -0.00481913 = 0.00806569
time: 96	PE: 9	op: 4.15917 - -0.0740297 * -0.00481913 = 4.15882
time: 96	PE: 10	op: 0.0885415 - -0.0326097 * -4.4787e-05 = 0.0885401
time: 96	PE: 11	op: -0.0234049 - -0.0740297 * -4.47869e-05 = -0.0234082
time: 96	PE: 12	op: -1 / 1 = -1
Ax[40641] = 9.44475e-43
time: 97	PE: 0	op: 0.146497 - -0.0809887 * -0.00251228 = 0.146293
time: 97	PE: 1	op: 0 - -1000 * -7.08897e-08 = -7.08897e-05
time: 97	PE: 2	op: 0.115915 - -0.115915 * -0.91694 = 0.00962787
time: 97	PE: 3	op: -2.11125e-11 / 8.89759 = -2.37283e-12
time: 97	PE: 4	op: 3634.14 - -1 * -3635.14 = -1
time: 97	PE: 5	op: -2325.58 / 1 = -2325.58
time: 97	PE: 6	op: 0 - -0.00640296 * -0.999994 = -0.00640292
time: 97	PE: 7	op: 0 - -1.00006e-12 * -1 = -1.00006e-12
time: 97	PE: 8	op: -100000 / 100000 = -1
time: 97	PE: 9	op: -6.99791e-08 / 26.9179 = -2.59972e-09
time: 97	PE: 10	op: 0.00641026 / -1 = -0.00641026
Ax[40641] = 9.44475e-43
time: 98	PE: 0	op: 2000 - -1000 * -1 = 1000
time: 98	PE: 1	op: 1000.1 - -1000 * -1 = 0.104919
time: 98	PE: 2	op: 0.00388637 - 100000 * -1 = 100000
time: 98	PE: 3	op: 0 - -1000 * -1.0021e-15 = -1.0021e-12
time: 98	PE: 4	op: -0.000606061 - -1.2987 * -1 = -1.29931
time: 98	PE: 5	op: 0 - -0.0521333 * -0.999948 = -0.0521306
time: 98	PE: 6	op: -1000 - 0.0521263 * -1 = -999.948
time: 98	PE: 7	op: -1000 - -1000 * -1.03213e-15 = -1000
time: 98	PE: 8	op: -7.69231e-05 / -1 = 7.69231e-05
time: 98	PE: 9	op: -1e-12 / 6.01288 = -1.6631e-13
time: 98	PE: 10	op: -3635.14 / 1 = -3635.14
time: 98	PE: 11	op: -1.2987 / 1 = -1.2987
Ax[40641] = 9.44475e-43
time: 99	PE: 0	op: 3000.12 - -0.052125 * -1.03208e-15 = 3000.12
time: 99	PE: 1	op: 0 - -0.052125 * -1 = -0.052125
time: 99	PE: 2	op: 100000 - -1.18e-30 * -1.18e-35 = 100000
time: 99	PE: 3	op: 0 - -0.00938978 * 3.99932e+07 = 375528
time: 99	PE: 4	op: 0.459995 - -0.00394214 * -0.61186 = 0.457583
time: 99	PE: 5	op: -1000 / 1000 = -1
time: 99	PE: 6	op: 1000.02 - -1000 * -0.5 = 500.025
time: 99	PE: 7	op: 6.57462 - -2.99378e-10 * -4.99012e-11 = 6.57462
time: 99	PE: 8	op: -2e-31 / 100000 = -2e-36
time: 99	PE: 9	op: 0 - -8.33333 * 0.12 = 1
Ax[40641] = 9.44475e-43
time: 100	PE: 0	op: 18.1818 - -18.1818 * -1 = 0
time: 100	PE: 1	op: 0 - -0.00938978 * 0.533243 = 0.00500704
time: 100	PE: 2	op: -0.00108696 - -0.00938978 * 5.4143e-05 = -0.00108646
time: 100	PE: 3	op: -0.024445 - 0.0205894 * 0.0209431 = -0.0248762
time: 100	PE: 4	op: 0.000785714 - 1 * -1 = 1.00079
time: 100	PE: 5	op: -2.19068e-12 - -1e-12 * -1 = -3.19068e-12
time: 100	PE: 6	op: -0.000133333 - -1000 * -3.65286e-06 = -0.0037862
time: 100	PE: 7	op: -3.84447e-12 / 0.000953674 = -4.03122e-09
time: 100	PE: 8	op: -1000 / 1000 = -1
time: 100	PE: 9	op: -4.655e-08 - -2.99378e-10 * -1.33378e-10 = -4.655e-08
time: 100	PE: 10	op: -1000 / 1000 = -0.999999
Ax[40641] = 9.44475e-43
time: 101	PE: 0	op: 1000.02 - -3.90678e-08 * -0.123487 = 1000.02
time: 101	PE: 1	op: -3.90678e-08 - -3.90678e-08 * -1.67781e-05 = -3.90684e-08
time: 101	PE: 2	op: 0.052125 - -3.90678e-08 * -0.000358601 = 0.052125
time: 101	PE: 3	op: 0 - -3.90678e-08 * -0.785998 = -3.07072e-08
time: 101	PE: 4	op: -0.697996 - 0.348879 * -0.785998 = -0.423778
time: 101	PE: 5	op: 0 - -3.74746e-05 * -0.000358601 = -1.34384e-08
time: 101	PE: 7	op: 0 - -0.00920328 * 3.99932e+07 = 368069
time: 101	PE: 8	op: 0 - -0.0083709 * -0.99999 = -0.00837082
time: 101	PE: 9	op: -1000 / 1000 = -1
time: 101	PE: 10	op: -9.63044e-09 / 1000 = -9.63044e-12
time: 101	PE: 11	op: -1000 - 0.052125 * -1 = -999.948
time: 101	PE: 12	op: -3.11007e-05 / 6.24013e-05 = -0.498399
time: 101	PE: 13	op: -3.11007e-05 / 6.24013e-05 = -0.498399
Ax[40641] = 9.44475e-43
time: 102	PE: 0	op: 3.74304e-05 - -3.74746e-05 * -0.123487 = 3.28028e-05
time: 102	PE: 1	op: -1.0005e-12 - 0.348879 * -0.123487 = 0.0430819
time: 102	PE: 2	op: 1000.4 - 0.348879 * -0.000358601 = 1000.4
time: 102	PE: 3	op: 0.0270866 - -0.00938978 * 0.0209431 = 0.0272833
time: 102	PE: 4	op: 0 - -0.00920328 * 0.533243 = 0.00490758
time: 102	PE: 5	op: 0 - -3.74746e-05 * -0.785998 = -2.94549e-05
time: 102	PE: 6	op: 3000 - -1000 * -0.99999 = 2000.01
time: 102	PE: 7	op: 0 - -1000 * -5.03966e-06 = -0.00503966
time: 102	PE: 8	op: 1000.25 - -1000 * -1 = 0.249019
time: 102	PE: 9	op: -1.1274e-05 / 0.000165357 = -0.0681794
Ax[40641] = 9.44475e-43
time: 103	PE: 0	op: 0 - -0.349118 * -0.123487 = -0.0431114
time: 103	PE: 1	op: 0.146293 - -0.00920328 * 5.4143e-05 = 0.146294
time: 103	PE: 2	op: 0 - -1000 * 7.09058e-08 = 7.09058e-05
time: 103	PE: 3	op: -0.0102042 - 0.0205894 * 5.4143e-05 = -0.0102053
time: 103	PE: 4	op: 0 - 0.0205894 * 3.99932e+07 = -823436
time: 103	PE: 5	op: 0.00333096 - -0.0083709 * -5.03965e-06 = 0.00333091
time: 103	PE: 6	op: -7.09058e-05 - -9.63044e-09 * 7.09058e-08 = -7.09058e-05
time: 103	PE: 7	op: -2.19068e-12 - -0.335796 * -2.97801e-12 = -3.19068e-12
time: 103	PE: 8	op: 10.1958 - -8.89759 * -1 = 1.29826
time: 103	PE: 9	op: -1.33333e-06 - -100000 * -1.18e-35 = -1.33333e-06
time: 103	PE: 10	op: 1.2987 / 1 = 1.2987
Ax[40641] = 9.44475e-43
time: 104	PE: 0	op: 1000.02 - -3.89391e-08 * 1.30773e-05 = 1000.02
time: 104	PE: 1	op: 0 - -3.89391e-08 * -1 = -3.89391e-08
time: 104	PE: 2	op: 0 - -1000 * 1.30773e-05 = 0.0130773
time: 104	PE: 3	op: 0.779538 - -1.18986e-12 * -1.18986e-12 = 0.779538
time: 104	PE: 4	op: 0 - -0.00640232 * -1 = -0.00640232
time: 104	PE: 5	op: 1000.01 - -0.0083709 * -5.03966e-06 = 1000.01
time: 104	PE: 6	op: -2.32134e-07 - -0.00170851 * -5.03966e-06 = -2.40745e-07
time: 104	PE: 7	op: 31.7901 - -5.90855e-11 * -6.53107e-12 = 31.7901
time: 104	PE: 8	op: -0.00045847 / 0.00962787 = -0.047619
time: 104	PE: 9	op: 1 / -1 = -1
time: 104	PE: 10	op: -3635.14 / 1 = -3635.14
time: 104	PE: 11	op: -0.714286 / 1 = -0.714286
Ax[40641] = 9.44475e-43
time: 105	PE: 0	op: 3000.12 - -1.00041e-12 * 7.09058e-08 = 3000.12
time: 105	PE: 1	op: -0.349117 - -0.349118 * -0.000358601 = -0.349243
time: 105	PE: 2	op: 0 - 0.348879 * -1.67781e-05 = 5.85353e-06
time: 105	PE: 3	op: 0 - 0.0205894 * 0.533243 = -0.0109791
time: 105	PE: 5	op: 0 - -1000 * -1.30792e-05 = -0.0130792
time: 105	PE: 6	op: 200001 - -100000 * -1 = 100001
time: 105	PE: 7	op: 1000 - -9.63422e-09 * -7.09175e-08 = 1000
time: 105	PE: 8	op: 0 - -1 * -1 = -1
time: 105	PE: 9	op: 1000.07 - -1000 * -0.999933 = 0.137134
Ax[40641] = 9.44475e-43
time: 106	PE: 1	op: 0 - -1 * -1 = -1
time: 106	PE: 2	op: 0.0114746 - -3.74746e-05 * -1.67781e-05 = 0.0114746
time: 106	PE: 3	op: -4.00676e-13 - -5.90855e-11 * -2.37283e-12 = -4.00676e-13
time: 106	PE: 4	op: -3.89381e-08 - -3.89391e-08 * -1.30792e-05 = -3.89386e-08
time: 106	PE: 5	op: 100000 / -0.00250042 = -3.99932e+07
time: 106	PE: 6	op: 1000 - -1.0021e-12 * 3.65243e-06 = 1000
time: 106	PE: 7	op: -1.00041e-12 - -1.00041e-12 * -7.09175e-08 = -1.00041e-12
time: 106	PE: 8	op: 0.00806569 / 0.0885401 = 0.0910965
time: 106	PE: 9	op: -0.0641547 / 0.0885401 = -0.724584
time: 106	PE: 10	op: -3.33333e-05 - -100000 * -1.18e-35 = -3.33333e-05
Ax[40641] = 9.44475e-43
time: 107	PE: 0	op: 0 - 1 * 7.69231e-05 = -7.69231e-05
time: 107	PE: 1	op: 3000 - -1000 * -1 = 2000
time: 107	PE: 2	op: 0 - -1.00041e-12 * -1 = -1.00041e-12
time: 107	PE: 3	op: -0.00258999 - -0.00920328 * 0.0209431 = -0.00239725
time: 107	PE: 4	op: 0 - -0.349118 * -1.67781e-05 = -5.85753e-06
time: 107	PE: 5	op: 0 - -9.63422e-09 * -1 = -9.63422e-09
time: 107	PE: 6	op: -0.000606061 - -1 * -1.2987 = -1.29931
time: 107	PE: 7	op: 0.0262349 - -2.40747e-07 * 3.33093e-06 = 0.0262349
time: 107	PE: 8	op: -0.000133333 - -4.96254e-07 * -1 = -0.00013383
time: 107	PE: 9	op: 1000.07 - -1000 * -0.999933 = 0.137134
time: 107	PE: 10	op: 1000.26 - -0.257971 * -0.340344 = 1000.17
Ax[40641] = 9.44475e-43
time: 108	PE: 0	op: -0.0130774 - -1.77682e-06 * 1.30773e-05 = -0.0130774
time: 108	PE: 1	op: 0 - -1.77682e-06 * -1 = -1.77682e-06
time: 108	PE: 2	op: 0.0132365 - -1.77682e-06 * -1.30792e-05 = 0.0132365
time: 108	PE: 3	op: -0.00365243 - -4.96254e-07 * 3.65243e-06 = -0.00365243
time: 108	PE: 4	op: 0 - -1000 * -7.09175e-08 = -7.09175e-05
time: 108	PE: 5	op: 0 - -1000 * 3.33093e-06 = 0.00333093
time: 108	PE: 6	op: 1000 - -1000 * -0.999999 = 0.000953674
time: 108	PE: 7	op: 1.84434e-12 - -2.84492e-12 * -4.03122e-09 = 1.84434e-12
time: 108	PE: 8	op: -1000 - -1000 * -1.03213e-15 = -1000
time: 108	PE: 9	op: 1 / -1 = -1
Ax[40641] = 9.44475e-43
time: 109	PE: 0	op: 1000 - -7.08897e-05 * -9.63044e-12 = 1000
time: 109	PE: 1	op: 3634.14 - -1 * -3635.14 = -1
time: 109	PE: 2	op: -9.70857e-13 - -1000 * -9.63044e-12 = -9.63141e-09
time: 109	PE: 3	op: 0 - -5.90855e-11 * -1 = -5.90855e-11
time: 109	PE: 4	op: -0.000606061 - -1 * -1.2987 = -1.29931
time: 109	PE: 5	op: 0 - -1000 * -5.56891e-09 = -5.56891e-06
time: 109	PE: 6	op: 1000.04 - -1000 * -1 = 0.0370469
time: 109	PE: 7	op: -1.00149e-12 - -7.08897e-05 * -1 = -7.08897e-05
time: 109	PE: 8	op: 0 - -3.11007e-05 * -0.498399 = -1.55006e-05
time: 109	PE: 9	op: -0.000324675 - -0.714286 * -1 = -0.71461
time: 109	PE: 10	op: -1705.43 / 1 = -1705.43
Ax[40641] = 9.44475e-43
time: 110	PE: 0	op: -1.00041e-12 - -1.00041e-12 * -9.63044e-12 = -1.00041e-12
time: 110	PE: 1	op: 2000.7 - -0.349118 * -0.785998 = 2000.43
time: 110	PE: 2	op: 0.00333091 / 1000.01 = 3.3309e-06
time: 110	PE: 3	op: -0.0174087 / 0.457583 = -0.0380449
time: 110	PE: 4	op: -0.00353404 / 0.457583 = -0.00772328
time: 110	PE: 5	op: -0.00837082 / 1000.01 = -8.37078e-06
time: 110	PE: 6	op: -0.43664 / 0.457583 = -0.954232
time: 110	PE: 7	op: 0 - -1.00041e-12 * -1 = -1.00041e-12
time: 110	PE: 8	op: -1000 / 1000.01 = -0.999995
time: 110	PE: 9	op: -4.42388e-10 / 0.00962787 = -4.59486e-08
time: 110	PE: 10	op: -31.7901 / 31.7901 = -1
time: 110	PE: 11	op: 1000.25 - -1000 * -1 = 0.249019
time: 110	PE: 12	op: 0 - -1000 * -1.00006e-15 = -1.00006e-12
time: 110	PE: 13	op: 1 / 1 = 1
Ax[40641] = 9.44475e-43
time: 111	PE: 0	op: 3000.12 - -1e-12 * -1.6631e-13 = 3000.12
time: 111	PE: 1	op: 0 - -0.055 * 7.69231e-05 = 4.23077e-06
time: 111	PE: 2	op: -9.38897e-12 / 0.00962787 = -9.75186e-10
time: 111	PE: 3	op: 0 - -1 * -100000 = -100000
time: 111	PE: 5	op: 3000 - -1000 * -1 = 2000
time: 111	PE: 6	op: 100000 - -1.18e-30 * -1.18e-35 = 100000
time: 111	PE: 7	op: -1000 - 0.00640223 * -1 = -999.994
time: 111	PE: 8	op: -0.0352393 / 0.137134 = -0.25697
time: 111	PE: 9	op: -0.5 / 2.5 = -0.2
Ax[40641] = 9.44475e-43
time: 112	PE: 0	op: 3634.14 - -1 * -3635.14 = -1
time: 112	PE: 1	op: 1000.01 - -1000 * -1 = 0.0114136
time: 112	PE: 2	op: 0 - -4.43362e-10 * -0.047619 = -2.11125e-11
time: 112	PE: 3	op: -1.0021e-12 / 1000 = -1.0021e-15
time: 112	PE: 4	op: 0 - -8.89759 * -2.37283e-12 = -2.11125e-11
time: 112	PE: 5	op: -1.0021e-12 / 1000 = -1.0021e-15
time: 112	PE: 6	op: -7.09058e-05 / 1000 = -7.09058e-08
time: 112	PE: 7	op: -4.00676e-13 / 31.7901 = -1.26038e-14
time: 112	PE: 9	op: -0.00640292 - 0.00640223 * -1.03212e-15 = -0.00640292
time: 112	PE: 10	op: 1000 - -1.00007e-12 * -4.03122e-09 = 1000
time: 112	PE: 11	op: -0.248814 / 0.249019 = -0.999178
Ax[40641] = 9.44475e-43
time: 113	PE: 0	op: -1.00082e-12 - -1 * -1.18986e-12 = -2.19068e-12
time: 113	PE: 1	op: 0 - -8.41421e-12 * -0.047619 = -4.00676e-13
time: 113	PE: 2	op: -1.33333e-06 - -1.18e-30 * -1 = -1.33333e-06
time: 113	PE: 3	op: -1000 / 1000 = -1
time: 113	PE: 4	op: 0 - -0.00045847 * -4.59486e-08 = -2.10661e-11
time: 113	PE: 5	op: 4000.18 - -1000 * -0.999994 = 3000.19
time: 113	PE: 6	op: 0 - -0.00170851 * -0.99999 = -0.00170849
time: 113	PE: 7	op: 0 - 1000 * 0.00657462 = -6.57462
time: 113	PE: 8	op: 0 - -1000 * -5.0397e-06 = -0.0050397
time: 113	PE: 9	op: -1000 / 1000 = -1
time: 113	PE: 10	op: -100000 / 100000 = -0.999998
Ax[40641] = 9.44475e-43
time: 114	PE: 0	op: 0.065588 - -0.0641547 * -0.724584 = 0.0191026
time: 114	PE: 1	op: -0.0130774 / 0.0132365 = -0.987986
time: 114	PE: 2	op: 0.0140589 - 0.0205894 * -3.99932e+07 = 823436
time: 114	PE: 3	op: -9.12462e-08 / 0.0132365 = -6.89355e-06
time: 114	PE: 4	op: -0.000200001 / 0.0132365 = -0.0151098
time: 114	PE: 5	op: -1.77682e-06 / 0.0132365 = -0.000134237
time: 114	PE: 6	op: -1000 / 1000 = -1
time: 114	PE: 7	op: 0 - -1 * -100000 = -100000
time: 114	PE: 8	op: 0.882644 - -3.11007e-05 * -0.498399 = 0.882628
time: 114	PE: 9	op: -1000 - 0.00640232 * -1 = -999.994
time: 114	PE: 10	op: -1000 / 1000.01 = -0.99999
time: 114	PE: 11	op: -0.0352393 / 0.137134 = -0.25697
time: 114	PE: 12	op: -310.078 / 1 = -310.078
Ax[40641] = 9.44475e-43
time: 115	PE: 0	op: -0.052125 - -5.56891e-06 * -1 = -0.0521306
time: 115	PE: 1	op: -0.0166117 - -0.00938978 * -3.99932e+07 = -375528
time: 115	PE: 2	op: -1.3538e-07 - -0.00920328 * -3.99932e+07 = -368069
time: 115	PE: 3	op: -9.63141e-09 / 0.0370469 = -2.59979e-07
time: 115	PE: 4	op: -0.052125 - -5.56891e-06 * 5.2125e-05 = -0.052125
time: 115	PE: 5	op: -0.037037 / 0.0370469 = -0.999734
time: 115	PE: 6	op: -5.90855e-11 / 31.7901 = -1.85861e-12
time: 115	PE: 7	op: -5.22346e-16 / 0.000953674 = -5.4772e-13
time: 115	PE: 8	op: 200000 - -100000 * -1 = 100000
time: 115	PE: 9	op: 1000 - -0.00167226 * -2.27178e-10 = 1000
time: 115	PE: 10	op: 0 - 1 * -0.0401614 = 0.0401614
Ax[40641] = 9.44475e-43
time: 116	PE: 1	op: 0 - 7.09078e-05 * -1.00036 = 7.09336e-05
time: 116	PE: 2	op: -9.63422e-09 / 1000 = -9.63422e-12
time: 116	PE: 3	op: 0 - -1 * -2e-31 = -2e-31
time: 116	PE: 4	op: -0.00170851 - -2.40747e-07 * -8.37087e-06 = -0.00170851
time: 116	PE: 5	op: -0.0037862 - 0.00365237 * -1.0021e-15 = -0.0037862
time: 116	PE: 6	op: -3.84445e-12 / 0.000953674 = -4.0312e-09
time: 116	PE: 7	op: -3.38064e-05 / 0.249019 = -0.000135758
time: 116	PE: 8	op: 1000 - 1.84434e-12 * -1.00006e-15 = 1000
time: 116	PE: 9	op: -999.948 / 1000 = -0.999948
time: 116	PE: 10	op: -4 / 1 = -4
Ax[40641] = 9.44475e-43
time: 117	PE: 0	op: -1e-08 - -100000 * -2e-36 = -1e-08
time: 117	PE: 1	op: 0 - -8.89759 * -6.53107e-12 = -5.81108e-11
time: 117	PE: 2	op: 500.025 - -500 * -0.999997 = 0.0262349
time: 117	PE: 3	op: 0 - -1e-12 * -1 = -1e-12
time: 117	PE: 4	op: 0 - -1000 * -6.84008e-10 = -6.84008e-07
time: 117	PE: 5	op: 0 - -100000 * -1 = -100000
time: 117	PE: 6	op: -0.248815 / 0.249019 = -0.99918
time: 117	PE: 7	op: -999.994 / 1000 = -0.999994
time: 117	PE: 8	op: 0.335796 - -1e-12 * -1e-14 = 0.335796
time: 117	PE: 9	op: -1 / 1 = -1
time: 117	PE: 10	op: -0.00625 / 1 = -0.00625
Ax[40641] = 9.44475e-43
time: 118	PE: 1	op: 2000.01 - -0.00503966 * -8.37078e-06 = 2000.01
time: 118	PE: 2	op: 0 - -0.00503966 * -0.999995 = -0.00503964
time: 118	PE: 3	op: 0 - -1000 * -8.37078e-06 = -0.00837078
time: 118	PE: 4	op: 5.16095 - -5.48788e-05 * -0.0380449 = 5.16094
time: 118	PE: 5	op: 0 - -2.40745e-07 * -0.999995 = -2.40744e-07
time: 118	PE: 6	op: 0 - -1000 * 3.3309e-06 = 0.0033309
time: 118	PE: 7	op: 0 - -0.0516797 * 5.90516e-08 = 3.05177e-09
time: 118	PE: 8	op: -0.0352393 / 0.137134 = -0.256971
time: 118	PE: 9	op: -1000 / 1000 = -1
time: 118	PE: 10	op: -0.00640292 / 1000 = -6.40292e-06
time: 118	PE: 11	op: -0.12 / -1 = 0.12
time: 118	PE: 12	op: -3635.14 / 1 = -3635.14
Ax[40641] = 9.44475e-43
time: 119	PE: 0	op: 0.779538 - -0.43664 * -0.954232 = 0.362883
time: 119	PE: 1	op: 3000.12 - -5.56891e-06 * -5.21306e-05 = 3000.12
time: 119	PE: 2	op: 0.0207513 - -0.0208878 * -0.00772328 = 0.02059
time: 119	PE: 3	op: -0.00601558 - -0.43664 * -0.00772328 = -0.00938788
time: 119	PE: 4	op: -5.81108e-11 - -4.43362e-10 * -9.75186e-10 = -5.81108e-11
time: 119	PE: 5	op: 31.7901 - -8.41421e-12 * -9.75186e-10 = 31.7901
time: 119	PE: 7	op: 0 - -0.43664 * -0.0380449 = -0.0166119
time: 119	PE: 9	op: -1.03213e-12 - -1.03213e-12 * -2.27178e-10 = -1.03213e-12
time: 119	PE: 10	op: -1000 - -1000 * -1.03213e-15 = -1000
time: 119	PE: 11	op: -2 / 1 = -2
Ax[40641] = 9.44475e-43
time: 120	PE: 0	op: -0.0248762 / 823436 = -3.02102e-08
time: 120	PE: 1	op: -0.0109791 / 823436 = -1.33333e-08
time: 120	PE: 2	op: -0.0102053 / 823436 = -1.23936e-08
time: 120	PE: 3	op: -7.59605e-14 - -5.48788e-05 * -0.00772328 = -4.23844e-07
time: 120	PE: 4	op: 8.89759 - -4.43362e-10 * -4.59486e-08 = 8.89759
time: 120	PE: 5	op: -5.90855e-11 - -8.41421e-12 * -4.59486e-08 = -5.90855e-11
time: 120	PE: 6	op: 0 - -0.00045847 * -9.75186e-10 = -4.47094e-13
time: 120	PE: 7	op: 0 - -0.00045847 * -4.59486e-08 = -2.10661e-11
time: 120	PE: 8	op: 3000.19 - -0.0666667 * -6.66622e-05 = 3000.19
time: 120	PE: 9	op: -0.0050397 - -0.00503972 * 3.33093e-06 = -0.00503968
time: 120	PE: 10	op: -0.0352393 / 0.137134 = -0.256971
time: 120	PE: 11	op: -8e-31 / -1 = 8e-31
Ax[40641] = 9.44475e-43
time: 121	PE: 0	op: -0.0521306 - -0.052125 * -1.0005e-15 = -0.0521306
time: 121	PE: 1	op: 0 - -0.052125 * -1 = -0.052125
time: 121	PE: 2	op: 100000 - -100000 * -0.999998 = 0.202656
time: 121	PE: 3	op: 7.09058e-05 - -7.08897e-05 * -7.09058e-08 = 7.09058e-05
time: 121	PE: 4	op: 0 - -2.10661e-11 * -1 = -2.10661e-11
time: 121	PE: 5	op: -3.33333e-05 - -1.18e-30 * -1 = -3.33333e-05
time: 121	PE: 6	op: 1000 - 0.00640232 * -1.03213e-15 = 1000
time: 121	PE: 7	op: -6.87607e-10 - -6.436e-06 * -0.25697 = -1.65455e-06
time: 121	PE: 8	op: 0 - -0.0641547 * 0.0910965 = 0.00584427
Ax[40641] = 9.44475e-43
time: 122	PE: 0	op: 1000.02 - -3.89386e-08 * -0.987986 = 1000.02
time: 122	PE: 1	op: -3.89391e-08 - -3.89386e-08 * -0.000134237 = -3.89443e-08
time: 122	PE: 2	op: 0.0521263 - -3.89386e-08 * -6.89355e-06 = 0.0521263
time: 122	PE: 3	op: 0 - -3.89386e-08 * -0.0151098 = -5.88356e-10
time: 122	PE: 4	op: 0.0130773 - -0.0130792 * -0.987986 = 0.000155321
time: 122	PE: 5	op: 0 - 0.34891 * -0.000134237 = 4.68368e-05
time: 122	PE: 6	op: 0 - -0.0130792 * -6.89355e-06 = -9.01619e-08
time: 122	PE: 7	op: 0.0114136 - -0.0130792 * -0.000134237 = 0.0114118
time: 122	PE: 8	op: 0 - -0.0130792 * -0.0151098 = -0.000197624
time: 122	PE: 9	op: -1.00149e-12 - -7.09175e-05 * -1 = -7.09175e-05
time: 122	PE: 10	op: 0 - 1.84434e-12 * -1 = 1.84434e-12
time: 122	PE: 11	op: -1000 / 1000 = -1
Ax[40641] = 9.44475e-43
time: 123	PE: 0	op: -1.0005e-12 - 0.34891 * -0.987986 = 0.344718
time: 123	PE: 1	op: 0 - -0.34911 * -0.987986 = -0.344916
time: 123	PE: 2	op: 2000 - -1000 * -1 = 1000
time: 123	PE: 3	op: -0.698021 - 0.34891 * -0.0151098 = -0.692749
time: 123	PE: 4	op: 0 - -1.00041e-12 * -0.999734 = -1.00015e-12
time: 123	PE: 5	op: -1e-08 / 1 = -1e-08
time: 123	PE: 7	op: 0 - -31.7901 * -1.85861e-12 = -5.90855e-11
time: 123	PE: 8	op: 100032 - -31.7901 * -1 = 100000
time: 123	PE: 9	op: 0 - -5.81108e-11 * -1 = -5.81108e-11
time: 123	PE: 10	op: 1.29826 - -5.81108e-11 * -1.85861e-12 = 1.29826
time: 123	PE: 11	op: -2.11125e-11 - -5.81108e-11 * -1.26038e-14 = -2.11125e-11
Ax[40641] = 9.44475e-43
time: 124	PE: 0	op: 1000.4 - 0.34891 * -6.89355e-06 = 1000.4
time: 124	PE: 1	op: 0.0830078 - -0.037037 * -0.999734 = 0.0459806
time: 124	PE: 2	op: 1000 - -7.08897e-05 * -2.59979e-07 = 1000
time: 124	PE: 3	op: -1.00149e-12 - -7.08897e-05 * -0.999734 = -7.08708e-05
time: 124	PE: 4	op: -1.03213e-12 - -0.037037 * -2.59979e-07 = -9.62987e-09
time: 124	PE: 5	op: -9.70857e-13 - -1000 * -9.63422e-12 = -9.63519e-09
time: 124	PE: 6	op: 0 - -0.34911 * -0.000134237 = -4.68636e-05
time: 124	PE: 7	op: 1000.04 - -1000 * -1 = 0.0370469
time: 124	PE: 8	op: -5.16089 / 5.16094 = -0.99999
time: 124	PE: 9	op: 0 - -1.00041e-12 * -1 = -1.00041e-12
time: 124	PE: 10	op: 0.0352328 - -0.0704721 * -0.25697 = 0.0171236
time: 124	PE: 11	op: 1000.04 - -0.0704721 * -0.25697 = 1000.02
Ax[40641] = 9.44475e-43
time: 125	PE: 0	op: 3000.12 - -1.00041e-12 * -7.09058e-08 = 3000.12
time: 125	PE: 1	op: 0.202656 - -2e-31 * -2e-36 = 0.202656
time: 125	PE: 2	op: -823436 / 823436 = -1
time: 125	PE: 3	op: 3000.7 - -1000 * -0.999995 = 2000.7
time: 125	PE: 4	op: 1000 - -1000 * -0.99999 = 0.0100136
time: 125	PE: 5	op: 2000 - -1000 * -0.999994 = 1000.01
time: 125	PE: 6	op: 0 - -1000 * -7.09058e-08 = -7.09058e-05
time: 125	PE: 7	op: -0.00640223 - -6.83999e-07 * -0.999994 = -0.00640292
time: 125	PE: 8	op: -0.00170849 - -2.40745e-07 * -8.37078e-06 = -0.00170849
time: 125	PE: 9	op: -9.55328e-13 - -4.48724e-14 * -1.04479e-15 = -9.55328e-13
Ax[40641] = 9.44475e-43
time: 126	PE: 0	op: -0.34911 - -0.34911 * -6.89355e-06 = -0.349113
time: 126	PE: 1	op: -1.00041e-12 - -1.00041e-12 * -9.63422e-12 = -1.00041e-12
time: 126	PE: 2	op: -1.00041e-12 - -1.00041e-12 * -2.59979e-07 = -1.00041e-12
time: 126	PE: 3	op: 0 - -31.7901 * -1.26038e-14 = -4.00676e-13
time: 126	PE: 4	op: -5.81108e-11 / 8.89759 = -6.53107e-12
time: 126	PE: 5	op: -8.89759 / 8.89759 = -1
time: 126	PE: 6	op: -1 - 100000 * 0.12 = -12001
time: 126	PE: 7	op: -2.11125e-11 / 8.89759 = -2.37283e-12
time: 126	PE: 8	op: -3.33333e-05 - -100000 * -1.18e-35 = -3.33333e-05
time: 126	PE: 9	op: -3.38063e-05 / 0.249019 = -0.000135758
time: 126	PE: 10	op: -3.33333e-05 - -1 * -0.00625 = -0.00628333
time: 126	PE: 11	op: -1000 / 1000.17 = -0.99983
Ax[40641] = 9.44475e-43
time: 127	PE: 0	op: 2000.01 - -0.00365243 * -1.0021e-15 = 2000.01
time: 127	PE: 1	op: 0 - -0.00365243 * -1 = -0.00365243
time: 127	PE: 2	op: -0.00451328 - -0.0208878 * -0.954232 = -0.0244451
time: 127	PE: 3	op: 0 - -5.48788e-05 * -0.954232 = -5.23671e-05
time: 127	PE: 4	op: 0.0173538 - -0.0208878 * -0.0380449 = 0.0165591
time: 127	PE: 5	op: 0.0262349 - -0.00170851 * -5.03965e-06 = 0.0262349
time: 127	PE: 6	op: -0.208105 - -0.208105 * -0.000135758 = -0.208133
time: 127	PE: 7	op: 0 - -0.0234082 * -0.724584 = -0.0169612
time: 127	PE: 8	op: 4.15882 - -0.0234082 * 0.0910965 = 4.16095
time: 127	PE: 9	op: -1e-12 / 0.335796 = -2.97801e-12
time: 127	PE: 10	op: -0.335796 / 0.335796 = -1
time: 127	PE: 11	op: 1000 - -1e-12 * -6.95e-11 = 1000
Ax[40641] = 9.44475e-43
time: 128	PE: 0	op: 0.146294 - -368069 * -1.23936e-08 = 0.141732
time: 128	PE: 1	op: 0 - -100000 * -1.23936e-08 = -0.00123936
time: 128	PE: 2	op: 0.0191026 - -0.00133333 * -1.33333e-08 = 0.0191026
time: 128	PE: 3	op: 0.00500704 - -375528 * -1.33333e-08 = -4.32582e-10
time: 128	PE: 4	op: 0 - -0.00133333 * -1.23936e-08 = -1.65248e-11
time: 128	PE: 5	op: -0.00108646 - -375528 * -1.23936e-08 = -0.00574059
time: 128	PE: 6	op: 0 - -100000 * -1.33333e-08 = -0.00133333
time: 128	PE: 7	op: 0 - -1000 * -1.0021e-15 = -1.0021e-12
time: 128	PE: 8	op: -4.47094e-13 - -2.10661e-11 * -6.53107e-12 = -4.47094e-13
time: 128	PE: 9	op: 1000 - -6.43837e-06 * -0.256971 = 1000
time: 128	PE: 10	op: 0 - -2e-31 * -1 = -2e-31
Ax[40641] = 9.44475e-43
time: 129	PE: 0	op: 1000 - -7.09175e-05 * -9.63422e-12 = 1000
time: 129	PE: 1	op: 0 - -0.00133333 * -3.02102e-08 = -4.02802e-11
time: 129	PE: 3	op: 0 - -100000 * -3.02102e-08 = -0.00302102
time: 129	PE: 4	op: -1.03212e-12 - -1000 * -6.40292e-06 = -0.00640292
time: 129	PE: 5	op: -4.23844e-07 / 5.16094 = -8.21254e-08
time: 129	PE: 6	op: -5.90855e-11 / 100000 = -5.90855e-16
time: 129	PE: 7	op: -1.33333e-06 - -100000 * -1.18e-35 = -1.33333e-06
time: 129	PE: 8	op: -0.00378626 - 0.00365243 * -1.0021e-15 = -0.00378626
time: 129	PE: 9	op: 1.84434e-12 / 1000 = 1.84434e-15
time: 129	PE: 10	op: 1.00201e+06 - -1.12445e-10 * -1.58547e-12 = 1.00201e+06
Ax[40641] = 9.44475e-43
time: 130	PE: 0	op: 3634.14 - -1 * -3635.14 = -1
time: 130	PE: 1	op: 0 - -1.00006e-12 * -1 = -1.00006e-12
time: 130	PE: 2	op: -0.00239725 - -368069 * -3.02102e-08 = -0.0135167
time: 130	PE: 3	op: -9.63519e-09 / 0.0370469 = -2.60081e-07
time: 130	PE: 4	op: 7.09336e-05 / 1000 = 7.09336e-08
time: 130	PE: 5	op: -0.037037 / 0.0370469 = -0.999734
time: 130	PE: 6	op: 0 - -1.00006e-12 * -0.99999 = -1.00005e-12
time: 130	PE: 7	op: 1000 - -6.436e-06 * -0.25697 = 1000
time: 130	PE: 8	op: -999.994 / 1000 = -0.999994
Ax[40641] = 9.44475e-43
time: 131	PE: 0	op: 3000.12 - -1000 * -1 = 2000.12
time: 131	PE: 1	op: 0.00490758 - -368069 * -1.33333e-08 = 1.68622e-10
time: 131	PE: 2	op: 3000.19 - -5.56905e-06 * -5.21319e-05 = 3000.19
time: 131	PE: 3	op: 1000.21 - -0.0407441 * -0.000135758 = 1000.21
time: 131	PE: 4	op: 0.0352329 - -0.0704722 * -0.256971 = 0.0171236
time: 131	PE: 5	op: 0 - -100000 * -1 = -100000
time: 131	PE: 6	op: 0 - 1000 * 0.00657462 = -6.57462
time: 131	PE: 7	op: 39.8445 - -21.8179 * -0.999596 = 18.0354
time: 131	PE: 8	op: -0.000333333 / 0.000333533 = -0.9994
time: 131	PE: 9	op: -4 / 1 = -4
Ax[40641] = 9.44475e-43
time: 132	PE: 0	op: 0.0272833 - -375528 * -3.02102e-08 = 0.0159385
time: 132	PE: 1	op: 2000.7 - -0.34911 * -0.0151098 = 2000.7
time: 132	PE: 2	op: 0 - -0.00628333 * 0.12 = 0.000754
time: 132	PE: 3	op: -7.09058e-05 / 0.0370469 = -0.00191395
time: 132	PE: 4	op: 3.05178e-09 - -1.8298e-07 * -4.99012e-11 = 3.05178e-09
time: 132	PE: 5	op: -6.8786e-10 - -6.43837e-06 * -0.256971 = -1.65516e-06
time: 132	PE: 6	op: -100000 / -12001 = 8.33264
time: 132	PE: 7	op: -3.33333e-05 / -12001 = 2.77755e-09
time: 132	PE: 8	op: -0.000324675 - -1 * -0.714286 = -0.71461
time: 132	PE: 9	op: 0 - 1 * -1 = 1
time: 132	PE: 10	op: -1 / 1 = -1
Ax[40641] = 9.44475e-43
time: 133	PE: 0	op: 0 - -0.00133333 * -1 = -0.00133333
time: 133	PE: 1	op: 375528 - -375528 * -1 = 0
time: 133	PE: 2	op: 368069 - -368069 * -1 = 0
time: 133	PE: 3	op: -0.0025 - 0.0165591 * -0.99999 = 0.0140589
time: 133	PE: 4	op: -5.23671e-05 / 5.16094 = -1.01468e-05
time: 133	PE: 5	op: -4.00676e-13 / 100000 = -4.00676e-18
time: 133	PE: 6	op: -1.00007e-12 - -1.00007e-12 * -5.4772e-13 = -1.00007e-12
time: 133	PE: 7	op: 1000 - -2.84492e-12 * -5.4772e-13 = 1000
time: 133	PE: 8	op: -1.33333e-06 - -0.71461 * -1 = -0.714612
time: 133	PE: 9	op: 1.84433e-12 - -2.84492e-12 * -4.03122e-09 = 1.84433e-12
time: 133	PE: 10	op: -24.8995 / 1 = -24.8995
Ax[40641] = 9.44475e-43
time: 134	PE: 0	op: 3000 - -1000 * -1 = 2000
time: 134	PE: 1	op: 0 - -5.90855e-11 * -1 = -5.90855e-11
time: 134	PE: 2	op: -4.00676e-13 - -5.90855e-11 * -2.37283e-12 = -4.00676e-13
time: 134	PE: 3	op: 31.7901 - -5.90855e-11 * -6.53107e-12 = 31.7901
time: 134	PE: 4	op: 10.1958 - -8.89759 * -1 = 1.29826
time: 134	PE: 5	op: 0 - -8.89759 * -2.37283e-12 = -2.11125e-11
time: 134	PE: 7	op: 0 - -0.00628333 * -1 = -0.00628333
time: 134	PE: 8	op: 1000.21 - -0.0407435 * -0.000135758 = 1000.21
time: 134	PE: 9	op: 1000.42 - -0.208105 * -0.99918 = 1000.21
Ax[40641] = 9.44475e-43
time: 135	PE: 0	op: 0.362883 - -0.335796 * -1 = 0.0270868
time: 135	PE: 1	op: 4.06224 - -1e-12 * -2.97801e-12 = 4.06224
time: 135	PE: 2	op: -2.19068e-12 - -0.335796 * -2.97801e-12 = -3.19068e-12
time: 135	PE: 3	op: -100000 / 100000 = -1
time: 135	PE: 4	op: -4.47094e-13 - -2.10661e-11 * -6.53107e-12 = -4.47094e-13
time: 135	PE: 5	op: 0 - -4.47094e-13 * -1 = -4.47094e-13
time: 135	PE: 6	op: 0 - -1000 * -5.03965e-06 = -0.00503965
time: 135	PE: 7	op: 0 - -2.10661e-11 * -1 = -2.10661e-11
time: 135	PE: 8	op: 0.000366211 - 0.00365243 * -1.0021e-15 = 0.000366211
time: 135	PE: 9	op: -2e-31 / 100000 = -2e-36
time: 135	PE: 10	op: -1000 - 0.00167203 * -1 = -999.998
Ax[40641] = 9.44475e-43
time: 136	PE: 0	op: -2.19068e-12 - -1e-12 * -1 = -3.19068e-12
time: 136	PE: 1	op: -2.10661e-11 - -4.47094e-13 * -1.85861e-12 = -2.10661e-11
time: 136	PE: 2	op: 0.0262349 - -2.40745e-07 * 3.3309e-06 = 0.0262349
time: 136	PE: 3	op: -0.208105 - -0.208105 * -0.000135758 = -0.208133
time: 136	PE: 4	op: 0 - -1 * 1 = 1
time: 136	PE: 5	op: 1.84431e-12 - -2.8449e-12 * -4.0312e-09 = 1.84431e-12
time: 136	PE: 6	op: 0.882644 - -3.11007e-05 * -0.498399 = 0.882628
Ax[40641] = 9.44475e-43
time: 137	PE: 0	op: 2000.12 - -0.052125 * -1.0005e-15 = 2000.12
time: 137	PE: 1	op: 0.104919 - -1.00006e-12 * 1.84434e-15 = 0.104919
time: 137	PE: 2	op: 0 - -1000 * 1.84434e-15 = 1.84434e-12
time: 137	PE: 3	op: 0.02059 - 0.0165591 * -8.21254e-08 = 0.02059
time: 137	PE: 4	op: -0.00938788 - -0.0166119 * -8.21254e-08 = -0.00938788
time: 137	PE: 5	op: 0 - -8.89759 * -6.53107e-12 = -5.81108e-11
time: 137	PE: 6	op: -0.167395 - -0.0407435 * -0.999178 = -0.208105
time: 137	PE: 7	op: 1000 - 0.0521263 * -1.03213e-15 = 1000
time: 137	PE: 8	op: 1e+06 - -0.5 * -0.2 = 1e+06
time: 137	PE: 9	op: 0 - -0.0166119 * -0.99999 = -0.0166117
Ax[40641] = 9.44475e-43
time: 138	PE: 0	op: 0.0830078 - -0.037037 * -0.999734 = 0.0459806
time: 138	PE: 1	op: 0 - -1000 * 7.09336e-08 = 7.09336e-05
time: 138	PE: 2	op: 1000 - -7.09175e-05 * -2.60081e-07 = 1000
time: 138	PE: 3	op: 0 - -1.00041e-12 * -0.999734 = -1.00015e-12
time: 138	PE: 4	op: -1.00149e-12 - -7.09175e-05 * -0.999734 = -7.08986e-05
time: 138	PE: 5	op: -1.00041e-12 - -1.00041e-12 * -2.60081e-07 = -1.00041e-12
time: 138	PE: 6	op: -1.03213e-12 - -0.037037 * -2.60081e-07 = -9.63365e-09
time: 138	PE: 7	op: 2000.7 - -1000 * -1 = 1000.7
time: 138	PE: 8	op: -0.167394 - -0.0407441 * -0.99918 = -0.208105
time: 138	PE: 9	op: 0 - -3.11007e-05 * -0.498399 = -1.55006e-05
Ax[40641] = 9.44475e-43
time: 139	PE: 0	op: -7.09336e-05 - -9.63422e-09 * 7.09336e-08 = -7.09336e-05
time: 139	PE: 1	op: -0.0025 - -5.16089 * -8.21254e-08 = -0.00250042
time: 139	PE: 2	op: -0.0521306 - 0.052125 * -1.03208e-15 = -0.0521306
time: 139	PE: 3	op: 0.000363417 - -0.000333333 * -0.9994 = 3.02838e-05
time: 139	PE: 4	op: 0 - -100000 * -5.90855e-16 = -5.90855e-11
time: 139	PE: 5	op: -9.55328e-13 / 1000 = -9.55328e-16
time: 139	PE: 6	op: -1.00007e-12 / 1000 = -1.00007e-15
time: 139	PE: 7	op: -1.03213e-12 / 1000 = -1.03213e-15
time: 139	PE: 8	op: 1000.04 - -0.0704722 * -0.256971 = 1000.02
time: 139	PE: 9	op: 0.0401614 / -1 = -0.0401614
Ax[40641] = 9.44475e-43
time: 140	PE: 0	op: 0 - -0.037037 * -0.00191395 = -7.08869e-05
time: 140	PE: 1	op: 7.09058e-05 - -7.08897e-05 * -0.00191395 = 7.07701e-05
time: 140	PE: 2	op: -31.7901 / 31.7901 = -1
time: 140	PE: 3	op: -5.90855e-11 / 31.7901 = -1.85861e-12
time: 140	PE: 4	op: -4.00676e-13 / 31.7901 = -1.26038e-14
time: 140	PE: 5	op: 0 - -1 * -1 = -1
time: 140	PE: 6	op: -0.000222222 - 0.00365243 * -1 = 0.00343021
time: 140	PE: 7	op: 0 - -100000 * -1 = -100000
time: 140	PE: 8	op: -0.208133 / 1000.21 = -0.00020809
time: 140	PE: 9	op: -0.0169612 / 4.16095 = -0.00407628
time: 140	PE: 10	op: 0 - -1 * -310.078 = -310.078
time: 140	PE: 11	op: -0.00641026 / -1 = 0.00641026
Ax[40641] = 9.44475e-43
time: 141	PE: 0	op: 0.0270868 - -0.0166119 * -1.01468e-05 = 0.0270866
time: 141	PE: 1	op: -0.0244451 - 0.0165591 * -1.01468e-05 = -0.024445
time: 141	PE: 2	op: 23.8995 - -1 * -24.8995 = -1
time: 141	PE: 3	op: 3000.19 - -0.0521263 * -1.03208e-15 = 3000.19
time: 141	PE: 4	op: 100000 - -100000 * -1 = 0
time: 141	PE: 5	op: -5.22343e-16 / 0.000953674 = -5.47717e-13
time: 141	PE: 6	op: 0.000111324 - -1.1274e-05 * -0.0681794 = 0.000110555
time: 141	PE: 7	op: 0.714286 / 1 = 0.714286
Ax[40641] = 9.44475e-43
time: 142	PE: 0	op: 100000 - 12000 * 8.33264 = 8.33511
time: 142	PE: 1	op: -2.11125e-11 - -5.81108e-11 * -4.00676e-18 = -2.11125e-11
time: 142	PE: 2	op: 0.00822272 - -0.0326096 * -0.00481913 = 0.00806557
time: 142	PE: 3	op: -0.00503965 - -0.00503966 * 3.3309e-06 = -0.00503963
time: 142	PE: 4	op: -0.006403 - 0.00640232 * -1.03212e-15 = -0.006403
time: 142	PE: 5	op: 0.0885415 - -0.0326096 * -4.47869e-05 = 0.0885401
time: 142	PE: 6	op: -0.00378626 / 0.000366211 = -10.339
time: 142	PE: 7	op: -0.882613 / 0.882628 = -0.999982
time: 142	PE: 8	op: -1.55006e-05 / 0.882628 = -1.75618e-05
time: 142	PE: 9	op: 0 - 12000 * 2.77755e-09 = -3.33306e-05
time: 142	PE: 10	op: -4 / 8 = -0.5
Ax[40641] = 9.44475e-43
time: 143	PE: 0	op: 2000.12 - -6.83999e-07 * -6.40292e-06 = 2000.12
time: 143	PE: 1	op: 0.202656 - -2e-31 * -2e-36 = 0.202656
time: 143	PE: 2	op: 0 - -5.81108e-11 * -1 = -5.81108e-11
time: 143	PE: 3	op: 0 - -4.47094e-13 * -1 = -4.47094e-13
time: 143	PE: 4	op: -2.10661e-11 - -4.47094e-13 * -5.90855e-16 = -2.10661e-11
time: 143	PE: 5	op: 6.57462 - -4.655e-08 * 5.90516e-08 = 6.57462
time: 143	PE: 6	op: 100000 - -100000 * -1 = 0.015625
time: 143	PE: 7	op: 0 - -4.655e-08 * -0.999996 = -4.65499e-08
Ax[40641] = 9.44475e-43
time: 144	PE: 0	op: -0.0102042 / 0.02059 = -0.495591
time: 144	PE: 1	op: 0.0140589 / 0.02059 = 0.682805
time: 144	PE: 2	op: -9.55328e-13 - -4.48722e-14 * -1.04479e-15 = -9.55328e-13
time: 144	PE: 3	op: 0 - -100000 * -4.00676e-18 = -4.00676e-13
time: 144	PE: 4	op: 1000 - -4.48722e-14 * -1.41955e-19 = 1000
time: 144	PE: 5	op: 0.0171236 / 1000.02 = 1.71233e-05
time: 144	PE: 6	op: -0.000222222 - -1000 * -1.0021e-15 = -0.000222222
time: 144	PE: 7	op: -1000 / 1000.02 = -0.999983
time: 144	PE: 8	op: -100000 / 100000 = -1
time: 144	PE: 9	op: -1e-12 / 0.0143885 = -6.95e-11
time: 144	PE: 10	op: -2 / 1 = -2
Ax[40641] = 9.44475e-43
time: 145	PE: 0	op: -1e-08 - -100000 * -2e-36 = -1e-08
time: 145	PE: 1	op: -7.09336e-05 / 1000 = -7.09336e-08
time: 145	PE: 2	op: 1.29826 - -5.81108e-11 * -5.90855e-16 = 1.29826
time: 145	PE: 3	op: 1000 - -1000 * -0.999999 = 0.000953674
time: 145	PE: 4	op: -1000 / 1000.21 = -0.999792
time: 145	PE: 5	op: 0.0171236 / 1000.02 = 1.71233e-05
time: 145	PE: 6	op: -1000 / 1000.02 = -0.999983
time: 145	PE: 7	op: -999.948 / 1000 = -0.999948
time: 145	PE: 8	op: -4.06174 / 4.16095 = -0.976157
time: 145	PE: 9	op: -5.90855e-11 / -1 = 5.90855e-11
Ax[40641] = 9.44475e-43
time: 146	PE: 0	op: 0 - 1.84433e-12 * -1 = 1.84433e-12
time: 146	PE: 1	op: -9.30233e-29 - -100000 * -2325.58 = -2.32558e+08
time: 146	PE: 2	op: 1000 - -1.00007e-12 * -4.0312e-09 = 1000
time: 146	PE: 3	op: 1000.42 - -0.208105 * -0.999178 = 1000.21
time: 146	PE: 4	op: 0.0516798 - -1.8298e-07 * -1.33378e-10 = 0.0516798
time: 146	PE: 5	op: -0.00013383 - -0.00365243 * -1.0021e-15 = -0.00013383
time: 146	PE: 6	op: -3.33333e-05 - -1 * -0.00625 = -0.00628333
time: 146	PE: 7	op: 0 - -1 * -1705.43 = -1705.43
Ax[40641] = 9.44475e-43
time: 147	PE: 0	op: -0.024445 / 0.02059 = -1.18723
time: 147	PE: 2	op: 0 - -1000 * -9.55328e-16 = -9.55328e-13
time: 147	PE: 3	op: 1000 - -1.00006e-12 * -9.55328e-16 = 1000
time: 147	PE: 4	op: 0 - -1000 * -1.00007e-15 = -1.00007e-12
time: 147	PE: 5	op: -5.56891e-06 - -0.052125 * -1.03213e-15 = -5.56891e-06
time: 147	PE: 6	op: -5e-08 / 0.000110555 = -0.000452262
time: 147	PE: 7	op: -0.0521319 / 1000 = -5.21319e-05
time: 147	PE: 8	op: -0.0001 / 0.000110555 = -0.904525
time: 147	PE: 9	op: 1000 - 0.00167203 * -1.03213e-15 = 1000
Ax[40641] = 9.44475e-43
time: 148	PE: 0	op: 0 - -31.7901 * -1.85861e-12 = -5.90855e-11
time: 148	PE: 1	op: 3000.19 - -1000 * -1 = 2000.19
time: 148	PE: 2	op: 0 - -31.7901 * -1.26038e-14 = -4.00676e-13
time: 148	PE: 3	op: 100032 - -31.7901 * -1 = 100000
time: 148	PE: 4	op: 0 - -5.81108e-11 * -1 = -5.81108e-11
time: 148	PE: 5	op: 0 - -4.47094e-13 * -1 = -4.47094e-13
time: 148	PE: 6	op: -2.11125e-11 - -5.81108e-11 * -1.26038e-14 = -2.11125e-11
time: 148	PE: 8	op: 0.000363417 - -0.000333333 * -0.9994 = 3.02838e-05
time: 148	PE: 9	op: 0 - -1000 * -0.00020809 = -0.20809
time: 148	PE: 10	op: 0.000366211 - 0.00365237 * -1.0021e-15 = 0.000366211
time: 148	PE: 11	op: 0.00343021 / 0.000366211 = 9.36676
time: 148	PE: 12	op: -0.006403 / 1000 = -6.403e-06
Ax[40641] = 9.44475e-43
time: 149	PE: 0	op: 2000.12 - -1.00041e-12 * -0.00191395 = 2000.12
time: 149	PE: 1	op: 0 - -4.06174 * -0.00407628 = -0.0165568
time: 149	PE: 2	op: 1000 - -2.8449e-12 * -5.47717e-13 = 1000
time: 149	PE: 3	op: 0 - 1 * 0.882613 = -0.882613
time: 149	PE: 4	op: 1000 - 1.84433e-12 * -1.00007e-15 = 1000
time: 149	PE: 5	op: 100000 - -6.99791e-08 * -2.59972e-09 = 100000
time: 149	PE: 6	op: -100000 / 100000 = -1
time: 149	PE: 7	op: -2.10661e-11 - -4.47094e-13 * -1.85861e-12 = -2.10661e-11
time: 149	PE: 8	op: 5.16472 - -1.3538e-07 * -7.56776e-09 = 5.16472
Ax[40641] = 9.44475e-43
time: 150	PE: 0	op: 0.0191026 - 0.00584427 * -0.00407628 = 0.0191264
time: 150	PE: 1	op: 1.29826 - -5.81108e-11 * -1.85861e-12 = 1.29826
time: 150	PE: 2	op: 0 - -0.882613 * -1.75618e-05 = -1.55003e-05
time: 150	PE: 3	op: -0.00625 - 100000 * -1 = 100000
time: 150	PE: 4	op: 1000.21 - -0.208105 * -0.00020809 = 1000.21
time: 150	PE: 5	op: -9.55328e-13 / 1000 = -9.55328e-16
time: 150	PE: 6	op: 0.00806557 / 0.0885401 = 0.0910952
time: 150	PE: 7	op: -1e+06 / 1e+06 = -1
time: 150	PE: 8	op: -0.0030303 / 1e+06 = -3.0303e-09
time: 150	PE: 9	op: 0 - 1 * -1 = 1
Ax[40641] = 9.44475e-43
time: 151	PE: 0	op: -1e-08 / 1 = -1e-08
time: 151	PE: 1	op: -1.00007e-12 - -1.00007e-12 * -5.47717e-13 = -1.00007e-12
time: 151	PE: 2	op: -3.84445e-12 / 0.000953674 = -4.03119e-09
time: 151	PE: 3	op: -5.22343e-16 / 0.000953674 = -5.47717e-13
time: 151	PE: 4	op: -0.0521306 / 1000 = -5.21306e-05
time: 151	PE: 5	op: 1e+06 - -0.5 * -0.2 = 1e+06
time: 151	PE: 6	op: 0.17668 - -0.0516797 * -0.999996 = 0.125
time: 151	PE: 7	op: 8.33958 - -8.33333 * -1 = 0.00625038
time: 151	PE: 8	op: 0.882613 / -1 = -0.882613
Ax[40641] = 9.44475e-43
time: 152	PE: 0	op: 100000 - -100000 * -1 = 0
time: 152	PE: 1	op: -1e-08 - -2e-31 * -1 = -1e-08
time: 152	PE: 2	op: 2000.01 - -1000 * -0.999983 = 1000.03
time: 152	PE: 3	op: 0 - -1.65455e-06 * -0.999983 = -1.65452e-06
time: 152	PE: 4	op: -1000 / 1000 = -1
time: 152	PE: 5	op: -0.0516797 / 0.0516798 = -0.999996
time: 152	PE: 6	op: -0.000222222 - -1000 * -1.0021e-15 = -0.000222222
time: 152	PE: 7	op: 1 - -0.00628333 * 0.12 = 1.00075
time: 152	PE: 8	op: -2.32558e+08 / 100000 = -2325.58
time: 152	PE: 9	op: 1000 - -0.00167228 * -2.27181e-10 = 1000
Ax[40641] = 9.44475e-43
time: 153	PE: 0	op: 0 - 1 * 5.90855e-11 = -5.90855e-11
time: 153	PE: 1	op: 1000.02 - -1000 * -0.999948 = 0.0690622
time: 153	PE: 2	op: -0.0521306 - -5.56891e-06 * -0.999948 = -0.0521361
time: 153	PE: 3	op: 1000.4 - -1000 * -0.999792 = 0.609932
time: 153	PE: 4	op: 7.09336e-05 - -7.09175e-05 * -7.09336e-08 = 7.09336e-05
time: 153	PE: 5	op: 0 - -0.055 * 5.90855e-11 = 3.2497e-12
time: 153	PE: 6	op: -0.208133 / 1000.21 = -0.00020809
time: 153	PE: 7	op: -0.0641547 / 0.0885401 = -0.724584
time: 153	PE: 8	op: -1.3538e-07 - -0.00250042 * -0.495591 = -0.00123932
time: 153	PE: 9	op: -999.998 / 1000 = -0.999998
Ax[40641] = 9.44475e-43
time: 154	PE: 1	op: -0.00108697 - -0.00938788 * -0.495591 = -0.00573952
time: 154	PE: 2	op: 2000.01 - -1000 * -0.999983 = 1000.03
time: 154	PE: 3	op: 0 - -1000 * -7.09336e-08 = -7.09336e-05
time: 154	PE: 4	op: 4.06224 - -4.06174 * -0.976157 = 0.0973468
time: 154	PE: 5	op: 0 - -1.65516e-06 * -0.999983 = -1.65513e-06
time: 154	PE: 6	op: -9.55328e-13 / 1000.01 = -9.55319e-16
time: 154	PE: 7	op: 1000 - -1.65516e-06 * 1.71233e-05 = 1000
time: 154	PE: 8	op: 0 - -1000 * 1.71233e-05 = 0.0171233
time: 154	PE: 9	op: 0.00343014 / 0.000366211 = 9.36658
time: 154	PE: 10	op: -4.00676e-13 / -1 = 4.00676e-13
Ax[40641] = 9.44475e-43
time: 155	PE: 0	op: -0.0521319 - -5.56905e-06 * -0.999948 = -0.0521374
time: 155	PE: 1	op: -0.0521319 - -1000 * -5.21319e-05 = -0.104264
time: 155	PE: 2	op: -0.00258927 - -0.00870192 * -1.18723 = -0.0129204
time: 155	PE: 3	op: 0.0114746 - -0.0001 * -0.904525 = 0.0113842
time: 155	PE: 4	op: 0 - 0.00584427 * -0.976157 = 0.00570493
time: 155	PE: 5	op: 0 - -0.00628333 * -1 = -0.00628333
time: 155	PE: 6	op: 0 - -5e-08 * -0.904525 = -4.52262e-08
time: 155	PE: 7	op: 1.84433e-12 / 1000 = 1.84433e-15
time: 155	PE: 8	op: 0.015625 / -1 = -0.015625
time: 155	PE: 9	op: 0 - 0.714286 * -1 = 0.714286
Ax[40641] = 9.44475e-43
time: 156	PE: 0	op: 0.0270866 - -0.00938788 * -1.18723 = 0.0159411
time: 156	PE: 1	op: -100000 / 100000 = -1
time: 156	PE: 2	op: -5.90855e-11 / 100000 = -5.90855e-16
time: 156	PE: 3	op: -4.00676e-13 / 100000 = -4.00676e-18
time: 156	PE: 4	op: -1000 / 1000 = -1
time: 156	PE: 5	op: 3.05178e-09 / 0.0516798 = 5.90516e-08
time: 156	PE: 7	op: 100000 / -12001 = -8.33264
time: 156	PE: 8	op: -100000 / 100000 = -1
time: 156	PE: 9	op: -1 - 23.8995 * -0.0401614 = -0.0401614
time: 156	PE: 10	op: 8.33958 - -8.33333 * -1 = 0.00625038
Ax[40641] = 9.44475e-43
time: 157	PE: 0	op: 100000 - -100000 * -1 = 0
time: 157	PE: 1	op: -1e-08 - -2e-31 * -1 = -1e-08
time: 157	PE: 2	op: -0.00365243 - -0.00013383 * 9.36676 = -0.00239888
time: 157	PE: 3	op: 0.882628 - -1.55006e-05 * -1.75618e-05 = 0.882628
time: 157	PE: 4	op: -1000 / 1000.21 = -0.999792
time: 157	PE: 5	op: -0.0037862 / 0.000366211 = -10.3388
time: 157	PE: 6	op: 0 - -0.0001 * -0.000452262 = -4.52262e-08
time: 157	PE: 7	op: 0 - -1000 * 1.71233e-05 = 0.0171233
time: 157	PE: 8	op: 0 - -1.55006e-05 * -0.999982 = -1.55003e-05
time: 157	PE: 9	op: 100000 - -0.0005 * -0.00395524 = 100000
Ax[40641] = 9.44475e-43
time: 158	PE: 0	op: 1000 - -0.000222222 * 9.36676 = 1000
time: 158	PE: 1	op: 1000.03 - -0.00013383 * -10.339 = 1000.03
time: 158	PE: 2	op: -1.0021e-12 - -0.000222222 * -10.339 = -0.00229756
time: 158	PE: 3	op: 0 - -1000 * -9.55328e-16 = -9.55328e-13
time: 158	PE: 4	op: -1.00007e-12 / 1000 = -1.00007e-15
time: 158	PE: 5	op: -1000 / 1000.21 = -0.999792
time: 158	PE: 6	op: 0.000111324 - -1.1274e-05 * -0.0681794 = 0.000110555
time: 158	PE: 7	op: -6.84008e-07 - -0.00640232 * -1.03213e-15 = -6.84008e-07
time: 158	PE: 8	op: 3.05177e-09 / 0.125 = 2.44141e-08
time: 158	PE: 9	op: -1 - 23.8995 * -0.0401614 = -0.0401614
time: 158	PE: 10	op: -1000 / 1000 = -1
Ax[40641] = 9.44475e-43
time: 159	PE: 0	op: 2000.12 - -5.56891e-06 * -5.21306e-05 = 2000.12
time: 159	PE: 1	op: 2000.19 - -0.0521263 * -1.0005e-15 = 2000.19
time: 159	PE: 2	op: 1000 - -1.00006e-12 * -9.55328e-16 = 1000
time: 159	PE: 3	op: 0 - -1e+06 * -3.0303e-09 = -0.0030303
time: 159	PE: 4	op: -0.00013383 - -0.00365237 * -1.0021e-15 = -0.00013383
time: 159	PE: 5	op: 0 - -0.0030303 * -1 = -0.0030303
time: 159	PE: 6	op: -0.125 / 0.125 = -0.999999
time: 159	PE: 7	op: 1000 - 0.00167205 * -1.03213e-15 = 1000
time: 159	PE: 8	op: -0.00424862 / 1.43282 = -0.00296522
Ax[40641] = 9.44475e-43
time: 160	PE: 0	op: 0 - -2e-31 * -2325.58 = -4.65116e-28
time: 160	PE: 1	op: 0 - -100000 * -2325.58 = -2.32558e+08
time: 160	PE: 2	op: -3.19068e-12 / 0.0973468 = -3.27764e-11
time: 160	PE: 3	op: -0.0165568 / 0.0973468 = -0.170081
time: 160	PE: 4	op: -0.0005 / 0.0973468 = -0.00513627
time: 160	PE: 5	op: -7.09336e-05 / 0.0370469 = -0.0019147
time: 160	PE: 6	op: -1.00006e-12 - -1.00006e-12 * -5.47717e-13 = -1.00006e-12
time: 160	PE: 7	op: 1000 - -1.00006e-12 * -4.03119e-09 = 1000
time: 160	PE: 8	op: -1000 / 1000 = -1
time: 160	PE: 9	op: -1.65513e-06 / 1000 = -1.65513e-09
time: 160	PE: 10	op: 0.17668 - -0.0516797 * -0.999996 = 0.125
Ax[40641] = 9.44475e-43
time: 161	PE: 0	op: 0.065588 - -0.0641547 * -0.724584 = 0.0191026
time: 161	PE: 1	op: 2000.43 - -1000 * -1 = 1000.43
time: 161	PE: 2	op: 1000 - -2.8449e-12 * -5.47717e-13 = 1000
time: 161	PE: 3	op: 0 - 1.84431e-12 * -1 = 1.84431e-12
time: 161	PE: 4	op: 1.84432e-12 - -2.8449e-12 * -4.03119e-09 = 1.84432e-12
time: 161	PE: 5	op: -1000 / 1000 = -1
time: 161	PE: 6	op: -1e+06 / 1e+06 = -1
time: 161	PE: 7	op: 0.882644 - -0.882613 * -0.999982 = 4.67381e-05
time: 161	PE: 8	op: 1000 - -1e-12 * -6.95e-11 = 1000
Ax[40641] = 9.44475e-43
time: 162	PE: 0	op: 0 - 1 * 4.00676e-13 = -4.00676e-13
time: 162	PE: 1	op: 1000 - -0.000222222 * 9.36658 = 1000
time: 162	PE: 2	op: 0 - -0.055 * 4.00676e-13 = 2.20372e-14
time: 162	PE: 3	op: 1000 - -1.00006e-12 * -9.55319e-16 = 1000
time: 162	PE: 4	op: 0 - -1000 * -9.55319e-16 = -9.55319e-13
time: 162	PE: 5	op: 1000 - -1.65455e-06 * 1.71233e-05 = 1000
time: 162	PE: 6	op: 100000 - -1 * 0.714286 = 100001
time: 162	PE: 7	op: -1e-12 / 6.01288 = -1.6631e-13
time: 162	PE: 8	op: -0.00641026 / -1 = 0.00641026
Ax[40641] = 9.44475e-43
time: 163	PE: 0	op: -0.0142857 - 1 * -0.015625 = 0.00133929
time: 163	PE: 1	op: 1000.7 - -1.00007e-12 * 1.84433e-15 = 1000.7
time: 163	PE: 2	op: 0 - -1000 * 1.84433e-15 = 1.84433e-12
time: 163	PE: 3	op: 0 - -0.0641547 * 0.0910952 = 0.00584418
time: 163	PE: 4	op: -0.0005 / 100000 = -5e-09
time: 163	PE: 5	op: 18.0354 - -17.8891 * -1 = 0.146313
time: 163	PE: 6	op: 4.01 - -4 * -0.5 = 2.01
time: 163	PE: 7	op: 1 / -1 = -1
Ax[40641] = 9.44475e-43
time: 164	PE: 0	op: -1 - -0.055 * -0.015625 = -1.00086
time: 164	PE: 1	op: 0 - -5.81108e-11 * -1 = -5.81108e-11
time: 164	PE: 2	op: 0 - -4.47094e-13 * -1 = -4.47094e-13
time: 164	PE: 3	op: -0.00640232 - -6.84008e-07 * -0.999994 = -0.006403
time: 164	PE: 4	op: 100001 - -100000 * -1 = 0.71875
time: 164	PE: 6	op: -2.11125e-11 - -5.81108e-11 * -4.00676e-18 = -2.11125e-11
time: 164	PE: 7	op: -2.10661e-11 - -4.47094e-13 * -5.90855e-16 = -2.10661e-11
time: 164	PE: 8	op: 0 - -1.00006e-12 * -1 = -1.00006e-12
time: 164	PE: 9	op: 100.004 - -0.00424848 * -0.00296512 = 100.004
time: 164	PE: 10	op: 0.714286 / 1 = 0.714286
Ax[40641] = 9.44475e-43
time: 165	PE: 0	op: 1000.03 - -0.00013383 * -10.3388 = 1000.03
time: 165	PE: 1	op: -0.00365237 - -0.00013383 * 9.36658 = -0.00239884
time: 165	PE: 2	op: -1.0021e-12 - -0.000222222 * -10.3388 = -0.00229752
time: 165	PE: 3	op: 0 - -0.0005 * -1 = -0.0005
time: 165	PE: 4	op: 0 - -0.0516797 * 5.90516e-08 = 3.05177e-09
time: 165	PE: 5	op: 1.29826 - -5.81108e-11 * -5.90855e-16 = 1.29826
time: 165	PE: 6	op: 0 - -100000 * -4.00676e-18 = -4.00676e-13
time: 165	PE: 7	op: 0.0172414 - 1 * -0.882613 = 0.899854
time: 165	PE: 8	op: 0 - 1 * -0.0401614 = 0.0401614
Ax[40641] = 9.44475e-43
time: 166	PE: 0	op: 1000.4 - -1000 * -0.999792 = 0.60981
time: 166	PE: 1	op: 2000.19 - -0.0666622 * -1.00036 = 2000.12
time: 166	PE: 2	op: 2000 - -1000 * -0.999792 = 1000.21
time: 166	PE: 3	op: 0 - -0.208105 * -0.999792 = -0.208062
time: 166	PE: 4	op: 0 - -0.0234082 * -0.724584 = -0.0169612
time: 166	PE: 5	op: -0.125 / 0.125 = -0.999999
time: 166	PE: 6	op: 6.57462 - -4.65499e-08 * 2.44141e-08 = 6.57462
time: 166	PE: 7	op: -0.00123932 / -1 = 0.00123932
Ax[40641] = 9.44475e-43
time: 167	PE: 0	op: 0 - -0.208105 * -0.999792 = -0.208062
time: 167	PE: 1	op: 100000 - -100000 * -1 = 0.015625
time: 167	PE: 2	op: -1.00006e-12 / 1000 = -1.00006e-15
time: 167	PE: 3	op: -1000 / 1000 = -1
time: 167	PE: 4	op: -1000 - -1000 * -1.03213e-15 = -1000
time: 167	PE: 5	op: 0 - -1000 * -1.00007e-15 = -1.00007e-12
time: 167	PE: 6	op: -0.0001 / 0.000110555 = -0.904525
time: 167	PE: 7	op: -1.55003e-05 / 4.67381e-05 = -0.331641
time: 167	PE: 8	op: -3.11007e-05 / 4.67381e-05 = -0.665425
time: 167	PE: 9	op: 0.00625038 / 1 = 0.00625038
Ax[40641] = 9.44475e-43
time: 168	PE: 0	op: 0.0459806 - -0.0005 * -0.00513627 = 0.0459781
time: 168	PE: 1	op: 7.09336e-05 - -7.09175e-05 * -0.0019147 = 7.07978e-05
time: 168	PE: 2	op: 0 - -3.19068e-12 * -0.00513627 = -1.63882e-14
time: 168	PE: 3	op: 0.0159385 - -3.19068e-12 * -3.27764e-11 = 0.0159385
time: 168	PE: 4	op: -4.02802e-11 - 0.00570493 * -3.27764e-11 = -4.00933e-11
time: 168	PE: 5	op: 0 - -1000 * -1.65513e-09 = -1.65513e-06
time: 168	PE: 6	op: -1.00005e-12 / 1000 = -1.00005e-15
time: 168	PE: 7	op: 0 - -0.20809 * -0.999792 = -0.208046
time: 168	PE: 8	op: 1000.05 - -1000 * -1 = 0.0454712
time: 168	PE: 9	op: -0.000324675 - -0.714286 * -1 = -0.71461
time: 168	PE: 10	op: -2325.58 / 1 = -2325.58
Ax[40641] = 9.44475e-43
time: 169	PE: 0	op: 0 - -0.037037 * -0.0019147 = -7.09147e-05
time: 169	PE: 1	op: -4.32582e-10 - -3.19068e-12 * -0.170081 = -4.33124e-10
time: 169	PE: 2	op: 0.0191264 - 0.00570493 * -0.170081 = 0.0200967
time: 169	PE: 3	op: 0 - -0.0005 * -0.170081 = -8.50403e-05
time: 169	PE: 4	op: 2000 - -1000 * -1 = 1000
time: 169	PE: 5	op: 0 - -4.65499e-08 * -0.999999 = -4.65498e-08
time: 169	PE: 6	op: -1000 / 1000 = -1
time: 169	PE: 7	op: 100.004 - -0.00424862 * -0.00296522 = 100.004
time: 169	PE: 8	op: 0 - -1 * -310.078 = -310.078
Ax[40641] = 9.44475e-43
time: 170	PE: 0	op: 0 - 0.00570493 * -0.00513627 = 2.93021e-05
time: 170	PE: 1	op: 0 - -0.0005 * -3.27764e-11 = -1.63882e-14
time: 170	PE: 2	op: 1.00079 / -1.00086 = -0.999926
time: 170	PE: 3	op: 4.23077e-06 / -1.00086 = -4.22714e-06
time: 170	PE: 4	op: 3.2497e-12 / -1.00086 = -3.24691e-12
time: 170	PE: 5	op: 2.20372e-14 / -1.00086 = -2.20183e-14
time: 170	PE: 6	op: 0 - 0.0171233 * -1 = 0.0171233
time: 170	PE: 7	op: -100000 - 12000 * -8.33264 = -8.33511
time: 170	PE: 8	op: -8e-31 / -0.0401614 = 1.99196e-29
Ax[40641] = 9.44475e-43
time: 171	PE: 0	op: 1000.03 - 0.0171233 * -1.65513e-09 = 1000.03
time: 171	PE: 1	op: 0 - -1.00007e-12 * -1 = -1.00007e-12
time: 171	PE: 2	op: 0 - -100000 * -5.90855e-16 = -5.90855e-11
time: 171	PE: 3	op: 0 - -100000 * -5e-09 = -0.0005
time: 171	PE: 4	op: -1000 / 1000 = -1
time: 171	PE: 5	op: -1.65452e-06 / 1000 = -1.65452e-09
time: 171	PE: 6	op: -4.655e-08 - -2.99378e-10 * -1.33378e-10 = -4.655e-08
Ax[40641] = 9.44475e-43
time: 172	PE: 0	op: 2000.12 - -0.00640232 * -1.03212e-15 = 2000.12
time: 172	PE: 1	op: 2000.01 - -1000 * -1 = 1000.01
time: 172	PE: 2	op: 0 - -1000 * -0.00020809 = -0.20809
time: 172	PE: 3	op: 3.05177e-09 / 0.125 = 2.44141e-08
time: 172	PE: 4	op: -5e-08 / 0.000110555 = -0.000452262
time: 172	PE: 5	op: -4.00676e-13 / -1 = 4.00676e-13
time: 172	PE: 6	op: -0.0172414 / 0.899854 = -0.0191602
time: 172	PE: 7	op: 1.00201e+06 - -1000 * -1 = 1.00101e+06
Ax[40641] = 9.44475e-43
time: 173	PE: 0	op: -0.0521306 - -1000 * -5.21306e-05 = -0.104261
time: 173	PE: 1	op: 1000.02 - -1000 * -0.999948 = 0.0690622
time: 173	PE: 2	op: 1000 - 1.84431e-12 * -1.00007e-15 = 1000
time: 173	PE: 3	op: 1000.21 - -0.208105 * -0.00020809 = 1000.21
time: 173	PE: 4	op: -0.208062 / 1000.21 = -0.000208018
time: 173	PE: 5	op: -1000 - -1000 * -1.03213e-15 = -1000
time: 173	PE: 6	op: 0 - -5.16089 * -1.01468e-05 = -5.23665e-05
Ax[40641] = 9.44475e-43
time: 174	PE: 0	op: 0.141732 - -0.125 * -0.999999 = 0.0167325
time: 174	PE: 1	op: -1.63882e-14 / 0.0159385 = -1.02821e-12
time: 174	PE: 2	op: -0.00574059 / 0.0159385 = -0.360171
time: 174	PE: 3	op: 0 / 0.0159385 = 0
time: 174	PE: 4	op: -1.33333e-06 - -0.71461 * -1 = -0.714612
time: 174	PE: 5	op: -1.65513e-06 / 0.0454712 = -3.63996e-05
time: 174	PE: 6	op: -0.0030303 / 1e+06 = -3.0303e-09
time: 174	PE: 7	op: 0 - -0.125 * 2.44141e-08 = 3.05176e-09
time: 174	PE: 8	op: 0.015625 / -1 = -0.015625
time: 174	PE: 9	op: 0.00625038 / 1 = 0.00625038
Ax[40641] = 9.44475e-43
time: 175	PE: 0	op: 1000.1 - -1000 * -1 = 0.104858
time: 175	PE: 1	op: -4.33124e-10 / 0.0159385 = -2.71747e-08
time: 175	PE: 2	op: -1000 / 1000 = -1
time: 175	PE: 3	op: 1.84434e-12 / 1000 = 1.84434e-15
time: 175	PE: 4	op: 1.84433e-12 / 1000 = 1.84433e-15
time: 175	PE: 5	op: 1000 - 1.84432e-12 * -1.00006e-15 = 1000
time: 175	PE: 6	op: 0 - -1000 * -1.00006e-15 = -1.00006e-12
time: 175	PE: 7	op: 1e+06 - -1e+06 * -1 = 3.54513
time: 175	PE: 8	op: 1e+06 - -1e+06 * -1 = 3.54513
time: 175	PE: 9	op: 0 - -3.11007e-05 * -0.331641 = -1.03143e-05
time: 175	PE: 10	op: -1 / 1 = -1
Ax[40641] = 9.44475e-43
time: 176	PE: 0	op: 0.0114118 - -0.0001 * -0.904525 = 0.0113214
time: 176	PE: 1	op: 0 - -1000 * -1.00005e-15 = -1.00005e-12
time: 176	PE: 2	op: -0.00628333 - -1 * 0.00625038 = -3.29521e-05
time: 176	PE: 3	op: 0 - -0.71461 * -2325.58 = -1661.88
time: 176	PE: 4	op: -0.714612 / 0.71875 = -0.994242
time: 176	PE: 5	op: 0 - 1 * -1 = 1
time: 176	PE: 6	op: 0 - -1 * 1.2987 = 1.2987
Ax[40641] = 9.44475e-43
time: 177	PE: 0	op: 0.0100136 - -9.55319e-13 * -1.00005e-15 = 0.0100136
time: 177	PE: 1	op: 6.57462 - -4.655e-08 * 5.90516e-08 = 6.57462
time: 177	PE: 2	op: 0 - -5e-08 * -0.904525 = -4.52262e-08
time: 177	PE: 3	op: -0.0454545 / 0.0454712 = -0.999634
time: 177	PE: 4	op: 3.02838e-05 - -5e-08 * -0.000452262 = 3.02838e-05
time: 177	PE: 5	op: -1000 / 1000 = -1
Ax[40641] = 9.44475e-43
time: 178	PE: 0	op: -5.90855e-11 - 0.00133929 * -3.24691e-12 = -5.90812e-11
time: 178	PE: 1	op: -7.69231e-05 - 0.00133929 * -4.22714e-06 = -7.69174e-05
time: 178	PE: 2	op: -4.00676e-13 - 0.00133929 * -2.20183e-14 = -4.00647e-13
time: 178	PE: 3	op: 0 - -7.69231e-05 * -0.999926 = -7.69174e-05
time: 178	PE: 4	op: 0 - -4.47094e-13 * -0.999926 = -4.47061e-13
time: 178	PE: 5	op: 0.202656 - -7.69231e-05 * -4.22714e-06 = 0.202656
time: 178	PE: 8	op: 0 - -1.55003e-05 * -0.665425 = -1.03143e-05
time: 178	PE: 9	op: -9.55328e-13 / 1000.01 = -9.55319e-16
time: 178	PE: 10	op: -1000 / 1000.01 = -0.99999
time: 178	PE: 11	op: 4.15882 - -0.0234082 * 0.0910952 = 4.16095
time: 178	PE: 12	op: -0.0005 / 0.71875 = -0.000695652
time: 178	PE: 13	op: 1000.26 - -0.257971 * -0.340344 = 1000.17
Ax[40641] = 9.44475e-43
time: 179	PE: 0	op: 3.26894e-07 - 0.00133929 * -0.999926 = 0.00133951
time: 179	PE: 1	op: 2000 - -1000 * -0.999994 = 1000.01
time: 179	PE: 2	op: 2000.12 - -1000 * -0.99983 = 1000.29
time: 179	PE: 3	op: -1000 / 1000.21 = -0.999792
time: 179	PE: 4	op: 0 - 0.0171233 * -1 = 0.0171233
time: 179	PE: 5	op: -1000 - 0.00167205 * -1 = -999.998
time: 179	PE: 6	op: 0 - -5.81108e-11 * -4.22714e-06 = -2.45642e-16
time: 179	PE: 7	op: -2.10661e-11 - -4.47094e-13 * -3.24691e-12 = -2.10661e-11
time: 179	PE: 8	op: 100000 - -1 * 0.714286 = 100001
Ax[40641] = 9.44475e-43
time: 180	PE: 1	op: 0 - -5.81108e-11 * -0.999926 = -5.81065e-11
time: 180	PE: 2	op: 0 - -0.055 * 4.00676e-13 = 2.20372e-14
time: 180	PE: 3	op: 1000.43 - -1000 * -1 = 0.428955
time: 180	PE: 4	op: 0 - -9.55319e-13 * -1 = -9.55319e-13
time: 180	PE: 5	op: -2.11125e-11 - -5.81108e-11 * -2.20183e-14 = -2.11125e-11
time: 180	PE: 6	op: 0.882644 - -3.11007e-05 * -0.665425 = 0.882623
time: 180	PE: 7	op: 0 - -1000 * -1.65452e-09 = -1.65452e-06
time: 180	PE: 8	op: 0.882628 - -1.55003e-05 * -0.331641 = 0.882623
time: 180	PE: 9	op: -100 / 100.004 = -0.999958
time: 180	PE: 10	op: 1.00101e+06 / -1000 = -1001.01
Ax[40641] = 9.44475e-43
time: 181	PE: 0	op: 0 - 1 * 4.00676e-13 = -4.00676e-13
time: 181	PE: 1	op: 0.609932 - -0.20809 * -0.000208018 = 0.609889
time: 181	PE: 2	op: 0 - -7.69231e-05 * -3.24691e-12 = -2.49763e-16
time: 181	PE: 3	op: 0 - 1.84432e-12 * -1 = 1.84432e-12
time: 181	PE: 4	op: 0 - -0.882613 * -0.0191602 = -0.016911
time: 181	PE: 5	op: -1000 / 1000 = -1
time: 181	PE: 6	op: 1.84431e-12 / 1000 = 1.84431e-15
time: 181	PE: 7	op: 3.02838e-05 - -5e-08 * -0.000452262 = 3.02838e-05
time: 181	PE: 8	op: -0.0030303 / 3.54513 = -0.000854779
Ax[40641] = 9.44475e-43
time: 182	PE: 0	op: 2000.12 - -0.0030303 * -3.0303e-09 = 2000.12
time: 182	PE: 1	op: 0 - -1.63882e-14 * 0 = 0
time: 182	PE: 2	op: -0.00133333 - -4.00933e-11 * 0 = -0.00133333
time: 182	PE: 3	op: 0 - -0.0135167 * 0 = 0
time: 182	PE: 4	op: 1000.03 - 0.0171233 * -1.65452e-09 = 1000.03
time: 182	PE: 6	op: 0 - -0.0454545 * -3.63996e-05 = -1.65453e-06
time: 182	PE: 7	op: 0 - -8.33511 * -465.116 = -3876.8
time: 182	PE: 8	op: -1000 - -1000 * -1.03213e-15 = -1000
Ax[40641] = 9.44475e-43
time: 183	PE: 0	op: 0.0167325 - -0.0135167 * -0.360171 = 0.0118642
time: 183	PE: 1	op: 0 - -1.00006e-12 * 1.84433e-15 = 1.84445e-27
time: 183	PE: 2	op: 0.104919 - -1.00006e-12 * 1.84434e-15 = 0.104919
time: 183	PE: 3	op: 0 - -7.69231e-05 * -2.20183e-14 = -1.69371e-18
time: 183	PE: 4	op: -1.65248e-11 - -4.00933e-11 * -0.360171 = -3.09652e-11
time: 183	PE: 5	op: 0 - -4.47094e-13 * -4.22714e-06 = -1.88993e-18
time: 183	PE: 6	op: 1000.7 - -1.00007e-12 * 1.84433e-15 = 1000.7
time: 183	PE: 7	op: -1.01839e-12 / 0.0100136 = -1.01701e-10
time: 183	PE: 8	op: -1.38368e-16 / 0.0100136 = -1.38181e-14
time: 183	PE: 9	op: -6.57462 / 6.57462 = -1
Ax[40641] = 9.44475e-43
time: 184	PE: 0	op: 0.0459781 - -1.63882e-14 * -1.02821e-12 = 0.0459781
time: 184	PE: 1	op: 0 - -1.00007e-12 * 1.84434e-15 = 1.84446e-27
time: 184	PE: 2	op: 0 - -1.63882e-14 * -0.360171 = -5.90255e-15
time: 184	PE: 3	op: 2.93021e-05 - -4.00933e-11 * -1.02821e-12 = 2.93021e-05
time: 184	PE: 4	op: 0.0200967 - -4.00933e-11 * -2.71747e-08 = 0.0200967
time: 184	PE: 5	op: -8.50403e-05 - -1.63882e-14 * -2.71747e-08 = -8.50403e-05
time: 184	PE: 6	op: -0.00133333 - -0.00302102 * -2.71747e-08 = -0.00133333
time: 184	PE: 9	op: 0 - -0.00302102 * 0 = 0
time: 184	PE: 10	op: -3.20513 / 3.54513 = -0.904094
time: 184	PE: 11	op: -0.71461 / 1 = -0.71461
Ax[40641] = 9.44475e-43
time: 185	PE: 0	op: 0 - -0.00302102 * -1.02821e-12 = -3.10625e-15
time: 185	PE: 1	op: -2.03348e-07 - -1000 * 1.84434e-15 = -2.03347e-07
time: 185	PE: 2	op: 0 - -1000 * 1.84433e-15 = 1.84433e-12
time: 185	PE: 3	op: 0 - -1 * -2325.58 = -2325.58
time: 185	PE: 4	op: 0 - -1 * -1 = -1
time: 185	PE: 5	op: 0 - -1000 * -0.000208018 = -0.208018
time: 185	PE: 6	op: -3.20513 / 3.54513 = -0.904094
time: 185	PE: 7	op: 1000.03 - 0.0171233 * -3.63996e-05 = 1000.03
time: 185	PE: 8	op: -0.00149685 - -1.00006e-12 * -1 = -0.00149685
time: 185	PE: 9	op: -5.23665e-05 - -0.00250042 * -1.18723 = -0.00302093
Ax[40641] = 9.44475e-43
time: 186	PE: 0	op: -0.00123936 - -0.00302102 * -0.360171 = -0.00232744
time: 186	PE: 1	op: 0 - -0.0135167 * -1.02821e-12 = -1.3898e-14
time: 186	PE: 2	op: 1.68622e-10 - -0.0135167 * -2.71747e-08 = -1.98689e-10
time: 186	PE: 3	op: -1 - -0.055 * -0.015625 = -1.00086
time: 186	PE: 4	op: 1000 - -1000 * -0.99999 = 0.0100136
time: 186	PE: 5	op: 0 - -1.00006e-12 * -0.99999 = -1.00005e-12
time: 186	PE: 6	op: 1000 - -1.00006e-12 * -9.55319e-16 = 1000
time: 186	PE: 7	op: 0 - -1000 * -9.55319e-16 = -9.55319e-13
time: 186	PE: 8	op: -0.0169612 / 4.16095 = -0.00407628
time: 186	PE: 9	op: -999.998 / 1000 = -0.999998
time: 186	PE: 10	op: 100001 / 1 = 100001
Ax[40641] = 9.44475e-43
time: 187	PE: 0	op: -0.0142857 - 1 * -0.015625 = 0.00133929
time: 187	PE: 1	op: -1.03212e-12 - -1000 * -6.403e-06 = -0.006403
time: 187	PE: 2	op: -9.55319e-13 / 0.0100136 = -9.54023e-11
time: 187	PE: 4	op: 2000 - -1000 * -0.999792 = 1000.21
time: 187	PE: 5	op: 0 - -1e+06 * -3.0303e-09 = -0.0030303
time: 187	PE: 6	op: -0.00628333 - -1 * 0.00625038 = -3.29521e-05
time: 187	PE: 7	op: -5.90855e-11 / -1 = 5.90855e-11
Ax[40641] = 9.44475e-43
time: 188	PE: 0	op: 0 - 0.0171233 * -0.999634 = 0.017117
time: 188	PE: 1	op: 0 - 1.2987 * -1 = 1.2987
time: 188	PE: 2	op: 1.29826 - -5.81108e-11 * -3.24691e-12 = 1.29826
time: 188	PE: 3	op: 0 - -1.00007e-12 * -1 = -1.00007e-12
time: 188	PE: 4	op: -1000 / 1000 = -1
time: 188	PE: 5	op: 1.84432e-12 / 1000 = 1.84432e-15
time: 188	PE: 6	op: -0.208062 / 1000.21 = -0.000208018
time: 188	PE: 7	op: 0 - 1 * 0.00123932 = -0.00123932
Ax[40641] = 9.44475e-43
time: 189	PE: 0	op: 0.428955 - -1.00007e-12 * 1.84431e-15 = 0.428955
time: 189	PE: 1	op: 0 - -1000 * 1.84431e-15 = 1.84431e-12
time: 189	PE: 2	op: -1000 - 1000 * -1001.01 = 1.00001e+06
time: 189	PE: 3	op: 0 - -0.20809 * -0.999792 = -0.208046
time: 189	PE: 4	op: 0 - -4.655e-08 * -0.999996 = -4.65499e-08
time: 189	PE: 5	op: -0.882613 / 0.882623 = -0.999988
time: 189	PE: 6	op: -1000 / 1000.17 = -0.99983
time: 189	PE: 7	op: -24.8995 / 1 = -24.8995
time: 189	PE: 8	op: 0.0172414 - -0.0172414 * -0.0191602 = 0.016911
Ax[40641] = 9.44475e-43
time: 190	PE: 0	op: 0.0459781 - -0.0454545 * -0.999634 = 0.000540168
time: 190	PE: 1	op: 2.93021e-05 / 0.0200967 = 0.00145805
time: 190	PE: 2	op: -0.0001 / 0.0200967 = -0.00497594
time: 190	PE: 3	op: -3.09652e-11 / 0.0200967 = -1.54081e-09
time: 190	PE: 4	op: -0.00133333 / 0.0200967 = -0.0663459
time: 190	PE: 5	op: 1000 - -1000 * -1 = 0.00152588
time: 190	PE: 6	op: 0 - -3.20513 * -0.000854779 = -0.00273968
time: 190	PE: 7	op: -4.65498e-08 / 6.57462 = -7.08023e-09
time: 190	PE: 8	op: 100001 / 1 = 100001
Ax[40641] = 9.44475e-43
time: 191	PE: 0	op: 3000 - -1000 * -1 = 2000
time: 191	PE: 1	op: 1100.01 - -100 * -0.999958 = 1000.02
time: 191	PE: 2	op: -2325.58 / 1 = -2325.58
time: 191	PE: 3	op: 1000.29 - -1.00041e-12 * 7.09336e-08 = 1000.29
time: 191	PE: 4	op: -1000 - -6.57462 * -1 = -1006.57
time: 191	PE: 5	op: 0 - -0.125 * 2.44141e-08 = 3.05176e-09
time: 191	PE: 6	op: 0 - 1 * -1 = 1
Ax[40641] = 9.44475e-43
time: 192	PE: 0	op: 1.00079 / -1.00086 = -0.999926
time: 192	PE: 1	op: 4.23077e-06 / -1.00086 = -4.22714e-06
time: 192	PE: 2	op: 2.20372e-14 / -1.00086 = -2.20183e-14
time: 192	PE: 4	op: 0 - -1.00005e-12 * -1.01701e-10 = -1.01706e-22
time: 192	PE: 6	op: 0.00333093 - -1.00005e-12 * -1.38181e-14 = 0.00333093
time: 192	PE: 7	op: 1000.05 - -1000 * -1 = 0.0454712
time: 192	PE: 8	op: -3.33306e-05 - -8.33511 * -1 = -8.33515
time: 192	PE: 9	op: -0.000324675 - -1 * -0.714286 = -0.71461
time: 192	PE: 10	op: 0 - -1 * 1.2987 = 1.2987
Ax[40641] = 9.44475e-43
time: 193	PE: 0	op: -1.33333e-06 - -1 * -0.71461 = -0.714612
time: 193	PE: 1	op: 1000.21 - -1000 * -0.999998 = 0.209677
time: 193	PE: 2	op: -3.00339e-05 / 3.02838e-05 = -0.99175
time: 193	PE: 3	op: -0.0490669 - 0.0245335 * -1.01701e-10 = -0.0490669
time: 193	PE: 4	op: 0 - -0.0030303 * -1 = -0.0030303
time: 193	PE: 5	op: 0.0262349 - 0.0245335 * -1.38181e-14 = 0.0262349
time: 193	PE: 6	op: -4.52262e-08 / 3.02838e-05 = -0.00149342
time: 193	PE: 7	op: -0.00302093 / -1 = 0.00302093
time: 193	PE: 8	op: -0.01 / 2.01 = -0.00497512
Ax[40641] = 9.44475e-43
time: 194	PE: 0	op: 0.0191026 - 0.00584418 * -0.00407628 = 0.0191264
time: 194	PE: 1	op: 0 - -4.06174 * -0.00407628 = -0.0165568
time: 194	PE: 2	op: 0 - -1.00006e-12 * -1 = -1.00006e-12
time: 194	PE: 3	op: -1 / 1.2987 = -0.77
time: 194	PE: 4	op: -1.29931 / 1.2987 = -1.00047
time: 194	PE: 5	op: 1000.21 - -1000 * -0.999998 = 0.209677
time: 194	PE: 6	op: -4.06174 / 4.16095 = -0.976157
time: 194	PE: 7	op: 0.00641026 / -1 = -0.00641026
Ax[40641] = 9.44475e-43
time: 195	PE: 1	op: 0 - -0.055 * 5.90855e-11 = 3.2497e-12
time: 195	PE: 2	op: 0.428955 - -1.00005e-12 * -9.54023e-11 = 0.428955
time: 195	PE: 3	op: -0.0245335 - -0.0245335 * -1.38181e-14 = -0.0245335
time: 195	PE: 4	op: -2.40746e-07 - 0.0245335 * -9.54023e-11 = -2.40744e-07
time: 195	PE: 5	op: -1.00005e-12 / 1000 = -1.00005e-15
time: 195	PE: 6	op: 0 - 3.05176e-09 * -1 = 3.05176e-09
time: 195	PE: 7	op: 0 - -1 * 100001 = 100001
Ax[40641] = 9.44475e-43
time: 196	PE: 0	op: 0 - 1 * 5.90855e-11 = -5.90855e-11
time: 196	PE: 1	op: 0.104858 - -1.00006e-12 * 1.84432e-15 = 0.104858
time: 196	PE: 2	op: 0 - -1000 * 1.84432e-15 = 1.84432e-12
time: 196	PE: 3	op: 0 - -0.0245335 * -9.54023e-11 = -2.34055e-12
time: 196	PE: 4	op: -2e-31 / 1.2987 = -1.54e-31
time: 196	PE: 5	op: -3.00339e-05 / 3.02838e-05 = -0.991749
time: 196	PE: 6	op: 3.20513 - -3.20513 * -0.904094 = 0.307392
time: 196	PE: 7	op: -4.52262e-08 / 3.02838e-05 = -0.00149342
time: 196	PE: 8	op: 0.0401614 / -1 = -0.0401614
Ax[40641] = 9.44475e-43
time: 197	PE: 0	op: 2000.12 - -1000 * -0.99983 = 1000.29
time: 197	PE: 1	op: 0.60981 - -0.20809 * -0.000208018 = 0.609767
time: 197	PE: 2	op: -0.00149664 / 0.00152588 = -0.980841
time: 197	PE: 3	op: -1000 / 1000.02 = -0.999984
time: 197	PE: 4	op: -2.03347e-07 / 0.00152588 = -0.000133265
time: 197	PE: 5	op: 1.84433e-12 / 0.00152588 = 1.2087e-09
time: 197	PE: 6	op: -0.01138 / 1000.02 = -1.13798e-05
time: 197	PE: 7	op: -0.0005 / 1000.02 = -4.99992e-07
time: 197	PE: 8	op: -1000 / 1000 = -1
time: 197	PE: 9	op: 5.16472 - -5.16089 * -0.99999 = 0.00388668
Ax[40641] = 9.44475e-43
time: 198	PE: 0	op: 0 - -0.00133333 * -0.00497594 = -6.63459e-06
time: 198	PE: 1	op: 0.0118642 - -1.98689e-10 * -1.54081e-09 = 0.0118642
time: 198	PE: 2	op: 0 - -0.0001 * -1.54081e-09 = -1.54081e-13
time: 198	PE: 3	op: -1.00015e-12 - -0.0001 * 0.00145805 = 1.45804e-07
time: 198	PE: 4	op: 0 - -0.0001 * -0.0663459 = -6.63459e-06
time: 198	PE: 5	op: -0.00232744 - -0.00133333 * -1.54081e-09 = -0.00232744
time: 198	PE: 6	op: -1.3898e-14 - -1.98689e-10 * 0.00145805 = 2.75801e-13
time: 198	PE: 7	op: 0 - 1.2987 * -1 = 1.2987
time: 198	PE: 8	op: 0 - -0.00133333 * -0.0663459 = -8.84612e-05
time: 198	PE: 9	op: 3.20513 - -3.20513 * -0.904094 = 0.307392
Ax[40641] = 9.44475e-43
time: 199	PE: 0	op: 0.000540168 - -8.50403e-05 * 0.00145805 = 0.000540292
time: 199	PE: 1	op: -7.08869e-05 - -8.50403e-05 * -0.00497594 = -7.13101e-05
time: 199	PE: 2	op: -3.10625e-15 - -0.00133333 * 0.00145805 = 1.94407e-06
time: 199	PE: 3	op: 23.8995 - -1 * -24.8995 = -1
time: 199	PE: 4	op: 0 - -4.65499e-08 * -0.999999 = -4.65498e-08
time: 199	PE: 5	op: 0 - -6.57462 * -7.08023e-09 = -4.65498e-08
time: 199	PE: 6	op: -2.5641e-05 / 0.209677 = -0.000122288
time: 199	PE: 7	op: 0 - -0.0030303 * -0.904094 = -0.00273968
Ax[40641] = 9.44475e-43
time: 200	PE: 0	op: 0 - -1.98689e-10 * -0.00497594 = -9.88665e-13
time: 200	PE: 1	op: 0 - 0.00133929 * -0.999926 = 0.00133919
time: 200	PE: 2	op: -7.69231e-05 - 0.00133929 * -4.22714e-06 = -7.69174e-05
time: 200	PE: 3	op: 0 - -5.81108e-11 * -0.999926 = -5.81065e-11
time: 200	PE: 4	op: -4.00676e-13 - 0.00133929 * -2.20183e-14 = -4.00647e-13
time: 200	PE: 5	op: 0 - -7.69231e-05 * -0.999926 = -7.69174e-05
time: 200	PE: 6	op: 0 - -4.47094e-13 * -0.999926 = -4.47061e-13
time: 200	PE: 7	op: 0.202656 - -7.69231e-05 * -4.22714e-06 = 0.202656
time: 200	PE: 8	op: -100000 - -0.714612 * -0.000695652 = -100000
time: 200	PE: 9	op: 0 - -5.81108e-11 * -4.22714e-06 = -2.45642e-16
time: 200	PE: 10	op: -2.5641e-05 / 0.209677 = -0.000122288
Ax[40641] = 9.44475e-43
time: 201	PE: 0	op: 0 - 100001 * -2325.58 = 2.3256e+08
time: 201	PE: 1	op: 0 - -0.714612 * -0.994242 = -0.710497
time: 201	PE: 2	op: 0 - -7.69231e-05 * -2.20183e-14 = -1.69371e-18
time: 201	PE: 3	op: -5.90255e-15 - -8.50403e-05 * -1.54081e-09 = -1.36933e-13
time: 201	PE: 4	op: 0 - -1000 * -0.000208018 = -0.208018
time: 201	PE: 5	op: -0.208018 / 0.209677 = -0.992091
time: 201	PE: 6	op: -0.0166117 - -0.00938788 * 0.682805 = -0.0102016
Ax[40641] = 9.44475e-43
time: 202	PE: 0	op: -5.90855e-11 - -2e-31 * -1.00047 = -5.90855e-11
time: 202	PE: 1	op: 0 - -1.29931 * -0.77 = -1.00047
time: 202	PE: 2	op: 0 - -1 * -0.77 = -0.77
time: 202	PE: 3	op: 0 - -2e-31 * -0.77 = -1.54e-31
time: 202	PE: 4	op: 0 - 1 * 0.00302093 = -0.00302093
time: 202	PE: 5	op: 3.2497e-12 / -1.00086 = -3.24691e-12
time: 202	PE: 6	op: 4.06224 - -4.06174 * -0.976157 = 0.0973468
time: 202	PE: 7	op: 0 - 0.00584418 * -0.976157 = 0.00570484
time: 202	PE: 8	op: 1.29826 - -1.29931 * -1.00047 = -0.001654
Ax[40641] = 9.44475e-43
time: 203	PE: 0	op: 1000.29 - -0.0001 * -0.00497594 = 1000.29
time: 203	PE: 1	op: 0 - -8.50403e-05 * -0.0663459 = -5.64207e-06
time: 203	PE: 2	op: 0 - -1.98689e-10 * -0.0663459 = -1.31822e-11
time: 203	PE: 3	op: 0 - -1000 * -1.00005e-15 = -1.00005e-12
time: 203	PE: 4	op: 1000.29 - -1.00041e-12 * -7.09336e-08 = 1000.29
time: 203	PE: 5	op: 0 - -4.52262e-08 * -0.99175 = -4.48531e-08
time: 203	PE: 6	op: -1.03143e-05 / 0.882623 = -1.1686e-05
Ax[40641] = 9.44475e-43
time: 204	PE: 0	op: 0 - -1 * -1.54e-31 = -1.54e-31
time: 204	PE: 1	op: 0.0113842 - -4.52262e-08 * -0.00149342 = 0.0113842
time: 204	PE: 2	op: 2000 - -1000 * -1 = 1000
time: 204	PE: 3	op: -2e-31 / 1.2987 = -1.54e-31
time: 204	PE: 4	op: -1.29931 / 1.2987 = -1.00047
time: 204	PE: 5	op: -2.11125e-11 - -5.81108e-11 * -2.20183e-14 = -2.11125e-11
time: 204	PE: 6	op: 0 - -3.00339e-05 * -0.00149342 = -4.48531e-08
Ax[40641] = 9.44475e-43
time: 205	PE: 0	op: 1.84445e-27 - -0.00149685 * 1.2087e-09 = 1.80924e-12
time: 205	PE: 1	op: 0.104919 - -0.00149685 * -0.000133265 = 0.104919
time: 205	PE: 2	op: 0 - -1000 * -1.13798e-05 = -0.0113798
time: 205	PE: 3	op: 1000.01 - -1000 * -0.999984 = 0.0245175
time: 205	PE: 4	op: 0.0113214 - -0.01138 * -1.13798e-05 = 0.0113212
time: 205	PE: 5	op: 0 - -0.0005 * -1.13798e-05 = -5.68992e-09
time: 205	PE: 6	op: 0 - -1.00007e-12 * -1 = -1.00007e-12
time: 205	PE: 7	op: 1000 - -1.00029e-12 * -0.980841 = 1000
time: 205	PE: 8	op: 1 / 0.307392 = 3.25318
time: 205	PE: 9	op: 0.00388668 - -0.00250042 * 0.682805 = 0.00559398
time: 205	PE: 10	op: -4 / 8 = -0.5
Ax[40641] = 9.44475e-43
time: 206	PE: 0	op: 0.00133919 - -2e-31 * -1.54e-31 = 0.00133919
time: 206	PE: 1	op: -5.81065e-11 - -1.29931 * -1.54e-31 = -5.81065e-11
time: 206	PE: 2	op: 0 - -1000 * -4.99992e-07 = -0.000499992
time: 206	PE: 3	op: -100000 / 1 = -100000
time: 206	PE: 4	op: 0 - -0.01138 * -4.99992e-07 = -5.68992e-09
time: 206	PE: 5	op: 0 - -4.47094e-13 * -4.22714e-06 = -1.88993e-18
time: 206	PE: 6	op: 0 - -3.00339e-05 * -0.00149342 = -4.48531e-08
time: 206	PE: 7	op: 0 - -1 * 100001 = 100001
Ax[40641] = 9.44475e-43
time: 207	PE: 0	op: 1.84446e-27 - -1.00007e-12 * -0.000133265 = -1.33274e-16
time: 207	PE: 1	op: 0 - -0.0102016 * -1 = -0.0102016
time: 207	PE: 2	op: -0.710497 - 100001 * -1 = 100000
time: 207	PE: 4	op: 0 - -0.71461 * -2325.58 = -1661.88
time: 207	PE: 5	op: -9.30233e-29 - -100000 * -2325.58 = -2.32558e+08
time: 207	PE: 6	op: -0.0454545 / 0.0454712 = -0.999634
time: 207	PE: 7	op: 0.882644 - -0.882613 * -0.999988 = 4.15826e-05
Ax[40641] = 9.44475e-43
time: 208	PE: 0	op: 0 - -0.01138 * -0.999984 = -0.0113798
time: 208	PE: 1	op: 0 - -0.0005 * -0.999984 = -0.000499992
time: 208	PE: 2	op: 0 - -9.55319e-13 * -1 = -9.55319e-13
time: 208	PE: 3	op: 0 - -0.208046 * -0.000122288 = -2.54416e-05
time: 208	PE: 4	op: 1000.01 - -2.5641e-05 * -0.000122288 = 1000.01
time: 208	PE: 6	op: 0.0100136 - -9.55319e-13 * -1.00005e-15 = 0.0100136
time: 208	PE: 7	op: -3.19068e-12 / 0.0973468 = -3.27764e-11
time: 208	PE: 8	op: -0.0165568 / 0.0973468 = -0.170081
time: 208	PE: 9	op: -0.0005 / 0.0973468 = -0.00513627
time: 208	PE: 10	op: -1.65452e-06 / 0.0454712 = -3.63861e-05
Ax[40641] = 9.44475e-43
time: 209	PE: 0	op: 0.609889 - -0.208046 * -0.992091 = 0.403488
time: 209	PE: 1	op: 0 - -2.5641e-05 * -0.992091 = -2.54382e-05
time: 209	PE: 2	op: -1.00029e-12 - -1.00029e-12 * -0.000133265 = -1.00042e-12
time: 209	PE: 3	op: 0 - -1.00029e-12 * 1.2087e-09 = 1.20905e-21
time: 209	PE: 4	op: 0.00149664 - -0.00149685 * -0.980841 = 2.84755e-05
time: 209	PE: 5	op: 0 - -0.208046 * -0.000122288 = -2.54416e-05
time: 209	PE: 6	op: -0.208018 / 0.209677 = -0.992091
time: 209	PE: 7	op: -0.0030303 / 3.54513 = -0.000854779
time: 209	PE: 8	op: 1.00201e+06 - -1.12445e-10 * -1.58547e-12 = 1.00201e+06
Ax[40641] = 9.44475e-43
time: 210	PE: 0	op: -5.90855e-11 - 0.00133929 * -3.24691e-12 = -5.90812e-11
time: 210	PE: 1	op: 0 - -7.69231e-05 * -3.24691e-12 = -2.49763e-16
time: 210	PE: 2	op: 1000.01 - -2.5641e-05 * -0.000122288 = 1000.01
time: 210	PE: 3	op: 0 - -1.00007e-12 * -0.980841 = -9.80907e-13
time: 210	PE: 4	op: -2.10661e-11 - -4.47094e-13 * -3.24691e-12 = -2.10661e-11
time: 210	PE: 5	op: 0 - -0.0030303 * -0.904094 = -0.00273968
time: 210	PE: 6	op: -8e-31 / -1 = 8e-31
Ax[40641] = 9.44475e-43
time: 211	PE: 0	op: 0.0439729 / 0.0245175 = 1.79353
time: 211	PE: 1	op: -0.0524496 / 0.0245175 = -2.13927
time: 211	PE: 2	op: -0.0113798 / 0.0245175 = -0.464151
time: 211	PE: 3	op: 1000.7 - -1.00007e-12 * 1.2087e-09 = 1000.7
time: 211	PE: 4	op: -1000 / 1000 = -1
time: 211	PE: 5	op: 1.84432e-12 / 1000 = 1.84432e-15
time: 211	PE: 6	op: 1000.05 - -0.0245335 * -1.01701e-10 = 1000.05
time: 211	PE: 7	op: 1.84431e-12 / 1000 = 1.84431e-15
time: 211	PE: 8	op: -1 / 1.2987 = -0.77
time: 211	PE: 9	op: 0 - -0.882613 * -1.1686e-05 = -1.03142e-05
time: 211	PE: 10	op: -0.71461 / 1 = -0.71461
Ax[40641] = 9.44475e-43
time: 212	PE: 0	op: -5.90812e-11 - -2e-31 * -1.00047 = -5.90812e-11
time: 212	PE: 1	op: -1 / 0.00133919 = -746.722
time: 212	PE: 2	op: -1.54e-31 / 0.00133919 = -1.14995e-28
time: 212	PE: 3	op: -7.69174e-05 / 0.00133919 = -0.0574359
time: 212	PE: 4	op: -5.81065e-11 - -1.29931 * -1.54e-31 = -5.81065e-11
time: 212	PE: 5	op: 0 - -1 * -1.54e-31 = -1.54e-31
time: 212	PE: 6	op: -4.00647e-13 / 0.00133919 = -2.99172e-10
time: 212	PE: 7	op: 1.29826 - -1.29931 * -1.00047 = -0.001654
time: 212	PE: 8	op: 0 - -1 * -1.00047 = -1.00047
time: 212	PE: 9	op: -100000 - -0.0005 * -0.994242 = -100000
Ax[40641] = 9.44475e-43
time: 213	PE: 0	op: -2.32558e+08 - 100001 * -2325.58 = 1655.23
time: 213	PE: 1	op: 100000 / 1 = 100000
time: 213	PE: 2	op: -1000 / 1000 = -1
time: 213	PE: 3	op: -0.001654 - -5.81108e-11 * -3.24691e-12 = -0.001654
time: 213	PE: 4	op: -1661.88 / 0.71875 = -2312.19
time: 213	PE: 5	op: 0 - 0.00559398 * -1 = 0.00559398
time: 213	PE: 6	op: -6.99791e-08 / 26.9179 = -2.59972e-09
Ax[40641] = 9.44475e-43
time: 214	PE: 0	op: 0.00133951 - -2e-31 * -1.54e-31 = 0.00133951
time: 214	PE: 1	op: 0 - 100001 * -1 = 100001
time: 214	PE: 2	op: -0.000499992 / 0.0245175 = -0.0203932
time: 214	PE: 3	op: -1000 / 1000.01 = -0.999994
time: 214	PE: 4	op: -1.01839e-12 / 0.0100136 = -1.01701e-10
time: 214	PE: 5	op: -1.38368e-16 / 0.0100136 = -1.38181e-14
time: 214	PE: 6	op: -0.00640292 / 1000.01 = -6.40287e-06
time: 214	PE: 7	op: -9.55319e-13 / 0.0100136 = -9.54023e-11
time: 214	PE: 8	op: 0 - -1 * -1.00047 = -1.00047
time: 214	PE: 9	op: 0.882643 - -3.00339e-05 * -0.99175 = 0.882613
Ax[40641] = 9.44475e-43
time: 215	PE: 0	op: 0.0459806 - -0.0454545 * -0.999634 = 0.000542735
time: 215	PE: 1	op: 0 - 0.0171233 * -0.999634 = 0.017117
time: 215	PE: 2	op: 1.20905e-21 / 1000 = 1.20905e-24
time: 215	PE: 3	op: 0 - 1 * 3.25318 = -3.25318
time: 215	PE: 4	op: 0 - -0.0001 * -0.000452262 = -4.52262e-08
time: 215	PE: 5	op: 0.146313 - -9.01731e-05 * 0.0364618 = 0.146316
Ax[40641] = 9.44475e-43
time: 216	PE: 0	op: -5.90812e-11 / 0.00133919 = -4.41172e-08
time: 216	PE: 1	op: 0 - -3.19068e-12 * -0.170081 = -5.42672e-13
time: 216	PE: 2	op: 0.0191264 - 0.00570484 * -0.170081 = 0.0200967
time: 216	PE: 3	op: 0 - 0.00570484 * -3.27764e-11 = 1.86984e-13
time: 216	PE: 5	op: -1.00042e-12 / 1000 = -1.00042e-15
time: 216	PE: 6	op: 0 - -0.0454545 * -3.63861e-05 = -1.65391e-06
Ax[40641] = 9.44475e-43
time: 217	PE: 1	op: 0.609767 - -0.208046 * -0.992091 = 0.403366
time: 217	PE: 2	op: 0 - 0.00570484 * -0.00513627 = 2.93016e-05
time: 217	PE: 3	op: -1000 / 1000.05 = -0.999951
time: 217	PE: 4	op: 1000.03 - 0.0171233 * -3.63861e-05 = 1000.03
time: 217	PE: 5	op: -1000 / 1000.01 = -0.999994
time: 217	PE: 6	op: -3.11007e-05 / 4.15826e-05 = -0.747927
time: 217	PE: 7	op: 0 - -0.00273968 * 3.25318 = 0.00891266
time: 217	PE: 8	op: 0 - -1.03143e-05 * -0.999988 = -1.03142e-05
Ax[40641] = 9.44475e-43
time: 218	PE: 0	op: 1000.29 - -0.0030303 * -0.000854779 = 1000.29
time: 218	PE: 1	op: 0 - -3.19068e-12 * -0.00513627 = -1.63882e-14
time: 218	PE: 2	op: 0.0159411 - -3.19068e-12 * -3.27764e-11 = 0.0159411
time: 218	PE: 3	op: 0 - -0.0005 * -3.27764e-11 = -1.63882e-14
time: 218	PE: 4	op: -2.34055e-12 / 1000.05 = -2.34043e-15
time: 218	PE: 5	op: -2.32558e+08 / 100000 = -2325.58
time: 218	PE: 6	op: 1.00201e+06 - -1000 * -1 = 1.00101e+06
Ax[40641] = 9.44475e-43
time: 219	PE: 0	op: 0 - -1.29931 * -0.77 = -1.00047
time: 219	PE: 1	op: 0 - -1 * -0.77 = -0.77
time: 219	PE: 2	op: -0.00846694 - -0.00846797 * -2.13927 = -0.0265822
time: 219	PE: 3	op: -3.89443e-08 - -0.00846797 * -0.464151 = -0.00393046
time: 219	PE: 4	op: 0 - -2e-31 * -0.77 = -1.54e-31
time: 219	PE: 5	op: 0.0690622 - -0.00846797 * 1.79353 = 0.0842498
time: 219	PE: 6	op: -0.0609078 - -8.79143e-06 * 1.79353 = -0.060892
time: 219	PE: 7	op: 0 - -1.00007e-12 * 1.84432e-15 = 1.84444e-27
time: 219	PE: 8	op: 0.165835 - -8.79143e-06 * -2.13927 = 0.165816
time: 219	PE: 9	op: 0 - -8.79143e-06 * -0.464151 = -4.08055e-06
time: 219	PE: 11	op: 0.882643 - -3.00339e-05 * -0.991749 = 0.882613
Ax[40641] = 9.44475e-43
time: 220	PE: 0	op: 1 - -7.69174e-05 * -746.722 = 0.942564
time: 220	PE: 1	op: 0 - -1 * -746.722 = -746.722
time: 220	PE: 2	op: 0 - -5.81065e-11 * -746.722 = -4.33894e-08
time: 220	PE: 4	op: 0 - -1 * -1.14995e-28 = -1.14995e-28
time: 220	PE: 5	op: -1.00047 - -5.81065e-11 * -1.14995e-28 = -1.00047
time: 220	PE: 6	op: 1000 - -1000 * -1 = 0.00152588
time: 220	PE: 8	op: -0.0245335 / 1000.05 = -2.45323e-05
time: 220	PE: 9	op: -1.33333e-06 - -1 * -0.71461 = -0.714612
time: 220	PE: 10	op: -5.68992e-09 - -0.000499992 * -0.464151 = -0.000232077
Ax[40641] = 9.44475e-43
time: 221	PE: 0	op: 0.000155321 - -0.0113798 * 1.79353 = 0.0205654
time: 221	PE: 1	op: -0.0521374 - -0.000499992 * 1.79353 = -0.0512407
time: 221	PE: 2	op: 0 - -1.00006e-12 * 1.84431e-15 = 1.84443e-27
time: 221	PE: 3	op: 0 - -1.54e-31 * -746.722 = -1.14995e-28
time: 221	PE: 4	op: 0.104858 - -1.00006e-12 * 1.84432e-15 = 0.104858
time: 221	PE: 5	op: 2.3256e+08 - -0.714612 * -2312.19 = 2.32558e+08
time: 221	PE: 6	op: 0.428955 - -1.00007e-12 * 1.84431e-15 = 0.428955
time: 221	PE: 7	op: -0.00149684 - -1.00006e-12 * -1 = -0.00149684
time: 221	PE: 8	op: 0 - -1 * -2.99172e-10 = -2.99172e-10
time: 221	PE: 9	op: 1 - -1 * -0.0574359 = 0.942564
time: 221	PE: 10	op: -0.006403 / 1000.01 = -6.40296e-06
time: 221	PE: 11	op: 0 - -1.54e-31 * -2.99172e-10 = -4.60719e-41
Ax[40641] = 9.44475e-43
time: 222	PE: 0	op: 0 - -4.47061e-13 * -746.722 = -3.3383e-10
time: 222	PE: 1	op: 0 - -4.47061e-13 * -1.14995e-28 = -5.14094e-41
time: 222	PE: 2	op: -1.0005e-12 - -2.54416e-05 * -6.40287e-06 = -1.639e-10
time: 222	PE: 3	op: -1.69371e-18 - -7.69174e-05 * -2.99172e-10 = -2.30132e-14
time: 222	PE: 4	op: 0 - -9.80907e-13 * -1 = -9.80907e-13
time: 222	PE: 5	op: -1.88993e-18 - -4.47061e-13 * -0.0574359 = -2.56792e-14
time: 222	PE: 6	op: 0 - -3.20513 * -0.000854779 = -0.00273968
time: 222	PE: 7	op: -0.00273968 / 0.307392 = -0.00891266
time: 222	PE: 12	op: 0 - -0.0005 * -2312.19 = -1.15609
Ax[40641] = 9.44475e-43
time: 223	PE: 0	op: -0.104264 - -0.00846797 * -0.0203932 = -0.104436
time: 223	PE: 1	op: -7.69174e-05 / 0.00133951 = -0.0574219
time: 223	PE: 2	op: -5.90812e-11 / 0.00133951 = -4.41064e-08
time: 223	PE: 3	op: -4.00647e-13 / 0.00133951 = -2.99099e-10
time: 223	PE: 4	op: 0 - -8.79143e-06 * -0.0203932 = -1.79286e-07
time: 223	PE: 5	op: 0.202656 - -7.69174e-05 * -0.0574359 = 0.202651
time: 223	PE: 6	op: 0 - -0.0113798 * -2.13927 = -0.0243445
time: 223	PE: 7	op: 0 - -0.0005 * -0.170081 = -8.50403e-05
time: 223	PE: 8	op: -5.68992e-09 - -0.0113798 * -0.0203932 = -0.000232077
time: 223	PE: 9	op: 0 - -3.25318 * 8e-31 = 2.60254e-30
time: 223	PE: 10	op: 6.57462 - -4.65499e-08 * 2.44141e-08 = 6.57462
Ax[40641] = 9.44475e-43
time: 224	PE: 0	op: 1000.29 - -0.00640292 * -6.40287e-06 = 1000.29
time: 224	PE: 1	op: -0.77 - -1.54e-31 * -1.14995e-28 = -0.77
time: 224	PE: 2	op: -1 / 0.00133951 = -746.539
time: 224	PE: 3	op: 0 - 0.00891266 * 8e-31 = -7.13013e-33
time: 224	PE: 4	op: 0.104919 - 2.84755e-05 * -1.00042e-15 = 0.104919
time: 224	PE: 5	op: 0 - -1000 * -1.00042e-15 = -1.00042e-12
time: 224	PE: 6	op: -0.0245335 - -0.0245335 * -1.38181e-14 = -0.0245335
time: 224	PE: 8	op: 0.882623 - -1.03143e-05 * -1.1686e-05 = 0.882623
Ax[40641] = 9.44475e-43
time: 225	PE: 0	op: -0.0265822 / 0.0842498 = -0.315517
time: 225	PE: 1	op: 0.0521263 / 0.0842498 = 0.618712
time: 225	PE: 2	op: -5.88356e-10 / 0.0842498 = -6.98347e-09
time: 225	PE: 3	op: -0.00393046 / 0.0842498 = -0.0466524
time: 225	PE: 4	op: -1.54e-31 / 0.00133951 = -1.14967e-28
time: 225	PE: 5	op: 0 - 2.84755e-05 * -1 = 2.84755e-05
time: 225	PE: 6	op: -5.42672e-13 / 0.0159411 = -3.40424e-11
time: 225	PE: 7	op: -0.0490669 - 0.0245335 * -1.01701e-10 = -0.0490669
time: 225	PE: 8	op: -1.63882e-14 / 0.0159411 = -1.02805e-12
time: 225	PE: 9	op: 0.0262349 - 0.0245335 * -1.38181e-14 = 0.0262349
time: 225	PE: 10	op: -0.00573952 / 0.0159411 = -0.360046
time: 225	PE: 11	op: -0.0102016 / 0.0159411 = -0.63996
time: 225	PE: 12	op: -2.45642e-16 - -5.81065e-11 * -0.0574359 = -3.33764e-12
time: 225	PE: 14	op: 1000 - -1000 * -0.999994 = 0.0064373
Ax[40641] = 9.44475e-43
time: 226	PE: 0	op: 0.000542735 - -0.0005 * -0.00513627 = 0.000540166
time: 226	PE: 1	op: 0 - -0.000499992 * -2.13927 = -0.00106962
time: 226	PE: 2	op: 1.80924e-12 - 2.84755e-05 * 1.20905e-24 = 1.80924e-12
time: 226	PE: 3	op: -2.49763e-16 - -7.69174e-05 * -4.41172e-08 = -3.39363e-12
time: 226	PE: 4	op: -2.11125e-11 - -5.81065e-11 * -2.99172e-10 = -2.11125e-11
time: 226	PE: 5	op: 0.00559398 / -1 = -0.00559398
time: 226	PE: 13	op: 0 - -1.00007e-12 * -1 = -1.00007e-12
time: 226	PE: 15	op: -6.84008e-07 - -0.006403 * -0.999994 = -0.00640364
Ax[40641] = 9.44475e-43
time: 227	PE: 0	op: 0 - -2e-31 * -2325.58 = -4.65116e-28
time: 227	PE: 1	op: 0 - -7.69174e-05 * -1.14995e-28 = -8.84513e-33
time: 227	PE: 2	op: -1.33274e-16 - -9.80907e-13 * -1.00042e-15 = -1.33274e-16
time: 227	PE: 3	op: -1e-08 / 0.942564 = -1.06094e-08
time: 227	PE: 4	op: -0.00503969 - -1000 * -2.34043e-15 = -0.00503969
time: 227	PE: 5	op: 1000.03 - -1000 * -0.999951 = 0.0787787
time: 227	PE: 6	op: -0.00149663 / 0.00152588 = -0.980834
time: 227	PE: 7	op: 1 / 0.307392 = 3.25318
Ax[40641] = 9.44475e-43
time: 228	PE: 0	op: 2.32558e+08 - -100000 * -2325.58 = -1.88281
time: 228	PE: 1	op: 1000.7 - -1000 * -1 = 0.69812
time: 228	PE: 2	op: 0.428955 - -1.01706e-22 * -2.34043e-15 = 0.428955
time: 228	PE: 3	op: 0 - -1.54e-31 * -0.0574359 = -8.84513e-33
time: 228	PE: 4	op: 0 - -1000 * 1.84431e-15 = 1.84431e-12
time: 228	PE: 5	op: 0 - -0.0245335 * -9.54023e-11 = -2.34055e-12
time: 228	PE: 6	op: -2.40744e-07 - 0.0245335 * -9.54023e-11 = -2.40741e-07
time: 228	PE: 7	op: 0.00333093 - -1.01706e-22 * -2.45323e-05 = 0.00333093
time: 228	PE: 8	op: 100000 - -6.99791e-08 * -2.59972e-09 = 100000
Ax[40641] = 9.44475e-43
time: 229	PE: 0	op: -0.104436 / 0.0842498 = -1.23961
time: 229	PE: 1	op: -1.0005e-12 - -2.54416e-05 * -6.40296e-06 = -1.63902e-10
time: 229	PE: 2	op: -2.30132e-14 / 0.942564 = -2.44155e-14
time: 229	PE: 3	op: 0.0113212 - -0.0113798 * -0.464151 = 0.00603927
time: 229	PE: 4	op: 0 - -2.54416e-05 * -0.999994 = -2.54415e-05
time: 229	PE: 5	op: -1.00047 - -1.54e-31 * -4.41172e-08 = -1.00047
time: 229	PE: 6	op: -4.65498e-08 / 6.57462 = -7.08023e-09
Ax[40641] = 9.44475e-43
time: 230	PE: 0	op: -0.0524422 / 0.104919 = -0.499834
time: 230	PE: 1	op: -0.0524367 / 0.104919 = -0.499782
time: 230	PE: 2	op: 0 - -1000 * 1.20905e-24 = 1.20905e-21
time: 230	PE: 3	op: 0 - -2.5641e-05 * -0.992091 = -2.54382e-05
time: 230	PE: 4	op: -0.00837087 - -1.01706e-22 * -0.999951 = -0.00837087
time: 230	PE: 5	op: 0 - -2.54416e-05 * -0.999994 = -2.54415e-05
time: 230	PE: 6	op: 0 - -1.00005e-12 * -1.01701e-10 = -1.01706e-22
time: 230	PE: 7	op: 0.0033309 - -1.00005e-12 * -1.38181e-14 = 0.0033309
Ax[40641] = 9.44475e-43
time: 231	PE: 0	op: 0.202656 - -7.69174e-05 * -0.0574219 = 0.202651
time: 231	PE: 1	op: -2.49763e-16 - -7.69174e-05 * -4.41064e-08 = -3.3928e-12
time: 231	PE: 2	op: -1.69371e-18 - -7.69174e-05 * -2.99099e-10 = -2.30076e-14
time: 231	PE: 3	op: 2.84755e-05 / 0.104919 = 0.000271404
time: 231	PE: 4	op: 0 - -1 * -4.41064e-08 = -4.41064e-08
time: 231	PE: 5	op: 0 - -1 * -2.99099e-10 = -2.99099e-10
time: 231	PE: 6	op: 0 - -1.54e-31 * -0.0574219 = -8.84297e-33
time: 231	PE: 7	op: -1.88993e-18 - -4.47061e-13 * -0.0574219 = -2.5673e-14
time: 231	PE: 8	op: 1000.05 - -0.0245335 * -1.01701e-10 = 1000.05
time: 231	PE: 9	op: -6.57462 / 6.57462 = -1
time: 231	PE: 10	op: 0 - -1.54e-31 * -2.99099e-10 = -4.60607e-41
Ax[40641] = 9.44475e-43
time: 232	PE: 0	op: 1 - -7.69174e-05 * -746.539 = 0.942578
time: 232	PE: 1	op: 0 - -1 * -746.539 = -746.539
time: 232	PE: 2	op: 0 - -5.81065e-11 * -746.539 = -4.33788e-08
time: 232	PE: 3	op: 0 - -1.54e-31 * -746.539 = -1.14967e-28
time: 232	PE: 4	op: 0 - -4.47061e-13 * -746.539 = -3.33748e-10
time: 232	PE: 5	op: 1.80924e-12 / 0.104919 = 1.72441e-11
time: 232	PE: 6	op: 0.00640232 / 0.0064373 = 0.994565
time: 232	PE: 7	op: -6.83999e-07 - -0.00640292 * -0.999994 = -0.00640356
time: 232	PE: 8	op: -0.001654 - -5.81065e-11 * -4.41064e-08 = -0.001654
time: 232	PE: 9	op: -0.882613 / 0.882613 = -1
time: 232	PE: 10	op: -4.48531e-08 / 0.882613 = -5.08186e-08
Ax[40641] = 9.44475e-43
time: 233	PE: 0	op: 0 - -1 * -1.14967e-28 = -1.14967e-28
time: 233	PE: 2	op: 0 - -4.47061e-13 * -1.14967e-28 = -5.13968e-41
time: 233	PE: 4	op: -0.0521263 - -0.0512407 * 0.618712 = -0.0204231
time: 233	PE: 5	op: -0.692749 - 0.344718 * -6.98347e-09 = -0.692749
time: 233	PE: 6	op: 0 - -0.060892 * -6.98347e-09 = -4.25238e-10
time: 233	PE: 7	op: 0.165816 - -0.060892 * -0.315517 = 0.146604
time: 233	PE: 9	op: -0.00133333 - 1.86984e-13 * -0.63996 = -0.00133333
time: 233	PE: 10	op: 0.0200967 - 1.86984e-13 * -3.40424e-11 = 0.0200967
time: 233	PE: 11	op: -0.882613 / 0.882613 = -1
time: 233	PE: 12	op: 0 - -1.03142e-05 * -0.747927 = -7.71425e-06
Ax[40641] = 9.44475e-43
time: 234	PE: 0	op: 0.000540166 - -1.63882e-14 * -1.02805e-12 = 0.000540166
time: 234	PE: 1	op: -0.77 - -1.54e-31 * -1.14967e-28 = -0.77
time: 234	PE: 2	op: 0 - -1.63882e-14 * -0.360046 = -5.9005e-15
time: 234	PE: 3	op: 0.403366 - 0.344718 * 0.618712 = 0.190085
time: 234	PE: 4	op: 0 - -1.63882e-14 * -0.63996 = -1.04878e-14
time: 234	PE: 5	op: 2.93016e-05 - 1.86984e-13 * -1.02805e-12 = 2.93016e-05
time: 234	PE: 6	op: 0 - 1.86984e-13 * -0.360046 = 6.73228e-14
time: 234	PE: 7	op: 0 - -0.0129204 * -1.02805e-12 = -1.32828e-14
time: 234	PE: 8	op: -0.0524536 - 0.344718 * -0.315517 = 0.0563108
time: 234	PE: 9	op: -2.54382e-05 / 1000.01 = -2.54381e-08
time: 234	PE: 10	op: -0.001654 - -5.81065e-11 * -4.41172e-08 = -0.001654
Ax[40641] = 9.44475e-43
time: 235	PE: 0	op: -1.00047 - -5.81065e-11 * -1.14967e-28 = -1.00047
time: 235	PE: 1	op: -0.349113 - -0.344916 * 0.618712 = -0.135709
time: 235	PE: 2	op: 0 - -0.344916 * -0.315517 = -0.108827
time: 235	PE: 3	op: -9.01619e-08 - 0.0205654 * 0.618712 = -0.0127241
time: 235	PE: 4	op: 0 - -7.69174e-05 * -1.14967e-28 = -8.84297e-33
time: 235	PE: 5	op: -0.0243445 - 0.0205654 * -0.315517 = -0.0178558
time: 235	PE: 6	op: -8.84513e-33 / 0.942564 = -9.38411e-33
time: 235	PE: 7	op: -3.39363e-12 / 0.942564 = -3.60042e-12
time: 235	PE: 8	op: -2.46305e-06 - -4.33894e-08 * -1.06094e-08 = -2.46305e-06
time: 235	PE: 9	op: 0 - 1 * -1 = 1
Ax[40641] = 9.44475e-43
time: 236	PE: 0	op: -1.67057e-05 - -0.060892 * 0.618712 = 0.0376579
time: 236	PE: 1	op: 4.68368e-05 - 0.344718 * -0.0466524 = 0.0161288
time: 236	PE: 2	op: -4.08055e-06 - -0.060892 * -0.0466524 = -0.00284484
time: 236	PE: 3	op: -0.00106962 - -0.0512407 * -0.315517 = -0.0172369
time: 236	PE: 4	op: -4.68636e-05 - -0.344916 * -0.0466524 = -0.016138
time: 236	PE: 5	op: 0 - -746.722 * -1.06094e-08 = -7.92224e-06
time: 236	PE: 6	op: -2.10661e-11 - -4.47061e-13 * -4.41172e-08 = -2.10661e-11
time: 236	PE: 7	op: -4.48531e-08 / 0.882613 = -5.08185e-08
Ax[40641] = 9.44475e-43
time: 237	PE: 0	op: -1.63902e-10 - 0.344718 * -1.23961 = 0.427315
time: 237	PE: 1	op: 0.0118642 - 3.05176e-09 * -7.08023e-09 = 0.0118642
time: 237	PE: 2	op: -1.79286e-07 - -0.060892 * -1.23961 = -0.0754822
time: 237	PE: 3	op: -8.50403e-05 - -1.63882e-14 * -3.40424e-11 = -8.50403e-05
time: 237	PE: 4	op: 0 - -1 * -4.41172e-08 = -4.41172e-08
time: 237	PE: 5	op: 1 - -1 * -0.0574219 = 0.942578
time: 237	PE: 6	op: -2.99172e-10 - -746.722 * -2.44155e-14 = -3.17403e-10
time: 237	PE: 7	op: -0.0245335 / 1000.05 = -2.45323e-05
time: 237	PE: 8	op: -1000 / 1000.05 = -0.999951
time: 237	PE: 9	op: -1.00047 - -1.54e-31 * -4.41064e-08 = -1.00047
Ax[40641] = 9.44475e-43
time: 238	PE: 0	op: 0 - -0.00302093 * -1.02805e-12 = -3.10567e-15
time: 238	PE: 1	op: 0 - -0.0129204 * -3.40424e-11 = -4.39842e-13
time: 238	PE: 2	op: -0.00133333 - -0.00302093 * -3.40424e-11 = -0.00133333
time: 238	PE: 3	op: -3.3928e-12 / 0.942578 = -3.59949e-12
time: 238	PE: 4	op: 0.00603927 - -4.52262e-08 * -0.00149342 = 0.00603927
time: 238	PE: 5	op: -2.34055e-12 / 1000.05 = -2.34044e-15
time: 238	PE: 6	op: 0 - -0.0129204 * -0.63996 = -0.00826854
time: 238	PE: 7	op: -0.00123932 - -0.00302093 * -0.360046 = -0.002327
time: 238	PE: 8	op: 1 - -1.14995e-28 * -1.06094e-08 = 1
Ax[40641] = 9.44475e-43
time: 239	PE: 0	op: -0.0204231 - -1.00042e-12 * -0.499782 = -0.0204231
time: 239	PE: 1	op: 0.146604 - -0.104879 * -0.499834 = 0.0941814
time: 239	PE: 2	op: -0.0001 / 0.0200967 = -0.00497595
time: 239	PE: 3	op: -0.00133333 / 0.0200967 = -0.0663459
time: 239	PE: 4	op: -1e-08 / 0.942578 = -1.06092e-08
time: 239	PE: 5	op: -0.000232077 - 0.0205654 * -1.23961 = 0.0252609
time: 239	PE: 6	op: -0.000232077 - -0.0512407 * -0.0466524 = -0.00262258
time: 239	PE: 7	op: -2.54382e-05 / 1000.01 = -2.54381e-08
time: 239	PE: 8	op: -2.11125e-11 - -4.33894e-08 * -2.44155e-14 = -2.11125e-11
time: 239	PE: 9	op: 1.00001e+06 - -6.57462 * -1 = 1e+06
Ax[40641] = 9.44475e-43
time: 240	PE: 0	op: 0.190085 - 2.04211e-07 * -0.499782 = 0.190085
time: 240	PE: 2	op: -4.25238e-10 - -0.104879 * 1.72441e-11 = -4.23429e-10
time: 240	PE: 3	op: 2.93016e-05 / 0.0200967 = 0.00145803
time: 240	PE: 4	op: 6.73228e-14 / 0.0200967 = 3.34995e-12
time: 240	PE: 5	op: -2.30076e-14 / 0.942578 = -2.44092e-14
time: 240	PE: 6	op: 1000 - -1000 * -0.999994 = 0.0064373
time: 240	PE: 7	op: -2.40744e-07 - -0.0490669 * -2.34043e-15 = -2.40744e-07
Ax[40641] = 9.44475e-43
time: 241	PE: 0	op: -0.135709 - -1.33274e-16 * -0.499782 = -0.135709
time: 241	PE: 1	op: -0.692749 - 2.04211e-07 * 1.72441e-11 = -0.692749
time: 241	PE: 2	op: 0.0563108 - 2.04211e-07 * -0.499834 = 0.0563109
time: 241	PE: 3	op: -8.84297e-33 / 0.942578 = -9.38168e-33
time: 241	PE: 4	op: -2.45642e-16 - -5.81065e-11 * -0.0574219 = -3.33683e-12
time: 241	PE: 5	op: -2.11125e-11 - -5.81065e-11 * -2.99099e-10 = -2.11125e-11
time: 241	PE: 6	op: -0.00273968 / 0.307392 = -0.00891266
time: 241	PE: 7	op: 0 - -17.8891 * -7.56776e-09 = -1.3538e-07
Ax[40641] = 9.44475e-43
time: 242	PE: 0	op: 0.403488 - -2.54416e-05 * -2.54381e-08 = 0.403488
time: 242	PE: 1	op: -0.052125 - -0.00640292 * -2.54381e-08 = -0.052125
time: 242	PE: 2	op: 0.0376579 - -0.104879 * -0.499782 = -0.0147588
time: 242	PE: 3	op: -0.108827 - -1.33274e-16 * -0.499834 = -0.108827
time: 242	PE: 4	op: -0.0172369 - -1.00042e-12 * -0.499834 = -0.0172369
time: 242	PE: 5	op: 0.69812 - -1.00005e-12 * -9.54023e-11 = 0.69812
time: 242	PE: 6	op: 0 - -1000 * -2.54381e-08 = -2.54381e-05
time: 242	PE: 7	op: 1000 - -1.00005e-12 * 0.994565 = 1000
Ax[40641] = 9.44475e-43
time: 243	PE: 0	op: -1.14995e-28 - -746.722 * -9.38411e-33 = -1.22002e-28
time: 243	PE: 1	op: -1.00047 - -4.33894e-08 * -9.38411e-33 = -1.00047
time: 243	PE: 2	op: -0.77 - -1.14995e-28 * -9.38411e-33 = -0.77
time: 243	PE: 3	op: -5.14094e-41 - -3.3383e-10 * -9.38411e-33 = -5.45427e-41
time: 243	PE: 4	op: -1.88281 / 1 = -1.88281
time: 243	PE: 5	op: -4.41172e-08 - -746.722 * -3.60042e-12 = -4.68057e-08
time: 243	PE: 6	op: -2.03347e-07 - -1000 * 1.84432e-15 = -2.03345e-07
time: 243	PE: 7	op: -2.10661e-11 - -4.47061e-13 * -4.41064e-08 = -2.10661e-11
time: 243	PE: 8	op: -0.001654 - -4.33894e-08 * -3.60042e-12 = -0.001654
time: 243	PE: 9	op: -1.00047 - -1.14995e-28 * -3.60042e-12 = -1.00047
time: 243	PE: 10	op: 0 - -6.57462 * -7.08023e-09 = -4.65498e-08
Ax[40641] = 9.44475e-43
time: 244	PE: 0	op: 0.427315 - 2.04211e-07 * 0.000271404 = 0.427315
time: 244	PE: 1	op: -0.0754822 - -0.104879 * 0.000271404 = -0.0754538
time: 244	PE: 2	op: 0.00603927 - 0.0205654 * -0.0466524 = 0.0069987
time: 244	PE: 3	op: 1.20905e-21 - -0.0512407 * -6.98347e-09 = -3.57838e-10
time: 244	PE: 4	op: -0.000197624 - 0.0205654 * -6.98347e-09 = -0.000197624
time: 244	PE: 5	op: -0.00640292 - -1000 * -6.40287e-06 = -0.0128058
time: 244	PE: 6	op: 0.0262349 - -0.0490669 * -2.45323e-05 = 0.0262337
time: 244	PE: 7	op: -100000 / 100000 = -1
Ax[40641] = 9.44475e-43
time: 245	PE: 0	op: -0.00284484 / 0.0941814 = -0.030206
time: 245	PE: 1	op: -9.80907e-13 - -0.344916 * -1.23961 = -0.42756
time: 245	PE: 2	op: 1000.03 - -1000 * -0.999951 = 0.0787787
time: 245	PE: 3	op: -0.00837078 - -1.01706e-22 * -0.999951 = -0.00837078
time: 245	PE: 4	op: 8.33511 - -0.00302093 * -0.63996 = 8.33318
time: 245	PE: 5	op: -0.00170851 - -0.0490669 * -0.999951 = -0.050773
time: 245	PE: 6	op: -0.00170849 - -0.0490669 * -0.999951 = -0.050773
time: 245	PE: 7	op: 0.0262349 - -0.0490669 * -2.45323e-05 = 0.0262337
time: 245	PE: 8	op: -1.03142e-05 / 4.15826e-05 = -0.248041
time: 245	PE: 9	op: -0.882613 / 0.899854 = -0.98084
Ax[40641] = 9.44475e-43
time: 246	PE: 0	op: -4.23429e-10 / 0.0941814 = -4.49589e-09
time: 246	PE: 1	op: 0.0113842 - -4.48531e-08 * -5.08186e-08 = 0.0113842
time: 246	PE: 2	op: -4.41064e-08 - -746.539 * -3.59949e-12 = -4.67936e-08
time: 246	PE: 3	op: 1000 - -1.00029e-12 * -0.980834 = 1000
time: 246	PE: 4	op: 0.00149663 - -0.00149684 * -0.980834 = 2.84848e-05
time: 246	PE: 5	op: 0 - -2.54415e-05 * 0.994565 = 2.53032e-05
time: 246	PE: 6	op: -2.40741e-07 - -0.0490669 * -2.34044e-15 = -2.40741e-07
time: 246	PE: 7	op: -0.00503968 - -1000 * -2.45323e-05 = -0.0295719
time: 246	PE: 8	op: -1e+06 / 1e+06 = -1
time: 246	PE: 9	op: -100 / 100.004 = -0.999958
Ax[40641] = 9.44475e-43
time: 247	PE: 0	op: 0.190085 - -2.54416e-05 * -2.54381e-08 = 0.190085
time: 247	PE: 1	op: -0.0204231 - -0.006403 * -2.54381e-08 = -0.0204231
time: 247	PE: 2	op: -7.09147e-05 - -8.50403e-05 * -0.00497595 = -7.13379e-05
time: 247	PE: 3	op: -1.04878e-14 - -8.50403e-05 * -0.0663459 = -5.64208e-06
time: 247	PE: 4	op: 0 - -746.539 * -1.06092e-08 = -7.92019e-06
time: 247	PE: 5	op: 0 - -1000 * -2.54381e-08 = -2.54381e-05
time: 247	PE: 6	op: 0.00640223 / 0.0064373 = 0.994552
time: 247	PE: 7	op: 0.882613 - -0.882613 * -1 = 2.63039e-07
Ax[40641] = 9.44475e-43
time: 248	PE: 0	op: 0.000540166 - -8.50403e-05 * 0.00145803 = 0.00054029
time: 248	PE: 1	op: -1.00015e-12 - -0.0001 * 0.00145803 = 1.45802e-07
time: 248	PE: 2	op: -5.9005e-15 - -8.50403e-05 * 3.34995e-12 = -5.61562e-15
time: 248	PE: 3	op: -0.0147588 / 0.0941814 = -0.156706
time: 248	PE: 4	op: -1.32828e-14 - -4.39842e-13 * 0.00145803 = -1.26415e-14
time: 248	PE: 5	op: -3.10567e-15 - -0.00133333 * 0.00145803 = 1.94404e-06
time: 248	PE: 6	op: -0.00640232 - -0.00640364 * 0.994565 = -3.34755e-05
time: 248	PE: 7	op: 0 - -0.0001 * -0.0663459 = -6.63459e-06
time: 248	PE: 8	op: -0.00826854 - -4.39842e-13 * -0.0663459 = -0.00826854
time: 248	PE: 9	op: -0.002327 - -0.00133333 * 3.34995e-12 = -0.002327
Ax[40641] = 9.44475e-43
time: 249	PE: 0	op: 0 - 1 * -0.00891266 = 0.00891266
time: 249	PE: 1	op: -1.14967e-28 - -746.539 * -9.38168e-33 = -1.21971e-28
time: 249	PE: 2	op: -0.77 - -1.14967e-28 * -9.38168e-33 = -0.77
time: 249	PE: 3	op: -5.13968e-41 - -3.33748e-10 * -9.38168e-33 = -5.45273e-41
time: 249	PE: 4	op: -0.006403 - -1000 * -6.40296e-06 = -0.012806
time: 249	PE: 5	op: -2.54381e-05 / 0.0064373 = -0.00395167
time: 249	PE: 6	op: -2.46305e-06 - -1.00047 * 100000 = 100047
time: 249	PE: 7	op: -2.10661e-11 - -3.33748e-10 * -3.59949e-12 = -2.10661e-11
time: 249	PE: 8	op: -2.11125e-11 - -1.00047 * -100000 = -100047
time: 249	PE: 9	op: -4.65498e-08 / 1e+06 = -4.65498e-14
time: 249	PE: 11	op: 1.00101e+06 / -1000 = -1001.01
Ax[40641] = 9.44475e-43
time: 250	PE: 0	op: -0.0754538 / 0.0941814 = -0.801154
time: 250	PE: 1	op: 0.69812 - -9.80907e-13 * 1.20905e-24 = 0.69812
time: 250	PE: 2	op: -3.57838e-10 - -1.00042e-12 * 1.72441e-11 = -3.57838e-10
time: 250	PE: 3	op: 1.84431e-12 / 0.00152588 = 1.20869e-09
time: 250	PE: 4	op: -1000 / 1000 = -1
time: 250	PE: 6	op: 0 - -4.39842e-13 * -0.00497595 = -2.18863e-15
time: 250	PE: 7	op: 0 - -0.882613 * -5.08185e-08 = -4.48531e-08
time: 250	PE: 10	op: 1 - -0.77 * 100000 = 77001
Ax[40641] = 9.44475e-43
time: 251	PE: 0	op: 1000.29 - -0.00273968 * -0.00891266 = 1000.29
time: 251	PE: 1	op: -0.00503964 - -1000 * -2.34044e-15 = -0.00503964
time: 251	PE: 2	op: 0.942564 - -1.22002e-28 * -1e-08 = 0.942564
time: 251	PE: 3	op: -3.33764e-12 - -1.00047 * -1e-08 = -1.0008e-08
time: 251	PE: 4	op: -8.84513e-33 - -0.77 * -1e-08 = -7.7e-09
time: 251	PE: 5	op: 8.33318 - 1 * -0.00559398 = 8.33877
time: 251	PE: 6	op: -2.56792e-14 - -5.45427e-41 * -1e-08 = -2.56792e-14
time: 251	PE: 7	op: -0.001654 - -1.00047 * -2.46305e-06 = -0.00165647
time: 251	PE: 8	op: -2.40744e-07 / 0.0262337 = -9.17691e-06
time: 251	PE: 9	op: -0.00503963 - -1000 * -2.45323e-05 = -0.0295719
time: 251	PE: 10	op: 0 - 1 * -1 = 1
Ax[40641] = 9.44475e-43
time: 252	PE: 0	op: -1.00047 - -4.33788e-08 * -9.38168e-33 = -1.00047
time: 252	PE: 1	op: -0.42756 - -1.33274e-16 * 0.000271404 = -0.42756
time: 252	PE: 2	op: -2.99099e-10 - -746.539 * -2.44092e-14 = -3.17321e-10
time: 252	PE: 3	op: -7.92224e-06 - -1.22002e-28 * 100000 = -7.92224e-06
time: 252	PE: 4	op: -3.17403e-10 - -1.22002e-28 * -100000 = -3.17403e-10
time: 252	PE: 5	op: 0 - -1.00007e-12 * -0.980834 = -9.80901e-13
time: 252	PE: 6	op: -2.11125e-11 - -4.33788e-08 * -2.44092e-14 = -2.11125e-11
time: 252	PE: 7	op: -1.00047 - -1.14967e-28 * -3.59949e-12 = -1.00047
time: 252	PE: 8	op: -2.40741e-07 / 0.0262337 = -9.17681e-06
Ax[40641] = 9.44475e-43
time: 253	PE: 0	op: 0.0161288 - 0.0563109 * -0.030206 = 0.0178297
time: 253	PE: 2	op: -0.00262258 - -0.0172369 * -0.030206 = -0.00314324
time: 253	PE: 3	op: -0.016138 - -0.108827 * -0.030206 = -0.0194253
time: 253	PE: 4	op: -1000 / 1000 = -1
time: 253	PE: 5	op: -2.54381e-05 / 0.0064373 = -0.00395167
time: 253	PE: 6	op: 0 - -0.00273968 * 3.25318 = 0.00891266
time: 253	PE: 7	op: 0 - -0.0005 * -1 = -0.0005
time: 253	PE: 8	op: -0.050773 / 0.0262337 = -1.93542
time: 253	PE: 9	op: -0.050773 / 0.0262337 = -1.93542
Ax[40641] = 9.44475e-43
time: 254	PE: 0	op: -0.692749 - 0.0563109 * -4.49589e-09 = -0.692749
time: 254	PE: 1	op: 0.0069987 - -0.0178558 * -0.030206 = 0.00645934
time: 254	PE: 2	op: -0.000197624 - -0.0178558 * -4.49589e-09 = -0.000197624
time: 254	PE: 3	op: -4.68057e-08 - -1.22002e-28 * -2.46305e-06 = -4.68057e-08
time: 254	PE: 4	op: 1100.01 - -100 * -0.999958 = 1000.02
time: 254	PE: 5	op: 100001 - -100000 * -1 = 0.71875
time: 254	PE: 6	op: 0 - -0.0001 * 3.34995e-12 = 3.34995e-16
time: 254	PE: 7	op: 0.882623 - -1.03142e-05 * -0.248041 = 0.88262
Ax[40641] = 9.44475e-43
time: 255	PE: 1	op: 0.942578 - -1.21971e-28 * -1e-08 = 0.942578
time: 255	PE: 2	op: -4.67936e-08 - -1.21971e-28 * -2.46305e-06 = -4.67936e-08
time: 255	PE: 3	op: -8.84297e-33 - -0.77 * -1e-08 = -7.7e-09
time: 255	PE: 4	op: -2.5673e-14 - -5.45273e-41 * -1e-08 = -2.5673e-14
time: 255	PE: 5	op: 1000 - -1.00005e-12 * 0.994552 = 1000
time: 255	PE: 6	op: -0.0128058 / 0.0064373 = -1.98931
time: 255	PE: 7	op: -0.00640223 - -0.00640356 * 0.994552 = -3.35594e-05
time: 255	PE: 8	op: -1.00047 - -0.77 * -2.46305e-06 = -1.00047
time: 255	PE: 9	op: -2.10661e-11 - -5.45273e-41 * -2.46305e-06 = -2.10661e-11
Ax[40641] = 9.44475e-43
time: 256	PE: 0	op: 0.69812 - -0.344916 * -6.98347e-09 = 0.69812
time: 256	PE: 1	op: 0.190085 - 0.0563109 * -0.156706 = 0.198909
time: 256	PE: 2	op: -0.0204231 - -0.0172369 * -0.156706 = -0.0231242
time: 256	PE: 3	op: -0.135709 - -0.108827 * -0.156706 = -0.152763
time: 256	PE: 4	op: -0.0127241 - -0.0178558 * -0.156706 = -0.0155222
time: 256	PE: 5	op: -3.57838e-10 - -0.0172369 * -4.49589e-09 = -4.35333e-10
time: 256	PE: 6	op: -0.012806 / 0.0064373 = -1.98934
time: 256	PE: 7	op: 0.146316 - -0.00873356 * -0.00251228 = 0.146294
time: 256	PE: 8	op: -100000 - -3.33748e-10 * -1.06092e-08 = -100000
Ax[40641] = 9.44475e-43
time: 257	PE: 0	op: 0.403488 - -2.54415e-05 * -0.00395167 = 0.403488
time: 257	PE: 1	op: -0.052125 - -0.00640356 * -0.00395167 = -0.0521503
time: 257	PE: 2	op: 0 - -1.00005e-12 * -0.00395167 = -3.95186e-15
time: 257	PE: 3	op: -2.03345e-07 / 0.00152588 = -0.000133264
time: 257	PE: 4	op: 1000.29 - -5.56905e-06 * -5.21319e-05 = 1000.29
time: 257	PE: 5	op: -2.10661e-11 - -3.3383e-10 * -3.60042e-12 = -2.10661e-11
time: 257	PE: 6	op: 0 - 1 * -0.00891266 = 0.00891266
time: 257	PE: 7	op: -1006.57 - 1000 * -1001.01 = 1e+06
time: 257	PE: 8	op: -100000 - -3.3383e-10 * -1.06094e-08 = -100000
Ax[40641] = 9.44475e-43
time: 258	PE: 0	op: 0.427315 - 0.0563109 * -0.801154 = 0.472428
time: 258	PE: 1	op: 1.84443e-27 - -0.00149684 * 1.20869e-09 = 1.80921e-12
time: 258	PE: 2	op: 1000 - -1000 * -1 = 0.00231934
time: 258	PE: 3	op: 0 - 2.53032e-05 * -1 = 2.53032e-05
time: 258	PE: 4	op: 0.0252609 - -0.0178558 * -0.801154 = 0.0109556
time: 258	PE: 5	op: -0.42756 - -0.108827 * -0.801154 = -0.514747
time: 258	PE: 6	op: 1e+06 - -1e+06 * -1 = 0
time: 258	PE: 7	op: -0.0005 / 100000 = -5e-09
time: 258	PE: 8	op: 0.882613 - -0.882613 * -1 = 2.63039e-07
time: 258	PE: 9	op: 2.63039e-07 / -1 = -2.63039e-07
Ax[40641] = 9.44475e-43
time: 259	PE: 0	op: -1.00041e-12 - -3.34755e-05 * -1 = -3.34755e-05
time: 259	PE: 1	op: 0 - -1.00029e-12 * 1.20869e-09 = 1.20903e-21
time: 259	PE: 2	op: -3.33683e-12 - -1.00047 * -1e-08 = -1.0008e-08
time: 259	PE: 3	op: -2.46305e-06 - -4.33788e-08 * -1.06092e-08 = -2.46305e-06
time: 259	PE: 4	op: -4.60607e-41 - -1.14967e-28 * -2.44092e-14 = -4.88675e-41
time: 259	PE: 5	op: 1 - -1.14967e-28 * -1.06092e-08 = 1
Ax[40641] = 9.44475e-43
time: 260	PE: 0	op: 0.428955 - -1.00007e-12 * 1.20869e-09 = 0.428955
time: 260	PE: 1	op: -0.00503964 - -0.0295719 * -9.17681e-06 = -0.00503991
time: 260	PE: 2	op: 0 - -2.54415e-05 * 0.994552 = 2.53029e-05
time: 260	PE: 3	op: 0 - -4.52262e-08 * -0.991749 = -4.48531e-08
time: 260	PE: 4	op: -1661.88 / 0.71875 = -2312.19
Ax[40641] = 9.44475e-43
time: 261	PE: 0	op: 1000.29 - -1000 * -1 = 0.290527
time: 261	PE: 1	op: 0 - 2.84848e-05 * -1 = 2.84848e-05
time: 261	PE: 2	op: -0.0005 / 1000.02 = -4.99992e-07
time: 261	PE: 3	op: -1000 / 1000 = -1
time: 261	PE: 4	op: -0.011408 / 1000.02 = -1.14079e-05
time: 261	PE: 5	op: 0 - 1 * 3.25318 = -3.25318
time: 261	PE: 6	op: 0 - -0.00133333 * -0.00497595 = -6.63459e-06
time: 261	PE: 7	op: 0 - -3.11007e-05 * -0.248041 = -7.71425e-06
time: 261	PE: 8	op: 0 - -0.882613 * -5.08186e-08 = -4.48531e-08
Ax[40641] = 9.44475e-43
time: 262	PE: 0	op: 0.198909 - -2.54415e-05 * -0.00395167 = 0.198909
time: 262	PE: 1	op: -0.0231242 - -0.00640364 * -0.00395167 = -0.0231495
time: 262	PE: 2	op: 0 - -9.80901e-13 * -1 = -9.80901e-13
time: 262	PE: 3	op: 0.0787787 - -0.0295719 * -1.93542 = 0.0215448
time: 262	PE: 4	op: 0 - -0.0172414 * -0.98084 = -0.016911
time: 262	PE: 5	op: 0 - -1.00047 * -1.88281 = -1.88369
Ax[40641] = 9.44475e-43
time: 263	PE: 0	op: -1.639e-10 - -2.54415e-05 * -1.98931 = -5.06112e-05
time: 263	PE: 1	op: -0.00503969 - -0.0295719 * -9.17691e-06 = -0.00503996
time: 263	PE: 2	op: -1.00004e-12 - -1.00005e-12 * -1.98931 = -2.98945e-12
time: 263	PE: 3	op: -3.95186e-15 / 1000 = -3.95186e-18
time: 263	PE: 4	op: 0.0787787 - -0.0295719 * -1.93542 = 0.0215448
time: 263	PE: 5	op: 8.33877 - -0.00133333 * -0.0663459 = 8.33869
time: 263	PE: 6	op: -1e+06 / 1e+06 = -1
time: 263	PE: 7	op: -310.078 - -1.22002e-28 * -1.88281 = -310.078
Ax[40641] = 9.44475e-43
time: 264	PE: 0	op: 0.472428 - -2.54415e-05 * -1.98934 = 0.472378
time: 264	PE: 1	op: 0.69812 - -1.33274e-16 * 1.72441e-11 = 0.69812
time: 264	PE: 2	op: 0 - -1.00005e-12 * -0.00395167 = -3.95186e-15
time: 264	PE: 3	op: -1.00004e-12 - -1.00005e-12 * -1.98934 = -2.98948e-12
time: 264	PE: 4	op: -0.001654 - -4.33788e-08 * -3.59949e-12 = -0.001654
time: 264	PE: 5	op: -4.65498e-08 / 1e+06 = -4.65498e-14
time: 264	PE: 6	op: 0 - -4.48531e-08 * -1 = -4.48531e-08
Ax[40641] = 9.44475e-43
time: 265	PE: 0	op: 0.104858 - -0.00149684 * -0.000133264 = 0.104858
time: 265	PE: 1	op: -1.00029e-12 - -1.00029e-12 * -0.000133264 = -1.00042e-12
time: 265	PE: 2	op: 1.20903e-21 / 1000 = 1.20903e-24
time: 265	PE: 3	op: 0.88262 - -0.882613 * -0.98084 = 0.0169189
time: 265	PE: 4	op: 0 / -1 = -0
time: 265	PE: 5	op: 0 - -8.33333 * 0.12 = 1
time: 265	PE: 6	op: -1.3538e-07 - -0.00870192 * 0.682805 = 0.00594158
Ax[40641] = 9.44475e-43
time: 266	PE: 0	op: 1.84444e-27 - -1.00007e-12 * -0.000133264 = -1.33273e-16
time: 266	PE: 1	op: 0.428955 - 0.00333093 * -9.17691e-06 = 0.428955
time: 266	PE: 2	op: 0.00645934 - -4.48531e-08 * -5.08185e-08 = 0.00645934
time: 266	PE: 3	op: 1000.29 - -0.0030303 * -3.0303e-09 = 1000.29
time: 266	PE: 4	op: 0 - 3.05176e-09 * -1 = 3.05176e-09
time: 266	PE: 5	op: -0.714612 / 0.71875 = -0.994242
time: 266	PE: 6	op: -4.48531e-08 / -1 = 4.48531e-08
Ax[40641] = 9.44475e-43
time: 267	PE: 0	op: 0.290527 - -0.00640356 * -1.98931 = 0.277789
time: 267	PE: 1	op: -1000 / 1000.02 = -0.999984
time: 267	PE: 2	op: 0.882644 - -3.11007e-05 * -0.747927 = 0.88262
time: 267	PE: 3	op: -100000 - -5.45427e-41 * 100000 = -100000
time: 267	PE: 4	op: 2.63039e-07 / -1 = -2.63039e-07
time: 267	PE: 5	op: 0 - 1 * -2.63039e-07 = 2.63039e-07
time: 267	PE: 6	op: -4.48531e-08 / -1 = 4.48531e-08
Ax[40641] = 9.44475e-43
time: 268	PE: 0	op: 1655.23 - -0.714612 * -2312.19 = 2.90962
time: 268	PE: 1	op: -0.00239884 / 0.0215448 = -0.111342
time: 268	PE: 2	op: -0.00837087 - 0.00333093 * -1.93542 = -0.00192413
time: 268	PE: 3	op: 0.017117 / 0.0215448 = 0.794487
time: 268	PE: 4	op: -2.10661e-11 - -5.45427e-41 * -2.46305e-06 = -2.10661e-11
time: 268	PE: 5	op: 100000 - -0.00045847 * -0.047619 = 100000
time: 268	PE: 6	op: 0 - -0.0005 * -2312.19 = -1.15609
time: 268	PE: 7	op: -1.15609 - -5.45427e-41 * -1.88281 = -1.15609
Ax[40641] = 9.44475e-43
time: 269	PE: 0	op: 0 - -0.011408 * -4.99992e-07 = -5.70393e-09
time: 269	PE: 1	op: 0 - -1000 * -4.99992e-07 = -0.000499992
time: 269	PE: 2	op: 0 - 2.53029e-05 * -1 = 2.53029e-05
time: 269	PE: 3	op: -0.00503996 / 0.0215448 = -0.23393
time: 269	PE: 4	op: -2.98945e-12 / 1000 = -2.98945e-15
time: 269	PE: 5	op: -0.00239888 / 0.0215448 = -0.111344
time: 269	PE: 6	op: -0.00503991 / 0.0215448 = -0.233927
time: 269	PE: 7	op: 0.017117 / 0.0215448 = 0.794484
time: 269	PE: 8	op: 4.01 - -4 * -0.5 = 2.01
Ax[40641] = 9.44475e-43
time: 270	PE: 0	op: 0 - -0.0005 * -1.14079e-05 = -5.70393e-09
time: 270	PE: 1	op: 1000 - -1000 * -1 = 0.00231934
time: 270	PE: 2	op: -3.95186e-15 / 1000 = -3.95186e-18
time: 270	PE: 3	op: 0 - -100000 * -5e-09 = -0.0005
time: 270	PE: 4	op: 0 - 0.00891266 * 8e-31 = -7.13013e-33
Ax[40641] = 9.44475e-43
time: 271	PE: 0	op: 0.403488 - 2.53029e-05 * -3.95186e-18 = 0.403488
time: 271	PE: 1	op: 0 - -1000 * -1.14079e-05 = -0.0114079
time: 271	PE: 2	op: 0.69812 - -1.01706e-22 * -2.34044e-15 = 0.69812
time: 271	PE: 3	op: -1.00042e-12 / 1000 = -1.00042e-15
time: 271	PE: 4	op: 0 - -1e+06 * -4.65498e-14 = -4.65498e-08
time: 271	PE: 5	op: -4.60719e-41 - -1.14995e-28 * -2.44155e-14 = -4.88801e-41
time: 271	PE: 6	op: 100000 - -0.00045847 * -0.047619 = 100000
Ax[40641] = 9.44475e-43
time: 272	PE: 0	op: -0.0521503 - -3.35594e-05 * -3.95186e-18 = -0.0521503
time: 272	PE: 1	op: 0.0118642 - 3.05176e-09 * -4.65498e-14 = 0.0118642
time: 272	PE: 2	op: -1.00041e-12 - -3.35594e-05 * -1 = -3.35594e-05
time: 272	PE: 3	op: 0.0113842 - -0.011408 * -1.14079e-05 = 0.011384
time: 272	PE: 5	op: -0.001654 - -1.00047 * -2.46305e-06 = -0.00165647
Ax[40641] = 9.44475e-43
time: 273	PE: 0	op: 0.277789 - -0.0005 * -4.99992e-07 = 0.277789
time: 273	PE: 1	op: 1.80921e-12 - 2.84848e-05 * 1.20903e-24 = 1.80921e-12
time: 273	PE: 2	op: 0 - -1000 * 1.20903e-24 = 1.20903e-21
time: 273	PE: 3	op: 0 - 3.05176e-09 * -1 = 3.05176e-09
time: 273	PE: 4	op: 1000.29 - -6.84008e-07 * -6.403e-06 = 1000.29
time: 273	PE: 5	op: -2.98948e-12 / 1000 = -2.98948e-15
time: 273	PE: 6	op: 1e+06 - -1e+06 * -1 = 0
time: 273	PE: 7	op: -0.882613 / 0.88262 = -0.999991
time: 273	PE: 8	op: 1 / 1 = 1
Ax[40641] = 9.44475e-43
time: 274	PE: 0	op: 0 - 0.00891266 * -0 = 0
time: 274	PE: 1	op: 0 - -1000 * -3.95186e-18 = -3.95186e-15
time: 274	PE: 2	op: -1 - -3.25318 * -0 = -1
time: 274	PE: 3	op: -1.00047 - -0.77 * -2.46305e-06 = -1.00047
time: 274	PE: 4	op: -100000 - -0.0005 * -0.994242 = -100000
Ax[40641] = 9.44475e-43
time: 275	PE: 0	op: 100001 - -0.714612 * -0.994242 = 100000
time: 275	PE: 1	op: 0 - -0.0005 * -0.999984 = -0.000499992
time: 275	PE: 2	op: 2.90962 / 1 = 2.90962
time: 275	PE: 3	op: 0 - -1e+06 * -4.65498e-14 = -4.65498e-08
time: 275	PE: 4	op: -7.71425e-06 / 0.88262 = -8.74017e-06
Ax[40641] = 9.44475e-43
time: 276	PE: 0	op: 0.000540292 - -1.65453e-06 * 0.794487 = 0.000541606
time: 276	PE: 1	op: 0.00231934 - -0.00229752 * -0.111342 = 0.00206352
time: 276	PE: 2	op: -2.5e-32 - -0.00192413 * -0.111342 = -0.000214236
time: 276	PE: 3	op: -7.08708e-05 - -0.00229752 * 0.794487 = 0.00175448
time: 276	PE: 4	op: 0 - -0.011408 * -0.999984 = -0.0114079
time: 276	PE: 5	op: 0 - -0.00192413 * 0.794487 = 0.00152869
time: 276	PE: 6	op: 0.0033309 - -1.01706e-22 * -2.45323e-05 = 0.0033309
Ax[40641] = 9.44475e-43
time: 277	PE: 0	op: -5.06112e-05 - 2.53029e-05 * -2.98945e-15 = -5.06112e-05
time: 277	PE: 1	op: -2.5e-32 - -0.00229752 * -0.23393 = -0.000537459
time: 277	PE: 2	op: 7.07701e-05 - -1000 * -2.98945e-15 = 7.07701e-05
time: 277	PE: 3	op: 1000.01 - -1000 * -0.999984 = 0.0245175
time: 277	PE: 4	op: -9.62987e-09 - -1.65453e-06 * -0.111342 = -1.93848e-07
time: 277	PE: 5	op: 0 - -1.65453e-06 * -0.23393 = -3.87043e-07
time: 277	PE: 6	op: -4.65498e-08 / -1 = 4.65498e-08
time: 277	PE: 7	op: -0.01 / 2.01 = -0.00497512
Ax[40641] = 9.44475e-43
time: 278	PE: 0	op: -2.5e-32 - -0.00229756 * -0.233927 = -0.00053746
time: 278	PE: 1	op: 0.00054029 - -1.65391e-06 * 0.794484 = 0.000541604
time: 278	PE: 2	op: 0.00231934 - -0.00229756 * -0.111344 = 0.00206352
time: 278	PE: 3	op: -7.08986e-05 - -0.00229756 * 0.794484 = 0.00175448
time: 278	PE: 4	op: 0.198909 - 2.53032e-05 * -3.95186e-18 = 0.198909
time: 278	PE: 5	op: -9.63365e-09 - -1.65391e-06 * -0.111344 = -1.93787e-07
time: 278	PE: 6	op: 0 - -1.65391e-06 * -0.233927 = -3.86895e-07
time: 278	PE: 7	op: 0.00641026 - 2.63039e-07 * -1 = 0.00641052
time: 278	PE: 8	op: 0 - -4.48531e-08 * -1 = -4.48531e-08
time: 278	PE: 9	op: 100000 - -2.10661e-11 * -2.37283e-12 = 100000
Ax[40641] = 9.44475e-43
time: 279	PE: 0	op: 0.277789 - -3.35594e-05 * -2.98945e-15 = 0.277789
time: 279	PE: 1	op: 0.104858 - 2.84848e-05 * -1.00042e-15 = 0.104858
time: 279	PE: 2	op: 0 - -1000 * -1.00042e-15 = -1.00042e-12
time: 279	PE: 3	op: 0.69812 - -0.108827 * -4.49589e-09 = 0.69812
time: 279	PE: 4	op: 0 / -1 = -0
time: 279	PE: 5	op: -0.0005 / 0.71875 = -0.000695652
Ax[40641] = 9.44475e-43
time: 280	PE: 0	op: -1.33273e-16 - -9.80901e-13 * -1.00042e-15 = -1.33273e-16
time: 280	PE: 1	op: 0.428955 - -9.80901e-13 * 1.20903e-24 = 0.428955
time: 280	PE: 2	op: 1000.29 - -1.00041e-12 * -0.0019147 = 1000.29
time: 280	PE: 3	op: 0 - 3.05176e-09 * -1 = 3.05176e-09
time: 280	PE: 4	op: 0 - 1 * 4.48531e-08 = -4.48531e-08
Ax[40641] = 9.44475e-43
time: 281	PE: 0	op: 7.07978e-05 - -1000 * -2.98948e-15 = 7.07978e-05
time: 281	PE: 1	op: 0.472378 - 2.53032e-05 * -2.98948e-15 = 0.472378
time: 281	PE: 2	op: 0 - -1000 * -3.95186e-18 = -3.95186e-15
time: 281	PE: 3	op: 100000 / 1 = 100000
time: 281	PE: 4	op: 0.000754 - -1 * 1 = 1.00075
time: 281	PE: 5	op: 0.882613 - -0.882613 * -0.999991 = 7.89117e-06
Ax[40641] = 9.44475e-43
time: 282	PE: 0	op: -0.0231495 - -3.34755e-05 * -3.95186e-18 = -0.0231495
time: 282	PE: 1	op: -4.65498e-08 / -1 = 4.65498e-08
time: 282	PE: 2	op: 0.146294 - -0.00870192 * -0.495591 = 0.141981
time: 282	PE: 3	op: 0 - -7.71425e-06 * -0.999991 = -7.71418e-06
time: 282	PE: 4	op: 0 - -1 * -1705.43 = -1705.43
Ax[40641] = 9.44475e-43
time: 283	PE: 0	op: 0.0439524 / 0.0245175 = 1.79269
time: 283	PE: 1	op: -0.0524333 / 0.0245175 = -2.1386
time: 283	PE: 2	op: -0.000499992 / 0.0245175 = -0.0203932
time: 283	PE: 3	op: -0.0114079 / 0.0245175 = -0.465294
time: 283	PE: 4	op: -0.00837078 - 0.0033309 * -1.93542 = -0.00192411
time: 283	PE: 5	op: -4.88801e-41 - -0.77 * -100000 = -77000
time: 283	PE: 6	op: -310.078 - -1.21971e-28 * 2.90962 = -310.078
Ax[40641] = 9.44475e-43
time: 284	PE: 0	op: 2.53032e-05 / 0.198909 = 0.00012721
time: 284	PE: 1	op: -0.692749 / 0.198909 = -3.48274
time: 284	PE: 2	op: 0.0178297 / 0.198909 = 0.0896375
time: 284	PE: 3	op: 0.0169189 - -7.71425e-06 * -8.74017e-06 = 0.0169189
time: 284	PE: 4	op: -0.00826854 - 0.00594158 * -1 = -0.00232696
time: 284	PE: 5	op: 0 - -0.882613 * -8.74017e-06 = -7.71418e-06
time: 284	PE: 6	op: 0 - -4.48531e-08 * -1 = -4.48531e-08
Ax[40641] = 9.44475e-43
time: 285	PE: 0	op: 0 - -3.25318 * 4.65498e-08 = 1.51435e-07
time: 285	PE: 1	op: -0.0524259 / 0.104858 = -0.49997
time: 285	PE: 2	op: -0.0524204 / 0.104858 = -0.499917
time: 285	PE: 3	op: 1.80921e-12 / 0.104858 = 1.72539e-11
time: 285	PE: 4	op: 2.84848e-05 / 0.104858 = 0.000271651
time: 285	PE: 5	op: 0 - 1 * 4.48531e-08 = -4.48531e-08
time: 285	PE: 6	op: -1.15609 - -5.45273e-41 * 2.90962 = -1.15609
Ax[40641] = 9.44475e-43
time: 286	PE: 0	op: -1.54081e-13 - 0.00891266 * 4.65498e-08 = -4.15037e-10
time: 286	PE: 1	op: 0.428955 - -0.00192413 * -0.23393 = 0.428505
time: 286	PE: 2	op: 1000.29 - -1e-12 * -1.6631e-13 = 1000.29
time: 286	PE: 3	op: -0.00641026 / 0.00641052 = -0.999959
Ax[40641] = 9.44475e-43
time: 287	PE: 0	op: 0.202651 - 1.00075 * 2.77755e-09 = 0.202651
time: 287	PE: 1	op: -100000 - -0.714612 * -0.000695652 = -100000
time: 287	PE: 2	op: 0.472378 / 0.198909 = 2.37484
time: 287	PE: 3	op: -1 - -3.25318 * -0 = -1
time: 287	PE: 4	op: 0 - 0.00891266 * -0 = 0
time: 287	PE: 5	op: 0 - 1.00075 * 8.33264 = -8.33892
time: 287	PE: 7	op: 7.89117e-06 / -1 = -7.89117e-06
Ax[40641] = 9.44475e-43
time: 288	PE: 0	op: -3.29521e-05 - 1.00075 * -8.33264 = 8.33889
time: 288	PE: 1	op: 0 - -7.71418e-06 * -1 = -7.71418e-06
time: 288	PE: 2	op: -1705.43 - -0.77 * -1.88281 = -1706.88
time: 288	PE: 6	op: 0.141981 - -0.125 * -0.999999 = 0.0169817
Ax[40641] = 9.44475e-43
time: 289	PE: 0	op: 0.69812 - 0.0033309 * -9.17681e-06 = 0.69812
time: 289	PE: 1	op: 0 - -0.00192411 * 0.794484 = 0.00152867
time: 289	PE: 2	op: 100000 - -2.10661e-11 * -2.37283e-12 = 100000
time: 289	PE: 3	op: 100000 - -4.47094e-13 * -1.26038e-14 = 100000
Ax[40641] = 9.44475e-43
time: 290	PE: 0	op: -2.5e-32 - -0.00192411 * -0.111344 = -0.000214237
time: 290	PE: 1	op: -7.92019e-06 - -1.21971e-28 * 100000 = -7.92019e-06
time: 290	PE: 2	op: -2.46305e-06 - -1.00047 * 100000 = 100047
time: 290	PE: 3	op: 0 - -3.25318 * 4.65498e-08 = 1.51435e-07
time: 290	PE: 5	op: -100000 - -5.45273e-41 * 100000 = -100000
time: 290	PE: 6	op: 0 - -1.00047 * 2.90962 = 2.91098
Ax[40641] = 9.44475e-43
time: 291	PE: 0	op: 0.277789 - -0.000499992 * -0.0203932 = 0.277778
time: 291	PE: 1	op: -0.104261 - -0.00847216 * -0.0203932 = -0.104434
time: 291	PE: 2	op: -3.90684e-08 - -0.00847216 * -0.465294 = -0.00394208
time: 291	PE: 3	op: 0.0690622 - -0.00847216 * 1.79269 = 0.0842502
time: 291	PE: 4	op: 1 - -0.77 * 100000 = 77001
time: 291	PE: 5	op: -0.0521361 - -0.000499992 * 1.79269 = -0.0512398
time: 291	PE: 6	op: 3.28028e-05 - -0.0114079 * 1.79269 = 0.0204836
time: 291	PE: 8	op: -4.48531e-08 / 0.00641052 = -6.9968e-06
Ax[40641] = 9.44475e-43
time: 292	PE: 0	op: -5.70393e-09 - -0.0114079 * -0.0203932 = -0.000232649
time: 292	PE: 1	op: -0.00847113 - -0.00847216 * -2.1386 = -0.0265897
time: 292	PE: 2	op: -0.0608957 - -8.78993e-06 * 1.79269 = -0.0608799
time: 292	PE: 3	op: 0 - -8.78993e-06 * -0.0203932 = -1.79255e-07
time: 292	PE: 4	op: 0.165768 - -8.78993e-06 * -2.1386 = 0.16575
time: 292	PE: 5	op: 0 - -0.0114079 * -2.1386 = -0.0243969
time: 292	PE: 6	op: -0.00314324 - -0.0231495 * 0.0896375 = -0.00106817
time: 292	PE: 7	op: -5.70393e-09 - -0.000499992 * -0.465294 = -0.000232649
Ax[40641] = 9.44475e-43
time: 293	PE: 2	op: -1.66988e-05 - -0.104847 * -0.499917 = -0.0524313
time: 293	PE: 3	op: 0.403488 - 2.04246e-07 * -0.499917 = 0.403488
time: 293	PE: 4	op: 0 - -0.104847 * 1.72539e-11 = 1.80901e-12
time: 293	PE: 5	op: 0 - -8.78993e-06 * -0.465294 = -4.0899e-06
time: 293	PE: 6	op: -100000 / 1 = -100000
time: 293	PE: 7	op: 0.011384 - -0.0114079 * -0.465294 = 0.00607602
time: 293	PE: 8	op: -0.0194253 - -0.152763 * 0.0896375 = -0.00573196
time: 293	PE: 9	op: -7.71418e-06 / -1 = 7.71418e-06
Ax[40641] = 9.44475e-43
time: 294	PE: 0	op: -0.423778 - 2.04246e-07 * 1.72539e-11 = -0.423778
time: 294	PE: 1	op: -5.06112e-05 - 2.04246e-07 * 0.000271651 = -5.06112e-05
time: 294	PE: 2	op: 0 - -0.000499992 * -2.1386 = -0.00106929
time: 294	PE: 3	op: -0.0524373 - 2.04246e-07 * -0.49997 = -0.0524372
time: 294	PE: 4	op: 0 - -0.0155222 * 0.00012721 = 1.97458e-06
time: 294	PE: 5	op: -3.34755e-05 - -0.0231495 * 0.00012721 = -3.05307e-05
time: 294	PE: 6	op: -0.000197624 - -0.0155222 * -3.48274 = -0.0542576
time: 294	PE: 7	op: -4.35333e-10 - -0.0231495 * -3.48274 = -0.0806238
time: 294	PE: 8	op: 0 - -4.48531e-08 * -0.999959 = -4.48512e-08
Ax[40641] = 9.44475e-43
time: 295	PE: 0	op: -0.349243 - -1.33273e-16 * -0.499917 = -0.349243
time: 295	PE: 1	op: -0.0521503 - -1.00042e-12 * -0.499917 = -0.0521503
time: 295	PE: 2	op: -0.00053746 - -3.95186e-15 * -3.48274 = -0.00053746
time: 295	PE: 3	op: 0 - -3.95186e-15 * 0.0896375 = 3.54235e-16
time: 295	PE: 4	op: 7.07978e-05 - -3.95186e-15 * 2.37484 = 7.07978e-05
time: 295	PE: 5	op: 0.00206352 - -3.95186e-15 * 0.00012721 = 0.00206352
time: 295	PE: 6	op: 0.00645934 - -0.0155222 * 0.0896375 = 0.00785072
time: 295	PE: 7	op: 0.0109556 - -0.0155222 * 2.37484 = 0.0478185
time: 295	PE: 8	op: 0.69812 - -0.00192411 * -0.233927 = 0.69767
Ax[40641] = 9.44475e-43
time: 296	PE: 0	op: 0.202651 - 8.33889 * -1 = 8.54154
time: 296	PE: 1	op: -4.65116e-28 - 8.33889 * -465.116 = 3878.55
time: 296	PE: 2	op: 0 - -1.33273e-16 * -0.49997 = -6.66326e-17
time: 296	PE: 3	op: -0.000214237 - -0.152763 * 0.00012721 = -0.000194804
time: 296	PE: 4	op: 0 - -4.48531e-08 * -1 = -4.48531e-08
time: 296	PE: 5	op: 0.00891266 / -1 = -0.00891266
time: 296	PE: 6	op: 0 - 1 * -7.89117e-06 = 7.89117e-06
Ax[40641] = 9.44475e-43
time: 297	PE: 0	op: 0.277778 - -1.00042e-12 * 0.000271651 = 0.277778
time: 297	PE: 1	op: 0.052125 / 0.0842502 = 0.618693
time: 297	PE: 2	op: -3.07072e-08 / 0.0842502 = -3.64476e-07
time: 297	PE: 3	op: -0.514747 - -0.152763 * 2.37484 = -0.151959
time: 297	PE: 4	op: 1000.29 - -0.0030303 * -0.000854779 = 1000.29
time: 297	PE: 5	op: 3.34995e-16 - 0.00891266 * 4.65498e-08 = -4.14882e-10
time: 297	PE: 6	op: 0.0169817 - 3.05176e-09 * -7.08023e-09 = 0.0169817
Ax[40641] = 9.44475e-43
time: 298	PE: 0	op: -0.0265897 / 0.0842502 = -0.315604
time: 298	PE: 1	op: -0.104434 / 0.0842502 = -1.23957
time: 298	PE: 2	op: -0.00394208 / 0.0842502 = -0.0467902
time: 298	PE: 3	op: 0.16575 - -0.104847 * -0.49997 = 0.113329
time: 298	PE: 4	op: 0 - 1 * -2.63039e-07 = 2.63039e-07
time: 298	PE: 5	op: 0 - -3.25318 * 8e-31 = 2.60254e-30
Ax[40641] = 9.44475e-43
time: 299	PE: 0	op: -1.79255e-07 - -0.104847 * 0.000271651 = 2.83024e-05
time: 299	PE: 1	op: 0.00607602 - -4.48531e-08 * -6.9968e-06 = 0.00607602
time: 299	PE: 3	op: 1.51435e-07 / -1 = -1.51435e-07
time: 299	PE: 4	op: 100000 - -4.47094e-13 * -1.26038e-14 = 100000
Ax[40641] = 9.44475e-43
time: 300	PE: 0	op: -0.00106929 - -1.00042e-12 * -0.49997 = -0.00106929
time: 300	PE: 1	op: -9.80901e-13 - -1.33273e-16 * 0.000271651 = -9.80901e-13
time: 300	PE: 2	op: 1.20903e-21 - -1.00042e-12 * 1.72539e-11 = 1.2263e-21
time: 300	PE: 3	op: -1705.43 - -0.77 * 2.90962 = -1703.19
Ax[40641] = 9.44475e-43
time: 301	PE: 0	op: -0.00053746 / 0.00206352 = -0.260458
time: 301	PE: 1	op: 0.00175448 / 0.00206352 = 0.850236
time: 301	PE: 2	op: 3.54235e-16 / 0.00206352 = 1.71666e-13
time: 301	PE: 3	op: 7.07978e-05 / 0.00206352 = 0.0343093
time: 301	PE: 4	op: 0.428505 - -1.33273e-16 * 1.72539e-11 = 0.428505
time: 301	PE: 5	op: 0.69767 - -0.152763 * -3.48274 = 0.165636
time: 301	PE: 6	op: -4.88675e-41 - -0.77 * -100000 = -77000
Ax[40641] = 9.44475e-43
time: 302	PE: 0	op: -3.17321e-10 - -1.21971e-28 * -100000 = -3.17321e-10
time: 302	PE: 1	op: -2.11125e-11 - -1.00047 * -100000 = -100047
time: 302	PE: 2	op: 0.0172414 - 7.89117e-06 * -1 = 0.0172493
time: 302	PE: 3	op: 100000 - -4.47094e-13 * -4.00676e-18 = 100000
Ax[40641] = 9.44475e-43
time: 303	PE: 0	op: 1000.29 - -0.0005 * -4.99992e-07 = 1000.29
time: 303	PE: 1	op: 0.0169817 - -0.0129204 * -0.360046 = 0.0123297
Ax[40641] = 9.44475e-43
time: 304	PE: 0	op: -2.18863e-15 - 3.05176e-09 * -0.00891266 = 2.71971e-11
time: 304	PE: 1	op: 0 - 1 * 7.71418e-06 = -7.71418e-06
Ax[40641] = 9.44475e-43
time: 305	PE: 0	op: -0.423778 - 0.0430819 * -3.64476e-07 = -0.423778
time: 305	PE: 1	op: -0.0524313 - -0.0608799 * 0.618693 = -0.0147653
time: 305	PE: 3	op: 1.80901e-12 - -0.0608799 * -3.64476e-07 = -2.21875e-08
time: 305	PE: 4	op: -1.34384e-08 - 0.0204836 * 0.618693 = -0.012673
time: 305	PE: 5	op: -2.94549e-05 - 0.0204836 * -3.64476e-07 = -2.94475e-05
Ax[40641] = 9.44475e-43
time: 306	PE: 0	op: 0.277778 - -0.0512398 * -1.23957 = 0.214263
time: 306	PE: 1	op: -0.000232649 - 0.0204836 * -1.23957 = 0.0251581
time: 306	PE: 2	op: 0.403488 - 0.0430819 * 0.618693 = 0.376834
time: 306	PE: 3	op: -0.000232649 - -0.0512398 * -0.0467902 = -0.00263017
time: 306	PE: 4	op: 5.85353e-06 - 0.0430819 * -0.0467902 = 0.00202167
time: 306	PE: 6	op: -0.00106929 - -0.0512398 * -0.315604 = -0.0172408
time: 306	PE: 7	op: -0.0243969 - 0.0204836 * -0.315604 = -0.0179322
time: 306	PE: 8	op: -9.80901e-13 - -0.0431114 * -1.23957 = -0.0534396
time: 306	PE: 9	op: -5.85753e-06 - -0.0431114 * -0.0467902 = -0.00202305
Ax[40641] = 9.44475e-43
time: 307	PE: 0	op: -5.06112e-05 - 0.0430819 * -1.23957 = 0.0533524
time: 307	PE: 1	op: 2.83024e-05 - -0.0608799 * -1.23957 = -0.0754365
time: 307	PE: 5	op: -0.0524372 - 0.0430819 * -0.315604 = -0.0388404
Ax[40641] = 9.44475e-43
time: 308	PE: 0	op: -0.349243 - -0.0431114 * 0.618693 = -0.32257
time: 308	PE: 1	op: -0.0521503 - -0.0512398 * 0.618693 = -0.0204486
time: 308	PE: 2	op: 0.428505 - -0.0431114 * -3.64476e-07 = 0.428505
time: 308	PE: 3	op: -6.66326e-17 - -0.0431114 * -0.315604 = -0.0136062
time: 308	PE: 4	op: 0.00641026 - 2.63039e-07 * -1 = 0.00641052
time: 308	PE: 5	op: -0.0172414 / 0.0172493 = -0.999542
Ax[40641] = 9.44475e-43
time: 309	PE: 0	op: 0 - -1.93787e-07 * 1.71666e-13 = 3.32665e-20
time: 309	PE: 1	op: -7.13379e-05 - -1.93787e-07 * 0.0343093 = -7.13312e-05
time: 309	PE: 2	op: 0.000541604 - -1.93787e-07 * 0.850236 = 0.000541769
time: 309	PE: 3	op: 1.45802e-07 - -3.05307e-05 * 0.850236 = 2.61041e-05
time: 309	PE: 4	op: 1.2263e-21 - -0.0512398 * -3.64476e-07 = -1.86757e-08
time: 309	PE: 6	op: -3.86895e-07 - -1.93787e-07 * -0.260458 = -4.37368e-07
time: 309	PE: 7	op: -0.0806238 - -3.05307e-05 * -0.260458 = -0.0806318
Ax[40641] = 9.44475e-43
time: 310	PE: 0	op: -4.0899e-06 - -0.0608799 * -0.0467902 = -0.00285267
time: 310	PE: 1	op: 0.0478185 - 1.97458e-06 * 0.0343093 = 0.0478184
time: 310	PE: 2	op: -0.151959 - -0.000194804 * 0.0343093 = -0.151952
time: 310	PE: 3	op: 0.165636 - -0.000194804 * -0.260458 = 0.165585
time: 310	PE: 5	op: 0.00785072 - 1.97458e-06 * 1.71666e-13 = 0.00785072
Ax[40641] = 9.44475e-43
time: 311	PE: 0	op: 0 - 1.97458e-06 * 0.850236 = -1.67886e-06
time: 311	PE: 1	op: 0.113329 - -0.0608799 * -0.315604 = 0.0941155
time: 311	PE: 2	op: -0.0542576 - 1.97458e-06 * -0.260458 = -0.0542571
time: 311	PE: 3	op: 1000.29 - -1000 * -1 = 0.290771
time: 311	PE: 4	op: 100000 - -4.47094e-13 * -4.00676e-18 = 100000
Ax[40641] = 9.44475e-43
time: 312	PE: 0	op: 0.00607602 - 0.0204836 * -0.0467902 = 0.00703445
time: 312	PE: 1	op: 0.00152867 - -0.000194804 * 0.850236 = 0.0016943
time: 312	PE: 2	op: 0.0123297 - -4.39842e-13 * 3.34995e-12 = 0.0123297
Ax[40641] = 9.44475e-43
time: 313	PE: 0	op: -0.00106817 - -3.05307e-05 * 1.71666e-13 = -0.00106817
time: 313	PE: 1	op: -4.14882e-10 - 0 * -1.51435e-07 = -4.14882e-10
Ax[40641] = 9.44475e-43
time: 314	PE: 0	op: -0.00573196 - -0.000194804 * 1.71666e-13 = -0.00573196
time: 314	PE: 1	op: -4.48531e-08 / 0.00641052 = -6.99679e-06
time: 314	PE: 2	op: -0.00641026 / 0.00641052 = -0.999959
Ax[40641] = 9.44475e-43
time: 315	PE: 0	op: -7.71418e-06 / 0.0172493 = -0.000447218
Ax[40641] = 9.44475e-43
time: 316	PE: 0	op: -0.151952 / 0.165585 = -0.917665
time: 316	PE: 1	op: 0 - -7.71418e-06 * -0.999542 = -7.71065e-06
time: 316	PE: 2	op: 0.0172414 - -0.0172414 * -0.999542 = 7.88837e-06
Ax[40641] = 9.44475e-43
time: 317	PE: 0	op: -0.0147653 / 0.0941155 = -0.156885
time: 317	PE: 1	op: -2.21875e-08 / 0.0941155 = -2.35747e-07
time: 317	PE: 2	op: -0.0754365 / 0.0941155 = -0.801532
time: 317	PE: 3	op: -0.00285267 / 0.0941155 = -0.0303104
time: 317	PE: 4	op: 0.290771 - -0.000499992 * -0.0203932 = 0.290761
time: 317	PE: 5	op: 100000 - -0.0005 * -5e-09 = 100000
Ax[40641] = 9.44475e-43
time: 318	PE: 0	op: 0.0016943 / 0.165585 = 0.0102322
time: 318	PE: 1	op: 0.0123297 - 3.05176e-09 * -4.65498e-14 = 0.0123297
Ax[40641] = 9.44475e-43
time: 319	PE: 0	op: 100000 - -4.47094e-13 * -2.20183e-14 = 100000
Ax[40641] = 9.44475e-43
time: 320	PE: 0	op: -0.00573196 / 0.165585 = -0.0346163
Ax[40641] = 9.44475e-43
Ax[40641] = 9.44475e-43
time: 322	PE: 0	op: 0.00785072 - -4.48531e-08 * -6.99679e-06 = 0.00785072
Ax[40641] = 9.44475e-43
time: 323	PE: 0	op: 0.290761 - -0.006403 * -6.40296e-06 = 0.290761
time: 323	PE: 1	op: 0.0169189 - -7.71418e-06 * -0.000447218 = 0.0169189
time: 323	PE: 2	op: 0 - -0.0172414 * -0.000447218 = -7.71065e-06
time: 323	PE: 3	op: 0 - -4.48531e-08 * -0.999959 = -4.48512e-08
Ax[40641] = 9.44475e-43
time: 324	PE: 0	op: -7.13312e-05 - -4.37368e-07 * -0.917665 = -7.17326e-05
time: 324	PE: 1	op: 0.0478184 - -0.0542571 * -0.917665 = -0.00197138
time: 324	PE: 2	op: 0.0123297 - 3.05176e-09 * -1.51435e-07 = 0.0123297
Ax[40641] = 9.44475e-43
time: 325	PE: 0	op: 0.214263 - -0.0172408 * -0.801532 = 0.200444
time: 325	PE: 1	op: 0.0251581 - -0.0179322 * -0.801532 = 0.0107849
time: 325	PE: 2	op: -0.00263017 - -0.0172408 * -0.0303104 = -0.00315274
time: 325	PE: 3	op: -0.423778 - -0.0388404 * -2.35747e-07 = -0.423778
time: 325	PE: 4	op: 0.0533524 - -0.0388404 * -0.801532 = 0.0222206
time: 325	PE: 5	op: 0.00202167 - -0.0388404 * -0.0303104 = 0.000844401
time: 325	PE: 6	op: 0.376834 - -0.0388404 * -0.156885 = 0.37074
time: 325	PE: 8	op: -0.012673 - -0.0179322 * -0.156885 = -0.0154863
time: 325	PE: 9	op: 0.00703445 - -0.0179322 * -0.0303104 = 0.00649092
time: 325	PE: 10	op: -2.94475e-05 - -0.0179322 * -2.35747e-07 = -2.94517e-05
Ax[40641] = 9.44475e-43
time: 326	PE: 0	op: 0.000541769 - -4.37368e-07 * 0.0102322 = 0.000541774
time: 326	PE: 1	op: -1.67886e-06 - -0.0542571 * 0.0102322 = 0.00055349
time: 326	PE: 2	op: 2.61041e-05 - -0.0806318 * 0.0102322 = 0.000851144
time: 326	PE: 3	op: -0.0534396 - -0.0136062 * -0.801532 = -0.0643454
time: 326	PE: 4	op: 0.428505 - -0.0136062 * -2.35747e-07 = 0.428505
time: 326	PE: 7	op: -0.0204486 - -0.0172408 * -0.156885 = -0.0231534
Ax[40641] = 9.44475e-43
time: 327	PE: 0	op: -0.32257 - -0.0136062 * -0.156885 = -0.324705
time: 327	PE: 1	op: -0.00202305 - -0.0136062 * -0.0303104 = -0.00243546
time: 327	PE: 2	op: -1.86757e-08 - -0.0172408 * -2.35747e-07 = -2.27402e-08
time: 327	PE: 3	op: 100000 - -0.0005 * -0.000695652 = 100000
time: 327	PE: 4	op: 100000 - -4.47061e-13 * -2.99099e-10 = 100000
Ax[40641] = 9.44475e-43
time: 328	PE: 0	op: 3.32665e-20 - -4.37368e-07 * -0.0346163 = -1.51401e-08
time: 328	PE: 1	op: 0.00785072 - -0.0542571 * -0.0346163 = 0.00597254
Ax[40641] = 9.44475e-43
time: 329	PE: 0	op: -0.00106817 - -0.0806318 * -0.0346163 = -0.00385935
time: 329	PE: 1	op: 0.290761 - -0.00273968 * -0.00891266 = 0.290737
time: 329	PE: 2	op: -0.016911 / 0.0169189 = -0.999538
time: 329	PE: 3	op: -7.71065e-06 / 0.0169189 = -0.000455743
Ax[40641] = 9.44475e-43
Ax[40641] = 9.44475e-43
time: 331	PE: 0	op: 2.53029e-05 / 0.37074 = 6.82496e-05
time: 331	PE: 1	op: -0.423778 / 0.37074 = -1.14306
time: 331	PE: 2	op: 0.0222206 / 0.37074 = 0.0599359
time: 331	PE: 3	op: 0.000844401 / 0.37074 = 0.00227761
Ax[40641] = 9.44475e-43
time: 332	PE: 0	op: -7.17326e-05 / 0.000541774 = -0.132403
time: 332	PE: 1	op: -5.61562e-15 / 0.000541774 = -1.03653e-11
time: 332	PE: 2	op: -5.64208e-06 / 0.000541774 = -0.0104141
Ax[40641] = 9.44475e-43
time: 333	PE: 0	op: 100000 - -4.47094e-13 * -2.20183e-14 = 100000
Ax[40641] = 9.44475e-43
time: 334	PE: 0	op: -1.51401e-08 / 0.000541774 = -2.79454e-05
time: 334	PE: 1	op: 100000 - -3.33748e-10 * -2.44092e-14 = 100000
Ax[40641] = 9.44475e-43
time: 335	PE: 0	op: 0.290737 - -0.0512407 * -1.23961 = 0.227219
Ax[40641] = 9.44475e-43
Ax[40641] = 9.44475e-43
time: 337	PE: 0	op: 0 - -0.016911 * -0.000455743 = -7.70709e-06
time: 337	PE: 1	op: 0.016911 - -0.016911 * -0.999538 = 7.81786e-06
time: 337	PE: 2	op: 7.88837e-06 - -7.71065e-06 * -0.000455743 = 7.88485e-06
time: 337	PE: 3	op: 0 - -7.71065e-06 * -0.999538 = -7.70709e-06
Ax[40641] = 9.44475e-43
Ax[40641] = 9.44475e-43
time: 339	PE: 0	op: 0.200444 - -0.0231534 * 0.0599359 = 0.201832
time: 339	PE: 1	op: 0.0107849 - -0.0154863 * 0.0599359 = 0.0117131
time: 339	PE: 2	op: -0.00315274 - -0.0231534 * 0.00227761 = -0.00310001
time: 339	PE: 3	op: -3.35594e-05 - -0.0231534 * 6.82496e-05 = -3.19792e-05
time: 339	PE: 4	op: 0 - -0.0154863 * 6.82496e-05 = 1.05694e-06
time: 339	PE: 5	op: 0.00649092 - -0.0154863 * 0.00227761 = 0.00652619
time: 339	PE: 7	op: -2.27402e-08 - -0.0231534 * -1.14306 = -0.0264658
time: 339	PE: 8	op: -2.94517e-05 - -0.0154863 * -1.14306 = -0.0177313
Ax[40641] = 9.44475e-43
time: 340	PE: 0	op: -0.000537459 - -3.95186e-15 * -1.14306 = -0.000537459
time: 340	PE: 1	op: 0 - -3.95186e-15 * 0.00227761 = 9.0008e-18
time: 340	PE: 2	op: 0.00206352 - -3.95186e-15 * 6.82496e-05 = 0.00206352
time: 340	PE: 3	op: -0.00243546 - -0.324705 * 0.00227761 = -0.00169591
time: 340	PE: 4	op: 0.428505 - -0.324705 * -1.14306 = 0.0573483
time: 340	PE: 5	op: -0.00197138 - 0.00055349 * -0.132403 = -0.0018981
time: 340	PE: 6	op: -0.0643454 - -0.324705 * 0.0599359 = -0.0448839
time: 340	PE: 9	op: 2.71971e-11 - -1.26415e-14 * -0.132403 = 2.71955e-11
time: 340	PE: 10	op: -0.00232696 - -1.26415e-14 * -0.0104141 = -0.00232696
time: 340	PE: 11	op: 0.0123297 - -1.26415e-14 * -1.03653e-11 = 0.0123297
time: 340	PE: 12	op: -0.002327 - 1.94404e-06 * -1.03653e-11 = -0.002327
Ax[40641] = 9.44475e-43
time: 341	PE: 0	op: 7.07701e-05 - -3.95186e-15 * 0.0599359 = 7.07701e-05
time: 341	PE: 1	op: 0.227219 - -1.00042e-12 * 0.000271404 = 0.227219
time: 341	PE: 7	op: -4.14882e-10 - 0.000851144 * -1.03653e-11 = -4.14873e-10
time: 341	PE: 8	op: -6.63459e-06 - 0.000851144 * -0.0104141 = 2.22929e-06
Ax[40641] = 9.44475e-43
time: 342	PE: 0	op: -0.000214236 - -0.324705 * 6.82496e-05 = -0.000192076
time: 342	PE: 1	op: 0 - 0.00055349 * -0.0104141 = 5.76409e-06
time: 342	PE: 2	op: 100000 - -0.0005 * -5e-09 = 100000
time: 342	PE: 3	op: 0.00597254 - 0.00055349 * -2.79454e-05 = 0.00597255
time: 342	PE: 4	op: 0 - -1.26415e-14 * -2.79454e-05 = -3.53272e-19
time: 342	PE: 5	op: 0 - 1.94404e-06 * -2.79454e-05 = 5.43271e-11
time: 342	PE: 6	op: 8.33869 - 1.94404e-06 * -0.0104141 = 8.33869
Ax[40641] = 9.44475e-43
time: 343	PE: 0	op: 0 - 0.00055349 * -1.03653e-11 = 5.73707e-15
time: 343	PE: 2	op: -6.63459e-06 - 1.94404e-06 * -0.132403 = -6.3772e-06
time: 343	PE: 3	op: -7.70709e-06 / -0.0401614 = 0.000191903
time: 343	PE: 4	op: 7.88485e-06 / -0.0401614 = -0.000196329
Ax[40641] = 9.44475e-43
time: 344	PE: 0	op: 100000 - -0.01 * -0.00497512 = 100000
time: 344	PE: 1	op: -0.00385935 - 0.000851144 * -2.79454e-05 = -0.00385933
Ax[40641] = 9.44475e-43
Ax[40641] = 9.44475e-43
time: 346	PE: 0	op: -0.000537459 / 0.00206352 = -0.260457
time: 346	PE: 1	op: 0.00175448 / 0.00206352 = 0.850234
time: 346	PE: 2	op: 9.0008e-18 / 0.00206352 = 4.36186e-15
Ax[40641] = 9.44475e-43
time: 347	PE: 0	op: 7.07701e-05 / 0.00206352 = 0.0342957
time: 347	PE: 1	op: 0.227219 - -0.0001 * -0.00497595 = 0.227218
Ax[40641] = 9.44475e-43
time: 348	PE: 0	op: -0.0018981 / 0.00597255 = -0.317804
time: 348	PE: 1	op: 5.76409e-06 / 0.00597255 = 0.000965097
Ax[40641] = 9.44475e-43
time: 349	PE: 0	op: 5.73707e-15 / 0.00597255 = 9.60572e-13
time: 349	PE: 1	op: 100000 - -0.01 * -0.00497512 = 100000
Ax[40641] = 9.44475e-43
time: 350	PE: 0	op: 100000 - -4.47061e-13 * -2.99172e-10 = 100000
Ax[40641] = 9.44475e-43
Ax[40641] = 9.44475e-43
Ax[40641] = 9.44475e-43
time: 353	PE: 0	op: 0.227218 - -0.0172369 * -0.801154 = 0.213409
Ax[40641] = 9.44475e-43
time: 354	PE: 0	op: -0.00310001 - -3.19792e-05 * 4.36186e-15 = -0.00310001
time: 354	PE: 1	op: 0 - -1.93848e-07 * 4.36186e-15 = 8.45539e-22
time: 354	PE: 2	op: 0.000541606 - -1.93848e-07 * 0.850234 = 0.000541771
time: 354	PE: 3	op: 1.45804e-07 - -3.19792e-05 * 0.850234 = 2.73356e-05
time: 354	PE: 4	op: 0 - 1.05694e-06 * 0.850234 = -8.98644e-07
time: 354	PE: 5	op: 0.00652619 - 1.05694e-06 * 4.36186e-15 = 0.00652619
time: 354	PE: 6	op: -3.87043e-07 - -1.93848e-07 * -0.260457 = -4.37532e-07
time: 354	PE: 8	op: -0.0177313 - 1.05694e-06 * -0.260457 = -0.017731
Ax[40641] = 9.44475e-43
time: 355	PE: 0	op: 0.201832 - -3.19792e-05 * 0.0342957 = 0.201833
time: 355	PE: 1	op: 0.0117131 - 1.05694e-06 * 0.0342957 = 0.0117131
time: 355	PE: 2	op: -7.13101e-05 - -1.93848e-07 * 0.0342957 = -7.13034e-05
time: 355	PE: 7	op: -0.0264658 - -3.19792e-05 * -0.260457 = -0.0264741
Ax[40641] = 9.44475e-43
time: 356	PE: 0	op: 0.00152869 - -0.000192076 * 0.850234 = 0.001692
time: 356	PE: 1	op: -0.0448839 - -0.000192076 * 0.0342957 = -0.0448773
time: 356	PE: 2	op: -0.00169591 - -0.000192076 * 4.36186e-15 = -0.00169591
time: 356	PE: 3	op: 0.0573483 - -0.000192076 * -0.260457 = 0.0572983
time: 356	PE: 4	op: 2.22929e-06 - -0.00385933 * 0.000965097 = 5.95392e-06
time: 356	PE: 5	op: 2.71955e-11 - -3.53272e-19 * -0.317804 = 2.71955e-11
time: 356	PE: 6	op: -0.00232696 - -3.53272e-19 * 0.000965097 = -0.00232696
Ax[40641] = 9.44475e-43
time: 357	PE: 0	op: 8.33869 - 5.43271e-11 * 0.000965097 = 8.33869
time: 357	PE: 1	op: -4.14873e-10 - -0.00385933 * 9.60572e-13 = -4.1487e-10
time: 357	PE: 2	op: -6.3772e-06 - 5.43271e-11 * -0.317804 = -6.37718e-06
time: 357	PE: 3	op: 0.0123297 - -3.53272e-19 * 9.60572e-13 = 0.0123297
time: 357	PE: 4	op: 100000 - -0.0005 * -0.000695652 = 100000
time: 357	PE: 5	op: 100000 - -3.3383e-10 * -2.44155e-14 = 100000
Ax[40641] = 9.44475e-43
time: 358	PE: 0	op: -0.002327 - 5.43271e-11 * 9.60572e-13 = -0.002327
Ax[40641] = 9.44475e-43
time: 359	PE: 0	op: 0.213409 - -0.00640364 * -1.98934 = 0.20067
Ax[40641] = 9.44475e-43
Ax[40641] = 9.44475e-43
Ax[40641] = 9.44475e-43
time: 362	PE: 0	op: 0.001692 / 0.0572983 = 0.0295297
time: 362	PE: 1	op: -0.0448773 / 0.0572983 = -0.783223
time: 362	PE: 2	op: -0.00169591 / 0.0572983 = -0.0295979
Ax[40641] = 9.44475e-43
time: 363	PE: 0	op: 100000 - -5.45427e-41 * -100000 = 100000
time: 363	PE: 1	op: 100000 - -5.45273e-41 * -100000 = 100000
Ax[40641] = 9.44475e-43
Ax[40641] = 9.44475e-43
time: 365	PE: 0	op: 0.20067 - -3.34755e-05 * -2.98948e-15 = 0.20067
Ax[40641] = 9.44475e-43
Ax[40641] = 9.44475e-43
Ax[40641] = 9.44475e-43
Ax[40641] = 9.44475e-43
Ax[40641] = 9.44475e-43
time: 370	PE: 0	op: 0.201833 - -0.0264741 * -0.783223 = 0.181098
time: 370	PE: 1	op: 0.0117131 - -0.017731 * -0.783223 = -0.00217425
time: 370	PE: 2	op: -0.00310001 - -0.0264741 * -0.0295979 = -0.00388359
time: 370	PE: 3	op: -7.13034e-05 - -4.37532e-07 * -0.783223 = -7.16461e-05
time: 370	PE: 4	op: 8.45539e-22 - -4.37532e-07 * -0.0295979 = -1.295e-08
time: 370	PE: 5	op: 0.000541771 - -4.37532e-07 * 0.0295297 = 0.000541784
time: 370	PE: 6	op: 2.73356e-05 - -0.0264741 * 0.0295297 = 0.000809108
time: 370	PE: 7	op: -8.98644e-07 - -0.017731 * 0.0295297 = 0.000522693
time: 370	PE: 8	op: 0.00652619 - -0.017731 * -0.0295979 = 0.00600139
Ax[40641] = 9.44475e-43
time: 371	PE: 0	op: 0.20067 - -0.0231495 * 2.37484 = 0.255646
Ax[40641] = 9.44475e-43
Ax[40641] = 9.44475e-43
Ax[40641] = 9.44475e-43
Ax[40641] = 9.44475e-43
Ax[40641] = 9.44475e-43
time: 376	PE: 0	op: -7.16461e-05 / 0.000541784 = -0.132241
time: 376	PE: 1	op: -1.36933e-13 / 0.000541784 = -2.52746e-10
time: 376	PE: 2	op: -1.295e-08 / 0.000541784 = -2.39026e-05
time: 376	PE: 3	op: -5.64207e-06 / 0.000541784 = -0.0104139
Ax[40641] = 9.44475e-43
time: 377	PE: 0	op: 0.255646 - 0 * -0.00891266 = 0.255646
Ax[40641] = 9.44475e-43
Ax[40641] = 9.44475e-43
Ax[40641] = 9.44475e-43
Ax[40641] = 9.44475e-43
Ax[40641] = 9.44475e-43
Ax[40641] = 9.44475e-43
time: 383	PE: 0	op: 0.255646 - -3.05307e-05 * 0.0343093 = 0.255647
Ax[40641] = 9.44475e-43
time: 384	PE: 0	op: 0.181098 - 0.000809108 * -0.132241 = 0.181205
time: 384	PE: 1	op: -9.88665e-13 - 2.75801e-13 * -0.132241 = -9.52193e-13
time: 384	PE: 2	op: -0.00217425 - 0.000522693 * -0.132241 = -0.00210512
time: 384	PE: 3	op: -6.63459e-06 - 1.94407e-06 * -0.132241 = -6.3775e-06
time: 384	PE: 4	op: -4.15037e-10 - 0.000809108 * -2.52746e-10 = -4.14832e-10
time: 384	PE: 5	op: 0.0118642 - 2.75801e-13 * -2.52746e-10 = 0.0118642
time: 384	PE: 6	op: -0.00388359 - 0.000809108 * -2.39026e-05 = -0.00388357
time: 384	PE: 7	op: 0 - 0.000522693 * -2.52746e-10 = 1.32108e-13
time: 384	PE: 8	op: -6.63459e-06 - 0.000809108 * -0.0104139 = 1.79137e-06
time: 384	PE: 9	op: -0.00232744 - 1.94407e-06 * -2.52746e-10 = -0.00232744
time: 384	PE: 10	op: 0 - 2.75801e-13 * -2.39026e-05 = 6.59235e-18
time: 384	PE: 11	op: 0.00600139 - 0.000522693 * -2.39026e-05 = 0.0060014
time: 384	PE: 13	op: 0 - 0.000522693 * -0.0104139 = 5.44326e-06
Ax[40641] = 9.44475e-43
time: 385	PE: 0	op: 0 - 1.94407e-06 * -2.39026e-05 = 4.64683e-11
time: 385	PE: 12	op: -8.84612e-05 - 1.94407e-06 * -0.0104139 = -8.84409e-05
Ax[40641] = 9.44475e-43
time: 386	PE: 0	op: -1.31822e-11 - 2.75801e-13 * -0.0104139 = -1.31793e-11
Ax[40641] = 9.44475e-43
Ax[40641] = 9.44475e-43
Ax[40641] = 9.44475e-43
time: 389	PE: 0	op: 0.255647 - -0.0806318 * -0.917665 = 0.181654
Ax[40641] = 9.44475e-43
time: 390	PE: 0	op: -4.14832e-10 / 0.181205 = -2.2893e-09
time: 390	PE: 1	op: -0.00388357 / 0.181205 = -0.0214319
time: 390	PE: 2	op: 0 / 0.181205 = 0
time: 390	PE: 3	op: 1.79137e-06 / 0.181205 = 9.88586e-06
time: 390	PE: 4	op: -7.13013e-33 / 0.181205 = -3.93484e-32
Ax[40641] = 9.44475e-43
Ax[40641] = 9.44475e-43
Ax[40641] = 9.44475e-43
Ax[40641] = 9.44475e-43
Ax[40641] = 9.44475e-43
time: 395	PE: 0	op: 0.181654 - 0.000851144 * -0.132403 = 0.181767
Ax[40641] = 9.44475e-43
Ax[40641] = 9.44475e-43
Ax[40641] = 9.44475e-43
time: 398	PE: 0	op: 0.0118642 - -9.52193e-13 * -2.2893e-09 = 0.0118642
time: 398	PE: 1	op: 1.32108e-13 - -0.00210512 * -2.2893e-09 = -4.68715e-12
time: 398	PE: 2	op: 1.51435e-07 - 0.00891266 * -2.2893e-09 = 1.51455e-07
time: 398	PE: 3	op: 6.59235e-18 - -9.52193e-13 * -0.0214319 = -2.04007e-14
time: 398	PE: 4	op: 0.0060014 - -0.00210512 * -0.0214319 = 0.00595629
time: 398	PE: 5	op: 0 - 0.00891266 * -0.0214319 = 0.000191015
time: 398	PE: 6	op: 0 - 0.00891266 * 9.88586e-06 = -8.81093e-08
time: 398	PE: 7	op: 2.60254e-30 - 0.00891266 * -3.93484e-32 = 2.60289e-30
time: 398	PE: 8	op: 0 - -0.00210512 * 0 = 0
time: 398	PE: 9	op: -1 - 0.00891266 * 0 = -1
time: 398	PE: 10	op: 5.44326e-06 - -0.00210512 * 9.88586e-06 = 5.46407e-06
time: 398	PE: 11	op: 0 - -0.00210512 * -3.93484e-32 = -8.28333e-35
Ax[40641] = 9.44475e-43
time: 399	PE: 0	op: -0.00232744 - -6.3775e-06 * -2.2893e-09 = -0.00232744
time: 399	PE: 1	op: 3.05176e-09 - -9.52193e-13 * 0 = 3.05176e-09
time: 399	PE: 2	op: 4.64683e-11 - -6.3775e-06 * -0.0214319 = -1.36636e-07
time: 399	PE: 3	op: -8.84409e-05 - -6.3775e-06 * 9.88586e-06 = -8.84409e-05
time: 399	PE: 4	op: 0 - -6.3775e-06 * 0 = 0
time: 399	PE: 5	op: 0 - -6.3775e-06 * -3.93484e-32 = -2.50945e-37
Ax[40641] = 9.44475e-43
time: 400	PE: 0	op: -1.31793e-11 - -9.52193e-13 * 9.88586e-06 = -1.31793e-11
time: 400	PE: 1	op: 0 - -9.52193e-13 * -3.93484e-32 = -3.78351e-44
Ax[40641] = 9.44475e-43
time: 401	PE: 0	op: 0.181767 - -0.00385933 * -0.317804 = 0.18054
Ax[40641] = 9.44475e-43
Ax[40641] = 9.44475e-43
Ax[40641] = 9.44475e-43
time: 404	PE: 0	op: -2.04007e-14 / 0.0118642 = -1.71952e-12
Ax[40641] = 9.44475e-43
time: 405	PE: 0	op: 3.05176e-09 / 0.0118642 = 2.57225e-07
Ax[40641] = 9.44475e-43
time: 406	PE: 0	op: -1.31793e-11 / 0.0118642 = -1.11085e-09
time: 406	PE: 1	op: -3.78351e-44 / 0.0118642 = -3.18936e-42
Ax[40641] = 9.44475e-43
time: 407	PE: 0	op: -4.1487e-10 / 0.18054 = -2.29793e-09
time: 407	PE: 1	op: 5.95392e-06 / 0.18054 = 3.29783e-05
Ax[40641] = 9.44475e-43
Ax[40641] = 9.44475e-43
Ax[40641] = 9.44475e-43
Ax[40641] = 9.44475e-43
Ax[40641] = 9.44475e-43
time: 412	PE: 0	op: 0.00595629 - -4.68715e-12 * -1.71952e-12 = 0.00595629
time: 412	PE: 1	op: 0.000191015 - 1.51455e-07 * -1.71952e-12 = 0.000191015
Ax[40641] = 9.44475e-43
time: 413	PE: 0	op: -1.36636e-07 - -0.00232744 * -1.71952e-12 = -1.36636e-07
time: 413	PE: 1	op: 0 - -4.68715e-12 * 2.57225e-07 = 1.20565e-18
time: 413	PE: 2	op: 0 - -0.00232744 * 2.57225e-07 = 5.98677e-10
Ax[40641] = 9.44475e-43
time: 414	PE: 0	op: -8.81093e-08 - 1.51455e-07 * -1.11085e-09 = -8.81093e-08
time: 414	PE: 2	op: -1 - 1.51455e-07 * 2.57225e-07 = -1
time: 414	PE: 3	op: 5.46407e-06 - -4.68715e-12 * -1.11085e-09 = 5.46407e-06
Ax[40641] = 9.44475e-43
time: 415	PE: 1	op: -8.84409e-05 - -0.00232744 * -1.11085e-09 = -8.84409e-05
time: 415	PE: 2	op: -8.28333e-35 - -4.68715e-12 * -3.18936e-42 = -8.28333e-35
time: 415	PE: 3	op: 0.0123297 - 2.71955e-11 * -2.29793e-09 = 0.0123297
time: 415	PE: 4	op: -2.50945e-37 - -0.00232744 * -3.18936e-42 = -2.50945e-37
Ax[40641] = 9.44475e-43
time: 416	PE: 0	op: 2.60289e-30 - 1.51455e-07 * -3.18936e-42 = 2.60289e-30
time: 416	PE: 1	op: -0.00232696 - 2.71955e-11 * 3.29783e-05 = -0.00232696
Ax[40641] = 9.44475e-43
time: 417	PE: 0	op: 8.33869 - -6.37718e-06 * 3.29783e-05 = 8.33869
time: 417	PE: 1	op: -0.002327 - -6.37718e-06 * -2.29793e-09 = -0.002327
Ax[40641] = 9.44475e-43
Ax[40641] = 9.44475e-43
time: 419	PE: 0	op: 1.20565e-18 / 0.00595629 = 2.02417e-16
Ax[40641] = 9.44475e-43
time: 420	PE: 0	op: 5.46407e-06 / 0.00595629 = 0.000917361
Ax[40641] = 9.44475e-43
time: 421	PE: 0	op: -8.28333e-35 / 0.00595629 = -1.39069e-32
Ax[40641] = 9.44475e-43
time: 422	PE: 0	op: -0.00232696 / 0.0123297 = -0.188728
Ax[40641] = 9.44475e-43
Ax[40641] = 9.44475e-43
Ax[40641] = 9.44475e-43
Ax[40641] = 9.44475e-43
Ax[40641] = 9.44475e-43
time: 427	PE: 0	op: -1 - 0.000191015 * 2.02417e-16 = -1
Ax[40641] = 9.44475e-43
time: 428	PE: 0	op: -8.81093e-08 - 0.000191015 * 0.000917361 = -2.63339e-07
time: 428	PE: 1	op: -8.84409e-05 - -1.36636e-07 * 0.000917361 = -8.84408e-05
time: 428	PE: 2	op: 5.98677e-10 - -1.36636e-07 * 2.02417e-16 = 5.98677e-10
Ax[40641] = 9.44475e-43
time: 429	PE: 0	op: 2.60289e-30 - 0.000191015 * -1.39069e-32 = 2.6029e-30
time: 429	PE: 1	op: -2.50945e-37 - -1.36636e-07 * -1.39069e-32 = -2.52845e-37
Ax[40641] = 9.44475e-43
time: 430	PE: 0	op: 8.33869 - -0.002327 * -0.188728 = 8.33825
Ax[40641] = 9.44475e-43
Ax[40641] = 9.44475e-43
Ax[40641] = 9.44475e-43
Ax[40641] = 9.44475e-43
time: 434	PE: 0	op: -2.63339e-07 / -1 = 2.63339e-07
Ax[40641] = 9.44475e-43
time: 435	PE: 0	op: 2.6029e-30 / -1 = -2.6029e-30
Ax[40641] = 9.44475e-43
time: 436	PE: 0	op: -8.33515 / 8.33825 = -0.999628
time: 436	PE: 1	op: -3876.8 / 8.33825 = -464.942
Ax[40641] = 9.44475e-43
Ax[40641] = 9.44475e-43
Ax[40641] = 9.44475e-43
Ax[40641] = 9.44475e-43
Ax[40641] = 9.44475e-43
Ax[40641] = 9.44475e-43
time: 442	PE: 0	op: -8.84408e-05 - 5.98677e-10 * 2.63339e-07 = -8.84408e-05
time: 442	PE: 1	op: 0 - -8e-31 * 2.63339e-07 = 2.10672e-37
Ax[40641] = 9.44475e-43
time: 443	PE: 0	op: 7.81786e-06 - -8e-31 * -2.6029e-30 = 7.81786e-06
Ax[40641] = 9.44475e-43
time: 444	PE: 1	op: -2.52845e-37 - 5.98677e-10 * -2.6029e-30 = -2.51287e-37
Ax[40641] = 9.44475e-43
time: 445	PE: 0	op: 8.54154 - -8.33892 * -0.999628 = 0.205717
Ax[40641] = 9.44475e-43
time: 446	PE: 0	op: 3878.55 - -8.33892 * -464.942 = 1.44156
Ax[40641] = 9.44475e-43
Ax[40641] = 9.44475e-43
time: 448	PE: 0	op: -1 - -8.84408e-05 * 0.12 = -0.999989
time: 448	PE: 1	op: -0.00625 - -8.84408e-05 * -1 = -0.00633844
time: 448	PE: 2	op: 2.10672e-37 / -0.0401614 = -5.24563e-36
Ax[40641] = 9.44475e-43
Ax[40641] = 9.44475e-43
Ax[40641] = 9.44475e-43
time: 451	PE: 0	op: 0.205717 / 0.942578 = 0.218249
Ax[40641] = 9.44475e-43
time: 452	PE: 0	op: 1.44156 / 0.942578 = 1.52938
Ax[40641] = 9.44475e-43
Ax[40641] = 9.44475e-43
time: 454	PE: 0	op: -0.00633844 / -0.999989 = 0.00633851
time: 454	PE: 1	op: -3.33333e-05 / -0.999989 = 3.33337e-05
Ax[40641] = 9.44475e-43
Ax[40641] = 9.44475e-43
Ax[40641] = 9.44475e-43
Ax[40641] = 9.44475e-43
Ax[40641] = 9.44475e-43
time: 459	PE: 0	op: 0.942578 - -746.539 * 0.218249 = 163.874
time: 459	PE: 1	op: -1.0008e-08 - -4.33788e-08 * 0.218249 = -5.40606e-10
time: 459	PE: 2	op: -7.7e-09 - -1.14967e-28 * 0.218249 = -7.7e-09
time: 459	PE: 3	op: -2.5673e-14 - -3.33748e-10 * 0.218249 = 7.28147e-11
Ax[40641] = 9.44475e-43
time: 460	PE: 0	op: -310.078 - -746.539 * 1.52938 = 831.666
time: 460	PE: 1	op: 2.91098 - -4.33788e-08 * 1.52938 = 2.91098
time: 460	PE: 2	op: -1703.19 - -1.14967e-28 * 1.52938 = -1703.19
Ax[40641] = 9.44475e-43
time: 461	PE: 3	op: -1.15609 - -3.33748e-10 * 1.52938 = -1.15609
Ax[40641] = 9.44475e-43
time: 462	PE: 0	op: 0.202651 - 1.00075 * 3.33337e-05 = 0.202618
time: 462	PE: 1	op: -3.29521e-05 - 1.00075 * 0.00633851 = -0.00637624
Ax[40641] = 9.44475e-43
Ax[40641] = 9.44475e-43
Ax[40641] = 9.44475e-43
time: 465	PE: 0	op: -4.67936e-08 / 163.874 = -2.85545e-10
time: 465	PE: 1	op: -7.92019e-06 / 163.874 = -4.83308e-08
time: 465	PE: 2	op: -3.17321e-10 / 163.874 = -1.93637e-12
Ax[40641] = 9.44475e-43
Ax[40641] = 9.44475e-43
Ax[40641] = 9.44475e-43
time: 468	PE: 0	op: 0.202618 - -0.00637624 * -1 = 0.196242
time: 468	PE: 1	op: -4.65116e-28 - -0.00637624 * -465.116 = -2.96569
Ax[40641] = 9.44475e-43
Ax[40641] = 9.44475e-43
Ax[40641] = 9.44475e-43
Ax[40641] = 9.44475e-43
Ax[40641] = 9.44475e-43
time: 473	PE: 0	op: 100047 - -5.40606e-10 * -4.83308e-08 = 100047
time: 473	PE: 1	op: -100047 - -5.40606e-10 * -1.93637e-12 = -100047
time: 473	PE: 2	op: -0.00165647 - -5.40606e-10 * -2.85545e-10 = -0.00165647
time: 473	PE: 3	op: -1.00047 - -7.7e-09 * -2.85545e-10 = -1.00047
time: 473	PE: 4	op: -2.10661e-11 - 7.28147e-11 * -2.85545e-10 = -2.10661e-11
time: 473	PE: 5	op: -77000 - -7.7e-09 * -1.93637e-12 = -77000
time: 473	PE: 6	op: 77001 - -7.7e-09 * -4.83308e-08 = 77001
time: 473	PE: 7	op: -100000 - 7.28147e-11 * -4.83308e-08 = -100000
time: 473	PE: 8	op: 100000 - 7.28147e-11 * -1.93637e-12 = 100000
Ax[40641] = 9.44475e-43
time: 474	PE: 0	op: 0.196242 / 0.942564 = 0.2082
time: 474	PE: 1	op: -2.96569 / 0.942564 = -3.14641
Ax[40641] = 9.44475e-43
Ax[40641] = 9.44475e-43
Ax[40641] = 9.44475e-43
Ax[40641] = 9.44475e-43
Ax[40641] = 9.44475e-43
time: 479	PE: 0	op: 100047 / -0.00165647 = -6.03976e+07
time: 479	PE: 1	op: -100047 / -0.00165647 = 6.03976e+07
Ax[40641] = 9.44475e-43
Ax[40641] = 9.44475e-43
Ax[40641] = 9.44475e-43
time: 482	PE: 0	op: 0.942564 - -746.722 * 0.2082 = 156.41
time: 482	PE: 1	op: -1.0008e-08 - -4.33894e-08 * 0.2082 = -9.74339e-10
time: 482	PE: 2	op: -7.7e-09 - -1.14995e-28 * 0.2082 = -7.7e-09
time: 482	PE: 3	op: -2.56792e-14 - -3.3383e-10 * 0.2082 = 6.94777e-11
Ax[40641] = 9.44475e-43
time: 483	PE: 0	op: -310.078 - -746.722 * -3.14641 = -2659.57
time: 483	PE: 1	op: -1.88369 - -4.33894e-08 * -3.14641 = -1.88369
time: 483	PE: 2	op: -1706.88 - -1.14995e-28 * -3.14641 = -1706.88
Ax[40641] = 9.44475e-43
time: 484	PE: 3	op: -1.15609 - -3.3383e-10 * -3.14641 = -1.15609
Ax[40641] = 9.44475e-43
Ax[40641] = 9.44475e-43
Ax[40641] = 9.44475e-43
time: 487	PE: 0	op: reg[0] = -4.68057e-08
time: 487	PE: 1	op: reg[1] = -7.92224e-06
time: 487	PE: 3	op: reg[3] = -3.17403e-10
time: 487	PE: 11	op: 0 + -1.00047 * -6.03976e+07 = 6.04259e+07
time: 487	PE: 12	op: 0 + -1.00047 * 6.03976e+07 = -6.04259e+07
time: 487	PE: 14	op: 0 + -2.10661e-11 * -6.03976e+07 = 0.00127234
time: 487	PE: 15	op: 0 + -2.10661e-11 * 6.03976e+07 = -0.00127234
Ax[40641] = 9.44475e-43
time: 488	PE: 0	op: Ax[2010] = -4.68057e-08 / 156.41 = -2.9925e-10
time: 488	PE: 1	op: Ax[2011] = -7.92224e-06 / 156.41 = -5.06505e-08
time: 488	PE: 3	op: Ax[2012] = -3.17403e-10 / 156.41 = -2.0293e-12
Ax[40641] = 9.44475e-43
Ax[40641] = 9.44475e-43
time: 490	PE: 11	op: Ax[2280] = 77001 - 6.04259e+07 = -6.03489e+07
time: 490	PE: 12	op: -77000 - -6.04259e+07 = 6.03489e+07
time: 490	PE: 14	op: Ax[2297] = -100000 - 0.00127234 = -100000
Ax[40641] = 9.44475e-43
Ax[40641] = 9.44475e-43
Ax[40641] = 9.44475e-43
Ax[40641] = 9.44475e-43
Ax[40641] = 9.44475e-43
time: 495	PE: 12	op: Ax[2281] = 6.03489e+07 / -6.03489e+07 = -1
Ax[40641] = 9.44475e-43
time: 496	PE: 2	op: 0 + -9.74339e-10 * -2.9925e-10 = 2.91571e-19
time: 496	PE: 4	op: 0 + -9.74339e-10 * -5.06505e-08 = 4.93507e-17
time: 496	PE: 5	op: 0 + -7.7e-09 * -2.9925e-10 = 2.30423e-18
time: 496	PE: 6	op: 0 + -9.74339e-10 * -2.0293e-12 = 1.97723e-21
time: 496	PE: 7	op: 0 + 6.94777e-11 * -2.9925e-10 = -2.07912e-20
time: 496	PE: 8	op: 0 + -7.7e-09 * -5.06505e-08 = 3.90009e-16
time: 496	PE: 9	op: 0 + -7.7e-09 * -2.0293e-12 = 1.56256e-20
time: 496	PE: 10	op: 0 + 6.94777e-11 * -5.06505e-08 = -3.51908e-18
time: 496	PE: 13	op: 0 + 6.94777e-11 * -2.0293e-12 = -1.40991e-22
Ax[40641] = 9.44475e-43
Ax[40641] = 9.44475e-43
Ax[40641] = 9.44475e-43
time: 499	PE: 2	op: Ax[2026] = -0.00165647 - 2.91571e-19 = -0.00165647
time: 499	PE: 4	op: 100047 - 4.93507e-17 = 100047
time: 499	PE: 5	op: Ax[2036] = -1.00047 - 2.30423e-18 = -1.00047
time: 499	PE: 6	op: -100047 - 1.97723e-21 = -100047
time: 499	PE: 7	op: Ax[2053] = -2.10661e-11 - -2.07912e-20 = -2.10661e-11
Ax[40641] = 9.44475e-43
Ax[40641] = 9.44475e-43
Ax[40641] = 9.44475e-43
Ax[40641] = 9.44475e-43
time: 503	PE: 15	op: -0.00127234 + -100000 * -1 = 100000
Ax[40641] = 9.44475e-43
time: 504	PE: 4	op: Ax[2027] = 100047 / -0.00165647 = -6.03976e+07
time: 504	PE: 6	op: Ax[2028] = -100047 / -0.00165647 = 6.03976e+07
Ax[40641] = 9.44475e-43
Ax[40641] = 9.44475e-43
time: 506	PE: 15	op: Ax[2298] = 100000 - 100000 = 0.0078125
Ax[40641] = 9.44475e-43
Ax[40641] = 9.44475e-43
Ax[40641] = 9.44475e-43
Ax[40641] = 9.44475e-43
Ax[40641] = 9.44475e-43
Ax[40641] = 9.44475e-43
time: 512	PE: 8	op: 3.90009e-16 + -1.00047 * -6.03976e+07 = 6.04259e+07
time: 512	PE: 9	op: 1.56256e-20 + -1.00047 * 6.03976e+07 = -6.04259e+07
time: 512	PE: 10	op: -3.51908e-18 + -2.10661e-11 * -6.03976e+07 = 0.00127234
time: 512	PE: 13	op: -1.40991e-22 + -2.10661e-11 * 6.03976e+07 = -0.00127234
Ax[40641] = 9.44475e-43
Ax[40641] = 9.44475e-43
Ax[40641] = 9.44475e-43
time: 515	PE: 8	op: Ax[2037] = 77001 - 6.04259e+07 = -6.03489e+07
time: 515	PE: 9	op: -77000 - -6.04259e+07 = 6.03489e+07
time: 515	PE: 10	op: Ax[2054] = -100000 - 0.00127234 = -100000
Ax[40641] = 9.44475e-43
Ax[40641] = 9.44475e-43
Ax[40641] = 9.44475e-43
Ax[40641] = 9.44475e-43
Ax[40641] = 9.44475e-43
time: 520	PE: 9	op: Ax[2038] = 6.03489e+07 / -6.03489e+07 = -1
Ax[40641] = 9.44475e-43
Ax[40641] = 9.44475e-43
Ax[40641] = 9.44475e-43
Ax[40641] = 9.44475e-43
Ax[40641] = 9.44475e-43
Ax[40641] = 9.44475e-43
Ax[40641] = 9.44475e-43
Ax[40641] = 9.44475e-43
time: 528	PE: 13	op: -0.00127234 + -100000 * -1 = 100000
Ax[40641] = 9.44475e-43
Ax[40641] = 9.44475e-43
Ax[40641] = 9.44475e-43
time: 531	PE: 13	op: Ax[2055] = 100000 - 100000 = 0.0078125
Ax[40641] = 9.44475e-43
Ax[40641] = 9.44475e-43
Ax[40641] = 9.44475e-43
SUCCESS: simulation
SUCCESS: simulation1
SUCCESS: simulation3
SUCCESS: simulation3
SUCCESS: simulation4
