t,borrow,dst,src,is_vector,rounds,optype
0,00,00000000,00000000,0,00000000,0000
1,00,00000000,00000000,0,00000000,0000
2,00,00000000,00000000,0,00000000,0000
3,01,00000001,00000000,1,00000110,0001
4,00,00000000,00000000,0,00000000,0000
5,00,00000000,00000000,0,00000000,0000
6,00,00000000,00000000,0,00000000,0000
7,00,00000000,00000000,0,00000000,0000
8,00,00000000,00000000,0,00000000,0000
9,01,00000101,00000100,1,00000110,0001
10,00,00000000,00000000,0,00000000,0000
11,00,00000000,00000000,0,00000000,0000
12,00,00000000,00000000,0,00000000,0000
13,00,00000000,00000000,0,00000000,0000
14,00,00000000,00000000,0,00000000,0000
15,01,00001001,00001000,1,00000110,0001
16,00,00000000,00000000,0,00000000,0000
17,00,00000000,00000000,0,00000000,0000
18,00,00000000,00000000,0,00000000,0000
19,00,00000000,00000000,0,00000000,0000
20,00,00000000,00000000,0,00000000,0000
21,01,00001101,00001100,1,00000110,0001
22,00,00000000,00000000,0,00000000,0000
23,00,00000000,00000000,0,00000000,0000
24,00,00000000,00000000,0,00000000,0000
25,00,00000000,00000000,0,00000000,0000
26,00,00000000,00000000,0,00000000,0000
27,01,00010001,00010000,1,00000110,0001
28,00,00000000,00000000,0,00000000,0000
29,00,00000000,00000000,0,00000000,0000
30,00,00000000,00000000,0,00000000,0000
31,00,00000000,00000000,0,00000000,0000
32,00,00000000,00000000,0,00000000,0000
33,01,00010101,00010100,1,00000110,0001
34,00,00000000,00000000,0,00000000,0000
35,00,00000000,00000000,0,00000000,0000
36,00,00000000,00000000,0,00000000,0000
37,00,00000000,00000000,0,00000000,0000
38,00,00000000,00000000,0,00000000,0000
39,01,00011001,00011000,1,00000110,0001
40,00,00000000,00000000,0,00000000,0000
41,00,00000000,00000000,0,00000000,0000
42,00,00000000,00000000,0,00000000,0000
43,00,00000000,00000000,0,00000000,0000
44,00,00000000,00000000,0,00000000,0000
45,01,00011101,00011100,1,00000110,0001
46,00,00000000,00000000,0,00000000,0000
47,00,00000000,00000000,0,00000000,0000
48,00,00000000,00000000,0,00000000,0000
49,00,00000000,00000000,0,00000000,0000
50,00,00000000,00000000,0,00000000,0000
51,01,00100001,00100000,1,00000110,0001
52,00,00000000,00000000,0,00000000,0000
53,00,00000000,00000000,0,00000000,0000
54,00,00000000,00000000,0,00000000,0000
55,00,00000000,00000000,0,00000000,0000
56,00,00000000,00000000,0,00000000,0000
57,01,00100101,00100100,1,00000110,0001
58,00,00000000,00000000,0,00000000,0000
59,00,00000000,00000000,0,00000000,0000
60,00,00000000,00000000,0,00000000,0000
61,00,00000000,00000000,0,00000000,0000
62,00,00000000,00000000,0,00000000,0000
63,01,00101001,00101000,1,00000110,0001
64,00,00000000,00000000,0,00000000,0000
65,00,00000000,00000000,0,00000000,0000
66,00,00000000,00000000,0,00000000,0000
67,00,00000000,00000000,0,00000000,0000
68,00,00000000,00000000,0,00000000,0000
69,01,00101101,00101100,1,00000110,0001
70,00,00000000,00000000,0,00000000,0000
71,00,00000000,00000000,0,00000000,0000
72,00,00000000,00000000,0,00000000,0000
73,00,00000000,00000000,0,00000000,0000
74,00,00000000,00000000,0,00000000,0000
75,01,00110001,00110000,1,00000110,0001
76,00,00000000,00000000,0,00000000,0000
77,00,00000000,00000000,0,00000000,0000
78,00,00000000,00000000,0,00000000,0000
79,00,00000000,00000000,0,00000000,0000
80,00,00000000,00000000,0,00000000,0000
81,01,00110101,00110100,1,00000110,0001
82,00,00000000,00000000,0,00000000,0000
83,00,00000000,00000000,0,00000000,0000
84,00,00000000,00000000,0,00000000,0000
85,00,00000000,00000000,0,00000000,0000
86,00,00000000,00000000,0,00000000,0000
87,01,00111001,00111000,1,00000110,0001
88,00,00000000,00000000,0,00000000,0000
89,00,00000000,00000000,0,00000000,0000
90,00,00000000,00000000,0,00000000,0000
91,00,00000000,00000000,0,00000000,0000
92,00,00000000,00000000,0,00000000,0000
93,01,00111101,00111100,1,00000110,0001
94,00,00000000,00000000,0,00000000,0000
95,00,00000000,00000000,0,00000000,0000
96,00,00000000,00000000,0,00000000,0000
97,00,00000000,00000000,0,00000000,0000
98,00,00000000,00000000,0,00000000,0000
99,01,01000001,01000000,1,00000110,0001
100,00,00000000,00000000,0,00000000,0000
101,00,00000000,00000000,0,00000000,0000
102,00,00000000,00000000,0,00000000,0000
103,00,00000000,00000000,0,00000000,0000
104,00,00000000,00000000,0,00000000,0000
105,01,01000101,01000100,1,00000110,0001
106,00,00000000,00000000,0,00000000,0000
107,00,00000000,00000000,0,00000000,0000
108,00,00000000,00000000,0,00000000,0000
109,00,00000000,00000000,0,00000000,0000
110,00,00000000,00000000,0,00000000,0000
111,01,01001001,01001000,1,00000110,0001
112,00,00000000,00000000,0,00000000,0000
113,00,00000000,00000000,0,00000000,0000
114,00,00000000,00000000,0,00000000,0000
115,00,00000000,00000000,0,00000000,0000
116,00,00000000,00000000,0,00000000,0000
117,01,01001101,01001100,1,00000110,0001
118,00,00000000,00000000,0,00000000,0000
119,00,00000000,00000000,0,00000000,0000
120,00,00000000,00000000,0,00000000,0000
121,00,00000000,00000000,0,00000000,0000
122,00,00000000,00000000,0,00000000,0000
123,01,01010001,01010000,1,00000110,0001
124,00,00000000,00000000,0,00000000,0000
125,00,00000000,00000000,0,00000000,0000
126,00,00000000,00000000,0,00000000,0000
127,00,00000000,00000000,0,00000000,0000
128,00,00000000,00000000,0,00000000,0000
129,01,01010101,01010100,1,00000110,0001
130,00,00000000,00000000,0,00000000,0000
131,00,00000000,00000000,0,00000000,0000
132,00,00000000,00000000,0,00000000,0000
133,00,00000000,00000000,0,00000000,0000
134,00,00000000,00000000,0,00000000,0000
135,01,01011001,01011000,1,00000110,0001
136,00,00000000,00000000,0,00000000,0000
137,00,00000000,00000000,0,00000000,0000
138,00,00000000,00000000,0,00000000,0000
139,00,00000000,00000000,0,00000000,0000
140,00,00000000,00000000,0,00000000,0000
141,01,01011101,01011100,1,00000110,0001
142,00,00000000,00000000,0,00000000,0000
143,00,00000000,00000000,0,00000000,0000
144,00,00000000,00000000,0,00000000,0000
145,00,00000000,00000000,0,00000000,0000
146,00,00000000,00000000,0,00000000,0000
147,01,01100001,01100000,1,00000110,0001
148,00,00000000,00000000,0,00000000,0000
149,00,00000000,00000000,0,00000000,0000
150,00,00000000,00000000,0,00000000,0000
151,00,00000000,00000000,0,00000000,0000
152,00,00000000,00000000,0,00000000,0000
153,01,01100101,01100100,1,00000110,0001
154,00,00000000,00000000,0,00000000,0000
155,00,00000000,00000000,0,00000000,0000
156,00,00000000,00000000,0,00000000,0000
157,00,00000000,00000000,0,00000000,0000
158,00,00000000,00000000,0,00000000,0000
159,01,01101001,01101000,1,00000110,0001
160,00,00000000,00000000,0,00000000,0000
161,00,00000000,00000000,0,00000000,0000
162,00,00000000,00000000,0,00000000,0000
163,00,00000000,00000000,0,00000000,0000
164,00,00000000,00000000,0,00000000,0000
165,01,01101101,01101100,1,00000110,0001
166,00,00000000,00000000,0,00000000,0000
167,00,00000000,00000000,0,00000000,0000
168,00,00000000,00000000,0,00000000,0000
169,00,00000000,00000000,0,00000000,0000
170,00,00000000,00000000,0,00000000,0000
171,01,01110001,01110000,1,00000110,0001
172,00,00000000,00000000,0,00000000,0000
173,00,00000000,00000000,0,00000000,0000
174,00,00000000,00000000,0,00000000,0000
175,00,00000000,00000000,0,00000000,0000
176,00,00000000,00000000,0,00000000,0000
177,01,01110101,01110100,1,00000110,0001
178,00,00000000,00000000,0,00000000,0000
179,00,00000000,00000000,0,00000000,0000
180,00,00000000,00000000,0,00000000,0000
181,00,00000000,00000000,0,00000000,0000
182,00,00000000,00000000,0,00000000,0000
183,01,01111001,01111000,1,00000110,0001
184,00,00000000,00000000,0,00000000,0000
185,00,00000000,00000000,0,00000000,0000
186,00,00000000,00000000,0,00000000,0000
187,00,00000000,00000000,0,00000000,0000
188,00,00000000,00000000,0,00000000,0000
189,01,01111101,01111100,1,00000110,0001
190,00,00000000,00000000,0,00000000,0000
191,00,00000000,00000000,0,00000000,0000
192,00,00000000,00000000,0,00000000,0000
193,00,00000000,00000000,0,00000000,0000
194,00,00000000,00000000,0,00000000,0000
195,01,10000001,10000000,1,00000110,0001
196,00,00000000,00000000,0,00000000,0000
197,00,00000000,00000000,0,00000000,0000
198,00,00000000,00000000,0,00000000,0000
199,00,00000000,00000000,0,00000000,0000
200,00,00000000,00000000,0,00000000,0000
201,01,10000101,10000100,1,00000110,0001
202,00,00000000,00000000,0,00000000,0000
203,00,00000000,00000000,0,00000000,0000
204,00,00000000,00000000,0,00000000,0000
205,00,00000000,00000000,0,00000000,0000
206,00,00000000,00000000,0,00000000,0000
207,01,10001001,10001000,1,00000110,0001
208,00,00000000,00000000,0,00000000,0000
209,00,00000000,00000000,0,00000000,0000
210,00,00000000,00000000,0,00000000,0000
211,00,00000000,00000000,0,00000000,0000
212,00,00000000,00000000,0,00000000,0000
213,01,10001101,10001100,1,00000110,0001
214,00,00000000,00000000,0,00000000,0000
215,00,00000000,00000000,0,00000000,0000
216,00,00000000,00000000,0,00000000,0000
217,00,00000000,00000000,0,00000000,0000
218,00,00000000,00000000,0,00000000,0000
219,01,10010001,10010000,1,00000110,0001
220,00,00000000,00000000,0,00000000,0000
221,00,00000000,00000000,0,00000000,0000
222,00,00000000,00000000,0,00000000,0000
223,00,00000000,00000000,0,00000000,0000
224,00,00000000,00000000,0,00000000,0000
225,01,10010101,10010100,1,00000110,0001
226,00,00000000,00000000,0,00000000,0000
227,00,00000000,00000000,0,00000000,0000
228,00,00000000,00000000,0,00000000,0000
229,00,00000000,00000000,0,00000000,0000
230,00,00000000,00000000,0,00000000,0000
231,01,10011001,10011000,1,00000110,0001
232,00,00000000,00000000,0,00000000,0000
233,00,00000000,00000000,0,00000000,0000
234,00,00000000,00000000,0,00000000,0000
235,00,00000000,00000000,0,00000000,0000
236,00,00000000,00000000,0,00000000,0000
237,01,10011101,10011100,1,00000110,0001
238,00,00000000,00000000,0,00000000,0000
239,00,00000000,00000000,0,00000000,0000
240,00,00000000,00000000,0,00000000,0000
241,00,00000000,00000000,0,00000000,0000
242,00,00000000,00000000,0,00000000,0000
243,01,10100001,10100000,1,00000110,0001
244,00,00000000,00000000,0,00000000,0000
245,00,00000000,00000000,0,00000000,0000
246,00,00000000,00000000,0,00000000,0000
247,00,00000000,00000000,0,00000000,0000
248,00,00000000,00000000,0,00000000,0000
249,01,10100101,10100100,1,00000110,0001
250,00,00000000,00000000,0,00000000,0000
251,00,00000000,00000000,0,00000000,0000
252,00,00000000,00000000,0,00000000,0000
253,00,00000000,00000000,0,00000000,0000
254,00,00000000,00000000,0,00000000,0000
255,01,10101001,10101000,1,00000110,0001
256,00,00000000,00000000,0,00000000,0000
257,00,00000000,00000000,0,00000000,0000
258,00,00000000,00000000,0,00000000,0000
259,00,00000000,00000000,0,00000000,0000
260,00,00000000,00000000,0,00000000,0000
261,01,10101101,10101100,1,00000110,0001
262,00,00000000,00000000,0,00000000,0000
263,00,00000000,00000000,0,00000000,0000
264,00,00000000,00000000,0,00000000,0000
265,00,00000000,00000000,0,00000000,0000
266,00,00000000,00000000,0,00000000,0000
267,01,10110001,10110000,1,00000110,0001
268,00,00000000,00000000,0,00000000,0000
269,00,00000000,00000000,0,00000000,0000
270,00,00000000,00000000,0,00000000,0000
271,00,00000000,00000000,0,00000000,0000
272,00,00000000,00000000,0,00000000,0000
273,01,10110101,10110100,1,00000110,0001
274,00,00000000,00000000,0,00000000,0000
275,00,00000000,00000000,0,00000000,0000
276,00,00000000,00000000,0,00000000,0000
277,00,00000000,00000000,0,00000000,0000
278,00,00000000,00000000,0,00000000,0000
279,01,10111001,10111000,1,00000110,0001
280,00,00000000,00000000,0,00000000,0000
281,00,00000000,00000000,0,00000000,0000
282,00,00000000,00000000,0,00000000,0000
283,00,00000000,00000000,0,00000000,0000
284,00,00000000,00000000,0,00000000,0000
285,01,10111101,10111100,1,00000110,0001
286,00,00000000,00000000,0,00000000,0000
287,00,00000000,00000000,0,00000000,0000
288,00,00000000,00000000,0,00000000,0000
289,00,00000000,00000000,0,00000000,0000
290,00,00000000,00000000,0,00000000,0000
291,01,11000001,11000000,1,00000110,0001
292,00,00000000,00000000,0,00000000,0000
293,00,00000000,00000000,0,00000000,0000
294,00,00000000,00000000,0,00000000,0000
295,00,00000000,00000000,0,00000000,0000
296,00,00000000,00000000,0,00000000,0000
297,01,11000101,11000100,1,00000110,0001
298,00,00000000,00000000,0,00000000,0000
299,00,00000000,00000000,0,00000000,0000
300,00,00000000,00000000,0,00000000,0000
301,00,00000000,00000000,0,00000000,0000
302,00,00000000,00000000,0,00000000,0000
303,01,11001001,11001000,1,00000110,0001
304,00,00000000,00000000,0,00000000,0000
305,00,00000000,00000000,0,00000000,0000
306,00,00000000,00000000,0,00000000,0000
307,00,00000000,00000000,0,00000000,0000
308,00,00000000,00000000,0,00000000,0000
309,01,11001101,11001100,1,00000110,0001
310,00,00000000,00000000,0,00000000,0000
311,00,00000000,00000000,0,00000000,0000
312,00,00000000,00000000,0,00000000,0000
313,00,00000000,00000000,0,00000000,0000
314,00,00000000,00000000,0,00000000,0000
315,01,11010001,11010000,1,00000110,0001
316,00,00000000,00000000,0,00000000,0000
317,00,00000000,00000000,0,00000000,0000
318,00,00000000,00000000,0,00000000,0000
319,00,00000000,00000000,0,00000000,0000
320,00,00000000,00000000,0,00000000,0000
321,01,11010101,11010100,1,00000110,0001
322,00,00000000,00000000,0,00000000,0000
323,00,00000000,00000000,0,00000000,0000
324,00,00000000,00000000,0,00000000,0000
325,00,00000000,00000000,0,00000000,0000
326,00,00000000,00000000,0,00000000,0000
327,01,11011001,11011000,1,00000110,0001
328,00,00000000,00000000,0,00000000,0000
329,00,00000000,00000000,0,00000000,0000
330,00,00000000,00000000,0,00000000,0000
331,00,00000000,00000000,0,00000000,0000
332,00,00000000,00000000,0,00000000,0000
333,01,11011101,11011100,1,00000110,0001
334,00,00000000,00000000,0,00000000,0000
335,00,00000000,00000000,0,00000000,0000
336,00,00000000,00000000,0,00000000,0000
337,00,00000000,00000000,0,00000000,0000
338,00,00000000,00000000,0,00000000,0000
339,01,11100001,11100000,1,00000110,0001
340,00,00000000,00000000,0,00000000,0000
341,00,00000000,00000000,0,00000000,0000
342,00,00000000,00000000,0,00000000,0000
343,00,00000000,00000000,0,00000000,0000
344,00,00000000,00000000,0,00000000,0000
345,01,11100101,11100100,1,00000110,0001
346,00,00000000,00000000,0,00000000,0000
347,00,00000000,00000000,0,00000000,0000
348,00,00000000,00000000,0,00000000,0000
349,00,00000000,00000000,0,00000000,0000
350,00,00000000,00000000,0,00000000,0000
351,01,11101001,11101000,1,00000110,0001
352,00,00000000,00000000,0,00000000,0000
353,00,00000000,00000000,0,00000000,0000
354,00,00000000,00000000,0,00000000,0000
355,00,00000000,00000000,0,00000000,0000
356,00,00000000,00000000,0,00000000,0000
357,01,11101101,11101100,1,00000110,0001
358,00,00000000,00000000,0,00000000,0000
359,00,00000000,00000000,0,00000000,0000
360,00,00000000,00000000,0,00000000,0000
361,00,00000000,00000000,0,00000000,0000
362,00,00000000,00000000,0,00000000,0000
363,01,11110001,11110000,1,00000110,0001
364,00,00000000,00000000,0,00000000,0000
365,00,00000000,00000000,0,00000000,0000
366,00,00000000,00000000,0,00000000,0000
367,00,00000000,00000000,0,00000000,0000
368,00,00000000,00000000,0,00000000,0000
369,01,11110101,11110100,1,00000110,0001
370,00,00000000,00000000,0,00000000,0000
371,00,00000000,00000000,0,00000000,0000
372,00,00000000,00000000,0,00000000,0000
373,00,00000000,00000000,0,00000000,0000
374,00,00000000,00000000,0,00000000,0000
375,01,11111001,11111000,1,00000110,0001
376,00,00000000,00000000,0,00000000,0000
377,00,00000000,00000000,0,00000000,0000
378,00,00000000,00000000,0,00000000,0000
379,00,00000000,00000000,0,00000000,0000
380,00,00000000,00000000,0,00000000,0000
381,01,11111101,11111100,1,00000110,0001
382,00,00000000,00000000,0,00000000,0000
383,00,00000000,00000000,0,00000000,0000
384,00,00000000,00000000,0,00000000,0000
385,00,00000000,00000000,0,00000000,0000
386,00,00000000,00000000,0,00000000,0000
387,00,00000000,00000000,0,00000000,0000
388,00,00000000,00000000,0,00000000,0000
389,00,00000000,00000000,0,00000000,0000
390,00,00000000,00000000,0,00000000,0000
391,00,00000000,00000000,0,00000000,0000
392,01,00000011,00000010,1,00000110,1001
393,00,00000000,00000000,0,00000000,0000
394,00,00000000,00000000,0,00000000,0000
395,00,00000000,00000000,0,00000000,0000
396,00,00000000,00000000,0,00000000,0000
397,00,00000000,00000000,0,00000000,0000
398,01,00000111,00000110,1,00000110,1001
399,00,00000000,00000000,0,00000000,0000
400,00,00000000,00000000,0,00000000,0000
401,00,00000000,00000000,0,00000000,0000
402,00,00000000,00000000,0,00000000,0000
403,00,00000000,00000000,0,00000000,0000
404,01,00001011,00001010,1,00000110,1001
405,00,00000000,00000000,0,00000000,0000
406,00,00000000,00000000,0,00000000,0000
407,00,00000000,00000000,0,00000000,0000
408,00,00000000,00000000,0,00000000,0000
409,00,00000000,00000000,0,00000000,0000
410,01,00001111,00001110,1,00000110,1001
411,00,00000000,00000000,0,00000000,0000
412,00,00000000,00000000,0,00000000,0000
413,00,00000000,00000000,0,00000000,0000
414,00,00000000,00000000,0,00000000,0000
415,00,00000000,00000000,0,00000000,0000
416,01,00010011,00010010,1,00000110,1001
417,00,00000000,00000000,0,00000000,0000
418,00,00000000,00000000,0,00000000,0000
419,00,00000000,00000000,0,00000000,0000
420,00,00000000,00000000,0,00000000,0000
421,00,00000000,00000000,0,00000000,0000
422,01,00010111,00010110,1,00000110,1001
423,00,00000000,00000000,0,00000000,0000
424,00,00000000,00000000,0,00000000,0000
425,00,00000000,00000000,0,00000000,0000
426,00,00000000,00000000,0,00000000,0000
427,00,00000000,00000000,0,00000000,0000
428,01,00011011,00011010,1,00000110,1001
429,00,00000000,00000000,0,00000000,0000
430,00,00000000,00000000,0,00000000,0000
431,00,00000000,00000000,0,00000000,0000
432,00,00000000,00000000,0,00000000,0000
433,00,00000000,00000000,0,00000000,0000
434,01,00011111,00011110,1,00000110,1001
435,00,00000000,00000000,0,00000000,0000
436,00,00000000,00000000,0,00000000,0000
437,00,00000000,00000000,0,00000000,0000
438,00,00000000,00000000,0,00000000,0000
439,00,00000000,00000000,0,00000000,0000
440,01,00100011,00100010,1,00000110,1001
441,00,00000000,00000000,0,00000000,0000
442,00,00000000,00000000,0,00000000,0000
443,00,00000000,00000000,0,00000000,0000
444,00,00000000,00000000,0,00000000,0000
445,00,00000000,00000000,0,00000000,0000
446,01,00100111,00100110,1,00000110,1001
447,00,00000000,00000000,0,00000000,0000
448,00,00000000,00000000,0,00000000,0000
449,00,00000000,00000000,0,00000000,0000
450,00,00000000,00000000,0,00000000,0000
451,00,00000000,00000000,0,00000000,0000
452,01,00101011,00101010,1,00000110,1001
453,00,00000000,00000000,0,00000000,0000
454,00,00000000,00000000,0,00000000,0000
455,00,00000000,00000000,0,00000000,0000
456,00,00000000,00000000,0,00000000,0000
457,00,00000000,00000000,0,00000000,0000
458,01,00101111,00101110,1,00000110,1001
459,00,00000000,00000000,0,00000000,0000
460,00,00000000,00000000,0,00000000,0000
461,00,00000000,00000000,0,00000000,0000
462,00,00000000,00000000,0,00000000,0000
463,00,00000000,00000000,0,00000000,0000
464,01,00110011,00110010,1,00000110,1001
465,00,00000000,00000000,0,00000000,0000
466,00,00000000,00000000,0,00000000,0000
467,00,00000000,00000000,0,00000000,0000
468,00,00000000,00000000,0,00000000,0000
469,00,00000000,00000000,0,00000000,0000
470,01,00110111,00110110,1,00000110,1001
471,00,00000000,00000000,0,00000000,0000
472,00,00000000,00000000,0,00000000,0000
473,00,00000000,00000000,0,00000000,0000
474,00,00000000,00000000,0,00000000,0000
475,00,00000000,00000000,0,00000000,0000
476,01,00111011,00111010,1,00000110,1001
477,00,00000000,00000000,0,00000000,0000
478,00,00000000,00000000,0,00000000,0000
479,00,00000000,00000000,0,00000000,0000
480,00,00000000,00000000,0,00000000,0000
481,00,00000000,00000000,0,00000000,0000
482,01,00111111,00111110,1,00000110,1001
483,00,00000000,00000000,0,00000000,0000
484,00,00000000,00000000,0,00000000,0000
485,00,00000000,00000000,0,00000000,0000
486,00,00000000,00000000,0,00000000,0000
487,00,00000000,00000000,0,00000000,0000
488,01,01000011,01000010,1,00000110,1001
489,00,00000000,00000000,0,00000000,0000
490,00,00000000,00000000,0,00000000,0000
491,00,00000000,00000000,0,00000000,0000
492,00,00000000,00000000,0,00000000,0000
493,00,00000000,00000000,0,00000000,0000
494,01,01000111,01000110,1,00000110,1001
495,00,00000000,00000000,0,00000000,0000
496,00,00000000,00000000,0,00000000,0000
497,00,00000000,00000000,0,00000000,0000
498,00,00000000,00000000,0,00000000,0000
499,00,00000000,00000000,0,00000000,0000
500,01,01001011,01001010,1,00000110,1001
501,00,00000000,00000000,0,00000000,0000
502,00,00000000,00000000,0,00000000,0000
503,00,00000000,00000000,0,00000000,0000
504,00,00000000,00000000,0,00000000,0000
505,00,00000000,00000000,0,00000000,0000
506,01,01001111,01001110,1,00000110,1001
507,00,00000000,00000000,0,00000000,0000
508,00,00000000,00000000,0,00000000,0000
509,00,00000000,00000000,0,00000000,0000
510,00,00000000,00000000,0,00000000,0000
511,00,00000000,00000000,0,00000000,0000
512,01,01010011,01010010,1,00000110,1001
513,00,00000000,00000000,0,00000000,0000
514,00,00000000,00000000,0,00000000,0000
515,00,00000000,00000000,0,00000000,0000
516,00,00000000,00000000,0,00000000,0000
517,00,00000000,00000000,0,00000000,0000
518,01,01010111,01010110,1,00000110,1001
519,00,00000000,00000000,0,00000000,0000
520,00,00000000,00000000,0,00000000,0000
521,00,00000000,00000000,0,00000000,0000
522,00,00000000,00000000,0,00000000,0000
523,00,00000000,00000000,0,00000000,0000
524,01,01011011,01011010,1,00000110,1001
525,00,00000000,00000000,0,00000000,0000
526,00,00000000,00000000,0,00000000,0000
527,00,00000000,00000000,0,00000000,0000
528,00,00000000,00000000,0,00000000,0000
529,00,00000000,00000000,0,00000000,0000
530,01,01011111,01011110,1,00000110,1001
531,00,00000000,00000000,0,00000000,0000
532,00,00000000,00000000,0,00000000,0000
533,00,00000000,00000000,0,00000000,0000
534,00,00000000,00000000,0,00000000,0000
535,00,00000000,00000000,0,00000000,0000
536,01,01100011,01100010,1,00000110,1001
537,00,00000000,00000000,0,00000000,0000
538,00,00000000,00000000,0,00000000,0000
539,00,00000000,00000000,0,00000000,0000
540,00,00000000,00000000,0,00000000,0000
541,00,00000000,00000000,0,00000000,0000
542,01,01100111,01100110,1,00000110,1001
543,00,00000000,00000000,0,00000000,0000
544,00,00000000,00000000,0,00000000,0000
545,00,00000000,00000000,0,00000000,0000
546,00,00000000,00000000,0,00000000,0000
547,00,00000000,00000000,0,00000000,0000
548,01,01101011,01101010,1,00000110,1001
549,00,00000000,00000000,0,00000000,0000
550,00,00000000,00000000,0,00000000,0000
551,00,00000000,00000000,0,00000000,0000
552,00,00000000,00000000,0,00000000,0000
553,00,00000000,00000000,0,00000000,0000
554,01,01101111,01101110,1,00000110,1001
555,00,00000000,00000000,0,00000000,0000
556,00,00000000,00000000,0,00000000,0000
557,00,00000000,00000000,0,00000000,0000
558,00,00000000,00000000,0,00000000,0000
559,00,00000000,00000000,0,00000000,0000
560,01,01110011,01110010,1,00000110,1001
561,00,00000000,00000000,0,00000000,0000
562,00,00000000,00000000,0,00000000,0000
563,00,00000000,00000000,0,00000000,0000
564,00,00000000,00000000,0,00000000,0000
565,00,00000000,00000000,0,00000000,0000
566,01,01110111,01110110,1,00000110,1001
567,00,00000000,00000000,0,00000000,0000
568,00,00000000,00000000,0,00000000,0000
569,00,00000000,00000000,0,00000000,0000
570,00,00000000,00000000,0,00000000,0000
571,00,00000000,00000000,0,00000000,0000
572,01,01111011,01111010,1,00000110,1001
573,00,00000000,00000000,0,00000000,0000
574,00,00000000,00000000,0,00000000,0000
575,00,00000000,00000000,0,00000000,0000
576,00,00000000,00000000,0,00000000,0000
577,00,00000000,00000000,0,00000000,0000
578,01,01111111,01111110,1,00000110,1001
579,00,00000000,00000000,0,00000000,0000
580,00,00000000,00000000,0,00000000,0000
581,00,00000000,00000000,0,00000000,0000
582,00,00000000,00000000,0,00000000,0000
583,00,00000000,00000000,0,00000000,0000
584,01,10000011,10000010,1,00000110,1001
585,00,00000000,00000000,0,00000000,0000
586,00,00000000,00000000,0,00000000,0000
587,00,00000000,00000000,0,00000000,0000
588,00,00000000,00000000,0,00000000,0000
589,00,00000000,00000000,0,00000000,0000
590,01,10000111,10000110,1,00000110,1001
591,00,00000000,00000000,0,00000000,0000
592,00,00000000,00000000,0,00000000,0000
593,00,00000000,00000000,0,00000000,0000
594,00,00000000,00000000,0,00000000,0000
595,00,00000000,00000000,0,00000000,0000
596,01,10001011,10001010,1,00000110,1001
597,00,00000000,00000000,0,00000000,0000
598,00,00000000,00000000,0,00000000,0000
599,00,00000000,00000000,0,00000000,0000
600,00,00000000,00000000,0,00000000,0000
601,00,00000000,00000000,0,00000000,0000
602,01,10001111,10001110,1,00000110,1001
603,00,00000000,00000000,0,00000000,0000
604,00,00000000,00000000,0,00000000,0000
605,00,00000000,00000000,0,00000000,0000
606,00,00000000,00000000,0,00000000,0000
607,00,00000000,00000000,0,00000000,0000
608,01,10010011,10010010,1,00000110,1001
609,00,00000000,00000000,0,00000000,0000
610,00,00000000,00000000,0,00000000,0000
611,00,00000000,00000000,0,00000000,0000
612,00,00000000,00000000,0,00000000,0000
613,00,00000000,00000000,0,00000000,0000
614,01,10010111,10010110,1,00000110,1001
615,00,00000000,00000000,0,00000000,0000
616,00,00000000,00000000,0,00000000,0000
617,00,00000000,00000000,0,00000000,0000
618,00,00000000,00000000,0,00000000,0000
619,00,00000000,00000000,0,00000000,0000
620,01,10011011,10011010,1,00000110,1001
621,00,00000000,00000000,0,00000000,0000
622,00,00000000,00000000,0,00000000,0000
623,00,00000000,00000000,0,00000000,0000
624,00,00000000,00000000,0,00000000,0000
625,00,00000000,00000000,0,00000000,0000
626,01,10011111,10011110,1,00000110,1001
627,00,00000000,00000000,0,00000000,0000
628,00,00000000,00000000,0,00000000,0000
629,00,00000000,00000000,0,00000000,0000
630,00,00000000,00000000,0,00000000,0000
631,00,00000000,00000000,0,00000000,0000
632,01,10100011,10100010,1,00000110,1001
633,00,00000000,00000000,0,00000000,0000
634,00,00000000,00000000,0,00000000,0000
635,00,00000000,00000000,0,00000000,0000
636,00,00000000,00000000,0,00000000,0000
637,00,00000000,00000000,0,00000000,0000
638,01,10100111,10100110,1,00000110,1001
639,00,00000000,00000000,0,00000000,0000
640,00,00000000,00000000,0,00000000,0000
641,00,00000000,00000000,0,00000000,0000
642,00,00000000,00000000,0,00000000,0000
643,00,00000000,00000000,0,00000000,0000
644,01,10101011,10101010,1,00000110,1001
645,00,00000000,00000000,0,00000000,0000
646,00,00000000,00000000,0,00000000,0000
647,00,00000000,00000000,0,00000000,0000
648,00,00000000,00000000,0,00000000,0000
649,00,00000000,00000000,0,00000000,0000
650,01,10101111,10101110,1,00000110,1001
651,00,00000000,00000000,0,00000000,0000
652,00,00000000,00000000,0,00000000,0000
653,00,00000000,00000000,0,00000000,0000
654,00,00000000,00000000,0,00000000,0000
655,00,00000000,00000000,0,00000000,0000
656,01,10110011,10110010,1,00000110,1001
657,00,00000000,00000000,0,00000000,0000
658,00,00000000,00000000,0,00000000,0000
659,00,00000000,00000000,0,00000000,0000
660,00,00000000,00000000,0,00000000,0000
661,00,00000000,00000000,0,00000000,0000
662,01,10110111,10110110,1,00000110,1001
663,00,00000000,00000000,0,00000000,0000
664,00,00000000,00000000,0,00000000,0000
665,00,00000000,00000000,0,00000000,0000
666,00,00000000,00000000,0,00000000,0000
667,00,00000000,00000000,0,00000000,0000
668,01,10111011,10111010,1,00000110,1001
669,00,00000000,00000000,0,00000000,0000
670,00,00000000,00000000,0,00000000,0000
671,00,00000000,00000000,0,00000000,0000
672,00,00000000,00000000,0,00000000,0000
673,00,00000000,00000000,0,00000000,0000
674,01,10111111,10111110,1,00000110,1001
675,00,00000000,00000000,0,00000000,0000
676,00,00000000,00000000,0,00000000,0000
677,00,00000000,00000000,0,00000000,0000
678,00,00000000,00000000,0,00000000,0000
679,00,00000000,00000000,0,00000000,0000
680,01,11000011,11000010,1,00000110,1001
681,00,00000000,00000000,0,00000000,0000
682,00,00000000,00000000,0,00000000,0000
683,00,00000000,00000000,0,00000000,0000
684,00,00000000,00000000,0,00000000,0000
685,00,00000000,00000000,0,00000000,0000
686,01,11000111,11000110,1,00000110,1001
687,00,00000000,00000000,0,00000000,0000
688,00,00000000,00000000,0,00000000,0000
689,00,00000000,00000000,0,00000000,0000
690,00,00000000,00000000,0,00000000,0000
691,00,00000000,00000000,0,00000000,0000
692,01,11001011,11001010,1,00000110,1001
693,00,00000000,00000000,0,00000000,0000
694,00,00000000,00000000,0,00000000,0000
695,00,00000000,00000000,0,00000000,0000
696,00,00000000,00000000,0,00000000,0000
697,00,00000000,00000000,0,00000000,0000
698,01,11001111,11001110,1,00000110,1001
699,00,00000000,00000000,0,00000000,0000
700,00,00000000,00000000,0,00000000,0000
701,00,00000000,00000000,0,00000000,0000
702,00,00000000,00000000,0,00000000,0000
703,00,00000000,00000000,0,00000000,0000
704,01,11010011,11010010,1,00000110,1001
705,00,00000000,00000000,0,00000000,0000
706,00,00000000,00000000,0,00000000,0000
707,00,00000000,00000000,0,00000000,0000
708,00,00000000,00000000,0,00000000,0000
709,00,00000000,00000000,0,00000000,0000
710,01,11010111,11010110,1,00000110,1001
711,00,00000000,00000000,0,00000000,0000
712,00,00000000,00000000,0,00000000,0000
713,00,00000000,00000000,0,00000000,0000
714,00,00000000,00000000,0,00000000,0000
715,00,00000000,00000000,0,00000000,0000
716,01,11011011,11011010,1,00000110,1001
717,00,00000000,00000000,0,00000000,0000
718,00,00000000,00000000,0,00000000,0000
719,00,00000000,00000000,0,00000000,0000
720,00,00000000,00000000,0,00000000,0000
721,00,00000000,00000000,0,00000000,0000
722,01,11011111,11011110,1,00000110,1001
723,00,00000000,00000000,0,00000000,0000
724,00,00000000,00000000,0,00000000,0000
725,00,00000000,00000000,0,00000000,0000
726,00,00000000,00000000,0,00000000,0000
727,00,00000000,00000000,0,00000000,0000
728,01,11100011,11100010,1,00000110,1001
729,00,00000000,00000000,0,00000000,0000
730,00,00000000,00000000,0,00000000,0000
731,00,00000000,00000000,0,00000000,0000
732,00,00000000,00000000,0,00000000,0000
733,00,00000000,00000000,0,00000000,0000
734,01,11100111,11100110,1,00000110,1001
735,00,00000000,00000000,0,00000000,0000
736,00,00000000,00000000,0,00000000,0000
737,00,00000000,00000000,0,00000000,0000
738,00,00000000,00000000,0,00000000,0000
739,00,00000000,00000000,0,00000000,0000
740,01,11101011,11101010,1,00000110,1001
741,00,00000000,00000000,0,00000000,0000
742,00,00000000,00000000,0,00000000,0000
743,00,00000000,00000000,0,00000000,0000
744,00,00000000,00000000,0,00000000,0000
745,00,00000000,00000000,0,00000000,0000
746,01,11101111,11101110,1,00000110,1001
747,00,00000000,00000000,0,00000000,0000
748,00,00000000,00000000,0,00000000,0000
749,00,00000000,00000000,0,00000000,0000
750,00,00000000,00000000,0,00000000,0000
751,00,00000000,00000000,0,00000000,0000
752,01,11110011,11110010,1,00000110,1001
753,00,00000000,00000000,0,00000000,0000
754,00,00000000,00000000,0,00000000,0000
755,00,00000000,00000000,0,00000000,0000
756,00,00000000,00000000,0,00000000,0000
757,00,00000000,00000000,0,00000000,0000
758,01,11110111,11110110,1,00000110,1001
759,00,00000000,00000000,0,00000000,0000
760,00,00000000,00000000,0,00000000,0000
761,00,00000000,00000000,0,00000000,0000
762,00,00000000,00000000,0,00000000,0000
763,00,00000000,00000000,0,00000000,0000
764,01,11111011,11111010,1,00000110,1001
765,00,00000000,00000000,0,00000000,0000
766,00,00000000,00000000,0,00000000,0000
767,00,00000000,00000000,0,00000000,0000
768,00,00000000,00000000,0,00000000,0000
769,00,00000000,00000000,0,00000000,0000
770,01,11111111,11111110,1,00000110,1001
771,00,00000000,00000000,0,00000000,0000
772,00,00000000,00000000,0,00000000,0000
773,00,00000000,00000000,0,00000000,0000
774,00,00000000,00000000,0,00000000,0000
775,00,00000000,00000000,0,00000000,0000
776,01,00000001,00000000,1,00000110,0001
777,00,00000000,00000000,0,00000000,0000
778,00,00000000,00000000,0,00000000,0000
779,00,00000000,00000000,0,00000000,0000
780,00,00000000,00000000,0,00000000,0000
781,00,00000000,00000000,0,00000000,0000
782,01,00000101,00000100,1,00000110,0001
783,00,00000000,00000000,0,00000000,0000
784,00,00000000,00000000,0,00000000,0000
785,00,00000000,00000000,0,00000000,0000
786,00,00000000,00000000,0,00000000,0000
787,00,00000000,00000000,0,00000000,0000
788,01,00001001,00001000,1,00000110,0001
789,00,00000000,00000000,0,00000000,0000
790,00,00000000,00000000,0,00000000,0000
791,00,00000000,00000000,0,00000000,0000
792,00,00000000,00000000,0,00000000,0000
793,00,00000000,00000000,0,00000000,0000
794,01,00001101,00001100,1,00000110,0001
795,00,00000000,00000000,0,00000000,0000
796,00,00000000,00000000,0,00000000,0000
797,00,00000000,00000000,0,00000000,0000
798,00,00000000,00000000,0,00000000,0000
799,00,00000000,00000000,0,00000000,0000
800,01,00010001,00010000,1,00000110,0001
801,00,00000000,00000000,0,00000000,0000
802,00,00000000,00000000,0,00000000,0000
803,00,00000000,00000000,0,00000000,0000
804,00,00000000,00000000,0,00000000,0000
805,00,00000000,00000000,0,00000000,0000
806,01,00010101,00010100,1,00000110,0001
807,00,00000000,00000000,0,00000000,0000
808,00,00000000,00000000,0,00000000,0000
809,00,00000000,00000000,0,00000000,0000
810,00,00000000,00000000,0,00000000,0000
811,00,00000000,00000000,0,00000000,0000
812,01,00011001,00011000,1,00000110,0001
813,00,00000000,00000000,0,00000000,0000
814,00,00000000,00000000,0,00000000,0000
815,00,00000000,00000000,0,00000000,0000
816,00,00000000,00000000,0,00000000,0000
817,00,00000000,00000000,0,00000000,0000
818,01,00011101,00011100,1,00000110,0001
819,00,00000000,00000000,0,00000000,0000
820,00,00000000,00000000,0,00000000,0000
821,00,00000000,00000000,0,00000000,0000
822,00,00000000,00000000,0,00000000,0000
823,00,00000000,00000000,0,00000000,0000
824,01,00100001,00100000,1,00000110,0001
825,00,00000000,00000000,0,00000000,0000
826,00,00000000,00000000,0,00000000,0000
827,00,00000000,00000000,0,00000000,0000
828,00,00000000,00000000,0,00000000,0000
829,00,00000000,00000000,0,00000000,0000
830,01,00100101,00100100,1,00000110,0001
831,00,00000000,00000000,0,00000000,0000
832,00,00000000,00000000,0,00000000,0000
833,00,00000000,00000000,0,00000000,0000
834,00,00000000,00000000,0,00000000,0000
835,00,00000000,00000000,0,00000000,0000
836,01,00101001,00101000,1,00000110,0001
837,00,00000000,00000000,0,00000000,0000
838,00,00000000,00000000,0,00000000,0000
839,00,00000000,00000000,0,00000000,0000
840,00,00000000,00000000,0,00000000,0000
841,00,00000000,00000000,0,00000000,0000
842,01,00101101,00101100,1,00000110,0001
843,00,00000000,00000000,0,00000000,0000
844,00,00000000,00000000,0,00000000,0000
845,00,00000000,00000000,0,00000000,0000
846,00,00000000,00000000,0,00000000,0000
847,00,00000000,00000000,0,00000000,0000
848,01,00110001,00110000,1,00000110,0001
849,00,00000000,00000000,0,00000000,0000
850,00,00000000,00000000,0,00000000,0000
851,00,00000000,00000000,0,00000000,0000
852,00,00000000,00000000,0,00000000,0000
853,00,00000000,00000000,0,00000000,0000
854,01,00110101,00110100,1,00000110,0001
855,00,00000000,00000000,0,00000000,0000
856,00,00000000,00000000,0,00000000,0000
857,00,00000000,00000000,0,00000000,0000
858,00,00000000,00000000,0,00000000,0000
859,00,00000000,00000000,0,00000000,0000
860,01,00111001,00111000,1,00000110,0001
861,00,00000000,00000000,0,00000000,0000
862,00,00000000,00000000,0,00000000,0000
863,00,00000000,00000000,0,00000000,0000
864,00,00000000,00000000,0,00000000,0000
865,00,00000000,00000000,0,00000000,0000
866,01,00111101,00111100,1,00000110,0001
867,00,00000000,00000000,0,00000000,0000
868,00,00000000,00000000,0,00000000,0000
869,00,00000000,00000000,0,00000000,0000
870,00,00000000,00000000,0,00000000,0000
871,00,00000000,00000000,0,00000000,0000
872,01,01000001,01000000,1,00000110,0001
873,00,00000000,00000000,0,00000000,0000
874,00,00000000,00000000,0,00000000,0000
875,00,00000000,00000000,0,00000000,0000
876,00,00000000,00000000,0,00000000,0000
877,00,00000000,00000000,0,00000000,0000
878,01,01000101,01000100,1,00000110,0001
879,00,00000000,00000000,0,00000000,0000
880,00,00000000,00000000,0,00000000,0000
881,00,00000000,00000000,0,00000000,0000
882,00,00000000,00000000,0,00000000,0000
883,00,00000000,00000000,0,00000000,0000
884,01,01001001,01001000,1,00000110,0001
885,00,00000000,00000000,0,00000000,0000
886,00,00000000,00000000,0,00000000,0000
887,00,00000000,00000000,0,00000000,0000
888,00,00000000,00000000,0,00000000,0000
889,00,00000000,00000000,0,00000000,0000
890,01,01001101,01001100,1,00000110,0001
891,00,00000000,00000000,0,00000000,0000
892,00,00000000,00000000,0,00000000,0000
893,00,00000000,00000000,0,00000000,0000
894,00,00000000,00000000,0,00000000,0000
895,00,00000000,00000000,0,00000000,0000
896,01,01010001,01010000,1,00000110,0001
897,00,00000000,00000000,0,00000000,0000
898,00,00000000,00000000,0,00000000,0000
899,00,00000000,00000000,0,00000000,0000
900,00,00000000,00000000,0,00000000,0000
901,00,00000000,00000000,0,00000000,0000
902,01,01010101,01010100,1,00000110,0001
903,00,00000000,00000000,0,00000000,0000
904,00,00000000,00000000,0,00000000,0000
905,00,00000000,00000000,0,00000000,0000
906,00,00000000,00000000,0,00000000,0000
907,00,00000000,00000000,0,00000000,0000
908,01,01011001,01011000,1,00000110,0001
909,00,00000000,00000000,0,00000000,0000
910,00,00000000,00000000,0,00000000,0000
911,00,00000000,00000000,0,00000000,0000
912,00,00000000,00000000,0,00000000,0000
913,00,00000000,00000000,0,00000000,0000
914,01,01011101,01011100,1,00000110,0001
915,00,00000000,00000000,0,00000000,0000
916,00,00000000,00000000,0,00000000,0000
917,00,00000000,00000000,0,00000000,0000
918,00,00000000,00000000,0,00000000,0000
919,00,00000000,00000000,0,00000000,0000
920,01,01100001,01100000,1,00000110,0001
921,00,00000000,00000000,0,00000000,0000
922,00,00000000,00000000,0,00000000,0000
923,00,00000000,00000000,0,00000000,0000
924,00,00000000,00000000,0,00000000,0000
925,00,00000000,00000000,0,00000000,0000
926,01,01100101,01100100,1,00000110,0001
927,00,00000000,00000000,0,00000000,0000
928,00,00000000,00000000,0,00000000,0000
929,00,00000000,00000000,0,00000000,0000
930,00,00000000,00000000,0,00000000,0000
931,00,00000000,00000000,0,00000000,0000
932,01,01101001,01101000,1,00000110,0001
933,00,00000000,00000000,0,00000000,0000
934,00,00000000,00000000,0,00000000,0000
935,00,00000000,00000000,0,00000000,0000
936,00,00000000,00000000,0,00000000,0000
937,00,00000000,00000000,0,00000000,0000
938,01,01101101,01101100,1,00000110,0001
939,00,00000000,00000000,0,00000000,0000
940,00,00000000,00000000,0,00000000,0000
941,00,00000000,00000000,0,00000000,0000
942,00,00000000,00000000,0,00000000,0000
943,00,00000000,00000000,0,00000000,0000
944,01,01110001,01110000,1,00000110,0001
945,00,00000000,00000000,0,00000000,0000
946,00,00000000,00000000,0,00000000,0000
947,00,00000000,00000000,0,00000000,0000
948,00,00000000,00000000,0,00000000,0000
949,00,00000000,00000000,0,00000000,0000
950,01,01110101,01110100,1,00000110,0001
951,00,00000000,00000000,0,00000000,0000
952,00,00000000,00000000,0,00000000,0000
953,00,00000000,00000000,0,00000000,0000
954,00,00000000,00000000,0,00000000,0000
955,00,00000000,00000000,0,00000000,0000
956,01,01111001,01111000,1,00000110,0001
957,00,00000000,00000000,0,00000000,0000
958,00,00000000,00000000,0,00000000,0000
959,00,00000000,00000000,0,00000000,0000
960,00,00000000,00000000,0,00000000,0000
961,00,00000000,00000000,0,00000000,0000
962,01,01111101,01111100,1,00000110,0001
963,00,00000000,00000000,0,00000000,0000
964,00,00000000,00000000,0,00000000,0000
965,00,00000000,00000000,0,00000000,0000
966,00,00000000,00000000,0,00000000,0000
967,00,00000000,00000000,0,00000000,0000
968,01,10000001,10000000,1,00000110,0001
969,00,00000000,00000000,0,00000000,0000
970,00,00000000,00000000,0,00000000,0000
971,00,00000000,00000000,0,00000000,0000
972,00,00000000,00000000,0,00000000,0000
973,00,00000000,00000000,0,00000000,0000
974,01,10000101,10000100,1,00000110,0001
975,00,00000000,00000000,0,00000000,0000
976,00,00000000,00000000,0,00000000,0000
977,00,00000000,00000000,0,00000000,0000
978,00,00000000,00000000,0,00000000,0000
979,00,00000000,00000000,0,00000000,0000
980,01,10001001,10001000,1,00000110,0001
981,00,00000000,00000000,0,00000000,0000
982,00,00000000,00000000,0,00000000,0000
983,00,00000000,00000000,0,00000000,0000
984,00,00000000,00000000,0,00000000,0000
985,00,00000000,00000000,0,00000000,0000
986,01,10001101,10001100,1,00000110,0001
987,00,00000000,00000000,0,00000000,0000
988,00,00000000,00000000,0,00000000,0000
989,00,00000000,00000000,0,00000000,0000
990,00,00000000,00000000,0,00000000,0000
991,00,00000000,00000000,0,00000000,0000
992,01,10010001,10010000,1,00000110,0001
993,00,00000000,00000000,0,00000000,0000
994,00,00000000,00000000,0,00000000,0000
995,00,00000000,00000000,0,00000000,0000
996,00,00000000,00000000,0,00000000,0000
997,00,00000000,00000000,0,00000000,0000
998,01,10010101,10010100,1,00000110,0001
999,00,00000000,00000000,0,00000000,0000
1000,00,00000000,00000000,0,00000000,0000
1001,00,00000000,00000000,0,00000000,0000
1002,00,00000000,00000000,0,00000000,0000
1003,00,00000000,00000000,0,00000000,0000
1004,01,10011001,10011000,1,00000110,0001
1005,00,00000000,00000000,0,00000000,0000
1006,00,00000000,00000000,0,00000000,0000
1007,00,00000000,00000000,0,00000000,0000
1008,00,00000000,00000000,0,00000000,0000
1009,00,00000000,00000000,0,00000000,0000
1010,01,10011101,10011100,1,00000110,0001
1011,00,00000000,00000000,0,00000000,0000
1012,00,00000000,00000000,0,00000000,0000
1013,00,00000000,00000000,0,00000000,0000
1014,00,00000000,00000000,0,00000000,0000
1015,00,00000000,00000000,0,00000000,0000
1016,01,10100001,10100000,1,00000110,0001
1017,00,00000000,00000000,0,00000000,0000
1018,00,00000000,00000000,0,00000000,0000
1019,00,00000000,00000000,0,00000000,0000
1020,00,00000000,00000000,0,00000000,0000
1021,00,00000000,00000000,0,00000000,0000
1022,01,10100101,10100100,1,00000110,0001
1023,00,00000000,00000000,0,00000000,0000
1024,00,00000000,00000000,0,00000000,0000
1025,00,00000000,00000000,0,00000000,0000
1026,00,00000000,00000000,0,00000000,0000
1027,00,00000000,00000000,0,00000000,0000
1028,01,10101001,10101000,1,00000110,0001
1029,00,00000000,00000000,0,00000000,0000
1030,00,00000000,00000000,0,00000000,0000
1031,00,00000000,00000000,0,00000000,0000
1032,00,00000000,00000000,0,00000000,0000
1033,00,00000000,00000000,0,00000000,0000
1034,01,10101101,10101100,1,00000110,0001
1035,00,00000000,00000000,0,00000000,0000
1036,00,00000000,00000000,0,00000000,0000
1037,00,00000000,00000000,0,00000000,0000
1038,00,00000000,00000000,0,00000000,0000
1039,00,00000000,00000000,0,00000000,0000
1040,01,10110001,10110000,1,00000110,0001
1041,00,00000000,00000000,0,00000000,0000
1042,00,00000000,00000000,0,00000000,0000
1043,00,00000000,00000000,0,00000000,0000
1044,00,00000000,00000000,0,00000000,0000
1045,00,00000000,00000000,0,00000000,0000
1046,01,10110101,10110100,1,00000110,0001
1047,00,00000000,00000000,0,00000000,0000
1048,00,00000000,00000000,0,00000000,0000
1049,00,00000000,00000000,0,00000000,0000
1050,00,00000000,00000000,0,00000000,0000
1051,00,00000000,00000000,0,00000000,0000
1052,01,10111001,10111000,1,00000110,0001
1053,00,00000000,00000000,0,00000000,0000
1054,00,00000000,00000000,0,00000000,0000
1055,00,00000000,00000000,0,00000000,0000
1056,00,00000000,00000000,0,00000000,0000
1057,00,00000000,00000000,0,00000000,0000
1058,01,10111101,10111100,1,00000110,0001
1059,00,00000000,00000000,0,00000000,0000
1060,00,00000000,00000000,0,00000000,0000
1061,00,00000000,00000000,0,00000000,0000
1062,00,00000000,00000000,0,00000000,0000
1063,00,00000000,00000000,0,00000000,0000
1064,01,11000001,11000000,1,00000110,0001
1065,00,00000000,00000000,0,00000000,0000
1066,00,00000000,00000000,0,00000000,0000
1067,00,00000000,00000000,0,00000000,0000
1068,00,00000000,00000000,0,00000000,0000
1069,00,00000000,00000000,0,00000000,0000
1070,01,11000101,11000100,1,00000110,0001
1071,00,00000000,00000000,0,00000000,0000
1072,00,00000000,00000000,0,00000000,0000
1073,00,00000000,00000000,0,00000000,0000
1074,00,00000000,00000000,0,00000000,0000
1075,00,00000000,00000000,0,00000000,0000
1076,01,11001001,11001000,1,00000110,0001
1077,00,00000000,00000000,0,00000000,0000
1078,00,00000000,00000000,0,00000000,0000
1079,00,00000000,00000000,0,00000000,0000
1080,00,00000000,00000000,0,00000000,0000
1081,00,00000000,00000000,0,00000000,0000
1082,01,11001101,11001100,1,00000110,0001
1083,00,00000000,00000000,0,00000000,0000
1084,00,00000000,00000000,0,00000000,0000
1085,00,00000000,00000000,0,00000000,0000
1086,00,00000000,00000000,0,00000000,0000
1087,00,00000000,00000000,0,00000000,0000
1088,01,11010001,11010000,1,00000110,0001
1089,00,00000000,00000000,0,00000000,0000
1090,00,00000000,00000000,0,00000000,0000
1091,00,00000000,00000000,0,00000000,0000
1092,00,00000000,00000000,0,00000000,0000
1093,00,00000000,00000000,0,00000000,0000
1094,01,11010101,11010100,1,00000110,0001
1095,00,00000000,00000000,0,00000000,0000
1096,00,00000000,00000000,0,00000000,0000
1097,00,00000000,00000000,0,00000000,0000
1098,00,00000000,00000000,0,00000000,0000
1099,00,00000000,00000000,0,00000000,0000
1100,01,11011001,11011000,1,00000110,0001
1101,00,00000000,00000000,0,00000000,0000
1102,00,00000000,00000000,0,00000000,0000
1103,00,00000000,00000000,0,00000000,0000
1104,00,00000000,00000000,0,00000000,0000
1105,00,00000000,00000000,0,00000000,0000
1106,01,11011101,11011100,1,00000110,0001
1107,00,00000000,00000000,0,00000000,0000
1108,00,00000000,00000000,0,00000000,0000
1109,00,00000000,00000000,0,00000000,0000
1110,00,00000000,00000000,0,00000000,0000
1111,00,00000000,00000000,0,00000000,0000
1112,01,11100001,11100000,1,00000110,0001
1113,00,00000000,00000000,0,00000000,0000
1114,00,00000000,00000000,0,00000000,0000
1115,00,00000000,00000000,0,00000000,0000
1116,00,00000000,00000000,0,00000000,0000
1117,00,00000000,00000000,0,00000000,0000
1118,01,11100101,11100100,1,00000110,0001
1119,00,00000000,00000000,0,00000000,0000
1120,00,00000000,00000000,0,00000000,0000
1121,00,00000000,00000000,0,00000000,0000
1122,00,00000000,00000000,0,00000000,0000
1123,00,00000000,00000000,0,00000000,0000
1124,01,11101001,11101000,1,00000110,0001
1125,00,00000000,00000000,0,00000000,0000
1126,00,00000000,00000000,0,00000000,0000
1127,00,00000000,00000000,0,00000000,0000
1128,00,00000000,00000000,0,00000000,0000
1129,00,00000000,00000000,0,00000000,0000
1130,01,11101101,11101100,1,00000110,0001
1131,00,00000000,00000000,0,00000000,0000
1132,00,00000000,00000000,0,00000000,0000
1133,00,00000000,00000000,0,00000000,0000
1134,00,00000000,00000000,0,00000000,0000
1135,00,00000000,00000000,0,00000000,0000
1136,01,11110001,11110000,1,00000110,0001
1137,00,00000000,00000000,0,00000000,0000
1138,00,00000000,00000000,0,00000000,0000
1139,00,00000000,00000000,0,00000000,0000
1140,00,00000000,00000000,0,00000000,0000
1141,00,00000000,00000000,0,00000000,0000
1142,01,11110101,11110100,1,00000110,0001
1143,00,00000000,00000000,0,00000000,0000
1144,00,00000000,00000000,0,00000000,0000
1145,00,00000000,00000000,0,00000000,0000
1146,00,00000000,00000000,0,00000000,0000
1147,00,00000000,00000000,0,00000000,0000
1148,01,11111001,11111000,1,00000110,0001
1149,00,00000000,00000000,0,00000000,0000
1150,00,00000000,00000000,0,00000000,0000
1151,00,00000000,00000000,0,00000000,0000
1152,00,00000000,00000000,0,00000000,0000
1153,00,00000000,00000000,0,00000000,0000
1154,01,11111101,11111100,1,00000110,0001
1155,00,00000000,00000000,0,00000000,0000
1156,00,00000000,00000000,0,00000000,0000
1157,00,00000000,00000000,0,00000000,0000
1158,00,00000000,00000000,0,00000000,0000
1159,00,00000000,00000000,0,00000000,0000
1160,00,00000000,00000000,0,00000000,0000
1161,00,00000000,00000000,0,00000000,0000
1162,00,00000000,00000000,0,00000000,0000
1163,00,00000000,00000000,0,00000000,0000
1164,00,00000000,00000000,0,00000000,0000
1165,01,00000011,00000010,1,00000110,1001
1166,00,00000000,00000000,0,00000000,0000
1167,00,00000000,00000000,0,00000000,0000
1168,00,00000000,00000000,0,00000000,0000
1169,00,00000000,00000000,0,00000000,0000
1170,00,00000000,00000000,0,00000000,0000
1171,01,00000111,00000110,1,00000110,1001
1172,00,00000000,00000000,0,00000000,0000
1173,00,00000000,00000000,0,00000000,0000
1174,00,00000000,00000000,0,00000000,0000
1175,00,00000000,00000000,0,00000000,0000
1176,00,00000000,00000000,0,00000000,0000
1177,01,00001011,00001010,1,00000110,1001
1178,00,00000000,00000000,0,00000000,0000
1179,00,00000000,00000000,0,00000000,0000
1180,00,00000000,00000000,0,00000000,0000
1181,00,00000000,00000000,0,00000000,0000
1182,00,00000000,00000000,0,00000000,0000
1183,01,00001111,00001110,1,00000110,1001
1184,00,00000000,00000000,0,00000000,0000
1185,00,00000000,00000000,0,00000000,0000
1186,00,00000000,00000000,0,00000000,0000
1187,00,00000000,00000000,0,00000000,0000
1188,00,00000000,00000000,0,00000000,0000
1189,01,00010011,00010010,1,00000110,1001
1190,00,00000000,00000000,0,00000000,0000
1191,00,00000000,00000000,0,00000000,0000
1192,00,00000000,00000000,0,00000000,0000
1193,00,00000000,00000000,0,00000000,0000
1194,00,00000000,00000000,0,00000000,0000
1195,01,00010111,00010110,1,00000110,1001
1196,00,00000000,00000000,0,00000000,0000
1197,00,00000000,00000000,0,00000000,0000
1198,00,00000000,00000000,0,00000000,0000
1199,00,00000000,00000000,0,00000000,0000
1200,00,00000000,00000000,0,00000000,0000
1201,01,00011011,00011010,1,00000110,1001
1202,00,00000000,00000000,0,00000000,0000
1203,00,00000000,00000000,0,00000000,0000
1204,00,00000000,00000000,0,00000000,0000
1205,00,00000000,00000000,0,00000000,0000
1206,00,00000000,00000000,0,00000000,0000
1207,01,00011111,00011110,1,00000110,1001
1208,00,00000000,00000000,0,00000000,0000
1209,00,00000000,00000000,0,00000000,0000
1210,00,00000000,00000000,0,00000000,0000
1211,00,00000000,00000000,0,00000000,0000
1212,00,00000000,00000000,0,00000000,0000
1213,01,00100011,00100010,1,00000110,1001
1214,00,00000000,00000000,0,00000000,0000
1215,00,00000000,00000000,0,00000000,0000
1216,00,00000000,00000000,0,00000000,0000
1217,00,00000000,00000000,0,00000000,0000
1218,00,00000000,00000000,0,00000000,0000
1219,01,00100111,00100110,1,00000110,1001
1220,00,00000000,00000000,0,00000000,0000
1221,00,00000000,00000000,0,00000000,0000
1222,00,00000000,00000000,0,00000000,0000
1223,00,00000000,00000000,0,00000000,0000
1224,00,00000000,00000000,0,00000000,0000
1225,01,00101011,00101010,1,00000110,1001
1226,00,00000000,00000000,0,00000000,0000
1227,00,00000000,00000000,0,00000000,0000
1228,00,00000000,00000000,0,00000000,0000
1229,00,00000000,00000000,0,00000000,0000
1230,00,00000000,00000000,0,00000000,0000
1231,01,00101111,00101110,1,00000110,1001
1232,00,00000000,00000000,0,00000000,0000
1233,00,00000000,00000000,0,00000000,0000
1234,00,00000000,00000000,0,00000000,0000
1235,00,00000000,00000000,0,00000000,0000
1236,00,00000000,00000000,0,00000000,0000
1237,01,00110011,00110010,1,00000110,1001
1238,00,00000000,00000000,0,00000000,0000
1239,00,00000000,00000000,0,00000000,0000
1240,00,00000000,00000000,0,00000000,0000
1241,00,00000000,00000000,0,00000000,0000
1242,00,00000000,00000000,0,00000000,0000
1243,01,00110111,00110110,1,00000110,1001
1244,00,00000000,00000000,0,00000000,0000
1245,00,00000000,00000000,0,00000000,0000
1246,00,00000000,00000000,0,00000000,0000
1247,00,00000000,00000000,0,00000000,0000
1248,00,00000000,00000000,0,00000000,0000
1249,01,00111011,00111010,1,00000110,1001
1250,00,00000000,00000000,0,00000000,0000
1251,00,00000000,00000000,0,00000000,0000
1252,00,00000000,00000000,0,00000000,0000
1253,00,00000000,00000000,0,00000000,0000
1254,00,00000000,00000000,0,00000000,0000
1255,01,00111111,00111110,1,00000110,1001
1256,00,00000000,00000000,0,00000000,0000
1257,00,00000000,00000000,0,00000000,0000
1258,00,00000000,00000000,0,00000000,0000
1259,00,00000000,00000000,0,00000000,0000
1260,00,00000000,00000000,0,00000000,0000
1261,01,01000011,01000010,1,00000110,1001
1262,00,00000000,00000000,0,00000000,0000
1263,00,00000000,00000000,0,00000000,0000
1264,00,00000000,00000000,0,00000000,0000
1265,00,00000000,00000000,0,00000000,0000
1266,00,00000000,00000000,0,00000000,0000
1267,01,01000111,01000110,1,00000110,1001
1268,00,00000000,00000000,0,00000000,0000
1269,00,00000000,00000000,0,00000000,0000
1270,00,00000000,00000000,0,00000000,0000
1271,00,00000000,00000000,0,00000000,0000
1272,00,00000000,00000000,0,00000000,0000
1273,01,01001011,01001010,1,00000110,1001
1274,00,00000000,00000000,0,00000000,0000
1275,00,00000000,00000000,0,00000000,0000
1276,00,00000000,00000000,0,00000000,0000
1277,00,00000000,00000000,0,00000000,0000
1278,00,00000000,00000000,0,00000000,0000
1279,01,01001111,01001110,1,00000110,1001
1280,00,00000000,00000000,0,00000000,0000
1281,00,00000000,00000000,0,00000000,0000
1282,00,00000000,00000000,0,00000000,0000
1283,00,00000000,00000000,0,00000000,0000
1284,00,00000000,00000000,0,00000000,0000
1285,01,01010011,01010010,1,00000110,1001
1286,00,00000000,00000000,0,00000000,0000
1287,00,00000000,00000000,0,00000000,0000
1288,00,00000000,00000000,0,00000000,0000
1289,00,00000000,00000000,0,00000000,0000
1290,00,00000000,00000000,0,00000000,0000
1291,01,01010111,01010110,1,00000110,1001
1292,00,00000000,00000000,0,00000000,0000
1293,00,00000000,00000000,0,00000000,0000
1294,00,00000000,00000000,0,00000000,0000
1295,00,00000000,00000000,0,00000000,0000
1296,00,00000000,00000000,0,00000000,0000
1297,01,01011011,01011010,1,00000110,1001
1298,00,00000000,00000000,0,00000000,0000
1299,00,00000000,00000000,0,00000000,0000
1300,00,00000000,00000000,0,00000000,0000
1301,00,00000000,00000000,0,00000000,0000
1302,00,00000000,00000000,0,00000000,0000
1303,01,01011111,01011110,1,00000110,1001
1304,00,00000000,00000000,0,00000000,0000
1305,00,00000000,00000000,0,00000000,0000
1306,00,00000000,00000000,0,00000000,0000
1307,00,00000000,00000000,0,00000000,0000
1308,00,00000000,00000000,0,00000000,0000
1309,01,01100011,01100010,1,00000110,1001
1310,00,00000000,00000000,0,00000000,0000
1311,00,00000000,00000000,0,00000000,0000
1312,00,00000000,00000000,0,00000000,0000
1313,00,00000000,00000000,0,00000000,0000
1314,00,00000000,00000000,0,00000000,0000
1315,01,01100111,01100110,1,00000110,1001
1316,00,00000000,00000000,0,00000000,0000
1317,00,00000000,00000000,0,00000000,0000
1318,00,00000000,00000000,0,00000000,0000
1319,00,00000000,00000000,0,00000000,0000
1320,00,00000000,00000000,0,00000000,0000
1321,01,01101011,01101010,1,00000110,1001
1322,00,00000000,00000000,0,00000000,0000
1323,00,00000000,00000000,0,00000000,0000
1324,00,00000000,00000000,0,00000000,0000
1325,00,00000000,00000000,0,00000000,0000
1326,00,00000000,00000000,0,00000000,0000
1327,01,01101111,01101110,1,00000110,1001
1328,00,00000000,00000000,0,00000000,0000
1329,00,00000000,00000000,0,00000000,0000
1330,00,00000000,00000000,0,00000000,0000
1331,00,00000000,00000000,0,00000000,0000
1332,00,00000000,00000000,0,00000000,0000
1333,01,01110011,01110010,1,00000110,1001
1334,00,00000000,00000000,0,00000000,0000
1335,00,00000000,00000000,0,00000000,0000
1336,00,00000000,00000000,0,00000000,0000
1337,00,00000000,00000000,0,00000000,0000
1338,00,00000000,00000000,0,00000000,0000
1339,01,01110111,01110110,1,00000110,1001
1340,00,00000000,00000000,0,00000000,0000
1341,00,00000000,00000000,0,00000000,0000
1342,00,00000000,00000000,0,00000000,0000
1343,00,00000000,00000000,0,00000000,0000
1344,00,00000000,00000000,0,00000000,0000
1345,01,01111011,01111010,1,00000110,1001
1346,00,00000000,00000000,0,00000000,0000
1347,00,00000000,00000000,0,00000000,0000
1348,00,00000000,00000000,0,00000000,0000
1349,00,00000000,00000000,0,00000000,0000
1350,00,00000000,00000000,0,00000000,0000
1351,01,01111111,01111110,1,00000110,1001
1352,00,00000000,00000000,0,00000000,0000
1353,00,00000000,00000000,0,00000000,0000
1354,00,00000000,00000000,0,00000000,0000
1355,00,00000000,00000000,0,00000000,0000
1356,00,00000000,00000000,0,00000000,0000
1357,01,10000011,10000010,1,00000110,1001
1358,00,00000000,00000000,0,00000000,0000
1359,00,00000000,00000000,0,00000000,0000
1360,00,00000000,00000000,0,00000000,0000
1361,00,00000000,00000000,0,00000000,0000
1362,00,00000000,00000000,0,00000000,0000
1363,01,10000111,10000110,1,00000110,1001
1364,00,00000000,00000000,0,00000000,0000
1365,00,00000000,00000000,0,00000000,0000
1366,00,00000000,00000000,0,00000000,0000
1367,00,00000000,00000000,0,00000000,0000
1368,00,00000000,00000000,0,00000000,0000
1369,01,10001011,10001010,1,00000110,1001
1370,00,00000000,00000000,0,00000000,0000
1371,00,00000000,00000000,0,00000000,0000
1372,00,00000000,00000000,0,00000000,0000
1373,00,00000000,00000000,0,00000000,0000
1374,00,00000000,00000000,0,00000000,0000
1375,01,10001111,10001110,1,00000110,1001
1376,00,00000000,00000000,0,00000000,0000
1377,00,00000000,00000000,0,00000000,0000
1378,00,00000000,00000000,0,00000000,0000
1379,00,00000000,00000000,0,00000000,0000
1380,00,00000000,00000000,0,00000000,0000
1381,01,10010011,10010010,1,00000110,1001
1382,00,00000000,00000000,0,00000000,0000
1383,00,00000000,00000000,0,00000000,0000
1384,00,00000000,00000000,0,00000000,0000
1385,00,00000000,00000000,0,00000000,0000
1386,00,00000000,00000000,0,00000000,0000
1387,01,10010111,10010110,1,00000110,1001
1388,00,00000000,00000000,0,00000000,0000
1389,00,00000000,00000000,0,00000000,0000
1390,00,00000000,00000000,0,00000000,0000
1391,00,00000000,00000000,0,00000000,0000
1392,00,00000000,00000000,0,00000000,0000
1393,01,10011011,10011010,1,00000110,1001
1394,00,00000000,00000000,0,00000000,0000
1395,00,00000000,00000000,0,00000000,0000
1396,00,00000000,00000000,0,00000000,0000
1397,00,00000000,00000000,0,00000000,0000
1398,00,00000000,00000000,0,00000000,0000
1399,01,10011111,10011110,1,00000110,1001
1400,00,00000000,00000000,0,00000000,0000
1401,00,00000000,00000000,0,00000000,0000
1402,00,00000000,00000000,0,00000000,0000
1403,00,00000000,00000000,0,00000000,0000
1404,00,00000000,00000000,0,00000000,0000
1405,01,10100011,10100010,1,00000110,1001
1406,00,00000000,00000000,0,00000000,0000
1407,00,00000000,00000000,0,00000000,0000
1408,00,00000000,00000000,0,00000000,0000
1409,00,00000000,00000000,0,00000000,0000
1410,00,00000000,00000000,0,00000000,0000
1411,01,10100111,10100110,1,00000110,1001
1412,00,00000000,00000000,0,00000000,0000
1413,00,00000000,00000000,0,00000000,0000
1414,00,00000000,00000000,0,00000000,0000
1415,00,00000000,00000000,0,00000000,0000
1416,00,00000000,00000000,0,00000000,0000
1417,01,10101011,10101010,1,00000110,1001
1418,00,00000000,00000000,0,00000000,0000
1419,00,00000000,00000000,0,00000000,0000
1420,00,00000000,00000000,0,00000000,0000
1421,00,00000000,00000000,0,00000000,0000
1422,00,00000000,00000000,0,00000000,0000
1423,01,10101111,10101110,1,00000110,1001
1424,00,00000000,00000000,0,00000000,0000
1425,00,00000000,00000000,0,00000000,0000
1426,00,00000000,00000000,0,00000000,0000
1427,00,00000000,00000000,0,00000000,0000
1428,00,00000000,00000000,0,00000000,0000
1429,01,10110011,10110010,1,00000110,1001
1430,00,00000000,00000000,0,00000000,0000
1431,00,00000000,00000000,0,00000000,0000
1432,00,00000000,00000000,0,00000000,0000
1433,00,00000000,00000000,0,00000000,0000
1434,00,00000000,00000000,0,00000000,0000
1435,01,10110111,10110110,1,00000110,1001
1436,00,00000000,00000000,0,00000000,0000
1437,00,00000000,00000000,0,00000000,0000
1438,00,00000000,00000000,0,00000000,0000
1439,00,00000000,00000000,0,00000000,0000
1440,00,00000000,00000000,0,00000000,0000
1441,01,10111011,10111010,1,00000110,1001
1442,00,00000000,00000000,0,00000000,0000
1443,00,00000000,00000000,0,00000000,0000
1444,00,00000000,00000000,0,00000000,0000
1445,00,00000000,00000000,0,00000000,0000
1446,00,00000000,00000000,0,00000000,0000
1447,01,10111111,10111110,1,00000110,1001
1448,00,00000000,00000000,0,00000000,0000
1449,00,00000000,00000000,0,00000000,0000
1450,00,00000000,00000000,0,00000000,0000
1451,00,00000000,00000000,0,00000000,0000
1452,00,00000000,00000000,0,00000000,0000
1453,01,11000011,11000010,1,00000110,1001
1454,00,00000000,00000000,0,00000000,0000
1455,00,00000000,00000000,0,00000000,0000
1456,00,00000000,00000000,0,00000000,0000
1457,00,00000000,00000000,0,00000000,0000
1458,00,00000000,00000000,0,00000000,0000
1459,01,11000111,11000110,1,00000110,1001
1460,00,00000000,00000000,0,00000000,0000
1461,00,00000000,00000000,0,00000000,0000
1462,00,00000000,00000000,0,00000000,0000
1463,00,00000000,00000000,0,00000000,0000
1464,00,00000000,00000000,0,00000000,0000
1465,01,11001011,11001010,1,00000110,1001
1466,00,00000000,00000000,0,00000000,0000
1467,00,00000000,00000000,0,00000000,0000
1468,00,00000000,00000000,0,00000000,0000
1469,00,00000000,00000000,0,00000000,0000
1470,00,00000000,00000000,0,00000000,0000
1471,01,11001111,11001110,1,00000110,1001
1472,00,00000000,00000000,0,00000000,0000
1473,00,00000000,00000000,0,00000000,0000
1474,00,00000000,00000000,0,00000000,0000
1475,00,00000000,00000000,0,00000000,0000
1476,00,00000000,00000000,0,00000000,0000
1477,01,11010011,11010010,1,00000110,1001
1478,00,00000000,00000000,0,00000000,0000
1479,00,00000000,00000000,0,00000000,0000
1480,00,00000000,00000000,0,00000000,0000
1481,00,00000000,00000000,0,00000000,0000
1482,00,00000000,00000000,0,00000000,0000
1483,01,11010111,11010110,1,00000110,1001
1484,00,00000000,00000000,0,00000000,0000
1485,00,00000000,00000000,0,00000000,0000
1486,00,00000000,00000000,0,00000000,0000
1487,00,00000000,00000000,0,00000000,0000
1488,00,00000000,00000000,0,00000000,0000
1489,01,11011011,11011010,1,00000110,1001
1490,00,00000000,00000000,0,00000000,0000
1491,00,00000000,00000000,0,00000000,0000
1492,00,00000000,00000000,0,00000000,0000
1493,00,00000000,00000000,0,00000000,0000
1494,00,00000000,00000000,0,00000000,0000
1495,01,11011111,11011110,1,00000110,1001
1496,00,00000000,00000000,0,00000000,0000
1497,00,00000000,00000000,0,00000000,0000
1498,00,00000000,00000000,0,00000000,0000
1499,00,00000000,00000000,0,00000000,0000
1500,00,00000000,00000000,0,00000000,0000
1501,01,11100011,11100010,1,00000110,1001
1502,00,00000000,00000000,0,00000000,0000
1503,00,00000000,00000000,0,00000000,0000
1504,00,00000000,00000000,0,00000000,0000
1505,00,00000000,00000000,0,00000000,0000
1506,00,00000000,00000000,0,00000000,0000
1507,01,11100111,11100110,1,00000110,1001
1508,00,00000000,00000000,0,00000000,0000
1509,00,00000000,00000000,0,00000000,0000
1510,00,00000000,00000000,0,00000000,0000
1511,00,00000000,00000000,0,00000000,0000
1512,00,00000000,00000000,0,00000000,0000
1513,01,11101011,11101010,1,00000110,1001
1514,00,00000000,00000000,0,00000000,0000
1515,00,00000000,00000000,0,00000000,0000
1516,00,00000000,00000000,0,00000000,0000
1517,00,00000000,00000000,0,00000000,0000
1518,00,00000000,00000000,0,00000000,0000
1519,01,11101111,11101110,1,00000110,1001
1520,00,00000000,00000000,0,00000000,0000
1521,00,00000000,00000000,0,00000000,0000
1522,00,00000000,00000000,0,00000000,0000
1523,00,00000000,00000000,0,00000000,0000
1524,00,00000000,00000000,0,00000000,0000
1525,01,11110011,11110010,1,00000110,1001
1526,00,00000000,00000000,0,00000000,0000
1527,00,00000000,00000000,0,00000000,0000
1528,00,00000000,00000000,0,00000000,0000
1529,00,00000000,00000000,0,00000000,0000
1530,00,00000000,00000000,0,00000000,0000
1531,01,11110111,11110110,1,00000110,1001
1532,00,00000000,00000000,0,00000000,0000
1533,00,00000000,00000000,0,00000000,0000
1534,00,00000000,00000000,0,00000000,0000
1535,00,00000000,00000000,0,00000000,0000
1536,00,00000000,00000000,0,00000000,0000
1537,01,11111011,11111010,1,00000110,1001
1538,00,00000000,00000000,0,00000000,0000
1539,00,00000000,00000000,0,00000000,0000
1540,00,00000000,00000000,0,00000000,0000
1541,00,00000000,00000000,0,00000000,0000
1542,00,00000000,00000000,0,00000000,0000
1543,01,11111111,11111110,1,00000110,1001
1544,00,00000000,00000000,0,00000000,0000
1545,00,00000000,00000000,0,00000000,0000
1546,00,00000000,00000000,0,00000000,0000
1547,00,00000000,00000000,0,00000000,0000
1548,00,00000000,00000000,0,00000000,0000
1549,01,00000001,00000000,1,00000110,0001
1550,00,00000000,00000000,0,00000000,0000
1551,00,00000000,00000000,0,00000000,0000
1552,00,00000000,00000000,0,00000000,0000
1553,00,00000000,00000000,0,00000000,0000
1554,00,00000000,00000000,0,00000000,0000
1555,01,00000101,00000100,1,00000110,0001
1556,00,00000000,00000000,0,00000000,0000
1557,00,00000000,00000000,0,00000000,0000
1558,00,00000000,00000000,0,00000000,0000
1559,00,00000000,00000000,0,00000000,0000
1560,00,00000000,00000000,0,00000000,0000
1561,01,00001001,00001000,1,00000110,0001
1562,00,00000000,00000000,0,00000000,0000
1563,00,00000000,00000000,0,00000000,0000
1564,00,00000000,00000000,0,00000000,0000
1565,00,00000000,00000000,0,00000000,0000
1566,00,00000000,00000000,0,00000000,0000
1567,01,00001101,00001100,1,00000110,0001
1568,00,00000000,00000000,0,00000000,0000
1569,00,00000000,00000000,0,00000000,0000
1570,00,00000000,00000000,0,00000000,0000
1571,00,00000000,00000000,0,00000000,0000
1572,00,00000000,00000000,0,00000000,0000
1573,01,00010001,00010000,1,00000110,0001
1574,00,00000000,00000000,0,00000000,0000
1575,00,00000000,00000000,0,00000000,0000
1576,00,00000000,00000000,0,00000000,0000
1577,00,00000000,00000000,0,00000000,0000
1578,00,00000000,00000000,0,00000000,0000
1579,01,00010101,00010100,1,00000110,0001
1580,00,00000000,00000000,0,00000000,0000
1581,00,00000000,00000000,0,00000000,0000
1582,00,00000000,00000000,0,00000000,0000
1583,00,00000000,00000000,0,00000000,0000
1584,00,00000000,00000000,0,00000000,0000
1585,01,00011001,00011000,1,00000110,0001
1586,00,00000000,00000000,0,00000000,0000
1587,00,00000000,00000000,0,00000000,0000
1588,00,00000000,00000000,0,00000000,0000
1589,00,00000000,00000000,0,00000000,0000
1590,00,00000000,00000000,0,00000000,0000
1591,01,00011101,00011100,1,00000110,0001
1592,00,00000000,00000000,0,00000000,0000
1593,00,00000000,00000000,0,00000000,0000
1594,00,00000000,00000000,0,00000000,0000
1595,00,00000000,00000000,0,00000000,0000
1596,00,00000000,00000000,0,00000000,0000
1597,01,00100001,00100000,1,00000110,0001
1598,00,00000000,00000000,0,00000000,0000
1599,00,00000000,00000000,0,00000000,0000
1600,00,00000000,00000000,0,00000000,0000
1601,00,00000000,00000000,0,00000000,0000
1602,00,00000000,00000000,0,00000000,0000
1603,01,00100101,00100100,1,00000110,0001
1604,00,00000000,00000000,0,00000000,0000
1605,00,00000000,00000000,0,00000000,0000
1606,00,00000000,00000000,0,00000000,0000
1607,00,00000000,00000000,0,00000000,0000
1608,00,00000000,00000000,0,00000000,0000
1609,01,00101001,00101000,1,00000110,0001
1610,00,00000000,00000000,0,00000000,0000
1611,00,00000000,00000000,0,00000000,0000
1612,00,00000000,00000000,0,00000000,0000
1613,00,00000000,00000000,0,00000000,0000
1614,00,00000000,00000000,0,00000000,0000
1615,01,00101101,00101100,1,00000110,0001
1616,00,00000000,00000000,0,00000000,0000
1617,00,00000000,00000000,0,00000000,0000
1618,00,00000000,00000000,0,00000000,0000
1619,00,00000000,00000000,0,00000000,0000
1620,00,00000000,00000000,0,00000000,0000
1621,01,00110001,00110000,1,00000110,0001
1622,00,00000000,00000000,0,00000000,0000
1623,00,00000000,00000000,0,00000000,0000
1624,00,00000000,00000000,0,00000000,0000
1625,00,00000000,00000000,0,00000000,0000
1626,00,00000000,00000000,0,00000000,0000
1627,01,00110101,00110100,1,00000110,0001
1628,00,00000000,00000000,0,00000000,0000
1629,00,00000000,00000000,0,00000000,0000
1630,00,00000000,00000000,0,00000000,0000
1631,00,00000000,00000000,0,00000000,0000
1632,00,00000000,00000000,0,00000000,0000
1633,01,00111001,00111000,1,00000110,0001
1634,00,00000000,00000000,0,00000000,0000
1635,00,00000000,00000000,0,00000000,0000
1636,00,00000000,00000000,0,00000000,0000
1637,00,00000000,00000000,0,00000000,0000
1638,00,00000000,00000000,0,00000000,0000
1639,01,00111101,00111100,1,00000110,0001
1640,00,00000000,00000000,0,00000000,0000
1641,00,00000000,00000000,0,00000000,0000
1642,00,00000000,00000000,0,00000000,0000
1643,00,00000000,00000000,0,00000000,0000
1644,00,00000000,00000000,0,00000000,0000
1645,01,01000001,01000000,1,00000110,0001
1646,00,00000000,00000000,0,00000000,0000
1647,00,00000000,00000000,0,00000000,0000
1648,00,00000000,00000000,0,00000000,0000
1649,00,00000000,00000000,0,00000000,0000
1650,00,00000000,00000000,0,00000000,0000
1651,01,01000101,01000100,1,00000110,0001
1652,00,00000000,00000000,0,00000000,0000
1653,00,00000000,00000000,0,00000000,0000
1654,00,00000000,00000000,0,00000000,0000
1655,00,00000000,00000000,0,00000000,0000
1656,00,00000000,00000000,0,00000000,0000
1657,01,01001001,01001000,1,00000110,0001
1658,00,00000000,00000000,0,00000000,0000
1659,00,00000000,00000000,0,00000000,0000
1660,00,00000000,00000000,0,00000000,0000
1661,00,00000000,00000000,0,00000000,0000
1662,00,00000000,00000000,0,00000000,0000
1663,01,01001101,01001100,1,00000110,0001
1664,00,00000000,00000000,0,00000000,0000
1665,00,00000000,00000000,0,00000000,0000
1666,00,00000000,00000000,0,00000000,0000
1667,00,00000000,00000000,0,00000000,0000
1668,00,00000000,00000000,0,00000000,0000
1669,01,01010001,01010000,1,00000110,0001
1670,00,00000000,00000000,0,00000000,0000
1671,00,00000000,00000000,0,00000000,0000
1672,00,00000000,00000000,0,00000000,0000
1673,00,00000000,00000000,0,00000000,0000
1674,00,00000000,00000000,0,00000000,0000
1675,01,01010101,01010100,1,00000110,0001
1676,00,00000000,00000000,0,00000000,0000
1677,00,00000000,00000000,0,00000000,0000
1678,00,00000000,00000000,0,00000000,0000
1679,00,00000000,00000000,0,00000000,0000
1680,00,00000000,00000000,0,00000000,0000
1681,01,01011001,01011000,1,00000110,0001
1682,00,00000000,00000000,0,00000000,0000
1683,00,00000000,00000000,0,00000000,0000
1684,00,00000000,00000000,0,00000000,0000
1685,00,00000000,00000000,0,00000000,0000
1686,00,00000000,00000000,0,00000000,0000
1687,01,01011101,01011100,1,00000110,0001
1688,00,00000000,00000000,0,00000000,0000
1689,00,00000000,00000000,0,00000000,0000
1690,00,00000000,00000000,0,00000000,0000
1691,00,00000000,00000000,0,00000000,0000
1692,00,00000000,00000000,0,00000000,0000
1693,01,01100001,01100000,1,00000110,0001
1694,00,00000000,00000000,0,00000000,0000
1695,00,00000000,00000000,0,00000000,0000
1696,00,00000000,00000000,0,00000000,0000
1697,00,00000000,00000000,0,00000000,0000
1698,00,00000000,00000000,0,00000000,0000
1699,01,01100101,01100100,1,00000110,0001
1700,00,00000000,00000000,0,00000000,0000
1701,00,00000000,00000000,0,00000000,0000
1702,00,00000000,00000000,0,00000000,0000
1703,00,00000000,00000000,0,00000000,0000
1704,00,00000000,00000000,0,00000000,0000
1705,01,01101001,01101000,1,00000110,0001
1706,00,00000000,00000000,0,00000000,0000
1707,00,00000000,00000000,0,00000000,0000
1708,00,00000000,00000000,0,00000000,0000
1709,00,00000000,00000000,0,00000000,0000
1710,00,00000000,00000000,0,00000000,0000
1711,01,01101101,01101100,1,00000110,0001
1712,00,00000000,00000000,0,00000000,0000
1713,00,00000000,00000000,0,00000000,0000
1714,00,00000000,00000000,0,00000000,0000
1715,00,00000000,00000000,0,00000000,0000
1716,00,00000000,00000000,0,00000000,0000
1717,01,01110001,01110000,1,00000110,0001
1718,00,00000000,00000000,0,00000000,0000
1719,00,00000000,00000000,0,00000000,0000
1720,00,00000000,00000000,0,00000000,0000
1721,00,00000000,00000000,0,00000000,0000
1722,00,00000000,00000000,0,00000000,0000
1723,01,01110101,01110100,1,00000110,0001
1724,00,00000000,00000000,0,00000000,0000
1725,00,00000000,00000000,0,00000000,0000
1726,00,00000000,00000000,0,00000000,0000
1727,00,00000000,00000000,0,00000000,0000
1728,00,00000000,00000000,0,00000000,0000
1729,01,01111001,01111000,1,00000110,0001
1730,00,00000000,00000000,0,00000000,0000
1731,00,00000000,00000000,0,00000000,0000
1732,00,00000000,00000000,0,00000000,0000
1733,00,00000000,00000000,0,00000000,0000
1734,00,00000000,00000000,0,00000000,0000
1735,01,01111101,01111100,1,00000110,0001
1736,00,00000000,00000000,0,00000000,0000
1737,00,00000000,00000000,0,00000000,0000
1738,00,00000000,00000000,0,00000000,0000
1739,00,00000000,00000000,0,00000000,0000
1740,00,00000000,00000000,0,00000000,0000
1741,01,10000001,10000000,1,00000110,0001
1742,00,00000000,00000000,0,00000000,0000
1743,00,00000000,00000000,0,00000000,0000
1744,00,00000000,00000000,0,00000000,0000
1745,00,00000000,00000000,0,00000000,0000
1746,00,00000000,00000000,0,00000000,0000
1747,01,10000101,10000100,1,00000110,0001
1748,00,00000000,00000000,0,00000000,0000
1749,00,00000000,00000000,0,00000000,0000
1750,00,00000000,00000000,0,00000000,0000
1751,00,00000000,00000000,0,00000000,0000
1752,00,00000000,00000000,0,00000000,0000
1753,01,10001001,10001000,1,00000110,0001
1754,00,00000000,00000000,0,00000000,0000
1755,00,00000000,00000000,0,00000000,0000
1756,00,00000000,00000000,0,00000000,0000
1757,00,00000000,00000000,0,00000000,0000
1758,00,00000000,00000000,0,00000000,0000
1759,01,10001101,10001100,1,00000110,0001
1760,00,00000000,00000000,0,00000000,0000
1761,00,00000000,00000000,0,00000000,0000
1762,00,00000000,00000000,0,00000000,0000
1763,00,00000000,00000000,0,00000000,0000
1764,00,00000000,00000000,0,00000000,0000
1765,01,10010001,10010000,1,00000110,0001
1766,00,00000000,00000000,0,00000000,0000
1767,00,00000000,00000000,0,00000000,0000
1768,00,00000000,00000000,0,00000000,0000
1769,00,00000000,00000000,0,00000000,0000
1770,00,00000000,00000000,0,00000000,0000
1771,01,10010101,10010100,1,00000110,0001
1772,00,00000000,00000000,0,00000000,0000
1773,00,00000000,00000000,0,00000000,0000
1774,00,00000000,00000000,0,00000000,0000
1775,00,00000000,00000000,0,00000000,0000
1776,00,00000000,00000000,0,00000000,0000
1777,01,10011001,10011000,1,00000110,0001
1778,00,00000000,00000000,0,00000000,0000
1779,00,00000000,00000000,0,00000000,0000
1780,00,00000000,00000000,0,00000000,0000
1781,00,00000000,00000000,0,00000000,0000
1782,00,00000000,00000000,0,00000000,0000
1783,01,10011101,10011100,1,00000110,0001
1784,00,00000000,00000000,0,00000000,0000
1785,00,00000000,00000000,0,00000000,0000
1786,00,00000000,00000000,0,00000000,0000
1787,00,00000000,00000000,0,00000000,0000
1788,00,00000000,00000000,0,00000000,0000
1789,01,10100001,10100000,1,00000110,0001
1790,00,00000000,00000000,0,00000000,0000
1791,00,00000000,00000000,0,00000000,0000
1792,00,00000000,00000000,0,00000000,0000
1793,00,00000000,00000000,0,00000000,0000
1794,00,00000000,00000000,0,00000000,0000
1795,01,10100101,10100100,1,00000110,0001
1796,00,00000000,00000000,0,00000000,0000
1797,00,00000000,00000000,0,00000000,0000
1798,00,00000000,00000000,0,00000000,0000
1799,00,00000000,00000000,0,00000000,0000
1800,00,00000000,00000000,0,00000000,0000
1801,01,10101001,10101000,1,00000110,0001
1802,00,00000000,00000000,0,00000000,0000
1803,00,00000000,00000000,0,00000000,0000
1804,00,00000000,00000000,0,00000000,0000
1805,00,00000000,00000000,0,00000000,0000
1806,00,00000000,00000000,0,00000000,0000
1807,01,10101101,10101100,1,00000110,0001
1808,00,00000000,00000000,0,00000000,0000
1809,00,00000000,00000000,0,00000000,0000
1810,00,00000000,00000000,0,00000000,0000
1811,00,00000000,00000000,0,00000000,0000
1812,00,00000000,00000000,0,00000000,0000
1813,01,10110001,10110000,1,00000110,0001
1814,00,00000000,00000000,0,00000000,0000
1815,00,00000000,00000000,0,00000000,0000
1816,00,00000000,00000000,0,00000000,0000
1817,00,00000000,00000000,0,00000000,0000
1818,00,00000000,00000000,0,00000000,0000
1819,01,10110101,10110100,1,00000110,0001
1820,00,00000000,00000000,0,00000000,0000
1821,00,00000000,00000000,0,00000000,0000
1822,00,00000000,00000000,0,00000000,0000
1823,00,00000000,00000000,0,00000000,0000
1824,00,00000000,00000000,0,00000000,0000
1825,01,10111001,10111000,1,00000110,0001
1826,00,00000000,00000000,0,00000000,0000
1827,00,00000000,00000000,0,00000000,0000
1828,00,00000000,00000000,0,00000000,0000
1829,00,00000000,00000000,0,00000000,0000
1830,00,00000000,00000000,0,00000000,0000
1831,01,10111101,10111100,1,00000110,0001
1832,00,00000000,00000000,0,00000000,0000
1833,00,00000000,00000000,0,00000000,0000
1834,00,00000000,00000000,0,00000000,0000
1835,00,00000000,00000000,0,00000000,0000
1836,00,00000000,00000000,0,00000000,0000
1837,01,11000001,11000000,1,00000110,0001
1838,00,00000000,00000000,0,00000000,0000
1839,00,00000000,00000000,0,00000000,0000
1840,00,00000000,00000000,0,00000000,0000
1841,00,00000000,00000000,0,00000000,0000
1842,00,00000000,00000000,0,00000000,0000
1843,01,11000101,11000100,1,00000110,0001
1844,00,00000000,00000000,0,00000000,0000
1845,00,00000000,00000000,0,00000000,0000
1846,00,00000000,00000000,0,00000000,0000
1847,00,00000000,00000000,0,00000000,0000
1848,00,00000000,00000000,0,00000000,0000
1849,01,11001001,11001000,1,00000110,0001
1850,00,00000000,00000000,0,00000000,0000
1851,00,00000000,00000000,0,00000000,0000
1852,00,00000000,00000000,0,00000000,0000
1853,00,00000000,00000000,0,00000000,0000
1854,00,00000000,00000000,0,00000000,0000
1855,01,11001101,11001100,1,00000110,0001
1856,00,00000000,00000000,0,00000000,0000
1857,00,00000000,00000000,0,00000000,0000
1858,00,00000000,00000000,0,00000000,0000
1859,00,00000000,00000000,0,00000000,0000
1860,00,00000000,00000000,0,00000000,0000
1861,01,11010001,11010000,1,00000110,0001
1862,00,00000000,00000000,0,00000000,0000
1863,00,00000000,00000000,0,00000000,0000
1864,00,00000000,00000000,0,00000000,0000
1865,00,00000000,00000000,0,00000000,0000
1866,00,00000000,00000000,0,00000000,0000
1867,01,11010101,11010100,1,00000110,0001
1868,00,00000000,00000000,0,00000000,0000
1869,00,00000000,00000000,0,00000000,0000
1870,00,00000000,00000000,0,00000000,0000
1871,00,00000000,00000000,0,00000000,0000
1872,00,00000000,00000000,0,00000000,0000
1873,01,11011001,11011000,1,00000110,0001
1874,00,00000000,00000000,0,00000000,0000
1875,00,00000000,00000000,0,00000000,0000
1876,00,00000000,00000000,0,00000000,0000
1877,00,00000000,00000000,0,00000000,0000
1878,00,00000000,00000000,0,00000000,0000
1879,01,11011101,11011100,1,00000110,0001
1880,00,00000000,00000000,0,00000000,0000
1881,00,00000000,00000000,0,00000000,0000
1882,00,00000000,00000000,0,00000000,0000
1883,00,00000000,00000000,0,00000000,0000
1884,00,00000000,00000000,0,00000000,0000
1885,01,11100001,11100000,1,00000110,0001
1886,00,00000000,00000000,0,00000000,0000
1887,00,00000000,00000000,0,00000000,0000
1888,00,00000000,00000000,0,00000000,0000
1889,00,00000000,00000000,0,00000000,0000
1890,00,00000000,00000000,0,00000000,0000
1891,01,11100101,11100100,1,00000110,0001
1892,00,00000000,00000000,0,00000000,0000
1893,00,00000000,00000000,0,00000000,0000
1894,00,00000000,00000000,0,00000000,0000
1895,00,00000000,00000000,0,00000000,0000
1896,00,00000000,00000000,0,00000000,0000
1897,01,11101001,11101000,1,00000110,0001
1898,00,00000000,00000000,0,00000000,0000
1899,00,00000000,00000000,0,00000000,0000
1900,00,00000000,00000000,0,00000000,0000
1901,00,00000000,00000000,0,00000000,0000
1902,00,00000000,00000000,0,00000000,0000
1903,01,11101101,11101100,1,00000110,0001
1904,00,00000000,00000000,0,00000000,0000
1905,00,00000000,00000000,0,00000000,0000
1906,00,00000000,00000000,0,00000000,0000
1907,00,00000000,00000000,0,00000000,0000
1908,00,00000000,00000000,0,00000000,0000
1909,01,11110001,11110000,1,00000110,0001
1910,00,00000000,00000000,0,00000000,0000
1911,00,00000000,00000000,0,00000000,0000
1912,00,00000000,00000000,0,00000000,0000
1913,00,00000000,00000000,0,00000000,0000
1914,00,00000000,00000000,0,00000000,0000
1915,01,11110101,11110100,1,00000110,0001
1916,00,00000000,00000000,0,00000000,0000
1917,00,00000000,00000000,0,00000000,0000
1918,00,00000000,00000000,0,00000000,0000
1919,00,00000000,00000000,0,00000000,0000
1920,00,00000000,00000000,0,00000000,0000
1921,01,11111001,11111000,1,00000110,0001
1922,00,00000000,00000000,0,00000000,0000
1923,00,00000000,00000000,0,00000000,0000
1924,00,00000000,00000000,0,00000000,0000
1925,00,00000000,00000000,0,00000000,0000
1926,00,00000000,00000000,0,00000000,0000
1927,01,11111101,11111100,1,00000110,0001
1928,00,00000000,00000000,0,00000000,0000
1929,00,00000000,00000000,0,00000000,0000
1930,00,00000000,00000000,0,00000000,0000
1931,00,00000000,00000000,0,00000000,0000
1932,00,00000000,00000000,0,00000000,0000
1933,00,00000000,00000000,0,00000000,0000
1934,00,00000000,00000000,0,00000000,0000
1935,00,00000000,00000000,0,00000000,0000
1936,00,00000000,00000000,0,00000000,0000
1937,00,00000000,00000000,0,00000000,0000
1938,01,00000011,00000010,1,00000110,1001
1939,00,00000000,00000000,0,00000000,0000
1940,00,00000000,00000000,0,00000000,0000
1941,00,00000000,00000000,0,00000000,0000
1942,00,00000000,00000000,0,00000000,0000
1943,00,00000000,00000000,0,00000000,0000
1944,01,00000111,00000110,1,00000110,1001
1945,00,00000000,00000000,0,00000000,0000
1946,00,00000000,00000000,0,00000000,0000
1947,00,00000000,00000000,0,00000000,0000
1948,00,00000000,00000000,0,00000000,0000
1949,00,00000000,00000000,0,00000000,0000
1950,01,00001011,00001010,1,00000110,1001
1951,00,00000000,00000000,0,00000000,0000
1952,00,00000000,00000000,0,00000000,0000
1953,00,00000000,00000000,0,00000000,0000
1954,00,00000000,00000000,0,00000000,0000
1955,00,00000000,00000000,0,00000000,0000
1956,01,00001111,00001110,1,00000110,1001
1957,00,00000000,00000000,0,00000000,0000
1958,00,00000000,00000000,0,00000000,0000
1959,00,00000000,00000000,0,00000000,0000
1960,00,00000000,00000000,0,00000000,0000
1961,00,00000000,00000000,0,00000000,0000
1962,01,00010011,00010010,1,00000110,1001
1963,00,00000000,00000000,0,00000000,0000
1964,00,00000000,00000000,0,00000000,0000
1965,00,00000000,00000000,0,00000000,0000
1966,00,00000000,00000000,0,00000000,0000
1967,00,00000000,00000000,0,00000000,0000
1968,01,00010111,00010110,1,00000110,1001
1969,00,00000000,00000000,0,00000000,0000
1970,00,00000000,00000000,0,00000000,0000
1971,00,00000000,00000000,0,00000000,0000
1972,00,00000000,00000000,0,00000000,0000
1973,00,00000000,00000000,0,00000000,0000
1974,01,00011011,00011010,1,00000110,1001
1975,00,00000000,00000000,0,00000000,0000
1976,00,00000000,00000000,0,00000000,0000
1977,00,00000000,00000000,0,00000000,0000
1978,00,00000000,00000000,0,00000000,0000
1979,00,00000000,00000000,0,00000000,0000
1980,01,00011111,00011110,1,00000110,1001
1981,00,00000000,00000000,0,00000000,0000
1982,00,00000000,00000000,0,00000000,0000
1983,00,00000000,00000000,0,00000000,0000
1984,00,00000000,00000000,0,00000000,0000
1985,00,00000000,00000000,0,00000000,0000
1986,01,00100011,00100010,1,00000110,1001
1987,00,00000000,00000000,0,00000000,0000
1988,00,00000000,00000000,0,00000000,0000
1989,00,00000000,00000000,0,00000000,0000
1990,00,00000000,00000000,0,00000000,0000
1991,00,00000000,00000000,0,00000000,0000
1992,01,00100111,00100110,1,00000110,1001
1993,00,00000000,00000000,0,00000000,0000
1994,00,00000000,00000000,0,00000000,0000
1995,00,00000000,00000000,0,00000000,0000
1996,00,00000000,00000000,0,00000000,0000
1997,00,00000000,00000000,0,00000000,0000
1998,01,00101011,00101010,1,00000110,1001
1999,00,00000000,00000000,0,00000000,0000
2000,00,00000000,00000000,0,00000000,0000
2001,00,00000000,00000000,0,00000000,0000
2002,00,00000000,00000000,0,00000000,0000
2003,00,00000000,00000000,0,00000000,0000
2004,01,00101111,00101110,1,00000110,1001
2005,00,00000000,00000000,0,00000000,0000
2006,00,00000000,00000000,0,00000000,0000
2007,00,00000000,00000000,0,00000000,0000
2008,00,00000000,00000000,0,00000000,0000
2009,00,00000000,00000000,0,00000000,0000
2010,01,00110011,00110010,1,00000110,1001
2011,00,00000000,00000000,0,00000000,0000
2012,00,00000000,00000000,0,00000000,0000
2013,00,00000000,00000000,0,00000000,0000
2014,00,00000000,00000000,0,00000000,0000
2015,00,00000000,00000000,0,00000000,0000
2016,01,00110111,00110110,1,00000110,1001
2017,00,00000000,00000000,0,00000000,0000
2018,00,00000000,00000000,0,00000000,0000
2019,00,00000000,00000000,0,00000000,0000
2020,00,00000000,00000000,0,00000000,0000
2021,00,00000000,00000000,0,00000000,0000
2022,01,00111011,00111010,1,00000110,1001
2023,00,00000000,00000000,0,00000000,0000
2024,00,00000000,00000000,0,00000000,0000
2025,00,00000000,00000000,0,00000000,0000
2026,00,00000000,00000000,0,00000000,0000
2027,00,00000000,00000000,0,00000000,0000
2028,01,00111111,00111110,1,00000110,1001
2029,00,00000000,00000000,0,00000000,0000
2030,00,00000000,00000000,0,00000000,0000
2031,00,00000000,00000000,0,00000000,0000
2032,00,00000000,00000000,0,00000000,0000
2033,00,00000000,00000000,0,00000000,0000
2034,01,01000011,01000010,1,00000110,1001
2035,00,00000000,00000000,0,00000000,0000
2036,00,00000000,00000000,0,00000000,0000
2037,00,00000000,00000000,0,00000000,0000
2038,00,00000000,00000000,0,00000000,0000
2039,00,00000000,00000000,0,00000000,0000
2040,01,01000111,01000110,1,00000110,1001
2041,00,00000000,00000000,0,00000000,0000
2042,00,00000000,00000000,0,00000000,0000
2043,00,00000000,00000000,0,00000000,0000
2044,00,00000000,00000000,0,00000000,0000
2045,00,00000000,00000000,0,00000000,0000
2046,01,01001011,01001010,1,00000110,1001
2047,00,00000000,00000000,0,00000000,0000
2048,00,00000000,00000000,0,00000000,0000
2049,00,00000000,00000000,0,00000000,0000
2050,00,00000000,00000000,0,00000000,0000
2051,00,00000000,00000000,0,00000000,0000
2052,01,01001111,01001110,1,00000110,1001
2053,00,00000000,00000000,0,00000000,0000
2054,00,00000000,00000000,0,00000000,0000
2055,00,00000000,00000000,0,00000000,0000
2056,00,00000000,00000000,0,00000000,0000
2057,00,00000000,00000000,0,00000000,0000
2058,01,01010011,01010010,1,00000110,1001
2059,00,00000000,00000000,0,00000000,0000
2060,00,00000000,00000000,0,00000000,0000
2061,00,00000000,00000000,0,00000000,0000
2062,00,00000000,00000000,0,00000000,0000
2063,00,00000000,00000000,0,00000000,0000
2064,01,01010111,01010110,1,00000110,1001
2065,00,00000000,00000000,0,00000000,0000
2066,00,00000000,00000000,0,00000000,0000
2067,00,00000000,00000000,0,00000000,0000
2068,00,00000000,00000000,0,00000000,0000
2069,00,00000000,00000000,0,00000000,0000
2070,01,01011011,01011010,1,00000110,1001
2071,00,00000000,00000000,0,00000000,0000
2072,00,00000000,00000000,0,00000000,0000
2073,00,00000000,00000000,0,00000000,0000
2074,00,00000000,00000000,0,00000000,0000
2075,00,00000000,00000000,0,00000000,0000
2076,01,01011111,01011110,1,00000110,1001
2077,00,00000000,00000000,0,00000000,0000
2078,00,00000000,00000000,0,00000000,0000
2079,00,00000000,00000000,0,00000000,0000
2080,00,00000000,00000000,0,00000000,0000
2081,00,00000000,00000000,0,00000000,0000
2082,01,01100011,01100010,1,00000110,1001
2083,00,00000000,00000000,0,00000000,0000
2084,00,00000000,00000000,0,00000000,0000
2085,00,00000000,00000000,0,00000000,0000
2086,00,00000000,00000000,0,00000000,0000
2087,00,00000000,00000000,0,00000000,0000
2088,01,01100111,01100110,1,00000110,1001
2089,00,00000000,00000000,0,00000000,0000
2090,00,00000000,00000000,0,00000000,0000
2091,00,00000000,00000000,0,00000000,0000
2092,00,00000000,00000000,0,00000000,0000
2093,00,00000000,00000000,0,00000000,0000
2094,01,01101011,01101010,1,00000110,1001
2095,00,00000000,00000000,0,00000000,0000
2096,00,00000000,00000000,0,00000000,0000
2097,00,00000000,00000000,0,00000000,0000
2098,00,00000000,00000000,0,00000000,0000
2099,00,00000000,00000000,0,00000000,0000
2100,01,01101111,01101110,1,00000110,1001
2101,00,00000000,00000000,0,00000000,0000
2102,00,00000000,00000000,0,00000000,0000
2103,00,00000000,00000000,0,00000000,0000
2104,00,00000000,00000000,0,00000000,0000
2105,00,00000000,00000000,0,00000000,0000
2106,01,01110011,01110010,1,00000110,1001
2107,00,00000000,00000000,0,00000000,0000
2108,00,00000000,00000000,0,00000000,0000
2109,00,00000000,00000000,0,00000000,0000
2110,00,00000000,00000000,0,00000000,0000
2111,00,00000000,00000000,0,00000000,0000
2112,01,01110111,01110110,1,00000110,1001
2113,00,00000000,00000000,0,00000000,0000
2114,00,00000000,00000000,0,00000000,0000
2115,00,00000000,00000000,0,00000000,0000
2116,00,00000000,00000000,0,00000000,0000
2117,00,00000000,00000000,0,00000000,0000
2118,01,01111011,01111010,1,00000110,1001
2119,00,00000000,00000000,0,00000000,0000
2120,00,00000000,00000000,0,00000000,0000
2121,00,00000000,00000000,0,00000000,0000
2122,00,00000000,00000000,0,00000000,0000
2123,00,00000000,00000000,0,00000000,0000
2124,01,01111111,01111110,1,00000110,1001
2125,00,00000000,00000000,0,00000000,0000
2126,00,00000000,00000000,0,00000000,0000
2127,00,00000000,00000000,0,00000000,0000
2128,00,00000000,00000000,0,00000000,0000
2129,00,00000000,00000000,0,00000000,0000
2130,01,10000011,10000010,1,00000110,1001
2131,00,00000000,00000000,0,00000000,0000
2132,00,00000000,00000000,0,00000000,0000
2133,00,00000000,00000000,0,00000000,0000
2134,00,00000000,00000000,0,00000000,0000
2135,00,00000000,00000000,0,00000000,0000
2136,01,10000111,10000110,1,00000110,1001
2137,00,00000000,00000000,0,00000000,0000
2138,00,00000000,00000000,0,00000000,0000
2139,00,00000000,00000000,0,00000000,0000
2140,00,00000000,00000000,0,00000000,0000
2141,00,00000000,00000000,0,00000000,0000
2142,01,10001011,10001010,1,00000110,1001
2143,00,00000000,00000000,0,00000000,0000
2144,00,00000000,00000000,0,00000000,0000
2145,00,00000000,00000000,0,00000000,0000
2146,00,00000000,00000000,0,00000000,0000
2147,00,00000000,00000000,0,00000000,0000
2148,01,10001111,10001110,1,00000110,1001
2149,00,00000000,00000000,0,00000000,0000
2150,00,00000000,00000000,0,00000000,0000
2151,00,00000000,00000000,0,00000000,0000
2152,00,00000000,00000000,0,00000000,0000
2153,00,00000000,00000000,0,00000000,0000
2154,01,10010011,10010010,1,00000110,1001
2155,00,00000000,00000000,0,00000000,0000
2156,00,00000000,00000000,0,00000000,0000
2157,00,00000000,00000000,0,00000000,0000
2158,00,00000000,00000000,0,00000000,0000
2159,00,00000000,00000000,0,00000000,0000
2160,01,10010111,10010110,1,00000110,1001
2161,00,00000000,00000000,0,00000000,0000
2162,00,00000000,00000000,0,00000000,0000
2163,00,00000000,00000000,0,00000000,0000
2164,00,00000000,00000000,0,00000000,0000
2165,00,00000000,00000000,0,00000000,0000
2166,01,10011011,10011010,1,00000110,1001
2167,00,00000000,00000000,0,00000000,0000
2168,00,00000000,00000000,0,00000000,0000
2169,00,00000000,00000000,0,00000000,0000
2170,00,00000000,00000000,0,00000000,0000
2171,00,00000000,00000000,0,00000000,0000
2172,01,10011111,10011110,1,00000110,1001
2173,00,00000000,00000000,0,00000000,0000
2174,00,00000000,00000000,0,00000000,0000
2175,00,00000000,00000000,0,00000000,0000
2176,00,00000000,00000000,0,00000000,0000
2177,00,00000000,00000000,0,00000000,0000
2178,01,10100011,10100010,1,00000110,1001
2179,00,00000000,00000000,0,00000000,0000
2180,00,00000000,00000000,0,00000000,0000
2181,00,00000000,00000000,0,00000000,0000
2182,00,00000000,00000000,0,00000000,0000
2183,00,00000000,00000000,0,00000000,0000
2184,01,10100111,10100110,1,00000110,1001
2185,00,00000000,00000000,0,00000000,0000
2186,00,00000000,00000000,0,00000000,0000
2187,00,00000000,00000000,0,00000000,0000
2188,00,00000000,00000000,0,00000000,0000
2189,00,00000000,00000000,0,00000000,0000
2190,01,10101011,10101010,1,00000110,1001
2191,00,00000000,00000000,0,00000000,0000
2192,00,00000000,00000000,0,00000000,0000
2193,00,00000000,00000000,0,00000000,0000
2194,00,00000000,00000000,0,00000000,0000
2195,00,00000000,00000000,0,00000000,0000
2196,01,10101111,10101110,1,00000110,1001
2197,00,00000000,00000000,0,00000000,0000
2198,00,00000000,00000000,0,00000000,0000
2199,00,00000000,00000000,0,00000000,0000
2200,00,00000000,00000000,0,00000000,0000
2201,00,00000000,00000000,0,00000000,0000
2202,01,10110011,10110010,1,00000110,1001
2203,00,00000000,00000000,0,00000000,0000
2204,00,00000000,00000000,0,00000000,0000
2205,00,00000000,00000000,0,00000000,0000
2206,00,00000000,00000000,0,00000000,0000
2207,00,00000000,00000000,0,00000000,0000
2208,01,10110111,10110110,1,00000110,1001
2209,00,00000000,00000000,0,00000000,0000
2210,00,00000000,00000000,0,00000000,0000
2211,00,00000000,00000000,0,00000000,0000
2212,00,00000000,00000000,0,00000000,0000
2213,00,00000000,00000000,0,00000000,0000
2214,01,10111011,10111010,1,00000110,1001
2215,00,00000000,00000000,0,00000000,0000
2216,00,00000000,00000000,0,00000000,0000
2217,00,00000000,00000000,0,00000000,0000
2218,00,00000000,00000000,0,00000000,0000
2219,00,00000000,00000000,0,00000000,0000
2220,01,10111111,10111110,1,00000110,1001
2221,00,00000000,00000000,0,00000000,0000
2222,00,00000000,00000000,0,00000000,0000
2223,00,00000000,00000000,0,00000000,0000
2224,00,00000000,00000000,0,00000000,0000
2225,00,00000000,00000000,0,00000000,0000
2226,01,11000011,11000010,1,00000110,1001
2227,00,00000000,00000000,0,00000000,0000
2228,00,00000000,00000000,0,00000000,0000
2229,00,00000000,00000000,0,00000000,0000
2230,00,00000000,00000000,0,00000000,0000
2231,00,00000000,00000000,0,00000000,0000
2232,01,11000111,11000110,1,00000110,1001
2233,00,00000000,00000000,0,00000000,0000
2234,00,00000000,00000000,0,00000000,0000
2235,00,00000000,00000000,0,00000000,0000
2236,00,00000000,00000000,0,00000000,0000
2237,00,00000000,00000000,0,00000000,0000
2238,01,11001011,11001010,1,00000110,1001
2239,00,00000000,00000000,0,00000000,0000
2240,00,00000000,00000000,0,00000000,0000
2241,00,00000000,00000000,0,00000000,0000
2242,00,00000000,00000000,0,00000000,0000
2243,00,00000000,00000000,0,00000000,0000
2244,01,11001111,11001110,1,00000110,1001
2245,00,00000000,00000000,0,00000000,0000
2246,00,00000000,00000000,0,00000000,0000
2247,00,00000000,00000000,0,00000000,0000
2248,00,00000000,00000000,0,00000000,0000
2249,00,00000000,00000000,0,00000000,0000
2250,01,11010011,11010010,1,00000110,1001
2251,00,00000000,00000000,0,00000000,0000
2252,00,00000000,00000000,0,00000000,0000
2253,00,00000000,00000000,0,00000000,0000
2254,00,00000000,00000000,0,00000000,0000
2255,00,00000000,00000000,0,00000000,0000
2256,01,11010111,11010110,1,00000110,1001
2257,00,00000000,00000000,0,00000000,0000
2258,00,00000000,00000000,0,00000000,0000
2259,00,00000000,00000000,0,00000000,0000
2260,00,00000000,00000000,0,00000000,0000
2261,00,00000000,00000000,0,00000000,0000
2262,01,11011011,11011010,1,00000110,1001
2263,00,00000000,00000000,0,00000000,0000
2264,00,00000000,00000000,0,00000000,0000
2265,00,00000000,00000000,0,00000000,0000
2266,00,00000000,00000000,0,00000000,0000
2267,00,00000000,00000000,0,00000000,0000
2268,01,11011111,11011110,1,00000110,1001
2269,00,00000000,00000000,0,00000000,0000
2270,00,00000000,00000000,0,00000000,0000
2271,00,00000000,00000000,0,00000000,0000
2272,00,00000000,00000000,0,00000000,0000
2273,00,00000000,00000000,0,00000000,0000
2274,01,11100011,11100010,1,00000110,1001
2275,00,00000000,00000000,0,00000000,0000
2276,00,00000000,00000000,0,00000000,0000
2277,00,00000000,00000000,0,00000000,0000
2278,00,00000000,00000000,0,00000000,0000
2279,00,00000000,00000000,0,00000000,0000
2280,01,11100111,11100110,1,00000110,1001
2281,00,00000000,00000000,0,00000000,0000
2282,00,00000000,00000000,0,00000000,0000
2283,00,00000000,00000000,0,00000000,0000
2284,00,00000000,00000000,0,00000000,0000
2285,00,00000000,00000000,0,00000000,0000
2286,01,11101011,11101010,1,00000110,1001
2287,00,00000000,00000000,0,00000000,0000
2288,00,00000000,00000000,0,00000000,0000
2289,00,00000000,00000000,0,00000000,0000
2290,00,00000000,00000000,0,00000000,0000
2291,00,00000000,00000000,0,00000000,0000
2292,01,11101111,11101110,1,00000110,1001
2293,00,00000000,00000000,0,00000000,0000
2294,00,00000000,00000000,0,00000000,0000
2295,00,00000000,00000000,0,00000000,0000
2296,00,00000000,00000000,0,00000000,0000
2297,00,00000000,00000000,0,00000000,0000
2298,01,11110011,11110010,1,00000110,1001
2299,00,00000000,00000000,0,00000000,0000
2300,00,00000000,00000000,0,00000000,0000
2301,00,00000000,00000000,0,00000000,0000
2302,00,00000000,00000000,0,00000000,0000
2303,00,00000000,00000000,0,00000000,0000
2304,01,11110111,11110110,1,00000110,1001
2305,00,00000000,00000000,0,00000000,0000
2306,00,00000000,00000000,0,00000000,0000
2307,00,00000000,00000000,0,00000000,0000
2308,00,00000000,00000000,0,00000000,0000
2309,00,00000000,00000000,0,00000000,0000
2310,01,11111011,11111010,1,00000110,1001
2311,00,00000000,00000000,0,00000000,0000
2312,00,00000000,00000000,0,00000000,0000
2313,00,00000000,00000000,0,00000000,0000
2314,00,00000000,00000000,0,00000000,0000
2315,00,00000000,00000000,0,00000000,0000
2316,01,11111111,11111110,1,00000110,1001
2317,00,00000000,00000000,0,00000000,0000
2318,00,00000000,00000000,0,00000000,0000
2319,00,00000000,00000000,0,00000000,0000
2320,00,00000000,00000000,0,00000000,0000
2321,00,00000000,00000000,0,00000000,0000
2322,01,00000001,00000000,1,00000110,0001
2323,00,00000000,00000000,0,00000000,0000
2324,00,00000000,00000000,0,00000000,0000
2325,00,00000000,00000000,0,00000000,0000
2326,00,00000000,00000000,0,00000000,0000
2327,00,00000000,00000000,0,00000000,0000
2328,01,00000101,00000100,1,00000110,0001
2329,00,00000000,00000000,0,00000000,0000
2330,00,00000000,00000000,0,00000000,0000
2331,00,00000000,00000000,0,00000000,0000
2332,00,00000000,00000000,0,00000000,0000
2333,00,00000000,00000000,0,00000000,0000
2334,01,00001001,00001000,1,00000110,0001
2335,00,00000000,00000000,0,00000000,0000
2336,00,00000000,00000000,0,00000000,0000
2337,00,00000000,00000000,0,00000000,0000
2338,00,00000000,00000000,0,00000000,0000
2339,00,00000000,00000000,0,00000000,0000
2340,01,00001101,00001100,1,00000110,0001
2341,00,00000000,00000000,0,00000000,0000
2342,00,00000000,00000000,0,00000000,0000
2343,00,00000000,00000000,0,00000000,0000
2344,00,00000000,00000000,0,00000000,0000
2345,00,00000000,00000000,0,00000000,0000
2346,01,00010001,00010000,1,00000110,0001
2347,00,00000000,00000000,0,00000000,0000
2348,00,00000000,00000000,0,00000000,0000
2349,00,00000000,00000000,0,00000000,0000
2350,00,00000000,00000000,0,00000000,0000
2351,00,00000000,00000000,0,00000000,0000
2352,01,00010101,00010100,1,00000110,0001
2353,00,00000000,00000000,0,00000000,0000
2354,00,00000000,00000000,0,00000000,0000
2355,00,00000000,00000000,0,00000000,0000
2356,00,00000000,00000000,0,00000000,0000
2357,00,00000000,00000000,0,00000000,0000
2358,01,00011001,00011000,1,00000110,0001
2359,00,00000000,00000000,0,00000000,0000
2360,00,00000000,00000000,0,00000000,0000
2361,00,00000000,00000000,0,00000000,0000
2362,00,00000000,00000000,0,00000000,0000
2363,00,00000000,00000000,0,00000000,0000
2364,01,00011101,00011100,1,00000110,0001
2365,00,00000000,00000000,0,00000000,0000
2366,00,00000000,00000000,0,00000000,0000
2367,00,00000000,00000000,0,00000000,0000
2368,00,00000000,00000000,0,00000000,0000
2369,00,00000000,00000000,0,00000000,0000
2370,01,00100001,00100000,1,00000110,0001
2371,00,00000000,00000000,0,00000000,0000
2372,00,00000000,00000000,0,00000000,0000
2373,00,00000000,00000000,0,00000000,0000
2374,00,00000000,00000000,0,00000000,0000
2375,00,00000000,00000000,0,00000000,0000
2376,01,00100101,00100100,1,00000110,0001
2377,00,00000000,00000000,0,00000000,0000
2378,00,00000000,00000000,0,00000000,0000
2379,00,00000000,00000000,0,00000000,0000
2380,00,00000000,00000000,0,00000000,0000
2381,00,00000000,00000000,0,00000000,0000
2382,01,00101001,00101000,1,00000110,0001
2383,00,00000000,00000000,0,00000000,0000
2384,00,00000000,00000000,0,00000000,0000
2385,00,00000000,00000000,0,00000000,0000
2386,00,00000000,00000000,0,00000000,0000
2387,00,00000000,00000000,0,00000000,0000
2388,01,00101101,00101100,1,00000110,0001
2389,00,00000000,00000000,0,00000000,0000
2390,00,00000000,00000000,0,00000000,0000
2391,00,00000000,00000000,0,00000000,0000
2392,00,00000000,00000000,0,00000000,0000
2393,00,00000000,00000000,0,00000000,0000
2394,01,00110001,00110000,1,00000110,0001
2395,00,00000000,00000000,0,00000000,0000
2396,00,00000000,00000000,0,00000000,0000
2397,00,00000000,00000000,0,00000000,0000
2398,00,00000000,00000000,0,00000000,0000
2399,00,00000000,00000000,0,00000000,0000
2400,01,00110101,00110100,1,00000110,0001
2401,00,00000000,00000000,0,00000000,0000
2402,00,00000000,00000000,0,00000000,0000
2403,00,00000000,00000000,0,00000000,0000
2404,00,00000000,00000000,0,00000000,0000
2405,00,00000000,00000000,0,00000000,0000
2406,01,00111001,00111000,1,00000110,0001
2407,00,00000000,00000000,0,00000000,0000
2408,00,00000000,00000000,0,00000000,0000
2409,00,00000000,00000000,0,00000000,0000
2410,00,00000000,00000000,0,00000000,0000
2411,00,00000000,00000000,0,00000000,0000
2412,01,00111101,00111100,1,00000110,0001
2413,00,00000000,00000000,0,00000000,0000
2414,00,00000000,00000000,0,00000000,0000
2415,00,00000000,00000000,0,00000000,0000
2416,00,00000000,00000000,0,00000000,0000
2417,00,00000000,00000000,0,00000000,0000
2418,01,01000001,01000000,1,00000110,0001
2419,00,00000000,00000000,0,00000000,0000
2420,00,00000000,00000000,0,00000000,0000
2421,00,00000000,00000000,0,00000000,0000
2422,00,00000000,00000000,0,00000000,0000
2423,00,00000000,00000000,0,00000000,0000
2424,01,01000101,01000100,1,00000110,0001
2425,00,00000000,00000000,0,00000000,0000
2426,00,00000000,00000000,0,00000000,0000
2427,00,00000000,00000000,0,00000000,0000
2428,00,00000000,00000000,0,00000000,0000
2429,00,00000000,00000000,0,00000000,0000
2430,01,01001001,01001000,1,00000110,0001
2431,00,00000000,00000000,0,00000000,0000
2432,00,00000000,00000000,0,00000000,0000
2433,00,00000000,00000000,0,00000000,0000
2434,00,00000000,00000000,0,00000000,0000
2435,00,00000000,00000000,0,00000000,0000
2436,01,01001101,01001100,1,00000110,0001
2437,00,00000000,00000000,0,00000000,0000
2438,00,00000000,00000000,0,00000000,0000
2439,00,00000000,00000000,0,00000000,0000
2440,00,00000000,00000000,0,00000000,0000
2441,00,00000000,00000000,0,00000000,0000
2442,01,01010001,01010000,1,00000110,0001
2443,00,00000000,00000000,0,00000000,0000
2444,00,00000000,00000000,0,00000000,0000
2445,00,00000000,00000000,0,00000000,0000
2446,00,00000000,00000000,0,00000000,0000
2447,00,00000000,00000000,0,00000000,0000
2448,01,01010101,01010100,1,00000110,0001
2449,00,00000000,00000000,0,00000000,0000
2450,00,00000000,00000000,0,00000000,0000
2451,00,00000000,00000000,0,00000000,0000
2452,00,00000000,00000000,0,00000000,0000
2453,00,00000000,00000000,0,00000000,0000
2454,01,01011001,01011000,1,00000110,0001
2455,00,00000000,00000000,0,00000000,0000
2456,00,00000000,00000000,0,00000000,0000
2457,00,00000000,00000000,0,00000000,0000
2458,00,00000000,00000000,0,00000000,0000
2459,00,00000000,00000000,0,00000000,0000
2460,01,01011101,01011100,1,00000110,0001
2461,00,00000000,00000000,0,00000000,0000
2462,00,00000000,00000000,0,00000000,0000
2463,00,00000000,00000000,0,00000000,0000
2464,00,00000000,00000000,0,00000000,0000
2465,00,00000000,00000000,0,00000000,0000
2466,01,01100001,01100000,1,00000110,0001
2467,00,00000000,00000000,0,00000000,0000
2468,00,00000000,00000000,0,00000000,0000
2469,00,00000000,00000000,0,00000000,0000
2470,00,00000000,00000000,0,00000000,0000
2471,00,00000000,00000000,0,00000000,0000
2472,01,01100101,01100100,1,00000110,0001
2473,00,00000000,00000000,0,00000000,0000
2474,00,00000000,00000000,0,00000000,0000
2475,00,00000000,00000000,0,00000000,0000
2476,00,00000000,00000000,0,00000000,0000
2477,00,00000000,00000000,0,00000000,0000
2478,01,01101001,01101000,1,00000110,0001
2479,00,00000000,00000000,0,00000000,0000
2480,00,00000000,00000000,0,00000000,0000
2481,00,00000000,00000000,0,00000000,0000
2482,00,00000000,00000000,0,00000000,0000
2483,00,00000000,00000000,0,00000000,0000
2484,01,01101101,01101100,1,00000110,0001
2485,00,00000000,00000000,0,00000000,0000
2486,00,00000000,00000000,0,00000000,0000
2487,00,00000000,00000000,0,00000000,0000
2488,00,00000000,00000000,0,00000000,0000
2489,00,00000000,00000000,0,00000000,0000
2490,01,01110001,01110000,1,00000110,0001
2491,00,00000000,00000000,0,00000000,0000
2492,00,00000000,00000000,0,00000000,0000
2493,00,00000000,00000000,0,00000000,0000
2494,00,00000000,00000000,0,00000000,0000
2495,00,00000000,00000000,0,00000000,0000
2496,01,01110101,01110100,1,00000110,0001
2497,00,00000000,00000000,0,00000000,0000
2498,00,00000000,00000000,0,00000000,0000
2499,00,00000000,00000000,0,00000000,0000
2500,00,00000000,00000000,0,00000000,0000
2501,00,00000000,00000000,0,00000000,0000
2502,01,01111001,01111000,1,00000110,0001
2503,00,00000000,00000000,0,00000000,0000
2504,00,00000000,00000000,0,00000000,0000
2505,00,00000000,00000000,0,00000000,0000
2506,00,00000000,00000000,0,00000000,0000
2507,00,00000000,00000000,0,00000000,0000
2508,01,01111101,01111100,1,00000110,0001
2509,00,00000000,00000000,0,00000000,0000
2510,00,00000000,00000000,0,00000000,0000
2511,00,00000000,00000000,0,00000000,0000
2512,00,00000000,00000000,0,00000000,0000
2513,00,00000000,00000000,0,00000000,0000
2514,01,10000001,10000000,1,00000110,0001
2515,00,00000000,00000000,0,00000000,0000
2516,00,00000000,00000000,0,00000000,0000
2517,00,00000000,00000000,0,00000000,0000
2518,00,00000000,00000000,0,00000000,0000
2519,00,00000000,00000000,0,00000000,0000
2520,01,10000101,10000100,1,00000110,0001
2521,00,00000000,00000000,0,00000000,0000
2522,00,00000000,00000000,0,00000000,0000
2523,00,00000000,00000000,0,00000000,0000
2524,00,00000000,00000000,0,00000000,0000
2525,00,00000000,00000000,0,00000000,0000
2526,01,10001001,10001000,1,00000110,0001
2527,00,00000000,00000000,0,00000000,0000
2528,00,00000000,00000000,0,00000000,0000
2529,00,00000000,00000000,0,00000000,0000
2530,00,00000000,00000000,0,00000000,0000
2531,00,00000000,00000000,0,00000000,0000
2532,01,10001101,10001100,1,00000110,0001
2533,00,00000000,00000000,0,00000000,0000
2534,00,00000000,00000000,0,00000000,0000
2535,00,00000000,00000000,0,00000000,0000
2536,00,00000000,00000000,0,00000000,0000
2537,00,00000000,00000000,0,00000000,0000
2538,01,10010001,10010000,1,00000110,0001
2539,00,00000000,00000000,0,00000000,0000
2540,00,00000000,00000000,0,00000000,0000
2541,00,00000000,00000000,0,00000000,0000
2542,00,00000000,00000000,0,00000000,0000
2543,00,00000000,00000000,0,00000000,0000
2544,01,10010101,10010100,1,00000110,0001
2545,00,00000000,00000000,0,00000000,0000
2546,00,00000000,00000000,0,00000000,0000
2547,00,00000000,00000000,0,00000000,0000
2548,00,00000000,00000000,0,00000000,0000
2549,00,00000000,00000000,0,00000000,0000
2550,01,10011001,10011000,1,00000110,0001
2551,00,00000000,00000000,0,00000000,0000
2552,00,00000000,00000000,0,00000000,0000
2553,00,00000000,00000000,0,00000000,0000
2554,00,00000000,00000000,0,00000000,0000
2555,00,00000000,00000000,0,00000000,0000
2556,01,10011101,10011100,1,00000110,0001
2557,00,00000000,00000000,0,00000000,0000
2558,00,00000000,00000000,0,00000000,0000
2559,00,00000000,00000000,0,00000000,0000
2560,00,00000000,00000000,0,00000000,0000
2561,00,00000000,00000000,0,00000000,0000
2562,01,10100001,10100000,1,00000110,0001
2563,00,00000000,00000000,0,00000000,0000
2564,00,00000000,00000000,0,00000000,0000
2565,00,00000000,00000000,0,00000000,0000
2566,00,00000000,00000000,0,00000000,0000
2567,00,00000000,00000000,0,00000000,0000
2568,01,10100101,10100100,1,00000110,0001
2569,00,00000000,00000000,0,00000000,0000
2570,00,00000000,00000000,0,00000000,0000
2571,00,00000000,00000000,0,00000000,0000
2572,00,00000000,00000000,0,00000000,0000
2573,00,00000000,00000000,0,00000000,0000
2574,01,10101001,10101000,1,00000110,0001
2575,00,00000000,00000000,0,00000000,0000
2576,00,00000000,00000000,0,00000000,0000
2577,00,00000000,00000000,0,00000000,0000
2578,00,00000000,00000000,0,00000000,0000
2579,00,00000000,00000000,0,00000000,0000
2580,01,10101101,10101100,1,00000110,0001
2581,00,00000000,00000000,0,00000000,0000
2582,00,00000000,00000000,0,00000000,0000
2583,00,00000000,00000000,0,00000000,0000
2584,00,00000000,00000000,0,00000000,0000
2585,00,00000000,00000000,0,00000000,0000
2586,01,10110001,10110000,1,00000110,0001
2587,00,00000000,00000000,0,00000000,0000
2588,00,00000000,00000000,0,00000000,0000
2589,00,00000000,00000000,0,00000000,0000
2590,00,00000000,00000000,0,00000000,0000
2591,00,00000000,00000000,0,00000000,0000
2592,01,10110101,10110100,1,00000110,0001
2593,00,00000000,00000000,0,00000000,0000
2594,00,00000000,00000000,0,00000000,0000
2595,00,00000000,00000000,0,00000000,0000
2596,00,00000000,00000000,0,00000000,0000
2597,00,00000000,00000000,0,00000000,0000
2598,01,10111001,10111000,1,00000110,0001
2599,00,00000000,00000000,0,00000000,0000
2600,00,00000000,00000000,0,00000000,0000
2601,00,00000000,00000000,0,00000000,0000
2602,00,00000000,00000000,0,00000000,0000
2603,00,00000000,00000000,0,00000000,0000
2604,01,10111101,10111100,1,00000110,0001
2605,00,00000000,00000000,0,00000000,0000
2606,00,00000000,00000000,0,00000000,0000
2607,00,00000000,00000000,0,00000000,0000
2608,00,00000000,00000000,0,00000000,0000
2609,00,00000000,00000000,0,00000000,0000
2610,01,11000001,11000000,1,00000110,0001
2611,00,00000000,00000000,0,00000000,0000
2612,00,00000000,00000000,0,00000000,0000
2613,00,00000000,00000000,0,00000000,0000
2614,00,00000000,00000000,0,00000000,0000
2615,00,00000000,00000000,0,00000000,0000
2616,01,11000101,11000100,1,00000110,0001
2617,00,00000000,00000000,0,00000000,0000
2618,00,00000000,00000000,0,00000000,0000
2619,00,00000000,00000000,0,00000000,0000
2620,00,00000000,00000000,0,00000000,0000
2621,00,00000000,00000000,0,00000000,0000
2622,01,11001001,11001000,1,00000110,0001
2623,00,00000000,00000000,0,00000000,0000
2624,00,00000000,00000000,0,00000000,0000
2625,00,00000000,00000000,0,00000000,0000
2626,00,00000000,00000000,0,00000000,0000
2627,00,00000000,00000000,0,00000000,0000
2628,01,11001101,11001100,1,00000110,0001
2629,00,00000000,00000000,0,00000000,0000
2630,00,00000000,00000000,0,00000000,0000
2631,00,00000000,00000000,0,00000000,0000
2632,00,00000000,00000000,0,00000000,0000
2633,00,00000000,00000000,0,00000000,0000
2634,01,11010001,11010000,1,00000110,0001
2635,00,00000000,00000000,0,00000000,0000
2636,00,00000000,00000000,0,00000000,0000
2637,00,00000000,00000000,0,00000000,0000
2638,00,00000000,00000000,0,00000000,0000
2639,00,00000000,00000000,0,00000000,0000
2640,01,11010101,11010100,1,00000110,0001
2641,00,00000000,00000000,0,00000000,0000
2642,00,00000000,00000000,0,00000000,0000
2643,00,00000000,00000000,0,00000000,0000
2644,00,00000000,00000000,0,00000000,0000
2645,00,00000000,00000000,0,00000000,0000
2646,01,11011001,11011000,1,00000110,0001
2647,00,00000000,00000000,0,00000000,0000
2648,00,00000000,00000000,0,00000000,0000
2649,00,00000000,00000000,0,00000000,0000
2650,00,00000000,00000000,0,00000000,0000
2651,00,00000000,00000000,0,00000000,0000
2652,01,11011101,11011100,1,00000110,0001
2653,00,00000000,00000000,0,00000000,0000
2654,00,00000000,00000000,0,00000000,0000
2655,00,00000000,00000000,0,00000000,0000
2656,00,00000000,00000000,0,00000000,0000
2657,00,00000000,00000000,0,00000000,0000
2658,01,11100001,11100000,1,00000110,0001
2659,00,00000000,00000000,0,00000000,0000
2660,00,00000000,00000000,0,00000000,0000
2661,00,00000000,00000000,0,00000000,0000
2662,00,00000000,00000000,0,00000000,0000
2663,00,00000000,00000000,0,00000000,0000
2664,01,11100101,11100100,1,00000110,0001
2665,00,00000000,00000000,0,00000000,0000
2666,00,00000000,00000000,0,00000000,0000
2667,00,00000000,00000000,0,00000000,0000
2668,00,00000000,00000000,0,00000000,0000
2669,00,00000000,00000000,0,00000000,0000
2670,01,11101001,11101000,1,00000110,0001
2671,00,00000000,00000000,0,00000000,0000
2672,00,00000000,00000000,0,00000000,0000
2673,00,00000000,00000000,0,00000000,0000
2674,00,00000000,00000000,0,00000000,0000
2675,00,00000000,00000000,0,00000000,0000
2676,01,11101101,11101100,1,00000110,0001
2677,00,00000000,00000000,0,00000000,0000
2678,00,00000000,00000000,0,00000000,0000
2679,00,00000000,00000000,0,00000000,0000
2680,00,00000000,00000000,0,00000000,0000
2681,00,00000000,00000000,0,00000000,0000
2682,01,11110001,11110000,1,00000110,0001
2683,00,00000000,00000000,0,00000000,0000
2684,00,00000000,00000000,0,00000000,0000
2685,00,00000000,00000000,0,00000000,0000
2686,00,00000000,00000000,0,00000000,0000
2687,00,00000000,00000000,0,00000000,0000
2688,01,11110101,11110100,1,00000110,0001
2689,00,00000000,00000000,0,00000000,0000
2690,00,00000000,00000000,0,00000000,0000
2691,00,00000000,00000000,0,00000000,0000
2692,00,00000000,00000000,0,00000000,0000
2693,00,00000000,00000000,0,00000000,0000
2694,01,11111001,11111000,1,00000110,0001
2695,00,00000000,00000000,0,00000000,0000
2696,00,00000000,00000000,0,00000000,0000
2697,00,00000000,00000000,0,00000000,0000
2698,00,00000000,00000000,0,00000000,0000
2699,00,00000000,00000000,0,00000000,0000
2700,01,11111101,11111100,1,00000110,0001
2701,00,00000000,00000000,0,00000000,0000
2702,00,00000000,00000000,0,00000000,0000
2703,00,00000000,00000000,0,00000000,0000
2704,00,00000000,00000000,0,00000000,0000
2705,00,00000000,00000000,0,00000000,0000
2706,00,00000000,00000000,0,00000000,0000
2707,00,00000000,00000000,0,00000000,0000
2708,00,00000000,00000000,0,00000000,0000
2709,00,00000000,00000000,0,00000000,0000
2710,00,00000000,00000000,0,00000000,0000
2711,01,00000011,00000010,1,00000110,1001
2712,00,00000000,00000000,0,00000000,0000
2713,00,00000000,00000000,0,00000000,0000
2714,00,00000000,00000000,0,00000000,0000
2715,00,00000000,00000000,0,00000000,0000
2716,00,00000000,00000000,0,00000000,0000
2717,01,00000111,00000110,1,00000110,1001
2718,00,00000000,00000000,0,00000000,0000
2719,00,00000000,00000000,0,00000000,0000
2720,00,00000000,00000000,0,00000000,0000
2721,00,00000000,00000000,0,00000000,0000
2722,00,00000000,00000000,0,00000000,0000
2723,01,00001011,00001010,1,00000110,1001
2724,00,00000000,00000000,0,00000000,0000
2725,00,00000000,00000000,0,00000000,0000
2726,00,00000000,00000000,0,00000000,0000
2727,00,00000000,00000000,0,00000000,0000
2728,00,00000000,00000000,0,00000000,0000
2729,01,00001111,00001110,1,00000110,1001
2730,00,00000000,00000000,0,00000000,0000
2731,00,00000000,00000000,0,00000000,0000
2732,00,00000000,00000000,0,00000000,0000
2733,00,00000000,00000000,0,00000000,0000
2734,00,00000000,00000000,0,00000000,0000
2735,01,00010011,00010010,1,00000110,1001
2736,00,00000000,00000000,0,00000000,0000
2737,00,00000000,00000000,0,00000000,0000
2738,00,00000000,00000000,0,00000000,0000
2739,00,00000000,00000000,0,00000000,0000
2740,00,00000000,00000000,0,00000000,0000
2741,01,00010111,00010110,1,00000110,1001
2742,00,00000000,00000000,0,00000000,0000
2743,00,00000000,00000000,0,00000000,0000
2744,00,00000000,00000000,0,00000000,0000
2745,00,00000000,00000000,0,00000000,0000
2746,00,00000000,00000000,0,00000000,0000
2747,01,00011011,00011010,1,00000110,1001
2748,00,00000000,00000000,0,00000000,0000
2749,00,00000000,00000000,0,00000000,0000
2750,00,00000000,00000000,0,00000000,0000
2751,00,00000000,00000000,0,00000000,0000
2752,00,00000000,00000000,0,00000000,0000
2753,01,00011111,00011110,1,00000110,1001
2754,00,00000000,00000000,0,00000000,0000
2755,00,00000000,00000000,0,00000000,0000
2756,00,00000000,00000000,0,00000000,0000
2757,00,00000000,00000000,0,00000000,0000
2758,00,00000000,00000000,0,00000000,0000
2759,01,00100011,00100010,1,00000110,1001
2760,00,00000000,00000000,0,00000000,0000
2761,00,00000000,00000000,0,00000000,0000
2762,00,00000000,00000000,0,00000000,0000
2763,00,00000000,00000000,0,00000000,0000
2764,00,00000000,00000000,0,00000000,0000
2765,01,00100111,00100110,1,00000110,1001
2766,00,00000000,00000000,0,00000000,0000
2767,00,00000000,00000000,0,00000000,0000
2768,00,00000000,00000000,0,00000000,0000
2769,00,00000000,00000000,0,00000000,0000
2770,00,00000000,00000000,0,00000000,0000
2771,01,00101011,00101010,1,00000110,1001
2772,00,00000000,00000000,0,00000000,0000
2773,00,00000000,00000000,0,00000000,0000
2774,00,00000000,00000000,0,00000000,0000
2775,00,00000000,00000000,0,00000000,0000
2776,00,00000000,00000000,0,00000000,0000
2777,01,00101111,00101110,1,00000110,1001
2778,00,00000000,00000000,0,00000000,0000
2779,00,00000000,00000000,0,00000000,0000
2780,00,00000000,00000000,0,00000000,0000
2781,00,00000000,00000000,0,00000000,0000
2782,00,00000000,00000000,0,00000000,0000
2783,01,00110011,00110010,1,00000110,1001
2784,00,00000000,00000000,0,00000000,0000
2785,00,00000000,00000000,0,00000000,0000
2786,00,00000000,00000000,0,00000000,0000
2787,00,00000000,00000000,0,00000000,0000
2788,00,00000000,00000000,0,00000000,0000
2789,01,00110111,00110110,1,00000110,1001
2790,00,00000000,00000000,0,00000000,0000
2791,00,00000000,00000000,0,00000000,0000
2792,00,00000000,00000000,0,00000000,0000
2793,00,00000000,00000000,0,00000000,0000
2794,00,00000000,00000000,0,00000000,0000
2795,01,00111011,00111010,1,00000110,1001
2796,00,00000000,00000000,0,00000000,0000
2797,00,00000000,00000000,0,00000000,0000
2798,00,00000000,00000000,0,00000000,0000
2799,00,00000000,00000000,0,00000000,0000
2800,00,00000000,00000000,0,00000000,0000
2801,01,00111111,00111110,1,00000110,1001
2802,00,00000000,00000000,0,00000000,0000
2803,00,00000000,00000000,0,00000000,0000
2804,00,00000000,00000000,0,00000000,0000
2805,00,00000000,00000000,0,00000000,0000
2806,00,00000000,00000000,0,00000000,0000
2807,01,01000011,01000010,1,00000110,1001
2808,00,00000000,00000000,0,00000000,0000
2809,00,00000000,00000000,0,00000000,0000
2810,00,00000000,00000000,0,00000000,0000
2811,00,00000000,00000000,0,00000000,0000
2812,00,00000000,00000000,0,00000000,0000
2813,01,01000111,01000110,1,00000110,1001
2814,00,00000000,00000000,0,00000000,0000
2815,00,00000000,00000000,0,00000000,0000
2816,00,00000000,00000000,0,00000000,0000
2817,00,00000000,00000000,0,00000000,0000
2818,00,00000000,00000000,0,00000000,0000
2819,01,01001011,01001010,1,00000110,1001
2820,00,00000000,00000000,0,00000000,0000
2821,00,00000000,00000000,0,00000000,0000
2822,00,00000000,00000000,0,00000000,0000
2823,00,00000000,00000000,0,00000000,0000
2824,00,00000000,00000000,0,00000000,0000
2825,01,01001111,01001110,1,00000110,1001
2826,00,00000000,00000000,0,00000000,0000
2827,00,00000000,00000000,0,00000000,0000
2828,00,00000000,00000000,0,00000000,0000
2829,00,00000000,00000000,0,00000000,0000
2830,00,00000000,00000000,0,00000000,0000
2831,01,01010011,01010010,1,00000110,1001
2832,00,00000000,00000000,0,00000000,0000
2833,00,00000000,00000000,0,00000000,0000
2834,00,00000000,00000000,0,00000000,0000
2835,00,00000000,00000000,0,00000000,0000
2836,00,00000000,00000000,0,00000000,0000
2837,01,01010111,01010110,1,00000110,1001
2838,00,00000000,00000000,0,00000000,0000
2839,00,00000000,00000000,0,00000000,0000
2840,00,00000000,00000000,0,00000000,0000
2841,00,00000000,00000000,0,00000000,0000
2842,00,00000000,00000000,0,00000000,0000
2843,01,01011011,01011010,1,00000110,1001
2844,00,00000000,00000000,0,00000000,0000
2845,00,00000000,00000000,0,00000000,0000
2846,00,00000000,00000000,0,00000000,0000
2847,00,00000000,00000000,0,00000000,0000
2848,00,00000000,00000000,0,00000000,0000
2849,01,01011111,01011110,1,00000110,1001
2850,00,00000000,00000000,0,00000000,0000
2851,00,00000000,00000000,0,00000000,0000
2852,00,00000000,00000000,0,00000000,0000
2853,00,00000000,00000000,0,00000000,0000
2854,00,00000000,00000000,0,00000000,0000
2855,01,01100011,01100010,1,00000110,1001
2856,00,00000000,00000000,0,00000000,0000
2857,00,00000000,00000000,0,00000000,0000
2858,00,00000000,00000000,0,00000000,0000
2859,00,00000000,00000000,0,00000000,0000
2860,00,00000000,00000000,0,00000000,0000
2861,01,01100111,01100110,1,00000110,1001
2862,00,00000000,00000000,0,00000000,0000
2863,00,00000000,00000000,0,00000000,0000
2864,00,00000000,00000000,0,00000000,0000
2865,00,00000000,00000000,0,00000000,0000
2866,00,00000000,00000000,0,00000000,0000
2867,01,01101011,01101010,1,00000110,1001
2868,00,00000000,00000000,0,00000000,0000
2869,00,00000000,00000000,0,00000000,0000
2870,00,00000000,00000000,0,00000000,0000
2871,00,00000000,00000000,0,00000000,0000
2872,00,00000000,00000000,0,00000000,0000
2873,01,01101111,01101110,1,00000110,1001
2874,00,00000000,00000000,0,00000000,0000
2875,00,00000000,00000000,0,00000000,0000
2876,00,00000000,00000000,0,00000000,0000
2877,00,00000000,00000000,0,00000000,0000
2878,00,00000000,00000000,0,00000000,0000
2879,01,01110011,01110010,1,00000110,1001
2880,00,00000000,00000000,0,00000000,0000
2881,00,00000000,00000000,0,00000000,0000
2882,00,00000000,00000000,0,00000000,0000
2883,00,00000000,00000000,0,00000000,0000
2884,00,00000000,00000000,0,00000000,0000
2885,01,01110111,01110110,1,00000110,1001
2886,00,00000000,00000000,0,00000000,0000
2887,00,00000000,00000000,0,00000000,0000
2888,00,00000000,00000000,0,00000000,0000
2889,00,00000000,00000000,0,00000000,0000
2890,00,00000000,00000000,0,00000000,0000
2891,01,01111011,01111010,1,00000110,1001
2892,00,00000000,00000000,0,00000000,0000
2893,00,00000000,00000000,0,00000000,0000
2894,00,00000000,00000000,0,00000000,0000
2895,00,00000000,00000000,0,00000000,0000
2896,00,00000000,00000000,0,00000000,0000
2897,01,01111111,01111110,1,00000110,1001
2898,00,00000000,00000000,0,00000000,0000
2899,00,00000000,00000000,0,00000000,0000
2900,00,00000000,00000000,0,00000000,0000
2901,00,00000000,00000000,0,00000000,0000
2902,00,00000000,00000000,0,00000000,0000
2903,01,10000011,10000010,1,00000110,1001
2904,00,00000000,00000000,0,00000000,0000
2905,00,00000000,00000000,0,00000000,0000
2906,00,00000000,00000000,0,00000000,0000
2907,00,00000000,00000000,0,00000000,0000
2908,00,00000000,00000000,0,00000000,0000
2909,01,10000111,10000110,1,00000110,1001
2910,00,00000000,00000000,0,00000000,0000
2911,00,00000000,00000000,0,00000000,0000
2912,00,00000000,00000000,0,00000000,0000
2913,00,00000000,00000000,0,00000000,0000
2914,00,00000000,00000000,0,00000000,0000
2915,01,10001011,10001010,1,00000110,1001
2916,00,00000000,00000000,0,00000000,0000
2917,00,00000000,00000000,0,00000000,0000
2918,00,00000000,00000000,0,00000000,0000
2919,00,00000000,00000000,0,00000000,0000
2920,00,00000000,00000000,0,00000000,0000
2921,01,10001111,10001110,1,00000110,1001
2922,00,00000000,00000000,0,00000000,0000
2923,00,00000000,00000000,0,00000000,0000
2924,00,00000000,00000000,0,00000000,0000
2925,00,00000000,00000000,0,00000000,0000
2926,00,00000000,00000000,0,00000000,0000
2927,01,10010011,10010010,1,00000110,1001
2928,00,00000000,00000000,0,00000000,0000
2929,00,00000000,00000000,0,00000000,0000
2930,00,00000000,00000000,0,00000000,0000
2931,00,00000000,00000000,0,00000000,0000
2932,00,00000000,00000000,0,00000000,0000
2933,01,10010111,10010110,1,00000110,1001
2934,00,00000000,00000000,0,00000000,0000
2935,00,00000000,00000000,0,00000000,0000
2936,00,00000000,00000000,0,00000000,0000
2937,00,00000000,00000000,0,00000000,0000
2938,00,00000000,00000000,0,00000000,0000
2939,01,10011011,10011010,1,00000110,1001
2940,00,00000000,00000000,0,00000000,0000
2941,00,00000000,00000000,0,00000000,0000
2942,00,00000000,00000000,0,00000000,0000
2943,00,00000000,00000000,0,00000000,0000
2944,00,00000000,00000000,0,00000000,0000
2945,01,10011111,10011110,1,00000110,1001
2946,00,00000000,00000000,0,00000000,0000
2947,00,00000000,00000000,0,00000000,0000
2948,00,00000000,00000000,0,00000000,0000
2949,00,00000000,00000000,0,00000000,0000
2950,00,00000000,00000000,0,00000000,0000
2951,01,10100011,10100010,1,00000110,1001
2952,00,00000000,00000000,0,00000000,0000
2953,00,00000000,00000000,0,00000000,0000
2954,00,00000000,00000000,0,00000000,0000
2955,00,00000000,00000000,0,00000000,0000
2956,00,00000000,00000000,0,00000000,0000
2957,01,10100111,10100110,1,00000110,1001
2958,00,00000000,00000000,0,00000000,0000
2959,00,00000000,00000000,0,00000000,0000
2960,00,00000000,00000000,0,00000000,0000
2961,00,00000000,00000000,0,00000000,0000
2962,00,00000000,00000000,0,00000000,0000
2963,01,10101011,10101010,1,00000110,1001
2964,00,00000000,00000000,0,00000000,0000
2965,00,00000000,00000000,0,00000000,0000
2966,00,00000000,00000000,0,00000000,0000
2967,00,00000000,00000000,0,00000000,0000
2968,00,00000000,00000000,0,00000000,0000
2969,01,10101111,10101110,1,00000110,1001
2970,00,00000000,00000000,0,00000000,0000
2971,00,00000000,00000000,0,00000000,0000
2972,00,00000000,00000000,0,00000000,0000
2973,00,00000000,00000000,0,00000000,0000
2974,00,00000000,00000000,0,00000000,0000
2975,01,10110011,10110010,1,00000110,1001
2976,00,00000000,00000000,0,00000000,0000
2977,00,00000000,00000000,0,00000000,0000
2978,00,00000000,00000000,0,00000000,0000
2979,00,00000000,00000000,0,00000000,0000
2980,00,00000000,00000000,0,00000000,0000
2981,01,10110111,10110110,1,00000110,1001
2982,00,00000000,00000000,0,00000000,0000
2983,00,00000000,00000000,0,00000000,0000
2984,00,00000000,00000000,0,00000000,0000
2985,00,00000000,00000000,0,00000000,0000
2986,00,00000000,00000000,0,00000000,0000
2987,01,10111011,10111010,1,00000110,1001
2988,00,00000000,00000000,0,00000000,0000
2989,00,00000000,00000000,0,00000000,0000
2990,00,00000000,00000000,0,00000000,0000
2991,00,00000000,00000000,0,00000000,0000
2992,00,00000000,00000000,0,00000000,0000
2993,01,10111111,10111110,1,00000110,1001
2994,00,00000000,00000000,0,00000000,0000
2995,00,00000000,00000000,0,00000000,0000
2996,00,00000000,00000000,0,00000000,0000
2997,00,00000000,00000000,0,00000000,0000
2998,00,00000000,00000000,0,00000000,0000
2999,01,11000011,11000010,1,00000110,1001
3000,00,00000000,00000000,0,00000000,0000
3001,00,00000000,00000000,0,00000000,0000
3002,00,00000000,00000000,0,00000000,0000
3003,00,00000000,00000000,0,00000000,0000
3004,00,00000000,00000000,0,00000000,0000
3005,01,11000111,11000110,1,00000110,1001
3006,00,00000000,00000000,0,00000000,0000
3007,00,00000000,00000000,0,00000000,0000
3008,00,00000000,00000000,0,00000000,0000
3009,00,00000000,00000000,0,00000000,0000
3010,00,00000000,00000000,0,00000000,0000
3011,01,11001011,11001010,1,00000110,1001
3012,00,00000000,00000000,0,00000000,0000
3013,00,00000000,00000000,0,00000000,0000
3014,00,00000000,00000000,0,00000000,0000
3015,00,00000000,00000000,0,00000000,0000
3016,00,00000000,00000000,0,00000000,0000
3017,01,11001111,11001110,1,00000110,1001
3018,00,00000000,00000000,0,00000000,0000
3019,00,00000000,00000000,0,00000000,0000
3020,00,00000000,00000000,0,00000000,0000
3021,00,00000000,00000000,0,00000000,0000
3022,00,00000000,00000000,0,00000000,0000
3023,01,11010011,11010010,1,00000110,1001
3024,00,00000000,00000000,0,00000000,0000
3025,00,00000000,00000000,0,00000000,0000
3026,00,00000000,00000000,0,00000000,0000
3027,00,00000000,00000000,0,00000000,0000
3028,00,00000000,00000000,0,00000000,0000
3029,01,11010111,11010110,1,00000110,1001
3030,00,00000000,00000000,0,00000000,0000
3031,00,00000000,00000000,0,00000000,0000
3032,00,00000000,00000000,0,00000000,0000
3033,00,00000000,00000000,0,00000000,0000
3034,00,00000000,00000000,0,00000000,0000
3035,01,11011011,11011010,1,00000110,1001
3036,00,00000000,00000000,0,00000000,0000
3037,00,00000000,00000000,0,00000000,0000
3038,00,00000000,00000000,0,00000000,0000
3039,00,00000000,00000000,0,00000000,0000
3040,00,00000000,00000000,0,00000000,0000
3041,01,11011111,11011110,1,00000110,1001
3042,00,00000000,00000000,0,00000000,0000
3043,00,00000000,00000000,0,00000000,0000
3044,00,00000000,00000000,0,00000000,0000
3045,00,00000000,00000000,0,00000000,0000
3046,00,00000000,00000000,0,00000000,0000
3047,01,11100011,11100010,1,00000110,1001
3048,00,00000000,00000000,0,00000000,0000
3049,00,00000000,00000000,0,00000000,0000
3050,00,00000000,00000000,0,00000000,0000
3051,00,00000000,00000000,0,00000000,0000
3052,00,00000000,00000000,0,00000000,0000
3053,01,11100111,11100110,1,00000110,1001
3054,00,00000000,00000000,0,00000000,0000
3055,00,00000000,00000000,0,00000000,0000
3056,00,00000000,00000000,0,00000000,0000
3057,00,00000000,00000000,0,00000000,0000
3058,00,00000000,00000000,0,00000000,0000
3059,01,11101011,11101010,1,00000110,1001
3060,00,00000000,00000000,0,00000000,0000
3061,00,00000000,00000000,0,00000000,0000
3062,00,00000000,00000000,0,00000000,0000
3063,00,00000000,00000000,0,00000000,0000
3064,00,00000000,00000000,0,00000000,0000
3065,01,11101111,11101110,1,00000110,1001
3066,00,00000000,00000000,0,00000000,0000
3067,00,00000000,00000000,0,00000000,0000
3068,00,00000000,00000000,0,00000000,0000
3069,00,00000000,00000000,0,00000000,0000
3070,00,00000000,00000000,0,00000000,0000
3071,01,11110011,11110010,1,00000110,1001
3072,00,00000000,00000000,0,00000000,0000
3073,00,00000000,00000000,0,00000000,0000
3074,00,00000000,00000000,0,00000000,0000
3075,00,00000000,00000000,0,00000000,0000
3076,00,00000000,00000000,0,00000000,0000
3077,01,11110111,11110110,1,00000110,1001
3078,00,00000000,00000000,0,00000000,0000
3079,00,00000000,00000000,0,00000000,0000
3080,00,00000000,00000000,0,00000000,0000
3081,00,00000000,00000000,0,00000000,0000
3082,00,00000000,00000000,0,00000000,0000
3083,01,11111011,11111010,1,00000110,1001
3084,00,00000000,00000000,0,00000000,0000
3085,00,00000000,00000000,0,00000000,0000
3086,00,00000000,00000000,0,00000000,0000
3087,00,00000000,00000000,0,00000000,0000
3088,00,00000000,00000000,0,00000000,0000
3089,01,11111111,11111110,1,00000110,1001
3090,00,00000000,00000000,0,00000000,0000
3091,00,00000000,00000000,0,00000000,0000
3092,00,00000000,00000000,0,00000000,0000
3093,00,00000000,00000000,0,00000000,0000
3094,00,00000000,00000000,0,00000000,0000
3095,00,00000000,00000000,0,00000000,0000
3096,00,00000000,00000000,0,00000000,0000
3097,00,00000000,00000000,0,00000000,0000
3098,00,00000000,00000000,0,00000000,0000
3099,00,00000000,00000000,0,00000000,0000
3100,00,00000000,00000000,0,00000000,0000
3101,00,00000000,00000000,0,00000000,0000
3102,00,00000000,00000000,0,00000000,0000
3103,00,00000000,00000000,0,00000000,0000
3104,00,00000000,00000000,0,00000000,0000
3105,00,00000000,00000000,0,00000000,0000
3106,00,00000000,00000000,0,00000000,0000
3107,00,00000000,00000000,0,00000000,0000
3108,00,00000000,00000000,0,00000000,0000
3109,00,00000000,00000000,0,00000000,0000
3110,00,00000000,00000000,0,00000000,0000
3111,00,00000000,00000000,0,00000000,0000
3112,00,00000000,00000000,0,00000000,0000
3113,00,00000000,00000000,0,00000000,0000
3114,00,00000000,00000000,0,00000000,0000
3115,00,00000000,00000000,0,00000000,0000
3116,00,00000000,00000000,0,00000000,0000
3117,00,00000000,00000000,0,00000000,0000
3118,00,00000000,00000000,0,00000000,0000
