t,half,imm,connect,dst,src1,src0,mask,optype
0,00,0,00,00000000,00000000,00000000,0,0000
1,00,0,00,00000000,00000000,00000000,0,0000
2,00,0,00,00000000,00000000,00000000,0,0000
3,00,0,01,00000000,00000000,00000000,0,1100
4,00,0,01,00000001,00000000,00000001,0,1100
5,00,0,01,00000010,00000000,00000010,0,1100
6,00,0,01,00000011,00000000,00000011,0,1100
7,00,0,01,00000100,00000000,00000100,0,1100
8,00,0,01,00000101,00000000,00000101,0,1100
9,00,0,01,00000110,00000000,00000110,0,1100
10,00,0,01,00000111,00000000,00000111,0,1100
11,00,0,01,00011111,00000000,00100000,0,1100
12,00,0,01,00100000,00000000,00100001,0,1100
13,00,0,00,00000000,00000000,00000000,0,0000
14,00,0,01,00100001,00000000,00100010,0,1100
15,00,0,01,00100011,00000000,00100100,0,1100
16,00,0,01,00100010,00000000,00100011,0,1100
17,00,0,01,00100100,00000000,00100101,0,1100
18,00,0,01,00100101,00000000,00100110,0,1100
19,00,0,01,00100110,00000000,00100111,0,1100
20,00,0,01,00111110,00000000,01000000,0,1100
21,00,0,01,00111111,00000000,01000001,0,1100
22,00,0,01,01000000,00000000,01000010,0,1100
23,00,0,01,01000001,00000000,01000011,0,1100
24,00,0,01,01000010,00000000,01000100,0,1100
25,00,0,01,01000011,00000000,01000101,0,1100
26,00,0,01,01000100,00000000,01000110,0,1100
27,00,0,01,01000101,00000000,01000111,0,1100
28,00,0,01,01011101,00000000,01100000,0,1100
29,00,0,01,01011110,00000000,01100001,0,1100
30,00,0,01,01100000,00000000,01100011,0,1100
31,00,0,01,01011111,00000000,01100010,0,1100
32,00,0,01,01100001,00000000,01100100,0,1100
33,00,0,01,01100010,00000000,01100101,0,1100
34,00,0,01,01100011,00000000,01100110,0,1100
35,00,0,01,01100100,00000000,01100111,0,1100
36,00,0,01,01111100,00000000,10000000,0,1100
37,00,0,01,01111101,00000000,10000001,0,1100
38,00,0,10,00001000,00001110,00000000,0,0011
39,00,0,10,00001010,00001110,00000001,0,0011
40,00,0,10,00001100,00001110,00000010,0,0011
41,00,0,10,00001110,00001110,00000011,0,0011
42,00,0,10,00010000,00001110,00000100,0,0011
43,00,0,10,00010010,00001110,00000101,0,0011
44,00,0,10,00010100,00001110,00000110,0,0011
45,00,0,10,00010110,00001110,00000111,0,0011
46,00,0,01,01111111,00000000,10000011,0,1100
47,00,0,10,00101000,00101101,00100000,0,0011
48,00,0,10,00101010,00101101,00100001,0,0011
49,00,0,10,00101110,00101101,00100011,0,0011
50,00,0,10,00101100,00101101,00100010,0,0011
51,00,0,10,00110000,00101101,00100100,0,0011
52,00,0,10,00110010,00101101,00100101,0,0011
53,00,0,01,01111110,00000000,10000010,0,1100
54,00,0,01,10000000,00000000,10000100,0,1100
55,00,0,01,10000010,00000000,10000110,0,1100
56,00,0,01,10000001,00000000,10000101,0,1100
57,00,0,01,10000011,00000000,10000111,0,1100
58,00,0,01,10011011,00000000,10100000,0,1100
59,00,0,01,10011100,00000000,10100001,0,1100
60,00,0,01,10011110,00000000,10100011,0,1100
61,00,0,01,10011101,00000000,10100010,0,1100
62,00,0,01,10011111,00000000,10100100,0,1100
63,00,0,01,10100000,00000000,10100101,0,1100
64,00,0,01,10100001,00000000,10100110,0,1100
65,00,0,01,10100010,00000000,10100111,0,1100
66,00,0,01,10111010,00000000,11000000,0,1100
67,00,0,01,10111011,00000000,11000001,0,1100
68,00,0,01,10111100,00000000,11000010,0,1100
69,00,0,01,10111101,00000000,11000011,0,1100
70,00,0,01,10111110,00000000,11000100,0,1100
71,00,0,01,10111111,00000000,11000101,0,1100
72,00,0,01,11000000,00000000,11000110,0,1100
73,00,0,01,00001111,00000000,00001001,0,1011
74,00,0,01,11000001,00000000,11000111,0,1100
75,00,0,01,11011001,00000000,11100000,0,1100
76,00,0,01,11011010,00000000,11100001,0,1100
77,00,0,01,00010000,00000000,00001011,0,1011
78,00,0,01,11011100,00000000,11100011,0,1100
79,00,0,01,11011011,00000000,11100010,0,1100
80,00,0,01,11011101,00000000,11100100,0,1100
81,00,0,01,00010001,00000000,00001101,0,1011
82,00,0,01,11011110,00000000,11100101,0,1100
83,00,0,01,11011111,00000000,11100110,0,1100
84,00,0,01,11100000,00000000,11100111,0,1100
85,00,0,01,00010010,00000000,00001111,0,1011
86,00,0,00,00000000,00000000,00000000,0,0000
87,00,0,00,00000000,00000000,00000000,0,0000
88,00,0,00,00000000,00000000,00000000,0,0000
89,00,0,01,00010011,00000000,00010001,0,1011
90,00,0,00,00000000,00000000,00000000,0,0000
91,00,0,00,00000000,00000000,00000000,0,0000
92,00,0,00,00000000,00000000,00000000,0,0000
93,00,0,01,00010100,00000000,00010011,0,1011
94,00,0,00,00000000,00000000,00000000,0,0000
95,00,0,00,00000000,00000000,00000000,0,0000
96,00,0,00,00000000,00000000,00000000,0,0000
97,00,0,01,00010101,00000000,00010101,0,1011
98,00,0,00,00000000,00000000,00000000,0,0000
99,00,0,00,00000000,00000000,00000000,0,0000
100,00,0,00,00000000,00000000,00000000,0,0000
101,00,0,01,00010110,00000000,00010111,0,1011
102,00,0,00,00000000,00000000,00000000,0,0000
103,00,0,00,00000000,00000000,00000000,0,0000
104,00,0,00,00000000,00000000,00000000,0,0000
105,00,0,01,00101110,00000000,00101001,0,1011
106,00,0,00,00000000,00000000,00000000,0,0000
107,00,0,00,00000000,00000000,00000000,0,0000
108,00,0,00,00000000,00000000,00000000,0,0000
109,00,0,01,00101111,00000000,00101011,0,1011
110,00,0,00,00000000,00000000,00000000,0,0000
111,00,0,00,00000000,00000000,00000000,0,0000
112,00,0,00,00000000,00000000,00000000,0,0000
113,00,0,01,00110000,00000000,00101101,0,1011
114,00,0,00,00000000,00000000,00000000,0,0000
115,00,0,00,00000000,00000000,00000000,0,0000
116,00,0,00,00000000,00000000,00000000,0,0000
117,00,0,01,00110001,00000000,00101111,0,1011
118,00,0,10,00110100,00101101,00100110,0,0011
119,00,0,10,00110110,00101101,00100111,0,0011
120,00,0,10,01001000,01001100,01000000,0,0011
121,00,0,01,00110010,00000000,00110001,0,1011
122,00,0,10,01001010,01001100,01000001,0,0011
123,00,0,10,01001100,01001100,01000010,0,0011
124,00,0,10,01001110,01001100,01000011,0,0011
125,00,0,01,00110011,00000000,00110011,0,1011
126,00,0,10,01010000,01001100,01000100,0,0011
127,00,0,10,10001000,10001010,10000000,0,0011
128,00,0,10,01010010,01001100,01000101,0,0011
129,00,0,10,01101000,01101011,01100000,0,0011
130,00,0,10,01010100,01001100,01000110,0,0011
131,00,0,10,01010110,01001100,01000111,0,0011
132,00,0,10,01101010,01101011,01100001,0,0011
133,00,0,00,00000000,00000000,00000000,0,0000
134,00,0,00,00000000,00000000,00000000,0,0000
135,00,0,00,00000000,00000000,00000000,0,0000
136,00,0,00,00000000,00000000,00000000,0,0000
137,00,0,00,00000000,00000000,00000000,0,0000
138,00,0,00,00000000,00000000,00000000,0,0000
139,00,0,00,00000000,00000000,00000000,0,0000
140,00,0,00,00000000,00000000,00000000,0,0000
141,00,0,00,00000000,00000000,00000000,0,0000
142,00,0,00,00000000,00000000,00000000,0,0000
143,00,0,00,00000000,00000000,00000000,0,0000
144,00,0,00,00000000,00000000,00000000,0,0000
145,00,0,00,00000000,00000000,00000000,0,0000
146,00,0,00,00000000,00000000,00000000,0,0000
147,00,0,00,00000000,00000000,00000000,0,0000
148,00,0,00,00000000,00000000,00000000,0,0000
149,00,0,00,00000000,00000000,00000000,0,0000
150,00,0,00,00000000,00000000,00000000,0,0000
151,00,0,00,00000000,00000000,00000000,0,0000
152,00,0,00,00000000,00000000,00000000,0,0000
153,00,0,01,00110100,00000000,00110101,0,1011
154,00,0,00,00000000,00000000,00000000,0,0000
155,00,0,00,00000000,00000000,00000000,0,0000
156,00,0,00,00000000,00000000,00000000,0,0000
157,00,0,01,00110101,00000000,00110111,0,1011
158,00,0,00,00000000,00000000,00000000,0,0000
159,00,0,00,00000000,00000000,00000000,0,0000
160,00,0,00,00000000,00000000,00000000,0,0000
161,00,0,01,01001101,00000000,01001001,0,1011
162,00,0,00,00000000,00000000,00000000,0,0000
163,00,0,00,00000000,00000000,00000000,0,0000
164,00,0,00,00000000,00000000,00000000,0,0000
165,00,0,01,01001110,00000000,01001011,0,1011
166,00,0,00,00000000,00000000,00000000,0,0000
167,00,0,00,00000000,00000000,00000000,0,0000
168,00,0,00,00000000,00000000,00000000,0,0000
169,00,0,01,01001111,00000000,01001101,0,1011
170,00,0,00,00000000,00000000,00000000,0,0000
171,00,0,00,00000000,00000000,00000000,0,0000
172,00,0,00,00000000,00000000,00000000,0,0000
173,00,0,01,01010000,00000000,01001111,0,1011
174,00,0,00,00000000,00000000,00000000,0,0000
175,00,0,00,00000000,00000000,00000000,0,0000
176,00,0,00,00000000,00000000,00000000,0,0000
177,00,0,01,01010001,00000000,01010001,0,1011
178,00,0,00,00000000,00000000,00000000,0,0000
179,00,0,00,00000000,00000000,00000000,0,0000
180,00,0,00,00000000,00000000,00000000,0,0000
181,00,0,01,01010010,00000000,01010011,0,1011
182,00,0,00,00000000,00000000,00000000,0,0000
183,00,0,00,00000000,00000000,00000000,0,0000
184,00,0,00,00000000,00000000,00000000,0,0000
185,00,0,01,01010011,00000000,01010101,0,1011
186,00,0,00,00000000,00000000,00000000,0,0000
187,00,0,00,00000000,00000000,00000000,0,0000
188,00,0,00,00000000,00000000,00000000,0,0000
189,00,0,01,01010100,00000000,01010111,0,1011
190,00,0,00,00000000,00000000,00000000,0,0000
191,00,0,00,00000000,00000000,00000000,0,0000
192,00,0,00,00000000,00000000,00000000,0,0000
193,00,0,01,01101100,00000000,01101001,0,1011
194,00,0,10,00011000,00011110,00001000,0,0011
195,00,0,10,00011001,00011110,00001010,0,0011
196,00,0,10,00011010,00011110,00001100,0,0011
197,00,0,10,00011011,00011110,00001110,0,0011
198,00,0,10,00011100,00011110,00010000,0,0011
199,00,0,10,00011101,00011110,00010010,0,0011
200,00,0,10,00011110,00011110,00010100,0,0011
201,00,0,10,00011111,00011110,00010110,0,0011
202,00,0,01,01101101,00000000,01101011,0,1011
203,00,0,10,01101110,01101011,01100011,0,0011
204,00,0,10,01101100,01101011,01100010,0,0011
205,00,0,10,01110010,01101011,01100101,0,0011
206,00,0,10,01110000,01101011,01100100,0,0011
207,00,0,10,01110110,01101011,01100111,0,0011
208,00,0,01,10001011,00000000,10001001,0,1011
209,00,0,10,01110100,01101011,01100110,0,0011
210,00,0,10,10001010,10001010,10000001,0,0011
211,00,0,10,10001100,10001010,10000010,0,0011
212,00,0,10,00111000,00111101,00101000,0,0011
213,00,0,10,00111001,00111101,00101010,0,0011
214,00,0,10,00111010,00111101,00101100,0,0011
215,00,0,10,00111011,00111101,00101110,0,0011
216,00,0,10,00111100,00111101,00110000,0,0011
217,00,0,10,00111101,00111101,00110010,0,0011
218,00,0,01,11111001,00000000,00000001,0,1100
219,00,0,01,11111010,00000000,00000010,0,1100
220,00,0,01,11111000,00000000,00000000,0,1100
221,00,0,01,11111011,00000000,00000011,0,1100
222,00,0,01,11111101,00000000,00000101,0,1100
223,00,0,01,11111110,00000000,00000110,0,1100
224,00,0,01,11111100,00000000,00000100,0,1100
225,00,0,01,11111111,00000000,00000111,0,1100
226,00,0,00,00000000,00000000,00000000,0,0000
227,00,0,00,00000000,00000000,00000000,0,0000
228,00,0,00,00000000,00000000,00000000,0,0000
229,00,0,00,00000000,00000000,00000000,0,0000
230,00,0,00,00000000,00000000,00000000,0,0000
231,00,0,00,00000000,00000000,00000000,0,0000
232,00,0,00,00000000,00000000,00000000,0,0000
233,00,0,00,00000000,00000000,00000000,0,0000
234,00,0,00,00000000,00000000,00000000,0,0000
235,00,0,00,00000000,00000000,00000000,0,0000
236,00,0,00,00000000,00000000,00000000,0,0000
237,00,0,00,00000000,00000000,00000000,0,0000
238,00,0,01,01101111,00000000,01101111,0,1011
239,00,0,00,00000000,00000000,00000000,0,0000
240,00,0,00,00000000,00000000,00000000,0,0000
241,00,0,00,00000000,00000000,00000000,0,0000
242,00,0,01,01110001,00000000,01110011,0,1011
243,00,0,00,00000000,00000000,00000000,0,0000
244,00,0,00,00000000,00000000,00000000,0,0000
245,00,0,00,00000000,00000000,00000000,0,0000
246,00,0,01,01101110,00000000,01101101,0,1011
247,00,0,00,00000000,00000000,00000000,0,0000
248,00,0,00,00000000,00000000,00000000,0,0000
249,00,0,00,00000000,00000000,00000000,0,0000
250,00,0,01,01110000,00000000,01110001,0,1011
251,00,0,00,00000000,00000000,00000000,0,0000
252,00,0,00,00000000,00000000,00000000,0,0000
253,00,0,00,00000000,00000000,00000000,0,0000
254,00,0,01,01110010,00000000,01110101,0,1011
255,00,0,00,00000000,00000000,00000000,0,0000
256,00,0,00,00000000,00000000,00000000,0,0000
257,00,0,00,00000000,00000000,00000000,0,0000
258,00,0,01,01110011,00000000,01110111,0,1011
259,00,0,10,00111110,00111101,00110100,0,0011
260,00,0,10,00111111,00111101,00110110,0,0011
261,00,0,10,01011000,01011100,01001000,0,0011
262,00,0,10,01011001,01011100,01001010,0,0011
263,00,0,10,01011010,01011100,01001100,0,0011
264,00,0,10,01011011,01011100,01001110,0,0011
265,00,0,10,01011100,01011100,01010000,0,0011
266,00,0,10,01011110,01011100,01010100,0,0011
267,00,0,10,01011101,01011100,01010010,0,0011
268,00,0,10,01011111,01011100,01010110,0,0011
269,00,0,01,10001100,00000000,10001011,0,1011
270,00,0,01,10001101,00000000,10001101,0,1011
271,00,0,10,10010000,10001010,10000100,0,0011
272,00,0,10,10001110,10001010,10000011,0,0011
273,00,0,10,10010010,10001010,10000101,0,0011
274,00,0,10,10010100,10001010,10000110,0,0011
275,00,0,10,10101000,10101001,10100000,0,0011
276,00,0,10,10010110,10001010,10000111,0,0011
277,00,0,10,10101010,10101001,10100001,0,0011
278,00,0,10,10101100,10101001,10100010,0,0011
279,00,0,10,10101110,10101001,10100011,0,0011
280,00,0,10,10110000,10101001,10100100,0,0011
281,00,0,10,10110010,10101001,10100101,0,0011
282,00,0,10,10110110,10101001,10100111,0,0011
283,00,0,10,10110100,10101001,10100110,0,0011
284,00,0,10,11101000,11100111,11100000,0,0011
285,00,0,10,11001000,11001000,11000000,0,0011
286,00,0,01,00010111,00000000,00100000,0,1100
287,00,0,01,00011000,00000000,00100001,0,1100
288,00,0,01,00011001,00000000,00100010,0,1100
289,00,0,01,00011010,00000000,00100011,0,1100
290,00,0,01,00011100,00000000,00100101,0,1100
291,00,0,01,00011011,00000000,00100100,0,1100
292,00,0,01,00011101,00000000,00100110,0,1100
293,00,0,01,00011110,00000000,00100111,0,1100
294,00,0,01,00110110,00000000,01000000,0,1100
295,00,0,01,00110111,00000000,01000001,0,1100
296,00,0,01,00111001,00000000,01000011,0,1100
297,00,0,01,00111000,00000000,01000010,0,1100
298,00,0,01,00111011,00000000,01000101,0,1100
299,00,0,01,00111010,00000000,01000100,0,1100
300,00,0,01,00111100,00000000,01000110,0,1100
301,00,0,01,00111101,00000000,01000111,0,1100
302,00,0,00,00000000,00000000,00000000,0,0000
303,00,0,00,00000000,00000000,00000000,0,0000
304,00,0,00,00000000,00000000,00000000,0,0000
305,00,0,00,00000000,00000000,00000000,0,0000
306,00,0,01,10001111,00000000,10010001,0,1011
307,00,0,00,00000000,00000000,00000000,0,0000
308,00,0,00,00000000,00000000,00000000,0,0000
309,00,0,00,00000000,00000000,00000000,0,0000
310,00,0,01,10001110,00000000,10001111,0,1011
311,00,0,00,00000000,00000000,00000000,0,0000
312,00,0,00,00000000,00000000,00000000,0,0000
313,00,0,00,00000000,00000000,00000000,0,0000
314,00,0,01,10010000,00000000,10010011,0,1011
315,00,0,00,00000000,00000000,00000000,0,0000
316,00,0,00,00000000,00000000,00000000,0,0000
317,00,0,00,00000000,00000000,00000000,0,0000
318,00,0,01,10010001,00000000,10010101,0,1011
319,00,0,00,00000000,00000000,00000000,0,0000
320,00,0,00,00000000,00000000,00000000,0,0000
321,00,0,00,00000000,00000000,00000000,0,0000
322,00,0,01,10010010,00000000,10010111,0,1011
323,00,0,00,00000000,00000000,00000000,0,0000
324,00,0,00,00000000,00000000,00000000,0,0000
325,00,0,00,00000000,00000000,00000000,0,0000
326,00,0,01,10101010,00000000,10101001,0,1011
327,00,0,00,00000000,00000000,00000000,0,0000
328,00,0,00,00000000,00000000,00000000,0,0000
329,00,0,00,00000000,00000000,00000000,0,0000
330,00,0,01,10101011,00000000,10101011,0,1011
331,00,0,00,00000000,00000000,00000000,0,0000
332,00,0,00,00000000,00000000,00000000,0,0000
333,00,0,00,00000000,00000000,00000000,0,0000
334,00,0,01,10101100,00000000,10101101,0,1011
335,00,0,00,00000000,00000000,00000000,0,0000
336,00,0,00,00000000,00000000,00000000,0,0000
337,00,0,00,00000000,00000000,00000000,0,0000
338,00,0,01,10101101,00000000,10101111,0,1011
339,00,0,00,00000000,00000000,00000000,0,0000
340,00,0,00,00000000,00000000,00000000,0,0000
341,00,0,00,00000000,00000000,00000000,0,0000
342,00,0,01,10101110,00000000,10110001,0,1011
343,00,0,00,00000000,00000000,00000000,0,0000
344,00,0,00,00000000,00000000,00000000,0,0000
345,00,0,00,00000000,00000000,00000000,0,0000
346,00,0,01,10101111,00000000,10110011,0,1011
347,00,0,00,00000000,00000000,00000000,0,0000
348,00,0,00,00000000,00000000,00000000,0,0000
349,00,0,00,00000000,00000000,00000000,0,0000
350,00,0,01,10110000,00000000,10110101,0,1011
351,00,0,00,00000000,00000000,00000000,0,0000
352,00,0,00,00000000,00000000,00000000,0,0000
353,00,0,00,00000000,00000000,00000000,0,0000
354,00,0,01,10110001,00000000,10110111,0,1011
355,00,0,10,01111000,01111011,01101000,0,0011
356,00,0,10,01111001,01111011,01101010,0,0011
357,00,0,10,01111010,01111011,01101100,0,0011
358,00,0,10,01111011,01111011,01101110,0,0011
359,00,0,10,01111100,01111011,01110000,0,0011
360,00,0,10,01111101,01111011,01110010,0,0011
361,00,0,10,01111110,01111011,01110100,0,0011
362,00,0,10,01111111,01111011,01110110,0,0011
363,00,0,10,11001100,11001000,11000010,0,0011
364,00,0,01,11001001,00000000,11001001,0,1011
365,00,0,10,11001010,11001000,11000001,0,0011
366,00,0,01,11101000,00000000,11101001,0,1011
367,00,0,10,11001110,11001000,11000011,0,0011
368,00,0,10,11010000,11001000,11000100,0,0011
369,00,0,10,11010010,11001000,11000101,0,0011
370,00,0,10,11010100,11001000,11000110,0,0011
371,00,0,10,11010110,11001000,11000111,0,0011
372,00,0,10,11101010,11100111,11100001,0,0011
373,00,0,10,11101100,11100111,11100010,0,0011
374,00,0,10,11101110,11100111,11100011,0,0011
375,00,0,10,11110000,11100111,11100100,0,0011
376,00,0,10,11110010,11100111,11100101,0,0011
377,00,0,10,10011000,10011010,10001000,0,0011
378,00,0,01,01010101,00000000,01100000,0,1100
379,00,0,01,01010110,00000000,01100001,0,1100
380,00,0,01,01010111,00000000,01100010,0,1100
381,00,0,01,01011000,00000000,01100011,0,1100
382,00,0,01,01011010,00000000,01100101,0,1100
383,00,0,01,01011001,00000000,01100100,0,1100
384,00,0,01,01011011,00000000,01100110,0,1100
385,00,0,01,01011100,00000000,01100111,0,1100
386,00,0,00,00000000,00000000,00000000,0,0000
387,00,0,00,00000000,00000000,00000000,0,0000
388,00,0,00,00000000,00000000,00000000,0,0000
389,00,0,00,00000000,00000000,00000000,0,0000
390,00,0,00,00000000,00000000,00000000,0,0000
391,00,0,00,00000000,00000000,00000000,0,0000
392,00,0,00,00000000,00000000,00000000,0,0000
393,00,0,00,00000000,00000000,00000000,0,0000
394,00,0,00,00000000,00000000,00000000,0,0000
395,00,0,00,00000000,00000000,00000000,0,0000
396,00,0,00,00000000,00000000,00000000,0,0000
397,00,0,00,00000000,00000000,00000000,0,0000
398,00,0,01,11001011,00000000,11001101,0,1011
399,00,0,00,00000000,00000000,00000000,0,0000
400,00,0,00,00000000,00000000,00000000,0,0000
401,00,0,00,00000000,00000000,00000000,0,0000
402,00,0,01,11001010,00000000,11001011,0,1011
403,00,0,00,00000000,00000000,00000000,0,0000
404,00,0,00,00000000,00000000,00000000,0,0000
405,00,0,00,00000000,00000000,00000000,0,0000
406,00,0,01,11001100,00000000,11001111,0,1011
407,00,0,00,00000000,00000000,00000000,0,0000
408,00,0,00,00000000,00000000,00000000,0,0000
409,00,0,00,00000000,00000000,00000000,0,0000
410,00,0,01,11001101,00000000,11010001,0,1011
411,00,0,00,00000000,00000000,00000000,0,0000
412,00,0,00,00000000,00000000,00000000,0,0000
413,00,0,00,00000000,00000000,00000000,0,0000
414,00,0,01,11001110,00000000,11010011,0,1011
415,00,0,00,00000000,00000000,00000000,0,0000
416,00,0,00,00000000,00000000,00000000,0,0000
417,00,0,00,00000000,00000000,00000000,0,0000
418,00,0,01,11001111,00000000,11010101,0,1011
419,00,0,00,00000000,00000000,00000000,0,0000
420,00,0,00,00000000,00000000,00000000,0,0000
421,00,0,00,00000000,00000000,00000000,0,0000
422,00,0,01,11010000,00000000,11010111,0,1011
423,00,0,00,00000000,00000000,00000000,0,0000
424,00,0,00,00000000,00000000,00000000,0,0000
425,00,0,00,00000000,00000000,00000000,0,0000
426,00,0,01,11101001,00000000,11101011,0,1011
427,00,0,00,00000000,00000000,00000000,0,0000
428,00,0,00,00000000,00000000,00000000,0,0000
429,00,0,00,00000000,00000000,00000000,0,0000
430,00,0,01,11101010,00000000,11101101,0,1011
431,00,0,00,00000000,00000000,00000000,0,0000
432,00,0,00,00000000,00000000,00000000,0,0000
433,00,0,00,00000000,00000000,00000000,0,0000
434,00,0,01,11101011,00000000,11101111,0,1011
435,00,0,10,10011001,10011010,10001010,0,0011
436,00,0,10,10011010,10011010,10001100,0,0011
437,00,0,10,10011011,10011010,10001110,0,0011
438,00,0,10,10011100,10011010,10010000,0,0011
439,00,0,10,10011101,10011010,10010010,0,0011
440,00,0,10,10011110,10011010,10010100,0,0011
441,00,0,10,10011111,10011010,10010110,0,0011
442,00,0,10,10111000,10111001,10101000,0,0011
443,00,0,10,10111010,10111001,10101100,0,0011
444,00,0,10,10111001,10111001,10101010,0,0011
445,00,0,10,10111011,10111001,10101110,0,0011
446,00,0,10,10111100,10111001,10110000,0,0011
447,00,0,10,10111110,10111001,10110100,0,0011
448,00,0,10,10111101,10111001,10110010,0,0011
449,00,0,10,10111111,10111001,10110110,0,0011
450,00,0,01,11101100,00000000,11110001,0,1011
451,00,0,01,11101101,00000000,11110011,0,1011
452,00,0,10,11110100,11100111,11100110,0,0011
453,00,0,10,11110110,11100111,11100111,0,0011
454,00,0,10,00001000,00000110,00000000,0,0011
455,00,0,10,00001100,00000110,00000010,0,0011
456,00,0,10,00001010,00000110,00000001,0,0011
457,00,0,10,00001110,00000110,00000011,0,0011
458,00,0,10,00010000,00000110,00000100,0,0011
459,00,0,10,00010010,00000110,00000101,0,0011
460,00,0,10,00010100,00000110,00000110,0,0011
461,00,0,10,00010110,00000110,00000111,0,0011
462,00,0,10,00101000,00100101,00100000,0,0011
463,00,0,10,01101000,01100011,01100000,0,0011
464,00,0,10,00101010,00100101,00100001,0,0011
465,00,0,10,00101100,00100101,00100010,0,0011
466,00,0,10,00101110,00100101,00100011,0,0011
467,00,0,01,01110101,00000000,10000001,0,1100
468,00,0,01,01110100,00000000,10000000,0,1100
469,00,0,01,01110110,00000000,10000010,0,1100
470,00,0,01,01110111,00000000,10000011,0,1100
471,00,0,01,01111000,00000000,10000100,0,1100
472,00,0,01,01111001,00000000,10000101,0,1100
473,00,0,01,01111010,00000000,10000110,0,1100
474,00,0,01,01111011,00000000,10000111,0,1100
475,00,0,01,10010101,00000000,10100010,0,1100
476,00,0,01,10010011,00000000,10100000,0,1100
477,00,0,01,10010100,00000000,10100001,0,1100
478,00,0,01,10010110,00000000,10100011,0,1100
479,00,0,01,10010111,00000000,10100100,0,1100
480,00,0,01,10011000,00000000,10100101,0,1100
481,00,0,01,10011001,00000000,10100110,0,1100
482,00,0,01,10011010,00000000,10100111,0,1100
483,00,0,00,00000000,00000000,00000000,0,0000
484,00,0,00,00000000,00000000,00000000,0,0000
485,00,0,00,00000000,00000000,00000000,0,0000
486,00,0,00,00000000,00000000,00000000,0,0000
487,00,0,01,11101110,00000000,11110101,0,1011
488,00,0,00,00000000,00000000,00000000,0,0000
489,00,0,00,00000000,00000000,00000000,0,0000
490,00,0,00,00000000,00000000,00000000,0,0000
491,00,0,01,11101111,00000000,11110111,0,1011
492,00,0,00,00000000,00000000,00000000,0,0000
493,00,0,00,00000000,00000000,00000000,0,0000
494,00,0,00,00000000,00000000,00000000,0,0000
495,00,0,01,00000111,00000000,00001001,0,1011
496,00,0,00,00000000,00000000,00000000,0,0000
497,00,0,00,00000000,00000000,00000000,0,0000
498,00,0,00,00000000,00000000,00000000,0,0000
499,00,0,01,00001000,00000000,00001011,0,1011
500,00,0,00,00000000,00000000,00000000,0,0000
501,00,0,00,00000000,00000000,00000000,0,0000
502,00,0,00,00000000,00000000,00000000,0,0000
503,00,0,01,00001001,00000000,00001101,0,1011
504,00,0,00,00000000,00000000,00000000,0,0000
505,00,0,00,00000000,00000000,00000000,0,0000
506,00,0,00,00000000,00000000,00000000,0,0000
507,00,0,01,00001010,00000000,00001111,0,1011
508,00,0,00,00000000,00000000,00000000,0,0000
509,00,0,00,00000000,00000000,00000000,0,0000
510,00,0,00,00000000,00000000,00000000,0,0000
511,00,0,01,00001011,00000000,00010001,0,1011
512,00,0,00,00000000,00000000,00000000,0,0000
513,00,0,00,00000000,00000000,00000000,0,0000
514,00,0,00,00000000,00000000,00000000,0,0000
515,00,0,01,00001100,00000000,00010011,0,1011
516,00,0,00,00000000,00000000,00000000,0,0000
517,00,0,00,00000000,00000000,00000000,0,0000
518,00,0,00,00000000,00000000,00000000,0,0000
519,00,0,01,00001101,00000000,00010101,0,1011
520,00,0,00,00000000,00000000,00000000,0,0000
521,00,0,00,00000000,00000000,00000000,0,0000
522,00,0,00,00000000,00000000,00000000,0,0000
523,00,0,01,00001110,00000000,00010111,0,1011
524,00,0,00,00000000,00000000,00000000,0,0000
525,00,0,00,00000000,00000000,00000000,0,0000
526,00,0,00,00000000,00000000,00000000,0,0000
527,00,0,01,00100110,00000000,00101001,0,1011
528,00,0,00,00000000,00000000,00000000,0,0000
529,00,0,00,00000000,00000000,00000000,0,0000
530,00,0,00,00000000,00000000,00000000,0,0000
531,00,0,01,00100111,00000000,00101011,0,1011
532,00,0,00,00000000,00000000,00000000,0,0000
533,00,0,00,00000000,00000000,00000000,0,0000
534,00,0,00,00000000,00000000,00000000,0,0000
535,00,0,01,00101000,00000000,00101101,0,1011
536,00,0,10,11011000,11011000,11001000,0,0011
537,00,0,10,11011001,11011000,11001010,0,0011
538,00,0,10,11011010,11011000,11001100,0,0011
539,00,0,10,11011011,11011000,11001110,0,0011
540,00,0,10,11011100,11011000,11010000,0,0011
541,00,0,10,11011101,11011000,11010010,0,0011
542,00,0,10,11011110,11011000,11010100,0,0011
543,00,0,10,11011111,11011000,11010110,0,0011
544,00,0,01,00101001,00000000,00101111,0,1011
545,00,0,10,00110000,00100101,00100100,0,0011
546,00,0,10,11111000,11110111,11101000,0,0011
547,00,0,10,11111001,11110111,11101010,0,0011
548,00,0,10,11111010,11110111,11101100,0,0011
549,00,0,10,11111100,11110111,11110000,0,0011
550,00,0,10,11111011,11110111,11101110,0,0011
551,00,0,10,11111101,11110111,11110010,0,0011
552,00,0,10,11111110,11110111,11110100,0,0011
553,00,0,10,11111111,11110111,11110110,0,0011
554,00,0,10,00110100,00100101,00100110,0,0011
555,00,0,10,00110010,00100101,00100101,0,0011
556,00,0,10,00110110,00100101,00100111,0,0011
557,00,0,01,01100100,00000000,01101001,0,1011
558,00,0,10,01001000,01000100,01000000,0,0011
559,00,0,10,01001010,01000100,01000001,0,0011
560,00,0,10,01001100,01000100,01000010,0,0011
561,00,0,10,01001110,01000100,01000011,0,0011
562,00,0,01,10110010,00000000,11000000,0,1100
563,00,0,01,10110011,00000000,11000001,0,1100
564,00,0,01,10110100,00000000,11000010,0,1100
565,00,0,01,10110101,00000000,11000011,0,1100
566,00,0,01,10110111,00000000,11000101,0,1100
567,00,0,01,10110110,00000000,11000100,0,1100
568,00,0,01,10111000,00000000,11000110,0,1100
569,00,0,01,10111001,00000000,11000111,0,1100
570,00,0,01,11010001,00000000,11100000,0,1100
571,00,0,01,11010010,00000000,11100001,0,1100
572,00,0,01,11010100,00000000,11100011,0,1100
573,00,0,01,11010011,00000000,11100010,0,1100
574,00,0,01,11010110,00000000,11100101,0,1100
575,00,0,01,11010101,00000000,11100100,0,1100
576,00,0,01,11010111,00000000,11100110,0,1100
577,00,0,01,11011000,00000000,11100111,0,1100
578,00,0,00,00000000,00000000,00000000,0,0000
579,00,0,00,00000000,00000000,00000000,0,0000
580,00,0,00,00000000,00000000,00000000,0,0000
581,00,0,00,00000000,00000000,00000000,0,0000
582,00,0,01,00101010,00000000,00110001,0,1011
583,00,0,00,00000000,00000000,00000000,0,0000
584,00,0,00,00000000,00000000,00000000,0,0000
585,00,0,00,00000000,00000000,00000000,0,0000
586,00,0,00,00000000,00000000,00000000,0,0000
587,00,0,00,00000000,00000000,00000000,0,0000
588,00,0,00,00000000,00000000,00000000,0,0000
589,00,0,00,00000000,00000000,00000000,0,0000
590,00,0,01,00101011,00000000,00110011,0,1011
591,00,0,00,00000000,00000000,00000000,0,0000
592,00,0,00,00000000,00000000,00000000,0,0000
593,00,0,00,00000000,00000000,00000000,0,0000
594,00,0,01,00101100,00000000,00110101,0,1011
595,00,0,00,00000000,00000000,00000000,0,0000
596,00,0,00,00000000,00000000,00000000,0,0000
597,00,0,00,00000000,00000000,00000000,0,0000
598,00,0,01,00101101,00000000,00110111,0,1011
599,00,0,00,00000000,00000000,00000000,0,0000
600,00,0,00,00000000,00000000,00000000,0,0000
601,00,0,00,00000000,00000000,00000000,0,0000
602,00,0,01,01000101,00000000,01001001,0,1011
603,00,0,00,00000000,00000000,00000000,0,0000
604,00,0,00,00000000,00000000,00000000,0,0000
605,00,0,00,00000000,00000000,00000000,0,0000
606,00,0,01,01000110,00000000,01001011,0,1011
607,00,0,10,00011000,00010110,00001000,0,0011
608,00,0,10,00011001,00010110,00001010,0,0011
609,00,0,10,00011010,00010110,00001100,0,0011
610,00,0,10,00011011,00010110,00001110,0,0011
611,00,0,10,00011100,00010110,00010000,0,0011
612,00,0,10,00011101,00010110,00010010,0,0011
613,00,0,10,00011110,00010110,00010100,0,0011
614,00,0,10,00011111,00010110,00010110,0,0011
615,00,0,01,01001000,00000000,01001111,0,1011
616,00,0,01,01000111,00000000,01001101,0,1011
617,00,0,10,01101010,01100011,01100001,0,0011
618,00,0,10,01010010,01000100,01000101,0,0011
619,00,0,10,01010000,01000100,01000100,0,0011
620,00,0,10,01010110,01000100,01000111,0,0011
621,00,0,10,01010100,01000100,01000110,0,0011
622,00,0,10,01101100,01100011,01100010,0,0011
623,00,0,10,01101110,01100011,01100011,0,0011
624,00,0,10,10101000,10100001,10100000,0,0011
625,00,0,10,01110000,01100011,01100100,0,0011
626,00,0,10,01110010,01100011,01100101,0,0011
627,00,0,10,01110100,01100011,01100110,0,0011
628,00,0,10,10001010,10000010,10000001,0,0011
629,00,0,10,01110110,01100011,01100111,0,0011
630,00,0,10,10001000,10000010,10000000,0,0011
631,00,0,10,10001100,10000010,10000010,0,0011
632,00,0,01,11110000,00000000,00000000,0,1100
633,00,0,01,11110001,00000000,00000001,0,1100
634,00,0,01,11110010,00000000,00000010,0,1100
635,00,0,01,11110011,00000000,00000011,0,1100
636,00,0,01,11110101,00000000,00000101,0,1100
637,00,0,01,11110100,00000000,00000100,0,1100
638,00,0,01,11110110,00000000,00000110,0,1100
639,00,0,01,11110111,00000000,00000111,0,1100
640,00,0,00,00000000,00000000,00000000,0,0000
641,00,0,00,00000000,00000000,00000000,0,0000
642,00,0,00,00000000,00000000,00000000,0,0000
643,00,0,00,00000000,00000000,00000000,0,0000
644,00,0,00,00000000,00000000,00000000,0,0000
645,00,0,00,00000000,00000000,00000000,0,0000
646,00,0,00,00000000,00000000,00000000,0,0000
647,00,0,00,00000000,00000000,00000000,0,0000
648,00,0,00,00000000,00000000,00000000,0,0000
649,00,0,00,00000000,00000000,00000000,0,0000
650,00,0,00,00000000,00000000,00000000,0,0000
651,00,0,00,00000000,00000000,00000000,0,0000
652,00,0,01,01100101,00000000,01101011,0,1011
653,00,0,00,00000000,00000000,00000000,0,0000
654,00,0,00,00000000,00000000,00000000,0,0000
655,00,0,00,00000000,00000000,00000000,0,0000
656,00,0,01,01001001,00000000,01010001,0,1011
657,00,0,00,00000000,00000000,00000000,0,0000
658,00,0,00,00000000,00000000,00000000,0,0000
659,00,0,00,00000000,00000000,00000000,0,0000
660,00,0,01,01001010,00000000,01010011,0,1011
661,00,0,00,00000000,00000000,00000000,0,0000
662,00,0,00,00000000,00000000,00000000,0,0000
663,00,0,00,00000000,00000000,00000000,0,0000
664,00,0,01,01001011,00000000,01010101,0,1011
665,00,0,00,00000000,00000000,00000000,0,0000
666,00,0,00,00000000,00000000,00000000,0,0000
667,00,0,00,00000000,00000000,00000000,0,0000
668,00,0,01,01001100,00000000,01010111,0,1011
669,00,0,00,00000000,00000000,00000000,0,0000
670,00,0,00,00000000,00000000,00000000,0,0000
671,00,0,00,00000000,00000000,00000000,0,0000
672,00,0,01,01100110,00000000,01101101,0,1011
673,00,0,00,00000000,00000000,00000000,0,0000
674,00,0,00,00000000,00000000,00000000,0,0000
675,00,0,00,00000000,00000000,00000000,0,0000
676,00,0,01,01100111,00000000,01101111,0,1011
677,00,0,00,00000000,00000000,00000000,0,0000
678,00,0,00,00000000,00000000,00000000,0,0000
679,00,0,00,00000000,00000000,00000000,0,0000
680,00,0,01,01101000,00000000,01110001,0,1011
681,00,0,00,00000000,00000000,00000000,0,0000
682,00,0,00,00000000,00000000,00000000,0,0000
683,00,0,00,00000000,00000000,00000000,0,0000
684,00,0,01,01101001,00000000,01110011,0,1011
685,00,0,00,00000000,00000000,00000000,0,0000
686,00,0,00,00000000,00000000,00000000,0,0000
687,00,0,00,00000000,00000000,00000000,0,0000
688,00,0,01,01101010,00000000,01110101,0,1011
689,00,0,00,00000000,00000000,00000000,0,0000
690,00,0,00,00000000,00000000,00000000,0,0000
691,00,0,00,00000000,00000000,00000000,0,0000
692,00,0,01,01101011,00000000,01110111,0,1011
693,00,0,00,00000000,00000000,00000000,0,0000
694,00,0,00,00000000,00000000,00000000,0,0000
695,00,0,00,00000000,00000000,00000000,0,0000
696,00,0,01,10000011,00000000,10001001,0,1011
697,00,0,00,00000000,00000000,00000000,0,0000
698,00,0,00,00000000,00000000,00000000,0,0000
699,00,0,00,00000000,00000000,00000000,0,0000
700,00,0,01,10000100,00000000,10001011,0,1011
701,00,0,10,00111000,00110101,00101000,0,0011
702,00,0,10,00111001,00110101,00101010,0,0011
703,00,0,10,00111010,00110101,00101100,0,0011
704,00,0,10,00111011,00110101,00101110,0,0011
705,00,0,10,00111100,00110101,00110000,0,0011
706,00,0,10,00111101,00110101,00110010,0,0011
707,00,0,10,00111110,00110101,00110100,0,0011
708,00,0,10,00111111,00110101,00110110,0,0011
709,00,0,10,10001110,10000010,10000011,0,0011
710,00,0,01,10000101,00000000,10001101,0,1011
711,00,0,01,10100010,00000000,10101001,0,1011
712,00,0,10,10010010,10000010,10000101,0,0011
713,00,0,10,10010000,10000010,10000100,0,0011
714,00,0,10,10010110,10000010,10000111,0,0011
715,00,0,10,10010100,10000010,10000110,0,0011
716,00,0,10,10101010,10100001,10100001,0,0011
717,00,0,10,10101100,10100001,10100010,0,0011
718,00,0,10,11101000,11011111,11100000,0,0011
719,00,0,10,10101110,10100001,10100011,0,0011
720,00,0,10,10110010,10100001,10100101,0,0011
721,00,0,10,10110000,10100001,10100100,0,0011
722,00,0,10,10110100,10100001,10100110,0,0011
723,00,0,10,01011000,01010100,01001000,0,0011
724,00,0,01,00001111,00000000,00100000,0,1100
725,00,0,01,00010000,00000000,00100001,0,1100
726,00,0,01,00010001,00000000,00100010,0,1100
727,00,0,01,00010010,00000000,00100011,0,1100
728,00,0,01,00010100,00000000,00100101,0,1100
729,00,0,01,00010011,00000000,00100100,0,1100
730,00,0,01,00010101,00000000,00100110,0,1100
731,00,0,01,00010110,00000000,00100111,0,1100
732,00,0,00,00000000,00000000,00000000,0,0000
733,00,0,00,00000000,00000000,00000000,0,0000
734,00,0,00,00000000,00000000,00000000,0,0000
735,00,0,00,00000000,00000000,00000000,0,0000
736,00,0,00,00000000,00000000,00000000,0,0000
737,00,0,00,00000000,00000000,00000000,0,0000
738,00,0,00,00000000,00000000,00000000,0,0000
739,00,0,00,00000000,00000000,00000000,0,0000
740,00,0,00,00000000,00000000,00000000,0,0000
741,00,0,00,00000000,00000000,00000000,0,0000
742,00,0,00,00000000,00000000,00000000,0,0000
743,00,0,00,00000000,00000000,00000000,0,0000
744,00,0,01,10000110,00000000,10001111,0,1011
745,00,0,00,00000000,00000000,00000000,0,0000
746,00,0,00,00000000,00000000,00000000,0,0000
747,00,0,00,00000000,00000000,00000000,0,0000
748,00,0,01,10000111,00000000,10010001,0,1011
749,00,0,00,00000000,00000000,00000000,0,0000
750,00,0,00,00000000,00000000,00000000,0,0000
751,00,0,00,00000000,00000000,00000000,0,0000
752,00,0,01,10001000,00000000,10010011,0,1011
753,00,0,00,00000000,00000000,00000000,0,0000
754,00,0,00,00000000,00000000,00000000,0,0000
755,00,0,00,00000000,00000000,00000000,0,0000
756,00,0,01,10001001,00000000,10010101,0,1011
757,00,0,00,00000000,00000000,00000000,0,0000
758,00,0,00,00000000,00000000,00000000,0,0000
759,00,0,00,00000000,00000000,00000000,0,0000
760,00,0,01,10001010,00000000,10010111,0,1011
761,00,0,00,00000000,00000000,00000000,0,0000
762,00,0,00,00000000,00000000,00000000,0,0000
763,00,0,00,00000000,00000000,00000000,0,0000
764,00,0,01,10100011,00000000,10101011,0,1011
765,00,0,00,00000000,00000000,00000000,0,0000
766,00,0,00,00000000,00000000,00000000,0,0000
767,00,0,00,00000000,00000000,00000000,0,0000
768,00,0,01,10100100,00000000,10101101,0,1011
769,00,0,00,00000000,00000000,00000000,0,0000
770,00,0,00,00000000,00000000,00000000,0,0000
771,00,0,00,00000000,00000000,00000000,0,0000
772,00,0,01,10100101,00000000,10101111,0,1011
773,00,0,00,00000000,00000000,00000000,0,0000
774,00,0,00,00000000,00000000,00000000,0,0000
775,00,0,00,00000000,00000000,00000000,0,0000
776,00,0,01,10100110,00000000,10110001,0,1011
777,00,0,00,00000000,00000000,00000000,0,0000
778,00,0,00,00000000,00000000,00000000,0,0000
779,00,0,00,00000000,00000000,00000000,0,0000
780,00,0,01,10100111,00000000,10110011,0,1011
781,00,0,10,01011010,01010100,01001100,0,0011
782,00,0,10,01011001,01010100,01001010,0,0011
783,00,0,10,01011011,01010100,01001110,0,0011
784,00,0,10,01011100,01010100,01010000,0,0011
785,00,0,10,01011101,01010100,01010010,0,0011
786,00,0,10,01011110,01010100,01010100,0,0011
787,00,0,10,01011111,01010100,01010110,0,0011
788,00,0,10,01111000,01110011,01101000,0,0011
789,00,0,10,01111001,01110011,01101010,0,0011
790,00,0,10,01111010,01110011,01101100,0,0011
791,00,0,10,01111011,01110011,01101110,0,0011
792,00,0,10,01111100,01110011,01110000,0,0011
793,00,0,10,01111110,01110011,01110100,0,0011
794,00,0,10,01111101,01110011,01110010,0,0011
795,00,0,10,01111111,01110011,01110110,0,0011
796,00,0,10,10110110,10100001,10100111,0,0011
797,00,0,01,10101000,00000000,10110101,0,1011
798,00,0,10,11001000,11000000,11000000,0,0011
799,00,0,10,11001010,11000000,11000001,0,0011
800,00,0,10,11001110,11000000,11000011,0,0011
801,00,0,10,11001100,11000000,11000010,0,0011
802,00,0,10,11010000,11000000,11000100,0,0011
803,00,0,10,11010010,11000000,11000101,0,0011
804,00,0,10,11010110,11000000,11000111,0,0011
805,00,0,10,11010100,11000000,11000110,0,0011
806,00,0,01,11100000,00000000,11101001,0,1011
807,00,0,10,11101010,11011111,11100001,0,0011
808,00,0,10,11101100,11011111,11100010,0,0011
809,00,0,10,11101110,11011111,11100011,0,0011
810,00,0,10,11110000,11011111,11100100,0,0011
811,00,0,10,11110010,11011111,11100101,0,0011
812,00,0,01,00101110,00000000,01000000,0,1100
813,00,0,01,00101111,00000000,01000001,0,1100
814,00,0,01,00110000,00000000,01000010,0,1100
815,00,0,01,00110001,00000000,01000011,0,1100
816,00,0,01,00110011,00000000,01000101,0,1100
817,00,0,01,00110010,00000000,01000100,0,1100
818,00,0,01,00110100,00000000,01000110,0,1100
819,00,0,01,00110101,00000000,01000111,0,1100
820,00,0,01,01001101,00000000,01100000,0,1100
821,00,0,01,01001110,00000000,01100001,0,1100
822,00,0,01,01010000,00000000,01100011,0,1100
823,00,0,01,01001111,00000000,01100010,0,1100
824,00,0,01,01010010,00000000,01100101,0,1100
825,00,0,01,01010001,00000000,01100100,0,1100
826,00,0,01,01010011,00000000,01100110,0,1100
827,00,0,01,01010100,00000000,01100111,0,1100
828,00,0,00,00000000,00000000,00000000,0,0000
829,00,0,00,00000000,00000000,00000000,0,0000
830,00,0,00,00000000,00000000,00000000,0,0000
831,00,0,00,00000000,00000000,00000000,0,0000
832,00,0,01,10101001,00000000,10110111,0,1011
833,00,0,00,00000000,00000000,00000000,0,0000
834,00,0,00,00000000,00000000,00000000,0,0000
835,00,0,00,00000000,00000000,00000000,0,0000
836,00,0,01,11000001,00000000,11001001,0,1011
837,00,0,00,00000000,00000000,00000000,0,0000
838,00,0,00,00000000,00000000,00000000,0,0000
839,00,0,00,00000000,00000000,00000000,0,0000
840,00,0,01,11000010,00000000,11001011,0,1011
841,00,0,00,00000000,00000000,00000000,0,0000
842,00,0,00,00000000,00000000,00000000,0,0000
843,00,0,00,00000000,00000000,00000000,0,0000
844,00,0,01,11000011,00000000,11001101,0,1011
845,00,0,00,00000000,00000000,00000000,0,0000
846,00,0,00,00000000,00000000,00000000,0,0000
847,00,0,00,00000000,00000000,00000000,0,0000
848,00,0,01,11000100,00000000,11001111,0,1011
849,00,0,00,00000000,00000000,00000000,0,0000
850,00,0,00,00000000,00000000,00000000,0,0000
851,00,0,00,00000000,00000000,00000000,0,0000
852,00,0,01,11000101,00000000,11010001,0,1011
853,00,0,00,00000000,00000000,00000000,0,0000
854,00,0,00,00000000,00000000,00000000,0,0000
855,00,0,00,00000000,00000000,00000000,0,0000
856,00,0,01,11000110,00000000,11010011,0,1011
857,00,0,00,00000000,00000000,00000000,0,0000
858,00,0,00,00000000,00000000,00000000,0,0000
859,00,0,00,00000000,00000000,00000000,0,0000
860,00,0,01,11000111,00000000,11010101,0,1011
861,00,0,00,00000000,00000000,00000000,0,0000
862,00,0,00,00000000,00000000,00000000,0,0000
863,00,0,00,00000000,00000000,00000000,0,0000
864,00,0,01,11001000,00000000,11010111,0,1011
865,00,0,00,00000000,00000000,00000000,0,0000
866,00,0,00,00000000,00000000,00000000,0,0000
867,00,0,00,00000000,00000000,00000000,0,0000
868,00,0,01,11100001,00000000,11101011,0,1011
869,00,0,00,00000000,00000000,00000000,0,0000
870,00,0,00,00000000,00000000,00000000,0,0000
871,00,0,00,00000000,00000000,00000000,0,0000
872,00,0,01,11100010,00000000,11101101,0,1011
873,00,0,00,00000000,00000000,00000000,0,0000
874,00,0,00,00000000,00000000,00000000,0,0000
875,00,0,00,00000000,00000000,00000000,0,0000
876,00,0,01,11100011,00000000,11101111,0,1011
877,00,0,10,10011000,10010010,10001000,0,0011
878,00,0,10,10011001,10010010,10001010,0,0011
879,00,0,10,10011010,10010010,10001100,0,0011
880,00,0,10,10011011,10010010,10001110,0,0011
881,00,0,10,10011100,10010010,10010000,0,0011
882,00,0,10,10011101,10010010,10010010,0,0011
883,00,0,10,10011110,10010010,10010100,0,0011
884,00,0,10,10011111,10010010,10010110,0,0011
885,00,0,01,11100101,00000000,11110011,0,1011
886,00,0,01,11100100,00000000,11110001,0,1011
887,00,0,10,10111000,10110001,10101000,0,0011
888,00,0,10,10111001,10110001,10101010,0,0011
889,00,0,10,10111010,10110001,10101100,0,0011
890,00,0,10,10111100,10110001,10110000,0,0011
891,00,0,10,10111011,10110001,10101110,0,0011
892,00,0,10,10111101,10110001,10110010,0,0011
893,00,0,10,10111110,10110001,10110100,0,0011
894,00,0,10,10111111,10110001,10110110,0,0011
895,00,0,10,11110100,11011111,11100110,0,0011
896,00,0,10,11110110,11011111,11100111,0,0011
897,00,0,10,00001010,11111110,00000001,0,0011
898,00,0,10,00001000,11111110,00000000,0,0011
899,00,0,10,00001100,11111110,00000010,0,0011
900,00,0,10,00001110,11111110,00000011,0,0011
901,00,0,10,00010000,11111110,00000100,0,0011
902,00,0,10,00010010,11111110,00000101,0,0011
903,00,0,10,00010100,11111110,00000110,0,0011
904,00,0,10,00010110,11111110,00000111,0,0011
905,00,0,10,00101000,00011101,00100000,0,0011
906,00,0,10,00101010,00011101,00100001,0,0011
907,00,0,10,00101110,00011101,00100011,0,0011
908,00,0,10,00101100,00011101,00100010,0,0011
909,00,0,10,00110000,00011101,00100100,0,0011
910,00,0,10,00110010,00011101,00100101,0,0011
911,00,0,01,01101101,00000000,10000001,0,1100
912,00,0,01,01101100,00000000,10000000,0,1100
913,00,0,01,01101110,00000000,10000010,0,1100
914,00,0,01,01101111,00000000,10000011,0,1100
915,00,0,01,01110000,00000000,10000100,0,1100
916,00,0,01,01110001,00000000,10000101,0,1100
917,00,0,01,01110010,00000000,10000110,0,1100
918,00,0,01,01110011,00000000,10000111,0,1100
919,00,0,01,10001101,00000000,10100010,0,1100
920,00,0,01,10001011,00000000,10100000,0,1100
921,00,0,01,10001100,00000000,10100001,0,1100
922,00,0,01,10001110,00000000,10100011,0,1100
923,00,0,01,10001111,00000000,10100100,0,1100
924,00,0,01,10010000,00000000,10100101,0,1100
925,00,0,01,10010001,00000000,10100110,0,1100
926,00,0,01,10010010,00000000,10100111,0,1100
927,00,0,00,00000000,00000000,00000000,0,0000
928,00,0,00,00000000,00000000,00000000,0,0000
929,00,0,00,00000000,00000000,00000000,0,0000
930,00,0,00,00000000,00000000,00000000,0,0000
931,00,0,01,11100110,00000000,11110101,0,1011
932,00,0,00,00000000,00000000,00000000,0,0000
933,00,0,00,00000000,00000000,00000000,0,0000
934,00,0,00,00000000,00000000,00000000,0,0000
935,00,0,01,11100111,00000000,11110111,0,1011
936,00,0,00,00000000,00000000,00000000,0,0000
937,00,0,00,00000000,00000000,00000000,0,0000
938,00,0,00,00000000,00000000,00000000,0,0000
939,00,0,01,11111111,00000000,00001001,0,1011
940,00,0,00,00000000,00000000,00000000,0,0000
941,00,0,00,00000000,00000000,00000000,0,0000
942,00,0,00,00000000,00000000,00000000,0,0000
943,00,0,01,00000000,00000000,00001011,0,1011
944,00,0,00,00000000,00000000,00000000,0,0000
945,00,0,00,00000000,00000000,00000000,0,0000
946,00,0,00,00000000,00000000,00000000,0,0000
947,00,0,01,00000001,00000000,00001101,0,1011
948,00,0,00,00000000,00000000,00000000,0,0000
949,00,0,00,00000000,00000000,00000000,0,0000
950,00,0,00,00000000,00000000,00000000,0,0000
951,00,0,01,00000010,00000000,00001111,0,1011
952,00,0,00,00000000,00000000,00000000,0,0000
953,00,0,00,00000000,00000000,00000000,0,0000
954,00,0,00,00000000,00000000,00000000,0,0000
955,00,0,01,00000011,00000000,00010001,0,1011
956,00,0,00,00000000,00000000,00000000,0,0000
957,00,0,00,00000000,00000000,00000000,0,0000
958,00,0,00,00000000,00000000,00000000,0,0000
959,00,0,01,00000100,00000000,00010011,0,1011
960,00,0,00,00000000,00000000,00000000,0,0000
961,00,0,00,00000000,00000000,00000000,0,0000
962,00,0,00,00000000,00000000,00000000,0,0000
963,00,0,01,00000101,00000000,00010101,0,1011
964,00,0,00,00000000,00000000,00000000,0,0000
965,00,0,00,00000000,00000000,00000000,0,0000
966,00,0,00,00000000,00000000,00000000,0,0000
967,00,0,01,00000110,00000000,00010111,0,1011
968,00,0,00,00000000,00000000,00000000,0,0000
969,00,0,00,00000000,00000000,00000000,0,0000
970,00,0,00,00000000,00000000,00000000,0,0000
971,00,0,01,00011110,00000000,00101001,0,1011
972,00,0,00,00000000,00000000,00000000,0,0000
973,00,0,00,00000000,00000000,00000000,0,0000
974,00,0,00,00000000,00000000,00000000,0,0000
975,00,0,01,00011111,00000000,00101011,0,1011
976,00,0,00,00000000,00000000,00000000,0,0000
977,00,0,00,00000000,00000000,00000000,0,0000
978,00,0,00,00000000,00000000,00000000,0,0000
979,00,0,01,00100000,00000000,00101101,0,1011
980,00,0,00,00000000,00000000,00000000,0,0000
981,00,0,00,00000000,00000000,00000000,0,0000
982,00,0,00,00000000,00000000,00000000,0,0000
983,00,0,01,00100001,00000000,00101111,0,1011
984,00,0,10,11011000,11010000,11001000,0,0011
985,00,0,10,11011001,11010000,11001010,0,0011
986,00,0,10,11011010,11010000,11001100,0,0011
987,00,0,10,11011011,11010000,11001110,0,0011
988,00,0,10,11011100,11010000,11010000,0,0011
989,00,0,10,11011101,11010000,11010010,0,0011
990,00,0,10,11011110,11010000,11010100,0,0011
991,00,0,10,11011111,11010000,11010110,0,0011
992,00,0,10,11111000,11101111,11101000,0,0011
993,00,0,10,11111010,11101111,11101100,0,0011
994,00,0,10,11111001,11101111,11101010,0,0011
995,00,0,10,11111011,11101111,11101110,0,0011
996,00,0,10,11111100,11101111,11110000,0,0011
997,00,0,10,11111110,11101111,11110100,0,0011
998,00,0,10,11111101,11101111,11110010,0,0011
999,00,0,10,11111111,11101111,11110110,0,0011
1000,00,0,01,00100010,00000000,00110001,0,1011
1001,00,0,01,00100011,00000000,00110011,0,1011
1002,00,0,10,00110100,00011101,00100110,0,0011
1003,00,0,10,00110110,00011101,00100111,0,0011
1004,00,0,10,01001000,00111100,01000000,0,0011
1005,00,0,10,01001100,00111100,01000010,0,0011
1006,00,0,10,01001010,00111100,01000001,0,0011
1007,00,0,10,01001110,00111100,01000011,0,0011
1008,00,0,10,01010000,00111100,01000100,0,0011
1009,00,0,10,01010010,00111100,01000101,0,0011
1010,00,0,10,01010100,00111100,01000110,0,0011
1011,00,0,10,01010110,00111100,01000111,0,0011
1012,00,0,10,01101000,01011011,01100000,0,0011
1013,00,0,10,10101000,10011001,10100000,0,0011
1014,00,0,10,01101010,01011011,01100001,0,0011
1015,00,0,10,01101100,01011011,01100010,0,0011
1016,00,0,10,01101110,01011011,01100011,0,0011
1017,00,0,01,10101011,00000000,11000001,0,1100
1018,00,0,01,10101010,00000000,11000000,0,1100
1019,00,0,01,10101100,00000000,11000010,0,1100
1020,00,0,01,10101101,00000000,11000011,0,1100
1021,00,0,01,10101110,00000000,11000100,0,1100
1022,00,0,01,10101111,00000000,11000101,0,1100
1023,00,0,01,10110000,00000000,11000110,0,1100
1024,00,0,01,10110001,00000000,11000111,0,1100
1025,00,0,01,11001011,00000000,11100010,0,1100
1026,00,0,01,11001001,00000000,11100000,0,1100
1027,00,0,01,11001010,00000000,11100001,0,1100
1028,00,0,01,11001100,00000000,11100011,0,1100
1029,00,0,01,11001101,00000000,11100100,0,1100
1030,00,0,01,11001110,00000000,11100101,0,1100
1031,00,0,01,11001111,00000000,11100110,0,1100
1032,00,0,01,11010000,00000000,11100111,0,1100
1033,00,0,00,00000000,00000000,00000000,0,0000
1034,00,0,00,00000000,00000000,00000000,0,0000
1035,00,0,00,00000000,00000000,00000000,0,0000
1036,00,0,00,00000000,00000000,00000000,0,0000
1037,00,0,01,00100100,00000000,00110101,0,1011
1038,00,0,00,00000000,00000000,00000000,0,0000
1039,00,0,00,00000000,00000000,00000000,0,0000
1040,00,0,00,00000000,00000000,00000000,0,0000
1041,00,0,01,00100101,00000000,00110111,0,1011
1042,00,0,00,00000000,00000000,00000000,0,0000
1043,00,0,00,00000000,00000000,00000000,0,0000
1044,00,0,00,00000000,00000000,00000000,0,0000
1045,00,0,01,00111101,00000000,01001001,0,1011
1046,00,0,00,00000000,00000000,00000000,0,0000
1047,00,0,00,00000000,00000000,00000000,0,0000
1048,00,0,00,00000000,00000000,00000000,0,0000
1049,00,0,01,00111110,00000000,01001011,0,1011
1050,00,0,00,00000000,00000000,00000000,0,0000
1051,00,0,00,00000000,00000000,00000000,0,0000
1052,00,0,00,00000000,00000000,00000000,0,0000
1053,00,0,01,00111111,00000000,01001101,0,1011
1054,00,0,00,00000000,00000000,00000000,0,0000
1055,00,0,00,00000000,00000000,00000000,0,0000
1056,00,0,00,00000000,00000000,00000000,0,0000
1057,00,0,01,01000000,00000000,01001111,0,1011
1058,00,0,00,00000000,00000000,00000000,0,0000
1059,00,0,00,00000000,00000000,00000000,0,0000
1060,00,0,00,00000000,00000000,00000000,0,0000
1061,00,0,01,01000001,00000000,01010001,0,1011
1062,00,0,00,00000000,00000000,00000000,0,0000
1063,00,0,00,00000000,00000000,00000000,0,0000
1064,00,0,00,00000000,00000000,00000000,0,0000
1065,00,0,01,01000010,00000000,01010011,0,1011
1066,00,0,00,00000000,00000000,00000000,0,0000
1067,00,0,00,00000000,00000000,00000000,0,0000
1068,00,0,00,00000000,00000000,00000000,0,0000
1069,00,0,01,01000011,00000000,01010101,0,1011
1070,00,0,00,00000000,00000000,00000000,0,0000
1071,00,0,00,00000000,00000000,00000000,0,0000
1072,00,0,00,00000000,00000000,00000000,0,0000
1073,00,0,01,01000100,00000000,01010111,0,1011
1074,00,0,00,00000000,00000000,00000000,0,0000
1075,00,0,00,00000000,00000000,00000000,0,0000
1076,00,0,00,00000000,00000000,00000000,0,0000
1077,00,0,01,01011100,00000000,01101001,0,1011
1078,00,0,00,00000000,00000000,00000000,0,0000
1079,00,0,00,00000000,00000000,00000000,0,0000
1080,00,0,00,00000000,00000000,00000000,0,0000
1081,00,0,01,01011101,00000000,01101011,0,1011
1082,00,0,00,00000000,00000000,00000000,0,0000
1083,00,0,00,00000000,00000000,00000000,0,0000
1084,00,0,00,00000000,00000000,00000000,0,0000
1085,00,0,01,01011110,00000000,01101101,0,1011
1086,00,0,10,00011000,00001110,00001000,0,0011
1087,00,0,10,00011001,00001110,00001010,0,0011
1088,00,0,10,00011010,00001110,00001100,0,0011
1089,00,0,10,00011011,00001110,00001110,0,0011
1090,00,0,10,00011100,00001110,00010000,0,0011
1091,00,0,10,00011101,00001110,00010010,0,0011
1092,00,0,10,00011110,00001110,00010100,0,0011
1093,00,0,10,00011111,00001110,00010110,0,0011
1094,00,0,01,01011111,00000000,01101111,0,1011
1095,00,0,10,01110000,01011011,01100100,0,0011
1096,00,0,10,00111000,00101101,00101000,0,0011
1097,00,0,10,00111001,00101101,00101010,0,0011
1098,00,0,10,00111010,00101101,00101100,0,0011
1099,00,0,10,00111100,00101101,00110000,0,0011
1100,00,0,10,00111011,00101101,00101110,0,0011
1101,00,0,10,00111101,00101101,00110010,0,0011
1102,00,0,10,00111110,00101101,00110100,0,0011
1103,00,0,10,00111111,00101101,00110110,0,0011
1104,00,0,10,01110100,01011011,01100110,0,0011
1105,00,0,10,01110010,01011011,01100101,0,0011
1106,00,0,10,01110110,01011011,01100111,0,0011
1107,00,0,01,10011010,00000000,10101001,0,1011
1108,00,0,10,10001000,01111010,10000000,0,0011
1109,00,0,10,10001010,01111010,10000001,0,0011
1110,00,0,10,10001100,01111010,10000010,0,0011
1111,00,0,10,10001110,01111010,10000011,0,0011
1112,00,0,01,11101000,00000000,00000000,0,1100
1113,00,0,01,11101001,00000000,00000001,0,1100
1114,00,0,01,11101010,00000000,00000010,0,1100
1115,00,0,01,11101011,00000000,00000011,0,1100
1116,00,0,01,11101101,00000000,00000101,0,1100
1117,00,0,01,11101100,00000000,00000100,0,1100
1118,00,0,01,11101110,00000000,00000110,0,1100
1119,00,0,01,11101111,00000000,00000111,0,1100
1120,00,0,01,00000111,00000000,00100000,0,1100
1121,00,0,01,00001000,00000000,00100001,0,1100
1122,00,0,01,00001010,00000000,00100011,0,1100
1123,00,0,01,00001001,00000000,00100010,0,1100
1124,00,0,01,00001100,00000000,00100101,0,1100
1125,00,0,01,00001011,00000000,00100100,0,1100
1126,00,0,01,00001101,00000000,00100110,0,1100
1127,00,0,01,00001110,00000000,00100111,0,1100
1128,00,0,00,00000000,00000000,00000000,0,0000
1129,00,0,00,00000000,00000000,00000000,0,0000
1130,00,0,00,00000000,00000000,00000000,0,0000
1131,00,0,00,00000000,00000000,00000000,0,0000
1132,00,0,01,01100000,00000000,01110001,0,1011
1133,00,0,00,00000000,00000000,00000000,0,0000
1134,00,0,00,00000000,00000000,00000000,0,0000
1135,00,0,00,00000000,00000000,00000000,0,0000
1136,00,0,00,00000000,00000000,00000000,0,0000
1137,00,0,00,00000000,00000000,00000000,0,0000
1138,00,0,00,00000000,00000000,00000000,0,0000
1139,00,0,00,00000000,00000000,00000000,0,0000
1140,00,0,01,01100001,00000000,01110011,0,1011
1141,00,0,00,00000000,00000000,00000000,0,0000
1142,00,0,00,00000000,00000000,00000000,0,0000
1143,00,0,00,00000000,00000000,00000000,0,0000
1144,00,0,01,01100010,00000000,01110101,0,1011
1145,00,0,00,00000000,00000000,00000000,0,0000
1146,00,0,00,00000000,00000000,00000000,0,0000
1147,00,0,00,00000000,00000000,00000000,0,0000
1148,00,0,01,01100011,00000000,01110111,0,1011
1149,00,0,00,00000000,00000000,00000000,0,0000
1150,00,0,00,00000000,00000000,00000000,0,0000
1151,00,0,00,00000000,00000000,00000000,0,0000
1152,00,0,01,01111011,00000000,10001001,0,1011
1153,00,0,00,00000000,00000000,00000000,0,0000
1154,00,0,00,00000000,00000000,00000000,0,0000
1155,00,0,00,00000000,00000000,00000000,0,0000
1156,00,0,01,01111100,00000000,10001011,0,1011
1157,00,0,10,01011000,01001100,01001000,0,0011
1158,00,0,10,01011001,01001100,01001010,0,0011
1159,00,0,10,01011010,01001100,01001100,0,0011
1160,00,0,10,01011011,01001100,01001110,0,0011
1161,00,0,10,01011100,01001100,01010000,0,0011
1162,00,0,10,01011101,01001100,01010010,0,0011
1163,00,0,10,01011110,01001100,01010100,0,0011
1164,00,0,10,01011111,01001100,01010110,0,0011
1165,00,0,01,01111110,00000000,10001111,0,1011
1166,00,0,01,01111101,00000000,10001101,0,1011
1167,00,0,10,10101010,10011001,10100001,0,0011
1168,00,0,10,10010010,01111010,10000101,0,0011
1169,00,0,10,10010000,01111010,10000100,0,0011
1170,00,0,10,10010110,01111010,10000111,0,0011
1171,00,0,10,10010100,01111010,10000110,0,0011
1172,00,0,10,10101100,10011001,10100010,0,0011
1173,00,0,10,10101110,10011001,10100011,0,0011
1174,00,0,10,11101000,11010111,11100000,0,0011
1175,00,0,10,10110000,10011001,10100100,0,0011
1176,00,0,10,10110010,10011001,10100101,0,0011
1177,00,0,10,10110100,10011001,10100110,0,0011
1178,00,0,10,11001010,10111000,11000001,0,0011
1179,00,0,10,10110110,10011001,10100111,0,0011
1180,00,0,10,11001000,10111000,11000000,0,0011
1181,00,0,10,11001100,10111000,11000010,0,0011
1182,00,0,01,00100110,00000000,01000000,0,1100
1183,00,0,01,00100111,00000000,01000001,0,1100
1184,00,0,01,00101000,00000000,01000010,0,1100
1185,00,0,01,00101001,00000000,01000011,0,1100
1186,00,0,01,00101011,00000000,01000101,0,1100
1187,00,0,01,00101010,00000000,01000100,0,1100
1188,00,0,01,00101100,00000000,01000110,0,1100
1189,00,0,01,00101101,00000000,01000111,0,1100
1190,00,0,00,00000000,00000000,00000000,0,0000
1191,00,0,00,00000000,00000000,00000000,0,0000
1192,00,0,00,00000000,00000000,00000000,0,0000
1193,00,0,00,00000000,00000000,00000000,0,0000
1194,00,0,00,00000000,00000000,00000000,0,0000
1195,00,0,00,00000000,00000000,00000000,0,0000
1196,00,0,00,00000000,00000000,00000000,0,0000
1197,00,0,00,00000000,00000000,00000000,0,0000
1198,00,0,00,00000000,00000000,00000000,0,0000
1199,00,0,00,00000000,00000000,00000000,0,0000
1200,00,0,00,00000000,00000000,00000000,0,0000
1201,00,0,00,00000000,00000000,00000000,0,0000
1202,00,0,01,10011011,00000000,10101011,0,1011
1203,00,0,00,00000000,00000000,00000000,0,0000
1204,00,0,00,00000000,00000000,00000000,0,0000
1205,00,0,00,00000000,00000000,00000000,0,0000
1206,00,0,01,01111111,00000000,10010001,0,1011
1207,00,0,00,00000000,00000000,00000000,0,0000
1208,00,0,00,00000000,00000000,00000000,0,0000
1209,00,0,00,00000000,00000000,00000000,0,0000
1210,00,0,01,10000000,00000000,10010011,0,1011
1211,00,0,00,00000000,00000000,00000000,0,0000
1212,00,0,00,00000000,00000000,00000000,0,0000
1213,00,0,00,00000000,00000000,00000000,0,0000
1214,00,0,01,10000001,00000000,10010101,0,1011
1215,00,0,00,00000000,00000000,00000000,0,0000
1216,00,0,00,00000000,00000000,00000000,0,0000
1217,00,0,00,00000000,00000000,00000000,0,0000
1218,00,0,01,10000010,00000000,10010111,0,1011
1219,00,0,00,00000000,00000000,00000000,0,0000
1220,00,0,00,00000000,00000000,00000000,0,0000
1221,00,0,00,00000000,00000000,00000000,0,0000
1222,00,0,01,10011100,00000000,10101101,0,1011
1223,00,0,00,00000000,00000000,00000000,0,0000
1224,00,0,00,00000000,00000000,00000000,0,0000
1225,00,0,00,00000000,00000000,00000000,0,0000
1226,00,0,01,10011101,00000000,10101111,0,1011
1227,00,0,00,00000000,00000000,00000000,0,0000
1228,00,0,00,00000000,00000000,00000000,0,0000
1229,00,0,00,00000000,00000000,00000000,0,0000
1230,00,0,01,10011110,00000000,10110001,0,1011
1231,00,0,00,00000000,00000000,00000000,0,0000
1232,00,0,00,00000000,00000000,00000000,0,0000
1233,00,0,00,00000000,00000000,00000000,0,0000
1234,00,0,01,10011111,00000000,10110011,0,1011
1235,00,0,00,00000000,00000000,00000000,0,0000
1236,00,0,00,00000000,00000000,00000000,0,0000
1237,00,0,00,00000000,00000000,00000000,0,0000
1238,00,0,01,10100000,00000000,10110101,0,1011
1239,00,0,00,00000000,00000000,00000000,0,0000
1240,00,0,00,00000000,00000000,00000000,0,0000
1241,00,0,00,00000000,00000000,00000000,0,0000
1242,00,0,01,10100001,00000000,10110111,0,1011
1243,00,0,00,00000000,00000000,00000000,0,0000
1244,00,0,00,00000000,00000000,00000000,0,0000
1245,00,0,00,00000000,00000000,00000000,0,0000
1246,00,0,01,10111001,00000000,11001001,0,1011
1247,00,0,00,00000000,00000000,00000000,0,0000
1248,00,0,00,00000000,00000000,00000000,0,0000
1249,00,0,00,00000000,00000000,00000000,0,0000
1250,00,0,01,10111010,00000000,11001011,0,1011
1251,00,0,10,01111000,01101011,01101000,0,0011
1252,00,0,10,01111001,01101011,01101010,0,0011
1253,00,0,10,01111010,01101011,01101100,0,0011
1254,00,0,10,01111011,01101011,01101110,0,0011
1255,00,0,10,01111100,01101011,01110000,0,0011
1256,00,0,10,01111101,01101011,01110010,0,0011
1257,00,0,10,01111110,01101011,01110100,0,0011
1258,00,0,10,01111111,01101011,01110110,0,0011
1259,00,0,10,11001110,10111000,11000011,0,0011
1260,00,0,01,10111011,00000000,11001101,0,1011
1261,00,0,01,11011000,00000000,11101001,0,1011
1262,00,0,10,11010010,10111000,11000101,0,0011
1263,00,0,10,11010000,10111000,11000100,0,0011
1264,00,0,10,11010110,10111000,11000111,0,0011
1265,00,0,10,11010100,10111000,11000110,0,0011
1266,00,0,10,11101010,11010111,11100001,0,0011
1267,00,0,10,11101100,11010111,11100010,0,0011
1268,00,0,10,00101000,00010101,00100000,0,0011
1269,00,0,10,11101110,11010111,11100011,0,0011
1270,00,0,10,11110010,11010111,11100101,0,0011
1271,00,0,10,11110000,11010111,11100100,0,0011
1272,00,0,10,11110100,11010111,11100110,0,0011
1273,00,0,10,10011000,10001010,10001000,0,0011
1274,00,0,01,01000101,00000000,01100000,0,1100
1275,00,0,01,01000110,00000000,01100001,0,1100
1276,00,0,01,01000111,00000000,01100010,0,1100
1277,00,0,01,01001000,00000000,01100011,0,1100
1278,00,0,01,01001010,00000000,01100101,0,1100
1279,00,0,01,01001001,00000000,01100100,0,1100
1280,00,0,01,01001011,00000000,01100110,0,1100
1281,00,0,01,01001100,00000000,01100111,0,1100
1282,00,0,00,00000000,00000000,00000000,0,0000
1283,00,0,00,00000000,00000000,00000000,0,0000
1284,00,0,00,00000000,00000000,00000000,0,0000
1285,00,0,00,00000000,00000000,00000000,0,0000
1286,00,0,00,00000000,00000000,00000000,0,0000
1287,00,0,00,00000000,00000000,00000000,0,0000
1288,00,0,00,00000000,00000000,00000000,0,0000
1289,00,0,00,00000000,00000000,00000000,0,0000
1290,00,0,00,00000000,00000000,00000000,0,0000
1291,00,0,00,00000000,00000000,00000000,0,0000
1292,00,0,00,00000000,00000000,00000000,0,0000
1293,00,0,00,00000000,00000000,00000000,0,0000
1294,00,0,01,10111100,00000000,11001111,0,1011
1295,00,0,00,00000000,00000000,00000000,0,0000
1296,00,0,00,00000000,00000000,00000000,0,0000
1297,00,0,00,00000000,00000000,00000000,0,0000
1298,00,0,01,10111101,00000000,11010001,0,1011
1299,00,0,00,00000000,00000000,00000000,0,0000
1300,00,0,00,00000000,00000000,00000000,0,0000
1301,00,0,00,00000000,00000000,00000000,0,0000
1302,00,0,01,10111110,00000000,11010011,0,1011
1303,00,0,00,00000000,00000000,00000000,0,0000
1304,00,0,00,00000000,00000000,00000000,0,0000
1305,00,0,00,00000000,00000000,00000000,0,0000
1306,00,0,01,10111111,00000000,11010101,0,1011
1307,00,0,00,00000000,00000000,00000000,0,0000
1308,00,0,00,00000000,00000000,00000000,0,0000
1309,00,0,00,00000000,00000000,00000000,0,0000
1310,00,0,01,11000000,00000000,11010111,0,1011
1311,00,0,00,00000000,00000000,00000000,0,0000
1312,00,0,00,00000000,00000000,00000000,0,0000
1313,00,0,00,00000000,00000000,00000000,0,0000
1314,00,0,01,11011001,00000000,11101011,0,1011
1315,00,0,00,00000000,00000000,00000000,0,0000
1316,00,0,00,00000000,00000000,00000000,0,0000
1317,00,0,00,00000000,00000000,00000000,0,0000
1318,00,0,01,11011010,00000000,11101101,0,1011
1319,00,0,00,00000000,00000000,00000000,0,0000
1320,00,0,00,00000000,00000000,00000000,0,0000
1321,00,0,00,00000000,00000000,00000000,0,0000
1322,00,0,01,11011011,00000000,11101111,0,1011
1323,00,0,00,00000000,00000000,00000000,0,0000
1324,00,0,00,00000000,00000000,00000000,0,0000
1325,00,0,00,00000000,00000000,00000000,0,0000
1326,00,0,01,11011100,00000000,11110001,0,1011
1327,00,0,00,00000000,00000000,00000000,0,0000
1328,00,0,00,00000000,00000000,00000000,0,0000
1329,00,0,00,00000000,00000000,00000000,0,0000
1330,00,0,01,11011101,00000000,11110011,0,1011
1331,00,0,10,10011010,10001010,10001100,0,0011
1332,00,0,10,10011001,10001010,10001010,0,0011
1333,00,0,10,10011011,10001010,10001110,0,0011
1334,00,0,10,10011100,10001010,10010000,0,0011
1335,00,0,10,10011101,10001010,10010010,0,0011
1336,00,0,10,10011110,10001010,10010100,0,0011
1337,00,0,10,10011111,10001010,10010110,0,0011
1338,00,0,10,10111000,10101001,10101000,0,0011
1339,00,0,10,10111001,10101001,10101010,0,0011
1340,00,0,10,10111010,10101001,10101100,0,0011
1341,00,0,10,10111011,10101001,10101110,0,0011
1342,00,0,10,10111100,10101001,10110000,0,0011
1343,00,0,10,10111110,10101001,10110100,0,0011
1344,00,0,10,10111101,10101001,10110010,0,0011
1345,00,0,10,10111111,10101001,10110110,0,0011
1346,00,0,10,11110110,11010111,11100111,0,0011
1347,00,0,01,11011110,00000000,11110101,0,1011
1348,00,0,10,00001000,11110110,00000000,0,0011
1349,00,0,10,00001010,11110110,00000001,0,0011
1350,00,0,10,00001110,11110110,00000011,0,0011
1351,00,0,10,00001100,11110110,00000010,0,0011
1352,00,0,10,00010000,11110110,00000100,0,0011
1353,00,0,10,00010010,11110110,00000101,0,0011
1354,00,0,10,00010110,11110110,00000111,0,0011
1355,00,0,10,00010100,11110110,00000110,0,0011
1356,00,0,01,00010110,00000000,00101001,0,1011
1357,00,0,10,00101010,00010101,00100001,0,0011
1358,00,0,10,00101100,00010101,00100010,0,0011
1359,00,0,10,00101110,00010101,00100011,0,0011
1360,00,0,10,00110000,00010101,00100100,0,0011
1361,00,0,10,00110010,00010101,00100101,0,0011
1362,00,0,01,01100100,00000000,10000000,0,1100
1363,00,0,01,01100101,00000000,10000001,0,1100
1364,00,0,01,01100110,00000000,10000010,0,1100
1365,00,0,01,01100111,00000000,10000011,0,1100
1366,00,0,01,01101001,00000000,10000101,0,1100
1367,00,0,01,01101000,00000000,10000100,0,1100
1368,00,0,01,01101010,00000000,10000110,0,1100
1369,00,0,01,01101011,00000000,10000111,0,1100
1370,00,0,01,10000011,00000000,10100000,0,1100
1371,00,0,01,10000100,00000000,10100001,0,1100
1372,00,0,01,10000110,00000000,10100011,0,1100
1373,00,0,01,10000101,00000000,10100010,0,1100
1374,00,0,01,10001000,00000000,10100101,0,1100
1375,00,0,01,10000111,00000000,10100100,0,1100
1376,00,0,01,10001001,00000000,10100110,0,1100
1377,00,0,01,10001010,00000000,10100111,0,1100
1378,00,0,00,00000000,00000000,00000000,0,0000
1379,00,0,00,00000000,00000000,00000000,0,0000
1380,00,0,00,00000000,00000000,00000000,0,0000
1381,00,0,00,00000000,00000000,00000000,0,0000
1382,00,0,01,11011111,00000000,11110111,0,1011
1383,00,0,00,00000000,00000000,00000000,0,0000
1384,00,0,00,00000000,00000000,00000000,0,0000
1385,00,0,00,00000000,00000000,00000000,0,0000
1386,00,0,01,11110111,00000000,00001001,0,1011
1387,00,0,00,00000000,00000000,00000000,0,0000
1388,00,0,00,00000000,00000000,00000000,0,0000
1389,00,0,00,00000000,00000000,00000000,0,0000
1390,00,0,01,11111000,00000000,00001011,0,1011
1391,00,0,00,00000000,00000000,00000000,0,0000
1392,00,0,00,00000000,00000000,00000000,0,0000
1393,00,0,00,00000000,00000000,00000000,0,0000
1394,00,0,01,11111001,00000000,00001101,0,1011
1395,00,0,00,00000000,00000000,00000000,0,0000
1396,00,0,00,00000000,00000000,00000000,0,0000
1397,00,0,00,00000000,00000000,00000000,0,0000
1398,00,0,01,11111010,00000000,00001111,0,1011
1399,00,0,00,00000000,00000000,00000000,0,0000
1400,00,0,00,00000000,00000000,00000000,0,0000
1401,00,0,00,00000000,00000000,00000000,0,0000
1402,00,0,01,11111011,00000000,00010001,0,1011
1403,00,0,00,00000000,00000000,00000000,0,0000
1404,00,0,00,00000000,00000000,00000000,0,0000
1405,00,0,00,00000000,00000000,00000000,0,0000
1406,00,0,01,11111100,00000000,00010011,0,1011
1407,00,0,00,00000000,00000000,00000000,0,0000
1408,00,0,00,00000000,00000000,00000000,0,0000
1409,00,0,00,00000000,00000000,00000000,0,0000
1410,00,0,01,11111101,00000000,00010101,0,1011
1411,00,0,00,00000000,00000000,00000000,0,0000
1412,00,0,00,00000000,00000000,00000000,0,0000
1413,00,0,00,00000000,00000000,00000000,0,0000
1414,00,0,01,11111110,00000000,00010111,0,1011
1415,00,0,00,00000000,00000000,00000000,0,0000
1416,00,0,00,00000000,00000000,00000000,0,0000
1417,00,0,00,00000000,00000000,00000000,0,0000
1418,00,0,01,00010111,00000000,00101011,0,1011
1419,00,0,00,00000000,00000000,00000000,0,0000
1420,00,0,00,00000000,00000000,00000000,0,0000
1421,00,0,00,00000000,00000000,00000000,0,0000
1422,00,0,01,00011000,00000000,00101101,0,1011
1423,00,0,00,00000000,00000000,00000000,0,0000
1424,00,0,00,00000000,00000000,00000000,0,0000
1425,00,0,00,00000000,00000000,00000000,0,0000
1426,00,0,01,00011001,00000000,00101111,0,1011
1427,00,0,10,11011000,11001000,11001000,0,0011
1428,00,0,10,11011001,11001000,11001010,0,0011
1429,00,0,10,11011010,11001000,11001100,0,0011
1430,00,0,10,11011011,11001000,11001110,0,0011
1431,00,0,10,11011100,11001000,11010000,0,0011
1432,00,0,10,11011101,11001000,11010010,0,0011
1433,00,0,10,11011110,11001000,11010100,0,0011
1434,00,0,10,11011111,11001000,11010110,0,0011
1435,00,0,01,00011011,00000000,00110011,0,1011
1436,00,0,01,00011010,00000000,00110001,0,1011
1437,00,0,10,11111000,11100111,11101000,0,0011
1438,00,0,10,11111001,11100111,11101010,0,0011
1439,00,0,10,11111010,11100111,11101100,0,0011
1440,00,0,10,11111100,11100111,11110000,0,0011
1441,00,0,10,11111011,11100111,11101110,0,0011
1442,00,0,10,11111101,11100111,11110010,0,0011
1443,00,0,10,11111110,11100111,11110100,0,0011
1444,00,0,10,11111111,11100111,11110110,0,0011
1445,00,0,10,00110100,00010101,00100110,0,0011
1446,00,0,10,00110110,00010101,00100111,0,0011
1447,00,0,10,01001010,00110100,01000001,0,0011
1448,00,0,10,01001000,00110100,01000000,0,0011
1449,00,0,10,01001100,00110100,01000010,0,0011
1450,00,0,10,01001110,00110100,01000011,0,0011
1451,00,0,10,01010000,00110100,01000100,0,0011
1452,00,0,10,01010010,00110100,01000101,0,0011
1453,00,0,10,01010100,00110100,01000110,0,0011
1454,00,0,10,01010110,00110100,01000111,0,0011
1455,00,0,10,01101000,01010011,01100000,0,0011
1456,00,0,10,01101010,01010011,01100001,0,0011
1457,00,0,10,01101110,01010011,01100011,0,0011
1458,00,0,10,01101100,01010011,01100010,0,0011
1459,00,0,10,01110000,01010011,01100100,0,0011
1460,00,0,10,01110010,01010011,01100101,0,0011
1461,00,0,01,10100011,00000000,11000001,0,1100
1462,00,0,01,10100010,00000000,11000000,0,1100
1463,00,0,01,10100100,00000000,11000010,0,1100
1464,00,0,01,10100101,00000000,11000011,0,1100
1465,00,0,01,10100110,00000000,11000100,0,1100
1466,00,0,01,10100111,00000000,11000101,0,1100
1467,00,0,01,10101000,00000000,11000110,0,1100
1468,00,0,01,10101001,00000000,11000111,0,1100
1469,00,0,01,11000011,00000000,11100010,0,1100
1470,00,0,01,11000001,00000000,11100000,0,1100
1471,00,0,01,11000010,00000000,11100001,0,1100
1472,00,0,01,11000100,00000000,11100011,0,1100
1473,00,0,01,11000101,00000000,11100100,0,1100
1474,00,0,01,11000110,00000000,11100101,0,1100
1475,00,0,01,11000111,00000000,11100110,0,1100
1476,00,0,01,11001000,00000000,11100111,0,1100
1477,00,0,00,00000000,00000000,00000000,0,0000
1478,00,0,00,00000000,00000000,00000000,0,0000
1479,00,0,00,00000000,00000000,00000000,0,0000
1480,00,0,00,00000000,00000000,00000000,0,0000
1481,00,0,01,00011100,00000000,00110101,0,1011
1482,00,0,00,00000000,00000000,00000000,0,0000
1483,00,0,00,00000000,00000000,00000000,0,0000
1484,00,0,00,00000000,00000000,00000000,0,0000
1485,00,0,01,00011101,00000000,00110111,0,1011
1486,00,0,00,00000000,00000000,00000000,0,0000
1487,00,0,00,00000000,00000000,00000000,0,0000
1488,00,0,00,00000000,00000000,00000000,0,0000
1489,00,0,01,00110101,00000000,01001001,0,1011
1490,00,0,00,00000000,00000000,00000000,0,0000
1491,00,0,00,00000000,00000000,00000000,0,0000
1492,00,0,00,00000000,00000000,00000000,0,0000
1493,00,0,01,00110110,00000000,01001011,0,1011
1494,00,0,00,00000000,00000000,00000000,0,0000
1495,00,0,00,00000000,00000000,00000000,0,0000
1496,00,0,00,00000000,00000000,00000000,0,0000
1497,00,0,01,00110111,00000000,01001101,0,1011
1498,00,0,00,00000000,00000000,00000000,0,0000
1499,00,0,00,00000000,00000000,00000000,0,0000
1500,00,0,00,00000000,00000000,00000000,0,0000
1501,00,0,01,00111000,00000000,01001111,0,1011
1502,00,0,00,00000000,00000000,00000000,0,0000
1503,00,0,00,00000000,00000000,00000000,0,0000
1504,00,0,00,00000000,00000000,00000000,0,0000
1505,00,0,01,00111001,00000000,01010001,0,1011
1506,00,0,00,00000000,00000000,00000000,0,0000
1507,00,0,00,00000000,00000000,00000000,0,0000
1508,00,0,00,00000000,00000000,00000000,0,0000
1509,00,0,01,00111010,00000000,01010011,0,1011
1510,00,0,00,00000000,00000000,00000000,0,0000
1511,00,0,00,00000000,00000000,00000000,0,0000
1512,00,0,00,00000000,00000000,00000000,0,0000
1513,00,0,01,00111011,00000000,01010101,0,1011
1514,00,0,00,00000000,00000000,00000000,0,0000
1515,00,0,00,00000000,00000000,00000000,0,0000
1516,00,0,00,00000000,00000000,00000000,0,0000
1517,00,0,01,00111100,00000000,01010111,0,1011
1518,00,0,00,00000000,00000000,00000000,0,0000
1519,00,0,00,00000000,00000000,00000000,0,0000
1520,00,0,00,00000000,00000000,00000000,0,0000
1521,00,0,01,01010100,00000000,01101001,0,1011
1522,00,0,00,00000000,00000000,00000000,0,0000
1523,00,0,00,00000000,00000000,00000000,0,0000
1524,00,0,00,00000000,00000000,00000000,0,0000
1525,00,0,01,01010101,00000000,01101011,0,1011
1526,00,0,00,00000000,00000000,00000000,0,0000
1527,00,0,00,00000000,00000000,00000000,0,0000
1528,00,0,00,00000000,00000000,00000000,0,0000
1529,00,0,01,01010110,00000000,01101101,0,1011
1530,00,0,00,00000000,00000000,00000000,0,0000
1531,00,0,00,00000000,00000000,00000000,0,0000
1532,00,0,00,00000000,00000000,00000000,0,0000
1533,00,0,01,01010111,00000000,01101111,0,1011
1534,00,0,10,00011000,00000110,00001000,0,0011
1535,00,0,10,00011001,00000110,00001010,0,0011
1536,00,0,10,00011010,00000110,00001100,0,0011
1537,00,0,10,00011011,00000110,00001110,0,0011
1538,00,0,10,00011100,00000110,00010000,0,0011
1539,00,0,10,00011101,00000110,00010010,0,0011
1540,00,0,10,00011110,00000110,00010100,0,0011
1541,00,0,10,00011111,00000110,00010110,0,0011
1542,00,0,10,00111000,00100101,00101000,0,0011
1543,00,0,10,00111010,00100101,00101100,0,0011
1544,00,0,10,00111001,00100101,00101010,0,0011
1545,00,0,10,00111011,00100101,00101110,0,0011
1546,00,0,10,00111100,00100101,00110000,0,0011
1547,00,0,10,00111110,00100101,00110100,0,0011
1548,00,0,10,00111101,00100101,00110010,0,0011
1549,00,0,10,00111111,00100101,00110110,0,0011
1550,00,0,01,01011000,00000000,01110001,0,1011
1551,00,0,01,01011001,00000000,01110011,0,1011
1552,00,0,10,01110100,01010011,01100110,0,0011
1553,00,0,10,01110110,01010011,01100111,0,0011
1554,00,0,10,10001000,01110010,10000000,0,0011
1555,00,0,10,10001100,01110010,10000010,0,0011
1556,00,0,10,10001010,01110010,10000001,0,0011
1557,00,0,10,10001110,01110010,10000011,0,0011
1558,00,0,10,10010000,01110010,10000100,0,0011
1559,00,0,10,10010010,01110010,10000101,0,0011
1560,00,0,10,10010100,01110010,10000110,0,0011
1561,00,0,10,10010110,01110010,10000111,0,0011
1562,00,0,10,10101000,10010001,10100000,0,0011
1563,00,0,10,11101000,11001111,11100000,0,0011
1564,00,0,10,10101010,10010001,10100001,0,0011
1565,00,0,10,10101100,10010001,10100010,0,0011
1566,00,0,10,10101110,10010001,10100011,0,0011
1567,00,0,01,11100001,00000000,00000001,0,1100
1568,00,0,01,11100000,00000000,00000000,0,1100
1569,00,0,01,11100010,00000000,00000010,0,1100
1570,00,0,01,11100011,00000000,00000011,0,1100
1571,00,0,01,11100100,00000000,00000100,0,1100
1572,00,0,01,11100101,00000000,00000101,0,1100
1573,00,0,01,11100110,00000000,00000110,0,1100
1574,00,0,01,11100111,00000000,00000111,0,1100
1575,00,0,01,00000001,00000000,00100010,0,1100
1576,00,0,01,11111111,00000000,00100000,0,1100
1577,00,0,01,00000000,00000000,00100001,0,1100
1578,00,0,01,00000010,00000000,00100011,0,1100
1579,00,0,01,00000011,00000000,00100100,0,1100
1580,00,0,01,00000100,00000000,00100101,0,1100
1581,00,0,01,00000101,00000000,00100110,0,1100
1582,00,0,01,00000110,00000000,00100111,0,1100
1583,00,0,00,00000000,00000000,00000000,0,0000
1584,00,0,00,00000000,00000000,00000000,0,0000
1585,00,0,00,00000000,00000000,00000000,0,0000
1586,00,0,00,00000000,00000000,00000000,0,0000
1587,00,0,01,01011010,00000000,01110101,0,1011
1588,00,0,00,00000000,00000000,00000000,0,0000
1589,00,0,00,00000000,00000000,00000000,0,0000
1590,00,0,00,00000000,00000000,00000000,0,0000
1591,00,0,01,01011011,00000000,01110111,0,1011
1592,00,0,00,00000000,00000000,00000000,0,0000
1593,00,0,00,00000000,00000000,00000000,0,0000
1594,00,0,00,00000000,00000000,00000000,0,0000
1595,00,0,01,01110011,00000000,10001001,0,1011
1596,00,0,00,00000000,00000000,00000000,0,0000
1597,00,0,00,00000000,00000000,00000000,0,0000
1598,00,0,00,00000000,00000000,00000000,0,0000
1599,00,0,01,01110100,00000000,10001011,0,1011
1600,00,0,00,00000000,00000000,00000000,0,0000
1601,00,0,00,00000000,00000000,00000000,0,0000
1602,00,0,00,00000000,00000000,00000000,0,0000
1603,00,0,01,01110101,00000000,10001101,0,1011
1604,00,0,00,00000000,00000000,00000000,0,0000
1605,00,0,00,00000000,00000000,00000000,0,0000
1606,00,0,00,00000000,00000000,00000000,0,0000
1607,00,0,01,01110110,00000000,10001111,0,1011
1608,00,0,00,00000000,00000000,00000000,0,0000
1609,00,0,00,00000000,00000000,00000000,0,0000
1610,00,0,00,00000000,00000000,00000000,0,0000
1611,00,0,01,01110111,00000000,10010001,0,1011
1612,00,0,00,00000000,00000000,00000000,0,0000
1613,00,0,00,00000000,00000000,00000000,0,0000
1614,00,0,00,00000000,00000000,00000000,0,0000
1615,00,0,01,01111000,00000000,10010011,0,1011
1616,00,0,00,00000000,00000000,00000000,0,0000
1617,00,0,00,00000000,00000000,00000000,0,0000
1618,00,0,00,00000000,00000000,00000000,0,0000
1619,00,0,01,01111001,00000000,10010101,0,1011
1620,00,0,00,00000000,00000000,00000000,0,0000
1621,00,0,00,00000000,00000000,00000000,0,0000
1622,00,0,00,00000000,00000000,00000000,0,0000
1623,00,0,01,01111010,00000000,10010111,0,1011
1624,00,0,00,00000000,00000000,00000000,0,0000
1625,00,0,00,00000000,00000000,00000000,0,0000
1626,00,0,00,00000000,00000000,00000000,0,0000
1627,00,0,01,10010010,00000000,10101001,0,1011
1628,00,0,00,00000000,00000000,00000000,0,0000
1629,00,0,00,00000000,00000000,00000000,0,0000
1630,00,0,00,00000000,00000000,00000000,0,0000
1631,00,0,01,10010011,00000000,10101011,0,1011
1632,00,0,00,00000000,00000000,00000000,0,0000
1633,00,0,00,00000000,00000000,00000000,0,0000
1634,00,0,00,00000000,00000000,00000000,0,0000
1635,00,0,01,10010100,00000000,10101101,0,1011
1636,00,0,10,01011000,01000100,01001000,0,0011
1637,00,0,10,01011001,01000100,01001010,0,0011
1638,00,0,10,01011010,01000100,01001100,0,0011
1639,00,0,10,01011011,01000100,01001110,0,0011
1640,00,0,10,01011100,01000100,01010000,0,0011
1641,00,0,10,01011101,01000100,01010010,0,0011
1642,00,0,10,01011110,01000100,01010100,0,0011
1643,00,0,10,01011111,01000100,01010110,0,0011
1644,00,0,01,10010101,00000000,10101111,0,1011
1645,00,0,10,10110000,10010001,10100100,0,0011
1646,00,0,10,01111000,01100011,01101000,0,0011
1647,00,0,10,01111001,01100011,01101010,0,0011
1648,00,0,10,01111010,01100011,01101100,0,0011
1649,00,0,10,01111100,01100011,01110000,0,0011
1650,00,0,10,01111011,01100011,01101110,0,0011
1651,00,0,10,01111101,01100011,01110010,0,0011
1652,00,0,10,01111110,01100011,01110100,0,0011
1653,00,0,10,01111111,01100011,01110110,0,0011
1654,00,0,10,10110100,10010001,10100110,0,0011
1655,00,0,10,10110010,10010001,10100101,0,0011
1656,00,0,10,10110110,10010001,10100111,0,0011
1657,00,0,01,11010000,00000000,11101001,0,1011
1658,00,0,10,11001000,10110000,11000000,0,0011
1659,00,0,10,11001010,10110000,11000001,0,0011
1660,00,0,10,11001100,10110000,11000010,0,0011
1661,00,0,10,11001110,10110000,11000011,0,0011
1662,00,0,01,00011110,00000000,01000000,0,1100
1663,00,0,01,00011111,00000000,01000001,0,1100
1664,00,0,01,00100000,00000000,01000010,0,1100
1665,00,0,01,00100001,00000000,01000011,0,1100
1666,00,0,01,00100011,00000000,01000101,0,1100
1667,00,0,01,00100010,00000000,01000100,0,1100
1668,00,0,01,00100100,00000000,01000110,0,1100
1669,00,0,01,00100101,00000000,01000111,0,1100
1670,00,0,01,00111101,00000000,01100000,0,1100
1671,00,0,01,00111110,00000000,01100001,0,1100
1672,00,0,01,01000000,00000000,01100011,0,1100
1673,00,0,01,00111111,00000000,01100010,0,1100
1674,00,0,01,01000010,00000000,01100101,0,1100
1675,00,0,01,01000001,00000000,01100100,0,1100
1676,00,0,01,01000011,00000000,01100110,0,1100
1677,00,0,01,01000100,00000000,01100111,0,1100
1678,00,0,00,00000000,00000000,00000000,0,0000
1679,00,0,00,00000000,00000000,00000000,0,0000
1680,00,0,00,00000000,00000000,00000000,0,0000
1681,00,0,00,00000000,00000000,00000000,0,0000
1682,00,0,01,10010110,00000000,10110001,0,1011
1683,00,0,00,00000000,00000000,00000000,0,0000
1684,00,0,00,00000000,00000000,00000000,0,0000
1685,00,0,00,00000000,00000000,00000000,0,0000
1686,00,0,00,00000000,00000000,00000000,0,0000
1687,00,0,00,00000000,00000000,00000000,0,0000
1688,00,0,00,00000000,00000000,00000000,0,0000
1689,00,0,00,00000000,00000000,00000000,0,0000
1690,00,0,01,10010111,00000000,10110011,0,1011
1691,00,0,00,00000000,00000000,00000000,0,0000
1692,00,0,00,00000000,00000000,00000000,0,0000
1693,00,0,00,00000000,00000000,00000000,0,0000
1694,00,0,01,10011000,00000000,10110101,0,1011
1695,00,0,00,00000000,00000000,00000000,0,0000
1696,00,0,00,00000000,00000000,00000000,0,0000
1697,00,0,00,00000000,00000000,00000000,0,0000
1698,00,0,01,10011001,00000000,10110111,0,1011
1699,00,0,00,00000000,00000000,00000000,0,0000
1700,00,0,00,00000000,00000000,00000000,0,0000
1701,00,0,00,00000000,00000000,00000000,0,0000
1702,00,0,01,10110001,00000000,11001001,0,1011
1703,00,0,00,00000000,00000000,00000000,0,0000
1704,00,0,00,00000000,00000000,00000000,0,0000
1705,00,0,00,00000000,00000000,00000000,0,0000
1706,00,0,01,10110010,00000000,11001011,0,1011
1707,00,0,10,10011000,10000010,10001000,0,0011
1708,00,0,10,10011001,10000010,10001010,0,0011
1709,00,0,10,10011010,10000010,10001100,0,0011
1710,00,0,10,10011011,10000010,10001110,0,0011
1711,00,0,10,10011100,10000010,10010000,0,0011
1712,00,0,10,10011101,10000010,10010010,0,0011
1713,00,0,10,10011110,10000010,10010100,0,0011
1714,00,0,10,10011111,10000010,10010110,0,0011
1715,00,0,01,10110100,00000000,11001111,0,1011
1716,00,0,01,10110011,00000000,11001101,0,1011
1717,00,0,10,11101010,11001111,11100001,0,0011
1718,00,0,10,11010010,10110000,11000101,0,0011
1719,00,0,10,11010000,10110000,11000100,0,0011
1720,00,0,10,11010110,10110000,11000111,0,0011
1721,00,0,10,11010100,10110000,11000110,0,0011
1722,00,0,10,11101100,11001111,11100010,0,0011
1723,00,0,10,11101110,11001111,11100011,0,0011
1724,00,0,10,00101000,00001101,00100000,0,0011
1725,00,0,10,11110000,11001111,11100100,0,0011
1726,00,0,10,11110010,11001111,11100101,0,0011
1727,00,0,10,11110100,11001111,11100110,0,0011
1728,00,0,10,00001010,11101110,00000001,0,0011
1729,00,0,10,11110110,11001111,11100111,0,0011
1730,00,0,10,00001000,11101110,00000000,0,0011
1731,00,0,10,00001100,11101110,00000010,0,0011
1732,00,0,01,01011100,00000000,10000000,0,1100
1733,00,0,01,01011101,00000000,10000001,0,1100
1734,00,0,01,01011110,00000000,10000010,0,1100
1735,00,0,01,01011111,00000000,10000011,0,1100
1736,00,0,01,01100001,00000000,10000101,0,1100
1737,00,0,01,01100000,00000000,10000100,0,1100
1738,00,0,01,01100010,00000000,10000110,0,1100
1739,00,0,01,01100011,00000000,10000111,0,1100
1740,00,0,00,00000000,00000000,00000000,0,0000
1741,00,0,00,00000000,00000000,00000000,0,0000
1742,00,0,00,00000000,00000000,00000000,0,0000
1743,00,0,00,00000000,00000000,00000000,0,0000
1744,00,0,00,00000000,00000000,00000000,0,0000
1745,00,0,00,00000000,00000000,00000000,0,0000
1746,00,0,00,00000000,00000000,00000000,0,0000
1747,00,0,00,00000000,00000000,00000000,0,0000
1748,00,0,00,00000000,00000000,00000000,0,0000
1749,00,0,00,00000000,00000000,00000000,0,0000
1750,00,0,00,00000000,00000000,00000000,0,0000
1751,00,0,00,00000000,00000000,00000000,0,0000
1752,00,0,01,11010001,00000000,11101011,0,1011
1753,00,0,00,00000000,00000000,00000000,0,0000
1754,00,0,00,00000000,00000000,00000000,0,0000
1755,00,0,00,00000000,00000000,00000000,0,0000
1756,00,0,01,10110101,00000000,11010001,0,1011
1757,00,0,00,00000000,00000000,00000000,0,0000
1758,00,0,00,00000000,00000000,00000000,0,0000
1759,00,0,00,00000000,00000000,00000000,0,0000
1760,00,0,01,10110110,00000000,11010011,0,1011
1761,00,0,00,00000000,00000000,00000000,0,0000
1762,00,0,00,00000000,00000000,00000000,0,0000
1763,00,0,00,00000000,00000000,00000000,0,0000
1764,00,0,01,10110111,00000000,11010101,0,1011
1765,00,0,00,00000000,00000000,00000000,0,0000
1766,00,0,00,00000000,00000000,00000000,0,0000
1767,00,0,00,00000000,00000000,00000000,0,0000
1768,00,0,01,10111000,00000000,11010111,0,1011
1769,00,0,00,00000000,00000000,00000000,0,0000
1770,00,0,00,00000000,00000000,00000000,0,0000
1771,00,0,00,00000000,00000000,00000000,0,0000
1772,00,0,01,11010010,00000000,11101101,0,1011
1773,00,0,00,00000000,00000000,00000000,0,0000
1774,00,0,00,00000000,00000000,00000000,0,0000
1775,00,0,00,00000000,00000000,00000000,0,0000
1776,00,0,01,11010011,00000000,11101111,0,1011
1777,00,0,00,00000000,00000000,00000000,0,0000
1778,00,0,00,00000000,00000000,00000000,0,0000
1779,00,0,00,00000000,00000000,00000000,0,0000
1780,00,0,01,11010100,00000000,11110001,0,1011
1781,00,0,00,00000000,00000000,00000000,0,0000
1782,00,0,00,00000000,00000000,00000000,0,0000
1783,00,0,00,00000000,00000000,00000000,0,0000
1784,00,0,01,11010101,00000000,11110011,0,1011
1785,00,0,00,00000000,00000000,00000000,0,0000
1786,00,0,00,00000000,00000000,00000000,0,0000
1787,00,0,00,00000000,00000000,00000000,0,0000
1788,00,0,01,11010110,00000000,11110101,0,1011
1789,00,0,00,00000000,00000000,00000000,0,0000
1790,00,0,00,00000000,00000000,00000000,0,0000
1791,00,0,00,00000000,00000000,00000000,0,0000
1792,00,0,01,11010111,00000000,11110111,0,1011
1793,00,0,00,00000000,00000000,00000000,0,0000
1794,00,0,00,00000000,00000000,00000000,0,0000
1795,00,0,00,00000000,00000000,00000000,0,0000
1796,00,0,01,11101111,00000000,00001001,0,1011
1797,00,0,00,00000000,00000000,00000000,0,0000
1798,00,0,00,00000000,00000000,00000000,0,0000
1799,00,0,00,00000000,00000000,00000000,0,0000
1800,00,0,01,11110000,00000000,00001011,0,1011
1801,00,0,10,10111000,10100001,10101000,0,0011
1802,00,0,10,10111001,10100001,10101010,0,0011
1803,00,0,10,10111010,10100001,10101100,0,0011
1804,00,0,10,10111011,10100001,10101110,0,0011
1805,00,0,10,10111100,10100001,10110000,0,0011
1806,00,0,10,10111101,10100001,10110010,0,0011
1807,00,0,10,10111110,10100001,10110100,0,0011
1808,00,0,10,10111111,10100001,10110110,0,0011
1809,00,0,10,00001110,11101110,00000011,0,0011
1810,00,0,01,11110001,00000000,00001101,0,1011
1811,00,0,01,00001110,00000000,00101001,0,1011
1812,00,0,10,00010010,11101110,00000101,0,0011
1813,00,0,10,00010000,11101110,00000100,0,0011
1814,00,0,10,00010110,11101110,00000111,0,0011
1815,00,0,10,00010100,11101110,00000110,0,0011
1816,00,0,10,00101010,00001101,00100001,0,0011
1817,00,0,10,00101100,00001101,00100010,0,0011
1818,00,0,10,01101000,01001011,01100000,0,0011
1819,00,0,10,00101110,00001101,00100011,0,0011
1820,00,0,10,00110010,00001101,00100101,0,0011
1821,00,0,10,00110000,00001101,00100100,0,0011
1822,00,0,10,00110100,00001101,00100110,0,0011
1823,00,0,10,11011000,11000000,11001000,0,0011
1824,00,0,01,01111011,00000000,10100000,0,1100
1825,00,0,01,01111100,00000000,10100001,0,1100
1826,00,0,01,01111101,00000000,10100010,0,1100
1827,00,0,01,01111110,00000000,10100011,0,1100
1828,00,0,01,10000000,00000000,10100101,0,1100
1829,00,0,01,01111111,00000000,10100100,0,1100
1830,00,0,01,10000001,00000000,10100110,0,1100
1831,00,0,01,10000010,00000000,10100111,0,1100
1832,00,0,00,00000000,00000000,00000000,0,0000
1833,00,0,00,00000000,00000000,00000000,0,0000
1834,00,0,00,00000000,00000000,00000000,0,0000
1835,00,0,00,00000000,00000000,00000000,0,0000
1836,00,0,00,00000000,00000000,00000000,0,0000
1837,00,0,00,00000000,00000000,00000000,0,0000
1838,00,0,00,00000000,00000000,00000000,0,0000
1839,00,0,00,00000000,00000000,00000000,0,0000
1840,00,0,00,00000000,00000000,00000000,0,0000
1841,00,0,00,00000000,00000000,00000000,0,0000
1842,00,0,00,00000000,00000000,00000000,0,0000
1843,00,0,00,00000000,00000000,00000000,0,0000
1844,00,0,01,11110010,00000000,00001111,0,1011
1845,00,0,00,00000000,00000000,00000000,0,0000
1846,00,0,00,00000000,00000000,00000000,0,0000
1847,00,0,00,00000000,00000000,00000000,0,0000
1848,00,0,01,11110011,00000000,00010001,0,1011
1849,00,0,00,00000000,00000000,00000000,0,0000
1850,00,0,00,00000000,00000000,00000000,0,0000
1851,00,0,00,00000000,00000000,00000000,0,0000
1852,00,0,01,11110100,00000000,00010011,0,1011
1853,00,0,00,00000000,00000000,00000000,0,0000
1854,00,0,00,00000000,00000000,00000000,0,0000
1855,00,0,00,00000000,00000000,00000000,0,0000
1856,00,0,01,11110101,00000000,00010101,0,1011
1857,00,0,00,00000000,00000000,00000000,0,0000
1858,00,0,00,00000000,00000000,00000000,0,0000
1859,00,0,00,00000000,00000000,00000000,0,0000
1860,00,0,01,11110110,00000000,00010111,0,1011
1861,00,0,00,00000000,00000000,00000000,0,0000
1862,00,0,00,00000000,00000000,00000000,0,0000
1863,00,0,00,00000000,00000000,00000000,0,0000
1864,00,0,01,00001111,00000000,00101011,0,1011
1865,00,0,00,00000000,00000000,00000000,0,0000
1866,00,0,00,00000000,00000000,00000000,0,0000
1867,00,0,00,00000000,00000000,00000000,0,0000
1868,00,0,01,00010000,00000000,00101101,0,1011
1869,00,0,00,00000000,00000000,00000000,0,0000
1870,00,0,00,00000000,00000000,00000000,0,0000
1871,00,0,00,00000000,00000000,00000000,0,0000
1872,00,0,01,00010001,00000000,00101111,0,1011
1873,00,0,00,00000000,00000000,00000000,0,0000
1874,00,0,00,00000000,00000000,00000000,0,0000
1875,00,0,00,00000000,00000000,00000000,0,0000
1876,00,0,01,00010010,00000000,00110001,0,1011
1877,00,0,00,00000000,00000000,00000000,0,0000
1878,00,0,00,00000000,00000000,00000000,0,0000
1879,00,0,00,00000000,00000000,00000000,0,0000
1880,00,0,01,00010011,00000000,00110011,0,1011
1881,00,0,10,11011010,11000000,11001100,0,0011
1882,00,0,10,11011001,11000000,11001010,0,0011
1883,00,0,10,11011011,11000000,11001110,0,0011
1884,00,0,10,11011100,11000000,11010000,0,0011
1885,00,0,10,11011101,11000000,11010010,0,0011
1886,00,0,10,11011110,11000000,11010100,0,0011
1887,00,0,10,11011111,11000000,11010110,0,0011
1888,00,0,10,11111000,11011111,11101000,0,0011
1889,00,0,10,11111001,11011111,11101010,0,0011
1890,00,0,10,11111010,11011111,11101100,0,0011
1891,00,0,10,11111011,11011111,11101110,0,0011
1892,00,0,10,11111100,11011111,11110000,0,0011
1893,00,0,10,11111110,11011111,11110100,0,0011
1894,00,0,10,11111101,11011111,11110010,0,0011
1895,00,0,10,11111111,11011111,11110110,0,0011
1896,00,0,10,00110110,00001101,00100111,0,0011
1897,00,0,01,00010100,00000000,00110101,0,1011
1898,00,0,10,01001000,00101100,01000000,0,0011
1899,00,0,10,01001010,00101100,01000001,0,0011
1900,00,0,10,01001110,00101100,01000011,0,0011
1901,00,0,10,01001100,00101100,01000010,0,0011
1902,00,0,10,01010000,00101100,01000100,0,0011
1903,00,0,10,01010010,00101100,01000101,0,0011
1904,00,0,10,01010110,00101100,01000111,0,0011
1905,00,0,10,01010100,00101100,01000110,0,0011
1906,00,0,01,01001100,00000000,01101001,0,1011
1907,00,0,10,01101010,01001011,01100001,0,0011
1908,00,0,10,01101100,01001011,01100010,0,0011
1909,00,0,10,01101110,01001011,01100011,0,0011
1910,00,0,10,01110000,01001011,01100100,0,0011
1911,00,0,10,01110010,01001011,01100101,0,0011
1912,00,0,01,10011010,00000000,11000000,0,1100
1913,00,0,01,10011011,00000000,11000001,0,1100
1914,00,0,01,10011100,00000000,11000010,0,1100
1915,00,0,01,10011101,00000000,11000011,0,1100
1916,00,0,01,10011111,00000000,11000101,0,1100
1917,00,0,01,10011110,00000000,11000100,0,1100
1918,00,0,01,10100000,00000000,11000110,0,1100
1919,00,0,01,10100001,00000000,11000111,0,1100
1920,00,0,01,10111001,00000000,11100000,0,1100
1921,00,0,01,10111010,00000000,11100001,0,1100
1922,00,0,01,10111100,00000000,11100011,0,1100
1923,00,0,01,10111011,00000000,11100010,0,1100
1924,00,0,01,10111110,00000000,11100101,0,1100
1925,00,0,01,10111101,00000000,11100100,0,1100
1926,00,0,01,10111111,00000000,11100110,0,1100
1927,00,0,01,11000000,00000000,11100111,0,1100
1928,00,0,00,00000000,00000000,00000000,0,0000
1929,00,0,00,00000000,00000000,00000000,0,0000
1930,00,0,00,00000000,00000000,00000000,0,0000
1931,00,0,00,00000000,00000000,00000000,0,0000
1932,00,0,01,00010101,00000000,00110111,0,1011
1933,00,0,00,00000000,00000000,00000000,0,0000
1934,00,0,00,00000000,00000000,00000000,0,0000
1935,00,0,00,00000000,00000000,00000000,0,0000
1936,00,0,01,00101101,00000000,01001001,0,1011
1937,00,0,00,00000000,00000000,00000000,0,0000
1938,00,0,00,00000000,00000000,00000000,0,0000
1939,00,0,00,00000000,00000000,00000000,0,0000
1940,00,0,01,00101110,00000000,01001011,0,1011
1941,00,0,00,00000000,00000000,00000000,0,0000
1942,00,0,00,00000000,00000000,00000000,0,0000
1943,00,0,00,00000000,00000000,00000000,0,0000
1944,00,0,01,00101111,00000000,01001101,0,1011
1945,00,0,00,00000000,00000000,00000000,0,0000
1946,00,0,00,00000000,00000000,00000000,0,0000
1947,00,0,00,00000000,00000000,00000000,0,0000
1948,00,0,01,00110000,00000000,01001111,0,1011
1949,00,0,00,00000000,00000000,00000000,0,0000
1950,00,0,00,00000000,00000000,00000000,0,0000
1951,00,0,00,00000000,00000000,00000000,0,0000
1952,00,0,01,00110001,00000000,01010001,0,1011
1953,00,0,00,00000000,00000000,00000000,0,0000
1954,00,0,00,00000000,00000000,00000000,0,0000
1955,00,0,00,00000000,00000000,00000000,0,0000
1956,00,0,01,00110010,00000000,01010011,0,1011
1957,00,0,00,00000000,00000000,00000000,0,0000
1958,00,0,00,00000000,00000000,00000000,0,0000
1959,00,0,00,00000000,00000000,00000000,0,0000
1960,00,0,01,00110011,00000000,01010101,0,1011
1961,00,0,00,00000000,00000000,00000000,0,0000
1962,00,0,00,00000000,00000000,00000000,0,0000
1963,00,0,00,00000000,00000000,00000000,0,0000
1964,00,0,01,00110100,00000000,01010111,0,1011
1965,00,0,00,00000000,00000000,00000000,0,0000
1966,00,0,00,00000000,00000000,00000000,0,0000
1967,00,0,00,00000000,00000000,00000000,0,0000
1968,00,0,01,01001101,00000000,01101011,0,1011
1969,00,0,00,00000000,00000000,00000000,0,0000
1970,00,0,00,00000000,00000000,00000000,0,0000
1971,00,0,00,00000000,00000000,00000000,0,0000
1972,00,0,01,01001110,00000000,01101101,0,1011
1973,00,0,00,00000000,00000000,00000000,0,0000
1974,00,0,00,00000000,00000000,00000000,0,0000
1975,00,0,00,00000000,00000000,00000000,0,0000
1976,00,0,01,01001111,00000000,01101111,0,1011
1977,00,0,10,00011000,11111110,00001000,0,0011
1978,00,0,10,00011001,11111110,00001010,0,0011
1979,00,0,10,00011010,11111110,00001100,0,0011
1980,00,0,10,00011011,11111110,00001110,0,0011
1981,00,0,10,00011100,11111110,00010000,0,0011
1982,00,0,10,00011101,11111110,00010010,0,0011
1983,00,0,10,00011110,11111110,00010100,0,0011
1984,00,0,10,00011111,11111110,00010110,0,0011
1985,00,0,01,01010001,00000000,01110011,0,1011
1986,00,0,01,01010000,00000000,01110001,0,1011
1987,00,0,10,00111000,00011101,00101000,0,0011
1988,00,0,10,00111001,00011101,00101010,0,0011
1989,00,0,10,00111010,00011101,00101100,0,0011
1990,00,0,10,00111100,00011101,00110000,0,0011
1991,00,0,10,00111011,00011101,00101110,0,0011
1992,00,0,10,00111101,00011101,00110010,0,0011
1993,00,0,10,00111110,00011101,00110100,0,0011
1994,00,0,10,00111111,00011101,00110110,0,0011
1995,00,0,10,01110100,01001011,01100110,0,0011
1996,00,0,10,01110110,01001011,01100111,0,0011
1997,00,0,10,10001010,01101010,10000001,0,0011
1998,00,0,10,10001000,01101010,10000000,0,0011
1999,00,0,10,10001100,01101010,10000010,0,0011
2000,00,0,10,10001110,01101010,10000011,0,0011
2001,00,0,10,10010000,01101010,10000100,0,0011
2002,00,0,10,10010010,01101010,10000101,0,0011
2003,00,0,10,10010100,01101010,10000110,0,0011
2004,00,0,10,10010110,01101010,10000111,0,0011
2005,00,0,10,10101000,10001001,10100000,0,0011
2006,00,0,10,10101010,10001001,10100001,0,0011
2007,00,0,10,10101110,10001001,10100011,0,0011
2008,00,0,10,10101100,10001001,10100010,0,0011
2009,00,0,10,10110000,10001001,10100100,0,0011
2010,00,0,10,10110010,10001001,10100101,0,0011
2011,00,0,01,11011001,00000000,00000001,0,1100
2012,00,0,01,11011000,00000000,00000000,0,1100
2013,00,0,01,11011010,00000000,00000010,0,1100
2014,00,0,01,11011011,00000000,00000011,0,1100
2015,00,0,01,11011100,00000000,00000100,0,1100
2016,00,0,01,11011101,00000000,00000101,0,1100
2017,00,0,01,11011110,00000000,00000110,0,1100
2018,00,0,01,11011111,00000000,00000111,0,1100
2019,00,0,01,11111001,00000000,00100010,0,1100
2020,00,0,01,11110111,00000000,00100000,0,1100
2021,00,0,01,11111000,00000000,00100001,0,1100
2022,00,0,01,11111010,00000000,00100011,0,1100
2023,00,0,01,11111011,00000000,00100100,0,1100
2024,00,0,01,11111100,00000000,00100101,0,1100
2025,00,0,01,11111101,00000000,00100110,0,1100
2026,00,0,01,11111110,00000000,00100111,0,1100
2027,00,0,00,00000000,00000000,00000000,0,0000
2028,00,0,00,00000000,00000000,00000000,0,0000
2029,00,0,00,00000000,00000000,00000000,0,0000
2030,00,0,00,00000000,00000000,00000000,0,0000
2031,00,0,01,01010010,00000000,01110101,0,1011
2032,00,0,00,00000000,00000000,00000000,0,0000
2033,00,0,00,00000000,00000000,00000000,0,0000
2034,00,0,00,00000000,00000000,00000000,0,0000
2035,00,0,01,01010011,00000000,01110111,0,1011
2036,00,0,00,00000000,00000000,00000000,0,0000
2037,00,0,00,00000000,00000000,00000000,0,0000
2038,00,0,00,00000000,00000000,00000000,0,0000
2039,00,0,01,01101011,00000000,10001001,0,1011
2040,00,0,00,00000000,00000000,00000000,0,0000
2041,00,0,00,00000000,00000000,00000000,0,0000
2042,00,0,00,00000000,00000000,00000000,0,0000
2043,00,0,01,01101100,00000000,10001011,0,1011
2044,00,0,00,00000000,00000000,00000000,0,0000
2045,00,0,00,00000000,00000000,00000000,0,0000
2046,00,0,00,00000000,00000000,00000000,0,0000
2047,00,0,01,01101101,00000000,10001101,0,1011
2048,00,0,00,00000000,00000000,00000000,0,0000
2049,00,0,00,00000000,00000000,00000000,0,0000
2050,00,0,00,00000000,00000000,00000000,0,0000
2051,00,0,01,01101110,00000000,10001111,0,1011
2052,00,0,00,00000000,00000000,00000000,0,0000
2053,00,0,00,00000000,00000000,00000000,0,0000
2054,00,0,00,00000000,00000000,00000000,0,0000
2055,00,0,01,01101111,00000000,10010001,0,1011
2056,00,0,00,00000000,00000000,00000000,0,0000
2057,00,0,00,00000000,00000000,00000000,0,0000
2058,00,0,00,00000000,00000000,00000000,0,0000
2059,00,0,01,01110000,00000000,10010011,0,1011
2060,00,0,00,00000000,00000000,00000000,0,0000
2061,00,0,00,00000000,00000000,00000000,0,0000
2062,00,0,00,00000000,00000000,00000000,0,0000
2063,00,0,01,01110001,00000000,10010101,0,1011
2064,00,0,00,00000000,00000000,00000000,0,0000
2065,00,0,00,00000000,00000000,00000000,0,0000
2066,00,0,00,00000000,00000000,00000000,0,0000
2067,00,0,01,01110010,00000000,10010111,0,1011
2068,00,0,00,00000000,00000000,00000000,0,0000
2069,00,0,00,00000000,00000000,00000000,0,0000
2070,00,0,00,00000000,00000000,00000000,0,0000
2071,00,0,01,10001010,00000000,10101001,0,1011
2072,00,0,00,00000000,00000000,00000000,0,0000
2073,00,0,00,00000000,00000000,00000000,0,0000
2074,00,0,00,00000000,00000000,00000000,0,0000
2075,00,0,01,10001011,00000000,10101011,0,1011
2076,00,0,00,00000000,00000000,00000000,0,0000
2077,00,0,00,00000000,00000000,00000000,0,0000
2078,00,0,00,00000000,00000000,00000000,0,0000
2079,00,0,01,10001100,00000000,10101101,0,1011
2080,00,0,00,00000000,00000000,00000000,0,0000
2081,00,0,00,00000000,00000000,00000000,0,0000
2082,00,0,00,00000000,00000000,00000000,0,0000
2083,00,0,01,10001101,00000000,10101111,0,1011
2084,00,0,10,01011000,00111100,01001000,0,0011
2085,00,0,10,01011001,00111100,01001010,0,0011
2086,00,0,10,01011010,00111100,01001100,0,0011
2087,00,0,10,01011011,00111100,01001110,0,0011
2088,00,0,10,01011100,00111100,01010000,0,0011
2089,00,0,10,01011101,00111100,01010010,0,0011
2090,00,0,10,01011110,00111100,01010100,0,0011
2091,00,0,10,01011111,00111100,01010110,0,0011
2092,00,0,10,01111000,01011011,01101000,0,0011
2093,00,0,10,01111010,01011011,01101100,0,0011
2094,00,0,10,01111001,01011011,01101010,0,0011
2095,00,0,10,01111011,01011011,01101110,0,0011
2096,00,0,10,01111100,01011011,01110000,0,0011
2097,00,0,10,01111110,01011011,01110100,0,0011
2098,00,0,10,01111101,01011011,01110010,0,0011
2099,00,0,10,01111111,01011011,01110110,0,0011
2100,00,0,01,10001110,00000000,10110001,0,1011
2101,00,0,01,10001111,00000000,10110011,0,1011
2102,00,0,10,10110100,10001001,10100110,0,0011
2103,00,0,10,10110110,10001001,10100111,0,0011
2104,00,0,10,11001000,10101000,11000000,0,0011
2105,00,0,10,11001100,10101000,11000010,0,0011
2106,00,0,10,11001010,10101000,11000001,0,0011
2107,00,0,10,11001110,10101000,11000011,0,0011
2108,00,0,10,11010000,10101000,11000100,0,0011
2109,00,0,10,11010010,10101000,11000101,0,0011
2110,00,0,10,11010100,10101000,11000110,0,0011
2111,00,0,10,11010110,10101000,11000111,0,0011
2112,00,0,10,11101000,11000111,11100000,0,0011
2113,00,0,10,00101000,00000101,00100000,0,0011
2114,00,0,10,11101010,11000111,11100001,0,0011
2115,00,0,10,11101100,11000111,11100010,0,0011
2116,00,0,10,11101110,11000111,11100011,0,0011
2117,00,0,01,00010111,00000000,01000001,0,1100
2118,00,0,01,00010110,00000000,01000000,0,1100
2119,00,0,01,00011000,00000000,01000010,0,1100
2120,00,0,01,00011001,00000000,01000011,0,1100
2121,00,0,01,00011010,00000000,01000100,0,1100
2122,00,0,01,00011011,00000000,01000101,0,1100
2123,00,0,01,00011100,00000000,01000110,0,1100
2124,00,0,01,00011101,00000000,01000111,0,1100
2125,00,0,01,00110111,00000000,01100010,0,1100
2126,00,0,01,00110101,00000000,01100000,0,1100
2127,00,0,01,00110110,00000000,01100001,0,1100
2128,00,0,01,00111000,00000000,01100011,0,1100
2129,00,0,01,00111001,00000000,01100100,0,1100
2130,00,0,01,00111010,00000000,01100101,0,1100
2131,00,0,01,00111011,00000000,01100110,0,1100
2132,00,0,01,00111100,00000000,01100111,0,1100
2133,00,0,00,00000000,00000000,00000000,0,0000
2134,00,0,00,00000000,00000000,00000000,0,0000
2135,00,0,00,00000000,00000000,00000000,0,0000
2136,00,0,00,00000000,00000000,00000000,0,0000
2137,00,0,01,10010000,00000000,10110101,0,1011
2138,00,0,00,00000000,00000000,00000000,0,0000
2139,00,0,00,00000000,00000000,00000000,0,0000
2140,00,0,00,00000000,00000000,00000000,0,0000
2141,00,0,01,10010001,00000000,10110111,0,1011
2142,00,0,00,00000000,00000000,00000000,0,0000
2143,00,0,00,00000000,00000000,00000000,0,0000
2144,00,0,00,00000000,00000000,00000000,0,0000
2145,00,0,01,10101001,00000000,11001001,0,1011
2146,00,0,00,00000000,00000000,00000000,0,0000
2147,00,0,00,00000000,00000000,00000000,0,0000
2148,00,0,00,00000000,00000000,00000000,0,0000
2149,00,0,01,10101010,00000000,11001011,0,1011
2150,00,0,00,00000000,00000000,00000000,0,0000
2151,00,0,00,00000000,00000000,00000000,0,0000
2152,00,0,00,00000000,00000000,00000000,0,0000
2153,00,0,01,10101011,00000000,11001101,0,1011
2154,00,0,00,00000000,00000000,00000000,0,0000
2155,00,0,00,00000000,00000000,00000000,0,0000
2156,00,0,00,00000000,00000000,00000000,0,0000
2157,00,0,01,10101100,00000000,11001111,0,1011
2158,00,0,00,00000000,00000000,00000000,0,0000
2159,00,0,00,00000000,00000000,00000000,0,0000
2160,00,0,00,00000000,00000000,00000000,0,0000
2161,00,0,01,10101101,00000000,11010001,0,1011
2162,00,0,00,00000000,00000000,00000000,0,0000
2163,00,0,00,00000000,00000000,00000000,0,0000
2164,00,0,00,00000000,00000000,00000000,0,0000
2165,00,0,01,10101110,00000000,11010011,0,1011
2166,00,0,00,00000000,00000000,00000000,0,0000
2167,00,0,00,00000000,00000000,00000000,0,0000
2168,00,0,00,00000000,00000000,00000000,0,0000
2169,00,0,01,10101111,00000000,11010101,0,1011
2170,00,0,00,00000000,00000000,00000000,0,0000
2171,00,0,00,00000000,00000000,00000000,0,0000
2172,00,0,00,00000000,00000000,00000000,0,0000
2173,00,0,01,10110000,00000000,11010111,0,1011
2174,00,0,00,00000000,00000000,00000000,0,0000
2175,00,0,00,00000000,00000000,00000000,0,0000
2176,00,0,00,00000000,00000000,00000000,0,0000
2177,00,0,01,11001000,00000000,11101001,0,1011
2178,00,0,00,00000000,00000000,00000000,0,0000
2179,00,0,00,00000000,00000000,00000000,0,0000
2180,00,0,00,00000000,00000000,00000000,0,0000
2181,00,0,01,11001001,00000000,11101011,0,1011
2182,00,0,00,00000000,00000000,00000000,0,0000
2183,00,0,00,00000000,00000000,00000000,0,0000
2184,00,0,00,00000000,00000000,00000000,0,0000
2185,00,0,01,11001010,00000000,11101101,0,1011
2186,00,0,10,10011000,01111010,10001000,0,0011
2187,00,0,10,10011001,01111010,10001010,0,0011
2188,00,0,10,10011010,01111010,10001100,0,0011
2189,00,0,10,10011011,01111010,10001110,0,0011
2190,00,0,10,10011100,01111010,10010000,0,0011
2191,00,0,10,10011101,01111010,10010010,0,0011
2192,00,0,10,10011110,01111010,10010100,0,0011
2193,00,0,10,10011111,01111010,10010110,0,0011
2194,00,0,01,11001011,00000000,11101111,0,1011
2195,00,0,10,11110000,11000111,11100100,0,0011
2196,00,0,10,10111000,10011001,10101000,0,0011
2197,00,0,10,10111001,10011001,10101010,0,0011
2198,00,0,10,10111010,10011001,10101100,0,0011
2199,00,0,10,10111100,10011001,10110000,0,0011
2200,00,0,10,10111011,10011001,10101110,0,0011
2201,00,0,10,10111101,10011001,10110010,0,0011
2202,00,0,10,10111110,10011001,10110100,0,0011
2203,00,0,10,10111111,10011001,10110110,0,0011
2204,00,0,10,11110100,11000111,11100110,0,0011
2205,00,0,10,11110010,11000111,11100101,0,0011
2206,00,0,10,11110110,11000111,11100111,0,0011
2207,00,0,01,00000110,00000000,00101001,0,1011
2208,00,0,10,00001000,11100110,00000000,0,0011
2209,00,0,10,00001010,11100110,00000001,0,0011
2210,00,0,10,00001100,11100110,00000010,0,0011
2211,00,0,10,00001110,11100110,00000011,0,0011
2212,00,0,01,01010100,00000000,10000000,0,1100
2213,00,0,01,01010101,00000000,10000001,0,1100
2214,00,0,01,01010110,00000000,10000010,0,1100
2215,00,0,01,01010111,00000000,10000011,0,1100
2216,00,0,01,01011001,00000000,10000101,0,1100
2217,00,0,01,01011000,00000000,10000100,0,1100
2218,00,0,01,01011010,00000000,10000110,0,1100
2219,00,0,01,01011011,00000000,10000111,0,1100
2220,00,0,01,01110011,00000000,10100000,0,1100
2221,00,0,01,01110100,00000000,10100001,0,1100
2222,00,0,01,01110110,00000000,10100011,0,1100
2223,00,0,01,01110101,00000000,10100010,0,1100
2224,00,0,01,01111000,00000000,10100101,0,1100
2225,00,0,01,01110111,00000000,10100100,0,1100
2226,00,0,01,01111001,00000000,10100110,0,1100
2227,00,0,01,01111010,00000000,10100111,0,1100
2228,00,0,00,00000000,00000000,00000000,0,0000
2229,00,0,00,00000000,00000000,00000000,0,0000
2230,00,0,00,00000000,00000000,00000000,0,0000
2231,00,0,00,00000000,00000000,00000000,0,0000
2232,00,0,01,11001100,00000000,11110001,0,1011
2233,00,0,00,00000000,00000000,00000000,0,0000
2234,00,0,00,00000000,00000000,00000000,0,0000
2235,00,0,00,00000000,00000000,00000000,0,0000
2236,00,0,00,00000000,00000000,00000000,0,0000
2237,00,0,00,00000000,00000000,00000000,0,0000
2238,00,0,00,00000000,00000000,00000000,0,0000
2239,00,0,00,00000000,00000000,00000000,0,0000
2240,00,0,01,11001101,00000000,11110011,0,1011
2241,00,0,00,00000000,00000000,00000000,0,0000
2242,00,0,00,00000000,00000000,00000000,0,0000
2243,00,0,00,00000000,00000000,00000000,0,0000
2244,00,0,01,11001110,00000000,11110101,0,1011
2245,00,0,00,00000000,00000000,00000000,0,0000
2246,00,0,00,00000000,00000000,00000000,0,0000
2247,00,0,00,00000000,00000000,00000000,0,0000
2248,00,0,01,11001111,00000000,11110111,0,1011
2249,00,0,00,00000000,00000000,00000000,0,0000
2250,00,0,00,00000000,00000000,00000000,0,0000
2251,00,0,00,00000000,00000000,00000000,0,0000
2252,00,0,01,11100111,00000000,00001001,0,1011
2253,00,0,00,00000000,00000000,00000000,0,0000
2254,00,0,00,00000000,00000000,00000000,0,0000
2255,00,0,00,00000000,00000000,00000000,0,0000
2256,00,0,01,11101000,00000000,00001011,0,1011
2257,00,0,10,11011000,10111000,11001000,0,0011
2258,00,0,10,11011001,10111000,11001010,0,0011
2259,00,0,10,11011010,10111000,11001100,0,0011
2260,00,0,10,11011011,10111000,11001110,0,0011
2261,00,0,10,11011100,10111000,11010000,0,0011
2262,00,0,10,11011101,10111000,11010010,0,0011
2263,00,0,10,11011110,10111000,11010100,0,0011
2264,00,0,10,11011111,10111000,11010110,0,0011
2265,00,0,01,11101010,00000000,00001111,0,1011
2266,00,0,01,11101001,00000000,00001101,0,1011
2267,00,0,10,00101010,00000101,00100001,0,0011
2268,00,0,10,00010010,11100110,00000101,0,0011
2269,00,0,10,00010000,11100110,00000100,0,0011
2270,00,0,10,00010110,11100110,00000111,0,0011
2271,00,0,10,00010100,11100110,00000110,0,0011
2272,00,0,10,00101100,00000101,00100010,0,0011
2273,00,0,10,00101110,00000101,00100011,0,0011
2274,00,0,10,01101000,01000011,01100000,0,0011
2275,00,0,10,00110000,00000101,00100100,0,0011
2276,00,0,10,00110010,00000101,00100101,0,0011
2277,00,0,10,00110100,00000101,00100110,0,0011
2278,00,0,10,01001010,00100100,01000001,0,0011
2279,00,0,10,00110110,00000101,00100111,0,0011
2280,00,0,10,01001000,00100100,01000000,0,0011
2281,00,0,10,01001100,00100100,01000010,0,0011
2282,00,0,01,10010010,00000000,11000000,0,1100
2283,00,0,01,10010011,00000000,11000001,0,1100
2284,00,0,01,10010100,00000000,11000010,0,1100
2285,00,0,01,10010101,00000000,11000011,0,1100
2286,00,0,01,10010111,00000000,11000101,0,1100
2287,00,0,01,10010110,00000000,11000100,0,1100
2288,00,0,01,10011000,00000000,11000110,0,1100
2289,00,0,01,10011001,00000000,11000111,0,1100
2290,00,0,00,00000000,00000000,00000000,0,0000
2291,00,0,00,00000000,00000000,00000000,0,0000
2292,00,0,00,00000000,00000000,00000000,0,0000
2293,00,0,00,00000000,00000000,00000000,0,0000
2294,00,0,00,00000000,00000000,00000000,0,0000
2295,00,0,00,00000000,00000000,00000000,0,0000
2296,00,0,00,00000000,00000000,00000000,0,0000
2297,00,0,00,00000000,00000000,00000000,0,0000
2298,00,0,00,00000000,00000000,00000000,0,0000
2299,00,0,00,00000000,00000000,00000000,0,0000
2300,00,0,00,00000000,00000000,00000000,0,0000
2301,00,0,00,00000000,00000000,00000000,0,0000
2302,00,0,01,00000111,00000000,00101011,0,1011
2303,00,0,00,00000000,00000000,00000000,0,0000
2304,00,0,00,00000000,00000000,00000000,0,0000
2305,00,0,00,00000000,00000000,00000000,0,0000
2306,00,0,01,11101011,00000000,00010001,0,1011
2307,00,0,00,00000000,00000000,00000000,0,0000
2308,00,0,00,00000000,00000000,00000000,0,0000
2309,00,0,00,00000000,00000000,00000000,0,0000
2310,00,0,01,11101100,00000000,00010011,0,1011
2311,00,0,00,00000000,00000000,00000000,0,0000
2312,00,0,00,00000000,00000000,00000000,0,0000
2313,00,0,00,00000000,00000000,00000000,0,0000
2314,00,0,01,11101101,00000000,00010101,0,1011
2315,00,0,00,00000000,00000000,00000000,0,0000
2316,00,0,00,00000000,00000000,00000000,0,0000
2317,00,0,00,00000000,00000000,00000000,0,0000
2318,00,0,01,11101110,00000000,00010111,0,1011
2319,00,0,00,00000000,00000000,00000000,0,0000
2320,00,0,00,00000000,00000000,00000000,0,0000
2321,00,0,00,00000000,00000000,00000000,0,0000
2322,00,0,01,00001000,00000000,00101101,0,1011
2323,00,0,00,00000000,00000000,00000000,0,0000
2324,00,0,00,00000000,00000000,00000000,0,0000
2325,00,0,00,00000000,00000000,00000000,0,0000
2326,00,0,01,00001001,00000000,00101111,0,1011
2327,00,0,00,00000000,00000000,00000000,0,0000
2328,00,0,00,00000000,00000000,00000000,0,0000
2329,00,0,00,00000000,00000000,00000000,0,0000
2330,00,0,01,00001010,00000000,00110001,0,1011
2331,00,0,00,00000000,00000000,00000000,0,0000
2332,00,0,00,00000000,00000000,00000000,0,0000
2333,00,0,00,00000000,00000000,00000000,0,0000
2334,00,0,01,00001011,00000000,00110011,0,1011
2335,00,0,00,00000000,00000000,00000000,0,0000
2336,00,0,00,00000000,00000000,00000000,0,0000
2337,00,0,00,00000000,00000000,00000000,0,0000
2338,00,0,01,00001100,00000000,00110101,0,1011
2339,00,0,00,00000000,00000000,00000000,0,0000
2340,00,0,00,00000000,00000000,00000000,0,0000
2341,00,0,00,00000000,00000000,00000000,0,0000
2342,00,0,01,00001101,00000000,00110111,0,1011
2343,00,0,00,00000000,00000000,00000000,0,0000
2344,00,0,00,00000000,00000000,00000000,0,0000
2345,00,0,00,00000000,00000000,00000000,0,0000
2346,00,0,01,00100101,00000000,01001001,0,1011
2347,00,0,00,00000000,00000000,00000000,0,0000
2348,00,0,00,00000000,00000000,00000000,0,0000
2349,00,0,00,00000000,00000000,00000000,0,0000
2350,00,0,01,00100110,00000000,01001011,0,1011
2351,00,0,10,11111000,11010111,11101000,0,0011
2352,00,0,10,11111001,11010111,11101010,0,0011
2353,00,0,10,11111010,11010111,11101100,0,0011
2354,00,0,10,11111011,11010111,11101110,0,0011
2355,00,0,10,11111100,11010111,11110000,0,0011
2356,00,0,10,11111101,11010111,11110010,0,0011
2357,00,0,10,11111110,11010111,11110100,0,0011
2358,00,0,10,11111111,11010111,11110110,0,0011
2359,00,0,10,01001110,00100100,01000011,0,0011
2360,00,0,01,00100111,00000000,01001101,0,1011
2361,00,0,01,01000100,00000000,01101001,0,1011
2362,00,0,10,01010010,00100100,01000101,0,0011
2363,00,0,10,01010000,00100100,01000100,0,0011
2364,00,0,10,01010110,00100100,01000111,0,0011
2365,00,0,10,01010100,00100100,01000110,0,0011
2366,00,0,10,01101010,01000011,01100001,0,0011
2367,00,0,10,01101100,01000011,01100010,0,0011
2368,00,0,10,10101000,10000001,10100000,0,0011
2369,00,0,10,01101110,01000011,01100011,0,0011
2370,00,0,10,01110010,01000011,01100101,0,0011
2371,00,0,10,01110000,01000011,01100100,0,0011
2372,00,0,10,01110100,01000011,01100110,0,0011
2373,00,0,10,00011000,11110110,00001000,0,0011
2374,00,0,01,10110001,00000000,11100000,0,1100
2375,00,0,01,10110010,00000000,11100001,0,1100
2376,00,0,01,10110011,00000000,11100010,0,1100
2377,00,0,01,10110100,00000000,11100011,0,1100
2378,00,0,01,10110110,00000000,11100101,0,1100
2379,00,0,01,10110101,00000000,11100100,0,1100
2380,00,0,01,10110111,00000000,11100110,0,1100
2381,00,0,01,10111000,00000000,11100111,0,1100
2382,00,0,00,00000000,00000000,00000000,0,0000
2383,00,0,00,00000000,00000000,00000000,0,0000
2384,00,0,00,00000000,00000000,00000000,0,0000
2385,00,0,00,00000000,00000000,00000000,0,0000
2386,00,0,00,00000000,00000000,00000000,0,0000
2387,00,0,00,00000000,00000000,00000000,0,0000
2388,00,0,00,00000000,00000000,00000000,0,0000
2389,00,0,00,00000000,00000000,00000000,0,0000
2390,00,0,00,00000000,00000000,00000000,0,0000
2391,00,0,00,00000000,00000000,00000000,0,0000
2392,00,0,00,00000000,00000000,00000000,0,0000
2393,00,0,00,00000000,00000000,00000000,0,0000
2394,00,0,01,00101000,00000000,01001111,0,1011
2395,00,0,00,00000000,00000000,00000000,0,0000
2396,00,0,00,00000000,00000000,00000000,0,0000
2397,00,0,00,00000000,00000000,00000000,0,0000
2398,00,0,01,00101001,00000000,01010001,0,1011
2399,00,0,00,00000000,00000000,00000000,0,0000
2400,00,0,00,00000000,00000000,00000000,0,0000
2401,00,0,00,00000000,00000000,00000000,0,0000
2402,00,0,01,00101010,00000000,01010011,0,1011
2403,00,0,00,00000000,00000000,00000000,0,0000
2404,00,0,00,00000000,00000000,00000000,0,0000
2405,00,0,00,00000000,00000000,00000000,0,0000
2406,00,0,01,00101011,00000000,01010101,0,1011
2407,00,0,00,00000000,00000000,00000000,0,0000
2408,00,0,00,00000000,00000000,00000000,0,0000
2409,00,0,00,00000000,00000000,00000000,0,0000
2410,00,0,01,00101100,00000000,01010111,0,1011
2411,00,0,00,00000000,00000000,00000000,0,0000
2412,00,0,00,00000000,00000000,00000000,0,0000
2413,00,0,00,00000000,00000000,00000000,0,0000
2414,00,0,01,01000101,00000000,01101011,0,1011
2415,00,0,00,00000000,00000000,00000000,0,0000
2416,00,0,00,00000000,00000000,00000000,0,0000
2417,00,0,00,00000000,00000000,00000000,0,0000
2418,00,0,01,01000110,00000000,01101101,0,1011
2419,00,0,00,00000000,00000000,00000000,0,0000
2420,00,0,00,00000000,00000000,00000000,0,0000
2421,00,0,00,00000000,00000000,00000000,0,0000
2422,00,0,01,01000111,00000000,01101111,0,1011
2423,00,0,00,00000000,00000000,00000000,0,0000
2424,00,0,00,00000000,00000000,00000000,0,0000
2425,00,0,00,00000000,00000000,00000000,0,0000
2426,00,0,01,01001000,00000000,01110001,0,1011
2427,00,0,00,00000000,00000000,00000000,0,0000
2428,00,0,00,00000000,00000000,00000000,0,0000
2429,00,0,00,00000000,00000000,00000000,0,0000
2430,00,0,01,01001001,00000000,01110011,0,1011
2431,00,0,10,00011010,11110110,00001100,0,0011
2432,00,0,10,00011001,11110110,00001010,0,0011
2433,00,0,10,00011011,11110110,00001110,0,0011
2434,00,0,10,00011100,11110110,00010000,0,0011
2435,00,0,10,00011101,11110110,00010010,0,0011
2436,00,0,10,00011110,11110110,00010100,0,0011
2437,00,0,10,00011111,11110110,00010110,0,0011
2438,00,0,10,00111000,00010101,00101000,0,0011
2439,00,0,10,00111001,00010101,00101010,0,0011
2440,00,0,10,00111010,00010101,00101100,0,0011
2441,00,0,10,00111011,00010101,00101110,0,0011
2442,00,0,10,00111100,00010101,00110000,0,0011
2443,00,0,10,00111110,00010101,00110100,0,0011
2444,00,0,10,00111101,00010101,00110010,0,0011
2445,00,0,10,00111111,00010101,00110110,0,0011
2446,00,0,10,01110110,01000011,01100111,0,0011
2447,00,0,01,01001010,00000000,01110101,0,1011
2448,00,0,10,10001000,01100010,10000000,0,0011
2449,00,0,10,10001010,01100010,10000001,0,0011
2450,00,0,10,10001110,01100010,10000011,0,0011
2451,00,0,10,10001100,01100010,10000010,0,0011
2452,00,0,10,10010000,01100010,10000100,0,0011
2453,00,0,10,10010010,01100010,10000101,0,0011
2454,00,0,10,10010110,01100010,10000111,0,0011
2455,00,0,10,10010100,01100010,10000110,0,0011
2456,00,0,01,10000010,00000000,10101001,0,1011
2457,00,0,10,10101010,10000001,10100001,0,0011
2458,00,0,10,10101100,10000001,10100010,0,0011
2459,00,0,10,10101110,10000001,10100011,0,0011
2460,00,0,10,10110000,10000001,10100100,0,0011
2461,00,0,10,10110010,10000001,10100101,0,0011
2462,00,0,01,11010000,00000000,00000000,0,1100
2463,00,0,01,11010001,00000000,00000001,0,1100
2464,00,0,01,11010010,00000000,00000010,0,1100
2465,00,0,01,11010011,00000000,00000011,0,1100
2466,00,0,01,11010101,00000000,00000101,0,1100
2467,00,0,01,11010100,00000000,00000100,0,1100
2468,00,0,01,11010110,00000000,00000110,0,1100
2469,00,0,01,11010111,00000000,00000111,0,1100
2470,00,0,01,11101111,00000000,00100000,0,1100
2471,00,0,01,11110000,00000000,00100001,0,1100
2472,00,0,01,11110010,00000000,00100011,0,1100
2473,00,0,01,11110001,00000000,00100010,0,1100
2474,00,0,01,11110100,00000000,00100101,0,1100
2475,00,0,01,11110011,00000000,00100100,0,1100
2476,00,0,01,11110101,00000000,00100110,0,1100
2477,00,0,01,11110110,00000000,00100111,0,1100
2478,00,0,00,00000000,00000000,00000000,0,0000
2479,00,0,00,00000000,00000000,00000000,0,0000
2480,00,0,00,00000000,00000000,00000000,0,0000
2481,00,0,00,00000000,00000000,00000000,0,0000
2482,00,0,01,01001011,00000000,01110111,0,1011
2483,00,0,00,00000000,00000000,00000000,0,0000
2484,00,0,00,00000000,00000000,00000000,0,0000
2485,00,0,00,00000000,00000000,00000000,0,0000
2486,00,0,01,01100011,00000000,10001001,0,1011
2487,00,0,00,00000000,00000000,00000000,0,0000
2488,00,0,00,00000000,00000000,00000000,0,0000
2489,00,0,00,00000000,00000000,00000000,0,0000
2490,00,0,01,01100100,00000000,10001011,0,1011
2491,00,0,00,00000000,00000000,00000000,0,0000
2492,00,0,00,00000000,00000000,00000000,0,0000
2493,00,0,00,00000000,00000000,00000000,0,0000
2494,00,0,01,01100101,00000000,10001101,0,1011
2495,00,0,00,00000000,00000000,00000000,0,0000
2496,00,0,00,00000000,00000000,00000000,0,0000
2497,00,0,00,00000000,00000000,00000000,0,0000
2498,00,0,01,01100110,00000000,10001111,0,1011
2499,00,0,00,00000000,00000000,00000000,0,0000
2500,00,0,00,00000000,00000000,00000000,0,0000
2501,00,0,00,00000000,00000000,00000000,0,0000
2502,00,0,01,01100111,00000000,10010001,0,1011
2503,00,0,00,00000000,00000000,00000000,0,0000
2504,00,0,00,00000000,00000000,00000000,0,0000
2505,00,0,00,00000000,00000000,00000000,0,0000
2506,00,0,01,01101000,00000000,10010011,0,1011
2507,00,0,00,00000000,00000000,00000000,0,0000
2508,00,0,00,00000000,00000000,00000000,0,0000
2509,00,0,00,00000000,00000000,00000000,0,0000
2510,00,0,01,01101001,00000000,10010101,0,1011
2511,00,0,00,00000000,00000000,00000000,0,0000
2512,00,0,00,00000000,00000000,00000000,0,0000
2513,00,0,00,00000000,00000000,00000000,0,0000
2514,00,0,01,01101010,00000000,10010111,0,1011
2515,00,0,00,00000000,00000000,00000000,0,0000
2516,00,0,00,00000000,00000000,00000000,0,0000
2517,00,0,00,00000000,00000000,00000000,0,0000
2518,00,0,01,10000011,00000000,10101011,0,1011
2519,00,0,00,00000000,00000000,00000000,0,0000
2520,00,0,00,00000000,00000000,00000000,0,0000
2521,00,0,00,00000000,00000000,00000000,0,0000
2522,00,0,01,10000100,00000000,10101101,0,1011
2523,00,0,00,00000000,00000000,00000000,0,0000
2524,00,0,00,00000000,00000000,00000000,0,0000
2525,00,0,00,00000000,00000000,00000000,0,0000
2526,00,0,01,10000101,00000000,10101111,0,1011
2527,00,0,10,01011000,00110100,01001000,0,0011
2528,00,0,10,01011001,00110100,01001010,0,0011
2529,00,0,10,01011010,00110100,01001100,0,0011
2530,00,0,10,01011011,00110100,01001110,0,0011
2531,00,0,10,01011100,00110100,01010000,0,0011
2532,00,0,10,01011101,00110100,01010010,0,0011
2533,00,0,10,01011110,00110100,01010100,0,0011
2534,00,0,10,01011111,00110100,01010110,0,0011
2535,00,0,01,10000111,00000000,10110011,0,1011
2536,00,0,01,10000110,00000000,10110001,0,1011
2537,00,0,10,01111000,01010011,01101000,0,0011
2538,00,0,10,01111001,01010011,01101010,0,0011
2539,00,0,10,01111010,01010011,01101100,0,0011
2540,00,0,10,01111100,01010011,01110000,0,0011
2541,00,0,10,01111011,01010011,01101110,0,0011
2542,00,0,10,01111101,01010011,01110010,0,0011
2543,00,0,10,01111110,01010011,01110100,0,0011
2544,00,0,10,01111111,01010011,01110110,0,0011
2545,00,0,10,10110100,10000001,10100110,0,0011
2546,00,0,10,10110110,10000001,10100111,0,0011
2547,00,0,10,11001010,10100000,11000001,0,0011
2548,00,0,10,11001000,10100000,11000000,0,0011
2549,00,0,10,11001100,10100000,11000010,0,0011
2550,00,0,10,11001110,10100000,11000011,0,0011
2551,00,0,10,11010000,10100000,11000100,0,0011
2552,00,0,10,11010010,10100000,11000101,0,0011
2553,00,0,10,11010100,10100000,11000110,0,0011
2554,00,0,10,11010110,10100000,11000111,0,0011
2555,00,0,10,11101000,10111111,11100000,0,0011
2556,00,0,10,11101010,10111111,11100001,0,0011
2557,00,0,10,11101110,10111111,11100011,0,0011
2558,00,0,10,11101100,10111111,11100010,0,0011
2559,00,0,10,11110000,10111111,11100100,0,0011
2560,00,0,10,11110010,10111111,11100101,0,0011
2561,00,0,01,00001111,00000000,01000001,0,1100
2562,00,0,01,00001110,00000000,01000000,0,1100
2563,00,0,01,00010000,00000000,01000010,0,1100
2564,00,0,01,00010001,00000000,01000011,0,1100
2565,00,0,01,00010010,00000000,01000100,0,1100
2566,00,0,01,00010011,00000000,01000101,0,1100
2567,00,0,01,00010100,00000000,01000110,0,1100
2568,00,0,01,00010101,00000000,01000111,0,1100
2569,00,0,01,00101111,00000000,01100010,0,1100
2570,00,0,01,00101101,00000000,01100000,0,1100
2571,00,0,01,00101110,00000000,01100001,0,1100
2572,00,0,01,00110000,00000000,01100011,0,1100
2573,00,0,01,00110001,00000000,01100100,0,1100
2574,00,0,01,00110010,00000000,01100101,0,1100
2575,00,0,01,00110011,00000000,01100110,0,1100
2576,00,0,01,00110100,00000000,01100111,0,1100
2577,00,0,00,00000000,00000000,00000000,0,0000
2578,00,0,00,00000000,00000000,00000000,0,0000
2579,00,0,00,00000000,00000000,00000000,0,0000
2580,00,0,00,00000000,00000000,00000000,0,0000
2581,00,0,01,10001000,00000000,10110101,0,1011
2582,00,0,00,00000000,00000000,00000000,0,0000
2583,00,0,00,00000000,00000000,00000000,0,0000
2584,00,0,00,00000000,00000000,00000000,0,0000
2585,00,0,01,10001001,00000000,10110111,0,1011
2586,00,0,00,00000000,00000000,00000000,0,0000
2587,00,0,00,00000000,00000000,00000000,0,0000
2588,00,0,00,00000000,00000000,00000000,0,0000
2589,00,0,01,10100001,00000000,11001001,0,1011
2590,00,0,00,00000000,00000000,00000000,0,0000
2591,00,0,00,00000000,00000000,00000000,0,0000
2592,00,0,00,00000000,00000000,00000000,0,0000
2593,00,0,01,10100010,00000000,11001011,0,1011
2594,00,0,00,00000000,00000000,00000000,0,0000
2595,00,0,00,00000000,00000000,00000000,0,0000
2596,00,0,00,00000000,00000000,00000000,0,0000
2597,00,0,01,10100011,00000000,11001101,0,1011
2598,00,0,00,00000000,00000000,00000000,0,0000
2599,00,0,00,00000000,00000000,00000000,0,0000
2600,00,0,00,00000000,00000000,00000000,0,0000
2601,00,0,01,10100100,00000000,11001111,0,1011
2602,00,0,00,00000000,00000000,00000000,0,0000
2603,00,0,00,00000000,00000000,00000000,0,0000
2604,00,0,00,00000000,00000000,00000000,0,0000
2605,00,0,01,10100101,00000000,11010001,0,1011
2606,00,0,00,00000000,00000000,00000000,0,0000
2607,00,0,00,00000000,00000000,00000000,0,0000
2608,00,0,00,00000000,00000000,00000000,0,0000
2609,00,0,01,10100110,00000000,11010011,0,1011
2610,00,0,00,00000000,00000000,00000000,0,0000
2611,00,0,00,00000000,00000000,00000000,0,0000
2612,00,0,00,00000000,00000000,00000000,0,0000
2613,00,0,01,10100111,00000000,11010101,0,1011
2614,00,0,00,00000000,00000000,00000000,0,0000
2615,00,0,00,00000000,00000000,00000000,0,0000
2616,00,0,00,00000000,00000000,00000000,0,0000
2617,00,0,01,10101000,00000000,11010111,0,1011
2618,00,0,00,00000000,00000000,00000000,0,0000
2619,00,0,00,00000000,00000000,00000000,0,0000
2620,00,0,00,00000000,00000000,00000000,0,0000
2621,00,0,01,11000000,00000000,11101001,0,1011
2622,00,0,00,00000000,00000000,00000000,0,0000
2623,00,0,00,00000000,00000000,00000000,0,0000
2624,00,0,00,00000000,00000000,00000000,0,0000
2625,00,0,01,11000001,00000000,11101011,0,1011
2626,00,0,00,00000000,00000000,00000000,0,0000
2627,00,0,00,00000000,00000000,00000000,0,0000
2628,00,0,00,00000000,00000000,00000000,0,0000
2629,00,0,01,11000010,00000000,11101101,0,1011
2630,00,0,00,00000000,00000000,00000000,0,0000
2631,00,0,00,00000000,00000000,00000000,0,0000
2632,00,0,00,00000000,00000000,00000000,0,0000
2633,00,0,01,11000011,00000000,11101111,0,1011
2634,00,0,10,10011000,01110010,10001000,0,0011
2635,00,0,10,10011001,01110010,10001010,0,0011
2636,00,0,10,10011010,01110010,10001100,0,0011
2637,00,0,10,10011011,01110010,10001110,0,0011
2638,00,0,10,10011100,01110010,10010000,0,0011
2639,00,0,10,10011101,01110010,10010010,0,0011
2640,00,0,10,10011110,01110010,10010100,0,0011
2641,00,0,10,10011111,01110010,10010110,0,0011
2642,00,0,10,10111000,10010001,10101000,0,0011
2643,00,0,10,10111010,10010001,10101100,0,0011
2644,00,0,10,10111001,10010001,10101010,0,0011
2645,00,0,10,10111011,10010001,10101110,0,0011
2646,00,0,10,10111100,10010001,10110000,0,0011
2647,00,0,10,10111110,10010001,10110100,0,0011
2648,00,0,10,10111101,10010001,10110010,0,0011
2649,00,0,10,10111111,10010001,10110110,0,0011
2650,00,0,01,11000100,00000000,11110001,0,1011
2651,00,0,01,11000101,00000000,11110011,0,1011
2652,00,0,10,11110100,10111111,11100110,0,0011
2653,00,0,10,11110110,10111111,11100111,0,0011
2654,00,0,10,00001000,11011110,00000000,0,0011
2655,00,0,10,00001100,11011110,00000010,0,0011
2656,00,0,10,00001010,11011110,00000001,0,0011
2657,00,0,10,00001110,11011110,00000011,0,0011
2658,00,0,10,00010000,11011110,00000100,0,0011
2659,00,0,10,00010010,11011110,00000101,0,0011
2660,00,0,10,00010100,11011110,00000110,0,0011
2661,00,0,10,00010110,11011110,00000111,0,0011
2662,00,0,10,00101000,11111101,00100000,0,0011
2663,00,0,10,01101000,00111011,01100000,0,0011
2664,00,0,10,00101010,11111101,00100001,0,0011
2665,00,0,10,00101100,11111101,00100010,0,0011
2666,00,0,10,00101110,11111101,00100011,0,0011
2667,00,0,01,01001101,00000000,10000001,0,1100
2668,00,0,01,01001100,00000000,10000000,0,1100
2669,00,0,01,01001110,00000000,10000010,0,1100
2670,00,0,01,01001111,00000000,10000011,0,1100
2671,00,0,01,01010000,00000000,10000100,0,1100
2672,00,0,01,01010001,00000000,10000101,0,1100
2673,00,0,01,01010010,00000000,10000110,0,1100
2674,00,0,01,01010011,00000000,10000111,0,1100
2675,00,0,01,01101101,00000000,10100010,0,1100
2676,00,0,01,01101011,00000000,10100000,0,1100
2677,00,0,01,01101100,00000000,10100001,0,1100
2678,00,0,01,01101110,00000000,10100011,0,1100
2679,00,0,01,01101111,00000000,10100100,0,1100
2680,00,0,01,01110000,00000000,10100101,0,1100
2681,00,0,01,01110001,00000000,10100110,0,1100
2682,00,0,01,01110010,00000000,10100111,0,1100
2683,00,0,00,00000000,00000000,00000000,0,0000
2684,00,0,00,00000000,00000000,00000000,0,0000
2685,00,0,00,00000000,00000000,00000000,0,0000
2686,00,0,00,00000000,00000000,00000000,0,0000
2687,00,0,01,11000110,00000000,11110101,0,1011
2688,00,0,00,00000000,00000000,00000000,0,0000
2689,00,0,00,00000000,00000000,00000000,0,0000
2690,00,0,00,00000000,00000000,00000000,0,0000
2691,00,0,01,11000111,00000000,11110111,0,1011
2692,00,0,00,00000000,00000000,00000000,0,0000
2693,00,0,00,00000000,00000000,00000000,0,0000
2694,00,0,00,00000000,00000000,00000000,0,0000
2695,00,0,01,11011111,00000000,00001001,0,1011
2696,00,0,00,00000000,00000000,00000000,0,0000
2697,00,0,00,00000000,00000000,00000000,0,0000
2698,00,0,00,00000000,00000000,00000000,0,0000
2699,00,0,01,11100000,00000000,00001011,0,1011
2700,00,0,00,00000000,00000000,00000000,0,0000
2701,00,0,00,00000000,00000000,00000000,0,0000
2702,00,0,00,00000000,00000000,00000000,0,0000
2703,00,0,01,11100001,00000000,00001101,0,1011
2704,00,0,00,00000000,00000000,00000000,0,0000
2705,00,0,00,00000000,00000000,00000000,0,0000
2706,00,0,00,00000000,00000000,00000000,0,0000
2707,00,0,01,11100010,00000000,00001111,0,1011
2708,00,0,00,00000000,00000000,00000000,0,0000
2709,00,0,00,00000000,00000000,00000000,0,0000
2710,00,0,00,00000000,00000000,00000000,0,0000
2711,00,0,01,11100011,00000000,00010001,0,1011
2712,00,0,00,00000000,00000000,00000000,0,0000
2713,00,0,00,00000000,00000000,00000000,0,0000
2714,00,0,00,00000000,00000000,00000000,0,0000
2715,00,0,01,11100100,00000000,00010011,0,1011
2716,00,0,00,00000000,00000000,00000000,0,0000
2717,00,0,00,00000000,00000000,00000000,0,0000
2718,00,0,00,00000000,00000000,00000000,0,0000
2719,00,0,01,11100101,00000000,00010101,0,1011
2720,00,0,00,00000000,00000000,00000000,0,0000
2721,00,0,00,00000000,00000000,00000000,0,0000
2722,00,0,00,00000000,00000000,00000000,0,0000
2723,00,0,01,11100110,00000000,00010111,0,1011
2724,00,0,00,00000000,00000000,00000000,0,0000
2725,00,0,00,00000000,00000000,00000000,0,0000
2726,00,0,00,00000000,00000000,00000000,0,0000
2727,00,0,01,11111110,00000000,00101001,0,1011
2728,00,0,00,00000000,00000000,00000000,0,0000
2729,00,0,00,00000000,00000000,00000000,0,0000
2730,00,0,00,00000000,00000000,00000000,0,0000
2731,00,0,01,11111111,00000000,00101011,0,1011
2732,00,0,00,00000000,00000000,00000000,0,0000
2733,00,0,00,00000000,00000000,00000000,0,0000
2734,00,0,00,00000000,00000000,00000000,0,0000
2735,00,0,01,00000000,00000000,00101101,0,1011
2736,00,0,10,11011000,10110000,11001000,0,0011
2737,00,0,10,11011001,10110000,11001010,0,0011
2738,00,0,10,11011010,10110000,11001100,0,0011
2739,00,0,10,11011011,10110000,11001110,0,0011
2740,00,0,10,11011100,10110000,11010000,0,0011
2741,00,0,10,11011101,10110000,11010010,0,0011
2742,00,0,10,11011110,10110000,11010100,0,0011
2743,00,0,10,11011111,10110000,11010110,0,0011
2744,00,0,01,00000001,00000000,00101111,0,1011
2745,00,0,10,00110000,11111101,00100100,0,0011
2746,00,0,10,11111000,11001111,11101000,0,0011
2747,00,0,10,11111001,11001111,11101010,0,0011
2748,00,0,10,11111010,11001111,11101100,0,0011
2749,00,0,10,11111100,11001111,11110000,0,0011
2750,00,0,10,11111011,11001111,11101110,0,0011
2751,00,0,10,11111101,11001111,11110010,0,0011
2752,00,0,10,11111110,11001111,11110100,0,0011
2753,00,0,10,11111111,11001111,11110110,0,0011
2754,00,0,10,00110100,11111101,00100110,0,0011
2755,00,0,10,00110010,11111101,00100101,0,0011
2756,00,0,10,00110110,11111101,00100111,0,0011
2757,00,0,01,00111100,00000000,01101001,0,1011
2758,00,0,10,01001000,00011100,01000000,0,0011
2759,00,0,10,01001010,00011100,01000001,0,0011
2760,00,0,10,01001100,00011100,01000010,0,0011
2761,00,0,10,01001110,00011100,01000011,0,0011
2762,00,0,01,10001010,00000000,11000000,0,1100
2763,00,0,01,10001011,00000000,11000001,0,1100
2764,00,0,01,10001100,00000000,11000010,0,1100
2765,00,0,01,10001101,00000000,11000011,0,1100
2766,00,0,01,10001111,00000000,11000101,0,1100
2767,00,0,01,10001110,00000000,11000100,0,1100
2768,00,0,01,10010000,00000000,11000110,0,1100
2769,00,0,01,10010001,00000000,11000111,0,1100
2770,00,0,01,10101001,00000000,11100000,0,1100
2771,00,0,01,10101010,00000000,11100001,0,1100
2772,00,0,01,10101100,00000000,11100011,0,1100
2773,00,0,01,10101011,00000000,11100010,0,1100
2774,00,0,01,10101110,00000000,11100101,0,1100
2775,00,0,01,10101101,00000000,11100100,0,1100
2776,00,0,01,10101111,00000000,11100110,0,1100
2777,00,0,01,10110000,00000000,11100111,0,1100
2778,00,0,00,00000000,00000000,00000000,0,0000
2779,00,0,00,00000000,00000000,00000000,0,0000
2780,00,0,00,00000000,00000000,00000000,0,0000
2781,00,0,00,00000000,00000000,00000000,0,0000
2782,00,0,01,00000010,00000000,00110001,0,1011
2783,00,0,00,00000000,00000000,00000000,0,0000
2784,00,0,00,00000000,00000000,00000000,0,0000
2785,00,0,00,00000000,00000000,00000000,0,0000
2786,00,0,00,00000000,00000000,00000000,0,0000
2787,00,0,00,00000000,00000000,00000000,0,0000
2788,00,0,00,00000000,00000000,00000000,0,0000
2789,00,0,00,00000000,00000000,00000000,0,0000
2790,00,0,01,00000011,00000000,00110011,0,1011
2791,00,0,00,00000000,00000000,00000000,0,0000
2792,00,0,00,00000000,00000000,00000000,0,0000
2793,00,0,00,00000000,00000000,00000000,0,0000
2794,00,0,01,00000100,00000000,00110101,0,1011
2795,00,0,00,00000000,00000000,00000000,0,0000
2796,00,0,00,00000000,00000000,00000000,0,0000
2797,00,0,00,00000000,00000000,00000000,0,0000
2798,00,0,01,00000101,00000000,00110111,0,1011
2799,00,0,00,00000000,00000000,00000000,0,0000
2800,00,0,00,00000000,00000000,00000000,0,0000
2801,00,0,00,00000000,00000000,00000000,0,0000
2802,00,0,01,00011101,00000000,01001001,0,1011
2803,00,0,00,00000000,00000000,00000000,0,0000
2804,00,0,00,00000000,00000000,00000000,0,0000
2805,00,0,00,00000000,00000000,00000000,0,0000
2806,00,0,01,00011110,00000000,01001011,0,1011
2807,00,0,10,00011000,11101110,00001000,0,0011
2808,00,0,10,00011001,11101110,00001010,0,0011
2809,00,0,10,00011010,11101110,00001100,0,0011
2810,00,0,10,00011011,11101110,00001110,0,0011
2811,00,0,10,00011100,11101110,00010000,0,0011
2812,00,0,10,00011101,11101110,00010010,0,0011
2813,00,0,10,00011110,11101110,00010100,0,0011
2814,00,0,10,00011111,11101110,00010110,0,0011
2815,00,0,01,00100000,00000000,01001111,0,1011
2816,00,0,01,00011111,00000000,01001101,0,1011
2817,00,0,10,01101010,00111011,01100001,0,0011
2818,00,0,10,01010010,00011100,01000101,0,0011
2819,00,0,10,01010000,00011100,01000100,0,0011
2820,00,0,10,01010110,00011100,01000111,0,0011
2821,00,0,10,01010100,00011100,01000110,0,0011
2822,00,0,10,01101100,00111011,01100010,0,0011
2823,00,0,10,01101110,00111011,01100011,0,0011
2824,00,0,10,10101000,01111001,10100000,0,0011
2825,00,0,10,01110000,00111011,01100100,0,0011
2826,00,0,10,01110010,00111011,01100101,0,0011
2827,00,0,10,01110100,00111011,01100110,0,0011
2828,00,0,10,10001010,01011010,10000001,0,0011
2829,00,0,10,01110110,00111011,01100111,0,0011
2830,00,0,10,10001000,01011010,10000000,0,0011
2831,00,0,10,10001100,01011010,10000010,0,0011
2832,00,0,01,11001000,00000000,00000000,0,1100
2833,00,0,01,11001001,00000000,00000001,0,1100
2834,00,0,01,11001010,00000000,00000010,0,1100
2835,00,0,01,11001011,00000000,00000011,0,1100
2836,00,0,01,11001101,00000000,00000101,0,1100
2837,00,0,01,11001100,00000000,00000100,0,1100
2838,00,0,01,11001110,00000000,00000110,0,1100
2839,00,0,01,11001111,00000000,00000111,0,1100
2840,00,0,00,00000000,00000000,00000000,0,0000
2841,00,0,00,00000000,00000000,00000000,0,0000
2842,00,0,00,00000000,00000000,00000000,0,0000
2843,00,0,00,00000000,00000000,00000000,0,0000
2844,00,0,00,00000000,00000000,00000000,0,0000
2845,00,0,00,00000000,00000000,00000000,0,0000
2846,00,0,00,00000000,00000000,00000000,0,0000
2847,00,0,00,00000000,00000000,00000000,0,0000
2848,00,0,00,00000000,00000000,00000000,0,0000
2849,00,0,00,00000000,00000000,00000000,0,0000
2850,00,0,00,00000000,00000000,00000000,0,0000
2851,00,0,00,00000000,00000000,00000000,0,0000
2852,00,0,01,00111101,00000000,01101011,0,1011
2853,00,0,00,00000000,00000000,00000000,0,0000
2854,00,0,00,00000000,00000000,00000000,0,0000
2855,00,0,00,00000000,00000000,00000000,0,0000
2856,00,0,01,00100001,00000000,01010001,0,1011
2857,00,0,00,00000000,00000000,00000000,0,0000
2858,00,0,00,00000000,00000000,00000000,0,0000
2859,00,0,00,00000000,00000000,00000000,0,0000
2860,00,0,01,00100010,00000000,01010011,0,1011
2861,00,0,00,00000000,00000000,00000000,0,0000
2862,00,0,00,00000000,00000000,00000000,0,0000
2863,00,0,00,00000000,00000000,00000000,0,0000
2864,00,0,01,00100011,00000000,01010101,0,1011
2865,00,0,00,00000000,00000000,00000000,0,0000
2866,00,0,00,00000000,00000000,00000000,0,0000
2867,00,0,00,00000000,00000000,00000000,0,0000
2868,00,0,01,00100100,00000000,01010111,0,1011
2869,00,0,00,00000000,00000000,00000000,0,0000
2870,00,0,00,00000000,00000000,00000000,0,0000
2871,00,0,00,00000000,00000000,00000000,0,0000
2872,00,0,01,00111110,00000000,01101101,0,1011
2873,00,0,00,00000000,00000000,00000000,0,0000
2874,00,0,00,00000000,00000000,00000000,0,0000
2875,00,0,00,00000000,00000000,00000000,0,0000
2876,00,0,01,00111111,00000000,01101111,0,1011
2877,00,0,00,00000000,00000000,00000000,0,0000
2878,00,0,00,00000000,00000000,00000000,0,0000
2879,00,0,00,00000000,00000000,00000000,0,0000
2880,00,0,01,01000000,00000000,01110001,0,1011
2881,00,0,00,00000000,00000000,00000000,0,0000
2882,00,0,00,00000000,00000000,00000000,0,0000
2883,00,0,00,00000000,00000000,00000000,0,0000
2884,00,0,01,01000001,00000000,01110011,0,1011
2885,00,0,00,00000000,00000000,00000000,0,0000
2886,00,0,00,00000000,00000000,00000000,0,0000
2887,00,0,00,00000000,00000000,00000000,0,0000
2888,00,0,01,01000010,00000000,01110101,0,1011
2889,00,0,00,00000000,00000000,00000000,0,0000
2890,00,0,00,00000000,00000000,00000000,0,0000
2891,00,0,00,00000000,00000000,00000000,0,0000
2892,00,0,01,01000011,00000000,01110111,0,1011
2893,00,0,00,00000000,00000000,00000000,0,0000
2894,00,0,00,00000000,00000000,00000000,0,0000
2895,00,0,00,00000000,00000000,00000000,0,0000
2896,00,0,01,01011011,00000000,10001001,0,1011
2897,00,0,00,00000000,00000000,00000000,0,0000
2898,00,0,00,00000000,00000000,00000000,0,0000
2899,00,0,00,00000000,00000000,00000000,0,0000
2900,00,0,01,01011100,00000000,10001011,0,1011
2901,00,0,10,00111000,00001101,00101000,0,0011
2902,00,0,10,00111001,00001101,00101010,0,0011
2903,00,0,10,00111010,00001101,00101100,0,0011
2904,00,0,10,00111011,00001101,00101110,0,0011
2905,00,0,10,00111100,00001101,00110000,0,0011
2906,00,0,10,00111101,00001101,00110010,0,0011
2907,00,0,10,00111110,00001101,00110100,0,0011
2908,00,0,10,00111111,00001101,00110110,0,0011
2909,00,0,10,10001110,01011010,10000011,0,0011
2910,00,0,01,01011101,00000000,10001101,0,1011
2911,00,0,01,01111010,00000000,10101001,0,1011
2912,00,0,10,10010010,01011010,10000101,0,0011
2913,00,0,10,10010000,01011010,10000100,0,0011
2914,00,0,10,10010110,01011010,10000111,0,0011
2915,00,0,10,10010100,01011010,10000110,0,0011
2916,00,0,10,10101010,01111001,10100001,0,0011
2917,00,0,10,10101100,01111001,10100010,0,0011
2918,00,0,10,11101000,10110111,11100000,0,0011
2919,00,0,10,10101110,01111001,10100011,0,0011
2920,00,0,10,10110010,01111001,10100101,0,0011
2921,00,0,10,10110000,01111001,10100100,0,0011
2922,00,0,10,10110100,01111001,10100110,0,0011
2923,00,0,10,01011000,00101100,01001000,0,0011
2924,00,0,01,11100111,00000000,00100000,0,1100
2925,00,0,01,11101000,00000000,00100001,0,1100
2926,00,0,01,11101001,00000000,00100010,0,1100
2927,00,0,01,11101010,00000000,00100011,0,1100
2928,00,0,01,11101100,00000000,00100101,0,1100
2929,00,0,01,11101011,00000000,00100100,0,1100
2930,00,0,01,11101101,00000000,00100110,0,1100
2931,00,0,01,11101110,00000000,00100111,0,1100
2932,00,0,00,00000000,00000000,00000000,0,0000
2933,00,0,00,00000000,00000000,00000000,0,0000
2934,00,0,00,00000000,00000000,00000000,0,0000
2935,00,0,00,00000000,00000000,00000000,0,0000
2936,00,0,00,00000000,00000000,00000000,0,0000
2937,00,0,00,00000000,00000000,00000000,0,0000
2938,00,0,00,00000000,00000000,00000000,0,0000
2939,00,0,00,00000000,00000000,00000000,0,0000
2940,00,0,00,00000000,00000000,00000000,0,0000
2941,00,0,00,00000000,00000000,00000000,0,0000
2942,00,0,00,00000000,00000000,00000000,0,0000
2943,00,0,00,00000000,00000000,00000000,0,0000
2944,00,0,01,01011110,00000000,10001111,0,1011
2945,00,0,00,00000000,00000000,00000000,0,0000
2946,00,0,00,00000000,00000000,00000000,0,0000
2947,00,0,00,00000000,00000000,00000000,0,0000
2948,00,0,01,01011111,00000000,10010001,0,1011
2949,00,0,00,00000000,00000000,00000000,0,0000
2950,00,0,00,00000000,00000000,00000000,0,0000
2951,00,0,00,00000000,00000000,00000000,0,0000
2952,00,0,01,01100000,00000000,10010011,0,1011
2953,00,0,00,00000000,00000000,00000000,0,0000
2954,00,0,00,00000000,00000000,00000000,0,0000
2955,00,0,00,00000000,00000000,00000000,0,0000
2956,00,0,01,01100001,00000000,10010101,0,1011
2957,00,0,00,00000000,00000000,00000000,0,0000
2958,00,0,00,00000000,00000000,00000000,0,0000
2959,00,0,00,00000000,00000000,00000000,0,0000
2960,00,0,01,01100010,00000000,10010111,0,1011
2961,00,0,00,00000000,00000000,00000000,0,0000
2962,00,0,00,00000000,00000000,00000000,0,0000
2963,00,0,00,00000000,00000000,00000000,0,0000
2964,00,0,01,01111011,00000000,10101011,0,1011
2965,00,0,00,00000000,00000000,00000000,0,0000
2966,00,0,00,00000000,00000000,00000000,0,0000
2967,00,0,00,00000000,00000000,00000000,0,0000
2968,00,0,01,01111100,00000000,10101101,0,1011
2969,00,0,00,00000000,00000000,00000000,0,0000
2970,00,0,00,00000000,00000000,00000000,0,0000
2971,00,0,00,00000000,00000000,00000000,0,0000
2972,00,0,01,01111101,00000000,10101111,0,1011
2973,00,0,00,00000000,00000000,00000000,0,0000
2974,00,0,00,00000000,00000000,00000000,0,0000
2975,00,0,00,00000000,00000000,00000000,0,0000
2976,00,0,01,01111110,00000000,10110001,0,1011
2977,00,0,00,00000000,00000000,00000000,0,0000
2978,00,0,00,00000000,00000000,00000000,0,0000
2979,00,0,00,00000000,00000000,00000000,0,0000
2980,00,0,01,01111111,00000000,10110011,0,1011
2981,00,0,10,01011010,00101100,01001100,0,0011
2982,00,0,10,01011001,00101100,01001010,0,0011
2983,00,0,10,01011011,00101100,01001110,0,0011
2984,00,0,10,01011100,00101100,01010000,0,0011
2985,00,0,10,01011101,00101100,01010010,0,0011
2986,00,0,10,01011110,00101100,01010100,0,0011
2987,00,0,10,01011111,00101100,01010110,0,0011
2988,00,0,10,01111000,01001011,01101000,0,0011
2989,00,0,10,01111001,01001011,01101010,0,0011
2990,00,0,10,01111010,01001011,01101100,0,0011
2991,00,0,10,01111011,01001011,01101110,0,0011
2992,00,0,10,01111100,01001011,01110000,0,0011
2993,00,0,10,01111110,01001011,01110100,0,0011
2994,00,0,10,01111101,01001011,01110010,0,0011
2995,00,0,10,01111111,01001011,01110110,0,0011
2996,00,0,10,10110110,01111001,10100111,0,0011
2997,00,0,01,10000000,00000000,10110101,0,1011
2998,00,0,10,11001000,10011000,11000000,0,0011
2999,00,0,10,11001010,10011000,11000001,0,0011
3000,00,0,10,11001110,10011000,11000011,0,0011
3001,00,0,10,11001100,10011000,11000010,0,0011
3002,00,0,10,11010000,10011000,11000100,0,0011
3003,00,0,10,11010010,10011000,11000101,0,0011
3004,00,0,10,11010110,10011000,11000111,0,0011
3005,00,0,10,11010100,10011000,11000110,0,0011
3006,00,0,01,10111000,00000000,11101001,0,1011
3007,00,0,10,11101010,10110111,11100001,0,0011
3008,00,0,10,11101100,10110111,11100010,0,0011
3009,00,0,10,11101110,10110111,11100011,0,0011
3010,00,0,10,11110000,10110111,11100100,0,0011
3011,00,0,10,11110010,10110111,11100101,0,0011
3012,00,0,01,00000110,00000000,01000000,0,1100
3013,00,0,01,00000111,00000000,01000001,0,1100
3014,00,0,01,00001000,00000000,01000010,0,1100
3015,00,0,01,00001001,00000000,01000011,0,1100
3016,00,0,01,00001011,00000000,01000101,0,1100
3017,00,0,01,00001010,00000000,01000100,0,1100
3018,00,0,01,00001100,00000000,01000110,0,1100
3019,00,0,01,00001101,00000000,01000111,0,1100
3020,00,0,01,00100101,00000000,01100000,0,1100
3021,00,0,01,00100110,00000000,01100001,0,1100
3022,00,0,01,00101000,00000000,01100011,0,1100
3023,00,0,01,00100111,00000000,01100010,0,1100
3024,00,0,01,00101010,00000000,01100101,0,1100
3025,00,0,01,00101001,00000000,01100100,0,1100
3026,00,0,01,00101011,00000000,01100110,0,1100
3027,00,0,01,00101100,00000000,01100111,0,1100
3028,00,0,00,00000000,00000000,00000000,0,0000
3029,00,0,00,00000000,00000000,00000000,0,0000
3030,00,0,00,00000000,00000000,00000000,0,0000
3031,00,0,00,00000000,00000000,00000000,0,0000
3032,00,0,01,10000001,00000000,10110111,0,1011
3033,00,0,00,00000000,00000000,00000000,0,0000
3034,00,0,00,00000000,00000000,00000000,0,0000
3035,00,0,00,00000000,00000000,00000000,0,0000
3036,00,0,01,10011001,00000000,11001001,0,1011
3037,00,0,00,00000000,00000000,00000000,0,0000
3038,00,0,00,00000000,00000000,00000000,0,0000
3039,00,0,00,00000000,00000000,00000000,0,0000
3040,00,0,01,10011010,00000000,11001011,0,1011
3041,00,0,00,00000000,00000000,00000000,0,0000
3042,00,0,00,00000000,00000000,00000000,0,0000
3043,00,0,00,00000000,00000000,00000000,0,0000
3044,00,0,01,10011011,00000000,11001101,0,1011
3045,00,0,00,00000000,00000000,00000000,0,0000
3046,00,0,00,00000000,00000000,00000000,0,0000
3047,00,0,00,00000000,00000000,00000000,0,0000
3048,00,0,01,10011100,00000000,11001111,0,1011
3049,00,0,00,00000000,00000000,00000000,0,0000
3050,00,0,00,00000000,00000000,00000000,0,0000
3051,00,0,00,00000000,00000000,00000000,0,0000
3052,00,0,01,10011101,00000000,11010001,0,1011
3053,00,0,00,00000000,00000000,00000000,0,0000
3054,00,0,00,00000000,00000000,00000000,0,0000
3055,00,0,00,00000000,00000000,00000000,0,0000
3056,00,0,01,10011110,00000000,11010011,0,1011
3057,00,0,00,00000000,00000000,00000000,0,0000
3058,00,0,00,00000000,00000000,00000000,0,0000
3059,00,0,00,00000000,00000000,00000000,0,0000
3060,00,0,01,10011111,00000000,11010101,0,1011
3061,00,0,00,00000000,00000000,00000000,0,0000
3062,00,0,00,00000000,00000000,00000000,0,0000
3063,00,0,00,00000000,00000000,00000000,0,0000
3064,00,0,01,10100000,00000000,11010111,0,1011
3065,00,0,00,00000000,00000000,00000000,0,0000
3066,00,0,00,00000000,00000000,00000000,0,0000
3067,00,0,00,00000000,00000000,00000000,0,0000
3068,00,0,01,10111001,00000000,11101011,0,1011
3069,00,0,00,00000000,00000000,00000000,0,0000
3070,00,0,00,00000000,00000000,00000000,0,0000
3071,00,0,00,00000000,00000000,00000000,0,0000
3072,00,0,01,10111010,00000000,11101101,0,1011
3073,00,0,00,00000000,00000000,00000000,0,0000
3074,00,0,00,00000000,00000000,00000000,0,0000
3075,00,0,00,00000000,00000000,00000000,0,0000
3076,00,0,01,10111011,00000000,11101111,0,1011
3077,00,0,10,10011000,01101010,10001000,0,0011
3078,00,0,10,10011001,01101010,10001010,0,0011
3079,00,0,10,10011010,01101010,10001100,0,0011
3080,00,0,10,10011011,01101010,10001110,0,0011
3081,00,0,10,10011100,01101010,10010000,0,0011
3082,00,0,10,10011101,01101010,10010010,0,0011
3083,00,0,10,10011110,01101010,10010100,0,0011
3084,00,0,10,10011111,01101010,10010110,0,0011
3085,00,0,01,10111101,00000000,11110011,0,1011
3086,00,0,01,10111100,00000000,11110001,0,1011
3087,00,0,10,10111000,10001001,10101000,0,0011
3088,00,0,10,10111001,10001001,10101010,0,0011
3089,00,0,10,10111010,10001001,10101100,0,0011
3090,00,0,10,10111100,10001001,10110000,0,0011
3091,00,0,10,10111011,10001001,10101110,0,0011
3092,00,0,10,10111101,10001001,10110010,0,0011
3093,00,0,10,10111110,10001001,10110100,0,0011
3094,00,0,10,10111111,10001001,10110110,0,0011
3095,00,0,10,11110100,10110111,11100110,0,0011
3096,00,0,10,11110110,10110111,11100111,0,0011
3097,00,0,10,00001010,11010110,00000001,0,0011
3098,00,0,10,00001000,11010110,00000000,0,0011
3099,00,0,10,00001100,11010110,00000010,0,0011
3100,00,0,10,00001110,11010110,00000011,0,0011
3101,00,0,10,00010000,11010110,00000100,0,0011
3102,00,0,10,00010010,11010110,00000101,0,0011
3103,00,0,10,00010100,11010110,00000110,0,0011
3104,00,0,10,00010110,11010110,00000111,0,0011
3105,00,0,10,00101000,11110101,00100000,0,0011
3106,00,0,10,00101010,11110101,00100001,0,0011
3107,00,0,10,00101110,11110101,00100011,0,0011
3108,00,0,10,00101100,11110101,00100010,0,0011
3109,00,0,10,00110000,11110101,00100100,0,0011
3110,00,0,10,00110010,11110101,00100101,0,0011
3111,00,0,01,01000101,00000000,10000001,0,1100
3112,00,0,01,01000100,00000000,10000000,0,1100
3113,00,0,01,01000110,00000000,10000010,0,1100
3114,00,0,01,01000111,00000000,10000011,0,1100
3115,00,0,01,01001000,00000000,10000100,0,1100
3116,00,0,01,01001001,00000000,10000101,0,1100
3117,00,0,01,01001010,00000000,10000110,0,1100
3118,00,0,01,01001011,00000000,10000111,0,1100
3119,00,0,01,01100101,00000000,10100010,0,1100
3120,00,0,01,01100011,00000000,10100000,0,1100
3121,00,0,01,01100100,00000000,10100001,0,1100
3122,00,0,01,01100110,00000000,10100011,0,1100
3123,00,0,01,01100111,00000000,10100100,0,1100
3124,00,0,01,01101000,00000000,10100101,0,1100
3125,00,0,01,01101001,00000000,10100110,0,1100
3126,00,0,01,01101010,00000000,10100111,0,1100
3127,00,0,00,00000000,00000000,00000000,0,0000
3128,00,0,00,00000000,00000000,00000000,0,0000
3129,00,0,00,00000000,00000000,00000000,0,0000
3130,00,0,00,00000000,00000000,00000000,0,0000
3131,00,0,01,10111110,00000000,11110101,0,1011
3132,00,0,00,00000000,00000000,00000000,0,0000
3133,00,0,00,00000000,00000000,00000000,0,0000
3134,00,0,00,00000000,00000000,00000000,0,0000
3135,00,0,01,10111111,00000000,11110111,0,1011
3136,00,0,00,00000000,00000000,00000000,0,0000
3137,00,0,00,00000000,00000000,00000000,0,0000
3138,00,0,00,00000000,00000000,00000000,0,0000
3139,00,0,01,11010111,00000000,00001001,0,1011
3140,00,0,00,00000000,00000000,00000000,0,0000
3141,00,0,00,00000000,00000000,00000000,0,0000
3142,00,0,00,00000000,00000000,00000000,0,0000
3143,00,0,01,11011000,00000000,00001011,0,1011
3144,00,0,00,00000000,00000000,00000000,0,0000
3145,00,0,00,00000000,00000000,00000000,0,0000
3146,00,0,00,00000000,00000000,00000000,0,0000
3147,00,0,01,11011001,00000000,00001101,0,1011
3148,00,0,00,00000000,00000000,00000000,0,0000
3149,00,0,00,00000000,00000000,00000000,0,0000
3150,00,0,00,00000000,00000000,00000000,0,0000
3151,00,0,01,11011010,00000000,00001111,0,1011
3152,00,0,00,00000000,00000000,00000000,0,0000
3153,00,0,00,00000000,00000000,00000000,0,0000
3154,00,0,00,00000000,00000000,00000000,0,0000
3155,00,0,01,11011011,00000000,00010001,0,1011
3156,00,0,00,00000000,00000000,00000000,0,0000
3157,00,0,00,00000000,00000000,00000000,0,0000
3158,00,0,00,00000000,00000000,00000000,0,0000
3159,00,0,01,11011100,00000000,00010011,0,1011
3160,00,0,00,00000000,00000000,00000000,0,0000
3161,00,0,00,00000000,00000000,00000000,0,0000
3162,00,0,00,00000000,00000000,00000000,0,0000
3163,00,0,01,11011101,00000000,00010101,0,1011
3164,00,0,00,00000000,00000000,00000000,0,0000
3165,00,0,00,00000000,00000000,00000000,0,0000
3166,00,0,00,00000000,00000000,00000000,0,0000
3167,00,0,01,11011110,00000000,00010111,0,1011
3168,00,0,00,00000000,00000000,00000000,0,0000
3169,00,0,00,00000000,00000000,00000000,0,0000
3170,00,0,00,00000000,00000000,00000000,0,0000
3171,00,0,01,11110110,00000000,00101001,0,1011
3172,00,0,00,00000000,00000000,00000000,0,0000
3173,00,0,00,00000000,00000000,00000000,0,0000
3174,00,0,00,00000000,00000000,00000000,0,0000
3175,00,0,01,11110111,00000000,00101011,0,1011
3176,00,0,00,00000000,00000000,00000000,0,0000
3177,00,0,00,00000000,00000000,00000000,0,0000
3178,00,0,00,00000000,00000000,00000000,0,0000
3179,00,0,01,11111000,00000000,00101101,0,1011
3180,00,0,00,00000000,00000000,00000000,0,0000
3181,00,0,00,00000000,00000000,00000000,0,0000
3182,00,0,00,00000000,00000000,00000000,0,0000
3183,00,0,01,11111001,00000000,00101111,0,1011
3184,00,0,10,11011000,10101000,11001000,0,0011
3185,00,0,10,11011001,10101000,11001010,0,0011
3186,00,0,10,11011010,10101000,11001100,0,0011
3187,00,0,10,11011011,10101000,11001110,0,0011
3188,00,0,10,11011100,10101000,11010000,0,0011
3189,00,0,10,11011101,10101000,11010010,0,0011
3190,00,0,10,11011110,10101000,11010100,0,0011
3191,00,0,10,11011111,10101000,11010110,0,0011
3192,00,0,10,11111000,11000111,11101000,0,0011
3193,00,0,10,11111010,11000111,11101100,0,0011
3194,00,0,10,11111001,11000111,11101010,0,0011
3195,00,0,10,11111011,11000111,11101110,0,0011
3196,00,0,10,11111100,11000111,11110000,0,0011
3197,00,0,10,11111110,11000111,11110100,0,0011
3198,00,0,10,11111101,11000111,11110010,0,0011
3199,00,0,10,11111111,11000111,11110110,0,0011
3200,00,0,01,11111010,00000000,00110001,0,1011
3201,00,0,01,11111011,00000000,00110011,0,1011
3202,00,0,10,00110100,11110101,00100110,0,0011
3203,00,0,10,00110110,11110101,00100111,0,0011
3204,00,0,10,01001000,00010100,01000000,0,0011
3205,00,0,10,01001100,00010100,01000010,0,0011
3206,00,0,10,01001010,00010100,01000001,0,0011
3207,00,0,10,01001110,00010100,01000011,0,0011
3208,00,0,10,01010000,00010100,01000100,0,0011
3209,00,0,10,01010010,00010100,01000101,0,0011
3210,00,0,10,01010100,00010100,01000110,0,0011
3211,00,0,10,01010110,00010100,01000111,0,0011
3212,00,0,10,01101000,00110011,01100000,0,0011
3213,00,0,10,10101000,01110001,10100000,0,0011
3214,00,0,10,01101010,00110011,01100001,0,0011
3215,00,0,10,01101100,00110011,01100010,0,0011
3216,00,0,10,01101110,00110011,01100011,0,0011
3217,00,0,01,10000011,00000000,11000001,0,1100
3218,00,0,01,10000010,00000000,11000000,0,1100
3219,00,0,01,10000100,00000000,11000010,0,1100
3220,00,0,01,10000101,00000000,11000011,0,1100
3221,00,0,01,10000110,00000000,11000100,0,1100
3222,00,0,01,10000111,00000000,11000101,0,1100
3223,00,0,01,10001000,00000000,11000110,0,1100
3224,00,0,01,10001001,00000000,11000111,0,1100
3225,00,0,01,10100011,00000000,11100010,0,1100
3226,00,0,01,10100001,00000000,11100000,0,1100
3227,00,0,01,10100010,00000000,11100001,0,1100
3228,00,0,01,10100100,00000000,11100011,0,1100
3229,00,0,01,10100101,00000000,11100100,0,1100
3230,00,0,01,10100110,00000000,11100101,0,1100
3231,00,0,01,10100111,00000000,11100110,0,1100
3232,00,0,01,10101000,00000000,11100111,0,1100
3233,00,0,00,00000000,00000000,00000000,0,0000
3234,00,0,00,00000000,00000000,00000000,0,0000
3235,00,0,00,00000000,00000000,00000000,0,0000
3236,00,0,00,00000000,00000000,00000000,0,0000
3237,00,0,01,11111100,00000000,00110101,0,1011
3238,00,0,00,00000000,00000000,00000000,0,0000
3239,00,0,00,00000000,00000000,00000000,0,0000
3240,00,0,00,00000000,00000000,00000000,0,0000
3241,00,0,01,11111101,00000000,00110111,0,1011
3242,00,0,00,00000000,00000000,00000000,0,0000
3243,00,0,00,00000000,00000000,00000000,0,0000
3244,00,0,00,00000000,00000000,00000000,0,0000
3245,00,0,01,00010101,00000000,01001001,0,1011
3246,00,0,00,00000000,00000000,00000000,0,0000
3247,00,0,00,00000000,00000000,00000000,0,0000
3248,00,0,00,00000000,00000000,00000000,0,0000
3249,00,0,01,00010110,00000000,01001011,0,1011
3250,00,0,00,00000000,00000000,00000000,0,0000
3251,00,0,00,00000000,00000000,00000000,0,0000
3252,00,0,00,00000000,00000000,00000000,0,0000
3253,00,0,01,00010111,00000000,01001101,0,1011
3254,00,0,00,00000000,00000000,00000000,0,0000
3255,00,0,00,00000000,00000000,00000000,0,0000
3256,00,0,00,00000000,00000000,00000000,0,0000
3257,00,0,01,00011000,00000000,01001111,0,1011
3258,00,0,00,00000000,00000000,00000000,0,0000
3259,00,0,00,00000000,00000000,00000000,0,0000
3260,00,0,00,00000000,00000000,00000000,0,0000
3261,00,0,01,00011001,00000000,01010001,0,1011
3262,00,0,00,00000000,00000000,00000000,0,0000
3263,00,0,00,00000000,00000000,00000000,0,0000
3264,00,0,00,00000000,00000000,00000000,0,0000
3265,00,0,01,00011010,00000000,01010011,0,1011
3266,00,0,00,00000000,00000000,00000000,0,0000
3267,00,0,00,00000000,00000000,00000000,0,0000
3268,00,0,00,00000000,00000000,00000000,0,0000
3269,00,0,01,00011011,00000000,01010101,0,1011
3270,00,0,00,00000000,00000000,00000000,0,0000
3271,00,0,00,00000000,00000000,00000000,0,0000
3272,00,0,00,00000000,00000000,00000000,0,0000
3273,00,0,01,00011100,00000000,01010111,0,1011
3274,00,0,00,00000000,00000000,00000000,0,0000
3275,00,0,00,00000000,00000000,00000000,0,0000
3276,00,0,00,00000000,00000000,00000000,0,0000
3277,00,0,01,00110100,00000000,01101001,0,1011
3278,00,0,00,00000000,00000000,00000000,0,0000
3279,00,0,00,00000000,00000000,00000000,0,0000
3280,00,0,00,00000000,00000000,00000000,0,0000
3281,00,0,01,00110101,00000000,01101011,0,1011
3282,00,0,00,00000000,00000000,00000000,0,0000
3283,00,0,00,00000000,00000000,00000000,0,0000
3284,00,0,00,00000000,00000000,00000000,0,0000
3285,00,0,01,00110110,00000000,01101101,0,1011
3286,00,0,10,00011000,11100110,00001000,0,0011
3287,00,0,10,00011001,11100110,00001010,0,0011
3288,00,0,10,00011010,11100110,00001100,0,0011
3289,00,0,10,00011011,11100110,00001110,0,0011
3290,00,0,10,00011100,11100110,00010000,0,0011
3291,00,0,10,00011101,11100110,00010010,0,0011
3292,00,0,10,00011110,11100110,00010100,0,0011
3293,00,0,10,00011111,11100110,00010110,0,0011
3294,00,0,01,00110111,00000000,01101111,0,1011
3295,00,0,10,01110000,00110011,01100100,0,0011
3296,00,0,10,00111000,00000101,00101000,0,0011
3297,00,0,10,00111001,00000101,00101010,0,0011
3298,00,0,10,00111010,00000101,00101100,0,0011
3299,00,0,10,00111100,00000101,00110000,0,0011
3300,00,0,10,00111011,00000101,00101110,0,0011
3301,00,0,10,00111101,00000101,00110010,0,0011
3302,00,0,10,00111110,00000101,00110100,0,0011
3303,00,0,10,00111111,00000101,00110110,0,0011
3304,00,0,10,01110100,00110011,01100110,0,0011
3305,00,0,10,01110010,00110011,01100101,0,0011
3306,00,0,10,01110110,00110011,01100111,0,0011
3307,00,0,01,01110010,00000000,10101001,0,1011
3308,00,0,10,10001000,01010010,10000000,0,0011
3309,00,0,10,10001010,01010010,10000001,0,0011
3310,00,0,10,10001100,01010010,10000010,0,0011
3311,00,0,10,10001110,01010010,10000011,0,0011
3312,00,0,00,00000000,00000000,00000000,0,0000
3313,00,0,00,00000000,00000000,00000000,0,0000
3314,00,0,00,00000000,00000000,00000000,0,0000
3315,00,0,00,00000000,00000000,00000000,0,0000
3316,00,0,00,00000000,00000000,00000000,0,0000
3317,00,0,00,00000000,00000000,00000000,0,0000
3318,00,0,00,00000000,00000000,00000000,0,0000
3319,00,0,00,00000000,00000000,00000000,0,0000
3320,00,0,00,00000000,00000000,00000000,0,0000
3321,00,0,00,00000000,00000000,00000000,0,0000
3322,00,0,00,00000000,00000000,00000000,0,0000
3323,00,0,00,00000000,00000000,00000000,0,0000
3324,00,0,00,00000000,00000000,00000000,0,0000
3325,00,0,00,00000000,00000000,00000000,0,0000
3326,00,0,00,00000000,00000000,00000000,0,0000
3327,00,0,00,00000000,00000000,00000000,0,0000
3328,00,0,00,00000000,00000000,00000000,0,0000
3329,00,0,00,00000000,00000000,00000000,0,0000
3330,00,0,00,00000000,00000000,00000000,0,0000
3331,00,0,00,00000000,00000000,00000000,0,0000
3332,00,0,01,00111000,00000000,01110001,0,1011
3333,00,0,00,00000000,00000000,00000000,0,0000
3334,00,0,00,00000000,00000000,00000000,0,0000
3335,00,0,00,00000000,00000000,00000000,0,0000
3336,00,0,00,00000000,00000000,00000000,0,0000
3337,00,0,00,00000000,00000000,00000000,0,0000
3338,00,0,00,00000000,00000000,00000000,0,0000
3339,00,0,00,00000000,00000000,00000000,0,0000
3340,00,0,01,00111001,00000000,01110011,0,1011
3341,00,0,00,00000000,00000000,00000000,0,0000
3342,00,0,00,00000000,00000000,00000000,0,0000
3343,00,0,00,00000000,00000000,00000000,0,0000
3344,00,0,01,00111010,00000000,01110101,0,1011
3345,00,0,00,00000000,00000000,00000000,0,0000
3346,00,0,00,00000000,00000000,00000000,0,0000
3347,00,0,00,00000000,00000000,00000000,0,0000
3348,00,0,01,00111011,00000000,01110111,0,1011
3349,00,0,00,00000000,00000000,00000000,0,0000
3350,00,0,00,00000000,00000000,00000000,0,0000
3351,00,0,00,00000000,00000000,00000000,0,0000
3352,00,0,01,01010011,00000000,10001001,0,1011
3353,00,0,00,00000000,00000000,00000000,0,0000
3354,00,0,00,00000000,00000000,00000000,0,0000
3355,00,0,00,00000000,00000000,00000000,0,0000
3356,00,0,01,01010100,00000000,10001011,0,1011
3357,00,0,10,01011000,00100100,01001000,0,0011
3358,00,0,10,01011001,00100100,01001010,0,0011
3359,00,0,10,01011010,00100100,01001100,0,0011
3360,00,0,10,01011011,00100100,01001110,0,0011
3361,00,0,10,01011100,00100100,01010000,0,0011
3362,00,0,10,01011101,00100100,01010010,0,0011
3363,00,0,10,01011110,00100100,01010100,0,0011
3364,00,0,10,01011111,00100100,01010110,0,0011
3365,00,0,01,01010110,00000000,10001111,0,1011
3366,00,0,01,01010101,00000000,10001101,0,1011
3367,00,0,10,10101010,01110001,10100001,0,0011
3368,00,0,10,10010010,01010010,10000101,0,0011
3369,00,0,10,10010000,01010010,10000100,0,0011
3370,00,0,10,10010110,01010010,10000111,0,0011
3371,00,0,10,10010100,01010010,10000110,0,0011
3372,00,0,10,10101100,01110001,10100010,0,0011
3373,00,0,10,10101110,01110001,10100011,0,0011
3374,00,0,10,11101000,10101111,11100000,0,0011
3375,00,0,10,10110000,01110001,10100100,0,0011
3376,00,0,10,10110010,01110001,10100101,0,0011
3377,00,0,10,10110100,01110001,10100110,0,0011
3378,00,0,10,11001010,10010000,11000001,0,0011
3379,00,0,10,10110110,01110001,10100111,0,0011
3380,00,0,10,11001000,10010000,11000000,0,0011
3381,00,0,10,11001100,10010000,11000010,0,0011
3382,00,0,00,00000000,00000000,00000000,0,0000
3383,00,0,00,00000000,00000000,00000000,0,0000
3384,00,0,00,00000000,00000000,00000000,0,0000
3385,00,0,00,00000000,00000000,00000000,0,0000
3386,00,0,00,00000000,00000000,00000000,0,0000
3387,00,0,00,00000000,00000000,00000000,0,0000
3388,00,0,00,00000000,00000000,00000000,0,0000
3389,00,0,00,00000000,00000000,00000000,0,0000
3390,00,0,00,00000000,00000000,00000000,0,0000
3391,00,0,00,00000000,00000000,00000000,0,0000
3392,00,0,00,00000000,00000000,00000000,0,0000
3393,00,0,00,00000000,00000000,00000000,0,0000
3394,00,0,00,00000000,00000000,00000000,0,0000
3395,00,0,00,00000000,00000000,00000000,0,0000
3396,00,0,00,00000000,00000000,00000000,0,0000
3397,00,0,00,00000000,00000000,00000000,0,0000
3398,00,0,00,00000000,00000000,00000000,0,0000
3399,00,0,00,00000000,00000000,00000000,0,0000
3400,00,0,00,00000000,00000000,00000000,0,0000
3401,00,0,00,00000000,00000000,00000000,0,0000
3402,00,0,01,01110011,00000000,10101011,0,1011
3403,00,0,00,00000000,00000000,00000000,0,0000
3404,00,0,00,00000000,00000000,00000000,0,0000
3405,00,0,00,00000000,00000000,00000000,0,0000
3406,00,0,01,01010111,00000000,10010001,0,1011
3407,00,0,00,00000000,00000000,00000000,0,0000
3408,00,0,00,00000000,00000000,00000000,0,0000
3409,00,0,00,00000000,00000000,00000000,0,0000
3410,00,0,01,01011000,00000000,10010011,0,1011
3411,00,0,00,00000000,00000000,00000000,0,0000
3412,00,0,00,00000000,00000000,00000000,0,0000
3413,00,0,00,00000000,00000000,00000000,0,0000
3414,00,0,01,01011001,00000000,10010101,0,1011
3415,00,0,00,00000000,00000000,00000000,0,0000
3416,00,0,00,00000000,00000000,00000000,0,0000
3417,00,0,00,00000000,00000000,00000000,0,0000
3418,00,0,01,01011010,00000000,10010111,0,1011
3419,00,0,00,00000000,00000000,00000000,0,0000
3420,00,0,00,00000000,00000000,00000000,0,0000
3421,00,0,00,00000000,00000000,00000000,0,0000
3422,00,0,01,01110100,00000000,10101101,0,1011
3423,00,0,00,00000000,00000000,00000000,0,0000
3424,00,0,00,00000000,00000000,00000000,0,0000
3425,00,0,00,00000000,00000000,00000000,0,0000
3426,00,0,01,01110101,00000000,10101111,0,1011
3427,00,0,00,00000000,00000000,00000000,0,0000
3428,00,0,00,00000000,00000000,00000000,0,0000
3429,00,0,00,00000000,00000000,00000000,0,0000
3430,00,0,01,01110110,00000000,10110001,0,1011
3431,00,0,00,00000000,00000000,00000000,0,0000
3432,00,0,00,00000000,00000000,00000000,0,0000
3433,00,0,00,00000000,00000000,00000000,0,0000
3434,00,0,01,01110111,00000000,10110011,0,1011
3435,00,0,00,00000000,00000000,00000000,0,0000
3436,00,0,00,00000000,00000000,00000000,0,0000
3437,00,0,00,00000000,00000000,00000000,0,0000
3438,00,0,01,01111000,00000000,10110101,0,1011
3439,00,0,00,00000000,00000000,00000000,0,0000
3440,00,0,00,00000000,00000000,00000000,0,0000
3441,00,0,00,00000000,00000000,00000000,0,0000
3442,00,0,01,01111001,00000000,10110111,0,1011
3443,00,0,00,00000000,00000000,00000000,0,0000
3444,00,0,00,00000000,00000000,00000000,0,0000
3445,00,0,00,00000000,00000000,00000000,0,0000
3446,00,0,01,10010001,00000000,11001001,0,1011
3447,00,0,00,00000000,00000000,00000000,0,0000
3448,00,0,00,00000000,00000000,00000000,0,0000
3449,00,0,00,00000000,00000000,00000000,0,0000
3450,00,0,01,10010010,00000000,11001011,0,1011
3451,00,0,10,01111000,01000011,01101000,0,0011
3452,00,0,10,01111001,01000011,01101010,0,0011
3453,00,0,10,01111010,01000011,01101100,0,0011
3454,00,0,10,01111011,01000011,01101110,0,0011
3455,00,0,10,01111100,01000011,01110000,0,0011
3456,00,0,10,01111101,01000011,01110010,0,0011
3457,00,0,10,01111110,01000011,01110100,0,0011
3458,00,0,10,01111111,01000011,01110110,0,0011
3459,00,0,10,11001110,10010000,11000011,0,0011
3460,00,0,01,10010011,00000000,11001101,0,1011
3461,00,0,01,10110000,00000000,11101001,0,1011
3462,00,0,10,11010010,10010000,11000101,0,0011
3463,00,0,10,11010000,10010000,11000100,0,0011
3464,00,0,10,11010110,10010000,11000111,0,0011
3465,00,0,10,11010100,10010000,11000110,0,0011
3466,00,0,10,11101010,10101111,11100001,0,0011
3467,00,0,10,11101100,10101111,11100010,0,0011
3468,00,0,00,00000000,00000000,00000000,0,0000
3469,00,0,10,11101110,10101111,11100011,0,0011
3470,00,0,10,11110010,10101111,11100101,0,0011
3471,00,0,10,11110000,10101111,11100100,0,0011
3472,00,0,10,11110100,10101111,11100110,0,0011
3473,00,0,10,10011000,01100010,10001000,0,0011
3474,00,0,00,00000000,00000000,00000000,0,0000
3475,00,0,00,00000000,00000000,00000000,0,0000
3476,00,0,00,00000000,00000000,00000000,0,0000
3477,00,0,00,00000000,00000000,00000000,0,0000
3478,00,0,00,00000000,00000000,00000000,0,0000
3479,00,0,00,00000000,00000000,00000000,0,0000
3480,00,0,00,00000000,00000000,00000000,0,0000
3481,00,0,00,00000000,00000000,00000000,0,0000
3482,00,0,00,00000000,00000000,00000000,0,0000
3483,00,0,00,00000000,00000000,00000000,0,0000
3484,00,0,00,00000000,00000000,00000000,0,0000
3485,00,0,00,00000000,00000000,00000000,0,0000
3486,00,0,00,00000000,00000000,00000000,0,0000
3487,00,0,00,00000000,00000000,00000000,0,0000
3488,00,0,00,00000000,00000000,00000000,0,0000
3489,00,0,00,00000000,00000000,00000000,0,0000
3490,00,0,00,00000000,00000000,00000000,0,0000
3491,00,0,00,00000000,00000000,00000000,0,0000
3492,00,0,00,00000000,00000000,00000000,0,0000
3493,00,0,00,00000000,00000000,00000000,0,0000
3494,00,0,01,10010100,00000000,11001111,0,1011
3495,00,0,00,00000000,00000000,00000000,0,0000
3496,00,0,00,00000000,00000000,00000000,0,0000
3497,00,0,00,00000000,00000000,00000000,0,0000
3498,00,0,01,10010101,00000000,11010001,0,1011
3499,00,0,00,00000000,00000000,00000000,0,0000
3500,00,0,00,00000000,00000000,00000000,0,0000
3501,00,0,00,00000000,00000000,00000000,0,0000
3502,00,0,01,10010110,00000000,11010011,0,1011
3503,00,0,00,00000000,00000000,00000000,0,0000
3504,00,0,00,00000000,00000000,00000000,0,0000
3505,00,0,00,00000000,00000000,00000000,0,0000
3506,00,0,01,10010111,00000000,11010101,0,1011
3507,00,0,00,00000000,00000000,00000000,0,0000
3508,00,0,00,00000000,00000000,00000000,0,0000
3509,00,0,00,00000000,00000000,00000000,0,0000
3510,00,0,01,10011000,00000000,11010111,0,1011
3511,00,0,00,00000000,00000000,00000000,0,0000
3512,00,0,00,00000000,00000000,00000000,0,0000
3513,00,0,00,00000000,00000000,00000000,0,0000
3514,00,0,01,10110001,00000000,11101011,0,1011
3515,00,0,00,00000000,00000000,00000000,0,0000
3516,00,0,00,00000000,00000000,00000000,0,0000
3517,00,0,00,00000000,00000000,00000000,0,0000
3518,00,0,01,10110010,00000000,11101101,0,1011
3519,00,0,00,00000000,00000000,00000000,0,0000
3520,00,0,00,00000000,00000000,00000000,0,0000
3521,00,0,00,00000000,00000000,00000000,0,0000
3522,00,0,01,10110011,00000000,11101111,0,1011
3523,00,0,00,00000000,00000000,00000000,0,0000
3524,00,0,00,00000000,00000000,00000000,0,0000
3525,00,0,00,00000000,00000000,00000000,0,0000
3526,00,0,01,10110100,00000000,11110001,0,1011
3527,00,0,10,10011010,01100010,10001100,0,0011
3528,00,0,10,10011001,01100010,10001010,0,0011
3529,00,0,10,10011011,01100010,10001110,0,0011
3530,00,0,10,10011100,01100010,10010000,0,0011
3531,00,0,10,10011101,01100010,10010010,0,0011
3532,00,0,10,10011110,01100010,10010100,0,0011
3533,00,0,10,10011111,01100010,10010110,0,0011
3534,00,0,10,10111000,10000001,10101000,0,0011
3535,00,0,10,10111001,10000001,10101010,0,0011
3536,00,0,10,10111010,10000001,10101100,0,0011
3537,00,0,10,10111011,10000001,10101110,0,0011
3538,00,0,10,10111100,10000001,10110000,0,0011
3539,00,0,10,10111110,10000001,10110100,0,0011
3540,00,0,10,10111101,10000001,10110010,0,0011
3541,00,0,10,10111111,10000001,10110110,0,0011
3542,00,0,01,10110101,00000000,11110011,0,1011
3543,00,0,01,10110110,00000000,11110101,0,1011
3544,00,0,00,00000000,00000000,00000000,0,0000
3545,00,0,10,11110110,10101111,11100111,0,0011
3546,00,0,00,00000000,00000000,00000000,0,0000
3547,00,0,00,00000000,00000000,00000000,0,0000
3548,00,0,00,00000000,00000000,00000000,0,0000
3549,00,0,00,00000000,00000000,00000000,0,0000
3550,00,0,00,00000000,00000000,00000000,0,0000
3551,00,0,00,00000000,00000000,00000000,0,0000
3552,00,0,00,00000000,00000000,00000000,0,0000
3553,00,0,00,00000000,00000000,00000000,0,0000
3554,00,0,00,00000000,00000000,00000000,0,0000
3555,00,0,00,00000000,00000000,00000000,0,0000
3556,00,0,00,00000000,00000000,00000000,0,0000
3557,00,0,00,00000000,00000000,00000000,0,0000
3558,00,0,00,00000000,00000000,00000000,0,0000
3559,00,0,00,00000000,00000000,00000000,0,0000
3560,00,0,00,00000000,00000000,00000000,0,0000
3561,00,0,00,00000000,00000000,00000000,0,0000
3562,00,0,00,00000000,00000000,00000000,0,0000
3563,00,0,00,00000000,00000000,00000000,0,0000
3564,00,0,00,00000000,00000000,00000000,0,0000
3565,00,0,00,00000000,00000000,00000000,0,0000
3566,00,0,00,00000000,00000000,00000000,0,0000
3567,00,0,00,00000000,00000000,00000000,0,0000
3568,00,0,00,00000000,00000000,00000000,0,0000
3569,00,0,00,00000000,00000000,00000000,0,0000
3570,00,0,00,00000000,00000000,00000000,0,0000
3571,00,0,00,00000000,00000000,00000000,0,0000
3572,00,0,00,00000000,00000000,00000000,0,0000
3573,00,0,10,11011000,10100000,11001000,0,0011
3574,00,0,10,11011001,10100000,11001010,0,0011
3575,00,0,10,11011010,10100000,11001100,0,0011
3576,00,0,10,11011011,10100000,11001110,0,0011
3577,00,0,10,11011100,10100000,11010000,0,0011
3578,00,0,10,11011101,10100000,11010010,0,0011
3579,00,0,10,11011110,10100000,11010100,0,0011
3580,00,0,10,11011111,10100000,11010110,0,0011
3581,00,0,01,10110111,00000000,11110111,0,1011
3582,00,0,00,00000000,00000000,00000000,0,0000
3583,00,0,00,00000000,00000000,00000000,0,0000
3584,00,0,00,00000000,00000000,00000000,0,0000
3585,00,0,00,00000000,00000000,00000000,0,0000
3586,00,0,00,00000000,00000000,00000000,0,0000
3587,00,0,00,00000000,00000000,00000000,0,0000
3588,00,0,00,00000000,00000000,00000000,0,0000
3589,00,0,00,00000000,00000000,00000000,0,0000
3590,00,0,00,00000000,00000000,00000000,0,0000
3591,00,0,00,00000000,00000000,00000000,0,0000
3592,00,0,00,00000000,00000000,00000000,0,0000
3593,00,0,00,00000000,00000000,00000000,0,0000
3594,00,0,00,00000000,00000000,00000000,0,0000
3595,00,0,00,00000000,00000000,00000000,0,0000
3596,00,0,00,00000000,00000000,00000000,0,0000
3597,00,0,00,00000000,00000000,00000000,0,0000
3598,00,0,00,00000000,00000000,00000000,0,0000
3599,00,0,00,00000000,00000000,00000000,0,0000
3600,00,0,00,00000000,00000000,00000000,0,0000
3601,00,0,00,00000000,00000000,00000000,0,0000
3602,00,0,00,00000000,00000000,00000000,0,0000
3603,00,0,00,00000000,00000000,00000000,0,0000
3604,00,0,00,00000000,00000000,00000000,0,0000
3605,00,0,00,00000000,00000000,00000000,0,0000
3606,00,0,00,00000000,00000000,00000000,0,0000
3607,00,0,00,00000000,00000000,00000000,0,0000
3608,00,0,00,00000000,00000000,00000000,0,0000
3609,00,0,00,00000000,00000000,00000000,0,0000
3610,00,0,00,00000000,00000000,00000000,0,0000
3611,00,0,00,00000000,00000000,00000000,0,0000
3612,00,0,00,00000000,00000000,00000000,0,0000
3613,00,0,00,00000000,00000000,00000000,0,0000
3614,00,0,00,00000000,00000000,00000000,0,0000
3615,00,0,00,00000000,00000000,00000000,0,0000
3616,00,0,00,00000000,00000000,00000000,0,0000
3617,00,0,00,00000000,00000000,00000000,0,0000
3618,00,0,00,00000000,00000000,00000000,0,0000
3619,00,0,00,00000000,00000000,00000000,0,0000
3620,00,0,00,00000000,00000000,00000000,0,0000
3621,00,0,00,00000000,00000000,00000000,0,0000
3622,00,0,00,00000000,00000000,00000000,0,0000
3623,00,0,00,00000000,00000000,00000000,0,0000
3624,00,0,00,00000000,00000000,00000000,0,0000
3625,00,0,00,00000000,00000000,00000000,0,0000
3626,00,0,00,00000000,00000000,00000000,0,0000
3627,00,0,00,00000000,00000000,00000000,0,0000
3628,00,0,00,00000000,00000000,00000000,0,0000
3629,00,0,00,00000000,00000000,00000000,0,0000
3630,00,0,00,00000000,00000000,00000000,0,0000
3631,00,0,00,00000000,00000000,00000000,0,0000
3632,00,0,00,00000000,00000000,00000000,0,0000
3633,00,0,00,00000000,00000000,00000000,0,0000
3634,00,0,00,00000000,00000000,00000000,0,0000
3635,00,0,00,00000000,00000000,00000000,0,0000
3636,00,0,10,11111000,10111111,11101000,0,0011
3637,00,0,10,11111001,10111111,11101010,0,0011
3638,00,0,10,11111010,10111111,11101100,0,0011
3639,00,0,10,11111011,10111111,11101110,0,0011
3640,00,0,10,11111100,10111111,11110000,0,0011
3641,00,0,10,11111101,10111111,11110010,0,0011
3642,00,0,10,11111110,10111111,11110100,0,0011
3643,00,0,10,11111111,10111111,11110110,0,0011
3644,00,0,00,00000000,00000000,00000000,0,0000
3645,00,0,00,00000000,00000000,00000000,0,0000
3646,00,0,00,00000000,00000000,00000000,0,0000
3647,00,0,00,00000000,00000000,00000000,0,0000
3648,00,0,00,00000000,00000000,00000000,0,0000
3649,00,0,00,00000000,00000000,00000000,0,0000
3650,00,0,00,00000000,00000000,00000000,0,0000
3651,00,0,00,00000000,00000000,00000000,0,0000
