t,borrow,dst,src,is_vector,rounds,optype
0,00,00000000,00000000,0,00000000,0000
1,00,00000000,00000000,0,00000000,0000
2,00,00000000,00000000,0,00000000,0000
3,00,00000000,00000000,0,00000000,0000
4,00,00000000,00000000,0,00000000,0000
5,00,00000000,00000000,0,00000000,0000
6,00,00000000,00000000,0,00000000,0000
7,00,00000000,00000000,0,00000000,0000
8,00,00000000,00000000,0,00000000,0000
9,00,00000000,00000000,0,00000000,0000
10,00,00000000,00000000,0,00000000,0000
11,00,00000000,00000000,0,00000000,0000
12,00,00000000,00000000,0,00000000,0000
13,00,00000000,00000000,0,00000000,0000
14,00,00000000,00000000,0,00000000,0000
15,00,00000000,00000000,0,00000000,0000
16,00,00000000,00000000,0,00000000,0000
17,00,00000000,00000000,0,00000000,0000
18,00,00000000,00000000,0,00000000,0000
19,00,00000000,00000000,0,00000000,0000
20,00,00000000,00000000,0,00000000,0000
21,00,00000000,00000000,0,00000000,0000
22,00,00000000,00000000,0,00000000,0000
23,00,00000000,00000000,0,00000000,0000
24,00,00000000,00000000,0,00000000,0000
25,00,00000000,00000000,0,00000000,0000
26,00,00000000,00000000,0,00000000,0000
27,00,00000000,00000000,0,00000000,0000
28,00,00000000,00000000,0,00000000,0000
29,00,00000000,00000000,0,00000000,0000
30,00,00000000,00000000,0,00000000,0000
31,00,00000000,00000000,0,00000000,0000
32,00,00000000,00000000,0,00000000,0000
33,00,00000000,00000000,0,00000000,0000
34,00,00000000,00000000,0,00000000,0000
35,00,00000000,00000000,0,00000000,0000
36,00,00000000,00000000,0,00000000,0000
37,00,00000000,00000000,0,00000000,0000
38,00,00000000,00000000,0,00000000,0000
39,00,00000000,00000000,0,00000000,0000
40,00,00000000,00000000,0,00000000,0000
41,00,00000000,00000000,0,00000000,0000
42,00,00000000,00000000,0,00000000,0000
43,00,00000000,00000000,0,00000000,0000
44,00,00000000,00000000,0,00000000,0000
45,10,00001001,00001000,1,00000100,0001
46,00,00000000,00000000,0,00000000,0000
47,00,00000000,00000000,0,00000000,0000
48,00,00000000,00000000,0,00000000,0000
49,10,00001011,00001010,1,00000100,0001
50,00,00000000,00000000,0,00000000,0000
51,00,00000000,00000000,0,00000000,0000
52,00,00000000,00000000,0,00000000,0000
53,10,00001101,00001100,1,00000100,0001
54,00,00000000,00000000,0,00000000,0000
55,00,00000000,00000000,0,00000000,0000
56,00,00000000,00000000,0,00000000,0000
57,10,00001111,00001110,1,00000100,0001
58,00,00000000,00000000,0,00000000,0000
59,00,00000000,00000000,0,00000000,0000
60,00,00000000,00000000,0,00000000,0000
61,10,00010001,00010000,1,00000100,0001
62,00,00000000,00000000,0,00000000,0000
63,00,00000000,00000000,0,00000000,0000
64,00,00000000,00000000,0,00000000,0000
65,10,00010011,00010010,1,00000100,0001
66,00,00000000,00000000,0,00000000,0000
67,00,00000000,00000000,0,00000000,0000
68,00,00000000,00000000,0,00000000,0000
69,10,00010101,00010100,1,00000100,0001
70,00,00000000,00000000,0,00000000,0000
71,00,00000000,00000000,0,00000000,0000
72,00,00000000,00000000,0,00000000,0000
73,10,00010111,00010110,1,00000100,0001
74,00,00000000,00000000,0,00000000,0000
75,00,00000000,00000000,0,00000000,0000
76,00,00000000,00000000,0,00000000,0000
77,10,00101001,00101000,1,00000100,0001
78,00,00000000,00000000,0,00000000,0000
79,00,00000000,00000000,0,00000000,0000
80,00,00000000,00000000,0,00000000,0000
81,10,00101011,00101010,1,00000100,0001
82,00,00000000,00000000,0,00000000,0000
83,00,00000000,00000000,0,00000000,0000
84,00,00000000,00000000,0,00000000,0000
85,10,00101101,00101100,1,00000100,0001
86,00,00000000,00000000,0,00000000,0000
87,00,00000000,00000000,0,00000000,0000
88,00,00000000,00000000,0,00000000,0000
89,10,00101111,00101110,1,00000100,0001
90,00,00000000,00000000,0,00000000,0000
91,00,00000000,00000000,0,00000000,0000
92,00,00000000,00000000,0,00000000,0000
93,10,00110001,00110000,1,00000100,0001
94,00,00000000,00000000,0,00000000,0000
95,00,00000000,00000000,0,00000000,0000
96,00,00000000,00000000,0,00000000,0000
97,10,00110011,00110010,1,00000100,0001
98,00,00000000,00000000,0,00000000,0000
99,00,00000000,00000000,0,00000000,0000
100,00,00000000,00000000,0,00000000,0000
101,00,00000000,00000000,0,00000000,0000
102,00,00000000,00000000,0,00000000,0000
103,00,00000000,00000000,0,00000000,0000
104,00,00000000,00000000,0,00000000,0000
105,00,00000000,00000000,0,00000000,0000
106,00,00000000,00000000,0,00000000,0000
107,00,00000000,00000000,0,00000000,0000
108,00,00000000,00000000,0,00000000,0000
109,00,00000000,00000000,0,00000000,0000
110,00,00000000,00000000,0,00000000,0000
111,00,00000000,00000000,0,00000000,0000
112,00,00000000,00000000,0,00000000,0000
113,00,00000000,00000000,0,00000000,0000
114,00,00000000,00000000,0,00000000,0000
115,00,00000000,00000000,0,00000000,0000
116,00,00000000,00000000,0,00000000,0000
117,00,00000000,00000000,0,00000000,0000
118,00,00000000,00000000,0,00000000,0000
119,00,00000000,00000000,0,00000000,0000
120,00,00000000,00000000,0,00000000,0000
121,00,00000000,00000000,0,00000000,0000
122,00,00000000,00000000,0,00000000,0000
123,00,00000000,00000000,0,00000000,0000
124,00,00000000,00000000,0,00000000,0000
125,10,00110101,00110100,1,00000100,0001
126,00,00000000,00000000,0,00000000,0000
127,00,00000000,00000000,0,00000000,0000
128,00,00000000,00000000,0,00000000,0000
129,10,00110111,00110110,1,00000100,0001
130,00,00000000,00000000,0,00000000,0000
131,00,00000000,00000000,0,00000000,0000
132,00,00000000,00000000,0,00000000,0000
133,10,01001001,01001000,1,00000100,0001
134,10,00011110,00011101,0,00000000,1001
135,00,00000000,00000000,0,00000000,0000
136,00,00000000,00000000,0,00000000,0000
137,10,01001011,01001010,1,00000100,0001
138,00,00000000,00000000,0,00000000,0000
139,00,00000000,00000000,0,00000000,0000
140,00,00000000,00000000,0,00000000,0000
141,10,01001101,01001100,1,00000100,0001
142,00,00000000,00000000,0,00000000,0000
143,00,00000000,00000000,0,00000000,0000
144,00,00000000,00000000,0,00000000,0000
145,10,01001111,01001110,1,00000100,0001
146,00,00000000,00000000,0,00000000,0000
147,00,00000000,00000000,0,00000000,0000
148,00,00000000,00000000,0,00000000,0000
149,10,01010001,01010000,1,00000100,0001
150,00,00000000,00000000,0,00000000,0000
151,00,00000000,00000000,0,00000000,0000
152,00,00000000,00000000,0,00000000,0000
153,10,01010011,01010010,1,00000100,0001
154,00,00000000,00000000,0,00000000,0000
155,00,00000000,00000000,0,00000000,0000
156,00,00000000,00000000,0,00000000,0000
157,10,01010101,01010100,1,00000100,0001
158,00,00000000,00000000,0,00000000,0000
159,00,00000000,00000000,0,00000000,0000
160,00,00000000,00000000,0,00000000,0000
161,10,01010111,01010110,1,00000100,0001
162,00,00000000,00000000,0,00000000,0000
163,00,00000000,00000000,0,00000000,0000
164,00,00000000,00000000,0,00000000,0000
165,10,01101001,01101000,1,00000100,0001
166,00,00000000,00000000,0,00000000,0000
167,00,00000000,00000000,0,00000000,0000
168,00,00000000,00000000,0,00000000,0000
169,10,01101011,01101010,1,00000100,0001
170,00,00000000,00000000,0,00000000,0000
171,00,00000000,00000000,0,00000000,0000
172,00,00000000,00000000,0,00000000,0000
173,10,10001001,10001000,1,00000100,0001
174,00,00000000,00000000,0,00000000,0000
175,00,00000000,00000000,0,00000000,0000
176,00,00000000,00000000,0,00000000,0000
177,00,00000000,00000000,0,00000000,0000
178,00,00000000,00000000,0,00000000,0000
179,00,00000000,00000000,0,00000000,0000
180,00,00000000,00000000,0,00000000,0000
181,00,00000000,00000000,0,00000000,0000
182,00,00000000,00000000,0,00000000,0000
183,00,00000000,00000000,0,00000000,0000
184,00,00000000,00000000,0,00000000,0000
185,00,00000000,00000000,0,00000000,0000
186,00,00000000,00000000,0,00000000,0000
187,00,00000000,00000000,0,00000000,0000
188,00,00000000,00000000,0,00000000,0000
189,00,00000000,00000000,0,00000000,0000
190,10,00111101,00111100,0,00000000,1001
191,00,00000000,00000000,0,00000000,0000
192,00,00000000,00000000,0,00000000,0000
193,00,00000000,00000000,0,00000000,0000
194,00,00000000,00000000,0,00000000,0000
195,00,00000000,00000000,0,00000000,0000
196,00,00000000,00000000,0,00000000,0000
197,00,00000000,00000000,0,00000000,0000
198,00,00000000,00000000,0,00000000,0000
199,00,00000000,00000000,0,00000000,0000
200,00,00000000,00000000,0,00000000,0000
201,00,00000000,00000000,0,00000000,0000
202,00,00000000,00000000,0,00000000,0000
203,00,00000000,00000000,0,00000000,0000
204,00,00000000,00000000,0,00000000,0000
205,00,00000000,00000000,0,00000000,0000
206,00,00000000,00000000,0,00000000,0000
207,00,00000000,00000000,0,00000000,0000
208,00,00000000,00000000,0,00000000,0000
209,00,00000000,00000000,0,00000000,0000
210,10,01101111,01101110,1,00000100,0001
211,00,00000000,00000000,0,00000000,0000
212,00,00000000,00000000,0,00000000,0000
213,00,00000000,00000000,0,00000000,0000
214,10,01110011,01110010,1,00000100,0001
215,00,00000000,00000000,0,00000000,0000
216,00,00000000,00000000,0,00000000,0000
217,00,00000000,00000000,0,00000000,0000
218,10,01101101,01101100,1,00000100,0001
219,00,00000000,00000000,0,00000000,0000
220,00,00000000,00000000,0,00000000,0000
221,00,00000000,00000000,0,00000000,0000
222,10,01110001,01110000,1,00000100,0001
223,00,00000000,00000000,0,00000000,0000
224,00,00000000,00000000,0,00000000,0000
225,10,01011100,01011011,0,00000000,1001
226,10,01110101,01110100,1,00000100,0001
227,00,00000000,00000000,0,00000000,0000
228,00,00000000,00000000,0,00000000,0000
229,00,00000000,00000000,0,00000000,0000
230,10,01110111,01110110,1,00000100,0001
231,00,00000000,00000000,0,00000000,0000
232,00,00000000,00000000,0,00000000,0000
233,00,00000000,00000000,0,00000000,0000
234,10,10001011,10001010,1,00000100,0001
235,00,00000000,00000000,0,00000000,0000
236,00,00000000,00000000,0,00000000,0000
237,00,00000000,00000000,0,00000000,0000
238,10,10001101,10001100,1,00000100,0001
239,00,00000000,00000000,0,00000000,0000
240,00,00000000,00000000,0,00000000,0000
241,00,00000000,00000000,0,00000000,0000
242,00,00000000,00000000,0,00000000,0000
243,00,00000000,00000000,0,00000000,0000
244,00,00000000,00000000,0,00000000,0000
245,00,00000000,00000000,0,00000000,0000
246,00,00000000,00000000,0,00000000,0000
247,00,00000000,00000000,0,00000000,0000
248,00,00000000,00000000,0,00000000,0000
249,00,00000000,00000000,0,00000000,0000
250,00,00000000,00000000,0,00000000,0000
251,00,00000000,00000000,0,00000000,0000
252,00,00000000,00000000,0,00000000,0000
253,00,00000000,00000000,0,00000000,0000
254,00,00000000,00000000,0,00000000,0000
255,00,00000000,00000000,0,00000000,0000
256,00,00000000,00000000,0,00000000,0000
257,00,00000000,00000000,0,00000000,0000
258,00,00000000,00000000,0,00000000,0000
259,00,00000000,00000000,0,00000000,0000
260,00,00000000,00000000,0,00000000,0000
261,00,00000000,00000000,0,00000000,0000
262,00,00000000,00000000,0,00000000,0000
263,00,00000000,00000000,0,00000000,0000
264,00,00000000,00000000,0,00000000,0000
265,00,00000000,00000000,0,00000000,0000
266,00,00000000,00000000,0,00000000,0000
267,00,00000000,00000000,0,00000000,0000
268,00,00000000,00000000,0,00000000,0000
269,00,00000000,00000000,0,00000000,0000
270,00,00000000,00000000,0,00000000,0000
271,00,00000000,00000000,0,00000000,0000
272,00,00000000,00000000,0,00000000,0000
273,00,00000000,00000000,0,00000000,0000
274,00,00000000,00000000,0,00000000,0000
275,00,00000000,00000000,0,00000000,0000
276,00,00000000,00000000,0,00000000,0000
277,00,00000000,00000000,0,00000000,0000
278,10,10010001,10010000,1,00000100,0001
279,00,00000000,00000000,0,00000000,0000
280,00,00000000,00000000,0,00000000,0000
281,00,00000000,00000000,0,00000000,0000
282,10,10001111,10001110,1,00000100,0001
283,00,00000000,00000000,0,00000000,0000
284,00,00000000,00000000,0,00000000,0000
285,00,00000000,00000000,0,00000000,0000
286,10,10010011,10010010,1,00000100,0001
287,00,00000000,00000000,0,00000000,0000
288,00,00000000,00000000,0,00000000,0000
289,00,00000000,00000000,0,00000000,0000
290,10,10010101,10010100,1,00000100,0001
291,10,01111011,01111010,0,00000000,1001
292,00,00000000,00000000,0,00000000,0000
293,00,00000000,00000000,0,00000000,0000
294,10,10010111,10010110,1,00000100,0001
295,00,00000000,00000000,0,00000000,0000
296,00,00000000,00000000,0,00000000,0000
297,00,00000000,00000000,0,00000000,0000
298,10,10101001,10101000,1,00000100,0001
299,00,00000000,00000000,0,00000000,0000
300,00,00000000,00000000,0,00000000,0000
301,00,00000000,00000000,0,00000000,0000
302,10,10101011,10101010,1,00000100,0001
303,00,00000000,00000000,0,00000000,0000
304,00,00000000,00000000,0,00000000,0000
305,00,00000000,00000000,0,00000000,0000
306,10,10101101,10101100,1,00000100,0001
307,00,00000000,00000000,0,00000000,0000
308,00,00000000,00000000,0,00000000,0000
309,00,00000000,00000000,0,00000000,0000
310,10,10101111,10101110,1,00000100,0001
311,00,00000000,00000000,0,00000000,0000
312,00,00000000,00000000,0,00000000,0000
313,00,00000000,00000000,0,00000000,0000
314,10,10110001,10110000,1,00000100,0001
315,00,00000000,00000000,0,00000000,0000
316,00,00000000,00000000,0,00000000,0000
317,00,00000000,00000000,0,00000000,0000
318,10,10110011,10110010,1,00000100,0001
319,00,00000000,00000000,0,00000000,0000
320,00,00000000,00000000,0,00000000,0000
321,00,00000000,00000000,0,00000000,0000
322,10,10110101,10110100,1,00000100,0001
323,00,00000000,00000000,0,00000000,0000
324,00,00000000,00000000,0,00000000,0000
325,00,00000000,00000000,0,00000000,0000
326,10,10110111,10110110,1,00000100,0001
327,00,00000000,00000000,0,00000000,0000
328,00,00000000,00000000,0,00000000,0000
329,00,00000000,00000000,0,00000000,0000
330,10,11001001,11001000,1,00000100,0001
331,00,00000000,00000000,0,00000000,0000
332,00,00000000,00000000,0,00000000,0000
333,00,00000000,00000000,0,00000000,0000
334,10,11101001,11101000,1,00000100,0001
335,00,00000000,00000000,0,00000000,0000
336,00,00000000,00000000,0,00000000,0000
337,00,00000000,00000000,0,00000000,0000
338,00,00000000,00000000,0,00000000,0000
339,00,00000000,00000000,0,00000000,0000
340,00,00000000,00000000,0,00000000,0000
341,00,00000000,00000000,0,00000000,0000
342,00,00000000,00000000,0,00000000,0000
343,00,00000000,00000000,0,00000000,0000
344,00,00000000,00000000,0,00000000,0000
345,00,00000000,00000000,0,00000000,0000
346,00,00000000,00000000,0,00000000,0000
347,00,00000000,00000000,0,00000000,0000
348,00,00000000,00000000,0,00000000,0000
349,00,00000000,00000000,0,00000000,0000
350,00,00000000,00000000,0,00000000,0000
351,00,00000000,00000000,0,00000000,0000
352,00,00000000,00000000,0,00000000,0000
353,00,00000000,00000000,0,00000000,0000
354,00,00000000,00000000,0,00000000,0000
355,10,10011010,10011001,0,00000000,1001
356,00,00000000,00000000,0,00000000,0000
357,00,00000000,00000000,0,00000000,0000
358,00,00000000,00000000,0,00000000,0000
359,00,00000000,00000000,0,00000000,0000
360,00,00000000,00000000,0,00000000,0000
361,00,00000000,00000000,0,00000000,0000
362,00,00000000,00000000,0,00000000,0000
363,00,00000000,00000000,0,00000000,0000
364,00,00000000,00000000,0,00000000,0000
365,00,00000000,00000000,0,00000000,0000
366,00,00000000,00000000,0,00000000,0000
367,00,00000000,00000000,0,00000000,0000
368,00,00000000,00000000,0,00000000,0000
369,00,00000000,00000000,0,00000000,0000
370,10,11001101,11001100,1,00000100,0001
371,00,00000000,00000000,0,00000000,0000
372,00,00000000,00000000,0,00000000,0000
373,00,00000000,00000000,0,00000000,0000
374,10,11001011,11001010,1,00000100,0001
375,00,00000000,00000000,0,00000000,0000
376,00,00000000,00000000,0,00000000,0000
377,00,00000000,00000000,0,00000000,0000
378,10,11001111,11001110,1,00000100,0001
379,00,00000000,00000000,0,00000000,0000
380,00,00000000,00000000,0,00000000,0000
381,00,00000000,00000000,0,00000000,0000
382,10,11010001,11010000,1,00000100,0001
383,00,00000000,00000000,0,00000000,0000
384,00,00000000,00000000,0,00000000,0000
385,00,00000000,00000000,0,00000000,0000
386,10,11010011,11010010,1,00000100,0001
387,10,10111001,10111000,0,00000000,1001
388,00,00000000,00000000,0,00000000,0000
389,00,00000000,00000000,0,00000000,0000
390,10,11010101,11010100,1,00000100,0001
391,00,00000000,00000000,0,00000000,0000
392,00,00000000,00000000,0,00000000,0000
393,00,00000000,00000000,0,00000000,0000
394,10,11010111,11010110,1,00000100,0001
395,00,00000000,00000000,0,00000000,0000
396,00,00000000,00000000,0,00000000,0000
397,00,00000000,00000000,0,00000000,0000
398,10,11101011,11101010,1,00000100,0001
399,00,00000000,00000000,0,00000000,0000
400,00,00000000,00000000,0,00000000,0000
401,00,00000000,00000000,0,00000000,0000
402,10,11101101,11101100,1,00000100,0001
403,00,00000000,00000000,0,00000000,0000
404,00,00000000,00000000,0,00000000,0000
405,00,00000000,00000000,0,00000000,0000
406,10,11101111,11101110,1,00000100,0001
407,00,00000000,00000000,0,00000000,0000
408,00,00000000,00000000,0,00000000,0000
409,00,00000000,00000000,0,00000000,0000
410,10,11110001,11110000,1,00000100,0001
411,00,00000000,00000000,0,00000000,0000
412,00,00000000,00000000,0,00000000,0000
413,00,00000000,00000000,0,00000000,0000
414,10,11110011,11110010,1,00000100,0001
415,00,00000000,00000000,0,00000000,0000
416,00,00000000,00000000,0,00000000,0000
417,00,00000000,00000000,0,00000000,0000
418,00,00000000,00000000,0,00000000,0000
419,00,00000000,00000000,0,00000000,0000
420,00,00000000,00000000,0,00000000,0000
421,00,00000000,00000000,0,00000000,0000
422,00,00000000,00000000,0,00000000,0000
423,00,00000000,00000000,0,00000000,0000
424,00,00000000,00000000,0,00000000,0000
425,00,00000000,00000000,0,00000000,0000
426,00,00000000,00000000,0,00000000,0000
427,00,00000000,00000000,0,00000000,0000
428,00,00000000,00000000,0,00000000,0000
429,00,00000000,00000000,0,00000000,0000
430,00,00000000,00000000,0,00000000,0000
431,00,00000000,00000000,0,00000000,0000
432,00,00000000,00000000,0,00000000,0000
433,00,00000000,00000000,0,00000000,0000
434,00,00000000,00000000,0,00000000,0000
435,00,00000000,00000000,0,00000000,0000
436,00,00000000,00000000,0,00000000,0000
437,00,00000000,00000000,0,00000000,0000
438,00,00000000,00000000,0,00000000,0000
439,00,00000000,00000000,0,00000000,0000
440,00,00000000,00000000,0,00000000,0000
441,00,00000000,00000000,0,00000000,0000
442,00,00000000,00000000,0,00000000,0000
443,00,00000000,00000000,0,00000000,0000
444,00,00000000,00000000,0,00000000,0000
445,00,00000000,00000000,0,00000000,0000
446,00,00000000,00000000,0,00000000,0000
447,00,00000000,00000000,0,00000000,0000
448,00,00000000,00000000,0,00000000,0000
449,00,00000000,00000000,0,00000000,0000
450,00,00000000,00000000,0,00000000,0000
451,00,00000000,00000000,0,00000000,0000
452,00,00000000,00000000,0,00000000,0000
453,00,00000000,00000000,0,00000000,0000
454,00,00000000,00000000,0,00000000,0000
455,00,00000000,00000000,0,00000000,0000
456,00,00000000,00000000,0,00000000,0000
457,10,11011000,11010111,0,00000000,1001
458,00,00000000,00000000,0,00000000,0000
459,10,11110101,11110100,1,00000100,0001
460,00,00000000,00000000,0,00000000,0000
461,00,00000000,00000000,0,00000000,0000
462,00,00000000,00000000,0,00000000,0000
463,10,11110111,11110110,1,00000100,0001
464,00,00000000,00000000,0,00000000,0000
465,00,00000000,00000000,0,00000000,0000
466,00,00000000,00000000,0,00000000,0000
467,10,00001001,00001000,1,00000100,0001
468,00,00000000,00000000,0,00000000,0000
469,00,00000000,00000000,0,00000000,0000
470,00,00000000,00000000,0,00000000,0000
471,10,00001011,00001010,1,00000100,0001
472,00,00000000,00000000,0,00000000,0000
473,00,00000000,00000000,0,00000000,0000
474,00,00000000,00000000,0,00000000,0000
475,10,00001101,00001100,1,00000100,0001
476,00,00000000,00000000,0,00000000,0000
477,00,00000000,00000000,0,00000000,0000
478,00,00000000,00000000,0,00000000,0000
479,10,00001111,00001110,1,00000100,0001
480,00,00000000,00000000,0,00000000,0000
481,00,00000000,00000000,0,00000000,0000
482,00,00000000,00000000,0,00000000,0000
483,10,00010001,00010000,1,00000100,0001
484,00,00000000,00000000,0,00000000,0000
485,00,00000000,00000000,0,00000000,0000
486,00,00000000,00000000,0,00000000,0000
487,10,00010011,00010010,1,00000100,0001
488,00,00000000,00000000,0,00000000,0000
489,00,00000000,00000000,0,00000000,0000
490,00,00000000,00000000,0,00000000,0000
491,10,00010101,00010100,1,00000100,0001
492,00,00000000,00000000,0,00000000,0000
493,00,00000000,00000000,0,00000000,0000
494,00,00000000,00000000,0,00000000,0000
495,10,00010111,00010110,1,00000100,0001
496,00,00000000,00000000,0,00000000,0000
497,00,00000000,00000000,0,00000000,0000
498,00,00000000,00000000,0,00000000,0000
499,10,00101001,00101000,1,00000100,0001
500,00,00000000,00000000,0,00000000,0000
501,00,00000000,00000000,0,00000000,0000
502,00,00000000,00000000,0,00000000,0000
503,10,00101011,00101010,1,00000100,0001
504,00,00000000,00000000,0,00000000,0000
505,00,00000000,00000000,0,00000000,0000
506,00,00000000,00000000,0,00000000,0000
507,10,00101101,00101100,1,00000100,0001
508,00,00000000,00000000,0,00000000,0000
509,00,00000000,00000000,0,00000000,0000
510,00,00000000,00000000,0,00000000,0000
511,10,00101111,00101110,1,00000100,0001
512,00,00000000,00000000,0,00000000,0000
513,00,00000000,00000000,0,00000000,0000
514,00,00000000,00000000,0,00000000,0000
515,10,01101001,01101000,1,00000100,0001
516,00,00000000,00000000,0,00000000,0000
517,00,00000000,00000000,0,00000000,0000
518,00,00000000,00000000,0,00000000,0000
519,00,00000000,00000000,0,00000000,0000
520,00,00000000,00000000,0,00000000,0000
521,00,00000000,00000000,0,00000000,0000
522,00,00000000,00000000,0,00000000,0000
523,00,00000000,00000000,0,00000000,0000
524,10,11110111,11110110,0,00000000,1001
525,00,00000000,00000000,0,00000000,0000
526,00,00000000,00000000,0,00000000,0000
527,00,00000000,00000000,0,00000000,0000
528,00,00000000,00000000,0,00000000,0000
529,00,00000000,00000000,0,00000000,0000
530,00,00000000,00000000,0,00000000,0000
531,00,00000000,00000000,0,00000000,0000
532,00,00000000,00000000,0,00000000,0000
533,00,00000000,00000000,0,00000000,0000
534,00,00000000,00000000,0,00000000,0000
535,00,00000000,00000000,0,00000000,0000
536,00,00000000,00000000,0,00000000,0000
537,00,00000000,00000000,0,00000000,0000
538,00,00000000,00000000,0,00000000,0000
539,00,00000000,00000000,0,00000000,0000
540,00,00000000,00000000,0,00000000,0000
541,00,00000000,00000000,0,00000000,0000
542,00,00000000,00000000,0,00000000,0000
543,00,00000000,00000000,0,00000000,0000
544,00,00000000,00000000,0,00000000,0000
545,00,00000000,00000000,0,00000000,0000
546,00,00000000,00000000,0,00000000,0000
547,00,00000000,00000000,0,00000000,0000
548,00,00000000,00000000,0,00000000,0000
549,00,00000000,00000000,0,00000000,0000
550,00,00000000,00000000,0,00000000,0000
551,00,00000000,00000000,0,00000000,0000
552,00,00000000,00000000,0,00000000,0000
553,00,00000000,00000000,0,00000000,0000
554,10,00110001,00110000,1,00000100,0001
555,00,00000000,00000000,0,00000000,0000
556,00,00000000,00000000,0,00000000,0000
557,00,00000000,00000000,0,00000000,0000
558,00,00000000,00000000,0,00000000,0000
559,00,00000000,00000000,0,00000000,0000
560,00,00000000,00000000,0,00000000,0000
561,10,00010110,00010101,0,00000000,1001
562,10,00110011,00110010,1,00000100,0001
563,00,00000000,00000000,0,00000000,0000
564,00,00000000,00000000,0,00000000,0000
565,00,00000000,00000000,0,00000000,0000
566,10,00110101,00110100,1,00000100,0001
567,00,00000000,00000000,0,00000000,0000
568,00,00000000,00000000,0,00000000,0000
569,00,00000000,00000000,0,00000000,0000
570,10,00110111,00110110,1,00000100,0001
571,00,00000000,00000000,0,00000000,0000
572,00,00000000,00000000,0,00000000,0000
573,00,00000000,00000000,0,00000000,0000
574,10,01001001,01001000,1,00000100,0001
575,00,00000000,00000000,0,00000000,0000
576,00,00000000,00000000,0,00000000,0000
577,00,00000000,00000000,0,00000000,0000
578,10,01001011,01001010,1,00000100,0001
579,00,00000000,00000000,0,00000000,0000
580,00,00000000,00000000,0,00000000,0000
581,00,00000000,00000000,0,00000000,0000
582,10,01001101,01001100,1,00000100,0001
583,00,00000000,00000000,0,00000000,0000
584,00,00000000,00000000,0,00000000,0000
585,00,00000000,00000000,0,00000000,0000
586,10,01001111,01001110,1,00000100,0001
587,00,00000000,00000000,0,00000000,0000
588,00,00000000,00000000,0,00000000,0000
589,00,00000000,00000000,0,00000000,0000
590,00,00000000,00000000,0,00000000,0000
591,00,00000000,00000000,0,00000000,0000
592,00,00000000,00000000,0,00000000,0000
593,00,00000000,00000000,0,00000000,0000
594,00,00000000,00000000,0,00000000,0000
595,00,00000000,00000000,0,00000000,0000
596,00,00000000,00000000,0,00000000,0000
597,00,00000000,00000000,0,00000000,0000
598,00,00000000,00000000,0,00000000,0000
599,00,00000000,00000000,0,00000000,0000
600,00,00000000,00000000,0,00000000,0000
601,00,00000000,00000000,0,00000000,0000
602,00,00000000,00000000,0,00000000,0000
603,00,00000000,00000000,0,00000000,0000
604,00,00000000,00000000,0,00000000,0000
605,00,00000000,00000000,0,00000000,0000
606,00,00000000,00000000,0,00000000,0000
607,00,00000000,00000000,0,00000000,0000
608,00,00000000,00000000,0,00000000,0000
609,00,00000000,00000000,0,00000000,0000
610,00,00000000,00000000,0,00000000,0000
611,00,00000000,00000000,0,00000000,0000
612,00,00000000,00000000,0,00000000,0000
613,00,00000000,00000000,0,00000000,0000
614,00,00000000,00000000,0,00000000,0000
615,00,00000000,00000000,0,00000000,0000
616,00,00000000,00000000,0,00000000,0000
617,00,00000000,00000000,0,00000000,0000
618,00,00000000,00000000,0,00000000,0000
619,00,00000000,00000000,0,00000000,0000
620,00,00000000,00000000,0,00000000,0000
621,00,00000000,00000000,0,00000000,0000
622,00,00000000,00000000,0,00000000,0000
623,00,00000000,00000000,0,00000000,0000
624,10,01101011,01101010,1,00000100,0001
625,00,00000000,00000000,0,00000000,0000
626,00,00000000,00000000,0,00000000,0000
627,00,00000000,00000000,0,00000000,0000
628,10,01010001,01010000,1,00000100,0001
629,00,00000000,00000000,0,00000000,0000
630,00,00000000,00000000,0,00000000,0000
631,10,00110101,00110100,0,00000000,1001
632,10,01010011,01010010,1,00000100,0001
633,00,00000000,00000000,0,00000000,0000
634,00,00000000,00000000,0,00000000,0000
635,00,00000000,00000000,0,00000000,0000
636,10,01010101,01010100,1,00000100,0001
637,00,00000000,00000000,0,00000000,0000
638,00,00000000,00000000,0,00000000,0000
639,00,00000000,00000000,0,00000000,0000
640,10,01010111,01010110,1,00000100,0001
641,00,00000000,00000000,0,00000000,0000
642,00,00000000,00000000,0,00000000,0000
643,00,00000000,00000000,0,00000000,0000
644,10,01101101,01101100,1,00000100,0001
645,00,00000000,00000000,0,00000000,0000
646,00,00000000,00000000,0,00000000,0000
647,00,00000000,00000000,0,00000000,0000
648,10,01101111,01101110,1,00000100,0001
649,00,00000000,00000000,0,00000000,0000
650,00,00000000,00000000,0,00000000,0000
651,00,00000000,00000000,0,00000000,0000
652,10,01110001,01110000,1,00000100,0001
653,00,00000000,00000000,0,00000000,0000
654,00,00000000,00000000,0,00000000,0000
655,00,00000000,00000000,0,00000000,0000
656,10,01110011,01110010,1,00000100,0001
657,00,00000000,00000000,0,00000000,0000
658,00,00000000,00000000,0,00000000,0000
659,00,00000000,00000000,0,00000000,0000
660,10,01110101,01110100,1,00000100,0001
661,00,00000000,00000000,0,00000000,0000
662,00,00000000,00000000,0,00000000,0000
663,00,00000000,00000000,0,00000000,0000
664,10,01110111,01110110,1,00000100,0001
665,00,00000000,00000000,0,00000000,0000
666,00,00000000,00000000,0,00000000,0000
667,00,00000000,00000000,0,00000000,0000
668,10,10001001,10001000,1,00000100,0001
669,00,00000000,00000000,0,00000000,0000
670,00,00000000,00000000,0,00000000,0000
671,00,00000000,00000000,0,00000000,0000
672,10,10001011,10001010,1,00000100,0001
673,00,00000000,00000000,0,00000000,0000
674,00,00000000,00000000,0,00000000,0000
675,00,00000000,00000000,0,00000000,0000
676,10,10001101,10001100,1,00000100,0001
677,00,00000000,00000000,0,00000000,0000
678,00,00000000,00000000,0,00000000,0000
679,00,00000000,00000000,0,00000000,0000
680,10,10101001,10101000,1,00000100,0001
681,00,00000000,00000000,0,00000000,0000
682,00,00000000,00000000,0,00000000,0000
683,00,00000000,00000000,0,00000000,0000
684,00,00000000,00000000,0,00000000,0000
685,00,00000000,00000000,0,00000000,0000
686,00,00000000,00000000,0,00000000,0000
687,00,00000000,00000000,0,00000000,0000
688,00,00000000,00000000,0,00000000,0000
689,00,00000000,00000000,0,00000000,0000
690,00,00000000,00000000,0,00000000,0000
691,00,00000000,00000000,0,00000000,0000
692,00,00000000,00000000,0,00000000,0000
693,00,00000000,00000000,0,00000000,0000
694,00,00000000,00000000,0,00000000,0000
695,00,00000000,00000000,0,00000000,0000
696,00,00000000,00000000,0,00000000,0000
697,00,00000000,00000000,0,00000000,0000
698,00,00000000,00000000,0,00000000,0000
699,00,00000000,00000000,0,00000000,0000
700,00,00000000,00000000,0,00000000,0000
701,10,01010100,01010011,0,00000000,1001
702,00,00000000,00000000,0,00000000,0000
703,00,00000000,00000000,0,00000000,0000
704,00,00000000,00000000,0,00000000,0000
705,00,00000000,00000000,0,00000000,0000
706,00,00000000,00000000,0,00000000,0000
707,00,00000000,00000000,0,00000000,0000
708,00,00000000,00000000,0,00000000,0000
709,00,00000000,00000000,0,00000000,0000
710,00,00000000,00000000,0,00000000,0000
711,00,00000000,00000000,0,00000000,0000
712,00,00000000,00000000,0,00000000,0000
713,00,00000000,00000000,0,00000000,0000
714,00,00000000,00000000,0,00000000,0000
715,00,00000000,00000000,0,00000000,0000
716,10,10001111,10001110,1,00000100,0001
717,00,00000000,00000000,0,00000000,0000
718,00,00000000,00000000,0,00000000,0000
719,00,00000000,00000000,0,00000000,0000
720,10,10010001,10010000,1,00000100,0001
721,00,00000000,00000000,0,00000000,0000
722,00,00000000,00000000,0,00000000,0000
723,00,00000000,00000000,0,00000000,0000
724,10,10010011,10010010,1,00000100,0001
725,10,01110011,01110010,0,00000000,1001
726,00,00000000,00000000,0,00000000,0000
727,00,00000000,00000000,0,00000000,0000
728,10,10010101,10010100,1,00000100,0001
729,00,00000000,00000000,0,00000000,0000
730,00,00000000,00000000,0,00000000,0000
731,00,00000000,00000000,0,00000000,0000
732,10,10010111,10010110,1,00000100,0001
733,00,00000000,00000000,0,00000000,0000
734,00,00000000,00000000,0,00000000,0000
735,00,00000000,00000000,0,00000000,0000
736,10,10101011,10101010,1,00000100,0001
737,00,00000000,00000000,0,00000000,0000
738,00,00000000,00000000,0,00000000,0000
739,00,00000000,00000000,0,00000000,0000
740,10,10101101,10101100,1,00000100,0001
741,00,00000000,00000000,0,00000000,0000
742,00,00000000,00000000,0,00000000,0000
743,00,00000000,00000000,0,00000000,0000
744,10,10101111,10101110,1,00000100,0001
745,00,00000000,00000000,0,00000000,0000
746,00,00000000,00000000,0,00000000,0000
747,00,00000000,00000000,0,00000000,0000
748,10,10110001,10110000,1,00000100,0001
749,00,00000000,00000000,0,00000000,0000
750,00,00000000,00000000,0,00000000,0000
751,00,00000000,00000000,0,00000000,0000
752,10,10110011,10110010,1,00000100,0001
753,00,00000000,00000000,0,00000000,0000
754,00,00000000,00000000,0,00000000,0000
755,00,00000000,00000000,0,00000000,0000
756,10,10110101,10110100,1,00000100,0001
757,00,00000000,00000000,0,00000000,0000
758,00,00000000,00000000,0,00000000,0000
759,00,00000000,00000000,0,00000000,0000
760,10,11101001,11101000,1,00000100,0001
761,00,00000000,00000000,0,00000000,0000
762,00,00000000,00000000,0,00000000,0000
763,00,00000000,00000000,0,00000000,0000
764,00,00000000,00000000,0,00000000,0000
765,00,00000000,00000000,0,00000000,0000
766,00,00000000,00000000,0,00000000,0000
767,00,00000000,00000000,0,00000000,0000
768,00,00000000,00000000,0,00000000,0000
769,00,00000000,00000000,0,00000000,0000
770,00,00000000,00000000,0,00000000,0000
771,00,00000000,00000000,0,00000000,0000
772,00,00000000,00000000,0,00000000,0000
773,00,00000000,00000000,0,00000000,0000
774,00,00000000,00000000,0,00000000,0000
775,00,00000000,00000000,0,00000000,0000
776,00,00000000,00000000,0,00000000,0000
777,00,00000000,00000000,0,00000000,0000
778,00,00000000,00000000,0,00000000,0000
779,00,00000000,00000000,0,00000000,0000
780,00,00000000,00000000,0,00000000,0000
781,00,00000000,00000000,0,00000000,0000
782,00,00000000,00000000,0,00000000,0000
783,00,00000000,00000000,0,00000000,0000
784,00,00000000,00000000,0,00000000,0000
785,00,00000000,00000000,0,00000000,0000
786,00,00000000,00000000,0,00000000,0000
787,00,00000000,00000000,0,00000000,0000
788,00,00000000,00000000,0,00000000,0000
789,00,00000000,00000000,0,00000000,0000
790,00,00000000,00000000,0,00000000,0000
791,00,00000000,00000000,0,00000000,0000
792,00,00000000,00000000,0,00000000,0000
793,00,00000000,00000000,0,00000000,0000
794,00,00000000,00000000,0,00000000,0000
795,00,00000000,00000000,0,00000000,0000
796,00,00000000,00000000,0,00000000,0000
797,00,00000000,00000000,0,00000000,0000
798,00,00000000,00000000,0,00000000,0000
799,00,00000000,00000000,0,00000000,0000
800,00,00000000,00000000,0,00000000,0000
801,00,00000000,00000000,0,00000000,0000
802,00,00000000,00000000,0,00000000,0000
803,10,10010010,10010001,0,00000000,1001
804,10,10110111,10110110,1,00000100,0001
805,00,00000000,00000000,0,00000000,0000
806,00,00000000,00000000,0,00000000,0000
807,00,00000000,00000000,0,00000000,0000
808,10,11001001,11001000,1,00000100,0001
809,00,00000000,00000000,0,00000000,0000
810,00,00000000,00000000,0,00000000,0000
811,00,00000000,00000000,0,00000000,0000
812,10,11001011,11001010,1,00000100,0001
813,00,00000000,00000000,0,00000000,0000
814,00,00000000,00000000,0,00000000,0000
815,00,00000000,00000000,0,00000000,0000
816,10,11001101,11001100,1,00000100,0001
817,00,00000000,00000000,0,00000000,0000
818,00,00000000,00000000,0,00000000,0000
819,00,00000000,00000000,0,00000000,0000
820,10,11001111,11001110,1,00000100,0001
821,00,00000000,00000000,0,00000000,0000
822,00,00000000,00000000,0,00000000,0000
823,00,00000000,00000000,0,00000000,0000
824,10,11010001,11010000,1,00000100,0001
825,00,00000000,00000000,0,00000000,0000
826,00,00000000,00000000,0,00000000,0000
827,00,00000000,00000000,0,00000000,0000
828,10,11010011,11010010,1,00000100,0001
829,00,00000000,00000000,0,00000000,0000
830,00,00000000,00000000,0,00000000,0000
831,00,00000000,00000000,0,00000000,0000
832,10,11010101,11010100,1,00000100,0001
833,00,00000000,00000000,0,00000000,0000
834,00,00000000,00000000,0,00000000,0000
835,00,00000000,00000000,0,00000000,0000
836,10,11010111,11010110,1,00000100,0001
837,00,00000000,00000000,0,00000000,0000
838,00,00000000,00000000,0,00000000,0000
839,00,00000000,00000000,0,00000000,0000
840,10,11101011,11101010,1,00000100,0001
841,00,00000000,00000000,0,00000000,0000
842,00,00000000,00000000,0,00000000,0000
843,00,00000000,00000000,0,00000000,0000
844,10,11101101,11101100,1,00000100,0001
845,00,00000000,00000000,0,00000000,0000
846,00,00000000,00000000,0,00000000,0000
847,00,00000000,00000000,0,00000000,0000
848,10,11101111,11101110,1,00000100,0001
849,00,00000000,00000000,0,00000000,0000
850,00,00000000,00000000,0,00000000,0000
851,00,00000000,00000000,0,00000000,0000
852,10,11110001,11110000,1,00000100,0001
853,00,00000000,00000000,0,00000000,0000
854,00,00000000,00000000,0,00000000,0000
855,00,00000000,00000000,0,00000000,0000
856,10,11110011,11110010,1,00000100,0001
857,00,00000000,00000000,0,00000000,0000
858,00,00000000,00000000,0,00000000,0000
859,00,00000000,00000000,0,00000000,0000
860,00,00000000,00000000,0,00000000,0000
861,00,00000000,00000000,0,00000000,0000
862,00,00000000,00000000,0,00000000,0000
863,00,00000000,00000000,0,00000000,0000
864,00,00000000,00000000,0,00000000,0000
865,10,10110001,10110000,0,00000000,1001
866,00,00000000,00000000,0,00000000,0000
867,00,00000000,00000000,0,00000000,0000
868,00,00000000,00000000,0,00000000,0000
869,00,00000000,00000000,0,00000000,0000
870,00,00000000,00000000,0,00000000,0000
871,00,00000000,00000000,0,00000000,0000
872,00,00000000,00000000,0,00000000,0000
873,00,00000000,00000000,0,00000000,0000
874,00,00000000,00000000,0,00000000,0000
875,00,00000000,00000000,0,00000000,0000
876,00,00000000,00000000,0,00000000,0000
877,00,00000000,00000000,0,00000000,0000
878,00,00000000,00000000,0,00000000,0000
879,00,00000000,00000000,0,00000000,0000
880,00,00000000,00000000,0,00000000,0000
881,00,00000000,00000000,0,00000000,0000
882,00,00000000,00000000,0,00000000,0000
883,00,00000000,00000000,0,00000000,0000
884,00,00000000,00000000,0,00000000,0000
885,00,00000000,00000000,0,00000000,0000
886,00,00000000,00000000,0,00000000,0000
887,00,00000000,00000000,0,00000000,0000
888,00,00000000,00000000,0,00000000,0000
889,00,00000000,00000000,0,00000000,0000
890,00,00000000,00000000,0,00000000,0000
891,00,00000000,00000000,0,00000000,0000
892,00,00000000,00000000,0,00000000,0000
893,00,00000000,00000000,0,00000000,0000
894,00,00000000,00000000,0,00000000,0000
895,00,00000000,00000000,0,00000000,0000
896,00,00000000,00000000,0,00000000,0000
897,00,00000000,00000000,0,00000000,0000
898,00,00000000,00000000,0,00000000,0000
899,00,00000000,00000000,0,00000000,0000
900,00,00000000,00000000,0,00000000,0000
901,00,00000000,00000000,0,00000000,0000
902,10,11010000,11001111,0,00000000,1001
903,10,11110101,11110100,1,00000100,0001
904,00,00000000,00000000,0,00000000,0000
905,00,00000000,00000000,0,00000000,0000
906,00,00000000,00000000,0,00000000,0000
907,10,11110111,11110110,1,00000100,0001
908,00,00000000,00000000,0,00000000,0000
909,00,00000000,00000000,0,00000000,0000
910,00,00000000,00000000,0,00000000,0000
911,10,00001001,00001000,1,00000100,0001
912,00,00000000,00000000,0,00000000,0000
913,00,00000000,00000000,0,00000000,0000
914,00,00000000,00000000,0,00000000,0000
915,10,00001011,00001010,1,00000100,0001
916,00,00000000,00000000,0,00000000,0000
917,00,00000000,00000000,0,00000000,0000
918,00,00000000,00000000,0,00000000,0000
919,10,00001101,00001100,1,00000100,0001
920,00,00000000,00000000,0,00000000,0000
921,00,00000000,00000000,0,00000000,0000
922,00,00000000,00000000,0,00000000,0000
923,10,00001111,00001110,1,00000100,0001
924,00,00000000,00000000,0,00000000,0000
925,00,00000000,00000000,0,00000000,0000
926,00,00000000,00000000,0,00000000,0000
927,10,00010001,00010000,1,00000100,0001
928,00,00000000,00000000,0,00000000,0000
929,00,00000000,00000000,0,00000000,0000
930,00,00000000,00000000,0,00000000,0000
931,10,00010011,00010010,1,00000100,0001
932,00,00000000,00000000,0,00000000,0000
933,00,00000000,00000000,0,00000000,0000
934,00,00000000,00000000,0,00000000,0000
935,10,00010101,00010100,1,00000100,0001
936,00,00000000,00000000,0,00000000,0000
937,00,00000000,00000000,0,00000000,0000
938,00,00000000,00000000,0,00000000,0000
939,10,00010111,00010110,1,00000100,0001
940,00,00000000,00000000,0,00000000,0000
941,00,00000000,00000000,0,00000000,0000
942,00,00000000,00000000,0,00000000,0000
943,10,00101001,00101000,1,00000100,0001
944,00,00000000,00000000,0,00000000,0000
945,00,00000000,00000000,0,00000000,0000
946,00,00000000,00000000,0,00000000,0000
947,10,00101011,00101010,1,00000100,0001
948,00,00000000,00000000,0,00000000,0000
949,00,00000000,00000000,0,00000000,0000
950,00,00000000,00000000,0,00000000,0000
951,10,00101101,00101100,1,00000100,0001
952,00,00000000,00000000,0,00000000,0000
953,00,00000000,00000000,0,00000000,0000
954,00,00000000,00000000,0,00000000,0000
955,10,00101111,00101110,1,00000100,0001
956,00,00000000,00000000,0,00000000,0000
957,00,00000000,00000000,0,00000000,0000
958,00,00000000,00000000,0,00000000,0000
959,10,00110001,00110000,1,00000100,0001
960,00,00000000,00000000,0,00000000,0000
961,00,00000000,00000000,0,00000000,0000
962,00,00000000,00000000,0,00000000,0000
963,10,00110011,00110010,1,00000100,0001
964,00,00000000,00000000,0,00000000,0000
965,00,00000000,00000000,0,00000000,0000
966,00,00000000,00000000,0,00000000,0000
967,00,00000000,00000000,0,00000000,0000
968,10,11101111,11101110,0,00000000,1001
969,00,00000000,00000000,0,00000000,0000
970,00,00000000,00000000,0,00000000,0000
971,00,00000000,00000000,0,00000000,0000
972,00,00000000,00000000,0,00000000,0000
973,00,00000000,00000000,0,00000000,0000
974,00,00000000,00000000,0,00000000,0000
975,00,00000000,00000000,0,00000000,0000
976,00,00000000,00000000,0,00000000,0000
977,00,00000000,00000000,0,00000000,0000
978,00,00000000,00000000,0,00000000,0000
979,00,00000000,00000000,0,00000000,0000
980,00,00000000,00000000,0,00000000,0000
981,00,00000000,00000000,0,00000000,0000
982,00,00000000,00000000,0,00000000,0000
983,00,00000000,00000000,0,00000000,0000
984,00,00000000,00000000,0,00000000,0000
985,00,00000000,00000000,0,00000000,0000
986,00,00000000,00000000,0,00000000,0000
987,00,00000000,00000000,0,00000000,0000
988,00,00000000,00000000,0,00000000,0000
989,00,00000000,00000000,0,00000000,0000
990,00,00000000,00000000,0,00000000,0000
991,00,00000000,00000000,0,00000000,0000
992,00,00000000,00000000,0,00000000,0000
993,00,00000000,00000000,0,00000000,0000
994,00,00000000,00000000,0,00000000,0000
995,00,00000000,00000000,0,00000000,0000
996,00,00000000,00000000,0,00000000,0000
997,00,00000000,00000000,0,00000000,0000
998,00,00000000,00000000,0,00000000,0000
999,00,00000000,00000000,0,00000000,0000
1000,00,00000000,00000000,0,00000000,0000
1001,00,00000000,00000000,0,00000000,0000
1002,00,00000000,00000000,0,00000000,0000
1003,00,00000000,00000000,0,00000000,0000
1004,00,00000000,00000000,0,00000000,0000
1005,00,00000000,00000000,0,00000000,0000
1006,00,00000000,00000000,0,00000000,0000
1007,10,00001110,00001101,0,00000000,1001
1008,00,00000000,00000000,0,00000000,0000
1009,10,00110101,00110100,1,00000100,0001
1010,00,00000000,00000000,0,00000000,0000
1011,00,00000000,00000000,0,00000000,0000
1012,00,00000000,00000000,0,00000000,0000
1013,10,00110111,00110110,1,00000100,0001
1014,00,00000000,00000000,0,00000000,0000
1015,00,00000000,00000000,0,00000000,0000
1016,00,00000000,00000000,0,00000000,0000
1017,10,01001001,01001000,1,00000100,0001
1018,00,00000000,00000000,0,00000000,0000
1019,00,00000000,00000000,0,00000000,0000
1020,00,00000000,00000000,0,00000000,0000
1021,10,01001011,01001010,1,00000100,0001
1022,00,00000000,00000000,0,00000000,0000
1023,00,00000000,00000000,0,00000000,0000
1024,00,00000000,00000000,0,00000000,0000
1025,10,01001101,01001100,1,00000100,0001
1026,00,00000000,00000000,0,00000000,0000
1027,00,00000000,00000000,0,00000000,0000
1028,00,00000000,00000000,0,00000000,0000
1029,10,01001111,01001110,1,00000100,0001
1030,00,00000000,00000000,0,00000000,0000
1031,00,00000000,00000000,0,00000000,0000
1032,00,00000000,00000000,0,00000000,0000
1033,10,01010001,01010000,1,00000100,0001
1034,00,00000000,00000000,0,00000000,0000
1035,00,00000000,00000000,0,00000000,0000
1036,00,00000000,00000000,0,00000000,0000
1037,10,01010011,01010010,1,00000100,0001
1038,00,00000000,00000000,0,00000000,0000
1039,00,00000000,00000000,0,00000000,0000
1040,00,00000000,00000000,0,00000000,0000
1041,10,01010101,01010100,1,00000100,0001
1042,00,00000000,00000000,0,00000000,0000
1043,00,00000000,00000000,0,00000000,0000
1044,00,00000000,00000000,0,00000000,0000
1045,10,01010111,01010110,1,00000100,0001
1046,00,00000000,00000000,0,00000000,0000
1047,00,00000000,00000000,0,00000000,0000
1048,00,00000000,00000000,0,00000000,0000
1049,10,01101001,01101000,1,00000100,0001
1050,00,00000000,00000000,0,00000000,0000
1051,00,00000000,00000000,0,00000000,0000
1052,00,00000000,00000000,0,00000000,0000
1053,10,01101011,01101010,1,00000100,0001
1054,00,00000000,00000000,0,00000000,0000
1055,00,00000000,00000000,0,00000000,0000
1056,00,00000000,00000000,0,00000000,0000
1057,10,01101101,01101100,1,00000100,0001
1058,00,00000000,00000000,0,00000000,0000
1059,00,00000000,00000000,0,00000000,0000
1060,00,00000000,00000000,0,00000000,0000
1061,10,01101111,01101110,1,00000100,0001
1062,00,00000000,00000000,0,00000000,0000
1063,00,00000000,00000000,0,00000000,0000
1064,00,00000000,00000000,0,00000000,0000
1065,10,10101001,10101000,1,00000100,0001
1066,00,00000000,00000000,0,00000000,0000
1067,00,00000000,00000000,0,00000000,0000
1068,00,00000000,00000000,0,00000000,0000
1069,00,00000000,00000000,0,00000000,0000
1070,00,00000000,00000000,0,00000000,0000
1071,00,00000000,00000000,0,00000000,0000
1072,00,00000000,00000000,0,00000000,0000
1073,00,00000000,00000000,0,00000000,0000
1074,10,00101101,00101100,0,00000000,1001
1075,00,00000000,00000000,0,00000000,0000
1076,00,00000000,00000000,0,00000000,0000
1077,00,00000000,00000000,0,00000000,0000
1078,00,00000000,00000000,0,00000000,0000
1079,00,00000000,00000000,0,00000000,0000
1080,00,00000000,00000000,0,00000000,0000
1081,00,00000000,00000000,0,00000000,0000
1082,00,00000000,00000000,0,00000000,0000
1083,00,00000000,00000000,0,00000000,0000
1084,00,00000000,00000000,0,00000000,0000
1085,00,00000000,00000000,0,00000000,0000
1086,00,00000000,00000000,0,00000000,0000
1087,00,00000000,00000000,0,00000000,0000
1088,00,00000000,00000000,0,00000000,0000
1089,00,00000000,00000000,0,00000000,0000
1090,00,00000000,00000000,0,00000000,0000
1091,00,00000000,00000000,0,00000000,0000
1092,00,00000000,00000000,0,00000000,0000
1093,00,00000000,00000000,0,00000000,0000
1094,00,00000000,00000000,0,00000000,0000
1095,00,00000000,00000000,0,00000000,0000
1096,00,00000000,00000000,0,00000000,0000
1097,00,00000000,00000000,0,00000000,0000
1098,00,00000000,00000000,0,00000000,0000
1099,00,00000000,00000000,0,00000000,0000
1100,00,00000000,00000000,0,00000000,0000
1101,00,00000000,00000000,0,00000000,0000
1102,00,00000000,00000000,0,00000000,0000
1103,00,00000000,00000000,0,00000000,0000
1104,10,01110001,01110000,1,00000100,0001
1105,00,00000000,00000000,0,00000000,0000
1106,00,00000000,00000000,0,00000000,0000
1107,00,00000000,00000000,0,00000000,0000
1108,00,00000000,00000000,0,00000000,0000
1109,00,00000000,00000000,0,00000000,0000
1110,00,00000000,00000000,0,00000000,0000
1111,10,01001100,01001011,0,00000000,1001
1112,10,01110011,01110010,1,00000100,0001
1113,00,00000000,00000000,0,00000000,0000
1114,00,00000000,00000000,0,00000000,0000
1115,00,00000000,00000000,0,00000000,0000
1116,10,01110101,01110100,1,00000100,0001
1117,00,00000000,00000000,0,00000000,0000
1118,00,00000000,00000000,0,00000000,0000
1119,00,00000000,00000000,0,00000000,0000
1120,10,01110111,01110110,1,00000100,0001
1121,00,00000000,00000000,0,00000000,0000
1122,00,00000000,00000000,0,00000000,0000
1123,00,00000000,00000000,0,00000000,0000
1124,10,10001001,10001000,1,00000100,0001
1125,00,00000000,00000000,0,00000000,0000
1126,00,00000000,00000000,0,00000000,0000
1127,00,00000000,00000000,0,00000000,0000
1128,10,10001011,10001010,1,00000100,0001
1129,00,00000000,00000000,0,00000000,0000
1130,00,00000000,00000000,0,00000000,0000
1131,00,00000000,00000000,0,00000000,0000
1132,10,10001101,10001100,1,00000100,0001
1133,00,00000000,00000000,0,00000000,0000
1134,00,00000000,00000000,0,00000000,0000
1135,00,00000000,00000000,0,00000000,0000
1136,10,10001111,10001110,1,00000100,0001
1137,00,00000000,00000000,0,00000000,0000
1138,00,00000000,00000000,0,00000000,0000
1139,00,00000000,00000000,0,00000000,0000
1140,00,00000000,00000000,0,00000000,0000
1141,00,00000000,00000000,0,00000000,0000
1142,00,00000000,00000000,0,00000000,0000
1143,00,00000000,00000000,0,00000000,0000
1144,00,00000000,00000000,0,00000000,0000
1145,00,00000000,00000000,0,00000000,0000
1146,00,00000000,00000000,0,00000000,0000
1147,00,00000000,00000000,0,00000000,0000
1148,00,00000000,00000000,0,00000000,0000
1149,00,00000000,00000000,0,00000000,0000
1150,00,00000000,00000000,0,00000000,0000
1151,00,00000000,00000000,0,00000000,0000
1152,00,00000000,00000000,0,00000000,0000
1153,00,00000000,00000000,0,00000000,0000
1154,00,00000000,00000000,0,00000000,0000
1155,00,00000000,00000000,0,00000000,0000
1156,00,00000000,00000000,0,00000000,0000
1157,00,00000000,00000000,0,00000000,0000
1158,00,00000000,00000000,0,00000000,0000
1159,00,00000000,00000000,0,00000000,0000
1160,00,00000000,00000000,0,00000000,0000
1161,00,00000000,00000000,0,00000000,0000
1162,00,00000000,00000000,0,00000000,0000
1163,00,00000000,00000000,0,00000000,0000
1164,00,00000000,00000000,0,00000000,0000
1165,00,00000000,00000000,0,00000000,0000
1166,00,00000000,00000000,0,00000000,0000
1167,00,00000000,00000000,0,00000000,0000
1168,00,00000000,00000000,0,00000000,0000
1169,00,00000000,00000000,0,00000000,0000
1170,00,00000000,00000000,0,00000000,0000
1171,00,00000000,00000000,0,00000000,0000
1172,00,00000000,00000000,0,00000000,0000
1173,00,00000000,00000000,0,00000000,0000
1174,10,10101011,10101010,1,00000100,0001
1175,00,00000000,00000000,0,00000000,0000
1176,00,00000000,00000000,0,00000000,0000
1177,00,00000000,00000000,0,00000000,0000
1178,10,10010001,10010000,1,00000100,0001
1179,00,00000000,00000000,0,00000000,0000
1180,00,00000000,00000000,0,00000000,0000
1181,10,01101011,01101010,0,00000000,1001
1182,10,10010011,10010010,1,00000100,0001
1183,00,00000000,00000000,0,00000000,0000
1184,00,00000000,00000000,0,00000000,0000
1185,00,00000000,00000000,0,00000000,0000
1186,10,10010101,10010100,1,00000100,0001
1187,00,00000000,00000000,0,00000000,0000
1188,00,00000000,00000000,0,00000000,0000
1189,00,00000000,00000000,0,00000000,0000
1190,10,10010111,10010110,1,00000100,0001
1191,00,00000000,00000000,0,00000000,0000
1192,00,00000000,00000000,0,00000000,0000
1193,00,00000000,00000000,0,00000000,0000
1194,10,10101101,10101100,1,00000100,0001
1195,00,00000000,00000000,0,00000000,0000
1196,00,00000000,00000000,0,00000000,0000
1197,00,00000000,00000000,0,00000000,0000
1198,10,10101111,10101110,1,00000100,0001
1199,00,00000000,00000000,0,00000000,0000
1200,00,00000000,00000000,0,00000000,0000
1201,00,00000000,00000000,0,00000000,0000
1202,10,10110001,10110000,1,00000100,0001
1203,00,00000000,00000000,0,00000000,0000
1204,00,00000000,00000000,0,00000000,0000
1205,00,00000000,00000000,0,00000000,0000
1206,10,10110011,10110010,1,00000100,0001
1207,00,00000000,00000000,0,00000000,0000
1208,00,00000000,00000000,0,00000000,0000
1209,00,00000000,00000000,0,00000000,0000
1210,10,10110101,10110100,1,00000100,0001
1211,00,00000000,00000000,0,00000000,0000
1212,00,00000000,00000000,0,00000000,0000
1213,00,00000000,00000000,0,00000000,0000
1214,10,10110111,10110110,1,00000100,0001
1215,00,00000000,00000000,0,00000000,0000
1216,00,00000000,00000000,0,00000000,0000
1217,00,00000000,00000000,0,00000000,0000
1218,10,11001001,11001000,1,00000100,0001
1219,00,00000000,00000000,0,00000000,0000
1220,00,00000000,00000000,0,00000000,0000
1221,00,00000000,00000000,0,00000000,0000
1222,10,11001011,11001010,1,00000100,0001
1223,00,00000000,00000000,0,00000000,0000
1224,00,00000000,00000000,0,00000000,0000
1225,00,00000000,00000000,0,00000000,0000
1226,10,11001101,11001100,1,00000100,0001
1227,00,00000000,00000000,0,00000000,0000
1228,00,00000000,00000000,0,00000000,0000
1229,00,00000000,00000000,0,00000000,0000
1230,10,11101001,11101000,1,00000100,0001
1231,00,00000000,00000000,0,00000000,0000
1232,00,00000000,00000000,0,00000000,0000
1233,00,00000000,00000000,0,00000000,0000
1234,00,00000000,00000000,0,00000000,0000
1235,00,00000000,00000000,0,00000000,0000
1236,00,00000000,00000000,0,00000000,0000
1237,00,00000000,00000000,0,00000000,0000
1238,00,00000000,00000000,0,00000000,0000
1239,00,00000000,00000000,0,00000000,0000
1240,00,00000000,00000000,0,00000000,0000
1241,00,00000000,00000000,0,00000000,0000
1242,00,00000000,00000000,0,00000000,0000
1243,00,00000000,00000000,0,00000000,0000
1244,00,00000000,00000000,0,00000000,0000
1245,00,00000000,00000000,0,00000000,0000
1246,00,00000000,00000000,0,00000000,0000
1247,00,00000000,00000000,0,00000000,0000
1248,00,00000000,00000000,0,00000000,0000
1249,00,00000000,00000000,0,00000000,0000
1250,00,00000000,00000000,0,00000000,0000
1251,10,10001010,10001001,0,00000000,1001
1252,00,00000000,00000000,0,00000000,0000
1253,00,00000000,00000000,0,00000000,0000
1254,00,00000000,00000000,0,00000000,0000
1255,00,00000000,00000000,0,00000000,0000
1256,00,00000000,00000000,0,00000000,0000
1257,00,00000000,00000000,0,00000000,0000
1258,00,00000000,00000000,0,00000000,0000
1259,00,00000000,00000000,0,00000000,0000
1260,00,00000000,00000000,0,00000000,0000
1261,00,00000000,00000000,0,00000000,0000
1262,00,00000000,00000000,0,00000000,0000
1263,00,00000000,00000000,0,00000000,0000
1264,00,00000000,00000000,0,00000000,0000
1265,00,00000000,00000000,0,00000000,0000
1266,10,11001111,11001110,1,00000100,0001
1267,00,00000000,00000000,0,00000000,0000
1268,00,00000000,00000000,0,00000000,0000
1269,00,00000000,00000000,0,00000000,0000
1270,10,11010001,11010000,1,00000100,0001
1271,00,00000000,00000000,0,00000000,0000
1272,00,00000000,00000000,0,00000000,0000
1273,00,00000000,00000000,0,00000000,0000
1274,10,11010011,11010010,1,00000100,0001
1275,10,10101001,10101000,0,00000000,1001
1276,00,00000000,00000000,0,00000000,0000
1277,00,00000000,00000000,0,00000000,0000
1278,10,11010101,11010100,1,00000100,0001
1279,00,00000000,00000000,0,00000000,0000
1280,00,00000000,00000000,0,00000000,0000
1281,00,00000000,00000000,0,00000000,0000
1282,10,11010111,11010110,1,00000100,0001
1283,00,00000000,00000000,0,00000000,0000
1284,00,00000000,00000000,0,00000000,0000
1285,00,00000000,00000000,0,00000000,0000
1286,10,11101011,11101010,1,00000100,0001
1287,00,00000000,00000000,0,00000000,0000
1288,00,00000000,00000000,0,00000000,0000
1289,00,00000000,00000000,0,00000000,0000
1290,10,11101101,11101100,1,00000100,0001
1291,00,00000000,00000000,0,00000000,0000
1292,00,00000000,00000000,0,00000000,0000
1293,00,00000000,00000000,0,00000000,0000
1294,10,11101111,11101110,1,00000100,0001
1295,00,00000000,00000000,0,00000000,0000
1296,00,00000000,00000000,0,00000000,0000
1297,00,00000000,00000000,0,00000000,0000
1298,10,11110001,11110000,1,00000100,0001
1299,00,00000000,00000000,0,00000000,0000
1300,00,00000000,00000000,0,00000000,0000
1301,00,00000000,00000000,0,00000000,0000
1302,10,11110011,11110010,1,00000100,0001
1303,00,00000000,00000000,0,00000000,0000
1304,00,00000000,00000000,0,00000000,0000
1305,00,00000000,00000000,0,00000000,0000
1306,10,11110101,11110100,1,00000100,0001
1307,00,00000000,00000000,0,00000000,0000
1308,00,00000000,00000000,0,00000000,0000
1309,00,00000000,00000000,0,00000000,0000
1310,10,00101001,00101000,1,00000100,0001
1311,00,00000000,00000000,0,00000000,0000
1312,00,00000000,00000000,0,00000000,0000
1313,00,00000000,00000000,0,00000000,0000
1314,00,00000000,00000000,0,00000000,0000
1315,00,00000000,00000000,0,00000000,0000
1316,00,00000000,00000000,0,00000000,0000
1317,00,00000000,00000000,0,00000000,0000
1318,00,00000000,00000000,0,00000000,0000
1319,00,00000000,00000000,0,00000000,0000
1320,00,00000000,00000000,0,00000000,0000
1321,00,00000000,00000000,0,00000000,0000
1322,00,00000000,00000000,0,00000000,0000
1323,00,00000000,00000000,0,00000000,0000
1324,00,00000000,00000000,0,00000000,0000
1325,00,00000000,00000000,0,00000000,0000
1326,00,00000000,00000000,0,00000000,0000
1327,00,00000000,00000000,0,00000000,0000
1328,00,00000000,00000000,0,00000000,0000
1329,00,00000000,00000000,0,00000000,0000
1330,00,00000000,00000000,0,00000000,0000
1331,00,00000000,00000000,0,00000000,0000
1332,00,00000000,00000000,0,00000000,0000
1333,00,00000000,00000000,0,00000000,0000
1334,00,00000000,00000000,0,00000000,0000
1335,00,00000000,00000000,0,00000000,0000
1336,00,00000000,00000000,0,00000000,0000
1337,00,00000000,00000000,0,00000000,0000
1338,00,00000000,00000000,0,00000000,0000
1339,00,00000000,00000000,0,00000000,0000
1340,00,00000000,00000000,0,00000000,0000
1341,00,00000000,00000000,0,00000000,0000
1342,00,00000000,00000000,0,00000000,0000
1343,00,00000000,00000000,0,00000000,0000
1344,00,00000000,00000000,0,00000000,0000
1345,00,00000000,00000000,0,00000000,0000
1346,00,00000000,00000000,0,00000000,0000
1347,00,00000000,00000000,0,00000000,0000
1348,00,00000000,00000000,0,00000000,0000
1349,00,00000000,00000000,0,00000000,0000
1350,00,00000000,00000000,0,00000000,0000
1351,00,00000000,00000000,0,00000000,0000
1352,00,00000000,00000000,0,00000000,0000
1353,10,11001000,11000111,0,00000000,1001
1354,10,11110111,11110110,1,00000100,0001
1355,00,00000000,00000000,0,00000000,0000
1356,00,00000000,00000000,0,00000000,0000
1357,00,00000000,00000000,0,00000000,0000
1358,10,00001001,00001000,1,00000100,0001
1359,00,00000000,00000000,0,00000000,0000
1360,00,00000000,00000000,0,00000000,0000
1361,00,00000000,00000000,0,00000000,0000
1362,10,00001011,00001010,1,00000100,0001
1363,00,00000000,00000000,0,00000000,0000
1364,00,00000000,00000000,0,00000000,0000
1365,00,00000000,00000000,0,00000000,0000
1366,10,00001101,00001100,1,00000100,0001
1367,00,00000000,00000000,0,00000000,0000
1368,00,00000000,00000000,0,00000000,0000
1369,00,00000000,00000000,0,00000000,0000
1370,10,00001111,00001110,1,00000100,0001
1371,00,00000000,00000000,0,00000000,0000
1372,00,00000000,00000000,0,00000000,0000
1373,00,00000000,00000000,0,00000000,0000
1374,10,00010001,00010000,1,00000100,0001
1375,00,00000000,00000000,0,00000000,0000
1376,00,00000000,00000000,0,00000000,0000
1377,00,00000000,00000000,0,00000000,0000
1378,10,00010011,00010010,1,00000100,0001
1379,00,00000000,00000000,0,00000000,0000
1380,00,00000000,00000000,0,00000000,0000
1381,00,00000000,00000000,0,00000000,0000
1382,10,00010101,00010100,1,00000100,0001
1383,00,00000000,00000000,0,00000000,0000
1384,00,00000000,00000000,0,00000000,0000
1385,00,00000000,00000000,0,00000000,0000
1386,10,00010111,00010110,1,00000100,0001
1387,00,00000000,00000000,0,00000000,0000
1388,00,00000000,00000000,0,00000000,0000
1389,00,00000000,00000000,0,00000000,0000
1390,10,00101011,00101010,1,00000100,0001
1391,00,00000000,00000000,0,00000000,0000
1392,00,00000000,00000000,0,00000000,0000
1393,00,00000000,00000000,0,00000000,0000
1394,10,00101101,00101100,1,00000100,0001
1395,00,00000000,00000000,0,00000000,0000
1396,00,00000000,00000000,0,00000000,0000
1397,00,00000000,00000000,0,00000000,0000
1398,10,00101111,00101110,1,00000100,0001
1399,00,00000000,00000000,0,00000000,0000
1400,00,00000000,00000000,0,00000000,0000
1401,00,00000000,00000000,0,00000000,0000
1402,10,00110001,00110000,1,00000100,0001
1403,00,00000000,00000000,0,00000000,0000
1404,00,00000000,00000000,0,00000000,0000
1405,00,00000000,00000000,0,00000000,0000
1406,10,00110011,00110010,1,00000100,0001
1407,00,00000000,00000000,0,00000000,0000
1408,00,00000000,00000000,0,00000000,0000
1409,00,00000000,00000000,0,00000000,0000
1410,00,00000000,00000000,0,00000000,0000
1411,00,00000000,00000000,0,00000000,0000
1412,00,00000000,00000000,0,00000000,0000
1413,00,00000000,00000000,0,00000000,0000
1414,00,00000000,00000000,0,00000000,0000
1415,10,11100111,11100110,0,00000000,1001
1416,00,00000000,00000000,0,00000000,0000
1417,00,00000000,00000000,0,00000000,0000
1418,00,00000000,00000000,0,00000000,0000
1419,00,00000000,00000000,0,00000000,0000
1420,00,00000000,00000000,0,00000000,0000
1421,00,00000000,00000000,0,00000000,0000
1422,00,00000000,00000000,0,00000000,0000
1423,00,00000000,00000000,0,00000000,0000
1424,00,00000000,00000000,0,00000000,0000
1425,00,00000000,00000000,0,00000000,0000
1426,00,00000000,00000000,0,00000000,0000
1427,00,00000000,00000000,0,00000000,0000
1428,00,00000000,00000000,0,00000000,0000
1429,00,00000000,00000000,0,00000000,0000
1430,00,00000000,00000000,0,00000000,0000
1431,00,00000000,00000000,0,00000000,0000
1432,00,00000000,00000000,0,00000000,0000
1433,00,00000000,00000000,0,00000000,0000
1434,00,00000000,00000000,0,00000000,0000
1435,00,00000000,00000000,0,00000000,0000
1436,00,00000000,00000000,0,00000000,0000
1437,00,00000000,00000000,0,00000000,0000
1438,00,00000000,00000000,0,00000000,0000
1439,00,00000000,00000000,0,00000000,0000
1440,00,00000000,00000000,0,00000000,0000
1441,00,00000000,00000000,0,00000000,0000
1442,00,00000000,00000000,0,00000000,0000
1443,00,00000000,00000000,0,00000000,0000
1444,00,00000000,00000000,0,00000000,0000
1445,00,00000000,00000000,0,00000000,0000
1446,00,00000000,00000000,0,00000000,0000
1447,00,00000000,00000000,0,00000000,0000
1448,00,00000000,00000000,0,00000000,0000
1449,00,00000000,00000000,0,00000000,0000
1450,00,00000000,00000000,0,00000000,0000
1451,00,00000000,00000000,0,00000000,0000
1452,10,00000110,00000101,0,00000000,1001
1453,10,00110101,00110100,1,00000100,0001
1454,00,00000000,00000000,0,00000000,0000
1455,00,00000000,00000000,0,00000000,0000
1456,00,00000000,00000000,0,00000000,0000
1457,10,00110111,00110110,1,00000100,0001
1458,00,00000000,00000000,0,00000000,0000
1459,00,00000000,00000000,0,00000000,0000
1460,00,00000000,00000000,0,00000000,0000
1461,10,01001001,01001000,1,00000100,0001
1462,00,00000000,00000000,0,00000000,0000
1463,00,00000000,00000000,0,00000000,0000
1464,00,00000000,00000000,0,00000000,0000
1465,10,01001011,01001010,1,00000100,0001
1466,00,00000000,00000000,0,00000000,0000
1467,00,00000000,00000000,0,00000000,0000
1468,00,00000000,00000000,0,00000000,0000
1469,10,01001101,01001100,1,00000100,0001
1470,00,00000000,00000000,0,00000000,0000
1471,00,00000000,00000000,0,00000000,0000
1472,00,00000000,00000000,0,00000000,0000
1473,10,01001111,01001110,1,00000100,0001
1474,00,00000000,00000000,0,00000000,0000
1475,00,00000000,00000000,0,00000000,0000
1476,00,00000000,00000000,0,00000000,0000
1477,10,01010001,01010000,1,00000100,0001
1478,00,00000000,00000000,0,00000000,0000
1479,00,00000000,00000000,0,00000000,0000
1480,00,00000000,00000000,0,00000000,0000
1481,10,01010011,01010010,1,00000100,0001
1482,00,00000000,00000000,0,00000000,0000
1483,00,00000000,00000000,0,00000000,0000
1484,00,00000000,00000000,0,00000000,0000
1485,10,01010101,01010100,1,00000100,0001
1486,00,00000000,00000000,0,00000000,0000
1487,00,00000000,00000000,0,00000000,0000
1488,00,00000000,00000000,0,00000000,0000
1489,10,01010111,01010110,1,00000100,0001
1490,00,00000000,00000000,0,00000000,0000
1491,00,00000000,00000000,0,00000000,0000
1492,00,00000000,00000000,0,00000000,0000
1493,10,01101001,01101000,1,00000100,0001
1494,00,00000000,00000000,0,00000000,0000
1495,00,00000000,00000000,0,00000000,0000
1496,00,00000000,00000000,0,00000000,0000
1497,10,01101011,01101010,1,00000100,0001
1498,00,00000000,00000000,0,00000000,0000
1499,00,00000000,00000000,0,00000000,0000
1500,00,00000000,00000000,0,00000000,0000
1501,10,01101101,01101100,1,00000100,0001
1502,00,00000000,00000000,0,00000000,0000
1503,00,00000000,00000000,0,00000000,0000
1504,00,00000000,00000000,0,00000000,0000
1505,10,01101111,01101110,1,00000100,0001
1506,00,00000000,00000000,0,00000000,0000
1507,00,00000000,00000000,0,00000000,0000
1508,00,00000000,00000000,0,00000000,0000
1509,10,01110001,01110000,1,00000100,0001
1510,00,00000000,00000000,0,00000000,0000
1511,00,00000000,00000000,0,00000000,0000
1512,00,00000000,00000000,0,00000000,0000
1513,10,01110011,01110010,1,00000100,0001
1514,00,00000000,00000000,0,00000000,0000
1515,00,00000000,00000000,0,00000000,0000
1516,00,00000000,00000000,0,00000000,0000
1517,00,00000000,00000000,0,00000000,0000
1518,10,00100101,00100100,0,00000000,1001
1519,00,00000000,00000000,0,00000000,0000
1520,00,00000000,00000000,0,00000000,0000
1521,00,00000000,00000000,0,00000000,0000
1522,00,00000000,00000000,0,00000000,0000
1523,00,00000000,00000000,0,00000000,0000
1524,00,00000000,00000000,0,00000000,0000
1525,00,00000000,00000000,0,00000000,0000
1526,00,00000000,00000000,0,00000000,0000
1527,00,00000000,00000000,0,00000000,0000
1528,00,00000000,00000000,0,00000000,0000
1529,00,00000000,00000000,0,00000000,0000
1530,00,00000000,00000000,0,00000000,0000
1531,00,00000000,00000000,0,00000000,0000
1532,00,00000000,00000000,0,00000000,0000
1533,00,00000000,00000000,0,00000000,0000
1534,00,00000000,00000000,0,00000000,0000
1535,00,00000000,00000000,0,00000000,0000
1536,00,00000000,00000000,0,00000000,0000
1537,00,00000000,00000000,0,00000000,0000
1538,00,00000000,00000000,0,00000000,0000
1539,00,00000000,00000000,0,00000000,0000
1540,00,00000000,00000000,0,00000000,0000
1541,00,00000000,00000000,0,00000000,0000
1542,00,00000000,00000000,0,00000000,0000
1543,00,00000000,00000000,0,00000000,0000
1544,00,00000000,00000000,0,00000000,0000
1545,00,00000000,00000000,0,00000000,0000
1546,00,00000000,00000000,0,00000000,0000
1547,00,00000000,00000000,0,00000000,0000
1548,00,00000000,00000000,0,00000000,0000
1549,00,00000000,00000000,0,00000000,0000
1550,00,00000000,00000000,0,00000000,0000
1551,00,00000000,00000000,0,00000000,0000
1552,00,00000000,00000000,0,00000000,0000
1553,00,00000000,00000000,0,00000000,0000
1554,00,00000000,00000000,0,00000000,0000
1555,00,00000000,00000000,0,00000000,0000
1556,00,00000000,00000000,0,00000000,0000
1557,10,01000100,01000011,0,00000000,1001
1558,00,00000000,00000000,0,00000000,0000
1559,10,01110101,01110100,1,00000100,0001
1560,00,00000000,00000000,0,00000000,0000
1561,00,00000000,00000000,0,00000000,0000
1562,00,00000000,00000000,0,00000000,0000
1563,10,01110111,01110110,1,00000100,0001
1564,00,00000000,00000000,0,00000000,0000
1565,00,00000000,00000000,0,00000000,0000
1566,00,00000000,00000000,0,00000000,0000
1567,10,10001001,10001000,1,00000100,0001
1568,00,00000000,00000000,0,00000000,0000
1569,00,00000000,00000000,0,00000000,0000
1570,00,00000000,00000000,0,00000000,0000
1571,10,10001011,10001010,1,00000100,0001
1572,00,00000000,00000000,0,00000000,0000
1573,00,00000000,00000000,0,00000000,0000
1574,00,00000000,00000000,0,00000000,0000
1575,10,10001101,10001100,1,00000100,0001
1576,00,00000000,00000000,0,00000000,0000
1577,00,00000000,00000000,0,00000000,0000
1578,00,00000000,00000000,0,00000000,0000
1579,10,10001111,10001110,1,00000100,0001
1580,00,00000000,00000000,0,00000000,0000
1581,00,00000000,00000000,0,00000000,0000
1582,00,00000000,00000000,0,00000000,0000
1583,10,10010001,10010000,1,00000100,0001
1584,00,00000000,00000000,0,00000000,0000
1585,00,00000000,00000000,0,00000000,0000
1586,00,00000000,00000000,0,00000000,0000
1587,10,10010011,10010010,1,00000100,0001
1588,00,00000000,00000000,0,00000000,0000
1589,00,00000000,00000000,0,00000000,0000
1590,00,00000000,00000000,0,00000000,0000
1591,10,10010101,10010100,1,00000100,0001
1592,00,00000000,00000000,0,00000000,0000
1593,00,00000000,00000000,0,00000000,0000
1594,00,00000000,00000000,0,00000000,0000
1595,10,10010111,10010110,1,00000100,0001
1596,00,00000000,00000000,0,00000000,0000
1597,00,00000000,00000000,0,00000000,0000
1598,00,00000000,00000000,0,00000000,0000
1599,10,10101001,10101000,1,00000100,0001
1600,00,00000000,00000000,0,00000000,0000
1601,00,00000000,00000000,0,00000000,0000
1602,00,00000000,00000000,0,00000000,0000
1603,10,10101011,10101010,1,00000100,0001
1604,00,00000000,00000000,0,00000000,0000
1605,00,00000000,00000000,0,00000000,0000
1606,00,00000000,00000000,0,00000000,0000
1607,10,10101101,10101100,1,00000100,0001
1608,00,00000000,00000000,0,00000000,0000
1609,00,00000000,00000000,0,00000000,0000
1610,00,00000000,00000000,0,00000000,0000
1611,10,10101111,10101110,1,00000100,0001
1612,00,00000000,00000000,0,00000000,0000
1613,00,00000000,00000000,0,00000000,0000
1614,00,00000000,00000000,0,00000000,0000
1615,10,11101001,11101000,1,00000100,0001
1616,00,00000000,00000000,0,00000000,0000
1617,00,00000000,00000000,0,00000000,0000
1618,00,00000000,00000000,0,00000000,0000
1619,00,00000000,00000000,0,00000000,0000
1620,00,00000000,00000000,0,00000000,0000
1621,00,00000000,00000000,0,00000000,0000
1622,00,00000000,00000000,0,00000000,0000
1623,00,00000000,00000000,0,00000000,0000
1624,10,01100011,01100010,0,00000000,1001
1625,00,00000000,00000000,0,00000000,0000
1626,00,00000000,00000000,0,00000000,0000
1627,00,00000000,00000000,0,00000000,0000
1628,00,00000000,00000000,0,00000000,0000
1629,00,00000000,00000000,0,00000000,0000
1630,00,00000000,00000000,0,00000000,0000
1631,00,00000000,00000000,0,00000000,0000
1632,00,00000000,00000000,0,00000000,0000
1633,00,00000000,00000000,0,00000000,0000
1634,00,00000000,00000000,0,00000000,0000
1635,00,00000000,00000000,0,00000000,0000
1636,00,00000000,00000000,0,00000000,0000
1637,00,00000000,00000000,0,00000000,0000
1638,00,00000000,00000000,0,00000000,0000
1639,00,00000000,00000000,0,00000000,0000
1640,00,00000000,00000000,0,00000000,0000
1641,00,00000000,00000000,0,00000000,0000
1642,00,00000000,00000000,0,00000000,0000
1643,00,00000000,00000000,0,00000000,0000
1644,00,00000000,00000000,0,00000000,0000
1645,00,00000000,00000000,0,00000000,0000
1646,00,00000000,00000000,0,00000000,0000
1647,00,00000000,00000000,0,00000000,0000
1648,00,00000000,00000000,0,00000000,0000
1649,00,00000000,00000000,0,00000000,0000
1650,00,00000000,00000000,0,00000000,0000
1651,00,00000000,00000000,0,00000000,0000
1652,00,00000000,00000000,0,00000000,0000
1653,00,00000000,00000000,0,00000000,0000
1654,10,10110001,10110000,1,00000100,0001
1655,00,00000000,00000000,0,00000000,0000
1656,00,00000000,00000000,0,00000000,0000
1657,00,00000000,00000000,0,00000000,0000
1658,00,00000000,00000000,0,00000000,0000
1659,00,00000000,00000000,0,00000000,0000
1660,00,00000000,00000000,0,00000000,0000
1661,10,10000010,10000001,0,00000000,1001
1662,10,10110011,10110010,1,00000100,0001
1663,00,00000000,00000000,0,00000000,0000
1664,00,00000000,00000000,0,00000000,0000
1665,00,00000000,00000000,0,00000000,0000
1666,10,10110101,10110100,1,00000100,0001
1667,00,00000000,00000000,0,00000000,0000
1668,00,00000000,00000000,0,00000000,0000
1669,00,00000000,00000000,0,00000000,0000
1670,10,10110111,10110110,1,00000100,0001
1671,00,00000000,00000000,0,00000000,0000
1672,00,00000000,00000000,0,00000000,0000
1673,00,00000000,00000000,0,00000000,0000
1674,10,11001001,11001000,1,00000100,0001
1675,00,00000000,00000000,0,00000000,0000
1676,00,00000000,00000000,0,00000000,0000
1677,00,00000000,00000000,0,00000000,0000
1678,10,11001011,11001010,1,00000100,0001
1679,00,00000000,00000000,0,00000000,0000
1680,00,00000000,00000000,0,00000000,0000
1681,00,00000000,00000000,0,00000000,0000
1682,10,11001101,11001100,1,00000100,0001
1683,00,00000000,00000000,0,00000000,0000
1684,00,00000000,00000000,0,00000000,0000
1685,00,00000000,00000000,0,00000000,0000
1686,10,11001111,11001110,1,00000100,0001
1687,00,00000000,00000000,0,00000000,0000
1688,00,00000000,00000000,0,00000000,0000
1689,00,00000000,00000000,0,00000000,0000
1690,00,00000000,00000000,0,00000000,0000
1691,00,00000000,00000000,0,00000000,0000
1692,00,00000000,00000000,0,00000000,0000
1693,00,00000000,00000000,0,00000000,0000
1694,00,00000000,00000000,0,00000000,0000
1695,00,00000000,00000000,0,00000000,0000
1696,00,00000000,00000000,0,00000000,0000
1697,00,00000000,00000000,0,00000000,0000
1698,00,00000000,00000000,0,00000000,0000
1699,00,00000000,00000000,0,00000000,0000
1700,00,00000000,00000000,0,00000000,0000
1701,00,00000000,00000000,0,00000000,0000
1702,00,00000000,00000000,0,00000000,0000
1703,00,00000000,00000000,0,00000000,0000
1704,00,00000000,00000000,0,00000000,0000
1705,00,00000000,00000000,0,00000000,0000
1706,00,00000000,00000000,0,00000000,0000
1707,00,00000000,00000000,0,00000000,0000
1708,00,00000000,00000000,0,00000000,0000
1709,00,00000000,00000000,0,00000000,0000
1710,00,00000000,00000000,0,00000000,0000
1711,00,00000000,00000000,0,00000000,0000
1712,00,00000000,00000000,0,00000000,0000
1713,00,00000000,00000000,0,00000000,0000
1714,00,00000000,00000000,0,00000000,0000
1715,00,00000000,00000000,0,00000000,0000
1716,00,00000000,00000000,0,00000000,0000
1717,00,00000000,00000000,0,00000000,0000
1718,00,00000000,00000000,0,00000000,0000
1719,00,00000000,00000000,0,00000000,0000
1720,00,00000000,00000000,0,00000000,0000
1721,00,00000000,00000000,0,00000000,0000
1722,00,00000000,00000000,0,00000000,0000
1723,00,00000000,00000000,0,00000000,0000
1724,10,11101011,11101010,1,00000100,0001
1725,00,00000000,00000000,0,00000000,0000
1726,00,00000000,00000000,0,00000000,0000
1727,00,00000000,00000000,0,00000000,0000
1728,10,11010001,11010000,1,00000100,0001
1729,00,00000000,00000000,0,00000000,0000
1730,00,00000000,00000000,0,00000000,0000
1731,10,10100001,10100000,0,00000000,1001
1732,10,11010011,11010010,1,00000100,0001
1733,00,00000000,00000000,0,00000000,0000
1734,00,00000000,00000000,0,00000000,0000
1735,00,00000000,00000000,0,00000000,0000
1736,10,11010101,11010100,1,00000100,0001
1737,00,00000000,00000000,0,00000000,0000
1738,00,00000000,00000000,0,00000000,0000
1739,00,00000000,00000000,0,00000000,0000
1740,10,11010111,11010110,1,00000100,0001
1741,00,00000000,00000000,0,00000000,0000
1742,00,00000000,00000000,0,00000000,0000
1743,00,00000000,00000000,0,00000000,0000
1744,10,11101101,11101100,1,00000100,0001
1745,00,00000000,00000000,0,00000000,0000
1746,00,00000000,00000000,0,00000000,0000
1747,00,00000000,00000000,0,00000000,0000
1748,10,11101111,11101110,1,00000100,0001
1749,00,00000000,00000000,0,00000000,0000
1750,00,00000000,00000000,0,00000000,0000
1751,00,00000000,00000000,0,00000000,0000
1752,10,11110001,11110000,1,00000100,0001
1753,00,00000000,00000000,0,00000000,0000
1754,00,00000000,00000000,0,00000000,0000
1755,00,00000000,00000000,0,00000000,0000
1756,10,11110011,11110010,1,00000100,0001
1757,00,00000000,00000000,0,00000000,0000
1758,00,00000000,00000000,0,00000000,0000
1759,00,00000000,00000000,0,00000000,0000
1760,10,11110101,11110100,1,00000100,0001
1761,00,00000000,00000000,0,00000000,0000
1762,00,00000000,00000000,0,00000000,0000
1763,00,00000000,00000000,0,00000000,0000
1764,10,11110111,11110110,1,00000100,0001
1765,00,00000000,00000000,0,00000000,0000
1766,00,00000000,00000000,0,00000000,0000
1767,00,00000000,00000000,0,00000000,0000
1768,10,00001001,00001000,1,00000100,0001
1769,00,00000000,00000000,0,00000000,0000
1770,00,00000000,00000000,0,00000000,0000
1771,00,00000000,00000000,0,00000000,0000
1772,10,00001011,00001010,1,00000100,0001
1773,00,00000000,00000000,0,00000000,0000
1774,00,00000000,00000000,0,00000000,0000
1775,00,00000000,00000000,0,00000000,0000
1776,10,00001101,00001100,1,00000100,0001
1777,00,00000000,00000000,0,00000000,0000
1778,00,00000000,00000000,0,00000000,0000
1779,00,00000000,00000000,0,00000000,0000
1780,10,00101001,00101000,1,00000100,0001
1781,00,00000000,00000000,0,00000000,0000
1782,00,00000000,00000000,0,00000000,0000
1783,00,00000000,00000000,0,00000000,0000
1784,00,00000000,00000000,0,00000000,0000
1785,00,00000000,00000000,0,00000000,0000
1786,00,00000000,00000000,0,00000000,0000
1787,00,00000000,00000000,0,00000000,0000
1788,00,00000000,00000000,0,00000000,0000
1789,00,00000000,00000000,0,00000000,0000
1790,00,00000000,00000000,0,00000000,0000
1791,00,00000000,00000000,0,00000000,0000
1792,00,00000000,00000000,0,00000000,0000
1793,00,00000000,00000000,0,00000000,0000
1794,00,00000000,00000000,0,00000000,0000
1795,00,00000000,00000000,0,00000000,0000
1796,00,00000000,00000000,0,00000000,0000
1797,00,00000000,00000000,0,00000000,0000
1798,00,00000000,00000000,0,00000000,0000
1799,00,00000000,00000000,0,00000000,0000
1800,00,00000000,00000000,0,00000000,0000
1801,10,11000000,10111111,0,00000000,1001
1802,00,00000000,00000000,0,00000000,0000
1803,00,00000000,00000000,0,00000000,0000
1804,00,00000000,00000000,0,00000000,0000
1805,00,00000000,00000000,0,00000000,0000
1806,00,00000000,00000000,0,00000000,0000
1807,00,00000000,00000000,0,00000000,0000
1808,00,00000000,00000000,0,00000000,0000
1809,00,00000000,00000000,0,00000000,0000
1810,00,00000000,00000000,0,00000000,0000
1811,00,00000000,00000000,0,00000000,0000
1812,00,00000000,00000000,0,00000000,0000
1813,00,00000000,00000000,0,00000000,0000
1814,00,00000000,00000000,0,00000000,0000
1815,00,00000000,00000000,0,00000000,0000
1816,10,00001111,00001110,1,00000100,0001
1817,00,00000000,00000000,0,00000000,0000
1818,00,00000000,00000000,0,00000000,0000
1819,00,00000000,00000000,0,00000000,0000
1820,10,00010001,00010000,1,00000100,0001
1821,00,00000000,00000000,0,00000000,0000
1822,00,00000000,00000000,0,00000000,0000
1823,00,00000000,00000000,0,00000000,0000
1824,10,00010011,00010010,1,00000100,0001
1825,10,11011111,11011110,0,00000000,1001
1826,00,00000000,00000000,0,00000000,0000
1827,00,00000000,00000000,0,00000000,0000
1828,10,00010101,00010100,1,00000100,0001
1829,00,00000000,00000000,0,00000000,0000
1830,00,00000000,00000000,0,00000000,0000
1831,00,00000000,00000000,0,00000000,0000
1832,10,00010111,00010110,1,00000100,0001
1833,00,00000000,00000000,0,00000000,0000
1834,00,00000000,00000000,0,00000000,0000
1835,00,00000000,00000000,0,00000000,0000
1836,10,00101011,00101010,1,00000100,0001
1837,00,00000000,00000000,0,00000000,0000
1838,00,00000000,00000000,0,00000000,0000
1839,00,00000000,00000000,0,00000000,0000
1840,10,00101101,00101100,1,00000100,0001
1841,00,00000000,00000000,0,00000000,0000
1842,00,00000000,00000000,0,00000000,0000
1843,00,00000000,00000000,0,00000000,0000
1844,10,00101111,00101110,1,00000100,0001
1845,00,00000000,00000000,0,00000000,0000
1846,00,00000000,00000000,0,00000000,0000
1847,00,00000000,00000000,0,00000000,0000
1848,10,00110001,00110000,1,00000100,0001
1849,00,00000000,00000000,0,00000000,0000
1850,00,00000000,00000000,0,00000000,0000
1851,00,00000000,00000000,0,00000000,0000
1852,10,00110011,00110010,1,00000100,0001
1853,00,00000000,00000000,0,00000000,0000
1854,00,00000000,00000000,0,00000000,0000
1855,00,00000000,00000000,0,00000000,0000
1856,10,00110101,00110100,1,00000100,0001
1857,00,00000000,00000000,0,00000000,0000
1858,00,00000000,00000000,0,00000000,0000
1859,00,00000000,00000000,0,00000000,0000
1860,10,01101001,01101000,1,00000100,0001
1861,00,00000000,00000000,0,00000000,0000
1862,00,00000000,00000000,0,00000000,0000
1863,00,00000000,00000000,0,00000000,0000
1864,00,00000000,00000000,0,00000000,0000
1865,00,00000000,00000000,0,00000000,0000
1866,00,00000000,00000000,0,00000000,0000
1867,00,00000000,00000000,0,00000000,0000
1868,00,00000000,00000000,0,00000000,0000
1869,00,00000000,00000000,0,00000000,0000
1870,00,00000000,00000000,0,00000000,0000
1871,00,00000000,00000000,0,00000000,0000
1872,00,00000000,00000000,0,00000000,0000
1873,00,00000000,00000000,0,00000000,0000
1874,00,00000000,00000000,0,00000000,0000
1875,00,00000000,00000000,0,00000000,0000
1876,00,00000000,00000000,0,00000000,0000
1877,00,00000000,00000000,0,00000000,0000
1878,00,00000000,00000000,0,00000000,0000
1879,00,00000000,00000000,0,00000000,0000
1880,00,00000000,00000000,0,00000000,0000
1881,00,00000000,00000000,0,00000000,0000
1882,00,00000000,00000000,0,00000000,0000
1883,00,00000000,00000000,0,00000000,0000
1884,00,00000000,00000000,0,00000000,0000
1885,00,00000000,00000000,0,00000000,0000
1886,00,00000000,00000000,0,00000000,0000
1887,00,00000000,00000000,0,00000000,0000
1888,00,00000000,00000000,0,00000000,0000
1889,00,00000000,00000000,0,00000000,0000
1890,00,00000000,00000000,0,00000000,0000
1891,00,00000000,00000000,0,00000000,0000
1892,00,00000000,00000000,0,00000000,0000
1893,00,00000000,00000000,0,00000000,0000
1894,00,00000000,00000000,0,00000000,0000
1895,00,00000000,00000000,0,00000000,0000
1896,00,00000000,00000000,0,00000000,0000
1897,00,00000000,00000000,0,00000000,0000
1898,00,00000000,00000000,0,00000000,0000
1899,00,00000000,00000000,0,00000000,0000
1900,00,00000000,00000000,0,00000000,0000
1901,00,00000000,00000000,0,00000000,0000
1902,00,00000000,00000000,0,00000000,0000
1903,10,11111110,11111101,0,00000000,1001
1904,10,00110111,00110110,1,00000100,0001
1905,00,00000000,00000000,0,00000000,0000
1906,00,00000000,00000000,0,00000000,0000
1907,00,00000000,00000000,0,00000000,0000
1908,10,01001001,01001000,1,00000100,0001
1909,00,00000000,00000000,0,00000000,0000
1910,00,00000000,00000000,0,00000000,0000
1911,00,00000000,00000000,0,00000000,0000
1912,10,01001011,01001010,1,00000100,0001
1913,00,00000000,00000000,0,00000000,0000
1914,00,00000000,00000000,0,00000000,0000
1915,00,00000000,00000000,0,00000000,0000
1916,10,01001101,01001100,1,00000100,0001
1917,00,00000000,00000000,0,00000000,0000
1918,00,00000000,00000000,0,00000000,0000
1919,00,00000000,00000000,0,00000000,0000
1920,10,01001111,01001110,1,00000100,0001
1921,00,00000000,00000000,0,00000000,0000
1922,00,00000000,00000000,0,00000000,0000
1923,00,00000000,00000000,0,00000000,0000
1924,10,01010001,01010000,1,00000100,0001
1925,00,00000000,00000000,0,00000000,0000
1926,00,00000000,00000000,0,00000000,0000
1927,00,00000000,00000000,0,00000000,0000
1928,10,01010011,01010010,1,00000100,0001
1929,00,00000000,00000000,0,00000000,0000
1930,00,00000000,00000000,0,00000000,0000
1931,00,00000000,00000000,0,00000000,0000
1932,10,01010101,01010100,1,00000100,0001
1933,00,00000000,00000000,0,00000000,0000
1934,00,00000000,00000000,0,00000000,0000
1935,00,00000000,00000000,0,00000000,0000
1936,10,01010111,01010110,1,00000100,0001
1937,00,00000000,00000000,0,00000000,0000
1938,00,00000000,00000000,0,00000000,0000
1939,00,00000000,00000000,0,00000000,0000
1940,10,01101011,01101010,1,00000100,0001
1941,00,00000000,00000000,0,00000000,0000
1942,00,00000000,00000000,0,00000000,0000
1943,00,00000000,00000000,0,00000000,0000
1944,10,01101101,01101100,1,00000100,0001
1945,00,00000000,00000000,0,00000000,0000
1946,00,00000000,00000000,0,00000000,0000
1947,00,00000000,00000000,0,00000000,0000
1948,10,01101111,01101110,1,00000100,0001
1949,00,00000000,00000000,0,00000000,0000
1950,00,00000000,00000000,0,00000000,0000
1951,00,00000000,00000000,0,00000000,0000
1952,10,01110001,01110000,1,00000100,0001
1953,00,00000000,00000000,0,00000000,0000
1954,00,00000000,00000000,0,00000000,0000
1955,00,00000000,00000000,0,00000000,0000
1956,10,01110011,01110010,1,00000100,0001
1957,00,00000000,00000000,0,00000000,0000
1958,00,00000000,00000000,0,00000000,0000
1959,00,00000000,00000000,0,00000000,0000
1960,00,00000000,00000000,0,00000000,0000
1961,00,00000000,00000000,0,00000000,0000
1962,00,00000000,00000000,0,00000000,0000
1963,00,00000000,00000000,0,00000000,0000
1964,00,00000000,00000000,0,00000000,0000
1965,10,00011101,00011100,0,00000000,1001
1966,00,00000000,00000000,0,00000000,0000
1967,00,00000000,00000000,0,00000000,0000
1968,00,00000000,00000000,0,00000000,0000
1969,00,00000000,00000000,0,00000000,0000
1970,00,00000000,00000000,0,00000000,0000
1971,00,00000000,00000000,0,00000000,0000
1972,00,00000000,00000000,0,00000000,0000
1973,00,00000000,00000000,0,00000000,0000
1974,00,00000000,00000000,0,00000000,0000
1975,00,00000000,00000000,0,00000000,0000
1976,00,00000000,00000000,0,00000000,0000
1977,00,00000000,00000000,0,00000000,0000
1978,00,00000000,00000000,0,00000000,0000
1979,00,00000000,00000000,0,00000000,0000
1980,00,00000000,00000000,0,00000000,0000
1981,00,00000000,00000000,0,00000000,0000
1982,00,00000000,00000000,0,00000000,0000
1983,00,00000000,00000000,0,00000000,0000
1984,00,00000000,00000000,0,00000000,0000
1985,00,00000000,00000000,0,00000000,0000
1986,00,00000000,00000000,0,00000000,0000
1987,00,00000000,00000000,0,00000000,0000
1988,00,00000000,00000000,0,00000000,0000
1989,00,00000000,00000000,0,00000000,0000
1990,00,00000000,00000000,0,00000000,0000
1991,00,00000000,00000000,0,00000000,0000
1992,00,00000000,00000000,0,00000000,0000
1993,00,00000000,00000000,0,00000000,0000
1994,00,00000000,00000000,0,00000000,0000
1995,00,00000000,00000000,0,00000000,0000
1996,00,00000000,00000000,0,00000000,0000
1997,00,00000000,00000000,0,00000000,0000
1998,00,00000000,00000000,0,00000000,0000
1999,00,00000000,00000000,0,00000000,0000
2000,00,00000000,00000000,0,00000000,0000
2001,00,00000000,00000000,0,00000000,0000
2002,10,00111100,00111011,0,00000000,1001
2003,10,01110101,01110100,1,00000100,0001
2004,00,00000000,00000000,0,00000000,0000
2005,00,00000000,00000000,0,00000000,0000
2006,00,00000000,00000000,0,00000000,0000
2007,10,01110111,01110110,1,00000100,0001
2008,00,00000000,00000000,0,00000000,0000
2009,00,00000000,00000000,0,00000000,0000
2010,00,00000000,00000000,0,00000000,0000
2011,10,10001001,10001000,1,00000100,0001
2012,00,00000000,00000000,0,00000000,0000
2013,00,00000000,00000000,0,00000000,0000
2014,00,00000000,00000000,0,00000000,0000
2015,10,10001011,10001010,1,00000100,0001
2016,00,00000000,00000000,0,00000000,0000
2017,00,00000000,00000000,0,00000000,0000
2018,00,00000000,00000000,0,00000000,0000
2019,10,10001101,10001100,1,00000100,0001
2020,00,00000000,00000000,0,00000000,0000
2021,00,00000000,00000000,0,00000000,0000
2022,00,00000000,00000000,0,00000000,0000
2023,10,10001111,10001110,1,00000100,0001
2024,00,00000000,00000000,0,00000000,0000
2025,00,00000000,00000000,0,00000000,0000
2026,00,00000000,00000000,0,00000000,0000
2027,10,10010001,10010000,1,00000100,0001
2028,00,00000000,00000000,0,00000000,0000
2029,00,00000000,00000000,0,00000000,0000
2030,00,00000000,00000000,0,00000000,0000
2031,10,10010011,10010010,1,00000100,0001
2032,00,00000000,00000000,0,00000000,0000
2033,00,00000000,00000000,0,00000000,0000
2034,00,00000000,00000000,0,00000000,0000
2035,10,10010101,10010100,1,00000100,0001
2036,00,00000000,00000000,0,00000000,0000
2037,00,00000000,00000000,0,00000000,0000
2038,00,00000000,00000000,0,00000000,0000
2039,10,10010111,10010110,1,00000100,0001
2040,00,00000000,00000000,0,00000000,0000
2041,00,00000000,00000000,0,00000000,0000
2042,00,00000000,00000000,0,00000000,0000
2043,10,10101001,10101000,1,00000100,0001
2044,00,00000000,00000000,0,00000000,0000
2045,00,00000000,00000000,0,00000000,0000
2046,00,00000000,00000000,0,00000000,0000
2047,10,10101011,10101010,1,00000100,0001
2048,00,00000000,00000000,0,00000000,0000
2049,00,00000000,00000000,0,00000000,0000
2050,00,00000000,00000000,0,00000000,0000
2051,10,10101101,10101100,1,00000100,0001
2052,00,00000000,00000000,0,00000000,0000
2053,00,00000000,00000000,0,00000000,0000
2054,00,00000000,00000000,0,00000000,0000
2055,10,10101111,10101110,1,00000100,0001
2056,00,00000000,00000000,0,00000000,0000
2057,00,00000000,00000000,0,00000000,0000
2058,00,00000000,00000000,0,00000000,0000
2059,10,10110001,10110000,1,00000100,0001
2060,00,00000000,00000000,0,00000000,0000
2061,00,00000000,00000000,0,00000000,0000
2062,00,00000000,00000000,0,00000000,0000
2063,10,10110011,10110010,1,00000100,0001
2064,00,00000000,00000000,0,00000000,0000
2065,00,00000000,00000000,0,00000000,0000
2066,00,00000000,00000000,0,00000000,0000
2067,00,00000000,00000000,0,00000000,0000
2068,10,01011011,01011010,0,00000000,1001
2069,00,00000000,00000000,0,00000000,0000
2070,00,00000000,00000000,0,00000000,0000
2071,00,00000000,00000000,0,00000000,0000
2072,00,00000000,00000000,0,00000000,0000
2073,00,00000000,00000000,0,00000000,0000
2074,00,00000000,00000000,0,00000000,0000
2075,00,00000000,00000000,0,00000000,0000
2076,00,00000000,00000000,0,00000000,0000
2077,00,00000000,00000000,0,00000000,0000
2078,00,00000000,00000000,0,00000000,0000
2079,00,00000000,00000000,0,00000000,0000
2080,00,00000000,00000000,0,00000000,0000
2081,00,00000000,00000000,0,00000000,0000
2082,00,00000000,00000000,0,00000000,0000
2083,00,00000000,00000000,0,00000000,0000
2084,00,00000000,00000000,0,00000000,0000
2085,00,00000000,00000000,0,00000000,0000
2086,00,00000000,00000000,0,00000000,0000
2087,00,00000000,00000000,0,00000000,0000
2088,00,00000000,00000000,0,00000000,0000
2089,00,00000000,00000000,0,00000000,0000
2090,00,00000000,00000000,0,00000000,0000
2091,00,00000000,00000000,0,00000000,0000
2092,00,00000000,00000000,0,00000000,0000
2093,00,00000000,00000000,0,00000000,0000
2094,00,00000000,00000000,0,00000000,0000
2095,00,00000000,00000000,0,00000000,0000
2096,00,00000000,00000000,0,00000000,0000
2097,00,00000000,00000000,0,00000000,0000
2098,00,00000000,00000000,0,00000000,0000
2099,00,00000000,00000000,0,00000000,0000
2100,00,00000000,00000000,0,00000000,0000
2101,00,00000000,00000000,0,00000000,0000
2102,00,00000000,00000000,0,00000000,0000
2103,00,00000000,00000000,0,00000000,0000
2104,00,00000000,00000000,0,00000000,0000
2105,00,00000000,00000000,0,00000000,0000
2106,00,00000000,00000000,0,00000000,0000
2107,10,01111010,01111001,0,00000000,1001
2108,00,00000000,00000000,0,00000000,0000
2109,10,10110101,10110100,1,00000100,0001
2110,00,00000000,00000000,0,00000000,0000
2111,00,00000000,00000000,0,00000000,0000
2112,00,00000000,00000000,0,00000000,0000
2113,10,10110111,10110110,1,00000100,0001
2114,00,00000000,00000000,0,00000000,0000
2115,00,00000000,00000000,0,00000000,0000
2116,00,00000000,00000000,0,00000000,0000
2117,10,11001001,11001000,1,00000100,0001
2118,00,00000000,00000000,0,00000000,0000
2119,00,00000000,00000000,0,00000000,0000
2120,00,00000000,00000000,0,00000000,0000
2121,10,11001011,11001010,1,00000100,0001
2122,00,00000000,00000000,0,00000000,0000
2123,00,00000000,00000000,0,00000000,0000
2124,00,00000000,00000000,0,00000000,0000
2125,10,11001101,11001100,1,00000100,0001
2126,00,00000000,00000000,0,00000000,0000
2127,00,00000000,00000000,0,00000000,0000
2128,00,00000000,00000000,0,00000000,0000
2129,10,11001111,11001110,1,00000100,0001
2130,00,00000000,00000000,0,00000000,0000
2131,00,00000000,00000000,0,00000000,0000
2132,00,00000000,00000000,0,00000000,0000
2133,10,11010001,11010000,1,00000100,0001
2134,00,00000000,00000000,0,00000000,0000
2135,00,00000000,00000000,0,00000000,0000
2136,00,00000000,00000000,0,00000000,0000
2137,10,11010011,11010010,1,00000100,0001
2138,00,00000000,00000000,0,00000000,0000
2139,00,00000000,00000000,0,00000000,0000
2140,00,00000000,00000000,0,00000000,0000
2141,10,11010101,11010100,1,00000100,0001
2142,00,00000000,00000000,0,00000000,0000
2143,00,00000000,00000000,0,00000000,0000
2144,00,00000000,00000000,0,00000000,0000
2145,10,11010111,11010110,1,00000100,0001
2146,00,00000000,00000000,0,00000000,0000
2147,00,00000000,00000000,0,00000000,0000
2148,00,00000000,00000000,0,00000000,0000
2149,10,11101001,11101000,1,00000100,0001
2150,00,00000000,00000000,0,00000000,0000
2151,00,00000000,00000000,0,00000000,0000
2152,00,00000000,00000000,0,00000000,0000
2153,10,11101011,11101010,1,00000100,0001
2154,00,00000000,00000000,0,00000000,0000
2155,00,00000000,00000000,0,00000000,0000
2156,00,00000000,00000000,0,00000000,0000
2157,10,11101101,11101100,1,00000100,0001
2158,00,00000000,00000000,0,00000000,0000
2159,00,00000000,00000000,0,00000000,0000
2160,00,00000000,00000000,0,00000000,0000
2161,10,11101111,11101110,1,00000100,0001
2162,00,00000000,00000000,0,00000000,0000
2163,00,00000000,00000000,0,00000000,0000
2164,00,00000000,00000000,0,00000000,0000
2165,10,00101001,00101000,1,00000100,0001
2166,00,00000000,00000000,0,00000000,0000
2167,00,00000000,00000000,0,00000000,0000
2168,00,00000000,00000000,0,00000000,0000
2169,00,00000000,00000000,0,00000000,0000
2170,00,00000000,00000000,0,00000000,0000
2171,00,00000000,00000000,0,00000000,0000
2172,00,00000000,00000000,0,00000000,0000
2173,00,00000000,00000000,0,00000000,0000
2174,10,10011001,10011000,0,00000000,1001
2175,00,00000000,00000000,0,00000000,0000
2176,00,00000000,00000000,0,00000000,0000
2177,00,00000000,00000000,0,00000000,0000
2178,00,00000000,00000000,0,00000000,0000
2179,00,00000000,00000000,0,00000000,0000
2180,00,00000000,00000000,0,00000000,0000
2181,00,00000000,00000000,0,00000000,0000
2182,00,00000000,00000000,0,00000000,0000
2183,00,00000000,00000000,0,00000000,0000
2184,00,00000000,00000000,0,00000000,0000
2185,00,00000000,00000000,0,00000000,0000
2186,00,00000000,00000000,0,00000000,0000
2187,00,00000000,00000000,0,00000000,0000
2188,00,00000000,00000000,0,00000000,0000
2189,00,00000000,00000000,0,00000000,0000
2190,00,00000000,00000000,0,00000000,0000
2191,00,00000000,00000000,0,00000000,0000
2192,00,00000000,00000000,0,00000000,0000
2193,00,00000000,00000000,0,00000000,0000
2194,00,00000000,00000000,0,00000000,0000
2195,00,00000000,00000000,0,00000000,0000
2196,00,00000000,00000000,0,00000000,0000
2197,00,00000000,00000000,0,00000000,0000
2198,00,00000000,00000000,0,00000000,0000
2199,00,00000000,00000000,0,00000000,0000
2200,00,00000000,00000000,0,00000000,0000
2201,00,00000000,00000000,0,00000000,0000
2202,00,00000000,00000000,0,00000000,0000
2203,00,00000000,00000000,0,00000000,0000
2204,10,11110001,11110000,1,00000100,0001
2205,00,00000000,00000000,0,00000000,0000
2206,00,00000000,00000000,0,00000000,0000
2207,00,00000000,00000000,0,00000000,0000
2208,00,00000000,00000000,0,00000000,0000
2209,00,00000000,00000000,0,00000000,0000
2210,00,00000000,00000000,0,00000000,0000
2211,10,10111000,10110111,0,00000000,1001
2212,10,11110011,11110010,1,00000100,0001
2213,00,00000000,00000000,0,00000000,0000
2214,00,00000000,00000000,0,00000000,0000
2215,00,00000000,00000000,0,00000000,0000
2216,10,11110101,11110100,1,00000100,0001
2217,00,00000000,00000000,0,00000000,0000
2218,00,00000000,00000000,0,00000000,0000
2219,00,00000000,00000000,0,00000000,0000
2220,10,11110111,11110110,1,00000100,0001
2221,00,00000000,00000000,0,00000000,0000
2222,00,00000000,00000000,0,00000000,0000
2223,00,00000000,00000000,0,00000000,0000
2224,10,00001001,00001000,1,00000100,0001
2225,00,00000000,00000000,0,00000000,0000
2226,00,00000000,00000000,0,00000000,0000
2227,00,00000000,00000000,0,00000000,0000
2228,10,00001011,00001010,1,00000100,0001
2229,00,00000000,00000000,0,00000000,0000
2230,00,00000000,00000000,0,00000000,0000
2231,00,00000000,00000000,0,00000000,0000
2232,10,00001101,00001100,1,00000100,0001
2233,00,00000000,00000000,0,00000000,0000
2234,00,00000000,00000000,0,00000000,0000
2235,00,00000000,00000000,0,00000000,0000
2236,10,00001111,00001110,1,00000100,0001
2237,00,00000000,00000000,0,00000000,0000
2238,00,00000000,00000000,0,00000000,0000
2239,00,00000000,00000000,0,00000000,0000
2240,00,00000000,00000000,0,00000000,0000
2241,00,00000000,00000000,0,00000000,0000
2242,00,00000000,00000000,0,00000000,0000
2243,00,00000000,00000000,0,00000000,0000
2244,00,00000000,00000000,0,00000000,0000
2245,00,00000000,00000000,0,00000000,0000
2246,00,00000000,00000000,0,00000000,0000
2247,00,00000000,00000000,0,00000000,0000
2248,00,00000000,00000000,0,00000000,0000
2249,00,00000000,00000000,0,00000000,0000
2250,00,00000000,00000000,0,00000000,0000
2251,00,00000000,00000000,0,00000000,0000
2252,00,00000000,00000000,0,00000000,0000
2253,00,00000000,00000000,0,00000000,0000
2254,00,00000000,00000000,0,00000000,0000
2255,00,00000000,00000000,0,00000000,0000
2256,00,00000000,00000000,0,00000000,0000
2257,00,00000000,00000000,0,00000000,0000
2258,00,00000000,00000000,0,00000000,0000
2259,00,00000000,00000000,0,00000000,0000
2260,00,00000000,00000000,0,00000000,0000
2261,00,00000000,00000000,0,00000000,0000
2262,00,00000000,00000000,0,00000000,0000
2263,00,00000000,00000000,0,00000000,0000
2264,00,00000000,00000000,0,00000000,0000
2265,00,00000000,00000000,0,00000000,0000
2266,00,00000000,00000000,0,00000000,0000
2267,00,00000000,00000000,0,00000000,0000
2268,00,00000000,00000000,0,00000000,0000
2269,00,00000000,00000000,0,00000000,0000
2270,00,00000000,00000000,0,00000000,0000
2271,00,00000000,00000000,0,00000000,0000
2272,00,00000000,00000000,0,00000000,0000
2273,00,00000000,00000000,0,00000000,0000
2274,10,00101011,00101010,1,00000100,0001
2275,00,00000000,00000000,0,00000000,0000
2276,00,00000000,00000000,0,00000000,0000
2277,00,00000000,00000000,0,00000000,0000
2278,10,00010001,00010000,1,00000100,0001
2279,00,00000000,00000000,0,00000000,0000
2280,00,00000000,00000000,0,00000000,0000
2281,10,11010111,11010110,0,00000000,1001
2282,10,00010011,00010010,1,00000100,0001
2283,00,00000000,00000000,0,00000000,0000
2284,00,00000000,00000000,0,00000000,0000
2285,00,00000000,00000000,0,00000000,0000
2286,10,00010101,00010100,1,00000100,0001
2287,00,00000000,00000000,0,00000000,0000
2288,00,00000000,00000000,0,00000000,0000
2289,00,00000000,00000000,0,00000000,0000
2290,10,00010111,00010110,1,00000100,0001
2291,00,00000000,00000000,0,00000000,0000
2292,00,00000000,00000000,0,00000000,0000
2293,00,00000000,00000000,0,00000000,0000
2294,10,00101101,00101100,1,00000100,0001
2295,00,00000000,00000000,0,00000000,0000
2296,00,00000000,00000000,0,00000000,0000
2297,00,00000000,00000000,0,00000000,0000
2298,10,00101111,00101110,1,00000100,0001
2299,00,00000000,00000000,0,00000000,0000
2300,00,00000000,00000000,0,00000000,0000
2301,00,00000000,00000000,0,00000000,0000
2302,10,00110001,00110000,1,00000100,0001
2303,00,00000000,00000000,0,00000000,0000
2304,00,00000000,00000000,0,00000000,0000
2305,00,00000000,00000000,0,00000000,0000
2306,10,00110011,00110010,1,00000100,0001
2307,00,00000000,00000000,0,00000000,0000
2308,00,00000000,00000000,0,00000000,0000
2309,00,00000000,00000000,0,00000000,0000
2310,10,00110101,00110100,1,00000100,0001
2311,00,00000000,00000000,0,00000000,0000
2312,00,00000000,00000000,0,00000000,0000
2313,00,00000000,00000000,0,00000000,0000
2314,10,00110111,00110110,1,00000100,0001
2315,00,00000000,00000000,0,00000000,0000
2316,00,00000000,00000000,0,00000000,0000
2317,00,00000000,00000000,0,00000000,0000
2318,10,01001001,01001000,1,00000100,0001
2319,00,00000000,00000000,0,00000000,0000
2320,00,00000000,00000000,0,00000000,0000
2321,00,00000000,00000000,0,00000000,0000
2322,10,01001011,01001010,1,00000100,0001
2323,00,00000000,00000000,0,00000000,0000
2324,00,00000000,00000000,0,00000000,0000
2325,00,00000000,00000000,0,00000000,0000
2326,10,01001101,01001100,1,00000100,0001
2327,00,00000000,00000000,0,00000000,0000
2328,00,00000000,00000000,0,00000000,0000
2329,00,00000000,00000000,0,00000000,0000
2330,10,01101001,01101000,1,00000100,0001
2331,00,00000000,00000000,0,00000000,0000
2332,00,00000000,00000000,0,00000000,0000
2333,00,00000000,00000000,0,00000000,0000
2334,00,00000000,00000000,0,00000000,0000
2335,00,00000000,00000000,0,00000000,0000
2336,00,00000000,00000000,0,00000000,0000
2337,00,00000000,00000000,0,00000000,0000
2338,00,00000000,00000000,0,00000000,0000
2339,00,00000000,00000000,0,00000000,0000
2340,00,00000000,00000000,0,00000000,0000
2341,00,00000000,00000000,0,00000000,0000
2342,00,00000000,00000000,0,00000000,0000
2343,00,00000000,00000000,0,00000000,0000
2344,00,00000000,00000000,0,00000000,0000
2345,00,00000000,00000000,0,00000000,0000
2346,00,00000000,00000000,0,00000000,0000
2347,00,00000000,00000000,0,00000000,0000
2348,00,00000000,00000000,0,00000000,0000
2349,00,00000000,00000000,0,00000000,0000
2350,00,00000000,00000000,0,00000000,0000
2351,10,11110110,11110101,0,00000000,1001
2352,00,00000000,00000000,0,00000000,0000
2353,00,00000000,00000000,0,00000000,0000
2354,00,00000000,00000000,0,00000000,0000
2355,00,00000000,00000000,0,00000000,0000
2356,00,00000000,00000000,0,00000000,0000
2357,00,00000000,00000000,0,00000000,0000
2358,00,00000000,00000000,0,00000000,0000
2359,00,00000000,00000000,0,00000000,0000
2360,00,00000000,00000000,0,00000000,0000
2361,00,00000000,00000000,0,00000000,0000
2362,00,00000000,00000000,0,00000000,0000
2363,00,00000000,00000000,0,00000000,0000
2364,00,00000000,00000000,0,00000000,0000
2365,00,00000000,00000000,0,00000000,0000
2366,10,01001111,01001110,1,00000100,0001
2367,00,00000000,00000000,0,00000000,0000
2368,00,00000000,00000000,0,00000000,0000
2369,00,00000000,00000000,0,00000000,0000
2370,10,01010001,01010000,1,00000100,0001
2371,00,00000000,00000000,0,00000000,0000
2372,00,00000000,00000000,0,00000000,0000
2373,00,00000000,00000000,0,00000000,0000
2374,10,01010011,01010010,1,00000100,0001
2375,10,00010101,00010100,0,00000000,1001
2376,00,00000000,00000000,0,00000000,0000
2377,00,00000000,00000000,0,00000000,0000
2378,10,01010101,01010100,1,00000100,0001
2379,00,00000000,00000000,0,00000000,0000
2380,00,00000000,00000000,0,00000000,0000
2381,00,00000000,00000000,0,00000000,0000
2382,10,01010111,01010110,1,00000100,0001
2383,00,00000000,00000000,0,00000000,0000
2384,00,00000000,00000000,0,00000000,0000
2385,00,00000000,00000000,0,00000000,0000
2386,10,01101011,01101010,1,00000100,0001
2387,00,00000000,00000000,0,00000000,0000
2388,00,00000000,00000000,0,00000000,0000
2389,00,00000000,00000000,0,00000000,0000
2390,10,01101101,01101100,1,00000100,0001
2391,00,00000000,00000000,0,00000000,0000
2392,00,00000000,00000000,0,00000000,0000
2393,00,00000000,00000000,0,00000000,0000
2394,10,01101111,01101110,1,00000100,0001
2395,00,00000000,00000000,0,00000000,0000
2396,00,00000000,00000000,0,00000000,0000
2397,00,00000000,00000000,0,00000000,0000
2398,10,01110001,01110000,1,00000100,0001
2399,00,00000000,00000000,0,00000000,0000
2400,00,00000000,00000000,0,00000000,0000
2401,00,00000000,00000000,0,00000000,0000
2402,10,01110011,01110010,1,00000100,0001
2403,00,00000000,00000000,0,00000000,0000
2404,00,00000000,00000000,0,00000000,0000
2405,00,00000000,00000000,0,00000000,0000
2406,10,01110101,01110100,1,00000100,0001
2407,00,00000000,00000000,0,00000000,0000
2408,00,00000000,00000000,0,00000000,0000
2409,00,00000000,00000000,0,00000000,0000
2410,10,10101001,10101000,1,00000100,0001
2411,00,00000000,00000000,0,00000000,0000
2412,00,00000000,00000000,0,00000000,0000
2413,00,00000000,00000000,0,00000000,0000
2414,00,00000000,00000000,0,00000000,0000
2415,00,00000000,00000000,0,00000000,0000
2416,00,00000000,00000000,0,00000000,0000
2417,00,00000000,00000000,0,00000000,0000
2418,00,00000000,00000000,0,00000000,0000
2419,00,00000000,00000000,0,00000000,0000
2420,00,00000000,00000000,0,00000000,0000
2421,00,00000000,00000000,0,00000000,0000
2422,00,00000000,00000000,0,00000000,0000
2423,00,00000000,00000000,0,00000000,0000
2424,00,00000000,00000000,0,00000000,0000
2425,00,00000000,00000000,0,00000000,0000
2426,00,00000000,00000000,0,00000000,0000
2427,00,00000000,00000000,0,00000000,0000
2428,00,00000000,00000000,0,00000000,0000
2429,00,00000000,00000000,0,00000000,0000
2430,00,00000000,00000000,0,00000000,0000
2431,00,00000000,00000000,0,00000000,0000
2432,00,00000000,00000000,0,00000000,0000
2433,00,00000000,00000000,0,00000000,0000
2434,00,00000000,00000000,0,00000000,0000
2435,00,00000000,00000000,0,00000000,0000
2436,00,00000000,00000000,0,00000000,0000
2437,00,00000000,00000000,0,00000000,0000
2438,00,00000000,00000000,0,00000000,0000
2439,00,00000000,00000000,0,00000000,0000
2440,00,00000000,00000000,0,00000000,0000
2441,00,00000000,00000000,0,00000000,0000
2442,00,00000000,00000000,0,00000000,0000
2443,00,00000000,00000000,0,00000000,0000
2444,00,00000000,00000000,0,00000000,0000
2445,00,00000000,00000000,0,00000000,0000
2446,00,00000000,00000000,0,00000000,0000
2447,00,00000000,00000000,0,00000000,0000
2448,00,00000000,00000000,0,00000000,0000
2449,00,00000000,00000000,0,00000000,0000
2450,00,00000000,00000000,0,00000000,0000
2451,00,00000000,00000000,0,00000000,0000
2452,00,00000000,00000000,0,00000000,0000
2453,10,00110100,00110011,0,00000000,1001
2454,10,01110111,01110110,1,00000100,0001
2455,00,00000000,00000000,0,00000000,0000
2456,00,00000000,00000000,0,00000000,0000
2457,00,00000000,00000000,0,00000000,0000
2458,10,10001001,10001000,1,00000100,0001
2459,00,00000000,00000000,0,00000000,0000
2460,00,00000000,00000000,0,00000000,0000
2461,00,00000000,00000000,0,00000000,0000
2462,10,10001011,10001010,1,00000100,0001
2463,00,00000000,00000000,0,00000000,0000
2464,00,00000000,00000000,0,00000000,0000
2465,00,00000000,00000000,0,00000000,0000
2466,10,10001101,10001100,1,00000100,0001
2467,00,00000000,00000000,0,00000000,0000
2468,00,00000000,00000000,0,00000000,0000
2469,00,00000000,00000000,0,00000000,0000
2470,10,10001111,10001110,1,00000100,0001
2471,00,00000000,00000000,0,00000000,0000
2472,00,00000000,00000000,0,00000000,0000
2473,00,00000000,00000000,0,00000000,0000
2474,10,10010001,10010000,1,00000100,0001
2475,00,00000000,00000000,0,00000000,0000
2476,00,00000000,00000000,0,00000000,0000
2477,00,00000000,00000000,0,00000000,0000
2478,10,10010011,10010010,1,00000100,0001
2479,00,00000000,00000000,0,00000000,0000
2480,00,00000000,00000000,0,00000000,0000
2481,00,00000000,00000000,0,00000000,0000
2482,10,10010101,10010100,1,00000100,0001
2483,00,00000000,00000000,0,00000000,0000
2484,00,00000000,00000000,0,00000000,0000
2485,00,00000000,00000000,0,00000000,0000
2486,10,10010111,10010110,1,00000100,0001
2487,00,00000000,00000000,0,00000000,0000
2488,00,00000000,00000000,0,00000000,0000
2489,00,00000000,00000000,0,00000000,0000
2490,10,10101011,10101010,1,00000100,0001
2491,00,00000000,00000000,0,00000000,0000
2492,00,00000000,00000000,0,00000000,0000
2493,00,00000000,00000000,0,00000000,0000
2494,10,10101101,10101100,1,00000100,0001
2495,00,00000000,00000000,0,00000000,0000
2496,00,00000000,00000000,0,00000000,0000
2497,00,00000000,00000000,0,00000000,0000
2498,10,10101111,10101110,1,00000100,0001
2499,00,00000000,00000000,0,00000000,0000
2500,00,00000000,00000000,0,00000000,0000
2501,00,00000000,00000000,0,00000000,0000
2502,10,10110001,10110000,1,00000100,0001
2503,00,00000000,00000000,0,00000000,0000
2504,00,00000000,00000000,0,00000000,0000
2505,00,00000000,00000000,0,00000000,0000
2506,10,10110011,10110010,1,00000100,0001
2507,00,00000000,00000000,0,00000000,0000
2508,00,00000000,00000000,0,00000000,0000
2509,00,00000000,00000000,0,00000000,0000
2510,00,00000000,00000000,0,00000000,0000
2511,00,00000000,00000000,0,00000000,0000
2512,00,00000000,00000000,0,00000000,0000
2513,00,00000000,00000000,0,00000000,0000
2514,00,00000000,00000000,0,00000000,0000
2515,10,01010011,01010010,0,00000000,1001
2516,00,00000000,00000000,0,00000000,0000
2517,00,00000000,00000000,0,00000000,0000
2518,00,00000000,00000000,0,00000000,0000
2519,00,00000000,00000000,0,00000000,0000
2520,00,00000000,00000000,0,00000000,0000
2521,00,00000000,00000000,0,00000000,0000
2522,00,00000000,00000000,0,00000000,0000
2523,00,00000000,00000000,0,00000000,0000
2524,00,00000000,00000000,0,00000000,0000
2525,00,00000000,00000000,0,00000000,0000
2526,00,00000000,00000000,0,00000000,0000
2527,00,00000000,00000000,0,00000000,0000
2528,00,00000000,00000000,0,00000000,0000
2529,00,00000000,00000000,0,00000000,0000
2530,00,00000000,00000000,0,00000000,0000
2531,00,00000000,00000000,0,00000000,0000
2532,00,00000000,00000000,0,00000000,0000
2533,00,00000000,00000000,0,00000000,0000
2534,00,00000000,00000000,0,00000000,0000
2535,00,00000000,00000000,0,00000000,0000
2536,00,00000000,00000000,0,00000000,0000
2537,00,00000000,00000000,0,00000000,0000
2538,00,00000000,00000000,0,00000000,0000
2539,00,00000000,00000000,0,00000000,0000
2540,00,00000000,00000000,0,00000000,0000
2541,00,00000000,00000000,0,00000000,0000
2542,00,00000000,00000000,0,00000000,0000
2543,00,00000000,00000000,0,00000000,0000
2544,00,00000000,00000000,0,00000000,0000
2545,00,00000000,00000000,0,00000000,0000
2546,00,00000000,00000000,0,00000000,0000
2547,00,00000000,00000000,0,00000000,0000
2548,00,00000000,00000000,0,00000000,0000
2549,00,00000000,00000000,0,00000000,0000
2550,00,00000000,00000000,0,00000000,0000
2551,00,00000000,00000000,0,00000000,0000
2552,10,01110010,01110001,0,00000000,1001
2553,10,10110101,10110100,1,00000100,0001
2554,00,00000000,00000000,0,00000000,0000
2555,00,00000000,00000000,0,00000000,0000
2556,00,00000000,00000000,0,00000000,0000
2557,10,10110111,10110110,1,00000100,0001
2558,00,00000000,00000000,0,00000000,0000
2559,00,00000000,00000000,0,00000000,0000
2560,00,00000000,00000000,0,00000000,0000
2561,10,11001001,11001000,1,00000100,0001
2562,00,00000000,00000000,0,00000000,0000
2563,00,00000000,00000000,0,00000000,0000
2564,00,00000000,00000000,0,00000000,0000
2565,10,11001011,11001010,1,00000100,0001
2566,00,00000000,00000000,0,00000000,0000
2567,00,00000000,00000000,0,00000000,0000
2568,00,00000000,00000000,0,00000000,0000
2569,10,11001101,11001100,1,00000100,0001
2570,00,00000000,00000000,0,00000000,0000
2571,00,00000000,00000000,0,00000000,0000
2572,00,00000000,00000000,0,00000000,0000
2573,10,11001111,11001110,1,00000100,0001
2574,00,00000000,00000000,0,00000000,0000
2575,00,00000000,00000000,0,00000000,0000
2576,00,00000000,00000000,0,00000000,0000
2577,10,11010001,11010000,1,00000100,0001
2578,00,00000000,00000000,0,00000000,0000
2579,00,00000000,00000000,0,00000000,0000
2580,00,00000000,00000000,0,00000000,0000
2581,10,11010011,11010010,1,00000100,0001
2582,00,00000000,00000000,0,00000000,0000
2583,00,00000000,00000000,0,00000000,0000
2584,00,00000000,00000000,0,00000000,0000
2585,10,11010101,11010100,1,00000100,0001
2586,00,00000000,00000000,0,00000000,0000
2587,00,00000000,00000000,0,00000000,0000
2588,00,00000000,00000000,0,00000000,0000
2589,10,11010111,11010110,1,00000100,0001
2590,00,00000000,00000000,0,00000000,0000
2591,00,00000000,00000000,0,00000000,0000
2592,00,00000000,00000000,0,00000000,0000
2593,10,11101001,11101000,1,00000100,0001
2594,00,00000000,00000000,0,00000000,0000
2595,00,00000000,00000000,0,00000000,0000
2596,00,00000000,00000000,0,00000000,0000
2597,10,11101011,11101010,1,00000100,0001
2598,00,00000000,00000000,0,00000000,0000
2599,00,00000000,00000000,0,00000000,0000
2600,00,00000000,00000000,0,00000000,0000
2601,10,11101101,11101100,1,00000100,0001
2602,00,00000000,00000000,0,00000000,0000
2603,00,00000000,00000000,0,00000000,0000
2604,00,00000000,00000000,0,00000000,0000
2605,10,11101111,11101110,1,00000100,0001
2606,00,00000000,00000000,0,00000000,0000
2607,00,00000000,00000000,0,00000000,0000
2608,00,00000000,00000000,0,00000000,0000
2609,10,11110001,11110000,1,00000100,0001
2610,00,00000000,00000000,0,00000000,0000
2611,00,00000000,00000000,0,00000000,0000
2612,00,00000000,00000000,0,00000000,0000
2613,10,11110011,11110010,1,00000100,0001
2614,00,00000000,00000000,0,00000000,0000
2615,00,00000000,00000000,0,00000000,0000
2616,00,00000000,00000000,0,00000000,0000
2617,00,00000000,00000000,0,00000000,0000
2618,10,10010001,10010000,0,00000000,1001
2619,00,00000000,00000000,0,00000000,0000
2620,00,00000000,00000000,0,00000000,0000
2621,00,00000000,00000000,0,00000000,0000
2622,00,00000000,00000000,0,00000000,0000
2623,00,00000000,00000000,0,00000000,0000
2624,00,00000000,00000000,0,00000000,0000
2625,00,00000000,00000000,0,00000000,0000
2626,00,00000000,00000000,0,00000000,0000
2627,00,00000000,00000000,0,00000000,0000
2628,00,00000000,00000000,0,00000000,0000
2629,00,00000000,00000000,0,00000000,0000
2630,00,00000000,00000000,0,00000000,0000
2631,00,00000000,00000000,0,00000000,0000
2632,00,00000000,00000000,0,00000000,0000
2633,00,00000000,00000000,0,00000000,0000
2634,00,00000000,00000000,0,00000000,0000
2635,00,00000000,00000000,0,00000000,0000
2636,00,00000000,00000000,0,00000000,0000
2637,00,00000000,00000000,0,00000000,0000
2638,00,00000000,00000000,0,00000000,0000
2639,00,00000000,00000000,0,00000000,0000
2640,00,00000000,00000000,0,00000000,0000
2641,00,00000000,00000000,0,00000000,0000
2642,00,00000000,00000000,0,00000000,0000
2643,00,00000000,00000000,0,00000000,0000
2644,00,00000000,00000000,0,00000000,0000
2645,00,00000000,00000000,0,00000000,0000
2646,00,00000000,00000000,0,00000000,0000
2647,00,00000000,00000000,0,00000000,0000
2648,00,00000000,00000000,0,00000000,0000
2649,00,00000000,00000000,0,00000000,0000
2650,00,00000000,00000000,0,00000000,0000
2651,00,00000000,00000000,0,00000000,0000
2652,00,00000000,00000000,0,00000000,0000
2653,00,00000000,00000000,0,00000000,0000
2654,00,00000000,00000000,0,00000000,0000
2655,00,00000000,00000000,0,00000000,0000
2656,00,00000000,00000000,0,00000000,0000
2657,10,10110000,10101111,0,00000000,1001
2658,00,00000000,00000000,0,00000000,0000
2659,10,11110101,11110100,1,00000100,0001
2660,00,00000000,00000000,0,00000000,0000
2661,00,00000000,00000000,0,00000000,0000
2662,00,00000000,00000000,0,00000000,0000
2663,10,11110111,11110110,1,00000100,0001
2664,00,00000000,00000000,0,00000000,0000
2665,00,00000000,00000000,0,00000000,0000
2666,00,00000000,00000000,0,00000000,0000
2667,10,00001001,00001000,1,00000100,0001
2668,00,00000000,00000000,0,00000000,0000
2669,00,00000000,00000000,0,00000000,0000
2670,00,00000000,00000000,0,00000000,0000
2671,10,00001011,00001010,1,00000100,0001
2672,00,00000000,00000000,0,00000000,0000
2673,00,00000000,00000000,0,00000000,0000
2674,00,00000000,00000000,0,00000000,0000
2675,10,00001101,00001100,1,00000100,0001
2676,00,00000000,00000000,0,00000000,0000
2677,00,00000000,00000000,0,00000000,0000
2678,00,00000000,00000000,0,00000000,0000
2679,10,00001111,00001110,1,00000100,0001
2680,00,00000000,00000000,0,00000000,0000
2681,00,00000000,00000000,0,00000000,0000
2682,00,00000000,00000000,0,00000000,0000
2683,10,00010001,00010000,1,00000100,0001
2684,00,00000000,00000000,0,00000000,0000
2685,00,00000000,00000000,0,00000000,0000
2686,00,00000000,00000000,0,00000000,0000
2687,10,00010011,00010010,1,00000100,0001
2688,00,00000000,00000000,0,00000000,0000
2689,00,00000000,00000000,0,00000000,0000
2690,00,00000000,00000000,0,00000000,0000
2691,10,00010101,00010100,1,00000100,0001
2692,00,00000000,00000000,0,00000000,0000
2693,00,00000000,00000000,0,00000000,0000
2694,00,00000000,00000000,0,00000000,0000
2695,10,00010111,00010110,1,00000100,0001
2696,00,00000000,00000000,0,00000000,0000
2697,00,00000000,00000000,0,00000000,0000
2698,00,00000000,00000000,0,00000000,0000
2699,10,00101001,00101000,1,00000100,0001
2700,00,00000000,00000000,0,00000000,0000
2701,00,00000000,00000000,0,00000000,0000
2702,00,00000000,00000000,0,00000000,0000
2703,10,00101011,00101010,1,00000100,0001
2704,00,00000000,00000000,0,00000000,0000
2705,00,00000000,00000000,0,00000000,0000
2706,00,00000000,00000000,0,00000000,0000
2707,10,00101101,00101100,1,00000100,0001
2708,00,00000000,00000000,0,00000000,0000
2709,00,00000000,00000000,0,00000000,0000
2710,00,00000000,00000000,0,00000000,0000
2711,10,00101111,00101110,1,00000100,0001
2712,00,00000000,00000000,0,00000000,0000
2713,00,00000000,00000000,0,00000000,0000
2714,00,00000000,00000000,0,00000000,0000
2715,10,01101001,01101000,1,00000100,0001
2716,00,00000000,00000000,0,00000000,0000
2717,00,00000000,00000000,0,00000000,0000
2718,00,00000000,00000000,0,00000000,0000
2719,00,00000000,00000000,0,00000000,0000
2720,00,00000000,00000000,0,00000000,0000
2721,00,00000000,00000000,0,00000000,0000
2722,00,00000000,00000000,0,00000000,0000
2723,00,00000000,00000000,0,00000000,0000
2724,10,11001111,11001110,0,00000000,1001
2725,00,00000000,00000000,0,00000000,0000
2726,00,00000000,00000000,0,00000000,0000
2727,00,00000000,00000000,0,00000000,0000
2728,00,00000000,00000000,0,00000000,0000
2729,00,00000000,00000000,0,00000000,0000
2730,00,00000000,00000000,0,00000000,0000
2731,00,00000000,00000000,0,00000000,0000
2732,00,00000000,00000000,0,00000000,0000
2733,00,00000000,00000000,0,00000000,0000
2734,00,00000000,00000000,0,00000000,0000
2735,00,00000000,00000000,0,00000000,0000
2736,00,00000000,00000000,0,00000000,0000
2737,00,00000000,00000000,0,00000000,0000
2738,00,00000000,00000000,0,00000000,0000
2739,00,00000000,00000000,0,00000000,0000
2740,00,00000000,00000000,0,00000000,0000
2741,00,00000000,00000000,0,00000000,0000
2742,00,00000000,00000000,0,00000000,0000
2743,00,00000000,00000000,0,00000000,0000
2744,00,00000000,00000000,0,00000000,0000
2745,00,00000000,00000000,0,00000000,0000
2746,00,00000000,00000000,0,00000000,0000
2747,00,00000000,00000000,0,00000000,0000
2748,00,00000000,00000000,0,00000000,0000
2749,00,00000000,00000000,0,00000000,0000
2750,00,00000000,00000000,0,00000000,0000
2751,00,00000000,00000000,0,00000000,0000
2752,00,00000000,00000000,0,00000000,0000
2753,00,00000000,00000000,0,00000000,0000
2754,10,00110001,00110000,1,00000100,0001
2755,00,00000000,00000000,0,00000000,0000
2756,00,00000000,00000000,0,00000000,0000
2757,00,00000000,00000000,0,00000000,0000
2758,00,00000000,00000000,0,00000000,0000
2759,00,00000000,00000000,0,00000000,0000
2760,00,00000000,00000000,0,00000000,0000
2761,10,11101110,11101101,0,00000000,1001
2762,10,00110011,00110010,1,00000100,0001
2763,00,00000000,00000000,0,00000000,0000
2764,00,00000000,00000000,0,00000000,0000
2765,00,00000000,00000000,0,00000000,0000
2766,10,00110101,00110100,1,00000100,0001
2767,00,00000000,00000000,0,00000000,0000
2768,00,00000000,00000000,0,00000000,0000
2769,00,00000000,00000000,0,00000000,0000
2770,10,00110111,00110110,1,00000100,0001
2771,00,00000000,00000000,0,00000000,0000
2772,00,00000000,00000000,0,00000000,0000
2773,00,00000000,00000000,0,00000000,0000
2774,10,01001001,01001000,1,00000100,0001
2775,00,00000000,00000000,0,00000000,0000
2776,00,00000000,00000000,0,00000000,0000
2777,00,00000000,00000000,0,00000000,0000
2778,10,01001011,01001010,1,00000100,0001
2779,00,00000000,00000000,0,00000000,0000
2780,00,00000000,00000000,0,00000000,0000
2781,00,00000000,00000000,0,00000000,0000
2782,10,01001101,01001100,1,00000100,0001
2783,00,00000000,00000000,0,00000000,0000
2784,00,00000000,00000000,0,00000000,0000
2785,00,00000000,00000000,0,00000000,0000
2786,10,01001111,01001110,1,00000100,0001
2787,00,00000000,00000000,0,00000000,0000
2788,00,00000000,00000000,0,00000000,0000
2789,00,00000000,00000000,0,00000000,0000
2790,00,00000000,00000000,0,00000000,0000
2791,00,00000000,00000000,0,00000000,0000
2792,00,00000000,00000000,0,00000000,0000
2793,00,00000000,00000000,0,00000000,0000
2794,00,00000000,00000000,0,00000000,0000
2795,00,00000000,00000000,0,00000000,0000
2796,00,00000000,00000000,0,00000000,0000
2797,00,00000000,00000000,0,00000000,0000
2798,00,00000000,00000000,0,00000000,0000
2799,00,00000000,00000000,0,00000000,0000
2800,00,00000000,00000000,0,00000000,0000
2801,00,00000000,00000000,0,00000000,0000
2802,00,00000000,00000000,0,00000000,0000
2803,00,00000000,00000000,0,00000000,0000
2804,00,00000000,00000000,0,00000000,0000
2805,00,00000000,00000000,0,00000000,0000
2806,00,00000000,00000000,0,00000000,0000
2807,00,00000000,00000000,0,00000000,0000
2808,00,00000000,00000000,0,00000000,0000
2809,00,00000000,00000000,0,00000000,0000
2810,00,00000000,00000000,0,00000000,0000
2811,00,00000000,00000000,0,00000000,0000
2812,00,00000000,00000000,0,00000000,0000
2813,00,00000000,00000000,0,00000000,0000
2814,00,00000000,00000000,0,00000000,0000
2815,00,00000000,00000000,0,00000000,0000
2816,00,00000000,00000000,0,00000000,0000
2817,00,00000000,00000000,0,00000000,0000
2818,00,00000000,00000000,0,00000000,0000
2819,00,00000000,00000000,0,00000000,0000
2820,00,00000000,00000000,0,00000000,0000
2821,00,00000000,00000000,0,00000000,0000
2822,00,00000000,00000000,0,00000000,0000
2823,00,00000000,00000000,0,00000000,0000
2824,10,01101011,01101010,1,00000100,0001
2825,00,00000000,00000000,0,00000000,0000
2826,00,00000000,00000000,0,00000000,0000
2827,00,00000000,00000000,0,00000000,0000
2828,10,01010001,01010000,1,00000100,0001
2829,00,00000000,00000000,0,00000000,0000
2830,00,00000000,00000000,0,00000000,0000
2831,10,00001101,00001100,0,00000000,1001
2832,10,01010011,01010010,1,00000100,0001
2833,00,00000000,00000000,0,00000000,0000
2834,00,00000000,00000000,0,00000000,0000
2835,00,00000000,00000000,0,00000000,0000
2836,10,01010101,01010100,1,00000100,0001
2837,00,00000000,00000000,0,00000000,0000
2838,00,00000000,00000000,0,00000000,0000
2839,00,00000000,00000000,0,00000000,0000
2840,10,01010111,01010110,1,00000100,0001
2841,00,00000000,00000000,0,00000000,0000
2842,00,00000000,00000000,0,00000000,0000
2843,00,00000000,00000000,0,00000000,0000
2844,10,01101101,01101100,1,00000100,0001
2845,00,00000000,00000000,0,00000000,0000
2846,00,00000000,00000000,0,00000000,0000
2847,00,00000000,00000000,0,00000000,0000
2848,10,01101111,01101110,1,00000100,0001
2849,00,00000000,00000000,0,00000000,0000
2850,00,00000000,00000000,0,00000000,0000
2851,00,00000000,00000000,0,00000000,0000
2852,10,01110001,01110000,1,00000100,0001
2853,00,00000000,00000000,0,00000000,0000
2854,00,00000000,00000000,0,00000000,0000
2855,00,00000000,00000000,0,00000000,0000
2856,10,01110011,01110010,1,00000100,0001
2857,00,00000000,00000000,0,00000000,0000
2858,00,00000000,00000000,0,00000000,0000
2859,00,00000000,00000000,0,00000000,0000
2860,10,01110101,01110100,1,00000100,0001
2861,00,00000000,00000000,0,00000000,0000
2862,00,00000000,00000000,0,00000000,0000
2863,00,00000000,00000000,0,00000000,0000
2864,10,01110111,01110110,1,00000100,0001
2865,00,00000000,00000000,0,00000000,0000
2866,00,00000000,00000000,0,00000000,0000
2867,00,00000000,00000000,0,00000000,0000
2868,10,10001001,10001000,1,00000100,0001
2869,00,00000000,00000000,0,00000000,0000
2870,00,00000000,00000000,0,00000000,0000
2871,00,00000000,00000000,0,00000000,0000
2872,10,10001011,10001010,1,00000100,0001
2873,00,00000000,00000000,0,00000000,0000
2874,00,00000000,00000000,0,00000000,0000
2875,00,00000000,00000000,0,00000000,0000
2876,10,10001101,10001100,1,00000100,0001
2877,00,00000000,00000000,0,00000000,0000
2878,00,00000000,00000000,0,00000000,0000
2879,00,00000000,00000000,0,00000000,0000
2880,10,10101001,10101000,1,00000100,0001
2881,00,00000000,00000000,0,00000000,0000
2882,00,00000000,00000000,0,00000000,0000
2883,00,00000000,00000000,0,00000000,0000
2884,00,00000000,00000000,0,00000000,0000
2885,00,00000000,00000000,0,00000000,0000
2886,00,00000000,00000000,0,00000000,0000
2887,00,00000000,00000000,0,00000000,0000
2888,00,00000000,00000000,0,00000000,0000
2889,00,00000000,00000000,0,00000000,0000
2890,00,00000000,00000000,0,00000000,0000
2891,00,00000000,00000000,0,00000000,0000
2892,00,00000000,00000000,0,00000000,0000
2893,00,00000000,00000000,0,00000000,0000
2894,00,00000000,00000000,0,00000000,0000
2895,00,00000000,00000000,0,00000000,0000
2896,00,00000000,00000000,0,00000000,0000
2897,00,00000000,00000000,0,00000000,0000
2898,00,00000000,00000000,0,00000000,0000
2899,00,00000000,00000000,0,00000000,0000
2900,00,00000000,00000000,0,00000000,0000
2901,10,00101100,00101011,0,00000000,1001
2902,00,00000000,00000000,0,00000000,0000
2903,00,00000000,00000000,0,00000000,0000
2904,00,00000000,00000000,0,00000000,0000
2905,00,00000000,00000000,0,00000000,0000
2906,00,00000000,00000000,0,00000000,0000
2907,00,00000000,00000000,0,00000000,0000
2908,00,00000000,00000000,0,00000000,0000
2909,00,00000000,00000000,0,00000000,0000
2910,00,00000000,00000000,0,00000000,0000
2911,00,00000000,00000000,0,00000000,0000
2912,00,00000000,00000000,0,00000000,0000
2913,00,00000000,00000000,0,00000000,0000
2914,00,00000000,00000000,0,00000000,0000
2915,00,00000000,00000000,0,00000000,0000
2916,10,10001111,10001110,1,00000100,0001
2917,00,00000000,00000000,0,00000000,0000
2918,00,00000000,00000000,0,00000000,0000
2919,00,00000000,00000000,0,00000000,0000
2920,10,10010001,10010000,1,00000100,0001
2921,00,00000000,00000000,0,00000000,0000
2922,00,00000000,00000000,0,00000000,0000
2923,00,00000000,00000000,0,00000000,0000
2924,10,10010011,10010010,1,00000100,0001
2925,10,01001011,01001010,0,00000000,1001
2926,00,00000000,00000000,0,00000000,0000
2927,00,00000000,00000000,0,00000000,0000
2928,10,10010101,10010100,1,00000100,0001
2929,00,00000000,00000000,0,00000000,0000
2930,00,00000000,00000000,0,00000000,0000
2931,00,00000000,00000000,0,00000000,0000
2932,10,10010111,10010110,1,00000100,0001
2933,00,00000000,00000000,0,00000000,0000
2934,00,00000000,00000000,0,00000000,0000
2935,00,00000000,00000000,0,00000000,0000
2936,10,10101011,10101010,1,00000100,0001
2937,00,00000000,00000000,0,00000000,0000
2938,00,00000000,00000000,0,00000000,0000
2939,00,00000000,00000000,0,00000000,0000
2940,10,10101101,10101100,1,00000100,0001
2941,00,00000000,00000000,0,00000000,0000
2942,00,00000000,00000000,0,00000000,0000
2943,00,00000000,00000000,0,00000000,0000
2944,10,10101111,10101110,1,00000100,0001
2945,00,00000000,00000000,0,00000000,0000
2946,00,00000000,00000000,0,00000000,0000
2947,00,00000000,00000000,0,00000000,0000
2948,10,10110001,10110000,1,00000100,0001
2949,00,00000000,00000000,0,00000000,0000
2950,00,00000000,00000000,0,00000000,0000
2951,00,00000000,00000000,0,00000000,0000
2952,10,10110011,10110010,1,00000100,0001
2953,00,00000000,00000000,0,00000000,0000
2954,00,00000000,00000000,0,00000000,0000
2955,00,00000000,00000000,0,00000000,0000
2956,10,10110101,10110100,1,00000100,0001
2957,00,00000000,00000000,0,00000000,0000
2958,00,00000000,00000000,0,00000000,0000
2959,00,00000000,00000000,0,00000000,0000
2960,10,11101001,11101000,1,00000100,0001
2961,00,00000000,00000000,0,00000000,0000
2962,00,00000000,00000000,0,00000000,0000
2963,00,00000000,00000000,0,00000000,0000
2964,00,00000000,00000000,0,00000000,0000
2965,00,00000000,00000000,0,00000000,0000
2966,00,00000000,00000000,0,00000000,0000
2967,00,00000000,00000000,0,00000000,0000
2968,00,00000000,00000000,0,00000000,0000
2969,00,00000000,00000000,0,00000000,0000
2970,00,00000000,00000000,0,00000000,0000
2971,00,00000000,00000000,0,00000000,0000
2972,00,00000000,00000000,0,00000000,0000
2973,00,00000000,00000000,0,00000000,0000
2974,00,00000000,00000000,0,00000000,0000
2975,00,00000000,00000000,0,00000000,0000
2976,00,00000000,00000000,0,00000000,0000
2977,00,00000000,00000000,0,00000000,0000
2978,00,00000000,00000000,0,00000000,0000
2979,00,00000000,00000000,0,00000000,0000
2980,00,00000000,00000000,0,00000000,0000
2981,00,00000000,00000000,0,00000000,0000
2982,00,00000000,00000000,0,00000000,0000
2983,00,00000000,00000000,0,00000000,0000
2984,00,00000000,00000000,0,00000000,0000
2985,00,00000000,00000000,0,00000000,0000
2986,00,00000000,00000000,0,00000000,0000
2987,00,00000000,00000000,0,00000000,0000
2988,00,00000000,00000000,0,00000000,0000
2989,00,00000000,00000000,0,00000000,0000
2990,00,00000000,00000000,0,00000000,0000
2991,00,00000000,00000000,0,00000000,0000
2992,00,00000000,00000000,0,00000000,0000
2993,00,00000000,00000000,0,00000000,0000
2994,00,00000000,00000000,0,00000000,0000
2995,00,00000000,00000000,0,00000000,0000
2996,00,00000000,00000000,0,00000000,0000
2997,00,00000000,00000000,0,00000000,0000
2998,00,00000000,00000000,0,00000000,0000
2999,00,00000000,00000000,0,00000000,0000
3000,00,00000000,00000000,0,00000000,0000
3001,00,00000000,00000000,0,00000000,0000
3002,00,00000000,00000000,0,00000000,0000
3003,10,01101010,01101001,0,00000000,1001
3004,10,10110111,10110110,1,00000100,0001
3005,00,00000000,00000000,0,00000000,0000
3006,00,00000000,00000000,0,00000000,0000
3007,00,00000000,00000000,0,00000000,0000
3008,10,11001001,11001000,1,00000100,0001
3009,00,00000000,00000000,0,00000000,0000
3010,00,00000000,00000000,0,00000000,0000
3011,00,00000000,00000000,0,00000000,0000
3012,10,11001011,11001010,1,00000100,0001
3013,00,00000000,00000000,0,00000000,0000
3014,00,00000000,00000000,0,00000000,0000
3015,00,00000000,00000000,0,00000000,0000
3016,10,11001101,11001100,1,00000100,0001
3017,00,00000000,00000000,0,00000000,0000
3018,00,00000000,00000000,0,00000000,0000
3019,00,00000000,00000000,0,00000000,0000
3020,10,11001111,11001110,1,00000100,0001
3021,00,00000000,00000000,0,00000000,0000
3022,00,00000000,00000000,0,00000000,0000
3023,00,00000000,00000000,0,00000000,0000
3024,10,11010001,11010000,1,00000100,0001
3025,00,00000000,00000000,0,00000000,0000
3026,00,00000000,00000000,0,00000000,0000
3027,00,00000000,00000000,0,00000000,0000
3028,10,11010011,11010010,1,00000100,0001
3029,00,00000000,00000000,0,00000000,0000
3030,00,00000000,00000000,0,00000000,0000
3031,00,00000000,00000000,0,00000000,0000
3032,10,11010101,11010100,1,00000100,0001
3033,00,00000000,00000000,0,00000000,0000
3034,00,00000000,00000000,0,00000000,0000
3035,00,00000000,00000000,0,00000000,0000
3036,10,11010111,11010110,1,00000100,0001
3037,00,00000000,00000000,0,00000000,0000
3038,00,00000000,00000000,0,00000000,0000
3039,00,00000000,00000000,0,00000000,0000
3040,10,11101011,11101010,1,00000100,0001
3041,00,00000000,00000000,0,00000000,0000
3042,00,00000000,00000000,0,00000000,0000
3043,00,00000000,00000000,0,00000000,0000
3044,10,11101101,11101100,1,00000100,0001
3045,00,00000000,00000000,0,00000000,0000
3046,00,00000000,00000000,0,00000000,0000
3047,00,00000000,00000000,0,00000000,0000
3048,10,11101111,11101110,1,00000100,0001
3049,00,00000000,00000000,0,00000000,0000
3050,00,00000000,00000000,0,00000000,0000
3051,00,00000000,00000000,0,00000000,0000
3052,10,11110001,11110000,1,00000100,0001
3053,00,00000000,00000000,0,00000000,0000
3054,00,00000000,00000000,0,00000000,0000
3055,00,00000000,00000000,0,00000000,0000
3056,10,11110011,11110010,1,00000100,0001
3057,00,00000000,00000000,0,00000000,0000
3058,00,00000000,00000000,0,00000000,0000
3059,00,00000000,00000000,0,00000000,0000
3060,00,00000000,00000000,0,00000000,0000
3061,00,00000000,00000000,0,00000000,0000
3062,00,00000000,00000000,0,00000000,0000
3063,00,00000000,00000000,0,00000000,0000
3064,00,00000000,00000000,0,00000000,0000
3065,10,10001001,10001000,0,00000000,1001
3066,00,00000000,00000000,0,00000000,0000
3067,00,00000000,00000000,0,00000000,0000
3068,00,00000000,00000000,0,00000000,0000
3069,00,00000000,00000000,0,00000000,0000
3070,00,00000000,00000000,0,00000000,0000
3071,00,00000000,00000000,0,00000000,0000
3072,00,00000000,00000000,0,00000000,0000
3073,00,00000000,00000000,0,00000000,0000
3074,00,00000000,00000000,0,00000000,0000
3075,00,00000000,00000000,0,00000000,0000
3076,00,00000000,00000000,0,00000000,0000
3077,00,00000000,00000000,0,00000000,0000
3078,00,00000000,00000000,0,00000000,0000
3079,00,00000000,00000000,0,00000000,0000
3080,00,00000000,00000000,0,00000000,0000
3081,00,00000000,00000000,0,00000000,0000
3082,00,00000000,00000000,0,00000000,0000
3083,00,00000000,00000000,0,00000000,0000
3084,00,00000000,00000000,0,00000000,0000
3085,00,00000000,00000000,0,00000000,0000
3086,00,00000000,00000000,0,00000000,0000
3087,00,00000000,00000000,0,00000000,0000
3088,00,00000000,00000000,0,00000000,0000
3089,00,00000000,00000000,0,00000000,0000
3090,00,00000000,00000000,0,00000000,0000
3091,00,00000000,00000000,0,00000000,0000
3092,00,00000000,00000000,0,00000000,0000
3093,00,00000000,00000000,0,00000000,0000
3094,00,00000000,00000000,0,00000000,0000
3095,00,00000000,00000000,0,00000000,0000
3096,00,00000000,00000000,0,00000000,0000
3097,00,00000000,00000000,0,00000000,0000
3098,00,00000000,00000000,0,00000000,0000
3099,00,00000000,00000000,0,00000000,0000
3100,00,00000000,00000000,0,00000000,0000
3101,00,00000000,00000000,0,00000000,0000
3102,10,10101000,10100111,0,00000000,1001
3103,10,11110101,11110100,1,00000100,0001
3104,00,00000000,00000000,0,00000000,0000
3105,00,00000000,00000000,0,00000000,0000
3106,00,00000000,00000000,0,00000000,0000
3107,10,11110111,11110110,1,00000100,0001
3108,00,00000000,00000000,0,00000000,0000
3109,00,00000000,00000000,0,00000000,0000
3110,00,00000000,00000000,0,00000000,0000
3111,10,00001001,00001000,1,00000100,0001
3112,00,00000000,00000000,0,00000000,0000
3113,00,00000000,00000000,0,00000000,0000
3114,00,00000000,00000000,0,00000000,0000
3115,10,00001011,00001010,1,00000100,0001
3116,00,00000000,00000000,0,00000000,0000
3117,00,00000000,00000000,0,00000000,0000
3118,00,00000000,00000000,0,00000000,0000
3119,10,00001101,00001100,1,00000100,0001
3120,00,00000000,00000000,0,00000000,0000
3121,00,00000000,00000000,0,00000000,0000
3122,00,00000000,00000000,0,00000000,0000
3123,10,00001111,00001110,1,00000100,0001
3124,00,00000000,00000000,0,00000000,0000
3125,00,00000000,00000000,0,00000000,0000
3126,00,00000000,00000000,0,00000000,0000
3127,10,00010001,00010000,1,00000100,0001
3128,00,00000000,00000000,0,00000000,0000
3129,00,00000000,00000000,0,00000000,0000
3130,00,00000000,00000000,0,00000000,0000
3131,10,00010011,00010010,1,00000100,0001
3132,00,00000000,00000000,0,00000000,0000
3133,00,00000000,00000000,0,00000000,0000
3134,00,00000000,00000000,0,00000000,0000
3135,10,00010101,00010100,1,00000100,0001
3136,00,00000000,00000000,0,00000000,0000
3137,00,00000000,00000000,0,00000000,0000
3138,00,00000000,00000000,0,00000000,0000
3139,10,00010111,00010110,1,00000100,0001
3140,00,00000000,00000000,0,00000000,0000
3141,00,00000000,00000000,0,00000000,0000
3142,00,00000000,00000000,0,00000000,0000
3143,10,00101001,00101000,1,00000100,0001
3144,00,00000000,00000000,0,00000000,0000
3145,00,00000000,00000000,0,00000000,0000
3146,00,00000000,00000000,0,00000000,0000
3147,10,00101011,00101010,1,00000100,0001
3148,00,00000000,00000000,0,00000000,0000
3149,00,00000000,00000000,0,00000000,0000
3150,00,00000000,00000000,0,00000000,0000
3151,10,00101101,00101100,1,00000100,0001
3152,00,00000000,00000000,0,00000000,0000
3153,00,00000000,00000000,0,00000000,0000
3154,00,00000000,00000000,0,00000000,0000
3155,10,00101111,00101110,1,00000100,0001
3156,00,00000000,00000000,0,00000000,0000
3157,00,00000000,00000000,0,00000000,0000
3158,00,00000000,00000000,0,00000000,0000
3159,10,00110001,00110000,1,00000100,0001
3160,00,00000000,00000000,0,00000000,0000
3161,00,00000000,00000000,0,00000000,0000
3162,00,00000000,00000000,0,00000000,0000
3163,10,00110011,00110010,1,00000100,0001
3164,00,00000000,00000000,0,00000000,0000
3165,00,00000000,00000000,0,00000000,0000
3166,00,00000000,00000000,0,00000000,0000
3167,00,00000000,00000000,0,00000000,0000
3168,10,11000111,11000110,0,00000000,1001
3169,00,00000000,00000000,0,00000000,0000
3170,00,00000000,00000000,0,00000000,0000
3171,00,00000000,00000000,0,00000000,0000
3172,00,00000000,00000000,0,00000000,0000
3173,00,00000000,00000000,0,00000000,0000
3174,00,00000000,00000000,0,00000000,0000
3175,00,00000000,00000000,0,00000000,0000
3176,00,00000000,00000000,0,00000000,0000
3177,00,00000000,00000000,0,00000000,0000
3178,00,00000000,00000000,0,00000000,0000
3179,00,00000000,00000000,0,00000000,0000
3180,00,00000000,00000000,0,00000000,0000
3181,00,00000000,00000000,0,00000000,0000
3182,00,00000000,00000000,0,00000000,0000
3183,00,00000000,00000000,0,00000000,0000
3184,00,00000000,00000000,0,00000000,0000
3185,00,00000000,00000000,0,00000000,0000
3186,00,00000000,00000000,0,00000000,0000
3187,00,00000000,00000000,0,00000000,0000
3188,00,00000000,00000000,0,00000000,0000
3189,00,00000000,00000000,0,00000000,0000
3190,00,00000000,00000000,0,00000000,0000
3191,00,00000000,00000000,0,00000000,0000
3192,00,00000000,00000000,0,00000000,0000
3193,00,00000000,00000000,0,00000000,0000
3194,00,00000000,00000000,0,00000000,0000
3195,00,00000000,00000000,0,00000000,0000
3196,00,00000000,00000000,0,00000000,0000
3197,00,00000000,00000000,0,00000000,0000
3198,00,00000000,00000000,0,00000000,0000
3199,00,00000000,00000000,0,00000000,0000
3200,00,00000000,00000000,0,00000000,0000
3201,00,00000000,00000000,0,00000000,0000
3202,00,00000000,00000000,0,00000000,0000
3203,00,00000000,00000000,0,00000000,0000
3204,00,00000000,00000000,0,00000000,0000
3205,00,00000000,00000000,0,00000000,0000
3206,00,00000000,00000000,0,00000000,0000
3207,10,11100110,11100101,0,00000000,1001
3208,00,00000000,00000000,0,00000000,0000
3209,10,00110101,00110100,1,00000100,0001
3210,00,00000000,00000000,0,00000000,0000
3211,00,00000000,00000000,0,00000000,0000
3212,00,00000000,00000000,0,00000000,0000
3213,10,00110111,00110110,1,00000100,0001
3214,00,00000000,00000000,0,00000000,0000
3215,00,00000000,00000000,0,00000000,0000
3216,00,00000000,00000000,0,00000000,0000
3217,10,01001001,01001000,1,00000100,0001
3218,00,00000000,00000000,0,00000000,0000
3219,00,00000000,00000000,0,00000000,0000
3220,00,00000000,00000000,0,00000000,0000
3221,10,01001011,01001010,1,00000100,0001
3222,00,00000000,00000000,0,00000000,0000
3223,00,00000000,00000000,0,00000000,0000
3224,00,00000000,00000000,0,00000000,0000
3225,10,01001101,01001100,1,00000100,0001
3226,00,00000000,00000000,0,00000000,0000
3227,00,00000000,00000000,0,00000000,0000
3228,00,00000000,00000000,0,00000000,0000
3229,10,01001111,01001110,1,00000100,0001
3230,00,00000000,00000000,0,00000000,0000
3231,00,00000000,00000000,0,00000000,0000
3232,00,00000000,00000000,0,00000000,0000
3233,10,01010001,01010000,1,00000100,0001
3234,00,00000000,00000000,0,00000000,0000
3235,00,00000000,00000000,0,00000000,0000
3236,00,00000000,00000000,0,00000000,0000
3237,10,01010011,01010010,1,00000100,0001
3238,00,00000000,00000000,0,00000000,0000
3239,00,00000000,00000000,0,00000000,0000
3240,00,00000000,00000000,0,00000000,0000
3241,10,01010101,01010100,1,00000100,0001
3242,00,00000000,00000000,0,00000000,0000
3243,00,00000000,00000000,0,00000000,0000
3244,00,00000000,00000000,0,00000000,0000
3245,10,01010111,01010110,1,00000100,0001
3246,00,00000000,00000000,0,00000000,0000
3247,00,00000000,00000000,0,00000000,0000
3248,00,00000000,00000000,0,00000000,0000
3249,10,01101001,01101000,1,00000100,0001
3250,00,00000000,00000000,0,00000000,0000
3251,00,00000000,00000000,0,00000000,0000
3252,00,00000000,00000000,0,00000000,0000
3253,10,01101011,01101010,1,00000100,0001
3254,00,00000000,00000000,0,00000000,0000
3255,00,00000000,00000000,0,00000000,0000
3256,00,00000000,00000000,0,00000000,0000
3257,10,01101101,01101100,1,00000100,0001
3258,00,00000000,00000000,0,00000000,0000
3259,00,00000000,00000000,0,00000000,0000
3260,00,00000000,00000000,0,00000000,0000
3261,10,01101111,01101110,1,00000100,0001
3262,00,00000000,00000000,0,00000000,0000
3263,00,00000000,00000000,0,00000000,0000
3264,00,00000000,00000000,0,00000000,0000
3265,10,10101001,10101000,1,00000100,0001
3266,00,00000000,00000000,0,00000000,0000
3267,00,00000000,00000000,0,00000000,0000
3268,00,00000000,00000000,0,00000000,0000
3269,00,00000000,00000000,0,00000000,0000
3270,00,00000000,00000000,0,00000000,0000
3271,00,00000000,00000000,0,00000000,0000
3272,00,00000000,00000000,0,00000000,0000
3273,00,00000000,00000000,0,00000000,0000
3274,10,00000101,00000100,0,00000000,1001
3275,00,00000000,00000000,0,00000000,0000
3276,00,00000000,00000000,0,00000000,0000
3277,00,00000000,00000000,0,00000000,0000
3278,00,00000000,00000000,0,00000000,0000
3279,00,00000000,00000000,0,00000000,0000
3280,00,00000000,00000000,0,00000000,0000
3281,00,00000000,00000000,0,00000000,0000
3282,00,00000000,00000000,0,00000000,0000
3283,00,00000000,00000000,0,00000000,0000
3284,00,00000000,00000000,0,00000000,0000
3285,00,00000000,00000000,0,00000000,0000
3286,00,00000000,00000000,0,00000000,0000
3287,00,00000000,00000000,0,00000000,0000
3288,00,00000000,00000000,0,00000000,0000
3289,00,00000000,00000000,0,00000000,0000
3290,00,00000000,00000000,0,00000000,0000
3291,00,00000000,00000000,0,00000000,0000
3292,00,00000000,00000000,0,00000000,0000
3293,00,00000000,00000000,0,00000000,0000
3294,00,00000000,00000000,0,00000000,0000
3295,00,00000000,00000000,0,00000000,0000
3296,00,00000000,00000000,0,00000000,0000
3297,00,00000000,00000000,0,00000000,0000
3298,00,00000000,00000000,0,00000000,0000
3299,00,00000000,00000000,0,00000000,0000
3300,00,00000000,00000000,0,00000000,0000
3301,00,00000000,00000000,0,00000000,0000
3302,00,00000000,00000000,0,00000000,0000
3303,00,00000000,00000000,0,00000000,0000
3304,10,01110001,01110000,1,00000100,0001
3305,00,00000000,00000000,0,00000000,0000
3306,00,00000000,00000000,0,00000000,0000
3307,00,00000000,00000000,0,00000000,0000
3308,00,00000000,00000000,0,00000000,0000
3309,00,00000000,00000000,0,00000000,0000
3310,00,00000000,00000000,0,00000000,0000
3311,10,00100100,00100011,0,00000000,1001
3312,10,01110011,01110010,1,00000100,0001
3313,00,00000000,00000000,0,00000000,0000
3314,00,00000000,00000000,0,00000000,0000
3315,00,00000000,00000000,0,00000000,0000
3316,10,01110101,01110100,1,00000100,0001
3317,00,00000000,00000000,0,00000000,0000
3318,00,00000000,00000000,0,00000000,0000
3319,00,00000000,00000000,0,00000000,0000
3320,10,01110111,01110110,1,00000100,0001
3321,00,00000000,00000000,0,00000000,0000
3322,00,00000000,00000000,0,00000000,0000
3323,00,00000000,00000000,0,00000000,0000
3324,10,10001001,10001000,1,00000100,0001
3325,00,00000000,00000000,0,00000000,0000
3326,00,00000000,00000000,0,00000000,0000
3327,00,00000000,00000000,0,00000000,0000
3328,10,10001011,10001010,1,00000100,0001
3329,00,00000000,00000000,0,00000000,0000
3330,00,00000000,00000000,0,00000000,0000
3331,00,00000000,00000000,0,00000000,0000
3332,10,10001101,10001100,1,00000100,0001
3333,00,00000000,00000000,0,00000000,0000
3334,00,00000000,00000000,0,00000000,0000
3335,00,00000000,00000000,0,00000000,0000
3336,10,10001111,10001110,1,00000100,0001
3337,00,00000000,00000000,0,00000000,0000
3338,00,00000000,00000000,0,00000000,0000
3339,00,00000000,00000000,0,00000000,0000
3340,00,00000000,00000000,0,00000000,0000
3341,00,00000000,00000000,0,00000000,0000
3342,00,00000000,00000000,0,00000000,0000
3343,00,00000000,00000000,0,00000000,0000
3344,00,00000000,00000000,0,00000000,0000
3345,00,00000000,00000000,0,00000000,0000
3346,00,00000000,00000000,0,00000000,0000
3347,00,00000000,00000000,0,00000000,0000
3348,00,00000000,00000000,0,00000000,0000
3349,00,00000000,00000000,0,00000000,0000
3350,00,00000000,00000000,0,00000000,0000
3351,00,00000000,00000000,0,00000000,0000
3352,00,00000000,00000000,0,00000000,0000
3353,00,00000000,00000000,0,00000000,0000
3354,00,00000000,00000000,0,00000000,0000
3355,00,00000000,00000000,0,00000000,0000
3356,00,00000000,00000000,0,00000000,0000
3357,00,00000000,00000000,0,00000000,0000
3358,00,00000000,00000000,0,00000000,0000
3359,00,00000000,00000000,0,00000000,0000
3360,00,00000000,00000000,0,00000000,0000
3361,00,00000000,00000000,0,00000000,0000
3362,00,00000000,00000000,0,00000000,0000
3363,00,00000000,00000000,0,00000000,0000
3364,00,00000000,00000000,0,00000000,0000
3365,00,00000000,00000000,0,00000000,0000
3366,00,00000000,00000000,0,00000000,0000
3367,00,00000000,00000000,0,00000000,0000
3368,00,00000000,00000000,0,00000000,0000
3369,00,00000000,00000000,0,00000000,0000
3370,00,00000000,00000000,0,00000000,0000
3371,00,00000000,00000000,0,00000000,0000
3372,00,00000000,00000000,0,00000000,0000
3373,00,00000000,00000000,0,00000000,0000
3374,10,10101011,10101010,1,00000100,0001
3375,00,00000000,00000000,0,00000000,0000
3376,00,00000000,00000000,0,00000000,0000
3377,00,00000000,00000000,0,00000000,0000
3378,10,10010001,10010000,1,00000100,0001
3379,00,00000000,00000000,0,00000000,0000
3380,00,00000000,00000000,0,00000000,0000
3381,10,01000011,01000010,0,00000000,1001
3382,10,10010011,10010010,1,00000100,0001
3383,00,00000000,00000000,0,00000000,0000
3384,00,00000000,00000000,0,00000000,0000
3385,00,00000000,00000000,0,00000000,0000
3386,10,10010101,10010100,1,00000100,0001
3387,00,00000000,00000000,0,00000000,0000
3388,00,00000000,00000000,0,00000000,0000
3389,00,00000000,00000000,0,00000000,0000
3390,10,10010111,10010110,1,00000100,0001
3391,00,00000000,00000000,0,00000000,0000
3392,00,00000000,00000000,0,00000000,0000
3393,00,00000000,00000000,0,00000000,0000
3394,10,10101101,10101100,1,00000100,0001
3395,00,00000000,00000000,0,00000000,0000
3396,00,00000000,00000000,0,00000000,0000
3397,00,00000000,00000000,0,00000000,0000
3398,10,10101111,10101110,1,00000100,0001
3399,00,00000000,00000000,0,00000000,0000
3400,00,00000000,00000000,0,00000000,0000
3401,00,00000000,00000000,0,00000000,0000
3402,10,10110001,10110000,1,00000100,0001
3403,00,00000000,00000000,0,00000000,0000
3404,00,00000000,00000000,0,00000000,0000
3405,00,00000000,00000000,0,00000000,0000
3406,10,10110011,10110010,1,00000100,0001
3407,00,00000000,00000000,0,00000000,0000
3408,00,00000000,00000000,0,00000000,0000
3409,00,00000000,00000000,0,00000000,0000
3410,10,10110101,10110100,1,00000100,0001
3411,00,00000000,00000000,0,00000000,0000
3412,00,00000000,00000000,0,00000000,0000
3413,00,00000000,00000000,0,00000000,0000
3414,10,10110111,10110110,1,00000100,0001
3415,00,00000000,00000000,0,00000000,0000
3416,00,00000000,00000000,0,00000000,0000
3417,00,00000000,00000000,0,00000000,0000
3418,10,11001001,11001000,1,00000100,0001
3419,00,00000000,00000000,0,00000000,0000
3420,00,00000000,00000000,0,00000000,0000
3421,00,00000000,00000000,0,00000000,0000
3422,10,11001011,11001010,1,00000100,0001
3423,00,00000000,00000000,0,00000000,0000
3424,00,00000000,00000000,0,00000000,0000
3425,00,00000000,00000000,0,00000000,0000
3426,10,11001101,11001100,1,00000100,0001
3427,00,00000000,00000000,0,00000000,0000
3428,00,00000000,00000000,0,00000000,0000
3429,00,00000000,00000000,0,00000000,0000
3430,10,11101001,11101000,1,00000100,0001
3431,00,00000000,00000000,0,00000000,0000
3432,00,00000000,00000000,0,00000000,0000
3433,00,00000000,00000000,0,00000000,0000
3434,00,00000000,00000000,0,00000000,0000
3435,00,00000000,00000000,0,00000000,0000
3436,00,00000000,00000000,0,00000000,0000
3437,00,00000000,00000000,0,00000000,0000
3438,00,00000000,00000000,0,00000000,0000
3439,00,00000000,00000000,0,00000000,0000
3440,00,00000000,00000000,0,00000000,0000
3441,00,00000000,00000000,0,00000000,0000
3442,00,00000000,00000000,0,00000000,0000
3443,00,00000000,00000000,0,00000000,0000
3444,00,00000000,00000000,0,00000000,0000
3445,00,00000000,00000000,0,00000000,0000
3446,00,00000000,00000000,0,00000000,0000
3447,00,00000000,00000000,0,00000000,0000
3448,00,00000000,00000000,0,00000000,0000
3449,00,00000000,00000000,0,00000000,0000
3450,00,00000000,00000000,0,00000000,0000
3451,10,01100010,01100001,0,00000000,1001
3452,00,00000000,00000000,0,00000000,0000
3453,00,00000000,00000000,0,00000000,0000
3454,00,00000000,00000000,0,00000000,0000
3455,00,00000000,00000000,0,00000000,0000
3456,00,00000000,00000000,0,00000000,0000
3457,00,00000000,00000000,0,00000000,0000
3458,00,00000000,00000000,0,00000000,0000
3459,00,00000000,00000000,0,00000000,0000
3460,00,00000000,00000000,0,00000000,0000
3461,00,00000000,00000000,0,00000000,0000
3462,00,00000000,00000000,0,00000000,0000
3463,00,00000000,00000000,0,00000000,0000
3464,00,00000000,00000000,0,00000000,0000
3465,00,00000000,00000000,0,00000000,0000
3466,10,11001111,11001110,1,00000100,0001
3467,00,00000000,00000000,0,00000000,0000
3468,00,00000000,00000000,0,00000000,0000
3469,00,00000000,00000000,0,00000000,0000
3470,10,11010001,11010000,1,00000100,0001
3471,00,00000000,00000000,0,00000000,0000
3472,00,00000000,00000000,0,00000000,0000
3473,00,00000000,00000000,0,00000000,0000
3474,10,11010011,11010010,1,00000100,0001
3475,10,10000001,10000000,0,00000000,1001
3476,00,00000000,00000000,0,00000000,0000
3477,00,00000000,00000000,0,00000000,0000
3478,10,11010101,11010100,1,00000100,0001
3479,00,00000000,00000000,0,00000000,0000
3480,00,00000000,00000000,0,00000000,0000
3481,00,00000000,00000000,0,00000000,0000
3482,10,11010111,11010110,1,00000100,0001
3483,00,00000000,00000000,0,00000000,0000
3484,00,00000000,00000000,0,00000000,0000
3485,00,00000000,00000000,0,00000000,0000
3486,10,11101011,11101010,1,00000100,0001
3487,00,00000000,00000000,0,00000000,0000
3488,00,00000000,00000000,0,00000000,0000
3489,00,00000000,00000000,0,00000000,0000
3490,10,11101101,11101100,1,00000100,0001
3491,00,00000000,00000000,0,00000000,0000
3492,00,00000000,00000000,0,00000000,0000
3493,00,00000000,00000000,0,00000000,0000
3494,10,11101111,11101110,1,00000100,0001
3495,00,00000000,00000000,0,00000000,0000
3496,00,00000000,00000000,0,00000000,0000
3497,00,00000000,00000000,0,00000000,0000
3498,10,11110001,11110000,1,00000100,0001
3499,00,00000000,00000000,0,00000000,0000
3500,00,00000000,00000000,0,00000000,0000
3501,00,00000000,00000000,0,00000000,0000
3502,10,11110011,11110010,1,00000100,0001
3503,00,00000000,00000000,0,00000000,0000
3504,00,00000000,00000000,0,00000000,0000
3505,00,00000000,00000000,0,00000000,0000
3506,10,11110101,11110100,1,00000100,0001
3507,00,00000000,00000000,0,00000000,0000
3508,00,00000000,00000000,0,00000000,0000
3509,00,00000000,00000000,0,00000000,0000
3510,00,00000000,00000000,0,00000000,0000
3511,00,00000000,00000000,0,00000000,0000
3512,00,00000000,00000000,0,00000000,0000
3513,00,00000000,00000000,0,00000000,0000
3514,00,00000000,00000000,0,00000000,0000
3515,00,00000000,00000000,0,00000000,0000
3516,00,00000000,00000000,0,00000000,0000
3517,00,00000000,00000000,0,00000000,0000
3518,00,00000000,00000000,0,00000000,0000
3519,00,00000000,00000000,0,00000000,0000
3520,00,00000000,00000000,0,00000000,0000
3521,00,00000000,00000000,0,00000000,0000
3522,00,00000000,00000000,0,00000000,0000
3523,00,00000000,00000000,0,00000000,0000
3524,00,00000000,00000000,0,00000000,0000
3525,00,00000000,00000000,0,00000000,0000
3526,00,00000000,00000000,0,00000000,0000
3527,00,00000000,00000000,0,00000000,0000
3528,00,00000000,00000000,0,00000000,0000
3529,00,00000000,00000000,0,00000000,0000
3530,00,00000000,00000000,0,00000000,0000
3531,00,00000000,00000000,0,00000000,0000
3532,00,00000000,00000000,0,00000000,0000
3533,00,00000000,00000000,0,00000000,0000
3534,00,00000000,00000000,0,00000000,0000
3535,00,00000000,00000000,0,00000000,0000
3536,00,00000000,00000000,0,00000000,0000
3537,00,00000000,00000000,0,00000000,0000
3538,00,00000000,00000000,0,00000000,0000
3539,00,00000000,00000000,0,00000000,0000
3540,00,00000000,00000000,0,00000000,0000
3541,00,00000000,00000000,0,00000000,0000
3542,00,00000000,00000000,0,00000000,0000
3543,00,00000000,00000000,0,00000000,0000
3544,00,00000000,00000000,0,00000000,0000
3545,00,00000000,00000000,0,00000000,0000
3546,00,00000000,00000000,0,00000000,0000
3547,00,00000000,00000000,0,00000000,0000
3548,00,00000000,00000000,0,00000000,0000
3549,10,10100000,10011111,0,00000000,1001
3550,00,00000000,00000000,0,00000000,0000
3551,00,00000000,00000000,0,00000000,0000
3552,10,11110111,11110110,1,00000100,0001
3553,00,00000000,00000000,0,00000000,0000
3554,00,00000000,00000000,0,00000000,0000
3555,00,00000000,00000000,0,00000000,0000
3556,00,00000000,00000000,0,00000000,0000
3557,00,00000000,00000000,0,00000000,0000
3558,00,00000000,00000000,0,00000000,0000
3559,00,00000000,00000000,0,00000000,0000
3560,00,00000000,00000000,0,00000000,0000
3561,00,00000000,00000000,0,00000000,0000
3562,00,00000000,00000000,0,00000000,0000
3563,00,00000000,00000000,0,00000000,0000
3564,00,00000000,00000000,0,00000000,0000
3565,00,00000000,00000000,0,00000000,0000
3566,00,00000000,00000000,0,00000000,0000
3567,00,00000000,00000000,0,00000000,0000
3568,00,00000000,00000000,0,00000000,0000
3569,00,00000000,00000000,0,00000000,0000
3570,00,00000000,00000000,0,00000000,0000
3571,00,00000000,00000000,0,00000000,0000
3572,00,00000000,00000000,0,00000000,0000
3573,00,00000000,00000000,0,00000000,0000
3574,00,00000000,00000000,0,00000000,0000
3575,00,00000000,00000000,0,00000000,0000
3576,00,00000000,00000000,0,00000000,0000
3577,00,00000000,00000000,0,00000000,0000
3578,00,00000000,00000000,0,00000000,0000
3579,00,00000000,00000000,0,00000000,0000
3580,00,00000000,00000000,0,00000000,0000
3581,00,00000000,00000000,0,00000000,0000
3582,00,00000000,00000000,0,00000000,0000
3583,00,00000000,00000000,0,00000000,0000
3584,00,00000000,00000000,0,00000000,0000
3585,00,00000000,00000000,0,00000000,0000
3586,00,00000000,00000000,0,00000000,0000
3587,00,00000000,00000000,0,00000000,0000
3588,00,00000000,00000000,0,00000000,0000
3589,00,00000000,00000000,0,00000000,0000
3590,00,00000000,00000000,0,00000000,0000
3591,00,00000000,00000000,0,00000000,0000
3592,00,00000000,00000000,0,00000000,0000
3593,00,00000000,00000000,0,00000000,0000
3594,00,00000000,00000000,0,00000000,0000
3595,00,00000000,00000000,0,00000000,0000
3596,00,00000000,00000000,0,00000000,0000
3597,00,00000000,00000000,0,00000000,0000
3598,00,00000000,00000000,0,00000000,0000
3599,00,00000000,00000000,0,00000000,0000
3600,00,00000000,00000000,0,00000000,0000
3601,00,00000000,00000000,0,00000000,0000
3602,00,00000000,00000000,0,00000000,0000
3603,00,00000000,00000000,0,00000000,0000
3604,00,00000000,00000000,0,00000000,0000
3605,00,00000000,00000000,0,00000000,0000
3606,00,00000000,00000000,0,00000000,0000
3607,00,00000000,00000000,0,00000000,0000
3608,00,00000000,00000000,0,00000000,0000
3609,00,00000000,00000000,0,00000000,0000
3610,00,00000000,00000000,0,00000000,0000
3611,00,00000000,00000000,0,00000000,0000
3612,00,00000000,00000000,0,00000000,0000
3613,00,00000000,00000000,0,00000000,0000
3614,10,10111111,10111110,0,00000000,1001
3615,00,00000000,00000000,0,00000000,0000
3616,00,00000000,00000000,0,00000000,0000
3617,00,00000000,00000000,0,00000000,0000
3618,00,00000000,00000000,0,00000000,0000
3619,00,00000000,00000000,0,00000000,0000
3620,00,00000000,00000000,0,00000000,0000
3621,00,00000000,00000000,0,00000000,0000
3622,00,00000000,00000000,0,00000000,0000
3623,00,00000000,00000000,0,00000000,0000
3624,00,00000000,00000000,0,00000000,0000
3625,00,00000000,00000000,0,00000000,0000
3626,00,00000000,00000000,0,00000000,0000
3627,00,00000000,00000000,0,00000000,0000
3628,00,00000000,00000000,0,00000000,0000
3629,00,00000000,00000000,0,00000000,0000
3630,00,00000000,00000000,0,00000000,0000
3631,00,00000000,00000000,0,00000000,0000
3632,00,00000000,00000000,0,00000000,0000
3633,00,00000000,00000000,0,00000000,0000
3634,00,00000000,00000000,0,00000000,0000
3635,00,00000000,00000000,0,00000000,0000
3636,00,00000000,00000000,0,00000000,0000
3637,00,00000000,00000000,0,00000000,0000
3638,00,00000000,00000000,0,00000000,0000
3639,00,00000000,00000000,0,00000000,0000
3640,00,00000000,00000000,0,00000000,0000
3641,00,00000000,00000000,0,00000000,0000
3642,00,00000000,00000000,0,00000000,0000
3643,00,00000000,00000000,0,00000000,0000
3644,00,00000000,00000000,0,00000000,0000
3645,00,00000000,00000000,0,00000000,0000
3646,00,00000000,00000000,0,00000000,0000
3647,00,00000000,00000000,0,00000000,0000
3648,00,00000000,00000000,0,00000000,0000
3649,00,00000000,00000000,0,00000000,0000
3650,00,00000000,00000000,0,00000000,0000
3651,00,00000000,00000000,0,00000000,0000
