Node,Operation,src0,src1,Layer,Vector ID,Segment ID,Group ID,Vector Len,Type,Children,Wait_to_load,mask,GPR Addr,Mem Addr,importance
0,root,,,0,,,-1,0,None,"1, 3, 5, 7, 9, 11, 13, 15, 72, 74, 76, 78, 80, 82, 84, 86, 143, 145, 147, 149, 151, 153, 155, 157, 214, 216, 218, 220, 222, 224, 226, 228, 285, 287, 289, 291, 293, 295, 297, 299, 356, 358, 360, 362, 364, 366, 368, 370, 427, 429, 431, 433, 435, 437, 439, 441, 498, 500, 502, 504, 506, 508, 510, 512, 569, 571, 573, 575, 577, 579, 581, 583, 640, 642, 644, 646, 648, 650, 652, 654, 711, 713, 715, 717, 719, 721, 723, 725, 782, 784, 786, 788, 790, 792, 794, 796, 853, 855, 857, 859, 861, 863, 865, 867, 924, 926, 928, 930, 932, 934, 936, 938, 995, 997, 999, 1001, 1003, 1005, 1007, 1009, 1066, 1068, 1070, 1072, 1074, 1076, 1078, 1080, 1137, 1139, 1141, 1143, 1145, 1147, 1149, 1151, 1208, 1210, 1212, 1214, 1216, 1218, 1220, 1222, 1279, 1281, 1283, 1285, 1287, 1289, 1291, 1293, 1350, 1352, 1354, 1356, 1358, 1360, 1362, 1364, 1421, 1423, 1425, 1427, 1429, 1431, 1433, 1435, 1492, 1494, 1496, 1498, 1500, 1502, 1504, 1506, 1563, 1565, 1567, 1569, 1571, 1573, 1575, 1577, 1634, 1636, 1638, 1640, 1642, 1644, 1646, 1648, 1705, 1707, 1709, 1711, 1713, 1715, 1717, 1719, 1776, 1778, 1780, 1782, 1784, 1786, 1788, 1790, 1847, 1849, 1851, 1853, 1855, 1857, 1859, 1861, 1918, 1920, 1922, 1924, 1926, 1928, 1930, 1932, 1989, 1991, 1993, 1995, 1997, 1999, 2001, 2003, 2060, 2062, 2064, 2066, 2068, 2070, 2072, 2074, 2131, 2133, 2135, 2137, 2139, 2141, 2143, 2145, 2202, 2204, 2206, 2208, 2210, 2212, 2214, 2216",False,0,,,0
1,load,0,,1,0.0,0,0,256,Vector,"2, 24",True,0,0,0,-1
2,reduce_max,1,,2,0.0,0,0,1,Scalar,17,False,0,0,,-2
3,load,1,,1,0.0,1,0,256,Vector,"4, 27",True,0,1,1,-3
4,reduce_max,3,,2,0.0,1,0,1,Scalar,17,False,0,1,,-4
5,load,2,,1,0.0,2,0,256,Vector,"6, 30",True,0,2,2,-5
6,reduce_max,5,,2,0.0,2,0,1,Scalar,18,False,0,2,,-6
7,load,3,,1,0.0,3,0,256,Vector,"8, 33",True,0,3,3,-7
8,reduce_max,7,,2,0.0,3,0,1,Scalar,18,False,0,3,,-8
9,load,4,,1,0.0,4,0,256,Vector,"10, 36",True,0,4,4,-9
10,reduce_max,9,,2,0.0,4,0,1,Scalar,19,False,0,4,,-10
11,load,5,,1,0.0,5,0,256,Vector,"12, 39",True,0,5,5,-11
12,reduce_max,11,,2,0.0,5,0,1,Scalar,19,False,0,5,,-12
13,load,6,,1,0.0,6,0,256,Vector,"14, 42",True,0,6,6,-13
14,reduce_max,13,,2,0.0,6,0,1,Scalar,20,False,0,6,,-14
15,load,7,,1,0.0,7,0,256,Vector,"16, 45",True,0,7,7,-15
16,reduce_max,15,,2,0.0,7,0,1,Scalar,20,False,0,7,,-16
17,max,2,4,3,0.0,,0,1,Scalar,21,False,0,8,,-17
18,max,6,8,3,0.0,,0,1,Scalar,21,False,0,9,,-18
19,max,10,12,3,0.0,,0,1,Scalar,22,False,0,10,,-19
20,max,14,16,3,0.0,,0,1,Scalar,22,False,0,11,,-20
21,max,17,18,4,0.0,,0,1,Scalar,23,False,0,12,,-21
22,max,19,20,4,0.0,,0,1,Scalar,23,False,0,13,,-22
23,max,21,22,5,0.0,,0,1,Scalar,"24, 27, 30, 33, 36, 39, 42, 45",False,0,14,,-23
24,sub,1,23,6,0.0,0,0,256,Vector,"25, 56",False,0,8,,-24
25,exp,24,,7,0.0,0,0,256,Vector,26,False,0,9,,-25
26,reduce_sum,25,,8,0.0,0,0,1,Scalar,48,False,0,15,,-26
27,sub,3,23,6,0.0,1,0,256,Vector,"28, 58",False,0,10,,-27
28,exp,27,,7,0.0,1,0,256,Vector,29,False,0,11,,-28
29,reduce_sum,28,,8,0.0,1,0,1,Scalar,48,False,0,16,,-29
30,sub,5,23,6,0.0,2,0,256,Vector,"31, 60",False,0,12,,-30
31,exp,30,,7,0.0,2,0,256,Vector,32,False,0,13,,-31
32,reduce_sum,31,,8,0.0,2,0,1,Scalar,49,False,0,17,,-32
33,sub,7,23,6,0.0,3,0,256,Vector,"34, 62",False,0,14,,-33
34,exp,33,,7,0.0,3,0,256,Vector,35,False,0,15,,-34
35,reduce_sum,34,,8,0.0,3,0,1,Scalar,49,False,0,18,,-35
36,sub,9,23,6,0.0,4,0,256,Vector,"37, 64",False,0,16,,-36
37,exp,36,,7,0.0,4,0,256,Vector,38,False,0,17,,-37
38,reduce_sum,37,,8,0.0,4,0,1,Scalar,50,False,0,19,,-38
39,sub,11,23,6,0.0,5,0,256,Vector,"40, 66",False,0,18,,-39
40,exp,39,,7,0.0,5,0,256,Vector,41,False,0,19,,-40
41,reduce_sum,40,,8,0.0,5,0,1,Scalar,50,False,0,20,,-41
42,sub,13,23,6,0.0,6,0,256,Vector,"43, 68",False,0,20,,-42
43,exp,42,,7,0.0,6,0,256,Vector,44,False,0,21,,-43
44,reduce_sum,43,,8,0.0,6,0,1,Scalar,51,False,0,21,,-44
45,sub,15,23,6,0.0,7,0,256,Vector,"46, 70",False,0,22,,-45
46,exp,45,,7,0.0,7,0,256,Vector,47,False,0,23,,-46
47,reduce_sum,46,,8,0.0,7,0,1,Scalar,51,False,0,22,,-47
48,add,26,29,9,0.0,,0,1,Scalar,52,False,0,23,,-48
49,add,32,35,9,0.0,,0,1,Scalar,52,False,0,24,,-49
50,add,38,41,9,0.0,,0,1,Scalar,53,False,0,25,,-50
51,add,44,47,9,0.0,,0,1,Scalar,53,False,0,26,,-51
52,add,48,49,10,0.0,,0,1,Scalar,54,False,0,27,,-52
53,add,50,51,10,0.0,,0,1,Scalar,54,False,0,28,,-53
54,add,52,53,11,0.0,,0,1,Scalar,55,False,0,29,,-54
55,ln,54,,12,0.0,,0,1,Scalar,"56, 58, 60, 62, 64, 66, 68, 70",False,0,30,,-55
56,sub,24,55,13,0.0,0,0,256,Vector,57,False,0,24,,-56
57,store,56,0,14,0.0,0,0,256,Vector,,False,0,,0,-57
58,sub,27,55,13,0.0,1,0,256,Vector,59,False,0,25,,-58
59,store,58,1,14,0.0,1,0,256,Vector,,False,0,,1,-59
60,sub,30,55,13,0.0,2,0,256,Vector,61,False,0,26,,-60
61,store,60,2,14,0.0,2,0,256,Vector,,False,0,,2,-61
62,sub,33,55,13,0.0,3,0,256,Vector,63,False,0,27,,-62
63,store,62,3,14,0.0,3,0,256,Vector,,False,0,,3,-63
64,sub,36,55,13,0.0,4,0,256,Vector,65,False,0,28,,-64
65,store,64,4,14,0.0,4,0,256,Vector,,False,0,,4,-65
66,sub,39,55,13,0.0,5,0,256,Vector,67,False,0,29,,-66
67,store,66,5,14,0.0,5,0,256,Vector,,False,0,,5,-67
68,sub,42,55,13,0.0,6,0,256,Vector,69,False,0,30,,-68
69,store,68,6,14,0.0,6,0,256,Vector,,False,0,,6,-69
70,sub,45,55,13,0.0,7,0,256,Vector,71,False,0,31,,-70
71,store,70,7,14,0.0,7,0,256,Vector,,False,0,,7,-71
72,load,8,,1,1.0,0,1,256,Vector,"73, 95",True,0,32,8,-72
73,reduce_max,72,,2,1.0,0,1,1,Scalar,88,False,0,31,,-73
74,load,9,,1,1.0,1,1,256,Vector,"75, 98",True,0,33,9,-74
75,reduce_max,74,,2,1.0,1,1,1,Scalar,88,False,0,32,,-75
76,load,10,,1,1.0,2,1,256,Vector,"77, 101",True,0,34,10,-76
77,reduce_max,76,,2,1.0,2,1,1,Scalar,89,False,0,33,,-77
78,load,11,,1,1.0,3,1,256,Vector,"79, 104",True,0,35,11,-78
79,reduce_max,78,,2,1.0,3,1,1,Scalar,89,False,0,34,,-79
80,load,12,,1,1.0,4,1,256,Vector,"81, 107",True,0,36,12,-80
81,reduce_max,80,,2,1.0,4,1,1,Scalar,90,False,0,35,,-81
82,load,13,,1,1.0,5,1,256,Vector,"83, 110",True,0,37,13,-82
83,reduce_max,82,,2,1.0,5,1,1,Scalar,90,False,0,36,,-83
84,load,14,,1,1.0,6,1,256,Vector,"85, 113",True,0,38,14,-84
85,reduce_max,84,,2,1.0,6,1,1,Scalar,91,False,0,37,,-85
86,load,15,,1,1.0,7,1,256,Vector,"87, 116",True,0,39,15,-86
87,reduce_max,86,,2,1.0,7,1,1,Scalar,91,False,0,38,,-87
88,max,73,75,3,1.0,,1,1,Scalar,92,False,0,39,,-88
89,max,77,79,3,1.0,,1,1,Scalar,92,False,0,40,,-89
90,max,81,83,3,1.0,,1,1,Scalar,93,False,0,41,,-90
91,max,85,87,3,1.0,,1,1,Scalar,93,False,0,42,,-91
92,max,88,89,4,1.0,,1,1,Scalar,94,False,0,43,,-92
93,max,90,91,4,1.0,,1,1,Scalar,94,False,0,44,,-93
94,max,92,93,5,1.0,,1,1,Scalar,"95, 98, 101, 104, 107, 110, 113, 116",False,0,45,,-94
95,sub,72,94,6,1.0,0,1,256,Vector,"96, 127",False,0,40,,-95
96,exp,95,,7,1.0,0,1,256,Vector,97,False,0,41,,-96
97,reduce_sum,96,,8,1.0,0,1,1,Scalar,119,False,0,46,,-97
98,sub,74,94,6,1.0,1,1,256,Vector,"99, 129",False,0,42,,-98
99,exp,98,,7,1.0,1,1,256,Vector,100,False,0,43,,-99
100,reduce_sum,99,,8,1.0,1,1,1,Scalar,119,False,0,47,,-100
101,sub,76,94,6,1.0,2,1,256,Vector,"102, 131",False,0,44,,-101
102,exp,101,,7,1.0,2,1,256,Vector,103,False,0,45,,-102
103,reduce_sum,102,,8,1.0,2,1,1,Scalar,120,False,0,48,,-103
104,sub,78,94,6,1.0,3,1,256,Vector,"105, 133",False,0,46,,-104
105,exp,104,,7,1.0,3,1,256,Vector,106,False,0,47,,-105
106,reduce_sum,105,,8,1.0,3,1,1,Scalar,120,False,0,49,,-106
107,sub,80,94,6,1.0,4,1,256,Vector,"108, 135",False,0,48,,-107
108,exp,107,,7,1.0,4,1,256,Vector,109,False,0,49,,-108
109,reduce_sum,108,,8,1.0,4,1,1,Scalar,121,False,0,50,,-109
110,sub,82,94,6,1.0,5,1,256,Vector,"111, 137",False,0,50,,-110
111,exp,110,,7,1.0,5,1,256,Vector,112,False,0,51,,-111
112,reduce_sum,111,,8,1.0,5,1,1,Scalar,121,False,0,51,,-112
113,sub,84,94,6,1.0,6,1,256,Vector,"114, 139",False,0,52,,-113
114,exp,113,,7,1.0,6,1,256,Vector,115,False,0,53,,-114
115,reduce_sum,114,,8,1.0,6,1,1,Scalar,122,False,0,52,,-115
116,sub,86,94,6,1.0,7,1,256,Vector,"117, 141",False,0,54,,-116
117,exp,116,,7,1.0,7,1,256,Vector,118,False,0,55,,-117
118,reduce_sum,117,,8,1.0,7,1,1,Scalar,122,False,0,53,,-118
119,add,97,100,9,1.0,,1,1,Scalar,123,False,0,54,,-119
120,add,103,106,9,1.0,,1,1,Scalar,123,False,0,55,,-120
121,add,109,112,9,1.0,,1,1,Scalar,124,False,0,56,,-121
122,add,115,118,9,1.0,,1,1,Scalar,124,False,0,57,,-122
123,add,119,120,10,1.0,,1,1,Scalar,125,False,0,58,,-123
124,add,121,122,10,1.0,,1,1,Scalar,125,False,0,59,,-124
125,add,123,124,11,1.0,,1,1,Scalar,126,False,0,60,,-125
126,ln,125,,12,1.0,,1,1,Scalar,"127, 129, 131, 133, 135, 137, 139, 141",False,0,61,,-126
127,sub,95,126,13,1.0,0,1,256,Vector,128,False,0,56,,-127
128,store,127,8,14,1.0,0,1,256,Vector,,False,0,,8,-128
129,sub,98,126,13,1.0,1,1,256,Vector,130,False,0,57,,-129
130,store,129,9,14,1.0,1,1,256,Vector,,False,0,,9,-130
131,sub,101,126,13,1.0,2,1,256,Vector,132,False,0,58,,-131
132,store,131,10,14,1.0,2,1,256,Vector,,False,0,,10,-132
133,sub,104,126,13,1.0,3,1,256,Vector,134,False,0,59,,-133
134,store,133,11,14,1.0,3,1,256,Vector,,False,0,,11,-134
135,sub,107,126,13,1.0,4,1,256,Vector,136,False,0,60,,-135
136,store,135,12,14,1.0,4,1,256,Vector,,False,0,,12,-136
137,sub,110,126,13,1.0,5,1,256,Vector,138,False,0,61,,-137
138,store,137,13,14,1.0,5,1,256,Vector,,False,0,,13,-138
139,sub,113,126,13,1.0,6,1,256,Vector,140,False,0,62,,-139
140,store,139,14,14,1.0,6,1,256,Vector,,False,0,,14,-140
141,sub,116,126,13,1.0,7,1,256,Vector,142,False,0,63,,-141
142,store,141,15,14,1.0,7,1,256,Vector,,False,0,,15,-142
143,load,16,,1,2.0,0,2,256,Vector,"144, 166",True,0,64,16,-143
144,reduce_max,143,,2,2.0,0,2,1,Scalar,159,False,0,62,,-144
145,load,17,,1,2.0,1,2,256,Vector,"146, 169",True,0,65,17,-145
146,reduce_max,145,,2,2.0,1,2,1,Scalar,159,False,0,63,,-146
147,load,18,,1,2.0,2,2,256,Vector,"148, 172",True,0,66,18,-147
148,reduce_max,147,,2,2.0,2,2,1,Scalar,160,False,0,64,,-148
149,load,19,,1,2.0,3,2,256,Vector,"150, 175",True,0,67,19,-149
150,reduce_max,149,,2,2.0,3,2,1,Scalar,160,False,0,65,,-150
151,load,20,,1,2.0,4,2,256,Vector,"152, 178",True,0,68,20,-151
152,reduce_max,151,,2,2.0,4,2,1,Scalar,161,False,0,66,,-152
153,load,21,,1,2.0,5,2,256,Vector,"154, 181",True,0,69,21,-153
154,reduce_max,153,,2,2.0,5,2,1,Scalar,161,False,0,67,,-154
155,load,22,,1,2.0,6,2,256,Vector,"156, 184",True,0,70,22,-155
156,reduce_max,155,,2,2.0,6,2,1,Scalar,162,False,0,68,,-156
157,load,23,,1,2.0,7,2,256,Vector,"158, 187",True,0,71,23,-157
158,reduce_max,157,,2,2.0,7,2,1,Scalar,162,False,0,69,,-158
159,max,144,146,3,2.0,,2,1,Scalar,163,False,0,70,,-159
160,max,148,150,3,2.0,,2,1,Scalar,163,False,0,71,,-160
161,max,152,154,3,2.0,,2,1,Scalar,164,False,0,72,,-161
162,max,156,158,3,2.0,,2,1,Scalar,164,False,0,73,,-162
163,max,159,160,4,2.0,,2,1,Scalar,165,False,0,74,,-163
164,max,161,162,4,2.0,,2,1,Scalar,165,False,0,75,,-164
165,max,163,164,5,2.0,,2,1,Scalar,"166, 169, 172, 175, 178, 181, 184, 187",False,0,76,,-165
166,sub,143,165,6,2.0,0,2,256,Vector,"167, 198",False,0,72,,-166
167,exp,166,,7,2.0,0,2,256,Vector,168,False,0,73,,-167
168,reduce_sum,167,,8,2.0,0,2,1,Scalar,190,False,0,77,,-168
169,sub,145,165,6,2.0,1,2,256,Vector,"170, 200",False,0,74,,-169
170,exp,169,,7,2.0,1,2,256,Vector,171,False,0,75,,-170
171,reduce_sum,170,,8,2.0,1,2,1,Scalar,190,False,0,78,,-171
172,sub,147,165,6,2.0,2,2,256,Vector,"173, 202",False,0,76,,-172
173,exp,172,,7,2.0,2,2,256,Vector,174,False,0,77,,-173
174,reduce_sum,173,,8,2.0,2,2,1,Scalar,191,False,0,79,,-174
175,sub,149,165,6,2.0,3,2,256,Vector,"176, 204",False,0,78,,-175
176,exp,175,,7,2.0,3,2,256,Vector,177,False,0,79,,-176
177,reduce_sum,176,,8,2.0,3,2,1,Scalar,191,False,0,80,,-177
178,sub,151,165,6,2.0,4,2,256,Vector,"179, 206",False,0,80,,-178
179,exp,178,,7,2.0,4,2,256,Vector,180,False,0,81,,-179
180,reduce_sum,179,,8,2.0,4,2,1,Scalar,192,False,0,81,,-180
181,sub,153,165,6,2.0,5,2,256,Vector,"182, 208",False,0,82,,-181
182,exp,181,,7,2.0,5,2,256,Vector,183,False,0,83,,-182
183,reduce_sum,182,,8,2.0,5,2,1,Scalar,192,False,0,82,,-183
184,sub,155,165,6,2.0,6,2,256,Vector,"185, 210",False,0,84,,-184
185,exp,184,,7,2.0,6,2,256,Vector,186,False,0,85,,-185
186,reduce_sum,185,,8,2.0,6,2,1,Scalar,193,False,0,83,,-186
187,sub,157,165,6,2.0,7,2,256,Vector,"188, 212",False,0,86,,-187
188,exp,187,,7,2.0,7,2,256,Vector,189,False,0,87,,-188
189,reduce_sum,188,,8,2.0,7,2,1,Scalar,193,False,0,84,,-189
190,add,168,171,9,2.0,,2,1,Scalar,194,False,0,85,,-190
191,add,174,177,9,2.0,,2,1,Scalar,194,False,0,86,,-191
192,add,180,183,9,2.0,,2,1,Scalar,195,False,0,87,,-192
193,add,186,189,9,2.0,,2,1,Scalar,195,False,0,88,,-193
194,add,190,191,10,2.0,,2,1,Scalar,196,False,0,89,,-194
195,add,192,193,10,2.0,,2,1,Scalar,196,False,0,90,,-195
196,add,194,195,11,2.0,,2,1,Scalar,197,False,0,91,,-196
197,ln,196,,12,2.0,,2,1,Scalar,"198, 200, 202, 204, 206, 208, 210, 212",False,0,92,,-197
198,sub,166,197,13,2.0,0,2,256,Vector,199,False,0,88,,-198
199,store,198,16,14,2.0,0,2,256,Vector,,False,0,,16,-199
200,sub,169,197,13,2.0,1,2,256,Vector,201,False,0,89,,-200
201,store,200,17,14,2.0,1,2,256,Vector,,False,0,,17,-201
202,sub,172,197,13,2.0,2,2,256,Vector,203,False,0,90,,-202
203,store,202,18,14,2.0,2,2,256,Vector,,False,0,,18,-203
204,sub,175,197,13,2.0,3,2,256,Vector,205,False,0,91,,-204
205,store,204,19,14,2.0,3,2,256,Vector,,False,0,,19,-205
206,sub,178,197,13,2.0,4,2,256,Vector,207,False,0,92,,-206
207,store,206,20,14,2.0,4,2,256,Vector,,False,0,,20,-207
208,sub,181,197,13,2.0,5,2,256,Vector,209,False,0,93,,-208
209,store,208,21,14,2.0,5,2,256,Vector,,False,0,,21,-209
210,sub,184,197,13,2.0,6,2,256,Vector,211,False,0,94,,-210
211,store,210,22,14,2.0,6,2,256,Vector,,False,0,,22,-211
212,sub,187,197,13,2.0,7,2,256,Vector,213,False,0,95,,-212
213,store,212,23,14,2.0,7,2,256,Vector,,False,0,,23,-213
214,load,24,,1,3.0,0,3,256,Vector,"215, 237",True,0,96,24,-214
215,reduce_max,214,,2,3.0,0,3,1,Scalar,230,False,0,93,,-215
216,load,25,,1,3.0,1,3,256,Vector,"217, 240",True,0,97,25,-216
217,reduce_max,216,,2,3.0,1,3,1,Scalar,230,False,0,94,,-217
218,load,26,,1,3.0,2,3,256,Vector,"219, 243",True,0,98,26,-218
219,reduce_max,218,,2,3.0,2,3,1,Scalar,231,False,0,95,,-219
220,load,27,,1,3.0,3,3,256,Vector,"221, 246",True,0,99,27,-220
221,reduce_max,220,,2,3.0,3,3,1,Scalar,231,False,0,96,,-221
222,load,28,,1,3.0,4,3,256,Vector,"223, 249",True,0,100,28,-222
223,reduce_max,222,,2,3.0,4,3,1,Scalar,232,False,0,97,,-223
224,load,29,,1,3.0,5,3,256,Vector,"225, 252",True,0,101,29,-224
225,reduce_max,224,,2,3.0,5,3,1,Scalar,232,False,0,98,,-225
226,load,30,,1,3.0,6,3,256,Vector,"227, 255",True,0,102,30,-226
227,reduce_max,226,,2,3.0,6,3,1,Scalar,233,False,0,99,,-227
228,load,31,,1,3.0,7,3,256,Vector,"229, 258",True,0,103,31,-228
229,reduce_max,228,,2,3.0,7,3,1,Scalar,233,False,0,100,,-229
230,max,215,217,3,3.0,,3,1,Scalar,234,False,0,101,,-230
231,max,219,221,3,3.0,,3,1,Scalar,234,False,0,102,,-231
232,max,223,225,3,3.0,,3,1,Scalar,235,False,0,103,,-232
233,max,227,229,3,3.0,,3,1,Scalar,235,False,0,104,,-233
234,max,230,231,4,3.0,,3,1,Scalar,236,False,0,105,,-234
235,max,232,233,4,3.0,,3,1,Scalar,236,False,0,106,,-235
236,max,234,235,5,3.0,,3,1,Scalar,"237, 240, 243, 246, 249, 252, 255, 258",False,0,107,,-236
237,sub,214,236,6,3.0,0,3,256,Vector,"238, 269",False,0,104,,-237
238,exp,237,,7,3.0,0,3,256,Vector,239,False,0,105,,-238
239,reduce_sum,238,,8,3.0,0,3,1,Scalar,261,False,0,108,,-239
240,sub,216,236,6,3.0,1,3,256,Vector,"241, 271",False,0,106,,-240
241,exp,240,,7,3.0,1,3,256,Vector,242,False,0,107,,-241
242,reduce_sum,241,,8,3.0,1,3,1,Scalar,261,False,0,109,,-242
243,sub,218,236,6,3.0,2,3,256,Vector,"244, 273",False,0,108,,-243
244,exp,243,,7,3.0,2,3,256,Vector,245,False,0,109,,-244
245,reduce_sum,244,,8,3.0,2,3,1,Scalar,262,False,0,110,,-245
246,sub,220,236,6,3.0,3,3,256,Vector,"247, 275",False,0,110,,-246
247,exp,246,,7,3.0,3,3,256,Vector,248,False,0,111,,-247
248,reduce_sum,247,,8,3.0,3,3,1,Scalar,262,False,0,111,,-248
249,sub,222,236,6,3.0,4,3,256,Vector,"250, 277",False,0,112,,-249
250,exp,249,,7,3.0,4,3,256,Vector,251,False,0,113,,-250
251,reduce_sum,250,,8,3.0,4,3,1,Scalar,263,False,0,112,,-251
252,sub,224,236,6,3.0,5,3,256,Vector,"253, 279",False,0,114,,-252
253,exp,252,,7,3.0,5,3,256,Vector,254,False,0,115,,-253
254,reduce_sum,253,,8,3.0,5,3,1,Scalar,263,False,0,113,,-254
255,sub,226,236,6,3.0,6,3,256,Vector,"256, 281",False,0,116,,-255
256,exp,255,,7,3.0,6,3,256,Vector,257,False,0,117,,-256
257,reduce_sum,256,,8,3.0,6,3,1,Scalar,264,False,0,114,,-257
258,sub,228,236,6,3.0,7,3,256,Vector,"259, 283",False,0,118,,-258
259,exp,258,,7,3.0,7,3,256,Vector,260,False,0,119,,-259
260,reduce_sum,259,,8,3.0,7,3,1,Scalar,264,False,0,115,,-260
261,add,239,242,9,3.0,,3,1,Scalar,265,False,0,116,,-261
262,add,245,248,9,3.0,,3,1,Scalar,265,False,0,117,,-262
263,add,251,254,9,3.0,,3,1,Scalar,266,False,0,118,,-263
264,add,257,260,9,3.0,,3,1,Scalar,266,False,0,119,,-264
265,add,261,262,10,3.0,,3,1,Scalar,267,False,0,120,,-265
266,add,263,264,10,3.0,,3,1,Scalar,267,False,0,121,,-266
267,add,265,266,11,3.0,,3,1,Scalar,268,False,0,122,,-267
268,ln,267,,12,3.0,,3,1,Scalar,"269, 271, 273, 275, 277, 279, 281, 283",False,0,123,,-268
269,sub,237,268,13,3.0,0,3,256,Vector,270,False,0,120,,-269
270,store,269,24,14,3.0,0,3,256,Vector,,False,0,,24,-270
271,sub,240,268,13,3.0,1,3,256,Vector,272,False,0,121,,-271
272,store,271,25,14,3.0,1,3,256,Vector,,False,0,,25,-272
273,sub,243,268,13,3.0,2,3,256,Vector,274,False,0,122,,-273
274,store,273,26,14,3.0,2,3,256,Vector,,False,0,,26,-274
275,sub,246,268,13,3.0,3,3,256,Vector,276,False,0,123,,-275
276,store,275,27,14,3.0,3,3,256,Vector,,False,0,,27,-276
277,sub,249,268,13,3.0,4,3,256,Vector,278,False,0,124,,-277
278,store,277,28,14,3.0,4,3,256,Vector,,False,0,,28,-278
279,sub,252,268,13,3.0,5,3,256,Vector,280,False,0,125,,-279
280,store,279,29,14,3.0,5,3,256,Vector,,False,0,,29,-280
281,sub,255,268,13,3.0,6,3,256,Vector,282,False,0,126,,-281
282,store,281,30,14,3.0,6,3,256,Vector,,False,0,,30,-282
283,sub,258,268,13,3.0,7,3,256,Vector,284,False,0,127,,-283
284,store,283,31,14,3.0,7,3,256,Vector,,False,0,,31,-284
285,load,32,,1,4.0,0,4,256,Vector,"286, 308",True,0,128,32,-285
286,reduce_max,285,,2,4.0,0,4,1,Scalar,301,False,0,124,,-286
287,load,33,,1,4.0,1,4,256,Vector,"288, 311",True,0,129,33,-287
288,reduce_max,287,,2,4.0,1,4,1,Scalar,301,False,0,125,,-288
289,load,34,,1,4.0,2,4,256,Vector,"290, 314",True,0,130,34,-289
290,reduce_max,289,,2,4.0,2,4,1,Scalar,302,False,0,126,,-290
291,load,35,,1,4.0,3,4,256,Vector,"292, 317",True,0,131,35,-291
292,reduce_max,291,,2,4.0,3,4,1,Scalar,302,False,0,127,,-292
293,load,36,,1,4.0,4,4,256,Vector,"294, 320",True,0,132,36,-293
294,reduce_max,293,,2,4.0,4,4,1,Scalar,303,False,0,128,,-294
295,load,37,,1,4.0,5,4,256,Vector,"296, 323",True,0,133,37,-295
296,reduce_max,295,,2,4.0,5,4,1,Scalar,303,False,0,129,,-296
297,load,38,,1,4.0,6,4,256,Vector,"298, 326",True,0,134,38,-297
298,reduce_max,297,,2,4.0,6,4,1,Scalar,304,False,0,130,,-298
299,load,39,,1,4.0,7,4,256,Vector,"300, 329",True,0,135,39,-299
300,reduce_max,299,,2,4.0,7,4,1,Scalar,304,False,0,131,,-300
301,max,286,288,3,4.0,,4,1,Scalar,305,False,0,132,,-301
302,max,290,292,3,4.0,,4,1,Scalar,305,False,0,133,,-302
303,max,294,296,3,4.0,,4,1,Scalar,306,False,0,134,,-303
304,max,298,300,3,4.0,,4,1,Scalar,306,False,0,135,,-304
305,max,301,302,4,4.0,,4,1,Scalar,307,False,0,136,,-305
306,max,303,304,4,4.0,,4,1,Scalar,307,False,0,137,,-306
307,max,305,306,5,4.0,,4,1,Scalar,"308, 311, 314, 317, 320, 323, 326, 329",False,0,138,,-307
308,sub,285,307,6,4.0,0,4,256,Vector,"309, 340",False,0,136,,-308
309,exp,308,,7,4.0,0,4,256,Vector,310,False,0,137,,-309
310,reduce_sum,309,,8,4.0,0,4,1,Scalar,332,False,0,139,,-310
311,sub,287,307,6,4.0,1,4,256,Vector,"312, 342",False,0,138,,-311
312,exp,311,,7,4.0,1,4,256,Vector,313,False,0,139,,-312
313,reduce_sum,312,,8,4.0,1,4,1,Scalar,332,False,0,140,,-313
314,sub,289,307,6,4.0,2,4,256,Vector,"315, 344",False,0,140,,-314
315,exp,314,,7,4.0,2,4,256,Vector,316,False,0,141,,-315
316,reduce_sum,315,,8,4.0,2,4,1,Scalar,333,False,0,141,,-316
317,sub,291,307,6,4.0,3,4,256,Vector,"318, 346",False,0,142,,-317
318,exp,317,,7,4.0,3,4,256,Vector,319,False,0,143,,-318
319,reduce_sum,318,,8,4.0,3,4,1,Scalar,333,False,0,142,,-319
320,sub,293,307,6,4.0,4,4,256,Vector,"321, 348",False,0,144,,-320
321,exp,320,,7,4.0,4,4,256,Vector,322,False,0,145,,-321
322,reduce_sum,321,,8,4.0,4,4,1,Scalar,334,False,0,143,,-322
323,sub,295,307,6,4.0,5,4,256,Vector,"324, 350",False,0,146,,-323
324,exp,323,,7,4.0,5,4,256,Vector,325,False,0,147,,-324
325,reduce_sum,324,,8,4.0,5,4,1,Scalar,334,False,0,144,,-325
326,sub,297,307,6,4.0,6,4,256,Vector,"327, 352",False,0,148,,-326
327,exp,326,,7,4.0,6,4,256,Vector,328,False,0,149,,-327
328,reduce_sum,327,,8,4.0,6,4,1,Scalar,335,False,0,145,,-328
329,sub,299,307,6,4.0,7,4,256,Vector,"330, 354",False,0,150,,-329
330,exp,329,,7,4.0,7,4,256,Vector,331,False,0,151,,-330
331,reduce_sum,330,,8,4.0,7,4,1,Scalar,335,False,0,146,,-331
332,add,310,313,9,4.0,,4,1,Scalar,336,False,0,147,,-332
333,add,316,319,9,4.0,,4,1,Scalar,336,False,0,148,,-333
334,add,322,325,9,4.0,,4,1,Scalar,337,False,0,149,,-334
335,add,328,331,9,4.0,,4,1,Scalar,337,False,0,150,,-335
336,add,332,333,10,4.0,,4,1,Scalar,338,False,0,151,,-336
337,add,334,335,10,4.0,,4,1,Scalar,338,False,0,152,,-337
338,add,336,337,11,4.0,,4,1,Scalar,339,False,0,153,,-338
339,ln,338,,12,4.0,,4,1,Scalar,"340, 342, 344, 346, 348, 350, 352, 354",False,0,154,,-339
340,sub,308,339,13,4.0,0,4,256,Vector,341,False,0,152,,-340
341,store,340,32,14,4.0,0,4,256,Vector,,False,0,,32,-341
342,sub,311,339,13,4.0,1,4,256,Vector,343,False,0,153,,-342
343,store,342,33,14,4.0,1,4,256,Vector,,False,0,,33,-343
344,sub,314,339,13,4.0,2,4,256,Vector,345,False,0,154,,-344
345,store,344,34,14,4.0,2,4,256,Vector,,False,0,,34,-345
346,sub,317,339,13,4.0,3,4,256,Vector,347,False,0,155,,-346
347,store,346,35,14,4.0,3,4,256,Vector,,False,0,,35,-347
348,sub,320,339,13,4.0,4,4,256,Vector,349,False,0,156,,-348
349,store,348,36,14,4.0,4,4,256,Vector,,False,0,,36,-349
350,sub,323,339,13,4.0,5,4,256,Vector,351,False,0,157,,-350
351,store,350,37,14,4.0,5,4,256,Vector,,False,0,,37,-351
352,sub,326,339,13,4.0,6,4,256,Vector,353,False,0,158,,-352
353,store,352,38,14,4.0,6,4,256,Vector,,False,0,,38,-353
354,sub,329,339,13,4.0,7,4,256,Vector,355,False,0,159,,-354
355,store,354,39,14,4.0,7,4,256,Vector,,False,0,,39,-355
356,load,40,,1,5.0,0,5,256,Vector,"357, 379",True,0,160,40,-356
357,reduce_max,356,,2,5.0,0,5,1,Scalar,372,False,0,155,,-357
358,load,41,,1,5.0,1,5,256,Vector,"359, 382",True,0,161,41,-358
359,reduce_max,358,,2,5.0,1,5,1,Scalar,372,False,0,156,,-359
360,load,42,,1,5.0,2,5,256,Vector,"361, 385",True,0,162,42,-360
361,reduce_max,360,,2,5.0,2,5,1,Scalar,373,False,0,157,,-361
362,load,43,,1,5.0,3,5,256,Vector,"363, 388",True,0,163,43,-362
363,reduce_max,362,,2,5.0,3,5,1,Scalar,373,False,0,158,,-363
364,load,44,,1,5.0,4,5,256,Vector,"365, 391",True,0,164,44,-364
365,reduce_max,364,,2,5.0,4,5,1,Scalar,374,False,0,159,,-365
366,load,45,,1,5.0,5,5,256,Vector,"367, 394",True,0,165,45,-366
367,reduce_max,366,,2,5.0,5,5,1,Scalar,374,False,0,160,,-367
368,load,46,,1,5.0,6,5,256,Vector,"369, 397",True,0,166,46,-368
369,reduce_max,368,,2,5.0,6,5,1,Scalar,375,False,0,161,,-369
370,load,47,,1,5.0,7,5,256,Vector,"371, 400",True,0,167,47,-370
371,reduce_max,370,,2,5.0,7,5,1,Scalar,375,False,0,162,,-371
372,max,357,359,3,5.0,,5,1,Scalar,376,False,0,163,,-372
373,max,361,363,3,5.0,,5,1,Scalar,376,False,0,164,,-373
374,max,365,367,3,5.0,,5,1,Scalar,377,False,0,165,,-374
375,max,369,371,3,5.0,,5,1,Scalar,377,False,0,166,,-375
376,max,372,373,4,5.0,,5,1,Scalar,378,False,0,167,,-376
377,max,374,375,4,5.0,,5,1,Scalar,378,False,0,168,,-377
378,max,376,377,5,5.0,,5,1,Scalar,"379, 382, 385, 388, 391, 394, 397, 400",False,0,169,,-378
379,sub,356,378,6,5.0,0,5,256,Vector,"380, 411",False,0,168,,-379
380,exp,379,,7,5.0,0,5,256,Vector,381,False,0,169,,-380
381,reduce_sum,380,,8,5.0,0,5,1,Scalar,403,False,0,170,,-381
382,sub,358,378,6,5.0,1,5,256,Vector,"383, 413",False,0,170,,-382
383,exp,382,,7,5.0,1,5,256,Vector,384,False,0,171,,-383
384,reduce_sum,383,,8,5.0,1,5,1,Scalar,403,False,0,171,,-384
385,sub,360,378,6,5.0,2,5,256,Vector,"386, 415",False,0,172,,-385
386,exp,385,,7,5.0,2,5,256,Vector,387,False,0,173,,-386
387,reduce_sum,386,,8,5.0,2,5,1,Scalar,404,False,0,172,,-387
388,sub,362,378,6,5.0,3,5,256,Vector,"389, 417",False,0,174,,-388
389,exp,388,,7,5.0,3,5,256,Vector,390,False,0,175,,-389
390,reduce_sum,389,,8,5.0,3,5,1,Scalar,404,False,0,173,,-390
391,sub,364,378,6,5.0,4,5,256,Vector,"392, 419",False,0,176,,-391
392,exp,391,,7,5.0,4,5,256,Vector,393,False,0,177,,-392
393,reduce_sum,392,,8,5.0,4,5,1,Scalar,405,False,0,174,,-393
394,sub,366,378,6,5.0,5,5,256,Vector,"395, 421",False,0,178,,-394
395,exp,394,,7,5.0,5,5,256,Vector,396,False,0,179,,-395
396,reduce_sum,395,,8,5.0,5,5,1,Scalar,405,False,0,175,,-396
397,sub,368,378,6,5.0,6,5,256,Vector,"398, 423",False,0,180,,-397
398,exp,397,,7,5.0,6,5,256,Vector,399,False,0,181,,-398
399,reduce_sum,398,,8,5.0,6,5,1,Scalar,406,False,0,176,,-399
400,sub,370,378,6,5.0,7,5,256,Vector,"401, 425",False,0,182,,-400
401,exp,400,,7,5.0,7,5,256,Vector,402,False,0,183,,-401
402,reduce_sum,401,,8,5.0,7,5,1,Scalar,406,False,0,177,,-402
403,add,381,384,9,5.0,,5,1,Scalar,407,False,0,178,,-403
404,add,387,390,9,5.0,,5,1,Scalar,407,False,0,179,,-404
405,add,393,396,9,5.0,,5,1,Scalar,408,False,0,180,,-405
406,add,399,402,9,5.0,,5,1,Scalar,408,False,0,181,,-406
407,add,403,404,10,5.0,,5,1,Scalar,409,False,0,182,,-407
408,add,405,406,10,5.0,,5,1,Scalar,409,False,0,183,,-408
409,add,407,408,11,5.0,,5,1,Scalar,410,False,0,184,,-409
410,ln,409,,12,5.0,,5,1,Scalar,"411, 413, 415, 417, 419, 421, 423, 425",False,0,185,,-410
411,sub,379,410,13,5.0,0,5,256,Vector,412,False,0,184,,-411
412,store,411,40,14,5.0,0,5,256,Vector,,False,0,,40,-412
413,sub,382,410,13,5.0,1,5,256,Vector,414,False,0,185,,-413
414,store,413,41,14,5.0,1,5,256,Vector,,False,0,,41,-414
415,sub,385,410,13,5.0,2,5,256,Vector,416,False,0,186,,-415
416,store,415,42,14,5.0,2,5,256,Vector,,False,0,,42,-416
417,sub,388,410,13,5.0,3,5,256,Vector,418,False,0,187,,-417
418,store,417,43,14,5.0,3,5,256,Vector,,False,0,,43,-418
419,sub,391,410,13,5.0,4,5,256,Vector,420,False,0,188,,-419
420,store,419,44,14,5.0,4,5,256,Vector,,False,0,,44,-420
421,sub,394,410,13,5.0,5,5,256,Vector,422,False,0,189,,-421
422,store,421,45,14,5.0,5,5,256,Vector,,False,0,,45,-422
423,sub,397,410,13,5.0,6,5,256,Vector,424,False,0,190,,-423
424,store,423,46,14,5.0,6,5,256,Vector,,False,0,,46,-424
425,sub,400,410,13,5.0,7,5,256,Vector,426,False,0,191,,-425
426,store,425,47,14,5.0,7,5,256,Vector,,False,0,,47,-426
427,load,48,,1,6.0,0,6,256,Vector,"428, 450",True,0,192,48,-427
428,reduce_max,427,,2,6.0,0,6,1,Scalar,443,False,0,186,,-428
429,load,49,,1,6.0,1,6,256,Vector,"430, 453",True,0,193,49,-429
430,reduce_max,429,,2,6.0,1,6,1,Scalar,443,False,0,187,,-430
431,load,50,,1,6.0,2,6,256,Vector,"432, 456",True,0,194,50,-431
432,reduce_max,431,,2,6.0,2,6,1,Scalar,444,False,0,188,,-432
433,load,51,,1,6.0,3,6,256,Vector,"434, 459",True,0,195,51,-433
434,reduce_max,433,,2,6.0,3,6,1,Scalar,444,False,0,189,,-434
435,load,52,,1,6.0,4,6,256,Vector,"436, 462",True,0,196,52,-435
436,reduce_max,435,,2,6.0,4,6,1,Scalar,445,False,0,190,,-436
437,load,53,,1,6.0,5,6,256,Vector,"438, 465",True,0,197,53,-437
438,reduce_max,437,,2,6.0,5,6,1,Scalar,445,False,0,191,,-438
439,load,54,,1,6.0,6,6,256,Vector,"440, 468",True,0,198,54,-439
440,reduce_max,439,,2,6.0,6,6,1,Scalar,446,False,0,192,,-440
441,load,55,,1,6.0,7,6,256,Vector,"442, 471",True,0,199,55,-441
442,reduce_max,441,,2,6.0,7,6,1,Scalar,446,False,0,193,,-442
443,max,428,430,3,6.0,,6,1,Scalar,447,False,0,194,,-443
444,max,432,434,3,6.0,,6,1,Scalar,447,False,0,195,,-444
445,max,436,438,3,6.0,,6,1,Scalar,448,False,0,196,,-445
446,max,440,442,3,6.0,,6,1,Scalar,448,False,0,197,,-446
447,max,443,444,4,6.0,,6,1,Scalar,449,False,0,198,,-447
448,max,445,446,4,6.0,,6,1,Scalar,449,False,0,199,,-448
449,max,447,448,5,6.0,,6,1,Scalar,"450, 453, 456, 459, 462, 465, 468, 471",False,0,200,,-449
450,sub,427,449,6,6.0,0,6,256,Vector,"451, 482",False,0,200,,-450
451,exp,450,,7,6.0,0,6,256,Vector,452,False,0,201,,-451
452,reduce_sum,451,,8,6.0,0,6,1,Scalar,474,False,0,201,,-452
453,sub,429,449,6,6.0,1,6,256,Vector,"454, 484",False,0,202,,-453
454,exp,453,,7,6.0,1,6,256,Vector,455,False,0,203,,-454
455,reduce_sum,454,,8,6.0,1,6,1,Scalar,474,False,0,202,,-455
456,sub,431,449,6,6.0,2,6,256,Vector,"457, 486",False,0,204,,-456
457,exp,456,,7,6.0,2,6,256,Vector,458,False,0,205,,-457
458,reduce_sum,457,,8,6.0,2,6,1,Scalar,475,False,0,203,,-458
459,sub,433,449,6,6.0,3,6,256,Vector,"460, 488",False,0,206,,-459
460,exp,459,,7,6.0,3,6,256,Vector,461,False,0,207,,-460
461,reduce_sum,460,,8,6.0,3,6,1,Scalar,475,False,0,204,,-461
462,sub,435,449,6,6.0,4,6,256,Vector,"463, 490",False,0,208,,-462
463,exp,462,,7,6.0,4,6,256,Vector,464,False,0,209,,-463
464,reduce_sum,463,,8,6.0,4,6,1,Scalar,476,False,0,205,,-464
465,sub,437,449,6,6.0,5,6,256,Vector,"466, 492",False,0,210,,-465
466,exp,465,,7,6.0,5,6,256,Vector,467,False,0,211,,-466
467,reduce_sum,466,,8,6.0,5,6,1,Scalar,476,False,0,206,,-467
468,sub,439,449,6,6.0,6,6,256,Vector,"469, 494",False,0,212,,-468
469,exp,468,,7,6.0,6,6,256,Vector,470,False,0,213,,-469
470,reduce_sum,469,,8,6.0,6,6,1,Scalar,477,False,0,207,,-470
471,sub,441,449,6,6.0,7,6,256,Vector,"472, 496",False,0,214,,-471
472,exp,471,,7,6.0,7,6,256,Vector,473,False,0,215,,-472
473,reduce_sum,472,,8,6.0,7,6,1,Scalar,477,False,0,208,,-473
474,add,452,455,9,6.0,,6,1,Scalar,478,False,0,209,,-474
475,add,458,461,9,6.0,,6,1,Scalar,478,False,0,210,,-475
476,add,464,467,9,6.0,,6,1,Scalar,479,False,0,211,,-476
477,add,470,473,9,6.0,,6,1,Scalar,479,False,0,212,,-477
478,add,474,475,10,6.0,,6,1,Scalar,480,False,0,213,,-478
479,add,476,477,10,6.0,,6,1,Scalar,480,False,0,214,,-479
480,add,478,479,11,6.0,,6,1,Scalar,481,False,0,215,,-480
481,ln,480,,12,6.0,,6,1,Scalar,"482, 484, 486, 488, 490, 492, 494, 496",False,0,216,,-481
482,sub,450,481,13,6.0,0,6,256,Vector,483,False,0,216,,-482
483,store,482,48,14,6.0,0,6,256,Vector,,False,0,,48,-483
484,sub,453,481,13,6.0,1,6,256,Vector,485,False,0,217,,-484
485,store,484,49,14,6.0,1,6,256,Vector,,False,0,,49,-485
486,sub,456,481,13,6.0,2,6,256,Vector,487,False,0,218,,-486
487,store,486,50,14,6.0,2,6,256,Vector,,False,0,,50,-487
488,sub,459,481,13,6.0,3,6,256,Vector,489,False,0,219,,-488
489,store,488,51,14,6.0,3,6,256,Vector,,False,0,,51,-489
490,sub,462,481,13,6.0,4,6,256,Vector,491,False,0,220,,-490
491,store,490,52,14,6.0,4,6,256,Vector,,False,0,,52,-491
492,sub,465,481,13,6.0,5,6,256,Vector,493,False,0,221,,-492
493,store,492,53,14,6.0,5,6,256,Vector,,False,0,,53,-493
494,sub,468,481,13,6.0,6,6,256,Vector,495,False,0,222,,-494
495,store,494,54,14,6.0,6,6,256,Vector,,False,0,,54,-495
496,sub,471,481,13,6.0,7,6,256,Vector,497,False,0,223,,-496
497,store,496,55,14,6.0,7,6,256,Vector,,False,0,,55,-497
498,load,56,,1,7.0,0,7,256,Vector,"499, 521",True,0,224,56,-498
499,reduce_max,498,,2,7.0,0,7,1,Scalar,514,False,0,217,,-499
500,load,57,,1,7.0,1,7,256,Vector,"501, 524",True,0,225,57,-500
501,reduce_max,500,,2,7.0,1,7,1,Scalar,514,False,0,218,,-501
502,load,58,,1,7.0,2,7,256,Vector,"503, 527",True,0,226,58,-502
503,reduce_max,502,,2,7.0,2,7,1,Scalar,515,False,0,219,,-503
504,load,59,,1,7.0,3,7,256,Vector,"505, 530",True,0,227,59,-504
505,reduce_max,504,,2,7.0,3,7,1,Scalar,515,False,0,220,,-505
506,load,60,,1,7.0,4,7,256,Vector,"507, 533",True,0,228,60,-506
507,reduce_max,506,,2,7.0,4,7,1,Scalar,516,False,0,221,,-507
508,load,61,,1,7.0,5,7,256,Vector,"509, 536",True,0,229,61,-508
509,reduce_max,508,,2,7.0,5,7,1,Scalar,516,False,0,222,,-509
510,load,62,,1,7.0,6,7,256,Vector,"511, 539",True,0,230,62,-510
511,reduce_max,510,,2,7.0,6,7,1,Scalar,517,False,0,223,,-511
512,load,63,,1,7.0,7,7,256,Vector,"513, 542",True,0,231,63,-512
513,reduce_max,512,,2,7.0,7,7,1,Scalar,517,False,0,224,,-513
514,max,499,501,3,7.0,,7,1,Scalar,518,False,0,225,,-514
515,max,503,505,3,7.0,,7,1,Scalar,518,False,0,226,,-515
516,max,507,509,3,7.0,,7,1,Scalar,519,False,0,227,,-516
517,max,511,513,3,7.0,,7,1,Scalar,519,False,0,228,,-517
518,max,514,515,4,7.0,,7,1,Scalar,520,False,0,229,,-518
519,max,516,517,4,7.0,,7,1,Scalar,520,False,0,230,,-519
520,max,518,519,5,7.0,,7,1,Scalar,"521, 524, 527, 530, 533, 536, 539, 542",False,0,231,,-520
521,sub,498,520,6,7.0,0,7,256,Vector,"522, 553",False,0,232,,-521
522,exp,521,,7,7.0,0,7,256,Vector,523,False,0,233,,-522
523,reduce_sum,522,,8,7.0,0,7,1,Scalar,545,False,0,232,,-523
524,sub,500,520,6,7.0,1,7,256,Vector,"525, 555",False,0,234,,-524
525,exp,524,,7,7.0,1,7,256,Vector,526,False,0,235,,-525
526,reduce_sum,525,,8,7.0,1,7,1,Scalar,545,False,0,233,,-526
527,sub,502,520,6,7.0,2,7,256,Vector,"528, 557",False,0,236,,-527
528,exp,527,,7,7.0,2,7,256,Vector,529,False,0,237,,-528
529,reduce_sum,528,,8,7.0,2,7,1,Scalar,546,False,0,234,,-529
530,sub,504,520,6,7.0,3,7,256,Vector,"531, 559",False,0,238,,-530
531,exp,530,,7,7.0,3,7,256,Vector,532,False,0,239,,-531
532,reduce_sum,531,,8,7.0,3,7,1,Scalar,546,False,0,235,,-532
533,sub,506,520,6,7.0,4,7,256,Vector,"534, 561",False,0,240,,-533
534,exp,533,,7,7.0,4,7,256,Vector,535,False,0,241,,-534
535,reduce_sum,534,,8,7.0,4,7,1,Scalar,547,False,0,236,,-535
536,sub,508,520,6,7.0,5,7,256,Vector,"537, 563",False,0,242,,-536
537,exp,536,,7,7.0,5,7,256,Vector,538,False,0,243,,-537
538,reduce_sum,537,,8,7.0,5,7,1,Scalar,547,False,0,237,,-538
539,sub,510,520,6,7.0,6,7,256,Vector,"540, 565",False,0,244,,-539
540,exp,539,,7,7.0,6,7,256,Vector,541,False,0,245,,-540
541,reduce_sum,540,,8,7.0,6,7,1,Scalar,548,False,0,238,,-541
542,sub,512,520,6,7.0,7,7,256,Vector,"543, 567",False,0,246,,-542
543,exp,542,,7,7.0,7,7,256,Vector,544,False,0,247,,-543
544,reduce_sum,543,,8,7.0,7,7,1,Scalar,548,False,0,239,,-544
545,add,523,526,9,7.0,,7,1,Scalar,549,False,0,240,,-545
546,add,529,532,9,7.0,,7,1,Scalar,549,False,0,241,,-546
547,add,535,538,9,7.0,,7,1,Scalar,550,False,0,242,,-547
548,add,541,544,9,7.0,,7,1,Scalar,550,False,0,243,,-548
549,add,545,546,10,7.0,,7,1,Scalar,551,False,0,244,,-549
550,add,547,548,10,7.0,,7,1,Scalar,551,False,0,245,,-550
551,add,549,550,11,7.0,,7,1,Scalar,552,False,0,246,,-551
552,ln,551,,12,7.0,,7,1,Scalar,"553, 555, 557, 559, 561, 563, 565, 567",False,0,247,,-552
553,sub,521,552,13,7.0,0,7,256,Vector,554,False,0,248,,-553
554,store,553,56,14,7.0,0,7,256,Vector,,False,0,,56,-554
555,sub,524,552,13,7.0,1,7,256,Vector,556,False,0,249,,-555
556,store,555,57,14,7.0,1,7,256,Vector,,False,0,,57,-556
557,sub,527,552,13,7.0,2,7,256,Vector,558,False,0,250,,-557
558,store,557,58,14,7.0,2,7,256,Vector,,False,0,,58,-558
559,sub,530,552,13,7.0,3,7,256,Vector,560,False,0,251,,-559
560,store,559,59,14,7.0,3,7,256,Vector,,False,0,,59,-560
561,sub,533,552,13,7.0,4,7,256,Vector,562,False,0,252,,-561
562,store,561,60,14,7.0,4,7,256,Vector,,False,0,,60,-562
563,sub,536,552,13,7.0,5,7,256,Vector,564,False,0,253,,-563
564,store,563,61,14,7.0,5,7,256,Vector,,False,0,,61,-564
565,sub,539,552,13,7.0,6,7,256,Vector,566,False,0,254,,-565
566,store,565,62,14,7.0,6,7,256,Vector,,False,0,,62,-566
567,sub,542,552,13,7.0,7,7,256,Vector,568,False,0,255,,-567
568,store,567,63,14,7.0,7,7,256,Vector,,False,0,,63,-568
569,load,64,,1,8.0,0,8,256,Vector,"570, 592",True,0,0,64,-569
570,reduce_max,569,,2,8.0,0,8,1,Scalar,585,False,0,248,,-570
571,load,65,,1,8.0,1,8,256,Vector,"572, 595",True,0,1,65,-571
572,reduce_max,571,,2,8.0,1,8,1,Scalar,585,False,0,249,,-572
573,load,66,,1,8.0,2,8,256,Vector,"574, 598",True,0,2,66,-573
574,reduce_max,573,,2,8.0,2,8,1,Scalar,586,False,0,250,,-574
575,load,67,,1,8.0,3,8,256,Vector,"576, 601",True,0,3,67,-575
576,reduce_max,575,,2,8.0,3,8,1,Scalar,586,False,0,251,,-576
577,load,68,,1,8.0,4,8,256,Vector,"578, 604",True,0,4,68,-577
578,reduce_max,577,,2,8.0,4,8,1,Scalar,587,False,0,252,,-578
579,load,69,,1,8.0,5,8,256,Vector,"580, 607",True,0,5,69,-579
580,reduce_max,579,,2,8.0,5,8,1,Scalar,587,False,0,253,,-580
581,load,70,,1,8.0,6,8,256,Vector,"582, 610",True,0,6,70,-581
582,reduce_max,581,,2,8.0,6,8,1,Scalar,588,False,0,254,,-582
583,load,71,,1,8.0,7,8,256,Vector,"584, 613",True,0,7,71,-583
584,reduce_max,583,,2,8.0,7,8,1,Scalar,588,False,0,255,,-584
585,max,570,572,3,8.0,,8,1,Scalar,589,False,0,0,,-585
586,max,574,576,3,8.0,,8,1,Scalar,589,False,0,1,,-586
587,max,578,580,3,8.0,,8,1,Scalar,590,False,0,2,,-587
588,max,582,584,3,8.0,,8,1,Scalar,590,False,0,3,,-588
589,max,585,586,4,8.0,,8,1,Scalar,591,False,0,4,,-589
590,max,587,588,4,8.0,,8,1,Scalar,591,False,0,5,,-590
591,max,589,590,5,8.0,,8,1,Scalar,"592, 595, 598, 601, 604, 607, 610, 613",False,0,6,,-591
592,sub,569,591,6,8.0,0,8,256,Vector,"593, 624",False,0,8,,-592
593,exp,592,,7,8.0,0,8,256,Vector,594,False,0,9,,-593
594,reduce_sum,593,,8,8.0,0,8,1,Scalar,616,False,0,7,,-594
595,sub,571,591,6,8.0,1,8,256,Vector,"596, 626",False,0,10,,-595
596,exp,595,,7,8.0,1,8,256,Vector,597,False,0,11,,-596
597,reduce_sum,596,,8,8.0,1,8,1,Scalar,616,False,0,8,,-597
598,sub,573,591,6,8.0,2,8,256,Vector,"599, 628",False,0,12,,-598
599,exp,598,,7,8.0,2,8,256,Vector,600,False,0,13,,-599
600,reduce_sum,599,,8,8.0,2,8,1,Scalar,617,False,0,9,,-600
601,sub,575,591,6,8.0,3,8,256,Vector,"602, 630",False,0,14,,-601
602,exp,601,,7,8.0,3,8,256,Vector,603,False,0,15,,-602
603,reduce_sum,602,,8,8.0,3,8,1,Scalar,617,False,0,10,,-603
604,sub,577,591,6,8.0,4,8,256,Vector,"605, 632",False,0,16,,-604
605,exp,604,,7,8.0,4,8,256,Vector,606,False,0,17,,-605
606,reduce_sum,605,,8,8.0,4,8,1,Scalar,618,False,0,11,,-606
607,sub,579,591,6,8.0,5,8,256,Vector,"608, 634",False,0,18,,-607
608,exp,607,,7,8.0,5,8,256,Vector,609,False,0,19,,-608
609,reduce_sum,608,,8,8.0,5,8,1,Scalar,618,False,0,12,,-609
610,sub,581,591,6,8.0,6,8,256,Vector,"611, 636",False,0,20,,-610
611,exp,610,,7,8.0,6,8,256,Vector,612,False,0,21,,-611
612,reduce_sum,611,,8,8.0,6,8,1,Scalar,619,False,0,13,,-612
613,sub,583,591,6,8.0,7,8,256,Vector,"614, 638",False,0,22,,-613
614,exp,613,,7,8.0,7,8,256,Vector,615,False,0,23,,-614
615,reduce_sum,614,,8,8.0,7,8,1,Scalar,619,False,0,14,,-615
616,add,594,597,9,8.0,,8,1,Scalar,620,False,0,15,,-616
617,add,600,603,9,8.0,,8,1,Scalar,620,False,0,16,,-617
618,add,606,609,9,8.0,,8,1,Scalar,621,False,0,17,,-618
619,add,612,615,9,8.0,,8,1,Scalar,621,False,0,18,,-619
620,add,616,617,10,8.0,,8,1,Scalar,622,False,0,19,,-620
621,add,618,619,10,8.0,,8,1,Scalar,622,False,0,20,,-621
622,add,620,621,11,8.0,,8,1,Scalar,623,False,0,21,,-622
623,ln,622,,12,8.0,,8,1,Scalar,"624, 626, 628, 630, 632, 634, 636, 638",False,0,22,,-623
624,sub,592,623,13,8.0,0,8,256,Vector,625,False,0,24,,-624
625,store,624,64,14,8.0,0,8,256,Vector,,False,0,,64,-625
626,sub,595,623,13,8.0,1,8,256,Vector,627,False,0,25,,-626
627,store,626,65,14,8.0,1,8,256,Vector,,False,0,,65,-627
628,sub,598,623,13,8.0,2,8,256,Vector,629,False,0,26,,-628
629,store,628,66,14,8.0,2,8,256,Vector,,False,0,,66,-629
630,sub,601,623,13,8.0,3,8,256,Vector,631,False,0,27,,-630
631,store,630,67,14,8.0,3,8,256,Vector,,False,0,,67,-631
632,sub,604,623,13,8.0,4,8,256,Vector,633,False,0,28,,-632
633,store,632,68,14,8.0,4,8,256,Vector,,False,0,,68,-633
634,sub,607,623,13,8.0,5,8,256,Vector,635,False,0,29,,-634
635,store,634,69,14,8.0,5,8,256,Vector,,False,0,,69,-635
636,sub,610,623,13,8.0,6,8,256,Vector,637,False,0,30,,-636
637,store,636,70,14,8.0,6,8,256,Vector,,False,0,,70,-637
638,sub,613,623,13,8.0,7,8,256,Vector,639,False,0,31,,-638
639,store,638,71,14,8.0,7,8,256,Vector,,False,0,,71,-639
640,load,72,,1,9.0,0,9,256,Vector,"641, 663",True,0,32,72,-640
641,reduce_max,640,,2,9.0,0,9,1,Scalar,656,False,0,23,,-641
642,load,73,,1,9.0,1,9,256,Vector,"643, 666",True,0,33,73,-642
643,reduce_max,642,,2,9.0,1,9,1,Scalar,656,False,0,24,,-643
644,load,74,,1,9.0,2,9,256,Vector,"645, 669",True,0,34,74,-644
645,reduce_max,644,,2,9.0,2,9,1,Scalar,657,False,0,25,,-645
646,load,75,,1,9.0,3,9,256,Vector,"647, 672",True,0,35,75,-646
647,reduce_max,646,,2,9.0,3,9,1,Scalar,657,False,0,26,,-647
648,load,76,,1,9.0,4,9,256,Vector,"649, 675",True,0,36,76,-648
649,reduce_max,648,,2,9.0,4,9,1,Scalar,658,False,0,27,,-649
650,load,77,,1,9.0,5,9,256,Vector,"651, 678",True,0,37,77,-650
651,reduce_max,650,,2,9.0,5,9,1,Scalar,658,False,0,28,,-651
652,load,78,,1,9.0,6,9,256,Vector,"653, 681",True,0,38,78,-652
653,reduce_max,652,,2,9.0,6,9,1,Scalar,659,False,0,29,,-653
654,load,79,,1,9.0,7,9,256,Vector,"655, 684",True,0,39,79,-654
655,reduce_max,654,,2,9.0,7,9,1,Scalar,659,False,0,30,,-655
656,max,641,643,3,9.0,,9,1,Scalar,660,False,0,31,,-656
657,max,645,647,3,9.0,,9,1,Scalar,660,False,0,32,,-657
658,max,649,651,3,9.0,,9,1,Scalar,661,False,0,33,,-658
659,max,653,655,3,9.0,,9,1,Scalar,661,False,0,34,,-659
660,max,656,657,4,9.0,,9,1,Scalar,662,False,0,35,,-660
661,max,658,659,4,9.0,,9,1,Scalar,662,False,0,36,,-661
662,max,660,661,5,9.0,,9,1,Scalar,"663, 666, 669, 672, 675, 678, 681, 684",False,0,37,,-662
663,sub,640,662,6,9.0,0,9,256,Vector,"664, 695",False,0,40,,-663
664,exp,663,,7,9.0,0,9,256,Vector,665,False,0,41,,-664
665,reduce_sum,664,,8,9.0,0,9,1,Scalar,687,False,0,38,,-665
666,sub,642,662,6,9.0,1,9,256,Vector,"667, 697",False,0,42,,-666
667,exp,666,,7,9.0,1,9,256,Vector,668,False,0,43,,-667
668,reduce_sum,667,,8,9.0,1,9,1,Scalar,687,False,0,39,,-668
669,sub,644,662,6,9.0,2,9,256,Vector,"670, 699",False,0,44,,-669
670,exp,669,,7,9.0,2,9,256,Vector,671,False,0,45,,-670
671,reduce_sum,670,,8,9.0,2,9,1,Scalar,688,False,0,40,,-671
672,sub,646,662,6,9.0,3,9,256,Vector,"673, 701",False,0,46,,-672
673,exp,672,,7,9.0,3,9,256,Vector,674,False,0,47,,-673
674,reduce_sum,673,,8,9.0,3,9,1,Scalar,688,False,0,41,,-674
675,sub,648,662,6,9.0,4,9,256,Vector,"676, 703",False,0,48,,-675
676,exp,675,,7,9.0,4,9,256,Vector,677,False,0,49,,-676
677,reduce_sum,676,,8,9.0,4,9,1,Scalar,689,False,0,42,,-677
678,sub,650,662,6,9.0,5,9,256,Vector,"679, 705",False,0,50,,-678
679,exp,678,,7,9.0,5,9,256,Vector,680,False,0,51,,-679
680,reduce_sum,679,,8,9.0,5,9,1,Scalar,689,False,0,43,,-680
681,sub,652,662,6,9.0,6,9,256,Vector,"682, 707",False,0,52,,-681
682,exp,681,,7,9.0,6,9,256,Vector,683,False,0,53,,-682
683,reduce_sum,682,,8,9.0,6,9,1,Scalar,690,False,0,44,,-683
684,sub,654,662,6,9.0,7,9,256,Vector,"685, 709",False,0,54,,-684
685,exp,684,,7,9.0,7,9,256,Vector,686,False,0,55,,-685
686,reduce_sum,685,,8,9.0,7,9,1,Scalar,690,False,0,45,,-686
687,add,665,668,9,9.0,,9,1,Scalar,691,False,0,46,,-687
688,add,671,674,9,9.0,,9,1,Scalar,691,False,0,47,,-688
689,add,677,680,9,9.0,,9,1,Scalar,692,False,0,48,,-689
690,add,683,686,9,9.0,,9,1,Scalar,692,False,0,49,,-690
691,add,687,688,10,9.0,,9,1,Scalar,693,False,0,50,,-691
692,add,689,690,10,9.0,,9,1,Scalar,693,False,0,51,,-692
693,add,691,692,11,9.0,,9,1,Scalar,694,False,0,52,,-693
694,ln,693,,12,9.0,,9,1,Scalar,"695, 697, 699, 701, 703, 705, 707, 709",False,0,53,,-694
695,sub,663,694,13,9.0,0,9,256,Vector,696,False,0,56,,-695
696,store,695,72,14,9.0,0,9,256,Vector,,False,0,,72,-696
697,sub,666,694,13,9.0,1,9,256,Vector,698,False,0,57,,-697
698,store,697,73,14,9.0,1,9,256,Vector,,False,0,,73,-698
699,sub,669,694,13,9.0,2,9,256,Vector,700,False,0,58,,-699
700,store,699,74,14,9.0,2,9,256,Vector,,False,0,,74,-700
701,sub,672,694,13,9.0,3,9,256,Vector,702,False,0,59,,-701
702,store,701,75,14,9.0,3,9,256,Vector,,False,0,,75,-702
703,sub,675,694,13,9.0,4,9,256,Vector,704,False,0,60,,-703
704,store,703,76,14,9.0,4,9,256,Vector,,False,0,,76,-704
705,sub,678,694,13,9.0,5,9,256,Vector,706,False,0,61,,-705
706,store,705,77,14,9.0,5,9,256,Vector,,False,0,,77,-706
707,sub,681,694,13,9.0,6,9,256,Vector,708,False,0,62,,-707
708,store,707,78,14,9.0,6,9,256,Vector,,False,0,,78,-708
709,sub,684,694,13,9.0,7,9,256,Vector,710,False,0,63,,-709
710,store,709,79,14,9.0,7,9,256,Vector,,False,0,,79,-710
711,load,80,,1,10.0,0,10,256,Vector,"712, 734",True,0,64,80,-711
712,reduce_max,711,,2,10.0,0,10,1,Scalar,727,False,0,54,,-712
713,load,81,,1,10.0,1,10,256,Vector,"714, 737",True,0,65,81,-713
714,reduce_max,713,,2,10.0,1,10,1,Scalar,727,False,0,55,,-714
715,load,82,,1,10.0,2,10,256,Vector,"716, 740",True,0,66,82,-715
716,reduce_max,715,,2,10.0,2,10,1,Scalar,728,False,0,56,,-716
717,load,83,,1,10.0,3,10,256,Vector,"718, 743",True,0,67,83,-717
718,reduce_max,717,,2,10.0,3,10,1,Scalar,728,False,0,57,,-718
719,load,84,,1,10.0,4,10,256,Vector,"720, 746",True,0,68,84,-719
720,reduce_max,719,,2,10.0,4,10,1,Scalar,729,False,0,58,,-720
721,load,85,,1,10.0,5,10,256,Vector,"722, 749",True,0,69,85,-721
722,reduce_max,721,,2,10.0,5,10,1,Scalar,729,False,0,59,,-722
723,load,86,,1,10.0,6,10,256,Vector,"724, 752",True,0,70,86,-723
724,reduce_max,723,,2,10.0,6,10,1,Scalar,730,False,0,60,,-724
725,load,87,,1,10.0,7,10,256,Vector,"726, 755",True,0,71,87,-725
726,reduce_max,725,,2,10.0,7,10,1,Scalar,730,False,0,61,,-726
727,max,712,714,3,10.0,,10,1,Scalar,731,False,0,62,,-727
728,max,716,718,3,10.0,,10,1,Scalar,731,False,0,63,,-728
729,max,720,722,3,10.0,,10,1,Scalar,732,False,0,64,,-729
730,max,724,726,3,10.0,,10,1,Scalar,732,False,0,65,,-730
731,max,727,728,4,10.0,,10,1,Scalar,733,False,0,66,,-731
732,max,729,730,4,10.0,,10,1,Scalar,733,False,0,67,,-732
733,max,731,732,5,10.0,,10,1,Scalar,"734, 737, 740, 743, 746, 749, 752, 755",False,0,68,,-733
734,sub,711,733,6,10.0,0,10,256,Vector,"735, 766",False,0,72,,-734
735,exp,734,,7,10.0,0,10,256,Vector,736,False,0,73,,-735
736,reduce_sum,735,,8,10.0,0,10,1,Scalar,758,False,0,69,,-736
737,sub,713,733,6,10.0,1,10,256,Vector,"738, 768",False,0,74,,-737
738,exp,737,,7,10.0,1,10,256,Vector,739,False,0,75,,-738
739,reduce_sum,738,,8,10.0,1,10,1,Scalar,758,False,0,70,,-739
740,sub,715,733,6,10.0,2,10,256,Vector,"741, 770",False,0,76,,-740
741,exp,740,,7,10.0,2,10,256,Vector,742,False,0,77,,-741
742,reduce_sum,741,,8,10.0,2,10,1,Scalar,759,False,0,71,,-742
743,sub,717,733,6,10.0,3,10,256,Vector,"744, 772",False,0,78,,-743
744,exp,743,,7,10.0,3,10,256,Vector,745,False,0,79,,-744
745,reduce_sum,744,,8,10.0,3,10,1,Scalar,759,False,0,72,,-745
746,sub,719,733,6,10.0,4,10,256,Vector,"747, 774",False,0,80,,-746
747,exp,746,,7,10.0,4,10,256,Vector,748,False,0,81,,-747
748,reduce_sum,747,,8,10.0,4,10,1,Scalar,760,False,0,73,,-748
749,sub,721,733,6,10.0,5,10,256,Vector,"750, 776",False,0,82,,-749
750,exp,749,,7,10.0,5,10,256,Vector,751,False,0,83,,-750
751,reduce_sum,750,,8,10.0,5,10,1,Scalar,760,False,0,74,,-751
752,sub,723,733,6,10.0,6,10,256,Vector,"753, 778",False,0,84,,-752
753,exp,752,,7,10.0,6,10,256,Vector,754,False,0,85,,-753
754,reduce_sum,753,,8,10.0,6,10,1,Scalar,761,False,0,75,,-754
755,sub,725,733,6,10.0,7,10,256,Vector,"756, 780",False,0,86,,-755
756,exp,755,,7,10.0,7,10,256,Vector,757,False,0,87,,-756
757,reduce_sum,756,,8,10.0,7,10,1,Scalar,761,False,0,76,,-757
758,add,736,739,9,10.0,,10,1,Scalar,762,False,0,77,,-758
759,add,742,745,9,10.0,,10,1,Scalar,762,False,0,78,,-759
760,add,748,751,9,10.0,,10,1,Scalar,763,False,0,79,,-760
761,add,754,757,9,10.0,,10,1,Scalar,763,False,0,80,,-761
762,add,758,759,10,10.0,,10,1,Scalar,764,False,0,81,,-762
763,add,760,761,10,10.0,,10,1,Scalar,764,False,0,82,,-763
764,add,762,763,11,10.0,,10,1,Scalar,765,False,0,83,,-764
765,ln,764,,12,10.0,,10,1,Scalar,"766, 768, 770, 772, 774, 776, 778, 780",False,0,84,,-765
766,sub,734,765,13,10.0,0,10,256,Vector,767,False,0,88,,-766
767,store,766,80,14,10.0,0,10,256,Vector,,False,0,,80,-767
768,sub,737,765,13,10.0,1,10,256,Vector,769,False,0,89,,-768
769,store,768,81,14,10.0,1,10,256,Vector,,False,0,,81,-769
770,sub,740,765,13,10.0,2,10,256,Vector,771,False,0,90,,-770
771,store,770,82,14,10.0,2,10,256,Vector,,False,0,,82,-771
772,sub,743,765,13,10.0,3,10,256,Vector,773,False,0,91,,-772
773,store,772,83,14,10.0,3,10,256,Vector,,False,0,,83,-773
774,sub,746,765,13,10.0,4,10,256,Vector,775,False,0,92,,-774
775,store,774,84,14,10.0,4,10,256,Vector,,False,0,,84,-775
776,sub,749,765,13,10.0,5,10,256,Vector,777,False,0,93,,-776
777,store,776,85,14,10.0,5,10,256,Vector,,False,0,,85,-777
778,sub,752,765,13,10.0,6,10,256,Vector,779,False,0,94,,-778
779,store,778,86,14,10.0,6,10,256,Vector,,False,0,,86,-779
780,sub,755,765,13,10.0,7,10,256,Vector,781,False,0,95,,-780
781,store,780,87,14,10.0,7,10,256,Vector,,False,0,,87,-781
782,load,88,,1,11.0,0,11,256,Vector,"783, 805",True,0,96,88,-782
783,reduce_max,782,,2,11.0,0,11,1,Scalar,798,False,0,85,,-783
784,load,89,,1,11.0,1,11,256,Vector,"785, 808",True,0,97,89,-784
785,reduce_max,784,,2,11.0,1,11,1,Scalar,798,False,0,86,,-785
786,load,90,,1,11.0,2,11,256,Vector,"787, 811",True,0,98,90,-786
787,reduce_max,786,,2,11.0,2,11,1,Scalar,799,False,0,87,,-787
788,load,91,,1,11.0,3,11,256,Vector,"789, 814",True,0,99,91,-788
789,reduce_max,788,,2,11.0,3,11,1,Scalar,799,False,0,88,,-789
790,load,92,,1,11.0,4,11,256,Vector,"791, 817",True,0,100,92,-790
791,reduce_max,790,,2,11.0,4,11,1,Scalar,800,False,0,89,,-791
792,load,93,,1,11.0,5,11,256,Vector,"793, 820",True,0,101,93,-792
793,reduce_max,792,,2,11.0,5,11,1,Scalar,800,False,0,90,,-793
794,load,94,,1,11.0,6,11,256,Vector,"795, 823",True,0,102,94,-794
795,reduce_max,794,,2,11.0,6,11,1,Scalar,801,False,0,91,,-795
796,load,95,,1,11.0,7,11,256,Vector,"797, 826",True,0,103,95,-796
797,reduce_max,796,,2,11.0,7,11,1,Scalar,801,False,0,92,,-797
798,max,783,785,3,11.0,,11,1,Scalar,802,False,0,93,,-798
799,max,787,789,3,11.0,,11,1,Scalar,802,False,0,94,,-799
800,max,791,793,3,11.0,,11,1,Scalar,803,False,0,95,,-800
801,max,795,797,3,11.0,,11,1,Scalar,803,False,0,96,,-801
802,max,798,799,4,11.0,,11,1,Scalar,804,False,0,97,,-802
803,max,800,801,4,11.0,,11,1,Scalar,804,False,0,98,,-803
804,max,802,803,5,11.0,,11,1,Scalar,"805, 808, 811, 814, 817, 820, 823, 826",False,0,99,,-804
805,sub,782,804,6,11.0,0,11,256,Vector,"806, 837",False,0,104,,-805
806,exp,805,,7,11.0,0,11,256,Vector,807,False,0,105,,-806
807,reduce_sum,806,,8,11.0,0,11,1,Scalar,829,False,0,100,,-807
808,sub,784,804,6,11.0,1,11,256,Vector,"809, 839",False,0,106,,-808
809,exp,808,,7,11.0,1,11,256,Vector,810,False,0,107,,-809
810,reduce_sum,809,,8,11.0,1,11,1,Scalar,829,False,0,101,,-810
811,sub,786,804,6,11.0,2,11,256,Vector,"812, 841",False,0,108,,-811
812,exp,811,,7,11.0,2,11,256,Vector,813,False,0,109,,-812
813,reduce_sum,812,,8,11.0,2,11,1,Scalar,830,False,0,102,,-813
814,sub,788,804,6,11.0,3,11,256,Vector,"815, 843",False,0,110,,-814
815,exp,814,,7,11.0,3,11,256,Vector,816,False,0,111,,-815
816,reduce_sum,815,,8,11.0,3,11,1,Scalar,830,False,0,103,,-816
817,sub,790,804,6,11.0,4,11,256,Vector,"818, 845",False,0,112,,-817
818,exp,817,,7,11.0,4,11,256,Vector,819,False,0,113,,-818
819,reduce_sum,818,,8,11.0,4,11,1,Scalar,831,False,0,104,,-819
820,sub,792,804,6,11.0,5,11,256,Vector,"821, 847",False,0,114,,-820
821,exp,820,,7,11.0,5,11,256,Vector,822,False,0,115,,-821
822,reduce_sum,821,,8,11.0,5,11,1,Scalar,831,False,0,105,,-822
823,sub,794,804,6,11.0,6,11,256,Vector,"824, 849",False,0,116,,-823
824,exp,823,,7,11.0,6,11,256,Vector,825,False,0,117,,-824
825,reduce_sum,824,,8,11.0,6,11,1,Scalar,832,False,0,106,,-825
826,sub,796,804,6,11.0,7,11,256,Vector,"827, 851",False,0,118,,-826
827,exp,826,,7,11.0,7,11,256,Vector,828,False,0,119,,-827
828,reduce_sum,827,,8,11.0,7,11,1,Scalar,832,False,0,107,,-828
829,add,807,810,9,11.0,,11,1,Scalar,833,False,0,108,,-829
830,add,813,816,9,11.0,,11,1,Scalar,833,False,0,109,,-830
831,add,819,822,9,11.0,,11,1,Scalar,834,False,0,110,,-831
832,add,825,828,9,11.0,,11,1,Scalar,834,False,0,111,,-832
833,add,829,830,10,11.0,,11,1,Scalar,835,False,0,112,,-833
834,add,831,832,10,11.0,,11,1,Scalar,835,False,0,113,,-834
835,add,833,834,11,11.0,,11,1,Scalar,836,False,0,114,,-835
836,ln,835,,12,11.0,,11,1,Scalar,"837, 839, 841, 843, 845, 847, 849, 851",False,0,115,,-836
837,sub,805,836,13,11.0,0,11,256,Vector,838,False,0,120,,-837
838,store,837,88,14,11.0,0,11,256,Vector,,False,0,,88,-838
839,sub,808,836,13,11.0,1,11,256,Vector,840,False,0,121,,-839
840,store,839,89,14,11.0,1,11,256,Vector,,False,0,,89,-840
841,sub,811,836,13,11.0,2,11,256,Vector,842,False,0,122,,-841
842,store,841,90,14,11.0,2,11,256,Vector,,False,0,,90,-842
843,sub,814,836,13,11.0,3,11,256,Vector,844,False,0,123,,-843
844,store,843,91,14,11.0,3,11,256,Vector,,False,0,,91,-844
845,sub,817,836,13,11.0,4,11,256,Vector,846,False,0,124,,-845
846,store,845,92,14,11.0,4,11,256,Vector,,False,0,,92,-846
847,sub,820,836,13,11.0,5,11,256,Vector,848,False,0,125,,-847
848,store,847,93,14,11.0,5,11,256,Vector,,False,0,,93,-848
849,sub,823,836,13,11.0,6,11,256,Vector,850,False,0,126,,-849
850,store,849,94,14,11.0,6,11,256,Vector,,False,0,,94,-850
851,sub,826,836,13,11.0,7,11,256,Vector,852,False,0,127,,-851
852,store,851,95,14,11.0,7,11,256,Vector,,False,0,,95,-852
853,load,96,,1,12.0,0,12,256,Vector,"854, 876",True,0,128,96,-853
854,reduce_max,853,,2,12.0,0,12,1,Scalar,869,False,0,116,,-854
855,load,97,,1,12.0,1,12,256,Vector,"856, 879",True,0,129,97,-855
856,reduce_max,855,,2,12.0,1,12,1,Scalar,869,False,0,117,,-856
857,load,98,,1,12.0,2,12,256,Vector,"858, 882",True,0,130,98,-857
858,reduce_max,857,,2,12.0,2,12,1,Scalar,870,False,0,118,,-858
859,load,99,,1,12.0,3,12,256,Vector,"860, 885",True,0,131,99,-859
860,reduce_max,859,,2,12.0,3,12,1,Scalar,870,False,0,119,,-860
861,load,100,,1,12.0,4,12,256,Vector,"862, 888",True,0,132,100,-861
862,reduce_max,861,,2,12.0,4,12,1,Scalar,871,False,0,120,,-862
863,load,101,,1,12.0,5,12,256,Vector,"864, 891",True,0,133,101,-863
864,reduce_max,863,,2,12.0,5,12,1,Scalar,871,False,0,121,,-864
865,load,102,,1,12.0,6,12,256,Vector,"866, 894",True,0,134,102,-865
866,reduce_max,865,,2,12.0,6,12,1,Scalar,872,False,0,122,,-866
867,load,103,,1,12.0,7,12,256,Vector,"868, 897",True,0,135,103,-867
868,reduce_max,867,,2,12.0,7,12,1,Scalar,872,False,0,123,,-868
869,max,854,856,3,12.0,,12,1,Scalar,873,False,0,124,,-869
870,max,858,860,3,12.0,,12,1,Scalar,873,False,0,125,,-870
871,max,862,864,3,12.0,,12,1,Scalar,874,False,0,126,,-871
872,max,866,868,3,12.0,,12,1,Scalar,874,False,0,127,,-872
873,max,869,870,4,12.0,,12,1,Scalar,875,False,0,128,,-873
874,max,871,872,4,12.0,,12,1,Scalar,875,False,0,129,,-874
875,max,873,874,5,12.0,,12,1,Scalar,"876, 879, 882, 885, 888, 891, 894, 897",False,0,130,,-875
876,sub,853,875,6,12.0,0,12,256,Vector,"877, 908",False,0,136,,-876
877,exp,876,,7,12.0,0,12,256,Vector,878,False,0,137,,-877
878,reduce_sum,877,,8,12.0,0,12,1,Scalar,900,False,0,131,,-878
879,sub,855,875,6,12.0,1,12,256,Vector,"880, 910",False,0,138,,-879
880,exp,879,,7,12.0,1,12,256,Vector,881,False,0,139,,-880
881,reduce_sum,880,,8,12.0,1,12,1,Scalar,900,False,0,132,,-881
882,sub,857,875,6,12.0,2,12,256,Vector,"883, 912",False,0,140,,-882
883,exp,882,,7,12.0,2,12,256,Vector,884,False,0,141,,-883
884,reduce_sum,883,,8,12.0,2,12,1,Scalar,901,False,0,133,,-884
885,sub,859,875,6,12.0,3,12,256,Vector,"886, 914",False,0,142,,-885
886,exp,885,,7,12.0,3,12,256,Vector,887,False,0,143,,-886
887,reduce_sum,886,,8,12.0,3,12,1,Scalar,901,False,0,134,,-887
888,sub,861,875,6,12.0,4,12,256,Vector,"889, 916",False,0,144,,-888
889,exp,888,,7,12.0,4,12,256,Vector,890,False,0,145,,-889
890,reduce_sum,889,,8,12.0,4,12,1,Scalar,902,False,0,135,,-890
891,sub,863,875,6,12.0,5,12,256,Vector,"892, 918",False,0,146,,-891
892,exp,891,,7,12.0,5,12,256,Vector,893,False,0,147,,-892
893,reduce_sum,892,,8,12.0,5,12,1,Scalar,902,False,0,136,,-893
894,sub,865,875,6,12.0,6,12,256,Vector,"895, 920",False,0,148,,-894
895,exp,894,,7,12.0,6,12,256,Vector,896,False,0,149,,-895
896,reduce_sum,895,,8,12.0,6,12,1,Scalar,903,False,0,137,,-896
897,sub,867,875,6,12.0,7,12,256,Vector,"898, 922",False,0,150,,-897
898,exp,897,,7,12.0,7,12,256,Vector,899,False,0,151,,-898
899,reduce_sum,898,,8,12.0,7,12,1,Scalar,903,False,0,138,,-899
900,add,878,881,9,12.0,,12,1,Scalar,904,False,0,139,,-900
901,add,884,887,9,12.0,,12,1,Scalar,904,False,0,140,,-901
902,add,890,893,9,12.0,,12,1,Scalar,905,False,0,141,,-902
903,add,896,899,9,12.0,,12,1,Scalar,905,False,0,142,,-903
904,add,900,901,10,12.0,,12,1,Scalar,906,False,0,143,,-904
905,add,902,903,10,12.0,,12,1,Scalar,906,False,0,144,,-905
906,add,904,905,11,12.0,,12,1,Scalar,907,False,0,145,,-906
907,ln,906,,12,12.0,,12,1,Scalar,"908, 910, 912, 914, 916, 918, 920, 922",False,0,146,,-907
908,sub,876,907,13,12.0,0,12,256,Vector,909,False,0,152,,-908
909,store,908,96,14,12.0,0,12,256,Vector,,False,0,,96,-909
910,sub,879,907,13,12.0,1,12,256,Vector,911,False,0,153,,-910
911,store,910,97,14,12.0,1,12,256,Vector,,False,0,,97,-911
912,sub,882,907,13,12.0,2,12,256,Vector,913,False,0,154,,-912
913,store,912,98,14,12.0,2,12,256,Vector,,False,0,,98,-913
914,sub,885,907,13,12.0,3,12,256,Vector,915,False,0,155,,-914
915,store,914,99,14,12.0,3,12,256,Vector,,False,0,,99,-915
916,sub,888,907,13,12.0,4,12,256,Vector,917,False,0,156,,-916
917,store,916,100,14,12.0,4,12,256,Vector,,False,0,,100,-917
918,sub,891,907,13,12.0,5,12,256,Vector,919,False,0,157,,-918
919,store,918,101,14,12.0,5,12,256,Vector,,False,0,,101,-919
920,sub,894,907,13,12.0,6,12,256,Vector,921,False,0,158,,-920
921,store,920,102,14,12.0,6,12,256,Vector,,False,0,,102,-921
922,sub,897,907,13,12.0,7,12,256,Vector,923,False,0,159,,-922
923,store,922,103,14,12.0,7,12,256,Vector,,False,0,,103,-923
924,load,104,,1,13.0,0,13,256,Vector,"925, 947",True,0,160,104,-924
925,reduce_max,924,,2,13.0,0,13,1,Scalar,940,False,0,147,,-925
926,load,105,,1,13.0,1,13,256,Vector,"927, 950",True,0,161,105,-926
927,reduce_max,926,,2,13.0,1,13,1,Scalar,940,False,0,148,,-927
928,load,106,,1,13.0,2,13,256,Vector,"929, 953",True,0,162,106,-928
929,reduce_max,928,,2,13.0,2,13,1,Scalar,941,False,0,149,,-929
930,load,107,,1,13.0,3,13,256,Vector,"931, 956",True,0,163,107,-930
931,reduce_max,930,,2,13.0,3,13,1,Scalar,941,False,0,150,,-931
932,load,108,,1,13.0,4,13,256,Vector,"933, 959",True,0,164,108,-932
933,reduce_max,932,,2,13.0,4,13,1,Scalar,942,False,0,151,,-933
934,load,109,,1,13.0,5,13,256,Vector,"935, 962",True,0,165,109,-934
935,reduce_max,934,,2,13.0,5,13,1,Scalar,942,False,0,152,,-935
936,load,110,,1,13.0,6,13,256,Vector,"937, 965",True,0,166,110,-936
937,reduce_max,936,,2,13.0,6,13,1,Scalar,943,False,0,153,,-937
938,load,111,,1,13.0,7,13,256,Vector,"939, 968",True,0,167,111,-938
939,reduce_max,938,,2,13.0,7,13,1,Scalar,943,False,0,154,,-939
940,max,925,927,3,13.0,,13,1,Scalar,944,False,0,155,,-940
941,max,929,931,3,13.0,,13,1,Scalar,944,False,0,156,,-941
942,max,933,935,3,13.0,,13,1,Scalar,945,False,0,157,,-942
943,max,937,939,3,13.0,,13,1,Scalar,945,False,0,158,,-943
944,max,940,941,4,13.0,,13,1,Scalar,946,False,0,159,,-944
945,max,942,943,4,13.0,,13,1,Scalar,946,False,0,160,,-945
946,max,944,945,5,13.0,,13,1,Scalar,"947, 950, 953, 956, 959, 962, 965, 968",False,0,161,,-946
947,sub,924,946,6,13.0,0,13,256,Vector,"948, 979",False,0,168,,-947
948,exp,947,,7,13.0,0,13,256,Vector,949,False,0,169,,-948
949,reduce_sum,948,,8,13.0,0,13,1,Scalar,971,False,0,162,,-949
950,sub,926,946,6,13.0,1,13,256,Vector,"951, 981",False,0,170,,-950
951,exp,950,,7,13.0,1,13,256,Vector,952,False,0,171,,-951
952,reduce_sum,951,,8,13.0,1,13,1,Scalar,971,False,0,163,,-952
953,sub,928,946,6,13.0,2,13,256,Vector,"954, 983",False,0,172,,-953
954,exp,953,,7,13.0,2,13,256,Vector,955,False,0,173,,-954
955,reduce_sum,954,,8,13.0,2,13,1,Scalar,972,False,0,164,,-955
956,sub,930,946,6,13.0,3,13,256,Vector,"957, 985",False,0,174,,-956
957,exp,956,,7,13.0,3,13,256,Vector,958,False,0,175,,-957
958,reduce_sum,957,,8,13.0,3,13,1,Scalar,972,False,0,165,,-958
959,sub,932,946,6,13.0,4,13,256,Vector,"960, 987",False,0,176,,-959
960,exp,959,,7,13.0,4,13,256,Vector,961,False,0,177,,-960
961,reduce_sum,960,,8,13.0,4,13,1,Scalar,973,False,0,166,,-961
962,sub,934,946,6,13.0,5,13,256,Vector,"963, 989",False,0,178,,-962
963,exp,962,,7,13.0,5,13,256,Vector,964,False,0,179,,-963
964,reduce_sum,963,,8,13.0,5,13,1,Scalar,973,False,0,167,,-964
965,sub,936,946,6,13.0,6,13,256,Vector,"966, 991",False,0,180,,-965
966,exp,965,,7,13.0,6,13,256,Vector,967,False,0,181,,-966
967,reduce_sum,966,,8,13.0,6,13,1,Scalar,974,False,0,168,,-967
968,sub,938,946,6,13.0,7,13,256,Vector,"969, 993",False,0,182,,-968
969,exp,968,,7,13.0,7,13,256,Vector,970,False,0,183,,-969
970,reduce_sum,969,,8,13.0,7,13,1,Scalar,974,False,0,169,,-970
971,add,949,952,9,13.0,,13,1,Scalar,975,False,0,170,,-971
972,add,955,958,9,13.0,,13,1,Scalar,975,False,0,171,,-972
973,add,961,964,9,13.0,,13,1,Scalar,976,False,0,172,,-973
974,add,967,970,9,13.0,,13,1,Scalar,976,False,0,173,,-974
975,add,971,972,10,13.0,,13,1,Scalar,977,False,0,174,,-975
976,add,973,974,10,13.0,,13,1,Scalar,977,False,0,175,,-976
977,add,975,976,11,13.0,,13,1,Scalar,978,False,0,176,,-977
978,ln,977,,12,13.0,,13,1,Scalar,"979, 981, 983, 985, 987, 989, 991, 993",False,0,177,,-978
979,sub,947,978,13,13.0,0,13,256,Vector,980,False,0,184,,-979
980,store,979,104,14,13.0,0,13,256,Vector,,False,0,,104,-980
981,sub,950,978,13,13.0,1,13,256,Vector,982,False,0,185,,-981
982,store,981,105,14,13.0,1,13,256,Vector,,False,0,,105,-982
983,sub,953,978,13,13.0,2,13,256,Vector,984,False,0,186,,-983
984,store,983,106,14,13.0,2,13,256,Vector,,False,0,,106,-984
985,sub,956,978,13,13.0,3,13,256,Vector,986,False,0,187,,-985
986,store,985,107,14,13.0,3,13,256,Vector,,False,0,,107,-986
987,sub,959,978,13,13.0,4,13,256,Vector,988,False,0,188,,-987
988,store,987,108,14,13.0,4,13,256,Vector,,False,0,,108,-988
989,sub,962,978,13,13.0,5,13,256,Vector,990,False,0,189,,-989
990,store,989,109,14,13.0,5,13,256,Vector,,False,0,,109,-990
991,sub,965,978,13,13.0,6,13,256,Vector,992,False,0,190,,-991
992,store,991,110,14,13.0,6,13,256,Vector,,False,0,,110,-992
993,sub,968,978,13,13.0,7,13,256,Vector,994,False,0,191,,-993
994,store,993,111,14,13.0,7,13,256,Vector,,False,0,,111,-994
995,load,112,,1,14.0,0,14,256,Vector,"996, 1018",True,0,192,112,-995
996,reduce_max,995,,2,14.0,0,14,1,Scalar,1011,False,0,178,,-996
997,load,113,,1,14.0,1,14,256,Vector,"998, 1021",True,0,193,113,-997
998,reduce_max,997,,2,14.0,1,14,1,Scalar,1011,False,0,179,,-998
999,load,114,,1,14.0,2,14,256,Vector,"1000, 1024",True,0,194,114,-999
1000,reduce_max,999,,2,14.0,2,14,1,Scalar,1012,False,0,180,,-1000
1001,load,115,,1,14.0,3,14,256,Vector,"1002, 1027",True,0,195,115,-1001
1002,reduce_max,1001,,2,14.0,3,14,1,Scalar,1012,False,0,181,,-1002
1003,load,116,,1,14.0,4,14,256,Vector,"1004, 1030",True,0,196,116,-1003
1004,reduce_max,1003,,2,14.0,4,14,1,Scalar,1013,False,0,182,,-1004
1005,load,117,,1,14.0,5,14,256,Vector,"1006, 1033",True,0,197,117,-1005
1006,reduce_max,1005,,2,14.0,5,14,1,Scalar,1013,False,0,183,,-1006
1007,load,118,,1,14.0,6,14,256,Vector,"1008, 1036",True,0,198,118,-1007
1008,reduce_max,1007,,2,14.0,6,14,1,Scalar,1014,False,0,184,,-1008
1009,load,119,,1,14.0,7,14,256,Vector,"1010, 1039",True,0,199,119,-1009
1010,reduce_max,1009,,2,14.0,7,14,1,Scalar,1014,False,0,185,,-1010
1011,max,996,998,3,14.0,,14,1,Scalar,1015,False,0,186,,-1011
1012,max,1000,1002,3,14.0,,14,1,Scalar,1015,False,0,187,,-1012
1013,max,1004,1006,3,14.0,,14,1,Scalar,1016,False,0,188,,-1013
1014,max,1008,1010,3,14.0,,14,1,Scalar,1016,False,0,189,,-1014
1015,max,1011,1012,4,14.0,,14,1,Scalar,1017,False,0,190,,-1015
1016,max,1013,1014,4,14.0,,14,1,Scalar,1017,False,0,191,,-1016
1017,max,1015,1016,5,14.0,,14,1,Scalar,"1018, 1021, 1024, 1027, 1030, 1033, 1036, 1039",False,0,192,,-1017
1018,sub,995,1017,6,14.0,0,14,256,Vector,"1019, 1050",False,0,200,,-1018
1019,exp,1018,,7,14.0,0,14,256,Vector,1020,False,0,201,,-1019
1020,reduce_sum,1019,,8,14.0,0,14,1,Scalar,1042,False,0,193,,-1020
1021,sub,997,1017,6,14.0,1,14,256,Vector,"1022, 1052",False,0,202,,-1021
1022,exp,1021,,7,14.0,1,14,256,Vector,1023,False,0,203,,-1022
1023,reduce_sum,1022,,8,14.0,1,14,1,Scalar,1042,False,0,194,,-1023
1024,sub,999,1017,6,14.0,2,14,256,Vector,"1025, 1054",False,0,204,,-1024
1025,exp,1024,,7,14.0,2,14,256,Vector,1026,False,0,205,,-1025
1026,reduce_sum,1025,,8,14.0,2,14,1,Scalar,1043,False,0,195,,-1026
1027,sub,1001,1017,6,14.0,3,14,256,Vector,"1028, 1056",False,0,206,,-1027
1028,exp,1027,,7,14.0,3,14,256,Vector,1029,False,0,207,,-1028
1029,reduce_sum,1028,,8,14.0,3,14,1,Scalar,1043,False,0,196,,-1029
1030,sub,1003,1017,6,14.0,4,14,256,Vector,"1031, 1058",False,0,208,,-1030
1031,exp,1030,,7,14.0,4,14,256,Vector,1032,False,0,209,,-1031
1032,reduce_sum,1031,,8,14.0,4,14,1,Scalar,1044,False,0,197,,-1032
1033,sub,1005,1017,6,14.0,5,14,256,Vector,"1034, 1060",False,0,210,,-1033
1034,exp,1033,,7,14.0,5,14,256,Vector,1035,False,0,211,,-1034
1035,reduce_sum,1034,,8,14.0,5,14,1,Scalar,1044,False,0,198,,-1035
1036,sub,1007,1017,6,14.0,6,14,256,Vector,"1037, 1062",False,0,212,,-1036
1037,exp,1036,,7,14.0,6,14,256,Vector,1038,False,0,213,,-1037
1038,reduce_sum,1037,,8,14.0,6,14,1,Scalar,1045,False,0,199,,-1038
1039,sub,1009,1017,6,14.0,7,14,256,Vector,"1040, 1064",False,0,214,,-1039
1040,exp,1039,,7,14.0,7,14,256,Vector,1041,False,0,215,,-1040
1041,reduce_sum,1040,,8,14.0,7,14,1,Scalar,1045,False,0,200,,-1041
1042,add,1020,1023,9,14.0,,14,1,Scalar,1046,False,0,201,,-1042
1043,add,1026,1029,9,14.0,,14,1,Scalar,1046,False,0,202,,-1043
1044,add,1032,1035,9,14.0,,14,1,Scalar,1047,False,0,203,,-1044
1045,add,1038,1041,9,14.0,,14,1,Scalar,1047,False,0,204,,-1045
1046,add,1042,1043,10,14.0,,14,1,Scalar,1048,False,0,205,,-1046
1047,add,1044,1045,10,14.0,,14,1,Scalar,1048,False,0,206,,-1047
1048,add,1046,1047,11,14.0,,14,1,Scalar,1049,False,0,207,,-1048
1049,ln,1048,,12,14.0,,14,1,Scalar,"1050, 1052, 1054, 1056, 1058, 1060, 1062, 1064",False,0,208,,-1049
1050,sub,1018,1049,13,14.0,0,14,256,Vector,1051,False,0,216,,-1050
1051,store,1050,112,14,14.0,0,14,256,Vector,,False,0,,112,-1051
1052,sub,1021,1049,13,14.0,1,14,256,Vector,1053,False,0,217,,-1052
1053,store,1052,113,14,14.0,1,14,256,Vector,,False,0,,113,-1053
1054,sub,1024,1049,13,14.0,2,14,256,Vector,1055,False,0,218,,-1054
1055,store,1054,114,14,14.0,2,14,256,Vector,,False,0,,114,-1055
1056,sub,1027,1049,13,14.0,3,14,256,Vector,1057,False,0,219,,-1056
1057,store,1056,115,14,14.0,3,14,256,Vector,,False,0,,115,-1057
1058,sub,1030,1049,13,14.0,4,14,256,Vector,1059,False,0,220,,-1058
1059,store,1058,116,14,14.0,4,14,256,Vector,,False,0,,116,-1059
1060,sub,1033,1049,13,14.0,5,14,256,Vector,1061,False,0,221,,-1060
1061,store,1060,117,14,14.0,5,14,256,Vector,,False,0,,117,-1061
1062,sub,1036,1049,13,14.0,6,14,256,Vector,1063,False,0,222,,-1062
1063,store,1062,118,14,14.0,6,14,256,Vector,,False,0,,118,-1063
1064,sub,1039,1049,13,14.0,7,14,256,Vector,1065,False,0,223,,-1064
1065,store,1064,119,14,14.0,7,14,256,Vector,,False,0,,119,-1065
1066,load,120,,1,15.0,0,15,256,Vector,"1067, 1089",True,0,224,120,-1066
1067,reduce_max,1066,,2,15.0,0,15,1,Scalar,1082,False,0,209,,-1067
1068,load,121,,1,15.0,1,15,256,Vector,"1069, 1092",True,0,225,121,-1068
1069,reduce_max,1068,,2,15.0,1,15,1,Scalar,1082,False,0,210,,-1069
1070,load,122,,1,15.0,2,15,256,Vector,"1071, 1095",True,0,226,122,-1070
1071,reduce_max,1070,,2,15.0,2,15,1,Scalar,1083,False,0,211,,-1071
1072,load,123,,1,15.0,3,15,256,Vector,"1073, 1098",True,0,227,123,-1072
1073,reduce_max,1072,,2,15.0,3,15,1,Scalar,1083,False,0,212,,-1073
1074,load,124,,1,15.0,4,15,256,Vector,"1075, 1101",True,0,228,124,-1074
1075,reduce_max,1074,,2,15.0,4,15,1,Scalar,1084,False,0,213,,-1075
1076,load,125,,1,15.0,5,15,256,Vector,"1077, 1104",True,0,229,125,-1076
1077,reduce_max,1076,,2,15.0,5,15,1,Scalar,1084,False,0,214,,-1077
1078,load,126,,1,15.0,6,15,256,Vector,"1079, 1107",True,0,230,126,-1078
1079,reduce_max,1078,,2,15.0,6,15,1,Scalar,1085,False,0,215,,-1079
1080,load,127,,1,15.0,7,15,256,Vector,"1081, 1110",True,0,231,127,-1080
1081,reduce_max,1080,,2,15.0,7,15,1,Scalar,1085,False,0,216,,-1081
1082,max,1067,1069,3,15.0,,15,1,Scalar,1086,False,0,217,,-1082
1083,max,1071,1073,3,15.0,,15,1,Scalar,1086,False,0,218,,-1083
1084,max,1075,1077,3,15.0,,15,1,Scalar,1087,False,0,219,,-1084
1085,max,1079,1081,3,15.0,,15,1,Scalar,1087,False,0,220,,-1085
1086,max,1082,1083,4,15.0,,15,1,Scalar,1088,False,0,221,,-1086
1087,max,1084,1085,4,15.0,,15,1,Scalar,1088,False,0,222,,-1087
1088,max,1086,1087,5,15.0,,15,1,Scalar,"1089, 1092, 1095, 1098, 1101, 1104, 1107, 1110",False,0,223,,-1088
1089,sub,1066,1088,6,15.0,0,15,256,Vector,"1090, 1121",False,0,232,,-1089
1090,exp,1089,,7,15.0,0,15,256,Vector,1091,False,0,233,,-1090
1091,reduce_sum,1090,,8,15.0,0,15,1,Scalar,1113,False,0,224,,-1091
1092,sub,1068,1088,6,15.0,1,15,256,Vector,"1093, 1123",False,0,234,,-1092
1093,exp,1092,,7,15.0,1,15,256,Vector,1094,False,0,235,,-1093
1094,reduce_sum,1093,,8,15.0,1,15,1,Scalar,1113,False,0,225,,-1094
1095,sub,1070,1088,6,15.0,2,15,256,Vector,"1096, 1125",False,0,236,,-1095
1096,exp,1095,,7,15.0,2,15,256,Vector,1097,False,0,237,,-1096
1097,reduce_sum,1096,,8,15.0,2,15,1,Scalar,1114,False,0,226,,-1097
1098,sub,1072,1088,6,15.0,3,15,256,Vector,"1099, 1127",False,0,238,,-1098
1099,exp,1098,,7,15.0,3,15,256,Vector,1100,False,0,239,,-1099
1100,reduce_sum,1099,,8,15.0,3,15,1,Scalar,1114,False,0,227,,-1100
1101,sub,1074,1088,6,15.0,4,15,256,Vector,"1102, 1129",False,0,240,,-1101
1102,exp,1101,,7,15.0,4,15,256,Vector,1103,False,0,241,,-1102
1103,reduce_sum,1102,,8,15.0,4,15,1,Scalar,1115,False,0,228,,-1103
1104,sub,1076,1088,6,15.0,5,15,256,Vector,"1105, 1131",False,0,242,,-1104
1105,exp,1104,,7,15.0,5,15,256,Vector,1106,False,0,243,,-1105
1106,reduce_sum,1105,,8,15.0,5,15,1,Scalar,1115,False,0,229,,-1106
1107,sub,1078,1088,6,15.0,6,15,256,Vector,"1108, 1133",False,0,244,,-1107
1108,exp,1107,,7,15.0,6,15,256,Vector,1109,False,0,245,,-1108
1109,reduce_sum,1108,,8,15.0,6,15,1,Scalar,1116,False,0,230,,-1109
1110,sub,1080,1088,6,15.0,7,15,256,Vector,"1111, 1135",False,0,246,,-1110
1111,exp,1110,,7,15.0,7,15,256,Vector,1112,False,0,247,,-1111
1112,reduce_sum,1111,,8,15.0,7,15,1,Scalar,1116,False,0,231,,-1112
1113,add,1091,1094,9,15.0,,15,1,Scalar,1117,False,0,232,,-1113
1114,add,1097,1100,9,15.0,,15,1,Scalar,1117,False,0,233,,-1114
1115,add,1103,1106,9,15.0,,15,1,Scalar,1118,False,0,234,,-1115
1116,add,1109,1112,9,15.0,,15,1,Scalar,1118,False,0,235,,-1116
1117,add,1113,1114,10,15.0,,15,1,Scalar,1119,False,0,236,,-1117
1118,add,1115,1116,10,15.0,,15,1,Scalar,1119,False,0,237,,-1118
1119,add,1117,1118,11,15.0,,15,1,Scalar,1120,False,0,238,,-1119
1120,ln,1119,,12,15.0,,15,1,Scalar,"1121, 1123, 1125, 1127, 1129, 1131, 1133, 1135",False,0,239,,-1120
1121,sub,1089,1120,13,15.0,0,15,256,Vector,1122,False,0,248,,-1121
1122,store,1121,120,14,15.0,0,15,256,Vector,,False,0,,120,-1122
1123,sub,1092,1120,13,15.0,1,15,256,Vector,1124,False,0,249,,-1123
1124,store,1123,121,14,15.0,1,15,256,Vector,,False,0,,121,-1124
1125,sub,1095,1120,13,15.0,2,15,256,Vector,1126,False,0,250,,-1125
1126,store,1125,122,14,15.0,2,15,256,Vector,,False,0,,122,-1126
1127,sub,1098,1120,13,15.0,3,15,256,Vector,1128,False,0,251,,-1127
1128,store,1127,123,14,15.0,3,15,256,Vector,,False,0,,123,-1128
1129,sub,1101,1120,13,15.0,4,15,256,Vector,1130,False,0,252,,-1129
1130,store,1129,124,14,15.0,4,15,256,Vector,,False,0,,124,-1130
1131,sub,1104,1120,13,15.0,5,15,256,Vector,1132,False,0,253,,-1131
1132,store,1131,125,14,15.0,5,15,256,Vector,,False,0,,125,-1132
1133,sub,1107,1120,13,15.0,6,15,256,Vector,1134,False,0,254,,-1133
1134,store,1133,126,14,15.0,6,15,256,Vector,,False,0,,126,-1134
1135,sub,1110,1120,13,15.0,7,15,256,Vector,1136,False,0,255,,-1135
1136,store,1135,127,14,15.0,7,15,256,Vector,,False,0,,127,-1136
1137,load,128,,1,16.0,0,16,256,Vector,"1138, 1160",True,0,0,128,-1137
1138,reduce_max,1137,,2,16.0,0,16,1,Scalar,1153,False,0,240,,-1138
1139,load,129,,1,16.0,1,16,256,Vector,"1140, 1163",True,0,1,129,-1139
1140,reduce_max,1139,,2,16.0,1,16,1,Scalar,1153,False,0,241,,-1140
1141,load,130,,1,16.0,2,16,256,Vector,"1142, 1166",True,0,2,130,-1141
1142,reduce_max,1141,,2,16.0,2,16,1,Scalar,1154,False,0,242,,-1142
1143,load,131,,1,16.0,3,16,256,Vector,"1144, 1169",True,0,3,131,-1143
1144,reduce_max,1143,,2,16.0,3,16,1,Scalar,1154,False,0,243,,-1144
1145,load,132,,1,16.0,4,16,256,Vector,"1146, 1172",True,0,4,132,-1145
1146,reduce_max,1145,,2,16.0,4,16,1,Scalar,1155,False,0,244,,-1146
1147,load,133,,1,16.0,5,16,256,Vector,"1148, 1175",True,0,5,133,-1147
1148,reduce_max,1147,,2,16.0,5,16,1,Scalar,1155,False,0,245,,-1148
1149,load,134,,1,16.0,6,16,256,Vector,"1150, 1178",True,0,6,134,-1149
1150,reduce_max,1149,,2,16.0,6,16,1,Scalar,1156,False,0,246,,-1150
1151,load,135,,1,16.0,7,16,256,Vector,"1152, 1181",True,0,7,135,-1151
1152,reduce_max,1151,,2,16.0,7,16,1,Scalar,1156,False,0,247,,-1152
1153,max,1138,1140,3,16.0,,16,1,Scalar,1157,False,0,248,,-1153
1154,max,1142,1144,3,16.0,,16,1,Scalar,1157,False,0,249,,-1154
1155,max,1146,1148,3,16.0,,16,1,Scalar,1158,False,0,250,,-1155
1156,max,1150,1152,3,16.0,,16,1,Scalar,1158,False,0,251,,-1156
1157,max,1153,1154,4,16.0,,16,1,Scalar,1159,False,0,252,,-1157
1158,max,1155,1156,4,16.0,,16,1,Scalar,1159,False,0,253,,-1158
1159,max,1157,1158,5,16.0,,16,1,Scalar,"1160, 1163, 1166, 1169, 1172, 1175, 1178, 1181",False,0,254,,-1159
1160,sub,1137,1159,6,16.0,0,16,256,Vector,"1161, 1192",False,0,8,,-1160
1161,exp,1160,,7,16.0,0,16,256,Vector,1162,False,0,9,,-1161
1162,reduce_sum,1161,,8,16.0,0,16,1,Scalar,1184,False,0,255,,-1162
1163,sub,1139,1159,6,16.0,1,16,256,Vector,"1164, 1194",False,0,10,,-1163
1164,exp,1163,,7,16.0,1,16,256,Vector,1165,False,0,11,,-1164
1165,reduce_sum,1164,,8,16.0,1,16,1,Scalar,1184,False,0,0,,-1165
1166,sub,1141,1159,6,16.0,2,16,256,Vector,"1167, 1196",False,0,12,,-1166
1167,exp,1166,,7,16.0,2,16,256,Vector,1168,False,0,13,,-1167
1168,reduce_sum,1167,,8,16.0,2,16,1,Scalar,1185,False,0,1,,-1168
1169,sub,1143,1159,6,16.0,3,16,256,Vector,"1170, 1198",False,0,14,,-1169
1170,exp,1169,,7,16.0,3,16,256,Vector,1171,False,0,15,,-1170
1171,reduce_sum,1170,,8,16.0,3,16,1,Scalar,1185,False,0,2,,-1171
1172,sub,1145,1159,6,16.0,4,16,256,Vector,"1173, 1200",False,0,16,,-1172
1173,exp,1172,,7,16.0,4,16,256,Vector,1174,False,0,17,,-1173
1174,reduce_sum,1173,,8,16.0,4,16,1,Scalar,1186,False,0,3,,-1174
1175,sub,1147,1159,6,16.0,5,16,256,Vector,"1176, 1202",False,0,18,,-1175
1176,exp,1175,,7,16.0,5,16,256,Vector,1177,False,0,19,,-1176
1177,reduce_sum,1176,,8,16.0,5,16,1,Scalar,1186,False,0,4,,-1177
1178,sub,1149,1159,6,16.0,6,16,256,Vector,"1179, 1204",False,0,20,,-1178
1179,exp,1178,,7,16.0,6,16,256,Vector,1180,False,0,21,,-1179
1180,reduce_sum,1179,,8,16.0,6,16,1,Scalar,1187,False,0,5,,-1180
1181,sub,1151,1159,6,16.0,7,16,256,Vector,"1182, 1206",False,0,22,,-1181
1182,exp,1181,,7,16.0,7,16,256,Vector,1183,False,0,23,,-1182
1183,reduce_sum,1182,,8,16.0,7,16,1,Scalar,1187,False,0,6,,-1183
1184,add,1162,1165,9,16.0,,16,1,Scalar,1188,False,0,7,,-1184
1185,add,1168,1171,9,16.0,,16,1,Scalar,1188,False,0,8,,-1185
1186,add,1174,1177,9,16.0,,16,1,Scalar,1189,False,0,9,,-1186
1187,add,1180,1183,9,16.0,,16,1,Scalar,1189,False,0,10,,-1187
1188,add,1184,1185,10,16.0,,16,1,Scalar,1190,False,0,11,,-1188
1189,add,1186,1187,10,16.0,,16,1,Scalar,1190,False,0,12,,-1189
1190,add,1188,1189,11,16.0,,16,1,Scalar,1191,False,0,13,,-1190
1191,ln,1190,,12,16.0,,16,1,Scalar,"1192, 1194, 1196, 1198, 1200, 1202, 1204, 1206",False,0,14,,-1191
1192,sub,1160,1191,13,16.0,0,16,256,Vector,1193,False,0,24,,-1192
1193,store,1192,128,14,16.0,0,16,256,Vector,,False,0,,128,-1193
1194,sub,1163,1191,13,16.0,1,16,256,Vector,1195,False,0,25,,-1194
1195,store,1194,129,14,16.0,1,16,256,Vector,,False,0,,129,-1195
1196,sub,1166,1191,13,16.0,2,16,256,Vector,1197,False,0,26,,-1196
1197,store,1196,130,14,16.0,2,16,256,Vector,,False,0,,130,-1197
1198,sub,1169,1191,13,16.0,3,16,256,Vector,1199,False,0,27,,-1198
1199,store,1198,131,14,16.0,3,16,256,Vector,,False,0,,131,-1199
1200,sub,1172,1191,13,16.0,4,16,256,Vector,1201,False,0,28,,-1200
1201,store,1200,132,14,16.0,4,16,256,Vector,,False,0,,132,-1201
1202,sub,1175,1191,13,16.0,5,16,256,Vector,1203,False,0,29,,-1202
1203,store,1202,133,14,16.0,5,16,256,Vector,,False,0,,133,-1203
1204,sub,1178,1191,13,16.0,6,16,256,Vector,1205,False,0,30,,-1204
1205,store,1204,134,14,16.0,6,16,256,Vector,,False,0,,134,-1205
1206,sub,1181,1191,13,16.0,7,16,256,Vector,1207,False,0,31,,-1206
1207,store,1206,135,14,16.0,7,16,256,Vector,,False,0,,135,-1207
1208,load,136,,1,17.0,0,17,256,Vector,"1209, 1231",True,0,32,136,-1208
1209,reduce_max,1208,,2,17.0,0,17,1,Scalar,1224,False,0,15,,-1209
1210,load,137,,1,17.0,1,17,256,Vector,"1211, 1234",True,0,33,137,-1210
1211,reduce_max,1210,,2,17.0,1,17,1,Scalar,1224,False,0,16,,-1211
1212,load,138,,1,17.0,2,17,256,Vector,"1213, 1237",True,0,34,138,-1212
1213,reduce_max,1212,,2,17.0,2,17,1,Scalar,1225,False,0,17,,-1213
1214,load,139,,1,17.0,3,17,256,Vector,"1215, 1240",True,0,35,139,-1214
1215,reduce_max,1214,,2,17.0,3,17,1,Scalar,1225,False,0,18,,-1215
1216,load,140,,1,17.0,4,17,256,Vector,"1217, 1243",True,0,36,140,-1216
1217,reduce_max,1216,,2,17.0,4,17,1,Scalar,1226,False,0,19,,-1217
1218,load,141,,1,17.0,5,17,256,Vector,"1219, 1246",True,0,37,141,-1218
1219,reduce_max,1218,,2,17.0,5,17,1,Scalar,1226,False,0,20,,-1219
1220,load,142,,1,17.0,6,17,256,Vector,"1221, 1249",True,0,38,142,-1220
1221,reduce_max,1220,,2,17.0,6,17,1,Scalar,1227,False,0,21,,-1221
1222,load,143,,1,17.0,7,17,256,Vector,"1223, 1252",True,0,39,143,-1222
1223,reduce_max,1222,,2,17.0,7,17,1,Scalar,1227,False,0,22,,-1223
1224,max,1209,1211,3,17.0,,17,1,Scalar,1228,False,0,23,,-1224
1225,max,1213,1215,3,17.0,,17,1,Scalar,1228,False,0,24,,-1225
1226,max,1217,1219,3,17.0,,17,1,Scalar,1229,False,0,25,,-1226
1227,max,1221,1223,3,17.0,,17,1,Scalar,1229,False,0,26,,-1227
1228,max,1224,1225,4,17.0,,17,1,Scalar,1230,False,0,27,,-1228
1229,max,1226,1227,4,17.0,,17,1,Scalar,1230,False,0,28,,-1229
1230,max,1228,1229,5,17.0,,17,1,Scalar,"1231, 1234, 1237, 1240, 1243, 1246, 1249, 1252",False,0,29,,-1230
1231,sub,1208,1230,6,17.0,0,17,256,Vector,"1232, 1263",False,0,40,,-1231
1232,exp,1231,,7,17.0,0,17,256,Vector,1233,False,0,41,,-1232
1233,reduce_sum,1232,,8,17.0,0,17,1,Scalar,1255,False,0,30,,-1233
1234,sub,1210,1230,6,17.0,1,17,256,Vector,"1235, 1265",False,0,42,,-1234
1235,exp,1234,,7,17.0,1,17,256,Vector,1236,False,0,43,,-1235
1236,reduce_sum,1235,,8,17.0,1,17,1,Scalar,1255,False,0,31,,-1236
1237,sub,1212,1230,6,17.0,2,17,256,Vector,"1238, 1267",False,0,44,,-1237
1238,exp,1237,,7,17.0,2,17,256,Vector,1239,False,0,45,,-1238
1239,reduce_sum,1238,,8,17.0,2,17,1,Scalar,1256,False,0,32,,-1239
1240,sub,1214,1230,6,17.0,3,17,256,Vector,"1241, 1269",False,0,46,,-1240
1241,exp,1240,,7,17.0,3,17,256,Vector,1242,False,0,47,,-1241
1242,reduce_sum,1241,,8,17.0,3,17,1,Scalar,1256,False,0,33,,-1242
1243,sub,1216,1230,6,17.0,4,17,256,Vector,"1244, 1271",False,0,48,,-1243
1244,exp,1243,,7,17.0,4,17,256,Vector,1245,False,0,49,,-1244
1245,reduce_sum,1244,,8,17.0,4,17,1,Scalar,1257,False,0,34,,-1245
1246,sub,1218,1230,6,17.0,5,17,256,Vector,"1247, 1273",False,0,50,,-1246
1247,exp,1246,,7,17.0,5,17,256,Vector,1248,False,0,51,,-1247
1248,reduce_sum,1247,,8,17.0,5,17,1,Scalar,1257,False,0,35,,-1248
1249,sub,1220,1230,6,17.0,6,17,256,Vector,"1250, 1275",False,0,52,,-1249
1250,exp,1249,,7,17.0,6,17,256,Vector,1251,False,0,53,,-1250
1251,reduce_sum,1250,,8,17.0,6,17,1,Scalar,1258,False,0,36,,-1251
1252,sub,1222,1230,6,17.0,7,17,256,Vector,"1253, 1277",False,0,54,,-1252
1253,exp,1252,,7,17.0,7,17,256,Vector,1254,False,0,55,,-1253
1254,reduce_sum,1253,,8,17.0,7,17,1,Scalar,1258,False,0,37,,-1254
1255,add,1233,1236,9,17.0,,17,1,Scalar,1259,False,0,38,,-1255
1256,add,1239,1242,9,17.0,,17,1,Scalar,1259,False,0,39,,-1256
1257,add,1245,1248,9,17.0,,17,1,Scalar,1260,False,0,40,,-1257
1258,add,1251,1254,9,17.0,,17,1,Scalar,1260,False,0,41,,-1258
1259,add,1255,1256,10,17.0,,17,1,Scalar,1261,False,0,42,,-1259
1260,add,1257,1258,10,17.0,,17,1,Scalar,1261,False,0,43,,-1260
1261,add,1259,1260,11,17.0,,17,1,Scalar,1262,False,0,44,,-1261
1262,ln,1261,,12,17.0,,17,1,Scalar,"1263, 1265, 1267, 1269, 1271, 1273, 1275, 1277",False,0,45,,-1262
1263,sub,1231,1262,13,17.0,0,17,256,Vector,1264,False,0,56,,-1263
1264,store,1263,136,14,17.0,0,17,256,Vector,,False,0,,136,-1264
1265,sub,1234,1262,13,17.0,1,17,256,Vector,1266,False,0,57,,-1265
1266,store,1265,137,14,17.0,1,17,256,Vector,,False,0,,137,-1266
1267,sub,1237,1262,13,17.0,2,17,256,Vector,1268,False,0,58,,-1267
1268,store,1267,138,14,17.0,2,17,256,Vector,,False,0,,138,-1268
1269,sub,1240,1262,13,17.0,3,17,256,Vector,1270,False,0,59,,-1269
1270,store,1269,139,14,17.0,3,17,256,Vector,,False,0,,139,-1270
1271,sub,1243,1262,13,17.0,4,17,256,Vector,1272,False,0,60,,-1271
1272,store,1271,140,14,17.0,4,17,256,Vector,,False,0,,140,-1272
1273,sub,1246,1262,13,17.0,5,17,256,Vector,1274,False,0,61,,-1273
1274,store,1273,141,14,17.0,5,17,256,Vector,,False,0,,141,-1274
1275,sub,1249,1262,13,17.0,6,17,256,Vector,1276,False,0,62,,-1275
1276,store,1275,142,14,17.0,6,17,256,Vector,,False,0,,142,-1276
1277,sub,1252,1262,13,17.0,7,17,256,Vector,1278,False,0,63,,-1277
1278,store,1277,143,14,17.0,7,17,256,Vector,,False,0,,143,-1278
1279,load,144,,1,18.0,0,18,256,Vector,"1280, 1302",True,0,64,144,-1279
1280,reduce_max,1279,,2,18.0,0,18,1,Scalar,1295,False,0,46,,-1280
1281,load,145,,1,18.0,1,18,256,Vector,"1282, 1305",True,0,65,145,-1281
1282,reduce_max,1281,,2,18.0,1,18,1,Scalar,1295,False,0,47,,-1282
1283,load,146,,1,18.0,2,18,256,Vector,"1284, 1308",True,0,66,146,-1283
1284,reduce_max,1283,,2,18.0,2,18,1,Scalar,1296,False,0,48,,-1284
1285,load,147,,1,18.0,3,18,256,Vector,"1286, 1311",True,0,67,147,-1285
1286,reduce_max,1285,,2,18.0,3,18,1,Scalar,1296,False,0,49,,-1286
1287,load,148,,1,18.0,4,18,256,Vector,"1288, 1314",True,0,68,148,-1287
1288,reduce_max,1287,,2,18.0,4,18,1,Scalar,1297,False,0,50,,-1288
1289,load,149,,1,18.0,5,18,256,Vector,"1290, 1317",True,0,69,149,-1289
1290,reduce_max,1289,,2,18.0,5,18,1,Scalar,1297,False,0,51,,-1290
1291,load,150,,1,18.0,6,18,256,Vector,"1292, 1320",True,0,70,150,-1291
1292,reduce_max,1291,,2,18.0,6,18,1,Scalar,1298,False,0,52,,-1292
1293,load,151,,1,18.0,7,18,256,Vector,"1294, 1323",True,0,71,151,-1293
1294,reduce_max,1293,,2,18.0,7,18,1,Scalar,1298,False,0,53,,-1294
1295,max,1280,1282,3,18.0,,18,1,Scalar,1299,False,0,54,,-1295
1296,max,1284,1286,3,18.0,,18,1,Scalar,1299,False,0,55,,-1296
1297,max,1288,1290,3,18.0,,18,1,Scalar,1300,False,0,56,,-1297
1298,max,1292,1294,3,18.0,,18,1,Scalar,1300,False,0,57,,-1298
1299,max,1295,1296,4,18.0,,18,1,Scalar,1301,False,0,58,,-1299
1300,max,1297,1298,4,18.0,,18,1,Scalar,1301,False,0,59,,-1300
1301,max,1299,1300,5,18.0,,18,1,Scalar,"1302, 1305, 1308, 1311, 1314, 1317, 1320, 1323",False,0,60,,-1301
1302,sub,1279,1301,6,18.0,0,18,256,Vector,"1303, 1334",False,0,72,,-1302
1303,exp,1302,,7,18.0,0,18,256,Vector,1304,False,0,73,,-1303
1304,reduce_sum,1303,,8,18.0,0,18,1,Scalar,1326,False,0,61,,-1304
1305,sub,1281,1301,6,18.0,1,18,256,Vector,"1306, 1336",False,0,74,,-1305
1306,exp,1305,,7,18.0,1,18,256,Vector,1307,False,0,75,,-1306
1307,reduce_sum,1306,,8,18.0,1,18,1,Scalar,1326,False,0,62,,-1307
1308,sub,1283,1301,6,18.0,2,18,256,Vector,"1309, 1338",False,0,76,,-1308
1309,exp,1308,,7,18.0,2,18,256,Vector,1310,False,0,77,,-1309
1310,reduce_sum,1309,,8,18.0,2,18,1,Scalar,1327,False,0,63,,-1310
1311,sub,1285,1301,6,18.0,3,18,256,Vector,"1312, 1340",False,0,78,,-1311
1312,exp,1311,,7,18.0,3,18,256,Vector,1313,False,0,79,,-1312
1313,reduce_sum,1312,,8,18.0,3,18,1,Scalar,1327,False,0,64,,-1313
1314,sub,1287,1301,6,18.0,4,18,256,Vector,"1315, 1342",False,0,80,,-1314
1315,exp,1314,,7,18.0,4,18,256,Vector,1316,False,0,81,,-1315
1316,reduce_sum,1315,,8,18.0,4,18,1,Scalar,1328,False,0,65,,-1316
1317,sub,1289,1301,6,18.0,5,18,256,Vector,"1318, 1344",False,0,82,,-1317
1318,exp,1317,,7,18.0,5,18,256,Vector,1319,False,0,83,,-1318
1319,reduce_sum,1318,,8,18.0,5,18,1,Scalar,1328,False,0,66,,-1319
1320,sub,1291,1301,6,18.0,6,18,256,Vector,"1321, 1346",False,0,84,,-1320
1321,exp,1320,,7,18.0,6,18,256,Vector,1322,False,0,85,,-1321
1322,reduce_sum,1321,,8,18.0,6,18,1,Scalar,1329,False,0,67,,-1322
1323,sub,1293,1301,6,18.0,7,18,256,Vector,"1324, 1348",False,0,86,,-1323
1324,exp,1323,,7,18.0,7,18,256,Vector,1325,False,0,87,,-1324
1325,reduce_sum,1324,,8,18.0,7,18,1,Scalar,1329,False,0,68,,-1325
1326,add,1304,1307,9,18.0,,18,1,Scalar,1330,False,0,69,,-1326
1327,add,1310,1313,9,18.0,,18,1,Scalar,1330,False,0,70,,-1327
1328,add,1316,1319,9,18.0,,18,1,Scalar,1331,False,0,71,,-1328
1329,add,1322,1325,9,18.0,,18,1,Scalar,1331,False,0,72,,-1329
1330,add,1326,1327,10,18.0,,18,1,Scalar,1332,False,0,73,,-1330
1331,add,1328,1329,10,18.0,,18,1,Scalar,1332,False,0,74,,-1331
1332,add,1330,1331,11,18.0,,18,1,Scalar,1333,False,0,75,,-1332
1333,ln,1332,,12,18.0,,18,1,Scalar,"1334, 1336, 1338, 1340, 1342, 1344, 1346, 1348",False,0,76,,-1333
1334,sub,1302,1333,13,18.0,0,18,256,Vector,1335,False,0,88,,-1334
1335,store,1334,144,14,18.0,0,18,256,Vector,,False,0,,144,-1335
1336,sub,1305,1333,13,18.0,1,18,256,Vector,1337,False,0,89,,-1336
1337,store,1336,145,14,18.0,1,18,256,Vector,,False,0,,145,-1337
1338,sub,1308,1333,13,18.0,2,18,256,Vector,1339,False,0,90,,-1338
1339,store,1338,146,14,18.0,2,18,256,Vector,,False,0,,146,-1339
1340,sub,1311,1333,13,18.0,3,18,256,Vector,1341,False,0,91,,-1340
1341,store,1340,147,14,18.0,3,18,256,Vector,,False,0,,147,-1341
1342,sub,1314,1333,13,18.0,4,18,256,Vector,1343,False,0,92,,-1342
1343,store,1342,148,14,18.0,4,18,256,Vector,,False,0,,148,-1343
1344,sub,1317,1333,13,18.0,5,18,256,Vector,1345,False,0,93,,-1344
1345,store,1344,149,14,18.0,5,18,256,Vector,,False,0,,149,-1345
1346,sub,1320,1333,13,18.0,6,18,256,Vector,1347,False,0,94,,-1346
1347,store,1346,150,14,18.0,6,18,256,Vector,,False,0,,150,-1347
1348,sub,1323,1333,13,18.0,7,18,256,Vector,1349,False,0,95,,-1348
1349,store,1348,151,14,18.0,7,18,256,Vector,,False,0,,151,-1349
1350,load,152,,1,19.0,0,19,256,Vector,"1351, 1373",True,0,96,152,-1350
1351,reduce_max,1350,,2,19.0,0,19,1,Scalar,1366,False,0,77,,-1351
1352,load,153,,1,19.0,1,19,256,Vector,"1353, 1376",True,0,97,153,-1352
1353,reduce_max,1352,,2,19.0,1,19,1,Scalar,1366,False,0,78,,-1353
1354,load,154,,1,19.0,2,19,256,Vector,"1355, 1379",True,0,98,154,-1354
1355,reduce_max,1354,,2,19.0,2,19,1,Scalar,1367,False,0,79,,-1355
1356,load,155,,1,19.0,3,19,256,Vector,"1357, 1382",True,0,99,155,-1356
1357,reduce_max,1356,,2,19.0,3,19,1,Scalar,1367,False,0,80,,-1357
1358,load,156,,1,19.0,4,19,256,Vector,"1359, 1385",True,0,100,156,-1358
1359,reduce_max,1358,,2,19.0,4,19,1,Scalar,1368,False,0,81,,-1359
1360,load,157,,1,19.0,5,19,256,Vector,"1361, 1388",True,0,101,157,-1360
1361,reduce_max,1360,,2,19.0,5,19,1,Scalar,1368,False,0,82,,-1361
1362,load,158,,1,19.0,6,19,256,Vector,"1363, 1391",True,0,102,158,-1362
1363,reduce_max,1362,,2,19.0,6,19,1,Scalar,1369,False,0,83,,-1363
1364,load,159,,1,19.0,7,19,256,Vector,"1365, 1394",True,0,103,159,-1364
1365,reduce_max,1364,,2,19.0,7,19,1,Scalar,1369,False,0,84,,-1365
1366,max,1351,1353,3,19.0,,19,1,Scalar,1370,False,0,85,,-1366
1367,max,1355,1357,3,19.0,,19,1,Scalar,1370,False,0,86,,-1367
1368,max,1359,1361,3,19.0,,19,1,Scalar,1371,False,0,87,,-1368
1369,max,1363,1365,3,19.0,,19,1,Scalar,1371,False,0,88,,-1369
1370,max,1366,1367,4,19.0,,19,1,Scalar,1372,False,0,89,,-1370
1371,max,1368,1369,4,19.0,,19,1,Scalar,1372,False,0,90,,-1371
1372,max,1370,1371,5,19.0,,19,1,Scalar,"1373, 1376, 1379, 1382, 1385, 1388, 1391, 1394",False,0,91,,-1372
1373,sub,1350,1372,6,19.0,0,19,256,Vector,"1374, 1405",False,0,104,,-1373
1374,exp,1373,,7,19.0,0,19,256,Vector,1375,False,0,105,,-1374
1375,reduce_sum,1374,,8,19.0,0,19,1,Scalar,1397,False,0,92,,-1375
1376,sub,1352,1372,6,19.0,1,19,256,Vector,"1377, 1407",False,0,106,,-1376
1377,exp,1376,,7,19.0,1,19,256,Vector,1378,False,0,107,,-1377
1378,reduce_sum,1377,,8,19.0,1,19,1,Scalar,1397,False,0,93,,-1378
1379,sub,1354,1372,6,19.0,2,19,256,Vector,"1380, 1409",False,0,108,,-1379
1380,exp,1379,,7,19.0,2,19,256,Vector,1381,False,0,109,,-1380
1381,reduce_sum,1380,,8,19.0,2,19,1,Scalar,1398,False,0,94,,-1381
1382,sub,1356,1372,6,19.0,3,19,256,Vector,"1383, 1411",False,0,110,,-1382
1383,exp,1382,,7,19.0,3,19,256,Vector,1384,False,0,111,,-1383
1384,reduce_sum,1383,,8,19.0,3,19,1,Scalar,1398,False,0,95,,-1384
1385,sub,1358,1372,6,19.0,4,19,256,Vector,"1386, 1413",False,0,112,,-1385
1386,exp,1385,,7,19.0,4,19,256,Vector,1387,False,0,113,,-1386
1387,reduce_sum,1386,,8,19.0,4,19,1,Scalar,1399,False,0,96,,-1387
1388,sub,1360,1372,6,19.0,5,19,256,Vector,"1389, 1415",False,0,114,,-1388
1389,exp,1388,,7,19.0,5,19,256,Vector,1390,False,0,115,,-1389
1390,reduce_sum,1389,,8,19.0,5,19,1,Scalar,1399,False,0,97,,-1390
1391,sub,1362,1372,6,19.0,6,19,256,Vector,"1392, 1417",False,0,116,,-1391
1392,exp,1391,,7,19.0,6,19,256,Vector,1393,False,0,117,,-1392
1393,reduce_sum,1392,,8,19.0,6,19,1,Scalar,1400,False,0,98,,-1393
1394,sub,1364,1372,6,19.0,7,19,256,Vector,"1395, 1419",False,0,118,,-1394
1395,exp,1394,,7,19.0,7,19,256,Vector,1396,False,0,119,,-1395
1396,reduce_sum,1395,,8,19.0,7,19,1,Scalar,1400,False,0,99,,-1396
1397,add,1375,1378,9,19.0,,19,1,Scalar,1401,False,0,100,,-1397
1398,add,1381,1384,9,19.0,,19,1,Scalar,1401,False,0,101,,-1398
1399,add,1387,1390,9,19.0,,19,1,Scalar,1402,False,0,102,,-1399
1400,add,1393,1396,9,19.0,,19,1,Scalar,1402,False,0,103,,-1400
1401,add,1397,1398,10,19.0,,19,1,Scalar,1403,False,0,104,,-1401
1402,add,1399,1400,10,19.0,,19,1,Scalar,1403,False,0,105,,-1402
1403,add,1401,1402,11,19.0,,19,1,Scalar,1404,False,0,106,,-1403
1404,ln,1403,,12,19.0,,19,1,Scalar,"1405, 1407, 1409, 1411, 1413, 1415, 1417, 1419",False,0,107,,-1404
1405,sub,1373,1404,13,19.0,0,19,256,Vector,1406,False,0,120,,-1405
1406,store,1405,152,14,19.0,0,19,256,Vector,,False,0,,152,-1406
1407,sub,1376,1404,13,19.0,1,19,256,Vector,1408,False,0,121,,-1407
1408,store,1407,153,14,19.0,1,19,256,Vector,,False,0,,153,-1408
1409,sub,1379,1404,13,19.0,2,19,256,Vector,1410,False,0,122,,-1409
1410,store,1409,154,14,19.0,2,19,256,Vector,,False,0,,154,-1410
1411,sub,1382,1404,13,19.0,3,19,256,Vector,1412,False,0,123,,-1411
1412,store,1411,155,14,19.0,3,19,256,Vector,,False,0,,155,-1412
1413,sub,1385,1404,13,19.0,4,19,256,Vector,1414,False,0,124,,-1413
1414,store,1413,156,14,19.0,4,19,256,Vector,,False,0,,156,-1414
1415,sub,1388,1404,13,19.0,5,19,256,Vector,1416,False,0,125,,-1415
1416,store,1415,157,14,19.0,5,19,256,Vector,,False,0,,157,-1416
1417,sub,1391,1404,13,19.0,6,19,256,Vector,1418,False,0,126,,-1417
1418,store,1417,158,14,19.0,6,19,256,Vector,,False,0,,158,-1418
1419,sub,1394,1404,13,19.0,7,19,256,Vector,1420,False,0,127,,-1419
1420,store,1419,159,14,19.0,7,19,256,Vector,,False,0,,159,-1420
1421,load,160,,1,20.0,0,20,256,Vector,"1422, 1444",True,0,128,160,-1421
1422,reduce_max,1421,,2,20.0,0,20,1,Scalar,1437,False,0,108,,-1422
1423,load,161,,1,20.0,1,20,256,Vector,"1424, 1447",True,0,129,161,-1423
1424,reduce_max,1423,,2,20.0,1,20,1,Scalar,1437,False,0,109,,-1424
1425,load,162,,1,20.0,2,20,256,Vector,"1426, 1450",True,0,130,162,-1425
1426,reduce_max,1425,,2,20.0,2,20,1,Scalar,1438,False,0,110,,-1426
1427,load,163,,1,20.0,3,20,256,Vector,"1428, 1453",True,0,131,163,-1427
1428,reduce_max,1427,,2,20.0,3,20,1,Scalar,1438,False,0,111,,-1428
1429,load,164,,1,20.0,4,20,256,Vector,"1430, 1456",True,0,132,164,-1429
1430,reduce_max,1429,,2,20.0,4,20,1,Scalar,1439,False,0,112,,-1430
1431,load,165,,1,20.0,5,20,256,Vector,"1432, 1459",True,0,133,165,-1431
1432,reduce_max,1431,,2,20.0,5,20,1,Scalar,1439,False,0,113,,-1432
1433,load,166,,1,20.0,6,20,256,Vector,"1434, 1462",True,0,134,166,-1433
1434,reduce_max,1433,,2,20.0,6,20,1,Scalar,1440,False,0,114,,-1434
1435,load,167,,1,20.0,7,20,256,Vector,"1436, 1465",True,0,135,167,-1435
1436,reduce_max,1435,,2,20.0,7,20,1,Scalar,1440,False,0,115,,-1436
1437,max,1422,1424,3,20.0,,20,1,Scalar,1441,False,0,116,,-1437
1438,max,1426,1428,3,20.0,,20,1,Scalar,1441,False,0,117,,-1438
1439,max,1430,1432,3,20.0,,20,1,Scalar,1442,False,0,118,,-1439
1440,max,1434,1436,3,20.0,,20,1,Scalar,1442,False,0,119,,-1440
1441,max,1437,1438,4,20.0,,20,1,Scalar,1443,False,0,120,,-1441
1442,max,1439,1440,4,20.0,,20,1,Scalar,1443,False,0,121,,-1442
1443,max,1441,1442,5,20.0,,20,1,Scalar,"1444, 1447, 1450, 1453, 1456, 1459, 1462, 1465",False,0,122,,-1443
1444,sub,1421,1443,6,20.0,0,20,256,Vector,"1445, 1476",False,0,136,,-1444
1445,exp,1444,,7,20.0,0,20,256,Vector,1446,False,0,137,,-1445
1446,reduce_sum,1445,,8,20.0,0,20,1,Scalar,1468,False,0,123,,-1446
1447,sub,1423,1443,6,20.0,1,20,256,Vector,"1448, 1478",False,0,138,,-1447
1448,exp,1447,,7,20.0,1,20,256,Vector,1449,False,0,139,,-1448
1449,reduce_sum,1448,,8,20.0,1,20,1,Scalar,1468,False,0,124,,-1449
1450,sub,1425,1443,6,20.0,2,20,256,Vector,"1451, 1480",False,0,140,,-1450
1451,exp,1450,,7,20.0,2,20,256,Vector,1452,False,0,141,,-1451
1452,reduce_sum,1451,,8,20.0,2,20,1,Scalar,1469,False,0,125,,-1452
1453,sub,1427,1443,6,20.0,3,20,256,Vector,"1454, 1482",False,0,142,,-1453
1454,exp,1453,,7,20.0,3,20,256,Vector,1455,False,0,143,,-1454
1455,reduce_sum,1454,,8,20.0,3,20,1,Scalar,1469,False,0,126,,-1455
1456,sub,1429,1443,6,20.0,4,20,256,Vector,"1457, 1484",False,0,144,,-1456
1457,exp,1456,,7,20.0,4,20,256,Vector,1458,False,0,145,,-1457
1458,reduce_sum,1457,,8,20.0,4,20,1,Scalar,1470,False,0,127,,-1458
1459,sub,1431,1443,6,20.0,5,20,256,Vector,"1460, 1486",False,0,146,,-1459
1460,exp,1459,,7,20.0,5,20,256,Vector,1461,False,0,147,,-1460
1461,reduce_sum,1460,,8,20.0,5,20,1,Scalar,1470,False,0,128,,-1461
1462,sub,1433,1443,6,20.0,6,20,256,Vector,"1463, 1488",False,0,148,,-1462
1463,exp,1462,,7,20.0,6,20,256,Vector,1464,False,0,149,,-1463
1464,reduce_sum,1463,,8,20.0,6,20,1,Scalar,1471,False,0,129,,-1464
1465,sub,1435,1443,6,20.0,7,20,256,Vector,"1466, 1490",False,0,150,,-1465
1466,exp,1465,,7,20.0,7,20,256,Vector,1467,False,0,151,,-1466
1467,reduce_sum,1466,,8,20.0,7,20,1,Scalar,1471,False,0,130,,-1467
1468,add,1446,1449,9,20.0,,20,1,Scalar,1472,False,0,131,,-1468
1469,add,1452,1455,9,20.0,,20,1,Scalar,1472,False,0,132,,-1469
1470,add,1458,1461,9,20.0,,20,1,Scalar,1473,False,0,133,,-1470
1471,add,1464,1467,9,20.0,,20,1,Scalar,1473,False,0,134,,-1471
1472,add,1468,1469,10,20.0,,20,1,Scalar,1474,False,0,135,,-1472
1473,add,1470,1471,10,20.0,,20,1,Scalar,1474,False,0,136,,-1473
1474,add,1472,1473,11,20.0,,20,1,Scalar,1475,False,0,137,,-1474
1475,ln,1474,,12,20.0,,20,1,Scalar,"1476, 1478, 1480, 1482, 1484, 1486, 1488, 1490",False,0,138,,-1475
1476,sub,1444,1475,13,20.0,0,20,256,Vector,1477,False,0,152,,-1476
1477,store,1476,160,14,20.0,0,20,256,Vector,,False,0,,160,-1477
1478,sub,1447,1475,13,20.0,1,20,256,Vector,1479,False,0,153,,-1478
1479,store,1478,161,14,20.0,1,20,256,Vector,,False,0,,161,-1479
1480,sub,1450,1475,13,20.0,2,20,256,Vector,1481,False,0,154,,-1480
1481,store,1480,162,14,20.0,2,20,256,Vector,,False,0,,162,-1481
1482,sub,1453,1475,13,20.0,3,20,256,Vector,1483,False,0,155,,-1482
1483,store,1482,163,14,20.0,3,20,256,Vector,,False,0,,163,-1483
1484,sub,1456,1475,13,20.0,4,20,256,Vector,1485,False,0,156,,-1484
1485,store,1484,164,14,20.0,4,20,256,Vector,,False,0,,164,-1485
1486,sub,1459,1475,13,20.0,5,20,256,Vector,1487,False,0,157,,-1486
1487,store,1486,165,14,20.0,5,20,256,Vector,,False,0,,165,-1487
1488,sub,1462,1475,13,20.0,6,20,256,Vector,1489,False,0,158,,-1488
1489,store,1488,166,14,20.0,6,20,256,Vector,,False,0,,166,-1489
1490,sub,1465,1475,13,20.0,7,20,256,Vector,1491,False,0,159,,-1490
1491,store,1490,167,14,20.0,7,20,256,Vector,,False,0,,167,-1491
1492,load,168,,1,21.0,0,21,256,Vector,"1493, 1515",True,0,160,168,-1492
1493,reduce_max,1492,,2,21.0,0,21,1,Scalar,1508,False,0,139,,-1493
1494,load,169,,1,21.0,1,21,256,Vector,"1495, 1518",True,0,161,169,-1494
1495,reduce_max,1494,,2,21.0,1,21,1,Scalar,1508,False,0,140,,-1495
1496,load,170,,1,21.0,2,21,256,Vector,"1497, 1521",True,0,162,170,-1496
1497,reduce_max,1496,,2,21.0,2,21,1,Scalar,1509,False,0,141,,-1497
1498,load,171,,1,21.0,3,21,256,Vector,"1499, 1524",True,0,163,171,-1498
1499,reduce_max,1498,,2,21.0,3,21,1,Scalar,1509,False,0,142,,-1499
1500,load,172,,1,21.0,4,21,256,Vector,"1501, 1527",True,0,164,172,-1500
1501,reduce_max,1500,,2,21.0,4,21,1,Scalar,1510,False,0,143,,-1501
1502,load,173,,1,21.0,5,21,256,Vector,"1503, 1530",True,0,165,173,-1502
1503,reduce_max,1502,,2,21.0,5,21,1,Scalar,1510,False,0,144,,-1503
1504,load,174,,1,21.0,6,21,256,Vector,"1505, 1533",True,0,166,174,-1504
1505,reduce_max,1504,,2,21.0,6,21,1,Scalar,1511,False,0,145,,-1505
1506,load,175,,1,21.0,7,21,256,Vector,"1507, 1536",True,0,167,175,-1506
1507,reduce_max,1506,,2,21.0,7,21,1,Scalar,1511,False,0,146,,-1507
1508,max,1493,1495,3,21.0,,21,1,Scalar,1512,False,0,147,,-1508
1509,max,1497,1499,3,21.0,,21,1,Scalar,1512,False,0,148,,-1509
1510,max,1501,1503,3,21.0,,21,1,Scalar,1513,False,0,149,,-1510
1511,max,1505,1507,3,21.0,,21,1,Scalar,1513,False,0,150,,-1511
1512,max,1508,1509,4,21.0,,21,1,Scalar,1514,False,0,151,,-1512
1513,max,1510,1511,4,21.0,,21,1,Scalar,1514,False,0,152,,-1513
1514,max,1512,1513,5,21.0,,21,1,Scalar,"1515, 1518, 1521, 1524, 1527, 1530, 1533, 1536",False,0,153,,-1514
1515,sub,1492,1514,6,21.0,0,21,256,Vector,"1516, 1547",False,0,168,,-1515
1516,exp,1515,,7,21.0,0,21,256,Vector,1517,False,0,169,,-1516
1517,reduce_sum,1516,,8,21.0,0,21,1,Scalar,1539,False,0,154,,-1517
1518,sub,1494,1514,6,21.0,1,21,256,Vector,"1519, 1549",False,0,170,,-1518
1519,exp,1518,,7,21.0,1,21,256,Vector,1520,False,0,171,,-1519
1520,reduce_sum,1519,,8,21.0,1,21,1,Scalar,1539,False,0,155,,-1520
1521,sub,1496,1514,6,21.0,2,21,256,Vector,"1522, 1551",False,0,172,,-1521
1522,exp,1521,,7,21.0,2,21,256,Vector,1523,False,0,173,,-1522
1523,reduce_sum,1522,,8,21.0,2,21,1,Scalar,1540,False,0,156,,-1523
1524,sub,1498,1514,6,21.0,3,21,256,Vector,"1525, 1553",False,0,174,,-1524
1525,exp,1524,,7,21.0,3,21,256,Vector,1526,False,0,175,,-1525
1526,reduce_sum,1525,,8,21.0,3,21,1,Scalar,1540,False,0,157,,-1526
1527,sub,1500,1514,6,21.0,4,21,256,Vector,"1528, 1555",False,0,176,,-1527
1528,exp,1527,,7,21.0,4,21,256,Vector,1529,False,0,177,,-1528
1529,reduce_sum,1528,,8,21.0,4,21,1,Scalar,1541,False,0,158,,-1529
1530,sub,1502,1514,6,21.0,5,21,256,Vector,"1531, 1557",False,0,178,,-1530
1531,exp,1530,,7,21.0,5,21,256,Vector,1532,False,0,179,,-1531
1532,reduce_sum,1531,,8,21.0,5,21,1,Scalar,1541,False,0,159,,-1532
1533,sub,1504,1514,6,21.0,6,21,256,Vector,"1534, 1559",False,0,180,,-1533
1534,exp,1533,,7,21.0,6,21,256,Vector,1535,False,0,181,,-1534
1535,reduce_sum,1534,,8,21.0,6,21,1,Scalar,1542,False,0,160,,-1535
1536,sub,1506,1514,6,21.0,7,21,256,Vector,"1537, 1561",False,0,182,,-1536
1537,exp,1536,,7,21.0,7,21,256,Vector,1538,False,0,183,,-1537
1538,reduce_sum,1537,,8,21.0,7,21,1,Scalar,1542,False,0,161,,-1538
1539,add,1517,1520,9,21.0,,21,1,Scalar,1543,False,0,162,,-1539
1540,add,1523,1526,9,21.0,,21,1,Scalar,1543,False,0,163,,-1540
1541,add,1529,1532,9,21.0,,21,1,Scalar,1544,False,0,164,,-1541
1542,add,1535,1538,9,21.0,,21,1,Scalar,1544,False,0,165,,-1542
1543,add,1539,1540,10,21.0,,21,1,Scalar,1545,False,0,166,,-1543
1544,add,1541,1542,10,21.0,,21,1,Scalar,1545,False,0,167,,-1544
1545,add,1543,1544,11,21.0,,21,1,Scalar,1546,False,0,168,,-1545
1546,ln,1545,,12,21.0,,21,1,Scalar,"1547, 1549, 1551, 1553, 1555, 1557, 1559, 1561",False,0,169,,-1546
1547,sub,1515,1546,13,21.0,0,21,256,Vector,1548,False,0,184,,-1547
1548,store,1547,168,14,21.0,0,21,256,Vector,,False,0,,168,-1548
1549,sub,1518,1546,13,21.0,1,21,256,Vector,1550,False,0,185,,-1549
1550,store,1549,169,14,21.0,1,21,256,Vector,,False,0,,169,-1550
1551,sub,1521,1546,13,21.0,2,21,256,Vector,1552,False,0,186,,-1551
1552,store,1551,170,14,21.0,2,21,256,Vector,,False,0,,170,-1552
1553,sub,1524,1546,13,21.0,3,21,256,Vector,1554,False,0,187,,-1553
1554,store,1553,171,14,21.0,3,21,256,Vector,,False,0,,171,-1554
1555,sub,1527,1546,13,21.0,4,21,256,Vector,1556,False,0,188,,-1555
1556,store,1555,172,14,21.0,4,21,256,Vector,,False,0,,172,-1556
1557,sub,1530,1546,13,21.0,5,21,256,Vector,1558,False,0,189,,-1557
1558,store,1557,173,14,21.0,5,21,256,Vector,,False,0,,173,-1558
1559,sub,1533,1546,13,21.0,6,21,256,Vector,1560,False,0,190,,-1559
1560,store,1559,174,14,21.0,6,21,256,Vector,,False,0,,174,-1560
1561,sub,1536,1546,13,21.0,7,21,256,Vector,1562,False,0,191,,-1561
1562,store,1561,175,14,21.0,7,21,256,Vector,,False,0,,175,-1562
1563,load,176,,1,22.0,0,22,256,Vector,"1564, 1586",True,0,192,176,-1563
1564,reduce_max,1563,,2,22.0,0,22,1,Scalar,1579,False,0,170,,-1564
1565,load,177,,1,22.0,1,22,256,Vector,"1566, 1589",True,0,193,177,-1565
1566,reduce_max,1565,,2,22.0,1,22,1,Scalar,1579,False,0,171,,-1566
1567,load,178,,1,22.0,2,22,256,Vector,"1568, 1592",True,0,194,178,-1567
1568,reduce_max,1567,,2,22.0,2,22,1,Scalar,1580,False,0,172,,-1568
1569,load,179,,1,22.0,3,22,256,Vector,"1570, 1595",True,0,195,179,-1569
1570,reduce_max,1569,,2,22.0,3,22,1,Scalar,1580,False,0,173,,-1570
1571,load,180,,1,22.0,4,22,256,Vector,"1572, 1598",True,0,196,180,-1571
1572,reduce_max,1571,,2,22.0,4,22,1,Scalar,1581,False,0,174,,-1572
1573,load,181,,1,22.0,5,22,256,Vector,"1574, 1601",True,0,197,181,-1573
1574,reduce_max,1573,,2,22.0,5,22,1,Scalar,1581,False,0,175,,-1574
1575,load,182,,1,22.0,6,22,256,Vector,"1576, 1604",True,0,198,182,-1575
1576,reduce_max,1575,,2,22.0,6,22,1,Scalar,1582,False,0,176,,-1576
1577,load,183,,1,22.0,7,22,256,Vector,"1578, 1607",True,0,199,183,-1577
1578,reduce_max,1577,,2,22.0,7,22,1,Scalar,1582,False,0,177,,-1578
1579,max,1564,1566,3,22.0,,22,1,Scalar,1583,False,0,178,,-1579
1580,max,1568,1570,3,22.0,,22,1,Scalar,1583,False,0,179,,-1580
1581,max,1572,1574,3,22.0,,22,1,Scalar,1584,False,0,180,,-1581
1582,max,1576,1578,3,22.0,,22,1,Scalar,1584,False,0,181,,-1582
1583,max,1579,1580,4,22.0,,22,1,Scalar,1585,False,0,182,,-1583
1584,max,1581,1582,4,22.0,,22,1,Scalar,1585,False,0,183,,-1584
1585,max,1583,1584,5,22.0,,22,1,Scalar,"1586, 1589, 1592, 1595, 1598, 1601, 1604, 1607",False,0,184,,-1585
1586,sub,1563,1585,6,22.0,0,22,256,Vector,"1587, 1618",False,0,200,,-1586
1587,exp,1586,,7,22.0,0,22,256,Vector,1588,False,0,201,,-1587
1588,reduce_sum,1587,,8,22.0,0,22,1,Scalar,1610,False,0,185,,-1588
1589,sub,1565,1585,6,22.0,1,22,256,Vector,"1590, 1620",False,0,202,,-1589
1590,exp,1589,,7,22.0,1,22,256,Vector,1591,False,0,203,,-1590
1591,reduce_sum,1590,,8,22.0,1,22,1,Scalar,1610,False,0,186,,-1591
1592,sub,1567,1585,6,22.0,2,22,256,Vector,"1593, 1622",False,0,204,,-1592
1593,exp,1592,,7,22.0,2,22,256,Vector,1594,False,0,205,,-1593
1594,reduce_sum,1593,,8,22.0,2,22,1,Scalar,1611,False,0,187,,-1594
1595,sub,1569,1585,6,22.0,3,22,256,Vector,"1596, 1624",False,0,206,,-1595
1596,exp,1595,,7,22.0,3,22,256,Vector,1597,False,0,207,,-1596
1597,reduce_sum,1596,,8,22.0,3,22,1,Scalar,1611,False,0,188,,-1597
1598,sub,1571,1585,6,22.0,4,22,256,Vector,"1599, 1626",False,0,208,,-1598
1599,exp,1598,,7,22.0,4,22,256,Vector,1600,False,0,209,,-1599
1600,reduce_sum,1599,,8,22.0,4,22,1,Scalar,1612,False,0,189,,-1600
1601,sub,1573,1585,6,22.0,5,22,256,Vector,"1602, 1628",False,0,210,,-1601
1602,exp,1601,,7,22.0,5,22,256,Vector,1603,False,0,211,,-1602
1603,reduce_sum,1602,,8,22.0,5,22,1,Scalar,1612,False,0,190,,-1603
1604,sub,1575,1585,6,22.0,6,22,256,Vector,"1605, 1630",False,0,212,,-1604
1605,exp,1604,,7,22.0,6,22,256,Vector,1606,False,0,213,,-1605
1606,reduce_sum,1605,,8,22.0,6,22,1,Scalar,1613,False,0,191,,-1606
1607,sub,1577,1585,6,22.0,7,22,256,Vector,"1608, 1632",False,0,214,,-1607
1608,exp,1607,,7,22.0,7,22,256,Vector,1609,False,0,215,,-1608
1609,reduce_sum,1608,,8,22.0,7,22,1,Scalar,1613,False,0,192,,-1609
1610,add,1588,1591,9,22.0,,22,1,Scalar,1614,False,0,193,,-1610
1611,add,1594,1597,9,22.0,,22,1,Scalar,1614,False,0,194,,-1611
1612,add,1600,1603,9,22.0,,22,1,Scalar,1615,False,0,195,,-1612
1613,add,1606,1609,9,22.0,,22,1,Scalar,1615,False,0,196,,-1613
1614,add,1610,1611,10,22.0,,22,1,Scalar,1616,False,0,197,,-1614
1615,add,1612,1613,10,22.0,,22,1,Scalar,1616,False,0,198,,-1615
1616,add,1614,1615,11,22.0,,22,1,Scalar,1617,False,0,199,,-1616
1617,ln,1616,,12,22.0,,22,1,Scalar,"1618, 1620, 1622, 1624, 1626, 1628, 1630, 1632",False,0,200,,-1617
1618,sub,1586,1617,13,22.0,0,22,256,Vector,1619,False,0,216,,-1618
1619,store,1618,176,14,22.0,0,22,256,Vector,,False,0,,176,-1619
1620,sub,1589,1617,13,22.0,1,22,256,Vector,1621,False,0,217,,-1620
1621,store,1620,177,14,22.0,1,22,256,Vector,,False,0,,177,-1621
1622,sub,1592,1617,13,22.0,2,22,256,Vector,1623,False,0,218,,-1622
1623,store,1622,178,14,22.0,2,22,256,Vector,,False,0,,178,-1623
1624,sub,1595,1617,13,22.0,3,22,256,Vector,1625,False,0,219,,-1624
1625,store,1624,179,14,22.0,3,22,256,Vector,,False,0,,179,-1625
1626,sub,1598,1617,13,22.0,4,22,256,Vector,1627,False,0,220,,-1626
1627,store,1626,180,14,22.0,4,22,256,Vector,,False,0,,180,-1627
1628,sub,1601,1617,13,22.0,5,22,256,Vector,1629,False,0,221,,-1628
1629,store,1628,181,14,22.0,5,22,256,Vector,,False,0,,181,-1629
1630,sub,1604,1617,13,22.0,6,22,256,Vector,1631,False,0,222,,-1630
1631,store,1630,182,14,22.0,6,22,256,Vector,,False,0,,182,-1631
1632,sub,1607,1617,13,22.0,7,22,256,Vector,1633,False,0,223,,-1632
1633,store,1632,183,14,22.0,7,22,256,Vector,,False,0,,183,-1633
1634,load,184,,1,23.0,0,23,256,Vector,"1635, 1657",True,0,224,184,-1634
1635,reduce_max,1634,,2,23.0,0,23,1,Scalar,1650,False,0,201,,-1635
1636,load,185,,1,23.0,1,23,256,Vector,"1637, 1660",True,0,225,185,-1636
1637,reduce_max,1636,,2,23.0,1,23,1,Scalar,1650,False,0,202,,-1637
1638,load,186,,1,23.0,2,23,256,Vector,"1639, 1663",True,0,226,186,-1638
1639,reduce_max,1638,,2,23.0,2,23,1,Scalar,1651,False,0,203,,-1639
1640,load,187,,1,23.0,3,23,256,Vector,"1641, 1666",True,0,227,187,-1640
1641,reduce_max,1640,,2,23.0,3,23,1,Scalar,1651,False,0,204,,-1641
1642,load,188,,1,23.0,4,23,256,Vector,"1643, 1669",True,0,228,188,-1642
1643,reduce_max,1642,,2,23.0,4,23,1,Scalar,1652,False,0,205,,-1643
1644,load,189,,1,23.0,5,23,256,Vector,"1645, 1672",True,0,229,189,-1644
1645,reduce_max,1644,,2,23.0,5,23,1,Scalar,1652,False,0,206,,-1645
1646,load,190,,1,23.0,6,23,256,Vector,"1647, 1675",True,0,230,190,-1646
1647,reduce_max,1646,,2,23.0,6,23,1,Scalar,1653,False,0,207,,-1647
1648,load,191,,1,23.0,7,23,256,Vector,"1649, 1678",True,0,231,191,-1648
1649,reduce_max,1648,,2,23.0,7,23,1,Scalar,1653,False,0,208,,-1649
1650,max,1635,1637,3,23.0,,23,1,Scalar,1654,False,0,209,,-1650
1651,max,1639,1641,3,23.0,,23,1,Scalar,1654,False,0,210,,-1651
1652,max,1643,1645,3,23.0,,23,1,Scalar,1655,False,0,211,,-1652
1653,max,1647,1649,3,23.0,,23,1,Scalar,1655,False,0,212,,-1653
1654,max,1650,1651,4,23.0,,23,1,Scalar,1656,False,0,213,,-1654
1655,max,1652,1653,4,23.0,,23,1,Scalar,1656,False,0,214,,-1655
1656,max,1654,1655,5,23.0,,23,1,Scalar,"1657, 1660, 1663, 1666, 1669, 1672, 1675, 1678",False,0,215,,-1656
1657,sub,1634,1656,6,23.0,0,23,256,Vector,"1658, 1689",False,0,232,,-1657
1658,exp,1657,,7,23.0,0,23,256,Vector,1659,False,0,233,,-1658
1659,reduce_sum,1658,,8,23.0,0,23,1,Scalar,1681,False,0,216,,-1659
1660,sub,1636,1656,6,23.0,1,23,256,Vector,"1661, 1691",False,0,234,,-1660
1661,exp,1660,,7,23.0,1,23,256,Vector,1662,False,0,235,,-1661
1662,reduce_sum,1661,,8,23.0,1,23,1,Scalar,1681,False,0,217,,-1662
1663,sub,1638,1656,6,23.0,2,23,256,Vector,"1664, 1693",False,0,236,,-1663
1664,exp,1663,,7,23.0,2,23,256,Vector,1665,False,0,237,,-1664
1665,reduce_sum,1664,,8,23.0,2,23,1,Scalar,1682,False,0,218,,-1665
1666,sub,1640,1656,6,23.0,3,23,256,Vector,"1667, 1695",False,0,238,,-1666
1667,exp,1666,,7,23.0,3,23,256,Vector,1668,False,0,239,,-1667
1668,reduce_sum,1667,,8,23.0,3,23,1,Scalar,1682,False,0,219,,-1668
1669,sub,1642,1656,6,23.0,4,23,256,Vector,"1670, 1697",False,0,240,,-1669
1670,exp,1669,,7,23.0,4,23,256,Vector,1671,False,0,241,,-1670
1671,reduce_sum,1670,,8,23.0,4,23,1,Scalar,1683,False,0,220,,-1671
1672,sub,1644,1656,6,23.0,5,23,256,Vector,"1673, 1699",False,0,242,,-1672
1673,exp,1672,,7,23.0,5,23,256,Vector,1674,False,0,243,,-1673
1674,reduce_sum,1673,,8,23.0,5,23,1,Scalar,1683,False,0,221,,-1674
1675,sub,1646,1656,6,23.0,6,23,256,Vector,"1676, 1701",False,0,244,,-1675
1676,exp,1675,,7,23.0,6,23,256,Vector,1677,False,0,245,,-1676
1677,reduce_sum,1676,,8,23.0,6,23,1,Scalar,1684,False,0,222,,-1677
1678,sub,1648,1656,6,23.0,7,23,256,Vector,"1679, 1703",False,0,246,,-1678
1679,exp,1678,,7,23.0,7,23,256,Vector,1680,False,0,247,,-1679
1680,reduce_sum,1679,,8,23.0,7,23,1,Scalar,1684,False,0,223,,-1680
1681,add,1659,1662,9,23.0,,23,1,Scalar,1685,False,0,224,,-1681
1682,add,1665,1668,9,23.0,,23,1,Scalar,1685,False,0,225,,-1682
1683,add,1671,1674,9,23.0,,23,1,Scalar,1686,False,0,226,,-1683
1684,add,1677,1680,9,23.0,,23,1,Scalar,1686,False,0,227,,-1684
1685,add,1681,1682,10,23.0,,23,1,Scalar,1687,False,0,228,,-1685
1686,add,1683,1684,10,23.0,,23,1,Scalar,1687,False,0,229,,-1686
1687,add,1685,1686,11,23.0,,23,1,Scalar,1688,False,0,230,,-1687
1688,ln,1687,,12,23.0,,23,1,Scalar,"1689, 1691, 1693, 1695, 1697, 1699, 1701, 1703",False,0,231,,-1688
1689,sub,1657,1688,13,23.0,0,23,256,Vector,1690,False,0,248,,-1689
1690,store,1689,184,14,23.0,0,23,256,Vector,,False,0,,184,-1690
1691,sub,1660,1688,13,23.0,1,23,256,Vector,1692,False,0,249,,-1691
1692,store,1691,185,14,23.0,1,23,256,Vector,,False,0,,185,-1692
1693,sub,1663,1688,13,23.0,2,23,256,Vector,1694,False,0,250,,-1693
1694,store,1693,186,14,23.0,2,23,256,Vector,,False,0,,186,-1694
1695,sub,1666,1688,13,23.0,3,23,256,Vector,1696,False,0,251,,-1695
1696,store,1695,187,14,23.0,3,23,256,Vector,,False,0,,187,-1696
1697,sub,1669,1688,13,23.0,4,23,256,Vector,1698,False,0,252,,-1697
1698,store,1697,188,14,23.0,4,23,256,Vector,,False,0,,188,-1698
1699,sub,1672,1688,13,23.0,5,23,256,Vector,1700,False,0,253,,-1699
1700,store,1699,189,14,23.0,5,23,256,Vector,,False,0,,189,-1700
1701,sub,1675,1688,13,23.0,6,23,256,Vector,1702,False,0,254,,-1701
1702,store,1701,190,14,23.0,6,23,256,Vector,,False,0,,190,-1702
1703,sub,1678,1688,13,23.0,7,23,256,Vector,1704,False,0,255,,-1703
1704,store,1703,191,14,23.0,7,23,256,Vector,,False,0,,191,-1704
1705,load,192,,1,24.0,0,24,256,Vector,"1706, 1728",True,0,0,192,-1705
1706,reduce_max,1705,,2,24.0,0,24,1,Scalar,1721,False,0,232,,-1706
1707,load,193,,1,24.0,1,24,256,Vector,"1708, 1731",True,0,1,193,-1707
1708,reduce_max,1707,,2,24.0,1,24,1,Scalar,1721,False,0,233,,-1708
1709,load,194,,1,24.0,2,24,256,Vector,"1710, 1734",True,0,2,194,-1709
1710,reduce_max,1709,,2,24.0,2,24,1,Scalar,1722,False,0,234,,-1710
1711,load,195,,1,24.0,3,24,256,Vector,"1712, 1737",True,0,3,195,-1711
1712,reduce_max,1711,,2,24.0,3,24,1,Scalar,1722,False,0,235,,-1712
1713,load,196,,1,24.0,4,24,256,Vector,"1714, 1740",True,0,4,196,-1713
1714,reduce_max,1713,,2,24.0,4,24,1,Scalar,1723,False,0,236,,-1714
1715,load,197,,1,24.0,5,24,256,Vector,"1716, 1743",True,0,5,197,-1715
1716,reduce_max,1715,,2,24.0,5,24,1,Scalar,1723,False,0,237,,-1716
1717,load,198,,1,24.0,6,24,256,Vector,"1718, 1746",True,0,6,198,-1717
1718,reduce_max,1717,,2,24.0,6,24,1,Scalar,1724,False,0,238,,-1718
1719,load,199,,1,24.0,7,24,256,Vector,"1720, 1749",True,0,7,199,-1719
1720,reduce_max,1719,,2,24.0,7,24,1,Scalar,1724,False,0,239,,-1720
1721,max,1706,1708,3,24.0,,24,1,Scalar,1725,False,0,240,,-1721
1722,max,1710,1712,3,24.0,,24,1,Scalar,1725,False,0,241,,-1722
1723,max,1714,1716,3,24.0,,24,1,Scalar,1726,False,0,242,,-1723
1724,max,1718,1720,3,24.0,,24,1,Scalar,1726,False,0,243,,-1724
1725,max,1721,1722,4,24.0,,24,1,Scalar,1727,False,0,244,,-1725
1726,max,1723,1724,4,24.0,,24,1,Scalar,1727,False,0,245,,-1726
1727,max,1725,1726,5,24.0,,24,1,Scalar,"1728, 1731, 1734, 1737, 1740, 1743, 1746, 1749",False,0,246,,-1727
1728,sub,1705,1727,6,24.0,0,24,256,Vector,"1729, 1760",False,0,8,,-1728
1729,exp,1728,,7,24.0,0,24,256,Vector,1730,False,0,9,,-1729
1730,reduce_sum,1729,,8,24.0,0,24,1,Scalar,1752,False,0,247,,-1730
1731,sub,1707,1727,6,24.0,1,24,256,Vector,"1732, 1762",False,0,10,,-1731
1732,exp,1731,,7,24.0,1,24,256,Vector,1733,False,0,11,,-1732
1733,reduce_sum,1732,,8,24.0,1,24,1,Scalar,1752,False,0,248,,-1733
1734,sub,1709,1727,6,24.0,2,24,256,Vector,"1735, 1764",False,0,12,,-1734
1735,exp,1734,,7,24.0,2,24,256,Vector,1736,False,0,13,,-1735
1736,reduce_sum,1735,,8,24.0,2,24,1,Scalar,1753,False,0,249,,-1736
1737,sub,1711,1727,6,24.0,3,24,256,Vector,"1738, 1766",False,0,14,,-1737
1738,exp,1737,,7,24.0,3,24,256,Vector,1739,False,0,15,,-1738
1739,reduce_sum,1738,,8,24.0,3,24,1,Scalar,1753,False,0,250,,-1739
1740,sub,1713,1727,6,24.0,4,24,256,Vector,"1741, 1768",False,0,16,,-1740
1741,exp,1740,,7,24.0,4,24,256,Vector,1742,False,0,17,,-1741
1742,reduce_sum,1741,,8,24.0,4,24,1,Scalar,1754,False,0,251,,-1742
1743,sub,1715,1727,6,24.0,5,24,256,Vector,"1744, 1770",False,0,18,,-1743
1744,exp,1743,,7,24.0,5,24,256,Vector,1745,False,0,19,,-1744
1745,reduce_sum,1744,,8,24.0,5,24,1,Scalar,1754,False,0,252,,-1745
1746,sub,1717,1727,6,24.0,6,24,256,Vector,"1747, 1772",False,0,20,,-1746
1747,exp,1746,,7,24.0,6,24,256,Vector,1748,False,0,21,,-1747
1748,reduce_sum,1747,,8,24.0,6,24,1,Scalar,1755,False,0,253,,-1748
1749,sub,1719,1727,6,24.0,7,24,256,Vector,"1750, 1774",False,0,22,,-1749
1750,exp,1749,,7,24.0,7,24,256,Vector,1751,False,0,23,,-1750
1751,reduce_sum,1750,,8,24.0,7,24,1,Scalar,1755,False,0,254,,-1751
1752,add,1730,1733,9,24.0,,24,1,Scalar,1756,False,0,255,,-1752
1753,add,1736,1739,9,24.0,,24,1,Scalar,1756,False,0,0,,-1753
1754,add,1742,1745,9,24.0,,24,1,Scalar,1757,False,0,1,,-1754
1755,add,1748,1751,9,24.0,,24,1,Scalar,1757,False,0,2,,-1755
1756,add,1752,1753,10,24.0,,24,1,Scalar,1758,False,0,3,,-1756
1757,add,1754,1755,10,24.0,,24,1,Scalar,1758,False,0,4,,-1757
1758,add,1756,1757,11,24.0,,24,1,Scalar,1759,False,0,5,,-1758
1759,ln,1758,,12,24.0,,24,1,Scalar,"1760, 1762, 1764, 1766, 1768, 1770, 1772, 1774",False,0,6,,-1759
1760,sub,1728,1759,13,24.0,0,24,256,Vector,1761,False,0,24,,-1760
1761,store,1760,192,14,24.0,0,24,256,Vector,,False,0,,192,-1761
1762,sub,1731,1759,13,24.0,1,24,256,Vector,1763,False,0,25,,-1762
1763,store,1762,193,14,24.0,1,24,256,Vector,,False,0,,193,-1763
1764,sub,1734,1759,13,24.0,2,24,256,Vector,1765,False,0,26,,-1764
1765,store,1764,194,14,24.0,2,24,256,Vector,,False,0,,194,-1765
1766,sub,1737,1759,13,24.0,3,24,256,Vector,1767,False,0,27,,-1766
1767,store,1766,195,14,24.0,3,24,256,Vector,,False,0,,195,-1767
1768,sub,1740,1759,13,24.0,4,24,256,Vector,1769,False,0,28,,-1768
1769,store,1768,196,14,24.0,4,24,256,Vector,,False,0,,196,-1769
1770,sub,1743,1759,13,24.0,5,24,256,Vector,1771,False,0,29,,-1770
1771,store,1770,197,14,24.0,5,24,256,Vector,,False,0,,197,-1771
1772,sub,1746,1759,13,24.0,6,24,256,Vector,1773,False,0,30,,-1772
1773,store,1772,198,14,24.0,6,24,256,Vector,,False,0,,198,-1773
1774,sub,1749,1759,13,24.0,7,24,256,Vector,1775,False,0,31,,-1774
1775,store,1774,199,14,24.0,7,24,256,Vector,,False,0,,199,-1775
1776,load,200,,1,25.0,0,25,256,Vector,"1777, 1799",True,0,32,200,-1776
1777,reduce_max,1776,,2,25.0,0,25,1,Scalar,1792,False,0,7,,-1777
1778,load,201,,1,25.0,1,25,256,Vector,"1779, 1802",True,0,33,201,-1778
1779,reduce_max,1778,,2,25.0,1,25,1,Scalar,1792,False,0,8,,-1779
1780,load,202,,1,25.0,2,25,256,Vector,"1781, 1805",True,0,34,202,-1780
1781,reduce_max,1780,,2,25.0,2,25,1,Scalar,1793,False,0,9,,-1781
1782,load,203,,1,25.0,3,25,256,Vector,"1783, 1808",True,0,35,203,-1782
1783,reduce_max,1782,,2,25.0,3,25,1,Scalar,1793,False,0,10,,-1783
1784,load,204,,1,25.0,4,25,256,Vector,"1785, 1811",True,0,36,204,-1784
1785,reduce_max,1784,,2,25.0,4,25,1,Scalar,1794,False,0,11,,-1785
1786,load,205,,1,25.0,5,25,256,Vector,"1787, 1814",True,0,37,205,-1786
1787,reduce_max,1786,,2,25.0,5,25,1,Scalar,1794,False,0,12,,-1787
1788,load,206,,1,25.0,6,25,256,Vector,"1789, 1817",True,0,38,206,-1788
1789,reduce_max,1788,,2,25.0,6,25,1,Scalar,1795,False,0,13,,-1789
1790,load,207,,1,25.0,7,25,256,Vector,"1791, 1820",True,0,39,207,-1790
1791,reduce_max,1790,,2,25.0,7,25,1,Scalar,1795,False,0,14,,-1791
1792,max,1777,1779,3,25.0,,25,1,Scalar,1796,False,0,15,,-1792
1793,max,1781,1783,3,25.0,,25,1,Scalar,1796,False,0,16,,-1793
1794,max,1785,1787,3,25.0,,25,1,Scalar,1797,False,0,17,,-1794
1795,max,1789,1791,3,25.0,,25,1,Scalar,1797,False,0,18,,-1795
1796,max,1792,1793,4,25.0,,25,1,Scalar,1798,False,0,19,,-1796
1797,max,1794,1795,4,25.0,,25,1,Scalar,1798,False,0,20,,-1797
1798,max,1796,1797,5,25.0,,25,1,Scalar,"1799, 1802, 1805, 1808, 1811, 1814, 1817, 1820",False,0,21,,-1798
1799,sub,1776,1798,6,25.0,0,25,256,Vector,"1800, 1831",False,0,40,,-1799
1800,exp,1799,,7,25.0,0,25,256,Vector,1801,False,0,41,,-1800
1801,reduce_sum,1800,,8,25.0,0,25,1,Scalar,1823,False,0,22,,-1801
1802,sub,1778,1798,6,25.0,1,25,256,Vector,"1803, 1833",False,0,42,,-1802
1803,exp,1802,,7,25.0,1,25,256,Vector,1804,False,0,43,,-1803
1804,reduce_sum,1803,,8,25.0,1,25,1,Scalar,1823,False,0,23,,-1804
1805,sub,1780,1798,6,25.0,2,25,256,Vector,"1806, 1835",False,0,44,,-1805
1806,exp,1805,,7,25.0,2,25,256,Vector,1807,False,0,45,,-1806
1807,reduce_sum,1806,,8,25.0,2,25,1,Scalar,1824,False,0,24,,-1807
1808,sub,1782,1798,6,25.0,3,25,256,Vector,"1809, 1837",False,0,46,,-1808
1809,exp,1808,,7,25.0,3,25,256,Vector,1810,False,0,47,,-1809
1810,reduce_sum,1809,,8,25.0,3,25,1,Scalar,1824,False,0,25,,-1810
1811,sub,1784,1798,6,25.0,4,25,256,Vector,"1812, 1839",False,0,48,,-1811
1812,exp,1811,,7,25.0,4,25,256,Vector,1813,False,0,49,,-1812
1813,reduce_sum,1812,,8,25.0,4,25,1,Scalar,1825,False,0,26,,-1813
1814,sub,1786,1798,6,25.0,5,25,256,Vector,"1815, 1841",False,0,50,,-1814
1815,exp,1814,,7,25.0,5,25,256,Vector,1816,False,0,51,,-1815
1816,reduce_sum,1815,,8,25.0,5,25,1,Scalar,1825,False,0,27,,-1816
1817,sub,1788,1798,6,25.0,6,25,256,Vector,"1818, 1843",False,0,52,,-1817
1818,exp,1817,,7,25.0,6,25,256,Vector,1819,False,0,53,,-1818
1819,reduce_sum,1818,,8,25.0,6,25,1,Scalar,1826,False,0,28,,-1819
1820,sub,1790,1798,6,25.0,7,25,256,Vector,"1821, 1845",False,0,54,,-1820
1821,exp,1820,,7,25.0,7,25,256,Vector,1822,False,0,55,,-1821
1822,reduce_sum,1821,,8,25.0,7,25,1,Scalar,1826,False,0,29,,-1822
1823,add,1801,1804,9,25.0,,25,1,Scalar,1827,False,0,30,,-1823
1824,add,1807,1810,9,25.0,,25,1,Scalar,1827,False,0,31,,-1824
1825,add,1813,1816,9,25.0,,25,1,Scalar,1828,False,0,32,,-1825
1826,add,1819,1822,9,25.0,,25,1,Scalar,1828,False,0,33,,-1826
1827,add,1823,1824,10,25.0,,25,1,Scalar,1829,False,0,34,,-1827
1828,add,1825,1826,10,25.0,,25,1,Scalar,1829,False,0,35,,-1828
1829,add,1827,1828,11,25.0,,25,1,Scalar,1830,False,0,36,,-1829
1830,ln,1829,,12,25.0,,25,1,Scalar,"1831, 1833, 1835, 1837, 1839, 1841, 1843, 1845",False,0,37,,-1830
1831,sub,1799,1830,13,25.0,0,25,256,Vector,1832,False,0,56,,-1831
1832,store,1831,200,14,25.0,0,25,256,Vector,,False,0,,200,-1832
1833,sub,1802,1830,13,25.0,1,25,256,Vector,1834,False,0,57,,-1833
1834,store,1833,201,14,25.0,1,25,256,Vector,,False,0,,201,-1834
1835,sub,1805,1830,13,25.0,2,25,256,Vector,1836,False,0,58,,-1835
1836,store,1835,202,14,25.0,2,25,256,Vector,,False,0,,202,-1836
1837,sub,1808,1830,13,25.0,3,25,256,Vector,1838,False,0,59,,-1837
1838,store,1837,203,14,25.0,3,25,256,Vector,,False,0,,203,-1838
1839,sub,1811,1830,13,25.0,4,25,256,Vector,1840,False,0,60,,-1839
1840,store,1839,204,14,25.0,4,25,256,Vector,,False,0,,204,-1840
1841,sub,1814,1830,13,25.0,5,25,256,Vector,1842,False,0,61,,-1841
1842,store,1841,205,14,25.0,5,25,256,Vector,,False,0,,205,-1842
1843,sub,1817,1830,13,25.0,6,25,256,Vector,1844,False,0,62,,-1843
1844,store,1843,206,14,25.0,6,25,256,Vector,,False,0,,206,-1844
1845,sub,1820,1830,13,25.0,7,25,256,Vector,1846,False,0,63,,-1845
1846,store,1845,207,14,25.0,7,25,256,Vector,,False,0,,207,-1846
1847,load,208,,1,26.0,0,26,256,Vector,"1848, 1870",True,0,64,208,-1847
1848,reduce_max,1847,,2,26.0,0,26,1,Scalar,1863,False,0,38,,-1848
1849,load,209,,1,26.0,1,26,256,Vector,"1850, 1873",True,0,65,209,-1849
1850,reduce_max,1849,,2,26.0,1,26,1,Scalar,1863,False,0,39,,-1850
1851,load,210,,1,26.0,2,26,256,Vector,"1852, 1876",True,0,66,210,-1851
1852,reduce_max,1851,,2,26.0,2,26,1,Scalar,1864,False,0,40,,-1852
1853,load,211,,1,26.0,3,26,256,Vector,"1854, 1879",True,0,67,211,-1853
1854,reduce_max,1853,,2,26.0,3,26,1,Scalar,1864,False,0,41,,-1854
1855,load,212,,1,26.0,4,26,256,Vector,"1856, 1882",True,0,68,212,-1855
1856,reduce_max,1855,,2,26.0,4,26,1,Scalar,1865,False,0,42,,-1856
1857,load,213,,1,26.0,5,26,256,Vector,"1858, 1885",True,0,69,213,-1857
1858,reduce_max,1857,,2,26.0,5,26,1,Scalar,1865,False,0,43,,-1858
1859,load,214,,1,26.0,6,26,256,Vector,"1860, 1888",True,0,70,214,-1859
1860,reduce_max,1859,,2,26.0,6,26,1,Scalar,1866,False,0,44,,-1860
1861,load,215,,1,26.0,7,26,256,Vector,"1862, 1891",True,0,71,215,-1861
1862,reduce_max,1861,,2,26.0,7,26,1,Scalar,1866,False,0,45,,-1862
1863,max,1848,1850,3,26.0,,26,1,Scalar,1867,False,0,46,,-1863
1864,max,1852,1854,3,26.0,,26,1,Scalar,1867,False,0,47,,-1864
1865,max,1856,1858,3,26.0,,26,1,Scalar,1868,False,0,48,,-1865
1866,max,1860,1862,3,26.0,,26,1,Scalar,1868,False,0,49,,-1866
1867,max,1863,1864,4,26.0,,26,1,Scalar,1869,False,0,50,,-1867
1868,max,1865,1866,4,26.0,,26,1,Scalar,1869,False,0,51,,-1868
1869,max,1867,1868,5,26.0,,26,1,Scalar,"1870, 1873, 1876, 1879, 1882, 1885, 1888, 1891",False,0,52,,-1869
1870,sub,1847,1869,6,26.0,0,26,256,Vector,"1871, 1902",False,0,72,,-1870
1871,exp,1870,,7,26.0,0,26,256,Vector,1872,False,0,73,,-1871
1872,reduce_sum,1871,,8,26.0,0,26,1,Scalar,1894,False,0,53,,-1872
1873,sub,1849,1869,6,26.0,1,26,256,Vector,"1874, 1904",False,0,74,,-1873
1874,exp,1873,,7,26.0,1,26,256,Vector,1875,False,0,75,,-1874
1875,reduce_sum,1874,,8,26.0,1,26,1,Scalar,1894,False,0,54,,-1875
1876,sub,1851,1869,6,26.0,2,26,256,Vector,"1877, 1906",False,0,76,,-1876
1877,exp,1876,,7,26.0,2,26,256,Vector,1878,False,0,77,,-1877
1878,reduce_sum,1877,,8,26.0,2,26,1,Scalar,1895,False,0,55,,-1878
1879,sub,1853,1869,6,26.0,3,26,256,Vector,"1880, 1908",False,0,78,,-1879
1880,exp,1879,,7,26.0,3,26,256,Vector,1881,False,0,79,,-1880
1881,reduce_sum,1880,,8,26.0,3,26,1,Scalar,1895,False,0,56,,-1881
1882,sub,1855,1869,6,26.0,4,26,256,Vector,"1883, 1910",False,0,80,,-1882
1883,exp,1882,,7,26.0,4,26,256,Vector,1884,False,0,81,,-1883
1884,reduce_sum,1883,,8,26.0,4,26,1,Scalar,1896,False,0,57,,-1884
1885,sub,1857,1869,6,26.0,5,26,256,Vector,"1886, 1912",False,0,82,,-1885
1886,exp,1885,,7,26.0,5,26,256,Vector,1887,False,0,83,,-1886
1887,reduce_sum,1886,,8,26.0,5,26,1,Scalar,1896,False,0,58,,-1887
1888,sub,1859,1869,6,26.0,6,26,256,Vector,"1889, 1914",False,0,84,,-1888
1889,exp,1888,,7,26.0,6,26,256,Vector,1890,False,0,85,,-1889
1890,reduce_sum,1889,,8,26.0,6,26,1,Scalar,1897,False,0,59,,-1890
1891,sub,1861,1869,6,26.0,7,26,256,Vector,"1892, 1916",False,0,86,,-1891
1892,exp,1891,,7,26.0,7,26,256,Vector,1893,False,0,87,,-1892
1893,reduce_sum,1892,,8,26.0,7,26,1,Scalar,1897,False,0,60,,-1893
1894,add,1872,1875,9,26.0,,26,1,Scalar,1898,False,0,61,,-1894
1895,add,1878,1881,9,26.0,,26,1,Scalar,1898,False,0,62,,-1895
1896,add,1884,1887,9,26.0,,26,1,Scalar,1899,False,0,63,,-1896
1897,add,1890,1893,9,26.0,,26,1,Scalar,1899,False,0,64,,-1897
1898,add,1894,1895,10,26.0,,26,1,Scalar,1900,False,0,65,,-1898
1899,add,1896,1897,10,26.0,,26,1,Scalar,1900,False,0,66,,-1899
1900,add,1898,1899,11,26.0,,26,1,Scalar,1901,False,0,67,,-1900
1901,ln,1900,,12,26.0,,26,1,Scalar,"1902, 1904, 1906, 1908, 1910, 1912, 1914, 1916",False,0,68,,-1901
1902,sub,1870,1901,13,26.0,0,26,256,Vector,1903,False,0,88,,-1902
1903,store,1902,208,14,26.0,0,26,256,Vector,,False,0,,208,-1903
1904,sub,1873,1901,13,26.0,1,26,256,Vector,1905,False,0,89,,-1904
1905,store,1904,209,14,26.0,1,26,256,Vector,,False,0,,209,-1905
1906,sub,1876,1901,13,26.0,2,26,256,Vector,1907,False,0,90,,-1906
1907,store,1906,210,14,26.0,2,26,256,Vector,,False,0,,210,-1907
1908,sub,1879,1901,13,26.0,3,26,256,Vector,1909,False,0,91,,-1908
1909,store,1908,211,14,26.0,3,26,256,Vector,,False,0,,211,-1909
1910,sub,1882,1901,13,26.0,4,26,256,Vector,1911,False,0,92,,-1910
1911,store,1910,212,14,26.0,4,26,256,Vector,,False,0,,212,-1911
1912,sub,1885,1901,13,26.0,5,26,256,Vector,1913,False,0,93,,-1912
1913,store,1912,213,14,26.0,5,26,256,Vector,,False,0,,213,-1913
1914,sub,1888,1901,13,26.0,6,26,256,Vector,1915,False,0,94,,-1914
1915,store,1914,214,14,26.0,6,26,256,Vector,,False,0,,214,-1915
1916,sub,1891,1901,13,26.0,7,26,256,Vector,1917,False,0,95,,-1916
1917,store,1916,215,14,26.0,7,26,256,Vector,,False,0,,215,-1917
1918,load,216,,1,27.0,0,27,256,Vector,"1919, 1941",True,0,96,216,-1918
1919,reduce_max,1918,,2,27.0,0,27,1,Scalar,1934,False,0,69,,-1919
1920,load,217,,1,27.0,1,27,256,Vector,"1921, 1944",True,0,97,217,-1920
1921,reduce_max,1920,,2,27.0,1,27,1,Scalar,1934,False,0,70,,-1921
1922,load,218,,1,27.0,2,27,256,Vector,"1923, 1947",True,0,98,218,-1922
1923,reduce_max,1922,,2,27.0,2,27,1,Scalar,1935,False,0,71,,-1923
1924,load,219,,1,27.0,3,27,256,Vector,"1925, 1950",True,0,99,219,-1924
1925,reduce_max,1924,,2,27.0,3,27,1,Scalar,1935,False,0,72,,-1925
1926,load,220,,1,27.0,4,27,256,Vector,"1927, 1953",True,0,100,220,-1926
1927,reduce_max,1926,,2,27.0,4,27,1,Scalar,1936,False,0,73,,-1927
1928,load,221,,1,27.0,5,27,256,Vector,"1929, 1956",True,0,101,221,-1928
1929,reduce_max,1928,,2,27.0,5,27,1,Scalar,1936,False,0,74,,-1929
1930,load,222,,1,27.0,6,27,256,Vector,"1931, 1959",True,0,102,222,-1930
1931,reduce_max,1930,,2,27.0,6,27,1,Scalar,1937,False,0,75,,-1931
1932,load,223,,1,27.0,7,27,256,Vector,"1933, 1962",True,0,103,223,-1932
1933,reduce_max,1932,,2,27.0,7,27,1,Scalar,1937,False,0,76,,-1933
1934,max,1919,1921,3,27.0,,27,1,Scalar,1938,False,0,77,,-1934
1935,max,1923,1925,3,27.0,,27,1,Scalar,1938,False,0,78,,-1935
1936,max,1927,1929,3,27.0,,27,1,Scalar,1939,False,0,79,,-1936
1937,max,1931,1933,3,27.0,,27,1,Scalar,1939,False,0,80,,-1937
1938,max,1934,1935,4,27.0,,27,1,Scalar,1940,False,0,81,,-1938
1939,max,1936,1937,4,27.0,,27,1,Scalar,1940,False,0,82,,-1939
1940,max,1938,1939,5,27.0,,27,1,Scalar,"1941, 1944, 1947, 1950, 1953, 1956, 1959, 1962",False,0,83,,-1940
1941,sub,1918,1940,6,27.0,0,27,256,Vector,"1942, 1973",False,0,104,,-1941
1942,exp,1941,,7,27.0,0,27,256,Vector,1943,False,0,105,,-1942
1943,reduce_sum,1942,,8,27.0,0,27,1,Scalar,1965,False,0,84,,-1943
1944,sub,1920,1940,6,27.0,1,27,256,Vector,"1945, 1975",False,0,106,,-1944
1945,exp,1944,,7,27.0,1,27,256,Vector,1946,False,0,107,,-1945
1946,reduce_sum,1945,,8,27.0,1,27,1,Scalar,1965,False,0,85,,-1946
1947,sub,1922,1940,6,27.0,2,27,256,Vector,"1948, 1977",False,0,108,,-1947
1948,exp,1947,,7,27.0,2,27,256,Vector,1949,False,0,109,,-1948
1949,reduce_sum,1948,,8,27.0,2,27,1,Scalar,1966,False,0,86,,-1949
1950,sub,1924,1940,6,27.0,3,27,256,Vector,"1951, 1979",False,0,110,,-1950
1951,exp,1950,,7,27.0,3,27,256,Vector,1952,False,0,111,,-1951
1952,reduce_sum,1951,,8,27.0,3,27,1,Scalar,1966,False,0,87,,-1952
1953,sub,1926,1940,6,27.0,4,27,256,Vector,"1954, 1981",False,0,112,,-1953
1954,exp,1953,,7,27.0,4,27,256,Vector,1955,False,0,113,,-1954
1955,reduce_sum,1954,,8,27.0,4,27,1,Scalar,1967,False,0,88,,-1955
1956,sub,1928,1940,6,27.0,5,27,256,Vector,"1957, 1983",False,0,114,,-1956
1957,exp,1956,,7,27.0,5,27,256,Vector,1958,False,0,115,,-1957
1958,reduce_sum,1957,,8,27.0,5,27,1,Scalar,1967,False,0,89,,-1958
1959,sub,1930,1940,6,27.0,6,27,256,Vector,"1960, 1985",False,0,116,,-1959
1960,exp,1959,,7,27.0,6,27,256,Vector,1961,False,0,117,,-1960
1961,reduce_sum,1960,,8,27.0,6,27,1,Scalar,1968,False,0,90,,-1961
1962,sub,1932,1940,6,27.0,7,27,256,Vector,"1963, 1987",False,0,118,,-1962
1963,exp,1962,,7,27.0,7,27,256,Vector,1964,False,0,119,,-1963
1964,reduce_sum,1963,,8,27.0,7,27,1,Scalar,1968,False,0,91,,-1964
1965,add,1943,1946,9,27.0,,27,1,Scalar,1969,False,0,92,,-1965
1966,add,1949,1952,9,27.0,,27,1,Scalar,1969,False,0,93,,-1966
1967,add,1955,1958,9,27.0,,27,1,Scalar,1970,False,0,94,,-1967
1968,add,1961,1964,9,27.0,,27,1,Scalar,1970,False,0,95,,-1968
1969,add,1965,1966,10,27.0,,27,1,Scalar,1971,False,0,96,,-1969
1970,add,1967,1968,10,27.0,,27,1,Scalar,1971,False,0,97,,-1970
1971,add,1969,1970,11,27.0,,27,1,Scalar,1972,False,0,98,,-1971
1972,ln,1971,,12,27.0,,27,1,Scalar,"1973, 1975, 1977, 1979, 1981, 1983, 1985, 1987",False,0,99,,-1972
1973,sub,1941,1972,13,27.0,0,27,256,Vector,1974,False,0,120,,-1973
1974,store,1973,216,14,27.0,0,27,256,Vector,,False,0,,216,-1974
1975,sub,1944,1972,13,27.0,1,27,256,Vector,1976,False,0,121,,-1975
1976,store,1975,217,14,27.0,1,27,256,Vector,,False,0,,217,-1976
1977,sub,1947,1972,13,27.0,2,27,256,Vector,1978,False,0,122,,-1977
1978,store,1977,218,14,27.0,2,27,256,Vector,,False,0,,218,-1978
1979,sub,1950,1972,13,27.0,3,27,256,Vector,1980,False,0,123,,-1979
1980,store,1979,219,14,27.0,3,27,256,Vector,,False,0,,219,-1980
1981,sub,1953,1972,13,27.0,4,27,256,Vector,1982,False,0,124,,-1981
1982,store,1981,220,14,27.0,4,27,256,Vector,,False,0,,220,-1982
1983,sub,1956,1972,13,27.0,5,27,256,Vector,1984,False,0,125,,-1983
1984,store,1983,221,14,27.0,5,27,256,Vector,,False,0,,221,-1984
1985,sub,1959,1972,13,27.0,6,27,256,Vector,1986,False,0,126,,-1985
1986,store,1985,222,14,27.0,6,27,256,Vector,,False,0,,222,-1986
1987,sub,1962,1972,13,27.0,7,27,256,Vector,1988,False,0,127,,-1987
1988,store,1987,223,14,27.0,7,27,256,Vector,,False,0,,223,-1988
1989,load,224,,1,28.0,0,28,256,Vector,"1990, 2012",True,0,128,224,-1989
1990,reduce_max,1989,,2,28.0,0,28,1,Scalar,2005,False,0,100,,-1990
1991,load,225,,1,28.0,1,28,256,Vector,"1992, 2015",True,0,129,225,-1991
1992,reduce_max,1991,,2,28.0,1,28,1,Scalar,2005,False,0,101,,-1992
1993,load,226,,1,28.0,2,28,256,Vector,"1994, 2018",True,0,130,226,-1993
1994,reduce_max,1993,,2,28.0,2,28,1,Scalar,2006,False,0,102,,-1994
1995,load,227,,1,28.0,3,28,256,Vector,"1996, 2021",True,0,131,227,-1995
1996,reduce_max,1995,,2,28.0,3,28,1,Scalar,2006,False,0,103,,-1996
1997,load,228,,1,28.0,4,28,256,Vector,"1998, 2024",True,0,132,228,-1997
1998,reduce_max,1997,,2,28.0,4,28,1,Scalar,2007,False,0,104,,-1998
1999,load,229,,1,28.0,5,28,256,Vector,"2000, 2027",True,0,133,229,-1999
2000,reduce_max,1999,,2,28.0,5,28,1,Scalar,2007,False,0,105,,-2000
2001,load,230,,1,28.0,6,28,256,Vector,"2002, 2030",True,0,134,230,-2001
2002,reduce_max,2001,,2,28.0,6,28,1,Scalar,2008,False,0,106,,-2002
2003,load,231,,1,28.0,7,28,256,Vector,"2004, 2033",True,0,135,231,-2003
2004,reduce_max,2003,,2,28.0,7,28,1,Scalar,2008,False,0,107,,-2004
2005,max,1990,1992,3,28.0,,28,1,Scalar,2009,False,0,108,,-2005
2006,max,1994,1996,3,28.0,,28,1,Scalar,2009,False,0,109,,-2006
2007,max,1998,2000,3,28.0,,28,1,Scalar,2010,False,0,110,,-2007
2008,max,2002,2004,3,28.0,,28,1,Scalar,2010,False,0,111,,-2008
2009,max,2005,2006,4,28.0,,28,1,Scalar,2011,False,0,112,,-2009
2010,max,2007,2008,4,28.0,,28,1,Scalar,2011,False,0,113,,-2010
2011,max,2009,2010,5,28.0,,28,1,Scalar,"2012, 2015, 2018, 2021, 2024, 2027, 2030, 2033",False,0,114,,-2011
2012,sub,1989,2011,6,28.0,0,28,256,Vector,"2013, 2044",False,0,136,,-2012
2013,exp,2012,,7,28.0,0,28,256,Vector,2014,False,0,137,,-2013
2014,reduce_sum,2013,,8,28.0,0,28,1,Scalar,2036,False,0,115,,-2014
2015,sub,1991,2011,6,28.0,1,28,256,Vector,"2016, 2046",False,0,138,,-2015
2016,exp,2015,,7,28.0,1,28,256,Vector,2017,False,0,139,,-2016
2017,reduce_sum,2016,,8,28.0,1,28,1,Scalar,2036,False,0,116,,-2017
2018,sub,1993,2011,6,28.0,2,28,256,Vector,"2019, 2048",False,0,140,,-2018
2019,exp,2018,,7,28.0,2,28,256,Vector,2020,False,0,141,,-2019
2020,reduce_sum,2019,,8,28.0,2,28,1,Scalar,2037,False,0,117,,-2020
2021,sub,1995,2011,6,28.0,3,28,256,Vector,"2022, 2050",False,0,142,,-2021
2022,exp,2021,,7,28.0,3,28,256,Vector,2023,False,0,143,,-2022
2023,reduce_sum,2022,,8,28.0,3,28,1,Scalar,2037,False,0,118,,-2023
2024,sub,1997,2011,6,28.0,4,28,256,Vector,"2025, 2052",False,0,144,,-2024
2025,exp,2024,,7,28.0,4,28,256,Vector,2026,False,0,145,,-2025
2026,reduce_sum,2025,,8,28.0,4,28,1,Scalar,2038,False,0,119,,-2026
2027,sub,1999,2011,6,28.0,5,28,256,Vector,"2028, 2054",False,0,146,,-2027
2028,exp,2027,,7,28.0,5,28,256,Vector,2029,False,0,147,,-2028
2029,reduce_sum,2028,,8,28.0,5,28,1,Scalar,2038,False,0,120,,-2029
2030,sub,2001,2011,6,28.0,6,28,256,Vector,"2031, 2056",False,0,148,,-2030
2031,exp,2030,,7,28.0,6,28,256,Vector,2032,False,0,149,,-2031
2032,reduce_sum,2031,,8,28.0,6,28,1,Scalar,2039,False,0,121,,-2032
2033,sub,2003,2011,6,28.0,7,28,256,Vector,"2034, 2058",False,0,150,,-2033
2034,exp,2033,,7,28.0,7,28,256,Vector,2035,False,0,151,,-2034
2035,reduce_sum,2034,,8,28.0,7,28,1,Scalar,2039,False,0,122,,-2035
2036,add,2014,2017,9,28.0,,28,1,Scalar,2040,False,0,123,,-2036
2037,add,2020,2023,9,28.0,,28,1,Scalar,2040,False,0,124,,-2037
2038,add,2026,2029,9,28.0,,28,1,Scalar,2041,False,0,125,,-2038
2039,add,2032,2035,9,28.0,,28,1,Scalar,2041,False,0,126,,-2039
2040,add,2036,2037,10,28.0,,28,1,Scalar,2042,False,0,127,,-2040
2041,add,2038,2039,10,28.0,,28,1,Scalar,2042,False,0,128,,-2041
2042,add,2040,2041,11,28.0,,28,1,Scalar,2043,False,0,129,,-2042
2043,ln,2042,,12,28.0,,28,1,Scalar,"2044, 2046, 2048, 2050, 2052, 2054, 2056, 2058",False,0,130,,-2043
2044,sub,2012,2043,13,28.0,0,28,256,Vector,2045,False,0,152,,-2044
2045,store,2044,224,14,28.0,0,28,256,Vector,,False,0,,224,-2045
2046,sub,2015,2043,13,28.0,1,28,256,Vector,2047,False,0,153,,-2046
2047,store,2046,225,14,28.0,1,28,256,Vector,,False,0,,225,-2047
2048,sub,2018,2043,13,28.0,2,28,256,Vector,2049,False,0,154,,-2048
2049,store,2048,226,14,28.0,2,28,256,Vector,,False,0,,226,-2049
2050,sub,2021,2043,13,28.0,3,28,256,Vector,2051,False,0,155,,-2050
2051,store,2050,227,14,28.0,3,28,256,Vector,,False,0,,227,-2051
2052,sub,2024,2043,13,28.0,4,28,256,Vector,2053,False,0,156,,-2052
2053,store,2052,228,14,28.0,4,28,256,Vector,,False,0,,228,-2053
2054,sub,2027,2043,13,28.0,5,28,256,Vector,2055,False,0,157,,-2054
2055,store,2054,229,14,28.0,5,28,256,Vector,,False,0,,229,-2055
2056,sub,2030,2043,13,28.0,6,28,256,Vector,2057,False,0,158,,-2056
2057,store,2056,230,14,28.0,6,28,256,Vector,,False,0,,230,-2057
2058,sub,2033,2043,13,28.0,7,28,256,Vector,2059,False,0,159,,-2058
2059,store,2058,231,14,28.0,7,28,256,Vector,,False,0,,231,-2059
2060,load,232,,1,29.0,0,29,256,Vector,"2061, 2083",True,0,160,232,-2060
2061,reduce_max,2060,,2,29.0,0,29,1,Scalar,2076,False,0,131,,-2061
2062,load,233,,1,29.0,1,29,256,Vector,"2063, 2086",True,0,161,233,-2062
2063,reduce_max,2062,,2,29.0,1,29,1,Scalar,2076,False,0,132,,-2063
2064,load,234,,1,29.0,2,29,256,Vector,"2065, 2089",True,0,162,234,-2064
2065,reduce_max,2064,,2,29.0,2,29,1,Scalar,2077,False,0,133,,-2065
2066,load,235,,1,29.0,3,29,256,Vector,"2067, 2092",True,0,163,235,-2066
2067,reduce_max,2066,,2,29.0,3,29,1,Scalar,2077,False,0,134,,-2067
2068,load,236,,1,29.0,4,29,256,Vector,"2069, 2095",True,0,164,236,-2068
2069,reduce_max,2068,,2,29.0,4,29,1,Scalar,2078,False,0,135,,-2069
2070,load,237,,1,29.0,5,29,256,Vector,"2071, 2098",True,0,165,237,-2070
2071,reduce_max,2070,,2,29.0,5,29,1,Scalar,2078,False,0,136,,-2071
2072,load,238,,1,29.0,6,29,256,Vector,"2073, 2101",True,0,166,238,-2072
2073,reduce_max,2072,,2,29.0,6,29,1,Scalar,2079,False,0,137,,-2073
2074,load,239,,1,29.0,7,29,256,Vector,"2075, 2104",True,0,167,239,-2074
2075,reduce_max,2074,,2,29.0,7,29,1,Scalar,2079,False,0,138,,-2075
2076,max,2061,2063,3,29.0,,29,1,Scalar,2080,False,0,139,,-2076
2077,max,2065,2067,3,29.0,,29,1,Scalar,2080,False,0,140,,-2077
2078,max,2069,2071,3,29.0,,29,1,Scalar,2081,False,0,141,,-2078
2079,max,2073,2075,3,29.0,,29,1,Scalar,2081,False,0,142,,-2079
2080,max,2076,2077,4,29.0,,29,1,Scalar,2082,False,0,143,,-2080
2081,max,2078,2079,4,29.0,,29,1,Scalar,2082,False,0,144,,-2081
2082,max,2080,2081,5,29.0,,29,1,Scalar,"2083, 2086, 2089, 2092, 2095, 2098, 2101, 2104",False,0,145,,-2082
2083,sub,2060,2082,6,29.0,0,29,256,Vector,"2084, 2115",False,0,168,,-2083
2084,exp,2083,,7,29.0,0,29,256,Vector,2085,False,0,169,,-2084
2085,reduce_sum,2084,,8,29.0,0,29,1,Scalar,2107,False,0,146,,-2085
2086,sub,2062,2082,6,29.0,1,29,256,Vector,"2087, 2117",False,0,170,,-2086
2087,exp,2086,,7,29.0,1,29,256,Vector,2088,False,0,171,,-2087
2088,reduce_sum,2087,,8,29.0,1,29,1,Scalar,2107,False,0,147,,-2088
2089,sub,2064,2082,6,29.0,2,29,256,Vector,"2090, 2119",False,0,172,,-2089
2090,exp,2089,,7,29.0,2,29,256,Vector,2091,False,0,173,,-2090
2091,reduce_sum,2090,,8,29.0,2,29,1,Scalar,2108,False,0,148,,-2091
2092,sub,2066,2082,6,29.0,3,29,256,Vector,"2093, 2121",False,0,174,,-2092
2093,exp,2092,,7,29.0,3,29,256,Vector,2094,False,0,175,,-2093
2094,reduce_sum,2093,,8,29.0,3,29,1,Scalar,2108,False,0,149,,-2094
2095,sub,2068,2082,6,29.0,4,29,256,Vector,"2096, 2123",False,0,176,,-2095
2096,exp,2095,,7,29.0,4,29,256,Vector,2097,False,0,177,,-2096
2097,reduce_sum,2096,,8,29.0,4,29,1,Scalar,2109,False,0,150,,-2097
2098,sub,2070,2082,6,29.0,5,29,256,Vector,"2099, 2125",False,0,178,,-2098
2099,exp,2098,,7,29.0,5,29,256,Vector,2100,False,0,179,,-2099
2100,reduce_sum,2099,,8,29.0,5,29,1,Scalar,2109,False,0,151,,-2100
2101,sub,2072,2082,6,29.0,6,29,256,Vector,"2102, 2127",False,0,180,,-2101
2102,exp,2101,,7,29.0,6,29,256,Vector,2103,False,0,181,,-2102
2103,reduce_sum,2102,,8,29.0,6,29,1,Scalar,2110,False,0,152,,-2103
2104,sub,2074,2082,6,29.0,7,29,256,Vector,"2105, 2129",False,0,182,,-2104
2105,exp,2104,,7,29.0,7,29,256,Vector,2106,False,0,183,,-2105
2106,reduce_sum,2105,,8,29.0,7,29,1,Scalar,2110,False,0,153,,-2106
2107,add,2085,2088,9,29.0,,29,1,Scalar,2111,False,0,154,,-2107
2108,add,2091,2094,9,29.0,,29,1,Scalar,2111,False,0,155,,-2108
2109,add,2097,2100,9,29.0,,29,1,Scalar,2112,False,0,156,,-2109
2110,add,2103,2106,9,29.0,,29,1,Scalar,2112,False,0,157,,-2110
2111,add,2107,2108,10,29.0,,29,1,Scalar,2113,False,0,158,,-2111
2112,add,2109,2110,10,29.0,,29,1,Scalar,2113,False,0,159,,-2112
2113,add,2111,2112,11,29.0,,29,1,Scalar,2114,False,0,160,,-2113
2114,ln,2113,,12,29.0,,29,1,Scalar,"2115, 2117, 2119, 2121, 2123, 2125, 2127, 2129",False,0,161,,-2114
2115,sub,2083,2114,13,29.0,0,29,256,Vector,2116,False,0,184,,-2115
2116,store,2115,232,14,29.0,0,29,256,Vector,,False,0,,232,-2116
2117,sub,2086,2114,13,29.0,1,29,256,Vector,2118,False,0,185,,-2117
2118,store,2117,233,14,29.0,1,29,256,Vector,,False,0,,233,-2118
2119,sub,2089,2114,13,29.0,2,29,256,Vector,2120,False,0,186,,-2119
2120,store,2119,234,14,29.0,2,29,256,Vector,,False,0,,234,-2120
2121,sub,2092,2114,13,29.0,3,29,256,Vector,2122,False,0,187,,-2121
2122,store,2121,235,14,29.0,3,29,256,Vector,,False,0,,235,-2122
2123,sub,2095,2114,13,29.0,4,29,256,Vector,2124,False,0,188,,-2123
2124,store,2123,236,14,29.0,4,29,256,Vector,,False,0,,236,-2124
2125,sub,2098,2114,13,29.0,5,29,256,Vector,2126,False,0,189,,-2125
2126,store,2125,237,14,29.0,5,29,256,Vector,,False,0,,237,-2126
2127,sub,2101,2114,13,29.0,6,29,256,Vector,2128,False,0,190,,-2127
2128,store,2127,238,14,29.0,6,29,256,Vector,,False,0,,238,-2128
2129,sub,2104,2114,13,29.0,7,29,256,Vector,2130,False,0,191,,-2129
2130,store,2129,239,14,29.0,7,29,256,Vector,,False,0,,239,-2130
2131,load,240,,1,30.0,0,30,256,Vector,"2132, 2154",True,0,192,240,-2131
2132,reduce_max,2131,,2,30.0,0,30,1,Scalar,2147,False,0,162,,-2132
2133,load,241,,1,30.0,1,30,256,Vector,"2134, 2157",True,0,193,241,-2133
2134,reduce_max,2133,,2,30.0,1,30,1,Scalar,2147,False,0,163,,-2134
2135,load,242,,1,30.0,2,30,256,Vector,"2136, 2160",True,0,194,242,-2135
2136,reduce_max,2135,,2,30.0,2,30,1,Scalar,2148,False,0,164,,-2136
2137,load,243,,1,30.0,3,30,256,Vector,"2138, 2163",True,0,195,243,-2137
2138,reduce_max,2137,,2,30.0,3,30,1,Scalar,2148,False,0,165,,-2138
2139,load,244,,1,30.0,4,30,256,Vector,"2140, 2166",True,0,196,244,-2139
2140,reduce_max,2139,,2,30.0,4,30,1,Scalar,2149,False,0,166,,-2140
2141,load,245,,1,30.0,5,30,256,Vector,"2142, 2169",True,0,197,245,-2141
2142,reduce_max,2141,,2,30.0,5,30,1,Scalar,2149,False,0,167,,-2142
2143,load,246,,1,30.0,6,30,256,Vector,"2144, 2172",True,0,198,246,-2143
2144,reduce_max,2143,,2,30.0,6,30,1,Scalar,2150,False,0,168,,-2144
2145,load,247,,1,30.0,7,30,256,Vector,"2146, 2175",True,0,199,247,-2145
2146,reduce_max,2145,,2,30.0,7,30,1,Scalar,2150,False,0,169,,-2146
2147,max,2132,2134,3,30.0,,30,1,Scalar,2151,False,0,170,,-2147
2148,max,2136,2138,3,30.0,,30,1,Scalar,2151,False,0,171,,-2148
2149,max,2140,2142,3,30.0,,30,1,Scalar,2152,False,0,172,,-2149
2150,max,2144,2146,3,30.0,,30,1,Scalar,2152,False,0,173,,-2150
2151,max,2147,2148,4,30.0,,30,1,Scalar,2153,False,0,174,,-2151
2152,max,2149,2150,4,30.0,,30,1,Scalar,2153,False,0,175,,-2152
2153,max,2151,2152,5,30.0,,30,1,Scalar,"2154, 2157, 2160, 2163, 2166, 2169, 2172, 2175",False,0,176,,-2153
2154,sub,2131,2153,6,30.0,0,30,256,Vector,"2155, 2186",False,0,200,,-2154
2155,exp,2154,,7,30.0,0,30,256,Vector,2156,False,0,201,,-2155
2156,reduce_sum,2155,,8,30.0,0,30,1,Scalar,2178,False,0,177,,-2156
2157,sub,2133,2153,6,30.0,1,30,256,Vector,"2158, 2188",False,0,202,,-2157
2158,exp,2157,,7,30.0,1,30,256,Vector,2159,False,0,203,,-2158
2159,reduce_sum,2158,,8,30.0,1,30,1,Scalar,2178,False,0,178,,-2159
2160,sub,2135,2153,6,30.0,2,30,256,Vector,"2161, 2190",False,0,204,,-2160
2161,exp,2160,,7,30.0,2,30,256,Vector,2162,False,0,205,,-2161
2162,reduce_sum,2161,,8,30.0,2,30,1,Scalar,2179,False,0,179,,-2162
2163,sub,2137,2153,6,30.0,3,30,256,Vector,"2164, 2192",False,0,206,,-2163
2164,exp,2163,,7,30.0,3,30,256,Vector,2165,False,0,207,,-2164
2165,reduce_sum,2164,,8,30.0,3,30,1,Scalar,2179,False,0,180,,-2165
2166,sub,2139,2153,6,30.0,4,30,256,Vector,"2167, 2194",False,0,208,,-2166
2167,exp,2166,,7,30.0,4,30,256,Vector,2168,False,0,209,,-2167
2168,reduce_sum,2167,,8,30.0,4,30,1,Scalar,2180,False,0,181,,-2168
2169,sub,2141,2153,6,30.0,5,30,256,Vector,"2170, 2196",False,0,210,,-2169
2170,exp,2169,,7,30.0,5,30,256,Vector,2171,False,0,211,,-2170
2171,reduce_sum,2170,,8,30.0,5,30,1,Scalar,2180,False,0,182,,-2171
2172,sub,2143,2153,6,30.0,6,30,256,Vector,"2173, 2198",False,0,212,,-2172
2173,exp,2172,,7,30.0,6,30,256,Vector,2174,False,0,213,,-2173
2174,reduce_sum,2173,,8,30.0,6,30,1,Scalar,2181,False,0,183,,-2174
2175,sub,2145,2153,6,30.0,7,30,256,Vector,"2176, 2200",False,0,214,,-2175
2176,exp,2175,,7,30.0,7,30,256,Vector,2177,False,0,215,,-2176
2177,reduce_sum,2176,,8,30.0,7,30,1,Scalar,2181,False,0,184,,-2177
2178,add,2156,2159,9,30.0,,30,1,Scalar,2182,False,0,185,,-2178
2179,add,2162,2165,9,30.0,,30,1,Scalar,2182,False,0,186,,-2179
2180,add,2168,2171,9,30.0,,30,1,Scalar,2183,False,0,187,,-2180
2181,add,2174,2177,9,30.0,,30,1,Scalar,2183,False,0,188,,-2181
2182,add,2178,2179,10,30.0,,30,1,Scalar,2184,False,0,189,,-2182
2183,add,2180,2181,10,30.0,,30,1,Scalar,2184,False,0,190,,-2183
2184,add,2182,2183,11,30.0,,30,1,Scalar,2185,False,0,191,,-2184
2185,ln,2184,,12,30.0,,30,1,Scalar,"2186, 2188, 2190, 2192, 2194, 2196, 2198, 2200",False,0,192,,-2185
2186,sub,2154,2185,13,30.0,0,30,256,Vector,2187,False,0,216,,-2186
2187,store,2186,240,14,30.0,0,30,256,Vector,,False,0,,240,-2187
2188,sub,2157,2185,13,30.0,1,30,256,Vector,2189,False,0,217,,-2188
2189,store,2188,241,14,30.0,1,30,256,Vector,,False,0,,241,-2189
2190,sub,2160,2185,13,30.0,2,30,256,Vector,2191,False,0,218,,-2190
2191,store,2190,242,14,30.0,2,30,256,Vector,,False,0,,242,-2191
2192,sub,2163,2185,13,30.0,3,30,256,Vector,2193,False,0,219,,-2192
2193,store,2192,243,14,30.0,3,30,256,Vector,,False,0,,243,-2193
2194,sub,2166,2185,13,30.0,4,30,256,Vector,2195,False,0,220,,-2194
2195,store,2194,244,14,30.0,4,30,256,Vector,,False,0,,244,-2195
2196,sub,2169,2185,13,30.0,5,30,256,Vector,2197,False,0,221,,-2196
2197,store,2196,245,14,30.0,5,30,256,Vector,,False,0,,245,-2197
2198,sub,2172,2185,13,30.0,6,30,256,Vector,2199,False,0,222,,-2198
2199,store,2198,246,14,30.0,6,30,256,Vector,,False,0,,246,-2199
2200,sub,2175,2185,13,30.0,7,30,256,Vector,2201,False,0,223,,-2200
2201,store,2200,247,14,30.0,7,30,256,Vector,,False,0,,247,-2201
2202,load,248,,1,31.0,0,31,256,Vector,"2203, 2225",True,0,224,248,-2202
2203,reduce_max,2202,,2,31.0,0,31,1,Scalar,2218,False,0,193,,-2203
2204,load,249,,1,31.0,1,31,256,Vector,"2205, 2228",True,0,225,249,-2204
2205,reduce_max,2204,,2,31.0,1,31,1,Scalar,2218,False,0,194,,-2205
2206,load,250,,1,31.0,2,31,256,Vector,"2207, 2231",True,0,226,250,-2206
2207,reduce_max,2206,,2,31.0,2,31,1,Scalar,2219,False,0,195,,-2207
2208,load,251,,1,31.0,3,31,256,Vector,"2209, 2234",True,0,227,251,-2208
2209,reduce_max,2208,,2,31.0,3,31,1,Scalar,2219,False,0,196,,-2209
2210,load,252,,1,31.0,4,31,256,Vector,"2211, 2237",True,0,228,252,-2210
2211,reduce_max,2210,,2,31.0,4,31,1,Scalar,2220,False,0,197,,-2211
2212,load,253,,1,31.0,5,31,256,Vector,"2213, 2240",True,0,229,253,-2212
2213,reduce_max,2212,,2,31.0,5,31,1,Scalar,2220,False,0,198,,-2213
2214,load,254,,1,31.0,6,31,256,Vector,"2215, 2243",True,0,230,254,-2214
2215,reduce_max,2214,,2,31.0,6,31,1,Scalar,2221,False,0,199,,-2215
2216,load,255,,1,31.0,7,31,256,Vector,"2217, 2246",True,0,231,255,-2216
2217,reduce_max,2216,,2,31.0,7,31,1,Scalar,2221,False,0,200,,-2217
2218,max,2203,2205,3,31.0,,31,1,Scalar,2222,False,0,201,,-2218
2219,max,2207,2209,3,31.0,,31,1,Scalar,2222,False,0,202,,-2219
2220,max,2211,2213,3,31.0,,31,1,Scalar,2223,False,0,203,,-2220
2221,max,2215,2217,3,31.0,,31,1,Scalar,2223,False,0,204,,-2221
2222,max,2218,2219,4,31.0,,31,1,Scalar,2224,False,0,205,,-2222
2223,max,2220,2221,4,31.0,,31,1,Scalar,2224,False,0,206,,-2223
2224,max,2222,2223,5,31.0,,31,1,Scalar,"2225, 2228, 2231, 2234, 2237, 2240, 2243, 2246",False,0,207,,-2224
2225,sub,2202,2224,6,31.0,0,31,256,Vector,"2226, 2257",False,0,232,,-2225
2226,exp,2225,,7,31.0,0,31,256,Vector,2227,False,0,233,,-2226
2227,reduce_sum,2226,,8,31.0,0,31,1,Scalar,2249,False,0,208,,-2227
2228,sub,2204,2224,6,31.0,1,31,256,Vector,"2229, 2259",False,0,234,,-2228
2229,exp,2228,,7,31.0,1,31,256,Vector,2230,False,0,235,,-2229
2230,reduce_sum,2229,,8,31.0,1,31,1,Scalar,2249,False,0,209,,-2230
2231,sub,2206,2224,6,31.0,2,31,256,Vector,"2232, 2261",False,0,236,,-2231
2232,exp,2231,,7,31.0,2,31,256,Vector,2233,False,0,237,,-2232
2233,reduce_sum,2232,,8,31.0,2,31,1,Scalar,2250,False,0,210,,-2233
2234,sub,2208,2224,6,31.0,3,31,256,Vector,"2235, 2263",False,0,238,,-2234
2235,exp,2234,,7,31.0,3,31,256,Vector,2236,False,0,239,,-2235
2236,reduce_sum,2235,,8,31.0,3,31,1,Scalar,2250,False,0,211,,-2236
2237,sub,2210,2224,6,31.0,4,31,256,Vector,"2238, 2265",False,0,240,,-2237
2238,exp,2237,,7,31.0,4,31,256,Vector,2239,False,0,241,,-2238
2239,reduce_sum,2238,,8,31.0,4,31,1,Scalar,2251,False,0,212,,-2239
2240,sub,2212,2224,6,31.0,5,31,256,Vector,"2241, 2267",False,0,242,,-2240
2241,exp,2240,,7,31.0,5,31,256,Vector,2242,False,0,243,,-2241
2242,reduce_sum,2241,,8,31.0,5,31,1,Scalar,2251,False,0,213,,-2242
2243,sub,2214,2224,6,31.0,6,31,256,Vector,"2244, 2269",False,0,244,,-2243
2244,exp,2243,,7,31.0,6,31,256,Vector,2245,False,0,245,,-2244
2245,reduce_sum,2244,,8,31.0,6,31,1,Scalar,2252,False,0,214,,-2245
2246,sub,2216,2224,6,31.0,7,31,256,Vector,"2247, 2271",False,0,246,,-2246
2247,exp,2246,,7,31.0,7,31,256,Vector,2248,False,0,247,,-2247
2248,reduce_sum,2247,,8,31.0,7,31,1,Scalar,2252,False,0,215,,-2248
2249,add,2227,2230,9,31.0,,31,1,Scalar,2253,False,0,216,,-2249
2250,add,2233,2236,9,31.0,,31,1,Scalar,2253,False,0,217,,-2250
2251,add,2239,2242,9,31.0,,31,1,Scalar,2254,False,0,218,,-2251
2252,add,2245,2248,9,31.0,,31,1,Scalar,2254,False,0,219,,-2252
2253,add,2249,2250,10,31.0,,31,1,Scalar,2255,False,0,220,,-2253
2254,add,2251,2252,10,31.0,,31,1,Scalar,2255,False,0,221,,-2254
2255,add,2253,2254,11,31.0,,31,1,Scalar,2256,False,0,222,,-2255
2256,ln,2255,,12,31.0,,31,1,Scalar,"2257, 2259, 2261, 2263, 2265, 2267, 2269, 2271",False,0,223,,-2256
2257,sub,2225,2256,13,31.0,0,31,256,Vector,2258,False,0,248,,-2257
2258,store,2257,248,14,31.0,0,31,256,Vector,,False,0,,248,-2258
2259,sub,2228,2256,13,31.0,1,31,256,Vector,2260,False,0,249,,-2259
2260,store,2259,249,14,31.0,1,31,256,Vector,,False,0,,249,-2260
2261,sub,2231,2256,13,31.0,2,31,256,Vector,2262,False,0,250,,-2261
2262,store,2261,250,14,31.0,2,31,256,Vector,,False,0,,250,-2262
2263,sub,2234,2256,13,31.0,3,31,256,Vector,2264,False,0,251,,-2263
2264,store,2263,251,14,31.0,3,31,256,Vector,,False,0,,251,-2264
2265,sub,2237,2256,13,31.0,4,31,256,Vector,2266,False,0,252,,-2265
2266,store,2265,252,14,31.0,4,31,256,Vector,,False,0,,252,-2266
2267,sub,2240,2256,13,31.0,5,31,256,Vector,2268,False,0,253,,-2267
2268,store,2267,253,14,31.0,5,31,256,Vector,,False,0,,253,-2268
2269,sub,2243,2256,13,31.0,6,31,256,Vector,2270,False,0,254,,-2269
2270,store,2269,254,14,31.0,6,31,256,Vector,,False,0,,254,-2270
2271,sub,2246,2256,13,31.0,7,31,256,Vector,2272,False,0,255,,-2271
2272,store,2271,255,14,31.0,7,31,256,Vector,,False,0,,255,-2272
