t,half,imm,connect,dst,src1,src0,mask,optype
0,00,0,00,00000000,00000000,00000000,0,0000
1,00,0,00,00000000,00000000,00000000,0,0000
2,00,0,00,00000000,00000000,00000000,0,0000
3,00,0,01,00000000,00000000,00000000,0,1100
4,00,0,01,00000001,00000000,00000001,0,1100
5,00,0,01,00000010,00000000,00000010,0,1100
6,00,0,01,00000011,00000000,00000011,0,1100
7,00,0,01,00000100,00000000,00000100,0,1100
8,00,0,01,00000101,00000000,00000101,0,1100
9,00,0,01,00000110,00000000,00000110,0,1100
10,00,0,01,00000111,00000000,00000111,0,1100
11,00,0,01,00011111,00000000,00100000,0,1100
12,00,0,01,00100000,00000000,00100001,0,1100
13,00,0,00,00000000,00000000,00000000,0,0000
14,00,0,01,00100001,00000000,00100010,0,1100
15,00,0,01,00100011,00000000,00100100,0,1100
16,00,0,01,00100010,00000000,00100011,0,1100
17,00,0,01,00100100,00000000,00100101,0,1100
18,00,0,01,00100101,00000000,00100110,0,1100
19,00,0,01,00100110,00000000,00100111,0,1100
20,00,0,01,00111110,00000000,01000000,0,1100
21,00,0,01,00111111,00000000,01000001,0,1100
22,00,0,01,01000000,00000000,01000010,0,1100
23,00,0,01,01000001,00000000,01000011,0,1100
24,00,0,01,01000010,00000000,01000100,0,1100
25,00,0,01,01000011,00000000,01000101,0,1100
26,00,0,01,01000100,00000000,01000110,0,1100
27,00,0,01,01000101,00000000,01000111,0,1100
28,00,0,01,01011101,00000000,01100000,0,1100
29,00,0,01,01011110,00000000,01100001,0,1100
30,00,0,01,01100000,00000000,01100011,0,1100
31,00,0,01,01011111,00000000,01100010,0,1100
32,00,0,01,01100001,00000000,01100100,0,1100
33,00,0,01,01100010,00000000,01100101,0,1100
34,00,0,01,01100011,00000000,01100110,0,1100
35,00,0,01,01100100,00000000,01100111,0,1100
36,00,0,01,01111100,00000000,10000000,0,1100
37,00,0,01,01111101,00000000,10000001,0,1100
38,00,0,10,00001000,00001110,00000000,0,0011
39,00,0,10,00001010,00001110,00000001,0,0011
40,00,0,10,00001100,00001110,00000010,0,0011
41,00,0,10,00001110,00001110,00000011,0,0011
42,00,0,10,00010000,00001110,00000100,0,0011
43,00,0,10,00010010,00001110,00000101,0,0011
44,00,0,10,00010100,00001110,00000110,0,0011
45,00,0,10,00010110,00001110,00000111,0,0011
46,00,0,01,01111111,00000000,10000011,0,1100
47,00,0,10,00101000,00101101,00100000,0,0011
48,00,0,10,00101010,00101101,00100001,0,0011
49,00,0,10,00101100,00101101,00100010,0,0011
50,00,0,10,00101110,00101101,00100011,0,0011
51,00,0,10,00110000,00101101,00100100,0,0011
52,00,0,10,00110010,00101101,00100101,0,0011
53,01,0,10,00110110,00101101,00100111,0,0011
54,00,0,01,01111110,00000000,10000010,0,1100
55,01,0,10,00110100,00101101,00100110,0,0011
56,00,0,01,10000000,00000000,10000100,0,1100
57,00,0,01,10000001,00000000,10000101,0,1100
58,00,0,01,10000010,00000000,10000110,0,1100
59,00,0,01,10000011,00000000,10000111,0,1100
60,01,0,10,01001000,01001100,01000000,0,0011
61,00,0,01,10011100,00000000,10100001,0,1100
62,01,0,10,01001010,01001100,01000001,0,0011
63,00,0,01,10011011,00000000,10100000,0,1100
64,01,0,10,01001100,01001100,01000010,0,0011
65,00,0,01,10011101,00000000,10100010,0,1100
66,01,0,10,01001110,01001100,01000011,0,0011
67,00,0,01,10011110,00000000,10100011,0,1100
68,01,0,10,01010000,01001100,01000100,0,0011
69,00,0,01,10011111,00000000,10100100,0,1100
70,01,0,10,01010010,01001100,01000101,0,0011
71,00,0,01,10100000,00000000,10100101,0,1100
72,01,0,10,01010100,01001100,01000110,0,0011
73,00,0,01,10100010,00000000,10100111,0,1100
74,01,0,10,01010110,01001100,01000111,0,0011
75,00,0,01,10100001,00000000,10100110,0,1100
76,01,0,10,01101000,01101011,01100000,0,0011
77,00,0,01,00001111,00000000,00001001,0,1011
78,01,0,10,01101010,01101011,01100001,0,0011
79,00,0,01,10111010,00000000,11000000,0,1100
80,01,0,10,01101100,01101011,01100010,0,0011
81,00,0,01,10111100,00000000,11000010,0,1100
82,01,0,10,01101110,01101011,01100011,0,0011
83,00,0,01,10111011,00000000,11000001,0,1100
84,01,0,10,01110000,01101011,01100100,0,0011
85,00,0,01,00010000,00000000,00001011,0,1011
86,01,0,10,01110010,01101011,01100101,0,0011
87,00,0,01,10111101,00000000,11000011,0,1100
88,01,0,10,01110100,01101011,01100110,0,0011
89,00,0,01,10111110,00000000,11000100,0,1100
90,01,0,10,01110110,01101011,01100111,0,0011
91,00,0,01,10111111,00000000,11000101,0,1100
92,01,0,10,10001000,10001010,10000000,0,0011
93,00,0,01,00010001,00000000,00001101,0,1011
94,01,0,10,10001010,10001010,10000001,0,0011
95,00,0,01,11000000,00000000,11000110,0,1100
96,01,0,10,10001100,10001010,10000010,0,0011
97,00,0,01,11000001,00000000,11000111,0,1100
98,01,0,10,10001110,10001010,10000011,0,0011
99,00,0,01,11011001,00000000,11100000,0,1100
100,01,0,10,10010000,10001010,10000100,0,0011
101,00,0,01,00010010,00000000,00001111,0,1011
102,01,0,10,10010010,10001010,10000101,0,0011
103,00,0,01,11011010,00000000,11100001,0,1100
104,01,0,10,10010100,10001010,10000110,0,0011
105,00,0,01,11011011,00000000,11100010,0,1100
106,01,0,10,10010110,10001010,10000111,0,0011
107,00,0,01,11011100,00000000,11100011,0,1100
108,01,0,10,10101000,10101001,10100000,0,0011
109,00,0,01,00010011,00000000,00010001,0,1011
110,01,0,10,10101010,10101001,10100001,0,0011
111,00,0,01,11011101,00000000,11100100,0,1100
112,01,0,10,10101100,10101001,10100010,0,0011
113,00,0,01,11011110,00000000,11100101,0,1100
114,01,0,10,10101110,10101001,10100011,0,0011
115,00,0,01,11011111,00000000,11100110,0,1100
116,01,0,10,10110000,10101001,10100100,0,0011
117,00,0,01,00010100,00000000,00010011,0,1011
118,01,0,10,10110010,10101001,10100101,0,0011
119,00,0,01,11100000,00000000,11100111,0,1100
120,01,0,10,10110100,10101001,10100110,0,0011
121,00,0,00,00000000,00000000,00000000,0,0000
122,01,0,10,10110110,10101001,10100111,0,0011
123,00,0,00,00000000,00000000,00000000,0,0000
124,00,0,00,00000000,00000000,00000000,0,0000
125,00,0,01,00010101,00000000,00010101,0,1011
126,01,0,10,11001000,11001000,11000000,0,0011
127,00,0,00,00000000,00000000,00000000,0,0000
128,01,0,10,11001010,11001000,11000001,0,0011
129,00,0,00,00000000,00000000,00000000,0,0000
130,01,0,10,11001100,11001000,11000010,0,0011
131,00,0,00,00000000,00000000,00000000,0,0000
132,01,0,10,11001110,11001000,11000011,0,0011
133,00,0,01,00010110,00000000,00010111,0,1011
134,01,0,10,11010000,11001000,11000100,0,0011
135,00,0,00,00000000,00000000,00000000,0,0000
136,01,0,10,11010010,11001000,11000101,0,0011
137,00,0,00,00000000,00000000,00000000,0,0000
138,01,0,10,11010100,11001000,11000110,0,0011
139,00,0,00,00000000,00000000,00000000,0,0000
140,01,0,10,11010110,11001000,11000111,0,0011
141,00,0,01,00101110,00000000,00101001,0,1011
142,00,0,00,00000000,00000000,00000000,0,0000
143,00,0,00,00000000,00000000,00000000,0,0000
144,00,0,00,00000000,00000000,00000000,0,0000
145,00,0,00,00000000,00000000,00000000,0,0000
146,00,0,00,00000000,00000000,00000000,0,0000
147,00,0,00,00000000,00000000,00000000,0,0000
148,00,0,00,00000000,00000000,00000000,0,0000
149,00,0,01,00101111,00000000,00101011,0,1011
150,01,0,10,11101000,11100111,11100000,0,0011
151,00,0,00,00000000,00000000,00000000,0,0000
152,01,0,10,11101010,11100111,11100001,0,0011
153,00,0,00,00000000,00000000,00000000,0,0000
154,01,0,10,11101100,11100111,11100010,0,0011
155,00,0,00,00000000,00000000,00000000,0,0000
156,01,0,10,11101110,11100111,11100011,0,0011
157,00,0,01,00110000,00000000,00101101,0,1011
158,01,0,10,11110000,11100111,11100100,0,0011
159,00,0,00,00000000,00000000,00000000,0,0000
160,01,0,10,11110010,11100111,11100101,0,0011
161,00,0,00,00000000,00000000,00000000,0,0000
162,01,0,10,11110100,11100111,11100110,0,0011
163,00,0,00,00000000,00000000,00000000,0,0000
164,01,0,10,11110110,11100111,11100111,0,0011
165,00,0,01,00110001,00000000,00101111,0,1011
166,00,0,00,00000000,00000000,00000000,0,0000
167,00,0,00,00000000,00000000,00000000,0,0000
168,00,0,00,00000000,00000000,00000000,0,0000
169,00,0,00,00000000,00000000,00000000,0,0000
170,00,0,00,00000000,00000000,00000000,0,0000
171,00,0,00,00000000,00000000,00000000,0,0000
172,00,0,00,00000000,00000000,00000000,0,0000
173,00,0,01,00110010,00000000,00110001,0,1011
174,00,0,00,00000000,00000000,00000000,0,0000
175,00,0,00,00000000,00000000,00000000,0,0000
176,00,0,00,00000000,00000000,00000000,0,0000
177,00,0,00,00000000,00000000,00000000,0,0000
178,00,0,00,00000000,00000000,00000000,0,0000
179,00,0,00,00000000,00000000,00000000,0,0000
180,00,0,00,00000000,00000000,00000000,0,0000
181,00,0,01,00110011,00000000,00110011,0,1011
182,00,0,00,00000000,00000000,00000000,0,0000
183,00,0,00,00000000,00000000,00000000,0,0000
184,00,0,00,00000000,00000000,00000000,0,0000
185,00,0,00,00000000,00000000,00000000,0,0000
186,00,0,00,00000000,00000000,00000000,0,0000
187,00,0,00,00000000,00000000,00000000,0,0000
188,01,0,10,00011000,00011110,00001000,0,0011
189,00,0,01,00110100,00000000,00110101,0,1011
190,01,0,10,00011001,00011110,00001010,0,0011
191,00,0,00,00000000,00000000,00000000,0,0000
192,01,0,10,00011010,00011110,00001100,0,0011
193,00,0,00,00000000,00000000,00000000,0,0000
194,01,0,10,00011011,00011110,00001110,0,0011
195,00,0,00,00000000,00000000,00000000,0,0000
196,01,0,10,00011101,00011110,00010010,0,0011
197,00,0,01,00110101,00000000,00110111,0,1011
198,01,0,10,00011100,00011110,00010000,0,0011
199,00,0,00,00000000,00000000,00000000,0,0000
200,01,0,10,00011110,00011110,00010100,0,0011
201,00,0,00,00000000,00000000,00000000,0,0000
202,01,0,10,00011111,00011110,00010110,0,0011
203,00,0,00,00000000,00000000,00000000,0,0000
204,00,0,00,00000000,00000000,00000000,0,0000
205,00,0,01,01001101,00000000,01001001,0,1011
206,00,0,00,00000000,00000000,00000000,0,0000
207,00,0,00,00000000,00000000,00000000,0,0000
208,00,0,00,00000000,00000000,00000000,0,0000
209,00,0,00,00000000,00000000,00000000,0,0000
210,00,0,00,00000000,00000000,00000000,0,0000
211,00,0,00,00000000,00000000,00000000,0,0000
212,00,0,00,00000000,00000000,00000000,0,0000
213,00,0,01,01001110,00000000,01001011,0,1011
214,00,0,01,11111000,00000000,00000000,0,1100
215,00,0,01,11111001,00000000,00000001,0,1100
216,00,0,01,11111010,00000000,00000010,0,1100
217,00,0,01,11111011,00000000,00000011,0,1100
218,00,0,01,11111100,00000000,00000100,0,1100
219,00,0,01,11111101,00000000,00000101,0,1100
220,00,0,01,11111110,00000000,00000110,0,1100
221,00,0,01,01001111,00000000,01001101,0,1011
222,00,0,01,11111111,00000000,00000111,0,1100
223,00,0,00,00000000,00000000,00000000,0,0000
224,00,0,00,00000000,00000000,00000000,0,0000
225,00,0,00,00000000,00000000,00000000,0,0000
226,00,0,00,00000000,00000000,00000000,0,0000
227,00,0,00,00000000,00000000,00000000,0,0000
228,00,0,00,00000000,00000000,00000000,0,0000
229,00,0,01,01010000,00000000,01001111,0,1011
230,00,0,00,00000000,00000000,00000000,0,0000
231,00,0,00,00000000,00000000,00000000,0,0000
232,00,0,00,00000000,00000000,00000000,0,0000
233,00,0,00,00000000,00000000,00000000,0,0000
234,00,0,00,00000000,00000000,00000000,0,0000
235,00,0,00,00000000,00000000,00000000,0,0000
236,00,0,00,00000000,00000000,00000000,0,0000
237,00,0,01,01010001,00000000,01010001,0,1011
238,00,0,00,00000000,00000000,00000000,0,0000
239,00,0,00,00000000,00000000,00000000,0,0000
240,00,0,00,00000000,00000000,00000000,0,0000
241,00,0,00,00000000,00000000,00000000,0,0000
242,00,0,00,00000000,00000000,00000000,0,0000
243,00,0,00,00000000,00000000,00000000,0,0000
244,00,0,00,00000000,00000000,00000000,0,0000
245,00,0,01,01010010,00000000,01010011,0,1011
246,00,0,00,00000000,00000000,00000000,0,0000
247,00,0,00,00000000,00000000,00000000,0,0000
248,00,0,00,00000000,00000000,00000000,0,0000
249,00,0,00,00000000,00000000,00000000,0,0000
250,01,0,10,00001000,00000110,00000000,0,0011
251,00,0,00,00000000,00000000,00000000,0,0000
252,01,0,10,00111000,00111101,00101000,0,0011
253,00,0,01,01010011,00000000,01010101,0,1011
254,01,0,10,00111001,00111101,00101010,0,0011
255,00,0,00,00000000,00000000,00000000,0,0000
256,01,0,10,00111010,00111101,00101100,0,0011
257,00,0,00,00000000,00000000,00000000,0,0000
258,01,0,10,00111011,00111101,00101110,0,0011
259,00,0,00,00000000,00000000,00000000,0,0000
260,01,0,10,00111101,00111101,00110010,0,0011
261,00,0,01,01010100,00000000,01010111,0,1011
262,01,0,10,00111100,00111101,00110000,0,0011
263,00,0,00,00000000,00000000,00000000,0,0000
264,01,0,10,00111110,00111101,00110100,0,0011
265,00,0,00,00000000,00000000,00000000,0,0000
266,01,0,10,00111111,00111101,00110110,0,0011
267,00,0,00,00000000,00000000,00000000,0,0000
268,01,0,10,00001100,00000110,00000010,0,0011
269,00,0,01,01101100,00000000,01101001,0,1011
270,01,0,10,00001010,00000110,00000001,0,0011
271,00,0,00,00000000,00000000,00000000,0,0000
272,01,0,10,00001110,00000110,00000011,0,0011
273,00,0,00,00000000,00000000,00000000,0,0000
274,01,0,10,00010000,00000110,00000100,0,0011
275,00,0,00,00000000,00000000,00000000,0,0000
276,01,0,10,00010010,00000110,00000101,0,0011
277,00,0,01,01101101,00000000,01101011,0,1011
278,01,0,10,00010100,00000110,00000110,0,0011
279,00,0,01,00010111,00000000,00100000,0,1100
280,01,0,10,00010110,00000110,00000111,0,0011
281,00,0,01,00011000,00000000,00100001,0,1100
282,00,0,01,00011010,00000000,00100011,0,1100
283,00,0,01,00011001,00000000,00100010,0,1100
284,00,0,01,00011011,00000000,00100100,0,1100
285,00,0,01,01101110,00000000,01101101,0,1011
286,00,0,01,00011100,00000000,00100101,0,1100
287,00,0,01,00011101,00000000,00100110,0,1100
288,00,0,01,00011110,00000000,00100111,0,1100
289,00,0,00,00000000,00000000,00000000,0,0000
290,00,0,00,00000000,00000000,00000000,0,0000
291,00,0,00,00000000,00000000,00000000,0,0000
292,00,0,00,00000000,00000000,00000000,0,0000
293,00,0,01,01101111,00000000,01101111,0,1011
294,00,0,00,00000000,00000000,00000000,0,0000
295,00,0,00,00000000,00000000,00000000,0,0000
296,00,0,00,00000000,00000000,00000000,0,0000
297,00,0,00,00000000,00000000,00000000,0,0000
298,00,0,00,00000000,00000000,00000000,0,0000
299,00,0,00,00000000,00000000,00000000,0,0000
300,00,0,00,00000000,00000000,00000000,0,0000
301,00,0,01,01110000,00000000,01110001,0,1011
302,00,0,00,00000000,00000000,00000000,0,0000
303,00,0,00,00000000,00000000,00000000,0,0000
304,00,0,00,00000000,00000000,00000000,0,0000
305,00,0,00,00000000,00000000,00000000,0,0000
306,00,0,00,00000000,00000000,00000000,0,0000
307,00,0,00,00000000,00000000,00000000,0,0000
308,00,0,00,00000000,00000000,00000000,0,0000
309,00,0,01,01110001,00000000,01110011,0,1011
310,00,0,00,00000000,00000000,00000000,0,0000
311,00,0,00,00000000,00000000,00000000,0,0000
312,00,0,00,00000000,00000000,00000000,0,0000
313,00,0,00,00000000,00000000,00000000,0,0000
314,00,0,00,00000000,00000000,00000000,0,0000
315,00,0,00,00000000,00000000,00000000,0,0000
316,01,0,10,01011000,01011100,01001000,0,0011
317,00,0,01,01110010,00000000,01110101,0,1011
318,01,0,10,01011001,01011100,01001010,0,0011
319,00,0,00,00000000,00000000,00000000,0,0000
320,01,0,10,01011010,01011100,01001100,0,0011
321,00,0,00,00000000,00000000,00000000,0,0000
322,01,0,10,01011011,01011100,01001110,0,0011
323,00,0,00,00000000,00000000,00000000,0,0000
324,01,0,10,01011101,01011100,01010010,0,0011
325,00,0,01,01110011,00000000,01110111,0,1011
326,01,0,10,01011100,01011100,01010000,0,0011
327,00,0,00,00000000,00000000,00000000,0,0000
328,01,0,10,01011110,01011100,01010100,0,0011
329,00,0,00,00000000,00000000,00000000,0,0000
330,01,0,10,01011111,01011100,01010110,0,0011
331,00,0,00,00000000,00000000,00000000,0,0000
332,01,0,10,00101000,00100101,00100000,0,0011
333,00,0,01,10001011,00000000,10001001,0,1011
334,01,0,10,00101010,00100101,00100001,0,0011
335,00,0,00,00000000,00000000,00000000,0,0000
336,01,0,10,00101110,00100101,00100011,0,0011
337,00,0,00,00000000,00000000,00000000,0,0000
338,01,0,10,00101100,00100101,00100010,0,0011
339,00,0,00,00000000,00000000,00000000,0,0000
340,01,0,10,00110000,00100101,00100100,0,0011
341,00,0,01,10001100,00000000,10001011,0,1011
342,01,0,10,00110010,00100101,00100101,0,0011
343,00,0,01,00110110,00000000,01000000,0,1100
344,01,0,10,00110100,00100101,00100110,0,0011
345,00,0,01,00110111,00000000,01000001,0,1100
346,01,0,10,00110110,00100101,00100111,0,0011
347,00,0,01,00111000,00000000,01000010,0,1100
348,00,0,01,00111001,00000000,01000011,0,1100
349,00,0,01,10001101,00000000,10001101,0,1011
350,00,0,01,00111010,00000000,01000100,0,1100
351,00,0,01,00111011,00000000,01000101,0,1100
352,00,0,01,00111100,00000000,01000110,0,1100
353,00,0,01,00111101,00000000,01000111,0,1100
354,00,0,00,00000000,00000000,00000000,0,0000
355,00,0,00,00000000,00000000,00000000,0,0000
356,00,0,00,00000000,00000000,00000000,0,0000
357,00,0,01,10001110,00000000,10001111,0,1011
358,00,0,00,00000000,00000000,00000000,0,0000
359,00,0,00,00000000,00000000,00000000,0,0000
360,00,0,00,00000000,00000000,00000000,0,0000
361,00,0,00,00000000,00000000,00000000,0,0000
362,00,0,00,00000000,00000000,00000000,0,0000
363,00,0,00,00000000,00000000,00000000,0,0000
364,00,0,00,00000000,00000000,00000000,0,0000
365,00,0,01,10001111,00000000,10010001,0,1011
366,00,0,00,00000000,00000000,00000000,0,0000
367,00,0,00,00000000,00000000,00000000,0,0000
368,00,0,00,00000000,00000000,00000000,0,0000
369,00,0,00,00000000,00000000,00000000,0,0000
370,00,0,00,00000000,00000000,00000000,0,0000
371,00,0,00,00000000,00000000,00000000,0,0000
372,00,0,00,00000000,00000000,00000000,0,0000
373,00,0,01,10010000,00000000,10010011,0,1011
374,00,0,00,00000000,00000000,00000000,0,0000
375,00,0,00,00000000,00000000,00000000,0,0000
376,00,0,00,00000000,00000000,00000000,0,0000
377,00,0,00,00000000,00000000,00000000,0,0000
378,00,0,00,00000000,00000000,00000000,0,0000
379,00,0,00,00000000,00000000,00000000,0,0000
380,01,0,10,01111000,01111011,01101000,0,0011
381,00,0,01,10010001,00000000,10010101,0,1011
382,01,0,10,01111001,01111011,01101010,0,0011
383,00,0,00,00000000,00000000,00000000,0,0000
384,01,0,10,01111010,01111011,01101100,0,0011
385,00,0,00,00000000,00000000,00000000,0,0000
386,01,0,10,01111011,01111011,01101110,0,0011
387,00,0,00,00000000,00000000,00000000,0,0000
388,01,0,10,01111101,01111011,01110010,0,0011
389,00,0,01,10010010,00000000,10010111,0,1011
390,01,0,10,01111100,01111011,01110000,0,0011
391,00,0,00,00000000,00000000,00000000,0,0000
392,01,0,10,01111110,01111011,01110100,0,0011
393,00,0,00,00000000,00000000,00000000,0,0000
394,01,0,10,01111111,01111011,01110110,0,0011
395,00,0,00,00000000,00000000,00000000,0,0000
396,01,0,10,01001000,01000100,01000000,0,0011
397,00,0,01,10101010,00000000,10101001,0,1011
398,01,0,10,01001010,01000100,01000001,0,0011
399,00,0,00,00000000,00000000,00000000,0,0000
400,01,0,10,01001110,01000100,01000011,0,0011
401,00,0,00,00000000,00000000,00000000,0,0000
402,01,0,10,01001100,01000100,01000010,0,0011
403,00,0,00,00000000,00000000,00000000,0,0000
404,01,0,10,01010000,01000100,01000100,0,0011
405,00,0,01,10101011,00000000,10101011,0,1011
406,01,0,10,01010010,01000100,01000101,0,0011
407,00,0,01,01010101,00000000,01100000,0,1100
408,01,0,10,01010100,01000100,01000110,0,0011
409,00,0,01,01010110,00000000,01100001,0,1100
410,01,0,10,01010110,01000100,01000111,0,0011
411,00,0,01,01010111,00000000,01100010,0,1100
412,00,0,01,01011000,00000000,01100011,0,1100
413,00,0,01,10101100,00000000,10101101,0,1011
414,00,0,01,01011001,00000000,01100100,0,1100
415,00,0,01,01011010,00000000,01100101,0,1100
416,00,0,01,01011011,00000000,01100110,0,1100
417,00,0,01,01011100,00000000,01100111,0,1100
418,00,0,00,00000000,00000000,00000000,0,0000
419,00,0,00,00000000,00000000,00000000,0,0000
420,00,0,00,00000000,00000000,00000000,0,0000
421,00,0,01,10101101,00000000,10101111,0,1011
422,00,0,00,00000000,00000000,00000000,0,0000
423,00,0,00,00000000,00000000,00000000,0,0000
424,00,0,00,00000000,00000000,00000000,0,0000
425,00,0,00,00000000,00000000,00000000,0,0000
426,00,0,00,00000000,00000000,00000000,0,0000
427,00,0,00,00000000,00000000,00000000,0,0000
428,00,0,00,00000000,00000000,00000000,0,0000
429,00,0,01,10101110,00000000,10110001,0,1011
430,00,0,00,00000000,00000000,00000000,0,0000
431,00,0,00,00000000,00000000,00000000,0,0000
432,00,0,00,00000000,00000000,00000000,0,0000
433,00,0,00,00000000,00000000,00000000,0,0000
434,00,0,00,00000000,00000000,00000000,0,0000
435,00,0,00,00000000,00000000,00000000,0,0000
436,00,0,00,00000000,00000000,00000000,0,0000
437,00,0,01,10101111,00000000,10110011,0,1011
438,00,0,00,00000000,00000000,00000000,0,0000
439,00,0,00,00000000,00000000,00000000,0,0000
440,00,0,00,00000000,00000000,00000000,0,0000
441,00,0,00,00000000,00000000,00000000,0,0000
442,00,0,00,00000000,00000000,00000000,0,0000
443,00,0,00,00000000,00000000,00000000,0,0000
444,01,0,10,10011000,10011010,10001000,0,0011
445,00,0,01,10110000,00000000,10110101,0,1011
446,01,0,10,10011001,10011010,10001010,0,0011
447,00,0,00,00000000,00000000,00000000,0,0000
448,01,0,10,10011010,10011010,10001100,0,0011
449,00,0,00,00000000,00000000,00000000,0,0000
450,01,0,10,10011011,10011010,10001110,0,0011
451,00,0,00,00000000,00000000,00000000,0,0000
452,01,0,10,10011101,10011010,10010010,0,0011
453,00,0,01,10110001,00000000,10110111,0,1011
454,01,0,10,10011100,10011010,10010000,0,0011
455,00,0,00,00000000,00000000,00000000,0,0000
456,01,0,10,10011110,10011010,10010100,0,0011
457,00,0,00,00000000,00000000,00000000,0,0000
458,01,0,10,10011111,10011010,10010110,0,0011
459,00,0,00,00000000,00000000,00000000,0,0000
460,01,0,10,01101000,01100011,01100000,0,0011
461,00,0,01,11001001,00000000,11001001,0,1011
462,01,0,10,01101010,01100011,01100001,0,0011
463,00,0,00,00000000,00000000,00000000,0,0000
464,01,0,10,01101110,01100011,01100011,0,0011
465,00,0,00,00000000,00000000,00000000,0,0000
466,01,0,10,01101100,01100011,01100010,0,0011
467,00,0,00,00000000,00000000,00000000,0,0000
468,01,0,10,01110000,01100011,01100100,0,0011
469,00,0,01,11001010,00000000,11001011,0,1011
470,01,0,10,01110010,01100011,01100101,0,0011
471,00,0,01,01110100,00000000,10000000,0,1100
472,01,0,10,01110100,01100011,01100110,0,0011
473,00,0,01,01110101,00000000,10000001,0,1100
474,01,0,10,01110110,01100011,01100111,0,0011
475,00,0,01,01110110,00000000,10000010,0,1100
476,00,0,01,01110111,00000000,10000011,0,1100
477,00,0,01,11001011,00000000,11001101,0,1011
478,00,0,01,01111000,00000000,10000100,0,1100
479,00,0,01,01111001,00000000,10000101,0,1100
480,00,0,01,01111010,00000000,10000110,0,1100
481,00,0,01,01111011,00000000,10000111,0,1100
482,00,0,00,00000000,00000000,00000000,0,0000
483,00,0,00,00000000,00000000,00000000,0,0000
484,00,0,00,00000000,00000000,00000000,0,0000
485,00,0,01,11001100,00000000,11001111,0,1011
486,00,0,00,00000000,00000000,00000000,0,0000
487,00,0,00,00000000,00000000,00000000,0,0000
488,00,0,00,00000000,00000000,00000000,0,0000
489,00,0,00,00000000,00000000,00000000,0,0000
490,00,0,00,00000000,00000000,00000000,0,0000
491,00,0,00,00000000,00000000,00000000,0,0000
492,00,0,00,00000000,00000000,00000000,0,0000
493,00,0,01,11001101,00000000,11010001,0,1011
494,00,0,00,00000000,00000000,00000000,0,0000
495,00,0,00,00000000,00000000,00000000,0,0000
496,00,0,00,00000000,00000000,00000000,0,0000
497,00,0,00,00000000,00000000,00000000,0,0000
498,00,0,00,00000000,00000000,00000000,0,0000
499,00,0,00,00000000,00000000,00000000,0,0000
500,00,0,00,00000000,00000000,00000000,0,0000
501,00,0,01,11001110,00000000,11010011,0,1011
502,00,0,00,00000000,00000000,00000000,0,0000
503,00,0,00,00000000,00000000,00000000,0,0000
504,00,0,00,00000000,00000000,00000000,0,0000
505,00,0,00,00000000,00000000,00000000,0,0000
506,00,0,00,00000000,00000000,00000000,0,0000
507,00,0,00,00000000,00000000,00000000,0,0000
508,01,0,10,10111000,10111001,10101000,0,0011
509,00,0,01,11001111,00000000,11010101,0,1011
510,01,0,10,10111001,10111001,10101010,0,0011
511,00,0,00,00000000,00000000,00000000,0,0000
512,01,0,10,10111010,10111001,10101100,0,0011
513,00,0,00,00000000,00000000,00000000,0,0000
514,01,0,10,10111011,10111001,10101110,0,0011
515,00,0,00,00000000,00000000,00000000,0,0000
516,01,0,10,10111101,10111001,10110010,0,0011
517,00,0,01,11010000,00000000,11010111,0,1011
518,01,0,10,10111100,10111001,10110000,0,0011
519,00,0,00,00000000,00000000,00000000,0,0000
520,01,0,10,10111110,10111001,10110100,0,0011
521,00,0,00,00000000,00000000,00000000,0,0000
522,01,0,10,10111111,10111001,10110110,0,0011
523,00,0,00,00000000,00000000,00000000,0,0000
524,01,0,10,10001000,10000010,10000000,0,0011
525,00,0,01,11101000,00000000,11101001,0,1011
526,01,0,10,10001010,10000010,10000001,0,0011
527,00,0,00,00000000,00000000,00000000,0,0000
528,01,0,10,10001110,10000010,10000011,0,0011
529,00,0,00,00000000,00000000,00000000,0,0000
530,01,0,10,10001100,10000010,10000010,0,0011
531,00,0,00,00000000,00000000,00000000,0,0000
532,01,0,10,10010000,10000010,10000100,0,0011
533,00,0,01,11101001,00000000,11101011,0,1011
534,01,0,10,10010010,10000010,10000101,0,0011
535,00,0,01,10010011,00000000,10100000,0,1100
536,01,0,10,10010100,10000010,10000110,0,0011
537,00,0,01,10010100,00000000,10100001,0,1100
538,01,0,10,10010110,10000010,10000111,0,0011
539,00,0,01,10010101,00000000,10100010,0,1100
540,00,0,01,10010110,00000000,10100011,0,1100
541,00,0,01,11101010,00000000,11101101,0,1011
542,00,0,01,10010111,00000000,10100100,0,1100
543,00,0,01,10011000,00000000,10100101,0,1100
544,00,0,01,10011001,00000000,10100110,0,1100
545,00,0,01,10011010,00000000,10100111,0,1100
546,00,0,00,00000000,00000000,00000000,0,0000
547,00,0,00,00000000,00000000,00000000,0,0000
548,00,0,00,00000000,00000000,00000000,0,0000
549,00,0,01,11101011,00000000,11101111,0,1011
550,00,0,00,00000000,00000000,00000000,0,0000
551,00,0,00,00000000,00000000,00000000,0,0000
552,00,0,00,00000000,00000000,00000000,0,0000
553,00,0,00,00000000,00000000,00000000,0,0000
554,00,0,00,00000000,00000000,00000000,0,0000
555,00,0,00,00000000,00000000,00000000,0,0000
556,00,0,00,00000000,00000000,00000000,0,0000
557,00,0,01,11101100,00000000,11110001,0,1011
558,00,0,00,00000000,00000000,00000000,0,0000
559,00,0,00,00000000,00000000,00000000,0,0000
560,00,0,00,00000000,00000000,00000000,0,0000
561,00,0,00,00000000,00000000,00000000,0,0000
562,00,0,00,00000000,00000000,00000000,0,0000
563,00,0,00,00000000,00000000,00000000,0,0000
564,00,0,00,00000000,00000000,00000000,0,0000
565,00,0,01,11101101,00000000,11110011,0,1011
566,00,0,00,00000000,00000000,00000000,0,0000
567,00,0,00,00000000,00000000,00000000,0,0000
568,00,0,00,00000000,00000000,00000000,0,0000
569,00,0,00,00000000,00000000,00000000,0,0000
570,00,0,00,00000000,00000000,00000000,0,0000
571,00,0,00,00000000,00000000,00000000,0,0000
572,01,0,10,11011000,11011000,11001000,0,0011
573,00,0,01,11101110,00000000,11110101,0,1011
574,01,0,10,11011001,11011000,11001010,0,0011
575,00,0,00,00000000,00000000,00000000,0,0000
576,01,0,10,11011010,11011000,11001100,0,0011
577,00,0,00,00000000,00000000,00000000,0,0000
578,01,0,10,11011011,11011000,11001110,0,0011
579,00,0,00,00000000,00000000,00000000,0,0000
580,01,0,10,11011101,11011000,11010010,0,0011
581,00,0,01,11101111,00000000,11110111,0,1011
582,01,0,10,11011100,11011000,11010000,0,0011
583,00,0,00,00000000,00000000,00000000,0,0000
584,01,0,10,11011110,11011000,11010100,0,0011
585,00,0,00,00000000,00000000,00000000,0,0000
586,01,0,10,11011111,11011000,11010110,0,0011
587,00,0,00,00000000,00000000,00000000,0,0000
588,01,0,10,10101000,10100001,10100000,0,0011
589,00,0,01,00000111,00000000,00001001,0,1011
590,01,0,10,10101010,10100001,10100001,0,0011
591,00,0,00,00000000,00000000,00000000,0,0000
592,01,0,10,10101110,10100001,10100011,0,0011
593,00,0,00,00000000,00000000,00000000,0,0000
594,01,0,10,10101100,10100001,10100010,0,0011
595,00,0,00,00000000,00000000,00000000,0,0000
596,01,0,10,10110000,10100001,10100100,0,0011
597,00,0,01,00001000,00000000,00001011,0,1011
598,01,0,10,10110010,10100001,10100101,0,0011
599,00,0,01,10110010,00000000,11000000,0,1100
600,01,0,10,10110100,10100001,10100110,0,0011
601,00,0,01,10110011,00000000,11000001,0,1100
602,01,0,10,10110110,10100001,10100111,0,0011
603,00,0,01,10110100,00000000,11000010,0,1100
604,00,0,01,10110101,00000000,11000011,0,1100
605,00,0,01,00001001,00000000,00001101,0,1011
606,00,0,01,10110110,00000000,11000100,0,1100
607,00,0,01,10110111,00000000,11000101,0,1100
608,00,0,01,10111000,00000000,11000110,0,1100
609,00,0,01,10111001,00000000,11000111,0,1100
610,00,0,00,00000000,00000000,00000000,0,0000
611,00,0,00,00000000,00000000,00000000,0,0000
612,00,0,00,00000000,00000000,00000000,0,0000
613,00,0,01,00001010,00000000,00001111,0,1011
614,00,0,00,00000000,00000000,00000000,0,0000
615,00,0,00,00000000,00000000,00000000,0,0000
616,00,0,00,00000000,00000000,00000000,0,0000
617,00,0,00,00000000,00000000,00000000,0,0000
618,00,0,00,00000000,00000000,00000000,0,0000
619,00,0,00,00000000,00000000,00000000,0,0000
620,00,0,00,00000000,00000000,00000000,0,0000
621,00,0,01,00001011,00000000,00010001,0,1011
622,00,0,00,00000000,00000000,00000000,0,0000
623,00,0,00,00000000,00000000,00000000,0,0000
624,00,0,00,00000000,00000000,00000000,0,0000
625,00,0,00,00000000,00000000,00000000,0,0000
626,00,0,00,00000000,00000000,00000000,0,0000
627,00,0,00,00000000,00000000,00000000,0,0000
628,00,0,00,00000000,00000000,00000000,0,0000
629,00,0,01,00001100,00000000,00010011,0,1011
630,00,0,00,00000000,00000000,00000000,0,0000
631,00,0,00,00000000,00000000,00000000,0,0000
632,00,0,00,00000000,00000000,00000000,0,0000
633,00,0,00,00000000,00000000,00000000,0,0000
634,00,0,00,00000000,00000000,00000000,0,0000
635,00,0,00,00000000,00000000,00000000,0,0000
636,01,0,10,11111000,11110111,11101000,0,0011
637,00,0,01,00001101,00000000,00010101,0,1011
638,01,0,10,11111001,11110111,11101010,0,0011
639,00,0,00,00000000,00000000,00000000,0,0000
640,01,0,10,11111010,11110111,11101100,0,0011
641,00,0,00,00000000,00000000,00000000,0,0000
642,01,0,10,11111011,11110111,11101110,0,0011
643,00,0,00,00000000,00000000,00000000,0,0000
644,01,0,10,11111101,11110111,11110010,0,0011
645,00,0,01,00001110,00000000,00010111,0,1011
646,01,0,10,11111100,11110111,11110000,0,0011
647,00,0,00,00000000,00000000,00000000,0,0000
648,01,0,10,11111110,11110111,11110100,0,0011
649,00,0,00,00000000,00000000,00000000,0,0000
650,01,0,10,11111111,11110111,11110110,0,0011
651,00,0,00,00000000,00000000,00000000,0,0000
652,01,0,10,11001000,11000000,11000000,0,0011
653,00,0,01,00100110,00000000,00101001,0,1011
654,01,0,10,11001010,11000000,11000001,0,0011
655,00,0,00,00000000,00000000,00000000,0,0000
656,01,0,10,11001110,11000000,11000011,0,0011
657,00,0,00,00000000,00000000,00000000,0,0000
658,01,0,10,11001100,11000000,11000010,0,0011
659,00,0,00,00000000,00000000,00000000,0,0000
660,01,0,10,11010000,11000000,11000100,0,0011
661,00,0,01,00100111,00000000,00101011,0,1011
662,01,0,10,11010010,11000000,11000101,0,0011
663,00,0,01,11010001,00000000,11100000,0,1100
664,01,0,10,11010100,11000000,11000110,0,0011
665,00,0,01,11010010,00000000,11100001,0,1100
666,01,0,10,11010110,11000000,11000111,0,0011
667,00,0,01,11010011,00000000,11100010,0,1100
668,00,0,01,11010100,00000000,11100011,0,1100
669,00,0,01,00101000,00000000,00101101,0,1011
670,00,0,01,11010101,00000000,11100100,0,1100
671,00,0,01,11010110,00000000,11100101,0,1100
672,00,0,01,11010111,00000000,11100110,0,1100
673,00,0,01,11011000,00000000,11100111,0,1100
674,00,0,00,00000000,00000000,00000000,0,0000
675,00,0,00,00000000,00000000,00000000,0,0000
676,00,0,00,00000000,00000000,00000000,0,0000
677,00,0,01,00101001,00000000,00101111,0,1011
678,00,0,00,00000000,00000000,00000000,0,0000
679,00,0,00,00000000,00000000,00000000,0,0000
680,00,0,00,00000000,00000000,00000000,0,0000
681,00,0,00,00000000,00000000,00000000,0,0000
682,00,0,00,00000000,00000000,00000000,0,0000
683,00,0,00,00000000,00000000,00000000,0,0000
684,00,0,00,00000000,00000000,00000000,0,0000
685,00,0,01,00101010,00000000,00110001,0,1011
686,00,0,00,00000000,00000000,00000000,0,0000
687,00,0,00,00000000,00000000,00000000,0,0000
688,00,0,00,00000000,00000000,00000000,0,0000
689,00,0,00,00000000,00000000,00000000,0,0000
690,00,0,00,00000000,00000000,00000000,0,0000
691,00,0,00,00000000,00000000,00000000,0,0000
692,00,0,00,00000000,00000000,00000000,0,0000
693,00,0,01,00101011,00000000,00110011,0,1011
694,00,0,00,00000000,00000000,00000000,0,0000
695,00,0,00,00000000,00000000,00000000,0,0000
696,00,0,00,00000000,00000000,00000000,0,0000
697,00,0,00,00000000,00000000,00000000,0,0000
698,00,0,00,00000000,00000000,00000000,0,0000
699,00,0,00,00000000,00000000,00000000,0,0000
700,01,0,10,00011000,00010110,00001000,0,0011
701,00,0,01,00101100,00000000,00110101,0,1011
702,01,0,10,00011001,00010110,00001010,0,0011
703,00,0,00,00000000,00000000,00000000,0,0000
704,01,0,10,00011010,00010110,00001100,0,0011
705,00,0,00,00000000,00000000,00000000,0,0000
706,01,0,10,00011011,00010110,00001110,0,0011
707,00,0,00,00000000,00000000,00000000,0,0000
708,01,0,10,00011101,00010110,00010010,0,0011
709,00,0,01,00101101,00000000,00110111,0,1011
710,01,0,10,00011100,00010110,00010000,0,0011
711,00,0,00,00000000,00000000,00000000,0,0000
712,01,0,10,00011110,00010110,00010100,0,0011
713,00,0,00,00000000,00000000,00000000,0,0000
714,01,0,10,00011111,00010110,00010110,0,0011
715,00,0,00,00000000,00000000,00000000,0,0000
716,01,0,10,11101000,11011111,11100000,0,0011
717,00,0,01,01000101,00000000,01001001,0,1011
718,01,0,10,11101010,11011111,11100001,0,0011
719,00,0,00,00000000,00000000,00000000,0,0000
720,01,0,10,11101110,11011111,11100011,0,0011
721,00,0,00,00000000,00000000,00000000,0,0000
722,01,0,10,11101100,11011111,11100010,0,0011
723,00,0,00,00000000,00000000,00000000,0,0000
724,01,0,10,11110000,11011111,11100100,0,0011
725,00,0,01,01000110,00000000,01001011,0,1011
726,01,0,10,11110010,11011111,11100101,0,0011
727,00,0,01,11110000,00000000,00000000,0,1100
728,01,0,10,11110100,11011111,11100110,0,0011
729,00,0,01,11110001,00000000,00000001,0,1100
730,01,0,10,11110110,11011111,11100111,0,0011
731,00,0,01,11110010,00000000,00000010,0,1100
732,00,0,01,11110011,00000000,00000011,0,1100
733,00,0,01,01000111,00000000,01001101,0,1011
734,00,0,01,11110100,00000000,00000100,0,1100
735,00,0,01,11110101,00000000,00000101,0,1100
736,00,0,01,11110110,00000000,00000110,0,1100
737,00,0,01,11110111,00000000,00000111,0,1100
738,00,0,00,00000000,00000000,00000000,0,0000
739,00,0,00,00000000,00000000,00000000,0,0000
740,00,0,00,00000000,00000000,00000000,0,0000
741,00,0,01,01001000,00000000,01001111,0,1011
742,00,0,00,00000000,00000000,00000000,0,0000
743,00,0,00,00000000,00000000,00000000,0,0000
744,00,0,00,00000000,00000000,00000000,0,0000
745,00,0,00,00000000,00000000,00000000,0,0000
746,00,0,00,00000000,00000000,00000000,0,0000
747,00,0,00,00000000,00000000,00000000,0,0000
748,00,0,00,00000000,00000000,00000000,0,0000
749,00,0,01,01001001,00000000,01010001,0,1011
750,00,0,00,00000000,00000000,00000000,0,0000
751,00,0,00,00000000,00000000,00000000,0,0000
752,00,0,00,00000000,00000000,00000000,0,0000
753,00,0,00,00000000,00000000,00000000,0,0000
754,00,0,00,00000000,00000000,00000000,0,0000
755,00,0,00,00000000,00000000,00000000,0,0000
756,00,0,00,00000000,00000000,00000000,0,0000
757,00,0,01,01001010,00000000,01010011,0,1011
758,00,0,00,00000000,00000000,00000000,0,0000
759,00,0,00,00000000,00000000,00000000,0,0000
760,00,0,00,00000000,00000000,00000000,0,0000
761,00,0,00,00000000,00000000,00000000,0,0000
762,00,0,00,00000000,00000000,00000000,0,0000
763,00,0,00,00000000,00000000,00000000,0,0000
764,01,0,10,00111000,00110101,00101000,0,0011
765,00,0,01,01001011,00000000,01010101,0,1011
766,01,0,10,00111001,00110101,00101010,0,0011
767,00,0,00,00000000,00000000,00000000,0,0000
768,01,0,10,00111010,00110101,00101100,0,0011
769,00,0,00,00000000,00000000,00000000,0,0000
770,01,0,10,00111011,00110101,00101110,0,0011
771,00,0,00,00000000,00000000,00000000,0,0000
772,01,0,10,00111101,00110101,00110010,0,0011
773,00,0,01,01001100,00000000,01010111,0,1011
774,01,0,10,00111100,00110101,00110000,0,0011
775,00,0,00,00000000,00000000,00000000,0,0000
776,01,0,10,00111110,00110101,00110100,0,0011
777,00,0,00,00000000,00000000,00000000,0,0000
778,01,0,10,00111111,00110101,00110110,0,0011
779,00,0,00,00000000,00000000,00000000,0,0000
780,01,0,10,00001000,11111110,00000000,0,0011
781,00,0,01,01100100,00000000,01101001,0,1011
782,01,0,10,00001010,11111110,00000001,0,0011
783,00,0,00,00000000,00000000,00000000,0,0000
784,01,0,10,00001110,11111110,00000011,0,0011
785,00,0,00,00000000,00000000,00000000,0,0000
786,01,0,10,00001100,11111110,00000010,0,0011
787,00,0,00,00000000,00000000,00000000,0,0000
788,01,0,10,00010000,11111110,00000100,0,0011
789,00,0,01,01100101,00000000,01101011,0,1011
790,01,0,10,00010010,11111110,00000101,0,0011
791,00,0,01,00001111,00000000,00100000,0,1100
792,01,0,10,00010100,11111110,00000110,0,0011
793,00,0,01,00010000,00000000,00100001,0,1100
794,01,0,10,00010110,11111110,00000111,0,0011
795,00,0,01,00010001,00000000,00100010,0,1100
796,00,0,01,00010010,00000000,00100011,0,1100
797,00,0,01,01100110,00000000,01101101,0,1011
798,00,0,01,00010011,00000000,00100100,0,1100
799,00,0,01,00010100,00000000,00100101,0,1100
800,00,0,01,00010101,00000000,00100110,0,1100
801,00,0,01,00010110,00000000,00100111,0,1100
802,00,0,00,00000000,00000000,00000000,0,0000
803,00,0,00,00000000,00000000,00000000,0,0000
804,00,0,00,00000000,00000000,00000000,0,0000
805,00,0,01,01100111,00000000,01101111,0,1011
806,00,0,00,00000000,00000000,00000000,0,0000
807,00,0,00,00000000,00000000,00000000,0,0000
808,00,0,00,00000000,00000000,00000000,0,0000
809,00,0,00,00000000,00000000,00000000,0,0000
810,00,0,00,00000000,00000000,00000000,0,0000
811,00,0,00,00000000,00000000,00000000,0,0000
812,00,0,00,00000000,00000000,00000000,0,0000
813,00,0,01,01101000,00000000,01110001,0,1011
814,00,0,00,00000000,00000000,00000000,0,0000
815,00,0,00,00000000,00000000,00000000,0,0000
816,00,0,00,00000000,00000000,00000000,0,0000
817,00,0,00,00000000,00000000,00000000,0,0000
818,00,0,00,00000000,00000000,00000000,0,0000
819,00,0,00,00000000,00000000,00000000,0,0000
820,00,0,00,00000000,00000000,00000000,0,0000
821,00,0,01,01101001,00000000,01110011,0,1011
822,00,0,00,00000000,00000000,00000000,0,0000
823,00,0,00,00000000,00000000,00000000,0,0000
824,00,0,00,00000000,00000000,00000000,0,0000
825,00,0,00,00000000,00000000,00000000,0,0000
826,00,0,00,00000000,00000000,00000000,0,0000
827,00,0,00,00000000,00000000,00000000,0,0000
828,01,0,10,01011000,01010100,01001000,0,0011
829,00,0,01,01101010,00000000,01110101,0,1011
830,01,0,10,01011001,01010100,01001010,0,0011
831,00,0,00,00000000,00000000,00000000,0,0000
832,01,0,10,01011010,01010100,01001100,0,0011
833,00,0,00,00000000,00000000,00000000,0,0000
834,01,0,10,01011011,01010100,01001110,0,0011
835,00,0,00,00000000,00000000,00000000,0,0000
836,01,0,10,01011101,01010100,01010010,0,0011
837,00,0,01,01101011,00000000,01110111,0,1011
838,01,0,10,01011100,01010100,01010000,0,0011
839,00,0,00,00000000,00000000,00000000,0,0000
840,01,0,10,01011110,01010100,01010100,0,0011
841,00,0,00,00000000,00000000,00000000,0,0000
842,01,0,10,01011111,01010100,01010110,0,0011
843,00,0,00,00000000,00000000,00000000,0,0000
844,01,0,10,00101000,00011101,00100000,0,0011
845,00,0,01,10000011,00000000,10001001,0,1011
846,01,0,10,00101010,00011101,00100001,0,0011
847,00,0,00,00000000,00000000,00000000,0,0000
848,01,0,10,00101110,00011101,00100011,0,0011
849,00,0,00,00000000,00000000,00000000,0,0000
850,01,0,10,00101100,00011101,00100010,0,0011
851,00,0,00,00000000,00000000,00000000,0,0000
852,01,0,10,00110000,00011101,00100100,0,0011
853,00,0,01,10000100,00000000,10001011,0,1011
854,01,0,10,00110010,00011101,00100101,0,0011
855,00,0,01,00101110,00000000,01000000,0,1100
856,01,0,10,00110100,00011101,00100110,0,0011
857,00,0,01,00101111,00000000,01000001,0,1100
858,01,0,10,00110110,00011101,00100111,0,0011
859,00,0,01,00110000,00000000,01000010,0,1100
860,00,0,01,00110001,00000000,01000011,0,1100
861,00,0,01,10000101,00000000,10001101,0,1011
862,00,0,01,00110010,00000000,01000100,0,1100
863,00,0,01,00110011,00000000,01000101,0,1100
864,00,0,01,00110100,00000000,01000110,0,1100
865,00,0,01,00110101,00000000,01000111,0,1100
866,00,0,00,00000000,00000000,00000000,0,0000
867,00,0,00,00000000,00000000,00000000,0,0000
868,00,0,00,00000000,00000000,00000000,0,0000
869,00,0,01,10000110,00000000,10001111,0,1011
870,00,0,00,00000000,00000000,00000000,0,0000
871,00,0,00,00000000,00000000,00000000,0,0000
872,00,0,00,00000000,00000000,00000000,0,0000
873,00,0,00,00000000,00000000,00000000,0,0000
874,00,0,00,00000000,00000000,00000000,0,0000
875,00,0,00,00000000,00000000,00000000,0,0000
876,00,0,00,00000000,00000000,00000000,0,0000
877,00,0,01,10000111,00000000,10010001,0,1011
878,00,0,00,00000000,00000000,00000000,0,0000
879,00,0,00,00000000,00000000,00000000,0,0000
880,00,0,00,00000000,00000000,00000000,0,0000
881,00,0,00,00000000,00000000,00000000,0,0000
882,00,0,00,00000000,00000000,00000000,0,0000
883,00,0,00,00000000,00000000,00000000,0,0000
884,00,0,00,00000000,00000000,00000000,0,0000
885,00,0,01,10001000,00000000,10010011,0,1011
886,00,0,00,00000000,00000000,00000000,0,0000
887,00,0,00,00000000,00000000,00000000,0,0000
888,00,0,00,00000000,00000000,00000000,0,0000
889,00,0,00,00000000,00000000,00000000,0,0000
890,00,0,00,00000000,00000000,00000000,0,0000
891,00,0,00,00000000,00000000,00000000,0,0000
892,01,0,10,01111000,01110011,01101000,0,0011
893,00,0,01,10001001,00000000,10010101,0,1011
894,01,0,10,01111001,01110011,01101010,0,0011
895,00,0,00,00000000,00000000,00000000,0,0000
896,01,0,10,01111010,01110011,01101100,0,0011
897,00,0,00,00000000,00000000,00000000,0,0000
898,01,0,10,01111011,01110011,01101110,0,0011
899,00,0,00,00000000,00000000,00000000,0,0000
900,01,0,10,01111101,01110011,01110010,0,0011
901,00,0,01,10001010,00000000,10010111,0,1011
902,01,0,10,01111100,01110011,01110000,0,0011
903,00,0,00,00000000,00000000,00000000,0,0000
904,01,0,10,01111110,01110011,01110100,0,0011
905,00,0,00,00000000,00000000,00000000,0,0000
906,01,0,10,01111111,01110011,01110110,0,0011
907,00,0,00,00000000,00000000,00000000,0,0000
908,01,0,10,01001000,00111100,01000000,0,0011
909,00,0,01,10100010,00000000,10101001,0,1011
910,01,0,10,01001010,00111100,01000001,0,0011
911,00,0,00,00000000,00000000,00000000,0,0000
912,01,0,10,01001110,00111100,01000011,0,0011
913,00,0,00,00000000,00000000,00000000,0,0000
914,01,0,10,01001100,00111100,01000010,0,0011
915,00,0,00,00000000,00000000,00000000,0,0000
916,01,0,10,01010000,00111100,01000100,0,0011
917,00,0,01,10100011,00000000,10101011,0,1011
918,01,0,10,01010010,00111100,01000101,0,0011
919,00,0,01,01001101,00000000,01100000,0,1100
920,01,0,10,01010100,00111100,01000110,0,0011
921,00,0,01,01001110,00000000,01100001,0,1100
922,01,0,10,01010110,00111100,01000111,0,0011
923,00,0,01,01001111,00000000,01100010,0,1100
924,00,0,01,01010000,00000000,01100011,0,1100
925,00,0,01,10100100,00000000,10101101,0,1011
926,00,0,01,01010001,00000000,01100100,0,1100
927,00,0,01,01010010,00000000,01100101,0,1100
928,00,0,01,01010011,00000000,01100110,0,1100
929,00,0,01,01010100,00000000,01100111,0,1100
930,00,0,00,00000000,00000000,00000000,0,0000
931,00,0,00,00000000,00000000,00000000,0,0000
932,00,0,00,00000000,00000000,00000000,0,0000
933,00,0,01,10100101,00000000,10101111,0,1011
934,00,0,00,00000000,00000000,00000000,0,0000
935,00,0,00,00000000,00000000,00000000,0,0000
936,00,0,00,00000000,00000000,00000000,0,0000
937,00,0,00,00000000,00000000,00000000,0,0000
938,00,0,00,00000000,00000000,00000000,0,0000
939,00,0,00,00000000,00000000,00000000,0,0000
940,00,0,00,00000000,00000000,00000000,0,0000
941,00,0,01,10100110,00000000,10110001,0,1011
942,00,0,00,00000000,00000000,00000000,0,0000
943,00,0,00,00000000,00000000,00000000,0,0000
944,00,0,00,00000000,00000000,00000000,0,0000
945,00,0,00,00000000,00000000,00000000,0,0000
946,00,0,00,00000000,00000000,00000000,0,0000
947,00,0,00,00000000,00000000,00000000,0,0000
948,00,0,00,00000000,00000000,00000000,0,0000
949,00,0,01,10100111,00000000,10110011,0,1011
950,00,0,00,00000000,00000000,00000000,0,0000
951,00,0,00,00000000,00000000,00000000,0,0000
952,00,0,00,00000000,00000000,00000000,0,0000
953,00,0,00,00000000,00000000,00000000,0,0000
954,00,0,00,00000000,00000000,00000000,0,0000
955,00,0,00,00000000,00000000,00000000,0,0000
956,01,0,10,10011000,10010010,10001000,0,0011
957,00,0,01,10101000,00000000,10110101,0,1011
958,01,0,10,10011001,10010010,10001010,0,0011
959,00,0,00,00000000,00000000,00000000,0,0000
960,01,0,10,10011010,10010010,10001100,0,0011
961,00,0,00,00000000,00000000,00000000,0,0000
962,01,0,10,10011011,10010010,10001110,0,0011
963,00,0,00,00000000,00000000,00000000,0,0000
964,01,0,10,10011101,10010010,10010010,0,0011
965,00,0,01,10101001,00000000,10110111,0,1011
966,01,0,10,10011100,10010010,10010000,0,0011
967,00,0,00,00000000,00000000,00000000,0,0000
968,01,0,10,10011110,10010010,10010100,0,0011
969,00,0,00,00000000,00000000,00000000,0,0000
970,01,0,10,10011111,10010010,10010110,0,0011
971,00,0,00,00000000,00000000,00000000,0,0000
972,01,0,10,01101000,01011011,01100000,0,0011
973,00,0,01,11000001,00000000,11001001,0,1011
974,01,0,10,01101010,01011011,01100001,0,0011
975,00,0,00,00000000,00000000,00000000,0,0000
976,01,0,10,01101110,01011011,01100011,0,0011
977,00,0,00,00000000,00000000,00000000,0,0000
978,01,0,10,01101100,01011011,01100010,0,0011
979,00,0,00,00000000,00000000,00000000,0,0000
980,01,0,10,01110000,01011011,01100100,0,0011
981,00,0,01,11000010,00000000,11001011,0,1011
982,01,0,10,01110010,01011011,01100101,0,0011
983,00,0,01,01101100,00000000,10000000,0,1100
984,01,0,10,01110100,01011011,01100110,0,0011
985,00,0,01,01101101,00000000,10000001,0,1100
986,01,0,10,01110110,01011011,01100111,0,0011
987,00,0,01,01101110,00000000,10000010,0,1100
988,00,0,01,01101111,00000000,10000011,0,1100
989,00,0,01,11000011,00000000,11001101,0,1011
990,00,0,01,01110000,00000000,10000100,0,1100
991,00,0,01,01110001,00000000,10000101,0,1100
992,00,0,01,01110010,00000000,10000110,0,1100
993,00,0,01,01110011,00000000,10000111,0,1100
994,00,0,00,00000000,00000000,00000000,0,0000
995,00,0,00,00000000,00000000,00000000,0,0000
996,00,0,00,00000000,00000000,00000000,0,0000
997,00,0,01,11000100,00000000,11001111,0,1011
998,00,0,00,00000000,00000000,00000000,0,0000
999,00,0,00,00000000,00000000,00000000,0,0000
1000,00,0,00,00000000,00000000,00000000,0,0000
1001,00,0,00,00000000,00000000,00000000,0,0000
1002,00,0,00,00000000,00000000,00000000,0,0000
1003,00,0,00,00000000,00000000,00000000,0,0000
1004,00,0,00,00000000,00000000,00000000,0,0000
1005,00,0,01,11000101,00000000,11010001,0,1011
1006,00,0,00,00000000,00000000,00000000,0,0000
1007,00,0,00,00000000,00000000,00000000,0,0000
1008,00,0,00,00000000,00000000,00000000,0,0000
1009,00,0,00,00000000,00000000,00000000,0,0000
1010,00,0,00,00000000,00000000,00000000,0,0000
1011,00,0,00,00000000,00000000,00000000,0,0000
1012,00,0,00,00000000,00000000,00000000,0,0000
1013,00,0,01,11000110,00000000,11010011,0,1011
1014,00,0,00,00000000,00000000,00000000,0,0000
1015,00,0,00,00000000,00000000,00000000,0,0000
1016,00,0,00,00000000,00000000,00000000,0,0000
1017,00,0,00,00000000,00000000,00000000,0,0000
1018,00,0,00,00000000,00000000,00000000,0,0000
1019,00,0,00,00000000,00000000,00000000,0,0000
1020,01,0,10,10111000,10110001,10101000,0,0011
1021,00,0,01,11000111,00000000,11010101,0,1011
1022,01,0,10,10111001,10110001,10101010,0,0011
1023,00,0,00,00000000,00000000,00000000,0,0000
1024,01,0,10,10111010,10110001,10101100,0,0011
1025,00,0,00,00000000,00000000,00000000,0,0000
1026,01,0,10,10111011,10110001,10101110,0,0011
1027,00,0,00,00000000,00000000,00000000,0,0000
1028,01,0,10,10111101,10110001,10110010,0,0011
1029,00,0,01,11001000,00000000,11010111,0,1011
1030,01,0,10,10111100,10110001,10110000,0,0011
1031,00,0,00,00000000,00000000,00000000,0,0000
1032,01,0,10,10111110,10110001,10110100,0,0011
1033,00,0,00,00000000,00000000,00000000,0,0000
1034,01,0,10,10111111,10110001,10110110,0,0011
1035,00,0,00,00000000,00000000,00000000,0,0000
1036,01,0,10,10001000,01111010,10000000,0,0011
1037,00,0,01,11100000,00000000,11101001,0,1011
1038,01,0,10,10001010,01111010,10000001,0,0011
1039,00,0,00,00000000,00000000,00000000,0,0000
1040,01,0,10,10001110,01111010,10000011,0,0011
1041,00,0,00,00000000,00000000,00000000,0,0000
1042,01,0,10,10001100,01111010,10000010,0,0011
1043,00,0,00,00000000,00000000,00000000,0,0000
1044,01,0,10,10010000,01111010,10000100,0,0011
1045,00,0,01,11100001,00000000,11101011,0,1011
1046,01,0,10,10010010,01111010,10000101,0,0011
1047,00,0,01,10001011,00000000,10100000,0,1100
1048,01,0,10,10010100,01111010,10000110,0,0011
1049,00,0,01,10001100,00000000,10100001,0,1100
1050,01,0,10,10010110,01111010,10000111,0,0011
1051,00,0,01,10001101,00000000,10100010,0,1100
1052,00,0,01,10001110,00000000,10100011,0,1100
1053,00,0,01,11100010,00000000,11101101,0,1011
1054,00,0,01,10001111,00000000,10100100,0,1100
1055,00,0,01,10010000,00000000,10100101,0,1100
1056,00,0,01,10010001,00000000,10100110,0,1100
1057,00,0,01,10010010,00000000,10100111,0,1100
1058,00,0,00,00000000,00000000,00000000,0,0000
1059,00,0,00,00000000,00000000,00000000,0,0000
1060,00,0,00,00000000,00000000,00000000,0,0000
1061,00,0,01,11100011,00000000,11101111,0,1011
1062,00,0,00,00000000,00000000,00000000,0,0000
1063,00,0,00,00000000,00000000,00000000,0,0000
1064,00,0,00,00000000,00000000,00000000,0,0000
1065,00,0,00,00000000,00000000,00000000,0,0000
1066,00,0,00,00000000,00000000,00000000,0,0000
1067,00,0,00,00000000,00000000,00000000,0,0000
1068,00,0,00,00000000,00000000,00000000,0,0000
1069,00,0,01,11100100,00000000,11110001,0,1011
1070,00,0,00,00000000,00000000,00000000,0,0000
1071,00,0,00,00000000,00000000,00000000,0,0000
1072,00,0,00,00000000,00000000,00000000,0,0000
1073,00,0,00,00000000,00000000,00000000,0,0000
1074,00,0,00,00000000,00000000,00000000,0,0000
1075,00,0,00,00000000,00000000,00000000,0,0000
1076,00,0,00,00000000,00000000,00000000,0,0000
1077,00,0,01,11100101,00000000,11110011,0,1011
1078,00,0,00,00000000,00000000,00000000,0,0000
1079,00,0,00,00000000,00000000,00000000,0,0000
1080,00,0,00,00000000,00000000,00000000,0,0000
1081,00,0,00,00000000,00000000,00000000,0,0000
1082,00,0,00,00000000,00000000,00000000,0,0000
1083,00,0,00,00000000,00000000,00000000,0,0000
1084,01,0,10,11011000,11010000,11001000,0,0011
1085,00,0,01,11100110,00000000,11110101,0,1011
1086,01,0,10,11011001,11010000,11001010,0,0011
1087,00,0,00,00000000,00000000,00000000,0,0000
1088,01,0,10,11011010,11010000,11001100,0,0011
1089,00,0,00,00000000,00000000,00000000,0,0000
1090,01,0,10,11011011,11010000,11001110,0,0011
1091,00,0,00,00000000,00000000,00000000,0,0000
1092,01,0,10,11011101,11010000,11010010,0,0011
1093,00,0,01,11100111,00000000,11110111,0,1011
1094,01,0,10,11011100,11010000,11010000,0,0011
1095,00,0,00,00000000,00000000,00000000,0,0000
1096,01,0,10,11011110,11010000,11010100,0,0011
1097,00,0,00,00000000,00000000,00000000,0,0000
1098,01,0,10,11011111,11010000,11010110,0,0011
1099,00,0,00,00000000,00000000,00000000,0,0000
1100,01,0,10,10101000,10011001,10100000,0,0011
1101,00,0,01,11111111,00000000,00001001,0,1011
1102,01,0,10,10101010,10011001,10100001,0,0011
1103,00,0,00,00000000,00000000,00000000,0,0000
1104,01,0,10,10101110,10011001,10100011,0,0011
1105,00,0,00,00000000,00000000,00000000,0,0000
1106,01,0,10,10101100,10011001,10100010,0,0011
1107,00,0,00,00000000,00000000,00000000,0,0000
1108,01,0,10,10110000,10011001,10100100,0,0011
1109,00,0,01,00000000,00000000,00001011,0,1011
1110,01,0,10,10110010,10011001,10100101,0,0011
1111,00,0,01,10101010,00000000,11000000,0,1100
1112,01,0,10,10110100,10011001,10100110,0,0011
1113,00,0,01,10101011,00000000,11000001,0,1100
1114,01,0,10,10110110,10011001,10100111,0,0011
1115,00,0,01,10101100,00000000,11000010,0,1100
1116,00,0,01,10101101,00000000,11000011,0,1100
1117,00,0,01,00000001,00000000,00001101,0,1011
1118,00,0,01,10101110,00000000,11000100,0,1100
1119,00,0,01,10101111,00000000,11000101,0,1100
1120,00,0,01,10110000,00000000,11000110,0,1100
1121,00,0,01,10110001,00000000,11000111,0,1100
1122,00,0,00,00000000,00000000,00000000,0,0000
1123,00,0,00,00000000,00000000,00000000,0,0000
1124,00,0,00,00000000,00000000,00000000,0,0000
1125,00,0,01,00000010,00000000,00001111,0,1011
1126,00,0,00,00000000,00000000,00000000,0,0000
1127,00,0,00,00000000,00000000,00000000,0,0000
1128,00,0,00,00000000,00000000,00000000,0,0000
1129,00,0,00,00000000,00000000,00000000,0,0000
1130,00,0,00,00000000,00000000,00000000,0,0000
1131,00,0,00,00000000,00000000,00000000,0,0000
1132,00,0,00,00000000,00000000,00000000,0,0000
1133,00,0,01,00000011,00000000,00010001,0,1011
1134,00,0,00,00000000,00000000,00000000,0,0000
1135,00,0,00,00000000,00000000,00000000,0,0000
1136,00,0,00,00000000,00000000,00000000,0,0000
1137,00,0,00,00000000,00000000,00000000,0,0000
1138,00,0,00,00000000,00000000,00000000,0,0000
1139,00,0,00,00000000,00000000,00000000,0,0000
1140,00,0,00,00000000,00000000,00000000,0,0000
1141,00,0,01,00000100,00000000,00010011,0,1011
1142,00,0,00,00000000,00000000,00000000,0,0000
1143,00,0,00,00000000,00000000,00000000,0,0000
1144,00,0,00,00000000,00000000,00000000,0,0000
1145,00,0,00,00000000,00000000,00000000,0,0000
1146,00,0,00,00000000,00000000,00000000,0,0000
1147,00,0,00,00000000,00000000,00000000,0,0000
1148,01,0,10,11111000,11101111,11101000,0,0011
1149,00,0,01,00000101,00000000,00010101,0,1011
1150,01,0,10,11111001,11101111,11101010,0,0011
1151,00,0,00,00000000,00000000,00000000,0,0000
1152,01,0,10,11111010,11101111,11101100,0,0011
1153,00,0,00,00000000,00000000,00000000,0,0000
1154,01,0,10,11111011,11101111,11101110,0,0011
1155,00,0,00,00000000,00000000,00000000,0,0000
1156,01,0,10,11111101,11101111,11110010,0,0011
1157,00,0,01,00000110,00000000,00010111,0,1011
1158,01,0,10,11111100,11101111,11110000,0,0011
1159,00,0,00,00000000,00000000,00000000,0,0000
1160,01,0,10,11111110,11101111,11110100,0,0011
1161,00,0,00,00000000,00000000,00000000,0,0000
1162,01,0,10,11111111,11101111,11110110,0,0011
1163,00,0,00,00000000,00000000,00000000,0,0000
1164,01,0,10,11001000,10111000,11000000,0,0011
1165,00,0,01,00011110,00000000,00101001,0,1011
1166,01,0,10,11001010,10111000,11000001,0,0011
1167,00,0,00,00000000,00000000,00000000,0,0000
1168,01,0,10,11001110,10111000,11000011,0,0011
1169,00,0,00,00000000,00000000,00000000,0,0000
1170,01,0,10,11001100,10111000,11000010,0,0011
1171,00,0,00,00000000,00000000,00000000,0,0000
1172,01,0,10,11010000,10111000,11000100,0,0011
1173,00,0,01,00011111,00000000,00101011,0,1011
1174,01,0,10,11010010,10111000,11000101,0,0011
1175,00,0,01,11001001,00000000,11100000,0,1100
1176,01,0,10,11010100,10111000,11000110,0,0011
1177,00,0,01,11001010,00000000,11100001,0,1100
1178,01,0,10,11010110,10111000,11000111,0,0011
1179,00,0,01,11001011,00000000,11100010,0,1100
1180,00,0,01,11001100,00000000,11100011,0,1100
1181,00,0,01,00100000,00000000,00101101,0,1011
1182,00,0,01,11001101,00000000,11100100,0,1100
1183,00,0,01,11001110,00000000,11100101,0,1100
1184,00,0,01,11001111,00000000,11100110,0,1100
1185,00,0,01,11010000,00000000,11100111,0,1100
1186,00,0,00,00000000,00000000,00000000,0,0000
1187,00,0,00,00000000,00000000,00000000,0,0000
1188,00,0,00,00000000,00000000,00000000,0,0000
1189,00,0,01,00100001,00000000,00101111,0,1011
1190,00,0,00,00000000,00000000,00000000,0,0000
1191,00,0,00,00000000,00000000,00000000,0,0000
1192,00,0,00,00000000,00000000,00000000,0,0000
1193,00,0,00,00000000,00000000,00000000,0,0000
1194,00,0,00,00000000,00000000,00000000,0,0000
1195,00,0,00,00000000,00000000,00000000,0,0000
1196,00,0,00,00000000,00000000,00000000,0,0000
1197,00,0,01,00100010,00000000,00110001,0,1011
1198,00,0,00,00000000,00000000,00000000,0,0000
1199,00,0,00,00000000,00000000,00000000,0,0000
1200,00,0,00,00000000,00000000,00000000,0,0000
1201,00,0,00,00000000,00000000,00000000,0,0000
1202,00,0,00,00000000,00000000,00000000,0,0000
1203,00,0,00,00000000,00000000,00000000,0,0000
1204,00,0,00,00000000,00000000,00000000,0,0000
1205,00,0,01,00100011,00000000,00110011,0,1011
1206,00,0,00,00000000,00000000,00000000,0,0000
1207,00,0,00,00000000,00000000,00000000,0,0000
1208,00,0,00,00000000,00000000,00000000,0,0000
1209,00,0,00,00000000,00000000,00000000,0,0000
1210,00,0,00,00000000,00000000,00000000,0,0000
1211,00,0,00,00000000,00000000,00000000,0,0000
1212,01,0,10,00011000,00001110,00001000,0,0011
1213,00,0,01,00100100,00000000,00110101,0,1011
1214,01,0,10,00011001,00001110,00001010,0,0011
1215,00,0,00,00000000,00000000,00000000,0,0000
1216,01,0,10,00011010,00001110,00001100,0,0011
1217,00,0,00,00000000,00000000,00000000,0,0000
1218,01,0,10,00011011,00001110,00001110,0,0011
1219,00,0,00,00000000,00000000,00000000,0,0000
1220,01,0,10,00011101,00001110,00010010,0,0011
1221,00,0,01,00100101,00000000,00110111,0,1011
1222,01,0,10,00011100,00001110,00010000,0,0011
1223,00,0,00,00000000,00000000,00000000,0,0000
1224,01,0,10,00011110,00001110,00010100,0,0011
1225,00,0,00,00000000,00000000,00000000,0,0000
1226,01,0,10,00011111,00001110,00010110,0,0011
1227,00,0,00,00000000,00000000,00000000,0,0000
1228,01,0,10,11101000,11010111,11100000,0,0011
1229,00,0,01,00111101,00000000,01001001,0,1011
1230,01,0,10,11101010,11010111,11100001,0,0011
1231,00,0,00,00000000,00000000,00000000,0,0000
1232,01,0,10,11101110,11010111,11100011,0,0011
1233,00,0,00,00000000,00000000,00000000,0,0000
1234,01,0,10,11101100,11010111,11100010,0,0011
1235,00,0,00,00000000,00000000,00000000,0,0000
1236,01,0,10,11110000,11010111,11100100,0,0011
1237,00,0,01,00111110,00000000,01001011,0,1011
1238,01,0,10,11110010,11010111,11100101,0,0011
1239,00,0,01,11101000,00000000,00000000,0,1100
1240,01,0,10,11110100,11010111,11100110,0,0011
1241,00,0,01,11101001,00000000,00000001,0,1100
1242,01,0,10,11110110,11010111,11100111,0,0011
1243,00,0,01,11101010,00000000,00000010,0,1100
1244,00,0,01,11101011,00000000,00000011,0,1100
1245,00,0,01,00111111,00000000,01001101,0,1011
1246,00,0,01,11101100,00000000,00000100,0,1100
1247,00,0,01,11101101,00000000,00000101,0,1100
1248,00,0,01,11101110,00000000,00000110,0,1100
1249,00,0,01,11101111,00000000,00000111,0,1100
1250,00,0,00,00000000,00000000,00000000,0,0000
1251,00,0,00,00000000,00000000,00000000,0,0000
1252,00,0,00,00000000,00000000,00000000,0,0000
1253,00,0,01,01000000,00000000,01001111,0,1011
1254,00,0,00,00000000,00000000,00000000,0,0000
1255,00,0,00,00000000,00000000,00000000,0,0000
1256,00,0,00,00000000,00000000,00000000,0,0000
1257,00,0,00,00000000,00000000,00000000,0,0000
1258,00,0,00,00000000,00000000,00000000,0,0000
1259,00,0,00,00000000,00000000,00000000,0,0000
1260,00,0,00,00000000,00000000,00000000,0,0000
1261,00,0,01,01000001,00000000,01010001,0,1011
1262,00,0,00,00000000,00000000,00000000,0,0000
1263,00,0,00,00000000,00000000,00000000,0,0000
1264,00,0,00,00000000,00000000,00000000,0,0000
1265,00,0,00,00000000,00000000,00000000,0,0000
1266,00,0,00,00000000,00000000,00000000,0,0000
1267,00,0,00,00000000,00000000,00000000,0,0000
1268,00,0,00,00000000,00000000,00000000,0,0000
1269,00,0,01,01000010,00000000,01010011,0,1011
1270,00,0,00,00000000,00000000,00000000,0,0000
1271,00,0,00,00000000,00000000,00000000,0,0000
1272,00,0,00,00000000,00000000,00000000,0,0000
1273,00,0,00,00000000,00000000,00000000,0,0000
1274,00,0,00,00000000,00000000,00000000,0,0000
1275,00,0,00,00000000,00000000,00000000,0,0000
1276,01,0,10,00111000,00101101,00101000,0,0011
1277,00,0,01,01000011,00000000,01010101,0,1011
1278,01,0,10,00111001,00101101,00101010,0,0011
1279,00,0,00,00000000,00000000,00000000,0,0000
1280,01,0,10,00111010,00101101,00101100,0,0011
1281,00,0,00,00000000,00000000,00000000,0,0000
1282,01,0,10,00111011,00101101,00101110,0,0011
1283,00,0,00,00000000,00000000,00000000,0,0000
1284,01,0,10,00111101,00101101,00110010,0,0011
1285,00,0,01,01000100,00000000,01010111,0,1011
1286,01,0,10,00111100,00101101,00110000,0,0011
1287,00,0,00,00000000,00000000,00000000,0,0000
1288,01,0,10,00111110,00101101,00110100,0,0011
1289,00,0,00,00000000,00000000,00000000,0,0000
1290,01,0,10,00111111,00101101,00110110,0,0011
1291,00,0,00,00000000,00000000,00000000,0,0000
1292,01,0,10,00001000,11110110,00000000,0,0011
1293,00,0,01,01011100,00000000,01101001,0,1011
1294,01,0,10,00001010,11110110,00000001,0,0011
1295,00,0,00,00000000,00000000,00000000,0,0000
1296,01,0,10,00001110,11110110,00000011,0,0011
1297,00,0,00,00000000,00000000,00000000,0,0000
1298,01,0,10,00001100,11110110,00000010,0,0011
1299,00,0,00,00000000,00000000,00000000,0,0000
1300,01,0,10,00010000,11110110,00000100,0,0011
1301,00,0,01,01011101,00000000,01101011,0,1011
1302,01,0,10,00010010,11110110,00000101,0,0011
1303,00,0,01,00000111,00000000,00100000,0,1100
1304,01,0,10,00010100,11110110,00000110,0,0011
1305,00,0,01,00001000,00000000,00100001,0,1100
1306,01,0,10,00010110,11110110,00000111,0,0011
1307,00,0,01,00001001,00000000,00100010,0,1100
1308,00,0,01,00001010,00000000,00100011,0,1100
1309,00,0,01,01011110,00000000,01101101,0,1011
1310,00,0,01,00001011,00000000,00100100,0,1100
1311,00,0,01,00001100,00000000,00100101,0,1100
1312,00,0,01,00001101,00000000,00100110,0,1100
1313,00,0,01,00001110,00000000,00100111,0,1100
1314,00,0,00,00000000,00000000,00000000,0,0000
1315,00,0,00,00000000,00000000,00000000,0,0000
1316,00,0,00,00000000,00000000,00000000,0,0000
1317,00,0,01,01011111,00000000,01101111,0,1011
1318,00,0,00,00000000,00000000,00000000,0,0000
1319,00,0,00,00000000,00000000,00000000,0,0000
1320,00,0,00,00000000,00000000,00000000,0,0000
1321,00,0,00,00000000,00000000,00000000,0,0000
1322,00,0,00,00000000,00000000,00000000,0,0000
1323,00,0,00,00000000,00000000,00000000,0,0000
1324,00,0,00,00000000,00000000,00000000,0,0000
1325,00,0,01,01100000,00000000,01110001,0,1011
1326,00,0,00,00000000,00000000,00000000,0,0000
1327,00,0,00,00000000,00000000,00000000,0,0000
1328,00,0,00,00000000,00000000,00000000,0,0000
1329,00,0,00,00000000,00000000,00000000,0,0000
1330,00,0,00,00000000,00000000,00000000,0,0000
1331,00,0,00,00000000,00000000,00000000,0,0000
1332,00,0,00,00000000,00000000,00000000,0,0000
1333,00,0,01,01100001,00000000,01110011,0,1011
1334,00,0,00,00000000,00000000,00000000,0,0000
1335,00,0,00,00000000,00000000,00000000,0,0000
1336,00,0,00,00000000,00000000,00000000,0,0000
1337,00,0,00,00000000,00000000,00000000,0,0000
1338,00,0,00,00000000,00000000,00000000,0,0000
1339,00,0,00,00000000,00000000,00000000,0,0000
1340,01,0,10,01011000,01001100,01001000,0,0011
1341,00,0,01,01100010,00000000,01110101,0,1011
1342,01,0,10,01011001,01001100,01001010,0,0011
1343,00,0,00,00000000,00000000,00000000,0,0000
1344,01,0,10,01011010,01001100,01001100,0,0011
1345,00,0,00,00000000,00000000,00000000,0,0000
1346,01,0,10,01011011,01001100,01001110,0,0011
1347,00,0,00,00000000,00000000,00000000,0,0000
1348,01,0,10,01011101,01001100,01010010,0,0011
1349,00,0,01,01100011,00000000,01110111,0,1011
1350,01,0,10,01011100,01001100,01010000,0,0011
1351,00,0,00,00000000,00000000,00000000,0,0000
1352,01,0,10,01011110,01001100,01010100,0,0011
1353,00,0,00,00000000,00000000,00000000,0,0000
1354,01,0,10,01011111,01001100,01010110,0,0011
1355,00,0,00,00000000,00000000,00000000,0,0000
1356,01,0,10,00101000,00010101,00100000,0,0011
1357,00,0,01,01111011,00000000,10001001,0,1011
1358,01,0,10,00101010,00010101,00100001,0,0011
1359,00,0,00,00000000,00000000,00000000,0,0000
1360,01,0,10,00101110,00010101,00100011,0,0011
1361,00,0,00,00000000,00000000,00000000,0,0000
1362,01,0,10,00101100,00010101,00100010,0,0011
1363,00,0,00,00000000,00000000,00000000,0,0000
1364,01,0,10,00110000,00010101,00100100,0,0011
1365,00,0,01,01111100,00000000,10001011,0,1011
1366,01,0,10,00110010,00010101,00100101,0,0011
1367,00,0,01,00100110,00000000,01000000,0,1100
1368,01,0,10,00110100,00010101,00100110,0,0011
1369,00,0,01,00100111,00000000,01000001,0,1100
1370,01,0,10,00110110,00010101,00100111,0,0011
1371,00,0,01,00101000,00000000,01000010,0,1100
1372,00,0,01,00101001,00000000,01000011,0,1100
1373,00,0,01,01111101,00000000,10001101,0,1011
1374,00,0,01,00101010,00000000,01000100,0,1100
1375,00,0,01,00101011,00000000,01000101,0,1100
1376,00,0,01,00101100,00000000,01000110,0,1100
1377,00,0,01,00101101,00000000,01000111,0,1100
1378,00,0,00,00000000,00000000,00000000,0,0000
1379,00,0,00,00000000,00000000,00000000,0,0000
1380,00,0,00,00000000,00000000,00000000,0,0000
1381,00,0,01,01111110,00000000,10001111,0,1011
1382,00,0,00,00000000,00000000,00000000,0,0000
1383,00,0,00,00000000,00000000,00000000,0,0000
1384,00,0,00,00000000,00000000,00000000,0,0000
1385,00,0,00,00000000,00000000,00000000,0,0000
1386,00,0,00,00000000,00000000,00000000,0,0000
1387,00,0,00,00000000,00000000,00000000,0,0000
1388,00,0,00,00000000,00000000,00000000,0,0000
1389,00,0,01,01111111,00000000,10010001,0,1011
1390,00,0,00,00000000,00000000,00000000,0,0000
1391,00,0,00,00000000,00000000,00000000,0,0000
1392,00,0,00,00000000,00000000,00000000,0,0000
1393,00,0,00,00000000,00000000,00000000,0,0000
1394,00,0,00,00000000,00000000,00000000,0,0000
1395,00,0,00,00000000,00000000,00000000,0,0000
1396,00,0,00,00000000,00000000,00000000,0,0000
1397,00,0,01,10000000,00000000,10010011,0,1011
1398,00,0,00,00000000,00000000,00000000,0,0000
1399,00,0,00,00000000,00000000,00000000,0,0000
1400,00,0,00,00000000,00000000,00000000,0,0000
1401,00,0,00,00000000,00000000,00000000,0,0000
1402,00,0,00,00000000,00000000,00000000,0,0000
1403,00,0,00,00000000,00000000,00000000,0,0000
1404,01,0,10,01111000,01101011,01101000,0,0011
1405,00,0,01,10000001,00000000,10010101,0,1011
1406,01,0,10,01111001,01101011,01101010,0,0011
1407,00,0,00,00000000,00000000,00000000,0,0000
1408,01,0,10,01111010,01101011,01101100,0,0011
1409,00,0,00,00000000,00000000,00000000,0,0000
1410,01,0,10,01111011,01101011,01101110,0,0011
1411,00,0,00,00000000,00000000,00000000,0,0000
1412,01,0,10,01111101,01101011,01110010,0,0011
1413,00,0,01,10000010,00000000,10010111,0,1011
1414,01,0,10,01111100,01101011,01110000,0,0011
1415,00,0,00,00000000,00000000,00000000,0,0000
1416,01,0,10,01111110,01101011,01110100,0,0011
1417,00,0,00,00000000,00000000,00000000,0,0000
1418,01,0,10,01111111,01101011,01110110,0,0011
1419,00,0,00,00000000,00000000,00000000,0,0000
1420,01,0,10,01001000,00110100,01000000,0,0011
1421,00,0,01,10011010,00000000,10101001,0,1011
1422,01,0,10,01001010,00110100,01000001,0,0011
1423,00,0,00,00000000,00000000,00000000,0,0000
1424,01,0,10,01001110,00110100,01000011,0,0011
1425,00,0,00,00000000,00000000,00000000,0,0000
1426,01,0,10,01001100,00110100,01000010,0,0011
1427,00,0,00,00000000,00000000,00000000,0,0000
1428,01,0,10,01010000,00110100,01000100,0,0011
1429,00,0,01,10011011,00000000,10101011,0,1011
1430,01,0,10,01010010,00110100,01000101,0,0011
1431,00,0,01,01000101,00000000,01100000,0,1100
1432,01,0,10,01010100,00110100,01000110,0,0011
1433,00,0,01,01000110,00000000,01100001,0,1100
1434,01,0,10,01010110,00110100,01000111,0,0011
1435,00,0,01,01000111,00000000,01100010,0,1100
1436,00,0,01,01001000,00000000,01100011,0,1100
1437,00,0,01,10011100,00000000,10101101,0,1011
1438,00,0,01,01001001,00000000,01100100,0,1100
1439,00,0,01,01001010,00000000,01100101,0,1100
1440,00,0,01,01001011,00000000,01100110,0,1100
1441,00,0,01,01001100,00000000,01100111,0,1100
1442,00,0,00,00000000,00000000,00000000,0,0000
1443,00,0,00,00000000,00000000,00000000,0,0000
1444,00,0,00,00000000,00000000,00000000,0,0000
1445,00,0,01,10011101,00000000,10101111,0,1011
1446,00,0,00,00000000,00000000,00000000,0,0000
1447,00,0,00,00000000,00000000,00000000,0,0000
1448,00,0,00,00000000,00000000,00000000,0,0000
1449,00,0,00,00000000,00000000,00000000,0,0000
1450,00,0,00,00000000,00000000,00000000,0,0000
1451,00,0,00,00000000,00000000,00000000,0,0000
1452,00,0,00,00000000,00000000,00000000,0,0000
1453,00,0,01,10011110,00000000,10110001,0,1011
1454,00,0,00,00000000,00000000,00000000,0,0000
1455,00,0,00,00000000,00000000,00000000,0,0000
1456,00,0,00,00000000,00000000,00000000,0,0000
1457,00,0,00,00000000,00000000,00000000,0,0000
1458,00,0,00,00000000,00000000,00000000,0,0000
1459,00,0,00,00000000,00000000,00000000,0,0000
1460,00,0,00,00000000,00000000,00000000,0,0000
1461,00,0,01,10011111,00000000,10110011,0,1011
1462,00,0,00,00000000,00000000,00000000,0,0000
1463,00,0,00,00000000,00000000,00000000,0,0000
1464,00,0,00,00000000,00000000,00000000,0,0000
1465,00,0,00,00000000,00000000,00000000,0,0000
1466,00,0,00,00000000,00000000,00000000,0,0000
1467,00,0,00,00000000,00000000,00000000,0,0000
1468,01,0,10,10011000,10001010,10001000,0,0011
1469,00,0,01,10100000,00000000,10110101,0,1011
1470,01,0,10,10011001,10001010,10001010,0,0011
1471,00,0,00,00000000,00000000,00000000,0,0000
1472,01,0,10,10011010,10001010,10001100,0,0011
1473,00,0,00,00000000,00000000,00000000,0,0000
1474,01,0,10,10011011,10001010,10001110,0,0011
1475,00,0,00,00000000,00000000,00000000,0,0000
1476,01,0,10,10011101,10001010,10010010,0,0011
1477,00,0,01,10100001,00000000,10110111,0,1011
1478,01,0,10,10011100,10001010,10010000,0,0011
1479,00,0,00,00000000,00000000,00000000,0,0000
1480,01,0,10,10011110,10001010,10010100,0,0011
1481,00,0,00,00000000,00000000,00000000,0,0000
1482,01,0,10,10011111,10001010,10010110,0,0011
1483,00,0,00,00000000,00000000,00000000,0,0000
1484,01,0,10,01101000,01010011,01100000,0,0011
1485,00,0,01,10111001,00000000,11001001,0,1011
1486,01,0,10,01101010,01010011,01100001,0,0011
1487,00,0,00,00000000,00000000,00000000,0,0000
1488,01,0,10,01101110,01010011,01100011,0,0011
1489,00,0,00,00000000,00000000,00000000,0,0000
1490,01,0,10,01101100,01010011,01100010,0,0011
1491,00,0,00,00000000,00000000,00000000,0,0000
1492,01,0,10,01110000,01010011,01100100,0,0011
1493,00,0,01,10111010,00000000,11001011,0,1011
1494,01,0,10,01110010,01010011,01100101,0,0011
1495,00,0,01,01100100,00000000,10000000,0,1100
1496,01,0,10,01110100,01010011,01100110,0,0011
1497,00,0,01,01100101,00000000,10000001,0,1100
1498,01,0,10,01110110,01010011,01100111,0,0011
1499,00,0,01,01100110,00000000,10000010,0,1100
1500,00,0,01,01100111,00000000,10000011,0,1100
1501,00,0,01,10111011,00000000,11001101,0,1011
1502,00,0,01,01101000,00000000,10000100,0,1100
1503,00,0,01,01101001,00000000,10000101,0,1100
1504,00,0,01,01101010,00000000,10000110,0,1100
1505,00,0,01,01101011,00000000,10000111,0,1100
1506,00,0,00,00000000,00000000,00000000,0,0000
1507,00,0,00,00000000,00000000,00000000,0,0000
1508,00,0,00,00000000,00000000,00000000,0,0000
1509,00,0,01,10111100,00000000,11001111,0,1011
1510,00,0,00,00000000,00000000,00000000,0,0000
1511,00,0,00,00000000,00000000,00000000,0,0000
1512,00,0,00,00000000,00000000,00000000,0,0000
1513,00,0,00,00000000,00000000,00000000,0,0000
1514,00,0,00,00000000,00000000,00000000,0,0000
1515,00,0,00,00000000,00000000,00000000,0,0000
1516,00,0,00,00000000,00000000,00000000,0,0000
1517,00,0,01,10111101,00000000,11010001,0,1011
1518,00,0,00,00000000,00000000,00000000,0,0000
1519,00,0,00,00000000,00000000,00000000,0,0000
1520,00,0,00,00000000,00000000,00000000,0,0000
1521,00,0,00,00000000,00000000,00000000,0,0000
1522,00,0,00,00000000,00000000,00000000,0,0000
1523,00,0,00,00000000,00000000,00000000,0,0000
1524,00,0,00,00000000,00000000,00000000,0,0000
1525,00,0,01,10111110,00000000,11010011,0,1011
1526,00,0,00,00000000,00000000,00000000,0,0000
1527,00,0,00,00000000,00000000,00000000,0,0000
1528,00,0,00,00000000,00000000,00000000,0,0000
1529,00,0,00,00000000,00000000,00000000,0,0000
1530,00,0,00,00000000,00000000,00000000,0,0000
1531,00,0,00,00000000,00000000,00000000,0,0000
1532,01,0,10,10111000,10101001,10101000,0,0011
1533,00,0,01,10111111,00000000,11010101,0,1011
1534,01,0,10,10111001,10101001,10101010,0,0011
1535,00,0,00,00000000,00000000,00000000,0,0000
1536,01,0,10,10111010,10101001,10101100,0,0011
1537,00,0,00,00000000,00000000,00000000,0,0000
1538,01,0,10,10111011,10101001,10101110,0,0011
1539,00,0,00,00000000,00000000,00000000,0,0000
1540,01,0,10,10111101,10101001,10110010,0,0011
1541,00,0,01,11000000,00000000,11010111,0,1011
1542,01,0,10,10111100,10101001,10110000,0,0011
1543,00,0,00,00000000,00000000,00000000,0,0000
1544,01,0,10,10111110,10101001,10110100,0,0011
1545,00,0,00,00000000,00000000,00000000,0,0000
1546,01,0,10,10111111,10101001,10110110,0,0011
1547,00,0,00,00000000,00000000,00000000,0,0000
1548,01,0,10,10001000,01110010,10000000,0,0011
1549,00,0,01,11011000,00000000,11101001,0,1011
1550,01,0,10,10001010,01110010,10000001,0,0011
1551,00,0,00,00000000,00000000,00000000,0,0000
1552,01,0,10,10001110,01110010,10000011,0,0011
1553,00,0,00,00000000,00000000,00000000,0,0000
1554,01,0,10,10001100,01110010,10000010,0,0011
1555,00,0,00,00000000,00000000,00000000,0,0000
1556,01,0,10,10010000,01110010,10000100,0,0011
1557,00,0,01,11011001,00000000,11101011,0,1011
1558,01,0,10,10010010,01110010,10000101,0,0011
1559,00,0,01,10000011,00000000,10100000,0,1100
1560,01,0,10,10010100,01110010,10000110,0,0011
1561,00,0,01,10000100,00000000,10100001,0,1100
1562,01,0,10,10010110,01110010,10000111,0,0011
1563,00,0,01,10000101,00000000,10100010,0,1100
1564,00,0,01,10000110,00000000,10100011,0,1100
1565,00,0,01,11011010,00000000,11101101,0,1011
1566,00,0,01,10000111,00000000,10100100,0,1100
1567,00,0,01,10001000,00000000,10100101,0,1100
1568,00,0,01,10001001,00000000,10100110,0,1100
1569,00,0,01,10001010,00000000,10100111,0,1100
1570,00,0,00,00000000,00000000,00000000,0,0000
1571,00,0,00,00000000,00000000,00000000,0,0000
1572,00,0,00,00000000,00000000,00000000,0,0000
1573,00,0,01,11011011,00000000,11101111,0,1011
1574,00,0,00,00000000,00000000,00000000,0,0000
1575,00,0,00,00000000,00000000,00000000,0,0000
1576,00,0,00,00000000,00000000,00000000,0,0000
1577,00,0,00,00000000,00000000,00000000,0,0000
1578,00,0,00,00000000,00000000,00000000,0,0000
1579,00,0,00,00000000,00000000,00000000,0,0000
1580,00,0,00,00000000,00000000,00000000,0,0000
1581,00,0,01,11011100,00000000,11110001,0,1011
1582,00,0,00,00000000,00000000,00000000,0,0000
1583,00,0,00,00000000,00000000,00000000,0,0000
1584,00,0,00,00000000,00000000,00000000,0,0000
1585,00,0,00,00000000,00000000,00000000,0,0000
1586,00,0,00,00000000,00000000,00000000,0,0000
1587,00,0,00,00000000,00000000,00000000,0,0000
1588,00,0,00,00000000,00000000,00000000,0,0000
1589,00,0,01,11011101,00000000,11110011,0,1011
1590,00,0,00,00000000,00000000,00000000,0,0000
1591,00,0,00,00000000,00000000,00000000,0,0000
1592,00,0,00,00000000,00000000,00000000,0,0000
1593,00,0,00,00000000,00000000,00000000,0,0000
1594,00,0,00,00000000,00000000,00000000,0,0000
1595,00,0,00,00000000,00000000,00000000,0,0000
1596,01,0,10,11011000,11001000,11001000,0,0011
1597,00,0,01,11011110,00000000,11110101,0,1011
1598,01,0,10,11011001,11001000,11001010,0,0011
1599,00,0,00,00000000,00000000,00000000,0,0000
1600,01,0,10,11011010,11001000,11001100,0,0011
1601,00,0,00,00000000,00000000,00000000,0,0000
1602,01,0,10,11011011,11001000,11001110,0,0011
1603,00,0,00,00000000,00000000,00000000,0,0000
1604,01,0,10,11011101,11001000,11010010,0,0011
1605,00,0,01,11011111,00000000,11110111,0,1011
1606,01,0,10,11011100,11001000,11010000,0,0011
1607,00,0,00,00000000,00000000,00000000,0,0000
1608,01,0,10,11011110,11001000,11010100,0,0011
1609,00,0,00,00000000,00000000,00000000,0,0000
1610,01,0,10,11011111,11001000,11010110,0,0011
1611,00,0,00,00000000,00000000,00000000,0,0000
1612,01,0,10,10101000,10010001,10100000,0,0011
1613,00,0,01,11110111,00000000,00001001,0,1011
1614,01,0,10,10101010,10010001,10100001,0,0011
1615,00,0,00,00000000,00000000,00000000,0,0000
1616,01,0,10,10101110,10010001,10100011,0,0011
1617,00,0,00,00000000,00000000,00000000,0,0000
1618,01,0,10,10101100,10010001,10100010,0,0011
1619,00,0,00,00000000,00000000,00000000,0,0000
1620,01,0,10,10110000,10010001,10100100,0,0011
1621,00,0,01,11111000,00000000,00001011,0,1011
1622,01,0,10,10110010,10010001,10100101,0,0011
1623,00,0,01,10100010,00000000,11000000,0,1100
1624,01,0,10,10110100,10010001,10100110,0,0011
1625,00,0,01,10100011,00000000,11000001,0,1100
1626,01,0,10,10110110,10010001,10100111,0,0011
1627,00,0,01,10100100,00000000,11000010,0,1100
1628,00,0,01,10100101,00000000,11000011,0,1100
1629,00,0,01,11111001,00000000,00001101,0,1011
1630,00,0,01,10100110,00000000,11000100,0,1100
1631,00,0,01,10100111,00000000,11000101,0,1100
1632,00,0,01,10101000,00000000,11000110,0,1100
1633,00,0,01,10101001,00000000,11000111,0,1100
1634,00,0,00,00000000,00000000,00000000,0,0000
1635,00,0,00,00000000,00000000,00000000,0,0000
1636,00,0,00,00000000,00000000,00000000,0,0000
1637,00,0,01,11111010,00000000,00001111,0,1011
1638,00,0,00,00000000,00000000,00000000,0,0000
1639,00,0,00,00000000,00000000,00000000,0,0000
1640,00,0,00,00000000,00000000,00000000,0,0000
1641,00,0,00,00000000,00000000,00000000,0,0000
1642,00,0,00,00000000,00000000,00000000,0,0000
1643,00,0,00,00000000,00000000,00000000,0,0000
1644,00,0,00,00000000,00000000,00000000,0,0000
1645,00,0,01,11111011,00000000,00010001,0,1011
1646,00,0,00,00000000,00000000,00000000,0,0000
1647,00,0,00,00000000,00000000,00000000,0,0000
1648,00,0,00,00000000,00000000,00000000,0,0000
1649,00,0,00,00000000,00000000,00000000,0,0000
1650,00,0,00,00000000,00000000,00000000,0,0000
1651,00,0,00,00000000,00000000,00000000,0,0000
1652,00,0,00,00000000,00000000,00000000,0,0000
1653,00,0,01,11111100,00000000,00010011,0,1011
1654,00,0,00,00000000,00000000,00000000,0,0000
1655,00,0,00,00000000,00000000,00000000,0,0000
1656,00,0,00,00000000,00000000,00000000,0,0000
1657,00,0,00,00000000,00000000,00000000,0,0000
1658,00,0,00,00000000,00000000,00000000,0,0000
1659,00,0,00,00000000,00000000,00000000,0,0000
1660,01,0,10,11111000,11100111,11101000,0,0011
1661,00,0,01,11111101,00000000,00010101,0,1011
1662,01,0,10,11111001,11100111,11101010,0,0011
1663,00,0,00,00000000,00000000,00000000,0,0000
1664,01,0,10,11111010,11100111,11101100,0,0011
1665,00,0,00,00000000,00000000,00000000,0,0000
1666,01,0,10,11111011,11100111,11101110,0,0011
1667,00,0,00,00000000,00000000,00000000,0,0000
1668,01,0,10,11111101,11100111,11110010,0,0011
1669,00,0,01,11111110,00000000,00010111,0,1011
1670,01,0,10,11111100,11100111,11110000,0,0011
1671,00,0,00,00000000,00000000,00000000,0,0000
1672,01,0,10,11111110,11100111,11110100,0,0011
1673,00,0,00,00000000,00000000,00000000,0,0000
1674,01,0,10,11111111,11100111,11110110,0,0011
1675,00,0,00,00000000,00000000,00000000,0,0000
1676,01,0,10,11001000,10110000,11000000,0,0011
1677,00,0,01,00010110,00000000,00101001,0,1011
1678,01,0,10,11001010,10110000,11000001,0,0011
1679,00,0,00,00000000,00000000,00000000,0,0000
1680,01,0,10,11001110,10110000,11000011,0,0011
1681,00,0,00,00000000,00000000,00000000,0,0000
1682,01,0,10,11001100,10110000,11000010,0,0011
1683,00,0,00,00000000,00000000,00000000,0,0000
1684,01,0,10,11010000,10110000,11000100,0,0011
1685,00,0,01,00010111,00000000,00101011,0,1011
1686,01,0,10,11010010,10110000,11000101,0,0011
1687,00,0,01,11000001,00000000,11100000,0,1100
1688,01,0,10,11010100,10110000,11000110,0,0011
1689,00,0,01,11000010,00000000,11100001,0,1100
1690,01,0,10,11010110,10110000,11000111,0,0011
1691,00,0,01,11000011,00000000,11100010,0,1100
1692,00,0,01,11000100,00000000,11100011,0,1100
1693,00,0,01,00011000,00000000,00101101,0,1011
1694,00,0,01,11000101,00000000,11100100,0,1100
1695,00,0,01,11000110,00000000,11100101,0,1100
1696,00,0,01,11000111,00000000,11100110,0,1100
1697,00,0,01,11001000,00000000,11100111,0,1100
1698,00,0,00,00000000,00000000,00000000,0,0000
1699,00,0,00,00000000,00000000,00000000,0,0000
1700,00,0,00,00000000,00000000,00000000,0,0000
1701,00,0,01,00011001,00000000,00101111,0,1011
1702,00,0,00,00000000,00000000,00000000,0,0000
1703,00,0,00,00000000,00000000,00000000,0,0000
1704,00,0,00,00000000,00000000,00000000,0,0000
1705,00,0,00,00000000,00000000,00000000,0,0000
1706,00,0,00,00000000,00000000,00000000,0,0000
1707,00,0,00,00000000,00000000,00000000,0,0000
1708,00,0,00,00000000,00000000,00000000,0,0000
1709,00,0,01,00011010,00000000,00110001,0,1011
1710,00,0,00,00000000,00000000,00000000,0,0000
1711,00,0,00,00000000,00000000,00000000,0,0000
1712,00,0,00,00000000,00000000,00000000,0,0000
1713,00,0,00,00000000,00000000,00000000,0,0000
1714,00,0,00,00000000,00000000,00000000,0,0000
1715,00,0,00,00000000,00000000,00000000,0,0000
1716,00,0,00,00000000,00000000,00000000,0,0000
1717,00,0,01,00011011,00000000,00110011,0,1011
1718,00,0,00,00000000,00000000,00000000,0,0000
1719,00,0,00,00000000,00000000,00000000,0,0000
1720,00,0,00,00000000,00000000,00000000,0,0000
1721,00,0,00,00000000,00000000,00000000,0,0000
1722,00,0,00,00000000,00000000,00000000,0,0000
1723,00,0,00,00000000,00000000,00000000,0,0000
1724,01,0,10,00011000,00000110,00001000,0,0011
1725,00,0,01,00011100,00000000,00110101,0,1011
1726,01,0,10,00011001,00000110,00001010,0,0011
1727,00,0,00,00000000,00000000,00000000,0,0000
1728,01,0,10,00011010,00000110,00001100,0,0011
1729,00,0,00,00000000,00000000,00000000,0,0000
1730,01,0,10,00011011,00000110,00001110,0,0011
1731,00,0,00,00000000,00000000,00000000,0,0000
1732,01,0,10,00011101,00000110,00010010,0,0011
1733,00,0,01,00011101,00000000,00110111,0,1011
1734,01,0,10,00011100,00000110,00010000,0,0011
1735,00,0,00,00000000,00000000,00000000,0,0000
1736,01,0,10,00011110,00000110,00010100,0,0011
1737,00,0,00,00000000,00000000,00000000,0,0000
1738,01,0,10,00011111,00000110,00010110,0,0011
1739,00,0,00,00000000,00000000,00000000,0,0000
1740,01,0,10,11101000,11001111,11100000,0,0011
1741,00,0,01,00110101,00000000,01001001,0,1011
1742,01,0,10,11101010,11001111,11100001,0,0011
1743,00,0,00,00000000,00000000,00000000,0,0000
1744,01,0,10,11101110,11001111,11100011,0,0011
1745,00,0,00,00000000,00000000,00000000,0,0000
1746,01,0,10,11101100,11001111,11100010,0,0011
1747,00,0,00,00000000,00000000,00000000,0,0000
1748,01,0,10,11110000,11001111,11100100,0,0011
1749,00,0,01,00110110,00000000,01001011,0,1011
1750,01,0,10,11110010,11001111,11100101,0,0011
1751,00,0,00,00000000,00000000,00000000,0,0000
1752,01,0,10,11110100,11001111,11100110,0,0011
1753,00,0,00,00000000,00000000,00000000,0,0000
1754,01,0,10,11110110,11001111,11100111,0,0011
1755,00,0,00,00000000,00000000,00000000,0,0000
1756,00,0,00,00000000,00000000,00000000,0,0000
1757,00,0,01,00110111,00000000,01001101,0,1011
1758,00,0,00,00000000,00000000,00000000,0,0000
1759,00,0,00,00000000,00000000,00000000,0,0000
1760,00,0,00,00000000,00000000,00000000,0,0000
1761,00,0,00,00000000,00000000,00000000,0,0000
1762,00,0,00,00000000,00000000,00000000,0,0000
1763,00,0,00,00000000,00000000,00000000,0,0000
1764,00,0,00,00000000,00000000,00000000,0,0000
1765,00,0,01,00111000,00000000,01001111,0,1011
1766,00,0,00,00000000,00000000,00000000,0,0000
1767,00,0,00,00000000,00000000,00000000,0,0000
1768,00,0,00,00000000,00000000,00000000,0,0000
1769,00,0,00,00000000,00000000,00000000,0,0000
1770,00,0,00,00000000,00000000,00000000,0,0000
1771,00,0,00,00000000,00000000,00000000,0,0000
1772,00,0,00,00000000,00000000,00000000,0,0000
1773,00,0,01,00111001,00000000,01010001,0,1011
1774,00,0,00,00000000,00000000,00000000,0,0000
1775,00,0,00,00000000,00000000,00000000,0,0000
1776,00,0,00,00000000,00000000,00000000,0,0000
1777,00,0,00,00000000,00000000,00000000,0,0000
1778,00,0,00,00000000,00000000,00000000,0,0000
1779,00,0,00,00000000,00000000,00000000,0,0000
1780,00,0,00,00000000,00000000,00000000,0,0000
1781,00,0,01,00111010,00000000,01010011,0,1011
1782,00,0,00,00000000,00000000,00000000,0,0000
1783,00,0,00,00000000,00000000,00000000,0,0000
1784,00,0,00,00000000,00000000,00000000,0,0000
1785,00,0,00,00000000,00000000,00000000,0,0000
1786,00,0,00,00000000,00000000,00000000,0,0000
1787,00,0,00,00000000,00000000,00000000,0,0000
1788,01,0,10,00111000,00100101,00101000,0,0011
1789,00,0,01,00111011,00000000,01010101,0,1011
1790,01,0,10,00111001,00100101,00101010,0,0011
1791,00,0,00,00000000,00000000,00000000,0,0000
1792,01,0,10,00111010,00100101,00101100,0,0011
1793,00,0,00,00000000,00000000,00000000,0,0000
1794,01,0,10,00111011,00100101,00101110,0,0011
1795,00,0,00,00000000,00000000,00000000,0,0000
1796,01,0,10,00111101,00100101,00110010,0,0011
1797,00,0,01,00111100,00000000,01010111,0,1011
1798,01,0,10,00111100,00100101,00110000,0,0011
1799,00,0,00,00000000,00000000,00000000,0,0000
1800,01,0,10,00111110,00100101,00110100,0,0011
1801,00,0,00,00000000,00000000,00000000,0,0000
1802,01,0,10,00111111,00100101,00110110,0,0011
1803,00,0,00,00000000,00000000,00000000,0,0000
1804,00,0,00,00000000,00000000,00000000,0,0000
1805,00,0,01,01010100,00000000,01101001,0,1011
1806,00,0,00,00000000,00000000,00000000,0,0000
1807,00,0,00,00000000,00000000,00000000,0,0000
1808,00,0,00,00000000,00000000,00000000,0,0000
1809,00,0,00,00000000,00000000,00000000,0,0000
1810,00,0,00,00000000,00000000,00000000,0,0000
1811,00,0,00,00000000,00000000,00000000,0,0000
1812,00,0,00,00000000,00000000,00000000,0,0000
1813,00,0,01,01010101,00000000,01101011,0,1011
1814,00,0,00,00000000,00000000,00000000,0,0000
1815,00,0,00,00000000,00000000,00000000,0,0000
1816,00,0,00,00000000,00000000,00000000,0,0000
1817,00,0,00,00000000,00000000,00000000,0,0000
1818,00,0,00,00000000,00000000,00000000,0,0000
1819,00,0,00,00000000,00000000,00000000,0,0000
1820,00,0,00,00000000,00000000,00000000,0,0000
1821,00,0,01,01010110,00000000,01101101,0,1011
1822,00,0,00,00000000,00000000,00000000,0,0000
1823,00,0,00,00000000,00000000,00000000,0,0000
1824,00,0,00,00000000,00000000,00000000,0,0000
1825,00,0,00,00000000,00000000,00000000,0,0000
1826,00,0,00,00000000,00000000,00000000,0,0000
1827,00,0,00,00000000,00000000,00000000,0,0000
1828,00,0,00,00000000,00000000,00000000,0,0000
1829,00,0,01,01010111,00000000,01101111,0,1011
1830,00,0,00,00000000,00000000,00000000,0,0000
1831,00,0,00,00000000,00000000,00000000,0,0000
1832,00,0,00,00000000,00000000,00000000,0,0000
1833,00,0,00,00000000,00000000,00000000,0,0000
1834,00,0,00,00000000,00000000,00000000,0,0000
1835,00,0,00,00000000,00000000,00000000,0,0000
1836,00,0,00,00000000,00000000,00000000,0,0000
1837,00,0,01,01011000,00000000,01110001,0,1011
1838,00,0,00,00000000,00000000,00000000,0,0000
1839,00,0,00,00000000,00000000,00000000,0,0000
1840,00,0,00,00000000,00000000,00000000,0,0000
1841,00,0,00,00000000,00000000,00000000,0,0000
1842,00,0,00,00000000,00000000,00000000,0,0000
1843,00,0,00,00000000,00000000,00000000,0,0000
1844,00,0,00,00000000,00000000,00000000,0,0000
1845,00,0,01,01011001,00000000,01110011,0,1011
1846,00,0,00,00000000,00000000,00000000,0,0000
1847,00,0,00,00000000,00000000,00000000,0,0000
1848,00,0,00,00000000,00000000,00000000,0,0000
1849,00,0,00,00000000,00000000,00000000,0,0000
1850,00,0,00,00000000,00000000,00000000,0,0000
1851,00,0,00,00000000,00000000,00000000,0,0000
1852,01,0,10,01011000,01000100,01001000,0,0011
1853,00,0,01,01011010,00000000,01110101,0,1011
1854,01,0,10,01011001,01000100,01001010,0,0011
1855,00,0,00,00000000,00000000,00000000,0,0000
1856,01,0,10,01011010,01000100,01001100,0,0011
1857,00,0,00,00000000,00000000,00000000,0,0000
1858,01,0,10,01011011,01000100,01001110,0,0011
1859,00,0,00,00000000,00000000,00000000,0,0000
1860,01,0,10,01011101,01000100,01010010,0,0011
1861,00,0,01,01011011,00000000,01110111,0,1011
1862,01,0,10,01011100,01000100,01010000,0,0011
1863,00,0,00,00000000,00000000,00000000,0,0000
1864,01,0,10,01011110,01000100,01010100,0,0011
1865,00,0,00,00000000,00000000,00000000,0,0000
1866,01,0,10,01011111,01000100,01010110,0,0011
1867,00,0,00,00000000,00000000,00000000,0,0000
1868,00,0,00,00000000,00000000,00000000,0,0000
1869,00,0,01,01110011,00000000,10001001,0,1011
1870,00,0,00,00000000,00000000,00000000,0,0000
1871,00,0,00,00000000,00000000,00000000,0,0000
1872,00,0,00,00000000,00000000,00000000,0,0000
1873,00,0,00,00000000,00000000,00000000,0,0000
1874,00,0,00,00000000,00000000,00000000,0,0000
1875,00,0,00,00000000,00000000,00000000,0,0000
1876,00,0,00,00000000,00000000,00000000,0,0000
1877,00,0,01,01110100,00000000,10001011,0,1011
1878,00,0,00,00000000,00000000,00000000,0,0000
1879,00,0,00,00000000,00000000,00000000,0,0000
1880,00,0,00,00000000,00000000,00000000,0,0000
1881,00,0,00,00000000,00000000,00000000,0,0000
1882,00,0,00,00000000,00000000,00000000,0,0000
1883,00,0,00,00000000,00000000,00000000,0,0000
1884,00,0,00,00000000,00000000,00000000,0,0000
1885,00,0,01,01110101,00000000,10001101,0,1011
1886,00,0,00,00000000,00000000,00000000,0,0000
1887,00,0,00,00000000,00000000,00000000,0,0000
1888,00,0,00,00000000,00000000,00000000,0,0000
1889,00,0,00,00000000,00000000,00000000,0,0000
1890,00,0,00,00000000,00000000,00000000,0,0000
1891,00,0,00,00000000,00000000,00000000,0,0000
1892,00,0,00,00000000,00000000,00000000,0,0000
1893,00,0,01,01110110,00000000,10001111,0,1011
1894,00,0,00,00000000,00000000,00000000,0,0000
1895,00,0,00,00000000,00000000,00000000,0,0000
1896,00,0,00,00000000,00000000,00000000,0,0000
1897,00,0,00,00000000,00000000,00000000,0,0000
1898,00,0,00,00000000,00000000,00000000,0,0000
1899,00,0,00,00000000,00000000,00000000,0,0000
1900,00,0,00,00000000,00000000,00000000,0,0000
1901,00,0,01,01110111,00000000,10010001,0,1011
1902,00,0,00,00000000,00000000,00000000,0,0000
1903,00,0,00,00000000,00000000,00000000,0,0000
1904,00,0,00,00000000,00000000,00000000,0,0000
1905,00,0,00,00000000,00000000,00000000,0,0000
1906,00,0,00,00000000,00000000,00000000,0,0000
1907,00,0,00,00000000,00000000,00000000,0,0000
1908,00,0,00,00000000,00000000,00000000,0,0000
1909,00,0,01,01111000,00000000,10010011,0,1011
1910,00,0,00,00000000,00000000,00000000,0,0000
1911,00,0,00,00000000,00000000,00000000,0,0000
1912,00,0,00,00000000,00000000,00000000,0,0000
1913,00,0,00,00000000,00000000,00000000,0,0000
1914,00,0,00,00000000,00000000,00000000,0,0000
1915,00,0,00,00000000,00000000,00000000,0,0000
1916,01,0,10,01111000,01100011,01101000,0,0011
1917,00,0,01,01111001,00000000,10010101,0,1011
1918,01,0,10,01111001,01100011,01101010,0,0011
1919,00,0,00,00000000,00000000,00000000,0,0000
1920,01,0,10,01111010,01100011,01101100,0,0011
1921,00,0,00,00000000,00000000,00000000,0,0000
1922,01,0,10,01111011,01100011,01101110,0,0011
1923,00,0,00,00000000,00000000,00000000,0,0000
1924,01,0,10,01111101,01100011,01110010,0,0011
1925,00,0,01,01111010,00000000,10010111,0,1011
1926,01,0,10,01111100,01100011,01110000,0,0011
1927,00,0,00,00000000,00000000,00000000,0,0000
1928,01,0,10,01111110,01100011,01110100,0,0011
1929,00,0,00,00000000,00000000,00000000,0,0000
1930,01,0,10,01111111,01100011,01110110,0,0011
1931,00,0,00,00000000,00000000,00000000,0,0000
1932,00,0,00,00000000,00000000,00000000,0,0000
1933,00,0,01,10010010,00000000,10101001,0,1011
1934,00,0,00,00000000,00000000,00000000,0,0000
1935,00,0,00,00000000,00000000,00000000,0,0000
1936,00,0,00,00000000,00000000,00000000,0,0000
1937,00,0,00,00000000,00000000,00000000,0,0000
1938,00,0,00,00000000,00000000,00000000,0,0000
1939,00,0,00,00000000,00000000,00000000,0,0000
1940,00,0,00,00000000,00000000,00000000,0,0000
1941,00,0,01,10010011,00000000,10101011,0,1011
1942,00,0,00,00000000,00000000,00000000,0,0000
1943,00,0,00,00000000,00000000,00000000,0,0000
1944,00,0,00,00000000,00000000,00000000,0,0000
1945,00,0,00,00000000,00000000,00000000,0,0000
1946,00,0,00,00000000,00000000,00000000,0,0000
1947,00,0,00,00000000,00000000,00000000,0,0000
1948,00,0,00,00000000,00000000,00000000,0,0000
1949,00,0,01,10010100,00000000,10101101,0,1011
1950,00,0,00,00000000,00000000,00000000,0,0000
1951,00,0,00,00000000,00000000,00000000,0,0000
1952,00,0,00,00000000,00000000,00000000,0,0000
1953,00,0,00,00000000,00000000,00000000,0,0000
1954,00,0,00,00000000,00000000,00000000,0,0000
1955,00,0,00,00000000,00000000,00000000,0,0000
1956,00,0,00,00000000,00000000,00000000,0,0000
1957,00,0,01,10010101,00000000,10101111,0,1011
1958,00,0,00,00000000,00000000,00000000,0,0000
1959,00,0,00,00000000,00000000,00000000,0,0000
1960,00,0,00,00000000,00000000,00000000,0,0000
1961,00,0,00,00000000,00000000,00000000,0,0000
1962,00,0,00,00000000,00000000,00000000,0,0000
1963,00,0,00,00000000,00000000,00000000,0,0000
1964,00,0,00,00000000,00000000,00000000,0,0000
1965,00,0,01,10010110,00000000,10110001,0,1011
1966,00,0,00,00000000,00000000,00000000,0,0000
1967,00,0,00,00000000,00000000,00000000,0,0000
1968,00,0,00,00000000,00000000,00000000,0,0000
1969,00,0,00,00000000,00000000,00000000,0,0000
1970,00,0,00,00000000,00000000,00000000,0,0000
1971,00,0,00,00000000,00000000,00000000,0,0000
1972,00,0,00,00000000,00000000,00000000,0,0000
1973,00,0,01,10010111,00000000,10110011,0,1011
1974,00,0,00,00000000,00000000,00000000,0,0000
1975,00,0,00,00000000,00000000,00000000,0,0000
1976,00,0,00,00000000,00000000,00000000,0,0000
1977,00,0,00,00000000,00000000,00000000,0,0000
1978,00,0,00,00000000,00000000,00000000,0,0000
1979,00,0,00,00000000,00000000,00000000,0,0000
1980,01,0,10,10011000,10000010,10001000,0,0011
1981,00,0,01,10011000,00000000,10110101,0,1011
1982,01,0,10,10011001,10000010,10001010,0,0011
1983,00,0,00,00000000,00000000,00000000,0,0000
1984,01,0,10,10011010,10000010,10001100,0,0011
1985,00,0,00,00000000,00000000,00000000,0,0000
1986,01,0,10,10011011,10000010,10001110,0,0011
1987,00,0,00,00000000,00000000,00000000,0,0000
1988,01,0,10,10011101,10000010,10010010,0,0011
1989,00,0,01,10011001,00000000,10110111,0,1011
1990,01,0,10,10011100,10000010,10010000,0,0011
1991,00,0,00,00000000,00000000,00000000,0,0000
1992,01,0,10,10011110,10000010,10010100,0,0011
1993,00,0,00,00000000,00000000,00000000,0,0000
1994,01,0,10,10011111,10000010,10010110,0,0011
1995,00,0,00,00000000,00000000,00000000,0,0000
1996,00,0,00,00000000,00000000,00000000,0,0000
1997,00,0,01,10110001,00000000,11001001,0,1011
1998,00,0,00,00000000,00000000,00000000,0,0000
1999,00,0,00,00000000,00000000,00000000,0,0000
2000,00,0,00,00000000,00000000,00000000,0,0000
2001,00,0,00,00000000,00000000,00000000,0,0000
2002,00,0,00,00000000,00000000,00000000,0,0000
2003,00,0,00,00000000,00000000,00000000,0,0000
2004,00,0,00,00000000,00000000,00000000,0,0000
2005,00,0,01,10110010,00000000,11001011,0,1011
2006,00,0,00,00000000,00000000,00000000,0,0000
2007,00,0,00,00000000,00000000,00000000,0,0000
2008,00,0,00,00000000,00000000,00000000,0,0000
2009,00,0,00,00000000,00000000,00000000,0,0000
2010,00,0,00,00000000,00000000,00000000,0,0000
2011,00,0,00,00000000,00000000,00000000,0,0000
2012,00,0,00,00000000,00000000,00000000,0,0000
2013,00,0,01,10110011,00000000,11001101,0,1011
2014,00,0,00,00000000,00000000,00000000,0,0000
2015,00,0,00,00000000,00000000,00000000,0,0000
2016,00,0,00,00000000,00000000,00000000,0,0000
2017,00,0,00,00000000,00000000,00000000,0,0000
2018,00,0,00,00000000,00000000,00000000,0,0000
2019,00,0,00,00000000,00000000,00000000,0,0000
2020,00,0,00,00000000,00000000,00000000,0,0000
2021,00,0,01,10110100,00000000,11001111,0,1011
2022,00,0,00,00000000,00000000,00000000,0,0000
2023,00,0,00,00000000,00000000,00000000,0,0000
2024,00,0,00,00000000,00000000,00000000,0,0000
2025,00,0,00,00000000,00000000,00000000,0,0000
2026,00,0,00,00000000,00000000,00000000,0,0000
2027,00,0,00,00000000,00000000,00000000,0,0000
2028,00,0,00,00000000,00000000,00000000,0,0000
2029,00,0,01,10110101,00000000,11010001,0,1011
2030,00,0,00,00000000,00000000,00000000,0,0000
2031,00,0,00,00000000,00000000,00000000,0,0000
2032,00,0,00,00000000,00000000,00000000,0,0000
2033,00,0,00,00000000,00000000,00000000,0,0000
2034,00,0,00,00000000,00000000,00000000,0,0000
2035,00,0,00,00000000,00000000,00000000,0,0000
2036,00,0,00,00000000,00000000,00000000,0,0000
2037,00,0,01,10110110,00000000,11010011,0,1011
2038,00,0,00,00000000,00000000,00000000,0,0000
2039,00,0,00,00000000,00000000,00000000,0,0000
2040,00,0,00,00000000,00000000,00000000,0,0000
2041,00,0,00,00000000,00000000,00000000,0,0000
2042,00,0,00,00000000,00000000,00000000,0,0000
2043,00,0,00,00000000,00000000,00000000,0,0000
2044,01,0,10,10111000,10100001,10101000,0,0011
2045,00,0,01,10110111,00000000,11010101,0,1011
2046,01,0,10,10111001,10100001,10101010,0,0011
2047,00,0,00,00000000,00000000,00000000,0,0000
2048,01,0,10,10111010,10100001,10101100,0,0011
2049,00,0,00,00000000,00000000,00000000,0,0000
2050,01,0,10,10111011,10100001,10101110,0,0011
2051,00,0,00,00000000,00000000,00000000,0,0000
2052,01,0,10,10111101,10100001,10110010,0,0011
2053,00,0,01,10111000,00000000,11010111,0,1011
2054,01,0,10,10111100,10100001,10110000,0,0011
2055,00,0,00,00000000,00000000,00000000,0,0000
2056,01,0,10,10111110,10100001,10110100,0,0011
2057,00,0,00,00000000,00000000,00000000,0,0000
2058,01,0,10,10111111,10100001,10110110,0,0011
2059,00,0,00,00000000,00000000,00000000,0,0000
2060,00,0,00,00000000,00000000,00000000,0,0000
2061,00,0,01,11010000,00000000,11101001,0,1011
2062,00,0,00,00000000,00000000,00000000,0,0000
2063,00,0,00,00000000,00000000,00000000,0,0000
2064,00,0,00,00000000,00000000,00000000,0,0000
2065,00,0,00,00000000,00000000,00000000,0,0000
2066,00,0,00,00000000,00000000,00000000,0,0000
2067,00,0,00,00000000,00000000,00000000,0,0000
2068,00,0,00,00000000,00000000,00000000,0,0000
2069,00,0,01,11010001,00000000,11101011,0,1011
2070,00,0,00,00000000,00000000,00000000,0,0000
2071,00,0,00,00000000,00000000,00000000,0,0000
2072,00,0,00,00000000,00000000,00000000,0,0000
2073,00,0,00,00000000,00000000,00000000,0,0000
2074,00,0,00,00000000,00000000,00000000,0,0000
2075,00,0,00,00000000,00000000,00000000,0,0000
2076,00,0,00,00000000,00000000,00000000,0,0000
2077,00,0,01,11010010,00000000,11101101,0,1011
2078,00,0,00,00000000,00000000,00000000,0,0000
2079,00,0,00,00000000,00000000,00000000,0,0000
2080,00,0,00,00000000,00000000,00000000,0,0000
2081,00,0,00,00000000,00000000,00000000,0,0000
2082,00,0,00,00000000,00000000,00000000,0,0000
2083,00,0,00,00000000,00000000,00000000,0,0000
2084,00,0,00,00000000,00000000,00000000,0,0000
2085,00,0,01,11010011,00000000,11101111,0,1011
2086,00,0,00,00000000,00000000,00000000,0,0000
2087,00,0,00,00000000,00000000,00000000,0,0000
2088,00,0,00,00000000,00000000,00000000,0,0000
2089,00,0,00,00000000,00000000,00000000,0,0000
2090,00,0,00,00000000,00000000,00000000,0,0000
2091,00,0,00,00000000,00000000,00000000,0,0000
2092,00,0,00,00000000,00000000,00000000,0,0000
2093,00,0,01,11010100,00000000,11110001,0,1011
2094,00,0,00,00000000,00000000,00000000,0,0000
2095,00,0,00,00000000,00000000,00000000,0,0000
2096,00,0,00,00000000,00000000,00000000,0,0000
2097,00,0,00,00000000,00000000,00000000,0,0000
2098,00,0,00,00000000,00000000,00000000,0,0000
2099,00,0,00,00000000,00000000,00000000,0,0000
2100,00,0,00,00000000,00000000,00000000,0,0000
2101,00,0,01,11010101,00000000,11110011,0,1011
2102,00,0,00,00000000,00000000,00000000,0,0000
2103,00,0,00,00000000,00000000,00000000,0,0000
2104,00,0,00,00000000,00000000,00000000,0,0000
2105,00,0,00,00000000,00000000,00000000,0,0000
2106,00,0,00,00000000,00000000,00000000,0,0000
2107,00,0,00,00000000,00000000,00000000,0,0000
2108,00,0,00,00000000,00000000,00000000,0,0000
2109,00,0,01,11010110,00000000,11110101,0,1011
2110,00,0,10,11011000,11000000,11001000,0,0011
2111,00,0,10,11011001,11000000,11001010,0,0011
2112,00,0,10,11011010,11000000,11001100,0,0011
2113,00,0,10,11011011,11000000,11001110,0,0011
2114,00,0,10,11011100,11000000,11010000,0,0011
2115,00,0,10,11011101,11000000,11010010,0,0011
2116,00,0,10,11011110,11000000,11010100,0,0011
2117,00,0,10,11011111,11000000,11010110,0,0011
2118,00,0,01,11010111,00000000,11110111,0,1011
2119,00,0,00,00000000,00000000,00000000,0,0000
2120,00,0,00,00000000,00000000,00000000,0,0000
2121,00,0,00,00000000,00000000,00000000,0,0000
2122,00,0,00,00000000,00000000,00000000,0,0000
2123,00,0,00,00000000,00000000,00000000,0,0000
2124,00,0,00,00000000,00000000,00000000,0,0000
2125,00,0,00,00000000,00000000,00000000,0,0000
2126,00,0,00,00000000,00000000,00000000,0,0000
2127,00,0,00,00000000,00000000,00000000,0,0000
2128,00,0,00,00000000,00000000,00000000,0,0000
2129,00,0,00,00000000,00000000,00000000,0,0000
2130,00,0,00,00000000,00000000,00000000,0,0000
2131,00,0,00,00000000,00000000,00000000,0,0000
2132,00,0,00,00000000,00000000,00000000,0,0000
2133,00,0,00,00000000,00000000,00000000,0,0000
2134,00,0,00,00000000,00000000,00000000,0,0000
2135,00,0,00,00000000,00000000,00000000,0,0000
2136,00,0,00,00000000,00000000,00000000,0,0000
2137,00,0,00,00000000,00000000,00000000,0,0000
2138,00,0,00,00000000,00000000,00000000,0,0000
2139,00,0,00,00000000,00000000,00000000,0,0000
2140,00,0,00,00000000,00000000,00000000,0,0000
2141,00,0,00,00000000,00000000,00000000,0,0000
2142,00,0,00,00000000,00000000,00000000,0,0000
2143,00,0,00,00000000,00000000,00000000,0,0000
2144,00,0,00,00000000,00000000,00000000,0,0000
2145,00,0,00,00000000,00000000,00000000,0,0000
2146,00,0,00,00000000,00000000,00000000,0,0000
2147,00,0,00,00000000,00000000,00000000,0,0000
2148,00,0,00,00000000,00000000,00000000,0,0000
2149,00,0,00,00000000,00000000,00000000,0,0000
2150,00,0,00,00000000,00000000,00000000,0,0000
2151,00,0,00,00000000,00000000,00000000,0,0000
2152,00,0,00,00000000,00000000,00000000,0,0000
2153,00,0,00,00000000,00000000,00000000,0,0000
2154,00,0,00,00000000,00000000,00000000,0,0000
2155,00,0,00,00000000,00000000,00000000,0,0000
2156,00,0,00,00000000,00000000,00000000,0,0000
2157,00,0,00,00000000,00000000,00000000,0,0000
2158,00,0,00,00000000,00000000,00000000,0,0000
2159,00,0,00,00000000,00000000,00000000,0,0000
2160,00,0,00,00000000,00000000,00000000,0,0000
2161,00,0,00,00000000,00000000,00000000,0,0000
2162,00,0,00,00000000,00000000,00000000,0,0000
2163,00,0,00,00000000,00000000,00000000,0,0000
2164,00,0,00,00000000,00000000,00000000,0,0000
2165,00,0,00,00000000,00000000,00000000,0,0000
2166,00,0,00,00000000,00000000,00000000,0,0000
2167,00,0,00,00000000,00000000,00000000,0,0000
2168,00,0,00,00000000,00000000,00000000,0,0000
2169,00,0,00,00000000,00000000,00000000,0,0000
2170,00,0,00,00000000,00000000,00000000,0,0000
2171,00,0,00,00000000,00000000,00000000,0,0000
2172,00,0,00,00000000,00000000,00000000,0,0000
2173,00,0,10,11111000,11011111,11101000,0,0011
2174,00,0,10,11111001,11011111,11101010,0,0011
2175,00,0,10,11111010,11011111,11101100,0,0011
2176,00,0,10,11111011,11011111,11101110,0,0011
2177,00,0,10,11111100,11011111,11110000,0,0011
2178,00,0,10,11111101,11011111,11110010,0,0011
2179,00,0,10,11111110,11011111,11110100,0,0011
2180,00,0,10,11111111,11011111,11110110,0,0011
2181,00,0,00,00000000,00000000,00000000,0,0000
2182,00,0,00,00000000,00000000,00000000,0,0000
2183,00,0,00,00000000,00000000,00000000,0,0000
2184,00,0,00,00000000,00000000,00000000,0,0000
2185,00,0,00,00000000,00000000,00000000,0,0000
2186,00,0,00,00000000,00000000,00000000,0,0000
2187,00,0,00,00000000,00000000,00000000,0,0000
2188,00,0,00,00000000,00000000,00000000,0,0000
