n: 430
nnz: 1544
CSC format: after fill in
Ax: 1 1 100000 -100000 -1.18e-30 -1 1 -3635.14 1 1 18.1818 -18.1818 1 -1 3634.14 -18.1818 -1 18.1961 -2e-31 -0.0142857 1 -1 -310.078 0 100000 -100000 -1.18e-30 -1 1 -3635.14 1 1 -1 1.2987 1 0 -1.2987 3634.14 -1 -1 100000 -100000 -0.000606061 1 -1 -1705.43 0 1 4 1 -4 -4 8 -4 -4 4.01 -0.01 0.126415 -0.115915 -0.0005 100009 -8.89838 -100000 100032 -31.7901 -100000 -31.7901 31.7901 -5.90855e-11 -8.41421e-12 0 -8.89838 -5.81108e-11 8.89838 -4.43362e-10 0 0 -0.115915 -9.38897e-12 -4.42388e-10 0.115915 0 0 0 1 -465.116 -1 100000 -100000 -1.18e-30 100000 -100000 1 -3635.14 1 8.33333 -8.33333 1 -1 -8.33333 1 8.33958 -0.00625 -2e-31 -1 1 0 0 100000 -100000 -1.18e-30 -1 1 -3635.14 1 1 18.1818 -18.1818 1 -1 3634.14 -18.1818 -1 18.1961 -2e-31 -0.0142857 1 -1 -310.078 0 100000 -1.18e-30 -100000 -1 1 -3635.14 1 1 -1 1.2987 1 0 -1.2987 3634.14 -1 -1 100000 -100000 -0.000606061 1 -1 -1705.43 0 -2e-31 -100000 100000 0 0 0 1 4 1 -4 -4 8 -4 -4 4.01 -0.01 0.126415 -0.115915 -0.0005 100009 -8.89838 -100000 100032 -31.7901 -100000 -31.7901 31.7901 -5.90855e-11 -8.41421e-12 0 -8.89838 -5.81108e-11 8.89838 -4.43362e-10 0 0 -0.115915 -9.38897e-12 -4.42388e-10 0.115915 0 0 0 1 -465.116 -1 100000 -100000 -1.18e-30 100000 -100000 1 -3635.14 1 8.33333 -8.33333 1 -1 -8.33333 1 8.33958 -0.00625 -2e-31 -1 1 0 0 1000 -4.96256e-07 -0.00365244 -1000 -0.00365294 1000 0.00365244 -1000 0 -1.0021e-12 -1.0021e-12 1000 0 0 -1000 -1000 0 1000 -0.000133333 -0.000222222 1000.07 -1000 -1000 1000.07 -0.0352393 -0.0352393 -0.0704721 1000.04 0.0352328 -1000 -6.436e-06 -6.87607e-10 1000 -1000 0 -1000 1000.05 0 -0.0454545 1000 -1.41955e-16 -1.04479e-12 -4.48722e-14 1000 -1000 -9.55328e-13 -1000 2000.01 0 -1000 -1.00006e-12 -1.00006e-12 0 1000 0 -1000 -1000 0 1000 -1.01839e-12 -1.38368e-16 0 2000 -1000 -1000 -1000 1000 -0.00170852 -2.32135e-07 0 -0.00503972 1000.01 -0.00503972 0 -1000 0.00333097 -0.00837092 1000.01 0 0 -1000 -0.0245335 1000.05 -0.0245335 -1000 0 0.0245335 -1000 0 0 0 -0.0490669 1000.02 0 0 -1000 0 0 -0.000133333 -1000 0 0 -1000 0 -1000 0 4000 0 0 0 1000 -1.40235e-16 -1.03213e-12 -1000 -3.07766e-14 1000 -9.70857e-13 -1000 0 -1.00149e-12 -1.00149e-12 1000 0 -1000 0 1000.07 -1000 -0.0666667 -1000 1000 -1.00005e-12 -1.00005e-12 0 7.09078e-05 1000 -7.09175e-05 -1000 0 -7.09078e-05 -9.63422e-09 1000 -1000 0 0 -1000 0 -1000 2000.04 0 0 -0.037037 1000 -0.00167203 -2.27179e-07 -1.03213e-12 1000 -1.03213e-12 -1000 -0.00167226 0.00167203 1000 -1000 1000 -1000 -1000 1000.25 -0.248814 -3.38063e-05 -0.208105 1000.42 -0.208105 -1000 -0.0407435 -0.167395 1000.21 -1000 0 -1000 -1000 -1000 3000 -2.5641e-05 0 1000.01 -0.00640236 -6.84013e-07 -1000 -1.03213e-12 1000 -1.03213e-12 -1000 0 -0.00640304 0.00640236 1000 -1000 0 -2.5641e-05 -1000 -1000 3000 -1000 0 0 1000.01 -6.84013e-07 -0.00640236 -1000 -1000 -0.00640304 1000 0.00640236 0 0 -1.00005e-12 -1.00005e-12 1000 0 -1000 0 1000 -1000 -1000 1000 -3.84447e-12 -5.22346e-16 -1.00007e-12 1000 -1.00007e-12 -1000 -2.84492e-12 1.84433e-12 1000 -1000 0 1000 -1000 -1000 1000 -3.84447e-12 -5.22346e-16 -1.00006e-12 1000 -1.00006e-12 -1000 -2.84492e-12 1.84434e-12 1000 -1000 0 -1000 -1000 3000 -1000 0 0 1000 -0.00149685 0.00149664 -1000 -1000 -2.03348e-07 1000 -0.00149664 0 0 -1.00029e-12 -1.00029e-12 1000 0 0 -1000 1000.05 2.04243e-07 -0.0524564 -1000 -0.052445 1000.1 -1000 -0.052445 0 -1000 0 0 -1000 0 0 -1000 3000 0 0 0 0 1000.05 -5.56934e-06 -0.052129 -1000 1000.05 -0.052129 -5.56934e-06 -1000 -1.03213e-12 1000 -1.03213e-12 -1000 0 -0.0521346 0.052129 1000 -1000 0 -0.0521346 1000 0.052129 -1000 0 -1.0005e-12 -1.0005e-12 1000 0 -1000 0 1000.35 -0.698753 0.349276 -1000 -0.349476 1000.7 -0.349476 0 -1000 2000 -1000 -1000 -1000 1000.01 -0.0130778 -1.77687e-06 0 -3.89391e-08 1000 -3.89391e-08 0 -1000 -0.0130795 0.0130777 1000 0 0 -1000 -2.13825e-08 -0.00020014 -1000 0 0 0 1000 0 0 0 0 1.43282 -0.00424862 0.01 -2.40228e-12 0.0100102 -0.01 -0.00424862 100.004 -100 0.391526 -0.379795 -0.0117315 0.379795 -3.86179e-12 -0.379795 -2.40228e-12 -0.01 -100 -0.379795 -3.86179e-12 1100.39 -1000 -2.2e-28 -0.0005 2000 -1000 -1000 -1000 1000.06 -0.0609162 -8.27666e-06 0 -0.00846811 1000.02 -0.00846811 -1000 0 -1000 -0.0524564 0.04398 1000.01 0 0 0 0 -1000 -1000 -1000 0 -1000 0 0 -1000 0 5000 0 0 0 0 0 -1.12062e-05 -0.10489 0 -1000 0 0 0 0 1000.1 0 0 0 0 -1000 0 0 0 0 0 -1000 0 0 -1000 -1000 0 0 0 0 4000 0 0 0 0 -1000 -0.000222222 0 -1000 -1000 0 0 -1000 0 4000 -2.5e-32 0 0 0 -1000 0 -1000 0 0 0 -1000 0 0 0 0 0 -1000 0 0 0 0 -2.5e-32 4000 0 0 0 100 -1e-12 -100 0.01 -1.00082e-12 -0.01 1 -1 -1.18986e-12 -1e-12 0.335796 0 -0.335796 21.9246 -0.000981934 -0.105657 -0.0326096 0.0885415 0.00822272 -0.0641547 -0.0740297 -0.0234049 4.15917 -4.06174 0 -100 -1.00082e-12 -1 0 -4.06174 105.062 0 0 -0.0005 100000 1 -100000 0.0143885 -1e-12 70.922 -1.12445e-10 1000 -1000 -1e-12 1000 -1000 -1.12445e-10 -1000 -1000 1.00201e+06 -6.57462 -1e+06 1000 -1.33378e-07 -4.99012e-08 -1.8298e-07 0.0516798 -0.0516797 3.05178e-09 -0.0516797 0.17668 0 -0.125 -6.57462 -2.99378e-10 -4.655e-08 0 6.57462 0 0 17.8891 -17.8891 -1.3538e-07 21.8267 -9.02095e-05 -0.00872319 -21.8179 0.00161933 0.0443937 -0.00684331 0 -0.0391698 -0.0104327 -0.00513377 4.0773 -4.06174 0 0 0.0380804 -0.0232999 0.0193577 -0.0341383 -0.00394214 0.459995 -0.0194126 0 -0.43664 -8.47321e-14 -5.48788e-05 5.16095 0 -5.16089 0 -4.06174 -0.0341383 0 0 4.09838 0 -0.0025 0 -0.125 0 -17.8891 -21.8179 0 0 0 39.8445 0 -0.0025 0 1 -1 0 0 -1.3538e-07 -5.16089 -0.0025 0 5.16472 -1 0 -0.00133333 0 0 -0.01 -1.18986e-12 -0.335796 0 -0.0391698 0 -0.43664 0 0 -0.0025 0 0 0.824106 0 0 0 0 -0.0641547 0 0 -0.00133333 0 0 0.065588 0 -0.0001 0 0 1 2 1 -2 -2 2.5 -0.5 0.757971 -0.257971 6.01288 -1e-12 1000 -1000 -0.257971 1000.26 -1000 -0.5 1e+06 -1e+06 -0.0030303 1 -24.8995 1 -1 1 3.20513 -3.20513 1 -1 1 -691.489 -1 -1 0 1 0 0 -1e+06 -3.20513 1e+06 0 0 0 1 -1 0.0172414 1 0 -0.0172414 0.0002002 -2e-07 -2e-07 6.24015e-05 -3.11007e-05 -3.11007e-05 -3.11007e-05 0.882644 -0.882613 0 -0.882613 0.882644 -3.11007e-05 0 -3.11007e-05 0.882644 0 -0.882613 -3.11007e-05 0 0 0 0.882644 -0.882613 0 -0.882613 0.882644 -3.11007e-05 0 -3.11007e-05 0.882644 -0.882613 0 -0.882613 0.882613 -1 0 -1 1 0 0 0.0172414 1 0 -0.0172414 -1 -0.882613 0 0 0 0 0 0.882613 0 0 -1 -1 1 0.000165357 -1.1274e-05 0.000333533 -0.000333333 -1.1274e-05 0.000111324 -5e-08 -0.0001 -0.000333333 -5e-08 0.000363417 -3.00339e-05 0 -3.00339e-05 0.882643 -0.882613 0 -0.882613 0.882613 -1 0 1 0.00641026 -0.00641026 -24.8995 1 -24.8995 1 23.8995 1 -1 -0.00641026 0.00641026 0 -1 0 1 0 0 1 -1 -22553.2 1 2 1 -2 -2 2.5 -0.5 0.757971 -0.257971 6.01288 -1e-12 1000 -1000 -0.257971 1000.26 -1000 -0.5 1e+06 -1e+06 -0.0030303 1 -24.8995 1 -1 1 3.20513 -3.20513 1 -1 1 -1 -691.489 -1 0 1 0 0 -1e+06 -3.20513 1e+06 0 0 0 1000 -4.96247e-07 -0.00365238 -1000 -0.00365288 1000 0.00365238 -1000 0 -1.0021e-12 -1.0021e-12 1000 0 0 -1000 -1000 0 1000 -0.000133333 -0.000222222 1000.07 -1000 -1000 1000.07 -0.0352393 -0.0352393 -0.0704722 1000.04 0.0352329 -1000 -6.43837e-06 -6.8786e-10 1000 -1000 0 -1000 1000.05 0 -0.0454545 1000 -1.41955e-16 -1.04479e-12 -4.48724e-14 1000 -1000 -9.55328e-13 -1000 2000.01 0 -1000 -1.00006e-12 -1.00006e-12 0 1000 0 -1000 -1000 0 1000 -1.01839e-12 -1.38368e-16 0 2000 -1000 -1000 -1000 1000 -0.00170853 -2.32138e-07 0 -0.00503977 1000.01 -0.00503977 0 -1000 0.003331 -0.00837101 1000.01 0 0 -1000 -0.0245335 1000.05 -0.0245335 -1000 0 0.0245335 -1000 0 0 0 -0.0490669 1000.02 0 0 -1000 0 0 -0.000133333 -1000 0 0 -1000 0 -1000 0 4000 0 0 0 1000 -1.40235e-16 -1.03213e-12 -1000 -3.07765e-14 1000 -9.70857e-13 -1000 0 -1.00149e-12 -1.00149e-12 1000 0 -1000 0 1000.07 -1000 -0.0666667 -1000 1000 -1.00005e-12 -1.00005e-12 0 7.088e-05 1000 -7.08897e-05 -1000 0 -7.088e-05 -9.63044e-09 1000 -1000 0 0 -1000 0 -1000 2000.04 0 -0.037037 0 1000 -0.00167205 -2.27181e-07 -1.03213e-12 1000 -1.03213e-12 -1000 -0.00167228 0.00167205 1000 -1000 1000 -1000 -1000 1000.25 -0.248815 -3.38064e-05 -0.208105 1000.42 -0.208105 -1000 -0.0407441 -0.167394 1000.21 -1000 0 -1000 -1000 -1000 3000 -2.5641e-05 0 1000.01 -0.00640227 -6.84004e-07 -1000 -1.03213e-12 1000 -1.03213e-12 -1000 0 -0.00640296 0.00640227 1000 -1000 0 -2.5641e-05 -1000 -1000 3000 -1000 0 0 1000.01 -6.84004e-07 -0.00640227 -1000 -1000 -0.00640296 1000 0.00640227 0 0 -1.00005e-12 -1.00005e-12 1000 0 -1000 0 1000 -1000 -1000 1000 -3.84445e-12 -5.22343e-16 -1.00007e-12 1000 -1.00007e-12 -1000 -2.8449e-12 1.84431e-12 1000 -1000 0 1000 -1000 -1000 1000 -3.84445e-12 -5.22343e-16 -1.00006e-12 1000 -1.00006e-12 -1000 -2.8449e-12 1.84432e-12 1000 -1000 0 -1000 -1000 3000 -1000 0 0 1000 -0.00149684 0.00149663 -1000 -1000 -2.03347e-07 1000 -0.00149663 0 0 -1.00029e-12 -1.00029e-12 1000 0 0 -1000 1000.05 2.04278e-07 -0.0524401 -1000 -0.0524287 1000.1 -1000 -0.0524287 0 -1000 0 0 -1000 0 0 -1000 3000 0 0 0 0 1000.05 -5.5692e-06 -0.0521277 -1000 1000.05 -0.0521277 -5.5692e-06 -1000 -1.03213e-12 1000 -1.03213e-12 -1000 0 -0.0521333 0.0521277 1000 -1000 0 -0.0521333 1000 0.0521277 -1000 0 -1.0005e-12 -1.0005e-12 1000 0 -1000 0 1000.35 -0.698728 0.349245 -1000 -0.349483 1000.7 -0.349483 0 -1000 2000 -1000 -1000 -1000 1000 -3.75086e-05 -5.09627e-09 0 -3.90678e-08 1000 -3.90678e-08 0 -1000 -3.74746e-05 3.74304e-05 1000 0 0 -1000 -2.55246e-08 -0.00023891 -1000 0 0 0 1000 0 0 0 0 1.43282 -0.00424848 0.01 -2.4023e-12 0.0100102 -0.01 -0.00424848 100.004 -100 0.391556 -0.379795 -0.0117613 0.379795 -3.85959e-12 -0.379795 -2.4023e-12 -0.01 -100 -0.379795 -3.85959e-12 1100.39 -1000 -0.0005 -2.2e-28 2000 -1000 -1000 -1000 1000.06 -0.0609041 -8.27501e-06 0 -0.00847231 1000.02 -0.00847231 -1000 0 -1000 -0.0524401 0.0439595 1000.01 0 0 0 0 -1000 -1000 -1000 0 -1000 0 0 -1000 0 5000 0 0 0 0 0 -1.12027e-05 -0.104858 0 -1000 0 0 0 0 1000.1 0 0 0 0 -1000 0 0 0 0 0 -1000 0 0 -1000 -1000 0 0 0 0 4000 0 0 0 0 -1000 -0.000222222 0 -1000 -1000 0 0 -1000 0 4000 -2.5e-32 0 0 0 -1000 0 -1000 0 0 0 -1000 0 0 0 0 0 -1000 0 0 0 0 -2.5e-32 4000 0 0 0 100 -1e-12 -100 0.01 -1.00082e-12 -0.01 1 -1 -1.18986e-12 -1e-12 0.335796 0 -0.335796 21.9246 -0.000981936 -0.105657 -0.0326097 0.0885415 0.00822284 -0.0641547 -0.0740297 -0.0234049 4.15917 -4.06174 0 -100 -1.00082e-12 -1 0 -4.06174 105.062 0 0 -0.0005 100000 1 -100000 0.0143885 -1e-12 70.922 -1.12445e-10 1000 -1000 -1e-12 1000 -1000 -1.12445e-10 -1000 -1000 1.00201e+06 -6.57462 -1e+06 1000 -1.33378e-07 -4.99012e-08 -1.8298e-07 0.0516798 -0.0516797 3.05178e-09 -0.0516797 0.17668 0 -0.125 -6.57462 -2.99378e-10 -4.655e-08 0 6.57462 0 0 17.8891 -17.8891 -1.3538e-07 21.8267 -9.02095e-05 -0.00872319 -21.8179 0.00161933 0.0443937 -0.00684331 0 -0.0391698 -0.0104327 -0.00513377 4.0773 -4.06174 0 0 0.0380804 -0.0232999 0.0193577 -0.0341383 -0.00394214 0.459995 -0.0194126 0 -0.43664 -8.47321e-14 -5.48788e-05 5.16095 0 -5.16089 0 -4.06174 -0.0341383 0 0 4.09838 0 -0.0025 0 -0.125 0 -17.8891 -21.8179 0 0 0 39.8445 0 -0.0025 0 1 -1 0 0 -1.3538e-07 -5.16089 -0.0025 0 5.16472 -1 0 -0.00133333 0 0 -0.01 -1.18986e-12 -0.335796 0 -0.0391698 0 -0.43664 0 0 -0.0025 0 0 0.824106 0 0 0 0 -0.0641547 0 0 -0.00133333 0 0 0.065588 0 -0.0001 0 0 -0.0454545 0 -1000 0 0 -0.037037 0 0 -0.0005 0 0 1000.08 0 0 0 0 -1e-12 -1000 -1000 -0.0030303 0 -0.0666667 0 0 0 0 -1000 0 0 0 -1000 0 0 -1000 0 -1000 -1000 0 0 0 0 -0.0005 0 0 0 0 0 0 -0.0001 0 7000.07 0 0 0 0 -1 23.8995 0 0 0 -1e+06 0 0 0 0 0 0 0 0 1e+06 0 0 -8e-31 0 -0.0001 0 0 0 0 0 0 -1000 0 -0.0117613 -0.379795 -2.2e-28 0 0 0 0 0 0 0 0 0 1000.39 0 0 0 1 -0.0172414 0 23.8995 -8e-31 0 0 -1 0.0172414 0 0 1 0 -7047.87 -1 -1 -1 1 0.000165357 -1.1274e-05 0.000333533 -0.000333333 -1.1274e-05 0.000111324 -5e-08 -0.0001 -0.000333333 -5e-08 0.000363417 -3.00339e-05 0 -3.00339e-05 0.882643 -0.882613 0 -0.882613 0.882613 -1 0 1 0.00641026 -0.00641026 -24.8995 1 -24.8995 1 23.8995 1 -1 -0.00641026 0.00641026 0 -1 0 1 0 0 1 -1 -22553.2 -0.0172414 0 0 0 23.8995 -1 0.0172414 -8e-31 1 0 -1 -7047.87 1 -1e+06 0 0 0 0 0 0 -1 23.8995 0 0 0 -8e-31 0 1e+06 0 0 0 -1000 0 -0.0117315 -0.379795 -2.2e-28 0 0 0 0 0 0 -0.0001 0 0 0 0 0 0 0 1000.39 0 0 -0.0666667 0 0 0 0 -1000 0 0 0 -1000 0 0 -1000 0 -1000 -1000 0 0 0 0 -0.0005 0 0 0 0 0 0 -0.0001 -1e-12 -1000 -1000 -0.0030303 0 0 0 0 7000.07 0 0 -0.0454545 0 -1000 0 0 -0.037037 0 0 -0.0005 0 0 0 0 0 1000.08 0 -100000 -1 0 -0.00625 -100000 0 0 0 0 0 0 200000 0 -3.33333e-05 26.9179 -6.99791e-08 -6.99791e-08 100000 -100000 -0.0005 1 -2325.58 -1 100000 -100000 -1.18e-30 1 -3635.14 1 -1 0.714286 1 0 -0.714286 -1 1 100000 -0.000324675 -100000 -1 1 0 0 -100000 -100000 -0.714286 -0.000324675 200001 0 0 -1.33333e-06 -2e-31 -100000 100000 0 0 0 1 -100000 1 0 0 0 -1.18e-30 -100000 -1 3634.14 0 -3.33333e-05 0 0 200000 -7.69231e-05 -1e-08 -1.18e-30 -1 0 -0.0142857 -100000 0 0 0 0 -7.69231e-05 100000 0 0 0 -1.18e-30 -1.2987 -0.000606061 -100000 0 0 0 0 100001 0 -2.46305e-06 -0.01 -0.0005 0 -0.0005 0 0 0 0 100000 -100000 -100000 1 0 0 0 -1.18e-30 -1 3634.14 0 -1.33333e-06 0 0 -1e-08 0 -2.46305e-06 -100000 200000 -100000 -1 0 -0.00625 -100000 0 0 0 0 0 0 0 0 0 200000 0 -3.33333e-05 26.9179 -6.99791e-08 -6.99791e-08 100000 -100000 -0.0005 1 -2325.58 -1 100000 -100000 -1.18e-30 1 -3635.14 1 -1 0.714286 1 0 -0.714286 -1 1 100000 -0.000324675 -100000 -1 1 0 0 -100000 -100000 -0.714286 -0.000324675 200001 0 0 -1.33333e-06 -2e-31 -100000 100000 0 0 0 -0.01 -0.0005 0 -0.0005 0 100000 0 0 -100000 0 -2e-31 -100000 100000 0 0 0 1 -100000 1 0 0 -1.18e-30 -100000 -1 3634.14 0 -3.33333e-05 0 0 0 200000 -7.69231e-05 -1e-08 -1.18e-30 -1 0 -0.0142857 -100000 0 0 0 0 0 -7.69231e-05 100000 0 0 -100000 1 0 0 -1.18e-30 -1 3634.14 0 -1.33333e-06 0 -100000 0 0 -1e-08 0 200000 -2.46305e-06 -1.18e-30 -1.2987 -0.000606061 -100000 0 0 0 0 0 -2.46305e-06 100001 1 1 
Ai: 0 1 2 424 425 3 424 4 7 5 6 8 6 425 4 6 7 8 422 425 3 8 423 424 9 426 427 10 426 11 14 12 15 12 13 15 427 11 13 14 15 422 427 10 15 423 426 16 16 17 18 16 18 19 18 19 421 20 25 421 21 24 427 22 23 425 22 23 24 25 425 21 23 24 25 425 427 20 23 24 25 421 425 427 26 423 424 27 409 424 28 424 29 32 30 31 33 31 409 31 32 33 409 420 26 33 423 424 34 404 405 35 404 36 39 37 38 40 38 405 36 38 39 40 48 405 35 40 403 404 41 406 408 42 408 43 46 44 47 44 45 47 406 43 45 46 47 48 406 42 47 403 408 40 47 48 403 404 408 49 49 50 51 49 51 52 51 52 407 53 58 407 54 57 406 55 56 405 55 56 57 58 405 54 56 57 58 405 406 53 56 57 58 405 406 407 59 403 404 60 391 404 61 404 62 65 63 64 66 64 391 64 65 66 391 402 59 66 403 404 67 68 69 87 67 68 69 70 87 67 68 69 70 87 153 68 69 70 87 153 71 72 71 72 73 74 72 73 74 87 72 73 74 75 87 74 75 87 390 76 77 79 76 77 78 79 77 78 79 80 76 77 78 79 80 154 78 79 80 85 86 154 81 82 86 81 82 83 84 86 82 83 84 86 87 82 83 84 86 87 154 80 85 86 87 154 80 81 82 83 84 85 86 87 154 67 68 69 70 73 74 75 83 84 85 86 87 153 154 390 88 89 90 390 88 89 90 95 390 88 89 90 95 153 390 91 92 389 91 92 93 94 389 92 93 94 153 389 92 93 94 95 153 389 89 90 94 95 153 389 390 96 97 98 96 97 98 103 96 97 98 103 99 100 99 100 101 102 100 101 102 152 100 101 102 103 152 97 98 102 103 107 152 104 105 106 389 104 105 106 107 389 104 105 106 107 389 103 105 106 107 109 152 389 108 109 110 389 107 108 109 110 152 389 108 109 110 152 153 389 111 112 111 112 113 114 112 113 114 154 112 113 114 119 154 115 116 115 116 117 118 116 117 118 125 116 117 118 119 125 114 118 119 121 125 154 120 121 122 125 119 120 121 122 125 154 120 121 122 125 154 389 123 124 151 152 123 124 125 151 152 117 118 119 120 121 122 124 125 151 152 154 389 126 130 131 389 127 128 129 389 127 128 129 150 389 127 128 129 150 389 126 130 131 150 389 126 130 131 150 152 389 132 133 138 152 132 133 138 152 154 134 135 138 134 135 136 137 138 135 136 137 138 150 135 136 137 138 150 388 132 133 134 135 136 137 138 150 152 154 388 139 142 140 145 141 145 139 142 145 143 145 388 144 145 388 140 141 142 143 144 145 149 388 389 146 147 151 146 147 148 149 151 147 148 149 150 151 145 147 148 149 150 151 388 389 128 129 130 131 136 137 138 148 149 150 151 152 154 388 389 123 124 125 146 147 148 149 150 151 152 154 388 389 101 102 103 107 109 110 123 124 125 131 132 133 138 150 151 152 153 154 388 389 69 70 87 90 93 94 95 110 152 153 154 388 389 390 79 80 84 85 86 87 113 114 119 121 122 125 133 138 150 151 152 153 154 388 389 390 155 158 162 156 162 184 157 162 184 155 158 162 184 159 160 161 159 160 161 185 159 160 161 162 185 155 156 157 158 161 162 184 185 390 163 183 391 164 167 165 168 166 168 164 167 168 165 166 167 168 172 387 169 170 172 169 170 171 172 170 171 172 181 168 169 170 171 172 181 387 173 181 182 174 175 176 181 174 175 176 181 184 174 175 176 180 181 184 177 178 179 180 177 178 179 180 184 177 178 179 180 182 184 176 177 178 179 180 181 182 184 171 172 173 174 175 176 180 181 182 184 387 163 182 183 391 173 179 180 181 182 183 184 185 387 391 156 157 158 162 175 176 178 179 180 181 182 183 184 185 387 390 391 160 161 162 182 183 184 185 387 389 390 391 186 186 187 188 186 188 193 189 192 190 389 191 389 189 192 389 188 193 200 389 194 195 195 196 196 199 200 197 198 198 386 387 197 198 199 386 387 193 199 200 386 387 389 201 214 201 202 214 369 203 204 203 204 205 208 204 205 206 208 205 206 207 208 206 207 208 214 204 205 206 207 208 209 214 208 209 210 214 209 210 211 214 210 211 213 214 211 212 213 214 212 213 214 385 202 207 208 209 210 211 213 214 369 385 215 216 228 217 219 218 220 217 219 220 366 218 219 220 221 366 220 221 222 366 221 222 223 366 223 227 228 224 226 225 368 224 225 226 227 228 368 222 223 227 228 366 215 228 367 229 229 230 231 229 231 236 232 235 233 364 234 364 232 235 364 231 236 243 364 237 238 238 239 239 242 243 240 241 241 365 367 240 241 242 365 367 236 242 243 364 365 367 244 245 246 264 244 245 246 247 264 244 245 246 247 264 330 245 246 247 264 330 248 249 248 249 250 251 249 250 251 264 249 250 251 252 264 251 252 264 363 253 254 256 253 254 255 256 254 255 256 257 253 254 255 256 257 331 255 256 257 262 263 331 258 259 263 258 259 260 261 263 259 260 261 263 264 259 260 261 263 264 331 257 262 263 264 331 257 258 259 260 261 262 263 264 331 244 245 246 247 250 251 252 260 261 262 263 264 330 331 363 265 266 267 363 265 266 267 272 363 265 266 267 272 330 363 268 269 364 268 269 270 271 364 269 270 271 330 364 269 270 271 272 330 364 266 267 271 272 330 363 364 273 274 275 273 274 275 280 273 274 275 280 276 277 276 277 278 279 277 278 279 329 277 278 279 280 329 274 275 279 280 284 329 281 282 283 364 281 282 283 284 364 281 282 283 284 364 280 282 283 284 286 329 364 285 286 287 364 284 285 286 287 329 364 285 286 287 329 330 364 288 289 288 289 290 291 289 290 291 331 289 290 291 296 331 292 293 292 293 294 295 293 294 295 302 293 294 295 296 302 291 295 296 298 302 331 297 298 299 302 296 297 298 299 302 331 297 298 299 302 331 364 300 301 328 329 300 301 302 328 329 294 295 296 297 298 299 301 302 328 329 331 364 303 307 308 364 304 305 306 364 304 305 306 327 364 304 305 306 327 364 303 307 308 327 364 303 307 308 327 329 364 309 310 315 329 309 310 315 329 331 311 312 315 311 312 313 314 315 312 313 314 315 327 312 313 314 315 327 366 309 310 311 312 313 314 315 327 329 331 366 316 319 317 322 318 322 316 319 322 320 322 366 321 322 366 317 318 319 320 321 322 326 364 366 323 324 328 323 324 325 326 328 324 325 326 327 328 322 324 325 326 327 328 364 366 305 306 307 308 313 314 315 325 326 327 328 329 331 364 366 300 301 302 323 324 325 326 327 328 329 331 364 366 278 279 280 284 286 287 300 301 302 308 309 310 315 327 328 329 330 331 364 366 246 247 264 267 270 271 272 287 329 330 331 363 364 366 256 257 261 262 263 264 290 291 296 298 299 302 310 315 327 328 329 330 331 363 364 366 332 335 339 333 339 361 334 339 361 332 335 339 361 336 337 338 336 337 338 362 336 337 338 339 362 332 333 334 335 338 339 361 362 363 340 360 409 341 344 342 345 343 345 341 344 345 342 343 344 345 349 365 346 347 349 346 347 348 349 347 348 349 358 345 346 347 348 349 358 365 350 358 359 351 352 353 358 351 352 353 358 361 351 352 353 357 358 361 354 355 356 357 354 355 356 357 361 354 355 356 357 359 361 353 354 355 356 357 358 359 361 348 349 350 351 352 353 357 358 359 361 365 340 359 360 409 350 356 357 358 359 360 361 362 365 409 333 334 335 339 352 353 355 356 357 358 359 360 361 362 363 365 409 337 338 339 359 360 361 362 363 364 365 409 252 264 265 266 267 272 330 331 339 361 362 363 364 365 366 409 233 234 235 236 243 268 269 270 271 272 281 282 283 284 285 286 287 299 302 303 304 305 306 307 308 322 326 327 328 329 330 331 362 363 364 365 366 367 409 237 238 239 242 243 345 349 358 359 360 361 362 363 364 365 366 367 369 409 219 220 221 222 223 227 228 314 315 320 321 322 326 327 328 329 330 331 363 364 365 366 367 369 409 367 201 214 225 365 366 367 368 369 385 409 216 228 367 369 370 371 383 372 374 373 375 372 374 375 388 373 374 375 376 388 375 376 377 388 376 377 378 388 378 382 383 379 381 380 384 379 380 381 382 383 384 377 378 382 383 388 370 383 386 212 213 214 369 380 384 385 387 371 383 385 386 386 168 172 181 182 183 184 185 194 195 196 199 200 385 386 387 389 390 391 137 138 143 144 145 149 150 151 152 153 154 374 375 376 377 378 382 383 386 388 389 390 91 92 93 94 95 104 105 106 107 108 109 110 122 125 126 127 128 129 130 131 145 149 150 151 152 153 154 185 190 191 192 193 200 386 387 388 389 390 391 75 87 88 89 90 95 153 154 162 184 185 387 388 389 390 391 60 63 64 66 163 183 184 185 387 389 390 391 403 404 392 393 392 393 401 407 394 403 408 395 401 408 396 399 397 400 397 398 400 401 398 399 400 401 402 394 400 403 408 393 395 397 400 401 403 407 408 66 400 402 403 404 408 403 34 36 39 40 48 60 61 62 65 66 391 402 403 404 405 408 34 37 38 40 55 56 57 58 403 404 405 406 407 408 41 44 47 54 57 58 403 405 406 407 408 52 53 58 393 401 403 405 406 407 408 41 43 46 47 48 395 396 399 400 401 402 403 404 405 406 407 408 27 30 31 33 340 360 361 362 363 364 365 366 367 369 409 423 424 410 411 410 411 419 421 412 423 426 413 419 426 414 417 415 418 415 416 418 419 416 417 418 419 420 412 418 423 426 411 413 415 418 419 421 423 426 33 418 420 423 424 426 19 20 25 411 419 421 423 425 426 427 8 15 422 423 424 426 423 2 4 7 8 27 28 29 32 33 409 420 422 423 424 425 426 2 5 6 8 22 23 24 25 421 423 424 425 426 427 9 11 14 15 413 414 417 418 419 420 421 422 423 424 425 426 427 9 12 15 21 24 25 421 423 425 426 427 428 429 
Ap: 0 1 2 5 7 9 12 14 20 24 27 29 31 33 37 43 47 48 51 54 57 60 63 66 71 77 84 87 90 92 94 97 99 104 108 111 113 115 118 120 126 130 133 135 137 139 143 149 153 159 160 163 166 169 172 175 178 183 189 196 199 202 204 206 209 211 216 220 224 229 235 240 242 246 250 255 259 262 266 270 276 282 285 290 295 301 306 315 330 334 339 345 348 353 358 364 371 374 378 382 384 388 392 397 403 407 412 417 424 428 434 440 442 446 450 455 457 461 465 470 476 480 486 492 496 501 513 517 521 526 531 536 542 546 551 554 559 564 570 581 583 585 587 590 593 596 605 608 613 618 626 641 654 674 688 710 713 716 719 723 726 730 735 744 747 749 751 753 756 762 765 769 773 780 783 787 792 798 802 807 813 821 832 836 846 863 874 875 878 881 883 885 887 890 894 896 898 901 903 906 911 917 919 923 925 929 933 937 941 948 952 956 960 964 968 978 979 981 983 985 989 994 998 1002 1005 1007 1009 1015 1020 1023 1024 1027 1030 1032 1034 1036 1039 1043 1045 1047 1050 1052 1055 1060 1066 1070 1075 1081 1086 1088 1092 1096 1101 1105 1108 1112 1116 1122 1128 1131 1136 1141 1147 1152 1161 1176 1180 1185 1191 1194 1199 1204 1210 1217 1220 1224 1228 1230 1234 1238 1243 1249 1253 1258 1263 1270 1274 1280 1286 1288 1292 1296 1301 1303 1307 1311 1316 1322 1326 1332 1338 1342 1347 1359 1363 1367 1372 1377 1382 1388 1392 1397 1400 1405 1410 1416 1427 1429 1431 1433 1436 1439 1442 1451 1454 1459 1464 1472 1487 1500 1520 1534 1556 1559 1562 1565 1569 1572 1576 1581 1590 1593 1595 1597 1599 1602 1608 1611 1615 1619 1626 1629 1633 1638 1644 1648 1653 1659 1667 1678 1682 1692 1709 1720 1736 1775 1794 1819 1820 1830 1834 1835 1837 1839 1841 1845 1850 1854 1858 1861 1863 1865 1871 1876 1879 1887 1891 1892 1910 1932 1971 1987 2001 2003 2007 2010 2013 2015 2017 2021 2026 2030 2038 2044 2045 2061 2075 2086 2096 2113 2130 2132 2136 2139 2142 2144 2146 2150 2155 2159 2167 2173 2183 2189 2190 2206 2220 2237 2248 2249 2250 
CAd_fill: 0 1 2 5 7 9 12 16 21 24 27 29 31 34 39 44 47 49 52 55 57 60 63 67 73 80 84 87 90 92 94 97 100 105 108 111 113 115 118 122 127 130 133 135 137 140 145 150 155 159 161 164 167 169 172 175 179 185 192 196 199 202 204 206 209 212 217 220 225 231 237 240 243 247 252 256 259 263 267 273 278 282 286 291 297 302 312 326 330 335 341 345 349 354 360 367 371 375 380 382 385 389 394 400 403 408 414 420 424 430 436 440 443 447 452 455 458 462 467 472 476 482 488 492 497 508 513 517 522 528 532 538 542 547 551 555 560 566 576 581 583 585 588 590 593 601 605 609 614 621 635 649 669 683 706 710 713 716 720 723 727 732 740 744 747 749 751 754 759 762 766 770 777 780 783 788 794 798 803 809 817 828 833 841 858 869 874 876 879 881 883 885 888 891 894 896 898 901 903 908 913 917 920 923 926 930 934 938 945 949 953 957 961 965 975 978 979 981 983 986 991 995 999 1002 1005 1007 1011 1017 1021 1023 1025 1028 1030 1032 1034 1037 1040 1043 1045 1047 1050 1052 1057 1062 1066 1071 1077 1083 1086 1089 1093 1098 1102 1105 1109 1113 1119 1124 1128 1132 1137 1143 1148 1158 1172 1176 1181 1187 1191 1195 1200 1206 1213 1217 1221 1226 1228 1231 1235 1240 1246 1249 1254 1260 1266 1270 1276 1282 1286 1289 1293 1298 1301 1304 1308 1313 1318 1322 1328 1334 1338 1343 1354 1359 1363 1368 1374 1378 1384 1388 1393 1397 1401 1406 1412 1422 1427 1429 1431 1434 1436 1439 1447 1451 1455 1460 1467 1481 1495 1515 1529 1552 1556 1559 1562 1566 1569 1573 1578 1586 1590 1593 1595 1597 1600 1605 1608 1612 1616 1623 1626 1629 1634 1640 1644 1649 1655 1663 1674 1679 1687 1704 1715 1731 1770 1789 1815 1819 1826 1833 1834 1835 1837 1839 1842 1847 1851 1855 1858 1861 1863 1867 1873 1877 1884 1889 1891 1906 1929 1968 1985 1998 2001 2004 2007 2010 2013 2015 2018 2022 2027 2034 2040 2044 2058 2071 2083 2094 2112 2127 2130 2133 2136 2139 2142 2144 2147 2151 2156 2163 2169 2178 2185 2189 2203 2217 2235 2247 2248 2249 
div count is 914
ms count is 2209
div + ms count is 3123 the ideal cycle is 196
flops: 5332
SUCCESS: 初始化inst!
SUCCESS: 分配ocp!
SUCCESS: 分配ocp!
SUCCESS: Build Graph!

Node 0 - n: 0, ai: 0
ready time: 0, valid: 1
child: 
pool: 
to_do: 0
pri: 0

Node 1 - n: 1, ai: 1
ready time: 0, valid: 1
child: 
pool: 
to_do: 0
pri: 0

Node 2 - n: 2, ai: 2
ready time: 0, valid: 1
child: 3 4 
pool: 
to_do: 0
pri: 8

Node 3 - n: 3, ai: 3
ready time: 0, valid: 0
child: 2203 2216 
pool: <-1,2,3,1> 
to_do: 1
pri: 7

Node 4 - n: 4, ai: 4
ready time: 0, valid: 0
child: 2204 2217 
pool: <-1,2,4,1> 
to_do: 1
pri: 6

Node 5 - n: 5, ai: 5
ready time: 0, valid: 1
child: 6 
pool: 
to_do: 0
pri: 10

Node 6 - n: 6, ai: 6
ready time: 0, valid: 0
child: 23 
pool: <-1,5,6,1> 
to_do: 1
pri: 9

Node 7 - n: 7, ai: 7
ready time: 0, valid: 1
child: 8 
pool: 
to_do: 0
pri: 11

Node 8 - n: 8, ai: 8
ready time: 0, valid: 0
child: 16 2192 
pool: <-1,7,8,1> 
to_do: 1
pri: 10

Node 9 - n: 9, ai: 9
ready time: 0, valid: 1
child: 10 11 
pool: 
to_do: 0
pri: 8

Node 10 - n: 10, ai: 10
ready time: 0, valid: 0
child: 2208 
pool: <-1,9,10,1> 
to_do: 1
pri: 6

Node 11 - n: 11, ai: 11
ready time: 0, valid: 0
child: 2209 
pool: <-1,9,11,1> 
to_do: 1
pri: 7

Node 12 - n: 12, ai: 12
ready time: 0, valid: 1
child: 13 
pool: 
to_do: 0
pri: 8

Node 13 - n: 13, ai: 13
ready time: 0, valid: 0
child: 19 2217 
pool: <-1,12,13,1> 
to_do: 1
pri: 7

Node 14 - n: 14, ai: 14
ready time: 0, valid: 1
child: 16 
pool: 
to_do: 0
pri: 10

Node 15 - n: 15, ai: 15
ready time: 0, valid: 1
child: 19 
pool: 
to_do: 0
pri: 7

Node 16 - n: 16, ai: 16
ready time: 0, valid: 0
child: 17 18 19 
pool: <14,8,16,0> 
to_do: 1
pri: 9

Node 17 - n: 17, ai: 17
ready time: 0, valid: 0
child: 2193 
pool: <-1,16,17,1> 
to_do: 1
pri: 8

Node 18 - n: 18, ai: 18
ready time: 0, valid: 0
child: 2201 
pool: <-1,16,18,1> 
to_do: 1
pri: 8

Node 19 - n: 19, ai: 19
ready time: 0, valid: 0
child: 2204 
pool: <15,13,19,0> <-1,16,19,1> 
to_do: 2
pri: 6

Node 20 - n: 20, ai: 20
ready time: 0, valid: 1
child: 23 
pool: 
to_do: 0
pri: 9

Node 21 - n: 21, ai: 21
ready time: 0, valid: 1
child: 22 23 
pool: 
to_do: 0
pri: 9

Node 22 - n: 22, ai: 22
ready time: 0, valid: 0
child: 2186 2202 2215 
pool: <-1,21,22,1> 
to_do: 1
pri: 2

Node 23 - n: 23, ai: 23
ready time: 0, valid: 0
child: 2187 2203 2216 
pool: <20,6,23,0> <-1,21,23,1> 
to_do: 2
pri: 8

Node 24 - n: 24, ai: 24
ready time: 0, valid: 1
child: 25 26 
pool: 
to_do: 0
pri: 4

Node 25 - n: 25, ai: 25
ready time: 0, valid: 0
child: 2235 2246 
pool: <-1,24,25,1> 
to_do: 1
pri: 3

Node 26 - n: 26, ai: 26
ready time: 0, valid: 0
child: 2236 2247 
pool: <-1,24,26,1> 
to_do: 1
pri: 2

Node 27 - n: 27, ai: 27
ready time: 0, valid: 1
child: 28 
pool: 
to_do: 0
pri: 8

Node 28 - n: 28, ai: 28
ready time: 0, valid: 0
child: 46 
pool: <-1,27,28,1> 
to_do: 1
pri: 7

Node 29 - n: 29, ai: 29
ready time: 0, valid: 1
child: 30 
pool: 
to_do: 0
pri: 9

Node 30 - n: 30, ai: 30
ready time: 0, valid: 0
child: 39 2222 
pool: <-1,29,30,1> 
to_do: 1
pri: 8

Node 31 - n: 31, ai: 31
ready time: 0, valid: 1
child: 32 
pool: 
to_do: 0
pri: 7

Node 32 - n: 32, ai: 32
ready time: 0, valid: 0
child: 35 2239 
pool: <-1,31,32,1> 
to_do: 1
pri: 6

Node 33 - n: 33, ai: 33
ready time: 0, valid: 1
child: 35 
pool: 
to_do: 0
pri: 6

Node 34 - n: 34, ai: 34
ready time: 0, valid: 1
child: 35 36 
pool: 
to_do: 0
pri: 6

Node 35 - n: 35, ai: 35
ready time: 0, valid: 0
child: 40 
pool: <33,32,35,0> <-1,34,35,1> 
to_do: 2
pri: 5

Node 36 - n: 36, ai: 36
ready time: 0, valid: 0
child: 42 
pool: <-1,34,36,1> 
to_do: 1
pri: 3

Node 37 - n: 37, ai: 37
ready time: 0, valid: 1
child: 39 
pool: 
to_do: 0
pri: 8

Node 38 - n: 38, ai: 38
ready time: 0, valid: 1
child: 40 42 
pool: 
to_do: 0
pri: 5

Node 39 - n: 39, ai: 39
ready time: 0, valid: 0
child: 40 41 42 
pool: <37,30,39,0> 
to_do: 1
pri: 7

Node 40 - n: 40, ai: 40
ready time: 0, valid: 0
child: 2223 
pool: <38,35,40,0> <-1,39,40,1> 
to_do: 2
pri: 4

Node 41 - n: 41, ai: 41
ready time: 0, valid: 0
child: 2231 
pool: <-1,39,41,1> 
to_do: 1
pri: 6

Node 42 - n: 42, ai: 42
ready time: 0, valid: 0
child: 2236 
pool: <38,36,42,0> <-1,39,42,1> 
to_do: 2
pri: 2

Node 43 - n: 43, ai: 43
ready time: 0, valid: 1
child: 46 
pool: 
to_do: 0
pri: 7

Node 44 - n: 44, ai: 44
ready time: 0, valid: 1
child: 45 46 
pool: 
to_do: 0
pri: 7

Node 45 - n: 45, ai: 45
ready time: 0, valid: 0
child: 2186 2232 2244 
pool: <-1,44,45,1> 
to_do: 1
pri: 2

Node 46 - n: 46, ai: 46
ready time: 0, valid: 0
child: 2188 2235 2246 
pool: <43,28,46,0> <-1,44,46,1> 
to_do: 2
pri: 6

Node 47 - n: 47, ai: 47
ready time: 0, valid: 1
child: 
pool: 
to_do: 0
pri: 0

Node 48 - n: 48, ai: 48
ready time: 0, valid: 1
child: 
pool: 
to_do: 0
pri: 0

Node 49 - n: 49, ai: 49
ready time: 0, valid: 1
child: 50 
pool: 
to_do: 0
pri: 1

Node 50 - n: 50, ai: 50
ready time: 0, valid: 0
child: 
pool: <-1,49,50,1> 
to_do: 1
pri: 0

Node 51 - n: 51, ai: 51
ready time: 0, valid: 1
child: 
pool: 
to_do: 0
pri: 0

Node 52 - n: 52, ai: 52
ready time: 0, valid: 1
child: 53 
pool: 
to_do: 0
pri: 10

Node 53 - n: 53, ai: 53
ready time: 0, valid: 0
child: 55 
pool: <-1,52,53,1> 
to_do: 1
pri: 9

Node 54 - n: 54, ai: 54
ready time: 0, valid: 1
child: 55 
pool: 
to_do: 0
pri: 9

Node 55 - n: 55, ai: 55
ready time: 0, valid: 0
child: 56 
pool: <54,53,55,0> 
to_do: 1
pri: 8

Node 56 - n: 56, ai: 56
ready time: 0, valid: 0
child: 2178 
pool: <-1,55,56,1> 
to_do: 1
pri: 7

Node 57 - n: 57, ai: 57
ready time: 0, valid: 1
child: 58 59 
pool: 
to_do: 0
pri: 10

Node 58 - n: 58, ai: 58
ready time: 0, valid: 0
child: 80 2175 
pool: <-1,57,58,1> 
to_do: 1
pri: 9

Node 59 - n: 59, ai: 59
ready time: 0, valid: 0
child: 81 2178 
pool: <-1,57,59,1> 
to_do: 1
pri: 8

Node 60 - n: 60, ai: 60
ready time: 0, valid: 1
child: 61 62 
pool: 
to_do: 0
pri: 12

Node 61 - n: 61, ai: 61
ready time: 0, valid: 0
child: 73 2241 
pool: <-1,60,61,1> 
to_do: 1
pri: 11

Node 62 - n: 62, ai: 62
ready time: 0, valid: 0
child: 76 2247 
pool: <-1,60,62,1> 
to_do: 1
pri: 6

Node 63 - n: 63, ai: 63
ready time: 0, valid: 1
child: 64 65 
pool: 
to_do: 0
pri: 14

Node 64 - n: 64, ai: 64
ready time: 0, valid: 0
child: 67 2211 
pool: <-1,63,64,1> 
to_do: 1
pri: 13

Node 65 - n: 65, ai: 65
ready time: 0, valid: 0
child: 70 2217 
pool: <-1,63,65,1> 
to_do: 1
pri: 9

Node 66 - n: 66, ai: 66
ready time: 0, valid: 1
child: 67 70 
pool: 
to_do: 0
pri: 13

Node 67 - n: 67, ai: 67
ready time: 0, valid: 0
child: 68 69 70 
pool: <66,64,67,0> 
to_do: 1
pri: 12

Node 68 - n: 68, ai: 68
ready time: 0, valid: 0
child: 73 79 2212 
pool: <-1,67,68,1> 
to_do: 1
pri: 11

Node 69 - n: 69, ai: 69
ready time: 0, valid: 0
child: 74 80 2213 
pool: <-1,67,69,1> 
to_do: 1
pri: 10

Node 70 - n: 70, ai: 70
ready time: 0, valid: 0
child: 75 82 2217 
pool: <66,65,70,0> <-1,67,70,1> 
to_do: 2
pri: 8

Node 71 - n: 71, ai: 71
ready time: 0, valid: 1
child: 73 76 
pool: 
to_do: 0
pri: 11

Node 72 - n: 72, ai: 72
ready time: 0, valid: 1
child: 73 74 75 
pool: 
to_do: 0
pri: 11

Node 73 - n: 73, ai: 73
ready time: 0, valid: 0
child: 74 75 76 
pool: <71,61,73,0> <72,68,73,0> 
to_do: 2
pri: 10

Node 74 - n: 74, ai: 74
ready time: 0, valid: 0
child: 80 2213 2242 
pool: <72,69,74,0> <-1,73,74,1> 
to_do: 2
pri: 9

Node 75 - n: 75, ai: 75
ready time: 0, valid: 0
child: 82 2217 2245 
pool: <72,70,75,0> <-1,73,75,1> 
to_do: 2
pri: 7

Node 76 - n: 76, ai: 76
ready time: 0, valid: 0
child: 83 2219 2247 
pool: <71,62,76,0> <-1,73,76,1> 
to_do: 2
pri: 5

Node 77 - n: 77, ai: 77
ready time: 0, valid: 1
child: 80 81 
pool: 
to_do: 0
pri: 9

Node 78 - n: 78, ai: 78
ready time: 0, valid: 1
child: 79 80 82 
pool: 
to_do: 0
pri: 10

Node 79 - n: 79, ai: 79
ready time: 0, valid: 0
child: 80 82 83 
pool: <78,68,79,0> 
to_do: 1
pri: 9

Node 80 - n: 80, ai: 80
ready time: 0, valid: 0
child: 81 82 83 
pool: <77,58,80,0> <78,69,80,0> <79,74,80,0> 
to_do: 3
pri: 8

Node 81 - n: 81, ai: 81
ready time: 0, valid: 0
child: 2178 2214 2243 
pool: <77,59,81,0> <-1,80,81,1> 
to_do: 2
pri: 7

Node 82 - n: 82, ai: 82
ready time: 0, valid: 0
child: 2180 2217 2245 
pool: <78,70,82,0> <79,75,82,0> <-1,80,82,1> 
to_do: 3
pri: 6

Node 83 - n: 83, ai: 83
ready time: 0, valid: 0
child: 2182 2219 2247 
pool: <79,76,83,0> <-1,80,83,1> 
to_do: 2
pri: 4

Node 84 - n: 84, ai: 84
ready time: 0, valid: 1
child: 85 86 
pool: 
to_do: 0
pri: 10

Node 85 - n: 85, ai: 85
ready time: 0, valid: 0
child: 106 
pool: <-1,84,85,1> 
to_do: 1
pri: 3

Node 86 - n: 86, ai: 86
ready time: 0, valid: 0
child: 107 
pool: <-1,84,86,1> 
to_do: 1
pri: 9

Node 87 - n: 87, ai: 87
ready time: 0, valid: 1
child: 88 89 
pool: 
to_do: 0
pri: 10

Node 88 - n: 88, ai: 88
ready time: 0, valid: 0
child: 2127 2199 
pool: <-1,87,88,1> 
to_do: 1
pri: 9

Node 89 - n: 89, ai: 89
ready time: 0, valid: 0
child: 2129 2203 
pool: <-1,87,89,1> 
to_do: 1
pri: 8

Node 90 - n: 90, ai: 90
ready time: 0, valid: 1
child: 91 
pool: 
to_do: 0
pri: 8

Node 91 - n: 91, ai: 91
ready time: 0, valid: 0
child: 2203 
pool: <-1,90,91,1> 
to_do: 1
pri: 7

Node 92 - n: 92, ai: 92
ready time: 0, valid: 1
child: 93 
pool: 
to_do: 0
pri: 10

Node 93 - n: 93, ai: 93
ready time: 0, valid: 0
child: 2197 
pool: <-1,92,93,1> 
to_do: 1
pri: 9

Node 94 - n: 94, ai: 94
ready time: 0, valid: 1
child: 95 96 
pool: 
to_do: 0
pri: 11

Node 95 - n: 95, ai: 95
ready time: 0, valid: 0
child: 2115 
pool: <-1,94,95,1> 
to_do: 1
pri: 10

Node 96 - n: 96, ai: 96
ready time: 0, valid: 0
child: 2116 
pool: <-1,94,96,1> 
to_do: 1
pri: 9

Node 97 - n: 97, ai: 97
ready time: 0, valid: 1
child: 98 
pool: 
to_do: 0
pri: 10

Node 98 - n: 98, ai: 98
ready time: 0, valid: 0
child: 102 2127 
pool: <-1,97,98,1> 
to_do: 1
pri: 9

Node 99 - n: 99, ai: 99
ready time: 0, valid: 1
child: 102 
pool: 
to_do: 0
pri: 9

Node 100 - n: 100, ai: 100
ready time: 0, valid: 1
child: 101 102 103 
pool: 
to_do: 0
pri: 9

Node 101 - n: 101, ai: 101
ready time: 0, valid: 0
child: 2198 
pool: <-1,100,101,1> 
to_do: 1
pri: 8

Node 102 - n: 102, ai: 102
ready time: 0, valid: 0
child: 2199 
pool: <99,98,102,0> <-1,100,102,1> 
to_do: 2
pri: 8

Node 103 - n: 103, ai: 103
ready time: 0, valid: 0
child: 2200 
pool: <-1,100,103,1> 
to_do: 1
pri: 8

Node 104 - n: 104, ai: 104
ready time: 0, valid: 1
child: 106 107 
pool: 
to_do: 0
pri: 9

Node 105 - n: 105, ai: 105
ready time: 0, valid: 1
child: 106 107 
pool: 
to_do: 0
pri: 9

Node 106 - n: 106, ai: 106
ready time: 0, valid: 0
child: 2128 2170 2202 
pool: <104,85,106,0> <-1,105,106,1> 
to_do: 2
pri: 2

Node 107 - n: 107, ai: 107
ready time: 0, valid: 0
child: 2129 2171 2203 
pool: <104,86,107,0> <-1,105,107,1> 
to_do: 2
pri: 8

Node 108 - n: 108, ai: 108
ready time: 0, valid: 1
child: 109 110 
pool: 
to_do: 0
pri: 10

Node 109 - n: 109, ai: 109
ready time: 0, valid: 0
child: 2058 2070 
pool: <-1,108,109,1> 
to_do: 1
pri: 9

Node 110 - n: 110, ai: 110
ready time: 0, valid: 0
child: 2059 2071 
pool: <-1,108,110,1> 
to_do: 1
pri: 8

Node 111 - n: 111, ai: 111
ready time: 0, valid: 1
child: 112 
pool: 
to_do: 0
pri: 12

Node 112 - n: 112, ai: 112
ready time: 0, valid: 0
child: 129 
pool: <-1,111,112,1> 
to_do: 1
pri: 11

Node 113 - n: 113, ai: 113
ready time: 0, valid: 1
child: 114 
pool: 
to_do: 0
pri: 13

Node 114 - n: 114, ai: 114
ready time: 0, valid: 0
child: 122 2047 
pool: <-1,113,114,1> 
to_do: 1
pri: 12

Node 115 - n: 115, ai: 115
ready time: 0, valid: 1
child: 116 117 
pool: 
to_do: 0
pri: 10

Node 116 - n: 116, ai: 116
ready time: 0, valid: 0
child: 2063 
pool: <-1,115,116,1> 
to_do: 1
pri: 8

Node 117 - n: 117, ai: 117
ready time: 0, valid: 0
child: 2064 
pool: <-1,115,117,1> 
to_do: 1
pri: 9

Node 118 - n: 118, ai: 118
ready time: 0, valid: 1
child: 119 
pool: 
to_do: 0
pri: 10

Node 119 - n: 119, ai: 119
ready time: 0, valid: 0
child: 125 2071 
pool: <-1,118,119,1> 
to_do: 1
pri: 9

Node 120 - n: 120, ai: 120
ready time: 0, valid: 1
child: 122 
pool: 
to_do: 0
pri: 12

Node 121 - n: 121, ai: 121
ready time: 0, valid: 1
child: 125 
pool: 
to_do: 0
pri: 9

Node 122 - n: 122, ai: 122
ready time: 0, valid: 0
child: 123 124 125 
pool: <120,114,122,0> 
to_do: 1
pri: 11

Node 123 - n: 123, ai: 123
ready time: 0, valid: 0
child: 2048 
pool: <-1,122,123,1> 
to_do: 1
pri: 10

Node 124 - n: 124, ai: 124
ready time: 0, valid: 0
child: 2049 
pool: <-1,122,124,1> 
to_do: 1
pri: 10

Node 125 - n: 125, ai: 125
ready time: 0, valid: 0
child: 2059 
pool: <121,119,125,0> <-1,122,125,1> 
to_do: 2
pri: 8

Node 126 - n: 126, ai: 126
ready time: 0, valid: 1
child: 129 
pool: 
to_do: 0
pri: 11

Node 127 - n: 127, ai: 127
ready time: 0, valid: 1
child: 128 129 
pool: 
to_do: 0
pri: 11

Node 128 - n: 128, ai: 128
ready time: 0, valid: 0
child: 156 2057 2069 
pool: <-1,127,128,1> 
to_do: 1
pri: 2

Node 129 - n: 129, ai: 129
ready time: 0, valid: 0
child: 157 2058 2070 
pool: <126,112,129,0> <-1,127,129,1> 
to_do: 2
pri: 10

Node 130 - n: 130, ai: 130
ready time: 0, valid: 1
child: 131 132 
pool: 
to_do: 0
pri: 6

Node 131 - n: 131, ai: 131
ready time: 0, valid: 0
child: 2083 2110 
pool: <-1,130,131,1> 
to_do: 1
pri: 5

Node 132 - n: 132, ai: 132
ready time: 0, valid: 0
child: 2085 2112 
pool: <-1,130,132,1> 
to_do: 1
pri: 3

Node 133 - n: 133, ai: 133
ready time: 0, valid: 1
child: 134 
pool: 
to_do: 0
pri: 8

Node 134 - n: 134, ai: 134
ready time: 0, valid: 0
child: 152 
pool: <-1,133,134,1> 
to_do: 1
pri: 7

Node 135 - n: 135, ai: 135
ready time: 0, valid: 1
child: 136 
pool: 
to_do: 0
pri: 9

Node 136 - n: 136, ai: 136
ready time: 0, valid: 0
child: 145 2098 
pool: <-1,135,136,1> 
to_do: 1
pri: 8

Node 137 - n: 137, ai: 137
ready time: 0, valid: 1
child: 138 
pool: 
to_do: 0
pri: 5

Node 138 - n: 138, ai: 138
ready time: 0, valid: 0
child: 141 2077 
pool: <-1,137,138,1> 
to_do: 1
pri: 4

Node 139 - n: 139, ai: 139
ready time: 0, valid: 1
child: 141 
pool: 
to_do: 0
pri: 4

Node 140 - n: 140, ai: 140
ready time: 0, valid: 1
child: 141 142 
pool: 
to_do: 0
pri: 5

Node 141 - n: 141, ai: 141
ready time: 0, valid: 0
child: 146 
pool: <139,138,141,0> <-1,140,141,1> 
to_do: 2
pri: 3

Node 142 - n: 142, ai: 142
ready time: 0, valid: 0
child: 148 
pool: <-1,140,142,1> 
to_do: 1
pri: 4

Node 143 - n: 143, ai: 143
ready time: 0, valid: 1
child: 145 
pool: 
to_do: 0
pri: 8

Node 144 - n: 144, ai: 144
ready time: 0, valid: 1
child: 146 148 
pool: 
to_do: 0
pri: 4

Node 145 - n: 145, ai: 145
ready time: 0, valid: 0
child: 146 147 148 
pool: <143,136,145,0> 
to_do: 1
pri: 7

Node 146 - n: 146, ai: 146
ready time: 0, valid: 0
child: 2099 
pool: <144,141,146,0> <-1,145,146,1> 
to_do: 2
pri: 2

Node 147 - n: 147, ai: 147
ready time: 0, valid: 0
child: 2100 
pool: <-1,145,147,1> 
to_do: 1
pri: 6

Node 148 - n: 148, ai: 148
ready time: 0, valid: 0
child: 2110 
pool: <144,142,148,0> <-1,145,148,1> 
to_do: 2
pri: 3

Node 149 - n: 149, ai: 149
ready time: 0, valid: 1
child: 152 
pool: 
to_do: 0
pri: 7

Node 150 - n: 150, ai: 150
ready time: 0, valid: 1
child: 151 152 
pool: 
to_do: 0
pri: 7

Node 151 - n: 151, ai: 151
ready time: 0, valid: 0
child: 156 2081 2107 
pool: <-1,150,151,1> 
to_do: 1
pri: 2

Node 152 - n: 152, ai: 152
ready time: 0, valid: 0
child: 158 2085 2112 
pool: <149,134,152,0> <-1,150,152,1> 
to_do: 2
pri: 6

Node 153 - n: 153, ai: 153
ready time: 0, valid: 1
child: 156 157 
pool: 
to_do: 0
pri: 10

Node 154 - n: 154, ai: 154
ready time: 0, valid: 1
child: 156 158 
pool: 
to_do: 0
pri: 6

Node 155 - n: 155, ai: 155
ready time: 0, valid: 1
child: 156 157 158 
pool: 
to_do: 0
pri: 10

Node 156 - n: 156, ai: 156
ready time: 0, valid: 0
child: 2057 2107 
pool: <153,128,156,0> <154,151,156,0> <-1,155,156,1> 
to_do: 3
pri: 1

Node 157 - n: 157, ai: 157
ready time: 0, valid: 0
child: 2058 2108 
pool: <153,129,157,0> <-1,155,157,1> 
to_do: 2
pri: 9

Node 158 - n: 158, ai: 158
ready time: 0, valid: 0
child: 2060 2112 
pool: <154,152,158,0> <-1,155,158,1> 
to_do: 2
pri: 5

Node 159 - n: 159, ai: 159
ready time: 0, valid: 1
child: 
pool: 
to_do: 0
pri: 0

Node 160 - n: 160, ai: 160
ready time: 0, valid: 1
child: 
pool: 
to_do: 0
pri: 0

Node 161 - n: 161, ai: 161
ready time: 0, valid: 1
child: 162 
pool: 
to_do: 0
pri: 1

Node 162 - n: 162, ai: 162
ready time: 0, valid: 0
child: 
pool: <-1,161,162,1> 
to_do: 1
pri: 0

Node 163 - n: 163, ai: 163
ready time: 0, valid: 1
child: 
pool: 
to_do: 0
pri: 0

Node 164 - n: 164, ai: 164
ready time: 0, valid: 1
child: 165 
pool: 
to_do: 0
pri: 6

Node 165 - n: 165, ai: 165
ready time: 0, valid: 0
child: 167 
pool: <-1,164,165,1> 
to_do: 1
pri: 5

Node 166 - n: 166, ai: 166
ready time: 0, valid: 1
child: 167 
pool: 
to_do: 0
pri: 5

Node 167 - n: 167, ai: 167
ready time: 0, valid: 0
child: 168 
pool: <166,165,167,0> 
to_do: 1
pri: 4

Node 168 - n: 168, ai: 168
ready time: 0, valid: 0
child: 2094 
pool: <-1,167,168,1> 
to_do: 1
pri: 3

Node 169 - n: 169, ai: 169
ready time: 0, valid: 1
child: 170 171 
pool: 
to_do: 0
pri: 10

Node 170 - n: 170, ai: 170
ready time: 0, valid: 0
child: 192 2088 
pool: <-1,169,170,1> 
to_do: 1
pri: 9

Node 171 - n: 171, ai: 171
ready time: 0, valid: 0
child: 195 2094 
pool: <-1,169,171,1> 
to_do: 1
pri: 6

Node 172 - n: 172, ai: 172
ready time: 0, valid: 1
child: 173 174 
pool: 
to_do: 0
pri: 12

Node 173 - n: 173, ai: 173
ready time: 0, valid: 0
child: 185 2079 
pool: <-1,172,173,1> 
to_do: 1
pri: 11

Node 174 - n: 174, ai: 174
ready time: 0, valid: 0
child: 188 2083 
pool: <-1,172,174,1> 
to_do: 1
pri: 8

Node 175 - n: 175, ai: 175
ready time: 0, valid: 1
child: 176 177 
pool: 
to_do: 0
pri: 14

Node 176 - n: 176, ai: 176
ready time: 0, valid: 0
child: 179 2066 
pool: <-1,175,176,1> 
to_do: 1
pri: 13

Node 177 - n: 177, ai: 177
ready time: 0, valid: 0
child: 182 2071 
pool: <-1,175,177,1> 
to_do: 1
pri: 10

Node 178 - n: 178, ai: 178
ready time: 0, valid: 1
child: 179 182 
pool: 
to_do: 0
pri: 13

Node 179 - n: 179, ai: 179
ready time: 0, valid: 0
child: 180 181 182 
pool: <178,176,179,0> 
to_do: 1
pri: 12

Node 180 - n: 180, ai: 180
ready time: 0, valid: 0
child: 185 191 2067 
pool: <-1,179,180,1> 
to_do: 1
pri: 11

Node 181 - n: 181, ai: 181
ready time: 0, valid: 0
child: 186 192 2068 
pool: <-1,179,181,1> 
to_do: 1
pri: 10

Node 182 - n: 182, ai: 182
ready time: 0, valid: 0
child: 187 193 2071 
pool: <178,177,182,0> <-1,179,182,1> 
to_do: 2
pri: 9

Node 183 - n: 183, ai: 183
ready time: 0, valid: 1
child: 185 188 
pool: 
to_do: 0
pri: 11

Node 184 - n: 184, ai: 184
ready time: 0, valid: 1
child: 185 186 187 
pool: 
to_do: 0
pri: 11

Node 185 - n: 185, ai: 185
ready time: 0, valid: 0
child: 186 187 188 
pool: <183,173,185,0> <184,180,185,0> 
to_do: 2
pri: 10

Node 186 - n: 186, ai: 186
ready time: 0, valid: 0
child: 192 2068 2080 
pool: <184,181,186,0> <-1,185,186,1> 
to_do: 2
pri: 9

Node 187 - n: 187, ai: 187
ready time: 0, valid: 0
child: 193 2071 2082 
pool: <184,182,187,0> <-1,185,187,1> 
to_do: 2
pri: 8

Node 188 - n: 188, ai: 188
ready time: 0, valid: 0
child: 194 2072 2083 
pool: <183,174,188,0> <-1,185,188,1> 
to_do: 2
pri: 7

Node 189 - n: 189, ai: 189
ready time: 0, valid: 1
child: 192 195 
pool: 
to_do: 0
pri: 9

Node 190 - n: 190, ai: 190
ready time: 0, valid: 1
child: 191 192 193 
pool: 
to_do: 0
pri: 10

Node 191 - n: 191, ai: 191
ready time: 0, valid: 0
child: 192 193 194 
pool: <190,180,191,0> 
to_do: 1
pri: 9

Node 192 - n: 192, ai: 192
ready time: 0, valid: 0
child: 193 194 195 
pool: <189,170,192,0> <190,181,192,0> <191,186,192,0> 
to_do: 3
pri: 8

Node 193 - n: 193, ai: 193
ready time: 0, valid: 0
child: 2071 2082 2092 
pool: <190,182,193,0> <191,187,193,0> <-1,192,193,1> 
to_do: 3
pri: 7

Node 194 - n: 194, ai: 194
ready time: 0, valid: 0
child: 2072 2083 2093 
pool: <191,188,194,0> <-1,192,194,1> 
to_do: 2
pri: 6

Node 195 - n: 195, ai: 195
ready time: 0, valid: 0
child: 2073 2084 2094 
pool: <189,171,195,0> <-1,192,195,1> 
to_do: 2
pri: 5

Node 196 - n: 196, ai: 196
ready time: 0, valid: 1
child: 197 198 
pool: 
to_do: 0
pri: 12

Node 197 - n: 197, ai: 197
ready time: 0, valid: 0
child: 218 
pool: <-1,196,197,1> 
to_do: 1
pri: 3

Node 198 - n: 198, ai: 198
ready time: 0, valid: 0
child: 219 
pool: <-1,196,198,1> 
to_do: 1
pri: 11

Node 199 - n: 199, ai: 199
ready time: 0, valid: 1
child: 200 201 
pool: 
to_do: 0
pri: 12

Node 200 - n: 200, ai: 200
ready time: 0, valid: 0
child: 1998 2055 
pool: <-1,199,200,1> 
to_do: 1
pri: 11

Node 201 - n: 201, ai: 201
ready time: 0, valid: 0
child: 2000 2058 
pool: <-1,199,201,1> 
to_do: 1
pri: 10

Node 202 - n: 202, ai: 202
ready time: 0, valid: 1
child: 203 
pool: 
to_do: 0
pri: 10

Node 203 - n: 203, ai: 203
ready time: 0, valid: 0
child: 2058 
pool: <-1,202,203,1> 
to_do: 1
pri: 9

Node 204 - n: 204, ai: 204
ready time: 0, valid: 1
child: 205 
pool: 
to_do: 0
pri: 12

Node 205 - n: 205, ai: 205
ready time: 0, valid: 0
child: 2053 
pool: <-1,204,205,1> 
to_do: 1
pri: 11

Node 206 - n: 206, ai: 206
ready time: 0, valid: 1
child: 207 208 
pool: 
to_do: 0
pri: 13

Node 207 - n: 207, ai: 207
ready time: 0, valid: 0
child: 1989 
pool: <-1,206,207,1> 
to_do: 1
pri: 12

Node 208 - n: 208, ai: 208
ready time: 0, valid: 0
child: 1990 
pool: <-1,206,208,1> 
to_do: 1
pri: 11

Node 209 - n: 209, ai: 209
ready time: 0, valid: 1
child: 210 
pool: 
to_do: 0
pri: 12

Node 210 - n: 210, ai: 210
ready time: 0, valid: 0
child: 214 1998 
pool: <-1,209,210,1> 
to_do: 1
pri: 11

Node 211 - n: 211, ai: 211
ready time: 0, valid: 1
child: 214 
pool: 
to_do: 0
pri: 11

Node 212 - n: 212, ai: 212
ready time: 0, valid: 1
child: 213 214 215 
pool: 
to_do: 0
pri: 11

Node 213 - n: 213, ai: 213
ready time: 0, valid: 0
child: 2054 
pool: <-1,212,213,1> 
to_do: 1
pri: 10

Node 214 - n: 214, ai: 214
ready time: 0, valid: 0
child: 2055 
pool: <211,210,214,0> <-1,212,214,1> 
to_do: 2
pri: 10

Node 215 - n: 215, ai: 215
ready time: 0, valid: 0
child: 2056 
pool: <-1,212,215,1> 
to_do: 1
pri: 10

Node 216 - n: 216, ai: 216
ready time: 0, valid: 1
child: 218 219 
pool: 
to_do: 0
pri: 11

Node 217 - n: 217, ai: 217
ready time: 0, valid: 1
child: 218 219 
pool: 
to_do: 0
pri: 11

Node 218 - n: 218, ai: 218
ready time: 0, valid: 0
child: 1999 2041 2057 
pool: <216,197,218,0> <-1,217,218,1> 
to_do: 2
pri: 2

Node 219 - n: 219, ai: 219
ready time: 0, valid: 0
child: 2000 2042 2058 
pool: <216,198,219,0> <-1,217,219,1> 
to_do: 2
pri: 10

Node 220 - n: 220, ai: 220
ready time: 0, valid: 1
child: 221 222 223 
pool: 
to_do: 0
pri: 30

Node 221 - n: 221, ai: 221
ready time: 0, valid: 0
child: 225 230 316 
pool: <-1,220,221,1> 
to_do: 1
pri: 29

Node 222 - n: 222, ai: 222
ready time: 0, valid: 0
child: 226 231 317 
pool: <-1,220,222,1> 
to_do: 1
pri: 28

Node 223 - n: 223, ai: 223
ready time: 0, valid: 0
child: 228 233 326 
pool: <-1,220,223,1> 
to_do: 1
pri: 26

Node 224 - n: 224, ai: 224
ready time: 0, valid: 1
child: 225 226 228 
pool: 
to_do: 0
pri: 29

Node 225 - n: 225, ai: 225
ready time: 0, valid: 0
child: 226 227 228 
pool: <224,221,225,0> 
to_do: 1
pri: 28

Node 226 - n: 226, ai: 226
ready time: 0, valid: 0
child: 231 236 317 
pool: <224,222,226,0> <-1,225,226,1> 
to_do: 2
pri: 27

Node 227 - n: 227, ai: 227
ready time: 0, valid: 0
child: 232 237 318 
pool: <-1,225,227,1> 
to_do: 1
pri: 26

Node 228 - n: 228, ai: 228
ready time: 0, valid: 0
child: 233 238 326 
pool: <224,223,228,0> <-1,225,228,1> 
to_do: 2
pri: 25

Node 229 - n: 229, ai: 229
ready time: 0, valid: 1
child: 230 231 233 
pool: 
to_do: 0
pri: 28

Node 230 - n: 230, ai: 230
ready time: 0, valid: 0
child: 231 232 233 
pool: <229,221,230,0> 
to_do: 1
pri: 27

Node 231 - n: 231, ai: 231
ready time: 0, valid: 0
child: 232 233 234 
pool: <229,222,231,0> <230,226,231,0> 
to_do: 2
pri: 26

Node 232 - n: 232, ai: 232
ready time: 0, valid: 0
child: 237 318 675 
pool: <230,227,232,0> <-1,231,232,1> 
to_do: 2
pri: 25

Node 233 - n: 233, ai: 233
ready time: 0, valid: 0
child: 238 326 676 
pool: <229,223,233,0> <230,228,233,0> <-1,231,233,1> 
to_do: 3
pri: 24

Node 234 - n: 234, ai: 234
ready time: 0, valid: 0
child: 239 327 683 
pool: <-1,231,234,1> 
to_do: 1
pri: 23

Node 235 - n: 235, ai: 235
ready time: 0, valid: 1
child: 236 237 238 
pool: 
to_do: 0
pri: 26

Node 236 - n: 236, ai: 236
ready time: 0, valid: 0
child: 237 238 239 
pool: <235,226,236,0> 
to_do: 1
pri: 25

Node 237 - n: 237, ai: 237
ready time: 0, valid: 0
child: 238 239 
pool: <235,227,237,0> <236,232,237,0> 
to_do: 2
pri: 24

Node 238 - n: 238, ai: 238
ready time: 0, valid: 0
child: 326 676 
pool: <235,228,238,0> <236,233,238,0> <-1,237,238,1> 
to_do: 3
pri: 23

Node 239 - n: 239, ai: 239
ready time: 0, valid: 0
child: 327 683 
pool: <236,234,239,0> <-1,237,239,1> 
to_do: 2
pri: 22

Node 240 - n: 240, ai: 240
ready time: 0, valid: 1
child: 241 
pool: 
to_do: 0
pri: 32

Node 241 - n: 241, ai: 241
ready time: 0, valid: 0
child: 243 
pool: <-1,240,241,1> 
to_do: 1
pri: 31

Node 242 - n: 242, ai: 242
ready time: 0, valid: 1
child: 243 
pool: 
to_do: 0
pri: 31

Node 243 - n: 243, ai: 243
ready time: 0, valid: 0
child: 244 245 
pool: <242,241,243,0> 
to_do: 1
pri: 30

Node 244 - n: 244, ai: 244
ready time: 0, valid: 0
child: 247 251 
pool: <-1,243,244,1> 
to_do: 1
pri: 29

Node 245 - n: 245, ai: 245
ready time: 0, valid: 0
child: 248 252 
pool: <-1,243,245,1> 
to_do: 1
pri: 28

Node 246 - n: 246, ai: 246
ready time: 0, valid: 1
child: 247 248 
pool: 
to_do: 0
pri: 29

Node 247 - n: 247, ai: 247
ready time: 0, valid: 0
child: 248 249 
pool: <246,244,247,0> 
to_do: 1
pri: 28

Node 248 - n: 248, ai: 248
ready time: 0, valid: 0
child: 252 320 
pool: <246,245,248,0> <-1,247,248,1> 
to_do: 2
pri: 27

Node 249 - n: 249, ai: 249
ready time: 0, valid: 0
child: 254 326 
pool: <-1,247,249,1> 
to_do: 1
pri: 25

Node 250 - n: 250, ai: 250
ready time: 0, valid: 1
child: 251 252 
pool: 
to_do: 0
pri: 28

Node 251 - n: 251, ai: 251
ready time: 0, valid: 0
child: 252 254 
pool: <250,244,251,0> 
to_do: 1
pri: 27

Node 252 - n: 252, ai: 252
ready time: 0, valid: 0
child: 253 254 
pool: <250,245,252,0> <251,248,252,0> 
to_do: 2
pri: 26

Node 253 - n: 253, ai: 253
ready time: 0, valid: 0
child: 256 321 
pool: <-1,252,253,1> 
to_do: 1
pri: 25

Node 254 - n: 254, ai: 254
ready time: 0, valid: 0
child: 257 326 
pool: <251,249,254,0> <-1,252,254,1> 
to_do: 2
pri: 24

Node 255 - n: 255, ai: 255
ready time: 0, valid: 1
child: 256 257 
pool: 
to_do: 0
pri: 25

Node 256 - n: 256, ai: 256
ready time: 0, valid: 0
child: 257 258 
pool: <255,253,256,0> 
to_do: 1
pri: 24

Node 257 - n: 257, ai: 257
ready time: 0, valid: 0
child: 326 1972 
pool: <255,254,257,0> <-1,256,257,1> 
to_do: 2
pri: 23

Node 258 - n: 258, ai: 258
ready time: 0, valid: 0
child: 329 1985 
pool: <-1,256,258,1> 
to_do: 1
pri: 18

Node 259 - n: 259, ai: 259
ready time: 0, valid: 1
child: 260 261 
pool: 
to_do: 0
pri: 36

Node 260 - n: 260, ai: 260
ready time: 0, valid: 0
child: 263 271 
pool: <-1,259,260,1> 
to_do: 1
pri: 35

Node 261 - n: 261, ai: 261
ready time: 0, valid: 0
child: 265 273 
pool: <-1,259,261,1> 
to_do: 1
pri: 33

Node 262 - n: 262, ai: 262
ready time: 0, valid: 1
child: 263 265 
pool: 
to_do: 0
pri: 35

Node 263 - n: 263, ai: 263
ready time: 0, valid: 0
child: 264 265 
pool: <262,260,263,0> 
to_do: 1
pri: 34

Node 264 - n: 264, ai: 264
ready time: 0, valid: 0
child: 267 272 
pool: <-1,263,264,1> 
to_do: 1
pri: 33

Node 265 - n: 265, ai: 265
ready time: 0, valid: 0
child: 268 273 
pool: <262,261,265,0> <-1,263,265,1> 
to_do: 2
pri: 32

Node 266 - n: 266, ai: 266
ready time: 0, valid: 1
child: 267 268 
pool: 
to_do: 0
pri: 33

Node 267 - n: 267, ai: 267
ready time: 0, valid: 0
child: 268 269 
pool: <266,264,267,0> 
to_do: 1
pri: 32

Node 268 - n: 268, ai: 268
ready time: 0, valid: 0
child: 273 277 
pool: <266,265,268,0> <-1,267,268,1> 
to_do: 2
pri: 31

Node 269 - n: 269, ai: 269
ready time: 0, valid: 0
child: 274 278 
pool: <-1,267,269,1> 
to_do: 1
pri: 30

Node 270 - n: 270, ai: 270
ready time: 0, valid: 1
child: 271 273 
pool: 
to_do: 0
pri: 33

Node 271 - n: 271, ai: 271
ready time: 0, valid: 0
child: 272 273 
pool: <270,260,271,0> 
to_do: 1
pri: 32

Node 272 - n: 272, ai: 272
ready time: 0, valid: 0
child: 273 274 
pool: <271,264,272,0> 
to_do: 1
pri: 31

Node 273 - n: 273, ai: 273
ready time: 0, valid: 0
child: 274 275 
pool: <270,261,273,0> <271,265,273,0> <272,268,273,0> 
to_do: 3
pri: 30

Node 274 - n: 274, ai: 274
ready time: 0, valid: 0
child: 278 689 
pool: <272,269,274,0> <-1,273,274,1> 
to_do: 2
pri: 29

Node 275 - n: 275, ai: 275
ready time: 0, valid: 0
child: 281 706 
pool: <-1,273,275,1> 
to_do: 1
pri: 24

Node 276 - n: 276, ai: 276
ready time: 0, valid: 1
child: 277 278 
pool: 
to_do: 0
pri: 30

Node 277 - n: 277, ai: 277
ready time: 0, valid: 0
child: 278 281 
pool: <276,268,277,0> 
to_do: 1
pri: 29

Node 278 - n: 278, ai: 278
ready time: 0, valid: 0
child: 279 280 281 
pool: <276,269,278,0> <277,274,278,0> 
to_do: 2
pri: 28

Node 279 - n: 279, ai: 279
ready time: 0, valid: 0
child: 302 311 691 
pool: <-1,278,279,1> 
to_do: 1
pri: 27

Node 280 - n: 280, ai: 280
ready time: 0, valid: 0
child: 303 312 692 
pool: <-1,278,280,1> 
to_do: 1
pri: 26

Node 281 - n: 281, ai: 281
ready time: 0, valid: 0
child: 305 314 706 
pool: <277,275,281,0> <-1,278,281,1> 
to_do: 2
pri: 23

Node 282 - n: 282, ai: 282
ready time: 0, valid: 1
child: 283 284 
pool: 
to_do: 0
pri: 32

Node 283 - n: 283, ai: 283
ready time: 0, valid: 0
child: 286 308 
pool: <-1,282,283,1> 
to_do: 1
pri: 31

Node 284 - n: 284, ai: 284
ready time: 0, valid: 0
child: 289 312 
pool: <-1,282,284,1> 
to_do: 1
pri: 28

Node 285 - n: 285, ai: 285
ready time: 0, valid: 1
child: 286 289 
pool: 
to_do: 0
pri: 31

Node 286 - n: 286, ai: 286
ready time: 0, valid: 0
child: 287 288 289 
pool: <285,283,286,0> 
to_do: 1
pri: 30

Node 287 - n: 287, ai: 287
ready time: 0, valid: 0
child: 291 296 309 
pool: <-1,286,287,1> 
to_do: 1
pri: 29

Node 288 - n: 288, ai: 288
ready time: 0, valid: 0
child: 292 297 310 
pool: <-1,286,288,1> 
to_do: 1
pri: 28

Node 289 - n: 289, ai: 289
ready time: 0, valid: 0
child: 293 298 312 
pool: <285,284,289,0> <-1,286,289,1> 
to_do: 2
pri: 27

Node 290 - n: 290, ai: 290
ready time: 0, valid: 1
child: 291 292 293 
pool: 
to_do: 0
pri: 29

Node 291 - n: 291, ai: 291
ready time: 0, valid: 0
child: 292 293 294 
pool: <290,287,291,0> 
to_do: 1
pri: 28

Node 292 - n: 292, ai: 292
ready time: 0, valid: 0
child: 297 310 323 
pool: <290,288,292,0> <-1,291,292,1> 
to_do: 2
pri: 27

Node 293 - n: 293, ai: 293
ready time: 0, valid: 0
child: 298 312 325 
pool: <290,289,293,0> <-1,291,293,1> 
to_do: 2
pri: 26

Node 294 - n: 294, ai: 294
ready time: 0, valid: 0
child: 299 313 326 
pool: <-1,291,294,1> 
to_do: 1
pri: 25

Node 295 - n: 295, ai: 295
ready time: 0, valid: 1
child: 296 297 298 
pool: 
to_do: 0
pri: 28

Node 296 - n: 296, ai: 296
ready time: 0, valid: 0
child: 297 298 299 
pool: <295,287,296,0> 
to_do: 1
pri: 27

Node 297 - n: 297, ai: 297
ready time: 0, valid: 0
child: 298 299 300 
pool: <295,288,297,0> <296,292,297,0> 
to_do: 2
pri: 26

Node 298 - n: 298, ai: 298
ready time: 0, valid: 0
child: 312 325 692 
pool: <295,289,298,0> <296,293,298,0> <-1,297,298,1> 
to_do: 3
pri: 25

Node 299 - n: 299, ai: 299
ready time: 0, valid: 0
child: 313 326 693 
pool: <296,294,299,0> <-1,297,299,1> 
to_do: 2
pri: 24

Node 300 - n: 300, ai: 300
ready time: 0, valid: 0
child: 314 328 706 
pool: <-1,297,300,1> 
to_do: 1
pri: 22

Node 301 - n: 301, ai: 301
ready time: 0, valid: 1
child: 302 303 305 
pool: 
to_do: 0
pri: 27

Node 302 - n: 302, ai: 302
ready time: 0, valid: 0
child: 303 304 305 
pool: <301,279,302,0> 
to_do: 1
pri: 26

Node 303 - n: 303, ai: 303
ready time: 0, valid: 0
child: 312 325 692 
pool: <301,280,303,0> <-1,302,303,1> 
to_do: 2
pri: 25

Node 304 - n: 304, ai: 304
ready time: 0, valid: 0
child: 313 326 693 
pool: <-1,302,304,1> 
to_do: 1
pri: 24

Node 305 - n: 305, ai: 305
ready time: 0, valid: 0
child: 314 328 706 
pool: <301,281,305,0> <-1,302,305,1> 
to_do: 2
pri: 22

Node 306 - n: 306, ai: 306
ready time: 0, valid: 1
child: 311 312 314 
pool: 
to_do: 0
pri: 26

Node 307 - n: 307, ai: 307
ready time: 0, valid: 1
child: 308 312 
pool: 
to_do: 0
pri: 28

Node 308 - n: 308, ai: 308
ready time: 0, valid: 0
child: 309 310 312 
pool: <307,283,308,0> 
to_do: 1
pri: 27

Node 309 - n: 309, ai: 309
ready time: 0, valid: 0
child: 310 312 313 
pool: <308,287,309,0> 
to_do: 1
pri: 26

Node 310 - n: 310, ai: 310
ready time: 0, valid: 0
child: 312 313 314 
pool: <308,288,310,0> <309,292,310,0> 
to_do: 2
pri: 25

Node 311 - n: 311, ai: 311
ready time: 0, valid: 0
child: 312 313 314 
pool: <306,279,311,0> 
to_do: 1
pri: 25

Node 312 - n: 312, ai: 312
ready time: 0, valid: 0
child: 313 314 
pool: <306,280,312,0> <307,284,312,0> <308,289,312,0> <309,293,312,0> <310,298,312,0> <311,303,312,0> 
to_do: 6
pri: 24

Node 313 - n: 313, ai: 313
ready time: 0, valid: 0
child: 326 693 
pool: <309,294,313,0> <310,299,313,0> <311,304,313,0> <-1,312,313,1> 
to_do: 4
pri: 23

Node 314 - n: 314, ai: 314
ready time: 0, valid: 0
child: 328 706 
pool: <306,281,314,0> <310,300,314,0> <311,305,314,0> <-1,312,314,1> 
to_do: 4
pri: 21

Node 315 - n: 315, ai: 315
ready time: 0, valid: 1
child: 316 317 326 
pool: 
to_do: 0
pri: 26

Node 316 - n: 316, ai: 316
ready time: 0, valid: 0
child: 317 318 326 
pool: <315,221,316,0> 
to_do: 1
pri: 25

Node 317 - n: 317, ai: 317
ready time: 0, valid: 0
child: 318 326 327 
pool: <315,222,317,0> <316,226,317,0> 
to_do: 2
pri: 24

Node 318 - n: 318, ai: 318
ready time: 0, valid: 0
child: 326 327 
pool: <316,227,318,0> <317,232,318,0> 
to_do: 2
pri: 23

Node 319 - n: 319, ai: 319
ready time: 0, valid: 1
child: 320 326 
pool: 
to_do: 0
pri: 25

Node 320 - n: 320, ai: 320
ready time: 0, valid: 0
child: 321 326 
pool: <319,248,320,0> 
to_do: 1
pri: 24

Node 321 - n: 321, ai: 321
ready time: 0, valid: 0
child: 326 329 
pool: <320,253,321,0> 
to_do: 1
pri: 23

Node 322 - n: 322, ai: 322
ready time: 0, valid: 1
child: 323 325 326 
pool: 
to_do: 0
pri: 25

Node 323 - n: 323, ai: 323
ready time: 0, valid: 0
child: 325 326 328 
pool: <322,292,323,0> 
to_do: 1
pri: 24

Node 324 - n: 324, ai: 324
ready time: 0, valid: 1
child: 325 326 328 
pool: 
to_do: 0
pri: 24

Node 325 - n: 325, ai: 325
ready time: 0, valid: 0
child: 326 328 
pool: <322,293,325,0> <323,298,325,0> <324,303,325,0> 
to_do: 3
pri: 23

Node 326 - n: 326, ai: 326
ready time: 0, valid: 0
child: 327 328 329 
pool: <315,223,326,0> <316,228,326,0> <317,233,326,0> <318,238,326,0> <319,249,326,0> <320,254,326,0> <321,257,326,0> <322,294,326,0> <323,299,326,0> <324,304,326,0> <325,313,326,0> 
to_do: 11
pri: 22

Node 327 - n: 327, ai: 327
ready time: 0, valid: 0
child: 683 705 1977 
pool: <317,234,327,0> <318,239,327,0> <-1,326,327,1> 
to_do: 3
pri: 21

Node 328 - n: 328, ai: 328
ready time: 0, valid: 0
child: 684 706 1978 
pool: <323,300,328,0> <324,305,328,0> <325,314,328,0> <-1,326,328,1> 
to_do: 4
pri: 20

Node 329 - n: 329, ai: 329
ready time: 0, valid: 0
child: 687 709 1985 
pool: <321,258,329,0> <-1,326,329,1> 
to_do: 2
pri: 17

Node 330 - n: 330, ai: 330
ready time: 0, valid: 1
child: 331 332 333 
pool: 
to_do: 0
pri: 28

Node 331 - n: 331, ai: 331
ready time: 0, valid: 0
child: 335 340 1974 
pool: <-1,330,331,1> 
to_do: 1
pri: 27

Node 332 - n: 332, ai: 332
ready time: 0, valid: 0
child: 336 341 1975 
pool: <-1,330,332,1> 
to_do: 1
pri: 26

Node 333 - n: 333, ai: 333
ready time: 0, valid: 0
child: 338 344 1985 
pool: <-1,330,333,1> 
to_do: 1
pri: 20

Node 334 - n: 334, ai: 334
ready time: 0, valid: 1
child: 335 336 338 
pool: 
to_do: 0
pri: 27

Node 335 - n: 335, ai: 335
ready time: 0, valid: 0
child: 336 337 338 
pool: <334,331,335,0> 
to_do: 1
pri: 26

Node 336 - n: 336, ai: 336
ready time: 0, valid: 0
child: 341 365 1975 
pool: <334,332,336,0> <-1,335,336,1> 
to_do: 2
pri: 25

Node 337 - n: 337, ai: 337
ready time: 0, valid: 0
child: 342 367 1976 
pool: <-1,335,337,1> 
to_do: 1
pri: 24

Node 338 - n: 338, ai: 338
ready time: 0, valid: 0
child: 344 370 1985 
pool: <334,333,338,0> <-1,335,338,1> 
to_do: 2
pri: 19

Node 339 - n: 339, ai: 339
ready time: 0, valid: 1
child: 340 341 344 
pool: 
to_do: 0
pri: 26

Node 340 - n: 340, ai: 340
ready time: 0, valid: 0
child: 341 342 344 
pool: <339,331,340,0> 
to_do: 1
pri: 25

Node 341 - n: 341, ai: 341
ready time: 0, valid: 0
child: 342 343 344 
pool: <339,332,341,0> <340,336,341,0> 
to_do: 2
pri: 24

Node 342 - n: 342, ai: 342
ready time: 0, valid: 0
child: 367 680 1976 
pool: <340,337,342,0> <-1,341,342,1> 
to_do: 2
pri: 23

Node 343 - n: 343, ai: 343
ready time: 0, valid: 0
child: 368 683 1977 
pool: <-1,341,343,1> 
to_do: 1
pri: 22

Node 344 - n: 344, ai: 344
ready time: 0, valid: 0
child: 370 687 1985 
pool: <339,333,344,0> <340,338,344,0> <-1,341,344,1> 
to_do: 3
pri: 18

Node 345 - n: 345, ai: 345
ready time: 0, valid: 1
child: 346 347 
pool: 
to_do: 0
pri: 30

Node 346 - n: 346, ai: 346
ready time: 0, valid: 0
child: 349 1933 
pool: <-1,345,346,1> 
to_do: 1
pri: 29

Node 347 - n: 347, ai: 347
ready time: 0, valid: 0
child: 352 1968 
pool: <-1,345,347,1> 
to_do: 1
pri: 22

Node 348 - n: 348, ai: 348
ready time: 0, valid: 1
child: 349 352 
pool: 
to_do: 0
pri: 29

Node 349 - n: 349, ai: 349
ready time: 0, valid: 0
child: 350 351 352 
pool: <348,346,349,0> 
to_do: 1
pri: 28

Node 350 - n: 350, ai: 350
ready time: 0, valid: 0
child: 354 359 1934 
pool: <-1,349,350,1> 
to_do: 1
pri: 27

Node 351 - n: 351, ai: 351
ready time: 0, valid: 0
child: 355 360 1935 
pool: <-1,349,351,1> 
to_do: 1
pri: 26

Node 352 - n: 352, ai: 352
ready time: 0, valid: 0
child: 357 363 1968 
pool: <348,347,352,0> <-1,349,352,1> 
to_do: 2
pri: 21

Node 353 - n: 353, ai: 353
ready time: 0, valid: 1
child: 354 355 357 
pool: 
to_do: 0
pri: 27

Node 354 - n: 354, ai: 354
ready time: 0, valid: 0
child: 355 356 357 
pool: <353,350,354,0> 
to_do: 1
pri: 26

Node 355 - n: 355, ai: 355
ready time: 0, valid: 0
child: 360 679 1935 
pool: <353,351,355,0> <-1,354,355,1> 
to_do: 2
pri: 25

Node 356 - n: 356, ai: 356
ready time: 0, valid: 0
child: 362 683 1957 
pool: <-1,354,356,1> 
to_do: 1
pri: 23

Node 357 - n: 357, ai: 357
ready time: 0, valid: 0
child: 363 686 1968 
pool: <353,352,357,0> <-1,354,357,1> 
to_do: 2
pri: 20

Node 358 - n: 358, ai: 358
ready time: 0, valid: 1
child: 359 360 363 
pool: 
to_do: 0
pri: 26

Node 359 - n: 359, ai: 359
ready time: 0, valid: 0
child: 360 362 363 
pool: <358,350,359,0> 
to_do: 1
pri: 25

Node 360 - n: 360, ai: 360
ready time: 0, valid: 0
child: 361 362 363 
pool: <358,351,360,0> <359,355,360,0> 
to_do: 2
pri: 24

Node 361 - n: 361, ai: 361
ready time: 0, valid: 0
child: 367 680 1936 
pool: <-1,360,361,1> 
to_do: 1
pri: 23

Node 362 - n: 362, ai: 362
ready time: 0, valid: 0
child: 368 683 1957 
pool: <359,356,362,0> <-1,360,362,1> 
to_do: 2
pri: 22

Node 363 - n: 363, ai: 363
ready time: 0, valid: 0
child: 369 686 1968 
pool: <358,352,363,0> <359,357,363,0> <-1,360,363,1> 
to_do: 3
pri: 19

Node 364 - n: 364, ai: 364
ready time: 0, valid: 1
child: 365 367 370 
pool: 
to_do: 0
pri: 24

Node 365 - n: 365, ai: 365
ready time: 0, valid: 0
child: 367 368 370 
pool: <364,336,365,0> 
to_do: 1
pri: 23

Node 366 - n: 366, ai: 366
ready time: 0, valid: 1
child: 367 368 369 
pool: 
to_do: 0
pri: 23

Node 367 - n: 367, ai: 367
ready time: 0, valid: 0
child: 368 369 370 
pool: <364,337,367,0> <365,342,367,0> <366,361,367,0> 
to_do: 3
pri: 22

Node 368 - n: 368, ai: 368
ready time: 0, valid: 0
child: 683 1957 1977 
pool: <365,343,368,0> <366,362,368,0> <-1,367,368,1> 
to_do: 3
pri: 21

Node 369 - n: 369, ai: 369
ready time: 0, valid: 0
child: 686 1968 1984 
pool: <366,363,369,0> <-1,367,369,1> 
to_do: 2
pri: 18

Node 370 - n: 370, ai: 370
ready time: 0, valid: 0
child: 687 1969 1985 
pool: <364,338,370,0> <365,344,370,0> <-1,367,370,1> 
to_do: 3
pri: 17

Node 371 - n: 371, ai: 371
ready time: 0, valid: 1
child: 372 373 
pool: 
to_do: 0
pri: 36

Node 372 - n: 372, ai: 372
ready time: 0, valid: 0
child: 375 379 
pool: <-1,371,372,1> 
to_do: 1
pri: 35

Node 373 - n: 373, ai: 373
ready time: 0, valid: 0
child: 376 380 
pool: <-1,371,373,1> 
to_do: 1
pri: 34

Node 374 - n: 374, ai: 374
ready time: 0, valid: 1
child: 375 376 
pool: 
to_do: 0
pri: 35

Node 375 - n: 375, ai: 375
ready time: 0, valid: 0
child: 376 377 
pool: <374,372,375,0> 
to_do: 1
pri: 34

Node 376 - n: 376, ai: 376
ready time: 0, valid: 0
child: 380 398 
pool: <374,373,376,0> <-1,375,376,1> 
to_do: 2
pri: 33

Node 377 - n: 377, ai: 377
ready time: 0, valid: 0
child: 381 400 
pool: <-1,375,377,1> 
to_do: 1
pri: 32

Node 378 - n: 378, ai: 378
ready time: 0, valid: 1
child: 379 380 
pool: 
to_do: 0
pri: 34

Node 379 - n: 379, ai: 379
ready time: 0, valid: 0
child: 380 381 
pool: <378,372,379,0> 
to_do: 1
pri: 33

Node 380 - n: 380, ai: 380
ready time: 0, valid: 0
child: 381 
pool: <378,373,380,0> <379,376,380,0> 
to_do: 2
pri: 32

Node 381 - n: 381, ai: 381
ready time: 0, valid: 0
child: 400 
pool: <379,377,381,0> <-1,380,381,1> 
to_do: 2
pri: 31

Node 382 - n: 382, ai: 382
ready time: 0, valid: 1
child: 383 
pool: 
to_do: 0
pri: 38

Node 383 - n: 383, ai: 383
ready time: 0, valid: 0
child: 385 
pool: <-1,382,383,1> 
to_do: 1
pri: 37

Node 384 - n: 384, ai: 384
ready time: 0, valid: 1
child: 385 
pool: 
to_do: 0
pri: 37

Node 385 - n: 385, ai: 385
ready time: 0, valid: 0
child: 386 387 
pool: <384,383,385,0> 
to_do: 1
pri: 36

Node 386 - n: 386, ai: 386
ready time: 0, valid: 0
child: 389 393 
pool: <-1,385,386,1> 
to_do: 1
pri: 35

Node 387 - n: 387, ai: 387
ready time: 0, valid: 0
child: 390 394 
pool: <-1,385,387,1> 
to_do: 1
pri: 34

Node 388 - n: 388, ai: 388
ready time: 0, valid: 1
child: 389 390 
pool: 
to_do: 0
pri: 35

Node 389 - n: 389, ai: 389
ready time: 0, valid: 0
child: 390 391 
pool: <388,386,389,0> 
to_do: 1
pri: 34

Node 390 - n: 390, ai: 390
ready time: 0, valid: 0
child: 394 655 
pool: <388,387,390,0> <-1,389,390,1> 
to_do: 2
pri: 33

Node 391 - n: 391, ai: 391
ready time: 0, valid: 0
child: 396 669 
pool: <-1,389,391,1> 
to_do: 1
pri: 28

Node 392 - n: 392, ai: 392
ready time: 0, valid: 1
child: 393 394 
pool: 
to_do: 0
pri: 34

Node 393 - n: 393, ai: 393
ready time: 0, valid: 0
child: 394 396 
pool: <392,386,393,0> 
to_do: 1
pri: 33

Node 394 - n: 394, ai: 394
ready time: 0, valid: 0
child: 395 396 
pool: <392,387,394,0> <393,390,394,0> 
to_do: 2
pri: 32

Node 395 - n: 395, ai: 395
ready time: 0, valid: 0
child: 400 656 
pool: <-1,394,395,1> 
to_do: 1
pri: 31

Node 396 - n: 396, ai: 396
ready time: 0, valid: 0
child: 402 669 
pool: <393,391,396,0> <-1,394,396,1> 
to_do: 2
pri: 27

Node 397 - n: 397, ai: 397
ready time: 0, valid: 1
child: 398 400 
pool: 
to_do: 0
pri: 32

Node 398 - n: 398, ai: 398
ready time: 0, valid: 0
child: 400 
pool: <397,376,398,0> 
to_do: 1
pri: 31

Node 399 - n: 399, ai: 399
ready time: 0, valid: 1
child: 400 402 
pool: 
to_do: 0
pri: 31

Node 400 - n: 400, ai: 400
ready time: 0, valid: 0
child: 401 402 
pool: <397,377,400,0> <398,381,400,0> <399,395,400,0> 
to_do: 3
pri: 30

Node 401 - n: 401, ai: 401
ready time: 0, valid: 0
child: 420 657 
pool: <-1,400,401,1> 
to_do: 1
pri: 29

Node 402 - n: 402, ai: 402
ready time: 0, valid: 0
child: 422 669 
pool: <399,396,402,0> <-1,400,402,1> 
to_do: 2
pri: 26

Node 403 - n: 403, ai: 403
ready time: 0, valid: 1
child: 404 405 406 
pool: 
to_do: 0
pri: 34

Node 404 - n: 404, ai: 404
ready time: 0, valid: 0
child: 408 413 1938 
pool: <-1,403,404,1> 
to_do: 1
pri: 33

Node 405 - n: 405, ai: 405
ready time: 0, valid: 0
child: 409 414 1939 
pool: <-1,403,405,1> 
to_do: 1
pri: 32

Node 406 - n: 406, ai: 406
ready time: 0, valid: 0
child: 411 416 1968 
pool: <-1,403,406,1> 
to_do: 1
pri: 24

Node 407 - n: 407, ai: 407
ready time: 0, valid: 1
child: 408 409 411 
pool: 
to_do: 0
pri: 33

Node 408 - n: 408, ai: 408
ready time: 0, valid: 0
child: 409 410 411 
pool: <407,404,408,0> 
to_do: 1
pri: 32

Node 409 - n: 409, ai: 409
ready time: 0, valid: 0
child: 414 419 1939 
pool: <407,405,409,0> <-1,408,409,1> 
to_do: 2
pri: 31

Node 410 - n: 410, ai: 410
ready time: 0, valid: 0
child: 415 420 1940 
pool: <-1,408,410,1> 
to_do: 1
pri: 30

Node 411 - n: 411, ai: 411
ready time: 0, valid: 0
child: 416 423 1968 
pool: <407,406,411,0> <-1,408,411,1> 
to_do: 2
pri: 23

Node 412 - n: 412, ai: 412
ready time: 0, valid: 1
child: 413 414 416 
pool: 
to_do: 0
pri: 32

Node 413 - n: 413, ai: 413
ready time: 0, valid: 0
child: 414 415 416 
pool: <412,404,413,0> 
to_do: 1
pri: 31

Node 414 - n: 414, ai: 414
ready time: 0, valid: 0
child: 415 416 
pool: <412,405,414,0> <413,409,414,0> 
to_do: 2
pri: 30

Node 415 - n: 415, ai: 415
ready time: 0, valid: 0
child: 420 1940 
pool: <413,410,415,0> <-1,414,415,1> 
to_do: 2
pri: 29

Node 416 - n: 416, ai: 416
ready time: 0, valid: 0
child: 423 1968 
pool: <412,406,416,0> <413,411,416,0> <-1,414,416,1> 
to_do: 3
pri: 22

Node 417 - n: 417, ai: 417
ready time: 0, valid: 1
child: 420 422 
pool: 
to_do: 0
pri: 29

Node 418 - n: 418, ai: 418
ready time: 0, valid: 1
child: 419 420 423 
pool: 
to_do: 0
pri: 30

Node 419 - n: 419, ai: 419
ready time: 0, valid: 0
child: 420 423 
pool: <418,409,419,0> 
to_do: 1
pri: 29

Node 420 - n: 420, ai: 420
ready time: 0, valid: 0
child: 421 422 423 
pool: <417,401,420,0> <418,410,420,0> <419,415,420,0> 
to_do: 3
pri: 28

Node 421 - n: 421, ai: 421
ready time: 0, valid: 0
child: 430 658 1942 
pool: <-1,420,421,1> 
to_do: 1
pri: 27

Node 422 - n: 422, ai: 422
ready time: 0, valid: 0
child: 432 669 1956 
pool: <417,402,422,0> <-1,420,422,1> 
to_do: 2
pri: 25

Node 423 - n: 423, ai: 423
ready time: 0, valid: 0
child: 433 673 1968 
pool: <418,411,423,0> <419,416,423,0> <-1,420,423,1> 
to_do: 3
pri: 21

Node 424 - n: 424, ai: 424
ready time: 0, valid: 1
child: 425 426 427 
pool: 
to_do: 0
pri: 28

Node 425 - n: 425, ai: 425
ready time: 0, valid: 0
child: 430 435 1942 
pool: <-1,424,425,1> 
to_do: 1
pri: 27

Node 426 - n: 426, ai: 426
ready time: 0, valid: 0
child: 431 436 1943 
pool: <-1,424,426,1> 
to_do: 1
pri: 26

Node 427 - n: 427, ai: 427
ready time: 0, valid: 0
child: 433 439 1968 
pool: <-1,424,427,1> 
to_do: 1
pri: 21

Node 428 - n: 428, ai: 428
ready time: 0, valid: 1
child: 430 432 433 
pool: 
to_do: 0
pri: 27

Node 429 - n: 429, ai: 429
ready time: 0, valid: 1
child: 430 431 433 
pool: 
to_do: 0
pri: 27

Node 430 - n: 430, ai: 430
ready time: 0, valid: 0
child: 431 432 433 
pool: <428,421,430,0> <429,425,430,0> 
to_do: 2
pri: 26

Node 431 - n: 431, ai: 431
ready time: 0, valid: 0
child: 436 659 1943 
pool: <429,426,431,0> <-1,430,431,1> 
to_do: 2
pri: 25

Node 432 - n: 432, ai: 432
ready time: 0, valid: 0
child: 437 669 1956 
pool: <428,422,432,0> <-1,430,432,1> 
to_do: 2
pri: 24

Node 433 - n: 433, ai: 433
ready time: 0, valid: 0
child: 439 673 1968 
pool: <428,423,433,0> <429,427,433,0> <-1,430,433,1> 
to_do: 3
pri: 20

Node 434 - n: 434, ai: 434
ready time: 0, valid: 1
child: 435 436 439 
pool: 
to_do: 0
pri: 26

Node 435 - n: 435, ai: 435
ready time: 0, valid: 0
child: 436 437 439 
pool: <434,425,435,0> 
to_do: 1
pri: 25

Node 436 - n: 436, ai: 436
ready time: 0, valid: 0
child: 437 438 439 
pool: <434,426,436,0> <435,431,436,0> 
to_do: 2
pri: 24

Node 437 - n: 437, ai: 437
ready time: 0, valid: 0
child: 669 682 1956 
pool: <435,432,437,0> <-1,436,437,1> 
to_do: 2
pri: 23

Node 438 - n: 438, ai: 438
ready time: 0, valid: 0
child: 670 683 1957 
pool: <-1,436,438,1> 
to_do: 1
pri: 22

Node 439 - n: 439, ai: 439
ready time: 0, valid: 0
child: 673 686 1968 
pool: <434,427,439,0> <435,433,439,0> <-1,436,439,1> 
to_do: 3
pri: 19

Node 440 - n: 440, ai: 440
ready time: 0, valid: 1
child: 441 
pool: 
to_do: 0
pri: 40

Node 441 - n: 441, ai: 441
ready time: 0, valid: 0
child: 443 
pool: <-1,440,441,1> 
to_do: 1
pri: 39

Node 442 - n: 442, ai: 442
ready time: 0, valid: 1
child: 443 
pool: 
to_do: 0
pri: 39

Node 443 - n: 443, ai: 443
ready time: 0, valid: 0
child: 444 445 
pool: <442,441,443,0> 
to_do: 1
pri: 38

Node 444 - n: 444, ai: 444
ready time: 0, valid: 0
child: 447 451 
pool: <-1,443,444,1> 
to_do: 1
pri: 37

Node 445 - n: 445, ai: 445
ready time: 0, valid: 0
child: 448 452 
pool: <-1,443,445,1> 
to_do: 1
pri: 36

Node 446 - n: 446, ai: 446
ready time: 0, valid: 1
child: 447 448 
pool: 
to_do: 0
pri: 37

Node 447 - n: 447, ai: 447
ready time: 0, valid: 0
child: 448 449 
pool: <446,444,447,0> 
to_do: 1
pri: 36

Node 448 - n: 448, ai: 448
ready time: 0, valid: 0
child: 452 695 
pool: <446,445,448,0> <-1,447,448,1> 
to_do: 2
pri: 35

Node 449 - n: 449, ai: 449
ready time: 0, valid: 0
child: 454 706 
pool: <-1,447,449,1> 
to_do: 1
pri: 27

Node 450 - n: 450, ai: 450
ready time: 0, valid: 1
child: 451 452 
pool: 
to_do: 0
pri: 36

Node 451 - n: 451, ai: 451
ready time: 0, valid: 0
child: 452 454 
pool: <450,444,451,0> 
to_do: 1
pri: 35

Node 452 - n: 452, ai: 452
ready time: 0, valid: 0
child: 453 454 
pool: <450,445,452,0> <451,448,452,0> 
to_do: 2
pri: 34

Node 453 - n: 453, ai: 453
ready time: 0, valid: 0
child: 472 696 
pool: <-1,452,453,1> 
to_do: 1
pri: 33

Node 454 - n: 454, ai: 454
ready time: 0, valid: 0
child: 475 706 
pool: <451,449,454,0> <-1,452,454,1> 
to_do: 2
pri: 26

Node 455 - n: 455, ai: 455
ready time: 0, valid: 1
child: 456 
pool: 
to_do: 0
pri: 40

Node 456 - n: 456, ai: 456
ready time: 0, valid: 0
child: 458 
pool: <-1,455,456,1> 
to_do: 1
pri: 39

Node 457 - n: 457, ai: 457
ready time: 0, valid: 1
child: 458 
pool: 
to_do: 0
pri: 39

Node 458 - n: 458, ai: 458
ready time: 0, valid: 0
child: 459 460 
pool: <457,456,458,0> 
to_do: 1
pri: 38

Node 459 - n: 459, ai: 459
ready time: 0, valid: 0
child: 462 466 
pool: <-1,458,459,1> 
to_do: 1
pri: 37

Node 460 - n: 460, ai: 460
ready time: 0, valid: 0
child: 463 467 
pool: <-1,458,460,1> 
to_do: 1
pri: 36

Node 461 - n: 461, ai: 461
ready time: 0, valid: 1
child: 462 463 
pool: 
to_do: 0
pri: 37

Node 462 - n: 462, ai: 462
ready time: 0, valid: 0
child: 463 464 
pool: <461,459,462,0> 
to_do: 1
pri: 36

Node 463 - n: 463, ai: 463
ready time: 0, valid: 0
child: 467 502 
pool: <461,460,463,0> <-1,462,463,1> 
to_do: 2
pri: 35

Node 464 - n: 464, ai: 464
ready time: 0, valid: 0
child: 469 508 
pool: <-1,462,464,1> 
to_do: 1
pri: 31

Node 465 - n: 465, ai: 465
ready time: 0, valid: 1
child: 466 467 
pool: 
to_do: 0
pri: 36

Node 466 - n: 466, ai: 466
ready time: 0, valid: 0
child: 467 469 
pool: <465,459,466,0> 
to_do: 1
pri: 35

Node 467 - n: 467, ai: 467
ready time: 0, valid: 0
child: 468 469 
pool: <465,460,467,0> <466,463,467,0> 
to_do: 2
pri: 34

Node 468 - n: 468, ai: 468
ready time: 0, valid: 0
child: 472 503 
pool: <-1,467,468,1> 
to_do: 1
pri: 33

Node 469 - n: 469, ai: 469
ready time: 0, valid: 0
child: 474 508 
pool: <466,464,469,0> <-1,467,469,1> 
to_do: 2
pri: 30

Node 470 - n: 470, ai: 470
ready time: 0, valid: 1
child: 472 475 
pool: 
to_do: 0
pri: 33

Node 471 - n: 471, ai: 471
ready time: 0, valid: 1
child: 472 474 
pool: 
to_do: 0
pri: 33

Node 472 - n: 472, ai: 472
ready time: 0, valid: 0
child: 473 474 475 
pool: <470,453,472,0> <471,468,472,0> 
to_do: 2
pri: 32

Node 473 - n: 473, ai: 473
ready time: 0, valid: 0
child: 482 505 697 
pool: <-1,472,473,1> 
to_do: 1
pri: 31

Node 474 - n: 474, ai: 474
ready time: 0, valid: 0
child: 484 508 699 
pool: <471,469,474,0> <-1,472,474,1> 
to_do: 2
pri: 29

Node 475 - n: 475, ai: 475
ready time: 0, valid: 0
child: 485 511 706 
pool: <470,454,475,0> <-1,472,475,1> 
to_do: 2
pri: 25

Node 476 - n: 476, ai: 476
ready time: 0, valid: 1
child: 477 478 479 
pool: 
to_do: 0
pri: 32

Node 477 - n: 477, ai: 477
ready time: 0, valid: 0
child: 482 487 505 
pool: <-1,476,477,1> 
to_do: 1
pri: 31

Node 478 - n: 478, ai: 478
ready time: 0, valid: 0
child: 483 488 506 
pool: <-1,476,478,1> 
to_do: 1
pri: 30

Node 479 - n: 479, ai: 479
ready time: 0, valid: 0
child: 484 489 508 
pool: <-1,476,479,1> 
to_do: 1
pri: 29

Node 480 - n: 480, ai: 480
ready time: 0, valid: 1
child: 482 484 485 
pool: 
to_do: 0
pri: 31

Node 481 - n: 481, ai: 481
ready time: 0, valid: 1
child: 482 483 484 
pool: 
to_do: 0
pri: 31

Node 482 - n: 482, ai: 482
ready time: 0, valid: 0
child: 483 484 485 
pool: <480,473,482,0> <481,477,482,0> 
to_do: 2
pri: 30

Node 483 - n: 483, ai: 483
ready time: 0, valid: 0
child: 488 506 698 
pool: <481,478,483,0> <-1,482,483,1> 
to_do: 2
pri: 29

Node 484 - n: 484, ai: 484
ready time: 0, valid: 0
child: 489 508 699 
pool: <480,474,484,0> <481,479,484,0> <-1,482,484,1> 
to_do: 3
pri: 28

Node 485 - n: 485, ai: 485
ready time: 0, valid: 0
child: 490 511 706 
pool: <480,475,485,0> <-1,482,485,1> 
to_do: 2
pri: 24

Node 486 - n: 486, ai: 486
ready time: 0, valid: 1
child: 487 488 489 
pool: 
to_do: 0
pri: 30

Node 487 - n: 487, ai: 487
ready time: 0, valid: 0
child: 488 489 490 
pool: <486,477,487,0> 
to_do: 1
pri: 29

Node 488 - n: 488, ai: 488
ready time: 0, valid: 0
child: 489 490 491 
pool: <486,478,488,0> <487,483,488,0> 
to_do: 2
pri: 28

Node 489 - n: 489, ai: 489
ready time: 0, valid: 0
child: 508 699 1945 
pool: <486,479,489,0> <487,484,489,0> <-1,488,489,1> 
to_do: 3
pri: 27

Node 490 - n: 490, ai: 490
ready time: 0, valid: 0
child: 511 706 1958 
pool: <487,485,490,0> <-1,488,490,1> 
to_do: 2
pri: 23

Node 491 - n: 491, ai: 491
ready time: 0, valid: 0
child: 512 708 1968 
pool: <-1,488,491,1> 
to_do: 1
pri: 21

Node 492 - n: 492, ai: 492
ready time: 0, valid: 1
child: 493 494 495 
pool: 
to_do: 0
pri: 30

Node 493 - n: 493, ai: 493
ready time: 0, valid: 0
child: 497 642 661 
pool: <-1,492,493,1> 
to_do: 1
pri: 29

Node 494 - n: 494, ai: 494
ready time: 0, valid: 0
child: 499 649 668 
pool: <-1,492,494,1> 
to_do: 1
pri: 27

Node 495 - n: 495, ai: 495
ready time: 0, valid: 0
child: 500 650 669 
pool: <-1,492,495,1> 
to_do: 1
pri: 26

Node 496 - n: 496, ai: 496
ready time: 0, valid: 1
child: 497 499 500 
pool: 
to_do: 0
pri: 29

Node 497 - n: 497, ai: 497
ready time: 0, valid: 0
child: 498 499 500 
pool: <496,493,497,0> 
to_do: 1
pri: 28

Node 498 - n: 498, ai: 498
ready time: 0, valid: 0
child: 508 643 662 
pool: <-1,497,498,1> 
to_do: 1
pri: 27

Node 499 - n: 499, ai: 499
ready time: 0, valid: 0
child: 509 649 668 
pool: <496,494,499,0> <-1,497,499,1> 
to_do: 2
pri: 26

Node 500 - n: 500, ai: 500
ready time: 0, valid: 0
child: 510 650 669 
pool: <496,495,500,0> <-1,497,500,1> 
to_do: 2
pri: 25

Node 501 - n: 501, ai: 501
ready time: 0, valid: 1
child: 502 508 
pool: 
to_do: 0
pri: 31

Node 502 - n: 502, ai: 502
ready time: 0, valid: 0
child: 503 508 
pool: <501,463,502,0> 
to_do: 1
pri: 30

Node 503 - n: 503, ai: 503
ready time: 0, valid: 0
child: 505 508 511 
pool: <502,468,503,0> 
to_do: 1
pri: 29

Node 504 - n: 504, ai: 504
ready time: 0, valid: 1
child: 505 506 508 
pool: 
to_do: 0
pri: 29

Node 505 - n: 505, ai: 505
ready time: 0, valid: 0
child: 506 508 511 
pool: <503,473,505,0> <504,477,505,0> 
to_do: 2
pri: 28

Node 506 - n: 506, ai: 506
ready time: 0, valid: 0
child: 508 511 512 
pool: <504,478,506,0> <505,483,506,0> 
to_do: 2
pri: 27

Node 507 - n: 507, ai: 507
ready time: 0, valid: 1
child: 508 509 510 
pool: 
to_do: 0
pri: 27

Node 508 - n: 508, ai: 508
ready time: 0, valid: 0
child: 509 510 511 512 
pool: <501,464,508,0> <502,469,508,0> <503,474,508,0> <504,479,508,0> <505,484,508,0> <506,489,508,0> <507,498,508,0> 
to_do: 7
pri: 26

Node 509 - n: 509, ai: 509
ready time: 0, valid: 0
child: 649 668 703 1955 
pool: <507,499,509,0> <-1,508,509,1> 
to_do: 2
pri: 25

Node 510 - n: 510, ai: 510
ready time: 0, valid: 0
child: 650 669 704 1956 
pool: <507,500,510,0> <-1,508,510,1> 
to_do: 2
pri: 24

Node 511 - n: 511, ai: 511
ready time: 0, valid: 0
child: 651 671 706 1958 
pool: <503,475,511,0> <505,485,511,0> <506,490,511,0> <-1,508,511,1> 
to_do: 4
pri: 22

Node 512 - n: 512, ai: 512
ready time: 0, valid: 0
child: 653 673 708 1968 
pool: <506,491,512,0> <-1,508,512,1> 
to_do: 2
pri: 20

Node 513 - n: 513, ai: 513
ready time: 0, valid: 1
child: 514 515 516 
pool: 
to_do: 0
pri: 32

Node 514 - n: 514, ai: 514
ready time: 0, valid: 0
child: 532 537 1950 
pool: <-1,513,514,1> 
to_do: 1
pri: 31

Node 515 - n: 515, ai: 515
ready time: 0, valid: 0
child: 533 538 1951 
pool: <-1,513,515,1> 
to_do: 1
pri: 30

Node 516 - n: 516, ai: 516
ready time: 0, valid: 0
child: 535 541 1968 
pool: <-1,513,516,1> 
to_do: 1
pri: 23

Node 517 - n: 517, ai: 517
ready time: 0, valid: 1
child: 518 519 520 
pool: 
to_do: 0
pri: 32

Node 518 - n: 518, ai: 518
ready time: 0, valid: 0
child: 522 527 1948 
pool: <-1,517,518,1> 
to_do: 1
pri: 31

Node 519 - n: 519, ai: 519
ready time: 0, valid: 0
child: 523 528 1949 
pool: <-1,517,519,1> 
to_do: 1
pri: 30

Node 520 - n: 520, ai: 520
ready time: 0, valid: 0
child: 525 530 1968 
pool: <-1,517,520,1> 
to_do: 1
pri: 23

Node 521 - n: 521, ai: 521
ready time: 0, valid: 1
child: 522 523 525 
pool: 
to_do: 0
pri: 31

Node 522 - n: 522, ai: 522
ready time: 0, valid: 0
child: 523 524 525 
pool: <521,518,522,0> 
to_do: 1
pri: 30

Node 523 - n: 523, ai: 523
ready time: 0, valid: 0
child: 528 627 1949 
pool: <521,519,523,0> <-1,522,523,1> 
to_do: 2
pri: 29

Node 524 - n: 524, ai: 524
ready time: 0, valid: 0
child: 529 635 1954 
pool: <-1,522,524,1> 
to_do: 1
pri: 28

Node 525 - n: 525, ai: 525
ready time: 0, valid: 0
child: 530 640 1968 
pool: <521,520,525,0> <-1,522,525,1> 
to_do: 2
pri: 22

Node 526 - n: 526, ai: 526
ready time: 0, valid: 1
child: 527 528 530 
pool: 
to_do: 0
pri: 30

Node 527 - n: 527, ai: 527
ready time: 0, valid: 0
child: 528 529 530 
pool: <526,518,527,0> 
to_do: 1
pri: 29

Node 528 - n: 528, ai: 528
ready time: 0, valid: 0
child: 529 530 
pool: <526,519,528,0> <527,523,528,0> 
to_do: 2
pri: 28

Node 529 - n: 529, ai: 529
ready time: 0, valid: 0
child: 635 1954 
pool: <527,524,529,0> <-1,528,529,1> 
to_do: 2
pri: 27

Node 530 - n: 530, ai: 530
ready time: 0, valid: 0
child: 640 1968 
pool: <526,520,530,0> <527,525,530,0> <-1,528,530,1> 
to_do: 3
pri: 21

Node 531 - n: 531, ai: 531
ready time: 0, valid: 1
child: 532 533 535 
pool: 
to_do: 0
pri: 31

Node 532 - n: 532, ai: 532
ready time: 0, valid: 0
child: 533 534 535 
pool: <531,514,532,0> 
to_do: 1
pri: 30

Node 533 - n: 533, ai: 533
ready time: 0, valid: 0
child: 538 629 1951 
pool: <531,515,533,0> <-1,532,533,1> 
to_do: 2
pri: 29

Node 534 - n: 534, ai: 534
ready time: 0, valid: 0
child: 539 635 1954 
pool: <-1,532,534,1> 
to_do: 1
pri: 28

Node 535 - n: 535, ai: 535
ready time: 0, valid: 0
child: 541 640 1968 
pool: <531,516,535,0> <-1,532,535,1> 
to_do: 2
pri: 22

Node 536 - n: 536, ai: 536
ready time: 0, valid: 1
child: 537 538 541 
pool: 
to_do: 0
pri: 30

Node 537 - n: 537, ai: 537
ready time: 0, valid: 0
child: 538 539 541 
pool: <536,514,537,0> 
to_do: 1
pri: 29

Node 538 - n: 538, ai: 538
ready time: 0, valid: 0
child: 539 540 541 
pool: <536,515,538,0> <537,533,538,0> 
to_do: 2
pri: 28

Node 539 - n: 539, ai: 539
ready time: 0, valid: 0
child: 635 667 1954 
pool: <537,534,539,0> <-1,538,539,1> 
to_do: 2
pri: 27

Node 540 - n: 540, ai: 540
ready time: 0, valid: 0
child: 637 669 1956 
pool: <-1,538,540,1> 
to_do: 1
pri: 25

Node 541 - n: 541, ai: 541
ready time: 0, valid: 0
child: 640 673 1968 
pool: <536,516,541,0> <537,535,541,0> <-1,538,541,1> 
to_do: 3
pri: 21

Node 542 - n: 542, ai: 542
ready time: 0, valid: 1
child: 543 544 545 
pool: 
to_do: 0
pri: 32

Node 543 - n: 543, ai: 543
ready time: 0, valid: 0
child: 547 571 665 
pool: <-1,542,543,1> 
to_do: 1
pri: 31

Node 544 - n: 544, ai: 544
ready time: 0, valid: 0
child: 548 576 666 
pool: <-1,542,544,1> 
to_do: 1
pri: 30

Node 545 - n: 545, ai: 545
ready time: 0, valid: 0
child: 549 578 669 
pool: <-1,542,545,1> 
to_do: 1
pri: 27

Node 546 - n: 546, ai: 546
ready time: 0, valid: 1
child: 547 548 549 
pool: 
to_do: 0
pri: 31

Node 547 - n: 547, ai: 547
ready time: 0, valid: 0
child: 548 549 550 
pool: <546,543,547,0> 
to_do: 1
pri: 30

Node 548 - n: 548, ai: 548
ready time: 0, valid: 0
child: 576 666 701 
pool: <546,544,548,0> <-1,547,548,1> 
to_do: 2
pri: 29

Node 549 - n: 549, ai: 549
ready time: 0, valid: 0
child: 578 669 704 
pool: <546,545,549,0> <-1,547,549,1> 
to_do: 2
pri: 26

Node 550 - n: 550, ai: 550
ready time: 0, valid: 0
child: 579 671 706 
pool: <-1,547,550,1> 
to_do: 1
pri: 24

Node 551 - n: 551, ai: 551
ready time: 0, valid: 1
child: 552 553 
pool: 
to_do: 0
pri: 36

Node 552 - n: 552, ai: 552
ready time: 0, valid: 0
child: 555 573 
pool: <-1,551,552,1> 
to_do: 1
pri: 35

Node 553 - n: 553, ai: 553
ready time: 0, valid: 0
child: 558 576 
pool: <-1,551,553,1> 
to_do: 1
pri: 32

Node 554 - n: 554, ai: 554
ready time: 0, valid: 1
child: 555 558 
pool: 
to_do: 0
pri: 35

Node 555 - n: 555, ai: 555
ready time: 0, valid: 0
child: 556 557 558 
pool: <554,552,555,0> 
to_do: 1
pri: 34

Node 556 - n: 556, ai: 556
ready time: 0, valid: 0
child: 560 565 574 
pool: <-1,555,556,1> 
to_do: 1
pri: 33

Node 557 - n: 557, ai: 557
ready time: 0, valid: 0
child: 561 566 575 
pool: <-1,555,557,1> 
to_do: 1
pri: 32

Node 558 - n: 558, ai: 558
ready time: 0, valid: 0
child: 562 567 576 
pool: <554,553,558,0> <-1,555,558,1> 
to_do: 2
pri: 31

Node 559 - n: 559, ai: 559
ready time: 0, valid: 1
child: 560 561 562 
pool: 
to_do: 0
pri: 33

Node 560 - n: 560, ai: 560
ready time: 0, valid: 0
child: 561 562 563 
pool: <559,556,560,0> 
to_do: 1
pri: 32

Node 561 - n: 561, ai: 561
ready time: 0, valid: 0
child: 566 575 631 
pool: <559,557,561,0> <-1,560,561,1> 
to_do: 2
pri: 31

Node 562 - n: 562, ai: 562
ready time: 0, valid: 0
child: 567 576 632 
pool: <559,558,562,0> <-1,560,562,1> 
to_do: 2
pri: 30

Node 563 - n: 563, ai: 563
ready time: 0, valid: 0
child: 568 577 635 
pool: <-1,560,563,1> 
to_do: 1
pri: 29

Node 564 - n: 564, ai: 564
ready time: 0, valid: 1
child: 565 566 567 
pool: 
to_do: 0
pri: 32

Node 565 - n: 565, ai: 565
ready time: 0, valid: 0
child: 566 567 568 
pool: <564,556,565,0> 
to_do: 1
pri: 31

Node 566 - n: 566, ai: 566
ready time: 0, valid: 0
child: 567 568 569 
pool: <564,557,566,0> <565,561,566,0> 
to_do: 2
pri: 30

Node 567 - n: 567, ai: 567
ready time: 0, valid: 0
child: 576 632 1911 
pool: <564,558,567,0> <565,562,567,0> <-1,566,567,1> 
to_do: 3
pri: 29

Node 568 - n: 568, ai: 568
ready time: 0, valid: 0
child: 577 635 1916 
pool: <565,563,568,0> <-1,566,568,1> 
to_do: 2
pri: 28

Node 569 - n: 569, ai: 569
ready time: 0, valid: 0
child: 580 639 1929 
pool: <-1,566,569,1> 
to_do: 1
pri: 23

Node 570 - n: 570, ai: 570
ready time: 0, valid: 1
child: 571 576 578 
pool: 
to_do: 0
pri: 30

Node 571 - n: 571, ai: 571
ready time: 0, valid: 0
child: 576 578 579 
pool: <570,543,571,0> 
to_do: 1
pri: 29

Node 572 - n: 572, ai: 572
ready time: 0, valid: 1
child: 573 576 
pool: 
to_do: 0
pri: 32

Node 573 - n: 573, ai: 573
ready time: 0, valid: 0
child: 574 575 576 
pool: <572,552,573,0> 
to_do: 1
pri: 31

Node 574 - n: 574, ai: 574
ready time: 0, valid: 0
child: 575 576 577 
pool: <573,556,574,0> 
to_do: 1
pri: 30

Node 575 - n: 575, ai: 575
ready time: 0, valid: 0
child: 576 577 580 
pool: <573,557,575,0> <574,561,575,0> 
to_do: 2
pri: 29

Node 576 - n: 576, ai: 576
ready time: 0, valid: 0
child: 577 578 579 580 
pool: <570,544,576,0> <571,548,576,0> <572,553,576,0> <573,558,576,0> <574,562,576,0> <575,567,576,0> 
to_do: 6
pri: 28

Node 577 - n: 577, ai: 577
ready time: 0, valid: 0
child: 635 667 702 1916 
pool: <574,563,577,0> <575,568,577,0> <-1,576,577,1> 
to_do: 3
pri: 27

Node 578 - n: 578, ai: 578
ready time: 0, valid: 0
child: 637 669 704 1918 
pool: <570,545,578,0> <571,549,578,0> <-1,576,578,1> 
to_do: 3
pri: 25

Node 579 - n: 579, ai: 579
ready time: 0, valid: 0
child: 638 671 706 1920 
pool: <571,550,579,0> <-1,576,579,1> 
to_do: 2
pri: 23

Node 580 - n: 580, ai: 580
ready time: 0, valid: 0
child: 639 672 707 1929 
pool: <575,569,580,0> <-1,576,580,1> 
to_do: 2
pri: 22

Node 581 - n: 581, ai: 581
ready time: 0, valid: 1
child: 582 
pool: 
to_do: 0
pri: 34

Node 582 - n: 582, ai: 582
ready time: 0, valid: 0
child: 588 
pool: <-1,581,582,1> 
to_do: 1
pri: 33

Node 583 - n: 583, ai: 583
ready time: 0, valid: 1
child: 584 
pool: 
to_do: 0
pri: 32

Node 584 - n: 584, ai: 584
ready time: 0, valid: 0
child: 601 
pool: <-1,583,584,1> 
to_do: 1
pri: 31

Node 585 - n: 585, ai: 585
ready time: 0, valid: 1
child: 586 
pool: 
to_do: 0
pri: 32

Node 586 - n: 586, ai: 586
ready time: 0, valid: 0
child: 601 
pool: <-1,585,586,1> 
to_do: 1
pri: 31

Node 587 - n: 587, ai: 587
ready time: 0, valid: 1
child: 588 
pool: 
to_do: 0
pri: 33

Node 588 - n: 588, ai: 588
ready time: 0, valid: 0
child: 589 
pool: <587,582,588,0> 
to_do: 1
pri: 32

Node 589 - n: 589, ai: 589
ready time: 0, valid: 0
child: 601 
pool: <-1,588,589,1> 
to_do: 1
pri: 31

Node 590 - n: 590, ai: 590
ready time: 0, valid: 1
child: 591 592 
pool: 
to_do: 0
pri: 32

Node 591 - n: 591, ai: 591
ready time: 0, valid: 0
child: 601 1914 
pool: <-1,590,591,1> 
to_do: 1
pri: 31

Node 592 - n: 592, ai: 592
ready time: 0, valid: 0
child: 603 1929 
pool: <-1,590,592,1> 
to_do: 1
pri: 24

Node 593 - n: 593, ai: 593
ready time: 0, valid: 1
child: 594 595 
pool: 
to_do: 0
pri: 32

Node 594 - n: 594, ai: 594
ready time: 0, valid: 0
child: 601 1914 
pool: <-1,593,594,1> 
to_do: 1
pri: 31

Node 595 - n: 595, ai: 595
ready time: 0, valid: 0
child: 603 1929 
pool: <-1,593,595,1> 
to_do: 1
pri: 24

Node 596 - n: 596, ai: 596
ready time: 0, valid: 1
child: 601 
pool: 
to_do: 0
pri: 31

Node 597 - n: 597, ai: 597
ready time: 0, valid: 1
child: 601 
pool: 
to_do: 0
pri: 31

Node 598 - n: 598, ai: 598
ready time: 0, valid: 1
child: 601 
pool: 
to_do: 0
pri: 31

Node 599 - n: 599, ai: 599
ready time: 0, valid: 1
child: 601 603 
pool: 
to_do: 0
pri: 31

Node 600 - n: 600, ai: 600
ready time: 0, valid: 1
child: 601 603 
pool: 
to_do: 0
pri: 31

Node 601 - n: 601, ai: 601
ready time: 0, valid: 0
child: 602 603 604 
pool: <596,584,601,0> <597,586,601,0> <598,589,601,0> <599,591,601,0> <600,594,601,0> 
to_do: 5
pri: 30

Node 602 - n: 602, ai: 602
ready time: 0, valid: 0
child: 621 1915 1953 
pool: <-1,601,602,1> 
to_do: 1
pri: 29

Node 603 - n: 603, ai: 603
ready time: 0, valid: 0
child: 624 1929 1967 
pool: <599,592,603,0> <600,595,603,0> <-1,601,603,1> 
to_do: 3
pri: 23

Node 604 - n: 604, ai: 604
ready time: 0, valid: 0
child: 625 1930 1968 
pool: <-1,601,604,1> 
to_do: 1
pri: 22

Node 605 - n: 605, ai: 605
ready time: 0, valid: 1
child: 606 607 
pool: 
to_do: 0
pri: 34

Node 606 - n: 606, ai: 606
ready time: 0, valid: 0
child: 609 645 
pool: <-1,605,606,1> 
to_do: 1
pri: 33

Node 607 - n: 607, ai: 607
ready time: 0, valid: 0
child: 612 649 
pool: <-1,605,607,1> 
to_do: 1
pri: 29

Node 608 - n: 608, ai: 608
ready time: 0, valid: 1
child: 609 612 
pool: 
to_do: 0
pri: 33

Node 609 - n: 609, ai: 609
ready time: 0, valid: 0
child: 610 611 612 
pool: <608,606,609,0> 
to_do: 1
pri: 32

Node 610 - n: 610, ai: 610
ready time: 0, valid: 0
child: 614 620 646 
pool: <-1,609,610,1> 
to_do: 1
pri: 31

Node 611 - n: 611, ai: 611
ready time: 0, valid: 0
child: 615 621 647 
pool: <-1,609,611,1> 
to_do: 1
pri: 30

Node 612 - n: 612, ai: 612
ready time: 0, valid: 0
child: 617 623 649 
pool: <608,607,612,0> <-1,609,612,1> 
to_do: 2
pri: 28

Node 613 - n: 613, ai: 613
ready time: 0, valid: 1
child: 614 615 617 
pool: 
to_do: 0
pri: 31

Node 614 - n: 614, ai: 614
ready time: 0, valid: 0
child: 615 616 617 
pool: <613,610,614,0> 
to_do: 1
pri: 30

Node 615 - n: 615, ai: 615
ready time: 0, valid: 0
child: 621 634 647 
pool: <613,611,615,0> <-1,614,615,1> 
to_do: 2
pri: 29

Node 616 - n: 616, ai: 616
ready time: 0, valid: 0
child: 622 635 648 
pool: <-1,614,616,1> 
to_do: 1
pri: 28

Node 617 - n: 617, ai: 617
ready time: 0, valid: 0
child: 623 636 649 
pool: <613,612,617,0> <-1,614,617,1> 
to_do: 2
pri: 27

Node 618 - n: 618, ai: 618
ready time: 0, valid: 1
child: 621 624 625 
pool: 
to_do: 0
pri: 29

Node 619 - n: 619, ai: 619
ready time: 0, valid: 1
child: 620 621 623 
pool: 
to_do: 0
pri: 30

Node 620 - n: 620, ai: 620
ready time: 0, valid: 0
child: 621 622 623 
pool: <619,610,620,0> 
to_do: 1
pri: 29

Node 621 - n: 621, ai: 621
ready time: 0, valid: 0
child: 622 623 624 625 
pool: <618,602,621,0> <619,611,621,0> <620,615,621,0> 
to_do: 3
pri: 28

Node 622 - n: 622, ai: 622
ready time: 0, valid: 0
child: 635 648 1916 1954 
pool: <620,616,622,0> <-1,621,622,1> 
to_do: 2
pri: 27

Node 623 - n: 623, ai: 623
ready time: 0, valid: 0
child: 636 649 1917 1955 
pool: <619,612,623,0> <620,617,623,0> <-1,621,623,1> 
to_do: 3
pri: 26

Node 624 - n: 624, ai: 624
ready time: 0, valid: 0
child: 639 652 1929 1967 
pool: <618,603,624,0> <-1,621,624,1> 
to_do: 2
pri: 22

Node 625 - n: 625, ai: 625
ready time: 0, valid: 0
child: 640 653 1930 1968 
pool: <618,604,625,0> <-1,621,625,1> 
to_do: 2
pri: 21

Node 626 - n: 626, ai: 626
ready time: 0, valid: 1
child: 627 635 640 
pool: 
to_do: 0
pri: 28

Node 627 - n: 627, ai: 627
ready time: 0, valid: 0
child: 635 640 
pool: <626,523,627,0> 
to_do: 1
pri: 27

Node 628 - n: 628, ai: 628
ready time: 0, valid: 1
child: 629 635 640 
pool: 
to_do: 0
pri: 28

Node 629 - n: 629, ai: 629
ready time: 0, valid: 0
child: 635 637 640 
pool: <628,533,629,0> 
to_do: 1
pri: 27

Node 630 - n: 630, ai: 630
ready time: 0, valid: 1
child: 631 632 635 
pool: 
to_do: 0
pri: 29

Node 631 - n: 631, ai: 631
ready time: 0, valid: 0
child: 632 635 639 
pool: <630,561,631,0> 
to_do: 1
pri: 28

Node 632 - n: 632, ai: 632
ready time: 0, valid: 0
child: 635 637 638 639 
pool: <630,562,632,0> <631,567,632,0> 
to_do: 2
pri: 27

Node 633 - n: 633, ai: 633
ready time: 0, valid: 1
child: 634 635 636 
pool: 
to_do: 0
pri: 28

Node 634 - n: 634, ai: 634
ready time: 0, valid: 0
child: 635 636 639 640 
pool: <633,615,634,0> 
to_do: 1
pri: 27

Node 635 - n: 635, ai: 635
ready time: 0, valid: 0
child: 636 637 638 639 640 
pool: <626,524,635,0> <627,529,635,0> <628,534,635,0> <629,539,635,0> <630,563,635,0> <631,568,635,0> <632,577,635,0> <633,616,635,0> <634,622,635,0> 
to_do: 9
pri: 26

Node 636 - n: 636, ai: 636
ready time: 0, valid: 0
child: 649 668 703 1917 1955 
pool: <633,617,636,0> <634,623,636,0> <-1,635,636,1> 
to_do: 3
pri: 25

Node 637 - n: 637, ai: 637
ready time: 0, valid: 0
child: 650 669 704 1918 1956 
pool: <629,540,637,0> <632,578,637,0> <-1,635,637,1> 
to_do: 3
pri: 24

Node 638 - n: 638, ai: 638
ready time: 0, valid: 0
child: 651 671 706 1920 1958 
pool: <632,579,638,0> <-1,635,638,1> 
to_do: 2
pri: 22

Node 639 - n: 639, ai: 639
ready time: 0, valid: 0
child: 652 672 707 1929 1967 
pool: <631,569,639,0> <632,580,639,0> <634,624,639,0> <-1,635,639,1> 
to_do: 4
pri: 21

Node 640 - n: 640, ai: 640
ready time: 0, valid: 0
child: 653 673 708 1930 1968 
pool: <626,525,640,0> <627,530,640,0> <628,535,640,0> <629,541,640,0> <634,625,640,0> <-1,635,640,1> 
to_do: 6
pri: 20

Node 641 - n: 641, ai: 641
ready time: 0, valid: 1
child: 642 649 650 
pool: 
to_do: 0
pri: 27

Node 642 - n: 642, ai: 642
ready time: 0, valid: 0
child: 643 649 650 
pool: <641,493,642,0> 
to_do: 1
pri: 26

Node 643 - n: 643, ai: 643
ready time: 0, valid: 0
child: 649 650 651 653 
pool: <642,498,643,0> 
to_do: 1
pri: 25

Node 644 - n: 644, ai: 644
ready time: 0, valid: 1
child: 645 649 
pool: 
to_do: 0
pri: 29

Node 645 - n: 645, ai: 645
ready time: 0, valid: 0
child: 646 647 649 
pool: <644,606,645,0> 
to_do: 1
pri: 28

Node 646 - n: 646, ai: 646
ready time: 0, valid: 0
child: 647 648 649 
pool: <645,610,646,0> 
to_do: 1
pri: 27

Node 647 - n: 647, ai: 647
ready time: 0, valid: 0
child: 648 649 652 653 
pool: <645,611,647,0> <646,615,647,0> 
to_do: 2
pri: 26

Node 648 - n: 648, ai: 648
ready time: 0, valid: 0
child: 649 650 651 652 653 
pool: <646,616,648,0> <647,622,648,0> 
to_do: 2
pri: 25

Node 649 - n: 649, ai: 649
ready time: 0, valid: 0
child: 650 651 652 653 
pool: <641,494,649,0> <642,499,649,0> <643,509,649,0> <644,607,649,0> <645,612,649,0> <646,617,649,0> <647,623,649,0> <648,636,649,0> 
to_do: 8
pri: 24

Node 650 - n: 650, ai: 650
ready time: 0, valid: 0
child: 669 704 1918 1956 
pool: <641,495,650,0> <642,500,650,0> <643,510,650,0> <648,637,650,0> <-1,649,650,1> 
to_do: 5
pri: 23

Node 651 - n: 651, ai: 651
ready time: 0, valid: 0
child: 671 706 1920 1958 
pool: <643,511,651,0> <648,638,651,0> <-1,649,651,1> 
to_do: 3
pri: 21

Node 652 - n: 652, ai: 652
ready time: 0, valid: 0
child: 672 707 1929 1967 
pool: <647,624,652,0> <648,639,652,0> <-1,649,652,1> 
to_do: 3
pri: 20

Node 653 - n: 653, ai: 653
ready time: 0, valid: 0
child: 673 708 1930 1968 
pool: <643,512,653,0> <647,625,653,0> <648,640,653,0> <-1,649,653,1> 
to_do: 4
pri: 19

Node 654 - n: 654, ai: 654
ready time: 0, valid: 1
child: 655 669 
pool: 
to_do: 0
pri: 28

Node 655 - n: 655, ai: 655
ready time: 0, valid: 0
child: 656 669 
pool: <654,390,655,0> 
to_do: 1
pri: 27

Node 656 - n: 656, ai: 656
ready time: 0, valid: 0
child: 657 669 
pool: <655,395,656,0> 
to_do: 1
pri: 26

Node 657 - n: 657, ai: 657
ready time: 0, valid: 0
child: 658 669 673 
pool: <656,401,657,0> 
to_do: 1
pri: 25

Node 658 - n: 658, ai: 658
ready time: 0, valid: 0
child: 659 669 673 
pool: <657,421,658,0> 
to_do: 1
pri: 24

Node 659 - n: 659, ai: 659
ready time: 0, valid: 0
child: 669 670 673 
pool: <658,431,659,0> 
to_do: 1
pri: 23

Node 660 - n: 660, ai: 660
ready time: 0, valid: 1
child: 661 668 669 
pool: 
to_do: 0
pri: 26

Node 661 - n: 661, ai: 661
ready time: 0, valid: 0
child: 662 668 669 
pool: <660,493,661,0> 
to_do: 1
pri: 25

Node 662 - n: 662, ai: 662
ready time: 0, valid: 0
child: 668 669 671 673 
pool: <661,498,662,0> 
to_do: 1
pri: 24

Node 663 - n: 663, ai: 663
ready time: 0, valid: 1
child: 667 669 673 
pool: 
to_do: 0
pri: 25

Node 664 - n: 664, ai: 664
ready time: 0, valid: 1
child: 665 666 669 
pool: 
to_do: 0
pri: 27

Node 665 - n: 665, ai: 665
ready time: 0, valid: 0
child: 666 669 671 
pool: <664,543,665,0> 
to_do: 1
pri: 26

Node 666 - n: 666, ai: 666
ready time: 0, valid: 0
child: 667 669 671 672 
pool: <664,544,666,0> <665,548,666,0> 
to_do: 2
pri: 25

Node 667 - n: 667, ai: 667
ready time: 0, valid: 0
child: 668 669 671 672 673 
pool: <663,539,667,0> <666,577,667,0> 
to_do: 2
pri: 24

Node 668 - n: 668, ai: 668
ready time: 0, valid: 0
child: 669 671 672 673 
pool: <660,494,668,0> <661,499,668,0> <662,509,668,0> <667,636,668,0> 
to_do: 4
pri: 23

Node 669 - n: 669, ai: 669
ready time: 0, valid: 0
child: 670 671 672 673 
pool: <654,391,669,0> <655,396,669,0> <656,402,669,0> <657,422,669,0> <658,432,669,0> <659,437,669,0> <660,495,669,0> <661,500,669,0> <662,510,669,0> <663,540,669,0> <664,545,669,0> <665,549,669,0> <666,578,669,0> <667,637,669,0> <668,650,669,0> 
to_do: 15
pri: 22

Node 670 - n: 670, ai: 670
ready time: 0, valid: 0
child: 683 705 1919 1957 
pool: <659,438,670,0> <-1,669,670,1> 
to_do: 2
pri: 21

Node 671 - n: 671, ai: 671
ready time: 0, valid: 0
child: 684 706 1920 1958 
pool: <662,511,671,0> <665,550,671,0> <666,579,671,0> <667,638,671,0> <668,651,671,0> <-1,669,671,1> 
to_do: 6
pri: 20

Node 672 - n: 672, ai: 672
ready time: 0, valid: 0
child: 685 707 1929 1967 
pool: <666,580,672,0> <667,639,672,0> <668,652,672,0> <-1,669,672,1> 
to_do: 4
pri: 19

Node 673 - n: 673, ai: 673
ready time: 0, valid: 0
child: 686 708 1930 1968 
pool: <657,423,673,0> <658,433,673,0> <659,439,673,0> <662,512,673,0> <663,541,673,0> <667,640,673,0> <668,653,673,0> <-1,669,673,1> 
to_do: 8
pri: 18

Node 674 - n: 674, ai: 674
ready time: 0, valid: 1
child: 675 676 683 
pool: 
to_do: 0
pri: 23

Node 675 - n: 675, ai: 675
ready time: 0, valid: 0
child: 676 683 
pool: <674,232,675,0> 
to_do: 1
pri: 22

Node 676 - n: 676, ai: 676
ready time: 0, valid: 0
child: 683 684 687 
pool: <674,233,676,0> <675,238,676,0> 
to_do: 2
pri: 21

Node 677 - n: 677, ai: 677
ready time: 0, valid: 1
child: 680 683 687 
pool: 
to_do: 0
pri: 22

Node 678 - n: 678, ai: 678
ready time: 0, valid: 1
child: 679 683 686 
pool: 
to_do: 0
pri: 23

Node 679 - n: 679, ai: 679
ready time: 0, valid: 0
child: 680 683 686 
pool: <678,355,679,0> 
to_do: 1
pri: 22

Node 680 - n: 680, ai: 680
ready time: 0, valid: 0
child: 683 686 687 
pool: <677,342,680,0> <679,361,680,0> 
to_do: 2
pri: 21

Node 681 - n: 681, ai: 681
ready time: 0, valid: 1
child: 682 683 686 
pool: 
to_do: 0
pri: 22

Node 682 - n: 682, ai: 682
ready time: 0, valid: 0
child: 683 684 685 686 
pool: <681,437,682,0> 
to_do: 1
pri: 21

Node 683 - n: 683, ai: 683
ready time: 0, valid: 0
child: 684 685 686 687 
pool: <674,234,683,0> <675,239,683,0> <676,327,683,0> <677,343,683,0> <678,356,683,0> <679,362,683,0> <680,368,683,0> <681,438,683,0> <682,670,683,0> 
to_do: 9
pri: 20

Node 684 - n: 684, ai: 684
ready time: 0, valid: 0
child: 706 1920 1958 1978 
pool: <676,328,684,0> <682,671,684,0> <-1,683,684,1> 
to_do: 3
pri: 19

Node 685 - n: 685, ai: 685
ready time: 0, valid: 0
child: 707 1929 1967 1983 
pool: <682,672,685,0> <-1,683,685,1> 
to_do: 2
pri: 18

Node 686 - n: 686, ai: 686
ready time: 0, valid: 0
child: 708 1930 1968 1984 
pool: <678,357,686,0> <679,363,686,0> <680,369,686,0> <681,439,686,0> <682,673,686,0> <-1,683,686,1> 
to_do: 6
pri: 17

Node 687 - n: 687, ai: 687
ready time: 0, valid: 0
child: 709 1931 1969 1985 
pool: <676,329,687,0> <677,344,687,0> <680,370,687,0> <-1,683,687,1> 
to_do: 4
pri: 16

Node 688 - n: 688, ai: 688
ready time: 0, valid: 1
child: 689 706 
pool: 
to_do: 0
pri: 24

Node 689 - n: 689, ai: 689
ready time: 0, valid: 0
child: 691 692 706 
pool: <688,274,689,0> 
to_do: 1
pri: 23

Node 690 - n: 690, ai: 690
ready time: 0, valid: 1
child: 692 693 706 
pool: 
to_do: 0
pri: 22

Node 691 - n: 691, ai: 691
ready time: 0, valid: 0
child: 692 693 706 
pool: <689,279,691,0> 
to_do: 1
pri: 22

Node 692 - n: 692, ai: 692
ready time: 0, valid: 0
child: 693 706 
pool: <689,280,692,0> <690,298,692,0> <691,303,692,0> 
to_do: 3
pri: 21

Node 693 - n: 693, ai: 693
ready time: 0, valid: 0
child: 705 706 709 
pool: <690,299,693,0> <691,304,693,0> <692,313,693,0> 
to_do: 3
pri: 20

Node 694 - n: 694, ai: 694
ready time: 0, valid: 1
child: 695 706 
pool: 
to_do: 0
pri: 27

Node 695 - n: 695, ai: 695
ready time: 0, valid: 0
child: 696 706 
pool: <694,448,695,0> 
to_do: 1
pri: 26

Node 696 - n: 696, ai: 696
ready time: 0, valid: 0
child: 697 699 706 
pool: <695,453,696,0> 
to_do: 1
pri: 25

Node 697 - n: 697, ai: 697
ready time: 0, valid: 0
child: 698 699 706 
pool: <696,473,697,0> 
to_do: 1
pri: 24

Node 698 - n: 698, ai: 698
ready time: 0, valid: 0
child: 699 706 708 
pool: <697,483,698,0> 
to_do: 1
pri: 23

Node 699 - n: 699, ai: 699
ready time: 0, valid: 0
child: 703 704 706 708 
pool: <696,474,699,0> <697,484,699,0> <698,489,699,0> 
to_do: 3
pri: 22

Node 700 - n: 700, ai: 700
ready time: 0, valid: 1
child: 701 704 706 
pool: 
to_do: 0
pri: 24

Node 701 - n: 701, ai: 701
ready time: 0, valid: 0
child: 702 704 706 707 
pool: <700,548,701,0> 
to_do: 1
pri: 23

Node 702 - n: 702, ai: 702
ready time: 0, valid: 0
child: 703 704 706 707 708 
pool: <701,577,702,0> 
to_do: 1
pri: 22

Node 703 - n: 703, ai: 703
ready time: 0, valid: 0
child: 704 706 707 708 
pool: <699,509,703,0> <702,636,703,0> 
to_do: 2
pri: 21

Node 704 - n: 704, ai: 704
ready time: 0, valid: 0
child: 705 706 707 708 
pool: <699,510,704,0> <700,549,704,0> <701,578,704,0> <702,637,704,0> <703,650,704,0> 
to_do: 5
pri: 20

Node 705 - n: 705, ai: 705
ready time: 0, valid: 0
child: 706 707 708 709 
pool: <693,327,705,0> <704,670,705,0> 
to_do: 2
pri: 19

Node 706 - n: 706, ai: 706
ready time: 0, valid: 0
child: 707 708 709 
pool: <688,275,706,0> <689,281,706,0> <690,300,706,0> <691,305,706,0> <692,314,706,0> <693,328,706,0> <694,449,706,0> <695,454,706,0> <696,475,706,0> <697,485,706,0> <698,490,706,0> <699,511,706,0> <700,550,706,0> <701,579,706,0> <702,638,706,0> <703,651,706,0> <704,671,706,0> <705,684,706,0> 
to_do: 18
pri: 18

Node 707 - n: 707, ai: 707
ready time: 0, valid: 0
child: 1929 1967 1983 
pool: <701,580,707,0> <702,639,707,0> <703,652,707,0> <704,672,707,0> <705,685,707,0> <-1,706,707,1> 
to_do: 6
pri: 17

Node 708 - n: 708, ai: 708
ready time: 0, valid: 0
child: 1930 1968 1984 
pool: <698,491,708,0> <699,512,708,0> <702,640,708,0> <703,653,708,0> <704,673,708,0> <705,686,708,0> <-1,706,708,1> 
to_do: 7
pri: 16

Node 709 - n: 709, ai: 709
ready time: 0, valid: 0
child: 1931 1969 1985 
pool: <693,329,709,0> <705,687,709,0> <-1,706,709,1> 
to_do: 3
pri: 15

Node 710 - n: 710, ai: 710
ready time: 0, valid: 1
child: 711 712 
pool: 
to_do: 0
pri: 26

Node 711 - n: 711, ai: 711
ready time: 0, valid: 0
child: 720 738 
pool: <-1,710,711,1> 
to_do: 1
pri: 25

Node 712 - n: 712, ai: 712
ready time: 0, valid: 0
child: 721 740 
pool: <-1,710,712,1> 
to_do: 1
pri: 24

Node 713 - n: 713, ai: 713
ready time: 0, valid: 1
child: 714 715 
pool: 
to_do: 0
pri: 24

Node 714 - n: 714, ai: 714
ready time: 0, valid: 0
child: 740 849 
pool: <-1,713,714,1> 
to_do: 1
pri: 23

Node 715 - n: 715, ai: 715
ready time: 0, valid: 0
child: 741 858 
pool: <-1,713,715,1> 
to_do: 1
pri: 22

Node 716 - n: 716, ai: 716
ready time: 0, valid: 1
child: 717 718 
pool: 
to_do: 0
pri: 24

Node 717 - n: 717, ai: 717
ready time: 0, valid: 0
child: 740 849 
pool: <-1,716,717,1> 
to_do: 1
pri: 23

Node 718 - n: 718, ai: 718
ready time: 0, valid: 0
child: 741 858 
pool: <-1,716,718,1> 
to_do: 1
pri: 22

Node 719 - n: 719, ai: 719
ready time: 0, valid: 1
child: 720 721 
pool: 
to_do: 0
pri: 25

Node 720 - n: 720, ai: 720
ready time: 0, valid: 0
child: 721 722 
pool: <719,711,720,0> 
to_do: 1
pri: 24

Node 721 - n: 721, ai: 721
ready time: 0, valid: 0
child: 740 849 
pool: <719,712,721,0> <-1,720,721,1> 
to_do: 2
pri: 23

Node 722 - n: 722, ai: 722
ready time: 0, valid: 0
child: 741 858 
pool: <-1,720,722,1> 
to_do: 1
pri: 22

Node 723 - n: 723, ai: 723
ready time: 0, valid: 1
child: 724 725 
pool: 
to_do: 0
pri: 28

Node 724 - n: 724, ai: 724
ready time: 0, valid: 0
child: 727 731 
pool: <-1,723,724,1> 
to_do: 1
pri: 27

Node 725 - n: 725, ai: 725
ready time: 0, valid: 0
child: 728 732 
pool: <-1,723,725,1> 
to_do: 1
pri: 26

Node 726 - n: 726, ai: 726
ready time: 0, valid: 1
child: 727 728 
pool: 
to_do: 0
pri: 27

Node 727 - n: 727, ai: 727
ready time: 0, valid: 0
child: 728 729 
pool: <726,724,727,0> 
to_do: 1
pri: 26

Node 728 - n: 728, ai: 728
ready time: 0, valid: 0
child: 732 864 
pool: <726,725,728,0> <-1,727,728,1> 
to_do: 2
pri: 25

Node 729 - n: 729, ai: 729
ready time: 0, valid: 0
child: 734 869 
pool: <-1,727,729,1> 
to_do: 1
pri: 22

Node 730 - n: 730, ai: 730
ready time: 0, valid: 1
child: 731 732 
pool: 
to_do: 0
pri: 26

Node 731 - n: 731, ai: 731
ready time: 0, valid: 0
child: 732 734 
pool: <730,724,731,0> 
to_do: 1
pri: 25

Node 732 - n: 732, ai: 732
ready time: 0, valid: 0
child: 733 734 
pool: <730,725,732,0> <731,728,732,0> 
to_do: 2
pri: 24

Node 733 - n: 733, ai: 733
ready time: 0, valid: 0
child: 740 865 
pool: <-1,732,733,1> 
to_do: 1
pri: 23

Node 734 - n: 734, ai: 734
ready time: 0, valid: 0
child: 742 869 
pool: <731,729,734,0> <-1,732,734,1> 
to_do: 2
pri: 21

Node 735 - n: 735, ai: 735
ready time: 0, valid: 1
child: 738 740 
pool: 
to_do: 0
pri: 24

Node 736 - n: 736, ai: 736
ready time: 0, valid: 1
child: 740 741 
pool: 
to_do: 0
pri: 23

Node 737 - n: 737, ai: 737
ready time: 0, valid: 1
child: 740 741 
pool: 
to_do: 0
pri: 23

Node 738 - n: 738, ai: 738
ready time: 0, valid: 0
child: 740 741 
pool: <735,711,738,0> 
to_do: 1
pri: 23

Node 739 - n: 739, ai: 739
ready time: 0, valid: 1
child: 740 742 
pool: 
to_do: 0
pri: 23

Node 740 - n: 740, ai: 740
ready time: 0, valid: 0
child: 741 742 743 
pool: <735,712,740,0> <736,714,740,0> <737,717,740,0> <738,721,740,0> <739,733,740,0> 
to_do: 5
pri: 22

Node 741 - n: 741, ai: 741
ready time: 0, valid: 0
child: 858 868 1980 
pool: <736,715,741,0> <737,718,741,0> <738,722,741,0> <-1,740,741,1> 
to_do: 4
pri: 21

Node 742 - n: 742, ai: 742
ready time: 0, valid: 0
child: 859 869 1981 
pool: <739,734,742,0> <-1,740,742,1> 
to_do: 2
pri: 20

Node 743 - n: 743, ai: 743
ready time: 0, valid: 0
child: 861 872 1985 
pool: <-1,740,743,1> 
to_do: 1
pri: 17

Node 744 - n: 744, ai: 744
ready time: 0, valid: 1
child: 745 746 
pool: 
to_do: 0
pri: 25

Node 745 - n: 745, ai: 745
ready time: 0, valid: 0
child: 834 1992 
pool: <-1,744,745,1> 
to_do: 1
pri: 24

Node 746 - n: 746, ai: 746
ready time: 0, valid: 0
child: 835 1998 
pool: <-1,744,746,1> 
to_do: 1
pri: 18

Node 747 - n: 747, ai: 747
ready time: 0, valid: 1
child: 748 
pool: 
to_do: 0
pri: 33

Node 748 - n: 748, ai: 748
ready time: 0, valid: 0
child: 754 
pool: <-1,747,748,1> 
to_do: 1
pri: 32

Node 749 - n: 749, ai: 749
ready time: 0, valid: 1
child: 750 
pool: 
to_do: 0
pri: 31

Node 750 - n: 750, ai: 750
ready time: 0, valid: 0
child: 759 
pool: <-1,749,750,1> 
to_do: 1
pri: 30

Node 751 - n: 751, ai: 751
ready time: 0, valid: 1
child: 752 
pool: 
to_do: 0
pri: 31

Node 752 - n: 752, ai: 752
ready time: 0, valid: 0
child: 759 
pool: <-1,751,752,1> 
to_do: 1
pri: 30

Node 753 - n: 753, ai: 753
ready time: 0, valid: 1
child: 754 
pool: 
to_do: 0
pri: 32

Node 754 - n: 754, ai: 754
ready time: 0, valid: 0
child: 755 
pool: <753,748,754,0> 
to_do: 1
pri: 31

Node 755 - n: 755, ai: 755
ready time: 0, valid: 0
child: 759 
pool: <-1,754,755,1> 
to_do: 1
pri: 30

Node 756 - n: 756, ai: 756
ready time: 0, valid: 1
child: 759 
pool: 
to_do: 0
pri: 30

Node 757 - n: 757, ai: 757
ready time: 0, valid: 1
child: 759 
pool: 
to_do: 0
pri: 30

Node 758 - n: 758, ai: 758
ready time: 0, valid: 1
child: 759 
pool: 
to_do: 0
pri: 30

Node 759 - n: 759, ai: 759
ready time: 0, valid: 0
child: 760 761 
pool: <756,750,759,0> <757,752,759,0> <758,755,759,0> 
to_do: 3
pri: 29

Node 760 - n: 760, ai: 760
ready time: 0, valid: 0
child: 777 1893 
pool: <-1,759,760,1> 
to_do: 1
pri: 28

Node 761 - n: 761, ai: 761
ready time: 0, valid: 0
child: 779 1906 
pool: <-1,759,761,1> 
to_do: 1
pri: 22

Node 762 - n: 762, ai: 762
ready time: 0, valid: 1
child: 763 764 
pool: 
to_do: 0
pri: 33

Node 763 - n: 763, ai: 763
ready time: 0, valid: 0
child: 766 775 
pool: <-1,762,763,1> 
to_do: 1
pri: 32

Node 764 - n: 764, ai: 764
ready time: 0, valid: 0
child: 768 777 
pool: <-1,762,764,1> 
to_do: 1
pri: 30

Node 765 - n: 765, ai: 765
ready time: 0, valid: 1
child: 766 768 
pool: 
to_do: 0
pri: 32

Node 766 - n: 766, ai: 766
ready time: 0, valid: 0
child: 767 768 
pool: <765,763,766,0> 
to_do: 1
pri: 31

Node 767 - n: 767, ai: 767
ready time: 0, valid: 0
child: 770 776 
pool: <-1,766,767,1> 
to_do: 1
pri: 30

Node 768 - n: 768, ai: 768
ready time: 0, valid: 0
child: 771 777 
pool: <765,764,768,0> <-1,766,768,1> 
to_do: 2
pri: 29

Node 769 - n: 769, ai: 769
ready time: 0, valid: 1
child: 770 771 
pool: 
to_do: 0
pri: 30

Node 770 - n: 770, ai: 770
ready time: 0, valid: 0
child: 771 772 
pool: <769,767,770,0> 
to_do: 1
pri: 29

Node 771 - n: 771, ai: 771
ready time: 0, valid: 0
child: 777 822 
pool: <769,768,771,0> <-1,770,771,1> 
to_do: 2
pri: 28

Node 772 - n: 772, ai: 772
ready time: 0, valid: 0
child: 778 828 
pool: <-1,770,772,1> 
to_do: 1
pri: 27

Node 773 - n: 773, ai: 773
ready time: 0, valid: 1
child: 777 779 
pool: 
to_do: 0
pri: 28

Node 774 - n: 774, ai: 774
ready time: 0, valid: 1
child: 775 777 
pool: 
to_do: 0
pri: 30

Node 775 - n: 775, ai: 775
ready time: 0, valid: 0
child: 776 777 
pool: <774,763,775,0> 
to_do: 1
pri: 29

Node 776 - n: 776, ai: 776
ready time: 0, valid: 0
child: 777 778 
pool: <775,767,776,0> 
to_do: 1
pri: 28

Node 777 - n: 777, ai: 777
ready time: 0, valid: 0
child: 778 779 
pool: <773,760,777,0> <774,764,777,0> <775,768,777,0> <776,771,777,0> 
to_do: 4
pri: 27

Node 778 - n: 778, ai: 778
ready time: 0, valid: 0
child: 828 1894 
pool: <776,772,778,0> <-1,777,778,1> 
to_do: 2
pri: 26

Node 779 - n: 779, ai: 779
ready time: 0, valid: 0
child: 831 1906 
pool: <773,761,779,0> <-1,777,779,1> 
to_do: 2
pri: 21

Node 780 - n: 780, ai: 780
ready time: 0, valid: 1
child: 781 782 
pool: 
to_do: 0
pri: 27

Node 781 - n: 781, ai: 781
ready time: 0, valid: 0
child: 828 839 
pool: <-1,780,781,1> 
to_do: 1
pri: 26

Node 782 - n: 782, ai: 782
ready time: 0, valid: 0
child: 829 840 
pool: <-1,780,782,1> 
to_do: 1
pri: 25

Node 783 - n: 783, ai: 783
ready time: 0, valid: 1
child: 784 785 786 
pool: 
to_do: 0
pri: 33

Node 784 - n: 784, ai: 784
ready time: 0, valid: 0
child: 788 793 825 
pool: <-1,783,784,1> 
to_do: 1
pri: 32

Node 785 - n: 785, ai: 785
ready time: 0, valid: 0
child: 789 794 826 
pool: <-1,783,785,1> 
to_do: 1
pri: 31

Node 786 - n: 786, ai: 786
ready time: 0, valid: 0
child: 790 796 828 
pool: <-1,783,786,1> 
to_do: 1
pri: 29

Node 787 - n: 787, ai: 787
ready time: 0, valid: 1
child: 788 789 790 
pool: 
to_do: 0
pri: 32

Node 788 - n: 788, ai: 788
ready time: 0, valid: 0
child: 789 790 791 
pool: <787,784,788,0> 
to_do: 1
pri: 31

Node 789 - n: 789, ai: 789
ready time: 0, valid: 0
child: 794 826 851 
pool: <787,785,789,0> <-1,788,789,1> 
to_do: 2
pri: 30

Node 790 - n: 790, ai: 790
ready time: 0, valid: 0
child: 796 828 855 
pool: <787,786,790,0> <-1,788,790,1> 
to_do: 2
pri: 28

Node 791 - n: 791, ai: 791
ready time: 0, valid: 0
child: 797 830 858 
pool: <-1,788,791,1> 
to_do: 1
pri: 25

Node 792 - n: 792, ai: 792
ready time: 0, valid: 1
child: 793 794 796 
pool: 
to_do: 0
pri: 31

Node 793 - n: 793, ai: 793
ready time: 0, valid: 0
child: 794 796 797 
pool: <792,784,793,0> 
to_do: 1
pri: 30

Node 794 - n: 794, ai: 794
ready time: 0, valid: 0
child: 795 796 797 
pool: <792,785,794,0> <793,789,794,0> 
to_do: 2
pri: 29

Node 795 - n: 795, ai: 795
ready time: 0, valid: 0
child: 817 827 854 
pool: <-1,794,795,1> 
to_do: 1
pri: 28

Node 796 - n: 796, ai: 796
ready time: 0, valid: 0
child: 818 828 855 
pool: <792,786,796,0> <793,790,796,0> <-1,794,796,1> 
to_do: 3
pri: 27

Node 797 - n: 797, ai: 797
ready time: 0, valid: 0
child: 820 830 858 
pool: <793,791,797,0> <-1,794,797,1> 
to_do: 2
pri: 24

Node 798 - n: 798, ai: 798
ready time: 0, valid: 1
child: 799 800 801 
pool: 
to_do: 0
pri: 33

Node 799 - n: 799, ai: 799
ready time: 0, valid: 0
child: 803 808 815 
pool: <-1,798,799,1> 
to_do: 1
pri: 32

Node 800 - n: 800, ai: 800
ready time: 0, valid: 0
child: 804 809 816 
pool: <-1,798,800,1> 
to_do: 1
pri: 31

Node 801 - n: 801, ai: 801
ready time: 0, valid: 0
child: 805 810 817 
pool: <-1,798,801,1> 
to_do: 1
pri: 30

Node 802 - n: 802, ai: 802
ready time: 0, valid: 1
child: 803 804 805 
pool: 
to_do: 0
pri: 32

Node 803 - n: 803, ai: 803
ready time: 0, valid: 0
child: 804 805 806 
pool: <802,799,803,0> 
to_do: 1
pri: 31

Node 804 - n: 804, ai: 804
ready time: 0, valid: 0
child: 809 816 853 
pool: <802,800,804,0> <-1,803,804,1> 
to_do: 2
pri: 30

Node 805 - n: 805, ai: 805
ready time: 0, valid: 0
child: 810 817 854 
pool: <802,801,805,0> <-1,803,805,1> 
to_do: 2
pri: 29

Node 806 - n: 806, ai: 806
ready time: 0, valid: 0
child: 812 820 858 
pool: <-1,803,806,1> 
to_do: 1
pri: 25

Node 807 - n: 807, ai: 807
ready time: 0, valid: 1
child: 808 809 810 
pool: 
to_do: 0
pri: 31

Node 808 - n: 808, ai: 808
ready time: 0, valid: 0
child: 809 810 812 
pool: <807,799,808,0> 
to_do: 1
pri: 30

Node 809 - n: 809, ai: 809
ready time: 0, valid: 0
child: 810 811 812 
pool: <807,800,809,0> <808,804,809,0> 
to_do: 2
pri: 29

Node 810 - n: 810, ai: 810
ready time: 0, valid: 0
child: 817 838 854 
pool: <807,801,810,0> <808,805,810,0> <-1,809,810,1> 
to_do: 3
pri: 28

Node 811 - n: 811, ai: 811
ready time: 0, valid: 0
child: 819 840 856 
pool: <-1,809,811,1> 
to_do: 1
pri: 26

Node 812 - n: 812, ai: 812
ready time: 0, valid: 0
child: 820 842 858 
pool: <808,806,812,0> <-1,809,812,1> 
to_do: 2
pri: 24

Node 813 - n: 813, ai: 813
ready time: 0, valid: 1
child: 817 818 820 
pool: 
to_do: 0
pri: 28

Node 814 - n: 814, ai: 814
ready time: 0, valid: 1
child: 815 816 817 
pool: 
to_do: 0
pri: 30

Node 815 - n: 815, ai: 815
ready time: 0, valid: 0
child: 816 817 820 
pool: <814,799,815,0> 
to_do: 1
pri: 29

Node 816 - n: 816, ai: 816
ready time: 0, valid: 0
child: 817 819 820 
pool: <814,800,816,0> <815,804,816,0> 
to_do: 2
pri: 28

Node 817 - n: 817, ai: 817
ready time: 0, valid: 0
child: 818 819 820 
pool: <813,795,817,0> <814,801,817,0> <815,805,817,0> <816,810,817,0> 
to_do: 4
pri: 27

Node 818 - n: 818, ai: 818
ready time: 0, valid: 0
child: 828 839 855 
pool: <813,796,818,0> <-1,817,818,1> 
to_do: 2
pri: 26

Node 819 - n: 819, ai: 819
ready time: 0, valid: 0
child: 829 840 856 
pool: <816,811,819,0> <-1,817,819,1> 
to_do: 2
pri: 25

Node 820 - n: 820, ai: 820
ready time: 0, valid: 0
child: 830 842 858 
pool: <813,797,820,0> <815,806,820,0> <816,812,820,0> <-1,817,820,1> 
to_do: 4
pri: 23

Node 821 - n: 821, ai: 821
ready time: 0, valid: 1
child: 822 828 
pool: 
to_do: 0
pri: 27

Node 822 - n: 822, ai: 822
ready time: 0, valid: 0
child: 828 831 
pool: <821,771,822,0> 
to_do: 1
pri: 26

Node 823 - n: 823, ai: 823
ready time: 0, valid: 1
child: 828 829 
pool: 
to_do: 0
pri: 26

Node 824 - n: 824, ai: 824
ready time: 0, valid: 1
child: 825 826 828 
pool: 
to_do: 0
pri: 29

Node 825 - n: 825, ai: 825
ready time: 0, valid: 0
child: 826 828 830 
pool: <824,784,825,0> 
to_do: 1
pri: 28

Node 826 - n: 826, ai: 826
ready time: 0, valid: 0
child: 827 828 830 
pool: <824,785,826,0> <825,789,826,0> 
to_do: 2
pri: 27

Node 827 - n: 827, ai: 827
ready time: 0, valid: 0
child: 828 829 830 
pool: <826,795,827,0> 
to_do: 1
pri: 26

Node 828 - n: 828, ai: 828
ready time: 0, valid: 0
child: 829 830 831 
pool: <821,772,828,0> <822,778,828,0> <823,781,828,0> <824,786,828,0> <825,790,828,0> <826,796,828,0> <827,818,828,0> 
to_do: 7
pri: 25

Node 829 - n: 829, ai: 829
ready time: 0, valid: 0
child: 840 856 1895 
pool: <823,782,829,0> <827,819,829,0> <-1,828,829,1> 
to_do: 3
pri: 24

Node 830 - n: 830, ai: 830
ready time: 0, valid: 0
child: 842 858 1897 
pool: <825,791,830,0> <826,797,830,0> <827,820,830,0> <-1,828,830,1> 
to_do: 4
pri: 22

Node 831 - n: 831, ai: 831
ready time: 0, valid: 0
child: 844 860 1906 
pool: <822,779,831,0> <-1,828,831,1> 
to_do: 2
pri: 20

Node 832 - n: 832, ai: 832
ready time: 0, valid: 1
child: 834 835 
pool: 
to_do: 0
pri: 24

Node 833 - n: 833, ai: 833
ready time: 0, valid: 1
child: 834 835 
pool: 
to_do: 0
pri: 24

Node 834 - n: 834, ai: 834
ready time: 0, valid: 0
child: 841 857 867 1896 
pool: <832,745,834,0> <-1,833,834,1> 
to_do: 2
pri: 23

Node 835 - n: 835, ai: 835
ready time: 0, valid: 0
child: 845 862 873 1909 
pool: <832,746,835,0> <-1,833,835,1> 
to_do: 2
pri: 17

Node 836 - n: 836, ai: 836
ready time: 0, valid: 1
child: 839 840 
pool: 
to_do: 0
pri: 25

Node 837 - n: 837, ai: 837
ready time: 0, valid: 1
child: 838 840 842 
pool: 
to_do: 0
pri: 26

Node 838 - n: 838, ai: 838
ready time: 0, valid: 0
child: 839 840 842 
pool: <837,810,838,0> 
to_do: 1
pri: 25

Node 839 - n: 839, ai: 839
ready time: 0, valid: 0
child: 840 842 844 
pool: <836,781,839,0> <838,818,839,0> 
to_do: 2
pri: 24

Node 840 - n: 840, ai: 840
ready time: 0, valid: 0
child: 841 845 
pool: <836,782,840,0> <837,811,840,0> <838,819,840,0> <839,829,840,0> 
to_do: 4
pri: 23

Node 841 - n: 841, ai: 841
ready time: 0, valid: 0
child: 842 843 844 845 
pool: <840,834,841,0> 
to_do: 1
pri: 22

Node 842 - n: 842, ai: 842
ready time: 0, valid: 0
child: 858 868 1897 1993 
pool: <837,812,842,0> <838,820,842,0> <839,830,842,0> <-1,841,842,1> 
to_do: 4
pri: 21

Node 843 - n: 843, ai: 843
ready time: 0, valid: 0
child: 859 869 1898 1994 
pool: <-1,841,843,1> 
to_do: 1
pri: 20

Node 844 - n: 844, ai: 844
ready time: 0, valid: 0
child: 860 870 1906 1995 
pool: <839,831,844,0> <-1,841,844,1> 
to_do: 2
pri: 19

Node 845 - n: 845, ai: 845
ready time: 0, valid: 0
child: 862 873 1909 1998 
pool: <840,835,845,0> <-1,841,845,1> 
to_do: 2
pri: 16

Node 846 - n: 846, ai: 846
ready time: 0, valid: 1
child: 849 858 
pool: 
to_do: 0
pri: 22

Node 847 - n: 847, ai: 847
ready time: 0, valid: 1
child: 849 858 
pool: 
to_do: 0
pri: 22

Node 848 - n: 848, ai: 848
ready time: 0, valid: 1
child: 849 858 
pool: 
to_do: 0
pri: 22

Node 849 - n: 849, ai: 849
ready time: 0, valid: 0
child: 858 859 861 
pool: <846,714,849,0> <847,717,849,0> <848,721,849,0> 
to_do: 3
pri: 21

Node 850 - n: 850, ai: 850
ready time: 0, valid: 1
child: 851 855 858 
pool: 
to_do: 0
pri: 26

Node 851 - n: 851, ai: 851
ready time: 0, valid: 0
child: 854 855 858 
pool: <850,789,851,0> 
to_do: 1
pri: 25

Node 852 - n: 852, ai: 852
ready time: 0, valid: 1
child: 853 854 858 
pool: 
to_do: 0
pri: 26

Node 853 - n: 853, ai: 853
ready time: 0, valid: 0
child: 854 856 858 
pool: <852,804,853,0> 
to_do: 1
pri: 25

Node 854 - n: 854, ai: 854
ready time: 0, valid: 0
child: 855 856 858 
pool: <851,795,854,0> <852,805,854,0> <853,810,854,0> 
to_do: 3
pri: 24

Node 855 - n: 855, ai: 855
ready time: 0, valid: 0
child: 856 858 860 
pool: <850,790,855,0> <851,796,855,0> <854,818,855,0> 
to_do: 3
pri: 23

Node 856 - n: 856, ai: 856
ready time: 0, valid: 0
child: 857 862 
pool: <853,811,856,0> <854,819,856,0> <855,829,856,0> 
to_do: 3
pri: 22

Node 857 - n: 857, ai: 857
ready time: 0, valid: 0
child: 858 859 860 862 
pool: <856,834,857,0> 
to_do: 1
pri: 21

Node 858 - n: 858, ai: 858
ready time: 0, valid: 0
child: 859 860 861 862 
pool: <846,715,858,0> <847,718,858,0> <848,722,858,0> <849,741,858,0> <850,791,858,0> <851,797,858,0> <852,806,858,0> <853,812,858,0> <854,820,858,0> <855,830,858,0> <857,842,858,0> 
to_do: 11
pri: 20

Node 859 - n: 859, ai: 859
ready time: 0, valid: 0
child: 869 1898 1981 1994 
pool: <849,742,859,0> <857,843,859,0> <-1,858,859,1> 
to_do: 3
pri: 19

Node 860 - n: 860, ai: 860
ready time: 0, valid: 0
child: 870 1906 1982 1995 
pool: <855,831,860,0> <857,844,860,0> <-1,858,860,1> 
to_do: 3
pri: 18

Node 861 - n: 861, ai: 861
ready time: 0, valid: 0
child: 872 1908 1985 1997 
pool: <849,743,861,0> <-1,858,861,1> 
to_do: 2
pri: 16

Node 862 - n: 862, ai: 862
ready time: 0, valid: 0
child: 873 1909 1986 1998 
pool: <856,835,862,0> <857,845,862,0> <-1,858,862,1> 
to_do: 3
pri: 15

Node 863 - n: 863, ai: 863
ready time: 0, valid: 1
child: 864 869 
pool: 
to_do: 0
pri: 22

Node 864 - n: 864, ai: 864
ready time: 0, valid: 0
child: 865 869 
pool: <863,728,864,0> 
to_do: 1
pri: 21

Node 865 - n: 865, ai: 865
ready time: 0, valid: 0
child: 868 869 872 
pool: <864,733,865,0> 
to_do: 1
pri: 20

Node 866 - n: 866, ai: 866
ready time: 0, valid: 1
child: 867 873 
pool: 
to_do: 0
pri: 21

Node 867 - n: 867, ai: 867
ready time: 0, valid: 0
child: 868 869 870 873 
pool: <866,834,867,0> 
to_do: 1
pri: 20

Node 868 - n: 868, ai: 868
ready time: 0, valid: 0
child: 869 870 872 873 
pool: <865,741,868,0> <867,842,868,0> 
to_do: 2
pri: 19

Node 869 - n: 869, ai: 869
ready time: 0, valid: 0
child: 870 871 872 873 
pool: <863,729,869,0> <864,734,869,0> <865,742,869,0> <867,843,869,0> <868,859,869,0> 
to_do: 5
pri: 18

Node 870 - n: 870, ai: 870
ready time: 0, valid: 0
child: 1906 1966 1982 1995 
pool: <867,844,870,0> <868,860,870,0> <-1,869,870,1> 
to_do: 3
pri: 17

Node 871 - n: 871, ai: 871
ready time: 0, valid: 0
child: 1907 1968 1984 1996 
pool: <-1,869,871,1> 
to_do: 1
pri: 16

Node 872 - n: 872, ai: 872
ready time: 0, valid: 0
child: 1908 1969 1985 1997 
pool: <865,743,872,0> <868,861,872,0> <-1,869,872,1> 
to_do: 3
pri: 15

Node 873 - n: 873, ai: 873
ready time: 0, valid: 0
child: 1909 1970 1986 1998 
pool: <866,835,873,0> <867,845,873,0> <868,862,873,0> <-1,869,873,1> 
to_do: 4
pri: 14

Node 874 - n: 874, ai: 874
ready time: 0, valid: 1
child: 
pool: 
to_do: 0
pri: 0

Node 875 - n: 875, ai: 875
ready time: 0, valid: 1
child: 
pool: 
to_do: 0
pri: 0

Node 876 - n: 876, ai: 876
ready time: 0, valid: 1
child: 877 
pool: 
to_do: 0
pri: 1

Node 877 - n: 877, ai: 877
ready time: 0, valid: 0
child: 
pool: <-1,876,877,1> 
to_do: 1
pri: 0

Node 878 - n: 878, ai: 878
ready time: 0, valid: 1
child: 
pool: 
to_do: 0
pri: 0

Node 879 - n: 879, ai: 879
ready time: 0, valid: 1
child: 880 
pool: 
to_do: 0
pri: 22

Node 880 - n: 880, ai: 880
ready time: 0, valid: 0
child: 891 
pool: <-1,879,880,1> 
to_do: 1
pri: 21

Node 881 - n: 881, ai: 881
ready time: 0, valid: 1
child: 882 
pool: 
to_do: 0
pri: 18

Node 882 - n: 882, ai: 882
ready time: 0, valid: 0
child: 888 
pool: <-1,881,882,1> 
to_do: 1
pri: 17

Node 883 - n: 883, ai: 883
ready time: 0, valid: 1
child: 884 
pool: 
to_do: 0
pri: 16

Node 884 - n: 884, ai: 884
ready time: 0, valid: 0
child: 1968 
pool: <-1,883,884,1> 
to_do: 1
pri: 15

Node 885 - n: 885, ai: 885
ready time: 0, valid: 1
child: 886 
pool: 
to_do: 0
pri: 16

Node 886 - n: 886, ai: 886
ready time: 0, valid: 0
child: 1968 
pool: <-1,885,886,1> 
to_do: 1
pri: 15

Node 887 - n: 887, ai: 887
ready time: 0, valid: 1
child: 888 
pool: 
to_do: 0
pri: 17

Node 888 - n: 888, ai: 888
ready time: 0, valid: 0
child: 889 
pool: <887,882,888,0> 
to_do: 1
pri: 16

Node 889 - n: 889, ai: 889
ready time: 0, valid: 0
child: 1968 
pool: <-1,888,889,1> 
to_do: 1
pri: 15

Node 890 - n: 890, ai: 890
ready time: 0, valid: 1
child: 891 
pool: 
to_do: 0
pri: 21

Node 891 - n: 891, ai: 891
ready time: 0, valid: 0
child: 892 893 
pool: <890,880,891,0> 
to_do: 1
pri: 20

Node 892 - n: 892, ai: 892
ready time: 0, valid: 0
child: 913 1964 
pool: <-1,891,892,1> 
to_do: 1
pri: 19

Node 893 - n: 893, ai: 893
ready time: 0, valid: 0
child: 916 1968 
pool: <-1,891,893,1> 
to_do: 1
pri: 17

Node 894 - n: 894, ai: 894
ready time: 0, valid: 1
child: 895 
pool: 
to_do: 0
pri: 21

Node 895 - n: 895, ai: 895
ready time: 0, valid: 0
child: 1900 
pool: <-1,894,895,1> 
to_do: 1
pri: 20

Node 896 - n: 896, ai: 896
ready time: 0, valid: 1
child: 897 
pool: 
to_do: 0
pri: 20

Node 897 - n: 897, ai: 897
ready time: 0, valid: 0
child: 1901 
pool: <-1,896,897,1> 
to_do: 1
pri: 19

Node 898 - n: 898, ai: 898
ready time: 0, valid: 1
child: 899 900 
pool: 
to_do: 0
pri: 19

Node 899 - n: 899, ai: 899
ready time: 0, valid: 0
child: 1902 
pool: <-1,898,899,1> 
to_do: 1
pri: 18

Node 900 - n: 900, ai: 900
ready time: 0, valid: 0
child: 1903 
pool: <-1,898,900,1> 
to_do: 1
pri: 18

Node 901 - n: 901, ai: 901
ready time: 0, valid: 1
child: 902 
pool: 
to_do: 0
pri: 21

Node 902 - n: 902, ai: 902
ready time: 0, valid: 0
child: 907 
pool: <-1,901,902,1> 
to_do: 1
pri: 20

Node 903 - n: 903, ai: 903
ready time: 0, valid: 1
child: 904 905 
pool: 
to_do: 0
pri: 20

Node 904 - n: 904, ai: 904
ready time: 0, valid: 0
child: 909 
pool: <-1,903,904,1> 
to_do: 1
pri: 3

Node 905 - n: 905, ai: 905
ready time: 0, valid: 0
child: 910 
pool: <-1,903,905,1> 
to_do: 1
pri: 19

Node 906 - n: 906, ai: 906
ready time: 0, valid: 1
child: 907 
pool: 
to_do: 0
pri: 20

Node 907 - n: 907, ai: 907
ready time: 0, valid: 0
child: 909 910 
pool: <906,902,907,0> 
to_do: 1
pri: 19

Node 908 - n: 908, ai: 908
ready time: 0, valid: 1
child: 909 910 
pool: 
to_do: 0
pri: 19

Node 909 - n: 909, ai: 909
ready time: 0, valid: 0
child: 914 1905 
pool: <907,904,909,0> <-1,908,909,1> 
to_do: 2
pri: 2

Node 910 - n: 910, ai: 910
ready time: 0, valid: 0
child: 915 1906 
pool: <907,905,910,0> <-1,908,910,1> 
to_do: 2
pri: 18

Node 911 - n: 911, ai: 911
ready time: 0, valid: 1
child: 913 916 
pool: 
to_do: 0
pri: 19

Node 912 - n: 912, ai: 912
ready time: 0, valid: 1
child: 914 915 
pool: 
to_do: 0
pri: 18

Node 913 - n: 913, ai: 913
ready time: 0, valid: 0
child: 914 915 916 
pool: <911,892,913,0> 
to_do: 1
pri: 18

Node 914 - n: 914, ai: 914
ready time: 0, valid: 0
child: 1905 1965 
pool: <912,909,914,0> <-1,913,914,1> 
to_do: 2
pri: 1

Node 915 - n: 915, ai: 915
ready time: 0, valid: 0
child: 1906 1966 
pool: <912,910,915,0> <-1,913,915,1> 
to_do: 2
pri: 17

Node 916 - n: 916, ai: 916
ready time: 0, valid: 0
child: 1907 1968 
pool: <911,893,916,0> <-1,913,916,1> 
to_do: 2
pri: 16

Node 917 - n: 917, ai: 917
ready time: 0, valid: 1
child: 918 
pool: 
to_do: 0
pri: 5

Node 918 - n: 918, ai: 918
ready time: 0, valid: 0
child: 921 1821 
pool: <-1,917,918,1> 
to_do: 1
pri: 4

Node 919 - n: 919, ai: 919
ready time: 0, valid: 1
child: 921 
pool: 
to_do: 0
pri: 4

Node 920 - n: 920, ai: 920
ready time: 0, valid: 1
child: 921 922 
pool: 
to_do: 0
pri: 4

Node 921 - n: 921, ai: 921
ready time: 0, valid: 0
child: 975 
pool: <919,918,921,0> <-1,920,921,1> 
to_do: 2
pri: 3

Node 922 - n: 922, ai: 922
ready time: 0, valid: 0
child: 976 
pool: <-1,920,922,1> 
to_do: 1
pri: 2

Node 923 - n: 923, ai: 923
ready time: 0, valid: 1
child: 924 
pool: 
to_do: 0
pri: 23

Node 924 - n: 924, ai: 924
ready time: 0, valid: 0
child: 926 
pool: <-1,923,924,1> 
to_do: 1
pri: 22

Node 925 - n: 925, ai: 925
ready time: 0, valid: 1
child: 926 
pool: 
to_do: 0
pri: 22

Node 926 - n: 926, ai: 926
ready time: 0, valid: 0
child: 927 928 
pool: <925,924,926,0> 
to_do: 1
pri: 21

Node 927 - n: 927, ai: 927
ready time: 0, valid: 0
child: 930 942 
pool: <-1,926,927,1> 
to_do: 1
pri: 20

Node 928 - n: 928, ai: 928
ready time: 0, valid: 0
child: 932 945 
pool: <-1,926,928,1> 
to_do: 1
pri: 17

Node 929 - n: 929, ai: 929
ready time: 0, valid: 1
child: 930 932 
pool: 
to_do: 0
pri: 20

Node 930 - n: 930, ai: 930
ready time: 0, valid: 0
child: 931 932 
pool: <929,927,930,0> 
to_do: 1
pri: 19

Node 931 - n: 931, ai: 931
ready time: 0, valid: 0
child: 934 943 
pool: <-1,930,931,1> 
to_do: 1
pri: 18

Node 932 - n: 932, ai: 932
ready time: 0, valid: 0
child: 936 945 
pool: <929,928,932,0> <-1,930,932,1> 
to_do: 2
pri: 16

Node 933 - n: 933, ai: 933
ready time: 0, valid: 1
child: 934 936 
pool: 
to_do: 0
pri: 18

Node 934 - n: 934, ai: 934
ready time: 0, valid: 0
child: 935 936 
pool: <933,931,934,0> 
to_do: 1
pri: 17

Node 935 - n: 935, ai: 935
ready time: 0, valid: 0
child: 938 944 
pool: <-1,934,935,1> 
to_do: 1
pri: 16

Node 936 - n: 936, ai: 936
ready time: 0, valid: 0
child: 939 945 
pool: <933,932,936,0> <-1,934,936,1> 
to_do: 2
pri: 15

Node 937 - n: 937, ai: 937
ready time: 0, valid: 1
child: 938 939 
pool: 
to_do: 0
pri: 16

Node 938 - n: 938, ai: 938
ready time: 0, valid: 0
child: 939 940 
pool: <937,935,938,0> 
to_do: 1
pri: 15

Node 939 - n: 939, ai: 939
ready time: 0, valid: 0
child: 945 970 
pool: <937,936,939,0> <-1,938,939,1> 
to_do: 2
pri: 14

Node 940 - n: 940, ai: 940
ready time: 0, valid: 0
child: 947 975 
pool: <-1,938,940,1> 
to_do: 1
pri: 9

Node 941 - n: 941, ai: 941
ready time: 0, valid: 1
child: 942 945 
pool: 
to_do: 0
pri: 17

Node 942 - n: 942, ai: 942
ready time: 0, valid: 0
child: 943 945 
pool: <941,927,942,0> 
to_do: 1
pri: 16

Node 943 - n: 943, ai: 943
ready time: 0, valid: 0
child: 944 945 
pool: <942,931,943,0> 
to_do: 1
pri: 15

Node 944 - n: 944, ai: 944
ready time: 0, valid: 0
child: 945 947 
pool: <943,935,944,0> 
to_do: 1
pri: 14

Node 945 - n: 945, ai: 945
ready time: 0, valid: 0
child: 946 947 
pool: <941,928,945,0> <942,932,945,0> <943,936,945,0> <944,939,945,0> 
to_do: 4
pri: 13

Node 946 - n: 946, ai: 946
ready time: 0, valid: 0
child: 949 971 
pool: <-1,945,946,1> 
to_do: 1
pri: 12

Node 947 - n: 947, ai: 947
ready time: 0, valid: 0
child: 951 975 
pool: <944,940,947,0> <-1,945,947,1> 
to_do: 2
pri: 8

Node 948 - n: 948, ai: 948
ready time: 0, valid: 1
child: 949 951 
pool: 
to_do: 0
pri: 12

Node 949 - n: 949, ai: 949
ready time: 0, valid: 0
child: 950 951 
pool: <948,946,949,0> 
to_do: 1
pri: 11

Node 950 - n: 950, ai: 950
ready time: 0, valid: 0
child: 953 972 
pool: <-1,949,950,1> 
to_do: 1
pri: 10

Node 951 - n: 951, ai: 951
ready time: 0, valid: 0
child: 955 975 
pool: <948,947,951,0> <-1,949,951,1> 
to_do: 2
pri: 7

Node 952 - n: 952, ai: 952
ready time: 0, valid: 1
child: 953 955 
pool: 
to_do: 0
pri: 10

Node 953 - n: 953, ai: 953
ready time: 0, valid: 0
child: 954 955 
pool: <952,950,953,0> 
to_do: 1
pri: 9

Node 954 - n: 954, ai: 954
ready time: 0, valid: 0
child: 957 973 
pool: <-1,953,954,1> 
to_do: 1
pri: 8

Node 955 - n: 955, ai: 955
ready time: 0, valid: 0
child: 959 975 
pool: <952,951,955,0> <-1,953,955,1> 
to_do: 2
pri: 6

Node 956 - n: 956, ai: 956
ready time: 0, valid: 1
child: 957 959 
pool: 
to_do: 0
pri: 8

Node 957 - n: 957, ai: 957
ready time: 0, valid: 0
child: 958 959 
pool: <956,954,957,0> 
to_do: 1
pri: 7

Node 958 - n: 958, ai: 958
ready time: 0, valid: 0
child: 962 974 
pool: <-1,957,958,1> 
to_do: 1
pri: 6

Node 959 - n: 959, ai: 959
ready time: 0, valid: 0
child: 963 975 
pool: <956,955,959,0> <-1,957,959,1> 
to_do: 2
pri: 5

Node 960 - n: 960, ai: 960
ready time: 0, valid: 1
child: 962 963 
pool: 
to_do: 0
pri: 6

Node 961 - n: 961, ai: 961
ready time: 0, valid: 1
child: 962 963 
pool: 
to_do: 0
pri: 6

Node 962 - n: 962, ai: 962
ready time: 0, valid: 0
child: 965 1880 
pool: <960,958,962,0> <-1,961,962,1> 
to_do: 2
pri: 5

Node 963 - n: 963, ai: 963
ready time: 0, valid: 0
child: 966 1881 
pool: <960,959,963,0> <-1,961,963,1> 
to_do: 2
pri: 4

Node 964 - n: 964, ai: 964
ready time: 0, valid: 1
child: 965 966 
pool: 
to_do: 0
pri: 5

Node 965 - n: 965, ai: 965
ready time: 0, valid: 0
child: 966 967 
pool: <964,962,965,0> 
to_do: 1
pri: 4

Node 966 - n: 966, ai: 966
ready time: 0, valid: 0
child: 975 1881 
pool: <964,963,966,0> <-1,965,966,1> 
to_do: 2
pri: 3

Node 967 - n: 967, ai: 967
ready time: 0, valid: 0
child: 977 1885 
pool: <-1,965,967,1> 
to_do: 1
pri: 2

Node 968 - n: 968, ai: 968
ready time: 0, valid: 1
child: 975 976 
pool: 
to_do: 0
pri: 3

Node 969 - n: 969, ai: 969
ready time: 0, valid: 1
child: 970 975 
pool: 
to_do: 0
pri: 8

Node 970 - n: 970, ai: 970
ready time: 0, valid: 0
child: 971 975 
pool: <969,939,970,0> 
to_do: 1
pri: 7

Node 971 - n: 971, ai: 971
ready time: 0, valid: 0
child: 972 975 
pool: <970,946,971,0> 
to_do: 1
pri: 6

Node 972 - n: 972, ai: 972
ready time: 0, valid: 0
child: 973 975 
pool: <971,950,972,0> 
to_do: 1
pri: 5

Node 973 - n: 973, ai: 973
ready time: 0, valid: 0
child: 974 975 
pool: <972,954,973,0> 
to_do: 1
pri: 4

Node 974 - n: 974, ai: 974
ready time: 0, valid: 0
child: 975 977 
pool: <973,958,974,0> 
to_do: 1
pri: 3

Node 975 - n: 975, ai: 975
ready time: 0, valid: 0
child: 976 977 
pool: <968,921,975,0> <969,940,975,0> <970,947,975,0> <971,951,975,0> <972,955,975,0> <973,959,975,0> <974,966,975,0> 
to_do: 7
pri: 2

Node 976 - n: 976, ai: 976
ready time: 0, valid: 0
child: 1827 1882 
pool: <968,922,976,0> <-1,975,976,1> 
to_do: 2
pri: 1

Node 977 - n: 977, ai: 977
ready time: 0, valid: 0
child: 1828 1885 
pool: <974,967,977,0> <-1,975,977,1> 
to_do: 2
pri: 1

Node 978 - n: 978, ai: 978
ready time: 0, valid: 1
child: 
pool: 
to_do: 0
pri: 0

Node 979 - n: 979, ai: 979
ready time: 0, valid: 1
child: 980 
pool: 
to_do: 0
pri: 3

Node 980 - n: 980, ai: 980
ready time: 0, valid: 0
child: 1831 
pool: <-1,979,980,1> 
to_do: 1
pri: 2

Node 981 - n: 981, ai: 981
ready time: 0, valid: 1
child: 982 
pool: 
to_do: 0
pri: 23

Node 982 - n: 982, ai: 982
ready time: 0, valid: 0
child: 986 
pool: <-1,981,982,1> 
to_do: 1
pri: 22

Node 983 - n: 983, ai: 983
ready time: 0, valid: 1
child: 984 
pool: 
to_do: 0
pri: 21

Node 984 - n: 984, ai: 984
ready time: 0, valid: 0
child: 991 
pool: <-1,983,984,1> 
to_do: 1
pri: 20

Node 985 - n: 985, ai: 985
ready time: 0, valid: 1
child: 986 
pool: 
to_do: 0
pri: 22

Node 986 - n: 986, ai: 986
ready time: 0, valid: 0
child: 987 988 
pool: <985,982,986,0> 
to_do: 1
pri: 21

Node 987 - n: 987, ai: 987
ready time: 0, valid: 0
child: 991 1795 
pool: <-1,986,987,1> 
to_do: 1
pri: 20

Node 988 - n: 988, ai: 988
ready time: 0, valid: 0
child: 993 1815 
pool: <-1,986,988,1> 
to_do: 1
pri: 15

Node 989 - n: 989, ai: 989
ready time: 0, valid: 1
child: 991 
pool: 
to_do: 0
pri: 20

Node 990 - n: 990, ai: 990
ready time: 0, valid: 1
child: 991 993 
pool: 
to_do: 0
pri: 20

Node 991 - n: 991, ai: 991
ready time: 0, valid: 0
child: 992 993 
pool: <989,984,991,0> <990,987,991,0> 
to_do: 2
pri: 19

Node 992 - n: 992, ai: 992
ready time: 0, valid: 0
child: 995 1796 
pool: <-1,991,992,1> 
to_do: 1
pri: 18

Node 993 - n: 993, ai: 993
ready time: 0, valid: 0
child: 997 1815 
pool: <990,988,993,0> <-1,991,993,1> 
to_do: 2
pri: 14

Node 994 - n: 994, ai: 994
ready time: 0, valid: 1
child: 995 997 
pool: 
to_do: 0
pri: 18

Node 995 - n: 995, ai: 995
ready time: 0, valid: 0
child: 996 997 
pool: <994,992,995,0> 
to_do: 1
pri: 17

Node 996 - n: 996, ai: 996
ready time: 0, valid: 0
child: 999 1797 
pool: <-1,995,996,1> 
to_do: 1
pri: 16

Node 997 - n: 997, ai: 997
ready time: 0, valid: 0
child: 1001 1815 
pool: <994,993,997,0> <-1,995,997,1> 
to_do: 2
pri: 13

Node 998 - n: 998, ai: 998
ready time: 0, valid: 1
child: 999 1001 
pool: 
to_do: 0
pri: 16

Node 999 - n: 999, ai: 999
ready time: 0, valid: 0
child: 1000 1001 
pool: <998,996,999,0> 
to_do: 1
pri: 15

Node 1000 - n: 1000, ai: 1000
ready time: 0, valid: 0
child: 1016 1798 
pool: <-1,999,1000,1> 
to_do: 1
pri: 14

Node 1001 - n: 1001, ai: 1001
ready time: 0, valid: 0
child: 1019 1815 
pool: <998,997,1001,0> <-1,999,1001,1> 
to_do: 2
pri: 12

Node 1002 - n: 1002, ai: 1002
ready time: 0, valid: 1
child: 1003 1004 
pool: 
to_do: 0
pri: 14

Node 1003 - n: 1003, ai: 1003
ready time: 0, valid: 0
child: 1017 1799 
pool: <-1,1002,1003,1> 
to_do: 1
pri: 13

Node 1004 - n: 1004, ai: 1004
ready time: 0, valid: 0
child: 1018 1800 
pool: <-1,1002,1004,1> 
to_do: 1
pri: 4

Node 1005 - n: 1005, ai: 1005
ready time: 0, valid: 1
child: 1006 
pool: 
to_do: 0
pri: 3

Node 1006 - n: 1006, ai: 1006
ready time: 0, valid: 0
child: 1011 
pool: <-1,1005,1006,1> 
to_do: 1
pri: 2

Node 1007 - n: 1007, ai: 1007
ready time: 0, valid: 1
child: 1008 
pool: 
to_do: 0
pri: 3

Node 1008 - n: 1008, ai: 1008
ready time: 0, valid: 0
child: 1014 1826 
pool: <-1,1007,1008,1> 
to_do: 1
pri: 2

Node 1009 - n: 1009, ai: 1009
ready time: 0, valid: 1
child: 1011 
pool: 
to_do: 0
pri: 2

Node 1010 - n: 1010, ai: 1010
ready time: 0, valid: 1
child: 1014 
pool: 
to_do: 0
pri: 1

Node 1011 - n: 1011, ai: 1011
ready time: 0, valid: 0
child: 1012 1013 1014 
pool: <1009,1006,1011,0> 
to_do: 1
pri: 1

Node 1012 - n: 1012, ai: 1012
ready time: 0, valid: 0
child: 
pool: <-1,1011,1012,1> 
to_do: 1
pri: 0

Node 1013 - n: 1013, ai: 1013
ready time: 0, valid: 0
child: 
pool: <-1,1011,1013,1> 
to_do: 1
pri: 0

Node 1014 - n: 1014, ai: 1014
ready time: 0, valid: 0
child: 
pool: <1010,1008,1014,0> <-1,1011,1014,1> 
to_do: 2
pri: 0

Node 1015 - n: 1015, ai: 1015
ready time: 0, valid: 1
child: 1016 1019 
pool: 
to_do: 0
pri: 14

Node 1016 - n: 1016, ai: 1016
ready time: 0, valid: 0
child: 1017 1018 
pool: <1015,1000,1016,0> 
to_do: 1
pri: 13

Node 1017 - n: 1017, ai: 1017
ready time: 0, valid: 0
child: 1018 1019 
pool: <1016,1003,1017,0> 
to_do: 1
pri: 12

Node 1018 - n: 1018, ai: 1018
ready time: 0, valid: 0
child: 1800 
pool: <1016,1004,1018,0> <-1,1017,1018,1> 
to_do: 2
pri: 3

Node 1019 - n: 1019, ai: 1019
ready time: 0, valid: 0
child: 1815 
pool: <1015,1001,1019,0> <-1,1017,1019,1> 
to_do: 2
pri: 11

Node 1020 - n: 1020, ai: 1020
ready time: 0, valid: 1
child: 
pool: 
to_do: 0
pri: 0

Node 1021 - n: 1021, ai: 1021
ready time: 0, valid: 1
child: 1022 
pool: 
to_do: 0
pri: 3

Node 1022 - n: 1022, ai: 1022
ready time: 0, valid: 0
child: 1816 1832 
pool: <-1,1021,1022,1> 
to_do: 1
pri: 2

Node 1023 - n: 1023, ai: 1023
ready time: 0, valid: 1
child: 
pool: 
to_do: 0
pri: 0

Node 1024 - n: 1024, ai: 1024
ready time: 0, valid: 1
child: 
pool: 
to_do: 0
pri: 0

Node 1025 - n: 1025, ai: 1025
ready time: 0, valid: 1
child: 1026 
pool: 
to_do: 0
pri: 1

Node 1026 - n: 1026, ai: 1026
ready time: 0, valid: 0
child: 
pool: <-1,1025,1026,1> 
to_do: 1
pri: 0

Node 1027 - n: 1027, ai: 1027
ready time: 0, valid: 1
child: 
pool: 
to_do: 0
pri: 0

Node 1028 - n: 1028, ai: 1028
ready time: 0, valid: 1
child: 1029 
pool: 
to_do: 0
pri: 20

Node 1029 - n: 1029, ai: 1029
ready time: 0, valid: 0
child: 1040 
pool: <-1,1028,1029,1> 
to_do: 1
pri: 19

Node 1030 - n: 1030, ai: 1030
ready time: 0, valid: 1
child: 1031 
pool: 
to_do: 0
pri: 18

Node 1031 - n: 1031, ai: 1031
ready time: 0, valid: 0
child: 1037 
pool: <-1,1030,1031,1> 
to_do: 1
pri: 17

Node 1032 - n: 1032, ai: 1032
ready time: 0, valid: 1
child: 1033 
pool: 
to_do: 0
pri: 16

Node 1033 - n: 1033, ai: 1033
ready time: 0, valid: 0
child: 1770 
pool: <-1,1032,1033,1> 
to_do: 1
pri: 15

Node 1034 - n: 1034, ai: 1034
ready time: 0, valid: 1
child: 1035 
pool: 
to_do: 0
pri: 16

Node 1035 - n: 1035, ai: 1035
ready time: 0, valid: 0
child: 1770 
pool: <-1,1034,1035,1> 
to_do: 1
pri: 15

Node 1036 - n: 1036, ai: 1036
ready time: 0, valid: 1
child: 1037 
pool: 
to_do: 0
pri: 17

Node 1037 - n: 1037, ai: 1037
ready time: 0, valid: 0
child: 1038 
pool: <1036,1031,1037,0> 
to_do: 1
pri: 16

Node 1038 - n: 1038, ai: 1038
ready time: 0, valid: 0
child: 1770 
pool: <-1,1037,1038,1> 
to_do: 1
pri: 15

Node 1039 - n: 1039, ai: 1039
ready time: 0, valid: 1
child: 1040 
pool: 
to_do: 0
pri: 19

Node 1040 - n: 1040, ai: 1040
ready time: 0, valid: 0
child: 1041 1042 
pool: <1039,1029,1040,0> 
to_do: 1
pri: 18

Node 1041 - n: 1041, ai: 1041
ready time: 0, valid: 0
child: 1062 1740 
pool: <-1,1040,1041,1> 
to_do: 1
pri: 17

Node 1042 - n: 1042, ai: 1042
ready time: 0, valid: 0
child: 1063 1770 
pool: <-1,1040,1042,1> 
to_do: 1
pri: 16

Node 1043 - n: 1043, ai: 1043
ready time: 0, valid: 1
child: 1044 
pool: 
to_do: 0
pri: 18

Node 1044 - n: 1044, ai: 1044
ready time: 0, valid: 0
child: 1776 
pool: <-1,1043,1044,1> 
to_do: 1
pri: 17

Node 1045 - n: 1045, ai: 1045
ready time: 0, valid: 1
child: 1046 
pool: 
to_do: 0
pri: 17

Node 1046 - n: 1046, ai: 1046
ready time: 0, valid: 0
child: 1777 
pool: <-1,1045,1046,1> 
to_do: 1
pri: 16

Node 1047 - n: 1047, ai: 1047
ready time: 0, valid: 1
child: 1048 1049 
pool: 
to_do: 0
pri: 16

Node 1048 - n: 1048, ai: 1048
ready time: 0, valid: 0
child: 1778 
pool: <-1,1047,1048,1> 
to_do: 1
pri: 14

Node 1049 - n: 1049, ai: 1049
ready time: 0, valid: 0
child: 1779 
pool: <-1,1047,1049,1> 
to_do: 1
pri: 15

Node 1050 - n: 1050, ai: 1050
ready time: 0, valid: 1
child: 1051 
pool: 
to_do: 0
pri: 18

Node 1051 - n: 1051, ai: 1051
ready time: 0, valid: 0
child: 1056 
pool: <-1,1050,1051,1> 
to_do: 1
pri: 17

Node 1052 - n: 1052, ai: 1052
ready time: 0, valid: 1
child: 1053 1054 
pool: 
to_do: 0
pri: 17

Node 1053 - n: 1053, ai: 1053
ready time: 0, valid: 0
child: 1058 
pool: <-1,1052,1053,1> 
to_do: 1
pri: 16

Node 1054 - n: 1054, ai: 1054
ready time: 0, valid: 0
child: 1059 
pool: <-1,1052,1054,1> 
to_do: 1
pri: 6

Node 1055 - n: 1055, ai: 1055
ready time: 0, valid: 1
child: 1056 
pool: 
to_do: 0
pri: 17

Node 1056 - n: 1056, ai: 1056
ready time: 0, valid: 0
child: 1058 1059 
pool: <1055,1051,1056,0> 
to_do: 1
pri: 16

Node 1057 - n: 1057, ai: 1057
ready time: 0, valid: 1
child: 1058 1059 
pool: 
to_do: 0
pri: 16

Node 1058 - n: 1058, ai: 1058
ready time: 0, valid: 0
child: 1064 1789 
pool: <1056,1053,1058,0> <-1,1057,1058,1> 
to_do: 2
pri: 15

Node 1059 - n: 1059, ai: 1059
ready time: 0, valid: 0
child: 1065 1791 
pool: <1056,1054,1059,0> <-1,1057,1059,1> 
to_do: 2
pri: 5

Node 1060 - n: 1060, ai: 1060
ready time: 0, valid: 1
child: 1062 1063 
pool: 
to_do: 0
pri: 17

Node 1061 - n: 1061, ai: 1061
ready time: 0, valid: 1
child: 1064 1065 
pool: 
to_do: 0
pri: 15

Node 1062 - n: 1062, ai: 1062
ready time: 0, valid: 0
child: 1063 1064 1065 
pool: <1060,1041,1062,0> 
to_do: 1
pri: 16

Node 1063 - n: 1063, ai: 1063
ready time: 0, valid: 0
child: 1770 1788 
pool: <1060,1042,1063,0> <-1,1062,1063,1> 
to_do: 2
pri: 15

Node 1064 - n: 1064, ai: 1064
ready time: 0, valid: 0
child: 1771 1789 
pool: <1061,1058,1064,0> <-1,1062,1064,1> 
to_do: 2
pri: 14

Node 1065 - n: 1065, ai: 1065
ready time: 0, valid: 0
child: 1773 1791 
pool: <1061,1059,1065,0> <-1,1062,1065,1> 
to_do: 2
pri: 4

Node 1066 - n: 1066, ai: 1066
ready time: 0, valid: 1
child: 1067 1068 1069 
pool: 
to_do: 0
pri: 30

Node 1067 - n: 1067, ai: 1067
ready time: 0, valid: 0
child: 1071 1076 1162 
pool: <-1,1066,1067,1> 
to_do: 1
pri: 29

Node 1068 - n: 1068, ai: 1068
ready time: 0, valid: 0
child: 1072 1077 1163 
pool: <-1,1066,1068,1> 
to_do: 1
pri: 28

Node 1069 - n: 1069, ai: 1069
ready time: 0, valid: 0
child: 1074 1079 1172 
pool: <-1,1066,1069,1> 
to_do: 1
pri: 26

Node 1070 - n: 1070, ai: 1070
ready time: 0, valid: 1
child: 1071 1072 1074 
pool: 
to_do: 0
pri: 29

Node 1071 - n: 1071, ai: 1071
ready time: 0, valid: 0
child: 1072 1073 1074 
pool: <1070,1067,1071,0> 
to_do: 1
pri: 28

Node 1072 - n: 1072, ai: 1072
ready time: 0, valid: 0
child: 1077 1082 1163 
pool: <1070,1068,1072,0> <-1,1071,1072,1> 
to_do: 2
pri: 27

Node 1073 - n: 1073, ai: 1073
ready time: 0, valid: 0
child: 1078 1083 1164 
pool: <-1,1071,1073,1> 
to_do: 1
pri: 26

Node 1074 - n: 1074, ai: 1074
ready time: 0, valid: 0
child: 1079 1084 1172 
pool: <1070,1069,1074,0> <-1,1071,1074,1> 
to_do: 2
pri: 25

Node 1075 - n: 1075, ai: 1075
ready time: 0, valid: 1
child: 1076 1077 1079 
pool: 
to_do: 0
pri: 28

Node 1076 - n: 1076, ai: 1076
ready time: 0, valid: 0
child: 1077 1078 1079 
pool: <1075,1067,1076,0> 
to_do: 1
pri: 27

Node 1077 - n: 1077, ai: 1077
ready time: 0, valid: 0
child: 1078 1079 1080 
pool: <1075,1068,1077,0> <1076,1072,1077,0> 
to_do: 2
pri: 26

Node 1078 - n: 1078, ai: 1078
ready time: 0, valid: 0
child: 1083 1164 1521 
pool: <1076,1073,1078,0> <-1,1077,1078,1> 
to_do: 2
pri: 25

Node 1079 - n: 1079, ai: 1079
ready time: 0, valid: 0
child: 1084 1172 1522 
pool: <1075,1069,1079,0> <1076,1074,1079,0> <-1,1077,1079,1> 
to_do: 3
pri: 24

Node 1080 - n: 1080, ai: 1080
ready time: 0, valid: 0
child: 1085 1173 1529 
pool: <-1,1077,1080,1> 
to_do: 1
pri: 23

Node 1081 - n: 1081, ai: 1081
ready time: 0, valid: 1
child: 1082 1083 1084 
pool: 
to_do: 0
pri: 26

Node 1082 - n: 1082, ai: 1082
ready time: 0, valid: 0
child: 1083 1084 1085 
pool: <1081,1072,1082,0> 
to_do: 1
pri: 25

Node 1083 - n: 1083, ai: 1083
ready time: 0, valid: 0
child: 1084 1085 
pool: <1081,1073,1083,0> <1082,1078,1083,0> 
to_do: 2
pri: 24

Node 1084 - n: 1084, ai: 1084
ready time: 0, valid: 0
child: 1172 1522 
pool: <1081,1074,1084,0> <1082,1079,1084,0> <-1,1083,1084,1> 
to_do: 3
pri: 23

Node 1085 - n: 1085, ai: 1085
ready time: 0, valid: 0
child: 1173 1529 
pool: <1082,1080,1085,0> <-1,1083,1085,1> 
to_do: 2
pri: 22

Node 1086 - n: 1086, ai: 1086
ready time: 0, valid: 1
child: 1087 
pool: 
to_do: 0
pri: 32

Node 1087 - n: 1087, ai: 1087
ready time: 0, valid: 0
child: 1089 
pool: <-1,1086,1087,1> 
to_do: 1
pri: 31

Node 1088 - n: 1088, ai: 1088
ready time: 0, valid: 1
child: 1089 
pool: 
to_do: 0
pri: 31

Node 1089 - n: 1089, ai: 1089
ready time: 0, valid: 0
child: 1090 1091 
pool: <1088,1087,1089,0> 
to_do: 1
pri: 30

Node 1090 - n: 1090, ai: 1090
ready time: 0, valid: 0
child: 1093 1097 
pool: <-1,1089,1090,1> 
to_do: 1
pri: 29

Node 1091 - n: 1091, ai: 1091
ready time: 0, valid: 0
child: 1094 1098 
pool: <-1,1089,1091,1> 
to_do: 1
pri: 28

Node 1092 - n: 1092, ai: 1092
ready time: 0, valid: 1
child: 1093 1094 
pool: 
to_do: 0
pri: 29

Node 1093 - n: 1093, ai: 1093
ready time: 0, valid: 0
child: 1094 1095 
pool: <1092,1090,1093,0> 
to_do: 1
pri: 28

Node 1094 - n: 1094, ai: 1094
ready time: 0, valid: 0
child: 1098 1166 
pool: <1092,1091,1094,0> <-1,1093,1094,1> 
to_do: 2
pri: 27

Node 1095 - n: 1095, ai: 1095
ready time: 0, valid: 0
child: 1100 1172 
pool: <-1,1093,1095,1> 
to_do: 1
pri: 25

Node 1096 - n: 1096, ai: 1096
ready time: 0, valid: 1
child: 1097 1098 
pool: 
to_do: 0
pri: 28

Node 1097 - n: 1097, ai: 1097
ready time: 0, valid: 0
child: 1098 1100 
pool: <1096,1090,1097,0> 
to_do: 1
pri: 27

Node 1098 - n: 1098, ai: 1098
ready time: 0, valid: 0
child: 1099 1100 
pool: <1096,1091,1098,0> <1097,1094,1098,0> 
to_do: 2
pri: 26

Node 1099 - n: 1099, ai: 1099
ready time: 0, valid: 0
child: 1102 1167 
pool: <-1,1098,1099,1> 
to_do: 1
pri: 25

Node 1100 - n: 1100, ai: 1100
ready time: 0, valid: 0
child: 1103 1172 
pool: <1097,1095,1100,0> <-1,1098,1100,1> 
to_do: 2
pri: 24

Node 1101 - n: 1101, ai: 1101
ready time: 0, valid: 1
child: 1102 1103 
pool: 
to_do: 0
pri: 25

Node 1102 - n: 1102, ai: 1102
ready time: 0, valid: 0
child: 1103 1104 
pool: <1101,1099,1102,0> 
to_do: 1
pri: 24

Node 1103 - n: 1103, ai: 1103
ready time: 0, valid: 0
child: 1172 1721 
pool: <1101,1100,1103,0> <-1,1102,1103,1> 
to_do: 2
pri: 23

Node 1104 - n: 1104, ai: 1104
ready time: 0, valid: 0
child: 1175 1731 
pool: <-1,1102,1104,1> 
to_do: 1
pri: 20

Node 1105 - n: 1105, ai: 1105
ready time: 0, valid: 1
child: 1106 1107 
pool: 
to_do: 0
pri: 36

Node 1106 - n: 1106, ai: 1106
ready time: 0, valid: 0
child: 1109 1117 
pool: <-1,1105,1106,1> 
to_do: 1
pri: 35

Node 1107 - n: 1107, ai: 1107
ready time: 0, valid: 0
child: 1111 1119 
pool: <-1,1105,1107,1> 
to_do: 1
pri: 33

Node 1108 - n: 1108, ai: 1108
ready time: 0, valid: 1
child: 1109 1111 
pool: 
to_do: 0
pri: 35

Node 1109 - n: 1109, ai: 1109
ready time: 0, valid: 0
child: 1110 1111 
pool: <1108,1106,1109,0> 
to_do: 1
pri: 34

Node 1110 - n: 1110, ai: 1110
ready time: 0, valid: 0
child: 1113 1118 
pool: <-1,1109,1110,1> 
to_do: 1
pri: 33

Node 1111 - n: 1111, ai: 1111
ready time: 0, valid: 0
child: 1114 1119 
pool: <1108,1107,1111,0> <-1,1109,1111,1> 
to_do: 2
pri: 32

Node 1112 - n: 1112, ai: 1112
ready time: 0, valid: 1
child: 1113 1114 
pool: 
to_do: 0
pri: 33

Node 1113 - n: 1113, ai: 1113
ready time: 0, valid: 0
child: 1114 1115 
pool: <1112,1110,1113,0> 
to_do: 1
pri: 32

Node 1114 - n: 1114, ai: 1114
ready time: 0, valid: 0
child: 1119 1123 
pool: <1112,1111,1114,0> <-1,1113,1114,1> 
to_do: 2
pri: 31

Node 1115 - n: 1115, ai: 1115
ready time: 0, valid: 0
child: 1120 1124 
pool: <-1,1113,1115,1> 
to_do: 1
pri: 30

Node 1116 - n: 1116, ai: 1116
ready time: 0, valid: 1
child: 1117 1119 
pool: 
to_do: 0
pri: 33

Node 1117 - n: 1117, ai: 1117
ready time: 0, valid: 0
child: 1118 1119 
pool: <1116,1106,1117,0> 
to_do: 1
pri: 32

Node 1118 - n: 1118, ai: 1118
ready time: 0, valid: 0
child: 1119 1120 
pool: <1117,1110,1118,0> 
to_do: 1
pri: 31

Node 1119 - n: 1119, ai: 1119
ready time: 0, valid: 0
child: 1120 1121 
pool: <1116,1107,1119,0> <1117,1111,1119,0> <1118,1114,1119,0> 
to_do: 3
pri: 30

Node 1120 - n: 1120, ai: 1120
ready time: 0, valid: 0
child: 1124 1535 
pool: <1118,1115,1120,0> <-1,1119,1120,1> 
to_do: 2
pri: 29

Node 1121 - n: 1121, ai: 1121
ready time: 0, valid: 0
child: 1127 1552 
pool: <-1,1119,1121,1> 
to_do: 1
pri: 24

Node 1122 - n: 1122, ai: 1122
ready time: 0, valid: 1
child: 1123 1124 
pool: 
to_do: 0
pri: 30

Node 1123 - n: 1123, ai: 1123
ready time: 0, valid: 0
child: 1124 1127 
pool: <1122,1114,1123,0> 
to_do: 1
pri: 29

Node 1124 - n: 1124, ai: 1124
ready time: 0, valid: 0
child: 1125 1126 1127 
pool: <1122,1115,1124,0> <1123,1120,1124,0> 
to_do: 2
pri: 28

Node 1125 - n: 1125, ai: 1125
ready time: 0, valid: 0
child: 1148 1157 1537 
pool: <-1,1124,1125,1> 
to_do: 1
pri: 27

Node 1126 - n: 1126, ai: 1126
ready time: 0, valid: 0
child: 1149 1158 1538 
pool: <-1,1124,1126,1> 
to_do: 1
pri: 26

Node 1127 - n: 1127, ai: 1127
ready time: 0, valid: 0
child: 1151 1160 1552 
pool: <1123,1121,1127,0> <-1,1124,1127,1> 
to_do: 2
pri: 23

Node 1128 - n: 1128, ai: 1128
ready time: 0, valid: 1
child: 1129 1130 
pool: 
to_do: 0
pri: 32

Node 1129 - n: 1129, ai: 1129
ready time: 0, valid: 0
child: 1132 1154 
pool: <-1,1128,1129,1> 
to_do: 1
pri: 31

Node 1130 - n: 1130, ai: 1130
ready time: 0, valid: 0
child: 1135 1158 
pool: <-1,1128,1130,1> 
to_do: 1
pri: 28

Node 1131 - n: 1131, ai: 1131
ready time: 0, valid: 1
child: 1132 1135 
pool: 
to_do: 0
pri: 31

Node 1132 - n: 1132, ai: 1132
ready time: 0, valid: 0
child: 1133 1134 1135 
pool: <1131,1129,1132,0> 
to_do: 1
pri: 30

Node 1133 - n: 1133, ai: 1133
ready time: 0, valid: 0
child: 1137 1142 1155 
pool: <-1,1132,1133,1> 
to_do: 1
pri: 29

Node 1134 - n: 1134, ai: 1134
ready time: 0, valid: 0
child: 1138 1143 1156 
pool: <-1,1132,1134,1> 
to_do: 1
pri: 28

Node 1135 - n: 1135, ai: 1135
ready time: 0, valid: 0
child: 1139 1144 1158 
pool: <1131,1130,1135,0> <-1,1132,1135,1> 
to_do: 2
pri: 27

Node 1136 - n: 1136, ai: 1136
ready time: 0, valid: 1
child: 1137 1138 1139 
pool: 
to_do: 0
pri: 29

Node 1137 - n: 1137, ai: 1137
ready time: 0, valid: 0
child: 1138 1139 1140 
pool: <1136,1133,1137,0> 
to_do: 1
pri: 28

Node 1138 - n: 1138, ai: 1138
ready time: 0, valid: 0
child: 1143 1156 1169 
pool: <1136,1134,1138,0> <-1,1137,1138,1> 
to_do: 2
pri: 27

Node 1139 - n: 1139, ai: 1139
ready time: 0, valid: 0
child: 1144 1158 1171 
pool: <1136,1135,1139,0> <-1,1137,1139,1> 
to_do: 2
pri: 26

Node 1140 - n: 1140, ai: 1140
ready time: 0, valid: 0
child: 1145 1159 1172 
pool: <-1,1137,1140,1> 
to_do: 1
pri: 25

Node 1141 - n: 1141, ai: 1141
ready time: 0, valid: 1
child: 1142 1143 1144 
pool: 
to_do: 0
pri: 28

Node 1142 - n: 1142, ai: 1142
ready time: 0, valid: 0
child: 1143 1144 1145 
pool: <1141,1133,1142,0> 
to_do: 1
pri: 27

Node 1143 - n: 1143, ai: 1143
ready time: 0, valid: 0
child: 1144 1145 1146 
pool: <1141,1134,1143,0> <1142,1138,1143,0> 
to_do: 2
pri: 26

Node 1144 - n: 1144, ai: 1144
ready time: 0, valid: 0
child: 1158 1171 1538 
pool: <1141,1135,1144,0> <1142,1139,1144,0> <-1,1143,1144,1> 
to_do: 3
pri: 25

Node 1145 - n: 1145, ai: 1145
ready time: 0, valid: 0
child: 1159 1172 1539 
pool: <1142,1140,1145,0> <-1,1143,1145,1> 
to_do: 2
pri: 24

Node 1146 - n: 1146, ai: 1146
ready time: 0, valid: 0
child: 1160 1174 1552 
pool: <-1,1143,1146,1> 
to_do: 1
pri: 22

Node 1147 - n: 1147, ai: 1147
ready time: 0, valid: 1
child: 1148 1149 1151 
pool: 
to_do: 0
pri: 27

Node 1148 - n: 1148, ai: 1148
ready time: 0, valid: 0
child: 1149 1150 1151 
pool: <1147,1125,1148,0> 
to_do: 1
pri: 26

Node 1149 - n: 1149, ai: 1149
ready time: 0, valid: 0
child: 1158 1171 1538 
pool: <1147,1126,1149,0> <-1,1148,1149,1> 
to_do: 2
pri: 25

Node 1150 - n: 1150, ai: 1150
ready time: 0, valid: 0
child: 1159 1172 1539 
pool: <-1,1148,1150,1> 
to_do: 1
pri: 24

Node 1151 - n: 1151, ai: 1151
ready time: 0, valid: 0
child: 1160 1174 1552 
pool: <1147,1127,1151,0> <-1,1148,1151,1> 
to_do: 2
pri: 22

Node 1152 - n: 1152, ai: 1152
ready time: 0, valid: 1
child: 1157 1158 1160 
pool: 
to_do: 0
pri: 26

Node 1153 - n: 1153, ai: 1153
ready time: 0, valid: 1
child: 1154 1158 
pool: 
to_do: 0
pri: 28

Node 1154 - n: 1154, ai: 1154
ready time: 0, valid: 0
child: 1155 1156 1158 
pool: <1153,1129,1154,0> 
to_do: 1
pri: 27

Node 1155 - n: 1155, ai: 1155
ready time: 0, valid: 0
child: 1156 1158 1159 
pool: <1154,1133,1155,0> 
to_do: 1
pri: 26

Node 1156 - n: 1156, ai: 1156
ready time: 0, valid: 0
child: 1158 1159 1160 
pool: <1154,1134,1156,0> <1155,1138,1156,0> 
to_do: 2
pri: 25

Node 1157 - n: 1157, ai: 1157
ready time: 0, valid: 0
child: 1158 1159 1160 
pool: <1152,1125,1157,0> 
to_do: 1
pri: 25

Node 1158 - n: 1158, ai: 1158
ready time: 0, valid: 0
child: 1159 1160 
pool: <1152,1126,1158,0> <1153,1130,1158,0> <1154,1135,1158,0> <1155,1139,1158,0> <1156,1144,1158,0> <1157,1149,1158,0> 
to_do: 6
pri: 24

Node 1159 - n: 1159, ai: 1159
ready time: 0, valid: 0
child: 1172 1539 
pool: <1155,1140,1159,0> <1156,1145,1159,0> <1157,1150,1159,0> <-1,1158,1159,1> 
to_do: 4
pri: 23

Node 1160 - n: 1160, ai: 1160
ready time: 0, valid: 0
child: 1174 1552 
pool: <1152,1127,1160,0> <1156,1146,1160,0> <1157,1151,1160,0> <-1,1158,1160,1> 
to_do: 4
pri: 21

Node 1161 - n: 1161, ai: 1161
ready time: 0, valid: 1
child: 1162 1163 1172 
pool: 
to_do: 0
pri: 26

Node 1162 - n: 1162, ai: 1162
ready time: 0, valid: 0
child: 1163 1164 1172 
pool: <1161,1067,1162,0> 
to_do: 1
pri: 25

Node 1163 - n: 1163, ai: 1163
ready time: 0, valid: 0
child: 1164 1172 1173 
pool: <1161,1068,1163,0> <1162,1072,1163,0> 
to_do: 2
pri: 24

Node 1164 - n: 1164, ai: 1164
ready time: 0, valid: 0
child: 1172 1173 
pool: <1162,1073,1164,0> <1163,1078,1164,0> 
to_do: 2
pri: 23

Node 1165 - n: 1165, ai: 1165
ready time: 0, valid: 1
child: 1166 1172 
pool: 
to_do: 0
pri: 25

Node 1166 - n: 1166, ai: 1166
ready time: 0, valid: 0
child: 1167 1172 
pool: <1165,1094,1166,0> 
to_do: 1
pri: 24

Node 1167 - n: 1167, ai: 1167
ready time: 0, valid: 0
child: 1172 1175 
pool: <1166,1099,1167,0> 
to_do: 1
pri: 23

Node 1168 - n: 1168, ai: 1168
ready time: 0, valid: 1
child: 1169 1171 1172 
pool: 
to_do: 0
pri: 25

Node 1169 - n: 1169, ai: 1169
ready time: 0, valid: 0
child: 1171 1172 1174 
pool: <1168,1138,1169,0> 
to_do: 1
pri: 24

Node 1170 - n: 1170, ai: 1170
ready time: 0, valid: 1
child: 1171 1172 1174 
pool: 
to_do: 0
pri: 24

Node 1171 - n: 1171, ai: 1171
ready time: 0, valid: 0
child: 1172 1174 
pool: <1168,1139,1171,0> <1169,1144,1171,0> <1170,1149,1171,0> 
to_do: 3
pri: 23

Node 1172 - n: 1172, ai: 1172
ready time: 0, valid: 0
child: 1173 1174 1175 
pool: <1161,1069,1172,0> <1162,1074,1172,0> <1163,1079,1172,0> <1164,1084,1172,0> <1165,1095,1172,0> <1166,1100,1172,0> <1167,1103,1172,0> <1168,1140,1172,0> <1169,1145,1172,0> <1170,1150,1172,0> <1171,1159,1172,0> 
to_do: 11
pri: 22

Node 1173 - n: 1173, ai: 1173
ready time: 0, valid: 0
child: 1529 1551 1726 
pool: <1163,1080,1173,0> <1164,1085,1173,0> <-1,1172,1173,1> 
to_do: 3
pri: 21

Node 1174 - n: 1174, ai: 1174
ready time: 0, valid: 0
child: 1530 1552 1727 
pool: <1169,1146,1174,0> <1170,1151,1174,0> <1171,1160,1174,0> <-1,1172,1174,1> 
to_do: 4
pri: 20

Node 1175 - n: 1175, ai: 1175
ready time: 0, valid: 0
child: 1531 1553 1731 
pool: <1167,1104,1175,0> <-1,1172,1175,1> 
to_do: 2
pri: 19

Node 1176 - n: 1176, ai: 1176
ready time: 0, valid: 1
child: 1177 1178 1179 
pool: 
to_do: 0
pri: 28

Node 1177 - n: 1177, ai: 1177
ready time: 0, valid: 0
child: 1181 1186 1723 
pool: <-1,1176,1177,1> 
to_do: 1
pri: 27

Node 1178 - n: 1178, ai: 1178
ready time: 0, valid: 0
child: 1182 1187 1724 
pool: <-1,1176,1178,1> 
to_do: 1
pri: 26

Node 1179 - n: 1179, ai: 1179
ready time: 0, valid: 0
child: 1184 1190 1731 
pool: <-1,1176,1179,1> 
to_do: 1
pri: 22

Node 1180 - n: 1180, ai: 1180
ready time: 0, valid: 1
child: 1181 1182 1184 
pool: 
to_do: 0
pri: 27

Node 1181 - n: 1181, ai: 1181
ready time: 0, valid: 0
child: 1182 1183 1184 
pool: <1180,1177,1181,0> 
to_do: 1
pri: 26

Node 1182 - n: 1182, ai: 1182
ready time: 0, valid: 0
child: 1187 1211 1724 
pool: <1180,1178,1182,0> <-1,1181,1182,1> 
to_do: 2
pri: 25

Node 1183 - n: 1183, ai: 1183
ready time: 0, valid: 0
child: 1188 1213 1725 
pool: <-1,1181,1183,1> 
to_do: 1
pri: 24

Node 1184 - n: 1184, ai: 1184
ready time: 0, valid: 0
child: 1190 1215 1731 
pool: <1180,1179,1184,0> <-1,1181,1184,1> 
to_do: 2
pri: 21

Node 1185 - n: 1185, ai: 1185
ready time: 0, valid: 1
child: 1186 1187 1190 
pool: 
to_do: 0
pri: 26

Node 1186 - n: 1186, ai: 1186
ready time: 0, valid: 0
child: 1187 1188 1190 
pool: <1185,1177,1186,0> 
to_do: 1
pri: 25

Node 1187 - n: 1187, ai: 1187
ready time: 0, valid: 0
child: 1188 1189 1190 
pool: <1185,1178,1187,0> <1186,1182,1187,0> 
to_do: 2
pri: 24

Node 1188 - n: 1188, ai: 1188
ready time: 0, valid: 0
child: 1213 1526 1725 
pool: <1186,1183,1188,0> <-1,1187,1188,1> 
to_do: 2
pri: 23

Node 1189 - n: 1189, ai: 1189
ready time: 0, valid: 0
child: 1214 1529 1726 
pool: <-1,1187,1189,1> 
to_do: 1
pri: 22

Node 1190 - n: 1190, ai: 1190
ready time: 0, valid: 0
child: 1215 1531 1731 
pool: <1185,1179,1190,0> <1186,1184,1190,0> <-1,1187,1190,1> 
to_do: 3
pri: 20

Node 1191 - n: 1191, ai: 1191
ready time: 0, valid: 1
child: 1192 1193 
pool: 
to_do: 0
pri: 30

Node 1192 - n: 1192, ai: 1192
ready time: 0, valid: 0
child: 1195 1742 
pool: <-1,1191,1192,1> 
to_do: 1
pri: 29

Node 1193 - n: 1193, ai: 1193
ready time: 0, valid: 0
child: 1198 1770 
pool: <-1,1191,1193,1> 
to_do: 1
pri: 22

Node 1194 - n: 1194, ai: 1194
ready time: 0, valid: 1
child: 1195 1198 
pool: 
to_do: 0
pri: 29

Node 1195 - n: 1195, ai: 1195
ready time: 0, valid: 0
child: 1196 1197 1198 
pool: <1194,1192,1195,0> 
to_do: 1
pri: 28

Node 1196 - n: 1196, ai: 1196
ready time: 0, valid: 0
child: 1200 1205 1743 
pool: <-1,1195,1196,1> 
to_do: 1
pri: 27

Node 1197 - n: 1197, ai: 1197
ready time: 0, valid: 0
child: 1201 1206 1744 
pool: <-1,1195,1197,1> 
to_do: 1
pri: 26

Node 1198 - n: 1198, ai: 1198
ready time: 0, valid: 0
child: 1203 1209 1770 
pool: <1194,1193,1198,0> <-1,1195,1198,1> 
to_do: 2
pri: 21

Node 1199 - n: 1199, ai: 1199
ready time: 0, valid: 1
child: 1200 1201 1203 
pool: 
to_do: 0
pri: 27

Node 1200 - n: 1200, ai: 1200
ready time: 0, valid: 0
child: 1201 1202 1203 
pool: <1199,1196,1200,0> 
to_do: 1
pri: 26

Node 1201 - n: 1201, ai: 1201
ready time: 0, valid: 0
child: 1206 1525 1744 
pool: <1199,1197,1201,0> <-1,1200,1201,1> 
to_do: 2
pri: 25

Node 1202 - n: 1202, ai: 1202
ready time: 0, valid: 0
child: 1208 1529 1766 
pool: <-1,1200,1202,1> 
to_do: 1
pri: 23

Node 1203 - n: 1203, ai: 1203
ready time: 0, valid: 0
child: 1209 1532 1770 
pool: <1199,1198,1203,0> <-1,1200,1203,1> 
to_do: 2
pri: 20

Node 1204 - n: 1204, ai: 1204
ready time: 0, valid: 1
child: 1205 1206 1209 
pool: 
to_do: 0
pri: 26

Node 1205 - n: 1205, ai: 1205
ready time: 0, valid: 0
child: 1206 1208 1209 
pool: <1204,1196,1205,0> 
to_do: 1
pri: 25

Node 1206 - n: 1206, ai: 1206
ready time: 0, valid: 0
child: 1207 1208 1209 
pool: <1204,1197,1206,0> <1205,1201,1206,0> 
to_do: 2
pri: 24

Node 1207 - n: 1207, ai: 1207
ready time: 0, valid: 0
child: 1213 1526 1745 
pool: <-1,1206,1207,1> 
to_do: 1
pri: 23

Node 1208 - n: 1208, ai: 1208
ready time: 0, valid: 0
child: 1214 1529 1766 
pool: <1205,1202,1208,0> <-1,1206,1208,1> 
to_do: 2
pri: 22

Node 1209 - n: 1209, ai: 1209
ready time: 0, valid: 0
child: 1216 1532 1770 
pool: <1204,1198,1209,0> <1205,1203,1209,0> <-1,1206,1209,1> 
to_do: 3
pri: 19

Node 1210 - n: 1210, ai: 1210
ready time: 0, valid: 1
child: 1211 1213 1215 
pool: 
to_do: 0
pri: 24

Node 1211 - n: 1211, ai: 1211
ready time: 0, valid: 0
child: 1213 1214 1215 
pool: <1210,1182,1211,0> 
to_do: 1
pri: 23

Node 1212 - n: 1212, ai: 1212
ready time: 0, valid: 1
child: 1213 1214 1216 
pool: 
to_do: 0
pri: 23

Node 1213 - n: 1213, ai: 1213
ready time: 0, valid: 0
child: 1214 1215 1216 
pool: <1210,1183,1213,0> <1211,1188,1213,0> <1212,1207,1213,0> 
to_do: 3
pri: 22

Node 1214 - n: 1214, ai: 1214
ready time: 0, valid: 0
child: 1529 1726 1766 
pool: <1211,1189,1214,0> <1212,1208,1214,0> <-1,1213,1214,1> 
to_do: 3
pri: 21

Node 1215 - n: 1215, ai: 1215
ready time: 0, valid: 0
child: 1531 1731 1769 
pool: <1210,1184,1215,0> <1211,1190,1215,0> <-1,1213,1215,1> 
to_do: 3
pri: 19

Node 1216 - n: 1216, ai: 1216
ready time: 0, valid: 0
child: 1532 1732 1770 
pool: <1212,1209,1216,0> <-1,1213,1216,1> 
to_do: 2
pri: 18

Node 1217 - n: 1217, ai: 1217
ready time: 0, valid: 1
child: 1218 1219 
pool: 
to_do: 0
pri: 36

Node 1218 - n: 1218, ai: 1218
ready time: 0, valid: 0
child: 1221 1225 
pool: <-1,1217,1218,1> 
to_do: 1
pri: 35

Node 1219 - n: 1219, ai: 1219
ready time: 0, valid: 0
child: 1222 1226 
pool: <-1,1217,1219,1> 
to_do: 1
pri: 34

Node 1220 - n: 1220, ai: 1220
ready time: 0, valid: 1
child: 1221 1222 
pool: 
to_do: 0
pri: 35

Node 1221 - n: 1221, ai: 1221
ready time: 0, valid: 0
child: 1222 1223 
pool: <1220,1218,1221,0> 
to_do: 1
pri: 34

Node 1222 - n: 1222, ai: 1222
ready time: 0, valid: 0
child: 1226 1244 
pool: <1220,1219,1222,0> <-1,1221,1222,1> 
to_do: 2
pri: 33

Node 1223 - n: 1223, ai: 1223
ready time: 0, valid: 0
child: 1227 1246 
pool: <-1,1221,1223,1> 
to_do: 1
pri: 32

Node 1224 - n: 1224, ai: 1224
ready time: 0, valid: 1
child: 1225 1226 
pool: 
to_do: 0
pri: 34

Node 1225 - n: 1225, ai: 1225
ready time: 0, valid: 0
child: 1226 1227 
pool: <1224,1218,1225,0> 
to_do: 1
pri: 33

Node 1226 - n: 1226, ai: 1226
ready time: 0, valid: 0
child: 1227 
pool: <1224,1219,1226,0> <1225,1222,1226,0> 
to_do: 2
pri: 32

Node 1227 - n: 1227, ai: 1227
ready time: 0, valid: 0
child: 1246 
pool: <1225,1223,1227,0> <-1,1226,1227,1> 
to_do: 2
pri: 31

Node 1228 - n: 1228, ai: 1228
ready time: 0, valid: 1
child: 1229 
pool: 
to_do: 0
pri: 38

Node 1229 - n: 1229, ai: 1229
ready time: 0, valid: 0
child: 1231 
pool: <-1,1228,1229,1> 
to_do: 1
pri: 37

Node 1230 - n: 1230, ai: 1230
ready time: 0, valid: 1
child: 1231 
pool: 
to_do: 0
pri: 37

Node 1231 - n: 1231, ai: 1231
ready time: 0, valid: 0
child: 1232 1233 
pool: <1230,1229,1231,0> 
to_do: 1
pri: 36

Node 1232 - n: 1232, ai: 1232
ready time: 0, valid: 0
child: 1235 1239 
pool: <-1,1231,1232,1> 
to_do: 1
pri: 35

Node 1233 - n: 1233, ai: 1233
ready time: 0, valid: 0
child: 1236 1240 
pool: <-1,1231,1233,1> 
to_do: 1
pri: 34

Node 1234 - n: 1234, ai: 1234
ready time: 0, valid: 1
child: 1235 1236 
pool: 
to_do: 0
pri: 35

Node 1235 - n: 1235, ai: 1235
ready time: 0, valid: 0
child: 1236 1237 
pool: <1234,1232,1235,0> 
to_do: 1
pri: 34

Node 1236 - n: 1236, ai: 1236
ready time: 0, valid: 0
child: 1240 1501 
pool: <1234,1233,1236,0> <-1,1235,1236,1> 
to_do: 2
pri: 33

Node 1237 - n: 1237, ai: 1237
ready time: 0, valid: 0
child: 1242 1515 
pool: <-1,1235,1237,1> 
to_do: 1
pri: 28

Node 1238 - n: 1238, ai: 1238
ready time: 0, valid: 1
child: 1239 1240 
pool: 
to_do: 0
pri: 34

Node 1239 - n: 1239, ai: 1239
ready time: 0, valid: 0
child: 1240 1242 
pool: <1238,1232,1239,0> 
to_do: 1
pri: 33

Node 1240 - n: 1240, ai: 1240
ready time: 0, valid: 0
child: 1241 1242 
pool: <1238,1233,1240,0> <1239,1236,1240,0> 
to_do: 2
pri: 32

Node 1241 - n: 1241, ai: 1241
ready time: 0, valid: 0
child: 1246 1502 
pool: <-1,1240,1241,1> 
to_do: 1
pri: 31

Node 1242 - n: 1242, ai: 1242
ready time: 0, valid: 0
child: 1248 1515 
pool: <1239,1237,1242,0> <-1,1240,1242,1> 
to_do: 2
pri: 27

Node 1243 - n: 1243, ai: 1243
ready time: 0, valid: 1
child: 1244 1246 
pool: 
to_do: 0
pri: 32

Node 1244 - n: 1244, ai: 1244
ready time: 0, valid: 0
child: 1246 
pool: <1243,1222,1244,0> 
to_do: 1
pri: 31

Node 1245 - n: 1245, ai: 1245
ready time: 0, valid: 1
child: 1246 1248 
pool: 
to_do: 0
pri: 31

Node 1246 - n: 1246, ai: 1246
ready time: 0, valid: 0
child: 1247 1248 
pool: <1243,1223,1246,0> <1244,1227,1246,0> <1245,1241,1246,0> 
to_do: 3
pri: 30

Node 1247 - n: 1247, ai: 1247
ready time: 0, valid: 0
child: 1266 1503 
pool: <-1,1246,1247,1> 
to_do: 1
pri: 29

Node 1248 - n: 1248, ai: 1248
ready time: 0, valid: 0
child: 1268 1515 
pool: <1245,1242,1248,0> <-1,1246,1248,1> 
to_do: 2
pri: 26

Node 1249 - n: 1249, ai: 1249
ready time: 0, valid: 1
child: 1250 1251 1252 
pool: 
to_do: 0
pri: 34

Node 1250 - n: 1250, ai: 1250
ready time: 0, valid: 0
child: 1254 1259 1747 
pool: <-1,1249,1250,1> 
to_do: 1
pri: 33

Node 1251 - n: 1251, ai: 1251
ready time: 0, valid: 0
child: 1255 1260 1748 
pool: <-1,1249,1251,1> 
to_do: 1
pri: 32

Node 1252 - n: 1252, ai: 1252
ready time: 0, valid: 0
child: 1257 1262 1770 
pool: <-1,1249,1252,1> 
to_do: 1
pri: 24

Node 1253 - n: 1253, ai: 1253
ready time: 0, valid: 1
child: 1254 1255 1257 
pool: 
to_do: 0
pri: 33

Node 1254 - n: 1254, ai: 1254
ready time: 0, valid: 0
child: 1255 1256 1257 
pool: <1253,1250,1254,0> 
to_do: 1
pri: 32

Node 1255 - n: 1255, ai: 1255
ready time: 0, valid: 0
child: 1260 1265 1748 
pool: <1253,1251,1255,0> <-1,1254,1255,1> 
to_do: 2
pri: 31

Node 1256 - n: 1256, ai: 1256
ready time: 0, valid: 0
child: 1261 1266 1749 
pool: <-1,1254,1256,1> 
to_do: 1
pri: 30

Node 1257 - n: 1257, ai: 1257
ready time: 0, valid: 0
child: 1262 1269 1770 
pool: <1253,1252,1257,0> <-1,1254,1257,1> 
to_do: 2
pri: 23

Node 1258 - n: 1258, ai: 1258
ready time: 0, valid: 1
child: 1259 1260 1262 
pool: 
to_do: 0
pri: 32

Node 1259 - n: 1259, ai: 1259
ready time: 0, valid: 0
child: 1260 1261 1262 
pool: <1258,1250,1259,0> 
to_do: 1
pri: 31

Node 1260 - n: 1260, ai: 1260
ready time: 0, valid: 0
child: 1261 1262 
pool: <1258,1251,1260,0> <1259,1255,1260,0> 
to_do: 2
pri: 30

Node 1261 - n: 1261, ai: 1261
ready time: 0, valid: 0
child: 1266 1749 
pool: <1259,1256,1261,0> <-1,1260,1261,1> 
to_do: 2
pri: 29

Node 1262 - n: 1262, ai: 1262
ready time: 0, valid: 0
child: 1269 1770 
pool: <1258,1252,1262,0> <1259,1257,1262,0> <-1,1260,1262,1> 
to_do: 3
pri: 22

Node 1263 - n: 1263, ai: 1263
ready time: 0, valid: 1
child: 1266 1268 
pool: 
to_do: 0
pri: 29

Node 1264 - n: 1264, ai: 1264
ready time: 0, valid: 1
child: 1265 1266 1269 
pool: 
to_do: 0
pri: 30

Node 1265 - n: 1265, ai: 1265
ready time: 0, valid: 0
child: 1266 1269 
pool: <1264,1255,1265,0> 
to_do: 1
pri: 29

Node 1266 - n: 1266, ai: 1266
ready time: 0, valid: 0
child: 1267 1268 1269 
pool: <1263,1247,1266,0> <1264,1256,1266,0> <1265,1261,1266,0> 
to_do: 3
pri: 28

Node 1267 - n: 1267, ai: 1267
ready time: 0, valid: 0
child: 1276 1504 1751 
pool: <-1,1266,1267,1> 
to_do: 1
pri: 27

Node 1268 - n: 1268, ai: 1268
ready time: 0, valid: 0
child: 1278 1515 1765 
pool: <1263,1248,1268,0> <-1,1266,1268,1> 
to_do: 2
pri: 25

Node 1269 - n: 1269, ai: 1269
ready time: 0, valid: 0
child: 1279 1518 1770 
pool: <1264,1257,1269,0> <1265,1262,1269,0> <-1,1266,1269,1> 
to_do: 3
pri: 21

Node 1270 - n: 1270, ai: 1270
ready time: 0, valid: 1
child: 1271 1272 1273 
pool: 
to_do: 0
pri: 28

Node 1271 - n: 1271, ai: 1271
ready time: 0, valid: 0
child: 1276 1281 1751 
pool: <-1,1270,1271,1> 
to_do: 1
pri: 27

Node 1272 - n: 1272, ai: 1272
ready time: 0, valid: 0
child: 1277 1282 1752 
pool: <-1,1270,1272,1> 
to_do: 1
pri: 26

Node 1273 - n: 1273, ai: 1273
ready time: 0, valid: 0
child: 1279 1285 1770 
pool: <-1,1270,1273,1> 
to_do: 1
pri: 21

Node 1274 - n: 1274, ai: 1274
ready time: 0, valid: 1
child: 1276 1278 1279 
pool: 
to_do: 0
pri: 27

Node 1275 - n: 1275, ai: 1275
ready time: 0, valid: 1
child: 1276 1277 1279 
pool: 
to_do: 0
pri: 27

Node 1276 - n: 1276, ai: 1276
ready time: 0, valid: 0
child: 1277 1278 1279 
pool: <1274,1267,1276,0> <1275,1271,1276,0> 
to_do: 2
pri: 26

Node 1277 - n: 1277, ai: 1277
ready time: 0, valid: 0
child: 1282 1505 1752 
pool: <1275,1272,1277,0> <-1,1276,1277,1> 
to_do: 2
pri: 25

Node 1278 - n: 1278, ai: 1278
ready time: 0, valid: 0
child: 1283 1515 1765 
pool: <1274,1268,1278,0> <-1,1276,1278,1> 
to_do: 2
pri: 24

Node 1279 - n: 1279, ai: 1279
ready time: 0, valid: 0
child: 1285 1518 1770 
pool: <1274,1269,1279,0> <1275,1273,1279,0> <-1,1276,1279,1> 
to_do: 3
pri: 20

Node 1280 - n: 1280, ai: 1280
ready time: 0, valid: 1
child: 1281 1282 1285 
pool: 
to_do: 0
pri: 26

Node 1281 - n: 1281, ai: 1281
ready time: 0, valid: 0
child: 1282 1283 1285 
pool: <1280,1271,1281,0> 
to_do: 1
pri: 25

Node 1282 - n: 1282, ai: 1282
ready time: 0, valid: 0
child: 1283 1284 1285 
pool: <1280,1272,1282,0> <1281,1277,1282,0> 
to_do: 2
pri: 24

Node 1283 - n: 1283, ai: 1283
ready time: 0, valid: 0
child: 1515 1528 1765 
pool: <1281,1278,1283,0> <-1,1282,1283,1> 
to_do: 2
pri: 23

Node 1284 - n: 1284, ai: 1284
ready time: 0, valid: 0
child: 1516 1529 1766 
pool: <-1,1282,1284,1> 
to_do: 1
pri: 22

Node 1285 - n: 1285, ai: 1285
ready time: 0, valid: 0
child: 1518 1532 1770 
pool: <1280,1273,1285,0> <1281,1279,1285,0> <-1,1282,1285,1> 
to_do: 3
pri: 19

Node 1286 - n: 1286, ai: 1286
ready time: 0, valid: 1
child: 1287 
pool: 
to_do: 0
pri: 40

Node 1287 - n: 1287, ai: 1287
ready time: 0, valid: 0
child: 1289 
pool: <-1,1286,1287,1> 
to_do: 1
pri: 39

Node 1288 - n: 1288, ai: 1288
ready time: 0, valid: 1
child: 1289 
pool: 
to_do: 0
pri: 39

Node 1289 - n: 1289, ai: 1289
ready time: 0, valid: 0
child: 1290 1291 
pool: <1288,1287,1289,0> 
to_do: 1
pri: 38

Node 1290 - n: 1290, ai: 1290
ready time: 0, valid: 0
child: 1293 1297 
pool: <-1,1289,1290,1> 
to_do: 1
pri: 37

Node 1291 - n: 1291, ai: 1291
ready time: 0, valid: 0
child: 1294 1298 
pool: <-1,1289,1291,1> 
to_do: 1
pri: 36

Node 1292 - n: 1292, ai: 1292
ready time: 0, valid: 1
child: 1293 1294 
pool: 
to_do: 0
pri: 37

Node 1293 - n: 1293, ai: 1293
ready time: 0, valid: 0
child: 1294 1295 
pool: <1292,1290,1293,0> 
to_do: 1
pri: 36

Node 1294 - n: 1294, ai: 1294
ready time: 0, valid: 0
child: 1298 1541 
pool: <1292,1291,1294,0> <-1,1293,1294,1> 
to_do: 2
pri: 35

Node 1295 - n: 1295, ai: 1295
ready time: 0, valid: 0
child: 1300 1552 
pool: <-1,1293,1295,1> 
to_do: 1
pri: 27

Node 1296 - n: 1296, ai: 1296
ready time: 0, valid: 1
child: 1297 1298 
pool: 
to_do: 0
pri: 36

Node 1297 - n: 1297, ai: 1297
ready time: 0, valid: 0
child: 1298 1300 
pool: <1296,1290,1297,0> 
to_do: 1
pri: 35

Node 1298 - n: 1298, ai: 1298
ready time: 0, valid: 0
child: 1299 1300 
pool: <1296,1291,1298,0> <1297,1294,1298,0> 
to_do: 2
pri: 34

Node 1299 - n: 1299, ai: 1299
ready time: 0, valid: 0
child: 1318 1542 
pool: <-1,1298,1299,1> 
to_do: 1
pri: 33

Node 1300 - n: 1300, ai: 1300
ready time: 0, valid: 0
child: 1321 1552 
pool: <1297,1295,1300,0> <-1,1298,1300,1> 
to_do: 2
pri: 26

Node 1301 - n: 1301, ai: 1301
ready time: 0, valid: 1
child: 1302 
pool: 
to_do: 0
pri: 40

Node 1302 - n: 1302, ai: 1302
ready time: 0, valid: 0
child: 1304 
pool: <-1,1301,1302,1> 
to_do: 1
pri: 39

Node 1303 - n: 1303, ai: 1303
ready time: 0, valid: 1
child: 1304 
pool: 
to_do: 0
pri: 39

Node 1304 - n: 1304, ai: 1304
ready time: 0, valid: 0
child: 1305 1306 
pool: <1303,1302,1304,0> 
to_do: 1
pri: 38

Node 1305 - n: 1305, ai: 1305
ready time: 0, valid: 0
child: 1308 1312 
pool: <-1,1304,1305,1> 
to_do: 1
pri: 37

Node 1306 - n: 1306, ai: 1306
ready time: 0, valid: 0
child: 1309 1313 
pool: <-1,1304,1306,1> 
to_do: 1
pri: 36

Node 1307 - n: 1307, ai: 1307
ready time: 0, valid: 1
child: 1308 1309 
pool: 
to_do: 0
pri: 37

Node 1308 - n: 1308, ai: 1308
ready time: 0, valid: 0
child: 1309 1310 
pool: <1307,1305,1308,0> 
to_do: 1
pri: 36

Node 1309 - n: 1309, ai: 1309
ready time: 0, valid: 0
child: 1313 1348 
pool: <1307,1306,1309,0> <-1,1308,1309,1> 
to_do: 2
pri: 35

Node 1310 - n: 1310, ai: 1310
ready time: 0, valid: 0
child: 1315 1354 
pool: <-1,1308,1310,1> 
to_do: 1
pri: 31

Node 1311 - n: 1311, ai: 1311
ready time: 0, valid: 1
child: 1312 1313 
pool: 
to_do: 0
pri: 36

Node 1312 - n: 1312, ai: 1312
ready time: 0, valid: 0
child: 1313 1315 
pool: <1311,1305,1312,0> 
to_do: 1
pri: 35

Node 1313 - n: 1313, ai: 1313
ready time: 0, valid: 0
child: 1314 1315 
pool: <1311,1306,1313,0> <1312,1309,1313,0> 
to_do: 2
pri: 34

Node 1314 - n: 1314, ai: 1314
ready time: 0, valid: 0
child: 1318 1349 
pool: <-1,1313,1314,1> 
to_do: 1
pri: 33

Node 1315 - n: 1315, ai: 1315
ready time: 0, valid: 0
child: 1320 1354 
pool: <1312,1310,1315,0> <-1,1313,1315,1> 
to_do: 2
pri: 30

Node 1316 - n: 1316, ai: 1316
ready time: 0, valid: 1
child: 1318 1321 
pool: 
to_do: 0
pri: 33

Node 1317 - n: 1317, ai: 1317
ready time: 0, valid: 1
child: 1318 1320 
pool: 
to_do: 0
pri: 33

Node 1318 - n: 1318, ai: 1318
ready time: 0, valid: 0
child: 1319 1320 1321 
pool: <1316,1299,1318,0> <1317,1314,1318,0> 
to_do: 2
pri: 32

Node 1319 - n: 1319, ai: 1319
ready time: 0, valid: 0
child: 1328 1351 1543 
pool: <-1,1318,1319,1> 
to_do: 1
pri: 31

Node 1320 - n: 1320, ai: 1320
ready time: 0, valid: 0
child: 1330 1354 1545 
pool: <1317,1315,1320,0> <-1,1318,1320,1> 
to_do: 2
pri: 29

Node 1321 - n: 1321, ai: 1321
ready time: 0, valid: 0
child: 1331 1357 1552 
pool: <1316,1300,1321,0> <-1,1318,1321,1> 
to_do: 2
pri: 25

Node 1322 - n: 1322, ai: 1322
ready time: 0, valid: 1
child: 1323 1324 1325 
pool: 
to_do: 0
pri: 32

Node 1323 - n: 1323, ai: 1323
ready time: 0, valid: 0
child: 1328 1333 1351 
pool: <-1,1322,1323,1> 
to_do: 1
pri: 31

Node 1324 - n: 1324, ai: 1324
ready time: 0, valid: 0
child: 1329 1334 1352 
pool: <-1,1322,1324,1> 
to_do: 1
pri: 30

Node 1325 - n: 1325, ai: 1325
ready time: 0, valid: 0
child: 1330 1335 1354 
pool: <-1,1322,1325,1> 
to_do: 1
pri: 29

Node 1326 - n: 1326, ai: 1326
ready time: 0, valid: 1
child: 1328 1330 1331 
pool: 
to_do: 0
pri: 31

Node 1327 - n: 1327, ai: 1327
ready time: 0, valid: 1
child: 1328 1329 1330 
pool: 
to_do: 0
pri: 31

Node 1328 - n: 1328, ai: 1328
ready time: 0, valid: 0
child: 1329 1330 1331 
pool: <1326,1319,1328,0> <1327,1323,1328,0> 
to_do: 2
pri: 30

Node 1329 - n: 1329, ai: 1329
ready time: 0, valid: 0
child: 1334 1352 1544 
pool: <1327,1324,1329,0> <-1,1328,1329,1> 
to_do: 2
pri: 29

Node 1330 - n: 1330, ai: 1330
ready time: 0, valid: 0
child: 1335 1354 1545 
pool: <1326,1320,1330,0> <1327,1325,1330,0> <-1,1328,1330,1> 
to_do: 3
pri: 28

Node 1331 - n: 1331, ai: 1331
ready time: 0, valid: 0
child: 1336 1357 1552 
pool: <1326,1321,1331,0> <-1,1328,1331,1> 
to_do: 2
pri: 24

Node 1332 - n: 1332, ai: 1332
ready time: 0, valid: 1
child: 1333 1334 1335 
pool: 
to_do: 0
pri: 30

Node 1333 - n: 1333, ai: 1333
ready time: 0, valid: 0
child: 1334 1335 1336 
pool: <1332,1323,1333,0> 
to_do: 1
pri: 29

Node 1334 - n: 1334, ai: 1334
ready time: 0, valid: 0
child: 1335 1336 1337 
pool: <1332,1324,1334,0> <1333,1329,1334,0> 
to_do: 2
pri: 28

Node 1335 - n: 1335, ai: 1335
ready time: 0, valid: 0
child: 1354 1545 1754 
pool: <1332,1325,1335,0> <1333,1330,1335,0> <-1,1334,1335,1> 
to_do: 3
pri: 27

Node 1336 - n: 1336, ai: 1336
ready time: 0, valid: 0
child: 1357 1552 1767 
pool: <1333,1331,1336,0> <-1,1334,1336,1> 
to_do: 2
pri: 23

Node 1337 - n: 1337, ai: 1337
ready time: 0, valid: 0
child: 1358 1554 1770 
pool: <-1,1334,1337,1> 
to_do: 1
pri: 21

Node 1338 - n: 1338, ai: 1338
ready time: 0, valid: 1
child: 1339 1340 1341 
pool: 
to_do: 0
pri: 30

Node 1339 - n: 1339, ai: 1339
ready time: 0, valid: 0
child: 1343 1488 1507 
pool: <-1,1338,1339,1> 
to_do: 1
pri: 29

Node 1340 - n: 1340, ai: 1340
ready time: 0, valid: 0
child: 1345 1495 1514 
pool: <-1,1338,1340,1> 
to_do: 1
pri: 27

Node 1341 - n: 1341, ai: 1341
ready time: 0, valid: 0
child: 1346 1496 1515 
pool: <-1,1338,1341,1> 
to_do: 1
pri: 26

Node 1342 - n: 1342, ai: 1342
ready time: 0, valid: 1
child: 1343 1345 1346 
pool: 
to_do: 0
pri: 29

Node 1343 - n: 1343, ai: 1343
ready time: 0, valid: 0
child: 1344 1345 1346 
pool: <1342,1339,1343,0> 
to_do: 1
pri: 28

Node 1344 - n: 1344, ai: 1344
ready time: 0, valid: 0
child: 1354 1489 1508 
pool: <-1,1343,1344,1> 
to_do: 1
pri: 27

Node 1345 - n: 1345, ai: 1345
ready time: 0, valid: 0
child: 1355 1495 1514 
pool: <1342,1340,1345,0> <-1,1343,1345,1> 
to_do: 2
pri: 26

Node 1346 - n: 1346, ai: 1346
ready time: 0, valid: 0
child: 1356 1496 1515 
pool: <1342,1341,1346,0> <-1,1343,1346,1> 
to_do: 2
pri: 25

Node 1347 - n: 1347, ai: 1347
ready time: 0, valid: 1
child: 1348 1354 
pool: 
to_do: 0
pri: 31

Node 1348 - n: 1348, ai: 1348
ready time: 0, valid: 0
child: 1349 1354 
pool: <1347,1309,1348,0> 
to_do: 1
pri: 30

Node 1349 - n: 1349, ai: 1349
ready time: 0, valid: 0
child: 1351 1354 1357 
pool: <1348,1314,1349,0> 
to_do: 1
pri: 29

Node 1350 - n: 1350, ai: 1350
ready time: 0, valid: 1
child: 1351 1352 1354 
pool: 
to_do: 0
pri: 29

Node 1351 - n: 1351, ai: 1351
ready time: 0, valid: 0
child: 1352 1354 1357 
pool: <1349,1319,1351,0> <1350,1323,1351,0> 
to_do: 2
pri: 28

Node 1352 - n: 1352, ai: 1352
ready time: 0, valid: 0
child: 1354 1357 1358 
pool: <1350,1324,1352,0> <1351,1329,1352,0> 
to_do: 2
pri: 27

Node 1353 - n: 1353, ai: 1353
ready time: 0, valid: 1
child: 1354 1355 1356 
pool: 
to_do: 0
pri: 27

Node 1354 - n: 1354, ai: 1354
ready time: 0, valid: 0
child: 1355 1356 1357 1358 
pool: <1347,1310,1354,0> <1348,1315,1354,0> <1349,1320,1354,0> <1350,1325,1354,0> <1351,1330,1354,0> <1352,1335,1354,0> <1353,1344,1354,0> 
to_do: 7
pri: 26

Node 1355 - n: 1355, ai: 1355
ready time: 0, valid: 0
child: 1495 1514 1549 1764 
pool: <1353,1345,1355,0> <-1,1354,1355,1> 
to_do: 2
pri: 25

Node 1356 - n: 1356, ai: 1356
ready time: 0, valid: 0
child: 1496 1515 1550 1765 
pool: <1353,1346,1356,0> <-1,1354,1356,1> 
to_do: 2
pri: 24

Node 1357 - n: 1357, ai: 1357
ready time: 0, valid: 0
child: 1497 1517 1552 1767 
pool: <1349,1321,1357,0> <1351,1331,1357,0> <1352,1336,1357,0> <-1,1354,1357,1> 
to_do: 4
pri: 22

Node 1358 - n: 1358, ai: 1358
ready time: 0, valid: 0
child: 1498 1518 1554 1770 
pool: <1352,1337,1358,0> <-1,1354,1358,1> 
to_do: 2
pri: 20

Node 1359 - n: 1359, ai: 1359
ready time: 0, valid: 1
child: 1360 1361 1362 
pool: 
to_do: 0
pri: 32

Node 1360 - n: 1360, ai: 1360
ready time: 0, valid: 0
child: 1378 1383 1759 
pool: <-1,1359,1360,1> 
to_do: 1
pri: 31

Node 1361 - n: 1361, ai: 1361
ready time: 0, valid: 0
child: 1379 1384 1760 
pool: <-1,1359,1361,1> 
to_do: 1
pri: 30

Node 1362 - n: 1362, ai: 1362
ready time: 0, valid: 0
child: 1381 1387 1770 
pool: <-1,1359,1362,1> 
to_do: 1
pri: 23

Node 1363 - n: 1363, ai: 1363
ready time: 0, valid: 1
child: 1364 1365 1366 
pool: 
to_do: 0
pri: 32

Node 1364 - n: 1364, ai: 1364
ready time: 0, valid: 0
child: 1368 1373 1757 
pool: <-1,1363,1364,1> 
to_do: 1
pri: 31

Node 1365 - n: 1365, ai: 1365
ready time: 0, valid: 0
child: 1369 1374 1758 
pool: <-1,1363,1365,1> 
to_do: 1
pri: 30

Node 1366 - n: 1366, ai: 1366
ready time: 0, valid: 0
child: 1371 1376 1770 
pool: <-1,1363,1366,1> 
to_do: 1
pri: 23

Node 1367 - n: 1367, ai: 1367
ready time: 0, valid: 1
child: 1368 1369 1371 
pool: 
to_do: 0
pri: 31

Node 1368 - n: 1368, ai: 1368
ready time: 0, valid: 0
child: 1369 1370 1371 
pool: <1367,1364,1368,0> 
to_do: 1
pri: 30

Node 1369 - n: 1369, ai: 1369
ready time: 0, valid: 0
child: 1374 1473 1758 
pool: <1367,1365,1369,0> <-1,1368,1369,1> 
to_do: 2
pri: 29

Node 1370 - n: 1370, ai: 1370
ready time: 0, valid: 0
child: 1375 1481 1763 
pool: <-1,1368,1370,1> 
to_do: 1
pri: 28

Node 1371 - n: 1371, ai: 1371
ready time: 0, valid: 0
child: 1376 1485 1770 
pool: <1367,1366,1371,0> <-1,1368,1371,1> 
to_do: 2
pri: 22

Node 1372 - n: 1372, ai: 1372
ready time: 0, valid: 1
child: 1373 1374 1376 
pool: 
to_do: 0
pri: 30

Node 1373 - n: 1373, ai: 1373
ready time: 0, valid: 0
child: 1374 1375 1376 
pool: <1372,1364,1373,0> 
to_do: 1
pri: 29

Node 1374 - n: 1374, ai: 1374
ready time: 0, valid: 0
child: 1375 1376 
pool: <1372,1365,1374,0> <1373,1369,1374,0> 
to_do: 2
pri: 28

Node 1375 - n: 1375, ai: 1375
ready time: 0, valid: 0
child: 1481 1763 
pool: <1373,1370,1375,0> <-1,1374,1375,1> 
to_do: 2
pri: 27

Node 1376 - n: 1376, ai: 1376
ready time: 0, valid: 0
child: 1485 1770 
pool: <1372,1366,1376,0> <1373,1371,1376,0> <-1,1374,1376,1> 
to_do: 3
pri: 21

Node 1377 - n: 1377, ai: 1377
ready time: 0, valid: 1
child: 1378 1379 1381 
pool: 
to_do: 0
pri: 31

Node 1378 - n: 1378, ai: 1378
ready time: 0, valid: 0
child: 1379 1380 1381 
pool: <1377,1360,1378,0> 
to_do: 1
pri: 30

Node 1379 - n: 1379, ai: 1379
ready time: 0, valid: 0
child: 1384 1475 1760 
pool: <1377,1361,1379,0> <-1,1378,1379,1> 
to_do: 2
pri: 29

Node 1380 - n: 1380, ai: 1380
ready time: 0, valid: 0
child: 1385 1481 1763 
pool: <-1,1378,1380,1> 
to_do: 1
pri: 28

Node 1381 - n: 1381, ai: 1381
ready time: 0, valid: 0
child: 1387 1485 1770 
pool: <1377,1362,1381,0> <-1,1378,1381,1> 
to_do: 2
pri: 22

Node 1382 - n: 1382, ai: 1382
ready time: 0, valid: 1
child: 1383 1384 1387 
pool: 
to_do: 0
pri: 30

Node 1383 - n: 1383, ai: 1383
ready time: 0, valid: 0
child: 1384 1385 1387 
pool: <1382,1360,1383,0> 
to_do: 1
pri: 29

Node 1384 - n: 1384, ai: 1384
ready time: 0, valid: 0
child: 1385 1386 1387 
pool: <1382,1361,1384,0> <1383,1379,1384,0> 
to_do: 2
pri: 28

Node 1385 - n: 1385, ai: 1385
ready time: 0, valid: 0
child: 1481 1513 1763 
pool: <1383,1380,1385,0> <-1,1384,1385,1> 
to_do: 2
pri: 27

Node 1386 - n: 1386, ai: 1386
ready time: 0, valid: 0
child: 1483 1515 1765 
pool: <-1,1384,1386,1> 
to_do: 1
pri: 25

Node 1387 - n: 1387, ai: 1387
ready time: 0, valid: 0
child: 1485 1518 1770 
pool: <1382,1362,1387,0> <1383,1381,1387,0> <-1,1384,1387,1> 
to_do: 3
pri: 21

Node 1388 - n: 1388, ai: 1388
ready time: 0, valid: 1
child: 1389 1390 1391 
pool: 
to_do: 0
pri: 32

Node 1389 - n: 1389, ai: 1389
ready time: 0, valid: 0
child: 1393 1417 1511 
pool: <-1,1388,1389,1> 
to_do: 1
pri: 31

Node 1390 - n: 1390, ai: 1390
ready time: 0, valid: 0
child: 1394 1422 1512 
pool: <-1,1388,1390,1> 
to_do: 1
pri: 30

Node 1391 - n: 1391, ai: 1391
ready time: 0, valid: 0
child: 1395 1424 1515 
pool: <-1,1388,1391,1> 
to_do: 1
pri: 27

Node 1392 - n: 1392, ai: 1392
ready time: 0, valid: 1
child: 1393 1394 1395 
pool: 
to_do: 0
pri: 31

Node 1393 - n: 1393, ai: 1393
ready time: 0, valid: 0
child: 1394 1395 1396 
pool: <1392,1389,1393,0> 
to_do: 1
pri: 30

Node 1394 - n: 1394, ai: 1394
ready time: 0, valid: 0
child: 1422 1512 1547 
pool: <1392,1390,1394,0> <-1,1393,1394,1> 
to_do: 2
pri: 29

Node 1395 - n: 1395, ai: 1395
ready time: 0, valid: 0
child: 1424 1515 1550 
pool: <1392,1391,1395,0> <-1,1393,1395,1> 
to_do: 2
pri: 26

Node 1396 - n: 1396, ai: 1396
ready time: 0, valid: 0
child: 1425 1517 1552 
pool: <-1,1393,1396,1> 
to_do: 1
pri: 24

Node 1397 - n: 1397, ai: 1397
ready time: 0, valid: 1
child: 1398 1399 
pool: 
to_do: 0
pri: 36

Node 1398 - n: 1398, ai: 1398
ready time: 0, valid: 0
child: 1401 1419 
pool: <-1,1397,1398,1> 
to_do: 1
pri: 35

Node 1399 - n: 1399, ai: 1399
ready time: 0, valid: 0
child: 1404 1422 
pool: <-1,1397,1399,1> 
to_do: 1
pri: 32

Node 1400 - n: 1400, ai: 1400
ready time: 0, valid: 1
child: 1401 1404 
pool: 
to_do: 0
pri: 35

Node 1401 - n: 1401, ai: 1401
ready time: 0, valid: 0
child: 1402 1403 1404 
pool: <1400,1398,1401,0> 
to_do: 1
pri: 34

Node 1402 - n: 1402, ai: 1402
ready time: 0, valid: 0
child: 1406 1411 1420 
pool: <-1,1401,1402,1> 
to_do: 1
pri: 33

Node 1403 - n: 1403, ai: 1403
ready time: 0, valid: 0
child: 1407 1412 1421 
pool: <-1,1401,1403,1> 
to_do: 1
pri: 32

Node 1404 - n: 1404, ai: 1404
ready time: 0, valid: 0
child: 1408 1413 1422 
pool: <1400,1399,1404,0> <-1,1401,1404,1> 
to_do: 2
pri: 31

Node 1405 - n: 1405, ai: 1405
ready time: 0, valid: 1
child: 1406 1407 1408 
pool: 
to_do: 0
pri: 33

Node 1406 - n: 1406, ai: 1406
ready time: 0, valid: 0
child: 1407 1408 1409 
pool: <1405,1402,1406,0> 
to_do: 1
pri: 32

Node 1407 - n: 1407, ai: 1407
ready time: 0, valid: 0
child: 1412 1421 1477 
pool: <1405,1403,1407,0> <-1,1406,1407,1> 
to_do: 2
pri: 31

Node 1408 - n: 1408, ai: 1408
ready time: 0, valid: 0
child: 1413 1422 1478 
pool: <1405,1404,1408,0> <-1,1406,1408,1> 
to_do: 2
pri: 30

Node 1409 - n: 1409, ai: 1409
ready time: 0, valid: 0
child: 1414 1423 1481 
pool: <-1,1406,1409,1> 
to_do: 1
pri: 29

Node 1410 - n: 1410, ai: 1410
ready time: 0, valid: 1
child: 1411 1412 1413 
pool: 
to_do: 0
pri: 32

Node 1411 - n: 1411, ai: 1411
ready time: 0, valid: 0
child: 1412 1413 1414 
pool: <1410,1402,1411,0> 
to_do: 1
pri: 31

Node 1412 - n: 1412, ai: 1412
ready time: 0, valid: 0
child: 1413 1414 1415 
pool: <1410,1403,1412,0> <1411,1407,1412,0> 
to_do: 2
pri: 30

Node 1413 - n: 1413, ai: 1413
ready time: 0, valid: 0
child: 1422 1478 1802 
pool: <1410,1404,1413,0> <1411,1408,1413,0> <-1,1412,1413,1> 
to_do: 3
pri: 29

Node 1414 - n: 1414, ai: 1414
ready time: 0, valid: 0
child: 1423 1481 1807 
pool: <1411,1409,1414,0> <-1,1412,1414,1> 
to_do: 2
pri: 28

Node 1415 - n: 1415, ai: 1415
ready time: 0, valid: 0
child: 1426 1486 1815 
pool: <-1,1412,1415,1> 
to_do: 1
pri: 20

Node 1416 - n: 1416, ai: 1416
ready time: 0, valid: 1
child: 1417 1422 1424 
pool: 
to_do: 0
pri: 30

Node 1417 - n: 1417, ai: 1417
ready time: 0, valid: 0
child: 1422 1424 1425 
pool: <1416,1389,1417,0> 
to_do: 1
pri: 29

Node 1418 - n: 1418, ai: 1418
ready time: 0, valid: 1
child: 1419 1422 
pool: 
to_do: 0
pri: 32

Node 1419 - n: 1419, ai: 1419
ready time: 0, valid: 0
child: 1420 1421 1422 
pool: <1418,1398,1419,0> 
to_do: 1
pri: 31

Node 1420 - n: 1420, ai: 1420
ready time: 0, valid: 0
child: 1421 1422 1423 
pool: <1419,1402,1420,0> 
to_do: 1
pri: 30

Node 1421 - n: 1421, ai: 1421
ready time: 0, valid: 0
child: 1422 1423 1426 
pool: <1419,1403,1421,0> <1420,1407,1421,0> 
to_do: 2
pri: 29

Node 1422 - n: 1422, ai: 1422
ready time: 0, valid: 0
child: 1423 1424 1425 1426 
pool: <1416,1390,1422,0> <1417,1394,1422,0> <1418,1399,1422,0> <1419,1404,1422,0> <1420,1408,1422,0> <1421,1413,1422,0> 
to_do: 6
pri: 28

Node 1423 - n: 1423, ai: 1423
ready time: 0, valid: 0
child: 1481 1513 1548 1807 
pool: <1420,1409,1423,0> <1421,1414,1423,0> <-1,1422,1423,1> 
to_do: 3
pri: 27

Node 1424 - n: 1424, ai: 1424
ready time: 0, valid: 0
child: 1483 1515 1550 1809 
pool: <1416,1391,1424,0> <1417,1395,1424,0> <-1,1422,1424,1> 
to_do: 3
pri: 25

Node 1425 - n: 1425, ai: 1425
ready time: 0, valid: 0
child: 1484 1517 1552 1811 
pool: <1417,1396,1425,0> <-1,1422,1425,1> 
to_do: 2
pri: 23

Node 1426 - n: 1426, ai: 1426
ready time: 0, valid: 0
child: 1486 1519 1555 1815 
pool: <1421,1415,1426,0> <-1,1422,1426,1> 
to_do: 2
pri: 19

Node 1427 - n: 1427, ai: 1427
ready time: 0, valid: 1
child: 1428 
pool: 
to_do: 0
pri: 34

Node 1428 - n: 1428, ai: 1428
ready time: 0, valid: 0
child: 1434 
pool: <-1,1427,1428,1> 
to_do: 1
pri: 33

Node 1429 - n: 1429, ai: 1429
ready time: 0, valid: 1
child: 1430 
pool: 
to_do: 0
pri: 32

Node 1430 - n: 1430, ai: 1430
ready time: 0, valid: 0
child: 1447 
pool: <-1,1429,1430,1> 
to_do: 1
pri: 31

Node 1431 - n: 1431, ai: 1431
ready time: 0, valid: 1
child: 1432 
pool: 
to_do: 0
pri: 32

Node 1432 - n: 1432, ai: 1432
ready time: 0, valid: 0
child: 1447 
pool: <-1,1431,1432,1> 
to_do: 1
pri: 31

Node 1433 - n: 1433, ai: 1433
ready time: 0, valid: 1
child: 1434 
pool: 
to_do: 0
pri: 33

Node 1434 - n: 1434, ai: 1434
ready time: 0, valid: 0
child: 1435 
pool: <1433,1428,1434,0> 
to_do: 1
pri: 32

Node 1435 - n: 1435, ai: 1435
ready time: 0, valid: 0
child: 1447 
pool: <-1,1434,1435,1> 
to_do: 1
pri: 31

Node 1436 - n: 1436, ai: 1436
ready time: 0, valid: 1
child: 1437 1438 
pool: 
to_do: 0
pri: 32

Node 1437 - n: 1437, ai: 1437
ready time: 0, valid: 0
child: 1447 1805 
pool: <-1,1436,1437,1> 
to_do: 1
pri: 31

Node 1438 - n: 1438, ai: 1438
ready time: 0, valid: 0
child: 1450 1815 
pool: <-1,1436,1438,1> 
to_do: 1
pri: 21

Node 1439 - n: 1439, ai: 1439
ready time: 0, valid: 1
child: 1440 1441 
pool: 
to_do: 0
pri: 32

Node 1440 - n: 1440, ai: 1440
ready time: 0, valid: 0
child: 1447 1805 
pool: <-1,1439,1440,1> 
to_do: 1
pri: 31

Node 1441 - n: 1441, ai: 1441
ready time: 0, valid: 0
child: 1450 1815 
pool: <-1,1439,1441,1> 
to_do: 1
pri: 21

Node 1442 - n: 1442, ai: 1442
ready time: 0, valid: 1
child: 1447 
pool: 
to_do: 0
pri: 31

Node 1443 - n: 1443, ai: 1443
ready time: 0, valid: 1
child: 1447 
pool: 
to_do: 0
pri: 31

Node 1444 - n: 1444, ai: 1444
ready time: 0, valid: 1
child: 1447 
pool: 
to_do: 0
pri: 31

Node 1445 - n: 1445, ai: 1445
ready time: 0, valid: 1
child: 1447 1450 
pool: 
to_do: 0
pri: 31

Node 1446 - n: 1446, ai: 1446
ready time: 0, valid: 1
child: 1447 1450 
pool: 
to_do: 0
pri: 31

Node 1447 - n: 1447, ai: 1447
ready time: 0, valid: 0
child: 1448 1449 1450 
pool: <1442,1430,1447,0> <1443,1432,1447,0> <1444,1435,1447,0> <1445,1437,1447,0> <1446,1440,1447,0> 
to_do: 5
pri: 30

Node 1448 - n: 1448, ai: 1448
ready time: 0, valid: 0
child: 1467 1762 1806 
pool: <-1,1447,1448,1> 
to_do: 1
pri: 29

Node 1449 - n: 1449, ai: 1449
ready time: 0, valid: 0
child: 1470 1770 1813 
pool: <-1,1447,1449,1> 
to_do: 1
pri: 22

Node 1450 - n: 1450, ai: 1450
ready time: 0, valid: 0
child: 1471 1772 1815 
pool: <1445,1438,1450,0> <1446,1441,1450,0> <-1,1447,1450,1> 
to_do: 3
pri: 20

Node 1451 - n: 1451, ai: 1451
ready time: 0, valid: 1
child: 1452 1453 
pool: 
to_do: 0
pri: 34

Node 1452 - n: 1452, ai: 1452
ready time: 0, valid: 0
child: 1455 1491 
pool: <-1,1451,1452,1> 
to_do: 1
pri: 33

Node 1453 - n: 1453, ai: 1453
ready time: 0, valid: 0
child: 1458 1495 
pool: <-1,1451,1453,1> 
to_do: 1
pri: 29

Node 1454 - n: 1454, ai: 1454
ready time: 0, valid: 1
child: 1455 1458 
pool: 
to_do: 0
pri: 33

Node 1455 - n: 1455, ai: 1455
ready time: 0, valid: 0
child: 1456 1457 1458 
pool: <1454,1452,1455,0> 
to_do: 1
pri: 32

Node 1456 - n: 1456, ai: 1456
ready time: 0, valid: 0
child: 1460 1466 1492 
pool: <-1,1455,1456,1> 
to_do: 1
pri: 31

Node 1457 - n: 1457, ai: 1457
ready time: 0, valid: 0
child: 1461 1467 1493 
pool: <-1,1455,1457,1> 
to_do: 1
pri: 30

Node 1458 - n: 1458, ai: 1458
ready time: 0, valid: 0
child: 1463 1469 1495 
pool: <1454,1453,1458,0> <-1,1455,1458,1> 
to_do: 2
pri: 28

Node 1459 - n: 1459, ai: 1459
ready time: 0, valid: 1
child: 1460 1461 1463 
pool: 
to_do: 0
pri: 31

Node 1460 - n: 1460, ai: 1460
ready time: 0, valid: 0
child: 1461 1462 1463 
pool: <1459,1456,1460,0> 
to_do: 1
pri: 30

Node 1461 - n: 1461, ai: 1461
ready time: 0, valid: 0
child: 1467 1480 1493 
pool: <1459,1457,1461,0> <-1,1460,1461,1> 
to_do: 2
pri: 29

Node 1462 - n: 1462, ai: 1462
ready time: 0, valid: 0
child: 1468 1481 1494 
pool: <-1,1460,1462,1> 
to_do: 1
pri: 28

Node 1463 - n: 1463, ai: 1463
ready time: 0, valid: 0
child: 1469 1482 1495 
pool: <1459,1458,1463,0> <-1,1460,1463,1> 
to_do: 2
pri: 27

Node 1464 - n: 1464, ai: 1464
ready time: 0, valid: 1
child: 1467 1470 1471 
pool: 
to_do: 0
pri: 29

Node 1465 - n: 1465, ai: 1465
ready time: 0, valid: 1
child: 1466 1467 1469 
pool: 
to_do: 0
pri: 30

Node 1466 - n: 1466, ai: 1466
ready time: 0, valid: 0
child: 1467 1468 1469 
pool: <1465,1456,1466,0> 
to_do: 1
pri: 29

Node 1467 - n: 1467, ai: 1467
ready time: 0, valid: 0
child: 1468 1469 1470 1471 
pool: <1464,1448,1467,0> <1465,1457,1467,0> <1466,1461,1467,0> 
to_do: 3
pri: 28

Node 1468 - n: 1468, ai: 1468
ready time: 0, valid: 0
child: 1481 1494 1763 1807 
pool: <1466,1462,1468,0> <-1,1467,1468,1> 
to_do: 2
pri: 27

Node 1469 - n: 1469, ai: 1469
ready time: 0, valid: 0
child: 1482 1495 1764 1808 
pool: <1465,1458,1469,0> <1466,1463,1469,0> <-1,1467,1469,1> 
to_do: 3
pri: 26

Node 1470 - n: 1470, ai: 1470
ready time: 0, valid: 0
child: 1485 1498 1770 1813 
pool: <1464,1449,1470,0> <-1,1467,1470,1> 
to_do: 2
pri: 21

Node 1471 - n: 1471, ai: 1471
ready time: 0, valid: 0
child: 1486 1499 1772 1815 
pool: <1464,1450,1471,0> <-1,1467,1471,1> 
to_do: 2
pri: 19

Node 1472 - n: 1472, ai: 1472
ready time: 0, valid: 1
child: 1473 1481 1485 
pool: 
to_do: 0
pri: 28

Node 1473 - n: 1473, ai: 1473
ready time: 0, valid: 0
child: 1481 1485 
pool: <1472,1369,1473,0> 
to_do: 1
pri: 27

Node 1474 - n: 1474, ai: 1474
ready time: 0, valid: 1
child: 1475 1481 1485 
pool: 
to_do: 0
pri: 28

Node 1475 - n: 1475, ai: 1475
ready time: 0, valid: 0
child: 1481 1483 1485 
pool: <1474,1379,1475,0> 
to_do: 1
pri: 27

Node 1476 - n: 1476, ai: 1476
ready time: 0, valid: 1
child: 1477 1478 1481 
pool: 
to_do: 0
pri: 29

Node 1477 - n: 1477, ai: 1477
ready time: 0, valid: 0
child: 1478 1481 1486 
pool: <1476,1407,1477,0> 
to_do: 1
pri: 28

Node 1478 - n: 1478, ai: 1478
ready time: 0, valid: 0
child: 1481 1483 1484 1486 
pool: <1476,1408,1478,0> <1477,1413,1478,0> 
to_do: 2
pri: 27

Node 1479 - n: 1479, ai: 1479
ready time: 0, valid: 1
child: 1480 1481 1482 
pool: 
to_do: 0
pri: 28

Node 1480 - n: 1480, ai: 1480
ready time: 0, valid: 0
child: 1481 1482 1485 1486 
pool: <1479,1461,1480,0> 
to_do: 1
pri: 27

Node 1481 - n: 1481, ai: 1481
ready time: 0, valid: 0
child: 1482 1483 1484 1485 1486 
pool: <1472,1370,1481,0> <1473,1375,1481,0> <1474,1380,1481,0> <1475,1385,1481,0> <1476,1409,1481,0> <1477,1414,1481,0> <1478,1423,1481,0> <1479,1462,1481,0> <1480,1468,1481,0> 
to_do: 9
pri: 26

Node 1482 - n: 1482, ai: 1482
ready time: 0, valid: 0
child: 1495 1514 1549 1764 1808 
pool: <1479,1463,1482,0> <1480,1469,1482,0> <-1,1481,1482,1> 
to_do: 3
pri: 25

Node 1483 - n: 1483, ai: 1483
ready time: 0, valid: 0
child: 1496 1515 1550 1765 1809 
pool: <1475,1386,1483,0> <1478,1424,1483,0> <-1,1481,1483,1> 
to_do: 3
pri: 24

Node 1484 - n: 1484, ai: 1484
ready time: 0, valid: 0
child: 1497 1517 1552 1767 1811 
pool: <1478,1425,1484,0> <-1,1481,1484,1> 
to_do: 2
pri: 22

Node 1485 - n: 1485, ai: 1485
ready time: 0, valid: 0
child: 1498 1518 1554 1770 1813 
pool: <1472,1371,1485,0> <1473,1376,1485,0> <1474,1381,1485,0> <1475,1387,1485,0> <1480,1470,1485,0> <-1,1481,1485,1> 
to_do: 6
pri: 20

Node 1486 - n: 1486, ai: 1486
ready time: 0, valid: 0
child: 1499 1519 1555 1772 1815 
pool: <1477,1415,1486,0> <1478,1426,1486,0> <1480,1471,1486,0> <-1,1481,1486,1> 
to_do: 4
pri: 18

Node 1487 - n: 1487, ai: 1487
ready time: 0, valid: 1
child: 1488 1495 1496 
pool: 
to_do: 0
pri: 27

Node 1488 - n: 1488, ai: 1488
ready time: 0, valid: 0
child: 1489 1495 1496 
pool: <1487,1339,1488,0> 
to_do: 1
pri: 26

Node 1489 - n: 1489, ai: 1489
ready time: 0, valid: 0
child: 1495 1496 1497 1498 
pool: <1488,1344,1489,0> 
to_do: 1
pri: 25

Node 1490 - n: 1490, ai: 1490
ready time: 0, valid: 1
child: 1491 1495 
pool: 
to_do: 0
pri: 29

Node 1491 - n: 1491, ai: 1491
ready time: 0, valid: 0
child: 1492 1493 1495 
pool: <1490,1452,1491,0> 
to_do: 1
pri: 28

Node 1492 - n: 1492, ai: 1492
ready time: 0, valid: 0
child: 1493 1494 1495 
pool: <1491,1456,1492,0> 
to_do: 1
pri: 27

Node 1493 - n: 1493, ai: 1493
ready time: 0, valid: 0
child: 1494 1495 1498 1499 
pool: <1491,1457,1493,0> <1492,1461,1493,0> 
to_do: 2
pri: 26

Node 1494 - n: 1494, ai: 1494
ready time: 0, valid: 0
child: 1495 1496 1497 1498 1499 
pool: <1492,1462,1494,0> <1493,1468,1494,0> 
to_do: 2
pri: 25

Node 1495 - n: 1495, ai: 1495
ready time: 0, valid: 0
child: 1496 1497 1498 1499 
pool: <1487,1340,1495,0> <1488,1345,1495,0> <1489,1355,1495,0> <1490,1453,1495,0> <1491,1458,1495,0> <1492,1463,1495,0> <1493,1469,1495,0> <1494,1482,1495,0> 
to_do: 8
pri: 24

Node 1496 - n: 1496, ai: 1496
ready time: 0, valid: 0
child: 1515 1550 1765 1809 
pool: <1487,1341,1496,0> <1488,1346,1496,0> <1489,1356,1496,0> <1494,1483,1496,0> <-1,1495,1496,1> 
to_do: 5
pri: 23

Node 1497 - n: 1497, ai: 1497
ready time: 0, valid: 0
child: 1517 1552 1767 1811 
pool: <1489,1357,1497,0> <1494,1484,1497,0> <-1,1495,1497,1> 
to_do: 3
pri: 21

Node 1498 - n: 1498, ai: 1498
ready time: 0, valid: 0
child: 1518 1554 1770 1813 
pool: <1489,1358,1498,0> <1493,1470,1498,0> <1494,1485,1498,0> <-1,1495,1498,1> 
to_do: 4
pri: 19

Node 1499 - n: 1499, ai: 1499
ready time: 0, valid: 0
child: 1519 1555 1772 1815 
pool: <1493,1471,1499,0> <1494,1486,1499,0> <-1,1495,1499,1> 
to_do: 3
pri: 17

Node 1500 - n: 1500, ai: 1500
ready time: 0, valid: 1
child: 1501 1515 
pool: 
to_do: 0
pri: 28

Node 1501 - n: 1501, ai: 1501
ready time: 0, valid: 0
child: 1502 1515 
pool: <1500,1236,1501,0> 
to_do: 1
pri: 27

Node 1502 - n: 1502, ai: 1502
ready time: 0, valid: 0
child: 1503 1515 
pool: <1501,1241,1502,0> 
to_do: 1
pri: 26

Node 1503 - n: 1503, ai: 1503
ready time: 0, valid: 0
child: 1504 1515 1518 
pool: <1502,1247,1503,0> 
to_do: 1
pri: 25

Node 1504 - n: 1504, ai: 1504
ready time: 0, valid: 0
child: 1505 1515 1518 
pool: <1503,1267,1504,0> 
to_do: 1
pri: 24

Node 1505 - n: 1505, ai: 1505
ready time: 0, valid: 0
child: 1515 1516 1518 
pool: <1504,1277,1505,0> 
to_do: 1
pri: 23

Node 1506 - n: 1506, ai: 1506
ready time: 0, valid: 1
child: 1507 1514 1515 
pool: 
to_do: 0
pri: 26

Node 1507 - n: 1507, ai: 1507
ready time: 0, valid: 0
child: 1508 1514 1515 
pool: <1506,1339,1507,0> 
to_do: 1
pri: 25

Node 1508 - n: 1508, ai: 1508
ready time: 0, valid: 0
child: 1514 1515 1517 1518 
pool: <1507,1344,1508,0> 
to_do: 1
pri: 24

Node 1509 - n: 1509, ai: 1509
ready time: 0, valid: 1
child: 1513 1515 1518 
pool: 
to_do: 0
pri: 25

Node 1510 - n: 1510, ai: 1510
ready time: 0, valid: 1
child: 1511 1512 1515 
pool: 
to_do: 0
pri: 27

Node 1511 - n: 1511, ai: 1511
ready time: 0, valid: 0
child: 1512 1515 1517 
pool: <1510,1389,1511,0> 
to_do: 1
pri: 26

Node 1512 - n: 1512, ai: 1512
ready time: 0, valid: 0
child: 1513 1515 1517 1519 
pool: <1510,1390,1512,0> <1511,1394,1512,0> 
to_do: 2
pri: 25

Node 1513 - n: 1513, ai: 1513
ready time: 0, valid: 0
child: 1514 1515 1517 1518 1519 
pool: <1509,1385,1513,0> <1512,1423,1513,0> 
to_do: 2
pri: 24

Node 1514 - n: 1514, ai: 1514
ready time: 0, valid: 0
child: 1515 1517 1518 1519 
pool: <1506,1340,1514,0> <1507,1345,1514,0> <1508,1355,1514,0> <1513,1482,1514,0> 
to_do: 4
pri: 23

Node 1515 - n: 1515, ai: 1515
ready time: 0, valid: 0
child: 1516 1517 1518 1519 
pool: <1500,1237,1515,0> <1501,1242,1515,0> <1502,1248,1515,0> <1503,1268,1515,0> <1504,1278,1515,0> <1505,1283,1515,0> <1506,1341,1515,0> <1507,1346,1515,0> <1508,1356,1515,0> <1509,1386,1515,0> <1510,1391,1515,0> <1511,1395,1515,0> <1512,1424,1515,0> <1513,1483,1515,0> <1514,1496,1515,0> 
to_do: 15
pri: 22

Node 1516 - n: 1516, ai: 1516
ready time: 0, valid: 0
child: 1529 1551 1766 1810 
pool: <1505,1284,1516,0> <-1,1515,1516,1> 
to_do: 2
pri: 21

Node 1517 - n: 1517, ai: 1517
ready time: 0, valid: 0
child: 1530 1552 1767 1811 
pool: <1508,1357,1517,0> <1511,1396,1517,0> <1512,1425,1517,0> <1513,1484,1517,0> <1514,1497,1517,0> <-1,1515,1517,1> 
to_do: 6
pri: 20

Node 1518 - n: 1518, ai: 1518
ready time: 0, valid: 0
child: 1532 1554 1770 1813 
pool: <1503,1269,1518,0> <1504,1279,1518,0> <1505,1285,1518,0> <1508,1358,1518,0> <1509,1387,1518,0> <1513,1485,1518,0> <1514,1498,1518,0> <-1,1515,1518,1> 
to_do: 8
pri: 18

Node 1519 - n: 1519, ai: 1519
ready time: 0, valid: 0
child: 1533 1555 1772 1815 
pool: <1512,1426,1519,0> <1513,1486,1519,0> <1514,1499,1519,0> <-1,1515,1519,1> 
to_do: 4
pri: 16

Node 1520 - n: 1520, ai: 1520
ready time: 0, valid: 1
child: 1521 1522 1529 
pool: 
to_do: 0
pri: 23

Node 1521 - n: 1521, ai: 1521
ready time: 0, valid: 0
child: 1522 1529 
pool: <1520,1078,1521,0> 
to_do: 1
pri: 22

Node 1522 - n: 1522, ai: 1522
ready time: 0, valid: 0
child: 1529 1530 1531 
pool: <1520,1079,1522,0> <1521,1084,1522,0> 
to_do: 2
pri: 21

Node 1523 - n: 1523, ai: 1523
ready time: 0, valid: 1
child: 1526 1529 1531 
pool: 
to_do: 0
pri: 22

Node 1524 - n: 1524, ai: 1524
ready time: 0, valid: 1
child: 1525 1529 1532 
pool: 
to_do: 0
pri: 23

Node 1525 - n: 1525, ai: 1525
ready time: 0, valid: 0
child: 1526 1529 1532 
pool: <1524,1201,1525,0> 
to_do: 1
pri: 22

Node 1526 - n: 1526, ai: 1526
ready time: 0, valid: 0
child: 1529 1531 1532 
pool: <1523,1188,1526,0> <1525,1207,1526,0> 
to_do: 2
pri: 21

Node 1527 - n: 1527, ai: 1527
ready time: 0, valid: 1
child: 1528 1529 1532 
pool: 
to_do: 0
pri: 22

Node 1528 - n: 1528, ai: 1528
ready time: 0, valid: 0
child: 1529 1530 1532 1533 
pool: <1527,1283,1528,0> 
to_do: 1
pri: 21

Node 1529 - n: 1529, ai: 1529
ready time: 0, valid: 0
child: 1530 1531 1532 1533 
pool: <1520,1080,1529,0> <1521,1085,1529,0> <1522,1173,1529,0> <1523,1189,1529,0> <1524,1202,1529,0> <1525,1208,1529,0> <1526,1214,1529,0> <1527,1284,1529,0> <1528,1516,1529,0> 
to_do: 9
pri: 20

Node 1530 - n: 1530, ai: 1530
ready time: 0, valid: 0
child: 1552 1727 1767 1811 
pool: <1522,1174,1530,0> <1528,1517,1530,0> <-1,1529,1530,1> 
to_do: 3
pri: 19

Node 1531 - n: 1531, ai: 1531
ready time: 0, valid: 0
child: 1553 1731 1769 1812 
pool: <1522,1175,1531,0> <1523,1190,1531,0> <1526,1215,1531,0> <-1,1529,1531,1> 
to_do: 4
pri: 18

Node 1532 - n: 1532, ai: 1532
ready time: 0, valid: 0
child: 1554 1732 1770 1813 
pool: <1524,1203,1532,0> <1525,1209,1532,0> <1526,1216,1532,0> <1527,1285,1532,0> <1528,1518,1532,0> <-1,1529,1532,1> 
to_do: 6
pri: 17

Node 1533 - n: 1533, ai: 1533
ready time: 0, valid: 0
child: 1555 1734 1772 1815 
pool: <1528,1519,1533,0> <-1,1529,1533,1> 
to_do: 2
pri: 15

Node 1534 - n: 1534, ai: 1534
ready time: 0, valid: 1
child: 1535 1552 
pool: 
to_do: 0
pri: 24

Node 1535 - n: 1535, ai: 1535
ready time: 0, valid: 0
child: 1537 1538 1552 
pool: <1534,1120,1535,0> 
to_do: 1
pri: 23

Node 1536 - n: 1536, ai: 1536
ready time: 0, valid: 1
child: 1538 1539 1552 
pool: 
to_do: 0
pri: 22

Node 1537 - n: 1537, ai: 1537
ready time: 0, valid: 0
child: 1538 1539 1552 
pool: <1535,1125,1537,0> 
to_do: 1
pri: 22

Node 1538 - n: 1538, ai: 1538
ready time: 0, valid: 0
child: 1539 1552 
pool: <1535,1126,1538,0> <1536,1144,1538,0> <1537,1149,1538,0> 
to_do: 3
pri: 21

Node 1539 - n: 1539, ai: 1539
ready time: 0, valid: 0
child: 1551 1552 1553 
pool: <1536,1145,1539,0> <1537,1150,1539,0> <1538,1159,1539,0> 
to_do: 3
pri: 20

Node 1540 - n: 1540, ai: 1540
ready time: 0, valid: 1
child: 1541 1552 
pool: 
to_do: 0
pri: 27

Node 1541 - n: 1541, ai: 1541
ready time: 0, valid: 0
child: 1542 1552 
pool: <1540,1294,1541,0> 
to_do: 1
pri: 26

Node 1542 - n: 1542, ai: 1542
ready time: 0, valid: 0
child: 1543 1545 1552 
pool: <1541,1299,1542,0> 
to_do: 1
pri: 25

Node 1543 - n: 1543, ai: 1543
ready time: 0, valid: 0
child: 1544 1545 1552 
pool: <1542,1319,1543,0> 
to_do: 1
pri: 24

Node 1544 - n: 1544, ai: 1544
ready time: 0, valid: 0
child: 1545 1552 1554 
pool: <1543,1329,1544,0> 
to_do: 1
pri: 23

Node 1545 - n: 1545, ai: 1545
ready time: 0, valid: 0
child: 1549 1550 1552 1554 
pool: <1542,1320,1545,0> <1543,1330,1545,0> <1544,1335,1545,0> 
to_do: 3
pri: 22

Node 1546 - n: 1546, ai: 1546
ready time: 0, valid: 1
child: 1547 1550 1552 
pool: 
to_do: 0
pri: 24

Node 1547 - n: 1547, ai: 1547
ready time: 0, valid: 0
child: 1548 1550 1552 1555 
pool: <1546,1394,1547,0> 
to_do: 1
pri: 23

Node 1548 - n: 1548, ai: 1548
ready time: 0, valid: 0
child: 1549 1550 1552 1554 1555 
pool: <1547,1423,1548,0> 
to_do: 1
pri: 22

Node 1549 - n: 1549, ai: 1549
ready time: 0, valid: 0
child: 1550 1552 1554 1555 
pool: <1545,1355,1549,0> <1548,1482,1549,0> 
to_do: 2
pri: 21

Node 1550 - n: 1550, ai: 1550
ready time: 0, valid: 0
child: 1551 1552 1554 1555 
pool: <1545,1356,1550,0> <1546,1395,1550,0> <1547,1424,1550,0> <1548,1483,1550,0> <1549,1496,1550,0> 
to_do: 5
pri: 20

Node 1551 - n: 1551, ai: 1551
ready time: 0, valid: 0
child: 1552 1553 1554 1555 
pool: <1539,1173,1551,0> <1550,1516,1551,0> 
to_do: 2
pri: 19

Node 1552 - n: 1552, ai: 1552
ready time: 0, valid: 0
child: 1553 1554 1555 
pool: <1534,1121,1552,0> <1535,1127,1552,0> <1536,1146,1552,0> <1537,1151,1552,0> <1538,1160,1552,0> <1539,1174,1552,0> <1540,1295,1552,0> <1541,1300,1552,0> <1542,1321,1552,0> <1543,1331,1552,0> <1544,1336,1552,0> <1545,1357,1552,0> <1546,1396,1552,0> <1547,1425,1552,0> <1548,1484,1552,0> <1549,1497,1552,0> <1550,1517,1552,0> <1551,1530,1552,0> 
to_do: 18
pri: 18

Node 1553 - n: 1553, ai: 1553
ready time: 0, valid: 0
child: 1731 1769 1812 
pool: <1539,1175,1553,0> <1551,1531,1553,0> <-1,1552,1553,1> 
to_do: 3
pri: 17

Node 1554 - n: 1554, ai: 1554
ready time: 0, valid: 0
child: 1732 1770 1813 
pool: <1544,1337,1554,0> <1545,1358,1554,0> <1548,1485,1554,0> <1549,1498,1554,0> <1550,1518,1554,0> <1551,1532,1554,0> <-1,1552,1554,1> 
to_do: 7
pri: 16

Node 1555 - n: 1555, ai: 1555
ready time: 0, valid: 0
child: 1734 1772 1815 
pool: <1547,1426,1555,0> <1548,1486,1555,0> <1549,1499,1555,0> <1550,1519,1555,0> <1551,1533,1555,0> <-1,1552,1555,1> 
to_do: 6
pri: 14

Node 1556 - n: 1556, ai: 1556
ready time: 0, valid: 1
child: 1557 1558 
pool: 
to_do: 0
pri: 26

Node 1557 - n: 1557, ai: 1557
ready time: 0, valid: 0
child: 1566 1584 
pool: <-1,1556,1557,1> 
to_do: 1
pri: 25

Node 1558 - n: 1558, ai: 1558
ready time: 0, valid: 0
child: 1567 1586 
pool: <-1,1556,1558,1> 
to_do: 1
pri: 24

Node 1559 - n: 1559, ai: 1559
ready time: 0, valid: 1
child: 1560 1561 
pool: 
to_do: 0
pri: 24

Node 1560 - n: 1560, ai: 1560
ready time: 0, valid: 0
child: 1586 1695 
pool: <-1,1559,1560,1> 
to_do: 1
pri: 23

Node 1561 - n: 1561, ai: 1561
ready time: 0, valid: 0
child: 1587 1704 
pool: <-1,1559,1561,1> 
to_do: 1
pri: 22

Node 1562 - n: 1562, ai: 1562
ready time: 0, valid: 1
child: 1563 1564 
pool: 
to_do: 0
pri: 24

Node 1563 - n: 1563, ai: 1563
ready time: 0, valid: 0
child: 1586 1695 
pool: <-1,1562,1563,1> 
to_do: 1
pri: 23

Node 1564 - n: 1564, ai: 1564
ready time: 0, valid: 0
child: 1587 1704 
pool: <-1,1562,1564,1> 
to_do: 1
pri: 22

Node 1565 - n: 1565, ai: 1565
ready time: 0, valid: 1
child: 1566 1567 
pool: 
to_do: 0
pri: 25

Node 1566 - n: 1566, ai: 1566
ready time: 0, valid: 0
child: 1567 1568 
pool: <1565,1557,1566,0> 
to_do: 1
pri: 24

Node 1567 - n: 1567, ai: 1567
ready time: 0, valid: 0
child: 1586 1695 
pool: <1565,1558,1567,0> <-1,1566,1567,1> 
to_do: 2
pri: 23

Node 1568 - n: 1568, ai: 1568
ready time: 0, valid: 0
child: 1587 1704 
pool: <-1,1566,1568,1> 
to_do: 1
pri: 22

Node 1569 - n: 1569, ai: 1569
ready time: 0, valid: 1
child: 1570 1571 
pool: 
to_do: 0
pri: 28

Node 1570 - n: 1570, ai: 1570
ready time: 0, valid: 0
child: 1573 1577 
pool: <-1,1569,1570,1> 
to_do: 1
pri: 27

Node 1571 - n: 1571, ai: 1571
ready time: 0, valid: 0
child: 1574 1578 
pool: <-1,1569,1571,1> 
to_do: 1
pri: 26

Node 1572 - n: 1572, ai: 1572
ready time: 0, valid: 1
child: 1573 1574 
pool: 
to_do: 0
pri: 27

Node 1573 - n: 1573, ai: 1573
ready time: 0, valid: 0
child: 1574 1575 
pool: <1572,1570,1573,0> 
to_do: 1
pri: 26

Node 1574 - n: 1574, ai: 1574
ready time: 0, valid: 0
child: 1578 1710 
pool: <1572,1571,1574,0> <-1,1573,1574,1> 
to_do: 2
pri: 25

Node 1575 - n: 1575, ai: 1575
ready time: 0, valid: 0
child: 1580 1715 
pool: <-1,1573,1575,1> 
to_do: 1
pri: 22

Node 1576 - n: 1576, ai: 1576
ready time: 0, valid: 1
child: 1577 1578 
pool: 
to_do: 0
pri: 26

Node 1577 - n: 1577, ai: 1577
ready time: 0, valid: 0
child: 1578 1580 
pool: <1576,1570,1577,0> 
to_do: 1
pri: 25

Node 1578 - n: 1578, ai: 1578
ready time: 0, valid: 0
child: 1579 1580 
pool: <1576,1571,1578,0> <1577,1574,1578,0> 
to_do: 2
pri: 24

Node 1579 - n: 1579, ai: 1579
ready time: 0, valid: 0
child: 1586 1711 
pool: <-1,1578,1579,1> 
to_do: 1
pri: 23

Node 1580 - n: 1580, ai: 1580
ready time: 0, valid: 0
child: 1588 1715 
pool: <1577,1575,1580,0> <-1,1578,1580,1> 
to_do: 2
pri: 21

Node 1581 - n: 1581, ai: 1581
ready time: 0, valid: 1
child: 1584 1586 
pool: 
to_do: 0
pri: 24

Node 1582 - n: 1582, ai: 1582
ready time: 0, valid: 1
child: 1586 1587 
pool: 
to_do: 0
pri: 23

Node 1583 - n: 1583, ai: 1583
ready time: 0, valid: 1
child: 1586 1587 
pool: 
to_do: 0
pri: 23

Node 1584 - n: 1584, ai: 1584
ready time: 0, valid: 0
child: 1586 1587 
pool: <1581,1557,1584,0> 
to_do: 1
pri: 23

Node 1585 - n: 1585, ai: 1585
ready time: 0, valid: 1
child: 1586 1588 
pool: 
to_do: 0
pri: 23

Node 1586 - n: 1586, ai: 1586
ready time: 0, valid: 0
child: 1587 1588 1589 
pool: <1581,1558,1586,0> <1582,1560,1586,0> <1583,1563,1586,0> <1584,1567,1586,0> <1585,1579,1586,0> 
to_do: 5
pri: 22

Node 1587 - n: 1587, ai: 1587
ready time: 0, valid: 0
child: 1704 1714 1729 
pool: <1582,1561,1587,0> <1583,1564,1587,0> <1584,1568,1587,0> <-1,1586,1587,1> 
to_do: 4
pri: 21

Node 1588 - n: 1588, ai: 1588
ready time: 0, valid: 0
child: 1705 1715 1730 
pool: <1585,1580,1588,0> <-1,1586,1588,1> 
to_do: 2
pri: 20

Node 1589 - n: 1589, ai: 1589
ready time: 0, valid: 0
child: 1706 1716 1731 
pool: <-1,1586,1589,1> 
to_do: 1
pri: 19

Node 1590 - n: 1590, ai: 1590
ready time: 0, valid: 1
child: 1591 1592 
pool: 
to_do: 0
pri: 25

Node 1591 - n: 1591, ai: 1591
ready time: 0, valid: 0
child: 1680 2118 
pool: <-1,1590,1591,1> 
to_do: 1
pri: 24

Node 1592 - n: 1592, ai: 1592
ready time: 0, valid: 0
child: 1681 2127 
pool: <-1,1590,1592,1> 
to_do: 1
pri: 17

Node 1593 - n: 1593, ai: 1593
ready time: 0, valid: 1
child: 1594 
pool: 
to_do: 0
pri: 33

Node 1594 - n: 1594, ai: 1594
ready time: 0, valid: 0
child: 1600 
pool: <-1,1593,1594,1> 
to_do: 1
pri: 32

Node 1595 - n: 1595, ai: 1595
ready time: 0, valid: 1
child: 1596 
pool: 
to_do: 0
pri: 31

Node 1596 - n: 1596, ai: 1596
ready time: 0, valid: 0
child: 1605 
pool: <-1,1595,1596,1> 
to_do: 1
pri: 30

Node 1597 - n: 1597, ai: 1597
ready time: 0, valid: 1
child: 1598 
pool: 
to_do: 0
pri: 31

Node 1598 - n: 1598, ai: 1598
ready time: 0, valid: 0
child: 1605 
pool: <-1,1597,1598,1> 
to_do: 1
pri: 30

Node 1599 - n: 1599, ai: 1599
ready time: 0, valid: 1
child: 1600 
pool: 
to_do: 0
pri: 32

Node 1600 - n: 1600, ai: 1600
ready time: 0, valid: 0
child: 1601 
pool: <1599,1594,1600,0> 
to_do: 1
pri: 31

Node 1601 - n: 1601, ai: 1601
ready time: 0, valid: 0
child: 1605 
pool: <-1,1600,1601,1> 
to_do: 1
pri: 30

Node 1602 - n: 1602, ai: 1602
ready time: 0, valid: 1
child: 1605 
pool: 
to_do: 0
pri: 30

Node 1603 - n: 1603, ai: 1603
ready time: 0, valid: 1
child: 1605 
pool: 
to_do: 0
pri: 30

Node 1604 - n: 1604, ai: 1604
ready time: 0, valid: 1
child: 1605 
pool: 
to_do: 0
pri: 30

Node 1605 - n: 1605, ai: 1605
ready time: 0, valid: 0
child: 1606 1607 
pool: <1602,1596,1605,0> <1603,1598,1605,0> <1604,1601,1605,0> 
to_do: 3
pri: 29

Node 1606 - n: 1606, ai: 1606
ready time: 0, valid: 0
child: 1623 1781 
pool: <-1,1605,1606,1> 
to_do: 1
pri: 28

Node 1607 - n: 1607, ai: 1607
ready time: 0, valid: 0
child: 1625 1789 
pool: <-1,1605,1607,1> 
to_do: 1
pri: 20

Node 1608 - n: 1608, ai: 1608
ready time: 0, valid: 1
child: 1609 1610 
pool: 
to_do: 0
pri: 33

Node 1609 - n: 1609, ai: 1609
ready time: 0, valid: 0
child: 1612 1621 
pool: <-1,1608,1609,1> 
to_do: 1
pri: 32

Node 1610 - n: 1610, ai: 1610
ready time: 0, valid: 0
child: 1614 1623 
pool: <-1,1608,1610,1> 
to_do: 1
pri: 30

Node 1611 - n: 1611, ai: 1611
ready time: 0, valid: 1
child: 1612 1614 
pool: 
to_do: 0
pri: 32

Node 1612 - n: 1612, ai: 1612
ready time: 0, valid: 0
child: 1613 1614 
pool: <1611,1609,1612,0> 
to_do: 1
pri: 31

Node 1613 - n: 1613, ai: 1613
ready time: 0, valid: 0
child: 1616 1622 
pool: <-1,1612,1613,1> 
to_do: 1
pri: 30

Node 1614 - n: 1614, ai: 1614
ready time: 0, valid: 0
child: 1617 1623 
pool: <1611,1610,1614,0> <-1,1612,1614,1> 
to_do: 2
pri: 29

Node 1615 - n: 1615, ai: 1615
ready time: 0, valid: 1
child: 1616 1617 
pool: 
to_do: 0
pri: 30

Node 1616 - n: 1616, ai: 1616
ready time: 0, valid: 0
child: 1617 1618 
pool: <1615,1613,1616,0> 
to_do: 1
pri: 29

Node 1617 - n: 1617, ai: 1617
ready time: 0, valid: 0
child: 1623 1668 
pool: <1615,1614,1617,0> <-1,1616,1617,1> 
to_do: 2
pri: 28

Node 1618 - n: 1618, ai: 1618
ready time: 0, valid: 0
child: 1624 1674 
pool: <-1,1616,1618,1> 
to_do: 1
pri: 27

Node 1619 - n: 1619, ai: 1619
ready time: 0, valid: 1
child: 1623 1625 
pool: 
to_do: 0
pri: 28

Node 1620 - n: 1620, ai: 1620
ready time: 0, valid: 1
child: 1621 1623 
pool: 
to_do: 0
pri: 30

Node 1621 - n: 1621, ai: 1621
ready time: 0, valid: 0
child: 1622 1623 
pool: <1620,1609,1621,0> 
to_do: 1
pri: 29

Node 1622 - n: 1622, ai: 1622
ready time: 0, valid: 0
child: 1623 1624 
pool: <1621,1613,1622,0> 
to_do: 1
pri: 28

Node 1623 - n: 1623, ai: 1623
ready time: 0, valid: 0
child: 1624 1625 
pool: <1619,1606,1623,0> <1620,1610,1623,0> <1621,1614,1623,0> <1622,1617,1623,0> 
to_do: 4
pri: 27

Node 1624 - n: 1624, ai: 1624
ready time: 0, valid: 0
child: 1674 1782 
pool: <1622,1618,1624,0> <-1,1623,1624,1> 
to_do: 2
pri: 26

Node 1625 - n: 1625, ai: 1625
ready time: 0, valid: 0
child: 1677 1789 
pool: <1619,1607,1625,0> <-1,1623,1625,1> 
to_do: 2
pri: 19

Node 1626 - n: 1626, ai: 1626
ready time: 0, valid: 1
child: 1627 1628 
pool: 
to_do: 0
pri: 27

Node 1627 - n: 1627, ai: 1627
ready time: 0, valid: 0
child: 1674 1685 
pool: <-1,1626,1627,1> 
to_do: 1
pri: 26

Node 1628 - n: 1628, ai: 1628
ready time: 0, valid: 0
child: 1675 1686 
pool: <-1,1626,1628,1> 
to_do: 1
pri: 25

Node 1629 - n: 1629, ai: 1629
ready time: 0, valid: 1
child: 1630 1631 1632 
pool: 
to_do: 0
pri: 33

Node 1630 - n: 1630, ai: 1630
ready time: 0, valid: 0
child: 1634 1639 1671 
pool: <-1,1629,1630,1> 
to_do: 1
pri: 32

Node 1631 - n: 1631, ai: 1631
ready time: 0, valid: 0
child: 1635 1640 1672 
pool: <-1,1629,1631,1> 
to_do: 1
pri: 31

Node 1632 - n: 1632, ai: 1632
ready time: 0, valid: 0
child: 1636 1642 1674 
pool: <-1,1629,1632,1> 
to_do: 1
pri: 29

Node 1633 - n: 1633, ai: 1633
ready time: 0, valid: 1
child: 1634 1635 1636 
pool: 
to_do: 0
pri: 32

Node 1634 - n: 1634, ai: 1634
ready time: 0, valid: 0
child: 1635 1636 1637 
pool: <1633,1630,1634,0> 
to_do: 1
pri: 31

Node 1635 - n: 1635, ai: 1635
ready time: 0, valid: 0
child: 1640 1672 1697 
pool: <1633,1631,1635,0> <-1,1634,1635,1> 
to_do: 2
pri: 30

Node 1636 - n: 1636, ai: 1636
ready time: 0, valid: 0
child: 1642 1674 1701 
pool: <1633,1632,1636,0> <-1,1634,1636,1> 
to_do: 2
pri: 28

Node 1637 - n: 1637, ai: 1637
ready time: 0, valid: 0
child: 1643 1676 1704 
pool: <-1,1634,1637,1> 
to_do: 1
pri: 25

Node 1638 - n: 1638, ai: 1638
ready time: 0, valid: 1
child: 1639 1640 1642 
pool: 
to_do: 0
pri: 31

Node 1639 - n: 1639, ai: 1639
ready time: 0, valid: 0
child: 1640 1642 1643 
pool: <1638,1630,1639,0> 
to_do: 1
pri: 30

Node 1640 - n: 1640, ai: 1640
ready time: 0, valid: 0
child: 1641 1642 1643 
pool: <1638,1631,1640,0> <1639,1635,1640,0> 
to_do: 2
pri: 29

Node 1641 - n: 1641, ai: 1641
ready time: 0, valid: 0
child: 1663 1673 1700 
pool: <-1,1640,1641,1> 
to_do: 1
pri: 28

Node 1642 - n: 1642, ai: 1642
ready time: 0, valid: 0
child: 1664 1674 1701 
pool: <1638,1632,1642,0> <1639,1636,1642,0> <-1,1640,1642,1> 
to_do: 3
pri: 27

Node 1643 - n: 1643, ai: 1643
ready time: 0, valid: 0
child: 1666 1676 1704 
pool: <1639,1637,1643,0> <-1,1640,1643,1> 
to_do: 2
pri: 24

Node 1644 - n: 1644, ai: 1644
ready time: 0, valid: 1
child: 1645 1646 1647 
pool: 
to_do: 0
pri: 33

Node 1645 - n: 1645, ai: 1645
ready time: 0, valid: 0
child: 1649 1654 1661 
pool: <-1,1644,1645,1> 
to_do: 1
pri: 32

Node 1646 - n: 1646, ai: 1646
ready time: 0, valid: 0
child: 1650 1655 1662 
pool: <-1,1644,1646,1> 
to_do: 1
pri: 31

Node 1647 - n: 1647, ai: 1647
ready time: 0, valid: 0
child: 1651 1656 1663 
pool: <-1,1644,1647,1> 
to_do: 1
pri: 30

Node 1648 - n: 1648, ai: 1648
ready time: 0, valid: 1
child: 1649 1650 1651 
pool: 
to_do: 0
pri: 32

Node 1649 - n: 1649, ai: 1649
ready time: 0, valid: 0
child: 1650 1651 1652 
pool: <1648,1645,1649,0> 
to_do: 1
pri: 31

Node 1650 - n: 1650, ai: 1650
ready time: 0, valid: 0
child: 1655 1662 1699 
pool: <1648,1646,1650,0> <-1,1649,1650,1> 
to_do: 2
pri: 30

Node 1651 - n: 1651, ai: 1651
ready time: 0, valid: 0
child: 1656 1663 1700 
pool: <1648,1647,1651,0> <-1,1649,1651,1> 
to_do: 2
pri: 29

Node 1652 - n: 1652, ai: 1652
ready time: 0, valid: 0
child: 1658 1666 1704 
pool: <-1,1649,1652,1> 
to_do: 1
pri: 25

Node 1653 - n: 1653, ai: 1653
ready time: 0, valid: 1
child: 1654 1655 1656 
pool: 
to_do: 0
pri: 31

Node 1654 - n: 1654, ai: 1654
ready time: 0, valid: 0
child: 1655 1656 1658 
pool: <1653,1645,1654,0> 
to_do: 1
pri: 30

Node 1655 - n: 1655, ai: 1655
ready time: 0, valid: 0
child: 1656 1657 1658 
pool: <1653,1646,1655,0> <1654,1650,1655,0> 
to_do: 2
pri: 29

Node 1656 - n: 1656, ai: 1656
ready time: 0, valid: 0
child: 1663 1684 1700 
pool: <1653,1647,1656,0> <1654,1651,1656,0> <-1,1655,1656,1> 
to_do: 3
pri: 28

Node 1657 - n: 1657, ai: 1657
ready time: 0, valid: 0
child: 1665 1686 1702 
pool: <-1,1655,1657,1> 
to_do: 1
pri: 26

Node 1658 - n: 1658, ai: 1658
ready time: 0, valid: 0
child: 1666 1688 1704 
pool: <1654,1652,1658,0> <-1,1655,1658,1> 
to_do: 2
pri: 24

Node 1659 - n: 1659, ai: 1659
ready time: 0, valid: 1
child: 1663 1664 1666 
pool: 
to_do: 0
pri: 28

Node 1660 - n: 1660, ai: 1660
ready time: 0, valid: 1
child: 1661 1662 1663 
pool: 
to_do: 0
pri: 30

Node 1661 - n: 1661, ai: 1661
ready time: 0, valid: 0
child: 1662 1663 1666 
pool: <1660,1645,1661,0> 
to_do: 1
pri: 29

Node 1662 - n: 1662, ai: 1662
ready time: 0, valid: 0
child: 1663 1665 1666 
pool: <1660,1646,1662,0> <1661,1650,1662,0> 
to_do: 2
pri: 28

Node 1663 - n: 1663, ai: 1663
ready time: 0, valid: 0
child: 1664 1665 1666 
pool: <1659,1641,1663,0> <1660,1647,1663,0> <1661,1651,1663,0> <1662,1656,1663,0> 
to_do: 4
pri: 27

Node 1664 - n: 1664, ai: 1664
ready time: 0, valid: 0
child: 1674 1685 1701 
pool: <1659,1642,1664,0> <-1,1663,1664,1> 
to_do: 2
pri: 26

Node 1665 - n: 1665, ai: 1665
ready time: 0, valid: 0
child: 1675 1686 1702 
pool: <1662,1657,1665,0> <-1,1663,1665,1> 
to_do: 2
pri: 25

Node 1666 - n: 1666, ai: 1666
ready time: 0, valid: 0
child: 1676 1688 1704 
pool: <1659,1643,1666,0> <1661,1652,1666,0> <1662,1658,1666,0> <-1,1663,1666,1> 
to_do: 4
pri: 23

Node 1667 - n: 1667, ai: 1667
ready time: 0, valid: 1
child: 1668 1674 
pool: 
to_do: 0
pri: 27

Node 1668 - n: 1668, ai: 1668
ready time: 0, valid: 0
child: 1674 1677 
pool: <1667,1617,1668,0> 
to_do: 1
pri: 26

Node 1669 - n: 1669, ai: 1669
ready time: 0, valid: 1
child: 1674 1675 
pool: 
to_do: 0
pri: 26

Node 1670 - n: 1670, ai: 1670
ready time: 0, valid: 1
child: 1671 1672 1674 
pool: 
to_do: 0
pri: 29

Node 1671 - n: 1671, ai: 1671
ready time: 0, valid: 0
child: 1672 1674 1676 
pool: <1670,1630,1671,0> 
to_do: 1
pri: 28

Node 1672 - n: 1672, ai: 1672
ready time: 0, valid: 0
child: 1673 1674 1676 
pool: <1670,1631,1672,0> <1671,1635,1672,0> 
to_do: 2
pri: 27

Node 1673 - n: 1673, ai: 1673
ready time: 0, valid: 0
child: 1674 1675 1676 
pool: <1672,1641,1673,0> 
to_do: 1
pri: 26

Node 1674 - n: 1674, ai: 1674
ready time: 0, valid: 0
child: 1675 1676 1677 
pool: <1667,1618,1674,0> <1668,1624,1674,0> <1669,1627,1674,0> <1670,1632,1674,0> <1671,1636,1674,0> <1672,1642,1674,0> <1673,1664,1674,0> 
to_do: 7
pri: 25

Node 1675 - n: 1675, ai: 1675
ready time: 0, valid: 0
child: 1686 1702 1783 
pool: <1669,1628,1675,0> <1673,1665,1675,0> <-1,1674,1675,1> 
to_do: 3
pri: 24

Node 1676 - n: 1676, ai: 1676
ready time: 0, valid: 0
child: 1688 1704 1785 
pool: <1671,1637,1676,0> <1672,1643,1676,0> <1673,1666,1676,0> <-1,1674,1676,1> 
to_do: 4
pri: 22

Node 1677 - n: 1677, ai: 1677
ready time: 0, valid: 0
child: 1690 1707 1789 
pool: <1668,1625,1677,0> <-1,1674,1677,1> 
to_do: 2
pri: 18

Node 1678 - n: 1678, ai: 1678
ready time: 0, valid: 1
child: 1680 1681 
pool: 
to_do: 0
pri: 24

Node 1679 - n: 1679, ai: 1679
ready time: 0, valid: 1
child: 1680 1681 
pool: 
to_do: 0
pri: 24

Node 1680 - n: 1680, ai: 1680
ready time: 0, valid: 0
child: 1687 1703 1713 1784 
pool: <1678,1591,1680,0> <-1,1679,1680,1> 
to_do: 2
pri: 23

Node 1681 - n: 1681, ai: 1681
ready time: 0, valid: 0
child: 1691 1708 1719 1793 
pool: <1678,1592,1681,0> <-1,1679,1681,1> 
to_do: 2
pri: 16

Node 1682 - n: 1682, ai: 1682
ready time: 0, valid: 1
child: 1685 1686 
pool: 
to_do: 0
pri: 25

Node 1683 - n: 1683, ai: 1683
ready time: 0, valid: 1
child: 1684 1686 1688 
pool: 
to_do: 0
pri: 26

Node 1684 - n: 1684, ai: 1684
ready time: 0, valid: 0
child: 1685 1686 1688 
pool: <1683,1656,1684,0> 
to_do: 1
pri: 25

Node 1685 - n: 1685, ai: 1685
ready time: 0, valid: 0
child: 1686 1688 1690 
pool: <1682,1627,1685,0> <1684,1664,1685,0> 
to_do: 2
pri: 24

Node 1686 - n: 1686, ai: 1686
ready time: 0, valid: 0
child: 1687 1691 
pool: <1682,1628,1686,0> <1683,1657,1686,0> <1684,1665,1686,0> <1685,1675,1686,0> 
to_do: 4
pri: 23

Node 1687 - n: 1687, ai: 1687
ready time: 0, valid: 0
child: 1688 1689 1690 1691 
pool: <1686,1680,1687,0> 
to_do: 1
pri: 22

Node 1688 - n: 1688, ai: 1688
ready time: 0, valid: 0
child: 1704 1714 1785 2119 
pool: <1683,1658,1688,0> <1684,1666,1688,0> <1685,1676,1688,0> <-1,1687,1688,1> 
to_do: 4
pri: 21

Node 1689 - n: 1689, ai: 1689
ready time: 0, valid: 0
child: 1705 1715 1786 2120 
pool: <-1,1687,1689,1> 
to_do: 1
pri: 20

Node 1690 - n: 1690, ai: 1690
ready time: 0, valid: 0
child: 1707 1718 1789 2123 
pool: <1685,1677,1690,0> <-1,1687,1690,1> 
to_do: 2
pri: 17

Node 1691 - n: 1691, ai: 1691
ready time: 0, valid: 0
child: 1708 1719 1793 2127 
pool: <1686,1681,1691,0> <-1,1687,1691,1> 
to_do: 2
pri: 15

Node 1692 - n: 1692, ai: 1692
ready time: 0, valid: 1
child: 1695 1704 
pool: 
to_do: 0
pri: 22

Node 1693 - n: 1693, ai: 1693
ready time: 0, valid: 1
child: 1695 1704 
pool: 
to_do: 0
pri: 22

Node 1694 - n: 1694, ai: 1694
ready time: 0, valid: 1
child: 1695 1704 
pool: 
to_do: 0
pri: 22

Node 1695 - n: 1695, ai: 1695
ready time: 0, valid: 0
child: 1704 1705 1706 
pool: <1692,1560,1695,0> <1693,1563,1695,0> <1694,1567,1695,0> 
to_do: 3
pri: 21

Node 1696 - n: 1696, ai: 1696
ready time: 0, valid: 1
child: 1697 1701 1704 
pool: 
to_do: 0
pri: 26

Node 1697 - n: 1697, ai: 1697
ready time: 0, valid: 0
child: 1700 1701 1704 
pool: <1696,1635,1697,0> 
to_do: 1
pri: 25

Node 1698 - n: 1698, ai: 1698
ready time: 0, valid: 1
child: 1699 1700 1704 
pool: 
to_do: 0
pri: 26

Node 1699 - n: 1699, ai: 1699
ready time: 0, valid: 0
child: 1700 1702 1704 
pool: <1698,1650,1699,0> 
to_do: 1
pri: 25

Node 1700 - n: 1700, ai: 1700
ready time: 0, valid: 0
child: 1701 1702 1704 
pool: <1697,1641,1700,0> <1698,1651,1700,0> <1699,1656,1700,0> 
to_do: 3
pri: 24

Node 1701 - n: 1701, ai: 1701
ready time: 0, valid: 0
child: 1702 1704 1707 
pool: <1696,1636,1701,0> <1697,1642,1701,0> <1700,1664,1701,0> 
to_do: 3
pri: 23

Node 1702 - n: 1702, ai: 1702
ready time: 0, valid: 0
child: 1703 1708 
pool: <1699,1657,1702,0> <1700,1665,1702,0> <1701,1675,1702,0> 
to_do: 3
pri: 22

Node 1703 - n: 1703, ai: 1703
ready time: 0, valid: 0
child: 1704 1705 1707 1708 
pool: <1702,1680,1703,0> 
to_do: 1
pri: 21

Node 1704 - n: 1704, ai: 1704
ready time: 0, valid: 0
child: 1705 1706 1707 1708 
pool: <1692,1561,1704,0> <1693,1564,1704,0> <1694,1568,1704,0> <1695,1587,1704,0> <1696,1637,1704,0> <1697,1643,1704,0> <1698,1652,1704,0> <1699,1658,1704,0> <1700,1666,1704,0> <1701,1676,1704,0> <1703,1688,1704,0> 
to_do: 11
pri: 20

Node 1705 - n: 1705, ai: 1705
ready time: 0, valid: 0
child: 1715 1730 1786 2120 
pool: <1695,1588,1705,0> <1703,1689,1705,0> <-1,1704,1705,1> 
to_do: 3
pri: 19

Node 1706 - n: 1706, ai: 1706
ready time: 0, valid: 0
child: 1716 1731 1787 2121 
pool: <1695,1589,1706,0> <-1,1704,1706,1> 
to_do: 2
pri: 18

Node 1707 - n: 1707, ai: 1707
ready time: 0, valid: 0
child: 1718 1733 1789 2123 
pool: <1701,1677,1707,0> <1703,1690,1707,0> <-1,1704,1707,1> 
to_do: 3
pri: 16

Node 1708 - n: 1708, ai: 1708
ready time: 0, valid: 0
child: 1719 1735 1793 2127 
pool: <1702,1681,1708,0> <1703,1691,1708,0> <-1,1704,1708,1> 
to_do: 3
pri: 14

Node 1709 - n: 1709, ai: 1709
ready time: 0, valid: 1
child: 1710 1715 
pool: 
to_do: 0
pri: 22

Node 1710 - n: 1710, ai: 1710
ready time: 0, valid: 0
child: 1711 1715 
pool: <1709,1574,1710,0> 
to_do: 1
pri: 21

Node 1711 - n: 1711, ai: 1711
ready time: 0, valid: 0
child: 1714 1715 1716 
pool: <1710,1579,1711,0> 
to_do: 1
pri: 20

Node 1712 - n: 1712, ai: 1712
ready time: 0, valid: 1
child: 1713 1719 
pool: 
to_do: 0
pri: 21

Node 1713 - n: 1713, ai: 1713
ready time: 0, valid: 0
child: 1714 1715 1718 1719 
pool: <1712,1680,1713,0> 
to_do: 1
pri: 20

Node 1714 - n: 1714, ai: 1714
ready time: 0, valid: 0
child: 1715 1716 1718 1719 
pool: <1711,1587,1714,0> <1713,1688,1714,0> 
to_do: 2
pri: 19

Node 1715 - n: 1715, ai: 1715
ready time: 0, valid: 0
child: 1716 1717 1718 1719 
pool: <1709,1575,1715,0> <1710,1580,1715,0> <1711,1588,1715,0> <1713,1689,1715,0> <1714,1705,1715,0> 
to_do: 5
pri: 18

Node 1716 - n: 1716, ai: 1716
ready time: 0, valid: 0
child: 1731 1769 1787 2121 
pool: <1711,1589,1716,0> <1714,1706,1716,0> <-1,1715,1716,1> 
to_do: 3
pri: 17

Node 1717 - n: 1717, ai: 1717
ready time: 0, valid: 0
child: 1732 1770 1788 2122 
pool: <-1,1715,1717,1> 
to_do: 1
pri: 16

Node 1718 - n: 1718, ai: 1718
ready time: 0, valid: 0
child: 1733 1771 1789 2123 
pool: <1713,1690,1718,0> <1714,1707,1718,0> <-1,1715,1718,1> 
to_do: 3
pri: 15

Node 1719 - n: 1719, ai: 1719
ready time: 0, valid: 0
child: 1735 1774 1793 2127 
pool: <1712,1681,1719,0> <1713,1691,1719,0> <1714,1708,1719,0> <-1,1715,1719,1> 
to_do: 4
pri: 13

Node 1720 - n: 1720, ai: 1720
ready time: 0, valid: 1
child: 1721 1731 
pool: 
to_do: 0
pri: 20

Node 1721 - n: 1721, ai: 1721
ready time: 0, valid: 0
child: 1726 1727 1731 
pool: <1720,1103,1721,0> 
to_do: 1
pri: 19

Node 1722 - n: 1722, ai: 1722
ready time: 0, valid: 1
child: 1723 1724 1731 
pool: 
to_do: 0
pri: 22

Node 1723 - n: 1723, ai: 1723
ready time: 0, valid: 0
child: 1724 1725 1731 
pool: <1722,1177,1723,0> 
to_do: 1
pri: 21

Node 1724 - n: 1724, ai: 1724
ready time: 0, valid: 0
child: 1725 1726 1731 
pool: <1722,1178,1724,0> <1723,1182,1724,0> 
to_do: 2
pri: 20

Node 1725 - n: 1725, ai: 1725
ready time: 0, valid: 0
child: 1726 1731 1732 
pool: <1723,1183,1725,0> <1724,1188,1725,0> 
to_do: 2
pri: 19

Node 1726 - n: 1726, ai: 1726
ready time: 0, valid: 0
child: 1727 1731 1732 1734 
pool: <1721,1173,1726,0> <1724,1189,1726,0> <1725,1214,1726,0> 
to_do: 3
pri: 18

Node 1727 - n: 1727, ai: 1727
ready time: 0, valid: 0
child: 1731 1732 1734 
pool: <1721,1174,1727,0> <1726,1530,1727,0> 
to_do: 2
pri: 17

Node 1728 - n: 1728, ai: 1728
ready time: 0, valid: 1
child: 1729 1730 1731 
pool: 
to_do: 0
pri: 19

Node 1729 - n: 1729, ai: 1729
ready time: 0, valid: 0
child: 1730 1731 1733 1735 
pool: <1728,1587,1729,0> 
to_do: 1
pri: 18

Node 1730 - n: 1730, ai: 1730
ready time: 0, valid: 0
child: 1731 1732 1733 1735 
pool: <1728,1588,1730,0> <1729,1705,1730,0> 
to_do: 2
pri: 17

Node 1731 - n: 1731, ai: 1731
ready time: 0, valid: 0
child: 1732 1733 1734 1735 
pool: <1720,1104,1731,0> <1721,1175,1731,0> <1722,1179,1731,0> <1723,1184,1731,0> <1724,1190,1731,0> <1725,1215,1731,0> <1726,1531,1731,0> <1727,1553,1731,0> <1728,1589,1731,0> <1729,1706,1731,0> <1730,1716,1731,0> 
to_do: 11
pri: 16

Node 1732 - n: 1732, ai: 1732
ready time: 0, valid: 0
child: 1770 1788 1813 2122 
pool: <1725,1216,1732,0> <1726,1532,1732,0> <1727,1554,1732,0> <1730,1717,1732,0> <-1,1731,1732,1> 
to_do: 5
pri: 15

Node 1733 - n: 1733, ai: 1733
ready time: 0, valid: 0
child: 1771 1789 1814 2123 
pool: <1729,1707,1733,0> <1730,1718,1733,0> <-1,1731,1733,1> 
to_do: 3
pri: 14

Node 1734 - n: 1734, ai: 1734
ready time: 0, valid: 0
child: 1772 1790 1815 2124 
pool: <1726,1533,1734,0> <1727,1555,1734,0> <-1,1731,1734,1> 
to_do: 3
pri: 13

Node 1735 - n: 1735, ai: 1735
ready time: 0, valid: 0
child: 1774 1793 1818 2127 
pool: <1729,1708,1735,0> <1730,1719,1735,0> <-1,1731,1735,1> 
to_do: 3
pri: 12

Node 1736 - n: 1736, ai: 1736
ready time: 0, valid: 1
child: 1770 
pool: 
to_do: 0
pri: 15

Node 1737 - n: 1737, ai: 1737
ready time: 0, valid: 1
child: 1770 
pool: 
to_do: 0
pri: 15

Node 1738 - n: 1738, ai: 1738
ready time: 0, valid: 1
child: 1770 
pool: 
to_do: 0
pri: 15

Node 1739 - n: 1739, ai: 1739
ready time: 0, valid: 1
child: 1740 1770 
pool: 
to_do: 0
pri: 16

Node 1740 - n: 1740, ai: 1740
ready time: 0, valid: 0
child: 1770 1771 1773 
pool: <1739,1041,1740,0> 
to_do: 1
pri: 15

Node 1741 - n: 1741, ai: 1741
ready time: 0, valid: 1
child: 1742 1770 
pool: 
to_do: 0
pri: 22

Node 1742 - n: 1742, ai: 1742
ready time: 0, valid: 0
child: 1743 1744 1770 
pool: <1741,1192,1742,0> 
to_do: 1
pri: 21

Node 1743 - n: 1743, ai: 1743
ready time: 0, valid: 0
child: 1744 1766 1770 
pool: <1742,1196,1743,0> 
to_do: 1
pri: 20

Node 1744 - n: 1744, ai: 1744
ready time: 0, valid: 0
child: 1745 1766 1770 
pool: <1742,1197,1744,0> <1743,1201,1744,0> 
to_do: 2
pri: 19

Node 1745 - n: 1745, ai: 1745
ready time: 0, valid: 0
child: 1766 1769 1770 
pool: <1744,1207,1745,0> 
to_do: 1
pri: 18

Node 1746 - n: 1746, ai: 1746
ready time: 0, valid: 1
child: 1747 1748 1770 
pool: 
to_do: 0
pri: 24

Node 1747 - n: 1747, ai: 1747
ready time: 0, valid: 0
child: 1748 1749 1770 
pool: <1746,1250,1747,0> 
to_do: 1
pri: 23

Node 1748 - n: 1748, ai: 1748
ready time: 0, valid: 0
child: 1749 1770 
pool: <1746,1251,1748,0> <1747,1255,1748,0> 
to_do: 2
pri: 22

Node 1749 - n: 1749, ai: 1749
ready time: 0, valid: 0
child: 1751 1765 1770 
pool: <1747,1256,1749,0> <1748,1261,1749,0> 
to_do: 2
pri: 21

Node 1750 - n: 1750, ai: 1750
ready time: 0, valid: 1
child: 1751 1752 1770 
pool: 
to_do: 0
pri: 21

Node 1751 - n: 1751, ai: 1751
ready time: 0, valid: 0
child: 1752 1765 1770 
pool: <1749,1267,1751,0> <1750,1271,1751,0> 
to_do: 2
pri: 20

Node 1752 - n: 1752, ai: 1752
ready time: 0, valid: 0
child: 1765 1766 1770 
pool: <1750,1272,1752,0> <1751,1277,1752,0> 
to_do: 2
pri: 19

Node 1753 - n: 1753, ai: 1753
ready time: 0, valid: 1
child: 1754 1767 1770 
pool: 
to_do: 0
pri: 21

Node 1754 - n: 1754, ai: 1754
ready time: 0, valid: 0
child: 1764 1765 1767 1770 
pool: <1753,1335,1754,0> 
to_do: 1
pri: 20

Node 1755 - n: 1755, ai: 1755
ready time: 0, valid: 1
child: 1759 1760 1770 
pool: 
to_do: 0
pri: 23

Node 1756 - n: 1756, ai: 1756
ready time: 0, valid: 1
child: 1757 1758 1770 
pool: 
to_do: 0
pri: 23

Node 1757 - n: 1757, ai: 1757
ready time: 0, valid: 0
child: 1758 1763 1770 
pool: <1756,1364,1757,0> 
to_do: 1
pri: 22

Node 1758 - n: 1758, ai: 1758
ready time: 0, valid: 0
child: 1763 1770 
pool: <1756,1365,1758,0> <1757,1369,1758,0> 
to_do: 2
pri: 21

Node 1759 - n: 1759, ai: 1759
ready time: 0, valid: 0
child: 1760 1763 1770 
pool: <1755,1360,1759,0> 
to_do: 1
pri: 22

Node 1760 - n: 1760, ai: 1760
ready time: 0, valid: 0
child: 1763 1765 1770 
pool: <1755,1361,1760,0> <1759,1379,1760,0> 
to_do: 2
pri: 21

Node 1761 - n: 1761, ai: 1761
ready time: 0, valid: 1
child: 1762 1770 1772 
pool: 
to_do: 0
pri: 22

Node 1762 - n: 1762, ai: 1762
ready time: 0, valid: 0
child: 1763 1764 1770 1772 
pool: <1761,1448,1762,0> 
to_do: 1
pri: 21

Node 1763 - n: 1763, ai: 1763
ready time: 0, valid: 0
child: 1764 1765 1767 1770 1772 
pool: <1757,1370,1763,0> <1758,1375,1763,0> <1759,1380,1763,0> <1760,1385,1763,0> <1762,1468,1763,0> 
to_do: 5
pri: 20

Node 1764 - n: 1764, ai: 1764
ready time: 0, valid: 0
child: 1765 1767 1770 1772 
pool: <1754,1355,1764,0> <1762,1469,1764,0> <1763,1482,1764,0> 
to_do: 3
pri: 19

Node 1765 - n: 1765, ai: 1765
ready time: 0, valid: 0
child: 1766 1767 1770 1772 
pool: <1749,1268,1765,0> <1751,1278,1765,0> <1752,1283,1765,0> <1754,1356,1765,0> <1760,1386,1765,0> <1763,1483,1765,0> <1764,1496,1765,0> 
to_do: 7
pri: 18

Node 1766 - n: 1766, ai: 1766
ready time: 0, valid: 0
child: 1767 1769 1770 1772 
pool: <1743,1202,1766,0> <1744,1208,1766,0> <1745,1214,1766,0> <1752,1284,1766,0> <1765,1516,1766,0> 
to_do: 5
pri: 17

Node 1767 - n: 1767, ai: 1767
ready time: 0, valid: 0
child: 1769 1770 1772 
pool: <1753,1336,1767,0> <1754,1357,1767,0> <1763,1484,1767,0> <1764,1497,1767,0> <1765,1517,1767,0> <1766,1530,1767,0> 
to_do: 6
pri: 16

Node 1768 - n: 1768, ai: 1768
ready time: 0, valid: 1
child: 1769 1770 1771 1774 
pool: 
to_do: 0
pri: 16

Node 1769 - n: 1769, ai: 1769
ready time: 0, valid: 0
child: 1770 1771 1772 1774 
pool: <1745,1215,1769,0> <1766,1531,1769,0> <1767,1553,1769,0> <1768,1716,1769,0> 
to_do: 4
pri: 15

Node 1770 - n: 1770, ai: 1770
ready time: 0, valid: 0
child: 1771 1772 1773 1774 
pool: <1736,1033,1770,0> <1737,1035,1770,0> <1738,1038,1770,0> <1739,1042,1770,0> <1740,1063,1770,0> <1741,1193,1770,0> <1742,1198,1770,0> <1743,1203,1770,0> <1744,1209,1770,0> <1745,1216,1770,0> <1746,1252,1770,0> <1747,1257,1770,0> <1748,1262,1770,0> <1749,1269,1770,0> <1750,1273,1770,0> <1751,1279,1770,0> <1752,1285,1770,0> <1753,1337,1770,0> <1754,1358,1770,0> <1755,1362,1770,0> <1756,1366,1770,0> <1757,1371,1770,0> <1758,1376,1770,0> <1759,1381,1770,0> <1760,1387,1770,0> <1761,1449,1770,0> <1762,1470,1770,0> <1763,1485,1770,0> <1764,1498,1770,0> <1765,1518,1770,0> <1766,1532,1770,0> <1767,1554,1770,0> <1768,1717,1770,0> <1769,1732,1770,0> 
to_do: 34
pri: 14

Node 1771 - n: 1771, ai: 1771
ready time: 0, valid: 0
child: 1789 1814 2123 
pool: <1740,1064,1771,0> <1768,1718,1771,0> <1769,1733,1771,0> <-1,1770,1771,1> 
to_do: 4
pri: 13

Node 1772 - n: 1772, ai: 1772
ready time: 0, valid: 0
child: 1790 1815 2124 
pool: <1761,1450,1772,0> <1762,1471,1772,0> <1763,1486,1772,0> <1764,1499,1772,0> <1765,1519,1772,0> <1766,1533,1772,0> <1767,1555,1772,0> <1769,1734,1772,0> <-1,1770,1772,1> 
to_do: 9
pri: 12

Node 1773 - n: 1773, ai: 1773
ready time: 0, valid: 0
child: 1791 1816 2125 
pool: <1740,1065,1773,0> <-1,1770,1773,1> 
to_do: 2
pri: 3

Node 1774 - n: 1774, ai: 1774
ready time: 0, valid: 0
child: 1793 1818 2127 
pool: <1768,1719,1774,0> <1769,1735,1774,0> <-1,1770,1774,1> 
to_do: 3
pri: 11

Node 1775 - n: 1775, ai: 1775
ready time: 0, valid: 1
child: 1776 
pool: 
to_do: 0
pri: 17

Node 1776 - n: 1776, ai: 1776
ready time: 0, valid: 0
child: 1777 
pool: <1775,1044,1776,0> 
to_do: 1
pri: 16

Node 1777 - n: 1777, ai: 1777
ready time: 0, valid: 0
child: 1778 1779 
pool: <1776,1046,1777,0> 
to_do: 1
pri: 15

Node 1778 - n: 1778, ai: 1778
ready time: 0, valid: 0
child: 1789 1791 
pool: <1777,1048,1778,0> 
to_do: 1
pri: 13

Node 1779 - n: 1779, ai: 1779
ready time: 0, valid: 0
child: 1788 1789 1791 
pool: <1777,1049,1779,0> 
to_do: 1
pri: 14

Node 1780 - n: 1780, ai: 1780
ready time: 0, valid: 1
child: 1781 1789 
pool: 
to_do: 0
pri: 21

Node 1781 - n: 1781, ai: 1781
ready time: 0, valid: 0
child: 1782 1789 
pool: <1780,1606,1781,0> 
to_do: 1
pri: 20

Node 1782 - n: 1782, ai: 1782
ready time: 0, valid: 0
child: 1783 1785 1789 
pool: <1781,1624,1782,0> 
to_do: 1
pri: 19

Node 1783 - n: 1783, ai: 1783
ready time: 0, valid: 0
child: 1784 1793 
pool: <1782,1675,1783,0> 
to_do: 1
pri: 18

Node 1784 - n: 1784, ai: 1784
ready time: 0, valid: 0
child: 1785 1786 1789 1793 
pool: <1783,1680,1784,0> 
to_do: 1
pri: 17

Node 1785 - n: 1785, ai: 1785
ready time: 0, valid: 0
child: 1786 1787 1789 1793 
pool: <1782,1676,1785,0> <1784,1688,1785,0> 
to_do: 2
pri: 16

Node 1786 - n: 1786, ai: 1786
ready time: 0, valid: 0
child: 1787 1788 1789 1793 
pool: <1784,1689,1786,0> <1785,1705,1786,0> 
to_do: 2
pri: 15

Node 1787 - n: 1787, ai: 1787
ready time: 0, valid: 0
child: 1788 1789 1790 1793 
pool: <1785,1706,1787,0> <1786,1716,1787,0> 
to_do: 2
pri: 14

Node 1788 - n: 1788, ai: 1788
ready time: 0, valid: 0
child: 1789 1790 1791 1793 
pool: <1779,1063,1788,0> <1786,1717,1788,0> <1787,1732,1788,0> 
to_do: 3
pri: 13

Node 1789 - n: 1789, ai: 1789
ready time: 0, valid: 0
child: 1790 1791 1792 1793 
pool: <1778,1058,1789,0> <1779,1064,1789,0> <1780,1607,1789,0> <1781,1625,1789,0> <1782,1677,1789,0> <1784,1690,1789,0> <1785,1707,1789,0> <1786,1718,1789,0> <1787,1733,1789,0> <1788,1771,1789,0> 
to_do: 10
pri: 12

Node 1790 - n: 1790, ai: 1790
ready time: 0, valid: 0
child: 1815 1824 2124 
pool: <1787,1734,1790,0> <1788,1772,1790,0> <-1,1789,1790,1> 
to_do: 3
pri: 11

Node 1791 - n: 1791, ai: 1791
ready time: 0, valid: 0
child: 1816 1825 2125 
pool: <1778,1059,1791,0> <1779,1065,1791,0> <1788,1773,1791,0> <-1,1789,1791,1> 
to_do: 4
pri: 2

Node 1792 - n: 1792, ai: 1792
ready time: 0, valid: 0
child: 1817 1827 2126 
pool: <-1,1789,1792,1> 
to_do: 1
pri: 2

Node 1793 - n: 1793, ai: 1793
ready time: 0, valid: 0
child: 1818 1829 2127 
pool: <1783,1681,1793,0> <1784,1691,1793,0> <1785,1708,1793,0> <1786,1719,1793,0> <1787,1735,1793,0> <1788,1774,1793,0> <-1,1789,1793,1> 
to_do: 7
pri: 10

Node 1794 - n: 1794, ai: 1794
ready time: 0, valid: 1
child: 1795 1815 
pool: 
to_do: 0
pri: 16

Node 1795 - n: 1795, ai: 1795
ready time: 0, valid: 0
child: 1796 1815 
pool: <1794,987,1795,0> 
to_do: 1
pri: 15

Node 1796 - n: 1796, ai: 1796
ready time: 0, valid: 0
child: 1797 1815 
pool: <1795,992,1796,0> 
to_do: 1
pri: 14

Node 1797 - n: 1797, ai: 1797
ready time: 0, valid: 0
child: 1798 1815 
pool: <1796,996,1797,0> 
to_do: 1
pri: 13

Node 1798 - n: 1798, ai: 1798
ready time: 0, valid: 0
child: 1799 1800 
pool: <1797,1000,1798,0> 
to_do: 1
pri: 12

Node 1799 - n: 1799, ai: 1799
ready time: 0, valid: 0
child: 1800 1815 
pool: <1798,1003,1799,0> 
to_do: 1
pri: 11

Node 1800 - n: 1800, ai: 1800
ready time: 0, valid: 0
child: 1816 
pool: <1798,1004,1800,0> <1799,1018,1800,0> 
to_do: 2
pri: 2

Node 1801 - n: 1801, ai: 1801
ready time: 0, valid: 1
child: 1802 1807 1815 
pool: 
to_do: 0
pri: 20

Node 1802 - n: 1802, ai: 1802
ready time: 0, valid: 0
child: 1807 1809 1811 1815 
pool: <1801,1413,1802,0> 
to_do: 1
pri: 19

Node 1803 - n: 1803, ai: 1803
ready time: 0, valid: 1
child: 1805 1815 
pool: 
to_do: 0
pri: 21

Node 1804 - n: 1804, ai: 1804
ready time: 0, valid: 1
child: 1805 1815 
pool: 
to_do: 0
pri: 21

Node 1805 - n: 1805, ai: 1805
ready time: 0, valid: 0
child: 1806 1813 1815 
pool: <1803,1437,1805,0> <1804,1440,1805,0> 
to_do: 2
pri: 20

Node 1806 - n: 1806, ai: 1806
ready time: 0, valid: 0
child: 1807 1808 1813 1815 
pool: <1805,1448,1806,0> 
to_do: 1
pri: 19

Node 1807 - n: 1807, ai: 1807
ready time: 0, valid: 0
child: 1808 1809 1811 1813 1815 
pool: <1801,1414,1807,0> <1802,1423,1807,0> <1806,1468,1807,0> 
to_do: 3
pri: 18

Node 1808 - n: 1808, ai: 1808
ready time: 0, valid: 0
child: 1809 1811 1813 1815 
pool: <1806,1469,1808,0> <1807,1482,1808,0> 
to_do: 2
pri: 17

Node 1809 - n: 1809, ai: 1809
ready time: 0, valid: 0
child: 1810 1811 1813 1815 
pool: <1802,1424,1809,0> <1807,1483,1809,0> <1808,1496,1809,0> 
to_do: 3
pri: 16

Node 1810 - n: 1810, ai: 1810
ready time: 0, valid: 0
child: 1811 1812 1813 1815 
pool: <1809,1516,1810,0> 
to_do: 1
pri: 15

Node 1811 - n: 1811, ai: 1811
ready time: 0, valid: 0
child: 1812 1813 1815 
pool: <1802,1425,1811,0> <1807,1484,1811,0> <1808,1497,1811,0> <1809,1517,1811,0> <1810,1530,1811,0> 
to_do: 5
pri: 14

Node 1812 - n: 1812, ai: 1812
ready time: 0, valid: 0
child: 1813 1814 1815 1818 
pool: <1810,1531,1812,0> <1811,1553,1812,0> 
to_do: 2
pri: 13

Node 1813 - n: 1813, ai: 1813
ready time: 0, valid: 0
child: 1814 1815 1816 1818 
pool: <1805,1449,1813,0> <1806,1470,1813,0> <1807,1485,1813,0> <1808,1498,1813,0> <1809,1518,1813,0> <1810,1532,1813,0> <1811,1554,1813,0> <1812,1732,1813,0> 
to_do: 8
pri: 12

Node 1814 - n: 1814, ai: 1814
ready time: 0, valid: 0
child: 1815 1816 1817 1818 
pool: <1812,1733,1814,0> <1813,1771,1814,0> 
to_do: 2
pri: 11

Node 1815 - n: 1815, ai: 1815
ready time: 0, valid: 0
child: 1816 1817 1818 
pool: <1794,988,1815,0> <1795,993,1815,0> <1796,997,1815,0> <1797,1001,1815,0> <1799,1019,1815,0> <1801,1415,1815,0> <1802,1426,1815,0> <1803,1438,1815,0> <1804,1441,1815,0> <1805,1450,1815,0> <1806,1471,1815,0> <1807,1486,1815,0> <1808,1499,1815,0> <1809,1519,1815,0> <1810,1533,1815,0> <1811,1555,1815,0> <1812,1734,1815,0> <1813,1772,1815,0> <1814,1790,1815,0> 
to_do: 19
pri: 10

Node 1816 - n: 1816, ai: 1816
ready time: 0, valid: 0
child: 1825 2125 
pool: <1800,1022,1816,0> <1813,1773,1816,0> <1814,1791,1816,0> <-1,1815,1816,1> 
to_do: 4
pri: 1

Node 1817 - n: 1817, ai: 1817
ready time: 0, valid: 0
child: 1827 2126 
pool: <1814,1792,1817,0> <-1,1815,1817,1> 
to_do: 2
pri: 1

Node 1818 - n: 1818, ai: 1818
ready time: 0, valid: 0
child: 1829 2127 
pool: <1812,1735,1818,0> <1813,1774,1818,0> <1814,1793,1818,0> <-1,1815,1818,1> 
to_do: 4
pri: 9

Node 1819 - n: 1819, ai: 1819
ready time: 0, valid: 1
child: 
pool: 
to_do: 0
pri: 0

Node 1820 - n: 1820, ai: 1820
ready time: 0, valid: 1
child: 1821 
pool: 
to_do: 0
pri: 2

Node 1821 - n: 1821, ai: 1821
ready time: 0, valid: 0
child: 1827 1828 
pool: <1820,918,1821,0> 
to_do: 1
pri: 1

Node 1822 - n: 1822, ai: 1822
ready time: 0, valid: 1
child: 1826 
pool: 
to_do: 0
pri: 2

Node 1823 - n: 1823, ai: 1823
ready time: 0, valid: 1
child: 1824 1825 1827 1829 
pool: 
to_do: 0
pri: 2

Node 1824 - n: 1824, ai: 1824
ready time: 0, valid: 0
child: 1825 1827 1829 
pool: <1823,1790,1824,0> 
to_do: 1
pri: 1

Node 1825 - n: 1825, ai: 1825
ready time: 0, valid: 0
child: 
pool: <1823,1791,1825,0> <1824,1816,1825,0> 
to_do: 2
pri: 0

Node 1826 - n: 1826, ai: 1826
ready time: 0, valid: 0
child: 1827 1828 1829 
pool: <1822,1008,1826,0> 
to_do: 1
pri: 1

Node 1827 - n: 1827, ai: 1827
ready time: 0, valid: 0
child: 
pool: <1821,976,1827,0> <1823,1792,1827,0> <1824,1817,1827,0> <-1,1826,1827,1> 
to_do: 4
pri: 0

Node 1828 - n: 1828, ai: 1828
ready time: 0, valid: 0
child: 
pool: <1821,977,1828,0> <-1,1826,1828,1> 
to_do: 2
pri: 0

Node 1829 - n: 1829, ai: 1829
ready time: 0, valid: 0
child: 
pool: <1823,1793,1829,0> <1824,1818,1829,0> <-1,1826,1829,1> 
to_do: 3
pri: 0

Node 1830 - n: 1830, ai: 1830
ready time: 0, valid: 1
child: 1831 
pool: 
to_do: 0
pri: 2

Node 1831 - n: 1831, ai: 1831
ready time: 0, valid: 0
child: 1832 
pool: <1830,980,1831,0> 
to_do: 1
pri: 1

Node 1832 - n: 1832, ai: 1832
ready time: 0, valid: 0
child: 
pool: <1831,1022,1832,0> 
to_do: 1
pri: 0

Node 1833 - n: 1833, ai: 1833
ready time: 0, valid: 1
child: 
pool: 
to_do: 0
pri: 0

Node 1834 - n: 1834, ai: 1834
ready time: 0, valid: 1
child: 
pool: 
to_do: 0
pri: 0

Node 1835 - n: 1835, ai: 1835
ready time: 0, valid: 1
child: 1836 
pool: 
to_do: 0
pri: 4

Node 1836 - n: 1836, ai: 1836
ready time: 0, valid: 0
child: 1888 
pool: <-1,1835,1836,1> 
to_do: 1
pri: 3

Node 1837 - n: 1837, ai: 1837
ready time: 0, valid: 1
child: 1838 
pool: 
to_do: 0
pri: 29

Node 1838 - n: 1838, ai: 1838
ready time: 0, valid: 0
child: 1842 
pool: <-1,1837,1838,1> 
to_do: 1
pri: 28

Node 1839 - n: 1839, ai: 1839
ready time: 0, valid: 1
child: 1840 
pool: 
to_do: 0
pri: 27

Node 1840 - n: 1840, ai: 1840
ready time: 0, valid: 0
child: 1847 
pool: <-1,1839,1840,1> 
to_do: 1
pri: 26

Node 1841 - n: 1841, ai: 1841
ready time: 0, valid: 1
child: 1842 
pool: 
to_do: 0
pri: 28

Node 1842 - n: 1842, ai: 1842
ready time: 0, valid: 0
child: 1843 1844 
pool: <1841,1838,1842,0> 
to_do: 1
pri: 27

Node 1843 - n: 1843, ai: 1843
ready time: 0, valid: 0
child: 1847 1922 
pool: <-1,1842,1843,1> 
to_do: 1
pri: 26

Node 1844 - n: 1844, ai: 1844
ready time: 0, valid: 0
child: 1849 1929 
pool: <-1,1842,1844,1> 
to_do: 1
pri: 21

Node 1845 - n: 1845, ai: 1845
ready time: 0, valid: 1
child: 1847 
pool: 
to_do: 0
pri: 26

Node 1846 - n: 1846, ai: 1846
ready time: 0, valid: 1
child: 1847 1849 
pool: 
to_do: 0
pri: 26

Node 1847 - n: 1847, ai: 1847
ready time: 0, valid: 0
child: 1848 1849 
pool: <1845,1840,1847,0> <1846,1843,1847,0> 
to_do: 2
pri: 25

Node 1848 - n: 1848, ai: 1848
ready time: 0, valid: 0
child: 1851 1923 
pool: <-1,1847,1848,1> 
to_do: 1
pri: 24

Node 1849 - n: 1849, ai: 1849
ready time: 0, valid: 0
child: 1853 1929 
pool: <1846,1844,1849,0> <-1,1847,1849,1> 
to_do: 2
pri: 20

Node 1850 - n: 1850, ai: 1850
ready time: 0, valid: 1
child: 1851 1853 
pool: 
to_do: 0
pri: 24

Node 1851 - n: 1851, ai: 1851
ready time: 0, valid: 0
child: 1852 1853 
pool: <1850,1848,1851,0> 
to_do: 1
pri: 23

Node 1852 - n: 1852, ai: 1852
ready time: 0, valid: 0
child: 1855 1924 
pool: <-1,1851,1852,1> 
to_do: 1
pri: 22

Node 1853 - n: 1853, ai: 1853
ready time: 0, valid: 0
child: 1857 1929 
pool: <1850,1849,1853,0> <-1,1851,1853,1> 
to_do: 2
pri: 19

Node 1854 - n: 1854, ai: 1854
ready time: 0, valid: 1
child: 1855 1857 
pool: 
to_do: 0
pri: 22

Node 1855 - n: 1855, ai: 1855
ready time: 0, valid: 0
child: 1856 1857 
pool: <1854,1852,1855,0> 
to_do: 1
pri: 21

Node 1856 - n: 1856, ai: 1856
ready time: 0, valid: 0
child: 1872 1925 
pool: <-1,1855,1856,1> 
to_do: 1
pri: 20

Node 1857 - n: 1857, ai: 1857
ready time: 0, valid: 0
child: 1875 1929 
pool: <1854,1853,1857,0> <-1,1855,1857,1> 
to_do: 2
pri: 18

Node 1858 - n: 1858, ai: 1858
ready time: 0, valid: 1
child: 1859 1860 
pool: 
to_do: 0
pri: 20

Node 1859 - n: 1859, ai: 1859
ready time: 0, valid: 0
child: 1873 1926 
pool: <-1,1858,1859,1> 
to_do: 1
pri: 19

Node 1860 - n: 1860, ai: 1860
ready time: 0, valid: 0
child: 1874 1927 
pool: <-1,1858,1860,1> 
to_do: 1
pri: 3

Node 1861 - n: 1861, ai: 1861
ready time: 0, valid: 1
child: 1862 
pool: 
to_do: 0
pri: 3

Node 1862 - n: 1862, ai: 1862
ready time: 0, valid: 0
child: 1867 
pool: <-1,1861,1862,1> 
to_do: 1
pri: 2

Node 1863 - n: 1863, ai: 1863
ready time: 0, valid: 1
child: 1864 
pool: 
to_do: 0
pri: 3

Node 1864 - n: 1864, ai: 1864
ready time: 0, valid: 0
child: 1870 1884 
pool: <-1,1863,1864,1> 
to_do: 1
pri: 2

Node 1865 - n: 1865, ai: 1865
ready time: 0, valid: 1
child: 1867 
pool: 
to_do: 0
pri: 2

Node 1866 - n: 1866, ai: 1866
ready time: 0, valid: 1
child: 1870 
pool: 
to_do: 0
pri: 1

Node 1867 - n: 1867, ai: 1867
ready time: 0, valid: 0
child: 1868 1869 1870 
pool: <1865,1862,1867,0> 
to_do: 1
pri: 1

Node 1868 - n: 1868, ai: 1868
ready time: 0, valid: 0
child: 
pool: <-1,1867,1868,1> 
to_do: 1
pri: 0

Node 1869 - n: 1869, ai: 1869
ready time: 0, valid: 0
child: 
pool: <-1,1867,1869,1> 
to_do: 1
pri: 0

Node 1870 - n: 1870, ai: 1870
ready time: 0, valid: 0
child: 
pool: <1866,1864,1870,0> <-1,1867,1870,1> 
to_do: 2
pri: 0

Node 1871 - n: 1871, ai: 1871
ready time: 0, valid: 1
child: 1872 1875 
pool: 
to_do: 0
pri: 20

Node 1872 - n: 1872, ai: 1872
ready time: 0, valid: 0
child: 1873 1874 
pool: <1871,1856,1872,0> 
to_do: 1
pri: 19

Node 1873 - n: 1873, ai: 1873
ready time: 0, valid: 0
child: 1874 1875 
pool: <1872,1859,1873,0> 
to_do: 1
pri: 18

Node 1874 - n: 1874, ai: 1874
ready time: 0, valid: 0
child: 1927 
pool: <1872,1860,1874,0> <-1,1873,1874,1> 
to_do: 2
pri: 2

Node 1875 - n: 1875, ai: 1875
ready time: 0, valid: 0
child: 1929 
pool: <1871,1857,1875,0> <-1,1873,1875,1> 
to_do: 2
pri: 17

Node 1876 - n: 1876, ai: 1876
ready time: 0, valid: 1
child: 
pool: 
to_do: 0
pri: 0

Node 1877 - n: 1877, ai: 1877
ready time: 0, valid: 1
child: 1878 
pool: 
to_do: 0
pri: 3

Node 1878 - n: 1878, ai: 1878
ready time: 0, valid: 0
child: 1890 1928 
pool: <-1,1877,1878,1> 
to_do: 1
pri: 2

Node 1879 - n: 1879, ai: 1879
ready time: 0, valid: 1
child: 1880 1881 
pool: 
to_do: 0
pri: 3

Node 1880 - n: 1880, ai: 1880
ready time: 0, valid: 0
child: 1881 1885 
pool: <1879,962,1880,0> 
to_do: 1
pri: 2

Node 1881 - n: 1881, ai: 1881
ready time: 0, valid: 0
child: 1882 1885 
pool: <1879,963,1881,0> <1880,966,1881,0> 
to_do: 2
pri: 1

Node 1882 - n: 1882, ai: 1882
ready time: 0, valid: 0
child: 
pool: <1881,976,1882,0> 
to_do: 1
pri: 0

Node 1883 - n: 1883, ai: 1883
ready time: 0, valid: 1
child: 1884 
pool: 
to_do: 0
pri: 2

Node 1884 - n: 1884, ai: 1884
ready time: 0, valid: 0
child: 1885 1886 
pool: <1883,1864,1884,0> 
to_do: 1
pri: 1

Node 1885 - n: 1885, ai: 1885
ready time: 0, valid: 0
child: 
pool: <1880,967,1885,0> <1881,977,1885,0> <-1,1884,1885,1> 
to_do: 3
pri: 0

Node 1886 - n: 1886, ai: 1886
ready time: 0, valid: 0
child: 
pool: <-1,1884,1886,1> 
to_do: 1
pri: 0

Node 1887 - n: 1887, ai: 1887
ready time: 0, valid: 1
child: 1888 
pool: 
to_do: 0
pri: 3

Node 1888 - n: 1888, ai: 1888
ready time: 0, valid: 0
child: 1890 
pool: <1887,1836,1888,0> 
to_do: 1
pri: 2

Node 1889 - n: 1889, ai: 1889
ready time: 0, valid: 1
child: 1890 
pool: 
to_do: 0
pri: 2

Node 1890 - n: 1890, ai: 1890
ready time: 0, valid: 0
child: 1905 
pool: <1888,1878,1890,0> <-1,1889,1890,1> 
to_do: 2
pri: 1

Node 1891 - n: 1891, ai: 1891
ready time: 0, valid: 1
child: 
pool: 
to_do: 0
pri: 0

Node 1892 - n: 1892, ai: 1892
ready time: 0, valid: 1
child: 1893 1906 
pool: 
to_do: 0
pri: 23

Node 1893 - n: 1893, ai: 1893
ready time: 0, valid: 0
child: 1894 1906 
pool: <1892,760,1893,0> 
to_do: 1
pri: 22

Node 1894 - n: 1894, ai: 1894
ready time: 0, valid: 0
child: 1895 1897 1906 
pool: <1893,778,1894,0> 
to_do: 1
pri: 21

Node 1895 - n: 1895, ai: 1895
ready time: 0, valid: 0
child: 1896 1909 
pool: <1894,829,1895,0> 
to_do: 1
pri: 20

Node 1896 - n: 1896, ai: 1896
ready time: 0, valid: 0
child: 1897 1898 1906 1909 
pool: <1895,834,1896,0> 
to_do: 1
pri: 19

Node 1897 - n: 1897, ai: 1897
ready time: 0, valid: 0
child: 1898 1906 1908 1909 
pool: <1894,830,1897,0> <1896,842,1897,0> 
to_do: 2
pri: 18

Node 1898 - n: 1898, ai: 1898
ready time: 0, valid: 0
child: 1906 1907 1908 1909 
pool: <1896,843,1898,0> <1897,859,1898,0> 
to_do: 2
pri: 17

Node 1899 - n: 1899, ai: 1899
ready time: 0, valid: 1
child: 1900 
pool: 
to_do: 0
pri: 20

Node 1900 - n: 1900, ai: 1900
ready time: 0, valid: 0
child: 1901 
pool: <1899,895,1900,0> 
to_do: 1
pri: 19

Node 1901 - n: 1901, ai: 1901
ready time: 0, valid: 0
child: 1902 1903 
pool: <1900,897,1901,0> 
to_do: 1
pri: 18

Node 1902 - n: 1902, ai: 1902
ready time: 0, valid: 0
child: 1905 1906 
pool: <1901,899,1902,0> 
to_do: 1
pri: 17

Node 1903 - n: 1903, ai: 1903
ready time: 0, valid: 0
child: 1905 1906 1907 
pool: <1901,900,1903,0> 
to_do: 1
pri: 17

Node 1904 - n: 1904, ai: 1904
ready time: 0, valid: 1
child: 1905 
pool: 
to_do: 0
pri: 1

Node 1905 - n: 1905, ai: 1905
ready time: 0, valid: 0
child: 
pool: <1902,909,1905,0> <1903,914,1905,0> <1904,1890,1905,0> 
to_do: 3
pri: 0

Node 1906 - n: 1906, ai: 1906
ready time: 0, valid: 0
child: 1907 1908 1909 
pool: <1892,761,1906,0> <1893,779,1906,0> <1894,831,1906,0> <1896,844,1906,0> <1897,860,1906,0> <1898,870,1906,0> <1902,910,1906,0> <1903,915,1906,0> 
to_do: 8
pri: 16

Node 1907 - n: 1907, ai: 1907
ready time: 0, valid: 0
child: 1968 1984 1996 
pool: <1898,871,1907,0> <1903,916,1907,0> <-1,1906,1907,1> 
to_do: 3
pri: 15

Node 1908 - n: 1908, ai: 1908
ready time: 0, valid: 0
child: 1969 1985 1997 
pool: <1897,861,1908,0> <1898,872,1908,0> <-1,1906,1908,1> 
to_do: 3
pri: 14

Node 1909 - n: 1909, ai: 1909
ready time: 0, valid: 0
child: 1970 1986 1998 
pool: <1895,835,1909,0> <1896,845,1909,0> <1897,862,1909,0> <1898,873,1909,0> <-1,1906,1909,1> 
to_do: 5
pri: 13

Node 1910 - n: 1910, ai: 1910
ready time: 0, valid: 1
child: 1911 1916 1929 
pool: 
to_do: 0
pri: 23

Node 1911 - n: 1911, ai: 1911
ready time: 0, valid: 0
child: 1916 1918 1920 1929 
pool: <1910,567,1911,0> 
to_do: 1
pri: 22

Node 1912 - n: 1912, ai: 1912
ready time: 0, valid: 1
child: 1914 1929 
pool: 
to_do: 0
pri: 24

Node 1913 - n: 1913, ai: 1913
ready time: 0, valid: 1
child: 1914 1929 
pool: 
to_do: 0
pri: 24

Node 1914 - n: 1914, ai: 1914
ready time: 0, valid: 0
child: 1915 1929 1930 
pool: <1912,591,1914,0> <1913,594,1914,0> 
to_do: 2
pri: 23

Node 1915 - n: 1915, ai: 1915
ready time: 0, valid: 0
child: 1916 1917 1929 1930 
pool: <1914,602,1915,0> 
to_do: 1
pri: 22

Node 1916 - n: 1916, ai: 1916
ready time: 0, valid: 0
child: 1917 1918 1920 1929 1930 
pool: <1910,568,1916,0> <1911,577,1916,0> <1915,622,1916,0> 
to_do: 3
pri: 21

Node 1917 - n: 1917, ai: 1917
ready time: 0, valid: 0
child: 1918 1920 1929 1930 
pool: <1915,623,1917,0> <1916,636,1917,0> 
to_do: 2
pri: 20

Node 1918 - n: 1918, ai: 1918
ready time: 0, valid: 0
child: 1919 1920 1929 1930 
pool: <1911,578,1918,0> <1916,637,1918,0> <1917,650,1918,0> 
to_do: 3
pri: 19

Node 1919 - n: 1919, ai: 1919
ready time: 0, valid: 0
child: 1920 1929 1930 1931 
pool: <1918,670,1919,0> 
to_do: 1
pri: 18

Node 1920 - n: 1920, ai: 1920
ready time: 0, valid: 0
child: 1929 1930 1931 
pool: <1911,579,1920,0> <1916,638,1920,0> <1917,651,1920,0> <1918,671,1920,0> <1919,684,1920,0> 
to_do: 5
pri: 17

Node 1921 - n: 1921, ai: 1921
ready time: 0, valid: 1
child: 1922 1929 
pool: 
to_do: 0
pri: 22

Node 1922 - n: 1922, ai: 1922
ready time: 0, valid: 0
child: 1923 1929 
pool: <1921,1843,1922,0> 
to_do: 1
pri: 21

Node 1923 - n: 1923, ai: 1923
ready time: 0, valid: 0
child: 1924 1929 
pool: <1922,1848,1923,0> 
to_do: 1
pri: 20

Node 1924 - n: 1924, ai: 1924
ready time: 0, valid: 0
child: 1925 1929 
pool: <1923,1852,1924,0> 
to_do: 1
pri: 19

Node 1925 - n: 1925, ai: 1925
ready time: 0, valid: 0
child: 1926 1927 
pool: <1924,1856,1925,0> 
to_do: 1
pri: 18

Node 1926 - n: 1926, ai: 1926
ready time: 0, valid: 0
child: 1927 1929 
pool: <1925,1859,1926,0> 
to_do: 1
pri: 17

Node 1927 - n: 1927, ai: 1927
ready time: 0, valid: 0
child: 1928 
pool: <1925,1860,1927,0> <1926,1874,1927,0> 
to_do: 2
pri: 1

Node 1928 - n: 1928, ai: 1928
ready time: 0, valid: 0
child: 
pool: <1927,1878,1928,0> 
to_do: 1
pri: 0

Node 1929 - n: 1929, ai: 1929
ready time: 0, valid: 0
child: 1930 1931 
pool: <1910,569,1929,0> <1911,580,1929,0> <1912,592,1929,0> <1913,595,1929,0> <1914,603,1929,0> <1915,624,1929,0> <1916,639,1929,0> <1917,652,1929,0> <1918,672,1929,0> <1919,685,1929,0> <1920,707,1929,0> <1921,1844,1929,0> <1922,1849,1929,0> <1923,1853,1929,0> <1924,1857,1929,0> <1926,1875,1929,0> 
to_do: 16
pri: 16

Node 1930 - n: 1930, ai: 1930
ready time: 0, valid: 0
child: 1968 1984 
pool: <1914,604,1930,0> <1915,625,1930,0> <1916,640,1930,0> <1917,653,1930,0> <1918,673,1930,0> <1919,686,1930,0> <1920,708,1930,0> <-1,1929,1930,1> 
to_do: 8
pri: 15

Node 1931 - n: 1931, ai: 1931
ready time: 0, valid: 0
child: 1969 1985 
pool: <1919,687,1931,0> <1920,709,1931,0> <-1,1929,1931,1> 
to_do: 3
pri: 14

Node 1932 - n: 1932, ai: 1932
ready time: 0, valid: 1
child: 1933 1968 
pool: 
to_do: 0
pri: 22

Node 1933 - n: 1933, ai: 1933
ready time: 0, valid: 0
child: 1934 1935 1968 
pool: <1932,346,1933,0> 
to_do: 1
pri: 21

Node 1934 - n: 1934, ai: 1934
ready time: 0, valid: 0
child: 1935 1957 1968 
pool: <1933,350,1934,0> 
to_do: 1
pri: 20

Node 1935 - n: 1935, ai: 1935
ready time: 0, valid: 0
child: 1936 1957 1968 
pool: <1933,351,1935,0> <1934,355,1935,0> 
to_do: 2
pri: 19

Node 1936 - n: 1936, ai: 1936
ready time: 0, valid: 0
child: 1957 1968 1969 
pool: <1935,361,1936,0> 
to_do: 1
pri: 18

Node 1937 - n: 1937, ai: 1937
ready time: 0, valid: 1
child: 1938 1939 1968 
pool: 
to_do: 0
pri: 24

Node 1938 - n: 1938, ai: 1938
ready time: 0, valid: 0
child: 1939 1940 1968 
pool: <1937,404,1938,0> 
to_do: 1
pri: 23

Node 1939 - n: 1939, ai: 1939
ready time: 0, valid: 0
child: 1940 1968 
pool: <1937,405,1939,0> <1938,409,1939,0> 
to_do: 2
pri: 22

Node 1940 - n: 1940, ai: 1940
ready time: 0, valid: 0
child: 1942 1956 1968 
pool: <1938,410,1940,0> <1939,415,1940,0> 
to_do: 2
pri: 21

Node 1941 - n: 1941, ai: 1941
ready time: 0, valid: 1
child: 1942 1943 1968 
pool: 
to_do: 0
pri: 21

Node 1942 - n: 1942, ai: 1942
ready time: 0, valid: 0
child: 1943 1956 1968 
pool: <1940,421,1942,0> <1941,425,1942,0> 
to_do: 2
pri: 20

Node 1943 - n: 1943, ai: 1943
ready time: 0, valid: 0
child: 1956 1957 1968 
pool: <1941,426,1943,0> <1942,431,1943,0> 
to_do: 2
pri: 19

Node 1944 - n: 1944, ai: 1944
ready time: 0, valid: 1
child: 1945 1958 1968 
pool: 
to_do: 0
pri: 21

Node 1945 - n: 1945, ai: 1945
ready time: 0, valid: 0
child: 1955 1956 1958 1968 
pool: <1944,489,1945,0> 
to_do: 1
pri: 20

Node 1946 - n: 1946, ai: 1946
ready time: 0, valid: 1
child: 1950 1951 1968 
pool: 
to_do: 0
pri: 23

Node 1947 - n: 1947, ai: 1947
ready time: 0, valid: 1
child: 1948 1949 1968 
pool: 
to_do: 0
pri: 23

Node 1948 - n: 1948, ai: 1948
ready time: 0, valid: 0
child: 1949 1954 1968 
pool: <1947,518,1948,0> 
to_do: 1
pri: 22

Node 1949 - n: 1949, ai: 1949
ready time: 0, valid: 0
child: 1954 1968 
pool: <1947,519,1949,0> <1948,523,1949,0> 
to_do: 2
pri: 21

Node 1950 - n: 1950, ai: 1950
ready time: 0, valid: 0
child: 1951 1954 1968 
pool: <1946,514,1950,0> 
to_do: 1
pri: 22

Node 1951 - n: 1951, ai: 1951
ready time: 0, valid: 0
child: 1954 1956 1968 
pool: <1946,515,1951,0> <1950,533,1951,0> 
to_do: 2
pri: 21

Node 1952 - n: 1952, ai: 1952
ready time: 0, valid: 1
child: 1953 1967 1968 
pool: 
to_do: 0
pri: 22

Node 1953 - n: 1953, ai: 1953
ready time: 0, valid: 0
child: 1954 1955 1967 1968 
pool: <1952,602,1953,0> 
to_do: 1
pri: 21

Node 1954 - n: 1954, ai: 1954
ready time: 0, valid: 0
child: 1955 1956 1958 1967 1968 
pool: <1948,524,1954,0> <1949,529,1954,0> <1950,534,1954,0> <1951,539,1954,0> <1953,622,1954,0> 
to_do: 5
pri: 20

Node 1955 - n: 1955, ai: 1955
ready time: 0, valid: 0
child: 1956 1958 1967 1968 
pool: <1945,509,1955,0> <1953,623,1955,0> <1954,636,1955,0> 
to_do: 3
pri: 19

Node 1956 - n: 1956, ai: 1956
ready time: 0, valid: 0
child: 1957 1958 1967 1968 
pool: <1940,422,1956,0> <1942,432,1956,0> <1943,437,1956,0> <1945,510,1956,0> <1951,540,1956,0> <1954,637,1956,0> <1955,650,1956,0> 
to_do: 7
pri: 18

Node 1957 - n: 1957, ai: 1957
ready time: 0, valid: 0
child: 1958 1967 1968 1969 
pool: <1934,356,1957,0> <1935,362,1957,0> <1936,368,1957,0> <1943,438,1957,0> <1956,670,1957,0> 
to_do: 5
pri: 17

Node 1958 - n: 1958, ai: 1958
ready time: 0, valid: 0
child: 1967 1968 1969 
pool: <1944,490,1958,0> <1945,511,1958,0> <1954,638,1958,0> <1955,651,1958,0> <1956,671,1958,0> <1957,684,1958,0> 
to_do: 6
pri: 16

Node 1959 - n: 1959, ai: 1959
ready time: 0, valid: 1
child: 1966 1968 1969 1970 
pool: 
to_do: 0
pri: 16

Node 1960 - n: 1960, ai: 1960
ready time: 0, valid: 1
child: 1968 
pool: 
to_do: 0
pri: 15

Node 1961 - n: 1961, ai: 1961
ready time: 0, valid: 1
child: 1968 
pool: 
to_do: 0
pri: 15

Node 1962 - n: 1962, ai: 1962
ready time: 0, valid: 1
child: 1968 
pool: 
to_do: 0
pri: 15

Node 1963 - n: 1963, ai: 1963
ready time: 0, valid: 1
child: 1964 1968 
pool: 
to_do: 0
pri: 17

Node 1964 - n: 1964, ai: 1964
ready time: 0, valid: 0
child: 1965 1966 1968 
pool: <1963,892,1964,0> 
to_do: 1
pri: 16

Node 1965 - n: 1965, ai: 1965
ready time: 0, valid: 0
child: 
pool: <1964,914,1965,0> 
to_do: 1
pri: 0

Node 1966 - n: 1966, ai: 1966
ready time: 0, valid: 0
child: 1968 1969 1970 
pool: <1959,870,1966,0> <1964,915,1966,0> 
to_do: 2
pri: 15

Node 1967 - n: 1967, ai: 1967
ready time: 0, valid: 0
child: 1968 1969 
pool: <1952,603,1967,0> <1953,624,1967,0> <1954,639,1967,0> <1955,652,1967,0> <1956,672,1967,0> <1957,685,1967,0> <1958,707,1967,0> 
to_do: 7
pri: 15

Node 1968 - n: 1968, ai: 1968
ready time: 0, valid: 0
child: 1969 1970 
pool: <1932,347,1968,0> <1933,352,1968,0> <1934,357,1968,0> <1935,363,1968,0> <1936,369,1968,0> <1937,406,1968,0> <1938,411,1968,0> <1939,416,1968,0> <1940,423,1968,0> <1941,427,1968,0> <1942,433,1968,0> <1943,439,1968,0> <1944,491,1968,0> <1945,512,1968,0> <1946,516,1968,0> <1947,520,1968,0> <1948,525,1968,0> <1949,530,1968,0> <1950,535,1968,0> <1951,541,1968,0> <1952,604,1968,0> <1953,625,1968,0> <1954,640,1968,0> <1955,653,1968,0> <1956,673,1968,0> <1957,686,1968,0> <1958,708,1968,0> <1959,871,1968,0> <1960,884,1968,0> <1961,886,1968,0> <1962,889,1968,0> <1963,893,1968,0> <1964,916,1968,0> <1966,1907,1968,0> <1967,1930,1968,0> 
to_do: 35
pri: 14

Node 1969 - n: 1969, ai: 1969
ready time: 0, valid: 0
child: 1985 1997 
pool: <1936,370,1969,0> <1957,687,1969,0> <1958,709,1969,0> <1959,872,1969,0> <1966,1908,1969,0> <1967,1931,1969,0> <-1,1968,1969,1> 
to_do: 7
pri: 13

Node 1970 - n: 1970, ai: 1970
ready time: 0, valid: 0
child: 1986 1998 
pool: <1959,873,1970,0> <1966,1909,1970,0> <-1,1968,1970,1> 
to_do: 3
pri: 12

Node 1971 - n: 1971, ai: 1971
ready time: 0, valid: 1
child: 1972 1985 
pool: 
to_do: 0
pri: 18

Node 1972 - n: 1972, ai: 1972
ready time: 0, valid: 0
child: 1977 1978 1985 
pool: <1971,257,1972,0> 
to_do: 1
pri: 17

Node 1973 - n: 1973, ai: 1973
ready time: 0, valid: 1
child: 1974 1975 1985 
pool: 
to_do: 0
pri: 20

Node 1974 - n: 1974, ai: 1974
ready time: 0, valid: 0
child: 1975 1976 1985 
pool: <1973,331,1974,0> 
to_do: 1
pri: 19

Node 1975 - n: 1975, ai: 1975
ready time: 0, valid: 0
child: 1976 1977 1985 
pool: <1973,332,1975,0> <1974,336,1975,0> 
to_do: 2
pri: 18

Node 1976 - n: 1976, ai: 1976
ready time: 0, valid: 0
child: 1977 1984 1985 
pool: <1974,337,1976,0> <1975,342,1976,0> 
to_do: 2
pri: 17

Node 1977 - n: 1977, ai: 1977
ready time: 0, valid: 0
child: 1978 1983 1984 1985 
pool: <1972,327,1977,0> <1975,343,1977,0> <1976,368,1977,0> 
to_do: 3
pri: 16

Node 1978 - n: 1978, ai: 1978
ready time: 0, valid: 0
child: 1983 1984 1985 
pool: <1972,328,1978,0> <1977,684,1978,0> 
to_do: 2
pri: 15

Node 1979 - n: 1979, ai: 1979
ready time: 0, valid: 1
child: 1980 1981 1985 
pool: 
to_do: 0
pri: 17

Node 1980 - n: 1980, ai: 1980
ready time: 0, valid: 0
child: 1981 1982 1985 1986 
pool: <1979,741,1980,0> 
to_do: 1
pri: 16

Node 1981 - n: 1981, ai: 1981
ready time: 0, valid: 0
child: 1982 1984 1985 1986 
pool: <1979,742,1981,0> <1980,859,1981,0> 
to_do: 2
pri: 15

Node 1982 - n: 1982, ai: 1982
ready time: 0, valid: 0
child: 1984 1985 1986 
pool: <1980,860,1982,0> <1981,870,1982,0> 
to_do: 2
pri: 14

Node 1983 - n: 1983, ai: 1983
ready time: 0, valid: 0
child: 1984 1985 
pool: <1977,685,1983,0> <1978,707,1983,0> 
to_do: 2
pri: 14

Node 1984 - n: 1984, ai: 1984
ready time: 0, valid: 0
child: 1985 1986 
pool: <1976,369,1984,0> <1977,686,1984,0> <1978,708,1984,0> <1981,871,1984,0> <1982,1907,1984,0> <1983,1930,1984,0> 
to_do: 6
pri: 13

Node 1985 - n: 1985, ai: 1985
ready time: 0, valid: 0
child: 1986 
pool: <1971,258,1985,0> <1972,329,1985,0> <1973,333,1985,0> <1974,338,1985,0> <1975,344,1985,0> <1976,370,1985,0> <1977,687,1985,0> <1978,709,1985,0> <1979,743,1985,0> <1980,861,1985,0> <1981,872,1985,0> <1982,1908,1985,0> <1983,1931,1985,0> <1984,1969,1985,0> 
to_do: 14
pri: 12

Node 1986 - n: 1986, ai: 1986
ready time: 0, valid: 0
child: 1998 
pool: <1980,862,1986,0> <1981,873,1986,0> <1982,1909,1986,0> <1984,1970,1986,0> <-1,1985,1986,1> 
to_do: 5
pri: 11

Node 1987 - n: 1987, ai: 1987
ready time: 0, valid: 1
child: 1998 2000 
pool: 
to_do: 0
pri: 11

Node 1988 - n: 1988, ai: 1988
ready time: 0, valid: 1
child: 1989 1990 
pool: 
to_do: 0
pri: 12

Node 1989 - n: 1989, ai: 1989
ready time: 0, valid: 0
child: 1998 
pool: <1988,207,1989,0> 
to_do: 1
pri: 11

Node 1990 - n: 1990, ai: 1990
ready time: 0, valid: 0
child: 1999 2000 
pool: <1988,208,1990,0> 
to_do: 1
pri: 10

Node 1991 - n: 1991, ai: 1991
ready time: 0, valid: 1
child: 1992 1998 
pool: 
to_do: 0
pri: 17

Node 1992 - n: 1992, ai: 1992
ready time: 0, valid: 0
child: 1993 1994 1995 1998 
pool: <1991,745,1992,0> 
to_do: 1
pri: 16

Node 1993 - n: 1993, ai: 1993
ready time: 0, valid: 0
child: 1994 1995 1997 1998 
pool: <1992,842,1993,0> 
to_do: 1
pri: 15

Node 1994 - n: 1994, ai: 1994
ready time: 0, valid: 0
child: 1995 1996 1997 1998 
pool: <1992,843,1994,0> <1993,859,1994,0> 
to_do: 2
pri: 14

Node 1995 - n: 1995, ai: 1995
ready time: 0, valid: 0
child: 1996 1997 1998 
pool: <1992,844,1995,0> <1993,860,1995,0> <1994,870,1995,0> 
to_do: 3
pri: 13

Node 1996 - n: 1996, ai: 1996
ready time: 0, valid: 0
child: 1997 1998 
pool: <1994,871,1996,0> <1995,1907,1996,0> 
to_do: 2
pri: 12

Node 1997 - n: 1997, ai: 1997
ready time: 0, valid: 0
child: 1998 
pool: <1993,861,1997,0> <1994,872,1997,0> <1995,1908,1997,0> <1996,1969,1997,0> 
to_do: 4
pri: 11

Node 1998 - n: 1998, ai: 1998
ready time: 0, valid: 0
child: 1999 2000 
pool: <1987,200,1998,0> <1989,210,1998,0> <1991,746,1998,0> <1992,845,1998,0> <1993,862,1998,0> <1994,873,1998,0> <1995,1909,1998,0> <1996,1970,1998,0> <1997,1986,1998,0> 
to_do: 9
pri: 10

Node 1999 - n: 1999, ai: 1999
ready time: 0, valid: 0
child: 2057 
pool: <1990,218,1999,0> <-1,1998,1999,1> 
to_do: 2
pri: 1

Node 2000 - n: 2000, ai: 2000
ready time: 0, valid: 0
child: 2058 
pool: <1987,201,2000,0> <1990,219,2000,0> <-1,1998,2000,1> 
to_do: 3
pri: 9

Node 2001 - n: 2001, ai: 2001
ready time: 0, valid: 1
child: 2002 
pool: 
to_do: 0
pri: 8

Node 2002 - n: 2002, ai: 2002
ready time: 0, valid: 0
child: 2004 
pool: <-1,2001,2002,1> 
to_do: 1
pri: 7

Node 2003 - n: 2003, ai: 2003
ready time: 0, valid: 1
child: 2004 
pool: 
to_do: 0
pri: 7

Node 2004 - n: 2004, ai: 2004
ready time: 0, valid: 0
child: 2005 2006 
pool: <2003,2002,2004,0> 
to_do: 1
pri: 6

Node 2005 - n: 2005, ai: 2005
ready time: 0, valid: 0
child: 2034 2090 
pool: <-1,2004,2005,1> 
to_do: 1
pri: 5

Node 2006 - n: 2006, ai: 2006
ready time: 0, valid: 0
child: 2036 2094 
pool: <-1,2004,2006,1> 
to_do: 1
pri: 4

Node 2007 - n: 2007, ai: 2007
ready time: 0, valid: 1
child: 2008 2009 
pool: 
to_do: 0
pri: 8

Node 2008 - n: 2008, ai: 2008
ready time: 0, valid: 0
child: 2028 
pool: <-1,2007,2008,1> 
to_do: 1
pri: 3

Node 2009 - n: 2009, ai: 2009
ready time: 0, valid: 0
child: 2029 
pool: <-1,2007,2009,1> 
to_do: 1
pri: 7

Node 2010 - n: 2010, ai: 2010
ready time: 0, valid: 1
child: 2011 2012 
pool: 
to_do: 0
pri: 6

Node 2011 - n: 2011, ai: 2011
ready time: 0, valid: 0
child: 2034 2105 
pool: <-1,2010,2011,1> 
to_do: 1
pri: 5

Node 2012 - n: 2012, ai: 2012
ready time: 0, valid: 0
child: 2037 2112 
pool: <-1,2010,2012,1> 
to_do: 1
pri: 3

Node 2013 - n: 2013, ai: 2013
ready time: 0, valid: 1
child: 2014 
pool: 
to_do: 0
pri: 8

Node 2014 - n: 2014, ai: 2014
ready time: 0, valid: 0
child: 2103 
pool: <-1,2013,2014,1> 
to_do: 1
pri: 7

Node 2015 - n: 2015, ai: 2015
ready time: 0, valid: 1
child: 2016 
pool: 
to_do: 0
pri: 5

Node 2016 - n: 2016, ai: 2016
ready time: 0, valid: 0
child: 2019 2033 
pool: <-1,2015,2016,1> 
to_do: 1
pri: 4

Node 2017 - n: 2017, ai: 2017
ready time: 0, valid: 1
child: 2019 
pool: 
to_do: 0
pri: 4

Node 2018 - n: 2018, ai: 2018
ready time: 0, valid: 1
child: 2019 2020 
pool: 
to_do: 0
pri: 5

Node 2019 - n: 2019, ai: 2019
ready time: 0, valid: 0
child: 2023 
pool: <2017,2016,2019,0> <-1,2018,2019,1> 
to_do: 2
pri: 3

Node 2020 - n: 2020, ai: 2020
ready time: 0, valid: 0
child: 2024 
pool: <-1,2018,2020,1> 
to_do: 1
pri: 4

Node 2021 - n: 2021, ai: 2021
ready time: 0, valid: 1
child: 2023 2024 
pool: 
to_do: 0
pri: 4

Node 2022 - n: 2022, ai: 2022
ready time: 0, valid: 1
child: 2023 2024 2025 
pool: 
to_do: 0
pri: 7

Node 2023 - n: 2023, ai: 2023
ready time: 0, valid: 0
child: 2104 
pool: <2021,2019,2023,0> <-1,2022,2023,1> 
to_do: 2
pri: 2

Node 2024 - n: 2024, ai: 2024
ready time: 0, valid: 0
child: 2105 
pool: <2021,2020,2024,0> <-1,2022,2024,1> 
to_do: 2
pri: 3

Node 2025 - n: 2025, ai: 2025
ready time: 0, valid: 0
child: 2106 
pool: <-1,2022,2025,1> 
to_do: 1
pri: 6

Node 2026 - n: 2026, ai: 2026
ready time: 0, valid: 1
child: 2028 2029 
pool: 
to_do: 0
pri: 7

Node 2027 - n: 2027, ai: 2027
ready time: 0, valid: 1
child: 2028 2029 
pool: 
to_do: 0
pri: 7

Node 2028 - n: 2028, ai: 2028
ready time: 0, valid: 0
child: 2035 2041 2107 
pool: <2026,2008,2028,0> <-1,2027,2028,1> 
to_do: 2
pri: 2

Node 2029 - n: 2029, ai: 2029
ready time: 0, valid: 0
child: 2037 2043 2112 
pool: <2026,2009,2029,0> <-1,2027,2029,1> 
to_do: 2
pri: 6

Node 2030 - n: 2030, ai: 2030
ready time: 0, valid: 1
child: 2034 2036 
pool: 
to_do: 0
pri: 5

Node 2031 - n: 2031, ai: 2031
ready time: 0, valid: 1
child: 2034 2037 
pool: 
to_do: 0
pri: 5

Node 2032 - n: 2032, ai: 2032
ready time: 0, valid: 1
child: 2033 
pool: 
to_do: 0
pri: 4

Node 2033 - n: 2033, ai: 2033
ready time: 0, valid: 0
child: 2035 2037 
pool: <2032,2016,2033,0> 
to_do: 1
pri: 3

Node 2034 - n: 2034, ai: 2034
ready time: 0, valid: 0
child: 2035 2036 2037 
pool: <2030,2005,2034,0> <2031,2011,2034,0> 
to_do: 2
pri: 4

Node 2035 - n: 2035, ai: 2035
ready time: 0, valid: 0
child: 2091 2107 
pool: <2033,2028,2035,0> <-1,2034,2035,1> 
to_do: 2
pri: 1

Node 2036 - n: 2036, ai: 2036
ready time: 0, valid: 0
child: 2094 2111 
pool: <2030,2006,2036,0> <-1,2034,2036,1> 
to_do: 2
pri: 3

Node 2037 - n: 2037, ai: 2037
ready time: 0, valid: 0
child: 2095 2112 
pool: <2031,2012,2037,0> <2033,2029,2037,0> <-1,2034,2037,1> 
to_do: 3
pri: 2

Node 2038 - n: 2038, ai: 2038
ready time: 0, valid: 1
child: 2041 2042 
pool: 
to_do: 0
pri: 10

Node 2039 - n: 2039, ai: 2039
ready time: 0, valid: 1
child: 2041 2043 
pool: 
to_do: 0
pri: 6

Node 2040 - n: 2040, ai: 2040
ready time: 0, valid: 1
child: 2041 2042 2043 
pool: 
to_do: 0
pri: 10

Node 2041 - n: 2041, ai: 2041
ready time: 0, valid: 0
child: 2057 2107 
pool: <2038,218,2041,0> <2039,2028,2041,0> <-1,2040,2041,1> 
to_do: 3
pri: 1

Node 2042 - n: 2042, ai: 2042
ready time: 0, valid: 0
child: 2058 2108 
pool: <2038,219,2042,0> <-1,2040,2042,1> 
to_do: 2
pri: 9

Node 2043 - n: 2043, ai: 2043
ready time: 0, valid: 0
child: 2060 2112 
pool: <2039,2029,2043,0> <-1,2040,2043,1> 
to_do: 2
pri: 5

Node 2044 - n: 2044, ai: 2044
ready time: 0, valid: 1
child: 
pool: 
to_do: 0
pri: 0

Node 2045 - n: 2045, ai: 2045
ready time: 0, valid: 1
child: 2058 2059 
pool: 
to_do: 0
pri: 9

Node 2046 - n: 2046, ai: 2046
ready time: 0, valid: 1
child: 2047 
pool: 
to_do: 0
pri: 11

Node 2047 - n: 2047, ai: 2047
ready time: 0, valid: 0
child: 2048 2049 2059 
pool: <2046,114,2047,0> 
to_do: 1
pri: 10

Node 2048 - n: 2048, ai: 2048
ready time: 0, valid: 0
child: 2057 2058 
pool: <2047,123,2048,0> 
to_do: 1
pri: 9

Node 2049 - n: 2049, ai: 2049
ready time: 0, valid: 0
child: 2057 2058 2060 
pool: <2047,124,2049,0> 
to_do: 1
pri: 9

Node 2050 - n: 2050, ai: 2050
ready time: 0, valid: 1
child: 2055 2058 
pool: 
to_do: 0
pri: 10

Node 2051 - n: 2051, ai: 2051
ready time: 0, valid: 1
child: 2058 
pool: 
to_do: 0
pri: 9

Node 2052 - n: 2052, ai: 2052
ready time: 0, valid: 1
child: 2053 
pool: 
to_do: 0
pri: 11

Node 2053 - n: 2053, ai: 2053
ready time: 0, valid: 0
child: 2054 2055 2056 
pool: <2052,205,2053,0> 
to_do: 1
pri: 10

Node 2054 - n: 2054, ai: 2054
ready time: 0, valid: 0
child: 2057 2058 
pool: <2053,213,2054,0> 
to_do: 1
pri: 9

Node 2055 - n: 2055, ai: 2055
ready time: 0, valid: 0
child: 2057 2058 
pool: <2050,200,2055,0> <2053,214,2055,0> 
to_do: 2
pri: 9

Node 2056 - n: 2056, ai: 2056
ready time: 0, valid: 0
child: 2057 2058 2060 
pool: <2053,215,2056,0> 
to_do: 1
pri: 9

Node 2057 - n: 2057, ai: 2057
ready time: 0, valid: 0
child: 
pool: <2048,128,2057,0> <2049,156,2057,0> <2054,218,2057,0> <2055,1999,2057,0> <2056,2041,2057,0> 
to_do: 5
pri: 0

Node 2058 - n: 2058, ai: 2058
ready time: 0, valid: 0
child: 2059 2060 
pool: <2045,109,2058,0> <2048,129,2058,0> <2049,157,2058,0> <2050,201,2058,0> <2051,203,2058,0> <2054,219,2058,0> <2055,2000,2058,0> <2056,2042,2058,0> 
to_do: 8
pri: 8

Node 2059 - n: 2059, ai: 2059
ready time: 0, valid: 0
child: 2071 2109 
pool: <2045,110,2059,0> <2047,125,2059,0> <-1,2058,2059,1> 
to_do: 3
pri: 7

Node 2060 - n: 2060, ai: 2060
ready time: 0, valid: 0
child: 2074 2112 
pool: <2049,158,2060,0> <2056,2043,2060,0> <-1,2058,2060,1> 
to_do: 3
pri: 4

Node 2061 - n: 2061, ai: 2061
ready time: 0, valid: 1
child: 2070 2071 
pool: 
to_do: 0
pri: 8

Node 2062 - n: 2062, ai: 2062
ready time: 0, valid: 1
child: 2063 2064 
pool: 
to_do: 0
pri: 9

Node 2063 - n: 2063, ai: 2063
ready time: 0, valid: 0
child: 2071 
pool: <2062,116,2063,0> 
to_do: 1
pri: 7

Node 2064 - n: 2064, ai: 2064
ready time: 0, valid: 0
child: 2069 2070 
pool: <2062,117,2064,0> 
to_do: 1
pri: 8

Node 2065 - n: 2065, ai: 2065
ready time: 0, valid: 1
child: 2066 2071 
pool: 
to_do: 0
pri: 10

Node 2066 - n: 2066, ai: 2066
ready time: 0, valid: 0
child: 2067 2068 2071 
pool: <2065,176,2066,0> 
to_do: 1
pri: 9

Node 2067 - n: 2067, ai: 2067
ready time: 0, valid: 0
child: 2068 2071 2072 
pool: <2066,180,2067,0> 
to_do: 1
pri: 8

Node 2068 - n: 2068, ai: 2068
ready time: 0, valid: 0
child: 2071 2072 2073 
pool: <2066,181,2068,0> <2067,186,2068,0> 
to_do: 2
pri: 7

Node 2069 - n: 2069, ai: 2069
ready time: 0, valid: 0
child: 
pool: <2064,128,2069,0> 
to_do: 1
pri: 0

Node 2070 - n: 2070, ai: 2070
ready time: 0, valid: 0
child: 2071 2074 
pool: <2061,109,2070,0> <2064,129,2070,0> 
to_do: 2
pri: 7

Node 2071 - n: 2071, ai: 2071
ready time: 0, valid: 0
child: 2072 2073 2074 
pool: <2061,110,2071,0> <2063,119,2071,0> <2065,177,2071,0> <2066,182,2071,0> <2067,187,2071,0> <2068,193,2071,0> <2070,2059,2071,0> 
to_do: 7
pri: 6

Node 2072 - n: 2072, ai: 2072
ready time: 0, valid: 0
child: 2083 2093 2110 
pool: <2067,188,2072,0> <2068,194,2072,0> <-1,2071,2072,1> 
to_do: 3
pri: 5

Node 2073 - n: 2073, ai: 2073
ready time: 0, valid: 0
child: 2084 2094 2111 
pool: <2068,195,2073,0> <-1,2071,2073,1> 
to_do: 2
pri: 4

Node 2074 - n: 2074, ai: 2074
ready time: 0, valid: 0
child: 2085 2095 2112 
pool: <2070,2060,2074,0> <-1,2071,2074,1> 
to_do: 2
pri: 3

Node 2075 - n: 2075, ai: 2075
ready time: 0, valid: 1
child: 2083 2085 
pool: 
to_do: 0
pri: 5

Node 2076 - n: 2076, ai: 2076
ready time: 0, valid: 1
child: 2077 
pool: 
to_do: 0
pri: 4

Node 2077 - n: 2077, ai: 2077
ready time: 0, valid: 0
child: 2081 2085 
pool: <2076,138,2077,0> 
to_do: 1
pri: 3

Node 2078 - n: 2078, ai: 2078
ready time: 0, valid: 1
child: 2079 2083 
pool: 
to_do: 0
pri: 8

Node 2079 - n: 2079, ai: 2079
ready time: 0, valid: 0
child: 2080 2082 2083 
pool: <2078,173,2079,0> 
to_do: 1
pri: 7

Node 2080 - n: 2080, ai: 2080
ready time: 0, valid: 0
child: 2082 2083 2084 
pool: <2079,186,2080,0> 
to_do: 1
pri: 6

Node 2081 - n: 2081, ai: 2081
ready time: 0, valid: 0
child: 
pool: <2077,151,2081,0> 
to_do: 1
pri: 0

Node 2082 - n: 2082, ai: 2082
ready time: 0, valid: 0
child: 2083 2084 2085 
pool: <2079,187,2082,0> <2080,193,2082,0> 
to_do: 2
pri: 5

Node 2083 - n: 2083, ai: 2083
ready time: 0, valid: 0
child: 2084 2085 
pool: <2075,131,2083,0> <2078,174,2083,0> <2079,188,2083,0> <2080,194,2083,0> <2082,2072,2083,0> 
to_do: 5
pri: 4

Node 2084 - n: 2084, ai: 2084
ready time: 0, valid: 0
child: 2094 2111 
pool: <2080,195,2084,0> <2082,2073,2084,0> <-1,2083,2084,1> 
to_do: 3
pri: 3

Node 2085 - n: 2085, ai: 2085
ready time: 0, valid: 0
child: 2095 2112 
pool: <2075,132,2085,0> <2077,152,2085,0> <2082,2074,2085,0> <-1,2083,2085,1> 
to_do: 4
pri: 2

Node 2086 - n: 2086, ai: 2086
ready time: 0, valid: 1
child: 2094 
pool: 
to_do: 0
pri: 3

Node 2087 - n: 2087, ai: 2087
ready time: 0, valid: 1
child: 2088 2094 
pool: 
to_do: 0
pri: 6

Node 2088 - n: 2088, ai: 2088
ready time: 0, valid: 0
child: 2092 2093 2094 
pool: <2087,170,2088,0> 
to_do: 1
pri: 5

Node 2089 - n: 2089, ai: 2089
ready time: 0, valid: 1
child: 2090 2094 
pool: 
to_do: 0
pri: 4

Node 2090 - n: 2090, ai: 2090
ready time: 0, valid: 0
child: 2091 2094 2095 
pool: <2089,2005,2090,0> 
to_do: 1
pri: 3

Node 2091 - n: 2091, ai: 2091
ready time: 0, valid: 0
child: 
pool: <2090,2035,2091,0> 
to_do: 1
pri: 0

Node 2092 - n: 2092, ai: 2092
ready time: 0, valid: 0
child: 2093 2094 2095 
pool: <2088,193,2092,0> 
to_do: 1
pri: 4

Node 2093 - n: 2093, ai: 2093
ready time: 0, valid: 0
child: 2094 2095 
pool: <2088,194,2093,0> <2092,2072,2093,0> 
to_do: 2
pri: 3

Node 2094 - n: 2094, ai: 2094
ready time: 0, valid: 0
child: 2095 
pool: <2086,168,2094,0> <2087,171,2094,0> <2088,195,2094,0> <2089,2006,2094,0> <2090,2036,2094,0> <2092,2073,2094,0> <2093,2084,2094,0> 
to_do: 7
pri: 2

Node 2095 - n: 2095, ai: 2095
ready time: 0, valid: 0
child: 2112 
pool: <2090,2037,2095,0> <2092,2074,2095,0> <2093,2085,2095,0> <-1,2094,2095,1> 
to_do: 4
pri: 1

Node 2096 - n: 2096, ai: 2096
ready time: 0, valid: 1
child: 2110 2112 
pool: 
to_do: 0
pri: 3

Node 2097 - n: 2097, ai: 2097
ready time: 0, valid: 1
child: 2098 
pool: 
to_do: 0
pri: 7

Node 2098 - n: 2098, ai: 2098
ready time: 0, valid: 0
child: 2099 2100 2110 
pool: <2097,136,2098,0> 
to_do: 1
pri: 6

Node 2099 - n: 2099, ai: 2099
ready time: 0, valid: 0
child: 2107 2112 
pool: <2098,146,2099,0> 
to_do: 1
pri: 1

Node 2100 - n: 2100, ai: 2100
ready time: 0, valid: 0
child: 2107 2108 2112 
pool: <2098,147,2100,0> 
to_do: 1
pri: 5

Node 2101 - n: 2101, ai: 2101
ready time: 0, valid: 1
child: 2105 2112 
pool: 
to_do: 0
pri: 3

Node 2102 - n: 2102, ai: 2102
ready time: 0, valid: 1
child: 2103 
pool: 
to_do: 0
pri: 7

Node 2103 - n: 2103, ai: 2103
ready time: 0, valid: 0
child: 2104 2105 2106 
pool: <2102,2014,2103,0> 
to_do: 1
pri: 6

Node 2104 - n: 2104, ai: 2104
ready time: 0, valid: 0
child: 2107 2112 
pool: <2103,2023,2104,0> 
to_do: 1
pri: 1

Node 2105 - n: 2105, ai: 2105
ready time: 0, valid: 0
child: 2107 2111 2112 
pool: <2101,2011,2105,0> <2103,2024,2105,0> 
to_do: 2
pri: 2

Node 2106 - n: 2106, ai: 2106
ready time: 0, valid: 0
child: 2107 2108 2112 
pool: <2103,2025,2106,0> 
to_do: 1
pri: 5

Node 2107 - n: 2107, ai: 2107
ready time: 0, valid: 0
child: 
pool: <2099,151,2107,0> <2100,156,2107,0> <2104,2028,2107,0> <2105,2035,2107,0> <2106,2041,2107,0> 
to_do: 5
pri: 0

Node 2108 - n: 2108, ai: 2108
ready time: 0, valid: 0
child: 2109 2112 
pool: <2100,157,2108,0> <2106,2042,2108,0> 
to_do: 2
pri: 4

Node 2109 - n: 2109, ai: 2109
ready time: 0, valid: 0
child: 2110 2111 2112 
pool: <2108,2059,2109,0> 
to_do: 1
pri: 3

Node 2110 - n: 2110, ai: 2110
ready time: 0, valid: 0
child: 2111 2112 
pool: <2096,131,2110,0> <2098,148,2110,0> <2109,2072,2110,0> 
to_do: 3
pri: 2

Node 2111 - n: 2111, ai: 2111
ready time: 0, valid: 0
child: 2112 
pool: <2105,2036,2111,0> <2109,2073,2111,0> <2110,2084,2111,0> 
to_do: 3
pri: 1

Node 2112 - n: 2112, ai: 2112
ready time: 0, valid: 0
child: 
pool: <2096,132,2112,0> <2099,152,2112,0> <2100,158,2112,0> <2101,2012,2112,0> <2104,2029,2112,0> <2105,2037,2112,0> <2106,2043,2112,0> <2108,2060,2112,0> <2109,2074,2112,0> <2110,2085,2112,0> <2111,2095,2112,0> 
to_do: 11
pri: 0

Node 2113 - n: 2113, ai: 2113
ready time: 0, valid: 1
child: 2127 2129 
pool: 
to_do: 0
pri: 9

Node 2114 - n: 2114, ai: 2114
ready time: 0, valid: 1
child: 2115 2116 
pool: 
to_do: 0
pri: 10

Node 2115 - n: 2115, ai: 2115
ready time: 0, valid: 0
child: 2127 
pool: <2114,95,2115,0> 
to_do: 1
pri: 9

Node 2116 - n: 2116, ai: 2116
ready time: 0, valid: 0
child: 2128 2129 
pool: <2114,96,2116,0> 
to_do: 1
pri: 8

Node 2117 - n: 2117, ai: 2117
ready time: 0, valid: 1
child: 2118 2127 
pool: 
to_do: 0
pri: 16

Node 2118 - n: 2118, ai: 2118
ready time: 0, valid: 0
child: 2119 2120 2123 2127 
pool: <2117,1591,2118,0> 
to_do: 1
pri: 15

Node 2119 - n: 2119, ai: 2119
ready time: 0, valid: 0
child: 2120 2121 2123 2127 
pool: <2118,1688,2119,0> 
to_do: 1
pri: 14

Node 2120 - n: 2120, ai: 2120
ready time: 0, valid: 0
child: 2121 2122 2123 2127 
pool: <2118,1689,2120,0> <2119,1705,2120,0> 
to_do: 2
pri: 13

Node 2121 - n: 2121, ai: 2121
ready time: 0, valid: 0
child: 2122 2123 2124 2127 
pool: <2119,1706,2121,0> <2120,1716,2121,0> 
to_do: 2
pri: 12

Node 2122 - n: 2122, ai: 2122
ready time: 0, valid: 0
child: 2123 2124 2125 2127 
pool: <2120,1717,2122,0> <2121,1732,2122,0> 
to_do: 2
pri: 11

Node 2123 - n: 2123, ai: 2123
ready time: 0, valid: 0
child: 2124 2125 2126 2127 
pool: <2118,1690,2123,0> <2119,1707,2123,0> <2120,1718,2123,0> <2121,1733,2123,0> <2122,1771,2123,0> 
to_do: 5
pri: 10

Node 2124 - n: 2124, ai: 2124
ready time: 0, valid: 0
child: 2125 2126 2127 
pool: <2121,1734,2124,0> <2122,1772,2124,0> <2123,1790,2124,0> 
to_do: 3
pri: 9

Node 2125 - n: 2125, ai: 2125
ready time: 0, valid: 0
child: 
pool: <2122,1773,2125,0> <2123,1791,2125,0> <2124,1816,2125,0> 
to_do: 3
pri: 0

Node 2126 - n: 2126, ai: 2126
ready time: 0, valid: 0
child: 
pool: <2123,1792,2126,0> <2124,1817,2126,0> 
to_do: 2
pri: 0

Node 2127 - n: 2127, ai: 2127
ready time: 0, valid: 0
child: 2128 2129 
pool: <2113,88,2127,0> <2115,98,2127,0> <2117,1592,2127,0> <2118,1691,2127,0> <2119,1708,2127,0> <2120,1719,2127,0> <2121,1735,2127,0> <2122,1774,2127,0> <2123,1793,2127,0> <2124,1818,2127,0> 
to_do: 10
pri: 8

Node 2128 - n: 2128, ai: 2128
ready time: 0, valid: 0
child: 2202 
pool: <2116,106,2128,0> <-1,2127,2128,1> 
to_do: 2
pri: 1

Node 2129 - n: 2129, ai: 2129
ready time: 0, valid: 0
child: 2203 
pool: <2113,89,2129,0> <2116,107,2129,0> <-1,2127,2129,1> 
to_do: 3
pri: 7

Node 2130 - n: 2130, ai: 2130
ready time: 0, valid: 1
child: 2131 
pool: 
to_do: 0
pri: 12

Node 2131 - n: 2131, ai: 2131
ready time: 0, valid: 0
child: 2133 
pool: <-1,2130,2131,1> 
to_do: 1
pri: 11

Node 2132 - n: 2132, ai: 2132
ready time: 0, valid: 1
child: 2133 
pool: 
to_do: 0
pri: 11

Node 2133 - n: 2133, ai: 2133
ready time: 0, valid: 0
child: 2134 2135 
pool: <2132,2131,2133,0> 
to_do: 1
pri: 10

Node 2134 - n: 2134, ai: 2134
ready time: 0, valid: 0
child: 2163 2177 
pool: <-1,2133,2134,1> 
to_do: 1
pri: 9

Node 2135 - n: 2135, ai: 2135
ready time: 0, valid: 0
child: 2164 2178 
pool: <-1,2133,2135,1> 
to_do: 1
pri: 8

Node 2136 - n: 2136, ai: 2136
ready time: 0, valid: 1
child: 2137 2138 
pool: 
to_do: 0
pri: 8

Node 2137 - n: 2137, ai: 2137
ready time: 0, valid: 0
child: 2157 
pool: <-1,2136,2137,1> 
to_do: 1
pri: 4

Node 2138 - n: 2138, ai: 2138
ready time: 0, valid: 0
child: 2158 
pool: <-1,2136,2138,1> 
to_do: 1
pri: 7

Node 2139 - n: 2139, ai: 2139
ready time: 0, valid: 1
child: 2140 2141 
pool: 
to_do: 0
pri: 10

Node 2140 - n: 2140, ai: 2140
ready time: 0, valid: 0
child: 2163 2228 
pool: <-1,2139,2140,1> 
to_do: 1
pri: 9

Node 2141 - n: 2141, ai: 2141
ready time: 0, valid: 0
child: 2166 2235 
pool: <-1,2139,2141,1> 
to_do: 1
pri: 6

Node 2142 - n: 2142, ai: 2142
ready time: 0, valid: 1
child: 2143 
pool: 
to_do: 0
pri: 8

Node 2143 - n: 2143, ai: 2143
ready time: 0, valid: 0
child: 2226 
pool: <-1,2142,2143,1> 
to_do: 1
pri: 7

Node 2144 - n: 2144, ai: 2144
ready time: 0, valid: 1
child: 2145 
pool: 
to_do: 0
pri: 8

Node 2145 - n: 2145, ai: 2145
ready time: 0, valid: 0
child: 2148 2162 
pool: <-1,2144,2145,1> 
to_do: 1
pri: 7

Node 2146 - n: 2146, ai: 2146
ready time: 0, valid: 1
child: 2148 
pool: 
to_do: 0
pri: 6

Node 2147 - n: 2147, ai: 2147
ready time: 0, valid: 1
child: 2148 2149 
pool: 
to_do: 0
pri: 8

Node 2148 - n: 2148, ai: 2148
ready time: 0, valid: 0
child: 2152 
pool: <2146,2145,2148,0> <-1,2147,2148,1> 
to_do: 2
pri: 5

Node 2149 - n: 2149, ai: 2149
ready time: 0, valid: 0
child: 2153 
pool: <-1,2147,2149,1> 
to_do: 1
pri: 7

Node 2150 - n: 2150, ai: 2150
ready time: 0, valid: 1
child: 2152 2153 
pool: 
to_do: 0
pri: 7

Node 2151 - n: 2151, ai: 2151
ready time: 0, valid: 1
child: 2152 2153 2154 
pool: 
to_do: 0
pri: 7

Node 2152 - n: 2152, ai: 2152
ready time: 0, valid: 0
child: 2227 
pool: <2150,2148,2152,0> <-1,2151,2152,1> 
to_do: 2
pri: 4

Node 2153 - n: 2153, ai: 2153
ready time: 0, valid: 0
child: 2228 
pool: <2150,2149,2153,0> <-1,2151,2153,1> 
to_do: 2
pri: 6

Node 2154 - n: 2154, ai: 2154
ready time: 0, valid: 0
child: 2229 
pool: <-1,2151,2154,1> 
to_do: 1
pri: 6

Node 2155 - n: 2155, ai: 2155
ready time: 0, valid: 1
child: 2157 2158 
pool: 
to_do: 0
pri: 7

Node 2156 - n: 2156, ai: 2156
ready time: 0, valid: 1
child: 2157 2158 
pool: 
to_do: 0
pri: 7

Node 2157 - n: 2157, ai: 2157
ready time: 0, valid: 0
child: 2165 2170 2232 
pool: <2155,2137,2157,0> <-1,2156,2157,1> 
to_do: 2
pri: 3

Node 2158 - n: 2158, ai: 2158
ready time: 0, valid: 0
child: 2166 2172 2235 
pool: <2155,2138,2158,0> <-1,2156,2158,1> 
to_do: 2
pri: 6

Node 2159 - n: 2159, ai: 2159
ready time: 0, valid: 1
child: 2163 2164 
pool: 
to_do: 0
pri: 9

Node 2160 - n: 2160, ai: 2160
ready time: 0, valid: 1
child: 2163 2166 
pool: 
to_do: 0
pri: 9

Node 2161 - n: 2161, ai: 2161
ready time: 0, valid: 1
child: 2162 
pool: 
to_do: 0
pri: 7

Node 2162 - n: 2162, ai: 2162
ready time: 0, valid: 0
child: 2165 2166 
pool: <2161,2145,2162,0> 
to_do: 1
pri: 6

Node 2163 - n: 2163, ai: 2163
ready time: 0, valid: 0
child: 2164 2165 2166 
pool: <2159,2134,2163,0> <2160,2140,2163,0> 
to_do: 2
pri: 8

Node 2164 - n: 2164, ai: 2164
ready time: 0, valid: 0
child: 2178 2230 
pool: <2159,2135,2164,0> <-1,2163,2164,1> 
to_do: 2
pri: 7

Node 2165 - n: 2165, ai: 2165
ready time: 0, valid: 0
child: 2179 2232 
pool: <2162,2157,2165,0> <-1,2163,2165,1> 
to_do: 2
pri: 2

Node 2166 - n: 2166, ai: 2166
ready time: 0, valid: 0
child: 2181 2235 
pool: <2160,2141,2166,0> <2162,2158,2166,0> <-1,2163,2166,1> 
to_do: 3
pri: 5

Node 2167 - n: 2167, ai: 2167
ready time: 0, valid: 1
child: 2170 2171 
pool: 
to_do: 0
pri: 8

Node 2168 - n: 2168, ai: 2168
ready time: 0, valid: 1
child: 2170 2172 
pool: 
to_do: 0
pri: 6

Node 2169 - n: 2169, ai: 2169
ready time: 0, valid: 1
child: 2170 2171 2172 
pool: 
to_do: 0
pri: 8

Node 2170 - n: 2170, ai: 2170
ready time: 0, valid: 0
child: 2202 2232 
pool: <2167,106,2170,0> <2168,2157,2170,0> <-1,2169,2170,1> 
to_do: 3
pri: 1

Node 2171 - n: 2171, ai: 2171
ready time: 0, valid: 0
child: 2203 2233 
pool: <2167,107,2171,0> <-1,2169,2171,1> 
to_do: 2
pri: 7

Node 2172 - n: 2172, ai: 2172
ready time: 0, valid: 0
child: 2205 2235 
pool: <2168,2158,2172,0> <-1,2169,2172,1> 
to_do: 2
pri: 5

Node 2173 - n: 2173, ai: 2173
ready time: 0, valid: 1
child: 2178 
pool: 
to_do: 0
pri: 7

Node 2174 - n: 2174, ai: 2174
ready time: 0, valid: 1
child: 2175 2178 
pool: 
to_do: 0
pri: 8

Node 2175 - n: 2175, ai: 2175
ready time: 0, valid: 0
child: 2178 2180 2182 
pool: <2174,58,2175,0> 
to_do: 1
pri: 7

Node 2176 - n: 2176, ai: 2176
ready time: 0, valid: 1
child: 2177 2178 
pool: 
to_do: 0
pri: 8

Node 2177 - n: 2177, ai: 2177
ready time: 0, valid: 0
child: 2178 2179 2181 
pool: <2176,2134,2177,0> 
to_do: 1
pri: 7

Node 2178 - n: 2178, ai: 2178
ready time: 0, valid: 0
child: 2179 2180 2181 2182 
pool: <2173,56,2178,0> <2174,59,2178,0> <2175,81,2178,0> <2176,2135,2178,0> <2177,2164,2178,0> 
to_do: 5
pri: 6

Node 2179 - n: 2179, ai: 2179
ready time: 0, valid: 0
child: 2215 2232 2244 
pool: <2177,2165,2179,0> <-1,2178,2179,1> 
to_do: 2
pri: 1

Node 2180 - n: 2180, ai: 2180
ready time: 0, valid: 0
child: 2217 2234 2245 
pool: <2175,82,2180,0> <-1,2178,2180,1> 
to_do: 2
pri: 5

Node 2181 - n: 2181, ai: 2181
ready time: 0, valid: 0
child: 2218 2235 2246 
pool: <2177,2166,2181,0> <-1,2178,2181,1> 
to_do: 2
pri: 4

Node 2182 - n: 2182, ai: 2182
ready time: 0, valid: 0
child: 2219 2236 2247 
pool: <2175,83,2182,0> <-1,2178,2182,1> 
to_do: 2
pri: 3

Node 2183 - n: 2183, ai: 2183
ready time: 0, valid: 1
child: 2186 2187 
pool: 
to_do: 0
pri: 8

Node 2184 - n: 2184, ai: 2184
ready time: 0, valid: 1
child: 2186 2188 
pool: 
to_do: 0
pri: 6

Node 2185 - n: 2185, ai: 2185
ready time: 0, valid: 1
child: 2186 2187 2188 
pool: 
to_do: 0
pri: 8

Node 2186 - n: 2186, ai: 2186
ready time: 0, valid: 0
child: 2202 2232 
pool: <2183,22,2186,0> <2184,45,2186,0> <-1,2185,2186,1> 
to_do: 3
pri: 1

Node 2187 - n: 2187, ai: 2187
ready time: 0, valid: 0
child: 2203 2233 
pool: <2183,23,2187,0> <-1,2185,2187,1> 
to_do: 2
pri: 7

Node 2188 - n: 2188, ai: 2188
ready time: 0, valid: 0
child: 2205 2235 
pool: <2184,46,2188,0> <-1,2185,2188,1> 
to_do: 2
pri: 5

Node 2189 - n: 2189, ai: 2189
ready time: 0, valid: 1
child: 
pool: 
to_do: 0
pri: 0

Node 2190 - n: 2190, ai: 2190
ready time: 0, valid: 1
child: 2203 2204 
pool: 
to_do: 0
pri: 7

Node 2191 - n: 2191, ai: 2191
ready time: 0, valid: 1
child: 2192 
pool: 
to_do: 0
pri: 9

Node 2192 - n: 2192, ai: 2192
ready time: 0, valid: 0
child: 2193 2201 2204 
pool: <2191,8,2192,0> 
to_do: 1
pri: 8

Node 2193 - n: 2193, ai: 2193
ready time: 0, valid: 0
child: 2202 2203 
pool: <2192,17,2193,0> 
to_do: 1
pri: 7

Node 2194 - n: 2194, ai: 2194
ready time: 0, valid: 1
child: 2199 2203 
pool: 
to_do: 0
pri: 8

Node 2195 - n: 2195, ai: 2195
ready time: 0, valid: 1
child: 2203 
pool: 
to_do: 0
pri: 7

Node 2196 - n: 2196, ai: 2196
ready time: 0, valid: 1
child: 2197 
pool: 
to_do: 0
pri: 9

Node 2197 - n: 2197, ai: 2197
ready time: 0, valid: 0
child: 2198 2199 2200 
pool: <2196,93,2197,0> 
to_do: 1
pri: 8

Node 2198 - n: 2198, ai: 2198
ready time: 0, valid: 0
child: 2202 2203 
pool: <2197,101,2198,0> 
to_do: 1
pri: 7

Node 2199 - n: 2199, ai: 2199
ready time: 0, valid: 0
child: 2202 2203 
pool: <2194,88,2199,0> <2197,102,2199,0> 
to_do: 2
pri: 7

Node 2200 - n: 2200, ai: 2200
ready time: 0, valid: 0
child: 2202 2203 2205 
pool: <2197,103,2200,0> 
to_do: 1
pri: 7

Node 2201 - n: 2201, ai: 2201
ready time: 0, valid: 0
child: 2202 2203 2205 
pool: <2192,18,2201,0> 
to_do: 1
pri: 7

Node 2202 - n: 2202, ai: 2202
ready time: 0, valid: 0
child: 
pool: <2193,22,2202,0> <2198,106,2202,0> <2199,2128,2202,0> <2200,2170,2202,0> <2201,2186,2202,0> 
to_do: 5
pri: 0

Node 2203 - n: 2203, ai: 2203
ready time: 0, valid: 0
child: 2204 2205 
pool: <2190,3,2203,0> <2193,23,2203,0> <2194,89,2203,0> <2195,91,2203,0> <2198,107,2203,0> <2199,2129,2203,0> <2200,2171,2203,0> <2201,2187,2203,0> 
to_do: 8
pri: 6

Node 2204 - n: 2204, ai: 2204
ready time: 0, valid: 0
child: 2217 2234 
pool: <2190,4,2204,0> <2192,19,2204,0> <-1,2203,2204,1> 
to_do: 3
pri: 5

Node 2205 - n: 2205, ai: 2205
ready time: 0, valid: 0
child: 2218 2235 
pool: <2200,2172,2205,0> <2201,2188,2205,0> <-1,2203,2205,1> 
to_do: 3
pri: 4

Node 2206 - n: 2206, ai: 2206
ready time: 0, valid: 1
child: 2216 2217 
pool: 
to_do: 0
pri: 6

Node 2207 - n: 2207, ai: 2207
ready time: 0, valid: 1
child: 2208 2209 
pool: 
to_do: 0
pri: 7

Node 2208 - n: 2208, ai: 2208
ready time: 0, valid: 0
child: 2217 
pool: <2207,10,2208,0> 
to_do: 1
pri: 5

Node 2209 - n: 2209, ai: 2209
ready time: 0, valid: 0
child: 2215 2216 
pool: <2207,11,2209,0> 
to_do: 1
pri: 6

Node 2210 - n: 2210, ai: 2210
ready time: 0, valid: 1
child: 2211 2217 
pool: 
to_do: 0
pri: 9

Node 2211 - n: 2211, ai: 2211
ready time: 0, valid: 0
child: 2212 2213 2217 
pool: <2210,64,2211,0> 
to_do: 1
pri: 8

Node 2212 - n: 2212, ai: 2212
ready time: 0, valid: 0
child: 2213 2217 2219 
pool: <2211,68,2212,0> 
to_do: 1
pri: 7

Node 2213 - n: 2213, ai: 2213
ready time: 0, valid: 0
child: 2214 2217 2219 
pool: <2211,69,2213,0> <2212,74,2213,0> 
to_do: 2
pri: 6

Node 2214 - n: 2214, ai: 2214
ready time: 0, valid: 0
child: 2215 2217 2218 2219 
pool: <2213,81,2214,0> 
to_do: 1
pri: 5

Node 2215 - n: 2215, ai: 2215
ready time: 0, valid: 0
child: 
pool: <2209,22,2215,0> <2214,2179,2215,0> 
to_do: 2
pri: 0

Node 2216 - n: 2216, ai: 2216
ready time: 0, valid: 0
child: 2217 2218 
pool: <2206,3,2216,0> <2209,23,2216,0> 
to_do: 2
pri: 5

Node 2217 - n: 2217, ai: 2217
ready time: 0, valid: 0
child: 2218 2219 
pool: <2206,4,2217,0> <2208,13,2217,0> <2210,65,2217,0> <2211,70,2217,0> <2212,75,2217,0> <2213,82,2217,0> <2214,2180,2217,0> <2216,2204,2217,0> 
to_do: 8
pri: 4

Node 2218 - n: 2218, ai: 2218
ready time: 0, valid: 0
child: 2235 2246 
pool: <2214,2181,2218,0> <2216,2205,2218,0> <-1,2217,2218,1> 
to_do: 3
pri: 3

Node 2219 - n: 2219, ai: 2219
ready time: 0, valid: 0
child: 2236 2247 
pool: <2212,76,2219,0> <2213,83,2219,0> <2214,2182,2219,0> <-1,2217,2219,1> 
to_do: 4
pri: 2

Node 2220 - n: 2220, ai: 2220
ready time: 0, valid: 1
child: 2235 2236 
pool: 
to_do: 0
pri: 3

Node 2221 - n: 2221, ai: 2221
ready time: 0, valid: 1
child: 2222 
pool: 
to_do: 0
pri: 7

Node 2222 - n: 2222, ai: 2222
ready time: 0, valid: 0
child: 2223 2231 2236 
pool: <2221,30,2222,0> 
to_do: 1
pri: 6

Node 2223 - n: 2223, ai: 2223
ready time: 0, valid: 0
child: 2232 2235 
pool: <2222,40,2223,0> 
to_do: 1
pri: 3

Node 2224 - n: 2224, ai: 2224
ready time: 0, valid: 1
child: 2228 2235 
pool: 
to_do: 0
pri: 6

Node 2225 - n: 2225, ai: 2225
ready time: 0, valid: 1
child: 2226 
pool: 
to_do: 0
pri: 7

Node 2226 - n: 2226, ai: 2226
ready time: 0, valid: 0
child: 2227 2228 2229 
pool: <2225,2143,2226,0> 
to_do: 1
pri: 6

Node 2227 - n: 2227, ai: 2227
ready time: 0, valid: 0
child: 2232 2235 
pool: <2226,2152,2227,0> 
to_do: 1
pri: 3

Node 2228 - n: 2228, ai: 2228
ready time: 0, valid: 0
child: 2230 2232 2235 
pool: <2224,2140,2228,0> <2226,2153,2228,0> 
to_do: 2
pri: 5

Node 2229 - n: 2229, ai: 2229
ready time: 0, valid: 0
child: 2232 2233 2235 
pool: <2226,2154,2229,0> 
to_do: 1
pri: 5

Node 2230 - n: 2230, ai: 2230
ready time: 0, valid: 0
child: 2232 2234 2235 2236 
pool: <2228,2164,2230,0> 
to_do: 1
pri: 4

Node 2231 - n: 2231, ai: 2231
ready time: 0, valid: 0
child: 2232 2233 2235 
pool: <2222,41,2231,0> 
to_do: 1
pri: 5

Node 2232 - n: 2232, ai: 2232
ready time: 0, valid: 0
child: 
pool: <2223,45,2232,0> <2227,2157,2232,0> <2228,2165,2232,0> <2229,2170,2232,0> <2230,2179,2232,0> <2231,2186,2232,0> 
to_do: 6
pri: 0

Node 2233 - n: 2233, ai: 2233
ready time: 0, valid: 0
child: 2234 2235 
pool: <2229,2171,2233,0> <2231,2187,2233,0> 
to_do: 2
pri: 4

Node 2234 - n: 2234, ai: 2234
ready time: 0, valid: 0
child: 2235 2236 
pool: <2230,2180,2234,0> <2233,2204,2234,0> 
to_do: 2
pri: 3

Node 2235 - n: 2235, ai: 2235
ready time: 0, valid: 0
child: 2236 
pool: <2220,25,2235,0> <2223,46,2235,0> <2224,2141,2235,0> <2227,2158,2235,0> <2228,2166,2235,0> <2229,2172,2235,0> <2230,2181,2235,0> <2231,2188,2235,0> <2233,2205,2235,0> <2234,2218,2235,0> 
to_do: 10
pri: 2

Node 2236 - n: 2236, ai: 2236
ready time: 0, valid: 0
child: 2247 
pool: <2220,26,2236,0> <2222,42,2236,0> <2230,2182,2236,0> <2234,2219,2236,0> <-1,2235,2236,1> 
to_do: 5
pri: 1

Node 2237 - n: 2237, ai: 2237
ready time: 0, valid: 1
child: 2246 2247 
pool: 
to_do: 0
pri: 2

Node 2238 - n: 2238, ai: 2238
ready time: 0, valid: 1
child: 2239 
pool: 
to_do: 0
pri: 3

Node 2239 - n: 2239, ai: 2239
ready time: 0, valid: 0
child: 2244 2246 
pool: <2238,32,2239,0> 
to_do: 1
pri: 2

Node 2240 - n: 2240, ai: 2240
ready time: 0, valid: 1
child: 2241 2247 
pool: 
to_do: 0
pri: 6

Node 2241 - n: 2241, ai: 2241
ready time: 0, valid: 0
child: 2242 2245 2247 
pool: <2240,61,2241,0> 
to_do: 1
pri: 5

Node 2242 - n: 2242, ai: 2242
ready time: 0, valid: 0
child: 2243 2245 2247 
pool: <2241,74,2242,0> 
to_do: 1
pri: 4

Node 2243 - n: 2243, ai: 2243
ready time: 0, valid: 0
child: 2244 2245 2246 2247 
pool: <2242,81,2243,0> 
to_do: 1
pri: 3

Node 2244 - n: 2244, ai: 2244
ready time: 0, valid: 0
child: 
pool: <2239,45,2244,0> <2243,2179,2244,0> 
to_do: 2
pri: 0

Node 2245 - n: 2245, ai: 2245
ready time: 0, valid: 0
child: 2246 2247 
pool: <2241,75,2245,0> <2242,82,2245,0> <2243,2180,2245,0> 
to_do: 3
pri: 2

Node 2246 - n: 2246, ai: 2246
ready time: 0, valid: 0
child: 2247 
pool: <2237,25,2246,0> <2239,46,2246,0> <2243,2181,2246,0> <2245,2218,2246,0> 
to_do: 4
pri: 1

Node 2247 - n: 2247, ai: 2247
ready time: 0, valid: 0
child: 
pool: <2237,26,2247,0> <2240,62,2247,0> <2241,76,2247,0> <2242,83,2247,0> <2243,2182,2247,0> <2245,2219,2247,0> <2246,2236,2247,0> 
to_do: 7
pri: 0

Node 2248 - n: 2248, ai: 2248
ready time: 0, valid: 1
child: 
pool: 
to_do: 0
pri: 0

Node 2249 - n: 2249, ai: 2249
ready time: 0, valid: 1
child: 
pool: 
to_do: 0
pri: 0

SUCCESS: Initialize waiting list!
SUCCESS: add ok to do list at time 0
SUCCESS: schedule at time0
SUCCESS: add waiting list
SUCCESS: add ok to do list at time 1
SUCCESS: schedule at time 1
newly_valid list is: 
SUCCESS: add waiting list
SUCCESS: add ok to do list at time 2
SUCCESS: schedule at time 2
newly_valid list is: 
SUCCESS: add waiting list
SUCCESS: add ok to do list at time 3
SUCCESS: schedule at time 3
newly_valid list is: 
SUCCESS: add waiting list
SUCCESS: add ok to do list at time 4
SUCCESS: schedule at time 4
newly_valid list is: 
SUCCESS: add waiting list
SUCCESS: add ok to do list at time 5
SUCCESS: schedule at time 5
newly_valid list is: 
SUCCESS: add waiting list
SUCCESS: add ok to do list at time 6
SUCCESS: schedule at time 6
newly_valid list is: 
SUCCESS: add waiting list
SUCCESS: add ok to do list at time 7
SUCCESS: schedule at time 7
newly_valid list is: 
SUCCESS: add waiting list
SUCCESS: add ok to do list at time 8
SUCCESS: schedule at time 8
newly_valid list is: 
SUCCESS: add waiting list
SUCCESS: add ok to do list at time 9
SUCCESS: schedule at time 9
newly_valid list is: 
SUCCESS: add waiting list
SUCCESS: add ok to do list at time 10
SUCCESS: schedule at time 10
newly_valid list is: 
SUCCESS: add waiting list
SUCCESS: add ok to do list at time 11
SUCCESS: schedule at time 11
newly_valid list is: 
SUCCESS: add waiting list
SUCCESS: add ok to do list at time 12
SUCCESS: schedule at time 12
newly_valid list is: 
SUCCESS: add waiting list
SUCCESS: add ok to do list at time 13
SUCCESS: schedule at time 13
newly_valid list is: 
SUCCESS: add waiting list
SUCCESS: add ok to do list at time 14
SUCCESS: schedule at time 14
newly_valid list is: 
SUCCESS: add waiting list
SUCCESS: add ok to do list at time 15
SUCCESS: schedule at time 15
newly_valid list is: 
SUCCESS: add waiting list
SUCCESS: add ok to do list at time 16
SUCCESS: schedule at time 16
newly_valid list is: 
SUCCESS: add waiting list
SUCCESS: add ok to do list at time 17
SUCCESS: schedule at time 17
newly_valid list is: 
SUCCESS: add waiting list
SUCCESS: add ok to do list at time 18
SUCCESS: schedule at time 18
newly_valid list is: 
SUCCESS: add waiting list
SUCCESS: add ok to do list at time 19
SUCCESS: schedule at time 19
newly_valid list is: 
SUCCESS: add waiting list
SUCCESS: add ok to do list at time 20
SUCCESS: schedule at time 20
newly_valid list is: 
SUCCESS: add waiting list
SUCCESS: add ok to do list at time 21
SUCCESS: schedule at time 21
newly_valid list is: 
SUCCESS: add waiting list
SUCCESS: add ok to do list at time 22
SUCCESS: schedule at time 22
newly_valid list is: 
SUCCESS: add waiting list
SUCCESS: add ok to do list at time 23
SUCCESS: schedule at time 23
newly_valid list is: 
SUCCESS: add waiting list
SUCCESS: add ok to do list at time 24
SUCCESS: schedule at time 24
newly_valid list is: 
SUCCESS: add waiting list
SUCCESS: add ok to do list at time 25
SUCCESS: schedule at time 25
newly_valid list is: 
SUCCESS: add waiting list
SUCCESS: add ok to do list at time 26
SUCCESS: schedule at time 26
newly_valid list is: 
SUCCESS: add waiting list
SUCCESS: add ok to do list at time 27
SUCCESS: schedule at time 27
newly_valid list is: 
SUCCESS: add waiting list
SUCCESS: add ok to do list at time 28
SUCCESS: schedule at time 28
newly_valid list is: 
SUCCESS: add waiting list
SUCCESS: add ok to do list at time 29
SUCCESS: schedule at time 29
newly_valid list is: 
SUCCESS: add waiting list
SUCCESS: add ok to do list at time 30
SUCCESS: schedule at time 30
newly_valid list is: 
SUCCESS: add waiting list
SUCCESS: add ok to do list at time 31
SUCCESS: schedule at time 31
newly_valid list is: 
SUCCESS: add waiting list
SUCCESS: add ok to do list at time 32
SUCCESS: schedule at time 32
newly_valid list is: 
SUCCESS: add waiting list
SUCCESS: add ok to do list at time 33
SUCCESS: schedule at time 33
newly_valid list is: 
SUCCESS: add waiting list
SUCCESS: add ok to do list at time 34
SUCCESS: schedule at time 34
newly_valid list is: 
SUCCESS: add waiting list
SUCCESS: add ok to do list at time 35
SUCCESS: schedule at time 35
newly_valid list is: 
SUCCESS: add waiting list
SUCCESS: add ok to do list at time 36
SUCCESS: schedule at time 36
newly_valid list is: 
SUCCESS: add waiting list
SUCCESS: add ok to do list at time 37
SUCCESS: schedule at time 37
newly_valid list is: 
SUCCESS: add waiting list
SUCCESS: add ok to do list at time 38
SUCCESS: schedule at time 38
newly_valid list is: 
SUCCESS: add waiting list
SUCCESS: add ok to do list at time 39
SUCCESS: schedule at time 39
newly_valid list is: 
SUCCESS: add waiting list
SUCCESS: add ok to do list at time 40
SUCCESS: schedule at time 40
newly_valid list is: 
SUCCESS: add waiting list
SUCCESS: add ok to do list at time 41
SUCCESS: schedule at time 41
newly_valid list is: 
SUCCESS: add waiting list
SUCCESS: add ok to do list at time 42
SUCCESS: schedule at time 42
newly_valid list is: 
SUCCESS: add waiting list
SUCCESS: add ok to do list at time 43
SUCCESS: schedule at time 43
newly_valid list is: 
SUCCESS: add waiting list
SUCCESS: add ok to do list at time 44
SUCCESS: schedule at time 44
newly_valid list is: 
SUCCESS: add waiting list
SUCCESS: add ok to do list at time 45
SUCCESS: schedule at time 45
newly_valid list is: 
SUCCESS: add waiting list
SUCCESS: add ok to do list at time 46
SUCCESS: schedule at time 46
newly_valid list is: 
SUCCESS: add waiting list
SUCCESS: add ok to do list at time 47
SUCCESS: schedule at time 47
newly_valid list is: 
SUCCESS: add waiting list
SUCCESS: add ok to do list at time 48
SUCCESS: schedule at time 48
newly_valid list is: 
SUCCESS: add waiting list
SUCCESS: add ok to do list at time 49
SUCCESS: schedule at time 49
newly_valid list is: 
SUCCESS: add waiting list
SUCCESS: add ok to do list at time 50
SUCCESS: schedule at time 50
newly_valid list is: 
SUCCESS: add waiting list
SUCCESS: add ok to do list at time 51
SUCCESS: schedule at time 51
newly_valid list is: 
SUCCESS: add waiting list
SUCCESS: add ok to do list at time 52
SUCCESS: schedule at time 52
newly_valid list is: 
SUCCESS: add waiting list
SUCCESS: add ok to do list at time 53
SUCCESS: schedule at time 53
newly_valid list is: 
SUCCESS: add waiting list
SUCCESS: add ok to do list at time 54
SUCCESS: schedule at time 54
newly_valid list is: 
SUCCESS: add waiting list
SUCCESS: add ok to do list at time 55
SUCCESS: schedule at time 55
newly_valid list is: 
SUCCESS: add waiting list
SUCCESS: add ok to do list at time 56
SUCCESS: schedule at time 56
newly_valid list is: 
SUCCESS: add waiting list
SUCCESS: add ok to do list at time 57
SUCCESS: schedule at time 57
newly_valid list is: 
SUCCESS: add waiting list
SUCCESS: add ok to do list at time 58
SUCCESS: schedule at time 58
newly_valid list is: 
SUCCESS: add waiting list
SUCCESS: add ok to do list at time 59
SUCCESS: schedule at time 59
newly_valid list is: 
SUCCESS: add waiting list
SUCCESS: add ok to do list at time 60
SUCCESS: schedule at time 60
newly_valid list is: 
SUCCESS: add waiting list
SUCCESS: add ok to do list at time 61
SUCCESS: schedule at time 61
newly_valid list is: 
SUCCESS: add waiting list
SUCCESS: add ok to do list at time 62
SUCCESS: schedule at time 62
newly_valid list is: 
SUCCESS: add waiting list
SUCCESS: add ok to do list at time 63
SUCCESS: schedule at time 63
newly_valid list is: 
SUCCESS: add waiting list
SUCCESS: add ok to do list at time 64
SUCCESS: schedule at time 64
newly_valid list is: 
SUCCESS: add waiting list
SUCCESS: add ok to do list at time 65
SUCCESS: schedule at time 65
newly_valid list is: 
SUCCESS: add waiting list
SUCCESS: add ok to do list at time 66
SUCCESS: schedule at time 66
newly_valid list is: 
SUCCESS: add waiting list
SUCCESS: add ok to do list at time 67
SUCCESS: schedule at time 67
newly_valid list is: 
SUCCESS: add waiting list
SUCCESS: add ok to do list at time 68
SUCCESS: schedule at time 68
newly_valid list is: 
SUCCESS: add waiting list
SUCCESS: add ok to do list at time 69
SUCCESS: schedule at time 69
newly_valid list is: 
SUCCESS: add waiting list
SUCCESS: add ok to do list at time 70
SUCCESS: schedule at time 70
newly_valid list is: 
SUCCESS: add waiting list
SUCCESS: add ok to do list at time 71
SUCCESS: schedule at time 71
newly_valid list is: 
SUCCESS: add waiting list
SUCCESS: add ok to do list at time 72
SUCCESS: schedule at time 72
newly_valid list is: 
SUCCESS: add waiting list
SUCCESS: add ok to do list at time 73
SUCCESS: schedule at time 73
newly_valid list is: 
SUCCESS: add waiting list
SUCCESS: add ok to do list at time 74
SUCCESS: schedule at time 74
newly_valid list is: 
SUCCESS: add waiting list
SUCCESS: add ok to do list at time 75
SUCCESS: schedule at time 75
newly_valid list is: 
SUCCESS: add waiting list
SUCCESS: add ok to do list at time 76
SUCCESS: schedule at time 76
newly_valid list is: 
SUCCESS: add waiting list
SUCCESS: add ok to do list at time 77
SUCCESS: schedule at time 77
newly_valid list is: 
SUCCESS: add waiting list
SUCCESS: add ok to do list at time 78
SUCCESS: schedule at time 78
newly_valid list is: 
SUCCESS: add waiting list
SUCCESS: add ok to do list at time 79
SUCCESS: schedule at time 79
newly_valid list is: 
SUCCESS: add waiting list
SUCCESS: add ok to do list at time 80
SUCCESS: schedule at time 80
newly_valid list is: 
SUCCESS: add waiting list
SUCCESS: add ok to do list at time 81
SUCCESS: schedule at time 81
newly_valid list is: 
SUCCESS: add waiting list
SUCCESS: add ok to do list at time 82
SUCCESS: schedule at time 82
newly_valid list is: 
SUCCESS: add waiting list
SUCCESS: add ok to do list at time 83
SUCCESS: schedule at time 83
newly_valid list is: 
SUCCESS: add waiting list
SUCCESS: add ok to do list at time 84
SUCCESS: schedule at time 84
newly_valid list is: 
SUCCESS: add waiting list
SUCCESS: add ok to do list at time 85
SUCCESS: schedule at time 85
newly_valid list is: 
SUCCESS: add waiting list
SUCCESS: add ok to do list at time 86
SUCCESS: schedule at time 86
newly_valid list is: 
SUCCESS: add waiting list
SUCCESS: add ok to do list at time 87
SUCCESS: schedule at time 87
newly_valid list is: 
SUCCESS: add waiting list
SUCCESS: add ok to do list at time 88
SUCCESS: schedule at time 88
newly_valid list is: 
SUCCESS: add waiting list
SUCCESS: add ok to do list at time 89
SUCCESS: schedule at time 89
newly_valid list is: 
SUCCESS: add waiting list
SUCCESS: add ok to do list at time 90
SUCCESS: schedule at time 90
newly_valid list is: 
SUCCESS: add waiting list
SUCCESS: add ok to do list at time 91
SUCCESS: schedule at time 91
newly_valid list is: 
SUCCESS: add waiting list
SUCCESS: add ok to do list at time 92
SUCCESS: schedule at time 92
newly_valid list is: 
SUCCESS: add waiting list
SUCCESS: add ok to do list at time 93
SUCCESS: schedule at time 93
newly_valid list is: 
SUCCESS: add waiting list
SUCCESS: add ok to do list at time 94
SUCCESS: schedule at time 94
newly_valid list is: 
SUCCESS: add waiting list
SUCCESS: add ok to do list at time 95
SUCCESS: schedule at time 95
newly_valid list is: 
SUCCESS: add waiting list
SUCCESS: add ok to do list at time 96
SUCCESS: schedule at time 96
newly_valid list is: 
SUCCESS: add waiting list
SUCCESS: add ok to do list at time 97
SUCCESS: schedule at time 97
newly_valid list is: 
SUCCESS: add waiting list
SUCCESS: add ok to do list at time 98
SUCCESS: schedule at time 98
newly_valid list is: 
SUCCESS: add waiting list
SUCCESS: add ok to do list at time 99
SUCCESS: schedule at time 99
newly_valid list is: 
SUCCESS: add waiting list
SUCCESS: add ok to do list at time 100
SUCCESS: schedule at time 100
newly_valid list is: 
SUCCESS: add waiting list
SUCCESS: add ok to do list at time 101
SUCCESS: schedule at time 101
newly_valid list is: 
SUCCESS: add waiting list
SUCCESS: add ok to do list at time 102
SUCCESS: schedule at time 102
newly_valid list is: 
SUCCESS: add waiting list
SUCCESS: add ok to do list at time 103
SUCCESS: schedule at time 103
newly_valid list is: 
SUCCESS: add waiting list
SUCCESS: add ok to do list at time 104
SUCCESS: schedule at time 104
newly_valid list is: 
SUCCESS: add waiting list
SUCCESS: add ok to do list at time 105
SUCCESS: schedule at time 105
newly_valid list is: 
SUCCESS: add waiting list
SUCCESS: add ok to do list at time 106
SUCCESS: schedule at time 106
newly_valid list is: 
SUCCESS: add waiting list
SUCCESS: add ok to do list at time 107
SUCCESS: schedule at time 107
newly_valid list is: 
SUCCESS: add waiting list
SUCCESS: add ok to do list at time 108
SUCCESS: schedule at time 108
newly_valid list is: 
SUCCESS: add waiting list
SUCCESS: add ok to do list at time 109
SUCCESS: schedule at time 109
newly_valid list is: 
SUCCESS: add waiting list
SUCCESS: add ok to do list at time 110
SUCCESS: schedule at time 110
newly_valid list is: 
SUCCESS: add waiting list
SUCCESS: add ok to do list at time 111
SUCCESS: schedule at time 111
newly_valid list is: 
SUCCESS: add waiting list
SUCCESS: add ok to do list at time 112
SUCCESS: schedule at time 112
newly_valid list is: 
SUCCESS: add waiting list
SUCCESS: add ok to do list at time 113
SUCCESS: schedule at time 113
newly_valid list is: 
SUCCESS: add waiting list
SUCCESS: add ok to do list at time 114
SUCCESS: schedule at time 114
newly_valid list is: 
SUCCESS: add waiting list
SUCCESS: add ok to do list at time 115
SUCCESS: schedule at time 115
newly_valid list is: 
SUCCESS: add waiting list
SUCCESS: add ok to do list at time 116
SUCCESS: schedule at time 116
newly_valid list is: 
SUCCESS: add waiting list
SUCCESS: add ok to do list at time 117
SUCCESS: schedule at time 117
newly_valid list is: 
SUCCESS: add waiting list
SUCCESS: add ok to do list at time 118
SUCCESS: schedule at time 118
newly_valid list is: 
SUCCESS: add waiting list
SUCCESS: add ok to do list at time 119
SUCCESS: schedule at time 119
newly_valid list is: 
SUCCESS: add waiting list
SUCCESS: add ok to do list at time 120
SUCCESS: schedule at time 120
newly_valid list is: 
SUCCESS: add waiting list
SUCCESS: add ok to do list at time 121
SUCCESS: schedule at time 121
newly_valid list is: 
SUCCESS: add waiting list
SUCCESS: add ok to do list at time 122
SUCCESS: schedule at time 122
newly_valid list is: 
SUCCESS: add waiting list
SUCCESS: add ok to do list at time 123
SUCCESS: schedule at time 123
newly_valid list is: 
SUCCESS: add waiting list
SUCCESS: add ok to do list at time 124
SUCCESS: schedule at time 124
newly_valid list is: 
SUCCESS: add waiting list
SUCCESS: add ok to do list at time 125
SUCCESS: schedule at time 125
newly_valid list is: 
SUCCESS: add waiting list
SUCCESS: add ok to do list at time 126
SUCCESS: schedule at time 126
newly_valid list is: 
SUCCESS: add waiting list
SUCCESS: add ok to do list at time 127
SUCCESS: schedule at time 127
newly_valid list is: 
SUCCESS: add waiting list
SUCCESS: add ok to do list at time 128
SUCCESS: schedule at time 128
newly_valid list is: 
SUCCESS: add waiting list
SUCCESS: add ok to do list at time 129
SUCCESS: schedule at time 129
newly_valid list is: 
SUCCESS: add waiting list
SUCCESS: add ok to do list at time 130
SUCCESS: schedule at time 130
newly_valid list is: 
SUCCESS: add waiting list
SUCCESS: add ok to do list at time 131
SUCCESS: schedule at time 131
newly_valid list is: 
SUCCESS: add waiting list
SUCCESS: add ok to do list at time 132
SUCCESS: schedule at time 132
newly_valid list is: 
SUCCESS: add waiting list
SUCCESS: add ok to do list at time 133
SUCCESS: schedule at time 133
newly_valid list is: 
SUCCESS: add waiting list
SUCCESS: add ok to do list at time 134
SUCCESS: schedule at time 134
newly_valid list is: 
SUCCESS: add waiting list
SUCCESS: add ok to do list at time 135
SUCCESS: schedule at time 135
newly_valid list is: 
SUCCESS: add waiting list
SUCCESS: add ok to do list at time 136
SUCCESS: schedule at time 136
newly_valid list is: 
SUCCESS: add waiting list
SUCCESS: add ok to do list at time 137
SUCCESS: schedule at time 137
newly_valid list is: 
SUCCESS: add waiting list
SUCCESS: add ok to do list at time 138
SUCCESS: schedule at time 138
newly_valid list is: 
SUCCESS: add waiting list
SUCCESS: add ok to do list at time 139
SUCCESS: schedule at time 139
newly_valid list is: 
SUCCESS: add waiting list
SUCCESS: add ok to do list at time 140
SUCCESS: schedule at time 140
newly_valid list is: 
SUCCESS: add waiting list
SUCCESS: add ok to do list at time 141
SUCCESS: schedule at time 141
newly_valid list is: 
SUCCESS: add waiting list
SUCCESS: add ok to do list at time 142
SUCCESS: schedule at time 142
newly_valid list is: 
SUCCESS: add waiting list
SUCCESS: add ok to do list at time 143
SUCCESS: schedule at time 143
newly_valid list is: 
SUCCESS: add waiting list
SUCCESS: add ok to do list at time 144
SUCCESS: schedule at time 144
newly_valid list is: 
SUCCESS: add waiting list
SUCCESS: add ok to do list at time 145
SUCCESS: schedule at time 145
newly_valid list is: 
SUCCESS: add waiting list
SUCCESS: add ok to do list at time 146
SUCCESS: schedule at time 146
newly_valid list is: 
SUCCESS: add waiting list
SUCCESS: add ok to do list at time 147
SUCCESS: schedule at time 147
newly_valid list is: 
SUCCESS: add waiting list
SUCCESS: add ok to do list at time 148
SUCCESS: schedule at time 148
newly_valid list is: 
SUCCESS: add waiting list
SUCCESS: add ok to do list at time 149
SUCCESS: schedule at time 149
newly_valid list is: 
SUCCESS: add waiting list
SUCCESS: add ok to do list at time 150
SUCCESS: schedule at time 150
newly_valid list is: 
SUCCESS: add waiting list
SUCCESS: add ok to do list at time 151
SUCCESS: schedule at time 151
newly_valid list is: 
SUCCESS: add waiting list
SUCCESS: add ok to do list at time 152
SUCCESS: schedule at time 152
newly_valid list is: 
SUCCESS: add waiting list
SUCCESS: add ok to do list at time 153
SUCCESS: schedule at time 153
newly_valid list is: 
SUCCESS: add waiting list
SUCCESS: add ok to do list at time 154
SUCCESS: schedule at time 154
newly_valid list is: 
SUCCESS: add waiting list
SUCCESS: add ok to do list at time 155
SUCCESS: schedule at time 155
newly_valid list is: 
SUCCESS: add waiting list
SUCCESS: add ok to do list at time 156
SUCCESS: schedule at time 156
newly_valid list is: 
SUCCESS: add waiting list
SUCCESS: add ok to do list at time 157
SUCCESS: schedule at time 157
newly_valid list is: 
SUCCESS: add waiting list
SUCCESS: add ok to do list at time 158
SUCCESS: schedule at time 158
newly_valid list is: 
SUCCESS: add waiting list
SUCCESS: add ok to do list at time 159
SUCCESS: schedule at time 159
newly_valid list is: 
SUCCESS: add waiting list
SUCCESS: add ok to do list at time 160
SUCCESS: schedule at time 160
newly_valid list is: 
SUCCESS: add waiting list
SUCCESS: add ok to do list at time 161
SUCCESS: schedule at time 161
newly_valid list is: 
SUCCESS: add waiting list
SUCCESS: add ok to do list at time 162
SUCCESS: schedule at time 162
newly_valid list is: 
SUCCESS: add waiting list
SUCCESS: add ok to do list at time 163
SUCCESS: schedule at time 163
newly_valid list is: 
SUCCESS: add waiting list
SUCCESS: add ok to do list at time 164
SUCCESS: schedule at time 164
newly_valid list is: 
SUCCESS: add waiting list
SUCCESS: add ok to do list at time 165
SUCCESS: schedule at time 165
newly_valid list is: 
SUCCESS: add waiting list
SUCCESS: add ok to do list at time 166
SUCCESS: schedule at time 166
newly_valid list is: 
SUCCESS: add waiting list
SUCCESS: add ok to do list at time 167
SUCCESS: schedule at time 167
newly_valid list is: 
SUCCESS: add waiting list
SUCCESS: add ok to do list at time 168
SUCCESS: schedule at time 168
newly_valid list is: 
SUCCESS: add waiting list
SUCCESS: add ok to do list at time 169
SUCCESS: schedule at time 169
newly_valid list is: 
SUCCESS: add waiting list
SUCCESS: add ok to do list at time 170
SUCCESS: schedule at time 170
newly_valid list is: 
SUCCESS: add waiting list
SUCCESS: add ok to do list at time 171
SUCCESS: schedule at time 171
newly_valid list is: 
SUCCESS: add waiting list
SUCCESS: add ok to do list at time 172
SUCCESS: schedule at time 172
newly_valid list is: 
SUCCESS: add waiting list
SUCCESS: add ok to do list at time 173
SUCCESS: schedule at time 173
newly_valid list is: 
SUCCESS: add waiting list
SUCCESS: add ok to do list at time 174
SUCCESS: schedule at time 174
newly_valid list is: 
SUCCESS: add waiting list
SUCCESS: add ok to do list at time 175
SUCCESS: schedule at time 175
newly_valid list is: 
SUCCESS: add waiting list
SUCCESS: add ok to do list at time 176
SUCCESS: schedule at time 176
newly_valid list is: 
SUCCESS: add waiting list
SUCCESS: add ok to do list at time 177
SUCCESS: schedule at time 177
newly_valid list is: 
SUCCESS: add waiting list
SUCCESS: add ok to do list at time 178
SUCCESS: schedule at time 178
newly_valid list is: 
SUCCESS: add waiting list
SUCCESS: add ok to do list at time 179
SUCCESS: schedule at time 179
newly_valid list is: 
SUCCESS: add waiting list
SUCCESS: add ok to do list at time 180
SUCCESS: schedule at time 180
newly_valid list is: 
SUCCESS: add waiting list
SUCCESS: add ok to do list at time 181
SUCCESS: schedule at time 181
newly_valid list is: 
SUCCESS: add waiting list
SUCCESS: add ok to do list at time 182
SUCCESS: schedule at time 182
newly_valid list is: 
SUCCESS: add waiting list
SUCCESS: add ok to do list at time 183
SUCCESS: schedule at time 183
newly_valid list is: 
SUCCESS: add waiting list
SUCCESS: add ok to do list at time 184
SUCCESS: schedule at time 184
newly_valid list is: 
SUCCESS: add waiting list
SUCCESS: add ok to do list at time 185
SUCCESS: schedule at time 185
newly_valid list is: 
SUCCESS: add waiting list
SUCCESS: add ok to do list at time 186
SUCCESS: schedule at time 186
newly_valid list is: 
SUCCESS: add waiting list
SUCCESS: add ok to do list at time 187
SUCCESS: schedule at time 187
newly_valid list is: 
SUCCESS: add waiting list
SUCCESS: add ok to do list at time 188
SUCCESS: schedule at time 188
newly_valid list is: 
SUCCESS: add waiting list
SUCCESS: add ok to do list at time 189
SUCCESS: schedule at time 189
newly_valid list is: 
SUCCESS: add waiting list
SUCCESS: add ok to do list at time 190
SUCCESS: schedule at time 190
newly_valid list is: 
SUCCESS: add waiting list
SUCCESS: add ok to do list at time 191
SUCCESS: schedule at time 191
newly_valid list is: 
SUCCESS: add waiting list
SUCCESS: add ok to do list at time 192
SUCCESS: schedule at time 192
newly_valid list is: 
SUCCESS: add waiting list
SUCCESS: add ok to do list at time 193
SUCCESS: schedule at time 193
newly_valid list is: 
SUCCESS: add waiting list
SUCCESS: add ok to do list at time 194
SUCCESS: schedule at time 194
newly_valid list is: 
SUCCESS: add waiting list
SUCCESS: add ok to do list at time 195
SUCCESS: schedule at time 195
newly_valid list is: 
SUCCESS: add waiting list
SUCCESS: add ok to do list at time 196
SUCCESS: schedule at time 196
newly_valid list is: 
SUCCESS: add waiting list
SUCCESS: add ok to do list at time 197
SUCCESS: schedule at time 197
newly_valid list is: 
SUCCESS: add waiting list
SUCCESS: add ok to do list at time 198
SUCCESS: schedule at time 198
newly_valid list is: 
SUCCESS: add waiting list
SUCCESS: add ok to do list at time 199
SUCCESS: schedule at time 199
newly_valid list is: 
SUCCESS: add waiting list
SUCCESS: add ok to do list at time 200
SUCCESS: schedule at time 200
newly_valid list is: 
SUCCESS: add waiting list
SUCCESS: add ok to do list at time 201
SUCCESS: schedule at time 201
newly_valid list is: 
SUCCESS: add waiting list
SUCCESS: add ok to do list at time 202
SUCCESS: schedule at time 202
newly_valid list is: 
SUCCESS: add waiting list
SUCCESS: add ok to do list at time 203
SUCCESS: schedule at time 203
newly_valid list is: 
SUCCESS: add waiting list
SUCCESS: add ok to do list at time 204
SUCCESS: schedule at time 204
newly_valid list is: 
SUCCESS: add waiting list
SUCCESS: add ok to do list at time 205
SUCCESS: schedule at time 205
newly_valid list is: 
SUCCESS: add waiting list
SUCCESS: add ok to do list at time 206
SUCCESS: schedule at time 206
newly_valid list is: 
SUCCESS: add waiting list
SUCCESS: add ok to do list at time 207
SUCCESS: schedule at time 207
newly_valid list is: 
SUCCESS: add waiting list
SUCCESS: add ok to do list at time 208
SUCCESS: schedule at time 208
newly_valid list is: 
SUCCESS: add waiting list
SUCCESS: add ok to do list at time 209
SUCCESS: schedule at time 209
newly_valid list is: 
SUCCESS: add waiting list
SUCCESS: add ok to do list at time 210
SUCCESS: schedule at time 210
newly_valid list is: 
SUCCESS: add waiting list
SUCCESS: add ok to do list at time 211
SUCCESS: schedule at time 211
newly_valid list is: 
SUCCESS: add waiting list
SUCCESS: add ok to do list at time 212
SUCCESS: schedule at time 212
newly_valid list is: 
SUCCESS: add waiting list
SUCCESS: add ok to do list at time 213
SUCCESS: schedule at time 213
newly_valid list is: 
SUCCESS: add waiting list
SUCCESS: add ok to do list at time 214
SUCCESS: schedule at time 214
newly_valid list is: 
SUCCESS: add waiting list
SUCCESS: add ok to do list at time 215
SUCCESS: schedule at time 215
newly_valid list is: 
SUCCESS: add waiting list
SUCCESS: add ok to do list at time 216
SUCCESS: schedule at time 216
newly_valid list is: 
SUCCESS: add waiting list
SUCCESS: add ok to do list at time 217
SUCCESS: schedule at time 217
newly_valid list is: 
SUCCESS: add waiting list
SUCCESS: add ok to do list at time 218
SUCCESS: schedule at time 218
newly_valid list is: 
SUCCESS: add waiting list
SUCCESS: add ok to do list at time 219
SUCCESS: schedule at time 219
newly_valid list is: 
SUCCESS: add waiting list
SUCCESS: add ok to do list at time 220
SUCCESS: schedule at time 220
newly_valid list is: 
SUCCESS: add waiting list
SUCCESS: add ok to do list at time 221
SUCCESS: schedule at time 221
newly_valid list is: 
SUCCESS: add waiting list
SUCCESS: add ok to do list at time 222
SUCCESS: schedule at time 222
newly_valid list is: 
SUCCESS: add waiting list
SUCCESS: add ok to do list at time 223
SUCCESS: schedule at time 223
newly_valid list is: 
SUCCESS: add waiting list
SUCCESS: add ok to do list at time 224
SUCCESS: schedule at time 224
newly_valid list is: 
SUCCESS: add waiting list
SUCCESS: add ok to do list at time 225
SUCCESS: schedule at time 225
newly_valid list is: 
SUCCESS: add waiting list
SUCCESS: add ok to do list at time 226
SUCCESS: schedule at time 226
newly_valid list is: 
SUCCESS: add waiting list
SUCCESS: add ok to do list at time 227
SUCCESS: schedule at time 227
newly_valid list is: 
SUCCESS: add waiting list
SUCCESS: add ok to do list at time 228
SUCCESS: schedule at time 228
newly_valid list is: 
SUCCESS: add waiting list
SUCCESS: add ok to do list at time 229
SUCCESS: schedule at time 229
newly_valid list is: 
SUCCESS: add waiting list
SUCCESS: add ok to do list at time 230
SUCCESS: schedule at time 230
newly_valid list is: 
SUCCESS: add waiting list
SUCCESS: add ok to do list at time 231
SUCCESS: schedule at time 231
newly_valid list is: 
SUCCESS: add waiting list
SUCCESS: add ok to do list at time 232
SUCCESS: schedule at time 232
newly_valid list is: 
SUCCESS: add waiting list
SUCCESS: add ok to do list at time 233
SUCCESS: schedule at time 233
newly_valid list is: 
SUCCESS: add waiting list
SUCCESS: add ok to do list at time 234
SUCCESS: schedule at time 234
newly_valid list is: 
SUCCESS: add waiting list
SUCCESS: add ok to do list at time 235
SUCCESS: schedule at time 235
newly_valid list is: 
SUCCESS: add waiting list
SUCCESS: add ok to do list at time 236
SUCCESS: schedule at time 236
newly_valid list is: 
SUCCESS: add waiting list
SUCCESS: add ok to do list at time 237
SUCCESS: schedule at time 237
newly_valid list is: 
SUCCESS: add waiting list
SUCCESS: add ok to do list at time 238
SUCCESS: schedule at time 238
newly_valid list is: 
SUCCESS: add waiting list
SUCCESS: add ok to do list at time 239
SUCCESS: schedule at time 239
newly_valid list is: 
SUCCESS: add waiting list
SUCCESS: add ok to do list at time 240
SUCCESS: schedule at time 240
newly_valid list is: 
SUCCESS: add waiting list
SUCCESS: add ok to do list at time 241
SUCCESS: schedule at time 241
newly_valid list is: 
SUCCESS: add waiting list
SUCCESS: add ok to do list at time 242
SUCCESS: schedule at time 242
newly_valid list is: 
SUCCESS: add waiting list
SUCCESS: add ok to do list at time 243
SUCCESS: schedule at time 243
newly_valid list is: 
SUCCESS: add waiting list
SUCCESS: add ok to do list at time 244
SUCCESS: schedule at time 244
newly_valid list is: 
SUCCESS: add waiting list
SUCCESS: add ok to do list at time 245
SUCCESS: schedule at time 245
newly_valid list is: 
SUCCESS: add waiting list
SUCCESS: add ok to do list at time 246
SUCCESS: schedule at time 246
newly_valid list is: 
SUCCESS: add waiting list
SUCCESS: add ok to do list at time 247
SUCCESS: schedule at time 247
newly_valid list is: 
SUCCESS: add waiting list
SUCCESS: add ok to do list at time 248
SUCCESS: schedule at time 248
newly_valid list is: 
SUCCESS: add waiting list
SUCCESS: add ok to do list at time 249
SUCCESS: schedule at time 249
newly_valid list is: 
SUCCESS: add waiting list
SUCCESS: add ok to do list at time 250
SUCCESS: schedule at time 250
newly_valid list is: 
SUCCESS: add waiting list
SUCCESS: add ok to do list at time 251
SUCCESS: schedule at time 251
newly_valid list is: 
SUCCESS: add waiting list
SUCCESS: add ok to do list at time 252
SUCCESS: schedule at time 252
newly_valid list is: 
SUCCESS: add waiting list
SUCCESS: add ok to do list at time 253
SUCCESS: schedule at time 253
newly_valid list is: 
SUCCESS: add waiting list
SUCCESS: add ok to do list at time 254
SUCCESS: schedule at time 254
newly_valid list is: 
SUCCESS: add waiting list
SUCCESS: add ok to do list at time 255
SUCCESS: schedule at time 255
newly_valid list is: 
SUCCESS: add waiting list
SUCCESS: add ok to do list at time 256
SUCCESS: schedule at time 256
newly_valid list is: 
SUCCESS: add waiting list
SUCCESS: add ok to do list at time 257
SUCCESS: schedule at time 257
newly_valid list is: 
SUCCESS: add waiting list
SUCCESS: add ok to do list at time 258
SUCCESS: schedule at time 258
newly_valid list is: 
SUCCESS: add waiting list
SUCCESS: add ok to do list at time 259
SUCCESS: schedule at time 259
newly_valid list is: 
SUCCESS: add waiting list
SUCCESS: add ok to do list at time 260
SUCCESS: schedule at time 260
newly_valid list is: 
SUCCESS: add waiting list
SUCCESS: add ok to do list at time 261
SUCCESS: schedule at time 261
newly_valid list is: 
SUCCESS: add waiting list
SUCCESS: add ok to do list at time 262
SUCCESS: schedule at time 262
newly_valid list is: 
SUCCESS: add waiting list
SUCCESS: add ok to do list at time 263
SUCCESS: schedule at time 263
newly_valid list is: 
SUCCESS: add waiting list
SUCCESS: add ok to do list at time 264
SUCCESS: schedule at time 264
newly_valid list is: 
SUCCESS: add waiting list
SUCCESS: add ok to do list at time 265
SUCCESS: schedule at time 265
newly_valid list is: 
SUCCESS: add waiting list
SUCCESS: add ok to do list at time 266
SUCCESS: schedule at time 266
newly_valid list is: 
SUCCESS: add waiting list
SUCCESS: add ok to do list at time 267
SUCCESS: schedule at time 267
newly_valid list is: 
SUCCESS: add waiting list
SUCCESS: add ok to do list at time 268
SUCCESS: schedule at time 268
newly_valid list is: 
SUCCESS: add waiting list
SUCCESS: add ok to do list at time 269
SUCCESS: schedule at time 269
newly_valid list is: 
SUCCESS: add waiting list
SUCCESS: add ok to do list at time 270
SUCCESS: schedule at time 270
newly_valid list is: 
SUCCESS: add waiting list
SUCCESS: add ok to do list at time 271
SUCCESS: schedule at time 271
newly_valid list is: 
SUCCESS: add waiting list
SUCCESS: add ok to do list at time 272
SUCCESS: schedule at time 272
newly_valid list is: 
SUCCESS: add waiting list
SUCCESS: add ok to do list at time 273
SUCCESS: schedule at time 273
newly_valid list is: 
SUCCESS: add waiting list
SUCCESS: add ok to do list at time 274
SUCCESS: schedule at time 274
newly_valid list is: 
SUCCESS: add waiting list
SUCCESS: add ok to do list at time 275
SUCCESS: schedule at time 275
newly_valid list is: 
SUCCESS: add waiting list
SUCCESS: add ok to do list at time 276
SUCCESS: schedule at time 276
newly_valid list is: 
SUCCESS: add waiting list
SUCCESS: add ok to do list at time 277
SUCCESS: schedule at time 277
newly_valid list is: 
SUCCESS: add waiting list
SUCCESS: add ok to do list at time 278
SUCCESS: schedule at time 278
newly_valid list is: 
SUCCESS: add waiting list
SUCCESS: add ok to do list at time 279
SUCCESS: schedule at time 279
newly_valid list is: 
SUCCESS: add waiting list
SUCCESS: add ok to do list at time 280
SUCCESS: schedule at time 280
newly_valid list is: 
SUCCESS: add waiting list
SUCCESS: add ok to do list at time 281
SUCCESS: schedule at time 281
newly_valid list is: 
SUCCESS: add waiting list
SUCCESS: add ok to do list at time 282
SUCCESS: schedule at time 282
newly_valid list is: 
SUCCESS: add waiting list
SUCCESS: add ok to do list at time 283
SUCCESS: schedule at time 283
newly_valid list is: 
SUCCESS: add waiting list
SUCCESS: add ok to do list at time 284
SUCCESS: schedule at time 284
newly_valid list is: 
SUCCESS: add waiting list
SUCCESS: add ok to do list at time 285
SUCCESS: schedule at time 285
newly_valid list is: 
SUCCESS: add waiting list
SUCCESS: add ok to do list at time 286
SUCCESS: schedule at time 286
newly_valid list is: 
SUCCESS: add waiting list
SUCCESS: add ok to do list at time 287
SUCCESS: schedule at time 287
newly_valid list is: 
SUCCESS: add waiting list
SUCCESS: add ok to do list at time 288
SUCCESS: schedule at time 288
newly_valid list is: 
SUCCESS: add waiting list
SUCCESS: add ok to do list at time 289
SUCCESS: schedule at time 289
newly_valid list is: 
SUCCESS: add waiting list
SUCCESS: add ok to do list at time 290
SUCCESS: schedule at time 290
newly_valid list is: 
SUCCESS: add waiting list
SUCCESS: add ok to do list at time 291
SUCCESS: schedule at time 291
newly_valid list is: 
SUCCESS: add waiting list
SUCCESS: add ok to do list at time 292
SUCCESS: schedule at time 292
newly_valid list is: 
SUCCESS: add waiting list
SUCCESS: add ok to do list at time 293
SUCCESS: schedule at time 293
newly_valid list is: 
SUCCESS: add waiting list
SUCCESS: add ok to do list at time 294
SUCCESS: schedule at time 294
newly_valid list is: 
SUCCESS: add waiting list
SUCCESS: add ok to do list at time 295
SUCCESS: schedule at time 295
newly_valid list is: 
SUCCESS: add waiting list
SUCCESS: add ok to do list at time 296
SUCCESS: schedule at time 296
newly_valid list is: 
SUCCESS: add waiting list
SUCCESS: add ok to do list at time 297
SUCCESS: schedule at time 297
newly_valid list is: 
SUCCESS: add waiting list
SUCCESS: add ok to do list at time 298
SUCCESS: schedule at time 298
newly_valid list is: 
SUCCESS: add waiting list
SUCCESS: add ok to do list at time 299
SUCCESS: schedule at time 299
newly_valid list is: 
SUCCESS: add waiting list
SUCCESS: add ok to do list at time 300
SUCCESS: schedule at time 300
newly_valid list is: 
SUCCESS: add waiting list
SUCCESS: add ok to do list at time 301
SUCCESS: schedule at time 301
newly_valid list is: 
SUCCESS: add waiting list
SUCCESS: add ok to do list at time 302
SUCCESS: schedule at time 302
newly_valid list is: 
SUCCESS: add waiting list
SUCCESS: add ok to do list at time 303
SUCCESS: schedule at time 303
newly_valid list is: 
SUCCESS: add waiting list
SUCCESS: add ok to do list at time 304
SUCCESS: schedule at time 304
newly_valid list is: 
SUCCESS: add waiting list
SUCCESS: add ok to do list at time 305
SUCCESS: schedule at time 305
newly_valid list is: 
SUCCESS: add waiting list
SUCCESS: add ok to do list at time 306
SUCCESS: schedule at time 306
newly_valid list is: 
SUCCESS: add waiting list
SUCCESS: add ok to do list at time 307
SUCCESS: schedule at time 307
newly_valid list is: 
SUCCESS: add waiting list
SUCCESS: add ok to do list at time 308
SUCCESS: schedule at time 308
newly_valid list is: 
SUCCESS: add waiting list
SUCCESS: add ok to do list at time 309
SUCCESS: schedule at time 309
newly_valid list is: 
SUCCESS: add waiting list
SUCCESS: add ok to do list at time 310
SUCCESS: schedule at time 310
newly_valid list is: 
SUCCESS: add waiting list
SUCCESS: add ok to do list at time 311
SUCCESS: schedule at time 311
newly_valid list is: 
SUCCESS: add waiting list
SUCCESS: add ok to do list at time 312
SUCCESS: schedule at time 312
newly_valid list is: 
SUCCESS: add waiting list
SUCCESS: add ok to do list at time 313
SUCCESS: schedule at time 313
newly_valid list is: 
SUCCESS: add waiting list
SUCCESS: add ok to do list at time 314
SUCCESS: schedule at time 314
newly_valid list is: 
SUCCESS: add waiting list
SUCCESS: add ok to do list at time 315
SUCCESS: schedule at time 315
newly_valid list is: 
SUCCESS: add waiting list
SUCCESS: add ok to do list at time 316
SUCCESS: schedule at time 316
newly_valid list is: 
SUCCESS: add waiting list
SUCCESS: add ok to do list at time 317
SUCCESS: schedule at time 317
newly_valid list is: 
SUCCESS: add waiting list
SUCCESS: add ok to do list at time 318
SUCCESS: schedule at time 318
newly_valid list is: 
SUCCESS: add waiting list
SUCCESS: add ok to do list at time 319
SUCCESS: schedule at time 319
newly_valid list is: 
SUCCESS: add waiting list
SUCCESS: add ok to do list at time 320
SUCCESS: schedule at time 320
newly_valid list is: 
SUCCESS: add waiting list
SUCCESS: add ok to do list at time 321
SUCCESS: schedule at time 321
newly_valid list is: 
SUCCESS: add waiting list
SUCCESS: add ok to do list at time 322
SUCCESS: schedule at time 322
newly_valid list is: 
SUCCESS: add waiting list
SUCCESS: add ok to do list at time 323
SUCCESS: schedule at time 323
newly_valid list is: 
SUCCESS: add waiting list
SUCCESS: add ok to do list at time 324
SUCCESS: schedule at time 324
newly_valid list is: 
SUCCESS: add waiting list
SUCCESS: add ok to do list at time 325
SUCCESS: schedule at time 325
newly_valid list is: 
SUCCESS: add waiting list
SUCCESS: add ok to do list at time 326
SUCCESS: schedule at time 326
newly_valid list is: 
SUCCESS: add waiting list
SUCCESS: add ok to do list at time 327
SUCCESS: schedule at time 327
newly_valid list is: 
SUCCESS: add waiting list
SUCCESS: add ok to do list at time 328
SUCCESS: schedule at time 328
newly_valid list is: 
SUCCESS: add waiting list
SUCCESS: add ok to do list at time 329
SUCCESS: schedule at time 329
newly_valid list is: 
SUCCESS: add waiting list
SUCCESS: add ok to do list at time 330
SUCCESS: schedule at time 330
newly_valid list is: 
SUCCESS: add waiting list
SUCCESS: add ok to do list at time 331
SUCCESS: schedule at time 331
newly_valid list is: 
SUCCESS: add waiting list
SUCCESS: add ok to do list at time 332
SUCCESS: schedule at time 332
newly_valid list is: 
SUCCESS: add waiting list
SUCCESS: add ok to do list at time 333
SUCCESS: schedule at time 333
newly_valid list is: 
SUCCESS: add waiting list
SUCCESS: add ok to do list at time 334
SUCCESS: schedule at time 334
newly_valid list is: 
SUCCESS: add waiting list
SUCCESS: add ok to do list at time 335
SUCCESS: schedule at time 335
newly_valid list is: 
SUCCESS: add waiting list
SUCCESS: add ok to do list at time 336
SUCCESS: schedule at time 336
newly_valid list is: 
SUCCESS: add waiting list
SUCCESS: add ok to do list at time 337
SUCCESS: schedule at time 337
newly_valid list is: 
SUCCESS: add waiting list
SUCCESS: add ok to do list at time 338
SUCCESS: schedule at time 338
newly_valid list is: 
SUCCESS: add waiting list
SUCCESS: add ok to do list at time 339
SUCCESS: schedule at time 339
newly_valid list is: 
SUCCESS: add waiting list
SUCCESS: add ok to do list at time 340
SUCCESS: schedule at time 340
newly_valid list is: 
SUCCESS: add waiting list
SUCCESS: add ok to do list at time 341
SUCCESS: schedule at time 341
newly_valid list is: 
SUCCESS: add waiting list
SUCCESS: add ok to do list at time 342
SUCCESS: schedule at time 342
newly_valid list is: 
SUCCESS: add waiting list
SUCCESS: add ok to do list at time 343
SUCCESS: schedule at time 343
newly_valid list is: 
SUCCESS: add waiting list
SUCCESS: add ok to do list at time 344
SUCCESS: schedule at time 344
newly_valid list is: 
SUCCESS: add waiting list
SUCCESS: add ok to do list at time 345
SUCCESS: schedule at time 345
newly_valid list is: 
SUCCESS: add waiting list
SUCCESS: add ok to do list at time 346
SUCCESS: schedule at time 346
newly_valid list is: 
SUCCESS: add waiting list
SUCCESS: add ok to do list at time 347
SUCCESS: schedule at time 347
newly_valid list is: 
SUCCESS: add waiting list
SUCCESS: add ok to do list at time 348
SUCCESS: schedule at time 348
newly_valid list is: 
SUCCESS: add waiting list
SUCCESS: add ok to do list at time 349
SUCCESS: schedule at time 349
newly_valid list is: 
SUCCESS: add waiting list
SUCCESS: add ok to do list at time 350
SUCCESS: schedule at time 350
newly_valid list is: 
SUCCESS: add waiting list
SUCCESS: add ok to do list at time 351
SUCCESS: schedule at time 351
newly_valid list is: 
SUCCESS: add waiting list
SUCCESS: add ok to do list at time 352
SUCCESS: schedule at time 352
newly_valid list is: 
SUCCESS: add waiting list
SUCCESS: add ok to do list at time 353
SUCCESS: schedule at time 353
newly_valid list is: 
SUCCESS: add waiting list
SUCCESS: add ok to do list at time 354
SUCCESS: schedule at time 354
newly_valid list is: 
SUCCESS: add waiting list
SUCCESS: add ok to do list at time 355
SUCCESS: schedule at time 355
newly_valid list is: 
SUCCESS: add waiting list
SUCCESS: add ok to do list at time 356
SUCCESS: schedule at time 356
newly_valid list is: 
SUCCESS: add waiting list
SUCCESS: add ok to do list at time 357
SUCCESS: schedule at time 357
newly_valid list is: 
SUCCESS: add waiting list
SUCCESS: add ok to do list at time 358
SUCCESS: schedule at time 358
newly_valid list is: 
SUCCESS: add waiting list
SUCCESS: add ok to do list at time 359
SUCCESS: schedule at time 359
newly_valid list is: 
SUCCESS: add waiting list
SUCCESS: add ok to do list at time 360
SUCCESS: schedule at time 360
newly_valid list is: 
SUCCESS: add waiting list
SUCCESS: add ok to do list at time 361
SUCCESS: schedule at time 361
newly_valid list is: 
SUCCESS: add waiting list
SUCCESS: add ok to do list at time 362
SUCCESS: schedule at time 362
newly_valid list is: 
SUCCESS: add waiting list
SUCCESS: add ok to do list at time 363
SUCCESS: schedule at time 363
newly_valid list is: 
SUCCESS: add waiting list
SUCCESS: add ok to do list at time 364
SUCCESS: schedule at time 364
newly_valid list is: 
SUCCESS: add waiting list
SUCCESS: add ok to do list at time 365
SUCCESS: schedule at time 365
newly_valid list is: 
SUCCESS: add waiting list
SUCCESS: add ok to do list at time 366
SUCCESS: schedule at time 366
newly_valid list is: 
SUCCESS: add waiting list
SUCCESS: add ok to do list at time 367
SUCCESS: schedule at time 367
newly_valid list is: 
SUCCESS: add waiting list
SUCCESS: add ok to do list at time 368
SUCCESS: schedule at time 368
newly_valid list is: 
SUCCESS: add waiting list
SUCCESS: add ok to do list at time 369
SUCCESS: schedule at time 369
newly_valid list is: 
SUCCESS: add waiting list
SUCCESS: add ok to do list at time 370
SUCCESS: schedule at time 370
newly_valid list is: 
SUCCESS: add waiting list
SUCCESS: add ok to do list at time 371
SUCCESS: schedule at time 371
newly_valid list is: 
SUCCESS: add waiting list
SUCCESS: add ok to do list at time 372
SUCCESS: schedule at time 372
newly_valid list is: 
SUCCESS: add waiting list
SUCCESS: add ok to do list at time 373
SUCCESS: schedule at time 373
newly_valid list is: 
SUCCESS: add waiting list
SUCCESS: add ok to do list at time 374
SUCCESS: schedule at time 374
newly_valid list is: 
SUCCESS: add waiting list
SUCCESS: add ok to do list at time 375
SUCCESS: schedule at time 375
newly_valid list is: 
SUCCESS: add waiting list
SUCCESS: add ok to do list at time 376
SUCCESS: schedule at time 376
newly_valid list is: 
SUCCESS: add waiting list
SUCCESS: add ok to do list at time 377
SUCCESS: schedule at time 377
newly_valid list is: 
SUCCESS: add waiting list
SUCCESS: add ok to do list at time 378
SUCCESS: schedule at time 378
newly_valid list is: 
SUCCESS: add waiting list
SUCCESS: add ok to do list at time 379
SUCCESS: schedule at time 379
newly_valid list is: 
SUCCESS: add waiting list
SUCCESS: add ok to do list at time 380
SUCCESS: schedule at time 380
newly_valid list is: 
SUCCESS: add waiting list
SUCCESS: add ok to do list at time 381
SUCCESS: schedule at time 381
newly_valid list is: 
SUCCESS: add waiting list
SUCCESS: add ok to do list at time 382
SUCCESS: schedule at time 382
newly_valid list is: 
SUCCESS: add waiting list
SUCCESS: add ok to do list at time 383
SUCCESS: schedule at time 383
newly_valid list is: 
SUCCESS: add waiting list
SUCCESS: add ok to do list at time 384
SUCCESS: schedule at time 384
newly_valid list is: 
SUCCESS: add waiting list
SUCCESS: add ok to do list at time 385
SUCCESS: schedule at time 385
newly_valid list is: 
SUCCESS: add waiting list
SUCCESS: add ok to do list at time 386
SUCCESS: schedule at time 386
newly_valid list is: 
SUCCESS: add waiting list
SUCCESS: add ok to do list at time 387
SUCCESS: schedule at time 387
newly_valid list is: 
SUCCESS: add waiting list
SUCCESS: add ok to do list at time 388
SUCCESS: schedule at time 388
newly_valid list is: 
SUCCESS: add waiting list
SUCCESS: add ok to do list at time 389
SUCCESS: schedule at time 389
newly_valid list is: 
SUCCESS: add waiting list
SUCCESS: add ok to do list at time 390
SUCCESS: schedule at time 390
newly_valid list is: 
SUCCESS: add waiting list
SUCCESS: add ok to do list at time 391
SUCCESS: schedule at time 391
newly_valid list is: 
SUCCESS: add waiting list
SUCCESS: add ok to do list at time 392
SUCCESS: schedule at time 392
newly_valid list is: 
SUCCESS: add waiting list
SUCCESS: add ok to do list at time 393
SUCCESS: schedule at time 393
newly_valid list is: 
SUCCESS: add waiting list
SUCCESS: add ok to do list at time 394
SUCCESS: schedule at time 394
newly_valid list is: 
SUCCESS: add waiting list
SUCCESS: add ok to do list at time 395
SUCCESS: schedule at time 395
newly_valid list is: 
SUCCESS: add waiting list
SUCCESS: add ok to do list at time 396
SUCCESS: schedule at time 396
newly_valid list is: 
SUCCESS: add waiting list
SUCCESS: add ok to do list at time 397
SUCCESS: schedule at time 397
newly_valid list is: 
SUCCESS: add waiting list
SUCCESS: add ok to do list at time 398
SUCCESS: schedule at time 398
newly_valid list is: 
SUCCESS: add waiting list
SUCCESS: add ok to do list at time 399
SUCCESS: schedule at time 399
newly_valid list is: 
SUCCESS: add waiting list
SUCCESS: add ok to do list at time 400
SUCCESS: schedule at time 400
newly_valid list is: 
SUCCESS: add waiting list
SUCCESS: add ok to do list at time 401
SUCCESS: schedule at time 401
newly_valid list is: 
SUCCESS: add waiting list
SUCCESS: add ok to do list at time 402
SUCCESS: schedule at time 402
newly_valid list is: 
SUCCESS: add waiting list
SUCCESS: add ok to do list at time 403
SUCCESS: schedule at time 403
newly_valid list is: 
SUCCESS: add waiting list
SUCCESS: add ok to do list at time 404
SUCCESS: schedule at time 404
newly_valid list is: 
SUCCESS: add waiting list
SUCCESS: add ok to do list at time 405
SUCCESS: schedule at time 405
newly_valid list is: 
SUCCESS: add waiting list
SUCCESS: add ok to do list at time 406
SUCCESS: schedule at time 406
newly_valid list is: 
SUCCESS: add waiting list
SUCCESS: add ok to do list at time 407
SUCCESS: schedule at time 407
newly_valid list is: 
SUCCESS: add waiting list
SUCCESS: add ok to do list at time 408
SUCCESS: schedule at time 408
newly_valid list is: 
SUCCESS: add waiting list
SUCCESS: add ok to do list at time 409
SUCCESS: schedule at time 409
newly_valid list is: 
SUCCESS: add waiting list
SUCCESS: add ok to do list at time 410
SUCCESS: schedule at time 410
newly_valid list is: 
SUCCESS: add waiting list
SUCCESS: add ok to do list at time 411
SUCCESS: schedule at time 411
newly_valid list is: 
SUCCESS: add waiting list
SUCCESS: add ok to do list at time 412
SUCCESS: schedule at time 412
newly_valid list is: 
SUCCESS: add waiting list
SUCCESS: add ok to do list at time 413
SUCCESS: schedule at time 413
newly_valid list is: 
SUCCESS: add waiting list
SUCCESS: add ok to do list at time 414
SUCCESS: schedule at time 414
newly_valid list is: 
SUCCESS: add waiting list
SUCCESS: add ok to do list at time 415
SUCCESS: schedule at time 415
newly_valid list is: 
SUCCESS: add waiting list
SUCCESS: add ok to do list at time 416
SUCCESS: schedule at time 416
newly_valid list is: 
SUCCESS: add waiting list
SUCCESS: add ok to do list at time 417
SUCCESS: schedule at time 417
newly_valid list is: 
SUCCESS: add waiting list
SUCCESS: add ok to do list at time 418
SUCCESS: schedule at time 418
newly_valid list is: 
SUCCESS: add waiting list
SUCCESS: add ok to do list at time 419
SUCCESS: schedule at time 419
newly_valid list is: 
SUCCESS: add waiting list
SUCCESS: add ok to do list at time 420
SUCCESS: schedule at time 420
newly_valid list is: 
SUCCESS: add waiting list
SUCCESS: add ok to do list at time 421
SUCCESS: schedule at time 421
newly_valid list is: 
SUCCESS: add waiting list
SUCCESS: add ok to do list at time 422
SUCCESS: schedule at time 422
newly_valid list is: 
SUCCESS: add waiting list
SUCCESS: add ok to do list at time 423
SUCCESS: schedule at time 423
newly_valid list is: 
SUCCESS: add waiting list
SUCCESS: add ok to do list at time 424
SUCCESS: schedule at time 424
newly_valid list is: 
SUCCESS: add waiting list
SUCCESS: add ok to do list at time 425
SUCCESS: schedule at time 425
newly_valid list is: 
SUCCESS: add waiting list
SUCCESS: add ok to do list at time 426
SUCCESS: schedule at time 426
newly_valid list is: 
SUCCESS: add waiting list
SUCCESS: add ok to do list at time 427
SUCCESS: schedule at time 427
newly_valid list is: 
SUCCESS: add waiting list
SUCCESS: add ok to do list at time 428
SUCCESS: schedule at time 428
Begin: Second Schedule!
ok to do list is: 
<2216,2205,2218,0> 
<2216,2204,2217,0> 
<2233,2204,2234,0> 
<2233,2205,2235,0> 
waiting list is: 
SUCCESS: evict! the nodes are 
0 node: 2084
<-1,2083,2084,1> 
1 node: 2085
<-1,2083,2085,1> 
2 node: 2094
<2093,2084,2094,0> 
3 node: 2095
<2093,2085,2095,0> 
<-1,2094,2095,1> 
4 node: 2111
<2110,2084,2111,0> 
5 node: 2112
<2110,2085,2112,0> 
<2111,2095,2112,0> 
6 node: 2217
<2216,2204,2217,0> 
7 node: 2218
<2216,2205,2218,0> 
<-1,2217,2218,1> 
8 node: 2219
<-1,2217,2219,1> 
9 node: 2234
<2233,2204,2234,0> 
10 node: 2235
<2233,2205,2235,0> 
<2234,2218,2235,0> 
11 node: 2236
<2234,2219,2236,0> 
<-1,2235,2236,1> 
12 node: 2246
<2245,2218,2246,0> 
13 node: 2247
<2245,2219,2247,0> 
<2246,2236,2247,0> 
the priority is: 9 7 5 4 3 2 19 11 7 11 6 4 3 2 
before sorted Results:
Node: 2084
<-1,2083,2084,1> 
Node: 2085
<-1,2083,2085,1> 
Node: 2094
<2093,2084,2094,0> 
Node: 2095
<2093,2085,2095,0> 
<-1,2094,2095,1> 
Node: 2111
<2110,2084,2111,0> 
Node: 2112
<2110,2085,2112,0> 
<2111,2095,2112,0> 
Node: 2217
<2216,2204,2217,0> 
Node: 2218
<2216,2205,2218,0> 
<-1,2217,2218,1> 
Node: 2219
<-1,2217,2219,1> 
Node: 2234
<2233,2204,2234,0> 
Node: 2235
<2233,2205,2235,0> 
<2234,2218,2235,0> 
Node: 2236
<2234,2219,2236,0> 
<-1,2235,2236,1> 
Node: 2246
<2245,2218,2246,0> 
Node: 2247
<2245,2219,2247,0> 
<2246,2236,2247,0> 

sorted Results:
Node: 2217
<2216,2204,2217,0> 
Node: 2218
<2216,2205,2218,0> 
<-1,2217,2218,1> 
Node: 2234
<2233,2204,2234,0> 
Node: 2084
<-1,2083,2084,1> 
Node: 2085
<-1,2083,2085,1> 
Node: 2219
<-1,2217,2219,1> 
Node: 2235
<2233,2205,2235,0> 
<2234,2218,2235,0> 
Node: 2094
<2093,2084,2094,0> 
Node: 2095
<2093,2085,2095,0> 
<-1,2094,2095,1> 
Node: 2236
<2234,2219,2236,0> 
<-1,2235,2236,1> 
Node: 2111
<2110,2084,2111,0> 
Node: 2246
<2245,2218,2246,0> 
Node: 2112
<2110,2085,2112,0> 
<2111,2095,2112,0> 
Node: 2247
<2245,2219,2247,0> 
<2246,2236,2247,0> 
only_div: 1 0 1 1 1 1 0 1 0 0 1 1 0 0 
sch2 time is 429
SUCCESS: schedule at time: 429
ok_to_sub: 0 0 0 0 0 0 0 0 0 0 0 0 0 0 
ok_to_wb: 0 0 0 0 0 0 0 0 0 0 0 0 0 0 
ok_to_wb_time: 0 0 0 0 0 0 0 0 0 0 0 0 0 0 
SUCCESS: schedule at time: 430
ok_to_sub: 0 0 0 0 0 0 0 0 0 0 0 0 0 0 
ok_to_wb: 0 0 0 0 0 0 0 0 0 0 0 0 0 0 
ok_to_wb_time: 0 0 0 0 0 0 0 0 0 0 0 0 0 0 
SUCCESS: schedule at time: 431
ok_to_sub: 0 0 0 0 0 0 0 0 0 0 0 0 0 0 
ok_to_wb: 0 0 0 0 0 0 0 0 0 0 0 0 0 0 
ok_to_wb_time: 0 0 0 0 0 0 0 0 0 0 0 0 0 0 
SUCCESS: schedule at time: 432
ok_to_sub: 0 0 0 0 0 0 0 0 0 0 0 0 0 0 
ok_to_wb: 0 0 0 0 0 0 0 0 0 0 0 0 0 0 
ok_to_wb_time: 0 0 0 0 0 0 0 0 0 0 0 0 0 0 
SUCCESS: schedule at time: 433
ok_to_sub: 0 0 0 0 0 0 0 0 0 0 0 0 0 0 
ok_to_wb: 0 0 0 0 0 0 0 0 0 0 0 0 0 0 
ok_to_wb_time: 0 0 0 0 0 0 0 0 0 0 0 0 0 0 
SUCCESS: schedule at time: 434
ok_to_sub: 0 0 0 0 0 0 0 0 0 0 0 0 0 0 
ok_to_wb: 0 0 0 0 0 0 0 0 0 0 0 0 0 0 
ok_to_wb_time: 0 0 0 0 0 0 0 0 0 0 0 0 0 0 
SUCCESS: schedule at time: 435
ok_to_sub: 1 1 1 0 0 0 0 0 0 0 0 0 0 0 
ok_to_wb: 0 0 0 0 0 0 0 0 0 0 0 0 0 0 
ok_to_wb_time: 0 0 0 0 0 0 0 0 0 0 0 0 0 0 
SUCCESS: schedule at time: 436
ok_to_sub: 1 1 1 0 0 0 0 0 0 0 0 0 0 0 
ok_to_wb: 0 0 0 0 0 0 0 0 0 0 0 0 0 0 
ok_to_wb_time: 0 0 0 0 0 0 0 0 0 0 0 0 0 0 
SUCCESS: schedule at time: 437
ok_to_sub: 1 1 1 0 0 0 0 0 0 0 0 0 0 0 
ok_to_wb: 0 0 0 0 0 0 0 0 0 0 0 0 0 0 
ok_to_wb_time: 0 0 0 0 0 0 0 0 0 0 0 0 0 0 
SUCCESS: schedule at time: 438
ok_to_sub: 0 0 0 0 0 0 0 0 0 0 0 0 0 0 
ok_to_wb: 1 0 1 0 0 0 0 0 0 0 0 0 0 0 
ok_to_wb_time: 442 0 442 0 0 0 0 0 0 0 0 0 0 0 
SUCCESS: schedule at time: 439
ok_to_sub: 0 0 0 0 0 0 0 0 0 0 0 0 0 0 
ok_to_wb: 1 0 1 0 0 0 0 0 0 0 0 0 0 0 
ok_to_wb_time: 442 0 442 0 0 0 0 0 0 0 0 0 0 0 
SUCCESS: schedule at time: 440
ok_to_sub: 0 0 0 0 0 0 0 0 0 0 0 0 0 0 
ok_to_wb: 1 0 1 0 0 0 0 0 0 0 0 0 0 0 
ok_to_wb_time: 442 0 442 0 0 0 0 0 0 0 0 0 0 0 
SUCCESS: schedule at time: 441
ok_to_sub: 0 0 0 0 0 0 0 0 0 0 0 0 0 0 
ok_to_wb: 1 0 1 0 0 0 0 0 0 0 0 0 0 0 
ok_to_wb_time: 442 0 442 0 0 0 0 0 0 0 0 0 0 0 
SUCCESS: schedule at time: 442
ok_to_sub: 0 0 0 0 0 0 0 0 0 0 0 0 0 0 
ok_to_wb: 1 0 1 0 0 0 0 0 0 0 0 0 0 0 
ok_to_wb_time: 442 0 442 0 0 0 0 0 0 0 0 0 0 0 
SUCCESS: schedule at time: 443
ok_to_sub: 0 0 0 0 0 0 0 1 1 0 1 0 0 0 
ok_to_wb: 1 0 1 0 0 0 0 0 0 0 0 0 0 0 
ok_to_wb_time: 442 0 442 0 0 0 0 0 0 0 0 0 0 0 
SUCCESS: schedule at time: 444
ok_to_sub: 0 0 0 0 0 0 0 1 1 0 1 0 0 0 
ok_to_wb: 1 0 1 0 0 0 0 0 0 0 0 0 0 0 
ok_to_wb_time: 442 0 442 0 0 0 0 0 0 0 0 0 0 0 
SUCCESS: schedule at time: 445
ok_to_sub: 0 0 0 0 0 0 0 1 1 0 1 0 0 0 
ok_to_wb: 1 0 1 0 0 0 0 0 0 0 0 0 0 0 
ok_to_wb_time: 442 0 442 0 0 0 0 0 0 0 0 0 0 0 
SUCCESS: schedule at time: 446
ok_to_sub: 0 0 0 0 0 0 0 0 0 0 0 0 0 0 
ok_to_wb: 1 0 1 0 0 0 0 1 0 0 1 0 0 0 
ok_to_wb_time: 442 0 442 0 0 0 0 450 0 0 450 0 0 0 
SUCCESS: schedule at time: 447
ok_to_sub: 0 0 0 0 0 0 0 0 0 0 0 0 0 0 
ok_to_wb: 1 0 1 0 0 0 0 1 0 0 1 0 0 0 
ok_to_wb_time: 442 0 442 0 0 0 0 450 0 0 450 0 0 0 
SUCCESS: schedule at time: 448
ok_to_sub: 0 0 0 0 0 0 0 0 0 0 0 0 0 0 
ok_to_wb: 1 0 1 0 0 0 0 1 0 0 1 0 0 0 
ok_to_wb_time: 442 0 442 0 0 0 0 450 0 0 450 0 0 0 
SUCCESS: schedule at time: 449
ok_to_sub: 0 0 0 0 0 0 0 0 0 0 0 0 0 0 
ok_to_wb: 1 0 1 0 0 0 0 1 0 0 1 0 0 0 
ok_to_wb_time: 442 0 442 0 0 0 0 450 0 0 450 0 0 0 
SUCCESS: schedule at time: 450
ok_to_sub: 0 0 0 0 0 0 0 0 0 0 0 0 0 0 
ok_to_wb: 1 0 1 0 0 0 0 1 0 0 1 0 0 0 
ok_to_wb_time: 442 0 442 0 0 0 0 450 0 0 450 0 0 0 
SUCCESS: schedule at time: 451
ok_to_sub: 0 0 0 0 0 0 0 0 0 0 0 0 0 0 
ok_to_wb: 1 0 1 0 0 0 0 1 0 0 1 0 0 0 
ok_to_wb_time: 442 0 442 0 0 0 0 450 0 0 450 0 0 0 
SUCCESS: schedule at time: 452
ok_to_sub: 0 0 0 0 0 0 1 0 0 1 0 1 0 0 
ok_to_wb: 1 0 1 0 0 0 0 1 0 0 1 0 0 0 
ok_to_wb_time: 442 0 442 0 0 0 0 450 0 0 450 0 0 0 
SUCCESS: schedule at time: 453
ok_to_sub: 0 0 0 0 0 0 1 0 0 1 0 1 0 0 
ok_to_wb: 1 0 1 0 0 0 0 1 0 0 1 0 0 0 
ok_to_wb_time: 442 0 442 0 0 0 0 450 0 0 450 0 0 0 
SUCCESS: schedule at time: 454
ok_to_sub: 0 0 0 0 0 0 1 0 0 1 0 1 0 0 
ok_to_wb: 1 0 1 0 0 0 0 1 0 0 1 0 0 0 
ok_to_wb_time: 442 0 442 0 0 0 0 450 0 0 450 0 0 0 
SUCCESS: schedule at time: 455
ok_to_sub: 0 0 0 0 0 0 0 0 0 0 0 0 0 0 
ok_to_wb: 1 0 1 0 0 0 1 1 0 0 1 1 0 0 
ok_to_wb_time: 442 0 442 0 0 0 459 450 0 0 450 459 0 0 
SUCCESS: schedule at time: 456
ok_to_sub: 0 0 0 0 0 0 0 0 0 0 0 0 0 0 
ok_to_wb: 1 0 1 0 0 0 1 1 0 0 1 1 0 0 
ok_to_wb_time: 442 0 442 0 0 0 459 450 0 0 450 459 0 0 
SUCCESS: schedule at time: 457
ok_to_sub: 0 0 0 0 0 0 0 0 0 0 0 0 0 0 
ok_to_wb: 1 0 1 0 0 0 1 1 0 0 1 1 0 0 
ok_to_wb_time: 442 0 442 0 0 0 459 450 0 0 450 459 0 0 
SUCCESS: schedule at time: 458
ok_to_sub: 0 0 0 0 0 0 0 0 0 0 0 0 0 0 
ok_to_wb: 1 0 1 0 0 0 1 1 0 0 1 1 0 0 
ok_to_wb_time: 442 0 442 0 0 0 459 450 0 0 450 459 0 0 
SUCCESS: schedule at time: 459
ok_to_sub: 0 0 0 0 0 0 0 0 0 0 0 0 0 0 
ok_to_wb: 1 0 1 0 0 0 1 1 0 0 1 1 0 0 
ok_to_wb_time: 442 0 442 0 0 0 459 450 0 0 450 459 0 0 
SUCCESS: schedule at time: 460
ok_to_sub: 0 0 0 0 0 0 0 0 0 0 0 0 1 0 
ok_to_wb: 1 0 1 0 0 0 1 1 0 0 1 1 0 0 
ok_to_wb_time: 442 0 442 0 0 0 459 450 0 0 450 459 0 0 
SUCCESS: schedule at time: 461
ok_to_sub: 0 0 0 0 0 0 0 0 0 0 0 0 1 0 
ok_to_wb: 1 0 1 0 0 0 1 1 0 0 1 1 0 0 
ok_to_wb_time: 442 0 442 0 0 0 459 450 0 0 450 459 0 0 
SUCCESS: schedule at time: 462
ok_to_sub: 0 0 0 0 0 0 0 0 0 0 0 0 1 0 
ok_to_wb: 1 0 1 0 0 0 1 1 0 0 1 1 0 0 
ok_to_wb_time: 442 0 442 0 0 0 459 450 0 0 450 459 0 0 
SUCCESS: schedule at time: 463
ok_to_sub: 0 0 0 0 0 0 0 0 0 0 0 0 0 0 
ok_to_wb: 1 0 1 0 0 0 1 1 0 0 1 1 1 0 
ok_to_wb_time: 442 0 442 0 0 0 459 450 0 0 450 459 467 0 
SUCCESS: schedule at time: 464
ok_to_sub: 0 0 0 0 0 0 0 0 0 0 0 0 0 0 
ok_to_wb: 1 0 1 0 0 0 1 1 0 0 1 1 1 0 
ok_to_wb_time: 442 0 442 0 0 0 459 450 0 0 450 459 467 0 
SUCCESS: schedule at time: 465
ok_to_sub: 0 0 0 0 0 0 0 0 0 0 0 0 0 0 
ok_to_wb: 1 0 1 0 0 0 1 1 0 0 1 1 1 0 
ok_to_wb_time: 442 0 442 0 0 0 459 450 0 0 450 459 467 0 
SUCCESS: schedule at time: 466
ok_to_sub: 0 0 0 0 0 0 0 0 0 0 0 0 0 0 
ok_to_wb: 1 0 1 0 0 0 1 1 0 0 1 1 1 0 
ok_to_wb_time: 442 0 442 0 0 0 459 450 0 0 450 459 467 0 
SUCCESS: schedule at time: 467
ok_to_sub: 0 0 0 0 0 0 0 0 0 0 0 0 0 0 
ok_to_wb: 1 0 1 0 0 0 1 1 0 0 1 1 1 0 
ok_to_wb_time: 442 0 442 0 0 0 459 450 0 0 450 459 467 0 
SUCCESS: schedule at time: 468
ok_to_sub: 0 0 0 0 0 0 0 0 0 0 0 0 0 0 
ok_to_wb: 1 0 1 0 0 0 1 1 0 0 1 1 1 0 
ok_to_wb_time: 442 0 442 0 0 0 459 450 0 0 450 459 467 0 
SUCCESS: schedule at time: 469
ok_to_sub: 0 0 0 0 0 0 0 0 0 0 0 0 0 1 
ok_to_wb: 1 0 1 0 0 0 1 1 0 0 1 1 1 0 
ok_to_wb_time: 442 0 442 0 0 0 459 450 0 0 450 459 467 0 
SUCCESS: schedule at time: 470
ok_to_sub: 0 0 0 0 0 0 0 0 0 0 0 0 0 1 
ok_to_wb: 1 0 1 0 0 0 1 1 0 0 1 1 1 0 
ok_to_wb_time: 442 0 442 0 0 0 459 450 0 0 450 459 467 0 
SUCCESS: schedule at time: 471
ok_to_sub: 0 0 0 0 0 0 0 0 0 0 0 0 0 1 
ok_to_wb: 1 0 1 0 0 0 1 1 0 0 1 1 1 0 
ok_to_wb_time: 442 0 442 0 0 0 459 450 0 0 450 459 467 0 
SUCCESS: schedule at time: 472
ok_to_sub: 0 0 0 0 0 0 0 0 0 0 0 0 0 0 
ok_to_wb: 1 0 1 0 0 0 1 1 0 0 1 1 1 1 
ok_to_wb_time: 442 0 442 0 0 0 459 450 0 0 450 459 467 476 
SUCCESS: schedule at time: 473
ok_to_sub: 0 0 0 0 0 0 0 0 0 0 0 0 0 0 
ok_to_wb: 1 0 1 0 0 0 1 1 0 0 1 1 1 1 
ok_to_wb_time: 442 0 442 0 0 0 459 450 0 0 450 459 467 476 
SUCCESS: schedule at time: 474
ok_to_sub: 0 0 0 0 0 0 0 0 0 0 0 0 0 0 
ok_to_wb: 1 0 1 0 0 0 1 1 0 0 1 1 1 1 
ok_to_wb_time: 442 0 442 0 0 0 459 450 0 0 450 459 467 476 
SUCCESS: schedule at time: 475
ok_to_sub: 0 0 0 0 0 0 0 0 0 0 0 0 0 0 
ok_to_wb: 1 0 1 0 0 0 1 1 0 0 1 1 1 1 
ok_to_wb_time: 442 0 442 0 0 0 459 450 0 0 450 459 467 476 
SUCCESS: schedule at time: 476
ok_to_sub: 0 0 0 0 0 0 0 0 0 0 0 0 0 0 
ok_to_wb: 1 0 1 0 0 0 1 1 0 0 1 1 1 1 
ok_to_wb_time: 442 0 442 0 0 0 459 450 0 0 450 459 467 476 
Finished: schedule!
this is the instruction from 0 to 480
0:	(404, 403, -1, 1)	(1250, 1249, -1, 1)	(784, 783, -1, 1)	(799, 798, -1, 1)	(1251, 1249, -1, 1)	(405, 403, -1, 1)	(1645, 1644, -1, 1)	(477, 476, -1, 1)	(785, 783, -1, 1)	(1323, 1322, -1, 1)	(800, 798, -1, 1)	(518, 517, -1, 1)	(1646, 1644, -1, 1)	(519, 517, -1, 1)	(1339, 1338, -1, 1)	(786, 783, -1, 1)
1:	(1630, 1629, -1, 1)	(1389, 1388, -1, 1)	(1364, 1363, -1, 1)	(1360, 1359, -1, 1)	(514, 513, -1, 1)	(1631, 1629, -1, 1)	(1390, 1388, -1, 1)	(1361, 1359, -1, 1)	(1365, 1363, -1, 1)	(515, 513, -1, 1)	(1632, 1629, -1, 1)	(1067, 1066, -1, 1)	(1340, 1338, -1, 1)	(425, 424, -1, 1)	(1177, 1176, -1, 1)	(1271, 1270, -1, 1)
2:	(543, 542, -1, 1)	(544, 542, -1, 1)	(1647, 1644, -1, 1)	(221, 220, -1, 1)	(1325, 1322, -1, 1)	(545, 542, -1, 1)	(1272, 1270, -1, 1)	(520, 517, -1, 1)	(1273, 1270, -1, 1)	(1106, 1105, -1, 1)	(372, 371, -1, 1)	(260, 259, -1, 1)	(373, 371, -1, 1)	(763, 762, -1, 1)	(553, 551, -1, 1)	(592, 590, -1, 1)
3:	(801, 798, -1, 1)	(1324, 1322, -1, 1)	(479, 476, -1, 1)	(1178, 1176, -1, 1)	(406, 403, -1, 1)	(1362, 1359, -1, 1)	(1179, 1176, -1, 1)	(427, 424, -1, 1)	(261, 259, -1, 1)	(1399, 1397, -1, 1)	(711, 710, -1, 1)	(4, 2, -1, 1)	(241, 240, -1, 1)	(750, 749, -1, 1)	(-1, -1, -1, 0)	(-1, -1, -1, 0)
4:	(478, 476, -1, 1)	(493, 492, -1, 1)	(331, 330, -1, 1)	(494, 492, -1, 1)	(1341, 1338, -1, 1)	(495, 492, -1, 1)	(1252, 1249, -1, 1)	(1366, 1363, -1, 1)	(128, 127, -1, 1)	(552, 551, -1, 1)	(594, 593, -1, 1)	(1557, 1556, -1, 1)	(1560, 1559, -1, 1)	(347, 345, -1, 1)	(1859, 1858, -1, 1)	(582, 581, -1, 1)
5:	(222, 220, -1, 1)	(1068, 1066, -1, 1)	(1069, 1066, -1, 1)	(223, 220, -1, 1)	(516, 513, -1, 1)	(151, 150, -1, 1)	(1107, 1105, -1, 1)	(1609, 1608, -1, 1)	(283, 282, -1, 1)	(591, 590, -1, 1)	(3, 2, -1, 1)	(25, 24, -1, 1)	(1287, 1286, -1, 1)	(213, 212, -1, 1)	(-1, -1, -1, 0)	(-1, -1, -1, 0)
6:	(1391, 1388, -1, 1)	(426, 424, -1, 1)	(22, 21, -1, 1)	(1218, 1217, -1, 1)	(1219, 1217, -1, 1)	(606, 605, -1, 1)	(1440, 1439, -1, 1)	(764, 762, -1, 1)	(1453, 1451, -1, 1)	(724, 723, -1, 1)	(1193, 1191, -1, 1)	(1561, 1559, -1, 1)	(114, 113, -1, 1)	(902, 901, -1, 1)	(208, 206, -1, 1)	(-1, -1, -1, 0)
7:	(332, 330, -1, 1)	(333, 330, -1, 1)	(1398, 1397, -1, 1)	(1437, 1436, -1, 1)	(1129, 1128, -1, 1)	(346, 345, -1, 1)	(1570, 1569, -1, 1)	(1571, 1569, -1, 1)	(595, 593, -1, 1)	(1438, 1436, -1, 1)	(176, 175, -1, 1)	(64, 63, -1, 1)	(88, 87, -1, 1)	(1029, 1028, -1, 1)	(1031, 1030, -1, 1)	(-1, -1, -1, 0)
8:	(1253, 1251, 1255, 4)	(787, 785, 789, 4)	(802, 800, 804, 4)	(792, 785, 794, 4)	(412, 404, 413, 4)	(1342, 1339, 1343, 4)	(45, 44, -1, 1)	(1610, 1608, -1, 1)	(1591, 1590, -1, 1)	(715, 713, -1, 1)	(1008, 1007, -1, 1)	(-1, -1, -1, 0)	(-1, -1, -1, 0)	(-1, -1, -1, 0)	(-1, -1, -1, 0)	(-1, -1, -1, 0)
9:	(1487, 1340, 1495, 4)	(1416, 1390, -1, 7)	(1506, 1340, 1514, 4)	(521, 519, 523, 4)	(531, 515, 533, 4)	(1392, 1390, 1394, 4)	(1633, 1632, 1636, 4)	(504, 477, 505, 4)	(1946, 515, 1951, 4)	(1392, 1389, 1393, 4)	(1558, 1556, -1, 1)	(6, 5, -1, 1)	(-1, -1, -1, 0)	(-1, -1, -1, 0)	(-1, -1, -1, 0)	(-1, -1, -1, 0)
10:	(664, 545, 669, 4)	(-1, -1, 1422, 8)	(570, 544, -1, 7)	(570, 545, 578, 4)	(1660, 1647, 1663, 4)	(599, 592, 603, 4)	(1382, 1361, 1384, 4)	(787, 786, 790, 4)	(1332, 1323, 1333, 4)	(1258, 1251, 1260, 4)	(201, 199, -1, 1)	(101, 100, -1, 1)	(-1, -1, -1, 0)	(-1, -1, -1, 0)	(-1, -1, -1, 0)	(-1, -1, -1, 0)
11:	(1750, 1273, 1770, 4)	(1722, 1179, 1731, 4)	(-1, -1, 576, 8)	(504, 479, 508, 4)	(1510, 1390, 1512, 4)	(1327, 1325, 1330, 4)	(481, 479, 484, 4)	(1332, 1325, 1335, 4)	(1327, 1323, 1328, 4)	(481, 477, 482, 4)	(1327, 1324, 1329, 4)	(725, 723, -1, 1)	(905, 903, -1, 1)	(-1, -1, -1, 0)	(-1, -1, -1, 0)	(-1, -1, -1, 0)
12:	(1506, 1341, 1515, 4)	(1350, 1325, 1354, 4)	(1487, 1341, 1496, 4)	(660, 494, 668, 4)	(1275, 1273, 1279, 4)	(1377, 1361, 1379, 4)	(1350, 1324, 1352, 4)	(496, 494, 499, 4)	(-1, 1178, -1, 5)	(1750, 1271, -1, 7)	(96, 94, -1, 1)	(103, 100, -1, 1)	(-1, -1, -1, 0)	(-1, -1, -1, 0)	(-1, -1, -1, 0)	(-1, -1, -1, 0)
13:	(641, 495, 650, 4)	(315, 223, 326, 4)	(1161, 1069, 1172, 4)	(600, 594, 601, 4)	(546, 544, 548, 4)	(1070, 1068, 1072, 4)	(229, 222, 231, 4)	(315, 222, 317, 4)	(1722, -1, 1724, 6)	(-1, -1, 1751, 8)	(1161, 1068, 1163, 4)	(1937, 405, 1939, 4)	(-1, -1, -1, 0)	(-1, -1, -1, 0)	(-1, -1, -1, 0)	(-1, -1, -1, 0)
14:	(1692, 1561, 1704, 4)	(641, 494, 649, 4)	(664, 544, 666, 4)	(1075, 1069, 1079, 4)	(1382, 1362, 1387, 4)	(1332, 1324, 1334, 4)	(1342, 1341, 1346, 4)	(1487, 1339, 1488, 4)	(2149, 2147, -1, 1)	(2154, 2151, -1, 1)	(-1, -1, -1, 0)	(-1, -1, -1, 0)	(-1, -1, -1, 0)	(-1, -1, -1, 0)	(-1, -1, -1, 0)	(-1, -1, -1, 0)
15:	(1490, 1453, 1495, 4)	(1416, 1391, 1424, 4)	(1670, 1632, 1674, 4)	(814, 801, 817, 4)	(229, 223, 233, 4)	(536, 516, 541, 4)	(536, 515, 538, 4)	(1075, 1068, 1077, 4)	(536, 514, 537, 4)	(1670, 1630, 1671, 4)	(1075, 1067, 1076, 4)	(2140, 2139, -1, 1)	(-1, -1, -1, 0)	(-1, -1, -1, 0)	(-1, -1, -1, 0)	(-1, -1, -1, 0)
16:	(660, 495, 669, 4)	(846, 715, 858, 4)	(2117, 1591, 2118, 4)	(824, 786, 828, 4)	(1633, 1631, 1635, 4)	(807, 800, 809, 4)	(339, 332, 341, 4)	(1648, 1645, 1649, 4)	(1633, 1630, 1634, 4)	(1130, 1128, -1, 1)	(59, 57, -1, 1)	(-1, -1, -1, 0)	(-1, -1, -1, 0)	(-1, -1, -1, 0)	(-1, -1, -1, 0)	(-1, -1, -1, 0)
17:	(1755, 1362, 1770, 4)	(572, 553, 576, 4)	(1678, 1591, 1680, 4)	(1653, 1647, 1656, 4)	(429, 427, 433, 4)	(802, 801, 805, 4)	(1638, 1631, 1640, 4)	(1638, 1630, 1639, 4)	(58, 57, -1, 1)	(1428, 1427, -1, 1)	(-1, -1, -1, 0)	(-1, -1, -1, 0)	(-1, -1, -1, 0)	(-1, -1, -1, 0)	(-1, -1, -1, 0)	(-1, -1, -1, 0)
18:	(1510, 1391, 1515, 4)	(1418, 1399, 1422, 4)	(792, 786, 796, 4)	(1280, 1273, 1285, 4)	(481, 478, 483, 4)	(1392, 1391, 1395, 4)	(521, 520, 525, 4)	(1396, 1393, -1, 1)	(1565, 1558, 1567, 4)	(1627, 1626, -1, 1)	(132, 130, -1, 1)	(-1, -1, -1, 0)	(-1, -1, -1, 0)	(-1, -1, -1, 0)	(-1, -1, -1, 0)	(-1, -1, -1, 0)
19:	(1803, 1438, 1815, 4)	(1446, 1440, 1447, 4)	(1582, 1560, 1586, 4)	(1582, 1561, 1587, 4)	(1692, 1560, 1695, 4)	(1445, 1438, 1450, 4)	(1185, 1178, 1187, 4)	(1941, 425, 1942, 4)	(1804, 1440, 1805, 4)	(1947, 520, 1968, 4)	(177, 175, -1, 1)	(1860, 1858, -1, 1)	(-1, -1, -1, 0)	(-1, -1, -1, 0)	(-1, -1, -1, 0)	(-1, -1, -1, 0)
20:	(599, 591, 601, 4)	(736, 715, 741, 4)	(807, 801, 810, 4)	(486, 479, 489, 4)	(339, 333, 344, 4)	(1648, 1646, 1650, 4)	(1660, 1646, 1662, 4)	(1506, 1339, 1507, 4)	(918, 917, -1, 1)	(-1, -1, -1, 0)	(-1, -1, -1, 0)	(-1, -1, -1, 0)	(-1, -1, -1, 0)	(-1, -1, -1, 0)	(-1, -1, -1, 0)	(-1, -1, -1, 0)
21:	(1638, 1632, 1642, 4)	(434, 427, 439, 4)	(1648, 1647, 1651, 4)	(504, 478, 506, 4)	(546, 545, 549, 4)	(429, 425, 430, 4)	(572, 552, 573, 4)	(546, 543, 547, 4)	(1878, 1877, -1, 1)	(2220, 25, 2235, 4)	(-1, -1, -1, 0)	(-1, -1, -1, 0)	(-1, -1, -1, 0)	(-1, -1, -1, 0)	(-1, -1, -1, 0)	(-1, -1, -1, 0)
22:	(1185, 1179, 1190, 4)	(407, 405, 409, 4)	(554, 553, 558, 4)	(224, 222, 226, 4)	(824, 785, 826, 4)	(496, 495, 500, 4)	(224, 223, 228, 4)	(554, 552, 555, 4)	(1660, 1645, 1661, 4)	(2131, 2130, -1, 1)	(-1, -1, -1, 0)	(-1, -1, -1, 0)	(-1, -1, -1, 0)	(-1, -1, -1, 0)	(-1, -1, -1, 0)	(-1, -1, -1, 0)
23:	(1746, 1252, 1770, 4)	(1680, 1679, -1, 1)	(1400, 1399, 1404, 4)	(486, 478, 488, 4)	(1253, 1252, 1257, 4)	(1755, 1361, 1760, 4)	(1400, 1398, 1401, 4)	(802, 799, 803, 4)	(486, 477, 487, 4)	(339, 331, 340, 4)	(1932, 346, 1933, 4)	(-1, -1, -1, 0)	(-1, -1, -1, 0)	(-1, -1, -1, 0)	(-1, -1, -1, 0)	(-1, -1, -1, 0)
24:	(2174, 59, 2178, 4)	(1653, 1646, 1655, 4)	(1350, 1323, 1351, 4)	(429, 426, 431, 4)	(434, 426, 436, 4)	(1750, 1272, -1, 7)	(224, 221, 225, 4)	(1395, 1393, -1, 1)	(284, 282, -1, 1)	(745, 744, -1, 1)	(165, 164, -1, 1)	(-1, -1, -1, 0)	(-1, -1, -1, 0)	(-1, -1, -1, 0)	(-1, -1, -1, 0)	(-1, -1, -1, 0)
25:	(1445, 1437, 1447, 4)	(1581, 1558, 1586, 4)	(1367, 1365, 1369, 4)	(1670, 1631, 1672, 4)	(1131, 1130, 1135, 4)	(-1, -1, 1752, 8)	(1342, 1340, 1345, 4)	(787, 784, 788, 4)	(1131, 1129, 1132, 4)	(1635, 1634, -1, 1)	(1636, 1634, -1, 1)	(1563, 1562, -1, 1)	(-1, -1, -1, 0)	(-1, -1, -1, 0)	(-1, -1, -1, 0)	(-1, -1, -1, 0)
26:	(1546, 1396, 1552, 4)	(1454, 1453, 1458, 4)	(1275, 1272, 1277, 4)	(1180, 1178, 1182, 4)	(1280, 1272, 1282, 4)	(531, 516, 535, 4)	(807, 799, 808, 4)	(1973, 331, 1974, 4)	(134, 133, -1, 1)	(-1, -1, -1, 0)	(-1, -1, -1, 0)	(-1, -1, -1, 0)	(-1, -1, -1, 0)	(-1, -1, -1, 0)	(-1, -1, -1, 0)	(-1, -1, -1, 0)
27:	(-1, 177, -1, 5)	(1669, 1627, 1674, 4)	(77, 58, 80, 4)	(1682, 1627, 1685, 4)	(20, 6, 23, 4)	(608, 606, 609, 4)	(548, 547, -1, 1)	(814, 799, 815, 4)	(1180, 1177, 1181, 4)	(1288, 1287, 1289, 4)	(1452, 1451, -1, 1)	(1592, 1590, -1, 1)	(-1, -1, -1, 0)	(-1, -1, -1, 0)	(-1, -1, -1, 0)	(-1, -1, -1, 0)
28:	(2065, -1, 2071, 6)	(814, 800, 816, 4)	(600, 595, 603, 4)	(1913, 594, 1914, 4)	(556, 555, -1, 1)	(557, 555, -1, 1)	(521, 518, 522, 4)	(1372, 1364, 1373, 4)	(644, 606, 645, 4)	(1346, 1343, -1, 1)	(1192, 1191, -1, 1)	(1302, 1301, -1, 1)	(-1, -1, -1, 0)	(-1, -1, -1, 0)	(-1, -1, -1, 0)	(-1, -1, -1, 0)
29:	(1756, 1366, 1770, 4)	(334, 332, 336, 4)	(1367, 1366, 1371, 4)	(1377, 1362, 1381, 4)	(1402, 1401, -1, 1)	(531, 514, 532, 4)	(804, 803, -1, 1)	(1416, 1389, 1417, 4)	(1344, 1343, -1, 1)	(1510, 1389, 1511, 4)	(334, 331, 335, 4)	(1756, 1365, 1758, 4)	(-1, -1, -1, 0)	(-1, -1, -1, 0)	(-1, -1, -1, 0)	(-1, -1, -1, 0)
30:	(1275, 1271, 1276, 4)	(1070, 1069, 1074, 4)	(1253, 1250, 1254, 4)	(1418, 1398, 1419, 4)	(792, 784, 793, 4)	(1651, 1649, -1, 1)	(227, 225, -1, 1)	(1652, 1649, -1, 1)	(228, 225, -1, 1)	(2174, 58, 2175, 4)	(200, 199, -1, 1)	(-1, -1, -1, 0)	(-1, -1, -1, 0)	(-1, -1, -1, 0)	(-1, -1, -1, 0)	(-1, -1, -1, 0)
31:	(-1, 1680, -1, 5)	(407, 406, 411, 4)	(1194, 1193, 1198, 4)	(407, 404, 408, 4)	(1404, 1401, -1, 1)	(1650, 1649, -1, 1)	(805, 803, -1, 1)	(1133, 1132, -1, 1)	(226, 225, -1, 1)	(1135, 1132, -1, 1)	(806, 803, -1, 1)	(607, 605, -1, 1)	(8, 7, -1, 1)	(117, 115, -1, 1)	(-1, -1, -1, 0)	(-1, -1, -1, 0)
32:	(1712, -1, 1713, 6)	(1546, 1395, 1550, 4)	(832, 745, 834, 4)	(285, 284, 289, 4)	(1973, 332, 1975, 4)	(1403, 1401, -1, 1)	(790, 788, -1, 1)	(549, 547, -1, 1)	(550, 547, -1, 1)	(120, 114, 122, 4)	(2046, 114, 2047, 4)	(136, 135, -1, 1)	(-1, -1, -1, 0)	(-1, -1, -1, 0)	(-1, -1, -1, 0)	(-1, -1, -1, 0)
33:	(1671, 1636, 1674, 4)	(348, 347, 352, 4)	(178, 177, 182, 4)	(558, 555, -1, 1)	(610, 609, -1, 1)	(611, 609, -1, 1)	(789, 788, -1, 1)	(348, 346, 349, 4)	(824, 784, 825, 4)	(791, 788, -1, 1)	(262, 261, 265, 4)	(781, 780, -1, 1)	(383, 382, -1, 1)	(-1, -1, -1, 0)	(-1, -1, -1, 0)	(-1, -1, -1, 0)
34:	(1583, 1563, 1586, 4)	(1639, 1636, 1642, 4)	(1693, 1563, 1695, 4)	(2160, 2140, 2163, 4)	(149, 134, 152, 4)	(1134, 1132, -1, 1)	(1153, 1129, 1154, 4)	(374, 372, 375, 4)	(1594, 1593, -1, 1)	(-1, -1, -1, 0)	(-1, -1, -1, 0)	(-1, -1, -1, 0)	(-1, -1, -1, 0)	(-1, -1, -1, 0)	(-1, -1, -1, 0)	(-1, -1, -1, 0)
35:	(1741, 1193, 1770, 4)	(1678, 1592, 1681, 4)	(700, 548, 701, 4)	(570, 543, 571, 4)	(533, 532, -1, 1)	(1382, 1360, 1383, 4)	(534, 532, -1, 1)	(1490, 1452, 1491, 4)	(1280, 1271, 1281, 4)	(1637, 1634, -1, 1)	(2206, 3, 2216, 4)	(-1, -1, -1, 0)	(-1, -1, -1, 0)	(-1, -1, -1, 0)	(-1, -1, -1, 0)	(-1, -1, -1, 0)
36:	(1507, 1346, 1515, 4)	(1511, 1396, 1517, 4)	(1488, 1346, 1496, 4)	(1353, 1346, 1356, 4)	(1696, 1636, 1701, 4)	(1941, 426, 1943, 4)	(285, 283, 286, 4)	(1256, 1254, -1, 1)	(1394, 1393, -1, 1)	(1345, 1343, -1, 1)	(1628, 1626, -1, 1)	(207, 206, -1, 1)	(-1, -1, -1, 0)	(-1, -1, -1, 0)	(-1, -1, -1, 0)	(-1, -1, -1, 0)
37:	(1353, 1344, 1354, 4)	(1488, 1344, 1489, 4)	(1507, 1344, 1508, 4)	(573, 557, 575, 4)	(1454, 1452, 1455, 4)	(1255, 1254, -1, 1)	(409, 408, -1, 1)	(410, 408, -1, 1)	(307, 283, 308, 4)	(23, 21, -1, 1)	(98, 97, -1, 1)	(62, 60, -1, 1)	(-1, -1, -1, 0)	(-1, -1, -1, 0)	(-1, -1, -1, 0)	(-1, -1, -1, 0)
38:	(1417, 1395, 1424, 4)	(1417, 1396, 1425, 4)	(834, 833, -1, 1)	(1180, 1179, 1184, 4)	(1405, 1402, 1406, 4)	(1419, 1402, 1420, 4)	(1653, 1645, 1654, 4)	(664, 543, 665, 4)	(1987, 200, 1998, 4)	(262, 260, 263, 4)	(-1, -1, -1, 0)	(-1, -1, -1, 0)	(-1, -1, -1, 0)	(-1, -1, -1, 0)	(-1, -1, -1, 0)	(-1, -1, -1, 0)
39:	(1698, 1652, 1704, 4)	(644, 607, 649, 4)	(1419, 1404, 1422, 4)	(815, 805, 817, 4)	(1405, 1404, 1408, 4)	(524, 522, -1, 1)	(1141, 1133, 1142, 4)	(1698, 1650, 1699, 4)	(411, 408, -1, 1)	(89, 87, -1, 1)	(-1, -1, -1, 0)	(-1, -1, -1, 0)	(-1, -1, -1, 0)	(-1, -1, -1, 0)	(-1, -1, -1, 0)	(-1, -1, -1, 0)
40:	(852, 806, 858, 4)	(700, 549, 704, 4)	(1991, 745, 1992, 4)	(1661, 1651, 1663, 4)	(1141, 1135, 1144, 4)	(1698, 1651, 1700, 4)	(850, 790, 855, 4)	(1419, 1403, 1421, 4)	(782, 780, -1, 1)	(-1, -1, -1, 0)	(-1, -1, -1, 0)	(-1, -1, -1, 0)	(-1, -1, -1, 0)	(-1, -1, -1, 0)	(-1, -1, -1, 0)	(-1, -1, -1, 0)
41:	(573, 558, 576, 4)	(619, 611, 621, 4)	(645, 611, 647, 4)	(1681, 1679, -1, 1)	(700, 550, 706, 4)	(825, 791, 830, 4)	(564, 556, 565, 4)	(808, 804, 809, 4)	(1755, 1360, 1759, 4)	(152, 150, -1, 1)	(-1, -1, -1, 0)	(-1, -1, -1, 0)	(-1, -1, -1, 0)	(-1, -1, -1, 0)	(-1, -1, -1, 0)	(-1, -1, -1, 0)
42:	(1511, 1395, 1515, 4)	(571, 549, 578, 4)	(571, 550, 579, 4)	(825, 790, 828, 4)	(564, 558, 567, 4)	(559, 557, 561, 4)	(559, 558, 562, 4)	(608, 607, 612, 4)	(559, 556, 560, 4)	(573, 556, 574, 4)	(825, 789, 826, 4)	(1290, 1289, -1, 1)	(-1, -1, -1, 0)	(-1, -1, -1, 0)	(-1, -1, -1, 0)	(-1, -1, -1, 0)
43:	(628, 534, 635, 4)	(1671, 1637, 1676, 4)	(1136, 1134, 1138, 4)	(1141, 1134, 1143, 4)	(1136, 1135, 1139, 4)	(1154, 1134, 1156, 4)	(523, 522, -1, 1)	(287, 286, -1, 1)	(288, 286, -1, 1)	(1671, 1635, 1672, 4)	(289, 286, -1, 1)	(1257, 1254, -1, 1)	(525, 522, -1, 1)	(1564, 1562, -1, 1)	(441, 440, -1, 1)	(-1, -1, -1, 0)
44:	(665, 549, 669, 4)	(1488, 1345, 1495, 4)	(665, 550, 671, 4)	(1353, 1345, 1355, 4)	(665, 548, 666, 4)	(1511, 1394, 1512, 4)	(564, 557, 566, 4)	(1457, 1455, -1, 1)	(66, 64, 67, 4)	(307, 284, 312, 4)	(718, 716, -1, 1)	(-1, -1, -1, 0)	(-1, -1, -1, 0)	(-1, -1, -1, 0)	(-1, -1, -1, 0)	(-1, -1, -1, 0)
45:	(1696, 1637, 1704, 4)	(1417, 1394, 1422, 4)	(1507, 1345, 1514, 4)	(815, 806, 820, 4)	(418, 410, 420, 4)	(1654, 1651, 1656, 4)	(793, 791, 797, 4)	(77, 59, 81, 4)	(71, 62, 76, 4)	(-1, -1, -1, 0)	(-1, -1, -1, 0)	(-1, -1, -1, 0)	(-1, -1, -1, 0)	(-1, -1, -1, 0)	(-1, -1, -1, 0)	(-1, -1, -1, 0)
46:	(850, 791, 858, 4)	(-1, 834, -1, 5)	(852, 805, 854, 4)	(1405, 1403, 1407, 4)	(808, 805, 810, 4)	(836, 781, 839, 4)	(808, 806, 812, 4)	(1456, 1455, -1, 1)	(1408, 1406, -1, 1)	(1409, 1406, -1, 1)	(850, 789, 851, 4)	(1291, 1289, -1, 1)	(2137, 2136, -1, 1)	(-1, -1, -1, 0)	(-1, -1, -1, 0)	(-1, -1, -1, 0)
47:	(571, 548, 576, 4)	(866, -1, 867, 6)	(1546, 1394, 1547, 4)	(793, 790, 796, 4)	(1367, 1364, 1368, 4)	(793, 789, 794, 4)	(526, 518, 527, 4)	(496, 493, 497, 4)	(350, 349, -1, 1)	(351, 349, -1, 1)	(264, 263, -1, 1)	(265, 263, -1, 1)	(-1, -1, -1, 0)	(-1, -1, -1, 0)	(-1, -1, -1, 0)	(-1, -1, -1, 0)
48:	(823, 781, 828, 4)	(1661, 1652, 1666, 4)	(1264, 1256, 1266, 4)	(613, 611, 615, 4)	(537, 534, 539, 4)	(537, 533, 538, 4)	(612, 609, -1, 1)	(1070, 1067, 1071, 4)	(1161, 1067, 1162, 4)	(32, 31, -1, 1)	(-1, -1, -1, 0)	(-1, -1, -1, 0)	(-1, -1, -1, 0)	(-1, -1, -1, 0)	(-1, -1, -1, 0)	(-1, -1, -1, 0)
49:	(626, 524, 635, 4)	(1712, 1681, 1719, 4)	(1410, 1404, 1413, 4)	(1654, 1652, 1658, 4)	(1194, 1192, 1195, 4)	(1182, 1181, -1, 1)	(1696, 1635, 1697, 4)	(1183, 1181, -1, 1)	(1741, 1192, 1742, 4)	(198, 196, -1, 1)	(-1, -1, -1, 0)	(-1, -1, -1, 0)	(-1, -1, -1, 0)	(-1, -1, -1, 0)	(-1, -1, -1, 0)	(-1, -1, -1, 0)
50:	(823, 782, 829, 4)	(1669, 1628, 1675, 4)	(418, 411, 423, 4)	(561, 560, -1, 1)	(562, 560, -1, 1)	(563, 560, -1, 1)	(628, 533, -1, 7)	(1912, 591, 1914, 4)	(68, 67, -1, 1)	(1153, 1130, 1158, 4)	(717, 716, -1, 1)	(2016, 2015, -1, 1)	(1033, 1032, -1, 1)	(-1, -1, -1, 0)	(-1, -1, -1, 0)	(-1, -1, -1, 0)
51:	(626, 525, 640, 4)	(1693, 1564, 1704, 4)	(295, 289, 298, 4)	(1583, 1564, 1587, 4)	(1410, 1403, 1412, 4)	(1410, 1402, 1411, 4)	(-1, -1, 629, 8)	(811, 809, -1, 1)	(535, 532, -1, 1)	(1937, 406, 1968, 4)	(174, 172, -1, 1)	(1087, 1086, -1, 1)	(1862, 1861, -1, 1)	(-1, -1, -1, 0)	(-1, -1, -1, 0)	(-1, -1, -1, 0)
52:	(847, 718, 858, 4)	(1465, 1457, 1467, 4)	(1491, 1457, 1493, 4)	(737, 718, 741, 4)	(308, 288, 310, 4)	(1258, 1250, 1259, 4)	(1407, 1406, -1, 1)	(1639, 1635, 1640, 4)	(812, 809, -1, 1)	(2194, 88, 2199, 4)	(61, 60, -1, 1)	(1988, 208, 1990, 4)	(-1, -1, -1, 0)	(-1, -1, -1, 0)	(-1, -1, -1, 0)	(-1, -1, -1, 0)
53:	(1264, 1257, 1269, 4)	(290, 288, 292, 4)	(290, 289, 293, 4)	(334, 333, 338, 4)	(1369, 1368, -1, 1)	(795, 794, -1, 1)	(290, 287, 291, 4)	(295, 287, 296, 4)	(796, 794, -1, 1)	(499, 497, -1, 1)	(500, 497, -1, 1)	(797, 794, -1, 1)	(1003, 1002, -1, 1)	(119, 118, -1, 1)	(1004, 1002, -1, 1)	(-1, -1, -1, 0)
54:	(1476, 1409, 1481, 4)	(1420, 1409, 1423, 4)	(1420, 1408, 1422, 4)	(1476, 1408, 1478, 4)	(1459, 1457, 1461, 4)	(1639, 1637, 1643, 4)	(2224, 2140, 2228, 4)	(1654, 1650, 1655, 4)	(1661, 1650, 1662, 4)	(1370, 1368, -1, 1)	(1154, 1133, 1155, 4)	(1371, 1368, -1, 1)	(746, 744, -1, 1)	(-1, -1, -1, 0)	(-1, -1, -1, 0)	(-1, -1, -1, 0)
55:	(295, 288, 297, 4)	(353, 351, 355, 4)	(358, 351, 360, 4)	(1933, 351, 1935, 4)	(1465, 1456, 1466, 4)	(498, 497, -1, 1)	(1196, 1195, -1, 1)	(353, 350, 354, 4)	(852, 804, 853, 4)	(1198, 1195, -1, 1)	(1303, 1302, 1304, 4)	(2141, 2139, -1, 1)	(-1, -1, -1, 0)	(-1, -1, -1, 0)	(-1, -1, -1, 0)	(-1, -1, -1, 0)
56:	(645, 612, 649, 4)	(619, 612, 623, 4)	(1459, 1456, 1460, 4)	(619, 610, 620, 4)	(539, 538, -1, 1)	(645, 610, 646, 4)	(540, 538, -1, 1)	(1184, 1181, -1, 1)	(1933, 350, 1934, 4)	(2097, 136, 2098, 4)	(374, 373, 376, 4)	(377, 375, -1, 1)	(1441, 1439, -1, 1)	(-1, -1, -1, 0)	(-1, -1, -1, 0)	(-1, -1, -1, 0)
57:	(1411, 1408, 1413, 4)	(1411, 1409, 1414, 4)	(2155, 2137, 2157, 4)	(815, 804, 816, 4)	(810, 809, -1, 1)	(308, 287, 309, 4)	(315, 221, 316, 4)	(1746, 1250, 1747, 4)	(154, 152, 158, 4)	(110, 108, -1, 1)	(1864, 1863, -1, 1)	(-1, -1, -1, 0)	(-1, -1, -1, 0)	(-1, -1, -1, 0)	(-1, -1, -1, 0)	(-1, -1, -1, 0)
58:	(1736, 1033, 1770, 4)	(630, 562, 632, 4)	(737, 717, 740, 4)	(1210, 1183, 1213, 4)	(847, 717, 849, 4)	(565, 562, 567, 4)	(613, 610, 614, 4)	(1491, 1456, 1492, 4)	(1292, 1291, 1294, 4)	(1596, 1595, -1, 1)	(2240, 62, 2247, 4)	(-1, -1, -1, 0)	(-1, -1, -1, 0)	(-1, -1, -1, 0)	(-1, -1, -1, 0)	(-1, -1, -1, 0)
59:	(630, 563, 635, 4)	(628, 535, 640, 4)	(574, 563, 577, 4)	(565, 563, 568, 4)	(613, 612, 617, 4)	(537, 535, 541, 4)	(574, 561, 575, 4)	(1458, 1455, -1, 1)	(1642, 1640, -1, 1)	(1197, 1195, -1, 1)	(294, 291, -1, 1)	(526, 519, 528, 4)	(2012, 2010, -1, 1)	(-1, -1, -1, 0)	(-1, -1, -1, 0)	(-1, -1, -1, 0)
60:	(837, 812, 842, 4)	(574, 562, 576, 4)	(216, 198, 219, 4)	(72, 68, 73, 4)	(565, 561, 566, 4)	(1377, 1360, 1378, 4)	(1657, 1655, -1, 1)	(1658, 1655, -1, 1)	(1756, 1364, 1757, 4)	(78, 68, 79, 4)	(235, 227, 237, 4)	(-1, -1, -1, 0)	(-1, -1, -1, 0)	(-1, -1, -1, 0)	(-1, -1, -1, 0)	(-1, -1, -1, 0)
61:	(851, 797, 858, 4)	(507, 500, 510, 4)	(851, 796, 855, 4)	(1411, 1407, 1412, 4)	(1641, 1640, -1, 1)	(1136, 1133, 1137, 4)	(235, 226, 236, 4)	(1074, 1071, -1, 1)	(726, 725, 728, 4)	(1472, 1369, 1473, 4)	(166, 165, 167, 4)	(-1, -1, -1, 0)	(-1, -1, -1, 0)	(-1, -1, -1, 0)	(-1, -1, -1, 0)	(-1, -1, -1, 0)
62:	(1472, 1370, 1481, 4)	(1472, 1371, 1485, 4)	(183, 174, 188, 4)	(1461, 1460, -1, 1)	(1476, 1407, 1477, 4)	(1462, 1460, -1, 1)	(1072, 1071, -1, 1)	(1073, 1071, -1, 1)	(358, 350, 359, 4)	(355, 354, -1, 1)	(1643, 1640, -1, 1)	(1305, 1304, -1, 1)	(-1, -1, -1, 0)	(-1, -1, -1, 0)	(-1, -1, -1, 0)	(-1, -1, -1, 0)
63:	(-1, 1198, -1, 5)	(507, 498, 508, 4)	(507, 499, 509, 4)	(832, 746, 835, 4)	(1204, 1198, 1209, 4)	(1420, 1407, 1421, 4)	(1656, 1655, -1, 1)	(336, 335, -1, 1)	(337, 335, -1, 1)	(356, 354, -1, 1)	(1865, 1862, 1867, 4)	(456, 455, -1, 1)	(1430, 1429, -1, 1)	(-1, -1, -1, 0)	(-1, -1, -1, 0)	(-1, -1, -1, 0)
64:	(1742, -1, 1770, 6)	(629, 539, -1, 7)	(629, 540, 637, 4)	(1804, 1441, 1815, 4)	(1210, 1184, 1215, 4)	(816, 811, 819, 4)	(615, 614, -1, 1)	(616, 614, -1, 1)	(292, 291, -1, 1)	(293, 291, -1, 1)	(1937, 404, 1938, 4)	(-1, -1, -1, 0)	(-1, -1, -1, 0)	(-1, -1, -1, 0)	(-1, -1, -1, 0)	(-1, -1, -1, 0)
65:	(663, 540, 669, 4)	(-1, -1, 635, 8)	(1747, 1256, 1749, 4)	(1446, 1441, 1450, 4)	(1946, 514, 1950, 4)	(1742, 1196, 1743, 4)	(69, 67, -1, 1)	(2065, 176, 2066, 4)	(1259, 1256, 1261, 4)	(86, 84, -1, 1)	(-1, -1, -1, 0)	(-1, -1, -1, 0)	(-1, -1, -1, 0)	(-1, -1, -1, 0)	(-1, -1, -1, 0)	(-1, -1, -1, 0)
66:	(1757, 1370, 1763, 4)	(663, 539, -1, 7)	(316, 228, 326, 4)	(1199, 1198, 1203, 4)	(568, 566, -1, 1)	(1199, 1196, 1200, 4)	(641, 493, 642, 4)	(1204, 1196, 1205, 4)	(569, 566, -1, 1)	(266, 264, 267, 4)	(210, 209, -1, 1)	(2238, 32, 2239, 4)	(-1, -1, -1, 0)	(-1, -1, -1, 0)	(-1, -1, -1, 0)	(-1, -1, -1, 0)
67:	(853, 812, 858, 4)	(-1, -1, 667, 8)	(1491, 1458, 1495, 4)	(1465, 1458, 1469, 4)	(1672, 1642, -1, 7)	(1199, 1197, 1201, 4)	(1742, 1197, 1744, 4)	(1379, 1378, -1, 1)	(1413, 1412, -1, 1)	(1414, 1412, -1, 1)	(1415, 1412, -1, 1)	(308, 289, 312, 4)	(412, 406, 416, 4)	(171, 169, -1, 1)	(895, 894, -1, 1)	(-1, -1, -1, 0)
68:	(1699, 1658, 1704, 4)	(2061, 110, 2071, 4)	(1662, 1658, 1666, 4)	(1662, 1657, 1665, 4)	(-1, -1, 1674, 8)	(851, 795, 854, 4)	(617, 614, -1, 1)	(1138, 1137, -1, 1)	(1140, 1137, -1, 1)	(352, 349, -1, 1)	(1941, 427, 1968, 4)	(1988, 207, 1989, 4)	(-1, -1, -1, 0)	(-1, -1, -1, 0)	(-1, -1, -1, 0)	(-1, -1, -1, 0)
69:	(1683, 1658, 1688, 4)	(835, 833, -1, 1)	(1162, 1074, 1172, 4)	(813, 795, 817, 4)	(567, 566, -1, 1)	(1380, 1378, -1, 1)	(1381, 1378, -1, 1)	(71, 61, 73, 4)	(14, 8, 16, 4)	(309, 294, 313, 4)	(748, 747, -1, 1)	(95, 94, -1, 1)	(-1, -1, -1, 0)	(-1, -1, -1, 0)	(-1, -1, -1, 0)	(-1, -1, -1, 0)
70:	(1492, 1462, -1, 7)	(1747, 1257, 1770, 4)	(1466, 1461, 1467, 4)	(1466, 1462, 1468, 4)	(1479, 1461, 1480, 4)	(1492, 1461, -1, 7)	(229, 221, 230, 4)	(1185, 1177, 1186, 4)	(1934, 355, 1935, 4)	(2157, 2156, -1, 1)	(376, 375, -1, 1)	(2032, 2016, 2033, 4)	(2143, 2142, -1, 1)	(-1, -1, -1, 0)	(-1, -1, -1, 0)	(-1, -1, -1, 0)
71:	(-1, -1, 1494, 8)	(678, 356, 683, 4)	(826, 796, -1, 7)	(813, 797, 820, 4)	(826, 797, 830, 4)	(-1, -1, 1493, 8)	(364, 337, 367, 4)	(813, 796, 818, 4)	(1659, 1642, 1664, 4)	(1672, 1641, -1, 7)	(678, 355, 679, 4)	(65, 63, -1, 1)	(1432, 1431, -1, 1)	(-1, -1, -1, 0)	(-1, -1, -1, 0)	(-1, -1, -1, 0)
72:	(633, 616, 635, 4)	(1950, 534, 1954, 4)	(-1, -1, 828, 8)	(646, 616, -1, 7)	(1934, 356, 1957, 4)	(633, 615, 634, 4)	(646, 615, -1, 7)	(1459, 1458, 1463, 4)	(1076, 1072, 1077, 4)	(-1, -1, 1673, 8)	(1162, 1072, 1163, 4)	(2240, 61, 2241, 4)	(527, 524, 529, 4)	(-1, -1, -1, 0)	(-1, -1, -1, 0)	(-1, -1, -1, 0)
73:	(642, 499, 649, 4)	(642, 500, 650, 4)	(642, 498, 643, 4)	(-1, -1, 648, 8)	(78, 69, 80, 4)	(630, 561, 631, 4)	(-1, -1, 647, 8)	(826, 795, -1, 7)	(1950, 533, 1951, 4)	(1803, 1437, 1805, 4)	(2113, 88, 2127, 4)	(153, 128, 156, 4)	(-1, -1, -1, 0)	(-1, -1, -1, 0)	(-1, -1, -1, 0)	(-1, -1, -1, 0)
74:	(1479, 1462, 1481, 4)	(1697, 1643, 1704, 4)	(575, 569, 580, 4)	(322, 294, -1, 7)	(1076, 1074, 1079, 4)	(1697, 1642, 1701, 4)	(1139, 1137, -1, 1)	(-1, -1, 827, 8)	(364, 336, 365, 4)	(541, 538, -1, 1)	(2078, 174, 2083, 4)	(2031, 2012, 2037, 4)	(-1, -1, -1, 0)	(-1, -1, -1, 0)	(-1, -1, -1, 0)	(-1, -1, -1, 0)
75:	(1477, 1415, 1486, 4)	(1910, 568, 1916, 4)	(575, 568, 577, 4)	(-1, -1, 326, 8)	(1421, 1415, 1426, 4)	(1801, 1415, 1815, 4)	(1672, 1643, 1676, 4)	(1659, 1643, 1666, 4)	(816, 810, 817, 4)	(1565, 1557, 1566, 4)	(1433, 1428, 1434, 4)	(-1, -1, -1, 0)	(-1, -1, -1, 0)	(-1, -1, -1, 0)	(-1, -1, -1, 0)	(-1, -1, -1, 0)
76:	(633, 617, 636, 4)	(1757, 1371, 1770, 4)	(620, 615, 621, 4)	(620, 616, 622, 4)	(620, 617, 623, 4)	(-1, 1413, -1, 5)	(1168, 1140, -1, 7)	(358, 352, 363, 4)	(1186, 1183, 1188, 4)	(1974, 337, 1976, 4)	(1186, 1182, 1187, 4)	(-1, -1, -1, 0)	(-1, -1, -1, 0)	(-1, -1, -1, 0)	(-1, -1, -1, 0)	(-1, -1, -1, 0)
77:	(1759, 1380, 1763, 4)	(1910, 567, -1, 7)	(1383, 1380, 1385, 4)	(1081, 1072, 1082, 4)	(316, 226, 317, 4)	(1477, -1, 1478, 6)	(-1, -1, 1172, 8)	(338, 335, -1, 1)	(853, 811, 856, 4)	(1081, 1073, 1083, 4)	(1162, 1073, 1164, 4)	(2145, 2144, -1, 1)	(1838, 1837, -1, 1)	(-1, -1, -1, 0)	(-1, -1, -1, 0)	(-1, -1, -1, 0)
78:	(1474, 1381, 1485, 4)	(-1, -1, 1911, 8)	(1801, 1414, 1807, 4)	(1076, 1073, 1078, 4)	(359, 356, 362, 4)	(189, 171, 195, 4)	(1210, 1182, 1211, 4)	(1080, 1077, -1, 1)	(1202, 1200, -1, 1)	(1203, 1200, -1, 1)	(384, 383, 385, 4)	(142, 140, -1, 1)	(-1, -1, -1, 0)	(-1, -1, -1, 0)	(-1, -1, -1, 0)	(-1, -1, -1, 0)
79:	(631, 568, 635, 4)	(631, 569, 639, 4)	(646, 617, -1, 7)	(1442, 1430, 1447, 4)	(296, 293, 298, 4)	(816, 812, 820, 4)	(1155, 1138, 1156, 4)	(2045, 110, 2059, 4)	(412, 405, 414, 4)	(897, 896, -1, 1)	(-1, -1, -1, 0)	(-1, -1, -1, 0)	(-1, -1, -1, 0)	(-1, -1, -1, 0)	(-1, -1, -1, 0)	(-1, -1, -1, 0)
80:	(1951, 539, 1954, 4)	(1951, 540, 1956, 4)	(-1, -1, 649, 8)	(1421, 1414, 1423, 4)	(-1, 567, -1, 5)	(1142, 1140, 1145, 4)	(1383, 1381, 1387, 4)	(1383, 1379, 1384, 4)	(1201, 1200, -1, 1)	(1306, 1304, -1, 1)	(30, 29, -1, 1)	(-1, -1, -1, 0)	(-1, -1, -1, 0)	(-1, -1, -1, 0)	(-1, -1, -1, 0)	(-1, -1, -1, 0)
81:	(1477, 1414, 1481, 4)	(1204, 1197, 1206, 4)	(1474, 1379, -1, 7)	(818, 817, -1, 1)	(631, -1, 632, 6)	(819, 817, -1, 1)	(1722, 1177, 1723, 4)	(1759, 1379, 1760, 4)	(2191, 8, 2192, 4)	(1991, 746, 1998, 4)	(1372, 1365, 1374, 4)	(1836, 1835, -1, 1)	(-1, -1, -1, 0)	(-1, -1, -1, 0)	(-1, -1, -1, 0)	(-1, -1, -1, 0)
82:	(629, 541, 640, 4)	(1759, 1381, 1770, 4)	(-1, -1, 1475, 8)	(663, 541, 673, 4)	(1142, 1139, 1144, 4)	(230, 228, 233, 4)	(1938, 410, 1940, 4)	(230, 226, 231, 4)	(219, 217, -1, 1)	(235, 228, 238, 4)	(173, 172, -1, 1)	(752, 751, -1, 1)	(1054, 1052, -1, 1)	(-1, -1, -1, 0)	(-1, -1, -1, 0)	(-1, -1, -1, 0)
83:	(866, 835, 873, 4)	(1421, 1413, 1422, 4)	(575, 567, 576, 4)	(296, 294, 299, 4)	(340, 337, 342, 4)	(340, 336, 341, 4)	(1081, 1074, 1084, 4)	(1947, 519, 1949, 4)	(26, 24, -1, 1)	(-1, -1, -1, 0)	(-1, -1, -1, 0)	(-1, -1, -1, 0)	(-1, -1, -1, 0)	(-1, -1, -1, 0)	(-1, -1, -1, 0)	(-1, -1, -1, 0)
84:	(1801, 1413, 1802, 4)	(230, 227, 232, 4)	(1463, 1460, -1, 1)	(309, 292, 310, 4)	(1168, 1138, 1169, 4)	(1116, 1107, 1119, 4)	(2168, 2157, 2170, 4)	(413, 411, 416, 4)	(386, 385, -1, 1)	(1259, 1255, 1260, 4)	(-1, -1, -1, 0)	(-1, -1, -1, 0)	(-1, -1, -1, 0)	(-1, -1, -1, 0)	(-1, -1, -1, 0)	(-1, -1, -1, 0)
85:	(364, 338, -1, 7)	(1443, 1432, 1447, 4)	(1659, 1641, 1663, 4)	(1697, 1641, 1700, 4)	(1186, 1184, 1190, 4)	(72, 69, 74, 4)	(660, 493, 661, 4)	(1974, 336, 1975, 4)	(413, 409, 414, 4)	(124, 122, -1, 1)	(-1, -1, -1, 0)	(-1, -1, -1, 0)	(-1, -1, -1, 0)	(-1, -1, -1, 0)	(-1, -1, -1, 0)	(-1, -1, -1, 0)
86:	(-1, -1, 370, 8)	(1520, 1080, 1529, 4)	(1524, 1203, 1532, 4)	(1163, 1080, 1173, 4)	(353, 352, 357, 4)	(1385, 1384, -1, 1)	(1386, 1384, -1, 1)	(322, 292, 323, 4)	(413, 410, 415, 4)	(774, 763, 775, 4)	(109, 108, -1, 1)	(-1, -1, -1, 0)	(-1, -1, -1, 0)	(-1, -1, -1, 0)	(-1, -1, -1, 0)	(-1, -1, -1, 0)
87:	(1474, 1380, 1481, 4)	(1723, 1184, 1731, 4)	(1743, 1202, 1766, 4)	(1205, 1202, 1208, 4)	(1205, 1203, 1209, 4)	(1723, 1183, 1725, 4)	(104, 86, 107, 4)	(820, 817, -1, 1)	(1292, 1290, 1293, 4)	(-1, -1, -1, 0)	(-1, -1, -1, 0)	(-1, -1, -1, 0)	(-1, -1, -1, 0)	(-1, -1, -1, 0)	(-1, -1, -1, 0)	(-1, -1, -1, 0)
88:	(340, 338, 344, 4)	(66, 65, 70, 4)	(1078, 1077, -1, 1)	(359, 355, 360, 4)	(1079, 1077, -1, 1)	(1723, 1182, 1724, 4)	(1743, 1201, 1744, 4)	(76, 73, -1, 1)	(1258, 1252, 1262, 4)	(1373, 1370, 1375, 4)	(269, 267, -1, 1)	(-1, -1, -1, 0)	(-1, -1, -1, 0)	(-1, -1, -1, 0)	(-1, -1, -1, 0)	(-1, -1, -1, 0)
89:	(1743, 1203, 1770, 4)	(577, 576, -1, 1)	(578, 576, -1, 1)	(1424, 1422, -1, 1)	(579, 576, -1, 1)	(1425, 1422, -1, 1)	(580, 576, -1, 1)	(1426, 1422, -1, 1)	(233, 231, -1, 1)	(342, 341, -1, 1)	(343, 341, -1, 1)	(1947, 518, 1948, 4)	(1387, 1384, -1, 1)	(1082, 1080, 1085, 4)	(1567, 1566, -1, 1)	(13, 12, -1, 1)
90:	(1423, 1422, -1, 1)	(827, 818, 828, 4)	(827, 819, 829, 4)	(183, 173, 185, 4)	(296, 292, 297, 4)	(837, 810, 838, 4)	(1524, 1201, 1525, 4)	(2210, 64, 2211, 4)	(2078, 173, 2079, 4)	(2138, 2136, -1, 1)	(1868, 1867, -1, 1)	(-1, -1, -1, 0)	(-1, -1, -1, 0)	(-1, -1, -1, 0)	(-1, -1, -1, 0)	(-1, -1, -1, 0)
91:	(661, 500, 669, 4)	(661, 499, 668, 4)	(232, 231, -1, 1)	(1188, 1187, -1, 1)	(234, 231, -1, 1)	(1189, 1187, -1, 1)	(1190, 1187, -1, 1)	(2221, 30, 2222, 4)	(2038, 219, 2042, 4)	(1311, 1305, 1312, 4)	(1611, 1609, 1612, 4)	(1840, 1839, -1, 1)	(984, 983, -1, 1)	(882, 881, -1, 1)	(1026, 1025, -1, 1)	(-1, -1, -1, 0)
92:	(1479, 1463, 1482, 4)	(1524, 1202, 1529, 4)	(1466, 1463, 1469, 4)	(1662, 1656, 1663, 4)	(1205, 1201, 1206, 4)	(1699, 1656, 1700, 4)	(357, 354, -1, 1)	(1932, 347, 1968, 4)	(774, 764, 777, 4)	(1006, 1005, -1, 1)	(-1, -1, -1, 0)	(-1, -1, -1, 0)	(-1, -1, -1, 0)	(-1, -1, -1, 0)	(-1, -1, -1, 0)	(-1, -1, -1, 0)
93:	(1492, 1463, -1, 7)	(661, 498, 662, 4)	(2047, 124, 2049, 4)	(74, 73, -1, 1)	(37, 30, 39, 4)	(143, 136, 145, 4)	(2190, 3, 2203, 4)	(1168, 1139, -1, 7)	(1261, 1260, -1, 1)	(900, 898, -1, 1)	(922, 920, -1, 1)	(-1, -1, -1, 0)	(-1, -1, -1, 0)	(-1, -1, -1, 0)	(-1, -1, -1, 0)	(-1, -1, -1, 0)
94:	(-1, -1, 1495, 8)	(1475, 1385, -1, 7)	(1475, 1386, 1483, 4)	(344, 341, -1, 1)	(2225, 2143, 2226, 4)	(1822, 1008, 1826, 4)	(836, 782, 840, 4)	(-1, -1, 1171, 8)	(1372, 1366, 1376, 4)	(1307, 1306, 1309, 4)	(-1, 109, -1, 5)	(-1, -1, -1, 0)	(-1, -1, -1, 0)	(-1, -1, -1, 0)	(-1, -1, -1, 0)	(-1, -1, -1, 0)
95:	(1948, 524, 1954, 4)	(-1, -1, 1481, 8)	(1509, 1386, 1515, 4)	(827, 820, 830, 4)	(178, 176, 179, 4)	(70, 67, -1, 1)	(1311, 1306, 1313, 4)	(270, 260, 271, 4)	(121, 119, 125, 4)	(584, 583, -1, 1)	(2061, -1, 2070, 6)	(-1, -1, -1, 0)	(-1, -1, -1, 0)	(-1, -1, -1, 0)	(-1, -1, -1, 0)	(-1, -1, -1, 0)
96:	(1760, 1385, 1763, 4)	(1509, 1385, -1, 7)	(838, 820, 842, 4)	(1520, 1079, 1522, 4)	(79, 76, 83, 4)	(2190, 4, 2204, 4)	(2050, 200, 2055, 4)	(442, 441, 443, 4)	(415, 414, -1, 1)	(1520, 1078, 1521, 4)	(1973, 333, 1985, 4)	(-1, -1, -1, 0)	(-1, -1, -1, 0)	(-1, -1, -1, 0)	(-1, -1, -1, 0)	(-1, -1, -1, 0)
97:	(1475, 1387, 1485, 4)	(-1, -1, 1513, 8)	(632, 577, 635, 4)	(632, 580, 639, 4)	(1478, 1426, 1486, 4)	(632, 578, 637, 4)	(1478, 1425, 1484, 4)	(1911, 577, 1916, 4)	(1760, 1387, 1770, 4)	(1512, 1426, 1519, 4)	(1911, 578, 1918, 4)	(2132, 2131, 2133, 4)	(-1, -1, -1, 0)	(-1, -1, -1, 0)	(-1, -1, -1, 0)	(-1, -1, -1, 0)
98:	(632, 579, 638, 4)	(1802, 1423, -1, 7)	(666, 577, 667, 4)	(1547, 1423, 1548, 4)	(666, 578, 669, 4)	(1512, 1425, 1517, 4)	(1547, 1424, 1550, 4)	(666, 580, 672, 4)	(-1, 343, -1, 5)	(1547, 1426, 1555, 4)	(1209, 1206, -1, 1)	(1620, 1609, 1621, 4)	(-1, -1, -1, 0)	(-1, -1, -1, 0)	(-1, -1, -1, 0)	(-1, -1, -1, 0)
99:	(701, 577, 702, 4)	(-1, -1, 1807, 8)	(1724, 1190, 1731, 4)	(1509, 1387, 1518, 4)	(701, 578, 704, 4)	(1523, 1190, 1531, 4)	(1802, 1424, 1809, 4)	(276, 269, 278, 4)	(1975, -1, 1977, 6)	(361, 360, -1, 1)	(2042, 2040, -1, 1)	(-1, -1, -1, 0)	(-1, -1, -1, 0)	(-1, -1, -1, 0)	(-1, -1, -1, 0)	(-1, -1, -1, 0)
100:	(1478, 1424, 1483, 4)	(1760, 1386, 1765, 4)	(666, 579, 671, 4)	(701, 579, 706, 4)	(365, 342, 367, 4)	(434, 425, 435, 4)	(1975, 342, 1976, 4)	(1307, 1305, 1308, 4)	(53, 52, -1, 1)	(904, 903, -1, 1)	(-1, -1, -1, 0)	(-1, -1, -1, 0)	(-1, -1, -1, 0)	(-1, -1, -1, 0)	(-1, -1, -1, 0)	(-1, -1, -1, 0)
101:	(1512, 1424, 1515, 4)	(1523, 1189, 1529, 4)	(1724, 1189, 1726, 4)	(1802, 1426, 1815, 4)	(317, 233, 326, 4)	(1523, 1188, 1526, 4)	(1664, 1663, -1, 1)	(1665, 1663, -1, 1)	(1666, 1663, -1, 1)	(1155, 1140, 1159, 4)	(236, 233, 238, 4)	(1295, 1293, -1, 1)	(2011, 2010, -1, 1)	(-1, -1, -1, 0)	(-1, -1, -1, 0)	(-1, -1, -1, 0)
102:	(1478, 1423, 1481, 4)	(677, 343, 683, 4)	(701, 580, 707, 4)	(1802, 1425, 1811, 4)	(365, 343, 368, 4)	(365, 344, 370, 4)	(1694, 1567, -1, 7)	(730, 725, 732, 4)	(730, 724, 731, 4)	(168, 167, -1, 1)	(162, 161, -1, 1)	(-1, -1, -1, 0)	(-1, -1, -1, 0)	(-1, -1, -1, 0)	(-1, -1, -1, 0)	(-1, -1, -1, 0)
103:	(1512, 1423, 1513, 4)	(678, 357, 686, 4)	(1547, 1425, 1552, 4)	(317, 234, 327, 4)	(1142, 1138, 1143, 4)	(1683, 1656, 1684, 4)	(-1, -1, 1695, 8)	(2211, 68, -1, 7)	(444, 443, -1, 1)	(1613, 1612, -1, 1)	(416, 414, -1, 1)	(-1, -1, -1, 0)	(-1, -1, -1, 0)	(-1, -1, -1, 0)	(-1, -1, -1, 0)	(-1, -1, -1, 0)
104:	(677, 344, 687, 4)	(1163, 1079, 1172, 4)	(78, 70, 82, 4)	(298, 297, -1, 1)	(300, 297, -1, 1)	(181, 179, -1, 1)	(182, 179, -1, 1)	(-1, -1, 2212, 8)	(397, 377, 400, 4)	(765, 764, 768, 4)	(387, 385, -1, 1)	(765, 763, 766, 4)	(-1, -1, -1, 0)	(-1, -1, -1, 0)	(-1, -1, -1, 0)	(-1, -1, -1, 0)
105:	(596, 584, 601, 4)	(1211, 1189, 1214, 4)	(1211, 1188, 1213, 4)	(1211, 1190, 1215, 4)	(2155, 2138, 2158, 4)	(853, 810, 854, 4)	(1912, 592, 1929, 4)	(242, 241, 243, 4)	(131, 130, -1, 1)	(1229, 1228, -1, 1)	(-1, -1, -1, 0)	(-1, -1, -1, 0)	(-1, -1, -1, 0)	(-1, -1, -1, 0)	(-1, -1, -1, 0)	(-1, -1, -1, 0)
106:	(1525, 1209, 1532, 4)	(1911, 579, 1920, 4)	(677, 342, 680, 4)	(674, 233, 676, 4)	(838, 818, 839, 4)	(180, 179, -1, 1)	(79, 74, 80, 4)	(989, 984, 991, 4)	(1294, 1293, -1, 1)	(158, 155, -1, 1)	(-1, -1, -1, 0)	(-1, -1, -1, 0)	(-1, -1, -1, 0)	(-1, -1, -1, 0)	(-1, -1, -1, 0)	(-1, -1, -1, 0)
107:	(1744, 1209, 1770, 4)	(359, 357, 363, 4)	(1212, 1209, 1216, 4)	(1207, 1206, -1, 1)	(366, 361, 367, 4)	(1208, 1206, -1, 1)	(1220, 1219, 1222, 4)	(445, 443, -1, 1)	(1108, 1106, 1109, 4)	(205, 204, -1, 1)	(147, 145, -1, 1)	(-1, -1, -1, 0)	(-1, -1, -1, 0)	(-1, -1, -1, 0)	(-1, -1, -1, 0)	(-1, -1, -1, 0)
108:	(674, 234, 683, 4)	(2211, 69, -1, 7)	(1724, 1188, 1725, 4)	(1935, 361, 1936, 4)	(1009, 1006, 1011, 4)	(2194, 89, 2203, 4)	(1088, 1087, 1089, 4)	(726, 724, 727, 4)	(712, 710, -1, 1)	(1036, 1031, 1037, 4)	(-1, -1, -1, 0)	(-1, -1, -1, 0)	(-1, -1, -1, 0)	(-1, -1, -1, 0)	(-1, -1, -1, 0)	(-1, -1, -1, 0)
109:	(1700, 1666, 1704, 4)	(-1, -1, 2213, 8)	(1673, 1664, 1674, 4)	(1673, 1665, 1675, 4)	(1673, 1666, 1676, 4)	(2031, 2011, 2034, 4)	(2101, 2011, 2105, 4)	(1144, 1143, -1, 1)	(1146, 1143, -1, 1)	(2160, 2141, 2166, 4)	(316, 227, 318, 4)	(1044, 1043, -1, 1)	(-1, -1, -1, 0)	(-1, -1, -1, 0)	(-1, -1, -1, 0)	(-1, -1, -1, 0)
110:	(1684, 1666, 1688, 4)	(1540, 1295, 1552, 4)	(72, 70, 75, 4)	(1684, 1664, 1685, 4)	(1145, 1143, -1, 1)	(1989, 210, 1998, 4)	(2183, 22, 2186, 4)	(1309, 1308, -1, 1)	(1310, 1308, -1, 1)	(1435, 1434, -1, 1)	(877, 876, -1, 1)	(-1, -1, -1, 0)	(-1, -1, -1, 0)	(-1, -1, -1, 0)	(-1, -1, -1, 0)	(-1, -1, -1, 0)
111:	(299, 297, -1, 1)	(1700, 1664, 1701, 4)	(854, 818, 855, 4)	(362, 360, -1, 1)	(2158, 2156, -1, 1)	(1154, 1135, 1158, 4)	(446, 444, 447, 4)	(378, 372, 379, 4)	(1264, 1255, 1265, 4)	(245, 243, -1, 1)	(-1, -1, -1, 0)	(-1, -1, -1, 0)	(-1, -1, -1, 0)	(-1, -1, -1, 0)	(-1, -1, -1, 0)	(-1, -1, -1, 0)
112:	(854, 820, 858, 4)	(690, 300, 706, 4)	(323, 300, 328, 4)	(190, 181, 192, 4)	(107, 105, -1, 1)	(81, 80, -1, 1)	(83, 80, -1, 1)	(2117, 1592, 2127, 4)	(2237, 25, 2246, 4)	(924, 923, -1, 1)	(2239, 45, 2244, 4)	(-1, -1, -1, 0)	(-1, -1, -1, 0)	(-1, -1, -1, 0)	(-1, -1, -1, 0)	(-1, -1, -1, 0)
113:	(2066, 182, 2071, 4)	(190, 182, 193, 4)	(184, 181, 186, 4)	(184, 182, 187, 4)	(2066, 181, 2068, 4)	(679, 361, 680, 4)	(270, 261, 273, 4)	(1699, 1657, 1702, 4)	(236, 234, 239, 4)	(1948, 523, 1949, 4)	(2114, 96, 2116, 4)	(-1, -1, -1, 0)	(-1, -1, -1, 0)	(-1, -1, -1, 0)	(-1, -1, -1, 0)	(-1, -1, -1, 0)
114:	(363, 360, -1, 1)	(370, 367, -1, 1)	(184, 180, 185, 4)	(190, 180, 191, 4)	(2241, 74, 2242, 4)	(1946, 516, 1968, 4)	(2075, 131, -1, 7)	(1110, 1109, -1, 1)	(2150, 2149, 2153, 4)	(1053, 1052, -1, 1)	(1038, 1037, -1, 1)	(-1, -1, -1, 0)	(-1, -1, -1, 0)	(-1, -1, -1, 0)	(-1, -1, -1, 0)	(-1, -1, -1, 0)
115:	(1525, 1208, 1529, 4)	(1744, 1208, 1766, 4)	(1212, 1208, 1214, 4)	(1212, 1207, 1213, 4)	(1525, 1207, 1526, 4)	(1744, 1207, 1745, 4)	(-1, -1, 2083, 8)	(2052, 205, 2053, 4)	(2066, 180, 2067, 4)	(2050, 201, 2058, 4)	(2087, 171, 2094, 4)	(1599, 1594, 1600, 4)	(-1, -1, -1, 0)	(-1, -1, -1, 0)	(-1, -1, -1, 0)	(-1, -1, -1, 0)
116:	(735, 712, 740, 4)	(75, 73, -1, 1)	(2098, 147, 2100, 4)	(309, 293, 312, 4)	(310, 300, 314, 4)	(322, 293, -1, 7)	(2096, 131, 2110, 4)	(719, 712, 721, 4)	(1373, 1371, 1376, 4)	(729, 727, -1, 1)	(-1, -1, -1, 0)	(-1, -1, -1, 0)	(-1, -1, -1, 0)	(-1, -1, -1, 0)	(-1, -1, -1, 0)	(-1, -1, -1, 0)
117:	(1536, 1146, 1552, 4)	(1169, 1146, 1174, 4)	(2226, 2154, 2229, 4)	(1913, 595, 1929, 4)	(1156, 1146, 1160, 4)	(-1, -1, 325, 8)	(756, 750, 759, 4)	(1536, 1144, 1538, 4)	(2049, 158, 2060, 4)	(93, 92, -1, 1)	(1869, 1867, -1, 1)	(-1, -1, -1, 0)	(-1, -1, -1, 0)	(-1, -1, -1, 0)	(-1, -1, -1, 0)	(-1, -1, -1, 0)
118:	(1347, 1310, 1354, 4)	(1169, 1145, 1172, 4)	(1444, 1435, 1447, 4)	(1682, 1628, 1686, 4)	(837, 811, 840, 4)	(1845, 1840, 1847, 4)	(1169, 1144, 1171, 4)	(1230, 1229, 1231, 4)	(1312, 1309, 1313, 4)	(2025, 2022, -1, 1)	(-1, -1, -1, 0)	(-1, -1, -1, 0)	(-1, -1, -1, 0)	(-1, -1, -1, 0)	(-1, -1, -1, 0)	(-1, -1, -1, 0)
119:	(679, 362, 683, 4)	(1935, 362, 1957, 4)	(1536, 1145, 1539, 4)	(1265, 1261, 1266, 4)	(366, 362, 368, 4)	(2206, 4, 2217, 4)	(1108, 1107, 1111, 4)	(246, 245, 248, 4)	(250, 245, 252, 4)	(1090, 1089, -1, 1)	(-1, -1, -1, 0)	(-1, -1, -1, 0)	(-1, -1, -1, 0)	(-1, -1, -1, 0)	(-1, -1, -1, 0)	(-1, -1, -1, 0)
120:	(2175, 81, 2178, 4)	(323, 299, 326, 4)	(690, 299, 693, 4)	(186, 185, -1, 1)	(187, 185, -1, 1)	(188, 185, -1, 1)	(2212, 74, 2213, 4)	(446, 445, 448, 4)	(854, 819, 856, 4)	(271, 264, 272, 4)	(215, 212, -1, 1)	(2153, 2151, -1, 1)	(-1, -1, -1, 0)	(-1, -1, -1, 0)	(-1, -1, -1, 0)	(-1, -1, -1, 0)
121:	(2242, 81, 2243, 4)	(2175, 83, 2182, 4)	(1214, 1213, -1, 1)	(1216, 1213, -1, 1)	(1938, 411, 1968, 4)	(1620, 1610, 1623, 4)	(2212, 76, 2219, 4)	(2168, 2158, 2172, 4)	(1621, 1613, 1622, 4)	(41, 39, -1, 1)	(-1, -1, -1, 0)	(-1, -1, -1, 0)	(-1, -1, -1, 0)	(-1, -1, -1, 0)	(-1, -1, -1, 0)	(-1, -1, -1, 0)
122:	(1738, 1038, -1, 7)	(680, 370, 687, 4)	(1215, 1213, -1, 1)	(1936, 370, 1969, 4)	(1155, 1139, 1158, 4)	(2075, 132, 2085, 4)	(310, 299, 313, 4)	(768, 766, -1, 1)	(728, 727, -1, 1)	(85, 84, -1, 1)	(-1, -1, -1, 0)	(-1, -1, -1, 0)	(-1, -1, -1, 0)	(-1, -1, -1, 0)	(-1, -1, -1, 0)	(-1, -1, -1, 0)
123:	(-1, -1, 1770, 8)	(679, 363, 686, 4)	(1602, 1596, 1605, 4)	(388, 387, 390, 4)	(271, 265, 273, 4)	(757, 752, 759, 4)	(1112, 1110, 1113, 4)	(767, 766, -1, 1)	(244, 243, -1, 1)	(236, 232, 237, 4)	(1601, 1600, -1, 1)	(1051, 1050, -1, 1)	(-1, -1, -1, 0)	(-1, -1, -1, 0)	(-1, -1, -1, 0)	(-1, -1, -1, 0)
124:	(863, 729, 869, 4)	(366, 363, 369, 4)	(1448, 1447, -1, 1)	(1449, 1447, -1, 1)	(1450, 1447, -1, 1)	(450, 445, 452, 4)	(1312, 1310, 1315, 4)	(1082, 1079, 1084, 4)	(1232, 1231, -1, 1)	(1082, 1078, 1083, 4)	(884, 883, -1, 1)	(-1, -1, -1, 0)	(-1, -1, -1, 0)	(-1, -1, -1, 0)	(-1, -1, -1, 0)	(-1, -1, -1, 0)
125:	(79, 75, 82, 4)	(2196, 93, 2197, 4)	(1910, 569, 1929, 4)	(2241, 75, 2245, 4)	(392, 387, 394, 4)	(154, 151, 156, 4)	(735, 711, 738, 4)	(1568, 1566, -1, 1)	(397, 376, 398, 4)	(17, 16, -1, 1)	(-1, -1, -1, 0)	(-1, -1, -1, 0)	(-1, -1, -1, 0)	(-1, -1, -1, 0)	(-1, -1, -1, 0)	(-1, -1, -1, 0)
126:	(2213, 81, 2214, 4)	(368, 367, -1, 1)	(310, 298, 312, 4)	(1156, 1145, 1159, 4)	(526, 520, 530, 4)	(2167, 107, 2171, 4)	(448, 447, -1, 1)	(450, 444, 451, 4)	(449, 447, -1, 1)	(1022, 1021, -1, 1)	(116, 115, -1, 1)	(-1, -1, -1, 0)	(-1, -1, -1, 0)	(-1, -1, -1, 0)	(-1, -1, -1, 0)	(-1, -1, -1, 0)
127:	(1950, 535, 1968, 4)	(2045, 109, 2058, 4)	(2210, 65, 2217, 4)	(1683, 1657, 1686, 4)	(1572, 1571, 1574, 4)	(1233, 1231, -1, 1)	(1883, 1864, 1884, 4)	(1899, 895, 1900, 4)	(-1, -1, -1, 0)	(-1, -1, -1, 0)	(-1, -1, -1, 0)	(-1, -1, -1, 0)	(-1, -1, -1, 0)	(-1, -1, -1, 0)	(-1, -1, -1, 0)	(-1, -1, -1, 0)
128:	(2067, 187, 2071, 4)	(2067, 188, 2072, 4)	(191, 188, 194, 4)	(1296, 1291, 1298, 4)	(266, 265, 268, 4)	(1700, 1665, 1702, 4)	(2134, 2133, -1, 1)	(1598, 1597, -1, 1)	(-1, -1, -1, 0)	(-1, -1, -1, 0)	(-1, -1, -1, 0)	(-1, -1, -1, 0)	(-1, -1, -1, 0)	(-1, -1, -1, 0)	(-1, -1, -1, 0)	(-1, -1, -1, 0)
129:	(1745, 1216, 1770, 4)	(1526, 1214, 1529, 4)	(1725, 1216, 1732, 4)	(1526, 1216, 1532, 4)	(1745, 1214, 1766, 4)	(191, 187, 193, 4)	(2053, 215, 2056, 4)	(2067, 186, 2068, 4)	(272, 269, 274, 4)	(1259, 1257, 1262, 4)	(899, 898, -1, 1)	(-1, -1, -1, 0)	(-1, -1, -1, 0)	(-1, -1, -1, 0)	(-1, -1, -1, 0)	(-1, -1, -1, 0)
130:	(1725, 1215, 1731, 4)	(1745, 1215, 1769, 4)	(1526, 1215, 1531, 4)	(1725, 1214, -1, 7)	(104, 85, 106, 4)	(1156, 1144, 1158, 4)	(2213, 83, 2219, 4)	(1314, 1313, -1, 1)	(1615, 1613, 1616, 4)	(2172, 2169, -1, 1)	(-1, -1, -1, 0)	(-1, -1, -1, 0)	(-1, -1, -1, 0)	(-1, -1, -1, 0)	(-1, -1, -1, 0)	(-1, -1, -1, 0)
131:	(191, 186, 192, 4)	(369, 367, -1, 1)	(2197, 103, 2200, 4)	(-1, -1, 1726, 8)	(82, 80, -1, 1)	(2222, 41, 2231, 4)	(1604, 1601, 1605, 4)	(1576, 1571, 1578, 4)	(1115, 1113, -1, 1)	(1163, 1078, 1164, 4)	(980, 979, -1, 1)	(-1, -1, -1, 0)	(-1, -1, -1, 0)	(-1, -1, -1, 0)	(-1, -1, -1, 0)	(-1, -1, -1, 0)
132:	(1805, 1449, 1813, 4)	(1464, 1449, 1470, 4)	(1464, 1450, 1471, 4)	(1464, 1448, 1467, 4)	(1805, 1448, 1806, 4)	(1805, 1450, 1815, 4)	(1761, 1450, 1772, 4)	(1746, 1251, 1748, 4)	(1220, 1218, 1221, 4)	(527, 523, 528, 4)	(1820, 918, 1821, 4)	(-1, -1, -1, 0)	(-1, -1, -1, 0)	(-1, -1, -1, 0)	(-1, -1, -1, 0)	(-1, -1, -1, 0)
133:	(1694, 1568, 1704, 4)	(2079, 187, 2082, 4)	(1911, 580, 1929, 4)	(2079, 188, 2083, 4)	(1611, 1610, 1614, 4)	(1684, 1665, 1686, 4)	(1234, 1232, 1235, 4)	(239, 237, -1, 1)	(2053, 213, 2054, 4)	(125, 122, -1, 1)	(-1, -1, -1, 0)	(-1, -1, -1, 0)	(-1, -1, -1, 0)	(-1, -1, -1, 0)	(-1, -1, -1, 0)	(-1, -1, -1, 0)
134:	(680, 368, 683, 4)	(-1, 368, -1, 5)	(1976, 368, 1977, 4)	(694, 449, 706, 4)	(2079, 186, 2080, 4)	(2226, 2153, 2228, 4)	(451, 449, 454, 4)	(1111, 1109, -1, 1)	(1540, 1294, 1541, 4)	(1084, 1083, -1, 1)	(1085, 1083, -1, 1)	(15, 13, 19, 4)	(-1, -1, -1, 0)	(-1, -1, -1, 0)	(-1, -1, -1, 0)	(-1, -1, -1, 0)
135:	(1761, 1449, 1770, 4)	(1936, -1, 1957, 6)	(1761, 1448, 1762, 4)	(1234, 1233, 1236, 4)	(1238, 1233, 1240, 4)	(731, 729, 734, 4)	(2183, 23, 2187, 4)	(451, 448, 452, 4)	(238, 237, -1, 1)	(2220, 26, 2236, 4)	(1013, 1011, -1, 1)	(-1, -1, -1, 0)	(-1, -1, -1, 0)	(-1, -1, -1, 0)	(-1, -1, -1, 0)	(-1, -1, -1, 0)
136:	(2159, 2134, 2163, 4)	(2176, 2134, 2177, 4)	(106, 105, -1, 1)	(968, 922, 976, 4)	(388, 386, 389, 4)	(268, 267, -1, 1)	(1373, 1369, 1374, 4)	(1841, 1838, 1842, 4)	(2135, 2133, -1, 1)	(156, 155, -1, 1)	(-1, -1, -1, 0)	(-1, -1, -1, 0)	(-1, -1, -1, 0)	(-1, -1, -1, 0)	(-1, -1, -1, 0)	(-1, -1, -1, 0)
137:	(1933, 352, 1968, 4)	(2056, 2042, 2058, 4)	(2211, 70, 2217, 4)	(1116, 1106, 1117, 4)	(769, 767, 770, 4)	(246, 244, 247, 4)	(1262, 1260, -1, 1)	(2171, 2169, -1, 1)	(197, 196, -1, 1)	(-1, -1, -1, 0)	(-1, -1, -1, 0)	(-1, -1, -1, 0)	(-1, -1, -1, 0)	(-1, -1, -1, 0)	(-1, -1, -1, 0)	(-1, -1, -1, 0)
138:	(1468, 1467, -1, 1)	(1469, 1467, -1, 1)	(1470, 1467, -1, 1)	(1471, 1467, -1, 1)	(1317, 1314, 1318, 4)	(775, 768, 777, 4)	(690, 298, 692, 4)	(769, 768, 771, 4)	(529, 528, -1, 1)	(919, 918, 921, 4)	(-1, -1, -1, 0)	(-1, -1, -1, 0)	(-1, -1, -1, 0)	(-1, -1, -1, 0)	(-1, -1, -1, 0)	(-1, -1, -1, 0)
139:	(1122, 1115, 1124, 4)	(1976, 369, 1984, 4)	(838, 819, 840, 4)	(527, 525, 530, 4)	(1238, 1232, 1239, 4)	(1223, 1221, -1, 1)	(1315, 1313, -1, 1)	(1614, 1612, -1, 1)	(714, 713, -1, 1)	(1757, 1369, 1758, 4)	(378, 373, 380, 4)	(-1, -1, -1, 0)	(-1, -1, -1, 0)	(-1, -1, -1, 0)	(-1, -1, -1, 0)	(-1, -1, -1, 0)
140:	(680, 369, 686, 4)	(2175, 82, 2180, 4)	(323, 298, 325, 4)	(1237, 1235, -1, 1)	(250, 244, 251, 4)	(694, 448, 695, 4)	(719, 711, 720, 4)	(1900, 897, 1901, 4)	(11, 9, -1, 1)	(2014, 2013, -1, 1)	(-1, -1, -1, 0)	(-1, -1, -1, 0)	(-1, -1, -1, 0)	(-1, -1, -1, 0)	(-1, -1, -1, 0)	(-1, -1, -1, 0)
141:	(2200, 2172, 2205, 4)	(2242, 82, 2245, 4)	(1296, 1290, 1297, 4)	(1236, 1235, -1, 1)	(775, 767, 776, 4)	(1091, 1089, -1, 1)	(454, 452, -1, 1)	(2187, 2185, -1, 1)	(982, 981, -1, 1)	(1049, 1047, -1, 1)	(123, 122, -1, 1)	(-1, -1, -1, 0)	(-1, -1, -1, 0)	(-1, -1, -1, 0)	(-1, -1, -1, 0)	(-1, -1, -1, 0)
142:	(1521, 1085, 1529, 4)	(1164, 1084, 1172, 4)	(1521, 1084, 1522, 4)	(1112, 1111, 1114, 4)	(2184, 45, 2186, 4)	(390, 389, -1, 1)	(391, 389, -1, 1)	(1375, 1374, -1, 1)	(1376, 1374, -1, 1)	(2062, 117, 2064, 4)	(2146, 2145, 2148, 4)	(-1, -1, -1, 0)	(-1, -1, -1, 0)	(-1, -1, -1, 0)	(-1, -1, -1, 0)	(-1, -1, -1, 0)
143:	(1164, 1085, 1173, 4)	(2054, 219, 2058, 4)	(2212, 75, 2217, 4)	(1603, 1598, 1605, 4)	(1618, 1616, -1, 1)	(248, 247, -1, 1)	(249, 247, -1, 1)	(2062, 116, 2063, 4)	(-1, -1, -1, 0)	(-1, -1, -1, 0)	(-1, -1, -1, 0)	(-1, -1, -1, 0)	(-1, -1, -1, 0)	(-1, -1, -1, 0)	(-1, -1, -1, 0)	(-1, -1, -1, 0)
144:	(2176, 2135, 2178, 4)	(1951, 541, 1968, 4)	(2159, 2135, 2164, 4)	(457, 456, 458, 4)	(453, 452, -1, 1)	(626, 523, 627, 4)	(731, 728, 732, 4)	(2113, 89, 2129, 4)	(1046, 1045, -1, 1)	(-1, -1, -1, 0)	(-1, -1, -1, 0)	(-1, -1, -1, 0)	(-1, -1, -1, 0)	(-1, -1, -1, 0)	(-1, -1, -1, 0)	(-1, -1, -1, 0)
145:	(1265, 1262, 1269, 4)	(216, 197, 218, 4)	(1117, 1111, 1119, 4)	(1224, 1218, 1225, 4)	(1117, 1110, 1118, 4)	(1843, 1842, -1, 1)	(1844, 1842, -1, 1)	(906, 902, 907, 4)	(33, 32, 35, 4)	(880, 879, -1, 1)	(28, 27, -1, 1)	(-1, -1, -1, 0)	(-1, -1, -1, 0)	(-1, -1, -1, 0)	(-1, -1, -1, 0)	(-1, -1, -1, 0)
146:	(1480, 1470, 1485, 4)	(1480, 1468, 1481, 4)	(1480, 1469, 1482, 4)	(1762, 1468, 1763, 4)	(1480, 1471, 1486, 4)	(1493, 1470, 1498, 4)	(1493, 1469, 1495, 4)	(1762, 1469, 1764, 4)	(1493, 1471, 1499, 4)	(1762, 1471, 1772, 4)	(1222, 1221, -1, 1)	(721, 720, -1, 1)	(1747, 1255, 1748, 4)	(722, 720, -1, 1)	(921, 920, -1, 1)	(-1, -1, -1, 0)
147:	(1949, 529, 1954, 4)	(1493, 1468, 1494, 4)	(1806, 1468, 1807, 4)	(1806, 1471, 1815, 4)	(736, 714, 740, 4)	(1317, 1315, 1320, 4)	(2200, 2171, -1, 7)	(530, 528, -1, 1)	(587, 582, 588, 4)	(1012, 1011, -1, 1)	(-1, -1, -1, 0)	(-1, -1, -1, 0)	(-1, -1, -1, 0)	(-1, -1, -1, 0)	(-1, -1, -1, 0)	(-1, -1, -1, 0)
148:	(1762, 1470, 1770, 4)	(1500, 1237, 1515, 4)	(1806, 1469, 1808, 4)	(1901, 900, 1903, 4)	(1239, 1237, 1242, 4)	(1938, 409, 1939, 4)	(-1, -1, 2203, 8)	(863, 728, 864, 4)	(1830, 980, 1831, 4)	(-1, -1, -1, 0)	(-1, -1, -1, 0)	(-1, -1, -1, 0)	(-1, -1, -1, 0)	(-1, -1, -1, 0)	(-1, -1, -1, 0)	(-1, -1, -1, 0)
149:	(1806, 1470, 1813, 4)	(695, 454, 706, 4)	(470, 454, 475, 4)	(2213, 82, 2217, 4)	(1096, 1091, 1098, 4)	(2047, 125, 2059, 4)	(1114, 1113, -1, 1)	(272, 268, 273, 4)	(-1, -1, -1, 0)	(-1, -1, -1, 0)	(-1, -1, -1, 0)	(-1, -1, -1, 0)	(-1, -1, -1, 0)	(-1, -1, -1, 0)	(-1, -1, -1, 0)	(-1, -1, -1, 0)
150:	(627, 529, 635, 4)	(654, 391, 669, 4)	(2063, 119, -1, 7)	(1948, 525, 1968, 4)	(1092, 1091, 1094, 4)	(459, 458, -1, 1)	(460, 458, -1, 1)	(392, 386, 393, 4)	(985, 982, 986, 4)	(-1, -1, -1, 0)	(-1, -1, -1, 0)	(-1, -1, -1, 0)	(-1, -1, -1, 0)	(-1, -1, -1, 0)	(-1, -1, -1, 0)	(-1, -1, -1, 0)
151:	(319, 249, 326, 4)	(1667, 1618, 1674, 4)	(-1, -1, 2071, 8)	(1243, 1223, 1246, 4)	(1615, 1614, 1617, 4)	(1622, 1618, 1624, 4)	(907, 904, 909, 4)	(276, 268, 277, 4)	(1092, 1090, 1093, 4)	(733, 732, -1, 1)	(19, 16, -1, 1)	(-1, -1, -1, 0)	(-1, -1, -1, 0)	(-1, -1, -1, 0)	(-1, -1, -1, 0)	(-1, -1, -1, 0)
152:	(1473, 1376, 1485, 4)	(1473, 1375, 1481, 4)	(1758, 1375, 1763, 4)	(470, 453, 472, 4)	(846, 714, 849, 4)	(218, 217, -1, 1)	(1500, 1236, 1501, 4)	(772, 770, -1, 1)	(112, 111, -1, 1)	(-1, -1, -1, 0)	(-1, -1, -1, 0)	(-1, -1, -1, 0)	(-1, -1, -1, 0)	(-1, -1, -1, 0)	(-1, -1, -1, 0)	(-1, -1, -1, 0)
153:	(43, 28, 46, 4)	(695, 453, 696, 4)	(1748, 1261, 1749, 4)	(1118, 1115, 1120, 4)	(1347, 1309, 1348, 4)	(1096, 1090, 1097, 4)	(2192, 17, -1, 7)	(1974, 338, 1985, 4)	(-1, -1, -1, 0)	(-1, -1, -1, 0)	(-1, -1, -1, 0)	(-1, -1, -1, 0)	(-1, -1, -1, 0)	(-1, -1, -1, 0)	(-1, -1, -1, 0)	(-1, -1, -1, 0)
154:	(1758, 1376, 1770, 4)	(738, 722, 741, 4)	(1939, 415, 1940, 4)	(968, 921, 975, 4)	(1621, 1614, 1623, 4)	(251, 248, 252, 4)	(-1, -1, 2193, 8)	(1225, 1223, 1227, 4)	(589, 588, -1, 1)	(2148, 2147, -1, 1)	(-1, -1, -1, 0)	(-1, -1, -1, 0)	(-1, -1, -1, 0)	(-1, -1, -1, 0)	(-1, -1, -1, 0)	(-1, -1, -1, 0)
155:	(627, 530, 640, 4)	(738, 721, 740, 4)	(2102, 2014, 2103, 4)	(1921, 1844, 1929, 4)	(2229, 2171, 2233, 4)	(1606, 1605, -1, 1)	(1607, 1605, -1, 1)	(1901, 899, 1902, 4)	(1035, 1034, -1, 1)	(-1, -1, -1, 0)	(-1, -1, -1, 0)	(-1, -1, -1, 0)	(-1, -1, -1, 0)	(-1, -1, -1, 0)	(-1, -1, -1, 0)	(-1, -1, -1, 0)
156:	(848, 722, 858, 4)	(393, 391, 396, 4)	(1297, 1295, 1300, 4)	(251, 249, 254, 4)	(393, 390, 394, 4)	(771, 770, -1, 1)	(1846, 1843, 1847, 4)	(319, 248, 320, 4)	(-1, -1, -1, 0)	(-1, -1, -1, 0)	(-1, -1, -1, 0)	(-1, -1, -1, 0)	(-1, -1, -1, 0)	(-1, -1, -1, 0)	(-1, -1, -1, 0)	(-1, -1, -1, 0)
157:	(848, 721, -1, 7)	(1846, 1844, 1849, 4)	(907, 905, 910, 4)	(2167, 106, 2170, 4)	(1094, 1093, -1, 1)	(1095, 1093, -1, 1)	(317, 232, 318, 4)	(674, 232, 675, 4)	(1055, 1051, 1056, 4)	(909, 908, -1, 1)	(-1, -1, -1, 0)	(-1, -1, -1, 0)	(-1, -1, -1, 0)	(-1, -1, -1, 0)	(-1, -1, -1, 0)	(-1, -1, -1, 0)
158:	(-1, -1, 849, 8)	(1482, 1481, -1, 1)	(1483, 1481, -1, 1)	(1484, 1481, -1, 1)	(1485, 1481, -1, 1)	(1486, 1481, -1, 1)	(1239, 1236, 1240, 4)	(1118, 1114, 1119, 4)	(1572, 1570, 1573, 4)	(2224, 2141, 2235, 4)	(211, 210, 214, 4)	(-1, -1, -1, 0)	(-1, -1, -1, 0)	(-1, -1, -1, 0)	(-1, -1, -1, 0)	(-1, -1, -1, 0)
159:	(1348, 1315, 1354, 4)	(1348, 1314, 1349, 4)	(864, 733, 865, 4)	(46, 44, -1, 1)	(2192, 19, 2204, 4)	(465, 459, 466, 4)	(987, 986, -1, 1)	(886, 885, -1, 1)	(1048, 1047, -1, 1)	(1831, 1022, 1832, 4)	(-1, -1, -1, 0)	(-1, -1, -1, 0)	(-1, -1, -1, 0)	(-1, -1, -1, 0)	(-1, -1, -1, 0)	(-1, -1, -1, 0)
160:	(821, 772, 828, 4)	(126, 112, 129, 4)	(2193, 23, 2203, 4)	(2038, 218, 2041, 4)	(461, 460, 463, 4)	(1576, 1570, 1577, 4)	(2164, 2163, -1, 1)	(203, 202, -1, 1)	(-1, -1, -1, 0)	(-1, -1, -1, 0)	(-1, -1, -1, 0)	(-1, -1, -1, 0)	(-1, -1, -1, 0)	(-1, -1, -1, 0)	(-1, -1, -1, 0)	(-1, -1, -1, 0)
161:	(1748, 1262, 1770, 4)	(739, 733, 740, 4)	(2103, 2025, 2106, 4)	(465, 460, 467, 4)	(1581, 1557, 1584, 4)	(734, 732, -1, 1)	(2047, 123, 2048, 4)	(-1, -1, -1, 0)	(-1, -1, -1, 0)	(-1, -1, -1, 0)	(-1, -1, -1, 0)	(-1, -1, -1, 0)	(-1, -1, -1, 0)	(-1, -1, -1, 0)	(-1, -1, -1, 0)	(-1, -1, -1, 0)
162:	(598, 589, 601, 4)	(1934, 357, 1968, 4)	(776, 772, 778, 4)	(1122, 1114, 1123, 4)	(274, 273, -1, 1)	(253, 252, -1, 1)	(1848, 1847, -1, 1)	(254, 252, -1, 1)	(275, 273, -1, 1)	(2207, 11, 2209, 4)	(-1, -1, -1, 0)	(-1, -1, -1, 0)	(-1, -1, -1, 0)	(-1, -1, -1, 0)	(-1, -1, -1, 0)	(-1, -1, -1, 0)
163:	(1780, 1607, 1789, 4)	(675, 239, 683, 4)	(318, 238, 326, 4)	(675, 238, 676, 4)	(1619, 1607, 1625, 4)	(1617, 1616, -1, 1)	(396, 394, -1, 1)	(988, 986, -1, 1)	(2197, 101, 2198, 4)	(1975, 344, 1985, 4)	(-1, -1, -1, 0)	(-1, -1, -1, 0)	(-1, -1, -1, 0)	(-1, -1, -1, 0)	(-1, -1, -1, 0)	(-1, -1, -1, 0)
164:	(318, 239, 327, 4)	(776, 771, 777, 4)	(1619, 1606, 1623, 4)	(1056, 1053, 1058, 4)	(461, 459, 462, 4)	(1241, 1240, -1, 1)	(1242, 1240, -1, 1)	(821, 771, 822, 4)	(1121, 1119, -1, 1)	(2116, 106, 2128, 4)	(2002, 2001, -1, 1)	(2100, 156, 2107, 4)	(-1, -1, -1, 0)	(-1, -1, -1, 0)	(-1, -1, -1, 0)	(-1, -1, -1, 0)
165:	(1165, 1095, 1172, 4)	(1056, 1054, 1059, 4)	(1297, 1294, 1298, 4)	(395, 394, -1, 1)	(1574, 1573, -1, 1)	(1921, 1843, 1922, 4)	(890, 880, 891, 4)	(1849, 1847, -1, 1)	(-1, -1, -1, 0)	(-1, -1, -1, 0)	(-1, -1, -1, 0)	(-1, -1, -1, 0)	(-1, -1, -1, 0)	(-1, -1, -1, 0)	(-1, -1, -1, 0)	(-1, -1, -1, 0)
166:	(1513, 1485, 1518, 4)	(1763, 1483, 1765, 4)	(1807, 1485, 1813, 4)	(1494, 1483, 1496, 4)	(1494, 1482, 1495, 4)	(1513, 1482, -1, 7)	(1763, 1482, 1764, 4)	(1807, 1483, 1809, 4)	(1807, 1482, 1808, 4)	(-1, 1484, -1, 5)	(1763, 1484, 1767, 4)	(1807, 1484, 1811, 4)	(129, 127, -1, 1)	(-1, 2042, -1, 5)	(925, 924, 926, 4)	(-1, -1, -1, 0)
167:	(1513, 1483, -1, 7)	(1548, 1483, 1550, 4)	(1548, 1485, 1554, 4)	(741, 740, -1, 1)	(743, 740, -1, 1)	(-1, -1, 1514, 8)	(418, 409, 419, 4)	(1120, 1119, -1, 1)	(1780, 1606, 1781, 4)	(1548, -1, 1552, 6)	(2008, 2007, -1, 1)	(-1, -1, -1, 0)	(-1, -1, -1, 0)	(2106, -1, 2108, 6)	(-1, -1, -1, 0)	(-1, -1, -1, 0)
168:	(-1, -1, 1515, 8)	(1513, 1484, 1517, 4)	(1494, 1484, 1497, 4)	(1513, 1486, 1519, 4)	(1494, 1486, 1499, 4)	(2177, 2164, 2178, 4)	(-1, 2164, -1, 5)	(1584, 1567, 1586, 4)	(1584, 1568, 1587, 4)	(1575, 1573, -1, 1)	(1224, 1219, 1226, 4)	(1886, 1884, -1, 1)	(-1, -1, -1, 0)	(-1, -1, -1, 0)	(-1, -1, -1, 0)	(-1, -1, -1, 0)
169:	(1737, 1035, 1770, 4)	(1807, 1486, 1815, 4)	(1763, 1486, 1772, 4)	(912, 909, 914, 4)	(990, 987, 991, 4)	(2170, 2169, -1, 1)	(2228, -1, 2230, 6)	(2150, 2148, 2152, 4)	(-1, -1, -1, 0)	(-1, -1, -1, 0)	(-1, -1, -1, 0)	(-1, -1, -1, 0)	(-1, -1, -1, 0)	(-1, -1, -1, 0)	(-1, -1, -1, 0)	(-1, -1, -1, 0)
170:	(864, 734, 869, 4)	(1494, 1485, 1498, 4)	(688, 275, 706, 4)	(277, 275, 281, 4)	(739, 734, 742, 4)	(688, 274, 689, 4)	(1097, 1095, 1100, 4)	(463, 462, -1, 1)	(2209, 23, 2216, 4)	(379, 376, 380, 4)	(-1, -1, -1, 0)	(-1, -1, -1, 0)	(-1, -1, -1, 0)	(-1, -1, -1, 0)	(-1, -1, -1, 0)	(-1, -1, -1, 0)
171:	(1548, 1482, 1549, 4)	(1548, 1486, 1555, 4)	(320, 254, 326, 4)	(277, 274, 278, 4)	(1935, 363, 1968, 4)	(255, 254, 257, 4)	(1667, 1617, 1668, 4)	(1850, 1848, 1851, 4)	(2009, 2007, -1, 1)	(-1, -1, -1, 0)	(-1, -1, -1, 0)	(-1, -1, -1, 0)	(-1, -1, -1, 0)	(-1, -1, -1, 0)	(-1, -1, -1, 0)	(-1, -1, -1, 0)
172:	(1123, 1121, 1127, 4)	(2198, 107, 2203, 4)	(1245, 1241, 1246, 4)	(399, 396, 402, 4)	(1245, 1242, 1248, 4)	(464, 462, -1, 1)	(1097, 1094, 1098, 4)	(2116, 107, 2129, 4)	(-1, -1, -1, 0)	(-1, -1, -1, 0)	(-1, -1, -1, 0)	(-1, -1, -1, 0)	(-1, -1, -1, 0)	(-1, -1, -1, 0)	(-1, -1, -1, 0)	(-1, -1, -1, 0)
173:	(1534, 1121, 1552, 4)	(419, 415, 420, 4)	(419, 416, 423, 4)	(1922, 1849, 1929, 4)	(1850, 1849, 1853, 4)	(2184, 46, 2188, 4)	(1299, 1298, -1, 1)	(1622, 1617, 1623, 4)	(1300, 1298, -1, 1)	(892, 891, -1, 1)	(-1, -1, -1, 0)	(-1, -1, -1, 0)	(-1, -1, -1, 0)	(-1, -1, -1, 0)	(-1, -1, -1, 0)	(-1, -1, -1, 0)
174:	(1501, 1242, 1515, 4)	(990, 988, 993, 4)	(654, 390, 655, 4)	(1922, 1848, 1923, 4)	(170, 169, -1, 1)	(2003, 2002, 2004, 4)	(54, 53, 55, 4)	(1887, 1836, 1888, 4)	(-1, -1, -1, 0)	(-1, -1, -1, 0)	(-1, -1, -1, 0)	(-1, -1, -1, 0)	(-1, -1, -1, 0)	(-1, -1, -1, 0)	(-1, -1, -1, 0)	(-1, -1, -1, 0)
175:	(1763, 1485, 1770, 4)	(849, 741, 858, 4)	(865, 743, 872, 4)	(865, 741, 868, 4)	(849, 743, 861, 4)	(1794, 988, 1815, 4)	(1534, 1120, 1535, 4)	(399, 395, 400, 4)	(910, 908, -1, 1)	(214, 212, -1, 1)	(-1, -1, -1, 0)	(-1, -1, -1, 0)	(-1, -1, -1, 0)	(-1, -1, -1, 0)	(-1, -1, -1, 0)	(-1, -1, -1, 0)
176:	(1709, 1575, 1715, 4)	(1979, 741, 1980, 4)	(2026, 2008, 2028, 4)	(1123, 1120, 1124, 4)	(153, 129, 157, 4)	(1709, 1574, 1710, 4)	(927, 926, -1, 1)	(2064, 129, 2070, 4)	(50, 49, -1, 1)	(-1, -1, -1, 0)	(-1, -1, -1, 0)	(-1, -1, -1, 0)	(-1, -1, -1, 0)	(-1, -1, -1, 0)	(-1, -1, -1, 0)	(-1, -1, -1, 0)
177:	(279, 278, -1, 1)	(280, 278, -1, 1)	(281, 278, -1, 1)	(742, 740, -1, 1)	(1960, 884, 1968, 4)	(2051, 203, 2058, 4)	(1577, 1575, 1580, 4)	(255, 253, 256, 4)	(1852, 1851, -1, 1)	(1058, 1057, -1, 1)	(1902, 909, 1905, 4)	(-1, -1, -1, 0)	(-1, -1, -1, 0)	(-1, -1, -1, 0)	(-1, -1, -1, 0)	(-1, -1, -1, 0)
178:	(466, 463, 467, 4)	(501, 463, 502, 4)	(1501, 1241, 1502, 4)	(1099, 1098, -1, 1)	(1165, 1094, 1166, 4)	(1100, 1098, -1, 1)	(992, 991, -1, 1)	(1794, 987, 1795, 4)	(2152, 2151, -1, 1)	(2049, 156, 2057, 4)	(-1, -1, -1, 0)	(-1, -1, -1, 0)	(-1, -1, -1, 0)	(-1, -1, -1, 0)	(-1, -1, -1, 0)	(-1, -1, -1, 0)
179:	(2026, 2009, 2029, 4)	(1624, 1623, -1, 1)	(320, 253, 321, 4)	(1039, 1029, 1040, 4)	(2188, 2185, -1, 1)	(2229, 2172, 2235, 4)	(2086, 168, 2094, 4)	(2114, 95, 2115, 4)	(2193, 22, 2202, 4)	(-1, -1, -1, 0)	(-1, -1, -1, 0)	(-1, -1, -1, 0)	(-1, -1, -1, 0)	(-1, -1, -1, 0)	(-1, -1, -1, 0)	(-1, -1, -1, 0)
180:	(655, 396, 669, 4)	(501, 464, 508, 4)	(1577, 1574, 1578, 4)	(1625, 1623, -1, 1)	(928, 926, -1, 1)	(993, 991, -1, 1)	(2006, 2004, -1, 1)	(91, 90, -1, 1)	(35, 34, -1, 1)	(36, 34, -1, 1)	(-1, -1, -1, 0)	(-1, -1, -1, 0)	(-1, -1, -1, 0)	(-1, -1, -1, 0)	(-1, -1, -1, 0)	(-1, -1, -1, 0)
181:	(1541, 1300, 1552, 4)	(1316, 1300, 1321, 4)	(1316, 1299, 1318, 4)	(911, 892, 913, 4)	(1853, 1851, -1, 1)	(1059, 1057, -1, 1)	(2231, 2187, 2233, 4)	(1888, 1878, 1890, 4)	(1866, 1864, 1870, 4)	(-1, -1, -1, 0)	(-1, -1, -1, 0)	(-1, -1, -1, 0)	(-1, -1, -1, 0)	(-1, -1, -1, 0)	(-1, -1, -1, 0)	(-1, -1, -1, 0)
182:	(1125, 1124, -1, 1)	(1126, 1124, -1, 1)	(1127, 1124, -1, 1)	(1963, 892, 1964, 4)	(1936, 369, -1, 7)	(893, 891, -1, 1)	(2005, 2004, -1, 1)	(138, 137, -1, 1)	(887, 882, 888, 4)	(-1, -1, -1, 0)	(-1, -1, -1, 0)	(-1, -1, -1, 0)	(-1, -1, -1, 0)	(-1, -1, -1, 0)	(-1, -1, -1, 0)	(-1, -1, -1, 0)
183:	(-1, 910, -1, 5)	(1541, 1299, 1542, 4)	(189, 170, 192, 4)	(2087, 170, 2088, 4)	(-1, -1, 1968, 8)	(2028, 2027, -1, 1)	(2161, 2145, 2162, 4)	(56, 55, -1, 1)	(2020, 2018, -1, 1)	(-1, -1, -1, 0)	(-1, -1, -1, 0)	(-1, -1, -1, 0)	(-1, -1, -1, 0)	(-1, -1, -1, 0)	(-1, -1, -1, 0)	(-1, -1, -1, 0)
184:	(1902, -1, 1906, 6)	(468, 467, -1, 1)	(655, 395, 656, 4)	(257, 256, -1, 1)	(258, 256, -1, 1)	(157, 155, -1, 1)	(2186, 2185, -1, 1)	(2229, 2170, 2232, 4)	(-1, -1, -1, 0)	(-1, -1, -1, 0)	(-1, -1, -1, 0)	(-1, -1, -1, 0)	(-1, -1, -1, 0)	(-1, -1, -1, 0)	(-1, -1, -1, 0)	(-1, -1, -1, 0)
185:	(849, 742, 859, 4)	(865, 742, 869, 4)	(301, 280, 303, 4)	(301, 279, 302, 4)	(306, 279, -1, 7)	(306, 281, 314, 4)	(306, 280, -1, 7)	(1854, 1852, 1855, 4)	(1987, 201, 2000, 4)	(-1, -1, -1, 0)	(-1, -1, -1, 0)	(-1, -1, -1, 0)	(-1, -1, -1, 0)	(-1, -1, -1, 0)	(-1, -1, -1, 0)	(-1, -1, -1, 0)
186:	(301, 281, 305, 4)	(2115, 98, 2127, 4)	(466, 464, 469, 4)	(1579, 1578, -1, 1)	(-1, -1, 311, 8)	(1580, 1578, -1, 1)	(-1, -1, 312, 8)	(2053, 214, 2055, 4)	(2239, 46, 2246, 4)	(-1, -1, -1, 0)	(-1, -1, -1, 0)	(-1, -1, -1, 0)	(-1, -1, -1, 0)	(-1, -1, -1, 0)	(-1, -1, -1, 0)	(-1, -1, -1, 0)
187:	(1979, 742, 1981, 4)	(689, 281, 706, 4)	(1166, 1100, 1172, 4)	(1668, 1624, 1674, 4)	(689, 279, 691, 4)	(1781, 1624, 1782, 4)	(2029, 2027, -1, 1)	(1042, 1040, -1, 1)	(2017, 2016, 2019, 4)	(-1, -1, -1, 0)	(-1, -1, -1, 0)	(-1, -1, -1, 0)	(-1, -1, -1, 0)	(-1, -1, -1, 0)	(-1, -1, -1, 0)	(-1, -1, -1, 0)
188:	(1781, 1625, 1789, 4)	(1795, 993, 1815, 4)	(1668, 1625, 1677, 4)	(1319, 1318, -1, 1)	(1320, 1318, -1, 1)	(1321, 1318, -1, 1)	(2195, 91, -1, 7)	(689, 280, 692, 4)	(994, 993, 997, 4)	(1166, 1099, 1167, 4)	(18, 16, -1, 1)	(2198, 106, 2202, 4)	(-1, -1, -1, 0)	(-1, -1, -1, 0)	(-1, -1, -1, 0)	(-1, -1, -1, 0)
189:	(193, 192, -1, 1)	(194, 192, -1, 1)	(195, 192, -1, 1)	(1949, 530, 1968, 4)	(1101, 1100, 1103, 4)	(2030, 2006, 2036, 4)	(-1, -1, 2203, 8)	(38, 36, 42, 4)	(889, 888, -1, 1)	(-1, -1, -1, 0)	(-1, -1, -1, 0)	(-1, -1, -1, 0)	(-1, -1, -1, 0)	(-1, -1, -1, 0)	(-1, -1, -1, 0)	(-1, -1, -1, 0)
190:	(1535, 1127, 1552, 4)	(1147, 1126, 1149, 4)	(1147, 1125, 1148, 4)	(1152, 1125, -1, 7)	(1535, 1125, 1537, 4)	(2089, 2005, 2090, 4)	(1152, 1126, -1, 7)	(1535, 1126, 1538, 4)	(2162, 2158, 2166, 4)	(-1, -1, -1, 0)	(-1, -1, -1, 0)	(-1, -1, -1, 0)	(-1, -1, -1, 0)	(-1, -1, -1, 0)	(-1, -1, -1, 0)	(-1, -1, -1, 0)
191:	(1147, 1127, 1151, 4)	(303, 302, -1, 1)	(304, 302, -1, 1)	(-1, -1, 1157, 8)	(1923, 1853, 1929, 4)	(941, 928, 945, 4)	(-1, -1, 1158, 8)	(929, 928, 932, 4)	(2226, 2152, 2227, 4)	(-1, -1, -1, 0)	(-1, -1, -1, 0)	(-1, -1, -1, 0)	(-1, -1, -1, 0)	(-1, -1, -1, 0)	(-1, -1, -1, 0)	(-1, -1, -1, 0)
192:	(2173, 56, 2178, 4)	(-1, 257, -1, 5)	(502, 468, 503, 4)	(305, 302, -1, 1)	(1152, 1127, 1160, 4)	(1061, 1059, 1065, 4)	(2162, 2157, 2165, 4)	(1990, 219, 2000, 4)	(1990, 218, 1999, 4)	(-1, -1, -1, 0)	(-1, -1, -1, 0)	(-1, -1, -1, 0)	(-1, -1, -1, 0)	(-1, -1, -1, 0)	(-1, -1, -1, 0)	(-1, -1, -1, 0)
193:	(321, 258, 329, 4)	(321, -1, 326, 6)	(471, 468, 472, 4)	(1675, 1674, -1, 1)	(1676, 1674, -1, 1)	(2030, 2005, 2034, 4)	(1856, 1855, -1, 1)	(1923, 1852, 1924, 4)	(1041, 1040, -1, 1)	(379, 377, 381, 4)	(-1, -1, -1, 0)	(-1, -1, -1, 0)	(-1, -1, -1, 0)	(-1, -1, -1, 0)	(-1, -1, -1, 0)	(-1, -1, -1, 0)
194:	(1710, 1580, 1715, 4)	(1585, 1580, 1588, 4)	(1585, 1579, 1586, 4)	(1710, 1579, 1711, 4)	(1677, 1674, -1, 1)	(1854, 1853, 1857, 4)	(1061, 1058, 1064, 4)	(1795, 992, 1796, 4)	(1243, 1222, 1244, 4)	(2200, 2170, -1, 7)	(-1, -1, -1, 0)	(-1, -1, -1, 0)	(-1, -1, -1, 0)	(-1, -1, -1, 0)	(-1, -1, -1, 0)	(-1, -1, -1, 0)
195:	(1739, 1042, 1770, 4)	(1971, 257, 1972, 4)	(1060, 1042, 1063, 4)	(2039, 2029, 2043, 4)	(2033, 2029, 2037, 4)	(2039, 2028, 2041, 4)	(994, 992, 995, 4)	(2089, 2006, 2094, 4)	(-1, -1, -1, 0)	(-1, -1, 2202, 8)	(-1, -1, -1, 0)	(-1, -1, -1, 0)	(-1, -1, -1, 0)	(-1, -1, -1, 0)	(-1, -1, -1, 0)	(-1, -1, -1, 0)
196:	(1349, 1320, 1354, 4)	(1542, 1320, 1545, 4)	(1326, 1320, 1330, 4)	(1326, 1319, 1328, 4)	(1349, 1319, -1, 7)	(1149, 1148, -1, 1)	(1150, 1148, -1, 1)	(2033, 2028, 2035, 4)	(929, 927, 930, 4)	(-1, -1, -1, 0)	(-1, -1, -1, 0)	(-1, -1, -1, 0)	(-1, -1, -1, 0)	(-1, -1, -1, 0)	(-1, -1, -1, 0)	(-1, -1, -1, 0)
197:	(1349, 1321, 1357, 4)	(1542, 1321, 1552, 4)	(1326, 1321, 1331, 4)	(2068, 193, 2071, 4)	(-1, -1, 1351, 8)	(2068, 194, 2072, 4)	(2068, 195, 2073, 4)	(1151, 1148, -1, 1)	(2088, 193, 2092, 4)	(2080, 195, 2084, 4)	(914, 913, -1, 1)	(-1, -1, -1, 0)	(-1, -1, -1, 0)	(-1, -1, -1, 0)	(-1, -1, -1, 0)	(-1, -1, -1, 0)
198:	(1542, 1319, -1, 7)	(2192, 18, 2201, 4)	(2080, 193, 2082, 4)	(911, 893, 916, 4)	(469, 467, -1, 1)	(1101, 1099, 1102, 4)	(2231, 2188, 2235, 4)	(2021, 2020, 2024, 4)	(586, 585, -1, 1)	(-1, -1, -1, 0)	(-1, -1, -1, 0)	(-1, -1, -1, 0)	(-1, -1, -1, 0)	(-1, -1, -1, 0)	(-1, -1, -1, 0)	(-1, -1, -1, 0)
199:	(-1, -1, 1543, 8)	(324, 304, 326, 4)	(691, 304, 693, 4)	(473, 472, -1, 1)	(475, 472, -1, 1)	(2048, 129, 2058, 4)	(2088, 194, 2093, 4)	(324, 303, 325, 4)	(691, 303, 692, 4)	(381, 380, -1, 1)	(1870, 1867, -1, 1)	(-1, -1, -1, 0)	(-1, -1, -1, 0)	(-1, -1, -1, 0)	(-1, -1, -1, 0)	(-1, -1, -1, 0)
200:	(691, 305, 706, 4)	(324, 305, 328, 4)	(1588, 1586, -1, 1)	(1589, 1586, -1, 1)	(311, 304, 313, 4)	(311, 305, 314, 4)	(311, 303, 312, 4)	(1857, 1855, -1, 1)	(2076, 138, 2077, 4)	(139, 138, 141, 4)	(-1, -1, -1, 0)	(-1, -1, -1, 0)	(-1, -1, -1, 0)	(-1, -1, -1, 0)	(-1, -1, -1, 0)	(-1, -1, -1, 0)
201:	(1701, 1676, 1704, 4)	(1685, 1676, 1688, 4)	(1587, 1586, -1, 1)	(1060, 1041, 1062, 4)	(2080, 194, 2083, 4)	(1685, 1675, 1686, 4)	(2100, 157, 2108, 4)	(10, 9, -1, 1)	(-1, -1, -1, 0)	(-1, -1, -1, 0)	(-1, -1, -1, 0)	(-1, -1, -1, 0)	(-1, -1, -1, 0)	(-1, -1, -1, 0)	(-1, -1, -1, 0)	(-1, -1, -1, 0)
202:	(1782, 1677, 1789, 4)	(1701, 1677, 1707, 4)	(1685, 1677, 1690, 4)	(1782, 1676, 1785, 4)	(1329, 1328, -1, 1)	(1330, 1328, -1, 1)	(2180, 2178, -1, 1)	(2182, 2178, -1, 1)	(2043, 2040, -1, 1)	(2088, 195, 2094, 4)	(42, 39, -1, 1)	(-1, -1, -1, 0)	(-1, -1, -1, 0)	(-1, -1, -1, 0)	(-1, -1, -1, 0)	(-1, -1, -1, 0)
203:	(1331, 1328, -1, 1)	(1739, 1041, 1740, 4)	(1924, 1856, 1925, 4)	(931, 930, -1, 1)	(941, 927, 942, 4)	(2036, 2034, -1, 1)	(2037, 2034, -1, 1)	(2041, 2040, -1, 1)	(2237, 26, 2247, 4)	(-1, -1, -1, 0)	(-1, -1, -1, 0)	(-1, -1, -1, 0)	(-1, -1, -1, 0)	(-1, -1, -1, 0)	(-1, -1, -1, 0)	(-1, -1, -1, 0)
204:	(1170, 1150, 1172, 4)	(1537, 1150, 1539, 4)	(1939, 416, 1968, 4)	(1157, 1150, 1159, 4)	(2201, 2188, 2205, 4)	(1103, 1102, -1, 1)	(1782, 1675, 1783, 4)	(932, 930, -1, 1)	(2024, 2022, -1, 1)	(2201, 2186, 2202, 4)	(-1, -1, -1, 0)	(-1, -1, -1, 0)	(-1, -1, -1, 0)	(-1, -1, -1, 0)	(-1, -1, -1, 0)	(-1, -1, -1, 0)
205:	(1537, 1151, 1552, 4)	(1170, 1151, 1174, 4)	(1157, 1151, 1160, 4)	(2201, 2187, 2203, 4)	(1157, 1149, 1158, 4)	(1537, 1149, 1538, 4)	(996, 995, -1, 1)	(916, 913, -1, 1)	(2165, 2163, -1, 1)	(2231, 2186, 2232, 4)	(-1, -1, -1, 0)	(-1, -1, -1, 0)	(-1, -1, -1, 0)	(-1, -1, -1, 0)	(-1, -1, -1, 0)	(-1, -1, -1, 0)
206:	(502, 469, 508, 4)	(471, 469, 474, 4)	(2077, 152, 2085, 4)	(912, 910, 915, 4)	(99, 98, 102, 4)	(753, 748, 754, 4)	(-1, -1, -1, 0)	(-1, -1, -1, 0)	(-1, -1, -1, 0)	(-1, -1, -1, 0)	(-1, -1, -1, 0)	(-1, -1, -1, 0)	(-1, -1, -1, 0)	(-1, -1, -1, 0)	(-1, -1, -1, 0)	(-1, -1, -1, 0)
207:	(503, 475, 511, 4)	(696, 475, 706, 4)	(480, 475, 485, 4)	(597, 586, 601, 4)	(398, 381, 400, 4)	(1063, 1062, -1, 1)	(1064, 1062, -1, 1)	(2166, 2163, -1, 1)	(1065, 1062, -1, 1)	(141, 140, -1, 1)	(1903, 914, 1905, 4)	(-1, -1, -1, 0)	(-1, -1, -1, 0)	(-1, -1, -1, 0)	(-1, -1, -1, 0)	(-1, -1, -1, 0)
208:	(1728, 1589, 1731, 4)	(1695, 1588, 1705, 4)	(1711, 1588, 1715, 4)	(1695, 1589, 1706, 4)	(1728, 1588, 1730, 4)	(1686, 1681, 1691, 4)	(1686, 1680, 1687, 4)	(696, 473, -1, 7)	(1701, 1675, 1702, 4)	(1964, 914, 1965, 4)	(-1, -1, -1, 0)	(-1, -1, -1, 0)	(-1, -1, -1, 0)	(-1, -1, -1, 0)	(-1, -1, -1, 0)	(-1, -1, -1, 0)
209:	(1711, 1589, 1716, 4)	(1711, 1587, 1714, 4)	(1728, 1587, 1729, 4)	(314, 312, -1, 1)	(1104, 1102, -1, 1)	(1925, 1859, 1926, 4)	(-1, -1, -1, 0)	(-1, -1, 697, 8)	(-1, -1, -1, 0)	(-1, -1, -1, 0)	(-1, -1, -1, 0)	(-1, -1, -1, 0)	(-1, -1, -1, 0)	(-1, -1, -1, 0)	(-1, -1, -1, 0)	(-1, -1, -1, 0)
210:	(1351, 1330, 1354, 4)	(1695, 1587, 1704, 4)	(1783, 1680, 1784, 4)	(1783, 1681, 1793, 4)	(480, 473, 482, 4)	(2214, 2180, 2217, 4)	(2230, 2180, 2234, 4)	(997, 995, -1, 1)	(-1, -1, -1, 0)	(-1, -1, -1, 0)	(-1, -1, -1, 0)	(-1, -1, -1, 0)	(-1, -1, -1, 0)	(-1, -1, -1, 0)	(-1, -1, -1, 0)	(-1, -1, -1, 0)
211:	(1351, 1331, 1357, 4)	(1333, 1330, 1335, 4)	(1333, 1331, 1336, 4)	(1333, 1329, 1334, 4)	(1351, 1329, 1352, 4)	(1924, 1857, 1929, 4)	(-1, 2182, -1, 5)	(942, 931, 943, 4)	(2207, 10, 2208, 4)	(2106, 2041, 2107, 4)	(-1, -1, -1, 0)	(-1, -1, -1, 0)	(-1, -1, -1, 0)	(-1, -1, -1, 0)	(-1, -1, -1, 0)	(-1, -1, -1, 0)
212:	(1543, 1330, 1545, 4)	(1543, 1331, 1552, 4)	(-1, 1103, -1, 5)	(474, 472, -1, 1)	(503, 473, -1, 7)	(1543, 1329, 1544, 4)	(2214, -1, 2219, 6)	(2049, 157, 2058, 4)	(2019, 2018, -1, 1)	(-1, -1, -1, 0)	(-1, -1, -1, 0)	(-1, -1, -1, 0)	(-1, -1, -1, 0)	(-1, -1, -1, 0)	(-1, -1, -1, 0)	(-1, -1, -1, 0)
213:	(2177, 2165, 2179, 4)	(1961, 886, 1968, 4)	(1167, -1, 1172, 6)	(942, 932, 945, 4)	(-1, -1, 505, 8)	(933, 932, 936, 4)	(1170, 1149, 1171, 4)	(1159, 1158, -1, 1)	(-1, -1, -1, 0)	(-1, -1, -1, 0)	(-1, -1, -1, 0)	(-1, -1, -1, 0)	(-1, -1, -1, 0)	(-1, -1, -1, 0)	(-1, -1, -1, 0)	(-1, -1, -1, 0)
214:	(1702, 1681, 1708, 4)	(1688, 1687, -1, 1)	(1702, 1680, 1703, 4)	(1689, 1687, -1, 1)	(1690, 1687, -1, 1)	(1691, 1687, -1, 1)	(1903, 916, 1907, 4)	(-1, 996, -1, 5)	(1890, 1889, -1, 1)	(-1, -1, -1, 0)	(-1, -1, -1, 0)	(-1, -1, -1, 0)	(-1, -1, -1, 0)	(-1, -1, -1, 0)	(-1, -1, -1, 0)	(-1, -1, -1, 0)
215:	(1740, 1063, 1770, 4)	(1740, 1064, 1771, 4)	(1740, 1065, 1773, 4)	(602, 601, -1, 1)	(603, 601, -1, 1)	(604, 601, -1, 1)	(401, 400, -1, 1)	(1796, -1, 1797, 6)	(402, 400, -1, 1)	(1871, 1857, 1875, 4)	(-1, -1, -1, 0)	(-1, -1, -1, 0)	(-1, -1, -1, 0)	(-1, -1, -1, 0)	(-1, -1, -1, 0)	(-1, -1, -1, 0)
216:	(2177, 2166, 2181, 4)	(483, 482, -1, 1)	(2056, 2043, 2060, 4)	(313, 312, -1, 1)	(1871, 1856, 1872, 4)	(915, 913, -1, 1)	(998, 996, 999, 4)	(2090, 2036, 2094, 4)	(-1, -1, -1, 0)	(-1, -1, -1, 0)	(-1, -1, -1, 0)	(-1, -1, -1, 0)	(-1, -1, -1, 0)	(-1, -1, -1, 0)	(-1, -1, -1, 0)	(-1, -1, -1, 0)
217:	(1720, 1104, 1731, 4)	(692, 314, 706, 4)	(325, 314, 328, 4)	(1167, 1104, 1175, 4)	(1337, 1334, -1, 1)	(2208, 13, 2217, 4)	(2035, 2034, -1, 1)	(102, 100, -1, 1)	(2241, 76, 2247, 4)	(-1, -1, -1, 0)	(-1, -1, -1, 0)	(-1, -1, -1, 0)	(-1, -1, -1, 0)	(-1, -1, -1, 0)	(-1, -1, -1, 0)	(-1, -1, -1, 0)
218:	(1796, 997, 1815, 4)	(1336, 1334, -1, 1)	(998, 997, 1001, 4)	(2227, 2158, 2235, 4)	(2090, 2037, 2095, 4)	(144, 141, 146, 4)	(-1, -1, -1, 0)	(-1, -1, -1, 0)	(-1, -1, -1, 0)	(-1, -1, -1, 0)	(-1, -1, -1, 0)	(-1, -1, -1, 0)	(-1, -1, -1, 0)	(-1, -1, -1, 0)	(-1, -1, -1, 0)	(-1, -1, -1, 0)
219:	(1335, 1334, -1, 1)	(485, 482, -1, 1)	(1963, 893, 1968, 4)	(1160, 1158, -1, 1)	(1976, 370, 1985, 4)	(-1, -1, -1, 0)	(-1, -1, -1, 0)	(-1, -1, -1, 0)	(-1, -1, -1, 0)	(-1, -1, -1, 0)	(-1, -1, -1, 0)	(-1, -1, -1, 0)	(-1, -1, -1, 0)	(-1, -1, -1, 0)	(-1, -1, -1, 0)	(-1, -1, -1, 0)
220:	(503, 474, 508, 4)	(696, 474, 699, 4)	(480, 474, 484, 4)	(2179, 2178, -1, 1)	(144, 142, 148, 4)	(1225, 1222, 1226, 4)	(755, 754, -1, 1)	(2209, 22, 2215, 4)	(-1, -1, -1, 0)	(-1, -1, -1, 0)	(-1, -1, -1, 0)	(-1, -1, -1, 0)	(-1, -1, -1, 0)	(-1, -1, -1, 0)	(-1, -1, -1, 0)	(-1, -1, -1, 0)
221:	(1171, 1159, 1172, 4)	(1538, 1159, 1539, 4)	(1720, 1103, 1721, 4)	(2230, 2182, 2236, 4)	(2096, 132, 2112, 4)	(2077, 151, 2081, 4)	(-1, -1, -1, 0)	(-1, -1, -1, 0)	(-1, -1, -1, 0)	(-1, -1, -1, 0)	(-1, -1, -1, 0)	(-1, -1, -1, 0)	(-1, -1, -1, 0)	(-1, -1, -1, 0)	(-1, -1, -1, 0)	(-1, -1, -1, 0)
222:	(1784, 1690, 1789, 4)	(2118, 1690, 2123, 4)	(1713, 1690, 1718, 4)	(1713, 1691, 1719, 4)	(1703, 1689, 1705, 4)	(1703, 1691, 1708, 4)	(2118, 1689, 2120, 4)	(1784, 1691, 1793, 4)	(2181, 2178, -1, 1)	(2118, 1691, 2127, 4)	(1872, 1860, 1874, 4)	(-1, -1, -1, 0)	(-1, -1, -1, 0)	(-1, -1, -1, 0)	(-1, -1, -1, 0)	(-1, -1, -1, 0)
223:	(656, 402, 669, 4)	(618, 604, 625, 4)	(1703, 1690, 1707, 4)	(1703, 1688, 1704, 4)	(-1, 1688, -1, 5)	(417, 402, 422, 4)	(1952, 603, 1967, 4)	(2243, 2180, 2245, 4)	(-1, -1, -1, 0)	(-1, -1, -1, 0)	(-1, -1, -1, 0)	(-1, -1, -1, 0)	(-1, -1, -1, 0)	(-1, -1, -1, 0)	(-1, -1, -1, 0)	(-1, -1, -1, 0)
224:	(618, 603, 624, 4)	(618, 602, 621, 4)	(-1, 602, -1, 5)	(1952, 602, 1953, 4)	(1784, -1, 1785, 6)	(1903, 915, 1906, 4)	(1964, 915, 1966, 4)	(487, 483, 488, 4)	(-1, -1, -1, 0)	(-1, -1, -1, 0)	(-1, -1, -1, 0)	(-1, -1, -1, 0)	(-1, -1, -1, 0)	(-1, -1, -1, 0)	(-1, -1, -1, 0)	(-1, -1, -1, 0)
225:	(-1, 1337, -1, 5)	(1352, 1337, 1358, 4)	(1914, -1, 1915, 6)	(1713, 1688, 1714, 4)	(2118, 1688, 2119, 4)	(1914, 604, 1930, 4)	(1775, 1044, 1776, 4)	(-1, -1, -1, 0)	(-1, -1, -1, 0)	(-1, -1, -1, 0)	(-1, -1, -1, 0)	(-1, -1, -1, 0)	(-1, -1, -1, 0)	(-1, -1, -1, 0)	(-1, -1, -1, 0)	(-1, -1, -1, 0)
226:	(1753, -1, 1770, 6)	(1352, 1336, 1357, 4)	(1753, 1336, 1767, 4)	(417, 401, 420, 4)	(656, 401, -1, 7)	(1914, 603, 1929, 4)	(933, 931, 934, 4)	(-1, -1, -1, 0)	(-1, -1, -1, 0)	(-1, -1, -1, 0)	(-1, -1, -1, 0)	(-1, -1, -1, 0)	(-1, -1, -1, 0)	(-1, -1, -1, 0)	(-1, -1, -1, 0)	(-1, -1, -1, 0)
227:	(505, 485, 511, 4)	(1352, 1335, 1354, 4)	(484, 482, -1, 1)	(505, 483, 506, 4)	(-1, -1, 657, 8)	(1173, 1172, -1, 1)	(1001, 999, -1, 1)	(2227, 2157, 2232, 4)	(1010, 1008, 1014, 4)	(-1, -1, -1, 0)	(-1, -1, -1, 0)	(-1, -1, -1, 0)	(-1, -1, -1, 0)	(-1, -1, -1, 0)	(-1, -1, -1, 0)	(-1, -1, -1, 0)
228:	(1713, 1689, 1715, 4)	(1784, 1689, 1786, 4)	(1544, 1335, 1545, 4)	(487, 485, 490, 4)	(2228, 2166, 2235, 4)	(2101, 2012, 2112, 4)	(-1, -1, -1, 0)	(-1, -1, -1, 0)	(-1, -1, -1, 0)	(-1, -1, -1, 0)	(-1, -1, -1, 0)	(-1, -1, -1, 0)	(-1, -1, -1, 0)	(-1, -1, -1, 0)	(-1, -1, -1, 0)	(-1, -1, -1, 0)
229:	(1753, 1335, 1754, 4)	(1705, 1704, -1, 1)	(1706, 1704, -1, 1)	(1707, 1704, -1, 1)	(1708, 1704, -1, 1)	(1872, 1859, 1873, 4)	(1979, 743, 1985, 4)	(-1, -1, -1, 0)	(-1, -1, -1, 0)	(-1, -1, -1, 0)	(-1, -1, -1, 0)	(-1, -1, -1, 0)	(-1, -1, -1, 0)	(-1, -1, -1, 0)	(-1, -1, -1, 0)	(-1, -1, -1, 0)
230:	(622, 621, -1, 1)	(623, 621, -1, 1)	(624, 621, -1, 1)	(625, 621, -1, 1)	(697, 485, 706, 4)	(1171, 1160, 1174, 4)	(697, 483, 698, 4)	(1175, 1172, -1, 1)	(1227, 1226, -1, 1)	(-1, -1, -1, 0)	(-1, -1, -1, 0)	(-1, -1, -1, 0)	(-1, -1, -1, 0)	(-1, -1, -1, 0)	(-1, -1, -1, 0)	(-1, -1, -1, 0)
231:	(1544, 1336, 1552, 4)	(1544, 1337, 1554, 4)	(758, 755, 759, 4)	(2222, 42, 2236, 4)	(2021, 2019, 2023, 4)	(148, 145, -1, 1)	(-1, -1, -1, 0)	(-1, -1, -1, 0)	(-1, -1, -1, 0)	(-1, -1, -1, 0)	(-1, -1, -1, 0)	(-1, -1, -1, 0)	(-1, -1, -1, 0)	(-1, -1, -1, 0)	(-1, -1, -1, 0)	(-1, -1, -1, 0)
232:	(421, 420, -1, 1)	(422, 420, -1, 1)	(491, 488, -1, 1)	(423, 420, -1, 1)	(692, 313, 693, 4)	(146, 145, -1, 1)	(-1, 2179, -1, 5)	(-1, -1, -1, 0)	(-1, -1, -1, 0)	(-1, -1, -1, 0)	(-1, -1, -1, 0)	(-1, -1, -1, 0)	(-1, -1, -1, 0)	(-1, -1, -1, 0)	(-1, -1, -1, 0)	(-1, -1, -1, 0)
233:	(1355, 1354, -1, 1)	(1356, 1354, -1, 1)	(1357, 1354, -1, 1)	(1358, 1354, -1, 1)	(325, 313, 326, 4)	(1776, 1046, 1777, 4)	(2243, -1, 2244, 6)	(1000, 999, -1, 1)	(2228, 2165, 2232, 4)	(-1, -1, -1, 0)	(-1, -1, -1, 0)	(-1, -1, -1, 0)	(-1, -1, -1, 0)	(-1, -1, -1, 0)	(-1, -1, -1, 0)	(-1, -1, -1, 0)
234:	(490, 488, -1, 1)	(935, 934, -1, 1)	(2230, 2181, 2235, 4)	(2100, 158, 2112, 4)	(1904, 1890, 1905, 4)	(-1, -1, -1, 0)	(-1, -1, -1, 0)	(-1, -1, -1, 0)	(-1, -1, -1, 0)	(-1, -1, -1, 0)	(-1, -1, -1, 0)	(-1, -1, -1, 0)	(-1, -1, -1, 0)	(-1, -1, -1, 0)	(-1, -1, -1, 0)	(-1, -1, -1, 0)
235:	(1522, 1173, 1529, 4)	(1539, 1173, 1551, 4)	(1797, 1001, 1815, 4)	(936, 934, -1, 1)	(1971, 258, 1985, 4)	(-1, -1, -1, 0)	(-1, -1, -1, 0)	(-1, -1, -1, 0)	(-1, -1, -1, 0)	(-1, -1, -1, 0)	(-1, -1, -1, 0)	(-1, -1, -1, 0)	(-1, -1, -1, 0)	(-1, -1, -1, 0)	(-1, -1, -1, 0)	(-1, -1, -1, 0)
236:	(505, 484, 508, 4)	(487, 484, 489, 4)	(1174, 1172, -1, 1)	(2197, 102, 2199, 4)	(1875, 1873, -1, 1)	(1874, 1873, -1, 1)	(-1, -1, -1, 0)	(-1, -1, -1, 0)	(-1, -1, -1, 0)	(-1, -1, -1, 0)	(-1, -1, -1, 0)	(-1, -1, -1, 0)	(-1, -1, -1, 0)	(-1, -1, -1, 0)	(-1, -1, -1, 0)	(-1, -1, -1, 0)
237:	(1785, 1707, 1789, 4)	(1729, 1706, 1731, 4)	(2119, 1707, -1, 7)	(1729, 1707, 1733, 4)	(1714, 1706, 1716, 4)	(1714, 1707, 1718, 4)	(1785, 1706, 1787, 4)	(1714, 1708, 1719, 4)	(2119, 1706, 2121, 4)	(1538, 1160, 1552, 4)	(2119, 1708, 2127, 4)	(-1, -1, -1, 0)	(-1, -1, -1, 0)	(-1, -1, -1, 0)	(-1, -1, -1, 0)	(-1, -1, -1, 0)
238:	(634, 623, 636, 4)	(634, 624, 639, 4)	(-1, -1, 2123, 8)	(634, 625, 640, 4)	(634, 622, 635, 4)	(647, 622, 648, 4)	(1953, 622, 1954, 4)	(647, 625, 653, 4)	(647, 623, 649, 4)	(647, 624, 652, 4)	(1953, 623, 1955, 4)	(1721, 1173, 1726, 4)	(2214, 2181, 2218, 4)	(760, 759, -1, 1)	(1014, 1011, -1, 1)	(-1, -1, -1, 0)
239:	(1915, 622, 1916, 4)	(1729, 1708, 1735, 4)	(1915, 623, 1917, 4)	(1714, 1705, 1715, 4)	(1729, 1705, 1730, 4)	(1785, 1705, 1786, 4)	(1539, 1175, 1553, 4)	(328, 326, -1, 1)	(2064, 128, 2069, 4)	(-1, -1, -1, 0)	(-1, -1, -1, 0)	(-1, -1, -1, 0)	(-1, -1, -1, 0)	(-1, -1, -1, 0)	(-1, -1, -1, 0)	(-1, -1, -1, 0)
240:	(657, 423, 673, 4)	(657, 422, 669, 4)	(1940, 422, 1956, 4)	(506, 491, 512, 4)	(1522, 1175, 1531, 4)	(428, 422, 432, 4)	(428, 421, 430, 4)	(-1, -1, -1, 0)	(-1, -1, -1, 0)	(-1, -1, -1, 0)	(-1, -1, -1, 0)	(-1, -1, -1, 0)	(-1, -1, -1, 0)	(-1, -1, -1, 0)	(-1, -1, -1, 0)	(-1, -1, -1, 0)
241:	(1754, 1358, 1770, 4)	(1508, 1356, 1515, 4)	(1508, 1358, -1, 7)	(1754, 1356, 1765, 4)	(1508, 1357, -1, 7)	(1489, 1356, 1496, 4)	(1489, 1357, 1497, 4)	(1545, 1358, 1554, 4)	(1754, 1357, 1767, 4)	(1953, 624, 1967, 4)	(-1, -1, -1, 0)	(-1, -1, -1, 0)	(-1, -1, -1, 0)	(-1, -1, -1, 0)	(-1, -1, -1, 0)	(-1, -1, -1, 0)
242:	(506, 490, 511, 4)	(697, 484, 699, 4)	(-1, -1, 1518, 8)	(1489, 1355, 1495, 4)	(-1, -1, 1517, 8)	(2119, 1705, 2120, 4)	(1944, 490, 1958, 4)	(1940, 421, 1942, 4)	(-1, 146, -1, 5)	(-1, -1, -1, 0)	(-1, -1, -1, 0)	(-1, -1, -1, 0)	(-1, -1, -1, 0)	(-1, -1, -1, 0)	(-1, -1, -1, 0)	(-1, -1, -1, 0)
243:	(1721, 1175, 1731, 4)	(1545, 1356, 1550, 4)	(1508, 1355, 1514, 4)	(1545, 1355, 1549, 4)	(327, 326, -1, 1)	(943, 936, 945, 4)	(2098, 148, 2110, 4)	(2106, 2043, 2112, 4)	(2098, -1, 2099, 6)	(-1, -1, -1, 0)	(-1, -1, -1, 0)	(-1, -1, -1, 0)	(-1, -1, -1, 0)	(-1, -1, -1, 0)	(-1, -1, -1, 0)	(-1, -1, -1, 0)
244:	(636, 635, -1, 1)	(637, 635, -1, 1)	(638, 635, -1, 1)	(639, 635, -1, 1)	(640, 635, -1, 1)	(1522, 1174, 1530, 4)	(1545, 1357, 1552, 4)	(1785, 1708, 1793, 4)	(1015, 1000, 1016, 4)	(1797, 1000, 1798, 4)	(2242, 83, 2247, 4)	(-1, -1, -1, 0)	(-1, -1, -1, 0)	(-1, -1, -1, 0)	(-1, -1, -1, 0)	(-1, -1, -1, 0)
245:	(1489, 1358, 1498, 4)	(1716, 1715, -1, 1)	(1717, 1715, -1, 1)	(1718, 1715, -1, 1)	(1719, 1715, -1, 1)	(489, 488, -1, 1)	(1962, 889, 1968, 4)	(1244, 1227, 1246, 4)	(2243, 2181, 2246, 4)	(-1, -1, -1, 0)	(-1, -1, -1, 0)	(-1, -1, -1, 0)	(-1, -1, -1, 0)	(-1, -1, -1, 0)	(-1, -1, -1, 0)	(-1, -1, -1, 0)
246:	(1754, 1355, 1764, 4)	(428, 423, 433, 4)	(431, 430, -1, 1)	(432, 430, -1, 1)	(329, 326, -1, 1)	(2103, 2024, 2105, 4)	(2230, 2179, 2232, 4)	(-1, -1, -1, 0)	(-1, -1, -1, 0)	(-1, -1, -1, 0)	(-1, -1, -1, 0)	(-1, -1, -1, 0)	(-1, -1, -1, 0)	(-1, -1, -1, 0)	(-1, -1, -1, 0)	(-1, -1, -1, 0)
247:	(676, 328, 684, 4)	(698, 490, 706, 4)	(1721, 1174, 1727, 4)	(657, 421, 658, 4)	(943, 935, 944, 4)	(1015, 1001, 1019, 4)	(-1, -1, -1, 0)	(-1, -1, -1, 0)	(-1, -1, -1, 0)	(-1, -1, -1, 0)	(-1, -1, -1, 0)	(-1, -1, -1, 0)	(-1, -1, -1, 0)	(-1, -1, -1, 0)	(-1, -1, -1, 0)	(-1, -1, -1, 0)
248:	(1496, 1495, -1, 1)	(1497, 1495, -1, 1)	(1499, 1495, -1, 1)	(698, 491, 708, 4)	(937, 935, 938, 4)	(38, 35, 40, 4)	(-1, -1, -1, 0)	(-1, -1, -1, 0)	(-1, -1, -1, 0)	(-1, -1, -1, 0)	(-1, -1, -1, 0)	(-1, -1, -1, 0)	(-1, -1, -1, 0)	(-1, -1, -1, 0)	(-1, -1, -1, 0)	(-1, -1, -1, 0)
249:	(1972, 328, 1978, 4)	(1777, 1049, 1779, 4)	(1915, 624, 1929, 4)	(1892, 760, 1893, 4)	(2023, 2022, -1, 1)	(-1, -1, -1, 0)	(-1, -1, -1, 0)	(-1, -1, -1, 0)	(-1, -1, -1, 0)	(-1, -1, -1, 0)	(-1, -1, -1, 0)	(-1, -1, -1, 0)	(-1, -1, -1, 0)	(-1, -1, -1, 0)	(-1, -1, -1, 0)	(-1, -1, -1, 0)
250:	(1539, 1174, 1552, 4)	(1915, 625, 1930, 4)	(937, 936, 939, 4)	(761, 759, -1, 1)	(1016, 1004, 1018, 4)	(1925, 1860, 1927, 4)	(-1, -1, -1, 0)	(-1, -1, -1, 0)	(-1, -1, -1, 0)	(-1, -1, -1, 0)	(-1, -1, -1, 0)	(-1, -1, -1, 0)	(-1, -1, -1, 0)	(-1, -1, -1, 0)	(-1, -1, -1, 0)	(-1, -1, -1, 0)
251:	(676, 327, 683, 4)	(693, 327, 705, 4)	(1498, 1495, -1, 1)	(1972, 327, 1977, 4)	(1247, 1246, -1, 1)	(773, 760, 777, 4)	(1248, 1246, -1, 1)	(1798, 1004, 1800, 4)	(-1, -1, -1, 0)	(-1, -1, -1, 0)	(-1, -1, -1, 0)	(-1, -1, -1, 0)	(-1, -1, -1, 0)	(-1, -1, -1, 0)	(-1, -1, -1, 0)	(-1, -1, -1, 0)
252:	(667, 640, 673, 4)	(667, 637, -1, 7)	(1954, 637, 1956, 4)	(667, 638, 671, 4)	(648, 637, 650, 4)	(648, 638, 651, 4)	(648, 640, 653, 4)	(648, 636, 649, 4)	(667, 636, -1, 7)	(1954, 636, 1955, 4)	(1954, 638, 1958, 4)	(433, 430, -1, 1)	(1964, 916, 1968, 4)	(-1, -1, -1, 0)	(-1, -1, -1, 0)	(-1, -1, -1, 0)
253:	(1768, 1717, 1770, 4)	(-1, -1, 669, 8)	(1730, 1717, 1732, 4)	(1730, 1716, 1731, 4)	(1768, 1716, 1769, 4)	(1730, 1718, 1733, 4)	(1730, 1719, 1735, 4)	(1786, 1716, 1787, 4)	(-1, -1, 668, 8)	(1786, 1719, 1793, 4)	(1768, 1718, 1771, 4)	(1768, 1719, 1774, 4)	(1777, 1048, 1778, 4)	(-1, -1, -1, 0)	(-1, -1, -1, 0)	(-1, -1, -1, 0)
254:	(1786, 1718, 1789, 4)	(667, 639, 672, 4)	(1786, 1717, 1788, 4)	(2120, 1718, 2123, 4)	(676, 329, 687, 4)	(2120, 1717, 2122, 4)	(702, 639, 707, 4)	(1972, 329, 1985, 4)	(-1, -1, -1, 0)	(-1, -1, -1, 0)	(-1, -1, -1, 0)	(-1, -1, -1, 0)	(-1, -1, -1, 0)	(-1, -1, -1, 0)	(-1, -1, -1, 0)	(-1, -1, -1, 0)
255:	(702, 637, 704, 4)	(702, 636, 703, 4)	(698, 489, 699, 4)	(1944, 489, 1945, 4)	(-1, 636, -1, 5)	(693, 328, 706, 4)	(435, 431, 436, 4)	(1942, 431, 1943, 4)	(1798, 1003, 1799, 4)	(940, 938, -1, 1)	(-1, -1, -1, 0)	(-1, -1, -1, 0)	(-1, -1, -1, 0)	(-1, -1, -1, 0)	(-1, -1, -1, 0)	(-1, -1, -1, 0)
256:	(1514, 1496, 1515, 4)	(1764, 1496, 1765, 4)	(1514, 1497, 1517, 4)	(648, 639, 652, 4)	(1916, -1, 1917, 6)	(1514, 1499, 1519, 4)	(1808, 1496, 1809, 4)	(1808, 1499, 1815, 4)	(1916, 638, 1920, 4)	(1764, 1497, 1767, 4)	(1808, 1497, 1811, 4)	(2054, 218, 2057, 4)	(-1, -1, -1, 0)	(-1, -1, -1, 0)	(-1, -1, -1, 0)	(-1, -1, -1, 0)
257:	(1916, 637, 1918, 4)	(1549, 1496, 1550, 4)	(2120, 1716, 2121, 4)	(1549, 1499, 1555, 4)	(1549, 1497, 1552, 4)	(1916, 640, 1930, 4)	(1954, 639, 1967, 4)	(1926, 1874, 1927, 4)	(-1, -1, -1, 0)	(-1, -1, -1, 0)	(-1, -1, -1, 0)	(-1, -1, -1, 0)	(-1, -1, -1, 0)	(-1, -1, -1, 0)	(-1, -1, -1, 0)	(-1, -1, -1, 0)
258:	(1942, 432, 1956, 4)	(506, 489, 508, 4)	(435, 432, 437, 4)	(2120, 1719, 2127, 4)	(773, 761, 779, 4)	(2243, 2182, 2247, 4)	(-1, -1, -1, 0)	(-1, -1, -1, 0)	(-1, -1, -1, 0)	(-1, -1, -1, 0)	(-1, -1, -1, 0)	(-1, -1, -1, 0)	(-1, -1, -1, 0)	(-1, -1, -1, 0)	(-1, -1, -1, 0)	(-1, -1, -1, 0)
259:	(1764, 1498, 1770, 4)	(1808, 1498, 1813, 4)	(1764, 1499, 1772, 4)	(1549, 1498, 1554, 4)	(1779, 1065, 1791, 4)	(1263, 1248, 1268, 4)	(1016, 1003, 1017, 4)	(40, 39, -1, 1)	(-1, -1, -1, 0)	(-1, -1, -1, 0)	(-1, -1, -1, 0)	(-1, -1, -1, 0)	(-1, -1, -1, 0)	(-1, -1, -1, 0)	(-1, -1, -1, 0)	(-1, -1, -1, 0)
260:	(1514, 1498, 1518, 4)	(658, 433, 673, 4)	(658, 432, 669, 4)	(1779, 1063, 1788, 4)	(702, 640, 708, 4)	(693, 329, 709, 4)	(2105, 2036, 2111, 4)	(-1, -1, -1, 0)	(-1, -1, -1, 0)	(-1, -1, -1, 0)	(-1, -1, -1, 0)	(-1, -1, -1, 0)	(-1, -1, -1, 0)	(-1, -1, -1, 0)	(-1, -1, -1, 0)	(-1, -1, -1, 0)
261:	(1779, 1064, 1789, 4)	(1892, 761, 1906, 4)	(-1, 638, -1, 5)	(438, 436, -1, 1)	(1952, 604, 1968, 4)	(778, 777, -1, 1)	(2103, 2023, 2104, 4)	(-1, -1, -1, 0)	(-1, -1, -1, 0)	(-1, -1, -1, 0)	(-1, -1, -1, 0)	(-1, -1, -1, 0)	(-1, -1, -1, 0)	(-1, -1, -1, 0)	(-1, -1, -1, 0)	(-1, -1, -1, 0)
262:	(435, 433, 439, 4)	(1263, 1247, 1266, 4)	(702, -1, 706, 6)	(939, 938, -1, 1)	(-1, 128, -1, 5)	(2214, 2179, 2215, 4)	(-1, -1, -1, 0)	(-1, -1, -1, 0)	(-1, -1, -1, 0)	(-1, -1, -1, 0)	(-1, -1, -1, 0)	(-1, -1, -1, 0)	(-1, -1, -1, 0)	(-1, -1, -1, 0)	(-1, -1, -1, 0)	(-1, -1, -1, 0)
263:	(1502, 1247, -1, 7)	(658, 431, 659, 4)	(1927, 1878, 1928, 4)	(-1, -1, -1, 0)	(2048, -1, 2057, 6)	(-1, -1, -1, 0)	(-1, -1, -1, 0)	(-1, -1, -1, 0)	(-1, -1, -1, 0)	(-1, -1, -1, 0)	(-1, -1, -1, 0)	(-1, -1, -1, 0)	(-1, -1, -1, 0)	(-1, -1, -1, 0)	(-1, -1, -1, 0)	(-1, -1, -1, 0)
264:	(-1, -1, 1503, 8)	(509, 508, -1, 1)	(510, 508, -1, 1)	(512, 508, -1, 1)	(437, 436, -1, 1)	(1926, 1875, 1929, 4)	(-1, -1, -1, 0)	(-1, -1, -1, 0)	(-1, -1, -1, 0)	(-1, -1, -1, 0)	(-1, -1, -1, 0)	(-1, -1, -1, 0)	(-1, -1, -1, 0)	(-1, -1, -1, 0)	(-1, -1, -1, 0)	(-1, -1, -1, 0)
265:	(1502, 1248, 1515, 4)	(511, 508, -1, 1)	(969, 940, 975, 4)	(944, 940, 947, 4)	(1019, 1017, -1, 1)	(1018, 1017, -1, 1)	(-1, -1, -1, 0)	(-1, -1, -1, 0)	(-1, -1, -1, 0)	(-1, -1, -1, 0)	(-1, -1, -1, 0)	(-1, -1, -1, 0)	(-1, -1, -1, 0)	(-1, -1, -1, 0)	(-1, -1, -1, 0)	(-1, -1, -1, 0)
266:	(1778, 1059, 1791, 4)	(779, 777, -1, 1)	(2099, 151, 2107, 4)	(-1, -1, -1, 0)	(-1, -1, -1, 0)	(-1, -1, -1, 0)	(-1, -1, -1, 0)	(-1, -1, -1, 0)	(-1, -1, -1, 0)	(-1, -1, -1, 0)	(-1, -1, -1, 0)	(-1, -1, -1, 0)	(-1, -1, -1, 0)	(-1, -1, -1, 0)	(-1, -1, -1, 0)	(-1, -1, -1, 0)
267:	(1778, 1058, 1789, 4)	(1953, 625, 1968, 4)	(2222, 40, 2223, 4)	(2099, 152, 2112, 4)	(-1, -1, -1, 0)	(-1, -1, -1, 0)	(-1, -1, -1, 0)	(-1, -1, -1, 0)	(-1, -1, -1, 0)	(-1, -1, -1, 0)	(-1, -1, -1, 0)	(-1, -1, -1, 0)	(-1, -1, -1, 0)	(-1, -1, -1, 0)	(-1, -1, -1, 0)	(-1, -1, -1, 0)
268:	(1267, 1266, -1, 1)	(1268, 1266, -1, 1)	(1269, 1266, -1, 1)	(-1, -1, -1, 0)	(-1, -1, -1, 0)	(-1, -1, -1, 0)	(-1, -1, -1, 0)	(-1, -1, -1, 0)	(-1, -1, -1, 0)	(-1, -1, -1, 0)	(-1, -1, -1, 0)	(-1, -1, -1, 0)	(-1, -1, -1, 0)	(-1, -1, -1, 0)	(-1, -1, -1, 0)	(-1, -1, -1, 0)
269:	(659, 438, 670, 4)	(681, 438, 683, 4)	(1943, 438, 1957, 4)	(-1, -1, -1, 0)	(-1, -1, -1, 0)	(-1, -1, -1, 0)	(-1, -1, -1, 0)	(-1, -1, -1, 0)	(-1, -1, -1, 0)	(-1, -1, -1, 0)	(-1, -1, -1, 0)	(-1, -1, -1, 0)	(-1, -1, -1, 0)	(-1, -1, -1, 0)	(-1, -1, -1, 0)	(-1, -1, -1, 0)
270:	(822, 778, 828, 4)	(1893, 778, 1894, 4)	(439, 436, -1, 1)	(944, 939, 945, 4)	(2056, 2041, 2057, 4)	(-1, -1, -1, 0)	(-1, -1, -1, 0)	(-1, -1, -1, 0)	(-1, -1, -1, 0)	(-1, -1, -1, 0)	(-1, -1, -1, 0)	(-1, -1, -1, 0)	(-1, -1, -1, 0)	(-1, -1, -1, 0)	(-1, -1, -1, 0)	(-1, -1, -1, 0)
271:	(1916, 639, 1929, 4)	(2090, 2035, 2091, 4)	(-1, -1, -1, 0)	(-1, -1, -1, 0)	(-1, -1, -1, 0)	(-1, -1, -1, 0)	(-1, -1, -1, 0)	(-1, -1, -1, 0)	(-1, -1, -1, 0)	(-1, -1, -1, 0)	(-1, -1, -1, 0)	(-1, -1, -1, 0)	(-1, -1, -1, 0)	(-1, -1, -1, 0)	(-1, -1, -1, 0)	(-1, -1, -1, 0)
272:	(662, 512, 673, 4)	(662, 510, 669, 4)	(1945, 510, 1956, 4)	(643, 510, 650, 4)	(643, 512, 653, 4)	(-1, -1, -1, 0)	(-1, -1, -1, 0)	(-1, -1, -1, 0)	(-1, -1, -1, 0)	(-1, -1, -1, 0)	(-1, -1, -1, 0)	(-1, -1, -1, 0)	(-1, -1, -1, 0)	(-1, -1, -1, 0)	(-1, -1, -1, 0)	(-1, -1, -1, 0)
273:	(662, 511, -1, 7)	(643, 511, 651, 4)	(699, 510, 704, 4)	(643, 509, 649, 4)	(662, 509, 668, 4)	(699, 511, 706, 4)	(1945, 511, 1958, 4)	(1799, 1018, 1800, 4)	(2223, 45, 2232, 4)	(-1, -1, -1, 0)	(-1, -1, -1, 0)	(-1, -1, -1, 0)	(-1, -1, -1, 0)	(-1, -1, -1, 0)	(-1, -1, -1, 0)	(-1, -1, -1, 0)
274:	(-1, -1, 671, 8)	(681, 437, 682, 4)	(1945, 509, 1955, 4)	(1799, 1019, 1815, 4)	(1893, 779, 1906, 4)	(-1, -1, -1, 0)	(-1, -1, -1, 0)	(-1, -1, -1, 0)	(-1, -1, -1, 0)	(-1, -1, -1, 0)	(-1, -1, -1, 0)	(-1, -1, -1, 0)	(-1, -1, -1, 0)	(-1, -1, -1, 0)	(-1, -1, -1, 0)	(-1, -1, -1, 0)
275:	(699, 509, 703, 4)	(699, 512, 708, 4)	(1944, 491, 1968, 4)	(-1, -1, -1, 0)	(-1, -1, -1, 0)	(-1, -1, -1, 0)	(-1, -1, -1, 0)	(-1, -1, -1, 0)	(-1, -1, -1, 0)	(-1, -1, -1, 0)	(-1, -1, -1, 0)	(-1, -1, -1, 0)	(-1, -1, -1, 0)	(-1, -1, -1, 0)	(-1, -1, -1, 0)	(-1, -1, -1, 0)
276:	(-1, 1269, -1, 5)	(1503, 1269, 1518, 4)	(1503, 1268, 1515, 4)	(1274, 1268, 1278, 4)	(1274, 1267, 1276, 4)	(1503, 1267, 1504, 4)	(946, 945, -1, 1)	(-1, -1, -1, 0)	(-1, -1, -1, 0)	(-1, -1, -1, 0)	(-1, -1, -1, 0)	(-1, -1, -1, 0)	(-1, -1, -1, 0)	(-1, -1, -1, 0)	(-1, -1, -1, 0)	(-1, -1, -1, 0)
277:	(1749, -1, 1770, 6)	(1749, 1268, 1765, 4)	(822, 779, 831, 4)	(829, 828, -1, 1)	(830, 828, -1, 1)	(1749, 1267, 1751, 4)	(2223, 46, 2235, 4)	(-1, -1, -1, 0)	(-1, -1, -1, 0)	(-1, -1, -1, 0)	(-1, -1, -1, 0)	(-1, -1, -1, 0)	(-1, -1, -1, 0)	(-1, -1, -1, 0)	(-1, -1, -1, 0)	(-1, -1, -1, 0)
278:	(659, 439, 673, 4)	(681, 439, 686, 4)	(659, 437, 669, 4)	(-1, -1, -1, 0)	(-1, -1, -1, 0)	(-1, -1, -1, 0)	(-1, -1, -1, 0)	(-1, -1, -1, 0)	(-1, -1, -1, 0)	(-1, -1, -1, 0)	(-1, -1, -1, 0)	(-1, -1, -1, 0)	(-1, -1, -1, 0)	(-1, -1, -1, 0)	(-1, -1, -1, 0)	(-1, -1, -1, 0)
279:	(1943, 437, 1956, 4)	(650, 649, -1, 1)	(651, 649, -1, 1)	(652, 649, -1, 1)	(653, 649, -1, 1)	(1800, 1022, 1816, 4)	(947, 945, -1, 1)	(-1, -1, -1, 0)	(-1, -1, -1, 0)	(-1, -1, -1, 0)	(-1, -1, -1, 0)	(-1, -1, -1, 0)	(-1, -1, -1, 0)	(-1, -1, -1, 0)	(-1, -1, -1, 0)	(-1, -1, -1, 0)
280:	(1274, 1269, 1279, 4)	(969, 939, 970, 4)	(2105, 2035, 2107, 4)	(-1, -1, -1, 0)	(-1, -1, -1, 0)	(-1, -1, -1, 0)	(-1, -1, -1, 0)	(-1, -1, -1, 0)	(-1, -1, -1, 0)	(-1, -1, -1, 0)	(-1, -1, -1, 0)	(-1, -1, -1, 0)	(-1, -1, -1, 0)	(-1, -1, -1, 0)	(-1, -1, -1, 0)	(-1, -1, -1, 0)
281:	(1940, 423, 1968, 4)	(2105, 2037, 2112, 4)	(-1, -1, -1, 0)	(-1, -1, -1, 0)	(-1, -1, -1, 0)	(-1, -1, -1, 0)	(-1, -1, -1, 0)	(-1, -1, -1, 0)	(-1, -1, -1, 0)	(-1, -1, -1, 0)	(-1, -1, -1, 0)	(-1, -1, -1, 0)	(-1, -1, -1, 0)	(-1, -1, -1, 0)	(-1, -1, -1, 0)	(-1, -1, -1, 0)
282:	(1277, 1276, -1, 1)	(1278, 1276, -1, 1)	(-1, -1, -1, 0)	(-1, -1, -1, 0)	(-1, -1, -1, 0)	(-1, -1, -1, 0)	(-1, -1, -1, 0)	(-1, -1, -1, 0)	(-1, -1, -1, 0)	(-1, -1, -1, 0)	(-1, -1, -1, 0)	(-1, -1, -1, 0)	(-1, -1, -1, 0)	(-1, -1, -1, 0)	(-1, -1, -1, 0)	(-1, -1, -1, 0)
283:	(831, 828, -1, 1)	(-1, -1, -1, 0)	(-1, -1, -1, 0)	(-1, -1, -1, 0)	(-1, -1, -1, 0)	(-1, -1, -1, 0)	(-1, -1, -1, 0)	(-1, -1, -1, 0)	(-1, -1, -1, 0)	(-1, -1, -1, 0)	(-1, -1, -1, 0)	(-1, -1, -1, 0)	(-1, -1, -1, 0)	(-1, -1, -1, 0)	(-1, -1, -1, 0)	(-1, -1, -1, 0)
284:	(948, 946, 949, 4)	(-1, -1, -1, 0)	(-1, -1, -1, 0)	(-1, -1, -1, 0)	(-1, -1, -1, 0)	(-1, -1, -1, 0)	(-1, -1, -1, 0)	(-1, -1, -1, 0)	(-1, -1, -1, 0)	(-1, -1, -1, 0)	(-1, -1, -1, 0)	(-1, -1, -1, 0)	(-1, -1, -1, 0)	(-1, -1, -1, 0)	(-1, -1, -1, 0)	(-1, -1, -1, 0)
285:	(839, 830, 842, 4)	(855, 830, 858, 4)	(1894, 830, 1897, 4)	(839, 829, 840, 4)	(855, 829, 856, 4)	(-1, -1, -1, 0)	(-1, -1, -1, 0)	(-1, -1, -1, 0)	(-1, -1, -1, 0)	(-1, -1, -1, 0)	(-1, -1, -1, 0)	(-1, -1, -1, 0)	(-1, -1, -1, 0)	(-1, -1, -1, 0)	(-1, -1, -1, 0)	(-1, -1, -1, 0)
286:	(1279, 1276, -1, 1)	(1894, 829, 1895, 4)	(970, 946, 971, 4)	(2104, 2028, 2107, 4)	(-1, -1, -1, 0)	(-1, -1, -1, 0)	(-1, -1, -1, 0)	(-1, -1, -1, 0)	(-1, -1, -1, 0)	(-1, -1, -1, 0)	(-1, -1, -1, 0)	(-1, -1, -1, 0)	(-1, -1, -1, 0)	(-1, -1, -1, 0)	(-1, -1, -1, 0)	(-1, -1, -1, 0)
287:	(668, 651, 671, 4)	(668, 652, 672, 4)	(668, 653, 673, 4)	(668, 650, 669, 4)	(1955, 650, 1956, 4)	(1955, 651, 1958, 4)	(1955, 652, 1967, 4)	(948, 947, 951, 4)	(-1, -1, -1, 0)	(-1, -1, -1, 0)	(-1, -1, -1, 0)	(-1, -1, -1, 0)	(-1, -1, -1, 0)	(-1, -1, -1, 0)	(-1, -1, -1, 0)	(-1, -1, -1, 0)
288:	(703, 650, 704, 4)	(1917, 650, 1918, 4)	(703, 652, 707, 4)	(703, 653, 708, 4)	(703, 651, 706, 4)	(1917, 652, 1929, 4)	(-1, -1, -1, 0)	(-1, -1, -1, 0)	(-1, -1, -1, 0)	(-1, -1, -1, 0)	(-1, -1, -1, 0)	(-1, -1, -1, 0)	(-1, -1, -1, 0)	(-1, -1, -1, 0)	(-1, -1, -1, 0)	(-1, -1, -1, 0)
289:	(1917, 651, 1920, 4)	(1917, 653, 1930, 4)	(-1, -1, -1, 0)	(-1, -1, -1, 0)	(-1, -1, -1, 0)	(-1, -1, -1, 0)	(-1, -1, -1, 0)	(-1, -1, -1, 0)	(-1, -1, -1, 0)	(-1, -1, -1, 0)	(-1, -1, -1, 0)	(-1, -1, -1, 0)	(-1, -1, -1, 0)	(-1, -1, -1, 0)	(-1, -1, -1, 0)	(-1, -1, -1, 0)
290:	(1504, 1278, 1515, 4)	(1751, 1278, 1765, 4)	(1281, 1278, 1283, 4)	(1281, 1277, 1282, 4)	(1751, 1277, 1752, 4)	(970, 947, 975, 4)	(950, 949, -1, 1)	(-1, -1, -1, 0)	(-1, -1, -1, 0)	(-1, -1, -1, 0)	(-1, -1, -1, 0)	(-1, -1, -1, 0)	(-1, -1, -1, 0)	(-1, -1, -1, 0)	(-1, -1, -1, 0)	(-1, -1, -1, 0)
291:	(855, 831, 860, 4)	(856, 835, 862, 4)	(839, 831, 844, 4)	(840, 835, 845, 4)	(840, 834, 841, 4)	(856, 834, 857, 4)	(1894, 831, 1906, 4)	(1504, 1277, 1505, 4)	(-1, -1, -1, 0)	(-1, -1, -1, 0)	(-1, -1, -1, 0)	(-1, -1, -1, 0)	(-1, -1, -1, 0)	(-1, -1, -1, 0)	(-1, -1, -1, 0)	(-1, -1, -1, 0)
292:	(1895, 834, 1896, 4)	(1895, 835, 1909, 4)	(2104, 2029, 2112, 4)	(-1, -1, -1, 0)	(-1, -1, -1, 0)	(-1, -1, -1, 0)	(-1, -1, -1, 0)	(-1, -1, -1, 0)	(-1, -1, -1, 0)	(-1, -1, -1, 0)	(-1, -1, -1, 0)	(-1, -1, -1, 0)	(-1, -1, -1, 0)	(-1, -1, -1, 0)	(-1, -1, -1, 0)	(-1, -1, -1, 0)
293:	(670, 669, -1, 1)	(671, 669, -1, 1)	(672, 669, -1, 1)	(673, 669, -1, 1)	(951, 949, -1, 1)	(-1, -1, -1, 0)	(-1, -1, -1, 0)	(-1, -1, -1, 0)	(-1, -1, -1, 0)	(-1, -1, -1, 0)	(-1, -1, -1, 0)	(-1, -1, -1, 0)	(-1, -1, -1, 0)	(-1, -1, -1, 0)	(-1, -1, -1, 0)	(-1, -1, -1, 0)
294:	(1751, 1279, 1770, 4)	(1504, 1279, 1518, 4)	(1281, 1279, 1285, 4)	(-1, -1, -1, 0)	(-1, -1, -1, 0)	(-1, -1, -1, 0)	(-1, -1, -1, 0)	(-1, -1, -1, 0)	(-1, -1, -1, 0)	(-1, -1, -1, 0)	(-1, -1, -1, 0)	(-1, -1, -1, 0)	(-1, -1, -1, 0)	(-1, -1, -1, 0)	(-1, -1, -1, 0)	(-1, -1, -1, 0)
295:	(1954, 640, 1968, 4)	(-1, -1, -1, 0)	(-1, -1, -1, 0)	(-1, -1, -1, 0)	(-1, -1, -1, 0)	(-1, -1, -1, 0)	(-1, -1, -1, 0)	(-1, -1, -1, 0)	(-1, -1, -1, 0)	(-1, -1, -1, 0)	(-1, -1, -1, 0)	(-1, -1, -1, 0)	(-1, -1, -1, 0)	(-1, -1, -1, 0)	(-1, -1, -1, 0)	(-1, -1, -1, 0)
296:	(1283, 1282, -1, 1)	(1284, 1282, -1, 1)	(-1, -1, -1, 0)	(-1, -1, -1, 0)	(-1, -1, -1, 0)	(-1, -1, -1, 0)	(-1, -1, -1, 0)	(-1, -1, -1, 0)	(-1, -1, -1, 0)	(-1, -1, -1, 0)	(-1, -1, -1, 0)	(-1, -1, -1, 0)	(-1, -1, -1, 0)	(-1, -1, -1, 0)	(-1, -1, -1, 0)	(-1, -1, -1, 0)
297:	(842, 841, -1, 1)	(843, 841, -1, 1)	(844, 841, -1, 1)	(845, 841, -1, 1)	(-1, -1, -1, 0)	(-1, -1, -1, 0)	(-1, -1, -1, 0)	(-1, -1, -1, 0)	(-1, -1, -1, 0)	(-1, -1, -1, 0)	(-1, -1, -1, 0)	(-1, -1, -1, 0)	(-1, -1, -1, 0)	(-1, -1, -1, 0)	(-1, -1, -1, 0)	(-1, -1, -1, 0)
298:	(952, 950, 953, 4)	(971, 950, 972, 4)	(-1, -1, -1, 0)	(-1, -1, -1, 0)	(-1, -1, -1, 0)	(-1, -1, -1, 0)	(-1, -1, -1, 0)	(-1, -1, -1, 0)	(-1, -1, -1, 0)	(-1, -1, -1, 0)	(-1, -1, -1, 0)	(-1, -1, -1, 0)	(-1, -1, -1, 0)	(-1, -1, -1, 0)	(-1, -1, -1, 0)	(-1, -1, -1, 0)
299:	(-1, -1, -1, 0)	(-1, -1, -1, 0)	(-1, -1, -1, 0)	(-1, -1, -1, 0)	(-1, -1, -1, 0)	(-1, -1, -1, 0)	(-1, -1, -1, 0)	(-1, -1, -1, 0)	(-1, -1, -1, 0)	(-1, -1, -1, 0)	(-1, -1, -1, 0)	(-1, -1, -1, 0)	(-1, -1, -1, 0)	(-1, -1, -1, 0)	(-1, -1, -1, 0)	(-1, -1, -1, 0)
300:	(1285, 1282, -1, 1)	(-1, -1, -1, 0)	(-1, -1, -1, 0)	(-1, -1, -1, 0)	(-1, -1, -1, 0)	(-1, -1, -1, 0)	(-1, -1, -1, 0)	(-1, -1, -1, 0)	(-1, -1, -1, 0)	(-1, -1, -1, 0)	(-1, -1, -1, 0)	(-1, -1, -1, 0)	(-1, -1, -1, 0)	(-1, -1, -1, 0)	(-1, -1, -1, 0)	(-1, -1, -1, 0)
301:	(682, 671, 684, 4)	(682, 672, 685, 4)	(682, 673, 686, 4)	(682, 670, 683, 4)	(-1, 670, -1, 5)	(1956, 670, 1957, 4)	(-1, 672, -1, 5)	(1956, 671, 1958, 4)	(1942, 433, 1968, 4)	(1956, 672, 1967, 4)	(952, 951, 955, 4)	(-1, -1, -1, 0)	(-1, -1, -1, 0)	(-1, -1, -1, 0)	(-1, -1, -1, 0)	(-1, -1, -1, 0)
302:	(704, 673, 708, 4)	(1918, 673, 1930, 4)	(971, 951, 975, 4)	(-1, -1, -1, 0)	(1918, -1, 1919, 6)	(-1, -1, -1, 0)	(704, -1, 707, 6)	(-1, -1, -1, 0)	(-1, -1, -1, 0)	(-1, -1, -1, 0)	(-1, -1, -1, 0)	(-1, -1, -1, 0)	(-1, -1, -1, 0)	(-1, -1, -1, 0)	(-1, -1, -1, 0)	(-1, -1, -1, 0)
303:	(704, 670, 705, 4)	(704, 671, 706, 4)	(-1, -1, -1, 0)	(-1, -1, -1, 0)	(-1, -1, -1, 0)	(-1, -1, -1, 0)	(-1, -1, -1, 0)	(-1, -1, -1, 0)	(-1, -1, -1, 0)	(-1, -1, -1, 0)	(-1, -1, -1, 0)	(-1, -1, -1, 0)	(-1, -1, -1, 0)	(-1, -1, -1, 0)	(-1, -1, -1, 0)	(-1, -1, -1, 0)
304:	(1505, 1284, 1516, 4)	(1527, 1284, 1529, 4)	(1752, 1284, 1766, 4)	(1505, 1283, 1515, 4)	(1752, 1283, 1765, 4)	(1918, 671, 1920, 4)	(-1, -1, -1, 0)	(-1, -1, -1, 0)	(-1, -1, -1, 0)	(-1, -1, -1, 0)	(-1, -1, -1, 0)	(-1, -1, -1, 0)	(-1, -1, -1, 0)	(-1, -1, -1, 0)	(-1, -1, -1, 0)	(-1, -1, -1, 0)
305:	(867, 844, 870, 4)	(867, 845, 873, 4)	(857, 843, 859, 4)	(857, 844, 860, 4)	(867, 843, 869, 4)	(1896, 843, 1898, 4)	(857, 845, 862, 4)	(1896, 845, 1909, 4)	(1896, 844, 1906, 4)	(-1, -1, -1, 0)	(-1, -1, -1, 0)	(-1, -1, -1, 0)	(-1, -1, -1, 0)	(-1, -1, -1, 0)	(-1, -1, -1, 0)	(-1, -1, -1, 0)
306:	(1992, 843, 1994, 4)	(1527, 1283, 1528, 4)	(1992, 845, 1998, 4)	(1918, 672, 1929, 4)	(954, 953, -1, 1)	(-1, -1, -1, 0)	(-1, -1, -1, 0)	(-1, -1, -1, 0)	(-1, -1, -1, 0)	(-1, -1, -1, 0)	(-1, -1, -1, 0)	(-1, -1, -1, 0)	(-1, -1, -1, 0)	(-1, -1, -1, 0)	(-1, -1, -1, 0)	(-1, -1, -1, 0)
307:	(857, 842, 858, 4)	(684, 683, -1, 1)	(867, 842, 868, 4)	(685, 683, -1, 1)	(1896, 842, 1897, 4)	(686, 683, -1, 1)	(687, 683, -1, 1)	(-1, -1, -1, 0)	(-1, -1, -1, 0)	(-1, -1, -1, 0)	(-1, -1, -1, 0)	(-1, -1, -1, 0)	(-1, -1, -1, 0)	(-1, -1, -1, 0)	(-1, -1, -1, 0)	(-1, -1, -1, 0)
308:	(1752, 1285, 1770, 4)	(1527, 1285, 1532, 4)	(1505, 1285, 1518, 4)	(1992, 844, 1995, 4)	(1945, 512, 1968, 4)	(-1, -1, -1, 0)	(-1, -1, -1, 0)	(-1, -1, -1, 0)	(-1, -1, -1, 0)	(-1, -1, -1, 0)	(-1, -1, -1, 0)	(-1, -1, -1, 0)	(-1, -1, -1, 0)	(-1, -1, -1, 0)	(-1, -1, -1, 0)	(-1, -1, -1, 0)
309:	(1992, 842, 1993, 4)	(955, 953, -1, 1)	(-1, -1, -1, 0)	(-1, -1, -1, 0)	(-1, -1, -1, 0)	(-1, -1, -1, 0)	(-1, -1, -1, 0)	(-1, -1, -1, 0)	(-1, -1, -1, 0)	(-1, -1, -1, 0)	(-1, -1, -1, 0)	(-1, -1, -1, 0)	(-1, -1, -1, 0)	(-1, -1, -1, 0)	(-1, -1, -1, 0)	(-1, -1, -1, 0)
310:	(1516, 1515, -1, 1)	(1517, 1515, -1, 1)	(1519, 1515, -1, 1)	(-1, -1, -1, 0)	(-1, -1, -1, 0)	(-1, -1, -1, 0)	(-1, -1, -1, 0)	(-1, -1, -1, 0)	(-1, -1, -1, 0)	(-1, -1, -1, 0)	(-1, -1, -1, 0)	(-1, -1, -1, 0)	(-1, -1, -1, 0)	(-1, -1, -1, 0)	(-1, -1, -1, 0)	(-1, -1, -1, 0)
311:	(-1, -1, -1, 0)	(-1, -1, -1, 0)	(-1, -1, -1, 0)	(-1, -1, -1, 0)	(-1, -1, -1, 0)	(-1, -1, -1, 0)	(-1, -1, -1, 0)	(-1, -1, -1, 0)	(-1, -1, -1, 0)	(-1, -1, -1, 0)	(-1, -1, -1, 0)	(-1, -1, -1, 0)	(-1, -1, -1, 0)	(-1, -1, -1, 0)	(-1, -1, -1, 0)	(-1, -1, -1, 0)
312:	(-1, -1, -1, 0)	(-1, -1, -1, 0)	(-1, -1, -1, 0)	(-1, -1, -1, 0)	(-1, -1, -1, 0)	(-1, -1, -1, 0)	(-1, -1, -1, 0)	(-1, -1, -1, 0)	(-1, -1, -1, 0)	(-1, -1, -1, 0)	(-1, -1, -1, 0)	(-1, -1, -1, 0)	(-1, -1, -1, 0)	(-1, -1, -1, 0)	(-1, -1, -1, 0)	(-1, -1, -1, 0)
313:	(859, 858, -1, 1)	(860, 858, -1, 1)	(861, 858, -1, 1)	(862, 858, -1, 1)	(-1, 439, -1, 5)	(-1, -1, -1, 0)	(-1, -1, -1, 0)	(-1, -1, -1, 0)	(-1, -1, -1, 0)	(-1, -1, -1, 0)	(-1, -1, -1, 0)	(-1, -1, -1, 0)	(-1, -1, -1, 0)	(-1, -1, -1, 0)	(-1, -1, -1, 0)	(-1, -1, -1, 0)
314:	(1518, 1515, -1, 1)	(956, 954, 957, 4)	(972, 954, 973, 4)	(-1, -1, -1, 0)	(1943, -1, 1968, 6)	(-1, -1, -1, 0)	(-1, -1, -1, 0)	(-1, -1, -1, 0)	(-1, -1, -1, 0)	(-1, -1, -1, 0)	(-1, -1, -1, 0)	(-1, -1, -1, 0)	(-1, -1, -1, 0)	(-1, -1, -1, 0)	(-1, -1, -1, 0)	(-1, -1, -1, 0)
315:	(705, 685, 707, 4)	(705, 686, 708, 4)	(705, 687, 709, 4)	(705, 684, 706, 4)	(1919, 684, 1920, 4)	(1977, 684, 1978, 4)	(1919, 686, 1930, 4)	(1919, 687, 1931, 4)	(1919, 685, 1929, 4)	(-1, -1, -1, 0)	(-1, -1, -1, 0)	(-1, -1, -1, 0)	(-1, -1, -1, 0)	(-1, -1, -1, 0)	(-1, -1, -1, 0)	(-1, -1, -1, 0)
316:	(1957, 684, 1958, 4)	(1957, 687, 1969, 4)	(1977, 686, 1984, 4)	(1977, 685, 1983, 4)	(1977, 687, 1985, 4)	(-1, -1, -1, 0)	(-1, -1, -1, 0)	(-1, -1, -1, 0)	(-1, -1, -1, 0)	(-1, -1, -1, 0)	(-1, -1, -1, 0)	(-1, -1, -1, 0)	(-1, -1, -1, 0)	(-1, -1, -1, 0)	(-1, -1, -1, 0)	(-1, -1, -1, 0)
317:	(972, 955, 975, 4)	(956, 955, 959, 4)	(-1, -1, -1, 0)	(-1, -1, -1, 0)	(-1, -1, -1, 0)	(-1, -1, -1, 0)	(-1, -1, -1, 0)	(-1, -1, -1, 0)	(-1, -1, -1, 0)	(-1, -1, -1, 0)	(-1, -1, -1, 0)	(-1, -1, -1, 0)	(-1, -1, -1, 0)	(-1, -1, -1, 0)	(-1, -1, -1, 0)	(-1, -1, -1, 0)
318:	(1528, 1517, 1530, 4)	(1528, 1519, 1533, 4)	(1528, 1516, 1529, 4)	(1765, 1516, 1766, 4)	(1809, 1516, 1810, 4)	(1809, 1519, 1815, 4)	(1550, 1519, 1555, 4)	(1550, 1517, 1552, 4)	(1765, 1517, 1767, 4)	(-1, -1, -1, 0)	(-1, -1, -1, 0)	(-1, -1, -1, 0)	(-1, -1, -1, 0)	(-1, -1, -1, 0)	(-1, -1, -1, 0)	(-1, -1, -1, 0)
319:	(1550, 1516, 1551, 4)	(1809, 1517, 1811, 4)	(-1, -1, -1, 0)	(-1, -1, -1, 0)	(-1, -1, -1, 0)	(-1, -1, -1, 0)	(-1, -1, -1, 0)	(-1, -1, -1, 0)	(-1, -1, -1, 0)	(-1, -1, -1, 0)	(-1, -1, -1, 0)	(-1, -1, -1, 0)	(-1, -1, -1, 0)	(-1, -1, -1, 0)	(-1, -1, -1, 0)	(-1, -1, -1, 0)
320:	(1765, 1519, 1772, 4)	(1955, 653, 1968, 4)	(958, 957, -1, 1)	(-1, -1, -1, 0)	(-1, -1, -1, 0)	(-1, -1, -1, 0)	(-1, -1, -1, 0)	(-1, -1, -1, 0)	(-1, -1, -1, 0)	(-1, -1, -1, 0)	(-1, -1, -1, 0)	(-1, -1, -1, 0)	(-1, -1, -1, 0)	(-1, -1, -1, 0)	(-1, -1, -1, 0)	(-1, -1, -1, 0)
321:	(868, 860, 870, 4)	(868, 861, 872, 4)	(868, 862, 873, 4)	(868, 859, 869, 4)	(707, 706, -1, 1)	(-1, -1, -1, 0)	(-1, -1, -1, 0)	(-1, -1, -1, 0)	(-1, -1, -1, 0)	(-1, -1, -1, 0)	(-1, -1, -1, 0)	(-1, -1, -1, 0)	(-1, -1, -1, 0)	(-1, -1, -1, 0)	(-1, -1, -1, 0)	(-1, -1, -1, 0)
322:	(1765, 1518, 1770, 4)	(1809, 1518, 1813, 4)	(1528, 1518, 1532, 4)	(-1, 1518, -1, 5)	(1897, 861, 1908, 4)	(708, 706, -1, 1)	(-1, -1, -1, 0)	(-1, -1, -1, 0)	(-1, -1, -1, 0)	(-1, -1, -1, 0)	(-1, -1, -1, 0)	(-1, -1, -1, 0)	(-1, -1, -1, 0)	(-1, -1, -1, 0)	(-1, -1, -1, 0)	(-1, -1, -1, 0)
323:	(1897, 859, 1898, 4)	(1980, 859, 1981, 4)	(1897, 862, 1909, 4)	(1550, -1, 1554, 6)	(709, 706, -1, 1)	(-1, -1, -1, 0)	(-1, -1, -1, 0)	(-1, -1, -1, 0)	(-1, -1, -1, 0)	(-1, -1, -1, 0)	(-1, -1, -1, 0)	(-1, -1, -1, 0)	(-1, -1, -1, 0)	(-1, -1, -1, 0)	(-1, -1, -1, 0)	(-1, -1, -1, 0)
324:	(1530, 1529, -1, 1)	(1531, 1529, -1, 1)	(1533, 1529, -1, 1)	(1897, 860, 1906, 4)	(-1, 860, -1, 5)	(1957, 685, 1967, 4)	(-1, -1, -1, 0)	(-1, -1, -1, 0)	(-1, -1, -1, 0)	(-1, -1, -1, 0)	(-1, -1, -1, 0)	(-1, -1, -1, 0)	(-1, -1, -1, 0)	(-1, -1, -1, 0)	(-1, -1, -1, 0)	(-1, -1, -1, 0)
325:	(1993, 859, 1994, 4)	(959, 957, -1, 1)	(-1, -1, -1, 0)	(-1, -1, -1, 0)	(1980, -1, 1982, 6)	(-1, -1, -1, 0)	(-1, -1, -1, 0)	(-1, -1, -1, 0)	(-1, -1, -1, 0)	(-1, -1, -1, 0)	(-1, -1, -1, 0)	(-1, -1, -1, 0)	(-1, -1, -1, 0)	(-1, -1, -1, 0)	(-1, -1, -1, 0)	(-1, -1, -1, 0)
326:	(1993, 860, 1995, 4)	(1956, 673, 1968, 4)	(1993, 862, 1998, 4)	(1993, 861, 1997, 4)	(-1, -1, -1, 0)	(-1, -1, -1, 0)	(-1, -1, -1, 0)	(-1, -1, -1, 0)	(-1, -1, -1, 0)	(-1, -1, -1, 0)	(-1, -1, -1, 0)	(-1, -1, -1, 0)	(-1, -1, -1, 0)	(-1, -1, -1, 0)	(-1, -1, -1, 0)	(-1, -1, -1, 0)
327:	(870, 869, -1, 1)	(871, 869, -1, 1)	(872, 869, -1, 1)	(873, 869, -1, 1)	(1980, 861, 1985, 4)	(1980, 862, 1986, 4)	(-1, -1, -1, 0)	(-1, -1, -1, 0)	(-1, -1, -1, 0)	(-1, -1, -1, 0)	(-1, -1, -1, 0)	(-1, -1, -1, 0)	(-1, -1, -1, 0)	(-1, -1, -1, 0)	(-1, -1, -1, 0)	(-1, -1, -1, 0)
328:	(1532, 1529, -1, 1)	(960, 958, 962, 4)	(973, 958, 974, 4)	(-1, -1, -1, 0)	(-1, -1, -1, 0)	(-1, -1, -1, 0)	(-1, -1, -1, 0)	(-1, -1, -1, 0)	(-1, -1, -1, 0)	(-1, -1, -1, 0)	(-1, -1, -1, 0)	(-1, -1, -1, 0)	(-1, -1, -1, 0)	(-1, -1, -1, 0)	(-1, -1, -1, 0)	(-1, -1, -1, 0)
329:	(1978, 707, 1983, 4)	(-1, -1, -1, 0)	(-1, -1, -1, 0)	(-1, -1, -1, 0)	(-1, -1, -1, 0)	(-1, -1, -1, 0)	(-1, -1, -1, 0)	(-1, -1, -1, 0)	(-1, -1, -1, 0)	(-1, -1, -1, 0)	(-1, -1, -1, 0)	(-1, -1, -1, 0)	(-1, -1, -1, 0)	(-1, -1, -1, 0)	(-1, -1, -1, 0)	(-1, -1, -1, 0)
330:	(1978, 708, 1984, 4)	(1958, 707, 1967, 4)	(-1, -1, -1, 0)	(-1, -1, -1, 0)	(-1, -1, -1, 0)	(-1, -1, -1, 0)	(-1, -1, -1, 0)	(-1, -1, -1, 0)	(-1, -1, -1, 0)	(-1, -1, -1, 0)	(-1, -1, -1, 0)	(-1, -1, -1, 0)	(-1, -1, -1, 0)	(-1, -1, -1, 0)	(-1, -1, -1, 0)	(-1, -1, -1, 0)
331:	(1958, 709, 1969, 4)	(1920, 708, 1930, 4)	(1920, 709, 1931, 4)	(1920, 707, 1929, 4)	(-1, -1, -1, 0)	(-1, -1, -1, 0)	(-1, -1, -1, 0)	(-1, -1, -1, 0)	(-1, -1, -1, 0)	(-1, -1, -1, 0)	(-1, -1, -1, 0)	(-1, -1, -1, 0)	(-1, -1, -1, 0)	(-1, -1, -1, 0)	(-1, -1, -1, 0)	(-1, -1, -1, 0)
332:	(1726, 1533, 1734, 4)	(1726, 1531, 1731, 4)	(1810, 1531, 1812, 4)	(1810, 1533, 1815, 4)	(1551, 1531, 1553, 4)	(1551, 1533, 1555, 4)	(1551, 1530, 1552, 4)	(1726, 1530, 1727, 4)	(-1, -1, -1, 0)	(-1, -1, -1, 0)	(-1, -1, -1, 0)	(-1, -1, -1, 0)	(-1, -1, -1, 0)	(-1, -1, -1, 0)	(-1, -1, -1, 0)	(-1, -1, -1, 0)
333:	(1766, 1531, 1769, 4)	(1766, 1533, 1772, 4)	(1766, 1530, 1767, 4)	(1810, 1530, 1811, 4)	(1957, 686, 1968, 4)	(960, 959, 963, 4)	(973, 959, 975, 4)	(-1, -1, -1, 0)	(-1, -1, -1, 0)	(-1, -1, -1, 0)	(-1, -1, -1, 0)	(-1, -1, -1, 0)	(-1, -1, -1, 0)	(-1, -1, -1, 0)	(-1, -1, -1, 0)	(-1, -1, -1, 0)
334:	(962, 961, -1, 1)	(-1, -1, -1, 0)	(-1, -1, -1, 0)	(-1, -1, -1, 0)	(-1, -1, -1, 0)	(-1, -1, -1, 0)	(-1, -1, -1, 0)	(-1, -1, -1, 0)	(-1, -1, -1, 0)	(-1, -1, -1, 0)	(-1, -1, -1, 0)	(-1, -1, -1, 0)	(-1, -1, -1, 0)	(-1, -1, -1, 0)	(-1, -1, -1, 0)	(-1, -1, -1, 0)
335:	(1898, 871, 1907, 4)	(1898, 872, 1908, 4)	(1898, 873, 1909, 4)	(1898, 870, 1906, 4)	(1981, 870, 1982, 4)	(1978, 709, 1985, 4)	(1981, 873, 1986, 4)	(-1, -1, -1, 0)	(-1, -1, -1, 0)	(-1, -1, -1, 0)	(-1, -1, -1, 0)	(-1, -1, -1, 0)	(-1, -1, -1, 0)	(-1, -1, -1, 0)	(-1, -1, -1, 0)	(-1, -1, -1, 0)
336:	(1726, 1532, 1732, 4)	(1766, 1532, 1770, 4)	(1810, 1532, 1813, 4)	(1981, 871, 1984, 4)	(-1, -1, -1, 0)	(-1, -1, -1, 0)	(-1, -1, -1, 0)	(-1, -1, -1, 0)	(-1, -1, -1, 0)	(-1, -1, -1, 0)	(-1, -1, -1, 0)	(-1, -1, -1, 0)	(-1, -1, -1, 0)	(-1, -1, -1, 0)	(-1, -1, -1, 0)	(-1, -1, -1, 0)
337:	(1551, 1532, 1554, 4)	(1959, 870, 1966, 4)	(1994, 870, 1995, 4)	(1959, 872, 1969, 4)	(1994, 872, 1997, 4)	(-1, -1, -1, 0)	(-1, -1, -1, 0)	(-1, -1, -1, 0)	(-1, -1, -1, 0)	(-1, -1, -1, 0)	(-1, -1, -1, 0)	(-1, -1, -1, 0)	(-1, -1, -1, 0)	(-1, -1, -1, 0)	(-1, -1, -1, 0)	(-1, -1, -1, 0)
338:	(1553, 1552, -1, 1)	(1555, 1552, -1, 1)	(1994, 873, 1998, 4)	(1959, 873, 1970, 4)	(-1, -1, -1, 0)	(-1, -1, -1, 0)	(-1, -1, -1, 0)	(-1, -1, -1, 0)	(-1, -1, -1, 0)	(-1, -1, -1, 0)	(-1, -1, -1, 0)	(-1, -1, -1, 0)	(-1, -1, -1, 0)	(-1, -1, -1, 0)	(-1, -1, -1, 0)	(-1, -1, -1, 0)
339:	(1958, 708, 1968, 4)	(1994, 871, 1996, 4)	(1931, 1929, -1, 1)	(963, 961, -1, 1)	(-1, -1, -1, 0)	(-1, -1, -1, 0)	(-1, -1, -1, 0)	(-1, -1, -1, 0)	(-1, -1, -1, 0)	(-1, -1, -1, 0)	(-1, -1, -1, 0)	(-1, -1, -1, 0)	(-1, -1, -1, 0)	(-1, -1, -1, 0)	(-1, -1, -1, 0)	(-1, -1, -1, 0)
340:	(1930, 1929, -1, 1)	(-1, -1, -1, 0)	(-1, -1, -1, 0)	(-1, -1, -1, 0)	(-1, -1, -1, 0)	(-1, -1, -1, 0)	(-1, -1, -1, 0)	(-1, -1, -1, 0)	(-1, -1, -1, 0)	(-1, -1, -1, 0)	(-1, -1, -1, 0)	(-1, -1, -1, 0)	(-1, -1, -1, 0)	(-1, -1, -1, 0)	(-1, -1, -1, 0)	(-1, -1, -1, 0)
341:	(1907, 1906, -1, 1)	(1908, 1906, -1, 1)	(1909, 1906, -1, 1)	(1981, 872, 1985, 4)	(-1, -1, -1, 0)	(-1, -1, -1, 0)	(-1, -1, -1, 0)	(-1, -1, -1, 0)	(-1, -1, -1, 0)	(-1, -1, -1, 0)	(-1, -1, -1, 0)	(-1, -1, -1, 0)	(-1, -1, -1, 0)	(-1, -1, -1, 0)	(-1, -1, -1, 0)	(-1, -1, -1, 0)
342:	(964, 962, 965, 4)	(1879, 962, 1880, 4)	(-1, -1, -1, 0)	(-1, -1, -1, 0)	(-1, -1, -1, 0)	(-1, -1, -1, 0)	(-1, -1, -1, 0)	(-1, -1, -1, 0)	(-1, -1, -1, 0)	(-1, -1, -1, 0)	(-1, -1, -1, 0)	(-1, -1, -1, 0)	(-1, -1, -1, 0)	(-1, -1, -1, 0)	(-1, -1, -1, 0)	(-1, -1, -1, 0)
343:	(1554, 1552, -1, 1)	(-1, -1, -1, 0)	(-1, -1, -1, 0)	(-1, -1, -1, 0)	(-1, -1, -1, 0)	(-1, -1, -1, 0)	(-1, -1, -1, 0)	(-1, -1, -1, 0)	(-1, -1, -1, 0)	(-1, -1, -1, 0)	(-1, -1, -1, 0)	(-1, -1, -1, 0)	(-1, -1, -1, 0)	(-1, -1, -1, 0)	(-1, -1, -1, 0)	(-1, -1, -1, 0)
344:	(-1, 871, -1, 5)	(-1, -1, -1, 0)	(-1, -1, -1, 0)	(-1, -1, -1, 0)	(-1, -1, -1, 0)	(-1, -1, -1, 0)	(-1, -1, -1, 0)	(-1, -1, -1, 0)	(-1, -1, -1, 0)	(-1, -1, -1, 0)	(-1, -1, -1, 0)	(-1, -1, -1, 0)	(-1, -1, -1, 0)	(-1, -1, -1, 0)	(-1, -1, -1, 0)	(-1, -1, -1, 0)
345:	(1959, -1, 1968, 6)	(-1, -1, -1, 0)	(-1, -1, -1, 0)	(-1, -1, -1, 0)	(-1, -1, -1, 0)	(-1, -1, -1, 0)	(-1, -1, -1, 0)	(-1, -1, -1, 0)	(-1, -1, -1, 0)	(-1, -1, -1, 0)	(-1, -1, -1, 0)	(-1, -1, -1, 0)	(-1, -1, -1, 0)	(-1, -1, -1, 0)	(-1, -1, -1, 0)	(-1, -1, -1, 0)
346:	(1727, 1555, 1734, 4)	(1727, 1553, 1731, 4)	(1767, 1553, 1769, 4)	(-1, 1555, -1, 5)	(1767, 1555, 1772, 4)	(-1, -1, -1, 0)	(-1, -1, -1, 0)	(-1, -1, -1, 0)	(-1, -1, -1, 0)	(-1, -1, -1, 0)	(-1, -1, -1, 0)	(-1, -1, -1, 0)	(-1, -1, -1, 0)	(-1, -1, -1, 0)	(-1, -1, -1, 0)	(-1, -1, -1, 0)
347:	(1811, 1553, 1812, 4)	(964, 963, 966, 4)	(1983, 1931, 1985, 4)	(1811, -1, 1815, 6)	(-1, -1, -1, 0)	(-1, -1, -1, 0)	(-1, -1, -1, 0)	(-1, -1, -1, 0)	(-1, -1, -1, 0)	(-1, -1, -1, 0)	(-1, -1, -1, 0)	(-1, -1, -1, 0)	(-1, -1, -1, 0)	(-1, -1, -1, 0)	(-1, -1, -1, 0)	(-1, -1, -1, 0)
348:	(1967, 1931, 1969, 4)	(1983, 1930, 1984, 4)	(1879, 963, 1881, 4)	(967, 965, -1, 1)	(-1, -1, -1, 0)	(-1, -1, -1, 0)	(-1, -1, -1, 0)	(-1, -1, -1, 0)	(-1, -1, -1, 0)	(-1, -1, -1, 0)	(-1, -1, -1, 0)	(-1, -1, -1, 0)	(-1, -1, -1, 0)	(-1, -1, -1, 0)	(-1, -1, -1, 0)	(-1, -1, -1, 0)
349:	(1995, 1909, 1998, 4)	(1995, 1907, 1996, 4)	(1982, 1909, 1986, 4)	(1995, 1908, 1997, 4)	(-1, -1, -1, 0)	(-1, -1, -1, 0)	(-1, -1, -1, 0)	(-1, -1, -1, 0)	(-1, -1, -1, 0)	(-1, -1, -1, 0)	(-1, -1, -1, 0)	(-1, -1, -1, 0)	(-1, -1, -1, 0)	(-1, -1, -1, 0)	(-1, -1, -1, 0)	(-1, -1, -1, 0)
350:	(1966, 1909, 1970, 4)	(-1, -1, -1, 0)	(-1, -1, -1, 0)	(-1, -1, -1, 0)	(-1, -1, -1, 0)	(-1, -1, -1, 0)	(-1, -1, -1, 0)	(-1, -1, -1, 0)	(-1, -1, -1, 0)	(-1, -1, -1, 0)	(-1, -1, -1, 0)	(-1, -1, -1, 0)	(-1, -1, -1, 0)	(-1, -1, -1, 0)	(-1, -1, -1, 0)	(-1, -1, -1, 0)
351:	(1727, 1554, 1732, 4)	(1767, 1554, 1770, 4)	(1811, 1554, 1813, 4)	(-1, -1, -1, 0)	(-1, -1, -1, 0)	(-1, -1, -1, 0)	(-1, -1, -1, 0)	(-1, -1, -1, 0)	(-1, -1, -1, 0)	(-1, -1, -1, 0)	(-1, -1, -1, 0)	(-1, -1, -1, 0)	(-1, -1, -1, 0)	(-1, -1, -1, 0)	(-1, -1, -1, 0)	(-1, -1, -1, 0)
352:	(1733, 1731, -1, 1)	(1734, 1731, -1, 1)	(1735, 1731, -1, 1)	(1967, 1930, 1968, 4)	(-1, -1, -1, 0)	(-1, -1, -1, 0)	(-1, -1, -1, 0)	(-1, -1, -1, 0)	(-1, -1, -1, 0)	(-1, -1, -1, 0)	(-1, -1, -1, 0)	(-1, -1, -1, 0)	(-1, -1, -1, 0)	(-1, -1, -1, 0)	(-1, -1, -1, 0)	(-1, -1, -1, 0)
353:	(966, 965, -1, 1)	(1982, 1908, 1985, 4)	(-1, -1, -1, 0)	(-1, -1, -1, 0)	(-1, -1, -1, 0)	(-1, -1, -1, 0)	(-1, -1, -1, 0)	(-1, -1, -1, 0)	(-1, -1, -1, 0)	(-1, -1, -1, 0)	(-1, -1, -1, 0)	(-1, -1, -1, 0)	(-1, -1, -1, 0)	(-1, -1, -1, 0)	(-1, -1, -1, 0)	(-1, -1, -1, 0)
354:	(1966, 1908, 1969, 4)	(1982, 1907, 1984, 4)	(-1, -1, -1, 0)	(-1, -1, -1, 0)	(-1, -1, -1, 0)	(-1, -1, -1, 0)	(-1, -1, -1, 0)	(-1, -1, -1, 0)	(-1, -1, -1, 0)	(-1, -1, -1, 0)	(-1, -1, -1, 0)	(-1, -1, -1, 0)	(-1, -1, -1, 0)	(-1, -1, -1, 0)	(-1, -1, -1, 0)	(-1, -1, -1, 0)
355:	(-1, -1, -1, 0)	(-1, -1, -1, 0)	(-1, -1, -1, 0)	(-1, -1, -1, 0)	(-1, -1, -1, 0)	(-1, -1, -1, 0)	(-1, -1, -1, 0)	(-1, -1, -1, 0)	(-1, -1, -1, 0)	(-1, -1, -1, 0)	(-1, -1, -1, 0)	(-1, -1, -1, 0)	(-1, -1, -1, 0)	(-1, -1, -1, 0)	(-1, -1, -1, 0)	(-1, -1, -1, 0)
356:	(974, 967, 977, 4)	(1880, 967, 1885, 4)	(-1, -1, -1, 0)	(-1, -1, -1, 0)	(-1, -1, -1, 0)	(-1, -1, -1, 0)	(-1, -1, -1, 0)	(-1, -1, -1, 0)	(-1, -1, -1, 0)	(-1, -1, -1, 0)	(-1, -1, -1, 0)	(-1, -1, -1, 0)	(-1, -1, -1, 0)	(-1, -1, -1, 0)	(-1, -1, -1, 0)	(-1, -1, -1, 0)
357:	(1732, 1731, -1, 1)	(-1, -1, -1, 0)	(-1, -1, -1, 0)	(-1, -1, -1, 0)	(-1, -1, -1, 0)	(-1, -1, -1, 0)	(-1, -1, -1, 0)	(-1, -1, -1, 0)	(-1, -1, -1, 0)	(-1, -1, -1, 0)	(-1, -1, -1, 0)	(-1, -1, -1, 0)	(-1, -1, -1, 0)	(-1, -1, -1, 0)	(-1, -1, -1, 0)	(-1, -1, -1, 0)
358:	(1966, 1907, 1968, 4)	(-1, -1, -1, 0)	(-1, -1, -1, 0)	(-1, -1, -1, 0)	(-1, -1, -1, 0)	(-1, -1, -1, 0)	(-1, -1, -1, 0)	(-1, -1, -1, 0)	(-1, -1, -1, 0)	(-1, -1, -1, 0)	(-1, -1, -1, 0)	(-1, -1, -1, 0)	(-1, -1, -1, 0)	(-1, -1, -1, 0)	(-1, -1, -1, 0)	(-1, -1, -1, 0)
359:	(-1, -1, -1, 0)	(-1, -1, -1, 0)	(-1, -1, -1, 0)	(-1, -1, -1, 0)	(-1, -1, -1, 0)	(-1, -1, -1, 0)	(-1, -1, -1, 0)	(-1, -1, -1, 0)	(-1, -1, -1, 0)	(-1, -1, -1, 0)	(-1, -1, -1, 0)	(-1, -1, -1, 0)	(-1, -1, -1, 0)	(-1, -1, -1, 0)	(-1, -1, -1, 0)	(-1, -1, -1, 0)
360:	(1787, 1733, 1789, 4)	(1812, 1733, 1814, 4)	(2121, 1733, 2123, 4)	(1787, 1734, 1790, 4)	(1812, 1734, 1815, 4)	(1787, 1735, 1793, 4)	(2121, 1734, 2124, 4)	(1812, 1735, 1818, 4)	(2121, 1735, 2127, 4)	(-1, -1, -1, 0)	(-1, -1, -1, 0)	(-1, -1, -1, 0)	(-1, -1, -1, 0)	(-1, -1, -1, 0)	(-1, -1, -1, 0)	(-1, -1, -1, 0)
361:	(1769, 1733, 1771, 4)	(1769, 1734, 1772, 4)	(1769, 1735, 1774, 4)	(-1, -1, -1, 0)	(-1, -1, -1, 0)	(-1, -1, -1, 0)	(-1, -1, -1, 0)	(-1, -1, -1, 0)	(-1, -1, -1, 0)	(-1, -1, -1, 0)	(-1, -1, -1, 0)	(-1, -1, -1, 0)	(-1, -1, -1, 0)	(-1, -1, -1, 0)	(-1, -1, -1, 0)	(-1, -1, -1, 0)
362:	(974, 966, 975, 4)	(1880, 966, 1881, 4)	(-1, -1, -1, 0)	(-1, -1, -1, 0)	(-1, -1, -1, 0)	(-1, -1, -1, 0)	(-1, -1, -1, 0)	(-1, -1, -1, 0)	(-1, -1, -1, 0)	(-1, -1, -1, 0)	(-1, -1, -1, 0)	(-1, -1, -1, 0)	(-1, -1, -1, 0)	(-1, -1, -1, 0)	(-1, -1, -1, 0)	(-1, -1, -1, 0)
363:	(-1, -1, -1, 0)	(-1, -1, -1, 0)	(-1, -1, -1, 0)	(-1, -1, -1, 0)	(-1, -1, -1, 0)	(-1, -1, -1, 0)	(-1, -1, -1, 0)	(-1, -1, -1, 0)	(-1, -1, -1, 0)	(-1, -1, -1, 0)	(-1, -1, -1, 0)	(-1, -1, -1, 0)	(-1, -1, -1, 0)	(-1, -1, -1, 0)	(-1, -1, -1, 0)	(-1, -1, -1, 0)
364:	(1969, 1968, -1, 1)	(1970, 1968, -1, 1)	(-1, -1, -1, 0)	(-1, -1, -1, 0)	(-1, -1, -1, 0)	(-1, -1, -1, 0)	(-1, -1, -1, 0)	(-1, -1, -1, 0)	(-1, -1, -1, 0)	(-1, -1, -1, 0)	(-1, -1, -1, 0)	(-1, -1, -1, 0)	(-1, -1, -1, 0)	(-1, -1, -1, 0)	(-1, -1, -1, 0)	(-1, -1, -1, 0)
365:	(1769, 1732, 1770, 4)	(1787, 1732, 1788, 4)	(1812, 1732, 1813, 4)	(-1, -1, -1, 0)	(-1, -1, -1, 0)	(-1, -1, -1, 0)	(-1, -1, -1, 0)	(-1, -1, -1, 0)	(-1, -1, -1, 0)	(-1, -1, -1, 0)	(-1, -1, -1, 0)	(-1, -1, -1, 0)	(-1, -1, -1, 0)	(-1, -1, -1, 0)	(-1, -1, -1, 0)	(-1, -1, -1, 0)
366:	(2121, 1732, 2122, 4)	(-1, -1, -1, 0)	(-1, -1, -1, 0)	(-1, -1, -1, 0)	(-1, -1, -1, 0)	(-1, -1, -1, 0)	(-1, -1, -1, 0)	(-1, -1, -1, 0)	(-1, -1, -1, 0)	(-1, -1, -1, 0)	(-1, -1, -1, 0)	(-1, -1, -1, 0)	(-1, -1, -1, 0)	(-1, -1, -1, 0)	(-1, -1, -1, 0)	(-1, -1, -1, 0)
367:	(-1, -1, -1, 0)	(-1, -1, -1, 0)	(-1, -1, -1, 0)	(-1, -1, -1, 0)	(-1, -1, -1, 0)	(-1, -1, -1, 0)	(-1, -1, -1, 0)	(-1, -1, -1, 0)	(-1, -1, -1, 0)	(-1, -1, -1, 0)	(-1, -1, -1, 0)	(-1, -1, -1, 0)	(-1, -1, -1, 0)	(-1, -1, -1, 0)	(-1, -1, -1, 0)	(-1, -1, -1, 0)
368:	(976, 975, -1, 1)	(977, 975, -1, 1)	(-1, -1, -1, 0)	(-1, -1, -1, 0)	(-1, -1, -1, 0)	(-1, -1, -1, 0)	(-1, -1, -1, 0)	(-1, -1, -1, 0)	(-1, -1, -1, 0)	(-1, -1, -1, 0)	(-1, -1, -1, 0)	(-1, -1, -1, 0)	(-1, -1, -1, 0)	(-1, -1, -1, 0)	(-1, -1, -1, 0)	(-1, -1, -1, 0)
369:	(-1, -1, -1, 0)	(-1, -1, -1, 0)	(-1, -1, -1, 0)	(-1, -1, -1, 0)	(-1, -1, -1, 0)	(-1, -1, -1, 0)	(-1, -1, -1, 0)	(-1, -1, -1, 0)	(-1, -1, -1, 0)	(-1, -1, -1, 0)	(-1, -1, -1, 0)	(-1, -1, -1, 0)	(-1, -1, -1, 0)	(-1, -1, -1, 0)	(-1, -1, -1, 0)	(-1, -1, -1, 0)
370:	(-1, -1, -1, 0)	(-1, -1, -1, 0)	(-1, -1, -1, 0)	(-1, -1, -1, 0)	(-1, -1, -1, 0)	(-1, -1, -1, 0)	(-1, -1, -1, 0)	(-1, -1, -1, 0)	(-1, -1, -1, 0)	(-1, -1, -1, 0)	(-1, -1, -1, 0)	(-1, -1, -1, 0)	(-1, -1, -1, 0)	(-1, -1, -1, 0)	(-1, -1, -1, 0)	(-1, -1, -1, 0)
371:	(1771, 1770, -1, 1)	(1772, 1770, -1, 1)	(1774, 1770, -1, 1)	(1773, 1770, -1, 1)	(-1, -1, -1, 0)	(-1, -1, -1, 0)	(-1, -1, -1, 0)	(-1, -1, -1, 0)	(-1, -1, -1, 0)	(-1, -1, -1, 0)	(-1, -1, -1, 0)	(-1, -1, -1, 0)	(-1, -1, -1, 0)	(-1, -1, -1, 0)	(-1, -1, -1, 0)	(-1, -1, -1, 0)
372:	(1996, 1970, 1998, 4)	(1984, 1970, 1986, 4)	(1984, 1969, 1985, 4)	(1996, 1969, 1997, 4)	(-1, -1, -1, 0)	(-1, -1, -1, 0)	(-1, -1, -1, 0)	(-1, -1, -1, 0)	(-1, -1, -1, 0)	(-1, -1, -1, 0)	(-1, -1, -1, 0)	(-1, -1, -1, 0)	(-1, -1, -1, 0)	(-1, -1, -1, 0)	(-1, -1, -1, 0)	(-1, -1, -1, 0)
373:	(-1, -1, -1, 0)	(-1, -1, -1, 0)	(-1, -1, -1, 0)	(-1, -1, -1, 0)	(-1, -1, -1, 0)	(-1, -1, -1, 0)	(-1, -1, -1, 0)	(-1, -1, -1, 0)	(-1, -1, -1, 0)	(-1, -1, -1, 0)	(-1, -1, -1, 0)	(-1, -1, -1, 0)	(-1, -1, -1, 0)	(-1, -1, -1, 0)	(-1, -1, -1, 0)	(-1, -1, -1, 0)
374:	(-1, -1, -1, 0)	(-1, -1, -1, 0)	(-1, -1, -1, 0)	(-1, -1, -1, 0)	(-1, -1, -1, 0)	(-1, -1, -1, 0)	(-1, -1, -1, 0)	(-1, -1, -1, 0)	(-1, -1, -1, 0)	(-1, -1, -1, 0)	(-1, -1, -1, 0)	(-1, -1, -1, 0)	(-1, -1, -1, 0)	(-1, -1, -1, 0)	(-1, -1, -1, 0)	(-1, -1, -1, 0)
375:	(-1, -1, -1, 0)	(-1, -1, -1, 0)	(-1, -1, -1, 0)	(-1, -1, -1, 0)	(-1, -1, -1, 0)	(-1, -1, -1, 0)	(-1, -1, -1, 0)	(-1, -1, -1, 0)	(-1, -1, -1, 0)	(-1, -1, -1, 0)	(-1, -1, -1, 0)	(-1, -1, -1, 0)	(-1, -1, -1, 0)	(-1, -1, -1, 0)	(-1, -1, -1, 0)	(-1, -1, -1, 0)
376:	(1821, 976, 1827, 4)	(1821, 977, 1828, 4)	(1881, 976, 1882, 4)	(-1, -1, -1, 0)	(-1, -1, -1, 0)	(-1, -1, -1, 0)	(-1, -1, -1, 0)	(-1, -1, -1, 0)	(-1, -1, -1, 0)	(-1, -1, -1, 0)	(-1, -1, -1, 0)	(-1, -1, -1, 0)	(-1, -1, -1, 0)	(-1, -1, -1, 0)	(-1, -1, -1, 0)	(-1, -1, -1, 0)
377:	(1881, 977, 1885, 4)	(-1, -1, -1, 0)	(-1, -1, -1, 0)	(-1, -1, -1, 0)	(-1, -1, -1, 0)	(-1, -1, -1, 0)	(-1, -1, -1, 0)	(-1, -1, -1, 0)	(-1, -1, -1, 0)	(-1, -1, -1, 0)	(-1, -1, -1, 0)	(-1, -1, -1, 0)	(-1, -1, -1, 0)	(-1, -1, -1, 0)	(-1, -1, -1, 0)	(-1, -1, -1, 0)
378:	(1986, 1985, -1, 1)	(-1, -1, -1, 0)	(-1, -1, -1, 0)	(-1, -1, -1, 0)	(-1, -1, -1, 0)	(-1, -1, -1, 0)	(-1, -1, -1, 0)	(-1, -1, -1, 0)	(-1, -1, -1, 0)	(-1, -1, -1, 0)	(-1, -1, -1, 0)	(-1, -1, -1, 0)	(-1, -1, -1, 0)	(-1, -1, -1, 0)	(-1, -1, -1, 0)	(-1, -1, -1, 0)
379:	(1788, 1771, 1789, 4)	(1813, 1771, 1814, 4)	(2122, 1771, -1, 7)	(1788, 1772, 1790, 4)	(1788, 1774, 1793, 4)	(1813, 1772, 1815, 4)	(2122, 1772, -1, 7)	(1788, 1773, 1791, 4)	(1813, 1774, 1818, 4)	(2122, 1774, 2127, 4)	(1813, 1773, 1816, 4)	(2122, 1773, -1, 7)	(-1, -1, -1, 0)	(-1, -1, -1, 0)	(-1, -1, -1, 0)	(-1, -1, -1, 0)
380:	(-1, -1, -1, 0)	(-1, -1, -1, 0)	(-1, -1, 2123, 8)	(-1, -1, -1, 0)	(-1, -1, -1, 0)	(-1, -1, -1, 0)	(-1, -1, 2124, 8)	(-1, -1, -1, 0)	(-1, -1, -1, 0)	(-1, -1, -1, 0)	(-1, -1, -1, 0)	(-1, -1, 2125, 8)	(-1, -1, -1, 0)	(-1, -1, -1, 0)	(-1, -1, -1, 0)	(-1, -1, -1, 0)
381:	(-1, -1, -1, 0)	(-1, -1, -1, 0)	(-1, -1, -1, 0)	(-1, -1, -1, 0)	(-1, -1, -1, 0)	(-1, -1, -1, 0)	(-1, -1, -1, 0)	(-1, -1, -1, 0)	(-1, -1, -1, 0)	(-1, -1, -1, 0)	(-1, -1, -1, 0)	(-1, -1, -1, 0)	(-1, -1, -1, 0)	(-1, -1, -1, 0)	(-1, -1, -1, 0)	(-1, -1, -1, 0)
382:	(1828, 1826, -1, 1)	(-1, -1, -1, 0)	(-1, -1, -1, 0)	(-1, -1, -1, 0)	(-1, -1, -1, 0)	(-1, -1, -1, 0)	(-1, -1, -1, 0)	(-1, -1, -1, 0)	(-1, -1, -1, 0)	(-1, -1, -1, 0)	(-1, -1, -1, 0)	(-1, -1, -1, 0)	(-1, -1, -1, 0)	(-1, -1, -1, 0)	(-1, -1, -1, 0)	(-1, -1, -1, 0)
383:	(1885, 1884, -1, 1)	(-1, -1, -1, 0)	(-1, -1, -1, 0)	(-1, -1, -1, 0)	(-1, -1, -1, 0)	(-1, -1, -1, 0)	(-1, -1, -1, 0)	(-1, -1, -1, 0)	(-1, -1, -1, 0)	(-1, -1, -1, 0)	(-1, -1, -1, 0)	(-1, -1, -1, 0)	(-1, -1, -1, 0)	(-1, -1, -1, 0)	(-1, -1, -1, 0)	(-1, -1, -1, 0)
384:	(-1, -1, -1, 0)	(-1, -1, -1, 0)	(-1, -1, -1, 0)	(-1, -1, -1, 0)	(-1, -1, -1, 0)	(-1, -1, -1, 0)	(-1, -1, -1, 0)	(-1, -1, -1, 0)	(-1, -1, -1, 0)	(-1, -1, -1, 0)	(-1, -1, -1, 0)	(-1, -1, -1, 0)	(-1, -1, -1, 0)	(-1, -1, -1, 0)	(-1, -1, -1, 0)	(-1, -1, -1, 0)
385:	(1790, 1789, -1, 1)	(1793, 1789, -1, 1)	(1791, 1789, -1, 1)	(1792, 1789, -1, 1)	(-1, -1, -1, 0)	(-1, -1, -1, 0)	(-1, -1, -1, 0)	(-1, -1, -1, 0)	(-1, -1, -1, 0)	(-1, -1, -1, 0)	(-1, -1, -1, 0)	(-1, -1, -1, 0)	(-1, -1, -1, 0)	(-1, -1, -1, 0)	(-1, -1, -1, 0)	(-1, -1, -1, 0)
386:	(1997, 1986, 1998, 4)	(-1, -1, -1, 0)	(-1, -1, -1, 0)	(-1, -1, -1, 0)	(-1, -1, -1, 0)	(-1, -1, -1, 0)	(-1, -1, -1, 0)	(-1, -1, -1, 0)	(-1, -1, -1, 0)	(-1, -1, -1, 0)	(-1, -1, -1, 0)	(-1, -1, -1, 0)	(-1, -1, -1, 0)	(-1, -1, -1, 0)	(-1, -1, -1, 0)	(-1, -1, -1, 0)
387:	(-1, -1, -1, 0)	(-1, -1, -1, 0)	(-1, -1, -1, 0)	(-1, -1, -1, 0)	(-1, -1, -1, 0)	(-1, -1, -1, 0)	(-1, -1, -1, 0)	(-1, -1, -1, 0)	(-1, -1, -1, 0)	(-1, -1, -1, 0)	(-1, -1, -1, 0)	(-1, -1, -1, 0)	(-1, -1, -1, 0)	(-1, -1, -1, 0)	(-1, -1, -1, 0)	(-1, -1, -1, 0)
388:	(-1, -1, -1, 0)	(-1, -1, -1, 0)	(-1, -1, -1, 0)	(-1, -1, -1, 0)	(-1, -1, -1, 0)	(-1, -1, -1, 0)	(-1, -1, -1, 0)	(-1, -1, -1, 0)	(-1, -1, -1, 0)	(-1, -1, -1, 0)	(-1, -1, -1, 0)	(-1, -1, -1, 0)	(-1, -1, -1, 0)	(-1, -1, -1, 0)	(-1, -1, -1, 0)	(-1, -1, -1, 0)
389:	(-1, -1, -1, 0)	(-1, -1, -1, 0)	(-1, -1, -1, 0)	(-1, -1, -1, 0)	(-1, -1, -1, 0)	(-1, -1, -1, 0)	(-1, -1, -1, 0)	(-1, -1, -1, 0)	(-1, -1, -1, 0)	(-1, -1, -1, 0)	(-1, -1, -1, 0)	(-1, -1, -1, 0)	(-1, -1, -1, 0)	(-1, -1, -1, 0)	(-1, -1, -1, 0)	(-1, -1, -1, 0)
390:	(-1, -1, -1, 0)	(-1, -1, -1, 0)	(-1, -1, -1, 0)	(-1, -1, -1, 0)	(-1, -1, -1, 0)	(-1, -1, -1, 0)	(-1, -1, -1, 0)	(-1, -1, -1, 0)	(-1, -1, -1, 0)	(-1, -1, -1, 0)	(-1, -1, -1, 0)	(-1, -1, -1, 0)	(-1, -1, -1, 0)	(-1, -1, -1, 0)	(-1, -1, -1, 0)	(-1, -1, -1, 0)
391:	(-1, -1, -1, 0)	(-1, -1, -1, 0)	(-1, -1, -1, 0)	(-1, -1, -1, 0)	(-1, -1, -1, 0)	(-1, -1, -1, 0)	(-1, -1, -1, 0)	(-1, -1, -1, 0)	(-1, -1, -1, 0)	(-1, -1, -1, 0)	(-1, -1, -1, 0)	(-1, -1, -1, 0)	(-1, -1, -1, 0)	(-1, -1, -1, 0)	(-1, -1, -1, 0)	(-1, -1, -1, 0)
392:	(2000, 1998, -1, 1)	(1999, 1998, -1, 1)	(-1, -1, -1, 0)	(-1, -1, -1, 0)	(-1, -1, -1, 0)	(-1, -1, -1, 0)	(-1, -1, -1, 0)	(-1, -1, -1, 0)	(-1, -1, -1, 0)	(-1, -1, -1, 0)	(-1, -1, -1, 0)	(-1, -1, -1, 0)	(-1, -1, -1, 0)	(-1, -1, -1, 0)	(-1, -1, -1, 0)	(-1, -1, -1, 0)
393:	(1814, 1790, 1815, 4)	(2123, 1790, 2124, 4)	(1823, 1790, 1824, 4)	(1814, 1793, 1818, 4)	(2123, 1793, 2127, 4)	(1823, 1793, 1829, 4)	(-1, -1, -1, 0)	(-1, -1, -1, 0)	(-1, -1, -1, 0)	(-1, -1, -1, 0)	(-1, -1, -1, 0)	(-1, -1, -1, 0)	(-1, -1, -1, 0)	(-1, -1, -1, 0)	(-1, -1, -1, 0)	(-1, -1, -1, 0)
394:	(1814, 1791, 1816, 4)	(1814, 1792, 1817, 4)	(-1, 1791, -1, 5)	(2123, 1791, 2125, 4)	(2123, 1792, 2126, 4)	(-1, -1, -1, 0)	(-1, -1, -1, 0)	(-1, -1, -1, 0)	(-1, -1, -1, 0)	(-1, -1, -1, 0)	(-1, -1, -1, 0)	(-1, -1, -1, 0)	(-1, -1, -1, 0)	(-1, -1, -1, 0)	(-1, -1, -1, 0)	(-1, -1, -1, 0)
395:	(1823, 1792, 1827, 4)	(-1, -1, -1, 0)	(1823, -1, 1825, 6)	(-1, -1, -1, 0)	(-1, -1, -1, 0)	(-1, -1, -1, 0)	(-1, -1, -1, 0)	(-1, -1, -1, 0)	(-1, -1, -1, 0)	(-1, -1, -1, 0)	(-1, -1, -1, 0)	(-1, -1, -1, 0)	(-1, -1, -1, 0)	(-1, -1, -1, 0)	(-1, -1, -1, 0)	(-1, -1, -1, 0)
396:	(-1, -1, -1, 0)	(-1, -1, -1, 0)	(-1, -1, -1, 0)	(-1, -1, -1, 0)	(-1, -1, -1, 0)	(-1, -1, -1, 0)	(-1, -1, -1, 0)	(-1, -1, -1, 0)	(-1, -1, -1, 0)	(-1, -1, -1, 0)	(-1, -1, -1, 0)	(-1, -1, -1, 0)	(-1, -1, -1, 0)	(-1, -1, -1, 0)	(-1, -1, -1, 0)	(-1, -1, -1, 0)
397:	(-1, -1, -1, 0)	(-1, -1, -1, 0)	(-1, -1, -1, 0)	(-1, -1, -1, 0)	(-1, -1, -1, 0)	(-1, -1, -1, 0)	(-1, -1, -1, 0)	(-1, -1, -1, 0)	(-1, -1, -1, 0)	(-1, -1, -1, 0)	(-1, -1, -1, 0)	(-1, -1, -1, 0)	(-1, -1, -1, 0)	(-1, -1, -1, 0)	(-1, -1, -1, 0)	(-1, -1, -1, 0)
398:	(-1, -1, -1, 0)	(-1, -1, -1, 0)	(-1, -1, -1, 0)	(-1, -1, -1, 0)	(-1, -1, -1, 0)	(-1, -1, -1, 0)	(-1, -1, -1, 0)	(-1, -1, -1, 0)	(-1, -1, -1, 0)	(-1, -1, -1, 0)	(-1, -1, -1, 0)	(-1, -1, -1, 0)	(-1, -1, -1, 0)	(-1, -1, -1, 0)	(-1, -1, -1, 0)	(-1, -1, -1, 0)
399:	(1818, 1815, -1, 1)	(-1, -1, -1, 0)	(-1, -1, -1, 0)	(-1, -1, -1, 0)	(-1, -1, -1, 0)	(-1, -1, -1, 0)	(-1, -1, -1, 0)	(-1, -1, -1, 0)	(-1, -1, -1, 0)	(-1, -1, -1, 0)	(-1, -1, -1, 0)	(-1, -1, -1, 0)	(-1, -1, -1, 0)	(-1, -1, -1, 0)	(-1, -1, -1, 0)	(-1, -1, -1, 0)
400:	(2055, 2000, 2058, 4)	(1816, 1815, -1, 1)	(1817, 1815, -1, 1)	(2055, 1999, 2057, 4)	(-1, -1, -1, 0)	(-1, -1, -1, 0)	(-1, -1, -1, 0)	(-1, -1, -1, 0)	(-1, -1, -1, 0)	(-1, -1, -1, 0)	(-1, -1, -1, 0)	(-1, -1, -1, 0)	(-1, -1, -1, 0)	(-1, -1, -1, 0)	(-1, -1, -1, 0)	(-1, -1, -1, 0)
401:	(-1, -1, -1, 0)	(-1, -1, -1, 0)	(-1, -1, -1, 0)	(-1, -1, -1, 0)	(-1, -1, -1, 0)	(-1, -1, -1, 0)	(-1, -1, -1, 0)	(-1, -1, -1, 0)	(-1, -1, -1, 0)	(-1, -1, -1, 0)	(-1, -1, -1, 0)	(-1, -1, -1, 0)	(-1, -1, -1, 0)	(-1, -1, -1, 0)	(-1, -1, -1, 0)	(-1, -1, -1, 0)
402:	(-1, -1, -1, 0)	(-1, -1, -1, 0)	(-1, -1, -1, 0)	(-1, -1, -1, 0)	(-1, -1, -1, 0)	(-1, -1, -1, 0)	(-1, -1, -1, 0)	(-1, -1, -1, 0)	(-1, -1, -1, 0)	(-1, -1, -1, 0)	(-1, -1, -1, 0)	(-1, -1, -1, 0)	(-1, -1, -1, 0)	(-1, -1, -1, 0)	(-1, -1, -1, 0)	(-1, -1, -1, 0)
403:	(-1, -1, -1, 0)	(-1, -1, -1, 0)	(-1, -1, -1, 0)	(-1, -1, -1, 0)	(-1, -1, -1, 0)	(-1, -1, -1, 0)	(-1, -1, -1, 0)	(-1, -1, -1, 0)	(-1, -1, -1, 0)	(-1, -1, -1, 0)	(-1, -1, -1, 0)	(-1, -1, -1, 0)	(-1, -1, -1, 0)	(-1, -1, -1, 0)	(-1, -1, -1, 0)	(-1, -1, -1, 0)
404:	(-1, -1, -1, 0)	(-1, -1, -1, 0)	(-1, -1, -1, 0)	(-1, -1, -1, 0)	(-1, -1, -1, 0)	(-1, -1, -1, 0)	(-1, -1, -1, 0)	(-1, -1, -1, 0)	(-1, -1, -1, 0)	(-1, -1, -1, 0)	(-1, -1, -1, 0)	(-1, -1, -1, 0)	(-1, -1, -1, 0)	(-1, -1, -1, 0)	(-1, -1, -1, 0)	(-1, -1, -1, 0)
405:	(-1, -1, -1, 0)	(-1, -1, -1, 0)	(-1, -1, -1, 0)	(-1, -1, -1, 0)	(-1, -1, -1, 0)	(-1, -1, -1, 0)	(-1, -1, -1, 0)	(-1, -1, -1, 0)	(-1, -1, -1, 0)	(-1, -1, -1, 0)	(-1, -1, -1, 0)	(-1, -1, -1, 0)	(-1, -1, -1, 0)	(-1, -1, -1, 0)	(-1, -1, -1, 0)	(-1, -1, -1, 0)
406:	(2059, 2058, -1, 1)	(2060, 2058, -1, 1)	(-1, -1, -1, 0)	(-1, -1, -1, 0)	(-1, -1, -1, 0)	(-1, -1, -1, 0)	(-1, -1, -1, 0)	(-1, -1, -1, 0)	(-1, -1, -1, 0)	(-1, -1, -1, 0)	(-1, -1, -1, 0)	(-1, -1, -1, 0)	(-1, -1, -1, 0)	(-1, -1, -1, 0)	(-1, -1, -1, 0)	(-1, -1, -1, 0)
407:	(2124, 1818, 2127, 4)	(1824, 1818, 1829, 4)	(-1, -1, -1, 0)	(-1, -1, -1, 0)	(-1, -1, -1, 0)	(-1, -1, -1, 0)	(-1, -1, -1, 0)	(-1, -1, -1, 0)	(-1, -1, -1, 0)	(-1, -1, -1, 0)	(-1, -1, -1, 0)	(-1, -1, -1, 0)	(-1, -1, -1, 0)	(-1, -1, -1, 0)	(-1, -1, -1, 0)	(-1, -1, -1, 0)
408:	(1824, 1817, 1827, 4)	(1824, 1816, 1825, 4)	(2124, 1816, 2125, 4)	(2124, 1817, 2126, 4)	(-1, -1, -1, 0)	(-1, -1, -1, 0)	(-1, -1, -1, 0)	(-1, -1, -1, 0)	(-1, -1, -1, 0)	(-1, -1, -1, 0)	(-1, -1, -1, 0)	(-1, -1, -1, 0)	(-1, -1, -1, 0)	(-1, -1, -1, 0)	(-1, -1, -1, 0)	(-1, -1, -1, 0)
409:	(-1, -1, -1, 0)	(-1, -1, -1, 0)	(-1, -1, -1, 0)	(-1, -1, -1, 0)	(-1, -1, -1, 0)	(-1, -1, -1, 0)	(-1, -1, -1, 0)	(-1, -1, -1, 0)	(-1, -1, -1, 0)	(-1, -1, -1, 0)	(-1, -1, -1, 0)	(-1, -1, -1, 0)	(-1, -1, -1, 0)	(-1, -1, -1, 0)	(-1, -1, -1, 0)	(-1, -1, -1, 0)
410:	(-1, -1, -1, 0)	(-1, -1, -1, 0)	(-1, -1, -1, 0)	(-1, -1, -1, 0)	(-1, -1, -1, 0)	(-1, -1, -1, 0)	(-1, -1, -1, 0)	(-1, -1, -1, 0)	(-1, -1, -1, 0)	(-1, -1, -1, 0)	(-1, -1, -1, 0)	(-1, -1, -1, 0)	(-1, -1, -1, 0)	(-1, -1, -1, 0)	(-1, -1, -1, 0)	(-1, -1, -1, 0)
411:	(-1, -1, -1, 0)	(-1, -1, -1, 0)	(-1, -1, -1, 0)	(-1, -1, -1, 0)	(-1, -1, -1, 0)	(-1, -1, -1, 0)	(-1, -1, -1, 0)	(-1, -1, -1, 0)	(-1, -1, -1, 0)	(-1, -1, -1, 0)	(-1, -1, -1, 0)	(-1, -1, -1, 0)	(-1, -1, -1, 0)	(-1, -1, -1, 0)	(-1, -1, -1, 0)	(-1, -1, -1, 0)
412:	(-1, -1, -1, 0)	(-1, -1, -1, 0)	(-1, -1, -1, 0)	(-1, -1, -1, 0)	(-1, -1, -1, 0)	(-1, -1, -1, 0)	(-1, -1, -1, 0)	(-1, -1, -1, 0)	(-1, -1, -1, 0)	(-1, -1, -1, 0)	(-1, -1, -1, 0)	(-1, -1, -1, 0)	(-1, -1, -1, 0)	(-1, -1, -1, 0)	(-1, -1, -1, 0)	(-1, -1, -1, 0)
413:	(2129, 2127, -1, 1)	(2128, 2127, -1, 1)	(1829, 1826, -1, 1)	(-1, -1, -1, 0)	(-1, -1, -1, 0)	(-1, -1, -1, 0)	(-1, -1, -1, 0)	(-1, -1, -1, 0)	(-1, -1, -1, 0)	(-1, -1, -1, 0)	(-1, -1, -1, 0)	(-1, -1, -1, 0)	(-1, -1, -1, 0)	(-1, -1, -1, 0)	(-1, -1, -1, 0)	(-1, -1, -1, 0)
414:	(2070, 2060, 2074, 4)	(2070, 2059, 2071, 4)	(2108, 2059, 2109, 4)	(2108, 2060, 2112, 4)	(1827, 1826, -1, 1)	(-1, -1, -1, 0)	(-1, -1, -1, 0)	(-1, -1, -1, 0)	(-1, -1, -1, 0)	(-1, -1, -1, 0)	(-1, -1, -1, 0)	(-1, -1, -1, 0)	(-1, -1, -1, 0)	(-1, -1, -1, 0)	(-1, -1, -1, 0)	(-1, -1, -1, 0)
415:	(-1, -1, -1, 0)	(-1, -1, -1, 0)	(-1, -1, -1, 0)	(-1, -1, -1, 0)	(-1, -1, -1, 0)	(-1, -1, -1, 0)	(-1, -1, -1, 0)	(-1, -1, -1, 0)	(-1, -1, -1, 0)	(-1, -1, -1, 0)	(-1, -1, -1, 0)	(-1, -1, -1, 0)	(-1, -1, -1, 0)	(-1, -1, -1, 0)	(-1, -1, -1, 0)	(-1, -1, -1, 0)
416:	(-1, -1, -1, 0)	(-1, -1, -1, 0)	(-1, -1, -1, 0)	(-1, -1, -1, 0)	(-1, -1, -1, 0)	(-1, -1, -1, 0)	(-1, -1, -1, 0)	(-1, -1, -1, 0)	(-1, -1, -1, 0)	(-1, -1, -1, 0)	(-1, -1, -1, 0)	(-1, -1, -1, 0)	(-1, -1, -1, 0)	(-1, -1, -1, 0)	(-1, -1, -1, 0)	(-1, -1, -1, 0)
417:	(-1, -1, -1, 0)	(-1, -1, -1, 0)	(-1, -1, -1, 0)	(-1, -1, -1, 0)	(-1, -1, -1, 0)	(-1, -1, -1, 0)	(-1, -1, -1, 0)	(-1, -1, -1, 0)	(-1, -1, -1, 0)	(-1, -1, -1, 0)	(-1, -1, -1, 0)	(-1, -1, -1, 0)	(-1, -1, -1, 0)	(-1, -1, -1, 0)	(-1, -1, -1, 0)	(-1, -1, -1, 0)
418:	(-1, -1, -1, 0)	(-1, -1, -1, 0)	(-1, -1, -1, 0)	(-1, -1, -1, 0)	(-1, -1, -1, 0)	(-1, -1, -1, 0)	(-1, -1, -1, 0)	(-1, -1, -1, 0)	(-1, -1, -1, 0)	(-1, -1, -1, 0)	(-1, -1, -1, 0)	(-1, -1, -1, 0)	(-1, -1, -1, 0)	(-1, -1, -1, 0)	(-1, -1, -1, 0)	(-1, -1, -1, 0)
419:	(-1, -1, -1, 0)	(-1, -1, -1, 0)	(-1, -1, -1, 0)	(-1, -1, -1, 0)	(-1, -1, -1, 0)	(-1, -1, -1, 0)	(-1, -1, -1, 0)	(-1, -1, -1, 0)	(-1, -1, -1, 0)	(-1, -1, -1, 0)	(-1, -1, -1, 0)	(-1, -1, -1, 0)	(-1, -1, -1, 0)	(-1, -1, -1, 0)	(-1, -1, -1, 0)	(-1, -1, -1, 0)
420:	(2072, 2071, -1, 1)	(2073, 2071, -1, 1)	(2074, 2071, -1, 1)	(-1, -1, -1, 0)	(-1, -1, -1, 0)	(-1, -1, -1, 0)	(-1, -1, -1, 0)	(-1, -1, -1, 0)	(-1, -1, -1, 0)	(-1, -1, -1, 0)	(-1, -1, -1, 0)	(-1, -1, -1, 0)	(-1, -1, -1, 0)	(-1, -1, -1, 0)	(-1, -1, -1, 0)	(-1, -1, -1, 0)
421:	(2199, 2129, 2203, 4)	(2199, 2128, 2202, 4)	(-1, -1, -1, 0)	(-1, -1, -1, 0)	(-1, -1, -1, 0)	(-1, -1, -1, 0)	(-1, -1, -1, 0)	(-1, -1, -1, 0)	(-1, -1, -1, 0)	(-1, -1, -1, 0)	(-1, -1, -1, 0)	(-1, -1, -1, 0)	(-1, -1, -1, 0)	(-1, -1, -1, 0)	(-1, -1, -1, 0)	(-1, -1, -1, 0)
422:	(-1, -1, -1, 0)	(-1, -1, -1, 0)	(-1, -1, -1, 0)	(-1, -1, -1, 0)	(-1, -1, -1, 0)	(-1, -1, -1, 0)	(-1, -1, -1, 0)	(-1, -1, -1, 0)	(-1, -1, -1, 0)	(-1, -1, -1, 0)	(-1, -1, -1, 0)	(-1, -1, -1, 0)	(-1, -1, -1, 0)	(-1, -1, -1, 0)	(-1, -1, -1, 0)	(-1, -1, -1, 0)
423:	(-1, -1, -1, 0)	(-1, -1, -1, 0)	(-1, -1, -1, 0)	(-1, -1, -1, 0)	(-1, -1, -1, 0)	(-1, -1, -1, 0)	(-1, -1, -1, 0)	(-1, -1, -1, 0)	(-1, -1, -1, 0)	(-1, -1, -1, 0)	(-1, -1, -1, 0)	(-1, -1, -1, 0)	(-1, -1, -1, 0)	(-1, -1, -1, 0)	(-1, -1, -1, 0)	(-1, -1, -1, 0)
424:	(-1, -1, -1, 0)	(-1, -1, -1, 0)	(-1, -1, -1, 0)	(-1, -1, -1, 0)	(-1, -1, -1, 0)	(-1, -1, -1, 0)	(-1, -1, -1, 0)	(-1, -1, -1, 0)	(-1, -1, -1, 0)	(-1, -1, -1, 0)	(-1, -1, -1, 0)	(-1, -1, -1, 0)	(-1, -1, -1, 0)	(-1, -1, -1, 0)	(-1, -1, -1, 0)	(-1, -1, -1, 0)
425:	(-1, -1, -1, 0)	(-1, -1, -1, 0)	(-1, -1, -1, 0)	(-1, -1, -1, 0)	(-1, -1, -1, 0)	(-1, -1, -1, 0)	(-1, -1, -1, 0)	(-1, -1, -1, 0)	(-1, -1, -1, 0)	(-1, -1, -1, 0)	(-1, -1, -1, 0)	(-1, -1, -1, 0)	(-1, -1, -1, 0)	(-1, -1, -1, 0)	(-1, -1, -1, 0)	(-1, -1, -1, 0)
426:	(-1, -1, -1, 0)	(-1, -1, -1, 0)	(-1, -1, -1, 0)	(-1, -1, -1, 0)	(-1, -1, -1, 0)	(-1, -1, -1, 0)	(-1, -1, -1, 0)	(-1, -1, -1, 0)	(-1, -1, -1, 0)	(-1, -1, -1, 0)	(-1, -1, -1, 0)	(-1, -1, -1, 0)	(-1, -1, -1, 0)	(-1, -1, -1, 0)	(-1, -1, -1, 0)	(-1, -1, -1, 0)
427:	(2204, 2203, -1, 1)	(2205, 2203, -1, 1)	(-1, -1, -1, 0)	(-1, -1, -1, 0)	(-1, -1, -1, 0)	(-1, -1, -1, 0)	(-1, -1, -1, 0)	(-1, -1, -1, 0)	(-1, -1, -1, 0)	(-1, -1, -1, 0)	(-1, -1, -1, 0)	(-1, -1, -1, 0)	(-1, -1, -1, 0)	(-1, -1, -1, 0)	(-1, -1, -1, 0)	(-1, -1, -1, 0)
428:	(2082, 2073, 2084, 4)	(2082, 2074, 2085, 4)	(2082, 2072, 2083, 4)	(2092, 2072, 2093, 4)	(2109, 2072, 2110, 4)	(2092, 2074, 2095, 4)	(2092, 2073, 2094, 4)	(2109, 2073, 2111, 4)	(2109, 2074, 2112, 4)	(-1, -1, -1, 0)	(-1, -1, -1, 0)	(-1, -1, -1, 0)	(-1, -1, -1, 0)	(-1, -1, -1, 0)	(-1, -1, -1, 0)	(-1, -1, -1, 0)
429:	(-1, -1, -1, 0)	(-1, -1, -1, 0)	(-1, -1, -1, 0)	(-1, -1, -1, 0)	(-1, -1, -1, 0)	(-1, -1, -1, 0)	(-1, -1, -1, 0)	(-1, -1, -1, 0)	(-1, -1, -1, 0)	(-1, -1, -1, 0)	(-1, -1, -1, 0)	(-1, -1, -1, 0)	(-1, -1, -1, 0)	(-1, -1, -1, 0)	(-1, -1, -1, 0)	(-1, -1, -1, 0)
430:	(-1, -1, -1, 0)	(-1, -1, -1, 0)	(-1, -1, -1, 0)	(-1, -1, -1, 0)	(-1, -1, -1, 0)	(-1, -1, -1, 0)	(-1, -1, -1, 0)	(-1, -1, -1, 0)	(-1, -1, -1, 0)	(-1, -1, -1, 0)	(-1, -1, -1, 0)	(-1, -1, -1, 0)	(-1, -1, -1, 0)	(-1, -1, -1, 0)	(-1, -1, -1, 0)	(-1, -1, -1, 0)
431:	(-1, -1, -1, 0)	(-1, -1, -1, 0)	(-1, -1, -1, 0)	(-1, -1, -1, 0)	(-1, -1, -1, 0)	(-1, -1, -1, 0)	(-1, -1, -1, 0)	(-1, -1, -1, 0)	(-1, -1, -1, 0)	(-1, -1, -1, 0)	(-1, -1, -1, 0)	(-1, -1, -1, 0)	(-1, -1, -1, 0)	(-1, -1, -1, 0)	(-1, -1, -1, 0)	(-1, -1, -1, 0)
432:	(-1, -1, -1, 0)	(-1, -1, -1, 0)	(-1, -1, -1, 0)	(-1, -1, -1, 0)	(-1, -1, -1, 0)	(-1, -1, -1, 0)	(-1, -1, -1, 0)	(-1, -1, -1, 0)	(-1, -1, -1, 0)	(-1, -1, -1, 0)	(-1, -1, -1, 0)	(-1, -1, -1, 0)	(-1, -1, -1, 0)	(-1, -1, -1, 0)	(-1, -1, -1, 0)	(-1, -1, -1, 0)
433:	(-1, -1, -1, 0)	(-1, -1, -1, 0)	(-1, -1, -1, 0)	(-1, -1, -1, 0)	(-1, -1, -1, 0)	(-1, -1, -1, 0)	(-1, -1, -1, 0)	(-1, -1, -1, 0)	(-1, -1, -1, 0)	(-1, -1, -1, 0)	(-1, -1, -1, 0)	(-1, -1, -1, 0)	(-1, -1, -1, 0)	(-1, -1, -1, 0)	(-1, -1, -1, 0)	(-1, -1, -1, 0)
434:	(-1, -1, -1, 0)	(-1, -1, -1, 0)	(-1, -1, -1, 0)	(2084, -1, -1, 21)	(2085, -1, -1, 21)	(-1, -1, -1, 0)	(-1, -1, -1, 0)	(-1, -1, -1, 0)	(-1, -1, -1, 0)	(-1, -1, -1, 0)	(-1, -1, -1, 0)	(-1, -1, -1, 0)	(-1, -1, -1, 0)	(-1, -1, -1, 0)	(-1, -1, -1, 0)	(-1, -1, -1, 0)
435:	(2216, 2204, -1, 12)	(2216, 2205, -1, 12)	(2233, 2204, -1, 12)	(-1, 2083, -1, 20)	(-1, 2083, -1, 20)	(-1, -1, -1, 0)	(2233, 2205, -1, 12)	(-1, -1, -1, 0)	(-1, -1, -1, 0)	(-1, -1, -1, 0)	(-1, -1, -1, 0)	(-1, -1, -1, 0)	(-1, -1, -1, 0)	(-1, -1, -1, 0)	(-1, -1, -1, 0)	(-1, -1, -1, 0)
436:	(-1, -1, -1, 0)	(-1, -1, -1, 0)	(-1, -1, -1, 0)	(-1, -1, -1, 0)	(-1, -1, -1, 0)	(-1, -1, -1, 0)	(-1, -1, -1, 0)	(-1, -1, -1, 0)	(-1, -1, -1, 0)	(-1, -1, -1, 0)	(-1, -1, -1, 0)	(-1, -1, -1, 0)	(-1, -1, -1, 0)	(-1, -1, -1, 0)	(-1, -1, -1, 0)	(-1, -1, -1, 0)
437:	(-1, -1, -1, 0)	(-1, -1, -1, 0)	(-1, -1, -1, 0)	(-1, -1, -1, 0)	(-1, -1, -1, 0)	(-1, -1, -1, 0)	(-1, -1, -1, 0)	(-1, -1, -1, 0)	(-1, -1, -1, 0)	(-1, -1, -1, 0)	(-1, -1, -1, 0)	(-1, -1, -1, 0)	(-1, -1, -1, 0)	(-1, -1, -1, 0)	(-1, -1, -1, 0)	(-1, -1, -1, 0)
438:	(2217, -1, -1, 17)	(2218, -1, -1, 17)	(2234, -1, -1, 17)	(-1, -1, -1, 0)	(-1, -1, -1, 0)	(-1, -1, -1, 0)	(-1, -1, -1, 0)	(-1, -1, -1, 0)	(-1, -1, -1, 0)	(-1, -1, -1, 0)	(-1, -1, -1, 0)	(-1, -1, -1, 0)	(-1, -1, -1, 0)	(-1, -1, -1, 0)	(-1, -1, -1, 0)	(-1, -1, -1, 0)
439:	(-1, -1, -1, 0)	(-1, -1, -1, 0)	(-1, -1, -1, 0)	(-1, -1, -1, 0)	(-1, -1, -1, 0)	(-1, -1, -1, 0)	(-1, -1, -1, 0)	(-1, -1, -1, 0)	(-1, -1, -1, 0)	(-1, -1, -1, 0)	(-1, -1, -1, 0)	(-1, -1, -1, 0)	(-1, -1, -1, 0)	(-1, -1, -1, 0)	(-1, -1, -1, 0)	(-1, -1, -1, 0)
440:	(-1, -1, -1, 0)	(-1, -1, -1, 0)	(-1, -1, -1, 0)	(-1, -1, -1, 0)	(-1, -1, -1, 0)	(-1, -1, -1, 0)	(-1, -1, -1, 0)	(-1, -1, -1, 0)	(-1, -1, -1, 0)	(-1, -1, -1, 0)	(-1, -1, -1, 0)	(-1, -1, -1, 0)	(-1, -1, -1, 0)	(-1, -1, -1, 0)	(-1, -1, -1, 0)	(-1, -1, -1, 0)
441:	(-1, -1, -1, 0)	(-1, -1, -1, 0)	(-1, -1, -1, 0)	(-1, -1, -1, 0)	(-1, -1, -1, 0)	(-1, -1, -1, 0)	(-1, -1, -1, 0)	(-1, -1, -1, 0)	(-1, -1, -1, 0)	(-1, -1, -1, 0)	(-1, -1, -1, 0)	(-1, -1, -1, 0)	(-1, -1, -1, 0)	(-1, -1, -1, 0)	(-1, -1, -1, 0)	(-1, -1, -1, 0)
442:	(2217, -1, -1, 22)	(-1, -1, -1, 0)	(2234, -1, -1, 22)	(-1, -1, -1, 0)	(-1, -1, -1, 0)	(-1, -1, -1, 0)	(-1, -1, -1, 0)	(-1, -1, -1, 0)	(-1, -1, -1, 0)	(-1, -1, -1, 0)	(-1, -1, -1, 0)	(-1, -1, -1, 0)	(-1, -1, -1, 0)	(-1, -1, -1, 0)	(-1, -1, -1, 0)	(-1, -1, -1, 0)
443:	(-1, -1, -1, 0)	(-1, -1, -1, 0)	(-1, -1, -1, 0)	(-1, -1, -1, 0)	(-1, -1, -1, 0)	(2219, -1, -1, 21)	(-1, -1, -1, 0)	(2093, 2084, -1, 12)	(2093, 2085, -1, 12)	(-1, -1, -1, 0)	(2110, 2084, -1, 12)	(-1, -1, -1, 0)	(2110, 2085, -1, 12)	(-1, -1, -1, 0)	(-1, -1, -1, 0)	(-1, -1, -1, 0)
444:	(-1, -1, -1, 0)	(-1, 2217, -1, 20)	(-1, -1, -1, 0)	(-1, -1, -1, 0)	(-1, -1, -1, 0)	(-1, 2217, -1, 20)	(-1, -1, -1, 0)	(-1, -1, -1, 0)	(-1, -1, -1, 0)	(-1, -1, -1, 0)	(-1, -1, -1, 0)	(-1, -1, -1, 0)	(-1, -1, -1, 0)	(-1, -1, -1, 0)	(-1, -1, -1, 0)	(-1, -1, -1, 0)
445:	(-1, -1, -1, 0)	(-1, -1, -1, 0)	(-1, -1, -1, 0)	(-1, -1, -1, 0)	(-1, -1, -1, 0)	(-1, -1, -1, 0)	(-1, -1, -1, 0)	(-1, -1, -1, 0)	(-1, -1, -1, 0)	(-1, -1, -1, 0)	(-1, -1, -1, 0)	(-1, -1, -1, 0)	(-1, -1, -1, 0)	(-1, -1, -1, 0)	(-1, -1, -1, 0)	(-1, -1, -1, 0)
446:	(-1, -1, -1, 0)	(-1, -1, -1, 0)	(-1, -1, -1, 0)	(-1, -1, -1, 0)	(-1, -1, -1, 0)	(-1, -1, -1, 0)	(-1, -1, -1, 0)	(2094, -1, -1, 17)	(2095, -1, -1, 17)	(-1, -1, -1, 0)	(2111, -1, -1, 17)	(-1, -1, -1, 0)	(-1, -1, -1, 0)	(-1, -1, -1, 0)	(-1, -1, -1, 0)	(-1, -1, -1, 0)
447:	(-1, -1, -1, 0)	(-1, -1, -1, 0)	(-1, -1, -1, 0)	(-1, -1, -1, 0)	(-1, -1, -1, 0)	(-1, -1, -1, 0)	(-1, -1, -1, 0)	(-1, -1, -1, 0)	(-1, -1, -1, 0)	(-1, -1, -1, 0)	(-1, -1, -1, 0)	(-1, -1, -1, 0)	(-1, -1, -1, 0)	(-1, -1, -1, 0)	(-1, -1, -1, 0)	(-1, -1, -1, 0)
448:	(-1, -1, -1, 0)	(-1, -1, -1, 0)	(-1, -1, -1, 0)	(-1, -1, -1, 0)	(-1, -1, -1, 0)	(-1, -1, -1, 0)	(-1, -1, -1, 0)	(-1, -1, -1, 0)	(-1, -1, -1, 0)	(-1, -1, -1, 0)	(-1, -1, -1, 0)	(-1, -1, -1, 0)	(-1, -1, -1, 0)	(-1, -1, -1, 0)	(-1, -1, -1, 0)	(-1, -1, -1, 0)
449:	(-1, -1, -1, 0)	(-1, -1, -1, 0)	(-1, -1, -1, 0)	(-1, -1, -1, 0)	(-1, -1, -1, 0)	(-1, -1, -1, 0)	(-1, -1, -1, 0)	(-1, -1, -1, 0)	(-1, -1, -1, 0)	(-1, -1, -1, 0)	(-1, -1, -1, 0)	(-1, -1, -1, 0)	(-1, -1, -1, 0)	(-1, -1, -1, 0)	(-1, -1, -1, 0)	(-1, -1, -1, 0)
450:	(-1, -1, -1, 0)	(-1, -1, -1, 0)	(-1, -1, -1, 0)	(-1, -1, -1, 0)	(-1, -1, -1, 0)	(-1, -1, -1, 0)	(-1, -1, -1, 0)	(2094, -1, -1, 22)	(-1, -1, -1, 0)	(-1, -1, -1, 0)	(2111, -1, -1, 22)	(-1, -1, -1, 0)	(-1, -1, -1, 0)	(-1, -1, -1, 0)	(-1, -1, -1, 0)	(-1, -1, -1, 0)
451:	(-1, -1, -1, 0)	(-1, -1, -1, 0)	(-1, -1, -1, 0)	(-1, -1, -1, 0)	(-1, -1, -1, 0)	(-1, -1, -1, 0)	(-1, -1, -1, 0)	(-1, -1, -1, 0)	(-1, -1, -1, 0)	(-1, -1, -1, 0)	(-1, -1, -1, 0)	(-1, -1, -1, 0)	(-1, -1, -1, 0)	(-1, -1, -1, 0)	(-1, -1, -1, 0)	(-1, -1, -1, 0)
452:	(-1, -1, -1, 0)	(-1, -1, -1, 0)	(-1, -1, -1, 0)	(-1, -1, -1, 0)	(-1, -1, -1, 0)	(-1, -1, -1, 0)	(2234, 2218, -1, 12)	(-1, -1, -1, 0)	(-1, 2094, -1, 20)	(2234, 2219, -1, 12)	(-1, -1, -1, 0)	(2245, 2218, -1, 12)	(-1, -1, -1, 0)	(2245, 2219, -1, 12)	(-1, -1, -1, 0)	(-1, -1, -1, 0)
453:	(-1, -1, -1, 0)	(-1, -1, -1, 0)	(-1, -1, -1, 0)	(-1, -1, -1, 0)	(-1, -1, -1, 0)	(-1, -1, -1, 0)	(-1, -1, -1, 0)	(-1, -1, -1, 0)	(-1, -1, -1, 0)	(-1, -1, -1, 0)	(-1, -1, -1, 0)	(-1, -1, -1, 0)	(-1, -1, -1, 0)	(-1, -1, -1, 0)	(-1, -1, -1, 0)	(-1, -1, -1, 0)
454:	(-1, -1, -1, 0)	(-1, -1, -1, 0)	(-1, -1, -1, 0)	(-1, -1, -1, 0)	(-1, -1, -1, 0)	(-1, -1, -1, 0)	(-1, -1, -1, 0)	(-1, -1, -1, 0)	(-1, -1, -1, 0)	(-1, -1, -1, 0)	(-1, -1, -1, 0)	(-1, -1, -1, 0)	(-1, -1, -1, 0)	(-1, -1, -1, 0)	(-1, -1, -1, 0)	(-1, -1, -1, 0)
455:	(-1, -1, -1, 0)	(-1, -1, -1, 0)	(-1, -1, -1, 0)	(-1, -1, -1, 0)	(-1, -1, -1, 0)	(-1, -1, -1, 0)	(2235, -1, -1, 17)	(-1, -1, -1, 0)	(-1, -1, -1, 0)	(2236, -1, -1, 17)	(-1, -1, -1, 0)	(2246, -1, -1, 17)	(-1, -1, -1, 0)	(-1, -1, -1, 0)	(-1, -1, -1, 0)	(-1, -1, -1, 0)
456:	(-1, -1, -1, 0)	(-1, -1, -1, 0)	(-1, -1, -1, 0)	(-1, -1, -1, 0)	(-1, -1, -1, 0)	(-1, -1, -1, 0)	(-1, -1, -1, 0)	(-1, -1, -1, 0)	(-1, -1, -1, 0)	(-1, -1, -1, 0)	(-1, -1, -1, 0)	(-1, -1, -1, 0)	(-1, -1, -1, 0)	(-1, -1, -1, 0)	(-1, -1, -1, 0)	(-1, -1, -1, 0)
457:	(-1, -1, -1, 0)	(-1, -1, -1, 0)	(-1, -1, -1, 0)	(-1, -1, -1, 0)	(-1, -1, -1, 0)	(-1, -1, -1, 0)	(-1, -1, -1, 0)	(-1, -1, -1, 0)	(-1, -1, -1, 0)	(-1, -1, -1, 0)	(-1, -1, -1, 0)	(-1, -1, -1, 0)	(-1, -1, -1, 0)	(-1, -1, -1, 0)	(-1, -1, -1, 0)	(-1, -1, -1, 0)
458:	(-1, -1, -1, 0)	(-1, -1, -1, 0)	(-1, -1, -1, 0)	(-1, -1, -1, 0)	(-1, -1, -1, 0)	(-1, -1, -1, 0)	(-1, -1, -1, 0)	(-1, -1, -1, 0)	(-1, -1, -1, 0)	(-1, -1, -1, 0)	(-1, -1, -1, 0)	(-1, -1, -1, 0)	(-1, -1, -1, 0)	(-1, -1, -1, 0)	(-1, -1, -1, 0)	(-1, -1, -1, 0)
459:	(-1, -1, -1, 0)	(-1, -1, -1, 0)	(-1, -1, -1, 0)	(-1, -1, -1, 0)	(-1, -1, -1, 0)	(-1, -1, -1, 0)	(2235, -1, -1, 22)	(-1, -1, -1, 0)	(-1, -1, -1, 0)	(-1, -1, -1, 0)	(-1, -1, -1, 0)	(2246, -1, -1, 22)	(-1, -1, -1, 0)	(-1, -1, -1, 0)	(-1, -1, -1, 0)	(-1, -1, -1, 0)
460:	(-1, -1, -1, 0)	(-1, -1, -1, 0)	(-1, -1, -1, 0)	(-1, -1, -1, 0)	(-1, -1, -1, 0)	(-1, -1, -1, 0)	(-1, -1, -1, 0)	(-1, -1, -1, 0)	(-1, -1, -1, 0)	(-1, -1, -1, 0)	(-1, -1, -1, 0)	(-1, -1, -1, 0)	(2111, 2095, -1, 12)	(-1, -1, -1, 0)	(-1, -1, -1, 0)	(-1, -1, -1, 0)
461:	(-1, -1, -1, 0)	(-1, -1, -1, 0)	(-1, -1, -1, 0)	(-1, -1, -1, 0)	(-1, -1, -1, 0)	(-1, -1, -1, 0)	(-1, -1, -1, 0)	(-1, -1, -1, 0)	(-1, -1, -1, 0)	(-1, 2235, -1, 20)	(-1, -1, -1, 0)	(-1, -1, -1, 0)	(-1, -1, -1, 0)	(-1, -1, -1, 0)	(-1, -1, -1, 0)	(-1, -1, -1, 0)
462:	(-1, -1, -1, 0)	(-1, -1, -1, 0)	(-1, -1, -1, 0)	(-1, -1, -1, 0)	(-1, -1, -1, 0)	(-1, -1, -1, 0)	(-1, -1, -1, 0)	(-1, -1, -1, 0)	(-1, -1, -1, 0)	(-1, -1, -1, 0)	(-1, -1, -1, 0)	(-1, -1, -1, 0)	(-1, -1, -1, 0)	(-1, -1, -1, 0)	(-1, -1, -1, 0)	(-1, -1, -1, 0)
463:	(-1, -1, -1, 0)	(-1, -1, -1, 0)	(-1, -1, -1, 0)	(-1, -1, -1, 0)	(-1, -1, -1, 0)	(-1, -1, -1, 0)	(-1, -1, -1, 0)	(-1, -1, -1, 0)	(-1, -1, -1, 0)	(-1, -1, -1, 0)	(-1, -1, -1, 0)	(-1, -1, -1, 0)	(2112, -1, -1, 17)	(-1, -1, -1, 0)	(-1, -1, -1, 0)	(-1, -1, -1, 0)
464:	(-1, -1, -1, 0)	(-1, -1, -1, 0)	(-1, -1, -1, 0)	(-1, -1, -1, 0)	(-1, -1, -1, 0)	(-1, -1, -1, 0)	(-1, -1, -1, 0)	(-1, -1, -1, 0)	(-1, -1, -1, 0)	(-1, -1, -1, 0)	(-1, -1, -1, 0)	(-1, -1, -1, 0)	(-1, -1, -1, 0)	(-1, -1, -1, 0)	(-1, -1, -1, 0)	(-1, -1, -1, 0)
465:	(-1, -1, -1, 0)	(-1, -1, -1, 0)	(-1, -1, -1, 0)	(-1, -1, -1, 0)	(-1, -1, -1, 0)	(-1, -1, -1, 0)	(-1, -1, -1, 0)	(-1, -1, -1, 0)	(-1, -1, -1, 0)	(-1, -1, -1, 0)	(-1, -1, -1, 0)	(-1, -1, -1, 0)	(-1, -1, -1, 0)	(-1, -1, -1, 0)	(-1, -1, -1, 0)	(-1, -1, -1, 0)
466:	(-1, -1, -1, 0)	(-1, -1, -1, 0)	(-1, -1, -1, 0)	(-1, -1, -1, 0)	(-1, -1, -1, 0)	(-1, -1, -1, 0)	(-1, -1, -1, 0)	(-1, -1, -1, 0)	(-1, -1, -1, 0)	(-1, -1, -1, 0)	(-1, -1, -1, 0)	(-1, -1, -1, 0)	(-1, -1, -1, 0)	(-1, -1, -1, 0)	(-1, -1, -1, 0)	(-1, -1, -1, 0)
467:	(-1, -1, -1, 0)	(-1, -1, -1, 0)	(-1, -1, -1, 0)	(-1, -1, -1, 0)	(-1, -1, -1, 0)	(-1, -1, -1, 0)	(-1, -1, -1, 0)	(-1, -1, -1, 0)	(-1, -1, -1, 0)	(-1, -1, -1, 0)	(-1, -1, -1, 0)	(-1, -1, -1, 0)	(2112, -1, -1, 22)	(-1, -1, -1, 0)	(-1, -1, -1, 0)	(-1, -1, -1, 0)
468:	(-1, -1, -1, 0)	(-1, -1, -1, 0)	(-1, -1, -1, 0)	(-1, -1, -1, 0)	(-1, -1, -1, 0)	(-1, -1, -1, 0)	(-1, -1, -1, 0)	(-1, -1, -1, 0)	(-1, -1, -1, 0)	(-1, -1, -1, 0)	(-1, -1, -1, 0)	(-1, -1, -1, 0)	(-1, -1, -1, 0)	(-1, -1, -1, 0)	(-1, -1, -1, 0)	(-1, -1, -1, 0)
469:	(-1, -1, -1, 0)	(-1, -1, -1, 0)	(-1, -1, -1, 0)	(-1, -1, -1, 0)	(-1, -1, -1, 0)	(-1, -1, -1, 0)	(-1, -1, -1, 0)	(-1, -1, -1, 0)	(-1, -1, -1, 0)	(-1, -1, -1, 0)	(-1, -1, -1, 0)	(-1, -1, -1, 0)	(-1, -1, -1, 0)	(2246, 2236, -1, 12)	(-1, -1, -1, 0)	(-1, -1, -1, 0)
470:	(-1, -1, -1, 0)	(-1, -1, -1, 0)	(-1, -1, -1, 0)	(-1, -1, -1, 0)	(-1, -1, -1, 0)	(-1, -1, -1, 0)	(-1, -1, -1, 0)	(-1, -1, -1, 0)	(-1, -1, -1, 0)	(-1, -1, -1, 0)	(-1, -1, -1, 0)	(-1, -1, -1, 0)	(-1, -1, -1, 0)	(-1, -1, -1, 0)	(-1, -1, -1, 0)	(-1, -1, -1, 0)
471:	(-1, -1, -1, 0)	(-1, -1, -1, 0)	(-1, -1, -1, 0)	(-1, -1, -1, 0)	(-1, -1, -1, 0)	(-1, -1, -1, 0)	(-1, -1, -1, 0)	(-1, -1, -1, 0)	(-1, -1, -1, 0)	(-1, -1, -1, 0)	(-1, -1, -1, 0)	(-1, -1, -1, 0)	(-1, -1, -1, 0)	(-1, -1, -1, 0)	(-1, -1, -1, 0)	(-1, -1, -1, 0)
472:	(-1, -1, -1, 0)	(-1, -1, -1, 0)	(-1, -1, -1, 0)	(-1, -1, -1, 0)	(-1, -1, -1, 0)	(-1, -1, -1, 0)	(-1, -1, -1, 0)	(-1, -1, -1, 0)	(-1, -1, -1, 0)	(-1, -1, -1, 0)	(-1, -1, -1, 0)	(-1, -1, -1, 0)	(-1, -1, -1, 0)	(2247, -1, -1, 17)	(-1, -1, -1, 0)	(-1, -1, -1, 0)
473:	(-1, -1, -1, 0)	(-1, -1, -1, 0)	(-1, -1, -1, 0)	(-1, -1, -1, 0)	(-1, -1, -1, 0)	(-1, -1, -1, 0)	(-1, -1, -1, 0)	(-1, -1, -1, 0)	(-1, -1, -1, 0)	(-1, -1, -1, 0)	(-1, -1, -1, 0)	(-1, -1, -1, 0)	(-1, -1, -1, 0)	(-1, -1, -1, 0)	(-1, -1, -1, 0)	(-1, -1, -1, 0)
474:	(-1, -1, -1, 0)	(-1, -1, -1, 0)	(-1, -1, -1, 0)	(-1, -1, -1, 0)	(-1, -1, -1, 0)	(-1, -1, -1, 0)	(-1, -1, -1, 0)	(-1, -1, -1, 0)	(-1, -1, -1, 0)	(-1, -1, -1, 0)	(-1, -1, -1, 0)	(-1, -1, -1, 0)	(-1, -1, -1, 0)	(-1, -1, -1, 0)	(-1, -1, -1, 0)	(-1, -1, -1, 0)
475:	(-1, -1, -1, 0)	(-1, -1, -1, 0)	(-1, -1, -1, 0)	(-1, -1, -1, 0)	(-1, -1, -1, 0)	(-1, -1, -1, 0)	(-1, -1, -1, 0)	(-1, -1, -1, 0)	(-1, -1, -1, 0)	(-1, -1, -1, 0)	(-1, -1, -1, 0)	(-1, -1, -1, 0)	(-1, -1, -1, 0)	(-1, -1, -1, 0)	(-1, -1, -1, 0)	(-1, -1, -1, 0)
476:	(-1, -1, -1, 0)	(-1, -1, -1, 0)	(-1, -1, -1, 0)	(-1, -1, -1, 0)	(-1, -1, -1, 0)	(-1, -1, -1, 0)	(-1, -1, -1, 0)	(-1, -1, -1, 0)	(-1, -1, -1, 0)	(-1, -1, -1, 0)	(-1, -1, -1, 0)	(-1, -1, -1, 0)	(-1, -1, -1, 0)	(2247, -1, -1, 22)	(-1, -1, -1, 0)	(-1, -1, -1, 0)
477:	(-1, -1, -1, 0)	(-1, -1, -1, 0)	(-1, -1, -1, 0)	(-1, -1, -1, 0)	(-1, -1, -1, 0)	(-1, -1, -1, 0)	(-1, -1, -1, 0)	(-1, -1, -1, 0)	(-1, -1, -1, 0)	(-1, -1, -1, 0)	(-1, -1, -1, 0)	(-1, -1, -1, 0)	(-1, -1, -1, 0)	(-1, -1, -1, 0)	(-1, -1, -1, 0)	(-1, -1, -1, 0)
478:	(-1, -1, -1, 0)	(-1, -1, -1, 0)	(-1, -1, -1, 0)	(-1, -1, -1, 0)	(-1, -1, -1, 0)	(-1, -1, -1, 0)	(-1, -1, -1, 0)	(-1, -1, -1, 0)	(-1, -1, -1, 0)	(-1, -1, -1, 0)	(-1, -1, -1, 0)	(-1, -1, -1, 0)	(-1, -1, -1, 0)	(-1, -1, -1, 0)	(-1, -1, -1, 0)	(-1, -1, -1, 0)
479:	(-1, -1, -1, 0)	(-1, -1, -1, 0)	(-1, -1, -1, 0)	(-1, -1, -1, 0)	(-1, -1, -1, 0)	(-1, -1, -1, 0)	(-1, -1, -1, 0)	(-1, -1, -1, 0)	(-1, -1, -1, 0)	(-1, -1, -1, 0)	(-1, -1, -1, 0)	(-1, -1, -1, 0)	(-1, -1, -1, 0)	(-1, -1, -1, 0)	(-1, -1, -1, 0)	(-1, -1, -1, 0)
Print Inst Finished!
time: 0	PE: 0	op: -0.00640236 / 1000.01 = -6.40232e-06
time: 0	PE: 1	op: -0.00640227 / 1000.01 = -6.40223e-06
time: 0	PE: 2	op: -9.02095e-05 / 21.8267 = -4.13298e-06
time: 0	PE: 3	op: -0.0232999 / 0.0380804 = -0.61186
time: 0	PE: 4	op: -6.84004e-07 / 1000.01 = -6.83999e-10
time: 0	PE: 5	op: -6.84013e-07 / 1000.01 = -6.84008e-10
time: 0	PE: 6	op: -0.0232999 / 0.0380804 = -0.61186
time: 0	PE: 7	op: -0.00149685 / 1000 = -1.49685e-06
time: 0	PE: 8	op: -0.00872319 / 21.8267 = -0.000399656
time: 0	PE: 9	op: -0.00149684 / 1000 = -1.49684e-06
time: 0	PE: 10	op: 0.0193577 / 0.0380804 = 0.508338
time: 0	PE: 11	op: -0.052129 / 1000.05 = -5.21263e-05
time: 0	PE: 12	op: 0.0193577 / 0.0380804 = 0.508338
time: 0	PE: 13	op: -5.56934e-06 / 1000.05 = -5.56905e-09
time: 0	PE: 14	op: 2.04278e-07 / 1000.05 = 2.04267e-10
time: 0	PE: 15	op: -21.8179 / 21.8267 = -0.999596
time: 1	PE: 0	op: -9.02095e-05 / 21.8267 = -4.13298e-06
time: 1	PE: 1	op: -0.698728 / 1000.35 = -0.000698484
time: 1	PE: 2	op: -0.0521277 / 1000.05 = -5.2125e-05
time: 1	PE: 3	op: -5.5692e-06 / 1000.05 = -5.56891e-09
time: 1	PE: 4	op: -5.56934e-06 / 1000.05 = -5.56905e-09
time: 1	PE: 5	op: -0.00872319 / 21.8267 = -0.000399656
time: 1	PE: 6	op: 0.349245 / 1000.35 = 0.000349123
time: 1	PE: 7	op: -0.0521277 / 1000.05 = -5.2125e-05
time: 1	PE: 8	op: -5.5692e-06 / 1000.05 = -5.56891e-09
time: 1	PE: 9	op: -0.052129 / 1000.05 = -5.21263e-05
time: 1	PE: 10	op: -21.8179 / 21.8267 = -0.999596
time: 1	PE: 11	op: -4.96247e-07 / 1000 = -4.96245e-10
time: 1	PE: 12	op: -0.0524401 / 1000.05 = -5.24373e-05
time: 1	PE: 13	op: -6.84013e-07 / 1000.01 = -6.84008e-10
time: 1	PE: 14	op: -1.40235e-16 / 1000 = -1.40235e-19
time: 1	PE: 15	op: -6.84004e-07 / 1000.01 = -6.83999e-10
time: 2	PE: 0	op: -0.698753 / 1000.35 = -0.000698509
time: 2	PE: 1	op: 0.349276 / 1000.35 = 0.000349154
time: 2	PE: 2	op: -0.0341383 / 0.0380804 = -0.896479
time: 2	PE: 3	op: -4.96256e-07 / 1000 = -4.96254e-10
time: 2	PE: 4	op: -1000 / 1000 = -1
time: 2	PE: 5	op: -1000 / 1000.35 = -0.999651
time: 2	PE: 6	op: -0.00640227 / 1000.01 = -6.40223e-06
time: 2	PE: 7	op: -1000 / 1000.05 = -0.999948
time: 2	PE: 8	op: -1000 / 1000.01 = -0.999994
time: 2	PE: 9	op: -1.41955e-16 / 1000 = -1.41955e-19
time: 2	PE: 10	op: -0.00167203 / 1000 = -1.67203e-06
time: 2	PE: 11	op: -1.41955e-16 / 1000 = -1.41955e-19
time: 2	PE: 12	op: -2.27179e-07 / 1000 = -2.27178e-10
time: 2	PE: 13	op: -1.33378e-07 / 1000 = -1.33378e-10
time: 2	PE: 14	op: -1000 / 2000 = -0.5
time: 2	PE: 15	op: -0.0117315 / 0.391526 = -0.0299636
time: 3	PE: 0	op: -0.0341383 / 0.0380804 = -0.896479
time: 3	PE: 1	op: 0.00149663 / 1000 = 1.49663e-06
time: 3	PE: 2	op: -1000 / 1000 = -1
time: 3	PE: 3	op: -1.03213e-12 / 1000 = -1.03213e-15
time: 3	PE: 4	op: -1000 / 1000.01 = -0.999994
time: 3	PE: 5	op: -1000 / 1000.05 = -0.999948
time: 3	PE: 6	op: -1000 / 1000 = -1
time: 3	PE: 7	op: -1000 / 1000.01 = -0.999994
time: 3	PE: 8	op: -1.04479e-12 / 1000 = -1.04479e-15
time: 3	PE: 9	op: -1000 / 2000 = -0.5
time: 3	PE: 10	op: -1e-12 / 100 = -1e-14
time: 3	PE: 11	op: -1.18e-30 / 100000 = -1.18e-35
time: 3	PE: 12	op: -1000 / 1000.07 = -0.999933
time: 3	PE: 13	op: -1.12445e-10 / 70.922 = -1.58547e-12
time: 4	PE: 0	op: 0.00149664 / 1000 = 1.49664e-06
time: 4	PE: 1	op: 2.04243e-07 / 1000.05 = 2.04232e-10
time: 4	PE: 2	op: -1.40235e-16 / 1000 = -1.40235e-19
time: 4	PE: 3	op: -0.0524564 / 1000.05 = -5.24536e-05
time: 4	PE: 4	op: -1000 / 1000.05 = -0.999948
time: 4	PE: 5	op: -1000 / 1000.05 = -0.999948
time: 4	PE: 6	op: -1000 / 1000.01 = -0.999994
time: 4	PE: 7	op: -1000 / 1000.05 = -0.999948
time: 4	PE: 8	op: -310.078 / -1 = 310.078
time: 4	PE: 9	op: -1000 / 2000 = -0.5
time: 4	PE: 10	op: -3.86179e-12 / 0.379795 = -1.01681e-11
time: 4	PE: 11	op: -1e-12 / 100 = -1e-14
time: 4	PE: 12	op: -1.00082e-12 / 0.01 = -1.00082e-10
time: 4	PE: 13	op: -0.0666667 / 1000.07 = -6.66622e-05
time: 4	PE: 14	op: 0.00641026 / 1 = 0.00641026
time: 4	PE: 15	op: -0.00424862 / 1.43282 = -0.00296522
time: 5	PE: 0	op: -0.00365244 / 1000 = -3.65243e-06
time: 5	PE: 1	op: -0.00365238 / 1000 = -3.65237e-06
time: 5	PE: 2	op: -1000 / 1000 = -0.999996
time: 5	PE: 3	op: -1000 / 1000 = -0.999996
time: 5	PE: 4	op: -1000 / 1000.05 = -0.999948
time: 5	PE: 5	op: -1705.43 / -1 = 1705.43
time: 5	PE: 6	op: -1.04479e-12 / 1000 = -1.04479e-15
time: 5	PE: 7	op: -1.33378e-07 / 1000 = -1.33378e-10
time: 5	PE: 8	op: -1000 / 2000 = -0.5
time: 5	PE: 9	op: -0.379795 / 0.391526 = -0.970036
time: 5	PE: 10	op: -100000 / 100000 = -1
time: 5	PE: 11	op: -100000 / 100000 = -1
time: 5	PE: 12	op: -1000 / 1000 = -0.999999
time: 5	PE: 13	op: 8.33958 / 1 = 8.33958
time: 6	PE: 0	op: -1000 / 1000.35 = -0.999651
time: 6	PE: 1	op: -0.00640236 / 1000.01 = -6.40232e-06
time: 6	PE: 2	op: -310.078 / -1 = 310.078
time: 6	PE: 3	op: -0.00167205 / 1000 = -1.67205e-06
time: 6	PE: 4	op: -2.27181e-07 / 1000 = -2.27181e-10
time: 6	PE: 5	op: -1000 / 2000 = -0.5
time: 6	PE: 6	op: -3.85959e-12 / 0.379795 = -1.01623e-11
time: 6	PE: 7	op: -4.99012e-08 / 1000 = -4.99012e-11
time: 6	PE: 8	op: -1000 / 2000 = -0.5
time: 6	PE: 9	op: -0.000981934 / 21.9246 = -4.47869e-05
time: 6	PE: 10	op: -0.0666667 / 1000.07 = -6.66622e-05
time: 6	PE: 11	op: -0.01 / 0.01 = -1
time: 6	PE: 12	op: 1 / -3635.14 = -0.000275093
time: 6	PE: 13	op: -1 / 1 = -1
time: 6	PE: 14	op: -8.33333 / 1 = -8.33333
time: 7	PE: 0	op: -1.03213e-12 / 1000 = -1.03213e-15
time: 7	PE: 1	op: -1000 / 1000 = -1
time: 7	PE: 2	op: -1000 / 2000 = -0.5
time: 7	PE: 3	op: -0.379795 / 0.391556 = -0.969963
time: 7	PE: 4	op: -1000 / 2000 = -0.5
time: 7	PE: 5	op: -1000 / 1000.07 = -0.999933
time: 7	PE: 6	op: -0.000981936 / 21.9246 = -4.4787e-05
time: 7	PE: 7	op: -0.105657 / 21.9246 = -0.00481913
time: 7	PE: 8	op: -0.379795 / 0.379795 = -1
time: 7	PE: 9	op: -0.0117613 / 0.391556 = -0.0300374
time: 7	PE: 10	op: -31.7901 / 100032 = -0.0003178
time: 7	PE: 11	op: -31.7901 / 100032 = -0.0003178
time: 7	PE: 12	op: -100000 / 100000 = -1
time: 7	PE: 13	op: -0.5 / 2.5 = -0.2
time: 7	PE: 14	op: -0.257971 / 0.757971 = -0.340344
time: 8	PE: 0	op: -1.03213e-12 - -1.03213e-12 * -6.83999e-10 = -1.03213e-12
time: 8	PE: 1	op: -0.00684331 - 0.00161933 * -0.000399656 = -0.00684266
time: 8	PE: 2	op: -0.0194126 - -0.00394214 * 0.508338 = -0.0174087
time: 8	PE: 3	op: 4.0773 - -0.0104327 * -0.000399656 = 4.0773
time: 8	PE: 4	op: 0.00640236 - -0.00640304 * -6.40232e-06 = 0.00640232
time: 8	PE: 5	op: 1000.1 - -0.0524287 * 2.04267e-10 = 1000.1
time: 8	PE: 6	op: -1705.43 / -1 = 1705.43
time: 8	PE: 7	op: -4.99012e-08 / 1000 = -4.99012e-11
time: 8	PE: 8	op: 1 / 100000 = 1e-05
time: 8	PE: 9	op: -0.01 / 0.01 = -1
time: 8	PE: 10	op: 1 / -24.8995 = -0.0401614
time: 9	PE: 0	op: 1000.1 - -1.12027e-05 * -5.24373e-05 = 1000.1
time: 9	PE: 2	op: 0 - -1000 * -5.24373e-05 = -0.0524373
time: 9	PE: 3	op: -1.03213e-12 - -1.03213e-12 * -5.56905e-09 = -1.03213e-12
time: 9	PE: 4	op: 0.052129 - -0.0521346 * -5.21263e-05 = 0.0521263
time: 9	PE: 5	op: -0.349483 - -0.349483 * 0.000349123 = -0.349361
time: 9	PE: 6	op: 0 - 0.00161933 * -0.999596 = 0.00161868
time: 9	PE: 7	op: 0 - -1000 * -1.49685e-06 = -0.00149685
time: 9	PE: 8	op: 0 - -1000 * -5.21263e-05 = -0.0521263
time: 9	PE: 9	op: 1000.7 - -0.349483 * -0.000698484 = 1000.7
time: 9	PE: 10	op: -100 / 100 = -1
time: 9	PE: 11	op: 1 / -1 = -1
time: 10	PE: 0	op: 4000 - -1000 * -0.999651 = 3000.35
time: 10	PE: 1	op: 1000 - -2.55246e-08 * 0.000349123 = 1000
time: 10	PE: 3	op: 0 - -2.13825e-08 * -0.999651 = -2.13751e-08
time: 10	PE: 4	op: 4.09838 - -0.0341383 * -0.896479 = 4.06777
time: 10	PE: 5	op: -2.2e-28 - -0.379795 * -0.0299636 = -0.01138
time: 10	PE: 6	op: 1000 - -1.0005e-12 * -5.2125e-05 = 1000
time: 10	PE: 7	op: 0 - 0.00161933 * -0.999596 = 0.00161868
time: 10	PE: 8	op: -1.00029e-12 - -1.00029e-12 * -1.49684e-06 = -1.00029e-12
time: 10	PE: 9	op: 1000 - -0.00640296 * -6.83999e-10 = 1000
time: 10	PE: 10	op: -1.18e-30 / 100000 = -1.18e-35
time: 10	PE: 11	op: 8.33958 / 1 = 8.33958
time: 11	PE: 0	op: 7000.07 - -1000 * -0.999994 = 6000.08
time: 11	PE: 1	op: 1000.08 - -1000 * -1 = 0.0830078
time: 11	PE: 2	op: 1000 - -2.13825e-08 * 0.000349154 = 1000
time: 11	PE: 3	op: 3000 - -1000 * -1 = 2000
time: 11	PE: 4	op: 0 - -1000 * 0.000349123 = 0.349123
time: 11	PE: 5	op: 0 - -2.03347e-07 * -1 = -2.03347e-07
time: 11	PE: 6	op: 0 - -2.03348e-07 * -1 = -2.03348e-07
time: 11	PE: 7	op: 0 - -1.00029e-12 * -1 = -1.00029e-12
time: 11	PE: 8	op: 1000 - -2.03347e-07 * -1.49684e-06 = 1000
time: 11	PE: 9	op: 1000 - -2.03348e-07 * -1.49685e-06 = 1000
time: 11	PE: 10	op: -0.00149663 - -2.03347e-07 * 1.49663e-06 = -0.00149663
time: 11	PE: 11	op: -0.105657 / 21.9246 = -0.00481913
time: 11	PE: 12	op: -1 / 1 = -1
time: 12	PE: 0	op: 4000 - -1000 * -0.999948 = 3000.05
time: 12	PE: 1	op: 3000 - -1000 * -1 = 2000
time: 12	PE: 2	op: 0 - -1.12027e-05 * -0.999948 = -1.12021e-05
time: 12	PE: 3	op: 0 - -1000 * -5.24536e-05 = -0.0524536
time: 12	PE: 4	op: 0 - -0.00640296 * -0.999994 = -0.00640292
time: 12	PE: 5	op: 0.0521277 - -0.0521333 * -5.2125e-05 = 0.052125
time: 12	PE: 6	op: 0 - -1000 * 1.49663e-06 = 0.00149663
time: 12	PE: 7	op: -0.052445 - -0.052445 * -5.24536e-05 = -0.0524477
time: 12	PE: 10	op: -8.33333 / 1 = -8.33333
time: 12	PE: 11	op: -2e-31 / 1 = -2e-31
time: 13	PE: 0	op: 0 - -1.12062e-05 * -0.999948 = -1.12056e-05
time: 13	PE: 1	op: 4000 - -1000 * -0.999996 = 3000
time: 13	PE: 2	op: 4000 - -1000 * -0.999996 = 3000
time: 13	PE: 3	op: 1100.39 - -3.86179e-12 * -1.01681e-11 = 1100.39
time: 13	PE: 4	op: -0.349476 - -0.349476 * 0.000349154 = -0.349354
time: 13	PE: 5	op: 0.00365238 - -0.00365288 * -3.65237e-06 = 0.00365237
time: 13	PE: 6	op: 1000 - -1.0021e-12 * -3.65243e-06 = 1000
time: 13	PE: 7	op: 0 - -1000 * -3.65243e-06 = -0.00365243
time: 13	PE: 8	op: 0 - -1000 * -1.03213e-15 = -1.03213e-12
time: 13	PE: 9	op: 0 - -1000 * -6.83999e-10 = -6.83999e-07
time: 13	PE: 10	op: 0 - -1000 * -3.65237e-06 = -0.00365237
time: 13	PE: 11	op: 0 - -1000 * -6.84008e-10 = -6.84008e-07
time: 14	PE: 0	op: 0.824106 - -0.01 * -1 = 0.814106
time: 14	PE: 1	op: 1000.1 - -1.12062e-05 * -5.24536e-05 = 1000.1
time: 14	PE: 2	op: 0 - -1000 * 0.000349154 = 0.349154
time: 14	PE: 3	op: 0 - -1.0021e-12 * -0.999996 = -1.0021e-12
time: 14	PE: 4	op: 0 - -1.0005e-12 * -0.999948 = -1.00044e-12
time: 14	PE: 5	op: 1000 - -1.00029e-12 * 1.49663e-06 = 1000
time: 14	PE: 6	op: 0 - -0.0524287 * -0.999948 = -0.0524259
time: 14	PE: 7	op: -0.104858 - -1.12027e-05 * 2.04267e-10 = -0.104858
time: 14	PE: 8	op: -0.714286 / 1 = -0.714286
time: 14	PE: 9	op: -100000 / 1 = -100000
time: 15	PE: 0	op: 1000.1 - -1000 * -0.5 = 500.105
time: 15	PE: 1	op: 0 - -2.55246e-08 * -0.999651 = -2.55157e-08
time: 15	PE: 2	op: 39.8445 - -21.8179 * -0.999596 = 18.0354
time: 15	PE: 3	op: 4.09838 - -0.0341383 * -0.896479 = 4.06777
time: 15	PE: 4	op: 0 - -1.0021e-12 * -0.999996 = -1.0021e-12
time: 15	PE: 5	op: 0 - -1.0005e-12 * -0.999948 = -1.00044e-12
time: 15	PE: 6	op: 1000 - -1.0005e-12 * -5.21263e-05 = 1000
time: 15	PE: 7	op: 1000 - -1.0021e-12 * -3.65237e-06 = 1000
time: 15	PE: 8	op: -1.0005e-12 - -1.0005e-12 * -5.56905e-09 = -1.0005e-12
time: 15	PE: 9	op: 0 - -21.8179 * -4.13298e-06 = -9.01731e-05
time: 15	PE: 10	op: -1.0021e-12 - -1.0021e-12 * -4.96245e-10 = -1.0021e-12
time: 15	PE: 11	op: -100000 / 100000 = -1
time: 16	PE: 0	op: 3000.35 - -1000 * -0.999948 = 2000.4
time: 16	PE: 1	op: 0.824106 - -0.01 * -1 = 0.814106
time: 16	PE: 2	op: 0 - -100000 * 1e-05 = 1
time: 16	PE: 3	op: 39.8445 - -21.8179 * -0.999596 = 18.0354
time: 16	PE: 4	op: -0.00684331 - 0.00161933 * -0.000399656 = -0.00684266
time: 16	PE: 5	op: 5.16095 - -8.47321e-14 * 0.508338 = 5.16095
time: 16	PE: 6	op: 1000 - -1.00149e-12 * -1.03213e-15 = 1000
time: 16	PE: 7	op: 0.459995 - -0.00394214 * -0.61186 = 0.457583
time: 16	PE: 8	op: 0.0443937 - 0.00161933 * -4.13298e-06 = 0.0443937
time: 16	PE: 9	op: -1000 / 2000 = -0.5
time: 16	PE: 10	op: -0.0005 / 0.126415 = -0.00395524
time: 17	PE: 0	op: 6000.08 - -1000 * -0.999948 = 5000.13
time: 17	PE: 1	op: 1000 - -1000 * -0.5 = 500
time: 17	PE: 2	op: 0 - 1 * 1e-05 = -1e-05
time: 17	PE: 3	op: 0 - -8.47321e-14 * -0.896479 = -7.59605e-14
time: 17	PE: 4	op: 0 - -0.00640304 * -0.999994 = -0.006403
time: 17	PE: 5	op: 0 - -0.00394214 * -0.896479 = -0.00353404
time: 17	PE: 6	op: 4.0773 - -0.0104327 * -0.000399656 = 4.0773
time: 17	PE: 7	op: -0.00513377 - -0.0104327 * -4.13298e-06 = -0.00513381
time: 17	PE: 8	op: -0.115915 / 0.126415 = -0.91694
time: 17	PE: 9	op: -0.00424848 / 1.43282 = -0.00296512
time: 18	PE: 0	op: 3000.05 - -1000 * -0.999651 = 2000.4
time: 18	PE: 1	op: 1000 - -1000 * -0.5 = 500
time: 18	PE: 2	op: 0 - -0.0104327 * -0.999596 = -0.0104285
time: 18	PE: 3	op: 0 - -1.00005e-12 * -0.999994 = -1.00004e-12
time: 18	PE: 4	op: -0.00149664 - -2.03348e-07 * 1.49664e-06 = -0.00149664
time: 18	PE: 5	op: 0 - -0.349483 * -0.999651 = -0.349361
time: 18	PE: 6	op: 0 - -1.03213e-12 * -0.999948 = -1.03208e-12
time: 18	PE: 7	op: -1000 / 1000.7 = -0.999302
time: 18	PE: 8	op: 0 - -1e-12 * -1 = -1e-12
time: 18	PE: 9	op: -17.8891 / 17.8891 = -1
time: 18	PE: 10	op: -100000 / 100000 = -1
time: 19	PE: 0	op: 1000.39 - -0.0117613 * -0.0300374 = 1000.39
time: 19	PE: 1	op: 1100.39 - -3.85959e-12 * -1.01623e-11 = 1100.39
time: 19	PE: 2	op: 105.062 - -1.00082e-12 * -1.00082e-10 = 105.062
time: 19	PE: 3	op: 0 - -1.00082e-12 * -1 = -1.00082e-12
time: 19	PE: 4	op: 0 - -0.01 * -1.00082e-10 = -1.00082e-12
time: 19	PE: 5	op: -2.2e-28 - -0.379795 * -0.0300374 = -0.011408
time: 19	PE: 6	op: 1000 - -1.00149e-12 * -1.03213e-15 = 1000
time: 19	PE: 7	op: 0 - -1000 * -6.84008e-10 = -6.84008e-07
time: 19	PE: 8	op: -2.2e-28 - -0.379795 * -1.01623e-11 = -3.85959e-12
time: 19	PE: 9	op: 7000.07 - -1000 * -0.999948 = 6000.12
time: 19	PE: 10	op: -100000 / 100032 = -0.999682
time: 19	PE: 11	op: -0.00641026 / 1 = -0.00641026
time: 20	PE: 0	op: 1100.39 - -0.379795 * -0.970036 = 1100.02
time: 20	PE: 1	op: 0 - -1.00082e-12 * -1 = -1.00082e-12
time: 20	PE: 2	op: 0 - -8.47321e-14 * -0.896479 = -7.59605e-14
time: 20	PE: 3	op: 0 - -1.00029e-12 * -1 = -1.00029e-12
time: 20	PE: 4	op: 0 - -1.00149e-12 * -1 = -1.00149e-12
time: 20	PE: 5	op: -0.0194126 - -0.00394214 * 0.508338 = -0.0174087
time: 20	PE: 6	op: 0 - -0.0341383 * 0.508338 = 0.0173538
time: 20	PE: 7	op: 0 - -1000 * 2.04267e-10 = 2.04267e-07
time: 20	PE: 8	op: -1 / 1 = -1
time: 21	PE: 0	op: 0 - -0.0104327 * -0.999596 = -0.0104285
time: 21	PE: 1	op: 0 - -1.00005e-12 * -0.999994 = -1.00004e-12
time: 21	PE: 2	op: 0 - -0.00394214 * -0.896479 = -0.00353404
time: 21	PE: 3	op: 0 - -1000 * 1.49664e-06 = 0.00149664
time: 21	PE: 4	op: 0 - -0.349476 * -0.999651 = -0.349354
time: 21	PE: 5	op: 1000 - -0.00640304 * -6.84008e-10 = 1000
time: 21	PE: 6	op: 0 - -1000 * -0.5 = -500
time: 21	PE: 7	op: 1000.7 - -0.349476 * -0.000698509 = 1000.7
time: 21	PE: 8	op: -22553.2 / -1 = 22553.2
time: 21	PE: 9	op: 200000 - -100000 * -1 = 100000
time: 22	PE: 0	op: 0 - -1.00149e-12 * -1 = -1.00149e-12
time: 22	PE: 1	op: -1.03213e-12 - -1.03213e-12 * -6.84008e-10 = -1.03213e-12
time: 22	PE: 2	op: 0 - -1000 * -0.5 = -500
time: 22	PE: 3	op: 0.00365244 - -0.00365294 * -3.65243e-06 = 0.00365243
time: 22	PE: 4	op: 0 - -21.8179 * -0.000399656 = -0.00871967
time: 22	PE: 5	op: 0 - -0.052445 * -0.999948 = -0.0524422
time: 22	PE: 6	op: 0 - -0.00365294 * -0.999996 = -0.00365293
time: 22	PE: 7	op: 1000.01 - -1000 * -0.5 = 500.013
time: 22	PE: 8	op: 0 - -0.0341383 * -0.61186 = -0.0208878
time: 22	PE: 9	op: -6.99791e-08 / 26.9179 = -2.59972e-09
time: 23	PE: 0	op: 5000.13 - -1000 * -0.999994 = 4000.14
time: 23	PE: 1	op: -1e-05 / -1 = 1e-05
time: 23	PE: 2	op: 0 - -1000 * -0.5 = -500
time: 23	PE: 3	op: 1000 - -1.00029e-12 * 1.49664e-06 = 1000
time: 23	PE: 4	op: 0 - -1.03213e-12 * -0.999994 = -1.03212e-12
time: 23	PE: 5	op: 0 - -1000 * -5.2125e-05 = -0.052125
time: 23	PE: 6	op: 1000 - -1000 * -0.5 = 500
time: 23	PE: 7	op: 0.459995 - -0.00394214 * -0.61186 = 0.457583
time: 23	PE: 8	op: -1.00029e-12 - -1.00029e-12 * -1.49685e-06 = -1.00029e-12
time: 23	PE: 9	op: -1.00149e-12 - -1.00149e-12 * -1.40235e-19 = -1.00149e-12
time: 23	PE: 10	op: 0 - -0.0666667 * -0.999933 = -0.0666622
time: 24	PE: 0	op: 100000 - -0.0005 * -0.00395524 = 100000
time: 24	PE: 1	op: 5.16095 - -8.47321e-14 * 0.508338 = 5.16095
time: 24	PE: 2	op: 0 - -1000 * -1.49684e-06 = -0.00149684
time: 24	PE: 3	op: 0.00640236 - -0.00640304 * -6.40232e-06 = 0.00640232
time: 24	PE: 4	op: 1000 - -1.00005e-12 * -6.40232e-06 = 1000
time: 24	PE: 6	op: 1000 - -0.00365294 * -4.96254e-10 = 1000
time: 24	PE: 7	op: -0.349361 / 1000.7 = -0.000349117
time: 24	PE: 8	op: -1000 / 2000 = -0.5
time: 24	PE: 9	op: 1 / 100000 = 1e-05
time: 24	PE: 10	op: -4 / 8 = -0.5
time: 25	PE: 0	op: 1100.39 - -0.379795 * -0.969963 = 1100.02
time: 25	PE: 1	op: 105.062 - -100 * -1 = 5.06224
time: 25	PE: 2	op: -1.03213e-12 - -1.03213e-12 * -5.56891e-09 = -1.03213e-12
time: 25	PE: 3	op: 0 - -21.8179 * -0.000399656 = -0.00871967
time: 25	PE: 4	op: 0 - -1000 * -0.5 = -500
time: 25	PE: 5	op: 0 - -1000 * -6.40223e-06 = -0.00640223
time: 25	PE: 6	op: -0.0524287 - -0.0524287 * -5.24373e-05 = -0.0524314
time: 25	PE: 7	op: 0.0443937 - 0.00161933 * -4.13298e-06 = 0.0443937
time: 25	PE: 8	op: 1000 - -1000 * -0.5 = 500.002
time: 25	PE: 9	op: -0.00684266 / 0.0443937 = -0.154136
time: 25	PE: 10	op: 0.00161868 / 0.0443937 = 0.0364618
time: 25	PE: 11	op: -1 / 1 = -1
time: 26	PE: 0	op: 4000 - -1000 * -0.999302 = 3000.7
time: 26	PE: 1	op: 0 - -1000 * -0.5 = -500
time: 26	PE: 2	op: 0.00640227 - -0.00640296 * -6.40223e-06 = 0.00640223
time: 26	PE: 3	op: -9.70857e-13 - -3.07765e-14 * -1.03213e-15 = -9.70857e-13
time: 26	PE: 4	op: 1000 - -1.00005e-12 * -6.40223e-06 = 1000
time: 26	PE: 5	op: 0 - -0.0521346 * -0.999948 = -0.0521319
time: 26	PE: 6	op: -5.48788e-05 - -8.47321e-14 * -0.61186 = -5.48788e-05
time: 26	PE: 7	op: 0 - -1000 * -1.40235e-19 = -1.40235e-16
time: 26	PE: 8	op: 1 / -1 = -1
time: 27	PE: 1	op: 18.0354 - -17.8891 * -1 = 0.146313
time: 27	PE: 2	op: 0.115915 - -0.115915 * -0.91694 = 0.00962788
time: 27	PE: 3	op: 0 - -1.3538e-07 * -1 = -1.3538e-07
time: 27	PE: 4	op: 0 - 1 * -1 = 1
time: 27	PE: 5	op: 1000.06 - -1000 * -0.5 = 500.061
time: 27	PE: 6	op: -0.349354 / 1000.7 = -0.00034911
time: 27	PE: 7	op: 0 - -0.0341383 * -0.61186 = -0.0208878
time: 27	PE: 8	op: 1000 - -3.07765e-14 * -1.40235e-19 = 1000
time: 27	PE: 9	op: 1000 - -1000 * -0.999999 = 0.000976562
time: 27	PE: 10	op: -1000 / 2000 = -0.5
time: 27	PE: 11	op: -100000 / 100000 = -1
time: 28	PE: 0	op: 100000 - -100000 * -0.999682 = 31.7969
time: 28	PE: 1	op: 0 - -0.0341383 * 0.508338 = 0.0173538
time: 28	PE: 2	op: -0.01138 - -3.86179e-12 * -1 = -0.01138
time: 28	PE: 3	op: -2.2e-28 - -0.379795 * -1.01681e-11 = -3.86179e-12
time: 28	PE: 4	op: -0.0130778 / 500.013 = -2.61549e-05
time: 28	PE: 5	op: -1.77687e-06 / 500.013 = -3.55365e-09
time: 28	PE: 6	op: 1000 - -1.03213e-12 * -5.21263e-05 = 1000
time: 28	PE: 7	op: 0.0521277 - -0.0521333 * -5.2125e-05 = 0.052125
time: 28	PE: 8	op: 0 - -1000 * -0.5 = -500
time: 28	PE: 9	op: -0.0524259 / 1000.1 = -5.24204e-05
time: 28	PE: 10	op: -1000 / 1000.07 = -0.999933
time: 28	PE: 11	op: -1000 / 1000 = -0.999999
time: 29	PE: 0	op: 4000.14 - -1000 * -0.999948 = 3000.19
time: 29	PE: 1	op: -9.70857e-13 - -3.07766e-14 * -1.03213e-15 = -9.70857e-13
time: 29	PE: 2	op: 0 - -1.03213e-12 * -0.999948 = -1.03208e-12
time: 29	PE: 3	op: 0 - -0.0521333 * -0.999948 = -0.0521306
time: 29	PE: 4	op: -3.75086e-05 / 500 = -7.50171e-08
time: 29	PE: 5	op: 1000 - -0.0521346 * -5.56905e-09 = 1000
time: 29	PE: 6	op: -0.0174087 / 0.457583 = -0.0380449
time: 29	PE: 7	op: -0.00023891 - -2.55246e-08 * -0.000698484 = -0.00023891
time: 29	PE: 8	op: -1000 / 1000.1 = -0.999895
time: 29	PE: 9	op: 0 - -1000 * -0.000698484 = -0.698484
time: 29	PE: 10	op: 1000 - -3.07766e-14 * -1.40235e-19 = 1000
time: 29	PE: 11	op: 0 - -1000 * -5.56891e-09 = -5.56891e-06
time: 30	PE: 0	op: 1000 - -0.00640296 * -6.83999e-10 = 1000
time: 30	PE: 1	op: 0 - -0.00365288 * -0.999996 = -0.00365286
time: 30	PE: 2	op: 1000 - -1.03213e-12 * -6.40223e-06 = 1000
time: 30	PE: 3	op: 0 - -1000 * -0.5 = -500
time: 30	PE: 4	op: -0.00513377 - -0.0104327 * -4.13298e-06 = -0.00513381
time: 30	PE: 5	op: -0.00353404 / 0.457583 = -0.00772328
time: 30	PE: 6	op: -1000 / 1000 = -1
time: 30	PE: 7	op: -0.43664 / 0.457583 = -0.954232
time: 30	PE: 8	op: -0.00365293 / 1000 = -3.65293e-06
time: 30	PE: 9	op: 0 - -0.0005 * -0.91694 = -0.00045847
time: 30	PE: 10	op: -100000 / 100000 = -1
time: 31	PE: 1	op: 0 - -1.03213e-12 * -0.999994 = -1.03212e-12
time: 31	PE: 2	op: 0 - -1000 * -6.66622e-05 = -0.0666622
time: 31	PE: 3	op: 1000 - -1.03213e-12 * -6.40232e-06 = 1000
time: 31	PE: 4	op: -500 / 500 = -1
time: 31	PE: 5	op: -0.0174087 / 0.457583 = -0.0380449
time: 31	PE: 6	op: -0.00353404 / 0.457583 = -0.00772328
time: 31	PE: 7	op: -0.00170853 / 500.002 = -3.41706e-06
time: 31	PE: 8	op: 0.00365243 / 1000 = 3.65243e-06
time: 31	PE: 9	op: -500 / 500.002 = -0.999997
time: 31	PE: 10	op: -0.43664 / 0.457583 = -0.954232
time: 31	PE: 11	op: -1000 / 2000 = -0.5
time: 31	PE: 12	op: 1 / -3635.14 = -0.000275093
time: 31	PE: 13	op: -18.1818 / 1 = -18.1818
time: 32	PE: 0	op: 0 - -0.00133333 * 1e-05 = 1.33333e-08
time: 32	PE: 1	op: 0 - -1000 * -0.000349117 = -0.349117
time: 32	PE: 2	op: 0 - 1 * 1e-05 = -1e-05
time: 32	PE: 3	op: 0 - -1000 * -0.5 = -500
time: 32	PE: 4	op: 0 - -1000 * -1.03213e-15 = -1.03213e-12
time: 32	PE: 5	op: -5.09627e-09 / 500 = -1.01925e-11
time: 32	PE: 6	op: 0.00161868 / 0.0443937 = 0.0364618
time: 32	PE: 7	op: -0.349354 / 1000.7 = -0.00034911
time: 32	PE: 8	op: -1000 / 1000.7 = -0.999302
time: 32	PE: 9	op: -1 - 3634.14 * -0.000275093 = -0.000275135
time: 32	PE: 10	op: 0 - 1 * -0.000275093 = 0.000275093
time: 32	PE: 11	op: 1 / -3635.14 = -0.000275093
time: 33	PE: 0	op: 0.146313 - -9.01731e-05 * 0.0364618 = 0.146316
time: 33	PE: 1	op: 0 - -1000 * -6.66622e-05 = -0.0666622
time: 33	PE: 2	op: 0 - -31.7901 * -0.999682 = -31.78
time: 33	PE: 3	op: -500 / 500.013 = -0.999974
time: 33	PE: 4	op: -0.0609162 / 500.061 = -0.000121818
time: 33	PE: 5	op: -8.27666e-06 / 500.061 = -1.65513e-08
time: 33	PE: 6	op: -0.00684266 / 0.0443937 = -0.154136
time: 33	PE: 7	op: 1000 - -1000 * -0.999933 = 0.0666504
time: 33	PE: 8	op: 0 - -21.8179 * -4.13298e-06 = -9.01731e-05
time: 33	PE: 9	op: -0.0391698 / 0.0443937 = -0.882326
time: 33	PE: 10	op: -9.55328e-13 - -4.48722e-14 * -1.04479e-15 = -9.55328e-13
time: 33	PE: 11	op: -17.8891 / 17.8891 = -1
time: 33	PE: 12	op: -1000 / 1000 = -1
time: 34	PE: 0	op: 5.06224 - -1 * -1 = 4.06224
time: 34	PE: 1	op: -0.0104285 - -0.00513381 * 0.0364618 = -0.0102413
time: 34	PE: 2	op: -1.00082e-12 - -1.18986e-12 * -1 = -2.19068e-12
time: 34	PE: 3	op: 200001 - -100000 * -1 = 100001
time: 34	PE: 4	op: 0 - 1 * -1 = 1
time: 34	PE: 5	op: -2.32138e-07 / 500.002 = -4.64274e-10
time: 34	PE: 6	op: 0 - -1000 * -0.5 = -500
time: 34	PE: 7	op: 1000 - -1.03213e-12 * -1.67203e-06 = 1000
time: 34	PE: 8	op: -1e-12 / 0.0143885 = -6.95e-11
time: 35	PE: 0	op: 3000.19 - -0.0666667 * -6.66622e-05 = 3000.19
time: 35	PE: 1	op: 0 - 1 * -1 = 1
time: 35	PE: 2	op: 0 - -1000 * -0.00034911 = -0.34911
time: 35	PE: 3	op: -0.00020014 - -2.13825e-08 * -0.000698509 = -0.00020014
time: 35	PE: 4	op: 0.0521263 / 1000 = 5.21263e-05
time: 35	PE: 5	op: -1.0005e-12 - -1.0005e-12 * -5.56891e-09 = -1.0005e-12
time: 35	PE: 6	op: -1000 / 1000 = -1
time: 35	PE: 7	op: 0 - -1000 * -0.5 = -500
time: 35	PE: 8	op: -1.00005e-12 - -1.00005e-12 * -6.83999e-10 = -1.00005e-12
time: 35	PE: 9	op: -0.0391698 / 0.0443937 = -0.882326
time: 35	PE: 10	op: -7.69231e-05 - -1.18e-30 * -1 = -7.69231e-05
time: 36	PE: 0	op: 2000.4 - 2.04267e-07 * -5.24204e-05 = 2000.4
time: 36	PE: 1	op: 0 - -0.698484 * -0.999302 = -0.697996
time: 36	PE: 2	op: -1.12021e-05 - -0.104858 * -5.24204e-05 = -1.66988e-05
time: 36	PE: 3	op: 0 - -1000 * -5.24204e-05 = -0.0524204
time: 36	PE: 4	op: -0.0025 - -0.0391698 * 0.0364618 = -0.0010718
time: 36	PE: 5	op: 0 - -1000 * -6.40232e-06 = -0.00640232
time: 36	PE: 6	op: 1000 - -1000 * -0.5 = 500.002
time: 36	PE: 7	op: -1000 / 1000 = -1
time: 36	PE: 8	op: -0.349361 / 1000.7 = -0.000349118
time: 36	PE: 9	op: -0.0524314 / 1000.1 = -5.24259e-05
time: 36	PE: 10	op: -1.3538e-07 / 17.8891 = -7.56776e-09
time: 36	PE: 11	op: 8.33333 / 1 = 8.33333
time: 37	PE: 0	op: 2000 - -1000 * -0.999895 = 1000.1
time: 37	PE: 1	op: 0 - -0.104858 * -0.999895 = -0.104847
time: 37	PE: 2	op: 0 - 2.04267e-07 * -0.999895 = 2.04246e-07
time: 37	PE: 3	op: 0 - -500 * -3.55365e-09 = -1.77682e-06
time: 37	PE: 4	op: 1000.06 - -1000 * -0.5 = 500.061
time: 37	PE: 5	op: -1.03213e-12 / 1000 = -1.03213e-15
time: 37	PE: 6	op: -1.03213e-12 / 1000 = -1.03213e-15
time: 37	PE: 7	op: -1000 / 1000 = -1
time: 37	PE: 8	op: 0 - -1000 * -0.5 = -500
time: 37	PE: 9	op: 1 / -1 = -1
time: 37	PE: 10	op: -1 / 1 = -1
time: 37	PE: 11	op: -100000 / 100009 = -0.999911
time: 38	PE: 0	op: -2.55157e-08 - -0.00023891 * -0.000349117 = -1.08923e-07
time: 38	PE: 1	op: 0 - -0.00023891 * -0.999302 = -0.000238743
time: 38	PE: 2	op: -1e-05 / -1 = 1e-05
time: 38	PE: 3	op: 0 - -3.07765e-14 * -1 = -3.07765e-14
time: 38	PE: 4	op: 1000 - -3.90678e-08 * -7.50171e-08 = 1000
time: 38	PE: 5	op: 0 - -500 * -7.50171e-08 = -3.75086e-05
time: 38	PE: 6	op: -5.48788e-05 - -8.47321e-14 * -0.61186 = -5.48788e-05
time: 38	PE: 7	op: 0 - -1000 * -0.000698509 = -0.698509
time: 38	PE: 8	op: 200000 - -100000 * -1 = 100000
time: 38	PE: 9	op: 1000 - -4.48722e-14 * -1.41955e-19 = 1000
time: 39	PE: 0	op: 0.814106 - -0.43664 * -0.954232 = 0.39745
time: 39	PE: 1	op: 1000.1 - -1000 * -0.5 = 500.105
time: 39	PE: 2	op: 500 - -500 * -1 = 0.000305176
time: 39	PE: 3	op: 4.06777 - -0.0208878 * -0.00772328 = 4.06761
time: 39	PE: 4	op: 0 - -3.90678e-08 * -1 = -3.90678e-08
time: 39	PE: 5	op: -1000 / 1000 = -1
time: 39	PE: 6	op: -0.00837101 - 0.003331 * -3.41706e-06 = -0.00837099
time: 39	PE: 7	op: 0 - -0.43664 * -0.0380449 = -0.0166119
time: 39	PE: 8	op: -1.03212e-12 / 1000 = -1.03212e-15
time: 39	PE: 9	op: -1.18e-30 / 100000 = -1.18e-35
time: 40	PE: 0	op: 0.814106 - -0.43664 * -0.954232 = 0.39745
time: 40	PE: 1	op: 0 - -1000 * -0.00034911 = -0.34911
time: 40	PE: 2	op: 0 - -100000 * 1e-05 = 1
time: 40	PE: 3	op: 4.06777 - -0.0208878 * -0.00772328 = 4.06761
time: 40	PE: 4	op: 0 - 0.003331 * -0.999997 = 0.00333099
time: 40	PE: 5	op: 0 - -0.43664 * -0.00772328 = -0.00337229
time: 40	PE: 6	op: -0.0025 - -0.0391698 * 0.0364618 = -0.0010718
time: 40	PE: 7	op: 0 - -500 * -1.01925e-11 = -5.09627e-09
time: 40	PE: 8	op: -1.3538e-07 / 17.8891 = -7.56776e-09
time: 41	PE: 0	op: 500 - -500 * -0.999974 = 0.0132446
time: 41	PE: 1	op: 1000.01 - -0.0524564 * -1.65513e-08 = 1000.01
time: 41	PE: 2	op: 0 - -500 * -1.65513e-08 = -8.27565e-06
time: 41	PE: 3	op: 1 / -1 = -1
time: 41	PE: 4	op: 4000 - -1000 * -0.999302 = 3000.7
time: 41	PE: 5	op: -0.0025 - -9.01731e-05 * -0.882326 = -0.00257956
time: 41	PE: 6	op: 0.0130777 - -0.0130795 * -2.61549e-05 = 0.0130773
time: 41	PE: 7	op: 5.16095 - -5.48788e-05 * -0.0380449 = 5.16094
time: 41	PE: 8	op: 0 - -1000 * -5.56891e-09 = -5.56891e-06
time: 41	PE: 9	op: 1 / -1 = -1
time: 42	PE: 0	op: 2000.4 - -0.698484 * -0.000349117 = 2000.4
time: 42	PE: 1	op: -2.13751e-08 - -0.00020014 * -0.00034911 = -9.12462e-08
time: 42	PE: 2	op: 0 - -0.00020014 * -0.999302 = -0.000200001
time: 42	PE: 3	op: 18.0354 - -9.01731e-05 * 0.0364618 = 18.0354
time: 42	PE: 4	op: 0 - -0.0130795 * -0.999974 = -0.0130792
time: 42	PE: 5	op: -3.89391e-08 - -3.89391e-08 * -3.55365e-09 = -3.89391e-08
time: 42	PE: 6	op: 0 - -3.89391e-08 * -0.999974 = -3.89381e-08
time: 42	PE: 7	op: 0 - -1000 * -0.5 = -500
time: 42	PE: 8	op: 1000 - -3.89391e-08 * -2.61549e-05 = 1000
time: 42	PE: 9	op: 0 - -500 * -2.61549e-05 = -0.0130774
time: 42	PE: 10	op: -0.00871967 - -9.01731e-05 * -0.154136 = -0.00873356
time: 42	PE: 11	op: -3.84445e-12 / 0.000976562 = -3.93671e-09
time: 43	PE: 0	op: 5000 - -1000 * -1 = 4000
time: 43	PE: 1	op: -0.0025 - -9.01731e-05 * -0.882326 = -0.00257956
time: 43	PE: 2	op: -0.00503977 - -0.00503977 * -4.64274e-10 = -0.00503977
time: 43	PE: 3	op: 1000.01 - 0.003331 * -4.64274e-10 = 1000.01
time: 43	PE: 4	op: 0 - -0.00503977 * -0.999997 = -0.00503975
time: 43	PE: 5	op: 0 - -500 * -4.64274e-10 = -2.32137e-07
time: 43	PE: 6	op: -1.03213e-12 / 1000 = -1.03213e-15
time: 43	PE: 7	op: -0.00170852 / 500.002 = -3.41702e-06
time: 43	PE: 8	op: -2.32135e-07 / 500.002 = -4.64269e-10
time: 43	PE: 9	op: -0.00871967 - -9.01731e-05 * -0.154136 = -0.00873356
time: 43	PE: 10	op: -500 / 500.002 = -0.999997
time: 43	PE: 11	op: -1.03212e-12 / 1000 = -1.03212e-15
time: 43	PE: 12	op: -1.03208e-12 / 1000 = -1.03208e-15
time: 43	PE: 13	op: -1.18986e-12 / 1 = -1.18986e-12
time: 43	PE: 14	op: -1000 / 1000 = -0.999999
time: 44	PE: 0	op: 2000.4 - -0.698509 * -0.00034911 = 2000.4
time: 44	PE: 1	op: 500.105 - -0.104858 * -5.24259e-05 = 500.105
time: 44	PE: 2	op: 0 - -0.698509 * -0.999302 = -0.698021
time: 44	PE: 3	op: 0 - -1000 * -5.24259e-05 = -0.0524259
time: 44	PE: 4	op: 0.349154 - -0.698509 * -0.00034911 = 0.34891
time: 44	PE: 5	op: 0.349123 - -0.698484 * -0.000349118 = 0.348879
time: 44	PE: 6	op: 1000 - -0.0130795 * -3.55365e-09 = 1000
time: 44	PE: 7	op: -8.27501e-06 / 500.061 = -1.6548e-08
time: 44	PE: 8	op: 31.7901 - -31.7901 * -0.0003178 = 31.78
time: 44	PE: 9	op: 1000.02 - -1000 * -0.5 = 500.025
time: 44	PE: 10	op: -1.18986e-12 / 1 = -1.18986e-12
time: 45	PE: 0	op: 0.39745 - -0.0391698 * -0.882326 = 0.362889
time: 45	PE: 1	op: 0.000305176 - -0.00023891 * -0.000349118 = 0.000305092
time: 45	PE: 2	op: -0.0524373 - 2.04267e-07 * -5.24259e-05 = -0.0524373
time: 45	PE: 3	op: 0 - -0.0208878 * -0.954232 = -0.0199318
time: 45	PE: 4	op: 3000 - -1000 * -1 = 2000
time: 45	PE: 5	op: -7.59605e-14 - -5.48788e-05 * -0.00772328 = -4.23844e-07
time: 45	PE: 6	op: 0 - -0.00513381 * -0.882326 = -0.0045297
time: 45	PE: 7	op: 0 - -0.115915 * -0.00395524 = -0.00045847
time: 45	PE: 8	op: 0 - -8.89838 * -0.999911 = -8.89759
time: 46	PE: 0	op: 0.39745 - -0.0391698 * -0.882326 = 0.362889
time: 46	PE: 2	op: 0 - -0.43664 * -0.00772328 = -0.00337229
time: 46	PE: 3	op: -3.90678e-08 - -3.90678e-08 * -1.01925e-11 = -3.90678e-08
time: 46	PE: 4	op: -7.59605e-14 - -5.48788e-05 * -0.00772328 = -4.23844e-07
time: 46	PE: 5	op: 0 - -1.3538e-07 * -1 = -1.3538e-07
time: 46	PE: 6	op: 0 - -5.48788e-05 * -0.954232 = -5.23671e-05
time: 46	PE: 7	op: -0.0609041 / 500.061 = -0.000121793
time: 46	PE: 8	op: -3.90678e-08 / 1000 = -3.90678e-11
time: 46	PE: 9	op: -1000 / 1000 = -1
time: 46	PE: 10	op: 0 - -0.0391698 * -0.154136 = -0.00603746
time: 46	PE: 11	op: -5.22343e-16 / 0.000976562 = -5.3488e-13
time: 46	PE: 12	op: -2325.58 / 1 = -2325.58
time: 47	PE: 0	op: 0.0132446 - -0.00020014 * -0.00034911 = 0.0132446
time: 47	PE: 1	op: 0 - -0.00133333 * 1e-05 = 1.33333e-08
time: 47	PE: 2	op: 0 - -1000 * -0.000349118 = -0.349118
time: 47	PE: 3	op: -0.0104285 - -0.00513381 * 0.0364618 = -0.0102413
time: 47	PE: 4	op: 1000 - -1.03213e-12 * -5.2125e-05 = 1000
time: 47	PE: 5	op: 4.0773 - -0.00513381 * -0.154136 = 4.07651
time: 47	PE: 6	op: 0.052129 - -0.0521346 * -5.21263e-05 = 0.0521263
time: 47	PE: 7	op: 1000.1 - -0.052445 * 2.04232e-10 = 1000.1
time: 47	PE: 8	op: -1.00005e-12 / 0.0666504 = -1.50044e-11
time: 47	PE: 9	op: -1.00005e-12 / 0.0666504 = -1.50044e-11
time: 47	PE: 10	op: -1000 / 1000 = -1
time: 47	PE: 11	op: -9.55328e-13 / 1000 = -9.55328e-16
time: 48	PE: 0	op: 18.0354 - -17.8891 * -1 = 0.146317
time: 48	PE: 1	op: 0 - -0.0208878 * -0.954232 = -0.0199318
time: 48	PE: 2	op: 3000 - -1000 * -1 = 2000
time: 48	PE: 3	op: -0.00846811 - -0.00846811 * -1.65513e-08 = -0.00846811
time: 48	PE: 4	op: 0 - -1.0005e-12 * -1 = -1.0005e-12
time: 48	PE: 5	op: 1000 - -1.0005e-12 * 5.21263e-05 = 1000
time: 48	PE: 6	op: -500 / 500.061 = -0.999878
time: 48	PE: 7	op: 1000 - -0.00365288 * -4.96245e-10 = 1000
time: 48	PE: 8	op: 0 - -1000 * -4.96245e-10 = -4.96245e-07
time: 48	PE: 9	op: -1 / 1 = -1
time: 49	PE: 0	op: 4000 - -1000 * -1 = 3000
time: 49	PE: 1	op: 0 - -0.00133333 * -1 = -0.00133333
time: 49	PE: 2	op: 0 - -3.74746e-05 * -1 = -3.74746e-05
time: 49	PE: 3	op: 0 - -5.48788e-05 * -0.954232 = -5.23671e-05
time: 49	PE: 4	op: 1000 - -1000 * -0.999933 = 0.0666504
time: 49	PE: 5	op: -9.70857e-13 / 1000 = -9.70857e-16
time: 49	PE: 6	op: 0 - -0.0391698 * -0.154136 = -0.00603746
time: 49	PE: 7	op: -1000 / 1000 = -1
time: 49	PE: 8	op: 0 - -0.0666667 * -0.999933 = -0.0666622
time: 49	PE: 9	op: -1 / 1 = -1
time: 50	PE: 0	op: 0 - -17.8891 * -7.56776e-09 = -1.3538e-07
time: 50	PE: 1	op: 0 - -17.8891 * -7.56776e-09 = -1.3538e-07
time: 50	PE: 2	op: 0 - -1000 * -1.03212e-15 = -1.03212e-12
time: 50	PE: 3	op: -3.89391e-08 / 1000 = -3.89391e-11
time: 50	PE: 4	op: -3.89381e-08 / 1000 = -3.89381e-11
time: 50	PE: 5	op: -1000 / 1000 = -1
time: 50	PE: 7	op: -3.86179e-12 - -0.0117315 * -0.970036 = -0.01138
time: 50	PE: 8	op: -5.90855e-11 / 31.78 = -1.8592e-12
time: 50	PE: 9	op: 1000.02 - -1000 * -0.5 = 500.025
time: 50	PE: 10	op: -1 / 1 = -1
time: 50	PE: 11	op: -1 / 1 = -1
time: 50	PE: 12	op: -1e-12 / 6.01288 = -1.6631e-13
time: 51	PE: 0	op: 0 - -1000 * -1.03208e-15 = -1.03208e-12
time: 51	PE: 1	op: 0.362889 - -1.18986e-12 * -1.18986e-12 = 0.362889
time: 51	PE: 2	op: 0 - 0.00333097 * -0.999997 = 0.00333096
time: 51	PE: 3	op: -1.00082e-12 - -1 * -1.18986e-12 = -2.19068e-12
time: 51	PE: 4	op: 1000 - -3.74746e-05 * -1.01925e-11 = 1000
time: 51	PE: 5	op: 3.74304e-05 - -3.74746e-05 * -7.50171e-08 = 3.74304e-05
time: 51	PE: 6	op: 0 - -1000 * 5.21263e-05 = 0.0521263
time: 51	PE: 7	op: -5.16089 / 5.16094 = -0.99999
time: 51	PE: 8	op: -0.0521319 / 1000 = -5.21319e-05
time: 51	PE: 9	op: 6000.12 - -1000 * -0.999994 = 5000.13
time: 51	PE: 10	op: -100000 / 100009 = -0.999911
time: 51	PE: 11	op: -1000 / 1000.07 = -0.999933
time: 51	PE: 12	op: 1 / -24.8995 = -0.0401614
time: 52	PE: 0	op: 0.362889 - -1.18986e-12 * -1.18986e-12 = 0.362889
time: 52	PE: 1	op: 1000.01 - -0.0524401 * -1.6548e-08 = 1000.01
time: 52	PE: 2	op: 0 - -500 * -1.6548e-08 = -8.27401e-06
time: 52	PE: 3	op: -1.00082e-12 - -1 * -1.18986e-12 = -2.19068e-12
time: 52	PE: 4	op: 0 - -500 * -4.64269e-10 = -2.32134e-07
time: 52	PE: 5	op: 0.00640227 - -0.00640296 * -6.40223e-06 = 0.00640223
time: 52	PE: 6	op: -3.90678e-08 / 1000 = -3.90678e-11
time: 52	PE: 7	op: 4.0773 - -0.00513381 * -0.154136 = 4.07651
time: 52	PE: 8	op: -5.23671e-05 / 5.16094 = -1.01468e-05
time: 52	PE: 9	op: -3.33333e-05 - -1.18e-30 * -1 = -3.33333e-05
time: 52	PE: 10	op: -8.89838 / 100009 = -8.89759e-05
time: 52	PE: 11	op: -0.00625 - -1 * -8.33333 = -8.33958
time: 53	PE: 0	op: 0 - -1000 * -1.03212e-15 = -1.03212e-12
time: 53	PE: 1	op: -0.00503972 - -0.00503972 * -4.64269e-10 = -0.00503972
time: 53	PE: 2	op: 0 - -0.00503972 * -0.999997 = -0.0050397
time: 53	PE: 3	op: 0 - -3.07766e-14 * -1 = -3.07766e-14
time: 53	PE: 4	op: -1.03213e-12 / 1000 = -1.03213e-15
time: 53	PE: 5	op: -4.06174 / 4.07651 = -0.996377
time: 53	PE: 6	op: 1000.01 - -0.00503972 * -3.41702e-06 = 1000.01
time: 53	PE: 7	op: -0.00837092 - 0.00333097 * -3.41702e-06 = -0.0083709
time: 53	PE: 8	op: -0.0102413 / 4.07651 = -0.00251228
time: 53	PE: 9	op: -0.0524477 / 1000.1 = -5.24422e-05
time: 53	PE: 10	op: -0.0524422 / 1000.1 = -5.24367e-05
time: 53	PE: 11	op: -0.0045297 / 4.07651 = -0.00111117
time: 53	PE: 12	op: 0.00641026 / 1 = 0.00641026
time: 53	PE: 13	op: -1 / 1 = -1
time: 53	PE: 14	op: -0.00641026 / 1 = -0.00641026
time: 54	PE: 0	op: 5000 - -1000 * -1 = 4000
time: 54	PE: 1	op: 0 - -3.75086e-05 * -1 = -3.75086e-05
time: 54	PE: 2	op: 0.000305092 - -3.75086e-05 * -3.90678e-11 = 0.000305092
time: 54	PE: 3	op: 0 - -1000 * -3.90678e-11 = -3.90678e-08
time: 54	PE: 4	op: -0.00847231 - -0.00847231 * -1.6548e-08 = -0.00847231
time: 54	PE: 5	op: 0 - -0.00513381 * -0.882326 = -0.0045297
time: 54	PE: 6	op: -1.33333e-06 - -1.18e-30 * -1 = -1.33333e-06
time: 54	PE: 7	op: 5.16095 - -5.48788e-05 * -0.0380449 = 5.16094
time: 54	PE: 8	op: 0.0173538 - -0.0208878 * -0.0380449 = 0.0165591
time: 54	PE: 9	op: -1000 / 1000 = -1
time: 54	PE: 10	op: 0 - -500 * -3.41706e-06 = -0.00170853
time: 54	PE: 11	op: -1.03208e-12 / 1000 = -1.03208e-15
time: 54	PE: 12	op: -100000 / 100000 = -1
time: 55	PE: 0	op: 1000.01 - 0.00333097 * -4.64269e-10 = 1000.01
time: 55	PE: 1	op: -7.09175e-05 - 7.09078e-05 * -1.50044e-11 = -7.09175e-05
time: 55	PE: 2	op: 1000 - -7.09078e-05 * -1.50044e-11 = 1000
time: 55	PE: 3	op: 0 - -0.0666622 * -1.50044e-11 = -1.00023e-12
time: 55	PE: 4	op: 0.0439595 - -0.0524401 * -0.000121793 = 0.0439531
time: 55	PE: 5	op: -1000 / 1000.1 = -0.999895
time: 55	PE: 6	op: -1.00005e-12 / 0.0666504 = -1.50044e-11
time: 55	PE: 7	op: 1000 - 7.09078e-05 * -1.50044e-11 = 1000
time: 55	PE: 8	op: 0 - -0.43664 * -0.0380449 = -0.0166119
time: 55	PE: 9	op: -0.0666622 / 0.0666504 = -1.00018
time: 55	PE: 10	op: 1000 - -1000 * -0.999999 = 0.000976562
time: 55	PE: 11	op: -1.18e-30 / 100000 = -1.18e-35
time: 56	PE: 0	op: 500.105 - -500 * -0.999878 = 0.165833
time: 56	PE: 1	op: 0 - -0.0524564 * -0.999878 = -0.05245
time: 56	PE: 2	op: 1000.02 - -0.00847231 * -0.000121793 = 1000.02
time: 56	PE: 3	op: 0.04398 - -0.0524564 * -0.000121818 = 0.0439736
time: 56	PE: 4	op: -1.0005e-12 / 1000 = -1.0005e-15
time: 56	PE: 5	op: 0 - -500 * -0.000121818 = -0.0609088
time: 56	PE: 6	op: -1000 / 1000 = -1
time: 56	PE: 7	op: -3.07765e-14 / 1000 = -3.07765e-17
time: 56	PE: 8	op: 0 - -0.0666622 * -1.50044e-11 = -1.00023e-12
time: 56	PE: 9	op: 0 - 1 * -0.000275093 = 0.000275093
time: 56	PE: 10	op: -1.03213e-12 - -1.03213e-12 * -2.27178e-10 = -1.03213e-12
time: 56	PE: 11	op: -1000 / 1000 = -1
time: 56	PE: 12	op: -0.379795 / 0.379795 = -1
time: 57	PE: 0	op: -3.74746e-05 - 3.74304e-05 * -3.90678e-11 = -3.74746e-05
time: 57	PE: 1	op: 0 - 3.74304e-05 * -1 = 3.74304e-05
time: 57	PE: 2	op: 0 - -1 * -2325.58 = -2325.58
time: 57	PE: 3	op: 0.0173538 - -0.0208878 * -0.0380449 = 0.0165591
time: 57	PE: 4	op: -4.23844e-07 / 5.16094 = -8.21254e-08
time: 57	PE: 5	op: 0 - -500 * -3.41702e-06 = -0.00170851
time: 57	PE: 6	op: 0 - -1000 * -4.96254e-10 = -4.96254e-07
time: 57	PE: 7	op: 0 - -1000 * -6.40223e-06 = -0.00640223
time: 57	PE: 8	op: 0 - -100000 * -1 = -100000
time: 57	PE: 9	op: -1.18e-30 / 100000 = -1.18e-35
time: 57	PE: 10	op: 1 / -24.8995 = -0.0401614
time: 58	PE: 0	op: 3000.19 - -1e-12 * -1.6631e-13 = 3000.19
time: 58	PE: 1	op: 0 - -1000 * -3.89381e-11 = -3.89381e-08
time: 58	PE: 2	op: 105.062 - -1 * -1 = 104.062
time: 58	PE: 3	op: 2000.04 - -1000 * -1 = 1000.04
time: 58	PE: 4	op: 0 - -1.18986e-12 * -1 = -1.18986e-12
time: 58	PE: 5	op: -0.0130792 - 0.0130773 * -3.89381e-11 = -0.0130792
time: 58	PE: 6	op: 1000.02 - -0.00846811 * -0.000121818 = 1000.02
time: 58	PE: 7	op: 0 - -500 * -0.000121793 = -0.0608967
time: 58	PE: 8	op: -1.00007e-12 - -1.00007e-12 * -5.3488e-13 = -1.00007e-12
time: 58	PE: 9	op: -1.12445e-10 / 70.922 = -1.58547e-12
time: 58	PE: 10	op: 100001 - -100000 * -0.999911 = 10.1953
time: 59	PE: 0	op: 3000 - -1000 * -1 = 2000
time: 59	PE: 1	op: -1.03208e-12 - -1000 * -5.21319e-05 = -0.0521319
time: 59	PE: 2	op: 0 - -0.0130774 * -1 = -0.0130774
time: 59	PE: 3	op: 0 - 0.0130773 * -1 = 0.0130773
time: 59	PE: 4	op: 0 - -0.00846811 * -0.999878 = -0.00846708
time: 59	PE: 5	op: -1.00044e-12 - -1.0005e-12 * -5.21319e-05 = -1.0005e-12
time: 59	PE: 6	op: -1.77682e-06 - -0.0130774 * -3.89391e-11 = -1.77682e-06
time: 59	PE: 7	op: -500 / 500.061 = -0.999878
time: 59	PE: 8	op: -0.0102413 / 4.07651 = -0.00251228
time: 59	PE: 9	op: -1.00005e-12 / 0.0666504 = -1.50044e-11
time: 59	PE: 10	op: -1000 / 1000.01 = -0.99999
time: 59	PE: 11	op: 1000 - -0.0521346 * -5.56905e-09 = 1000
time: 59	PE: 12	op: -1.18e-30 / 100000 = -1.18e-35
time: 60	PE: 0	op: 0 - -5.16089 * -1.01468e-05 = -5.23665e-05
time: 60	PE: 1	op: 0.0132446 - -0.0130774 * -3.89381e-11 = 0.0132446
time: 60	PE: 2	op: 0 - -1 * -1 = -1
time: 60	PE: 3	op: 8.89838 - -5.81108e-11 * -1.8592e-12 = 8.89838
time: 60	PE: 4	op: 1000 - 0.0130773 * -3.89391e-11 = 1000
time: 60	PE: 5	op: 1000 - -0.0521333 * -5.56891e-09 = 1000
time: 60	PE: 6	op: -5.16089 / 5.16094 = -0.99999
time: 60	PE: 7	op: -5.23671e-05 / 5.16094 = -1.01468e-05
time: 60	PE: 8	op: 0 - -1000 * -5.2125e-05 = -0.052125
time: 60	PE: 9	op: -4.42388e-10 - -9.38897e-12 * -1.8592e-12 = -4.42388e-10
time: 60	PE: 10	op: 1000 - -1000 * -1 = 0.000366211
time: 61	PE: 0	op: 0.362889 - -0.00603746 * -0.00111117 = 0.362883
time: 61	PE: 1	op: 0 - -1000 * -5.24367e-05 = -0.0524367
time: 61	PE: 2	op: -0.0010718 - -0.00603746 * -0.00251228 = -0.00108697
time: 61	PE: 3	op: 1000 - 3.74304e-05 * -3.90678e-11 = 1000
time: 61	PE: 4	op: -4.06174 / 4.07651 = -0.996377
time: 61	PE: 5	op: 1000.01 - -0.00503977 * -3.41706e-06 = 1000.01
time: 61	PE: 6	op: 0 - -1000 * 3.65243e-06 = 0.00365243
time: 61	PE: 7	op: -0.00365286 / 1000 = -3.65286e-06
time: 61	PE: 8	op: 0.00822272 - -0.0326096 * -0.00481913 = 0.00806557
time: 61	PE: 9	op: -1000 - -1000 * -1.03213e-15 = -1000
time: 61	PE: 10	op: 4.01 - -4 * -0.5 = 2.01
time: 62	PE: 0	op: 4000 - -1000 * -1 = 3000
time: 62	PE: 1	op: 0 - -1000 * -1.03208e-15 = -1.03208e-12
time: 62	PE: 2	op: 0 - -8.89838 * -0.999911 = -8.89759
time: 62	PE: 3	op: -0.00847231 / 1000.02 = -8.47216e-06
time: 62	PE: 4	op: 0 - -1000 * -3.90678e-11 = -3.90678e-08
time: 62	PE: 5	op: -1000 / 1000.02 = -0.999983
time: 62	PE: 6	op: 0.00365237 / 1000 = 3.65237e-06
time: 62	PE: 7	op: -1000 / 1000 = -1
time: 62	PE: 8	op: -9.63422e-09 - -7.09078e-05 * -1.50044e-11 = -9.63422e-09
time: 62	PE: 9	op: -7.09175e-05 / 1000 = -7.09175e-08
time: 62	PE: 10	op: -0.0045297 / 4.07651 = -0.00111117
time: 62	PE: 11	op: -3.84445e-12 / 0.000976562 = -3.93671e-09
time: 63	PE: 1	op: 2000 - -1000 * -0.999895 = 1000.1
time: 63	PE: 2	op: 0 - -1000 * -5.24422e-05 = -0.0524422
time: 63	PE: 3	op: 0 - 1 * -1 = 1
time: 63	PE: 4	op: 0 - -7.088e-05 * -1.00018 = -7.08926e-05
time: 63	PE: 5	op: -5.09627e-09 - -3.75086e-05 * -3.90678e-11 = -5.09627e-09
time: 63	PE: 6	op: -4.23844e-07 / 5.16094 = -8.21254e-08
time: 63	PE: 7	op: -9.70857e-13 / 1000 = -9.70857e-16
time: 63	PE: 8	op: -1000 / 1000 = -1
time: 63	PE: 9	op: -1000 / 1000 = -1
time: 63	PE: 10	op: -1 - 23.8995 * -0.0401614 = -0.0401614
time: 63	PE: 11	op: -1000 / 1000 = -0.999999
time: 63	PE: 12	op: -2.4023e-12 / 0.01 = -2.4023e-10
time: 64	PE: 0	op: 3000.19 - -0.0666622 * -1.00018 = 3000.12
time: 64	PE: 2	op: 0 - 0.0521263 * -1 = 0.0521263
time: 64	PE: 3	op: 1000.39 - -0.379795 * -1 = 1000.01
time: 64	PE: 4	op: -0.037037 - -1000 * -3.07765e-17 = -0.037037
time: 64	PE: 5	op: -0.0025 - 0.0165591 * -0.99999 = 0.0140589
time: 64	PE: 6	op: -0.00846811 / 1000.02 = -8.46797e-06
time: 64	PE: 7	op: -1000 / 1000.02 = -0.999983
time: 64	PE: 8	op: -0.00503972 / 1000.01 = -5.03966e-06
time: 64	PE: 9	op: -0.0050397 / 1000.01 = -5.03965e-06
time: 64	PE: 10	op: 0 - -1000 * -6.40232e-06 = -0.00640232
time: 65	PE: 0	op: 2000.4 - -1000 * -1 = 1000.4
time: 65	PE: 1	op: 2000 - 0.0521263 * -1.0005e-15 = 2000
time: 65	PE: 2	op: 0 - -0.00640223 * -1 = -0.00640223
time: 65	PE: 3	op: -0.011408 - -3.85959e-12 * -1 = -0.011408
time: 65	PE: 4	op: 0 - -1000 * -5.56905e-09 = -5.56905e-06
time: 65	PE: 5	op: 0 - -0.0666622 * -1.50044e-11 = -1.00023e-12
time: 65	PE: 6	op: -8.41421e-12 / 31.78 = -2.64764e-13
time: 65	PE: 7	op: 0 - -100000 * -0.0003178 = -31.78
time: 65	PE: 8	op: -1000 - 0.00640223 * -1 = -999.994
time: 65	PE: 9	op: -1 / 1 = -1
time: 66	PE: 0	op: 0 - -0.052125 * -1 = -0.052125
time: 66	PE: 2	op: 3000 - -4.96254e-07 * -3.65293e-06 = 3000
time: 66	PE: 3	op: 0 - 7.088e-05 * -1.00018 = 7.08926e-05
time: 66	PE: 4	op: 0.0130773 / 1000 = 1.30773e-05
time: 66	PE: 5	op: 1000 - 7.088e-05 * -1.50044e-11 = 1000
time: 66	PE: 6	op: -0.10489 - -1.12062e-05 * 2.04232e-10 = -0.10489
time: 66	PE: 7	op: -9.63044e-09 - -7.088e-05 * -1.50044e-11 = -9.63044e-09
time: 66	PE: 8	op: -1000 / 1000 = -1
time: 66	PE: 9	op: 2000.01 - -1000 * -1 = 1000.01
time: 66	PE: 10	op: -1 / 1 = -1
time: 66	PE: 11	op: -0.000606061 - -1.2987 * -1 = -1.29931
time: 67	PE: 0	op: 0.362883 - -0.0166119 * -1.01468e-05 = 0.362882
time: 67	PE: 1	op: 0 - -1000 * -1.0005e-15 = -1.0005e-12
time: 67	PE: 2	op: 500.105 - -500 * -0.999878 = 0.165771
time: 67	PE: 3	op: 0 - -0.0524401 * -0.999878 = -0.0524337
time: 67	PE: 5	op: -7.08897e-05 - 7.088e-05 * -1.50044e-11 = -7.08897e-05
time: 67	PE: 6	op: 0 - -0.0666622 * -1.50044e-11 = -1.00023e-12
time: 67	PE: 7	op: 0.052125 / 1000 = 5.2125e-05
time: 67	PE: 8	op: -3.74746e-05 / 1000 = -3.74746e-08
time: 67	PE: 9	op: 3.74304e-05 / 1000 = 3.74304e-08
time: 67	PE: 10	op: -1000 / 1000 = -1
time: 67	PE: 11	op: 500.025 - -500 * -0.999997 = 0.0262451
time: 67	PE: 12	op: 0 - -0.00640304 * -0.999994 = -0.006403
time: 67	PE: 13	op: -0.0005 / 0.126415 = -0.00395524
time: 67	PE: 14	op: -24.8995 / 1 = -24.8995
time: 68	PE: 0	op: 0.362889 - -0.0166119 * -1.01468e-05 = 0.362889
time: 68	PE: 1	op: 31.7969 - -1.18e-30 * -1.18e-35 = 31.7969
time: 68	PE: 2	op: -0.0199318 - 0.0165591 * -1.01468e-05 = -0.0199317
time: 68	PE: 3	op: -0.0025 - 0.0165591 * -0.99999 = 0.0140589
time: 68	PE: 4	op: 0.146316 - -0.00873356 * -0.00251228 = 0.146294
time: 68	PE: 5	op: -0.00337229 - -0.00603746 * -0.996377 = -0.00938788
time: 68	PE: 6	op: -0.00846708 / 1000.02 = -8.46694e-06
time: 68	PE: 7	op: -0.00503977 / 1000.01 = -5.03972e-06
time: 68	PE: 8	op: -1000 / 1000.01 = -0.99999
time: 68	PE: 9	op: -0.0666622 / 0.0666504 = -1.00018
time: 68	PE: 10	op: 5000.13 - -1000 * -0.999994 = 4000.14
time: 68	PE: 11	op: 0 - -1 * 8.33333 = 8.33333
time: 69	PE: 0	op: 0 - -5.16089 * -1.01468e-05 = -5.23665e-05
time: 69	PE: 1	op: 1 / -1 = -1
time: 69	PE: 2	op: 3000 - -4.96245e-07 * -3.65286e-06 = 3000
time: 69	PE: 3	op: 4.06761 - -4.06174 * -0.996377 = 0.0205903
time: 69	PE: 4	op: -0.0130792 / 1000 = -1.30792e-05
time: 69	PE: 5	op: -1000 / 1000 = -1
time: 69	PE: 6	op: -0.0521306 / 1000 = -5.21306e-05
time: 69	PE: 7	op: 8.89838 - -8.89838 * -8.89759e-05 = 8.89759
time: 69	PE: 8	op: -1 - 3634.14 * -0.000275093 = -0.000275135
time: 69	PE: 9	op: 0 - -0.00170851 * -0.99999 = -0.00170849
time: 69	PE: 10	op: -1e-12 / 0.0143885 = -6.95e-11
time: 69	PE: 11	op: 8.33333 / 1 = 8.33333
time: 70	PE: 1	op: 3000.12 - -0.00640223 * -1.03212e-15 = 3000.12
time: 70	PE: 2	op: 1000.01 - 0.0439531 * -8.47216e-06 = 1000.01
time: 70	PE: 3	op: 0 - 0.0439531 * -0.999983 = 0.0439524
time: 70	PE: 4	op: 0 - -1000 * -8.47216e-06 = -0.00847216
time: 70	PE: 6	op: -1.0021e-12 - -1.0021e-12 * -4.96254e-10 = -1.0021e-12
time: 70	PE: 7	op: -1.00149e-12 - -1.00149e-12 * -1.40235e-19 = -1.00149e-12
time: 70	PE: 8	op: -1.00023e-12 - -1.00023e-12 * -7.09175e-08 = -1.00023e-12
time: 70	PE: 9	op: -2325.58 / 1 = -2325.58
time: 70	PE: 10	op: -1.03213e-12 / 1000 = -1.03213e-15
time: 70	PE: 11	op: -0.000324675 - -0.714286 * -1 = -0.71461
time: 70	PE: 12	op: -3635.14 / 1 = -3635.14
time: 71	PE: 0	op: 0 - -0.0608967 * -0.999983 = -0.0608957
time: 71	PE: 1	op: 4000 - -1000 * -1 = 3000
time: 71	PE: 3	op: -0.0199318 - -4.06174 * -0.00111117 = -0.0244451
time: 71	PE: 4	op: -0.00257956 - -0.00873356 * -0.00111117 = -0.00258927
time: 71	PE: 5	op: -8.27401e-06 - -0.0608967 * -8.47216e-06 = -8.78993e-06
time: 71	PE: 6	op: 2000.04 - -1000 * -1 = 1000.04
time: 71	PE: 7	op: 0 - -4.06174 * -0.00251228 = -0.0102042
time: 71	PE: 8	op: 0 - -4.06174 * -0.00251228 = -0.0102042
time: 71	PE: 10	op: 0 - -1000 * -7.09175e-08 = -7.09175e-05
time: 71	PE: 11	op: -100000 / 100032 = -0.999682
time: 71	PE: 12	op: -0.01 / 0.0100102 = -0.99898
time: 72	PE: 0	op: 2000 - -1000 * -0.999983 = 1000.02
time: 72	PE: 1	op: 0 - -5.56905e-06 * -1 = -5.56905e-06
time: 72	PE: 2	op: 0.146317 - -0.00873356 * -0.00251228 = 0.146295
time: 72	PE: 4	op: 0 - -1.00023e-12 * -1 = -1.00023e-12
time: 72	PE: 5	op: 0 - -1000 * -8.46797e-06 = -0.00846797
time: 72	PE: 7	op: 0 - -0.00847231 * -0.999878 = -0.00847128
time: 72	PE: 8	op: 1000 - -1.0021e-12 * 3.65237e-06 = 1000
time: 72	PE: 9	op: 0 - -0.00873356 * -0.996377 = -0.00870192
time: 72	PE: 10	op: -0.00365237 - -4.96245e-07 * 3.65237e-06 = -0.00365237
time: 72	PE: 11	op: 0 - -100000 * -8.89759e-05 = -8.89759
time: 72	PE: 12	op: -1000 - 0.0521263 * -1 = -999.948
time: 73	PE: 0	op: 0.165833 - -0.10489 * -5.24422e-05 = 0.165827
time: 73	PE: 1	op: -1.12056e-05 - -0.10489 * -5.24367e-05 = -1.67057e-05
time: 73	PE: 2	op: 0 - -0.10489 * -0.999895 = -0.104879
time: 73	PE: 3	op: 0 - -0.0609088 * -0.999983 = -0.0609078
time: 73	PE: 4	op: 0.00962788 - -9.38897e-12 * -2.64764e-13 = 0.00962788
time: 73	PE: 5	op: 0 - -1000 * -3.89391e-11 = -3.89391e-08
time: 73	PE: 6	op: -8.27565e-06 - -0.0609088 * -8.46797e-06 = -8.79143e-06
time: 73	PE: 8	op: -0.0521263 - -5.56905e-06 * 5.21263e-05 = -0.0521263
time: 73	PE: 9	op: -3.85959e-12 - -0.0117613 * -0.969963 = -0.011408
time: 73	PE: 10	op: 200000 - -100000 * -1 = 100000
time: 73	PE: 11	op: 0 - -2e-31 * 310.078 = 6.20155e-29
time: 74	PE: 0	op: 3000 - -1000 * -0.999983 = 2000.02
time: 74	PE: 1	op: 0.362889 - -0.00603746 * -0.00111117 = 0.362882
time: 74	PE: 2	op: 0 - -1.77682e-06 * -1 = -1.77682e-06
time: 74	PE: 4	op: -1.0021e-12 - -1.0021e-12 * -3.65286e-06 = -1.0021e-12
time: 74	PE: 5	op: -0.0010718 - -0.00603746 * -0.00251228 = -0.00108697
time: 74	PE: 6	op: -0.00503975 / 1000.01 = -5.0397e-06
time: 74	PE: 7	op: 0 - -0.00873356 * -0.996377 = -0.00870192
time: 74	PE: 8	op: 0 - -1000 * -9.70857e-16 = -9.70857e-13
time: 74	PE: 9	op: -1.0005e-12 / 1000 = -1.0005e-15
time: 74	PE: 10	op: 100001 - -100000 * -0.999911 = 10.1953
time: 74	PE: 11	op: -1.33333e-06 - -100000 * -1.18e-35 = -1.33333e-06
time: 75	PE: 0	op: 0 - -3.90678e-08 * -1 = -3.90678e-08
time: 75	PE: 1	op: 0 - -1000 * 1.30773e-05 = 0.0130773
time: 75	PE: 2	op: -0.0130774 - -1.77682e-06 * 1.30773e-05 = -0.0130774
time: 75	PE: 3	op: 3000 - -1000 * -0.99999 = 2000.01
time: 75	PE: 4	op: 0 - -5.09627e-09 * -1 = -5.09627e-09
time: 75	PE: 5	op: 1000.01 - -1000 * -1 = 0.0114746
time: 75	PE: 6	op: -0.00257956 - -0.00873356 * -0.00111117 = -0.00258927
time: 75	PE: 7	op: -0.0199317 - -4.06174 * -0.00111117 = -0.024445
time: 75	PE: 8	op: 0.0205903 - 0.0165591 * -8.21254e-08 = 0.0205903
time: 75	PE: 9	op: 0.335796 - -1e-12 * -1e-14 = 0.335796
time: 75	PE: 10	op: 100.004 - -0.00424848 * -0.00296512 = 100.004
time: 76	PE: 0	op: 0 - -1000 * -8.46694e-06 = -0.00846694
time: 76	PE: 1	op: 3000.12 - -0.052125 * -1.03208e-15 = 3000.12
time: 76	PE: 2	op: 1000.01 - 0.0439736 * -8.46797e-06 = 1000.01
time: 76	PE: 3	op: 0 - 0.0439736 * -0.999983 = 0.0439729
time: 76	PE: 4	op: -0.05245 - 0.0439736 * -8.46694e-06 = -0.0524496
time: 76	PE: 7	op: 0 - -7.09078e-05 * -1.00018 = -7.09204e-05
time: 76	PE: 8	op: 0 - -1.00149e-12 * -1 = -1.00149e-12
time: 76	PE: 9	op: -0.037037 - -1.40235e-16 * -1 = -0.037037
time: 76	PE: 10	op: 1000 - -1.00149e-12 * -9.70857e-16 = 1000
time: 77	PE: 0	op: -0.052125 - -5.56891e-06 * -1 = -0.0521306
time: 77	PE: 2	op: 0 - -1.0005e-12 * -1 = -1.0005e-12
time: 77	PE: 3	op: 0 - -1000 * 3.65237e-06 = 0.00365237
time: 77	PE: 4	op: -0.00365243 - -4.96254e-07 * 3.65243e-06 = -0.00365243
time: 77	PE: 5	op: -3.90678e-08 - -3.90678e-08 * -3.74746e-08 = -3.90678e-08
time: 77	PE: 6	op: 3000 - -1000 * -0.99999 = 2000.01
time: 77	PE: 7	op: -3.07766e-14 / 1000 = -3.07766e-17
time: 77	PE: 8	op: 0 - -0.0166119 * -0.99999 = -0.0166117
time: 77	PE: 9	op: 1000 - -1000 * -1 = 0.000366211
time: 77	PE: 10	op: -0.000133333 - -4.96245e-07 * -1 = -0.00013383
time: 77	PE: 11	op: -1 / 1 = -1
time: 77	PE: 12	op: -1.1274e-05 / 0.000165357 = -0.0681794
time: 78	PE: 0	op: -1.03208e-12 - -1000 * -5.21306e-05 = -0.0521306
time: 78	PE: 1	op: 0 - -1000 * -1.30792e-05 = -0.0130792
time: 78	PE: 2	op: 0 - -1000 * 3.74304e-08 = 3.74304e-05
time: 78	PE: 3	op: 0 - -1.0021e-12 * -1 = -1.0021e-12
time: 78	PE: 4	op: 0 - -9.63422e-09 * -1 = -9.63422e-09
time: 78	PE: 5	op: 0 - -0.115915 * -0.00395524 = -0.00045847
time: 78	PE: 6	op: 0 - -1000 * -9.70857e-16 = -9.70857e-13
time: 78	PE: 7	op: -1000 / 1000 = -1
time: 78	PE: 8	op: -1000 / 1000 = -1
time: 78	PE: 9	op: 7.08926e-05 / 1000 = 7.08926e-08
time: 78	PE: 10	op: 1000.25 - -1000 * -1 = 0.249023
time: 78	PE: 11	op: -1.2987 / 1 = -1.2987
time: 79	PE: 0	op: 1000.02 - -3.89391e-08 * 1.30773e-05 = 1000.02
time: 79	PE: 1	op: 0 - -3.89391e-08 * -1 = -3.89391e-08
time: 79	PE: 3	op: 1100.02 - -2.4023e-12 * -2.4023e-10 = 1100.02
time: 79	PE: 4	op: 0.00333096 - -0.0083709 * -5.03965e-06 = 0.00333091
time: 79	PE: 5	op: -0.0244451 - 0.0165591 * -1.01468e-05 = -0.024445
time: 79	PE: 6	op: -2.32137e-07 - -0.00170853 * -5.03972e-06 = -2.40747e-07
time: 79	PE: 7	op: -7.69231e-05 - -100000 * -1.18e-35 = -7.69231e-05
time: 79	PE: 8	op: 1000 - -0.00640304 * -6.84008e-10 = 1000
time: 79	PE: 9	op: -1 / 1 = -1
time: 80	PE: 0	op: -5.56905e-06 - -0.0521263 * -1.0005e-15 = -5.56905e-06
time: 80	PE: 1	op: 0 - -0.0521263 * -1 = -0.0521263
time: 80	PE: 2	op: 0.165827 - -0.0609088 * -8.46694e-06 = 0.165826
time: 80	PE: 3	op: -3.75086e-05 - -5.09627e-09 * 3.74304e-08 = -3.75086e-05
time: 80	PE: 5	op: 0 - -0.00837099 * -0.99999 = -0.00837091
time: 80	PE: 6	op: -1.00044e-12 - -1.0005e-12 * -5.21306e-05 = -1.0005e-12
time: 80	PE: 7	op: 1000 - -1.0005e-12 * 5.2125e-05 = 1000
time: 80	PE: 8	op: -7.08897e-05 / 1000 = -7.08897e-08
time: 80	PE: 9	op: -5.22343e-16 / 0.000976562 = -5.3488e-13
time: 80	PE: 10	op: 1 / -3635.14 = -0.000275093
time: 81	PE: 0	op: 2000.02 - -3.90678e-08 * 3.74304e-08 = 2000.02
time: 81	PE: 1	op: 1000 - -7.088e-05 * -1.50044e-11 = 1000
time: 81	PE: 3	op: -0.0102042 / 0.0205903 = -0.495584
time: 81	PE: 4	op: -3.89381e-08 - -3.89391e-08 * -1.30792e-05 = -3.89386e-08
time: 81	PE: 5	op: 0.0140589 / 0.0205903 = 0.682795
time: 81	PE: 6	op: 0 - -1000 * -1.40235e-19 = -1.40235e-16
time: 81	PE: 7	op: -0.052125 - -5.56891e-06 * 5.2125e-05 = -0.052125
time: 81	PE: 8	op: 0 - 1 * -0.000275093 = 0.000275093
time: 81	PE: 9	op: 100000 - -100000 * -1 = 0
time: 81	PE: 10	op: 1000 - -0.0521333 * -5.56891e-09 = 1000
time: 81	PE: 11	op: 1 / -1 = -1
time: 82	PE: 0	op: -0.0521319 - 0.0521263 * -1.0005e-15 = -0.0521319
time: 82	PE: 1	op: 3000.12 - -5.56891e-06 * -5.21306e-05 = 3000.12
time: 82	PE: 2	op: 0 - -1000 * 5.2125e-05 = 0.052125
time: 82	PE: 3	op: 0 - -1000 * -1.0005e-15 = -1.0005e-12
time: 82	PE: 4	op: 0.00333099 - -0.00837099 * -5.0397e-06 = 0.00333095
time: 82	PE: 5	op: -1.0021e-12 - -1.0021e-12 * -3.65293e-06 = -1.0021e-12
time: 82	PE: 6	op: 0 - -0.00640232 * -1 = -0.00640232
time: 82	PE: 7	op: 1000 - -1.0021e-12 * 3.65243e-06 = 1000
time: 82	PE: 8	op: -1 / 1 = -1
time: 82	PE: 9	op: -0.000133333 - -1000 * -3.65293e-06 = -0.00378626
time: 82	PE: 10	op: -8.89838 / 100009 = -8.89759e-05
time: 82	PE: 11	op: -1000 / 1000 = -1
time: 82	PE: 12	op: -691.489 / 1 = -691.489
time: 83	PE: 0	op: 0 - -0.00133333 * -1 = -0.00133333
time: 83	PE: 1	op: 0.000305092 - -5.09627e-09 * -3.74746e-08 = 0.000305092
time: 83	PE: 2	op: 0.0132446 - -1.77682e-06 * -1.30792e-05 = 0.0132446
time: 83	PE: 3	op: 0 - -0.0083709 * -0.99999 = -0.00837082
time: 83	PE: 4	op: 0 - -1.00149e-12 * -1 = -1.00149e-12
time: 83	PE: 5	op: 1000 - -1.00149e-12 * -9.70857e-16 = 1000
time: 83	PE: 6	op: -0.000133333 - -1000 * -3.65286e-06 = -0.0037862
time: 83	PE: 7	op: 0 - -1000 * -5.56905e-09 = -5.56905e-06
time: 83	PE: 8	op: -1.18e-30 / 100000 = -1.18e-35
time: 84	PE: 0	op: 0 - -1000 * -3.74746e-08 = -3.74746e-05
time: 84	PE: 1	op: 0 - -1.0021e-12 * -1 = -1.0021e-12
time: 84	PE: 2	op: -0.00847128 / 1000.02 = -8.47113e-06
time: 84	PE: 3	op: -2.32134e-07 - -0.00170851 * -5.03966e-06 = -2.40745e-07
time: 84	PE: 4	op: 0 - -1000 * -5.03972e-06 = -0.00503972
time: 84	PE: 5	op: 1000 - -1.00006e-12 * -1.04479e-15 = 1000
time: 84	PE: 6	op: 0 - -100000 * -2325.58 = -2.32558e+08
time: 84	PE: 7	op: -0.006403 - 0.00640232 * -1.03212e-15 = -0.006403
time: 84	PE: 8	op: -0.248814 / 0.249023 = -0.999161
time: 84	PE: 9	op: 1000 - 0.00640223 * -1.03213e-15 = 1000
time: 85	PE: 1	op: 1100.02 - -0.01 * -0.99898 = 1100.01
time: 85	PE: 2	op: 4.06761 - -4.06174 * -0.996377 = 0.0205903
time: 85	PE: 3	op: -0.00337229 - -0.00603746 * -0.996377 = -0.00938788
time: 85	PE: 4	op: -1.00149e-12 - -1.00149e-12 * -3.07765e-17 = -1.00149e-12
time: 85	PE: 5	op: -4.43362e-10 - -5.81108e-11 * -2.64764e-13 = -4.43362e-10
time: 85	PE: 6	op: 0 - -1000 * 2.04232e-10 = 2.04232e-07
time: 85	PE: 7	op: -1.03213e-12 - -1.40235e-16 * -9.70857e-16 = -1.03213e-12
time: 85	PE: 8	op: 1000 - 0.00640232 * -1.03213e-15 = 1000
time: 85	PE: 9	op: -2e-31 / -0.000275135 = 7.26916e-28
time: 86	PE: 0	op: -0.037037 - -1000 * -3.07766e-17 = -0.037037
time: 86	PE: 1	op: 4000 - -1000 * -1 = 3000
time: 86	PE: 2	op: 0 - -1000 * 7.08926e-08 = 7.08926e-05
time: 86	PE: 3	op: 0 - -0.00365237 * -1 = -0.00365237
time: 86	PE: 4	op: 0 - 7.09078e-05 * -1.00018 = 7.09204e-05
time: 86	PE: 5	op: -1.0005e-12 / 1000 = -1.0005e-15
time: 86	PE: 6	op: -1000 / 1000 = -1
time: 86	PE: 7	op: 0 - -1000 * -5.03966e-06 = -0.00503966
time: 86	PE: 8	op: -1000 - 0.00640232 * -1 = -999.994
time: 86	PE: 9	op: -4.655e-08 - -2.99378e-10 * -1.33378e-10 = -4.655e-08
time: 86	PE: 10	op: -100000 / 100000 = -1
time: 87	PE: 0	op: 2000.02 - -1000 * -1 = 1000.02
time: 87	PE: 1	op: 0.0830078 - -1.40235e-16 * -3.07765e-17 = 0.0830078
time: 87	PE: 2	op: 0 - -1.00023e-12 * -1 = -1.00023e-12
time: 87	PE: 3	op: 0 - -9.63044e-09 * -1 = -9.63044e-09
time: 87	PE: 4	op: -7.08926e-05 - -9.63044e-09 * 7.08926e-08 = -7.08926e-05
time: 87	PE: 5	op: -0.037037 - -1.40235e-16 * -1 = -0.037037
time: 87	PE: 6	op: 0 - -1 * -1 = -1
time: 87	PE: 7	op: -0.024445 / 0.0205903 = -1.18721
time: 87	PE: 8	op: 1000 - -1.00007e-12 * -3.93671e-09 = 1000
time: 88	PE: 0	op: -1.00149e-12 - -1.00149e-12 * -3.07766e-17 = -1.00149e-12
time: 88	PE: 1	op: 0 - -31.7901 * -0.999682 = -31.78
time: 88	PE: 2	op: -1.0021e-12 / 1000 = -1.0021e-15
time: 88	PE: 3	op: 1000 - -9.63422e-09 * -7.09175e-08 = 1000
time: 88	PE: 4	op: -1.0021e-12 / 1000 = -1.0021e-15
time: 88	PE: 5	op: -1.03213e-12 - -1.40235e-16 * -9.70857e-16 = -1.03213e-12
time: 88	PE: 6	op: -1.00023e-12 - -1.00023e-12 * -7.08897e-08 = -1.00023e-12
time: 88	PE: 7	op: -8.89759 / 8.89759 = -1
time: 88	PE: 8	op: 0 - -0.00640296 * -0.999994 = -0.00640292
time: 88	PE: 9	op: -1000 - 0.052125 * -1 = -999.948
time: 88	PE: 10	op: -1000 / 1000.01 = -0.99999
time: 89	PE: 0	op: 3000.12 - -1.00023e-12 * 7.08926e-08 = 3000.12
time: 89	PE: 1	op: -0.0130774 / 0.0132446 = -0.987381
time: 89	PE: 2	op: -9.12462e-08 / 0.0132446 = -6.88933e-06
time: 89	PE: 3	op: -1.08923e-07 / 0.000305092 = -0.000357017
time: 89	PE: 4	op: -0.000200001 / 0.0132446 = -0.0151006
time: 89	PE: 5	op: -0.000238743 / 0.000305092 = -0.782527
time: 89	PE: 6	op: -1.77682e-06 / 0.0132446 = -0.000134155
time: 89	PE: 7	op: -5.09627e-09 / 0.000305092 = -1.6704e-05
time: 89	PE: 8	op: -1.0021e-12 / 1000 = -1.0021e-15
time: 89	PE: 9	op: -1.00149e-12 / 1000 = -1.00149e-15
time: 89	PE: 10	op: -1000 / 1000 = -1
time: 89	PE: 11	op: 0 - -1000 * -5.21263e-05 = -0.0521263
time: 89	PE: 12	op: -1.0005e-12 / 1000 = -1.0005e-15
time: 89	PE: 13	op: -0.000222222 - 0.00365237 * -1 = 0.00343014
time: 89	PE: 14	op: -1e-12 / 0.335796 = -2.97801e-12
time: 89	PE: 15	op: -1 / 1 = -1
time: 90	PE: 0	op: -3.75086e-05 / 0.000305092 = -0.122942
time: 90	PE: 1	op: 0.146295 - -0.00870192 * -0.495584 = 0.141982
time: 90	PE: 2	op: -1.3538e-07 - -0.00870192 * 0.682795 = 0.00594149
time: 90	PE: 3	op: 8.89838 - -8.89838 * -8.89759e-05 = 8.89759
time: 90	PE: 4	op: 1000.01 - -0.0083709 * -5.03966e-06 = 1000.01
time: 90	PE: 5	op: -0.0025 - -5.16089 * -8.21254e-08 = -0.00250042
time: 90	PE: 6	op: 0 - -1000 * -7.08897e-08 = -7.08897e-05
time: 90	PE: 7	op: 0 - -100000 * -0.0003178 = -31.78
time: 90	PE: 8	op: 0 - -100000 * -8.89759e-05 = -8.89759
time: 90	PE: 9	op: -1 / 1 = -1
time: 90	PE: 10	op: -0.00641026 / -0.0401614 = 0.159612
time: 91	PE: 0	op: 1000.4 - 2.04232e-07 * -5.24367e-05 = 1000.4
time: 91	PE: 1	op: -0.0524536 - 2.04232e-07 * -5.24422e-05 = -0.0524536
time: 91	PE: 2	op: -1.0021e-12 / 1000 = -1.0021e-15
time: 91	PE: 3	op: -1.00149e-12 / 1000 = -1.00149e-15
time: 91	PE: 4	op: -1000 / 1000 = -1
time: 91	PE: 5	op: -1000 / 1000 = -1
time: 91	PE: 6	op: -1.00149e-12 / 1000 = -1.00149e-15
time: 91	PE: 7	op: 0 - 1 * -0.000275093 = 0.000275093
time: 91	PE: 8	op: 0 - -2e-31 * -1 = -2e-31
time: 91	PE: 9	op: 1.84432e-12 - -2.8449e-12 * -3.93671e-09 = 1.84432e-12
time: 91	PE: 10	op: 0.0516798 - -1.8298e-07 * -1.33378e-10 = 0.0516798
time: 91	PE: 11	op: -0.000333333 / 0.000333533 = -0.9994
time: 91	PE: 12	op: -0.000333333 / 0.000333533 = -0.9994
time: 91	PE: 13	op: -0.257971 / 0.757971 = -0.340344
time: 91	PE: 14	op: -2 / 1 = -2
time: 92	PE: 0	op: 0 - -1000 * -8.47113e-06 = -0.00847113
time: 92	PE: 1	op: 3000 - -1000 * -1 = 2000
time: 92	PE: 2	op: -0.0524337 - 0.0439531 * -8.47113e-06 = -0.0524333
time: 92	PE: 3	op: 0.0205903 - 0.0165591 * -8.21254e-08 = 0.0205903
time: 92	PE: 4	op: 1000 - -9.63044e-09 * -7.08897e-08 = 1000
time: 92	PE: 5	op: -0.00938788 - -0.0166119 * -8.21254e-08 = -0.00938788
time: 92	PE: 6	op: 7.09204e-05 / 1000 = 7.09204e-08
time: 92	PE: 7	op: 4000.14 - -0.0666667 * -6.66622e-05 = 4000.14
time: 92	PE: 8	op: 6.57462 - -2.99378e-10 * -4.99012e-11 = 6.57462
time: 92	PE: 9	op: 1 / -24.8995 = -0.0401614
time: 93	PE: 1	op: 0 - 2.04232e-07 * -0.999895 = 2.04211e-07
time: 93	PE: 2	op: 0 - 0.000275093 * 7.26916e-28 = -1.99969e-31
time: 93	PE: 3	op: -4.43362e-10 / 8.89759 = -4.98295e-11
time: 93	PE: 4	op: -1 - 3634.14 * -0.000275093 = -0.000275135
time: 93	PE: 5	op: -1 - 3634.14 * -0.000275093 = -0.000275135
time: 93	PE: 6	op: 200000 - -100000 * -1 = 100000
time: 93	PE: 8	op: -999.994 / 1000 = -0.999994
time: 93	PE: 9	op: -3.20513 / 1 = -3.20513
time: 93	PE: 10	op: -0.0172414 / 1 = -0.0172414
time: 94	PE: 0	op: 0.165771 - -0.0608967 * -8.47113e-06 = 0.165771
time: 94	PE: 2	op: 0 - 0.052125 * -1 = 0.052125
time: 94	PE: 3	op: -1.00149e-12 / 1000 = -1.00149e-15
time: 94	PE: 4	op: 3634.14 - -1 * -3635.14 = -1
time: 94	PE: 5	op: -1 - 23.8995 * -0.0401614 = -0.0401614
time: 94	PE: 6	op: 5.16472 - -1.3538e-07 * -7.56776e-09 = 5.16472
time: 94	PE: 7	op: 0 - -1000 * -5.0397e-06 = -0.0050397
time: 94	PE: 8	op: 0 - -0.0521333 * -0.999948 = -0.0521306
time: 94	PE: 9	op: -1.00006e-12 - -1.00006e-12 * -5.3488e-13 = -1.00006e-12
time: 95	PE: 0	op: -5.56905e-06 - -0.0521263 * -1 = -0.0521319
time: 95	PE: 1	op: 1000.02 - 0.052125 * -1.0005e-15 = 1000.02
time: 95	PE: 2	op: 2000.4 - -1000 * -1 = 1000.4
time: 95	PE: 3	op: -0.00258927 - -0.00870192 * -1.18721 = -0.0129202
time: 95	PE: 4	op: 31.7901 - -31.7901 * -0.0003178 = 31.78
time: 95	PE: 5	op: -31.78 / 31.78 = -1
time: 95	PE: 6	op: 1000 - -2.8449e-12 * -5.3488e-13 = 1000
time: 95	PE: 7	op: -1.00006e-12 - -1.00006e-12 * -1.41955e-19 = -1.00006e-12
time: 95	PE: 8	op: -0.0142857 - -18.1818 * -1 = -18.1961
time: 95	PE: 9	op: -2.40228e-12 / 0.01 = -2.40228e-10
time: 95	PE: 10	op: -7.69231e-05 - -1.18e-30 * -1 = -7.69231e-05
time: 96	PE: 0	op: -0.0521306 - -0.052125 * -1.0005e-15 = -0.0521306
time: 96	PE: 2	op: -5.23665e-05 - -0.00250042 * -1.18721 = -0.00302089
time: 96	PE: 3	op: 0 - -1000 * -1.0021e-15 = -1.0021e-12
time: 96	PE: 4	op: 0 - -4.42388e-10 * -1 = -4.42388e-10
time: 96	PE: 5	op: -7.69231e-05 - -100000 * -1.18e-35 = -7.69231e-05
time: 96	PE: 6	op: -3.33333e-05 - -1.18e-30 * -1 = -3.33333e-05
time: 96	PE: 7	op: 1000 - -1000 * -0.999999 = 0.000976562
time: 96	PE: 8	op: -999.994 / 1000 = -0.999994
time: 96	PE: 9	op: -0.000222222 - -1000 * -1.0021e-15 = -0.000222222
time: 96	PE: 10	op: 1000.08 - -1000 * -1 = 0.0830078
time: 97	PE: 0	op: -0.0521306 - 0.052125 * -1.0005e-15 = -0.0521306
time: 97	PE: 1	op: 0 - -1000 * -1.0005e-15 = -1.0005e-12
time: 97	PE: 2	op: 1000.02 - -3.89386e-08 * -0.987381 = 1000.02
time: 97	PE: 3	op: -3.89391e-08 - -3.89386e-08 * -0.000134155 = -3.89443e-08
time: 97	PE: 4	op: -3.90678e-08 - -3.90678e-08 * -1.6704e-05 = -3.90684e-08
time: 97	PE: 5	op: 0.0521263 - -3.89386e-08 * -6.88933e-06 = 0.0521263
time: 97	PE: 6	op: 0 - -3.90678e-08 * -0.782527 = -3.05716e-08
time: 97	PE: 7	op: 0.0130773 - -0.0130792 * -0.987381 = 0.000163229
time: 97	PE: 8	op: 3000.12 - -0.052125 * -1.0005e-15 = 3000.12
time: 97	PE: 9	op: 0 - 0.348879 * -1.6704e-05 = 5.82768e-06
time: 97	PE: 10	op: 0 - -0.0130792 * -6.88933e-06 = -9.01067e-08
time: 97	PE: 11	op: 100000 - -6.99791e-08 * -2.59972e-09 = 100000
time: 98	PE: 0	op: 0 - -3.89386e-08 * -0.0151006 = -5.87996e-10
time: 98	PE: 2	op: -1.0005e-12 - 0.34891 * -0.987381 = 0.344507
time: 98	PE: 3	op: 0 - -0.349118 * -0.122942 = -0.0429211
time: 98	PE: 4	op: 1000.4 - 0.34891 * -6.88933e-06 = 1000.4
time: 98	PE: 5	op: -0.697996 - 0.348879 * -0.782527 = -0.424989
time: 98	PE: 6	op: -0.349117 - -0.349118 * -0.000357017 = -0.349242
time: 98	PE: 7	op: 0 - 0.34891 * -0.000134155 = 4.68081e-05
time: 98	PE: 9	op: 0 - -0.349118 * -1.6704e-05 = -5.83167e-06
time: 98	PE: 10	op: -7.08926e-05 / 1000 = -7.08926e-08
time: 98	PE: 11	op: -4.655e-08 - -2.99378e-10 * -1.33378e-10 = -4.655e-08
time: 99	PE: 0	op: 0 - -0.34911 * -0.987381 = -0.344705
time: 99	PE: 1	op: 3.74304e-05 - -3.74746e-05 * -0.122942 = 3.28232e-05
time: 99	PE: 2	op: 0.0830078 - -1.03213e-12 * -1.00149e-15 = 0.0830078
time: 99	PE: 3	op: 0 - -1000 * -1.0005e-15 = -1.0005e-12
time: 99	PE: 4	op: -0.34911 - -0.34911 * -6.88933e-06 = -0.349113
time: 99	PE: 5	op: 0 - -1000 * -1.00149e-15 = -1.00149e-12
time: 99	PE: 6	op: 0 - -3.74746e-05 * -0.000357017 = -1.33791e-08
time: 99	PE: 7	op: 1000 - -1000 * -0.99999 = 0.0100098
time: 99	PE: 8	op: 0 - -1.03213e-12 * -1 = -1.03213e-12
time: 99	PE: 9	op: -1000 / 1000 = -1
time: 99	PE: 10	op: -2e-31 / 100000 = -2e-36
time: 100	PE: 0	op: 0.052125 - -3.90678e-08 * -0.000357017 = 0.052125
time: 100	PE: 1	op: 0 - -0.052125 * -1 = -0.052125
time: 100	PE: 2	op: -0.698021 - 0.34891 * -0.0151006 = -0.692752
time: 100	PE: 3	op: 3000.7 - -0.34911 * -0.0151006 = 3000.69
time: 100	PE: 4	op: 1000.04 - -9.70857e-13 * -1.00149e-15 = 1000.04
time: 100	PE: 5	op: -1.00005e-12 - -1.00005e-12 * -6.84008e-10 = -1.00005e-12
time: 100	PE: 6	op: -0.037037 - -1.03213e-12 * -1.00149e-15 = -0.037037
time: 100	PE: 7	op: 1000 - -1.00006e-12 * -3.93671e-09 = 1000
time: 100	PE: 8	op: -4 / 8 = -0.5
time: 100	PE: 9	op: -691.489 / 1 = -691.489
time: 101	PE: 0	op: 1000.4 - 0.348879 * -0.000357017 = 1000.4
time: 101	PE: 1	op: 2000 - -1000 * -1 = 1000
time: 101	PE: 2	op: 0 - -1.03213e-12 * -1 = -1.03213e-12
time: 101	PE: 3	op: 0.0114746 - -3.74746e-05 * -1.6704e-05 = 0.0114746
time: 101	PE: 4	op: 2000.01 - -0.00365243 * -1.0021e-15 = 2000.01
time: 101	PE: 5	op: 0 - -1000 * -1.00149e-15 = -1.00149e-12
time: 101	PE: 6	op: -0.0102042 / 0.0205903 = -0.495584
time: 101	PE: 7	op: 0.0140589 / 0.0205903 = 0.682795
time: 101	PE: 8	op: -0.024445 / 0.0205903 = -1.18721
time: 101	PE: 9	op: 0 - -0.00170853 * -0.99999 = -0.00170851
time: 101	PE: 10	op: -0.00378626 - 0.00365243 * -1.0021e-15 = -0.00378626
time: 101	PE: 11	op: -1000 / 1000 = -1
time: 101	PE: 12	op: -100000 / 100000 = -1
time: 102	PE: 0	op: 1000.02 - -3.90678e-08 * -0.122942 = 1000.02
time: 102	PE: 1	op: 3000 - -1000 * -1 = 2000
time: 102	PE: 2	op: 0 - -0.34911 * -0.000134155 = -4.68349e-05
time: 102	PE: 3	op: 0 - -3.74746e-05 * -0.782527 = -2.93249e-05
time: 102	PE: 4	op: 0 - -9.70857e-13 * -1 = -9.70857e-13
time: 102	PE: 5	op: -0.037037 - -9.70857e-13 * -1.00149e-15 = -0.037037
time: 102	PE: 7	op: 4.15917 - -0.0740297 * -0.00481913 = 4.15882
time: 102	PE: 8	op: -0.0234049 - -0.0740297 * -4.47869e-05 = -0.0234082
time: 102	PE: 9	op: -0.01 / 2.01 = -0.00497512
time: 102	PE: 10	op: -4 / 1 = -4
time: 103	PE: 0	op: -1.0005e-12 - 0.348879 * -0.122942 = 0.0428917
time: 103	PE: 1	op: 0 - -1000 * 7.09204e-08 = 7.09204e-05
time: 103	PE: 2	op: 3000.7 - -0.349118 * -0.782527 = 3000.43
time: 103	PE: 3	op: 0 - -0.00365243 * -1 = -0.00365243
time: 103	PE: 4	op: 1000.01 - -0.00837099 * -5.03972e-06 = 1000.01
time: 103	PE: 5	op: -0.0025 - -5.16089 * -8.21254e-08 = -0.00250042
time: 103	PE: 6	op: -2.19068e-12 - -0.335796 * -2.97801e-12 = -3.19068e-12
time: 103	PE: 8	op: -3.84447e-12 / 0.000976562 = -3.93673e-09
time: 103	PE: 9	op: -0.0516797 / 0.0516798 = -0.999996
time: 103	PE: 10	op: -0.006403 / 1000 = -6.403e-06
time: 104	PE: 0	op: 0 - -1000 * -1.00149e-15 = -1.00149e-12
time: 104	PE: 1	op: 2000.01 - -0.00365237 * -1.0021e-15 = 2000.01
time: 104	PE: 2	op: 0 - -9.38897e-12 * -1 = -9.38897e-12
time: 104	PE: 3	op: 0.00333091 / 1000.01 = 3.3309e-06
time: 104	PE: 4	op: -1000 / 1000.01 = -0.999995
time: 104	PE: 5	op: -8.41421e-12 / 31.78 = -2.64764e-13
time: 104	PE: 6	op: -31.78 / 31.78 = -1
time: 104	PE: 7	op: 0 - -31.78 * -1.8592e-12 = -5.90855e-11
time: 104	PE: 8	op: 3000 - -1000 * -1 = 2000
time: 104	PE: 9	op: 3.05178e-09 - -1.8298e-07 * -4.99012e-11 = 3.05178e-09
time: 104	PE: 10	op: -3.38063e-05 / 0.249023 = -0.000135756
time: 104	PE: 11	op: 0.0516798 - -1.8298e-07 * -1.33378e-10 = 0.0516798
time: 105	PE: 0	op: 1100.02 - -2.40228e-12 * -2.40228e-10 = 1100.02
time: 105	PE: 1	op: 0 - -9.70857e-13 * -1 = -9.70857e-13
time: 105	PE: 2	op: 1000.04 - -9.70857e-13 * -1.00149e-15 = 1000.04
time: 105	PE: 3	op: -0.037037 - -9.70857e-13 * -1.00149e-15 = -0.037037
time: 105	PE: 4	op: 0 - -1 * -1 = -1
time: 105	PE: 5	op: -0.00938788 - -0.0166119 * -8.21254e-08 = -0.00938788
time: 105	PE: 6	op: 1000.39 - -0.0117315 * -0.0299636 = 1000.39
time: 105	PE: 7	op: 1000.07 - -1000 * -0.999933 = 0.137146
time: 105	PE: 8	op: -1.18e-30 / 100000 = -1.18e-35
time: 105	PE: 9	op: -1000 / 1000 = -1
time: 106	PE: 0	op: 7.08926e-05 - -7.08897e-05 * -7.08926e-08 = 7.08926e-05
time: 106	PE: 1	op: 0 - -0.0130792 * -0.0151006 = -0.000197503
time: 106	PE: 2	op: 0 - -1000 * -1.00149e-15 = -1.00149e-12
time: 106	PE: 3	op: 0 - -1000 * -1.0021e-15 = -1.0021e-12
time: 106	PE: 4	op: -1.3538e-07 - -0.00250042 * -0.495584 = -0.0012393
time: 106	PE: 5	op: -5.90855e-11 / 31.78 = -1.8592e-12
time: 106	PE: 6	op: 0.00962788 - -4.42388e-10 * -4.98295e-11 = 0.00962788
time: 106	PE: 7	op: 0.000363417 - -0.000333333 * -0.9994 = 3.02838e-05
time: 106	PE: 8	op: -1.00007e-12 / 1000 = -1.00007e-15
time: 106	PE: 9	op: -100000 / 100000 = -1
time: 107	PE: 0	op: 3000.12 - -1.00023e-12 * -7.08926e-08 = 3000.12
time: 107	PE: 1	op: -7.09204e-05 - -9.63422e-09 * 7.09204e-08 = -7.09204e-05
time: 107	PE: 2	op: 0 - -1000 * -7.08926e-08 = -7.08926e-05
time: 107	PE: 3	op: -1000 / 1000 = -1
time: 107	PE: 4	op: 1000.04 - -1000 * -1 = 0.0370483
time: 107	PE: 5	op: -9.63044e-09 / 1000 = -9.63044e-12
time: 107	PE: 6	op: -1.03213e-12 - -1.03213e-12 * -2.27181e-10 = -1.03213e-12
time: 107	PE: 7	op: -5.22346e-16 / 0.000976562 = -5.34882e-13
time: 107	PE: 8	op: 1000 - -4.48724e-14 * -1.41955e-19 = 1000
time: 107	PE: 9	op: -3635.14 / 1 = -3635.14
time: 107	PE: 10	op: -100000 / -0.000275135 = 3.63458e+08
time: 108	PE: 0	op: 2000 - -1000 * -1 = 1000
time: 108	PE: 2	op: -0.037037 - -1.03213e-12 * -1.00149e-15 = -0.037037
time: 108	PE: 3	op: 0 - -1.00023e-12 * -1 = -1.00023e-12
time: 108	PE: 4	op: -1 - 23.8995 * -0.0401614 = -0.0401614
time: 108	PE: 5	op: 100000 - -1.18e-30 * -1.18e-35 = 100000
time: 108	PE: 6	op: 1000.07 - -1000 * -0.999933 = 0.137146
time: 108	PE: 7	op: 0.0885415 - -0.0326096 * -4.47869e-05 = 0.0885401
time: 108	PE: 8	op: -100 / 100 = -1
time: 108	PE: 9	op: 1000.26 - -0.257971 * -0.340344 = 1000.17
time: 109	PE: 0	op: 0.362882 - -0.00938788 * -1.18721 = 0.351737
time: 109	PE: 1	op: 0 - -31.78 * -2.64764e-13 = -8.41421e-12
time: 109	PE: 2	op: 0.146294 - -0.00870192 * -0.495584 = 0.141982
time: 109	PE: 3	op: -1.3538e-07 - -0.00870192 * 0.682795 = 0.00594149
time: 109	PE: 4	op: -0.00258927 - -0.00870192 * -1.18721 = -0.0129202
time: 109	PE: 5	op: 200001 - -100000 * -1 = 100001
time: 109	PE: 6	op: -1.33333e-06 - -1.18e-30 * -1 = -1.33333e-06
time: 109	PE: 7	op: 0.00333095 / 1000.01 = 3.33093e-06
time: 109	PE: 8	op: -1000 / 1000.01 = -0.999995
time: 109	PE: 9	op: -1.33333e-06 - -100000 * -1.18e-35 = -1.33333e-06
time: 109	PE: 10	op: -0.000133333 - -4.96254e-07 * -1 = -0.00013383
time: 109	PE: 11	op: -24.8995 / 1 = -24.8995
time: 110	PE: 0	op: -5.23665e-05 - -0.00250042 * -1.18721 = -0.00302089
time: 110	PE: 1	op: 3000.43 - -1000 * -1 = 2000.43
time: 110	PE: 2	op: 0 - -5.81108e-11 * -1 = -5.81108e-11
time: 110	PE: 3	op: -1.3538e-07 - -0.00250042 * -0.495584 = -0.0012393
time: 110	PE: 4	op: -0.00837091 / 1000.01 = -8.37087e-06
time: 110	PE: 5	op: 0 - 8.33333 * -1 = 8.33333
time: 110	PE: 6	op: 0 - -2e-31 * 310.078 = 6.20155e-29
time: 110	PE: 7	op: -1.00006e-12 / 1000 = -1.00006e-15
time: 110	PE: 8	op: -1000 / 1000 = -1
time: 110	PE: 9	op: -100 / 100.004 = -0.999958
time: 110	PE: 10	op: -2 / 1 = -2
time: 111	PE: 0	op: -0.00837082 / 1000.01 = -8.37078e-06
time: 111	PE: 1	op: -0.00108697 - -0.00938788 * -0.495584 = -0.00573945
time: 111	PE: 2	op: -0.00108697 - -0.00938788 * -0.495584 = -0.00573945
time: 111	PE: 3	op: -9.63422e-09 / 1000 = -9.63422e-12
time: 111	PE: 4	op: -1 / 1 = -1
time: 111	PE: 5	op: 500.025 - -500 * -0.999997 = 0.0262451
time: 111	PE: 6	op: 1000 - -1.00007e-12 * -3.93673e-09 = 1000
time: 111	PE: 7	op: 0.00167203 - -0.00167226 * -1.67203e-06 = 0.00167203
time: 111	PE: 8	op: -1000 - -1000 * -1.03213e-15 = -1000
time: 111	PE: 9	op: -0.0352393 / 0.137146 = -0.256947
time: 112	PE: 0	op: 0.362882 - -0.00938788 * -1.18721 = 0.351737
time: 112	PE: 1	op: 3000.69 - -1000 * -0.999995 = 2000.7
time: 112	PE: 2	op: 0 - -0.00503966 * -0.999995 = -0.00503964
time: 112	PE: 3	op: 0.115915 - -9.38897e-12 * -2.64764e-13 = 0.115915
time: 112	PE: 4	op: -1 / 1 = -1
time: 112	PE: 5	op: -0.00045847 / 0.00962788 = -0.047619
time: 112	PE: 6	op: -4.42388e-10 / 0.00962788 = -4.59486e-08
time: 112	PE: 7	op: 100000 - -100000 * -1 = 0
time: 112	PE: 8	op: -2.46305e-06 - -1.18e-30 * -1 = -2.46305e-06
time: 112	PE: 9	op: -2e-07 / 0.0002002 = -0.000999001
time: 112	PE: 10	op: 0 - -1.29931 * 1705.43 = 2215.87
time: 113	PE: 0	op: 31.7969 - -31.78 * -1 = 0.0168419
time: 113	PE: 1	op: 0 - -9.38897e-12 * -1 = -9.38897e-12
time: 113	PE: 2	op: -4.43362e-10 - -5.81108e-11 * -2.64764e-13 = -4.43362e-10
time: 113	PE: 3	op: 0 - -5.81108e-11 * -1 = -5.81108e-11
time: 113	PE: 4	op: 0 - -31.78 * -2.64764e-13 = -8.41421e-12
time: 113	PE: 5	op: -1.00149e-12 - -7.09175e-05 * -1 = -7.09175e-05
time: 113	PE: 6	op: 1000 - -1.00006e-12 * -1.04479e-15 = 1000
time: 113	PE: 7	op: 0 - -0.0166119 * -0.99999 = -0.0166117
time: 113	PE: 8	op: -0.000222222 - 0.00365243 * -1 = 0.00343021
time: 113	PE: 9	op: -5.56905e-06 - -0.0521263 * -1.03213e-15 = -5.56905e-06
time: 113	PE: 10	op: -0.00625 - -1 * -8.33333 = -8.33958
time: 114	PE: 0	op: -7.09204e-05 / 1000 = -7.09204e-08
time: 114	PE: 1	op: -0.037037 / 0.0370483 = -0.999695
time: 114	PE: 2	op: 8.89759 - -5.81108e-11 * -1.8592e-12 = 8.89759
time: 114	PE: 3	op: -4.42388e-10 - -9.38897e-12 * -1.8592e-12 = -4.42388e-10
time: 114	PE: 4	op: 0 - -8.89759 * -4.98295e-11 = -4.43362e-10
time: 114	PE: 5	op: 4000.14 - -1000 * -0.999948 = 3000.19
time: 114	PE: 7	op: -1000 / 1000 = -1
time: 114	PE: 8	op: -0.000324675 - -1 * -0.714286 = -0.71461
time: 114	PE: 9	op: -1 / 1 = -1
time: 114	PE: 10	op: -1000 / 1000.17 = -0.99983
time: 115	PE: 0	op: 1000 - -7.08897e-05 * -9.63044e-12 = 1000
time: 115	PE: 1	op: -1.00023e-12 - -1.00023e-12 * -9.63044e-12 = -1.00023e-12
time: 115	PE: 2	op: -9.70857e-13 - -1000 * -9.63044e-12 = -9.63141e-09
time: 115	PE: 3	op: 1000.04 - -1000 * -1 = 0.0370483
time: 115	PE: 4	op: -1.00149e-12 - -7.08897e-05 * -1 = -7.08896e-05
time: 115	PE: 5	op: 0 - -1.00023e-12 * -1 = -1.00023e-12
time: 115	PE: 6	op: 10.1953 - -1.18e-30 * -1.18e-35 = 10.1953
time: 115	PE: 7	op: 3634.14 - -1 * -3635.14 = -1
time: 115	PE: 8	op: 0 - -31.78 * -1.8592e-12 = -5.90855e-11
time: 115	PE: 9	op: 200000 - -1.18e-30 * -1.18e-35 = 200000
time: 115	PE: 10	op: 100000 - -0.0005 * -0.00395524 = 100000
time: 115	PE: 11	op: 1000 - -1e-12 * -6.95e-11 = 1000
time: 116	PE: 0	op: 104.062 - -100 * -1 = 4.06224
time: 116	PE: 1	op: -5.81108e-11 / 8.89759 = -6.53107e-12
time: 116	PE: 2	op: 0 - 0.000275093 * 3.63458e+08 = -99984.7
time: 116	PE: 3	op: 0.0262451 - -0.00170851 * -5.03965e-06 = 0.0262451
time: 116	PE: 4	op: 0 - -2.40745e-07 * -0.999995 = -2.40744e-07
time: 116	PE: 6	op: -2.46305e-06 - -100000 * -1.18e-35 = -2.46305e-06
time: 116	PE: 7	op: 0 - -1e-12 * -1 = -1e-12
time: 116	PE: 8	op: -0.0521306 - 0.052125 * -1.03208e-15 = -0.0521306
time: 116	PE: 9	op: -0.0641547 / 0.0885401 = -0.724584
time: 117	PE: 0	op: 2000.43 - -1000 * -0.999995 = 1000.43
time: 117	PE: 1	op: 0 - -0.00503972 * -0.999995 = -0.00503969
time: 117	PE: 2	op: 0 - -1 * -100000 = -100000
time: 117	PE: 3	op: 1000.39 - -0.379795 * -1 = 1000.01
time: 117	PE: 4	op: 0 - -2.40747e-07 * -0.999995 = -2.40746e-07
time: 117	PE: 5	op: 0 - -1000 * -5.03965e-06 = -0.00503965
time: 117	PE: 6	op: 1.00201e+06 - -1.12445e-10 * -1.58547e-12 = 1.00201e+06
time: 117	PE: 7	op: 0 - -1000 * 3.33093e-06 = 0.00333093
time: 117	PE: 8	op: -1e-08 - -1.99969e-31 * -1 = -1e-08
time: 117	PE: 9	op: -3635.14 / 1 = -3635.14
time: 117	PE: 10	op: 0.00641026 / -0.0401614 = -0.159612
time: 118	PE: 0	op: 1000.1 - -1000 * -1 = 0.104858
time: 118	PE: 1	op: 2000.01 - -0.00503972 * -8.37087e-06 = 2000.01
time: 118	PE: 2	op: 1100.01 - -100 * -0.999958 = 1000.02
time: 118	PE: 3	op: 5.16472 - -1.3538e-07 * -7.56776e-09 = 5.16472
time: 118	PE: 4	op: 5.16472 - -5.16089 * -0.99999 = 0.0038867
time: 118	PE: 5	op: 0.000363417 - -0.000333333 * -0.9994 = 3.02838e-05
time: 118	PE: 6	op: -0.0050397 - -0.00503972 * 3.33093e-06 = -0.00503968
time: 118	PE: 7	op: 1000.25 - -1000 * -1 = 0.249023
time: 118	PE: 8	op: 1000 - 1.84432e-12 * -1.00006e-15 = 1000
time: 118	PE: 9	op: -100000 / 1 = -100000
time: 119	PE: 0	op: 1000 - -7.09175e-05 * -9.63422e-12 = 1000
time: 119	PE: 1	op: -1.00023e-12 - -1.00023e-12 * -9.63422e-12 = -1.00023e-12
time: 119	PE: 2	op: 0 - -1000 * -8.37087e-06 = -0.00837087
time: 119	PE: 3	op: 2000 - -1000 * -0.999994 = 1000.01
time: 119	PE: 4	op: -9.70857e-13 - -1000 * -9.63422e-12 = -9.63519e-09
time: 119	PE: 5	op: 100000 - -1.18e-30 * -1.18e-35 = 100000
time: 119	PE: 6	op: -9.55328e-13 - -4.48724e-14 * -1.04479e-15 = -9.55328e-13
time: 119	PE: 7	op: 0.0352328 - -0.0704721 * -0.256947 = 0.0171252
time: 119	PE: 8	op: 1000 - -6.436e-06 * -0.256947 = 1000
time: 119	PE: 9	op: -0.0352393 / 0.137146 = -0.256947
time: 120	PE: 0	op: 100000 - -0.00045847 * -0.047619 = 100000
time: 120	PE: 1	op: 2000.01 - -0.00503966 * -8.37078e-06 = 2000.01
time: 120	PE: 2	op: 0 - -1000 * -8.37078e-06 = -0.00837078
time: 120	PE: 3	op: -4.43362e-10 / 8.89759 = -4.98295e-11
time: 120	PE: 4	op: -5.81108e-11 / 8.89759 = -6.53107e-12
time: 120	PE: 5	op: -8.89759 / 8.89759 = -1
time: 120	PE: 6	op: -8.41421e-12 - -5.90855e-11 * -4.98295e-11 = -8.41421e-12
time: 120	PE: 7	op: -1.00007e-12 - -1.00007e-12 * -5.34882e-13 = -1.00007e-12
time: 120	PE: 8	op: -0.0166117 - -0.00938788 * 0.682795 = -0.0102017
time: 120	PE: 9	op: 0 - -1.00006e-12 * -1 = -1.00006e-12
time: 120	PE: 10	op: -2e-31 / 1 = -2e-31
time: 120	PE: 11	op: -0.71461 / 1 = -0.71461
time: 121	PE: 0	op: 0 - -4.43362e-10 * -0.047619 = -2.11125e-11
time: 121	PE: 1	op: 0 - -0.00045847 * -4.59486e-08 = -2.10661e-11
time: 121	PE: 2	op: -9.63141e-09 / 0.0370483 = -2.59969e-07
time: 121	PE: 3	op: -7.08926e-05 / 0.0370483 = -0.00191352
time: 121	PE: 4	op: 3000.19 - -0.00640232 * -1.03212e-15 = 3000.19
time: 121	PE: 5	op: 6.57462 - -2.99378e-10 * -4.99012e-11 = 6.57462
time: 121	PE: 6	op: 0 - -5.90855e-11 * -1 = -5.90855e-11
time: 121	PE: 7	op: 0 - -100000 * -1 = -100000
time: 121	PE: 8	op: 0 - -4.655e-08 * -0.999996 = -4.65499e-08
time: 121	PE: 9	op: -100000 / -0.000275135 = 3.63458e+08
time: 122	PE: 1	op: -1.00149e-12 - -7.09175e-05 * -0.999695 = -7.08958e-05
time: 122	PE: 2	op: -0.037037 / 0.0370483 = -0.999695
time: 122	PE: 3	op: 0 - -1.00023e-12 * -0.999695 = -9.99921e-13
time: 122	PE: 4	op: 0.0262451 - -0.00170853 * -5.0397e-06 = 0.0262451
time: 122	PE: 5	op: -2.46305e-06 - -1.18e-30 * -1 = -2.46305e-06
time: 122	PE: 6	op: -0.00170849 - -2.40745e-07 * -8.37078e-06 = -0.00170849
time: 122	PE: 7	op: 3.05178e-09 / 0.0516798 = 5.90516e-08
time: 122	PE: 8	op: 0.00806557 / 0.0885401 = 0.0910952
time: 122	PE: 9	op: -465.116 / 1 = -465.116
time: 123	PE: 0	op: 3000.12 - -1000 * -0.99983 = 2000.29
time: 123	PE: 1	op: 7.09204e-05 - -7.09175e-05 * -7.09204e-08 = 7.09204e-05
time: 123	PE: 2	op: 1.00201e+06 - -1.12445e-10 * -1.58547e-12 = 1.00201e+06
time: 123	PE: 3	op: -0.208105 - -0.208105 * -0.000135756 = -0.208133
time: 123	PE: 4	op: 1000 - -1.00006e-12 * -9.55328e-16 = 1000
time: 123	PE: 5	op: 1.00201e+06 - -1000 * -1 = 1.00101e+06
time: 123	PE: 6	op: 2000.01 - -1000 * -1 = 1000.01
time: 123	PE: 7	op: -0.0516797 / 0.0516798 = -0.999996
time: 123	PE: 8	op: -0.0352393 / 0.137146 = -0.256947
time: 123	PE: 9	op: 0.000366211 - 0.00365243 * -1.0021e-15 = 0.000366211
time: 123	PE: 10	op: -1000 / 1000 = -1
time: 123	PE: 11	op: -1 / 1 = -1
time: 124	PE: 0	op: 0.065588 - -0.0641547 * -0.724584 = 0.0191026
time: 124	PE: 1	op: 0 - -1000 * -7.09204e-08 = -7.09204e-05
time: 124	PE: 2	op: -1000 / 1000.02 = -0.999984
time: 124	PE: 3	op: -0.0005 / 1000.02 = -4.99992e-07
time: 124	PE: 4	op: -0.011408 / 1000.02 = -1.14079e-05
time: 124	PE: 5	op: 1000 - -2.84492e-12 * -5.34882e-13 = 1000
time: 124	PE: 6	op: 0 - 1.84432e-12 * -1 = 1.84432e-12
time: 124	PE: 7	op: -0.0037862 - 0.00365237 * -1.0021e-15 = -0.0037862
time: 124	PE: 8	op: -0.248815 / 0.249023 = -0.999163
time: 124	PE: 9	op: 0.000366211 - 0.00365237 * -1.0021e-15 = 0.000366211
time: 124	PE: 10	op: -1e-12 / 6.01288 = -1.6631e-13
time: 125	PE: 0	op: -9.38897e-12 - -4.42388e-10 * -6.53107e-12 = -9.38897e-12
time: 125	PE: 1	op: 3634.14 - -1 * -3635.14 = -1
time: 125	PE: 2	op: 1000.01 - -1000 * -1 = 0.0114136
time: 125	PE: 3	op: 0 - -8.89759 * -6.53107e-12 = -5.81108e-11
time: 125	PE: 4	op: 1000.21 - -0.0407435 * -0.000135756 = 1000.21
time: 125	PE: 5	op: 6.20155e-29 - -100000 * 1705.43 = 1.70543e+08
time: 125	PE: 6	op: 0 - -100 * -1e-14 = -1e-12
time: 125	PE: 7	op: -0.335796 / 0.335796 = -1
time: 125	PE: 8	op: -1000 - -1000 * -1.03213e-15 = -1000
time: 125	PE: 9	op: 18.1961 / -0.000275135 = -66135.2
time: 126	PE: 0	op: 0 - -8.41421e-12 * -0.047619 = -4.00676e-13
time: 126	PE: 1	op: -9.63519e-09 / 0.0370483 = -2.60071e-07
time: 126	PE: 2	op: 0.0262451 - -2.40745e-07 * 3.3309e-06 = 0.0262451
time: 126	PE: 3	op: -0.00170851 - -2.40747e-07 * -8.37087e-06 = -0.00170851
time: 126	PE: 4	op: 0 - -0.0521346 * -0.999948 = -0.0521319
time: 126	PE: 5	op: 0 - -2e-31 * -1 = -2e-31
time: 126	PE: 6	op: -1.00007e-12 / 1000 = -1.00007e-15
time: 126	PE: 7	op: 1.84433e-12 - -2.84492e-12 * -3.93673e-09 = 1.84433e-12
time: 126	PE: 8	op: -1000 / 1000 = -1
time: 126	PE: 9	op: -22553.2 / -1 = 22553.2
time: 126	PE: 10	op: 18.1818 / 1 = 18.1818
time: 127	PE: 0	op: 3000.19 - -5.56905e-06 * -5.21319e-05 = 3000.19
time: 127	PE: 1	op: 200000 - -100000 * -1 = 100000
time: 127	PE: 2	op: 100000 - -100000 * -0.999682 = 31.7969
time: 127	PE: 3	op: 5.16472 - -5.16089 * -0.99999 = 0.0038867
time: 127	PE: 4	op: 0.00822284 - -0.0326097 * -0.00481913 = 0.00806569
time: 127	PE: 5	op: -3.38064e-05 / 0.249023 = -0.000135756
time: 127	PE: 6	op: -1 - 23.8995 * -0.0401614 = -0.0401614
time: 127	PE: 7	op: 23.8995 - -1 * -24.8995 = -1
time: 128	PE: 0	op: 0.0168419 - -5.90855e-11 * -6.53107e-12 = 0.0168419
time: 128	PE: 1	op: 0 - -5.90855e-11 * -1 = -5.90855e-11
time: 128	PE: 2	op: 0 - -4.42388e-10 * -1 = -4.42388e-10
time: 128	PE: 3	op: 1000 - -2.8449e-12 * -5.3488e-13 = 1000
time: 128	PE: 4	op: 0 - -1000 * -9.55328e-16 = -9.55328e-13
time: 128	PE: 5	op: -0.0166117 - -0.00938788 * 0.682795 = -0.0102017
time: 128	PE: 6	op: -100000 / 100000 = -1
time: 128	PE: 7	op: -1000 / 1000 = -1
time: 129	PE: 0	op: 2000.29 - -1.00023e-12 * -0.00191352 = 2000.29
time: 129	PE: 1	op: 1000 - -7.08896e-05 * -2.59969e-07 = 1000
time: 129	PE: 2	op: 0 - -0.037037 * -0.00191352 = -7.0871e-05
time: 129	PE: 3	op: 7.08926e-05 - -7.08896e-05 * -0.00191352 = 7.0757e-05
time: 129	PE: 4	op: -1.00023e-12 - -1.00023e-12 * -2.59969e-07 = -1.00023e-12
time: 129	PE: 5	op: -9.38897e-12 - -4.42388e-10 * -6.53107e-12 = -9.38897e-12
time: 129	PE: 6	op: 0 - -1 * -2e-31 = -2e-31
time: 129	PE: 7	op: -8.41421e-12 - -5.90855e-11 * -4.98295e-11 = -8.41421e-12
time: 129	PE: 8	op: 0 - -1.00006e-12 * -0.99999 = -1.00005e-12
time: 129	PE: 9	op: -0.00640292 - 0.00640223 * -1.03212e-15 = -0.00640292
time: 129	PE: 10	op: 3.20513 / 1 = 3.20513
time: 130	PE: 0	op: 0.0830078 - -0.037037 * -0.999695 = 0.0459821
time: 130	PE: 1	op: 0 - -1.00023e-12 * -0.999695 = -9.99921e-13
time: 130	PE: 2	op: -1.00149e-12 - -7.08896e-05 * -0.999695 = -7.0868e-05
time: 130	PE: 4	op: 0 - -1 * -465.116 = -465.116
time: 130	PE: 5	op: 0.0262451 - -2.40747e-07 * 3.33093e-06 = 0.0262451
time: 130	PE: 6	op: -5.90855e-11 - -8.41421e-12 * -4.59486e-08 = -5.90855e-11
time: 130	PE: 7	op: -1000 / 1000 = -1
time: 130	PE: 8	op: 0.17668 - -0.0516797 * -0.999996 = 0.125
time: 130	PE: 9	op: -100000 / 100000 = -1
time: 131	PE: 0	op: 0.115915 - -4.42388e-10 * -4.98295e-11 = 0.115915
time: 131	PE: 1	op: -7.09204e-05 / 0.0370483 = -0.00191427
time: 131	PE: 2	op: 0 - -1 * -2e-31 = -2e-31
time: 131	PE: 3	op: -1.03213e-12 - -0.037037 * -2.59969e-07 = -9.6295e-09
time: 131	PE: 4	op: -9.38897e-12 / 0.00962788 = -9.75186e-10
time: 131	PE: 5	op: 0 - 0.000275093 * 3.63458e+08 = -99984.7
time: 131	PE: 6	op: 1.00201e+06 - -1000 * -1 = 1.00101e+06
time: 131	PE: 7	op: 4.15917 - -0.0740297 * -0.00481913 = 4.15882
time: 131	PE: 8	op: -1000 / 1000.01 = -0.99999
time: 131	PE: 9	op: -0.00013383 - -0.00365237 * -1.0021e-15 = -0.00013383
time: 131	PE: 10	op: 1 / -1 = -1
time: 132	PE: 0	op: 0 - -0.011408 * -4.99992e-07 = -5.70393e-09
time: 132	PE: 1	op: 0 - -1000 * -4.99992e-07 = -0.000499992
time: 132	PE: 2	op: 0 - -1000 * -1.14079e-05 = -0.0114079
time: 132	PE: 3	op: 1000.01 - -1000 * -0.999984 = 0.0245361
time: 132	PE: 4	op: 0 - -0.011408 * -0.999984 = -0.0114079
time: 132	PE: 5	op: 0.0114746 - -0.011408 * -1.14079e-05 = 0.0114745
time: 132	PE: 6	op: 0 - -0.0005 * -1.14079e-05 = -5.70393e-09
time: 132	PE: 7	op: 0 - -1000 * -6.83999e-10 = -6.83999e-07
time: 132	PE: 8	op: 1000 - -1.03213e-12 * -1.67205e-06 = 1000
time: 132	PE: 9	op: 1000 - 0.0521263 * -1.03213e-15 = 1000
time: 132	PE: 10	op: 0 - -0.0172414 * -1 = -0.0172414
time: 133	PE: 0	op: 0.351737 - -0.335796 * -1 = 0.0159413
time: 133	PE: 1	op: 0 - -8.89759 * -6.53107e-12 = -5.81108e-11
time: 133	PE: 2	op: 0.0114136 - -0.0130792 * -0.000134155 = 0.0114118
time: 133	PE: 3	op: 10.1953 - -8.89759 * -1 = 1.29772
time: 133	PE: 4	op: 3.05178e-09 - -1.8298e-07 * -4.99012e-11 = 3.05178e-09
time: 133	PE: 5	op: 0.0038867 - -0.00250042 * 0.682795 = 0.00559398
time: 133	PE: 6	op: 1000.42 - -0.208105 * -0.999163 = 1000.21
time: 133	PE: 7	op: 0.00343021 / 0.000366211 = 9.36676
time: 133	PE: 8	op: 0 - -1 * 8.33958 = 8.33958
time: 133	PE: 9	op: -18.1961 / -0.000275135 = 66135.2
time: 134	PE: 0	op: 1000 - -7.09175e-05 * -2.60071e-07 = 1000
time: 134	PE: 2	op: -1.03213e-12 - -0.037037 * -2.60071e-07 = -9.63328e-09
time: 134	PE: 3	op: 2000.7 - -1000 * -1 = 1000.7
time: 134	PE: 4	op: 0 - -8.89759 * -4.98295e-11 = -4.43362e-10
time: 134	PE: 5	op: -1.33333e-06 - -1 * -0.71461 = -0.714612
time: 134	PE: 6	op: 0 - 1.84433e-12 * -1 = 1.84433e-12
time: 134	PE: 7	op: -9.55328e-13 / 1000 = -9.55328e-16
time: 134	PE: 8	op: 0 - -1000 * -1.00007e-15 = -1.00007e-12
time: 134	PE: 9	op: -0.0037862 / 0.000366211 = -10.3388
time: 134	PE: 10	op: 0.00343014 / 0.000366211 = 9.36658
time: 134	PE: 11	op: -0.0142857 - -18.1818 * -1 = -18.1961
time: 135	PE: 0	op: 2000.29 - -0.0005 * -4.99992e-07 = 2000.29
time: 135	PE: 1	op: -1.00023e-12 - -1.00023e-12 * -2.60071e-07 = -1.00023e-12
time: 135	PE: 2	op: 0 - -0.0005 * -0.999984 = -0.000499992
time: 135	PE: 3	op: -0.208105 - -0.208105 * -0.000135756 = -0.208133
time: 135	PE: 4	op: 1000.21 - -0.0407441 * -0.000135756 = 1000.21
time: 135	PE: 5	op: 0 - -0.0234082 * -0.724584 = -0.0169612
time: 135	PE: 6	op: 0 - -2e-31 * -1 = -2e-31
time: 135	PE: 7	op: 1000 - 1.84433e-12 * -1.00007e-15 = 1000
time: 135	PE: 8	op: -0.00378626 / 0.000366211 = -10.339
time: 135	PE: 9	op: -2.46305e-06 - -100000 * -1.18e-35 = -2.46305e-06
time: 135	PE: 10	op: 0.00641026 / -0.0401614 = -0.159612
time: 136	PE: 0	op: 100001 - -100000 * -1 = 0.71875
time: 136	PE: 1	op: 0 - -0.0005 * -1 = -0.0005
time: 136	PE: 2	op: -465.116 / 1 = -465.116
time: 136	PE: 3	op: 0 - -1 * -0.0172414 = -0.0172414
time: 136	PE: 4	op: 1000.42 - -0.208105 * -0.999161 = 1000.21
time: 136	PE: 5	op: -9.55328e-13 / 1000.01 = -9.55319e-16
time: 136	PE: 6	op: 1000 - 0.052125 * -1.03213e-15 = 1000
time: 136	PE: 7	op: 0.000111324 - -1.1274e-05 * -0.0681794 = 0.000110555
time: 136	PE: 8	op: -0.0005 / 100000 = -5e-09
time: 136	PE: 9	op: 1.70543e+08 / 100000 = 1705.43
time: 137	PE: 0	op: 3000.19 - -0.0666622 * -1.00018 = 3000.12
time: 137	PE: 1	op: 100000 - -2e-31 * -2e-36 = 100000
time: 137	PE: 2	op: 31.7969 - -31.78 * -1 = 0.0168419
time: 137	PE: 3	op: -1.00006e-12 - -1.00006e-12 * -1.41955e-19 = -1.00006e-12
time: 137	PE: 4	op: 0.17668 - -0.0516797 * -0.999996 = 0.125
time: 137	PE: 5	op: 1000.04 - -0.0704721 * -0.256947 = 1000.02
time: 137	PE: 6	op: -0.00640292 / 1000 = -6.40292e-06
time: 137	PE: 7	op: -2e-31 / 100000 = -2e-36
time: 137	PE: 8	op: -465.116 / 1 = -465.116
time: 138	PE: 0	op: 0.0439524 / 0.0245361 = 1.79133
time: 138	PE: 1	op: -0.0524333 / 0.0245361 = -2.13698
time: 138	PE: 2	op: -0.000499992 / 0.0245361 = -0.0203778
time: 138	PE: 3	op: -0.0114079 / 0.0245361 = -0.464941
time: 138	PE: 4	op: 3000 - -1000 * -1 = 2000
time: 138	PE: 5	op: 6.57462 - -4.655e-08 * 5.90516e-08 = 6.57462
time: 138	PE: 6	op: 0 - -1000 * 3.3309e-06 = 0.0033309
time: 138	PE: 7	op: 0 - -0.0516797 * 5.90516e-08 = 3.05177e-09
time: 138	PE: 8	op: -999.948 / 1000 = -0.999948
time: 138	PE: 9	op: 0 - 0.0172414 * -1 = 0.0172414
time: 139	PE: 0	op: 1000 - -1000 * -0.99999 = 0.0100098
time: 139	PE: 1	op: 0 - -0.037037 * -0.00191427 = -7.08988e-05
time: 139	PE: 2	op: 0.0038867 - -0.00250042 * 0.682795 = 0.00559398
time: 139	PE: 3	op: -0.0521319 - 0.0521263 * -1.03208e-15 = -0.0521319
time: 139	PE: 4	op: -0.167394 - -0.0407441 * -0.999163 = -0.208104
time: 139	PE: 5	op: -1000 / 1000 = -1
time: 139	PE: 6	op: 1.84432e-12 / 1000 = 1.84432e-15
time: 139	PE: 7	op: 3.05178e-09 / 0.0516798 = 5.90516e-08
time: 139	PE: 8	op: -1.00082e-12 / 0.01 = -1.00082e-10
time: 139	PE: 9	op: -5.56891e-06 - -0.052125 * -1.03213e-15 = -5.56891e-06
time: 139	PE: 10	op: 1000 - -0.00167226 * -2.27178e-10 = 1000
time: 140	PE: 0	op: 7.09204e-05 - -7.09175e-05 * -0.00191427 = 7.07847e-05
time: 140	PE: 1	op: 0 - -0.00045847 * -9.75186e-10 = -4.47093e-13
time: 140	PE: 2	op: -0.00503965 - -0.00503966 * 3.3309e-06 = -0.00503963
time: 140	PE: 3	op: -1000 / 1000.21 = -0.999792
time: 140	PE: 4	op: -6.87607e-10 - -6.436e-06 * -0.256947 = -1.6544e-06
time: 140	PE: 5	op: 0 - -1000 * -1.00007e-15 = -1.00007e-12
time: 140	PE: 6	op: 0.335796 - -1e-12 * -1e-14 = 0.335796
time: 140	PE: 7	op: 0 - -1 * -1 = -1
time: 140	PE: 8	op: -18.1818 / 1 = -18.1818
time: 140	PE: 9	op: -3635.14 / 1 = -3635.14
time: 141	PE: 0	op: -1e-08 - -2e-31 * -1 = -1e-08
time: 141	PE: 1	op: -5.81108e-11 - -4.43362e-10 * -9.75186e-10 = -5.81108e-11
time: 141	PE: 2	op: 1.84431e-12 - -2.8449e-12 * -3.93671e-09 = 1.84431e-12
time: 141	PE: 3	op: -0.208133 / 1000.21 = -0.00020809
time: 141	PE: 4	op: 0 - -4.655e-08 * -0.999996 = -4.65499e-08
time: 141	PE: 5	op: -0.0352393 / 0.137146 = -0.256947
time: 141	PE: 6	op: 1.84433e-12 / 1000 = 1.84433e-15
time: 141	PE: 7	op: -2e-31 / 100000 = -2e-36
time: 141	PE: 8	op: -1.1274e-05 / 0.000165357 = -0.0681794
time: 141	PE: 9	op: -3.20513 / 1 = -3.20513
time: 141	PE: 10	op: 18.1961 / -0.000275135 = -66135.2
time: 142	PE: 0	op: 1000 - -0.000222222 * 9.36658 = 1000
time: 142	PE: 1	op: 2000.01 - -0.00013383 * -10.3388 = 2000.01
time: 142	PE: 2	op: -1.0021e-12 - -0.000222222 * -10.3388 = -0.00229752
time: 142	PE: 3	op: 0 - -1000 * -9.55328e-16 = -9.55328e-13
time: 142	PE: 4	op: 6.20155e-29 - -100000 * 1705.43 = 1.70543e+08
time: 142	PE: 5	op: -0.208133 / 1000.21 = -0.00020809
time: 142	PE: 6	op: -1000 / 1000.21 = -0.999792
time: 142	PE: 7	op: -999.948 / 1000 = -0.999948
time: 142	PE: 8	op: -0.0521306 / 1000 = -5.21306e-05
time: 142	PE: 9	op: -0.0142857 - -1 * -18.1818 = -18.1961
time: 142	PE: 10	op: 0 - 0.714286 * -1 = 0.714286
time: 143	PE: 0	op: -0.00365237 - -0.00013383 * 9.36658 = -0.00239884
time: 143	PE: 1	op: 100000 - 8.33958 * -1 = 100008
time: 143	PE: 2	op: 0.0168419 - -5.90855e-11 * -6.53107e-12 = 0.0168419
time: 143	PE: 3	op: 1.00101e+06 - -1000 * -1 = 1.00001e+06
time: 143	PE: 4	op: -0.125 / 0.125 = -0.999999
time: 143	PE: 5	op: 0.0171252 / 1000.02 = 1.71249e-05
time: 143	PE: 6	op: -1000 / 1000.02 = -0.999983
time: 143	PE: 7	op: 0 - -1 * 18.1818 = 18.1818
time: 144	PE: 0	op: 100000 - -0.0005 * -5e-09 = 100000
time: 144	PE: 1	op: 3000.12 - -0.0521263 * -1.0005e-15 = 3000.12
time: 144	PE: 2	op: 0 - -100000 * -5e-09 = -0.0005
time: 144	PE: 3	op: 1000 - -1000 * -0.999999 = 0.000976562
time: 144	PE: 4	op: -1000 / 1000 = -1
time: 144	PE: 5	op: -1000 - -1000 * -1.03213e-15 = -1000
time: 144	PE: 6	op: 4.15882 - -0.0234082 * 0.0910952 = 4.16095
time: 144	PE: 7	op: -3.33333e-05 - -100000 * -1.18e-35 = -3.33333e-05
time: 144	PE: 8	op: -1 / 1 = -1
time: 145	PE: 0	op: -1.03212e-12 - -1000 * -6.40292e-06 = -0.00640292
time: 145	PE: 1	op: 0 - -1 * -465.116 = -465.116
time: 145	PE: 2	op: 1000 - -1.00006e-12 * -9.55328e-16 = 1000
time: 145	PE: 3	op: 0.00167205 - -0.00167228 * -1.67205e-06 = 0.00167205
time: 145	PE: 4	op: 0 - -1.00006e-12 * -1 = -1.00006e-12
time: 145	PE: 5	op: -5e-08 / 0.000110555 = -0.000452262
time: 145	PE: 6	op: -0.0001 / 0.000110555 = -0.904525
time: 145	PE: 7	op: 0 - -1 * -1 = -1
time: 145	PE: 8	op: 0 - 1.2987 * -1 = 1.2987
time: 145	PE: 9	op: -0.5 / 2.5 = -0.2
time: 145	PE: 10	op: 1 / -1 = -1
time: 146	PE: 0	op: -0.0521306 - -0.00847216 * -0.0203778 = -0.0523032
time: 146	PE: 1	op: 1000.02 - -0.00847216 * 1.79133 = 1000.03
time: 146	PE: 2	op: -0.00847113 - -0.00847216 * -2.13698 = -0.026576
time: 146	PE: 3	op: -0.0521306 - -0.000499992 * 1.79133 = -0.0512349
time: 146	PE: 4	op: -3.90684e-08 - -0.00847216 * -0.464941 = -0.0039391
time: 146	PE: 5	op: 0 - -8.78993e-06 * -0.0203778 = -1.79119e-07
time: 146	PE: 6	op: 0.165771 - -8.78993e-06 * -2.13698 = 0.165752
time: 146	PE: 7	op: 0 - -0.000499992 * -2.13698 = -0.00106847
time: 146	PE: 8	op: 0 - -8.78993e-06 * -0.464941 = -4.0868e-06
time: 146	PE: 9	op: -5.70393e-09 - -0.000499992 * -0.464941 = -0.000232473
time: 146	PE: 10	op: -1.03213e-12 / 1000 = -1.03213e-15
time: 146	PE: 11	op: -1e-12 / 0.335796 = -2.97801e-12
time: 146	PE: 12	op: -6.83999e-07 - -0.00640223 * -1.03213e-15 = -6.83999e-07
time: 146	PE: 13	op: -0.335796 / 0.335796 = -1
time: 146	PE: 14	op: 0.0172414 / 1 = 0.0172414
time: 147	PE: 0	op: -0.0521319 - -5.56905e-06 * -0.999948 = -0.0521374
time: 147	PE: 1	op: -0.0608957 - -8.78993e-06 * 1.79133 = -0.0608799
time: 147	PE: 2	op: 3.28232e-05 - -0.0114079 * 1.79133 = 0.0204681
time: 147	PE: 3	op: 0.0114745 - -0.0114079 * -0.464941 = 0.0061705
time: 147	PE: 4	op: 4.06224 - -1.00082e-12 * -1.00082e-10 = 4.06224
time: 147	PE: 5	op: 0 - -1000 * 1.84432e-15 = 1.84432e-12
time: 147	PE: 7	op: -0.0521319 / 1000 = -5.21319e-05
time: 147	PE: 8	op: 100.004 - -0.00424862 * -0.00296522 = 100.004
time: 147	PE: 9	op: -0.00641026 / -0.0401614 = 0.159612
time: 148	PE: 0	op: 2000.29 - -0.000499992 * -0.0203778 = 2000.29
time: 148	PE: 1	op: 1000.4 - -1000 * -0.999792 = 0.609924
time: 148	PE: 2	op: 0 - -0.0114079 * -2.13698 = -0.0243784
time: 148	PE: 3	op: 0 - -1 * -3.20513 = -3.20513
time: 148	PE: 4	op: 0 - -0.208104 * -0.999792 = -0.208061
time: 148	PE: 5	op: -6.84008e-07 - -0.00640232 * -1.03213e-15 = -6.84008e-07
time: 148	PE: 6	op: 100000 - -2e-31 * -2e-36 = 100000
time: 148	PE: 7	op: 0 - -0.0641547 * 0.0910952 = 0.00584418
time: 148	PE: 8	op: 0 - 1 * -1 = 1
time: 149	PE: 0	op: -5.70393e-09 - -0.0114079 * -0.0203778 = -0.000232473
time: 149	PE: 1	op: 1000.7 - -1.00007e-12 * 1.84433e-15 = 1000.7
time: 149	PE: 2	op: 0 - -1000 * 1.84433e-15 = 1.84433e-12
time: 149	PE: 3	op: 0.0168419 - -8.41421e-12 * -9.75186e-10 = 0.0168419
time: 149	PE: 4	op: 1000 - -6.43837e-06 * -0.256947 = 1000
time: 149	PE: 5	op: -7.69231e-05 - 0.000275093 * 66135.2 = -18.1934
time: 149	PE: 6	op: -9.55328e-13 / 1000.01 = -9.55319e-16
time: 149	PE: 7	op: 1000 - -1.00006e-12 * -9.55319e-16 = 1000
time: 150	PE: 0	op: 1000.02 - -1000 * -0.999948 = 0.0690308
time: 150	PE: 1	op: 1000.4 - -1000 * -0.999792 = 0.609802
time: 150	PE: 3	op: 3000.12 - -0.0521263 * -1.03208e-15 = 3000.12
time: 150	PE: 4	op: 0.0352329 - -0.0704722 * -0.256947 = 0.0171252
time: 150	PE: 5	op: -3.84447e-12 / 0.000976562 = -3.93673e-09
time: 150	PE: 6	op: -5.22346e-16 / 0.000976562 = -5.34882e-13
time: 150	PE: 7	op: -0.167395 - -0.0407435 * -0.999161 = -0.208104
time: 150	PE: 8	op: 0.000111324 - -1.1274e-05 * -0.0681794 = 0.000110555
time: 151	PE: 0	op: 2000.01 - -1000 * -0.999983 = 1000.03
time: 151	PE: 1	op: 0.141982 - -0.125 * -0.999999 = 0.0169817
time: 151	PE: 2	op: 0.0168419 - 18.1818 * -1 = 18.1987
time: 151	PE: 3	op: 3000 - -1000 * -1 = 2000
time: 151	PE: 4	op: 0 - -0.0516797 * 5.90516e-08 = 3.05177e-09
time: 151	PE: 5	op: 0 - -4.65499e-08 * -0.999999 = -4.65498e-08
time: 151	PE: 6	op: 0 - -1 * -691.489 = -691.489
time: 151	PE: 7	op: 0 - -1000 * -9.55319e-16 = -9.55319e-13
time: 151	PE: 8	op: 1000.04 - -0.0704722 * -0.256947 = 1000.02
time: 151	PE: 9	op: -4.06174 / 4.16095 = -0.976157
time: 151	PE: 10	op: -18.1961 / -0.000275135 = 66135.2
time: 152	PE: 0	op: -0.0523032 - -1000 * -5.21306e-05 = -0.104434
time: 152	PE: 1	op: 1000.03 - -1000 * -0.999948 = 0.0842896
time: 152	PE: 2	op: -0.0512349 - -5.56891e-06 * -0.999948 = -0.0512405
time: 152	PE: 3	op: 3000 - -1000 * -1 = 2000
time: 152	PE: 4	op: -1.18986e-12 - -0.01 * -1.00082e-10 = -2.19068e-12
time: 152	PE: 5	op: -465.116 / 1 = -465.116
time: 152	PE: 6	op: 0 - -1000 * -0.00020809 = -0.20809
time: 152	PE: 7	op: -0.125 / 0.125 = -0.999999
time: 152	PE: 8	op: 1 / -1 = -1
time: 153	PE: 0	op: 0 - 1 * -1 = 1
time: 153	PE: 1	op: 0 - -1.00007e-12 * -1 = -1.00007e-12
time: 153	PE: 2	op: -0.00640223 - -6.83999e-07 * -0.999994 = -0.00640292
time: 153	PE: 3	op: 0 - -1.00006e-12 * -0.99999 = -1.00005e-12
time: 153	PE: 4	op: 0 - -1000 * -1.00006e-15 = -1.00006e-12
time: 153	PE: 5	op: -6.8786e-10 - -6.43837e-06 * -0.256947 = -1.65501e-06
time: 153	PE: 7	op: 0.0830078 - -1.40235e-16 * -3.07766e-17 = 0.0830078
time: 154	PE: 0	op: 2000.29 - -5.56891e-06 * -5.21306e-05 = 2000.29
time: 154	PE: 1	op: -2.19068e-12 - -1e-12 * -1 = -3.19068e-12
time: 154	PE: 2	op: -0.00640232 - -6.84008e-07 * -0.999994 = -0.006403
time: 154	PE: 3	op: 0.882613 - -1 * 0.0172414 = 0.899854
time: 154	PE: 4	op: 6.57462 - -4.655e-08 * 5.90516e-08 = 6.57462
time: 154	PE: 5	op: 1000 - -1.6544e-06 * 1.71249e-05 = 1000
time: 154	PE: 6	op: 0 - 0.000275093 * -66135.2 = 18.1933
time: 154	PE: 7	op: -1000 - 0.00167205 * -1 = -999.998
time: 154	PE: 8	op: -100 / 100.004 = -0.999958
time: 154	PE: 9	op: 0.714286 / 1 = 0.714286
time: 155	PE: 0	op: -0.0521319 - -1000 * -5.21319e-05 = -0.104264
time: 155	PE: 1	op: 4.06224 - -1e-12 * -2.97801e-12 = 4.06224
time: 155	PE: 2	op: 3634.14 - -1 * -3635.14 = -1
time: 155	PE: 3	op: 0.0114118 - -0.0001 * -0.904525 = 0.0113214
time: 155	PE: 4	op: -1e-08 - -100000 * -2e-36 = -1e-08
time: 155	PE: 5	op: -6.57462 / 1.00001e+06 = -6.57458e-06
time: 155	PE: 6	op: -1e+06 / 1.00001e+06 = -0.999993
time: 155	PE: 7	op: 0 - -1 * 3.20513 = 3.20513
time: 155	PE: 8	op: -1000 / 1000 = -1
time: 156	PE: 0	op: 0.351737 - -0.335796 * -1 = 0.0159413
time: 156	PE: 1	op: 0 - -0.208104 * -0.999792 = -0.208061
time: 156	PE: 2	op: 0 - 1.84431e-12 * -1 = 1.84431e-12
time: 156	PE: 3	op: 0 - -1.6544e-06 * -0.999983 = -1.65437e-06
time: 156	PE: 4	op: 1000.21 - -0.208104 * -0.00020809 = 1000.21
time: 156	PE: 5	op: 3.05177e-09 / 0.125 = 2.44141e-08
time: 156	PE: 6	op: 3.02838e-05 - -5e-08 * -0.000452262 = 3.02838e-05
time: 156	PE: 7	op: 0 - -1000 * 1.71249e-05 = 0.0171249
time: 157	PE: 1	op: 0 - -5e-08 * -0.904525 = -4.52262e-08
time: 157	PE: 2	op: 0 - -1 * -1 = -1
time: 157	PE: 3	op: -2.32558e+08 - -2e-31 * -465.116 = -2.32558e+08
time: 157	PE: 4	op: 0.0171252 / 1000.02 = 1.71249e-05
time: 157	PE: 5	op: -1000 / 1000.02 = -0.999983
time: 157	PE: 6	op: -0.00013383 - -0.00365243 * -1.0021e-15 = -0.00013383
time: 157	PE: 7	op: -0.000222222 - -1000 * -1.0021e-15 = -0.000222222
time: 157	PE: 8	op: 0 - -1 * -1 = -1
time: 157	PE: 9	op: -691.489 / 1 = -691.489
time: 158	PE: 0	op: -2.19068e-12 - -0.335796 * -2.97801e-12 = -3.19068e-12
time: 158	PE: 1	op: -0.026576 / 0.0842896 = -0.315294
time: 158	PE: 2	op: 0.052125 / 0.0842896 = 0.618404
time: 158	PE: 3	op: -3.05716e-08 / 0.0842896 = -3.62697e-07
time: 158	PE: 4	op: -0.104434 / 0.0842896 = -1.23899
time: 158	PE: 5	op: -0.0039391 / 0.0842896 = -0.0467329
time: 158	PE: 6	op: 1000.21 - -0.208104 * -0.00020809 = 1000.21
time: 158	PE: 7	op: 1000 - -1.00006e-12 * -9.55319e-16 = 1000
time: 158	PE: 8	op: 0.0885415 - -0.0326097 * -4.4787e-05 = 0.0885401
time: 158	PE: 9	op: 100000 - -1.18e-30 * -1.18e-35 = 100000
time: 158	PE: 10	op: -0.00625 - -8.33333 * -1 = -8.33958
time: 159	PE: 0	op: 0.104858 - -1.00006e-12 * 1.84432e-15 = 0.104858
time: 159	PE: 1	op: 0 - -1.00006e-12 * -1 = -1.00006e-12
time: 159	PE: 2	op: 0 - 0.00584418 * -0.976157 = 0.00570484
time: 159	PE: 3	op: 1 / -1 = -1
time: 159	PE: 4	op: -7.69231e-05 - 0.000275093 * 66135.2 = -18.1934
time: 159	PE: 5	op: 1.84434e-12 - -2.84492e-12 * -3.93673e-09 = 1.84434e-12
time: 159	PE: 6	op: -5e-08 / 0.000110555 = -0.000452262
time: 159	PE: 7	op: -1000 / 1000 = -1
time: 159	PE: 8	op: 3.20513 / 1 = 3.20513
time: 159	PE: 9	op: -7047.87 - 1 * 22553.2 = -29601.1
time: 160	PE: 0	op: 0.141982 - -0.125 * -0.999999 = 0.0169822
time: 160	PE: 1	op: 0 - 1 * -1 = 1
time: 160	PE: 2	op: 100000 - 18.1933 * -1 = 100018
time: 160	PE: 3	op: 0 - -2e-31 * -465.116 = -9.30233e-29
time: 160	PE: 4	op: -1.00006e-12 - -1.00006e-12 * -5.34882e-13 = -1.00006e-12
time: 160	PE: 5	op: -0.0234049 - -0.0740297 * -4.4787e-05 = -0.0234082
time: 160	PE: 6	op: -0.0005 / 0.71875 = -0.000695652
time: 160	PE: 7	op: -100000 / 100000 = -0.999998
time: 161	PE: 0	op: 2000.29 - -6.83999e-07 * -6.40292e-06 = 2000.29
time: 161	PE: 1	op: 4.06224 - -4.06174 * -0.976157 = 0.0973468
time: 161	PE: 2	op: 0 - -1 * -100000 = -100000
time: 161	PE: 3	op: 1000 - -2.84492e-12 * -5.34882e-13 = 1000
time: 161	PE: 4	op: 0 - -100 * -1e-14 = -1e-12
time: 161	PE: 5	op: -0.0169612 / 4.16095 = -0.00407628
time: 161	PE: 6	op: 0 - 0.000275093 * -66135.2 = 18.1933
time: 162	PE: 0	op: 1100.02 - -100 * -0.999958 = 1000.03
time: 162	PE: 1	op: 3000.12 - -1.00023e-12 * 7.09204e-08 = 3000.12
time: 162	PE: 2	op: 0 - -4.65499e-08 * -0.999999 = -4.65498e-08
time: 162	PE: 3	op: 0 - -1000 * -9.55319e-16 = -9.55319e-13
time: 162	PE: 4	op: -1.00005e-12 / 1000 = -1.00005e-15
time: 162	PE: 5	op: -1000 / 1000 = -1
time: 162	PE: 6	op: -3.00339e-05 / 3.02838e-05 = -0.991749
time: 162	PE: 7	op: -1.65437e-06 / 1000 = -1.65437e-09
time: 162	PE: 8	op: -1000 / 1000 = -1
time: 162	PE: 9	op: -0.0142857 - -1 * -18.1818 = -18.1961
time: 163	PE: 0	op: 1e+06 - -1e+06 * -0.999993 = 6.5625
time: 163	PE: 1	op: 1000 - -0.000222222 * 9.36676 = 1000
time: 163	PE: 2	op: 1000.03 - -0.00013383 * -10.339 = 1000.03
time: 163	PE: 3	op: -1.0021e-12 - -0.000222222 * -10.339 = -0.00229756
time: 163	PE: 4	op: 0 - -6.57462 * -0.999993 = -6.57458
time: 163	PE: 5	op: 3.05177e-09 / 0.125 = 2.44141e-08
time: 163	PE: 6	op: -0.208061 / 1000.21 = -0.000208018
time: 163	PE: 7	op: -0.0001 / 0.000110555 = -0.904525
time: 163	PE: 8	op: 0 - -1 * 8.33958 = 8.33958
time: 163	PE: 9	op: 0.0830078 - -1.03213e-12 * -1.00149e-15 = 0.0830078
time: 164	PE: 0	op: -0.00365243 - -0.00013383 * 9.36676 = -0.00239888
time: 164	PE: 1	op: 6.57462 - -4.65499e-08 * 2.44141e-08 = 6.57462
time: 164	PE: 2	op: 6.57462 - -6.57462 * -6.57458e-06 = 6.57458
time: 164	PE: 3	op: 0 - -1 * -1 = -1
time: 164	PE: 4	op: 1000 - -1.00006e-12 * -3.93673e-09 = 1000
time: 164	PE: 5	op: -1000 / 1000.21 = -0.999792
time: 164	PE: 6	op: -0.208061 / 1000.21 = -0.000208018
time: 164	PE: 7	op: 0 - -0.125 * 2.44141e-08 = 3.05176e-09
time: 164	PE: 8	op: -1000 / 1000 = -1
time: 164	PE: 9	op: 0 - -8.33958 * -465.116 = -3878.88
time: 164	PE: 10	op: -6.99791e-08 / 26.9179 = -2.59972e-09
time: 164	PE: 11	op: 0 - -99984.7 * 1705.43 = 1.70516e+08
time: 165	PE: 0	op: 2000.01 - -1000 * -0.999983 = 1000.03
time: 165	PE: 1	op: 0 - -1 * -691.489 = -691.489
time: 165	PE: 2	op: 1000 - 1.84431e-12 * -1.00007e-15 = 1000
time: 165	PE: 3	op: -1000 / 1000.21 = -0.999792
time: 165	PE: 4	op: 0.00806569 / 0.0885401 = 0.0910965
time: 165	PE: 5	op: 0 - -0.0001 * -0.000452262 = -4.52262e-08
time: 165	PE: 6	op: 1e+06 - -0.5 * -0.2 = 1e+06
time: 165	PE: 7	op: -4.52262e-08 / 3.02838e-05 = -0.00149342
time: 166	PE: 0	op: -1.0005e-12 - 0.0428917 * -1.23899 = 0.0531424
time: 166	PE: 1	op: -0.052125 - -0.0512405 * 0.618404 = -0.0204377
time: 166	PE: 2	op: -0.000232473 - 0.0204681 * -1.23899 = 0.0251273
time: 166	PE: 3	op: -1.66988e-05 - -0.0608799 * 0.618404 = 0.0376317
time: 166	PE: 4	op: 0.165752 - -0.0608799 * -0.315294 = 0.146557
time: 166	PE: 6	op: -0.00106847 - -0.0512405 * -0.315294 = -0.0172243
time: 166	PE: 7	op: -1.33791e-08 - 0.0204681 * 0.618404 = -0.0126576
time: 166	PE: 8	op: -0.0243784 - 0.0204681 * -0.315294 = -0.0179249
time: 166	PE: 10	op: 0 - -0.0512405 * -3.62697e-07 = -1.85848e-08
time: 166	PE: 11	op: -2.93249e-05 - 0.0204681 * -3.62697e-07 = -2.93175e-05
time: 166	PE: 12	op: 1 / -1 = -1
time: 166	PE: 14	op: 6.24015e-05 - -2e-07 * -0.000999001 = 6.24013e-05
time: 167	PE: 1	op: -0.349242 - -0.0429211 * 0.618404 = -0.3227
time: 167	PE: 2	op: 0 - -0.0429211 * -1.23899 = -0.0531787
time: 167	PE: 3	op: -3.19068e-12 / 0.0973468 = -3.27764e-11
time: 167	PE: 4	op: -0.0005 / 0.0973468 = -0.00513628
time: 167	PE: 5	op: -0.0524373 - 0.0428917 * -0.315294 = -0.0389138
time: 167	PE: 6	op: -1000 - -1000 * -1.03213e-15 = -1000
time: 167	PE: 7	op: -1.00005e-12 / 1000 = -1.00005e-15
time: 167	PE: 8	op: 0 - -1e+06 * -6.57458e-06 = -6.57458
time: 167	PE: 9	op: 1000.43 - -0.0429211 * -3.62697e-07 = 1000.43
time: 167	PE: 10	op: -2325.58 / 1 = -2325.58
time: 167	PE: 13	op: -1e-08 - -100000 * -2e-36 = -1e-08
time: 168	PE: 0	op: 0.609924 - 0.0428917 * 0.618404 = 0.5834
time: 168	PE: 1	op: -0.424989 - 0.0428917 * -3.62697e-07 = -0.424989
time: 168	PE: 2	op: 0 - -0.0608799 * -3.62697e-07 = -2.2081e-08
time: 168	PE: 3	op: 5.82768e-06 - 0.0428917 * -0.0467329 = 0.00201028
time: 168	PE: 4	op: -4.0868e-06 - -0.0608799 * -0.0467329 = -0.00284918
time: 168	PE: 5	op: 100000 - -0.0005 * -0.000695652 = 100000
time: 168	PE: 7	op: 4.06224 - -1e-12 * -2.97801e-12 = 4.06224
time: 168	PE: 8	op: -2.19068e-12 - -1e-12 * -1 = -3.19068e-12
time: 168	PE: 9	op: -0.0641547 / 0.0885401 = -0.724584
time: 168	PE: 10	op: 1000 - -0.00167228 * -2.27181e-10 = 1000
time: 168	PE: 11	op: -8e-31 / -0.0401614 = 1.99196e-29
time: 169	PE: 0	op: 2000.29 - -1000 * -1 = 1000.29
time: 169	PE: 1	op: 0.0061705 - 0.0204681 * -0.0467329 = 0.00712703
time: 169	PE: 2	op: -0.000232473 - -0.0512405 * -0.0467329 = -0.00262709
time: 169	PE: 3	op: 0 - -3.20513 * -691.489 = -2216.31
time: 169	PE: 4	op: 3.02838e-05 - -5e-08 * -0.000452262 = 3.02838e-05
time: 169	PE: 5	op: -2.32558e+08 / 100000 = -2325.58
time: 169	PE: 6	op: -100000 - -0.714612 * -0.000695652 = -100000
time: 169	PE: 7	op: 100000 - -1 * 0.714286 = 100001
time: 170	PE: 0	op: 0.0191026 - 0.00584418 * -0.00407628 = 0.0191264
time: 170	PE: 1	op: -1.79119e-07 - -0.0608799 * -1.23899 = -0.0754297
time: 170	PE: 2	op: 1000.7 - -1000 * -1 = 0.697998
time: 170	PE: 3	op: 0 - -9.55319e-13 * -1 = -9.55319e-13
time: 170	PE: 4	op: 0 - -4.06174 * -0.00407628 = -0.0165568
time: 170	PE: 5	op: 0 - -1000 * -1.00005e-15 = -1.00005e-12
time: 170	PE: 6	op: 0 - -1.65501e-06 * -0.999983 = -1.65498e-06
time: 170	PE: 7	op: -1.00006e-12 / 1000 = -1.00006e-15
time: 170	PE: 8	op: -7.69231e-05 - -18.1961 * -1 = -18.1962
time: 170	PE: 9	op: 1000 - 0.00167203 * -1.03213e-15 = 1000
time: 171	PE: 0	op: 0 - -0.0429211 * -0.315294 = -0.0135328
time: 171	PE: 1	op: -5.83167e-06 - -0.0429211 * -0.0467329 = -0.00201166
time: 171	PE: 2	op: 1000.03 - 0.0171249 * -1.65437e-09 = 1000.03
time: 171	PE: 3	op: 0.0100098 - -9.55319e-13 * -1.00005e-15 = 0.0100098
time: 171	PE: 4	op: 3000.12 - -1.00023e-12 * -7.09204e-08 = 3000.12
time: 171	PE: 5	op: 0 - -1000 * -1.65437e-09 = -1.65437e-06
time: 171	PE: 6	op: 0 - -0.125 * 2.44141e-08 = 3.05176e-09
time: 171	PE: 7	op: 0.882643 - -3.00339e-05 * -0.991749 = 0.882613
time: 171	PE: 8	op: -1 / 1 = -1
time: 172	PE: 0	op: 0 - -9.55319e-13 * -1 = -9.55319e-13
time: 172	PE: 1	op: 100018 - 8.33958 * -1 = 100027
time: 172	PE: 2	op: 2000 - -1000 * -0.999792 = 1000.21
time: 172	PE: 3	op: 0 - -1000 * -0.000208018 = -0.208018
time: 172	PE: 4	op: 0 - -1000 * -0.000208018 = -0.208018
time: 172	PE: 5	op: -1000 / 1000 = -1
time: 172	PE: 6	op: 1000 - -1.65501e-06 * 1.71249e-05 = 1000
time: 172	PE: 7	op: -3.33333e-05 - -8.33958 * -1 = -8.33962
time: 173	PE: 0	op: 1000.43 - -1000 * -1 = 0.430115
time: 173	PE: 1	op: 2000 - -1000 * -0.999994 = 1000.01
time: 173	PE: 2	op: -1.03212e-12 - -1000 * -6.403e-06 = -0.006403
time: 173	PE: 3	op: 0.0113214 - -4.52262e-08 * -0.00149342 = 0.0113214
time: 173	PE: 4	op: 0 - -3.00339e-05 * -0.00149342 = -4.48531e-08
time: 173	PE: 5	op: 0 - -100000 * -1 = -100000
time: 173	PE: 6	op: -1000 / 1000 = -1
time: 173	PE: 7	op: 6.57458 - -4.65499e-08 * 2.44141e-08 = 6.57458
time: 173	PE: 8	op: 1.84431e-12 / 1000 = 1.84431e-15
time: 173	PE: 9	op: -1e+06 / 1e+06 = -1
time: 174	PE: 0	op: 0.5834 - -0.20809 * -0.000208018 = 0.583357
time: 174	PE: 1	op: 0 - -5e-08 * -0.904525 = -4.52262e-08
time: 174	PE: 2	op: 0 - -1000 * -0.00020809 = -0.20809
time: 174	PE: 3	op: 0 - -4.52262e-08 * -0.991749 = -4.48531e-08
time: 174	PE: 4	op: -0.115915 / 0.126415 = -0.91694
time: 174	PE: 5	op: 100000 - -6.99791e-08 * -2.59972e-09 = 100000
time: 174	PE: 6	op: 4.01 - -4 * -0.5 = 2.01
time: 174	PE: 7	op: 0 - 1 * -1 = 1
time: 175	PE: 0	op: 1000.29 - -0.0512405 * -1.23899 = 1000.23
time: 175	PE: 1	op: 0.0159413 - -3.19068e-12 * -3.27764e-11 = 0.0159413
time: 175	PE: 2	op: 0 - 0.00570484 * -0.00513628 = 2.93016e-05
time: 175	PE: 3	op: 0 - 0.00570484 * -3.27764e-11 = 1.86984e-13
time: 175	PE: 4	op: 0 - -3.19068e-12 * -0.00513628 = -1.63882e-14
time: 175	PE: 5	op: 0.00712703 - -0.0001 * -0.904525 = 0.00703658
time: 175	PE: 6	op: 0 - -1000 * -1.00005e-15 = -1.00005e-12
time: 175	PE: 7	op: 2000 - -1000 * -0.999792 = 1000.21
time: 175	PE: 8	op: -1 / 1 = -1
time: 175	PE: 9	op: -8.33958 / 1 = -8.33958
time: 176	PE: 0	op: 0.065588 - -0.0641547 * -0.724584 = 0.0191026
time: 176	PE: 1	op: 0 - -0.0005 * -3.27764e-11 = -1.63882e-14
time: 176	PE: 2	op: 0 - -1 * -2325.58 = -2325.58
time: 176	PE: 3	op: 0.0100098 - -9.55319e-13 * -1.00005e-15 = 0.0100098
time: 176	PE: 4	op: 0 - -2e-31 * -1 = -2e-31
time: 176	PE: 5	op: 0 - -0.0641547 * 0.0910965 = 0.00584427
time: 176	PE: 6	op: -3.11007e-05 / 6.24013e-05 = -0.498399
time: 176	PE: 7	op: -7.69231e-05 - -18.1961 * -1 = -18.1962
time: 176	PE: 8	op: -4 / 1 = -4
time: 177	PE: 0	op: -1.01839e-12 / 0.0100098 = -1.0174e-10
time: 177	PE: 1	op: -1.38368e-16 / 0.0100098 = -1.38233e-14
time: 177	PE: 2	op: -9.55319e-13 / 0.0100098 = -9.54387e-11
time: 177	PE: 3	op: -0.0165568 / 0.0973468 = -0.170081
time: 177	PE: 4	op: 3000.12 - -1e-12 * -1.6631e-13 = 3000.12
time: 177	PE: 5	op: 100008 - -100000 * -0.999998 = 8.53906
time: 177	PE: 6	op: 0 - -0.0234082 * -0.724584 = -0.0169612
time: 177	PE: 7	op: 1000.05 - -1000 * -1 = 0.0454712
time: 177	PE: 8	op: -0.882613 / 0.882613 = -1
time: 177	PE: 9	op: -1 / 1 = -1
time: 177	PE: 10	op: 0 - 3.20513 * -691.489 = 2216.31
time: 178	PE: 0	op: 1000 - 1.84434e-12 * -1.00006e-15 = 1000
time: 178	PE: 1	op: 0 - -1000 * -1.00006e-15 = -1.00006e-12
time: 178	PE: 2	op: 0 - -0.20809 * -0.999792 = -0.208046
time: 178	PE: 3	op: -1000 / 1000 = -1
time: 178	PE: 4	op: 0 - -1000 * 1.71249e-05 = 0.0171249
time: 178	PE: 5	op: -1.65498e-06 / 1000 = -1.65498e-09
time: 178	PE: 6	op: -3.00339e-05 / 3.02838e-05 = -0.991749
time: 178	PE: 7	op: 0 - -0.0001 * -0.000452262 = -4.52262e-08
time: 178	PE: 8	op: 100001 / 1 = 100001
time: 178	PE: 9	op: 0 - -1.99969e-31 * 1705.43 = 3.41033e-28
time: 179	PE: 0	op: 0 - -1 * -1 = -1
time: 179	PE: 1	op: -4.65498e-08 / 6.57458 = -7.08027e-09
time: 179	PE: 2	op: 0 - 0.0171249 * -1 = 0.0171249
time: 179	PE: 3	op: 1e+06 - -0.5 * -0.2 = 1e+06
time: 179	PE: 4	op: -100000 / 100000 = -1
time: 179	PE: 5	op: 100000 - -100000 * -1 = 0
time: 179	PE: 6	op: 100000 - -0.01 * -0.00497512 = 100000
time: 179	PE: 7	op: 0 - -1 * 8.33333 = 8.33333
time: 179	PE: 8	op: 0 - 18.1933 * 310.078 = -5641.34
time: 180	PE: 0	op: 0.609802 - -0.20809 * -0.000208018 = 0.609759
time: 180	PE: 1	op: 1000.1 - -1000 * -1 = 0.104919
time: 180	PE: 2	op: 4.15882 - -0.0234082 * 0.0910965 = 4.16095
time: 180	PE: 3	op: -6.57458 / 6.57458 = -1
time: 180	PE: 4	op: -3.11007e-05 / 6.24013e-05 = -0.498399
time: 180	PE: 5	op: -4.52262e-08 / 3.02838e-05 = -0.00149342
time: 180	PE: 6	op: -0.0005 / 100000 = -5e-09
time: 180	PE: 7	op: -100000 / 100000 = -0.999998
time: 180	PE: 8	op: 1.2987 / 1 = 1.2987
time: 180	PE: 9	op: -1.2987 / 1 = -1.2987
time: 181	PE: 0	op: 0.430115 - -1.00007e-12 * 1.84431e-15 = 0.430115
time: 181	PE: 1	op: 0 - -1000 * 1.84431e-15 = 1.84431e-12
time: 181	PE: 2	op: 2000 - -1000 * -1 = 1000
time: 181	PE: 3	op: 1e+06 - -1e+06 * -1 = 3.5625
time: 181	PE: 4	op: -4.48531e-08 / 0.882613 = -5.08185e-08
time: 181	PE: 5	op: -691.489 / 1 = -691.489
time: 181	PE: 6	op: -1e-08 - -99984.7 * -2e-36 = -1e-08
time: 181	PE: 7	op: -7047.87 - 1 * 22553.2 = -29601.1
time: 181	PE: 8	op: 0 - 1 * -0.0401614 = 0.0401614
time: 182	PE: 0	op: -1.01839e-12 / 0.0100098 = -1.0174e-10
time: 182	PE: 1	op: -1.38368e-16 / 0.0100098 = -1.38233e-14
time: 182	PE: 2	op: -9.55319e-13 / 0.0100098 = -9.54387e-11
time: 182	PE: 3	op: 0 - -0.0030303 * -1 = -0.0030303
time: 182	PE: 5	op: -0.0030303 / 1e+06 = -3.0303e-09
time: 182	PE: 6	op: -100000 / 100000 = -1
time: 182	PE: 7	op: -1 / 1 = -1
time: 182	PE: 8	op: 1000.26 - -0.257971 * -0.340344 = 1000.17
time: 183	PE: 1	op: 0 - -1.00007e-12 * -1 = -1.00007e-12
time: 183	PE: 2	op: 0.115915 - -0.115915 * -0.91694 = 0.00962788
time: 183	PE: 3	op: 0 - -0.0005 * -0.91694 = -0.00045847
time: 183	PE: 4	op: 3000.12 - -1.00023e-12 * -0.00191427 = 3000.12
time: 183	PE: 5	op: -2325.58 / 1 = -2325.58
time: 183	PE: 6	op: -0.000324675 - -0.714286 * -1 = -0.71461
time: 183	PE: 7	op: -0.01 / 2.01 = -0.00497512
time: 183	PE: 8	op: -0.714286 / 1 = -0.714286
time: 184	PE: 0	op: 1e+06 - 3.20513 * -1 = 1e+06
time: 184	PE: 1	op: -1000 / 1000 = -1
time: 184	PE: 2	op: 0 - -0.20809 * -0.999792 = -0.208046
time: 184	PE: 3	op: -1.65437e-06 / 0.0454712 = -3.63828e-05
time: 184	PE: 4	op: -0.0454545 / 0.0454712 = -0.999634
time: 184	PE: 5	op: -2e-31 / 100000 = -2e-36
time: 184	PE: 6	op: 1.70543e+08 / 100000 = 1705.43
time: 184	PE: 7	op: 0 - -100000 * -2325.58 = -2.32558e+08
time: 185	PE: 0	op: 0 - -3.19068e-12 * -0.170081 = -5.42673e-13
time: 185	PE: 1	op: 0.0191264 - 0.00570484 * -0.170081 = 0.0200967
time: 185	PE: 2	op: -0.0245335 - -0.0245335 * -1.38233e-14 = -0.0245335
time: 185	PE: 3	op: 1000.05 - -0.0245335 * -1.0174e-10 = 1000.05
time: 185	PE: 5	op: -2.40744e-07 - 0.0245335 * -9.54387e-11 = -2.40741e-07
time: 185	PE: 7	op: 0.882613 - -0.882613 * -1 = 2.38419e-07
time: 185	PE: 8	op: -3.33333e-05 - -100000 * -1.18e-35 = -3.33333e-05
time: 186	PE: 0	op: 0 - -0.0245335 * -9.54387e-11 = -2.34144e-12
time: 186	PE: 1	op: 0 - 8.33333 * -1 = 8.33333
time: 186	PE: 2	op: 0 - 1.84434e-12 * -1 = 1.84434e-12
time: 186	PE: 3	op: -4.06174 / 4.16095 = -0.976157
time: 186	PE: 4	op: -0.0490669 - 0.0245335 * -1.0174e-10 = -0.0490669
time: 186	PE: 5	op: -0.0169612 / 4.16095 = -0.00407628
time: 186	PE: 6	op: 0.0262451 - 0.0245335 * -1.38233e-14 = 0.0262451
time: 186	PE: 7	op: -3.33333e-05 - -1 * -8.33958 = -8.33962
time: 186	PE: 8	op: -2.46305e-06 - -1.29931 * -1 = -1.29931
time: 187	PE: 0	op: 0 - -0.0005 * -0.170081 = -8.50403e-05
time: 187	PE: 1	op: 0.697998 - -1.00005e-12 * -9.54387e-11 = 0.697998
time: 187	PE: 2	op: 1000.03 - 0.0171249 * -1.65498e-09 = 1000.03
time: 187	PE: 3	op: 0.0169817 - 3.05176e-09 * -7.08027e-09 = 0.0169817
time: 187	PE: 4	op: 0 - -1.00005e-12 * -1.0174e-10 = -1.01745e-22
time: 187	PE: 5	op: 0 - -6.57458 * -7.08027e-09 = -4.65498e-08
time: 187	PE: 6	op: -1 / 1 = -1
time: 187	PE: 7	op: -0.0030303 / 1e+06 = -3.0303e-09
time: 187	PE: 8	op: 0 - 0.714286 * -1 = 0.714286
time: 188	PE: 0	op: 6.5625 - -6.57458 * -1 = -0.0120797
time: 188	PE: 1	op: 0.00703658 - -4.52262e-08 * -0.00149342 = 0.00703658
time: 188	PE: 2	op: 0 - 3.05176e-09 * -1 = 3.05176e-09
time: 188	PE: 3	op: -1000 / 1000 = -1
time: 188	PE: 4	op: 1.84432e-12 / 1000 = 1.84432e-15
time: 188	PE: 5	op: 1.84431e-12 / 1000 = 1.84431e-15
time: 188	PE: 7	op: 0.0033309 - -1.00005e-12 * -1.38233e-14 = 0.0033309
time: 188	PE: 8	op: 0 - -3.00339e-05 * -0.00149342 = -4.48531e-08
time: 188	PE: 9	op: 0 - 0.0171249 * -1 = 0.0171249
time: 188	PE: 10	op: -2e-31 / -0.000275135 = 7.26916e-28
time: 188	PE: 11	op: -5641.34 - 8.33958 * -465.116 = -1762.46
time: 189	PE: 0	op: -9.38897e-12 / 0.00962788 = -9.75186e-10
time: 189	PE: 1	op: -4.42388e-10 / 0.00962788 = -4.59486e-08
time: 189	PE: 2	op: -0.00045847 / 0.00962788 = -0.047619
time: 189	PE: 3	op: 3000.12 - -5.56905e-06 * -5.21319e-05 = 3000.12
time: 189	PE: 4	op: 0 - -1000 * -1.65498e-09 = -1.65498e-06
time: 189	PE: 5	op: 0 - -100000 * -5e-09 = -0.0005
time: 189	PE: 6	op: 100027 - -100000 * -0.999998 = 26.7344
time: 189	PE: 7	op: -0.000606061 - -1 * -1.2987 = -1.29931
time: 189	PE: 8	op: -1000 / 1000.17 = -0.99983
time: 190	PE: 0	op: 0.430115 - -1.00005e-12 * -9.54387e-11 = 0.430115
time: 190	PE: 1	op: -0.0245335 - -0.0245335 * -1.38233e-14 = -0.0245335
time: 190	PE: 2	op: 1000.05 - -0.0245335 * -1.0174e-10 = 1000.05
time: 190	PE: 4	op: 0 - -1.00005e-12 * -1.0174e-10 = -1.01745e-22
time: 190	PE: 5	op: 0 - -0.0005 * -1 = -0.0005
time: 190	PE: 7	op: 0.00333093 - -1.00005e-12 * -1.38233e-14 = 0.00333093
time: 190	PE: 8	op: -1.33333e-06 - -0.71461 * -1 = -0.714612
time: 191	PE: 0	op: 0 - -0.0245335 * -9.54387e-11 = -2.34144e-12
time: 191	PE: 1	op: -0.0245335 / 1000.05 = -2.45323e-05
time: 191	PE: 2	op: -1000 / 1000.05 = -0.999951
time: 191	PE: 3	op: -0.0490669 - 0.0245335 * -1.0174e-10 = -0.0490669
time: 191	PE: 4	op: 0.0113214 - -4.48531e-08 * -5.08185e-08 = 0.0113214
time: 191	PE: 5	op: 0.882644 - -3.11007e-05 * -0.498399 = 0.882628
time: 191	PE: 6	op: 0.0262451 - 0.0245335 * -1.38233e-14 = 0.0262451
time: 191	PE: 7	op: 0 - -3.11007e-05 * -0.498399 = -1.55006e-05
time: 191	PE: 8	op: 0 - -1 * 100001 = 100001
time: 192	PE: 0	op: 100000 - -0.01 * -0.00497512 = 100000
time: 192	PE: 2	op: 0 - -1.00006e-12 * -1 = -1.00006e-12
time: 192	PE: 3	op: -2.34144e-12 / 1000.05 = -2.34133e-15
time: 192	PE: 4	op: -2.40746e-07 - 0.0245335 * -9.54387e-11 = -2.40744e-07
time: 192	PE: 5	op: 0 - -3.20513 * -691.489 = -2216.31
time: 192	PE: 6	op: 0 - -0.71461 * -2325.58 = -1661.88
time: 192	PE: 7	op: -3.33333e-05 - -8.33958 * -1 = -8.33962
time: 192	PE: 8	op: 0 - -8.33958 * -465.116 = -3878.88
time: 193	PE: 0	op: 0 - 0.0171249 * -0.999634 = 0.0171187
time: 193	PE: 1	op: 1000.03 - 0.0171249 * -3.63828e-05 = 1000.03
time: 193	PE: 2	op: 2000 - -1000 * -1 = 1000
time: 193	PE: 3	op: 0.00594149 / 0.0169817 = 0.349875
time: 193	PE: 4	op: -0.0129202 / 0.0169817 = -0.760832
time: 193	PE: 5	op: 100001 - -100000 * -1 = 0.71875
time: 193	PE: 6	op: -1 / 2.38419e-07 = -4.1943e+06
time: 193	PE: 7	op: 0 - -4.48531e-08 * -1 = -4.48531e-08
time: 193	PE: 8	op: -1e+06 / 1e+06 = -1
time: 193	PE: 9	op: -1000 - 0.00167203 * -1 = -999.998
time: 194	PE: 0	op: 0.0191026 - 0.00584427 * -0.00407628 = 0.0191264
time: 194	PE: 1	op: 0 - -4.06174 * -0.00407628 = -0.0165568
time: 194	PE: 2	op: 4.06224 - -4.06174 * -0.976157 = 0.0973468
time: 194	PE: 3	op: 0 - 0.00584427 * -0.976157 = 0.00570493
time: 194	PE: 4	op: 3.05176e-09 / 0.0169817 = 1.79709e-07
time: 194	PE: 5	op: 0 - -0.882613 * -5.08185e-08 = -4.48531e-08
time: 194	PE: 6	op: 0 - -3.20513 * -1 = -3.20513
time: 194	PE: 7	op: 0 - -4.52262e-08 * -0.991749 = -4.48531e-08
time: 194	PE: 8	op: -1000 - -1000 * -1.03213e-15 = -1000
time: 195	PE: 0	op: 1000.23 - -0.0030303 * -3.0303e-09 = 1000.23
time: 195	PE: 1	op: 0 - -0.0454545 * -3.63828e-05 = -1.65376e-06
time: 195	PE: 2	op: 0 - -1e+06 * -3.0303e-09 = -0.0030303
time: 195	PE: 3	op: 0 - -100000 * -1 = -100000
time: 195	PE: 4	op: -1.33333e-06 - -0.71461 * -1 = -0.714612
time: 195	PE: 5	op: -9.30233e-29 - -100000 * -2325.58 = -2.32558e+08
time: 195	PE: 6	op: 0.882643 - -3.00339e-05 * -0.991749 = 0.882613
time: 195	PE: 7	op: 100000 - -0.0005 * -5e-09 = 100000
time: 195	PE: 9	op: -1762.46 - -2e-31 * -2325.58 = -1762.46
time: 196	PE: 0	op: 0.104858 - -1.00006e-12 * 1.84432e-15 = 0.104858
time: 196	PE: 1	op: 0 - -1.00007e-12 * 1.84432e-15 = 1.84444e-27
time: 196	PE: 2	op: -2.03347e-07 - -1000 * 1.84432e-15 = -2.03345e-07
time: 196	PE: 3	op: 1000 - -1000 * -1 = 0.00152588
time: 196	PE: 5	op: -0.0245335 / 1000.05 = -2.45323e-05
time: 196	PE: 6	op: -1000 / 1000.05 = -0.999951
time: 196	PE: 7	op: 0 - -0.71461 * -2325.58 = -1661.88
time: 196	PE: 8	op: 0.882644 - -3.11007e-05 * -0.498399 = 0.882628
time: 197	PE: 0	op: 0 - -1.00006e-12 * 1.84431e-15 = 1.84443e-27
time: 197	PE: 1	op: 0.430115 - -1.00007e-12 * 1.84431e-15 = 0.430115
time: 197	PE: 2	op: 0 - -1000 * 1.84431e-15 = 1.84431e-12
time: 197	PE: 3	op: 18.1987 - -8.41421e-12 * -9.75186e-10 = 18.1987
time: 197	PE: 4	op: -0.00149684 - -1.00006e-12 * -1 = -0.00149684
time: 197	PE: 5	op: -5.90855e-11 - -8.41421e-12 * -4.59486e-08 = -5.90855e-11
time: 197	PE: 6	op: 0 - -8.41421e-12 * -0.047619 = -4.00676e-13
time: 197	PE: 7	op: -2.34144e-12 / 1000.05 = -2.34133e-15
time: 197	PE: 8	op: 0 - -0.00045847 * -9.75186e-10 = -4.47093e-13
time: 197	PE: 9	op: 0 - -4.43362e-10 * -0.047619 = -2.11125e-11
time: 197	PE: 10	op: -2216.31 / 3.5625 = -622.123
time: 198	PE: 1	op: 0 - 0.000275093 * 7.26916e-28 = -1.99969e-31
time: 198	PE: 2	op: -5.81108e-11 - -4.43362e-10 * -9.75186e-10 = -5.81108e-11
time: 198	PE: 3	op: 0 - -1e+06 * -3.0303e-09 = -0.0030303
time: 198	PE: 4	op: 1.84434e-12 / 1000 = 1.84434e-15
time: 198	PE: 5	op: 1000.05 - -1000 * -1 = 0.0454712
time: 198	PE: 6	op: 0 - -99984.7 * -1 = -99984.7
time: 198	PE: 7	op: -0.000324675 - -1 * -0.714286 = -0.71461
time: 198	PE: 8	op: -0.01 / 0.0100102 = -0.998979
time: 199	PE: 0	op: 0 - -1.00007e-12 * -1 = -1.00007e-12
time: 199	PE: 1	op: 1000.03 - -1000 * -0.999951 = 0.0786743
time: 199	PE: 2	op: -0.00837078 - -1.01745e-22 * -0.999951 = -0.00837078
time: 199	PE: 3	op: -1000 / 1000 = -1
time: 199	PE: 4	op: 1.84433e-12 / 1000 = 1.84433e-15
time: 199	PE: 5	op: 8.53906 - 18.1933 * -1 = 26.7324
time: 199	PE: 6	op: 0 - -0.00045847 * -4.59486e-08 = -2.10661e-11
time: 199	PE: 7	op: -0.00503963 - -1000 * -2.45323e-05 = -0.0295719
time: 199	PE: 8	op: 0.0033309 - -1.01745e-22 * -2.45323e-05 = 0.0033309
time: 199	PE: 9	op: -999.998 / 1000 = -0.999998
time: 199	PE: 10	op: 0.0401614 / -0.0401614 = -1
time: 200	PE: 0	op: 0.697998 - -1.01745e-22 * -2.34133e-15 = 0.697998
time: 200	PE: 1	op: -0.00503964 - -1000 * -2.34133e-15 = -0.00503964
time: 200	PE: 2	op: -0.0165568 / 0.0973468 = -0.170081
time: 200	PE: 3	op: -0.0005 / 0.0973468 = -0.00513628
time: 200	PE: 4	op: -0.00170849 - -0.0490669 * -0.999951 = -0.050773
time: 200	PE: 5	op: -2.40741e-07 - -0.0490669 * -2.34133e-15 = -2.40741e-07
time: 200	PE: 6	op: 0.0262451 - -0.0490669 * -2.45323e-05 = 0.0262439
time: 200	PE: 7	op: -4.48531e-08 / 2.38419e-07 = -0.188127
time: 200	PE: 8	op: -0.000606061 - -1.2987 * -1 = -1.29931
time: 200	PE: 9	op: 0 - 1.2987 * -1 = 1.2987
time: 201	PE: 0	op: 0.0159413 - -0.00573945 * -0.760832 = 0.0115745
time: 201	PE: 1	op: -0.00302089 - -0.0012393 * -0.760832 = -0.00396379
time: 201	PE: 2	op: -3.19068e-12 / 0.0973468 = -3.27764e-11
time: 201	PE: 3	op: 1e+06 - -1e+06 * -1 = 3.5625
time: 201	PE: 4	op: 1.29772 - -4.43362e-10 * -4.59486e-08 = 1.29772
time: 201	PE: 5	op: 0.00559398 - -0.0012393 * 0.349875 = 0.00602758
time: 201	PE: 6	op: -1e-08 - -99984.7 * -2e-36 = -1e-08
time: 201	PE: 7	op: 18.1818 / 1 = 18.1818
time: 202	PE: 0	op: -0.0120797 - -4.65498e-08 * 1.79709e-07 = -0.0120797
time: 202	PE: 1	op: 0 - -0.00573945 * 1.79709e-07 = 1.03143e-09
time: 202	PE: 2	op: 0 - -0.0012393 * 1.79709e-07 = 2.22714e-10
time: 202	PE: 3	op: 0 - -4.65498e-08 * -0.760832 = -3.54166e-08
time: 202	PE: 4	op: -0.00149663 / 0.00152588 = -0.980834
time: 202	PE: 5	op: -2.03345e-07 / 0.00152588 = -0.000133264
time: 202	PE: 6	op: -4.47093e-13 / 100000 = -4.47093e-18
time: 202	PE: 7	op: -2.10661e-11 / 100000 = -2.10661e-16
time: 202	PE: 8	op: -100000 / 100000 = -1
time: 202	PE: 9	op: 100000 - -0.00045847 * -0.047619 = 100000
time: 202	PE: 10	op: -1.29931 / -0.000275135 = 4722.44
time: 203	PE: 0	op: 1.84431e-12 / 0.00152588 = 1.20869e-09
time: 203	PE: 1	op: 0 - -0.0030303 * -1 = -0.0030303
time: 203	PE: 2	op: 0 - -4.48531e-08 * -4.1943e+06 = -0.188127
time: 203	PE: 3	op: -0.882613 / 0.882628 = -0.999982
time: 203	PE: 4	op: 0 - -3.11007e-05 * -0.498399 = -1.55006e-05
time: 203	PE: 5	op: -0.0005 / 0.71875 = -0.000695652
time: 203	PE: 6	op: -0.714612 / 0.71875 = -0.994242
time: 203	PE: 7	op: -2.32558e+08 / 100000 = -2325.58
time: 203	PE: 8	op: 10.1953 - -1.18e-30 * -1.18e-35 = 10.1953
time: 204	PE: 0	op: 1000.03 - -1000 * -0.999951 = 0.0787354
time: 204	PE: 1	op: -0.00837087 - -1.01745e-22 * -0.999951 = -0.00837087
time: 204	PE: 2	op: 3000.12 - -6.84008e-07 * -6.403e-06 = 3000.12
time: 204	PE: 3	op: -0.00170851 - -0.0490669 * -0.999951 = -0.050773
time: 204	PE: 4	op: -1e-08 - -1.99969e-31 * -1 = -1e-08
time: 204	PE: 5	op: -1.65498e-06 / 0.0454712 = -3.63963e-05
time: 204	PE: 6	op: 0 - -4.65498e-08 * 0.349875 = 1.62866e-08
time: 204	PE: 7	op: -1.55006e-05 / 0.882628 = -1.75618e-05
time: 204	PE: 8	op: -0.71461 / 1 = -0.71461
time: 204	PE: 9	op: -1762.46 - -1.99969e-31 * 1705.43 = -1762.46
time: 205	PE: 0	op: 0.430115 - -1.01745e-22 * -2.34133e-15 = 0.430115
time: 205	PE: 1	op: -0.00503969 - -1000 * -2.34133e-15 = -0.00503969
time: 205	PE: 2	op: -2.40744e-07 - -0.0490669 * -2.34133e-15 = -2.40744e-07
time: 205	PE: 3	op: 26.7344 - -1.99969e-31 * -2e-36 = 26.7344
time: 205	PE: 4	op: 0.0262451 - -0.0490669 * -2.45323e-05 = 0.0262439
time: 205	PE: 5	op: 0.00333093 - -1.01745e-22 * -2.45323e-05 = 0.00333093
time: 205	PE: 6	op: -0.882613 / 0.882613 = -1
time: 205	PE: 7	op: -0.0030303 / 3.5625 = -0.000850611
time: 205	PE: 8	op: -1661.88 / 0.71875 = -2312.19
time: 205	PE: 9	op: -2.32558e+08 - -99984.7 * 1705.43 = -6.20416e+07
time: 206	PE: 0	op: 0.104919 - -1.00006e-12 * 1.84434e-15 = 0.104919
time: 206	PE: 1	op: 0 - -1000 * 1.84434e-15 = 1.84434e-12
time: 206	PE: 2	op: -2.46305e-06 - -1.29931 * -1 = -1.29931
time: 206	PE: 3	op: 0 - -3.20513 * -1 = -3.20513
time: 206	PE: 4	op: -0.00625 - -8.33333 * -1 = -8.33958
time: 206	PE: 5	op: 1000 - -1e-12 * -6.95e-11 = 1000
time: 207	PE: 0	op: 0 - -1.00006e-12 * 1.84433e-15 = 1.84445e-27
time: 207	PE: 1	op: 0.697998 - -1.00007e-12 * 1.84433e-15 = 0.697998
time: 207	PE: 2	op: 0 - -1000 * 1.84433e-15 = 1.84433e-12
time: 207	PE: 3	op: 1000.03 - -0.01 * -0.998979 = 1000.02
time: 207	PE: 4	op: 1000.21 - -1000 * -0.999998 = 0.209656
time: 207	PE: 5	op: -0.0030303 / 3.5625 = -0.000850611
time: 207	PE: 6	op: -3.20513 / 3.5625 = -0.899685
time: 207	PE: 7	op: -0.714612 / 0.71875 = -0.994242
time: 207	PE: 8	op: -2216.31 / 3.5625 = -622.123
time: 207	PE: 9	op: 1.2987 / 1 = 1.2987
time: 207	PE: 10	op: 2216.31 - -3.20513 * -622.123 = 222.329
time: 208	PE: 0	op: 0.0459821 - -0.0005 * -0.00513628 = 0.0459795
time: 208	PE: 1	op: 0 - -3.19068e-12 * -0.170081 = -5.42672e-13
time: 208	PE: 2	op: 0.0191264 - 0.00570493 * -0.170081 = 0.0200967
time: 208	PE: 3	op: 0 - -3.19068e-12 * -0.00513628 = -1.63882e-14
time: 208	PE: 4	op: 0 - -0.0005 * -0.170081 = -8.50403e-05
time: 208	PE: 5	op: 0 - 0.00602758 * -1 = 0.00602758
time: 208	PE: 6	op: -1 - 0.00602758 * 1e-05 = -1
time: 208	PE: 8	op: -0.0102017 - -0.00573945 * 0.349875 = -0.00819365
time: 208	PE: 9	op: 0 - -0.0030303 * -622.123 = -1.88522
time: 209	PE: 0	op: 0 - 0.00570493 * -0.00513628 = 2.93021e-05
time: 209	PE: 1	op: 0 - 0.00570493 * -3.27764e-11 = 1.86987e-13
time: 209	PE: 2	op: 0 - -0.0005 * -3.27764e-11 = -1.63882e-14
time: 209	PE: 3	op: -2.40741e-07 / 0.0262439 = -9.17323e-06
time: 209	PE: 4	op: -0.0454545 / 0.0454712 = -0.999634
time: 209	PE: 5	op: 0 - -0.188127 * 0.00641026 = 0.00120594
time: 209	PE: 7	op: 0 - -1.00007e-12 * -1 = -1.00007e-12
time: 210	PE: 0	op: 0.104858 - -0.00149684 * -0.000133264 = 0.104858
time: 210	PE: 1	op: 0.0115745 - -3.19068e-12 * -3.27764e-11 = 0.0115745
time: 210	PE: 2	op: 0 - 1.62866e-08 * 1e-05 = -1.62866e-13
time: 210	PE: 3	op: 0 - 1.62866e-08 * -1 = 1.62866e-08
time: 210	PE: 4	op: 1000 - -1000 * -1 = 0.00152588
time: 210	PE: 5	op: 0.0168419 - -4.00676e-13 * -4.47093e-18 = 0.0168419
time: 210	PE: 6	op: 0 - -100000 * -4.47093e-18 = -4.47093e-13
time: 210	PE: 7	op: -4.48531e-08 / 0.882613 = -5.08185e-08
time: 211	PE: 0	op: 1.84443e-27 - -0.00149684 * 1.20869e-09 = 1.80921e-12
time: 211	PE: 1	op: -1.00029e-12 - -1.00029e-12 * -0.000133264 = -1.00042e-12
time: 211	PE: 2	op: 0 - -1.00029e-12 * 1.20869e-09 = 1.20903e-21
time: 211	PE: 3	op: 1000 - -1.00029e-12 * -0.980834 = 1000
time: 211	PE: 4	op: 0.00149663 - -0.00149684 * -0.980834 = 2.84849e-05
time: 211	PE: 5	op: 0.0113214 - -4.48531e-08 * -0.188127 = 0.0113214
time: 211	PE: 7	op: 0 - -1.55006e-05 * -0.999982 = -1.55003e-05
time: 211	PE: 8	op: 0 - -1 * 18.1818 = 18.1818
time: 211	PE: 9	op: 1.70516e+08 - -100000 * -2325.58 = -6.20416e+07
time: 212	PE: 0	op: 1.84444e-27 - -1.00007e-12 * -0.000133264 = -1.33273e-16
time: 212	PE: 1	op: 0.430115 - -1.00007e-12 * 1.20869e-09 = 0.430115
time: 212	PE: 3	op: 1.84434e-12 / 1000 = 1.84434e-15
time: 212	PE: 5	op: 0 - -1.00007e-12 * -0.980834 = -9.80901e-13
time: 212	PE: 6	op: -5.90855e-11 - -4.00676e-13 * -2.10661e-16 = -5.90855e-11
time: 212	PE: 7	op: 26.7324 - -1.99969e-31 * -2e-36 = 26.7324
time: 212	PE: 8	op: 0.714286 / 1 = 0.714286
time: 213	PE: 0	op: 0 - -0.0005 * -2312.19 = -1.15609
time: 213	PE: 1	op: 3000.12 - -1000 * -1 = 2000.12
time: 213	PE: 2	op: 0.0787354 - 0.0171249 * -3.63963e-05 = 0.078736
time: 213	PE: 3	op: 0.882628 - -1.55006e-05 * -1.75618e-05 = 0.882628
time: 213	PE: 4	op: -0.00149685 - -1.00006e-12 * -1 = -0.00149685
time: 213	PE: 5	op: 0 - -0.882613 * -1.75618e-05 = -1.55003e-05
time: 213	PE: 6	op: -0.00503968 - -1000 * -2.45323e-05 = -0.0295719
time: 213	PE: 7	op: -0.050773 / 0.0262439 = -1.93466
time: 214	PE: 0	op: 0 - -0.00819365 * -1 = -0.00819365
time: 214	PE: 1	op: -0.00396379 / -1 = 0.00396379
time: 214	PE: 2	op: 0 - -0.00819365 * 1e-05 = 8.19365e-08
time: 214	PE: 3	op: -0.00133333 / -1 = 0.00133333
time: 214	PE: 4	op: 2.22714e-10 / -1 = -2.22714e-10
time: 214	PE: 5	op: 0.00602758 / -1 = -0.00602758
time: 214	PE: 6	op: 0 - -3.20513 * -0.000850611 = -0.00272632
time: 214	PE: 8	op: -29601.1 / -1 = 29601.1
time: 215	PE: 0	op: 1000.23 - -0.0030303 * -0.000850611 = 1000.23
time: 215	PE: 1	op: 0 - -0.0030303 * -0.899685 = -0.00272632
time: 215	PE: 2	op: 0 - -0.0030303 * -622.123 = -1.88522
time: 215	PE: 3	op: -1000 / 1000.02 = -0.999984
time: 215	PE: 4	op: -0.01138 / 1000.02 = -1.13798e-05
time: 215	PE: 5	op: -0.0005 / 1000.02 = -4.99992e-07
time: 215	PE: 6	op: -2.5641e-05 / 0.209656 = -0.000122301
time: 215	PE: 7	op: 0 - -4.48531e-08 * -1 = -4.48531e-08
time: 215	PE: 8	op: -0.208018 / 0.209656 = -0.992187
time: 215	PE: 9	op: 0 - -1 * -0.188127 = -0.188127
time: 216	PE: 0	op: -100000 - -0.0005 * -0.994242 = -100000
time: 216	PE: 1	op: -0.00149664 / 0.00152588 = -0.980841
time: 216	PE: 2	op: -1e-08 - -2e-31 * -1 = -1e-08
time: 216	PE: 3	op: -0.050773 / 0.0262439 = -1.93466
time: 216	PE: 4	op: 0 - -1 * -4.1943e+06 = -4.1943e+06
time: 216	PE: 5	op: -3.20513 / 3.5625 = -0.899685
time: 216	PE: 6	op: 0.882613 - -0.882613 * -1 = 2.38419e-07
time: 216	PE: 7	op: 100000 - -0.0005 * -0.000695652 = 100000
time: 217	PE: 0	op: 0.0459795 - -0.0454545 * -0.999634 = 0.000541598
time: 217	PE: 1	op: 0.697998 - 0.0033309 * -9.17323e-06 = 0.697998
time: 217	PE: 2	op: -0.00503964 - -0.0295719 * -9.17323e-06 = -0.00503991
time: 217	PE: 3	op: 0 - 0.0171249 * -0.999634 = 0.0171187
time: 217	PE: 4	op: -1000 / 1000 = -1
time: 217	PE: 5	op: 0.0168419 - 18.1818 * -1 = 18.1987
time: 217	PE: 6	op: -1661.88 / 0.71875 = -2312.19
time: 217	PE: 7	op: -8.33958 / 1 = -8.33958
time: 217	PE: 8	op: 10.1953 - -8.89759 * -1 = 1.29772
time: 218	PE: 0	op: 0.00703658 - -4.48531e-08 * -5.08185e-08 = 0.00703658
time: 218	PE: 1	op: 1.20903e-21 / 1000 = 1.20903e-24
time: 218	PE: 2	op: 0 - -0.882613 * -5.08185e-08 = -4.48531e-08
time: 218	PE: 3	op: -99984.7 - 100001 * -1 = 16.0391
time: 218	PE: 4	op: -100000 - -0.0005 * -0.994242 = -100000
time: 218	PE: 5	op: 100000 - -1 * 1.2987 = 100001
time: 219	PE: 0	op: -1.00042e-12 / 1000 = -1.00042e-15
time: 219	PE: 1	op: 1.84433e-12 / 0.00152588 = 1.2087e-09
time: 219	PE: 2	op: 2000.12 - -0.0030303 * -3.0303e-09 = 2000.12
time: 219	PE: 3	op: -2.40744e-07 / 0.0262439 = -9.17333e-06
time: 219	PE: 4	op: 0.0830078 - -0.037037 * -0.999695 = 0.0459821
time: 220	PE: 0	op: 0.104919 - -1.00006e-12 * 1.84434e-15 = 0.104919
time: 220	PE: 1	op: 0 - -1.00007e-12 * 1.84434e-15 = 1.84446e-27
time: 220	PE: 2	op: -2.03348e-07 - -1000 * 1.84434e-15 = -2.03347e-07
time: 220	PE: 3	op: -1.15609 / 100000 = -1.15609e-05
time: 220	PE: 4	op: -0.000606061 - -1 * -1.2987 = -1.29931
time: 220	PE: 5	op: 1000 - 0.00167205 * -1.03213e-15 = 1000
time: 220	PE: 6	op: -1000 / 1000 = -1
time: 220	PE: 7	op: 0 - -18.1961 * 310.078 = 5642.2
time: 221	PE: 0	op: 0.078736 - -0.0295719 * -1.93466 = 0.0215243
time: 221	PE: 1	op: -0.00837087 - 0.00333093 * -1.93466 = -0.00192664
time: 221	PE: 2	op: 0 - -0.0454545 * -3.63963e-05 = -1.65438e-06
time: 221	PE: 3	op: -2.46305e-06 - -100000 * -2.10661e-16 = -2.46308e-06
time: 221	PE: 4	op: 200000 - -100000 * -1 = 100000
time: 221	PE: 5	op: 0 - -1.29931 * 1705.43 = 2215.87
time: 222	PE: 0	op: -0.0120797 - -1.62866e-13 * -2.22714e-10 = -0.0120797
time: 222	PE: 1	op: 0 - 1 * -2.22714e-10 = 2.22714e-10
time: 222	PE: 2	op: 0 - 1.33333e-08 * -2.22714e-10 = 2.96952e-18
time: 222	PE: 3	op: -0.00133333 - 1.33333e-08 * -0.00602758 = -0.00133333
time: 222	PE: 4	op: -5.42672e-13 - 8.19365e-08 * 0.00133333 = -1.09791e-10
time: 222	PE: 5	op: -0.00819365 - 8.19365e-08 * -0.00602758 = -0.00819365
time: 222	PE: 6	op: 0 - 1 * 0.00133333 = -0.00133333
time: 222	PE: 7	op: 1.62866e-08 - -1.62866e-13 * -0.00602758 = 1.62866e-08
time: 222	PE: 8	op: -100000 / 100000 = -1
time: 222	PE: 9	op: 8.33333 - 1 * -0.00602758 = 8.33936
time: 222	PE: 10	op: 0 - -4.1943e+06 * -0.00641026 = -26886.6
time: 223	PE: 0	op: 0.609759 - -0.208046 * -0.992187 = 0.403338
time: 223	PE: 1	op: 0 - -1000 * -4.99992e-07 = -0.000499992
time: 223	PE: 2	op: 1.03143e-09 - 8.19365e-08 * -2.22714e-10 = 1.03143e-09
time: 223	PE: 3	op: 0.0115745 - 8.19365e-08 * 0.00396379 = 0.0115745
time: 223	PE: 5	op: 0 - -2.5641e-05 * -0.992187 = -2.54407e-05
time: 223	PE: 6	op: 0 - -0.0005 * -1.13798e-05 = -5.68992e-09
time: 223	PE: 7	op: -5.81108e-11 - -2.11125e-11 * -4.47093e-18 = -5.81108e-11
time: 224	PE: 0	op: 0 - -1000 * -1.13798e-05 = -0.0113798
time: 224	PE: 1	op: 1000.01 - -1000 * -0.999984 = 0.0245361
time: 224	PE: 3	op: 0 - -0.0005 * -0.999984 = -0.000499992
time: 224	PE: 4	op: -3.54166e-08 - -1.62866e-13 * 0.00396379 = -3.54166e-08
time: 224	PE: 5	op: 1e+06 - -3.20513 * -0.899685 = 1e+06
time: 224	PE: 6	op: 0 - -0.0030303 * -0.899685 = -0.00272632
time: 224	PE: 7	op: 1000 - -1.00029e-12 * -0.980841 = 1000
time: 225	PE: 1	op: 0 - 2.84849e-05 * -1 = 2.84849e-05
time: 225	PE: 2	op: 0 - -0.01138 * -0.999984 = -0.0113798
time: 225	PE: 3	op: 1.86987e-13 - 1.33333e-08 * 0.00396379 = -5.26635e-11
time: 225	PE: 4	op: 0 - 1 * 0.00396379 = -0.00396379
time: 225	PE: 5	op: 0 - -0.01138 * -4.99992e-07 = -5.68992e-09
time: 225	PE: 6	op: 23.8995 - -1 * -24.8995 = -1
time: 226	PE: 0	op: 1000.23 - -1000 * -1 = 0.227539
time: 226	PE: 1	op: 1.80921e-12 - 2.84849e-05 * 1.20903e-24 = 1.80921e-12
time: 226	PE: 2	op: -1.85848e-08 - -1000 * 1.20903e-24 = -1.85848e-08
time: 226	PE: 3	op: 1000.01 - -2.5641e-05 * -0.000122301 = 1000.01
time: 226	PE: 5	op: 0.0113214 - -0.01138 * -1.13798e-05 = 0.0113212
time: 226	PE: 6	op: 0.882644 - -0.882613 * -0.999982 = 4.673e-05
time: 227	PE: 0	op: 1.84445e-27 - -0.00149685 * 1.2087e-09 = 1.80924e-12
time: 227	PE: 1	op: 0.104858 - 2.84849e-05 * -1.00042e-15 = 0.104858
time: 227	PE: 2	op: -2.03347e-07 / 0.00152588 = -0.000133265
time: 227	PE: 3	op: 0.00149664 - -0.00149685 * -0.980841 = 2.84754e-05
time: 227	PE: 4	op: 0 - -0.208046 * -0.000122301 = -2.54442e-05
time: 227	PE: 5	op: -0.00239884 / 0.0215243 = -0.111448
time: 227	PE: 6	op: -4.48531e-08 / 2.38419e-07 = -0.188127
time: 227	PE: 7	op: -6.20416e+07 - 100001 * -2325.58 = 1.70518e+08
time: 227	PE: 8	op: 0 - 1 * -0.0401614 = 0.0401614
time: 228	PE: 0	op: 0.0200967 - 1.33333e-08 * 0.00133333 = 0.0200967
time: 228	PE: 1	op: 0 - -1.62866e-13 * 0.00133333 = 2.17155e-16
time: 228	PE: 2	op: -1.33273e-16 - -9.80901e-13 * -1.00042e-15 = -1.33273e-16
time: 228	PE: 3	op: 0 - -1.00029e-12 * 1.2087e-09 = 1.20905e-21
time: 228	PE: 4	op: 16.0391 - -0.714612 * -0.994242 = 15.3286
time: 228	PE: 5	op: 100000 - -1.18e-30 * -1.18e-35 = 100000
time: 229	PE: 0	op: 0 - -1000 * -1.00042e-15 = -1.00042e-12
time: 229	PE: 1	op: -1.09791e-10 / 0.0115745 = -9.48562e-09
time: 229	PE: 2	op: -1.63882e-14 / 0.0115745 = -1.41589e-12
time: 229	PE: 3	op: 1.03143e-09 / 0.0115745 = 8.91121e-08
time: 229	PE: 4	op: -0.00819365 / 0.0115745 = -0.707905
time: 229	PE: 5	op: 1 - -4.1943e+06 * 0.00641026 = 26887.6
time: 229	PE: 6	op: 0.0459821 - -0.0005 * -0.00513628 = 0.0459795
time: 230	PE: 0	op: 0.0439729 / 0.0245361 = 1.79217
time: 230	PE: 1	op: -0.0524496 / 0.0245361 = -2.13765
time: 230	PE: 2	op: -0.0113798 / 0.0245361 = -0.463799
time: 230	PE: 3	op: -0.000499992 / 0.0245361 = -0.0203778
time: 230	PE: 4	op: 0.697998 - -1.00007e-12 * 1.2087e-09 = 0.697998
time: 230	PE: 5	op: -0.00503969 - -0.0295719 * -9.17333e-06 = -0.00503996
time: 230	PE: 6	op: 0 - -1.00007e-12 * -0.980841 = -9.80907e-13
time: 230	PE: 7	op: 0.0171187 / 0.0215243 = 0.795317
time: 230	PE: 8	op: -999.998 / 1000 = -0.999998
time: 231	PE: 0	op: 0.430115 - -9.80901e-13 * 1.20903e-24 = 0.430115
time: 231	PE: 1	op: -0.0531787 - -9.80901e-13 * -1 = -0.0531787
time: 231	PE: 2	op: 1.00101e+06 - -1000 * -1 = 1.00001e+06
time: 231	PE: 3	op: -2.46308e-06 - 0.000275093 * 4722.44 = -1.29911
time: 231	PE: 4	op: 100000 - -1 * 0.714286 = 100001
time: 231	PE: 5	op: -1.29931 / -0.000275135 = 4722.44
time: 232	PE: 0	op: -1000 / 1000.01 = -0.999994
time: 232	PE: 1	op: -2.54407e-05 / 1000.01 = -2.54405e-08
time: 232	PE: 2	op: -1000 / 1000 = -1
time: 232	PE: 3	op: -0.006403 / 1000.01 = -6.40296e-06
time: 232	PE: 4	op: -0.00837078 - 0.0033309 * -1.93466 = -0.00192662
time: 232	PE: 5	op: 100001 / -0.000275135 = -3.63463e+08
time: 233	PE: 0	op: -0.0524259 / 0.104858 = -0.49997
time: 233	PE: 1	op: -0.0524204 / 0.104858 = -0.499917
time: 233	PE: 2	op: 1.80921e-12 / 0.104858 = 1.72539e-11
time: 233	PE: 3	op: 2.84849e-05 / 0.104858 = 0.000271651
time: 233	PE: 4	op: 0.0786743 - -0.0295719 * -1.93466 = 0.0214628
time: 233	PE: 5	op: 0 - -1 * -1 = -1
time: 233	PE: 6	op: 2215.87 - -2.11125e-11 * -1.15609e-05 = 2215.87
time: 233	PE: 7	op: -1 / 2.38419e-07 = -4.1943e+06
time: 233	PE: 8	op: 1.70518e+08 - -0.714612 * -2312.19 = 1.70516e+08
time: 234	PE: 0	op: 1.20905e-21 / 1000 = 1.20905e-24
time: 234	PE: 1	op: -3.11007e-05 / 4.673e-05 = -0.665541
time: 234	PE: 2	op: 15.3286 - -100000 * -1 = -99984.7
time: 234	PE: 3	op: 100000 - -99984.7 * -1 = 15.3281
time: 234	PE: 4	op: 222.329 - -8e-31 * 29601.1 = 222.329
time: 235	PE: 0	op: 1000 - -0.00229752 * -0.111448 = 1000
time: 235	PE: 1	op: -2.5e-32 - -0.00192664 * -0.111448 = -0.00021472
time: 235	PE: 2	op: 0.00703658 - -4.48531e-08 * -0.188127 = 0.00703657
time: 235	PE: 3	op: -1.55003e-05 / 4.673e-05 = -0.331699
time: 235	PE: 4	op: 0.0459795 - -0.0454545 * -0.999634 = 0.000541598
time: 236	PE: 0	op: 0.104919 - -0.00149685 * -0.000133265 = 0.104919
time: 236	PE: 1	op: -1.00029e-12 - -1.00029e-12 * -0.000133265 = -1.00042e-12
time: 236	PE: 2	op: -0.00503996 / 0.0215243 = -0.234152
time: 236	PE: 3	op: -3.33333e-05 - -1 * -8.33958 = -8.33962
time: 236	PE: 4	op: -0.188127 / 26887.6 = -6.99682e-06
time: 236	PE: 5	op: -26886.6 / 26887.6 = -0.999963
time: 237	PE: 0	op: -0.0120797 - -3.54166e-08 * 8.91121e-08 = -0.0120797
time: 237	PE: 1	op: 0.000541598 - -1.63882e-14 * -1.41589e-12 = 0.000541598
time: 237	PE: 3	op: 0 - -1.63882e-14 * 8.91121e-08 = 1.46039e-21
time: 237	PE: 4	op: 2.93021e-05 - -5.26635e-11 * -1.41589e-12 = 2.93021e-05
time: 237	PE: 5	op: 2.96952e-18 - -5.26635e-11 * 8.91121e-08 = 7.66247e-18
time: 237	PE: 6	op: 0 - -3.54166e-08 * -1.41589e-12 = -5.0146e-20
time: 237	PE: 7	op: -0.00133333 - -5.26635e-11 * -0.707905 = -0.00133333
time: 237	PE: 8	op: 0 - -0.00396379 * -1.41589e-12 = -5.61228e-15
time: 237	PE: 9	op: 0.430115 - 0.00333093 * -9.17333e-06 = 0.430115
time: 237	PE: 10	op: 8.33936 - -0.00396379 * -0.707905 = 8.33655
time: 238	PE: 0	op: -0.00846694 - -0.00846797 * -2.13765 = -0.0265685
time: 238	PE: 1	op: -3.89443e-08 - -0.00846797 * -0.463799 = -0.00392748
time: 238	PE: 2	op: 2.22714e-10 - -0.00396379 * 8.91121e-08 = 5.75935e-10
time: 238	PE: 3	op: -0.104264 - -0.00846797 * -0.0203778 = -0.104436
time: 238	PE: 4	op: 0.0690308 - -0.00846797 * 1.79217 = 0.0842068
time: 238	PE: 5	op: -0.0609078 - -8.79143e-06 * 1.79217 = -0.060892
time: 238	PE: 6	op: -0.0521374 - -0.000499992 * 1.79217 = -0.0512414
time: 238	PE: 7	op: 0 - -8.79143e-06 * -0.0203778 = -1.7915e-07
time: 238	PE: 8	op: 0.165826 - -8.79143e-06 * -2.13765 = 0.165808
time: 238	PE: 9	op: 0 - -8.79143e-06 * -0.463799 = -4.07746e-06
time: 238	PE: 10	op: 0 - -0.000499992 * -2.13765 = -0.00106881
time: 238	PE: 11	op: -9.6295e-09 - -1.65438e-06 * -0.111448 = -1.94006e-07
time: 238	PE: 12	op: 0 - -4.00676e-13 * -1 = -4.00676e-13
time: 238	PE: 13	op: -6.57462 / 1.00001e+06 = -6.57458e-06
time: 238	PE: 14	op: 0.0401614 / -0.0401614 = -1
time: 239	PE: 0	op: 0.000163229 - -0.0113798 * 1.79217 = 0.0205578
time: 239	PE: 1	op: 0 - -1.63882e-14 * -0.707905 = -1.16013e-14
time: 239	PE: 2	op: 0 - -0.0113798 * -2.13765 = -0.0243261
time: 239	PE: 3	op: 0.0200967 - -5.26635e-11 * -9.48562e-09 = 0.0200967
time: 239	PE: 4	op: -8.50403e-05 - -1.63882e-14 * -9.48562e-09 = -8.50403e-05
time: 239	PE: 5	op: 2.17155e-16 - -3.54166e-08 * -9.48562e-09 = -1.18793e-16
time: 239	PE: 6	op: 0 - -0.00192664 * 0.795317 = 0.00153229
time: 239	PE: 7	op: -0.00503991 / 0.0214628 = -0.234821
time: 239	PE: 8	op: 0 - -18.1961 * 310.078 = 5642.2
time: 240	PE: 0	op: -1.0005e-12 - -2.54442e-05 * -6.40296e-06 = -1.63919e-10
time: 240	PE: 1	op: 0.403338 - -2.54442e-05 * -2.54405e-08 = 0.403338
time: 240	PE: 2	op: -0.0521263 - -0.006403 * -2.54405e-08 = -0.0521263
time: 240	PE: 3	op: 0 - 2.84754e-05 * -1 = 2.84754e-05
time: 240	PE: 4	op: -7.0868e-05 - -0.00229752 * 0.795317 = 0.00175639
time: 240	PE: 5	op: 0 - -1000 * -2.54405e-08 = -2.54405e-05
time: 240	PE: 6	op: 1000 - -1000 * -0.999994 = 0.00640869
time: 241	PE: 0	op: 0.227539 - -1.00042e-12 * 0.000271651 = 0.227539
time: 241	PE: 1	op: 0.583357 - 2.04246e-07 * -0.499917 = 0.583357
time: 241	PE: 3	op: -0.0204377 - -1.00042e-12 * -0.499917 = -0.0204377
time: 241	PE: 5	op: 0.0376317 - -0.104847 * -0.499917 = -0.0147829
time: 241	PE: 6	op: -2.2081e-08 - -0.104847 * 1.72539e-11 = -2.20792e-08
time: 241	PE: 7	op: -0.0531787 - -1.33273e-16 * 0.000271651 = -0.0531787
time: 241	PE: 8	op: -1.85848e-08 - -1.00042e-12 * 1.72539e-11 = -1.85848e-08
time: 241	PE: 9	op: -5.68992e-09 - -0.000499992 * -0.463799 = -0.000231902
time: 242	PE: 0	op: 1.80924e-12 - 2.84754e-05 * 1.20905e-24 = 1.80924e-12
time: 242	PE: 1	op: 1.84446e-27 - -1.00007e-12 * -0.000133265 = -1.33274e-16
time: 242	PE: 2	op: 0.0531424 - 2.04246e-07 * 0.000271651 = 0.0531424
time: 242	PE: 3	op: 0.146557 - -0.104847 * -0.49997 = 0.094137
time: 242	PE: 4	op: -0.424989 - 2.04246e-07 * 1.72539e-11 = -0.424989
time: 242	PE: 5	op: -0.00133333 - -0.00396379 * -9.48562e-09 = -0.00133333
time: 242	PE: 6	op: 0 - -1000 * 1.20905e-24 = 1.20905e-21
time: 242	PE: 7	op: -6.84008e-07 - -0.006403 * -0.999994 = -0.00640364
time: 243	PE: 0	op: 0.000541598 - -1.65438e-06 * 0.795317 = 0.000542913
time: 243	PE: 1	op: -0.3227 - -1.33273e-16 * -0.499917 = -0.3227
time: 243	PE: 2	op: -0.0389138 - 2.04246e-07 * -0.49997 = -0.0389137
time: 243	PE: 3	op: -0.0135328 - -1.33273e-16 * -0.49997 = -0.0135328
time: 243	PE: 4	op: -0.00239888 / 0.0214628 = -0.111769
time: 243	PE: 5	op: 0.882628 - -1.55003e-05 * -0.331699 = 0.882623
time: 243	PE: 6	op: -2.46305e-06 - 0.000275093 * 4722.44 = -1.29911
time: 243	PE: 7	op: 15.3281 - -100000 * -1 = -99984.7
time: 243	PE: 8	op: 0 - 0.000275093 * -3.63463e+08 = 99986
time: 244	PE: 0	op: -0.0265685 / 0.0842068 = -0.315515
time: 244	PE: 1	op: 0.0521263 / 0.0842068 = 0.619027
time: 244	PE: 2	op: -5.87996e-10 / 0.0842068 = -6.98276e-09
time: 244	PE: 3	op: -0.00392748 / 0.0842068 = -0.0466409
time: 244	PE: 4	op: -0.104436 / 0.0842068 = -1.24024
time: 244	PE: 5	op: -2.5e-32 - -0.00229752 * -0.234152 = -0.000537968
time: 244	PE: 6	op: 0.430115 - -1.33273e-16 * 1.72539e-11 = 0.430115
time: 244	PE: 7	op: 1.62866e-08 - -3.54166e-08 * -0.707905 = -8.78497e-09
time: 244	PE: 8	op: 0 - -1 * -4.1943e+06 = -4.1943e+06
time: 244	PE: 9	op: 0 - -4.48531e-08 * -4.1943e+06 = -0.188127
time: 244	PE: 10	op: 1.29772 - -4.43362e-10 * -4.59486e-08 = 1.29772
time: 245	PE: 0	op: -0.0754297 - -0.104847 * 0.000271651 = -0.0754012
time: 245	PE: 1	op: 2.93021e-05 / 0.0200967 = 0.00145805
time: 245	PE: 2	op: -0.0001 / 0.0200967 = -0.00497594
time: 245	PE: 3	op: 7.66247e-18 / 0.0200967 = 3.8128e-16
time: 245	PE: 4	op: -0.00133333 / 0.0200967 = -0.0663459
time: 245	PE: 5	op: -1.00042e-12 / 1000 = -1.00042e-15
time: 245	PE: 6	op: 2000.12 - -1000 * -0.99983 = 1000.29
time: 245	PE: 7	op: 1000.21 - -1000 * -0.999998 = 0.209656
time: 245	PE: 8	op: -1.29931 - -2.11125e-11 * -1 = -1.29931
time: 246	PE: 0	op: -0.0172243 - -1.00042e-12 * -0.49997 = -0.0172243
time: 246	PE: 1	op: -0.006403 - -1000 * -6.40296e-06 = -0.012806
time: 246	PE: 2	op: 0.00640232 / 0.00640869 = 0.999005
time: 246	PE: 3	op: -2.54405e-05 / 0.00640869 = -0.00396969
time: 246	PE: 4	op: 0.0171187 / 0.0214628 = 0.797599
time: 246	PE: 5	op: -1.33333e-06 - -1 * -0.71461 = -0.714612
time: 246	PE: 6	op: 1.70516e+08 - -100000 * -1.15609e-05 = 1.70516e+08
time: 247	PE: 0	op: -2.5e-32 - -0.00229756 * -0.234821 = -0.000539515
time: 247	PE: 1	op: 0.697998 - -9.80907e-13 * 1.20905e-24 = 0.697998
time: 247	PE: 2	op: 0 - -1.65438e-06 * -0.234152 = -3.87375e-07
time: 247	PE: 3	op: 0 - -2.54442e-05 * -0.999994 = -2.5444e-05
time: 247	PE: 4	op: 0 - -1.55003e-05 * -0.665541 = -1.03161e-05
time: 247	PE: 5	op: 0 - -1 * -0.188127 = -0.188127
time: 248	PE: 0	op: -0.0147829 / 0.094137 = -0.157036
time: 248	PE: 1	op: -2.20792e-08 / 0.094137 = -2.34543e-07
time: 248	PE: 2	op: -0.00284918 / 0.094137 = -0.0302663
time: 248	PE: 3	op: 0 - -9.80907e-13 * -1 = -9.80907e-13
time: 248	PE: 4	op: 0.882644 - -3.11007e-05 * -0.665541 = 0.882623
time: 248	PE: 5	op: 100000 - -1 * 1.2987 = 100001
time: 249	PE: 0	op: 0 - -1.65376e-06 * -0.234821 = -3.88339e-07
time: 249	PE: 1	op: 0 - -1 * -3.20513 = -3.20513
time: 249	PE: 2	op: 0.0113212 - -0.0113798 * -0.463799 = 0.00604327
time: 249	PE: 3	op: 0 - -1e+06 * -6.57458e-06 = -6.57458
time: 249	PE: 4	op: 100001 / 1 = 100001
time: 250	PE: 0	op: 0.430115 - -0.00192664 * -0.234152 = 0.429664
time: 250	PE: 1	op: -5.68992e-09 - -0.0113798 * -0.0203778 = -0.000231902
time: 250	PE: 2	op: 0 - -3.11007e-05 * -0.331699 = -1.03161e-05
time: 250	PE: 3	op: -1e+06 / 1.00001e+06 = -0.999993
time: 250	PE: 4	op: 0 - -4.1943e+06 * -0.00641026 = -26886.6
time: 250	PE: 5	op: 0 - -0.188127 * -0.00641026 = -0.00120594
time: 251	PE: 0	op: 1000 - -0.00229756 * -0.111769 = 1000
time: 251	PE: 1	op: -2.5e-32 - -0.00192662 * -0.111769 = -0.000215338
time: 251	PE: 2	op: -0.0754012 / 0.094137 = -0.800973
time: 251	PE: 3	op: -9.63328e-09 - -1.65376e-06 * -0.111769 = -1.94474e-07
time: 251	PE: 4	op: -2.5641e-05 / 0.209656 = -0.000122301
time: 251	PE: 5	op: 6.57462 - -6.57462 * -6.57458e-06 = 6.57458
time: 251	PE: 6	op: -0.208018 / 0.209656 = -0.992187
time: 251	PE: 7	op: 0 - -0.188127 * -0.00641026 = -0.00120595
time: 252	PE: 0	op: -1.63919e-10 - 0.344507 * -1.24024 = 0.427271
time: 252	PE: 2	op: -0.0521263 - -0.0512414 * 0.619027 = -0.0204065
time: 252	PE: 3	op: -0.692752 - 0.344507 * -6.98276e-09 = -0.692752
time: 252	PE: 4	op: -1.67057e-05 - -0.060892 * 0.619027 = 0.0376771
time: 252	PE: 5	op: 0 - -0.060892 * -6.98276e-09 = -4.25194e-10
time: 252	PE: 6	op: -1.7915e-07 - -0.060892 * -1.24024 = -0.0755207
time: 252	PE: 7	op: 0.165808 - -0.060892 * -0.315515 = 0.146595
time: 252	PE: 9	op: -0.00106881 - -0.0512414 * -0.315515 = -0.0172362
time: 252	PE: 10	op: 1.20905e-21 - -0.0512414 * -6.98276e-09 = -3.57806e-10
time: 252	PE: 11	op: -0.012806 / 0.00640869 = -1.99822
time: 252	PE: 12	op: 1000.29 - -0.0030303 * -0.000850611 = 1000.29
time: 253	PE: 0	op: 0.227539 - -0.0001 * -0.00497594 = 0.227539
time: 253	PE: 1	op: 0.403338 - 0.344507 * 0.619027 = 0.190078
time: 253	PE: 2	op: -7.0871e-05 - -8.50403e-05 * -0.00497594 = -7.12941e-05
time: 253	PE: 3	op: 0.000542913 - -8.50403e-05 * 0.00145805 = 0.000543037
time: 253	PE: 4	op: -9.99921e-13 - -0.0001 * 0.00145805 = 1.45804e-07
time: 253	PE: 5	op: 1.46039e-21 - -8.50403e-05 * 3.8128e-16 = 3.38846e-20
time: 253	PE: 6	op: -1.16013e-14 - -8.50403e-05 * -0.0663459 = -5.64207e-06
time: 253	PE: 7	op: -5.0146e-20 - -1.18793e-16 * 0.00145805 = 1.23061e-19
time: 253	PE: 8	op: -0.0524536 - 0.344507 * -0.315515 = 0.0562436
time: 253	PE: 9	op: -8.78497e-09 - -1.18793e-16 * -0.0663459 = -8.78497e-09
time: 253	PE: 10	op: -0.00272632 - -0.0001 * 3.8128e-16 = -0.00272632
time: 253	PE: 11	op: 0 - -0.0001 * -0.0663459 = -6.63459e-06
time: 253	PE: 12	op: 0 - -1 * 3.20513 = 3.20513
time: 254	PE: 0	op: -0.0120797 - -1.18793e-16 * 3.8128e-16 = -0.0120797
time: 254	PE: 1	op: 4.68081e-05 - 0.344507 * -0.0466409 = 0.0161149
time: 254	PE: 2	op: 0 - -1.18793e-16 * -0.00497594 = -5.91109e-19
time: 254	PE: 3	op: 5.75935e-10 - -0.00133333 * 3.8128e-16 = 5.75935e-10
time: 254	PE: 4	op: -7.08958e-05 - -0.00229756 * 0.797599 = 0.00176163
time: 254	PE: 5	op: 0 - -0.00133333 * -0.00497594 = -6.63459e-06
time: 254	PE: 6	op: -4.68349e-05 - -0.344705 * -0.0466409 = -0.0161242
time: 254	PE: 7	op: 0.000541598 - -1.65376e-06 * 0.797599 = 0.000542917
time: 255	PE: 0	op: -0.349113 - -0.344705 * 0.619027 = -0.135731
time: 255	PE: 1	op: 0 - -0.344705 * -0.315515 = -0.10876
time: 255	PE: 2	op: -1.33274e-16 - -9.80907e-13 * -1.00042e-15 = -1.33274e-16
time: 255	PE: 3	op: 0 - -1000 * -1.00042e-15 = -1.00042e-12
time: 255	PE: 5	op: 0.697998 - -0.00192662 * -0.234821 = 0.697546
time: 255	PE: 6	op: 1000 - -1.00005e-12 * 0.999005 = 1000
time: 255	PE: 7	op: -0.00640232 - -0.00640364 * 0.999005 = -5.04311e-06
time: 255	PE: 8	op: 0 - -0.188127 * 0.00641026 = 0.00120595
time: 255	PE: 9	op: -0.882613 / 0.882623 = -0.999988
time: 256	PE: 0	op: 0.583357 - -0.0389137 * -0.157036 = 0.577246
time: 256	PE: 1	op: -0.0204377 - -0.0172243 * -0.157036 = -0.0231425
time: 256	PE: 2	op: -0.424989 - -0.0389137 * -2.34543e-07 = -0.424989
time: 256	PE: 3	op: -4.07746e-06 - -0.060892 * -0.0466409 = -0.00284413
time: 256	PE: 4	op: -0.0243261 - 0.0205578 * -0.315515 = -0.0178398
time: 256	PE: 5	op: 0.00201028 - -0.0389137 * -0.0302663 = 0.000832507
time: 256	PE: 6	op: -0.0126576 - -0.0179249 * -0.157036 = -0.0154724
time: 256	PE: 7	op: 0.00703657 - -0.0179249 * -0.0302663 = 0.00649405
time: 256	PE: 8	op: -0.000197503 - 0.0205578 * -6.98276e-09 = -0.000197503
time: 256	PE: 9	op: -1.85848e-08 - -0.0172243 * -2.34543e-07 = -2.26246e-08
time: 256	PE: 10	op: -2.93175e-05 - -0.0179249 * -2.34543e-07 = -2.93217e-05
time: 256	PE: 11	op: 3.41033e-28 - 8.33958 * -465.116 = 3878.88
time: 257	PE: 0	op: -9.01067e-08 - 0.0205578 * 0.619027 = -0.0127259
time: 257	PE: 1	op: -0.3227 - -0.0135328 * -0.157036 = -0.324825
time: 257	PE: 2	op: -5.61228e-15 - -0.00133333 * 0.00145805 = 1.94407e-06
time: 257	PE: 3	op: -0.00201166 - -0.0135328 * -0.0302663 = -0.00242125
time: 257	PE: 4	op: 0.429664 - -0.0135328 * -2.34543e-07 = 0.429664
time: 257	PE: 5	op: -0.000231902 - 0.0205578 * -1.24024 = 0.0252646
time: 257	PE: 6	op: -0.000231902 - -0.0512414 * -0.0466409 = -0.00262184
time: 257	PE: 7	op: -0.00120594 - 0.00120594 * -0.999963 = -4.48199e-08
time: 258	PE: 0	op: -0.0204065 - -0.00640364 * -0.00396969 = -0.0204319
time: 258	PE: 1	op: 0.104919 - 2.84754e-05 * -1.00042e-15 = 0.104919
time: 258	PE: 2	op: 0 - -1.00005e-12 * -0.00396969 = -3.96989e-15
time: 258	PE: 3	op: 8.33655 - -0.00133333 * -0.0663459 = 8.33647
time: 258	PE: 4	op: 0 - -6.57462 * -0.999993 = -6.57458
time: 258	PE: 5	op: 1.29772 - -2.11125e-11 * -2.10661e-16 = 1.29772
time: 259	PE: 0	op: 0.227539 - -0.0172243 * -0.800973 = 0.213742
time: 259	PE: 1	op: 0.0251273 - -0.0179249 * -0.800973 = 0.0107699
time: 259	PE: 2	op: -0.00262709 - -0.0172243 * -0.0302663 = -0.00314841
time: 259	PE: 3	op: -0.0531787 - -0.0135328 * -0.800973 = -0.0640181
time: 259	PE: 4	op: 0 - -3.20513 * -622.123 = -1993.98
time: 259	PE: 5	op: 0 - -2.5641e-05 * -0.992187 = -2.54407e-05
time: 259	PE: 6	op: 1 - -4.1943e+06 * 0.00641026 = 26887.6
time: 259	PE: 7	op: 100001 / -0.000275135 = -3.63463e+08
time: 260	PE: 0	op: 0.0531424 - -0.0389137 * -0.800973 = 0.0219735
time: 260	PE: 1	op: 0.427271 - -2.5444e-05 * -1.99822 = 0.42722
time: 260	PE: 2	op: 0.190078 - -2.5444e-05 * -0.00396969 = 0.190078
time: 260	PE: 3	op: -5.91109e-19 - -3.20513 * -0.000850611 = -0.00272632
time: 260	PE: 4	op: -9.80907e-13 - -0.344705 * -1.24024 = -0.427516
time: 260	PE: 5	op: 0 - -0.00192662 * 0.797599 = 0.00153667
time: 260	PE: 6	op: -100000 - -0.714612 * -0.000695652 = -100000
time: 261	PE: 0	op: -0.0120797 - -3.20513 * -0.899685 = -2.89569
time: 261	PE: 1	op: 1e+06 - -1e+06 * -0.999993 = 6.875
time: 261	PE: 3	op: -1000 / 1000 = -1
time: 261	PE: 4	op: 1000.29 - -0.0005 * -4.99992e-07 = 1000.29
time: 261	PE: 5	op: -4.65498e-08 / 6.57458 = -7.08027e-09
time: 261	PE: 6	op: 0 - -1 * 100001 = 100001
time: 262	PE: 0	op: -1.00004e-12 - -1.00005e-12 * -1.99822 = -2.99836e-12
time: 262	PE: 1	op: 1000.01 - -2.5641e-05 * -0.000122301 = 1000.01
time: 262	PE: 2	op: 0.697546 - -0.344705 * -6.98276e-09 = 0.697546
time: 262	PE: 3	op: -1.03161e-05 / 0.882623 = -1.1688e-05
time: 262	PE: 5	op: 5642.2 - -4.00676e-13 * -1.15609e-05 = 5642.2
time: 263	PE: 1	op: 0 - -2.5444e-05 * 0.999005 = 2.54187e-05
time: 263	PE: 2	op: 0 - -4.48199e-08 * 22553.2 = 0.00101083
time: 263	PE: 4	op: 3878.88 - 18.1933 * 310.078 = -1762.46
time: 264	PE: 0	op: 0 - -0.208046 * -0.000122301 = -2.54442e-05
time: 264	PE: 1	op: -0.0524422 / 0.104919 = -0.499834
time: 264	PE: 2	op: -0.0524367 / 0.104919 = -0.499782
time: 264	PE: 3	op: 2.84754e-05 / 0.104919 = 0.000271403
time: 264	PE: 4	op: -3.96989e-15 / 1000 = -3.96989e-18
time: 264	PE: 5	op: 0.00604327 - 0.00120594 * -6.99682e-06 = 0.00604328
time: 265	PE: 0	op: 0.577246 - -0.208046 * -0.992187 = 0.370825
time: 265	PE: 1	op: 1.80924e-12 / 0.104919 = 1.72441e-11
time: 265	PE: 2	op: 0.899854 - -0.882613 * -0.999988 = 0.0172518
time: 265	PE: 3	op: 0 - -1.03161e-05 * -0.999988 = -1.0316e-05
time: 265	PE: 4	op: -0.188127 / 26887.6 = -6.99682e-06
time: 265	PE: 5	op: -26886.6 / 26887.6 = -0.999963
time: 266	PE: 0	op: -1993.98 - 3.20513 * -691.489 = 222.329
time: 266	PE: 1	op: -6.57458 / 6.57458 = -1
time: 266	PE: 2	op: -6.20416e+07 - 99986 * 1705.43 = -2.3256e+08
time: 267	PE: 0	op: -2.89569 - 3.20513 * -1 = 0.309443
time: 267	PE: 1	op: 1000.29 - -0.000499992 * -0.0203778 = 1000.29
time: 267	PE: 2	op: 0 - 0.000275093 * -3.63463e+08 = 99986
time: 267	PE: 3	op: -99984.7 - 99986 * -1 = 1.29688
time: 268	PE: 0	op: -1000 / 1000.01 = -0.999994
time: 268	PE: 1	op: -2.54407e-05 / 1000.01 = -2.54405e-08
time: 268	PE: 2	op: -0.00640292 / 1000.01 = -6.40287e-06
time: 269	PE: 0	op: 0 - 2.54187e-05 * -1 = 2.54187e-05
time: 269	PE: 1	op: 1000 - -1000 * -1 = 0.0020752
time: 269	PE: 2	op: -1.00023e-12 - -5.04311e-06 * -1 = -5.04311e-06
time: 270	PE: 0	op: 0.0169822 - 3.05176e-09 * -7.08027e-09 = 0.0169822
time: 270	PE: 1	op: 0 - -6.57458 * -7.08027e-09 = -4.65498e-08
time: 270	PE: 2	op: -2.99836e-12 / 1000 = -2.99836e-15
time: 270	PE: 3	op: 0.882623 - -1.03161e-05 * -1.1688e-05 = 0.882623
time: 270	PE: 4	op: -1762.46 - -2e-31 * -2325.58 = -1762.46
time: 271	PE: 0	op: 0.00604328 - 0.0205578 * -0.0466409 = 0.00700211
time: 271	PE: 1	op: 0 - -0.0005 * -2312.19 = -1.15609
time: 272	PE: 0	op: 0.42722 - 2.04211e-07 * 0.000271403 = 0.42722
time: 272	PE: 1	op: 0.190078 - 2.04211e-07 * -0.499782 = 0.190078
time: 272	PE: 2	op: -0.0204319 - -1.00042e-12 * -0.499782 = -0.0204319
time: 272	PE: 3	op: 0.0376771 - -0.104879 * -0.499782 = -0.0147396
time: 272	PE: 4	op: -0.0755207 - -0.104879 * 0.000271403 = -0.0754922
time: 273	PE: 1	op: -4.25194e-10 - -0.104879 * 1.72441e-11 = -4.23386e-10
time: 273	PE: 2	op: -0.135731 - -1.33274e-16 * -0.499782 = -0.135731
time: 273	PE: 3	op: 0.146595 - -0.104879 * -0.499834 = 0.0941732
time: 273	PE: 4	op: 0.0562436 - 2.04211e-07 * -0.499834 = 0.0562437
time: 273	PE: 5	op: 0.697546 - -1.33274e-16 * 1.72441e-11 = 0.697546
time: 273	PE: 6	op: -3.57806e-10 - -1.00042e-12 * 1.72441e-11 = -3.57806e-10
time: 273	PE: 7	op: -0.00120595 - 0.00120595 * -0.999963 = -4.48199e-08
time: 273	PE: 8	op: 1.70516e+08 - 99986 * 1705.43 = -2208
time: 274	PE: 0	op: -0.692752 - 2.04211e-07 * 1.72441e-11 = -0.692752
time: 274	PE: 1	op: 0 - -1000 * -3.96989e-18 = -3.96989e-15
time: 274	PE: 2	op: -0.0172362 - -1.00042e-12 * -0.499834 = -0.0172362
time: 274	PE: 3	op: 0.00649405 - 0.00120595 * -6.99682e-06 = 0.00649406
time: 274	PE: 4	op: 6.875 - -6.57458 * -1 = 0.30042
time: 275	PE: 0	op: -0.10876 - -1.33274e-16 * -0.499834 = -0.10876
time: 275	PE: 1	op: -0.427516 - -1.33274e-16 * 0.000271403 = -0.427516
time: 275	PE: 2	op: 1000.29 - -1000 * -1 = 0.291016
time: 276	PE: 1	op: 0.0219735 - -2.54442e-05 * -6.40287e-06 = 0.0219735
time: 276	PE: 2	op: 0.370825 - -2.54442e-05 * -2.54405e-08 = 0.370825
time: 276	PE: 3	op: 0 - -1000 * -2.54405e-08 = -2.54405e-05
time: 276	PE: 4	op: 1000 - -1000 * -0.999994 = 0.00640869
time: 276	PE: 5	op: 0 - -2.54442e-05 * -0.999994 = -2.5444e-05
time: 276	PE: 6	op: -0.882613 / 0.882623 = -0.999988
time: 277	PE: 0	op: 0.213742 - -0.00640292 * -6.40287e-06 = 0.213742
time: 277	PE: 1	op: -0.0231425 - -0.00640292 * -2.54405e-08 = -0.0231425
time: 277	PE: 2	op: 0 - 3.05176e-09 * -1 = 3.05176e-09
time: 277	PE: 3	op: 0.00594149 / 0.0169822 = 0.349865
time: 277	PE: 4	op: -0.0129202 / 0.0169822 = -0.760809
time: 277	PE: 5	op: -6.83999e-07 - -0.00640292 * -0.999994 = -0.00640356
time: 277	PE: 6	op: -99984.7 - 99986 * -1 = 1.30469
time: 278	PE: 0	op: 0.42722 - 2.54187e-05 * -2.99836e-15 = 0.42722
time: 278	PE: 1	op: 7.07847e-05 - -1000 * -2.99836e-15 = 7.07847e-05
time: 278	PE: 2	op: 0.190078 - 2.54187e-05 * -3.96989e-18 = 0.190078
time: 279	PE: 0	op: -0.0204319 - -5.04311e-06 * -3.96989e-18 = -0.0204319
time: 279	PE: 1	op: -0.0147396 / 0.0941732 = -0.156516
time: 279	PE: 2	op: -4.23386e-10 / 0.0941732 = -4.49582e-09
time: 279	PE: 3	op: -0.00284413 / 0.0941732 = -0.0302011
time: 279	PE: 4	op: -0.0754922 / 0.0941732 = -0.801632
time: 279	PE: 5	op: 0 - -4.48199e-08 * 22553.2 = 0.00101083
time: 279	PE: 6	op: -1.0316e-05 / 0.882623 = -1.16878e-05
time: 280	PE: 0	op: -0.00640292 - -1000 * -6.40287e-06 = -0.0128058
time: 280	PE: 1	op: 0 - -0.882613 * -1.1688e-05 = -1.0316e-05
time: 280	PE: 2	op: -2.3256e+08 - -0.714612 * -2312.19 = -2.32562e+08
time: 281	PE: 0	op: 0.291016 - -0.006403 * -6.40296e-06 = 0.291016
time: 281	PE: 1	op: 1.29688 - -0.714612 * -0.994242 = 0.586378
time: 282	PE: 0	op: 0.00640223 / 0.00640869 = 0.998992
time: 282	PE: 1	op: -2.54405e-05 / 0.00640869 = -0.00396969
time: 283	PE: 0	op: 3.05176e-09 / 0.0169822 = 1.79703e-07
time: 284	PE: 0	op: 0.882644 - -0.882613 * -0.999988 = 4.1604e-05
time: 285	PE: 0	op: -0.00302089 - -0.0012393 * -0.760809 = -0.00396376
time: 285	PE: 1	op: 0.0159413 - -0.00573945 * -0.760809 = 0.0115746
time: 285	PE: 2	op: 0 - -4.65498e-08 * -0.760809 = -3.54155e-08
time: 285	PE: 3	op: 0.00559398 - -0.0012393 * 0.349865 = 0.00602756
time: 285	PE: 4	op: -0.0102017 - -0.00573945 * 0.349865 = -0.00819372
time: 286	PE: 0	op: -0.0128058 / 0.00640869 = -1.99819
time: 286	PE: 1	op: 0 - -4.65498e-08 * 0.349865 = 1.62861e-08
time: 286	PE: 2	op: 0 - -1.0316e-05 * -0.999988 = -1.03158e-05
time: 286	PE: 3	op: -2.32562e+08 - 100001 * -2325.58 = -2208
time: 287	PE: 0	op: -0.692752 - 0.0562437 * -4.49582e-09 = -0.692752
time: 287	PE: 1	op: 0.0161149 - 0.0562437 * -0.0302011 = 0.0178136
time: 287	PE: 2	op: 0.42722 - 0.0562437 * -0.801632 = 0.472307
time: 287	PE: 3	op: 0.190078 - 0.0562437 * -0.156516 = 0.198881
time: 287	PE: 4	op: -0.0204319 - -0.0172362 * -0.156516 = -0.0231296
time: 287	PE: 5	op: -3.57806e-10 - -0.0172362 * -4.49582e-09 = -4.35297e-10
time: 287	PE: 6	op: -0.00262184 - -0.0172362 * -0.0302011 = -0.0031424
time: 287	PE: 7	op: 0 - -0.882613 * -1.16878e-05 = -1.03158e-05
time: 288	PE: 0	op: -0.135731 - -0.10876 * -0.156516 = -0.152753
time: 288	PE: 1	op: -0.0127259 - -0.0178398 * -0.156516 = -0.0155181
time: 288	PE: 2	op: -0.0161242 - -0.10876 * -0.0302011 = -0.0194088
time: 288	PE: 3	op: -0.427516 - -0.10876 * -0.801632 = -0.514701
time: 288	PE: 4	op: 0.697546 - -0.10876 * -4.49582e-09 = 0.697546
time: 288	PE: 5	op: 0.00700211 - -0.0178398 * -0.0302011 = 0.00646333
time: 289	PE: 0	op: -0.000197503 - -0.0178398 * -4.49582e-09 = -0.000197503
time: 289	PE: 1	op: 0.0252646 - -0.0178398 * -0.801632 = 0.0109637
time: 290	PE: 0	op: 0.370825 - -2.5444e-05 * -0.00396969 = 0.370825
time: 290	PE: 1	op: -0.0231425 - -0.00640356 * -0.00396969 = -0.0231679
time: 290	PE: 2	op: 0 - -1.00005e-12 * -0.00396969 = -3.96989e-15
time: 290	PE: 3	op: 1000 - -1.00005e-12 * 0.998992 = 1000
time: 290	PE: 4	op: -0.00640223 - -0.00640356 * 0.998992 = -5.12786e-06
time: 290	PE: 5	op: 0.0172518 - -1.0316e-05 * -1.16878e-05 = 0.0172518
time: 290	PE: 6	op: -3.11007e-05 / 4.1604e-05 = -0.747541
time: 291	PE: 0	op: 0 - -0.00573945 * 1.79703e-07 = 1.0314e-09
time: 291	PE: 1	op: 0 - -0.00819372 * -1 = -0.00819372
time: 291	PE: 2	op: 0 - -0.0012393 * 1.79703e-07 = 2.22707e-10
time: 291	PE: 3	op: 0 - 0.00602756 * -1 = 0.00602756
time: 291	PE: 4	op: -1 - 0.00602756 * 1e-05 = -1
time: 291	PE: 5	op: 0 - -0.00819372 * 1e-05 = 8.19372e-08
time: 291	PE: 6	op: 0.30042 - -4.65498e-08 * 1.79703e-07 = 0.30042
time: 291	PE: 7	op: 0 - -2.5444e-05 * 0.998992 = 2.54184e-05
time: 292	PE: 0	op: 0 - 1.62861e-08 * 1e-05 = -1.62861e-13
time: 292	PE: 1	op: 0 - 1.62861e-08 * -1 = 1.62861e-08
time: 292	PE: 2	op: 0.586378 - 100001 * -1 = 100001
time: 293	PE: 0	op: 2.54187e-05 / 0.198881 = 0.000127808
time: 293	PE: 1	op: -0.692752 / 0.198881 = -3.48324
time: 293	PE: 2	op: 0.0178136 / 0.198881 = 0.0895687
time: 293	PE: 3	op: 0.472307 / 0.198881 = 2.37481
time: 293	PE: 4	op: -1.03158e-05 / 4.1604e-05 = -0.247953
time: 294	PE: 0	op: 0.213742 - -0.00640356 * -1.99819 = 0.200947
time: 294	PE: 1	op: 0.0219735 - -2.5444e-05 * -1.99819 = 0.0219227
time: 294	PE: 2	op: -1.00004e-12 - -1.00005e-12 * -1.99819 = -2.99833e-12
time: 295	PE: 0	op: 0.291016 - -0.0512414 * -1.24024 = 0.227464
time: 296	PE: 0	op: -3.96989e-15 / 1000 = -3.96989e-18
time: 296	PE: 1	op: -1000 / 1000 = -1
time: 297	PE: 0	op: -0.00396376 / -1 = 0.00396376
time: 297	PE: 1	op: -0.00133333 / -1 = 0.00133333
time: 297	PE: 2	op: 2.22707e-10 / -1 = -2.22707e-10
time: 297	PE: 3	op: 0.00602756 / -1 = -0.00602756
time: 298	PE: 0	op: 0.882644 - -3.11007e-05 * -0.747541 = 0.88262
time: 298	PE: 1	op: 0 - -1.03158e-05 * -0.747541 = -7.71152e-06
time: 300	PE: 0	op: -2.99833e-12 / 1000 = -2.99833e-15
time: 301	PE: 0	op: -0.000539515 - -3.96989e-15 * -3.48324 = -0.000539515
time: 301	PE: 1	op: 0 - -3.96989e-15 * 0.0895687 = 3.55578e-16
time: 301	PE: 2	op: 7.07847e-05 - -3.96989e-15 * 2.37481 = 7.07847e-05
time: 301	PE: 3	op: 0.0020752 - -3.96989e-15 * 0.000127808 = 0.0020752
time: 301	PE: 5	op: -5.04311e-06 - -0.0231296 * 0.000127808 = -2.08695e-06
time: 301	PE: 7	op: -4.35297e-10 - -0.0231296 * -3.48324 = -0.0805661
time: 301	PE: 8	op: 0.227464 - -0.00640364 * -1.99822 = 0.214668
time: 301	PE: 9	op: -0.0031424 - -0.0231296 * 0.0895687 = -0.0010707
time: 301	PE: 10	op: 0 - -3.11007e-05 * -0.247953 = -7.71152e-06
time: 302	PE: 0	op: -0.514701 - -0.152753 * 2.37481 = -0.15194
time: 302	PE: 1	op: 0.0109637 - -0.0155181 * 2.37481 = 0.0478164
time: 302	PE: 2	op: 0.0172518 - -1.03158e-05 * -0.247953 = 0.0172492
time: 302	PE: 4	op: 0 - -0.0155181 * 0.000127808 = 1.98335e-06
time: 302	PE: 6	op: -0.0194088 - -0.152753 * 0.0895687 = -0.0057269
time: 303	PE: 0	op: -0.000215338 - -0.152753 * 0.000127808 = -0.000195815
time: 303	PE: 1	op: 0.697546 - -0.152753 * -3.48324 = 0.165469
time: 304	PE: 0	op: 0 - 2.54184e-05 * -1 = 2.54184e-05
time: 304	PE: 1	op: 1000 - -1000 * -1 = 0.0020752
time: 304	PE: 2	op: -1.00023e-12 - -5.12786e-06 * -1 = -5.12786e-06
time: 304	PE: 3	op: 0.370825 - 2.54184e-05 * -3.96989e-18 = 0.370825
time: 304	PE: 4	op: -0.0231679 - -5.12786e-06 * -3.96989e-18 = -0.0231679
time: 304	PE: 5	op: -0.000197503 - -0.0155181 * -3.48324 = -0.0542509
time: 305	PE: 0	op: 0 - 1.33333e-08 * -2.22707e-10 = 2.96943e-18
time: 305	PE: 1	op: -0.00133333 - 1.33333e-08 * -0.00602756 = -0.00133333
time: 305	PE: 2	op: -5.42673e-13 - 8.19372e-08 * 0.00133333 = -1.09792e-10
time: 305	PE: 3	op: 1.0314e-09 - 8.19372e-08 * -2.22707e-10 = 1.0314e-09
time: 305	PE: 4	op: 0.0200967 - 1.33333e-08 * 0.00133333 = 0.0200967
time: 305	PE: 5	op: 0 - -1.62861e-13 * 0.00133333 = 2.17148e-16
time: 305	PE: 6	op: -0.00819372 - 8.19372e-08 * -0.00602756 = -0.00819372
time: 305	PE: 7	op: 1.62861e-08 - -1.62861e-13 * -0.00602756 = 1.62861e-08
time: 305	PE: 8	op: 0.30042 - -1.62861e-13 * -2.22707e-10 = 0.30042
time: 306	PE: 0	op: 0 - 1 * 0.00133333 = -0.00133333
time: 306	PE: 1	op: 0 - -1000 * -3.96989e-18 = -3.96989e-15
time: 306	PE: 2	op: 8.33333 - 1 * -0.00602756 = 8.33936
time: 306	PE: 3	op: 0.00646333 - -0.0155181 * 0.0895687 = 0.00785327
time: 306	PE: 4	op: -0.882613 / 0.88262 = -0.999991
time: 307	PE: 0	op: 0.0115746 - 8.19372e-08 * 0.00396376 = 0.0115746
time: 307	PE: 1	op: -0.000539515 / 0.0020752 = -0.259983
time: 307	PE: 2	op: 1.86984e-13 - 1.33333e-08 * 0.00396376 = -5.26631e-11
time: 307	PE: 3	op: 3.55578e-16 / 0.0020752 = 1.71347e-13
time: 307	PE: 4	op: -3.54155e-08 - -1.62861e-13 * 0.00396376 = -3.54155e-08
time: 307	PE: 5	op: 7.07847e-05 / 0.0020752 = 0.0341099
time: 307	PE: 6	op: 0.00176163 / 0.0020752 = 0.8489
time: 308	PE: 0	op: 0.200947 - -5.12786e-06 * -2.99833e-15 = 0.200947
time: 308	PE: 1	op: 7.0757e-05 - -1000 * -2.99833e-15 = 7.0757e-05
time: 308	PE: 2	op: 0.0219227 - 2.54184e-05 * -2.99833e-15 = 0.0219227
time: 308	PE: 3	op: 0 - 1 * -2.22707e-10 = 2.22707e-10
time: 308	PE: 4	op: 0.214668 - -1.00042e-12 * 0.000271403 = 0.214668
time: 309	PE: 0	op: 0 - 1 * 0.00396376 = -0.00396376
time: 309	PE: 1	op: -7.71152e-06 / 0.88262 = -8.73707e-06
time: 310	PE: 0	op: 2.54184e-05 / 0.370825 = 6.85455e-05
time: 310	PE: 1	op: -0.424989 / 0.370825 = -1.14606
time: 310	PE: 2	op: 0.000832507 / 0.370825 = 0.00224501
time: 313	PE: 0	op: -1.09792e-10 / 0.0115746 = -9.48558e-09
time: 313	PE: 1	op: 1.0314e-09 / 0.0115746 = 8.91083e-08
time: 313	PE: 2	op: -1.63882e-14 / 0.0115746 = -1.41587e-12
time: 313	PE: 3	op: -0.00819372 / 0.0115746 = -0.707902
time: 314	PE: 0	op: 0.0219227 / 0.370825 = 0.0591186
time: 314	PE: 1	op: 0.882613 - -0.882613 * -0.999991 = 7.86781e-06
time: 314	PE: 2	op: 0 - -7.71152e-06 * -0.999991 = -7.71145e-06
time: 314	PE: 4	op: 0.214668 - -5.04311e-06 * -2.99836e-15 = 0.214668
time: 315	PE: 0	op: -0.0057269 - -0.000195815 * 1.71347e-13 = -0.0057269
time: 315	PE: 1	op: -0.15194 - -0.000195815 * 0.0341099 = -0.151933
time: 315	PE: 2	op: 0.00153667 - -0.000195815 * 0.8489 = 0.0017029
time: 315	PE: 3	op: 0.165469 - -0.000195815 * -0.259983 = 0.165418
time: 315	PE: 4	op: -0.0542509 - 1.98335e-06 * -0.259983 = -0.0542504
time: 315	PE: 5	op: -3.88339e-07 - -1.94474e-07 * -0.259983 = -4.38899e-07
time: 315	PE: 6	op: 0.0478164 - 1.98335e-06 * 0.0341099 = 0.0478163
time: 315	PE: 7	op: 0 - 1.98335e-06 * 0.8489 = -1.68367e-06
time: 315	PE: 8	op: 0.00785327 - 1.98335e-06 * 1.71347e-13 = 0.00785327
time: 316	PE: 0	op: -0.0805661 - -2.08695e-06 * -0.259983 = -0.0805667
time: 316	PE: 1	op: -9.99921e-13 - -2.08695e-06 * 0.8489 = 1.77161e-06
time: 316	PE: 2	op: -7.08988e-05 - -1.94474e-07 * 0.0341099 = -7.08922e-05
time: 316	PE: 3	op: 0 - -1.94474e-07 * 1.71347e-13 = 3.33224e-20
time: 316	PE: 4	op: 0.000542917 - -1.94474e-07 * 0.8489 = 0.000543082
time: 317	PE: 0	op: 0.0172492 - -7.71152e-06 * -8.73707e-06 = 0.0172492
time: 317	PE: 1	op: 0 - -0.882613 * -8.73707e-06 = -7.71145e-06
time: 318	PE: 0	op: -0.000537968 - -3.96989e-15 * -1.14606 = -0.000537968
time: 318	PE: 1	op: 0 - -3.96989e-15 * 0.00224501 = 8.91246e-18
time: 318	PE: 2	op: 0.0020752 - -3.96989e-15 * 6.85455e-05 = 0.0020752
time: 318	PE: 3	op: -5.12786e-06 - -0.0231679 * 6.85455e-05 = -3.53981e-06
time: 318	PE: 4	op: 0 - -0.0154724 * 6.85455e-05 = 1.06056e-06
time: 318	PE: 5	op: 0.00649406 - -0.0154724 * 0.00224501 = 0.00652879
time: 318	PE: 6	op: -0.00242125 - -0.324825 * 0.00224501 = -0.00169201
time: 318	PE: 7	op: 0.429664 - -0.324825 * -1.14606 = 0.0573939
time: 318	PE: 8	op: -2.26246e-08 - -0.0231679 * -1.14606 = -0.026552
time: 319	PE: 0	op: -0.00021472 - -0.324825 * 6.85455e-05 = -0.000192455
time: 319	PE: 1	op: -2.93217e-05 - -0.0154724 * -1.14606 = -0.0177617
time: 320	PE: 0	op: -0.00314841 - -0.0231679 * 0.00224501 = -0.00309639
time: 320	PE: 1	op: 0.214668 - -0.0172362 * -0.801632 = 0.200851
time: 320	PE: 2	op: -1 / 7.86781e-06 = -127100
time: 321	PE: 0	op: 2.96943e-18 - -5.26631e-11 * 8.91083e-08 = 7.66215e-18
time: 321	PE: 1	op: 2.93016e-05 - -5.26631e-11 * -1.41587e-12 = 2.93016e-05
time: 321	PE: 2	op: -0.00133333 - -5.26631e-11 * -0.707902 = -0.00133333
time: 321	PE: 3	op: 0.0200967 - -5.26631e-11 * -9.48558e-09 = 0.0200967
time: 321	PE: 4	op: -0.0057269 / 0.165418 = -0.0346208
time: 322	PE: 0	op: 0.200947 - -0.0231679 * 0.0591186 = 0.202316
time: 322	PE: 1	op: 0.0107699 - -0.0154724 * 0.0591186 = 0.0116846
time: 322	PE: 2	op: 7.0757e-05 - -3.96989e-15 * 0.0591186 = 7.0757e-05
time: 322	PE: 4	op: 0 - -3.54155e-08 * -1.41587e-12 = -5.01438e-20
time: 322	PE: 5	op: -0.151933 / 0.165418 = -0.918481
time: 323	PE: 0	op: 2.17148e-16 - -3.54155e-08 * -9.48558e-09 = -1.18788e-16
time: 323	PE: 1	op: -8.50403e-05 - -1.63882e-14 * -9.48558e-09 = -8.50403e-05
time: 323	PE: 2	op: 1.62861e-08 - -3.54155e-08 * -0.707902 = -8.7846e-09
time: 323	PE: 3	op: -0.0640181 - -0.324825 * 0.0591186 = -0.0448149
time: 323	PE: 4	op: 0.0017029 / 0.165418 = 0.0102945
time: 324	PE: 0	op: -0.000537968 / 0.0020752 = -0.259237
time: 324	PE: 1	op: 0.00175639 / 0.0020752 = 0.846372
time: 324	PE: 2	op: 8.91246e-18 / 0.0020752 = 4.29476e-15
time: 324	PE: 3	op: 0.30042 - -3.54155e-08 * 8.91083e-08 = 0.30042
time: 324	PE: 5	op: -0.0010707 - -2.08695e-06 * 1.71347e-13 = -0.0010707
time: 325	PE: 0	op: -0.00133333 - -0.00396376 * -9.48558e-09 = -0.00133333
time: 325	PE: 1	op: -7.71145e-06 / 7.86781e-06 = -0.980126
time: 325	PE: 4	op: 0 - -1.63882e-14 * 8.91083e-08 = 1.46033e-21
time: 326	PE: 0	op: 2.22707e-10 - -0.00396376 * 8.91083e-08 = 5.75911e-10
time: 326	PE: 1	op: 0.200851 - -0.0231296 * 2.37481 = 0.25578
time: 326	PE: 2	op: 8.33936 - -0.00396376 * -0.707902 = 8.33655
time: 326	PE: 3	op: 0 - -0.00396376 * -1.41587e-12 = -5.61218e-15
time: 327	PE: 0	op: 7.66215e-18 / 0.0200967 = 3.81264e-16
time: 327	PE: 1	op: -0.0001 / 0.0200967 = -0.00497595
time: 327	PE: 2	op: 2.93016e-05 / 0.0200967 = 0.00145803
time: 327	PE: 3	op: -0.00133333 / 0.0200967 = -0.0663459
time: 327	PE: 4	op: 0.000543082 - -1.63882e-14 * -1.41587e-12 = 0.000543082
time: 327	PE: 5	op: 0 - -1.63882e-14 * -0.707902 = -1.16012e-14
time: 328	PE: 0	op: 7.0757e-05 / 0.0020752 = 0.0340965
time: 328	PE: 1	op: 0 - -1 * -127100 = -127100
time: 328	PE: 2	op: 0 - -7.71145e-06 * -127100 = -0.980126
time: 329	PE: 0	op: 3.33224e-20 - -4.38899e-07 * -0.0346208 = -1.5195e-08
time: 330	PE: 0	op: -7.08922e-05 - -4.38899e-07 * -0.918481 = -7.12953e-05
time: 330	PE: 1	op: -0.0010707 - -0.0805667 * -0.0346208 = -0.00385999
time: 331	PE: 0	op: 1.77161e-06 - -0.0805667 * 0.0102945 = 0.000831169
time: 331	PE: 1	op: 0.0478163 - -0.0542504 * -0.918481 = -0.00201164
time: 331	PE: 2	op: -1.68367e-06 - -0.0542504 * 0.0102945 = 0.0005568
time: 331	PE: 3	op: 0.00785327 - -0.0542504 * -0.0346208 = 0.00597507
time: 332	PE: 0	op: 0 - -1.94006e-07 * 4.29476e-15 = 8.33209e-22
time: 332	PE: 1	op: 0.000543037 - -1.94006e-07 * 0.846372 = 0.000543202
time: 332	PE: 2	op: 0 - 1.06056e-06 * 0.846372 = -8.97633e-07
time: 332	PE: 3	op: 0.00652879 - 1.06056e-06 * 4.29476e-15 = 0.00652879
time: 332	PE: 4	op: 0.00153229 - -0.000192455 * 0.846372 = 0.00169518
time: 332	PE: 5	op: -0.00169201 - -0.000192455 * 4.29476e-15 = -0.00169201
time: 332	PE: 6	op: 0.0573939 - -0.000192455 * -0.259237 = 0.057344
time: 332	PE: 7	op: -3.87375e-07 - -1.94006e-07 * -0.259237 = -4.37669e-07
time: 333	PE: 0	op: 1.45804e-07 - -3.53981e-06 * 0.846372 = 3.1418e-06
time: 333	PE: 1	op: -0.00309639 - -3.53981e-06 * 4.29476e-15 = -0.00309639
time: 333	PE: 2	op: -0.026552 - -3.53981e-06 * -0.259237 = -0.0265529
time: 333	PE: 3	op: -0.0177617 - 1.06056e-06 * -0.259237 = -0.0177614
time: 333	PE: 4	op: 0.25578 - -2.08695e-06 * 0.0341099 = 0.25578
time: 333	PE: 5	op: 0 - -1 * -0.980126 = -0.980126
time: 333	PE: 6	op: 0.0172492 - -7.71145e-06 * -0.980126 = 0.0172417
time: 334	PE: 0	op: -127100 / 1 = -127100
time: 335	PE: 0	op: -0.00272632 - -1.18788e-16 * -0.00497595 = -0.00272632
time: 335	PE: 1	op: -5.01438e-20 - -1.18788e-16 * 0.00145803 = 1.23054e-19
time: 335	PE: 2	op: -8.7846e-09 - -1.18788e-16 * -0.0663459 = -8.7846e-09
time: 335	PE: 3	op: 0.30042 - -1.18788e-16 * 3.81264e-16 = 0.30042
time: 335	PE: 4	op: 1.46033e-21 - -8.50403e-05 * 3.81264e-16 = 3.38832e-20
time: 335	PE: 5	op: 0.000543082 - -4.38899e-07 * 0.0102945 = 0.000543086
time: 335	PE: 6	op: -1.16012e-14 - -8.50403e-05 * -0.0663459 = -5.64208e-06
time: 336	PE: 0	op: -7.12941e-05 - -1.94006e-07 * 0.0340965 = -7.12875e-05
time: 336	PE: 1	op: 0.202316 - -3.53981e-06 * 0.0340965 = 0.202317
time: 336	PE: 2	op: 0.0116846 - 1.06056e-06 * 0.0340965 = 0.0116845
time: 336	PE: 3	op: -7.12953e-05 - -8.50403e-05 * -0.00497595 = -7.17184e-05
time: 337	PE: 0	op: -0.0448149 - -0.000192455 * 0.0340965 = -0.0448084
time: 337	PE: 1	op: -0.00272632 - -0.0001 * 3.81264e-16 = -0.00272632
time: 337	PE: 2	op: 5.75911e-10 - -0.00133333 * 3.81264e-16 = 5.75911e-10
time: 337	PE: 3	op: 0.000831169 - -0.0001 * 0.00145803 = 0.000831315
time: 337	PE: 4	op: -5.61218e-15 - -0.00133333 * 0.00145803 = 1.94404e-06
time: 338	PE: 0	op: 0.00169518 / 0.057344 = 0.0295616
time: 338	PE: 1	op: -0.00169201 / 0.057344 = -0.0295063
time: 338	PE: 2	op: 8.33655 - -0.00133333 * -0.0663459 = 8.33647
time: 338	PE: 3	op: 0 - -0.0001 * -0.0663459 = -6.63459e-06
time: 339	PE: 0	op: 0.25578 - -0.0805667 * -0.918481 = 0.181781
time: 339	PE: 1	op: 0 - -0.00133333 * -0.00497595 = -6.63459e-06
time: 339	PE: 2	op: 0.0005568 / 0.00597507 = 0.0931871
time: 339	PE: 3	op: -0.980126 / 1 = -0.980126
time: 340	PE: 0	op: -0.00201164 / 0.00597507 = -0.336672
time: 341	PE: 0	op: -0.00272632 / 0.30042 = -0.00907501
time: 341	PE: 1	op: 1.23054e-19 / 0.30042 = 4.09605e-19
time: 341	PE: 2	op: -8.7846e-09 / 0.30042 = -2.9241e-08
time: 341	PE: 3	op: 0.000543086 - -8.50403e-05 * 0.00145803 = 0.00054321
time: 342	PE: 0	op: 1 - 0.0172414 * -127100 = 2192.38
time: 342	PE: 1	op: 0 - -0.0172414 * -127100 = -2191.38
time: 343	PE: 0	op: -0.0448084 / 0.057344 = -0.781396
time: 345	PE: 0	op: 0.181781 - -0.0001 * -0.00497595 = 0.18178
time: 346	PE: 0	op: 8.33209e-22 - -4.37669e-07 * -0.0295063 = -1.2914e-08
time: 346	PE: 1	op: 0.000543202 - -4.37669e-07 * 0.0295616 = 0.000543214
time: 346	PE: 2	op: 3.1418e-06 - -0.0265529 * 0.0295616 = 0.000788087
time: 346	PE: 4	op: -0.00309639 - -0.0265529 * -0.0295063 = -0.00387987
time: 347	PE: 0	op: -8.97633e-07 - -0.0177614 * 0.0295616 = 0.000524159
time: 347	PE: 1	op: 0 - 0.0172414 * -0.980126 = 0.0168987
time: 347	PE: 2	op: 0.00054321 - -1.5195e-08 * 0.0931871 = 0.000543212
time: 347	PE: 3	op: 0.00652879 - -0.0177614 * -0.0295063 = 0.00600472
time: 348	PE: 0	op: 0.000831315 - -0.00385999 * 0.0931871 = 0.00119102
time: 348	PE: 1	op: -7.17184e-05 - -1.5195e-08 * -0.336672 = -7.17235e-05
time: 348	PE: 2	op: 0 - -0.0172414 * -0.980126 = -0.0168987
time: 348	PE: 3	op: -0.0172414 / 2192.38 = -7.86422e-06
time: 349	PE: 0	op: 8.33647 - 5.75911e-10 * -2.9241e-08 = 8.33647
time: 349	PE: 1	op: -6.63459e-06 - 5.75911e-10 * -0.00907501 = -6.63459e-06
time: 349	PE: 2	op: -5.64208e-06 - 3.38832e-20 * -2.9241e-08 = -5.64208e-06
time: 349	PE: 3	op: 1.94404e-06 - 5.75911e-10 * 4.09605e-19 = 1.94404e-06
time: 350	PE: 0	op: -6.63459e-06 - -0.00272632 * -2.9241e-08 = -6.63467e-06
time: 351	PE: 0	op: -7.12875e-05 - -4.37669e-07 * -0.781396 = -7.16295e-05
time: 351	PE: 1	op: 0.202317 - -0.0265529 * -0.781396 = 0.181568
time: 351	PE: 2	op: 0.0116845 - -0.0177614 * -0.781396 = -0.00219418
time: 352	PE: 0	op: 3.38846e-20 / 0.000543214 = 6.23779e-17
time: 352	PE: 1	op: -1.2914e-08 / 0.000543214 = -2.37733e-05
time: 352	PE: 2	op: -5.64207e-06 / 0.000543214 = -0.0103865
time: 352	PE: 3	op: 0.18178 - -0.00385999 * -0.336672 = 0.180481
time: 353	PE: 0	op: 0.0168987 / 2192.38 = 7.70793e-06
time: 353	PE: 1	op: 0.000543212 - 3.38832e-20 * 4.09605e-19 = 0.000543212
time: 354	PE: 0	op: 0.00119102 - -0.00272632 * 4.09605e-19 = 0.00119102
time: 354	PE: 1	op: -7.17235e-05 - 3.38832e-20 * -0.00907501 = -7.17235e-05
time: 356	PE: 0	op: 0 - -0.980126 * -7.86422e-06 = -7.70793e-06
time: 356	PE: 1	op: 0.0172414 - -2191.38 * -7.86422e-06 = 7.86409e-06
time: 357	PE: 0	op: -7.16295e-05 / 0.000543214 = -0.131862
time: 358	PE: 0	op: 0.180481 - -0.00272632 * -0.00907501 = 0.180456
time: 360	PE: 0	op: 0.309443 - 1.23061e-19 * 6.23779e-17 = 0.309443
time: 360	PE: 1	op: 0 - 0.000524159 * 6.23779e-17 = -3.26959e-20
time: 360	PE: 2	op: 5.75935e-10 - 1.94407e-06 * 6.23779e-17 = 5.75935e-10
time: 360	PE: 3	op: 0 - 1.23061e-19 * -2.37733e-05 = 2.92557e-24
time: 360	PE: 4	op: 0.00600472 - 0.000524159 * -2.37733e-05 = 0.00600473
time: 360	PE: 5	op: -8.78497e-09 - 1.23061e-19 * -0.0103865 = -8.78497e-09
time: 360	PE: 6	op: 0 - 1.94407e-06 * -2.37733e-05 = 4.6217e-11
time: 360	PE: 7	op: 0 - 0.000524159 * -0.0103865 = 5.44416e-06
time: 360	PE: 8	op: 8.33647 - 1.94407e-06 * -0.0103865 = 8.33647
time: 361	PE: 0	op: -0.00272632 - 0.000788087 * 6.23779e-17 = -0.00272632
time: 361	PE: 1	op: -0.00387987 - 0.000788087 * -2.37733e-05 = -0.00387985
time: 361	PE: 2	op: -6.63459e-06 - 0.000788087 * -0.0103865 = 1.55085e-06
time: 362	PE: 0	op: 0.0172417 - -0.980126 * 7.70793e-06 = 0.0172492
time: 362	PE: 1	op: -0.0168987 - -2191.38 * 7.70793e-06 = -7.70949e-06
time: 364	PE: 0	op: 0.00119102 / 0.180456 = 0.00660003
time: 364	PE: 1	op: -6.63467e-06 / 0.180456 = -3.67661e-05
time: 365	PE: 0	op: 0.181568 - 0.000788087 * -0.131862 = 0.181672
time: 365	PE: 1	op: -0.00272632 - 1.23061e-19 * -0.131862 = -0.00272632
time: 365	PE: 2	op: -0.00219418 - 0.000524159 * -0.131862 = -0.00212507
time: 366	PE: 0	op: -6.63459e-06 - 1.94407e-06 * -0.131862 = -6.37824e-06
time: 368	PE: 0	op: -0.0172414 / 0.0172492 = -0.999545
time: 368	PE: 1	op: -7.70793e-06 / 0.0172492 = -0.000446857
time: 371	PE: 0	op: -0.00272632 / 0.181672 = -0.0150068
time: 371	PE: 1	op: -0.00387985 / 0.181672 = -0.0213563
time: 371	PE: 2	op: 1.55085e-06 / 0.181672 = 8.53653e-06
time: 371	PE: 3	op: -1.88522 / 0.181672 = -10.377
time: 372	PE: 0	op: 8.33647 - -6.63459e-06 * -3.67661e-05 = 8.33647
time: 372	PE: 1	op: -5.64208e-06 - -7.17235e-05 * -3.67661e-05 = -5.64472e-06
time: 372	PE: 2	op: 0.000543212 - -7.17235e-05 * 0.00660003 = 0.000543685
time: 372	PE: 3	op: 1.94404e-06 - -6.63459e-06 * 0.00660003 = 1.98783e-06
time: 376	PE: 0	op: 0.0172414 - -0.0172414 * -0.999545 = 7.84546e-06
time: 376	PE: 1	op: 0 - -0.0172414 * -0.000446857 = -7.70442e-06
time: 376	PE: 2	op: 0 - -7.70949e-06 * -0.999545 = -7.70598e-06
time: 377	PE: 0	op: 7.86409e-06 - -7.70949e-06 * -0.000446857 = 7.86064e-06
time: 378	PE: 0	op: -5.64472e-06 / 0.000543685 = -0.0103823
time: 379	PE: 0	op: 0.309443 - -0.00272632 * -0.0150068 = 0.309402
time: 379	PE: 1	op: -3.26959e-20 - -0.00212507 * -0.0150068 = -3.18904e-05
time: 379	PE: 3	op: 2.92557e-24 - -0.00272632 * -0.0213563 = -5.82242e-05
time: 379	PE: 4	op: -8.78497e-09 - -0.00272632 * 8.53653e-06 = 1.44883e-08
time: 379	PE: 5	op: 0.00600473 - -0.00212507 * -0.0213563 = 0.00595935
time: 379	PE: 7	op: 222.329 - -0.00272632 * -10.377 = 222.301
time: 379	PE: 8	op: 5.44416e-06 - -0.00212507 * 8.53653e-06 = 5.4623e-06
time: 379	PE: 9	op: 8.33647 - -6.37824e-06 * 8.53653e-06 = 8.33647
time: 379	PE: 10	op: 0.00101083 - -0.00212507 * -10.377 = -0.0210411
time: 380	PE: 2	op: 5.75935e-10 - -6.37824e-06 * -0.0150068 = -9.5141e-08
time: 380	PE: 6	op: 4.6217e-11 - -6.37824e-06 * -0.0213563 = -1.3617e-07
time: 380	PE: 11	op: 0 - -6.37824e-06 * -10.377 = -6.61872e-05
time: 382	PE: 0	op: -7.70442e-06 / -0.0401614 = 0.000191837
time: 383	PE: 0	op: 7.86064e-06 / -0.0401614 = -0.000195726
time: 385	PE: 0	op: -5.82242e-05 / 0.309402 = -0.000188183
time: 385	PE: 1	op: 1.44883e-08 / 0.309402 = 4.68269e-08
time: 385	PE: 2	op: 222.301 / 0.309402 = 718.486
time: 385	PE: 3	op: -8e-31 / 0.309402 = -2.58564e-30
time: 386	PE: 0	op: 8.33647 - 1.98783e-06 * -0.0103823 = 8.33647
time: 392	PE: 0	op: -8.33962 / 8.33647 = -1.00038
time: 392	PE: 1	op: -3878.88 / 8.33647 = -465.29
time: 393	PE: 0	op: 0.00595935 - -3.18904e-05 * -0.000188183 = 0.00595934
time: 393	PE: 1	op: -1.3617e-07 - -9.5141e-08 * -0.000188183 = -1.36188e-07
time: 393	PE: 2	op: 0 - -8e-31 * -0.000188183 = -1.50547e-34
time: 393	PE: 3	op: 5.4623e-06 - -3.18904e-05 * 4.68269e-08 = 5.4623e-06
time: 393	PE: 4	op: 8.33647 - -9.5141e-08 * 4.68269e-08 = 8.33647
time: 393	PE: 5	op: 0 - -8e-31 * 4.68269e-08 = 3.74615e-38
time: 394	PE: 0	op: -0.0210411 - -3.18904e-05 * 718.486 = 0.00187178
time: 394	PE: 1	op: 0 - -3.18904e-05 * -2.58564e-30 = -8.2457e-35
time: 394	PE: 3	op: -6.61872e-05 - -9.5141e-08 * 718.486 = 2.17027e-06
time: 394	PE: 4	op: 0 - -9.5141e-08 * -2.58564e-30 = -2.46e-37
time: 395	PE: 0	op: 7.84546e-06 - -8e-31 * -2.58564e-30 = 7.84546e-06
time: 395	PE: 2	op: 0 - -8e-31 * 718.486 = 5.74789e-28
time: 399	PE: 0	op: 5.4623e-06 / 0.00595934 = 0.000916595
time: 400	PE: 0	op: 26.7324 - -8.33962 * -1.00038 = 18.3896
time: 400	PE: 1	op: 0.00187178 / 0.00595934 = 0.314091
time: 400	PE: 2	op: -8.2457e-35 / 0.00595934 = -1.38366e-32
time: 400	PE: 3	op: -1762.46 - -8.33962 * -465.29 = -5642.8
time: 406	PE: 0	op: -18.1934 / 18.3896 = -0.98933
time: 406	PE: 1	op: -1e-08 / 18.3896 = -5.43785e-10
time: 407	PE: 0	op: 8.33647 - -1.36188e-07 * 0.000916595 = 8.33647
time: 407	PE: 1	op: 3.74615e-38 - -1.50547e-34 * 0.000916595 = 1.75452e-37
time: 408	PE: 0	op: 7.84546e-06 - -1.50547e-34 * -1.38366e-32 = 7.84546e-06
time: 408	PE: 1	op: 5.74789e-28 - -1.50547e-34 * 0.314091 = 5.74789e-28
time: 408	PE: 2	op: 2.17027e-06 - -1.36188e-07 * 0.314091 = 2.21304e-06
time: 408	PE: 3	op: -2.46e-37 - -1.36188e-07 * -1.38366e-32 = -2.47884e-37
time: 413	PE: 0	op: -8.33962 / 8.33647 = -1.00038
time: 413	PE: 1	op: -3878.88 / 8.33647 = -465.29
time: 413	PE: 2	op: 1.75452e-37 / -0.0401614 = -4.36867e-36
time: 414	PE: 0	op: 0 - -18.1962 * -5.43785e-10 = -9.89482e-09
time: 414	PE: 1	op: 18.1987 - -18.1962 * -0.98933 = 0.196632
time: 414	PE: 2	op: 0 - -1e-08 * -0.98933 = -9.8933e-09
time: 414	PE: 3	op: 100001 - -1e-08 * -5.43785e-10 = 100001
time: 414	PE: 4	op: 7.84546e-06 / -0.0401614 = -0.000195348
time: 420	PE: 0	op: -5.90855e-11 / 0.196632 = -3.00487e-10
time: 420	PE: 1	op: -4.00676e-13 / 0.196632 = -2.03769e-12
time: 420	PE: 2	op: -9.89482e-09 / 0.196632 = -5.03214e-08
time: 421	PE: 0	op: 26.7344 - -8.33962 * -1.00038 = 18.3916
time: 421	PE: 1	op: -1762.46 - -8.33962 * -465.29 = -5642.8
time: 427	PE: 0	op: -18.1934 / 18.3916 = -0.989223
time: 427	PE: 1	op: -1e-08 / 18.3916 = -5.43726e-10
time: 428	PE: 0	op: -2.11125e-11 - -5.81108e-11 * -2.03769e-12 = -2.11125e-11
time: 428	PE: 1	op: -1.29931 - -5.81108e-11 * -5.03214e-08 = -1.29931
time: 428	PE: 2	op: 1.29772 - -5.81108e-11 * -3.00487e-10 = 1.29772
time: 428	PE: 3	op: -2.10661e-11 - -4.47093e-13 * -3.00487e-10 = -2.10661e-11
time: 428	PE: 4	op: -1.29911 - -9.8933e-09 * -3.00487e-10 = -1.29911
time: 428	PE: 5	op: -100000 - -4.47093e-13 * -5.03214e-08 = -100000
time: 428	PE: 6	op: 100000 - -4.47093e-13 * -2.03769e-12 = 100000
time: 428	PE: 7	op: -100000 - -9.8933e-09 * -2.03769e-12 = -100000
time: 428	PE: 8	op: 100001 - -9.8933e-09 * -5.03214e-08 = 100001
time: 434	PE: 3	op: reg[3] = -2.11125e-11
time: 434	PE: 4	op: reg[4] = -1.29931
time: 435	PE: 0	op: 0 + -18.1962 * -0.989223 = 18.0001
time: 435	PE: 1	op: 0 + -18.1962 * -5.43726e-10 = 9.89374e-09
time: 435	PE: 2	op: 0 + -1e-08 * -0.989223 = 9.89222e-09
time: 435	PE: 3	op: Ax[2084] = -2.11125e-11 / 1.29772 = -1.62688e-11
time: 435	PE: 4	op: Ax[2085] = -1.29931 / 1.29772 = -1.00122
time: 435	PE: 6	op: 0 + -1e-08 * -5.43726e-10 = 5.43726e-18
time: 438	PE: 0	op: 18.1987 - 18.0001 = 0.198589
time: 438	PE: 1	op: -4.00676e-13 - 9.89374e-09 = -9.89414e-09
time: 438	PE: 2	op: -4.47093e-13 - 9.89222e-09 = -9.89267e-09
time: 442	PE: 0	op: Ax[2217] = 0.198589
time: 442	PE: 2	op: Ax[2234] = -9.89267e-09
time: 443	PE: 5	op: reg[5] = -5.90855e-11
time: 443	PE: 7	op: 0 + -2.10661e-11 * -1.62688e-11 = 3.42721e-22
time: 443	PE: 8	op: 0 + -2.10661e-11 * -1.00122 = 2.10918e-11
time: 443	PE: 10	op: 0 + -1.29911 * -1.62688e-11 = 2.1135e-11
time: 443	PE: 12	op: 0 + -1.29911 * -1.00122 = 1.3007
time: 444	PE: 1	op: Ax[2218] = -9.89414e-09 / 0.198589 = -4.98221e-08
time: 444	PE: 5	op: Ax[2219] = -5.90855e-11 / 0.198589 = -2.97526e-10
time: 446	PE: 7	op: 100000 - 3.42721e-22 = 100000
time: 446	PE: 8	op: -100000 - 2.10918e-11 = -100000
time: 446	PE: 10	op: -100000 - 2.1135e-11 = -100000
time: 450	PE: 7	op: Ax[2094] = 100000
time: 450	PE: 10	op: Ax[2111] = -100000
time: 452	PE: 6	op: 5.43726e-18 + -9.89267e-09 * -4.98221e-08 = 4.98311e-16
time: 452	PE: 8	op: Ax[2095] = -100000 / 100000 = -1
time: 452	PE: 9	op: 0 + -9.89267e-09 * -2.97526e-10 = 2.94333e-18
time: 452	PE: 11	op: 0 + -5.81108e-11 * -4.98221e-08 = 2.8952e-18
time: 452	PE: 13	op: 0 + -5.81108e-11 * -2.97526e-10 = 1.72895e-20
time: 455	PE: 6	op: 1.30469 - 4.98311e-16 = 1.30469
time: 455	PE: 9	op: -1.29911 - 2.94333e-18 = -1.29911
time: 455	PE: 11	op: -1.29931 - 2.8952e-18 = -1.29931
time: 459	PE: 6	op: Ax[2235] = 1.30469
time: 459	PE: 11	op: Ax[2246] = -1.29931
time: 460	PE: 12	op: 1.3007 + -100000 * -1 = 100001
time: 461	PE: 9	op: Ax[2236] = -1.29911 / 1.30469 = -0.995726
time: 463	PE: 12	op: 100001 - 100001 = 0.0078125
time: 467	PE: 12	op: Ax[2112] = 0.0078125
time: 469	PE: 13	op: 1.72895e-20 + -1.29931 * -0.995726 = 1.29376
time: 472	PE: 13	op: 1.29772 - 1.29376 = 0.00396764
time: 476	PE: 13	op: Ax[2247] = 0.00396764
SUCCESS: simulation
SUCCESS: simulation1
SUCCESS: simulation3
SUCCESS: simulation3
SUCCESS: simulation4
