n: 430
nnz: 1544
CSC format: after fill in
Ax: 1 1 100000 -100000 -1.18e-30 -1 1 -3635.14 1 1 18.1818 -18.1818 1 -1 3634.14 -18.1818 -1 18.1961 -2e-31 -0.0142857 1 -1 -310.078 0 100000 -100000 -1.18e-30 -1 1 -3635.14 1 1 -1 1.2987 1 0 -1.2987 3634.14 -1 -1 100000 -100000 -0.000606061 1 -1 -1705.43 0 1 4 1 -4 -4 8 -4 -4 4.01 -0.01 0.126415 -0.115915 -0.0005 100009 -8.89838 -100000 100032 -31.7901 -100000 -31.7901 31.7901 -5.90855e-11 -8.41421e-12 0 -8.89838 -5.81108e-11 8.89838 -4.43362e-10 0 0 -0.115915 -9.38897e-12 -4.42388e-10 0.115915 0 0 0 1 -465.116 -1 100000 -100000 -1.18e-30 100000 -100000 1 -3635.14 1 8.33333 -8.33333 1 -1 -8.33333 1 8.33958 -0.00625 -2e-31 -1 1 0 0 100000 -100000 -1.18e-30 -1 1 -3635.14 1 1 18.1818 -18.1818 1 -1 3634.14 -18.1818 -1 18.1961 -2e-31 -0.0142857 1 -1 -310.078 0 100000 -1.18e-30 -100000 -1 1 -3635.14 1 1 -1 1.2987 1 0 -1.2987 3634.14 -1 -1 100000 -100000 -0.000606061 1 -1 -1705.43 0 -2e-31 -100000 100000 0 0 0 1 4 1 -4 -4 8 -4 -4 4.01 -0.01 0.126415 -0.115915 -0.0005 100009 -8.89838 -100000 100032 -31.7901 -100000 -31.7901 31.7901 -5.90855e-11 -8.41421e-12 0 -8.89838 -5.81108e-11 8.89838 -4.43362e-10 0 0 -0.115915 -9.38897e-12 -4.42388e-10 0.115915 0 0 0 1 -465.116 -1 100000 -100000 -1.18e-30 100000 -100000 1 -3635.14 1 8.33333 -8.33333 1 -1 -8.33333 1 8.33958 -0.00625 -2e-31 -1 1 0 0 1000 -4.96256e-07 -0.00365244 -1000 -0.00365294 1000 0.00365244 -1000 0 -1.0021e-12 -1.0021e-12 1000 0 0 -1000 -1000 0 1000 -0.000133333 -0.000222222 1000.07 -1000 -1000 1000.07 -0.0352393 -0.0352393 -0.0704721 1000.04 0.0352328 -1000 -6.436e-06 -6.87607e-10 1000 -1000 0 -1000 1000.05 0 -0.0454545 1000 -1.41955e-16 -1.04479e-12 -4.48722e-14 1000 -1000 -9.55328e-13 -1000 2000.01 0 -1000 -1.00006e-12 -1.00006e-12 0 1000 0 -1000 -1000 0 1000 -1.01839e-12 -1.38368e-16 0 2000 -1000 -1000 -1000 1000 -0.00170852 -2.32135e-07 0 -0.00503972 1000.01 -0.00503972 0 -1000 0.00333097 -0.00837092 1000.01 0 0 -1000 -0.0245335 1000.05 -0.0245335 -1000 0 0.0245335 -1000 0 0 0 -0.0490669 1000.02 0 0 -1000 0 0 -0.000133333 -1000 0 0 -1000 0 -1000 0 4000 0 0 0 1000 -1.40235e-16 -1.03213e-12 -1000 -3.07766e-14 1000 -9.70857e-13 -1000 0 -1.00149e-12 -1.00149e-12 1000 0 -1000 0 1000.07 -1000 -0.0666667 -1000 1000 -1.00005e-12 -1.00005e-12 0 7.09078e-05 1000 -7.09175e-05 -1000 0 -7.09078e-05 -9.63422e-09 1000 -1000 0 0 -1000 0 -1000 2000.04 0 0 -0.037037 1000 -0.00167203 -2.27179e-07 -1.03213e-12 1000 -1.03213e-12 -1000 -0.00167226 0.00167203 1000 -1000 1000 -1000 -1000 1000.25 -0.248814 -3.38063e-05 -0.208105 1000.42 -0.208105 -1000 -0.0407435 -0.167395 1000.21 -1000 0 -1000 -1000 -1000 3000 -2.5641e-05 0 1000.01 -0.00640236 -6.84013e-07 -1000 -1.03213e-12 1000 -1.03213e-12 -1000 0 -0.00640304 0.00640236 1000 -1000 0 -2.5641e-05 -1000 -1000 3000 -1000 0 0 1000.01 -6.84013e-07 -0.00640236 -1000 -1000 -0.00640304 1000 0.00640236 0 0 -1.00005e-12 -1.00005e-12 1000 0 -1000 0 1000 -1000 -1000 1000 -3.84447e-12 -5.22346e-16 -1.00007e-12 1000 -1.00007e-12 -1000 -2.84492e-12 1.84433e-12 1000 -1000 0 1000 -1000 -1000 1000 -3.84447e-12 -5.22346e-16 -1.00006e-12 1000 -1.00006e-12 -1000 -2.84492e-12 1.84434e-12 1000 -1000 0 -1000 -1000 3000 -1000 0 0 1000 -0.00149685 0.00149664 -1000 -1000 -2.03348e-07 1000 -0.00149664 0 0 -1.00029e-12 -1.00029e-12 1000 0 0 -1000 1000.05 2.04243e-07 -0.0524564 -1000 -0.052445 1000.1 -1000 -0.052445 0 -1000 0 0 -1000 0 0 -1000 3000 0 0 0 0 1000.05 -5.56934e-06 -0.052129 -1000 1000.05 -0.052129 -5.56934e-06 -1000 -1.03213e-12 1000 -1.03213e-12 -1000 0 -0.0521346 0.052129 1000 -1000 0 -0.0521346 1000 0.052129 -1000 0 -1.0005e-12 -1.0005e-12 1000 0 -1000 0 1000.35 -0.698753 0.349276 -1000 -0.349476 1000.7 -0.349476 0 -1000 2000 -1000 -1000 -1000 1000.01 -0.0130778 -1.77687e-06 0 -3.89391e-08 1000 -3.89391e-08 0 -1000 -0.0130795 0.0130777 1000 0 0 -1000 -2.13825e-08 -0.00020014 -1000 0 0 0 1000 0 0 0 0 1.43282 -0.00424862 0.01 -2.40228e-12 0.0100102 -0.01 -0.00424862 100.004 -100 0.391526 -0.379795 -0.0117315 0.379795 -3.86179e-12 -0.379795 -2.40228e-12 -0.01 -100 -0.379795 -3.86179e-12 1100.39 -1000 -2.2e-28 -0.0005 2000 -1000 -1000 -1000 1000.06 -0.0609162 -8.27666e-06 0 -0.00846811 1000.02 -0.00846811 -1000 0 -1000 -0.0524564 0.04398 1000.01 0 0 0 0 -1000 -1000 -1000 0 -1000 0 0 -1000 0 5000 0 0 0 0 0 -1.12062e-05 -0.10489 0 -1000 0 0 0 0 1000.1 0 0 0 0 -1000 0 0 0 0 0 -1000 0 0 -1000 -1000 0 0 0 0 4000 0 0 0 0 -1000 -0.000222222 0 -1000 -1000 0 0 -1000 0 4000 -2.5e-32 0 0 0 -1000 0 -1000 0 0 0 -1000 0 0 0 0 0 -1000 0 0 0 0 -2.5e-32 4000 0 0 0 100 -1e-12 -100 0.01 -1.00082e-12 -0.01 1 -1 -1.18986e-12 -1e-12 0.335796 0 -0.335796 21.9246 -0.000981934 -0.105657 -0.0326096 0.0885415 0.00822272 -0.0641547 -0.0740297 -0.0234049 4.15917 -4.06174 0 -100 -1.00082e-12 -1 0 -4.06174 105.062 0 0 -0.0005 100000 1 -100000 0.0143885 -1e-12 70.922 -1.12445e-10 1000 -1000 -1e-12 1000 -1000 -1.12445e-10 -1000 -1000 1.00201e+06 -6.57462 -1e+06 1000 -1.33378e-07 -4.99012e-08 -1.8298e-07 0.0516798 -0.0516797 3.05178e-09 -0.0516797 0.17668 0 -0.125 -6.57462 -2.99378e-10 -4.655e-08 0 6.57462 0 0 17.8891 -17.8891 -1.3538e-07 21.8267 -9.02095e-05 -0.00872319 -21.8179 0.00161933 0.0443937 -0.00684331 0 -0.0391698 -0.0104327 -0.00513377 4.0773 -4.06174 0 0 0.0380804 -0.0232999 0.0193577 -0.0341383 -0.00394214 0.459995 -0.0194126 0 -0.43664 -8.47321e-14 -5.48788e-05 5.16095 0 -5.16089 0 -4.06174 -0.0341383 0 0 4.09838 0 -0.0025 0 -0.125 0 -17.8891 -21.8179 0 0 0 39.8445 0 -0.0025 0 1 -1 0 0 -1.3538e-07 -5.16089 -0.0025 0 5.16472 -1 0 -0.00133333 0 0 -0.01 -1.18986e-12 -0.335796 0 -0.0391698 0 -0.43664 0 0 -0.0025 0 0 0.824106 0 0 0 0 -0.0641547 0 0 -0.00133333 0 0 0.065588 0 -0.0001 0 0 1 2 1 -2 -2 2.5 -0.5 0.757971 -0.257971 6.01288 -1e-12 1000 -1000 -0.257971 1000.26 -1000 -0.5 1e+06 -1e+06 -0.0030303 1 -24.8995 1 -1 1 3.20513 -3.20513 1 -1 1 -691.489 -1 -1 0 1 0 0 -1e+06 -3.20513 1e+06 0 0 0 1 -1 0.0172414 1 0 -0.0172414 0.0002002 -2e-07 -2e-07 6.24015e-05 -3.11007e-05 -3.11007e-05 -3.11007e-05 0.882644 -0.882613 0 -0.882613 0.882644 -3.11007e-05 0 -3.11007e-05 0.882644 0 -0.882613 -3.11007e-05 0 0 0 0.882644 -0.882613 0 -0.882613 0.882644 -3.11007e-05 0 -3.11007e-05 0.882644 -0.882613 0 -0.882613 0.882613 -1 0 -1 1 0 0 0.0172414 1 0 -0.0172414 -1 -0.882613 0 0 0 0 0 0.882613 0 0 -1 -1 1 0.000165357 -1.1274e-05 0.000333533 -0.000333333 -1.1274e-05 0.000111324 -5e-08 -0.0001 -0.000333333 -5e-08 0.000363417 -3.00339e-05 0 -3.00339e-05 0.882643 -0.882613 0 -0.882613 0.882613 -1 0 1 0.00641026 -0.00641026 -24.8995 1 -24.8995 1 23.8995 1 -1 -0.00641026 0.00641026 0 -1 0 1 0 0 1 -1 -22553.2 1 2 1 -2 -2 2.5 -0.5 0.757971 -0.257971 6.01288 -1e-12 1000 -1000 -0.257971 1000.26 -1000 -0.5 1e+06 -1e+06 -0.0030303 1 -24.8995 1 -1 1 3.20513 -3.20513 1 -1 1 -1 -691.489 -1 0 1 0 0 -1e+06 -3.20513 1e+06 0 0 0 1000 -4.96247e-07 -0.00365238 -1000 -0.00365288 1000 0.00365238 -1000 0 -1.0021e-12 -1.0021e-12 1000 0 0 -1000 -1000 0 1000 -0.000133333 -0.000222222 1000.07 -1000 -1000 1000.07 -0.0352393 -0.0352393 -0.0704722 1000.04 0.0352329 -1000 -6.43837e-06 -6.8786e-10 1000 -1000 0 -1000 1000.05 0 -0.0454545 1000 -1.41955e-16 -1.04479e-12 -4.48724e-14 1000 -1000 -9.55328e-13 -1000 2000.01 0 -1000 -1.00006e-12 -1.00006e-12 0 1000 0 -1000 -1000 0 1000 -1.01839e-12 -1.38368e-16 0 2000 -1000 -1000 -1000 1000 -0.00170853 -2.32138e-07 0 -0.00503977 1000.01 -0.00503977 0 -1000 0.003331 -0.00837101 1000.01 0 0 -1000 -0.0245335 1000.05 -0.0245335 -1000 0 0.0245335 -1000 0 0 0 -0.0490669 1000.02 0 0 -1000 0 0 -0.000133333 -1000 0 0 -1000 0 -1000 0 4000 0 0 0 1000 -1.40235e-16 -1.03213e-12 -1000 -3.07765e-14 1000 -9.70857e-13 -1000 0 -1.00149e-12 -1.00149e-12 1000 0 -1000 0 1000.07 -1000 -0.0666667 -1000 1000 -1.00005e-12 -1.00005e-12 0 7.088e-05 1000 -7.08897e-05 -1000 0 -7.088e-05 -9.63044e-09 1000 -1000 0 0 -1000 0 -1000 2000.04 0 -0.037037 0 1000 -0.00167205 -2.27181e-07 -1.03213e-12 1000 -1.03213e-12 -1000 -0.00167228 0.00167205 1000 -1000 1000 -1000 -1000 1000.25 -0.248815 -3.38064e-05 -0.208105 1000.42 -0.208105 -1000 -0.0407441 -0.167394 1000.21 -1000 0 -1000 -1000 -1000 3000 -2.5641e-05 0 1000.01 -0.00640227 -6.84004e-07 -1000 -1.03213e-12 1000 -1.03213e-12 -1000 0 -0.00640296 0.00640227 1000 -1000 0 -2.5641e-05 -1000 -1000 3000 -1000 0 0 1000.01 -6.84004e-07 -0.00640227 -1000 -1000 -0.00640296 1000 0.00640227 0 0 -1.00005e-12 -1.00005e-12 1000 0 -1000 0 1000 -1000 -1000 1000 -3.84445e-12 -5.22343e-16 -1.00007e-12 1000 -1.00007e-12 -1000 -2.8449e-12 1.84431e-12 1000 -1000 0 1000 -1000 -1000 1000 -3.84445e-12 -5.22343e-16 -1.00006e-12 1000 -1.00006e-12 -1000 -2.8449e-12 1.84432e-12 1000 -1000 0 -1000 -1000 3000 -1000 0 0 1000 -0.00149684 0.00149663 -1000 -1000 -2.03347e-07 1000 -0.00149663 0 0 -1.00029e-12 -1.00029e-12 1000 0 0 -1000 1000.05 2.04278e-07 -0.0524401 -1000 -0.0524287 1000.1 -1000 -0.0524287 0 -1000 0 0 -1000 0 0 -1000 3000 0 0 0 0 1000.05 -5.5692e-06 -0.0521277 -1000 1000.05 -0.0521277 -5.5692e-06 -1000 -1.03213e-12 1000 -1.03213e-12 -1000 0 -0.0521333 0.0521277 1000 -1000 0 -0.0521333 1000 0.0521277 -1000 0 -1.0005e-12 -1.0005e-12 1000 0 -1000 0 1000.35 -0.698728 0.349245 -1000 -0.349483 1000.7 -0.349483 0 -1000 2000 -1000 -1000 -1000 1000 -3.75086e-05 -5.09627e-09 0 -3.90678e-08 1000 -3.90678e-08 0 -1000 -3.74746e-05 3.74304e-05 1000 0 0 -1000 -2.55246e-08 -0.00023891 -1000 0 0 0 1000 0 0 0 0 1.43282 -0.00424848 0.01 -2.4023e-12 0.0100102 -0.01 -0.00424848 100.004 -100 0.391556 -0.379795 -0.0117613 0.379795 -3.85959e-12 -0.379795 -2.4023e-12 -0.01 -100 -0.379795 -3.85959e-12 1100.39 -1000 -0.0005 -2.2e-28 2000 -1000 -1000 -1000 1000.06 -0.0609041 -8.27501e-06 0 -0.00847231 1000.02 -0.00847231 -1000 0 -1000 -0.0524401 0.0439595 1000.01 0 0 0 0 -1000 -1000 -1000 0 -1000 0 0 -1000 0 5000 0 0 0 0 0 -1.12027e-05 -0.104858 0 -1000 0 0 0 0 1000.1 0 0 0 0 -1000 0 0 0 0 0 -1000 0 0 -1000 -1000 0 0 0 0 4000 0 0 0 0 -1000 -0.000222222 0 -1000 -1000 0 0 -1000 0 4000 -2.5e-32 0 0 0 -1000 0 -1000 0 0 0 -1000 0 0 0 0 0 -1000 0 0 0 0 -2.5e-32 4000 0 0 0 100 -1e-12 -100 0.01 -1.00082e-12 -0.01 1 -1 -1.18986e-12 -1e-12 0.335796 0 -0.335796 21.9246 -0.000981936 -0.105657 -0.0326097 0.0885415 0.00822284 -0.0641547 -0.0740297 -0.0234049 4.15917 -4.06174 0 -100 -1.00082e-12 -1 0 -4.06174 105.062 0 0 -0.0005 100000 1 -100000 0.0143885 -1e-12 70.922 -1.12445e-10 1000 -1000 -1e-12 1000 -1000 -1.12445e-10 -1000 -1000 1.00201e+06 -6.57462 -1e+06 1000 -1.33378e-07 -4.99012e-08 -1.8298e-07 0.0516798 -0.0516797 3.05178e-09 -0.0516797 0.17668 0 -0.125 -6.57462 -2.99378e-10 -4.655e-08 0 6.57462 0 0 17.8891 -17.8891 -1.3538e-07 21.8267 -9.02095e-05 -0.00872319 -21.8179 0.00161933 0.0443937 -0.00684331 0 -0.0391698 -0.0104327 -0.00513377 4.0773 -4.06174 0 0 0.0380804 -0.0232999 0.0193577 -0.0341383 -0.00394214 0.459995 -0.0194126 0 -0.43664 -8.47321e-14 -5.48788e-05 5.16095 0 -5.16089 0 -4.06174 -0.0341383 0 0 4.09838 0 -0.0025 0 -0.125 0 -17.8891 -21.8179 0 0 0 39.8445 0 -0.0025 0 1 -1 0 0 -1.3538e-07 -5.16089 -0.0025 0 5.16472 -1 0 -0.00133333 0 0 -0.01 -1.18986e-12 -0.335796 0 -0.0391698 0 -0.43664 0 0 -0.0025 0 0 0.824106 0 0 0 0 -0.0641547 0 0 -0.00133333 0 0 0.065588 0 -0.0001 0 0 -0.0454545 0 -1000 0 0 -0.037037 0 0 -0.0005 0 0 1000.08 0 0 0 0 -1e-12 -1000 -1000 -0.0030303 0 -0.0666667 0 0 0 0 -1000 0 0 0 -1000 0 0 -1000 0 -1000 -1000 0 0 0 0 -0.0005 0 0 0 0 0 0 -0.0001 0 7000.07 0 0 0 0 -1 23.8995 0 0 0 -1e+06 0 0 0 0 0 0 0 0 1e+06 0 0 -8e-31 0 -0.0001 0 0 0 0 0 0 -1000 0 -0.0117613 -0.379795 -2.2e-28 0 0 0 0 0 0 0 0 0 1000.39 0 0 0 1 -0.0172414 0 23.8995 -8e-31 0 0 -1 0.0172414 0 0 1 0 -7047.87 -1 -1 -1 1 0.000165357 -1.1274e-05 0.000333533 -0.000333333 -1.1274e-05 0.000111324 -5e-08 -0.0001 -0.000333333 -5e-08 0.000363417 -3.00339e-05 0 -3.00339e-05 0.882643 -0.882613 0 -0.882613 0.882613 -1 0 1 0.00641026 -0.00641026 -24.8995 1 -24.8995 1 23.8995 1 -1 -0.00641026 0.00641026 0 -1 0 1 0 0 1 -1 -22553.2 -0.0172414 0 0 0 23.8995 -1 0.0172414 -8e-31 1 0 -1 -7047.87 1 -1e+06 0 0 0 0 0 0 -1 23.8995 0 0 0 -8e-31 0 1e+06 0 0 0 -1000 0 -0.0117315 -0.379795 -2.2e-28 0 0 0 0 0 0 -0.0001 0 0 0 0 0 0 0 1000.39 0 0 -0.0666667 0 0 0 0 -1000 0 0 0 -1000 0 0 -1000 0 -1000 -1000 0 0 0 0 -0.0005 0 0 0 0 0 0 -0.0001 -1e-12 -1000 -1000 -0.0030303 0 0 0 0 7000.07 0 0 -0.0454545 0 -1000 0 0 -0.037037 0 0 -0.0005 0 0 0 0 0 1000.08 0 -100000 -1 0 -0.00625 -100000 0 0 0 0 0 0 200000 0 -3.33333e-05 26.9179 -6.99791e-08 -6.99791e-08 100000 -100000 -0.0005 1 -2325.58 -1 100000 -100000 -1.18e-30 1 -3635.14 1 -1 0.714286 1 0 -0.714286 -1 1 100000 -0.000324675 -100000 -1 1 0 0 -100000 -100000 -0.714286 -0.000324675 200001 0 0 -1.33333e-06 -2e-31 -100000 100000 0 0 0 1 -100000 1 0 0 0 -1.18e-30 -100000 -1 3634.14 0 -3.33333e-05 0 0 200000 -7.69231e-05 -1e-08 -1.18e-30 -1 0 -0.0142857 -100000 0 0 0 0 -7.69231e-05 100000 0 0 0 -1.18e-30 -1.2987 -0.000606061 -100000 0 0 0 0 100001 0 -2.46305e-06 -0.01 -0.0005 0 -0.0005 0 0 0 0 100000 -100000 -100000 1 0 0 0 -1.18e-30 -1 3634.14 0 -1.33333e-06 0 0 -1e-08 0 -2.46305e-06 -100000 200000 -100000 -1 0 -0.00625 -100000 0 0 0 0 0 0 0 0 0 200000 0 -3.33333e-05 26.9179 -6.99791e-08 -6.99791e-08 100000 -100000 -0.0005 1 -2325.58 -1 100000 -100000 -1.18e-30 1 -3635.14 1 -1 0.714286 1 0 -0.714286 -1 1 100000 -0.000324675 -100000 -1 1 0 0 -100000 -100000 -0.714286 -0.000324675 200001 0 0 -1.33333e-06 -2e-31 -100000 100000 0 0 0 -0.01 -0.0005 0 -0.0005 0 100000 0 0 -100000 0 -2e-31 -100000 100000 0 0 0 1 -100000 1 0 0 -1.18e-30 -100000 -1 3634.14 0 -3.33333e-05 0 0 0 200000 -7.69231e-05 -1e-08 -1.18e-30 -1 0 -0.0142857 -100000 0 0 0 0 0 -7.69231e-05 100000 0 0 -100000 1 0 0 -1.18e-30 -1 3634.14 0 -1.33333e-06 0 -100000 0 0 -1e-08 0 200000 -2.46305e-06 -1.18e-30 -1.2987 -0.000606061 -100000 0 0 0 0 0 -2.46305e-06 100001 1 1 
Ai: 0 1 2 424 425 3 424 4 7 5 6 8 6 425 4 6 7 8 422 425 3 8 423 424 9 426 427 10 426 11 14 12 15 12 13 15 427 11 13 14 15 422 427 10 15 423 426 16 16 17 18 16 18 19 18 19 421 20 25 421 21 24 427 22 23 425 22 23 24 25 425 21 23 24 25 425 427 20 23 24 25 421 425 427 26 423 424 27 409 424 28 424 29 32 30 31 33 31 409 31 32 33 409 420 26 33 423 424 34 404 405 35 404 36 39 37 38 40 38 405 36 38 39 40 48 405 35 40 403 404 41 406 408 42 408 43 46 44 47 44 45 47 406 43 45 46 47 48 406 42 47 403 408 40 47 48 403 404 408 49 49 50 51 49 51 52 51 52 407 53 58 407 54 57 406 55 56 405 55 56 57 58 405 54 56 57 58 405 406 53 56 57 58 405 406 407 59 403 404 60 391 404 61 404 62 65 63 64 66 64 391 64 65 66 391 402 59 66 403 404 67 68 69 87 67 68 69 70 87 67 68 69 70 87 153 68 69 70 87 153 71 72 71 72 73 74 72 73 74 87 72 73 74 75 87 74 75 87 390 76 77 79 76 77 78 79 77 78 79 80 76 77 78 79 80 154 78 79 80 85 86 154 81 82 86 81 82 83 84 86 82 83 84 86 87 82 83 84 86 87 154 80 85 86 87 154 80 81 82 83 84 85 86 87 154 67 68 69 70 73 74 75 83 84 85 86 87 153 154 390 88 89 90 390 88 89 90 95 390 88 89 90 95 153 390 91 92 389 91 92 93 94 389 92 93 94 153 389 92 93 94 95 153 389 89 90 94 95 153 389 390 96 97 98 96 97 98 103 96 97 98 103 99 100 99 100 101 102 100 101 102 152 100 101 102 103 152 97 98 102 103 107 152 104 105 106 389 104 105 106 107 389 104 105 106 107 389 103 105 106 107 109 152 389 108 109 110 389 107 108 109 110 152 389 108 109 110 152 153 389 111 112 111 112 113 114 112 113 114 154 112 113 114 119 154 115 116 115 116 117 118 116 117 118 125 116 117 118 119 125 114 118 119 121 125 154 120 121 122 125 119 120 121 122 125 154 120 121 122 125 154 389 123 124 151 152 123 124 125 151 152 117 118 119 120 121 122 124 125 151 152 154 389 126 130 131 389 127 128 129 389 127 128 129 150 389 127 128 129 150 389 126 130 131 150 389 126 130 131 150 152 389 132 133 138 152 132 133 138 152 154 134 135 138 134 135 136 137 138 135 136 137 138 150 135 136 137 138 150 388 132 133 134 135 136 137 138 150 152 154 388 139 142 140 145 141 145 139 142 145 143 145 388 144 145 388 140 141 142 143 144 145 149 388 389 146 147 151 146 147 148 149 151 147 148 149 150 151 145 147 148 149 150 151 388 389 128 129 130 131 136 137 138 148 149 150 151 152 154 388 389 123 124 125 146 147 148 149 150 151 152 154 388 389 101 102 103 107 109 110 123 124 125 131 132 133 138 150 151 152 153 154 388 389 69 70 87 90 93 94 95 110 152 153 154 388 389 390 79 80 84 85 86 87 113 114 119 121 122 125 133 138 150 151 152 153 154 388 389 390 155 158 162 156 162 184 157 162 184 155 158 162 184 159 160 161 159 160 161 185 159 160 161 162 185 155 156 157 158 161 162 184 185 390 163 183 391 164 167 165 168 166 168 164 167 168 165 166 167 168 172 387 169 170 172 169 170 171 172 170 171 172 181 168 169 170 171 172 181 387 173 181 182 174 175 176 181 174 175 176 181 184 174 175 176 180 181 184 177 178 179 180 177 178 179 180 184 177 178 179 180 182 184 176 177 178 179 180 181 182 184 171 172 173 174 175 176 180 181 182 184 387 163 182 183 391 173 179 180 181 182 183 184 185 387 391 156 157 158 162 175 176 178 179 180 181 182 183 184 185 387 390 391 160 161 162 182 183 184 185 387 389 390 391 186 186 187 188 186 188 193 189 192 190 389 191 389 189 192 389 188 193 200 389 194 195 195 196 196 199 200 197 198 198 386 387 197 198 199 386 387 193 199 200 386 387 389 201 214 201 202 214 369 203 204 203 204 205 208 204 205 206 208 205 206 207 208 206 207 208 214 204 205 206 207 208 209 214 208 209 210 214 209 210 211 214 210 211 213 214 211 212 213 214 212 213 214 385 202 207 208 209 210 211 213 214 369 385 215 216 228 217 219 218 220 217 219 220 366 218 219 220 221 366 220 221 222 366 221 222 223 366 223 227 228 224 226 225 368 224 225 226 227 228 368 222 223 227 228 366 215 228 367 229 229 230 231 229 231 236 232 235 233 364 234 364 232 235 364 231 236 243 364 237 238 238 239 239 242 243 240 241 241 365 367 240 241 242 365 367 236 242 243 364 365 367 244 245 246 264 244 245 246 247 264 244 245 246 247 264 330 245 246 247 264 330 248 249 248 249 250 251 249 250 251 264 249 250 251 252 264 251 252 264 363 253 254 256 253 254 255 256 254 255 256 257 253 254 255 256 257 331 255 256 257 262 263 331 258 259 263 258 259 260 261 263 259 260 261 263 264 259 260 261 263 264 331 257 262 263 264 331 257 258 259 260 261 262 263 264 331 244 245 246 247 250 251 252 260 261 262 263 264 330 331 363 265 266 267 363 265 266 267 272 363 265 266 267 272 330 363 268 269 364 268 269 270 271 364 269 270 271 330 364 269 270 271 272 330 364 266 267 271 272 330 363 364 273 274 275 273 274 275 280 273 274 275 280 276 277 276 277 278 279 277 278 279 329 277 278 279 280 329 274 275 279 280 284 329 281 282 283 364 281 282 283 284 364 281 282 283 284 364 280 282 283 284 286 329 364 285 286 287 364 284 285 286 287 329 364 285 286 287 329 330 364 288 289 288 289 290 291 289 290 291 331 289 290 291 296 331 292 293 292 293 294 295 293 294 295 302 293 294 295 296 302 291 295 296 298 302 331 297 298 299 302 296 297 298 299 302 331 297 298 299 302 331 364 300 301 328 329 300 301 302 328 329 294 295 296 297 298 299 301 302 328 329 331 364 303 307 308 364 304 305 306 364 304 305 306 327 364 304 305 306 327 364 303 307 308 327 364 303 307 308 327 329 364 309 310 315 329 309 310 315 329 331 311 312 315 311 312 313 314 315 312 313 314 315 327 312 313 314 315 327 366 309 310 311 312 313 314 315 327 329 331 366 316 319 317 322 318 322 316 319 322 320 322 366 321 322 366 317 318 319 320 321 322 326 364 366 323 324 328 323 324 325 326 328 324 325 326 327 328 322 324 325 326 327 328 364 366 305 306 307 308 313 314 315 325 326 327 328 329 331 364 366 300 301 302 323 324 325 326 327 328 329 331 364 366 278 279 280 284 286 287 300 301 302 308 309 310 315 327 328 329 330 331 364 366 246 247 264 267 270 271 272 287 329 330 331 363 364 366 256 257 261 262 263 264 290 291 296 298 299 302 310 315 327 328 329 330 331 363 364 366 332 335 339 333 339 361 334 339 361 332 335 339 361 336 337 338 336 337 338 362 336 337 338 339 362 332 333 334 335 338 339 361 362 363 340 360 409 341 344 342 345 343 345 341 344 345 342 343 344 345 349 365 346 347 349 346 347 348 349 347 348 349 358 345 346 347 348 349 358 365 350 358 359 351 352 353 358 351 352 353 358 361 351 352 353 357 358 361 354 355 356 357 354 355 356 357 361 354 355 356 357 359 361 353 354 355 356 357 358 359 361 348 349 350 351 352 353 357 358 359 361 365 340 359 360 409 350 356 357 358 359 360 361 362 365 409 333 334 335 339 352 353 355 356 357 358 359 360 361 362 363 365 409 337 338 339 359 360 361 362 363 364 365 409 252 264 265 266 267 272 330 331 339 361 362 363 364 365 366 409 233 234 235 236 243 268 269 270 271 272 281 282 283 284 285 286 287 299 302 303 304 305 306 307 308 322 326 327 328 329 330 331 362 363 364 365 366 367 409 237 238 239 242 243 345 349 358 359 360 361 362 363 364 365 366 367 369 409 219 220 221 222 223 227 228 314 315 320 321 322 326 327 328 329 330 331 363 364 365 366 367 369 409 367 201 214 225 365 366 367 368 369 385 409 216 228 367 369 370 371 383 372 374 373 375 372 374 375 388 373 374 375 376 388 375 376 377 388 376 377 378 388 378 382 383 379 381 380 384 379 380 381 382 383 384 377 378 382 383 388 370 383 386 212 213 214 369 380 384 385 387 371 383 385 386 386 168 172 181 182 183 184 185 194 195 196 199 200 385 386 387 389 390 391 137 138 143 144 145 149 150 151 152 153 154 374 375 376 377 378 382 383 386 388 389 390 91 92 93 94 95 104 105 106 107 108 109 110 122 125 126 127 128 129 130 131 145 149 150 151 152 153 154 185 190 191 192 193 200 386 387 388 389 390 391 75 87 88 89 90 95 153 154 162 184 185 387 388 389 390 391 60 63 64 66 163 183 184 185 387 389 390 391 403 404 392 393 392 393 401 407 394 403 408 395 401 408 396 399 397 400 397 398 400 401 398 399 400 401 402 394 400 403 408 393 395 397 400 401 403 407 408 66 400 402 403 404 408 403 34 36 39 40 48 60 61 62 65 66 391 402 403 404 405 408 34 37 38 40 55 56 57 58 403 404 405 406 407 408 41 44 47 54 57 58 403 405 406 407 408 52 53 58 393 401 403 405 406 407 408 41 43 46 47 48 395 396 399 400 401 402 403 404 405 406 407 408 27 30 31 33 340 360 361 362 363 364 365 366 367 369 409 423 424 410 411 410 411 419 421 412 423 426 413 419 426 414 417 415 418 415 416 418 419 416 417 418 419 420 412 418 423 426 411 413 415 418 419 421 423 426 33 418 420 423 424 426 19 20 25 411 419 421 423 425 426 427 8 15 422 423 424 426 423 2 4 7 8 27 28 29 32 33 409 420 422 423 424 425 426 2 5 6 8 22 23 24 25 421 423 424 425 426 427 9 11 14 15 413 414 417 418 419 420 421 422 423 424 425 426 427 9 12 15 21 24 25 421 423 425 426 427 428 429 
Ap: 0 1 2 5 7 9 12 14 20 24 27 29 31 33 37 43 47 48 51 54 57 60 63 66 71 77 84 87 90 92 94 97 99 104 108 111 113 115 118 120 126 130 133 135 137 139 143 149 153 159 160 163 166 169 172 175 178 183 189 196 199 202 204 206 209 211 216 220 224 229 235 240 242 246 250 255 259 262 266 270 276 282 285 290 295 301 306 315 330 334 339 345 348 353 358 364 371 374 378 382 384 388 392 397 403 407 412 417 424 428 434 440 442 446 450 455 457 461 465 470 476 480 486 492 496 501 513 517 521 526 531 536 542 546 551 554 559 564 570 581 583 585 587 590 593 596 605 608 613 618 626 641 654 674 688 710 713 716 719 723 726 730 735 744 747 749 751 753 756 762 765 769 773 780 783 787 792 798 802 807 813 821 832 836 846 863 874 875 878 881 883 885 887 890 894 896 898 901 903 906 911 917 919 923 925 929 933 937 941 948 952 956 960 964 968 978 979 981 983 985 989 994 998 1002 1005 1007 1009 1015 1020 1023 1024 1027 1030 1032 1034 1036 1039 1043 1045 1047 1050 1052 1055 1060 1066 1070 1075 1081 1086 1088 1092 1096 1101 1105 1108 1112 1116 1122 1128 1131 1136 1141 1147 1152 1161 1176 1180 1185 1191 1194 1199 1204 1210 1217 1220 1224 1228 1230 1234 1238 1243 1249 1253 1258 1263 1270 1274 1280 1286 1288 1292 1296 1301 1303 1307 1311 1316 1322 1326 1332 1338 1342 1347 1359 1363 1367 1372 1377 1382 1388 1392 1397 1400 1405 1410 1416 1427 1429 1431 1433 1436 1439 1442 1451 1454 1459 1464 1472 1487 1500 1520 1534 1556 1559 1562 1565 1569 1572 1576 1581 1590 1593 1595 1597 1599 1602 1608 1611 1615 1619 1626 1629 1633 1638 1644 1648 1653 1659 1667 1678 1682 1692 1709 1720 1736 1775 1794 1819 1820 1830 1834 1835 1837 1839 1841 1845 1850 1854 1858 1861 1863 1865 1871 1876 1879 1887 1891 1892 1910 1932 1971 1987 2001 2003 2007 2010 2013 2015 2017 2021 2026 2030 2038 2044 2045 2061 2075 2086 2096 2113 2130 2132 2136 2139 2142 2144 2146 2150 2155 2159 2167 2173 2183 2189 2190 2206 2220 2237 2248 2249 2250 
CAd_fill: 0 1 2 5 7 9 12 16 21 24 27 29 31 34 39 44 47 49 52 55 57 60 63 67 73 80 84 87 90 92 94 97 100 105 108 111 113 115 118 122 127 130 133 135 137 140 145 150 155 159 161 164 167 169 172 175 179 185 192 196 199 202 204 206 209 212 217 220 225 231 237 240 243 247 252 256 259 263 267 273 278 282 286 291 297 302 312 326 330 335 341 345 349 354 360 367 371 375 380 382 385 389 394 400 403 408 414 420 424 430 436 440 443 447 452 455 458 462 467 472 476 482 488 492 497 508 513 517 522 528 532 538 542 547 551 555 560 566 576 581 583 585 588 590 593 601 605 609 614 621 635 649 669 683 706 710 713 716 720 723 727 732 740 744 747 749 751 754 759 762 766 770 777 780 783 788 794 798 803 809 817 828 833 841 858 869 874 876 879 881 883 885 888 891 894 896 898 901 903 908 913 917 920 923 926 930 934 938 945 949 953 957 961 965 975 978 979 981 983 986 991 995 999 1002 1005 1007 1011 1017 1021 1023 1025 1028 1030 1032 1034 1037 1040 1043 1045 1047 1050 1052 1057 1062 1066 1071 1077 1083 1086 1089 1093 1098 1102 1105 1109 1113 1119 1124 1128 1132 1137 1143 1148 1158 1172 1176 1181 1187 1191 1195 1200 1206 1213 1217 1221 1226 1228 1231 1235 1240 1246 1249 1254 1260 1266 1270 1276 1282 1286 1289 1293 1298 1301 1304 1308 1313 1318 1322 1328 1334 1338 1343 1354 1359 1363 1368 1374 1378 1384 1388 1393 1397 1401 1406 1412 1422 1427 1429 1431 1434 1436 1439 1447 1451 1455 1460 1467 1481 1495 1515 1529 1552 1556 1559 1562 1566 1569 1573 1578 1586 1590 1593 1595 1597 1600 1605 1608 1612 1616 1623 1626 1629 1634 1640 1644 1649 1655 1663 1674 1679 1687 1704 1715 1731 1770 1789 1815 1819 1826 1833 1834 1835 1837 1839 1842 1847 1851 1855 1858 1861 1863 1867 1873 1877 1884 1889 1891 1906 1929 1968 1985 1998 2001 2004 2007 2010 2013 2015 2018 2022 2027 2034 2040 2044 2058 2071 2083 2094 2112 2127 2130 2133 2136 2139 2142 2144 2147 2151 2156 2163 2169 2178 2185 2189 2203 2217 2235 2247 2248 2249 
div count is 914
ms count is 2209
div + ms count is 3123 the ideal cycle is 196
flops: 5332
SUCCESS: 初始化inst!
SUCCESS: 分配ocp!
SUCCESS: 分配ocp!
SUCCESS: Build Graph!
SUCCESS: Initialize waiting list!
SUCCESS: add ok to do list at time 0
SUCCESS: schedule at time0
SUCCESS: add waiting list
SUCCESS: add ok to do list at time 1
SUCCESS: schedule at time 1
newly_valid list is: 
SUCCESS: add waiting list
SUCCESS: add ok to do list at time 2
SUCCESS: schedule at time 2
newly_valid list is: 
SUCCESS: add waiting list
SUCCESS: add ok to do list at time 3
SUCCESS: schedule at time 3
newly_valid list is: 
SUCCESS: add waiting list
SUCCESS: add ok to do list at time 4
SUCCESS: schedule at time 4
newly_valid list is: 
SUCCESS: add waiting list
SUCCESS: add ok to do list at time 5
SUCCESS: schedule at time 5
newly_valid list is: 
SUCCESS: add waiting list
SUCCESS: add ok to do list at time 6
SUCCESS: schedule at time 6
newly_valid list is: 
SUCCESS: add waiting list
SUCCESS: add ok to do list at time 7
SUCCESS: schedule at time 7
newly_valid list is: 
SUCCESS: add waiting list
SUCCESS: add ok to do list at time 8
SUCCESS: schedule at time 8
newly_valid list is: 
SUCCESS: add waiting list
SUCCESS: add ok to do list at time 9
SUCCESS: schedule at time 9
newly_valid list is: 
SUCCESS: add waiting list
SUCCESS: add ok to do list at time 10
SUCCESS: schedule at time 10
newly_valid list is: 
SUCCESS: add waiting list
SUCCESS: add ok to do list at time 11
SUCCESS: schedule at time 11
newly_valid list is: 
SUCCESS: add waiting list
SUCCESS: add ok to do list at time 12
SUCCESS: schedule at time 12
newly_valid list is: 
SUCCESS: add waiting list
SUCCESS: add ok to do list at time 13
SUCCESS: schedule at time 13
newly_valid list is: 
SUCCESS: add waiting list
SUCCESS: add ok to do list at time 14
SUCCESS: schedule at time 14
newly_valid list is: 
SUCCESS: add waiting list
SUCCESS: add ok to do list at time 15
SUCCESS: schedule at time 15
newly_valid list is: 
SUCCESS: add waiting list
SUCCESS: add ok to do list at time 16
SUCCESS: schedule at time 16
newly_valid list is: 
SUCCESS: add waiting list
SUCCESS: add ok to do list at time 17
SUCCESS: schedule at time 17
newly_valid list is: 
SUCCESS: add waiting list
SUCCESS: add ok to do list at time 18
SUCCESS: schedule at time 18
newly_valid list is: 
SUCCESS: add waiting list
SUCCESS: add ok to do list at time 19
SUCCESS: schedule at time 19
newly_valid list is: 
SUCCESS: add waiting list
SUCCESS: add ok to do list at time 20
SUCCESS: schedule at time 20
newly_valid list is: 
SUCCESS: add waiting list
SUCCESS: add ok to do list at time 21
SUCCESS: schedule at time 21
newly_valid list is: 
SUCCESS: add waiting list
SUCCESS: add ok to do list at time 22
SUCCESS: schedule at time 22
newly_valid list is: 
SUCCESS: add waiting list
SUCCESS: add ok to do list at time 23
SUCCESS: schedule at time 23
newly_valid list is: 
SUCCESS: add waiting list
SUCCESS: add ok to do list at time 24
SUCCESS: schedule at time 24
newly_valid list is: 
SUCCESS: add waiting list
SUCCESS: add ok to do list at time 25
SUCCESS: schedule at time 25
newly_valid list is: 
SUCCESS: add waiting list
SUCCESS: add ok to do list at time 26
SUCCESS: schedule at time 26
newly_valid list is: 
SUCCESS: add waiting list
SUCCESS: add ok to do list at time 27
SUCCESS: schedule at time 27
newly_valid list is: 
SUCCESS: add waiting list
SUCCESS: add ok to do list at time 28
SUCCESS: schedule at time 28
newly_valid list is: 
SUCCESS: add waiting list
SUCCESS: add ok to do list at time 29
SUCCESS: schedule at time 29
newly_valid list is: 
SUCCESS: add waiting list
SUCCESS: add ok to do list at time 30
SUCCESS: schedule at time 30
newly_valid list is: 
SUCCESS: add waiting list
SUCCESS: add ok to do list at time 31
SUCCESS: schedule at time 31
newly_valid list is: 
SUCCESS: add waiting list
SUCCESS: add ok to do list at time 32
SUCCESS: schedule at time 32
newly_valid list is: 
SUCCESS: add waiting list
SUCCESS: add ok to do list at time 33
SUCCESS: schedule at time 33
newly_valid list is: 
SUCCESS: add waiting list
SUCCESS: add ok to do list at time 34
SUCCESS: schedule at time 34
newly_valid list is: 
SUCCESS: add waiting list
SUCCESS: add ok to do list at time 35
SUCCESS: schedule at time 35
newly_valid list is: 
SUCCESS: add waiting list
SUCCESS: add ok to do list at time 36
SUCCESS: schedule at time 36
newly_valid list is: 
SUCCESS: add waiting list
SUCCESS: add ok to do list at time 37
SUCCESS: schedule at time 37
newly_valid list is: 
SUCCESS: add waiting list
SUCCESS: add ok to do list at time 38
SUCCESS: schedule at time 38
newly_valid list is: 
SUCCESS: add waiting list
SUCCESS: add ok to do list at time 39
SUCCESS: schedule at time 39
newly_valid list is: 
SUCCESS: add waiting list
SUCCESS: add ok to do list at time 40
SUCCESS: schedule at time 40
newly_valid list is: 
SUCCESS: add waiting list
SUCCESS: add ok to do list at time 41
SUCCESS: schedule at time 41
newly_valid list is: 
SUCCESS: add waiting list
SUCCESS: add ok to do list at time 42
SUCCESS: schedule at time 42
newly_valid list is: 
SUCCESS: add waiting list
SUCCESS: add ok to do list at time 43
SUCCESS: schedule at time 43
newly_valid list is: 
SUCCESS: add waiting list
SUCCESS: add ok to do list at time 44
SUCCESS: schedule at time 44
newly_valid list is: 
SUCCESS: add waiting list
SUCCESS: add ok to do list at time 45
SUCCESS: schedule at time 45
newly_valid list is: 
SUCCESS: add waiting list
SUCCESS: add ok to do list at time 46
SUCCESS: schedule at time 46
newly_valid list is: 
SUCCESS: add waiting list
SUCCESS: add ok to do list at time 47
SUCCESS: schedule at time 47
newly_valid list is: 
SUCCESS: add waiting list
SUCCESS: add ok to do list at time 48
SUCCESS: schedule at time 48
newly_valid list is: 
SUCCESS: add waiting list
SUCCESS: add ok to do list at time 49
SUCCESS: schedule at time 49
newly_valid list is: 
SUCCESS: add waiting list
SUCCESS: add ok to do list at time 50
SUCCESS: schedule at time 50
newly_valid list is: 
SUCCESS: add waiting list
SUCCESS: add ok to do list at time 51
SUCCESS: schedule at time 51
newly_valid list is: 
SUCCESS: add waiting list
SUCCESS: add ok to do list at time 52
SUCCESS: schedule at time 52
newly_valid list is: 
SUCCESS: add waiting list
SUCCESS: add ok to do list at time 53
SUCCESS: schedule at time 53
newly_valid list is: 
SUCCESS: add waiting list
SUCCESS: add ok to do list at time 54
SUCCESS: schedule at time 54
newly_valid list is: 
SUCCESS: add waiting list
SUCCESS: add ok to do list at time 55
SUCCESS: schedule at time 55
newly_valid list is: 
SUCCESS: add waiting list
SUCCESS: add ok to do list at time 56
SUCCESS: schedule at time 56
newly_valid list is: 
SUCCESS: add waiting list
SUCCESS: add ok to do list at time 57
SUCCESS: schedule at time 57
newly_valid list is: 
SUCCESS: add waiting list
SUCCESS: add ok to do list at time 58
SUCCESS: schedule at time 58
newly_valid list is: 
SUCCESS: add waiting list
SUCCESS: add ok to do list at time 59
SUCCESS: schedule at time 59
newly_valid list is: 
SUCCESS: add waiting list
SUCCESS: add ok to do list at time 60
SUCCESS: schedule at time 60
newly_valid list is: 
SUCCESS: add waiting list
SUCCESS: add ok to do list at time 61
SUCCESS: schedule at time 61
newly_valid list is: 
SUCCESS: add waiting list
SUCCESS: add ok to do list at time 62
SUCCESS: schedule at time 62
newly_valid list is: 
SUCCESS: add waiting list
SUCCESS: add ok to do list at time 63
SUCCESS: schedule at time 63
newly_valid list is: 
SUCCESS: add waiting list
SUCCESS: add ok to do list at time 64
SUCCESS: schedule at time 64
newly_valid list is: 
SUCCESS: add waiting list
SUCCESS: add ok to do list at time 65
SUCCESS: schedule at time 65
newly_valid list is: 
SUCCESS: add waiting list
SUCCESS: add ok to do list at time 66
SUCCESS: schedule at time 66
newly_valid list is: 
SUCCESS: add waiting list
SUCCESS: add ok to do list at time 67
SUCCESS: schedule at time 67
newly_valid list is: 
SUCCESS: add waiting list
SUCCESS: add ok to do list at time 68
SUCCESS: schedule at time 68
newly_valid list is: 
SUCCESS: add waiting list
SUCCESS: add ok to do list at time 69
SUCCESS: schedule at time 69
newly_valid list is: 
SUCCESS: add waiting list
SUCCESS: add ok to do list at time 70
SUCCESS: schedule at time 70
newly_valid list is: 
SUCCESS: add waiting list
SUCCESS: add ok to do list at time 71
SUCCESS: schedule at time 71
newly_valid list is: 
SUCCESS: add waiting list
SUCCESS: add ok to do list at time 72
SUCCESS: schedule at time 72
newly_valid list is: 
SUCCESS: add waiting list
SUCCESS: add ok to do list at time 73
SUCCESS: schedule at time 73
newly_valid list is: 
SUCCESS: add waiting list
SUCCESS: add ok to do list at time 74
SUCCESS: schedule at time 74
newly_valid list is: 
SUCCESS: add waiting list
SUCCESS: add ok to do list at time 75
SUCCESS: schedule at time 75
newly_valid list is: 
SUCCESS: add waiting list
SUCCESS: add ok to do list at time 76
SUCCESS: schedule at time 76
newly_valid list is: 
SUCCESS: add waiting list
SUCCESS: add ok to do list at time 77
SUCCESS: schedule at time 77
newly_valid list is: 
SUCCESS: add waiting list
SUCCESS: add ok to do list at time 78
SUCCESS: schedule at time 78
newly_valid list is: 
SUCCESS: add waiting list
SUCCESS: add ok to do list at time 79
SUCCESS: schedule at time 79
newly_valid list is: 
SUCCESS: add waiting list
SUCCESS: add ok to do list at time 80
SUCCESS: schedule at time 80
newly_valid list is: 
SUCCESS: add waiting list
SUCCESS: add ok to do list at time 81
SUCCESS: schedule at time 81
newly_valid list is: 
SUCCESS: add waiting list
SUCCESS: add ok to do list at time 82
SUCCESS: schedule at time 82
newly_valid list is: 
SUCCESS: add waiting list
SUCCESS: add ok to do list at time 83
SUCCESS: schedule at time 83
newly_valid list is: 
SUCCESS: add waiting list
SUCCESS: add ok to do list at time 84
SUCCESS: schedule at time 84
newly_valid list is: 
SUCCESS: add waiting list
SUCCESS: add ok to do list at time 85
SUCCESS: schedule at time 85
newly_valid list is: 
SUCCESS: add waiting list
SUCCESS: add ok to do list at time 86
SUCCESS: schedule at time 86
newly_valid list is: 
SUCCESS: add waiting list
SUCCESS: add ok to do list at time 87
SUCCESS: schedule at time 87
newly_valid list is: 
SUCCESS: add waiting list
SUCCESS: add ok to do list at time 88
SUCCESS: schedule at time 88
newly_valid list is: 
SUCCESS: add waiting list
SUCCESS: add ok to do list at time 89
SUCCESS: schedule at time 89
newly_valid list is: 
SUCCESS: add waiting list
SUCCESS: add ok to do list at time 90
SUCCESS: schedule at time 90
newly_valid list is: 
SUCCESS: add waiting list
SUCCESS: add ok to do list at time 91
SUCCESS: schedule at time 91
newly_valid list is: 
SUCCESS: add waiting list
SUCCESS: add ok to do list at time 92
SUCCESS: schedule at time 92
newly_valid list is: 
SUCCESS: add waiting list
SUCCESS: add ok to do list at time 93
SUCCESS: schedule at time 93
newly_valid list is: 
SUCCESS: add waiting list
SUCCESS: add ok to do list at time 94
SUCCESS: schedule at time 94
newly_valid list is: 
SUCCESS: add waiting list
SUCCESS: add ok to do list at time 95
SUCCESS: schedule at time 95
newly_valid list is: 
SUCCESS: add waiting list
SUCCESS: add ok to do list at time 96
SUCCESS: schedule at time 96
newly_valid list is: 
SUCCESS: add waiting list
SUCCESS: add ok to do list at time 97
SUCCESS: schedule at time 97
newly_valid list is: 
SUCCESS: add waiting list
SUCCESS: add ok to do list at time 98
SUCCESS: schedule at time 98
newly_valid list is: 
SUCCESS: add waiting list
SUCCESS: add ok to do list at time 99
SUCCESS: schedule at time 99
newly_valid list is: 
SUCCESS: add waiting list
SUCCESS: add ok to do list at time 100
SUCCESS: schedule at time 100
newly_valid list is: 
SUCCESS: add waiting list
SUCCESS: add ok to do list at time 101
SUCCESS: schedule at time 101
newly_valid list is: 
SUCCESS: add waiting list
SUCCESS: add ok to do list at time 102
SUCCESS: schedule at time 102
newly_valid list is: 
SUCCESS: add waiting list
SUCCESS: add ok to do list at time 103
SUCCESS: schedule at time 103
newly_valid list is: 
SUCCESS: add waiting list
SUCCESS: add ok to do list at time 104
SUCCESS: schedule at time 104
newly_valid list is: 
SUCCESS: add waiting list
SUCCESS: add ok to do list at time 105
SUCCESS: schedule at time 105
newly_valid list is: 
SUCCESS: add waiting list
SUCCESS: add ok to do list at time 106
SUCCESS: schedule at time 106
newly_valid list is: 
SUCCESS: add waiting list
SUCCESS: add ok to do list at time 107
SUCCESS: schedule at time 107
newly_valid list is: 
SUCCESS: add waiting list
SUCCESS: add ok to do list at time 108
SUCCESS: schedule at time 108
newly_valid list is: 
SUCCESS: add waiting list
SUCCESS: add ok to do list at time 109
SUCCESS: schedule at time 109
newly_valid list is: 
SUCCESS: add waiting list
SUCCESS: add ok to do list at time 110
SUCCESS: schedule at time 110
newly_valid list is: 
SUCCESS: add waiting list
SUCCESS: add ok to do list at time 111
SUCCESS: schedule at time 111
newly_valid list is: 
SUCCESS: add waiting list
SUCCESS: add ok to do list at time 112
SUCCESS: schedule at time 112
newly_valid list is: 
SUCCESS: add waiting list
SUCCESS: add ok to do list at time 113
SUCCESS: schedule at time 113
newly_valid list is: 
SUCCESS: add waiting list
SUCCESS: add ok to do list at time 114
SUCCESS: schedule at time 114
newly_valid list is: 
SUCCESS: add waiting list
SUCCESS: add ok to do list at time 115
SUCCESS: schedule at time 115
newly_valid list is: 
SUCCESS: add waiting list
SUCCESS: add ok to do list at time 116
SUCCESS: schedule at time 116
newly_valid list is: 
SUCCESS: add waiting list
SUCCESS: add ok to do list at time 117
SUCCESS: schedule at time 117
newly_valid list is: 
SUCCESS: add waiting list
SUCCESS: add ok to do list at time 118
SUCCESS: schedule at time 118
newly_valid list is: 
SUCCESS: add waiting list
SUCCESS: add ok to do list at time 119
SUCCESS: schedule at time 119
newly_valid list is: 
SUCCESS: add waiting list
SUCCESS: add ok to do list at time 120
SUCCESS: schedule at time 120
newly_valid list is: 
SUCCESS: add waiting list
SUCCESS: add ok to do list at time 121
SUCCESS: schedule at time 121
newly_valid list is: 
SUCCESS: add waiting list
SUCCESS: add ok to do list at time 122
SUCCESS: schedule at time 122
newly_valid list is: 
SUCCESS: add waiting list
SUCCESS: add ok to do list at time 123
SUCCESS: schedule at time 123
newly_valid list is: 
SUCCESS: add waiting list
SUCCESS: add ok to do list at time 124
SUCCESS: schedule at time 124
newly_valid list is: 
SUCCESS: add waiting list
SUCCESS: add ok to do list at time 125
SUCCESS: schedule at time 125
newly_valid list is: 
SUCCESS: add waiting list
SUCCESS: add ok to do list at time 126
SUCCESS: schedule at time 126
newly_valid list is: 
SUCCESS: add waiting list
SUCCESS: add ok to do list at time 127
SUCCESS: schedule at time 127
newly_valid list is: 
SUCCESS: add waiting list
SUCCESS: add ok to do list at time 128
SUCCESS: schedule at time 128
newly_valid list is: 
SUCCESS: add waiting list
SUCCESS: add ok to do list at time 129
SUCCESS: schedule at time 129
newly_valid list is: 
SUCCESS: add waiting list
SUCCESS: add ok to do list at time 130
SUCCESS: schedule at time 130
newly_valid list is: 
SUCCESS: add waiting list
SUCCESS: add ok to do list at time 131
SUCCESS: schedule at time 131
newly_valid list is: 
SUCCESS: add waiting list
SUCCESS: add ok to do list at time 132
SUCCESS: schedule at time 132
newly_valid list is: 
SUCCESS: add waiting list
SUCCESS: add ok to do list at time 133
SUCCESS: schedule at time 133
newly_valid list is: 
SUCCESS: add waiting list
SUCCESS: add ok to do list at time 134
SUCCESS: schedule at time 134
newly_valid list is: 
SUCCESS: add waiting list
SUCCESS: add ok to do list at time 135
SUCCESS: schedule at time 135
newly_valid list is: 
SUCCESS: add waiting list
SUCCESS: add ok to do list at time 136
SUCCESS: schedule at time 136
newly_valid list is: 
SUCCESS: add waiting list
SUCCESS: add ok to do list at time 137
SUCCESS: schedule at time 137
newly_valid list is: 
SUCCESS: add waiting list
SUCCESS: add ok to do list at time 138
SUCCESS: schedule at time 138
newly_valid list is: 
SUCCESS: add waiting list
SUCCESS: add ok to do list at time 139
SUCCESS: schedule at time 139
newly_valid list is: 
SUCCESS: add waiting list
SUCCESS: add ok to do list at time 140
SUCCESS: schedule at time 140
newly_valid list is: 
SUCCESS: add waiting list
SUCCESS: add ok to do list at time 141
SUCCESS: schedule at time 141
newly_valid list is: 
SUCCESS: add waiting list
SUCCESS: add ok to do list at time 142
SUCCESS: schedule at time 142
newly_valid list is: 
SUCCESS: add waiting list
SUCCESS: add ok to do list at time 143
SUCCESS: schedule at time 143
newly_valid list is: 
SUCCESS: add waiting list
SUCCESS: add ok to do list at time 144
SUCCESS: schedule at time 144
newly_valid list is: 
SUCCESS: add waiting list
SUCCESS: add ok to do list at time 145
SUCCESS: schedule at time 145
newly_valid list is: 
SUCCESS: add waiting list
SUCCESS: add ok to do list at time 146
SUCCESS: schedule at time 146
newly_valid list is: 
SUCCESS: add waiting list
SUCCESS: add ok to do list at time 147
SUCCESS: schedule at time 147
newly_valid list is: 
SUCCESS: add waiting list
SUCCESS: add ok to do list at time 148
SUCCESS: schedule at time 148
newly_valid list is: 
SUCCESS: add waiting list
SUCCESS: add ok to do list at time 149
SUCCESS: schedule at time 149
newly_valid list is: 
SUCCESS: add waiting list
SUCCESS: add ok to do list at time 150
SUCCESS: schedule at time 150
newly_valid list is: 
SUCCESS: add waiting list
SUCCESS: add ok to do list at time 151
SUCCESS: schedule at time 151
newly_valid list is: 
SUCCESS: add waiting list
SUCCESS: add ok to do list at time 152
SUCCESS: schedule at time 152
newly_valid list is: 
SUCCESS: add waiting list
SUCCESS: add ok to do list at time 153
SUCCESS: schedule at time 153
newly_valid list is: 
SUCCESS: add waiting list
SUCCESS: add ok to do list at time 154
SUCCESS: schedule at time 154
newly_valid list is: 
SUCCESS: add waiting list
SUCCESS: add ok to do list at time 155
SUCCESS: schedule at time 155
newly_valid list is: 
SUCCESS: add waiting list
SUCCESS: add ok to do list at time 156
SUCCESS: schedule at time 156
newly_valid list is: 
SUCCESS: add waiting list
SUCCESS: add ok to do list at time 157
SUCCESS: schedule at time 157
newly_valid list is: 
SUCCESS: add waiting list
SUCCESS: add ok to do list at time 158
SUCCESS: schedule at time 158
newly_valid list is: 
SUCCESS: add waiting list
SUCCESS: add ok to do list at time 159
SUCCESS: schedule at time 159
newly_valid list is: 
SUCCESS: add waiting list
SUCCESS: add ok to do list at time 160
SUCCESS: schedule at time 160
newly_valid list is: 
SUCCESS: add waiting list
SUCCESS: add ok to do list at time 161
SUCCESS: schedule at time 161
newly_valid list is: 
SUCCESS: add waiting list
SUCCESS: add ok to do list at time 162
SUCCESS: schedule at time 162
newly_valid list is: 
SUCCESS: add waiting list
SUCCESS: add ok to do list at time 163
SUCCESS: schedule at time 163
newly_valid list is: 
SUCCESS: add waiting list
SUCCESS: add ok to do list at time 164
SUCCESS: schedule at time 164
newly_valid list is: 
SUCCESS: add waiting list
SUCCESS: add ok to do list at time 165
SUCCESS: schedule at time 165
newly_valid list is: 
SUCCESS: add waiting list
SUCCESS: add ok to do list at time 166
SUCCESS: schedule at time 166
newly_valid list is: 
SUCCESS: add waiting list
SUCCESS: add ok to do list at time 167
SUCCESS: schedule at time 167
newly_valid list is: 
SUCCESS: add waiting list
SUCCESS: add ok to do list at time 168
SUCCESS: schedule at time 168
newly_valid list is: 
SUCCESS: add waiting list
SUCCESS: add ok to do list at time 169
SUCCESS: schedule at time 169
newly_valid list is: 
SUCCESS: add waiting list
SUCCESS: add ok to do list at time 170
SUCCESS: schedule at time 170
newly_valid list is: 
SUCCESS: add waiting list
SUCCESS: add ok to do list at time 171
SUCCESS: schedule at time 171
newly_valid list is: 
SUCCESS: add waiting list
SUCCESS: add ok to do list at time 172
SUCCESS: schedule at time 172
newly_valid list is: 
SUCCESS: add waiting list
SUCCESS: add ok to do list at time 173
SUCCESS: schedule at time 173
newly_valid list is: 
SUCCESS: add waiting list
SUCCESS: add ok to do list at time 174
SUCCESS: schedule at time 174
newly_valid list is: 
SUCCESS: add waiting list
SUCCESS: add ok to do list at time 175
SUCCESS: schedule at time 175
newly_valid list is: 
SUCCESS: add waiting list
SUCCESS: add ok to do list at time 176
SUCCESS: schedule at time 176
newly_valid list is: 
SUCCESS: add waiting list
SUCCESS: add ok to do list at time 177
SUCCESS: schedule at time 177
newly_valid list is: 
SUCCESS: add waiting list
SUCCESS: add ok to do list at time 178
SUCCESS: schedule at time 178
newly_valid list is: 
SUCCESS: add waiting list
SUCCESS: add ok to do list at time 179
SUCCESS: schedule at time 179
newly_valid list is: 
SUCCESS: add waiting list
SUCCESS: add ok to do list at time 180
SUCCESS: schedule at time 180
newly_valid list is: 
SUCCESS: add waiting list
SUCCESS: add ok to do list at time 181
SUCCESS: schedule at time 181
newly_valid list is: 
SUCCESS: add waiting list
SUCCESS: add ok to do list at time 182
SUCCESS: schedule at time 182
newly_valid list is: 
SUCCESS: add waiting list
SUCCESS: add ok to do list at time 183
SUCCESS: schedule at time 183
newly_valid list is: 
SUCCESS: add waiting list
SUCCESS: add ok to do list at time 184
SUCCESS: schedule at time 184
newly_valid list is: 
SUCCESS: add waiting list
SUCCESS: add ok to do list at time 185
SUCCESS: schedule at time 185
newly_valid list is: 
SUCCESS: add waiting list
SUCCESS: add ok to do list at time 186
SUCCESS: schedule at time 186
newly_valid list is: 
SUCCESS: add waiting list
SUCCESS: add ok to do list at time 187
SUCCESS: schedule at time 187
newly_valid list is: 
SUCCESS: add waiting list
SUCCESS: add ok to do list at time 188
SUCCESS: schedule at time 188
newly_valid list is: 
SUCCESS: add waiting list
SUCCESS: add ok to do list at time 189
SUCCESS: schedule at time 189
newly_valid list is: 
SUCCESS: add waiting list
SUCCESS: add ok to do list at time 190
SUCCESS: schedule at time 190
newly_valid list is: 
SUCCESS: add waiting list
SUCCESS: add ok to do list at time 191
SUCCESS: schedule at time 191
newly_valid list is: 
SUCCESS: add waiting list
SUCCESS: add ok to do list at time 192
SUCCESS: schedule at time 192
newly_valid list is: 
SUCCESS: add waiting list
SUCCESS: add ok to do list at time 193
SUCCESS: schedule at time 193
newly_valid list is: 
SUCCESS: add waiting list
SUCCESS: add ok to do list at time 194
SUCCESS: schedule at time 194
newly_valid list is: 
SUCCESS: add waiting list
SUCCESS: add ok to do list at time 195
SUCCESS: schedule at time 195
newly_valid list is: 
SUCCESS: add waiting list
SUCCESS: add ok to do list at time 196
SUCCESS: schedule at time 196
newly_valid list is: 
SUCCESS: add waiting list
SUCCESS: add ok to do list at time 197
SUCCESS: schedule at time 197
newly_valid list is: 
SUCCESS: add waiting list
SUCCESS: add ok to do list at time 198
SUCCESS: schedule at time 198
newly_valid list is: 
SUCCESS: add waiting list
SUCCESS: add ok to do list at time 199
SUCCESS: schedule at time 199
newly_valid list is: 
SUCCESS: add waiting list
SUCCESS: add ok to do list at time 200
SUCCESS: schedule at time 200
newly_valid list is: 
SUCCESS: add waiting list
SUCCESS: add ok to do list at time 201
SUCCESS: schedule at time 201
newly_valid list is: 
SUCCESS: add waiting list
SUCCESS: add ok to do list at time 202
SUCCESS: schedule at time 202
newly_valid list is: 
SUCCESS: add waiting list
SUCCESS: add ok to do list at time 203
SUCCESS: schedule at time 203
newly_valid list is: 
SUCCESS: add waiting list
SUCCESS: add ok to do list at time 204
SUCCESS: schedule at time 204
newly_valid list is: 
SUCCESS: add waiting list
SUCCESS: add ok to do list at time 205
SUCCESS: schedule at time 205
newly_valid list is: 
SUCCESS: add waiting list
SUCCESS: add ok to do list at time 206
SUCCESS: schedule at time 206
newly_valid list is: 
SUCCESS: add waiting list
SUCCESS: add ok to do list at time 207
SUCCESS: schedule at time 207
newly_valid list is: 
SUCCESS: add waiting list
SUCCESS: add ok to do list at time 208
SUCCESS: schedule at time 208
newly_valid list is: 
SUCCESS: add waiting list
SUCCESS: add ok to do list at time 209
SUCCESS: schedule at time 209
newly_valid list is: 
SUCCESS: add waiting list
SUCCESS: add ok to do list at time 210
SUCCESS: schedule at time 210
newly_valid list is: 
SUCCESS: add waiting list
SUCCESS: add ok to do list at time 211
SUCCESS: schedule at time 211
newly_valid list is: 
SUCCESS: add waiting list
SUCCESS: add ok to do list at time 212
SUCCESS: schedule at time 212
newly_valid list is: 
SUCCESS: add waiting list
SUCCESS: add ok to do list at time 213
SUCCESS: schedule at time 213
newly_valid list is: 
SUCCESS: add waiting list
SUCCESS: add ok to do list at time 214
SUCCESS: schedule at time 214
newly_valid list is: 
SUCCESS: add waiting list
SUCCESS: add ok to do list at time 215
SUCCESS: schedule at time 215
newly_valid list is: 
SUCCESS: add waiting list
SUCCESS: add ok to do list at time 216
SUCCESS: schedule at time 216
newly_valid list is: 
SUCCESS: add waiting list
SUCCESS: add ok to do list at time 217
SUCCESS: schedule at time 217
newly_valid list is: 
SUCCESS: add waiting list
SUCCESS: add ok to do list at time 218
SUCCESS: schedule at time 218
newly_valid list is: 
SUCCESS: add waiting list
SUCCESS: add ok to do list at time 219
SUCCESS: schedule at time 219
newly_valid list is: 
SUCCESS: add waiting list
SUCCESS: add ok to do list at time 220
SUCCESS: schedule at time 220
newly_valid list is: 
SUCCESS: add waiting list
SUCCESS: add ok to do list at time 221
SUCCESS: schedule at time 221
newly_valid list is: 
SUCCESS: add waiting list
SUCCESS: add ok to do list at time 222
SUCCESS: schedule at time 222
newly_valid list is: 
SUCCESS: add waiting list
SUCCESS: add ok to do list at time 223
SUCCESS: schedule at time 223
newly_valid list is: 
SUCCESS: add waiting list
SUCCESS: add ok to do list at time 224
SUCCESS: schedule at time 224
newly_valid list is: 
SUCCESS: add waiting list
SUCCESS: add ok to do list at time 225
SUCCESS: schedule at time 225
newly_valid list is: 
SUCCESS: add waiting list
SUCCESS: add ok to do list at time 226
SUCCESS: schedule at time 226
newly_valid list is: 
SUCCESS: add waiting list
SUCCESS: add ok to do list at time 227
SUCCESS: schedule at time 227
newly_valid list is: 
SUCCESS: add waiting list
SUCCESS: add ok to do list at time 228
SUCCESS: schedule at time 228
newly_valid list is: 
SUCCESS: add waiting list
SUCCESS: add ok to do list at time 229
SUCCESS: schedule at time 229
newly_valid list is: 
SUCCESS: add waiting list
SUCCESS: add ok to do list at time 230
SUCCESS: schedule at time 230
newly_valid list is: 
SUCCESS: add waiting list
SUCCESS: add ok to do list at time 231
SUCCESS: schedule at time 231
newly_valid list is: 
SUCCESS: add waiting list
SUCCESS: add ok to do list at time 232
SUCCESS: schedule at time 232
newly_valid list is: 
SUCCESS: add waiting list
SUCCESS: add ok to do list at time 233
SUCCESS: schedule at time 233
newly_valid list is: 
SUCCESS: add waiting list
SUCCESS: add ok to do list at time 234
SUCCESS: schedule at time 234
newly_valid list is: 
SUCCESS: add waiting list
SUCCESS: add ok to do list at time 235
SUCCESS: schedule at time 235
newly_valid list is: 
SUCCESS: add waiting list
SUCCESS: add ok to do list at time 236
SUCCESS: schedule at time 236
newly_valid list is: 
SUCCESS: add waiting list
SUCCESS: add ok to do list at time 237
SUCCESS: schedule at time 237
newly_valid list is: 
SUCCESS: add waiting list
SUCCESS: add ok to do list at time 238
SUCCESS: schedule at time 238
newly_valid list is: 
SUCCESS: add waiting list
SUCCESS: add ok to do list at time 239
SUCCESS: schedule at time 239
newly_valid list is: 
SUCCESS: add waiting list
SUCCESS: add ok to do list at time 240
SUCCESS: schedule at time 240
newly_valid list is: 
SUCCESS: add waiting list
SUCCESS: add ok to do list at time 241
SUCCESS: schedule at time 241
newly_valid list is: 
SUCCESS: add waiting list
SUCCESS: add ok to do list at time 242
SUCCESS: schedule at time 242
newly_valid list is: 
SUCCESS: add waiting list
SUCCESS: add ok to do list at time 243
SUCCESS: schedule at time 243
newly_valid list is: 
SUCCESS: add waiting list
SUCCESS: add ok to do list at time 244
SUCCESS: schedule at time 244
newly_valid list is: 
SUCCESS: add waiting list
SUCCESS: add ok to do list at time 245
SUCCESS: schedule at time 245
newly_valid list is: 
SUCCESS: add waiting list
SUCCESS: add ok to do list at time 246
SUCCESS: schedule at time 246
newly_valid list is: 
SUCCESS: add waiting list
SUCCESS: add ok to do list at time 247
SUCCESS: schedule at time 247
newly_valid list is: 
SUCCESS: add waiting list
SUCCESS: add ok to do list at time 248
SUCCESS: schedule at time 248
newly_valid list is: 
SUCCESS: add waiting list
SUCCESS: add ok to do list at time 249
SUCCESS: schedule at time 249
newly_valid list is: 
SUCCESS: add waiting list
SUCCESS: add ok to do list at time 250
SUCCESS: schedule at time 250
newly_valid list is: 
SUCCESS: add waiting list
SUCCESS: add ok to do list at time 251
SUCCESS: schedule at time 251
newly_valid list is: 
SUCCESS: add waiting list
SUCCESS: add ok to do list at time 252
SUCCESS: schedule at time 252
newly_valid list is: 
SUCCESS: add waiting list
SUCCESS: add ok to do list at time 253
SUCCESS: schedule at time 253
newly_valid list is: 
SUCCESS: add waiting list
SUCCESS: add ok to do list at time 254
SUCCESS: schedule at time 254
newly_valid list is: 
SUCCESS: add waiting list
SUCCESS: add ok to do list at time 255
SUCCESS: schedule at time 255
newly_valid list is: 
SUCCESS: add waiting list
SUCCESS: add ok to do list at time 256
SUCCESS: schedule at time 256
newly_valid list is: 
SUCCESS: add waiting list
SUCCESS: add ok to do list at time 257
SUCCESS: schedule at time 257
newly_valid list is: 
SUCCESS: add waiting list
SUCCESS: add ok to do list at time 258
SUCCESS: schedule at time 258
newly_valid list is: 
SUCCESS: add waiting list
SUCCESS: add ok to do list at time 259
SUCCESS: schedule at time 259
newly_valid list is: 
SUCCESS: add waiting list
SUCCESS: add ok to do list at time 260
SUCCESS: schedule at time 260
newly_valid list is: 
SUCCESS: add waiting list
SUCCESS: add ok to do list at time 261
SUCCESS: schedule at time 261
newly_valid list is: 
SUCCESS: add waiting list
SUCCESS: add ok to do list at time 262
SUCCESS: schedule at time 262
newly_valid list is: 
SUCCESS: add waiting list
SUCCESS: add ok to do list at time 263
SUCCESS: schedule at time 263
newly_valid list is: 
SUCCESS: add waiting list
SUCCESS: add ok to do list at time 264
SUCCESS: schedule at time 264
newly_valid list is: 
SUCCESS: add waiting list
SUCCESS: add ok to do list at time 265
SUCCESS: schedule at time 265
newly_valid list is: 
SUCCESS: add waiting list
SUCCESS: add ok to do list at time 266
SUCCESS: schedule at time 266
newly_valid list is: 
SUCCESS: add waiting list
SUCCESS: add ok to do list at time 267
SUCCESS: schedule at time 267
newly_valid list is: 
SUCCESS: add waiting list
SUCCESS: add ok to do list at time 268
SUCCESS: schedule at time 268
newly_valid list is: 
SUCCESS: add waiting list
SUCCESS: add ok to do list at time 269
SUCCESS: schedule at time 269
newly_valid list is: 
SUCCESS: add waiting list
SUCCESS: add ok to do list at time 270
SUCCESS: schedule at time 270
newly_valid list is: 
SUCCESS: add waiting list
SUCCESS: add ok to do list at time 271
SUCCESS: schedule at time 271
newly_valid list is: 
SUCCESS: add waiting list
SUCCESS: add ok to do list at time 272
SUCCESS: schedule at time 272
newly_valid list is: 
SUCCESS: add waiting list
SUCCESS: add ok to do list at time 273
SUCCESS: schedule at time 273
newly_valid list is: 
SUCCESS: add waiting list
SUCCESS: add ok to do list at time 274
SUCCESS: schedule at time 274
newly_valid list is: 
SUCCESS: add waiting list
SUCCESS: add ok to do list at time 275
SUCCESS: schedule at time 275
newly_valid list is: 
SUCCESS: add waiting list
SUCCESS: add ok to do list at time 276
SUCCESS: schedule at time 276
newly_valid list is: 
SUCCESS: add waiting list
SUCCESS: add ok to do list at time 277
SUCCESS: schedule at time 277
newly_valid list is: 
SUCCESS: add waiting list
SUCCESS: add ok to do list at time 278
SUCCESS: schedule at time 278
newly_valid list is: 
SUCCESS: add waiting list
SUCCESS: add ok to do list at time 279
SUCCESS: schedule at time 279
newly_valid list is: 
SUCCESS: add waiting list
SUCCESS: add ok to do list at time 280
SUCCESS: schedule at time 280
newly_valid list is: 
SUCCESS: add waiting list
SUCCESS: add ok to do list at time 281
SUCCESS: schedule at time 281
newly_valid list is: 
SUCCESS: add waiting list
SUCCESS: add ok to do list at time 282
SUCCESS: schedule at time 282
newly_valid list is: 
SUCCESS: add waiting list
SUCCESS: add ok to do list at time 283
SUCCESS: schedule at time 283
newly_valid list is: 
SUCCESS: add waiting list
SUCCESS: add ok to do list at time 284
SUCCESS: schedule at time 284
newly_valid list is: 
SUCCESS: add waiting list
SUCCESS: add ok to do list at time 285
SUCCESS: schedule at time 285
newly_valid list is: 
SUCCESS: add waiting list
SUCCESS: add ok to do list at time 286
SUCCESS: schedule at time 286
newly_valid list is: 
SUCCESS: add waiting list
SUCCESS: add ok to do list at time 287
SUCCESS: schedule at time 287
newly_valid list is: 
SUCCESS: add waiting list
SUCCESS: add ok to do list at time 288
SUCCESS: schedule at time 288
newly_valid list is: 
SUCCESS: add waiting list
SUCCESS: add ok to do list at time 289
SUCCESS: schedule at time 289
newly_valid list is: 
SUCCESS: add waiting list
SUCCESS: add ok to do list at time 290
SUCCESS: schedule at time 290
newly_valid list is: 
SUCCESS: add waiting list
SUCCESS: add ok to do list at time 291
SUCCESS: schedule at time 291
newly_valid list is: 
SUCCESS: add waiting list
SUCCESS: add ok to do list at time 292
SUCCESS: schedule at time 292
newly_valid list is: 
SUCCESS: add waiting list
SUCCESS: add ok to do list at time 293
SUCCESS: schedule at time 293
newly_valid list is: 
SUCCESS: add waiting list
SUCCESS: add ok to do list at time 294
SUCCESS: schedule at time 294
newly_valid list is: 
SUCCESS: add waiting list
SUCCESS: add ok to do list at time 295
SUCCESS: schedule at time 295
newly_valid list is: 
SUCCESS: add waiting list
SUCCESS: add ok to do list at time 296
SUCCESS: schedule at time 296
newly_valid list is: 
SUCCESS: add waiting list
SUCCESS: add ok to do list at time 297
SUCCESS: schedule at time 297
newly_valid list is: 
SUCCESS: add waiting list
SUCCESS: add ok to do list at time 298
SUCCESS: schedule at time 298
newly_valid list is: 
SUCCESS: add waiting list
SUCCESS: add ok to do list at time 299
SUCCESS: schedule at time 299
newly_valid list is: 
SUCCESS: add waiting list
SUCCESS: add ok to do list at time 300
SUCCESS: schedule at time 300
newly_valid list is: 
SUCCESS: add waiting list
SUCCESS: add ok to do list at time 301
SUCCESS: schedule at time 301
newly_valid list is: 
SUCCESS: add waiting list
SUCCESS: add ok to do list at time 302
SUCCESS: schedule at time 302
newly_valid list is: 
SUCCESS: add waiting list
SUCCESS: add ok to do list at time 303
SUCCESS: schedule at time 303
newly_valid list is: 
SUCCESS: add waiting list
SUCCESS: add ok to do list at time 304
SUCCESS: schedule at time 304
newly_valid list is: 
SUCCESS: add waiting list
SUCCESS: add ok to do list at time 305
SUCCESS: schedule at time 305
newly_valid list is: 
SUCCESS: add waiting list
SUCCESS: add ok to do list at time 306
SUCCESS: schedule at time 306
newly_valid list is: 
SUCCESS: add waiting list
SUCCESS: add ok to do list at time 307
SUCCESS: schedule at time 307
newly_valid list is: 
SUCCESS: add waiting list
SUCCESS: add ok to do list at time 308
SUCCESS: schedule at time 308
newly_valid list is: 
SUCCESS: add waiting list
SUCCESS: add ok to do list at time 309
SUCCESS: schedule at time 309
newly_valid list is: 
SUCCESS: add waiting list
SUCCESS: add ok to do list at time 310
SUCCESS: schedule at time 310
newly_valid list is: 
SUCCESS: add waiting list
SUCCESS: add ok to do list at time 311
SUCCESS: schedule at time 311
newly_valid list is: 
SUCCESS: add waiting list
SUCCESS: add ok to do list at time 312
SUCCESS: schedule at time 312
newly_valid list is: 
SUCCESS: add waiting list
SUCCESS: add ok to do list at time 313
SUCCESS: schedule at time 313
newly_valid list is: 
SUCCESS: add waiting list
SUCCESS: add ok to do list at time 314
SUCCESS: schedule at time 314
newly_valid list is: 
SUCCESS: add waiting list
SUCCESS: add ok to do list at time 315
SUCCESS: schedule at time 315
newly_valid list is: 
SUCCESS: add waiting list
SUCCESS: add ok to do list at time 316
SUCCESS: schedule at time 316
newly_valid list is: 
SUCCESS: add waiting list
SUCCESS: add ok to do list at time 317
SUCCESS: schedule at time 317
newly_valid list is: 
SUCCESS: add waiting list
SUCCESS: add ok to do list at time 318
SUCCESS: schedule at time 318
newly_valid list is: 
SUCCESS: add waiting list
SUCCESS: add ok to do list at time 319
SUCCESS: schedule at time 319
newly_valid list is: 
SUCCESS: add waiting list
SUCCESS: add ok to do list at time 320
SUCCESS: schedule at time 320
newly_valid list is: 
SUCCESS: add waiting list
SUCCESS: add ok to do list at time 321
SUCCESS: schedule at time 321
newly_valid list is: 
SUCCESS: add waiting list
SUCCESS: add ok to do list at time 322
SUCCESS: schedule at time 322
newly_valid list is: 
SUCCESS: add waiting list
SUCCESS: add ok to do list at time 323
SUCCESS: schedule at time 323
newly_valid list is: 
SUCCESS: add waiting list
SUCCESS: add ok to do list at time 324
SUCCESS: schedule at time 324
newly_valid list is: 
SUCCESS: add waiting list
SUCCESS: add ok to do list at time 325
SUCCESS: schedule at time 325
newly_valid list is: 
SUCCESS: add waiting list
SUCCESS: add ok to do list at time 326
SUCCESS: schedule at time 326
newly_valid list is: 
SUCCESS: add waiting list
SUCCESS: add ok to do list at time 327
SUCCESS: schedule at time 327
newly_valid list is: 
SUCCESS: add waiting list
SUCCESS: add ok to do list at time 328
SUCCESS: schedule at time 328
newly_valid list is: 
SUCCESS: add waiting list
SUCCESS: add ok to do list at time 329
SUCCESS: schedule at time 329
newly_valid list is: 
SUCCESS: add waiting list
SUCCESS: add ok to do list at time 330
SUCCESS: schedule at time 330
newly_valid list is: 
SUCCESS: add waiting list
SUCCESS: add ok to do list at time 331
SUCCESS: schedule at time 331
newly_valid list is: 
SUCCESS: add waiting list
SUCCESS: add ok to do list at time 332
SUCCESS: schedule at time 332
newly_valid list is: 
SUCCESS: add waiting list
SUCCESS: add ok to do list at time 333
SUCCESS: schedule at time 333
newly_valid list is: 
SUCCESS: add waiting list
SUCCESS: add ok to do list at time 334
SUCCESS: schedule at time 334
newly_valid list is: 
SUCCESS: add waiting list
SUCCESS: add ok to do list at time 335
SUCCESS: schedule at time 335
newly_valid list is: 
SUCCESS: add waiting list
SUCCESS: add ok to do list at time 336
SUCCESS: schedule at time 336
newly_valid list is: 
SUCCESS: add waiting list
SUCCESS: add ok to do list at time 337
SUCCESS: schedule at time 337
newly_valid list is: 
SUCCESS: add waiting list
SUCCESS: add ok to do list at time 338
SUCCESS: schedule at time 338
newly_valid list is: 
SUCCESS: add waiting list
SUCCESS: add ok to do list at time 339
SUCCESS: schedule at time 339
newly_valid list is: 
SUCCESS: add waiting list
SUCCESS: add ok to do list at time 340
SUCCESS: schedule at time 340
newly_valid list is: 
SUCCESS: add waiting list
SUCCESS: add ok to do list at time 341
SUCCESS: schedule at time 341
newly_valid list is: 
SUCCESS: add waiting list
SUCCESS: add ok to do list at time 342
SUCCESS: schedule at time 342
newly_valid list is: 
SUCCESS: add waiting list
SUCCESS: add ok to do list at time 343
SUCCESS: schedule at time 343
newly_valid list is: 
SUCCESS: add waiting list
SUCCESS: add ok to do list at time 344
SUCCESS: schedule at time 344
newly_valid list is: 
SUCCESS: add waiting list
SUCCESS: add ok to do list at time 345
SUCCESS: schedule at time 345
newly_valid list is: 
SUCCESS: add waiting list
SUCCESS: add ok to do list at time 346
SUCCESS: schedule at time 346
newly_valid list is: 
SUCCESS: add waiting list
SUCCESS: add ok to do list at time 347
SUCCESS: schedule at time 347
newly_valid list is: 
SUCCESS: add waiting list
SUCCESS: add ok to do list at time 348
SUCCESS: schedule at time 348
newly_valid list is: 
SUCCESS: add waiting list
SUCCESS: add ok to do list at time 349
SUCCESS: schedule at time 349
newly_valid list is: 
SUCCESS: add waiting list
SUCCESS: add ok to do list at time 350
SUCCESS: schedule at time 350
newly_valid list is: 
SUCCESS: add waiting list
SUCCESS: add ok to do list at time 351
SUCCESS: schedule at time 351
newly_valid list is: 
SUCCESS: add waiting list
SUCCESS: add ok to do list at time 352
SUCCESS: schedule at time 352
newly_valid list is: 
SUCCESS: add waiting list
SUCCESS: add ok to do list at time 353
SUCCESS: schedule at time 353
newly_valid list is: 
SUCCESS: add waiting list
SUCCESS: add ok to do list at time 354
SUCCESS: schedule at time 354
newly_valid list is: 
SUCCESS: add waiting list
SUCCESS: add ok to do list at time 355
SUCCESS: schedule at time 355
newly_valid list is: 
SUCCESS: add waiting list
SUCCESS: add ok to do list at time 356
SUCCESS: schedule at time 356
newly_valid list is: 
SUCCESS: add waiting list
SUCCESS: add ok to do list at time 357
SUCCESS: schedule at time 357
newly_valid list is: 
SUCCESS: add waiting list
SUCCESS: add ok to do list at time 358
SUCCESS: schedule at time 358
newly_valid list is: 
SUCCESS: add waiting list
SUCCESS: add ok to do list at time 359
SUCCESS: schedule at time 359
newly_valid list is: 
SUCCESS: add waiting list
SUCCESS: add ok to do list at time 360
SUCCESS: schedule at time 360
newly_valid list is: 
SUCCESS: add waiting list
SUCCESS: add ok to do list at time 361
SUCCESS: schedule at time 361
newly_valid list is: 
SUCCESS: add waiting list
SUCCESS: add ok to do list at time 362
SUCCESS: schedule at time 362
newly_valid list is: 
SUCCESS: add waiting list
SUCCESS: add ok to do list at time 363
SUCCESS: schedule at time 363
newly_valid list is: 
SUCCESS: add waiting list
SUCCESS: add ok to do list at time 364
SUCCESS: schedule at time 364
newly_valid list is: 
SUCCESS: add waiting list
SUCCESS: add ok to do list at time 365
SUCCESS: schedule at time 365
newly_valid list is: 
SUCCESS: add waiting list
SUCCESS: add ok to do list at time 366
SUCCESS: schedule at time 366
newly_valid list is: 
SUCCESS: add waiting list
SUCCESS: add ok to do list at time 367
SUCCESS: schedule at time 367
newly_valid list is: 
SUCCESS: add waiting list
SUCCESS: add ok to do list at time 368
SUCCESS: schedule at time 368
newly_valid list is: 
SUCCESS: add waiting list
SUCCESS: add ok to do list at time 369
SUCCESS: schedule at time 369
newly_valid list is: 
SUCCESS: add waiting list
SUCCESS: add ok to do list at time 370
SUCCESS: schedule at time 370
newly_valid list is: 
SUCCESS: add waiting list
SUCCESS: add ok to do list at time 371
SUCCESS: schedule at time 371
newly_valid list is: 
SUCCESS: add waiting list
SUCCESS: add ok to do list at time 372
SUCCESS: schedule at time 372
newly_valid list is: 
SUCCESS: add waiting list
SUCCESS: add ok to do list at time 373
SUCCESS: schedule at time 373
newly_valid list is: 
SUCCESS: add waiting list
SUCCESS: add ok to do list at time 374
SUCCESS: schedule at time 374
newly_valid list is: 
SUCCESS: add waiting list
SUCCESS: add ok to do list at time 375
SUCCESS: schedule at time 375
newly_valid list is: 
SUCCESS: add waiting list
SUCCESS: add ok to do list at time 376
SUCCESS: schedule at time 376
newly_valid list is: 
SUCCESS: add waiting list
SUCCESS: add ok to do list at time 377
SUCCESS: schedule at time 377
newly_valid list is: 
SUCCESS: add waiting list
SUCCESS: add ok to do list at time 378
SUCCESS: schedule at time 378
newly_valid list is: 
SUCCESS: add waiting list
SUCCESS: add ok to do list at time 379
SUCCESS: schedule at time 379
newly_valid list is: 
SUCCESS: add waiting list
SUCCESS: add ok to do list at time 380
SUCCESS: schedule at time 380
newly_valid list is: 
SUCCESS: add waiting list
SUCCESS: add ok to do list at time 381
SUCCESS: schedule at time 381
newly_valid list is: 
SUCCESS: add waiting list
SUCCESS: add ok to do list at time 382
SUCCESS: schedule at time 382
newly_valid list is: 
SUCCESS: add waiting list
SUCCESS: add ok to do list at time 383
SUCCESS: schedule at time 383
newly_valid list is: 
SUCCESS: add waiting list
SUCCESS: add ok to do list at time 384
SUCCESS: schedule at time 384
newly_valid list is: 
SUCCESS: add waiting list
SUCCESS: add ok to do list at time 385
SUCCESS: schedule at time 385
newly_valid list is: 
SUCCESS: add waiting list
SUCCESS: add ok to do list at time 386
SUCCESS: schedule at time 386
newly_valid list is: 
SUCCESS: add waiting list
SUCCESS: add ok to do list at time 387
SUCCESS: schedule at time 387
newly_valid list is: 
SUCCESS: add waiting list
SUCCESS: add ok to do list at time 388
SUCCESS: schedule at time 388
newly_valid list is: 
SUCCESS: add waiting list
SUCCESS: add ok to do list at time 389
SUCCESS: schedule at time 389
newly_valid list is: 
SUCCESS: add waiting list
SUCCESS: add ok to do list at time 390
SUCCESS: schedule at time 390
newly_valid list is: 
SUCCESS: add waiting list
SUCCESS: add ok to do list at time 391
SUCCESS: schedule at time 391
newly_valid list is: 
SUCCESS: add waiting list
SUCCESS: add ok to do list at time 392
SUCCESS: schedule at time 392
newly_valid list is: 
SUCCESS: add waiting list
SUCCESS: add ok to do list at time 393
SUCCESS: schedule at time 393
newly_valid list is: 
SUCCESS: add waiting list
SUCCESS: add ok to do list at time 394
SUCCESS: schedule at time 394
newly_valid list is: 
SUCCESS: add waiting list
SUCCESS: add ok to do list at time 395
SUCCESS: schedule at time 395
newly_valid list is: 
SUCCESS: add waiting list
SUCCESS: add ok to do list at time 396
SUCCESS: schedule at time 396
newly_valid list is: 
SUCCESS: add waiting list
SUCCESS: add ok to do list at time 397
SUCCESS: schedule at time 397
newly_valid list is: 
SUCCESS: add waiting list
SUCCESS: add ok to do list at time 398
SUCCESS: schedule at time 398
newly_valid list is: 
SUCCESS: add waiting list
SUCCESS: add ok to do list at time 399
SUCCESS: schedule at time 399
newly_valid list is: 
SUCCESS: add waiting list
SUCCESS: add ok to do list at time 400
SUCCESS: schedule at time 400
newly_valid list is: 
SUCCESS: add waiting list
SUCCESS: add ok to do list at time 401
SUCCESS: schedule at time 401
newly_valid list is: 
SUCCESS: add waiting list
SUCCESS: add ok to do list at time 402
SUCCESS: schedule at time 402
newly_valid list is: 
SUCCESS: add waiting list
SUCCESS: add ok to do list at time 403
SUCCESS: schedule at time 403
newly_valid list is: 
SUCCESS: add waiting list
SUCCESS: add ok to do list at time 404
SUCCESS: schedule at time 404
newly_valid list is: 
SUCCESS: add waiting list
SUCCESS: add ok to do list at time 405
SUCCESS: schedule at time 405
newly_valid list is: 
SUCCESS: add waiting list
SUCCESS: add ok to do list at time 406
SUCCESS: schedule at time 406
newly_valid list is: 
SUCCESS: add waiting list
SUCCESS: add ok to do list at time 407
SUCCESS: schedule at time 407
newly_valid list is: 
SUCCESS: add waiting list
SUCCESS: add ok to do list at time 408
SUCCESS: schedule at time 408
newly_valid list is: 
SUCCESS: add waiting list
SUCCESS: add ok to do list at time 409
SUCCESS: schedule at time 409
newly_valid list is: 
SUCCESS: add waiting list
SUCCESS: add ok to do list at time 410
SUCCESS: schedule at time 410
newly_valid list is: 
SUCCESS: add waiting list
SUCCESS: add ok to do list at time 411
SUCCESS: schedule at time 411
newly_valid list is: 
SUCCESS: add waiting list
SUCCESS: add ok to do list at time 412
SUCCESS: schedule at time 412
newly_valid list is: 
SUCCESS: add waiting list
SUCCESS: add ok to do list at time 413
SUCCESS: schedule at time 413
newly_valid list is: 
SUCCESS: add waiting list
SUCCESS: add ok to do list at time 414
SUCCESS: schedule at time 414
newly_valid list is: 
SUCCESS: add waiting list
SUCCESS: add ok to do list at time 415
SUCCESS: schedule at time 415
newly_valid list is: 
SUCCESS: add waiting list
SUCCESS: add ok to do list at time 416
SUCCESS: schedule at time 416
newly_valid list is: 
SUCCESS: add waiting list
SUCCESS: add ok to do list at time 417
SUCCESS: schedule at time 417
newly_valid list is: 
SUCCESS: add waiting list
SUCCESS: add ok to do list at time 418
SUCCESS: schedule at time 418
newly_valid list is: 
SUCCESS: add waiting list
SUCCESS: add ok to do list at time 419
SUCCESS: schedule at time 419
newly_valid list is: 
SUCCESS: add waiting list
SUCCESS: add ok to do list at time 420
SUCCESS: schedule at time 420
newly_valid list is: 
SUCCESS: add waiting list
SUCCESS: add ok to do list at time 421
SUCCESS: schedule at time 421
newly_valid list is: 
SUCCESS: add waiting list
SUCCESS: add ok to do list at time 422
SUCCESS: schedule at time 422
newly_valid list is: 
SUCCESS: add waiting list
SUCCESS: add ok to do list at time 423
SUCCESS: schedule at time 423
newly_valid list is: 
SUCCESS: add waiting list
SUCCESS: add ok to do list at time 424
SUCCESS: schedule at time 424
newly_valid list is: 
SUCCESS: add waiting list
SUCCESS: add ok to do list at time 425
SUCCESS: schedule at time 425
newly_valid list is: 
SUCCESS: add waiting list
SUCCESS: add ok to do list at time 426
SUCCESS: schedule at time 426
newly_valid list is: 
SUCCESS: add waiting list
SUCCESS: add ok to do list at time 427
SUCCESS: schedule at time 427
newly_valid list is: 
SUCCESS: add waiting list
SUCCESS: add ok to do list at time 428
SUCCESS: schedule at time 428
newly_valid list is: 
SUCCESS: add waiting list
SUCCESS: add ok to do list at time 429
SUCCESS: schedule at time 429
newly_valid list is: 
SUCCESS: add waiting list
SUCCESS: add ok to do list at time 430
SUCCESS: schedule at time 430
newly_valid list is: 
SUCCESS: add waiting list
SUCCESS: add ok to do list at time 431
SUCCESS: schedule at time 431
newly_valid list is: 
SUCCESS: add waiting list
SUCCESS: add ok to do list at time 432
SUCCESS: schedule at time 432
newly_valid list is: 
SUCCESS: add waiting list
SUCCESS: add ok to do list at time 433
SUCCESS: schedule at time 433
newly_valid list is: 
SUCCESS: add waiting list
SUCCESS: add ok to do list at time 434
SUCCESS: schedule at time 434
newly_valid list is: 
SUCCESS: add waiting list
SUCCESS: add ok to do list at time 435
SUCCESS: schedule at time 435
newly_valid list is: 
SUCCESS: add waiting list
SUCCESS: add ok to do list at time 436
SUCCESS: schedule at time 436
newly_valid list is: 
SUCCESS: add waiting list
SUCCESS: add ok to do list at time 437
SUCCESS: schedule at time 437
newly_valid list is: 
SUCCESS: add waiting list
SUCCESS: add ok to do list at time 438
SUCCESS: schedule at time 438
newly_valid list is: 
SUCCESS: add waiting list
SUCCESS: add ok to do list at time 439
SUCCESS: schedule at time 439
newly_valid list is: 
SUCCESS: add waiting list
SUCCESS: add ok to do list at time 440
SUCCESS: schedule at time 440
newly_valid list is: 
SUCCESS: add waiting list
SUCCESS: add ok to do list at time 441
SUCCESS: schedule at time 441
newly_valid list is: 
SUCCESS: add waiting list
SUCCESS: add ok to do list at time 442
SUCCESS: schedule at time 442
newly_valid list is: 
SUCCESS: add waiting list
SUCCESS: add ok to do list at time 443
SUCCESS: schedule at time 443
newly_valid list is: 
SUCCESS: add waiting list
SUCCESS: add ok to do list at time 444
SUCCESS: schedule at time 444
newly_valid list is: 
SUCCESS: add waiting list
SUCCESS: add ok to do list at time 445
SUCCESS: schedule at time 445
newly_valid list is: 
SUCCESS: add waiting list
SUCCESS: add ok to do list at time 446
SUCCESS: schedule at time 446
newly_valid list is: 
SUCCESS: add waiting list
SUCCESS: add ok to do list at time 447
SUCCESS: schedule at time 447
newly_valid list is: 
SUCCESS: add waiting list
SUCCESS: add ok to do list at time 448
SUCCESS: schedule at time 448
newly_valid list is: 
SUCCESS: add waiting list
SUCCESS: add ok to do list at time 449
SUCCESS: schedule at time 449
newly_valid list is: 
SUCCESS: add waiting list
SUCCESS: add ok to do list at time 450
SUCCESS: schedule at time 450
newly_valid list is: 
SUCCESS: add waiting list
SUCCESS: add ok to do list at time 451
SUCCESS: schedule at time 451
newly_valid list is: 
SUCCESS: add waiting list
SUCCESS: add ok to do list at time 452
SUCCESS: schedule at time 452
newly_valid list is: 
SUCCESS: add waiting list
SUCCESS: add ok to do list at time 453
SUCCESS: schedule at time 453
newly_valid list is: 
SUCCESS: add waiting list
SUCCESS: add ok to do list at time 454
SUCCESS: schedule at time 454
newly_valid list is: 
SUCCESS: add waiting list
SUCCESS: add ok to do list at time 455
SUCCESS: schedule at time 455
newly_valid list is: 
SUCCESS: add waiting list
SUCCESS: add ok to do list at time 456
SUCCESS: schedule at time 456
newly_valid list is: 
SUCCESS: add waiting list
SUCCESS: add ok to do list at time 457
SUCCESS: schedule at time 457
newly_valid list is: 
SUCCESS: add waiting list
SUCCESS: add ok to do list at time 458
SUCCESS: schedule at time 458
newly_valid list is: 
SUCCESS: add waiting list
SUCCESS: add ok to do list at time 459
SUCCESS: schedule at time 459
newly_valid list is: 
SUCCESS: add waiting list
SUCCESS: add ok to do list at time 460
SUCCESS: schedule at time 460
newly_valid list is: 
SUCCESS: add waiting list
SUCCESS: add ok to do list at time 461
SUCCESS: schedule at time 461
newly_valid list is: 
SUCCESS: add waiting list
SUCCESS: add ok to do list at time 462
SUCCESS: schedule at time 462
newly_valid list is: 
SUCCESS: add waiting list
SUCCESS: add ok to do list at time 463
SUCCESS: schedule at time 463
Begin: Second Schedule!
ok to do list is: 
waiting list is: 
SUCCESS: evict! the nodes are 
the priority is: 
before sorted Results:

sorted Results:
only_div: 
sch2 time is 464
SUCCESS: schedule at time: 464
ok_to_sub: 
ok_to_wb: 
ok_to_wb_time: 
Finished: schedule!
this is the instruction from 0 to 468
0:	(404, 403, -1, 1)	(1250, 1249, -1, 1)	(784, 783, -1, 1)	(799, 798, -1, 1)	(1251, 1249, -1, 1)	(405, 403, -1, 1)	(1645, 1644, -1, 1)	(477, 476, -1, 1)	(785, 783, -1, 1)	(1323, 1322, -1, 1)	(800, 798, -1, 1)	(518, 517, -1, 1)	(1646, 1644, -1, 1)	(519, 517, -1, 1)	(1339, 1338, -1, 1)	(786, 783, -1, 1)
1:	(1630, 1629, -1, 1)	(1389, 1388, -1, 1)	(1364, 1363, -1, 1)	(1360, 1359, -1, 1)	(514, 513, -1, 1)	(1631, 1629, -1, 1)	(1390, 1388, -1, 1)	(1361, 1359, -1, 1)	(1365, 1363, -1, 1)	(515, 513, -1, 1)	(1632, 1629, -1, 1)	(1067, 1066, -1, 1)	(1340, 1338, -1, 1)	(425, 424, -1, 1)	(1177, 1176, -1, 1)	(1271, 1270, -1, 1)
2:	(543, 542, -1, 1)	(544, 542, -1, 1)	(1647, 1644, -1, 1)	(221, 220, -1, 1)	(1325, 1322, -1, 1)	(545, 542, -1, 1)	(1272, 1270, -1, 1)	(520, 517, -1, 1)	(1273, 1270, -1, 1)	(1106, 1105, -1, 1)	(372, 371, -1, 1)	(260, 259, -1, 1)	(373, 371, -1, 1)	(763, 762, -1, 1)	(553, 551, -1, 1)	(592, 590, -1, 1)
3:	(801, 798, -1, 1)	(1324, 1322, -1, 1)	(479, 476, -1, 1)	(1178, 1176, -1, 1)	(406, 403, -1, 1)	(1362, 1359, -1, 1)	(1179, 1176, -1, 1)	(427, 424, -1, 1)	(261, 259, -1, 1)	(1399, 1397, -1, 1)	(711, 710, -1, 1)	(4, 2, -1, 1)	(241, 240, -1, 1)	(750, 749, -1, 1)	(-1, -1, -1, 0)	(-1, -1, -1, 0)
4:	(478, 476, -1, 1)	(493, 492, -1, 1)	(331, 330, -1, 1)	(494, 492, -1, 1)	(1341, 1338, -1, 1)	(495, 492, -1, 1)	(1252, 1249, -1, 1)	(1366, 1363, -1, 1)	(128, 127, -1, 1)	(552, 551, -1, 1)	(594, 593, -1, 1)	(1557, 1556, -1, 1)	(1560, 1559, -1, 1)	(347, 345, -1, 1)	(1859, 1858, -1, 1)	(582, 581, -1, 1)
5:	(222, 220, -1, 1)	(1068, 1066, -1, 1)	(1069, 1066, -1, 1)	(223, 220, -1, 1)	(516, 513, -1, 1)	(151, 150, -1, 1)	(1107, 1105, -1, 1)	(1609, 1608, -1, 1)	(283, 282, -1, 1)	(591, 590, -1, 1)	(3, 2, -1, 1)	(25, 24, -1, 1)	(1287, 1286, -1, 1)	(213, 212, -1, 1)	(-1, -1, -1, 0)	(-1, -1, -1, 0)
6:	(1391, 1388, -1, 1)	(426, 424, -1, 1)	(22, 21, -1, 1)	(1218, 1217, -1, 1)	(1219, 1217, -1, 1)	(606, 605, -1, 1)	(1440, 1439, -1, 1)	(764, 762, -1, 1)	(1453, 1451, -1, 1)	(724, 723, -1, 1)	(1193, 1191, -1, 1)	(1561, 1559, -1, 1)	(114, 113, -1, 1)	(902, 901, -1, 1)	(208, 206, -1, 1)	(-1, -1, -1, 0)
7:	(332, 330, -1, 1)	(333, 330, -1, 1)	(1398, 1397, -1, 1)	(1437, 1436, -1, 1)	(1129, 1128, -1, 1)	(346, 345, -1, 1)	(1570, 1569, -1, 1)	(1571, 1569, -1, 1)	(595, 593, -1, 1)	(1438, 1436, -1, 1)	(176, 175, -1, 1)	(64, 63, -1, 1)	(88, 87, -1, 1)	(1029, 1028, -1, 1)	(1031, 1030, -1, 1)	(-1, -1, -1, 0)
8:	(1253, 1251, 1255, 4)	(787, 785, 789, 4)	(802, 800, 804, 4)	(792, 785, 794, 4)	(412, 404, 413, 4)	(1342, 1339, 1343, 4)	(45, 44, -1, 1)	(1610, 1608, -1, 1)	(1591, 1590, -1, 1)	(715, 713, -1, 1)	(1008, 1007, -1, 1)	(-1, -1, -1, 0)	(-1, -1, -1, 0)	(-1, -1, -1, 0)	(-1, -1, -1, 0)	(-1, -1, -1, 0)
9:	(1487, 1340, 1495, 4)	(1416, 1390, -1, 7)	(1506, 1340, 1514, 4)	(521, 519, 523, 4)	(531, 515, 533, 4)	(1392, 1390, 1394, 4)	(1633, 1632, 1636, 4)	(504, 477, 505, 4)	(1946, 515, 1951, 4)	(1392, 1389, 1393, 4)	(1558, 1556, -1, 1)	(6, 5, -1, 1)	(-1, -1, -1, 0)	(-1, -1, -1, 0)	(-1, -1, -1, 0)	(-1, -1, -1, 0)
10:	(664, 545, 669, 4)	(-1, -1, 1422, 8)	(570, 544, -1, 7)	(570, 545, 578, 4)	(1660, 1647, 1663, 4)	(599, 592, 603, 4)	(1382, 1361, 1384, 4)	(787, 786, 790, 4)	(1332, 1323, 1333, 4)	(1258, 1251, 1260, 4)	(201, 199, -1, 1)	(101, 100, -1, 1)	(-1, -1, -1, 0)	(-1, -1, -1, 0)	(-1, -1, -1, 0)	(-1, -1, -1, 0)
11:	(1750, 1273, 1770, 4)	(1722, 1179, 1731, 4)	(-1, -1, 576, 8)	(504, 479, 508, 4)	(1510, 1390, 1512, 4)	(1327, 1325, 1330, 4)	(481, 479, 484, 4)	(1332, 1325, 1335, 4)	(1327, 1323, 1328, 4)	(481, 477, 482, 4)	(1327, 1324, 1329, 4)	(725, 723, -1, 1)	(905, 903, -1, 1)	(-1, -1, -1, 0)	(-1, -1, -1, 0)	(-1, -1, -1, 0)
12:	(1506, 1341, 1515, 4)	(1350, 1325, 1354, 4)	(1487, 1341, 1496, 4)	(660, 494, 668, 4)	(1275, 1273, 1279, 4)	(1377, 1361, 1379, 4)	(1350, 1324, 1352, 4)	(496, 494, 499, 4)	(-1, 1178, -1, 5)	(1750, 1271, -1, 7)	(96, 94, -1, 1)	(103, 100, -1, 1)	(-1, -1, -1, 0)	(-1, -1, -1, 0)	(-1, -1, -1, 0)	(-1, -1, -1, 0)
13:	(641, 495, 650, 4)	(315, 223, 326, 4)	(1161, 1069, 1172, 4)	(600, 594, 601, 4)	(546, 544, 548, 4)	(1070, 1068, 1072, 4)	(229, 222, 231, 4)	(315, 222, 317, 4)	(1722, -1, 1724, 6)	(-1, -1, 1751, 8)	(1161, 1068, 1163, 4)	(1937, 405, 1939, 4)	(-1, -1, -1, 0)	(-1, -1, -1, 0)	(-1, -1, -1, 0)	(-1, -1, -1, 0)
14:	(1692, 1561, 1704, 4)	(641, 494, 649, 4)	(664, 544, 666, 4)	(1075, 1069, 1079, 4)	(1382, 1362, 1387, 4)	(1332, 1324, 1334, 4)	(1342, 1341, 1346, 4)	(1487, 1339, 1488, 4)	(2149, 2147, -1, 1)	(2154, 2151, -1, 1)	(-1, -1, -1, 0)	(-1, -1, -1, 0)	(-1, -1, -1, 0)	(-1, -1, -1, 0)	(-1, -1, -1, 0)	(-1, -1, -1, 0)
15:	(1490, 1453, 1495, 4)	(1416, 1391, 1424, 4)	(1670, 1632, 1674, 4)	(814, 801, 817, 4)	(229, 223, 233, 4)	(536, 516, 541, 4)	(536, 515, 538, 4)	(1075, 1068, 1077, 4)	(536, 514, 537, 4)	(1670, 1630, 1671, 4)	(1075, 1067, 1076, 4)	(2140, 2139, -1, 1)	(-1, -1, -1, 0)	(-1, -1, -1, 0)	(-1, -1, -1, 0)	(-1, -1, -1, 0)
16:	(660, 495, 669, 4)	(846, 715, 858, 4)	(2117, 1591, 2118, 4)	(824, 786, 828, 4)	(1633, 1631, 1635, 4)	(807, 800, 809, 4)	(339, 332, 341, 4)	(1648, 1645, 1649, 4)	(1633, 1630, 1634, 4)	(1130, 1128, -1, 1)	(59, 57, -1, 1)	(-1, -1, -1, 0)	(-1, -1, -1, 0)	(-1, -1, -1, 0)	(-1, -1, -1, 0)	(-1, -1, -1, 0)
17:	(1755, 1362, 1770, 4)	(572, 553, 576, 4)	(1678, 1591, 1680, 4)	(1653, 1647, 1656, 4)	(429, 427, 433, 4)	(802, 801, 805, 4)	(1638, 1631, 1640, 4)	(1638, 1630, 1639, 4)	(58, 57, -1, 1)	(1428, 1427, -1, 1)	(-1, -1, -1, 0)	(-1, -1, -1, 0)	(-1, -1, -1, 0)	(-1, -1, -1, 0)	(-1, -1, -1, 0)	(-1, -1, -1, 0)
18:	(1510, 1391, 1515, 4)	(1418, 1399, 1422, 4)	(792, 786, 796, 4)	(1280, 1273, 1285, 4)	(481, 478, 483, 4)	(1392, 1391, 1395, 4)	(521, 520, 525, 4)	(1396, 1393, -1, 1)	(1565, 1558, 1567, 4)	(1627, 1626, -1, 1)	(132, 130, -1, 1)	(-1, -1, -1, 0)	(-1, -1, -1, 0)	(-1, -1, -1, 0)	(-1, -1, -1, 0)	(-1, -1, -1, 0)
19:	(1803, 1438, 1815, 4)	(1446, 1440, 1447, 4)	(1582, 1560, 1586, 4)	(1582, 1561, 1587, 4)	(1692, 1560, 1695, 4)	(1445, 1438, 1450, 4)	(1185, 1178, 1187, 4)	(1941, 425, 1942, 4)	(1804, 1440, 1805, 4)	(1947, 520, 1968, 4)	(177, 175, -1, 1)	(1860, 1858, -1, 1)	(-1, -1, -1, 0)	(-1, -1, -1, 0)	(-1, -1, -1, 0)	(-1, -1, -1, 0)
20:	(599, 591, 601, 4)	(736, 715, 741, 4)	(807, 801, 810, 4)	(486, 479, 489, 4)	(339, 333, 344, 4)	(1648, 1646, 1650, 4)	(1660, 1646, 1662, 4)	(1506, 1339, 1507, 4)	(918, 917, -1, 1)	(-1, -1, -1, 0)	(-1, -1, -1, 0)	(-1, -1, -1, 0)	(-1, -1, -1, 0)	(-1, -1, -1, 0)	(-1, -1, -1, 0)	(-1, -1, -1, 0)
21:	(1638, 1632, 1642, 4)	(434, 427, 439, 4)	(1648, 1647, 1651, 4)	(504, 478, 506, 4)	(546, 545, 549, 4)	(429, 425, 430, 4)	(572, 552, 573, 4)	(546, 543, 547, 4)	(1878, 1877, -1, 1)	(2220, 25, 2235, 4)	(-1, -1, -1, 0)	(-1, -1, -1, 0)	(-1, -1, -1, 0)	(-1, -1, -1, 0)	(-1, -1, -1, 0)	(-1, -1, -1, 0)
22:	(1185, 1179, 1190, 4)	(407, 405, 409, 4)	(554, 553, 558, 4)	(224, 222, 226, 4)	(824, 785, 826, 4)	(496, 495, 500, 4)	(224, 223, 228, 4)	(554, 552, 555, 4)	(1660, 1645, 1661, 4)	(2131, 2130, -1, 1)	(-1, -1, -1, 0)	(-1, -1, -1, 0)	(-1, -1, -1, 0)	(-1, -1, -1, 0)	(-1, -1, -1, 0)	(-1, -1, -1, 0)
23:	(1746, 1252, 1770, 4)	(1680, 1679, -1, 1)	(1400, 1399, 1404, 4)	(486, 478, 488, 4)	(1253, 1252, 1257, 4)	(1755, 1361, 1760, 4)	(1400, 1398, 1401, 4)	(802, 799, 803, 4)	(486, 477, 487, 4)	(339, 331, 340, 4)	(1932, 346, 1933, 4)	(-1, -1, -1, 0)	(-1, -1, -1, 0)	(-1, -1, -1, 0)	(-1, -1, -1, 0)	(-1, -1, -1, 0)
24:	(2174, 59, 2178, 4)	(1653, 1646, 1655, 4)	(1350, 1323, 1351, 4)	(429, 426, 431, 4)	(434, 426, 436, 4)	(1750, 1272, -1, 7)	(224, 221, 225, 4)	(1395, 1393, -1, 1)	(284, 282, -1, 1)	(745, 744, -1, 1)	(165, 164, -1, 1)	(-1, -1, -1, 0)	(-1, -1, -1, 0)	(-1, -1, -1, 0)	(-1, -1, -1, 0)	(-1, -1, -1, 0)
25:	(1445, 1437, 1447, 4)	(1581, 1558, 1586, 4)	(1367, 1365, 1369, 4)	(1670, 1631, 1672, 4)	(1131, 1130, 1135, 4)	(-1, -1, 1752, 8)	(1342, 1340, 1345, 4)	(787, 784, 788, 4)	(1131, 1129, 1132, 4)	(1635, 1634, -1, 1)	(1636, 1634, -1, 1)	(1563, 1562, -1, 1)	(-1, -1, -1, 0)	(-1, -1, -1, 0)	(-1, -1, -1, 0)	(-1, -1, -1, 0)
26:	(1546, 1396, 1552, 4)	(1454, 1453, 1458, 4)	(1275, 1272, 1277, 4)	(1180, 1178, 1182, 4)	(1280, 1272, 1282, 4)	(531, 516, 535, 4)	(807, 799, 808, 4)	(1973, 331, 1974, 4)	(134, 133, -1, 1)	(-1, -1, -1, 0)	(-1, -1, -1, 0)	(-1, -1, -1, 0)	(-1, -1, -1, 0)	(-1, -1, -1, 0)	(-1, -1, -1, 0)	(-1, -1, -1, 0)
27:	(-1, 177, -1, 5)	(1669, 1627, 1674, 4)	(77, 58, 80, 4)	(1682, 1627, 1685, 4)	(20, 6, 23, 4)	(608, 606, 609, 4)	(548, 547, -1, 1)	(814, 799, 815, 4)	(1180, 1177, 1181, 4)	(1288, 1287, 1289, 4)	(1452, 1451, -1, 1)	(1592, 1590, -1, 1)	(-1, -1, -1, 0)	(-1, -1, -1, 0)	(-1, -1, -1, 0)	(-1, -1, -1, 0)
28:	(2065, -1, 2071, 6)	(814, 800, 816, 4)	(600, 595, 603, 4)	(1913, 594, 1914, 4)	(556, 555, -1, 1)	(557, 555, -1, 1)	(521, 518, 522, 4)	(1372, 1364, 1373, 4)	(644, 606, 645, 4)	(1346, 1343, -1, 1)	(1192, 1191, -1, 1)	(1302, 1301, -1, 1)	(-1, -1, -1, 0)	(-1, -1, -1, 0)	(-1, -1, -1, 0)	(-1, -1, -1, 0)
29:	(1756, 1366, 1770, 4)	(334, 332, 336, 4)	(1367, 1366, 1371, 4)	(1377, 1362, 1381, 4)	(1402, 1401, -1, 1)	(531, 514, 532, 4)	(804, 803, -1, 1)	(1416, 1389, 1417, 4)	(1344, 1343, -1, 1)	(1510, 1389, 1511, 4)	(334, 331, 335, 4)	(1756, 1365, 1758, 4)	(-1, -1, -1, 0)	(-1, -1, -1, 0)	(-1, -1, -1, 0)	(-1, -1, -1, 0)
30:	(1275, 1271, 1276, 4)	(1070, 1069, 1074, 4)	(1253, 1250, 1254, 4)	(1418, 1398, 1419, 4)	(792, 784, 793, 4)	(1651, 1649, -1, 1)	(227, 225, -1, 1)	(1652, 1649, -1, 1)	(228, 225, -1, 1)	(2174, 58, 2175, 4)	(200, 199, -1, 1)	(-1, -1, -1, 0)	(-1, -1, -1, 0)	(-1, -1, -1, 0)	(-1, -1, -1, 0)	(-1, -1, -1, 0)
31:	(-1, 1680, -1, 5)	(407, 406, 411, 4)	(1194, 1193, 1198, 4)	(407, 404, 408, 4)	(1404, 1401, -1, 1)	(1650, 1649, -1, 1)	(805, 803, -1, 1)	(1133, 1132, -1, 1)	(226, 225, -1, 1)	(1135, 1132, -1, 1)	(806, 803, -1, 1)	(607, 605, -1, 1)	(8, 7, -1, 1)	(117, 115, -1, 1)	(-1, -1, -1, 0)	(-1, -1, -1, 0)
32:	(1712, -1, 1713, 6)	(1546, 1395, 1550, 4)	(832, 745, 834, 4)	(285, 284, 289, 4)	(1973, 332, 1975, 4)	(1403, 1401, -1, 1)	(790, 788, -1, 1)	(549, 547, -1, 1)	(550, 547, -1, 1)	(120, 114, 122, 4)	(2046, 114, 2047, 4)	(136, 135, -1, 1)	(-1, -1, -1, 0)	(-1, -1, -1, 0)	(-1, -1, -1, 0)	(-1, -1, -1, 0)
33:	(1671, 1636, 1674, 4)	(348, 347, 352, 4)	(178, 177, 182, 4)	(558, 555, -1, 1)	(610, 609, -1, 1)	(611, 609, -1, 1)	(789, 788, -1, 1)	(348, 346, 349, 4)	(824, 784, 825, 4)	(791, 788, -1, 1)	(262, 261, 265, 4)	(781, 780, -1, 1)	(383, 382, -1, 1)	(-1, -1, -1, 0)	(-1, -1, -1, 0)	(-1, -1, -1, 0)
34:	(1583, 1563, 1586, 4)	(1639, 1636, 1642, 4)	(1693, 1563, 1695, 4)	(2160, 2140, 2163, 4)	(149, 134, 152, 4)	(1134, 1132, -1, 1)	(1153, 1129, 1154, 4)	(374, 372, 375, 4)	(1594, 1593, -1, 1)	(-1, -1, -1, 0)	(-1, -1, -1, 0)	(-1, -1, -1, 0)	(-1, -1, -1, 0)	(-1, -1, -1, 0)	(-1, -1, -1, 0)	(-1, -1, -1, 0)
35:	(1741, 1193, 1770, 4)	(1678, 1592, 1681, 4)	(700, 548, 701, 4)	(570, 543, 571, 4)	(533, 532, -1, 1)	(1382, 1360, 1383, 4)	(534, 532, -1, 1)	(1490, 1452, 1491, 4)	(1280, 1271, 1281, 4)	(1637, 1634, -1, 1)	(2206, 3, 2216, 4)	(-1, -1, -1, 0)	(-1, -1, -1, 0)	(-1, -1, -1, 0)	(-1, -1, -1, 0)	(-1, -1, -1, 0)
36:	(1507, 1346, 1515, 4)	(1511, 1396, 1517, 4)	(1488, 1346, 1496, 4)	(1353, 1346, 1356, 4)	(1696, 1636, 1701, 4)	(1941, 426, 1943, 4)	(285, 283, 286, 4)	(1256, 1254, -1, 1)	(1394, 1393, -1, 1)	(1345, 1343, -1, 1)	(1628, 1626, -1, 1)	(207, 206, -1, 1)	(-1, -1, -1, 0)	(-1, -1, -1, 0)	(-1, -1, -1, 0)	(-1, -1, -1, 0)
37:	(1353, 1344, 1354, 4)	(1488, 1344, 1489, 4)	(1507, 1344, 1508, 4)	(573, 557, 575, 4)	(1454, 1452, 1455, 4)	(1255, 1254, -1, 1)	(409, 408, -1, 1)	(410, 408, -1, 1)	(307, 283, 308, 4)	(23, 21, -1, 1)	(98, 97, -1, 1)	(62, 60, -1, 1)	(-1, -1, -1, 0)	(-1, -1, -1, 0)	(-1, -1, -1, 0)	(-1, -1, -1, 0)
38:	(1417, 1395, 1424, 4)	(1417, 1396, 1425, 4)	(834, 833, -1, 1)	(1180, 1179, 1184, 4)	(1405, 1402, 1406, 4)	(1419, 1402, 1420, 4)	(1653, 1645, 1654, 4)	(664, 543, 665, 4)	(1987, 200, 1998, 4)	(262, 260, 263, 4)	(-1, -1, -1, 0)	(-1, -1, -1, 0)	(-1, -1, -1, 0)	(-1, -1, -1, 0)	(-1, -1, -1, 0)	(-1, -1, -1, 0)
39:	(1698, 1652, 1704, 4)	(644, 607, 649, 4)	(1419, 1404, 1422, 4)	(815, 805, 817, 4)	(1405, 1404, 1408, 4)	(524, 522, -1, 1)	(1141, 1133, 1142, 4)	(1698, 1650, 1699, 4)	(411, 408, -1, 1)	(89, 87, -1, 1)	(-1, -1, -1, 0)	(-1, -1, -1, 0)	(-1, -1, -1, 0)	(-1, -1, -1, 0)	(-1, -1, -1, 0)	(-1, -1, -1, 0)
40:	(852, 806, 858, 4)	(700, 549, 704, 4)	(1991, 745, 1992, 4)	(1661, 1651, 1663, 4)	(1141, 1135, 1144, 4)	(1698, 1651, 1700, 4)	(850, 790, 855, 4)	(1419, 1403, 1421, 4)	(782, 780, -1, 1)	(-1, -1, -1, 0)	(-1, -1, -1, 0)	(-1, -1, -1, 0)	(-1, -1, -1, 0)	(-1, -1, -1, 0)	(-1, -1, -1, 0)	(-1, -1, -1, 0)
41:	(573, 558, 576, 4)	(619, 611, 621, 4)	(645, 611, 647, 4)	(1681, 1679, -1, 1)	(700, 550, 706, 4)	(825, 791, 830, 4)	(564, 556, 565, 4)	(808, 804, 809, 4)	(1755, 1360, 1759, 4)	(152, 150, -1, 1)	(-1, -1, -1, 0)	(-1, -1, -1, 0)	(-1, -1, -1, 0)	(-1, -1, -1, 0)	(-1, -1, -1, 0)	(-1, -1, -1, 0)
42:	(1511, 1395, 1515, 4)	(571, 549, 578, 4)	(571, 550, 579, 4)	(825, 790, 828, 4)	(564, 558, 567, 4)	(559, 557, 561, 4)	(559, 558, 562, 4)	(608, 607, 612, 4)	(559, 556, 560, 4)	(573, 556, 574, 4)	(825, 789, 826, 4)	(1290, 1289, -1, 1)	(-1, -1, -1, 0)	(-1, -1, -1, 0)	(-1, -1, -1, 0)	(-1, -1, -1, 0)
43:	(628, 534, 635, 4)	(1671, 1637, 1676, 4)	(1136, 1134, 1138, 4)	(1141, 1134, 1143, 4)	(1136, 1135, 1139, 4)	(1154, 1134, 1156, 4)	(523, 522, -1, 1)	(287, 286, -1, 1)	(288, 286, -1, 1)	(1671, 1635, 1672, 4)	(289, 286, -1, 1)	(1257, 1254, -1, 1)	(525, 522, -1, 1)	(1564, 1562, -1, 1)	(441, 440, -1, 1)	(-1, -1, -1, 0)
44:	(665, 549, 669, 4)	(1488, 1345, 1495, 4)	(665, 550, 671, 4)	(1353, 1345, 1355, 4)	(665, 548, 666, 4)	(1511, 1394, 1512, 4)	(564, 557, 566, 4)	(1457, 1455, -1, 1)	(66, 64, 67, 4)	(307, 284, 312, 4)	(718, 716, -1, 1)	(-1, -1, -1, 0)	(-1, -1, -1, 0)	(-1, -1, -1, 0)	(-1, -1, -1, 0)	(-1, -1, -1, 0)
45:	(1696, 1637, 1704, 4)	(1417, 1394, 1422, 4)	(1507, 1345, 1514, 4)	(815, 806, 820, 4)	(418, 410, 420, 4)	(1654, 1651, 1656, 4)	(793, 791, 797, 4)	(77, 59, 81, 4)	(71, 62, 76, 4)	(-1, -1, -1, 0)	(-1, -1, -1, 0)	(-1, -1, -1, 0)	(-1, -1, -1, 0)	(-1, -1, -1, 0)	(-1, -1, -1, 0)	(-1, -1, -1, 0)
46:	(850, 791, 858, 4)	(-1, 834, -1, 5)	(852, 805, 854, 4)	(1405, 1403, 1407, 4)	(808, 805, 810, 4)	(836, 781, 839, 4)	(808, 806, 812, 4)	(1456, 1455, -1, 1)	(1408, 1406, -1, 1)	(1409, 1406, -1, 1)	(850, 789, 851, 4)	(1291, 1289, -1, 1)	(2137, 2136, -1, 1)	(-1, -1, -1, 0)	(-1, -1, -1, 0)	(-1, -1, -1, 0)
47:	(571, 548, 576, 4)	(866, -1, 867, 6)	(1546, 1394, 1547, 4)	(793, 790, 796, 4)	(1367, 1364, 1368, 4)	(793, 789, 794, 4)	(526, 518, 527, 4)	(496, 493, 497, 4)	(350, 349, -1, 1)	(351, 349, -1, 1)	(264, 263, -1, 1)	(265, 263, -1, 1)	(-1, -1, -1, 0)	(-1, -1, -1, 0)	(-1, -1, -1, 0)	(-1, -1, -1, 0)
48:	(823, 781, 828, 4)	(1661, 1652, 1666, 4)	(1264, 1256, 1266, 4)	(613, 611, 615, 4)	(537, 534, 539, 4)	(537, 533, 538, 4)	(612, 609, -1, 1)	(1070, 1067, 1071, 4)	(1161, 1067, 1162, 4)	(32, 31, -1, 1)	(-1, -1, -1, 0)	(-1, -1, -1, 0)	(-1, -1, -1, 0)	(-1, -1, -1, 0)	(-1, -1, -1, 0)	(-1, -1, -1, 0)
49:	(626, 524, 635, 4)	(1712, 1681, 1719, 4)	(1410, 1404, 1413, 4)	(1654, 1652, 1658, 4)	(1194, 1192, 1195, 4)	(1182, 1181, -1, 1)	(1696, 1635, 1697, 4)	(1183, 1181, -1, 1)	(1741, 1192, 1742, 4)	(198, 196, -1, 1)	(-1, -1, -1, 0)	(-1, -1, -1, 0)	(-1, -1, -1, 0)	(-1, -1, -1, 0)	(-1, -1, -1, 0)	(-1, -1, -1, 0)
50:	(823, 782, 829, 4)	(1669, 1628, 1675, 4)	(418, 411, 423, 4)	(561, 560, -1, 1)	(562, 560, -1, 1)	(563, 560, -1, 1)	(628, 533, -1, 7)	(1912, 591, 1914, 4)	(68, 67, -1, 1)	(1153, 1130, 1158, 4)	(717, 716, -1, 1)	(2016, 2015, -1, 1)	(1033, 1032, -1, 1)	(-1, -1, -1, 0)	(-1, -1, -1, 0)	(-1, -1, -1, 0)
51:	(626, 525, 640, 4)	(1693, 1564, 1704, 4)	(295, 289, 298, 4)	(1583, 1564, 1587, 4)	(1410, 1403, 1412, 4)	(1410, 1402, 1411, 4)	(-1, -1, 629, 8)	(811, 809, -1, 1)	(535, 532, -1, 1)	(1937, 406, 1968, 4)	(174, 172, -1, 1)	(1087, 1086, -1, 1)	(1862, 1861, -1, 1)	(-1, -1, -1, 0)	(-1, -1, -1, 0)	(-1, -1, -1, 0)
52:	(847, 718, 858, 4)	(1465, 1457, 1467, 4)	(1491, 1457, 1493, 4)	(737, 718, 741, 4)	(308, 288, 310, 4)	(1258, 1250, 1259, 4)	(1407, 1406, -1, 1)	(1639, 1635, 1640, 4)	(812, 809, -1, 1)	(2194, 88, 2199, 4)	(61, 60, -1, 1)	(1988, 208, 1990, 4)	(-1, -1, -1, 0)	(-1, -1, -1, 0)	(-1, -1, -1, 0)	(-1, -1, -1, 0)
53:	(1264, 1257, 1269, 4)	(290, 288, 292, 4)	(290, 289, 293, 4)	(334, 333, 338, 4)	(1369, 1368, -1, 1)	(795, 794, -1, 1)	(290, 287, 291, 4)	(295, 287, 296, 4)	(796, 794, -1, 1)	(499, 497, -1, 1)	(500, 497, -1, 1)	(797, 794, -1, 1)	(1003, 1002, -1, 1)	(119, 118, -1, 1)	(1004, 1002, -1, 1)	(-1, -1, -1, 0)
54:	(1476, 1409, 1481, 4)	(1420, 1409, 1423, 4)	(1420, 1408, 1422, 4)	(1476, 1408, 1478, 4)	(1459, 1457, 1461, 4)	(1639, 1637, 1643, 4)	(2224, 2140, 2228, 4)	(1654, 1650, 1655, 4)	(1661, 1650, 1662, 4)	(1370, 1368, -1, 1)	(1154, 1133, 1155, 4)	(1371, 1368, -1, 1)	(746, 744, -1, 1)	(-1, -1, -1, 0)	(-1, -1, -1, 0)	(-1, -1, -1, 0)
55:	(295, 288, 297, 4)	(353, 351, 355, 4)	(358, 351, 360, 4)	(1933, 351, 1935, 4)	(1465, 1456, 1466, 4)	(498, 497, -1, 1)	(1196, 1195, -1, 1)	(353, 350, 354, 4)	(852, 804, 853, 4)	(1198, 1195, -1, 1)	(1303, 1302, 1304, 4)	(2141, 2139, -1, 1)	(-1, -1, -1, 0)	(-1, -1, -1, 0)	(-1, -1, -1, 0)	(-1, -1, -1, 0)
56:	(645, 612, 649, 4)	(619, 612, 623, 4)	(1459, 1456, 1460, 4)	(619, 610, 620, 4)	(539, 538, -1, 1)	(645, 610, 646, 4)	(540, 538, -1, 1)	(1184, 1181, -1, 1)	(1933, 350, 1934, 4)	(2097, 136, 2098, 4)	(374, 373, 376, 4)	(377, 375, -1, 1)	(1441, 1439, -1, 1)	(-1, -1, -1, 0)	(-1, -1, -1, 0)	(-1, -1, -1, 0)
57:	(1411, 1408, 1413, 4)	(1411, 1409, 1414, 4)	(2155, 2137, 2157, 4)	(815, 804, 816, 4)	(810, 809, -1, 1)	(308, 287, 309, 4)	(315, 221, 316, 4)	(1746, 1250, 1747, 4)	(154, 152, 158, 4)	(110, 108, -1, 1)	(1864, 1863, -1, 1)	(-1, -1, -1, 0)	(-1, -1, -1, 0)	(-1, -1, -1, 0)	(-1, -1, -1, 0)	(-1, -1, -1, 0)
58:	(1736, 1033, 1770, 4)	(630, 562, 632, 4)	(737, 717, 740, 4)	(1210, 1183, 1213, 4)	(847, 717, 849, 4)	(565, 562, 567, 4)	(613, 610, 614, 4)	(1491, 1456, 1492, 4)	(1292, 1291, 1294, 4)	(1596, 1595, -1, 1)	(2240, 62, 2247, 4)	(-1, -1, -1, 0)	(-1, -1, -1, 0)	(-1, -1, -1, 0)	(-1, -1, -1, 0)	(-1, -1, -1, 0)
59:	(630, 563, 635, 4)	(628, 535, 640, 4)	(574, 563, 577, 4)	(565, 563, 568, 4)	(613, 612, 617, 4)	(537, 535, 541, 4)	(574, 561, 575, 4)	(1458, 1455, -1, 1)	(1642, 1640, -1, 1)	(1197, 1195, -1, 1)	(294, 291, -1, 1)	(526, 519, 528, 4)	(2012, 2010, -1, 1)	(-1, -1, -1, 0)	(-1, -1, -1, 0)	(-1, -1, -1, 0)
60:	(837, 812, 842, 4)	(574, 562, 576, 4)	(216, 198, 219, 4)	(72, 68, 73, 4)	(565, 561, 566, 4)	(1377, 1360, 1378, 4)	(1657, 1655, -1, 1)	(1658, 1655, -1, 1)	(1756, 1364, 1757, 4)	(78, 68, 79, 4)	(235, 227, 237, 4)	(-1, -1, -1, 0)	(-1, -1, -1, 0)	(-1, -1, -1, 0)	(-1, -1, -1, 0)	(-1, -1, -1, 0)
61:	(851, 797, 858, 4)	(507, 500, 510, 4)	(851, 796, 855, 4)	(1411, 1407, 1412, 4)	(1641, 1640, -1, 1)	(1136, 1133, 1137, 4)	(235, 226, 236, 4)	(1074, 1071, -1, 1)	(726, 725, 728, 4)	(1472, 1369, 1473, 4)	(166, 165, 167, 4)	(-1, -1, -1, 0)	(-1, -1, -1, 0)	(-1, -1, -1, 0)	(-1, -1, -1, 0)	(-1, -1, -1, 0)
62:	(1472, 1370, 1481, 4)	(1472, 1371, 1485, 4)	(183, 174, 188, 4)	(1461, 1460, -1, 1)	(1476, 1407, 1477, 4)	(1462, 1460, -1, 1)	(1072, 1071, -1, 1)	(1073, 1071, -1, 1)	(358, 350, 359, 4)	(355, 354, -1, 1)	(1643, 1640, -1, 1)	(1305, 1304, -1, 1)	(-1, -1, -1, 0)	(-1, -1, -1, 0)	(-1, -1, -1, 0)	(-1, -1, -1, 0)
63:	(-1, 1198, -1, 5)	(507, 498, 508, 4)	(507, 499, 509, 4)	(832, 746, 835, 4)	(1204, 1198, 1209, 4)	(1420, 1407, 1421, 4)	(1656, 1655, -1, 1)	(336, 335, -1, 1)	(337, 335, -1, 1)	(356, 354, -1, 1)	(1865, 1862, 1867, 4)	(456, 455, -1, 1)	(1430, 1429, -1, 1)	(-1, -1, -1, 0)	(-1, -1, -1, 0)	(-1, -1, -1, 0)
64:	(1742, -1, 1770, 6)	(629, 539, -1, 7)	(629, 540, 637, 4)	(1804, 1441, 1815, 4)	(1210, 1184, 1215, 4)	(816, 811, 819, 4)	(615, 614, -1, 1)	(616, 614, -1, 1)	(292, 291, -1, 1)	(293, 291, -1, 1)	(1937, 404, 1938, 4)	(-1, -1, -1, 0)	(-1, -1, -1, 0)	(-1, -1, -1, 0)	(-1, -1, -1, 0)	(-1, -1, -1, 0)
65:	(663, 540, 669, 4)	(-1, -1, 635, 8)	(1747, 1256, 1749, 4)	(1446, 1441, 1450, 4)	(1946, 514, 1950, 4)	(1742, 1196, 1743, 4)	(69, 67, -1, 1)	(2065, 176, 2066, 4)	(1259, 1256, 1261, 4)	(86, 84, -1, 1)	(-1, -1, -1, 0)	(-1, -1, -1, 0)	(-1, -1, -1, 0)	(-1, -1, -1, 0)	(-1, -1, -1, 0)	(-1, -1, -1, 0)
66:	(1757, 1370, 1763, 4)	(663, 539, -1, 7)	(316, 228, 326, 4)	(1199, 1198, 1203, 4)	(568, 566, -1, 1)	(1199, 1196, 1200, 4)	(641, 493, 642, 4)	(1204, 1196, 1205, 4)	(569, 566, -1, 1)	(266, 264, 267, 4)	(210, 209, -1, 1)	(2238, 32, 2239, 4)	(-1, -1, -1, 0)	(-1, -1, -1, 0)	(-1, -1, -1, 0)	(-1, -1, -1, 0)
67:	(853, 812, 858, 4)	(-1, -1, 667, 8)	(1491, 1458, 1495, 4)	(1465, 1458, 1469, 4)	(1672, 1642, -1, 7)	(1199, 1197, 1201, 4)	(1742, 1197, 1744, 4)	(1379, 1378, -1, 1)	(1413, 1412, -1, 1)	(1414, 1412, -1, 1)	(1415, 1412, -1, 1)	(308, 289, 312, 4)	(412, 406, 416, 4)	(171, 169, -1, 1)	(895, 894, -1, 1)	(-1, -1, -1, 0)
68:	(1699, 1658, 1704, 4)	(2061, 110, 2071, 4)	(1662, 1658, 1666, 4)	(1662, 1657, 1665, 4)	(-1, -1, 1674, 8)	(851, 795, 854, 4)	(617, 614, -1, 1)	(1138, 1137, -1, 1)	(1140, 1137, -1, 1)	(352, 349, -1, 1)	(1941, 427, 1968, 4)	(1988, 207, 1989, 4)	(-1, -1, -1, 0)	(-1, -1, -1, 0)	(-1, -1, -1, 0)	(-1, -1, -1, 0)
69:	(1683, 1658, 1688, 4)	(835, 833, -1, 1)	(1162, 1074, 1172, 4)	(813, 795, 817, 4)	(567, 566, -1, 1)	(1380, 1378, -1, 1)	(1381, 1378, -1, 1)	(71, 61, 73, 4)	(14, 8, 16, 4)	(309, 294, 313, 4)	(748, 747, -1, 1)	(95, 94, -1, 1)	(-1, -1, -1, 0)	(-1, -1, -1, 0)	(-1, -1, -1, 0)	(-1, -1, -1, 0)
70:	(1492, 1462, -1, 7)	(1747, 1257, 1770, 4)	(1466, 1461, 1467, 4)	(1466, 1462, 1468, 4)	(1479, 1461, 1480, 4)	(1492, 1461, -1, 7)	(229, 221, 230, 4)	(1185, 1177, 1186, 4)	(1934, 355, 1935, 4)	(2157, 2156, -1, 1)	(376, 375, -1, 1)	(2032, 2016, 2033, 4)	(2143, 2142, -1, 1)	(-1, -1, -1, 0)	(-1, -1, -1, 0)	(-1, -1, -1, 0)
71:	(-1, -1, 1494, 8)	(678, 356, 683, 4)	(826, 796, -1, 7)	(813, 797, 820, 4)	(826, 797, 830, 4)	(-1, -1, 1493, 8)	(364, 337, 367, 4)	(813, 796, 818, 4)	(1659, 1642, 1664, 4)	(1672, 1641, -1, 7)	(678, 355, 679, 4)	(65, 63, -1, 1)	(1432, 1431, -1, 1)	(-1, -1, -1, 0)	(-1, -1, -1, 0)	(-1, -1, -1, 0)
72:	(633, 616, 635, 4)	(1950, 534, 1954, 4)	(-1, -1, 828, 8)	(646, 616, -1, 7)	(1934, 356, 1957, 4)	(633, 615, 634, 4)	(646, 615, -1, 7)	(1459, 1458, 1463, 4)	(1076, 1072, 1077, 4)	(-1, -1, 1673, 8)	(1162, 1072, 1163, 4)	(2240, 61, 2241, 4)	(527, 524, 529, 4)	(-1, -1, -1, 0)	(-1, -1, -1, 0)	(-1, -1, -1, 0)
73:	(642, 499, 649, 4)	(642, 500, 650, 4)	(642, 498, 643, 4)	(-1, -1, 648, 8)	(78, 69, 80, 4)	(630, 561, 631, 4)	(-1, -1, 647, 8)	(826, 795, -1, 7)	(1950, 533, 1951, 4)	(1803, 1437, 1805, 4)	(2113, 88, 2127, 4)	(153, 128, 156, 4)	(-1, -1, -1, 0)	(-1, -1, -1, 0)	(-1, -1, -1, 0)	(-1, -1, -1, 0)
74:	(1479, 1462, 1481, 4)	(1697, 1643, 1704, 4)	(575, 569, 580, 4)	(322, 294, -1, 7)	(1076, 1074, 1079, 4)	(1697, 1642, 1701, 4)	(1139, 1137, -1, 1)	(-1, -1, 827, 8)	(364, 336, 365, 4)	(541, 538, -1, 1)	(2078, 174, 2083, 4)	(2031, 2012, 2037, 4)	(-1, -1, -1, 0)	(-1, -1, -1, 0)	(-1, -1, -1, 0)	(-1, -1, -1, 0)
75:	(1477, 1415, 1486, 4)	(1910, 568, 1916, 4)	(575, 568, 577, 4)	(-1, -1, 326, 8)	(1421, 1415, 1426, 4)	(1801, 1415, 1815, 4)	(1672, 1643, 1676, 4)	(1659, 1643, 1666, 4)	(816, 810, 817, 4)	(1565, 1557, 1566, 4)	(1433, 1428, 1434, 4)	(-1, -1, -1, 0)	(-1, -1, -1, 0)	(-1, -1, -1, 0)	(-1, -1, -1, 0)	(-1, -1, -1, 0)
76:	(633, 617, 636, 4)	(1757, 1371, 1770, 4)	(620, 615, 621, 4)	(620, 616, 622, 4)	(620, 617, 623, 4)	(-1, 1413, -1, 5)	(1168, 1140, -1, 7)	(358, 352, 363, 4)	(1186, 1183, 1188, 4)	(1974, 337, 1976, 4)	(1186, 1182, 1187, 4)	(-1, -1, -1, 0)	(-1, -1, -1, 0)	(-1, -1, -1, 0)	(-1, -1, -1, 0)	(-1, -1, -1, 0)
77:	(1759, 1380, 1763, 4)	(1910, 567, -1, 7)	(1383, 1380, 1385, 4)	(1081, 1072, 1082, 4)	(316, 226, 317, 4)	(1477, -1, 1478, 6)	(-1, -1, 1172, 8)	(338, 335, -1, 1)	(853, 811, 856, 4)	(1081, 1073, 1083, 4)	(1162, 1073, 1164, 4)	(2145, 2144, -1, 1)	(1838, 1837, -1, 1)	(-1, -1, -1, 0)	(-1, -1, -1, 0)	(-1, -1, -1, 0)
78:	(1474, 1381, 1485, 4)	(-1, -1, 1911, 8)	(1801, 1414, 1807, 4)	(1076, 1073, 1078, 4)	(359, 356, 362, 4)	(189, 171, 195, 4)	(1210, 1182, 1211, 4)	(1080, 1077, -1, 1)	(1202, 1200, -1, 1)	(1203, 1200, -1, 1)	(384, 383, 385, 4)	(142, 140, -1, 1)	(-1, -1, -1, 0)	(-1, -1, -1, 0)	(-1, -1, -1, 0)	(-1, -1, -1, 0)
79:	(631, 568, 635, 4)	(631, 569, 639, 4)	(646, 617, -1, 7)	(1442, 1430, 1447, 4)	(296, 293, 298, 4)	(816, 812, 820, 4)	(1155, 1138, 1156, 4)	(2045, 110, 2059, 4)	(412, 405, 414, 4)	(897, 896, -1, 1)	(-1, -1, -1, 0)	(-1, -1, -1, 0)	(-1, -1, -1, 0)	(-1, -1, -1, 0)	(-1, -1, -1, 0)	(-1, -1, -1, 0)
80:	(1951, 539, 1954, 4)	(1951, 540, 1956, 4)	(-1, -1, 649, 8)	(1421, 1414, 1423, 4)	(-1, 567, -1, 5)	(1142, 1140, 1145, 4)	(1383, 1381, 1387, 4)	(1383, 1379, 1384, 4)	(1201, 1200, -1, 1)	(1306, 1304, -1, 1)	(30, 29, -1, 1)	(-1, -1, -1, 0)	(-1, -1, -1, 0)	(-1, -1, -1, 0)	(-1, -1, -1, 0)	(-1, -1, -1, 0)
81:	(1477, 1414, 1481, 4)	(1204, 1197, 1206, 4)	(1474, 1379, -1, 7)	(818, 817, -1, 1)	(631, -1, 632, 6)	(819, 817, -1, 1)	(1722, 1177, 1723, 4)	(1759, 1379, 1760, 4)	(2191, 8, 2192, 4)	(1991, 746, 1998, 4)	(1372, 1365, 1374, 4)	(1836, 1835, -1, 1)	(-1, -1, -1, 0)	(-1, -1, -1, 0)	(-1, -1, -1, 0)	(-1, -1, -1, 0)
82:	(629, 541, 640, 4)	(1759, 1381, 1770, 4)	(-1, -1, 1475, 8)	(663, 541, 673, 4)	(1142, 1139, 1144, 4)	(230, 228, 233, 4)	(1938, 410, 1940, 4)	(230, 226, 231, 4)	(219, 217, -1, 1)	(235, 228, 238, 4)	(173, 172, -1, 1)	(752, 751, -1, 1)	(1054, 1052, -1, 1)	(-1, -1, -1, 0)	(-1, -1, -1, 0)	(-1, -1, -1, 0)
83:	(866, 835, 873, 4)	(1421, 1413, 1422, 4)	(575, 567, 576, 4)	(296, 294, 299, 4)	(340, 337, 342, 4)	(340, 336, 341, 4)	(1081, 1074, 1084, 4)	(1947, 519, 1949, 4)	(26, 24, -1, 1)	(-1, -1, -1, 0)	(-1, -1, -1, 0)	(-1, -1, -1, 0)	(-1, -1, -1, 0)	(-1, -1, -1, 0)	(-1, -1, -1, 0)	(-1, -1, -1, 0)
84:	(1801, 1413, 1802, 4)	(230, 227, 232, 4)	(1463, 1460, -1, 1)	(309, 292, 310, 4)	(1168, 1138, 1169, 4)	(1116, 1107, 1119, 4)	(2168, 2157, 2170, 4)	(413, 411, 416, 4)	(386, 385, -1, 1)	(1259, 1255, 1260, 4)	(-1, -1, -1, 0)	(-1, -1, -1, 0)	(-1, -1, -1, 0)	(-1, -1, -1, 0)	(-1, -1, -1, 0)	(-1, -1, -1, 0)
85:	(364, 338, -1, 7)	(1443, 1432, 1447, 4)	(1659, 1641, 1663, 4)	(1697, 1641, 1700, 4)	(1186, 1184, 1190, 4)	(72, 69, 74, 4)	(660, 493, 661, 4)	(1974, 336, 1975, 4)	(413, 409, 414, 4)	(124, 122, -1, 1)	(-1, -1, -1, 0)	(-1, -1, -1, 0)	(-1, -1, -1, 0)	(-1, -1, -1, 0)	(-1, -1, -1, 0)	(-1, -1, -1, 0)
86:	(-1, -1, 370, 8)	(1520, 1080, 1529, 4)	(1524, 1203, 1532, 4)	(1163, 1080, 1173, 4)	(353, 352, 357, 4)	(1385, 1384, -1, 1)	(1386, 1384, -1, 1)	(322, 292, 323, 4)	(413, 410, 415, 4)	(774, 763, 775, 4)	(109, 108, -1, 1)	(-1, -1, -1, 0)	(-1, -1, -1, 0)	(-1, -1, -1, 0)	(-1, -1, -1, 0)	(-1, -1, -1, 0)
87:	(1474, 1380, 1481, 4)	(1723, 1184, 1731, 4)	(1743, 1202, 1766, 4)	(1205, 1202, 1208, 4)	(1205, 1203, 1209, 4)	(1723, 1183, 1725, 4)	(104, 86, 107, 4)	(820, 817, -1, 1)	(1292, 1290, 1293, 4)	(-1, -1, -1, 0)	(-1, -1, -1, 0)	(-1, -1, -1, 0)	(-1, -1, -1, 0)	(-1, -1, -1, 0)	(-1, -1, -1, 0)	(-1, -1, -1, 0)
88:	(340, 338, 344, 4)	(66, 65, 70, 4)	(1078, 1077, -1, 1)	(359, 355, 360, 4)	(1079, 1077, -1, 1)	(1723, 1182, 1724, 4)	(1743, 1201, 1744, 4)	(76, 73, -1, 1)	(1258, 1252, 1262, 4)	(1373, 1370, 1375, 4)	(269, 267, -1, 1)	(-1, -1, -1, 0)	(-1, -1, -1, 0)	(-1, -1, -1, 0)	(-1, -1, -1, 0)	(-1, -1, -1, 0)
89:	(1743, 1203, 1770, 4)	(577, 576, -1, 1)	(578, 576, -1, 1)	(1424, 1422, -1, 1)	(579, 576, -1, 1)	(1425, 1422, -1, 1)	(580, 576, -1, 1)	(1426, 1422, -1, 1)	(233, 231, -1, 1)	(342, 341, -1, 1)	(343, 341, -1, 1)	(1947, 518, 1948, 4)	(1387, 1384, -1, 1)	(1082, 1080, 1085, 4)	(1567, 1566, -1, 1)	(13, 12, -1, 1)
90:	(1423, 1422, -1, 1)	(827, 818, 828, 4)	(827, 819, 829, 4)	(183, 173, 185, 4)	(296, 292, 297, 4)	(837, 810, 838, 4)	(1524, 1201, 1525, 4)	(2210, 64, 2211, 4)	(2078, 173, 2079, 4)	(2138, 2136, -1, 1)	(1868, 1867, -1, 1)	(-1, -1, -1, 0)	(-1, -1, -1, 0)	(-1, -1, -1, 0)	(-1, -1, -1, 0)	(-1, -1, -1, 0)
91:	(661, 500, 669, 4)	(661, 499, 668, 4)	(232, 231, -1, 1)	(1188, 1187, -1, 1)	(234, 231, -1, 1)	(1189, 1187, -1, 1)	(1190, 1187, -1, 1)	(2221, 30, 2222, 4)	(2038, 219, 2042, 4)	(1311, 1305, 1312, 4)	(1611, 1609, 1612, 4)	(1840, 1839, -1, 1)	(984, 983, -1, 1)	(882, 881, -1, 1)	(1026, 1025, -1, 1)	(-1, -1, -1, 0)
92:	(1479, 1463, 1482, 4)	(1524, 1202, 1529, 4)	(1466, 1463, 1469, 4)	(1662, 1656, 1663, 4)	(1205, 1201, 1206, 4)	(1699, 1656, 1700, 4)	(357, 354, -1, 1)	(1932, 347, 1968, 4)	(774, 764, 777, 4)	(1006, 1005, -1, 1)	(-1, -1, -1, 0)	(-1, -1, -1, 0)	(-1, -1, -1, 0)	(-1, -1, -1, 0)	(-1, -1, -1, 0)	(-1, -1, -1, 0)
93:	(1492, 1463, -1, 7)	(661, 498, 662, 4)	(2047, 124, 2049, 4)	(74, 73, -1, 1)	(37, 30, 39, 4)	(143, 136, 145, 4)	(2190, 3, 2203, 4)	(1168, 1139, -1, 7)	(1261, 1260, -1, 1)	(900, 898, -1, 1)	(922, 920, -1, 1)	(-1, -1, -1, 0)	(-1, -1, -1, 0)	(-1, -1, -1, 0)	(-1, -1, -1, 0)	(-1, -1, -1, 0)
94:	(-1, -1, 1495, 8)	(1475, 1385, -1, 7)	(1475, 1386, 1483, 4)	(344, 341, -1, 1)	(2225, 2143, 2226, 4)	(1822, 1008, 1826, 4)	(836, 782, 840, 4)	(-1, -1, 1171, 8)	(1372, 1366, 1376, 4)	(1307, 1306, 1309, 4)	(-1, 109, -1, 5)	(-1, -1, -1, 0)	(-1, -1, -1, 0)	(-1, -1, -1, 0)	(-1, -1, -1, 0)	(-1, -1, -1, 0)
95:	(1948, 524, 1954, 4)	(-1, -1, 1481, 8)	(1509, 1386, 1515, 4)	(827, 820, 830, 4)	(178, 176, 179, 4)	(70, 67, -1, 1)	(1311, 1306, 1313, 4)	(270, 260, 271, 4)	(121, 119, 125, 4)	(584, 583, -1, 1)	(2061, -1, 2070, 6)	(-1, -1, -1, 0)	(-1, -1, -1, 0)	(-1, -1, -1, 0)	(-1, -1, -1, 0)	(-1, -1, -1, 0)
96:	(1760, 1385, 1763, 4)	(1509, 1385, -1, 7)	(838, 820, 842, 4)	(1520, 1079, 1522, 4)	(79, 76, 83, 4)	(2190, 4, 2204, 4)	(2050, 200, 2055, 4)	(442, 441, 443, 4)	(415, 414, -1, 1)	(1520, 1078, 1521, 4)	(1973, 333, 1985, 4)	(-1, -1, -1, 0)	(-1, -1, -1, 0)	(-1, -1, -1, 0)	(-1, -1, -1, 0)	(-1, -1, -1, 0)
97:	(1475, 1387, 1485, 4)	(-1, -1, 1513, 8)	(632, 577, 635, 4)	(632, 580, 639, 4)	(1478, 1426, 1486, 4)	(632, 578, 637, 4)	(1478, 1425, 1484, 4)	(1911, 577, 1916, 4)	(1760, 1387, 1770, 4)	(1512, 1426, 1519, 4)	(1911, 578, 1918, 4)	(2132, 2131, 2133, 4)	(-1, -1, -1, 0)	(-1, -1, -1, 0)	(-1, -1, -1, 0)	(-1, -1, -1, 0)
98:	(632, 579, 638, 4)	(1802, 1423, -1, 7)	(666, 577, 667, 4)	(1547, 1423, 1548, 4)	(666, 578, 669, 4)	(1512, 1425, 1517, 4)	(1547, 1424, 1550, 4)	(666, 580, 672, 4)	(-1, 343, -1, 5)	(1547, 1426, 1555, 4)	(1209, 1206, -1, 1)	(1620, 1609, 1621, 4)	(-1, -1, -1, 0)	(-1, -1, -1, 0)	(-1, -1, -1, 0)	(-1, -1, -1, 0)
99:	(701, 577, 702, 4)	(-1, -1, 1807, 8)	(1724, 1190, 1731, 4)	(1509, 1387, 1518, 4)	(701, 578, 704, 4)	(1523, 1190, 1531, 4)	(1802, 1424, 1809, 4)	(276, 269, 278, 4)	(1975, -1, 1977, 6)	(361, 360, -1, 1)	(2042, 2040, -1, 1)	(-1, -1, -1, 0)	(-1, -1, -1, 0)	(-1, -1, -1, 0)	(-1, -1, -1, 0)	(-1, -1, -1, 0)
100:	(1478, 1424, 1483, 4)	(1760, 1386, 1765, 4)	(666, 579, 671, 4)	(701, 579, 706, 4)	(365, 342, 367, 4)	(434, 425, 435, 4)	(1975, 342, 1976, 4)	(1307, 1305, 1308, 4)	(53, 52, -1, 1)	(904, 903, -1, 1)	(-1, -1, -1, 0)	(-1, -1, -1, 0)	(-1, -1, -1, 0)	(-1, -1, -1, 0)	(-1, -1, -1, 0)	(-1, -1, -1, 0)
101:	(1512, 1424, 1515, 4)	(1523, 1189, 1529, 4)	(1724, 1189, 1726, 4)	(1802, 1426, 1815, 4)	(317, 233, 326, 4)	(1523, 1188, 1526, 4)	(1664, 1663, -1, 1)	(1665, 1663, -1, 1)	(1666, 1663, -1, 1)	(1155, 1140, 1159, 4)	(236, 233, 238, 4)	(1295, 1293, -1, 1)	(2011, 2010, -1, 1)	(-1, -1, -1, 0)	(-1, -1, -1, 0)	(-1, -1, -1, 0)
102:	(1478, 1423, 1481, 4)	(677, 343, 683, 4)	(701, 580, 707, 4)	(1802, 1425, 1811, 4)	(365, 343, 368, 4)	(365, 344, 370, 4)	(1694, 1567, -1, 7)	(730, 725, 732, 4)	(730, 724, 731, 4)	(168, 167, -1, 1)	(162, 161, -1, 1)	(-1, -1, -1, 0)	(-1, -1, -1, 0)	(-1, -1, -1, 0)	(-1, -1, -1, 0)	(-1, -1, -1, 0)
103:	(1512, 1423, 1513, 4)	(678, 357, 686, 4)	(1547, 1425, 1552, 4)	(317, 234, 327, 4)	(1142, 1138, 1143, 4)	(1683, 1656, 1684, 4)	(-1, -1, 1695, 8)	(2211, 68, -1, 7)	(444, 443, -1, 1)	(1613, 1612, -1, 1)	(416, 414, -1, 1)	(-1, -1, -1, 0)	(-1, -1, -1, 0)	(-1, -1, -1, 0)	(-1, -1, -1, 0)	(-1, -1, -1, 0)
104:	(677, 344, 687, 4)	(1163, 1079, 1172, 4)	(78, 70, 82, 4)	(298, 297, -1, 1)	(300, 297, -1, 1)	(181, 179, -1, 1)	(182, 179, -1, 1)	(-1, -1, 2212, 8)	(397, 377, 400, 4)	(765, 764, 768, 4)	(387, 385, -1, 1)	(765, 763, 766, 4)	(-1, -1, -1, 0)	(-1, -1, -1, 0)	(-1, -1, -1, 0)	(-1, -1, -1, 0)
105:	(596, 584, 601, 4)	(1211, 1189, 1214, 4)	(1211, 1188, 1213, 4)	(1211, 1190, 1215, 4)	(2155, 2138, 2158, 4)	(853, 810, 854, 4)	(1912, 592, 1929, 4)	(242, 241, 243, 4)	(131, 130, -1, 1)	(1229, 1228, -1, 1)	(-1, -1, -1, 0)	(-1, -1, -1, 0)	(-1, -1, -1, 0)	(-1, -1, -1, 0)	(-1, -1, -1, 0)	(-1, -1, -1, 0)
106:	(1525, 1209, 1532, 4)	(1911, 579, 1920, 4)	(677, 342, 680, 4)	(674, 233, 676, 4)	(838, 818, 839, 4)	(180, 179, -1, 1)	(79, 74, 80, 4)	(989, 984, 991, 4)	(1294, 1293, -1, 1)	(158, 155, -1, 1)	(-1, -1, -1, 0)	(-1, -1, -1, 0)	(-1, -1, -1, 0)	(-1, -1, -1, 0)	(-1, -1, -1, 0)	(-1, -1, -1, 0)
107:	(1744, 1209, 1770, 4)	(359, 357, 363, 4)	(1212, 1209, 1216, 4)	(1207, 1206, -1, 1)	(366, 361, 367, 4)	(1208, 1206, -1, 1)	(1220, 1219, 1222, 4)	(445, 443, -1, 1)	(1108, 1106, 1109, 4)	(205, 204, -1, 1)	(147, 145, -1, 1)	(-1, -1, -1, 0)	(-1, -1, -1, 0)	(-1, -1, -1, 0)	(-1, -1, -1, 0)	(-1, -1, -1, 0)
108:	(674, 234, 683, 4)	(2211, 69, -1, 7)	(1724, 1188, 1725, 4)	(1935, 361, 1936, 4)	(1009, 1006, 1011, 4)	(2194, 89, 2203, 4)	(1088, 1087, 1089, 4)	(726, 724, 727, 4)	(712, 710, -1, 1)	(1036, 1031, 1037, 4)	(-1, -1, -1, 0)	(-1, -1, -1, 0)	(-1, -1, -1, 0)	(-1, -1, -1, 0)	(-1, -1, -1, 0)	(-1, -1, -1, 0)
109:	(1700, 1666, 1704, 4)	(-1, -1, 2213, 8)	(1673, 1664, 1674, 4)	(1673, 1665, 1675, 4)	(1673, 1666, 1676, 4)	(2031, 2011, 2034, 4)	(2101, 2011, 2105, 4)	(1144, 1143, -1, 1)	(1146, 1143, -1, 1)	(2160, 2141, 2166, 4)	(316, 227, 318, 4)	(1044, 1043, -1, 1)	(-1, -1, -1, 0)	(-1, -1, -1, 0)	(-1, -1, -1, 0)	(-1, -1, -1, 0)
110:	(1684, 1666, 1688, 4)	(1540, 1295, 1552, 4)	(72, 70, 75, 4)	(1684, 1664, 1685, 4)	(1145, 1143, -1, 1)	(1989, 210, 1998, 4)	(2183, 22, 2186, 4)	(1309, 1308, -1, 1)	(1310, 1308, -1, 1)	(1435, 1434, -1, 1)	(877, 876, -1, 1)	(-1, -1, -1, 0)	(-1, -1, -1, 0)	(-1, -1, -1, 0)	(-1, -1, -1, 0)	(-1, -1, -1, 0)
111:	(299, 297, -1, 1)	(1700, 1664, 1701, 4)	(854, 818, 855, 4)	(362, 360, -1, 1)	(2158, 2156, -1, 1)	(1154, 1135, 1158, 4)	(446, 444, 447, 4)	(378, 372, 379, 4)	(1264, 1255, 1265, 4)	(245, 243, -1, 1)	(-1, -1, -1, 0)	(-1, -1, -1, 0)	(-1, -1, -1, 0)	(-1, -1, -1, 0)	(-1, -1, -1, 0)	(-1, -1, -1, 0)
112:	(854, 820, 858, 4)	(690, 300, 706, 4)	(323, 300, 328, 4)	(190, 181, 192, 4)	(107, 105, -1, 1)	(81, 80, -1, 1)	(83, 80, -1, 1)	(2117, 1592, 2127, 4)	(2237, 25, 2246, 4)	(924, 923, -1, 1)	(2239, 45, 2244, 4)	(-1, -1, -1, 0)	(-1, -1, -1, 0)	(-1, -1, -1, 0)	(-1, -1, -1, 0)	(-1, -1, -1, 0)
113:	(2066, 182, 2071, 4)	(190, 182, 193, 4)	(184, 181, 186, 4)	(184, 182, 187, 4)	(2066, 181, 2068, 4)	(679, 361, 680, 4)	(270, 261, 273, 4)	(1699, 1657, 1702, 4)	(236, 234, 239, 4)	(1948, 523, 1949, 4)	(2114, 96, 2116, 4)	(-1, -1, -1, 0)	(-1, -1, -1, 0)	(-1, -1, -1, 0)	(-1, -1, -1, 0)	(-1, -1, -1, 0)
114:	(363, 360, -1, 1)	(370, 367, -1, 1)	(184, 180, 185, 4)	(190, 180, 191, 4)	(2241, 74, 2242, 4)	(1946, 516, 1968, 4)	(2075, 131, -1, 7)	(1110, 1109, -1, 1)	(2150, 2149, 2153, 4)	(1053, 1052, -1, 1)	(1038, 1037, -1, 1)	(-1, -1, -1, 0)	(-1, -1, -1, 0)	(-1, -1, -1, 0)	(-1, -1, -1, 0)	(-1, -1, -1, 0)
115:	(1525, 1208, 1529, 4)	(1744, 1208, 1766, 4)	(1212, 1208, 1214, 4)	(1212, 1207, 1213, 4)	(1525, 1207, 1526, 4)	(1744, 1207, 1745, 4)	(-1, -1, 2083, 8)	(2052, 205, 2053, 4)	(2066, 180, 2067, 4)	(2050, 201, 2058, 4)	(2087, 171, 2094, 4)	(1599, 1594, 1600, 4)	(-1, -1, -1, 0)	(-1, -1, -1, 0)	(-1, -1, -1, 0)	(-1, -1, -1, 0)
116:	(735, 712, 740, 4)	(75, 73, -1, 1)	(2098, 147, 2100, 4)	(309, 293, 312, 4)	(310, 300, 314, 4)	(322, 293, -1, 7)	(2096, 131, 2110, 4)	(719, 712, 721, 4)	(1373, 1371, 1376, 4)	(729, 727, -1, 1)	(-1, -1, -1, 0)	(-1, -1, -1, 0)	(-1, -1, -1, 0)	(-1, -1, -1, 0)	(-1, -1, -1, 0)	(-1, -1, -1, 0)
117:	(1536, 1146, 1552, 4)	(1169, 1146, 1174, 4)	(2226, 2154, 2229, 4)	(1913, 595, 1929, 4)	(1156, 1146, 1160, 4)	(-1, -1, 325, 8)	(756, 750, 759, 4)	(1536, 1144, 1538, 4)	(2049, 158, 2060, 4)	(93, 92, -1, 1)	(1869, 1867, -1, 1)	(-1, -1, -1, 0)	(-1, -1, -1, 0)	(-1, -1, -1, 0)	(-1, -1, -1, 0)	(-1, -1, -1, 0)
118:	(1347, 1310, 1354, 4)	(1169, 1145, 1172, 4)	(1444, 1435, 1447, 4)	(1682, 1628, 1686, 4)	(837, 811, 840, 4)	(1845, 1840, 1847, 4)	(1169, 1144, 1171, 4)	(1230, 1229, 1231, 4)	(1312, 1309, 1313, 4)	(2025, 2022, -1, 1)	(-1, -1, -1, 0)	(-1, -1, -1, 0)	(-1, -1, -1, 0)	(-1, -1, -1, 0)	(-1, -1, -1, 0)	(-1, -1, -1, 0)
119:	(679, 362, 683, 4)	(1935, 362, 1957, 4)	(1536, 1145, 1539, 4)	(1265, 1261, 1266, 4)	(366, 362, 368, 4)	(2206, 4, 2217, 4)	(1108, 1107, 1111, 4)	(246, 245, 248, 4)	(250, 245, 252, 4)	(1090, 1089, -1, 1)	(-1, -1, -1, 0)	(-1, -1, -1, 0)	(-1, -1, -1, 0)	(-1, -1, -1, 0)	(-1, -1, -1, 0)	(-1, -1, -1, 0)
120:	(2175, 81, 2178, 4)	(323, 299, 326, 4)	(690, 299, 693, 4)	(186, 185, -1, 1)	(187, 185, -1, 1)	(188, 185, -1, 1)	(2212, 74, 2213, 4)	(446, 445, 448, 4)	(854, 819, 856, 4)	(271, 264, 272, 4)	(215, 212, -1, 1)	(2153, 2151, -1, 1)	(-1, -1, -1, 0)	(-1, -1, -1, 0)	(-1, -1, -1, 0)	(-1, -1, -1, 0)
121:	(2242, 81, 2243, 4)	(2175, 83, 2182, 4)	(1214, 1213, -1, 1)	(1216, 1213, -1, 1)	(1938, 411, 1968, 4)	(1620, 1610, 1623, 4)	(2212, 76, 2219, 4)	(2168, 2158, 2172, 4)	(1621, 1613, 1622, 4)	(41, 39, -1, 1)	(-1, -1, -1, 0)	(-1, -1, -1, 0)	(-1, -1, -1, 0)	(-1, -1, -1, 0)	(-1, -1, -1, 0)	(-1, -1, -1, 0)
122:	(1738, 1038, -1, 7)	(680, 370, 687, 4)	(1215, 1213, -1, 1)	(1936, 370, 1969, 4)	(1155, 1139, 1158, 4)	(2075, 132, 2085, 4)	(310, 299, 313, 4)	(768, 766, -1, 1)	(728, 727, -1, 1)	(85, 84, -1, 1)	(-1, -1, -1, 0)	(-1, -1, -1, 0)	(-1, -1, -1, 0)	(-1, -1, -1, 0)	(-1, -1, -1, 0)	(-1, -1, -1, 0)
123:	(-1, -1, 1770, 8)	(679, 363, 686, 4)	(1602, 1596, 1605, 4)	(388, 387, 390, 4)	(271, 265, 273, 4)	(757, 752, 759, 4)	(1112, 1110, 1113, 4)	(767, 766, -1, 1)	(244, 243, -1, 1)	(236, 232, 237, 4)	(1601, 1600, -1, 1)	(1051, 1050, -1, 1)	(-1, -1, -1, 0)	(-1, -1, -1, 0)	(-1, -1, -1, 0)	(-1, -1, -1, 0)
124:	(863, 729, 869, 4)	(366, 363, 369, 4)	(1448, 1447, -1, 1)	(1449, 1447, -1, 1)	(1450, 1447, -1, 1)	(450, 445, 452, 4)	(1312, 1310, 1315, 4)	(1082, 1079, 1084, 4)	(1232, 1231, -1, 1)	(1082, 1078, 1083, 4)	(884, 883, -1, 1)	(-1, -1, -1, 0)	(-1, -1, -1, 0)	(-1, -1, -1, 0)	(-1, -1, -1, 0)	(-1, -1, -1, 0)
125:	(79, 75, 82, 4)	(2196, 93, 2197, 4)	(1910, 569, 1929, 4)	(2241, 75, 2245, 4)	(392, 387, 394, 4)	(154, 151, 156, 4)	(735, 711, 738, 4)	(1568, 1566, -1, 1)	(397, 376, 398, 4)	(17, 16, -1, 1)	(-1, -1, -1, 0)	(-1, -1, -1, 0)	(-1, -1, -1, 0)	(-1, -1, -1, 0)	(-1, -1, -1, 0)	(-1, -1, -1, 0)
126:	(2213, 81, 2214, 4)	(368, 367, -1, 1)	(310, 298, 312, 4)	(1156, 1145, 1159, 4)	(526, 520, 530, 4)	(2167, 107, 2171, 4)	(448, 447, -1, 1)	(450, 444, 451, 4)	(449, 447, -1, 1)	(1022, 1021, -1, 1)	(116, 115, -1, 1)	(-1, -1, -1, 0)	(-1, -1, -1, 0)	(-1, -1, -1, 0)	(-1, -1, -1, 0)	(-1, -1, -1, 0)
127:	(1950, 535, 1968, 4)	(2045, 109, 2058, 4)	(2210, 65, 2217, 4)	(1683, 1657, 1686, 4)	(1572, 1571, 1574, 4)	(1233, 1231, -1, 1)	(1883, 1864, 1884, 4)	(1899, 895, 1900, 4)	(-1, -1, -1, 0)	(-1, -1, -1, 0)	(-1, -1, -1, 0)	(-1, -1, -1, 0)	(-1, -1, -1, 0)	(-1, -1, -1, 0)	(-1, -1, -1, 0)	(-1, -1, -1, 0)
128:	(2067, 187, 2071, 4)	(2067, 188, 2072, 4)	(191, 188, 194, 4)	(1296, 1291, 1298, 4)	(266, 265, 268, 4)	(1700, 1665, 1702, 4)	(2134, 2133, -1, 1)	(1598, 1597, -1, 1)	(-1, -1, -1, 0)	(-1, -1, -1, 0)	(-1, -1, -1, 0)	(-1, -1, -1, 0)	(-1, -1, -1, 0)	(-1, -1, -1, 0)	(-1, -1, -1, 0)	(-1, -1, -1, 0)
129:	(1745, 1216, 1770, 4)	(1526, 1214, 1529, 4)	(1725, 1216, 1732, 4)	(1526, 1216, 1532, 4)	(1745, 1214, 1766, 4)	(191, 187, 193, 4)	(2053, 215, 2056, 4)	(2067, 186, 2068, 4)	(272, 269, 274, 4)	(1259, 1257, 1262, 4)	(899, 898, -1, 1)	(-1, -1, -1, 0)	(-1, -1, -1, 0)	(-1, -1, -1, 0)	(-1, -1, -1, 0)	(-1, -1, -1, 0)
130:	(1725, 1215, 1731, 4)	(1745, 1215, 1769, 4)	(1526, 1215, 1531, 4)	(1725, 1214, -1, 7)	(104, 85, 106, 4)	(1156, 1144, 1158, 4)	(2213, 83, 2219, 4)	(1314, 1313, -1, 1)	(1615, 1613, 1616, 4)	(2172, 2169, -1, 1)	(-1, -1, -1, 0)	(-1, -1, -1, 0)	(-1, -1, -1, 0)	(-1, -1, -1, 0)	(-1, -1, -1, 0)	(-1, -1, -1, 0)
131:	(191, 186, 192, 4)	(369, 367, -1, 1)	(2197, 103, 2200, 4)	(-1, -1, 1726, 8)	(82, 80, -1, 1)	(2222, 41, 2231, 4)	(1604, 1601, 1605, 4)	(1576, 1571, 1578, 4)	(1115, 1113, -1, 1)	(1163, 1078, 1164, 4)	(980, 979, -1, 1)	(-1, -1, -1, 0)	(-1, -1, -1, 0)	(-1, -1, -1, 0)	(-1, -1, -1, 0)	(-1, -1, -1, 0)
132:	(1805, 1449, 1813, 4)	(1464, 1449, 1470, 4)	(1464, 1450, 1471, 4)	(1464, 1448, 1467, 4)	(1805, 1448, 1806, 4)	(1805, 1450, 1815, 4)	(1761, 1450, 1772, 4)	(1746, 1251, 1748, 4)	(1220, 1218, 1221, 4)	(527, 523, 528, 4)	(1820, 918, 1821, 4)	(-1, -1, -1, 0)	(-1, -1, -1, 0)	(-1, -1, -1, 0)	(-1, -1, -1, 0)	(-1, -1, -1, 0)
133:	(1694, 1568, 1704, 4)	(2079, 187, 2082, 4)	(1911, 580, 1929, 4)	(2079, 188, 2083, 4)	(1611, 1610, 1614, 4)	(1684, 1665, 1686, 4)	(1234, 1232, 1235, 4)	(239, 237, -1, 1)	(2053, 213, 2054, 4)	(125, 122, -1, 1)	(-1, -1, -1, 0)	(-1, -1, -1, 0)	(-1, -1, -1, 0)	(-1, -1, -1, 0)	(-1, -1, -1, 0)	(-1, -1, -1, 0)
134:	(680, 368, 683, 4)	(-1, 368, -1, 5)	(1976, 368, 1977, 4)	(694, 449, 706, 4)	(2079, 186, 2080, 4)	(2226, 2153, 2228, 4)	(451, 449, 454, 4)	(1111, 1109, -1, 1)	(1540, 1294, 1541, 4)	(1084, 1083, -1, 1)	(1085, 1083, -1, 1)	(15, 13, 19, 4)	(-1, -1, -1, 0)	(-1, -1, -1, 0)	(-1, -1, -1, 0)	(-1, -1, -1, 0)
135:	(1761, 1449, 1770, 4)	(1936, -1, 1957, 6)	(1761, 1448, 1762, 4)	(1234, 1233, 1236, 4)	(1238, 1233, 1240, 4)	(731, 729, 734, 4)	(2183, 23, 2187, 4)	(451, 448, 452, 4)	(238, 237, -1, 1)	(2220, 26, 2236, 4)	(1013, 1011, -1, 1)	(-1, -1, -1, 0)	(-1, -1, -1, 0)	(-1, -1, -1, 0)	(-1, -1, -1, 0)	(-1, -1, -1, 0)
136:	(2159, 2134, 2163, 4)	(2176, 2134, 2177, 4)	(106, 105, -1, 1)	(968, 922, 976, 4)	(388, 386, 389, 4)	(268, 267, -1, 1)	(1373, 1369, 1374, 4)	(1841, 1838, 1842, 4)	(2135, 2133, -1, 1)	(156, 155, -1, 1)	(-1, -1, -1, 0)	(-1, -1, -1, 0)	(-1, -1, -1, 0)	(-1, -1, -1, 0)	(-1, -1, -1, 0)	(-1, -1, -1, 0)
137:	(1933, 352, 1968, 4)	(2056, 2042, 2058, 4)	(2211, 70, 2217, 4)	(1116, 1106, 1117, 4)	(769, 767, 770, 4)	(246, 244, 247, 4)	(1262, 1260, -1, 1)	(2171, 2169, -1, 1)	(197, 196, -1, 1)	(-1, -1, -1, 0)	(-1, -1, -1, 0)	(-1, -1, -1, 0)	(-1, -1, -1, 0)	(-1, -1, -1, 0)	(-1, -1, -1, 0)	(-1, -1, -1, 0)
138:	(1468, 1467, -1, 1)	(1469, 1467, -1, 1)	(1470, 1467, -1, 1)	(1471, 1467, -1, 1)	(1317, 1314, 1318, 4)	(775, 768, 777, 4)	(690, 298, 692, 4)	(769, 768, 771, 4)	(529, 528, -1, 1)	(919, 918, 921, 4)	(-1, -1, -1, 0)	(-1, -1, -1, 0)	(-1, -1, -1, 0)	(-1, -1, -1, 0)	(-1, -1, -1, 0)	(-1, -1, -1, 0)
139:	(1122, 1115, 1124, 4)	(1976, 369, 1984, 4)	(838, 819, 840, 4)	(527, 525, 530, 4)	(1238, 1232, 1239, 4)	(1223, 1221, -1, 1)	(1315, 1313, -1, 1)	(1614, 1612, -1, 1)	(714, 713, -1, 1)	(1757, 1369, 1758, 4)	(378, 373, 380, 4)	(-1, -1, -1, 0)	(-1, -1, -1, 0)	(-1, -1, -1, 0)	(-1, -1, -1, 0)	(-1, -1, -1, 0)
140:	(680, 369, 686, 4)	(2175, 82, 2180, 4)	(323, 298, 325, 4)	(1237, 1235, -1, 1)	(250, 244, 251, 4)	(694, 448, 695, 4)	(719, 711, 720, 4)	(1900, 897, 1901, 4)	(11, 9, -1, 1)	(2014, 2013, -1, 1)	(-1, -1, -1, 0)	(-1, -1, -1, 0)	(-1, -1, -1, 0)	(-1, -1, -1, 0)	(-1, -1, -1, 0)	(-1, -1, -1, 0)
141:	(2200, 2172, 2205, 4)	(2242, 82, 2245, 4)	(1296, 1290, 1297, 4)	(1236, 1235, -1, 1)	(775, 767, 776, 4)	(1091, 1089, -1, 1)	(454, 452, -1, 1)	(2187, 2185, -1, 1)	(982, 981, -1, 1)	(1049, 1047, -1, 1)	(123, 122, -1, 1)	(-1, -1, -1, 0)	(-1, -1, -1, 0)	(-1, -1, -1, 0)	(-1, -1, -1, 0)	(-1, -1, -1, 0)
142:	(1521, 1085, 1529, 4)	(1164, 1084, 1172, 4)	(1521, 1084, 1522, 4)	(1112, 1111, 1114, 4)	(2184, 45, 2186, 4)	(390, 389, -1, 1)	(391, 389, -1, 1)	(1375, 1374, -1, 1)	(1376, 1374, -1, 1)	(2062, 117, 2064, 4)	(2146, 2145, 2148, 4)	(-1, -1, -1, 0)	(-1, -1, -1, 0)	(-1, -1, -1, 0)	(-1, -1, -1, 0)	(-1, -1, -1, 0)
143:	(1164, 1085, 1173, 4)	(2054, 219, 2058, 4)	(2212, 75, 2217, 4)	(1603, 1598, 1605, 4)	(1618, 1616, -1, 1)	(248, 247, -1, 1)	(249, 247, -1, 1)	(2062, 116, 2063, 4)	(-1, -1, -1, 0)	(-1, -1, -1, 0)	(-1, -1, -1, 0)	(-1, -1, -1, 0)	(-1, -1, -1, 0)	(-1, -1, -1, 0)	(-1, -1, -1, 0)	(-1, -1, -1, 0)
144:	(2176, 2135, 2178, 4)	(1951, 541, 1968, 4)	(2159, 2135, 2164, 4)	(457, 456, 458, 4)	(453, 452, -1, 1)	(626, 523, 627, 4)	(731, 728, 732, 4)	(2113, 89, 2129, 4)	(1046, 1045, -1, 1)	(-1, -1, -1, 0)	(-1, -1, -1, 0)	(-1, -1, -1, 0)	(-1, -1, -1, 0)	(-1, -1, -1, 0)	(-1, -1, -1, 0)	(-1, -1, -1, 0)
145:	(1265, 1262, 1269, 4)	(216, 197, 218, 4)	(1117, 1111, 1119, 4)	(1224, 1218, 1225, 4)	(1117, 1110, 1118, 4)	(1843, 1842, -1, 1)	(1844, 1842, -1, 1)	(906, 902, 907, 4)	(33, 32, 35, 4)	(880, 879, -1, 1)	(28, 27, -1, 1)	(-1, -1, -1, 0)	(-1, -1, -1, 0)	(-1, -1, -1, 0)	(-1, -1, -1, 0)	(-1, -1, -1, 0)
146:	(1480, 1470, 1485, 4)	(1480, 1468, 1481, 4)	(1480, 1469, 1482, 4)	(1762, 1468, 1763, 4)	(1480, 1471, 1486, 4)	(1493, 1470, 1498, 4)	(1493, 1469, 1495, 4)	(1762, 1469, 1764, 4)	(1493, 1471, 1499, 4)	(1762, 1471, 1772, 4)	(1222, 1221, -1, 1)	(721, 720, -1, 1)	(1747, 1255, 1748, 4)	(722, 720, -1, 1)	(921, 920, -1, 1)	(-1, -1, -1, 0)
147:	(1949, 529, 1954, 4)	(1493, 1468, 1494, 4)	(1806, 1468, 1807, 4)	(1806, 1471, 1815, 4)	(736, 714, 740, 4)	(1317, 1315, 1320, 4)	(2200, 2171, -1, 7)	(530, 528, -1, 1)	(587, 582, 588, 4)	(1012, 1011, -1, 1)	(-1, -1, -1, 0)	(-1, -1, -1, 0)	(-1, -1, -1, 0)	(-1, -1, -1, 0)	(-1, -1, -1, 0)	(-1, -1, -1, 0)
148:	(1762, 1470, 1770, 4)	(1500, 1237, 1515, 4)	(1806, 1469, 1808, 4)	(1901, 900, 1903, 4)	(1239, 1237, 1242, 4)	(1938, 409, 1939, 4)	(-1, -1, 2203, 8)	(863, 728, 864, 4)	(1830, 980, 1831, 4)	(-1, -1, -1, 0)	(-1, -1, -1, 0)	(-1, -1, -1, 0)	(-1, -1, -1, 0)	(-1, -1, -1, 0)	(-1, -1, -1, 0)	(-1, -1, -1, 0)
149:	(1806, 1470, 1813, 4)	(695, 454, 706, 4)	(470, 454, 475, 4)	(2213, 82, 2217, 4)	(1096, 1091, 1098, 4)	(2047, 125, 2059, 4)	(1114, 1113, -1, 1)	(272, 268, 273, 4)	(-1, -1, -1, 0)	(-1, -1, -1, 0)	(-1, -1, -1, 0)	(-1, -1, -1, 0)	(-1, -1, -1, 0)	(-1, -1, -1, 0)	(-1, -1, -1, 0)	(-1, -1, -1, 0)
150:	(627, 529, 635, 4)	(654, 391, 669, 4)	(2063, 119, -1, 7)	(1948, 525, 1968, 4)	(1092, 1091, 1094, 4)	(459, 458, -1, 1)	(460, 458, -1, 1)	(392, 386, 393, 4)	(985, 982, 986, 4)	(-1, -1, -1, 0)	(-1, -1, -1, 0)	(-1, -1, -1, 0)	(-1, -1, -1, 0)	(-1, -1, -1, 0)	(-1, -1, -1, 0)	(-1, -1, -1, 0)
151:	(319, 249, 326, 4)	(1667, 1618, 1674, 4)	(-1, -1, 2071, 8)	(1243, 1223, 1246, 4)	(1615, 1614, 1617, 4)	(1622, 1618, 1624, 4)	(907, 904, 909, 4)	(276, 268, 277, 4)	(1092, 1090, 1093, 4)	(733, 732, -1, 1)	(19, 16, -1, 1)	(-1, -1, -1, 0)	(-1, -1, -1, 0)	(-1, -1, -1, 0)	(-1, -1, -1, 0)	(-1, -1, -1, 0)
152:	(1473, 1376, 1485, 4)	(1473, 1375, 1481, 4)	(1758, 1375, 1763, 4)	(470, 453, 472, 4)	(846, 714, 849, 4)	(218, 217, -1, 1)	(1500, 1236, 1501, 4)	(772, 770, -1, 1)	(112, 111, -1, 1)	(-1, -1, -1, 0)	(-1, -1, -1, 0)	(-1, -1, -1, 0)	(-1, -1, -1, 0)	(-1, -1, -1, 0)	(-1, -1, -1, 0)	(-1, -1, -1, 0)
153:	(43, 28, 46, 4)	(695, 453, 696, 4)	(1748, 1261, 1749, 4)	(1118, 1115, 1120, 4)	(1347, 1309, 1348, 4)	(1096, 1090, 1097, 4)	(2192, 17, -1, 7)	(1974, 338, 1985, 4)	(-1, -1, -1, 0)	(-1, -1, -1, 0)	(-1, -1, -1, 0)	(-1, -1, -1, 0)	(-1, -1, -1, 0)	(-1, -1, -1, 0)	(-1, -1, -1, 0)	(-1, -1, -1, 0)
154:	(1758, 1376, 1770, 4)	(738, 722, 741, 4)	(1939, 415, 1940, 4)	(968, 921, 975, 4)	(1621, 1614, 1623, 4)	(251, 248, 252, 4)	(-1, -1, 2193, 8)	(1225, 1223, 1227, 4)	(589, 588, -1, 1)	(2148, 2147, -1, 1)	(-1, -1, -1, 0)	(-1, -1, -1, 0)	(-1, -1, -1, 0)	(-1, -1, -1, 0)	(-1, -1, -1, 0)	(-1, -1, -1, 0)
155:	(627, 530, 640, 4)	(738, 721, 740, 4)	(2102, 2014, 2103, 4)	(1921, 1844, 1929, 4)	(2229, 2171, 2233, 4)	(1606, 1605, -1, 1)	(1607, 1605, -1, 1)	(1901, 899, 1902, 4)	(1035, 1034, -1, 1)	(-1, -1, -1, 0)	(-1, -1, -1, 0)	(-1, -1, -1, 0)	(-1, -1, -1, 0)	(-1, -1, -1, 0)	(-1, -1, -1, 0)	(-1, -1, -1, 0)
156:	(848, 722, 858, 4)	(393, 391, 396, 4)	(1297, 1295, 1300, 4)	(251, 249, 254, 4)	(393, 390, 394, 4)	(771, 770, -1, 1)	(1846, 1843, 1847, 4)	(319, 248, 320, 4)	(-1, -1, -1, 0)	(-1, -1, -1, 0)	(-1, -1, -1, 0)	(-1, -1, -1, 0)	(-1, -1, -1, 0)	(-1, -1, -1, 0)	(-1, -1, -1, 0)	(-1, -1, -1, 0)
157:	(848, 721, -1, 7)	(1846, 1844, 1849, 4)	(907, 905, 910, 4)	(2167, 106, 2170, 4)	(1094, 1093, -1, 1)	(1095, 1093, -1, 1)	(317, 232, 318, 4)	(674, 232, 675, 4)	(1055, 1051, 1056, 4)	(909, 908, -1, 1)	(-1, -1, -1, 0)	(-1, -1, -1, 0)	(-1, -1, -1, 0)	(-1, -1, -1, 0)	(-1, -1, -1, 0)	(-1, -1, -1, 0)
158:	(-1, -1, 849, 8)	(1482, 1481, -1, 1)	(1483, 1481, -1, 1)	(1484, 1481, -1, 1)	(1485, 1481, -1, 1)	(1486, 1481, -1, 1)	(1239, 1236, 1240, 4)	(1118, 1114, 1119, 4)	(1572, 1570, 1573, 4)	(2224, 2141, 2235, 4)	(211, 210, 214, 4)	(-1, -1, -1, 0)	(-1, -1, -1, 0)	(-1, -1, -1, 0)	(-1, -1, -1, 0)	(-1, -1, -1, 0)
159:	(1348, 1315, 1354, 4)	(1348, 1314, 1349, 4)	(864, 733, 865, 4)	(46, 44, -1, 1)	(2192, 19, 2204, 4)	(465, 459, 466, 4)	(987, 986, -1, 1)	(886, 885, -1, 1)	(1048, 1047, -1, 1)	(1831, 1022, 1832, 4)	(-1, -1, -1, 0)	(-1, -1, -1, 0)	(-1, -1, -1, 0)	(-1, -1, -1, 0)	(-1, -1, -1, 0)	(-1, -1, -1, 0)
160:	(821, 772, 828, 4)	(126, 112, 129, 4)	(2193, 23, 2203, 4)	(2038, 218, 2041, 4)	(461, 460, 463, 4)	(1576, 1570, 1577, 4)	(2164, 2163, -1, 1)	(203, 202, -1, 1)	(-1, -1, -1, 0)	(-1, -1, -1, 0)	(-1, -1, -1, 0)	(-1, -1, -1, 0)	(-1, -1, -1, 0)	(-1, -1, -1, 0)	(-1, -1, -1, 0)	(-1, -1, -1, 0)
161:	(1748, 1262, 1770, 4)	(739, 733, 740, 4)	(2103, 2025, 2106, 4)	(465, 460, 467, 4)	(1581, 1557, 1584, 4)	(734, 732, -1, 1)	(2047, 123, 2048, 4)	(-1, -1, -1, 0)	(-1, -1, -1, 0)	(-1, -1, -1, 0)	(-1, -1, -1, 0)	(-1, -1, -1, 0)	(-1, -1, -1, 0)	(-1, -1, -1, 0)	(-1, -1, -1, 0)	(-1, -1, -1, 0)
162:	(598, 589, 601, 4)	(1934, 357, 1968, 4)	(776, 772, 778, 4)	(1122, 1114, 1123, 4)	(274, 273, -1, 1)	(253, 252, -1, 1)	(1848, 1847, -1, 1)	(254, 252, -1, 1)	(275, 273, -1, 1)	(2207, 11, 2209, 4)	(-1, -1, -1, 0)	(-1, -1, -1, 0)	(-1, -1, -1, 0)	(-1, -1, -1, 0)	(-1, -1, -1, 0)	(-1, -1, -1, 0)
163:	(1780, 1607, 1789, 4)	(675, 239, 683, 4)	(318, 238, 326, 4)	(675, 238, 676, 4)	(1619, 1607, 1625, 4)	(1617, 1616, -1, 1)	(396, 394, -1, 1)	(988, 986, -1, 1)	(2197, 101, 2198, 4)	(1975, 344, 1985, 4)	(-1, -1, -1, 0)	(-1, -1, -1, 0)	(-1, -1, -1, 0)	(-1, -1, -1, 0)	(-1, -1, -1, 0)	(-1, -1, -1, 0)
164:	(318, 239, 327, 4)	(776, 771, 777, 4)	(1619, 1606, 1623, 4)	(1056, 1053, 1058, 4)	(461, 459, 462, 4)	(1241, 1240, -1, 1)	(1242, 1240, -1, 1)	(821, 771, 822, 4)	(1121, 1119, -1, 1)	(2116, 106, 2128, 4)	(2002, 2001, -1, 1)	(2100, 156, 2107, 4)	(-1, -1, -1, 0)	(-1, -1, -1, 0)	(-1, -1, -1, 0)	(-1, -1, -1, 0)
165:	(1165, 1095, 1172, 4)	(1056, 1054, 1059, 4)	(1297, 1294, 1298, 4)	(395, 394, -1, 1)	(1574, 1573, -1, 1)	(1921, 1843, 1922, 4)	(890, 880, 891, 4)	(1849, 1847, -1, 1)	(-1, -1, -1, 0)	(-1, -1, -1, 0)	(-1, -1, -1, 0)	(-1, -1, -1, 0)	(-1, -1, -1, 0)	(-1, -1, -1, 0)	(-1, -1, -1, 0)	(-1, -1, -1, 0)
166:	(1513, 1485, 1518, 4)	(1763, 1483, 1765, 4)	(1807, 1485, 1813, 4)	(1494, 1483, 1496, 4)	(1494, 1482, 1495, 4)	(1513, 1482, -1, 7)	(1763, 1482, 1764, 4)	(1807, 1483, 1809, 4)	(1807, 1482, 1808, 4)	(-1, 1484, -1, 5)	(1763, 1484, 1767, 4)	(1807, 1484, 1811, 4)	(129, 127, -1, 1)	(-1, 2042, -1, 5)	(925, 924, 926, 4)	(-1, -1, -1, 0)
167:	(1513, 1483, -1, 7)	(1548, 1483, 1550, 4)	(1548, 1485, 1554, 4)	(741, 740, -1, 1)	(743, 740, -1, 1)	(-1, -1, 1514, 8)	(418, 409, 419, 4)	(1120, 1119, -1, 1)	(1780, 1606, 1781, 4)	(1548, -1, 1552, 6)	(2008, 2007, -1, 1)	(-1, -1, -1, 0)	(-1, -1, -1, 0)	(2106, -1, 2108, 6)	(-1, -1, -1, 0)	(-1, -1, -1, 0)
168:	(-1, -1, 1515, 8)	(1513, 1484, 1517, 4)	(1494, 1484, 1497, 4)	(1513, 1486, 1519, 4)	(1494, 1486, 1499, 4)	(2177, 2164, 2178, 4)	(-1, 2164, -1, 5)	(1584, 1567, 1586, 4)	(1584, 1568, 1587, 4)	(1575, 1573, -1, 1)	(1224, 1219, 1226, 4)	(1886, 1884, -1, 1)	(-1, -1, -1, 0)	(-1, -1, -1, 0)	(-1, -1, -1, 0)	(-1, -1, -1, 0)
169:	(1737, 1035, 1770, 4)	(1807, 1486, 1815, 4)	(1763, 1486, 1772, 4)	(912, 909, 914, 4)	(990, 987, 991, 4)	(2170, 2169, -1, 1)	(2228, -1, 2230, 6)	(2150, 2148, 2152, 4)	(-1, -1, -1, 0)	(-1, -1, -1, 0)	(-1, -1, -1, 0)	(-1, -1, -1, 0)	(-1, -1, -1, 0)	(-1, -1, -1, 0)	(-1, -1, -1, 0)	(-1, -1, -1, 0)
170:	(864, 734, 869, 4)	(1494, 1485, 1498, 4)	(688, 275, 706, 4)	(277, 275, 281, 4)	(739, 734, 742, 4)	(688, 274, 689, 4)	(1097, 1095, 1100, 4)	(463, 462, -1, 1)	(2209, 23, 2216, 4)	(379, 376, 380, 4)	(-1, -1, -1, 0)	(-1, -1, -1, 0)	(-1, -1, -1, 0)	(-1, -1, -1, 0)	(-1, -1, -1, 0)	(-1, -1, -1, 0)
171:	(1548, 1482, 1549, 4)	(1548, 1486, 1555, 4)	(320, 254, 326, 4)	(277, 274, 278, 4)	(1935, 363, 1968, 4)	(255, 254, 257, 4)	(1667, 1617, 1668, 4)	(1850, 1848, 1851, 4)	(2009, 2007, -1, 1)	(-1, -1, -1, 0)	(-1, -1, -1, 0)	(-1, -1, -1, 0)	(-1, -1, -1, 0)	(-1, -1, -1, 0)	(-1, -1, -1, 0)	(-1, -1, -1, 0)
172:	(1123, 1121, 1127, 4)	(2198, 107, 2203, 4)	(1245, 1241, 1246, 4)	(399, 396, 402, 4)	(1245, 1242, 1248, 4)	(464, 462, -1, 1)	(1097, 1094, 1098, 4)	(2116, 107, 2129, 4)	(-1, -1, -1, 0)	(-1, -1, -1, 0)	(-1, -1, -1, 0)	(-1, -1, -1, 0)	(-1, -1, -1, 0)	(-1, -1, -1, 0)	(-1, -1, -1, 0)	(-1, -1, -1, 0)
173:	(1534, 1121, 1552, 4)	(419, 415, 420, 4)	(419, 416, 423, 4)	(1922, 1849, 1929, 4)	(1850, 1849, 1853, 4)	(2184, 46, 2188, 4)	(1299, 1298, -1, 1)	(1622, 1617, 1623, 4)	(1300, 1298, -1, 1)	(892, 891, -1, 1)	(-1, -1, -1, 0)	(-1, -1, -1, 0)	(-1, -1, -1, 0)	(-1, -1, -1, 0)	(-1, -1, -1, 0)	(-1, -1, -1, 0)
174:	(1501, 1242, 1515, 4)	(990, 988, 993, 4)	(654, 390, 655, 4)	(1922, 1848, 1923, 4)	(170, 169, -1, 1)	(2003, 2002, 2004, 4)	(54, 53, 55, 4)	(1887, 1836, 1888, 4)	(-1, -1, -1, 0)	(-1, -1, -1, 0)	(-1, -1, -1, 0)	(-1, -1, -1, 0)	(-1, -1, -1, 0)	(-1, -1, -1, 0)	(-1, -1, -1, 0)	(-1, -1, -1, 0)
175:	(1763, 1485, 1770, 4)	(849, 741, 858, 4)	(865, 743, 872, 4)	(865, 741, 868, 4)	(849, 743, 861, 4)	(1794, 988, 1815, 4)	(1534, 1120, 1535, 4)	(399, 395, 400, 4)	(910, 908, -1, 1)	(214, 212, -1, 1)	(-1, -1, -1, 0)	(-1, -1, -1, 0)	(-1, -1, -1, 0)	(-1, -1, -1, 0)	(-1, -1, -1, 0)	(-1, -1, -1, 0)
176:	(1709, 1575, 1715, 4)	(1979, 741, 1980, 4)	(2026, 2008, 2028, 4)	(1123, 1120, 1124, 4)	(153, 129, 157, 4)	(1709, 1574, 1710, 4)	(927, 926, -1, 1)	(2064, 129, 2070, 4)	(50, 49, -1, 1)	(-1, -1, -1, 0)	(-1, -1, -1, 0)	(-1, -1, -1, 0)	(-1, -1, -1, 0)	(-1, -1, -1, 0)	(-1, -1, -1, 0)	(-1, -1, -1, 0)
177:	(279, 278, -1, 1)	(280, 278, -1, 1)	(281, 278, -1, 1)	(742, 740, -1, 1)	(1960, 884, 1968, 4)	(2051, 203, 2058, 4)	(1577, 1575, 1580, 4)	(255, 253, 256, 4)	(1852, 1851, -1, 1)	(1058, 1057, -1, 1)	(1902, 909, 1905, 4)	(-1, -1, -1, 0)	(-1, -1, -1, 0)	(-1, -1, -1, 0)	(-1, -1, -1, 0)	(-1, -1, -1, 0)
178:	(466, 463, 467, 4)	(501, 463, 502, 4)	(1501, 1241, 1502, 4)	(1099, 1098, -1, 1)	(1165, 1094, 1166, 4)	(1100, 1098, -1, 1)	(992, 991, -1, 1)	(1794, 987, 1795, 4)	(2152, 2151, -1, 1)	(2049, 156, 2057, 4)	(-1, -1, -1, 0)	(-1, -1, -1, 0)	(-1, -1, -1, 0)	(-1, -1, -1, 0)	(-1, -1, -1, 0)	(-1, -1, -1, 0)
179:	(2026, 2009, 2029, 4)	(1624, 1623, -1, 1)	(320, 253, 321, 4)	(1039, 1029, 1040, 4)	(2188, 2185, -1, 1)	(2229, 2172, 2235, 4)	(2086, 168, 2094, 4)	(2114, 95, 2115, 4)	(2193, 22, 2202, 4)	(-1, -1, -1, 0)	(-1, -1, -1, 0)	(-1, -1, -1, 0)	(-1, -1, -1, 0)	(-1, -1, -1, 0)	(-1, -1, -1, 0)	(-1, -1, -1, 0)
180:	(655, 396, 669, 4)	(501, 464, 508, 4)	(1577, 1574, 1578, 4)	(1625, 1623, -1, 1)	(928, 926, -1, 1)	(993, 991, -1, 1)	(2006, 2004, -1, 1)	(91, 90, -1, 1)	(35, 34, -1, 1)	(36, 34, -1, 1)	(-1, -1, -1, 0)	(-1, -1, -1, 0)	(-1, -1, -1, 0)	(-1, -1, -1, 0)	(-1, -1, -1, 0)	(-1, -1, -1, 0)
181:	(1541, 1300, 1552, 4)	(1316, 1300, 1321, 4)	(1316, 1299, 1318, 4)	(911, 892, 913, 4)	(1853, 1851, -1, 1)	(1059, 1057, -1, 1)	(2231, 2187, 2233, 4)	(1888, 1878, 1890, 4)	(1866, 1864, 1870, 4)	(-1, -1, -1, 0)	(-1, -1, -1, 0)	(-1, -1, -1, 0)	(-1, -1, -1, 0)	(-1, -1, -1, 0)	(-1, -1, -1, 0)	(-1, -1, -1, 0)
182:	(1125, 1124, -1, 1)	(1126, 1124, -1, 1)	(1127, 1124, -1, 1)	(1963, 892, 1964, 4)	(1936, 369, -1, 7)	(893, 891, -1, 1)	(2005, 2004, -1, 1)	(138, 137, -1, 1)	(887, 882, 888, 4)	(-1, -1, -1, 0)	(-1, -1, -1, 0)	(-1, -1, -1, 0)	(-1, -1, -1, 0)	(-1, -1, -1, 0)	(-1, -1, -1, 0)	(-1, -1, -1, 0)
183:	(-1, 910, -1, 5)	(1541, 1299, 1542, 4)	(189, 170, 192, 4)	(2087, 170, 2088, 4)	(-1, -1, 1968, 8)	(2028, 2027, -1, 1)	(2161, 2145, 2162, 4)	(56, 55, -1, 1)	(2020, 2018, -1, 1)	(-1, -1, -1, 0)	(-1, -1, -1, 0)	(-1, -1, -1, 0)	(-1, -1, -1, 0)	(-1, -1, -1, 0)	(-1, -1, -1, 0)	(-1, -1, -1, 0)
184:	(1902, -1, 1906, 6)	(468, 467, -1, 1)	(655, 395, 656, 4)	(257, 256, -1, 1)	(258, 256, -1, 1)	(157, 155, -1, 1)	(2186, 2185, -1, 1)	(2229, 2170, 2232, 4)	(-1, -1, -1, 0)	(-1, -1, -1, 0)	(-1, -1, -1, 0)	(-1, -1, -1, 0)	(-1, -1, -1, 0)	(-1, -1, -1, 0)	(-1, -1, -1, 0)	(-1, -1, -1, 0)
185:	(849, 742, 859, 4)	(865, 742, 869, 4)	(301, 280, 303, 4)	(301, 279, 302, 4)	(306, 279, -1, 7)	(306, 281, 314, 4)	(306, 280, -1, 7)	(1854, 1852, 1855, 4)	(1987, 201, 2000, 4)	(-1, -1, -1, 0)	(-1, -1, -1, 0)	(-1, -1, -1, 0)	(-1, -1, -1, 0)	(-1, -1, -1, 0)	(-1, -1, -1, 0)	(-1, -1, -1, 0)
186:	(301, 281, 305, 4)	(2115, 98, 2127, 4)	(466, 464, 469, 4)	(1579, 1578, -1, 1)	(-1, -1, 311, 8)	(1580, 1578, -1, 1)	(-1, -1, 312, 8)	(2053, 214, 2055, 4)	(2239, 46, 2246, 4)	(-1, -1, -1, 0)	(-1, -1, -1, 0)	(-1, -1, -1, 0)	(-1, -1, -1, 0)	(-1, -1, -1, 0)	(-1, -1, -1, 0)	(-1, -1, -1, 0)
187:	(1979, 742, 1981, 4)	(689, 281, 706, 4)	(1166, 1100, 1172, 4)	(1668, 1624, 1674, 4)	(689, 279, 691, 4)	(1781, 1624, 1782, 4)	(2029, 2027, -1, 1)	(1042, 1040, -1, 1)	(2017, 2016, 2019, 4)	(-1, -1, -1, 0)	(-1, -1, -1, 0)	(-1, -1, -1, 0)	(-1, -1, -1, 0)	(-1, -1, -1, 0)	(-1, -1, -1, 0)	(-1, -1, -1, 0)
188:	(1781, 1625, 1789, 4)	(1795, 993, 1815, 4)	(1668, 1625, 1677, 4)	(1319, 1318, -1, 1)	(1320, 1318, -1, 1)	(1321, 1318, -1, 1)	(2195, 91, -1, 7)	(689, 280, 692, 4)	(994, 993, 997, 4)	(1166, 1099, 1167, 4)	(18, 16, -1, 1)	(2198, 106, 2202, 4)	(-1, -1, -1, 0)	(-1, -1, -1, 0)	(-1, -1, -1, 0)	(-1, -1, -1, 0)
189:	(193, 192, -1, 1)	(194, 192, -1, 1)	(195, 192, -1, 1)	(1949, 530, 1968, 4)	(1101, 1100, 1103, 4)	(2030, 2006, 2036, 4)	(-1, -1, 2203, 8)	(38, 36, 42, 4)	(889, 888, -1, 1)	(-1, -1, -1, 0)	(-1, -1, -1, 0)	(-1, -1, -1, 0)	(-1, -1, -1, 0)	(-1, -1, -1, 0)	(-1, -1, -1, 0)	(-1, -1, -1, 0)
190:	(1535, 1127, 1552, 4)	(1147, 1126, 1149, 4)	(1147, 1125, 1148, 4)	(1152, 1125, -1, 7)	(1535, 1125, 1537, 4)	(2089, 2005, 2090, 4)	(1152, 1126, -1, 7)	(1535, 1126, 1538, 4)	(2162, 2158, 2166, 4)	(-1, -1, -1, 0)	(-1, -1, -1, 0)	(-1, -1, -1, 0)	(-1, -1, -1, 0)	(-1, -1, -1, 0)	(-1, -1, -1, 0)	(-1, -1, -1, 0)
191:	(1147, 1127, 1151, 4)	(303, 302, -1, 1)	(304, 302, -1, 1)	(-1, -1, 1157, 8)	(1923, 1853, 1929, 4)	(941, 928, 945, 4)	(-1, -1, 1158, 8)	(929, 928, 932, 4)	(2226, 2152, 2227, 4)	(-1, -1, -1, 0)	(-1, -1, -1, 0)	(-1, -1, -1, 0)	(-1, -1, -1, 0)	(-1, -1, -1, 0)	(-1, -1, -1, 0)	(-1, -1, -1, 0)
192:	(2173, 56, 2178, 4)	(-1, 257, -1, 5)	(502, 468, 503, 4)	(305, 302, -1, 1)	(1152, 1127, 1160, 4)	(1061, 1059, 1065, 4)	(2162, 2157, 2165, 4)	(1990, 219, 2000, 4)	(1990, 218, 1999, 4)	(-1, -1, -1, 0)	(-1, -1, -1, 0)	(-1, -1, -1, 0)	(-1, -1, -1, 0)	(-1, -1, -1, 0)	(-1, -1, -1, 0)	(-1, -1, -1, 0)
193:	(321, 258, 329, 4)	(321, -1, 326, 6)	(471, 468, 472, 4)	(1675, 1674, -1, 1)	(1676, 1674, -1, 1)	(2030, 2005, 2034, 4)	(1856, 1855, -1, 1)	(1923, 1852, 1924, 4)	(1041, 1040, -1, 1)	(379, 377, 381, 4)	(-1, -1, -1, 0)	(-1, -1, -1, 0)	(-1, -1, -1, 0)	(-1, -1, -1, 0)	(-1, -1, -1, 0)	(-1, -1, -1, 0)
194:	(1710, 1580, 1715, 4)	(1585, 1580, 1588, 4)	(1585, 1579, 1586, 4)	(1710, 1579, 1711, 4)	(1677, 1674, -1, 1)	(1854, 1853, 1857, 4)	(1061, 1058, 1064, 4)	(1795, 992, 1796, 4)	(1243, 1222, 1244, 4)	(2200, 2170, -1, 7)	(-1, -1, -1, 0)	(-1, -1, -1, 0)	(-1, -1, -1, 0)	(-1, -1, -1, 0)	(-1, -1, -1, 0)	(-1, -1, -1, 0)
195:	(1739, 1042, 1770, 4)	(1971, 257, 1972, 4)	(1060, 1042, 1063, 4)	(2039, 2029, 2043, 4)	(2033, 2029, 2037, 4)	(2039, 2028, 2041, 4)	(994, 992, 995, 4)	(2089, 2006, 2094, 4)	(-1, -1, -1, 0)	(-1, -1, 2202, 8)	(-1, -1, -1, 0)	(-1, -1, -1, 0)	(-1, -1, -1, 0)	(-1, -1, -1, 0)	(-1, -1, -1, 0)	(-1, -1, -1, 0)
196:	(1349, 1320, 1354, 4)	(1542, 1320, 1545, 4)	(1326, 1320, 1330, 4)	(1326, 1319, 1328, 4)	(1349, 1319, -1, 7)	(1149, 1148, -1, 1)	(1150, 1148, -1, 1)	(2033, 2028, 2035, 4)	(929, 927, 930, 4)	(-1, -1, -1, 0)	(-1, -1, -1, 0)	(-1, -1, -1, 0)	(-1, -1, -1, 0)	(-1, -1, -1, 0)	(-1, -1, -1, 0)	(-1, -1, -1, 0)
197:	(1349, 1321, 1357, 4)	(1542, 1321, 1552, 4)	(1326, 1321, 1331, 4)	(2068, 193, 2071, 4)	(-1, -1, 1351, 8)	(2068, 194, 2072, 4)	(2068, 195, 2073, 4)	(1151, 1148, -1, 1)	(2088, 193, 2092, 4)	(2080, 195, 2084, 4)	(914, 913, -1, 1)	(-1, -1, -1, 0)	(-1, -1, -1, 0)	(-1, -1, -1, 0)	(-1, -1, -1, 0)	(-1, -1, -1, 0)
198:	(1542, 1319, -1, 7)	(2192, 18, 2201, 4)	(2080, 193, 2082, 4)	(911, 893, 916, 4)	(469, 467, -1, 1)	(1101, 1099, 1102, 4)	(2231, 2188, 2235, 4)	(2021, 2020, 2024, 4)	(586, 585, -1, 1)	(-1, -1, -1, 0)	(-1, -1, -1, 0)	(-1, -1, -1, 0)	(-1, -1, -1, 0)	(-1, -1, -1, 0)	(-1, -1, -1, 0)	(-1, -1, -1, 0)
199:	(-1, -1, 1543, 8)	(324, 304, 326, 4)	(691, 304, 693, 4)	(473, 472, -1, 1)	(475, 472, -1, 1)	(2048, 129, 2058, 4)	(2088, 194, 2093, 4)	(324, 303, 325, 4)	(691, 303, 692, 4)	(381, 380, -1, 1)	(1870, 1867, -1, 1)	(-1, -1, -1, 0)	(-1, -1, -1, 0)	(-1, -1, -1, 0)	(-1, -1, -1, 0)	(-1, -1, -1, 0)
200:	(691, 305, 706, 4)	(324, 305, 328, 4)	(1588, 1586, -1, 1)	(1589, 1586, -1, 1)	(311, 304, 313, 4)	(311, 305, 314, 4)	(311, 303, 312, 4)	(1857, 1855, -1, 1)	(2076, 138, 2077, 4)	(139, 138, 141, 4)	(-1, -1, -1, 0)	(-1, -1, -1, 0)	(-1, -1, -1, 0)	(-1, -1, -1, 0)	(-1, -1, -1, 0)	(-1, -1, -1, 0)
201:	(1701, 1676, 1704, 4)	(1685, 1676, 1688, 4)	(1587, 1586, -1, 1)	(1060, 1041, 1062, 4)	(2080, 194, 2083, 4)	(1685, 1675, 1686, 4)	(2100, 157, 2108, 4)	(10, 9, -1, 1)	(-1, -1, -1, 0)	(-1, -1, -1, 0)	(-1, -1, -1, 0)	(-1, -1, -1, 0)	(-1, -1, -1, 0)	(-1, -1, -1, 0)	(-1, -1, -1, 0)	(-1, -1, -1, 0)
202:	(1782, 1677, 1789, 4)	(1701, 1677, 1707, 4)	(1685, 1677, 1690, 4)	(1782, 1676, 1785, 4)	(1329, 1328, -1, 1)	(1330, 1328, -1, 1)	(2180, 2178, -1, 1)	(2182, 2178, -1, 1)	(2043, 2040, -1, 1)	(2088, 195, 2094, 4)	(42, 39, -1, 1)	(-1, -1, -1, 0)	(-1, -1, -1, 0)	(-1, -1, -1, 0)	(-1, -1, -1, 0)	(-1, -1, -1, 0)
203:	(1331, 1328, -1, 1)	(1739, 1041, 1740, 4)	(1924, 1856, 1925, 4)	(931, 930, -1, 1)	(941, 927, 942, 4)	(2036, 2034, -1, 1)	(2037, 2034, -1, 1)	(2041, 2040, -1, 1)	(2237, 26, 2247, 4)	(-1, -1, -1, 0)	(-1, -1, -1, 0)	(-1, -1, -1, 0)	(-1, -1, -1, 0)	(-1, -1, -1, 0)	(-1, -1, -1, 0)	(-1, -1, -1, 0)
204:	(1170, 1150, 1172, 4)	(1537, 1150, 1539, 4)	(1939, 416, 1968, 4)	(1157, 1150, 1159, 4)	(2201, 2188, 2205, 4)	(1103, 1102, -1, 1)	(1782, 1675, 1783, 4)	(932, 930, -1, 1)	(2024, 2022, -1, 1)	(2201, 2186, 2202, 4)	(-1, -1, -1, 0)	(-1, -1, -1, 0)	(-1, -1, -1, 0)	(-1, -1, -1, 0)	(-1, -1, -1, 0)	(-1, -1, -1, 0)
205:	(1537, 1151, 1552, 4)	(1170, 1151, 1174, 4)	(1157, 1151, 1160, 4)	(2201, 2187, 2203, 4)	(1157, 1149, 1158, 4)	(1537, 1149, 1538, 4)	(996, 995, -1, 1)	(916, 913, -1, 1)	(2165, 2163, -1, 1)	(2231, 2186, 2232, 4)	(-1, -1, -1, 0)	(-1, -1, -1, 0)	(-1, -1, -1, 0)	(-1, -1, -1, 0)	(-1, -1, -1, 0)	(-1, -1, -1, 0)
206:	(502, 469, 508, 4)	(471, 469, 474, 4)	(2077, 152, 2085, 4)	(912, 910, 915, 4)	(99, 98, 102, 4)	(753, 748, 754, 4)	(-1, -1, -1, 0)	(-1, -1, -1, 0)	(-1, -1, -1, 0)	(-1, -1, -1, 0)	(-1, -1, -1, 0)	(-1, -1, -1, 0)	(-1, -1, -1, 0)	(-1, -1, -1, 0)	(-1, -1, -1, 0)	(-1, -1, -1, 0)
207:	(503, 475, 511, 4)	(696, 475, 706, 4)	(480, 475, 485, 4)	(597, 586, 601, 4)	(398, 381, 400, 4)	(1063, 1062, -1, 1)	(1064, 1062, -1, 1)	(2166, 2163, -1, 1)	(1065, 1062, -1, 1)	(141, 140, -1, 1)	(1903, 914, 1905, 4)	(-1, -1, -1, 0)	(-1, -1, -1, 0)	(-1, -1, -1, 0)	(-1, -1, -1, 0)	(-1, -1, -1, 0)
208:	(1728, 1589, 1731, 4)	(1695, 1588, 1705, 4)	(1711, 1588, 1715, 4)	(1695, 1589, 1706, 4)	(1728, 1588, 1730, 4)	(1686, 1681, 1691, 4)	(1686, 1680, 1687, 4)	(696, 473, -1, 7)	(1701, 1675, 1702, 4)	(1964, 914, 1965, 4)	(-1, -1, -1, 0)	(-1, -1, -1, 0)	(-1, -1, -1, 0)	(-1, -1, -1, 0)	(-1, -1, -1, 0)	(-1, -1, -1, 0)
209:	(1711, 1589, 1716, 4)	(1711, 1587, 1714, 4)	(1728, 1587, 1729, 4)	(314, 312, -1, 1)	(1104, 1102, -1, 1)	(1925, 1859, 1926, 4)	(-1, -1, -1, 0)	(-1, -1, 697, 8)	(-1, -1, -1, 0)	(-1, -1, -1, 0)	(-1, -1, -1, 0)	(-1, -1, -1, 0)	(-1, -1, -1, 0)	(-1, -1, -1, 0)	(-1, -1, -1, 0)	(-1, -1, -1, 0)
210:	(1351, 1330, 1354, 4)	(1695, 1587, 1704, 4)	(1783, 1680, 1784, 4)	(1783, 1681, 1793, 4)	(480, 473, 482, 4)	(2214, 2180, 2217, 4)	(2230, 2180, 2234, 4)	(997, 995, -1, 1)	(-1, -1, -1, 0)	(-1, -1, -1, 0)	(-1, -1, -1, 0)	(-1, -1, -1, 0)	(-1, -1, -1, 0)	(-1, -1, -1, 0)	(-1, -1, -1, 0)	(-1, -1, -1, 0)
211:	(1351, 1331, 1357, 4)	(1333, 1330, 1335, 4)	(1333, 1331, 1336, 4)	(1333, 1329, 1334, 4)	(1351, 1329, 1352, 4)	(1924, 1857, 1929, 4)	(-1, 2182, -1, 5)	(942, 931, 943, 4)	(2207, 10, 2208, 4)	(2106, 2041, 2107, 4)	(-1, -1, -1, 0)	(-1, -1, -1, 0)	(-1, -1, -1, 0)	(-1, -1, -1, 0)	(-1, -1, -1, 0)	(-1, -1, -1, 0)
212:	(1543, 1330, 1545, 4)	(1543, 1331, 1552, 4)	(-1, 1103, -1, 5)	(474, 472, -1, 1)	(503, 473, -1, 7)	(1543, 1329, 1544, 4)	(2214, -1, 2219, 6)	(2049, 157, 2058, 4)	(2019, 2018, -1, 1)	(-1, -1, -1, 0)	(-1, -1, -1, 0)	(-1, -1, -1, 0)	(-1, -1, -1, 0)	(-1, -1, -1, 0)	(-1, -1, -1, 0)	(-1, -1, -1, 0)
213:	(2177, 2165, 2179, 4)	(1961, 886, 1968, 4)	(1167, -1, 1172, 6)	(942, 932, 945, 4)	(-1, -1, 505, 8)	(933, 932, 936, 4)	(1170, 1149, 1171, 4)	(1159, 1158, -1, 1)	(-1, -1, -1, 0)	(-1, -1, -1, 0)	(-1, -1, -1, 0)	(-1, -1, -1, 0)	(-1, -1, -1, 0)	(-1, -1, -1, 0)	(-1, -1, -1, 0)	(-1, -1, -1, 0)
214:	(1702, 1681, 1708, 4)	(1688, 1687, -1, 1)	(1702, 1680, 1703, 4)	(1689, 1687, -1, 1)	(1690, 1687, -1, 1)	(1691, 1687, -1, 1)	(1903, 916, 1907, 4)	(-1, 996, -1, 5)	(1890, 1889, -1, 1)	(-1, -1, -1, 0)	(-1, -1, -1, 0)	(-1, -1, -1, 0)	(-1, -1, -1, 0)	(-1, -1, -1, 0)	(-1, -1, -1, 0)	(-1, -1, -1, 0)
215:	(1740, 1063, 1770, 4)	(1740, 1064, 1771, 4)	(1740, 1065, 1773, 4)	(602, 601, -1, 1)	(603, 601, -1, 1)	(604, 601, -1, 1)	(401, 400, -1, 1)	(1796, -1, 1797, 6)	(402, 400, -1, 1)	(1871, 1857, 1875, 4)	(-1, -1, -1, 0)	(-1, -1, -1, 0)	(-1, -1, -1, 0)	(-1, -1, -1, 0)	(-1, -1, -1, 0)	(-1, -1, -1, 0)
216:	(2177, 2166, 2181, 4)	(483, 482, -1, 1)	(2056, 2043, 2060, 4)	(313, 312, -1, 1)	(1871, 1856, 1872, 4)	(915, 913, -1, 1)	(998, 996, 999, 4)	(2090, 2036, 2094, 4)	(-1, -1, -1, 0)	(-1, -1, -1, 0)	(-1, -1, -1, 0)	(-1, -1, -1, 0)	(-1, -1, -1, 0)	(-1, -1, -1, 0)	(-1, -1, -1, 0)	(-1, -1, -1, 0)
217:	(1720, 1104, 1731, 4)	(692, 314, 706, 4)	(325, 314, 328, 4)	(1167, 1104, 1175, 4)	(1337, 1334, -1, 1)	(2208, 13, 2217, 4)	(2035, 2034, -1, 1)	(102, 100, -1, 1)	(2241, 76, 2247, 4)	(-1, -1, -1, 0)	(-1, -1, -1, 0)	(-1, -1, -1, 0)	(-1, -1, -1, 0)	(-1, -1, -1, 0)	(-1, -1, -1, 0)	(-1, -1, -1, 0)
218:	(1796, 997, 1815, 4)	(1336, 1334, -1, 1)	(998, 997, 1001, 4)	(2227, 2158, 2235, 4)	(2090, 2037, 2095, 4)	(144, 141, 146, 4)	(-1, -1, -1, 0)	(-1, -1, -1, 0)	(-1, -1, -1, 0)	(-1, -1, -1, 0)	(-1, -1, -1, 0)	(-1, -1, -1, 0)	(-1, -1, -1, 0)	(-1, -1, -1, 0)	(-1, -1, -1, 0)	(-1, -1, -1, 0)
219:	(1335, 1334, -1, 1)	(485, 482, -1, 1)	(1963, 893, 1968, 4)	(1160, 1158, -1, 1)	(1976, 370, 1985, 4)	(-1, -1, -1, 0)	(-1, -1, -1, 0)	(-1, -1, -1, 0)	(-1, -1, -1, 0)	(-1, -1, -1, 0)	(-1, -1, -1, 0)	(-1, -1, -1, 0)	(-1, -1, -1, 0)	(-1, -1, -1, 0)	(-1, -1, -1, 0)	(-1, -1, -1, 0)
220:	(503, 474, 508, 4)	(696, 474, 699, 4)	(480, 474, 484, 4)	(2179, 2178, -1, 1)	(144, 142, 148, 4)	(1225, 1222, 1226, 4)	(755, 754, -1, 1)	(2209, 22, 2215, 4)	(-1, -1, -1, 0)	(-1, -1, -1, 0)	(-1, -1, -1, 0)	(-1, -1, -1, 0)	(-1, -1, -1, 0)	(-1, -1, -1, 0)	(-1, -1, -1, 0)	(-1, -1, -1, 0)
221:	(1171, 1159, 1172, 4)	(1538, 1159, 1539, 4)	(1720, 1103, 1721, 4)	(2230, 2182, 2236, 4)	(2096, 132, 2112, 4)	(2077, 151, 2081, 4)	(-1, -1, -1, 0)	(-1, -1, -1, 0)	(-1, -1, -1, 0)	(-1, -1, -1, 0)	(-1, -1, -1, 0)	(-1, -1, -1, 0)	(-1, -1, -1, 0)	(-1, -1, -1, 0)	(-1, -1, -1, 0)	(-1, -1, -1, 0)
222:	(1784, 1690, 1789, 4)	(2118, 1690, 2123, 4)	(1713, 1690, 1718, 4)	(1713, 1691, 1719, 4)	(1703, 1689, 1705, 4)	(1703, 1691, 1708, 4)	(2118, 1689, 2120, 4)	(1784, 1691, 1793, 4)	(2181, 2178, -1, 1)	(2118, 1691, 2127, 4)	(1872, 1860, 1874, 4)	(-1, -1, -1, 0)	(-1, -1, -1, 0)	(-1, -1, -1, 0)	(-1, -1, -1, 0)	(-1, -1, -1, 0)
223:	(656, 402, 669, 4)	(618, 604, 625, 4)	(1703, 1690, 1707, 4)	(1703, 1688, 1704, 4)	(-1, 1688, -1, 5)	(417, 402, 422, 4)	(1952, 603, 1967, 4)	(2243, 2180, 2245, 4)	(-1, -1, -1, 0)	(-1, -1, -1, 0)	(-1, -1, -1, 0)	(-1, -1, -1, 0)	(-1, -1, -1, 0)	(-1, -1, -1, 0)	(-1, -1, -1, 0)	(-1, -1, -1, 0)
224:	(618, 603, 624, 4)	(618, 602, 621, 4)	(-1, 602, -1, 5)	(1952, 602, 1953, 4)	(1784, -1, 1785, 6)	(1903, 915, 1906, 4)	(1964, 915, 1966, 4)	(487, 483, 488, 4)	(-1, -1, -1, 0)	(-1, -1, -1, 0)	(-1, -1, -1, 0)	(-1, -1, -1, 0)	(-1, -1, -1, 0)	(-1, -1, -1, 0)	(-1, -1, -1, 0)	(-1, -1, -1, 0)
225:	(-1, 1337, -1, 5)	(1352, 1337, 1358, 4)	(1914, -1, 1915, 6)	(1713, 1688, 1714, 4)	(2118, 1688, 2119, 4)	(1914, 604, 1930, 4)	(1775, 1044, 1776, 4)	(-1, -1, -1, 0)	(-1, -1, -1, 0)	(-1, -1, -1, 0)	(-1, -1, -1, 0)	(-1, -1, -1, 0)	(-1, -1, -1, 0)	(-1, -1, -1, 0)	(-1, -1, -1, 0)	(-1, -1, -1, 0)
226:	(1753, -1, 1770, 6)	(1352, 1336, 1357, 4)	(1753, 1336, 1767, 4)	(417, 401, 420, 4)	(656, 401, -1, 7)	(1914, 603, 1929, 4)	(933, 931, 934, 4)	(-1, -1, -1, 0)	(-1, -1, -1, 0)	(-1, -1, -1, 0)	(-1, -1, -1, 0)	(-1, -1, -1, 0)	(-1, -1, -1, 0)	(-1, -1, -1, 0)	(-1, -1, -1, 0)	(-1, -1, -1, 0)
227:	(505, 485, 511, 4)	(1352, 1335, 1354, 4)	(484, 482, -1, 1)	(505, 483, 506, 4)	(-1, -1, 657, 8)	(1173, 1172, -1, 1)	(1001, 999, -1, 1)	(2227, 2157, 2232, 4)	(1010, 1008, 1014, 4)	(-1, -1, -1, 0)	(-1, -1, -1, 0)	(-1, -1, -1, 0)	(-1, -1, -1, 0)	(-1, -1, -1, 0)	(-1, -1, -1, 0)	(-1, -1, -1, 0)
228:	(1713, 1689, 1715, 4)	(1784, 1689, 1786, 4)	(1544, 1335, 1545, 4)	(487, 485, 490, 4)	(2228, 2166, 2235, 4)	(2101, 2012, 2112, 4)	(-1, -1, -1, 0)	(-1, -1, -1, 0)	(-1, -1, -1, 0)	(-1, -1, -1, 0)	(-1, -1, -1, 0)	(-1, -1, -1, 0)	(-1, -1, -1, 0)	(-1, -1, -1, 0)	(-1, -1, -1, 0)	(-1, -1, -1, 0)
229:	(1753, 1335, 1754, 4)	(1705, 1704, -1, 1)	(1706, 1704, -1, 1)	(1707, 1704, -1, 1)	(1708, 1704, -1, 1)	(1872, 1859, 1873, 4)	(1979, 743, 1985, 4)	(-1, -1, -1, 0)	(-1, -1, -1, 0)	(-1, -1, -1, 0)	(-1, -1, -1, 0)	(-1, -1, -1, 0)	(-1, -1, -1, 0)	(-1, -1, -1, 0)	(-1, -1, -1, 0)	(-1, -1, -1, 0)
230:	(622, 621, -1, 1)	(623, 621, -1, 1)	(624, 621, -1, 1)	(625, 621, -1, 1)	(697, 485, 706, 4)	(1171, 1160, 1174, 4)	(697, 483, 698, 4)	(1175, 1172, -1, 1)	(1227, 1226, -1, 1)	(-1, -1, -1, 0)	(-1, -1, -1, 0)	(-1, -1, -1, 0)	(-1, -1, -1, 0)	(-1, -1, -1, 0)	(-1, -1, -1, 0)	(-1, -1, -1, 0)
231:	(1544, 1336, 1552, 4)	(1544, 1337, 1554, 4)	(758, 755, 759, 4)	(2222, 42, 2236, 4)	(2021, 2019, 2023, 4)	(148, 145, -1, 1)	(-1, -1, -1, 0)	(-1, -1, -1, 0)	(-1, -1, -1, 0)	(-1, -1, -1, 0)	(-1, -1, -1, 0)	(-1, -1, -1, 0)	(-1, -1, -1, 0)	(-1, -1, -1, 0)	(-1, -1, -1, 0)	(-1, -1, -1, 0)
232:	(421, 420, -1, 1)	(422, 420, -1, 1)	(491, 488, -1, 1)	(423, 420, -1, 1)	(692, 313, 693, 4)	(146, 145, -1, 1)	(-1, 2179, -1, 5)	(-1, -1, -1, 0)	(-1, -1, -1, 0)	(-1, -1, -1, 0)	(-1, -1, -1, 0)	(-1, -1, -1, 0)	(-1, -1, -1, 0)	(-1, -1, -1, 0)	(-1, -1, -1, 0)	(-1, -1, -1, 0)
233:	(1355, 1354, -1, 1)	(1356, 1354, -1, 1)	(1357, 1354, -1, 1)	(1358, 1354, -1, 1)	(325, 313, 326, 4)	(1776, 1046, 1777, 4)	(2243, -1, 2244, 6)	(1000, 999, -1, 1)	(2228, 2165, 2232, 4)	(-1, -1, -1, 0)	(-1, -1, -1, 0)	(-1, -1, -1, 0)	(-1, -1, -1, 0)	(-1, -1, -1, 0)	(-1, -1, -1, 0)	(-1, -1, -1, 0)
234:	(490, 488, -1, 1)	(935, 934, -1, 1)	(2230, 2181, 2235, 4)	(2100, 158, 2112, 4)	(1904, 1890, 1905, 4)	(-1, -1, -1, 0)	(-1, -1, -1, 0)	(-1, -1, -1, 0)	(-1, -1, -1, 0)	(-1, -1, -1, 0)	(-1, -1, -1, 0)	(-1, -1, -1, 0)	(-1, -1, -1, 0)	(-1, -1, -1, 0)	(-1, -1, -1, 0)	(-1, -1, -1, 0)
235:	(1522, 1173, 1529, 4)	(1539, 1173, 1551, 4)	(1797, 1001, 1815, 4)	(936, 934, -1, 1)	(1971, 258, 1985, 4)	(-1, -1, -1, 0)	(-1, -1, -1, 0)	(-1, -1, -1, 0)	(-1, -1, -1, 0)	(-1, -1, -1, 0)	(-1, -1, -1, 0)	(-1, -1, -1, 0)	(-1, -1, -1, 0)	(-1, -1, -1, 0)	(-1, -1, -1, 0)	(-1, -1, -1, 0)
236:	(505, 484, 508, 4)	(487, 484, 489, 4)	(1174, 1172, -1, 1)	(2197, 102, 2199, 4)	(1875, 1873, -1, 1)	(1874, 1873, -1, 1)	(-1, -1, -1, 0)	(-1, -1, -1, 0)	(-1, -1, -1, 0)	(-1, -1, -1, 0)	(-1, -1, -1, 0)	(-1, -1, -1, 0)	(-1, -1, -1, 0)	(-1, -1, -1, 0)	(-1, -1, -1, 0)	(-1, -1, -1, 0)
237:	(1785, 1707, 1789, 4)	(1729, 1706, 1731, 4)	(2119, 1707, -1, 7)	(1729, 1707, 1733, 4)	(1714, 1706, 1716, 4)	(1714, 1707, 1718, 4)	(1785, 1706, 1787, 4)	(1714, 1708, 1719, 4)	(2119, 1706, 2121, 4)	(1538, 1160, 1552, 4)	(2119, 1708, 2127, 4)	(-1, -1, -1, 0)	(-1, -1, -1, 0)	(-1, -1, -1, 0)	(-1, -1, -1, 0)	(-1, -1, -1, 0)
238:	(634, 623, 636, 4)	(634, 624, 639, 4)	(-1, -1, 2123, 8)	(634, 625, 640, 4)	(634, 622, 635, 4)	(647, 622, 648, 4)	(1953, 622, 1954, 4)	(647, 625, 653, 4)	(647, 623, 649, 4)	(647, 624, 652, 4)	(1953, 623, 1955, 4)	(1721, 1173, 1726, 4)	(2214, 2181, 2218, 4)	(760, 759, -1, 1)	(1014, 1011, -1, 1)	(-1, -1, -1, 0)
239:	(1915, 622, 1916, 4)	(1729, 1708, 1735, 4)	(1915, 623, 1917, 4)	(1714, 1705, 1715, 4)	(1729, 1705, 1730, 4)	(1785, 1705, 1786, 4)	(1539, 1175, 1553, 4)	(328, 326, -1, 1)	(2064, 128, 2069, 4)	(-1, -1, -1, 0)	(-1, -1, -1, 0)	(-1, -1, -1, 0)	(-1, -1, -1, 0)	(-1, -1, -1, 0)	(-1, -1, -1, 0)	(-1, -1, -1, 0)
240:	(657, 423, 673, 4)	(657, 422, 669, 4)	(1940, 422, 1956, 4)	(506, 491, 512, 4)	(1522, 1175, 1531, 4)	(428, 422, 432, 4)	(428, 421, 430, 4)	(-1, -1, -1, 0)	(-1, -1, -1, 0)	(-1, -1, -1, 0)	(-1, -1, -1, 0)	(-1, -1, -1, 0)	(-1, -1, -1, 0)	(-1, -1, -1, 0)	(-1, -1, -1, 0)	(-1, -1, -1, 0)
241:	(1754, 1358, 1770, 4)	(1508, 1356, 1515, 4)	(1508, 1358, -1, 7)	(1754, 1356, 1765, 4)	(1508, 1357, -1, 7)	(1489, 1356, 1496, 4)	(1489, 1357, 1497, 4)	(1545, 1358, 1554, 4)	(1754, 1357, 1767, 4)	(1953, 624, 1967, 4)	(-1, -1, -1, 0)	(-1, -1, -1, 0)	(-1, -1, -1, 0)	(-1, -1, -1, 0)	(-1, -1, -1, 0)	(-1, -1, -1, 0)
242:	(506, 490, 511, 4)	(697, 484, 699, 4)	(-1, -1, 1518, 8)	(1489, 1355, 1495, 4)	(-1, -1, 1517, 8)	(2119, 1705, 2120, 4)	(1944, 490, 1958, 4)	(1940, 421, 1942, 4)	(-1, 146, -1, 5)	(-1, -1, -1, 0)	(-1, -1, -1, 0)	(-1, -1, -1, 0)	(-1, -1, -1, 0)	(-1, -1, -1, 0)	(-1, -1, -1, 0)	(-1, -1, -1, 0)
243:	(1721, 1175, 1731, 4)	(1545, 1356, 1550, 4)	(1508, 1355, 1514, 4)	(1545, 1355, 1549, 4)	(327, 326, -1, 1)	(943, 936, 945, 4)	(2098, 148, 2110, 4)	(2106, 2043, 2112, 4)	(2098, -1, 2099, 6)	(-1, -1, -1, 0)	(-1, -1, -1, 0)	(-1, -1, -1, 0)	(-1, -1, -1, 0)	(-1, -1, -1, 0)	(-1, -1, -1, 0)	(-1, -1, -1, 0)
244:	(636, 635, -1, 1)	(637, 635, -1, 1)	(638, 635, -1, 1)	(639, 635, -1, 1)	(640, 635, -1, 1)	(1522, 1174, 1530, 4)	(1545, 1357, 1552, 4)	(1785, 1708, 1793, 4)	(1015, 1000, 1016, 4)	(1797, 1000, 1798, 4)	(2242, 83, 2247, 4)	(-1, -1, -1, 0)	(-1, -1, -1, 0)	(-1, -1, -1, 0)	(-1, -1, -1, 0)	(-1, -1, -1, 0)
245:	(1489, 1358, 1498, 4)	(1716, 1715, -1, 1)	(1717, 1715, -1, 1)	(1718, 1715, -1, 1)	(1719, 1715, -1, 1)	(489, 488, -1, 1)	(1962, 889, 1968, 4)	(1244, 1227, 1246, 4)	(2243, 2181, 2246, 4)	(-1, -1, -1, 0)	(-1, -1, -1, 0)	(-1, -1, -1, 0)	(-1, -1, -1, 0)	(-1, -1, -1, 0)	(-1, -1, -1, 0)	(-1, -1, -1, 0)
246:	(1754, 1355, 1764, 4)	(428, 423, 433, 4)	(431, 430, -1, 1)	(432, 430, -1, 1)	(329, 326, -1, 1)	(2103, 2024, 2105, 4)	(2230, 2179, 2232, 4)	(-1, -1, -1, 0)	(-1, -1, -1, 0)	(-1, -1, -1, 0)	(-1, -1, -1, 0)	(-1, -1, -1, 0)	(-1, -1, -1, 0)	(-1, -1, -1, 0)	(-1, -1, -1, 0)	(-1, -1, -1, 0)
247:	(676, 328, 684, 4)	(698, 490, 706, 4)	(1721, 1174, 1727, 4)	(657, 421, 658, 4)	(943, 935, 944, 4)	(1015, 1001, 1019, 4)	(-1, -1, -1, 0)	(-1, -1, -1, 0)	(-1, -1, -1, 0)	(-1, -1, -1, 0)	(-1, -1, -1, 0)	(-1, -1, -1, 0)	(-1, -1, -1, 0)	(-1, -1, -1, 0)	(-1, -1, -1, 0)	(-1, -1, -1, 0)
248:	(1496, 1495, -1, 1)	(1497, 1495, -1, 1)	(1499, 1495, -1, 1)	(698, 491, 708, 4)	(937, 935, 938, 4)	(38, 35, 40, 4)	(-1, -1, -1, 0)	(-1, -1, -1, 0)	(-1, -1, -1, 0)	(-1, -1, -1, 0)	(-1, -1, -1, 0)	(-1, -1, -1, 0)	(-1, -1, -1, 0)	(-1, -1, -1, 0)	(-1, -1, -1, 0)	(-1, -1, -1, 0)
249:	(1972, 328, 1978, 4)	(1777, 1049, 1779, 4)	(1915, 624, 1929, 4)	(1892, 760, 1893, 4)	(2023, 2022, -1, 1)	(-1, -1, -1, 0)	(-1, -1, -1, 0)	(-1, -1, -1, 0)	(-1, -1, -1, 0)	(-1, -1, -1, 0)	(-1, -1, -1, 0)	(-1, -1, -1, 0)	(-1, -1, -1, 0)	(-1, -1, -1, 0)	(-1, -1, -1, 0)	(-1, -1, -1, 0)
250:	(1539, 1174, 1552, 4)	(1915, 625, 1930, 4)	(937, 936, 939, 4)	(761, 759, -1, 1)	(1016, 1004, 1018, 4)	(1925, 1860, 1927, 4)	(-1, -1, -1, 0)	(-1, -1, -1, 0)	(-1, -1, -1, 0)	(-1, -1, -1, 0)	(-1, -1, -1, 0)	(-1, -1, -1, 0)	(-1, -1, -1, 0)	(-1, -1, -1, 0)	(-1, -1, -1, 0)	(-1, -1, -1, 0)
251:	(676, 327, 683, 4)	(693, 327, 705, 4)	(1498, 1495, -1, 1)	(1972, 327, 1977, 4)	(1247, 1246, -1, 1)	(773, 760, 777, 4)	(1248, 1246, -1, 1)	(1798, 1004, 1800, 4)	(-1, -1, -1, 0)	(-1, -1, -1, 0)	(-1, -1, -1, 0)	(-1, -1, -1, 0)	(-1, -1, -1, 0)	(-1, -1, -1, 0)	(-1, -1, -1, 0)	(-1, -1, -1, 0)
252:	(667, 640, 673, 4)	(667, 637, -1, 7)	(1954, 637, 1956, 4)	(667, 638, 671, 4)	(648, 637, 650, 4)	(648, 638, 651, 4)	(648, 640, 653, 4)	(648, 636, 649, 4)	(667, 636, -1, 7)	(1954, 636, 1955, 4)	(1954, 638, 1958, 4)	(433, 430, -1, 1)	(1964, 916, 1968, 4)	(-1, -1, -1, 0)	(-1, -1, -1, 0)	(-1, -1, -1, 0)
253:	(1768, 1717, 1770, 4)	(-1, -1, 669, 8)	(1730, 1717, 1732, 4)	(1730, 1716, 1731, 4)	(1768, 1716, 1769, 4)	(1730, 1718, 1733, 4)	(1730, 1719, 1735, 4)	(1786, 1716, 1787, 4)	(-1, -1, 668, 8)	(1786, 1719, 1793, 4)	(1768, 1718, 1771, 4)	(1768, 1719, 1774, 4)	(1777, 1048, 1778, 4)	(-1, -1, -1, 0)	(-1, -1, -1, 0)	(-1, -1, -1, 0)
254:	(1786, 1718, 1789, 4)	(667, 639, 672, 4)	(1786, 1717, 1788, 4)	(2120, 1718, 2123, 4)	(676, 329, 687, 4)	(2120, 1717, 2122, 4)	(702, 639, 707, 4)	(1972, 329, 1985, 4)	(-1, -1, -1, 0)	(-1, -1, -1, 0)	(-1, -1, -1, 0)	(-1, -1, -1, 0)	(-1, -1, -1, 0)	(-1, -1, -1, 0)	(-1, -1, -1, 0)	(-1, -1, -1, 0)
255:	(702, 637, 704, 4)	(702, 636, 703, 4)	(698, 489, 699, 4)	(1944, 489, 1945, 4)	(-1, 636, -1, 5)	(693, 328, 706, 4)	(435, 431, 436, 4)	(1942, 431, 1943, 4)	(1798, 1003, 1799, 4)	(940, 938, -1, 1)	(-1, -1, -1, 0)	(-1, -1, -1, 0)	(-1, -1, -1, 0)	(-1, -1, -1, 0)	(-1, -1, -1, 0)	(-1, -1, -1, 0)
256:	(1514, 1496, 1515, 4)	(1764, 1496, 1765, 4)	(1514, 1497, 1517, 4)	(648, 639, 652, 4)	(1916, -1, 1917, 6)	(1514, 1499, 1519, 4)	(1808, 1496, 1809, 4)	(1808, 1499, 1815, 4)	(1916, 638, 1920, 4)	(1764, 1497, 1767, 4)	(1808, 1497, 1811, 4)	(2054, 218, 2057, 4)	(-1, -1, -1, 0)	(-1, -1, -1, 0)	(-1, -1, -1, 0)	(-1, -1, -1, 0)
257:	(1916, 637, 1918, 4)	(1549, 1496, 1550, 4)	(2120, 1716, 2121, 4)	(1549, 1499, 1555, 4)	(1549, 1497, 1552, 4)	(1916, 640, 1930, 4)	(1954, 639, 1967, 4)	(1926, 1874, 1927, 4)	(-1, -1, -1, 0)	(-1, -1, -1, 0)	(-1, -1, -1, 0)	(-1, -1, -1, 0)	(-1, -1, -1, 0)	(-1, -1, -1, 0)	(-1, -1, -1, 0)	(-1, -1, -1, 0)
258:	(1942, 432, 1956, 4)	(506, 489, 508, 4)	(435, 432, 437, 4)	(2120, 1719, 2127, 4)	(773, 761, 779, 4)	(2243, 2182, 2247, 4)	(-1, -1, -1, 0)	(-1, -1, -1, 0)	(-1, -1, -1, 0)	(-1, -1, -1, 0)	(-1, -1, -1, 0)	(-1, -1, -1, 0)	(-1, -1, -1, 0)	(-1, -1, -1, 0)	(-1, -1, -1, 0)	(-1, -1, -1, 0)
259:	(1764, 1498, 1770, 4)	(1808, 1498, 1813, 4)	(1764, 1499, 1772, 4)	(1549, 1498, 1554, 4)	(1779, 1065, 1791, 4)	(1263, 1248, 1268, 4)	(1016, 1003, 1017, 4)	(40, 39, -1, 1)	(-1, -1, -1, 0)	(-1, -1, -1, 0)	(-1, -1, -1, 0)	(-1, -1, -1, 0)	(-1, -1, -1, 0)	(-1, -1, -1, 0)	(-1, -1, -1, 0)	(-1, -1, -1, 0)
260:	(1514, 1498, 1518, 4)	(658, 433, 673, 4)	(658, 432, 669, 4)	(1779, 1063, 1788, 4)	(702, 640, 708, 4)	(693, 329, 709, 4)	(2105, 2036, 2111, 4)	(-1, -1, -1, 0)	(-1, -1, -1, 0)	(-1, -1, -1, 0)	(-1, -1, -1, 0)	(-1, -1, -1, 0)	(-1, -1, -1, 0)	(-1, -1, -1, 0)	(-1, -1, -1, 0)	(-1, -1, -1, 0)
261:	(1779, 1064, 1789, 4)	(1892, 761, 1906, 4)	(-1, 638, -1, 5)	(438, 436, -1, 1)	(1952, 604, 1968, 4)	(778, 777, -1, 1)	(2103, 2023, 2104, 4)	(-1, -1, -1, 0)	(-1, -1, -1, 0)	(-1, -1, -1, 0)	(-1, -1, -1, 0)	(-1, -1, -1, 0)	(-1, -1, -1, 0)	(-1, -1, -1, 0)	(-1, -1, -1, 0)	(-1, -1, -1, 0)
262:	(435, 433, 439, 4)	(1263, 1247, 1266, 4)	(702, -1, 706, 6)	(939, 938, -1, 1)	(-1, 128, -1, 5)	(2214, 2179, 2215, 4)	(-1, -1, -1, 0)	(-1, -1, -1, 0)	(-1, -1, -1, 0)	(-1, -1, -1, 0)	(-1, -1, -1, 0)	(-1, -1, -1, 0)	(-1, -1, -1, 0)	(-1, -1, -1, 0)	(-1, -1, -1, 0)	(-1, -1, -1, 0)
263:	(1502, 1247, -1, 7)	(658, 431, 659, 4)	(1927, 1878, 1928, 4)	(-1, -1, -1, 0)	(2048, -1, 2057, 6)	(-1, -1, -1, 0)	(-1, -1, -1, 0)	(-1, -1, -1, 0)	(-1, -1, -1, 0)	(-1, -1, -1, 0)	(-1, -1, -1, 0)	(-1, -1, -1, 0)	(-1, -1, -1, 0)	(-1, -1, -1, 0)	(-1, -1, -1, 0)	(-1, -1, -1, 0)
264:	(-1, -1, 1503, 8)	(509, 508, -1, 1)	(510, 508, -1, 1)	(512, 508, -1, 1)	(437, 436, -1, 1)	(1926, 1875, 1929, 4)	(-1, -1, -1, 0)	(-1, -1, -1, 0)	(-1, -1, -1, 0)	(-1, -1, -1, 0)	(-1, -1, -1, 0)	(-1, -1, -1, 0)	(-1, -1, -1, 0)	(-1, -1, -1, 0)	(-1, -1, -1, 0)	(-1, -1, -1, 0)
265:	(1502, 1248, 1515, 4)	(511, 508, -1, 1)	(969, 940, 975, 4)	(944, 940, 947, 4)	(1019, 1017, -1, 1)	(1018, 1017, -1, 1)	(-1, -1, -1, 0)	(-1, -1, -1, 0)	(-1, -1, -1, 0)	(-1, -1, -1, 0)	(-1, -1, -1, 0)	(-1, -1, -1, 0)	(-1, -1, -1, 0)	(-1, -1, -1, 0)	(-1, -1, -1, 0)	(-1, -1, -1, 0)
266:	(1778, 1059, 1791, 4)	(779, 777, -1, 1)	(2099, 151, 2107, 4)	(-1, -1, -1, 0)	(-1, -1, -1, 0)	(-1, -1, -1, 0)	(-1, -1, -1, 0)	(-1, -1, -1, 0)	(-1, -1, -1, 0)	(-1, -1, -1, 0)	(-1, -1, -1, 0)	(-1, -1, -1, 0)	(-1, -1, -1, 0)	(-1, -1, -1, 0)	(-1, -1, -1, 0)	(-1, -1, -1, 0)
267:	(1778, 1058, 1789, 4)	(1953, 625, 1968, 4)	(2222, 40, 2223, 4)	(2099, 152, 2112, 4)	(-1, -1, -1, 0)	(-1, -1, -1, 0)	(-1, -1, -1, 0)	(-1, -1, -1, 0)	(-1, -1, -1, 0)	(-1, -1, -1, 0)	(-1, -1, -1, 0)	(-1, -1, -1, 0)	(-1, -1, -1, 0)	(-1, -1, -1, 0)	(-1, -1, -1, 0)	(-1, -1, -1, 0)
268:	(1267, 1266, -1, 1)	(1268, 1266, -1, 1)	(1269, 1266, -1, 1)	(-1, -1, -1, 0)	(-1, -1, -1, 0)	(-1, -1, -1, 0)	(-1, -1, -1, 0)	(-1, -1, -1, 0)	(-1, -1, -1, 0)	(-1, -1, -1, 0)	(-1, -1, -1, 0)	(-1, -1, -1, 0)	(-1, -1, -1, 0)	(-1, -1, -1, 0)	(-1, -1, -1, 0)	(-1, -1, -1, 0)
269:	(659, 438, 670, 4)	(681, 438, 683, 4)	(1943, 438, 1957, 4)	(-1, -1, -1, 0)	(-1, -1, -1, 0)	(-1, -1, -1, 0)	(-1, -1, -1, 0)	(-1, -1, -1, 0)	(-1, -1, -1, 0)	(-1, -1, -1, 0)	(-1, -1, -1, 0)	(-1, -1, -1, 0)	(-1, -1, -1, 0)	(-1, -1, -1, 0)	(-1, -1, -1, 0)	(-1, -1, -1, 0)
270:	(822, 778, 828, 4)	(1893, 778, 1894, 4)	(439, 436, -1, 1)	(944, 939, 945, 4)	(2056, 2041, 2057, 4)	(-1, -1, -1, 0)	(-1, -1, -1, 0)	(-1, -1, -1, 0)	(-1, -1, -1, 0)	(-1, -1, -1, 0)	(-1, -1, -1, 0)	(-1, -1, -1, 0)	(-1, -1, -1, 0)	(-1, -1, -1, 0)	(-1, -1, -1, 0)	(-1, -1, -1, 0)
271:	(1916, 639, 1929, 4)	(2090, 2035, 2091, 4)	(-1, -1, -1, 0)	(-1, -1, -1, 0)	(-1, -1, -1, 0)	(-1, -1, -1, 0)	(-1, -1, -1, 0)	(-1, -1, -1, 0)	(-1, -1, -1, 0)	(-1, -1, -1, 0)	(-1, -1, -1, 0)	(-1, -1, -1, 0)	(-1, -1, -1, 0)	(-1, -1, -1, 0)	(-1, -1, -1, 0)	(-1, -1, -1, 0)
272:	(662, 512, 673, 4)	(662, 510, 669, 4)	(1945, 510, 1956, 4)	(643, 510, 650, 4)	(643, 512, 653, 4)	(-1, -1, -1, 0)	(-1, -1, -1, 0)	(-1, -1, -1, 0)	(-1, -1, -1, 0)	(-1, -1, -1, 0)	(-1, -1, -1, 0)	(-1, -1, -1, 0)	(-1, -1, -1, 0)	(-1, -1, -1, 0)	(-1, -1, -1, 0)	(-1, -1, -1, 0)
273:	(662, 511, -1, 7)	(643, 511, 651, 4)	(699, 510, 704, 4)	(643, 509, 649, 4)	(662, 509, 668, 4)	(699, 511, 706, 4)	(1945, 511, 1958, 4)	(1799, 1018, 1800, 4)	(2223, 45, 2232, 4)	(-1, -1, -1, 0)	(-1, -1, -1, 0)	(-1, -1, -1, 0)	(-1, -1, -1, 0)	(-1, -1, -1, 0)	(-1, -1, -1, 0)	(-1, -1, -1, 0)
274:	(-1, -1, 671, 8)	(681, 437, 682, 4)	(1945, 509, 1955, 4)	(1799, 1019, 1815, 4)	(1893, 779, 1906, 4)	(-1, -1, -1, 0)	(-1, -1, -1, 0)	(-1, -1, -1, 0)	(-1, -1, -1, 0)	(-1, -1, -1, 0)	(-1, -1, -1, 0)	(-1, -1, -1, 0)	(-1, -1, -1, 0)	(-1, -1, -1, 0)	(-1, -1, -1, 0)	(-1, -1, -1, 0)
275:	(699, 509, 703, 4)	(699, 512, 708, 4)	(1944, 491, 1968, 4)	(-1, -1, -1, 0)	(-1, -1, -1, 0)	(-1, -1, -1, 0)	(-1, -1, -1, 0)	(-1, -1, -1, 0)	(-1, -1, -1, 0)	(-1, -1, -1, 0)	(-1, -1, -1, 0)	(-1, -1, -1, 0)	(-1, -1, -1, 0)	(-1, -1, -1, 0)	(-1, -1, -1, 0)	(-1, -1, -1, 0)
276:	(-1, 1269, -1, 5)	(1503, 1269, 1518, 4)	(1503, 1268, 1515, 4)	(1274, 1268, 1278, 4)	(1274, 1267, 1276, 4)	(1503, 1267, 1504, 4)	(946, 945, -1, 1)	(-1, -1, -1, 0)	(-1, -1, -1, 0)	(-1, -1, -1, 0)	(-1, -1, -1, 0)	(-1, -1, -1, 0)	(-1, -1, -1, 0)	(-1, -1, -1, 0)	(-1, -1, -1, 0)	(-1, -1, -1, 0)
277:	(1749, -1, 1770, 6)	(1749, 1268, 1765, 4)	(822, 779, 831, 4)	(829, 828, -1, 1)	(830, 828, -1, 1)	(1749, 1267, 1751, 4)	(2223, 46, 2235, 4)	(-1, -1, -1, 0)	(-1, -1, -1, 0)	(-1, -1, -1, 0)	(-1, -1, -1, 0)	(-1, -1, -1, 0)	(-1, -1, -1, 0)	(-1, -1, -1, 0)	(-1, -1, -1, 0)	(-1, -1, -1, 0)
278:	(659, 439, 673, 4)	(681, 439, 686, 4)	(659, 437, 669, 4)	(-1, -1, -1, 0)	(-1, -1, -1, 0)	(-1, -1, -1, 0)	(-1, -1, -1, 0)	(-1, -1, -1, 0)	(-1, -1, -1, 0)	(-1, -1, -1, 0)	(-1, -1, -1, 0)	(-1, -1, -1, 0)	(-1, -1, -1, 0)	(-1, -1, -1, 0)	(-1, -1, -1, 0)	(-1, -1, -1, 0)
279:	(1943, 437, 1956, 4)	(650, 649, -1, 1)	(651, 649, -1, 1)	(652, 649, -1, 1)	(653, 649, -1, 1)	(1800, 1022, 1816, 4)	(947, 945, -1, 1)	(-1, -1, -1, 0)	(-1, -1, -1, 0)	(-1, -1, -1, 0)	(-1, -1, -1, 0)	(-1, -1, -1, 0)	(-1, -1, -1, 0)	(-1, -1, -1, 0)	(-1, -1, -1, 0)	(-1, -1, -1, 0)
280:	(1274, 1269, 1279, 4)	(969, 939, 970, 4)	(2105, 2035, 2107, 4)	(-1, -1, -1, 0)	(-1, -1, -1, 0)	(-1, -1, -1, 0)	(-1, -1, -1, 0)	(-1, -1, -1, 0)	(-1, -1, -1, 0)	(-1, -1, -1, 0)	(-1, -1, -1, 0)	(-1, -1, -1, 0)	(-1, -1, -1, 0)	(-1, -1, -1, 0)	(-1, -1, -1, 0)	(-1, -1, -1, 0)
281:	(1940, 423, 1968, 4)	(2105, 2037, 2112, 4)	(-1, -1, -1, 0)	(-1, -1, -1, 0)	(-1, -1, -1, 0)	(-1, -1, -1, 0)	(-1, -1, -1, 0)	(-1, -1, -1, 0)	(-1, -1, -1, 0)	(-1, -1, -1, 0)	(-1, -1, -1, 0)	(-1, -1, -1, 0)	(-1, -1, -1, 0)	(-1, -1, -1, 0)	(-1, -1, -1, 0)	(-1, -1, -1, 0)
282:	(1277, 1276, -1, 1)	(1278, 1276, -1, 1)	(-1, -1, -1, 0)	(-1, -1, -1, 0)	(-1, -1, -1, 0)	(-1, -1, -1, 0)	(-1, -1, -1, 0)	(-1, -1, -1, 0)	(-1, -1, -1, 0)	(-1, -1, -1, 0)	(-1, -1, -1, 0)	(-1, -1, -1, 0)	(-1, -1, -1, 0)	(-1, -1, -1, 0)	(-1, -1, -1, 0)	(-1, -1, -1, 0)
283:	(831, 828, -1, 1)	(-1, -1, -1, 0)	(-1, -1, -1, 0)	(-1, -1, -1, 0)	(-1, -1, -1, 0)	(-1, -1, -1, 0)	(-1, -1, -1, 0)	(-1, -1, -1, 0)	(-1, -1, -1, 0)	(-1, -1, -1, 0)	(-1, -1, -1, 0)	(-1, -1, -1, 0)	(-1, -1, -1, 0)	(-1, -1, -1, 0)	(-1, -1, -1, 0)	(-1, -1, -1, 0)
284:	(948, 946, 949, 4)	(-1, -1, -1, 0)	(-1, -1, -1, 0)	(-1, -1, -1, 0)	(-1, -1, -1, 0)	(-1, -1, -1, 0)	(-1, -1, -1, 0)	(-1, -1, -1, 0)	(-1, -1, -1, 0)	(-1, -1, -1, 0)	(-1, -1, -1, 0)	(-1, -1, -1, 0)	(-1, -1, -1, 0)	(-1, -1, -1, 0)	(-1, -1, -1, 0)	(-1, -1, -1, 0)
285:	(839, 830, 842, 4)	(855, 830, 858, 4)	(1894, 830, 1897, 4)	(839, 829, 840, 4)	(855, 829, 856, 4)	(-1, -1, -1, 0)	(-1, -1, -1, 0)	(-1, -1, -1, 0)	(-1, -1, -1, 0)	(-1, -1, -1, 0)	(-1, -1, -1, 0)	(-1, -1, -1, 0)	(-1, -1, -1, 0)	(-1, -1, -1, 0)	(-1, -1, -1, 0)	(-1, -1, -1, 0)
286:	(1279, 1276, -1, 1)	(1894, 829, 1895, 4)	(970, 946, 971, 4)	(2104, 2028, 2107, 4)	(-1, -1, -1, 0)	(-1, -1, -1, 0)	(-1, -1, -1, 0)	(-1, -1, -1, 0)	(-1, -1, -1, 0)	(-1, -1, -1, 0)	(-1, -1, -1, 0)	(-1, -1, -1, 0)	(-1, -1, -1, 0)	(-1, -1, -1, 0)	(-1, -1, -1, 0)	(-1, -1, -1, 0)
287:	(668, 651, 671, 4)	(668, 652, 672, 4)	(668, 653, 673, 4)	(668, 650, 669, 4)	(1955, 650, 1956, 4)	(1955, 651, 1958, 4)	(1955, 652, 1967, 4)	(948, 947, 951, 4)	(-1, -1, -1, 0)	(-1, -1, -1, 0)	(-1, -1, -1, 0)	(-1, -1, -1, 0)	(-1, -1, -1, 0)	(-1, -1, -1, 0)	(-1, -1, -1, 0)	(-1, -1, -1, 0)
288:	(703, 650, 704, 4)	(1917, 650, 1918, 4)	(703, 652, 707, 4)	(703, 653, 708, 4)	(703, 651, 706, 4)	(1917, 652, 1929, 4)	(-1, -1, -1, 0)	(-1, -1, -1, 0)	(-1, -1, -1, 0)	(-1, -1, -1, 0)	(-1, -1, -1, 0)	(-1, -1, -1, 0)	(-1, -1, -1, 0)	(-1, -1, -1, 0)	(-1, -1, -1, 0)	(-1, -1, -1, 0)
289:	(1917, 651, 1920, 4)	(1917, 653, 1930, 4)	(-1, -1, -1, 0)	(-1, -1, -1, 0)	(-1, -1, -1, 0)	(-1, -1, -1, 0)	(-1, -1, -1, 0)	(-1, -1, -1, 0)	(-1, -1, -1, 0)	(-1, -1, -1, 0)	(-1, -1, -1, 0)	(-1, -1, -1, 0)	(-1, -1, -1, 0)	(-1, -1, -1, 0)	(-1, -1, -1, 0)	(-1, -1, -1, 0)
290:	(1504, 1278, 1515, 4)	(1751, 1278, 1765, 4)	(1281, 1278, 1283, 4)	(1281, 1277, 1282, 4)	(1751, 1277, 1752, 4)	(970, 947, 975, 4)	(950, 949, -1, 1)	(-1, -1, -1, 0)	(-1, -1, -1, 0)	(-1, -1, -1, 0)	(-1, -1, -1, 0)	(-1, -1, -1, 0)	(-1, -1, -1, 0)	(-1, -1, -1, 0)	(-1, -1, -1, 0)	(-1, -1, -1, 0)
291:	(855, 831, 860, 4)	(856, 835, 862, 4)	(839, 831, 844, 4)	(840, 835, 845, 4)	(840, 834, 841, 4)	(856, 834, 857, 4)	(1894, 831, 1906, 4)	(1504, 1277, 1505, 4)	(-1, -1, -1, 0)	(-1, -1, -1, 0)	(-1, -1, -1, 0)	(-1, -1, -1, 0)	(-1, -1, -1, 0)	(-1, -1, -1, 0)	(-1, -1, -1, 0)	(-1, -1, -1, 0)
292:	(1895, 834, 1896, 4)	(1895, 835, 1909, 4)	(2104, 2029, 2112, 4)	(-1, -1, -1, 0)	(-1, -1, -1, 0)	(-1, -1, -1, 0)	(-1, -1, -1, 0)	(-1, -1, -1, 0)	(-1, -1, -1, 0)	(-1, -1, -1, 0)	(-1, -1, -1, 0)	(-1, -1, -1, 0)	(-1, -1, -1, 0)	(-1, -1, -1, 0)	(-1, -1, -1, 0)	(-1, -1, -1, 0)
293:	(670, 669, -1, 1)	(671, 669, -1, 1)	(672, 669, -1, 1)	(673, 669, -1, 1)	(951, 949, -1, 1)	(-1, -1, -1, 0)	(-1, -1, -1, 0)	(-1, -1, -1, 0)	(-1, -1, -1, 0)	(-1, -1, -1, 0)	(-1, -1, -1, 0)	(-1, -1, -1, 0)	(-1, -1, -1, 0)	(-1, -1, -1, 0)	(-1, -1, -1, 0)	(-1, -1, -1, 0)
294:	(1751, 1279, 1770, 4)	(1504, 1279, 1518, 4)	(1281, 1279, 1285, 4)	(-1, -1, -1, 0)	(-1, -1, -1, 0)	(-1, -1, -1, 0)	(-1, -1, -1, 0)	(-1, -1, -1, 0)	(-1, -1, -1, 0)	(-1, -1, -1, 0)	(-1, -1, -1, 0)	(-1, -1, -1, 0)	(-1, -1, -1, 0)	(-1, -1, -1, 0)	(-1, -1, -1, 0)	(-1, -1, -1, 0)
295:	(1954, 640, 1968, 4)	(-1, -1, -1, 0)	(-1, -1, -1, 0)	(-1, -1, -1, 0)	(-1, -1, -1, 0)	(-1, -1, -1, 0)	(-1, -1, -1, 0)	(-1, -1, -1, 0)	(-1, -1, -1, 0)	(-1, -1, -1, 0)	(-1, -1, -1, 0)	(-1, -1, -1, 0)	(-1, -1, -1, 0)	(-1, -1, -1, 0)	(-1, -1, -1, 0)	(-1, -1, -1, 0)
296:	(1283, 1282, -1, 1)	(1284, 1282, -1, 1)	(-1, -1, -1, 0)	(-1, -1, -1, 0)	(-1, -1, -1, 0)	(-1, -1, -1, 0)	(-1, -1, -1, 0)	(-1, -1, -1, 0)	(-1, -1, -1, 0)	(-1, -1, -1, 0)	(-1, -1, -1, 0)	(-1, -1, -1, 0)	(-1, -1, -1, 0)	(-1, -1, -1, 0)	(-1, -1, -1, 0)	(-1, -1, -1, 0)
297:	(842, 841, -1, 1)	(843, 841, -1, 1)	(844, 841, -1, 1)	(845, 841, -1, 1)	(-1, -1, -1, 0)	(-1, -1, -1, 0)	(-1, -1, -1, 0)	(-1, -1, -1, 0)	(-1, -1, -1, 0)	(-1, -1, -1, 0)	(-1, -1, -1, 0)	(-1, -1, -1, 0)	(-1, -1, -1, 0)	(-1, -1, -1, 0)	(-1, -1, -1, 0)	(-1, -1, -1, 0)
298:	(952, 950, 953, 4)	(971, 950, 972, 4)	(-1, -1, -1, 0)	(-1, -1, -1, 0)	(-1, -1, -1, 0)	(-1, -1, -1, 0)	(-1, -1, -1, 0)	(-1, -1, -1, 0)	(-1, -1, -1, 0)	(-1, -1, -1, 0)	(-1, -1, -1, 0)	(-1, -1, -1, 0)	(-1, -1, -1, 0)	(-1, -1, -1, 0)	(-1, -1, -1, 0)	(-1, -1, -1, 0)
299:	(-1, -1, -1, 0)	(-1, -1, -1, 0)	(-1, -1, -1, 0)	(-1, -1, -1, 0)	(-1, -1, -1, 0)	(-1, -1, -1, 0)	(-1, -1, -1, 0)	(-1, -1, -1, 0)	(-1, -1, -1, 0)	(-1, -1, -1, 0)	(-1, -1, -1, 0)	(-1, -1, -1, 0)	(-1, -1, -1, 0)	(-1, -1, -1, 0)	(-1, -1, -1, 0)	(-1, -1, -1, 0)
300:	(1285, 1282, -1, 1)	(-1, -1, -1, 0)	(-1, -1, -1, 0)	(-1, -1, -1, 0)	(-1, -1, -1, 0)	(-1, -1, -1, 0)	(-1, -1, -1, 0)	(-1, -1, -1, 0)	(-1, -1, -1, 0)	(-1, -1, -1, 0)	(-1, -1, -1, 0)	(-1, -1, -1, 0)	(-1, -1, -1, 0)	(-1, -1, -1, 0)	(-1, -1, -1, 0)	(-1, -1, -1, 0)
301:	(682, 671, 684, 4)	(682, 672, 685, 4)	(682, 673, 686, 4)	(682, 670, 683, 4)	(-1, 670, -1, 5)	(1956, 670, 1957, 4)	(-1, 672, -1, 5)	(1956, 671, 1958, 4)	(1942, 433, 1968, 4)	(1956, 672, 1967, 4)	(952, 951, 955, 4)	(-1, -1, -1, 0)	(-1, -1, -1, 0)	(-1, -1, -1, 0)	(-1, -1, -1, 0)	(-1, -1, -1, 0)
302:	(704, 673, 708, 4)	(1918, 673, 1930, 4)	(971, 951, 975, 4)	(-1, -1, -1, 0)	(1918, -1, 1919, 6)	(-1, -1, -1, 0)	(704, -1, 707, 6)	(-1, -1, -1, 0)	(-1, -1, -1, 0)	(-1, -1, -1, 0)	(-1, -1, -1, 0)	(-1, -1, -1, 0)	(-1, -1, -1, 0)	(-1, -1, -1, 0)	(-1, -1, -1, 0)	(-1, -1, -1, 0)
303:	(704, 670, 705, 4)	(704, 671, 706, 4)	(-1, -1, -1, 0)	(-1, -1, -1, 0)	(-1, -1, -1, 0)	(-1, -1, -1, 0)	(-1, -1, -1, 0)	(-1, -1, -1, 0)	(-1, -1, -1, 0)	(-1, -1, -1, 0)	(-1, -1, -1, 0)	(-1, -1, -1, 0)	(-1, -1, -1, 0)	(-1, -1, -1, 0)	(-1, -1, -1, 0)	(-1, -1, -1, 0)
304:	(1505, 1284, 1516, 4)	(1527, 1284, 1529, 4)	(1752, 1284, 1766, 4)	(1505, 1283, 1515, 4)	(1752, 1283, 1765, 4)	(1918, 671, 1920, 4)	(-1, -1, -1, 0)	(-1, -1, -1, 0)	(-1, -1, -1, 0)	(-1, -1, -1, 0)	(-1, -1, -1, 0)	(-1, -1, -1, 0)	(-1, -1, -1, 0)	(-1, -1, -1, 0)	(-1, -1, -1, 0)	(-1, -1, -1, 0)
305:	(867, 844, 870, 4)	(867, 845, 873, 4)	(857, 843, 859, 4)	(857, 844, 860, 4)	(867, 843, 869, 4)	(1896, 843, 1898, 4)	(857, 845, 862, 4)	(1896, 845, 1909, 4)	(1896, 844, 1906, 4)	(-1, -1, -1, 0)	(-1, -1, -1, 0)	(-1, -1, -1, 0)	(-1, -1, -1, 0)	(-1, -1, -1, 0)	(-1, -1, -1, 0)	(-1, -1, -1, 0)
306:	(1992, 843, 1994, 4)	(1527, 1283, 1528, 4)	(1992, 845, 1998, 4)	(1918, 672, 1929, 4)	(954, 953, -1, 1)	(-1, -1, -1, 0)	(-1, -1, -1, 0)	(-1, -1, -1, 0)	(-1, -1, -1, 0)	(-1, -1, -1, 0)	(-1, -1, -1, 0)	(-1, -1, -1, 0)	(-1, -1, -1, 0)	(-1, -1, -1, 0)	(-1, -1, -1, 0)	(-1, -1, -1, 0)
307:	(857, 842, 858, 4)	(684, 683, -1, 1)	(867, 842, 868, 4)	(685, 683, -1, 1)	(1896, 842, 1897, 4)	(686, 683, -1, 1)	(687, 683, -1, 1)	(-1, -1, -1, 0)	(-1, -1, -1, 0)	(-1, -1, -1, 0)	(-1, -1, -1, 0)	(-1, -1, -1, 0)	(-1, -1, -1, 0)	(-1, -1, -1, 0)	(-1, -1, -1, 0)	(-1, -1, -1, 0)
308:	(1752, 1285, 1770, 4)	(1527, 1285, 1532, 4)	(1505, 1285, 1518, 4)	(1992, 844, 1995, 4)	(1945, 512, 1968, 4)	(-1, -1, -1, 0)	(-1, -1, -1, 0)	(-1, -1, -1, 0)	(-1, -1, -1, 0)	(-1, -1, -1, 0)	(-1, -1, -1, 0)	(-1, -1, -1, 0)	(-1, -1, -1, 0)	(-1, -1, -1, 0)	(-1, -1, -1, 0)	(-1, -1, -1, 0)
309:	(1992, 842, 1993, 4)	(955, 953, -1, 1)	(-1, -1, -1, 0)	(-1, -1, -1, 0)	(-1, -1, -1, 0)	(-1, -1, -1, 0)	(-1, -1, -1, 0)	(-1, -1, -1, 0)	(-1, -1, -1, 0)	(-1, -1, -1, 0)	(-1, -1, -1, 0)	(-1, -1, -1, 0)	(-1, -1, -1, 0)	(-1, -1, -1, 0)	(-1, -1, -1, 0)	(-1, -1, -1, 0)
310:	(1516, 1515, -1, 1)	(1517, 1515, -1, 1)	(1519, 1515, -1, 1)	(-1, -1, -1, 0)	(-1, -1, -1, 0)	(-1, -1, -1, 0)	(-1, -1, -1, 0)	(-1, -1, -1, 0)	(-1, -1, -1, 0)	(-1, -1, -1, 0)	(-1, -1, -1, 0)	(-1, -1, -1, 0)	(-1, -1, -1, 0)	(-1, -1, -1, 0)	(-1, -1, -1, 0)	(-1, -1, -1, 0)
311:	(-1, -1, -1, 0)	(-1, -1, -1, 0)	(-1, -1, -1, 0)	(-1, -1, -1, 0)	(-1, -1, -1, 0)	(-1, -1, -1, 0)	(-1, -1, -1, 0)	(-1, -1, -1, 0)	(-1, -1, -1, 0)	(-1, -1, -1, 0)	(-1, -1, -1, 0)	(-1, -1, -1, 0)	(-1, -1, -1, 0)	(-1, -1, -1, 0)	(-1, -1, -1, 0)	(-1, -1, -1, 0)
312:	(-1, -1, -1, 0)	(-1, -1, -1, 0)	(-1, -1, -1, 0)	(-1, -1, -1, 0)	(-1, -1, -1, 0)	(-1, -1, -1, 0)	(-1, -1, -1, 0)	(-1, -1, -1, 0)	(-1, -1, -1, 0)	(-1, -1, -1, 0)	(-1, -1, -1, 0)	(-1, -1, -1, 0)	(-1, -1, -1, 0)	(-1, -1, -1, 0)	(-1, -1, -1, 0)	(-1, -1, -1, 0)
313:	(859, 858, -1, 1)	(860, 858, -1, 1)	(861, 858, -1, 1)	(862, 858, -1, 1)	(-1, 439, -1, 5)	(-1, -1, -1, 0)	(-1, -1, -1, 0)	(-1, -1, -1, 0)	(-1, -1, -1, 0)	(-1, -1, -1, 0)	(-1, -1, -1, 0)	(-1, -1, -1, 0)	(-1, -1, -1, 0)	(-1, -1, -1, 0)	(-1, -1, -1, 0)	(-1, -1, -1, 0)
314:	(1518, 1515, -1, 1)	(956, 954, 957, 4)	(972, 954, 973, 4)	(-1, -1, -1, 0)	(1943, -1, 1968, 6)	(-1, -1, -1, 0)	(-1, -1, -1, 0)	(-1, -1, -1, 0)	(-1, -1, -1, 0)	(-1, -1, -1, 0)	(-1, -1, -1, 0)	(-1, -1, -1, 0)	(-1, -1, -1, 0)	(-1, -1, -1, 0)	(-1, -1, -1, 0)	(-1, -1, -1, 0)
315:	(705, 685, 707, 4)	(705, 686, 708, 4)	(705, 687, 709, 4)	(705, 684, 706, 4)	(1919, 684, 1920, 4)	(1977, 684, 1978, 4)	(1919, 686, 1930, 4)	(1919, 687, 1931, 4)	(1919, 685, 1929, 4)	(-1, -1, -1, 0)	(-1, -1, -1, 0)	(-1, -1, -1, 0)	(-1, -1, -1, 0)	(-1, -1, -1, 0)	(-1, -1, -1, 0)	(-1, -1, -1, 0)
316:	(1957, 684, 1958, 4)	(1957, 687, 1969, 4)	(1977, 686, 1984, 4)	(1977, 685, 1983, 4)	(1977, 687, 1985, 4)	(-1, -1, -1, 0)	(-1, -1, -1, 0)	(-1, -1, -1, 0)	(-1, -1, -1, 0)	(-1, -1, -1, 0)	(-1, -1, -1, 0)	(-1, -1, -1, 0)	(-1, -1, -1, 0)	(-1, -1, -1, 0)	(-1, -1, -1, 0)	(-1, -1, -1, 0)
317:	(972, 955, 975, 4)	(956, 955, 959, 4)	(-1, -1, -1, 0)	(-1, -1, -1, 0)	(-1, -1, -1, 0)	(-1, -1, -1, 0)	(-1, -1, -1, 0)	(-1, -1, -1, 0)	(-1, -1, -1, 0)	(-1, -1, -1, 0)	(-1, -1, -1, 0)	(-1, -1, -1, 0)	(-1, -1, -1, 0)	(-1, -1, -1, 0)	(-1, -1, -1, 0)	(-1, -1, -1, 0)
318:	(1528, 1517, 1530, 4)	(1528, 1519, 1533, 4)	(1528, 1516, 1529, 4)	(1765, 1516, 1766, 4)	(1809, 1516, 1810, 4)	(1809, 1519, 1815, 4)	(1550, 1519, 1555, 4)	(1550, 1517, 1552, 4)	(1765, 1517, 1767, 4)	(-1, -1, -1, 0)	(-1, -1, -1, 0)	(-1, -1, -1, 0)	(-1, -1, -1, 0)	(-1, -1, -1, 0)	(-1, -1, -1, 0)	(-1, -1, -1, 0)
319:	(1550, 1516, 1551, 4)	(1809, 1517, 1811, 4)	(-1, -1, -1, 0)	(-1, -1, -1, 0)	(-1, -1, -1, 0)	(-1, -1, -1, 0)	(-1, -1, -1, 0)	(-1, -1, -1, 0)	(-1, -1, -1, 0)	(-1, -1, -1, 0)	(-1, -1, -1, 0)	(-1, -1, -1, 0)	(-1, -1, -1, 0)	(-1, -1, -1, 0)	(-1, -1, -1, 0)	(-1, -1, -1, 0)
320:	(1765, 1519, 1772, 4)	(1955, 653, 1968, 4)	(958, 957, -1, 1)	(-1, -1, -1, 0)	(-1, -1, -1, 0)	(-1, -1, -1, 0)	(-1, -1, -1, 0)	(-1, -1, -1, 0)	(-1, -1, -1, 0)	(-1, -1, -1, 0)	(-1, -1, -1, 0)	(-1, -1, -1, 0)	(-1, -1, -1, 0)	(-1, -1, -1, 0)	(-1, -1, -1, 0)	(-1, -1, -1, 0)
321:	(868, 860, 870, 4)	(868, 861, 872, 4)	(868, 862, 873, 4)	(868, 859, 869, 4)	(707, 706, -1, 1)	(-1, -1, -1, 0)	(-1, -1, -1, 0)	(-1, -1, -1, 0)	(-1, -1, -1, 0)	(-1, -1, -1, 0)	(-1, -1, -1, 0)	(-1, -1, -1, 0)	(-1, -1, -1, 0)	(-1, -1, -1, 0)	(-1, -1, -1, 0)	(-1, -1, -1, 0)
322:	(1765, 1518, 1770, 4)	(1809, 1518, 1813, 4)	(1528, 1518, 1532, 4)	(-1, 1518, -1, 5)	(1897, 861, 1908, 4)	(708, 706, -1, 1)	(-1, -1, -1, 0)	(-1, -1, -1, 0)	(-1, -1, -1, 0)	(-1, -1, -1, 0)	(-1, -1, -1, 0)	(-1, -1, -1, 0)	(-1, -1, -1, 0)	(-1, -1, -1, 0)	(-1, -1, -1, 0)	(-1, -1, -1, 0)
323:	(1897, 859, 1898, 4)	(1980, 859, 1981, 4)	(1897, 862, 1909, 4)	(1550, -1, 1554, 6)	(709, 706, -1, 1)	(-1, -1, -1, 0)	(-1, -1, -1, 0)	(-1, -1, -1, 0)	(-1, -1, -1, 0)	(-1, -1, -1, 0)	(-1, -1, -1, 0)	(-1, -1, -1, 0)	(-1, -1, -1, 0)	(-1, -1, -1, 0)	(-1, -1, -1, 0)	(-1, -1, -1, 0)
324:	(1530, 1529, -1, 1)	(1531, 1529, -1, 1)	(1533, 1529, -1, 1)	(1897, 860, 1906, 4)	(-1, 860, -1, 5)	(1957, 685, 1967, 4)	(-1, -1, -1, 0)	(-1, -1, -1, 0)	(-1, -1, -1, 0)	(-1, -1, -1, 0)	(-1, -1, -1, 0)	(-1, -1, -1, 0)	(-1, -1, -1, 0)	(-1, -1, -1, 0)	(-1, -1, -1, 0)	(-1, -1, -1, 0)
325:	(1993, 859, 1994, 4)	(959, 957, -1, 1)	(-1, -1, -1, 0)	(-1, -1, -1, 0)	(1980, -1, 1982, 6)	(-1, -1, -1, 0)	(-1, -1, -1, 0)	(-1, -1, -1, 0)	(-1, -1, -1, 0)	(-1, -1, -1, 0)	(-1, -1, -1, 0)	(-1, -1, -1, 0)	(-1, -1, -1, 0)	(-1, -1, -1, 0)	(-1, -1, -1, 0)	(-1, -1, -1, 0)
326:	(1993, 860, 1995, 4)	(1956, 673, 1968, 4)	(1993, 862, 1998, 4)	(1993, 861, 1997, 4)	(-1, -1, -1, 0)	(-1, -1, -1, 0)	(-1, -1, -1, 0)	(-1, -1, -1, 0)	(-1, -1, -1, 0)	(-1, -1, -1, 0)	(-1, -1, -1, 0)	(-1, -1, -1, 0)	(-1, -1, -1, 0)	(-1, -1, -1, 0)	(-1, -1, -1, 0)	(-1, -1, -1, 0)
327:	(870, 869, -1, 1)	(871, 869, -1, 1)	(872, 869, -1, 1)	(873, 869, -1, 1)	(1980, 861, 1985, 4)	(1980, 862, 1986, 4)	(-1, -1, -1, 0)	(-1, -1, -1, 0)	(-1, -1, -1, 0)	(-1, -1, -1, 0)	(-1, -1, -1, 0)	(-1, -1, -1, 0)	(-1, -1, -1, 0)	(-1, -1, -1, 0)	(-1, -1, -1, 0)	(-1, -1, -1, 0)
328:	(1532, 1529, -1, 1)	(960, 958, 962, 4)	(973, 958, 974, 4)	(-1, -1, -1, 0)	(-1, -1, -1, 0)	(-1, -1, -1, 0)	(-1, -1, -1, 0)	(-1, -1, -1, 0)	(-1, -1, -1, 0)	(-1, -1, -1, 0)	(-1, -1, -1, 0)	(-1, -1, -1, 0)	(-1, -1, -1, 0)	(-1, -1, -1, 0)	(-1, -1, -1, 0)	(-1, -1, -1, 0)
329:	(1978, 707, 1983, 4)	(-1, -1, -1, 0)	(-1, -1, -1, 0)	(-1, -1, -1, 0)	(-1, -1, -1, 0)	(-1, -1, -1, 0)	(-1, -1, -1, 0)	(-1, -1, -1, 0)	(-1, -1, -1, 0)	(-1, -1, -1, 0)	(-1, -1, -1, 0)	(-1, -1, -1, 0)	(-1, -1, -1, 0)	(-1, -1, -1, 0)	(-1, -1, -1, 0)	(-1, -1, -1, 0)
330:	(1978, 708, 1984, 4)	(1958, 707, 1967, 4)	(-1, -1, -1, 0)	(-1, -1, -1, 0)	(-1, -1, -1, 0)	(-1, -1, -1, 0)	(-1, -1, -1, 0)	(-1, -1, -1, 0)	(-1, -1, -1, 0)	(-1, -1, -1, 0)	(-1, -1, -1, 0)	(-1, -1, -1, 0)	(-1, -1, -1, 0)	(-1, -1, -1, 0)	(-1, -1, -1, 0)	(-1, -1, -1, 0)
331:	(1958, 709, 1969, 4)	(1920, 708, 1930, 4)	(1920, 709, 1931, 4)	(1920, 707, 1929, 4)	(-1, -1, -1, 0)	(-1, -1, -1, 0)	(-1, -1, -1, 0)	(-1, -1, -1, 0)	(-1, -1, -1, 0)	(-1, -1, -1, 0)	(-1, -1, -1, 0)	(-1, -1, -1, 0)	(-1, -1, -1, 0)	(-1, -1, -1, 0)	(-1, -1, -1, 0)	(-1, -1, -1, 0)
332:	(1726, 1533, 1734, 4)	(1726, 1531, 1731, 4)	(1810, 1531, 1812, 4)	(1810, 1533, 1815, 4)	(1551, 1531, 1553, 4)	(1551, 1533, 1555, 4)	(1551, 1530, 1552, 4)	(1726, 1530, 1727, 4)	(-1, -1, -1, 0)	(-1, -1, -1, 0)	(-1, -1, -1, 0)	(-1, -1, -1, 0)	(-1, -1, -1, 0)	(-1, -1, -1, 0)	(-1, -1, -1, 0)	(-1, -1, -1, 0)
333:	(1766, 1531, 1769, 4)	(1766, 1533, 1772, 4)	(1766, 1530, 1767, 4)	(1810, 1530, 1811, 4)	(1957, 686, 1968, 4)	(960, 959, 963, 4)	(973, 959, 975, 4)	(-1, -1, -1, 0)	(-1, -1, -1, 0)	(-1, -1, -1, 0)	(-1, -1, -1, 0)	(-1, -1, -1, 0)	(-1, -1, -1, 0)	(-1, -1, -1, 0)	(-1, -1, -1, 0)	(-1, -1, -1, 0)
334:	(962, 961, -1, 1)	(-1, -1, -1, 0)	(-1, -1, -1, 0)	(-1, -1, -1, 0)	(-1, -1, -1, 0)	(-1, -1, -1, 0)	(-1, -1, -1, 0)	(-1, -1, -1, 0)	(-1, -1, -1, 0)	(-1, -1, -1, 0)	(-1, -1, -1, 0)	(-1, -1, -1, 0)	(-1, -1, -1, 0)	(-1, -1, -1, 0)	(-1, -1, -1, 0)	(-1, -1, -1, 0)
335:	(1898, 871, 1907, 4)	(1898, 872, 1908, 4)	(1898, 873, 1909, 4)	(1898, 870, 1906, 4)	(1981, 870, 1982, 4)	(1978, 709, 1985, 4)	(1981, 873, 1986, 4)	(-1, -1, -1, 0)	(-1, -1, -1, 0)	(-1, -1, -1, 0)	(-1, -1, -1, 0)	(-1, -1, -1, 0)	(-1, -1, -1, 0)	(-1, -1, -1, 0)	(-1, -1, -1, 0)	(-1, -1, -1, 0)
336:	(1726, 1532, 1732, 4)	(1766, 1532, 1770, 4)	(1810, 1532, 1813, 4)	(1981, 871, 1984, 4)	(-1, -1, -1, 0)	(-1, -1, -1, 0)	(-1, -1, -1, 0)	(-1, -1, -1, 0)	(-1, -1, -1, 0)	(-1, -1, -1, 0)	(-1, -1, -1, 0)	(-1, -1, -1, 0)	(-1, -1, -1, 0)	(-1, -1, -1, 0)	(-1, -1, -1, 0)	(-1, -1, -1, 0)
337:	(1551, 1532, 1554, 4)	(1959, 870, 1966, 4)	(1994, 870, 1995, 4)	(1959, 872, 1969, 4)	(1994, 872, 1997, 4)	(-1, -1, -1, 0)	(-1, -1, -1, 0)	(-1, -1, -1, 0)	(-1, -1, -1, 0)	(-1, -1, -1, 0)	(-1, -1, -1, 0)	(-1, -1, -1, 0)	(-1, -1, -1, 0)	(-1, -1, -1, 0)	(-1, -1, -1, 0)	(-1, -1, -1, 0)
338:	(1553, 1552, -1, 1)	(1555, 1552, -1, 1)	(1994, 873, 1998, 4)	(1959, 873, 1970, 4)	(-1, -1, -1, 0)	(-1, -1, -1, 0)	(-1, -1, -1, 0)	(-1, -1, -1, 0)	(-1, -1, -1, 0)	(-1, -1, -1, 0)	(-1, -1, -1, 0)	(-1, -1, -1, 0)	(-1, -1, -1, 0)	(-1, -1, -1, 0)	(-1, -1, -1, 0)	(-1, -1, -1, 0)
339:	(1958, 708, 1968, 4)	(1994, 871, 1996, 4)	(1931, 1929, -1, 1)	(963, 961, -1, 1)	(-1, -1, -1, 0)	(-1, -1, -1, 0)	(-1, -1, -1, 0)	(-1, -1, -1, 0)	(-1, -1, -1, 0)	(-1, -1, -1, 0)	(-1, -1, -1, 0)	(-1, -1, -1, 0)	(-1, -1, -1, 0)	(-1, -1, -1, 0)	(-1, -1, -1, 0)	(-1, -1, -1, 0)
340:	(1930, 1929, -1, 1)	(-1, -1, -1, 0)	(-1, -1, -1, 0)	(-1, -1, -1, 0)	(-1, -1, -1, 0)	(-1, -1, -1, 0)	(-1, -1, -1, 0)	(-1, -1, -1, 0)	(-1, -1, -1, 0)	(-1, -1, -1, 0)	(-1, -1, -1, 0)	(-1, -1, -1, 0)	(-1, -1, -1, 0)	(-1, -1, -1, 0)	(-1, -1, -1, 0)	(-1, -1, -1, 0)
341:	(1907, 1906, -1, 1)	(1908, 1906, -1, 1)	(1909, 1906, -1, 1)	(1981, 872, 1985, 4)	(-1, -1, -1, 0)	(-1, -1, -1, 0)	(-1, -1, -1, 0)	(-1, -1, -1, 0)	(-1, -1, -1, 0)	(-1, -1, -1, 0)	(-1, -1, -1, 0)	(-1, -1, -1, 0)	(-1, -1, -1, 0)	(-1, -1, -1, 0)	(-1, -1, -1, 0)	(-1, -1, -1, 0)
342:	(964, 962, 965, 4)	(1879, 962, 1880, 4)	(-1, -1, -1, 0)	(-1, -1, -1, 0)	(-1, -1, -1, 0)	(-1, -1, -1, 0)	(-1, -1, -1, 0)	(-1, -1, -1, 0)	(-1, -1, -1, 0)	(-1, -1, -1, 0)	(-1, -1, -1, 0)	(-1, -1, -1, 0)	(-1, -1, -1, 0)	(-1, -1, -1, 0)	(-1, -1, -1, 0)	(-1, -1, -1, 0)
343:	(1554, 1552, -1, 1)	(-1, -1, -1, 0)	(-1, -1, -1, 0)	(-1, -1, -1, 0)	(-1, -1, -1, 0)	(-1, -1, -1, 0)	(-1, -1, -1, 0)	(-1, -1, -1, 0)	(-1, -1, -1, 0)	(-1, -1, -1, 0)	(-1, -1, -1, 0)	(-1, -1, -1, 0)	(-1, -1, -1, 0)	(-1, -1, -1, 0)	(-1, -1, -1, 0)	(-1, -1, -1, 0)
344:	(-1, 871, -1, 5)	(-1, -1, -1, 0)	(-1, -1, -1, 0)	(-1, -1, -1, 0)	(-1, -1, -1, 0)	(-1, -1, -1, 0)	(-1, -1, -1, 0)	(-1, -1, -1, 0)	(-1, -1, -1, 0)	(-1, -1, -1, 0)	(-1, -1, -1, 0)	(-1, -1, -1, 0)	(-1, -1, -1, 0)	(-1, -1, -1, 0)	(-1, -1, -1, 0)	(-1, -1, -1, 0)
345:	(1959, -1, 1968, 6)	(-1, -1, -1, 0)	(-1, -1, -1, 0)	(-1, -1, -1, 0)	(-1, -1, -1, 0)	(-1, -1, -1, 0)	(-1, -1, -1, 0)	(-1, -1, -1, 0)	(-1, -1, -1, 0)	(-1, -1, -1, 0)	(-1, -1, -1, 0)	(-1, -1, -1, 0)	(-1, -1, -1, 0)	(-1, -1, -1, 0)	(-1, -1, -1, 0)	(-1, -1, -1, 0)
346:	(1727, 1555, 1734, 4)	(1727, 1553, 1731, 4)	(1767, 1553, 1769, 4)	(-1, 1555, -1, 5)	(1767, 1555, 1772, 4)	(-1, -1, -1, 0)	(-1, -1, -1, 0)	(-1, -1, -1, 0)	(-1, -1, -1, 0)	(-1, -1, -1, 0)	(-1, -1, -1, 0)	(-1, -1, -1, 0)	(-1, -1, -1, 0)	(-1, -1, -1, 0)	(-1, -1, -1, 0)	(-1, -1, -1, 0)
347:	(1811, 1553, 1812, 4)	(964, 963, 966, 4)	(1983, 1931, 1985, 4)	(1811, -1, 1815, 6)	(-1, -1, -1, 0)	(-1, -1, -1, 0)	(-1, -1, -1, 0)	(-1, -1, -1, 0)	(-1, -1, -1, 0)	(-1, -1, -1, 0)	(-1, -1, -1, 0)	(-1, -1, -1, 0)	(-1, -1, -1, 0)	(-1, -1, -1, 0)	(-1, -1, -1, 0)	(-1, -1, -1, 0)
348:	(1967, 1931, 1969, 4)	(1983, 1930, 1984, 4)	(1879, 963, 1881, 4)	(967, 965, -1, 1)	(-1, -1, -1, 0)	(-1, -1, -1, 0)	(-1, -1, -1, 0)	(-1, -1, -1, 0)	(-1, -1, -1, 0)	(-1, -1, -1, 0)	(-1, -1, -1, 0)	(-1, -1, -1, 0)	(-1, -1, -1, 0)	(-1, -1, -1, 0)	(-1, -1, -1, 0)	(-1, -1, -1, 0)
349:	(1995, 1909, 1998, 4)	(1995, 1907, 1996, 4)	(1982, 1909, 1986, 4)	(1995, 1908, 1997, 4)	(-1, -1, -1, 0)	(-1, -1, -1, 0)	(-1, -1, -1, 0)	(-1, -1, -1, 0)	(-1, -1, -1, 0)	(-1, -1, -1, 0)	(-1, -1, -1, 0)	(-1, -1, -1, 0)	(-1, -1, -1, 0)	(-1, -1, -1, 0)	(-1, -1, -1, 0)	(-1, -1, -1, 0)
350:	(1966, 1909, 1970, 4)	(-1, -1, -1, 0)	(-1, -1, -1, 0)	(-1, -1, -1, 0)	(-1, -1, -1, 0)	(-1, -1, -1, 0)	(-1, -1, -1, 0)	(-1, -1, -1, 0)	(-1, -1, -1, 0)	(-1, -1, -1, 0)	(-1, -1, -1, 0)	(-1, -1, -1, 0)	(-1, -1, -1, 0)	(-1, -1, -1, 0)	(-1, -1, -1, 0)	(-1, -1, -1, 0)
351:	(1727, 1554, 1732, 4)	(1767, 1554, 1770, 4)	(1811, 1554, 1813, 4)	(-1, -1, -1, 0)	(-1, -1, -1, 0)	(-1, -1, -1, 0)	(-1, -1, -1, 0)	(-1, -1, -1, 0)	(-1, -1, -1, 0)	(-1, -1, -1, 0)	(-1, -1, -1, 0)	(-1, -1, -1, 0)	(-1, -1, -1, 0)	(-1, -1, -1, 0)	(-1, -1, -1, 0)	(-1, -1, -1, 0)
352:	(1733, 1731, -1, 1)	(1734, 1731, -1, 1)	(1735, 1731, -1, 1)	(1967, 1930, 1968, 4)	(-1, -1, -1, 0)	(-1, -1, -1, 0)	(-1, -1, -1, 0)	(-1, -1, -1, 0)	(-1, -1, -1, 0)	(-1, -1, -1, 0)	(-1, -1, -1, 0)	(-1, -1, -1, 0)	(-1, -1, -1, 0)	(-1, -1, -1, 0)	(-1, -1, -1, 0)	(-1, -1, -1, 0)
353:	(966, 965, -1, 1)	(1982, 1908, 1985, 4)	(-1, -1, -1, 0)	(-1, -1, -1, 0)	(-1, -1, -1, 0)	(-1, -1, -1, 0)	(-1, -1, -1, 0)	(-1, -1, -1, 0)	(-1, -1, -1, 0)	(-1, -1, -1, 0)	(-1, -1, -1, 0)	(-1, -1, -1, 0)	(-1, -1, -1, 0)	(-1, -1, -1, 0)	(-1, -1, -1, 0)	(-1, -1, -1, 0)
354:	(1966, 1908, 1969, 4)	(1982, 1907, 1984, 4)	(-1, -1, -1, 0)	(-1, -1, -1, 0)	(-1, -1, -1, 0)	(-1, -1, -1, 0)	(-1, -1, -1, 0)	(-1, -1, -1, 0)	(-1, -1, -1, 0)	(-1, -1, -1, 0)	(-1, -1, -1, 0)	(-1, -1, -1, 0)	(-1, -1, -1, 0)	(-1, -1, -1, 0)	(-1, -1, -1, 0)	(-1, -1, -1, 0)
355:	(-1, -1, -1, 0)	(-1, -1, -1, 0)	(-1, -1, -1, 0)	(-1, -1, -1, 0)	(-1, -1, -1, 0)	(-1, -1, -1, 0)	(-1, -1, -1, 0)	(-1, -1, -1, 0)	(-1, -1, -1, 0)	(-1, -1, -1, 0)	(-1, -1, -1, 0)	(-1, -1, -1, 0)	(-1, -1, -1, 0)	(-1, -1, -1, 0)	(-1, -1, -1, 0)	(-1, -1, -1, 0)
356:	(974, 967, 977, 4)	(1880, 967, 1885, 4)	(-1, -1, -1, 0)	(-1, -1, -1, 0)	(-1, -1, -1, 0)	(-1, -1, -1, 0)	(-1, -1, -1, 0)	(-1, -1, -1, 0)	(-1, -1, -1, 0)	(-1, -1, -1, 0)	(-1, -1, -1, 0)	(-1, -1, -1, 0)	(-1, -1, -1, 0)	(-1, -1, -1, 0)	(-1, -1, -1, 0)	(-1, -1, -1, 0)
357:	(1732, 1731, -1, 1)	(-1, -1, -1, 0)	(-1, -1, -1, 0)	(-1, -1, -1, 0)	(-1, -1, -1, 0)	(-1, -1, -1, 0)	(-1, -1, -1, 0)	(-1, -1, -1, 0)	(-1, -1, -1, 0)	(-1, -1, -1, 0)	(-1, -1, -1, 0)	(-1, -1, -1, 0)	(-1, -1, -1, 0)	(-1, -1, -1, 0)	(-1, -1, -1, 0)	(-1, -1, -1, 0)
358:	(1966, 1907, 1968, 4)	(-1, -1, -1, 0)	(-1, -1, -1, 0)	(-1, -1, -1, 0)	(-1, -1, -1, 0)	(-1, -1, -1, 0)	(-1, -1, -1, 0)	(-1, -1, -1, 0)	(-1, -1, -1, 0)	(-1, -1, -1, 0)	(-1, -1, -1, 0)	(-1, -1, -1, 0)	(-1, -1, -1, 0)	(-1, -1, -1, 0)	(-1, -1, -1, 0)	(-1, -1, -1, 0)
359:	(-1, -1, -1, 0)	(-1, -1, -1, 0)	(-1, -1, -1, 0)	(-1, -1, -1, 0)	(-1, -1, -1, 0)	(-1, -1, -1, 0)	(-1, -1, -1, 0)	(-1, -1, -1, 0)	(-1, -1, -1, 0)	(-1, -1, -1, 0)	(-1, -1, -1, 0)	(-1, -1, -1, 0)	(-1, -1, -1, 0)	(-1, -1, -1, 0)	(-1, -1, -1, 0)	(-1, -1, -1, 0)
360:	(1787, 1733, 1789, 4)	(1812, 1733, 1814, 4)	(2121, 1733, 2123, 4)	(1787, 1734, 1790, 4)	(1812, 1734, 1815, 4)	(1787, 1735, 1793, 4)	(2121, 1734, 2124, 4)	(1812, 1735, 1818, 4)	(2121, 1735, 2127, 4)	(-1, -1, -1, 0)	(-1, -1, -1, 0)	(-1, -1, -1, 0)	(-1, -1, -1, 0)	(-1, -1, -1, 0)	(-1, -1, -1, 0)	(-1, -1, -1, 0)
361:	(1769, 1733, 1771, 4)	(1769, 1734, 1772, 4)	(1769, 1735, 1774, 4)	(-1, -1, -1, 0)	(-1, -1, -1, 0)	(-1, -1, -1, 0)	(-1, -1, -1, 0)	(-1, -1, -1, 0)	(-1, -1, -1, 0)	(-1, -1, -1, 0)	(-1, -1, -1, 0)	(-1, -1, -1, 0)	(-1, -1, -1, 0)	(-1, -1, -1, 0)	(-1, -1, -1, 0)	(-1, -1, -1, 0)
362:	(974, 966, 975, 4)	(1880, 966, 1881, 4)	(-1, -1, -1, 0)	(-1, -1, -1, 0)	(-1, -1, -1, 0)	(-1, -1, -1, 0)	(-1, -1, -1, 0)	(-1, -1, -1, 0)	(-1, -1, -1, 0)	(-1, -1, -1, 0)	(-1, -1, -1, 0)	(-1, -1, -1, 0)	(-1, -1, -1, 0)	(-1, -1, -1, 0)	(-1, -1, -1, 0)	(-1, -1, -1, 0)
363:	(-1, -1, -1, 0)	(-1, -1, -1, 0)	(-1, -1, -1, 0)	(-1, -1, -1, 0)	(-1, -1, -1, 0)	(-1, -1, -1, 0)	(-1, -1, -1, 0)	(-1, -1, -1, 0)	(-1, -1, -1, 0)	(-1, -1, -1, 0)	(-1, -1, -1, 0)	(-1, -1, -1, 0)	(-1, -1, -1, 0)	(-1, -1, -1, 0)	(-1, -1, -1, 0)	(-1, -1, -1, 0)
364:	(1969, 1968, -1, 1)	(1970, 1968, -1, 1)	(-1, -1, -1, 0)	(-1, -1, -1, 0)	(-1, -1, -1, 0)	(-1, -1, -1, 0)	(-1, -1, -1, 0)	(-1, -1, -1, 0)	(-1, -1, -1, 0)	(-1, -1, -1, 0)	(-1, -1, -1, 0)	(-1, -1, -1, 0)	(-1, -1, -1, 0)	(-1, -1, -1, 0)	(-1, -1, -1, 0)	(-1, -1, -1, 0)
365:	(1769, 1732, 1770, 4)	(1787, 1732, 1788, 4)	(1812, 1732, 1813, 4)	(-1, -1, -1, 0)	(-1, -1, -1, 0)	(-1, -1, -1, 0)	(-1, -1, -1, 0)	(-1, -1, -1, 0)	(-1, -1, -1, 0)	(-1, -1, -1, 0)	(-1, -1, -1, 0)	(-1, -1, -1, 0)	(-1, -1, -1, 0)	(-1, -1, -1, 0)	(-1, -1, -1, 0)	(-1, -1, -1, 0)
366:	(2121, 1732, 2122, 4)	(-1, -1, -1, 0)	(-1, -1, -1, 0)	(-1, -1, -1, 0)	(-1, -1, -1, 0)	(-1, -1, -1, 0)	(-1, -1, -1, 0)	(-1, -1, -1, 0)	(-1, -1, -1, 0)	(-1, -1, -1, 0)	(-1, -1, -1, 0)	(-1, -1, -1, 0)	(-1, -1, -1, 0)	(-1, -1, -1, 0)	(-1, -1, -1, 0)	(-1, -1, -1, 0)
367:	(-1, -1, -1, 0)	(-1, -1, -1, 0)	(-1, -1, -1, 0)	(-1, -1, -1, 0)	(-1, -1, -1, 0)	(-1, -1, -1, 0)	(-1, -1, -1, 0)	(-1, -1, -1, 0)	(-1, -1, -1, 0)	(-1, -1, -1, 0)	(-1, -1, -1, 0)	(-1, -1, -1, 0)	(-1, -1, -1, 0)	(-1, -1, -1, 0)	(-1, -1, -1, 0)	(-1, -1, -1, 0)
368:	(976, 975, -1, 1)	(977, 975, -1, 1)	(-1, -1, -1, 0)	(-1, -1, -1, 0)	(-1, -1, -1, 0)	(-1, -1, -1, 0)	(-1, -1, -1, 0)	(-1, -1, -1, 0)	(-1, -1, -1, 0)	(-1, -1, -1, 0)	(-1, -1, -1, 0)	(-1, -1, -1, 0)	(-1, -1, -1, 0)	(-1, -1, -1, 0)	(-1, -1, -1, 0)	(-1, -1, -1, 0)
369:	(-1, -1, -1, 0)	(-1, -1, -1, 0)	(-1, -1, -1, 0)	(-1, -1, -1, 0)	(-1, -1, -1, 0)	(-1, -1, -1, 0)	(-1, -1, -1, 0)	(-1, -1, -1, 0)	(-1, -1, -1, 0)	(-1, -1, -1, 0)	(-1, -1, -1, 0)	(-1, -1, -1, 0)	(-1, -1, -1, 0)	(-1, -1, -1, 0)	(-1, -1, -1, 0)	(-1, -1, -1, 0)
370:	(-1, -1, -1, 0)	(-1, -1, -1, 0)	(-1, -1, -1, 0)	(-1, -1, -1, 0)	(-1, -1, -1, 0)	(-1, -1, -1, 0)	(-1, -1, -1, 0)	(-1, -1, -1, 0)	(-1, -1, -1, 0)	(-1, -1, -1, 0)	(-1, -1, -1, 0)	(-1, -1, -1, 0)	(-1, -1, -1, 0)	(-1, -1, -1, 0)	(-1, -1, -1, 0)	(-1, -1, -1, 0)
371:	(1771, 1770, -1, 1)	(1772, 1770, -1, 1)	(1774, 1770, -1, 1)	(1773, 1770, -1, 1)	(-1, -1, -1, 0)	(-1, -1, -1, 0)	(-1, -1, -1, 0)	(-1, -1, -1, 0)	(-1, -1, -1, 0)	(-1, -1, -1, 0)	(-1, -1, -1, 0)	(-1, -1, -1, 0)	(-1, -1, -1, 0)	(-1, -1, -1, 0)	(-1, -1, -1, 0)	(-1, -1, -1, 0)
372:	(1996, 1970, 1998, 4)	(1984, 1970, 1986, 4)	(1984, 1969, 1985, 4)	(1996, 1969, 1997, 4)	(-1, -1, -1, 0)	(-1, -1, -1, 0)	(-1, -1, -1, 0)	(-1, -1, -1, 0)	(-1, -1, -1, 0)	(-1, -1, -1, 0)	(-1, -1, -1, 0)	(-1, -1, -1, 0)	(-1, -1, -1, 0)	(-1, -1, -1, 0)	(-1, -1, -1, 0)	(-1, -1, -1, 0)
373:	(-1, -1, -1, 0)	(-1, -1, -1, 0)	(-1, -1, -1, 0)	(-1, -1, -1, 0)	(-1, -1, -1, 0)	(-1, -1, -1, 0)	(-1, -1, -1, 0)	(-1, -1, -1, 0)	(-1, -1, -1, 0)	(-1, -1, -1, 0)	(-1, -1, -1, 0)	(-1, -1, -1, 0)	(-1, -1, -1, 0)	(-1, -1, -1, 0)	(-1, -1, -1, 0)	(-1, -1, -1, 0)
374:	(-1, -1, -1, 0)	(-1, -1, -1, 0)	(-1, -1, -1, 0)	(-1, -1, -1, 0)	(-1, -1, -1, 0)	(-1, -1, -1, 0)	(-1, -1, -1, 0)	(-1, -1, -1, 0)	(-1, -1, -1, 0)	(-1, -1, -1, 0)	(-1, -1, -1, 0)	(-1, -1, -1, 0)	(-1, -1, -1, 0)	(-1, -1, -1, 0)	(-1, -1, -1, 0)	(-1, -1, -1, 0)
375:	(-1, -1, -1, 0)	(-1, -1, -1, 0)	(-1, -1, -1, 0)	(-1, -1, -1, 0)	(-1, -1, -1, 0)	(-1, -1, -1, 0)	(-1, -1, -1, 0)	(-1, -1, -1, 0)	(-1, -1, -1, 0)	(-1, -1, -1, 0)	(-1, -1, -1, 0)	(-1, -1, -1, 0)	(-1, -1, -1, 0)	(-1, -1, -1, 0)	(-1, -1, -1, 0)	(-1, -1, -1, 0)
376:	(1821, 976, 1827, 4)	(1821, 977, 1828, 4)	(1881, 976, 1882, 4)	(-1, -1, -1, 0)	(-1, -1, -1, 0)	(-1, -1, -1, 0)	(-1, -1, -1, 0)	(-1, -1, -1, 0)	(-1, -1, -1, 0)	(-1, -1, -1, 0)	(-1, -1, -1, 0)	(-1, -1, -1, 0)	(-1, -1, -1, 0)	(-1, -1, -1, 0)	(-1, -1, -1, 0)	(-1, -1, -1, 0)
377:	(1881, 977, 1885, 4)	(-1, -1, -1, 0)	(-1, -1, -1, 0)	(-1, -1, -1, 0)	(-1, -1, -1, 0)	(-1, -1, -1, 0)	(-1, -1, -1, 0)	(-1, -1, -1, 0)	(-1, -1, -1, 0)	(-1, -1, -1, 0)	(-1, -1, -1, 0)	(-1, -1, -1, 0)	(-1, -1, -1, 0)	(-1, -1, -1, 0)	(-1, -1, -1, 0)	(-1, -1, -1, 0)
378:	(1986, 1985, -1, 1)	(-1, -1, -1, 0)	(-1, -1, -1, 0)	(-1, -1, -1, 0)	(-1, -1, -1, 0)	(-1, -1, -1, 0)	(-1, -1, -1, 0)	(-1, -1, -1, 0)	(-1, -1, -1, 0)	(-1, -1, -1, 0)	(-1, -1, -1, 0)	(-1, -1, -1, 0)	(-1, -1, -1, 0)	(-1, -1, -1, 0)	(-1, -1, -1, 0)	(-1, -1, -1, 0)
379:	(1788, 1771, 1789, 4)	(1813, 1771, 1814, 4)	(2122, 1771, -1, 7)	(1788, 1772, 1790, 4)	(1788, 1774, 1793, 4)	(1813, 1772, 1815, 4)	(2122, 1772, -1, 7)	(1788, 1773, 1791, 4)	(1813, 1774, 1818, 4)	(2122, 1774, 2127, 4)	(1813, 1773, 1816, 4)	(2122, 1773, -1, 7)	(-1, -1, -1, 0)	(-1, -1, -1, 0)	(-1, -1, -1, 0)	(-1, -1, -1, 0)
380:	(-1, -1, -1, 0)	(-1, -1, -1, 0)	(-1, -1, 2123, 8)	(-1, -1, -1, 0)	(-1, -1, -1, 0)	(-1, -1, -1, 0)	(-1, -1, 2124, 8)	(-1, -1, -1, 0)	(-1, -1, -1, 0)	(-1, -1, -1, 0)	(-1, -1, -1, 0)	(-1, -1, 2125, 8)	(-1, -1, -1, 0)	(-1, -1, -1, 0)	(-1, -1, -1, 0)	(-1, -1, -1, 0)
381:	(-1, -1, -1, 0)	(-1, -1, -1, 0)	(-1, -1, -1, 0)	(-1, -1, -1, 0)	(-1, -1, -1, 0)	(-1, -1, -1, 0)	(-1, -1, -1, 0)	(-1, -1, -1, 0)	(-1, -1, -1, 0)	(-1, -1, -1, 0)	(-1, -1, -1, 0)	(-1, -1, -1, 0)	(-1, -1, -1, 0)	(-1, -1, -1, 0)	(-1, -1, -1, 0)	(-1, -1, -1, 0)
382:	(1828, 1826, -1, 1)	(-1, -1, -1, 0)	(-1, -1, -1, 0)	(-1, -1, -1, 0)	(-1, -1, -1, 0)	(-1, -1, -1, 0)	(-1, -1, -1, 0)	(-1, -1, -1, 0)	(-1, -1, -1, 0)	(-1, -1, -1, 0)	(-1, -1, -1, 0)	(-1, -1, -1, 0)	(-1, -1, -1, 0)	(-1, -1, -1, 0)	(-1, -1, -1, 0)	(-1, -1, -1, 0)
383:	(1885, 1884, -1, 1)	(-1, -1, -1, 0)	(-1, -1, -1, 0)	(-1, -1, -1, 0)	(-1, -1, -1, 0)	(-1, -1, -1, 0)	(-1, -1, -1, 0)	(-1, -1, -1, 0)	(-1, -1, -1, 0)	(-1, -1, -1, 0)	(-1, -1, -1, 0)	(-1, -1, -1, 0)	(-1, -1, -1, 0)	(-1, -1, -1, 0)	(-1, -1, -1, 0)	(-1, -1, -1, 0)
384:	(-1, -1, -1, 0)	(-1, -1, -1, 0)	(-1, -1, -1, 0)	(-1, -1, -1, 0)	(-1, -1, -1, 0)	(-1, -1, -1, 0)	(-1, -1, -1, 0)	(-1, -1, -1, 0)	(-1, -1, -1, 0)	(-1, -1, -1, 0)	(-1, -1, -1, 0)	(-1, -1, -1, 0)	(-1, -1, -1, 0)	(-1, -1, -1, 0)	(-1, -1, -1, 0)	(-1, -1, -1, 0)
385:	(1790, 1789, -1, 1)	(1793, 1789, -1, 1)	(1791, 1789, -1, 1)	(1792, 1789, -1, 1)	(-1, -1, -1, 0)	(-1, -1, -1, 0)	(-1, -1, -1, 0)	(-1, -1, -1, 0)	(-1, -1, -1, 0)	(-1, -1, -1, 0)	(-1, -1, -1, 0)	(-1, -1, -1, 0)	(-1, -1, -1, 0)	(-1, -1, -1, 0)	(-1, -1, -1, 0)	(-1, -1, -1, 0)
386:	(1997, 1986, 1998, 4)	(-1, -1, -1, 0)	(-1, -1, -1, 0)	(-1, -1, -1, 0)	(-1, -1, -1, 0)	(-1, -1, -1, 0)	(-1, -1, -1, 0)	(-1, -1, -1, 0)	(-1, -1, -1, 0)	(-1, -1, -1, 0)	(-1, -1, -1, 0)	(-1, -1, -1, 0)	(-1, -1, -1, 0)	(-1, -1, -1, 0)	(-1, -1, -1, 0)	(-1, -1, -1, 0)
387:	(-1, -1, -1, 0)	(-1, -1, -1, 0)	(-1, -1, -1, 0)	(-1, -1, -1, 0)	(-1, -1, -1, 0)	(-1, -1, -1, 0)	(-1, -1, -1, 0)	(-1, -1, -1, 0)	(-1, -1, -1, 0)	(-1, -1, -1, 0)	(-1, -1, -1, 0)	(-1, -1, -1, 0)	(-1, -1, -1, 0)	(-1, -1, -1, 0)	(-1, -1, -1, 0)	(-1, -1, -1, 0)
388:	(-1, -1, -1, 0)	(-1, -1, -1, 0)	(-1, -1, -1, 0)	(-1, -1, -1, 0)	(-1, -1, -1, 0)	(-1, -1, -1, 0)	(-1, -1, -1, 0)	(-1, -1, -1, 0)	(-1, -1, -1, 0)	(-1, -1, -1, 0)	(-1, -1, -1, 0)	(-1, -1, -1, 0)	(-1, -1, -1, 0)	(-1, -1, -1, 0)	(-1, -1, -1, 0)	(-1, -1, -1, 0)
389:	(-1, -1, -1, 0)	(-1, -1, -1, 0)	(-1, -1, -1, 0)	(-1, -1, -1, 0)	(-1, -1, -1, 0)	(-1, -1, -1, 0)	(-1, -1, -1, 0)	(-1, -1, -1, 0)	(-1, -1, -1, 0)	(-1, -1, -1, 0)	(-1, -1, -1, 0)	(-1, -1, -1, 0)	(-1, -1, -1, 0)	(-1, -1, -1, 0)	(-1, -1, -1, 0)	(-1, -1, -1, 0)
390:	(-1, -1, -1, 0)	(-1, -1, -1, 0)	(-1, -1, -1, 0)	(-1, -1, -1, 0)	(-1, -1, -1, 0)	(-1, -1, -1, 0)	(-1, -1, -1, 0)	(-1, -1, -1, 0)	(-1, -1, -1, 0)	(-1, -1, -1, 0)	(-1, -1, -1, 0)	(-1, -1, -1, 0)	(-1, -1, -1, 0)	(-1, -1, -1, 0)	(-1, -1, -1, 0)	(-1, -1, -1, 0)
391:	(-1, -1, -1, 0)	(-1, -1, -1, 0)	(-1, -1, -1, 0)	(-1, -1, -1, 0)	(-1, -1, -1, 0)	(-1, -1, -1, 0)	(-1, -1, -1, 0)	(-1, -1, -1, 0)	(-1, -1, -1, 0)	(-1, -1, -1, 0)	(-1, -1, -1, 0)	(-1, -1, -1, 0)	(-1, -1, -1, 0)	(-1, -1, -1, 0)	(-1, -1, -1, 0)	(-1, -1, -1, 0)
392:	(2000, 1998, -1, 1)	(1999, 1998, -1, 1)	(-1, -1, -1, 0)	(-1, -1, -1, 0)	(-1, -1, -1, 0)	(-1, -1, -1, 0)	(-1, -1, -1, 0)	(-1, -1, -1, 0)	(-1, -1, -1, 0)	(-1, -1, -1, 0)	(-1, -1, -1, 0)	(-1, -1, -1, 0)	(-1, -1, -1, 0)	(-1, -1, -1, 0)	(-1, -1, -1, 0)	(-1, -1, -1, 0)
393:	(1814, 1790, 1815, 4)	(2123, 1790, 2124, 4)	(1823, 1790, 1824, 4)	(1814, 1793, 1818, 4)	(2123, 1793, 2127, 4)	(1823, 1793, 1829, 4)	(-1, -1, -1, 0)	(-1, -1, -1, 0)	(-1, -1, -1, 0)	(-1, -1, -1, 0)	(-1, -1, -1, 0)	(-1, -1, -1, 0)	(-1, -1, -1, 0)	(-1, -1, -1, 0)	(-1, -1, -1, 0)	(-1, -1, -1, 0)
394:	(1814, 1791, 1816, 4)	(1814, 1792, 1817, 4)	(-1, 1791, -1, 5)	(2123, 1791, 2125, 4)	(2123, 1792, 2126, 4)	(-1, -1, -1, 0)	(-1, -1, -1, 0)	(-1, -1, -1, 0)	(-1, -1, -1, 0)	(-1, -1, -1, 0)	(-1, -1, -1, 0)	(-1, -1, -1, 0)	(-1, -1, -1, 0)	(-1, -1, -1, 0)	(-1, -1, -1, 0)	(-1, -1, -1, 0)
395:	(1823, 1792, 1827, 4)	(-1, -1, -1, 0)	(1823, -1, 1825, 6)	(-1, -1, -1, 0)	(-1, -1, -1, 0)	(-1, -1, -1, 0)	(-1, -1, -1, 0)	(-1, -1, -1, 0)	(-1, -1, -1, 0)	(-1, -1, -1, 0)	(-1, -1, -1, 0)	(-1, -1, -1, 0)	(-1, -1, -1, 0)	(-1, -1, -1, 0)	(-1, -1, -1, 0)	(-1, -1, -1, 0)
396:	(-1, -1, -1, 0)	(-1, -1, -1, 0)	(-1, -1, -1, 0)	(-1, -1, -1, 0)	(-1, -1, -1, 0)	(-1, -1, -1, 0)	(-1, -1, -1, 0)	(-1, -1, -1, 0)	(-1, -1, -1, 0)	(-1, -1, -1, 0)	(-1, -1, -1, 0)	(-1, -1, -1, 0)	(-1, -1, -1, 0)	(-1, -1, -1, 0)	(-1, -1, -1, 0)	(-1, -1, -1, 0)
397:	(-1, -1, -1, 0)	(-1, -1, -1, 0)	(-1, -1, -1, 0)	(-1, -1, -1, 0)	(-1, -1, -1, 0)	(-1, -1, -1, 0)	(-1, -1, -1, 0)	(-1, -1, -1, 0)	(-1, -1, -1, 0)	(-1, -1, -1, 0)	(-1, -1, -1, 0)	(-1, -1, -1, 0)	(-1, -1, -1, 0)	(-1, -1, -1, 0)	(-1, -1, -1, 0)	(-1, -1, -1, 0)
398:	(-1, -1, -1, 0)	(-1, -1, -1, 0)	(-1, -1, -1, 0)	(-1, -1, -1, 0)	(-1, -1, -1, 0)	(-1, -1, -1, 0)	(-1, -1, -1, 0)	(-1, -1, -1, 0)	(-1, -1, -1, 0)	(-1, -1, -1, 0)	(-1, -1, -1, 0)	(-1, -1, -1, 0)	(-1, -1, -1, 0)	(-1, -1, -1, 0)	(-1, -1, -1, 0)	(-1, -1, -1, 0)
399:	(1818, 1815, -1, 1)	(-1, -1, -1, 0)	(-1, -1, -1, 0)	(-1, -1, -1, 0)	(-1, -1, -1, 0)	(-1, -1, -1, 0)	(-1, -1, -1, 0)	(-1, -1, -1, 0)	(-1, -1, -1, 0)	(-1, -1, -1, 0)	(-1, -1, -1, 0)	(-1, -1, -1, 0)	(-1, -1, -1, 0)	(-1, -1, -1, 0)	(-1, -1, -1, 0)	(-1, -1, -1, 0)
400:	(2055, 2000, 2058, 4)	(1816, 1815, -1, 1)	(1817, 1815, -1, 1)	(2055, 1999, 2057, 4)	(-1, -1, -1, 0)	(-1, -1, -1, 0)	(-1, -1, -1, 0)	(-1, -1, -1, 0)	(-1, -1, -1, 0)	(-1, -1, -1, 0)	(-1, -1, -1, 0)	(-1, -1, -1, 0)	(-1, -1, -1, 0)	(-1, -1, -1, 0)	(-1, -1, -1, 0)	(-1, -1, -1, 0)
401:	(-1, -1, -1, 0)	(-1, -1, -1, 0)	(-1, -1, -1, 0)	(-1, -1, -1, 0)	(-1, -1, -1, 0)	(-1, -1, -1, 0)	(-1, -1, -1, 0)	(-1, -1, -1, 0)	(-1, -1, -1, 0)	(-1, -1, -1, 0)	(-1, -1, -1, 0)	(-1, -1, -1, 0)	(-1, -1, -1, 0)	(-1, -1, -1, 0)	(-1, -1, -1, 0)	(-1, -1, -1, 0)
402:	(-1, -1, -1, 0)	(-1, -1, -1, 0)	(-1, -1, -1, 0)	(-1, -1, -1, 0)	(-1, -1, -1, 0)	(-1, -1, -1, 0)	(-1, -1, -1, 0)	(-1, -1, -1, 0)	(-1, -1, -1, 0)	(-1, -1, -1, 0)	(-1, -1, -1, 0)	(-1, -1, -1, 0)	(-1, -1, -1, 0)	(-1, -1, -1, 0)	(-1, -1, -1, 0)	(-1, -1, -1, 0)
403:	(-1, -1, -1, 0)	(-1, -1, -1, 0)	(-1, -1, -1, 0)	(-1, -1, -1, 0)	(-1, -1, -1, 0)	(-1, -1, -1, 0)	(-1, -1, -1, 0)	(-1, -1, -1, 0)	(-1, -1, -1, 0)	(-1, -1, -1, 0)	(-1, -1, -1, 0)	(-1, -1, -1, 0)	(-1, -1, -1, 0)	(-1, -1, -1, 0)	(-1, -1, -1, 0)	(-1, -1, -1, 0)
404:	(-1, -1, -1, 0)	(-1, -1, -1, 0)	(-1, -1, -1, 0)	(-1, -1, -1, 0)	(-1, -1, -1, 0)	(-1, -1, -1, 0)	(-1, -1, -1, 0)	(-1, -1, -1, 0)	(-1, -1, -1, 0)	(-1, -1, -1, 0)	(-1, -1, -1, 0)	(-1, -1, -1, 0)	(-1, -1, -1, 0)	(-1, -1, -1, 0)	(-1, -1, -1, 0)	(-1, -1, -1, 0)
405:	(-1, -1, -1, 0)	(-1, -1, -1, 0)	(-1, -1, -1, 0)	(-1, -1, -1, 0)	(-1, -1, -1, 0)	(-1, -1, -1, 0)	(-1, -1, -1, 0)	(-1, -1, -1, 0)	(-1, -1, -1, 0)	(-1, -1, -1, 0)	(-1, -1, -1, 0)	(-1, -1, -1, 0)	(-1, -1, -1, 0)	(-1, -1, -1, 0)	(-1, -1, -1, 0)	(-1, -1, -1, 0)
406:	(2059, 2058, -1, 1)	(2060, 2058, -1, 1)	(-1, -1, -1, 0)	(-1, -1, -1, 0)	(-1, -1, -1, 0)	(-1, -1, -1, 0)	(-1, -1, -1, 0)	(-1, -1, -1, 0)	(-1, -1, -1, 0)	(-1, -1, -1, 0)	(-1, -1, -1, 0)	(-1, -1, -1, 0)	(-1, -1, -1, 0)	(-1, -1, -1, 0)	(-1, -1, -1, 0)	(-1, -1, -1, 0)
407:	(2124, 1818, 2127, 4)	(1824, 1818, 1829, 4)	(-1, -1, -1, 0)	(-1, -1, -1, 0)	(-1, -1, -1, 0)	(-1, -1, -1, 0)	(-1, -1, -1, 0)	(-1, -1, -1, 0)	(-1, -1, -1, 0)	(-1, -1, -1, 0)	(-1, -1, -1, 0)	(-1, -1, -1, 0)	(-1, -1, -1, 0)	(-1, -1, -1, 0)	(-1, -1, -1, 0)	(-1, -1, -1, 0)
408:	(1824, 1817, 1827, 4)	(1824, 1816, 1825, 4)	(2124, 1816, 2125, 4)	(2124, 1817, 2126, 4)	(-1, -1, -1, 0)	(-1, -1, -1, 0)	(-1, -1, -1, 0)	(-1, -1, -1, 0)	(-1, -1, -1, 0)	(-1, -1, -1, 0)	(-1, -1, -1, 0)	(-1, -1, -1, 0)	(-1, -1, -1, 0)	(-1, -1, -1, 0)	(-1, -1, -1, 0)	(-1, -1, -1, 0)
409:	(-1, -1, -1, 0)	(-1, -1, -1, 0)	(-1, -1, -1, 0)	(-1, -1, -1, 0)	(-1, -1, -1, 0)	(-1, -1, -1, 0)	(-1, -1, -1, 0)	(-1, -1, -1, 0)	(-1, -1, -1, 0)	(-1, -1, -1, 0)	(-1, -1, -1, 0)	(-1, -1, -1, 0)	(-1, -1, -1, 0)	(-1, -1, -1, 0)	(-1, -1, -1, 0)	(-1, -1, -1, 0)
410:	(-1, -1, -1, 0)	(-1, -1, -1, 0)	(-1, -1, -1, 0)	(-1, -1, -1, 0)	(-1, -1, -1, 0)	(-1, -1, -1, 0)	(-1, -1, -1, 0)	(-1, -1, -1, 0)	(-1, -1, -1, 0)	(-1, -1, -1, 0)	(-1, -1, -1, 0)	(-1, -1, -1, 0)	(-1, -1, -1, 0)	(-1, -1, -1, 0)	(-1, -1, -1, 0)	(-1, -1, -1, 0)
411:	(-1, -1, -1, 0)	(-1, -1, -1, 0)	(-1, -1, -1, 0)	(-1, -1, -1, 0)	(-1, -1, -1, 0)	(-1, -1, -1, 0)	(-1, -1, -1, 0)	(-1, -1, -1, 0)	(-1, -1, -1, 0)	(-1, -1, -1, 0)	(-1, -1, -1, 0)	(-1, -1, -1, 0)	(-1, -1, -1, 0)	(-1, -1, -1, 0)	(-1, -1, -1, 0)	(-1, -1, -1, 0)
412:	(-1, -1, -1, 0)	(-1, -1, -1, 0)	(-1, -1, -1, 0)	(-1, -1, -1, 0)	(-1, -1, -1, 0)	(-1, -1, -1, 0)	(-1, -1, -1, 0)	(-1, -1, -1, 0)	(-1, -1, -1, 0)	(-1, -1, -1, 0)	(-1, -1, -1, 0)	(-1, -1, -1, 0)	(-1, -1, -1, 0)	(-1, -1, -1, 0)	(-1, -1, -1, 0)	(-1, -1, -1, 0)
413:	(2129, 2127, -1, 1)	(2128, 2127, -1, 1)	(1829, 1826, -1, 1)	(-1, -1, -1, 0)	(-1, -1, -1, 0)	(-1, -1, -1, 0)	(-1, -1, -1, 0)	(-1, -1, -1, 0)	(-1, -1, -1, 0)	(-1, -1, -1, 0)	(-1, -1, -1, 0)	(-1, -1, -1, 0)	(-1, -1, -1, 0)	(-1, -1, -1, 0)	(-1, -1, -1, 0)	(-1, -1, -1, 0)
414:	(2070, 2060, 2074, 4)	(2070, 2059, 2071, 4)	(2108, 2059, 2109, 4)	(2108, 2060, 2112, 4)	(1827, 1826, -1, 1)	(-1, -1, -1, 0)	(-1, -1, -1, 0)	(-1, -1, -1, 0)	(-1, -1, -1, 0)	(-1, -1, -1, 0)	(-1, -1, -1, 0)	(-1, -1, -1, 0)	(-1, -1, -1, 0)	(-1, -1, -1, 0)	(-1, -1, -1, 0)	(-1, -1, -1, 0)
415:	(-1, -1, -1, 0)	(-1, -1, -1, 0)	(-1, -1, -1, 0)	(-1, -1, -1, 0)	(-1, -1, -1, 0)	(-1, -1, -1, 0)	(-1, -1, -1, 0)	(-1, -1, -1, 0)	(-1, -1, -1, 0)	(-1, -1, -1, 0)	(-1, -1, -1, 0)	(-1, -1, -1, 0)	(-1, -1, -1, 0)	(-1, -1, -1, 0)	(-1, -1, -1, 0)	(-1, -1, -1, 0)
416:	(-1, -1, -1, 0)	(-1, -1, -1, 0)	(-1, -1, -1, 0)	(-1, -1, -1, 0)	(-1, -1, -1, 0)	(-1, -1, -1, 0)	(-1, -1, -1, 0)	(-1, -1, -1, 0)	(-1, -1, -1, 0)	(-1, -1, -1, 0)	(-1, -1, -1, 0)	(-1, -1, -1, 0)	(-1, -1, -1, 0)	(-1, -1, -1, 0)	(-1, -1, -1, 0)	(-1, -1, -1, 0)
417:	(-1, -1, -1, 0)	(-1, -1, -1, 0)	(-1, -1, -1, 0)	(-1, -1, -1, 0)	(-1, -1, -1, 0)	(-1, -1, -1, 0)	(-1, -1, -1, 0)	(-1, -1, -1, 0)	(-1, -1, -1, 0)	(-1, -1, -1, 0)	(-1, -1, -1, 0)	(-1, -1, -1, 0)	(-1, -1, -1, 0)	(-1, -1, -1, 0)	(-1, -1, -1, 0)	(-1, -1, -1, 0)
418:	(-1, -1, -1, 0)	(-1, -1, -1, 0)	(-1, -1, -1, 0)	(-1, -1, -1, 0)	(-1, -1, -1, 0)	(-1, -1, -1, 0)	(-1, -1, -1, 0)	(-1, -1, -1, 0)	(-1, -1, -1, 0)	(-1, -1, -1, 0)	(-1, -1, -1, 0)	(-1, -1, -1, 0)	(-1, -1, -1, 0)	(-1, -1, -1, 0)	(-1, -1, -1, 0)	(-1, -1, -1, 0)
419:	(-1, -1, -1, 0)	(-1, -1, -1, 0)	(-1, -1, -1, 0)	(-1, -1, -1, 0)	(-1, -1, -1, 0)	(-1, -1, -1, 0)	(-1, -1, -1, 0)	(-1, -1, -1, 0)	(-1, -1, -1, 0)	(-1, -1, -1, 0)	(-1, -1, -1, 0)	(-1, -1, -1, 0)	(-1, -1, -1, 0)	(-1, -1, -1, 0)	(-1, -1, -1, 0)	(-1, -1, -1, 0)
420:	(2072, 2071, -1, 1)	(2073, 2071, -1, 1)	(2074, 2071, -1, 1)	(-1, -1, -1, 0)	(-1, -1, -1, 0)	(-1, -1, -1, 0)	(-1, -1, -1, 0)	(-1, -1, -1, 0)	(-1, -1, -1, 0)	(-1, -1, -1, 0)	(-1, -1, -1, 0)	(-1, -1, -1, 0)	(-1, -1, -1, 0)	(-1, -1, -1, 0)	(-1, -1, -1, 0)	(-1, -1, -1, 0)
421:	(2199, 2129, 2203, 4)	(2199, 2128, 2202, 4)	(-1, -1, -1, 0)	(-1, -1, -1, 0)	(-1, -1, -1, 0)	(-1, -1, -1, 0)	(-1, -1, -1, 0)	(-1, -1, -1, 0)	(-1, -1, -1, 0)	(-1, -1, -1, 0)	(-1, -1, -1, 0)	(-1, -1, -1, 0)	(-1, -1, -1, 0)	(-1, -1, -1, 0)	(-1, -1, -1, 0)	(-1, -1, -1, 0)
422:	(-1, -1, -1, 0)	(-1, -1, -1, 0)	(-1, -1, -1, 0)	(-1, -1, -1, 0)	(-1, -1, -1, 0)	(-1, -1, -1, 0)	(-1, -1, -1, 0)	(-1, -1, -1, 0)	(-1, -1, -1, 0)	(-1, -1, -1, 0)	(-1, -1, -1, 0)	(-1, -1, -1, 0)	(-1, -1, -1, 0)	(-1, -1, -1, 0)	(-1, -1, -1, 0)	(-1, -1, -1, 0)
423:	(-1, -1, -1, 0)	(-1, -1, -1, 0)	(-1, -1, -1, 0)	(-1, -1, -1, 0)	(-1, -1, -1, 0)	(-1, -1, -1, 0)	(-1, -1, -1, 0)	(-1, -1, -1, 0)	(-1, -1, -1, 0)	(-1, -1, -1, 0)	(-1, -1, -1, 0)	(-1, -1, -1, 0)	(-1, -1, -1, 0)	(-1, -1, -1, 0)	(-1, -1, -1, 0)	(-1, -1, -1, 0)
424:	(-1, -1, -1, 0)	(-1, -1, -1, 0)	(-1, -1, -1, 0)	(-1, -1, -1, 0)	(-1, -1, -1, 0)	(-1, -1, -1, 0)	(-1, -1, -1, 0)	(-1, -1, -1, 0)	(-1, -1, -1, 0)	(-1, -1, -1, 0)	(-1, -1, -1, 0)	(-1, -1, -1, 0)	(-1, -1, -1, 0)	(-1, -1, -1, 0)	(-1, -1, -1, 0)	(-1, -1, -1, 0)
425:	(-1, -1, -1, 0)	(-1, -1, -1, 0)	(-1, -1, -1, 0)	(-1, -1, -1, 0)	(-1, -1, -1, 0)	(-1, -1, -1, 0)	(-1, -1, -1, 0)	(-1, -1, -1, 0)	(-1, -1, -1, 0)	(-1, -1, -1, 0)	(-1, -1, -1, 0)	(-1, -1, -1, 0)	(-1, -1, -1, 0)	(-1, -1, -1, 0)	(-1, -1, -1, 0)	(-1, -1, -1, 0)
426:	(-1, -1, -1, 0)	(-1, -1, -1, 0)	(-1, -1, -1, 0)	(-1, -1, -1, 0)	(-1, -1, -1, 0)	(-1, -1, -1, 0)	(-1, -1, -1, 0)	(-1, -1, -1, 0)	(-1, -1, -1, 0)	(-1, -1, -1, 0)	(-1, -1, -1, 0)	(-1, -1, -1, 0)	(-1, -1, -1, 0)	(-1, -1, -1, 0)	(-1, -1, -1, 0)	(-1, -1, -1, 0)
427:	(2204, 2203, -1, 1)	(2205, 2203, -1, 1)	(-1, -1, -1, 0)	(-1, -1, -1, 0)	(-1, -1, -1, 0)	(-1, -1, -1, 0)	(-1, -1, -1, 0)	(-1, -1, -1, 0)	(-1, -1, -1, 0)	(-1, -1, -1, 0)	(-1, -1, -1, 0)	(-1, -1, -1, 0)	(-1, -1, -1, 0)	(-1, -1, -1, 0)	(-1, -1, -1, 0)	(-1, -1, -1, 0)
428:	(2082, 2073, 2084, 4)	(2082, 2074, 2085, 4)	(2082, 2072, 2083, 4)	(2092, 2072, 2093, 4)	(2109, 2072, 2110, 4)	(2092, 2074, 2095, 4)	(2092, 2073, 2094, 4)	(2109, 2073, 2111, 4)	(2109, 2074, 2112, 4)	(-1, -1, -1, 0)	(-1, -1, -1, 0)	(-1, -1, -1, 0)	(-1, -1, -1, 0)	(-1, -1, -1, 0)	(-1, -1, -1, 0)	(-1, -1, -1, 0)
429:	(-1, -1, -1, 0)	(-1, -1, -1, 0)	(-1, -1, -1, 0)	(-1, -1, -1, 0)	(-1, -1, -1, 0)	(-1, -1, -1, 0)	(-1, -1, -1, 0)	(-1, -1, -1, 0)	(-1, -1, -1, 0)	(-1, -1, -1, 0)	(-1, -1, -1, 0)	(-1, -1, -1, 0)	(-1, -1, -1, 0)	(-1, -1, -1, 0)	(-1, -1, -1, 0)	(-1, -1, -1, 0)
430:	(-1, -1, -1, 0)	(-1, -1, -1, 0)	(-1, -1, -1, 0)	(-1, -1, -1, 0)	(-1, -1, -1, 0)	(-1, -1, -1, 0)	(-1, -1, -1, 0)	(-1, -1, -1, 0)	(-1, -1, -1, 0)	(-1, -1, -1, 0)	(-1, -1, -1, 0)	(-1, -1, -1, 0)	(-1, -1, -1, 0)	(-1, -1, -1, 0)	(-1, -1, -1, 0)	(-1, -1, -1, 0)
431:	(-1, -1, -1, 0)	(-1, -1, -1, 0)	(-1, -1, -1, 0)	(-1, -1, -1, 0)	(-1, -1, -1, 0)	(-1, -1, -1, 0)	(-1, -1, -1, 0)	(-1, -1, -1, 0)	(-1, -1, -1, 0)	(-1, -1, -1, 0)	(-1, -1, -1, 0)	(-1, -1, -1, 0)	(-1, -1, -1, 0)	(-1, -1, -1, 0)	(-1, -1, -1, 0)	(-1, -1, -1, 0)
432:	(-1, -1, -1, 0)	(-1, -1, -1, 0)	(-1, -1, -1, 0)	(-1, -1, -1, 0)	(-1, -1, -1, 0)	(-1, -1, -1, 0)	(-1, -1, -1, 0)	(-1, -1, -1, 0)	(-1, -1, -1, 0)	(-1, -1, -1, 0)	(-1, -1, -1, 0)	(-1, -1, -1, 0)	(-1, -1, -1, 0)	(-1, -1, -1, 0)	(-1, -1, -1, 0)	(-1, -1, -1, 0)
433:	(-1, -1, -1, 0)	(-1, -1, -1, 0)	(-1, -1, -1, 0)	(-1, -1, -1, 0)	(-1, -1, -1, 0)	(-1, -1, -1, 0)	(-1, -1, -1, 0)	(-1, -1, -1, 0)	(-1, -1, -1, 0)	(-1, -1, -1, 0)	(-1, -1, -1, 0)	(-1, -1, -1, 0)	(-1, -1, -1, 0)	(-1, -1, -1, 0)	(-1, -1, -1, 0)	(-1, -1, -1, 0)
434:	(2084, 2083, -1, 1)	(2085, 2083, -1, 1)	(-1, -1, -1, 0)	(-1, -1, -1, 0)	(-1, -1, -1, 0)	(-1, -1, -1, 0)	(-1, -1, -1, 0)	(-1, -1, -1, 0)	(-1, -1, -1, 0)	(-1, -1, -1, 0)	(-1, -1, -1, 0)	(-1, -1, -1, 0)	(-1, -1, -1, 0)	(-1, -1, -1, 0)	(-1, -1, -1, 0)	(-1, -1, -1, 0)
435:	(2216, 2205, 2218, 4)	(2216, 2204, 2217, 4)	(2233, 2204, 2234, 4)	(2233, 2205, 2235, 4)	(-1, -1, -1, 0)	(-1, -1, -1, 0)	(-1, -1, -1, 0)	(-1, -1, -1, 0)	(-1, -1, -1, 0)	(-1, -1, -1, 0)	(-1, -1, -1, 0)	(-1, -1, -1, 0)	(-1, -1, -1, 0)	(-1, -1, -1, 0)	(-1, -1, -1, 0)	(-1, -1, -1, 0)
436:	(-1, -1, -1, 0)	(-1, -1, -1, 0)	(-1, -1, -1, 0)	(-1, -1, -1, 0)	(-1, -1, -1, 0)	(-1, -1, -1, 0)	(-1, -1, -1, 0)	(-1, -1, -1, 0)	(-1, -1, -1, 0)	(-1, -1, -1, 0)	(-1, -1, -1, 0)	(-1, -1, -1, 0)	(-1, -1, -1, 0)	(-1, -1, -1, 0)	(-1, -1, -1, 0)	(-1, -1, -1, 0)
437:	(-1, -1, -1, 0)	(-1, -1, -1, 0)	(-1, -1, -1, 0)	(-1, -1, -1, 0)	(-1, -1, -1, 0)	(-1, -1, -1, 0)	(-1, -1, -1, 0)	(-1, -1, -1, 0)	(-1, -1, -1, 0)	(-1, -1, -1, 0)	(-1, -1, -1, 0)	(-1, -1, -1, 0)	(-1, -1, -1, 0)	(-1, -1, -1, 0)	(-1, -1, -1, 0)	(-1, -1, -1, 0)
438:	(-1, -1, -1, 0)	(-1, -1, -1, 0)	(-1, -1, -1, 0)	(-1, -1, -1, 0)	(-1, -1, -1, 0)	(-1, -1, -1, 0)	(-1, -1, -1, 0)	(-1, -1, -1, 0)	(-1, -1, -1, 0)	(-1, -1, -1, 0)	(-1, -1, -1, 0)	(-1, -1, -1, 0)	(-1, -1, -1, 0)	(-1, -1, -1, 0)	(-1, -1, -1, 0)	(-1, -1, -1, 0)
439:	(-1, -1, -1, 0)	(-1, -1, -1, 0)	(-1, -1, -1, 0)	(-1, -1, -1, 0)	(-1, -1, -1, 0)	(-1, -1, -1, 0)	(-1, -1, -1, 0)	(-1, -1, -1, 0)	(-1, -1, -1, 0)	(-1, -1, -1, 0)	(-1, -1, -1, 0)	(-1, -1, -1, 0)	(-1, -1, -1, 0)	(-1, -1, -1, 0)	(-1, -1, -1, 0)	(-1, -1, -1, 0)
440:	(-1, -1, -1, 0)	(-1, -1, -1, 0)	(-1, -1, -1, 0)	(-1, -1, -1, 0)	(-1, -1, -1, 0)	(-1, -1, -1, 0)	(-1, -1, -1, 0)	(-1, -1, -1, 0)	(-1, -1, -1, 0)	(-1, -1, -1, 0)	(-1, -1, -1, 0)	(-1, -1, -1, 0)	(-1, -1, -1, 0)	(-1, -1, -1, 0)	(-1, -1, -1, 0)	(-1, -1, -1, 0)
441:	(2218, 2217, -1, 1)	(2219, 2217, -1, 1)	(-1, -1, -1, 0)	(-1, -1, -1, 0)	(-1, -1, -1, 0)	(-1, -1, -1, 0)	(-1, -1, -1, 0)	(-1, -1, -1, 0)	(-1, -1, -1, 0)	(-1, -1, -1, 0)	(-1, -1, -1, 0)	(-1, -1, -1, 0)	(-1, -1, -1, 0)	(-1, -1, -1, 0)	(-1, -1, -1, 0)	(-1, -1, -1, 0)
442:	(2093, 2085, 2095, 4)	(2093, 2084, 2094, 4)	(2110, 2084, 2111, 4)	(2110, 2085, 2112, 4)	(-1, -1, -1, 0)	(-1, -1, -1, 0)	(-1, -1, -1, 0)	(-1, -1, -1, 0)	(-1, -1, -1, 0)	(-1, -1, -1, 0)	(-1, -1, -1, 0)	(-1, -1, -1, 0)	(-1, -1, -1, 0)	(-1, -1, -1, 0)	(-1, -1, -1, 0)	(-1, -1, -1, 0)
443:	(-1, -1, -1, 0)	(-1, -1, -1, 0)	(-1, -1, -1, 0)	(-1, -1, -1, 0)	(-1, -1, -1, 0)	(-1, -1, -1, 0)	(-1, -1, -1, 0)	(-1, -1, -1, 0)	(-1, -1, -1, 0)	(-1, -1, -1, 0)	(-1, -1, -1, 0)	(-1, -1, -1, 0)	(-1, -1, -1, 0)	(-1, -1, -1, 0)	(-1, -1, -1, 0)	(-1, -1, -1, 0)
444:	(-1, -1, -1, 0)	(-1, -1, -1, 0)	(-1, -1, -1, 0)	(-1, -1, -1, 0)	(-1, -1, -1, 0)	(-1, -1, -1, 0)	(-1, -1, -1, 0)	(-1, -1, -1, 0)	(-1, -1, -1, 0)	(-1, -1, -1, 0)	(-1, -1, -1, 0)	(-1, -1, -1, 0)	(-1, -1, -1, 0)	(-1, -1, -1, 0)	(-1, -1, -1, 0)	(-1, -1, -1, 0)
445:	(-1, -1, -1, 0)	(-1, -1, -1, 0)	(-1, -1, -1, 0)	(-1, -1, -1, 0)	(-1, -1, -1, 0)	(-1, -1, -1, 0)	(-1, -1, -1, 0)	(-1, -1, -1, 0)	(-1, -1, -1, 0)	(-1, -1, -1, 0)	(-1, -1, -1, 0)	(-1, -1, -1, 0)	(-1, -1, -1, 0)	(-1, -1, -1, 0)	(-1, -1, -1, 0)	(-1, -1, -1, 0)
446:	(-1, -1, -1, 0)	(-1, -1, -1, 0)	(-1, -1, -1, 0)	(-1, -1, -1, 0)	(-1, -1, -1, 0)	(-1, -1, -1, 0)	(-1, -1, -1, 0)	(-1, -1, -1, 0)	(-1, -1, -1, 0)	(-1, -1, -1, 0)	(-1, -1, -1, 0)	(-1, -1, -1, 0)	(-1, -1, -1, 0)	(-1, -1, -1, 0)	(-1, -1, -1, 0)	(-1, -1, -1, 0)
447:	(-1, -1, -1, 0)	(-1, -1, -1, 0)	(-1, -1, -1, 0)	(-1, -1, -1, 0)	(-1, -1, -1, 0)	(-1, -1, -1, 0)	(-1, -1, -1, 0)	(-1, -1, -1, 0)	(-1, -1, -1, 0)	(-1, -1, -1, 0)	(-1, -1, -1, 0)	(-1, -1, -1, 0)	(-1, -1, -1, 0)	(-1, -1, -1, 0)	(-1, -1, -1, 0)	(-1, -1, -1, 0)
448:	(2095, 2094, -1, 1)	(-1, -1, -1, 0)	(-1, -1, -1, 0)	(-1, -1, -1, 0)	(-1, -1, -1, 0)	(-1, -1, -1, 0)	(-1, -1, -1, 0)	(-1, -1, -1, 0)	(-1, -1, -1, 0)	(-1, -1, -1, 0)	(-1, -1, -1, 0)	(-1, -1, -1, 0)	(-1, -1, -1, 0)	(-1, -1, -1, 0)	(-1, -1, -1, 0)	(-1, -1, -1, 0)
449:	(2234, 2219, 2236, 4)	(2234, 2218, 2235, 4)	(2245, 2218, 2246, 4)	(2245, 2219, 2247, 4)	(-1, -1, -1, 0)	(-1, -1, -1, 0)	(-1, -1, -1, 0)	(-1, -1, -1, 0)	(-1, -1, -1, 0)	(-1, -1, -1, 0)	(-1, -1, -1, 0)	(-1, -1, -1, 0)	(-1, -1, -1, 0)	(-1, -1, -1, 0)	(-1, -1, -1, 0)	(-1, -1, -1, 0)
450:	(-1, -1, -1, 0)	(-1, -1, -1, 0)	(-1, -1, -1, 0)	(-1, -1, -1, 0)	(-1, -1, -1, 0)	(-1, -1, -1, 0)	(-1, -1, -1, 0)	(-1, -1, -1, 0)	(-1, -1, -1, 0)	(-1, -1, -1, 0)	(-1, -1, -1, 0)	(-1, -1, -1, 0)	(-1, -1, -1, 0)	(-1, -1, -1, 0)	(-1, -1, -1, 0)	(-1, -1, -1, 0)
451:	(-1, -1, -1, 0)	(-1, -1, -1, 0)	(-1, -1, -1, 0)	(-1, -1, -1, 0)	(-1, -1, -1, 0)	(-1, -1, -1, 0)	(-1, -1, -1, 0)	(-1, -1, -1, 0)	(-1, -1, -1, 0)	(-1, -1, -1, 0)	(-1, -1, -1, 0)	(-1, -1, -1, 0)	(-1, -1, -1, 0)	(-1, -1, -1, 0)	(-1, -1, -1, 0)	(-1, -1, -1, 0)
452:	(-1, -1, -1, 0)	(-1, -1, -1, 0)	(-1, -1, -1, 0)	(-1, -1, -1, 0)	(-1, -1, -1, 0)	(-1, -1, -1, 0)	(-1, -1, -1, 0)	(-1, -1, -1, 0)	(-1, -1, -1, 0)	(-1, -1, -1, 0)	(-1, -1, -1, 0)	(-1, -1, -1, 0)	(-1, -1, -1, 0)	(-1, -1, -1, 0)	(-1, -1, -1, 0)	(-1, -1, -1, 0)
453:	(-1, -1, -1, 0)	(-1, -1, -1, 0)	(-1, -1, -1, 0)	(-1, -1, -1, 0)	(-1, -1, -1, 0)	(-1, -1, -1, 0)	(-1, -1, -1, 0)	(-1, -1, -1, 0)	(-1, -1, -1, 0)	(-1, -1, -1, 0)	(-1, -1, -1, 0)	(-1, -1, -1, 0)	(-1, -1, -1, 0)	(-1, -1, -1, 0)	(-1, -1, -1, 0)	(-1, -1, -1, 0)
454:	(-1, -1, -1, 0)	(-1, -1, -1, 0)	(-1, -1, -1, 0)	(-1, -1, -1, 0)	(-1, -1, -1, 0)	(-1, -1, -1, 0)	(-1, -1, -1, 0)	(-1, -1, -1, 0)	(-1, -1, -1, 0)	(-1, -1, -1, 0)	(-1, -1, -1, 0)	(-1, -1, -1, 0)	(-1, -1, -1, 0)	(-1, -1, -1, 0)	(-1, -1, -1, 0)	(-1, -1, -1, 0)
455:	(2236, 2235, -1, 1)	(-1, -1, -1, 0)	(-1, -1, -1, 0)	(-1, -1, -1, 0)	(-1, -1, -1, 0)	(-1, -1, -1, 0)	(-1, -1, -1, 0)	(-1, -1, -1, 0)	(-1, -1, -1, 0)	(-1, -1, -1, 0)	(-1, -1, -1, 0)	(-1, -1, -1, 0)	(-1, -1, -1, 0)	(-1, -1, -1, 0)	(-1, -1, -1, 0)	(-1, -1, -1, 0)
456:	(2111, 2095, 2112, 4)	(-1, -1, -1, 0)	(-1, -1, -1, 0)	(-1, -1, -1, 0)	(-1, -1, -1, 0)	(-1, -1, -1, 0)	(-1, -1, -1, 0)	(-1, -1, -1, 0)	(-1, -1, -1, 0)	(-1, -1, -1, 0)	(-1, -1, -1, 0)	(-1, -1, -1, 0)	(-1, -1, -1, 0)	(-1, -1, -1, 0)	(-1, -1, -1, 0)	(-1, -1, -1, 0)
457:	(-1, -1, -1, 0)	(-1, -1, -1, 0)	(-1, -1, -1, 0)	(-1, -1, -1, 0)	(-1, -1, -1, 0)	(-1, -1, -1, 0)	(-1, -1, -1, 0)	(-1, -1, -1, 0)	(-1, -1, -1, 0)	(-1, -1, -1, 0)	(-1, -1, -1, 0)	(-1, -1, -1, 0)	(-1, -1, -1, 0)	(-1, -1, -1, 0)	(-1, -1, -1, 0)	(-1, -1, -1, 0)
458:	(-1, -1, -1, 0)	(-1, -1, -1, 0)	(-1, -1, -1, 0)	(-1, -1, -1, 0)	(-1, -1, -1, 0)	(-1, -1, -1, 0)	(-1, -1, -1, 0)	(-1, -1, -1, 0)	(-1, -1, -1, 0)	(-1, -1, -1, 0)	(-1, -1, -1, 0)	(-1, -1, -1, 0)	(-1, -1, -1, 0)	(-1, -1, -1, 0)	(-1, -1, -1, 0)	(-1, -1, -1, 0)
459:	(-1, -1, -1, 0)	(-1, -1, -1, 0)	(-1, -1, -1, 0)	(-1, -1, -1, 0)	(-1, -1, -1, 0)	(-1, -1, -1, 0)	(-1, -1, -1, 0)	(-1, -1, -1, 0)	(-1, -1, -1, 0)	(-1, -1, -1, 0)	(-1, -1, -1, 0)	(-1, -1, -1, 0)	(-1, -1, -1, 0)	(-1, -1, -1, 0)	(-1, -1, -1, 0)	(-1, -1, -1, 0)
460:	(-1, -1, -1, 0)	(-1, -1, -1, 0)	(-1, -1, -1, 0)	(-1, -1, -1, 0)	(-1, -1, -1, 0)	(-1, -1, -1, 0)	(-1, -1, -1, 0)	(-1, -1, -1, 0)	(-1, -1, -1, 0)	(-1, -1, -1, 0)	(-1, -1, -1, 0)	(-1, -1, -1, 0)	(-1, -1, -1, 0)	(-1, -1, -1, 0)	(-1, -1, -1, 0)	(-1, -1, -1, 0)
461:	(-1, -1, -1, 0)	(-1, -1, -1, 0)	(-1, -1, -1, 0)	(-1, -1, -1, 0)	(-1, -1, -1, 0)	(-1, -1, -1, 0)	(-1, -1, -1, 0)	(-1, -1, -1, 0)	(-1, -1, -1, 0)	(-1, -1, -1, 0)	(-1, -1, -1, 0)	(-1, -1, -1, 0)	(-1, -1, -1, 0)	(-1, -1, -1, 0)	(-1, -1, -1, 0)	(-1, -1, -1, 0)
462:	(-1, -1, -1, 0)	(-1, -1, -1, 0)	(-1, -1, -1, 0)	(-1, -1, -1, 0)	(-1, -1, -1, 0)	(-1, -1, -1, 0)	(-1, -1, -1, 0)	(-1, -1, -1, 0)	(-1, -1, -1, 0)	(-1, -1, -1, 0)	(-1, -1, -1, 0)	(-1, -1, -1, 0)	(-1, -1, -1, 0)	(-1, -1, -1, 0)	(-1, -1, -1, 0)	(-1, -1, -1, 0)
463:	(2246, 2236, 2247, 4)	(-1, -1, -1, 0)	(-1, -1, -1, 0)	(-1, -1, -1, 0)	(-1, -1, -1, 0)	(-1, -1, -1, 0)	(-1, -1, -1, 0)	(-1, -1, -1, 0)	(-1, -1, -1, 0)	(-1, -1, -1, 0)	(-1, -1, -1, 0)	(-1, -1, -1, 0)	(-1, -1, -1, 0)	(-1, -1, -1, 0)	(-1, -1, -1, 0)	(-1, -1, -1, 0)
464:	(-1, -1, -1, 0)	(-1, -1, -1, 0)	(-1, -1, -1, 0)	(-1, -1, -1, 0)	(-1, -1, -1, 0)	(-1, -1, -1, 0)	(-1, -1, -1, 0)	(-1, -1, -1, 0)	(-1, -1, -1, 0)	(-1, -1, -1, 0)	(-1, -1, -1, 0)	(-1, -1, -1, 0)	(-1, -1, -1, 0)	(-1, -1, -1, 0)	(-1, -1, -1, 0)	(-1, -1, -1, 0)
465:	(-1, -1, -1, 0)	(-1, -1, -1, 0)	(-1, -1, -1, 0)	(-1, -1, -1, 0)	(-1, -1, -1, 0)	(-1, -1, -1, 0)	(-1, -1, -1, 0)	(-1, -1, -1, 0)	(-1, -1, -1, 0)	(-1, -1, -1, 0)	(-1, -1, -1, 0)	(-1, -1, -1, 0)	(-1, -1, -1, 0)	(-1, -1, -1, 0)	(-1, -1, -1, 0)	(-1, -1, -1, 0)
466:	(-1, -1, -1, 0)	(-1, -1, -1, 0)	(-1, -1, -1, 0)	(-1, -1, -1, 0)	(-1, -1, -1, 0)	(-1, -1, -1, 0)	(-1, -1, -1, 0)	(-1, -1, -1, 0)	(-1, -1, -1, 0)	(-1, -1, -1, 0)	(-1, -1, -1, 0)	(-1, -1, -1, 0)	(-1, -1, -1, 0)	(-1, -1, -1, 0)	(-1, -1, -1, 0)	(-1, -1, -1, 0)
467:	(-1, -1, -1, 0)	(-1, -1, -1, 0)	(-1, -1, -1, 0)	(-1, -1, -1, 0)	(-1, -1, -1, 0)	(-1, -1, -1, 0)	(-1, -1, -1, 0)	(-1, -1, -1, 0)	(-1, -1, -1, 0)	(-1, -1, -1, 0)	(-1, -1, -1, 0)	(-1, -1, -1, 0)	(-1, -1, -1, 0)	(-1, -1, -1, 0)	(-1, -1, -1, 0)	(-1, -1, -1, 0)
Print Inst Finished!
time: 0	PE: 0	op: -0.00640236 / 1000.01 = -6.40232e-06
time: 0	PE: 1	op: -0.00640227 / 1000.01 = -6.40223e-06
time: 0	PE: 2	op: -9.02095e-05 / 21.8267 = -4.13298e-06
time: 0	PE: 3	op: -0.0232999 / 0.0380804 = -0.61186
time: 0	PE: 4	op: -6.84004e-07 / 1000.01 = -6.83999e-10
time: 0	PE: 5	op: -6.84013e-07 / 1000.01 = -6.84008e-10
time: 0	PE: 6	op: -0.0232999 / 0.0380804 = -0.61186
time: 0	PE: 7	op: -0.00149685 / 1000 = -1.49685e-06
time: 0	PE: 8	op: -0.00872319 / 21.8267 = -0.000399656
time: 0	PE: 9	op: -0.00149684 / 1000 = -1.49684e-06
time: 0	PE: 10	op: 0.0193577 / 0.0380804 = 0.508338
time: 0	PE: 11	op: -0.052129 / 1000.05 = -5.21263e-05
time: 0	PE: 12	op: 0.0193577 / 0.0380804 = 0.508338
time: 0	PE: 13	op: -5.56934e-06 / 1000.05 = -5.56905e-09
time: 0	PE: 14	op: 2.04278e-07 / 1000.05 = 2.04267e-10
time: 0	PE: 15	op: -21.8179 / 21.8267 = -0.999596
time: 1	PE: 0	op: -9.02095e-05 / 21.8267 = -4.13298e-06
time: 1	PE: 1	op: -0.698728 / 1000.35 = -0.000698484
time: 1	PE: 2	op: -0.0521277 / 1000.05 = -5.2125e-05
time: 1	PE: 3	op: -5.5692e-06 / 1000.05 = -5.56891e-09
time: 1	PE: 4	op: -5.56934e-06 / 1000.05 = -5.56905e-09
time: 1	PE: 5	op: -0.00872319 / 21.8267 = -0.000399656
time: 1	PE: 6	op: 0.349245 / 1000.35 = 0.000349123
time: 1	PE: 7	op: -0.0521277 / 1000.05 = -5.2125e-05
time: 1	PE: 8	op: -5.5692e-06 / 1000.05 = -5.56891e-09
time: 1	PE: 9	op: -0.052129 / 1000.05 = -5.21263e-05
time: 1	PE: 10	op: -21.8179 / 21.8267 = -0.999596
time: 1	PE: 11	op: -4.96247e-07 / 1000 = -4.96245e-10
time: 1	PE: 12	op: -0.0524401 / 1000.05 = -5.24373e-05
time: 1	PE: 13	op: -6.84013e-07 / 1000.01 = -6.84008e-10
time: 1	PE: 14	op: -1.40235e-16 / 1000 = -1.40235e-19
time: 1	PE: 15	op: -6.84004e-07 / 1000.01 = -6.83999e-10
time: 2	PE: 0	op: -0.698753 / 1000.35 = -0.000698509
time: 2	PE: 1	op: 0.349276 / 1000.35 = 0.000349154
time: 2	PE: 2	op: -0.0341383 / 0.0380804 = -0.896479
time: 2	PE: 3	op: -4.96256e-07 / 1000 = -4.96254e-10
time: 2	PE: 4	op: -1000 / 1000 = -1
time: 2	PE: 5	op: -1000 / 1000.35 = -0.999651
time: 2	PE: 6	op: -0.00640227 / 1000.01 = -6.40223e-06
time: 2	PE: 7	op: -1000 / 1000.05 = -0.999948
time: 2	PE: 8	op: -1000 / 1000.01 = -0.999994
time: 2	PE: 9	op: -1.41955e-16 / 1000 = -1.41955e-19
time: 2	PE: 10	op: -0.00167203 / 1000 = -1.67203e-06
time: 2	PE: 11	op: -1.41955e-16 / 1000 = -1.41955e-19
time: 2	PE: 12	op: -2.27179e-07 / 1000 = -2.27178e-10
time: 2	PE: 13	op: -1.33378e-07 / 1000 = -1.33378e-10
time: 2	PE: 14	op: -1000 / 2000 = -0.5
time: 2	PE: 15	op: -0.0117315 / 0.391526 = -0.0299636
time: 3	PE: 0	op: -0.0341383 / 0.0380804 = -0.896479
time: 3	PE: 1	op: 0.00149663 / 1000 = 1.49663e-06
time: 3	PE: 2	op: -1000 / 1000 = -1
time: 3	PE: 3	op: -1.03213e-12 / 1000 = -1.03213e-15
time: 3	PE: 4	op: -1000 / 1000.01 = -0.999994
time: 3	PE: 5	op: -1000 / 1000.05 = -0.999948
time: 3	PE: 6	op: -1000 / 1000 = -1
time: 3	PE: 7	op: -1000 / 1000.01 = -0.999994
time: 3	PE: 8	op: -1.04479e-12 / 1000 = -1.04479e-15
time: 3	PE: 9	op: -1000 / 2000 = -0.5
time: 3	PE: 10	op: -1e-12 / 100 = -1e-14
time: 3	PE: 11	op: -1.18e-30 / 100000 = -1.18e-35
time: 3	PE: 12	op: -1000 / 1000.07 = -0.999933
time: 3	PE: 13	op: -1.12445e-10 / 70.922 = -1.58547e-12
time: 4	PE: 0	op: 0.00149664 / 1000 = 1.49664e-06
time: 4	PE: 1	op: 2.04243e-07 / 1000.05 = 2.04232e-10
time: 4	PE: 2	op: -1.40235e-16 / 1000 = -1.40235e-19
time: 4	PE: 3	op: -0.0524564 / 1000.05 = -5.24536e-05
time: 4	PE: 4	op: -1000 / 1000.05 = -0.999948
time: 4	PE: 5	op: -1000 / 1000.05 = -0.999948
time: 4	PE: 6	op: -1000 / 1000.01 = -0.999994
time: 4	PE: 7	op: -1000 / 1000.05 = -0.999948
time: 4	PE: 8	op: -310.078 / -1 = 310.078
time: 4	PE: 9	op: -1000 / 2000 = -0.5
time: 4	PE: 10	op: -3.86179e-12 / 0.379795 = -1.01681e-11
time: 4	PE: 11	op: -1e-12 / 100 = -1e-14
time: 4	PE: 12	op: -1.00082e-12 / 0.01 = -1.00082e-10
time: 4	PE: 13	op: -0.0666667 / 1000.07 = -6.66622e-05
time: 4	PE: 14	op: 0.00641026 / 1 = 0.00641026
time: 4	PE: 15	op: -0.00424862 / 1.43282 = -0.00296522
time: 5	PE: 0	op: -0.00365244 / 1000 = -3.65243e-06
time: 5	PE: 1	op: -0.00365238 / 1000 = -3.65237e-06
time: 5	PE: 2	op: -1000 / 1000 = -0.999996
time: 5	PE: 3	op: -1000 / 1000 = -0.999996
time: 5	PE: 4	op: -1000 / 1000.05 = -0.999948
time: 5	PE: 5	op: -1705.43 / -1 = 1705.43
time: 5	PE: 6	op: -1.04479e-12 / 1000 = -1.04479e-15
time: 5	PE: 7	op: -1.33378e-07 / 1000 = -1.33378e-10
time: 5	PE: 8	op: -1000 / 2000 = -0.5
time: 5	PE: 9	op: -0.379795 / 0.391526 = -0.970036
time: 5	PE: 10	op: -100000 / 100000 = -1
time: 5	PE: 11	op: -100000 / 100000 = -1
time: 5	PE: 12	op: -1000 / 1000 = -0.999999
time: 5	PE: 13	op: 8.33958 / 1 = 8.33958
time: 6	PE: 0	op: -1000 / 1000.35 = -0.999651
time: 6	PE: 1	op: -0.00640236 / 1000.01 = -6.40232e-06
time: 6	PE: 2	op: -310.078 / -1 = 310.078
time: 6	PE: 3	op: -0.00167205 / 1000 = -1.67205e-06
time: 6	PE: 4	op: -2.27181e-07 / 1000 = -2.27181e-10
time: 6	PE: 5	op: -1000 / 2000 = -0.5
time: 6	PE: 6	op: -3.85959e-12 / 0.379795 = -1.01623e-11
time: 6	PE: 7	op: -4.99012e-08 / 1000 = -4.99012e-11
time: 6	PE: 8	op: -1000 / 2000 = -0.5
time: 6	PE: 9	op: -0.000981934 / 21.9246 = -4.47869e-05
time: 6	PE: 10	op: -0.0666667 / 1000.07 = -6.66622e-05
time: 6	PE: 11	op: -0.01 / 0.01 = -1
time: 6	PE: 12	op: 1 / -3635.14 = -0.000275093
time: 6	PE: 13	op: -1 / 1 = -1
time: 6	PE: 14	op: -8.33333 / 1 = -8.33333
time: 7	PE: 0	op: -1.03213e-12 / 1000 = -1.03213e-15
time: 7	PE: 1	op: -1000 / 1000 = -1
time: 7	PE: 2	op: -1000 / 2000 = -0.5
time: 7	PE: 3	op: -0.379795 / 0.391556 = -0.969963
time: 7	PE: 4	op: -1000 / 2000 = -0.5
time: 7	PE: 5	op: -1000 / 1000.07 = -0.999933
time: 7	PE: 6	op: -0.000981936 / 21.9246 = -4.4787e-05
time: 7	PE: 7	op: -0.105657 / 21.9246 = -0.00481913
time: 7	PE: 8	op: -0.379795 / 0.379795 = -1
time: 7	PE: 9	op: -0.0117613 / 0.391556 = -0.0300374
time: 7	PE: 10	op: -31.7901 / 100032 = -0.0003178
time: 7	PE: 11	op: -31.7901 / 100032 = -0.0003178
time: 7	PE: 12	op: -100000 / 100000 = -1
time: 7	PE: 13	op: -0.5 / 2.5 = -0.2
time: 7	PE: 14	op: -0.257971 / 0.757971 = -0.340344
time: 8	PE: 0	op: -1.03213e-12 - -1.03213e-12 * -6.83999e-10 = -1.03213e-12
time: 8	PE: 1	op: -0.00684331 - 0.00161933 * -0.000399656 = -0.00684266
time: 8	PE: 2	op: -0.0194126 - -0.00394214 * 0.508338 = -0.0174087
time: 8	PE: 3	op: 4.0773 - -0.0104327 * -0.000399656 = 4.0773
time: 8	PE: 4	op: 0.00640236 - -0.00640304 * -6.40232e-06 = 0.00640232
time: 8	PE: 5	op: 1000.1 - -0.0524287 * 2.04267e-10 = 1000.1
time: 8	PE: 6	op: -1705.43 / -1 = 1705.43
time: 8	PE: 7	op: -4.99012e-08 / 1000 = -4.99012e-11
time: 8	PE: 8	op: 1 / 100000 = 1e-05
time: 8	PE: 9	op: -0.01 / 0.01 = -1
time: 8	PE: 10	op: 1 / -24.8995 = -0.0401614
time: 9	PE: 0	op: 1000.1 - -1.12027e-05 * -5.24373e-05 = 1000.1
time: 9	PE: 2	op: 0 - -1000 * -5.24373e-05 = -0.0524373
time: 9	PE: 3	op: -1.03213e-12 - -1.03213e-12 * -5.56905e-09 = -1.03213e-12
time: 9	PE: 4	op: 0.052129 - -0.0521346 * -5.21263e-05 = 0.0521263
time: 9	PE: 5	op: -0.349483 - -0.349483 * 0.000349123 = -0.349361
time: 9	PE: 6	op: 0 - 0.00161933 * -0.999596 = 0.00161868
time: 9	PE: 7	op: 0 - -1000 * -1.49685e-06 = -0.00149685
time: 9	PE: 8	op: 0 - -1000 * -5.21263e-05 = -0.0521263
time: 9	PE: 9	op: 1000.7 - -0.349483 * -0.000698484 = 1000.7
time: 9	PE: 10	op: -100 / 100 = -1
time: 9	PE: 11	op: 1 / -1 = -1
time: 10	PE: 0	op: 4000 - -1000 * -0.999651 = 3000.35
time: 10	PE: 1	op: 1000 - -2.55246e-08 * 0.000349123 = 1000
time: 10	PE: 3	op: 0 - -2.13825e-08 * -0.999651 = -2.13751e-08
time: 10	PE: 4	op: 4.09838 - -0.0341383 * -0.896479 = 4.06777
time: 10	PE: 5	op: -2.2e-28 - -0.379795 * -0.0299636 = -0.01138
time: 10	PE: 6	op: 1000 - -1.0005e-12 * -5.2125e-05 = 1000
time: 10	PE: 7	op: 0 - 0.00161933 * -0.999596 = 0.00161868
time: 10	PE: 8	op: -1.00029e-12 - -1.00029e-12 * -1.49684e-06 = -1.00029e-12
time: 10	PE: 9	op: 1000 - -0.00640296 * -6.83999e-10 = 1000
time: 10	PE: 10	op: -1.18e-30 / 100000 = -1.18e-35
time: 10	PE: 11	op: 8.33958 / 1 = 8.33958
time: 11	PE: 0	op: 7000.07 - -1000 * -0.999994 = 6000.08
time: 11	PE: 1	op: 1000.08 - -1000 * -1 = 0.0830078
time: 11	PE: 2	op: 1000 - -2.13825e-08 * 0.000349154 = 1000
time: 11	PE: 3	op: 3000 - -1000 * -1 = 2000
time: 11	PE: 4	op: 0 - -1000 * 0.000349123 = 0.349123
time: 11	PE: 5	op: 0 - -2.03347e-07 * -1 = -2.03347e-07
time: 11	PE: 6	op: 0 - -2.03348e-07 * -1 = -2.03348e-07
time: 11	PE: 7	op: 0 - -1.00029e-12 * -1 = -1.00029e-12
time: 11	PE: 8	op: 1000 - -2.03347e-07 * -1.49684e-06 = 1000
time: 11	PE: 9	op: 1000 - -2.03348e-07 * -1.49685e-06 = 1000
time: 11	PE: 10	op: -0.00149663 - -2.03347e-07 * 1.49663e-06 = -0.00149663
time: 11	PE: 11	op: -0.105657 / 21.9246 = -0.00481913
time: 11	PE: 12	op: -1 / 1 = -1
time: 12	PE: 0	op: 4000 - -1000 * -0.999948 = 3000.05
time: 12	PE: 1	op: 3000 - -1000 * -1 = 2000
time: 12	PE: 2	op: 0 - -1.12027e-05 * -0.999948 = -1.12021e-05
time: 12	PE: 3	op: 0 - -1000 * -5.24536e-05 = -0.0524536
time: 12	PE: 4	op: 0 - -0.00640296 * -0.999994 = -0.00640292
time: 12	PE: 5	op: 0.0521277 - -0.0521333 * -5.2125e-05 = 0.052125
time: 12	PE: 6	op: 0 - -1000 * 1.49663e-06 = 0.00149663
time: 12	PE: 7	op: -0.052445 - -0.052445 * -5.24536e-05 = -0.0524477
time: 12	PE: 10	op: -8.33333 / 1 = -8.33333
time: 12	PE: 11	op: -2e-31 / 1 = -2e-31
time: 13	PE: 0	op: 0 - -1.12062e-05 * -0.999948 = -1.12056e-05
time: 13	PE: 1	op: 4000 - -1000 * -0.999996 = 3000
time: 13	PE: 2	op: 4000 - -1000 * -0.999996 = 3000
time: 13	PE: 3	op: 1100.39 - -3.86179e-12 * -1.01681e-11 = 1100.39
time: 13	PE: 4	op: -0.349476 - -0.349476 * 0.000349154 = -0.349354
time: 13	PE: 5	op: 0.00365238 - -0.00365288 * -3.65237e-06 = 0.00365237
time: 13	PE: 6	op: 1000 - -1.0021e-12 * -3.65243e-06 = 1000
time: 13	PE: 7	op: 0 - -1000 * -3.65243e-06 = -0.00365243
time: 13	PE: 8	op: 0 - -1000 * -1.03213e-15 = -1.03213e-12
time: 13	PE: 9	op: 0 - -1000 * -6.83999e-10 = -6.83999e-07
time: 13	PE: 10	op: 0 - -1000 * -3.65237e-06 = -0.00365237
time: 13	PE: 11	op: 0 - -1000 * -6.84008e-10 = -6.84008e-07
time: 14	PE: 0	op: 0.824106 - -0.01 * -1 = 0.814106
time: 14	PE: 1	op: 1000.1 - -1.12062e-05 * -5.24536e-05 = 1000.1
time: 14	PE: 2	op: 0 - -1000 * 0.000349154 = 0.349154
time: 14	PE: 3	op: 0 - -1.0021e-12 * -0.999996 = -1.0021e-12
time: 14	PE: 4	op: 0 - -1.0005e-12 * -0.999948 = -1.00044e-12
time: 14	PE: 5	op: 1000 - -1.00029e-12 * 1.49663e-06 = 1000
time: 14	PE: 6	op: 0 - -0.0524287 * -0.999948 = -0.0524259
time: 14	PE: 7	op: -0.104858 - -1.12027e-05 * 2.04267e-10 = -0.104858
time: 14	PE: 8	op: -0.714286 / 1 = -0.714286
time: 14	PE: 9	op: -100000 / 1 = -100000
time: 15	PE: 0	op: 1000.1 - -1000 * -0.5 = 500.105
time: 15	PE: 1	op: 0 - -2.55246e-08 * -0.999651 = -2.55157e-08
time: 15	PE: 2	op: 39.8445 - -21.8179 * -0.999596 = 18.0354
time: 15	PE: 3	op: 4.09838 - -0.0341383 * -0.896479 = 4.06777
time: 15	PE: 4	op: 0 - -1.0021e-12 * -0.999996 = -1.0021e-12
time: 15	PE: 5	op: 0 - -1.0005e-12 * -0.999948 = -1.00044e-12
time: 15	PE: 6	op: 1000 - -1.0005e-12 * -5.21263e-05 = 1000
time: 15	PE: 7	op: 1000 - -1.0021e-12 * -3.65237e-06 = 1000
time: 15	PE: 8	op: -1.0005e-12 - -1.0005e-12 * -5.56905e-09 = -1.0005e-12
time: 15	PE: 9	op: 0 - -21.8179 * -4.13298e-06 = -9.01731e-05
time: 15	PE: 10	op: -1.0021e-12 - -1.0021e-12 * -4.96245e-10 = -1.0021e-12
time: 15	PE: 11	op: -100000 / 100000 = -1
time: 16	PE: 0	op: 3000.35 - -1000 * -0.999948 = 2000.4
time: 16	PE: 1	op: 0.824106 - -0.01 * -1 = 0.814106
time: 16	PE: 2	op: 0 - -100000 * 1e-05 = 1
time: 16	PE: 3	op: 39.8445 - -21.8179 * -0.999596 = 18.0354
time: 16	PE: 4	op: -0.00684331 - 0.00161933 * -0.000399656 = -0.00684266
time: 16	PE: 5	op: 5.16095 - -8.47321e-14 * 0.508338 = 5.16095
time: 16	PE: 6	op: 1000 - -1.00149e-12 * -1.03213e-15 = 1000
time: 16	PE: 7	op: 0.459995 - -0.00394214 * -0.61186 = 0.457583
time: 16	PE: 8	op: 0.0443937 - 0.00161933 * -4.13298e-06 = 0.0443937
time: 16	PE: 9	op: -1000 / 2000 = -0.5
time: 16	PE: 10	op: -0.0005 / 0.126415 = -0.00395524
time: 17	PE: 0	op: 6000.08 - -1000 * -0.999948 = 5000.13
time: 17	PE: 1	op: 1000 - -1000 * -0.5 = 500
time: 17	PE: 2	op: 0 - 1 * 1e-05 = -1e-05
time: 17	PE: 3	op: 0 - -8.47321e-14 * -0.896479 = -7.59605e-14
time: 17	PE: 4	op: 0 - -0.00640304 * -0.999994 = -0.006403
time: 17	PE: 5	op: 0 - -0.00394214 * -0.896479 = -0.00353404
time: 17	PE: 6	op: 4.0773 - -0.0104327 * -0.000399656 = 4.0773
time: 17	PE: 7	op: -0.00513377 - -0.0104327 * -4.13298e-06 = -0.00513381
time: 17	PE: 8	op: -0.115915 / 0.126415 = -0.91694
time: 17	PE: 9	op: -0.00424848 / 1.43282 = -0.00296512
time: 18	PE: 0	op: 3000.05 - -1000 * -0.999651 = 2000.4
time: 18	PE: 1	op: 1000 - -1000 * -0.5 = 500
time: 18	PE: 2	op: 0 - -0.0104327 * -0.999596 = -0.0104285
time: 18	PE: 3	op: 0 - -1.00005e-12 * -0.999994 = -1.00004e-12
time: 18	PE: 4	op: -0.00149664 - -2.03348e-07 * 1.49664e-06 = -0.00149664
time: 18	PE: 5	op: 0 - -0.349483 * -0.999651 = -0.349361
time: 18	PE: 6	op: 0 - -1.03213e-12 * -0.999948 = -1.03208e-12
time: 18	PE: 7	op: -1000 / 1000.7 = -0.999302
time: 18	PE: 8	op: 0 - -1e-12 * -1 = -1e-12
time: 18	PE: 9	op: -17.8891 / 17.8891 = -1
time: 18	PE: 10	op: -100000 / 100000 = -1
time: 19	PE: 0	op: 1000.39 - -0.0117613 * -0.0300374 = 1000.39
time: 19	PE: 1	op: 1100.39 - -3.85959e-12 * -1.01623e-11 = 1100.39
time: 19	PE: 2	op: 105.062 - -1.00082e-12 * -1.00082e-10 = 105.062
time: 19	PE: 3	op: 0 - -1.00082e-12 * -1 = -1.00082e-12
time: 19	PE: 4	op: 0 - -0.01 * -1.00082e-10 = -1.00082e-12
time: 19	PE: 5	op: -2.2e-28 - -0.379795 * -0.0300374 = -0.011408
time: 19	PE: 6	op: 1000 - -1.00149e-12 * -1.03213e-15 = 1000
time: 19	PE: 7	op: 0 - -1000 * -6.84008e-10 = -6.84008e-07
time: 19	PE: 8	op: -2.2e-28 - -0.379795 * -1.01623e-11 = -3.85959e-12
time: 19	PE: 9	op: 7000.07 - -1000 * -0.999948 = 6000.12
time: 19	PE: 10	op: -100000 / 100032 = -0.999682
time: 19	PE: 11	op: -0.00641026 / 1 = -0.00641026
time: 20	PE: 0	op: 1100.39 - -0.379795 * -0.970036 = 1100.02
time: 20	PE: 1	op: 0 - -1.00082e-12 * -1 = -1.00082e-12
time: 20	PE: 2	op: 0 - -8.47321e-14 * -0.896479 = -7.59605e-14
time: 20	PE: 3	op: 0 - -1.00029e-12 * -1 = -1.00029e-12
time: 20	PE: 4	op: 0 - -1.00149e-12 * -1 = -1.00149e-12
time: 20	PE: 5	op: -0.0194126 - -0.00394214 * 0.508338 = -0.0174087
time: 20	PE: 6	op: 0 - -0.0341383 * 0.508338 = 0.0173538
time: 20	PE: 7	op: 0 - -1000 * 2.04267e-10 = 2.04267e-07
time: 20	PE: 8	op: -1 / 1 = -1
time: 21	PE: 0	op: 0 - -0.0104327 * -0.999596 = -0.0104285
time: 21	PE: 1	op: 0 - -1.00005e-12 * -0.999994 = -1.00004e-12
time: 21	PE: 2	op: 0 - -0.00394214 * -0.896479 = -0.00353404
time: 21	PE: 3	op: 0 - -1000 * 1.49664e-06 = 0.00149664
time: 21	PE: 4	op: 0 - -0.349476 * -0.999651 = -0.349354
time: 21	PE: 5	op: 1000 - -0.00640304 * -6.84008e-10 = 1000
time: 21	PE: 6	op: 0 - -1000 * -0.5 = -500
time: 21	PE: 7	op: 1000.7 - -0.349476 * -0.000698509 = 1000.7
time: 21	PE: 8	op: -22553.2 / -1 = 22553.2
time: 21	PE: 9	op: 200000 - -100000 * -1 = 100000
time: 22	PE: 0	op: 0 - -1.00149e-12 * -1 = -1.00149e-12
time: 22	PE: 1	op: -1.03213e-12 - -1.03213e-12 * -6.84008e-10 = -1.03213e-12
time: 22	PE: 2	op: 0 - -1000 * -0.5 = -500
time: 22	PE: 3	op: 0.00365244 - -0.00365294 * -3.65243e-06 = 0.00365243
time: 22	PE: 4	op: 0 - -21.8179 * -0.000399656 = -0.00871967
time: 22	PE: 5	op: 0 - -0.052445 * -0.999948 = -0.0524422
time: 22	PE: 6	op: 0 - -0.00365294 * -0.999996 = -0.00365293
time: 22	PE: 7	op: 1000.01 - -1000 * -0.5 = 500.013
time: 22	PE: 8	op: 0 - -0.0341383 * -0.61186 = -0.0208878
time: 22	PE: 9	op: -6.99791e-08 / 26.9179 = -2.59972e-09
time: 23	PE: 0	op: 5000.13 - -1000 * -0.999994 = 4000.14
time: 23	PE: 1	op: -1e-05 / -1 = 1e-05
time: 23	PE: 2	op: 0 - -1000 * -0.5 = -500
time: 23	PE: 3	op: 1000 - -1.00029e-12 * 1.49664e-06 = 1000
time: 23	PE: 4	op: 0 - -1.03213e-12 * -0.999994 = -1.03212e-12
time: 23	PE: 5	op: 0 - -1000 * -5.2125e-05 = -0.052125
time: 23	PE: 6	op: 1000 - -1000 * -0.5 = 500
time: 23	PE: 7	op: 0.459995 - -0.00394214 * -0.61186 = 0.457583
time: 23	PE: 8	op: -1.00029e-12 - -1.00029e-12 * -1.49685e-06 = -1.00029e-12
time: 23	PE: 9	op: -1.00149e-12 - -1.00149e-12 * -1.40235e-19 = -1.00149e-12
time: 23	PE: 10	op: 0 - -0.0666667 * -0.999933 = -0.0666622
time: 24	PE: 0	op: 100000 - -0.0005 * -0.00395524 = 100000
time: 24	PE: 1	op: 5.16095 - -8.47321e-14 * 0.508338 = 5.16095
time: 24	PE: 2	op: 0 - -1000 * -1.49684e-06 = -0.00149684
time: 24	PE: 3	op: 0.00640236 - -0.00640304 * -6.40232e-06 = 0.00640232
time: 24	PE: 4	op: 1000 - -1.00005e-12 * -6.40232e-06 = 1000
time: 24	PE: 6	op: 1000 - -0.00365294 * -4.96254e-10 = 1000
time: 24	PE: 7	op: -0.349361 / 1000.7 = -0.000349117
time: 24	PE: 8	op: -1000 / 2000 = -0.5
time: 24	PE: 9	op: 1 / 100000 = 1e-05
time: 24	PE: 10	op: -4 / 8 = -0.5
time: 25	PE: 0	op: 1100.39 - -0.379795 * -0.969963 = 1100.02
time: 25	PE: 1	op: 105.062 - -100 * -1 = 5.06224
time: 25	PE: 2	op: -1.03213e-12 - -1.03213e-12 * -5.56891e-09 = -1.03213e-12
time: 25	PE: 3	op: 0 - -21.8179 * -0.000399656 = -0.00871967
time: 25	PE: 4	op: 0 - -1000 * -0.5 = -500
time: 25	PE: 5	op: 0 - -1000 * -6.40223e-06 = -0.00640223
time: 25	PE: 6	op: -0.0524287 - -0.0524287 * -5.24373e-05 = -0.0524314
time: 25	PE: 7	op: 0.0443937 - 0.00161933 * -4.13298e-06 = 0.0443937
time: 25	PE: 8	op: 1000 - -1000 * -0.5 = 500.002
time: 25	PE: 9	op: -0.00684266 / 0.0443937 = -0.154136
time: 25	PE: 10	op: 0.00161868 / 0.0443937 = 0.0364618
time: 25	PE: 11	op: -1 / 1 = -1
time: 26	PE: 0	op: 4000 - -1000 * -0.999302 = 3000.7
time: 26	PE: 1	op: 0 - -1000 * -0.5 = -500
time: 26	PE: 2	op: 0.00640227 - -0.00640296 * -6.40223e-06 = 0.00640223
time: 26	PE: 3	op: -9.70857e-13 - -3.07765e-14 * -1.03213e-15 = -9.70857e-13
time: 26	PE: 4	op: 1000 - -1.00005e-12 * -6.40223e-06 = 1000
time: 26	PE: 5	op: 0 - -0.0521346 * -0.999948 = -0.0521319
time: 26	PE: 6	op: -5.48788e-05 - -8.47321e-14 * -0.61186 = -5.48788e-05
time: 26	PE: 7	op: 0 - -1000 * -1.40235e-19 = -1.40235e-16
time: 26	PE: 8	op: 1 / -1 = -1
time: 27	PE: 1	op: 18.0354 - -17.8891 * -1 = 0.146313
time: 27	PE: 2	op: 0.115915 - -0.115915 * -0.91694 = 0.00962788
time: 27	PE: 3	op: 0 - -1.3538e-07 * -1 = -1.3538e-07
time: 27	PE: 4	op: 0 - 1 * -1 = 1
time: 27	PE: 5	op: 1000.06 - -1000 * -0.5 = 500.061
time: 27	PE: 6	op: -0.349354 / 1000.7 = -0.00034911
time: 27	PE: 7	op: 0 - -0.0341383 * -0.61186 = -0.0208878
time: 27	PE: 8	op: 1000 - -3.07765e-14 * -1.40235e-19 = 1000
time: 27	PE: 9	op: 1000 - -1000 * -0.999999 = 0.000976562
time: 27	PE: 10	op: -1000 / 2000 = -0.5
time: 27	PE: 11	op: -100000 / 100000 = -1
time: 28	PE: 0	op: 100000 - -100000 * -0.999682 = 31.7969
time: 28	PE: 1	op: 0 - -0.0341383 * 0.508338 = 0.0173538
time: 28	PE: 2	op: -0.01138 - -3.86179e-12 * -1 = -0.01138
time: 28	PE: 3	op: -2.2e-28 - -0.379795 * -1.01681e-11 = -3.86179e-12
time: 28	PE: 4	op: -0.0130778 / 500.013 = -2.61549e-05
time: 28	PE: 5	op: -1.77687e-06 / 500.013 = -3.55365e-09
time: 28	PE: 6	op: 1000 - -1.03213e-12 * -5.21263e-05 = 1000
time: 28	PE: 7	op: 0.0521277 - -0.0521333 * -5.2125e-05 = 0.052125
time: 28	PE: 8	op: 0 - -1000 * -0.5 = -500
time: 28	PE: 9	op: -0.0524259 / 1000.1 = -5.24204e-05
time: 28	PE: 10	op: -1000 / 1000.07 = -0.999933
time: 28	PE: 11	op: -1000 / 1000 = -0.999999
time: 29	PE: 0	op: 4000.14 - -1000 * -0.999948 = 3000.19
time: 29	PE: 1	op: -9.70857e-13 - -3.07766e-14 * -1.03213e-15 = -9.70857e-13
time: 29	PE: 2	op: 0 - -1.03213e-12 * -0.999948 = -1.03208e-12
time: 29	PE: 3	op: 0 - -0.0521333 * -0.999948 = -0.0521306
time: 29	PE: 4	op: -3.75086e-05 / 500 = -7.50171e-08
time: 29	PE: 5	op: 1000 - -0.0521346 * -5.56905e-09 = 1000
time: 29	PE: 6	op: -0.0174087 / 0.457583 = -0.0380449
time: 29	PE: 7	op: -0.00023891 - -2.55246e-08 * -0.000698484 = -0.00023891
time: 29	PE: 8	op: -1000 / 1000.1 = -0.999895
time: 29	PE: 9	op: 0 - -1000 * -0.000698484 = -0.698484
time: 29	PE: 10	op: 1000 - -3.07766e-14 * -1.40235e-19 = 1000
time: 29	PE: 11	op: 0 - -1000 * -5.56891e-09 = -5.56891e-06
time: 30	PE: 0	op: 1000 - -0.00640296 * -6.83999e-10 = 1000
time: 30	PE: 1	op: 0 - -0.00365288 * -0.999996 = -0.00365286
time: 30	PE: 2	op: 1000 - -1.03213e-12 * -6.40223e-06 = 1000
time: 30	PE: 3	op: 0 - -1000 * -0.5 = -500
time: 30	PE: 4	op: -0.00513377 - -0.0104327 * -4.13298e-06 = -0.00513381
time: 30	PE: 5	op: -0.00353404 / 0.457583 = -0.00772328
time: 30	PE: 6	op: -1000 / 1000 = -1
time: 30	PE: 7	op: -0.43664 / 0.457583 = -0.954232
time: 30	PE: 8	op: -0.00365293 / 1000 = -3.65293e-06
time: 30	PE: 9	op: 0 - -0.0005 * -0.91694 = -0.00045847
time: 30	PE: 10	op: -100000 / 100000 = -1
time: 31	PE: 1	op: 0 - -1.03213e-12 * -0.999994 = -1.03212e-12
time: 31	PE: 2	op: 0 - -1000 * -6.66622e-05 = -0.0666622
time: 31	PE: 3	op: 1000 - -1.03213e-12 * -6.40232e-06 = 1000
time: 31	PE: 4	op: -500 / 500 = -1
time: 31	PE: 5	op: -0.0174087 / 0.457583 = -0.0380449
time: 31	PE: 6	op: -0.00353404 / 0.457583 = -0.00772328
time: 31	PE: 7	op: -0.00170853 / 500.002 = -3.41706e-06
time: 31	PE: 8	op: 0.00365243 / 1000 = 3.65243e-06
time: 31	PE: 9	op: -500 / 500.002 = -0.999997
time: 31	PE: 10	op: -0.43664 / 0.457583 = -0.954232
time: 31	PE: 11	op: -1000 / 2000 = -0.5
time: 31	PE: 12	op: 1 / -3635.14 = -0.000275093
time: 31	PE: 13	op: -18.1818 / 1 = -18.1818
time: 32	PE: 0	op: 0 - -0.00133333 * 1e-05 = 1.33333e-08
time: 32	PE: 1	op: 0 - -1000 * -0.000349117 = -0.349117
time: 32	PE: 2	op: 0 - 1 * 1e-05 = -1e-05
time: 32	PE: 3	op: 0 - -1000 * -0.5 = -500
time: 32	PE: 4	op: 0 - -1000 * -1.03213e-15 = -1.03213e-12
time: 32	PE: 5	op: -5.09627e-09 / 500 = -1.01925e-11
time: 32	PE: 6	op: 0.00161868 / 0.0443937 = 0.0364618
time: 32	PE: 7	op: -0.349354 / 1000.7 = -0.00034911
time: 32	PE: 8	op: -1000 / 1000.7 = -0.999302
time: 32	PE: 9	op: -1 - 3634.14 * -0.000275093 = -0.000275135
time: 32	PE: 10	op: 0 - 1 * -0.000275093 = 0.000275093
time: 32	PE: 11	op: 1 / -3635.14 = -0.000275093
time: 33	PE: 0	op: 0.146313 - -9.01731e-05 * 0.0364618 = 0.146316
time: 33	PE: 1	op: 0 - -1000 * -6.66622e-05 = -0.0666622
time: 33	PE: 2	op: 0 - -31.7901 * -0.999682 = -31.78
time: 33	PE: 3	op: -500 / 500.013 = -0.999974
time: 33	PE: 4	op: -0.0609162 / 500.061 = -0.000121818
time: 33	PE: 5	op: -8.27666e-06 / 500.061 = -1.65513e-08
time: 33	PE: 6	op: -0.00684266 / 0.0443937 = -0.154136
time: 33	PE: 7	op: 1000 - -1000 * -0.999933 = 0.0666504
time: 33	PE: 8	op: 0 - -21.8179 * -4.13298e-06 = -9.01731e-05
time: 33	PE: 9	op: -0.0391698 / 0.0443937 = -0.882326
time: 33	PE: 10	op: -9.55328e-13 - -4.48722e-14 * -1.04479e-15 = -9.55328e-13
time: 33	PE: 11	op: -17.8891 / 17.8891 = -1
time: 33	PE: 12	op: -1000 / 1000 = -1
time: 34	PE: 0	op: 5.06224 - -1 * -1 = 4.06224
time: 34	PE: 1	op: -0.0104285 - -0.00513381 * 0.0364618 = -0.0102413
time: 34	PE: 2	op: -1.00082e-12 - -1.18986e-12 * -1 = -2.19068e-12
time: 34	PE: 3	op: 200001 - -100000 * -1 = 100001
time: 34	PE: 4	op: 0 - 1 * -1 = 1
time: 34	PE: 5	op: -2.32138e-07 / 500.002 = -4.64274e-10
time: 34	PE: 6	op: 0 - -1000 * -0.5 = -500
time: 34	PE: 7	op: 1000 - -1.03213e-12 * -1.67203e-06 = 1000
time: 34	PE: 8	op: -1e-12 / 0.0143885 = -6.95e-11
time: 35	PE: 0	op: 3000.19 - -0.0666667 * -6.66622e-05 = 3000.19
time: 35	PE: 1	op: 0 - 1 * -1 = 1
time: 35	PE: 2	op: 0 - -1000 * -0.00034911 = -0.34911
time: 35	PE: 3	op: -0.00020014 - -2.13825e-08 * -0.000698509 = -0.00020014
time: 35	PE: 4	op: 0.0521263 / 1000 = 5.21263e-05
time: 35	PE: 5	op: -1.0005e-12 - -1.0005e-12 * -5.56891e-09 = -1.0005e-12
time: 35	PE: 6	op: -1000 / 1000 = -1
time: 35	PE: 7	op: 0 - -1000 * -0.5 = -500
time: 35	PE: 8	op: -1.00005e-12 - -1.00005e-12 * -6.83999e-10 = -1.00005e-12
time: 35	PE: 9	op: -0.0391698 / 0.0443937 = -0.882326
time: 35	PE: 10	op: -7.69231e-05 - -1.18e-30 * -1 = -7.69231e-05
time: 36	PE: 0	op: 2000.4 - 2.04267e-07 * -5.24204e-05 = 2000.4
time: 36	PE: 1	op: 0 - -0.698484 * -0.999302 = -0.697996
time: 36	PE: 2	op: -1.12021e-05 - -0.104858 * -5.24204e-05 = -1.66988e-05
time: 36	PE: 3	op: 0 - -1000 * -5.24204e-05 = -0.0524204
time: 36	PE: 4	op: -0.0025 - -0.0391698 * 0.0364618 = -0.0010718
time: 36	PE: 5	op: 0 - -1000 * -6.40232e-06 = -0.00640232
time: 36	PE: 6	op: 1000 - -1000 * -0.5 = 500.002
time: 36	PE: 7	op: -1000 / 1000 = -1
time: 36	PE: 8	op: -0.349361 / 1000.7 = -0.000349118
time: 36	PE: 9	op: -0.0524314 / 1000.1 = -5.24259e-05
time: 36	PE: 10	op: -1.3538e-07 / 17.8891 = -7.56776e-09
time: 36	PE: 11	op: 8.33333 / 1 = 8.33333
time: 37	PE: 0	op: 2000 - -1000 * -0.999895 = 1000.1
time: 37	PE: 1	op: 0 - -0.104858 * -0.999895 = -0.104847
time: 37	PE: 2	op: 0 - 2.04267e-07 * -0.999895 = 2.04246e-07
time: 37	PE: 3	op: 0 - -500 * -3.55365e-09 = -1.77682e-06
time: 37	PE: 4	op: 1000.06 - -1000 * -0.5 = 500.061
time: 37	PE: 5	op: -1.03213e-12 / 1000 = -1.03213e-15
time: 37	PE: 6	op: -1.03213e-12 / 1000 = -1.03213e-15
time: 37	PE: 7	op: -1000 / 1000 = -1
time: 37	PE: 8	op: 0 - -1000 * -0.5 = -500
time: 37	PE: 9	op: 1 / -1 = -1
time: 37	PE: 10	op: -1 / 1 = -1
time: 37	PE: 11	op: -100000 / 100009 = -0.999911
time: 38	PE: 0	op: -2.55157e-08 - -0.00023891 * -0.000349117 = -1.08923e-07
time: 38	PE: 1	op: 0 - -0.00023891 * -0.999302 = -0.000238743
time: 38	PE: 2	op: -1e-05 / -1 = 1e-05
time: 38	PE: 3	op: 0 - -3.07765e-14 * -1 = -3.07765e-14
time: 38	PE: 4	op: 1000 - -3.90678e-08 * -7.50171e-08 = 1000
time: 38	PE: 5	op: 0 - -500 * -7.50171e-08 = -3.75086e-05
time: 38	PE: 6	op: -5.48788e-05 - -8.47321e-14 * -0.61186 = -5.48788e-05
time: 38	PE: 7	op: 0 - -1000 * -0.000698509 = -0.698509
time: 38	PE: 8	op: 200000 - -100000 * -1 = 100000
time: 38	PE: 9	op: 1000 - -4.48722e-14 * -1.41955e-19 = 1000
time: 39	PE: 0	op: 0.814106 - -0.43664 * -0.954232 = 0.39745
time: 39	PE: 1	op: 1000.1 - -1000 * -0.5 = 500.105
time: 39	PE: 2	op: 500 - -500 * -1 = 0.000305176
time: 39	PE: 3	op: 4.06777 - -0.0208878 * -0.00772328 = 4.06761
time: 39	PE: 4	op: 0 - -3.90678e-08 * -1 = -3.90678e-08
time: 39	PE: 5	op: -1000 / 1000 = -1
time: 39	PE: 6	op: -0.00837101 - 0.003331 * -3.41706e-06 = -0.00837099
time: 39	PE: 7	op: 0 - -0.43664 * -0.0380449 = -0.0166119
time: 39	PE: 8	op: -1.03212e-12 / 1000 = -1.03212e-15
time: 39	PE: 9	op: -1.18e-30 / 100000 = -1.18e-35
time: 40	PE: 0	op: 0.814106 - -0.43664 * -0.954232 = 0.39745
time: 40	PE: 1	op: 0 - -1000 * -0.00034911 = -0.34911
time: 40	PE: 2	op: 0 - -100000 * 1e-05 = 1
time: 40	PE: 3	op: 4.06777 - -0.0208878 * -0.00772328 = 4.06761
time: 40	PE: 4	op: 0 - 0.003331 * -0.999997 = 0.00333099
time: 40	PE: 5	op: 0 - -0.43664 * -0.00772328 = -0.00337229
time: 40	PE: 6	op: -0.0025 - -0.0391698 * 0.0364618 = -0.0010718
time: 40	PE: 7	op: 0 - -500 * -1.01925e-11 = -5.09627e-09
time: 40	PE: 8	op: -1.3538e-07 / 17.8891 = -7.56776e-09
time: 41	PE: 0	op: 500 - -500 * -0.999974 = 0.0132446
time: 41	PE: 1	op: 1000.01 - -0.0524564 * -1.65513e-08 = 1000.01
time: 41	PE: 2	op: 0 - -500 * -1.65513e-08 = -8.27565e-06
time: 41	PE: 3	op: 1 / -1 = -1
time: 41	PE: 4	op: 4000 - -1000 * -0.999302 = 3000.7
time: 41	PE: 5	op: -0.0025 - -9.01731e-05 * -0.882326 = -0.00257956
time: 41	PE: 6	op: 0.0130777 - -0.0130795 * -2.61549e-05 = 0.0130773
time: 41	PE: 7	op: 5.16095 - -5.48788e-05 * -0.0380449 = 5.16094
time: 41	PE: 8	op: 0 - -1000 * -5.56891e-09 = -5.56891e-06
time: 41	PE: 9	op: 1 / -1 = -1
time: 42	PE: 0	op: 2000.4 - -0.698484 * -0.000349117 = 2000.4
time: 42	PE: 1	op: -2.13751e-08 - -0.00020014 * -0.00034911 = -9.12462e-08
time: 42	PE: 2	op: 0 - -0.00020014 * -0.999302 = -0.000200001
time: 42	PE: 3	op: 18.0354 - -9.01731e-05 * 0.0364618 = 18.0354
time: 42	PE: 4	op: 0 - -0.0130795 * -0.999974 = -0.0130792
time: 42	PE: 5	op: -3.89391e-08 - -3.89391e-08 * -3.55365e-09 = -3.89391e-08
time: 42	PE: 6	op: 0 - -3.89391e-08 * -0.999974 = -3.89381e-08
time: 42	PE: 7	op: 0 - -1000 * -0.5 = -500
time: 42	PE: 8	op: 1000 - -3.89391e-08 * -2.61549e-05 = 1000
time: 42	PE: 9	op: 0 - -500 * -2.61549e-05 = -0.0130774
time: 42	PE: 10	op: -0.00871967 - -9.01731e-05 * -0.154136 = -0.00873356
time: 42	PE: 11	op: -3.84445e-12 / 0.000976562 = -3.93671e-09
time: 43	PE: 0	op: 5000 - -1000 * -1 = 4000
time: 43	PE: 1	op: -0.0025 - -9.01731e-05 * -0.882326 = -0.00257956
time: 43	PE: 2	op: -0.00503977 - -0.00503977 * -4.64274e-10 = -0.00503977
time: 43	PE: 3	op: 1000.01 - 0.003331 * -4.64274e-10 = 1000.01
time: 43	PE: 4	op: 0 - -0.00503977 * -0.999997 = -0.00503975
time: 43	PE: 5	op: 0 - -500 * -4.64274e-10 = -2.32137e-07
time: 43	PE: 6	op: -1.03213e-12 / 1000 = -1.03213e-15
time: 43	PE: 7	op: -0.00170852 / 500.002 = -3.41702e-06
time: 43	PE: 8	op: -2.32135e-07 / 500.002 = -4.64269e-10
time: 43	PE: 9	op: -0.00871967 - -9.01731e-05 * -0.154136 = -0.00873356
time: 43	PE: 10	op: -500 / 500.002 = -0.999997
time: 43	PE: 11	op: -1.03212e-12 / 1000 = -1.03212e-15
time: 43	PE: 12	op: -1.03208e-12 / 1000 = -1.03208e-15
time: 43	PE: 13	op: -1.18986e-12 / 1 = -1.18986e-12
time: 43	PE: 14	op: -1000 / 1000 = -0.999999
time: 44	PE: 0	op: 2000.4 - -0.698509 * -0.00034911 = 2000.4
time: 44	PE: 1	op: 500.105 - -0.104858 * -5.24259e-05 = 500.105
time: 44	PE: 2	op: 0 - -0.698509 * -0.999302 = -0.698021
time: 44	PE: 3	op: 0 - -1000 * -5.24259e-05 = -0.0524259
time: 44	PE: 4	op: 0.349154 - -0.698509 * -0.00034911 = 0.34891
time: 44	PE: 5	op: 0.349123 - -0.698484 * -0.000349118 = 0.348879
time: 44	PE: 6	op: 1000 - -0.0130795 * -3.55365e-09 = 1000
time: 44	PE: 7	op: -8.27501e-06 / 500.061 = -1.6548e-08
time: 44	PE: 8	op: 31.7901 - -31.7901 * -0.0003178 = 31.78
time: 44	PE: 9	op: 1000.02 - -1000 * -0.5 = 500.025
time: 44	PE: 10	op: -1.18986e-12 / 1 = -1.18986e-12
time: 45	PE: 0	op: 0.39745 - -0.0391698 * -0.882326 = 0.362889
time: 45	PE: 1	op: 0.000305176 - -0.00023891 * -0.000349118 = 0.000305092
time: 45	PE: 2	op: -0.0524373 - 2.04267e-07 * -5.24259e-05 = -0.0524373
time: 45	PE: 3	op: 0 - -0.0208878 * -0.954232 = -0.0199318
time: 45	PE: 4	op: 3000 - -1000 * -1 = 2000
time: 45	PE: 5	op: -7.59605e-14 - -5.48788e-05 * -0.00772328 = -4.23844e-07
time: 45	PE: 6	op: 0 - -0.00513381 * -0.882326 = -0.0045297
time: 45	PE: 7	op: 0 - -0.115915 * -0.00395524 = -0.00045847
time: 45	PE: 8	op: 0 - -8.89838 * -0.999911 = -8.89759
time: 46	PE: 0	op: 0.39745 - -0.0391698 * -0.882326 = 0.362889
time: 46	PE: 2	op: 0 - -0.43664 * -0.00772328 = -0.00337229
time: 46	PE: 3	op: -3.90678e-08 - -3.90678e-08 * -1.01925e-11 = -3.90678e-08
time: 46	PE: 4	op: -7.59605e-14 - -5.48788e-05 * -0.00772328 = -4.23844e-07
time: 46	PE: 5	op: 0 - -1.3538e-07 * -1 = -1.3538e-07
time: 46	PE: 6	op: 0 - -5.48788e-05 * -0.954232 = -5.23671e-05
time: 46	PE: 7	op: -0.0609041 / 500.061 = -0.000121793
time: 46	PE: 8	op: -3.90678e-08 / 1000 = -3.90678e-11
time: 46	PE: 9	op: -1000 / 1000 = -1
time: 46	PE: 10	op: 0 - -0.0391698 * -0.154136 = -0.00603746
time: 46	PE: 11	op: -5.22343e-16 / 0.000976562 = -5.3488e-13
time: 46	PE: 12	op: -2325.58 / 1 = -2325.58
time: 47	PE: 0	op: 0.0132446 - -0.00020014 * -0.00034911 = 0.0132446
time: 47	PE: 1	op: 0 - -0.00133333 * 1e-05 = 1.33333e-08
time: 47	PE: 2	op: 0 - -1000 * -0.000349118 = -0.349118
time: 47	PE: 3	op: -0.0104285 - -0.00513381 * 0.0364618 = -0.0102413
time: 47	PE: 4	op: 1000 - -1.03213e-12 * -5.2125e-05 = 1000
time: 47	PE: 5	op: 4.0773 - -0.00513381 * -0.154136 = 4.07651
time: 47	PE: 6	op: 0.052129 - -0.0521346 * -5.21263e-05 = 0.0521263
time: 47	PE: 7	op: 1000.1 - -0.052445 * 2.04232e-10 = 1000.1
time: 47	PE: 8	op: -1.00005e-12 / 0.0666504 = -1.50044e-11
time: 47	PE: 9	op: -1.00005e-12 / 0.0666504 = -1.50044e-11
time: 47	PE: 10	op: -1000 / 1000 = -1
time: 47	PE: 11	op: -9.55328e-13 / 1000 = -9.55328e-16
time: 48	PE: 0	op: 18.0354 - -17.8891 * -1 = 0.146317
time: 48	PE: 1	op: 0 - -0.0208878 * -0.954232 = -0.0199318
time: 48	PE: 2	op: 3000 - -1000 * -1 = 2000
time: 48	PE: 3	op: -0.00846811 - -0.00846811 * -1.65513e-08 = -0.00846811
time: 48	PE: 4	op: 0 - -1.0005e-12 * -1 = -1.0005e-12
time: 48	PE: 5	op: 1000 - -1.0005e-12 * 5.21263e-05 = 1000
time: 48	PE: 6	op: -500 / 500.061 = -0.999878
time: 48	PE: 7	op: 1000 - -0.00365288 * -4.96245e-10 = 1000
time: 48	PE: 8	op: 0 - -1000 * -4.96245e-10 = -4.96245e-07
time: 48	PE: 9	op: -1 / 1 = -1
time: 49	PE: 0	op: 4000 - -1000 * -1 = 3000
time: 49	PE: 1	op: 0 - -0.00133333 * -1 = -0.00133333
time: 49	PE: 2	op: 0 - -3.74746e-05 * -1 = -3.74746e-05
time: 49	PE: 3	op: 0 - -5.48788e-05 * -0.954232 = -5.23671e-05
time: 49	PE: 4	op: 1000 - -1000 * -0.999933 = 0.0666504
time: 49	PE: 5	op: -9.70857e-13 / 1000 = -9.70857e-16
time: 49	PE: 6	op: 0 - -0.0391698 * -0.154136 = -0.00603746
time: 49	PE: 7	op: -1000 / 1000 = -1
time: 49	PE: 8	op: 0 - -0.0666667 * -0.999933 = -0.0666622
time: 49	PE: 9	op: -1 / 1 = -1
time: 50	PE: 0	op: 0 - -17.8891 * -7.56776e-09 = -1.3538e-07
time: 50	PE: 1	op: 0 - -17.8891 * -7.56776e-09 = -1.3538e-07
time: 50	PE: 2	op: 0 - -1000 * -1.03212e-15 = -1.03212e-12
time: 50	PE: 3	op: -3.89391e-08 / 1000 = -3.89391e-11
time: 50	PE: 4	op: -3.89381e-08 / 1000 = -3.89381e-11
time: 50	PE: 5	op: -1000 / 1000 = -1
time: 50	PE: 7	op: -3.86179e-12 - -0.0117315 * -0.970036 = -0.01138
time: 50	PE: 8	op: -5.90855e-11 / 31.78 = -1.8592e-12
time: 50	PE: 9	op: 1000.02 - -1000 * -0.5 = 500.025
time: 50	PE: 10	op: -1 / 1 = -1
time: 50	PE: 11	op: -1 / 1 = -1
time: 50	PE: 12	op: -1e-12 / 6.01288 = -1.6631e-13
time: 51	PE: 0	op: 0 - -1000 * -1.03208e-15 = -1.03208e-12
time: 51	PE: 1	op: 0.362889 - -1.18986e-12 * -1.18986e-12 = 0.362889
time: 51	PE: 2	op: 0 - 0.00333097 * -0.999997 = 0.00333096
time: 51	PE: 3	op: -1.00082e-12 - -1 * -1.18986e-12 = -2.19068e-12
time: 51	PE: 4	op: 1000 - -3.74746e-05 * -1.01925e-11 = 1000
time: 51	PE: 5	op: 3.74304e-05 - -3.74746e-05 * -7.50171e-08 = 3.74304e-05
time: 51	PE: 6	op: 0 - -1000 * 5.21263e-05 = 0.0521263
time: 51	PE: 7	op: -5.16089 / 5.16094 = -0.99999
time: 51	PE: 8	op: -0.0521319 / 1000 = -5.21319e-05
time: 51	PE: 9	op: 6000.12 - -1000 * -0.999994 = 5000.13
time: 51	PE: 10	op: -100000 / 100009 = -0.999911
time: 51	PE: 11	op: -1000 / 1000.07 = -0.999933
time: 51	PE: 12	op: 1 / -24.8995 = -0.0401614
time: 52	PE: 0	op: 0.362889 - -1.18986e-12 * -1.18986e-12 = 0.362889
time: 52	PE: 1	op: 1000.01 - -0.0524401 * -1.6548e-08 = 1000.01
time: 52	PE: 2	op: 0 - -500 * -1.6548e-08 = -8.27401e-06
time: 52	PE: 3	op: -1.00082e-12 - -1 * -1.18986e-12 = -2.19068e-12
time: 52	PE: 4	op: 0 - -500 * -4.64269e-10 = -2.32134e-07
time: 52	PE: 5	op: 0.00640227 - -0.00640296 * -6.40223e-06 = 0.00640223
time: 52	PE: 6	op: -3.90678e-08 / 1000 = -3.90678e-11
time: 52	PE: 7	op: 4.0773 - -0.00513381 * -0.154136 = 4.07651
time: 52	PE: 8	op: -5.23671e-05 / 5.16094 = -1.01468e-05
time: 52	PE: 9	op: -3.33333e-05 - -1.18e-30 * -1 = -3.33333e-05
time: 52	PE: 10	op: -8.89838 / 100009 = -8.89759e-05
time: 52	PE: 11	op: -0.00625 - -1 * -8.33333 = -8.33958
time: 53	PE: 0	op: 0 - -1000 * -1.03212e-15 = -1.03212e-12
time: 53	PE: 1	op: -0.00503972 - -0.00503972 * -4.64269e-10 = -0.00503972
time: 53	PE: 2	op: 0 - -0.00503972 * -0.999997 = -0.0050397
time: 53	PE: 3	op: 0 - -3.07766e-14 * -1 = -3.07766e-14
time: 53	PE: 4	op: -1.03213e-12 / 1000 = -1.03213e-15
time: 53	PE: 5	op: -4.06174 / 4.07651 = -0.996377
time: 53	PE: 6	op: 1000.01 - -0.00503972 * -3.41702e-06 = 1000.01
time: 53	PE: 7	op: -0.00837092 - 0.00333097 * -3.41702e-06 = -0.0083709
time: 53	PE: 8	op: -0.0102413 / 4.07651 = -0.00251228
time: 53	PE: 9	op: -0.0524477 / 1000.1 = -5.24422e-05
time: 53	PE: 10	op: -0.0524422 / 1000.1 = -5.24367e-05
time: 53	PE: 11	op: -0.0045297 / 4.07651 = -0.00111117
time: 53	PE: 12	op: 0.00641026 / 1 = 0.00641026
time: 53	PE: 13	op: -1 / 1 = -1
time: 53	PE: 14	op: -0.00641026 / 1 = -0.00641026
time: 54	PE: 0	op: 5000 - -1000 * -1 = 4000
time: 54	PE: 1	op: 0 - -3.75086e-05 * -1 = -3.75086e-05
time: 54	PE: 2	op: 0.000305092 - -3.75086e-05 * -3.90678e-11 = 0.000305092
time: 54	PE: 3	op: 0 - -1000 * -3.90678e-11 = -3.90678e-08
time: 54	PE: 4	op: -0.00847231 - -0.00847231 * -1.6548e-08 = -0.00847231
time: 54	PE: 5	op: 0 - -0.00513381 * -0.882326 = -0.0045297
time: 54	PE: 6	op: -1.33333e-06 - -1.18e-30 * -1 = -1.33333e-06
time: 54	PE: 7	op: 5.16095 - -5.48788e-05 * -0.0380449 = 5.16094
time: 54	PE: 8	op: 0.0173538 - -0.0208878 * -0.0380449 = 0.0165591
time: 54	PE: 9	op: -1000 / 1000 = -1
time: 54	PE: 10	op: 0 - -500 * -3.41706e-06 = -0.00170853
time: 54	PE: 11	op: -1.03208e-12 / 1000 = -1.03208e-15
time: 54	PE: 12	op: -100000 / 100000 = -1
time: 55	PE: 0	op: 1000.01 - 0.00333097 * -4.64269e-10 = 1000.01
time: 55	PE: 1	op: -7.09175e-05 - 7.09078e-05 * -1.50044e-11 = -7.09175e-05
time: 55	PE: 2	op: 1000 - -7.09078e-05 * -1.50044e-11 = 1000
time: 55	PE: 3	op: 0 - -0.0666622 * -1.50044e-11 = -1.00023e-12
time: 55	PE: 4	op: 0.0439595 - -0.0524401 * -0.000121793 = 0.0439531
time: 55	PE: 5	op: -1000 / 1000.1 = -0.999895
time: 55	PE: 6	op: -1.00005e-12 / 0.0666504 = -1.50044e-11
time: 55	PE: 7	op: 1000 - 7.09078e-05 * -1.50044e-11 = 1000
time: 55	PE: 8	op: 0 - -0.43664 * -0.0380449 = -0.0166119
time: 55	PE: 9	op: -0.0666622 / 0.0666504 = -1.00018
time: 55	PE: 10	op: 1000 - -1000 * -0.999999 = 0.000976562
time: 55	PE: 11	op: -1.18e-30 / 100000 = -1.18e-35
time: 56	PE: 0	op: 500.105 - -500 * -0.999878 = 0.165833
time: 56	PE: 1	op: 0 - -0.0524564 * -0.999878 = -0.05245
time: 56	PE: 2	op: 1000.02 - -0.00847231 * -0.000121793 = 1000.02
time: 56	PE: 3	op: 0.04398 - -0.0524564 * -0.000121818 = 0.0439736
time: 56	PE: 4	op: -1.0005e-12 / 1000 = -1.0005e-15
time: 56	PE: 5	op: 0 - -500 * -0.000121818 = -0.0609088
time: 56	PE: 6	op: -1000 / 1000 = -1
time: 56	PE: 7	op: -3.07765e-14 / 1000 = -3.07765e-17
time: 56	PE: 8	op: 0 - -0.0666622 * -1.50044e-11 = -1.00023e-12
time: 56	PE: 9	op: 0 - 1 * -0.000275093 = 0.000275093
time: 56	PE: 10	op: -1.03213e-12 - -1.03213e-12 * -2.27178e-10 = -1.03213e-12
time: 56	PE: 11	op: -1000 / 1000 = -1
time: 56	PE: 12	op: -0.379795 / 0.379795 = -1
time: 57	PE: 0	op: -3.74746e-05 - 3.74304e-05 * -3.90678e-11 = -3.74746e-05
time: 57	PE: 1	op: 0 - 3.74304e-05 * -1 = 3.74304e-05
time: 57	PE: 2	op: 0 - -1 * -2325.58 = -2325.58
time: 57	PE: 3	op: 0.0173538 - -0.0208878 * -0.0380449 = 0.0165591
time: 57	PE: 4	op: -4.23844e-07 / 5.16094 = -8.21254e-08
time: 57	PE: 5	op: 0 - -500 * -3.41702e-06 = -0.00170851
time: 57	PE: 6	op: 0 - -1000 * -4.96254e-10 = -4.96254e-07
time: 57	PE: 7	op: 0 - -1000 * -6.40223e-06 = -0.00640223
time: 57	PE: 8	op: 0 - -100000 * -1 = -100000
time: 57	PE: 9	op: -1.18e-30 / 100000 = -1.18e-35
time: 57	PE: 10	op: 1 / -24.8995 = -0.0401614
time: 58	PE: 0	op: 3000.19 - -1e-12 * -1.6631e-13 = 3000.19
time: 58	PE: 1	op: 0 - -1000 * -3.89381e-11 = -3.89381e-08
time: 58	PE: 2	op: 105.062 - -1 * -1 = 104.062
time: 58	PE: 3	op: 2000.04 - -1000 * -1 = 1000.04
time: 58	PE: 4	op: 0 - -1.18986e-12 * -1 = -1.18986e-12
time: 58	PE: 5	op: -0.0130792 - 0.0130773 * -3.89381e-11 = -0.0130792
time: 58	PE: 6	op: 1000.02 - -0.00846811 * -0.000121818 = 1000.02
time: 58	PE: 7	op: 0 - -500 * -0.000121793 = -0.0608967
time: 58	PE: 8	op: -1.00007e-12 - -1.00007e-12 * -5.3488e-13 = -1.00007e-12
time: 58	PE: 9	op: -1.12445e-10 / 70.922 = -1.58547e-12
time: 58	PE: 10	op: 100001 - -100000 * -0.999911 = 10.1953
time: 59	PE: 0	op: 3000 - -1000 * -1 = 2000
time: 59	PE: 1	op: -1.03208e-12 - -1000 * -5.21319e-05 = -0.0521319
time: 59	PE: 2	op: 0 - -0.0130774 * -1 = -0.0130774
time: 59	PE: 3	op: 0 - 0.0130773 * -1 = 0.0130773
time: 59	PE: 4	op: 0 - -0.00846811 * -0.999878 = -0.00846708
time: 59	PE: 5	op: -1.00044e-12 - -1.0005e-12 * -5.21319e-05 = -1.0005e-12
time: 59	PE: 6	op: -1.77682e-06 - -0.0130774 * -3.89391e-11 = -1.77682e-06
time: 59	PE: 7	op: -500 / 500.061 = -0.999878
time: 59	PE: 8	op: -0.0102413 / 4.07651 = -0.00251228
time: 59	PE: 9	op: -1.00005e-12 / 0.0666504 = -1.50044e-11
time: 59	PE: 10	op: -1000 / 1000.01 = -0.99999
time: 59	PE: 11	op: 1000 - -0.0521346 * -5.56905e-09 = 1000
time: 59	PE: 12	op: -1.18e-30 / 100000 = -1.18e-35
time: 60	PE: 0	op: 0 - -5.16089 * -1.01468e-05 = -5.23665e-05
time: 60	PE: 1	op: 0.0132446 - -0.0130774 * -3.89381e-11 = 0.0132446
time: 60	PE: 2	op: 0 - -1 * -1 = -1
time: 60	PE: 3	op: 8.89838 - -5.81108e-11 * -1.8592e-12 = 8.89838
time: 60	PE: 4	op: 1000 - 0.0130773 * -3.89391e-11 = 1000
time: 60	PE: 5	op: 1000 - -0.0521333 * -5.56891e-09 = 1000
time: 60	PE: 6	op: -5.16089 / 5.16094 = -0.99999
time: 60	PE: 7	op: -5.23671e-05 / 5.16094 = -1.01468e-05
time: 60	PE: 8	op: 0 - -1000 * -5.2125e-05 = -0.052125
time: 60	PE: 9	op: -4.42388e-10 - -9.38897e-12 * -1.8592e-12 = -4.42388e-10
time: 60	PE: 10	op: 1000 - -1000 * -1 = 0.000366211
time: 61	PE: 0	op: 0.362889 - -0.00603746 * -0.00111117 = 0.362883
time: 61	PE: 1	op: 0 - -1000 * -5.24367e-05 = -0.0524367
time: 61	PE: 2	op: -0.0010718 - -0.00603746 * -0.00251228 = -0.00108697
time: 61	PE: 3	op: 1000 - 3.74304e-05 * -3.90678e-11 = 1000
time: 61	PE: 4	op: -4.06174 / 4.07651 = -0.996377
time: 61	PE: 5	op: 1000.01 - -0.00503977 * -3.41706e-06 = 1000.01
time: 61	PE: 6	op: 0 - -1000 * 3.65243e-06 = 0.00365243
time: 61	PE: 7	op: -0.00365286 / 1000 = -3.65286e-06
time: 61	PE: 8	op: 0.00822272 - -0.0326096 * -0.00481913 = 0.00806557
time: 61	PE: 9	op: -1000 - -1000 * -1.03213e-15 = -1000
time: 61	PE: 10	op: 4.01 - -4 * -0.5 = 2.01
time: 62	PE: 0	op: 4000 - -1000 * -1 = 3000
time: 62	PE: 1	op: 0 - -1000 * -1.03208e-15 = -1.03208e-12
time: 62	PE: 2	op: 0 - -8.89838 * -0.999911 = -8.89759
time: 62	PE: 3	op: -0.00847231 / 1000.02 = -8.47216e-06
time: 62	PE: 4	op: 0 - -1000 * -3.90678e-11 = -3.90678e-08
time: 62	PE: 5	op: -1000 / 1000.02 = -0.999983
time: 62	PE: 6	op: 0.00365237 / 1000 = 3.65237e-06
time: 62	PE: 7	op: -1000 / 1000 = -1
time: 62	PE: 8	op: -9.63422e-09 - -7.09078e-05 * -1.50044e-11 = -9.63422e-09
time: 62	PE: 9	op: -7.09175e-05 / 1000 = -7.09175e-08
time: 62	PE: 10	op: -0.0045297 / 4.07651 = -0.00111117
time: 62	PE: 11	op: -3.84445e-12 / 0.000976562 = -3.93671e-09
time: 63	PE: 1	op: 2000 - -1000 * -0.999895 = 1000.1
time: 63	PE: 2	op: 0 - -1000 * -5.24422e-05 = -0.0524422
time: 63	PE: 3	op: 0 - 1 * -1 = 1
time: 63	PE: 4	op: 0 - -7.088e-05 * -1.00018 = -7.08926e-05
time: 63	PE: 5	op: -5.09627e-09 - -3.75086e-05 * -3.90678e-11 = -5.09627e-09
time: 63	PE: 6	op: -4.23844e-07 / 5.16094 = -8.21254e-08
time: 63	PE: 7	op: -9.70857e-13 / 1000 = -9.70857e-16
time: 63	PE: 8	op: -1000 / 1000 = -1
time: 63	PE: 9	op: -1000 / 1000 = -1
time: 63	PE: 10	op: -1 - 23.8995 * -0.0401614 = -0.0401614
time: 63	PE: 11	op: -1000 / 1000 = -0.999999
time: 63	PE: 12	op: -2.4023e-12 / 0.01 = -2.4023e-10
time: 64	PE: 0	op: 3000.19 - -0.0666622 * -1.00018 = 3000.12
time: 64	PE: 2	op: 0 - 0.0521263 * -1 = 0.0521263
time: 64	PE: 3	op: 1000.39 - -0.379795 * -1 = 1000.01
time: 64	PE: 4	op: -0.037037 - -1000 * -3.07765e-17 = -0.037037
time: 64	PE: 5	op: -0.0025 - 0.0165591 * -0.99999 = 0.0140589
time: 64	PE: 6	op: -0.00846811 / 1000.02 = -8.46797e-06
time: 64	PE: 7	op: -1000 / 1000.02 = -0.999983
time: 64	PE: 8	op: -0.00503972 / 1000.01 = -5.03966e-06
time: 64	PE: 9	op: -0.0050397 / 1000.01 = -5.03965e-06
time: 64	PE: 10	op: 0 - -1000 * -6.40232e-06 = -0.00640232
time: 65	PE: 0	op: 2000.4 - -1000 * -1 = 1000.4
time: 65	PE: 1	op: 2000 - 0.0521263 * -1.0005e-15 = 2000
time: 65	PE: 2	op: 0 - -0.00640223 * -1 = -0.00640223
time: 65	PE: 3	op: -0.011408 - -3.85959e-12 * -1 = -0.011408
time: 65	PE: 4	op: 0 - -1000 * -5.56905e-09 = -5.56905e-06
time: 65	PE: 5	op: 0 - -0.0666622 * -1.50044e-11 = -1.00023e-12
time: 65	PE: 6	op: -8.41421e-12 / 31.78 = -2.64764e-13
time: 65	PE: 7	op: 0 - -100000 * -0.0003178 = -31.78
time: 65	PE: 8	op: -1000 - 0.00640223 * -1 = -999.994
time: 65	PE: 9	op: -1 / 1 = -1
time: 66	PE: 0	op: 0 - -0.052125 * -1 = -0.052125
time: 66	PE: 2	op: 3000 - -4.96254e-07 * -3.65293e-06 = 3000
time: 66	PE: 3	op: 0 - 7.088e-05 * -1.00018 = 7.08926e-05
time: 66	PE: 4	op: 0.0130773 / 1000 = 1.30773e-05
time: 66	PE: 5	op: 1000 - 7.088e-05 * -1.50044e-11 = 1000
time: 66	PE: 6	op: -0.10489 - -1.12062e-05 * 2.04232e-10 = -0.10489
time: 66	PE: 7	op: -9.63044e-09 - -7.088e-05 * -1.50044e-11 = -9.63044e-09
time: 66	PE: 8	op: -1000 / 1000 = -1
time: 66	PE: 9	op: 2000.01 - -1000 * -1 = 1000.01
time: 66	PE: 10	op: -1 / 1 = -1
time: 66	PE: 11	op: -0.000606061 - -1.2987 * -1 = -1.29931
time: 67	PE: 0	op: 0.362883 - -0.0166119 * -1.01468e-05 = 0.362882
time: 67	PE: 1	op: 0 - -1000 * -1.0005e-15 = -1.0005e-12
time: 67	PE: 2	op: 500.105 - -500 * -0.999878 = 0.165771
time: 67	PE: 3	op: 0 - -0.0524401 * -0.999878 = -0.0524337
time: 67	PE: 5	op: -7.08897e-05 - 7.088e-05 * -1.50044e-11 = -7.08897e-05
time: 67	PE: 6	op: 0 - -0.0666622 * -1.50044e-11 = -1.00023e-12
time: 67	PE: 7	op: 0.052125 / 1000 = 5.2125e-05
time: 67	PE: 8	op: -3.74746e-05 / 1000 = -3.74746e-08
time: 67	PE: 9	op: 3.74304e-05 / 1000 = 3.74304e-08
time: 67	PE: 10	op: -1000 / 1000 = -1
time: 67	PE: 11	op: 500.025 - -500 * -0.999997 = 0.0262451
time: 67	PE: 12	op: 0 - -0.00640304 * -0.999994 = -0.006403
time: 67	PE: 13	op: -0.0005 / 0.126415 = -0.00395524
time: 67	PE: 14	op: -24.8995 / 1 = -24.8995
time: 68	PE: 0	op: 0.362889 - -0.0166119 * -1.01468e-05 = 0.362889
time: 68	PE: 1	op: 31.7969 - -1.18e-30 * -1.18e-35 = 31.7969
time: 68	PE: 2	op: -0.0199318 - 0.0165591 * -1.01468e-05 = -0.0199317
time: 68	PE: 3	op: -0.0025 - 0.0165591 * -0.99999 = 0.0140589
time: 68	PE: 4	op: 0.146316 - -0.00873356 * -0.00251228 = 0.146294
time: 68	PE: 5	op: -0.00337229 - -0.00603746 * -0.996377 = -0.00938788
time: 68	PE: 6	op: -0.00846708 / 1000.02 = -8.46694e-06
time: 68	PE: 7	op: -0.00503977 / 1000.01 = -5.03972e-06
time: 68	PE: 8	op: -1000 / 1000.01 = -0.99999
time: 68	PE: 9	op: -0.0666622 / 0.0666504 = -1.00018
time: 68	PE: 10	op: 5000.13 - -1000 * -0.999994 = 4000.14
time: 68	PE: 11	op: 0 - -1 * 8.33333 = 8.33333
time: 69	PE: 0	op: 0 - -5.16089 * -1.01468e-05 = -5.23665e-05
time: 69	PE: 1	op: 1 / -1 = -1
time: 69	PE: 2	op: 3000 - -4.96245e-07 * -3.65286e-06 = 3000
time: 69	PE: 3	op: 4.06761 - -4.06174 * -0.996377 = 0.0205903
time: 69	PE: 4	op: -0.0130792 / 1000 = -1.30792e-05
time: 69	PE: 5	op: -1000 / 1000 = -1
time: 69	PE: 6	op: -0.0521306 / 1000 = -5.21306e-05
time: 69	PE: 7	op: 8.89838 - -8.89838 * -8.89759e-05 = 8.89759
time: 69	PE: 8	op: -1 - 3634.14 * -0.000275093 = -0.000275135
time: 69	PE: 9	op: 0 - -0.00170851 * -0.99999 = -0.00170849
time: 69	PE: 10	op: -1e-12 / 0.0143885 = -6.95e-11
time: 69	PE: 11	op: 8.33333 / 1 = 8.33333
time: 70	PE: 1	op: 3000.12 - -0.00640223 * -1.03212e-15 = 3000.12
time: 70	PE: 2	op: 1000.01 - 0.0439531 * -8.47216e-06 = 1000.01
time: 70	PE: 3	op: 0 - 0.0439531 * -0.999983 = 0.0439524
time: 70	PE: 4	op: 0 - -1000 * -8.47216e-06 = -0.00847216
time: 70	PE: 6	op: -1.0021e-12 - -1.0021e-12 * -4.96254e-10 = -1.0021e-12
time: 70	PE: 7	op: -1.00149e-12 - -1.00149e-12 * -1.40235e-19 = -1.00149e-12
time: 70	PE: 8	op: -1.00023e-12 - -1.00023e-12 * -7.09175e-08 = -1.00023e-12
time: 70	PE: 9	op: -2325.58 / 1 = -2325.58
time: 70	PE: 10	op: -1.03213e-12 / 1000 = -1.03213e-15
time: 70	PE: 11	op: -0.000324675 - -0.714286 * -1 = -0.71461
time: 70	PE: 12	op: -3635.14 / 1 = -3635.14
time: 71	PE: 0	op: 0 - -0.0608967 * -0.999983 = -0.0608957
time: 71	PE: 1	op: 4000 - -1000 * -1 = 3000
time: 71	PE: 3	op: -0.0199318 - -4.06174 * -0.00111117 = -0.0244451
time: 71	PE: 4	op: -0.00257956 - -0.00873356 * -0.00111117 = -0.00258927
time: 71	PE: 5	op: -8.27401e-06 - -0.0608967 * -8.47216e-06 = -8.78993e-06
time: 71	PE: 6	op: 2000.04 - -1000 * -1 = 1000.04
time: 71	PE: 7	op: 0 - -4.06174 * -0.00251228 = -0.0102042
time: 71	PE: 8	op: 0 - -4.06174 * -0.00251228 = -0.0102042
time: 71	PE: 10	op: 0 - -1000 * -7.09175e-08 = -7.09175e-05
time: 71	PE: 11	op: -100000 / 100032 = -0.999682
time: 71	PE: 12	op: -0.01 / 0.0100102 = -0.99898
time: 72	PE: 0	op: 2000 - -1000 * -0.999983 = 1000.02
time: 72	PE: 1	op: 0 - -5.56905e-06 * -1 = -5.56905e-06
time: 72	PE: 2	op: 0.146317 - -0.00873356 * -0.00251228 = 0.146295
time: 72	PE: 4	op: 0 - -1.00023e-12 * -1 = -1.00023e-12
time: 72	PE: 5	op: 0 - -1000 * -8.46797e-06 = -0.00846797
time: 72	PE: 7	op: 0 - -0.00847231 * -0.999878 = -0.00847128
time: 72	PE: 8	op: 1000 - -1.0021e-12 * 3.65237e-06 = 1000
time: 72	PE: 9	op: 0 - -0.00873356 * -0.996377 = -0.00870192
time: 72	PE: 10	op: -0.00365237 - -4.96245e-07 * 3.65237e-06 = -0.00365237
time: 72	PE: 11	op: 0 - -100000 * -8.89759e-05 = -8.89759
time: 72	PE: 12	op: -1000 - 0.0521263 * -1 = -999.948
time: 73	PE: 0	op: 0.165833 - -0.10489 * -5.24422e-05 = 0.165827
time: 73	PE: 1	op: -1.12056e-05 - -0.10489 * -5.24367e-05 = -1.67057e-05
time: 73	PE: 2	op: 0 - -0.10489 * -0.999895 = -0.104879
time: 73	PE: 3	op: 0 - -0.0609088 * -0.999983 = -0.0609078
time: 73	PE: 4	op: 0.00962788 - -9.38897e-12 * -2.64764e-13 = 0.00962788
time: 73	PE: 5	op: 0 - -1000 * -3.89391e-11 = -3.89391e-08
time: 73	PE: 6	op: -8.27565e-06 - -0.0609088 * -8.46797e-06 = -8.79143e-06
time: 73	PE: 8	op: -0.0521263 - -5.56905e-06 * 5.21263e-05 = -0.0521263
time: 73	PE: 9	op: -3.85959e-12 - -0.0117613 * -0.969963 = -0.011408
time: 73	PE: 10	op: 200000 - -100000 * -1 = 100000
time: 73	PE: 11	op: 0 - -2e-31 * 310.078 = 6.20155e-29
time: 74	PE: 0	op: 3000 - -1000 * -0.999983 = 2000.02
time: 74	PE: 1	op: 0.362889 - -0.00603746 * -0.00111117 = 0.362882
time: 74	PE: 2	op: 0 - -1.77682e-06 * -1 = -1.77682e-06
time: 74	PE: 4	op: -1.0021e-12 - -1.0021e-12 * -3.65286e-06 = -1.0021e-12
time: 74	PE: 5	op: -0.0010718 - -0.00603746 * -0.00251228 = -0.00108697
time: 74	PE: 6	op: -0.00503975 / 1000.01 = -5.0397e-06
time: 74	PE: 7	op: 0 - -0.00873356 * -0.996377 = -0.00870192
time: 74	PE: 8	op: 0 - -1000 * -9.70857e-16 = -9.70857e-13
time: 74	PE: 9	op: -1.0005e-12 / 1000 = -1.0005e-15
time: 74	PE: 10	op: 100001 - -100000 * -0.999911 = 10.1953
time: 74	PE: 11	op: -1.33333e-06 - -100000 * -1.18e-35 = -1.33333e-06
time: 75	PE: 0	op: 0 - -3.90678e-08 * -1 = -3.90678e-08
time: 75	PE: 1	op: 0 - -1000 * 1.30773e-05 = 0.0130773
time: 75	PE: 2	op: -0.0130774 - -1.77682e-06 * 1.30773e-05 = -0.0130774
time: 75	PE: 3	op: 3000 - -1000 * -0.99999 = 2000.01
time: 75	PE: 4	op: 0 - -5.09627e-09 * -1 = -5.09627e-09
time: 75	PE: 5	op: 1000.01 - -1000 * -1 = 0.0114746
time: 75	PE: 6	op: -0.00257956 - -0.00873356 * -0.00111117 = -0.00258927
time: 75	PE: 7	op: -0.0199317 - -4.06174 * -0.00111117 = -0.024445
time: 75	PE: 8	op: 0.0205903 - 0.0165591 * -8.21254e-08 = 0.0205903
time: 75	PE: 9	op: 0.335796 - -1e-12 * -1e-14 = 0.335796
time: 75	PE: 10	op: 100.004 - -0.00424848 * -0.00296512 = 100.004
time: 76	PE: 0	op: 0 - -1000 * -8.46694e-06 = -0.00846694
time: 76	PE: 1	op: 3000.12 - -0.052125 * -1.03208e-15 = 3000.12
time: 76	PE: 2	op: 1000.01 - 0.0439736 * -8.46797e-06 = 1000.01
time: 76	PE: 3	op: 0 - 0.0439736 * -0.999983 = 0.0439729
time: 76	PE: 4	op: -0.05245 - 0.0439736 * -8.46694e-06 = -0.0524496
time: 76	PE: 7	op: 0 - -7.09078e-05 * -1.00018 = -7.09204e-05
time: 76	PE: 8	op: 0 - -1.00149e-12 * -1 = -1.00149e-12
time: 76	PE: 9	op: -0.037037 - -1.40235e-16 * -1 = -0.037037
time: 76	PE: 10	op: 1000 - -1.00149e-12 * -9.70857e-16 = 1000
time: 77	PE: 0	op: -0.052125 - -5.56891e-06 * -1 = -0.0521306
time: 77	PE: 2	op: 0 - -1.0005e-12 * -1 = -1.0005e-12
time: 77	PE: 3	op: 0 - -1000 * 3.65237e-06 = 0.00365237
time: 77	PE: 4	op: -0.00365243 - -4.96254e-07 * 3.65243e-06 = -0.00365243
time: 77	PE: 5	op: -3.90678e-08 - -3.90678e-08 * -3.74746e-08 = -3.90678e-08
time: 77	PE: 6	op: 3000 - -1000 * -0.99999 = 2000.01
time: 77	PE: 7	op: -3.07766e-14 / 1000 = -3.07766e-17
time: 77	PE: 8	op: 0 - -0.0166119 * -0.99999 = -0.0166117
time: 77	PE: 9	op: 1000 - -1000 * -1 = 0.000366211
time: 77	PE: 10	op: -0.000133333 - -4.96245e-07 * -1 = -0.00013383
time: 77	PE: 11	op: -1 / 1 = -1
time: 77	PE: 12	op: -1.1274e-05 / 0.000165357 = -0.0681794
time: 78	PE: 0	op: -1.03208e-12 - -1000 * -5.21306e-05 = -0.0521306
time: 78	PE: 1	op: 0 - -1000 * -1.30792e-05 = -0.0130792
time: 78	PE: 2	op: 0 - -1000 * 3.74304e-08 = 3.74304e-05
time: 78	PE: 3	op: 0 - -1.0021e-12 * -1 = -1.0021e-12
time: 78	PE: 4	op: 0 - -9.63422e-09 * -1 = -9.63422e-09
time: 78	PE: 5	op: 0 - -0.115915 * -0.00395524 = -0.00045847
time: 78	PE: 6	op: 0 - -1000 * -9.70857e-16 = -9.70857e-13
time: 78	PE: 7	op: -1000 / 1000 = -1
time: 78	PE: 8	op: -1000 / 1000 = -1
time: 78	PE: 9	op: 7.08926e-05 / 1000 = 7.08926e-08
time: 78	PE: 10	op: 1000.25 - -1000 * -1 = 0.249023
time: 78	PE: 11	op: -1.2987 / 1 = -1.2987
time: 79	PE: 0	op: 1000.02 - -3.89391e-08 * 1.30773e-05 = 1000.02
time: 79	PE: 1	op: 0 - -3.89391e-08 * -1 = -3.89391e-08
time: 79	PE: 3	op: 1100.02 - -2.4023e-12 * -2.4023e-10 = 1100.02
time: 79	PE: 4	op: 0.00333096 - -0.0083709 * -5.03965e-06 = 0.00333091
time: 79	PE: 5	op: -0.0244451 - 0.0165591 * -1.01468e-05 = -0.024445
time: 79	PE: 6	op: -2.32137e-07 - -0.00170853 * -5.03972e-06 = -2.40747e-07
time: 79	PE: 7	op: -7.69231e-05 - -100000 * -1.18e-35 = -7.69231e-05
time: 79	PE: 8	op: 1000 - -0.00640304 * -6.84008e-10 = 1000
time: 79	PE: 9	op: -1 / 1 = -1
time: 80	PE: 0	op: -5.56905e-06 - -0.0521263 * -1.0005e-15 = -5.56905e-06
time: 80	PE: 1	op: 0 - -0.0521263 * -1 = -0.0521263
time: 80	PE: 2	op: 0.165827 - -0.0609088 * -8.46694e-06 = 0.165826
time: 80	PE: 3	op: -3.75086e-05 - -5.09627e-09 * 3.74304e-08 = -3.75086e-05
time: 80	PE: 5	op: 0 - -0.00837099 * -0.99999 = -0.00837091
time: 80	PE: 6	op: -1.00044e-12 - -1.0005e-12 * -5.21306e-05 = -1.0005e-12
time: 80	PE: 7	op: 1000 - -1.0005e-12 * 5.2125e-05 = 1000
time: 80	PE: 8	op: -7.08897e-05 / 1000 = -7.08897e-08
time: 80	PE: 9	op: -5.22343e-16 / 0.000976562 = -5.3488e-13
time: 80	PE: 10	op: 1 / -3635.14 = -0.000275093
time: 81	PE: 0	op: 2000.02 - -3.90678e-08 * 3.74304e-08 = 2000.02
time: 81	PE: 1	op: 1000 - -7.088e-05 * -1.50044e-11 = 1000
time: 81	PE: 3	op: -0.0102042 / 0.0205903 = -0.495584
time: 81	PE: 4	op: -3.89381e-08 - -3.89391e-08 * -1.30792e-05 = -3.89386e-08
time: 81	PE: 5	op: 0.0140589 / 0.0205903 = 0.682795
time: 81	PE: 6	op: 0 - -1000 * -1.40235e-19 = -1.40235e-16
time: 81	PE: 7	op: -0.052125 - -5.56891e-06 * 5.2125e-05 = -0.052125
time: 81	PE: 8	op: 0 - 1 * -0.000275093 = 0.000275093
time: 81	PE: 9	op: 100000 - -100000 * -1 = 0
time: 81	PE: 10	op: 1000 - -0.0521333 * -5.56891e-09 = 1000
time: 81	PE: 11	op: 1 / -1 = -1
time: 82	PE: 0	op: -0.0521319 - 0.0521263 * -1.0005e-15 = -0.0521319
time: 82	PE: 1	op: 3000.12 - -5.56891e-06 * -5.21306e-05 = 3000.12
time: 82	PE: 2	op: 0 - -1000 * 5.2125e-05 = 0.052125
time: 82	PE: 3	op: 0 - -1000 * -1.0005e-15 = -1.0005e-12
time: 82	PE: 4	op: 0.00333099 - -0.00837099 * -5.0397e-06 = 0.00333095
time: 82	PE: 5	op: -1.0021e-12 - -1.0021e-12 * -3.65293e-06 = -1.0021e-12
time: 82	PE: 6	op: 0 - -0.00640232 * -1 = -0.00640232
time: 82	PE: 7	op: 1000 - -1.0021e-12 * 3.65243e-06 = 1000
time: 82	PE: 8	op: -1 / 1 = -1
time: 82	PE: 9	op: -0.000133333 - -1000 * -3.65293e-06 = -0.00378626
time: 82	PE: 10	op: -8.89838 / 100009 = -8.89759e-05
time: 82	PE: 11	op: -1000 / 1000 = -1
time: 82	PE: 12	op: -691.489 / 1 = -691.489
time: 83	PE: 0	op: 0 - -0.00133333 * -1 = -0.00133333
time: 83	PE: 1	op: 0.000305092 - -5.09627e-09 * -3.74746e-08 = 0.000305092
time: 83	PE: 2	op: 0.0132446 - -1.77682e-06 * -1.30792e-05 = 0.0132446
time: 83	PE: 3	op: 0 - -0.0083709 * -0.99999 = -0.00837082
time: 83	PE: 4	op: 0 - -1.00149e-12 * -1 = -1.00149e-12
time: 83	PE: 5	op: 1000 - -1.00149e-12 * -9.70857e-16 = 1000
time: 83	PE: 6	op: -0.000133333 - -1000 * -3.65286e-06 = -0.0037862
time: 83	PE: 7	op: 0 - -1000 * -5.56905e-09 = -5.56905e-06
time: 83	PE: 8	op: -1.18e-30 / 100000 = -1.18e-35
time: 84	PE: 0	op: 0 - -1000 * -3.74746e-08 = -3.74746e-05
time: 84	PE: 1	op: 0 - -1.0021e-12 * -1 = -1.0021e-12
time: 84	PE: 2	op: -0.00847128 / 1000.02 = -8.47113e-06
time: 84	PE: 3	op: -2.32134e-07 - -0.00170851 * -5.03966e-06 = -2.40745e-07
time: 84	PE: 4	op: 0 - -1000 * -5.03972e-06 = -0.00503972
time: 84	PE: 5	op: 1000 - -1.00006e-12 * -1.04479e-15 = 1000
time: 84	PE: 6	op: 0 - -100000 * -2325.58 = -2.32558e+08
time: 84	PE: 7	op: -0.006403 - 0.00640232 * -1.03212e-15 = -0.006403
time: 84	PE: 8	op: -0.248814 / 0.249023 = -0.999161
time: 84	PE: 9	op: 1000 - 0.00640223 * -1.03213e-15 = 1000
time: 85	PE: 1	op: 1100.02 - -0.01 * -0.99898 = 1100.01
time: 85	PE: 2	op: 4.06761 - -4.06174 * -0.996377 = 0.0205903
time: 85	PE: 3	op: -0.00337229 - -0.00603746 * -0.996377 = -0.00938788
time: 85	PE: 4	op: -1.00149e-12 - -1.00149e-12 * -3.07765e-17 = -1.00149e-12
time: 85	PE: 5	op: -4.43362e-10 - -5.81108e-11 * -2.64764e-13 = -4.43362e-10
time: 85	PE: 6	op: 0 - -1000 * 2.04232e-10 = 2.04232e-07
time: 85	PE: 7	op: -1.03213e-12 - -1.40235e-16 * -9.70857e-16 = -1.03213e-12
time: 85	PE: 8	op: 1000 - 0.00640232 * -1.03213e-15 = 1000
time: 85	PE: 9	op: -2e-31 / -0.000275135 = 7.26916e-28
time: 86	PE: 0	op: -0.037037 - -1000 * -3.07766e-17 = -0.037037
time: 86	PE: 1	op: 4000 - -1000 * -1 = 3000
time: 86	PE: 2	op: 0 - -1000 * 7.08926e-08 = 7.08926e-05
time: 86	PE: 3	op: 0 - -0.00365237 * -1 = -0.00365237
time: 86	PE: 4	op: 0 - 7.09078e-05 * -1.00018 = 7.09204e-05
time: 86	PE: 5	op: -1.0005e-12 / 1000 = -1.0005e-15
time: 86	PE: 6	op: -1000 / 1000 = -1
time: 86	PE: 7	op: 0 - -1000 * -5.03966e-06 = -0.00503966
time: 86	PE: 8	op: -1000 - 0.00640232 * -1 = -999.994
time: 86	PE: 9	op: -4.655e-08 - -2.99378e-10 * -1.33378e-10 = -4.655e-08
time: 86	PE: 10	op: -100000 / 100000 = -1
time: 87	PE: 0	op: 2000.02 - -1000 * -1 = 1000.02
time: 87	PE: 1	op: 0.0830078 - -1.40235e-16 * -3.07765e-17 = 0.0830078
time: 87	PE: 2	op: 0 - -1.00023e-12 * -1 = -1.00023e-12
time: 87	PE: 3	op: 0 - -9.63044e-09 * -1 = -9.63044e-09
time: 87	PE: 4	op: -7.08926e-05 - -9.63044e-09 * 7.08926e-08 = -7.08926e-05
time: 87	PE: 5	op: -0.037037 - -1.40235e-16 * -1 = -0.037037
time: 87	PE: 6	op: 0 - -1 * -1 = -1
time: 87	PE: 7	op: -0.024445 / 0.0205903 = -1.18721
time: 87	PE: 8	op: 1000 - -1.00007e-12 * -3.93671e-09 = 1000
time: 88	PE: 0	op: -1.00149e-12 - -1.00149e-12 * -3.07766e-17 = -1.00149e-12
time: 88	PE: 1	op: 0 - -31.7901 * -0.999682 = -31.78
time: 88	PE: 2	op: -1.0021e-12 / 1000 = -1.0021e-15
time: 88	PE: 3	op: 1000 - -9.63422e-09 * -7.09175e-08 = 1000
time: 88	PE: 4	op: -1.0021e-12 / 1000 = -1.0021e-15
time: 88	PE: 5	op: -1.03213e-12 - -1.40235e-16 * -9.70857e-16 = -1.03213e-12
time: 88	PE: 6	op: -1.00023e-12 - -1.00023e-12 * -7.08897e-08 = -1.00023e-12
time: 88	PE: 7	op: -8.89759 / 8.89759 = -1
time: 88	PE: 8	op: 0 - -0.00640296 * -0.999994 = -0.00640292
time: 88	PE: 9	op: -1000 - 0.052125 * -1 = -999.948
time: 88	PE: 10	op: -1000 / 1000.01 = -0.99999
time: 89	PE: 0	op: 3000.12 - -1.00023e-12 * 7.08926e-08 = 3000.12
time: 89	PE: 1	op: -0.0130774 / 0.0132446 = -0.987381
time: 89	PE: 2	op: -9.12462e-08 / 0.0132446 = -6.88933e-06
time: 89	PE: 3	op: -1.08923e-07 / 0.000305092 = -0.000357017
time: 89	PE: 4	op: -0.000200001 / 0.0132446 = -0.0151006
time: 89	PE: 5	op: -0.000238743 / 0.000305092 = -0.782527
time: 89	PE: 6	op: -1.77682e-06 / 0.0132446 = -0.000134155
time: 89	PE: 7	op: -5.09627e-09 / 0.000305092 = -1.6704e-05
time: 89	PE: 8	op: -1.0021e-12 / 1000 = -1.0021e-15
time: 89	PE: 9	op: -1.00149e-12 / 1000 = -1.00149e-15
time: 89	PE: 10	op: -1000 / 1000 = -1
time: 89	PE: 11	op: 0 - -1000 * -5.21263e-05 = -0.0521263
time: 89	PE: 12	op: -1.0005e-12 / 1000 = -1.0005e-15
time: 89	PE: 13	op: -0.000222222 - 0.00365237 * -1 = 0.00343014
time: 89	PE: 14	op: -1e-12 / 0.335796 = -2.97801e-12
time: 89	PE: 15	op: -1 / 1 = -1
time: 90	PE: 0	op: -3.75086e-05 / 0.000305092 = -0.122942
time: 90	PE: 1	op: 0.146295 - -0.00870192 * -0.495584 = 0.141982
time: 90	PE: 2	op: -1.3538e-07 - -0.00870192 * 0.682795 = 0.00594149
time: 90	PE: 3	op: 8.89838 - -8.89838 * -8.89759e-05 = 8.89759
time: 90	PE: 4	op: 1000.01 - -0.0083709 * -5.03966e-06 = 1000.01
time: 90	PE: 5	op: -0.0025 - -5.16089 * -8.21254e-08 = -0.00250042
time: 90	PE: 6	op: 0 - -1000 * -7.08897e-08 = -7.08897e-05
time: 90	PE: 7	op: 0 - -100000 * -0.0003178 = -31.78
time: 90	PE: 8	op: 0 - -100000 * -8.89759e-05 = -8.89759
time: 90	PE: 9	op: -1 / 1 = -1
time: 90	PE: 10	op: -0.00641026 / -0.0401614 = 0.159612
time: 91	PE: 0	op: 1000.4 - 2.04232e-07 * -5.24367e-05 = 1000.4
time: 91	PE: 1	op: -0.0524536 - 2.04232e-07 * -5.24422e-05 = -0.0524536
time: 91	PE: 2	op: -1.0021e-12 / 1000 = -1.0021e-15
time: 91	PE: 3	op: -1.00149e-12 / 1000 = -1.00149e-15
time: 91	PE: 4	op: -1000 / 1000 = -1
time: 91	PE: 5	op: -1000 / 1000 = -1
time: 91	PE: 6	op: -1.00149e-12 / 1000 = -1.00149e-15
time: 91	PE: 7	op: 0 - 1 * -0.000275093 = 0.000275093
time: 91	PE: 8	op: 0 - -2e-31 * -1 = -2e-31
time: 91	PE: 9	op: 1.84432e-12 - -2.8449e-12 * -3.93671e-09 = 1.84432e-12
time: 91	PE: 10	op: 0.0516798 - -1.8298e-07 * -1.33378e-10 = 0.0516798
time: 91	PE: 11	op: -0.000333333 / 0.000333533 = -0.9994
time: 91	PE: 12	op: -0.000333333 / 0.000333533 = -0.9994
time: 91	PE: 13	op: -0.257971 / 0.757971 = -0.340344
time: 91	PE: 14	op: -2 / 1 = -2
time: 92	PE: 0	op: 0 - -1000 * -8.47113e-06 = -0.00847113
time: 92	PE: 1	op: 3000 - -1000 * -1 = 2000
time: 92	PE: 2	op: -0.0524337 - 0.0439531 * -8.47113e-06 = -0.0524333
time: 92	PE: 3	op: 0.0205903 - 0.0165591 * -8.21254e-08 = 0.0205903
time: 92	PE: 4	op: 1000 - -9.63044e-09 * -7.08897e-08 = 1000
time: 92	PE: 5	op: -0.00938788 - -0.0166119 * -8.21254e-08 = -0.00938788
time: 92	PE: 6	op: 7.09204e-05 / 1000 = 7.09204e-08
time: 92	PE: 7	op: 4000.14 - -0.0666667 * -6.66622e-05 = 4000.14
time: 92	PE: 8	op: 6.57462 - -2.99378e-10 * -4.99012e-11 = 6.57462
time: 92	PE: 9	op: 1 / -24.8995 = -0.0401614
time: 93	PE: 1	op: 0 - 2.04232e-07 * -0.999895 = 2.04211e-07
time: 93	PE: 2	op: 0 - 0.000275093 * 7.26916e-28 = -1.99969e-31
time: 93	PE: 3	op: -4.43362e-10 / 8.89759 = -4.98295e-11
time: 93	PE: 4	op: -1 - 3634.14 * -0.000275093 = -0.000275135
time: 93	PE: 5	op: -1 - 3634.14 * -0.000275093 = -0.000275135
time: 93	PE: 6	op: 200000 - -100000 * -1 = 100000
time: 93	PE: 8	op: -999.994 / 1000 = -0.999994
time: 93	PE: 9	op: -3.20513 / 1 = -3.20513
time: 93	PE: 10	op: -0.0172414 / 1 = -0.0172414
time: 94	PE: 0	op: 0.165771 - -0.0608967 * -8.47113e-06 = 0.165771
time: 94	PE: 2	op: 0 - 0.052125 * -1 = 0.052125
time: 94	PE: 3	op: -1.00149e-12 / 1000 = -1.00149e-15
time: 94	PE: 4	op: 3634.14 - -1 * -3635.14 = -1
time: 94	PE: 5	op: -1 - 23.8995 * -0.0401614 = -0.0401614
time: 94	PE: 6	op: 5.16472 - -1.3538e-07 * -7.56776e-09 = 5.16472
time: 94	PE: 7	op: 0 - -1000 * -5.0397e-06 = -0.0050397
time: 94	PE: 8	op: 0 - -0.0521333 * -0.999948 = -0.0521306
time: 94	PE: 9	op: -1.00006e-12 - -1.00006e-12 * -5.3488e-13 = -1.00006e-12
time: 95	PE: 0	op: -5.56905e-06 - -0.0521263 * -1 = -0.0521319
time: 95	PE: 1	op: 1000.02 - 0.052125 * -1.0005e-15 = 1000.02
time: 95	PE: 2	op: 2000.4 - -1000 * -1 = 1000.4
time: 95	PE: 3	op: -0.00258927 - -0.00870192 * -1.18721 = -0.0129202
time: 95	PE: 4	op: 31.7901 - -31.7901 * -0.0003178 = 31.78
time: 95	PE: 5	op: -31.78 / 31.78 = -1
time: 95	PE: 6	op: 1000 - -2.8449e-12 * -5.3488e-13 = 1000
time: 95	PE: 7	op: -1.00006e-12 - -1.00006e-12 * -1.41955e-19 = -1.00006e-12
time: 95	PE: 8	op: -0.0142857 - -18.1818 * -1 = -18.1961
time: 95	PE: 9	op: -2.40228e-12 / 0.01 = -2.40228e-10
time: 95	PE: 10	op: -7.69231e-05 - -1.18e-30 * -1 = -7.69231e-05
time: 96	PE: 0	op: -0.0521306 - -0.052125 * -1.0005e-15 = -0.0521306
time: 96	PE: 2	op: -5.23665e-05 - -0.00250042 * -1.18721 = -0.00302089
time: 96	PE: 3	op: 0 - -1000 * -1.0021e-15 = -1.0021e-12
time: 96	PE: 4	op: 0 - -4.42388e-10 * -1 = -4.42388e-10
time: 96	PE: 5	op: -7.69231e-05 - -100000 * -1.18e-35 = -7.69231e-05
time: 96	PE: 6	op: -3.33333e-05 - -1.18e-30 * -1 = -3.33333e-05
time: 96	PE: 7	op: 1000 - -1000 * -0.999999 = 0.000976562
time: 96	PE: 8	op: -999.994 / 1000 = -0.999994
time: 96	PE: 9	op: -0.000222222 - -1000 * -1.0021e-15 = -0.000222222
time: 96	PE: 10	op: 1000.08 - -1000 * -1 = 0.0830078
time: 97	PE: 0	op: -0.0521306 - 0.052125 * -1.0005e-15 = -0.0521306
time: 97	PE: 1	op: 0 - -1000 * -1.0005e-15 = -1.0005e-12
time: 97	PE: 2	op: 1000.02 - -3.89386e-08 * -0.987381 = 1000.02
time: 97	PE: 3	op: -3.89391e-08 - -3.89386e-08 * -0.000134155 = -3.89443e-08
time: 97	PE: 4	op: -3.90678e-08 - -3.90678e-08 * -1.6704e-05 = -3.90684e-08
time: 97	PE: 5	op: 0.0521263 - -3.89386e-08 * -6.88933e-06 = 0.0521263
time: 97	PE: 6	op: 0 - -3.90678e-08 * -0.782527 = -3.05716e-08
time: 97	PE: 7	op: 0.0130773 - -0.0130792 * -0.987381 = 0.000163229
time: 97	PE: 8	op: 3000.12 - -0.052125 * -1.0005e-15 = 3000.12
time: 97	PE: 9	op: 0 - 0.348879 * -1.6704e-05 = 5.82768e-06
time: 97	PE: 10	op: 0 - -0.0130792 * -6.88933e-06 = -9.01067e-08
time: 97	PE: 11	op: 100000 - -6.99791e-08 * -2.59972e-09 = 100000
time: 98	PE: 0	op: 0 - -3.89386e-08 * -0.0151006 = -5.87996e-10
time: 98	PE: 2	op: -1.0005e-12 - 0.34891 * -0.987381 = 0.344507
time: 98	PE: 3	op: 0 - -0.349118 * -0.122942 = -0.0429211
time: 98	PE: 4	op: 1000.4 - 0.34891 * -6.88933e-06 = 1000.4
time: 98	PE: 5	op: -0.697996 - 0.348879 * -0.782527 = -0.424989
time: 98	PE: 6	op: -0.349117 - -0.349118 * -0.000357017 = -0.349242
time: 98	PE: 7	op: 0 - 0.34891 * -0.000134155 = 4.68081e-05
time: 98	PE: 9	op: 0 - -0.349118 * -1.6704e-05 = -5.83167e-06
time: 98	PE: 10	op: -7.08926e-05 / 1000 = -7.08926e-08
time: 98	PE: 11	op: -4.655e-08 - -2.99378e-10 * -1.33378e-10 = -4.655e-08
time: 99	PE: 0	op: 0 - -0.34911 * -0.987381 = -0.344705
time: 99	PE: 1	op: 3.74304e-05 - -3.74746e-05 * -0.122942 = 3.28232e-05
time: 99	PE: 2	op: 0.0830078 - -1.03213e-12 * -1.00149e-15 = 0.0830078
time: 99	PE: 3	op: 0 - -1000 * -1.0005e-15 = -1.0005e-12
time: 99	PE: 4	op: -0.34911 - -0.34911 * -6.88933e-06 = -0.349113
time: 99	PE: 5	op: 0 - -1000 * -1.00149e-15 = -1.00149e-12
time: 99	PE: 6	op: 0 - -3.74746e-05 * -0.000357017 = -1.33791e-08
time: 99	PE: 7	op: 1000 - -1000 * -0.99999 = 0.0100098
time: 99	PE: 8	op: 0 - -1.03213e-12 * -1 = -1.03213e-12
time: 99	PE: 9	op: -1000 / 1000 = -1
time: 99	PE: 10	op: -2e-31 / 100000 = -2e-36
time: 100	PE: 0	op: 0.052125 - -3.90678e-08 * -0.000357017 = 0.052125
time: 100	PE: 1	op: 0 - -0.052125 * -1 = -0.052125
time: 100	PE: 2	op: -0.698021 - 0.34891 * -0.0151006 = -0.692752
time: 100	PE: 3	op: 3000.7 - -0.34911 * -0.0151006 = 3000.69
time: 100	PE: 4	op: 1000.04 - -9.70857e-13 * -1.00149e-15 = 1000.04
time: 100	PE: 5	op: -1.00005e-12 - -1.00005e-12 * -6.84008e-10 = -1.00005e-12
time: 100	PE: 6	op: -0.037037 - -1.03213e-12 * -1.00149e-15 = -0.037037
time: 100	PE: 7	op: 1000 - -1.00006e-12 * -3.93671e-09 = 1000
time: 100	PE: 8	op: -4 / 8 = -0.5
time: 100	PE: 9	op: -691.489 / 1 = -691.489
time: 101	PE: 0	op: 1000.4 - 0.348879 * -0.000357017 = 1000.4
time: 101	PE: 1	op: 2000 - -1000 * -1 = 1000
time: 101	PE: 2	op: 0 - -1.03213e-12 * -1 = -1.03213e-12
time: 101	PE: 3	op: 0.0114746 - -3.74746e-05 * -1.6704e-05 = 0.0114746
time: 101	PE: 4	op: 2000.01 - -0.00365243 * -1.0021e-15 = 2000.01
time: 101	PE: 5	op: 0 - -1000 * -1.00149e-15 = -1.00149e-12
time: 101	PE: 6	op: -0.0102042 / 0.0205903 = -0.495584
time: 101	PE: 7	op: 0.0140589 / 0.0205903 = 0.682795
time: 101	PE: 8	op: -0.024445 / 0.0205903 = -1.18721
time: 101	PE: 9	op: 0 - -0.00170853 * -0.99999 = -0.00170851
time: 101	PE: 10	op: -0.00378626 - 0.00365243 * -1.0021e-15 = -0.00378626
time: 101	PE: 11	op: -1000 / 1000 = -1
time: 101	PE: 12	op: -100000 / 100000 = -1
time: 102	PE: 0	op: 1000.02 - -3.90678e-08 * -0.122942 = 1000.02
time: 102	PE: 1	op: 3000 - -1000 * -1 = 2000
time: 102	PE: 2	op: 0 - -0.34911 * -0.000134155 = -4.68349e-05
time: 102	PE: 3	op: 0 - -3.74746e-05 * -0.782527 = -2.93249e-05
time: 102	PE: 4	op: 0 - -9.70857e-13 * -1 = -9.70857e-13
time: 102	PE: 5	op: -0.037037 - -9.70857e-13 * -1.00149e-15 = -0.037037
time: 102	PE: 7	op: 4.15917 - -0.0740297 * -0.00481913 = 4.15882
time: 102	PE: 8	op: -0.0234049 - -0.0740297 * -4.47869e-05 = -0.0234082
time: 102	PE: 9	op: -0.01 / 2.01 = -0.00497512
time: 102	PE: 10	op: -4 / 1 = -4
time: 103	PE: 0	op: -1.0005e-12 - 0.348879 * -0.122942 = 0.0428917
time: 103	PE: 1	op: 0 - -1000 * 7.09204e-08 = 7.09204e-05
time: 103	PE: 2	op: 3000.7 - -0.349118 * -0.782527 = 3000.43
time: 103	PE: 3	op: 0 - -0.00365243 * -1 = -0.00365243
time: 103	PE: 4	op: 1000.01 - -0.00837099 * -5.03972e-06 = 1000.01
time: 103	PE: 5	op: -0.0025 - -5.16089 * -8.21254e-08 = -0.00250042
time: 103	PE: 6	op: -2.19068e-12 - -0.335796 * -2.97801e-12 = -3.19068e-12
time: 103	PE: 8	op: -3.84447e-12 / 0.000976562 = -3.93673e-09
time: 103	PE: 9	op: -0.0516797 / 0.0516798 = -0.999996
time: 103	PE: 10	op: -0.006403 / 1000 = -6.403e-06
time: 104	PE: 0	op: 0 - -1000 * -1.00149e-15 = -1.00149e-12
time: 104	PE: 1	op: 2000.01 - -0.00365237 * -1.0021e-15 = 2000.01
time: 104	PE: 2	op: 0 - -9.38897e-12 * -1 = -9.38897e-12
time: 104	PE: 3	op: 0.00333091 / 1000.01 = 3.3309e-06
time: 104	PE: 4	op: -1000 / 1000.01 = -0.999995
time: 104	PE: 5	op: -8.41421e-12 / 31.78 = -2.64764e-13
time: 104	PE: 6	op: -31.78 / 31.78 = -1
time: 104	PE: 7	op: 0 - -31.78 * -1.8592e-12 = -5.90855e-11
time: 104	PE: 8	op: 3000 - -1000 * -1 = 2000
time: 104	PE: 9	op: 3.05178e-09 - -1.8298e-07 * -4.99012e-11 = 3.05178e-09
time: 104	PE: 10	op: -3.38063e-05 / 0.249023 = -0.000135756
time: 104	PE: 11	op: 0.0516798 - -1.8298e-07 * -1.33378e-10 = 0.0516798
time: 105	PE: 0	op: 1100.02 - -2.40228e-12 * -2.40228e-10 = 1100.02
time: 105	PE: 1	op: 0 - -9.70857e-13 * -1 = -9.70857e-13
time: 105	PE: 2	op: 1000.04 - -9.70857e-13 * -1.00149e-15 = 1000.04
time: 105	PE: 3	op: -0.037037 - -9.70857e-13 * -1.00149e-15 = -0.037037
time: 105	PE: 4	op: 0 - -1 * -1 = -1
time: 105	PE: 5	op: -0.00938788 - -0.0166119 * -8.21254e-08 = -0.00938788
time: 105	PE: 6	op: 1000.39 - -0.0117315 * -0.0299636 = 1000.39
time: 105	PE: 7	op: 1000.07 - -1000 * -0.999933 = 0.137146
time: 105	PE: 8	op: -1.18e-30 / 100000 = -1.18e-35
time: 105	PE: 9	op: -1000 / 1000 = -1
time: 106	PE: 0	op: 7.08926e-05 - -7.08897e-05 * -7.08926e-08 = 7.08926e-05
time: 106	PE: 1	op: 0 - -0.0130792 * -0.0151006 = -0.000197503
time: 106	PE: 2	op: 0 - -1000 * -1.00149e-15 = -1.00149e-12
time: 106	PE: 3	op: 0 - -1000 * -1.0021e-15 = -1.0021e-12
time: 106	PE: 4	op: -1.3538e-07 - -0.00250042 * -0.495584 = -0.0012393
time: 106	PE: 5	op: -5.90855e-11 / 31.78 = -1.8592e-12
time: 106	PE: 6	op: 0.00962788 - -4.42388e-10 * -4.98295e-11 = 0.00962788
time: 106	PE: 7	op: 0.000363417 - -0.000333333 * -0.9994 = 3.02838e-05
time: 106	PE: 8	op: -1.00007e-12 / 1000 = -1.00007e-15
time: 106	PE: 9	op: -100000 / 100000 = -1
time: 107	PE: 0	op: 3000.12 - -1.00023e-12 * -7.08926e-08 = 3000.12
time: 107	PE: 1	op: -7.09204e-05 - -9.63422e-09 * 7.09204e-08 = -7.09204e-05
time: 107	PE: 2	op: 0 - -1000 * -7.08926e-08 = -7.08926e-05
time: 107	PE: 3	op: -1000 / 1000 = -1
time: 107	PE: 4	op: 1000.04 - -1000 * -1 = 0.0370483
time: 107	PE: 5	op: -9.63044e-09 / 1000 = -9.63044e-12
time: 107	PE: 6	op: -1.03213e-12 - -1.03213e-12 * -2.27181e-10 = -1.03213e-12
time: 107	PE: 7	op: -5.22346e-16 / 0.000976562 = -5.34882e-13
time: 107	PE: 8	op: 1000 - -4.48724e-14 * -1.41955e-19 = 1000
time: 107	PE: 9	op: -3635.14 / 1 = -3635.14
time: 107	PE: 10	op: -100000 / -0.000275135 = 3.63458e+08
time: 108	PE: 0	op: 2000 - -1000 * -1 = 1000
time: 108	PE: 2	op: -0.037037 - -1.03213e-12 * -1.00149e-15 = -0.037037
time: 108	PE: 3	op: 0 - -1.00023e-12 * -1 = -1.00023e-12
time: 108	PE: 4	op: -1 - 23.8995 * -0.0401614 = -0.0401614
time: 108	PE: 5	op: 100000 - -1.18e-30 * -1.18e-35 = 100000
time: 108	PE: 6	op: 1000.07 - -1000 * -0.999933 = 0.137146
time: 108	PE: 7	op: 0.0885415 - -0.0326096 * -4.47869e-05 = 0.0885401
time: 108	PE: 8	op: -100 / 100 = -1
time: 108	PE: 9	op: 1000.26 - -0.257971 * -0.340344 = 1000.17
time: 109	PE: 0	op: 0.362882 - -0.00938788 * -1.18721 = 0.351737
time: 109	PE: 1	op: 0 - -31.78 * -2.64764e-13 = -8.41421e-12
time: 109	PE: 2	op: 0.146294 - -0.00870192 * -0.495584 = 0.141982
time: 109	PE: 3	op: -1.3538e-07 - -0.00870192 * 0.682795 = 0.00594149
time: 109	PE: 4	op: -0.00258927 - -0.00870192 * -1.18721 = -0.0129202
time: 109	PE: 5	op: 200001 - -100000 * -1 = 100001
time: 109	PE: 6	op: -1.33333e-06 - -1.18e-30 * -1 = -1.33333e-06
time: 109	PE: 7	op: 0.00333095 / 1000.01 = 3.33093e-06
time: 109	PE: 8	op: -1000 / 1000.01 = -0.999995
time: 109	PE: 9	op: -1.33333e-06 - -100000 * -1.18e-35 = -1.33333e-06
time: 109	PE: 10	op: -0.000133333 - -4.96254e-07 * -1 = -0.00013383
time: 109	PE: 11	op: -24.8995 / 1 = -24.8995
time: 110	PE: 0	op: -5.23665e-05 - -0.00250042 * -1.18721 = -0.00302089
time: 110	PE: 1	op: 3000.43 - -1000 * -1 = 2000.43
time: 110	PE: 2	op: 0 - -5.81108e-11 * -1 = -5.81108e-11
time: 110	PE: 3	op: -1.3538e-07 - -0.00250042 * -0.495584 = -0.0012393
time: 110	PE: 4	op: -0.00837091 / 1000.01 = -8.37087e-06
time: 110	PE: 5	op: 0 - 8.33333 * -1 = 8.33333
time: 110	PE: 6	op: 0 - -2e-31 * 310.078 = 6.20155e-29
time: 110	PE: 7	op: -1.00006e-12 / 1000 = -1.00006e-15
time: 110	PE: 8	op: -1000 / 1000 = -1
time: 110	PE: 9	op: -100 / 100.004 = -0.999958
time: 110	PE: 10	op: -2 / 1 = -2
time: 111	PE: 0	op: -0.00837082 / 1000.01 = -8.37078e-06
time: 111	PE: 1	op: -0.00108697 - -0.00938788 * -0.495584 = -0.00573945
time: 111	PE: 2	op: -0.00108697 - -0.00938788 * -0.495584 = -0.00573945
time: 111	PE: 3	op: -9.63422e-09 / 1000 = -9.63422e-12
time: 111	PE: 4	op: -1 / 1 = -1
time: 111	PE: 5	op: 500.025 - -500 * -0.999997 = 0.0262451
time: 111	PE: 6	op: 1000 - -1.00007e-12 * -3.93673e-09 = 1000
time: 111	PE: 7	op: 0.00167203 - -0.00167226 * -1.67203e-06 = 0.00167203
time: 111	PE: 8	op: -1000 - -1000 * -1.03213e-15 = -1000
time: 111	PE: 9	op: -0.0352393 / 0.137146 = -0.256947
time: 112	PE: 0	op: 0.362882 - -0.00938788 * -1.18721 = 0.351737
time: 112	PE: 1	op: 3000.69 - -1000 * -0.999995 = 2000.7
time: 112	PE: 2	op: 0 - -0.00503966 * -0.999995 = -0.00503964
time: 112	PE: 3	op: 0.115915 - -9.38897e-12 * -2.64764e-13 = 0.115915
time: 112	PE: 4	op: -1 / 1 = -1
time: 112	PE: 5	op: -0.00045847 / 0.00962788 = -0.047619
time: 112	PE: 6	op: -4.42388e-10 / 0.00962788 = -4.59486e-08
time: 112	PE: 7	op: 100000 - -100000 * -1 = 0
time: 112	PE: 8	op: -2.46305e-06 - -1.18e-30 * -1 = -2.46305e-06
time: 112	PE: 9	op: -2e-07 / 0.0002002 = -0.000999001
time: 112	PE: 10	op: 0 - -1.29931 * 1705.43 = 2215.87
time: 113	PE: 0	op: 31.7969 - -31.78 * -1 = 0.0168419
time: 113	PE: 1	op: 0 - -9.38897e-12 * -1 = -9.38897e-12
time: 113	PE: 2	op: -4.43362e-10 - -5.81108e-11 * -2.64764e-13 = -4.43362e-10
time: 113	PE: 3	op: 0 - -5.81108e-11 * -1 = -5.81108e-11
time: 113	PE: 4	op: 0 - -31.78 * -2.64764e-13 = -8.41421e-12
time: 113	PE: 5	op: -1.00149e-12 - -7.09175e-05 * -1 = -7.09175e-05
time: 113	PE: 6	op: 1000 - -1.00006e-12 * -1.04479e-15 = 1000
time: 113	PE: 7	op: 0 - -0.0166119 * -0.99999 = -0.0166117
time: 113	PE: 8	op: -0.000222222 - 0.00365243 * -1 = 0.00343021
time: 113	PE: 9	op: -5.56905e-06 - -0.0521263 * -1.03213e-15 = -5.56905e-06
time: 113	PE: 10	op: -0.00625 - -1 * -8.33333 = -8.33958
time: 114	PE: 0	op: -7.09204e-05 / 1000 = -7.09204e-08
time: 114	PE: 1	op: -0.037037 / 0.0370483 = -0.999695
time: 114	PE: 2	op: 8.89759 - -5.81108e-11 * -1.8592e-12 = 8.89759
time: 114	PE: 3	op: -4.42388e-10 - -9.38897e-12 * -1.8592e-12 = -4.42388e-10
time: 114	PE: 4	op: 0 - -8.89759 * -4.98295e-11 = -4.43362e-10
time: 114	PE: 5	op: 4000.14 - -1000 * -0.999948 = 3000.19
time: 114	PE: 7	op: -1000 / 1000 = -1
time: 114	PE: 8	op: -0.000324675 - -1 * -0.714286 = -0.71461
time: 114	PE: 9	op: -1 / 1 = -1
time: 114	PE: 10	op: -1000 / 1000.17 = -0.99983
time: 115	PE: 0	op: 1000 - -7.08897e-05 * -9.63044e-12 = 1000
time: 115	PE: 1	op: -1.00023e-12 - -1.00023e-12 * -9.63044e-12 = -1.00023e-12
time: 115	PE: 2	op: -9.70857e-13 - -1000 * -9.63044e-12 = -9.63141e-09
time: 115	PE: 3	op: 1000.04 - -1000 * -1 = 0.0370483
time: 115	PE: 4	op: -1.00149e-12 - -7.08897e-05 * -1 = -7.08896e-05
time: 115	PE: 5	op: 0 - -1.00023e-12 * -1 = -1.00023e-12
time: 115	PE: 6	op: 10.1953 - -1.18e-30 * -1.18e-35 = 10.1953
time: 115	PE: 7	op: 3634.14 - -1 * -3635.14 = -1
time: 115	PE: 8	op: 0 - -31.78 * -1.8592e-12 = -5.90855e-11
time: 115	PE: 9	op: 200000 - -1.18e-30 * -1.18e-35 = 200000
time: 115	PE: 10	op: 100000 - -0.0005 * -0.00395524 = 100000
time: 115	PE: 11	op: 1000 - -1e-12 * -6.95e-11 = 1000
time: 116	PE: 0	op: 104.062 - -100 * -1 = 4.06224
time: 116	PE: 1	op: -5.81108e-11 / 8.89759 = -6.53107e-12
time: 116	PE: 2	op: 0 - 0.000275093 * 3.63458e+08 = -99984.7
time: 116	PE: 3	op: 0.0262451 - -0.00170851 * -5.03965e-06 = 0.0262451
time: 116	PE: 4	op: 0 - -2.40745e-07 * -0.999995 = -2.40744e-07
time: 116	PE: 6	op: -2.46305e-06 - -100000 * -1.18e-35 = -2.46305e-06
time: 116	PE: 7	op: 0 - -1e-12 * -1 = -1e-12
time: 116	PE: 8	op: -0.0521306 - 0.052125 * -1.03208e-15 = -0.0521306
time: 116	PE: 9	op: -0.0641547 / 0.0885401 = -0.724584
time: 117	PE: 0	op: 2000.43 - -1000 * -0.999995 = 1000.43
time: 117	PE: 1	op: 0 - -0.00503972 * -0.999995 = -0.00503969
time: 117	PE: 2	op: 0 - -1 * -100000 = -100000
time: 117	PE: 3	op: 1000.39 - -0.379795 * -1 = 1000.01
time: 117	PE: 4	op: 0 - -2.40747e-07 * -0.999995 = -2.40746e-07
time: 117	PE: 5	op: 0 - -1000 * -5.03965e-06 = -0.00503965
time: 117	PE: 6	op: 1.00201e+06 - -1.12445e-10 * -1.58547e-12 = 1.00201e+06
time: 117	PE: 7	op: 0 - -1000 * 3.33093e-06 = 0.00333093
time: 117	PE: 8	op: -1e-08 - -1.99969e-31 * -1 = -1e-08
time: 117	PE: 9	op: -3635.14 / 1 = -3635.14
time: 117	PE: 10	op: 0.00641026 / -0.0401614 = -0.159612
time: 118	PE: 0	op: 1000.1 - -1000 * -1 = 0.104858
time: 118	PE: 1	op: 2000.01 - -0.00503972 * -8.37087e-06 = 2000.01
time: 118	PE: 2	op: 1100.01 - -100 * -0.999958 = 1000.02
time: 118	PE: 3	op: 5.16472 - -1.3538e-07 * -7.56776e-09 = 5.16472
time: 118	PE: 4	op: 5.16472 - -5.16089 * -0.99999 = 0.0038867
time: 118	PE: 5	op: 0.000363417 - -0.000333333 * -0.9994 = 3.02838e-05
time: 118	PE: 6	op: -0.0050397 - -0.00503972 * 3.33093e-06 = -0.00503968
time: 118	PE: 7	op: 1000.25 - -1000 * -1 = 0.249023
time: 118	PE: 8	op: 1000 - 1.84432e-12 * -1.00006e-15 = 1000
time: 118	PE: 9	op: -100000 / 1 = -100000
time: 119	PE: 0	op: 1000 - -7.09175e-05 * -9.63422e-12 = 1000
time: 119	PE: 1	op: -1.00023e-12 - -1.00023e-12 * -9.63422e-12 = -1.00023e-12
time: 119	PE: 2	op: 0 - -1000 * -8.37087e-06 = -0.00837087
time: 119	PE: 3	op: 2000 - -1000 * -0.999994 = 1000.01
time: 119	PE: 4	op: -9.70857e-13 - -1000 * -9.63422e-12 = -9.63519e-09
time: 119	PE: 5	op: 100000 - -1.18e-30 * -1.18e-35 = 100000
time: 119	PE: 6	op: -9.55328e-13 - -4.48724e-14 * -1.04479e-15 = -9.55328e-13
time: 119	PE: 7	op: 0.0352328 - -0.0704721 * -0.256947 = 0.0171252
time: 119	PE: 8	op: 1000 - -6.436e-06 * -0.256947 = 1000
time: 119	PE: 9	op: -0.0352393 / 0.137146 = -0.256947
time: 120	PE: 0	op: 100000 - -0.00045847 * -0.047619 = 100000
time: 120	PE: 1	op: 2000.01 - -0.00503966 * -8.37078e-06 = 2000.01
time: 120	PE: 2	op: 0 - -1000 * -8.37078e-06 = -0.00837078
time: 120	PE: 3	op: -4.43362e-10 / 8.89759 = -4.98295e-11
time: 120	PE: 4	op: -5.81108e-11 / 8.89759 = -6.53107e-12
time: 120	PE: 5	op: -8.89759 / 8.89759 = -1
time: 120	PE: 6	op: -8.41421e-12 - -5.90855e-11 * -4.98295e-11 = -8.41421e-12
time: 120	PE: 7	op: -1.00007e-12 - -1.00007e-12 * -5.34882e-13 = -1.00007e-12
time: 120	PE: 8	op: -0.0166117 - -0.00938788 * 0.682795 = -0.0102017
time: 120	PE: 9	op: 0 - -1.00006e-12 * -1 = -1.00006e-12
time: 120	PE: 10	op: -2e-31 / 1 = -2e-31
time: 120	PE: 11	op: -0.71461 / 1 = -0.71461
time: 121	PE: 0	op: 0 - -4.43362e-10 * -0.047619 = -2.11125e-11
time: 121	PE: 1	op: 0 - -0.00045847 * -4.59486e-08 = -2.10661e-11
time: 121	PE: 2	op: -9.63141e-09 / 0.0370483 = -2.59969e-07
time: 121	PE: 3	op: -7.08926e-05 / 0.0370483 = -0.00191352
time: 121	PE: 4	op: 3000.19 - -0.00640232 * -1.03212e-15 = 3000.19
time: 121	PE: 5	op: 6.57462 - -2.99378e-10 * -4.99012e-11 = 6.57462
time: 121	PE: 6	op: 0 - -5.90855e-11 * -1 = -5.90855e-11
time: 121	PE: 7	op: 0 - -100000 * -1 = -100000
time: 121	PE: 8	op: 0 - -4.655e-08 * -0.999996 = -4.65499e-08
time: 121	PE: 9	op: -100000 / -0.000275135 = 3.63458e+08
time: 122	PE: 1	op: -1.00149e-12 - -7.09175e-05 * -0.999695 = -7.08958e-05
time: 122	PE: 2	op: -0.037037 / 0.0370483 = -0.999695
time: 122	PE: 3	op: 0 - -1.00023e-12 * -0.999695 = -9.99921e-13
time: 122	PE: 4	op: 0.0262451 - -0.00170853 * -5.0397e-06 = 0.0262451
time: 122	PE: 5	op: -2.46305e-06 - -1.18e-30 * -1 = -2.46305e-06
time: 122	PE: 6	op: -0.00170849 - -2.40745e-07 * -8.37078e-06 = -0.00170849
time: 122	PE: 7	op: 3.05178e-09 / 0.0516798 = 5.90516e-08
time: 122	PE: 8	op: 0.00806557 / 0.0885401 = 0.0910952
time: 122	PE: 9	op: -465.116 / 1 = -465.116
time: 123	PE: 0	op: 3000.12 - -1000 * -0.99983 = 2000.29
time: 123	PE: 1	op: 7.09204e-05 - -7.09175e-05 * -7.09204e-08 = 7.09204e-05
time: 123	PE: 2	op: 1.00201e+06 - -1.12445e-10 * -1.58547e-12 = 1.00201e+06
time: 123	PE: 3	op: -0.208105 - -0.208105 * -0.000135756 = -0.208133
time: 123	PE: 4	op: 1000 - -1.00006e-12 * -9.55328e-16 = 1000
time: 123	PE: 5	op: 1.00201e+06 - -1000 * -1 = 1.00101e+06
time: 123	PE: 6	op: 2000.01 - -1000 * -1 = 1000.01
time: 123	PE: 7	op: -0.0516797 / 0.0516798 = -0.999996
time: 123	PE: 8	op: -0.0352393 / 0.137146 = -0.256947
time: 123	PE: 9	op: 0.000366211 - 0.00365243 * -1.0021e-15 = 0.000366211
time: 123	PE: 10	op: -1000 / 1000 = -1
time: 123	PE: 11	op: -1 / 1 = -1
time: 124	PE: 0	op: 0.065588 - -0.0641547 * -0.724584 = 0.0191026
time: 124	PE: 1	op: 0 - -1000 * -7.09204e-08 = -7.09204e-05
time: 124	PE: 2	op: -1000 / 1000.02 = -0.999984
time: 124	PE: 3	op: -0.0005 / 1000.02 = -4.99992e-07
time: 124	PE: 4	op: -0.011408 / 1000.02 = -1.14079e-05
time: 124	PE: 5	op: 1000 - -2.84492e-12 * -5.34882e-13 = 1000
time: 124	PE: 6	op: 0 - 1.84432e-12 * -1 = 1.84432e-12
time: 124	PE: 7	op: -0.0037862 - 0.00365237 * -1.0021e-15 = -0.0037862
time: 124	PE: 8	op: -0.248815 / 0.249023 = -0.999163
time: 124	PE: 9	op: 0.000366211 - 0.00365237 * -1.0021e-15 = 0.000366211
time: 124	PE: 10	op: -1e-12 / 6.01288 = -1.6631e-13
time: 125	PE: 0	op: -9.38897e-12 - -4.42388e-10 * -6.53107e-12 = -9.38897e-12
time: 125	PE: 1	op: 3634.14 - -1 * -3635.14 = -1
time: 125	PE: 2	op: 1000.01 - -1000 * -1 = 0.0114136
time: 125	PE: 3	op: 0 - -8.89759 * -6.53107e-12 = -5.81108e-11
time: 125	PE: 4	op: 1000.21 - -0.0407435 * -0.000135756 = 1000.21
time: 125	PE: 5	op: 6.20155e-29 - -100000 * 1705.43 = 1.70543e+08
time: 125	PE: 6	op: 0 - -100 * -1e-14 = -1e-12
time: 125	PE: 7	op: -0.335796 / 0.335796 = -1
time: 125	PE: 8	op: -1000 - -1000 * -1.03213e-15 = -1000
time: 125	PE: 9	op: 18.1961 / -0.000275135 = -66135.2
time: 126	PE: 0	op: 0 - -8.41421e-12 * -0.047619 = -4.00676e-13
time: 126	PE: 1	op: -9.63519e-09 / 0.0370483 = -2.60071e-07
time: 126	PE: 2	op: 0.0262451 - -2.40745e-07 * 3.3309e-06 = 0.0262451
time: 126	PE: 3	op: -0.00170851 - -2.40747e-07 * -8.37087e-06 = -0.00170851
time: 126	PE: 4	op: 0 - -0.0521346 * -0.999948 = -0.0521319
time: 126	PE: 5	op: 0 - -2e-31 * -1 = -2e-31
time: 126	PE: 6	op: -1.00007e-12 / 1000 = -1.00007e-15
time: 126	PE: 7	op: 1.84433e-12 - -2.84492e-12 * -3.93673e-09 = 1.84433e-12
time: 126	PE: 8	op: -1000 / 1000 = -1
time: 126	PE: 9	op: -22553.2 / -1 = 22553.2
time: 126	PE: 10	op: 18.1818 / 1 = 18.1818
time: 127	PE: 0	op: 3000.19 - -5.56905e-06 * -5.21319e-05 = 3000.19
time: 127	PE: 1	op: 200000 - -100000 * -1 = 100000
time: 127	PE: 2	op: 100000 - -100000 * -0.999682 = 31.7969
time: 127	PE: 3	op: 5.16472 - -5.16089 * -0.99999 = 0.0038867
time: 127	PE: 4	op: 0.00822284 - -0.0326097 * -0.00481913 = 0.00806569
time: 127	PE: 5	op: -3.38064e-05 / 0.249023 = -0.000135756
time: 127	PE: 6	op: -1 - 23.8995 * -0.0401614 = -0.0401614
time: 127	PE: 7	op: 23.8995 - -1 * -24.8995 = -1
time: 128	PE: 0	op: 0.0168419 - -5.90855e-11 * -6.53107e-12 = 0.0168419
time: 128	PE: 1	op: 0 - -5.90855e-11 * -1 = -5.90855e-11
time: 128	PE: 2	op: 0 - -4.42388e-10 * -1 = -4.42388e-10
time: 128	PE: 3	op: 1000 - -2.8449e-12 * -5.3488e-13 = 1000
time: 128	PE: 4	op: 0 - -1000 * -9.55328e-16 = -9.55328e-13
time: 128	PE: 5	op: -0.0166117 - -0.00938788 * 0.682795 = -0.0102017
time: 128	PE: 6	op: -100000 / 100000 = -1
time: 128	PE: 7	op: -1000 / 1000 = -1
time: 129	PE: 0	op: 2000.29 - -1.00023e-12 * -0.00191352 = 2000.29
time: 129	PE: 1	op: 1000 - -7.08896e-05 * -2.59969e-07 = 1000
time: 129	PE: 2	op: 0 - -0.037037 * -0.00191352 = -7.0871e-05
time: 129	PE: 3	op: 7.08926e-05 - -7.08896e-05 * -0.00191352 = 7.0757e-05
time: 129	PE: 4	op: -1.00023e-12 - -1.00023e-12 * -2.59969e-07 = -1.00023e-12
time: 129	PE: 5	op: -9.38897e-12 - -4.42388e-10 * -6.53107e-12 = -9.38897e-12
time: 129	PE: 6	op: 0 - -1 * -2e-31 = -2e-31
time: 129	PE: 7	op: -8.41421e-12 - -5.90855e-11 * -4.98295e-11 = -8.41421e-12
time: 129	PE: 8	op: 0 - -1.00006e-12 * -0.99999 = -1.00005e-12
time: 129	PE: 9	op: -0.00640292 - 0.00640223 * -1.03212e-15 = -0.00640292
time: 129	PE: 10	op: 3.20513 / 1 = 3.20513
time: 130	PE: 0	op: 0.0830078 - -0.037037 * -0.999695 = 0.0459821
time: 130	PE: 1	op: 0 - -1.00023e-12 * -0.999695 = -9.99921e-13
time: 130	PE: 2	op: -1.00149e-12 - -7.08896e-05 * -0.999695 = -7.0868e-05
time: 130	PE: 4	op: 0 - -1 * -465.116 = -465.116
time: 130	PE: 5	op: 0.0262451 - -2.40747e-07 * 3.33093e-06 = 0.0262451
time: 130	PE: 6	op: -5.90855e-11 - -8.41421e-12 * -4.59486e-08 = -5.90855e-11
time: 130	PE: 7	op: -1000 / 1000 = -1
time: 130	PE: 8	op: 0.17668 - -0.0516797 * -0.999996 = 0.125
time: 130	PE: 9	op: -100000 / 100000 = -1
time: 131	PE: 0	op: 0.115915 - -4.42388e-10 * -4.98295e-11 = 0.115915
time: 131	PE: 1	op: -7.09204e-05 / 0.0370483 = -0.00191427
time: 131	PE: 2	op: 0 - -1 * -2e-31 = -2e-31
time: 131	PE: 3	op: -1.03213e-12 - -0.037037 * -2.59969e-07 = -9.6295e-09
time: 131	PE: 4	op: -9.38897e-12 / 0.00962788 = -9.75186e-10
time: 131	PE: 5	op: 0 - 0.000275093 * 3.63458e+08 = -99984.7
time: 131	PE: 6	op: 1.00201e+06 - -1000 * -1 = 1.00101e+06
time: 131	PE: 7	op: 4.15917 - -0.0740297 * -0.00481913 = 4.15882
time: 131	PE: 8	op: -1000 / 1000.01 = -0.99999
time: 131	PE: 9	op: -0.00013383 - -0.00365237 * -1.0021e-15 = -0.00013383
time: 131	PE: 10	op: 1 / -1 = -1
time: 132	PE: 0	op: 0 - -0.011408 * -4.99992e-07 = -5.70393e-09
time: 132	PE: 1	op: 0 - -1000 * -4.99992e-07 = -0.000499992
time: 132	PE: 2	op: 0 - -1000 * -1.14079e-05 = -0.0114079
time: 132	PE: 3	op: 1000.01 - -1000 * -0.999984 = 0.0245361
time: 132	PE: 4	op: 0 - -0.011408 * -0.999984 = -0.0114079
time: 132	PE: 5	op: 0.0114746 - -0.011408 * -1.14079e-05 = 0.0114745
time: 132	PE: 6	op: 0 - -0.0005 * -1.14079e-05 = -5.70393e-09
time: 132	PE: 7	op: 0 - -1000 * -6.83999e-10 = -6.83999e-07
time: 132	PE: 8	op: 1000 - -1.03213e-12 * -1.67205e-06 = 1000
time: 132	PE: 9	op: 1000 - 0.0521263 * -1.03213e-15 = 1000
time: 132	PE: 10	op: 0 - -0.0172414 * -1 = -0.0172414
time: 133	PE: 0	op: 0.351737 - -0.335796 * -1 = 0.0159413
time: 133	PE: 1	op: 0 - -8.89759 * -6.53107e-12 = -5.81108e-11
time: 133	PE: 2	op: 0.0114136 - -0.0130792 * -0.000134155 = 0.0114118
time: 133	PE: 3	op: 10.1953 - -8.89759 * -1 = 1.29772
time: 133	PE: 4	op: 3.05178e-09 - -1.8298e-07 * -4.99012e-11 = 3.05178e-09
time: 133	PE: 5	op: 0.0038867 - -0.00250042 * 0.682795 = 0.00559398
time: 133	PE: 6	op: 1000.42 - -0.208105 * -0.999163 = 1000.21
time: 133	PE: 7	op: 0.00343021 / 0.000366211 = 9.36676
time: 133	PE: 8	op: 0 - -1 * 8.33958 = 8.33958
time: 133	PE: 9	op: -18.1961 / -0.000275135 = 66135.2
time: 134	PE: 0	op: 1000 - -7.09175e-05 * -2.60071e-07 = 1000
time: 134	PE: 2	op: -1.03213e-12 - -0.037037 * -2.60071e-07 = -9.63328e-09
time: 134	PE: 3	op: 2000.7 - -1000 * -1 = 1000.7
time: 134	PE: 4	op: 0 - -8.89759 * -4.98295e-11 = -4.43362e-10
time: 134	PE: 5	op: -1.33333e-06 - -1 * -0.71461 = -0.714612
time: 134	PE: 6	op: 0 - 1.84433e-12 * -1 = 1.84433e-12
time: 134	PE: 7	op: -9.55328e-13 / 1000 = -9.55328e-16
time: 134	PE: 8	op: 0 - -1000 * -1.00007e-15 = -1.00007e-12
time: 134	PE: 9	op: -0.0037862 / 0.000366211 = -10.3388
time: 134	PE: 10	op: 0.00343014 / 0.000366211 = 9.36658
time: 134	PE: 11	op: -0.0142857 - -18.1818 * -1 = -18.1961
time: 135	PE: 0	op: 2000.29 - -0.0005 * -4.99992e-07 = 2000.29
time: 135	PE: 1	op: -1.00023e-12 - -1.00023e-12 * -2.60071e-07 = -1.00023e-12
time: 135	PE: 2	op: 0 - -0.0005 * -0.999984 = -0.000499992
time: 135	PE: 3	op: -0.208105 - -0.208105 * -0.000135756 = -0.208133
time: 135	PE: 4	op: 1000.21 - -0.0407441 * -0.000135756 = 1000.21
time: 135	PE: 5	op: 0 - -0.0234082 * -0.724584 = -0.0169612
time: 135	PE: 6	op: 0 - -2e-31 * -1 = -2e-31
time: 135	PE: 7	op: 1000 - 1.84433e-12 * -1.00007e-15 = 1000
time: 135	PE: 8	op: -0.00378626 / 0.000366211 = -10.339
time: 135	PE: 9	op: -2.46305e-06 - -100000 * -1.18e-35 = -2.46305e-06
time: 135	PE: 10	op: 0.00641026 / -0.0401614 = -0.159612
time: 136	PE: 0	op: 100001 - -100000 * -1 = 0.71875
time: 136	PE: 1	op: 0 - -0.0005 * -1 = -0.0005
time: 136	PE: 2	op: -465.116 / 1 = -465.116
time: 136	PE: 3	op: 0 - -1 * -0.0172414 = -0.0172414
time: 136	PE: 4	op: 1000.42 - -0.208105 * -0.999161 = 1000.21
time: 136	PE: 5	op: -9.55328e-13 / 1000.01 = -9.55319e-16
time: 136	PE: 6	op: 1000 - 0.052125 * -1.03213e-15 = 1000
time: 136	PE: 7	op: 0.000111324 - -1.1274e-05 * -0.0681794 = 0.000110555
time: 136	PE: 8	op: -0.0005 / 100000 = -5e-09
time: 136	PE: 9	op: 1.70543e+08 / 100000 = 1705.43
time: 137	PE: 0	op: 3000.19 - -0.0666622 * -1.00018 = 3000.12
time: 137	PE: 1	op: 100000 - -2e-31 * -2e-36 = 100000
time: 137	PE: 2	op: 31.7969 - -31.78 * -1 = 0.0168419
time: 137	PE: 3	op: -1.00006e-12 - -1.00006e-12 * -1.41955e-19 = -1.00006e-12
time: 137	PE: 4	op: 0.17668 - -0.0516797 * -0.999996 = 0.125
time: 137	PE: 5	op: 1000.04 - -0.0704721 * -0.256947 = 1000.02
time: 137	PE: 6	op: -0.00640292 / 1000 = -6.40292e-06
time: 137	PE: 7	op: -2e-31 / 100000 = -2e-36
time: 137	PE: 8	op: -465.116 / 1 = -465.116
time: 138	PE: 0	op: 0.0439524 / 0.0245361 = 1.79133
time: 138	PE: 1	op: -0.0524333 / 0.0245361 = -2.13698
time: 138	PE: 2	op: -0.000499992 / 0.0245361 = -0.0203778
time: 138	PE: 3	op: -0.0114079 / 0.0245361 = -0.464941
time: 138	PE: 4	op: 3000 - -1000 * -1 = 2000
time: 138	PE: 5	op: 6.57462 - -4.655e-08 * 5.90516e-08 = 6.57462
time: 138	PE: 6	op: 0 - -1000 * 3.3309e-06 = 0.0033309
time: 138	PE: 7	op: 0 - -0.0516797 * 5.90516e-08 = 3.05177e-09
time: 138	PE: 8	op: -999.948 / 1000 = -0.999948
time: 138	PE: 9	op: 0 - 0.0172414 * -1 = 0.0172414
time: 139	PE: 0	op: 1000 - -1000 * -0.99999 = 0.0100098
time: 139	PE: 1	op: 0 - -0.037037 * -0.00191427 = -7.08988e-05
time: 139	PE: 2	op: 0.0038867 - -0.00250042 * 0.682795 = 0.00559398
time: 139	PE: 3	op: -0.0521319 - 0.0521263 * -1.03208e-15 = -0.0521319
time: 139	PE: 4	op: -0.167394 - -0.0407441 * -0.999163 = -0.208104
time: 139	PE: 5	op: -1000 / 1000 = -1
time: 139	PE: 6	op: 1.84432e-12 / 1000 = 1.84432e-15
time: 139	PE: 7	op: 3.05178e-09 / 0.0516798 = 5.90516e-08
time: 139	PE: 8	op: -1.00082e-12 / 0.01 = -1.00082e-10
time: 139	PE: 9	op: -5.56891e-06 - -0.052125 * -1.03213e-15 = -5.56891e-06
time: 139	PE: 10	op: 1000 - -0.00167226 * -2.27178e-10 = 1000
time: 140	PE: 0	op: 7.09204e-05 - -7.09175e-05 * -0.00191427 = 7.07847e-05
time: 140	PE: 1	op: 0 - -0.00045847 * -9.75186e-10 = -4.47093e-13
time: 140	PE: 2	op: -0.00503965 - -0.00503966 * 3.3309e-06 = -0.00503963
time: 140	PE: 3	op: -1000 / 1000.21 = -0.999792
time: 140	PE: 4	op: -6.87607e-10 - -6.436e-06 * -0.256947 = -1.6544e-06
time: 140	PE: 5	op: 0 - -1000 * -1.00007e-15 = -1.00007e-12
time: 140	PE: 6	op: 0.335796 - -1e-12 * -1e-14 = 0.335796
time: 140	PE: 7	op: 0 - -1 * -1 = -1
time: 140	PE: 8	op: -18.1818 / 1 = -18.1818
time: 140	PE: 9	op: -3635.14 / 1 = -3635.14
time: 141	PE: 0	op: -1e-08 - -2e-31 * -1 = -1e-08
time: 141	PE: 1	op: -5.81108e-11 - -4.43362e-10 * -9.75186e-10 = -5.81108e-11
time: 141	PE: 2	op: 1.84431e-12 - -2.8449e-12 * -3.93671e-09 = 1.84431e-12
time: 141	PE: 3	op: -0.208133 / 1000.21 = -0.00020809
time: 141	PE: 4	op: 0 - -4.655e-08 * -0.999996 = -4.65499e-08
time: 141	PE: 5	op: -0.0352393 / 0.137146 = -0.256947
time: 141	PE: 6	op: 1.84433e-12 / 1000 = 1.84433e-15
time: 141	PE: 7	op: -2e-31 / 100000 = -2e-36
time: 141	PE: 8	op: -1.1274e-05 / 0.000165357 = -0.0681794
time: 141	PE: 9	op: -3.20513 / 1 = -3.20513
time: 141	PE: 10	op: 18.1961 / -0.000275135 = -66135.2
time: 142	PE: 0	op: 1000 - -0.000222222 * 9.36658 = 1000
time: 142	PE: 1	op: 2000.01 - -0.00013383 * -10.3388 = 2000.01
time: 142	PE: 2	op: -1.0021e-12 - -0.000222222 * -10.3388 = -0.00229752
time: 142	PE: 3	op: 0 - -1000 * -9.55328e-16 = -9.55328e-13
time: 142	PE: 4	op: 6.20155e-29 - -100000 * 1705.43 = 1.70543e+08
time: 142	PE: 5	op: -0.208133 / 1000.21 = -0.00020809
time: 142	PE: 6	op: -1000 / 1000.21 = -0.999792
time: 142	PE: 7	op: -999.948 / 1000 = -0.999948
time: 142	PE: 8	op: -0.0521306 / 1000 = -5.21306e-05
time: 142	PE: 9	op: -0.0142857 - -1 * -18.1818 = -18.1961
time: 142	PE: 10	op: 0 - 0.714286 * -1 = 0.714286
time: 143	PE: 0	op: -0.00365237 - -0.00013383 * 9.36658 = -0.00239884
time: 143	PE: 1	op: 100000 - 8.33958 * -1 = 100008
time: 143	PE: 2	op: 0.0168419 - -5.90855e-11 * -6.53107e-12 = 0.0168419
time: 143	PE: 3	op: 1.00101e+06 - -1000 * -1 = 1.00001e+06
time: 143	PE: 4	op: -0.125 / 0.125 = -0.999999
time: 143	PE: 5	op: 0.0171252 / 1000.02 = 1.71249e-05
time: 143	PE: 6	op: -1000 / 1000.02 = -0.999983
time: 143	PE: 7	op: 0 - -1 * 18.1818 = 18.1818
time: 144	PE: 0	op: 100000 - -0.0005 * -5e-09 = 100000
time: 144	PE: 1	op: 3000.12 - -0.0521263 * -1.0005e-15 = 3000.12
time: 144	PE: 2	op: 0 - -100000 * -5e-09 = -0.0005
time: 144	PE: 3	op: 1000 - -1000 * -0.999999 = 0.000976562
time: 144	PE: 4	op: -1000 / 1000 = -1
time: 144	PE: 5	op: -1000 - -1000 * -1.03213e-15 = -1000
time: 144	PE: 6	op: 4.15882 - -0.0234082 * 0.0910952 = 4.16095
time: 144	PE: 7	op: -3.33333e-05 - -100000 * -1.18e-35 = -3.33333e-05
time: 144	PE: 8	op: -1 / 1 = -1
time: 145	PE: 0	op: -1.03212e-12 - -1000 * -6.40292e-06 = -0.00640292
time: 145	PE: 1	op: 0 - -1 * -465.116 = -465.116
time: 145	PE: 2	op: 1000 - -1.00006e-12 * -9.55328e-16 = 1000
time: 145	PE: 3	op: 0.00167205 - -0.00167228 * -1.67205e-06 = 0.00167205
time: 145	PE: 4	op: 0 - -1.00006e-12 * -1 = -1.00006e-12
time: 145	PE: 5	op: -5e-08 / 0.000110555 = -0.000452262
time: 145	PE: 6	op: -0.0001 / 0.000110555 = -0.904525
time: 145	PE: 7	op: 0 - -1 * -1 = -1
time: 145	PE: 8	op: 0 - 1.2987 * -1 = 1.2987
time: 145	PE: 9	op: -0.5 / 2.5 = -0.2
time: 145	PE: 10	op: 1 / -1 = -1
time: 146	PE: 0	op: -0.0521306 - -0.00847216 * -0.0203778 = -0.0523032
time: 146	PE: 1	op: 1000.02 - -0.00847216 * 1.79133 = 1000.03
time: 146	PE: 2	op: -0.00847113 - -0.00847216 * -2.13698 = -0.026576
time: 146	PE: 3	op: -0.0521306 - -0.000499992 * 1.79133 = -0.0512349
time: 146	PE: 4	op: -3.90684e-08 - -0.00847216 * -0.464941 = -0.0039391
time: 146	PE: 5	op: 0 - -8.78993e-06 * -0.0203778 = -1.79119e-07
time: 146	PE: 6	op: 0.165771 - -8.78993e-06 * -2.13698 = 0.165752
time: 146	PE: 7	op: 0 - -0.000499992 * -2.13698 = -0.00106847
time: 146	PE: 8	op: 0 - -8.78993e-06 * -0.464941 = -4.0868e-06
time: 146	PE: 9	op: -5.70393e-09 - -0.000499992 * -0.464941 = -0.000232473
time: 146	PE: 10	op: -1.03213e-12 / 1000 = -1.03213e-15
time: 146	PE: 11	op: -1e-12 / 0.335796 = -2.97801e-12
time: 146	PE: 12	op: -6.83999e-07 - -0.00640223 * -1.03213e-15 = -6.83999e-07
time: 146	PE: 13	op: -0.335796 / 0.335796 = -1
time: 146	PE: 14	op: 0.0172414 / 1 = 0.0172414
time: 147	PE: 0	op: -0.0521319 - -5.56905e-06 * -0.999948 = -0.0521374
time: 147	PE: 1	op: -0.0608957 - -8.78993e-06 * 1.79133 = -0.0608799
time: 147	PE: 2	op: 3.28232e-05 - -0.0114079 * 1.79133 = 0.0204681
time: 147	PE: 3	op: 0.0114745 - -0.0114079 * -0.464941 = 0.0061705
time: 147	PE: 4	op: 4.06224 - -1.00082e-12 * -1.00082e-10 = 4.06224
time: 147	PE: 5	op: 0 - -1000 * 1.84432e-15 = 1.84432e-12
time: 147	PE: 7	op: -0.0521319 / 1000 = -5.21319e-05
time: 147	PE: 8	op: 100.004 - -0.00424862 * -0.00296522 = 100.004
time: 147	PE: 9	op: -0.00641026 / -0.0401614 = 0.159612
time: 148	PE: 0	op: 2000.29 - -0.000499992 * -0.0203778 = 2000.29
time: 148	PE: 1	op: 1000.4 - -1000 * -0.999792 = 0.609924
time: 148	PE: 2	op: 0 - -0.0114079 * -2.13698 = -0.0243784
time: 148	PE: 3	op: 0 - -1 * -3.20513 = -3.20513
time: 148	PE: 4	op: 0 - -0.208104 * -0.999792 = -0.208061
time: 148	PE: 5	op: -6.84008e-07 - -0.00640232 * -1.03213e-15 = -6.84008e-07
time: 148	PE: 6	op: 100000 - -2e-31 * -2e-36 = 100000
time: 148	PE: 7	op: 0 - -0.0641547 * 0.0910952 = 0.00584418
time: 148	PE: 8	op: 0 - 1 * -1 = 1
time: 149	PE: 0	op: -5.70393e-09 - -0.0114079 * -0.0203778 = -0.000232473
time: 149	PE: 1	op: 1000.7 - -1.00007e-12 * 1.84433e-15 = 1000.7
time: 149	PE: 2	op: 0 - -1000 * 1.84433e-15 = 1.84433e-12
time: 149	PE: 3	op: 0.0168419 - -8.41421e-12 * -9.75186e-10 = 0.0168419
time: 149	PE: 4	op: 1000 - -6.43837e-06 * -0.256947 = 1000
time: 149	PE: 5	op: -7.69231e-05 - 0.000275093 * 66135.2 = -18.1934
time: 149	PE: 6	op: -9.55328e-13 / 1000.01 = -9.55319e-16
time: 149	PE: 7	op: 1000 - -1.00006e-12 * -9.55319e-16 = 1000
time: 150	PE: 0	op: 1000.02 - -1000 * -0.999948 = 0.0690308
time: 150	PE: 1	op: 1000.4 - -1000 * -0.999792 = 0.609802
time: 150	PE: 3	op: 3000.12 - -0.0521263 * -1.03208e-15 = 3000.12
time: 150	PE: 4	op: 0.0352329 - -0.0704722 * -0.256947 = 0.0171252
time: 150	PE: 5	op: -3.84447e-12 / 0.000976562 = -3.93673e-09
time: 150	PE: 6	op: -5.22346e-16 / 0.000976562 = -5.34882e-13
time: 150	PE: 7	op: -0.167395 - -0.0407435 * -0.999161 = -0.208104
time: 150	PE: 8	op: 0.000111324 - -1.1274e-05 * -0.0681794 = 0.000110555
time: 151	PE: 0	op: 2000.01 - -1000 * -0.999983 = 1000.03
time: 151	PE: 1	op: 0.141982 - -0.125 * -0.999999 = 0.0169817
time: 151	PE: 2	op: 0.0168419 - 18.1818 * -1 = 18.1987
time: 151	PE: 3	op: 3000 - -1000 * -1 = 2000
time: 151	PE: 4	op: 0 - -0.0516797 * 5.90516e-08 = 3.05177e-09
time: 151	PE: 5	op: 0 - -4.65499e-08 * -0.999999 = -4.65498e-08
time: 151	PE: 6	op: 0 - -1 * -691.489 = -691.489
time: 151	PE: 7	op: 0 - -1000 * -9.55319e-16 = -9.55319e-13
time: 151	PE: 8	op: 1000.04 - -0.0704722 * -0.256947 = 1000.02
time: 151	PE: 9	op: -4.06174 / 4.16095 = -0.976157
time: 151	PE: 10	op: -18.1961 / -0.000275135 = 66135.2
time: 152	PE: 0	op: -0.0523032 - -1000 * -5.21306e-05 = -0.104434
time: 152	PE: 1	op: 1000.03 - -1000 * -0.999948 = 0.0842896
time: 152	PE: 2	op: -0.0512349 - -5.56891e-06 * -0.999948 = -0.0512405
time: 152	PE: 3	op: 3000 - -1000 * -1 = 2000
time: 152	PE: 4	op: -1.18986e-12 - -0.01 * -1.00082e-10 = -2.19068e-12
time: 152	PE: 5	op: -465.116 / 1 = -465.116
time: 152	PE: 6	op: 0 - -1000 * -0.00020809 = -0.20809
time: 152	PE: 7	op: -0.125 / 0.125 = -0.999999
time: 152	PE: 8	op: 1 / -1 = -1
time: 153	PE: 0	op: 0 - 1 * -1 = 1
time: 153	PE: 1	op: 0 - -1.00007e-12 * -1 = -1.00007e-12
time: 153	PE: 2	op: -0.00640223 - -6.83999e-07 * -0.999994 = -0.00640292
time: 153	PE: 3	op: 0 - -1.00006e-12 * -0.99999 = -1.00005e-12
time: 153	PE: 4	op: 0 - -1000 * -1.00006e-15 = -1.00006e-12
time: 153	PE: 5	op: -6.8786e-10 - -6.43837e-06 * -0.256947 = -1.65501e-06
time: 153	PE: 7	op: 0.0830078 - -1.40235e-16 * -3.07766e-17 = 0.0830078
time: 154	PE: 0	op: 2000.29 - -5.56891e-06 * -5.21306e-05 = 2000.29
time: 154	PE: 1	op: -2.19068e-12 - -1e-12 * -1 = -3.19068e-12
time: 154	PE: 2	op: -0.00640232 - -6.84008e-07 * -0.999994 = -0.006403
time: 154	PE: 3	op: 0.882613 - -1 * 0.0172414 = 0.899854
time: 154	PE: 4	op: 6.57462 - -4.655e-08 * 5.90516e-08 = 6.57462
time: 154	PE: 5	op: 1000 - -1.6544e-06 * 1.71249e-05 = 1000
time: 154	PE: 6	op: 0 - 0.000275093 * -66135.2 = 18.1933
time: 154	PE: 7	op: -1000 - 0.00167205 * -1 = -999.998
time: 154	PE: 8	op: -100 / 100.004 = -0.999958
time: 154	PE: 9	op: 0.714286 / 1 = 0.714286
time: 155	PE: 0	op: -0.0521319 - -1000 * -5.21319e-05 = -0.104264
time: 155	PE: 1	op: 4.06224 - -1e-12 * -2.97801e-12 = 4.06224
time: 155	PE: 2	op: 3634.14 - -1 * -3635.14 = -1
time: 155	PE: 3	op: 0.0114118 - -0.0001 * -0.904525 = 0.0113214
time: 155	PE: 4	op: -1e-08 - -100000 * -2e-36 = -1e-08
time: 155	PE: 5	op: -6.57462 / 1.00001e+06 = -6.57458e-06
time: 155	PE: 6	op: -1e+06 / 1.00001e+06 = -0.999993
time: 155	PE: 7	op: 0 - -1 * 3.20513 = 3.20513
time: 155	PE: 8	op: -1000 / 1000 = -1
time: 156	PE: 0	op: 0.351737 - -0.335796 * -1 = 0.0159413
time: 156	PE: 1	op: 0 - -0.208104 * -0.999792 = -0.208061
time: 156	PE: 2	op: 0 - 1.84431e-12 * -1 = 1.84431e-12
time: 156	PE: 3	op: 0 - -1.6544e-06 * -0.999983 = -1.65437e-06
time: 156	PE: 4	op: 1000.21 - -0.208104 * -0.00020809 = 1000.21
time: 156	PE: 5	op: 3.05177e-09 / 0.125 = 2.44141e-08
time: 156	PE: 6	op: 3.02838e-05 - -5e-08 * -0.000452262 = 3.02838e-05
time: 156	PE: 7	op: 0 - -1000 * 1.71249e-05 = 0.0171249
time: 157	PE: 1	op: 0 - -5e-08 * -0.904525 = -4.52262e-08
time: 157	PE: 2	op: 0 - -1 * -1 = -1
time: 157	PE: 3	op: -2.32558e+08 - -2e-31 * -465.116 = -2.32558e+08
time: 157	PE: 4	op: 0.0171252 / 1000.02 = 1.71249e-05
time: 157	PE: 5	op: -1000 / 1000.02 = -0.999983
time: 157	PE: 6	op: -0.00013383 - -0.00365243 * -1.0021e-15 = -0.00013383
time: 157	PE: 7	op: -0.000222222 - -1000 * -1.0021e-15 = -0.000222222
time: 157	PE: 8	op: 0 - -1 * -1 = -1
time: 157	PE: 9	op: -691.489 / 1 = -691.489
time: 158	PE: 0	op: -2.19068e-12 - -0.335796 * -2.97801e-12 = -3.19068e-12
time: 158	PE: 1	op: -0.026576 / 0.0842896 = -0.315294
time: 158	PE: 2	op: 0.052125 / 0.0842896 = 0.618404
time: 158	PE: 3	op: -3.05716e-08 / 0.0842896 = -3.62697e-07
time: 158	PE: 4	op: -0.104434 / 0.0842896 = -1.23899
time: 158	PE: 5	op: -0.0039391 / 0.0842896 = -0.0467329
time: 158	PE: 6	op: 1000.21 - -0.208104 * -0.00020809 = 1000.21
time: 158	PE: 7	op: 1000 - -1.00006e-12 * -9.55319e-16 = 1000
time: 158	PE: 8	op: 0.0885415 - -0.0326097 * -4.4787e-05 = 0.0885401
time: 158	PE: 9	op: 100000 - -1.18e-30 * -1.18e-35 = 100000
time: 158	PE: 10	op: -0.00625 - -8.33333 * -1 = -8.33958
time: 159	PE: 0	op: 0.104858 - -1.00006e-12 * 1.84432e-15 = 0.104858
time: 159	PE: 1	op: 0 - -1.00006e-12 * -1 = -1.00006e-12
time: 159	PE: 2	op: 0 - 0.00584418 * -0.976157 = 0.00570484
time: 159	PE: 3	op: 1 / -1 = -1
time: 159	PE: 4	op: -7.69231e-05 - 0.000275093 * 66135.2 = -18.1934
time: 159	PE: 5	op: 1.84434e-12 - -2.84492e-12 * -3.93673e-09 = 1.84434e-12
time: 159	PE: 6	op: -5e-08 / 0.000110555 = -0.000452262
time: 159	PE: 7	op: -1000 / 1000 = -1
time: 159	PE: 8	op: 3.20513 / 1 = 3.20513
time: 159	PE: 9	op: -7047.87 - 1 * 22553.2 = -29601.1
time: 160	PE: 0	op: 0.141982 - -0.125 * -0.999999 = 0.0169822
time: 160	PE: 1	op: 0 - 1 * -1 = 1
time: 160	PE: 2	op: 100000 - 18.1933 * -1 = 100018
time: 160	PE: 3	op: 0 - -2e-31 * -465.116 = -9.30233e-29
time: 160	PE: 4	op: -1.00006e-12 - -1.00006e-12 * -5.34882e-13 = -1.00006e-12
time: 160	PE: 5	op: -0.0234049 - -0.0740297 * -4.4787e-05 = -0.0234082
time: 160	PE: 6	op: -0.0005 / 0.71875 = -0.000695652
time: 160	PE: 7	op: -100000 / 100000 = -0.999998
time: 161	PE: 0	op: 2000.29 - -6.83999e-07 * -6.40292e-06 = 2000.29
time: 161	PE: 1	op: 4.06224 - -4.06174 * -0.976157 = 0.0973468
time: 161	PE: 2	op: 0 - -1 * -100000 = -100000
time: 161	PE: 3	op: 1000 - -2.84492e-12 * -5.34882e-13 = 1000
time: 161	PE: 4	op: 0 - -100 * -1e-14 = -1e-12
time: 161	PE: 5	op: -0.0169612 / 4.16095 = -0.00407628
time: 161	PE: 6	op: 0 - 0.000275093 * -66135.2 = 18.1933
time: 162	PE: 0	op: 1100.02 - -100 * -0.999958 = 1000.03
time: 162	PE: 1	op: 3000.12 - -1.00023e-12 * 7.09204e-08 = 3000.12
time: 162	PE: 2	op: 0 - -4.65499e-08 * -0.999999 = -4.65498e-08
time: 162	PE: 3	op: 0 - -1000 * -9.55319e-16 = -9.55319e-13
time: 162	PE: 4	op: -1.00005e-12 / 1000 = -1.00005e-15
time: 162	PE: 5	op: -1000 / 1000 = -1
time: 162	PE: 6	op: -3.00339e-05 / 3.02838e-05 = -0.991749
time: 162	PE: 7	op: -1.65437e-06 / 1000 = -1.65437e-09
time: 162	PE: 8	op: -1000 / 1000 = -1
time: 162	PE: 9	op: -0.0142857 - -1 * -18.1818 = -18.1961
time: 163	PE: 0	op: 1e+06 - -1e+06 * -0.999993 = 6.5625
time: 163	PE: 1	op: 1000 - -0.000222222 * 9.36676 = 1000
time: 163	PE: 2	op: 1000.03 - -0.00013383 * -10.339 = 1000.03
time: 163	PE: 3	op: -1.0021e-12 - -0.000222222 * -10.339 = -0.00229756
time: 163	PE: 4	op: 0 - -6.57462 * -0.999993 = -6.57458
time: 163	PE: 5	op: 3.05177e-09 / 0.125 = 2.44141e-08
time: 163	PE: 6	op: -0.208061 / 1000.21 = -0.000208018
time: 163	PE: 7	op: -0.0001 / 0.000110555 = -0.904525
time: 163	PE: 8	op: 0 - -1 * 8.33958 = 8.33958
time: 163	PE: 9	op: 0.0830078 - -1.03213e-12 * -1.00149e-15 = 0.0830078
time: 164	PE: 0	op: -0.00365243 - -0.00013383 * 9.36676 = -0.00239888
time: 164	PE: 1	op: 6.57462 - -4.65499e-08 * 2.44141e-08 = 6.57462
time: 164	PE: 2	op: 6.57462 - -6.57462 * -6.57458e-06 = 6.57458
time: 164	PE: 3	op: 0 - -1 * -1 = -1
time: 164	PE: 4	op: 1000 - -1.00006e-12 * -3.93673e-09 = 1000
time: 164	PE: 5	op: -1000 / 1000.21 = -0.999792
time: 164	PE: 6	op: -0.208061 / 1000.21 = -0.000208018
time: 164	PE: 7	op: 0 - -0.125 * 2.44141e-08 = 3.05176e-09
time: 164	PE: 8	op: -1000 / 1000 = -1
time: 164	PE: 9	op: 0 - -8.33958 * -465.116 = -3878.88
time: 164	PE: 10	op: -6.99791e-08 / 26.9179 = -2.59972e-09
time: 164	PE: 11	op: 0 - -99984.7 * 1705.43 = 1.70516e+08
time: 165	PE: 0	op: 2000.01 - -1000 * -0.999983 = 1000.03
time: 165	PE: 1	op: 0 - -1 * -691.489 = -691.489
time: 165	PE: 2	op: 1000 - 1.84431e-12 * -1.00007e-15 = 1000
time: 165	PE: 3	op: -1000 / 1000.21 = -0.999792
time: 165	PE: 4	op: 0.00806569 / 0.0885401 = 0.0910965
time: 165	PE: 5	op: 0 - -0.0001 * -0.000452262 = -4.52262e-08
time: 165	PE: 6	op: 1e+06 - -0.5 * -0.2 = 1e+06
time: 165	PE: 7	op: -4.52262e-08 / 3.02838e-05 = -0.00149342
time: 166	PE: 0	op: -1.0005e-12 - 0.0428917 * -1.23899 = 0.0531424
time: 166	PE: 1	op: -0.052125 - -0.0512405 * 0.618404 = -0.0204377
time: 166	PE: 2	op: -0.000232473 - 0.0204681 * -1.23899 = 0.0251273
time: 166	PE: 3	op: -1.66988e-05 - -0.0608799 * 0.618404 = 0.0376317
time: 166	PE: 4	op: 0.165752 - -0.0608799 * -0.315294 = 0.146557
time: 166	PE: 6	op: -0.00106847 - -0.0512405 * -0.315294 = -0.0172243
time: 166	PE: 7	op: -1.33791e-08 - 0.0204681 * 0.618404 = -0.0126576
time: 166	PE: 8	op: -0.0243784 - 0.0204681 * -0.315294 = -0.0179249
time: 166	PE: 10	op: 0 - -0.0512405 * -3.62697e-07 = -1.85848e-08
time: 166	PE: 11	op: -2.93249e-05 - 0.0204681 * -3.62697e-07 = -2.93175e-05
time: 166	PE: 12	op: 1 / -1 = -1
time: 166	PE: 14	op: 6.24015e-05 - -2e-07 * -0.000999001 = 6.24013e-05
time: 167	PE: 1	op: -0.349242 - -0.0429211 * 0.618404 = -0.3227
time: 167	PE: 2	op: 0 - -0.0429211 * -1.23899 = -0.0531787
time: 167	PE: 3	op: -3.19068e-12 / 0.0973468 = -3.27764e-11
time: 167	PE: 4	op: -0.0005 / 0.0973468 = -0.00513628
time: 167	PE: 5	op: -0.0524373 - 0.0428917 * -0.315294 = -0.0389138
time: 167	PE: 6	op: -1000 - -1000 * -1.03213e-15 = -1000
time: 167	PE: 7	op: -1.00005e-12 / 1000 = -1.00005e-15
time: 167	PE: 8	op: 0 - -1e+06 * -6.57458e-06 = -6.57458
time: 167	PE: 9	op: 1000.43 - -0.0429211 * -3.62697e-07 = 1000.43
time: 167	PE: 10	op: -2325.58 / 1 = -2325.58
time: 167	PE: 13	op: -1e-08 - -100000 * -2e-36 = -1e-08
time: 168	PE: 0	op: 0.609924 - 0.0428917 * 0.618404 = 0.5834
time: 168	PE: 1	op: -0.424989 - 0.0428917 * -3.62697e-07 = -0.424989
time: 168	PE: 2	op: 0 - -0.0608799 * -3.62697e-07 = -2.2081e-08
time: 168	PE: 3	op: 5.82768e-06 - 0.0428917 * -0.0467329 = 0.00201028
time: 168	PE: 4	op: -4.0868e-06 - -0.0608799 * -0.0467329 = -0.00284918
time: 168	PE: 5	op: 100000 - -0.0005 * -0.000695652 = 100000
time: 168	PE: 7	op: 4.06224 - -1e-12 * -2.97801e-12 = 4.06224
time: 168	PE: 8	op: -2.19068e-12 - -1e-12 * -1 = -3.19068e-12
time: 168	PE: 9	op: -0.0641547 / 0.0885401 = -0.724584
time: 168	PE: 10	op: 1000 - -0.00167228 * -2.27181e-10 = 1000
time: 168	PE: 11	op: -8e-31 / -0.0401614 = 1.99196e-29
time: 169	PE: 0	op: 2000.29 - -1000 * -1 = 1000.29
time: 169	PE: 1	op: 0.0061705 - 0.0204681 * -0.0467329 = 0.00712703
time: 169	PE: 2	op: -0.000232473 - -0.0512405 * -0.0467329 = -0.00262709
time: 169	PE: 3	op: 0 - -3.20513 * -691.489 = -2216.31
time: 169	PE: 4	op: 3.02838e-05 - -5e-08 * -0.000452262 = 3.02838e-05
time: 169	PE: 5	op: -2.32558e+08 / 100000 = -2325.58
time: 169	PE: 6	op: -100000 - -0.714612 * -0.000695652 = -100000
time: 169	PE: 7	op: 100000 - -1 * 0.714286 = 100001
time: 170	PE: 0	op: 0.0191026 - 0.00584418 * -0.00407628 = 0.0191264
time: 170	PE: 1	op: -1.79119e-07 - -0.0608799 * -1.23899 = -0.0754297
time: 170	PE: 2	op: 1000.7 - -1000 * -1 = 0.697998
time: 170	PE: 3	op: 0 - -9.55319e-13 * -1 = -9.55319e-13
time: 170	PE: 4	op: 0 - -4.06174 * -0.00407628 = -0.0165568
time: 170	PE: 5	op: 0 - -1000 * -1.00005e-15 = -1.00005e-12
time: 170	PE: 6	op: 0 - -1.65501e-06 * -0.999983 = -1.65498e-06
time: 170	PE: 7	op: -1.00006e-12 / 1000 = -1.00006e-15
time: 170	PE: 8	op: -7.69231e-05 - -18.1961 * -1 = -18.1962
time: 170	PE: 9	op: 1000 - 0.00167203 * -1.03213e-15 = 1000
time: 171	PE: 0	op: 0 - -0.0429211 * -0.315294 = -0.0135328
time: 171	PE: 1	op: -5.83167e-06 - -0.0429211 * -0.0467329 = -0.00201166
time: 171	PE: 2	op: 1000.03 - 0.0171249 * -1.65437e-09 = 1000.03
time: 171	PE: 3	op: 0.0100098 - -9.55319e-13 * -1.00005e-15 = 0.0100098
time: 171	PE: 4	op: 3000.12 - -1.00023e-12 * -7.09204e-08 = 3000.12
time: 171	PE: 5	op: 0 - -1000 * -1.65437e-09 = -1.65437e-06
time: 171	PE: 6	op: 0 - -0.125 * 2.44141e-08 = 3.05176e-09
time: 171	PE: 7	op: 0.882643 - -3.00339e-05 * -0.991749 = 0.882613
time: 171	PE: 8	op: -1 / 1 = -1
time: 172	PE: 0	op: 0 - -9.55319e-13 * -1 = -9.55319e-13
time: 172	PE: 1	op: 100018 - 8.33958 * -1 = 100027
time: 172	PE: 2	op: 2000 - -1000 * -0.999792 = 1000.21
time: 172	PE: 3	op: 0 - -1000 * -0.000208018 = -0.208018
time: 172	PE: 4	op: 0 - -1000 * -0.000208018 = -0.208018
time: 172	PE: 5	op: -1000 / 1000 = -1
time: 172	PE: 6	op: 1000 - -1.65501e-06 * 1.71249e-05 = 1000
time: 172	PE: 7	op: -3.33333e-05 - -8.33958 * -1 = -8.33962
time: 173	PE: 0	op: 1000.43 - -1000 * -1 = 0.430115
time: 173	PE: 1	op: 2000 - -1000 * -0.999994 = 1000.01
time: 173	PE: 2	op: -1.03212e-12 - -1000 * -6.403e-06 = -0.006403
time: 173	PE: 3	op: 0.0113214 - -4.52262e-08 * -0.00149342 = 0.0113214
time: 173	PE: 4	op: 0 - -3.00339e-05 * -0.00149342 = -4.48531e-08
time: 173	PE: 5	op: 0 - -100000 * -1 = -100000
time: 173	PE: 6	op: -1000 / 1000 = -1
time: 173	PE: 7	op: 6.57458 - -4.65499e-08 * 2.44141e-08 = 6.57458
time: 173	PE: 8	op: 1.84431e-12 / 1000 = 1.84431e-15
time: 173	PE: 9	op: -1e+06 / 1e+06 = -1
time: 174	PE: 0	op: 0.5834 - -0.20809 * -0.000208018 = 0.583357
time: 174	PE: 1	op: 0 - -5e-08 * -0.904525 = -4.52262e-08
time: 174	PE: 2	op: 0 - -1000 * -0.00020809 = -0.20809
time: 174	PE: 3	op: 0 - -4.52262e-08 * -0.991749 = -4.48531e-08
time: 174	PE: 4	op: -0.115915 / 0.126415 = -0.91694
time: 174	PE: 5	op: 100000 - -6.99791e-08 * -2.59972e-09 = 100000
time: 174	PE: 6	op: 4.01 - -4 * -0.5 = 2.01
time: 174	PE: 7	op: 0 - 1 * -1 = 1
time: 175	PE: 0	op: 1000.29 - -0.0512405 * -1.23899 = 1000.23
time: 175	PE: 1	op: 0.0159413 - -3.19068e-12 * -3.27764e-11 = 0.0159413
time: 175	PE: 2	op: 0 - 0.00570484 * -0.00513628 = 2.93016e-05
time: 175	PE: 3	op: 0 - 0.00570484 * -3.27764e-11 = 1.86984e-13
time: 175	PE: 4	op: 0 - -3.19068e-12 * -0.00513628 = -1.63882e-14
time: 175	PE: 5	op: 0.00712703 - -0.0001 * -0.904525 = 0.00703658
time: 175	PE: 6	op: 0 - -1000 * -1.00005e-15 = -1.00005e-12
time: 175	PE: 7	op: 2000 - -1000 * -0.999792 = 1000.21
time: 175	PE: 8	op: -1 / 1 = -1
time: 175	PE: 9	op: -8.33958 / 1 = -8.33958
time: 176	PE: 0	op: 0.065588 - -0.0641547 * -0.724584 = 0.0191026
time: 176	PE: 1	op: 0 - -0.0005 * -3.27764e-11 = -1.63882e-14
time: 176	PE: 2	op: 0 - -1 * -2325.58 = -2325.58
time: 176	PE: 3	op: 0.0100098 - -9.55319e-13 * -1.00005e-15 = 0.0100098
time: 176	PE: 4	op: 0 - -2e-31 * -1 = -2e-31
time: 176	PE: 5	op: 0 - -0.0641547 * 0.0910965 = 0.00584427
time: 176	PE: 6	op: -3.11007e-05 / 6.24013e-05 = -0.498399
time: 176	PE: 7	op: -7.69231e-05 - -18.1961 * -1 = -18.1962
time: 176	PE: 8	op: -4 / 1 = -4
time: 177	PE: 0	op: -1.01839e-12 / 0.0100098 = -1.0174e-10
time: 177	PE: 1	op: -1.38368e-16 / 0.0100098 = -1.38233e-14
time: 177	PE: 2	op: -9.55319e-13 / 0.0100098 = -9.54387e-11
time: 177	PE: 3	op: -0.0165568 / 0.0973468 = -0.170081
time: 177	PE: 4	op: 3000.12 - -1e-12 * -1.6631e-13 = 3000.12
time: 177	PE: 5	op: 100008 - -100000 * -0.999998 = 8.53906
time: 177	PE: 6	op: 0 - -0.0234082 * -0.724584 = -0.0169612
time: 177	PE: 7	op: 1000.05 - -1000 * -1 = 0.0454712
time: 177	PE: 8	op: -0.882613 / 0.882613 = -1
time: 177	PE: 9	op: -1 / 1 = -1
time: 177	PE: 10	op: 0 - 3.20513 * -691.489 = 2216.31
time: 178	PE: 0	op: 1000 - 1.84434e-12 * -1.00006e-15 = 1000
time: 178	PE: 1	op: 0 - -1000 * -1.00006e-15 = -1.00006e-12
time: 178	PE: 2	op: 0 - -0.20809 * -0.999792 = -0.208046
time: 178	PE: 3	op: -1000 / 1000 = -1
time: 178	PE: 4	op: 0 - -1000 * 1.71249e-05 = 0.0171249
time: 178	PE: 5	op: -1.65498e-06 / 1000 = -1.65498e-09
time: 178	PE: 6	op: -3.00339e-05 / 3.02838e-05 = -0.991749
time: 178	PE: 7	op: 0 - -0.0001 * -0.000452262 = -4.52262e-08
time: 178	PE: 8	op: 100001 / 1 = 100001
time: 178	PE: 9	op: 0 - -1.99969e-31 * 1705.43 = 3.41033e-28
time: 179	PE: 0	op: 0 - -1 * -1 = -1
time: 179	PE: 1	op: -4.65498e-08 / 6.57458 = -7.08027e-09
time: 179	PE: 2	op: 0 - 0.0171249 * -1 = 0.0171249
time: 179	PE: 3	op: 1e+06 - -0.5 * -0.2 = 1e+06
time: 179	PE: 4	op: -100000 / 100000 = -1
time: 179	PE: 5	op: 100000 - -100000 * -1 = 0
time: 179	PE: 6	op: 100000 - -0.01 * -0.00497512 = 100000
time: 179	PE: 7	op: 0 - -1 * 8.33333 = 8.33333
time: 179	PE: 8	op: 0 - 18.1933 * 310.078 = -5641.34
time: 180	PE: 0	op: 0.609802 - -0.20809 * -0.000208018 = 0.609759
time: 180	PE: 1	op: 1000.1 - -1000 * -1 = 0.104919
time: 180	PE: 2	op: 4.15882 - -0.0234082 * 0.0910965 = 4.16095
time: 180	PE: 3	op: -6.57458 / 6.57458 = -1
time: 180	PE: 4	op: -3.11007e-05 / 6.24013e-05 = -0.498399
time: 180	PE: 5	op: -4.52262e-08 / 3.02838e-05 = -0.00149342
time: 180	PE: 6	op: -0.0005 / 100000 = -5e-09
time: 180	PE: 7	op: -100000 / 100000 = -0.999998
time: 180	PE: 8	op: 1.2987 / 1 = 1.2987
time: 180	PE: 9	op: -1.2987 / 1 = -1.2987
time: 181	PE: 0	op: 0.430115 - -1.00007e-12 * 1.84431e-15 = 0.430115
time: 181	PE: 1	op: 0 - -1000 * 1.84431e-15 = 1.84431e-12
time: 181	PE: 2	op: 2000 - -1000 * -1 = 1000
time: 181	PE: 3	op: 1e+06 - -1e+06 * -1 = 3.5625
time: 181	PE: 4	op: -4.48531e-08 / 0.882613 = -5.08185e-08
time: 181	PE: 5	op: -691.489 / 1 = -691.489
time: 181	PE: 6	op: -1e-08 - -99984.7 * -2e-36 = -1e-08
time: 181	PE: 7	op: -7047.87 - 1 * 22553.2 = -29601.1
time: 181	PE: 8	op: 0 - 1 * -0.0401614 = 0.0401614
time: 182	PE: 0	op: -1.01839e-12 / 0.0100098 = -1.0174e-10
time: 182	PE: 1	op: -1.38368e-16 / 0.0100098 = -1.38233e-14
time: 182	PE: 2	op: -9.55319e-13 / 0.0100098 = -9.54387e-11
time: 182	PE: 3	op: 0 - -0.0030303 * -1 = -0.0030303
time: 182	PE: 5	op: -0.0030303 / 1e+06 = -3.0303e-09
time: 182	PE: 6	op: -100000 / 100000 = -1
time: 182	PE: 7	op: -1 / 1 = -1
time: 182	PE: 8	op: 1000.26 - -0.257971 * -0.340344 = 1000.17
time: 183	PE: 1	op: 0 - -1.00007e-12 * -1 = -1.00007e-12
time: 183	PE: 2	op: 0.115915 - -0.115915 * -0.91694 = 0.00962788
time: 183	PE: 3	op: 0 - -0.0005 * -0.91694 = -0.00045847
time: 183	PE: 4	op: 3000.12 - -1.00023e-12 * -0.00191427 = 3000.12
time: 183	PE: 5	op: -2325.58 / 1 = -2325.58
time: 183	PE: 6	op: -0.000324675 - -0.714286 * -1 = -0.71461
time: 183	PE: 7	op: -0.01 / 2.01 = -0.00497512
time: 183	PE: 8	op: -0.714286 / 1 = -0.714286
time: 184	PE: 0	op: 1e+06 - 3.20513 * -1 = 1e+06
time: 184	PE: 1	op: -1000 / 1000 = -1
time: 184	PE: 2	op: 0 - -0.20809 * -0.999792 = -0.208046
time: 184	PE: 3	op: -1.65437e-06 / 0.0454712 = -3.63828e-05
time: 184	PE: 4	op: -0.0454545 / 0.0454712 = -0.999634
time: 184	PE: 5	op: -2e-31 / 100000 = -2e-36
time: 184	PE: 6	op: 1.70543e+08 / 100000 = 1705.43
time: 184	PE: 7	op: 0 - -100000 * -2325.58 = -2.32558e+08
time: 185	PE: 0	op: 0 - -3.19068e-12 * -0.170081 = -5.42673e-13
time: 185	PE: 1	op: 0.0191264 - 0.00570484 * -0.170081 = 0.0200967
time: 185	PE: 2	op: -0.0245335 - -0.0245335 * -1.38233e-14 = -0.0245335
time: 185	PE: 3	op: 1000.05 - -0.0245335 * -1.0174e-10 = 1000.05
time: 185	PE: 5	op: -2.40744e-07 - 0.0245335 * -9.54387e-11 = -2.40741e-07
time: 185	PE: 7	op: 0.882613 - -0.882613 * -1 = 2.38419e-07
time: 185	PE: 8	op: -3.33333e-05 - -100000 * -1.18e-35 = -3.33333e-05
time: 186	PE: 0	op: 0 - -0.0245335 * -9.54387e-11 = -2.34144e-12
time: 186	PE: 1	op: 0 - 8.33333 * -1 = 8.33333
time: 186	PE: 2	op: 0 - 1.84434e-12 * -1 = 1.84434e-12
time: 186	PE: 3	op: -4.06174 / 4.16095 = -0.976157
time: 186	PE: 4	op: -0.0490669 - 0.0245335 * -1.0174e-10 = -0.0490669
time: 186	PE: 5	op: -0.0169612 / 4.16095 = -0.00407628
time: 186	PE: 6	op: 0.0262451 - 0.0245335 * -1.38233e-14 = 0.0262451
time: 186	PE: 7	op: -3.33333e-05 - -1 * -8.33958 = -8.33962
time: 186	PE: 8	op: -2.46305e-06 - -1.29931 * -1 = -1.29931
time: 187	PE: 0	op: 0 - -0.0005 * -0.170081 = -8.50403e-05
time: 187	PE: 1	op: 0.697998 - -1.00005e-12 * -9.54387e-11 = 0.697998
time: 187	PE: 2	op: 1000.03 - 0.0171249 * -1.65498e-09 = 1000.03
time: 187	PE: 3	op: 0.0169817 - 3.05176e-09 * -7.08027e-09 = 0.0169817
time: 187	PE: 4	op: 0 - -1.00005e-12 * -1.0174e-10 = -1.01745e-22
time: 187	PE: 5	op: 0 - -6.57458 * -7.08027e-09 = -4.65498e-08
time: 187	PE: 6	op: -1 / 1 = -1
time: 187	PE: 7	op: -0.0030303 / 1e+06 = -3.0303e-09
time: 187	PE: 8	op: 0 - 0.714286 * -1 = 0.714286
time: 188	PE: 0	op: 6.5625 - -6.57458 * -1 = -0.0120797
time: 188	PE: 1	op: 0.00703658 - -4.52262e-08 * -0.00149342 = 0.00703658
time: 188	PE: 2	op: 0 - 3.05176e-09 * -1 = 3.05176e-09
time: 188	PE: 3	op: -1000 / 1000 = -1
time: 188	PE: 4	op: 1.84432e-12 / 1000 = 1.84432e-15
time: 188	PE: 5	op: 1.84431e-12 / 1000 = 1.84431e-15
time: 188	PE: 7	op: 0.0033309 - -1.00005e-12 * -1.38233e-14 = 0.0033309
time: 188	PE: 8	op: 0 - -3.00339e-05 * -0.00149342 = -4.48531e-08
time: 188	PE: 9	op: 0 - 0.0171249 * -1 = 0.0171249
time: 188	PE: 10	op: -2e-31 / -0.000275135 = 7.26916e-28
time: 188	PE: 11	op: -5641.34 - 8.33958 * -465.116 = -1762.46
time: 189	PE: 0	op: -9.38897e-12 / 0.00962788 = -9.75186e-10
time: 189	PE: 1	op: -4.42388e-10 / 0.00962788 = -4.59486e-08
time: 189	PE: 2	op: -0.00045847 / 0.00962788 = -0.047619
time: 189	PE: 3	op: 3000.12 - -5.56905e-06 * -5.21319e-05 = 3000.12
time: 189	PE: 4	op: 0 - -1000 * -1.65498e-09 = -1.65498e-06
time: 189	PE: 5	op: 0 - -100000 * -5e-09 = -0.0005
time: 189	PE: 6	op: 100027 - -100000 * -0.999998 = 26.7344
time: 189	PE: 7	op: -0.000606061 - -1 * -1.2987 = -1.29931
time: 189	PE: 8	op: -1000 / 1000.17 = -0.99983
time: 190	PE: 0	op: 0.430115 - -1.00005e-12 * -9.54387e-11 = 0.430115
time: 190	PE: 1	op: -0.0245335 - -0.0245335 * -1.38233e-14 = -0.0245335
time: 190	PE: 2	op: 1000.05 - -0.0245335 * -1.0174e-10 = 1000.05
time: 190	PE: 4	op: 0 - -1.00005e-12 * -1.0174e-10 = -1.01745e-22
time: 190	PE: 5	op: 0 - -0.0005 * -1 = -0.0005
time: 190	PE: 7	op: 0.00333093 - -1.00005e-12 * -1.38233e-14 = 0.00333093
time: 190	PE: 8	op: -1.33333e-06 - -0.71461 * -1 = -0.714612
time: 191	PE: 0	op: 0 - -0.0245335 * -9.54387e-11 = -2.34144e-12
time: 191	PE: 1	op: -0.0245335 / 1000.05 = -2.45323e-05
time: 191	PE: 2	op: -1000 / 1000.05 = -0.999951
time: 191	PE: 3	op: -0.0490669 - 0.0245335 * -1.0174e-10 = -0.0490669
time: 191	PE: 4	op: 0.0113214 - -4.48531e-08 * -5.08185e-08 = 0.0113214
time: 191	PE: 5	op: 0.882644 - -3.11007e-05 * -0.498399 = 0.882628
time: 191	PE: 6	op: 0.0262451 - 0.0245335 * -1.38233e-14 = 0.0262451
time: 191	PE: 7	op: 0 - -3.11007e-05 * -0.498399 = -1.55006e-05
time: 191	PE: 8	op: 0 - -1 * 100001 = 100001
time: 192	PE: 0	op: 100000 - -0.01 * -0.00497512 = 100000
time: 192	PE: 2	op: 0 - -1.00006e-12 * -1 = -1.00006e-12
time: 192	PE: 3	op: -2.34144e-12 / 1000.05 = -2.34133e-15
time: 192	PE: 4	op: -2.40746e-07 - 0.0245335 * -9.54387e-11 = -2.40744e-07
time: 192	PE: 5	op: 0 - -3.20513 * -691.489 = -2216.31
time: 192	PE: 6	op: 0 - -0.71461 * -2325.58 = -1661.88
time: 192	PE: 7	op: -3.33333e-05 - -8.33958 * -1 = -8.33962
time: 192	PE: 8	op: 0 - -8.33958 * -465.116 = -3878.88
time: 193	PE: 0	op: 0 - 0.0171249 * -0.999634 = 0.0171187
time: 193	PE: 1	op: 1000.03 - 0.0171249 * -3.63828e-05 = 1000.03
time: 193	PE: 2	op: 2000 - -1000 * -1 = 1000
time: 193	PE: 3	op: 0.00594149 / 0.0169817 = 0.349875
time: 193	PE: 4	op: -0.0129202 / 0.0169817 = -0.760832
time: 193	PE: 5	op: 100001 - -100000 * -1 = 0.71875
time: 193	PE: 6	op: -1 / 2.38419e-07 = -4.1943e+06
time: 193	PE: 7	op: 0 - -4.48531e-08 * -1 = -4.48531e-08
time: 193	PE: 8	op: -1e+06 / 1e+06 = -1
time: 193	PE: 9	op: -1000 - 0.00167203 * -1 = -999.998
time: 194	PE: 0	op: 0.0191026 - 0.00584427 * -0.00407628 = 0.0191264
time: 194	PE: 1	op: 0 - -4.06174 * -0.00407628 = -0.0165568
time: 194	PE: 2	op: 4.06224 - -4.06174 * -0.976157 = 0.0973468
time: 194	PE: 3	op: 0 - 0.00584427 * -0.976157 = 0.00570493
time: 194	PE: 4	op: 3.05176e-09 / 0.0169817 = 1.79709e-07
time: 194	PE: 5	op: 0 - -0.882613 * -5.08185e-08 = -4.48531e-08
time: 194	PE: 6	op: 0 - -3.20513 * -1 = -3.20513
time: 194	PE: 7	op: 0 - -4.52262e-08 * -0.991749 = -4.48531e-08
time: 194	PE: 8	op: -1000 - -1000 * -1.03213e-15 = -1000
time: 195	PE: 0	op: 1000.23 - -0.0030303 * -3.0303e-09 = 1000.23
time: 195	PE: 1	op: 0 - -0.0454545 * -3.63828e-05 = -1.65376e-06
time: 195	PE: 2	op: 0 - -1e+06 * -3.0303e-09 = -0.0030303
time: 195	PE: 3	op: 0 - -100000 * -1 = -100000
time: 195	PE: 4	op: -1.33333e-06 - -0.71461 * -1 = -0.714612
time: 195	PE: 5	op: -9.30233e-29 - -100000 * -2325.58 = -2.32558e+08
time: 195	PE: 6	op: 0.882643 - -3.00339e-05 * -0.991749 = 0.882613
time: 195	PE: 7	op: 100000 - -0.0005 * -5e-09 = 100000
time: 195	PE: 9	op: -1762.46 - -2e-31 * -2325.58 = -1762.46
time: 196	PE: 0	op: 0.104858 - -1.00006e-12 * 1.84432e-15 = 0.104858
time: 196	PE: 1	op: 0 - -1.00007e-12 * 1.84432e-15 = 1.84444e-27
time: 196	PE: 2	op: -2.03347e-07 - -1000 * 1.84432e-15 = -2.03345e-07
time: 196	PE: 3	op: 1000 - -1000 * -1 = 0.00152588
time: 196	PE: 5	op: -0.0245335 / 1000.05 = -2.45323e-05
time: 196	PE: 6	op: -1000 / 1000.05 = -0.999951
time: 196	PE: 7	op: 0 - -0.71461 * -2325.58 = -1661.88
time: 196	PE: 8	op: 0.882644 - -3.11007e-05 * -0.498399 = 0.882628
time: 197	PE: 0	op: 0 - -1.00006e-12 * 1.84431e-15 = 1.84443e-27
time: 197	PE: 1	op: 0.430115 - -1.00007e-12 * 1.84431e-15 = 0.430115
time: 197	PE: 2	op: 0 - -1000 * 1.84431e-15 = 1.84431e-12
time: 197	PE: 3	op: 18.1987 - -8.41421e-12 * -9.75186e-10 = 18.1987
time: 197	PE: 4	op: -0.00149684 - -1.00006e-12 * -1 = -0.00149684
time: 197	PE: 5	op: -5.90855e-11 - -8.41421e-12 * -4.59486e-08 = -5.90855e-11
time: 197	PE: 6	op: 0 - -8.41421e-12 * -0.047619 = -4.00676e-13
time: 197	PE: 7	op: -2.34144e-12 / 1000.05 = -2.34133e-15
time: 197	PE: 8	op: 0 - -0.00045847 * -9.75186e-10 = -4.47093e-13
time: 197	PE: 9	op: 0 - -4.43362e-10 * -0.047619 = -2.11125e-11
time: 197	PE: 10	op: -2216.31 / 3.5625 = -622.123
time: 198	PE: 1	op: 0 - 0.000275093 * 7.26916e-28 = -1.99969e-31
time: 198	PE: 2	op: -5.81108e-11 - -4.43362e-10 * -9.75186e-10 = -5.81108e-11
time: 198	PE: 3	op: 0 - -1e+06 * -3.0303e-09 = -0.0030303
time: 198	PE: 4	op: 1.84434e-12 / 1000 = 1.84434e-15
time: 198	PE: 5	op: 1000.05 - -1000 * -1 = 0.0454712
time: 198	PE: 6	op: 0 - -99984.7 * -1 = -99984.7
time: 198	PE: 7	op: -0.000324675 - -1 * -0.714286 = -0.71461
time: 198	PE: 8	op: -0.01 / 0.0100102 = -0.998979
time: 199	PE: 0	op: 0 - -1.00007e-12 * -1 = -1.00007e-12
time: 199	PE: 1	op: 1000.03 - -1000 * -0.999951 = 0.0786743
time: 199	PE: 2	op: -0.00837078 - -1.01745e-22 * -0.999951 = -0.00837078
time: 199	PE: 3	op: -1000 / 1000 = -1
time: 199	PE: 4	op: 1.84433e-12 / 1000 = 1.84433e-15
time: 199	PE: 5	op: 8.53906 - 18.1933 * -1 = 26.7324
time: 199	PE: 6	op: 0 - -0.00045847 * -4.59486e-08 = -2.10661e-11
time: 199	PE: 7	op: -0.00503963 - -1000 * -2.45323e-05 = -0.0295719
time: 199	PE: 8	op: 0.0033309 - -1.01745e-22 * -2.45323e-05 = 0.0033309
time: 199	PE: 9	op: -999.998 / 1000 = -0.999998
time: 199	PE: 10	op: 0.0401614 / -0.0401614 = -1
time: 200	PE: 0	op: 0.697998 - -1.01745e-22 * -2.34133e-15 = 0.697998
time: 200	PE: 1	op: -0.00503964 - -1000 * -2.34133e-15 = -0.00503964
time: 200	PE: 2	op: -0.0165568 / 0.0973468 = -0.170081
time: 200	PE: 3	op: -0.0005 / 0.0973468 = -0.00513628
time: 200	PE: 4	op: -0.00170849 - -0.0490669 * -0.999951 = -0.050773
time: 200	PE: 5	op: -2.40741e-07 - -0.0490669 * -2.34133e-15 = -2.40741e-07
time: 200	PE: 6	op: 0.0262451 - -0.0490669 * -2.45323e-05 = 0.0262439
time: 200	PE: 7	op: -4.48531e-08 / 2.38419e-07 = -0.188127
time: 200	PE: 8	op: -0.000606061 - -1.2987 * -1 = -1.29931
time: 200	PE: 9	op: 0 - 1.2987 * -1 = 1.2987
time: 201	PE: 0	op: 0.0159413 - -0.00573945 * -0.760832 = 0.0115745
time: 201	PE: 1	op: -0.00302089 - -0.0012393 * -0.760832 = -0.00396379
time: 201	PE: 2	op: -3.19068e-12 / 0.0973468 = -3.27764e-11
time: 201	PE: 3	op: 1e+06 - -1e+06 * -1 = 3.5625
time: 201	PE: 4	op: 1.29772 - -4.43362e-10 * -4.59486e-08 = 1.29772
time: 201	PE: 5	op: 0.00559398 - -0.0012393 * 0.349875 = 0.00602758
time: 201	PE: 6	op: -1e-08 - -99984.7 * -2e-36 = -1e-08
time: 201	PE: 7	op: 18.1818 / 1 = 18.1818
time: 202	PE: 0	op: -0.0120797 - -4.65498e-08 * 1.79709e-07 = -0.0120797
time: 202	PE: 1	op: 0 - -0.00573945 * 1.79709e-07 = 1.03143e-09
time: 202	PE: 2	op: 0 - -0.0012393 * 1.79709e-07 = 2.22714e-10
time: 202	PE: 3	op: 0 - -4.65498e-08 * -0.760832 = -3.54166e-08
time: 202	PE: 4	op: -0.00149663 / 0.00152588 = -0.980834
time: 202	PE: 5	op: -2.03345e-07 / 0.00152588 = -0.000133264
time: 202	PE: 6	op: -4.47093e-13 / 100000 = -4.47093e-18
time: 202	PE: 7	op: -2.10661e-11 / 100000 = -2.10661e-16
time: 202	PE: 8	op: -100000 / 100000 = -1
time: 202	PE: 9	op: 100000 - -0.00045847 * -0.047619 = 100000
time: 202	PE: 10	op: -1.29931 / -0.000275135 = 4722.44
time: 203	PE: 0	op: 1.84431e-12 / 0.00152588 = 1.20869e-09
time: 203	PE: 1	op: 0 - -0.0030303 * -1 = -0.0030303
time: 203	PE: 2	op: 0 - -4.48531e-08 * -4.1943e+06 = -0.188127
time: 203	PE: 3	op: -0.882613 / 0.882628 = -0.999982
time: 203	PE: 4	op: 0 - -3.11007e-05 * -0.498399 = -1.55006e-05
time: 203	PE: 5	op: -0.0005 / 0.71875 = -0.000695652
time: 203	PE: 6	op: -0.714612 / 0.71875 = -0.994242
time: 203	PE: 7	op: -2.32558e+08 / 100000 = -2325.58
time: 203	PE: 8	op: 10.1953 - -1.18e-30 * -1.18e-35 = 10.1953
time: 204	PE: 0	op: 1000.03 - -1000 * -0.999951 = 0.0787354
time: 204	PE: 1	op: -0.00837087 - -1.01745e-22 * -0.999951 = -0.00837087
time: 204	PE: 2	op: 3000.12 - -6.84008e-07 * -6.403e-06 = 3000.12
time: 204	PE: 3	op: -0.00170851 - -0.0490669 * -0.999951 = -0.050773
time: 204	PE: 4	op: -1e-08 - -1.99969e-31 * -1 = -1e-08
time: 204	PE: 5	op: -1.65498e-06 / 0.0454712 = -3.63963e-05
time: 204	PE: 6	op: 0 - -4.65498e-08 * 0.349875 = 1.62866e-08
time: 204	PE: 7	op: -1.55006e-05 / 0.882628 = -1.75618e-05
time: 204	PE: 8	op: -0.71461 / 1 = -0.71461
time: 204	PE: 9	op: -1762.46 - -1.99969e-31 * 1705.43 = -1762.46
time: 205	PE: 0	op: 0.430115 - -1.01745e-22 * -2.34133e-15 = 0.430115
time: 205	PE: 1	op: -0.00503969 - -1000 * -2.34133e-15 = -0.00503969
time: 205	PE: 2	op: -2.40744e-07 - -0.0490669 * -2.34133e-15 = -2.40744e-07
time: 205	PE: 3	op: 26.7344 - -1.99969e-31 * -2e-36 = 26.7344
time: 205	PE: 4	op: 0.0262451 - -0.0490669 * -2.45323e-05 = 0.0262439
time: 205	PE: 5	op: 0.00333093 - -1.01745e-22 * -2.45323e-05 = 0.00333093
time: 205	PE: 6	op: -0.882613 / 0.882613 = -1
time: 205	PE: 7	op: -0.0030303 / 3.5625 = -0.000850611
time: 205	PE: 8	op: -1661.88 / 0.71875 = -2312.19
time: 205	PE: 9	op: -2.32558e+08 - -99984.7 * 1705.43 = -6.20416e+07
time: 206	PE: 0	op: 0.104919 - -1.00006e-12 * 1.84434e-15 = 0.104919
time: 206	PE: 1	op: 0 - -1000 * 1.84434e-15 = 1.84434e-12
time: 206	PE: 2	op: -2.46305e-06 - -1.29931 * -1 = -1.29931
time: 206	PE: 3	op: 0 - -3.20513 * -1 = -3.20513
time: 206	PE: 4	op: -0.00625 - -8.33333 * -1 = -8.33958
time: 206	PE: 5	op: 1000 - -1e-12 * -6.95e-11 = 1000
time: 207	PE: 0	op: 0 - -1.00006e-12 * 1.84433e-15 = 1.84445e-27
time: 207	PE: 1	op: 0.697998 - -1.00007e-12 * 1.84433e-15 = 0.697998
time: 207	PE: 2	op: 0 - -1000 * 1.84433e-15 = 1.84433e-12
time: 207	PE: 3	op: 1000.03 - -0.01 * -0.998979 = 1000.02
time: 207	PE: 4	op: 1000.21 - -1000 * -0.999998 = 0.209656
time: 207	PE: 5	op: -0.0030303 / 3.5625 = -0.000850611
time: 207	PE: 6	op: -3.20513 / 3.5625 = -0.899685
time: 207	PE: 7	op: -0.714612 / 0.71875 = -0.994242
time: 207	PE: 8	op: -2216.31 / 3.5625 = -622.123
time: 207	PE: 9	op: 1.2987 / 1 = 1.2987
time: 207	PE: 10	op: 2216.31 - -3.20513 * -622.123 = 222.329
time: 208	PE: 0	op: 0.0459821 - -0.0005 * -0.00513628 = 0.0459795
time: 208	PE: 1	op: 0 - -3.19068e-12 * -0.170081 = -5.42672e-13
time: 208	PE: 2	op: 0.0191264 - 0.00570493 * -0.170081 = 0.0200967
time: 208	PE: 3	op: 0 - -3.19068e-12 * -0.00513628 = -1.63882e-14
time: 208	PE: 4	op: 0 - -0.0005 * -0.170081 = -8.50403e-05
time: 208	PE: 5	op: 0 - 0.00602758 * -1 = 0.00602758
time: 208	PE: 6	op: -1 - 0.00602758 * 1e-05 = -1
time: 208	PE: 8	op: -0.0102017 - -0.00573945 * 0.349875 = -0.00819365
time: 208	PE: 9	op: 0 - -0.0030303 * -622.123 = -1.88522
time: 209	PE: 0	op: 0 - 0.00570493 * -0.00513628 = 2.93021e-05
time: 209	PE: 1	op: 0 - 0.00570493 * -3.27764e-11 = 1.86987e-13
time: 209	PE: 2	op: 0 - -0.0005 * -3.27764e-11 = -1.63882e-14
time: 209	PE: 3	op: -2.40741e-07 / 0.0262439 = -9.17323e-06
time: 209	PE: 4	op: -0.0454545 / 0.0454712 = -0.999634
time: 209	PE: 5	op: 0 - -0.188127 * 0.00641026 = 0.00120594
time: 209	PE: 7	op: 0 - -1.00007e-12 * -1 = -1.00007e-12
time: 210	PE: 0	op: 0.104858 - -0.00149684 * -0.000133264 = 0.104858
time: 210	PE: 1	op: 0.0115745 - -3.19068e-12 * -3.27764e-11 = 0.0115745
time: 210	PE: 2	op: 0 - 1.62866e-08 * 1e-05 = -1.62866e-13
time: 210	PE: 3	op: 0 - 1.62866e-08 * -1 = 1.62866e-08
time: 210	PE: 4	op: 1000 - -1000 * -1 = 0.00152588
time: 210	PE: 5	op: 0.0168419 - -4.00676e-13 * -4.47093e-18 = 0.0168419
time: 210	PE: 6	op: 0 - -100000 * -4.47093e-18 = -4.47093e-13
time: 210	PE: 7	op: -4.48531e-08 / 0.882613 = -5.08185e-08
time: 211	PE: 0	op: 1.84443e-27 - -0.00149684 * 1.20869e-09 = 1.80921e-12
time: 211	PE: 1	op: -1.00029e-12 - -1.00029e-12 * -0.000133264 = -1.00042e-12
time: 211	PE: 2	op: 0 - -1.00029e-12 * 1.20869e-09 = 1.20903e-21
time: 211	PE: 3	op: 1000 - -1.00029e-12 * -0.980834 = 1000
time: 211	PE: 4	op: 0.00149663 - -0.00149684 * -0.980834 = 2.84849e-05
time: 211	PE: 5	op: 0.0113214 - -4.48531e-08 * -0.188127 = 0.0113214
time: 211	PE: 7	op: 0 - -1.55006e-05 * -0.999982 = -1.55003e-05
time: 211	PE: 8	op: 0 - -1 * 18.1818 = 18.1818
time: 211	PE: 9	op: 1.70516e+08 - -100000 * -2325.58 = -6.20416e+07
time: 212	PE: 0	op: 1.84444e-27 - -1.00007e-12 * -0.000133264 = -1.33273e-16
time: 212	PE: 1	op: 0.430115 - -1.00007e-12 * 1.20869e-09 = 0.430115
time: 212	PE: 3	op: 1.84434e-12 / 1000 = 1.84434e-15
time: 212	PE: 5	op: 0 - -1.00007e-12 * -0.980834 = -9.80901e-13
time: 212	PE: 6	op: -5.90855e-11 - -4.00676e-13 * -2.10661e-16 = -5.90855e-11
time: 212	PE: 7	op: 26.7324 - -1.99969e-31 * -2e-36 = 26.7324
time: 212	PE: 8	op: 0.714286 / 1 = 0.714286
time: 213	PE: 0	op: 0 - -0.0005 * -2312.19 = -1.15609
time: 213	PE: 1	op: 3000.12 - -1000 * -1 = 2000.12
time: 213	PE: 2	op: 0.0787354 - 0.0171249 * -3.63963e-05 = 0.078736
time: 213	PE: 3	op: 0.882628 - -1.55006e-05 * -1.75618e-05 = 0.882628
time: 213	PE: 4	op: -0.00149685 - -1.00006e-12 * -1 = -0.00149685
time: 213	PE: 5	op: 0 - -0.882613 * -1.75618e-05 = -1.55003e-05
time: 213	PE: 6	op: -0.00503968 - -1000 * -2.45323e-05 = -0.0295719
time: 213	PE: 7	op: -0.050773 / 0.0262439 = -1.93466
time: 214	PE: 0	op: 0 - -0.00819365 * -1 = -0.00819365
time: 214	PE: 1	op: -0.00396379 / -1 = 0.00396379
time: 214	PE: 2	op: 0 - -0.00819365 * 1e-05 = 8.19365e-08
time: 214	PE: 3	op: -0.00133333 / -1 = 0.00133333
time: 214	PE: 4	op: 2.22714e-10 / -1 = -2.22714e-10
time: 214	PE: 5	op: 0.00602758 / -1 = -0.00602758
time: 214	PE: 6	op: 0 - -3.20513 * -0.000850611 = -0.00272632
time: 214	PE: 8	op: -29601.1 / -1 = 29601.1
time: 215	PE: 0	op: 1000.23 - -0.0030303 * -0.000850611 = 1000.23
time: 215	PE: 1	op: 0 - -0.0030303 * -0.899685 = -0.00272632
time: 215	PE: 2	op: 0 - -0.0030303 * -622.123 = -1.88522
time: 215	PE: 3	op: -1000 / 1000.02 = -0.999984
time: 215	PE: 4	op: -0.01138 / 1000.02 = -1.13798e-05
time: 215	PE: 5	op: -0.0005 / 1000.02 = -4.99992e-07
time: 215	PE: 6	op: -2.5641e-05 / 0.209656 = -0.000122301
time: 215	PE: 7	op: 0 - -4.48531e-08 * -1 = -4.48531e-08
time: 215	PE: 8	op: -0.208018 / 0.209656 = -0.992187
time: 215	PE: 9	op: 0 - -1 * -0.188127 = -0.188127
time: 216	PE: 0	op: -100000 - -0.0005 * -0.994242 = -100000
time: 216	PE: 1	op: -0.00149664 / 0.00152588 = -0.980841
time: 216	PE: 2	op: -1e-08 - -2e-31 * -1 = -1e-08
time: 216	PE: 3	op: -0.050773 / 0.0262439 = -1.93466
time: 216	PE: 4	op: 0 - -1 * -4.1943e+06 = -4.1943e+06
time: 216	PE: 5	op: -3.20513 / 3.5625 = -0.899685
time: 216	PE: 6	op: 0.882613 - -0.882613 * -1 = 2.38419e-07
time: 216	PE: 7	op: 100000 - -0.0005 * -0.000695652 = 100000
time: 217	PE: 0	op: 0.0459795 - -0.0454545 * -0.999634 = 0.000541598
time: 217	PE: 1	op: 0.697998 - 0.0033309 * -9.17323e-06 = 0.697998
time: 217	PE: 2	op: -0.00503964 - -0.0295719 * -9.17323e-06 = -0.00503991
time: 217	PE: 3	op: 0 - 0.0171249 * -0.999634 = 0.0171187
time: 217	PE: 4	op: -1000 / 1000 = -1
time: 217	PE: 5	op: 0.0168419 - 18.1818 * -1 = 18.1987
time: 217	PE: 6	op: -1661.88 / 0.71875 = -2312.19
time: 217	PE: 7	op: -8.33958 / 1 = -8.33958
time: 217	PE: 8	op: 10.1953 - -8.89759 * -1 = 1.29772
time: 218	PE: 0	op: 0.00703658 - -4.48531e-08 * -5.08185e-08 = 0.00703658
time: 218	PE: 1	op: 1.20903e-21 / 1000 = 1.20903e-24
time: 218	PE: 2	op: 0 - -0.882613 * -5.08185e-08 = -4.48531e-08
time: 218	PE: 3	op: -99984.7 - 100001 * -1 = 16.0391
time: 218	PE: 4	op: -100000 - -0.0005 * -0.994242 = -100000
time: 218	PE: 5	op: 100000 - -1 * 1.2987 = 100001
time: 219	PE: 0	op: -1.00042e-12 / 1000 = -1.00042e-15
time: 219	PE: 1	op: 1.84433e-12 / 0.00152588 = 1.2087e-09
time: 219	PE: 2	op: 2000.12 - -0.0030303 * -3.0303e-09 = 2000.12
time: 219	PE: 3	op: -2.40744e-07 / 0.0262439 = -9.17333e-06
time: 219	PE: 4	op: 0.0830078 - -0.037037 * -0.999695 = 0.0459821
time: 220	PE: 0	op: 0.104919 - -1.00006e-12 * 1.84434e-15 = 0.104919
time: 220	PE: 1	op: 0 - -1.00007e-12 * 1.84434e-15 = 1.84446e-27
time: 220	PE: 2	op: -2.03348e-07 - -1000 * 1.84434e-15 = -2.03347e-07
time: 220	PE: 3	op: -1.15609 / 100000 = -1.15609e-05
time: 220	PE: 4	op: -0.000606061 - -1 * -1.2987 = -1.29931
time: 220	PE: 5	op: 1000 - 0.00167205 * -1.03213e-15 = 1000
time: 220	PE: 6	op: -1000 / 1000 = -1
time: 220	PE: 7	op: 0 - -18.1961 * 310.078 = 5642.2
time: 221	PE: 0	op: 0.078736 - -0.0295719 * -1.93466 = 0.0215243
time: 221	PE: 1	op: -0.00837087 - 0.00333093 * -1.93466 = -0.00192664
time: 221	PE: 2	op: 0 - -0.0454545 * -3.63963e-05 = -1.65438e-06
time: 221	PE: 3	op: -2.46305e-06 - -100000 * -2.10661e-16 = -2.46308e-06
time: 221	PE: 4	op: 200000 - -100000 * -1 = 100000
time: 221	PE: 5	op: 0 - -1.29931 * 1705.43 = 2215.87
time: 222	PE: 0	op: -0.0120797 - -1.62866e-13 * -2.22714e-10 = -0.0120797
time: 222	PE: 1	op: 0 - 1 * -2.22714e-10 = 2.22714e-10
time: 222	PE: 2	op: 0 - 1.33333e-08 * -2.22714e-10 = 2.96952e-18
time: 222	PE: 3	op: -0.00133333 - 1.33333e-08 * -0.00602758 = -0.00133333
time: 222	PE: 4	op: -5.42672e-13 - 8.19365e-08 * 0.00133333 = -1.09791e-10
time: 222	PE: 5	op: -0.00819365 - 8.19365e-08 * -0.00602758 = -0.00819365
time: 222	PE: 6	op: 0 - 1 * 0.00133333 = -0.00133333
time: 222	PE: 7	op: 1.62866e-08 - -1.62866e-13 * -0.00602758 = 1.62866e-08
time: 222	PE: 8	op: -100000 / 100000 = -1
time: 222	PE: 9	op: 8.33333 - 1 * -0.00602758 = 8.33936
time: 222	PE: 10	op: 0 - -4.1943e+06 * -0.00641026 = -26886.6
time: 223	PE: 0	op: 0.609759 - -0.208046 * -0.992187 = 0.403338
time: 223	PE: 1	op: 0 - -1000 * -4.99992e-07 = -0.000499992
time: 223	PE: 2	op: 1.03143e-09 - 8.19365e-08 * -2.22714e-10 = 1.03143e-09
time: 223	PE: 3	op: 0.0115745 - 8.19365e-08 * 0.00396379 = 0.0115745
time: 223	PE: 5	op: 0 - -2.5641e-05 * -0.992187 = -2.54407e-05
time: 223	PE: 6	op: 0 - -0.0005 * -1.13798e-05 = -5.68992e-09
time: 223	PE: 7	op: -5.81108e-11 - -2.11125e-11 * -4.47093e-18 = -5.81108e-11
time: 224	PE: 0	op: 0 - -1000 * -1.13798e-05 = -0.0113798
time: 224	PE: 1	op: 1000.01 - -1000 * -0.999984 = 0.0245361
time: 224	PE: 3	op: 0 - -0.0005 * -0.999984 = -0.000499992
time: 224	PE: 4	op: -3.54166e-08 - -1.62866e-13 * 0.00396379 = -3.54166e-08
time: 224	PE: 5	op: 1e+06 - -3.20513 * -0.899685 = 1e+06
time: 224	PE: 6	op: 0 - -0.0030303 * -0.899685 = -0.00272632
time: 224	PE: 7	op: 1000 - -1.00029e-12 * -0.980841 = 1000
time: 225	PE: 1	op: 0 - 2.84849e-05 * -1 = 2.84849e-05
time: 225	PE: 2	op: 0 - -0.01138 * -0.999984 = -0.0113798
time: 225	PE: 3	op: 1.86987e-13 - 1.33333e-08 * 0.00396379 = -5.26635e-11
time: 225	PE: 4	op: 0 - 1 * 0.00396379 = -0.00396379
time: 225	PE: 5	op: 0 - -0.01138 * -4.99992e-07 = -5.68992e-09
time: 225	PE: 6	op: 23.8995 - -1 * -24.8995 = -1
time: 226	PE: 0	op: 1000.23 - -1000 * -1 = 0.227539
time: 226	PE: 1	op: 1.80921e-12 - 2.84849e-05 * 1.20903e-24 = 1.80921e-12
time: 226	PE: 2	op: -1.85848e-08 - -1000 * 1.20903e-24 = -1.85848e-08
time: 226	PE: 3	op: 1000.01 - -2.5641e-05 * -0.000122301 = 1000.01
time: 226	PE: 5	op: 0.0113214 - -0.01138 * -1.13798e-05 = 0.0113212
time: 226	PE: 6	op: 0.882644 - -0.882613 * -0.999982 = 4.673e-05
time: 227	PE: 0	op: 1.84445e-27 - -0.00149685 * 1.2087e-09 = 1.80924e-12
time: 227	PE: 1	op: 0.104858 - 2.84849e-05 * -1.00042e-15 = 0.104858
time: 227	PE: 2	op: -2.03347e-07 / 0.00152588 = -0.000133265
time: 227	PE: 3	op: 0.00149664 - -0.00149685 * -0.980841 = 2.84754e-05
time: 227	PE: 4	op: 0 - -0.208046 * -0.000122301 = -2.54442e-05
time: 227	PE: 5	op: -0.00239884 / 0.0215243 = -0.111448
time: 227	PE: 6	op: -4.48531e-08 / 2.38419e-07 = -0.188127
time: 227	PE: 7	op: -6.20416e+07 - 100001 * -2325.58 = 1.70518e+08
time: 227	PE: 8	op: 0 - 1 * -0.0401614 = 0.0401614
time: 228	PE: 0	op: 0.0200967 - 1.33333e-08 * 0.00133333 = 0.0200967
time: 228	PE: 1	op: 0 - -1.62866e-13 * 0.00133333 = 2.17155e-16
time: 228	PE: 2	op: -1.33273e-16 - -9.80901e-13 * -1.00042e-15 = -1.33273e-16
time: 228	PE: 3	op: 0 - -1.00029e-12 * 1.2087e-09 = 1.20905e-21
time: 228	PE: 4	op: 16.0391 - -0.714612 * -0.994242 = 15.3286
time: 228	PE: 5	op: 100000 - -1.18e-30 * -1.18e-35 = 100000
time: 229	PE: 0	op: 0 - -1000 * -1.00042e-15 = -1.00042e-12
time: 229	PE: 1	op: -1.09791e-10 / 0.0115745 = -9.48562e-09
time: 229	PE: 2	op: -1.63882e-14 / 0.0115745 = -1.41589e-12
time: 229	PE: 3	op: 1.03143e-09 / 0.0115745 = 8.91121e-08
time: 229	PE: 4	op: -0.00819365 / 0.0115745 = -0.707905
time: 229	PE: 5	op: 1 - -4.1943e+06 * 0.00641026 = 26887.6
time: 229	PE: 6	op: 0.0459821 - -0.0005 * -0.00513628 = 0.0459795
time: 230	PE: 0	op: 0.0439729 / 0.0245361 = 1.79217
time: 230	PE: 1	op: -0.0524496 / 0.0245361 = -2.13765
time: 230	PE: 2	op: -0.0113798 / 0.0245361 = -0.463799
time: 230	PE: 3	op: -0.000499992 / 0.0245361 = -0.0203778
time: 230	PE: 4	op: 0.697998 - -1.00007e-12 * 1.2087e-09 = 0.697998
time: 230	PE: 5	op: -0.00503969 - -0.0295719 * -9.17333e-06 = -0.00503996
time: 230	PE: 6	op: 0 - -1.00007e-12 * -0.980841 = -9.80907e-13
time: 230	PE: 7	op: 0.0171187 / 0.0215243 = 0.795317
time: 230	PE: 8	op: -999.998 / 1000 = -0.999998
time: 231	PE: 0	op: 0.430115 - -9.80901e-13 * 1.20903e-24 = 0.430115
time: 231	PE: 1	op: -0.0531787 - -9.80901e-13 * -1 = -0.0531787
time: 231	PE: 2	op: 1.00101e+06 - -1000 * -1 = 1.00001e+06
time: 231	PE: 3	op: -2.46308e-06 - 0.000275093 * 4722.44 = -1.29911
time: 231	PE: 4	op: 100000 - -1 * 0.714286 = 100001
time: 231	PE: 5	op: -1.29931 / -0.000275135 = 4722.44
time: 232	PE: 0	op: -1000 / 1000.01 = -0.999994
time: 232	PE: 1	op: -2.54407e-05 / 1000.01 = -2.54405e-08
time: 232	PE: 2	op: -1000 / 1000 = -1
time: 232	PE: 3	op: -0.006403 / 1000.01 = -6.40296e-06
time: 232	PE: 4	op: -0.00837078 - 0.0033309 * -1.93466 = -0.00192662
time: 232	PE: 5	op: 100001 / -0.000275135 = -3.63463e+08
time: 233	PE: 0	op: -0.0524259 / 0.104858 = -0.49997
time: 233	PE: 1	op: -0.0524204 / 0.104858 = -0.499917
time: 233	PE: 2	op: 1.80921e-12 / 0.104858 = 1.72539e-11
time: 233	PE: 3	op: 2.84849e-05 / 0.104858 = 0.000271651
time: 233	PE: 4	op: 0.0786743 - -0.0295719 * -1.93466 = 0.0214628
time: 233	PE: 5	op: 0 - -1 * -1 = -1
time: 233	PE: 6	op: 2215.87 - -2.11125e-11 * -1.15609e-05 = 2215.87
time: 233	PE: 7	op: -1 / 2.38419e-07 = -4.1943e+06
time: 233	PE: 8	op: 1.70518e+08 - -0.714612 * -2312.19 = 1.70516e+08
time: 234	PE: 0	op: 1.20905e-21 / 1000 = 1.20905e-24
time: 234	PE: 1	op: -3.11007e-05 / 4.673e-05 = -0.665541
time: 234	PE: 2	op: 15.3286 - -100000 * -1 = -99984.7
time: 234	PE: 3	op: 100000 - -99984.7 * -1 = 15.3281
time: 234	PE: 4	op: 222.329 - -8e-31 * 29601.1 = 222.329
time: 235	PE: 0	op: 1000 - -0.00229752 * -0.111448 = 1000
time: 235	PE: 1	op: -2.5e-32 - -0.00192664 * -0.111448 = -0.00021472
time: 235	PE: 2	op: 0.00703658 - -4.48531e-08 * -0.188127 = 0.00703657
time: 235	PE: 3	op: -1.55003e-05 / 4.673e-05 = -0.331699
time: 235	PE: 4	op: 0.0459795 - -0.0454545 * -0.999634 = 0.000541598
time: 236	PE: 0	op: 0.104919 - -0.00149685 * -0.000133265 = 0.104919
time: 236	PE: 1	op: -1.00029e-12 - -1.00029e-12 * -0.000133265 = -1.00042e-12
time: 236	PE: 2	op: -0.00503996 / 0.0215243 = -0.234152
time: 236	PE: 3	op: -3.33333e-05 - -1 * -8.33958 = -8.33962
time: 236	PE: 4	op: -0.188127 / 26887.6 = -6.99682e-06
time: 236	PE: 5	op: -26886.6 / 26887.6 = -0.999963
time: 237	PE: 0	op: -0.0120797 - -3.54166e-08 * 8.91121e-08 = -0.0120797
time: 237	PE: 1	op: 0.000541598 - -1.63882e-14 * -1.41589e-12 = 0.000541598
time: 237	PE: 3	op: 0 - -1.63882e-14 * 8.91121e-08 = 1.46039e-21
time: 237	PE: 4	op: 2.93021e-05 - -5.26635e-11 * -1.41589e-12 = 2.93021e-05
time: 237	PE: 5	op: 2.96952e-18 - -5.26635e-11 * 8.91121e-08 = 7.66247e-18
time: 237	PE: 6	op: 0 - -3.54166e-08 * -1.41589e-12 = -5.0146e-20
time: 237	PE: 7	op: -0.00133333 - -5.26635e-11 * -0.707905 = -0.00133333
time: 237	PE: 8	op: 0 - -0.00396379 * -1.41589e-12 = -5.61228e-15
time: 237	PE: 9	op: 0.430115 - 0.00333093 * -9.17333e-06 = 0.430115
time: 237	PE: 10	op: 8.33936 - -0.00396379 * -0.707905 = 8.33655
time: 238	PE: 0	op: -0.00846694 - -0.00846797 * -2.13765 = -0.0265685
time: 238	PE: 1	op: -3.89443e-08 - -0.00846797 * -0.463799 = -0.00392748
time: 238	PE: 2	op: 2.22714e-10 - -0.00396379 * 8.91121e-08 = 5.75935e-10
time: 238	PE: 3	op: -0.104264 - -0.00846797 * -0.0203778 = -0.104436
time: 238	PE: 4	op: 0.0690308 - -0.00846797 * 1.79217 = 0.0842068
time: 238	PE: 5	op: -0.0609078 - -8.79143e-06 * 1.79217 = -0.060892
time: 238	PE: 6	op: -0.0521374 - -0.000499992 * 1.79217 = -0.0512414
time: 238	PE: 7	op: 0 - -8.79143e-06 * -0.0203778 = -1.7915e-07
time: 238	PE: 8	op: 0.165826 - -8.79143e-06 * -2.13765 = 0.165808
time: 238	PE: 9	op: 0 - -8.79143e-06 * -0.463799 = -4.07746e-06
time: 238	PE: 10	op: 0 - -0.000499992 * -2.13765 = -0.00106881
time: 238	PE: 11	op: -9.6295e-09 - -1.65438e-06 * -0.111448 = -1.94006e-07
time: 238	PE: 12	op: 0 - -4.00676e-13 * -1 = -4.00676e-13
time: 238	PE: 13	op: -6.57462 / 1.00001e+06 = -6.57458e-06
time: 238	PE: 14	op: 0.0401614 / -0.0401614 = -1
time: 239	PE: 0	op: 0.000163229 - -0.0113798 * 1.79217 = 0.0205578
time: 239	PE: 1	op: 0 - -1.63882e-14 * -0.707905 = -1.16013e-14
time: 239	PE: 2	op: 0 - -0.0113798 * -2.13765 = -0.0243261
time: 239	PE: 3	op: 0.0200967 - -5.26635e-11 * -9.48562e-09 = 0.0200967
time: 239	PE: 4	op: -8.50403e-05 - -1.63882e-14 * -9.48562e-09 = -8.50403e-05
time: 239	PE: 5	op: 2.17155e-16 - -3.54166e-08 * -9.48562e-09 = -1.18793e-16
time: 239	PE: 6	op: 0 - -0.00192664 * 0.795317 = 0.00153229
time: 239	PE: 7	op: -0.00503991 / 0.0214628 = -0.234821
time: 239	PE: 8	op: 0 - -18.1961 * 310.078 = 5642.2
time: 240	PE: 0	op: -1.0005e-12 - -2.54442e-05 * -6.40296e-06 = -1.63919e-10
time: 240	PE: 1	op: 0.403338 - -2.54442e-05 * -2.54405e-08 = 0.403338
time: 240	PE: 2	op: -0.0521263 - -0.006403 * -2.54405e-08 = -0.0521263
time: 240	PE: 3	op: 0 - 2.84754e-05 * -1 = 2.84754e-05
time: 240	PE: 4	op: -7.0868e-05 - -0.00229752 * 0.795317 = 0.00175639
time: 240	PE: 5	op: 0 - -1000 * -2.54405e-08 = -2.54405e-05
time: 240	PE: 6	op: 1000 - -1000 * -0.999994 = 0.00640869
time: 241	PE: 0	op: 0.227539 - -1.00042e-12 * 0.000271651 = 0.227539
time: 241	PE: 1	op: 0.583357 - 2.04246e-07 * -0.499917 = 0.583357
time: 241	PE: 3	op: -0.0204377 - -1.00042e-12 * -0.499917 = -0.0204377
time: 241	PE: 5	op: 0.0376317 - -0.104847 * -0.499917 = -0.0147829
time: 241	PE: 6	op: -2.2081e-08 - -0.104847 * 1.72539e-11 = -2.20792e-08
time: 241	PE: 7	op: -0.0531787 - -1.33273e-16 * 0.000271651 = -0.0531787
time: 241	PE: 8	op: -1.85848e-08 - -1.00042e-12 * 1.72539e-11 = -1.85848e-08
time: 241	PE: 9	op: -5.68992e-09 - -0.000499992 * -0.463799 = -0.000231902
time: 242	PE: 0	op: 1.80924e-12 - 2.84754e-05 * 1.20905e-24 = 1.80924e-12
time: 242	PE: 1	op: 1.84446e-27 - -1.00007e-12 * -0.000133265 = -1.33274e-16
time: 242	PE: 2	op: 0.0531424 - 2.04246e-07 * 0.000271651 = 0.0531424
time: 242	PE: 3	op: 0.146557 - -0.104847 * -0.49997 = 0.094137
time: 242	PE: 4	op: -0.424989 - 2.04246e-07 * 1.72539e-11 = -0.424989
time: 242	PE: 5	op: -0.00133333 - -0.00396379 * -9.48562e-09 = -0.00133333
time: 242	PE: 6	op: 0 - -1000 * 1.20905e-24 = 1.20905e-21
time: 242	PE: 7	op: -6.84008e-07 - -0.006403 * -0.999994 = -0.00640364
time: 243	PE: 0	op: 0.000541598 - -1.65438e-06 * 0.795317 = 0.000542913
time: 243	PE: 1	op: -0.3227 - -1.33273e-16 * -0.499917 = -0.3227
time: 243	PE: 2	op: -0.0389138 - 2.04246e-07 * -0.49997 = -0.0389137
time: 243	PE: 3	op: -0.0135328 - -1.33273e-16 * -0.49997 = -0.0135328
time: 243	PE: 4	op: -0.00239888 / 0.0214628 = -0.111769
time: 243	PE: 5	op: 0.882628 - -1.55003e-05 * -0.331699 = 0.882623
time: 243	PE: 6	op: -2.46305e-06 - 0.000275093 * 4722.44 = -1.29911
time: 243	PE: 7	op: 15.3281 - -100000 * -1 = -99984.7
time: 243	PE: 8	op: 0 - 0.000275093 * -3.63463e+08 = 99986
time: 244	PE: 0	op: -0.0265685 / 0.0842068 = -0.315515
time: 244	PE: 1	op: 0.0521263 / 0.0842068 = 0.619027
time: 244	PE: 2	op: -5.87996e-10 / 0.0842068 = -6.98276e-09
time: 244	PE: 3	op: -0.00392748 / 0.0842068 = -0.0466409
time: 244	PE: 4	op: -0.104436 / 0.0842068 = -1.24024
time: 244	PE: 5	op: -2.5e-32 - -0.00229752 * -0.234152 = -0.000537968
time: 244	PE: 6	op: 0.430115 - -1.33273e-16 * 1.72539e-11 = 0.430115
time: 244	PE: 7	op: 1.62866e-08 - -3.54166e-08 * -0.707905 = -8.78497e-09
time: 244	PE: 8	op: 0 - -1 * -4.1943e+06 = -4.1943e+06
time: 244	PE: 9	op: 0 - -4.48531e-08 * -4.1943e+06 = -0.188127
time: 244	PE: 10	op: 1.29772 - -4.43362e-10 * -4.59486e-08 = 1.29772
time: 245	PE: 0	op: -0.0754297 - -0.104847 * 0.000271651 = -0.0754012
time: 245	PE: 1	op: 2.93021e-05 / 0.0200967 = 0.00145805
time: 245	PE: 2	op: -0.0001 / 0.0200967 = -0.00497594
time: 245	PE: 3	op: 7.66247e-18 / 0.0200967 = 3.8128e-16
time: 245	PE: 4	op: -0.00133333 / 0.0200967 = -0.0663459
time: 245	PE: 5	op: -1.00042e-12 / 1000 = -1.00042e-15
time: 245	PE: 6	op: 2000.12 - -1000 * -0.99983 = 1000.29
time: 245	PE: 7	op: 1000.21 - -1000 * -0.999998 = 0.209656
time: 245	PE: 8	op: -1.29931 - -2.11125e-11 * -1 = -1.29931
time: 246	PE: 0	op: -0.0172243 - -1.00042e-12 * -0.49997 = -0.0172243
time: 246	PE: 1	op: -0.006403 - -1000 * -6.40296e-06 = -0.012806
time: 246	PE: 2	op: 0.00640232 / 0.00640869 = 0.999005
time: 246	PE: 3	op: -2.54405e-05 / 0.00640869 = -0.00396969
time: 246	PE: 4	op: 0.0171187 / 0.0214628 = 0.797599
time: 246	PE: 5	op: -1.33333e-06 - -1 * -0.71461 = -0.714612
time: 246	PE: 6	op: 1.70516e+08 - -100000 * -1.15609e-05 = 1.70516e+08
time: 247	PE: 0	op: -2.5e-32 - -0.00229756 * -0.234821 = -0.000539515
time: 247	PE: 1	op: 0.697998 - -9.80907e-13 * 1.20905e-24 = 0.697998
time: 247	PE: 2	op: 0 - -1.65438e-06 * -0.234152 = -3.87375e-07
time: 247	PE: 3	op: 0 - -2.54442e-05 * -0.999994 = -2.5444e-05
time: 247	PE: 4	op: 0 - -1.55003e-05 * -0.665541 = -1.03161e-05
time: 247	PE: 5	op: 0 - -1 * -0.188127 = -0.188127
time: 248	PE: 0	op: -0.0147829 / 0.094137 = -0.157036
time: 248	PE: 1	op: -2.20792e-08 / 0.094137 = -2.34543e-07
time: 248	PE: 2	op: -0.00284918 / 0.094137 = -0.0302663
time: 248	PE: 3	op: 0 - -9.80907e-13 * -1 = -9.80907e-13
time: 248	PE: 4	op: 0.882644 - -3.11007e-05 * -0.665541 = 0.882623
time: 248	PE: 5	op: 100000 - -1 * 1.2987 = 100001
time: 249	PE: 0	op: 0 - -1.65376e-06 * -0.234821 = -3.88339e-07
time: 249	PE: 1	op: 0 - -1 * -3.20513 = -3.20513
time: 249	PE: 2	op: 0.0113212 - -0.0113798 * -0.463799 = 0.00604327
time: 249	PE: 3	op: 0 - -1e+06 * -6.57458e-06 = -6.57458
time: 249	PE: 4	op: 100001 / 1 = 100001
time: 250	PE: 0	op: 0.430115 - -0.00192664 * -0.234152 = 0.429664
time: 250	PE: 1	op: -5.68992e-09 - -0.0113798 * -0.0203778 = -0.000231902
time: 250	PE: 2	op: 0 - -3.11007e-05 * -0.331699 = -1.03161e-05
time: 250	PE: 3	op: -1e+06 / 1.00001e+06 = -0.999993
time: 250	PE: 4	op: 0 - -4.1943e+06 * -0.00641026 = -26886.6
time: 250	PE: 5	op: 0 - -0.188127 * -0.00641026 = -0.00120594
time: 251	PE: 0	op: 1000 - -0.00229756 * -0.111769 = 1000
time: 251	PE: 1	op: -2.5e-32 - -0.00192662 * -0.111769 = -0.000215338
time: 251	PE: 2	op: -0.0754012 / 0.094137 = -0.800973
time: 251	PE: 3	op: -9.63328e-09 - -1.65376e-06 * -0.111769 = -1.94474e-07
time: 251	PE: 4	op: -2.5641e-05 / 0.209656 = -0.000122301
time: 251	PE: 5	op: 6.57462 - -6.57462 * -6.57458e-06 = 6.57458
time: 251	PE: 6	op: -0.208018 / 0.209656 = -0.992187
time: 251	PE: 7	op: 0 - -0.188127 * -0.00641026 = -0.00120595
time: 252	PE: 0	op: -1.63919e-10 - 0.344507 * -1.24024 = 0.427271
time: 252	PE: 2	op: -0.0521263 - -0.0512414 * 0.619027 = -0.0204065
time: 252	PE: 3	op: -0.692752 - 0.344507 * -6.98276e-09 = -0.692752
time: 252	PE: 4	op: -1.67057e-05 - -0.060892 * 0.619027 = 0.0376771
time: 252	PE: 5	op: 0 - -0.060892 * -6.98276e-09 = -4.25194e-10
time: 252	PE: 6	op: -1.7915e-07 - -0.060892 * -1.24024 = -0.0755207
time: 252	PE: 7	op: 0.165808 - -0.060892 * -0.315515 = 0.146595
time: 252	PE: 9	op: -0.00106881 - -0.0512414 * -0.315515 = -0.0172362
time: 252	PE: 10	op: 1.20905e-21 - -0.0512414 * -6.98276e-09 = -3.57806e-10
time: 252	PE: 11	op: -0.012806 / 0.00640869 = -1.99822
time: 252	PE: 12	op: 1000.29 - -0.0030303 * -0.000850611 = 1000.29
time: 253	PE: 0	op: 0.227539 - -0.0001 * -0.00497594 = 0.227539
time: 253	PE: 1	op: 0.403338 - 0.344507 * 0.619027 = 0.190078
time: 253	PE: 2	op: -7.0871e-05 - -8.50403e-05 * -0.00497594 = -7.12941e-05
time: 253	PE: 3	op: 0.000542913 - -8.50403e-05 * 0.00145805 = 0.000543037
time: 253	PE: 4	op: -9.99921e-13 - -0.0001 * 0.00145805 = 1.45804e-07
time: 253	PE: 5	op: 1.46039e-21 - -8.50403e-05 * 3.8128e-16 = 3.38846e-20
time: 253	PE: 6	op: -1.16013e-14 - -8.50403e-05 * -0.0663459 = -5.64207e-06
time: 253	PE: 7	op: -5.0146e-20 - -1.18793e-16 * 0.00145805 = 1.23061e-19
time: 253	PE: 8	op: -0.0524536 - 0.344507 * -0.315515 = 0.0562436
time: 253	PE: 9	op: -8.78497e-09 - -1.18793e-16 * -0.0663459 = -8.78497e-09
time: 253	PE: 10	op: -0.00272632 - -0.0001 * 3.8128e-16 = -0.00272632
time: 253	PE: 11	op: 0 - -0.0001 * -0.0663459 = -6.63459e-06
time: 253	PE: 12	op: 0 - -1 * 3.20513 = 3.20513
time: 254	PE: 0	op: -0.0120797 - -1.18793e-16 * 3.8128e-16 = -0.0120797
time: 254	PE: 1	op: 4.68081e-05 - 0.344507 * -0.0466409 = 0.0161149
time: 254	PE: 2	op: 0 - -1.18793e-16 * -0.00497594 = -5.91109e-19
time: 254	PE: 3	op: 5.75935e-10 - -0.00133333 * 3.8128e-16 = 5.75935e-10
time: 254	PE: 4	op: -7.08958e-05 - -0.00229756 * 0.797599 = 0.00176163
time: 254	PE: 5	op: 0 - -0.00133333 * -0.00497594 = -6.63459e-06
time: 254	PE: 6	op: -4.68349e-05 - -0.344705 * -0.0466409 = -0.0161242
time: 254	PE: 7	op: 0.000541598 - -1.65376e-06 * 0.797599 = 0.000542917
time: 255	PE: 0	op: -0.349113 - -0.344705 * 0.619027 = -0.135731
time: 255	PE: 1	op: 0 - -0.344705 * -0.315515 = -0.10876
time: 255	PE: 2	op: -1.33274e-16 - -9.80907e-13 * -1.00042e-15 = -1.33274e-16
time: 255	PE: 3	op: 0 - -1000 * -1.00042e-15 = -1.00042e-12
time: 255	PE: 5	op: 0.697998 - -0.00192662 * -0.234821 = 0.697546
time: 255	PE: 6	op: 1000 - -1.00005e-12 * 0.999005 = 1000
time: 255	PE: 7	op: -0.00640232 - -0.00640364 * 0.999005 = -5.04311e-06
time: 255	PE: 8	op: 0 - -0.188127 * 0.00641026 = 0.00120595
time: 255	PE: 9	op: -0.882613 / 0.882623 = -0.999988
time: 256	PE: 0	op: 0.583357 - -0.0389137 * -0.157036 = 0.577246
time: 256	PE: 1	op: -0.0204377 - -0.0172243 * -0.157036 = -0.0231425
time: 256	PE: 2	op: -0.424989 - -0.0389137 * -2.34543e-07 = -0.424989
time: 256	PE: 3	op: -4.07746e-06 - -0.060892 * -0.0466409 = -0.00284413
time: 256	PE: 4	op: -0.0243261 - 0.0205578 * -0.315515 = -0.0178398
time: 256	PE: 5	op: 0.00201028 - -0.0389137 * -0.0302663 = 0.000832507
time: 256	PE: 6	op: -0.0126576 - -0.0179249 * -0.157036 = -0.0154724
time: 256	PE: 7	op: 0.00703657 - -0.0179249 * -0.0302663 = 0.00649405
time: 256	PE: 8	op: -0.000197503 - 0.0205578 * -6.98276e-09 = -0.000197503
time: 256	PE: 9	op: -1.85848e-08 - -0.0172243 * -2.34543e-07 = -2.26246e-08
time: 256	PE: 10	op: -2.93175e-05 - -0.0179249 * -2.34543e-07 = -2.93217e-05
time: 256	PE: 11	op: 3.41033e-28 - 8.33958 * -465.116 = 3878.88
time: 257	PE: 0	op: -9.01067e-08 - 0.0205578 * 0.619027 = -0.0127259
time: 257	PE: 1	op: -0.3227 - -0.0135328 * -0.157036 = -0.324825
time: 257	PE: 2	op: -5.61228e-15 - -0.00133333 * 0.00145805 = 1.94407e-06
time: 257	PE: 3	op: -0.00201166 - -0.0135328 * -0.0302663 = -0.00242125
time: 257	PE: 4	op: 0.429664 - -0.0135328 * -2.34543e-07 = 0.429664
time: 257	PE: 5	op: -0.000231902 - 0.0205578 * -1.24024 = 0.0252646
time: 257	PE: 6	op: -0.000231902 - -0.0512414 * -0.0466409 = -0.00262184
time: 257	PE: 7	op: -0.00120594 - 0.00120594 * -0.999963 = -4.48199e-08
time: 258	PE: 0	op: -0.0204065 - -0.00640364 * -0.00396969 = -0.0204319
time: 258	PE: 1	op: 0.104919 - 2.84754e-05 * -1.00042e-15 = 0.104919
time: 258	PE: 2	op: 0 - -1.00005e-12 * -0.00396969 = -3.96989e-15
time: 258	PE: 3	op: 8.33655 - -0.00133333 * -0.0663459 = 8.33647
time: 258	PE: 4	op: 0 - -6.57462 * -0.999993 = -6.57458
time: 258	PE: 5	op: 1.29772 - -2.11125e-11 * -2.10661e-16 = 1.29772
time: 259	PE: 0	op: 0.227539 - -0.0172243 * -0.800973 = 0.213742
time: 259	PE: 1	op: 0.0251273 - -0.0179249 * -0.800973 = 0.0107699
time: 259	PE: 2	op: -0.00262709 - -0.0172243 * -0.0302663 = -0.00314841
time: 259	PE: 3	op: -0.0531787 - -0.0135328 * -0.800973 = -0.0640181
time: 259	PE: 4	op: 0 - -3.20513 * -622.123 = -1993.98
time: 259	PE: 5	op: 0 - -2.5641e-05 * -0.992187 = -2.54407e-05
time: 259	PE: 6	op: 1 - -4.1943e+06 * 0.00641026 = 26887.6
time: 259	PE: 7	op: 100001 / -0.000275135 = -3.63463e+08
time: 260	PE: 0	op: 0.0531424 - -0.0389137 * -0.800973 = 0.0219735
time: 260	PE: 1	op: 0.427271 - -2.5444e-05 * -1.99822 = 0.42722
time: 260	PE: 2	op: 0.190078 - -2.5444e-05 * -0.00396969 = 0.190078
time: 260	PE: 3	op: -5.91109e-19 - -3.20513 * -0.000850611 = -0.00272632
time: 260	PE: 4	op: -9.80907e-13 - -0.344705 * -1.24024 = -0.427516
time: 260	PE: 5	op: 0 - -0.00192662 * 0.797599 = 0.00153667
time: 260	PE: 6	op: -100000 - -0.714612 * -0.000695652 = -100000
time: 261	PE: 0	op: -0.0120797 - -3.20513 * -0.899685 = -2.89569
time: 261	PE: 1	op: 1e+06 - -1e+06 * -0.999993 = 6.875
time: 261	PE: 3	op: -1000 / 1000 = -1
time: 261	PE: 4	op: 1000.29 - -0.0005 * -4.99992e-07 = 1000.29
time: 261	PE: 5	op: -4.65498e-08 / 6.57458 = -7.08027e-09
time: 261	PE: 6	op: 0 - -1 * 100001 = 100001
time: 262	PE: 0	op: -1.00004e-12 - -1.00005e-12 * -1.99822 = -2.99836e-12
time: 262	PE: 1	op: 1000.01 - -2.5641e-05 * -0.000122301 = 1000.01
time: 262	PE: 2	op: 0.697546 - -0.344705 * -6.98276e-09 = 0.697546
time: 262	PE: 3	op: -1.03161e-05 / 0.882623 = -1.1688e-05
time: 262	PE: 5	op: 5642.2 - -4.00676e-13 * -1.15609e-05 = 5642.2
time: 263	PE: 1	op: 0 - -2.5444e-05 * 0.999005 = 2.54187e-05
time: 263	PE: 2	op: 0 - -4.48199e-08 * 22553.2 = 0.00101083
time: 263	PE: 4	op: 3878.88 - 18.1933 * 310.078 = -1762.46
time: 264	PE: 0	op: 0 - -0.208046 * -0.000122301 = -2.54442e-05
time: 264	PE: 1	op: -0.0524422 / 0.104919 = -0.499834
time: 264	PE: 2	op: -0.0524367 / 0.104919 = -0.499782
time: 264	PE: 3	op: 2.84754e-05 / 0.104919 = 0.000271403
time: 264	PE: 4	op: -3.96989e-15 / 1000 = -3.96989e-18
time: 264	PE: 5	op: 0.00604327 - 0.00120594 * -6.99682e-06 = 0.00604328
time: 265	PE: 0	op: 0.577246 - -0.208046 * -0.992187 = 0.370825
time: 265	PE: 1	op: 1.80924e-12 / 0.104919 = 1.72441e-11
time: 265	PE: 2	op: 0.899854 - -0.882613 * -0.999988 = 0.0172518
time: 265	PE: 3	op: 0 - -1.03161e-05 * -0.999988 = -1.0316e-05
time: 265	PE: 4	op: -0.188127 / 26887.6 = -6.99682e-06
time: 265	PE: 5	op: -26886.6 / 26887.6 = -0.999963
time: 266	PE: 0	op: -1993.98 - 3.20513 * -691.489 = 222.329
time: 266	PE: 1	op: -6.57458 / 6.57458 = -1
time: 266	PE: 2	op: -6.20416e+07 - 99986 * 1705.43 = -2.3256e+08
time: 267	PE: 0	op: -2.89569 - 3.20513 * -1 = 0.309443
time: 267	PE: 1	op: 1000.29 - -0.000499992 * -0.0203778 = 1000.29
time: 267	PE: 2	op: 0 - 0.000275093 * -3.63463e+08 = 99986
time: 267	PE: 3	op: -99984.7 - 99986 * -1 = 1.29688
time: 268	PE: 0	op: -1000 / 1000.01 = -0.999994
time: 268	PE: 1	op: -2.54407e-05 / 1000.01 = -2.54405e-08
time: 268	PE: 2	op: -0.00640292 / 1000.01 = -6.40287e-06
time: 269	PE: 0	op: 0 - 2.54187e-05 * -1 = 2.54187e-05
time: 269	PE: 1	op: 1000 - -1000 * -1 = 0.0020752
time: 269	PE: 2	op: -1.00023e-12 - -5.04311e-06 * -1 = -5.04311e-06
time: 270	PE: 0	op: 0.0169822 - 3.05176e-09 * -7.08027e-09 = 0.0169822
time: 270	PE: 1	op: 0 - -6.57458 * -7.08027e-09 = -4.65498e-08
time: 270	PE: 2	op: -2.99836e-12 / 1000 = -2.99836e-15
time: 270	PE: 3	op: 0.882623 - -1.03161e-05 * -1.1688e-05 = 0.882623
time: 270	PE: 4	op: -1762.46 - -2e-31 * -2325.58 = -1762.46
time: 271	PE: 0	op: 0.00604328 - 0.0205578 * -0.0466409 = 0.00700211
time: 271	PE: 1	op: 0 - -0.0005 * -2312.19 = -1.15609
time: 272	PE: 0	op: 0.42722 - 2.04211e-07 * 0.000271403 = 0.42722
time: 272	PE: 1	op: 0.190078 - 2.04211e-07 * -0.499782 = 0.190078
time: 272	PE: 2	op: -0.0204319 - -1.00042e-12 * -0.499782 = -0.0204319
time: 272	PE: 3	op: 0.0376771 - -0.104879 * -0.499782 = -0.0147396
time: 272	PE: 4	op: -0.0755207 - -0.104879 * 0.000271403 = -0.0754922
time: 273	PE: 1	op: -4.25194e-10 - -0.104879 * 1.72441e-11 = -4.23386e-10
time: 273	PE: 2	op: -0.135731 - -1.33274e-16 * -0.499782 = -0.135731
time: 273	PE: 3	op: 0.146595 - -0.104879 * -0.499834 = 0.0941732
time: 273	PE: 4	op: 0.0562436 - 2.04211e-07 * -0.499834 = 0.0562437
time: 273	PE: 5	op: 0.697546 - -1.33274e-16 * 1.72441e-11 = 0.697546
time: 273	PE: 6	op: -3.57806e-10 - -1.00042e-12 * 1.72441e-11 = -3.57806e-10
time: 273	PE: 7	op: -0.00120595 - 0.00120595 * -0.999963 = -4.48199e-08
time: 273	PE: 8	op: 1.70516e+08 - 99986 * 1705.43 = -2208
time: 274	PE: 0	op: -0.692752 - 2.04211e-07 * 1.72441e-11 = -0.692752
time: 274	PE: 1	op: 0 - -1000 * -3.96989e-18 = -3.96989e-15
time: 274	PE: 2	op: -0.0172362 - -1.00042e-12 * -0.499834 = -0.0172362
time: 274	PE: 3	op: 0.00649405 - 0.00120595 * -6.99682e-06 = 0.00649406
time: 274	PE: 4	op: 6.875 - -6.57458 * -1 = 0.30042
time: 275	PE: 0	op: -0.10876 - -1.33274e-16 * -0.499834 = -0.10876
time: 275	PE: 1	op: -0.427516 - -1.33274e-16 * 0.000271403 = -0.427516
time: 275	PE: 2	op: 1000.29 - -1000 * -1 = 0.291016
time: 276	PE: 1	op: 0.0219735 - -2.54442e-05 * -6.40287e-06 = 0.0219735
time: 276	PE: 2	op: 0.370825 - -2.54442e-05 * -2.54405e-08 = 0.370825
time: 276	PE: 3	op: 0 - -1000 * -2.54405e-08 = -2.54405e-05
time: 276	PE: 4	op: 1000 - -1000 * -0.999994 = 0.00640869
time: 276	PE: 5	op: 0 - -2.54442e-05 * -0.999994 = -2.5444e-05
time: 276	PE: 6	op: -0.882613 / 0.882623 = -0.999988
time: 277	PE: 0	op: 0.213742 - -0.00640292 * -6.40287e-06 = 0.213742
time: 277	PE: 1	op: -0.0231425 - -0.00640292 * -2.54405e-08 = -0.0231425
time: 277	PE: 2	op: 0 - 3.05176e-09 * -1 = 3.05176e-09
time: 277	PE: 3	op: 0.00594149 / 0.0169822 = 0.349865
time: 277	PE: 4	op: -0.0129202 / 0.0169822 = -0.760809
time: 277	PE: 5	op: -6.83999e-07 - -0.00640292 * -0.999994 = -0.00640356
time: 277	PE: 6	op: -99984.7 - 99986 * -1 = 1.30469
time: 278	PE: 0	op: 0.42722 - 2.54187e-05 * -2.99836e-15 = 0.42722
time: 278	PE: 1	op: 7.07847e-05 - -1000 * -2.99836e-15 = 7.07847e-05
time: 278	PE: 2	op: 0.190078 - 2.54187e-05 * -3.96989e-18 = 0.190078
time: 279	PE: 0	op: -0.0204319 - -5.04311e-06 * -3.96989e-18 = -0.0204319
time: 279	PE: 1	op: -0.0147396 / 0.0941732 = -0.156516
time: 279	PE: 2	op: -4.23386e-10 / 0.0941732 = -4.49582e-09
time: 279	PE: 3	op: -0.00284413 / 0.0941732 = -0.0302011
time: 279	PE: 4	op: -0.0754922 / 0.0941732 = -0.801632
time: 279	PE: 5	op: 0 - -4.48199e-08 * 22553.2 = 0.00101083
time: 279	PE: 6	op: -1.0316e-05 / 0.882623 = -1.16878e-05
time: 280	PE: 0	op: -0.00640292 - -1000 * -6.40287e-06 = -0.0128058
time: 280	PE: 1	op: 0 - -0.882613 * -1.1688e-05 = -1.0316e-05
time: 280	PE: 2	op: -2.3256e+08 - -0.714612 * -2312.19 = -2.32562e+08
time: 281	PE: 0	op: 0.291016 - -0.006403 * -6.40296e-06 = 0.291016
time: 281	PE: 1	op: 1.29688 - -0.714612 * -0.994242 = 0.586378
time: 282	PE: 0	op: 0.00640223 / 0.00640869 = 0.998992
time: 282	PE: 1	op: -2.54405e-05 / 0.00640869 = -0.00396969
time: 283	PE: 0	op: 3.05176e-09 / 0.0169822 = 1.79703e-07
time: 284	PE: 0	op: 0.882644 - -0.882613 * -0.999988 = 4.1604e-05
time: 285	PE: 0	op: -0.00302089 - -0.0012393 * -0.760809 = -0.00396376
time: 285	PE: 1	op: 0.0159413 - -0.00573945 * -0.760809 = 0.0115746
time: 285	PE: 2	op: 0 - -4.65498e-08 * -0.760809 = -3.54155e-08
time: 285	PE: 3	op: 0.00559398 - -0.0012393 * 0.349865 = 0.00602756
time: 285	PE: 4	op: -0.0102017 - -0.00573945 * 0.349865 = -0.00819372
time: 286	PE: 0	op: -0.0128058 / 0.00640869 = -1.99819
time: 286	PE: 1	op: 0 - -4.65498e-08 * 0.349865 = 1.62861e-08
time: 286	PE: 2	op: 0 - -1.0316e-05 * -0.999988 = -1.03158e-05
time: 286	PE: 3	op: -2.32562e+08 - 100001 * -2325.58 = -2208
time: 287	PE: 0	op: -0.692752 - 0.0562437 * -4.49582e-09 = -0.692752
time: 287	PE: 1	op: 0.0161149 - 0.0562437 * -0.0302011 = 0.0178136
time: 287	PE: 2	op: 0.42722 - 0.0562437 * -0.801632 = 0.472307
time: 287	PE: 3	op: 0.190078 - 0.0562437 * -0.156516 = 0.198881
time: 287	PE: 4	op: -0.0204319 - -0.0172362 * -0.156516 = -0.0231296
time: 287	PE: 5	op: -3.57806e-10 - -0.0172362 * -4.49582e-09 = -4.35297e-10
time: 287	PE: 6	op: -0.00262184 - -0.0172362 * -0.0302011 = -0.0031424
time: 287	PE: 7	op: 0 - -0.882613 * -1.16878e-05 = -1.03158e-05
time: 288	PE: 0	op: -0.135731 - -0.10876 * -0.156516 = -0.152753
time: 288	PE: 1	op: -0.0127259 - -0.0178398 * -0.156516 = -0.0155181
time: 288	PE: 2	op: -0.0161242 - -0.10876 * -0.0302011 = -0.0194088
time: 288	PE: 3	op: -0.427516 - -0.10876 * -0.801632 = -0.514701
time: 288	PE: 4	op: 0.697546 - -0.10876 * -4.49582e-09 = 0.697546
time: 288	PE: 5	op: 0.00700211 - -0.0178398 * -0.0302011 = 0.00646333
time: 289	PE: 0	op: -0.000197503 - -0.0178398 * -4.49582e-09 = -0.000197503
time: 289	PE: 1	op: 0.0252646 - -0.0178398 * -0.801632 = 0.0109637
time: 290	PE: 0	op: 0.370825 - -2.5444e-05 * -0.00396969 = 0.370825
time: 290	PE: 1	op: -0.0231425 - -0.00640356 * -0.00396969 = -0.0231679
time: 290	PE: 2	op: 0 - -1.00005e-12 * -0.00396969 = -3.96989e-15
time: 290	PE: 3	op: 1000 - -1.00005e-12 * 0.998992 = 1000
time: 290	PE: 4	op: -0.00640223 - -0.00640356 * 0.998992 = -5.12786e-06
time: 290	PE: 5	op: 0.0172518 - -1.0316e-05 * -1.16878e-05 = 0.0172518
time: 290	PE: 6	op: -3.11007e-05 / 4.1604e-05 = -0.747541
time: 291	PE: 0	op: 0 - -0.00573945 * 1.79703e-07 = 1.0314e-09
time: 291	PE: 1	op: 0 - -0.00819372 * -1 = -0.00819372
time: 291	PE: 2	op: 0 - -0.0012393 * 1.79703e-07 = 2.22707e-10
time: 291	PE: 3	op: 0 - 0.00602756 * -1 = 0.00602756
time: 291	PE: 4	op: -1 - 0.00602756 * 1e-05 = -1
time: 291	PE: 5	op: 0 - -0.00819372 * 1e-05 = 8.19372e-08
time: 291	PE: 6	op: 0.30042 - -4.65498e-08 * 1.79703e-07 = 0.30042
time: 291	PE: 7	op: 0 - -2.5444e-05 * 0.998992 = 2.54184e-05
time: 292	PE: 0	op: 0 - 1.62861e-08 * 1e-05 = -1.62861e-13
time: 292	PE: 1	op: 0 - 1.62861e-08 * -1 = 1.62861e-08
time: 292	PE: 2	op: 0.586378 - 100001 * -1 = 100001
time: 293	PE: 0	op: 2.54187e-05 / 0.198881 = 0.000127808
time: 293	PE: 1	op: -0.692752 / 0.198881 = -3.48324
time: 293	PE: 2	op: 0.0178136 / 0.198881 = 0.0895687
time: 293	PE: 3	op: 0.472307 / 0.198881 = 2.37481
time: 293	PE: 4	op: -1.03158e-05 / 4.1604e-05 = -0.247953
time: 294	PE: 0	op: 0.213742 - -0.00640356 * -1.99819 = 0.200947
time: 294	PE: 1	op: 0.0219735 - -2.5444e-05 * -1.99819 = 0.0219227
time: 294	PE: 2	op: -1.00004e-12 - -1.00005e-12 * -1.99819 = -2.99833e-12
time: 295	PE: 0	op: 0.291016 - -0.0512414 * -1.24024 = 0.227464
time: 296	PE: 0	op: -3.96989e-15 / 1000 = -3.96989e-18
time: 296	PE: 1	op: -1000 / 1000 = -1
time: 297	PE: 0	op: -0.00396376 / -1 = 0.00396376
time: 297	PE: 1	op: -0.00133333 / -1 = 0.00133333
time: 297	PE: 2	op: 2.22707e-10 / -1 = -2.22707e-10
time: 297	PE: 3	op: 0.00602756 / -1 = -0.00602756
time: 298	PE: 0	op: 0.882644 - -3.11007e-05 * -0.747541 = 0.88262
time: 298	PE: 1	op: 0 - -1.03158e-05 * -0.747541 = -7.71152e-06
time: 300	PE: 0	op: -2.99833e-12 / 1000 = -2.99833e-15
time: 301	PE: 0	op: -0.000539515 - -3.96989e-15 * -3.48324 = -0.000539515
time: 301	PE: 1	op: 0 - -3.96989e-15 * 0.0895687 = 3.55578e-16
time: 301	PE: 2	op: 7.07847e-05 - -3.96989e-15 * 2.37481 = 7.07847e-05
time: 301	PE: 3	op: 0.0020752 - -3.96989e-15 * 0.000127808 = 0.0020752
time: 301	PE: 5	op: -5.04311e-06 - -0.0231296 * 0.000127808 = -2.08695e-06
time: 301	PE: 7	op: -4.35297e-10 - -0.0231296 * -3.48324 = -0.0805661
time: 301	PE: 8	op: 0.227464 - -0.00640364 * -1.99822 = 0.214668
time: 301	PE: 9	op: -0.0031424 - -0.0231296 * 0.0895687 = -0.0010707
time: 301	PE: 10	op: 0 - -3.11007e-05 * -0.247953 = -7.71152e-06
time: 302	PE: 0	op: -0.514701 - -0.152753 * 2.37481 = -0.15194
time: 302	PE: 1	op: 0.0109637 - -0.0155181 * 2.37481 = 0.0478164
time: 302	PE: 2	op: 0.0172518 - -1.03158e-05 * -0.247953 = 0.0172492
time: 302	PE: 4	op: 0 - -0.0155181 * 0.000127808 = 1.98335e-06
time: 302	PE: 6	op: -0.0194088 - -0.152753 * 0.0895687 = -0.0057269
time: 303	PE: 0	op: -0.000215338 - -0.152753 * 0.000127808 = -0.000195815
time: 303	PE: 1	op: 0.697546 - -0.152753 * -3.48324 = 0.165469
time: 304	PE: 0	op: 0 - 2.54184e-05 * -1 = 2.54184e-05
time: 304	PE: 1	op: 1000 - -1000 * -1 = 0.0020752
time: 304	PE: 2	op: -1.00023e-12 - -5.12786e-06 * -1 = -5.12786e-06
time: 304	PE: 3	op: 0.370825 - 2.54184e-05 * -3.96989e-18 = 0.370825
time: 304	PE: 4	op: -0.0231679 - -5.12786e-06 * -3.96989e-18 = -0.0231679
time: 304	PE: 5	op: -0.000197503 - -0.0155181 * -3.48324 = -0.0542509
time: 305	PE: 0	op: 0 - 1.33333e-08 * -2.22707e-10 = 2.96943e-18
time: 305	PE: 1	op: -0.00133333 - 1.33333e-08 * -0.00602756 = -0.00133333
time: 305	PE: 2	op: -5.42673e-13 - 8.19372e-08 * 0.00133333 = -1.09792e-10
time: 305	PE: 3	op: 1.0314e-09 - 8.19372e-08 * -2.22707e-10 = 1.0314e-09
time: 305	PE: 4	op: 0.0200967 - 1.33333e-08 * 0.00133333 = 0.0200967
time: 305	PE: 5	op: 0 - -1.62861e-13 * 0.00133333 = 2.17148e-16
time: 305	PE: 6	op: -0.00819372 - 8.19372e-08 * -0.00602756 = -0.00819372
time: 305	PE: 7	op: 1.62861e-08 - -1.62861e-13 * -0.00602756 = 1.62861e-08
time: 305	PE: 8	op: 0.30042 - -1.62861e-13 * -2.22707e-10 = 0.30042
time: 306	PE: 0	op: 0 - 1 * 0.00133333 = -0.00133333
time: 306	PE: 1	op: 0 - -1000 * -3.96989e-18 = -3.96989e-15
time: 306	PE: 2	op: 8.33333 - 1 * -0.00602756 = 8.33936
time: 306	PE: 3	op: 0.00646333 - -0.0155181 * 0.0895687 = 0.00785327
time: 306	PE: 4	op: -0.882613 / 0.88262 = -0.999991
time: 307	PE: 0	op: 0.0115746 - 8.19372e-08 * 0.00396376 = 0.0115746
time: 307	PE: 1	op: -0.000539515 / 0.0020752 = -0.259983
time: 307	PE: 2	op: 1.86984e-13 - 1.33333e-08 * 0.00396376 = -5.26631e-11
time: 307	PE: 3	op: 3.55578e-16 / 0.0020752 = 1.71347e-13
time: 307	PE: 4	op: -3.54155e-08 - -1.62861e-13 * 0.00396376 = -3.54155e-08
time: 307	PE: 5	op: 7.07847e-05 / 0.0020752 = 0.0341099
time: 307	PE: 6	op: 0.00176163 / 0.0020752 = 0.8489
time: 308	PE: 0	op: 0.200947 - -5.12786e-06 * -2.99833e-15 = 0.200947
time: 308	PE: 1	op: 7.0757e-05 - -1000 * -2.99833e-15 = 7.0757e-05
time: 308	PE: 2	op: 0.0219227 - 2.54184e-05 * -2.99833e-15 = 0.0219227
time: 308	PE: 3	op: 0 - 1 * -2.22707e-10 = 2.22707e-10
time: 308	PE: 4	op: 0.214668 - -1.00042e-12 * 0.000271403 = 0.214668
time: 309	PE: 0	op: 0 - 1 * 0.00396376 = -0.00396376
time: 309	PE: 1	op: -7.71152e-06 / 0.88262 = -8.73707e-06
time: 310	PE: 0	op: 2.54184e-05 / 0.370825 = 6.85455e-05
time: 310	PE: 1	op: -0.424989 / 0.370825 = -1.14606
time: 310	PE: 2	op: 0.000832507 / 0.370825 = 0.00224501
time: 313	PE: 0	op: -1.09792e-10 / 0.0115746 = -9.48558e-09
time: 313	PE: 1	op: 1.0314e-09 / 0.0115746 = 8.91083e-08
time: 313	PE: 2	op: -1.63882e-14 / 0.0115746 = -1.41587e-12
time: 313	PE: 3	op: -0.00819372 / 0.0115746 = -0.707902
time: 314	PE: 0	op: 0.0219227 / 0.370825 = 0.0591186
time: 314	PE: 1	op: 0.882613 - -0.882613 * -0.999991 = 7.86781e-06
time: 314	PE: 2	op: 0 - -7.71152e-06 * -0.999991 = -7.71145e-06
time: 314	PE: 4	op: 0.214668 - -5.04311e-06 * -2.99836e-15 = 0.214668
time: 315	PE: 0	op: -0.0057269 - -0.000195815 * 1.71347e-13 = -0.0057269
time: 315	PE: 1	op: -0.15194 - -0.000195815 * 0.0341099 = -0.151933
time: 315	PE: 2	op: 0.00153667 - -0.000195815 * 0.8489 = 0.0017029
time: 315	PE: 3	op: 0.165469 - -0.000195815 * -0.259983 = 0.165418
time: 315	PE: 4	op: -0.0542509 - 1.98335e-06 * -0.259983 = -0.0542504
time: 315	PE: 5	op: -3.88339e-07 - -1.94474e-07 * -0.259983 = -4.38899e-07
time: 315	PE: 6	op: 0.0478164 - 1.98335e-06 * 0.0341099 = 0.0478163
time: 315	PE: 7	op: 0 - 1.98335e-06 * 0.8489 = -1.68367e-06
time: 315	PE: 8	op: 0.00785327 - 1.98335e-06 * 1.71347e-13 = 0.00785327
time: 316	PE: 0	op: -0.0805661 - -2.08695e-06 * -0.259983 = -0.0805667
time: 316	PE: 1	op: -9.99921e-13 - -2.08695e-06 * 0.8489 = 1.77161e-06
time: 316	PE: 2	op: -7.08988e-05 - -1.94474e-07 * 0.0341099 = -7.08922e-05
time: 316	PE: 3	op: 0 - -1.94474e-07 * 1.71347e-13 = 3.33224e-20
time: 316	PE: 4	op: 0.000542917 - -1.94474e-07 * 0.8489 = 0.000543082
time: 317	PE: 0	op: 0.0172492 - -7.71152e-06 * -8.73707e-06 = 0.0172492
time: 317	PE: 1	op: 0 - -0.882613 * -8.73707e-06 = -7.71145e-06
time: 318	PE: 0	op: -0.000537968 - -3.96989e-15 * -1.14606 = -0.000537968
time: 318	PE: 1	op: 0 - -3.96989e-15 * 0.00224501 = 8.91246e-18
time: 318	PE: 2	op: 0.0020752 - -3.96989e-15 * 6.85455e-05 = 0.0020752
time: 318	PE: 3	op: -5.12786e-06 - -0.0231679 * 6.85455e-05 = -3.53981e-06
time: 318	PE: 4	op: 0 - -0.0154724 * 6.85455e-05 = 1.06056e-06
time: 318	PE: 5	op: 0.00649406 - -0.0154724 * 0.00224501 = 0.00652879
time: 318	PE: 6	op: -0.00242125 - -0.324825 * 0.00224501 = -0.00169201
time: 318	PE: 7	op: 0.429664 - -0.324825 * -1.14606 = 0.0573939
time: 318	PE: 8	op: -2.26246e-08 - -0.0231679 * -1.14606 = -0.026552
time: 319	PE: 0	op: -0.00021472 - -0.324825 * 6.85455e-05 = -0.000192455
time: 319	PE: 1	op: -2.93217e-05 - -0.0154724 * -1.14606 = -0.0177617
time: 320	PE: 0	op: -0.00314841 - -0.0231679 * 0.00224501 = -0.00309639
time: 320	PE: 1	op: 0.214668 - -0.0172362 * -0.801632 = 0.200851
time: 320	PE: 2	op: -1 / 7.86781e-06 = -127100
time: 321	PE: 0	op: 2.96943e-18 - -5.26631e-11 * 8.91083e-08 = 7.66215e-18
time: 321	PE: 1	op: 2.93016e-05 - -5.26631e-11 * -1.41587e-12 = 2.93016e-05
time: 321	PE: 2	op: -0.00133333 - -5.26631e-11 * -0.707902 = -0.00133333
time: 321	PE: 3	op: 0.0200967 - -5.26631e-11 * -9.48558e-09 = 0.0200967
time: 321	PE: 4	op: -0.0057269 / 0.165418 = -0.0346208
time: 322	PE: 0	op: 0.200947 - -0.0231679 * 0.0591186 = 0.202316
time: 322	PE: 1	op: 0.0107699 - -0.0154724 * 0.0591186 = 0.0116846
time: 322	PE: 2	op: 7.0757e-05 - -3.96989e-15 * 0.0591186 = 7.0757e-05
time: 322	PE: 4	op: 0 - -3.54155e-08 * -1.41587e-12 = -5.01438e-20
time: 322	PE: 5	op: -0.151933 / 0.165418 = -0.918481
time: 323	PE: 0	op: 2.17148e-16 - -3.54155e-08 * -9.48558e-09 = -1.18788e-16
time: 323	PE: 1	op: -8.50403e-05 - -1.63882e-14 * -9.48558e-09 = -8.50403e-05
time: 323	PE: 2	op: 1.62861e-08 - -3.54155e-08 * -0.707902 = -8.7846e-09
time: 323	PE: 3	op: -0.0640181 - -0.324825 * 0.0591186 = -0.0448149
time: 323	PE: 4	op: 0.0017029 / 0.165418 = 0.0102945
time: 324	PE: 0	op: -0.000537968 / 0.0020752 = -0.259237
time: 324	PE: 1	op: 0.00175639 / 0.0020752 = 0.846372
time: 324	PE: 2	op: 8.91246e-18 / 0.0020752 = 4.29476e-15
time: 324	PE: 3	op: 0.30042 - -3.54155e-08 * 8.91083e-08 = 0.30042
time: 324	PE: 5	op: -0.0010707 - -2.08695e-06 * 1.71347e-13 = -0.0010707
time: 325	PE: 0	op: -0.00133333 - -0.00396376 * -9.48558e-09 = -0.00133333
time: 325	PE: 1	op: -7.71145e-06 / 7.86781e-06 = -0.980126
time: 325	PE: 4	op: 0 - -1.63882e-14 * 8.91083e-08 = 1.46033e-21
time: 326	PE: 0	op: 2.22707e-10 - -0.00396376 * 8.91083e-08 = 5.75911e-10
time: 326	PE: 1	op: 0.200851 - -0.0231296 * 2.37481 = 0.25578
time: 326	PE: 2	op: 8.33936 - -0.00396376 * -0.707902 = 8.33655
time: 326	PE: 3	op: 0 - -0.00396376 * -1.41587e-12 = -5.61218e-15
time: 327	PE: 0	op: 7.66215e-18 / 0.0200967 = 3.81264e-16
time: 327	PE: 1	op: -0.0001 / 0.0200967 = -0.00497595
time: 327	PE: 2	op: 2.93016e-05 / 0.0200967 = 0.00145803
time: 327	PE: 3	op: -0.00133333 / 0.0200967 = -0.0663459
time: 327	PE: 4	op: 0.000543082 - -1.63882e-14 * -1.41587e-12 = 0.000543082
time: 327	PE: 5	op: 0 - -1.63882e-14 * -0.707902 = -1.16012e-14
time: 328	PE: 0	op: 7.0757e-05 / 0.0020752 = 0.0340965
time: 328	PE: 1	op: 0 - -1 * -127100 = -127100
time: 328	PE: 2	op: 0 - -7.71145e-06 * -127100 = -0.980126
time: 329	PE: 0	op: 3.33224e-20 - -4.38899e-07 * -0.0346208 = -1.5195e-08
time: 330	PE: 0	op: -7.08922e-05 - -4.38899e-07 * -0.918481 = -7.12953e-05
time: 330	PE: 1	op: -0.0010707 - -0.0805667 * -0.0346208 = -0.00385999
time: 331	PE: 0	op: 1.77161e-06 - -0.0805667 * 0.0102945 = 0.000831169
time: 331	PE: 1	op: 0.0478163 - -0.0542504 * -0.918481 = -0.00201164
time: 331	PE: 2	op: -1.68367e-06 - -0.0542504 * 0.0102945 = 0.0005568
time: 331	PE: 3	op: 0.00785327 - -0.0542504 * -0.0346208 = 0.00597507
time: 332	PE: 0	op: 0 - -1.94006e-07 * 4.29476e-15 = 8.33209e-22
time: 332	PE: 1	op: 0.000543037 - -1.94006e-07 * 0.846372 = 0.000543202
time: 332	PE: 2	op: 0 - 1.06056e-06 * 0.846372 = -8.97633e-07
time: 332	PE: 3	op: 0.00652879 - 1.06056e-06 * 4.29476e-15 = 0.00652879
time: 332	PE: 4	op: 0.00153229 - -0.000192455 * 0.846372 = 0.00169518
time: 332	PE: 5	op: -0.00169201 - -0.000192455 * 4.29476e-15 = -0.00169201
time: 332	PE: 6	op: 0.0573939 - -0.000192455 * -0.259237 = 0.057344
time: 332	PE: 7	op: -3.87375e-07 - -1.94006e-07 * -0.259237 = -4.37669e-07
time: 333	PE: 0	op: 1.45804e-07 - -3.53981e-06 * 0.846372 = 3.1418e-06
time: 333	PE: 1	op: -0.00309639 - -3.53981e-06 * 4.29476e-15 = -0.00309639
time: 333	PE: 2	op: -0.026552 - -3.53981e-06 * -0.259237 = -0.0265529
time: 333	PE: 3	op: -0.0177617 - 1.06056e-06 * -0.259237 = -0.0177614
time: 333	PE: 4	op: 0.25578 - -2.08695e-06 * 0.0341099 = 0.25578
time: 333	PE: 5	op: 0 - -1 * -0.980126 = -0.980126
time: 333	PE: 6	op: 0.0172492 - -7.71145e-06 * -0.980126 = 0.0172417
time: 334	PE: 0	op: -127100 / 1 = -127100
time: 335	PE: 0	op: -0.00272632 - -1.18788e-16 * -0.00497595 = -0.00272632
time: 335	PE: 1	op: -5.01438e-20 - -1.18788e-16 * 0.00145803 = 1.23054e-19
time: 335	PE: 2	op: -8.7846e-09 - -1.18788e-16 * -0.0663459 = -8.7846e-09
time: 335	PE: 3	op: 0.30042 - -1.18788e-16 * 3.81264e-16 = 0.30042
time: 335	PE: 4	op: 1.46033e-21 - -8.50403e-05 * 3.81264e-16 = 3.38832e-20
time: 335	PE: 5	op: 0.000543082 - -4.38899e-07 * 0.0102945 = 0.000543086
time: 335	PE: 6	op: -1.16012e-14 - -8.50403e-05 * -0.0663459 = -5.64208e-06
time: 336	PE: 0	op: -7.12941e-05 - -1.94006e-07 * 0.0340965 = -7.12875e-05
time: 336	PE: 1	op: 0.202316 - -3.53981e-06 * 0.0340965 = 0.202317
time: 336	PE: 2	op: 0.0116846 - 1.06056e-06 * 0.0340965 = 0.0116845
time: 336	PE: 3	op: -7.12953e-05 - -8.50403e-05 * -0.00497595 = -7.17184e-05
time: 337	PE: 0	op: -0.0448149 - -0.000192455 * 0.0340965 = -0.0448084
time: 337	PE: 1	op: -0.00272632 - -0.0001 * 3.81264e-16 = -0.00272632
time: 337	PE: 2	op: 5.75911e-10 - -0.00133333 * 3.81264e-16 = 5.75911e-10
time: 337	PE: 3	op: 0.000831169 - -0.0001 * 0.00145803 = 0.000831315
time: 337	PE: 4	op: -5.61218e-15 - -0.00133333 * 0.00145803 = 1.94404e-06
time: 338	PE: 0	op: 0.00169518 / 0.057344 = 0.0295616
time: 338	PE: 1	op: -0.00169201 / 0.057344 = -0.0295063
time: 338	PE: 2	op: 8.33655 - -0.00133333 * -0.0663459 = 8.33647
time: 338	PE: 3	op: 0 - -0.0001 * -0.0663459 = -6.63459e-06
time: 339	PE: 0	op: 0.25578 - -0.0805667 * -0.918481 = 0.181781
time: 339	PE: 1	op: 0 - -0.00133333 * -0.00497595 = -6.63459e-06
time: 339	PE: 2	op: 0.0005568 / 0.00597507 = 0.0931871
time: 339	PE: 3	op: -0.980126 / 1 = -0.980126
time: 340	PE: 0	op: -0.00201164 / 0.00597507 = -0.336672
time: 341	PE: 0	op: -0.00272632 / 0.30042 = -0.00907501
time: 341	PE: 1	op: 1.23054e-19 / 0.30042 = 4.09605e-19
time: 341	PE: 2	op: -8.7846e-09 / 0.30042 = -2.9241e-08
time: 341	PE: 3	op: 0.000543086 - -8.50403e-05 * 0.00145803 = 0.00054321
time: 342	PE: 0	op: 1 - 0.0172414 * -127100 = 2192.38
time: 342	PE: 1	op: 0 - -0.0172414 * -127100 = -2191.38
time: 343	PE: 0	op: -0.0448084 / 0.057344 = -0.781396
time: 345	PE: 0	op: 0.181781 - -0.0001 * -0.00497595 = 0.18178
time: 346	PE: 0	op: 8.33209e-22 - -4.37669e-07 * -0.0295063 = -1.2914e-08
time: 346	PE: 1	op: 0.000543202 - -4.37669e-07 * 0.0295616 = 0.000543214
time: 346	PE: 2	op: 3.1418e-06 - -0.0265529 * 0.0295616 = 0.000788087
time: 346	PE: 4	op: -0.00309639 - -0.0265529 * -0.0295063 = -0.00387987
time: 347	PE: 0	op: -8.97633e-07 - -0.0177614 * 0.0295616 = 0.000524159
time: 347	PE: 1	op: 0 - 0.0172414 * -0.980126 = 0.0168987
time: 347	PE: 2	op: 0.00054321 - -1.5195e-08 * 0.0931871 = 0.000543212
time: 347	PE: 3	op: 0.00652879 - -0.0177614 * -0.0295063 = 0.00600472
time: 348	PE: 0	op: 0.000831315 - -0.00385999 * 0.0931871 = 0.00119102
time: 348	PE: 1	op: -7.17184e-05 - -1.5195e-08 * -0.336672 = -7.17235e-05
time: 348	PE: 2	op: 0 - -0.0172414 * -0.980126 = -0.0168987
time: 348	PE: 3	op: -0.0172414 / 2192.38 = -7.86422e-06
time: 349	PE: 0	op: 8.33647 - 5.75911e-10 * -2.9241e-08 = 8.33647
time: 349	PE: 1	op: -6.63459e-06 - 5.75911e-10 * -0.00907501 = -6.63459e-06
time: 349	PE: 2	op: -5.64208e-06 - 3.38832e-20 * -2.9241e-08 = -5.64208e-06
time: 349	PE: 3	op: 1.94404e-06 - 5.75911e-10 * 4.09605e-19 = 1.94404e-06
time: 350	PE: 0	op: -6.63459e-06 - -0.00272632 * -2.9241e-08 = -6.63467e-06
time: 351	PE: 0	op: -7.12875e-05 - -4.37669e-07 * -0.781396 = -7.16295e-05
time: 351	PE: 1	op: 0.202317 - -0.0265529 * -0.781396 = 0.181568
time: 351	PE: 2	op: 0.0116845 - -0.0177614 * -0.781396 = -0.00219418
time: 352	PE: 0	op: 3.38846e-20 / 0.000543214 = 6.23779e-17
time: 352	PE: 1	op: -1.2914e-08 / 0.000543214 = -2.37733e-05
time: 352	PE: 2	op: -5.64207e-06 / 0.000543214 = -0.0103865
time: 352	PE: 3	op: 0.18178 - -0.00385999 * -0.336672 = 0.180481
time: 353	PE: 0	op: 0.0168987 / 2192.38 = 7.70793e-06
time: 353	PE: 1	op: 0.000543212 - 3.38832e-20 * 4.09605e-19 = 0.000543212
time: 354	PE: 0	op: 0.00119102 - -0.00272632 * 4.09605e-19 = 0.00119102
time: 354	PE: 1	op: -7.17235e-05 - 3.38832e-20 * -0.00907501 = -7.17235e-05
time: 356	PE: 0	op: 0 - -0.980126 * -7.86422e-06 = -7.70793e-06
time: 356	PE: 1	op: 0.0172414 - -2191.38 * -7.86422e-06 = 7.86409e-06
time: 357	PE: 0	op: -7.16295e-05 / 0.000543214 = -0.131862
time: 358	PE: 0	op: 0.180481 - -0.00272632 * -0.00907501 = 0.180456
time: 360	PE: 0	op: 0.309443 - 1.23061e-19 * 6.23779e-17 = 0.309443
time: 360	PE: 1	op: 0 - 0.000524159 * 6.23779e-17 = -3.26959e-20
time: 360	PE: 2	op: 5.75935e-10 - 1.94407e-06 * 6.23779e-17 = 5.75935e-10
time: 360	PE: 3	op: 0 - 1.23061e-19 * -2.37733e-05 = 2.92557e-24
time: 360	PE: 4	op: 0.00600472 - 0.000524159 * -2.37733e-05 = 0.00600473
time: 360	PE: 5	op: -8.78497e-09 - 1.23061e-19 * -0.0103865 = -8.78497e-09
time: 360	PE: 6	op: 0 - 1.94407e-06 * -2.37733e-05 = 4.6217e-11
time: 360	PE: 7	op: 0 - 0.000524159 * -0.0103865 = 5.44416e-06
time: 360	PE: 8	op: 8.33647 - 1.94407e-06 * -0.0103865 = 8.33647
time: 361	PE: 0	op: -0.00272632 - 0.000788087 * 6.23779e-17 = -0.00272632
time: 361	PE: 1	op: -0.00387987 - 0.000788087 * -2.37733e-05 = -0.00387985
time: 361	PE: 2	op: -6.63459e-06 - 0.000788087 * -0.0103865 = 1.55085e-06
time: 362	PE: 0	op: 0.0172417 - -0.980126 * 7.70793e-06 = 0.0172492
time: 362	PE: 1	op: -0.0168987 - -2191.38 * 7.70793e-06 = -7.70949e-06
time: 364	PE: 0	op: 0.00119102 / 0.180456 = 0.00660003
time: 364	PE: 1	op: -6.63467e-06 / 0.180456 = -3.67661e-05
time: 365	PE: 0	op: 0.181568 - 0.000788087 * -0.131862 = 0.181672
time: 365	PE: 1	op: -0.00272632 - 1.23061e-19 * -0.131862 = -0.00272632
time: 365	PE: 2	op: -0.00219418 - 0.000524159 * -0.131862 = -0.00212507
time: 366	PE: 0	op: -6.63459e-06 - 1.94407e-06 * -0.131862 = -6.37824e-06
time: 368	PE: 0	op: -0.0172414 / 0.0172492 = -0.999545
time: 368	PE: 1	op: -7.70793e-06 / 0.0172492 = -0.000446857
time: 371	PE: 0	op: -0.00272632 / 0.181672 = -0.0150068
time: 371	PE: 1	op: -0.00387985 / 0.181672 = -0.0213563
time: 371	PE: 2	op: 1.55085e-06 / 0.181672 = 8.53653e-06
time: 371	PE: 3	op: -1.88522 / 0.181672 = -10.377
time: 372	PE: 0	op: 8.33647 - -6.63459e-06 * -3.67661e-05 = 8.33647
time: 372	PE: 1	op: -5.64208e-06 - -7.17235e-05 * -3.67661e-05 = -5.64472e-06
time: 372	PE: 2	op: 0.000543212 - -7.17235e-05 * 0.00660003 = 0.000543685
time: 372	PE: 3	op: 1.94404e-06 - -6.63459e-06 * 0.00660003 = 1.98783e-06
time: 376	PE: 0	op: 0.0172414 - -0.0172414 * -0.999545 = 7.84546e-06
time: 376	PE: 1	op: 0 - -0.0172414 * -0.000446857 = -7.70442e-06
time: 376	PE: 2	op: 0 - -7.70949e-06 * -0.999545 = -7.70598e-06
time: 377	PE: 0	op: 7.86409e-06 - -7.70949e-06 * -0.000446857 = 7.86064e-06
time: 378	PE: 0	op: -5.64472e-06 / 0.000543685 = -0.0103823
time: 379	PE: 0	op: 0.309443 - -0.00272632 * -0.0150068 = 0.309402
time: 379	PE: 1	op: -3.26959e-20 - -0.00212507 * -0.0150068 = -3.18904e-05
time: 379	PE: 3	op: 2.92557e-24 - -0.00272632 * -0.0213563 = -5.82242e-05
time: 379	PE: 4	op: -8.78497e-09 - -0.00272632 * 8.53653e-06 = 1.44883e-08
time: 379	PE: 5	op: 0.00600473 - -0.00212507 * -0.0213563 = 0.00595935
time: 379	PE: 7	op: 222.329 - -0.00272632 * -10.377 = 222.301
time: 379	PE: 8	op: 5.44416e-06 - -0.00212507 * 8.53653e-06 = 5.4623e-06
time: 379	PE: 9	op: 8.33647 - -6.37824e-06 * 8.53653e-06 = 8.33647
time: 379	PE: 10	op: 0.00101083 - -0.00212507 * -10.377 = -0.0210411
time: 380	PE: 2	op: 5.75935e-10 - -6.37824e-06 * -0.0150068 = -9.5141e-08
time: 380	PE: 6	op: 4.6217e-11 - -6.37824e-06 * -0.0213563 = -1.3617e-07
time: 380	PE: 11	op: 0 - -6.37824e-06 * -10.377 = -6.61872e-05
time: 382	PE: 0	op: -7.70442e-06 / -0.0401614 = 0.000191837
time: 383	PE: 0	op: 7.86064e-06 / -0.0401614 = -0.000195726
time: 385	PE: 0	op: -5.82242e-05 / 0.309402 = -0.000188183
time: 385	PE: 1	op: 1.44883e-08 / 0.309402 = 4.68269e-08
time: 385	PE: 2	op: 222.301 / 0.309402 = 718.486
time: 385	PE: 3	op: -8e-31 / 0.309402 = -2.58564e-30
time: 386	PE: 0	op: 8.33647 - 1.98783e-06 * -0.0103823 = 8.33647
time: 392	PE: 0	op: -8.33962 / 8.33647 = -1.00038
time: 392	PE: 1	op: -3878.88 / 8.33647 = -465.29
time: 393	PE: 0	op: 0.00595935 - -3.18904e-05 * -0.000188183 = 0.00595934
time: 393	PE: 1	op: -1.3617e-07 - -9.5141e-08 * -0.000188183 = -1.36188e-07
time: 393	PE: 2	op: 0 - -8e-31 * -0.000188183 = -1.50547e-34
time: 393	PE: 3	op: 5.4623e-06 - -3.18904e-05 * 4.68269e-08 = 5.4623e-06
time: 393	PE: 4	op: 8.33647 - -9.5141e-08 * 4.68269e-08 = 8.33647
time: 393	PE: 5	op: 0 - -8e-31 * 4.68269e-08 = 3.74615e-38
time: 394	PE: 0	op: -0.0210411 - -3.18904e-05 * 718.486 = 0.00187178
time: 394	PE: 1	op: 0 - -3.18904e-05 * -2.58564e-30 = -8.2457e-35
time: 394	PE: 3	op: -6.61872e-05 - -9.5141e-08 * 718.486 = 2.17027e-06
time: 394	PE: 4	op: 0 - -9.5141e-08 * -2.58564e-30 = -2.46e-37
time: 395	PE: 0	op: 7.84546e-06 - -8e-31 * -2.58564e-30 = 7.84546e-06
time: 395	PE: 2	op: 0 - -8e-31 * 718.486 = 5.74789e-28
time: 399	PE: 0	op: 5.4623e-06 / 0.00595934 = 0.000916595
time: 400	PE: 0	op: 26.7324 - -8.33962 * -1.00038 = 18.3896
time: 400	PE: 1	op: 0.00187178 / 0.00595934 = 0.314091
time: 400	PE: 2	op: -8.2457e-35 / 0.00595934 = -1.38366e-32
time: 400	PE: 3	op: -1762.46 - -8.33962 * -465.29 = -5642.8
time: 406	PE: 0	op: -18.1934 / 18.3896 = -0.98933
time: 406	PE: 1	op: -1e-08 / 18.3896 = -5.43785e-10
time: 407	PE: 0	op: 8.33647 - -1.36188e-07 * 0.000916595 = 8.33647
time: 407	PE: 1	op: 3.74615e-38 - -1.50547e-34 * 0.000916595 = 1.75452e-37
time: 408	PE: 0	op: 7.84546e-06 - -1.50547e-34 * -1.38366e-32 = 7.84546e-06
time: 408	PE: 1	op: 5.74789e-28 - -1.50547e-34 * 0.314091 = 5.74789e-28
time: 408	PE: 2	op: 2.17027e-06 - -1.36188e-07 * 0.314091 = 2.21304e-06
time: 408	PE: 3	op: -2.46e-37 - -1.36188e-07 * -1.38366e-32 = -2.47884e-37
time: 413	PE: 0	op: -8.33962 / 8.33647 = -1.00038
time: 413	PE: 1	op: -3878.88 / 8.33647 = -465.29
time: 413	PE: 2	op: 1.75452e-37 / -0.0401614 = -4.36867e-36
time: 414	PE: 0	op: 0 - -18.1962 * -5.43785e-10 = -9.89482e-09
time: 414	PE: 1	op: 18.1987 - -18.1962 * -0.98933 = 0.196632
time: 414	PE: 2	op: 0 - -1e-08 * -0.98933 = -9.8933e-09
time: 414	PE: 3	op: 100001 - -1e-08 * -5.43785e-10 = 100001
time: 414	PE: 4	op: 7.84546e-06 / -0.0401614 = -0.000195348
time: 420	PE: 0	op: -5.90855e-11 / 0.196632 = -3.00487e-10
time: 420	PE: 1	op: -4.00676e-13 / 0.196632 = -2.03769e-12
time: 420	PE: 2	op: -9.89482e-09 / 0.196632 = -5.03214e-08
time: 421	PE: 0	op: 26.7344 - -8.33962 * -1.00038 = 18.3916
time: 421	PE: 1	op: -1762.46 - -8.33962 * -465.29 = -5642.8
time: 427	PE: 0	op: -18.1934 / 18.3916 = -0.989223
time: 427	PE: 1	op: -1e-08 / 18.3916 = -5.43726e-10
time: 428	PE: 0	op: -2.11125e-11 - -5.81108e-11 * -2.03769e-12 = -2.11125e-11
time: 428	PE: 1	op: -1.29931 - -5.81108e-11 * -5.03214e-08 = -1.29931
time: 428	PE: 2	op: 1.29772 - -5.81108e-11 * -3.00487e-10 = 1.29772
time: 428	PE: 3	op: -2.10661e-11 - -4.47093e-13 * -3.00487e-10 = -2.10661e-11
time: 428	PE: 4	op: -1.29911 - -9.8933e-09 * -3.00487e-10 = -1.29911
time: 428	PE: 5	op: -100000 - -4.47093e-13 * -5.03214e-08 = -100000
time: 428	PE: 6	op: 100000 - -4.47093e-13 * -2.03769e-12 = 100000
time: 428	PE: 7	op: -100000 - -9.8933e-09 * -2.03769e-12 = -100000
time: 428	PE: 8	op: 100001 - -9.8933e-09 * -5.03214e-08 = 100001
time: 434	PE: 0	op: -2.11125e-11 / 1.29772 = -1.62688e-11
time: 434	PE: 1	op: -1.29931 / 1.29772 = -1.00122
time: 435	PE: 0	op: -4.00676e-13 - -18.1962 * -5.43726e-10 = -9.89414e-09
time: 435	PE: 1	op: 18.1987 - -18.1962 * -0.989223 = 0.198589
time: 435	PE: 2	op: -4.47093e-13 - -1e-08 * -0.989223 = -9.89267e-09
time: 435	PE: 3	op: 1.30469 - -1e-08 * -5.43726e-10 = 1.30469
time: 441	PE: 0	op: -9.89414e-09 / 0.198589 = -4.98221e-08
time: 441	PE: 1	op: -5.90855e-11 / 0.198589 = -2.97526e-10
time: 442	PE: 0	op: -100000 - -2.10661e-11 * -1.00122 = -100000
time: 442	PE: 1	op: 100000 - -2.10661e-11 * -1.62688e-11 = 100000
time: 442	PE: 2	op: -100000 - -1.29911 * -1.62688e-11 = -100000
time: 442	PE: 3	op: 100001 - -1.29911 * -1.00122 = 100000
time: 448	PE: 0	op: -100000 / 100000 = -1
time: 449	PE: 0	op: -1.29911 - -9.89267e-09 * -2.97526e-10 = -1.29911
time: 449	PE: 1	op: 1.30469 - -9.89267e-09 * -4.98221e-08 = 1.30469
time: 449	PE: 2	op: -1.29931 - -5.81108e-11 * -4.98221e-08 = -1.29931
time: 449	PE: 3	op: 1.29772 - -5.81108e-11 * -2.97526e-10 = 1.29772
time: 455	PE: 0	op: -1.29911 / 1.30469 = -0.995726
time: 456	PE: 0	op: 100000 - -100000 * -1 = 0.0078125
time: 463	PE: 0	op: 1.29772 - -1.29931 * -0.995726 = 0.00396764
SUCCESS: simulation
SUCCESS: simulation1
SUCCESS: simulation3
SUCCESS: simulation3
SUCCESS: simulation4
